collision_index,collision_year,collision_ref_no,vehicle_reference,vehicle_type,towing_and_articulation,vehicle_manoeuvre_historic,vehicle_manoeuvre,vehicle_direction_from,vehicle_direction_to,vehicle_location_restricted_lane_historic,vehicle_location_restricted_lane,junction_location,skidding_and_overturning,hit_object_in_carriageway,vehicle_leaving_carriageway,hit_object_off_carriageway,first_point_of_impact,vehicle_left_hand_drive,journey_purpose_of_driver_historic,journey_purpose_of_driver,sex_of_driver,age_of_driver,age_band_of_driver,engine_capacity_cc,propulsion_code,age_of_vehicle,generic_make_model,driver_imd_decile,lsoa_of_driver,escooter_flag,driver_distance_banding
2023302301738,2023,302301738,1,9,0,5,5,2,8,0,0,0,0,0,0,0,1,1,6,6,3,-1,-1,1591,1,12,HYUNDAI IX20,5,E01019456,0,-1
2023991361486,2023,991361486,2,9,0,5,5,7,2,0,0,4,0,0,0,0,1,1,6,6,1,46,8,1396,2,13,HYUNDAI IX20,4,-1,0,-1
2023010480432,2023,010480432,2,9,0,99,99,9,9,99,99,9,9,99,9,99,1,9,6,6,3,-1,-1,1396,1,5,HYUNDAI IX20,-1,-1,0,-1
2023031354873,2023,031354873,2,9,0,2,2,0,0,0,0,0,0,0,0,0,2,1,5,6,2,76,11,1396,1,9,HYUNDAI IX20,10,E01019393,0,-1
2023131342238,2023,131342238,1,9,0,18,19,7,3,0,0,2,0,0,0,0,2,1,5,6,2,47,8,1396,1,9,HYUNDAI IX20,7,E01010636,0,-1
2023201330890,2023,201330890,1,9,0,4,4,7,3,0,0,1,0,0,0,0,1,1,6,6,2,65,9,1396,1,8,HYUNDAI IX20,5,E01009230,0,-1
2023010434400,2023,010434400,2,9,0,18,19,4,8,0,0,0,5,4,0,0,1,1,6,6,2,83,11,1591,1,12,HYUNDAI IX20,-1,-1,0,-1
2023141360296,2023,141360296,3,9,0,2,2,0,0,0,0,2,0,0,0,0,2,1,6,6,3,-1,-1,1396,1,8,HYUNDAI IX20,-1,-1,0,-1
2023201383835,2023,201383835,1,9,0,18,19,6,2,0,0,0,0,4,0,0,1,1,5,6,2,33,6,1591,1,8,HYUNDAI IX20,1,E01009500,0,-1
2023010455022,2023,010455022,1,9,0,9,9,1,6,0,0,1,0,0,0,0,1,1,6,6,1,80,11,1591,1,8,HYUNDAI IX20,7,E01000241,0,-1
2023201315928,2023,201315928,1,9,0,18,19,5,3,9,9,2,0,0,7,10,1,1,2,2,2,48,8,1396,1,9,HYUNDAI IX20,4,E01009231,0,-1
2023461320807,2023,461320807,2,9,0,7,7,6,8,0,0,6,0,0,0,0,3,1,2,2,1,40,7,1396,2,13,HYUNDAI IX20,7,E01024801,0,-1
2023010437230,2023,010437230,2,9,0,18,19,7,3,0,0,2,0,0,0,0,3,2,6,6,1,39,7,1591,1,11,HYUNDAI IX20,2,E01003500,0,-1
2023122300887,2023,122300887,1,9,0,10,10,5,1,0,0,0,0,0,0,0,1,1,6,6,2,82,11,1591,1,9,HYUNDAI IX20,4,E01012934,0,-1
2023351371646,2023,351371646,1,9,0,18,19,-1,-1,0,0,1,0,0,0,0,1,1,6,6,3,-1,-1,1396,1,12,HYUNDAI IX20,-1,-1,0,-1
2023161312265,2023,161312265,1,9,0,18,19,1,5,0,0,0,0,0,0,0,1,1,5,6,1,52,8,1396,1,12,HYUNDAI IX20,10,E01013261,0,-1
2023440236199,2023,440236199,1,9,0,18,19,2,6,0,0,0,0,0,0,0,1,1,6,6,1,43,7,1591,1,12,HYUNDAI IX20,3,E01015362,0,-1
2023411303624,2023,411303624,1,9,0,18,19,6,2,0,0,8,0,0,0,0,3,1,2,2,2,20,4,1591,1,12,HYUNDAI IX20,8,E01023486,0,-1
2023461351566,2023,461351566,1,9,0,18,19,3,5,0,0,8,0,0,0,0,1,1,6,6,2,71,10,1396,1,10,HYUNDAI IX20,6,E01031661,0,-1
2023010472761,2023,010472761,1,9,0,5,5,1,5,0,0,1,0,0,0,0,4,1,6,6,2,70,10,1591,1,5,HYUNDAI IX20,-1,-1,0,-1
2023131342171,2023,131342171,1,9,0,-1,-1,-1,-1,-1,-1,-1,-1,-1,-1,-1,-1,1,6,6,3,-1,-1,1591,1,4,HYUNDAI IX20,-1,-1,0,-1
2023440248617,2023,440248617,1,9,0,14,14,7,3,0,0,0,0,0,0,0,1,1,6,6,1,92,11,1591,1,12,HYUNDAI IX20,6,E01022507,0,-1
2023371259552,2023,371259552,2,9,0,7,7,5,7,0,0,0,0,0,0,0,1,1,5,6,1,25,5,1396,1,12,HYUNDAI IX20,8,E01029957,0,-1
2023991298600,2023,991298600,1,9,0,17,19,7,3,0,0,0,0,0,0,0,3,1,6,6,1,35,6,1591,1,11,HYUNDAI IX20,7,-1,0,-1
2023461394992,2023,461394992,1,9,0,5,5,8,6,0,0,1,0,0,0,0,3,1,6,6,1,79,11,1591,1,6,HYUNDAI IX20,8,E01016093,0,-1
2023351406794,2023,351406794,1,9,0,11,11,5,1,0,0,1,0,0,0,0,3,1,5,6,2,49,8,1591,1,10,HYUNDAI IX20,9,E01015646,0,-1
2023201339028,2023,201339028,1,9,0,18,19,6,2,0,0,4,0,9,3,1,1,1,1,1,1,51,8,1591,1,6,HYUNDAI IX20,2,E01009091,0,-1
2023201371197,2023,201371197,1,9,0,18,19,8,4,0,0,1,0,7,0,0,1,1,5,6,1,40,7,1582,2,7,HYUNDAI IX20,2,E01010065,0,-1
2023440394924,2023,440394924,1,9,0,18,19,3,7,0,0,0,0,0,0,0,1,1,6,6,2,81,11,1591,1,8,HYUNDAI IX20,10,E01023020,0,-1
2023320148390,2023,320148390,2,9,0,9,9,6,4,0,0,1,0,0,0,0,3,1,3,7,1,77,11,1591,1,9,HYUNDAI IX20,5,E01026018,0,-1
2023411310407,2023,411310407,1,9,0,4,4,5,1,0,0,0,0,0,0,0,2,1,6,6,1,68,10,1396,1,12,HYUNDAI IX20,4,E01026725,0,-1
2023991316795,2023,991316795,2,9,0,17,19,1,6,0,0,0,0,0,0,0,1,1,5,6,1,28,6,1396,1,7,HYUNDAI IX20,5,-1,0,-1
2023070626177,2023,070626177,1,9,0,18,19,7,3,0,0,2,0,12,0,0,1,1,6,6,1,64,9,1591,1,7,HYUNDAI IX20,10,E01018643,0,-1
2023302300061,2023,302300061,1,9,0,9,9,4,2,0,0,2,0,0,0,0,1,1,6,6,2,42,7,1396,1,11,HYUNDAI IX20,4,E01019773,0,-1
2023520300840,2023,520300840,1,9,0,9,9,1,7,0,0,8,0,0,0,0,1,1,6,6,1,87,11,1396,1,6,HYUNDAI IX20,7,E01029150,0,-1
2023052302769,2023,052302769,3,9,0,2,2,0,0,0,0,0,0,0,0,0,3,1,6,6,1,85,11,1396,1,6,HYUNDAI IX20,7,E01006539,0,-1
2023231265343,2023,231265343,3,9,0,18,19,8,4,0,0,8,0,0,0,0,1,1,6,6,1,60,9,1591,1,6,HYUNDAI IX20,5,W01000765,0,-1
2023141285697,2023,141285697,2,9,0,2,2,0,0,0,0,1,0,0,0,0,2,1,6,6,2,49,8,1396,1,10,HYUNDAI IX20,1,E01007542,0,-1
2023991262686,2023,991262686,2,9,0,18,19,4,7,0,0,0,0,0,0,0,1,1,5,6,1,90,11,1396,1,12,HYUNDAI IX20,-1,-1,0,-1
2023201383447,2023,201383447,1,9,0,1,1,6,2,0,0,0,0,0,0,0,2,1,5,6,1,60,9,1591,1,4,HYUNDAI IX20,7,E01009858,0,-1
2023302300196,2023,302300196,1,9,0,18,19,2,6,0,0,2,0,0,0,0,1,1,6,6,2,75,10,1396,1,5,HYUNDAI IX20,4,E01013500,0,-1
2023430198662,2023,430198662,1,9,0,9,9,5,3,0,0,5,0,0,0,0,3,1,2,2,1,18,4,1396,2,12,HYUNDAI IX20,-1,-1,0,-1
2023141349322,2023,141349322,4,9,0,2,2,0,0,8,6,0,0,0,0,0,1,1,6,6,3,-1,-1,1396,1,12,HYUNDAI IX20,-1,-1,0,-1
2023010432840,2023,010432840,1,9,0,99,99,9,9,99,99,9,9,99,9,99,2,9,2,2,1,47,8,1591,1,6,HYUNDAI IX20,5,E01002693,0,-1
2023131313947,2023,131313947,2,9,0,18,19,2,6,0,0,2,0,0,0,0,3,1,1,1,1,67,10,1396,1,6,HYUNDAI IX20,2,E01011034,0,-1
2023320780793,2023,320780793,1,9,0,18,19,6,2,0,0,0,0,4,0,0,1,1,6,6,2,68,10,1591,1,4,HYUNDAI IX20,5,E01026255,0,-1
2023461347463,2023,461347463,1,9,0,7,7,1,5,0,0,0,0,0,0,0,1,1,6,6,2,79,11,1591,1,4,HYUNDAI IX20,4,E01024777,0,-1
2023201380803,2023,201380803,1,9,0,7,7,5,7,0,0,3,0,0,0,0,1,1,2,2,2,27,6,1396,1,6,HYUNDAI IX20,8,E01010373,0,-1
2023031378644,2023,031378644,1,9,0,9,9,2,8,0,0,8,0,0,0,0,1,1,6,6,1,57,9,1396,1,5,HYUNDAI IX20,-1,-1,0,-1
2023320683447,2023,320683447,1,9,0,9,9,4,2,0,0,6,0,0,0,0,1,1,6,6,2,50,8,1396,1,12,HYUNDAI IX20,2,E01026175,0,-1
2023320369506,2023,320369506,2,9,0,18,19,8,4,0,0,8,2,0,7,8,3,1,6,6,1,70,10,1591,1,12,HYUNDAI IX20,-1,-1,0,-1
2023010479321,2023,010479321,2,9,9,99,99,9,9,99,99,9,9,99,9,99,9,9,6,6,3,-1,-1,1591,1,12,HYUNDAI IX20,-1,-1,0,-1
2023520401041,2023,520401041,1,9,0,18,19,2,6,0,0,0,0,0,0,0,3,1,6,6,2,91,11,1396,1,9,HYUNDAI IX20,6,E01029289,0,-1
2023501319694,2023,501319694,1,9,0,18,19,5,1,0,0,-1,0,0,0,0,1,1,6,6,2,-1,-1,1582,2,9,HYUNDAI IX20,4,E01020293,0,-1
2023411365067,2023,411365067,3,9,0,18,19,4,8,0,0,1,0,0,0,0,1,1,6,6,2,71,10,1591,1,9,HYUNDAI IX20,8,E01017561,0,-1
2023430571355,2023,430571355,2,9,0,18,19,0,0,0,0,0,0,0,0,0,-1,1,6,6,3,-1,-1,1591,1,6,HYUNDAI IX20,-1,-1,0,-1
2023010420140,2023,010420140,1,9,0,18,19,5,1,0,0,2,0,0,0,0,1,1,6,6,2,63,9,1591,1,12,HYUNDAI IX20,3,E01001109,0,-1
2023451292261,2023,451292261,1,9,0,18,19,3,7,0,0,0,0,0,0,0,1,1,6,6,1,21,5,1396,1,11,HYUNDAI IX20,10,E01030638,0,-1
2023010481314,2023,010481314,2,9,0,99,99,9,9,99,99,0,9,99,9,99,9,9,6,6,3,-1,-1,1396,1,12,HYUNDAI IX20,-1,-1,0,-1
2023161292405,2023,161292405,2,9,0,9,9,7,5,0,0,8,0,0,0,0,1,1,2,2,2,56,9,1591,1,6,HYUNDAI IX20,7,E01013007,0,-1
2023131278973,2023,131278973,2,9,0,9,9,8,6,0,0,6,0,0,0,0,3,1,5,6,1,17,4,1396,1,8,HYUNDAI IX20,1,E01007461,0,-1
2023010481647,2023,010481647,2,9,9,99,99,9,9,99,99,9,9,99,9,99,9,9,6,6,1,55,8,1591,1,12,HYUNDAI IX20,9,E01000409,0,-1
2023161309500,2023,161309500,2,9,0,3,3,1,5,0,0,0,0,0,0,0,2,1,5,6,2,48,8,1591,1,5,HYUNDAI IX20,7,E01013062,0,-1
2023401349880,2023,401349880,2,9,0,18,19,8,4,0,0,1,0,0,0,0,1,1,1,1,1,80,11,1396,2,12,HYUNDAI IX20,4,E01023620,0,-1
2023131287219,2023,131287219,1,9,0,9,9,5,3,0,0,6,0,11,0,0,1,1,5,6,1,75,10,1591,1,4,HYUNDAI IX20,8,E01011243,0,-1
2023320498242,2023,320498242,2,9,0,18,19,2,6,0,0,8,5,0,0,0,1,1,6,6,1,76,11,1582,2,5,HYUNDAI IX20,5,E01026264,0,-1
2023141275175,2023,141275175,3,9,0,18,19,5,1,0,0,0,0,0,0,0,1,1,2,2,1,36,7,1591,1,11,HYUNDAI IX20,2,E01007414,0,-1
2023340WN4732,2023,340WN4732,1,9,0,9,9,2,8,0,0,1,0,0,0,0,1,1,6,6,3,-1,-1,1396,2,13,HYUNDAI IX20,-1,-1,0,-1
2023131290539,2023,131290539,4,9,0,2,2,5,1,0,0,0,0,0,0,0,2,1,6,6,2,39,7,1591,1,9,HYUNDAI IX20,1,E01010737,0,-1
2023520400769,2023,520400769,3,9,0,18,19,8,4,0,0,0,0,0,0,0,3,1,6,6,2,81,11,1591,1,7,HYUNDAI IX20,7,E01020546,0,-1
2023122300462,2023,122300462,1,9,0,1,1,1,5,0,0,0,0,0,0,0,2,1,6,6,2,76,11,1591,1,5,HYUNDAI IX20,9,E01013388,0,-1
2023501275145,2023,501275145,2,9,0,2,2,0,0,0,0,0,0,0,0,0,4,1,3,7,2,45,7,1591,1,8,HYUNDAI IX20,5,E01019924,0,-1
2023471386232,2023,471386232,2,9,0,13,13,5,1,0,0,1,0,11,0,0,1,1,6,6,1,82,11,1591,1,6,HYUNDAI IX20,7,E01031351,0,-1
2023041364008,2023,041364008,2,9,0,4,4,1,5,0,0,1,0,0,0,0,2,1,2,2,2,50,8,1396,2,12,HYUNDAI IX20,6,E01025222,0,-1
2023041360873,2023,041360873,1,9,0,18,19,4,8,0,0,8,0,0,0,0,1,1,5,6,2,62,9,1396,1,12,HYUNDAI IX20,2,E01024902,0,-1
2023221358461,2023,221358461,2,9,0,2,2,0,0,0,0,0,0,0,0,0,1,1,6,6,1,43,7,1582,2,11,HYUNDAI IX20,6,E01032216,0,-1
2023401396325,2023,401396325,1,9,0,18,19,7,3,0,0,0,0,0,0,0,1,1,6,6,2,80,11,1396,1,8,HYUNDAI IX20,3,E01017453,0,-1
2023041323769,2023,041323769,1,9,0,18,19,1,5,0,0,8,0,0,0,0,1,1,5,6,2,76,11,1591,1,7,HYUNDAI IX20,2,E01025116,0,-1
2023061307999,2023,061307999,1,9,0,17,19,7,3,0,0,0,1,0,0,0,3,1,5,6,1,66,10,2902,2,18,-1,8,E01005416,0,-1
2023340WN1772,2023,340WN1772,1,9,0,14,14,5,1,0,0,0,0,0,0,0,3,1,6,6,1,-1,-1,2902,2,18,-1,-1,-1,0,-1
2023522324405,2023,522324405,2,9,0,9,9,5,2,0,0,8,0,0,0,0,1,1,6,6,1,80,11,2902,2,17,-1,3,E01014502,0,-1
2023141359063,2023,141359063,1,9,0,18,19,8,4,0,0,8,0,0,0,0,1,1,5,6,2,27,6,2902,2,18,-1,4,E01008142,0,-1
2023531271170,2023,531271170,2,9,0,2,2,6,2,0,0,0,0,0,0,0,4,1,6,6,3,-1,-1,2902,2,19,-1,-1,-1,0,-1
2023461307304,2023,461307304,2,3,0,18,19,7,3,0,0,2,2,0,0,0,1,1,6,6,1,42,7,-1,-1,-1,KYMCO AGILITY,1,E01024580,0,-1
2023010484006,2023,010484006,1,2,0,5,5,3,7,0,0,2,0,0,0,0,4,1,2,2,1,29,6,49,1,8,-1,4,E01004128,0,-1
2023161294313,2023,161294313,1,2,0,18,19,5,1,0,0,0,0,0,0,0,1,1,2,2,1,17,4,49,1,8,-1,1,E01012880,0,-1
2023031280636,2023,031280636,1,3,0,5,5,7,3,0,0,1,5,0,0,0,1,1,6,6,1,46,8,125,1,1,KYMCO AGILITY,-1,-1,0,-1
202360A053183,2023,60A053183,1,3,0,18,19,8,4,0,0,2,0,0,0,0,1,1,2,2,1,20,4,125,1,8,KYMCO AGILITY,-1,-1,0,-1
2023010449513,2023,010449513,1,3,0,99,99,9,9,99,99,1,9,99,9,99,1,1,6,6,1,37,7,125,1,2,KYMCO AGILITY,3,E01033464,0,-1
2023161380592,2023,161380592,2,3,0,18,19,1,5,0,0,0,0,0,0,0,1,1,2,2,1,18,4,125,1,0,KYMCO AGILITY,3,E01013192,0,-1
2023010447810,2023,010447810,1,3,0,5,5,7,3,0,0,8,0,0,0,0,1,1,6,6,1,41,7,125,1,0,KYMCO AGILITY,8,E01004195,0,-1
2023311319598,2023,311319598,2,2,0,9,9,3,7,0,0,1,0,0,0,0,1,1,5,6,2,17,4,50,1,3,-1,1,E01013818,0,-1
2023421356036,2023,421356036,1,2,0,18,19,3,7,0,0,1,0,0,0,0,1,1,6,6,1,17,4,125,1,14,-1,6,E01021401,0,-1
2023131345556,2023,131345556,2,3,0,18,19,3,7,0,0,0,0,4,0,0,1,1,2,2,1,17,4,125,1,2,KYMCO AGILITY,6,E01010945,0,-1
2023010474410,2023,010474410,1,3,0,3,3,7,3,0,0,2,0,0,0,0,3,1,6,6,1,40,7,-1,-1,-1,KYMCO AGILITY,3,E01021823,0,-1
2023131277582,2023,131277582,2,3,0,3,3,6,2,0,0,0,5,0,0,0,2,1,2,2,2,18,4,125,1,1,KYMCO AGILITY,7,E01011042,0,-1
2023010472985,2023,010472985,1,3,0,18,19,7,3,0,0,1,2,0,0,0,1,1,6,6,3,18,4,125,1,3,KYMCO AGILITY,2,E01001246,0,-1
2023010451225,2023,010451225,1,3,0,99,99,9,9,99,99,9,9,99,9,99,9,1,1,1,1,40,7,125,1,15,KYMCO AGILITY,1,E01001839,0,-1
2023411442489,2023,411442489,2,3,0,18,19,7,3,0,0,2,1,0,0,0,0,1,6,6,2,23,5,125,1,9,KYMCO AGILITY,10,E01023374,0,-1
2023010461964,2023,010461964,1,2,0,14,14,3,7,0,0,1,0,0,0,0,1,1,1,1,1,20,4,50,1,1,-1,1,E01002588,0,-1
2023131317356,2023,131317356,2,3,0,13,13,7,3,0,0,1,5,0,0,0,1,1,6,6,1,31,6,125,1,2,KYMCO AGILITY,1,E01011106,0,-1
2023161333340,2023,161333340,1,2,0,18,19,1,5,0,0,1,0,10,1,0,2,1,5,6,1,16,4,49,1,6,-1,6,E01012953,0,-1
2023501311581,2023,501311581,1,3,0,18,19,7,3,0,0,0,0,4,0,0,1,1,6,6,1,38,7,125,1,0,KYMCO AGILITY,3,E01018978,0,-1
2023311330435,2023,311330435,1,2,0,17,19,2,7,0,0,0,0,0,0,0,4,1,6,6,1,62,9,49,1,7,-1,3,E01028209,0,-1
2023520301793,2023,520301793,1,3,0,18,19,2,6,0,0,8,0,0,0,0,1,1,6,6,2,22,5,125,1,1,KYMCO AGILITY,3,E01029284,0,-1
2023411312785,2023,411312785,1,9,0,18,19,5,1,0,0,1,0,0,0,0,4,1,5,6,1,59,9,2286,1,41,-1,10,E01023512,0,-1
2023610035923,2023,610035923,2,9,4,18,19,1,5,0,0,0,0,0,0,0,1,1,6,6,3,-1,-1,2286,6,-1,-1,-1,-1,0,-1
2023010444788,2023,010444788,1,3,0,99,99,9,9,99,99,0,9,99,9,99,2,1,6,6,1,26,6,125,1,3,-1,3,E01003563,0,-1
2023440397457,2023,440397457,2,3,0,18,19,2,6,0,0,1,0,0,0,0,1,1,2,2,2,18,4,-1,-1,-1,-1,4,E01017083,0,-1
2023541915323,2023,541915323,1,4,0,4,4,6,2,0,0,1,1,0,0,0,0,1,1,1,1,21,5,125,1,4,-1,10,E01015518,0,-1
2023010425759,2023,010425759,1,9,0,18,19,2,6,0,0,0,0,0,0,0,1,1,2,2,1,58,9,2500,1,35,-1,2,E01001110,0,-1
2023010426623,2023,010426623,1,9,0,18,19,2,6,0,0,0,0,0,0,0,3,1,6,6,2,72,10,1997,1,31,-1,2,E01003950,0,-1
2023552300675,2023,552300675,2,9,0,18,19,2,6,0,0,0,0,0,0,0,1,1,6,6,1,19,4,1797,1,33,-1,7,E01020465,0,-1
2023010466844,2023,010466844,2,9,0,18,19,5,1,0,0,1,0,0,0,0,1,1,2,2,1,47,8,1991,1,9,MERCEDES C CLASS,2,E01003501,0,-1
2023201393234,2023,201393234,2,9,0,4,4,6,2,0,0,0,0,0,0,0,2,1,5,6,2,33,6,1598,2,7,MERCEDES C CLASS,7,E01009189,0,-1
2023041332495,2023,041332495,1,9,0,18,19,3,7,0,0,0,0,0,0,0,4,1,6,6,1,45,7,2148,2,15,MERCEDES C CLASS,1,E01012641,0,-1
2023231396297,2023,231396297,1,9,0,18,19,6,2,0,0,0,0,0,0,0,1,1,6,6,1,46,8,1496,8,1,MERCEDES C CLASS,9,E01025816,0,-1
2023552300322,2023,552300322,1,9,0,9,9,2,8,0,0,8,0,0,0,0,3,1,6,6,1,19,4,2143,2,10,MERCEDES C CLASS,6,E01032004,0,-1
2023320766278,2023,320766278,2,9,0,3,3,4,8,0,0,4,0,0,0,0,2,1,6,6,1,73,10,2148,2,17,MERCEDES C CLASS,9,E01026396,0,-1
2023440422453,2023,440422453,2,9,0,18,19,7,3,0,0,1,0,0,0,0,1,1,6,6,2,52,8,2143,2,8,MERCEDES C CLASS,6,E01017204,0,-1
2023430243841,2023,430243841,1,9,0,18,19,2,6,0,0,1,0,0,0,0,4,1,6,6,1,41,7,2987,2,14,MERCEDES C CLASS,8,E01030763,0,-1
2023010448395,2023,010448395,2,9,0,9,9,1,7,0,0,8,0,0,0,0,0,1,6,6,1,32,6,1991,1,6,MERCEDES C CLASS,4,E01002425,0,-1
2023010481887,2023,010481887,2,9,9,99,99,9,9,99,99,9,9,99,9,99,1,9,6,6,1,61,9,2143,2,6,MERCEDES C CLASS,2,E01001785,0,-1
2023302301162,2023,302301162,3,9,0,4,4,6,2,0,0,0,0,0,0,0,2,1,6,6,1,49,8,2143,2,5,MERCEDES C CLASS,9,E01004937,0,-1
2023421308611,2023,421308611,1,9,0,17,19,4,1,0,0,0,0,0,0,0,1,1,6,6,3,-1,-1,2148,2,15,MERCEDES C CLASS,-1,-1,0,-1
2023010432435,2023,010432435,3,9,0,18,19,4,8,0,0,1,0,0,0,0,4,1,6,6,2,45,7,2143,2,7,MERCEDES C CLASS,3,E01003976,0,-1
2023052300708,2023,052300708,1,9,0,18,19,3,7,0,0,0,0,0,0,0,4,1,6,6,1,46,8,2143,2,10,MERCEDES C CLASS,9,E01006367,0,-1
2023461395732,2023,461395732,3,9,0,3,3,5,1,0,0,0,0,0,0,0,2,1,6,6,1,59,9,2143,2,10,MERCEDES C CLASS,10,E01025773,0,-1
2023221366393,2023,221366393,2,9,0,16,19,8,4,0,0,0,0,0,0,0,1,1,6,6,1,58,9,1991,1,5,MERCEDES C CLASS,-1,-1,0,-1
2023361304420,2023,361304420,2,9,0,18,19,2,5,0,0,0,0,0,1,0,1,1,6,6,1,64,9,2143,2,12,MERCEDES C CLASS,2,E01026614,0,-1
2023201419504,2023,201419504,1,9,0,4,4,1,5,0,0,0,0,0,0,0,1,1,2,2,1,63,9,2143,2,8,MERCEDES C CLASS,9,E01029661,0,-1
2023201286001,2023,201286001,1,9,0,12,12,2,6,0,0,0,0,0,0,0,3,1,1,1,3,30,6,1950,2,3,MERCEDES C CLASS,1,E01012575,0,-1
2023070662291,2023,070662291,1,9,0,9,9,7,3,0,0,1,0,0,0,0,1,1,6,6,1,30,6,1597,1,15,MERCEDES C CLASS,6,E01001519,0,-1
2023141338286,2023,141338286,1,9,0,18,19,8,4,0,0,1,0,0,0,0,2,1,6,6,2,33,6,2143,2,12,MERCEDES C CLASS,1,E01008103,0,-1
2023131280382,2023,131280382,1,9,0,18,19,1,5,9,9,8,0,0,2,1,4,1,5,6,2,32,6,2143,2,13,MERCEDES C CLASS,8,E01010596,0,-1
2023201300708,2023,201300708,1,9,0,18,19,6,2,0,0,1,0,0,0,0,1,1,6,6,2,-1,-1,2143,2,10,MERCEDES C CLASS,-1,-1,0,-1
2023122300150,2023,122300150,1,9,0,7,7,1,3,1,1,8,0,0,0,0,3,1,6,6,2,27,6,2143,2,11,MERCEDES C CLASS,10,E01027893,0,-1
2023010472001,2023,010472001,2,9,9,99,99,9,9,99,99,9,9,99,9,99,9,9,6,6,3,-1,-1,2148,2,16,MERCEDES C CLASS,-1,-1,0,-1
2023010439605,2023,010439605,2,9,9,99,99,9,9,99,99,9,9,99,9,99,9,9,6,6,3,-1,-1,2143,2,8,MERCEDES C CLASS,-1,-1,0,-1
202354A662423,2023,54A662423,1,9,0,18,19,6,2,0,0,0,0,0,1,1,4,1,6,6,1,33,6,2143,2,12,MERCEDES C CLASS,8,E01031993,0,-1
2023131360751,2023,131360751,1,9,0,-1,-1,-1,-1,-1,-1,0,-1,-1,-1,-1,-1,1,6,6,3,-1,-1,2143,2,9,MERCEDES C CLASS,-1,-1,0,-1
2023010457440,2023,010457440,1,9,0,5,5,7,3,0,0,1,0,0,0,0,4,1,6,6,1,22,5,1991,8,6,MERCEDES C CLASS,1,E01001729,0,-1
2023010438219,2023,010438219,1,9,0,15,15,1,5,0,0,2,0,0,0,0,1,1,6,6,3,-1,-1,2143,2,5,MERCEDES C CLASS,-1,-1,0,-1
2023440153453,2023,440153453,1,9,0,18,19,3,7,0,0,1,0,0,0,0,1,1,6,6,2,34,6,1950,2,3,MERCEDES C CLASS,6,E01023118,0,-1
2023010445453,2023,010445453,1,9,0,7,7,5,8,4,4,1,0,0,0,0,4,1,6,6,2,35,6,1796,1,12,MERCEDES C CLASS,2,E01001054,0,-1
2023010434310,2023,010434310,2,9,9,2,2,0,0,99,99,9,9,99,9,99,9,9,6,6,3,-1,-1,1991,1,9,MERCEDES C CLASS,-1,-1,0,-1
2023141327372,2023,141327372,2,9,0,18,19,3,8,0,0,1,0,0,0,0,1,1,5,6,1,31,6,2148,2,21,MERCEDES C CLASS,10,E01007619,0,-1
2023302300783,2023,302300783,1,9,0,18,19,4,8,0,0,0,0,0,0,0,3,1,6,6,3,-1,-1,2143,2,12,MERCEDES C CLASS,5,E01019456,0,-1
2023010421078,2023,010421078,1,9,0,9,9,5,3,0,0,3,0,0,0,0,1,1,2,2,1,24,5,2143,2,5,MERCEDES C CLASS,5,E01000975,0,-1
2023010473015,2023,010473015,1,9,0,7,7,3,5,0,0,2,0,0,0,0,1,1,2,2,1,62,9,1991,1,8,MERCEDES C CLASS,2,E01002045,0,-1
2023010487047,2023,010487047,2,9,0,99,99,9,9,99,99,0,9,99,9,99,9,9,6,6,3,-1,-1,1991,1,6,MERCEDES C CLASS,-1,-1,0,-1
2023131274888,2023,131274888,1,9,0,-1,-1,-1,-1,-1,-1,0,-1,-1,-1,-1,3,1,6,6,3,-1,-1,2143,2,8,MERCEDES C CLASS,-1,-1,0,-1
2023332300149,2023,332300149,1,9,0,12,12,8,4,0,0,8,0,0,0,0,3,1,6,6,3,-1,-1,2148,2,18,MERCEDES C CLASS,-1,-1,0,-1
2023451384953,2023,451384953,1,9,0,18,19,3,1,0,0,4,0,0,0,0,1,1,6,6,1,28,6,2143,2,7,MERCEDES C CLASS,3,E01002557,0,-1
2023010475725,2023,010475725,1,9,0,10,10,8,5,0,0,6,0,0,0,0,1,1,1,1,1,44,7,1796,1,15,MERCEDES C CLASS,5,E01002481,0,-1
2023340WN1012,2023,340WN1012,4,9,0,10,10,8,4,0,0,8,0,0,0,0,2,1,6,6,1,44,7,2148,2,14,MERCEDES C CLASS,9,E01027307,0,-1
2023201389487,2023,201389487,2,9,0,18,19,6,2,0,0,2,0,4,0,0,4,1,6,6,1,71,10,2799,1,24,MERCEDES C CLASS,1,E01009326,0,-1
2023311285119,2023,311285119,1,9,0,4,4,6,2,0,0,1,0,0,0,0,2,1,5,6,2,32,6,2143,2,9,MERCEDES C CLASS,3,E01017857,0,-1
2023622300397,2023,622300397,1,9,0,16,19,2,5,0,0,8,1,10,2,10,3,1,6,6,1,31,6,6208,1,10,MERCEDES C CLASS,9,W01001770,0,-1
202360A052126,2023,60A052126,1,9,0,5,5,4,8,0,0,4,0,0,0,0,3,1,6,6,1,33,6,1950,2,3,MERCEDES C CLASS,-1,-1,0,-1
2023010445044,2023,010445044,2,9,0,99,99,9,9,99,99,9,9,99,9,99,1,9,6,6,2,64,9,1950,2,4,MERCEDES C CLASS,4,E01001934,0,-1