collision_index,collision_year,collision_ref_no,vehicle_reference,vehicle_type,towing_and_articulation,vehicle_manoeuvre_historic,vehicle_manoeuvre,vehicle_direction_from,vehicle_direction_to,vehicle_location_restricted_lane_historic,vehicle_location_restricted_lane,junction_location,skidding_and_overturning,hit_object_in_carriageway,vehicle_leaving_carriageway,hit_object_off_carriageway,first_point_of_impact,vehicle_left_hand_drive,journey_purpose_of_driver_historic,journey_purpose_of_driver,sex_of_driver,age_of_driver,age_band_of_driver,engine_capacity_cc,propulsion_code,age_of_vehicle,generic_make_model,driver_imd_decile,lsoa_of_driver,escooter_flag,driver_distance_banding
2023201289544,2023,201289544,1,9,0,18,19,6,2,0,0,0,0,0,0,0,1,1,6,6,1,46,8,2143,2,5,MERCEDES C CLASS,10,E01009421,0,-1
2023010451634,2023,010451634,1,9,0,11,11,5,1,0,0,1,0,11,0,0,1,1,2,2,1,31,6,1595,1,10,MERCEDES C CLASS,3,E01000644,0,-1
2023201365842,2023,201365842,1,8,0,7,7,4,6,0,0,6,0,0,0,0,1,1,6,6,1,-1,-1,1796,1,17,MERCEDES C CLASS,9,E01009433,0,-1
2023361338633,2023,361338633,1,9,0,18,19,7,3,0,0,0,0,0,0,0,2,1,6,6,2,64,9,1796,1,19,MERCEDES C CLASS,10,E01026507,0,-1
2023010457736,2023,010457736,1,9,0,2,2,0,0,0,0,0,0,0,0,0,3,1,6,6,3,-1,-1,2143,2,14,MERCEDES C CLASS,-1,-1,0,-1
2023520301667,2023,520301667,2,9,0,18,19,3,5,0,0,0,0,0,0,0,1,1,6,6,2,44,7,2143,2,8,MERCEDES C CLASS,8,E01032651,0,-1
2023010468091,2023,010468091,1,9,0,16,19,2,6,0,0,2,0,0,0,0,0,1,6,6,2,48,8,3498,1,16,MERCEDES C CLASS,7,E01004761,0,-1
2023141359876,2023,141359876,1,9,0,7,7,6,1,0,0,2,0,0,0,0,3,1,3,7,2,34,6,2143,2,10,MERCEDES C CLASS,1,E01007508,0,-1
2023010427119,2023,010427119,1,9,0,3,3,6,2,0,0,1,0,1,0,0,1,1,6,6,2,56,9,1991,1,7,MERCEDES C CLASS,9,E01004558,0,-1
2023010483257,2023,010483257,1,9,0,9,9,5,3,0,0,8,0,0,0,0,3,1,2,2,1,32,6,1497,8,4,MERCEDES C CLASS,2,E01021311,0,-1
2023010442802,2023,010442802,1,9,0,9,9,6,3,0,0,8,0,0,0,0,1,1,6,6,1,26,6,2143,2,6,MERCEDES C CLASS,9,E01023319,0,-1
2023340WN1092,2023,340WN1092,2,9,0,18,19,3,7,0,0,3,0,0,0,0,3,1,6,6,1,34,6,2143,2,7,MERCEDES C CLASS,-1,-1,0,-1
2023010440020,2023,010440020,2,9,0,9,9,2,1,0,0,1,0,0,0,0,1,1,6,6,1,54,8,1950,2,4,MERCEDES C CLASS,2,E01002561,0,-1
2023010484996,2023,010484996,2,9,0,7,7,3,6,0,0,2,0,0,0,0,1,1,6,6,1,26,6,2143,2,8,MERCEDES C CLASS,1,E01003065,0,-1
2023010433499,2023,010433499,3,9,0,2,2,0,0,0,0,1,0,0,0,0,3,1,6,6,3,-1,-1,1796,1,12,MERCEDES C CLASS,-1,-1,0,-1
2023552301108,2023,552301108,2,9,0,3,3,6,2,0,0,0,0,0,0,0,2,1,6,6,2,50,8,2143,2,13,MERCEDES C CLASS,9,E01020356,0,-1
2023071273314,2023,071273314,1,9,0,16,19,1,5,0,0,0,0,0,0,0,3,1,6,6,1,32,6,2143,2,13,MERCEDES C CLASS,4,E01018489,0,-1
2023531330048,2023,531330048,4,9,0,3,3,5,1,0,0,0,0,0,0,0,2,1,6,6,2,42,7,2143,2,5,MERCEDES C CLASS,1,E01022291,0,-1
2023131350961,2023,131350961,2,9,0,18,19,3,7,0,0,1,0,0,1,11,1,1,5,6,1,42,7,2143,2,6,MERCEDES C CLASS,10,E01010696,0,-1
2023201400882,2023,201400882,2,9,0,18,19,2,6,0,0,0,0,0,0,0,4,1,6,6,2,37,7,2143,2,12,MERCEDES C CLASS,6,E01010135,0,-1
2023010470518,2023,010470518,2,9,0,7,7,5,8,0,0,1,0,0,0,0,4,1,6,6,1,39,7,1497,8,4,MERCEDES C CLASS,2,E01001351,0,-1
2023421380041,2023,421380041,2,9,0,4,4,5,6,0,0,1,0,0,0,0,2,1,5,6,1,25,5,2143,2,6,MERCEDES C CLASS,6,E01021705,0,-1
2023302300284,2023,302300284,2,9,0,3,3,4,8,0,0,0,0,0,0,0,2,1,6,6,2,44,7,2143,2,6,MERCEDES C CLASS,8,E01019540,0,-1
2023546882423,2023,546882423,2,9,0,9,9,7,5,0,0,4,1,0,1,2,4,1,6,6,1,59,9,2143,2,9,MERCEDES C CLASS,8,E01015487,0,-1
2023010424063,2023,010424063,1,9,0,99,99,9,9,99,99,0,9,99,9,99,9,9,6,6,2,30,6,2143,2,7,MERCEDES C CLASS,3,E01001229,0,-1
2023010422836,2023,010422836,1,9,0,9,9,1,6,0,0,7,0,11,0,0,1,1,6,6,2,29,6,2143,2,7,MERCEDES C CLASS,3,E01004426,0,-1
2023010440445,2023,010440445,2,9,0,18,19,1,5,0,0,8,0,0,0,0,1,1,6,6,1,40,7,2143,2,6,MERCEDES C CLASS,4,E01000029,0,-1
2023501386921,2023,501386921,2,9,-1,3,3,0,0,-1,-1,6,-1,-1,-1,0,2,1,6,6,1,62,9,2143,2,12,MERCEDES C CLASS,2,E01015026,0,-1
2023411343964,2023,411343964,2,9,0,3,3,6,2,0,0,0,0,0,0,0,2,1,2,2,1,37,7,2143,2,7,MERCEDES C CLASS,4,E01004345,0,-1
2023332300264,2023,332300264,1,9,0,7,7,7,1,0,0,6,0,0,0,0,3,1,6,6,1,30,6,6208,1,10,MERCEDES C CLASS,5,E01025763,0,-1
2023451348723,2023,451348723,1,9,0,18,19,1,5,0,0,1,0,0,0,0,1,1,5,6,1,54,8,2143,2,6,MERCEDES C CLASS,6,E01002601,0,-1
2023991389371,2023,991389371,2,9,0,4,4,3,3,0,0,4,0,0,0,0,4,1,5,6,1,48,8,1595,1,10,MERCEDES C CLASS,9,-1,0,-1
2023622300692,2023,622300692,1,9,0,18,19,8,4,0,0,1,0,0,0,0,0,1,6,6,2,66,10,1796,1,19,MERCEDES C CLASS,10,W01001853,0,-1
2023421290546,2023,421290546,2,9,0,2,2,0,0,0,0,2,1,4,0,0,2,1,6,6,2,30,6,2143,2,5,MERCEDES C CLASS,5,E01015904,0,-1
2023201343756,2023,201343756,2,9,0,3,3,-1,-1,0,0,1,0,0,0,0,1,1,1,1,1,49,8,2143,2,8,MERCEDES C CLASS,2,E01008881,0,-1
2023122300516,2023,122300516,1,9,0,17,19,1,5,0,0,0,2,0,2,4,1,1,6,6,1,24,5,1991,1,6,MERCEDES C CLASS,6,E01013393,0,-1
2023122301078,2023,122301078,2,9,0,18,19,1,5,0,0,0,0,0,0,0,1,1,6,6,1,73,10,2143,2,5,MERCEDES C CLASS,4,E01012947,0,-1
2023070197417,2023,070197417,1,9,0,2,2,6,8,0,0,0,0,0,0,0,1,1,6,6,1,-1,-1,1497,1,5,MERCEDES C CLASS,-1,-1,0,-1
2023010429743,2023,010429743,1,9,0,18,19,5,1,9,9,8,0,10,1,7,1,1,6,6,1,68,10,2143,2,7,MERCEDES C CLASS,7,E01017800,0,-1
2023201393126,2023,201393126,1,9,0,7,7,1,3,0,0,2,0,10,7,4,1,1,6,6,1,57,9,1796,1,16,MERCEDES C CLASS,1,E01009074,0,-1
2023531378887,2023,531378887,1,9,0,5,5,5,1,0,0,4,0,0,0,0,1,1,6,6,1,28,6,2143,2,11,MERCEDES C CLASS,3,E01022294,0,-1
2023010442852,2023,010442852,1,9,0,18,19,1,5,9,9,8,0,7,3,2,1,1,6,6,2,23,5,2143,2,9,MERCEDES C CLASS,2,E01016004,0,-1
2023010446479,2023,010446479,2,9,0,99,99,9,9,99,99,0,9,99,9,99,1,9,6,6,3,-1,-1,1991,1,6,MERCEDES C CLASS,3,E01001793,0,-1
202360A194694,2023,60A194694,2,9,0,18,19,5,1,0,0,0,1,0,1,0,3,1,6,6,1,76,11,2143,2,6,MERCEDES C CLASS,-1,-1,0,-1
2023010431681,2023,010431681,2,9,0,99,99,9,9,99,99,9,9,99,9,99,1,9,6,6,3,33,6,1598,2,7,MERCEDES C CLASS,8,E01002290,0,-1
2023440201857,2023,440201857,3,9,0,18,19,3,7,0,0,1,0,0,0,0,1,1,6,6,1,42,7,2148,2,18,MERCEDES C CLASS,10,E01031531,0,-1
2023111264519,2023,111264519,2,9,0,18,19,6,2,0,0,0,0,0,0,0,1,1,6,6,2,30,6,2143,2,7,MERCEDES C CLASS,2,E01020795,0,-1
2023340NN2422,2023,340NN2422,1,9,0,9,9,3,1,0,0,8,0,0,0,0,1,1,2,2,1,-1,-1,2143,2,9,MERCEDES C CLASS,5,E01027729,0,-1
2023010419261,2023,010419261,1,8,0,18,19,5,1,99,99,9,9,99,9,99,9,1,1,1,1,49,8,1991,8,7,MERCEDES C CLASS,5,E01003638,0,-1
2023430410698,2023,430410698,2,9,0,18,19,3,7,0,0,1,0,0,0,0,1,1,6,6,1,22,5,2148,2,15,MERCEDES C CLASS,-1,-1,0,-1
2023552400098,2023,552400098,1,9,0,18,19,6,2,0,0,0,0,0,0,0,3,1,6,6,2,67,10,2143,2,6,MERCEDES C CLASS,9,E01020557,0,-1
2023440508673,2023,440508673,2,9,0,18,19,8,4,0,0,2,0,0,0,0,3,1,6,6,1,65,9,2143,2,10,MERCEDES C CLASS,1,E01017167,0,-1
2023010468087,2023,010468087,2,9,0,99,99,9,9,99,99,9,9,99,9,99,9,9,6,6,1,-1,-1,2143,2,6,MERCEDES C CLASS,2,E01003049,0,-1
2023010468800,2023,010468800,2,9,0,99,99,9,9,99,99,9,9,99,9,99,2,9,6,6,3,-1,-1,2143,2,9,MERCEDES C CLASS,-1,-1,0,-1
2023010433553,2023,010433553,1,9,0,3,3,7,3,0,0,7,0,4,0,0,1,1,6,6,1,37,7,1497,8,4,MERCEDES C CLASS,4,E01003212,0,-1
2023131392375,2023,131392375,1,9,0,18,19,3,7,0,0,0,1,11,0,0,3,1,5,6,1,53,8,2143,2,5,MERCEDES C CLASS,8,E01007527,0,-1
2023010444769,2023,010444769,4,9,0,99,99,9,9,99,99,0,9,99,9,99,0,9,6,6,3,-1,-1,1991,1,7,MERCEDES C CLASS,-1,-1,0,-1
2023131311183,2023,131311183,1,9,0,9,9,5,1,0,0,0,0,0,7,0,3,1,5,6,1,34,6,1796,1,18,MERCEDES C CLASS,5,E01018657,0,-1
2023061362437,2023,061362437,1,9,0,18,19,1,5,0,0,0,0,0,0,0,1,1,5,6,1,71,10,2148,2,15,MERCEDES C CLASS,10,E01004967,0,-1
2023201293551,2023,201293551,1,9,0,18,19,4,8,0,0,8,0,0,0,0,1,1,1,1,1,39,7,2143,2,8,MERCEDES C CLASS,9,E01010215,0,-1
2023221361867,2023,221361867,1,9,0,5,5,5,1,0,0,0,1,10,1,11,1,1,5,6,1,79,11,2996,1,16,MERCEDES C CLASS,4,E01014136,0,-1
2023010447011,2023,010447011,1,9,0,18,19,7,3,0,0,0,0,0,0,0,1,1,6,6,1,24,5,1950,2,4,MERCEDES C CLASS,3,E01023310,0,-1
2023041268036,2023,041268036,1,9,0,7,7,2,4,0,0,1,0,0,0,0,1,1,5,6,1,31,6,2143,2,12,MERCEDES C CLASS,2,E01012605,0,-1
2023131313534,2023,131313534,2,9,0,-1,-1,-1,-1,-1,-1,8,-1,-1,-1,0,-1,1,6,6,3,-1,-1,2143,2,12,MERCEDES C CLASS,-1,-1,0,-1
2023010462566,2023,010462566,2,9,0,99,99,9,9,99,99,9,9,99,9,99,1,9,6,6,1,30,6,2143,2,9,MERCEDES C CLASS,4,E01002964,0,-1
2023421376602,2023,421376602,2,9,0,18,19,2,6,0,0,1,0,0,0,0,1,1,5,6,1,45,7,2143,2,6,MERCEDES C CLASS,9,E01021526,0,-1
2023131347780,2023,131347780,1,9,0,9,9,1,5,0,0,8,1,0,0,0,2,1,5,6,1,22,5,1595,1,10,MERCEDES C CLASS,5,E01011215,0,-1
2023122300190,2023,122300190,1,9,0,7,7,7,1,0,0,5,0,10,0,0,4,1,6,6,1,80,11,2143,2,8,MERCEDES C CLASS,4,E01027581,0,-1
2023131301732,2023,131301732,1,9,0,13,13,7,3,0,0,2,0,0,0,0,1,1,5,6,1,44,7,1497,1,4,MERCEDES C CLASS,8,E01011051,0,-1
2023411278693,2023,411278693,1,9,0,9,9,5,1,0,0,6,0,0,0,0,3,1,6,6,1,35,6,2143,2,7,MERCEDES C CLASS,4,E01001995,0,-1
2023010428104,2023,010428104,2,9,0,2,2,0,0,9,9,0,0,4,0,0,2,1,6,6,3,-1,-1,2143,2,6,MERCEDES C CLASS,-1,-1,0,-1
2023421293321,2023,421293321,1,9,0,8,8,5,1,0,0,0,0,0,0,0,2,1,5,6,1,38,7,2143,2,7,MERCEDES C CLASS,-1,-1,0,-1
2023552301376,2023,552301376,2,9,0,4,4,5,1,0,0,0,0,0,0,0,2,1,6,6,1,57,9,2143,2,12,MERCEDES C CLASS,4,E01020581,0,-1
2023010468337,2023,010468337,1,9,0,99,99,9,9,99,99,0,9,99,9,99,2,9,2,2,1,33,6,1598,2,6,MERCEDES C CLASS,3,E01003539,0,-1
2023131311469,2023,131311469,1,9,0,4,4,5,1,0,0,0,0,11,0,0,1,1,5,6,1,81,11,2143,2,9,MERCEDES C CLASS,9,E01010681,0,-1
2023451353764,2023,451353764,1,9,0,16,19,4,6,0,0,2,5,0,7,4,1,1,5,6,1,20,4,2143,2,7,MERCEDES C CLASS,8,E01030538,0,-1
2023302301106,2023,302301106,1,9,0,18,19,4,8,0,0,0,0,0,0,0,1,1,6,6,3,-1,-1,2148,2,16,MERCEDES C CLASS,5,E01019456,0,-1
2023991281060,2023,991281060,3,9,0,2,2,0,0,0,0,1,0,0,0,0,3,1,6,6,3,-1,-1,2143,2,9,MERCEDES C CLASS,-1,-1,0,-1
2023010447605,2023,010447605,1,9,0,9,9,1,7,0,0,1,0,0,0,0,2,1,6,6,2,44,7,2143,2,6,MERCEDES C CLASS,6,E01004513,0,-1
2023430536168,2023,430536168,1,9,0,7,7,1,3,0,0,3,0,0,1,2,1,1,6,6,2,48,8,2143,2,7,MERCEDES C CLASS,9,E01023823,0,-1
2023010442807,2023,010442807,1,9,0,99,99,9,9,0,0,9,0,0,0,0,2,9,6,6,3,38,7,1991,8,6,MERCEDES C CLASS,2,E01003432,0,-1
2023201328164,2023,201328164,3,9,0,2,2,0,0,0,0,2,0,0,0,0,2,1,6,6,1,57,9,1595,1,11,MERCEDES C CLASS,9,E01031243,0,-1
2023461356095,2023,461356095,1,9,0,5,5,6,2,0,0,8,0,0,0,0,1,1,6,6,2,59,9,2143,2,9,MERCEDES C CLASS,7,E01024141,0,-1
2023231366333,2023,231366333,1,9,0,5,5,2,6,0,0,0,0,0,0,0,1,1,6,6,1,32,6,2143,2,12,MERCEDES C CLASS,5,E01023400,0,-1
2023440060044,2023,440060044,1,9,0,18,19,6,2,0,0,0,0,0,0,0,2,1,6,6,1,32,6,2148,2,17,MERCEDES C CLASS,6,E01023216,0,-1
2023351335890,2023,351335890,2,9,0,4,4,5,1,0,0,1,0,0,0,0,2,1,2,2,2,55,8,2143,2,6,MERCEDES C CLASS,8,E01018225,0,-1
2023061335794,2023,061335794,1,9,-1,-1,-1,-1,-1,-1,-1,-1,-1,-1,-1,0,-1,1,6,6,3,-1,-1,2143,2,6,MERCEDES C CLASS,-1,-1,0,-1
2023351375200,2023,351375200,1,9,0,18,19,3,7,0,0,0,1,99,9,0,0,1,6,6,1,23,5,1991,1,6,MERCEDES C CLASS,10,E01018234,0,-1
2023010439952,2023,010439952,2,9,0,99,99,9,9,99,99,9,9,99,9,99,1,9,6,6,3,-1,-1,2143,2,9,MERCEDES C CLASS,-1,-1,0,-1
2023010475914,2023,010475914,2,9,0,99,99,9,9,99,99,9,9,99,9,99,9,9,6,6,3,-1,-1,2143,2,7,MERCEDES C CLASS,-1,-1,0,-1
2023351311478,2023,351311478,1,9,0,16,19,1,5,0,0,0,0,0,8,6,3,1,6,6,2,65,9,1991,8,7,MERCEDES C CLASS,9,E01015747,0,-1
2023010461675,2023,010461675,2,9,0,99,99,9,9,0,0,0,9,99,9,99,1,9,6,6,3,-1,-1,2143,2,6,MERCEDES C CLASS,7,E01015574,0,-1
2023111370994,2023,111370994,1,9,0,18,19,5,1,0,0,0,1,0,0,0,1,1,6,6,2,70,10,1796,1,12,MERCEDES C CLASS,-1,-1,0,-1
2023421285646,2023,421285646,1,9,0,18,19,8,1,0,0,0,0,7,0,0,1,1,5,6,1,68,10,1991,1,7,MERCEDES C CLASS,10,E01021609,0,-1
2023471358585,2023,471358585,2,9,0,18,19,3,7,0,0,1,0,0,0,0,1,1,5,6,1,79,11,2143,2,10,MERCEDES C CLASS,5,E01023293,0,-1
2023201389654,2023,201389654,1,9,0,18,19,6,2,0,0,0,0,0,0,0,1,1,6,6,1,30,6,2148,2,15,MERCEDES C CLASS,-1,-1,0,-1
2023430533127,2023,430533127,1,9,0,18,19,1,5,0,0,1,0,0,0,0,1,1,6,6,1,55,8,2143,2,5,MERCEDES C CLASS,-1,-1,0,-1
2023631388855,2023,631388855,2,9,0,17,19,2,6,0,0,1,0,0,0,0,1,1,5,6,1,26,6,1796,1,19,MERCEDES C CLASS,7,E01000457,0,-1
2023501310678,2023,501310678,1,9,0,1,1,4,8,9,9,6,0,0,0,0,2,1,6,6,1,52,8,1991,8,6,MERCEDES C CLASS,7,E01020011,0,-1
2023430470846,2023,430470846,1,9,0,3,3,1,5,0,0,1,0,0,0,0,2,1,3,7,1,52,8,1496,8,0,MERCEDES C CLASS,8,E01017836,0,-1
2023991260815,2023,991260815,1,9,0,18,19,8,4,0,0,0,5,0,1,10,1,1,5,6,1,29,6,1950,2,4,MERCEDES C CLASS,8,-1,0,-1
2023010459573,2023,010459573,2,9,0,9,9,5,2,0,0,1,0,0,0,0,1,1,2,2,1,50,8,2143,2,12,MERCEDES C CLASS,7,E01021791,0,-1
2023991327366,2023,991327366,1,9,0,18,19,8,4,0,0,0,5,0,1,10,1,1,6,6,1,54,8,1497,1,3,MERCEDES C CLASS,6,-1,0,-1
2023320721188,2023,320721188,1,9,0,9,9,1,7,0,0,6,0,0,0,0,1,1,6,6,1,76,11,2148,2,17,MERCEDES C CLASS,1,E01026112,0,-1
2023010446169,2023,010446169,2,9,0,99,99,9,9,99,99,9,9,99,9,99,1,9,6,6,1,56,9,2496,1,17,MERCEDES C CLASS,4,E01001711,0,-1
2023320384266,2023,320384266,2,9,0,9,9,1,6,0,0,8,0,0,0,0,4,1,6,6,2,57,9,1991,8,6,MERCEDES C CLASS,-1,-1,0,-1
2023461372496,2023,461372496,2,9,0,18,19,5,1,0,0,1,0,0,0,0,4,1,2,2,1,61,9,2143,2,5,MERCEDES C CLASS,7,E01000369,0,-1
2023101333438,2023,101333438,1,9,0,7,7,4,6,0,0,6,0,0,0,0,1,1,6,6,1,-1,-1,2143,2,8,MERCEDES C CLASS,-1,-1,0,-1
2023411273814,2023,411273814,1,9,0,18,19,-1,-1,0,0,8,0,0,0,0,1,1,5,6,1,-1,-1,2143,2,8,MERCEDES C CLASS,5,E01023827,0,-1
2023201381073,2023,201381073,3,9,0,2,2,0,0,0,0,0,0,4,0,0,3,1,6,6,1,30,6,2143,2,8,MERCEDES C CLASS,1,E01033645,0,-1
2023010419304,2023,010419304,1,9,0,9,9,5,2,0,0,1,0,0,0,0,1,1,6,6,1,38,7,2143,2,9,MERCEDES C CLASS,3,E01001465,0,-1
202354B421923,2023,54B421923,3,9,0,3,3,1,5,0,0,1,0,0,0,0,2,1,6,6,1,58,9,1950,2,4,MERCEDES C CLASS,5,E01032063,0,-1
2023320065945,2023,320065945,1,9,0,18,19,2,6,9,9,0,0,0,7,10,1,1,6,6,1,84,11,1598,2,7,MERCEDES C CLASS,-1,-1,0,-1
2023010432067,2023,010432067,2,9,0,18,19,7,3,0,0,1,0,0,0,0,1,1,6,6,3,-1,-1,1991,1,9,MERCEDES C CLASS,-1,-1,0,-1
2023141375020,2023,141375020,1,9,0,18,19,1,5,0,0,8,0,0,0,0,3,1,6,6,1,77,11,2398,1,25,MERCEDES C CLASS,6,E01007586,0,-1
2023421272426,2023,421272426,1,9,0,13,13,7,3,0,0,0,0,0,0,0,1,1,6,6,1,21,5,2143,2,8,MERCEDES C CLASS,2,E01021314,0,-1
2023010451232,2023,010451232,1,9,0,3,3,5,1,0,0,0,0,0,0,0,1,1,2,2,1,53,8,2143,2,8,MERCEDES C CLASS,-1,-1,0,-1
2023991349688,2023,991349688,1,9,0,17,19,8,5,0,0,0,0,0,0,0,1,1,5,6,1,34,6,2148,2,17,MERCEDES C CLASS,7,-1,0,-1
2023201315334,2023,201315334,1,9,0,1,1,1,5,0,0,6,0,0,0,0,2,1,6,6,2,28,6,2143,2,7,MERCEDES C CLASS,4,E01009085,0,-1
2023421324725,2023,421324725,2,9,0,18,19,1,5,0,0,8,0,0,0,0,1,1,5,6,1,73,10,2987,2,15,MERCEDES C CLASS,3,E01029916,0,-1
2023010449390,2023,010449390,1,9,0,18,19,1,5,0,0,9,0,0,1,0,9,9,6,6,3,-1,-1,1496,8,1,MERCEDES C CLASS,-1,-1,0,-1
2023610016823,2023,610016823,1,9,0,18,19,7,3,0,0,0,0,0,1,11,1,1,6,6,1,21,5,2143,2,6,MERCEDES C CLASS,3,E01024567,0,-1
202360A010944,2023,60A010944,1,9,0,17,19,4,1,0,0,0,0,0,0,0,1,1,6,6,1,32,6,2143,2,10,MERCEDES C CLASS,-1,-1,0,-1
2023052301422,2023,052301422,4,9,0,4,4,5,1,0,0,1,0,0,0,0,2,1,6,6,1,30,6,2148,2,16,MERCEDES C CLASS,2,E01025481,0,-1
2023351375703,2023,351375703,1,9,0,18,19,1,5,0,0,0,0,7,0,0,1,1,5,6,2,32,6,2143,2,11,MERCEDES C CLASS,6,E01023787,0,-1
2023461281451,2023,461281451,2,9,0,18,19,3,7,0,0,0,0,0,0,0,4,1,2,2,1,33,6,2143,12,8,MERCEDES C CLASS,1,E01024148,0,-1
2023010437480,2023,010437480,2,9,0,18,19,2,6,0,0,2,0,0,0,0,2,1,6,6,1,53,8,2143,2,7,MERCEDES C CLASS,4,E01004663,0,-1
2023031286095,2023,031286095,1,9,0,18,19,1,5,0,0,0,5,0,1,0,4,1,1,1,2,26,6,1796,1,20,MERCEDES C CLASS,8,E01019242,0,-1
2023010471800,2023,010471800,2,9,0,18,19,1,5,0,0,1,0,0,0,0,1,1,6,6,1,52,8,1796,1,17,MERCEDES C CLASS,4,E01030702,0,-1
2023071249815,2023,071249815,2,9,0,18,19,1,5,0,0,1,0,0,0,0,4,1,1,1,1,57,9,1496,8,1,MERCEDES C CLASS,9,E01017744,0,-1
2023061351535,2023,061351535,1,9,-1,-1,-1,-1,-1,-1,-1,-1,-1,-1,-1,0,-1,1,6,6,1,-1,-1,2143,2,5,MERCEDES C CLASS,1,E01005232,0,-1
2023010463554,2023,010463554,1,9,0,99,99,9,9,99,99,9,9,99,9,99,2,9,6,6,1,44,7,1595,1,11,MERCEDES C CLASS,4,E01003344,0,-1
2023010485366,2023,010485366,2,9,0,99,99,9,9,99,99,9,9,99,9,99,1,9,6,6,3,-1,-1,1991,1,7,MERCEDES C CLASS,-1,-1,0,-1
2023161325110,2023,161325110,2,9,0,18,19,1,5,0,0,0,0,0,1,0,3,1,5,6,1,72,10,2143,2,13,MERCEDES C CLASS,3,E01012759,0,-1
2023010446023,2023,010446023,1,9,0,99,99,9,9,99,99,9,9,99,9,99,3,9,6,6,1,64,9,2143,2,10,MERCEDES C CLASS,9,E01000168,0,-1
2023070285708,2023,070285708,2,9,0,4,4,3,7,0,0,1,0,0,0,0,2,1,6,6,2,38,7,2143,2,6,MERCEDES C CLASS,2,E01018316,0,-1
2023201311698,2023,201311698,1,9,0,18,19,2,6,0,0,2,0,0,0,0,1,1,6,6,1,43,7,2143,2,6,MERCEDES C CLASS,6,E01023921,0,-1
2023010452220,2023,010452220,1,9,0,1,1,2,6,1,1,0,0,0,0,0,2,1,6,6,1,37,7,2143,2,9,MERCEDES C CLASS,-1,-1,0,-1
2023991345845,2023,991345845,1,9,0,18,19,6,2,9,9,0,0,0,0,0,1,1,5,6,1,23,5,2143,2,8,MERCEDES C CLASS,1,-1,0,-1
2023141315536,2023,141315536,1,9,0,4,4,2,6,0,0,0,0,0,0,0,1,1,1,1,1,38,7,2143,2,10,MERCEDES C CLASS,5,E01010818,0,-1
202354A037923,2023,54A037923,1,9,0,18,19,2,6,0,0,8,0,0,0,0,4,1,6,6,1,61,9,1595,1,8,MERCEDES C CLASS,9,E01022212,0,-1
2023101325255,2023,101325255,2,9,0,18,19,7,3,0,0,0,0,0,0,0,1,1,1,1,2,68,10,1991,1,4,MERCEDES C CLASS,8,E01008188,0,-1
2023010425339,2023,010425339,1,9,0,18,19,5,1,0,0,1,0,10,3,1,1,1,6,6,1,23,5,2143,12,7,MERCEDES C CLASS,1,E01024615,0,-1
2023111341252,2023,111341252,1,9,0,6,6,7,3,0,0,8,0,0,0,0,1,1,5,6,2,53,8,2143,2,10,MERCEDES C CLASS,6,E01020608,0,-1
2023010457980,2023,010457980,2,9,0,2,2,0,0,0,0,0,0,0,0,0,1,1,6,6,3,-1,-1,2143,2,8,MERCEDES C CLASS,-1,-1,0,-1
2023010446573,2023,010446573,2,9,0,2,2,0,0,0,0,0,0,4,0,0,3,1,6,6,3,-1,-1,2143,2,13,MERCEDES C CLASS,-1,-1,0,-1
2023332300528,2023,332300528,2,9,0,9,9,1,7,0,0,5,1,7,1,1,4,1,6,6,2,35,6,2143,2,9,MERCEDES C CLASS,8,E01033535,0,-1
2023411334328,2023,411334328,1,9,0,18,19,1,5,0,0,1,0,0,0,0,1,1,6,6,1,26,6,2143,2,9,MERCEDES C CLASS,-1,-1,0,-1
2023440051898,2023,440051898,1,9,0,7,7,4,6,0,0,6,0,0,0,0,4,1,6,6,1,-1,-1,2143,2,7,MERCEDES C CLASS,-1,-1,0,-1
2023141261785,2023,141261785,1,9,0,18,19,5,1,0,0,0,0,0,0,0,2,1,2,2,1,51,8,1796,1,16,MERCEDES C CLASS,1,E01007919,0,-1
2023332300392,2023,332300392,2,9,0,5,5,5,3,0,0,6,0,0,0,0,1,1,2,2,1,65,9,2143,2,11,MERCEDES C CLASS,7,E01025888,0,-1
2023411290010,2023,411290010,1,9,0,18,19,-1,-1,0,0,0,0,0,0,0,1,1,6,6,3,-1,-1,2143,2,8,MERCEDES C CLASS,-1,-1,0,-1
2023430134556,2023,430134556,1,9,0,18,19,1,5,0,0,8,0,0,0,0,4,1,6,6,1,26,6,1991,8,6,MERCEDES C CLASS,5,E01016487,0,-1
2023141288039,2023,141288039,2,9,0,18,19,1,4,0,0,2,0,0,0,0,1,1,6,6,2,43,7,6208,1,11,MERCEDES C CLASS,8,E01008048,0,-1
2023070784684,2023,070784684,1,9,0,9,9,5,3,0,0,8,0,0,0,0,1,1,2,2,1,50,8,1497,8,1,MERCEDES C CLASS,7,E01018361,0,-1