collision_index,collision_year,collision_ref_no,vehicle_reference,vehicle_type,towing_and_articulation,vehicle_manoeuvre_historic,vehicle_manoeuvre,vehicle_direction_from,vehicle_direction_to,vehicle_location_restricted_lane_historic,vehicle_location_restricted_lane,junction_location,skidding_and_overturning,hit_object_in_carriageway,vehicle_leaving_carriageway,hit_object_off_carriageway,first_point_of_impact,vehicle_left_hand_drive,journey_purpose_of_driver_historic,journey_purpose_of_driver,sex_of_driver,age_of_driver,age_band_of_driver,engine_capacity_cc,propulsion_code,age_of_vehicle,generic_make_model,driver_imd_decile,lsoa_of_driver,escooter_flag,driver_distance_banding
2023052302197,2023,052302197,1,9,0,9,9,3,5,0,0,8,0,0,0,0,4,1,1,1,1,29,6,1991,1,8,MERCEDES C CLASS,-1,-1,0,-1
2023052302717,2023,052302717,1,9,0,6,6,5,5,0,0,0,0,0,0,0,3,1,6,6,2,43,7,2149,2,16,MERCEDES C CLASS,1,E01007087,0,-1
2023622300468,2023,622300468,1,9,0,9,9,4,2,0,0,8,0,0,0,0,1,1,6,6,1,42,7,1597,2,4,MERCEDES C CLASS,2,W01000942,0,-1
2023201335562,2023,201335562,1,9,0,9,9,8,6,0,0,6,0,0,0,0,1,1,5,6,1,66,10,2143,2,5,MERCEDES C CLASS,7,E01010546,0,-1
2023010466849,2023,010466849,2,9,0,18,19,7,3,0,0,0,0,0,0,0,1,1,6,6,1,39,7,1950,2,4,MERCEDES C CLASS,2,E01002566,0,-1
2023451345920,2023,451345920,1,9,0,16,19,8,4,0,0,0,0,7,0,0,1,1,5,6,1,25,5,1950,2,4,MERCEDES C CLASS,2,E01000152,0,-1
2023440064363,2023,440064363,1,9,0,7,7,3,7,0,0,5,0,0,0,0,4,1,2,2,2,40,7,2143,2,8,MERCEDES C CLASS,10,E01022684,0,-1
2023041290530,2023,041290530,1,9,0,18,19,3,7,0,0,0,1,0,2,7,1,1,2,2,1,30,6,2143,2,7,MERCEDES C CLASS,1,E01025186,0,-1
2023201298191,2023,201298191,3,9,0,18,19,2,6,0,0,0,0,0,0,0,3,1,6,6,1,45,7,1991,8,7,MERCEDES C CLASS,1,E01008928,0,-1
2023201409654,2023,201409654,4,9,0,3,3,7,3,0,0,1,0,0,0,0,2,1,6,6,2,54,8,1991,1,6,MERCEDES C CLASS,9,E01010116,0,-1
2023031274049,2023,031274049,1,9,0,7,7,7,5,0,0,0,1,0,1,0,4,1,2,2,1,20,4,1497,8,3,MERCEDES C CLASS,2,E01019172,0,-1
2023010457219,2023,010457219,1,9,0,9,9,5,3,0,0,5,0,0,0,0,1,1,2,2,1,43,7,1950,2,4,MERCEDES C CLASS,2,E01003689,0,-1
2023010463146,2023,010463146,2,9,0,99,99,9,9,99,99,9,9,99,9,99,9,9,6,6,3,51,8,2148,2,20,MERCEDES C CLASS,4,E01002063,0,-1
2023401359231,2023,401359231,1,9,0,5,5,1,5,0,0,2,0,0,0,0,1,1,6,6,2,42,7,2143,2,7,MERCEDES C CLASS,3,E01015715,0,-1
2023010474446,2023,010474446,2,9,9,99,99,9,9,99,99,9,9,99,0,0,1,9,6,6,3,-1,-1,2143,2,7,MERCEDES C CLASS,-1,-1,0,-1
2023461271723,2023,461271723,3,9,0,18,19,4,8,0,0,0,0,0,0,0,1,1,6,6,1,55,8,2143,2,8,MERCEDES C CLASS,10,E01016091,0,-1
2023430135621,2023,430135621,2,9,0,9,9,6,4,0,0,8,0,0,0,0,4,1,2,2,1,59,9,2398,1,25,MERCEDES C CLASS,10,E01017639,0,-1
2023320087440,2023,320087440,1,9,0,9,9,5,3,0,0,6,0,0,0,0,3,1,6,6,1,18,4,2143,2,11,MERCEDES C CLASS,5,E01026255,0,-1
2023531316734,2023,531316734,1,9,0,18,19,1,5,0,0,0,0,0,8,9,1,1,6,6,1,79,11,2987,2,16,MERCEDES C CLASS,6,E01022249,0,-1
2023010428979,2023,010428979,1,9,0,18,19,1,5,0,0,6,0,0,0,0,1,1,2,2,2,32,6,1497,8,3,MERCEDES C CLASS,3,E01000092,0,-1
2023010422988,2023,010422988,2,9,0,99,99,9,9,99,99,9,9,99,9,99,1,9,6,6,3,-1,-1,1595,1,11,MERCEDES C CLASS,-1,-1,0,-1
2023421283236,2023,421283236,2,9,0,18,19,5,1,0,0,1,0,0,0,0,1,1,5,6,1,28,6,1796,1,15,MERCEDES C CLASS,10,E01021469,0,-1
2023010466249,2023,010466249,1,9,0,99,99,9,9,99,99,9,9,99,9,99,1,9,6,6,2,42,7,1991,8,7,MERCEDES C CLASS,7,E01003476,0,-1
2023430349564,2023,430349564,1,9,0,9,9,3,1,0,0,5,0,0,0,0,4,1,6,6,1,66,10,1796,1,19,MERCEDES C CLASS,6,E01032959,0,-1
2023010454078,2023,010454078,1,9,0,18,19,6,2,9,9,0,0,10,7,11,3,1,6,6,1,31,6,1991,1,8,MERCEDES C CLASS,1,E01003963,0,-1
2023544982823,2023,544982823,2,9,0,13,13,1,5,0,0,0,0,0,0,0,1,1,6,6,1,32,6,2143,2,10,MERCEDES C CLASS,8,E01029024,0,-1
2023010460949,2023,010460949,1,9,0,18,19,2,6,0,0,0,0,0,0,0,1,1,6,6,1,28,6,1950,2,4,MERCEDES C CLASS,2,E01001055,0,-1
2023010447792,2023,010447792,1,9,0,99,99,9,9,99,99,9,9,99,9,99,0,9,2,2,1,29,6,2143,2,7,MERCEDES C CLASS,1,E01000605,0,-1
2023010459246,2023,010459246,1,9,0,4,4,3,7,0,0,1,0,0,0,0,4,1,6,6,1,28,6,1595,1,9,MERCEDES C CLASS,2,E01004068,0,-1
2023340WN0432,2023,340WN0432,2,9,0,3,3,7,3,0,0,1,0,0,0,0,2,1,6,6,1,56,9,2143,2,7,MERCEDES C CLASS,6,E01027029,0,-1
2023131324006,2023,131324006,1,9,0,18,19,6,2,0,0,1,0,0,0,0,1,1,6,6,3,-1,-1,2143,2,8,MERCEDES C CLASS,-1,-1,0,-1
2023430439485,2023,430439485,1,9,0,18,19,4,8,0,0,8,0,10,7,4,1,1,6,6,1,23,5,1991,8,6,MERCEDES C CLASS,5,E01015740,0,-1
2023061289630,2023,061289630,3,9,0,5,5,8,4,0,0,0,0,0,0,0,3,1,1,1,2,58,9,1991,1,5,MERCEDES C CLASS,2,E01006845,0,-1
2023531368056,2023,531368056,1,9,0,18,19,1,5,0,0,0,-1,0,0,0,1,1,6,6,1,-1,-1,2148,2,15,MERCEDES C CLASS,-1,-1,0,-1
2023451294421,2023,451294421,1,9,0,3,3,1,5,0,0,0,0,0,0,0,2,1,5,6,2,35,6,2143,2,10,MERCEDES C CLASS,10,E01030790,0,-1
2023010472372,2023,010472372,1,9,0,18,19,5,1,0,0,1,0,0,0,0,1,1,6,6,1,52,8,2148,2,16,MERCEDES C CLASS,7,E01022444,0,-1
2023041327374,2023,041327374,2,9,0,18,19,3,7,0,0,8,0,0,0,0,1,1,5,6,1,35,6,2148,2,15,MERCEDES C CLASS,3,E01025264,0,-1
2023041327993,2023,041327993,2,9,0,9,9,5,3,0,0,2,0,0,0,0,4,1,6,6,1,42,7,2143,2,11,MERCEDES C CLASS,6,E01025122,0,-1
2023010438599,2023,010438599,1,9,0,18,19,1,5,0,0,0,0,0,0,0,1,1,6,6,1,31,6,2143,2,7,MERCEDES C CLASS,3,E01003524,0,-1
2023141351337,2023,141351337,1,9,0,18,19,5,3,0,0,8,0,0,0,0,4,1,1,1,2,54,8,2143,2,7,MERCEDES C CLASS,2,E01007881,0,-1
2023421271112,2023,421271112,2,9,0,18,19,5,5,0,0,0,0,0,0,0,1,1,2,2,1,51,8,1497,8,3,MERCEDES C CLASS,6,E01021373,0,-1
2023010463929,2023,010463929,1,9,0,5,5,5,1,0,0,1,0,0,1,10,2,1,6,6,1,65,9,1796,1,19,MERCEDES C CLASS,1,E01002870,0,-1
2023401288495,2023,401288495,2,9,0,4,4,5,1,0,0,0,0,0,0,0,1,1,5,6,1,78,11,3199,1,19,MERCEDES C CLASS,7,E01015695,0,-1
2023131314346,2023,131314346,1,9,0,18,19,3,8,0,0,1,0,0,0,0,1,1,5,6,1,23,5,2143,2,6,MERCEDES C CLASS,6,E01011505,0,-1
2023131328196,2023,131328196,4,9,0,18,19,5,1,0,0,0,0,0,0,0,2,1,6,6,1,60,9,2143,2,10,MERCEDES C CLASS,8,E01007418,0,-1
2023010465210,2023,010465210,1,9,0,99,99,9,9,0,0,1,0,0,0,0,2,1,6,6,1,34,6,2143,2,7,MERCEDES C CLASS,4,E01003561,0,-1
2023010435277,2023,010435277,2,9,0,9,9,5,4,0,0,1,0,0,0,0,0,1,6,6,1,51,8,1991,1,8,MERCEDES C CLASS,3,E01003221,0,-1
2023010465481,2023,010465481,1,9,0,18,19,1,5,0,0,1,0,0,0,0,1,1,3,7,1,31,6,2143,2,11,MERCEDES C CLASS,-1,-1,0,-1
2023131297384,2023,131297384,1,9,0,18,19,3,7,0,0,2,0,0,0,0,1,1,6,6,3,-1,-1,2148,2,15,MERCEDES C CLASS,-1,-1,0,-1
2023991294633,2023,991294633,1,9,0,16,19,1,4,0,0,0,0,0,0,0,1,1,6,6,1,28,6,2143,2,10,MERCEDES C CLASS,10,-1,0,-1
2023010420636,2023,010420636,1,9,0,9,9,5,3,0,0,8,0,0,0,0,4,1,2,2,1,35,6,1991,8,7,MERCEDES C CLASS,1,E01004721,0,-1
2023401374934,2023,401374934,1,9,0,18,19,2,5,0,0,0,0,0,0,0,1,1,6,6,1,35,6,2143,2,11,MERCEDES C CLASS,3,E01015527,0,-1
2023141279180,2023,141279180,2,9,0,5,5,3,3,4,4,0,0,0,0,0,3,1,6,6,1,-1,-1,2143,2,9,MERCEDES C CLASS,-1,-1,0,-1
2023552300245,2023,552300245,2,9,0,4,4,6,2,0,0,1,0,0,0,0,2,1,6,6,1,32,6,2143,2,11,MERCEDES C CLASS,6,E01020529,0,-1
2023010432387,2023,010432387,2,9,0,99,99,9,9,99,99,9,9,99,9,99,1,9,6,6,3,-1,-1,1796,1,11,MERCEDES C CLASS,-1,-1,0,-1
2023010432321,2023,010432321,2,9,0,18,19,5,1,0,0,0,0,0,0,0,1,1,6,6,3,22,5,2143,2,12,MERCEDES C CLASS,-1,-1,0,-1
2023471298125,2023,471298125,1,9,0,9,9,3,1,0,0,8,0,0,0,0,1,1,5,6,1,39,7,2143,2,11,MERCEDES C CLASS,6,E01024833,0,-1
2023440250631,2023,440250631,2,9,0,18,19,3,7,0,0,1,0,0,0,0,1,1,6,6,2,32,6,2987,2,12,MERCEDES C CLASS,2,E01017108,0,-1
2023501310188,2023,501310188,3,9,0,4,4,3,7,0,0,0,0,0,0,0,2,1,6,6,1,58,9,2143,2,6,MERCEDES C CLASS,10,E01014912,0,-1
2023991382990,2023,991382990,1,9,0,18,19,2,5,0,0,8,0,0,6,0,1,1,6,6,1,76,11,2148,2,19,MERCEDES C CLASS,-1,-1,0,-1
2023010437916,2023,010437916,1,9,0,99,99,9,9,99,99,0,9,99,9,99,2,9,6,6,2,34,6,2143,2,9,MERCEDES C CLASS,2,E01001557,0,-1
2023231397727,2023,231397727,1,9,0,9,9,1,7,0,0,6,0,0,0,0,4,1,6,6,1,77,11,2143,2,6,MERCEDES C CLASS,6,E01031187,0,-1
2023430493338,2023,430493338,1,9,0,11,11,8,4,0,0,0,1,0,6,6,1,1,1,1,1,49,8,2143,2,7,MERCEDES C CLASS,2,E01016443,0,-1
2023522300745,2023,522300745,1,9,0,18,19,5,1,0,0,0,0,0,0,0,1,9,6,6,3,-1,-1,2143,2,7,MERCEDES C CLASS,-1,-1,0,-1
2023010458124,2023,010458124,2,9,0,99,99,9,9,99,99,9,9,99,9,99,9,9,6,6,3,-1,-1,1991,1,9,MERCEDES C CLASS,-1,-1,0,-1
2023161274032,2023,161274032,1,9,0,18,19,4,8,0,0,1,0,0,0,0,1,1,5,6,1,76,11,2300,1,21,MERCEDES C CLASS,1,E01013144,0,-1
2023461353397,2023,461353397,2,9,0,2,2,0,0,0,0,0,0,4,0,0,2,1,6,6,3,-1,-1,2143,2,7,MERCEDES C CLASS,-1,-1,0,-1
2023552301450,2023,552301450,1,9,0,18,19,2,6,0,0,8,0,0,0,0,1,1,6,6,1,33,6,6208,1,13,MERCEDES C CLASS,6,E01015349,0,-1
2023141324524,2023,141324524,3,9,0,2,2,0,0,0,0,8,0,0,0,0,0,1,6,6,3,-1,-1,1597,1,14,MERCEDES C CLASS,-1,-1,0,-1
2023010424319,2023,010424319,2,9,0,99,99,9,9,99,99,9,9,99,9,99,9,9,6,6,1,66,10,1991,1,9,MERCEDES C CLASS,8,E01002946,0,-1
2023041373000,2023,041373000,1,9,0,18,19,7,3,0,0,0,0,0,7,11,1,1,5,6,2,22,5,2143,2,9,MERCEDES C CLASS,3,E01006273,0,-1
2023440011014,2023,440011014,1,9,0,16,19,4,8,0,0,0,0,0,0,0,3,1,6,6,1,41,7,2143,2,10,MERCEDES C CLASS,9,E01022522,0,-1
2023401338272,2023,401338272,2,9,0,18,19,7,3,0,0,1,0,0,0,0,1,1,5,6,1,46,8,2143,2,7,MERCEDES C CLASS,9,E01017454,0,-1
2023320190810,2023,320190810,1,9,0,16,19,2,5,0,0,0,0,0,7,9,3,1,6,6,1,88,11,2143,2,10,MERCEDES C CLASS,7,E01026392,0,-1
2023170M11373,2023,170M11373,1,9,0,18,19,2,7,0,0,8,0,0,0,0,2,1,6,6,2,58,9,2143,2,11,MERCEDES C CLASS,7,E01012047,0,-1
2023010451874,2023,010451874,1,9,0,5,5,1,5,0,0,6,0,0,0,0,1,1,6,6,2,43,7,2143,2,7,MERCEDES C CLASS,9,E01003864,0,-1
2023010420137,2023,010420137,2,9,0,99,99,9,9,99,99,9,9,99,9,99,2,9,6,6,3,33,6,2143,2,6,MERCEDES C CLASS,6,E01001870,0,-1
2023471317202,2023,471317202,2,9,0,17,19,6,2,0,0,0,0,0,0,0,1,2,6,6,1,58,9,1497,8,4,MERCEDES C CLASS,6,E01031516,0,-1
2023010470499,2023,010470499,2,9,0,99,99,9,9,99,99,9,9,99,9,99,1,9,6,6,3,-1,-1,2143,2,6,MERCEDES C CLASS,-1,-1,0,-1
2023010427765,2023,010427765,1,9,0,99,99,9,9,99,99,9,9,99,9,99,9,9,2,2,1,60,9,1796,1,15,MERCEDES C CLASS,1,E01002038,0,-1
2023430278418,2023,430278418,1,9,0,18,19,4,8,0,0,1,0,0,0,0,1,1,6,6,1,-1,-1,1796,1,16,MERCEDES C CLASS,-1,-1,0,-1
2023010454155,2023,010454155,1,9,0,99,99,9,9,0,0,0,9,99,9,99,2,9,1,1,1,40,7,1598,2,6,MERCEDES C CLASS,4,E01031549,0,-1
2023131365376,2023,131365376,1,9,0,18,19,1,5,0,0,8,0,0,0,0,3,1,5,6,1,60,9,6208,1,10,MERCEDES C CLASS,1,E01011729,0,-1
2023991393212,2023,991393212,1,9,0,9,9,2,8,0,0,5,0,0,0,0,2,1,6,6,1,49,8,1991,1,9,MERCEDES C CLASS,9,-1,0,-1
2023361262288,2023,361262288,1,9,0,9,9,2,7,0,0,8,0,0,0,0,1,1,1,1,2,43,7,2148,2,18,MERCEDES C CLASS,4,E01026841,0,-1
2023501388455,2023,501388455,2,9,0,17,19,7,3,0,0,0,1,0,0,0,3,1,5,6,1,61,9,2148,2,15,MERCEDES C CLASS,3,E01020286,0,-1
2023221367899,2023,221367899,1,9,0,18,19,4,8,0,0,1,2,10,1,3,1,1,5,6,1,77,11,2143,2,11,MERCEDES C CLASS,9,W01000441,0,-1
2023010439557,2023,010439557,2,9,9,99,99,9,9,99,99,0,9,99,9,99,9,9,6,6,1,54,8,1595,1,10,MERCEDES C CLASS,5,E01002347,0,-1
2023052302004,2023,052302004,2,9,0,18,19,3,7,0,0,1,0,0,0,0,1,1,6,6,1,28,6,2987,2,10,MERCEDES C CLASS,5,E01006934,0,-1
2023010460775,2023,010460775,2,9,0,99,99,9,9,99,99,9,9,99,9,99,9,9,6,6,2,39,7,1497,1,4,MERCEDES C CLASS,2,E01004036,0,-1
2023440361934,2023,440361934,1,9,0,18,19,6,2,0,0,0,0,4,1,11,1,1,6,6,1,68,10,2143,2,10,MERCEDES C CLASS,5,E01033229,0,-1
2023010470688,2023,010470688,2,9,0,18,19,3,7,0,0,8,0,0,0,0,3,1,6,6,1,33,6,2143,2,8,MERCEDES C CLASS,5,E01004681,0,-1
2023161298731,2023,161298731,2,9,0,4,4,1,5,0,0,1,0,0,0,0,2,1,5,6,1,37,7,2148,2,14,MERCEDES C CLASS,2,E01016068,0,-1
2023201277783,2023,201277783,2,9,0,18,19,4,8,0,0,8,0,4,0,0,3,1,6,6,2,42,7,2143,2,11,MERCEDES C CLASS,1,E01009363,0,-1
2023010454935,2023,010454935,2,9,0,18,19,1,5,0,0,0,0,0,0,0,3,1,6,6,1,39,7,2143,2,8,MERCEDES C CLASS,4,E01024258,0,-1
2023430371235,2023,430371235,1,9,0,18,19,4,8,0,0,1,0,0,0,0,0,1,2,2,3,28,6,2143,2,6,MERCEDES C CLASS,9,E01016679,0,-1
2023440215745,2023,440215745,1,9,0,18,19,5,1,0,0,2,1,0,1,4,1,1,6,6,1,21,5,1799,1,26,MERCEDES C CLASS,9,E01023170,0,-1
2023010433350,2023,010433350,1,9,0,99,99,9,9,99,99,9,9,99,9,99,9,9,6,6,1,31,6,1796,1,18,MERCEDES C CLASS,3,E01000092,0,-1
2023401271943,2023,401271943,2,9,0,9,9,1,6,0,0,6,0,0,0,0,1,1,6,6,1,27,6,1796,1,20,MERCEDES C CLASS,10,E01017456,0,-1
2023010430802,2023,010430802,1,9,0,99,99,9,9,99,99,9,9,99,9,99,2,9,2,2,2,34,6,2143,12,8,MERCEDES C CLASS,3,E01000109,0,-1
2023070451137,2023,070451137,1,9,0,13,13,2,6,0,0,0,0,0,1,0,1,1,6,6,1,44,7,2987,2,13,MERCEDES C CLASS,3,E01018552,0,-1
2023010462113,2023,010462113,1,9,0,99,99,9,9,99,99,0,9,99,9,99,9,9,6,6,2,34,6,1497,8,4,MERCEDES C CLASS,4,E01003919,0,-1
2023201296382,2023,201296382,2,9,0,18,19,8,4,0,0,1,0,0,0,0,1,1,6,6,1,-1,-1,2143,2,6,MERCEDES C CLASS,7,E01027202,0,-1
2023041319526,2023,041319526,1,9,0,13,13,5,3,0,0,1,0,0,0,0,1,1,6,6,3,22,5,2143,2,6,MERCEDES C CLASS,2,E01025275,0,-1
2023440503185,2023,440503185,1,9,0,18,19,2,6,0,0,0,0,0,0,0,2,1,6,6,1,28,6,2143,2,9,MERCEDES C CLASS,-1,-1,0,-1
2023010426889,2023,010426889,2,9,0,99,99,9,9,99,99,9,9,99,9,99,1,9,6,6,3,-1,-1,1796,1,13,MERCEDES C CLASS,-1,-1,0,-1
2023010483339,2023,010483339,2,9,9,99,99,9,9,99,99,9,9,99,9,99,9,1,6,6,2,48,8,1796,1,17,MERCEDES C CLASS,6,E01003698,0,-1
2023010486433,2023,010486433,2,9,0,17,19,3,7,0,0,8,0,0,0,0,0,1,6,6,1,27,6,1497,8,2,MERCEDES C CLASS,2,E01000990,0,-1
2023010477263,2023,010477263,2,9,0,18,19,8,4,9,9,0,0,11,1,11,1,1,6,6,1,20,4,2143,2,11,MERCEDES C CLASS,2,E01004696,0,-1
2023332300140,2023,332300140,2,9,0,13,13,6,2,0,0,0,0,0,0,0,1,1,6,6,1,31,6,2143,2,14,MERCEDES C CLASS,3,E01013779,0,-1
2023131356084,2023,131356084,1,9,0,3,3,1,5,0,0,1,0,0,0,0,3,1,3,7,2,34,6,2143,2,6,MERCEDES C CLASS,7,E01011591,0,-1
2023010423144,2023,010423144,1,9,0,99,99,9,9,99,99,0,9,99,9,99,2,9,6,6,1,41,7,1796,1,14,MERCEDES C CLASS,2,E01000015,0,-1
2023501354533,2023,501354533,1,9,0,18,19,3,7,0,0,0,0,0,0,0,4,1,5,6,2,86,11,2143,2,8,MERCEDES C CLASS,10,E01015404,0,-1
2023010433110,2023,010433110,2,9,0,17,19,5,1,0,0,2,0,0,0,0,1,1,6,6,1,51,8,1998,1,21,MERCEDES C CLASS,4,E01000611,0,-1
2023201305154,2023,201305154,1,9,0,16,19,5,8,0,0,1,0,0,0,0,1,1,6,6,2,51,8,2148,2,18,MERCEDES C CLASS,2,E01010300,0,-1
2023010483329,2023,010483329,1,8,9,99,99,9,9,99,99,9,9,99,9,99,9,9,1,1,1,29,6,1950,2,5,MERCEDES C CLASS,2,E01001842,0,-1
2023531350273,2023,531350273,2,9,0,2,2,0,0,0,0,0,0,0,0,0,1,1,6,6,3,-1,-1,2148,2,18,MERCEDES C CLASS,-1,-1,0,-1
2023201333400,2023,201333400,1,9,0,18,19,4,8,0,0,0,0,0,0,0,1,1,6,6,1,25,5,2143,2,12,MERCEDES C CLASS,2,E01010047,0,-1
2023010432784,2023,010432784,1,9,0,99,99,9,9,99,99,9,9,99,9,99,2,9,6,6,1,25,5,1595,1,10,MERCEDES C CLASS,10,E01016410,0,-1
2023010474156,2023,010474156,2,9,0,99,99,9,9,99,99,9,9,99,9,99,1,9,6,6,3,-1,-1,1796,1,18,MERCEDES C CLASS,-1,-1,0,-1
2023430530515,2023,430530515,2,9,0,1,1,4,8,0,0,0,0,0,0,0,2,1,6,6,1,60,9,1796,1,17,MERCEDES C CLASS,-1,-1,0,-1
2023520400789,2023,520400789,2,9,0,18,19,8,4,0,0,0,0,0,0,0,2,1,6,6,1,40,7,2143,2,10,MERCEDES C CLASS,2,E01029239,0,-1
2023440160324,2023,440160324,1,9,0,18,19,1,5,0,0,0,0,0,1,4,1,1,6,6,1,64,9,2143,2,10,MERCEDES C CLASS,2,E01017108,0,-1
2023010480967,2023,010480967,1,9,0,7,7,5,8,0,0,1,0,0,0,0,4,1,1,1,1,49,8,6208,1,11,MERCEDES C CLASS,2,E01002033,0,-1
2023052302527,2023,052302527,2,9,0,18,19,4,8,0,0,8,0,0,0,0,1,1,6,6,1,20,4,1796,1,18,MERCEDES C CLASS,1,E01006762,0,-1
2023010430471,2023,010430471,1,9,0,6,6,7,7,0,0,1,0,0,0,0,3,1,2,2,1,47,8,1796,1,16,MERCEDES C CLASS,3,E01003940,0,-1
2023010461517,2023,010461517,1,9,0,17,19,5,1,0,0,0,1,10,1,4,4,1,6,6,2,40,7,2143,2,11,MERCEDES C CLASS,3,E01030711,0,-1
2023010485152,2023,010485152,2,9,0,99,99,9,9,99,99,9,9,99,9,99,3,9,6,6,3,-1,-1,2143,2,6,MERCEDES C CLASS,-1,-1,0,-1
2023451365163,2023,451365163,2,9,0,3,3,1,5,0,0,0,0,0,0,0,2,1,2,2,1,48,8,2143,2,7,MERCEDES C CLASS,10,E01030540,0,-1
2023010456648,2023,010456648,2,8,0,99,99,9,9,99,99,9,9,99,9,99,1,9,6,6,3,-1,-1,1991,8,8,MERCEDES C CLASS,-1,-1,0,-1
2023010436443,2023,010436443,2,9,0,99,99,9,9,99,99,9,9,99,9,99,0,9,6,6,3,-1,-1,1796,1,12,MERCEDES C CLASS,7,E01002165,0,-1
2023471327347,2023,471327347,1,9,0,5,5,7,3,0,0,2,0,0,0,0,1,1,5,6,1,90,11,1796,1,17,MERCEDES C CLASS,4,E01031835,0,-1
2023451308998,2023,451308998,1,9,0,7,7,5,1,9,9,8,1,0,1,4,1,1,5,6,2,28,6,1991,1,9,MERCEDES C CLASS,4,E01000466,0,-1
2023451276461,2023,451276461,1,9,0,9,9,1,5,0,0,6,0,0,0,0,3,1,2,2,1,23,5,2143,2,8,MERCEDES C CLASS,5,E01030834,0,-1
2023061315248,2023,061315248,1,9,0,17,19,3,3,0,0,0,0,0,0,0,1,1,5,6,2,32,6,2143,2,6,MERCEDES C CLASS,1,E01005945,0,-1
2023061376939,2023,061376939,1,9,-1,-1,-1,-1,-1,-1,-1,-1,-1,-1,-1,0,-1,1,6,6,1,-1,-1,2143,2,8,MERCEDES C CLASS,-1,-1,0,-1
2023401310025,2023,401310025,2,9,0,5,5,3,7,0,0,1,0,0,0,0,1,1,5,6,1,30,6,3199,1,22,MERCEDES C CLASS,2,E01017618,0,-1
2023201389374,2023,201389374,1,9,0,18,19,8,4,9,9,8,0,0,0,0,1,1,6,6,1,-1,-1,1991,1,5,MERCEDES C CLASS,-1,-1,0,-1
2023010470187,2023,010470187,2,9,0,99,99,9,9,99,99,9,9,99,9,99,1,9,6,6,3,61,9,1595,1,11,MERCEDES C CLASS,4,E01004376,0,-1
2023010477246,2023,010477246,2,9,0,18,19,1,5,0,0,3,0,0,0,0,2,1,6,6,2,43,7,1796,1,18,MERCEDES C CLASS,2,E01000431,0,-1
2023421387677,2023,421387677,1,9,0,18,19,3,7,0,0,1,0,0,7,0,1,1,2,2,1,41,7,1796,1,17,MERCEDES C CLASS,4,E01021365,0,-1
2023041337978,2023,041337978,1,9,0,18,19,1,5,0,0,1,0,11,0,0,1,1,5,6,1,34,6,2143,2,9,MERCEDES C CLASS,4,E01012634,0,-1
2023061373180,2023,061373180,1,9,0,16,19,6,2,0,0,0,0,7,2,7,1,1,5,6,1,70,10,2143,2,9,MERCEDES C CLASS,7,E01025585,0,-1
2023421339629,2023,421339629,4,9,0,2,2,0,0,0,0,0,0,0,0,0,4,1,6,6,3,-1,-1,2148,2,15,MERCEDES C CLASS,-1,-1,0,-1
2023070257633,2023,070257633,1,9,0,16,19,6,2,0,0,0,1,10,0,2,3,1,2,2,1,49,8,2143,2,9,MERCEDES C CLASS,-1,-1,0,-1
2023201296187,2023,201296187,1,9,0,18,19,8,4,0,0,0,1,10,1,4,1,1,6,6,1,23,5,2143,2,6,MERCEDES C CLASS,2,E01010564,0,-1
2023201371022,2023,201371022,2,9,0,18,19,8,4,0,0,8,0,0,0,0,1,1,6,6,2,27,6,1991,1,5,MERCEDES C CLASS,6,E01009452,0,-1
2023340WN1602,2023,340WN1602,1,9,0,1,1,8,4,0,0,1,0,0,0,0,2,1,6,6,3,-1,-1,2143,2,9,MERCEDES C CLASS,-1,-1,0,-1
2023010440098,2023,010440098,2,8,0,18,19,7,3,0,0,0,0,0,0,0,2,1,6,6,1,40,7,2143,2,7,MERCEDES C CLASS,3,E01001548,0,-1
2023340WN6272,2023,340WN6272,1,9,0,9,9,7,5,0,0,6,0,0,0,0,4,1,6,6,1,38,7,2143,2,7,MERCEDES C CLASS,9,E01027254,0,-1
2023461296075,2023,461296075,1,9,0,18,19,3,7,0,0,0,0,0,0,0,1,1,6,6,1,25,5,2143,2,12,MERCEDES C CLASS,9,E01024056,0,-1
2023302300140,2023,302300140,3,9,0,3,3,4,6,0,0,1,0,0,0,0,3,1,1,1,1,50,8,2143,2,10,MERCEDES C CLASS,2,E01013483,0,-1
2023052301646,2023,052301646,2,9,0,18,19,1,5,0,0,1,0,0,0,0,2,1,6,6,1,77,11,1998,1,22,MERCEDES C CLASS,1,E01032903,0,-1
2023041316677,2023,041316677,2,9,0,4,4,8,4,0,0,1,0,0,0,0,1,1,5,6,2,37,7,2143,2,11,MERCEDES C CLASS,1,E01025297,0,-1