collision_index,collision_year,collision_ref_no,vehicle_reference,vehicle_type,towing_and_articulation,vehicle_manoeuvre_historic,vehicle_manoeuvre,vehicle_direction_from,vehicle_direction_to,vehicle_location_restricted_lane_historic,vehicle_location_restricted_lane,junction_location,skidding_and_overturning,hit_object_in_carriageway,vehicle_leaving_carriageway,hit_object_off_carriageway,first_point_of_impact,vehicle_left_hand_drive,journey_purpose_of_driver_historic,journey_purpose_of_driver,sex_of_driver,age_of_driver,age_band_of_driver,engine_capacity_cc,propulsion_code,age_of_vehicle,generic_make_model,driver_imd_decile,lsoa_of_driver,escooter_flag,driver_distance_banding
2023221379532,2023,221379532,1,9,0,13,13,5,2,0,0,0,0,0,0,0,1,1,6,6,1,85,11,1796,1,12,MERCEDES C CLASS,7,E01028862,0,-1
2023430302681,2023,430302681,1,9,0,11,11,6,2,0,0,2,0,0,0,0,4,1,6,6,2,45,7,2143,2,7,MERCEDES C CLASS,2,E01007871,0,-1
2023440293739,2023,440293739,2,9,0,18,19,3,7,0,0,8,0,0,0,0,1,1,6,6,1,54,8,1497,8,3,MERCEDES C CLASS,10,E01023213,0,-1
2023111371464,2023,111371464,1,9,0,9,9,1,3,0,0,8,0,0,0,0,4,1,6,6,1,38,7,2143,2,8,MERCEDES C CLASS,2,E01020788,0,-1
2023201412573,2023,201412573,1,9,0,18,19,1,5,0,0,8,0,0,0,0,1,1,6,6,1,47,8,2149,2,16,MERCEDES C CLASS,9,E01008991,0,-1
2023131280400,2023,131280400,1,9,0,-1,-1,-1,-1,-1,-1,8,-1,-1,-1,0,-1,1,6,6,3,-1,-1,2143,2,8,MERCEDES C CLASS,-1,-1,0,-1
2023531263630,2023,531263630,3,9,0,2,2,0,0,9,9,2,0,0,0,0,1,1,6,6,3,-1,-1,2143,2,7,MERCEDES C CLASS,-1,-1,0,-1
2023010465066,2023,010465066,1,9,0,18,19,7,3,0,0,1,0,0,0,0,1,1,6,6,1,21,5,2143,12,6,MERCEDES C CLASS,1,E01000552,0,-1
2023531361191,2023,531361191,2,9,0,18,19,6,2,0,0,0,0,0,0,0,1,1,5,6,2,48,8,2143,2,8,MERCEDES C CLASS,8,E01022423,0,-1
2023411318573,2023,411318573,1,9,0,7,7,-1,-1,0,0,0,1,0,7,10,3,1,5,6,1,52,8,1497,1,4,MERCEDES C CLASS,7,E01006995,0,-1
2023201302716,2023,201302716,1,9,0,18,19,7,3,0,0,8,0,10,0,0,4,1,6,6,2,68,10,1999,8,1,MERCEDES C CLASS,-1,-1,0,-1
2023161299947,2023,161299947,1,9,0,5,5,3,7,0,0,0,0,0,0,0,3,1,5,6,1,66,10,2143,2,11,MERCEDES C CLASS,7,E01013062,0,-1
2023430533127,2023,430533127,3,9,0,18,19,1,5,0,0,1,0,0,0,0,2,1,6,6,1,40,7,2143,2,7,MERCEDES C CLASS,-1,-1,0,-1
2023170S10513,2023,170S10513,1,9,0,10,10,3,1,0,0,1,0,0,0,0,2,1,6,6,1,34,6,1796,1,18,MERCEDES C CLASS,9,E01033474,0,-1
2023371279141,2023,371279141,1,9,0,18,19,2,6,0,0,8,0,0,0,0,3,1,5,6,2,43,7,2143,2,9,MERCEDES C CLASS,8,E01000120,0,-1
2023131312576,2023,131312576,2,9,0,18,19,7,3,0,0,8,0,0,1,0,4,1,5,6,1,27,6,2143,2,9,MERCEDES C CLASS,1,E01011780,0,-1
2023010429777,2023,010429777,1,9,0,9,9,5,2,9,9,8,1,0,1,1,1,1,6,6,1,24,5,2143,2,6,MERCEDES C CLASS,6,E01023143,0,-1
2023010471266,2023,010471266,2,9,0,99,99,9,9,99,99,9,9,99,9,99,1,1,6,6,3,-1,-1,2143,2,8,MERCEDES C CLASS,4,E01004412,0,-1
2023991307145,2023,991307145,1,9,0,17,19,5,2,5,5,0,2,0,1,4,3,1,5,6,1,21,5,1991,8,6,MERCEDES C CLASS,8,-1,0,-1
2023010456472,2023,010456472,1,9,0,99,99,9,9,99,99,9,9,99,9,99,2,9,6,6,2,59,9,2143,2,5,MERCEDES C CLASS,4,E01033424,0,-1
2023430524303,2023,430524303,1,9,0,9,9,1,7,0,0,6,0,0,0,0,1,1,3,7,2,42,7,2143,2,11,MERCEDES C CLASS,4,E01028529,0,-1
2023361402191,2023,361402191,1,9,0,18,19,2,6,0,0,0,0,0,7,2,3,1,6,6,1,28,6,2148,2,17,MERCEDES C CLASS,-1,-1,0,-1
2023141344888,2023,141344888,1,9,0,5,5,1,7,8,6,1,0,0,0,0,1,1,5,6,2,30,6,2143,2,11,MERCEDES C CLASS,4,E01007653,0,-1
2023421279881,2023,421279881,1,9,0,18,19,2,6,0,0,0,0,0,0,0,1,1,5,6,1,47,8,1950,2,5,MERCEDES C CLASS,5,E01021262,0,-1
2023991325571,2023,991325571,1,9,0,13,13,8,8,0,0,0,1,4,8,10,1,1,6,6,1,31,6,1796,1,12,MERCEDES C CLASS,8,-1,0,-1
2023201357542,2023,201357542,1,9,0,18,19,1,5,0,0,0,0,0,0,0,4,1,5,6,1,46,8,2143,2,6,MERCEDES C CLASS,10,-1,0,-1
2023010454071,2023,010454071,2,9,0,18,19,7,3,0,0,1,1,0,0,0,1,1,6,6,1,43,7,2143,2,6,MERCEDES C CLASS,-1,-1,0,-1
2023010429005,2023,010429005,1,9,0,18,19,7,3,0,0,1,0,0,0,0,2,1,6,6,1,40,7,2143,2,10,MERCEDES C CLASS,5,E01000067,0,-1
2023131308902,2023,131308902,2,9,0,18,19,6,2,0,0,1,0,0,0,0,3,1,5,6,2,47,8,2143,2,10,MERCEDES C CLASS,1,E01010843,0,-1
2023461369740,2023,461369740,1,9,0,9,9,5,3,0,0,8,0,0,0,0,2,1,6,6,2,36,7,2148,2,14,MERCEDES C CLASS,7,E01024592,0,-1
2023351390605,2023,351390605,1,9,0,9,9,1,7,0,0,6,0,0,3,0,3,1,5,6,1,90,11,1796,1,12,MERCEDES C CLASS,7,E01018128,0,-1
2023141388599,2023,141388599,2,9,0,18,19,7,6,0,0,4,0,0,0,0,2,1,5,6,1,55,8,2143,2,8,MERCEDES C CLASS,4,E01024284,0,-1
2023010474719,2023,010474719,1,9,0,18,19,7,3,0,0,0,5,0,2,10,4,1,6,6,1,28,6,6208,1,10,MERCEDES C CLASS,3,W01001764,0,-1
2023161324189,2023,161324189,1,9,0,5,5,3,7,0,0,4,0,0,0,0,1,1,5,6,2,43,7,2143,2,13,MERCEDES C CLASS,4,E01013003,0,-1
2023332300697,2023,332300697,2,9,0,18,19,8,4,0,0,1,0,0,0,0,3,1,6,6,1,23,5,2143,2,6,MERCEDES C CLASS,10,E01026004,0,-1
2023122300289,2023,122300289,1,9,0,18,19,7,3,0,0,0,2,0,2,10,1,1,6,6,2,28,6,2143,2,7,MERCEDES C CLASS,7,E01011873,0,-1
2023201418679,2023,201418679,2,9,0,9,9,1,8,0,0,5,0,0,0,0,1,1,6,6,1,42,7,2148,2,15,MERCEDES C CLASS,1,E01010527,0,-1
2023010482982,2023,010482982,2,9,0,9,9,5,3,0,0,1,0,0,0,0,1,1,6,6,2,32,6,1796,1,11,MERCEDES C CLASS,4,E01003573,0,-1
2023010433550,2023,010433550,1,9,0,18,19,3,7,0,0,0,0,0,0,0,9,1,6,6,2,67,10,1595,1,10,MERCEDES C CLASS,4,E01000029,0,-1
2023010442966,2023,010442966,1,9,0,18,19,7,3,0,0,0,0,4,0,0,1,1,2,2,1,39,7,1796,1,18,MERCEDES C CLASS,5,E01003773,0,-1
2023010458713,2023,010458713,1,9,0,5,5,5,1,4,4,1,0,0,0,0,1,2,6,6,1,37,7,1598,2,7,MERCEDES C CLASS,7,E01001871,0,-1
2023201296137,2023,201296137,1,9,0,5,5,1,4,0,0,1,0,0,0,0,1,1,6,6,1,29,6,2148,2,15,MERCEDES C CLASS,2,E01010449,0,-1
2023061337797,2023,061337797,2,9,0,18,19,4,8,0,0,1,0,0,0,0,1,1,6,6,2,27,6,2143,2,9,MERCEDES C CLASS,1,E01005132,0,-1
2023010450401,2023,010450401,1,9,5,18,19,8,4,0,0,0,0,0,0,0,1,1,6,6,1,21,5,2143,2,8,MERCEDES C CLASS,2,E01013774,0,-1
2023041370728,2023,041370728,1,9,0,18,19,5,1,0,0,0,0,0,0,0,1,1,5,6,1,22,5,2143,2,7,MERCEDES C CLASS,2,E01025245,0,-1
2023010478788,2023,010478788,1,9,0,7,7,7,2,0,0,8,0,0,0,0,1,9,6,6,3,-1,-1,2143,2,6,MERCEDES C CLASS,-1,-1,0,-1
2023061392172,2023,061392172,2,9,0,18,19,8,4,0,0,0,0,10,1,4,4,1,5,6,1,19,4,1796,1,17,MERCEDES C CLASS,6,E01006221,0,-1
2023461284561,2023,461284561,2,9,0,4,4,1,5,0,0,0,0,4,0,0,4,1,6,6,2,33,6,1991,8,6,MERCEDES C CLASS,1,E01024658,0,-1
2023421312484,2023,421312484,1,9,0,17,19,7,5,0,0,8,0,0,1,0,1,1,6,6,1,26,6,2143,2,7,MERCEDES C CLASS,-1,-1,0,-1
2023052300696,2023,052300696,4,9,0,2,2,0,0,0,0,0,0,0,0,0,4,1,6,6,3,-1,-1,2143,2,13,MERCEDES C CLASS,-1,-1,0,-1
2023361341863,2023,361341863,1,9,0,18,19,5,1,0,0,1,0,0,0,0,1,1,5,6,2,79,11,2143,2,13,MERCEDES C CLASS,6,E01026569,0,-1
2023010487854,2023,010487854,1,9,0,99,99,9,9,99,99,9,9,99,9,99,1,9,6,6,2,38,7,2143,2,8,MERCEDES C CLASS,5,E01015005,0,-1
2023421293954,2023,421293954,1,9,0,18,19,3,7,0,0,1,0,0,0,0,3,1,6,6,1,-1,-1,2148,2,15,MERCEDES C CLASS,-1,-1,0,-1
202360A159481,2023,60A159481,3,9,0,18,19,7,3,0,0,1,0,0,0,0,1,1,6,6,1,53,8,2143,2,13,MERCEDES C CLASS,-1,-1,0,-1
2023010483651,2023,010483651,1,9,0,7,7,5,7,0,0,8,0,0,0,0,1,1,6,6,1,40,7,1991,1,7,MERCEDES C CLASS,10,E01002937,0,-1
2023131332548,2023,131332548,1,9,0,17,19,3,7,0,0,0,0,0,0,0,1,1,2,2,1,31,6,1993,12,1,MERCEDES C CLASS,5,E01011096,0,-1
2023010461892,2023,010461892,2,9,0,99,99,9,9,99,99,9,9,99,9,99,9,9,6,6,3,-1,-1,1950,2,4,MERCEDES C CLASS,-1,-1,0,-1
2023332300540,2023,332300540,1,9,0,18,19,7,3,0,0,1,0,0,0,0,3,1,2,2,1,29,6,1598,2,8,MERCEDES C CLASS,2,E01013655,0,-1
2023411353659,2023,411353659,2,9,0,3,3,3,8,0,0,4,0,0,0,0,2,1,6,6,1,46,8,2143,2,9,MERCEDES C CLASS,4,E01015723,0,-1
2023531338300,2023,531338300,2,9,0,9,9,8,6,0,0,8,0,0,0,0,4,1,5,6,2,36,7,2148,2,15,MERCEDES C CLASS,9,E01022453,0,-1
2023010424736,2023,010424736,2,9,0,99,99,9,9,0,0,1,0,0,0,0,1,9,6,6,3,-1,-1,1595,1,10,MERCEDES C CLASS,-1,-1,0,-1
2023622301055,2023,622301055,3,9,0,18,19,8,4,0,0,1,0,0,0,0,1,1,6,6,1,86,11,1796,1,11,MERCEDES C CLASS,10,W01001098,0,-1
2023010484996,2023,010484996,3,9,0,2,2,0,0,0,0,1,0,0,0,0,1,1,6,6,3,-1,-1,2143,2,10,MERCEDES C CLASS,-1,-1,0,-1
2023451291820,2023,451291820,1,9,0,16,19,4,8,0,0,0,0,0,1,10,1,1,6,6,1,28,6,2143,2,8,MERCEDES C CLASS,9,E01030317,0,-1
2023451340077,2023,451340077,1,9,0,1,1,5,1,9,9,0,0,0,0,0,4,1,5,6,2,40,7,2143,2,8,MERCEDES C CLASS,5,E01030852,0,-1
2023552301231,2023,552301231,3,9,0,18,19,2,6,0,0,0,0,0,0,0,3,1,6,6,1,38,7,2143,2,7,MERCEDES C CLASS,7,E01020365,0,-1
2023061382884,2023,061382884,3,9,0,2,2,0,0,9,9,0,0,0,0,0,0,1,6,6,3,-1,-1,2143,2,7,MERCEDES C CLASS,-1,-1,0,-1
2023461303004,2023,461303004,1,9,0,18,19,1,5,0,0,1,0,0,1,0,3,1,6,6,1,22,5,2143,2,7,MERCEDES C CLASS,5,E01024342,0,-1
2023991295345,2023,991295345,1,9,0,13,13,4,8,0,0,0,0,0,0,0,1,1,1,1,1,21,5,1595,1,10,MERCEDES C CLASS,8,-1,0,-1
2023071080788,2023,071080788,2,9,0,5,5,7,3,0,0,1,0,0,0,0,1,1,6,6,2,26,6,1796,1,16,MERCEDES C CLASS,3,E01018461,0,-1
2023010440527,2023,010440527,1,9,0,18,19,1,5,0,0,0,0,4,0,0,1,1,6,6,2,46,8,2143,2,13,MERCEDES C CLASS,2,E01004033,0,-1
2023201378538,2023,201378538,1,9,0,9,9,3,1,0,0,6,0,0,0,0,3,1,2,2,1,28,6,2143,12,8,MERCEDES C CLASS,6,E01009319,0,-1
2023332301175,2023,332301175,1,9,0,18,19,3,7,0,0,1,0,0,0,0,1,1,6,6,1,31,6,2143,2,5,MERCEDES C CLASS,9,E01025731,0,-1
2023461356120,2023,461356120,1,9,0,5,5,3,7,0,0,2,0,0,0,0,1,1,6,6,1,41,7,1950,12,3,MERCEDES C CLASS,3,E01016012,0,-1
2023010452560,2023,010452560,1,9,0,18,19,5,1,0,0,8,0,0,1,0,4,1,6,6,2,32,6,1991,1,8,MERCEDES C CLASS,9,E01031625,0,-1
2023161322332,2023,161322332,1,9,0,18,19,3,7,0,0,0,0,0,0,0,1,1,5,6,1,51,8,1991,8,7,MERCEDES C CLASS,9,E01033297,0,-1
202360A051475,2023,60A051475,1,9,0,18,19,4,8,0,0,0,0,0,0,0,1,1,6,6,1,-1,-1,1796,1,17,MERCEDES C CLASS,-1,-1,0,-1
2023451319600,2023,451319600,2,9,0,18,19,8,4,0,0,1,0,0,0,0,4,1,5,6,1,52,8,1796,1,18,MERCEDES C CLASS,9,E01030854,0,-1
2023531369081,2023,531369081,1,9,0,9,9,7,5,9,9,0,0,0,0,0,1,1,2,2,1,49,8,2148,2,17,MERCEDES C CLASS,2,E01022332,0,-1
2023010421632,2023,010421632,2,9,0,99,99,9,9,99,99,9,9,99,9,99,2,9,6,6,3,-1,-1,2143,12,8,MERCEDES C CLASS,-1,-1,0,-1
2023010440647,2023,010440647,2,9,0,99,99,9,9,99,99,9,9,99,9,99,9,9,6,6,1,57,9,6208,1,11,MERCEDES C CLASS,3,E01002015,0,-1
2023461346248,2023,461346248,1,9,0,17,19,2,6,0,0,0,0,11,1,3,3,1,5,6,1,22,5,1598,2,7,MERCEDES C CLASS,6,E01023980,0,-1
2023471364020,2023,471364020,2,9,0,18,19,8,4,0,0,1,0,0,7,0,4,1,5,6,1,39,7,1497,8,3,MERCEDES C CLASS,4,E01003020,0,-1
2023461361865,2023,461361865,1,9,0,7,7,3,5,0,0,1,0,0,0,0,3,1,6,6,2,36,7,1496,8,1,MERCEDES C CLASS,-1,-1,0,-1
2023421352728,2023,421352728,1,9,0,4,4,3,7,0,0,0,0,0,0,0,1,1,5,6,2,36,7,1950,2,4,MERCEDES C CLASS,3,E01021269,0,-1
2023421372738,2023,421372738,1,9,0,18,19,2,6,0,0,0,0,0,0,0,1,1,6,6,1,59,9,2143,2,6,MERCEDES C CLASS,5,E01022021,0,-1
2023440384456,2023,440384456,1,9,0,4,4,6,2,0,0,1,0,0,0,0,2,1,6,6,1,29,6,1796,1,15,MERCEDES C CLASS,4,E01016391,0,-1
2023010439928,2023,010439928,1,9,0,18,19,3,7,0,0,0,0,7,0,0,1,1,6,6,1,24,5,1796,1,11,MERCEDES C CLASS,2,E01002002,0,-1
2023201371918,2023,201371918,1,9,0,7,7,6,8,0,0,5,0,0,0,0,1,1,5,6,1,28,6,2143,2,8,MERCEDES C CLASS,1,E01009203,0,-1
2023440047031,2023,440047031,2,9,0,2,2,0,0,0,0,2,0,4,0,0,2,1,6,6,3,-1,-1,2143,2,8,MERCEDES C CLASS,-1,-1,0,-1
2023421333695,2023,421333695,2,9,0,18,19,5,1,0,0,1,1,10,0,0,4,1,1,1,1,40,7,2143,12,8,MERCEDES C CLASS,8,E01017059,0,-1
2023302301673,2023,302301673,2,9,0,6,6,8,8,0,0,0,0,0,0,0,3,1,1,1,1,46,8,2143,2,12,MERCEDES C CLASS,7,E01019701,0,-1
2023010453740,2023,010453740,2,9,0,99,99,9,9,99,99,9,9,99,9,99,1,9,6,6,3,-1,-1,2143,2,11,MERCEDES C CLASS,-1,-1,0,-1
2023131334381,2023,131334381,1,9,0,12,12,1,5,0,0,0,0,0,0,0,2,1,5,6,1,38,7,2143,2,11,MERCEDES C CLASS,9,W01000179,0,-1
2023471286316,2023,471286316,2,9,0,18,19,1,5,0,0,0,0,0,1,0,2,1,2,2,2,31,6,2143,2,6,MERCEDES C CLASS,3,E01024372,0,-1
2023010471255,2023,010471255,1,9,0,99,99,9,9,99,99,9,9,99,9,99,1,9,6,6,3,51,8,2143,2,6,MERCEDES C CLASS,9,E01000396,0,-1
2023201408326,2023,201408326,2,9,0,18,19,6,2,0,0,8,0,10,0,0,1,1,6,6,1,38,7,2143,2,10,MERCEDES C CLASS,2,E01011015,0,-1
2023010428020,2023,010428020,1,9,0,5,5,1,5,0,0,4,0,0,0,0,3,1,6,6,1,37,7,1991,8,6,MERCEDES C CLASS,2,E01004679,0,-1
2023451378563,2023,451378563,1,9,0,9,9,3,7,0,0,0,0,0,0,0,1,1,6,6,1,52,8,2148,2,17,MERCEDES C CLASS,6,E01030649,0,-1
2023101278090,2023,101278090,3,9,0,4,4,1,5,0,0,0,0,0,0,0,2,1,6,6,2,25,5,2143,2,7,MERCEDES C CLASS,7,E01008650,0,-1
2023010455145,2023,010455145,2,9,9,99,99,9,9,99,99,9,9,99,9,99,9,9,6,6,3,-1,-1,1597,1,14,MERCEDES C CLASS,-1,-1,0,-1
2023471359015,2023,471359015,1,9,0,9,9,2,1,0,0,8,0,0,0,0,3,1,5,6,1,38,7,1796,1,16,MERCEDES C CLASS,5,E01021114,0,-1
2023401313378,2023,401313378,2,9,0,9,9,-1,-1,-1,-1,5,0,0,0,0,4,1,5,6,1,21,5,2143,2,7,MERCEDES C CLASS,3,E01015788,0,-1
2023010453228,2023,010453228,1,9,0,7,7,3,5,0,0,5,1,0,0,0,1,1,2,2,1,28,6,1595,1,11,MERCEDES C CLASS,8,E01002383,0,-1
2023430134701,2023,430134701,2,9,0,10,10,2,8,0,0,1,0,0,0,0,2,1,6,6,1,45,7,2143,2,9,MERCEDES C CLASS,8,E01016760,0,-1
2023201308318,2023,201308318,2,9,0,16,19,3,7,0,0,8,1,0,0,0,1,1,6,6,1,30,6,2143,2,9,MERCEDES C CLASS,1,E01009480,0,-1
202360A051912,2023,60A051912,2,9,0,4,4,5,1,0,0,5,0,0,0,0,2,1,6,6,1,43,7,2143,2,6,MERCEDES C CLASS,-1,-1,0,-1
2023451329608,2023,451329608,2,9,0,2,2,0,0,0,0,0,0,0,0,0,3,1,6,6,3,-1,-1,1950,2,4,MERCEDES C CLASS,-1,-1,0,-1
2023010459771,2023,010459771,1,9,0,18,19,3,7,99,99,0,9,0,0,0,4,9,6,6,1,37,7,2143,2,7,MERCEDES C CLASS,3,E01021003,0,-1
2023010481223,2023,010481223,2,9,0,4,4,3,7,0,0,0,0,0,0,0,1,1,6,6,1,61,9,1796,1,15,MERCEDES C CLASS,1,E01002038,0,-1
2023440116335,2023,440116335,2,9,0,5,5,8,4,0,0,4,0,0,0,0,0,1,6,6,1,38,7,1796,1,15,MERCEDES C CLASS,-1,-1,0,-1
2023061372052,2023,061372052,1,9,-1,-1,-1,-1,-1,-1,-1,-1,-1,-1,-1,0,-1,1,6,6,1,-1,-1,2143,2,8,MERCEDES C CLASS,6,E01005769,0,-1
2023430316372,2023,430316372,2,9,0,1,1,6,2,0,0,1,0,0,0,0,2,1,6,6,1,-1,-1,2143,2,14,MERCEDES C CLASS,-1,-1,0,-1
2023201373813,2023,201373813,1,9,0,18,19,2,6,0,0,8,0,0,0,0,1,1,6,6,1,76,11,1991,1,6,MERCEDES C CLASS,2,E01009213,0,-1
2023201279257,2023,201279257,1,9,0,18,19,4,8,9,9,0,0,0,0,0,4,1,6,6,1,-1,-1,2143,2,6,MERCEDES C CLASS,7,E01029655,0,-1
2023332300253,2023,332300253,1,9,0,18,19,3,7,0,0,4,1,0,1,2,1,1,6,6,1,52,8,1595,1,10,MERCEDES C CLASS,6,E01009598,0,-1
2023070711688,2023,070711688,1,9,0,9,9,7,3,0,0,6,0,0,0,0,1,1,6,6,1,65,9,1595,1,9,MERCEDES C CLASS,2,E01018546,0,-1
2023010446173,2023,010446173,1,9,0,99,99,9,9,99,99,9,9,99,9,99,9,9,2,2,1,43,7,2148,2,15,MERCEDES C CLASS,6,E01001258,0,-1
2023451355683,2023,451355683,3,9,0,18,19,5,1,0,0,0,0,0,0,0,1,1,6,6,1,46,8,2143,2,5,MERCEDES C CLASS,10,E01022114,0,-1
2023401393784,2023,401393784,2,8,0,9,9,7,3,0,0,0,0,0,1,0,1,1,1,1,1,34,6,2143,2,5,MERCEDES C CLASS,4,E01016727,0,-1
2023010483703,2023,010483703,2,9,0,99,99,9,9,99,99,9,9,99,9,99,1,9,6,6,3,-1,-1,1998,1,22,MERCEDES C CLASS,-1,-1,0,-1
2023471327399,2023,471327399,1,9,0,5,5,5,3,8,6,6,0,0,0,0,3,1,1,1,1,43,7,1991,8,5,MERCEDES C CLASS,5,E01002305,0,-1
2023131358093,2023,131358093,1,9,0,1,1,3,1,0,0,8,0,0,0,0,2,1,6,6,1,70,10,1950,2,3,MERCEDES C CLASS,7,E01010879,0,-1
2023302300035,2023,302300035,1,9,0,7,7,2,4,9,9,1,0,0,0,0,4,1,6,6,3,-1,-1,2987,2,12,MERCEDES C CLASS,5,E01019456,0,-1
2023421324215,2023,421324215,2,9,0,18,19,7,3,0,0,0,0,0,0,0,2,1,2,2,1,42,7,2143,2,8,MERCEDES C CLASS,3,E01015935,0,-1
2023010445225,2023,010445225,2,9,0,99,99,9,9,99,99,9,9,99,9,99,9,9,6,6,3,-1,-1,2143,2,7,MERCEDES C CLASS,2,E01004567,0,-1
2023201389012,2023,201389012,1,9,0,1,1,7,3,0,0,8,0,0,0,0,2,1,6,6,1,-1,-1,2987,2,15,MERCEDES C CLASS,-1,-1,0,-1
2023332301232,2023,332301232,2,9,0,18,19,7,3,0,0,0,0,0,0,0,1,1,6,6,3,-1,-1,1796,1,18,MERCEDES C CLASS,-1,-1,0,-1
2023332300080,2023,332300080,2,9,0,18,19,5,1,0,0,0,0,0,1,11,1,1,6,6,1,44,7,2987,2,13,MERCEDES C CLASS,7,E01028240,0,-1
2023501353112,2023,501353112,2,9,0,2,2,0,0,0,0,0,0,0,0,0,3,1,6,6,3,-1,-1,1991,8,5,MERCEDES C CLASS,-1,-1,0,-1
2023501342691,2023,501342691,2,9,0,18,19,3,7,0,0,1,0,0,0,0,2,1,6,6,1,27,6,2143,2,12,MERCEDES C CLASS,8,E01020170,0,-1
2023010442742,2023,010442742,2,9,9,99,99,9,9,99,99,9,9,99,9,99,9,9,6,6,3,-1,-1,2143,2,7,MERCEDES C CLASS,-1,-1,0,-1
2023461340114,2023,461340114,4,9,0,18,19,7,3,0,0,0,0,0,0,0,1,1,6,6,1,-1,-1,2143,2,12,MERCEDES C CLASS,2,E01024633,0,-1
2023170M10863,2023,170M10863,1,9,0,18,19,7,3,0,0,8,0,0,0,0,4,1,6,6,1,22,5,1991,8,8,MERCEDES C CLASS,2,E01008744,0,-1
2023411347485,2023,411347485,1,9,0,18,19,7,1,0,0,1,0,11,0,0,2,1,6,6,1,31,6,1496,8,1,MERCEDES C CLASS,5,E01002184,0,-1
2023201367589,2023,201367589,1,9,0,9,9,3,8,0,0,6,0,0,0,0,1,1,6,6,1,31,6,2143,2,6,MERCEDES C CLASS,-1,-1,0,-1
2023010474135,2023,010474135,2,9,0,18,19,5,1,0,0,0,0,0,0,0,1,1,6,6,1,37,7,1796,1,12,MERCEDES C CLASS,4,E01002650,0,-1
2023010464128,2023,010464128,1,9,0,99,99,9,9,99,99,9,9,99,9,99,2,9,6,6,1,24,5,2143,2,8,MERCEDES C CLASS,1,E01033456,0,-1
2023010459170,2023,010459170,2,9,0,99,99,9,9,99,99,9,9,99,9,99,0,9,6,6,3,-1,-1,1991,8,7,MERCEDES C CLASS,-1,-1,0,-1
2023471383664,2023,471383664,1,9,0,18,19,7,3,0,0,0,1,10,0,0,1,1,6,6,1,47,8,1991,1,8,MERCEDES C CLASS,10,E01031803,0,-1
2023622300578,2023,622300578,1,9,0,9,9,5,3,0,0,2,0,0,0,0,1,1,6,6,2,63,9,2149,2,16,MERCEDES C CLASS,1,W01001144,0,-1
2023201371042,2023,201371042,1,9,0,18,19,2,6,0,0,0,0,0,0,0,1,1,6,6,1,-1,-1,1796,1,16,MERCEDES C CLASS,-1,-1,0,-1
2023010460837,2023,010460837,2,9,0,99,99,9,9,99,99,9,9,99,9,99,9,9,6,6,3,-1,-1,2143,2,8,MERCEDES C CLASS,-1,-1,0,-1
2023010466796,2023,010466796,2,9,0,99,99,9,9,99,99,9,9,99,9,99,2,9,6,6,3,-1,-1,2143,2,9,MERCEDES C CLASS,3,E01003113,0,-1
2023471392725,2023,471392725,1,9,0,3,3,2,5,0,0,0,0,0,0,0,1,1,6,6,1,24,5,2143,2,8,MERCEDES C CLASS,9,E01021026,0,-1
2023552300427,2023,552300427,1,9,0,18,19,6,2,0,0,1,0,0,0,0,1,1,6,6,1,24,5,2143,2,12,MERCEDES C CLASS,3,E01033242,0,-1
2023010448197,2023,010448197,2,9,0,9,9,3,2,0,0,5,0,0,0,0,1,1,6,6,1,26,6,1950,2,4,MERCEDES C CLASS,4,E01033424,0,-1
2023421354147,2023,421354147,2,9,0,4,4,5,1,0,0,0,0,0,0,0,2,1,6,6,1,29,6,2143,2,7,MERCEDES C CLASS,8,E01030144,0,-1
2023531402065,2023,531402065,1,9,0,5,5,3,7,0,0,4,0,0,0,0,3,1,6,6,2,26,6,1991,1,7,MERCEDES C CLASS,4,E01022440,0,-1
2023010457190,2023,010457190,1,9,0,99,99,9,9,99,99,9,9,99,9,99,2,9,6,6,1,33,6,2143,2,9,MERCEDES C CLASS,4,E01002168,0,-1
2023010437039,2023,010437039,1,9,0,99,99,9,9,99,99,0,9,99,9,99,2,9,6,6,1,44,7,2143,2,7,MERCEDES C CLASS,5,E01004521,0,-1
2023141291971,2023,141291971,2,9,0,18,19,3,6,0,0,1,0,0,0,0,3,1,5,6,1,76,11,2987,2,18,MERCEDES C CLASS,5,E01007757,0,-1
2023010447893,2023,010447893,1,9,0,99,99,9,9,99,99,9,9,99,9,99,9,9,6,6,1,44,7,1991,8,7,MERCEDES C CLASS,2,E01003990,0,-1
2023010454620,2023,010454620,2,9,0,99,99,9,9,99,99,9,9,99,9,99,9,9,6,6,3,-1,-1,1496,8,1,MERCEDES C CLASS,-1,-1,0,-1
2023010471859,2023,010471859,2,9,0,18,19,5,1,0,0,1,1,0,7,0,1,1,6,6,1,26,6,1796,1,18,MERCEDES C CLASS,4,E01000799,0,-1