collision_index,collision_year,collision_ref_no,vehicle_reference,vehicle_type,towing_and_articulation,vehicle_manoeuvre_historic,vehicle_manoeuvre,vehicle_direction_from,vehicle_direction_to,vehicle_location_restricted_lane_historic,vehicle_location_restricted_lane,junction_location,skidding_and_overturning,hit_object_in_carriageway,vehicle_leaving_carriageway,hit_object_off_carriageway,first_point_of_impact,vehicle_left_hand_drive,journey_purpose_of_driver_historic,journey_purpose_of_driver,sex_of_driver,age_of_driver,age_band_of_driver,engine_capacity_cc,propulsion_code,age_of_vehicle,generic_make_model,driver_imd_decile,lsoa_of_driver,escooter_flag,driver_distance_banding
2023522301773,2023,522301773,1,9,0,18,19,3,7,0,0,0,0,0,0,0,2,1,6,6,1,79,11,2143,2,13,MERCEDES C CLASS,6,E01015414,0,-1
2023010486802,2023,010486802,1,9,0,18,19,1,5,0,0,1,0,10,0,0,1,1,6,6,2,26,6,2143,2,5,MERCEDES C CLASS,8,E01002216,0,-1
2023520400098,2023,520400098,1,9,0,3,3,7,3,0,0,1,0,0,0,0,2,1,3,7,2,37,7,1950,2,4,MERCEDES C CLASS,8,E01029274,0,-1
2023010434289,2023,010434289,1,9,0,4,4,5,1,0,0,1,0,0,0,0,2,1,6,6,1,55,8,1796,1,17,MERCEDES C CLASS,3,E01000094,0,-1
2023201370074,2023,201370074,2,9,0,3,3,8,4,0,0,0,0,0,0,0,2,1,5,6,1,39,7,1598,2,7,MERCEDES C CLASS,4,E01009284,0,-1
2023302301145,2023,302301145,1,9,0,14,14,5,1,0,0,1,0,0,0,0,1,1,6,6,1,37,7,2148,2,18,MERCEDES C CLASS,2,E01013571,0,-1
2023471299778,2023,471299778,1,9,0,18,19,5,8,8,6,0,0,0,0,0,1,1,5,6,1,54,8,2143,2,8,MERCEDES C CLASS,7,E01031697,0,-1
2023332300008,2023,332300008,2,9,0,3,3,7,3,0,0,1,0,0,0,0,2,1,1,1,1,27,6,2143,2,9,MERCEDES C CLASS,4,E01025957,0,-1
2023332300328,2023,332300328,1,9,0,18,19,8,4,0,0,0,0,0,0,0,1,1,6,6,3,-1,-1,2143,12,8,MERCEDES C CLASS,-1,-1,0,-1
2023411275672,2023,411275672,2,9,0,18,19,3,7,0,0,4,0,0,0,0,0,1,6,6,1,63,9,1991,1,4,MERCEDES C CLASS,6,E01000192,0,-1
2023471357924,2023,471357924,1,9,0,5,5,3,7,0,0,0,0,11,1,4,1,1,2,2,2,54,8,2143,2,11,MERCEDES C CLASS,4,E01031786,0,-1
2023101283200,2023,101283200,1,9,0,4,4,3,7,0,0,0,0,0,0,0,2,1,6,6,1,45,7,2143,2,12,MERCEDES C CLASS,4,E01027433,0,-1
2023201398260,2023,201398260,2,9,0,18,19,6,2,0,0,0,0,0,0,0,4,1,2,2,2,27,6,1497,1,4,MERCEDES C CLASS,8,E01009425,0,-1
2023010474434,2023,010474434,1,9,0,9,9,2,1,0,0,8,0,0,3,0,1,1,6,6,2,48,8,2143,2,6,MERCEDES C CLASS,-1,-1,0,-1
2023340NN1842,2023,340NN1842,2,9,0,2,2,0,0,0,0,0,0,0,0,0,2,1,6,6,1,36,7,2148,2,14,MERCEDES C CLASS,5,E01027091,0,-1
2023161368738,2023,161368738,1,9,0,18,19,2,6,0,0,0,0,0,0,0,1,1,6,6,1,41,7,2143,2,10,MERCEDES C CLASS,1,E01012862,0,-1
2023440390749,2023,440390749,1,9,0,18,19,2,6,0,0,0,0,0,0,0,1,1,1,1,2,54,8,2143,2,9,MERCEDES C CLASS,2,E01017188,0,-1
2023010495332,2023,010495332,2,9,0,99,99,9,9,0,0,9,0,0,0,0,9,9,6,6,3,-1,-1,1991,8,6,MERCEDES C CLASS,-1,-1,0,-1
2023461377932,2023,461377932,3,9,0,3,3,5,1,0,0,0,0,0,0,0,2,1,6,6,1,59,9,1796,1,16,MERCEDES C CLASS,9,E01001132,0,-1
2023061294204,2023,061294204,2,9,0,18,19,1,1,0,0,1,0,0,0,0,1,1,6,6,1,37,7,2143,2,12,MERCEDES C CLASS,1,E01006027,0,-1
2023311329604,2023,311329604,2,9,0,8,8,7,1,0,0,0,0,0,0,0,1,1,6,6,2,41,7,1991,8,5,MERCEDES C CLASS,9,E01028408,0,-1
2023010427022,2023,010427022,1,9,0,99,99,9,9,99,99,0,9,99,9,99,2,9,2,2,1,40,7,1991,1,6,MERCEDES C CLASS,2,E01015921,0,-1
2023332300199,2023,332300199,1,9,0,9,9,5,3,0,0,5,0,0,0,0,1,1,6,6,1,30,6,2143,2,5,MERCEDES C CLASS,3,E01025844,0,-1
2023010456521,2023,010456521,1,9,0,6,6,5,5,0,0,8,0,0,0,0,3,1,2,2,1,46,8,1796,1,11,MERCEDES C CLASS,-1,-1,0,-1
2023010427332,2023,010427332,2,9,9,99,99,9,9,99,99,0,9,99,9,99,9,9,6,6,1,36,7,1597,1,13,MERCEDES C CLASS,-1,-1,0,-1
2023010486432,2023,010486432,1,9,0,9,9,5,3,0,0,8,1,0,0,0,1,1,6,6,1,46,8,1598,2,7,MERCEDES C CLASS,3,E01004393,0,-1
2023231265437,2023,231265437,2,9,0,18,19,4,8,0,0,8,0,0,0,0,1,1,6,6,2,73,10,2148,2,18,MERCEDES C CLASS,-1,-1,0,-1
2023010425044,2023,010425044,1,9,0,18,19,7,3,0,0,1,0,0,0,0,1,1,6,6,2,48,8,2143,2,8,MERCEDES C CLASS,5,E01002363,0,-1
2023131260002,2023,131260002,1,9,0,5,5,7,3,0,0,0,0,0,0,0,1,1,2,2,1,68,10,2987,2,13,MERCEDES C CLASS,3,E01011016,0,-1
2023101286073,2023,101286073,1,9,0,4,4,1,1,0,0,1,0,0,0,0,3,1,5,6,1,59,9,1598,2,7,MERCEDES C CLASS,4,E01008779,0,-1
2023411339971,2023,411339971,1,9,0,6,6,7,7,0,0,0,0,0,0,0,1,1,5,6,1,21,5,2143,2,7,MERCEDES C CLASS,10,E01017780,0,-1
2023440470906,2023,440470906,1,9,0,14,14,8,4,0,0,1,0,0,0,0,4,1,6,6,1,51,8,2143,2,9,MERCEDES C CLASS,-1,-1,0,-1
2023010482994,2023,010482994,2,9,0,99,99,9,9,99,99,9,9,99,9,99,1,9,6,6,1,-1,-1,1598,2,8,MERCEDES C CLASS,-1,-1,0,-1
2023201400745,2023,201400745,1,9,0,18,19,8,6,0,0,8,0,0,0,0,1,1,6,6,2,37,7,2143,2,6,MERCEDES C CLASS,8,E01009958,0,-1
2023010460628,2023,010460628,1,9,0,18,19,1,5,2,2,1,5,0,0,0,1,1,6,6,1,31,6,1796,1,12,MERCEDES C CLASS,8,E01004073,0,-1
2023451340877,2023,451340877,1,9,0,11,11,5,1,0,0,0,0,0,0,0,1,1,2,2,1,32,6,2143,2,11,MERCEDES C CLASS,3,E01016474,0,-1
2023451363140,2023,451363140,1,9,0,18,19,7,3,0,0,0,0,0,0,0,3,1,5,6,1,32,6,2143,2,7,MERCEDES C CLASS,5,E01022579,0,-1
2023461381893,2023,461381893,3,9,0,18,19,3,7,0,0,0,0,1,0,0,1,1,5,6,1,43,7,2148,2,15,MERCEDES C CLASS,4,E01024510,0,-1
2023451287060,2023,451287060,2,9,0,7,7,6,7,0,0,5,0,0,0,0,4,1,6,6,1,48,8,2143,2,6,MERCEDES C CLASS,7,E01030700,0,-1
2023302300999,2023,302300999,1,9,0,4,4,8,4,0,0,1,0,0,0,0,2,1,6,6,1,33,6,1598,2,5,MERCEDES C CLASS,3,E01033421,0,-1
2023531297851,2023,531297851,1,9,0,5,5,5,1,0,0,0,0,0,0,0,3,1,5,6,1,78,11,1991,8,6,MERCEDES C CLASS,5,E01032355,0,-1
2023010435837,2023,010435837,1,9,9,99,99,9,9,99,99,9,9,99,9,99,9,9,6,6,3,-1,-1,2143,2,7,MERCEDES C CLASS,-1,-1,0,-1
2023201377753,2023,201377753,3,9,0,3,3,1,5,0,0,0,0,0,0,0,2,1,6,6,1,29,6,2143,2,6,MERCEDES C CLASS,-1,-1,0,-1
2023161287394,2023,161287394,1,9,0,18,19,4,7,0,0,1,1,0,0,0,1,1,5,6,1,61,9,1950,2,4,MERCEDES C CLASS,10,E01013060,0,-1
2023421332516,2023,421332516,1,9,0,13,13,7,3,0,0,0,1,10,7,0,1,1,5,6,1,30,6,2148,2,15,MERCEDES C CLASS,10,E01023440,0,-1
2023302300711,2023,302300711,2,9,0,7,7,3,2,0,0,8,0,0,0,0,1,1,6,6,2,24,5,2143,2,10,MERCEDES C CLASS,1,E01013487,0,-1
2023221300941,2023,221300941,1,9,0,18,19,8,4,0,0,8,0,0,0,0,1,1,5,6,1,28,6,2143,2,11,MERCEDES C CLASS,1,E01010445,0,-1
2023061351547,2023,061351547,1,9,0,18,19,2,6,0,0,8,0,0,0,0,1,1,5,6,1,37,7,2143,2,10,MERCEDES C CLASS,2,-1,0,-1
2023471371172,2023,471371172,1,9,0,9,9,7,5,0,0,8,0,0,0,0,1,1,5,6,1,78,11,2149,2,16,MERCEDES C CLASS,1,E01021019,0,-1
2023471390703,2023,471390703,1,9,0,9,9,5,3,0,0,0,0,0,0,0,3,1,5,6,1,80,11,2143,2,11,MERCEDES C CLASS,8,E01021106,0,-1
2023010443125,2023,010443125,3,9,0,4,4,1,5,0,0,0,0,0,0,0,2,1,6,6,1,40,7,1991,8,5,MERCEDES C CLASS,6,E01017616,0,-1
2023010435760,2023,010435760,1,9,0,18,19,7,3,0,0,6,0,0,0,0,1,1,2,2,2,37,7,1796,1,18,MERCEDES C CLASS,5,E01000360,0,-1
2023421321314,2023,421321314,2,9,0,18,19,7,8,0,0,0,0,2,0,0,1,1,6,6,1,78,11,2143,2,8,MERCEDES C CLASS,9,E01021661,0,-1
2023010431153,2023,010431153,2,9,0,18,19,7,3,0,0,8,0,0,0,0,3,1,6,6,2,38,7,2143,2,6,MERCEDES C CLASS,3,E01003769,0,-1
2023031353610,2023,031353610,1,9,0,18,19,1,5,0,0,1,0,0,0,0,4,1,5,6,1,50,8,2143,2,14,MERCEDES C CLASS,5,E01019188,0,-1
2023131304684,2023,131304684,2,9,0,6,6,6,2,0,0,0,0,0,0,0,0,1,6,6,1,44,7,2149,2,16,MERCEDES C CLASS,8,E01011530,0,-1
2023010426398,2023,010426398,1,9,0,18,19,7,3,0,0,0,0,0,0,0,3,1,2,2,1,35,6,1991,8,7,MERCEDES C CLASS,10,E01002196,0,-1
2023101306475,2023,101306475,1,9,0,4,4,1,5,0,0,0,0,0,0,0,0,1,6,6,3,-1,-1,2143,2,6,MERCEDES C CLASS,-1,-1,0,-1
2023010426834,2023,010426834,1,9,0,18,19,5,1,9,9,1,0,0,7,4,3,1,6,6,1,30,6,1796,1,19,MERCEDES C CLASS,7,E01014402,0,-1
2023401307375,2023,401307375,1,9,0,17,19,5,3,0,0,8,0,0,0,0,1,1,5,6,1,26,6,2987,2,16,MERCEDES C CLASS,9,E01017441,0,-1
2023010461435,2023,010461435,1,9,0,18,19,3,7,0,0,0,0,0,0,0,1,1,6,6,1,35,6,1595,1,8,MERCEDES C CLASS,7,E01001922,0,-1
2023061320224,2023,061320224,1,9,0,7,7,8,2,0,0,6,0,0,0,0,1,1,2,2,1,53,8,1796,1,17,MERCEDES C CLASS,1,E01005088,0,-1
2023141309831,2023,141309831,1,9,0,18,19,7,3,0,0,0,0,11,2,7,1,1,5,6,1,22,5,1950,2,4,MERCEDES C CLASS,3,E01007540,0,-1
2023311334177,2023,311334177,1,9,0,18,19,4,8,0,0,1,0,0,0,0,1,1,5,6,1,22,5,2143,2,8,MERCEDES C CLASS,8,E01027938,0,-1
2023531288304,2023,531288304,1,9,0,14,14,6,2,0,0,0,1,0,2,7,3,1,5,6,1,43,7,2497,2,25,MERCEDES C CLASS,6,E01022162,0,-1
2023522301309,2023,522301309,1,9,0,18,19,3,7,0,0,8,0,0,0,0,1,1,6,6,1,32,6,1950,2,2,MERCEDES C CLASS,9,E01022372,0,-1
2023010462063,2023,010462063,1,9,0,18,19,6,2,0,0,1,0,0,0,0,1,1,6,6,2,39,7,1796,1,12,MERCEDES C CLASS,2,E01033090,0,-1
2023052301451,2023,052301451,2,9,0,2,2,0,0,0,0,1,0,0,1,0,4,1,6,6,3,-1,-1,1595,1,11,MERCEDES C CLASS,-1,-1,0,-1
2023421375984,2023,421375984,1,9,0,18,19,7,3,0,0,8,0,6,0,0,4,1,5,6,1,41,7,1796,1,19,MERCEDES C CLASS,3,E01021320,0,-1
2023061306448,2023,061306448,2,9,0,9,9,3,5,0,0,8,0,0,0,0,1,1,6,6,2,48,8,2143,2,7,MERCEDES C CLASS,2,E01005221,0,-1
2023010427193,2023,010427193,1,9,0,18,19,3,7,0,0,0,0,0,0,0,1,1,6,6,1,31,6,2143,2,6,MERCEDES C CLASS,2,E01003321,0,-1
2023010421070,2023,010421070,1,9,0,99,99,9,9,99,99,9,9,99,9,99,1,9,6,6,3,31,6,2148,2,14,MERCEDES C CLASS,3,E01004453,0,-1
2023010484057,2023,010484057,2,9,0,18,19,7,3,0,0,1,0,0,0,0,4,1,6,6,2,31,6,1796,1,12,MERCEDES C CLASS,4,E01000625,0,-1
2023010430325,2023,010430325,1,9,0,4,4,7,3,0,0,0,0,0,0,0,2,1,2,2,1,36,7,2143,2,5,MERCEDES C CLASS,3,E01016146,0,-1
2023430090255,2023,430090255,2,9,0,18,19,7,3,0,0,0,0,0,0,0,1,1,6,6,2,28,6,2143,2,8,MERCEDES C CLASS,-1,-1,0,-1
2023552300067,2023,552300067,1,9,0,9,9,4,3,0,0,6,0,0,0,0,4,1,6,6,2,74,10,2987,2,13,MERCEDES C CLASS,8,E01020367,0,-1
2023122300438,2023,122300438,1,9,0,5,5,8,4,0,0,4,0,0,0,0,1,1,6,6,2,52,8,1991,1,5,MERCEDES C CLASS,9,E01027655,0,-1
2023471262216,2023,471262216,2,9,0,18,19,1,5,0,0,8,0,0,0,0,3,1,1,1,2,25,5,1497,8,3,MERCEDES C CLASS,4,E01021006,0,-1
2023430370001,2023,430370001,1,9,0,18,19,6,2,0,0,6,0,0,0,0,1,1,6,6,1,32,6,2143,2,6,MERCEDES C CLASS,7,E01032960,0,-1
2023170H10983,2023,170H10983,1,9,0,3,3,5,1,0,0,1,0,0,0,0,2,1,6,6,1,30,6,2148,2,14,MERCEDES C CLASS,1,E01011992,0,-1
2023111261320,2023,111261320,1,9,0,18,19,1,5,0,0,2,0,0,0,0,4,1,6,6,1,48,8,2143,2,10,MERCEDES C CLASS,7,E01020684,0,-1
2023320514366,2023,320514366,1,9,0,7,7,4,6,0,0,2,1,0,3,11,1,1,6,6,1,40,7,2148,2,16,MERCEDES C CLASS,-1,-1,0,-1
2023451305839,2023,451305839,1,9,0,18,19,8,4,0,0,0,0,0,1,6,4,1,5,6,2,52,8,1796,1,17,MERCEDES C CLASS,9,E01030612,0,-1
2023010463450,2023,010463450,2,9,0,2,2,0,0,0,0,0,0,0,0,0,4,1,6,6,3,-1,-1,1796,1,12,MERCEDES C CLASS,-1,-1,0,-1
2023351372059,2023,351372059,2,9,0,3,3,5,1,0,0,0,0,0,0,0,2,1,2,2,2,49,8,1950,2,4,MERCEDES C CLASS,7,E01027090,0,-1
2023010462591,2023,010462591,2,9,0,99,99,9,9,99,99,0,9,99,9,99,0,9,6,6,3,-1,-1,2143,2,5,MERCEDES C CLASS,5,E01009548,0,-1
2023302300388,2023,302300388,3,9,0,12,12,6,2,0,0,0,0,0,0,0,1,1,6,6,1,39,7,2143,2,11,MERCEDES C CLASS,2,E01009891,0,-1
2023361331715,2023,361331715,1,9,0,5,5,1,6,0,0,8,0,0,1,0,3,1,6,6,1,78,11,2143,2,12,MERCEDES C CLASS,8,E01020455,0,-1
2023320789805,2023,320789805,3,9,0,2,2,0,0,0,0,0,0,0,0,0,2,1,6,6,3,-1,-1,2143,2,11,MERCEDES C CLASS,-1,-1,0,-1
2023440052098,2023,440052098,1,9,0,4,4,6,2,0,0,4,0,0,0,0,1,1,2,2,1,76,11,2143,2,6,MERCEDES C CLASS,7,E01016197,0,-1
2023161384439,2023,161384439,1,9,0,5,5,5,1,0,0,0,0,10,0,0,1,1,5,6,1,21,5,2143,2,7,MERCEDES C CLASS,1,E01012858,0,-1
2023461362354,2023,461362354,1,9,0,18,19,7,3,0,0,8,0,0,0,0,1,1,6,6,2,46,8,2143,2,8,MERCEDES C CLASS,5,E01024619,0,-1
2023010437307,2023,010437307,4,9,0,2,2,0,0,0,0,0,0,0,0,0,0,1,6,6,3,-1,-1,1991,1,6,MERCEDES C CLASS,-1,-1,0,-1
2023622300726,2023,622300726,2,9,0,4,4,6,2,0,0,0,0,0,0,0,2,1,6,6,1,37,7,1496,8,1,MERCEDES C CLASS,1,W01001880,0,-1
2023010445100,2023,010445100,1,9,0,8,8,4,7,0,0,1,0,0,0,0,1,1,6,6,1,21,5,2143,2,6,MERCEDES C CLASS,5,E01000338,0,-1
2023010484601,2023,010484601,1,9,0,18,19,7,3,0,0,8,0,0,0,0,1,1,6,6,1,50,8,1796,1,13,MERCEDES C CLASS,5,E01001294,0,-1
2023311331149,2023,311331149,1,9,0,9,9,7,5,0,0,2,0,0,0,0,4,1,5,6,1,45,7,2143,2,9,MERCEDES C CLASS,1,E01013825,0,-1
2023010478911,2023,010478911,1,9,0,18,19,8,4,0,0,0,0,0,0,0,2,1,6,6,1,47,8,1595,1,10,MERCEDES C CLASS,2,E01001971,0,-1
2023041389845,2023,041389845,1,9,0,18,19,4,2,0,0,1,0,4,0,0,1,1,6,6,1,86,11,2148,2,14,MERCEDES C CLASS,8,E01025052,0,-1
2023340NN4692,2023,340NN4692,2,9,0,18,19,1,5,0,0,1,0,0,0,0,1,1,6,6,2,39,7,2143,2,8,MERCEDES C CLASS,7,E01018128,0,-1
2023010471474,2023,010471474,2,9,0,18,19,5,1,0,0,8,0,0,0,0,1,1,6,6,1,24,5,1796,1,11,MERCEDES C CLASS,1,E01000105,0,-1
2023010431932,2023,010431932,2,9,0,18,19,3,7,0,0,1,0,0,0,0,3,1,6,6,2,32,6,1796,1,16,MERCEDES C CLASS,2,E01003729,0,-1
2023052302656,2023,052302656,1,9,0,18,19,3,7,0,0,8,0,0,0,0,3,1,6,6,1,20,4,1598,2,6,MERCEDES C CLASS,1,E01025084,0,-1
2023201295759,2023,201295759,1,9,0,7,7,-1,-1,0,0,5,0,0,0,0,4,1,6,6,3,-1,-1,2143,2,9,MERCEDES C CLASS,-1,-1,0,-1
2023543880823,2023,543880823,2,9,0,18,19,7,3,0,0,0,0,0,0,0,1,1,6,6,1,38,7,2143,2,12,MERCEDES C CLASS,4,E01032104,0,-1
2023101319543,2023,101319543,1,9,0,18,19,1,5,0,0,0,0,0,0,0,4,1,5,6,1,69,10,2987,2,15,MERCEDES C CLASS,10,E01008317,0,-1
2023170M11313,2023,170M11313,2,9,0,18,19,4,8,0,0,1,0,0,0,0,1,1,6,6,1,31,6,1991,8,6,MERCEDES C CLASS,8,E01020622,0,-1
2023010442163,2023,010442163,1,9,0,99,99,9,9,99,99,9,9,99,9,99,2,9,6,6,1,20,4,1497,8,4,MERCEDES C CLASS,9,E01002983,0,-1
2023991391473,2023,991391473,1,9,0,18,19,5,1,0,0,2,0,0,0,0,4,1,5,6,1,25,5,1497,8,4,MERCEDES C CLASS,2,-1,0,-1
2023070332009,2023,070332009,1,9,0,5,5,5,1,0,0,2,0,0,0,0,4,1,3,7,2,41,7,1950,2,5,MERCEDES C CLASS,5,E01018480,0,-1
2023231375243,2023,231375243,2,9,0,4,4,2,6,0,0,0,0,0,0,0,2,1,2,2,1,52,8,2143,2,8,MERCEDES C CLASS,7,E01027210,0,-1
2023010484889,2023,010484889,1,9,0,15,15,5,1,0,0,1,0,0,0,0,0,1,2,2,1,48,8,2143,2,7,MERCEDES C CLASS,2,E01001051,0,-1
2023201453066,2023,201453066,1,9,0,18,19,8,4,0,0,0,0,0,0,0,0,1,6,6,1,34,6,2143,2,10,MERCEDES C CLASS,5,E01031078,0,-1
2023401380362,2023,401380362,3,9,0,2,2,0,0,0,0,0,0,0,0,0,2,1,6,6,3,-1,-1,2143,2,11,MERCEDES C CLASS,-1,-1,0,-1
2023201326951,2023,201326951,2,9,0,8,8,6,8,0,0,1,0,0,0,0,2,1,6,6,1,33,6,1991,1,4,MERCEDES C CLASS,9,E01010175,0,-1
2023401311371,2023,401311371,2,9,0,18,19,-1,-1,0,0,8,0,0,0,0,1,1,5,6,1,22,5,2143,2,10,MERCEDES C CLASS,7,E01017511,0,-1
2023320366940,2023,320366940,1,9,0,7,7,2,4,0,0,6,0,0,7,9,1,1,6,6,2,78,11,2143,2,8,MERCEDES C CLASS,3,E01026323,0,-1
2023052301856,2023,052301856,2,9,0,3,3,5,1,0,0,0,0,0,0,0,2,1,2,2,1,58,9,1993,12,1,MERCEDES C CLASS,9,E01025470,0,-1
2023361391627,2023,361391627,2,9,0,2,2,0,0,0,0,0,0,0,0,0,2,1,6,6,3,-1,-1,2148,2,15,MERCEDES C CLASS,-1,-1,0,-1
2023421384466,2023,421384466,2,9,0,18,19,7,3,0,0,0,0,0,1,7,4,1,6,6,1,38,7,2143,2,8,MERCEDES C CLASS,6,E01023314,0,-1
2023010467124,2023,010467124,1,9,0,99,99,9,9,99,99,0,9,99,9,99,2,9,6,6,2,49,8,1796,1,16,MERCEDES C CLASS,8,E01017814,0,-1
2023221363567,2023,221363567,1,9,0,18,19,1,5,0,0,0,0,10,1,1,1,1,5,6,1,54,8,2143,2,8,MERCEDES C CLASS,6,E01032462,0,-1
2023461340114,2023,461340114,3,9,0,2,2,0,0,0,0,0,0,0,0,0,3,1,6,6,3,-1,-1,1991,1,5,MERCEDES C CLASS,-1,-1,0,-1
2023461359832,2023,461359832,1,9,0,18,19,2,4,0,0,0,0,0,0,0,3,1,6,6,1,62,9,1595,1,9,MERCEDES C CLASS,4,E01000378,0,-1
2023411355230,2023,411355230,2,9,0,18,19,6,2,0,0,0,0,0,0,0,1,1,6,6,1,51,8,1796,1,16,MERCEDES C CLASS,7,E01023888,0,-1
2023401321498,2023,401321498,1,9,0,16,19,1,5,0,0,0,0,0,0,0,1,1,6,6,1,-1,-1,2148,2,16,MERCEDES C CLASS,-1,-1,0,-1
2023010481227,2023,010481227,2,9,0,99,99,9,9,99,99,9,9,99,9,99,9,9,6,6,3,-1,-1,1796,1,16,MERCEDES C CLASS,-1,-1,0,-1
2023991334748,2023,991334748,1,9,0,18,19,5,1,0,0,1,0,0,0,0,1,1,6,6,3,30,6,2987,2,14,MERCEDES C CLASS,-1,-1,0,-1
2023010458891,2023,010458891,2,9,9,99,99,9,9,99,99,9,9,99,9,99,1,9,6,6,3,-1,-1,1497,1,5,MERCEDES C CLASS,-1,-1,0,-1
2023010459932,2023,010459932,6,9,0,18,19,7,3,0,0,1,0,0,0,0,3,1,6,6,1,24,5,1497,8,3,MERCEDES C CLASS,5,E01000615,0,-1
2023010435576,2023,010435576,1,9,0,17,19,6,2,0,0,8,0,4,4,0,1,1,6,6,1,40,7,1796,1,12,MERCEDES C CLASS,7,E01000400,0,-1
2023010477600,2023,010477600,2,9,0,4,4,7,3,0,0,1,0,0,0,0,1,1,6,6,2,39,7,1991,8,7,MERCEDES C CLASS,2,E01004410,0,-1
2023010430887,2023,010430887,2,9,0,99,99,9,9,99,99,9,9,99,9,99,2,9,6,6,1,-1,-1,1598,2,7,MERCEDES C CLASS,2,E01001340,0,-1
2023451312387,2023,451312387,1,9,0,18,19,7,3,0,0,1,0,0,0,0,1,1,5,6,2,35,6,2143,2,8,MERCEDES C CLASS,7,E01030741,0,-1
2023010462290,2023,010462290,2,9,9,99,99,9,9,99,99,9,9,99,9,99,1,9,6,6,3,-1,-1,2143,2,6,MERCEDES C CLASS,-1,-1,0,-1
2023440421651,2023,440421651,1,9,0,4,4,3,7,0,0,0,0,0,0,0,1,1,6,6,3,-1,-1,2143,2,6,MERCEDES C CLASS,-1,-1,0,-1
2023010438673,2023,010438673,1,9,0,4,4,5,1,0,0,0,0,0,0,0,1,1,6,6,2,45,7,2143,2,13,MERCEDES C CLASS,-1,-1,0,-1
2023010437916,2023,010437916,2,9,9,99,99,9,9,99,99,0,9,99,9,99,9,1,6,6,3,-1,-1,1595,1,3,MERCEDES C CLASS,-1,-1,0,-1
2023991269506,2023,991269506,2,9,0,2,2,3,7,0,0,0,0,0,0,0,4,1,6,6,3,-1,-1,2143,2,6,MERCEDES C CLASS,-1,-1,0,-1
2023010435779,2023,010435779,1,9,0,99,99,9,9,99,99,9,9,99,9,99,1,9,6,6,1,30,6,2143,2,13,MERCEDES C CLASS,5,W01000747,0,-1
2023061370076,2023,061370076,1,9,0,18,19,7,3,0,0,1,0,0,0,0,1,1,5,6,1,27,6,2143,2,10,MERCEDES C CLASS,1,E01004946,0,-1
2023010421382,2023,010421382,2,9,0,99,99,9,9,99,99,9,9,99,9,99,1,9,6,6,2,52,8,1991,8,8,MERCEDES C CLASS,7,E01001593,0,-1
2023351270790,2023,351270790,1,9,0,18,19,6,2,0,0,1,0,0,0,0,1,1,6,6,1,80,11,1950,2,5,MERCEDES C CLASS,5,E01029955,0,-1
2023451271648,2023,451271648,1,9,0,7,7,2,3,0,0,6,0,0,0,0,1,1,5,6,1,25,5,2148,2,18,MERCEDES C CLASS,5,E01030983,0,-1
2023471258840,2023,471258840,1,9,0,18,19,2,6,0,0,0,0,0,1,9,0,1,2,2,1,28,6,2148,2,21,MERCEDES C CLASS,10,E01021202,0,-1
2023461347411,2023,461347411,1,9,0,18,19,1,5,0,0,0,0,0,2,0,3,1,6,6,1,27,6,2143,2,11,MERCEDES C CLASS,2,E01016140,0,-1
2023610002823,2023,610002823,2,9,0,16,19,7,2,0,0,3,0,0,0,0,1,1,6,6,1,72,10,2143,2,5,MERCEDES C CLASS,10,W01001573,0,-1
2023010438895,2023,010438895,1,9,0,18,19,4,8,0,0,0,0,0,0,0,1,1,6,6,1,30,6,1796,1,12,MERCEDES C CLASS,3,E01000481,0,-1
2023070576449,2023,070576449,1,9,0,5,5,5,6,0,0,2,0,10,1,2,1,1,6,6,1,-1,-1,2143,2,13,MERCEDES C CLASS,1,E01003515,0,-1
2023471263539,2023,471263539,1,9,0,18,19,1,5,0,0,0,1,0,1,4,4,1,2,2,1,20,4,1796,1,19,MERCEDES C CLASS,-1,-1,0,-1
2023010484809,2023,010484809,3,9,0,3,3,5,1,0,0,0,0,0,0,0,2,1,2,2,1,41,7,2143,2,9,MERCEDES C CLASS,2,E01003556,0,-1
2023311398229,2023,311398229,1,9,0,3,3,3,7,0,0,1,0,0,0,0,2,1,6,6,1,-1,-1,2143,2,6,MERCEDES C CLASS,-1,-1,0,-1
2023111330979,2023,111330979,1,9,0,18,19,7,3,0,0,1,0,0,0,0,1,1,6,6,1,30,6,2148,2,14,MERCEDES C CLASS,2,E01020771,0,-1
2023320040434,2023,320040434,1,9,0,9,9,4,2,0,0,8,0,0,0,0,1,1,6,6,2,38,7,1497,1,4,MERCEDES C CLASS,3,E01026025,0,-1
2023351286585,2023,351286585,2,9,0,3,3,0,0,0,0,0,0,0,0,0,1,1,5,6,1,60,9,1796,1,13,MERCEDES C CLASS,9,E01015689,0,-1