collision_index,collision_year,collision_ref_no,vehicle_reference,vehicle_type,towing_and_articulation,vehicle_manoeuvre_historic,vehicle_manoeuvre,vehicle_direction_from,vehicle_direction_to,vehicle_location_restricted_lane_historic,vehicle_location_restricted_lane,junction_location,skidding_and_overturning,hit_object_in_carriageway,vehicle_leaving_carriageway,hit_object_off_carriageway,first_point_of_impact,vehicle_left_hand_drive,journey_purpose_of_driver_historic,journey_purpose_of_driver,sex_of_driver,age_of_driver,age_band_of_driver,engine_capacity_cc,propulsion_code,age_of_vehicle,generic_make_model,driver_imd_decile,lsoa_of_driver,escooter_flag,driver_distance_banding
2023010433503,2023,010433503,3,9,0,18,19,7,3,0,0,2,0,0,0,0,4,1,6,6,1,39,7,1796,1,17,MERCEDES C CLASS,4,E01000497,0,-1
2023010423019,2023,010423019,1,9,0,18,19,4,8,0,0,0,0,0,0,0,1,1,6,6,3,-1,-1,2295,1,21,MERCEDES C CLASS,-1,-1,0,-1
2023201315061,2023,201315061,2,9,0,5,5,1,4,9,9,6,0,0,0,0,4,1,6,6,1,42,7,2148,2,17,MERCEDES C CLASS,5,E01009072,0,-1
2023340NN1782,2023,340NN1782,1,9,0,9,9,2,7,0,0,6,0,0,0,0,3,1,6,6,1,30,6,2143,2,7,MERCEDES C CLASS,3,E01027312,0,-1
2023010436998,2023,010436998,1,9,0,99,99,9,9,0,0,8,0,0,0,0,9,1,6,6,3,-1,-1,1497,8,4,MERCEDES C CLASS,-1,-1,0,-1
2023471381572,2023,471381572,1,9,0,18,19,6,2,0,0,0,0,0,3,10,1,1,6,6,1,80,11,1497,1,5,MERCEDES C CLASS,9,E01031741,0,-1
2023010437580,2023,010437580,1,9,0,18,19,5,1,0,0,8,0,0,1,2,2,1,6,6,1,58,9,1796,1,17,MERCEDES C CLASS,3,E01003293,0,-1
2023622301062,2023,622301062,1,9,0,17,19,8,4,0,0,0,2,0,1,0,3,1,6,6,1,31,6,2143,2,8,MERCEDES C CLASS,1,W01001811,0,-1
2023351372847,2023,351372847,22,9,0,3,3,1,5,0,0,1,0,0,0,0,2,1,6,6,1,56,9,1950,2,4,MERCEDES C CLASS,9,E01018124,0,-1
2023010475642,2023,010475642,1,9,0,99,99,9,9,99,99,9,9,99,9,99,3,9,6,6,1,43,7,1595,1,9,MERCEDES C CLASS,2,E01001491,0,-1
2023010474927,2023,010474927,2,9,0,99,99,9,9,99,99,9,9,99,9,99,1,9,6,6,3,-1,-1,2143,2,8,MERCEDES C CLASS,-1,-1,0,-1
2023010449162,2023,010449162,1,9,0,13,13,1,5,0,0,1,1,10,0,0,4,1,6,6,1,33,6,1993,12,1,MERCEDES C CLASS,2,E01004729,0,-1
2023547594023,2023,547594023,1,9,0,9,9,3,1,0,0,5,0,0,0,0,0,1,6,6,1,71,10,2143,2,10,MERCEDES C CLASS,8,E01031397,0,-1
2023461381532,2023,461381532,1,9,0,4,4,5,6,0,0,0,0,0,0,0,2,1,5,6,2,69,10,1497,1,5,MERCEDES C CLASS,6,E01024230,0,-1
2023332300690,2023,332300690,2,9,0,2,2,0,0,0,0,0,0,0,0,0,1,1,6,6,3,-1,-1,2143,2,5,MERCEDES C CLASS,-1,-1,0,-1
2023010483212,2023,010483212,1,9,0,99,99,9,9,99,99,9,9,99,9,99,1,9,1,1,1,38,7,1991,8,7,MERCEDES C CLASS,5,E01003368,0,-1
2023010421681,2023,010421681,1,9,0,3,3,7,3,0,0,2,0,0,0,0,2,1,2,2,1,36,7,1597,1,14,MERCEDES C CLASS,3,E01004573,0,-1
2023401388514,2023,401388514,1,9,0,18,19,3,7,0,0,0,0,0,0,0,4,1,6,6,1,38,7,1497,1,5,MERCEDES C CLASS,9,E01002992,0,-1
2023010421459,2023,010421459,2,9,0,16,19,5,1,0,0,0,0,0,0,0,1,1,2,2,1,26,6,2143,2,6,MERCEDES C CLASS,-1,-1,0,-1
2023421305771,2023,421305771,2,9,0,18,19,7,1,0,0,0,0,0,0,0,3,1,5,6,2,44,7,1796,1,11,MERCEDES C CLASS,4,E01021777,0,-1
2023430187464,2023,430187464,2,9,0,2,2,0,0,0,0,2,0,0,0,0,2,1,6,6,3,-1,-1,2143,2,10,MERCEDES C CLASS,-1,-1,0,-1
2023141290106,2023,141290106,2,9,0,18,19,1,5,0,0,0,0,0,0,0,3,1,6,6,1,55,8,2143,2,9,MERCEDES C CLASS,1,E01007768,0,-1
2023010475089,2023,010475089,2,9,0,99,99,9,9,0,0,1,0,0,0,0,1,9,6,6,3,-1,-1,1796,1,18,MERCEDES C CLASS,-1,-1,0,-1
2023522400667,2023,522400667,1,9,0,9,9,7,5,0,0,6,0,0,0,0,3,1,6,6,1,38,7,2148,2,17,MERCEDES C CLASS,7,E01014772,0,-1
2023332301122,2023,332301122,1,9,0,3,3,1,5,0,0,0,0,0,0,0,2,1,6,6,1,24,5,2148,2,15,MERCEDES C CLASS,1,E01013651,0,-1
2023052300621,2023,052300621,2,9,0,18,19,3,7,0,0,8,0,0,0,0,1,1,6,6,1,54,8,2143,2,6,MERCEDES C CLASS,1,E01006447,0,-1
2023131267576,2023,131267576,1,9,0,18,19,3,7,0,0,0,5,7,0,0,1,1,2,2,1,37,7,2143,2,9,MERCEDES C CLASS,7,E01032490,0,-1
2023010453636,2023,010453636,2,9,0,99,99,9,9,99,99,9,9,99,9,99,1,9,6,6,3,-1,-1,1595,1,4,MERCEDES C CLASS,4,E01003554,0,-1
2023311373628,2023,311373628,1,9,0,9,9,4,3,0,0,4,0,0,0,0,1,1,6,6,1,31,6,1497,8,3,MERCEDES C CLASS,3,E01013873,0,-1
2023010466893,2023,010466893,4,9,0,2,2,0,0,0,0,1,0,0,0,0,1,1,6,6,3,-1,-1,1998,1,21,MERCEDES C CLASS,-1,-1,0,-1
2023231361383,2023,231361383,2,9,0,18,19,5,1,0,0,0,1,0,5,6,1,1,6,6,1,46,8,1991,1,8,MERCEDES C CLASS,3,E01001311,0,-1
2023302300153,2023,302300153,1,9,0,4,4,4,8,0,0,0,0,0,0,0,2,1,6,6,1,46,8,1598,2,5,MERCEDES C CLASS,5,E01013931,0,-1
2023221303832,2023,221303832,1,9,0,17,19,5,2,0,0,0,5,0,2,0,1,1,6,6,1,33,6,2143,2,11,MERCEDES C CLASS,7,E01032425,0,-1
2023111288527,2023,111288527,1,9,0,18,19,8,4,0,0,0,0,8,0,0,1,1,6,6,1,30,6,2148,2,15,MERCEDES C CLASS,8,E01020828,0,-1
2023201392710,2023,201392710,4,9,0,2,2,0,0,0,0,1,0,0,0,0,2,1,5,6,1,-1,-1,2143,2,9,MERCEDES C CLASS,-1,-1,0,-1
2023010444189,2023,010444189,2,9,0,99,99,9,9,99,99,9,9,99,9,99,1,9,6,6,3,-1,-1,2143,2,11,MERCEDES C CLASS,-1,-1,0,-1
2023010482143,2023,010482143,2,8,0,99,99,9,9,99,99,9,9,99,9,99,2,9,6,6,3,28,6,1991,1,8,MERCEDES C CLASS,1,E01004298,0,-1
2023010477490,2023,010477490,2,9,0,99,99,9,9,99,99,9,9,99,9,99,1,9,6,6,3,-1,-1,2987,2,15,MERCEDES C CLASS,-1,-1,0,-1
2023430559177,2023,430559177,1,9,0,9,9,6,4,0,0,5,0,0,0,0,1,1,2,2,1,68,10,2143,2,6,MERCEDES C CLASS,10,E01032610,0,-1
2023101297569,2023,101297569,2,9,0,18,19,4,7,0,0,0,0,0,0,0,4,1,6,6,1,22,5,2148,2,15,MERCEDES C CLASS,1,E01008305,0,-1
2023461328137,2023,461328137,1,9,0,-1,-1,-1,-1,-1,-1,0,-1,-1,-1,0,1,1,6,6,1,41,7,2149,2,16,MERCEDES C CLASS,7,E01024173,0,-1
2023311378631,2023,311378631,1,9,0,18,19,1,5,0,0,8,0,0,0,0,1,1,6,6,1,39,7,1991,8,7,MERCEDES C CLASS,1,E01013846,0,-1
2023991343747,2023,991343747,1,9,0,18,19,1,7,0,0,0,0,0,0,0,1,1,6,6,1,18,4,1598,2,6,MERCEDES C CLASS,7,-1,0,-1
2023010439601,2023,010439601,2,9,0,99,99,9,9,99,99,0,9,99,9,99,2,9,6,6,3,-1,-1,1796,1,11,MERCEDES C CLASS,3,E01003520,0,-1
2023622300851,2023,622300851,1,9,0,18,19,4,8,0,0,0,0,0,4,6,1,1,6,6,1,65,9,2143,2,8,MERCEDES C CLASS,1,W01001345,0,-1
2023010421818,2023,010421818,2,9,0,99,99,9,9,99,99,9,9,99,9,99,1,9,6,6,1,43,7,2143,2,7,MERCEDES C CLASS,4,E01001518,0,-1
2023471374911,2023,471374911,1,9,0,9,9,7,5,0,0,5,0,0,0,0,4,1,3,7,2,37,7,2148,2,15,MERCEDES C CLASS,8,E01031535,0,-1
2023461271384,2023,461271384,1,9,0,9,9,3,1,0,0,2,0,0,0,0,1,1,5,6,1,81,11,1991,1,5,MERCEDES C CLASS,8,E01024085,0,-1
2023440292430,2023,440292430,1,9,0,14,14,1,5,0,0,8,0,0,0,0,1,1,6,6,1,19,4,2143,2,8,MERCEDES C CLASS,7,E01022777,0,-1
2023411356805,2023,411356805,1,9,0,18,19,-1,-1,0,0,2,0,0,0,0,1,1,6,6,1,-1,-1,2143,2,8,MERCEDES C CLASS,7,E01023345,0,-1
2023371287929,2023,371287929,2,9,-1,-1,-1,-1,-1,-1,-1,0,-1,-1,-1,0,-1,1,6,6,3,-1,-1,2143,2,10,MERCEDES C CLASS,-1,-1,0,-1
2023411352007,2023,411352007,1,9,0,18,19,3,7,0,0,0,1,11,1,6,3,1,6,6,1,40,7,2143,2,6,MERCEDES C CLASS,2,E01004238,0,-1
2023311417493,2023,311417493,4,9,0,18,19,4,8,0,0,2,0,0,0,0,1,1,6,6,1,34,6,1796,1,16,MERCEDES C CLASS,8,E01000212,0,-1
2023991348803,2023,991348803,1,9,0,18,19,2,6,0,0,0,1,0,0,0,1,1,5,6,1,45,7,2143,2,10,MERCEDES C CLASS,6,-1,0,-1
2023061307614,2023,061307614,2,9,0,18,19,1,5,0,0,0,0,0,0,0,2,1,6,6,2,33,6,2148,2,14,MERCEDES C CLASS,4,E01033299,0,-1
2023421362690,2023,421362690,2,9,0,9,9,6,1,0,0,4,0,0,0,0,3,1,6,6,2,23,5,2143,2,6,MERCEDES C CLASS,8,E01015823,0,-1
2023421311905,2023,421311905,1,9,0,17,19,5,1,0,0,0,0,0,0,0,1,1,2,2,1,34,6,1796,1,16,MERCEDES C CLASS,7,E01022087,0,-1
2023052301752,2023,052301752,2,9,0,18,19,2,8,0,0,0,0,0,0,0,1,1,6,6,1,51,8,2143,2,9,MERCEDES C CLASS,3,E01007240,0,-1
2023010423746,2023,010423746,1,9,0,18,19,3,7,0,0,1,2,11,0,0,1,1,6,6,1,20,4,2143,2,7,MERCEDES C CLASS,9,E01002518,0,-1
2023221330662,2023,221330662,2,9,0,17,19,2,6,0,0,0,0,4,7,11,1,1,5,6,2,61,9,2143,2,7,MERCEDES C CLASS,9,E01032336,0,-1
2023010468692,2023,010468692,1,9,0,9,9,1,7,0,0,1,0,0,0,0,3,1,2,2,1,51,8,2143,2,5,MERCEDES C CLASS,4,E01004065,0,-1
2023010474964,2023,010474964,3,9,0,3,3,3,7,0,0,1,0,0,0,0,1,1,6,6,1,36,7,1595,1,10,MERCEDES C CLASS,-1,-1,0,-1
2023522301092,2023,522301092,2,9,0,9,9,5,3,0,0,8,0,0,0,0,3,1,6,6,1,65,9,2148,2,19,MERCEDES C CLASS,5,E01018943,0,-1
2023010439576,2023,010439576,2,9,0,99,99,9,9,99,99,9,9,99,9,99,9,9,6,6,3,67,10,1796,1,13,MERCEDES C CLASS,1,E01001740,0,-1
2023501292782,2023,501292782,1,9,0,4,4,1,3,0,0,0,0,0,7,2,1,1,5,6,1,88,11,1796,1,18,MERCEDES C CLASS,2,E01020103,0,-1
2023461382944,2023,461382944,3,9,0,4,4,5,1,0,0,0,0,0,0,0,2,1,2,2,1,60,9,2143,2,8,MERCEDES C CLASS,8,E01016126,0,-1
2023010483424,2023,010483424,2,9,0,99,99,9,9,99,99,9,9,99,9,99,1,9,6,6,3,-1,-1,1796,1,15,MERCEDES C CLASS,-1,-1,0,-1
2023010455858,2023,010455858,2,9,0,99,99,9,9,99,99,9,9,99,9,99,1,9,6,6,3,-1,-1,2143,2,10,MERCEDES C CLASS,-1,-1,0,-1
2023010431108,2023,010431108,2,9,0,99,99,9,9,99,99,9,9,99,9,99,1,9,6,6,1,25,5,2143,2,7,MERCEDES C CLASS,-1,-1,0,-1
2023361396908,2023,361396908,2,9,0,9,9,6,4,0,0,8,0,0,0,0,3,1,2,2,1,59,9,2143,2,10,MERCEDES C CLASS,9,E01026836,0,-1
2023351330192,2023,351330192,1,9,0,9,9,5,3,0,0,8,0,0,0,0,3,1,2,2,1,61,9,1991,1,7,MERCEDES C CLASS,2,E01015662,0,-1
2023351347515,2023,351347515,1,9,0,18,19,4,7,0,0,4,1,10,8,1,1,1,1,1,1,50,8,1497,8,4,MERCEDES C CLASS,4,E01001396,0,-1
2023041315239,2023,041315239,4,9,0,2,2,0,0,9,9,1,0,0,0,0,2,1,6,6,3,-1,-1,1796,1,16,MERCEDES C CLASS,-1,-1,0,-1
2023340NN4142,2023,340NN4142,2,9,0,5,5,1,2,0,0,6,0,0,1,0,2,1,1,1,1,29,6,1597,2,4,MERCEDES C CLASS,2,E01027314,0,-1
2023122300981,2023,122300981,1,9,0,9,9,2,6,0,0,4,0,0,0,0,3,1,6,6,1,51,8,1991,1,7,MERCEDES C CLASS,5,E01025193,0,-1
2023010434361,2023,010434361,2,9,0,18,19,3,7,0,0,1,0,0,0,0,1,1,6,6,1,58,9,1950,2,2,MERCEDES C CLASS,7,E01002577,0,-1
2023010442986,2023,010442986,2,9,9,99,99,9,9,0,0,9,9,99,0,0,9,9,6,6,1,23,5,1796,1,19,MERCEDES C CLASS,2,E01000096,0,-1
2023010442687,2023,010442687,6,9,0,2,2,0,0,0,0,0,0,0,0,0,1,1,6,6,3,-1,-1,2148,2,17,MERCEDES C CLASS,-1,-1,0,-1
2023041299980,2023,041299980,2,9,0,7,7,1,7,0,0,2,0,0,0,0,1,1,5,6,2,38,7,2143,2,7,MERCEDES C CLASS,10,E01025352,0,-1
2023010461504,2023,010461504,4,9,0,18,19,7,3,0,0,1,1,0,0,0,1,1,6,6,1,32,6,1497,8,4,MERCEDES C CLASS,-1,-1,0,-1
2023440510706,2023,440510706,2,9,0,11,11,3,7,0,0,8,0,0,0,0,4,1,6,6,1,90,11,2143,2,9,MERCEDES C CLASS,10,E01023172,0,-1
2023440103545,2023,440103545,1,9,0,9,9,7,5,0,0,5,0,0,0,0,1,1,6,6,2,64,9,2148,2,15,MERCEDES C CLASS,10,E01023279,0,-1
2023520301252,2023,520301252,1,9,0,18,19,6,2,0,0,8,0,0,0,0,3,1,6,6,1,22,5,2987,2,16,MERCEDES C CLASS,6,E01029180,0,-1
2023421367893,2023,421367893,2,9,0,18,19,1,5,0,0,0,1,0,0,0,1,1,5,6,1,53,8,1991,8,6,MERCEDES C CLASS,5,E01002371,0,-1
2023201364109,2023,201364109,1,9,0,2,2,0,0,0,0,0,0,0,0,0,0,1,6,6,2,-1,-1,2149,2,15,MERCEDES C CLASS,5,E01009654,0,-1
2023471368020,2023,471368020,2,9,0,18,19,3,1,0,0,0,0,0,0,0,1,1,5,6,1,74,10,2143,2,12,MERCEDES C CLASS,9,E01021208,0,-1
2023010425192,2023,010425192,1,9,0,17,19,1,5,0,0,1,2,4,0,0,1,1,6,6,1,67,10,1796,1,18,MERCEDES C CLASS,4,E01003740,0,-1
2023451265625,2023,451265625,4,9,0,18,19,5,1,0,0,0,0,0,0,0,2,1,6,6,1,40,7,2143,2,7,MERCEDES C CLASS,9,E01018006,0,-1
2023170M20913,2023,170M20913,2,9,0,7,7,4,6,0,0,8,0,0,0,0,4,1,6,6,2,38,7,2143,2,7,MERCEDES C CLASS,1,E01012088,0,-1
2023010485425,2023,010485425,2,9,0,18,19,4,8,0,0,0,0,0,0,0,1,1,6,6,2,78,11,1796,1,16,MERCEDES C CLASS,-1,-1,0,-1
2023131323628,2023,131323628,1,9,0,-1,-1,-1,-1,-1,-1,0,-1,-1,-1,-1,-1,1,6,6,3,22,5,2143,2,6,MERCEDES C CLASS,-1,-1,0,-1
2023010435711,2023,010435711,1,9,0,15,15,5,1,0,0,0,0,0,0,0,1,1,6,6,1,87,11,2143,2,7,MERCEDES C CLASS,6,E01000513,0,-1
2023010478083,2023,010478083,2,9,0,99,99,9,9,99,99,0,9,99,9,99,9,9,6,6,2,34,6,1991,1,6,MERCEDES C CLASS,3,E01004217,0,-1
2023010432577,2023,010432577,1,9,0,18,19,5,1,0,0,8,0,0,0,0,1,1,6,6,1,41,7,1497,8,2,MERCEDES C CLASS,7,E01002424,0,-1
2023201285241,2023,201285241,1,9,0,7,7,5,7,0,0,6,0,0,0,0,1,1,6,6,2,-1,-1,1595,1,9,MERCEDES C CLASS,-1,-1,0,-1
2023411305880,2023,411305880,2,9,0,18,19,5,1,0,0,0,0,0,0,0,1,1,6,6,2,23,5,2148,2,14,MERCEDES C CLASS,7,E01002372,0,-1
2023421350989,2023,421350989,3,9,0,10,10,3,1,0,0,2,0,0,0,0,2,1,5,6,1,49,8,2143,2,11,MERCEDES C CLASS,4,E01022036,0,-1
2023010467989,2023,010467989,2,9,0,9,9,1,6,0,0,2,0,0,3,0,4,1,6,6,2,62,9,2996,1,14,MERCEDES C CLASS,2,E01002277,0,-1
2023411279806,2023,411279806,2,9,0,18,19,6,2,0,0,0,0,0,4,0,2,1,5,6,2,39,7,2143,2,6,MERCEDES C CLASS,3,E01015713,0,-1
2023061338736,2023,061338736,1,9,0,18,19,3,7,0,0,0,0,0,0,0,1,1,6,6,1,73,10,2143,2,7,MERCEDES C CLASS,9,E01005055,0,-1
2023010435925,2023,010435925,2,9,9,18,19,1,5,99,99,9,9,99,9,99,9,9,6,6,1,28,6,1595,1,11,MERCEDES C CLASS,5,E01000994,0,-1
2023531299084,2023,531299084,1,9,0,18,19,2,6,9,9,0,0,0,0,0,3,1,5,6,1,67,10,2143,2,7,MERCEDES C CLASS,10,E01022406,0,-1
2023061269285,2023,061269285,3,9,0,18,19,3,7,0,0,0,0,0,0,0,1,1,6,6,1,19,4,2143,2,8,MERCEDES C CLASS,-1,-1,0,-1
2023421264186,2023,421264186,1,9,0,4,4,7,3,0,0,0,0,0,0,0,1,1,6,6,1,32,6,1796,1,17,MERCEDES C CLASS,3,E01021764,0,-1
2023010477531,2023,010477531,1,9,0,4,4,5,1,0,0,2,0,0,0,0,4,1,6,6,1,79,11,1796,1,16,MERCEDES C CLASS,9,E01000207,0,-1
2023041281434,2023,041281434,2,9,0,2,2,0,0,6,6,1,0,0,0,0,3,1,3,7,2,32,6,2148,2,16,MERCEDES C CLASS,7,E01025326,0,-1
2023131295268,2023,131295268,1,9,0,9,9,6,4,0,0,8,0,0,0,0,4,1,2,2,2,25,5,2987,2,16,MERCEDES C CLASS,6,E01011057,0,-1
2023010479411,2023,010479411,1,9,0,9,9,3,1,0,0,8,0,0,0,0,4,1,6,6,1,30,6,1950,2,4,MERCEDES C CLASS,8,E01001402,0,-1
2023471340223,2023,471340223,2,9,0,2,2,0,0,0,0,1,0,0,0,0,4,1,6,6,2,-1,-1,1597,1,14,MERCEDES C CLASS,3,E01016911,0,-1
2023302300358,2023,302300358,2,9,0,18,19,6,2,0,0,0,0,0,0,0,1,1,2,2,2,53,8,1991,8,3,MERCEDES C CLASS,8,E01007671,0,-1
2023201358809,2023,201358809,2,9,0,5,5,6,2,0,0,0,0,0,0,0,1,1,6,6,1,44,7,1950,12,2,MERCEDES C CLASS,4,E01009231,0,-1
2023340WN5802,2023,340WN5802,1,9,0,17,19,6,4,0,0,1,0,0,0,1,1,1,6,6,1,67,10,2143,2,6,MERCEDES C CLASS,4,E01027142,0,-1
2023340WN0732,2023,340WN0732,3,9,0,3,3,1,5,0,0,1,0,0,0,0,4,1,2,2,1,28,6,2143,2,9,MERCEDES C CLASS,1,W01000742,0,-1
2023041386939,2023,041386939,1,9,0,4,4,7,3,0,0,0,0,0,0,0,4,1,1,1,1,40,7,2143,2,8,MERCEDES C CLASS,1,E01025248,0,-1
2023461281087,2023,461281087,4,9,0,4,4,1,2,0,0,0,0,0,0,0,2,1,6,6,1,32,6,1950,2,5,MERCEDES C CLASS,6,E01024589,0,-1
2023041390810,2023,041390810,1,9,0,18,19,5,1,0,0,0,5,0,1,4,1,1,6,6,3,18,4,2148,2,16,MERCEDES C CLASS,-1,-1,0,-1
2023010434567,2023,010434567,1,9,0,99,99,9,9,99,99,9,9,99,9,99,9,9,6,6,1,45,7,2143,2,7,MERCEDES C CLASS,2,E01001316,0,-1
2023430093203,2023,430093203,1,9,0,9,9,2,8,0,0,2,0,0,0,0,1,1,3,7,1,51,8,1950,2,4,MERCEDES C CLASS,-1,-1,0,-1
2023461353397,2023,461353397,3,9,0,2,2,0,0,0,0,0,0,4,0,0,2,1,6,6,3,-1,-1,1950,2,4,MERCEDES C CLASS,-1,-1,0,-1
2023141272350,2023,141272350,2,9,0,18,19,3,7,0,0,4,0,0,0,0,1,1,6,6,3,-1,-1,2148,2,17,MERCEDES C CLASS,-1,-1,0,-1
2023010421824,2023,010421824,1,9,0,5,5,5,1,0,0,3,0,0,0,0,1,1,1,1,2,66,10,1796,1,16,MERCEDES C CLASS,10,E01002190,0,-1
2023361345611,2023,361345611,1,9,0,5,5,5,1,0,0,1,0,0,0,0,1,1,6,6,1,23,5,2143,2,10,MERCEDES C CLASS,1,E01026699,0,-1
2023430208214,2023,430208214,2,9,0,18,19,5,8,0,0,0,0,0,7,0,1,1,6,6,3,-1,-1,2143,2,11,MERCEDES C CLASS,-1,-1,0,-1
2023122301019,2023,122301019,1,9,0,18,19,3,7,0,0,0,0,0,0,0,1,1,6,6,3,54,8,2987,2,12,MERCEDES C CLASS,6,E01027559,0,-1
2023061315362,2023,061315362,3,9,0,2,2,-1,-1,0,0,0,0,0,0,0,1,1,6,6,3,30,6,1991,8,5,MERCEDES C CLASS,2,E01005233,0,-1
2023201371630,2023,201371630,1,9,0,18,19,2,6,0,0,0,0,0,0,0,1,1,2,2,1,38,7,2143,2,11,MERCEDES C CLASS,2,E01010265,0,-1
2023430457041,2023,430457041,2,9,0,3,3,8,4,0,0,1,0,0,0,0,2,1,2,2,1,55,8,2143,2,7,MERCEDES C CLASS,10,E01028662,0,-1
2023201298204,2023,201298204,1,9,0,18,19,1,5,0,0,0,0,0,0,0,1,1,6,6,1,48,8,2148,2,15,MERCEDES C CLASS,1,E01009478,0,-1
2023520301160,2023,520301160,1,9,0,18,19,2,6,0,0,0,0,0,0,0,3,1,6,6,2,48,8,2143,2,6,MERCEDES C CLASS,7,E01029250,0,-1
2023201381769,2023,201381769,2,9,0,2,2,0,0,0,0,0,0,0,0,0,4,1,3,7,2,36,7,1796,1,13,MERCEDES C CLASS,1,E01009384,0,-1
2023201295648,2023,201295648,1,9,0,1,1,8,4,0,0,6,0,0,0,0,2,1,6,6,3,-1,-1,2148,2,17,MERCEDES C CLASS,-1,-1,0,-1
2023141341108,2023,141341108,4,9,0,2,2,0,0,9,9,2,0,0,0,0,1,1,6,6,3,-1,-1,2143,2,6,MERCEDES C CLASS,-1,-1,0,-1
2023991371957,2023,991371957,1,9,0,3,3,3,7,0,0,1,0,0,0,0,2,1,2,2,1,45,7,2143,2,8,MERCEDES C CLASS,6,-1,0,-1
2023052300782,2023,052300782,2,9,0,4,4,1,5,0,0,0,0,0,0,0,2,1,6,6,1,38,7,2143,2,7,MERCEDES C CLASS,2,E01007054,0,-1
2023311372854,2023,311372854,2,9,0,18,19,-1,-1,0,0,0,0,0,0,0,1,1,6,6,1,33,6,2148,2,15,MERCEDES C CLASS,2,E01027958,0,-1
2023221265248,2023,221265248,1,9,0,4,4,8,4,9,9,0,0,0,0,0,4,1,6,6,2,33,6,2143,2,6,MERCEDES C CLASS,4,E01008947,0,-1
2023010467904,2023,010467904,2,8,0,3,3,5,1,0,0,1,0,0,0,0,4,1,1,1,1,53,8,1991,8,6,MERCEDES C CLASS,2,E01002606,0,-1
2023421296334,2023,421296334,1,9,0,18,19,7,3,0,0,0,0,10,1,5,1,1,5,6,1,60,9,2143,2,6,MERCEDES C CLASS,4,E01021272,0,-1
2023010452908,2023,010452908,1,9,0,99,99,9,9,99,99,9,9,99,9,99,1,9,6,6,1,26,6,2143,2,6,MERCEDES C CLASS,6,E01023413,0,-1
2023991317815,2023,991317815,1,9,0,18,19,3,7,0,0,0,0,0,2,10,1,1,6,6,1,77,11,1991,1,7,MERCEDES C CLASS,10,-1,0,-1
2023320796398,2023,320796398,2,9,0,18,19,1,5,0,0,0,0,0,0,0,2,1,6,6,1,73,10,2143,2,9,MERCEDES C CLASS,-1,-1,0,-1
2023201291185,2023,201291185,2,9,0,15,15,2,6,0,0,8,0,0,0,0,1,1,6,6,1,-1,-1,2143,2,11,MERCEDES C CLASS,-1,-1,0,-1
2023010451554,2023,010451554,2,9,0,99,99,9,9,99,99,0,9,99,9,99,1,9,6,6,3,-1,-1,2143,2,8,MERCEDES C CLASS,-1,-1,0,-1
2023461383736,2023,461383736,2,9,0,18,19,5,1,0,0,1,0,0,0,0,1,1,6,6,1,41,7,2143,2,9,MERCEDES C CLASS,6,E01024513,0,-1
2023010430958,2023,010430958,2,9,0,18,19,1,5,0,0,0,0,0,0,0,1,1,6,6,1,21,5,1991,8,7,MERCEDES C CLASS,2,E01004436,0,-1
2023011387669,2023,011387669,1,9,0,18,19,3,7,0,0,0,0,0,0,0,4,1,5,6,1,80,11,1796,1,15,MERCEDES C CLASS,-1,-1,0,-1
2023991270451,2023,991270451,1,9,0,18,19,2,6,0,0,8,0,0,0,0,1,1,2,2,1,25,5,2143,2,6,MERCEDES C CLASS,5,-1,0,-1
2023201338791,2023,201338791,1,9,0,3,3,2,6,0,0,2,0,0,0,0,2,1,6,6,1,40,7,1497,1,4,MERCEDES C CLASS,10,E01010392,0,-1
2023430400649,2023,430400649,1,9,0,18,19,7,3,0,0,0,0,0,0,0,1,1,1,1,1,63,9,1796,1,18,MERCEDES C CLASS,9,E01017678,0,-1
2023131374138,2023,131374138,1,9,0,18,19,1,5,0,0,0,0,0,1,0,4,1,5,6,1,54,8,2143,2,11,MERCEDES C CLASS,1,E01011133,0,-1
2023201284976,2023,201284976,1,9,0,9,9,8,6,0,0,1,0,0,0,0,1,1,6,6,3,-1,-1,2148,2,20,MERCEDES C CLASS,-1,-1,0,-1
2023991266530,2023,991266530,1,9,0,18,19,5,1,0,0,0,0,0,1,4,1,1,6,6,1,29,6,2143,2,13,MERCEDES C CLASS,3,-1,0,-1
2023131312410,2023,131312410,1,9,0,9,9,5,3,0,0,8,0,0,0,0,1,1,5,6,1,78,11,1991,1,6,MERCEDES C CLASS,10,E01011563,0,-1
2023461349883,2023,461349883,1,9,0,7,7,5,3,0,0,8,0,0,0,0,4,1,5,6,2,41,7,1950,2,5,MERCEDES C CLASS,4,E01016143,0,-1
2023471365710,2023,471365710,2,9,0,18,19,3,7,0,0,4,0,0,0,0,1,1,5,6,1,44,7,2143,2,9,MERCEDES C CLASS,8,E01031439,0,-1