collision_index,collision_year,collision_ref_no,vehicle_reference,vehicle_type,towing_and_articulation,vehicle_manoeuvre_historic,vehicle_manoeuvre,vehicle_direction_from,vehicle_direction_to,vehicle_location_restricted_lane_historic,vehicle_location_restricted_lane,junction_location,skidding_and_overturning,hit_object_in_carriageway,vehicle_leaving_carriageway,hit_object_off_carriageway,first_point_of_impact,vehicle_left_hand_drive,journey_purpose_of_driver_historic,journey_purpose_of_driver,sex_of_driver,age_of_driver,age_band_of_driver,engine_capacity_cc,propulsion_code,age_of_vehicle,generic_make_model,driver_imd_decile,lsoa_of_driver,escooter_flag,driver_distance_banding
2023201298824,2023,201298824,1,9,0,18,19,3,8,0,0,0,0,7,4,10,1,1,2,2,1,33,6,2143,12,7,MERCEDES C CLASS,3,E01010451,0,-1
2023131329970,2023,131329970,1,9,0,-1,-1,-1,-1,-1,-1,8,-1,-1,-1,0,-1,1,6,6,3,20,4,2987,2,13,MERCEDES C CLASS,-1,-1,0,-1
2023031312385,2023,031312385,3,9,0,18,19,5,6,0,0,0,0,0,0,0,4,1,6,6,1,31,6,1497,1,5,MERCEDES C CLASS,-1,-1,0,-1
2023991283120,2023,991283120,2,9,0,9,9,7,1,0,0,8,0,0,0,0,4,1,6,6,1,36,7,2143,2,7,MERCEDES C CLASS,4,-1,0,-1
2023161317557,2023,161317557,1,9,0,16,19,3,1,0,0,3,0,0,0,0,4,1,5,6,2,25,5,1991,1,7,MERCEDES C CLASS,2,E01013240,0,-1
2023010428164,2023,010428164,2,9,0,99,99,9,9,99,99,0,9,99,9,99,9,9,6,6,3,-1,-1,2143,2,8,MERCEDES C CLASS,-1,-1,0,-1
2023010419605,2023,010419605,1,9,0,18,19,7,3,0,0,1,0,0,0,0,4,1,6,6,2,36,7,1991,8,7,MERCEDES C CLASS,4,E01003718,0,-1
2023520300617,2023,520300617,1,9,0,18,19,6,2,0,0,0,0,0,7,11,1,1,6,6,1,82,11,1950,2,3,MERCEDES C CLASS,5,E01029279,0,-1
2023461377600,2023,461377600,2,9,0,13,13,8,4,0,0,1,0,0,0,0,0,1,6,6,1,25,5,2143,2,6,MERCEDES C CLASS,4,E01024258,0,-1
2023451261122,2023,451261122,2,9,0,18,19,5,1,0,0,1,0,0,0,0,1,1,6,6,2,45,7,2143,2,9,MERCEDES C CLASS,-1,-1,0,-1
2023421345267,2023,421345267,2,9,0,2,2,3,7,0,0,1,0,0,0,0,1,1,6,6,3,-1,-1,2143,2,8,MERCEDES C CLASS,-1,-1,0,-1
2023552300597,2023,552300597,2,9,0,18,19,2,6,0,0,0,0,0,0,0,2,1,6,6,2,61,9,1796,1,13,MERCEDES C CLASS,6,E01020529,0,-1
2023010439341,2023,010439341,1,9,9,99,99,9,9,99,99,9,9,99,9,99,9,9,6,6,3,-1,-1,1497,8,2,MERCEDES C CLASS,-1,-1,0,-1
2023010463552,2023,010463552,1,9,0,9,9,1,7,0,0,5,0,0,0,0,1,1,6,6,1,21,5,2143,2,5,MERCEDES C CLASS,2,E01003994,0,-1
2023010420060,2023,010420060,2,9,0,99,99,9,9,99,99,0,9,99,9,99,1,9,6,6,3,-1,-1,1796,1,15,MERCEDES C CLASS,8,E01003426,0,-1
2023201356343,2023,201356343,1,9,0,18,19,4,8,0,0,0,0,10,0,0,1,1,5,6,1,65,9,2143,2,10,MERCEDES C CLASS,10,E01010198,0,-1
2023421312484,2023,421312484,2,9,0,16,19,5,7,0,0,8,0,0,0,0,1,1,2,2,1,23,5,2143,2,12,MERCEDES C CLASS,10,E01021614,0,-1
2023010457984,2023,010457984,1,9,9,99,99,9,9,99,99,9,9,99,9,99,9,9,6,6,3,-1,-1,2148,2,16,MERCEDES C CLASS,-1,-1,0,-1
2023531345143,2023,531345143,2,9,0,18,19,3,1,0,0,1,0,0,0,0,1,1,6,6,2,58,9,2143,2,13,MERCEDES C CLASS,9,E01022370,0,-1
2023010467007,2023,010467007,1,9,0,9,9,2,7,0,0,5,0,0,0,0,4,1,6,6,1,29,6,2143,2,5,MERCEDES C CLASS,4,E01001194,0,-1
2023332300292,2023,332300292,1,9,0,5,5,7,3,0,0,0,0,0,0,0,1,1,6,6,1,22,5,2143,2,10,MERCEDES C CLASS,5,E01013700,0,-1
2023451358782,2023,451358782,2,9,0,7,7,3,5,0,0,6,0,0,0,0,1,1,6,6,3,35,6,2143,2,9,MERCEDES C CLASS,5,E01030974,0,-1
2023010467850,2023,010467850,1,9,0,18,19,7,3,0,0,1,1,0,1,11,3,1,6,6,1,23,5,2143,2,8,MERCEDES C CLASS,8,E01023576,0,-1
2023141265505,2023,141265505,2,9,0,18,19,1,5,0,0,0,0,0,0,0,1,1,2,2,1,44,7,1796,1,17,MERCEDES C CLASS,3,E01007510,0,-1
2023010441322,2023,010441322,2,9,0,18,19,3,7,0,0,1,0,0,0,0,1,1,6,6,1,22,5,1598,2,7,MERCEDES C CLASS,-1,-1,0,-1
2023411328201,2023,411328201,1,9,0,13,13,1,5,0,0,0,0,0,0,0,1,1,6,6,1,32,6,2143,2,6,MERCEDES C CLASS,6,E01015718,0,-1
2023531260867,2023,531260867,1,9,0,18,19,5,1,0,0,0,0,0,0,0,1,1,6,6,1,32,6,1796,1,20,MERCEDES C CLASS,1,E01014574,0,-1
2023010486051,2023,010486051,2,9,0,18,19,1,5,0,0,8,0,0,0,0,1,1,6,6,3,-1,-1,2143,2,12,MERCEDES C CLASS,-1,-1,0,-1
2023501351832,2023,501351832,1,9,0,16,19,6,1,0,0,0,1,0,1,10,1,1,6,6,1,42,7,1796,1,19,MERCEDES C CLASS,6,E01015244,0,-1
2023320159575,2023,320159575,2,9,0,7,7,4,6,0,0,6,0,0,1,0,3,1,6,6,1,32,6,2143,2,11,MERCEDES C CLASS,5,E01026034,0,-1
2023430197312,2023,430197312,1,9,0,9,9,6,4,0,0,5,0,0,0,0,4,1,6,6,1,-1,-1,2143,2,6,MERCEDES C CLASS,-1,-1,0,-1
2023141362576,2023,141362576,1,9,0,18,19,5,8,0,0,1,0,0,7,0,1,1,6,6,1,24,5,2148,2,19,MERCEDES C CLASS,1,E01007547,0,-1
2023010476296,2023,010476296,3,9,0,3,3,8,4,0,0,1,0,10,0,0,3,1,6,6,1,66,10,2143,2,7,MERCEDES C CLASS,5,E01000285,0,-1
2023131355522,2023,131355522,2,9,0,18,19,3,7,0,0,0,0,0,0,0,2,1,6,6,1,67,10,2148,2,14,MERCEDES C CLASS,1,E01010802,0,-1
2023010469594,2023,010469594,1,9,0,99,99,9,9,99,99,9,9,99,9,99,2,9,6,6,2,28,6,1796,1,15,MERCEDES C CLASS,1,E01004300,0,-1
2023430223260,2023,430223260,1,9,0,18,19,5,1,0,0,3,0,0,0,0,2,1,3,7,2,32,6,2148,2,14,MERCEDES C CLASS,3,E01016511,0,-1
2023421376851,2023,421376851,3,9,0,4,4,7,3,0,0,0,0,0,0,0,4,1,6,6,1,28,6,2143,2,12,MERCEDES C CLASS,2,E01015839,0,-1
2023010478536,2023,010478536,1,9,0,4,4,1,5,0,0,5,0,0,0,0,1,1,1,1,1,28,6,2143,2,7,MERCEDES C CLASS,2,E01003973,0,-1
2023411359712,2023,411359712,2,9,0,2,2,0,0,0,0,0,0,0,0,0,3,1,6,6,3,-1,-1,1796,1,16,MERCEDES C CLASS,-1,-1,0,-1
2023010435100,2023,010435100,6,9,0,3,3,3,7,0,0,2,0,0,0,0,2,1,6,6,1,39,7,2143,2,8,MERCEDES C CLASS,7,E01024569,0,-1
2023430330803,2023,430330803,1,9,0,12,12,6,2,0,0,0,0,0,0,0,1,1,6,6,1,28,6,1950,2,4,MERCEDES C CLASS,5,E01016369,0,-1
2023451312075,2023,451312075,1,9,0,18,19,3,7,0,0,0,0,0,0,0,1,1,5,6,1,70,10,1950,2,4,MERCEDES C CLASS,8,E01031910,0,-1
2023010445390,2023,010445390,3,9,0,99,99,9,9,99,99,9,9,99,9,99,9,9,6,6,3,-1,-1,1796,1,12,MERCEDES C CLASS,5,E01002443,0,-1
2023421356737,2023,421356737,1,9,0,5,5,1,5,0,0,0,0,0,0,0,1,1,6,6,1,69,10,1796,1,20,MERCEDES C CLASS,4,E01021799,0,-1
2023451330391,2023,451330391,2,9,0,18,19,5,1,0,0,1,2,0,0,0,4,1,1,1,1,76,11,1796,1,11,MERCEDES C CLASS,10,E01030367,0,-1
2023991315868,2023,991315868,2,9,0,9,9,2,6,0,0,1,0,0,0,0,2,1,5,6,1,60,9,1597,1,14,MERCEDES C CLASS,-1,-1,0,-1
2023320752923,2023,320752923,1,9,0,17,19,8,4,0,0,0,0,0,0,1,3,1,6,6,1,53,8,2143,2,10,MERCEDES C CLASS,9,E01026211,0,-1
2023131374632,2023,131374632,1,9,0,9,9,5,3,0,0,2,0,0,0,0,3,1,5,6,1,32,6,2148,2,14,MERCEDES C CLASS,1,E01010610,0,-1
2023401338121,2023,401338121,1,9,0,18,19,1,5,0,0,1,0,0,0,0,1,1,1,1,1,56,9,1950,2,4,MERCEDES C CLASS,9,E01017439,0,-1
2023010431583,2023,010431583,1,9,0,12,12,7,3,0,0,1,0,0,0,0,1,1,6,6,1,29,6,1595,1,8,MERCEDES C CLASS,10,E01000841,0,-1
2023010475994,2023,010475994,2,9,0,18,19,5,1,0,0,8,9,0,0,0,4,9,6,6,3,-1,-1,1595,1,10,MERCEDES C CLASS,-1,-1,0,-1
2023010420572,2023,010420572,2,9,0,15,15,8,4,0,0,0,0,0,0,0,1,1,6,6,1,37,7,2143,2,7,MERCEDES C CLASS,4,E01000799,0,-1
2023421343540,2023,421343540,3,9,0,2,2,0,0,0,0,0,0,0,0,0,1,1,6,6,3,-1,-1,1796,1,16,MERCEDES C CLASS,-1,-1,0,-1
2023991322981,2023,991322981,1,9,0,18,19,7,3,0,0,0,0,0,0,0,1,1,5,6,1,79,11,1796,1,13,MERCEDES C CLASS,7,E01028713,0,-1
2023351344831,2023,351344831,2,9,0,5,5,0,0,0,0,0,0,0,0,0,0,1,2,2,1,49,8,1991,1,5,MERCEDES C CLASS,9,E01026274,0,-1
2023031329016,2023,031329016,1,9,0,5,5,5,1,0,0,0,0,0,0,0,3,1,5,6,2,41,7,2143,12,8,MERCEDES C CLASS,-1,-1,0,-1
2023371377626,2023,371377626,1,9,0,-1,-1,7,-1,0,0,1,0,0,0,0,1,1,6,6,1,-1,-1,1598,2,6,MERCEDES C CLASS,-1,-1,0,-1
2023010461620,2023,010461620,1,9,0,18,19,5,1,0,0,4,0,4,0,0,1,1,6,6,1,50,8,1796,1,14,MERCEDES C CLASS,2,E01001716,0,-1
2023010462328,2023,010462328,1,9,0,99,99,9,9,99,99,9,9,99,9,99,4,9,6,6,1,80,11,1798,1,20,MERCEDES C CLASS,8,E01017715,0,-1
2023031328370,2023,031328370,1,9,0,4,4,5,1,0,0,8,0,0,0,0,1,1,5,6,2,81,11,2148,2,14,MERCEDES C CLASS,-1,-1,0,-1
2023010481047,2023,010481047,2,9,9,99,99,9,9,99,99,0,9,99,9,99,9,9,6,6,3,-1,-1,2143,2,7,MERCEDES C CLASS,8,E01030592,0,-1
2023320350370,2023,320350370,1,9,0,5,5,5,8,0,0,2,0,0,0,0,1,1,6,6,1,-1,-1,2143,2,8,MERCEDES C CLASS,-1,-1,0,-1
2023991324889,2023,991324889,3,9,0,4,4,6,2,0,0,0,0,0,0,0,2,1,5,6,1,40,7,2143,2,9,MERCEDES C CLASS,1,-1,0,-1
2023461293343,2023,461293343,4,9,0,18,19,6,2,0,0,0,0,12,0,0,4,1,6,6,1,21,5,2148,2,18,MERCEDES C CLASS,6,E01030586,0,-1
2023010462128,2023,010462128,1,9,0,3,3,3,7,0,0,3,0,0,0,0,2,9,6,6,1,26,6,2143,2,12,MERCEDES C CLASS,8,E01030405,0,-1
2023411354796,2023,411354796,2,9,0,2,2,0,0,0,0,0,0,0,0,0,3,1,5,6,1,39,7,1497,8,4,MERCEDES C CLASS,2,E01015794,0,-1
2023041288797,2023,041288797,1,9,0,18,19,3,7,0,0,0,0,4,0,0,4,1,5,6,1,38,7,2148,2,18,MERCEDES C CLASS,4,E01012661,0,-1
2023451353366,2023,451353366,1,9,0,17,19,1,5,0,0,0,5,10,7,11,1,1,5,6,1,28,6,2143,2,5,MERCEDES C CLASS,-1,-1,0,-1
2023010486176,2023,010486176,1,9,0,18,19,5,1,0,0,1,0,11,0,0,4,1,6,6,1,35,6,1796,1,12,MERCEDES C CLASS,2,E01000434,0,-1
2023320662241,2023,320662241,1,9,0,7,7,3,4,0,0,6,0,0,0,0,1,1,1,1,2,37,7,2148,2,15,MERCEDES C CLASS,4,E01026009,0,-1
2023131298960,2023,131298960,1,9,0,9,9,1,7,0,0,1,0,0,0,0,1,1,6,6,3,-1,-1,2987,2,14,MERCEDES C CLASS,-1,-1,0,-1
2023411283586,2023,411283586,2,9,0,18,19,-1,-1,0,0,0,0,0,0,0,2,1,5,6,1,35,6,2143,2,5,MERCEDES C CLASS,6,E01023927,0,-1
2023131312599,2023,131312599,1,9,0,18,19,3,3,0,0,1,0,0,0,0,4,1,6,6,1,28,6,2143,2,6,MERCEDES C CLASS,1,E01010966,0,-1
2023010480303,2023,010480303,1,9,0,5,5,1,5,0,0,2,0,0,0,0,1,1,6,6,2,48,8,1796,1,11,MERCEDES C CLASS,6,E01004476,0,-1
2023461389337,2023,461389337,1,9,0,18,19,1,5,0,0,0,0,0,0,0,1,1,5,6,1,79,11,1796,1,19,MERCEDES C CLASS,9,E01024823,0,-1
2023340NN3632,2023,340NN3632,2,9,0,18,19,7,3,0,0,8,0,0,0,0,1,1,6,6,2,25,5,2143,2,9,MERCEDES C CLASS,10,E01027077,0,-1
2023070450403,2023,070450403,2,9,0,16,19,1,4,0,0,0,0,0,0,0,1,1,6,6,1,71,10,1796,1,16,MERCEDES C CLASS,8,E01018465,0,-1
2023010463931,2023,010463931,1,9,0,18,19,3,7,0,0,8,0,0,0,0,1,1,6,6,2,38,7,1796,1,17,MERCEDES C CLASS,-1,-1,0,-1
2023041273365,2023,041273365,1,9,0,17,19,3,7,0,0,0,0,4,0,0,1,1,6,6,1,80,11,1991,1,7,MERCEDES C CLASS,8,E01024924,0,-1
2023340WN5232,2023,340WN5232,1,9,0,18,19,4,8,0,0,2,1,0,1,4,1,1,6,6,1,28,6,2143,2,10,MERCEDES C CLASS,-1,-1,0,-1
2023332300589,2023,332300589,2,9,0,9,9,2,8,0,0,5,0,0,0,0,4,1,6,6,1,23,5,2143,2,5,MERCEDES C CLASS,7,E01013686,0,-1
2023010486414,2023,010486414,2,9,0,99,99,9,9,0,0,8,0,0,9,0,9,1,6,6,3,-1,-1,1595,1,11,MERCEDES C CLASS,-1,-1,0,-1
2023010441030,2023,010441030,2,9,0,4,4,7,3,0,0,2,0,0,0,0,3,1,3,7,1,38,7,1598,2,6,MERCEDES C CLASS,-1,-1,0,-1
2023010470461,2023,010470461,2,9,0,99,99,9,9,99,99,9,9,99,9,99,1,9,6,6,3,-1,-1,1796,1,19,MERCEDES C CLASS,4,E01002592,0,-1
2023010469581,2023,010469581,1,9,0,99,99,9,9,99,99,9,9,99,9,99,9,9,6,6,1,51,8,1991,8,8,MERCEDES C CLASS,6,E01002484,0,-1
2023991386903,2023,991386903,1,9,0,18,19,1,5,0,0,0,0,0,0,0,1,1,2,2,1,18,4,1497,1,4,MERCEDES C CLASS,-1,-1,0,-1
2023010461760,2023,010461760,1,9,0,18,19,5,1,0,0,1,5,11,3,6,1,1,6,6,1,33,6,1796,1,17,MERCEDES C CLASS,3,E01021764,0,-1
2023010437112,2023,010437112,2,9,0,18,19,5,1,0,0,1,0,0,0,0,1,1,6,6,2,34,6,1991,1,7,MERCEDES C CLASS,9,E01023308,0,-1
2023201400026,2023,201400026,1,9,0,18,19,1,5,0,0,0,0,0,0,0,1,1,6,6,1,25,5,2143,2,11,MERCEDES C CLASS,1,E01010423,0,-1
2023010442113,2023,010442113,2,9,0,99,99,9,9,99,99,9,9,99,9,99,2,9,6,6,3,37,7,2143,12,8,MERCEDES C CLASS,3,E01000499,0,-1
2023131314680,2023,131314680,1,9,0,2,2,7,3,0,0,0,0,0,0,0,2,1,1,1,1,57,9,1991,8,8,MERCEDES C CLASS,4,E01010675,0,-1
2023471360506,2023,471360506,2,9,0,4,4,4,8,0,0,2,0,0,0,0,2,1,5,6,2,51,8,1497,1,4,MERCEDES C CLASS,9,E01031756,0,-1
2023010424527,2023,010424527,2,9,0,18,19,1,5,0,0,8,0,0,0,0,2,1,6,6,2,-1,-1,1595,1,10,MERCEDES C CLASS,-1,-1,0,-1
2023421299583,2023,421299583,1,9,0,18,19,5,1,0,0,0,0,0,0,0,1,1,6,6,1,-1,-1,2148,2,14,MERCEDES C CLASS,6,E01001093,0,-1
2023131383669,2023,131383669,1,9,0,7,7,5,3,9,9,6,0,0,7,10,3,2,5,6,1,18,4,2143,2,10,MERCEDES C CLASS,1,E01010620,0,-1
2023421350897,2023,421350897,1,9,0,18,19,7,3,0,0,0,0,0,0,0,1,1,5,6,1,22,5,1950,2,4,MERCEDES C CLASS,10,E01022602,0,-1
2023010452086,2023,010452086,1,9,0,18,19,3,7,0,0,6,0,0,0,0,1,1,6,6,1,71,10,1796,1,17,MERCEDES C CLASS,5,E01000619,0,-1
2023311309321,2023,311309321,2,9,0,5,5,4,8,0,0,0,1,0,0,0,4,1,2,2,2,55,8,1796,1,19,MERCEDES C CLASS,7,E01028090,0,-1
2023131307377,2023,131307377,1,9,0,-1,-1,-1,-1,-1,-1,-1,-1,-1,-1,-1,-1,1,6,6,3,-1,-1,2148,2,14,MERCEDES C CLASS,-1,-1,0,-1
2023131283659,2023,131283659,1,9,0,18,19,2,6,0,0,0,0,0,0,0,1,1,6,6,2,35,6,2143,2,6,MERCEDES C CLASS,2,E01011852,0,-1
2023071152356,2023,071152356,2,9,0,4,4,3,7,0,0,0,0,0,0,0,2,1,2,2,1,65,9,1991,8,3,MERCEDES C CLASS,5,E01007223,0,-1
2023461276167,2023,461276167,1,9,0,18,19,8,4,0,0,1,0,0,0,0,1,1,5,6,1,44,7,1796,1,21,MERCEDES C CLASS,5,E01024551,0,-1
2023401266881,2023,401266881,2,9,0,18,19,6,2,0,0,0,0,0,0,0,2,1,1,1,2,39,7,2143,2,7,MERCEDES C CLASS,10,E01018177,0,-1
2023552301260,2023,552301260,1,9,0,6,6,8,8,0,0,0,0,0,0,0,3,1,2,2,2,36,7,2143,2,8,MERCEDES C CLASS,10,E01020401,0,-1
2023010484585,2023,010484585,1,9,0,4,4,3,7,0,0,2,0,0,0,0,1,1,1,1,1,55,8,2143,2,5,MERCEDES C CLASS,5,E01004354,0,-1
2023461279656,2023,461279656,1,9,0,14,14,2,6,0,0,1,0,0,0,0,1,1,6,6,2,37,7,2143,2,6,MERCEDES C CLASS,7,E01024037,0,-1
2023010467211,2023,010467211,1,9,0,9,9,5,2,0,0,0,0,0,0,0,4,1,6,6,1,60,9,1991,1,6,MERCEDES C CLASS,1,E01001840,0,-1
2023010444106,2023,010444106,2,9,0,99,99,9,9,99,99,9,9,99,9,99,9,9,6,6,1,76,11,2143,2,6,MERCEDES C CLASS,8,E01002892,0,-1
2023201358406,2023,201358406,1,9,0,18,19,5,2,0,0,3,0,0,0,0,1,1,6,6,1,48,8,1796,1,14,MERCEDES C CLASS,1,E01010485,0,-1
2023061298826,2023,061298826,1,9,0,18,19,1,5,0,0,0,0,0,0,0,1,1,6,6,1,32,6,2143,2,8,MERCEDES C CLASS,-1,-1,0,-1
2023010462565,2023,010462565,1,9,0,18,19,5,1,0,0,8,1,0,0,0,1,1,6,6,1,30,6,1796,1,15,MERCEDES C CLASS,2,E01003607,0,-1
2023010449679,2023,010449679,1,9,0,14,14,1,5,0,0,1,0,0,0,0,3,1,6,6,1,32,6,2987,2,13,MERCEDES C CLASS,1,E01001786,0,-1
2023010447119,2023,010447119,1,8,0,5,5,0,3,0,0,0,0,0,0,0,4,1,1,1,1,22,5,1991,8,7,MERCEDES C CLASS,4,E01001497,0,-1
2023010469724,2023,010469724,1,9,0,99,99,9,9,99,99,9,9,99,9,99,1,9,6,6,1,39,7,1991,1,7,MERCEDES C CLASS,7,E01000227,0,-1
2023101295057,2023,101295057,2,9,0,5,5,6,2,0,0,0,0,0,0,0,1,1,5,6,2,63,9,2143,2,10,MERCEDES C CLASS,4,E01008536,0,-1
2023231273717,2023,231273717,1,9,0,18,19,1,5,0,0,0,2,0,0,0,1,1,6,6,1,49,8,2143,2,11,MERCEDES C CLASS,9,E01026194,0,-1
2023401284760,2023,401284760,1,9,0,9,9,2,8,0,0,2,0,0,0,0,3,1,6,6,3,-1,-1,2143,2,6,MERCEDES C CLASS,-1,-1,0,-1
2023552300776,2023,552300776,2,9,0,17,19,3,8,0,0,0,0,0,0,0,1,1,6,6,2,62,9,2148,2,22,MERCEDES C CLASS,6,E01020508,0,-1
2023010449829,2023,010449829,1,9,0,18,19,5,1,0,0,4,0,0,2,10,1,1,6,6,2,23,5,1950,2,4,MERCEDES C CLASS,3,E01000092,0,-1
2023010432425,2023,010432425,2,9,0,99,99,9,9,99,99,9,9,99,9,99,9,9,6,6,1,59,9,1796,1,15,MERCEDES C CLASS,8,E01003845,0,-1
2023010441988,2023,010441988,2,9,0,99,99,9,9,99,99,9,9,99,9,99,9,9,6,6,3,-1,-1,1950,2,2,MERCEDES C CLASS,3,E01033464,0,-1
2023361267587,2023,361267587,2,9,0,2,2,7,3,0,0,0,0,0,0,0,2,1,6,6,1,45,7,2143,2,7,MERCEDES C CLASS,7,E01026910,0,-1
2023211380586,2023,211380586,1,9,0,18,19,2,6,0,0,2,0,0,0,0,1,1,5,6,1,-1,-1,1796,1,13,MERCEDES C CLASS,6,E01003699,0,-1
2023131278483,2023,131278483,1,9,0,16,19,2,1,0,0,1,0,0,0,0,1,1,3,7,2,37,7,1597,1,14,MERCEDES C CLASS,1,E01011428,0,-1
2023010453426,2023,010453426,1,9,0,5,5,1,5,0,0,1,0,0,0,0,2,1,6,6,2,55,8,2143,2,9,MERCEDES C CLASS,7,E01030707,0,-1
2023302300804,2023,302300804,2,9,0,2,2,0,0,9,9,0,0,0,0,0,3,1,6,6,1,42,7,2143,2,8,MERCEDES C CLASS,1,E01013472,0,-1
2023031343202,2023,031343202,1,9,0,9,9,4,1,0,0,8,0,0,1,0,1,1,1,1,1,79,11,2143,2,9,MERCEDES C CLASS,7,E01019387,0,-1
2023010464159,2023,010464159,1,9,0,17,19,1,5,0,0,2,0,11,1,0,1,2,6,6,2,50,8,1991,8,5,MERCEDES C CLASS,6,E01003416,0,-1
2023311314228,2023,311314228,1,9,0,18,19,5,1,0,0,0,0,0,0,0,2,1,6,6,2,23,5,2143,2,12,MERCEDES C CLASS,8,E01007606,0,-1
2023010471454,2023,010471454,1,9,0,5,5,5,1,0,0,1,0,0,0,0,1,1,2,2,1,76,11,1497,1,5,MERCEDES C CLASS,2,E01001340,0,-1
2023010476932,2023,010476932,1,9,0,99,99,9,9,99,99,9,9,99,9,99,1,9,6,6,3,-1,-1,1597,2,4,MERCEDES C CLASS,1,E01014658,0,-1
2023201358454,2023,201358454,1,9,0,18,19,4,8,0,0,8,0,0,0,0,4,1,6,6,1,61,9,1991,1,6,MERCEDES C CLASS,3,E01010097,0,-1
2023201327799,2023,201327799,2,9,0,2,2,0,0,0,0,0,0,0,0,0,0,1,6,6,1,32,6,2143,2,6,MERCEDES C CLASS,1,E01029979,0,-1
2023461380922,2023,461380922,1,9,0,18,19,7,2,0,0,1,0,0,1,0,1,1,6,6,1,41,7,1991,1,7,MERCEDES C CLASS,3,E01024047,0,-1
2023010472818,2023,010472818,2,9,0,99,99,9,9,99,99,9,9,99,9,99,2,9,6,6,3,-1,-1,1991,8,7,MERCEDES C CLASS,8,E01003678,0,-1
2023010468252,2023,010468252,1,9,0,18,19,5,1,0,0,0,0,10,7,11,1,1,6,6,1,50,8,1950,2,5,MERCEDES C CLASS,-1,-1,0,-1
2023141357190,2023,141357190,2,9,0,18,19,6,2,0,0,1,0,0,0,0,3,2,6,6,3,-1,-1,2143,2,9,MERCEDES C CLASS,-1,-1,0,-1
2023471368323,2023,471368323,2,9,0,18,19,1,5,0,0,0,0,0,0,0,3,1,1,1,1,38,7,1796,1,18,MERCEDES C CLASS,7,E01032570,0,-1
2023010456739,2023,010456739,1,9,0,18,19,1,5,0,0,1,5,10,7,2,1,1,1,1,1,64,9,1796,1,15,MERCEDES C CLASS,8,E01000230,0,-1
2023141291466,2023,141291466,2,9,0,5,5,3,7,0,0,8,0,0,0,0,3,1,6,6,1,82,11,1796,1,16,MERCEDES C CLASS,1,E01008086,0,-1
2023141269376,2023,141269376,2,9,0,14,14,7,3,0,0,0,0,0,0,0,1,1,6,6,1,34,6,2987,2,14,MERCEDES C CLASS,7,E01013248,0,-1
2023311374098,2023,311374098,1,9,0,5,5,5,1,0,0,1,0,0,0,0,2,1,5,6,1,58,9,2987,2,13,MERCEDES C CLASS,5,E01027943,0,-1
2023320033140,2023,320033140,2,9,0,12,12,8,4,0,0,0,0,0,0,0,3,1,2,2,1,41,7,2987,2,13,MERCEDES C CLASS,9,E01026370,0,-1
2023401322823,2023,401322823,2,8,0,18,19,-1,-1,0,0,0,0,0,0,0,3,1,2,2,1,40,7,1991,8,7,MERCEDES C CLASS,6,E01000259,0,-1
2023440005938,2023,440005938,2,9,0,4,4,3,7,0,0,0,0,0,0,0,2,1,2,2,1,25,5,2143,2,7,MERCEDES C CLASS,10,E01022725,0,-1
2023522400876,2023,522400876,1,9,0,5,5,8,6,0,0,0,0,0,0,0,1,1,6,6,2,31,6,1796,1,16,MERCEDES C CLASS,2,E01014578,0,-1
2023010448655,2023,010448655,3,9,0,2,2,0,0,9,9,1,0,0,0,0,1,1,6,6,3,-1,-1,2148,2,14,MERCEDES C CLASS,-1,-1,0,-1
2023332300081,2023,332300081,1,9,0,18,19,7,3,0,0,8,0,0,0,0,1,1,6,6,1,30,6,2143,2,11,MERCEDES C CLASS,8,E01032598,0,-1
2023211294105,2023,211294105,2,9,0,16,19,4,6,0,0,0,0,0,0,0,3,1,6,6,1,42,7,2987,2,17,MERCEDES C CLASS,5,E01028959,0,-1
2023461379234,2023,461379234,1,9,0,18,19,7,3,0,0,0,0,0,7,11,1,1,6,6,1,45,7,1991,8,6,MERCEDES C CLASS,4,E01024179,0,-1
2023430010187,2023,430010187,1,9,0,18,19,6,2,0,0,0,0,0,7,0,1,1,6,6,1,51,8,2143,2,6,MERCEDES C CLASS,-1,-1,0,-1
2023201303385,2023,201303385,2,9,0,3,3,8,4,0,0,0,0,0,0,0,2,1,1,1,2,28,6,1796,1,14,MERCEDES C CLASS,5,E01009267,0,-1
2023010473537,2023,010473537,2,9,0,99,99,9,9,99,99,9,9,99,9,99,9,9,6,6,2,33,6,2143,2,7,MERCEDES C CLASS,10,E01002208,0,-1
2023061313120,2023,061313120,1,9,-1,12,12,7,3,0,0,8,0,0,0,0,3,1,6,6,3,30,6,1796,1,16,MERCEDES C CLASS,-1,-1,0,-1