collision_index,collision_year,collision_ref_no,vehicle_reference,vehicle_type,towing_and_articulation,vehicle_manoeuvre_historic,vehicle_manoeuvre,vehicle_direction_from,vehicle_direction_to,vehicle_location_restricted_lane_historic,vehicle_location_restricted_lane,junction_location,skidding_and_overturning,hit_object_in_carriageway,vehicle_leaving_carriageway,hit_object_off_carriageway,first_point_of_impact,vehicle_left_hand_drive,journey_purpose_of_driver_historic,journey_purpose_of_driver,sex_of_driver,age_of_driver,age_band_of_driver,engine_capacity_cc,propulsion_code,age_of_vehicle,generic_make_model,driver_imd_decile,lsoa_of_driver,escooter_flag,driver_distance_banding
2023401354893,2023,401354893,2,9,0,8,8,-1,-1,0,0,4,0,0,0,0,3,1,5,6,2,56,9,2148,2,16,MERCEDES C CLASS,2,E01015787,0,-1
2023201328466,2023,201328466,2,9,0,9,9,1,8,0,0,5,0,0,0,0,0,1,2,2,1,35,6,2143,2,10,MERCEDES C CLASS,6,E01009776,0,-1
2023052301109,2023,052301109,1,9,0,18,19,7,3,0,0,0,0,0,0,0,4,1,6,6,1,-1,-1,2143,12,8,MERCEDES C CLASS,-1,-1,0,-1
2023351296817,2023,351296817,1,9,0,18,19,4,8,0,0,0,1,0,0,0,1,1,6,6,1,39,7,1497,8,0,MERCEDES C CLASS,5,E01018138,0,-1
2023010480379,2023,010480379,1,9,0,18,19,3,7,0,0,0,0,4,0,0,1,1,6,6,2,-1,-1,2143,2,7,MERCEDES C CLASS,-1,-1,0,-1
2023010451559,2023,010451559,1,9,0,9,9,3,1,0,0,2,0,0,0,0,1,1,6,6,1,23,5,1598,2,7,MERCEDES C CLASS,3,E01028448,0,-1
2023061322628,2023,061322628,1,9,0,18,19,4,7,0,0,1,0,0,0,0,1,1,6,6,1,-1,-1,1598,2,7,MERCEDES C CLASS,-1,-1,0,-1
2023411313200,2023,411313200,1,9,-1,-1,-1,-1,-1,-1,-1,0,-1,-1,-1,0,-1,1,5,6,1,28,6,1598,2,6,MERCEDES C CLASS,7,E01033126,0,-1
2023141350098,2023,141350098,2,9,0,18,19,7,3,0,0,0,0,0,0,0,1,1,5,6,2,35,6,2987,2,15,MERCEDES C CLASS,5,E01013244,0,-1
2023430038839,2023,430038839,1,9,0,17,19,3,8,0,0,0,1,0,8,4,1,1,6,6,1,68,10,3721,1,6,-1,9,E01028688,0,-1
2023122300327,2023,122300327,1,5,0,17,19,1,3,0,0,0,0,0,0,0,1,1,6,6,1,57,9,998,1,12,-1,9,E01010773,0,-1
2023010429878,2023,010429878,2,9,0,99,99,9,9,99,99,9,9,99,9,99,1,9,6,6,1,61,9,-1,3,3,NISSAN LEAF,2,E01000023,0,-1
2023201379251,2023,201379251,1,9,0,18,19,2,6,0,0,8,0,0,0,0,1,1,1,1,2,58,9,-1,3,1,NISSAN LEAF,3,E01009294,0,-1
2023052301201,2023,052301201,1,9,0,18,19,6,2,0,0,8,0,0,0,0,1,1,2,2,3,-1,-1,-1,3,9,NISSAN LEAF,-1,-1,0,-1
2023010466985,2023,010466985,1,9,0,99,99,9,9,99,99,6,9,99,9,99,1,1,6,6,3,57,9,-1,3,4,NISSAN LEAF,6,E01000906,0,-1
2023010452938,2023,010452938,2,9,0,3,3,7,3,0,0,1,0,0,0,0,1,1,6,6,1,39,7,-1,3,2,NISSAN LEAF,9,E01030742,0,-1
2023010461504,2023,010461504,1,9,0,3,3,7,3,0,0,1,0,0,0,0,2,1,1,1,1,45,7,-1,3,4,NISSAN LEAF,1,E01004244,0,-1
2023991316913,2023,991316913,1,8,0,18,19,1,5,0,0,0,0,0,0,0,1,1,5,6,1,53,8,-1,3,4,NISSAN LEAF,4,-1,0,-1
2023991383072,2023,991383072,1,9,0,5,5,2,5,0,0,0,0,0,0,0,1,1,1,1,1,37,7,-1,3,1,NISSAN LEAF,1,-1,0,-1
2023131361189,2023,131361189,1,9,0,4,4,3,1,0,0,1,0,0,0,0,2,1,2,2,1,68,10,-1,3,11,NISSAN LEAF,7,E01011768,0,-1
2023991322365,2023,991322365,1,8,0,1,1,0,3,0,0,1,0,0,0,0,2,2,1,1,1,36,7,-1,3,1,NISSAN LEAF,1,-1,0,-1
2023010442638,2023,010442638,2,9,0,99,99,9,9,99,99,9,9,99,9,99,1,9,6,6,3,-1,-1,-1,3,5,NISSAN LEAF,4,E01003268,0,-1
2023010422862,2023,010422862,1,9,0,18,19,3,7,0,0,5,0,0,0,0,3,1,6,6,3,83,11,-1,3,7,NISSAN LEAF,-1,-1,0,-1
2023010445641,2023,010445641,1,9,0,18,19,1,5,0,0,1,0,0,0,0,2,1,6,6,1,25,5,-1,3,1,NISSAN LEAF,9,E01033135,0,-1
2023545555323,2023,545555323,2,9,0,17,19,6,5,0,0,8,0,0,0,0,3,1,6,6,1,45,7,-1,3,2,NISSAN LEAF,9,E01022202,0,-1
2023010452618,2023,010452618,1,9,0,1,1,1,5,0,0,0,0,0,0,0,3,1,1,1,1,27,6,-1,3,6,NISSAN LEAF,3,E01004259,0,-1
2023161350367,2023,161350367,1,9,0,9,9,5,1,0,0,2,0,0,0,0,3,1,1,1,2,57,9,-1,3,2,NISSAN LEAF,8,E01013277,0,-1
2023101378826,2023,101378826,1,9,0,9,9,1,7,0,0,8,0,0,0,0,3,1,5,6,1,71,10,-1,3,2,NISSAN LEAF,10,E01008548,0,-1
2023052301930,2023,052301930,2,9,0,18,19,3,7,0,0,8,0,0,0,0,1,1,2,2,2,50,8,-1,3,1,NISSAN LEAF,9,E01007070,0,-1
2023451265284,2023,451265284,2,9,0,8,8,1,5,0,0,6,0,0,0,0,1,1,6,6,2,40,7,-1,3,1,NISSAN LEAF,-1,-1,0,-1
2023371290267,2023,371290267,1,9,0,9,9,7,4,9,9,0,0,0,0,0,1,1,6,6,2,60,9,-1,3,3,NISSAN LEAF,4,E01030244,0,-1
2023471368942,2023,471368942,1,9,0,1,1,7,3,0,0,1,0,0,0,0,2,1,5,6,2,61,9,-1,3,3,NISSAN LEAF,8,E01016893,0,-1
2023411379972,2023,411379972,2,8,0,3,3,3,7,0,0,1,0,0,0,0,2,1,2,2,1,53,8,-1,3,7,NISSAN LEAF,3,E01002151,0,-1
2023991340070,2023,991340070,2,9,0,18,19,8,4,0,0,1,0,0,0,0,1,1,2,2,1,47,8,-1,3,1,NISSAN LEAF,1,-1,0,-1
2023010483453,2023,010483453,1,8,0,99,99,9,9,99,99,9,9,99,9,99,9,1,6,6,1,50,8,-1,3,4,NISSAN LEAF,2,E01003132,0,-1
2023010433773,2023,010433773,1,8,0,9,9,7,5,0,0,8,0,0,0,0,1,1,6,6,1,54,8,-1,3,5,NISSAN LEAF,2,E01001152,0,-1
2023401371181,2023,401371181,1,9,0,18,19,7,3,0,0,1,0,0,3,0,1,1,6,6,1,70,10,-1,3,2,NISSAN LEAF,7,E01015719,0,-1
2023991313453,2023,991313453,1,9,0,18,19,7,4,0,0,0,5,0,7,0,1,1,6,6,2,81,11,-1,3,3,NISSAN LEAF,8,-1,0,-1
2023991277164,2023,991277164,2,9,0,5,5,8,2,0,0,4,0,0,0,0,2,1,5,6,1,59,9,-1,3,3,NISSAN LEAF,5,-1,0,-1
2023471302814,2023,471302814,2,9,0,18,19,5,1,0,0,0,0,0,0,0,2,1,5,6,1,69,10,-1,3,4,NISSAN LEAF,6,E01031709,0,-1
2023010467183,2023,010467183,1,9,0,4,4,7,3,0,0,5,0,0,0,0,1,1,1,1,1,56,9,-1,3,4,NISSAN LEAF,2,E01003089,0,-1
2023131342090,2023,131342090,1,9,0,18,19,8,4,0,0,1,0,0,0,0,1,1,2,2,1,21,5,-1,3,0,NISSAN LEAF,5,E01011766,0,-1
2023010481328,2023,010481328,2,9,0,99,99,9,9,99,99,9,9,99,9,99,9,9,6,6,3,-1,-1,-1,3,1,NISSAN LEAF,-1,-1,0,-1
2023430188603,2023,430188603,2,9,0,3,3,5,1,0,0,1,0,0,0,0,2,1,6,6,2,27,6,-1,3,2,NISSAN LEAF,4,E01007288,0,-1
2023430018130,2023,430018130,2,9,0,18,19,2,6,0,0,0,0,0,0,0,1,1,2,2,2,27,6,-1,3,1,NISSAN LEAF,6,E01002433,0,-1
2023991372122,2023,991372122,1,9,0,18,19,1,5,0,0,0,0,0,0,0,1,1,1,1,1,63,9,-1,3,3,NISSAN LEAF,7,-1,0,-1
2023010433494,2023,010433494,1,9,0,7,7,1,3,1,1,2,0,11,0,0,9,1,6,6,3,-1,-1,-1,3,3,NISSAN LEAF,-1,-1,0,-1
2023430506542,2023,430506542,1,9,0,7,7,3,5,0,0,3,0,0,0,0,4,1,6,6,1,45,7,-1,3,1,NISSAN LEAF,10,E01016335,0,-1
2023010476361,2023,010476361,1,9,0,4,4,7,3,0,0,2,0,0,0,0,0,1,6,6,2,34,6,-1,3,1,NISSAN LEAF,1,E01001955,0,-1
2023461375772,2023,461375772,1,9,0,18,19,3,7,0,0,1,0,0,0,0,1,1,6,6,1,32,6,-1,3,4,NISSAN LEAF,3,E01033743,0,-1
2023522400918,2023,522400918,1,9,0,11,11,4,8,0,0,1,0,0,0,0,4,1,6,6,2,57,9,-1,3,3,NISSAN LEAF,8,E01014375,0,-1
2023221276333,2023,221276333,1,9,0,18,19,3,7,0,0,0,0,0,0,0,1,1,2,2,1,54,8,-1,3,8,NISSAN LEAF,5,E01031242,0,-1
2023010480163,2023,010480163,1,8,0,99,99,9,9,99,99,9,9,99,9,99,9,9,1,1,1,47,8,-1,3,5,NISSAN LEAF,-1,-1,0,-1
2023010477815,2023,010477815,2,9,0,99,99,9,9,99,99,9,9,99,9,99,1,9,6,6,3,-1,-1,-1,3,2,NISSAN LEAF,-1,-1,0,-1
2023010468639,2023,010468639,2,9,0,99,99,9,9,99,99,9,9,99,9,99,1,9,6,6,3,-1,-1,-1,3,6,NISSAN LEAF,8,E01002915,0,-1
2023332300362,2023,332300362,2,9,0,9,9,4,2,0,0,5,0,0,0,0,3,1,6,6,3,-1,-1,-1,3,5,NISSAN LEAF,-1,-1,0,-1
2023010475767,2023,010475767,2,9,0,9,9,3,1,0,0,8,0,0,0,0,1,1,6,6,2,30,6,-1,3,1,NISSAN LEAF,3,E01003154,0,-1
2023141330843,2023,141330843,1,9,0,18,19,1,5,0,0,8,0,0,0,0,1,1,2,2,2,46,8,-1,3,8,NISSAN LEAF,3,E01007812,0,-1
2023010420922,2023,010420922,2,9,0,99,99,9,9,99,99,9,9,99,9,99,1,9,6,6,3,-1,-1,-1,3,2,NISSAN LEAF,6,E01004017,0,-1
2023201297716,2023,201297716,1,9,0,8,8,3,5,0,0,1,0,0,1,1,1,1,1,1,2,60,9,-1,3,0,NISSAN LEAF,1,E01009488,0,-1
2023010465703,2023,010465703,2,8,0,99,99,9,9,99,99,9,9,99,9,99,9,9,6,6,1,64,9,-1,3,3,NISSAN LEAF,6,E01002919,0,-1
2023010473754,2023,010473754,2,9,0,99,99,9,9,99,99,9,9,99,9,99,9,9,6,6,3,57,9,-1,3,4,NISSAN LEAF,6,E01001565,0,-1
2023010421819,2023,010421819,2,9,0,18,19,1,5,0,0,8,0,0,0,0,1,1,6,6,2,44,7,-1,3,4,NISSAN LEAF,10,E01030343,0,-1
2023170S10663,2023,170S10663,1,9,0,18,19,2,4,0,0,7,0,0,0,0,1,1,2,2,1,75,10,-1,3,8,NISSAN LEAF,7,E01012241,0,-1
2023010445547,2023,010445547,1,9,0,5,5,7,3,0,0,8,0,0,0,0,1,1,1,1,1,49,8,-1,3,3,NISSAN LEAF,3,E01002738,0,-1
202354B316523,2023,54B316523,1,9,0,5,5,6,2,0,0,1,0,0,0,0,1,1,2,2,1,52,8,-1,3,0,NISSAN LEAF,7,E01015490,0,-1
2023471370695,2023,471370695,2,9,0,18,19,5,1,0,0,8,0,0,0,0,4,1,5,6,1,50,8,-1,3,8,NISSAN LEAF,9,E01021161,0,-1
2023302301980,2023,302301980,2,9,0,12,12,6,2,0,0,0,0,0,0,0,3,1,6,6,1,46,8,-1,3,1,NISSAN LEAF,8,E01019517,0,-1
2023010465670,2023,010465670,2,9,0,99,99,9,9,0,0,0,0,0,0,0,1,1,6,6,3,-1,-1,-1,3,3,NISSAN LEAF,-1,-1,0,-1
2023010451718,2023,010451718,2,9,0,99,99,9,9,99,99,9,9,99,9,99,1,9,6,6,3,-1,-1,-1,3,1,NISSAN LEAF,-1,-1,0,-1
2023010477399,2023,010477399,1,9,0,3,3,5,1,0,0,1,0,0,0,0,1,1,1,1,1,46,8,-1,3,3,NISSAN LEAF,2,E01003545,0,-1
2023201289096,2023,201289096,2,9,0,18,19,4,8,0,0,1,0,0,0,0,1,1,6,6,2,49,8,-1,3,3,NISSAN LEAF,2,E01033630,0,-1
2023010452849,2023,010452849,1,8,0,4,4,1,5,0,0,1,0,0,0,0,9,1,1,1,1,48,8,-1,3,7,NISSAN LEAF,2,E01004007,0,-1
2023411301437,2023,411301437,2,9,0,4,4,2,6,0,0,0,0,0,0,0,2,1,1,1,2,33,6,-1,3,3,NISSAN LEAF,-1,-1,0,-1
2023311372149,2023,311372149,2,9,0,7,7,4,7,0,0,2,0,0,0,0,3,1,6,6,2,73,10,-1,3,11,NISSAN LEAF,5,E01028155,0,-1
2023010472989,2023,010472989,1,9,0,99,99,9,9,99,99,9,9,99,9,99,1,9,6,6,3,-1,-1,-1,3,5,NISSAN LEAF,-1,-1,0,-1
2023552300168,2023,552300168,1,9,0,18,19,8,4,0,0,8,0,0,0,0,1,1,6,6,2,68,10,-1,3,3,NISSAN LEAF,6,E01020449,0,-1
2023041273848,2023,041273848,2,9,0,3,3,5,1,0,0,1,0,0,0,0,2,1,1,1,1,29,6,-1,3,2,NISSAN LEAF,6,E01025587,0,-1
2023010486093,2023,010486093,1,9,0,99,99,9,9,99,99,9,9,99,9,99,9,9,6,6,1,29,6,-1,3,1,NISSAN LEAF,6,E01001662,0,-1
2023161377694,2023,161377694,2,9,0,5,5,1,5,0,0,4,0,0,0,0,3,1,6,6,2,30,6,-1,3,3,NISSAN LEAF,-1,-1,0,-1
2023010461782,2023,010461782,5,9,0,18,19,3,7,0,0,0,0,0,0,0,0,1,6,6,2,45,7,-1,3,4,NISSAN LEAF,2,E01003980,0,-1
2023430129797,2023,430129797,1,9,0,3,3,6,2,0,0,1,0,0,0,0,2,1,3,7,2,47,8,-1,3,5,NISSAN LEAF,8,E01028614,0,-1
2023010436060,2023,010436060,1,8,0,99,99,9,9,99,99,9,9,99,9,99,9,9,6,6,1,51,8,-1,3,4,NISSAN LEAF,4,E01000491,0,-1
2023430213466,2023,430213466,2,9,0,3,3,8,4,0,0,0,0,0,0,0,2,1,3,7,2,41,7,-1,3,6,NISSAN LEAF,3,E01016442,0,-1
2023211339278,2023,211339278,1,9,0,18,19,3,4,0,0,8,0,0,0,0,3,1,6,6,2,71,10,-1,3,4,NISSAN LEAF,9,E01029786,0,-1
2023010449998,2023,010449998,1,9,0,9,9,4,1,0,0,8,0,0,0,0,3,1,6,6,2,25,5,-1,3,3,NISSAN LEAF,4,E01000476,0,-1
2023411376603,2023,411376603,1,9,-1,9,9,7,4,0,0,1,0,0,0,0,4,1,6,6,1,49,8,-1,3,6,NISSAN LEAF,8,E01033027,0,-1
2023991381014,2023,991381014,1,8,0,9,9,5,7,0,0,8,0,0,0,0,1,1,1,1,1,38,7,-1,3,5,NISSAN LEAF,1,-1,0,-1
2023010456071,2023,010456071,1,9,0,18,19,7,3,9,9,6,1,11,1,2,1,1,6,6,1,34,6,-1,3,1,NISSAN LEAF,2,E01003299,0,-1
2023101327728,2023,101327728,2,9,0,3,3,6,2,0,0,2,0,0,0,0,2,1,5,6,2,57,9,-1,3,1,NISSAN LEAF,7,E01027495,0,-1
2023061395159,2023,061395159,1,9,0,18,19,4,8,0,0,2,1,0,7,11,1,1,5,6,2,33,6,-1,3,0,NISSAN LEAF,8,E01005852,0,-1
2023010478868,2023,010478868,2,9,3,13,13,1,5,0,0,1,0,0,7,0,1,1,6,6,1,43,7,-1,3,0,NISSAN LEAF,-1,-1,0,-1
2023010478607,2023,010478607,1,8,0,99,99,9,9,99,99,9,9,99,9,99,1,9,6,6,3,-1,-1,-1,3,4,NISSAN LEAF,-1,-1,0,-1
2023052300486,2023,052300486,2,9,0,18,19,3,7,0,0,1,0,0,0,0,4,1,6,6,2,38,7,-1,3,6,NISSAN LEAF,9,E01006597,0,-1
2023010427616,2023,010427616,4,9,0,2,2,0,0,0,0,2,0,0,0,0,1,1,6,6,3,-1,-1,-1,3,8,NISSAN LEAF,-1,-1,0,-1
2023010426540,2023,010426540,2,8,0,18,19,5,1,0,0,4,0,0,0,0,2,1,1,1,1,31,6,-1,3,2,NISSAN LEAF,2,E01000064,0,-1
2023471374629,2023,471374629,1,9,0,18,19,1,5,0,0,8,0,0,3,0,1,1,5,6,1,50,8,-1,3,0,NISSAN LEAF,3,E01017051,0,-1
2023010423183,2023,010423183,1,8,9,3,3,5,1,99,99,0,9,0,0,0,2,9,1,1,2,37,7,-1,3,6,NISSAN LEAF,8,E01004193,0,-1
2023041357400,2023,041357400,1,9,0,5,5,3,4,0,0,8,0,0,0,0,1,1,1,1,1,28,6,-1,3,6,NISSAN LEAF,3,E01012694,0,-1
2023520301707,2023,520301707,2,9,0,4,4,7,3,0,0,8,0,0,0,0,2,1,6,6,1,-1,-1,-1,3,2,NISSAN LEAF,2,E01029248,0,-1
2023010469772,2023,010469772,1,9,0,9,9,5,2,0,0,8,0,0,0,0,1,1,6,6,2,50,8,-1,3,2,NISSAN LEAF,2,E01004746,0,-1
2023010477298,2023,010477298,1,9,9,99,99,9,9,99,99,9,9,99,9,99,9,9,6,6,3,-1,-1,-1,3,6,NISSAN LEAF,-1,-1,0,-1
2023552300246,2023,552300246,1,9,0,9,9,2,8,0,0,2,0,0,0,0,1,1,6,6,1,79,11,-1,3,10,NISSAN LEAF,2,E01015338,0,-1
2023010453537,2023,010453537,2,9,0,7,7,1,3,0,0,6,0,0,0,0,1,1,6,6,1,36,7,-1,3,1,NISSAN LEAF,2,E01003059,0,-1
2023991333776,2023,991333776,1,9,0,5,5,1,3,0,0,6,0,0,1,0,3,1,1,1,1,63,9,-1,3,4,NISSAN LEAF,2,-1,0,-1
2023010463334,2023,010463334,2,9,0,99,99,9,9,99,99,9,9,99,9,99,1,9,6,6,1,47,8,-1,3,2,NISSAN LEAF,5,E01003327,0,-1
2023010463703,2023,010463703,1,9,0,99,99,9,9,99,99,9,9,99,9,99,2,9,6,6,1,33,6,-1,3,3,NISSAN LEAF,1,E01003047,0,-1
2023010444795,2023,010444795,1,8,0,4,4,5,1,6,6,0,0,8,0,0,4,2,1,1,1,54,8,-1,3,3,NISSAN LEAF,6,E01002659,0,-1
2023161353441,2023,161353441,2,9,0,18,19,7,3,0,0,4,0,0,0,0,1,1,6,6,1,58,9,-1,3,3,NISSAN LEAF,-1,-1,0,-1
2023010461685,2023,010461685,1,9,0,14,14,5,1,0,0,1,0,0,0,0,1,1,1,1,1,58,9,-1,3,4,NISSAN LEAF,4,E01002699,0,-1
2023101351245,2023,101351245,1,9,0,5,5,6,4,0,0,0,0,0,0,0,1,1,3,7,2,-1,-1,-1,3,5,NISSAN LEAF,9,E01027549,0,-1
2023451382043,2023,451382043,1,9,0,18,19,1,4,0,0,4,0,0,0,0,1,1,5,6,2,56,9,-1,3,2,NISSAN LEAF,9,E01003804,0,-1
2023471269504,2023,471269504,1,9,0,18,19,5,1,0,0,0,0,0,7,4,1,1,2,2,1,45,7,-1,3,4,NISSAN LEAF,8,E01031518,0,-1
2023461318128,2023,461318128,2,9,0,16,19,5,2,0,0,0,0,0,0,0,1,1,1,1,1,29,6,-1,3,1,NISSAN LEAF,5,E01024198,0,-1
2023401303973,2023,401303973,2,9,0,3,3,3,7,0,0,0,0,0,0,0,2,1,6,6,1,21,5,-1,3,9,NISSAN LEAF,2,E01015733,0,-1
2023430245077,2023,430245077,2,9,0,18,19,4,7,0,0,0,0,0,0,0,1,1,6,6,1,37,7,-1,3,4,NISSAN LEAF,4,E01023859,0,-1
2023010423763,2023,010423763,1,9,0,18,19,1,5,0,0,1,0,0,0,0,4,1,3,7,2,40,7,-1,3,6,NISSAN LEAF,7,E01001049,0,-1
2023631360303,2023,631360303,1,9,0,18,19,7,5,0,0,2,0,0,0,0,3,1,6,6,1,38,7,-1,3,0,NISSAN LEAF,8,W01000547,0,-1
2023010459517,2023,010459517,1,8,0,18,19,4,8,0,0,8,0,0,0,0,3,1,1,1,1,43,7,-1,3,1,NISSAN LEAF,2,E01002766,0,-1
2023461396403,2023,461396403,1,9,0,18,19,4,8,0,0,0,0,0,0,0,1,1,6,6,1,41,7,-1,3,0,NISSAN LEAF,3,E01004182,0,-1
2023010485308,2023,010485308,1,8,0,99,99,9,9,99,99,9,9,99,9,99,2,9,6,6,1,48,8,-1,3,5,NISSAN LEAF,9,E01032576,0,-1
2023451275337,2023,451275337,2,9,0,10,10,5,1,0,0,1,0,0,0,0,1,1,6,6,1,45,7,-1,3,1,NISSAN LEAF,9,E01030970,0,-1
2023201418559,2023,201418559,1,9,0,9,9,8,6,0,0,6,0,0,0,0,1,1,2,2,2,32,6,-1,3,8,NISSAN LEAF,1,E01009115,0,-1
2023010439796,2023,010439796,2,9,9,99,99,9,9,99,99,9,9,99,9,99,1,9,6,6,3,-1,-1,-1,3,5,NISSAN LEAF,6,E01031658,0,-1
2023070945954,2023,070945954,1,9,0,5,5,6,2,0,0,8,0,4,1,0,1,1,6,6,2,68,10,-1,3,9,NISSAN LEAF,7,E01018673,0,-1
2023522301231,2023,522301231,2,9,0,3,3,5,1,0,0,0,0,0,0,0,2,1,6,6,2,44,7,-1,3,1,NISSAN LEAF,9,W01001545,0,-1
2023361263999,2023,361263999,3,9,0,18,19,7,3,0,0,0,0,0,0,0,0,1,5,6,1,34,6,-1,3,2,NISSAN LEAF,2,E01018091,0,-1
2023440351408,2023,440351408,1,9,0,18,19,4,8,0,0,4,0,0,0,0,1,1,6,6,1,34,6,-1,3,2,NISSAN LEAF,9,E01022469,0,-1
2023010475867,2023,010475867,2,9,0,18,19,1,5,0,0,1,0,0,0,0,3,1,1,1,1,31,6,-1,3,1,NISSAN LEAF,5,E01003195,0,-1
2023071279021,2023,071279021,1,9,0,4,4,7,3,0,0,1,0,0,0,0,4,1,6,6,1,83,11,-1,3,1,NISSAN LEAF,2,E01018388,0,-1
2023411315367,2023,411315367,2,9,0,18,19,5,1,0,0,0,0,0,0,0,4,1,5,6,2,32,6,-1,3,8,NISSAN LEAF,5,E01023546,0,-1
2023010424860,2023,010424860,1,8,9,99,99,9,9,99,99,9,9,99,9,99,9,9,1,1,1,42,7,-1,3,4,NISSAN LEAF,3,E01001972,0,-1
2023461293044,2023,461293044,1,9,0,18,19,3,7,0,0,0,0,0,0,0,1,1,6,6,1,-1,-1,-1,3,5,NISSAN LEAF,1,E01024581,0,-1
2023061381852,2023,061381852,1,9,0,18,19,7,3,0,0,0,0,0,0,0,1,1,2,2,1,55,8,-1,3,1,NISSAN LEAF,7,E01004775,0,-1
2023061391867,2023,061391867,2,9,0,18,19,5,1,0,0,0,0,0,0,0,1,1,5,6,2,42,7,-1,3,1,NISSAN LEAF,8,E01024937,0,-1
2023071152262,2023,071152262,4,9,0,18,19,5,1,0,0,0,0,0,0,0,3,1,6,6,1,56,9,-1,3,3,NISSAN LEAF,7,E01012561,0,-1
2023131359503,2023,131359503,1,9,0,-1,-1,-1,-1,-1,-1,6,-1,-1,-1,-1,-1,1,5,6,1,26,6,-1,3,3,NISSAN LEAF,2,E01011681,0,-1
2023522301266,2023,522301266,3,9,0,2,2,0,0,6,6,0,0,0,0,0,3,1,6,6,3,-1,-1,-1,3,9,NISSAN LEAF,-1,-1,0,-1
2023070341775,2023,070341775,2,9,0,8,8,1,5,9,9,6,0,0,0,0,3,1,6,6,1,58,9,-1,3,1,NISSAN LEAF,10,E01018505,0,-1
2023010443479,2023,010443479,1,8,0,99,99,9,9,99,99,9,9,99,9,99,2,9,1,1,1,33,6,-1,3,3,NISSAN LEAF,1,E01001510,0,-1
2023010474845,2023,010474845,2,9,0,99,99,9,9,99,99,9,9,99,9,99,2,9,6,6,3,-1,-1,-1,3,5,NISSAN LEAF,-1,-1,0,-1
2023010461183,2023,010461183,2,8,0,99,99,9,9,99,99,0,9,99,9,99,9,9,6,6,3,56,9,-1,3,3,NISSAN LEAF,5,E01002449,0,-1
2023010463216,2023,010463216,1,9,0,18,19,3,7,0,0,0,0,0,0,0,1,2,2,2,1,30,6,-1,3,2,NISSAN LEAF,3,E01002048,0,-1
2023430198689,2023,430198689,1,9,0,9,9,7,5,0,0,8,0,0,0,0,4,1,6,6,2,55,8,-1,3,11,NISSAN LEAF,8,E01016711,0,-1
2023631309993,2023,631309993,2,9,0,16,19,4,7,0,0,8,0,0,0,0,0,1,3,7,2,37,7,-1,3,8,NISSAN LEAF,6,W01000558,0,-1
2023010460328,2023,010460328,1,9,0,18,19,3,7,0,0,0,0,0,0,0,1,1,6,6,1,55,8,-1,3,0,NISSAN LEAF,1,E01001013,0,-1
2023070860667,2023,070860667,1,9,0,3,3,5,1,0,0,1,0,0,0,0,1,1,6,6,2,54,8,-1,3,7,NISSAN LEAF,7,E01028835,0,-1
2023010458945,2023,010458945,1,9,0,18,19,3,7,0,0,8,0,0,0,0,2,1,6,6,2,21,5,-1,3,6,NISSAN LEAF,6,E01002422,0,-1
2023361331942,2023,361331942,1,9,0,18,19,5,6,0,0,1,0,0,0,0,1,1,6,6,2,40,7,-1,3,2,NISSAN LEAF,5,E01026727,0,-1
2023010453951,2023,010453951,2,8,0,99,99,9,9,99,99,9,9,99,9,99,9,9,6,6,3,-1,-1,-1,3,3,NISSAN LEAF,-1,-1,0,-1
2023010419228,2023,010419228,1,9,0,99,99,9,9,99,99,9,9,99,9,99,9,9,1,1,1,40,7,-1,3,8,NISSAN LEAF,2,E01003265,0,-1
2023451281954,2023,451281954,1,9,0,18,19,7,3,0,0,4,0,0,0,0,3,1,5,6,2,36,7,-1,3,3,NISSAN LEAF,8,E01030994,0,-1
2023991262188,2023,991262188,1,9,0,18,19,2,6,0,0,0,0,0,0,0,1,1,1,1,2,28,6,-1,3,3,NISSAN LEAF,5,-1,0,-1
2023101339883,2023,101339883,1,9,0,18,19,3,7,0,0,2,0,0,0,0,1,1,5,6,2,64,9,-1,3,1,NISSAN LEAF,3,E01008708,0,-1
2023010482684,2023,010482684,1,9,0,18,19,2,6,0,0,0,0,0,0,0,1,1,2,2,1,65,9,-1,3,0,NISSAN LEAF,5,E01003433,0,-1
2023010428879,2023,010428879,3,9,0,99,99,9,9,99,99,9,9,99,9,99,1,9,6,6,3,-1,-1,-1,3,3,NISSAN LEAF,-1,-1,0,-1
2023010479463,2023,010479463,1,9,0,9,9,1,7,0,0,5,0,0,0,0,1,1,2,2,2,70,10,-1,3,12,NISSAN LEAF,5,E01003139,0,-1
2023010444668,2023,010444668,1,8,9,99,99,9,9,0,0,9,9,0,0,0,9,9,6,6,1,32,6,-1,3,1,NISSAN LEAF,9,E01021756,0,-1
2023522301521,2023,522301521,2,9,0,17,19,2,7,0,0,8,0,0,0,0,2,1,6,6,1,39,7,-1,3,9,NISSAN LEAF,8,E01014722,0,-1
2023451296819,2023,451296819,1,9,0,5,5,3,7,0,0,0,0,0,0,0,4,1,5,6,1,19,4,-1,3,10,NISSAN LEAF,7,E01030652,0,-1
2023471302284,2023,471302284,1,9,0,17,19,5,2,0,0,2,0,0,0,0,1,1,5,6,2,42,7,-1,3,3,NISSAN LEAF,8,E01021036,0,-1
2023010439536,2023,010439536,2,9,0,99,99,9,9,99,99,9,9,99,9,99,1,9,6,6,3,-1,-1,-1,3,1,NISSAN LEAF,-1,-1,0,-1
2023010421306,2023,010421306,1,9,0,3,3,7,3,0,0,1,0,0,0,0,2,1,1,1,1,48,8,-1,3,2,NISSAN LEAF,2,E01001651,0,-1
2023471353697,2023,471353697,1,9,0,18,19,2,5,0,0,1,0,0,0,0,1,1,5,6,2,50,8,-1,3,1,NISSAN LEAF,5,E01030815,0,-1