collision_index,collision_year,collision_ref_no,vehicle_reference,vehicle_type,towing_and_articulation,vehicle_manoeuvre_historic,vehicle_manoeuvre,vehicle_direction_from,vehicle_direction_to,vehicle_location_restricted_lane_historic,vehicle_location_restricted_lane,junction_location,skidding_and_overturning,hit_object_in_carriageway,vehicle_leaving_carriageway,hit_object_off_carriageway,first_point_of_impact,vehicle_left_hand_drive,journey_purpose_of_driver_historic,journey_purpose_of_driver,sex_of_driver,age_of_driver,age_band_of_driver,engine_capacity_cc,propulsion_code,age_of_vehicle,generic_make_model,driver_imd_decile,lsoa_of_driver,escooter_flag,driver_distance_banding
2023010447660,2023,010447660,2,9,0,10,10,1,7,0,0,1,0,0,0,0,2,1,2,2,1,51,8,-1,3,3,NISSAN LEAF,8,E01002289,0,-1
2023010445337,2023,010445337,1,9,0,18,19,8,4,0,0,0,1,0,0,0,1,1,2,2,1,46,8,-1,3,5,NISSAN LEAF,1,E01002089,0,-1
2023991426062,2023,991426062,1,8,0,5,5,1,1,0,0,0,0,0,0,0,2,1,6,6,3,45,7,-1,3,4,NISSAN LEAF,-1,-1,0,-1
2023010428211,2023,010428211,1,9,0,99,99,9,9,99,99,9,9,99,9,99,2,9,6,6,2,53,8,-1,3,8,NISSAN LEAF,4,E01001480,0,-1
2023501344560,2023,501344560,2,9,0,4,4,3,7,0,0,1,0,0,0,0,2,1,6,6,1,73,10,-1,3,1,NISSAN LEAF,9,E01019946,0,-1
2023421367008,2023,421367008,1,9,0,4,4,7,3,0,0,1,0,0,0,0,1,1,6,6,1,32,6,-1,3,5,NISSAN LEAF,5,E01021810,0,-1
2023010480112,2023,010480112,1,9,0,4,4,1,5,0,0,1,0,0,0,0,3,1,6,6,1,49,8,-1,3,2,NISSAN LEAF,-1,-1,0,-1
2023070155331,2023,070155331,1,9,0,13,13,7,2,0,0,8,0,0,3,4,4,1,6,6,1,90,11,-1,3,1,NISSAN LEAF,7,E01018597,0,-1
2023010469398,2023,010469398,1,9,0,7,7,3,5,0,0,1,0,0,0,0,1,1,6,6,3,-1,-1,-1,3,1,NISSAN LEAF,-1,-1,0,-1
2023351337558,2023,351337558,1,9,0,9,9,4,2,0,0,1,0,0,0,0,1,1,2,2,1,51,8,-1,3,9,NISSAN LEAF,6,E01018036,0,-1
2023461361865,2023,461361865,2,9,0,18,19,1,5,0,0,1,0,0,0,0,4,1,6,6,2,40,7,-1,3,3,NISSAN LEAF,-1,-1,0,-1
2023411298315,2023,411298315,2,9,0,18,19,7,2,0,0,4,0,0,0,0,1,1,6,6,1,58,9,-1,3,2,NISSAN LEAF,7,E01023605,0,-1
2023471351026,2023,471351026,2,9,0,2,2,0,0,0,0,0,0,0,0,0,3,1,6,6,3,-1,-1,-1,3,1,NISSAN LEAF,-1,-1,0,-1
2023010486184,2023,010486184,1,9,0,9,9,1,7,0,0,8,0,0,0,0,1,1,1,1,1,50,8,-1,3,5,NISSAN LEAF,3,E01001749,0,-1
2023471324541,2023,471324541,1,9,0,4,4,3,3,0,0,0,0,0,0,0,1,1,5,6,2,38,7,-1,3,8,NISSAN LEAF,5,E01021109,0,-1
2023101380621,2023,101380621,2,9,0,4,4,1,5,0,0,1,0,0,0,0,2,1,2,2,2,36,7,-1,3,1,NISSAN LEAF,2,E01008571,0,-1
2023010461133,2023,010461133,1,8,0,5,5,5,1,0,0,1,0,0,0,0,1,1,1,1,1,63,9,-1,3,5,NISSAN LEAF,2,E01001776,0,-1
2023461264895,2023,461264895,1,9,0,9,9,2,6,0,0,6,0,0,0,0,1,1,6,6,2,59,9,-1,3,3,NISSAN LEAF,4,E01024645,0,-1
2023010482407,2023,010482407,2,9,0,18,19,5,1,0,0,1,0,0,0,0,2,1,6,6,1,76,11,-1,3,4,NISSAN LEAF,8,E01000206,0,-1
2023010425447,2023,010425447,1,9,0,18,19,3,7,0,0,0,0,0,0,0,1,1,6,6,1,47,8,-1,3,8,NISSAN LEAF,7,E01000123,0,-1
2023010454110,2023,010454110,3,8,0,99,99,9,9,99,99,9,9,99,9,99,1,1,6,6,3,-1,-1,-1,3,1,NISSAN LEAF,-1,-1,0,-1
2023010463398,2023,010463398,1,9,0,3,3,7,3,0,0,0,0,0,0,0,2,1,2,2,2,55,8,-1,3,4,NISSAN LEAF,5,E01000150,0,-1
2023010457169,2023,010457169,2,9,0,99,99,9,9,99,99,9,9,99,9,99,9,9,6,6,3,24,5,-1,3,1,NISSAN LEAF,3,E01000578,0,-1
2023122301170,2023,122301170,1,9,0,5,5,7,8,0,0,1,0,0,0,0,3,1,6,6,2,75,10,-1,3,4,NISSAN LEAF,6,E01027557,0,-1
2023991393411,2023,991393411,1,9,0,18,19,3,5,0,0,3,0,0,0,0,1,1,6,6,3,40,7,-1,3,1,NISSAN LEAF,-1,-1,0,-1
2023231391332,2023,231391332,2,9,0,3,3,6,2,0,0,1,0,0,0,0,2,1,6,6,2,53,8,-1,3,0,NISSAN LEAF,7,E01029861,0,-1
2023622300168,2023,622300168,1,9,0,5,5,8,4,0,0,4,0,0,0,0,1,1,6,6,2,44,7,-1,3,6,NISSAN LEAF,3,W01001045,0,-1
2023501390767,2023,501390767,1,9,0,7,7,7,1,0,0,8,0,0,0,0,1,1,2,2,1,39,7,-1,3,9,NISSAN LEAF,7,E01020327,0,-1
2023010464903,2023,010464903,2,9,0,18,19,3,7,0,0,0,0,0,0,0,1,1,6,6,1,-1,-1,-1,3,4,NISSAN LEAF,3,E01002808,0,-1
2023501307659,2023,501307659,1,9,0,18,19,3,7,0,0,0,0,0,0,0,4,1,5,6,1,80,11,-1,3,5,NISSAN LEAF,5,E01020235,0,-1
2023010472496,2023,010472496,1,9,0,18,19,7,3,0,0,2,0,0,0,0,4,1,6,6,1,56,9,-1,3,4,NISSAN LEAF,9,E01002137,0,-1
2023131327213,2023,131327213,1,9,0,18,19,1,5,0,0,8,0,0,0,0,1,1,6,6,1,52,8,-1,3,7,NISSAN LEAF,6,E01010855,0,-1
2023010424335,2023,010424335,2,9,0,99,99,9,9,99,99,9,9,99,9,99,1,9,6,6,3,-1,-1,-1,3,5,NISSAN LEAF,-1,-1,0,-1
2023122300905,2023,122300905,1,9,0,3,3,5,1,0,0,1,0,0,0,0,1,1,6,6,2,39,7,-1,3,9,NISSAN LEAF,4,E01010893,0,-1
2023101342121,2023,101342121,1,9,0,18,19,3,8,0,0,6,0,0,0,0,1,1,6,6,3,-1,-1,-1,3,0,NISSAN LEAF,-1,-1,0,-1
2023010462578,2023,010462578,1,8,0,99,99,9,9,99,99,9,9,99,9,99,2,9,1,1,1,59,9,-1,3,3,NISSAN LEAF,2,E01033601,0,-1
2023010473769,2023,010473769,2,9,9,99,99,9,9,99,99,9,9,99,9,99,9,9,6,6,3,-1,-1,-1,3,1,NISSAN LEAF,-1,-1,0,-1
2023010458249,2023,010458249,1,9,9,99,99,9,9,99,99,9,9,99,9,99,9,9,6,6,3,-1,-1,-1,3,0,NISSAN LEAF,-1,-1,0,-1
2023010481061,2023,010481061,1,9,0,99,99,9,9,99,99,9,9,99,9,99,2,9,2,2,1,36,7,-1,3,9,NISSAN LEAF,2,E01001340,0,-1
2023010467746,2023,010467746,1,9,0,18,19,7,3,0,0,1,0,0,0,0,3,1,1,1,1,40,7,-1,3,2,NISSAN LEAF,3,E01032574,0,-1
2023501391538,2023,501391538,1,9,0,9,9,7,5,0,0,2,0,0,0,0,3,1,6,6,1,72,10,-1,3,5,NISSAN LEAF,5,E01018947,0,-1
2023010425874,2023,010425874,2,9,0,99,99,9,9,99,99,9,9,99,9,99,9,9,6,6,3,-1,-1,-1,3,4,NISSAN LEAF,-1,-1,0,-1
2023461310380,2023,461310380,2,9,0,2,2,0,0,0,0,0,0,0,0,0,2,1,1,1,1,48,8,-1,3,4,NISSAN LEAF,9,E01024300,0,-1
2023451346034,2023,451346034,1,9,0,5,5,1,7,0,0,1,0,0,0,0,1,1,5,6,2,46,8,-1,3,4,NISSAN LEAF,10,E01031720,0,-1
2023430190921,2023,430190921,2,9,0,18,19,3,7,0,0,1,0,0,0,0,1,1,2,2,2,57,9,-1,3,3,NISSAN LEAF,8,E01017736,0,-1
2023340WN3042,2023,340WN3042,1,9,0,18,19,1,6,2,2,0,0,0,0,0,1,1,6,6,2,58,9,-1,3,2,NISSAN LEAF,5,E01027179,0,-1
2023010464526,2023,010464526,1,9,0,18,19,8,4,0,0,0,0,0,0,0,1,1,6,6,1,38,7,-1,3,4,NISSAN LEAF,3,E01003431,0,-1
2023991279899,2023,991279899,1,9,0,18,19,1,5,0,0,2,0,0,0,0,1,2,3,7,2,63,9,-1,3,1,NISSAN LEAF,9,-1,0,-1
2023010455078,2023,010455078,1,9,0,9,9,7,4,0,0,2,0,0,0,0,4,1,6,6,2,38,7,-1,3,1,NISSAN LEAF,2,E01001441,0,-1
2023061349877,2023,061349877,1,9,0,9,9,2,7,0,0,6,0,0,0,0,1,1,6,6,1,71,10,-1,3,2,NISSAN LEAF,3,E01005752,0,-1
2023010456616,2023,010456616,1,9,0,9,9,8,5,0,0,8,0,0,0,0,1,1,6,6,1,74,10,-1,3,4,NISSAN LEAF,1,E01001788,0,-1
2023131327530,2023,131327530,1,9,0,18,19,1,5,0,0,0,0,0,0,0,1,1,6,6,2,53,8,-1,3,2,NISSAN LEAF,2,E01010658,0,-1
2023010482924,2023,010482924,1,9,0,5,5,0,1,0,0,1,0,0,0,0,1,1,6,6,1,46,8,-1,3,6,NISSAN LEAF,3,E01001349,0,-1
2023430302283,2023,430302283,1,9,0,18,19,2,6,0,0,8,0,0,0,0,1,1,6,6,2,60,9,-1,3,6,NISSAN LEAF,7,E01016307,0,-1
2023010435255,2023,010435255,2,9,0,10,10,1,6,0,0,1,0,0,0,0,1,1,6,6,1,40,7,-1,3,3,NISSAN LEAF,5,E01002371,0,-1
2023131306992,2023,131306992,1,9,0,18,19,1,7,0,0,0,0,0,0,0,1,1,5,6,2,56,9,-1,3,8,NISSAN LEAF,4,E01010675,0,-1
2023061328267,2023,061328267,1,9,0,9,9,7,5,0,0,8,0,0,0,0,1,1,6,6,2,47,8,-1,3,1,NISSAN LEAF,4,E01005871,0,-1
2023332301197,2023,332301197,2,9,0,18,19,2,6,0,0,0,0,0,0,0,1,1,6,6,2,-1,-1,-1,3,4,NISSAN LEAF,-1,-1,0,-1
2023421374209,2023,421374209,2,9,0,4,4,1,5,0,0,4,0,0,0,0,2,1,6,6,1,39,7,-1,3,2,NISSAN LEAF,6,E01021348,0,-1
2023010441489,2023,010441489,1,8,0,4,4,5,1,0,0,5,0,0,0,0,2,1,1,1,1,26,6,-1,3,2,NISSAN LEAF,-1,-1,0,-1
2023010484451,2023,010484451,1,9,0,99,99,9,9,99,99,9,9,99,9,99,1,9,6,6,3,-1,-1,-1,3,2,NISSAN LEAF,3,E01004228,0,-1
202354D487523,2023,54D487523,2,9,0,3,3,2,6,0,0,6,0,0,0,0,1,1,6,6,1,34,6,-1,3,5,NISSAN LEAF,2,E01015541,0,-1
2023010428402,2023,010428402,1,9,0,9,9,1,7,0,0,6,0,0,0,0,1,1,1,1,1,54,8,-1,3,2,NISSAN LEAF,6,E01004216,0,-1
2023991332540,2023,991332540,2,8,0,18,19,8,4,0,0,8,0,0,0,0,1,1,1,1,1,39,7,-1,3,1,NISSAN LEAF,2,-1,0,-1
2023010432087,2023,010432087,2,8,0,6,6,7,7,0,0,2,0,0,0,0,1,1,1,1,1,54,8,-1,3,2,NISSAN LEAF,4,E01003090,0,-1
2023010485044,2023,010485044,2,9,0,18,19,5,1,0,0,1,0,4,0,0,4,1,6,6,1,30,6,-1,3,0,NISSAN LEAF,1,E01003488,0,-1
2023371371559,2023,371371559,3,9,0,3,3,8,4,0,0,0,0,0,0,0,2,1,2,2,1,62,9,-1,3,5,NISSAN LEAF,4,E01030276,0,-1
2023010444450,2023,010444450,2,8,0,99,99,9,9,99,99,9,9,99,9,99,9,9,6,6,1,27,6,-1,3,1,NISSAN LEAF,2,E01004226,0,-1
2023501308721,2023,501308721,4,9,0,18,19,1,5,0,0,0,0,0,0,0,1,1,6,6,2,34,6,-1,3,4,NISSAN LEAF,7,E01020206,0,-1
2023161285489,2023,161285489,1,9,0,5,5,5,1,0,0,6,0,0,0,0,3,1,5,6,2,53,8,-1,3,7,NISSAN LEAF,7,E01012985,0,-1
2023311274425,2023,311274425,1,9,0,17,19,8,8,0,0,1,0,0,0,0,4,1,6,6,1,35,6,-1,3,4,NISSAN LEAF,-1,-1,0,-1
2023010452036,2023,010452036,2,8,0,99,99,9,9,99,99,9,9,99,9,99,9,9,6,6,3,-1,-1,-1,3,7,NISSAN LEAF,-1,-1,0,-1
2023010481021,2023,010481021,1,9,0,9,9,2,7,0,0,8,0,0,0,0,1,1,6,6,2,43,7,-1,3,2,NISSAN LEAF,8,E01002193,0,-1
2023201448227,2023,201448227,1,9,0,7,7,1,3,0,0,5,1,0,0,0,1,1,6,6,1,23,5,-1,3,7,NISSAN LEAF,1,E01033632,0,-1
2023371282132,2023,371282132,2,9,0,18,19,8,4,0,0,0,0,0,0,0,2,1,6,6,2,29,6,-1,3,1,NISSAN LEAF,5,E01029976,0,-1
2023471344299,2023,471344299,1,9,0,18,19,5,1,0,0,4,0,0,0,0,1,1,6,6,2,-1,-1,-1,3,3,NISSAN LEAF,5,E01031611,0,-1
202360A019565,2023,60A019565,2,9,0,3,3,7,3,0,0,0,0,0,0,0,2,1,3,7,2,32,6,-1,3,10,NISSAN LEAF,-1,-1,0,-1
2023010435381,2023,010435381,1,9,0,4,4,5,1,0,0,1,0,4,0,0,1,1,6,6,1,59,9,-1,3,1,NISSAN LEAF,8,E01002946,0,-1
2023991296790,2023,991296790,1,9,0,9,9,2,8,0,0,6,0,0,0,0,3,1,5,6,1,36,7,-1,3,8,NISSAN LEAF,7,-1,0,-1
2023991412773,2023,991412773,1,9,0,5,5,1,5,0,0,0,0,0,0,0,3,1,3,7,2,44,7,-1,3,2,NISSAN LEAF,-1,-1,0,-1
2023302301510,2023,302301510,3,3,0,18,19,7,3,0,0,0,0,0,0,0,1,1,6,6,1,54,8,459,1,21,-1,3,E01033392,0,-1
2023430056274,2023,430056274,1,4,0,13,13,2,6,0,0,2,0,7,0,0,1,1,6,6,1,75,10,244,1,19,-1,3,E01028449,0,-1
2023010430282,2023,010430282,1,9,0,4,4,1,5,0,0,0,0,0,0,0,2,1,6,6,1,47,8,1197,1,6,SKODA RAPID,2,E01000925,0,-1
2023440151173,2023,440151173,1,8,0,7,7,2,5,0,0,6,0,0,0,0,1,1,6,6,1,36,7,1598,2,6,SKODA RAPID,4,E01017074,0,-1
2023010442083,2023,010442083,1,9,0,7,7,3,5,0,0,5,0,0,0,0,3,1,1,1,1,28,6,1598,2,11,SKODA RAPID,4,E01028453,0,-1
2023991330341,2023,991330341,2,8,0,18,19,5,1,0,0,1,0,0,0,0,0,1,1,1,1,55,8,1598,2,8,SKODA RAPID,2,-1,0,-1
2023052302875,2023,052302875,1,8,0,18,19,8,4,0,0,0,0,0,0,0,4,1,1,1,1,44,7,1390,1,9,SKODA RAPID,1,E01007291,0,-1
2023141334187,2023,141334187,2,9,0,2,2,0,0,0,0,0,0,0,0,0,3,1,6,6,3,-1,-1,1197,1,10,SKODA RAPID,-1,-1,0,-1
2023631314447,2023,631314447,1,9,0,18,19,7,3,0,0,0,0,0,7,10,1,1,5,6,2,78,11,1598,2,9,SKODA RAPID,6,W01000541,0,-1
2023471321351,2023,471321351,1,9,0,18,19,5,1,0,0,2,0,0,0,0,1,1,5,6,2,68,10,999,1,5,SKODA RAPID,7,E01031813,0,-1
2023411299308,2023,411299308,2,9,0,7,7,-1,-1,0,0,3,1,0,0,0,1,1,5,6,1,28,6,1197,1,6,SKODA RAPID,2,E01023860,0,-1
2023131346518,2023,131346518,2,9,0,2,2,0,0,0,0,0,0,0,0,0,2,1,6,6,1,66,10,1598,2,10,SKODA RAPID,3,E01011298,0,-1
2023440076006,2023,440076006,1,9,0,18,19,7,3,0,0,0,0,0,0,0,4,1,1,1,1,-1,-1,999,1,5,SKODA RAPID,-1,-1,0,-1
2023122300353,2023,122300353,1,9,0,18,19,5,1,0,0,0,0,0,0,0,3,1,6,6,3,-1,-1,1598,2,7,SKODA RAPID,-1,-1,0,-1
2023991314252,2023,991314252,1,9,0,9,9,3,7,0,0,8,0,0,0,0,3,1,1,1,1,38,7,999,1,5,SKODA RAPID,1,-1,0,-1
2023041393344,2023,041393344,4,9,0,18,19,1,5,0,0,1,0,0,0,0,2,1,5,6,1,27,6,1197,1,6,SKODA RAPID,8,E01025159,0,-1
2023101259694,2023,101259694,3,8,0,18,19,6,6,0,0,1,0,0,0,0,1,1,1,1,1,45,7,1422,2,7,SKODA RAPID,3,E01008819,0,-1
2023141329814,2023,141329814,1,9,0,9,9,7,5,0,0,8,0,0,0,0,1,1,5,6,2,53,8,1598,2,10,SKODA RAPID,1,E01007941,0,-1
2023122301088,2023,122301088,1,9,0,18,19,7,3,0,0,8,0,0,0,0,1,1,2,2,1,57,9,999,1,6,SKODA RAPID,6,E01012667,0,-1
2023101305541,2023,101305541,1,8,0,4,4,7,3,2,2,0,0,0,0,0,2,1,1,1,1,32,6,1598,2,8,SKODA RAPID,8,E01008363,0,-1
2023548440323,2023,548440323,2,9,0,18,19,8,4,0,0,1,0,0,0,0,4,1,2,2,1,54,8,1598,2,9,SKODA RAPID,10,E01022855,0,-1
2023440176915,2023,440176915,1,8,0,8,8,4,2,0,0,1,0,0,0,0,3,1,1,1,1,38,7,1598,2,5,SKODA RAPID,4,E01017083,0,-1
2023461378322,2023,461378322,1,9,0,4,4,-1,-1,0,0,1,0,0,0,0,1,1,6,6,1,28,6,1598,2,9,SKODA RAPID,3,E01024715,0,-1
2023320652539,2023,320652539,2,9,0,8,8,4,6,0,0,1,0,0,0,0,2,1,6,6,2,58,9,1197,1,8,SKODA RAPID,6,E01026282,0,-1
2023991367243,2023,991367243,2,9,0,18,19,7,3,0,0,1,0,0,0,0,1,1,6,6,1,18,4,1197,1,9,SKODA RAPID,10,-1,0,-1
2023440207885,2023,440207885,2,8,0,18,19,8,4,0,0,1,0,0,0,0,4,1,1,1,1,41,7,1422,2,6,SKODA RAPID,1,E01017031,0,-1
2023131269368,2023,131269368,2,9,0,18,19,1,1,0,0,2,0,0,0,0,3,1,5,6,1,29,6,1422,2,7,SKODA RAPID,2,E01032494,0,-1
2023991356565,2023,991356565,2,8,0,18,19,6,2,0,0,8,0,0,0,0,4,1,5,6,1,42,7,1598,2,7,SKODA RAPID,10,-1,0,-1
2023991287236,2023,991287236,2,9,0,9,9,3,1,0,0,1,0,0,0,0,3,1,5,6,1,65,9,1197,1,9,SKODA RAPID,4,-1,0,-1
2023430269120,2023,430269120,2,9,0,18,19,2,6,0,0,8,0,0,0,0,1,1,2,2,1,29,6,1390,1,10,SKODA RAPID,7,E01017792,0,-1
2023471291448,2023,471291448,1,9,0,3,3,1,5,0,0,1,0,0,0,0,1,1,6,6,2,25,5,999,1,5,SKODA RAPID,10,E01016930,0,-1
202360A012345,2023,60A012345,1,9,0,18,19,7,3,0,0,0,0,0,0,0,1,1,6,6,2,37,7,1197,1,9,SKODA RAPID,-1,-1,0,-1
2023471361585,2023,471361585,2,9,0,18,19,6,2,0,0,0,0,0,0,0,2,1,5,6,1,69,10,1598,2,10,SKODA RAPID,2,E01024080,0,-1
2023520400377,2023,520400377,1,9,0,16,19,3,7,0,0,0,2,0,1,10,1,1,6,6,1,27,6,1598,2,9,SKODA RAPID,9,E01032041,0,-1
2023201365991,2023,201365991,1,8,0,4,4,5,2,0,0,0,0,0,0,0,1,1,1,1,1,63,9,1390,1,9,SKODA RAPID,1,E01008899,0,-1
2023221341511,2023,221341511,2,9,0,3,3,3,7,0,0,1,0,0,0,0,2,1,5,6,2,57,9,999,1,6,SKODA RAPID,10,E01032145,0,-1
2023101331466,2023,101331466,1,8,0,5,5,1,5,0,0,0,0,0,0,0,4,1,1,1,2,45,7,1598,2,5,SKODA RAPID,-1,-1,0,-1
2023461271083,2023,461271083,1,9,0,9,9,7,5,0,0,1,0,0,0,0,1,1,1,1,2,56,9,1422,2,7,SKODA RAPID,5,E01024815,0,-1
2023071299761,2023,071299761,1,9,0,18,19,7,3,0,0,2,0,11,0,4,1,1,2,2,2,60,9,1197,1,9,SKODA RAPID,3,E01018732,0,-1
2023371384118,2023,371384118,2,9,0,18,19,1,3,0,0,1,0,0,7,0,1,1,2,2,2,41,7,1197,1,7,SKODA RAPID,9,E01026576,0,-1
2023201362901,2023,201362901,1,9,0,5,5,8,4,0,0,0,0,0,0,0,0,1,5,6,1,-1,-1,1422,2,5,SKODA RAPID,-1,-1,0,-1
2023061393232,2023,061393232,1,9,0,18,19,5,1,0,0,0,2,0,1,7,1,1,6,6,1,37,7,1197,1,9,SKODA RAPID,2,E01005193,0,-1
2023461302912,2023,461302912,1,9,0,1,1,5,1,0,0,0,0,0,0,0,2,1,6,6,2,66,10,1197,1,9,SKODA RAPID,4,E01016137,0,-1
2023010461402,2023,010461402,2,9,0,9,9,5,2,0,0,1,0,0,0,0,1,1,6,6,3,-1,-1,1197,1,10,SKODA RAPID,-1,-1,0,-1
2023031300880,2023,031300880,2,8,0,18,19,8,4,0,0,0,0,0,0,0,2,1,1,1,1,47,8,1598,2,9,SKODA RAPID,3,E01019236,0,-1
2023170M10403,2023,170M10403,2,8,0,1,1,8,4,0,0,8,0,0,0,0,1,1,1,1,1,56,9,1422,2,7,SKODA RAPID,1,E01012050,0,-1
2023221330491,2023,221330491,3,8,0,7,7,3,5,0,0,6,0,0,0,0,0,1,1,1,1,42,7,1598,2,10,SKODA RAPID,2,E01014105,0,-1
2023041350828,2023,041350828,3,9,0,18,19,1,5,0,0,0,0,0,0,0,1,1,6,6,2,45,7,999,1,6,SKODA RAPID,-1,-1,0,-1
2023231351908,2023,231351908,2,9,0,2,2,0,0,0,0,0,0,0,0,0,1,1,5,6,1,53,8,1390,1,10,SKODA RAPID,8,E01031223,0,-1
2023430001559,2023,430001559,2,9,0,7,7,4,6,0,0,5,0,0,0,0,0,1,1,1,1,51,8,1598,2,10,SKODA RAPID,3,E01017723,0,-1
2023170M11793,2023,170M11793,1,9,0,18,19,2,5,0,0,0,0,0,0,0,0,1,6,6,1,43,7,1598,2,9,SKODA RAPID,-1,-1,0,-1
2023010480559,2023,010480559,1,9,0,18,19,8,4,0,0,1,0,0,0,0,1,2,6,6,1,33,6,1197,1,10,SKODA RAPID,6,E01000924,0,-1
2023421340862,2023,421340862,2,9,0,18,19,2,6,0,0,6,0,0,0,0,1,1,5,6,1,46,8,999,1,5,SKODA RAPID,-1,-1,0,-1
202360A074531,2023,60A074531,1,9,0,18,19,7,3,0,0,0,0,0,0,0,3,1,6,6,1,49,8,1598,2,7,SKODA RAPID,-1,-1,0,-1
2023041348406,2023,041348406,2,9,0,9,9,1,7,0,0,8,0,0,0,0,1,1,5,6,2,85,11,1197,1,9,SKODA RAPID,10,E01025015,0,-1
2023101378024,2023,101378024,2,8,0,3,3,7,3,0,0,0,0,0,0,0,2,1,1,1,1,71,10,1422,2,7,SKODA RAPID,2,E01008228,0,-1
2023201289868,2023,201289868,2,9,0,9,9,5,3,0,0,6,0,0,0,0,1,1,1,1,1,58,9,1197,1,9,SKODA RAPID,1,E01009195,0,-1
2023141286786,2023,141286786,2,9,0,9,9,5,2,0,0,1,0,0,0,0,4,1,5,6,2,55,8,1197,1,9,SKODA RAPID,1,E01007730,0,-1
2023302300547,2023,302300547,2,9,0,18,19,6,2,0,0,1,0,0,0,0,4,1,2,2,1,34,6,1598,2,10,SKODA RAPID,1,E01013484,0,-1
2023041317268,2023,041317268,2,9,0,18,19,3,7,0,0,1,0,0,1,0,1,1,6,6,1,42,7,1422,2,7,SKODA RAPID,3,E01025111,0,-1
2023122300907,2023,122300907,2,9,0,9,9,4,2,0,0,5,0,0,1,0,3,1,6,6,3,49,8,1197,1,9,SKODA RAPID,6,E01027570,0,-1
2023522300406,2023,522300406,1,8,0,3,3,4,8,0,0,0,0,0,0,0,2,1,1,1,1,46,8,1598,2,10,SKODA RAPID,3,E01014622,0,-1
2023041325432,2023,041325432,1,9,0,1,1,1,5,0,0,0,0,0,0,0,2,1,6,6,3,-1,-1,1598,2,8,SKODA RAPID,-1,-1,0,-1
2023221379905,2023,221379905,2,9,0,18,19,2,6,0,0,8,0,0,7,3,1,1,6,6,2,37,7,1198,1,10,SKODA RAPID,5,E01028843,0,-1
2023991282017,2023,991282017,2,9,0,3,3,4,8,0,0,0,0,0,0,0,2,1,5,6,1,49,8,999,1,5,SKODA RAPID,3,-1,0,-1
2023061316171,2023,061316171,2,9,0,18,19,7,3,0,0,1,0,0,0,0,3,1,6,6,1,46,8,1598,2,10,SKODA RAPID,1,E01005228,0,-1
2023421353001,2023,421353001,2,9,0,18,19,2,3,0,0,0,0,0,0,0,1,1,6,6,1,63,9,1390,1,9,SKODA RAPID,7,E01015946,0,-1
2023010474596,2023,010474596,1,9,0,7,7,5,7,0,0,5,0,0,0,0,1,1,6,6,1,31,6,1390,1,10,SKODA RAPID,1,E01000601,0,-1
2023548840523,2023,548840523,2,9,0,18,19,5,1,0,0,0,0,0,0,0,1,1,6,6,1,58,9,999,1,5,SKODA RAPID,5,E01031898,0,-1
2023522400580,2023,522400580,1,9,0,18,19,2,6,0,0,8,0,0,0,0,1,1,6,6,2,40,7,1598,2,8,SKODA RAPID,7,E01032670,0,-1
2023141380517,2023,141380517,1,9,0,18,19,1,5,0,0,1,0,0,0,0,4,1,5,6,2,50,8,1197,1,8,SKODA RAPID,3,E01008063,0,-1
2023010455889,2023,010455889,2,9,0,2,2,0,0,0,0,1,0,0,0,0,1,1,6,6,3,-1,-1,1422,2,7,SKODA RAPID,-1,-1,0,-1
2023131304920,2023,131304920,2,9,0,2,2,0,0,9,9,0,0,0,0,0,4,1,6,6,3,-1,-1,1598,2,9,SKODA RAPID,-1,-1,0,-1
2023211323778,2023,211323778,1,8,0,-1,-1,-1,-1,-1,-1,0,-1,-1,-1,0,-1,1,1,1,1,66,10,1598,2,9,SKODA RAPID,2,E01014355,0,-1
2023141356190,2023,141356190,2,9,0,5,5,7,3,0,0,1,0,0,0,0,4,1,6,6,3,-1,-1,1598,2,9,SKODA RAPID,-1,-1,0,-1
2023041306705,2023,041306705,1,9,0,18,19,1,5,0,0,0,0,0,0,0,1,1,5,6,2,85,11,1395,1,6,SKODA RAPID,5,E01025061,0,-1
2023122300345,2023,122300345,2,9,0,18,19,7,3,0,0,1,0,0,0,0,4,1,6,6,1,77,11,1598,2,7,SKODA RAPID,1,E01033469,0,-1
2023440151767,2023,440151767,1,9,0,18,19,1,5,0,0,0,0,0,0,0,4,1,6,6,1,33,6,1598,2,5,SKODA RAPID,4,E01017122,0,-1
2023440003842,2023,440003842,1,9,0,9,9,1,8,9,9,6,0,0,0,0,4,1,6,6,1,83,11,1197,1,9,SKODA RAPID,10,E01022729,0,-1
2023440408226,2023,440408226,3,9,0,4,4,2,6,0,0,0,0,0,0,0,2,1,6,6,3,-1,-1,1197,1,8,SKODA RAPID,-1,-1,0,-1
2023440431860,2023,440431860,2,9,0,18,19,7,3,0,0,8,0,0,0,0,3,1,1,1,2,37,7,1598,2,6,SKODA RAPID,3,E01017075,0,-1
2023311321670,2023,311321670,1,9,0,18,19,4,7,0,0,0,0,0,0,0,1,1,6,6,1,31,6,1598,2,9,SKODA RAPID,1,E01013821,0,-1
2023221372636,2023,221372636,1,9,0,9,9,6,4,0,0,5,0,0,0,0,1,1,6,6,1,42,7,1197,1,9,SKODA RAPID,8,E01032153,0,-1
2023201364928,2023,201364928,1,9,0,18,19,3,7,0,0,8,0,0,0,0,4,1,6,6,2,37,7,1598,2,9,SKODA RAPID,3,E01032282,0,-1
2023501271341,2023,501271341,1,8,0,9,9,7,5,0,0,6,1,0,1,9,1,1,1,1,1,60,9,1598,2,9,SKODA RAPID,8,E01020102,0,-1