collision_index,collision_year,collision_ref_no,vehicle_reference,vehicle_type,towing_and_articulation,vehicle_manoeuvre_historic,vehicle_manoeuvre,vehicle_direction_from,vehicle_direction_to,vehicle_location_restricted_lane_historic,vehicle_location_restricted_lane,junction_location,skidding_and_overturning,hit_object_in_carriageway,vehicle_leaving_carriageway,hit_object_off_carriageway,first_point_of_impact,vehicle_left_hand_drive,journey_purpose_of_driver_historic,journey_purpose_of_driver,sex_of_driver,age_of_driver,age_band_of_driver,engine_capacity_cc,propulsion_code,age_of_vehicle,generic_make_model,driver_imd_decile,lsoa_of_driver,escooter_flag,driver_distance_banding
2023010454831,2023,010454831,2,9,0,99,99,9,9,99,99,9,9,99,9,99,9,9,6,6,3,-1,-1,999,1,6,SKODA RAPID,2,E01001767,0,-1
2023221359685,2023,221359685,1,9,0,4,4,8,4,0,0,0,0,0,0,0,2,1,5,6,2,49,8,1598,2,8,SKODA RAPID,5,E01028846,0,-1
2023161301432,2023,161301432,1,9,0,9,9,1,6,0,0,6,0,0,0,0,3,1,2,2,2,35,6,999,1,4,SKODA RAPID,8,E01013269,0,-1
2023141394087,2023,141394087,1,9,0,9,9,3,2,0,0,1,0,0,7,0,1,1,6,6,2,65,9,1197,1,10,SKODA RAPID,9,E01007581,0,-1
2023201426481,2023,201426481,2,9,0,18,19,6,2,0,0,8,0,10,1,0,4,1,6,6,1,47,8,1422,2,7,SKODA RAPID,1,E01009338,0,-1
2023501363047,2023,501363047,3,9,0,2,2,0,0,0,0,1,0,0,0,0,4,1,6,6,1,31,6,1598,2,9,SKODA RAPID,-1,-1,0,-1
2023311333016,2023,311333016,1,9,0,5,5,1,5,0,0,4,0,0,0,0,2,1,1,1,2,53,8,1598,2,8,SKODA RAPID,6,E01028236,0,-1
2023361314637,2023,361314637,2,9,0,17,19,5,3,0,0,4,0,0,3,0,3,1,5,6,1,31,6,1197,1,10,SKODA RAPID,1,E01026598,0,-1
2023991305497,2023,991305497,3,8,0,4,4,8,4,0,0,1,0,0,0,0,1,1,1,1,1,50,8,1598,2,10,SKODA RAPID,5,-1,0,-1
2023010481413,2023,010481413,1,9,0,99,99,9,9,99,99,6,9,99,9,99,1,9,6,6,3,-1,-1,1197,1,10,SKODA RAPID,2,E01003256,0,-1
2023201390740,2023,201390740,1,9,0,5,5,2,6,0,0,8,0,0,0,0,3,1,6,6,1,-1,-1,1197,1,8,SKODA RAPID,-1,-1,0,-1
2023041322367,2023,041322367,2,9,0,9,9,3,7,0,0,4,0,0,0,0,1,1,1,1,1,36,7,1598,2,8,SKODA RAPID,6,E01012618,0,-1
2023010449464,2023,010449464,1,9,0,4,4,5,1,0,0,7,0,0,0,0,2,1,6,6,1,58,9,2487,8,1,-1,2,E01003920,0,-1
2023461329296,2023,461329296,2,9,0,17,19,5,3,0,0,0,0,0,0,0,3,1,6,6,1,34,6,2487,8,1,-1,5,E01016034,0,-1
2023320796074,2023,320796074,1,9,0,18,19,3,7,0,0,0,1,0,1,0,1,1,6,6,1,33,6,2487,8,1,-1,10,E01026882,0,-1
2023520301211,2023,520301211,2,5,0,18,19,3,7,0,0,8,0,0,0,0,4,1,6,6,1,63,9,199,1,7,-1,6,E01029331,0,-1
2023440487991,2023,440487991,2,3,0,18,19,5,1,0,0,1,0,0,0,0,4,1,4,7,1,17,4,125,1,0,ZONTES ZT,8,E01023001,0,-1
2023991387455,2023,991387455,1,3,0,18,19,3,7,0,0,0,2,0,0,0,4,1,6,6,1,21,5,125,1,2,ZONTES ZT,7,-1,0,-1
2023010484179,2023,010484179,2,3,0,18,19,1,5,0,0,1,0,0,0,0,4,1,2,2,1,24,5,125,1,0,ZONTES ZT,2,E01021771,0,-1
2023471332529,2023,471332529,1,3,0,18,19,1,5,0,0,8,0,0,7,0,1,1,5,6,1,25,5,125,1,7,ZONTES ZT,1,E01016866,0,-1
2023361294889,2023,361294889,1,3,0,17,19,7,3,0,0,0,0,0,0,0,0,1,6,6,2,20,4,125,1,1,ZONTES ZT,7,E01026421,0,-1
2023311302440,2023,311302440,2,4,0,18,19,3,7,0,0,1,2,0,0,0,1,1,6,6,1,27,6,125,1,1,-1,8,E01028052,0,-1
2023440375610,2023,440375610,1,3,0,18,19,8,4,0,0,0,0,0,0,0,1,1,6,6,1,23,5,125,1,1,ZONTES ZT,9,E01022768,0,-1
2023351300538,2023,351300538,1,3,0,18,19,2,6,0,0,1,0,0,0,0,1,1,6,6,1,18,4,125,1,2,ZONTES ZT,3,E01018160,0,-1
2023221274388,2023,221274388,2,4,0,18,19,1,5,0,0,8,0,0,0,0,1,1,6,6,2,18,4,125,1,2,-1,6,E01032159,0,-1
2023231331037,2023,231331037,2,3,0,18,19,7,4,0,0,8,0,0,0,0,1,1,5,6,1,27,6,125,1,1,ZONTES ZT,3,E01032536,0,-1
2023211358426,2023,211358426,2,3,-1,-1,-1,-1,-1,-1,-1,0,-1,-1,-1,0,-1,1,6,6,1,20,4,125,1,1,ZONTES ZT,9,E01025951,0,-1
2023440167783,2023,440167783,1,4,0,18,19,7,3,0,0,0,0,0,0,0,4,1,6,6,1,18,4,125,1,1,-1,8,E01022566,0,-1
2023010453662,2023,010453662,1,3,0,99,99,9,9,99,99,9,9,99,9,99,9,1,6,6,1,26,6,125,1,2,ZONTES ZT,6,E01003226,0,-1
2023520300613,2023,520300613,1,3,0,18,19,2,6,0,0,1,0,0,0,0,1,1,6,6,1,29,6,125,1,0,ZONTES ZT,9,E01029182,0,-1
2023052301336,2023,052301336,2,3,0,18,19,1,5,0,0,1,0,0,0,0,1,1,2,2,1,22,5,125,1,10,ZONTES ZT,1,E01006778,0,-1
2023440417575,2023,440417575,1,3,0,18,19,5,1,0,0,0,1,0,0,0,0,1,6,6,1,18,4,125,1,11,ZONTES ZT,3,E01017299,0,-1
2023010452452,2023,010452452,2,3,0,9,9,5,3,0,0,1,0,0,0,0,3,1,1,1,1,33,6,125,1,0,ZONTES ZT,5,E01001217,0,-1
2023451375334,2023,451375334,1,3,0,13,13,5,1,0,0,1,0,0,7,0,1,1,5,6,1,17,4,125,1,0,ZONTES ZT,6,E01030587,0,-1
2023231337139,2023,231337139,2,3,0,17,19,1,7,0,0,8,0,0,0,0,1,1,5,6,1,38,7,125,1,1,ZONTES ZT,9,E01031113,0,-1
2023411325355,2023,411325355,2,3,-1,7,7,1,5,0,0,3,5,0,1,0,-1,1,6,6,1,21,5,125,1,0,ZONTES ZT,5,E01023773,0,-1
2023052302668,2023,052302668,2,3,0,18,19,4,8,0,0,1,0,0,0,0,1,1,6,6,1,18,4,125,1,1,ZONTES ZT,4,E01007206,0,-1
2023371332613,2023,371332613,1,3,0,12,12,6,2,0,0,0,0,0,0,0,3,1,6,6,1,21,5,125,1,2,ZONTES ZT,3,E01030025,0,-1
2023471345015,2023,471345015,2,3,0,18,19,4,8,0,0,0,0,0,1,0,1,1,5,6,1,17,4,125,1,0,ZONTES ZT,7,E01032717,0,-1
2023520400612,2023,520400612,1,3,0,18,19,8,4,0,0,0,0,0,0,0,3,1,6,6,1,17,4,125,1,1,ZONTES ZT,9,E01029188,0,-1
2023451311873,2023,451311873,2,3,0,18,19,5,1,0,0,3,0,0,0,0,4,1,5,6,1,21,5,125,1,7,ZONTES ZT,4,E01001261,0,-1
2023131278973,2023,131278973,1,3,0,18,19,6,4,0,0,1,0,0,0,0,1,1,5,6,1,19,4,125,1,11,ZONTES ZT,1,E01011899,0,-1
2023552301052,2023,552301052,1,5,0,9,9,2,8,0,0,5,0,0,0,0,4,1,6,6,1,55,8,125,1,2,-1,8,E01020514,0,-1
2023122300265,2023,122300265,2,3,0,18,19,2,6,0,0,0,0,0,0,0,1,1,6,6,1,22,5,125,1,1,ZONTES ZT,1,E01027847,0,-1
2023311362238,2023,311362238,1,3,0,18,19,1,5,0,0,1,0,0,0,0,1,1,6,6,1,20,4,125,1,2,ZONTES ZT,5,E01028002,0,-1
2023311357498,2023,311357498,1,3,0,13,13,7,3,0,0,0,0,0,7,0,1,1,6,6,1,18,4,125,1,0,ZONTES ZT,9,E01025921,0,-1
2023010467494,2023,010467494,1,3,0,99,99,9,9,99,99,9,9,99,9,99,1,1,2,2,1,40,7,125,1,1,ZONTES ZT,10,E01023313,0,-1
2023552301080,2023,552301080,1,4,0,4,4,1,5,0,0,8,0,0,0,0,1,1,6,6,1,65,9,348,1,0,-1,5,E01020589,0,-1
2023122300401,2023,122300401,1,4,0,9,9,3,1,0,0,1,0,10,1,1,4,1,6,6,1,28,6,125,1,1,-1,2,E01027852,0,-1
2023122301426,2023,122301426,2,3,0,18,19,4,8,0,0,0,0,0,0,0,1,1,6,6,1,22,5,125,1,11,ZONTES ZT,6,E01027878,0,-1
2023340NN3262,2023,340NN3262,2,3,0,18,19,8,4,0,0,1,5,0,0,0,1,1,6,6,1,18,4,125,1,1,ZONTES ZT,10,E01026004,0,-1
2023421333352,2023,421333352,2,3,0,16,19,8,4,0,0,1,0,0,0,0,1,1,5,6,1,50,8,125,1,1,ZONTES ZT,6,E01021796,0,-1
2023552300561,2023,552300561,1,3,0,18,19,7,3,0,0,0,0,0,0,0,3,1,6,6,1,38,7,125,1,1,ZONTES ZT,6,E01020439,0,-1
2023461333138,2023,461333138,1,3,0,15,15,6,8,0,0,8,0,0,7,0,1,1,6,6,1,18,4,125,1,7,ZONTES ZT,9,E01024832,0,-1
2023302301829,2023,302301829,1,3,0,18,19,8,4,0,0,0,1,0,7,7,3,1,2,2,1,55,8,125,1,1,ZONTES ZT,3,E01029437,0,-1
2023302300140,2023,302300140,2,3,0,18,19,2,6,0,0,8,0,0,0,0,1,1,2,2,1,22,5,125,1,1,ZONTES ZT,3,E01013547,0,-1
2023231380249,2023,231380249,1,3,0,6,6,3,3,0,0,8,0,0,0,0,4,1,6,6,1,20,4,125,1,9,ZONTES ZT,7,E01031038,0,-1
2023991282894,2023,991282894,2,3,0,18,19,4,7,0,0,1,1,0,7,0,4,1,6,6,1,17,4,125,1,8,ZONTES ZT,-1,-1,0,-1
2023010471499,2023,010471499,1,3,0,99,99,9,9,99,99,9,9,99,9,99,9,1,2,2,1,42,7,125,1,0,ZONTES ZT,6,E01004174,0,-1
2023440362570,2023,440362570,1,3,0,18,19,4,8,0,0,0,0,0,0,0,1,1,6,6,1,17,4,125,1,12,ZONTES ZT,4,E01017171,0,-1
2023070860108,2023,070860108,1,4,0,16,19,1,4,0,0,0,1,2,0,0,1,1,6,6,1,19,4,125,1,1,-1,8,E01018582,0,-1
2023461333532,2023,461333532,1,3,0,18,19,7,3,0,0,0,0,11,0,0,1,1,6,6,1,27,6,125,1,0,ZONTES ZT,4,E01024395,0,-1
2023430371540,2023,430371540,1,3,0,18,19,2,6,0,0,1,0,0,7,0,1,1,2,2,1,18,4,125,1,2,ZONTES ZT,10,E01028763,0,-1
2023010454595,2023,010454595,1,4,3,5,5,7,3,0,0,1,0,0,0,0,1,1,6,6,1,54,8,125,1,1,-1,3,E01004031,0,-1
2023141323386,2023,141323386,2,3,0,18,19,5,1,0,0,1,0,0,0,0,4,1,5,6,1,24,5,125,1,1,ZONTES ZT,1,E01007472,0,-1
2023311265705,2023,311265705,2,3,0,18,19,7,3,0,0,1,0,0,0,0,1,1,6,6,1,49,8,125,1,1,ZONTES ZT,4,E01028017,0,-1
2023430525906,2023,430525906,2,4,0,9,9,3,1,0,0,8,0,0,0,0,1,1,2,2,1,33,6,125,1,1,-1,10,E01017374,0,-1
2023361345342,2023,361345342,1,3,0,4,4,3,7,0,0,1,1,0,0,0,1,1,5,6,1,19,4,125,1,1,ZONTES ZT,4,E01026667,0,-1
2023440394544,2023,440394544,1,4,0,18,19,8,4,0,0,1,0,0,0,0,1,1,6,6,2,17,4,125,1,0,-1,4,E01023077,0,-1
2023501327188,2023,501327188,2,3,0,18,19,3,7,0,0,1,5,0,0,0,1,1,5,6,1,44,7,125,1,2,ZONTES ZT,5,E01019886,0,-1
2023010473992,2023,010473992,2,3,0,99,99,9,9,99,99,9,9,99,9,99,1,1,6,6,3,-1,-1,125,1,7,ZONTES ZT,-1,-1,0,-1
2023471394442,2023,471394442,2,3,0,3,3,6,2,0,0,0,0,0,0,0,0,1,6,6,2,30,6,125,1,2,-1,1,E01021015,0,-1
2023411295739,2023,411295739,1,9,0,17,19,1,5,0,0,8,0,0,0,0,1,1,1,1,1,63,9,3996,1,3,BENTLEY BENTAYGA,1,E01003207,0,-1
2023302300580,2023,302300580,1,9,0,18,19,8,4,0,0,0,0,0,1,10,1,1,6,6,1,54,8,3996,1,1,BENTLEY BENTAYGA,9,E01025688,0,-1
2023010423241,2023,010423241,3,9,0,3,3,3,7,0,0,1,0,0,0,0,0,1,6,6,3,-1,-1,5950,1,5,BENTLEY BENTAYGA,-1,-1,0,-1
2023421281427,2023,421281427,2,9,0,4,4,1,5,0,0,0,0,0,0,0,2,1,6,6,2,52,8,3996,1,4,BENTLEY BENTAYGA,9,E01023318,0,-1
2023201416270,2023,201416270,1,9,0,18,19,8,4,0,0,0,1,0,1,0,1,1,6,6,1,26,6,3956,2,5,BENTLEY BENTAYGA,1,E01009092,0,-1
2023201313765,2023,201313765,1,9,0,11,11,6,2,0,0,0,0,0,0,0,1,1,6,6,1,59,9,3956,2,5,BENTLEY BENTAYGA,10,E01010550,0,-1
2023440044492,2023,440044492,2,9,0,18,19,5,1,0,0,8,0,0,0,0,1,1,6,6,1,70,10,5950,1,5,BENTLEY BENTAYGA,6,E01023042,0,-1
2023552301074,2023,552301074,2,9,0,18,19,3,7,0,0,8,0,0,0,0,1,1,6,6,1,43,7,3996,1,2,BENTLEY BENTAYGA,5,E01019902,0,-1
2023332300440,2023,332300440,1,9,0,18,19,7,3,0,0,4,0,0,0,0,1,1,6,6,1,85,11,3996,1,1,BENTLEY BENTAYGA,6,E01013789,0,-1
2023010460777,2023,010460777,1,9,0,9,9,2,8,0,0,2,0,0,0,0,3,1,6,6,1,29,6,5950,1,7,BENTLEY BENTAYGA,3,E01000630,0,-1
2023221273918,2023,221273918,1,9,0,13,13,1,5,0,0,0,0,0,0,0,0,1,6,6,1,55,8,3996,1,2,BENTLEY BENTAYGA,7,E01031244,0,-1
2023622300362,2023,622300362,1,9,0,18,19,8,4,0,0,0,0,0,7,11,1,1,1,1,1,64,9,4235,1,31,-1,3,W01001176,0,-1
2023430212648,2023,430212648,2,5,0,13,13,8,4,0,0,8,0,0,0,0,1,1,6,6,1,24,5,937,1,0,-1,10,E01028609,0,-1
2023520301216,2023,520301216,2,5,0,18,19,3,7,0,0,8,0,0,0,0,1,1,6,6,1,60,9,937,1,0,-1,6,E01032004,0,-1
2023031345846,2023,031345846,1,5,0,13,13,7,3,0,0,1,0,0,0,0,1,1,5,6,1,61,9,937,1,1,-1,3,E01019266,0,-1
2023302301389,2023,302301389,2,5,0,18,19,4,8,0,0,0,0,0,0,0,1,1,6,6,1,61,9,1450,1,18,-1,9,E01019621,0,-1
2023070107055,2023,070107055,2,5,0,3,3,8,4,0,0,1,0,0,0,0,2,1,6,6,1,57,9,1450,1,19,-1,7,E01007084,0,-1
2023531340463,2023,531340463,1,5,0,4,4,5,1,0,0,0,2,0,0,0,1,1,5,6,1,55,8,1450,1,19,-1,8,E01015550,0,-1
2023111348484,2023,111348484,2,5,0,18,19,7,3,0,0,1,0,0,0,0,1,1,6,6,1,46,8,1252,1,0,-1,4,E01008747,0,-1
2023010440377,2023,010440377,1,4,0,99,99,9,9,99,99,9,9,99,9,99,1,1,6,6,1,26,6,330,1,0,HONDA ADV 350,2,E01003350,0,-1
2023010449372,2023,010449372,1,4,0,99,99,9,9,99,99,9,9,99,9,99,1,1,1,1,1,44,7,330,1,1,HONDA ADV 350,4,E01000557,0,-1
2023010432070,2023,010432070,2,4,0,4,4,3,7,0,0,8,1,9,0,0,1,1,6,6,1,18,4,330,1,1,HONDA ADV 350,4,E01001182,0,-1
2023411323930,2023,411323930,2,4,0,18,19,-1,-1,0,0,1,0,0,0,0,1,1,1,1,1,28,6,330,1,0,HONDA ADV 350,3,E01003603,0,-1
2023010419504,2023,010419504,1,4,0,99,99,9,9,99,99,9,9,99,9,99,1,1,1,1,1,39,7,330,1,1,HONDA ADV 350,4,E01023828,0,-1
2023010472911,2023,010472911,1,4,0,18,19,5,1,0,0,0,0,4,0,0,1,1,6,6,1,16,4,330,1,1,HONDA ADV 350,8,E01003845,0,-1
2023010421333,2023,010421333,1,4,0,99,99,9,9,99,99,9,9,99,9,99,1,1,1,1,1,44,7,330,1,1,HONDA ADV 350,4,E01000557,0,-1
2023010468381,2023,010468381,2,4,0,15,15,5,1,0,0,8,0,0,0,0,1,1,2,2,1,43,7,330,1,0,HONDA ADV 350,-1,-1,0,-1
2023440326117,2023,440326117,2,4,0,18,19,2,6,0,0,1,0,0,0,0,1,1,6,6,1,35,6,330,1,0,HONDA ADV 350,5,E01017222,0,-1
2023010459338,2023,010459338,1,4,0,99,99,9,9,99,99,9,9,99,9,99,1,1,1,1,1,34,6,330,1,0,HONDA ADV 350,2,E01003265,0,-1
2023010478110,2023,010478110,1,3,0,99,99,9,9,99,99,9,9,99,9,99,9,1,6,6,3,24,5,330,1,0,-1,2,E01002068,0,-1
2023991371851,2023,991371851,1,3,0,18,19,7,4,9,9,8,0,0,0,0,0,1,6,6,1,59,9,125,1,19,-1,-1,-1,0,-1
2023302300084,2023,302300084,1,3,0,17,19,8,6,0,0,1,1,0,0,0,4,1,6,6,1,26,6,125,1,20,-1,9,E01019615,0,-1
2023544618923,2023,544618923,1,2,0,18,19,1,5,0,0,1,0,10,1,1,1,1,1,1,1,20,4,125,1,17,-1,4,E01015492,0,-1
2023311330110,2023,311330110,2,3,0,14,14,6,6,0,0,0,0,0,0,0,4,1,6,6,1,54,8,125,1,18,-1,2,E01028299,0,-1
2023461317960,2023,461317960,2,3,0,18,19,6,8,0,0,2,0,0,0,0,4,1,6,6,1,17,4,125,1,16,-1,3,E01016084,0,-1
2023101285362,2023,101285362,3,5,0,3,3,5,1,0,0,4,0,0,0,0,2,1,6,6,1,25,5,745,1,10,-1,1,E01008170,0,-1
2023010449057,2023,010449057,2,9,0,99,99,9,9,99,99,9,9,99,9,99,9,9,6,6,3,44,7,3696,1,13,-1,2,E01001114,0,-1
2023461331476,2023,461331476,1,21,0,9,9,3,5,0,0,1,0,0,0,0,4,1,1,1,1,62,9,8710,2,6,-1,-1,-1,0,-1
2023461337029,2023,461337029,2,21,0,18,19,5,1,0,0,1,0,0,0,0,1,1,6,6,1,45,7,8710,2,6,-1,10,E01024325,0,-1
202360A047758,2023,60A047758,1,21,0,3,3,6,2,0,0,1,0,0,0,0,2,1,6,6,1,40,7,12882,2,7,-1,-1,-1,0,-1
2023101332128,2023,101332128,1,21,-1,16,19,3,7,0,0,0,0,0,0,0,1,1,6,6,1,-1,-1,8710,2,9,-1,-1,-1,0,-1
2023440288417,2023,440288417,1,9,0,11,11,6,2,0,0,0,0,0,4,6,1,1,6,6,2,58,9,2987,2,17,-1,6,E01023183,0,-1
2023201293066,2023,201293066,2,5,0,18,19,6,2,0,0,8,0,0,0,0,1,1,2,2,1,53,8,-1,-1,-1,-1,6,E01010035,0,-1
2023010466682,2023,010466682,2,4,0,3,3,7,3,0,0,1,0,0,0,0,1,1,1,1,1,52,8,1043,1,12,-1,4,E01021790,0,-1
2023332300406,2023,332300406,2,5,0,18,19,2,6,0,0,8,0,0,0,0,1,1,6,6,1,54,8,1043,1,5,-1,5,E01025897,0,-1
2023461365147,2023,461365147,2,5,0,9,9,5,3,0,0,1,0,0,0,0,2,1,2,2,1,53,8,1043,1,9,-1,3,E01024717,0,-1
2023010446102,2023,010446102,1,5,0,18,19,3,7,0,0,0,0,0,0,0,1,1,1,1,1,37,7,1043,1,11,-1,6,E01004360,0,-1
2023531291417,2023,531291417,1,5,0,18,19,5,1,0,0,2,0,0,1,0,1,1,5,6,1,74,10,1043,1,12,-1,6,E01022383,0,-1
2023010467615,2023,010467615,1,5,0,99,99,9,9,99,99,9,9,99,9,99,1,1,2,2,1,51,8,1043,1,5,-1,3,E01004429,0,-1
2023991341265,2023,991341265,1,19,0,10,10,3,1,0,0,1,0,0,0,0,2,1,5,6,1,39,7,-1,-1,-1,-1,-1,-1,0,-1
2023031319782,2023,031319782,1,5,0,18,19,2,8,0,0,0,1,0,0,0,1,1,5,6,1,59,9,1150,1,13,-1,2,E01012685,0,-1
2023010475398,2023,010475398,2,9,0,99,99,9,9,99,99,9,9,99,9,99,2,9,6,6,3,39,7,4293,1,18,-1,1,E01011371,0,-1
2023311297193,2023,311297193,1,9,0,18,19,7,3,0,0,0,0,0,0,0,2,1,6,6,2,35,6,4293,1,18,-1,7,E01019513,0,-1
2023622300863,2023,622300863,2,3,0,18,19,7,3,0,0,3,0,10,0,0,4,1,6,6,2,16,4,125,1,3,-1,1,W01000817,0,-1
2023010431101,2023,010431101,1,9,0,10,10,7,6,0,0,2,0,0,1,10,2,1,6,6,1,31,6,1499,1,5,MITSUBISHI ECLIPSE,4,E01001296,0,-1
2023430453528,2023,430453528,2,9,0,17,19,3,8,0,0,0,0,0,0,0,3,1,6,6,1,69,10,1499,1,5,MITSUBISHI ECLIPSE,10,E01017749,0,-1
2023501384571,2023,501384571,3,9,0,3,3,2,3,0,0,1,0,0,0,0,2,1,5,6,2,90,11,1499,1,5,MITSUBISHI ECLIPSE,4,E01018773,0,-1
2023201402137,2023,201402137,1,9,0,7,7,5,6,0,0,6,0,0,0,0,1,1,5,6,2,-1,-1,1499,1,4,MITSUBISHI ECLIPSE,6,E01010012,0,-1
2023991378174,2023,991378174,5,9,0,18,19,7,3,0,0,0,0,0,0,0,1,1,5,6,1,30,6,1499,1,5,MITSUBISHI ECLIPSE,-1,-1,0,-1
2023440262125,2023,440262125,2,9,0,18,19,3,7,0,0,1,0,0,0,0,3,1,6,6,1,61,9,1499,1,2,MITSUBISHI ECLIPSE,10,E01023114,0,-1
2023622301009,2023,622301009,1,9,0,14,14,8,4,0,0,1,0,0,0,0,3,1,2,2,2,56,9,1499,1,4,MITSUBISHI ECLIPSE,4,W01001281,0,-1
2023010443163,2023,010443163,2,9,0,16,19,1,5,0,0,0,0,0,0,0,1,1,6,6,1,-1,-1,1499,1,3,MITSUBISHI ECLIPSE,-1,-1,0,-1
2023451298624,2023,451298624,1,9,0,18,19,2,1,0,0,3,5,0,0,0,4,1,5,6,2,37,7,1499,1,2,MITSUBISHI ECLIPSE,7,E01030956,0,-1
2023440244000,2023,440244000,1,9,0,18,19,3,7,0,0,8,0,0,0,0,1,1,6,6,1,68,10,1499,1,4,MITSUBISHI ECLIPSE,6,E01023138,0,-1
2023101339525,2023,101339525,1,9,0,18,19,7,1,0,0,4,0,0,0,0,1,1,6,6,1,40,7,1499,1,5,MITSUBISHI ECLIPSE,9,E01008723,0,-1
2023332300201,2023,332300201,2,9,0,18,19,6,2,0,0,3,0,0,7,7,1,1,6,6,1,42,7,1499,1,2,MITSUBISHI ECLIPSE,6,E01025815,0,-1
2023141300551,2023,141300551,1,9,0,18,19,1,1,0,0,0,0,0,0,0,1,1,6,6,2,35,6,1499,1,4,MITSUBISHI ECLIPSE,1,E01008013,0,-1
2023451293376,2023,451293376,1,9,0,18,19,7,3,0,0,0,0,0,0,0,1,1,5,6,2,34,6,1499,1,5,MITSUBISHI ECLIPSE,9,E01024186,0,-1
2023010433674,2023,010433674,4,9,0,2,2,0,0,0,0,2,0,0,0,0,1,1,6,6,3,-1,-1,1499,1,4,MITSUBISHI ECLIPSE,-1,-1,0,-1
2023461290775,2023,461290775,1,9,0,18,19,3,7,0,0,0,0,0,1,10,1,1,5,6,1,38,7,1499,1,5,MITSUBISHI ECLIPSE,3,E01024291,0,-1
2023101269146,2023,101269146,2,9,0,3,3,7,3,0,0,1,0,0,0,0,2,1,5,6,2,20,4,1499,1,4,MITSUBISHI ECLIPSE,8,E01027425,0,-1
2023010442294,2023,010442294,2,9,0,9,9,5,3,0,0,1,0,0,0,0,3,1,6,6,2,38,7,1499,1,3,MITSUBISHI ECLIPSE,6,E01004476,0,-1
2023141324787,2023,141324787,1,9,0,18,19,8,2,0,0,0,0,0,0,0,2,1,5,6,1,49,8,1499,1,4,MITSUBISHI ECLIPSE,2,E01007548,0,-1
2023302300860,2023,302300860,1,9,0,9,9,8,5,0,0,8,0,0,0,0,1,1,6,6,2,21,5,1499,1,5,MITSUBISHI ECLIPSE,3,E01013547,0,-1
2023501308395,2023,501308395,2,9,0,3,3,4,2,0,0,0,0,0,0,0,1,1,5,6,1,54,8,1499,1,5,MITSUBISHI ECLIPSE,8,E01020054,0,-1
2023991343414,2023,991343414,1,9,0,15,15,7,3,0,0,0,0,0,0,0,4,1,5,6,1,30,6,1499,1,4,MITSUBISHI ECLIPSE,-1,-1,0,-1
2023010421784,2023,010421784,1,9,0,18,19,3,7,0,0,0,0,0,0,0,1,1,6,6,1,45,7,1499,1,5,MITSUBISHI ECLIPSE,-1,-1,0,-1
2023543987223,2023,543987223,3,9,0,18,19,3,7,0,0,0,0,0,7,11,3,1,6,6,1,46,8,1499,1,5,MITSUBISHI ECLIPSE,8,E01031868,0,-1
2023421317783,2023,421317783,1,9,0,9,9,5,7,0,0,8,0,0,0,0,3,1,2,2,1,37,7,1499,1,5,MITSUBISHI ECLIPSE,-1,-1,0,-1
2023552301252,2023,552301252,2,9,0,18,19,8,4,0,0,0,0,0,0,0,2,1,6,6,1,60,9,1499,1,2,MITSUBISHI ECLIPSE,6,E01025840,0,-1
2023471338754,2023,471338754,2,9,0,18,19,3,7,0,0,1,0,0,0,0,1,1,5,6,1,49,8,1499,1,2,MITSUBISHI ECLIPSE,-1,-1,0,-1
2023991321027,2023,991321027,1,9,0,18,19,7,3,0,0,0,0,0,0,0,1,1,5,6,1,57,9,1499,1,2,MITSUBISHI ECLIPSE,3,-1,0,-1
2023991391524,2023,991391524,1,9,0,18,19,2,6,9,9,2,0,0,1,0,1,1,5,6,1,60,9,1499,1,3,MITSUBISHI ECLIPSE,8,-1,0,-1
2023461376517,2023,461376517,2,9,0,10,10,1,7,0,0,1,1,0,0,0,4,1,6,6,2,45,7,1499,1,4,MITSUBISHI ECLIPSE,10,E01032655,0,-1
2023991337050,2023,991337050,1,9,0,18,19,4,8,0,0,0,0,0,0,0,1,1,2,2,2,67,10,1499,1,4,MITSUBISHI ECLIPSE,-1,-1,0,-1
2023111290335,2023,111290335,2,9,0,18,19,4,7,0,0,0,0,0,0,0,1,1,5,6,2,30,6,1499,1,5,MITSUBISHI ECLIPSE,4,E01020866,0,-1
2023231372823,2023,231372823,2,5,0,13,13,8,4,0,0,8,0,0,0,0,1,1,6,6,1,64,9,650,1,61,-1,6,E01032968,0,-1
2023031345953,2023,031345953,1,5,0,3,3,3,7,0,0,1,0,0,0,0,2,1,5,6,1,30,6,750,1,-1,-1,3,E01025397,0,-1
2023421342445,2023,421342445,1,5,0,13,13,5,1,0,0,0,0,0,0,0,1,1,6,6,1,59,9,750,1,51,-1,9,E01021564,0,-1
2023631360784,2023,631360784,1,5,0,16,19,4,8,0,0,0,2,0,1,0,1,1,5,6,1,71,10,828,1,48,-1,8,E01030782,0,-1
2023547537523,2023,547537523,2,5,0,17,19,8,5,0,0,1,0,0,0,0,3,1,6,6,1,62,9,828,1,47,-1,9,E01032034,0,-1
2023552300914,2023,552300914,1,19,0,18,19,2,6,0,0,0,0,0,0,0,4,1,6,6,3,-1,-1,-1,-1,-1,-1,-1,-1,0,-1
2023631331605,2023,631331605,1,9,0,5,5,7,3,8,6,6,0,0,7,10,3,1,2,2,2,55,8,1794,1,22,TOYOTA MR2,8,W01000557,0,-1