collision_index,collision_year,collision_ref_no,vehicle_reference,vehicle_type,towing_and_articulation,vehicle_manoeuvre_historic,vehicle_manoeuvre,vehicle_direction_from,vehicle_direction_to,vehicle_location_restricted_lane_historic,vehicle_location_restricted_lane,junction_location,skidding_and_overturning,hit_object_in_carriageway,vehicle_leaving_carriageway,hit_object_off_carriageway,first_point_of_impact,vehicle_left_hand_drive,journey_purpose_of_driver_historic,journey_purpose_of_driver,sex_of_driver,age_of_driver,age_band_of_driver,engine_capacity_cc,propulsion_code,age_of_vehicle,generic_make_model,driver_imd_decile,lsoa_of_driver,escooter_flag,driver_distance_banding
2023311382251,2023,311382251,1,9,0,18,19,8,4,0,0,0,0,0,0,0,2,1,5,6,1,18,4,1794,1,17,TOYOTA MR2,1,E01019444,0,-1
2023440068836,2023,440068836,2,9,0,18,19,7,3,0,0,8,0,0,0,0,3,1,6,6,1,20,4,1794,1,23,TOYOTA MR2,9,E01022469,0,-1
2023101332636,2023,101332636,2,9,0,18,19,4,8,0,0,1,0,0,0,0,4,1,6,6,1,59,9,1794,1,17,TOYOTA MR2,7,E01027428,0,-1
2023430565847,2023,430565847,1,9,0,18,19,6,2,0,0,0,1,0,6,0,3,1,6,6,1,18,4,1794,1,23,TOYOTA MR2,4,E01028632,0,-1
2023411276444,2023,411276444,1,9,0,18,19,1,1,0,0,0,1,0,0,0,1,1,2,2,1,51,8,1794,1,21,TOYOTA MR2,6,E01023340,0,-1
2023231391121,2023,231391121,2,9,0,18,19,8,4,0,0,8,0,0,0,0,3,1,6,6,1,65,9,1794,1,19,TOYOTA MR2,4,E01011678,0,-1
2023340NN1922,2023,340NN1922,1,9,0,18,19,8,4,0,0,8,2,10,1,11,1,1,6,6,1,41,7,1794,1,22,TOYOTA MR2,2,E01026957,0,-1
2023221330869,2023,221330869,1,9,0,9,9,7,5,0,0,6,0,0,0,0,1,1,2,2,1,35,6,1794,1,23,TOYOTA MR2,10,E01032154,0,-1
2023320144029,2023,320144029,1,9,0,18,19,4,8,0,0,0,1,0,7,0,1,1,6,6,1,17,4,1794,1,21,TOYOTA MR2,4,E01026044,0,-1
2023610035023,2023,610035023,1,9,0,15,15,5,1,0,0,0,2,0,1,2,1,1,2,2,1,22,5,1794,1,21,TOYOTA MR2,1,W01001453,0,-1
2023010465648,2023,010465648,1,9,0,18,19,5,1,0,0,1,0,0,0,0,3,1,6,6,1,41,7,1794,1,23,TOYOTA MR2,5,E01033325,0,-1
2023221281472,2023,221281472,1,9,0,7,7,1,2,0,0,6,0,0,0,0,1,1,2,2,1,49,8,1998,1,26,TOYOTA MR2,5,E01028846,0,-1
2023302301537,2023,302301537,1,9,0,16,19,4,6,0,0,0,0,0,7,10,1,1,6,6,2,20,4,1998,1,26,TOYOTA MR2,9,E01023352,0,-1
2023440180344,2023,440180344,1,9,0,18,19,2,6,0,0,0,0,0,2,11,1,1,6,6,1,39,7,1999,1,28,TOYOTA MR2,8,E01023084,0,-1
2023361338644,2023,361338644,1,9,0,18,19,5,2,0,0,2,1,10,1,0,1,1,6,6,1,31,6,1794,1,22,TOYOTA MR2,3,E01026455,0,-1
2023041394113,2023,041394113,1,9,0,18,19,7,3,0,0,0,1,0,5,6,1,1,5,6,1,24,5,1794,1,19,TOYOTA MR2,1,E01025082,0,-1
2023451355256,2023,451355256,1,9,0,18,19,7,3,0,0,0,0,0,0,0,4,1,5,6,1,24,5,1998,1,28,TOYOTA MR2,8,E01030732,0,-1
2023010464952,2023,010464952,1,9,0,3,3,7,3,0,0,5,0,0,0,0,1,1,2,2,1,30,6,1598,1,21,VOLKSWAGEN BORA,2,E01011943,0,-1
2023340WN7292,2023,340WN7292,1,9,0,18,19,5,1,0,0,0,0,0,0,3,1,1,2,2,1,22,5,1896,2,19,VOLKSWAGEN BORA,7,E01026994,0,-1
2023302300109,2023,302300109,2,9,0,4,4,6,2,0,0,0,1,0,0,0,1,1,6,6,1,19,4,1896,2,21,VOLKSWAGEN BORA,3,E01019776,0,-1
2023991341569,2023,991341569,1,9,0,17,19,6,2,0,0,0,2,0,7,9,2,1,5,6,1,18,4,1896,2,20,VOLKSWAGEN BORA,8,-1,0,-1
2023430395342,2023,430395342,2,9,0,2,2,0,0,0,0,0,0,0,0,0,3,1,6,6,3,-1,-1,1896,2,20,VOLKSWAGEN BORA,-1,-1,0,-1
2023401263767,2023,401263767,2,9,0,18,19,3,8,0,0,8,0,0,0,0,2,1,5,6,1,29,6,1896,2,19,VOLKSWAGEN BORA,2,E01017539,0,-1
2023522300560,2023,522300560,1,9,0,18,19,4,6,0,0,8,0,0,0,0,1,1,6,6,1,20,4,1896,2,20,VOLKSWAGEN BORA,8,E01032668,0,-1
2023201442215,2023,201442215,1,9,0,9,9,2,8,0,0,5,0,0,0,0,4,1,5,6,2,32,6,1896,2,18,VOLKSWAGEN BORA,1,E01009359,0,-1
2023161379309,2023,161379309,1,9,0,13,13,3,7,0,0,0,1,0,5,6,3,1,5,6,1,20,4,1896,2,20,VOLKSWAGEN BORA,-1,-1,0,-1
2023070110777,2023,070110777,2,9,0,18,19,2,6,0,0,1,0,0,0,0,1,1,6,6,1,54,8,1896,2,21,VOLKSWAGEN BORA,-1,-1,0,-1
2023991260864,2023,991260864,1,9,0,17,19,3,8,0,0,0,0,0,1,10,1,1,5,6,1,18,4,1896,2,17,VOLKSWAGEN BORA,5,-1,0,-1
2023622301004,2023,622301004,1,9,0,16,19,5,8,0,0,0,0,4,0,0,1,1,6,6,1,22,5,1896,2,20,VOLKSWAGEN BORA,2,W01001298,0,-1
2023991360138,2023,991360138,1,9,0,13,13,4,8,0,0,0,2,0,7,4,4,1,5,6,1,20,4,1896,2,21,VOLKSWAGEN BORA,5,-1,0,-1
2023141275312,2023,141275312,1,9,0,18,19,6,2,0,0,2,0,0,0,0,1,1,6,6,1,32,6,1896,2,20,VOLKSWAGEN BORA,6,E01007917,0,-1
2023221299130,2023,221299130,2,9,0,4,4,3,7,0,0,0,0,0,0,0,2,1,1,1,1,21,5,1896,2,19,VOLKSWAGEN BORA,1,E01032204,0,-1
2023010454003,2023,010454003,2,9,0,18,19,2,6,0,0,0,0,0,0,0,0,1,6,6,1,28,6,1896,2,21,VOLKSWAGEN BORA,8,E01002383,0,-1
2023131288038,2023,131288038,2,9,0,4,4,7,3,0,0,1,0,0,0,0,2,1,5,6,2,54,8,1896,2,18,VOLKSWAGEN BORA,4,E01010675,0,-1
2023461370206,2023,461370206,2,9,0,18,19,3,7,0,0,2,0,0,0,0,4,1,6,6,2,23,5,1896,2,20,VOLKSWAGEN BORA,5,E01024495,0,-1
2023461280728,2023,461280728,2,9,0,4,4,7,3,0,0,0,0,0,0,0,2,1,2,2,1,30,6,1896,2,20,VOLKSWAGEN BORA,2,E01024093,0,-1
2023201314866,2023,201314866,1,9,0,18,19,3,7,0,0,1,0,0,0,0,1,1,5,6,1,47,8,1896,2,23,VOLKSWAGEN BORA,1,E01010076,0,-1
2023122300926,2023,122300926,1,9,0,13,13,5,2,0,0,1,0,0,0,0,4,1,6,6,2,50,8,1595,1,19,VOLKSWAGEN BORA,2,E01027864,0,-1
2023010433282,2023,010433282,2,9,9,99,99,9,9,99,99,9,9,99,9,99,9,9,6,6,1,-1,-1,1595,1,23,VOLKSWAGEN BORA,-1,-1,0,-1
2023131316957,2023,131316957,1,9,0,17,19,1,5,0,0,5,1,0,1,11,1,1,6,6,1,19,4,1896,2,19,VOLKSWAGEN BORA,4,E01011039,0,-1
2023351333047,2023,351333047,1,9,0,16,19,3,7,0,0,0,1,0,7,9,1,1,1,1,1,44,7,1896,2,20,VOLKSWAGEN BORA,2,E01002392,0,-1
2023991393473,2023,991393473,2,9,0,18,19,5,4,0,0,1,0,0,0,0,1,2,2,2,1,41,7,1896,2,18,VOLKSWAGEN BORA,4,-1,0,-1
2023520000557,2023,520000557,2,9,0,1,1,8,6,0,0,0,0,0,0,0,2,1,6,6,1,26,6,1896,2,19,VOLKSWAGEN BORA,8,E01014425,0,-1
2023461306014,2023,461306014,1,9,0,18,19,6,2,0,0,1,0,0,0,0,1,1,6,6,1,23,5,1896,2,17,VOLKSWAGEN BORA,7,E01024224,0,-1
2023031354587,2023,031354587,1,9,0,1,1,7,3,9,9,0,0,0,0,0,4,1,6,6,1,83,11,1896,2,22,VOLKSWAGEN BORA,9,E01005017,0,-1
2023201400632,2023,201400632,2,9,0,18,19,2,8,0,0,5,0,0,0,0,3,1,6,6,2,31,6,1896,2,18,VOLKSWAGEN BORA,1,E01033638,0,-1
2023101361228,2023,101361228,1,9,0,18,19,6,2,0,0,0,0,0,0,0,1,1,5,6,1,19,4,1896,2,21,VOLKSWAGEN BORA,4,E01027421,0,-1
2023221305659,2023,221305659,2,9,0,4,4,4,8,0,0,0,0,0,0,0,2,1,5,6,1,56,9,1969,2,8,VOLVO V60,4,E01020876,0,-1
2023340NN1552,2023,340NN1552,2,9,0,18,19,2,6,0,0,1,0,0,0,0,3,1,2,2,1,32,6,1969,8,1,VOLVO V60,7,E01026978,0,-1
2023010469663,2023,010469663,1,9,0,99,99,9,9,99,99,9,9,99,9,99,2,9,1,1,2,35,6,1560,2,11,VOLVO V60,6,E01024005,0,-1
2023991267081,2023,991267081,1,9,0,9,9,2,7,0,0,1,0,0,0,0,4,1,5,6,1,60,9,1560,2,12,VOLVO V60,8,-1,0,-1
2023501337280,2023,501337280,1,9,0,6,6,3,2,0,0,0,0,0,0,0,3,1,5,6,1,43,7,1969,8,2,VOLVO V60,10,E01013527,0,-1
2023101305721,2023,101305721,2,9,0,18,19,5,1,0,0,1,0,0,0,0,3,1,5,6,1,35,6,2400,2,11,VOLVO V60,-1,-1,0,-1
2023141317243,2023,141317243,4,9,0,18,19,6,2,0,0,8,0,0,0,0,1,1,1,1,1,35,6,2400,12,6,VOLVO V60,1,E01007856,0,-1
2023131346184,2023,131346184,2,9,0,5,5,5,1,0,0,4,0,0,0,0,1,1,6,6,1,75,10,1984,2,11,VOLVO V60,2,E01011618,0,-1
2023411347484,2023,411347484,2,9,0,18,19,5,1,0,0,0,0,0,0,0,4,1,1,1,1,32,6,1969,8,2,VOLVO V60,-1,-1,0,-1
2023451365337,2023,451365337,2,9,0,18,19,5,1,0,0,0,0,0,0,0,1,1,5,6,2,79,11,1969,1,7,VOLVO V60,10,E01030998,0,-1
2023361338616,2023,361338616,2,8,0,18,19,5,3,2,2,0,0,0,0,0,3,1,1,1,1,64,9,1969,2,5,-1,8,E01026563,0,-1
2023371407177,2023,371407177,1,9,0,12,12,5,1,0,0,0,0,0,0,0,3,1,5,6,1,70,10,1969,2,5,VOLVO V60,7,E01026897,0,-1
2023430220126,2023,430220126,4,9,0,2,2,0,0,0,0,0,0,0,0,0,1,1,6,6,3,-1,-1,1969,1,5,VOLVO V60,-1,-1,0,-1
2023361306785,2023,361306785,2,9,0,2,2,2,6,0,0,0,0,0,0,0,0,1,1,1,1,31,6,1969,8,2,VOLVO V60,-1,-1,0,-1
2023320407150,2023,320407150,2,9,0,18,19,2,6,0,0,0,0,0,1,9,1,1,6,6,1,52,8,1984,2,11,VOLVO V60,3,E01026023,0,-1
2023010445245,2023,010445245,1,9,0,6,6,7,7,0,0,1,0,0,0,0,3,1,2,2,1,32,6,1999,1,10,VOLVO V60,-1,-1,0,-1
2023401378485,2023,401378485,2,9,0,18,19,5,1,0,0,0,0,0,0,0,1,1,1,1,1,39,7,1969,8,1,VOLVO V60,3,E01017514,0,-1
2023201363756,2023,201363756,2,9,0,3,3,1,5,0,0,0,0,0,0,0,2,1,6,6,1,53,8,1969,2,4,VOLVO V60,6,E01032403,0,-1
2023131285152,2023,131285152,3,9,0,3,3,6,2,0,0,8,0,0,0,0,0,1,5,6,1,45,7,1969,2,5,VOLVO V60,3,E01010895,0,-1
2023351321892,2023,351321892,2,9,0,18,19,4,8,0,0,1,0,0,0,0,1,1,1,1,2,44,7,1969,8,2,VOLVO V60,-1,-1,0,-1
2023351395111,2023,351395111,2,9,0,18,19,4,8,0,0,8,0,0,0,0,0,1,1,1,2,45,7,1969,8,2,VOLVO V60,-1,-1,0,-1
2023221332659,2023,221332659,1,9,0,18,19,2,6,0,0,8,0,0,0,0,1,1,6,6,3,19,4,1969,2,6,VOLVO V60,-1,-1,0,-1
2023520400718,2023,520400718,1,9,0,18,19,3,7,0,0,8,0,0,0,0,3,1,6,6,1,56,9,1969,2,7,VOLVO V60,-1,-1,0,-1
202363A014823,2023,63A014823,1,9,0,5,5,4,8,0,0,6,0,0,0,0,4,1,6,6,1,59,9,1984,2,11,VOLVO V60,8,W01000704,0,-1
2023122300919,2023,122300919,1,9,0,7,7,2,5,0,0,8,0,0,0,0,2,1,6,6,1,51,8,1969,2,3,VOLVO V60,10,E01027732,0,-1
2023170S10123,2023,170S10123,2,9,0,18,19,8,4,0,0,0,0,0,0,0,2,1,6,6,1,57,9,1969,1,3,VOLVO V60,10,E01012124,0,-1
2023421367175,2023,421367175,2,9,0,7,7,3,6,0,0,2,0,0,0,0,3,1,5,6,1,38,7,1969,2,5,VOLVO V60,2,E01021851,0,-1
2023131322918,2023,131322918,2,9,0,2,2,0,0,9,9,0,0,4,0,0,1,1,6,6,3,-1,-1,1969,2,9,VOLVO V60,-1,-1,0,-1
2023991297083,2023,991297083,2,9,0,13,13,8,4,0,0,1,0,0,1,11,1,1,1,1,1,29,6,1969,12,1,VOLVO V60,-1,-1,0,-1
2023531398335,2023,531398335,2,9,0,18,19,5,1,0,0,8,0,0,0,0,3,1,5,6,2,36,7,1560,2,11,VOLVO V60,1,E01022122,0,-1
2023451358573,2023,451358573,1,9,0,18,19,7,3,0,0,0,0,0,0,0,0,1,6,6,1,28,6,1560,2,10,VOLVO V60,-1,-1,0,-1
2023440030175,2023,440030175,1,9,0,8,8,5,1,0,0,5,0,0,0,0,2,1,6,6,1,78,11,1969,2,4,VOLVO V60,5,E01017358,0,-1
2023201287134,2023,201287134,2,9,0,18,19,6,2,0,0,0,0,0,0,0,1,1,1,1,1,-1,-1,1969,8,2,VOLVO V60,5,E01009234,0,-1
2023010470736,2023,010470736,1,9,0,99,99,9,9,99,99,9,9,99,9,99,2,9,6,6,1,49,8,1969,2,7,VOLVO V60,9,E01021675,0,-1
2023311262741,2023,311262741,3,9,0,2,2,0,0,9,9,1,0,0,0,0,2,1,6,6,3,-1,-1,1969,2,8,VOLVO V60,-1,-1,0,-1
2023501308311,2023,501308311,1,9,0,12,12,3,7,0,0,0,0,0,0,0,0,1,6,6,3,-1,-1,1560,2,10,VOLVO V60,-1,-1,0,-1
2023201400574,2023,201400574,3,9,0,2,2,0,0,0,0,0,0,0,0,0,3,1,6,6,2,-1,-1,1969,1,6,VOLVO V60,3,E01008988,0,-1
2023351334361,2023,351334361,1,9,0,9,9,2,2,0,0,0,0,0,0,0,1,1,6,6,2,64,9,1969,2,9,VOLVO V60,4,E01026679,0,-1
2023471283085,2023,471283085,1,9,0,18,19,7,3,0,0,2,0,0,0,0,4,1,1,1,2,37,7,1560,2,11,VOLVO V60,6,E01020950,0,-1
2023141310583,2023,141310583,2,9,0,18,19,4,8,0,0,1,0,0,0,0,1,1,5,6,1,40,7,1984,2,11,VOLVO V60,4,E01007647,0,-1
2023451280293,2023,451280293,2,9,0,9,9,6,3,0,0,1,5,0,0,0,3,1,2,2,1,63,9,1969,2,9,VOLVO V60,10,E01030810,0,-1
2023061310399,2023,061310399,1,9,-1,5,5,-1,-1,-1,-1,-1,0,0,0,0,4,1,5,6,1,47,8,1969,8,1,VOLVO V60,3,E01005267,0,-1
2023302300058,2023,302300058,1,9,0,9,9,4,2,0,0,8,0,0,0,0,1,1,6,6,1,-1,-1,2400,12,8,VOLVO V60,7,E01028013,0,-1
2023991317023,2023,991317023,2,9,0,18,19,5,1,0,0,8,0,0,0,0,3,1,6,6,1,47,8,1969,2,5,VOLVO V60,9,-1,0,-1
2023411330387,2023,411330387,2,9,0,4,4,3,7,0,0,0,0,0,0,0,0,1,1,1,1,29,6,1969,12,1,VOLVO V60,7,E01023602,0,-1
2023451371304,2023,451371304,1,9,0,18,19,5,6,0,0,4,0,0,0,0,1,1,6,6,3,25,5,1969,1,4,VOLVO V60,-1,-1,0,-1
2023201339220,2023,201339220,2,9,0,18,19,3,7,0,0,0,0,0,0,0,0,1,5,6,1,28,6,1969,8,1,VOLVO V60,7,E01029732,0,-1
2023211304148,2023,211304148,2,9,0,12,12,7,8,9,9,0,0,0,7,0,1,1,1,1,1,42,7,1969,12,1,VOLVO V60,-1,-1,0,-1
2023371388347,2023,371388347,1,9,0,18,19,3,5,0,0,0,0,0,0,0,1,1,5,6,2,74,10,2400,2,12,VOLVO V60,7,E01029911,0,-1
2023031374100,2023,031374100,1,9,0,18,19,1,5,0,0,0,1,0,4,6,4,1,5,6,1,43,7,1969,8,0,VOLVO V60,5,E01019132,0,-1
202354D684523,2023,54D684523,3,9,0,3,3,3,7,0,0,1,0,0,0,0,1,1,6,6,2,35,6,1590,1,11,VOLVO V60,2,E01029042,0,-1
2023211339540,2023,211339540,3,9,0,18,19,3,6,0,0,2,0,0,0,0,0,1,1,1,1,45,7,1969,8,1,VOLVO V60,7,E01029732,0,-1
2023351377516,2023,351377516,1,9,0,18,19,7,3,0,0,0,0,0,0,0,0,1,1,1,1,-1,-1,1969,8,0,VOLVO V60,-1,-1,0,-1
2023451324646,2023,451324646,1,9,0,18,19,1,1,0,0,1,0,0,0,0,2,1,3,7,1,51,8,1560,2,9,VOLVO V60,10,E01030808,0,-1
2023101328772,2023,101328772,2,9,0,18,19,5,1,0,0,0,1,0,1,9,2,1,1,1,1,50,8,1969,8,1,VOLVO V60,-1,-1,0,-1
2023010484815,2023,010484815,2,9,0,99,99,9,9,99,99,9,9,99,9,99,1,9,6,6,3,-1,-1,1969,2,5,VOLVO V60,-1,-1,0,-1
2023221333559,2023,221333559,1,9,0,18,19,8,4,0,0,0,0,0,8,1,1,1,5,6,1,36,7,1984,2,12,VOLVO V60,6,E01022262,0,-1
2023440248851,2023,440248851,2,9,0,18,19,8,4,0,0,0,0,0,0,0,3,1,6,6,2,26,6,2400,2,10,VOLVO V60,8,E01027261,0,-1
2023211381699,2023,211381699,2,9,0,18,19,1,5,0,0,0,0,0,0,0,0,1,1,1,1,36,7,1969,8,1,VOLVO V60,8,E01029742,0,-1
2023131350869,2023,131350869,2,9,0,18,19,5,5,0,0,2,0,0,0,0,4,1,5,6,1,40,7,1984,2,10,VOLVO V60,10,E01011376,0,-1
2023070405396,2023,070405396,3,9,0,10,10,4,3,0,0,0,0,0,0,0,2,1,6,6,1,-1,-1,1969,8,2,VOLVO V60,-1,-1,0,-1
2023010464674,2023,010464674,3,9,0,18,19,6,2,0,0,1,0,0,0,0,0,1,6,6,1,41,7,1969,8,2,VOLVO V60,6,E01033308,0,-1
2023520301641,2023,520301641,2,9,0,18,19,7,4,0,0,0,0,0,0,0,2,1,6,6,1,52,8,1969,2,9,VOLVO V60,7,E01029140,0,-1
2023361306785,2023,361306785,4,9,0,18,19,7,3,0,0,0,0,0,0,0,4,1,1,1,1,35,6,1969,8,1,VOLVO V60,-1,-1,0,-1
2023501298897,2023,501298897,2,9,0,2,2,0,0,0,0,0,0,4,0,0,4,1,6,6,2,33,6,1984,2,10,VOLVO V60,3,E01020067,0,-1
2023401343856,2023,401343856,1,9,0,18,19,-1,-1,0,0,1,0,0,0,0,3,1,6,6,1,38,7,1984,2,12,VOLVO V60,2,E01000129,0,-1
2023010462701,2023,010462701,1,9,0,18,19,3,7,0,0,2,0,0,0,0,1,1,2,2,1,37,7,1969,2,4,VOLVO V60,2,E01004284,0,-1
2023211301892,2023,211301892,2,9,0,1,1,6,2,0,0,0,0,0,0,0,1,1,1,1,1,20,4,1969,12,1,VOLVO V60,3,E01029804,0,-1
2023401314108,2023,401314108,3,9,0,2,2,0,0,9,9,1,0,0,0,0,4,1,5,6,3,-1,-1,2400,2,9,VOLVO V60,-1,-1,0,-1
2023041293776,2023,041293776,2,9,0,4,4,5,1,0,0,0,0,0,0,0,2,1,2,2,2,30,6,1560,2,12,VOLVO V60,1,E01025068,0,-1
2023401310020,2023,401310020,1,9,0,10,10,2,6,0,0,1,0,0,0,0,0,1,6,6,3,-1,-1,1969,8,2,VOLVO V60,-1,-1,0,-1
2023411394431,2023,411394431,3,9,0,14,14,8,4,0,0,2,0,0,0,0,0,1,1,1,1,30,6,1969,2,3,VOLVO V60,-1,-1,0,-1
2023332300244,2023,332300244,1,9,0,11,11,1,5,0,0,0,0,0,0,0,4,1,2,2,1,34,6,1969,2,6,VOLVO V60,8,E01023875,0,-1
2023161359045,2023,161359045,1,9,0,16,19,3,7,0,0,0,0,0,0,0,1,1,2,2,1,51,8,1969,2,6,VOLVO V60,10,E01012967,0,-1
2023010434981,2023,010434981,1,9,0,99,99,9,9,99,99,0,9,99,9,99,0,1,6,6,2,47,8,2400,12,7,VOLVO V60,7,E01002577,0,-1
2023302300533,2023,302300533,3,9,0,18,19,6,2,0,0,8,0,0,0,0,2,1,6,6,3,59,9,2400,2,12,VOLVO V60,8,E01028251,0,-1
2023101270492,2023,101270492,1,9,0,18,19,1,5,0,0,4,0,0,0,0,1,1,6,6,2,61,9,1969,2,6,VOLVO V60,-1,-1,0,-1
2023451300314,2023,451300314,3,9,0,18,19,6,8,0,0,0,0,0,0,0,1,1,6,6,2,54,8,1969,1,4,VOLVO V60,10,E01030811,0,-1
2023070982338,2023,070982338,2,9,0,4,4,2,6,0,0,1,0,0,0,0,2,1,1,1,1,54,8,1969,8,2,VOLVO V60,7,E01018421,0,-1
2023131359793,2023,131359793,2,9,0,7,7,5,7,0,0,2,0,0,3,0,1,1,5,6,1,60,9,1984,2,11,VOLVO V60,9,E01011935,0,-1
2023351363858,2023,351363858,3,9,0,16,19,1,5,0,0,0,0,0,0,0,0,1,6,6,1,40,7,2400,2,8,VOLVO V60,5,E01018041,0,-1
2023131284847,2023,131284847,1,9,0,1,1,7,3,0,0,0,0,4,0,0,2,1,1,1,1,46,8,1969,8,1,VOLVO V60,10,E01013171,0,-1
2023451310862,2023,451310862,2,9,0,18,19,7,3,0,0,1,0,0,0,0,1,1,6,6,2,30,6,1969,2,5,VOLVO V60,9,E01030875,0,-1
2023541265223,2023,541265223,1,9,0,5,5,5,1,0,0,8,0,0,0,0,3,1,6,6,2,70,10,1969,2,8,VOLVO V60,9,E01031897,0,-1
2023501301716,2023,501301716,2,9,0,9,9,1,8,0,0,6,0,0,0,0,3,1,1,1,1,55,8,2400,12,10,VOLVO V60,5,E01020040,0,-1
2023311378320,2023,311378320,1,9,0,18,19,6,2,0,0,1,0,0,0,0,4,1,1,1,2,35,6,1969,8,2,VOLVO V60,4,W01000086,0,-1
2023201416047,2023,201416047,10,9,0,4,4,8,4,0,0,1,0,0,0,0,0,1,6,6,2,-1,-1,1969,8,2,VOLVO V60,-1,-1,0,-1
2023131347659,2023,131347659,2,9,0,18,19,3,7,0,0,0,0,0,0,0,1,1,6,6,2,64,9,1595,1,12,VOLVO V60,10,E01011845,0,-1
2023361364859,2023,361364859,2,9,0,18,19,2,6,0,0,0,0,0,0,0,1,1,5,6,2,29,6,1969,2,4,VOLVO V60,6,E01026456,0,-1
2023052302256,2023,052302256,1,9,0,1,1,5,1,0,0,6,0,0,0,0,2,1,6,6,1,19,4,1560,2,12,VOLVO V60,1,E01007238,0,-1
2023221374790,2023,221374790,1,9,0,9,9,8,6,0,0,6,0,0,0,0,3,1,6,6,2,67,10,1969,2,9,VOLVO V60,9,E01032150,0,-1
2023440387030,2023,440387030,2,9,0,18,19,3,7,0,0,0,0,0,0,0,4,1,6,6,1,-1,-1,1969,2,8,VOLVO V60,-1,-1,0,-1
2023622300662,2023,622300662,1,9,0,1,1,6,2,0,0,1,0,0,0,0,2,1,1,1,1,33,6,1560,2,12,VOLVO V60,9,W01001082,0,-1
2023440456142,2023,440456142,1,9,0,18,19,3,7,0,0,8,0,0,3,4,1,1,6,6,1,55,8,1969,2,4,VOLVO V60,10,E01023175,0,-1
2023211339443,2023,211339443,1,9,0,13,13,2,6,0,0,1,0,0,0,0,4,1,1,1,1,43,7,1969,12,1,VOLVO V60,10,E01029565,0,-1
2023010442944,2023,010442944,2,9,0,18,19,1,5,0,0,0,0,0,0,0,2,1,6,6,1,72,10,2400,12,7,VOLVO V60,7,E01001965,0,-1
2023052300657,2023,052300657,2,9,0,3,3,8,4,0,0,1,0,0,0,0,2,1,6,6,1,23,5,1969,2,4,VOLVO V60,5,E01006491,0,-1
2023451350659,2023,451350659,2,9,0,11,11,7,3,0,0,0,0,0,0,0,1,1,2,2,1,51,8,1969,8,2,VOLVO V60,7,E01031837,0,-1
202360A062133,2023,60A062133,1,9,0,9,9,3,1,0,0,8,0,0,0,0,4,1,6,6,1,58,9,1984,2,11,VOLVO V60,-1,-1,0,-1
2023552301354,2023,552301354,1,9,0,9,9,4,2,0,0,6,0,0,0,0,1,1,6,6,1,79,11,2400,2,10,VOLVO V60,10,E01020401,0,-1
2023131269133,2023,131269133,2,9,0,18,19,5,1,0,0,0,0,0,1,0,1,1,5,6,1,34,6,1560,2,9,VOLVO V60,7,E01012592,0,-1
2023501296984,2023,501296984,2,9,0,9,9,7,4,0,0,8,0,0,0,0,3,1,6,6,2,75,10,1969,2,8,VOLVO V60,9,E01020316,0,-1
2023401350401,2023,401350401,4,9,0,18,19,5,1,0,0,0,0,0,0,0,2,1,6,6,1,64,9,1969,1,3,VOLVO V60,7,E01000145,0,-1
2023052400060,2023,052400060,3,9,0,18,19,5,1,0,0,0,0,0,0,0,4,1,1,1,1,34,6,1969,8,2,VOLVO V60,-1,-1,0,-1
202363C010023,2023,63C010023,2,9,0,10,10,6,4,0,0,8,0,0,0,0,2,1,6,6,1,41,7,1969,2,3,VOLVO V60,9,W01000611,0,-1
2023451373574,2023,451373574,1,9,0,5,5,0,5,0,0,8,0,0,0,0,1,2,1,1,1,53,8,2400,12,7,VOLVO V60,9,E01030733,0,-1
2023201380585,2023,201380585,2,9,0,2,2,0,0,0,0,0,0,7,1,0,2,1,6,6,3,-1,-1,1969,2,7,VOLVO V60,-1,-1,0,-1
2023311259164,2023,311259164,1,9,0,9,9,5,2,0,0,8,0,0,0,0,4,1,5,6,1,75,10,1969,2,3,VOLVO V60,9,E01028219,0,-1
2023111265610,2023,111265610,3,9,0,18,19,1,5,0,0,0,0,0,0,0,0,1,1,1,1,42,7,1969,8,1,VOLVO V60,4,E01008468,0,-1
2023320723125,2023,320723125,1,9,0,18,19,2,6,0,0,6,1,0,0,0,3,1,6,6,2,78,11,1969,2,6,VOLVO V60,-1,-1,0,-1
2023430255906,2023,430255906,1,9,0,18,19,1,5,0,0,2,0,0,0,0,4,1,1,1,1,52,8,1969,8,1,VOLVO V60,-1,-1,0,-1
2023991302562,2023,991302562,2,9,0,16,19,8,3,0,0,0,0,0,0,0,4,1,5,6,2,47,8,1969,8,1,VOLVO V60,8,-1,0,-1
2023052301575,2023,052301575,1,9,0,18,19,5,1,0,0,0,1,0,0,0,1,1,6,6,1,74,10,1969,1,3,VOLVO V60,9,E01006828,0,-1
2023010436100,2023,010436100,1,9,0,99,99,9,9,99,99,9,9,99,9,99,2,9,6,6,1,22,5,1969,8,1,VOLVO V60,3,E01020913,0,-1
2023131293668,2023,131293668,1,9,0,18,19,5,3,0,0,6,0,0,0,0,1,1,2,2,1,30,6,1969,8,1,VOLVO V60,7,E01011569,0,-1
2023161364900,2023,161364900,2,9,0,18,19,1,5,0,0,0,0,0,0,0,3,1,1,1,1,47,8,1969,8,2,VOLVO V60,10,E01013090,0,-1