collision_index,collision_year,collision_ref_no,vehicle_reference,vehicle_type,towing_and_articulation,vehicle_manoeuvre_historic,vehicle_manoeuvre,vehicle_direction_from,vehicle_direction_to,vehicle_location_restricted_lane_historic,vehicle_location_restricted_lane,junction_location,skidding_and_overturning,hit_object_in_carriageway,vehicle_leaving_carriageway,hit_object_off_carriageway,first_point_of_impact,vehicle_left_hand_drive,journey_purpose_of_driver_historic,journey_purpose_of_driver,sex_of_driver,age_of_driver,age_band_of_driver,engine_capacity_cc,propulsion_code,age_of_vehicle,generic_make_model,driver_imd_decile,lsoa_of_driver,escooter_flag,driver_distance_banding
2023401334023,2023,401334023,1,9,0,18,19,7,3,0,0,0,0,0,0,0,1,1,5,6,1,50,8,1969,2,8,VOLVO V60,7,E01016831,0,-1
2023010486038,2023,010486038,2,9,0,99,99,9,9,99,99,9,9,99,9,99,9,9,6,6,3,-1,-1,1969,2,8,VOLVO V60,-1,-1,0,-1
2023201400137,2023,201400137,2,9,0,4,4,4,8,0,0,8,0,0,0,0,1,1,6,6,1,57,9,1969,2,7,VOLVO V60,1,E01009258,0,-1
2023170S20973,2023,170S20973,1,9,0,8,8,4,7,0,0,1,0,0,0,0,2,1,6,6,1,32,6,1969,2,5,VOLVO V60,1,E01012250,0,-1
2023411363337,2023,411363337,1,9,0,18,19,3,8,0,0,8,0,0,0,0,1,1,1,1,1,34,6,1969,12,0,VOLVO V60,6,E01033308,0,-1
2023411275403,2023,411275403,2,9,0,18,19,3,7,0,0,1,0,0,0,0,1,1,1,1,1,-1,-1,1969,8,2,VOLVO V60,2,E01023758,0,-1
2023161329981,2023,161329981,2,2,0,18,19,3,7,0,0,0,0,0,0,0,3,1,5,6,1,16,4,48,1,3,-1,2,E01026378,0,-1
2023552300984,2023,552300984,2,3,0,18,19,7,3,0,0,8,0,0,0,0,0,1,6,6,1,17,4,-1,-1,-1,-1,6,E01020586,0,-1
2023522301755,2023,522301755,2,9,0,18,19,3,7,0,0,0,0,0,0,0,1,1,6,6,1,23,5,1968,2,9,AUDI A5,8,-1,0,-1
2023461279418,2023,461279418,3,9,0,2,2,0,0,0,0,0,0,0,0,0,3,1,5,6,2,-1,-1,1984,1,5,AUDI A5,2,E01024741,0,-1
2023991382898,2023,991382898,1,9,0,9,9,4,2,0,0,2,0,0,0,0,1,1,6,6,1,46,8,1968,2,6,AUDI A5,9,-1,0,-1
2023411389513,2023,411389513,2,9,-1,-1,-1,-1,-1,-1,-1,-1,-1,-1,-1,0,-1,1,5,6,1,45,7,1968,2,6,AUDI A5,5,E01023332,0,-1
2023052400083,2023,052400083,2,9,0,18,19,3,7,0,0,2,0,10,7,11,1,1,6,6,1,-1,-1,1968,2,13,AUDI A5,-1,-1,0,-1
2023501390578,2023,501390578,1,9,0,7,7,1,3,4,4,8,0,0,0,0,3,1,6,6,2,48,8,1968,2,10,AUDI A5,5,E01015135,0,-1
2023010459006,2023,010459006,1,9,0,4,4,8,4,9,9,0,0,0,0,0,1,1,6,6,1,33,6,1984,1,2,AUDI A5,4,E01000124,0,-1
2023501294615,2023,501294615,1,9,0,5,5,1,5,0,0,1,0,0,0,0,4,1,6,6,1,22,5,2967,2,16,AUDI A5,5,E01018864,0,-1
2023311348063,2023,311348063,2,9,0,4,4,4,1,0,0,1,0,0,0,0,2,1,2,2,1,47,8,1968,2,2,AUDI A5,-1,-1,0,-1
2023411344285,2023,411344285,1,9,0,18,19,2,6,0,0,0,0,0,0,0,1,1,1,1,2,37,7,1984,1,4,AUDI A5,9,E01023713,0,-1
2023010420885,2023,010420885,2,9,0,18,19,5,1,0,0,0,0,0,0,0,1,1,6,6,1,19,4,1984,1,4,AUDI A5,1,E01002734,0,-1
2023010461666,2023,010461666,1,9,0,18,19,1,5,0,0,1,0,0,0,0,1,1,6,6,3,-1,-1,1968,2,3,AUDI A5,-1,-1,0,-1
2023141320489,2023,141320489,1,9,0,10,10,2,2,0,0,0,0,0,0,0,1,1,5,6,1,33,6,2995,1,10,AUDI A5,8,E01007502,0,-1
2023461379288,2023,461379288,1,9,0,18,19,1,5,0,0,0,2,0,0,0,1,1,6,6,2,23,5,1968,2,9,AUDI A5,-1,-1,0,-1
2023991355810,2023,991355810,2,9,0,3,3,1,5,0,0,1,0,0,0,0,1,1,6,6,2,26,6,2967,2,16,AUDI A5,6,-1,0,-1
2023010421887,2023,010421887,1,9,0,4,4,7,3,0,0,3,0,0,0,0,1,1,6,6,1,25,5,1984,1,5,AUDI A5,2,E01001940,0,-1
2023421390593,2023,421390593,1,9,0,5,5,3,7,0,0,0,0,0,0,0,1,1,2,2,1,32,6,2698,2,15,AUDI A5,9,E01015939,0,-1
2023231349651,2023,231349651,1,9,0,18,19,7,3,0,0,0,0,0,4,6,1,1,6,6,1,29,6,1968,2,1,AUDI A5,7,E01028940,0,-1
2023421322348,2023,421322348,3,9,0,2,2,0,0,0,0,0,0,0,0,0,2,1,6,6,3,-1,-1,2967,2,12,AUDI A5,-1,-1,0,-1
2023471327063,2023,471327063,2,9,0,2,2,0,0,0,0,0,0,0,0,0,3,1,6,6,3,-1,-1,1968,2,11,AUDI A5,-1,-1,0,-1
2023471405779,2023,471405779,3,9,0,18,19,3,7,0,0,8,0,0,0,0,1,1,5,6,1,54,8,1984,1,13,AUDI A5,5,E01031376,0,-1
2023622300763,2023,622300763,2,9,0,17,19,7,3,0,0,0,0,0,0,0,1,1,6,6,1,49,8,1968,2,8,AUDI A5,5,W01001186,0,-1
2023201411274,2023,201411274,2,9,0,18,19,1,6,0,0,0,0,0,0,0,2,1,1,1,1,45,7,1968,2,2,AUDI A5,7,E01009039,0,-1
2023010481222,2023,010481222,1,9,9,99,99,9,9,99,99,9,9,99,9,99,9,9,2,2,1,56,9,1968,2,5,AUDI A5,1,E01002094,0,-1
2023451304994,2023,451304994,1,9,0,18,19,3,7,0,0,0,1,10,7,9,1,1,1,1,1,24,5,1798,1,8,AUDI A5,5,E01001068,0,-1
2023461326163,2023,461326163,2,9,0,3,3,5,1,0,0,8,0,0,0,0,2,1,6,6,1,46,8,1968,2,11,AUDI A5,9,E01016106,0,-1
202354C728923,2023,54C728923,4,9,0,2,2,0,0,0,0,0,0,0,0,0,2,1,6,6,1,78,11,1968,2,8,AUDI A5,10,E01031874,0,-1
2023622300976,2023,622300976,1,9,0,16,19,8,3,0,0,0,0,0,2,4,1,1,6,6,1,49,8,2967,2,15,AUDI A5,2,W01001192,0,-1
2023010454836,2023,010454836,1,9,0,13,13,5,1,0,0,1,0,0,0,0,1,1,6,6,1,66,10,1984,1,5,AUDI A5,10,E01004594,0,-1
2023221325785,2023,221325785,1,9,0,18,19,2,4,0,0,0,0,0,7,4,1,1,6,6,1,21,5,1984,1,14,AUDI A5,7,E01022269,0,-1
2023161373497,2023,161373497,1,9,0,18,19,3,7,0,0,0,5,10,2,2,4,1,6,6,1,33,6,2967,2,5,AUDI A5,4,E01012995,0,-1
2023411417566,2023,411417566,2,9,0,18,19,1,5,0,0,1,0,0,0,0,3,1,2,2,1,35,6,1968,2,7,AUDI A5,5,E01017390,0,-1
2023311365461,2023,311365461,1,9,0,18,19,3,7,0,0,0,0,0,0,0,1,1,5,6,2,24,5,1968,2,7,AUDI A5,4,E01028343,0,-1
2023531273830,2023,531273830,1,9,0,18,19,6,2,0,0,0,0,0,0,0,1,1,2,2,2,38,7,1968,2,7,AUDI A5,10,E01022281,0,-1
2023010426972,2023,010426972,1,9,0,99,99,9,9,0,0,9,0,0,0,0,4,9,6,6,3,30,6,1798,1,9,AUDI A5,4,E01004419,0,-1
2023201409992,2023,201409992,3,9,0,18,19,4,8,0,0,0,0,0,0,0,2,1,6,6,3,45,7,1968,2,2,AUDI A5,7,E01009039,0,-1
2023201275633,2023,201275633,2,9,0,3,3,4,8,0,0,0,0,0,0,0,2,1,6,6,1,42,7,1968,2,10,AUDI A5,3,E01010018,0,-1
2023430385244,2023,430385244,2,9,0,18,19,4,8,0,0,8,0,0,0,0,1,1,2,2,1,37,7,2967,2,10,AUDI A5,7,E01017713,0,-1
2023122300451,2023,122300451,1,9,0,5,5,5,1,0,0,2,0,0,0,0,3,1,2,2,1,43,7,1968,2,12,AUDI A5,6,E01027736,0,-1
2023041340458,2023,041340458,2,9,0,18,19,1,5,0,0,0,0,0,0,0,1,1,1,1,1,38,7,1968,2,12,AUDI A5,8,E01025280,0,-1
2023131330671,2023,131330671,2,9,0,2,2,0,0,0,0,8,0,0,0,0,2,1,6,6,3,-1,-1,1968,2,8,AUDI A5,-1,-1,0,-1
2023401333181,2023,401333181,2,9,0,18,19,7,3,0,0,0,0,0,0,0,2,1,5,6,2,29,6,1968,2,8,AUDI A5,3,E01017522,0,-1
2023010485274,2023,010485274,2,9,0,99,99,9,9,99,99,9,9,99,9,99,9,9,6,6,3,-1,-1,1984,1,2,AUDI A5,-1,-1,0,-1
2023041332315,2023,041332315,1,9,0,9,9,7,5,0,0,6,0,0,0,0,1,1,5,6,2,38,7,1984,1,4,AUDI A5,9,E01025299,0,-1
2023991304830,2023,991304830,2,9,0,18,19,1,5,0,0,2,0,0,0,0,3,1,2,2,1,28,6,1968,2,8,AUDI A5,-1,-1,0,-1
2023010486311,2023,010486311,2,9,0,17,19,8,6,0,0,2,0,0,0,0,0,1,1,1,1,37,7,1984,1,5,AUDI A5,-1,-1,0,-1
2023320728348,2023,320728348,1,9,0,16,19,1,2,0,0,6,0,0,7,1,1,1,6,6,1,52,8,1984,1,13,AUDI A5,4,E01026389,0,-1
2023430495456,2023,430495456,2,9,0,18,19,7,3,0,0,0,0,0,0,0,3,1,4,7,1,35,6,1968,2,13,AUDI A5,-1,-1,0,-1
2023340NN0502,2023,340NN0502,1,9,0,18,19,7,4,0,0,1,0,0,0,0,1,1,6,6,1,20,4,2967,2,13,AUDI A5,-1,-1,0,-1
2023421264598,2023,421264598,2,9,0,18,19,6,2,0,0,0,0,0,0,0,2,1,5,6,2,25,5,1968,2,9,AUDI A5,4,E01022028,0,-1
2023070799483,2023,070799483,1,9,0,18,19,8,4,0,0,0,1,0,0,0,1,1,6,6,1,41,7,1968,2,8,AUDI A5,7,E01025339,0,-1
2023421267033,2023,421267033,2,9,0,9,9,5,3,0,0,8,0,0,0,0,1,1,5,6,1,29,6,1984,1,14,AUDI A5,2,E01015921,0,-1
2023010468661,2023,010468661,2,9,0,9,9,7,5,0,0,6,0,0,0,0,4,1,6,6,2,51,8,1968,2,3,AUDI A5,6,E01003223,0,-1
2023440438814,2023,440438814,1,9,0,18,19,8,4,0,0,0,1,0,0,0,1,1,2,2,1,34,6,1968,2,12,AUDI A5,1,E01017210,0,-1
2023061370960,2023,061370960,1,9,0,18,19,7,1,0,0,1,0,0,0,0,1,1,5,6,1,25,5,1984,1,6,AUDI A5,1,E01012068,0,-1
2023101345749,2023,101345749,1,8,0,18,19,1,5,0,0,0,0,0,0,0,1,1,6,6,1,50,8,1968,2,8,-1,1,E01008821,0,-1
2023131294679,2023,131294679,1,9,0,18,19,3,7,0,0,0,0,0,0,0,1,1,6,6,1,36,7,2967,2,12,AUDI A5,5,E01011077,0,-1
2023231337369,2023,231337369,1,9,0,5,5,7,3,0,0,4,0,0,0,0,1,1,6,6,2,42,7,1968,2,10,AUDI A5,3,E01031332,0,-1
2023461359279,2023,461359279,2,9,0,3,3,1,3,0,0,0,0,0,0,0,1,1,5,6,1,41,7,1968,2,6,AUDI A5,9,E01024088,0,-1
2023531304789,2023,531304789,3,9,0,18,19,6,2,0,0,2,0,0,0,0,2,1,6,6,1,21,5,1968,2,8,AUDI A5,2,E01022346,0,-1
2023540254923,2023,540254923,1,9,0,9,9,7,5,0,0,1,0,0,0,0,1,1,6,6,1,39,7,1968,2,1,AUDI A5,-1,-1,0,-1
2023221374466,2023,221374466,1,9,0,4,4,8,1,0,0,1,0,0,0,0,1,1,6,6,1,23,5,1984,1,14,AUDI A5,4,E01029353,0,-1
2023131316914,2023,131316914,1,9,0,18,19,5,1,0,0,1,0,0,0,0,1,1,2,2,1,51,8,2967,2,15,AUDI A5,7,E01005983,0,-1
2023430094205,2023,430094205,1,9,0,18,19,2,6,0,0,6,0,0,0,0,1,1,6,6,1,41,7,2698,2,14,AUDI A5,5,E01016392,0,-1
2023320169938,2023,320169938,2,9,0,18,19,8,4,0,0,8,0,0,0,0,4,1,6,6,2,56,9,1968,2,9,AUDI A5,6,E01026167,0,-1
2023451342538,2023,451342538,1,9,0,18,19,7,3,0,0,0,0,4,0,0,1,1,2,2,2,39,7,1984,1,12,AUDI A5,3,E01000984,0,-1
2023531337062,2023,531337062,1,9,0,18,19,5,1,0,0,8,1,0,1,11,1,1,5,6,1,27,6,1984,1,13,AUDI A5,10,E01022306,0,-1
2023471283649,2023,471283649,3,9,0,7,7,5,1,0,0,0,0,0,0,0,2,1,5,6,1,32,6,1968,2,2,AUDI A5,-1,-1,0,-1
2023010454121,2023,010454121,1,9,0,7,7,7,1,0,0,6,0,0,0,0,1,1,6,6,1,48,8,1968,2,8,AUDI A5,5,E01004450,0,-1
2023010435038,2023,010435038,1,9,0,3,3,5,1,0,0,1,0,0,0,0,0,1,6,6,1,42,7,1968,2,7,AUDI A5,3,E01001156,0,-1
2023010431372,2023,010431372,2,9,0,99,99,9,9,99,99,9,9,99,9,99,2,9,6,6,3,-1,-1,1984,1,13,AUDI A5,-1,-1,0,-1
2023131353923,2023,131353923,1,9,0,18,19,1,5,0,0,8,0,0,0,0,4,1,3,7,3,37,7,1984,1,0,AUDI A5,2,E01011656,0,-1
2023161324802,2023,161324802,1,9,0,18,19,3,7,0,0,8,0,0,0,0,1,1,5,6,1,45,7,1968,2,11,AUDI A5,1,E01012862,0,-1
2023991387012,2023,991387012,1,9,0,11,11,7,3,0,0,0,0,0,1,0,1,1,5,6,1,30,6,1984,2,14,AUDI A5,2,-1,0,-1
2023411429624,2023,411429624,2,9,-1,-1,-1,-1,-1,-1,-1,1,-1,-1,-1,0,-1,1,6,6,2,-1,-1,1984,1,4,AUDI A5,-1,-1,0,-1
2023421283691,2023,421283691,1,9,0,9,9,1,6,0,0,1,0,0,0,0,1,1,5,6,1,21,5,2967,2,8,AUDI A5,4,E01021820,0,-1
2023311375151,2023,311375151,1,9,0,18,19,3,7,0,0,1,1,0,0,0,1,1,6,6,1,27,6,1968,2,11,AUDI A5,1,E01028320,0,-1
2023471272699,2023,471272699,2,9,0,4,4,8,4,0,0,0,0,0,0,0,2,1,2,2,2,56,9,1968,2,13,AUDI A5,7,E01016976,0,-1
2023430098332,2023,430098332,1,9,0,18,19,7,3,0,0,0,0,0,0,0,1,1,6,6,2,35,6,1968,2,12,AUDI A5,4,E01028604,0,-1
2023010464128,2023,010464128,2,9,0,99,99,9,9,99,99,9,9,99,9,99,1,9,6,6,3,-1,-1,1984,1,2,AUDI A5,-1,-1,0,-1
2023010454507,2023,010454507,2,9,0,18,19,3,7,0,0,0,0,0,0,0,1,1,6,6,3,-1,-1,1968,2,14,AUDI A5,-1,-1,0,-1
2023070885492,2023,070885492,2,9,0,3,3,3,7,0,0,1,0,0,0,0,2,1,6,6,2,32,6,1984,1,12,AUDI A5,7,E01012496,0,-1
2023010439249,2023,010439249,1,9,0,18,19,3,7,0,0,8,0,0,0,0,1,1,6,6,1,31,6,1984,1,6,AUDI A5,4,E01001898,0,-1
2023361311167,2023,361311167,1,9,0,18,19,3,7,0,0,0,0,0,0,0,1,1,6,6,2,23,5,1968,2,7,AUDI A5,6,E01026456,0,-1
2023401331892,2023,401331892,2,9,0,18,19,-1,-1,0,0,0,0,0,0,0,3,1,5,6,1,45,7,1968,2,2,AUDI A5,1,E01033764,0,-1
2023311386416,2023,311386416,2,9,0,18,19,6,2,0,0,8,0,0,0,0,1,1,6,6,1,29,6,1968,2,13,AUDI A5,2,E01027958,0,-1
2023401351600,2023,401351600,1,9,0,1,1,-1,-1,0,0,1,0,0,0,0,2,1,6,6,2,35,6,1968,2,11,AUDI A5,1,E01017477,0,-1
2023141348212,2023,141348212,1,9,0,18,19,5,1,0,0,1,0,0,0,0,3,1,6,6,3,-1,-1,2967,2,12,AUDI A5,-1,-1,0,-1
2023010424344,2023,010424344,1,9,0,99,99,9,9,99,99,9,9,99,9,99,9,9,6,6,2,41,7,1984,1,12,AUDI A5,2,E01001283,0,-1
2023061341729,2023,061341729,2,9,0,5,5,-1,-1,0,0,0,0,0,0,0,-1,1,6,6,2,31,6,2967,2,13,AUDI A5,1,E01006327,0,-1
2023440461815,2023,440461815,3,9,0,3,3,2,6,0,0,0,0,0,0,0,2,1,6,6,1,44,7,2698,2,15,AUDI A5,4,E01022482,0,-1
2023170S31163,2023,170S31163,1,9,0,13,13,8,4,0,0,0,0,0,0,0,1,1,6,6,1,51,8,2698,2,15,AUDI A5,1,E01012033,0,-1
2023041377716,2023,041377716,2,9,0,18,19,5,1,0,0,0,0,11,0,0,2,1,1,1,1,34,6,1984,1,0,AUDI A5,-1,-1,0,-1
2023471364165,2023,471364165,1,9,0,9,9,2,8,0,0,5,0,0,0,0,1,1,5,6,1,24,5,2967,2,15,AUDI A5,6,E01020959,0,-1
2023991377303,2023,991377303,2,9,0,3,3,7,2,0,0,1,0,0,0,0,3,1,6,6,1,33,6,2967,2,11,AUDI A5,1,-1,0,-1
2023201382692,2023,201382692,2,9,0,9,9,3,8,0,0,8,0,7,0,0,4,1,5,6,1,62,9,1798,1,13,AUDI A5,1,E01008909,0,-1
2023421356772,2023,421356772,1,9,0,7,7,7,1,0,0,4,0,0,0,0,1,1,5,6,1,45,7,1984,1,14,AUDI A5,2,E01015898,0,-1
2023061388598,2023,061388598,2,9,0,4,4,-1,-1,0,0,0,0,0,0,0,0,1,2,2,3,38,7,2894,1,5,AUDI A5,4,E01006280,0,-1
2023440191241,2023,440191241,1,9,0,18,19,8,4,0,0,1,0,0,0,0,4,1,6,6,2,35,6,1968,2,12,AUDI A5,4,E01017137,0,-1
2023010486678,2023,010486678,1,9,0,18,19,7,3,0,0,1,0,0,0,0,3,1,6,6,1,45,7,1968,2,7,AUDI A5,1,E01002760,0,-1
2023010470623,2023,010470623,2,9,0,99,99,9,9,99,99,9,9,99,9,99,0,9,6,6,3,-1,-1,1984,1,4,AUDI A5,6,E01003272,0,-1
2023010457801,2023,010457801,1,9,0,9,9,5,3,0,0,1,5,0,7,11,1,1,6,6,1,22,5,1968,2,7,AUDI A5,3,E01001394,0,-1
2023631316346,2023,631316346,2,9,0,13,13,2,6,0,0,0,0,0,0,0,4,1,6,6,2,38,7,1968,2,10,AUDI A5,7,W01000556,0,-1
2023421329886,2023,421329886,1,9,0,7,7,7,1,0,0,1,0,0,1,3,3,1,6,6,1,24,5,1968,2,7,AUDI A5,7,E01021887,0,-1
2023070060810,2023,070060810,1,9,0,18,19,8,4,0,0,1,0,0,7,1,1,1,6,6,1,25,5,2967,2,15,AUDI A5,-1,-1,0,-1
2023161291872,2023,161291872,1,9,0,7,7,1,3,0,0,0,0,0,1,10,1,1,5,6,1,28,6,1968,2,10,AUDI A5,3,E01012839,0,-1
2023430404848,2023,430404848,1,9,0,12,12,4,8,0,0,2,0,0,0,0,1,1,6,6,1,38,7,1968,2,6,AUDI A5,4,E01016360,0,-1
2023041351444,2023,041351444,1,9,0,9,9,3,1,0,0,6,0,0,0,0,3,1,5,6,1,32,6,1968,2,8,AUDI A5,7,E01025419,0,-1
2023201278672,2023,201278672,1,9,0,5,5,6,1,0,0,4,0,0,0,0,1,1,6,6,1,-1,-1,1968,2,10,AUDI A5,-1,-1,0,-1
2023111384470,2023,111384470,1,9,0,18,19,1,5,0,0,0,0,0,0,0,4,1,6,6,2,38,7,1984,2,14,AUDI A5,-1,-1,0,-1
2023411323484,2023,411323484,2,9,-1,-1,-1,-1,-1,-1,-1,0,-1,-1,-1,0,-1,1,6,6,2,31,6,1968,2,13,AUDI A5,2,E01016848,0,-1
2023161380805,2023,161380805,2,9,0,2,2,0,0,0,0,1,1,0,0,0,1,1,6,6,3,-1,-1,2967,2,15,AUDI A5,-1,-1,0,-1
2023461354810,2023,461354810,2,9,0,18,19,3,7,0,0,8,0,0,0,0,1,1,6,6,1,36,7,1968,2,12,AUDI A5,1,E01024257,0,-1
2023041387342,2023,041387342,2,9,0,9,9,5,3,0,0,8,0,0,0,0,1,1,5,6,1,47,8,1984,1,5,AUDI A5,10,E01025336,0,-1
2023010468136,2023,010468136,1,9,0,99,99,9,9,99,99,9,9,99,9,99,9,9,6,6,1,44,7,1968,2,4,AUDI A5,2,E01001625,0,-1
2023010427960,2023,010427960,1,9,5,13,13,3,7,0,0,8,0,0,0,0,3,1,6,6,1,21,5,1798,1,15,AUDI A5,1,E01003517,0,-1
2023141285909,2023,141285909,3,9,0,18,19,5,1,0,0,8,0,0,0,0,3,1,5,6,1,35,6,1968,2,10,AUDI A5,-1,-1,0,-1
2023041332579,2023,041332579,1,9,0,18,19,1,5,0,0,0,0,0,7,0,1,1,2,2,2,38,7,1968,2,11,AUDI A5,2,E01025234,0,-1
2023991271542,2023,991271542,1,9,0,9,9,4,2,0,0,8,0,0,0,0,3,1,5,6,1,30,6,1984,1,4,AUDI A5,10,-1,0,-1
2023131363137,2023,131363137,1,9,0,18,19,1,5,0,0,1,0,0,0,0,1,1,5,6,2,37,7,1968,2,12,AUDI A5,3,E01011843,0,-1
2023411386495,2023,411386495,2,9,0,10,10,4,8,0,0,1,0,0,0,0,2,1,2,2,1,27,6,1968,2,9,AUDI A5,10,E01023468,0,-1
2023131322121,2023,131322121,2,9,0,5,5,1,5,0,0,0,0,0,0,0,2,1,5,6,1,43,7,1984,1,4,AUDI A5,8,E01032488,0,-1
2023501345282,2023,501345282,2,9,0,18,19,4,6,0,0,0,0,0,0,0,1,1,2,2,2,32,6,2967,2,12,AUDI A5,1,E01015058,0,-1
2023101387935,2023,101387935,2,9,0,3,3,4,8,0,0,0,0,0,0,0,2,1,6,6,1,42,7,1968,2,5,AUDI A5,2,E01008655,0,-1
2023440294700,2023,440294700,1,9,0,10,10,8,4,0,0,5,0,0,0,0,2,1,6,6,1,31,6,1798,1,11,AUDI A5,3,E01029036,0,-1
2023401332721,2023,401332721,2,9,0,3,3,7,3,0,0,0,0,0,0,0,4,1,5,6,1,28,6,1984,1,3,AUDI A5,4,E01015786,0,-1
2023010486433,2023,010486433,1,9,0,17,19,3,7,9,9,8,1,0,2,2,1,1,6,6,1,27,6,2967,2,9,AUDI A5,4,E01001176,0,-1
2023302300311,2023,302300311,1,9,0,17,19,8,4,0,0,0,0,0,7,11,1,1,6,6,3,-1,-1,1984,2,14,AUDI A5,5,E01019456,0,-1
2023361365498,2023,361365498,2,9,0,10,10,6,2,0,0,1,0,0,0,0,2,1,1,1,2,34,6,1984,1,13,AUDI A5,1,E01026699,0,-1
2023371308517,2023,371308517,2,9,0,18,19,7,5,0,0,8,0,0,0,0,1,1,5,6,1,30,6,2967,2,10,AUDI A5,-1,-1,0,-1
2023430180081,2023,430180081,1,9,0,9,9,8,6,0,0,6,0,0,0,0,1,1,6,6,1,45,7,1984,1,4,AUDI A5,5,E01017687,0,-1
2023010449783,2023,010449783,1,9,0,18,19,3,7,0,0,0,0,10,2,2,1,1,6,6,1,31,6,1798,1,8,AUDI A5,4,E01000976,0,-1
2023010473200,2023,010473200,1,9,0,18,19,5,1,9,9,2,0,0,1,10,1,1,6,6,1,46,8,1984,1,10,AUDI A5,-1,-1,0,-1
2023041361348,2023,041361348,2,9,0,18,19,7,3,0,0,1,0,0,0,0,1,1,5,6,2,35,6,1968,2,11,AUDI A5,8,E01025010,0,-1
2023131373001,2023,131373001,2,9,0,2,2,0,0,0,0,0,0,0,0,0,3,1,6,6,2,30,6,1968,2,8,AUDI A5,3,E01011257,0,-1
2023010444642,2023,010444642,1,9,0,5,5,1,5,0,0,1,0,0,0,0,1,1,6,6,1,33,6,1395,1,5,AUDI A5,7,E01000347,0,-1
2023501280996,2023,501280996,1,9,0,18,19,1,1,0,0,1,0,0,0,0,1,1,6,6,1,34,6,1798,1,15,AUDI A5,7,E01015226,0,-1
2023061377250,2023,061377250,1,9,0,1,1,4,8,0,0,1,0,0,0,0,2,1,6,6,1,30,6,1968,2,7,AUDI A5,-1,-1,0,-1
2023061362341,2023,061362341,1,9,-1,-1,-1,-1,-1,-1,-1,-1,-1,-1,-1,0,-1,1,5,6,1,53,8,1984,1,5,AUDI A5,9,E01006381,0,-1
2023421340869,2023,421340869,1,9,0,18,19,4,1,0,0,4,0,0,0,0,1,1,6,6,1,-1,-1,1984,1,3,AUDI A5,-1,-1,0,-1
2023010473679,2023,010473679,1,9,0,99,99,9,9,99,99,9,9,99,9,99,9,9,6,6,1,37,7,1968,2,4,AUDI A5,2,E01002096,0,-1
2023421379459,2023,421379459,1,9,0,18,19,5,1,0,0,0,0,0,0,0,3,1,6,6,1,27,6,1968,2,6,AUDI A5,5,E01021414,0,-1
2023311315705,2023,311315705,2,9,0,9,9,6,3,0,0,2,0,0,0,0,4,1,6,6,1,20,4,1968,2,10,AUDI A5,4,E01028291,0,-1
2023361347021,2023,361347021,1,9,0,18,19,3,7,0,0,0,0,0,0,0,3,1,5,6,1,33,6,1798,1,15,AUDI A5,9,E01026908,0,-1
2023440211664,2023,440211664,2,9,0,18,19,8,4,0,0,1,0,0,0,0,4,1,6,6,3,-1,-1,1968,2,6,AUDI A5,-1,-1,0,-1
202360A057491,2023,60A057491,2,9,0,1,1,2,5,0,0,0,0,0,0,0,2,1,6,6,2,49,8,1968,2,12,AUDI A5,-1,-1,0,-1
2023010451385,2023,010451385,2,9,0,18,19,1,5,0,0,4,0,0,0,0,1,1,6,6,1,44,7,1984,1,12,AUDI A5,4,E01001173,0,-1
2023041316048,2023,041316048,7,9,0,3,3,1,5,0,0,0,0,0,0,0,2,1,5,6,1,60,9,1984,1,12,AUDI A5,3,E01025399,0,-1
2023201405807,2023,201405807,2,9,0,4,4,4,8,0,0,2,0,0,0,0,2,1,6,6,2,34,6,1968,2,7,AUDI A5,6,E01009036,0,-1
2023501350143,2023,501350143,1,9,0,18,19,6,2,0,0,0,0,4,0,0,1,1,6,6,2,24,5,1968,2,11,AUDI A5,1,E01015256,0,-1
2023302301169,2023,302301169,2,9,0,10,10,6,4,0,0,1,0,0,0,0,2,1,6,6,2,29,6,1968,2,5,AUDI A5,9,E01013462,0,-1
2023141384131,2023,141384131,1,9,0,9,9,7,5,0,0,2,0,0,0,0,1,1,5,6,1,48,8,2967,2,9,AUDI A5,2,E01007740,0,-1
2023052300142,2023,052300142,2,9,0,18,19,1,5,0,0,0,0,0,0,0,4,1,2,2,1,55,8,1968,2,13,AUDI A5,1,E01007273,0,-1
2023170H10453,2023,170H10453,2,9,0,18,19,6,2,0,0,8,0,0,0,0,1,1,6,6,1,35,6,1968,2,10,AUDI A5,3,E01012248,0,-1
2023061304892,2023,061304892,2,9,0,18,19,7,3,0,0,8,0,0,0,0,1,1,5,6,1,58,9,1984,1,4,AUDI A5,2,E01006092,0,-1
2023461312737,2023,461312737,2,9,0,5,5,1,5,0,0,0,0,0,0,0,1,1,6,6,1,24,5,1968,2,8,AUDI A5,3,E01016114,0,-1
2023471346589,2023,471346589,1,9,0,18,19,6,2,9,9,8,0,0,1,0,3,1,6,6,1,31,6,1968,2,8,AUDI A5,3,W01001816,0,-1
2023061358947,2023,061358947,2,9,0,16,19,2,6,0,0,4,0,0,0,0,1,1,5,6,1,36,7,1968,2,10,AUDI A5,-1,-1,0,-1
2023461283788,2023,461283788,1,9,0,18,19,5,1,0,0,0,0,0,0,0,2,1,6,6,2,31,6,1968,2,11,AUDI A5,3,E01024309,0,-1
2023141299498,2023,141299498,2,9,0,3,3,4,8,0,0,0,0,0,0,0,1,1,6,6,1,30,6,4163,1,13,AUDI A5,4,E01007742,0,-1