collision_index,collision_year,collision_ref_no,vehicle_reference,vehicle_type,towing_and_articulation,vehicle_manoeuvre_historic,vehicle_manoeuvre,vehicle_direction_from,vehicle_direction_to,vehicle_location_restricted_lane_historic,vehicle_location_restricted_lane,junction_location,skidding_and_overturning,hit_object_in_carriageway,vehicle_leaving_carriageway,hit_object_off_carriageway,first_point_of_impact,vehicle_left_hand_drive,journey_purpose_of_driver_historic,journey_purpose_of_driver,sex_of_driver,age_of_driver,age_band_of_driver,engine_capacity_cc,propulsion_code,age_of_vehicle,generic_make_model,driver_imd_decile,lsoa_of_driver,escooter_flag,driver_distance_banding
2023010444374,2023,010444374,2,9,0,99,99,9,9,99,99,9,9,99,9,99,9,9,6,6,3,-1,-1,1968,2,6,AUDI A5,-1,-1,0,-1
2023451284236,2023,451284236,2,9,0,18,19,1,5,0,0,0,0,0,0,0,0,1,2,2,1,30,6,1984,1,13,AUDI A5,3,E01024499,0,-1
2023411349650,2023,411349650,1,9,0,18,19,4,4,0,0,0,0,0,0,0,1,1,6,6,1,49,8,1984,1,14,AUDI A5,4,E01023395,0,-1
2023461304428,2023,461304428,2,9,0,18,19,8,4,0,0,0,0,0,1,0,2,1,6,6,1,35,6,2967,2,14,AUDI A5,2,E01000954,0,-1
2023221377211,2023,221377211,2,9,0,18,19,7,3,0,0,0,0,0,0,0,3,1,6,6,2,46,8,1968,2,9,AUDI A5,8,E01028883,0,-1
2023010423775,2023,010423775,2,9,0,18,19,3,7,0,0,1,0,0,0,0,1,1,6,6,1,41,7,1984,1,13,AUDI A5,3,E01004415,0,-1
2023421310267,2023,421310267,2,9,0,10,10,4,2,0,0,8,0,0,0,0,1,1,5,6,2,56,9,2967,2,13,AUDI A5,6,E01021536,0,-1
2023131295476,2023,131295476,1,9,0,9,9,1,7,0,0,5,0,0,7,0,1,1,5,6,1,25,5,1968,2,7,AUDI A5,3,E01012587,0,-1
2023161338190,2023,161338190,2,9,0,12,12,7,3,0,0,0,0,0,0,0,3,1,6,6,3,-1,-1,2967,2,8,AUDI A5,-1,-1,0,-1
2023201377331,2023,201377331,1,9,0,3,3,4,8,0,0,4,0,0,0,0,1,1,2,2,1,29,6,1968,2,3,AUDI A5,1,E01010414,0,-1
2023010420466,2023,010420466,1,9,0,6,6,3,3,0,0,8,0,0,0,0,3,1,6,6,1,75,10,1984,1,4,AUDI A5,5,E01003084,0,-1
2023131351001,2023,131351001,1,9,0,18,19,1,5,0,0,0,5,4,0,0,1,1,6,6,1,53,8,1798,1,12,AUDI A5,3,E01011139,0,-1
202360A132738,2023,60A132738,1,9,0,9,9,5,3,0,0,8,0,0,0,0,1,1,6,6,1,41,7,1984,1,2,AUDI A5,-1,-1,0,-1
2023501390197,2023,501390197,1,9,0,18,19,5,3,0,0,0,0,11,0,0,3,1,6,6,1,57,9,1968,2,10,AUDI A5,8,E01020240,0,-1
2023231286404,2023,231286404,1,9,0,18,19,3,8,0,0,0,1,0,1,10,1,1,6,6,1,30,6,1968,2,11,AUDI A5,3,E01014357,0,-1
2023070364338,2023,070364338,1,9,0,4,4,5,1,0,0,0,0,0,0,0,1,1,6,6,2,46,8,1968,2,9,AUDI A5,7,E01005492,0,-1
2023471384756,2023,471384756,1,9,0,18,19,5,5,0,0,1,0,0,0,0,1,1,5,6,1,26,6,1968,2,11,AUDI A5,8,E01031802,0,-1
2023010425222,2023,010425222,2,9,0,99,99,9,9,99,99,9,9,99,9,99,1,9,6,6,3,-1,-1,1968,2,7,AUDI A5,-1,-1,0,-1
2023421383489,2023,421383489,1,9,0,18,19,5,1,0,0,1,0,0,0,0,1,1,5,6,1,57,9,2967,2,15,AUDI A5,9,E01026497,0,-1
2023041340697,2023,041340697,1,9,0,18,19,3,7,0,0,0,0,0,0,0,4,1,5,6,1,59,9,1984,1,4,AUDI A5,8,E01024861,0,-1
2023010423377,2023,010423377,1,9,0,9,9,6,4,0,0,5,0,0,0,0,0,1,2,2,1,34,6,1984,1,13,AUDI A5,4,E01004612,0,-1
2023451318277,2023,451318277,3,9,0,18,19,1,5,0,0,0,0,0,0,0,2,1,2,2,1,61,9,1968,2,3,AUDI A5,10,E01030349,0,-1
2023320154711,2023,320154711,1,9,0,13,13,2,6,0,0,0,0,0,0,0,1,1,6,6,3,-1,-1,1395,1,5,AUDI A5,-1,-1,0,-1
2023421297138,2023,421297138,1,9,0,18,19,1,5,0,0,0,0,4,1,2,1,1,6,6,1,34,6,2698,2,15,AUDI A5,2,E01021316,0,-1
2023010463070,2023,010463070,2,9,0,2,2,0,0,0,0,0,0,0,0,0,2,1,6,6,3,-1,-1,1984,1,12,AUDI A5,-1,-1,0,-1
2023201379182,2023,201379182,3,9,0,4,4,4,8,0,0,0,0,0,0,0,1,1,6,6,1,30,6,1968,2,2,AUDI A5,3,E01025703,0,-1
2023471330445,2023,471330445,1,9,0,2,2,0,0,0,0,0,0,0,0,0,3,1,3,7,1,32,6,1968,2,10,AUDI A5,3,E01016919,0,-1
2023061354498,2023,061354498,3,9,0,2,2,0,0,9,9,2,0,0,0,0,2,1,6,6,3,-1,-1,2698,2,12,AUDI A5,-1,-1,0,-1
2023041350552,2023,041350552,2,9,0,18,19,5,1,0,0,0,0,0,0,0,3,1,2,2,1,35,6,1968,2,8,AUDI A5,2,E01024926,0,-1
2023010438735,2023,010438735,1,9,0,99,99,9,9,99,99,9,9,99,9,99,1,9,6,6,1,25,5,1984,1,5,AUDI A5,5,E01002492,0,-1
2023101380656,2023,101380656,1,9,0,7,7,5,1,0,0,1,0,0,0,0,4,1,5,6,2,30,6,2967,2,11,AUDI A5,2,E01008628,0,-1
2023010477295,2023,010477295,2,9,0,4,4,1,5,0,0,0,0,0,0,0,2,1,6,6,2,34,6,1798,1,10,AUDI A5,6,E01023320,0,-1
2023461353814,2023,461353814,2,9,0,18,19,6,7,0,0,0,0,0,0,0,1,1,6,6,1,22,5,1968,2,4,AUDI A5,2,E01024246,0,-1
2023010452682,2023,010452682,3,9,0,13,13,3,7,0,0,6,1,0,3,1,1,1,6,6,1,26,6,1968,2,5,AUDI A5,4,E01003115,0,-1
2023340WN3692,2023,340WN3692,1,9,0,18,19,1,5,0,0,1,0,0,0,0,1,1,1,1,1,29,6,1968,2,6,AUDI A5,3,E01027238,0,-1
2023010442997,2023,010442997,1,9,0,99,99,9,9,99,99,9,9,99,9,99,9,9,2,2,1,37,7,1984,1,4,AUDI A5,10,E01023567,0,-1
2023421307677,2023,421307677,1,9,0,16,19,5,1,0,0,0,0,0,0,0,1,1,5,6,1,54,8,1968,2,10,AUDI A5,10,E01021643,0,-1
2023411389513,2023,411389513,1,9,0,18,19,3,7,0,0,1,0,0,0,0,1,1,6,6,3,-1,-1,1968,2,13,AUDI A5,-1,-1,0,-1
2023041361675,2023,041361675,2,9,0,4,4,5,1,0,0,1,0,0,0,0,4,1,6,6,1,38,7,1968,2,6,AUDI A5,1,E01025447,0,-1
2023361359076,2023,361359076,1,9,0,18,19,5,2,9,9,0,0,0,1,2,1,1,5,6,2,64,9,1968,2,9,AUDI A5,7,E01026669,0,-1
2023010437855,2023,010437855,2,9,0,8,8,3,5,0,0,1,0,0,0,0,1,1,6,6,2,52,8,1984,1,11,AUDI A5,2,E01003988,0,-1
2023231259351,2023,231259351,1,9,0,18,19,4,8,0,0,0,2,0,2,1,1,1,6,6,1,50,8,1968,2,11,AUDI A5,8,E01010192,0,-1
2023332300937,2023,332300937,2,9,0,12,12,3,7,0,0,0,0,0,0,0,2,1,6,6,1,-1,-1,1984,1,0,AUDI A5,-1,-1,0,-1
2023161287641,2023,161287641,4,9,0,3,3,7,3,0,0,0,0,0,0,0,4,1,6,6,1,60,9,1968,2,6,AUDI A5,6,E01012822,0,-1
2023010445128,2023,010445128,2,9,0,9,9,5,3,0,0,1,0,0,0,0,1,1,6,6,1,21,5,1798,1,15,AUDI A5,1,E01003515,0,-1
2023010459268,2023,010459268,1,9,0,18,19,5,1,0,0,0,0,0,0,0,1,1,6,6,1,24,5,1968,2,1,AUDI A5,5,E01023342,0,-1
2023440292514,2023,440292514,2,9,0,1,1,7,3,0,0,1,0,0,0,0,2,1,6,6,3,-1,-1,1968,2,12,AUDI A5,-1,-1,0,-1
2023401285391,2023,401285391,1,9,0,18,19,4,8,0,0,0,0,4,0,0,1,1,5,6,1,68,10,1984,1,14,AUDI A5,2,E01017433,0,-1
2023061378229,2023,061378229,1,9,0,9,9,1,5,0,0,1,0,0,0,0,4,1,5,6,1,33,6,1968,2,8,AUDI A5,4,E01033659,0,-1
2023161294107,2023,161294107,2,9,0,4,4,1,5,0,0,0,0,0,0,0,1,1,6,6,1,38,7,1968,2,10,AUDI A5,4,E01013003,0,-1
2023131365702,2023,131365702,5,9,0,18,19,5,1,0,0,1,0,0,0,0,1,1,6,6,1,23,5,1968,2,14,AUDI A5,4,E01033006,0,-1
2023010480693,2023,010480693,2,9,0,18,19,3,7,0,0,0,0,0,0,0,4,1,3,7,1,47,8,1984,1,4,AUDI A5,7,E01002338,0,-1
2023531309060,2023,531309060,1,9,0,16,19,4,8,0,0,1,2,0,0,0,3,2,5,6,2,43,7,1968,2,12,AUDI A5,7,E01022373,0,-1
202363D018723,2023,63D018723,2,9,0,18,19,5,1,0,0,0,1,0,1,10,3,1,2,2,1,34,6,1968,2,9,AUDI A5,2,W01000801,0,-1
2023421290479,2023,421290479,3,9,0,18,19,4,8,0,0,0,0,0,1,4,1,1,6,6,1,22,5,2698,2,14,AUDI A5,6,E01021769,0,-1
2023052300558,2023,052300558,1,9,0,18,19,1,5,0,0,0,0,4,0,0,1,1,6,6,1,28,6,2967,2,15,AUDI A5,5,E01006896,0,-1
202363C019823,2023,63C019823,2,9,0,18,19,2,6,0,0,8,1,0,0,0,1,1,6,6,1,21,5,1968,2,13,AUDI A5,3,W01000568,0,-1
2023501273554,2023,501273554,1,9,0,18,19,3,7,0,0,1,0,0,0,0,1,1,6,6,3,-1,-1,1984,1,13,AUDI A5,-1,-1,0,-1
2023320787153,2023,320787153,2,9,0,18,19,4,8,0,0,1,0,0,1,0,1,1,6,6,1,28,6,2967,2,14,AUDI A5,1,E01026157,0,-1
2023071025610,2023,071025610,7,9,0,18,19,5,1,0,0,0,0,0,0,0,2,1,6,6,1,-1,-1,1968,2,3,AUDI A5,1,E01010527,0,-1
2023430405791,2023,430405791,2,9,0,18,19,8,4,0,0,1,0,0,0,0,4,1,6,6,2,-1,-1,1984,1,3,AUDI A5,-1,-1,0,-1
2023430513882,2023,430513882,2,9,0,18,19,8,4,0,0,8,0,0,0,0,4,1,6,6,1,37,7,1984,1,4,AUDI A5,1,E01016744,0,-1
2023401324411,2023,401324411,3,9,0,4,4,1,5,0,0,0,0,0,0,0,2,1,5,6,1,35,6,1968,2,6,AUDI A5,2,E01009050,0,-1
2023201448510,2023,201448510,1,9,0,5,5,6,2,0,0,2,0,0,0,0,1,1,6,6,1,38,7,1968,2,13,AUDI A5,3,E01009001,0,-1
2023061355420,2023,061355420,1,9,0,18,19,1,5,0,0,1,0,0,0,0,1,1,6,6,1,33,6,1968,2,8,AUDI A5,1,E01005024,0,-1
2023010429945,2023,010429945,2,9,0,2,2,0,0,0,0,1,0,0,0,0,1,1,6,6,3,-1,-1,1798,1,10,AUDI A5,-1,-1,0,-1
2023461287168,2023,461287168,4,9,0,2,2,0,0,0,0,0,0,0,0,0,4,1,6,6,3,-1,-1,1968,2,11,AUDI A5,-1,-1,0,-1
2023440389846,2023,440389846,2,9,0,18,19,6,2,0,0,1,0,0,0,0,1,1,6,6,1,24,5,1968,2,6,AUDI A5,6,E01022264,0,-1
2023221310800,2023,221310800,1,9,0,18,19,3,7,0,0,0,0,0,0,0,1,1,3,7,2,38,7,1968,2,12,AUDI A5,6,E01032327,0,-1
2023461318686,2023,461318686,2,9,0,18,19,3,7,0,0,3,0,0,0,0,4,1,6,6,2,50,8,1798,1,10,AUDI A5,10,E01000756,0,-1
2023361352041,2023,361352041,2,9,0,5,5,8,4,0,0,2,0,0,0,0,4,1,1,1,1,45,7,1984,1,1,AUDI A5,6,E01026919,0,-1
2023401275603,2023,401275603,2,9,0,10,10,-1,-1,0,0,4,0,0,0,0,4,1,5,6,2,38,7,1968,2,6,AUDI A5,9,E01015708,0,-1
2023141313085,2023,141313085,1,9,0,18,19,1,3,0,0,8,0,0,0,0,3,1,2,2,1,29,6,1984,1,4,AUDI A5,3,E01007969,0,-1
2023461320303,2023,461320303,1,9,0,18,19,5,1,0,0,1,0,0,1,11,1,1,6,6,2,36,7,1968,2,14,AUDI A5,7,E01024712,0,-1
2023332301022,2023,332301022,1,9,0,17,19,6,2,0,0,0,0,0,0,0,1,1,6,6,1,24,5,1968,2,8,AUDI A5,5,E01025670,0,-1
2023010465912,2023,010465912,1,9,0,18,19,8,4,0,0,0,0,0,0,0,1,1,6,6,1,22,5,1984,1,0,AUDI A5,1,E01001431,0,-1
2023351339852,2023,351339852,2,9,0,18,19,1,5,0,0,5,0,0,0,0,4,1,5,6,3,32,6,1968,2,9,AUDI A5,4,E01015676,0,-1
2023170S11713,2023,170S11713,2,9,0,18,19,2,6,0,0,2,0,0,1,10,2,1,6,6,2,29,6,2967,2,15,AUDI A5,1,E01012215,0,-1
2023161278131,2023,161278131,1,9,0,18,19,1,5,0,0,0,0,0,0,0,1,1,5,6,1,23,5,2698,2,14,AUDI A5,6,E01026516,0,-1
2023430407067,2023,430407067,1,9,0,9,9,6,4,0,0,6,0,0,0,0,1,1,6,6,2,34,6,1968,2,7,AUDI A5,9,E01016611,0,-1
2023451302025,2023,451302025,2,9,0,14,14,1,5,0,0,0,0,0,0,0,4,1,6,6,1,77,11,1968,2,4,AUDI A5,8,E01030893,0,-1
2023010478673,2023,010478673,2,9,0,14,14,5,1,0,0,0,0,0,0,0,1,1,6,6,1,30,6,1984,1,14,AUDI A5,5,E01000067,0,-1
2023010428044,2023,010428044,1,9,0,6,6,3,3,0,0,1,0,11,0,0,1,1,6,6,1,37,7,1984,2,14,AUDI A5,5,E01033577,0,-1
2023421388209,2023,421388209,1,9,0,5,5,6,2,9,9,6,0,0,0,0,1,1,6,6,3,-1,-1,1798,1,10,AUDI A5,-1,-1,0,-1
2023010467088,2023,010467088,2,9,0,18,19,3,7,0,0,8,0,0,0,0,1,1,2,2,1,31,6,1984,1,13,AUDI A5,5,E01000402,0,-1
2023541718623,2023,541718623,1,9,0,18,19,4,8,0,0,0,0,0,0,0,1,1,6,6,1,22,5,2698,2,16,AUDI A5,8,E01015551,0,-1
2023010435259,2023,010435259,1,9,0,18,19,3,7,0,0,0,0,0,0,0,1,1,6,6,1,18,4,1395,1,5,AUDI A5,3,E01003588,0,-1
2023010445123,2023,010445123,3,9,0,13,13,1,5,0,0,0,0,0,0,0,0,1,6,6,1,31,6,1984,1,14,AUDI A5,-1,-1,0,-1
2023201412560,2023,201412560,1,9,0,18,19,6,2,0,0,2,0,4,0,0,1,1,6,6,1,27,6,2967,2,11,AUDI A5,6,E01009880,0,-1
2023010478861,2023,010478861,2,9,0,99,99,9,9,99,99,9,9,99,9,99,9,9,6,6,1,25,5,1984,1,6,AUDI A5,5,E01021810,0,-1
2023201331762,2023,201331762,1,9,0,16,19,6,1,0,0,3,0,0,0,0,3,1,6,6,3,-1,-1,2894,1,1,AUDI A5,-1,-1,0,-1
2023161312115,2023,161312115,1,9,0,1,1,7,3,0,0,6,0,0,0,0,2,2,5,6,1,47,8,1984,1,5,AUDI A5,10,E01012972,0,-1
2023471381733,2023,471381733,2,9,0,9,9,3,1,0,0,8,0,0,0,0,3,1,5,6,2,36,7,1968,2,3,AUDI A5,8,E01031420,0,-1
2023421382737,2023,421382737,2,9,0,3,3,1,5,0,0,0,0,0,0,0,2,1,2,2,2,38,7,1984,1,14,AUDI A5,3,E01021861,0,-1
2023320079607,2023,320079607,1,9,0,18,19,6,2,0,0,6,0,0,0,0,1,1,6,6,2,50,8,1968,2,8,AUDI A5,3,E01026113,0,-1
2023440165725,2023,440165725,2,9,0,18,19,7,3,0,0,4,0,0,0,0,1,1,6,6,1,-1,-1,2967,2,16,AUDI A5,-1,-1,0,-1
2023991281526,2023,991281526,1,9,0,18,19,6,2,0,0,0,0,0,0,0,1,1,5,6,2,35,6,1968,2,8,AUDI A5,6,-1,0,-1
2023010432130,2023,010432130,2,9,0,4,4,3,7,0,0,0,0,0,0,0,2,1,6,6,1,38,7,1968,2,5,AUDI A5,7,E01000573,0,-1
2023041311998,2023,041311998,3,9,0,2,2,5,5,0,0,0,0,0,0,0,3,1,6,6,3,-1,-1,2967,2,13,AUDI A5,-1,-1,0,-1
2023010435746,2023,010435746,2,9,0,18,19,1,5,0,0,1,1,0,0,0,1,1,6,6,3,33,6,2894,1,2,AUDI A5,-1,-1,0,-1
2023544996323,2023,544996323,1,9,0,18,19,6,2,0,0,0,0,0,0,0,1,1,6,6,1,49,8,1984,1,4,AUDI A5,8,E01015484,0,-1
2023201330112,2023,201330112,2,9,0,18,19,5,1,0,0,8,0,10,7,0,1,1,6,6,1,25,5,1968,2,9,AUDI A5,4,E01010120,0,-1
2023010480264,2023,010480264,2,9,0,99,99,9,9,99,99,9,9,99,9,99,9,9,6,6,1,-1,-1,1984,1,2,AUDI A5,7,E01001904,0,-1
2023340WN5902,2023,340WN5902,1,9,0,12,12,4,8,0,0,0,0,0,0,0,3,1,6,6,1,65,9,1984,1,4,AUDI A5,9,E01032982,0,-1
2023461297691,2023,461297691,2,9,0,18,19,7,3,0,0,0,0,0,0,0,4,1,2,2,1,25,5,1968,2,6,AUDI A5,3,E01024696,0,-1
2023991305919,2023,991305919,3,9,0,17,19,1,6,0,0,1,0,0,0,0,1,1,5,6,2,25,5,1968,2,6,AUDI A5,9,-1,0,-1
2023552300699,2023,552300699,2,9,0,10,10,5,3,0,0,1,0,0,0,0,2,1,6,6,1,17,4,2698,2,14,AUDI A5,10,E01020407,0,-1
2023010450272,2023,010450272,1,9,0,2,2,0,0,0,0,0,0,0,0,0,3,1,6,6,3,-1,-1,1798,1,13,AUDI A5,-1,-1,0,-1
2023010440372,2023,010440372,2,9,0,99,99,9,9,99,99,9,9,99,9,99,1,9,6,6,3,-1,-1,1984,1,4,AUDI A5,4,E01000633,0,-1
2023010471971,2023,010471971,1,9,0,9,9,7,5,0,0,1,0,0,0,0,3,1,6,6,1,29,6,1984,1,5,AUDI A5,3,E01003565,0,-1
2023461262810,2023,461262810,1,9,0,12,12,3,7,0,0,0,0,0,0,0,3,1,5,6,1,60,9,1984,1,1,AUDI A5,10,E01022606,0,-1
2023991325900,2023,991325900,2,9,0,18,19,1,4,0,0,2,0,0,1,7,1,1,5,6,1,54,8,1968,2,7,AUDI A5,8,E01031192,0,-1
2023170S10953,2023,170S10953,1,9,0,18,19,2,6,0,0,0,0,0,0,0,1,1,6,6,1,29,6,1968,2,12,AUDI A5,-1,-1,0,-1
2023010451279,2023,010451279,1,9,0,18,19,5,1,0,0,8,0,4,0,0,1,1,6,6,1,-1,-1,1968,2,6,AUDI A5,-1,-1,0,-1
2023401397149,2023,401397149,2,9,0,4,4,2,5,0,0,0,0,0,0,0,2,1,2,2,2,24,5,1968,2,3,AUDI A5,4,E01015798,0,-1
2023401396293,2023,401396293,2,9,0,5,5,6,2,0,0,0,0,0,0,0,1,1,2,2,2,59,9,2995,1,11,AUDI A5,5,E01015767,0,-1
2023430132327,2023,430132327,1,9,0,9,9,5,3,0,0,5,0,0,0,0,1,1,6,6,1,34,6,2698,2,14,AUDI A5,4,E01028525,0,-1
2023231288650,2023,231288650,1,9,0,9,9,4,1,0,0,5,0,0,0,0,4,1,6,6,1,34,6,1968,2,7,AUDI A5,5,E01009159,0,-1
2023201292324,2023,201292324,1,9,0,18,19,4,8,0,0,0,0,0,0,0,1,1,2,2,1,28,6,2967,2,15,AUDI A5,2,E01014162,0,-1
2023201277457,2023,201277457,1,9,0,1,1,6,2,0,0,0,0,0,0,0,2,1,6,6,1,-1,-1,1968,2,11,AUDI A5,-1,-1,0,-1
2023311399700,2023,311399700,2,9,0,4,4,5,1,0,0,0,0,0,0,0,2,1,6,6,1,29,6,1968,2,0,AUDI A5,-1,-1,0,-1
2023311314467,2023,311314467,2,9,0,5,5,4,8,0,0,0,0,0,0,0,0,1,6,6,3,50,8,2967,2,14,AUDI A5,-1,-1,0,-1
2023052300773,2023,052300773,1,9,0,18,19,2,6,0,0,0,0,0,0,0,1,1,6,6,2,58,9,1968,2,10,AUDI A5,2,E01006514,0,-1
2023010425821,2023,010425821,1,9,0,18,19,1,5,0,0,1,0,0,0,0,1,1,6,6,2,55,8,1968,2,2,AUDI A5,9,E01002537,0,-1
2023041393580,2023,041393580,1,9,0,18,19,5,1,0,0,0,1,7,1,4,1,1,5,6,2,30,6,2698,2,15,AUDI A5,4,E01017903,0,-1
2023041334515,2023,041334515,4,9,0,10,10,1,5,0,0,0,0,0,1,0,2,1,6,6,1,32,6,1968,2,0,AUDI A5,6,E01032083,0,-1
2023211286018,2023,211286018,1,9,0,16,19,4,7,0,0,0,0,0,0,0,1,1,6,6,1,38,7,1968,2,13,AUDI A5,2,E01009758,0,-1
2023430077869,2023,430077869,2,9,0,3,3,2,6,0,0,0,0,0,0,0,2,1,2,2,1,50,8,1984,1,3,AUDI A5,10,E01016658,0,-1
2023332301106,2023,332301106,1,9,0,18,19,8,4,0,0,0,1,0,1,1,1,1,6,6,2,38,7,1968,2,10,AUDI A5,6,E01031017,0,-1
2023411333510,2023,411333510,2,9,0,18,19,7,3,0,0,1,0,0,0,0,4,1,3,7,2,69,10,1984,1,12,AUDI A5,3,E01006969,0,-1
2023170L20743,2023,170L20743,1,9,0,18,19,2,6,0,0,0,0,0,0,0,1,1,6,6,1,48,8,2967,2,10,AUDI A5,6,E01012012,0,-1
2023451391897,2023,451391897,2,9,0,18,19,1,5,0,0,0,0,0,0,0,1,1,6,6,1,68,10,1984,1,3,AUDI A5,10,E01030353,0,-1
2023131302445,2023,131302445,1,9,0,4,4,3,7,0,0,0,0,0,0,0,1,1,6,6,1,44,7,2967,2,10,AUDI A5,7,E01010636,0,-1
2023010458196,2023,010458196,1,9,0,9,9,3,1,0,0,6,0,0,0,0,3,1,6,6,1,32,6,1968,2,10,AUDI A5,8,E01002452,0,-1
2023010434387,2023,010434387,2,9,0,18,19,5,1,0,0,1,0,0,0,0,1,1,6,6,1,25,5,1984,1,3,AUDI A5,2,E01003514,0,-1
2023552400003,2023,552400003,1,9,0,18,19,8,4,0,0,1,0,0,0,0,1,1,6,6,3,-1,-1,2967,2,6,AUDI A5,-1,-1,0,-1
2023041391770,2023,041391770,2,9,0,18,19,3,7,0,0,0,0,0,0,0,1,2,2,2,1,34,6,1984,1,4,AUDI A5,9,E01025439,0,-1
2023421310250,2023,421310250,1,9,0,9,9,8,4,0,0,1,0,0,0,0,1,1,6,6,1,29,6,1968,2,6,AUDI A5,7,E01003709,0,-1
2023302301952,2023,302301952,1,9,0,17,19,5,2,0,0,0,1,0,1,10,1,1,6,6,1,37,7,1968,2,13,AUDI A5,4,E01019710,0,-1
2023010444242,2023,010444242,5,9,0,18,19,8,4,0,0,0,0,0,0,0,2,1,6,6,2,43,7,1968,2,1,AUDI A5,-1,-1,0,-1
2023991365471,2023,991365471,1,9,0,18,19,3,7,0,0,0,0,0,7,3,1,1,6,6,1,23,5,1968,2,9,AUDI A5,3,-1,0,-1
2023131265025,2023,131265025,1,9,0,18,19,2,6,0,0,0,0,0,0,0,2,1,2,2,2,38,7,1968,2,11,AUDI A5,1,E01011476,0,-1
2023131280582,2023,131280582,2,9,0,18,19,7,3,0,0,0,0,0,0,0,4,1,5,6,2,48,8,1968,2,6,AUDI A5,8,E01018649,0,-1
2023351387275,2023,351387275,1,9,0,18,19,-1,-1,0,0,4,0,0,0,0,1,1,6,6,3,-1,-1,1984,1,1,AUDI A5,-1,-1,0,-1
2023101268862,2023,101268862,1,9,0,18,19,6,2,0,0,0,0,0,0,0,4,1,2,2,2,36,7,1968,2,7,AUDI A5,6,E01008196,0,-1
2023161267644,2023,161267644,1,9,0,17,19,7,3,0,0,0,2,0,7,10,1,1,6,6,1,41,7,1984,1,1,AUDI A5,5,E01011129,0,-1
2023061313111,2023,061313111,1,9,0,9,9,-1,-1,0,0,0,0,0,0,0,3,1,6,6,3,36,7,1968,2,4,AUDI A5,9,E01005488,0,-1
2023061314633,2023,061314633,1,9,0,18,19,3,7,0,0,6,0,0,0,0,1,1,6,6,1,32,6,1984,1,12,AUDI A5,1,E01006254,0,-1
2023440020891,2023,440020891,1,9,0,9,9,2,1,0,0,6,0,0,0,0,0,1,2,2,1,-1,-1,1968,2,6,AUDI A5,-1,-1,0,-1
2023070044053,2023,070044053,2,9,0,18,19,7,3,0,0,4,0,0,0,0,4,1,6,6,1,-1,-1,2967,2,14,AUDI A5,-1,-1,0,-1
2023471329499,2023,471329499,3,9,0,18,19,2,5,0,0,1,0,0,0,0,1,1,6,6,1,28,6,1968,2,13,AUDI A5,7,E01021018,0,-1
2023010472886,2023,010472886,3,9,0,2,2,0,0,0,0,2,0,0,0,0,3,1,6,6,3,-1,-1,1984,1,2,AUDI A5,-1,-1,0,-1
2023543325023,2023,543325023,2,9,0,18,19,4,8,0,0,0,0,0,0,0,1,1,2,2,1,23,5,1968,2,7,AUDI A5,9,E01031890,0,-1
2023161358802,2023,161358802,1,9,0,18,19,1,5,0,0,0,0,0,0,0,1,1,6,6,2,-1,-1,1968,2,8,AUDI A5,-1,-1,0,-1
2023201390039,2023,201390039,2,9,0,3,3,8,4,0,0,0,0,0,0,0,2,1,6,6,2,36,7,2698,2,15,AUDI A5,2,E01010090,0,-1
2023311323400,2023,311323400,1,9,0,18,19,4,8,0,0,8,0,0,0,0,1,1,6,6,1,34,6,2967,2,9,AUDI A5,1,E01013846,0,-1
2023061348735,2023,061348735,1,9,0,18,19,-1,-1,0,0,8,0,0,0,0,1,1,6,6,1,20,4,2967,2,6,AUDI A5,-1,-1,0,-1
2023461263674,2023,461263674,2,9,0,3,3,5,1,0,0,0,0,0,0,0,2,1,6,6,1,46,8,1798,1,13,AUDI A5,6,E01033091,0,-1
2023991386711,2023,991386711,3,9,0,18,19,5,1,0,0,0,2,0,1,11,1,1,1,1,1,63,9,1968,2,2,AUDI A5,4,E01010457,0,-1
2023201390928,2023,201390928,1,9,0,7,7,6,8,0,0,5,0,0,0,0,1,1,6,6,2,43,7,2967,2,9,AUDI A5,10,E01009431,0,-1
2023332301016,2023,332301016,1,9,0,18,19,7,3,0,0,8,0,0,0,0,1,1,6,6,1,28,6,1968,2,12,AUDI A5,6,E01025655,0,-1
2023010483600,2023,010483600,1,9,0,18,19,1,5,0,0,0,0,0,0,0,1,1,3,7,2,50,8,1968,2,2,AUDI A5,9,E01000768,0,-1
2023311329572,2023,311329572,1,9,0,18,19,3,7,0,0,0,1,0,1,5,1,1,6,6,1,28,6,1968,2,13,AUDI A5,-1,-1,0,-1
2023201402010,2023,201402010,1,9,0,18,19,1,5,0,0,8,0,0,0,0,1,1,6,6,1,44,7,1968,2,13,AUDI A5,1,E01008935,0,-1
2023361339360,2023,361339360,1,9,0,18,19,3,7,0,0,4,0,0,0,0,3,1,5,6,2,43,7,1968,2,10,AUDI A5,7,E01026588,0,-1
2023010498038,2023,010498038,2,9,0,99,99,9,9,99,99,9,9,99,9,99,1,9,6,6,3,-1,-1,1395,1,5,AUDI A5,-1,-1,0,-1
2023010442180,2023,010442180,1,9,0,99,99,9,9,99,99,9,9,99,9,99,2,9,2,2,2,30,6,1798,1,9,AUDI A5,4,E01004419,0,-1
2023010473533,2023,010473533,1,9,0,9,9,7,5,0,0,5,0,0,0,0,1,1,2,2,1,47,8,1798,1,7,AUDI A5,5,E01001403,0,-1