collision_index,collision_year,collision_ref_no,vehicle_reference,vehicle_type,towing_and_articulation,vehicle_manoeuvre_historic,vehicle_manoeuvre,vehicle_direction_from,vehicle_direction_to,vehicle_location_restricted_lane_historic,vehicle_location_restricted_lane,junction_location,skidding_and_overturning,hit_object_in_carriageway,vehicle_leaving_carriageway,hit_object_off_carriageway,first_point_of_impact,vehicle_left_hand_drive,journey_purpose_of_driver_historic,journey_purpose_of_driver,sex_of_driver,age_of_driver,age_band_of_driver,engine_capacity_cc,propulsion_code,age_of_vehicle,generic_make_model,driver_imd_decile,lsoa_of_driver,escooter_flag,driver_distance_banding
2023421307637,2023,421307637,2,9,0,14,14,5,1,0,0,1,0,0,0,0,3,1,5,6,2,44,7,1968,2,0,AUDI A5,6,E01033145,0,-1
2023531298135,2023,531298135,1,9,0,13,13,1,5,0,0,0,0,0,7,0,1,1,2,2,1,58,9,1968,2,9,AUDI A5,8,E01022413,0,-1
2023141316035,2023,141316035,1,9,0,18,19,3,7,0,0,0,0,0,1,0,1,1,5,6,1,76,11,1968,2,9,AUDI A5,6,E01007586,0,-1
2023201291989,2023,201291989,2,9,0,18,19,4,8,0,0,0,0,0,0,0,3,1,2,2,1,44,7,1798,1,11,AUDI A5,5,E01010014,0,-1
2023411335914,2023,411335914,2,9,0,18,19,3,7,0,0,8,0,0,0,0,1,1,5,6,2,41,7,1968,2,0,AUDI A5,8,E01023625,0,-1
202363A000623,2023,63A000623,1,9,0,18,19,6,2,0,0,0,0,0,1,4,1,1,6,6,1,27,6,1968,2,12,AUDI A5,3,W01000657,0,-1
2023351280970,2023,351280970,2,9,0,18,19,1,5,0,0,0,0,0,0,0,3,1,2,2,1,39,7,1968,2,12,AUDI A5,3,E01015813,0,-1
2023991374240,2023,991374240,2,8,0,18,19,5,1,0,0,0,0,0,1,0,2,1,2,2,1,56,9,-1,-1,-1,-1,1,-1,0,-1
2023501309807,2023,501309807,2,9,0,18,19,5,1,0,0,4,0,0,0,0,2,1,5,6,1,21,5,2967,2,15,AUDI A5,2,E01019047,0,-1
2023161299896,2023,161299896,1,9,0,5,5,7,3,0,0,4,0,0,0,0,3,1,5,6,2,52,8,2967,2,15,AUDI A5,-1,-1,0,-1
2023201291657,2023,201291657,1,9,0,18,19,3,7,0,0,4,0,0,0,0,1,1,6,6,1,50,8,1968,2,6,AUDI A5,9,E01031019,0,-1
2023010426394,2023,010426394,1,9,0,18,19,5,1,0,0,0,0,0,0,0,2,1,6,6,2,50,8,1395,1,5,AUDI A5,1,E01001427,0,-1
2023031291107,2023,031291107,2,9,0,2,2,0,0,0,0,2,0,0,0,0,2,1,6,6,3,-1,-1,1984,1,4,AUDI A5,-1,-1,0,-1
2023401279722,2023,401279722,1,9,0,5,5,7,3,0,0,8,0,0,0,0,1,1,2,2,2,54,8,1968,2,10,AUDI A5,4,E01017476,0,-1
2023351356026,2023,351356026,2,9,0,4,4,8,4,0,0,0,0,0,0,0,2,1,2,2,1,66,10,2967,2,9,AUDI A5,9,E01018205,0,-1
2023070257913,2023,070257913,1,9,0,5,5,2,8,9,9,6,0,0,0,0,1,1,6,6,2,-1,-1,1968,2,7,AUDI A5,10,E01018584,0,-1
2023371389583,2023,371389583,2,9,0,18,19,3,7,0,0,0,0,0,0,0,4,1,6,6,1,69,10,1984,1,7,AUDI A5,5,E01030226,0,-1
2023552300317,2023,552300317,1,9,0,14,14,7,3,0,0,0,0,0,0,0,2,1,6,6,1,33,6,1984,1,1,AUDI A5,10,E01017737,0,-1
2023010423298,2023,010423298,2,9,0,18,19,3,7,0,0,0,0,0,0,0,1,2,6,6,1,40,7,1968,2,12,AUDI A5,5,E01002443,0,-1
2023010459534,2023,010459534,2,9,0,3,3,6,2,0,0,0,0,0,0,0,2,1,1,1,2,43,7,1984,1,14,AUDI A5,6,E01002170,0,-1
2023531384901,2023,531384901,1,9,0,18,19,1,5,0,0,0,5,0,0,0,1,1,5,6,1,52,8,1968,2,6,AUDI A5,6,E01022198,0,-1
2023052301563,2023,052301563,2,9,0,18,19,3,7,0,0,8,0,0,0,0,1,1,2,2,1,54,8,1968,2,8,AUDI A5,8,E01006532,0,-1
2023201287845,2023,201287845,1,9,0,18,19,1,5,0,0,0,0,0,0,0,1,1,6,6,1,19,4,1984,2,14,AUDI A5,2,E01031046,0,-1
2023991370414,2023,991370414,1,9,0,13,13,3,7,0,0,8,1,0,7,0,1,1,6,6,2,21,5,1968,2,10,AUDI A5,8,-1,0,-1
2023411283550,2023,411283550,2,9,0,18,19,-1,-1,0,0,0,0,0,0,0,2,1,2,2,1,30,6,1968,2,9,AUDI A5,6,E01023845,0,-1
2023501377797,2023,501377797,3,9,0,18,19,6,2,0,0,0,0,0,0,0,1,1,5,6,1,36,7,1968,2,9,AUDI A5,6,E01018819,0,-1
2023421355056,2023,421355056,1,9,0,18,19,1,5,0,0,0,0,0,1,0,1,1,6,6,1,24,5,1395,1,5,AUDI A5,5,E01021762,0,-1
2023010431813,2023,010431813,1,9,0,12,12,1,5,0,0,1,0,0,0,0,3,1,6,6,2,44,7,2967,2,8,AUDI A5,2,E01023641,0,-1
2023311366635,2023,311366635,2,9,0,18,19,2,4,0,0,1,0,0,0,0,4,1,5,6,1,42,7,1968,2,6,AUDI A5,7,E01028270,0,-1
2023201330044,2023,201330044,1,9,0,12,12,4,2,0,0,1,0,0,0,0,2,1,1,1,1,31,6,1968,2,7,AUDI A5,5,E01009936,0,-1
2023440246904,2023,440246904,2,9,0,4,4,7,3,0,0,0,0,0,0,0,2,1,6,6,2,64,9,1798,1,11,AUDI A5,10,E01022682,0,-1
2023010431827,2023,010431827,2,9,0,5,5,3,7,0,0,1,0,0,0,0,1,1,6,6,3,-1,-1,1968,2,1,AUDI A5,-1,-1,0,-1
2023031288149,2023,031288149,1,9,0,18,19,2,3,0,0,0,0,0,0,0,1,1,6,6,1,44,7,1968,2,13,AUDI A5,5,E01019325,0,-1
2023061383831,2023,061383831,1,9,0,12,12,3,7,0,0,7,0,0,0,0,3,1,6,6,3,30,6,2967,2,11,AUDI A5,-1,-1,0,-1
2023101335551,2023,101335551,1,9,0,4,4,7,3,0,0,0,0,0,0,0,1,1,6,6,1,75,10,2967,2,12,AUDI A5,7,E01008765,0,-1
2023471360721,2023,471360721,1,9,0,18,19,4,8,0,0,0,0,0,0,0,4,1,5,6,2,38,7,2698,2,11,AUDI A5,10,E01021217,0,-1
2023552300348,2023,552300348,2,9,0,18,19,8,4,0,0,8,0,0,1,0,1,1,6,6,1,26,6,1968,2,9,AUDI A5,4,E01015327,0,-1
2023161328112,2023,161328112,2,9,0,4,4,2,6,0,0,0,0,0,0,0,1,1,5,6,2,32,6,1984,1,0,AUDI A5,-1,-1,0,-1
2023201342635,2023,201342635,2,9,0,18,19,2,6,0,0,4,0,0,0,0,4,1,6,6,2,28,6,1968,2,9,AUDI A5,2,E01009233,0,-1
2023031317279,2023,031317279,2,9,0,4,4,6,2,0,0,0,0,0,0,0,4,1,5,6,1,39,7,1968,2,11,AUDI A5,-1,-1,0,-1
2023010482865,2023,010482865,2,9,0,99,99,9,9,99,99,9,9,99,9,99,9,9,6,6,1,53,8,2995,1,9,AUDI A5,3,E01004228,0,-1
2023351321902,2023,351321902,1,9,0,6,6,7,6,0,0,0,0,0,0,0,3,1,6,6,2,38,7,1395,1,5,AUDI A5,6,E01018110,0,-1
2023010465475,2023,010465475,2,9,0,1,1,5,1,0,0,0,0,0,0,0,2,1,6,6,2,33,6,1395,1,5,AUDI A5,-1,-1,0,-1
2023543847523,2023,543847523,1,9,0,18,19,8,4,0,0,0,1,0,0,0,1,1,6,6,1,25,5,1984,1,6,AUDI A5,8,E01031988,0,-1
2023041378967,2023,041378967,2,9,0,18,19,2,4,0,0,8,0,0,0,0,4,1,6,6,2,19,4,1968,2,14,AUDI A5,9,E01025324,0,-1
2023440503239,2023,440503239,1,9,0,18,19,4,8,0,0,0,0,11,7,9,1,1,6,6,1,30,6,1968,2,5,AUDI A5,10,E01023279,0,-1
2023010459245,2023,010459245,2,9,0,18,19,7,3,0,0,1,0,0,0,0,2,1,6,6,1,44,7,1968,2,6,AUDI A5,1,E01001517,0,-1
2023010450561,2023,010450561,1,9,0,18,19,7,3,0,0,0,0,4,0,0,3,1,6,6,2,36,7,1395,1,5,AUDI A5,8,E01024184,0,-1
2023522400027,2023,522400027,2,9,0,18,19,3,7,0,0,0,0,0,0,0,1,1,6,6,2,23,5,1968,2,10,AUDI A5,6,E01022380,0,-1
2023430162531,2023,430162531,2,9,0,9,9,5,3,0,0,5,0,0,0,0,1,1,6,6,1,-1,-1,1984,2,14,AUDI A5,-1,-1,0,-1
2023221321689,2023,221321689,1,9,0,9,9,1,6,0,0,6,0,0,0,0,1,1,6,6,1,26,6,2967,2,13,AUDI A5,6,E01032405,0,-1
202354A242723,2023,54A242723,2,9,0,18,19,8,4,0,0,1,0,0,0,0,4,1,6,6,1,33,6,1798,1,15,AUDI A5,5,E01032103,0,-1
2023010459016,2023,010459016,1,9,0,5,5,5,1,0,0,1,0,0,3,0,1,1,6,6,1,24,5,1968,2,2,AUDI A5,4,E01033572,0,-1
2023471383467,2023,471383467,2,9,0,18,19,4,8,0,0,8,1,0,0,0,1,1,2,2,1,54,8,1984,1,12,AUDI A5,5,E01021139,0,-1
2023070067637,2023,070067637,2,9,0,3,3,4,7,0,0,1,0,0,0,0,2,1,1,1,1,47,8,1395,1,5,AUDI A5,8,E01007298,0,-1
2023010481407,2023,010481407,1,9,0,18,19,1,5,0,0,1,0,0,0,0,2,1,6,6,1,38,7,1968,2,5,AUDI A5,1,E01001155,0,-1
2023111369351,2023,111369351,2,9,0,3,3,1,5,0,0,0,0,0,0,0,2,1,5,6,1,25,5,1968,2,5,AUDI A5,7,E01020879,0,-1
2023010461522,2023,010461522,1,9,0,99,99,9,9,99,99,9,9,99,9,99,9,9,6,6,2,57,9,1984,1,14,AUDI A5,9,E01003759,0,-1
2023170L20573,2023,170L20573,1,9,0,3,3,2,6,0,0,1,0,0,0,0,2,1,6,6,1,24,5,1984,1,2,AUDI A5,1,E01012094,0,-1
2023010485077,2023,010485077,1,9,0,99,99,9,9,99,99,9,9,99,9,99,2,9,1,1,1,27,6,1984,1,14,AUDI A5,2,E01023860,0,-1
2023471345860,2023,471345860,1,9,0,15,15,8,4,0,0,1,0,0,1,0,3,1,6,6,1,25,5,2967,2,15,AUDI A5,3,E01031366,0,-1
2023991283818,2023,991283818,3,9,0,7,7,3,5,0,0,2,0,0,0,0,4,1,5,6,1,35,6,1968,2,2,AUDI A5,7,-1,0,-1
2023991266617,2023,991266617,1,9,0,16,19,4,8,0,0,4,0,0,0,0,1,1,6,6,1,37,7,1984,1,4,AUDI A5,8,-1,0,-1
2023010426128,2023,010426128,1,9,0,99,99,9,9,99,99,9,9,99,9,99,1,9,6,6,1,36,7,1968,2,3,AUDI A5,4,E01012118,0,-1
2023361313805,2023,361313805,1,9,0,9,9,5,2,0,0,8,0,0,0,0,1,1,6,6,1,32,6,1984,1,6,AUDI A5,7,E01026051,0,-1
2023302300502,2023,302300502,1,9,0,18,19,7,3,9,9,0,0,0,1,11,1,1,6,6,1,29,6,1968,2,8,AUDI A5,2,E01013483,0,-1
2023010475648,2023,010475648,1,9,0,99,99,9,9,99,99,9,9,99,9,99,9,9,2,2,2,30,6,1984,1,4,AUDI A5,5,E01002219,0,-1
2023061387846,2023,061387846,1,9,0,18,19,8,4,0,0,2,0,0,0,0,3,1,6,6,1,24,5,1968,2,7,AUDI A5,2,E01006322,0,-1
2023061272873,2023,061272873,2,9,0,18,19,-1,-1,0,0,1,0,0,0,0,2,2,6,6,1,54,8,1968,2,10,AUDI A5,-1,-1,0,-1
2023122300602,2023,122300602,1,9,0,18,19,7,3,0,0,1,0,0,0,0,1,1,6,6,1,33,6,1968,2,5,AUDI A5,9,E01013120,0,-1
2023131357064,2023,131357064,2,9,0,4,4,1,5,0,0,0,0,0,0,0,2,1,5,6,1,42,7,1984,1,2,AUDI A5,4,E01011529,0,-1
2023622300450,2023,622300450,2,9,0,18,19,5,1,0,0,0,0,0,0,0,1,1,6,6,1,60,9,2894,1,6,AUDI A5,9,W01000854,0,-1
2023201293459,2023,201293459,2,9,0,5,5,5,1,0,0,8,0,0,0,0,4,1,2,2,1,61,9,1984,1,3,AUDI A5,3,E01009411,0,-1
2023010464669,2023,010464669,3,9,0,18,19,2,6,0,0,6,0,0,0,0,2,1,6,6,1,29,6,1968,2,6,AUDI A5,1,E01001356,0,-1
2023010438731,2023,010438731,1,9,0,18,19,4,8,0,0,0,0,0,0,0,0,1,6,6,2,30,6,1968,2,6,AUDI A5,5,E01017617,0,-1
2023471367102,2023,471367102,1,9,0,17,19,5,2,0,0,0,0,0,0,0,1,1,2,2,1,34,6,1984,1,6,AUDI A5,7,E01031697,0,-1
2023430405232,2023,430405232,1,9,0,2,2,0,0,0,0,0,0,0,0,0,3,1,6,6,1,30,6,1984,1,3,AUDI A5,-1,-1,0,-1
2023471316800,2023,471316800,2,9,0,2,2,0,0,0,0,0,0,0,0,0,1,1,5,6,2,31,6,1984,2,14,AUDI A5,7,E01031539,0,-1
2023311362655,2023,311362655,2,9,0,2,2,7,7,6,6,0,0,0,1,0,2,1,6,6,3,-1,-1,1984,1,1,AUDI A5,-1,-1,0,-1
2023522300635,2023,522300635,1,9,0,18,19,7,3,0,0,8,0,0,0,0,1,1,6,6,1,24,5,1984,1,10,AUDI A5,6,E01014954,0,-1
2023351329543,2023,351329543,2,9,0,2,2,3,7,6,6,0,1,0,1,0,1,1,6,6,1,48,8,1984,1,7,AUDI A5,10,E01018284,0,-1
2023991296802,2023,991296802,1,9,0,9,9,3,1,0,0,8,0,0,0,0,1,1,5,6,2,32,6,1968,2,7,AUDI A5,3,-1,0,-1
2023461362391,2023,461362391,2,9,0,18,19,5,1,0,0,1,0,0,0,0,3,1,6,6,1,48,8,2967,2,13,AUDI A5,5,E01024638,0,-1
2023471330388,2023,471330388,2,9,0,17,19,7,3,0,0,0,0,0,0,0,1,1,6,6,2,39,7,1968,2,11,AUDI A5,8,E01031439,0,-1
2023421284947,2023,421284947,1,9,0,5,5,7,3,0,0,4,0,0,0,0,1,1,6,6,2,-1,-1,1968,2,2,AUDI A5,-1,-1,0,-1
2023010462072,2023,010462072,1,9,0,18,19,3,7,0,0,1,0,0,0,0,1,1,6,6,1,35,6,1984,1,13,AUDI A5,3,E01032581,0,-1
2023010437733,2023,010437733,2,9,0,99,99,9,9,99,99,9,9,99,9,99,9,9,6,6,3,-1,-1,2967,2,11,AUDI A5,8,E01030359,0,-1
2023071259763,2023,071259763,2,9,0,18,19,1,1,0,0,1,0,0,0,0,4,1,6,6,1,52,8,2967,2,15,AUDI A5,7,E01018597,0,-1
2023041345220,2023,041345220,2,9,0,18,19,5,1,0,0,2,0,4,0,0,1,1,2,2,2,35,6,1968,2,5,AUDI A5,-1,-1,0,-1
2023010478437,2023,010478437,1,9,0,18,19,7,3,0,0,0,0,4,0,0,1,1,6,6,1,38,7,1968,2,7,AUDI A5,8,E01030853,0,-1
2023461264814,2023,461264814,1,9,0,18,19,7,3,0,0,2,0,0,0,0,1,1,5,6,1,49,8,1968,2,8,AUDI A5,8,E01024185,0,-1
2023991353340,2023,991353340,1,9,0,18,19,5,8,0,0,0,0,0,0,0,1,1,5,6,1,32,6,1968,2,10,AUDI A5,7,-1,0,-1
2023141313857,2023,141313857,1,9,0,16,19,2,4,0,0,0,1,0,0,0,1,1,6,6,2,55,8,1984,1,13,AUDI A5,4,E01008142,0,-1
2023991340175,2023,991340175,1,9,0,12,12,8,4,0,0,0,0,0,0,0,2,1,6,6,1,44,7,1968,2,12,AUDI A5,9,E01012516,0,-1
2023401323997,2023,401323997,1,9,0,18,19,4,8,0,0,0,0,0,0,0,1,1,6,6,3,-1,-1,2698,2,15,AUDI A5,-1,-1,0,-1
2023070562724,2023,070562724,1,9,0,9,9,7,5,0,0,1,0,0,0,0,1,1,1,1,1,36,7,1968,2,12,AUDI A5,7,W01000311,0,-1
2023311358504,2023,311358504,2,9,0,9,9,5,3,0,0,1,0,0,0,0,4,1,1,1,1,29,6,1968,2,8,AUDI A5,6,E01027989,0,-1
2023010485899,2023,010485899,1,9,0,99,99,9,9,99,99,9,9,99,9,99,9,9,6,6,3,-1,-1,1984,1,12,AUDI A5,-1,-1,0,-1
2023221397258,2023,221397258,1,9,0,18,19,2,6,0,0,0,1,0,0,0,3,1,6,6,1,56,9,2967,2,12,AUDI A5,5,E01028931,0,-1
2023991328017,2023,991328017,1,9,0,5,5,2,6,0,0,0,0,0,0,0,3,1,6,6,2,41,7,2967,2,16,AUDI A5,10,-1,0,-1
2023430154842,2023,430154842,2,9,0,17,19,6,3,0,0,0,0,0,0,0,3,1,6,6,2,27,6,1968,2,6,AUDI A5,8,E01016690,0,-1
2023421367902,2023,421367902,1,9,0,18,19,7,5,0,0,0,2,0,1,11,1,1,6,6,1,48,8,1968,2,6,AUDI A5,3,E01015935,0,-1
2023010446968,2023,010446968,1,9,0,17,19,3,7,0,0,8,0,0,0,0,3,1,6,6,2,43,7,1984,1,6,AUDI A5,-1,-1,0,-1
2023451335536,2023,451335536,1,9,0,18,19,5,8,0,0,0,0,0,0,0,2,1,6,6,1,55,8,1984,1,4,AUDI A5,7,E01030553,0,-1
2023451280611,2023,451280611,1,9,0,5,5,7,5,0,0,0,0,0,0,0,2,1,5,6,1,36,7,1984,1,13,AUDI A5,10,E01030348,0,-1
2023010450964,2023,010450964,2,9,0,99,99,9,9,99,99,0,9,99,9,99,9,9,6,6,1,66,10,1968,2,6,AUDI A5,3,E01004337,0,-1
2023451342483,2023,451342483,2,9,0,16,19,1,5,0,0,0,0,0,0,0,3,1,5,6,2,27,6,1984,1,12,AUDI A5,4,E01003758,0,-1
2023311294847,2023,311294847,2,9,0,18,19,2,4,0,0,1,0,0,0,0,1,1,6,6,2,63,9,1984,1,2,AUDI A5,5,E01028362,0,-1
2023440215744,2023,440215744,2,9,0,5,5,7,3,0,0,0,0,0,0,0,3,1,6,6,1,39,7,1798,1,9,AUDI A5,-1,-1,0,-1
2023440160439,2023,440160439,1,9,0,18,19,6,2,0,0,0,1,0,5,11,1,1,6,6,1,31,6,1798,1,8,AUDI A5,7,E01031837,0,-1
2023411353599,2023,411353599,2,9,0,18,19,3,6,0,0,1,0,0,0,0,2,1,2,2,2,27,6,1984,1,0,AUDI A5,7,E01001474,0,-1
2023010467809,2023,010467809,2,9,0,99,99,9,9,99,99,9,9,99,9,99,1,9,6,6,3,-1,-1,1984,1,4,AUDI A5,-1,-1,0,-1
2023451315653,2023,451315653,1,9,0,18,19,8,4,0,0,1,0,0,1,0,1,1,1,1,1,33,6,1968,2,4,AUDI A5,4,E01002455,0,-1
2023010482741,2023,010482741,2,9,0,99,99,9,9,99,99,9,9,99,9,99,9,9,6,6,3,-1,-1,1984,1,5,AUDI A5,-1,-1,0,-1
2023010464835,2023,010464835,1,9,0,8,8,1,3,0,0,6,0,0,0,0,1,1,6,6,1,23,5,1984,1,0,AUDI A5,8,E01003679,0,-1
2023311372510,2023,311372510,1,9,0,18,19,3,7,0,0,8,0,0,0,0,1,1,6,6,1,32,6,1968,2,9,AUDI A5,4,E01013974,0,-1
2023440099505,2023,440099505,2,9,0,18,19,3,7,0,0,8,0,0,0,0,3,1,6,6,2,61,9,1968,2,11,AUDI A5,10,E01022954,0,-1
2023471301507,2023,471301507,1,9,0,9,9,1,7,0,0,6,0,0,0,0,1,1,6,6,1,-1,-1,2967,2,8,AUDI A5,-1,-1,0,-1
2023141384663,2023,141384663,2,9,0,4,4,4,7,0,0,4,0,0,0,0,1,1,2,2,1,49,8,1968,2,9,AUDI A5,2,E01007340,0,-1
2023010462314,2023,010462314,1,9,0,18,19,4,8,0,0,0,0,0,0,0,1,1,6,6,1,53,8,1968,2,1,AUDI A5,-1,-1,0,-1
2023421268554,2023,421268554,2,9,0,18,19,5,1,0,0,3,0,7,0,0,3,1,6,6,1,23,5,1798,1,9,AUDI A5,1,E01004318,0,-1
2023411276129,2023,411276129,3,9,0,4,4,3,7,0,0,0,1,0,0,0,1,1,2,2,2,53,8,2967,2,12,AUDI A5,10,E01016322,0,-1
2023201392687,2023,201392687,1,9,0,7,7,7,2,0,0,5,0,0,0,0,0,1,6,6,1,22,5,1968,2,10,AUDI A5,5,E01010517,0,-1
2023622300653,2023,622300653,2,9,0,18,19,2,6,0,0,1,0,0,0,0,1,1,6,6,1,75,10,1798,1,11,AUDI A5,10,W01000781,0,-1
2023622300573,2023,622300573,1,9,0,18,19,2,6,0,0,2,0,0,0,0,1,1,6,6,2,26,6,1984,1,13,AUDI A5,10,W01001223,0,-1
2023311355517,2023,311355517,2,9,0,10,10,6,6,0,0,2,0,0,0,0,3,1,5,6,1,24,5,1798,1,9,AUDI A5,7,E01028323,0,-1
2023010438882,2023,010438882,2,9,0,7,7,5,8,0,0,1,0,0,0,0,3,1,6,6,2,58,9,1984,1,4,AUDI A5,1,E01005380,0,-1
2023010446467,2023,010446467,1,9,0,18,19,1,5,0,0,0,0,0,0,0,4,1,6,6,1,46,8,1798,1,8,AUDI A5,2,E01000556,0,-1
2023471340986,2023,471340986,2,9,0,18,19,7,3,0,0,0,0,0,0,0,4,1,5,6,1,35,6,1798,1,8,AUDI A5,5,E01031807,0,-1
2023010424460,2023,010424460,2,9,0,99,99,9,9,99,99,9,9,99,9,99,0,9,6,6,3,-1,-1,1984,1,14,AUDI A5,-1,-1,0,-1
2023221393994,2023,221393994,1,9,0,18,19,2,5,0,0,0,1,0,1,9,1,1,2,2,1,35,6,1968,2,6,AUDI A5,-1,-1,0,-1
2023320068002,2023,320068002,2,9,0,4,4,4,8,0,0,0,0,0,0,0,2,1,6,6,1,45,7,1968,2,6,AUDI A5,7,E01026202,0,-1
2023131358072,2023,131358072,2,9,0,9,9,7,4,0,0,1,0,0,7,0,1,1,6,6,2,34,6,1968,2,11,AUDI A5,6,E01010870,0,-1
2023461323038,2023,461323038,1,9,0,13,13,3,7,0,0,0,0,0,0,0,4,1,6,6,2,26,6,1968,2,11,AUDI A5,2,E01024193,0,-1
2023430085714,2023,430085714,1,9,0,4,4,6,8,0,0,1,0,0,0,0,2,1,6,6,1,59,9,1968,2,12,AUDI A5,3,E01016389,0,-1
2023201400569,2023,201400569,1,9,0,18,19,2,6,0,0,8,0,0,0,0,1,1,6,6,2,28,6,1968,2,5,AUDI A5,1,E01009988,0,-1
2023010456282,2023,010456282,2,9,0,99,99,9,9,99,99,9,9,99,9,99,1,9,6,6,3,-1,-1,2967,2,14,AUDI A5,-1,-1,0,-1
2023070006847,2023,070006847,2,9,0,18,19,5,1,0,0,0,0,0,0,0,1,1,2,2,1,24,5,1968,2,1,AUDI A5,8,E01018495,0,-1
2023071237732,2023,071237732,3,9,0,3,3,8,4,0,0,0,0,0,0,0,2,1,1,1,1,56,9,1984,1,2,AUDI A5,9,E01005017,0,-1
2023010441218,2023,010441218,1,9,0,99,99,9,9,99,99,9,9,99,9,99,2,9,6,6,1,28,6,1984,1,3,AUDI A5,7,E01016504,0,-1
2023552301082,2023,552301082,1,9,0,9,9,3,1,0,0,5,0,0,0,0,4,1,6,6,1,39,7,1968,2,8,AUDI A5,9,E01032642,0,-1
2023010474987,2023,010474987,6,9,0,2,2,0,0,0,0,2,0,0,0,0,2,1,6,6,3,-1,-1,1968,2,13,AUDI A5,-1,-1,0,-1
2023131332471,2023,131332471,3,9,0,2,2,0,0,0,0,0,0,0,0,0,2,1,6,6,3,-1,-1,1968,2,9,AUDI A5,-1,-1,0,-1
2023440043692,2023,440043692,1,9,0,5,5,0,1,0,0,1,0,0,0,0,1,1,6,6,1,36,7,1968,2,13,AUDI A5,9,E01022837,0,-1
2023332301267,2023,332301267,1,9,0,1,1,1,5,9,9,6,0,0,0,0,3,1,2,2,1,29,6,1968,2,2,AUDI A5,5,E01013766,0,-1
2023010445279,2023,010445279,1,9,0,18,19,7,3,0,0,0,0,0,1,10,3,1,6,6,2,35,6,1984,1,4,AUDI A5,1,E01004241,0,-1
2023451370433,2023,451370433,1,9,0,9,9,5,3,0,0,2,0,0,0,0,3,1,5,6,1,42,7,1984,1,12,AUDI A5,3,E01016445,0,-1
2023201268741,2023,201268741,1,9,0,18,19,8,4,0,0,8,0,0,0,0,1,1,2,2,1,24,5,2995,1,11,AUDI A5,2,E01010017,0,-1
2023552300407,2023,552300407,1,9,0,18,19,2,6,0,0,0,0,0,1,4,1,1,6,6,2,35,6,1984,1,14,AUDI A5,1,E01015279,0,-1
2023010423314,2023,010423314,1,9,0,99,99,9,9,99,99,9,9,99,9,99,2,9,2,2,2,40,7,1968,2,6,AUDI A5,6,E01000187,0,-1
2023201298926,2023,201298926,1,9,0,7,7,4,7,0,0,1,0,0,0,0,2,1,6,6,1,61,9,1968,2,6,AUDI A5,9,E01009430,0,-1
2023221357297,2023,221357297,2,9,0,18,19,7,3,0,0,0,0,0,0,0,3,1,5,6,1,76,11,1968,2,4,AUDI A5,7,E01010493,0,-1
2023201346780,2023,201346780,1,9,0,14,14,4,8,0,0,0,0,0,1,0,1,1,6,6,1,19,4,1968,2,2,AUDI A5,2,E01009740,0,-1
2023010484035,2023,010484035,1,9,3,18,19,1,5,0,0,2,0,0,0,0,2,1,6,6,1,22,5,2967,2,6,AUDI A5,7,E01017705,0,-1
2023461349410,2023,461349410,3,9,0,3,3,1,5,0,0,1,0,0,3,0,1,1,5,6,1,60,9,1968,2,2,AUDI A5,6,E01024250,0,-1
2023010486295,2023,010486295,2,9,0,3,3,1,5,0,0,1,0,0,0,0,2,1,6,6,2,59,9,1798,1,8,AUDI A5,5,E01002119,0,-1
2023302300760,2023,302300760,1,9,0,9,9,6,4,0,0,0,0,0,0,0,2,1,6,6,1,55,8,1968,2,8,AUDI A5,8,E01019630,0,-1
2023010426637,2023,010426637,1,9,0,99,99,9,9,99,99,9,9,99,9,99,2,9,2,2,2,34,6,1984,1,12,AUDI A5,7,E01002203,0,-1
2023010446855,2023,010446855,1,9,0,18,19,4,8,0,0,4,1,0,0,0,1,1,6,6,1,27,6,1984,1,4,AUDI A5,4,E01000633,0,-1
2023010429398,2023,010429398,2,9,0,99,99,9,9,99,99,9,9,99,9,99,1,9,6,6,1,26,6,1984,1,1,AUDI A5,4,E01032566,0,-1
2023211261926,2023,211261926,1,9,0,18,19,7,3,0,0,0,0,0,0,0,1,1,6,6,1,22,5,1968,2,3,AUDI A5,-1,-1,0,-1
2023010451365,2023,010451365,1,9,0,99,99,9,9,99,99,9,9,99,9,99,1,9,6,6,1,25,5,1984,1,4,AUDI A5,3,E01033709,0,-1
2023401370220,2023,401370220,2,9,0,18,19,8,3,0,0,0,0,0,0,0,2,1,5,6,1,32,6,1968,2,6,AUDI A5,10,E01023379,0,-1
2023522301632,2023,522301632,2,9,0,18,19,8,2,0,0,8,0,0,0,0,1,1,6,6,1,63,9,-1,3,2,AUDI E-TRON,9,E01018148,0,-1
2023131349603,2023,131349603,1,9,0,18,19,1,5,0,0,1,0,0,0,0,1,1,6,6,1,52,8,-1,3,1,AUDI E-TRON,9,E01011654,0,-1
2023522400814,2023,522400814,1,9,0,7,7,1,3,0,0,6,0,0,0,0,1,1,6,6,2,44,7,-1,3,1,AUDI E-TRON,-1,-1,0,-1
2023161375741,2023,161375741,1,9,0,2,2,0,0,0,0,1,0,0,0,0,4,1,6,6,2,32,6,-1,3,3,AUDI E-TRON,3,E01013231,0,-1
2023201413726,2023,201413726,1,9,0,5,5,8,3,0,0,1,0,0,0,0,1,1,3,7,1,37,7,-1,3,3,AUDI E-TRON,9,E01010206,0,-1