collision_index,collision_year,collision_ref_no,vehicle_reference,vehicle_type,towing_and_articulation,vehicle_manoeuvre_historic,vehicle_manoeuvre,vehicle_direction_from,vehicle_direction_to,vehicle_location_restricted_lane_historic,vehicle_location_restricted_lane,junction_location,skidding_and_overturning,hit_object_in_carriageway,vehicle_leaving_carriageway,hit_object_off_carriageway,first_point_of_impact,vehicle_left_hand_drive,journey_purpose_of_driver_historic,journey_purpose_of_driver,sex_of_driver,age_of_driver,age_band_of_driver,engine_capacity_cc,propulsion_code,age_of_vehicle,generic_make_model,driver_imd_decile,lsoa_of_driver,escooter_flag,driver_distance_banding
2023052300659,2023,052300659,1,9,0,18,19,5,1,0,0,1,0,0,0,0,1,1,6,6,2,36,7,-1,3,1,AUDI E-TRON,1,E01006756,0,-1
2023010470999,2023,010470999,1,9,0,2,2,0,0,0,0,1,0,0,0,0,0,2,6,6,3,-1,-1,-1,3,3,AUDI E-TRON,-1,-1,0,-1
2023010442173,2023,010442173,1,9,0,9,9,4,1,0,0,8,0,0,0,0,1,1,6,6,1,44,7,-1,3,3,AUDI E-TRON,4,E01000491,0,-1
2023131381326,2023,131381326,1,9,0,-1,-1,-1,-1,-1,-1,0,-1,-1,-1,0,0,1,6,6,3,100,11,-1,3,1,AUDI E-TRON,-1,-1,0,-1
2023041365143,2023,041365143,2,9,0,11,11,1,5,0,0,1,0,0,0,0,3,1,5,6,2,29,6,-1,3,0,AUDI E-TRON,1,E01012574,0,-1
2023221346157,2023,221346157,1,9,0,4,4,5,1,0,0,1,0,0,0,0,2,1,6,6,1,44,7,-1,3,1,AUDI E-TRON,10,E01032270,0,-1
2023531284732,2023,531284732,1,9,0,9,9,3,7,0,0,8,0,0,0,0,3,1,2,2,1,35,6,-1,3,1,AUDI E-TRON,3,E01022121,0,-1
2023101374050,2023,101374050,2,9,0,3,3,3,7,0,0,0,0,0,0,0,2,1,2,2,1,41,7,-1,3,3,AUDI E-TRON,1,E01033075,0,-1
2023531313998,2023,531313998,2,9,0,18,19,6,2,0,0,8,0,0,0,0,4,1,5,6,1,57,9,-1,3,2,AUDI E-TRON,8,E01022144,0,-1
2023052300202,2023,052300202,2,9,0,18,19,7,3,0,0,8,0,0,0,0,3,1,6,6,1,53,8,-1,3,3,AUDI E-TRON,7,E01006923,0,-1
2023131391022,2023,131391022,1,9,0,-1,-1,-1,-1,-1,-1,0,-1,-1,-1,-1,-1,1,6,6,3,-1,-1,-1,3,1,AUDI E-TRON,-1,-1,0,-1
2023351305432,2023,351305432,1,9,0,5,5,4,8,0,0,8,0,0,0,0,1,1,2,2,1,44,7,-1,3,4,AUDI E-TRON,9,E01018124,0,-1
2023101375042,2023,101375042,2,9,0,18,19,5,1,0,0,0,0,0,0,0,2,1,1,1,2,32,6,-1,3,2,AUDI E-TRON,5,E01027445,0,-1
2023010441627,2023,010441627,1,9,0,5,5,7,3,0,0,1,0,0,0,0,1,1,6,6,1,51,8,-1,3,1,AUDI E-TRON,10,E01030891,0,-1
2023101319897,2023,101319897,1,9,0,18,19,5,1,0,0,8,0,0,0,0,1,1,5,6,1,43,7,-1,3,3,AUDI E-TRON,10,E01008357,0,-1
2023010443196,2023,010443196,2,9,0,18,19,7,3,0,0,0,0,0,0,0,1,1,3,7,2,38,7,-1,3,2,AUDI E-TRON,5,E01023537,0,-1
2023141346504,2023,141346504,2,9,0,2,2,0,0,0,0,0,0,0,0,0,1,1,6,6,3,-1,-1,-1,3,4,AUDI E-TRON,-1,-1,0,-1
2023411394282,2023,411394282,1,9,0,14,14,8,4,0,0,1,0,0,0,0,1,1,2,2,1,27,6,-1,3,1,AUDI E-TRON,7,E01023556,0,-1
2023010422882,2023,010422882,2,9,0,4,4,1,5,0,0,1,0,0,0,0,2,1,6,6,1,35,6,-1,3,3,AUDI E-TRON,6,E01000259,0,-1
2023451320915,2023,451320915,2,9,0,18,19,5,1,0,0,0,0,0,2,0,3,1,3,7,1,44,7,-1,3,1,AUDI E-TRON,9,E01030978,0,-1
2023061387166,2023,061387166,2,9,0,18,19,1,5,0,0,0,0,0,0,0,1,1,1,1,1,55,8,-1,3,1,AUDI E-TRON,1,E01005766,0,-1
2023221338935,2023,221338935,1,9,0,12,12,3,8,0,0,0,0,0,1,7,1,1,5,6,2,42,7,-1,3,1,AUDI E-TRON,7,E01010184,0,-1
2023421318566,2023,421318566,2,9,0,16,19,5,8,0,0,0,0,0,1,0,1,1,1,1,1,45,7,-1,3,2,AUDI E-TRON,5,E01022078,0,-1
2023010437244,2023,010437244,2,9,0,99,99,9,9,99,99,9,9,99,9,99,2,9,6,6,1,40,7,-1,3,3,AUDI E-TRON,9,E01003202,0,-1
2023010445936,2023,010445936,2,9,0,99,99,9,9,99,99,9,9,99,9,99,1,9,6,6,3,-1,-1,-1,3,1,AUDI E-TRON,-1,-1,0,-1
2023010421558,2023,010421558,1,9,0,99,99,9,9,99,99,9,9,99,9,99,2,9,6,6,1,47,8,-1,3,4,AUDI E-TRON,4,E01001939,0,-1
2023440457342,2023,440457342,2,9,0,4,4,2,6,0,0,1,0,0,0,0,2,1,2,2,2,30,6,-1,3,2,AUDI E-TRON,10,E01020380,0,-1
2023211359915,2023,211359915,1,9,-1,-1,-1,-1,-1,-1,-1,0,-1,-1,-1,0,-1,1,6,6,2,55,8,-1,3,4,AUDI E-TRON,10,E01029477,0,-1
2023010439289,2023,010439289,1,9,0,18,19,7,3,0,0,9,0,0,0,0,2,9,6,6,2,50,8,-1,3,2,AUDI E-TRON,6,E01004173,0,-1
2023052301622,2023,052301622,2,9,0,4,4,1,5,0,0,1,0,0,0,0,2,1,6,6,1,44,7,-1,3,2,AUDI E-TRON,7,E01006539,0,-1
2023411345432,2023,411345432,2,9,0,18,19,1,8,0,0,3,0,0,0,0,1,1,6,6,2,34,6,-1,3,1,AUDI E-TRON,6,E01023409,0,-1
2023131378403,2023,131378403,1,9,0,-1,-1,-1,-1,-1,-1,-1,-1,-1,-1,0,-1,1,6,6,3,-1,-1,-1,3,1,AUDI E-TRON,-1,-1,0,-1
2023471304534,2023,471304534,3,9,0,2,2,0,0,0,0,0,0,0,0,0,3,1,6,6,3,-1,-1,-1,3,2,AUDI E-TRON,-1,-1,0,-1
2023351340341,2023,351340341,2,9,0,18,19,2,6,0,0,8,1,0,1,9,3,1,6,6,1,71,10,-1,3,2,AUDI E-TRON,6,E01018208,0,-1
2023411270411,2023,411270411,1,9,0,16,19,5,1,0,0,8,1,0,7,1,1,1,5,6,1,21,5,-1,3,4,AUDI E-TRON,10,E01023290,0,-1
2023052302559,2023,052302559,3,9,0,2,2,0,0,0,0,0,0,0,0,0,3,1,6,6,3,-1,-1,-1,3,1,AUDI E-TRON,-1,-1,0,-1
2023010448655,2023,010448655,2,9,0,18,19,1,5,0,0,1,0,0,0,0,1,1,6,6,3,-1,-1,-1,3,1,AUDI E-TRON,-1,-1,0,-1
2023631360979,2023,631360979,1,9,0,18,19,1,5,0,0,0,0,0,0,0,1,1,6,6,3,-1,-1,-1,3,2,AUDI E-TRON,-1,-1,0,-1
2023451356137,2023,451356137,2,9,0,18,19,7,3,0,0,0,0,0,0,0,3,1,6,6,1,40,7,-1,3,1,AUDI E-TRON,8,E01022627,0,-1
2023421276485,2023,421276485,1,9,0,18,19,5,1,0,0,0,0,0,0,0,4,1,6,6,2,72,10,-1,3,3,AUDI E-TRON,10,E01021403,0,-1
2023231352373,2023,231352373,4,9,0,18,19,4,8,0,0,8,0,0,0,0,1,1,5,6,1,51,8,-1,3,3,AUDI E-TRON,9,E01032894,0,-1
2023010451583,2023,010451583,2,9,0,99,99,9,9,99,99,9,9,99,9,99,1,9,6,6,1,41,7,-1,3,1,AUDI E-TRON,4,E01001939,0,-1
2023101296005,2023,101296005,1,9,0,5,5,3,7,0,0,8,0,0,0,0,3,1,2,2,2,47,8,-1,3,3,AUDI E-TRON,8,E01008370,0,-1
2023351375703,2023,351375703,2,9,0,18,19,5,1,0,0,0,0,0,0,0,3,1,5,6,1,43,7,-1,3,1,AUDI E-TRON,8,E01018290,0,-1
2023311284308,2023,311284308,1,9,0,5,5,3,7,0,0,0,0,0,0,0,1,1,6,6,1,38,7,-1,3,1,AUDI E-TRON,-1,-1,0,-1
2023201276514,2023,201276514,1,9,0,3,3,6,2,0,0,0,0,0,0,0,2,1,1,1,1,57,9,-1,3,2,AUDI E-TRON,4,E01010325,0,-1
2023141260880,2023,141260880,3,9,0,18,19,1,5,0,0,0,0,0,0,0,2,1,5,6,1,51,8,-1,3,1,AUDI E-TRON,9,E01027898,0,-1
2023052300577,2023,052300577,1,9,0,18,19,1,5,0,0,0,0,0,0,0,1,1,6,6,1,47,8,-1,3,1,AUDI E-TRON,7,E01007192,0,-1
2023010483338,2023,010483338,2,9,0,99,99,9,9,99,99,9,9,99,9,99,1,9,6,6,3,-1,-1,-1,3,2,AUDI E-TRON,-1,-1,0,-1
2023201408362,2023,201408362,1,9,0,18,19,1,3,0,0,3,0,0,0,0,4,1,6,6,3,63,9,-1,3,2,AUDI E-TRON,9,E01010515,0,-1
2023131392039,2023,131392039,3,9,0,18,19,7,3,0,0,1,0,0,0,0,1,1,6,6,1,39,7,-1,3,2,AUDI E-TRON,3,E01011060,0,-1
2023991391767,2023,991391767,1,9,0,18,19,4,8,0,0,0,0,0,0,0,1,1,5,6,1,45,7,-1,3,3,AUDI E-TRON,1,-1,0,-1
2023311355406,2023,311355406,1,90,0,4,4,1,2,0,0,0,0,0,0,0,0,1,6,6,1,71,10,2800,2,19,-1,7,E01026202,0,-1
2023052301992,2023,052301992,1,4,0,18,19,5,1,0,0,0,0,0,7,11,1,1,6,6,1,20,4,374,1,0,-1,1,E01007016,0,-1
2023052301924,2023,052301924,1,4,0,18,19,5,2,0,0,0,0,0,0,0,0,1,6,6,1,20,4,374,1,0,-1,1,E01007016,0,-1
2023461320676,2023,461320676,2,5,0,3,3,4,7,0,0,8,0,0,0,0,1,1,6,6,1,71,10,800,1,10,-1,4,E01000780,0,-1
2023340NN1832,2023,340NN1832,2,5,0,18,19,1,5,0,0,0,0,0,0,0,1,1,2,2,1,52,8,800,1,10,-1,1,E01027318,0,-1
2023471308466,2023,471308466,1,5,0,17,19,4,1,0,0,0,5,0,1,4,1,1,6,6,1,56,9,955,1,6,-1,8,E01030335,0,-1
2023052301886,2023,052301886,2,5,0,18,19,3,7,0,0,0,0,0,0,0,1,1,1,1,1,52,8,955,1,8,-1,7,E01018686,0,-1
2023010472410,2023,010472410,2,4,0,18,19,3,7,0,0,8,0,0,0,0,4,1,2,2,1,46,8,898,1,10,-1,9,E01004276,0,-1
2023610041323,2023,610041323,1,5,0,13,13,6,2,0,0,0,0,0,7,0,1,1,6,6,1,38,7,898,1,9,-1,3,W01001461,0,-1
2023631307964,2023,631307964,1,5,0,17,19,4,1,0,0,0,0,0,2,10,4,1,5,6,1,61,9,1050,1,5,-1,10,W01001597,0,-1
2023131358629,2023,131358629,3,9,0,18,19,4,8,0,0,0,0,0,1,0,1,1,6,6,1,74,10,2997,2,0,LAND ROVER RANGE ROVER SPORT,9,E01011186,0,-1
2023201351110,2023,201351110,1,9,0,17,19,6,3,0,0,0,0,10,1,10,1,1,6,6,2,26,6,4999,1,5,LAND ROVER RANGE ROVER SPORT,1,E01009492,0,-1
2023531320731,2023,531320731,1,9,0,9,9,3,1,0,0,8,0,0,0,0,1,1,6,6,1,-1,-1,2993,2,3,LAND ROVER RANGE ROVER SPORT,-1,-1,0,-1
2023010425300,2023,010425300,1,9,0,5,5,3,7,0,0,2,0,0,0,0,1,1,6,6,1,58,9,4999,1,9,LAND ROVER RANGE ROVER SPORT,7,E01002819,0,-1
2023201367179,2023,201367179,1,9,0,5,5,7,3,0,0,6,1,0,7,0,4,1,6,6,1,33,6,1997,8,1,LAND ROVER RANGE ROVER SPORT,5,E01009703,0,-1
2023010424828,2023,010424828,1,9,0,9,9,1,7,0,0,5,0,0,0,0,4,1,6,6,1,40,7,2993,2,8,LAND ROVER RANGE ROVER SPORT,8,E01004160,0,-1
2023010425999,2023,010425999,1,9,0,9,9,1,7,0,0,8,0,0,0,0,1,1,3,7,2,52,8,2996,1,3,LAND ROVER RANGE ROVER SPORT,4,E01001241,0,-1
2023141328756,2023,141328756,1,9,0,18,19,5,4,0,0,0,0,0,0,0,1,1,5,6,1,29,6,2993,2,6,LAND ROVER RANGE ROVER SPORT,6,E01007570,0,-1
2023131298607,2023,131298607,1,9,0,7,7,3,1,0,0,1,0,0,0,0,4,1,5,6,1,43,7,2720,2,15,LAND ROVER RANGE ROVER SPORT,6,E01010903,0,-1
2023061290809,2023,061290809,1,9,0,18,19,2,6,0,0,0,0,0,0,0,1,1,6,6,3,30,6,2720,2,15,LAND ROVER RANGE ROVER SPORT,-1,-1,0,-1
2023010456401,2023,010456401,2,9,5,99,99,9,9,99,99,9,5,99,9,99,9,9,6,6,1,-1,-1,2993,2,9,LAND ROVER RANGE ROVER SPORT,9,E01021757,0,-1
2023421380975,2023,421380975,2,9,0,4,4,6,2,0,0,0,0,0,0,0,1,1,1,1,1,65,9,2993,2,4,LAND ROVER RANGE ROVER SPORT,7,E01021412,0,-1
2023131381290,2023,131381290,2,9,0,2,2,0,0,0,0,0,0,0,0,0,3,1,6,6,3,-1,-1,2993,2,8,LAND ROVER RANGE ROVER SPORT,-1,-1,0,-1
2023461349185,2023,461349185,2,9,0,18,19,8,4,0,0,0,0,0,0,0,3,1,2,2,1,29,6,2720,2,15,LAND ROVER RANGE ROVER SPORT,5,E01024226,0,-1
2023451329431,2023,451329431,1,9,0,4,4,6,2,0,0,0,0,0,0,0,2,1,1,1,1,57,9,2993,2,7,LAND ROVER RANGE ROVER SPORT,5,E01001091,0,-1
2023501320166,2023,501320166,1,9,0,18,19,1,5,0,0,8,0,4,0,0,1,1,6,6,2,74,10,2993,2,11,LAND ROVER RANGE ROVER SPORT,4,E01018980,0,-1
2023061392033,2023,061392033,1,9,0,18,19,5,1,0,0,0,1,0,1,0,4,1,6,6,3,43,7,4999,1,3,LAND ROVER RANGE ROVER SPORT,6,E01011248,0,-1
2023332300922,2023,332300922,2,9,0,18,19,6,2,0,0,1,0,0,0,0,0,1,6,6,3,-1,-1,2720,2,17,LAND ROVER RANGE ROVER SPORT,-1,-1,0,-1
2023231352793,2023,231352793,1,9,0,18,19,8,3,0,0,0,0,4,0,0,1,1,1,1,1,32,6,1997,8,3,LAND ROVER RANGE ROVER SPORT,7,E01031014,0,-1
2023221295663,2023,221295663,1,9,0,13,13,4,8,0,0,0,1,0,1,0,4,1,5,6,1,45,7,4999,1,3,LAND ROVER RANGE ROVER SPORT,7,E01014131,0,-1
2023610033523,2023,610033523,2,9,0,13,13,6,2,0,0,0,0,0,0,0,1,1,6,6,2,32,6,2720,2,17,LAND ROVER RANGE ROVER SPORT,9,W01001640,0,-1
2023170M10023,2023,170M10023,2,9,0,18,19,1,5,0,0,0,0,0,0,0,1,1,6,6,1,43,7,2997,2,0,LAND ROVER RANGE ROVER SPORT,9,E01012230,0,-1
2023010442637,2023,010442637,2,9,9,99,99,9,9,99,99,9,9,99,9,99,9,9,6,6,3,-1,-1,2993,2,8,LAND ROVER RANGE ROVER SPORT,-1,-1,0,-1
2023010428106,2023,010428106,1,9,0,7,7,5,7,9,9,1,0,10,7,0,1,1,6,6,1,38,7,2720,2,16,LAND ROVER RANGE ROVER SPORT,8,E01002915,0,-1
2023010422772,2023,010422772,2,9,0,99,99,9,9,99,99,9,9,99,9,99,9,9,6,6,3,-1,-1,1999,2,5,LAND ROVER RANGE ROVER SPORT,-1,-1,0,-1
2023991382088,2023,991382088,2,9,0,3,3,1,5,0,0,0,0,0,0,0,2,1,5,6,2,43,7,2993,2,7,LAND ROVER RANGE ROVER SPORT,6,-1,0,-1
2023111320796,2023,111320796,1,9,0,18,19,1,5,0,0,0,0,0,1,0,4,1,6,6,1,46,8,2993,2,9,LAND ROVER RANGE ROVER SPORT,2,E01020895,0,-1
2023041290606,2023,041290606,2,9,0,18,19,1,5,0,0,1,0,0,0,0,4,1,6,6,2,41,7,1999,2,6,LAND ROVER RANGE ROVER SPORT,7,E01012722,0,-1
2023052300510,2023,052300510,1,9,0,9,9,5,3,0,0,6,0,0,0,0,1,1,2,2,2,59,9,3628,2,16,LAND ROVER RANGE ROVER SPORT,7,E01006666,0,-1
2023010460362,2023,010460362,1,9,0,18,19,5,1,9,9,8,0,0,1,0,3,1,6,6,1,47,8,2993,2,8,LAND ROVER RANGE ROVER SPORT,10,E01000666,0,-1
2023421272551,2023,421272551,1,9,0,12,12,3,7,0,0,0,0,0,0,0,3,1,5,6,1,48,8,2993,2,10,LAND ROVER RANGE ROVER SPORT,2,E01015929,0,-1
2023141284852,2023,141284852,2,9,0,17,19,6,2,0,0,0,0,0,0,0,1,1,3,7,2,58,9,2720,2,15,LAND ROVER RANGE ROVER SPORT,9,E01007802,0,-1
2023010475846,2023,010475846,1,9,0,9,9,7,5,0,0,5,0,0,0,0,4,1,6,6,1,34,6,1997,8,2,LAND ROVER RANGE ROVER SPORT,9,E01030692,0,-1
2023302301961,2023,302301961,1,9,0,18,19,1,5,0,0,1,0,0,0,0,4,1,6,6,1,30,6,2993,2,8,LAND ROVER RANGE ROVER SPORT,8,E01019423,0,-1
2023332300628,2023,332300628,1,9,0,5,5,8,4,0,0,0,0,0,0,0,3,1,6,6,1,59,9,1997,8,4,LAND ROVER RANGE ROVER SPORT,10,E01025832,0,-1
2023101293587,2023,101293587,2,9,0,10,10,5,3,0,0,0,0,0,0,0,2,1,5,6,1,51,8,3628,2,16,LAND ROVER RANGE ROVER SPORT,4,E01008209,0,-1
2023430067362,2023,430067362,1,9,0,18,19,7,3,0,0,0,0,0,7,0,1,1,6,6,1,36,7,2993,2,6,LAND ROVER RANGE ROVER SPORT,10,E01030695,0,-1
2023101376206,2023,101376206,1,9,0,18,19,8,4,0,0,0,2,0,8,0,1,1,5,6,1,26,6,2993,2,6,LAND ROVER RANGE ROVER SPORT,4,E01020656,0,-1
2023430038202,2023,430038202,4,9,0,18,19,6,2,0,0,0,0,0,0,0,1,1,2,2,1,49,8,1997,8,2,LAND ROVER RANGE ROVER SPORT,10,E01016522,0,-1
2023471371867,2023,471371867,2,9,0,18,19,7,3,0,0,1,0,0,0,0,3,1,5,6,1,42,7,1997,8,2,LAND ROVER RANGE ROVER SPORT,5,E01021116,0,-1
2023501300840,2023,501300840,1,9,0,4,4,1,3,0,0,0,0,0,0,0,1,1,6,6,1,52,8,1997,8,1,LAND ROVER RANGE ROVER SPORT,9,E01016263,0,-1
2023440374425,2023,440374425,1,9,0,18,19,7,3,0,0,0,0,0,0,0,4,1,2,2,1,58,9,2997,2,2,LAND ROVER RANGE ROVER SPORT,5,E01017353,0,-1
2023351390156,2023,351390156,2,9,-1,-1,-1,-1,-1,-1,-1,-1,-1,-1,-1,0,3,1,1,1,1,48,8,2993,2,9,LAND ROVER RANGE ROVER SPORT,2,E01015601,0,-1
2023041390818,2023,041390818,1,9,0,6,6,5,3,0,0,0,0,0,7,0,3,1,5,6,1,30,6,2993,2,8,LAND ROVER RANGE ROVER SPORT,10,E01024950,0,-1
2023332300796,2023,332300796,3,9,0,8,8,5,6,0,0,7,0,0,0,0,2,1,6,6,2,41,7,2720,2,15,LAND ROVER RANGE ROVER SPORT,10,E01013215,0,-1
2023451291131,2023,451291131,5,9,0,18,19,1,5,0,0,0,0,0,0,0,1,1,6,6,1,55,8,2993,2,6,LAND ROVER RANGE ROVER SPORT,9,E01016539,0,-1
2023010426877,2023,010426877,1,9,0,18,19,3,7,0,0,1,0,0,0,0,1,1,6,6,1,58,9,2997,2,2,LAND ROVER RANGE ROVER SPORT,8,E01004131,0,-1
2023991276693,2023,991276693,4,9,0,2,2,0,0,6,6,2,0,0,0,0,3,1,6,6,3,-1,-1,2720,2,15,LAND ROVER RANGE ROVER SPORT,-1,-1,0,-1
2023340WN3232,2023,340WN3232,2,9,0,18,19,8,4,0,0,1,0,0,0,0,4,1,6,6,1,41,7,2997,2,2,LAND ROVER RANGE ROVER SPORT,6,E01003223,0,-1
2023631343189,2023,631343189,2,9,0,18,19,4,8,0,0,8,0,0,0,0,1,1,5,6,2,51,8,2993,2,5,LAND ROVER RANGE ROVER SPORT,5,W01001431,0,-1
2023010481140,2023,010481140,2,9,0,18,19,1,5,0,0,2,0,0,0,0,1,1,2,2,1,46,8,2993,2,5,LAND ROVER RANGE ROVER SPORT,7,E01000668,0,-1
2023170M10663,2023,170M10663,1,9,0,18,19,7,3,0,0,0,0,0,0,0,3,1,6,6,1,37,7,2993,2,8,LAND ROVER RANGE ROVER SPORT,-1,-1,0,-1
2023061377623,2023,061377623,2,9,0,18,19,7,3,0,0,0,0,0,0,0,3,1,5,6,2,36,7,2993,2,3,LAND ROVER RANGE ROVER SPORT,-1,-1,0,-1
2023471364372,2023,471364372,2,9,0,18,19,2,5,0,0,1,1,0,0,0,4,1,5,6,2,35,6,2993,2,12,LAND ROVER RANGE ROVER SPORT,4,E01031572,0,-1
2023302301383,2023,302301383,1,9,0,18,19,8,4,0,0,0,0,0,0,0,4,1,6,6,3,-1,-1,2993,2,9,LAND ROVER RANGE ROVER SPORT,5,E01019456,0,-1
202354B092823,2023,54B092823,3,9,0,18,19,1,5,0,0,1,0,0,7,0,3,1,6,6,1,56,9,2993,2,7,LAND ROVER RANGE ROVER SPORT,2,E01032093,0,-1
2023430023407,2023,430023407,1,9,0,9,9,2,8,0,0,1,0,0,0,0,4,1,6,6,1,69,10,2993,2,11,LAND ROVER RANGE ROVER SPORT,9,E01028601,0,-1
2023221372464,2023,221372464,1,9,0,18,19,5,1,0,0,0,1,0,7,4,1,1,6,6,1,38,7,4999,1,4,LAND ROVER RANGE ROVER SPORT,8,E01028919,0,-1
2023461332565,2023,461332565,1,9,0,18,19,2,6,0,0,2,0,0,0,0,1,1,6,6,1,26,6,3628,2,16,LAND ROVER RANGE ROVER SPORT,2,E01024517,0,-1
2023991361653,2023,991361653,1,9,0,18,19,7,2,0,0,4,0,0,0,0,4,1,6,6,2,34,6,4999,1,2,LAND ROVER RANGE ROVER SPORT,10,-1,0,-1
2023471281050,2023,471281050,2,9,0,18,19,5,1,0,0,0,0,0,0,0,1,1,6,6,3,-1,-1,2720,2,16,LAND ROVER RANGE ROVER SPORT,-1,-1,0,-1
2023061289442,2023,061289442,1,9,-1,18,19,8,4,0,0,1,0,0,0,0,-1,1,6,6,3,-1,-1,4999,1,5,LAND ROVER RANGE ROVER SPORT,-1,-1,0,-1
2023052300130,2023,052300130,1,9,0,18,19,1,5,0,0,0,1,0,7,11,3,1,6,6,1,35,6,2993,2,4,LAND ROVER RANGE ROVER SPORT,6,E01006503,0,-1
2023991284586,2023,991284586,1,9,0,9,9,3,7,0,0,0,1,11,0,0,1,1,5,6,1,32,6,1997,8,5,LAND ROVER RANGE ROVER SPORT,1,-1,0,-1
2023061358891,2023,061358891,1,9,0,18,19,1,5,0,0,0,0,4,0,0,4,1,5,6,2,43,7,2993,2,7,LAND ROVER RANGE ROVER SPORT,6,E01005773,0,-1
2023471349319,2023,471349319,1,9,0,18,19,3,7,0,0,1,0,0,0,0,3,1,5,6,1,35,6,2720,2,15,LAND ROVER RANGE ROVER SPORT,8,E01031776,0,-1
2023010430211,2023,010430211,1,9,9,99,99,9,9,99,99,9,9,99,9,99,9,9,6,6,3,-1,-1,2993,2,7,LAND ROVER RANGE ROVER SPORT,4,E01000155,0,-1
2023010432958,2023,010432958,2,9,0,18,19,1,5,0,0,0,0,11,0,0,1,1,2,2,1,52,8,3628,2,15,LAND ROVER RANGE ROVER SPORT,10,E01023505,0,-1
2023552300993,2023,552300993,2,9,0,18,19,6,2,0,0,0,0,0,0,0,1,1,6,6,1,68,10,2996,1,0,LAND ROVER RANGE ROVER SPORT,7,E01020539,0,-1
2023141326711,2023,141326711,1,9,0,18,19,7,3,0,0,0,0,0,0,0,4,1,6,6,2,30,6,2993,2,9,LAND ROVER RANGE ROVER SPORT,9,E01007428,0,-1
2023010449448,2023,010449448,2,9,0,5,5,6,2,0,0,0,0,0,0,0,2,1,6,6,1,42,7,2996,8,0,LAND ROVER RANGE ROVER SPORT,3,E01004573,0,-1
2023991275078,2023,991275078,2,9,0,13,13,1,5,0,0,0,1,0,0,0,4,1,2,2,2,32,6,2993,2,6,LAND ROVER RANGE ROVER SPORT,3,-1,0,-1
2023201393282,2023,201393282,2,9,0,18,19,6,2,0,0,4,0,0,0,0,4,1,6,6,2,50,8,2993,2,13,LAND ROVER RANGE ROVER SPORT,8,E01009722,0,-1
2023010467915,2023,010467915,2,9,0,15,15,7,3,0,0,0,1,0,0,0,3,1,6,6,3,-1,-1,2993,2,5,LAND ROVER RANGE ROVER SPORT,-1,-1,0,-1
2023010428879,2023,010428879,1,9,0,99,99,9,9,99,99,9,9,99,9,99,1,9,6,6,2,56,9,2993,2,5,LAND ROVER RANGE ROVER SPORT,3,E01003997,0,-1
202354C072723,2023,54C072723,2,9,0,18,19,8,4,0,0,1,0,0,1,0,1,1,6,6,2,35,6,2993,2,9,LAND ROVER RANGE ROVER SPORT,8,E01032071,0,-1
2023421360537,2023,421360537,2,9,0,18,19,2,6,0,0,0,2,0,8,0,1,1,6,6,2,30,6,2993,2,6,LAND ROVER RANGE ROVER SPORT,8,E01022068,0,-1
2023201405430,2023,201405430,1,9,0,18,19,8,4,0,0,1,0,0,0,0,1,1,5,6,1,43,7,2993,2,5,LAND ROVER RANGE ROVER SPORT,1,E01009341,0,-1
2023010485320,2023,010485320,2,9,0,18,19,7,3,0,0,9,0,0,9,0,1,9,6,6,3,-1,-1,1997,8,4,LAND ROVER RANGE ROVER SPORT,10,E01013117,0,-1
2023170M11953,2023,170M11953,2,9,0,18,19,8,4,0,0,0,0,0,0,0,1,1,6,6,1,-1,-1,2720,2,18,LAND ROVER RANGE ROVER SPORT,-1,-1,0,-1
2023340NN4142,2023,340NN4142,1,9,0,5,5,1,2,0,0,6,0,0,0,0,1,1,6,6,1,58,9,2997,2,0,LAND ROVER RANGE ROVER SPORT,9,E01027346,0,-1
2023401319432,2023,401319432,1,9,0,18,19,1,5,0,0,0,0,0,0,0,1,1,6,6,1,58,9,2720,2,18,LAND ROVER RANGE ROVER SPORT,9,E01023612,0,-1
2023440350131,2023,440350131,2,9,0,4,4,4,8,0,0,1,0,0,0,0,2,1,6,6,1,43,7,2993,2,8,LAND ROVER RANGE ROVER SPORT,10,E01022770,0,-1
2023471331362,2023,471331362,1,9,0,5,5,1,1,0,0,1,0,0,0,0,1,1,6,6,1,49,8,2720,2,17,LAND ROVER RANGE ROVER SPORT,10,E01031759,0,-1
2023361329606,2023,361329606,1,9,0,9,9,7,5,0,0,0,0,0,0,0,3,1,5,6,1,51,8,2993,2,10,LAND ROVER RANGE ROVER SPORT,4,E01030231,0,-1
2023421325738,2023,421325738,1,9,0,7,7,3,6,0,0,0,0,0,0,0,4,1,2,2,2,52,8,1997,8,5,LAND ROVER RANGE ROVER SPORT,4,E01021999,0,-1
2023471355484,2023,471355484,2,9,0,18,19,3,7,0,0,0,0,0,0,0,1,1,6,6,3,-1,-1,2993,2,9,LAND ROVER RANGE ROVER SPORT,-1,-1,0,-1
2023544434823,2023,544434823,1,9,0,1,1,1,5,0,0,0,0,0,0,0,2,1,6,6,2,57,9,1997,8,1,LAND ROVER RANGE ROVER SPORT,8,E01015561,0,-1