collision_index,collision_year,collision_ref_no,vehicle_reference,vehicle_type,towing_and_articulation,vehicle_manoeuvre_historic,vehicle_manoeuvre,vehicle_direction_from,vehicle_direction_to,vehicle_location_restricted_lane_historic,vehicle_location_restricted_lane,junction_location,skidding_and_overturning,hit_object_in_carriageway,vehicle_leaving_carriageway,hit_object_off_carriageway,first_point_of_impact,vehicle_left_hand_drive,journey_purpose_of_driver_historic,journey_purpose_of_driver,sex_of_driver,age_of_driver,age_band_of_driver,engine_capacity_cc,propulsion_code,age_of_vehicle,generic_make_model,driver_imd_decile,lsoa_of_driver,escooter_flag,driver_distance_banding
2023161308204,2023,161308204,1,9,0,16,19,6,2,0,0,0,5,0,1,4,1,1,5,6,1,19,4,4367,2,9,LAND ROVER RANGE ROVER SPORT,1,E01012931,0,-1
2023201309296,2023,201309296,1,9,0,18,19,7,3,0,0,4,0,0,0,0,3,1,6,6,1,-1,-1,2996,8,0,LAND ROVER RANGE ROVER SPORT,-1,-1,0,-1
2023141383121,2023,141383121,2,9,0,18,19,3,7,0,0,1,0,0,0,0,1,1,6,6,1,34,6,3628,2,15,LAND ROVER RANGE ROVER SPORT,-1,-1,0,-1
2023010436791,2023,010436791,1,9,0,18,19,5,1,0,0,0,1,0,1,7,1,1,6,6,1,33,6,4999,1,4,LAND ROVER RANGE ROVER SPORT,9,E01002391,0,-1
2023421367984,2023,421367984,2,9,0,4,4,4,8,0,0,0,0,0,0,0,2,1,5,6,1,37,7,2993,2,7,LAND ROVER RANGE ROVER SPORT,4,E01022018,0,-1
2023440183109,2023,440183109,2,9,0,3,3,3,7,0,0,0,0,0,0,0,4,1,1,1,1,58,9,2993,2,11,LAND ROVER RANGE ROVER SPORT,7,E01023184,0,-1
2023010443331,2023,010443331,2,9,0,99,99,9,9,99,99,9,9,99,9,99,9,9,6,6,3,-1,-1,1997,1,4,LAND ROVER RANGE ROVER SPORT,-1,-1,0,-1
2023351375670,2023,351375670,1,9,0,18,19,0,0,0,0,0,0,0,0,0,1,1,6,6,1,37,7,2993,2,8,LAND ROVER RANGE ROVER SPORT,3,E01015677,0,-1
2023501329690,2023,501329690,2,9,0,17,19,4,8,0,0,0,0,0,0,0,3,1,5,6,1,65,9,2993,2,9,LAND ROVER RANGE ROVER SPORT,6,E01020207,0,-1
2023170M10303,2023,170M10303,2,9,0,18,19,6,2,0,0,8,0,0,0,0,1,1,6,6,1,30,6,2993,2,8,LAND ROVER RANGE ROVER SPORT,6,E01012046,0,-1
2023061291549,2023,061291549,1,9,0,18,19,3,7,0,0,0,0,0,0,0,3,1,6,6,1,57,9,2720,2,18,LAND ROVER RANGE ROVER SPORT,2,E01006322,0,-1
2023610017523,2023,610017523,2,9,0,2,2,0,0,6,6,0,0,0,0,0,2,1,1,1,1,32,6,2993,2,14,LAND ROVER RANGE ROVER SPORT,8,W01001537,0,-1
2023302301894,2023,302301894,1,9,0,5,5,1,5,0,0,1,0,0,0,0,1,1,2,2,1,32,6,2993,2,11,LAND ROVER RANGE ROVER SPORT,4,E01019844,0,-1
2023010437439,2023,010437439,1,9,0,9,9,3,8,0,0,8,0,10,1,10,4,1,6,6,1,51,8,2720,2,16,LAND ROVER RANGE ROVER SPORT,8,E01021634,0,-1
2023302300248,2023,302300248,1,9,0,16,19,2,6,0,0,7,1,0,1,4,1,1,6,6,1,23,5,4999,1,7,LAND ROVER RANGE ROVER SPORT,1,E01010364,0,-1
2023501266317,2023,501266317,3,9,0,4,4,6,2,0,0,1,0,0,0,0,2,1,6,6,1,56,9,2720,2,16,LAND ROVER RANGE ROVER SPORT,7,E01020317,0,-1
2023440422316,2023,440422316,1,9,0,5,5,8,4,0,0,0,0,0,0,0,4,1,6,6,1,30,6,2993,2,6,LAND ROVER RANGE ROVER SPORT,4,E01017135,0,-1
2023041300791,2023,041300791,1,9,0,9,9,3,7,0,0,8,0,0,0,0,4,1,5,6,1,47,8,2993,2,7,LAND ROVER RANGE ROVER SPORT,3,E01004834,0,-1
2023461327702,2023,461327702,1,9,0,18,19,7,3,0,0,1,0,0,0,0,1,1,6,6,2,38,7,3628,2,14,LAND ROVER RANGE ROVER SPORT,8,E01024362,0,-1
2023430024109,2023,430024109,2,9,0,9,9,4,2,0,0,2,0,0,0,0,1,1,6,6,2,-1,-1,2993,2,14,LAND ROVER RANGE ROVER SPORT,-1,-1,0,-1
2023122300783,2023,122300783,1,9,0,18,19,3,7,0,0,0,0,0,0,0,0,1,6,6,2,52,8,2993,2,6,LAND ROVER RANGE ROVER SPORT,9,E01027642,0,-1
2023481356303,2023,481356303,2,9,0,7,7,5,7,0,0,8,0,0,0,0,4,1,5,6,1,65,9,4999,1,5,LAND ROVER RANGE ROVER SPORT,-1,-1,0,-1
2023411328125,2023,411328125,2,9,0,17,19,4,1,0,0,0,1,0,1,9,1,1,5,6,1,73,10,2993,2,7,LAND ROVER RANGE ROVER SPORT,9,E01023291,0,-1
2023440155052,2023,440155052,2,9,0,18,19,5,1,0,0,0,0,0,0,0,1,1,6,6,1,55,8,1997,8,5,LAND ROVER RANGE ROVER SPORT,10,E01022596,0,-1
2023451262723,2023,451262723,3,9,0,18,19,5,1,0,0,0,0,0,0,0,2,1,2,2,1,45,7,2993,2,5,LAND ROVER RANGE ROVER SPORT,7,E01030707,0,-1
2023549728023,2023,549728023,1,9,0,9,9,2,8,0,0,6,0,0,0,0,1,1,6,6,1,45,7,2720,2,14,LAND ROVER RANGE ROVER SPORT,6,E01015587,0,-1
2023332300339,2023,332300339,2,9,0,11,11,6,2,0,0,8,0,0,0,0,1,1,1,1,1,38,7,4999,1,8,LAND ROVER RANGE ROVER SPORT,4,E01013758,0,-1
2023010475135,2023,010475135,2,9,0,99,99,9,9,99,99,9,9,99,9,99,1,9,6,6,2,-1,-1,2993,2,10,LAND ROVER RANGE ROVER SPORT,-1,-1,0,-1
2023010453239,2023,010453239,2,9,0,3,3,7,3,4,4,1,0,0,0,0,4,1,6,6,1,39,7,4367,2,9,LAND ROVER RANGE ROVER SPORT,6,E01000851,0,-1
2023131363572,2023,131363572,1,9,0,18,19,3,7,0,0,0,0,0,0,0,3,1,5,6,1,28,6,2993,2,10,LAND ROVER RANGE ROVER SPORT,6,E01007565,0,-1
2023041299137,2023,041299137,1,9,0,18,19,1,5,0,0,0,0,0,0,0,1,1,5,6,1,47,8,2993,2,10,LAND ROVER RANGE ROVER SPORT,3,E01024903,0,-1
2023010486663,2023,010486663,2,9,0,99,99,9,9,99,99,9,9,99,9,99,1,9,6,6,3,-1,-1,2993,2,5,LAND ROVER RANGE ROVER SPORT,7,E01002473,0,-1
2023211361392,2023,211361392,1,9,0,18,19,0,0,0,0,1,0,0,0,0,1,1,5,6,1,53,8,2720,2,14,LAND ROVER RANGE ROVER SPORT,1,E01010273,0,-1
2023122301336,2023,122301336,2,9,0,18,19,3,7,0,0,4,0,0,0,0,1,1,6,6,2,40,7,4999,1,7,LAND ROVER RANGE ROVER SPORT,8,E01027877,0,-1
2023052300864,2023,052300864,1,9,0,18,19,2,6,0,0,0,0,0,0,0,3,1,6,6,1,59,9,2993,2,4,LAND ROVER RANGE ROVER SPORT,5,E01006527,0,-1
2023161373250,2023,161373250,1,9,0,18,19,7,3,0,0,1,0,4,1,0,1,1,5,6,1,29,6,2993,2,8,LAND ROVER RANGE ROVER SPORT,6,E01013085,0,-1
2023991393543,2023,991393543,1,9,0,16,19,8,3,0,0,0,1,0,1,4,1,1,5,6,1,85,11,2720,2,15,LAND ROVER RANGE ROVER SPORT,8,E01010790,0,-1
2023170M11353,2023,170M11353,2,9,0,1,1,7,3,0,0,0,0,0,0,0,2,1,6,6,1,-1,-1,2993,2,8,LAND ROVER RANGE ROVER SPORT,-1,-1,0,-1
2023010459174,2023,010459174,1,9,0,5,5,0,7,0,0,2,0,0,0,0,3,1,6,6,2,30,6,2993,2,5,LAND ROVER RANGE ROVER SPORT,2,E01001878,0,-1
2023010457456,2023,010457456,1,9,0,17,19,1,8,0,0,0,0,4,0,0,1,1,6,6,1,27,6,4999,1,3,LAND ROVER RANGE ROVER SPORT,3,E01002104,0,-1
2023131357601,2023,131357601,1,9,0,9,9,3,5,0,0,0,0,0,0,0,1,1,6,6,3,-1,-1,2996,8,1,LAND ROVER RANGE ROVER SPORT,-1,-1,0,-1
2023371353498,2023,371353498,1,9,0,18,19,4,1,0,0,0,0,0,7,11,1,1,5,6,1,54,8,1997,8,2,LAND ROVER RANGE ROVER SPORT,6,E01030064,0,-1
2023131317409,2023,131317409,2,9,0,18,19,1,1,0,0,2,0,0,0,0,2,1,5,6,1,40,7,2993,2,9,LAND ROVER RANGE ROVER SPORT,2,E01010837,0,-1
2023010443738,2023,010443738,1,9,0,18,19,1,5,0,0,0,0,0,0,0,1,1,6,6,1,24,5,2993,2,7,LAND ROVER RANGE ROVER SPORT,3,E01000222,0,-1
2023010422492,2023,010422492,2,9,0,99,99,9,9,99,99,9,9,99,9,99,1,9,6,6,3,-1,-1,2720,2,17,LAND ROVER RANGE ROVER SPORT,-1,-1,0,-1
2023401339931,2023,401339931,1,9,4,7,7,2,3,0,0,1,0,0,0,0,1,1,6,6,2,45,7,2993,2,10,LAND ROVER RANGE ROVER SPORT,4,E01017542,0,-1
2023501391776,2023,501391776,2,9,-1,18,19,7,3,0,0,0,0,0,0,0,3,1,5,6,2,34,6,2720,2,17,LAND ROVER RANGE ROVER SPORT,-1,-1,0,-1
2023131281881,2023,131281881,1,9,0,9,9,5,7,0,0,2,0,0,0,0,1,1,5,6,1,27,6,2993,2,7,LAND ROVER RANGE ROVER SPORT,1,E01010677,0,-1
2023302300779,2023,302300779,1,9,0,17,19,7,4,0,0,0,2,0,0,0,1,1,6,6,1,34,6,2993,2,11,LAND ROVER RANGE ROVER SPORT,2,E01013565,0,-1
2023131367746,2023,131367746,2,9,0,4,4,3,7,0,0,1,0,0,0,0,2,1,6,6,1,41,7,2993,2,3,LAND ROVER RANGE ROVER SPORT,9,E01005408,0,-1
2023411386822,2023,411386822,2,9,0,5,5,5,1,0,0,1,0,0,0,0,1,1,6,6,1,32,6,2993,2,12,LAND ROVER RANGE ROVER SPORT,9,E01023717,0,-1
2023041332807,2023,041332807,1,9,0,18,19,5,1,0,0,0,0,0,0,0,3,1,5,6,2,48,8,2720,2,14,LAND ROVER RANGE ROVER SPORT,3,-1,0,-1
2023010474858,2023,010474858,1,9,0,2,2,0,0,0,0,0,0,0,0,0,4,1,6,6,3,-1,-1,2993,2,7,LAND ROVER RANGE ROVER SPORT,-1,-1,0,-1
2023351301876,2023,351301876,1,9,0,18,19,5,1,0,0,1,0,0,0,0,3,1,5,6,2,33,6,2993,2,11,LAND ROVER RANGE ROVER SPORT,3,E01018072,0,-1
2023461372193,2023,461372193,1,9,0,4,4,7,3,0,0,0,9,0,9,0,1,1,6,6,1,53,8,2993,2,13,LAND ROVER RANGE ROVER SPORT,5,E01024366,0,-1
2023221360688,2023,221360688,1,9,0,18,19,3,7,0,0,0,0,0,7,0,3,1,6,6,1,27,6,2720,2,14,LAND ROVER RANGE ROVER SPORT,7,W01000497,0,-1
2023010441597,2023,010441597,1,9,0,18,19,1,5,0,0,0,0,0,0,0,1,1,6,6,1,25,5,2993,2,10,LAND ROVER RANGE ROVER SPORT,4,E01003743,0,-1
2023131266320,2023,131266320,1,9,0,7,7,5,6,0,0,8,0,0,0,0,1,1,5,6,1,23,5,2993,2,12,LAND ROVER RANGE ROVER SPORT,9,E01025476,0,-1
2023991294861,2023,991294861,2,9,0,18,19,5,1,0,0,1,5,0,1,0,1,1,5,6,1,53,8,2997,2,0,LAND ROVER RANGE ROVER SPORT,6,-1,0,-1
2023131348093,2023,131348093,2,9,0,-1,-1,-1,-1,-1,-1,-1,-1,-1,-1,0,-1,1,6,6,3,-1,-1,4999,1,1,LAND ROVER RANGE ROVER SPORT,-1,-1,0,-1
2023501367495,2023,501367495,2,9,0,7,7,8,3,0,0,6,0,0,0,0,1,1,2,2,2,20,4,2993,2,2,LAND ROVER RANGE ROVER SPORT,7,E01019899,0,-1
2023131329183,2023,131329183,1,9,0,14,14,1,2,7,6,1,1,4,8,2,1,1,6,6,1,26,6,4999,1,3,LAND ROVER RANGE ROVER SPORT,1,E01010808,0,-1
2023461359362,2023,461359362,2,9,0,7,7,4,7,0,0,1,0,0,0,0,2,1,6,6,2,56,9,2993,2,8,LAND ROVER RANGE ROVER SPORT,5,E01024366,0,-1
2023421286634,2023,421286634,2,9,0,5,5,1,3,0,0,6,0,0,0,0,4,1,5,6,2,35,6,2993,2,6,LAND ROVER RANGE ROVER SPORT,2,E01022046,0,-1
2023451376507,2023,451376507,1,9,0,9,9,3,7,0,0,1,0,0,0,0,2,1,3,7,1,39,7,2993,2,7,LAND ROVER RANGE ROVER SPORT,8,E01002945,0,-1
2023131375525,2023,131375525,3,9,0,2,2,0,0,0,0,0,0,0,0,0,3,1,6,6,3,-1,-1,2996,8,0,LAND ROVER RANGE ROVER SPORT,-1,-1,0,-1
2023461302784,2023,461302784,2,9,0,5,5,5,1,0,0,0,1,2,0,0,1,1,6,6,1,52,8,2993,2,10,LAND ROVER RANGE ROVER SPORT,7,E01024732,0,-1
2023131370290,2023,131370290,1,9,0,-1,-1,-1,-1,-1,-1,-1,-1,-1,-1,-1,-1,1,6,6,3,-1,-1,2993,2,9,LAND ROVER RANGE ROVER SPORT,-1,-1,0,-1
2023010430634,2023,010430634,2,9,9,99,99,9,9,99,99,9,9,99,9,99,9,9,6,6,3,-1,-1,2720,2,17,LAND ROVER RANGE ROVER SPORT,2,E01001193,0,-1
2023221323915,2023,221323915,2,9,0,9,9,5,3,0,0,6,0,0,0,0,4,1,5,6,2,48,8,2993,2,6,LAND ROVER RANGE ROVER SPORT,5,E01032212,0,-1
2023451317392,2023,451317392,1,9,0,18,19,5,3,0,0,1,0,0,0,0,3,1,6,6,1,27,6,1997,8,4,LAND ROVER RANGE ROVER SPORT,5,E01031583,0,-1
2023440129147,2023,440129147,1,9,0,16,19,5,8,0,0,0,0,0,0,0,3,1,6,6,1,45,7,2997,2,0,LAND ROVER RANGE ROVER SPORT,10,E01032859,0,-1
2023070115807,2023,070115807,1,9,0,18,19,1,5,0,0,0,0,0,0,0,1,1,6,6,1,42,7,2997,2,1,LAND ROVER RANGE ROVER SPORT,10,E01018572,0,-1
2023471376546,2023,471376546,2,9,0,18,19,1,5,0,0,0,0,0,0,0,4,1,6,6,1,60,9,2993,2,7,LAND ROVER RANGE ROVER SPORT,10,E01031412,0,-1
2023010466304,2023,010466304,1,9,0,3,3,7,3,0,0,0,0,0,0,0,1,1,6,6,1,28,6,1997,8,4,LAND ROVER RANGE ROVER SPORT,2,E01003924,0,-1
2023411262865,2023,411262865,1,9,0,18,19,-1,-1,0,0,0,0,0,0,0,1,1,6,6,3,-1,-1,2720,2,18,LAND ROVER RANGE ROVER SPORT,-1,-1,0,-1
2023010482198,2023,010482198,1,9,0,18,19,4,8,0,0,0,0,0,0,0,1,1,6,6,3,22,5,2993,2,4,LAND ROVER RANGE ROVER SPORT,-1,-1,0,-1
2023991271669,2023,991271669,2,9,0,18,19,4,8,0,0,1,0,0,0,0,1,1,6,6,2,41,7,1997,8,2,LAND ROVER RANGE ROVER SPORT,5,-1,0,-1
2023531316098,2023,531316098,1,9,0,18,19,6,2,0,0,8,1,0,0,0,1,1,5,6,1,26,6,2993,2,9,LAND ROVER RANGE ROVER SPORT,6,W01001593,0,-1
2023041261387,2023,041261387,1,9,0,18,19,5,1,0,0,0,0,0,0,0,1,1,1,1,1,35,6,1997,8,2,LAND ROVER RANGE ROVER SPORT,2,E01012642,0,-1
2023520400396,2023,520400396,2,9,0,4,4,4,8,0,0,1,0,0,0,0,1,1,6,6,2,25,5,2720,2,15,LAND ROVER RANGE ROVER SPORT,7,E01020045,0,-1
2023061393809,2023,061393809,2,9,0,18,19,3,7,0,0,1,0,0,0,0,4,1,6,6,1,46,8,2993,2,6,LAND ROVER RANGE ROVER SPORT,5,E01018651,0,-1
2023041367901,2023,041367901,2,9,0,2,2,2,6,1,1,1,0,0,0,0,0,1,5,6,2,68,10,2996,1,4,LAND ROVER RANGE ROVER SPORT,5,E01024989,0,-1
2023332300697,2023,332300697,1,9,0,13,13,8,4,0,0,1,1,10,1,4,1,1,6,6,1,24,5,4999,1,4,LAND ROVER RANGE ROVER SPORT,9,E01025975,0,-1
2023010480956,2023,010480956,3,9,0,2,2,0,0,9,9,8,0,0,0,0,3,1,6,6,3,-1,-1,2720,2,15,LAND ROVER RANGE ROVER SPORT,-1,-1,0,-1
2023161393820,2023,161393820,2,9,0,18,19,5,1,0,0,0,0,0,0,0,1,1,5,6,2,-1,-1,2720,2,17,LAND ROVER RANGE ROVER SPORT,-1,-1,0,-1
2023010454163,2023,010454163,1,9,0,16,19,8,4,0,0,0,0,0,0,0,1,1,6,6,2,45,7,2720,2,18,LAND ROVER RANGE ROVER SPORT,2,E01003265,0,-1
2023031352585,2023,031352585,1,9,0,17,19,7,3,0,0,0,0,0,0,0,3,1,2,2,1,55,8,2993,2,7,LAND ROVER RANGE ROVER SPORT,5,E01019318,0,-1
2023430423448,2023,430423448,1,9,0,18,19,1,5,0,0,1,0,0,0,0,1,1,6,6,1,45,7,2993,2,11,LAND ROVER RANGE ROVER SPORT,-1,-1,0,-1
2023531314561,2023,531314561,2,9,0,3,3,5,1,0,0,0,0,0,0,0,3,1,2,2,1,55,8,2993,2,4,LAND ROVER RANGE ROVER SPORT,8,E01022462,0,-1
2023430123313,2023,430123313,1,9,0,9,9,7,5,0,0,6,0,0,0,0,1,1,6,6,1,75,10,2993,2,13,LAND ROVER RANGE ROVER SPORT,9,E01017920,0,-1
2023471334551,2023,471334551,2,9,0,-1,-1,-1,-1,-1,-1,0,-1,-1,-1,0,-1,1,6,6,2,22,5,2720,2,17,LAND ROVER RANGE ROVER SPORT,-1,-1,0,-1
2023552300696,2023,552300696,2,9,0,18,19,6,2,0,0,8,0,10,0,0,1,1,3,7,2,53,8,2997,2,0,LAND ROVER RANGE ROVER SPORT,7,E01020465,0,-1
2023010420803,2023,010420803,2,9,0,7,7,7,1,0,0,8,9,99,9,99,9,9,6,6,1,-1,-1,2993,2,6,LAND ROVER RANGE ROVER SPORT,6,E01003755,0,-1
2023131330293,2023,131330293,3,9,0,8,8,5,1,0,0,1,0,0,0,0,3,1,6,6,2,40,7,2996,1,0,LAND ROVER RANGE ROVER SPORT,5,E01011263,0,-1
2023622300667,2023,622300667,1,9,0,1,1,6,2,0,0,1,0,0,0,0,2,1,6,6,3,38,7,2993,2,10,LAND ROVER RANGE ROVER SPORT,1,E01004823,0,-1
2023991372572,2023,991372572,1,9,0,4,4,7,1,0,0,0,0,0,0,0,1,1,6,6,1,65,9,4197,1,17,LAND ROVER RANGE ROVER SPORT,6,-1,0,-1
2023332300920,2023,332300920,2,9,0,18,19,6,2,0,0,1,0,0,0,0,1,1,6,6,1,27,6,2993,2,13,LAND ROVER RANGE ROVER SPORT,3,E01015449,0,-1
2023991316460,2023,991316460,1,9,0,9,9,8,5,0,0,5,0,0,0,0,4,1,6,6,1,77,11,2993,2,9,LAND ROVER RANGE ROVER SPORT,6,-1,0,-1
2023031343623,2023,031343623,1,9,0,9,9,8,6,0,0,8,0,0,0,0,3,1,5,6,1,52,8,2996,1,3,LAND ROVER RANGE ROVER SPORT,-1,-1,0,-1
2023131327215,2023,131327215,2,9,0,3,3,1,3,0,0,6,0,0,0,0,1,1,6,6,1,41,7,2720,2,17,LAND ROVER RANGE ROVER SPORT,7,E01011531,0,-1
2023371312797,2023,371312797,2,9,0,17,19,1,5,0,0,0,0,0,0,0,0,1,6,6,1,51,8,2720,2,16,LAND ROVER RANGE ROVER SPORT,7,E01030019,0,-1
2023411291277,2023,411291277,1,9,0,18,19,7,3,0,0,8,0,0,0,0,4,1,5,6,1,40,7,2997,2,1,LAND ROVER RANGE ROVER SPORT,10,E01023909,0,-1
2023010467929,2023,010467929,2,9,9,99,99,9,9,99,99,9,9,99,9,99,9,9,6,6,3,-1,-1,4999,1,2,LAND ROVER RANGE ROVER SPORT,-1,-1,0,-1
2023010420378,2023,010420378,2,9,0,9,9,5,2,0,0,6,0,0,3,11,1,1,3,7,1,48,8,2993,2,10,LAND ROVER RANGE ROVER SPORT,10,E01000652,0,-1
2023141362912,2023,141362912,1,9,0,18,19,3,7,0,0,0,0,0,0,0,1,1,2,2,1,60,9,2993,2,9,LAND ROVER RANGE ROVER SPORT,1,E01007721,0,-1
2023010455667,2023,010455667,1,9,0,99,99,9,9,99,99,9,9,99,9,99,1,9,6,6,1,27,6,2993,2,5,LAND ROVER RANGE ROVER SPORT,9,E01002192,0,-1
2023302300522,2023,302300522,1,9,0,18,19,2,6,0,0,2,0,0,0,0,1,1,6,6,1,58,9,2997,2,1,LAND ROVER RANGE ROVER SPORT,6,E01019619,0,-1
2023141378813,2023,141378813,1,9,0,18,19,3,7,0,0,2,0,0,0,0,1,1,5,6,2,41,7,2993,2,7,LAND ROVER RANGE ROVER SPORT,5,E01007350,0,-1
2023631324213,2023,631324213,2,9,0,18,19,5,1,0,0,0,0,0,1,9,1,1,6,6,1,52,8,2720,2,17,LAND ROVER RANGE ROVER SPORT,8,W01000466,0,-1
2023440284497,2023,440284497,2,9,0,18,19,3,7,0,0,0,0,0,0,0,4,1,6,6,1,58,9,2993,2,8,LAND ROVER RANGE ROVER SPORT,5,W01001648,0,-1
2023010426422,2023,010426422,1,9,0,99,99,9,9,99,99,9,9,99,9,99,9,9,6,6,3,-1,-1,4999,1,3,LAND ROVER RANGE ROVER SPORT,-1,-1,0,-1
2023052301219,2023,052301219,1,9,0,18,19,7,3,0,0,0,0,0,0,0,1,1,6,6,1,40,7,2993,2,7,LAND ROVER RANGE ROVER SPORT,2,E01006653,0,-1
2023010460914,2023,010460914,1,9,0,99,99,9,9,99,99,9,9,99,9,99,2,9,6,6,1,38,7,2993,2,8,LAND ROVER RANGE ROVER SPORT,5,E01014432,0,-1
2023371285233,2023,371285233,2,9,0,18,19,3,1,0,0,2,0,0,0,0,4,1,1,1,1,63,9,2993,2,10,LAND ROVER RANGE ROVER SPORT,6,E01026613,0,-1
2023311304727,2023,311304727,2,9,0,4,4,1,5,0,0,0,0,0,0,0,1,1,6,6,1,30,6,4197,1,18,LAND ROVER RANGE ROVER SPORT,9,E01028421,0,-1
2023010444799,2023,010444799,1,9,0,99,99,9,9,99,99,0,0,99,9,99,9,9,6,6,1,27,6,2993,2,8,LAND ROVER RANGE ROVER SPORT,2,E01000599,0,-1
2023552300825,2023,552300825,1,9,0,18,19,4,8,0,0,0,0,0,0,0,1,1,6,6,1,34,6,3628,2,16,LAND ROVER RANGE ROVER SPORT,6,E01020494,0,-1
2023141314189,2023,141314189,1,9,0,4,4,3,7,0,0,0,0,0,0,0,2,1,5,6,2,21,5,3628,2,15,LAND ROVER RANGE ROVER SPORT,1,E01007870,0,-1
2023531311991,2023,531311991,1,9,0,16,19,5,8,0,0,0,0,4,7,0,1,1,6,6,1,42,7,4999,1,5,LAND ROVER RANGE ROVER SPORT,10,E01022193,0,-1
2023070205970,2023,070205970,1,9,0,12,12,5,1,0,0,0,0,0,0,0,1,1,6,6,1,28,6,4999,1,1,LAND ROVER RANGE ROVER SPORT,-1,-1,0,-1
2023141367827,2023,141367827,1,9,0,18,19,8,4,0,0,1,0,0,0,0,1,1,5,6,1,29,6,2993,2,6,LAND ROVER RANGE ROVER SPORT,4,E01007742,0,-1
2023461337799,2023,461337799,1,9,0,18,19,5,1,0,0,0,0,0,0,0,1,1,6,6,1,81,11,2993,2,5,LAND ROVER RANGE ROVER SPORT,7,E01024437,0,-1
2023161294107,2023,161294107,3,9,0,4,4,5,1,0,0,0,0,0,0,0,1,1,5,6,1,30,6,2993,2,10,LAND ROVER RANGE ROVER SPORT,2,E01011251,0,-1
2023440315127,2023,440315127,3,9,0,4,4,8,4,0,0,0,0,0,0,0,2,1,6,6,1,58,9,2993,2,5,LAND ROVER RANGE ROVER SPORT,2,W01001315,0,-1
2023101372721,2023,101372721,2,9,0,18,19,1,5,0,0,1,0,0,0,0,3,1,5,6,1,27,6,2720,2,16,LAND ROVER RANGE ROVER SPORT,7,E01027633,0,-1
2023201360154,2023,201360154,1,9,0,4,4,1,1,0,0,1,0,0,0,0,1,1,6,6,1,51,8,4999,1,3,LAND ROVER RANGE ROVER SPORT,6,E01010075,0,-1
2023010425907,2023,010425907,1,9,0,7,7,8,2,9,9,2,0,0,7,0,4,1,3,7,2,41,7,4999,1,3,LAND ROVER RANGE ROVER SPORT,5,E01000450,0,-1
2023461354359,2023,461354359,1,9,0,18,19,7,3,0,0,1,0,0,0,0,1,1,6,6,1,28,6,2993,2,12,LAND ROVER RANGE ROVER SPORT,6,E01024357,0,-1
2023010467230,2023,010467230,2,9,0,18,19,1,5,0,0,1,1,0,0,0,1,1,3,7,2,42,7,2993,2,8,LAND ROVER RANGE ROVER SPORT,9,E01000279,0,-1
2023010463036,2023,010463036,1,9,0,99,99,9,9,99,99,0,9,99,9,99,2,9,6,6,2,46,8,2993,2,8,LAND ROVER RANGE ROVER SPORT,9,E01015995,0,-1
2023201380105,2023,201380105,2,9,0,18,19,7,3,0,0,8,0,0,0,0,1,1,1,1,1,46,8,2997,2,2,LAND ROVER RANGE ROVER SPORT,8,E01007282,0,-1
2023010459379,2023,010459379,2,9,0,99,99,9,9,99,99,9,9,99,9,99,9,9,6,6,3,-1,-1,1997,8,3,LAND ROVER RANGE ROVER SPORT,-1,-1,0,-1
2023430429803,2023,430429803,1,9,0,18,19,8,4,0,0,1,0,0,0,0,1,1,6,6,1,30,6,2993,2,9,LAND ROVER RANGE ROVER SPORT,8,E01016232,0,-1
2023501397461,2023,501397461,1,9,0,18,19,7,3,0,0,0,0,0,0,0,1,1,6,6,1,38,7,2720,2,16,LAND ROVER RANGE ROVER SPORT,1,E01015088,0,-1
2023010443330,2023,010443330,2,9,0,99,99,9,9,99,99,9,9,99,9,99,1,9,6,6,1,32,6,4999,1,1,LAND ROVER RANGE ROVER SPORT,8,E01004293,0,-1
2023170L30453,2023,170L30453,2,9,0,4,4,2,6,0,0,0,0,0,0,0,2,1,6,6,2,43,7,2993,2,5,LAND ROVER RANGE ROVER SPORT,7,E01012053,0,-1
2023070076595,2023,070076595,1,9,0,18,19,5,1,0,0,0,0,0,0,0,1,1,1,1,1,70,10,2993,2,7,LAND ROVER RANGE ROVER SPORT,5,E01021484,0,-1
2023201295635,2023,201295635,2,9,0,2,2,0,0,0,0,0,0,0,0,0,4,1,6,6,3,-1,-1,2997,2,2,LAND ROVER RANGE ROVER SPORT,-1,-1,0,-1
2023501302330,2023,501302330,1,9,0,9,9,4,2,0,0,1,0,0,0,0,3,1,5,6,2,52,8,2993,2,5,LAND ROVER RANGE ROVER SPORT,4,E01020310,0,-1
2023311302098,2023,311302098,2,9,0,18,19,1,5,0,0,0,0,0,0,0,3,1,5,6,1,62,9,2993,2,3,LAND ROVER RANGE ROVER SPORT,8,E01028032,0,-1