collision_index,collision_year,collision_ref_no,vehicle_reference,vehicle_type,towing_and_articulation,vehicle_manoeuvre_historic,vehicle_manoeuvre,vehicle_direction_from,vehicle_direction_to,vehicle_location_restricted_lane_historic,vehicle_location_restricted_lane,junction_location,skidding_and_overturning,hit_object_in_carriageway,vehicle_leaving_carriageway,hit_object_off_carriageway,first_point_of_impact,vehicle_left_hand_drive,journey_purpose_of_driver_historic,journey_purpose_of_driver,sex_of_driver,age_of_driver,age_band_of_driver,engine_capacity_cc,propulsion_code,age_of_vehicle,generic_make_model,driver_imd_decile,lsoa_of_driver,escooter_flag,driver_distance_banding
2023421320205,2023,421320205,2,9,0,3,3,3,6,0,0,0,0,0,0,0,2,1,6,6,1,45,7,2993,2,5,LAND ROVER RANGE ROVER SPORT,7,E01021887,0,-1
2023141346143,2023,141346143,1,9,0,9,9,8,6,0,0,6,0,0,0,0,1,1,5,6,1,46,8,2993,2,6,LAND ROVER RANGE ROVER SPORT,6,E01007570,0,-1
2023010449441,2023,010449441,1,9,0,18,19,7,3,0,0,8,0,0,0,0,4,1,6,6,1,34,6,2993,2,8,LAND ROVER RANGE ROVER SPORT,4,E01003715,0,-1
2023010479961,2023,010479961,2,9,0,99,99,9,9,99,99,9,9,99,9,99,9,9,6,6,2,34,6,2993,2,5,LAND ROVER RANGE ROVER SPORT,9,E01000804,0,-1
2023361371776,2023,361371776,1,9,0,4,4,1,5,0,0,2,0,0,0,0,2,1,6,6,2,40,7,3628,2,16,LAND ROVER RANGE ROVER SPORT,1,E01026595,0,-1
2023010468271,2023,010468271,1,9,0,16,19,7,3,9,9,2,2,11,1,4,1,1,6,6,1,30,6,1997,8,5,LAND ROVER RANGE ROVER SPORT,4,E01002398,0,-1
2023451284841,2023,451284841,1,9,0,9,9,2,6,0,0,5,0,0,0,0,1,1,2,2,1,60,9,1997,8,3,LAND ROVER RANGE ROVER SPORT,10,E01030680,0,-1
2023010438864,2023,010438864,1,9,0,5,5,0,1,0,0,2,0,0,0,0,3,1,6,6,2,50,8,2993,2,7,LAND ROVER RANGE ROVER SPORT,5,E01004647,0,-1
2023351354675,2023,351354675,1,9,0,17,19,8,4,0,0,0,0,0,1,10,1,1,5,6,1,23,5,4999,1,7,LAND ROVER RANGE ROVER SPORT,7,E01025888,0,-1
2023501350731,2023,501350731,1,9,0,13,13,7,4,0,0,0,0,0,0,0,1,1,6,6,3,-1,-1,2720,2,17,LAND ROVER RANGE ROVER SPORT,-1,-1,0,-1
2023010449833,2023,010449833,3,9,0,3,3,5,1,0,0,0,0,0,0,0,3,1,6,6,2,51,8,4394,1,16,LAND ROVER RANGE ROVER SPORT,5,E01003415,0,-1
2023430238208,2023,430238208,2,9,0,18,19,1,5,0,0,0,0,0,0,0,1,1,6,6,3,-1,-1,2993,2,9,LAND ROVER RANGE ROVER SPORT,-1,-1,0,-1
2023421359834,2023,421359834,1,9,0,6,6,2,8,0,0,2,0,0,0,0,3,1,2,2,1,28,6,2720,2,14,LAND ROVER RANGE ROVER SPORT,7,E01021895,0,-1
2023340NN9092,2023,340NN9092,1,9,0,18,19,3,7,0,0,2,5,0,1,4,1,1,6,6,2,57,9,1999,2,6,LAND ROVER RANGE ROVER SPORT,9,E01024331,0,-1
2023421306846,2023,421306846,1,9,0,18,19,5,1,0,0,1,0,10,0,0,1,1,5,6,1,32,6,2996,1,1,LAND ROVER RANGE ROVER SPORT,-1,-1,0,-1
2023430469391,2023,430469391,1,9,0,18,19,8,4,0,0,1,0,0,0,0,1,1,2,2,1,33,6,2993,2,13,LAND ROVER RANGE ROVER SPORT,4,E01016462,0,-1
2023451312216,2023,451312216,1,9,0,16,19,5,1,0,0,0,1,0,0,0,3,1,6,6,1,47,8,2993,2,9,LAND ROVER RANGE ROVER SPORT,5,E01030834,0,-1
2023461275656,2023,461275656,2,9,0,5,5,5,1,0,0,0,0,0,0,0,2,1,6,6,2,38,7,2993,2,4,LAND ROVER RANGE ROVER SPORT,9,E01024853,0,-1
2023311341171,2023,311341171,1,9,0,4,4,3,7,0,0,0,0,0,0,0,2,1,5,6,1,39,7,2997,2,0,LAND ROVER RANGE ROVER SPORT,-1,-1,0,-1
2023010437784,2023,010437784,1,9,0,99,99,9,9,99,99,9,9,99,9,99,9,1,6,6,1,27,6,4367,2,3,LAND ROVER RANGE ROVER SPORT,7,E01000822,0,-1
2023451324854,2023,451324854,2,9,0,18,19,3,7,0,0,0,0,0,0,0,4,1,6,6,1,65,9,2993,2,7,LAND ROVER RANGE ROVER SPORT,9,E01015406,0,-1
2023052300945,2023,052300945,1,9,0,18,19,3,7,0,0,5,0,0,0,0,1,1,6,6,1,56,9,2993,2,4,LAND ROVER RANGE ROVER SPORT,3,E01006671,0,-1
2023991319234,2023,991319234,1,9,0,9,9,6,3,0,0,2,0,0,0,0,1,1,5,6,1,33,6,2993,2,4,LAND ROVER RANGE ROVER SPORT,9,-1,0,-1
2023361338703,2023,361338703,3,9,0,18,19,1,5,0,0,0,0,0,0,0,1,1,5,6,2,50,8,2993,2,12,LAND ROVER RANGE ROVER SPORT,9,E01023653,0,-1
2023010474361,2023,010474361,1,9,0,99,99,9,9,99,99,9,9,99,9,99,9,9,6,6,1,22,5,2993,2,5,LAND ROVER RANGE ROVER SPORT,4,E01000307,0,-1
2023101310246,2023,101310246,1,9,0,9,9,7,1,0,0,1,0,0,0,0,1,1,2,2,1,47,8,2993,2,4,LAND ROVER RANGE ROVER SPORT,5,E01008346,0,-1
2023101383535,2023,101383535,1,9,0,4,4,5,5,0,0,0,0,0,0,0,1,1,6,6,1,52,8,2993,2,5,LAND ROVER RANGE ROVER SPORT,3,E01008240,0,-1
2023010488849,2023,010488849,2,9,0,99,99,9,9,99,99,9,9,99,9,99,9,9,6,6,3,-1,-1,2993,2,8,LAND ROVER RANGE ROVER SPORT,3,E01002402,0,-1
2023141333779,2023,141333779,2,9,0,18,19,3,7,0,0,1,0,0,0,0,1,1,5,6,1,45,7,2720,2,17,LAND ROVER RANGE ROVER SPORT,5,E01007762,0,-1
2023061327180,2023,061327180,1,9,0,18,19,8,2,0,0,2,0,0,0,0,1,1,6,6,1,33,6,2993,2,8,LAND ROVER RANGE ROVER SPORT,1,E01004853,0,-1
2023991308382,2023,991308382,2,9,0,2,2,0,0,0,0,0,0,0,0,0,3,1,6,6,3,-1,-1,4367,2,8,LAND ROVER RANGE ROVER SPORT,-1,-1,0,-1
2023131299611,2023,131299611,2,9,0,18,19,1,5,0,0,8,0,0,0,0,1,1,5,6,1,42,7,2993,2,9,LAND ROVER RANGE ROVER SPORT,1,E01011473,0,-1
202360A148072,2023,60A148072,2,9,0,5,5,6,4,0,0,8,0,0,0,0,1,1,6,6,1,28,6,2993,2,8,LAND ROVER RANGE ROVER SPORT,-1,-1,0,-1
2023070543984,2023,070543984,1,9,0,9,9,1,7,0,0,1,0,0,0,0,4,1,6,6,1,76,11,2993,2,11,LAND ROVER RANGE ROVER SPORT,10,E01012489,0,-1
2023361307062,2023,361307062,1,9,0,18,19,8,5,0,0,0,2,4,0,0,1,1,6,6,1,43,7,2993,2,11,LAND ROVER RANGE ROVER SPORT,6,E01026524,0,-1
2023010487047,2023,010487047,1,9,0,99,99,9,9,99,99,0,9,99,9,99,9,9,6,6,1,-1,-1,2993,2,4,LAND ROVER RANGE ROVER SPORT,1,E01005186,0,-1
2023221299490,2023,221299490,1,9,0,18,19,8,4,0,0,0,1,0,1,0,1,1,6,6,1,50,8,2720,2,15,LAND ROVER RANGE ROVER SPORT,8,E01013997,0,-1
2023010451691,2023,010451691,2,9,0,18,19,5,1,0,0,1,1,0,0,0,1,1,6,6,3,-1,-1,2720,2,17,LAND ROVER RANGE ROVER SPORT,-1,-1,0,-1
2023440276502,2023,440276502,2,9,0,18,19,6,2,0,0,0,0,0,0,0,2,1,6,6,1,36,7,2993,2,5,LAND ROVER RANGE ROVER SPORT,9,E01024409,0,-1
2023332300330,2023,332300330,1,9,0,13,13,6,2,0,0,0,5,0,7,0,1,1,6,6,3,-1,-1,2993,2,11,LAND ROVER RANGE ROVER SPORT,-1,-1,0,-1
2023461304310,2023,461304310,1,9,0,4,4,5,1,0,0,1,0,0,0,0,0,1,6,6,1,62,9,2993,2,13,LAND ROVER RANGE ROVER SPORT,10,E01024046,0,-1
2023052302837,2023,052302837,2,9,0,18,19,3,7,0,0,8,0,0,0,0,1,1,6,6,2,42,7,1997,8,2,LAND ROVER RANGE ROVER SPORT,7,E01007192,0,-1
2023430468606,2023,430468606,1,9,0,18,19,8,4,0,0,0,0,0,0,0,1,1,6,6,1,45,7,4367,2,6,LAND ROVER RANGE ROVER SPORT,-1,-1,0,-1
2023302301918,2023,302301918,2,9,0,18,19,7,3,0,0,1,0,0,0,0,1,1,6,6,1,47,8,2993,2,9,LAND ROVER RANGE ROVER SPORT,8,E01019685,0,-1
2023101324916,2023,101324916,1,9,0,18,19,-1,-1,0,0,0,0,0,0,0,3,1,6,6,1,-1,-1,2720,2,18,LAND ROVER RANGE ROVER SPORT,-1,-1,0,-1
2023010422511,2023,010422511,1,9,0,9,9,8,6,0,0,6,0,0,0,0,1,1,6,6,1,52,8,2995,1,6,LAND ROVER RANGE ROVER SPORT,5,E01000847,0,-1
2023201408315,2023,201408315,1,9,0,3,3,4,8,0,0,2,0,0,0,0,4,1,3,7,2,53,8,2993,2,4,LAND ROVER RANGE ROVER SPORT,10,E01010196,0,-1
2023991396086,2023,991396086,2,9,0,4,4,1,6,0,0,0,0,0,0,0,3,1,6,6,2,31,6,2993,2,3,LAND ROVER RANGE ROVER SPORT,4,-1,0,-1
2023052302180,2023,052302180,1,9,0,18,19,1,5,0,0,0,0,0,0,0,1,1,6,6,1,52,8,2993,2,11,LAND ROVER RANGE ROVER SPORT,1,E01006455,0,-1
2023461303609,2023,461303609,2,9,0,-1,-1,-1,-1,-1,-1,0,-1,-1,-1,0,1,1,6,6,3,-1,-1,2993,2,6,LAND ROVER RANGE ROVER SPORT,-1,-1,0,-1
2023991314651,2023,991314651,1,9,0,18,19,7,3,0,0,1,1,0,0,0,1,1,6,6,1,39,7,2993,2,7,LAND ROVER RANGE ROVER SPORT,9,-1,0,-1
2023070997248,2023,070997248,2,9,0,2,2,0,0,0,0,0,0,0,0,0,2,1,6,6,1,69,10,3628,2,13,LAND ROVER RANGE ROVER SPORT,1,E01012520,0,-1
2023010440353,2023,010440353,1,9,0,99,99,9,9,99,99,0,9,99,9,99,9,9,6,6,2,38,7,2993,2,7,LAND ROVER RANGE ROVER SPORT,5,E01002347,0,-1
2023201379496,2023,201379496,1,9,0,18,19,7,3,0,0,1,1,0,0,0,1,1,5,6,1,27,6,4999,1,3,LAND ROVER RANGE ROVER SPORT,4,E01029354,0,-1
2023548661123,2023,548661123,1,9,0,17,19,7,4,0,0,0,0,0,1,1,1,1,6,6,1,41,7,1997,8,4,LAND ROVER RANGE ROVER SPORT,10,E01016522,0,-1
2023421283107,2023,421283107,2,9,0,18,19,3,7,0,0,0,0,0,1,0,1,1,6,6,1,47,8,2993,2,5,LAND ROVER RANGE ROVER SPORT,7,E01021913,0,-1
2023400411580,2023,400411580,1,9,0,16,19,8,3,0,0,0,0,0,0,0,3,1,6,6,1,40,7,1997,8,4,LAND ROVER RANGE ROVER SPORT,3,E01021269,0,-1
2023421324826,2023,421324826,5,9,0,2,2,0,0,0,0,0,0,0,0,0,1,1,6,6,3,-1,-1,1997,1,4,LAND ROVER RANGE ROVER SPORT,-1,-1,0,-1
2023451296274,2023,451296274,1,9,0,9,9,7,3,0,0,8,0,0,7,4,1,1,2,2,1,74,10,2993,2,12,LAND ROVER RANGE ROVER SPORT,10,E01031517,0,-1
2023440063781,2023,440063781,3,9,0,2,2,0,0,0,0,2,0,0,0,0,2,1,6,6,1,41,7,2993,2,10,LAND ROVER RANGE ROVER SPORT,-1,-1,0,-1
2023201390039,2023,201390039,1,9,0,18,19,8,4,0,0,0,0,0,0,0,1,1,6,6,2,-1,-1,2993,2,5,LAND ROVER RANGE ROVER SPORT,-1,-1,0,-1
2023421303112,2023,421303112,1,9,0,18,19,6,2,0,0,0,1,0,7,0,1,1,5,6,1,42,7,1997,8,3,LAND ROVER RANGE ROVER SPORT,6,E01021907,0,-1
2023201277186,2023,201277186,3,9,0,2,2,0,0,0,0,0,0,0,0,0,1,1,6,6,1,-1,-1,2993,2,14,LAND ROVER RANGE ROVER SPORT,8,E01010117,0,-1
2023361333660,2023,361333660,1,9,0,18,19,5,1,0,0,0,0,0,1,0,1,1,6,6,2,43,7,2993,2,5,LAND ROVER RANGE ROVER SPORT,7,E01026461,0,-1
2023631332354,2023,631332354,1,9,0,16,19,1,4,0,0,0,1,0,2,4,1,1,5,6,1,27,6,2720,2,14,LAND ROVER RANGE ROVER SPORT,8,W01000694,0,-1
2023461337168,2023,461337168,3,9,0,3,3,5,1,0,0,4,0,0,0,0,2,1,5,6,1,39,7,2993,2,4,LAND ROVER RANGE ROVER SPORT,4,E01024570,0,-1
2023010447043,2023,010447043,1,9,0,99,99,9,9,99,99,9,9,99,9,99,9,9,6,6,1,27,6,2993,2,4,LAND ROVER RANGE ROVER SPORT,10,W01001730,0,-1
2023122300342,2023,122300342,1,9,0,7,7,7,3,0,0,8,0,0,0,0,0,1,6,6,1,26,6,4394,1,18,LAND ROVER RANGE ROVER SPORT,4,E01027910,0,-1
2023451376375,2023,451376375,1,9,0,18,19,5,1,0,0,0,1,0,0,0,3,1,2,2,1,31,6,2720,2,17,LAND ROVER RANGE ROVER SPORT,4,E01032858,0,-1
2023471314562,2023,471314562,2,3,0,5,5,3,5,0,0,3,0,0,0,0,2,1,5,6,1,26,6,125,1,0,-1,5,E01031571,0,-1
202363A012023,2023,63A012023,2,3,0,18,19,4,8,0,0,0,0,0,0,0,3,1,6,6,1,24,5,125,1,4,-1,2,W01000638,0,-1
2023552300354,2023,552300354,1,2,0,18,19,2,6,0,0,6,1,0,0,0,1,1,6,6,1,16,4,125,1,7,-1,2,E01015288,0,-1
2023161324253,2023,161324253,1,9,0,9,9,1,7,0,0,1,0,0,0,0,4,1,5,6,1,28,6,1298,1,19,SUZUKI JIMNY,7,E01013126,0,-1
2023411330675,2023,411330675,1,9,0,18,19,-1,-1,0,0,0,0,0,7,0,4,1,2,2,2,35,6,1328,1,12,SUZUKI JIMNY,7,E01023462,0,-1
2023170L11023,2023,170L11023,2,9,0,16,19,3,6,0,0,0,0,0,0,0,1,1,6,6,2,27,6,1462,1,0,SUZUKI JIMNY,7,E01012152,0,-1
2023141376209,2023,141376209,1,9,0,16,19,3,7,0,0,0,0,0,1,4,1,1,6,6,1,20,4,1328,1,7,SUZUKI JIMNY,6,E01008003,0,-1
2023302301835,2023,302301835,1,9,0,18,19,6,2,9,9,0,1,6,1,7,1,1,2,2,2,33,6,1328,1,17,SUZUKI JIMNY,9,E01019835,0,-1
2023211301548,2023,211301548,1,9,0,9,9,7,4,0,0,8,0,0,0,0,1,1,1,1,1,52,8,1328,1,17,SUZUKI JIMNY,2,E01029447,0,-1
2023302301992,2023,302301992,1,9,0,17,19,6,2,0,0,8,0,0,7,4,1,1,6,6,1,79,11,1328,1,18,SUZUKI JIMNY,9,E01019670,0,-1
2023161281481,2023,161281481,1,9,0,18,19,1,5,0,0,0,0,0,0,0,1,1,5,6,2,63,9,1328,1,19,SUZUKI JIMNY,4,E01013003,0,-1
2023461307324,2023,461307324,2,9,0,18,19,5,1,0,0,1,5,10,0,0,3,1,6,6,1,19,4,1328,1,17,SUZUKI JIMNY,7,E01024121,0,-1
2023131328797,2023,131328797,1,9,0,18,19,3,7,0,0,1,0,0,0,0,1,1,6,6,2,31,6,1328,1,19,SUZUKI JIMNY,4,E01010595,0,-1
2023340NN4382,2023,340NN4382,4,9,0,18,19,1,5,0,0,1,0,0,0,0,3,1,6,6,2,53,8,1462,1,1,SUZUKI JIMNY,7,E01027090,0,-1
2023522400150,2023,522400150,2,9,0,18,19,7,3,0,0,1,0,0,0,0,3,1,6,6,2,27,6,1328,1,16,SUZUKI JIMNY,3,W01001009,0,-1
2023131265025,2023,131265025,3,9,0,18,19,2,6,0,0,0,0,0,0,0,1,1,2,2,2,23,5,1462,1,4,SUZUKI JIMNY,3,E01007447,0,-1
2023010434395,2023,010434395,5,9,0,2,2,0,0,0,0,0,0,4,0,0,1,1,6,6,3,-1,-1,1328,1,15,SUZUKI JIMNY,-1,-1,0,-1
2023340WN5812,2023,340WN5812,1,9,0,16,19,1,5,0,0,0,1,0,1,9,2,1,2,2,1,24,5,1328,1,18,SUZUKI JIMNY,8,E01026993,0,-1
2023052300689,2023,052300689,1,9,0,18,19,5,1,0,0,8,0,0,2,10,1,1,6,6,1,80,11,1328,1,18,SUZUKI JIMNY,5,E01006848,0,-1
2023461341527,2023,461341527,1,9,0,9,9,1,6,0,0,1,0,0,0,0,3,1,6,6,2,78,11,1328,1,6,SUZUKI JIMNY,8,E01024055,0,-1
2023031391568,2023,031391568,2,9,0,18,19,7,3,0,0,0,5,0,0,0,1,1,5,6,1,73,10,1328,1,6,SUZUKI JIMNY,10,E01019078,0,-1
2023461284363,2023,461284363,1,9,0,4,4,1,6,9,9,1,0,0,7,0,1,1,6,6,2,73,10,1328,1,17,SUZUKI JIMNY,4,E01024162,0,-1
2023501358530,2023,501358530,1,9,0,18,19,1,3,9,9,0,0,0,0,0,4,1,3,7,2,37,7,1328,1,21,SUZUKI JIMNY,-1,-1,0,-1
2023451377304,2023,451377304,1,9,0,2,2,0,0,0,0,0,0,0,0,0,3,1,6,6,2,78,11,1328,1,10,SUZUKI JIMNY,10,E01030941,0,-1
2023131267640,2023,131267640,1,9,0,18,19,1,5,0,0,0,2,0,2,11,1,1,2,2,1,35,6,1328,1,19,SUZUKI JIMNY,7,E01011112,0,-1
2023461364924,2023,461364924,2,9,0,18,19,3,7,0,0,0,0,0,0,0,1,1,6,6,2,-1,-1,1328,1,18,SUZUKI JIMNY,5,E01024025,0,-1
2023461280783,2023,461280783,2,9,0,18,19,7,3,0,0,1,0,0,0,0,4,1,6,6,1,76,11,1328,1,17,SUZUKI JIMNY,4,E01024086,0,-1
2023371330024,2023,371330024,2,9,0,18,19,6,2,0,0,1,5,4,0,0,1,1,5,6,1,81,11,1328,1,19,SUZUKI JIMNY,5,E01030272,0,-1
2023451287095,2023,451287095,3,9,0,3,3,7,3,0,0,0,0,0,0,0,2,1,5,6,2,29,6,1328,1,15,SUZUKI JIMNY,8,E01031659,0,-1
2023111301657,2023,111301657,1,9,0,5,5,8,4,0,0,7,0,0,0,0,1,1,5,6,1,32,6,1328,1,17,SUZUKI JIMNY,4,E01020643,0,-1
2023101285402,2023,101285402,1,9,0,12,12,5,1,0,0,0,0,0,0,0,3,1,1,1,1,40,7,1328,1,20,SUZUKI JIMNY,4,E01027375,0,-1
2023320164292,2023,320164292,2,9,0,7,7,6,8,0,0,6,0,0,0,0,2,1,6,6,2,78,11,1328,1,17,SUZUKI JIMNY,6,E01026329,0,-1
2023451341472,2023,451341472,2,9,0,9,9,1,5,1,1,0,0,0,0,0,2,1,5,6,2,46,8,1328,1,17,SUZUKI JIMNY,7,E01030943,0,-1
2023161365778,2023,161365778,1,9,0,13,13,1,5,0,0,0,2,0,7,0,4,1,6,6,1,36,7,1328,1,17,SUZUKI JIMNY,5,E01012991,0,-1
2023440030446,2023,440030446,3,9,0,18,19,5,1,0,0,1,0,0,0,0,1,1,6,6,1,37,7,1298,1,23,SUZUKI JIMNY,6,E01017355,0,-1
2023501265085,2023,501265085,1,9,0,4,4,1,5,0,0,0,1,0,1,4,1,1,2,2,2,27,6,1328,1,19,SUZUKI JIMNY,8,E01019961,0,-1
2023010466435,2023,010466435,2,9,9,99,99,9,9,99,99,0,9,99,9,99,2,9,6,6,3,-1,-1,1328,1,20,SUZUKI JIMNY,10,E01004196,0,-1
2023010439504,2023,010439504,2,9,0,4,4,3,7,0,0,1,0,0,0,0,1,1,6,6,1,65,9,1328,1,14,SUZUKI JIMNY,9,E01000713,0,-1
2023501338207,2023,501338207,2,9,0,9,9,6,2,6,6,8,0,0,0,0,3,1,5,6,2,22,5,1328,1,6,SUZUKI JIMNY,9,E01030685,0,-1
2023440256990,2023,440256990,1,9,0,18,19,1,5,0,0,0,0,0,1,0,3,1,6,6,1,18,4,1328,1,14,SUZUKI JIMNY,10,E01022602,0,-1
2023471334311,2023,471334311,2,9,0,18,19,2,6,0,0,1,0,0,0,0,4,1,5,6,1,81,11,1462,1,3,SUZUKI JIMNY,5,E01021109,0,-1
2023622300526,2023,622300526,1,9,0,18,19,2,6,0,0,2,5,0,1,2,1,1,6,6,1,23,5,1328,1,19,SUZUKI JIMNY,8,W01001242,0,-1
2023501290540,2023,501290540,2,9,0,10,10,3,1,0,0,1,1,0,1,10,2,1,6,6,2,75,10,1462,1,3,SUZUKI JIMNY,4,E01018862,0,-1
2023549935323,2023,549935323,1,9,0,18,19,3,7,0,0,1,1,0,0,0,1,1,6,6,1,17,4,1298,1,22,SUZUKI JIMNY,9,E01032041,0,-1
2023061302469,2023,061302469,1,9,0,18,19,1,5,0,0,0,2,0,1,1,3,1,5,6,1,64,9,1328,1,16,SUZUKI JIMNY,3,E01004905,0,-1
2023231374947,2023,231374947,2,9,0,18,19,2,6,0,0,8,0,0,0,0,1,1,5,6,1,22,5,1328,1,20,SUZUKI JIMNY,8,E01010171,0,-1
2023131308595,2023,131308595,2,9,0,18,19,1,5,0,0,0,0,0,0,0,1,1,2,2,1,40,7,1328,1,19,SUZUKI JIMNY,9,E01011177,0,-1
2023440025019,2023,440025019,2,9,0,17,19,5,2,0,0,1,1,0,0,0,1,1,2,2,1,60,9,1298,1,23,SUZUKI JIMNY,10,E01022931,0,-1
2023371351659,2023,371351659,3,9,0,18,19,3,7,0,0,0,0,0,0,0,2,1,5,6,2,50,8,1328,1,15,SUZUKI JIMNY,10,E01030179,0,-1
2023361344784,2023,361344784,1,9,0,18,19,5,1,0,0,1,0,0,1,0,1,1,5,6,2,50,8,1328,1,9,SUZUKI JIMNY,3,E01026488,0,-1
2023201302908,2023,201302908,2,9,0,9,9,8,6,0,0,8,0,0,0,0,1,1,6,6,1,45,7,1462,1,3,SUZUKI JIMNY,1,E01009390,0,-1
2023552300192,2023,552300192,1,9,0,18,19,7,3,0,0,8,1,0,0,0,1,1,6,6,1,59,9,1298,1,21,SUZUKI JIMNY,1,E01015261,0,-1
2023071214488,2023,071214488,1,9,0,17,19,7,3,0,0,0,2,0,0,0,0,1,2,2,1,29,6,1328,1,15,SUZUKI JIMNY,9,E01007171,0,-1
2023201277821,2023,201277821,1,9,0,5,5,6,2,0,0,0,0,0,0,0,1,1,6,6,1,59,9,1328,1,15,SUZUKI JIMNY,6,E01031159,0,-1
2023440453165,2023,440453165,1,9,0,18,19,8,4,0,0,1,5,0,0,0,4,1,6,6,1,39,7,1328,1,20,SUZUKI JIMNY,-1,-1,0,-1
2023531300865,2023,531300865,2,9,0,18,19,5,1,0,0,8,0,0,0,0,1,1,5,6,1,63,9,1328,1,20,SUZUKI JIMNY,4,E01022250,0,-1
2023501362316,2023,501362316,2,9,0,18,19,7,4,0,0,1,0,0,0,0,1,1,5,6,2,56,9,1328,1,12,SUZUKI JIMNY,4,E01020070,0,-1
2023122300419,2023,122300419,2,9,0,18,19,1,5,0,0,1,0,0,0,0,1,1,6,6,1,81,11,1328,1,8,SUZUKI JIMNY,8,E01027631,0,-1
2023471342526,2023,471342526,1,9,0,18,19,5,1,0,0,1,0,2,0,0,1,1,5,6,2,78,11,1328,1,10,SUZUKI JIMNY,8,E01031694,0,-1
2023430546969,2023,430546969,1,9,0,17,19,6,3,0,0,0,2,0,7,10,3,1,6,6,2,58,9,1328,1,21,SUZUKI JIMNY,8,E01017738,0,-1
2023131314709,2023,131314709,1,9,0,18,19,1,5,0,0,0,0,0,0,0,1,1,6,6,2,44,7,1328,1,17,SUZUKI JIMNY,9,E01010764,0,-1
2023531287800,2023,531287800,1,9,0,18,19,6,2,0,0,3,0,0,1,10,1,1,1,1,1,57,9,1328,1,14,SUZUKI JIMNY,6,E01014891,0,-1
2023031302533,2023,031302533,1,9,0,18,19,8,5,0,0,0,5,10,1,0,4,1,5,6,1,34,6,1328,1,22,SUZUKI JIMNY,-1,-1,0,-1
2023010454575,2023,010454575,1,9,0,99,99,9,9,99,99,9,9,99,9,99,9,9,6,6,2,35,6,505,1,14,-1,1,E01000643,0,-1
2023141373202,2023,141373202,1,9,0,18,19,7,4,0,0,0,0,0,0,0,1,1,2,2,1,48,8,599,2,13,-1,1,E01007463,0,-1
2023451394126,2023,451394126,4,9,0,18,19,3,7,0,0,0,0,0,0,0,1,1,5,6,1,52,8,4735,1,6,-1,10,E01030627,0,-1
2023471271163,2023,471271163,1,9,0,9,9,1,7,0,0,5,0,0,0,0,1,1,5,6,1,63,9,3982,1,3,-1,10,E01031517,0,-1
2023010445563,2023,010445563,1,9,0,9,9,3,1,0,0,8,0,0,0,0,1,1,6,6,3,66,10,5340,1,35,-1,6,E01000857,0,-1
2023010455756,2023,010455756,1,9,0,18,19,3,7,0,0,8,0,0,0,0,0,1,6,6,3,-1,-1,4282,1,17,-1,-1,-1,0,-1
2023010465573,2023,010465573,2,9,0,99,99,9,9,99,99,9,9,99,9,99,1,9,6,6,3,-1,-1,3982,1,4,-1,-1,-1,0,-1
2023070501075,2023,070501075,2,9,0,7,7,8,4,0,0,5,0,0,0,0,4,1,6,6,1,48,8,2993,2,5,-1,5,E01018648,0,-1
2023451294691,2023,451294691,1,5,0,17,19,5,1,0,0,0,0,0,0,0,1,1,6,6,1,23,5,650,1,64,-1,7,E01023100,0,-1
2023440191629,2023,440191629,2,4,0,18,19,2,4,0,0,3,1,0,0,0,4,1,6,6,1,79,11,500,1,74,-1,3,E01032851,0,-1
2023332300843,2023,332300843,2,4,0,4,4,3,7,0,0,8,1,0,0,0,1,1,6,6,1,74,10,499,1,52,-1,5,E01029852,0,-1
2023122300503,2023,122300503,2,4,0,18,19,4,8,0,0,0,0,0,0,0,1,1,6,6,1,66,10,350,1,68,-1,-1,-1,0,-1
2023549285323,2023,549285323,2,5,0,4,4,3,7,0,0,1,0,0,0,0,2,1,6,6,1,64,9,654,1,-1,-1,5,E01032113,0,-1
2023451314306,2023,451314306,1,4,0,18,19,3,3,0,0,0,0,0,7,0,1,1,5,6,1,49,8,350,1,61,-1,10,E01030445,0,-1
2023501374660,2023,501374660,2,4,0,18,19,5,1,0,0,8,0,0,0,0,1,1,6,6,1,63,9,249,1,-1,-1,4,E01018881,0,-1
2023010482047,2023,010482047,2,9,0,99,99,9,9,99,99,9,9,99,9,99,9,9,6,6,3,-1,-1,1298,1,18,DAIHATSU SIRION,-1,-1,0,-1
2023440409317,2023,440409317,1,9,0,18,19,6,4,0,0,6,0,0,0,0,3,1,2,2,2,41,7,998,1,15,DAIHATSU SIRION,9,E01022639,0,-1
2023201316842,2023,201316842,1,9,0,18,19,4,8,0,0,8,0,0,0,0,1,1,6,6,1,42,7,1298,1,16,DAIHATSU SIRION,1,E01008978,0,-1
2023451359428,2023,451359428,1,9,0,4,4,1,5,0,0,4,0,0,0,0,1,1,5,6,2,70,10,989,1,23,DAIHATSU SIRION,8,E01030848,0,-1