collision_index,collision_year,collision_ref_no,vehicle_reference,vehicle_type,towing_and_articulation,vehicle_manoeuvre_historic,vehicle_manoeuvre,vehicle_direction_from,vehicle_direction_to,vehicle_location_restricted_lane_historic,vehicle_location_restricted_lane,junction_location,skidding_and_overturning,hit_object_in_carriageway,vehicle_leaving_carriageway,hit_object_off_carriageway,first_point_of_impact,vehicle_left_hand_drive,journey_purpose_of_driver_historic,journey_purpose_of_driver,sex_of_driver,age_of_driver,age_band_of_driver,engine_capacity_cc,propulsion_code,age_of_vehicle,generic_make_model,driver_imd_decile,lsoa_of_driver,escooter_flag,driver_distance_banding
2023061369036,2023,061369036,1,9,-1,-1,-1,-1,-1,-1,-1,0,-1,-1,-1,0,-1,1,6,6,3,-1,-1,1298,1,15,DAIHATSU SIRION,2,E01005125,0,-1
2023201416306,2023,201416306,2,9,0,4,4,8,4,0,0,8,0,0,0,0,1,1,6,6,2,-1,-1,1298,1,15,DAIHATSU SIRION,6,E01009452,0,-1
2023351311775,2023,351311775,1,9,0,9,9,-1,-1,0,0,1,0,0,0,0,1,1,6,6,1,43,7,1298,1,15,DAIHATSU SIRION,3,E01030114,0,-1
2023440400882,2023,440400882,1,9,0,5,5,2,6,0,0,1,0,0,0,0,1,1,6,6,2,19,4,998,1,17,DAIHATSU SIRION,2,E01017356,0,-1
2023361274944,2023,361274944,1,9,0,18,19,5,7,0,0,0,0,0,0,0,1,1,5,6,2,61,9,1298,1,17,DAIHATSU SIRION,-1,-1,0,-1
2023520300532,2023,520300532,1,9,0,18,19,6,2,0,0,8,0,0,0,0,1,1,6,6,2,32,6,1298,1,14,DAIHATSU SIRION,5,E01032629,0,-1
2023041310279,2023,041310279,1,9,0,17,19,1,5,0,0,0,5,0,0,0,4,1,5,6,1,18,4,1298,1,15,DAIHATSU SIRION,3,E01025097,0,-1
2023401307981,2023,401307981,1,9,0,9,9,1,5,9,9,2,0,0,0,0,1,1,5,6,2,87,11,1298,1,15,DAIHATSU SIRION,7,E01017420,0,-1
2023231357373,2023,231357373,1,9,0,18,19,3,7,0,0,6,0,0,1,11,3,1,1,1,1,36,7,1298,1,15,DAIHATSU SIRION,5,E01009548,0,-1
2023461317875,2023,461317875,1,9,0,18,19,7,3,0,0,0,0,0,0,0,1,1,6,6,1,68,10,998,1,15,DAIHATSU SIRION,4,E01018979,0,-1
2023501374920,2023,501374920,1,9,0,18,19,3,7,0,0,0,0,4,0,0,3,1,5,6,1,55,8,1298,1,19,DAIHATSU SIRION,3,E01015168,0,-1
2023461277379,2023,461277379,1,9,0,11,11,8,4,0,0,0,0,0,5,6,1,1,5,6,1,37,7,1298,1,15,DAIHATSU SIRION,6,E01014734,0,-1
2023401392751,2023,401392751,2,9,0,2,2,0,0,0,0,0,0,0,0,0,4,1,6,6,1,48,8,998,1,14,DAIHATSU SIRION,6,E01023413,0,-1
2023161293643,2023,161293643,1,9,0,18,19,2,6,0,0,8,0,0,0,0,4,1,5,6,2,43,7,998,1,18,DAIHATSU SIRION,5,E01012930,0,-1
2023061301066,2023,061301066,1,9,-1,-1,-1,-1,-1,-1,-1,-1,-1,-1,-1,0,-1,1,6,6,3,-1,-1,998,1,15,DAIHATSU SIRION,-1,-1,0,-1
2023461360291,2023,461360291,2,9,0,5,5,1,5,0,0,1,0,0,0,0,3,1,6,6,1,-1,-1,998,1,14,DAIHATSU SIRION,5,E01024229,0,-1
2023401286096,2023,401286096,1,9,0,7,7,1,3,0,0,1,0,0,0,0,1,1,2,2,1,40,7,998,1,15,DAIHATSU SIRION,5,E01015748,0,-1
2023361341655,2023,361341655,2,9,0,18,19,3,8,0,0,1,0,0,0,0,4,1,5,6,1,75,10,998,1,14,DAIHATSU SIRION,8,E01026889,0,-1
2023340NN1932,2023,340NN1932,2,9,0,3,3,1,5,0,0,1,0,0,0,0,2,1,6,6,2,77,11,998,1,17,DAIHATSU SIRION,7,E01027102,0,-1
2023131354585,2023,131354585,2,9,0,18,19,2,6,0,0,8,0,0,0,0,1,1,5,6,1,31,6,1298,1,14,DAIHATSU SIRION,2,E01011251,0,-1
2023010430907,2023,010430907,1,9,4,4,4,3,7,0,0,0,0,4,0,0,1,1,6,6,1,86,11,3980,1,28,-1,8,E01024024,0,-1
2023031363550,2023,031363550,1,5,0,13,13,3,7,0,0,1,0,0,0,0,1,1,5,6,1,59,9,999,1,19,-1,7,E01019331,0,-1
2023501322651,2023,501322651,2,5,0,9,9,5,3,0,0,8,0,0,0,0,1,1,6,6,1,59,9,1868,1,4,-1,8,E01022163,0,-1
2023351377029,2023,351377029,1,5,0,18,19,1,5,0,0,0,0,0,0,0,1,1,6,6,1,57,9,1745,1,5,-1,6,E01026135,0,-1
2023041329930,2023,041329930,2,5,0,18,19,3,5,0,0,4,0,0,0,0,4,1,5,6,1,49,8,1868,1,0,-1,7,E01012717,0,-1
2023221349080,2023,221349080,2,3,0,18,19,6,2,0,0,8,0,0,1,0,1,1,5,6,1,48,8,1868,1,1,-1,5,E01032385,0,-1
2023231350353,2023,231350353,1,3,0,18,19,2,6,0,0,8,0,0,0,0,1,1,6,6,1,20,4,124,1,37,-1,5,E01009712,0,-1
2023501345513,2023,501345513,3,9,0,18,19,1,5,0,0,8,0,0,0,0,3,1,6,6,1,60,9,-1,3,3,-1,5,E01018837,0,-1
2023461332741,2023,461332741,1,9,0,15,15,4,8,0,0,0,0,0,0,0,2,1,6,6,1,77,11,-1,3,2,-1,6,E01024016,0,-1
2023010471502,2023,010471502,1,9,0,9,9,1,6,0,0,1,0,0,0,0,1,1,3,7,2,50,8,-1,3,2,-1,3,E01002909,0,-1
2023010479585,2023,010479585,1,9,0,9,9,3,2,0,0,8,0,0,0,0,0,1,6,6,2,37,7,-1,3,2,-1,7,E01002836,0,-1
2023010475954,2023,010475954,2,9,0,99,99,9,9,99,99,9,9,99,9,99,9,9,6,6,3,-1,-1,-1,3,3,-1,-1,-1,0,-1
2023010420856,2023,010420856,3,9,0,3,3,1,5,0,0,1,0,0,0,0,2,1,6,6,2,49,8,-1,3,2,-1,9,E01002134,0,-1
2023211391190,2023,211391190,2,5,0,13,13,6,1,0,0,0,0,0,0,0,1,1,6,6,1,34,6,781,1,19,-1,1,E01014250,0,-1
2023471272162,2023,471272162,1,9,0,3,3,5,1,0,0,4,0,0,0,0,1,1,5,6,2,65,9,1086,1,16,HYUNDAI GETZ,6,E01031362,0,-1
2023471260121,2023,471260121,1,9,0,9,9,3,1,0,0,5,0,0,0,0,1,1,2,2,1,21,5,1493,2,15,HYUNDAI GETZ,6,E01031792,0,-1
2023451317829,2023,451317829,1,9,0,5,5,3,2,0,0,1,0,0,2,0,3,1,2,2,1,44,7,1399,1,15,HYUNDAI GETZ,6,E01030681,0,-1
2023311327124,2023,311327124,1,9,0,9,9,2,7,0,0,1,0,0,0,0,3,1,6,6,1,21,5,1086,1,16,HYUNDAI GETZ,9,E01028149,0,-1
2023201298967,2023,201298967,1,9,0,18,19,1,3,9,9,0,0,0,0,0,0,1,6,6,2,74,10,1086,1,18,HYUNDAI GETZ,3,E01010218,0,-1
2023010452583,2023,010452583,2,9,0,99,99,9,9,99,99,9,9,99,9,99,9,9,6,6,3,-1,-1,1086,1,17,HYUNDAI GETZ,-1,-1,0,-1
2023610004423,2023,610004423,2,9,0,18,19,6,2,0,0,0,0,0,7,1,1,1,6,6,2,25,5,1399,1,16,HYUNDAI GETZ,4,W01001524,0,-1
2023141270836,2023,141270836,1,9,0,18,19,4,1,0,0,1,0,0,0,0,2,1,5,6,2,72,10,1399,1,17,HYUNDAI GETZ,2,E01008057,0,-1
2023471374640,2023,471374640,1,9,0,18,19,7,3,0,0,4,0,0,0,0,1,1,2,2,2,47,8,1341,1,20,HYUNDAI GETZ,4,E01021224,0,-1
2023201387579,2023,201387579,1,9,0,5,5,8,4,0,0,0,0,0,0,0,2,1,6,6,1,20,4,1086,1,17,HYUNDAI GETZ,2,E01008883,0,-1
2023440152384,2023,440152384,1,9,0,18,19,2,6,0,0,8,1,0,0,0,3,1,3,7,1,60,9,1086,1,21,HYUNDAI GETZ,4,E01017164,0,-1
2023471367329,2023,471367329,2,9,0,18,19,8,5,0,0,8,0,0,0,0,4,1,5,6,2,19,4,1399,1,17,HYUNDAI GETZ,7,E01031781,0,-1
2023361291822,2023,361291822,2,9,0,18,19,3,7,0,0,0,0,0,0,0,4,1,3,7,1,57,9,1086,1,20,HYUNDAI GETZ,8,E01033538,0,-1
2023430173687,2023,430173687,1,9,0,18,19,5,1,0,0,8,0,0,0,0,4,1,2,2,2,59,9,1399,1,16,HYUNDAI GETZ,10,E01016645,0,-1
2023522400473,2023,522400473,1,9,0,7,7,2,4,9,9,8,0,0,0,0,4,1,6,6,3,-1,-1,1399,1,16,HYUNDAI GETZ,-1,-1,0,-1
2023520400308,2023,520400308,1,9,0,16,19,2,6,0,0,0,0,0,0,0,3,1,6,6,1,19,4,1086,1,15,HYUNDAI GETZ,3,E01029280,0,-1
2023440498851,2023,440498851,1,9,0,18,19,5,1,0,0,1,0,0,0,0,1,1,2,2,2,44,7,1341,1,19,HYUNDAI GETZ,3,E01017227,0,-1
2023031390479,2023,031390479,1,9,0,7,7,5,1,0,0,8,0,0,0,0,1,1,6,6,1,38,7,1493,2,16,HYUNDAI GETZ,7,E01019374,0,-1
2023440197177,2023,440197177,1,9,0,9,9,7,5,0,0,8,0,0,0,0,4,1,6,6,2,51,8,1086,1,19,HYUNDAI GETZ,9,E01022492,0,-1
2023320766163,2023,320766163,1,9,0,18,19,7,3,0,0,1,0,0,0,0,1,1,1,1,1,47,8,1399,1,15,HYUNDAI GETZ,4,E01026279,0,-1
2023421344461,2023,421344461,1,9,0,9,9,1,7,0,0,1,0,0,0,0,1,1,5,6,2,30,6,1399,1,16,HYUNDAI GETZ,2,E01021638,0,-1
2023421331654,2023,421331654,1,9,0,17,19,6,5,0,0,0,0,0,1,11,4,1,5,6,1,26,6,1399,1,15,HYUNDAI GETZ,6,E01021723,0,-1
2023552300188,2023,552300188,1,9,0,9,9,4,2,0,0,5,0,0,0,0,1,1,6,6,1,79,11,1086,1,18,HYUNDAI GETZ,7,E01020354,0,-1
2023131272511,2023,131272511,2,9,0,2,2,6,2,0,0,0,0,0,0,0,2,1,6,6,3,-1,-1,1086,1,15,HYUNDAI GETZ,-1,-1,0,-1
2023201453244,2023,201453244,2,9,0,3,3,2,6,0,0,0,0,0,0,0,2,1,6,6,1,21,5,1086,1,16,HYUNDAI GETZ,3,E01010496,0,-1
2023361358505,2023,361358505,3,9,0,10,10,4,2,0,0,1,0,0,0,0,2,1,1,1,2,40,7,1399,1,15,HYUNDAI GETZ,2,E01026865,0,-1
2023371278445,2023,371278445,1,9,0,18,19,8,4,0,0,2,0,0,0,0,4,1,1,1,1,51,8,1086,1,19,HYUNDAI GETZ,7,E01029974,0,-1
2023311346949,2023,311346949,1,9,0,9,9,6,2,0,0,1,0,0,0,0,1,1,1,1,1,50,8,1086,1,18,HYUNDAI GETZ,1,E01013824,0,-1
2023231272700,2023,231272700,2,9,0,4,4,2,6,0,0,0,0,0,0,0,2,1,5,6,2,23,5,1341,1,18,HYUNDAI GETZ,1,E01009659,0,-1
2023010459625,2023,010459625,1,9,0,9,9,1,7,99,99,9,0,99,9,99,1,1,6,6,3,-1,-1,1341,1,18,HYUNDAI GETZ,-1,-1,0,-1
2023010446324,2023,010446324,2,9,0,99,99,9,9,99,99,9,9,99,9,99,9,9,6,6,3,-1,-1,1341,1,19,HYUNDAI GETZ,-1,-1,0,-1
2023010433279,2023,010433279,1,9,9,17,19,1,5,0,0,5,9,0,0,0,4,1,6,6,1,37,7,1086,1,16,HYUNDAI GETZ,3,E01002585,0,-1
2023522300675,2023,522300675,2,9,0,18,19,1,5,0,0,0,0,0,0,0,1,1,6,6,2,55,8,1399,1,15,HYUNDAI GETZ,10,E01014761,0,-1
2023440249390,2023,440249390,1,9,0,3,3,2,6,0,0,1,0,0,0,0,2,1,6,6,1,22,5,1086,1,18,HYUNDAI GETZ,2,E01022818,0,-1
2023010456868,2023,010456868,1,9,0,18,19,5,1,0,0,8,0,0,0,0,1,1,6,6,1,55,8,1399,1,16,HYUNDAI GETZ,8,E01000453,0,-1
2023201395009,2023,201395009,2,9,0,2,2,0,0,0,0,0,0,0,0,0,4,1,6,6,1,25,5,1399,1,15,HYUNDAI GETZ,1,E01010039,0,-1
2023010473313,2023,010473313,2,9,0,99,99,9,9,99,99,9,9,99,9,99,1,9,6,6,3,-1,-1,1399,1,16,HYUNDAI GETZ,3,E01002058,0,-1
2023010429885,2023,010429885,4,9,0,4,4,1,5,0,0,1,0,0,0,0,0,1,6,6,1,27,6,1399,1,15,HYUNDAI GETZ,4,E01000611,0,-1
2023522301516,2023,522301516,2,9,0,18,19,8,4,0,0,6,0,0,0,0,1,1,6,6,2,-1,-1,1599,1,20,HYUNDAI GETZ,1,E01014597,0,-1
2023461316078,2023,461316078,1,9,0,7,7,7,1,0,0,1,5,10,7,0,3,1,5,6,1,84,11,1399,1,15,HYUNDAI GETZ,2,E01016161,0,-1
2023010423442,2023,010423442,1,9,0,7,7,6,8,0,0,1,0,0,0,0,4,1,3,7,1,38,7,1399,1,17,HYUNDAI GETZ,2,E01004613,0,-1
2023501324048,2023,501324048,2,9,0,16,19,6,2,0,0,0,0,0,0,0,1,1,2,2,1,24,5,1399,1,15,HYUNDAI GETZ,5,E01018900,0,-1
2023430125339,2023,430125339,1,9,0,18,19,4,8,0,0,1,0,0,0,0,1,1,6,6,1,60,9,1399,1,14,HYUNDAI GETZ,-1,-1,0,-1
2023041331821,2023,041331821,2,9,0,17,19,5,1,0,0,0,0,0,0,0,1,1,6,6,2,23,5,1399,1,18,HYUNDAI GETZ,5,E01025153,0,-1
2023411338151,2023,411338151,1,9,0,17,19,-1,-1,0,0,1,0,0,0,0,1,1,6,6,1,33,6,1493,2,17,HYUNDAI GETZ,4,E01017600,0,-1
2023471298568,2023,471298568,1,9,0,5,5,4,2,0,0,0,0,11,0,0,1,1,5,6,1,17,4,1086,1,15,HYUNDAI GETZ,8,E01031767,0,-1
2023440419698,2023,440419698,1,9,0,18,19,3,7,0,0,0,0,0,0,0,1,1,6,6,2,20,4,1086,1,17,HYUNDAI GETZ,3,E01022487,0,-1
2023421294871,2023,421294871,2,9,0,18,19,3,7,0,0,8,0,0,0,0,3,1,5,6,1,53,8,1399,1,15,HYUNDAI GETZ,2,E01015898,0,-1
2023520400722,2023,520400722,3,9,0,4,4,5,1,0,0,0,0,0,0,0,2,1,1,1,2,20,4,1341,1,18,HYUNDAI GETZ,6,E01029091,0,-1
2023522301820,2023,522301820,1,9,0,18,19,1,5,0,0,0,0,0,0,0,1,1,6,6,2,40,7,1341,1,19,HYUNDAI GETZ,10,E01014979,0,-1
2023461291528,2023,461291528,2,9,0,18,19,1,5,0,0,0,0,0,0,0,1,1,6,6,2,-1,-1,1086,1,16,HYUNDAI GETZ,3,E01016030,0,-1
2023371384118,2023,371384118,1,9,0,9,9,4,6,0,0,6,0,0,0,0,3,1,6,6,2,20,4,1086,1,16,HYUNDAI GETZ,6,E01030064,0,-1
2023421370435,2023,421370435,3,9,0,2,2,1,1,0,0,0,0,0,0,0,4,1,6,6,3,-1,-1,1086,1,14,HYUNDAI GETZ,-1,-1,0,-1
2023311282610,2023,311282610,1,9,0,18,19,2,2,0,0,0,0,0,0,0,1,1,3,7,2,32,6,1086,1,21,HYUNDAI GETZ,3,E01013934,0,-1
2023141356686,2023,141356686,3,9,0,2,2,0,0,9,9,1,0,0,0,0,4,1,6,6,3,-1,-1,1086,1,17,HYUNDAI GETZ,-1,-1,0,-1
2023010443543,2023,010443543,2,9,0,6,6,7,7,0,0,0,0,0,0,0,2,1,6,6,1,47,8,1399,1,17,HYUNDAI GETZ,7,E01004281,0,-1
2023471338223,2023,471338223,1,9,0,18,19,7,3,0,0,1,0,0,1,0,1,1,6,6,3,-1,-1,1086,1,18,HYUNDAI GETZ,-1,-1,0,-1
2023471335408,2023,471335408,1,9,0,18,19,3,7,0,0,0,0,0,0,0,1,1,5,6,1,20,4,1086,1,17,HYUNDAI GETZ,8,E01031346,0,-1
2023522301523,2023,522301523,1,9,0,18,19,2,6,0,0,0,0,0,0,0,4,1,6,6,1,20,4,1086,1,19,HYUNDAI GETZ,1,E01014486,0,-1
2023421311165,2023,421311165,1,9,0,4,4,7,3,0,0,2,0,0,0,0,2,1,6,6,2,19,4,1399,1,16,HYUNDAI GETZ,5,E01022034,0,-1
2023351362053,2023,351362053,1,9,0,18,19,8,4,0,0,4,0,0,0,0,1,1,6,6,1,-1,-1,1086,1,15,HYUNDAI GETZ,-1,-1,0,-1
2023201337531,2023,201337531,2,9,0,18,19,1,5,0,0,8,0,0,0,0,1,1,6,6,2,25,5,1399,1,15,HYUNDAI GETZ,3,E01010127,0,-1
2023010468614,2023,010468614,2,9,0,99,99,9,9,99,99,9,9,99,9,99,9,9,6,6,3,-1,-1,1086,1,17,HYUNDAI GETZ,-1,-1,0,-1
2023010473687,2023,010473687,2,9,0,99,99,9,9,99,99,9,9,99,9,99,1,9,6,6,1,33,6,1599,1,18,HYUNDAI GETZ,4,E01001724,0,-1
2023070586834,2023,070586834,2,9,0,18,19,7,3,0,0,0,0,0,0,0,2,1,6,6,1,44,7,1493,2,15,HYUNDAI GETZ,5,E01006896,0,-1
2023501374830,2023,501374830,1,9,0,18,19,5,8,0,0,6,0,0,0,0,4,1,6,6,1,31,6,1399,1,16,HYUNDAI GETZ,4,E01015178,0,-1
2023201295849,2023,201295849,2,9,0,5,5,1,6,0,0,6,0,0,0,0,1,1,6,6,1,39,7,1341,1,21,HYUNDAI GETZ,1,E01008065,0,-1
2023440108602,2023,440108602,2,9,0,18,19,4,8,0,0,4,0,0,0,0,3,1,6,6,2,22,5,1399,1,15,HYUNDAI GETZ,5,E01023086,0,-1
202360A152350,2023,60A152350,1,9,0,18,19,4,8,0,0,1,0,0,0,0,1,1,6,6,1,29,6,1086,1,15,HYUNDAI GETZ,-1,-1,0,-1
2023440093831,2023,440093831,2,9,0,18,19,2,6,0,0,0,0,0,0,0,4,1,6,6,1,31,6,1086,1,16,HYUNDAI GETZ,2,E01015288,0,-1
2023010447205,2023,010447205,1,9,0,18,19,5,1,0,0,1,0,0,0,0,1,1,6,6,1,29,6,1341,1,19,HYUNDAI GETZ,-1,-1,0,-1
2023991383060,2023,991383060,1,9,0,18,19,5,1,0,0,0,5,0,1,9,2,1,2,2,1,54,8,1341,1,18,HYUNDAI GETZ,5,-1,0,-1
2023010466785,2023,010466785,2,9,0,99,99,9,9,99,99,9,9,99,9,99,1,9,6,6,3,-1,-1,1086,1,21,HYUNDAI GETZ,-1,-1,0,-1
2023421286909,2023,421286909,1,9,0,9,9,1,5,0,0,1,0,0,0,0,3,1,6,6,2,75,10,1399,1,15,HYUNDAI GETZ,8,E01016001,0,-1
2023501329900,2023,501329900,1,9,0,17,19,3,5,9,9,0,0,10,1,11,1,1,5,6,1,80,11,1086,1,16,HYUNDAI GETZ,4,E01020041,0,-1
2023010455382,2023,010455382,1,9,0,99,99,9,9,99,99,9,9,99,9,99,1,9,6,6,1,68,10,1399,1,17,HYUNDAI GETZ,6,E01000816,0,-1
2023221283487,2023,221283487,2,9,0,18,19,1,5,0,0,6,0,0,0,0,1,1,5,6,1,29,6,1086,1,16,HYUNDAI GETZ,-1,-1,0,-1
2023010436090,2023,010436090,1,9,0,18,19,7,3,0,0,1,0,0,0,0,1,1,1,1,1,62,9,1399,1,15,HYUNDAI GETZ,2,E01000025,0,-1
2023061272236,2023,061272236,2,9,0,18,19,5,1,0,0,8,0,0,0,0,1,1,6,6,1,45,7,1399,1,17,HYUNDAI GETZ,3,E01005719,0,-1
2023471379674,2023,471379674,1,9,0,9,9,7,5,0,0,6,0,0,0,0,3,1,2,2,1,36,7,1086,1,17,HYUNDAI GETZ,10,E01031517,0,-1
2023451351416,2023,451351416,2,9,0,18,19,7,3,0,0,1,0,0,0,0,1,1,6,6,1,36,7,1399,1,16,HYUNDAI GETZ,6,E01030857,0,-1
2023320529674,2023,320529674,2,9,0,18,19,6,2,0,0,0,0,0,0,0,1,1,2,2,1,59,9,2993,2,7,-1,4,E01026041,0,-1
2023010421950,2023,010421950,2,9,0,18,19,1,5,0,0,0,0,6,1,0,2,1,6,6,1,29,6,1999,2,6,JAGUAR F-PACE,5,E01003703,0,-1
2023461389981,2023,461389981,1,9,0,18,19,5,3,0,0,0,0,0,0,0,-1,1,6,6,1,62,9,1999,2,4,JAGUAR F-PACE,-1,-1,0,-1
2023401373897,2023,401373897,2,9,0,3,3,6,2,0,0,1,0,0,0,0,2,1,6,6,2,23,5,1999,2,5,JAGUAR F-PACE,2,E01015702,0,-1
2023552300177,2023,552300177,1,9,0,17,19,6,3,0,0,1,0,0,0,0,3,1,6,6,1,73,10,1999,2,7,JAGUAR F-PACE,6,E01015454,0,-1
2023010459740,2023,010459740,2,9,0,99,99,9,9,99,99,9,9,99,9,99,1,9,6,6,3,-1,-1,2995,1,5,JAGUAR F-PACE,7,E01000197,0,-1
2023010482102,2023,010482102,3,9,0,18,19,7,3,0,0,0,0,0,0,0,4,1,6,6,1,47,8,2993,2,8,JAGUAR F-PACE,1,E01003511,0,-1
2023010476830,2023,010476830,2,9,0,9,9,5,2,0,0,6,0,0,0,0,1,1,1,1,2,42,7,2993,2,7,JAGUAR F-PACE,-1,-1,0,-1
2023531367026,2023,531367026,1,9,0,18,19,7,3,0,0,2,0,0,0,0,1,1,2,2,2,52,8,1998,2,2,JAGUAR F-PACE,2,E01022458,0,-1
2023501292935,2023,501292935,2,9,0,18,19,5,1,0,0,0,0,0,0,0,1,1,5,6,2,51,8,1999,2,5,JAGUAR F-PACE,4,E01020287,0,-1
2023311324865,2023,311324865,2,9,0,2,2,0,0,0,0,2,0,0,0,0,1,1,6,6,3,-1,-1,1999,2,4,JAGUAR F-PACE,-1,-1,0,-1
2023430039161,2023,430039161,1,9,0,18,19,2,6,0,0,1,0,0,0,0,4,1,6,6,1,52,8,1997,1,2,JAGUAR F-PACE,2,E01028435,0,-1
2023351301964,2023,351301964,1,9,0,18,19,3,7,0,0,0,1,0,4,6,1,1,6,6,2,25,5,2993,2,5,JAGUAR F-PACE,9,E01015598,0,-1
2023411312927,2023,411312927,1,9,0,18,19,2,6,0,0,2,1,4,0,0,1,1,5,6,2,39,7,1997,1,4,JAGUAR F-PACE,8,E01023312,0,-1
2023461303303,2023,461303303,2,9,0,9,9,3,7,0,0,1,0,0,0,0,1,1,6,6,1,59,9,1999,2,7,JAGUAR F-PACE,8,E01024057,0,-1
2023531422241,2023,531422241,1,9,0,18,19,1,5,0,0,1,0,0,0,0,1,1,6,6,1,69,10,5000,1,4,JAGUAR F-PACE,7,E01022205,0,-1
2023122300535,2023,122300535,2,9,0,17,19,6,2,0,0,0,1,0,1,0,3,1,6,6,2,54,8,1999,2,4,JAGUAR F-PACE,10,E01027903,0,-1
2023440000351,2023,440000351,1,9,0,8,8,2,4,0,0,1,0,0,0,0,2,1,6,6,2,29,6,1997,1,4,JAGUAR F-PACE,-1,-1,0,-1
2023161362085,2023,161362085,1,9,0,11,11,1,5,0,0,0,0,0,0,0,2,1,5,6,2,52,8,1999,2,5,JAGUAR F-PACE,10,E01013064,0,-1
2023010465664,2023,010465664,1,9,0,10,10,5,3,0,0,1,0,0,0,0,1,1,3,7,1,58,9,1998,2,1,JAGUAR F-PACE,7,E01001474,0,-1
2023451307078,2023,451307078,2,9,0,18,19,5,1,0,0,1,0,0,0,0,2,1,5,6,2,60,9,1997,1,5,JAGUAR F-PACE,10,E01016603,0,-1
2023010419324,2023,010419324,1,9,0,4,4,5,1,0,0,2,0,0,0,0,2,1,6,6,1,54,8,1999,2,3,JAGUAR F-PACE,9,E01003899,0,-1
2023421371443,2023,421371443,1,9,0,18,19,2,3,0,0,1,0,0,0,0,1,1,6,6,3,-1,-1,1999,2,7,JAGUAR F-PACE,-1,-1,0,-1
2023010461847,2023,010461847,2,9,0,18,19,7,3,0,0,1,0,0,0,0,2,1,6,6,1,50,8,1998,2,2,JAGUAR F-PACE,7,E01024035,0,-1
2023501301775,2023,501301775,3,9,0,18,19,7,3,0,0,0,0,0,0,0,1,1,5,6,1,53,8,1999,2,5,JAGUAR F-PACE,1,E01015180,0,-1
2023440132548,2023,440132548,3,9,0,18,19,7,3,0,0,0,0,0,0,0,1,1,6,6,3,-1,-1,1998,2,2,JAGUAR F-PACE,-1,-1,0,-1
2023471283081,2023,471283081,1,9,0,9,9,3,7,0,0,0,0,0,0,0,3,1,5,6,2,52,8,1997,1,2,JAGUAR F-PACE,6,E01002656,0,-1
2023421261737,2023,421261737,2,9,0,17,19,3,7,0,0,8,0,0,0,0,1,1,5,6,1,67,10,1998,2,2,JAGUAR F-PACE,7,E01029911,0,-1
2023010422096,2023,010422096,2,9,0,4,4,2,6,0,0,1,0,0,0,0,3,1,6,6,2,60,9,1997,1,4,JAGUAR F-PACE,5,E01001524,0,-1
2023430162636,2023,430162636,3,9,0,3,3,1,5,0,0,0,0,0,0,0,2,1,2,2,1,39,7,1997,8,1,JAGUAR F-PACE,-1,-1,0,-1
2023421381750,2023,421381750,2,9,0,18,19,7,3,0,0,8,0,0,0,0,1,1,6,6,1,67,10,1997,1,5,JAGUAR F-PACE,9,E01021893,0,-1
2023201281703,2023,201281703,1,9,0,3,3,3,7,0,0,0,0,0,0,0,2,1,6,6,1,60,9,1999,2,4,JAGUAR F-PACE,7,E01010078,0,-1
2023991378410,2023,991378410,2,9,0,4,4,7,4,0,0,0,0,0,0,0,1,2,2,2,2,44,7,1998,2,1,JAGUAR F-PACE,7,-1,0,-1
2023231304379,2023,231304379,2,9,0,7,7,4,7,0,0,5,0,0,0,0,3,1,6,6,2,45,7,1999,2,7,JAGUAR F-PACE,10,E01031304,0,-1
2023471329788,2023,471329788,3,9,0,18,19,3,7,0,0,1,0,10,1,10,1,1,5,6,1,43,7,2993,2,3,JAGUAR F-PACE,8,E01031466,0,-1
2023052300430,2023,052300430,1,9,0,5,5,1,5,0,0,1,0,0,0,0,1,1,2,2,2,40,7,1999,2,5,JAGUAR F-PACE,7,E01006685,0,-1
2023531378391,2023,531378391,2,9,0,17,19,5,3,0,0,8,0,0,0,0,3,1,6,6,2,68,10,1997,8,0,JAGUAR F-PACE,10,E01014716,0,-1
2023141359523,2023,141359523,1,9,0,18,19,2,6,0,0,0,1,10,7,0,4,1,2,2,2,32,6,2993,2,7,JAGUAR F-PACE,1,E01019527,0,-1
2023471279312,2023,471279312,2,9,0,3,3,2,6,0,0,1,0,0,0,0,2,2,5,6,2,30,6,1999,2,5,JAGUAR F-PACE,10,E01028656,0,-1
2023361363810,2023,361363810,1,9,0,1,1,1,5,0,0,1,0,0,0,0,2,1,5,6,1,32,6,1999,2,6,JAGUAR F-PACE,7,E01026539,0,-1
2023991345084,2023,991345084,1,9,0,5,5,5,3,0,0,4,0,0,0,0,1,1,6,6,1,59,9,1998,2,0,JAGUAR F-PACE,6,-1,0,-1
2023122400082,2023,122400082,1,9,0,18,19,7,3,0,0,1,5,0,1,1,3,1,6,6,1,61,9,1998,2,1,JAGUAR F-PACE,9,E01011712,0,-1
2023010463003,2023,010463003,1,9,0,10,10,1,7,0,0,2,0,0,0,0,3,1,6,6,2,36,7,1999,2,5,JAGUAR F-PACE,-1,-1,0,-1
2023010475533,2023,010475533,2,9,9,99,99,9,9,99,99,9,9,99,9,99,9,9,6,6,3,-1,-1,1999,2,5,JAGUAR F-PACE,-1,-1,0,-1
2023430070342,2023,430070342,1,9,0,18,19,4,8,0,0,1,0,0,0,0,1,1,1,1,1,35,6,2993,2,6,JAGUAR F-PACE,-1,-1,0,-1