collision_index,collision_year,collision_ref_no,vehicle_reference,vehicle_type,towing_and_articulation,vehicle_manoeuvre_historic,vehicle_manoeuvre,vehicle_direction_from,vehicle_direction_to,vehicle_location_restricted_lane_historic,vehicle_location_restricted_lane,junction_location,skidding_and_overturning,hit_object_in_carriageway,vehicle_leaving_carriageway,hit_object_off_carriageway,first_point_of_impact,vehicle_left_hand_drive,journey_purpose_of_driver_historic,journey_purpose_of_driver,sex_of_driver,age_of_driver,age_band_of_driver,engine_capacity_cc,propulsion_code,age_of_vehicle,generic_make_model,driver_imd_decile,lsoa_of_driver,escooter_flag,driver_distance_banding
2023451368475,2023,451368475,2,9,0,18,19,3,1,0,0,2,0,0,0,0,1,1,6,6,1,75,10,1999,2,7,JAGUAR F-PACE,10,E01030303,0,-1
2023131312563,2023,131312563,1,9,0,18,19,1,5,0,0,0,0,0,0,0,1,1,5,6,1,18,4,1998,2,0,JAGUAR F-PACE,8,E01011825,0,-1
2023451266395,2023,451266395,2,9,0,9,9,5,3,0,0,5,0,0,0,0,2,1,5,6,1,56,9,1997,1,4,JAGUAR F-PACE,9,E01030309,0,-1
2023141271859,2023,141271859,1,9,0,5,5,5,1,0,0,6,0,0,0,0,1,1,2,2,2,56,9,1999,2,5,JAGUAR F-PACE,8,E01008048,0,-1
2023010478058,2023,010478058,1,9,0,18,19,3,7,0,0,1,0,0,0,0,3,1,6,6,1,56,9,1999,2,7,JAGUAR F-PACE,2,E01001827,0,-1
2023461378052,2023,461378052,1,9,0,18,19,5,1,0,0,0,1,0,0,0,3,1,6,6,2,43,7,1999,2,3,JAGUAR F-PACE,2,E01003299,0,-1
2023010461719,2023,010461719,1,8,0,18,19,3,7,0,0,8,0,0,0,0,1,1,6,6,1,54,8,1999,2,7,-1,6,E01002204,0,-1
2023041268561,2023,041268561,2,9,0,17,19,2,5,0,0,1,0,0,0,0,1,1,5,6,2,25,5,1999,2,3,JAGUAR F-PACE,7,E01025448,0,-1
2023201277775,2023,201277775,2,9,0,3,3,4,8,0,0,1,0,0,0,0,2,1,6,6,1,28,6,1999,2,4,JAGUAR F-PACE,7,E01010138,0,-1
2023141357050,2023,141357050,3,9,0,2,2,0,0,0,0,0,0,0,0,0,2,1,6,6,3,-1,-1,2993,2,7,JAGUAR F-PACE,-1,-1,0,-1
2023440309278,2023,440309278,2,9,0,17,19,4,8,0,0,0,0,0,0,0,1,1,6,6,1,56,9,1999,2,5,JAGUAR F-PACE,8,E01022627,0,-1
2023340NN0282,2023,340NN0282,1,9,0,1,1,3,7,9,9,8,0,0,0,0,2,1,6,6,1,54,8,1999,2,4,JAGUAR F-PACE,9,E01027080,0,-1
2023010467255,2023,010467255,1,9,0,6,6,4,4,0,0,1,0,0,0,0,1,1,6,6,1,33,6,1998,2,2,JAGUAR F-PACE,3,E01003141,0,-1
2023471360720,2023,471360720,1,9,0,2,2,0,0,0,0,0,0,0,0,0,4,1,6,6,3,-1,-1,1997,8,1,JAGUAR F-PACE,-1,-1,0,-1
2023052301667,2023,052301667,2,9,0,7,7,5,7,0,0,0,0,0,0,0,4,1,6,6,1,37,7,5000,1,1,JAGUAR F-PACE,4,E01007160,0,-1
2023302300475,2023,302300475,4,9,0,18,19,4,8,0,0,0,0,0,0,0,1,1,1,1,1,58,9,1999,2,4,JAGUAR F-PACE,9,E01025777,0,-1
2023201287766,2023,201287766,1,9,0,18,19,2,6,0,0,0,0,0,0,0,1,1,6,6,2,-1,-1,1999,2,3,JAGUAR F-PACE,5,E01032169,0,-1
2023522300098,2023,522300098,1,9,0,7,7,1,3,0,0,1,0,0,0,0,3,1,6,6,1,40,7,1999,2,5,JAGUAR F-PACE,10,E01010155,0,-1
2023201277817,2023,201277817,2,9,0,3,3,5,1,0,0,0,0,0,0,0,2,1,6,6,1,58,9,1998,2,1,JAGUAR F-PACE,10,E01010108,0,-1
2023201322732,2023,201322732,2,9,0,3,3,7,3,0,0,1,0,0,0,0,4,1,6,6,2,41,7,1999,2,4,JAGUAR F-PACE,5,E01010000,0,-1
2023401286543,2023,401286543,1,9,0,7,7,2,4,0,0,1,0,0,0,0,1,1,6,6,2,33,6,1999,2,4,JAGUAR F-PACE,5,E01017390,0,-1
2023351367297,2023,351367297,1,9,0,18,19,1,5,0,0,8,0,0,0,0,3,1,2,2,1,23,5,1997,8,0,JAGUAR F-PACE,7,E01018279,0,-1
2023361294850,2023,361294850,2,9,0,2,2,0,0,0,0,0,0,4,0,0,2,1,5,6,1,47,8,1997,1,6,JAGUAR F-PACE,-1,-1,0,-1
2023201379619,2023,201379619,2,9,0,18,19,6,2,0,0,2,0,10,1,11,4,1,6,6,2,28,6,1999,2,6,JAGUAR F-PACE,6,E01031099,0,-1
2023461265770,2023,461265770,2,9,0,18,19,3,7,0,0,0,1,0,0,0,1,1,6,6,1,27,6,1999,2,5,JAGUAR F-PACE,-1,-1,0,-1
2023461343921,2023,461343921,2,9,0,4,4,3,7,0,0,0,0,0,0,0,2,1,5,6,1,60,9,1999,2,4,JAGUAR F-PACE,6,E01024704,0,-1
2023031375748,2023,031375748,2,9,0,18,19,7,3,0,0,0,0,0,0,0,3,1,6,6,2,69,10,1999,2,7,JAGUAR F-PACE,9,E01019300,0,-1
2023201411044,2023,201411044,2,9,0,18,19,5,1,0,0,8,0,0,0,0,3,1,6,6,3,45,7,2997,2,2,JAGUAR F-PACE,1,E01010060,0,-1
2023311360929,2023,311360929,1,9,0,18,19,7,3,0,0,0,0,0,0,0,3,1,6,6,1,37,7,1999,2,5,JAGUAR F-PACE,7,E01028270,0,-1
2023421376934,2023,421376934,2,9,0,18,19,1,5,0,0,0,0,0,0,0,3,1,5,6,2,33,6,1999,2,4,JAGUAR F-PACE,1,E01021990,0,-1
2023101364954,2023,101364954,3,9,0,3,3,1,5,0,0,2,0,0,0,0,0,1,5,6,1,68,10,1998,2,2,JAGUAR F-PACE,8,E01027372,0,-1
2023010473810,2023,010473810,1,9,0,99,99,9,9,99,99,9,9,99,9,99,2,9,6,6,2,33,6,1999,2,5,JAGUAR F-PACE,6,E01001917,0,-1
2023041357863,2023,041357863,1,9,0,18,19,5,1,1,1,0,0,0,0,0,1,1,6,6,1,42,7,1999,2,6,JAGUAR F-PACE,8,E01018403,0,-1
2023201403500,2023,201403500,2,9,0,18,19,8,4,0,0,1,0,0,0,0,1,1,3,7,2,50,8,1997,1,5,JAGUAR F-PACE,10,E01032145,0,-1
2023010483099,2023,010483099,1,9,0,3,3,1,5,0,0,1,0,0,0,0,4,1,4,7,1,32,6,1999,2,4,JAGUAR F-PACE,7,E01024801,0,-1
2023332300998,2023,332300998,1,9,0,7,7,3,5,0,0,5,0,0,0,0,4,1,6,6,1,44,7,1999,2,3,JAGUAR F-PACE,6,E01025655,0,-1
2023041302294,2023,041302294,2,9,0,18,19,8,4,0,0,2,0,0,0,0,1,1,6,6,2,44,7,1999,2,5,JAGUAR F-PACE,4,E01024919,0,-1
2023302300337,2023,302300337,1,9,0,18,19,2,6,0,0,0,0,0,0,0,4,1,6,6,3,-1,-1,1999,2,6,JAGUAR F-PACE,5,E01019456,0,-1
2023351363504,2023,351363504,4,9,0,2,2,0,0,0,0,0,0,0,0,0,1,1,6,6,2,31,6,1999,2,5,JAGUAR F-PACE,7,E01029901,0,-1
2023421263491,2023,421263491,2,9,0,18,19,2,6,0,0,0,0,0,0,0,1,1,6,6,1,66,10,1999,2,6,JAGUAR F-PACE,-1,-1,0,-1
2023071206176,2023,071206176,1,9,0,18,19,4,7,0,0,0,1,0,0,0,1,1,6,6,1,-1,-1,5000,1,1,JAGUAR F-PACE,-1,-1,0,-1
2023010479294,2023,010479294,2,9,0,15,15,5,1,0,0,1,0,0,0,0,2,1,6,6,3,-1,-1,1999,2,6,JAGUAR F-PACE,-1,-1,0,-1
2023311390026,2023,311390026,2,9,0,4,4,8,4,0,0,1,0,0,0,0,1,1,5,6,2,49,8,1999,2,3,JAGUAR F-PACE,9,E01028200,0,-1
2023430327028,2023,430327028,1,9,0,9,9,6,4,0,0,8,0,0,0,0,3,1,6,6,1,71,10,2997,2,0,JAGUAR F-PACE,7,E01016802,0,-1
2023221388313,2023,221388313,1,9,0,18,19,7,3,0,0,0,0,0,4,6,1,1,2,2,2,47,8,1999,2,7,JAGUAR F-PACE,8,E01014167,0,-1
2023161263115,2023,161263115,2,9,0,4,4,3,7,0,0,0,0,0,0,0,2,1,2,2,1,56,9,2995,1,6,JAGUAR F-PACE,3,E01013286,0,-1
2023461313210,2023,461313210,2,9,0,18,19,3,7,0,0,0,0,0,0,0,2,1,2,2,1,56,9,1999,2,7,JAGUAR F-PACE,7,E01024140,0,-1
2023131378618,2023,131378618,2,9,0,18,19,1,5,0,0,1,0,0,0,0,2,1,6,6,2,44,7,1999,2,5,JAGUAR F-PACE,8,E01011884,0,-1
2023201366816,2023,201366816,1,9,0,18,19,6,2,0,0,2,0,0,0,0,4,1,6,6,1,32,6,1999,2,5,JAGUAR F-PACE,4,E01008973,0,-1
2023010444529,2023,010444529,1,9,0,18,19,3,7,0,0,1,0,0,0,0,4,1,2,2,1,50,8,1999,2,6,JAGUAR F-PACE,4,E01004765,0,-1
2023131275127,2023,131275127,3,9,0,3,3,5,1,0,0,0,0,0,0,0,2,1,6,6,1,61,9,2996,1,2,JAGUAR F-PACE,8,E01011243,0,-1
2023010429162,2023,010429162,2,9,0,18,19,1,5,0,0,4,0,0,0,0,1,1,6,6,1,42,7,1999,2,3,JAGUAR F-PACE,-1,-1,0,-1
2023052301208,2023,052301208,1,9,0,18,19,5,1,0,0,0,0,0,0,0,3,1,2,2,3,-1,-1,1999,2,7,JAGUAR F-PACE,-1,-1,0,-1
2023141399691,2023,141399691,1,9,0,18,19,7,3,0,0,0,0,0,0,0,1,1,2,2,1,63,9,1997,8,0,JAGUAR F-PACE,7,E01007834,0,-1
2023161390464,2023,161390464,2,9,0,18,19,6,2,0,0,0,0,0,0,0,1,1,5,6,2,18,4,1998,2,1,JAGUAR F-PACE,10,E01013114,0,-1
2023361343530,2023,361343530,2,9,0,10,10,3,7,0,0,0,0,0,0,0,2,1,2,2,1,57,9,1997,1,4,JAGUAR F-PACE,9,E01026448,0,-1
2023531302565,2023,531302565,1,9,0,18,19,8,4,0,0,0,0,0,0,0,1,1,5,6,1,58,9,1997,1,2,JAGUAR F-PACE,7,E01014028,0,-1
2023131314558,2023,131314558,2,9,0,18,19,7,3,0,0,8,0,0,0,0,3,1,5,6,1,30,6,5000,1,2,JAGUAR F-PACE,2,E01011852,0,-1
2023302301162,2023,302301162,1,9,0,4,4,6,2,0,0,0,0,0,0,0,2,1,6,6,1,52,8,2993,2,5,JAGUAR F-PACE,6,E01026398,0,-1
2023440473537,2023,440473537,1,9,0,18,19,6,2,0,0,1,0,0,0,0,1,1,6,6,3,-1,-1,1999,2,5,JAGUAR F-PACE,-1,-1,0,-1
2023451313713,2023,451313713,2,9,0,18,19,5,1,0,0,0,0,0,0,0,2,1,5,6,1,72,10,1999,2,7,JAGUAR F-PACE,6,E01022736,0,-1
2023471332295,2023,471332295,1,9,0,18,19,1,5,0,0,0,0,0,0,0,1,1,5,6,1,46,8,2993,2,6,JAGUAR F-PACE,7,E01031421,0,-1
2023231342586,2023,231342586,1,9,0,13,13,6,2,0,0,1,0,0,0,0,1,1,6,6,2,77,11,1997,1,2,JAGUAR F-PACE,7,E01022182,0,-1
2023010473665,2023,010473665,1,9,0,99,99,9,9,99,99,0,9,99,9,99,2,9,6,6,1,39,7,1997,1,5,JAGUAR F-PACE,6,E01030714,0,-1
2023440352540,2023,440352540,3,9,0,2,2,0,0,0,0,0,0,0,0,0,1,1,6,6,3,-1,-1,1999,2,7,JAGUAR F-PACE,-1,-1,0,-1
2023451312167,2023,451312167,1,9,0,18,19,1,5,0,0,0,0,0,0,0,3,1,5,6,1,40,7,1999,2,5,JAGUAR F-PACE,-1,-1,0,-1
2023311365141,2023,311365141,3,9,0,18,19,6,2,0,0,0,0,0,0,0,1,1,6,6,1,79,11,1999,2,6,JAGUAR F-PACE,10,E01028315,0,-1
2023522301710,2023,522301710,1,9,0,18,19,7,3,0,0,0,0,0,1,2,4,1,6,6,1,38,7,1997,1,5,JAGUAR F-PACE,2,E01014828,0,-1
2023052301414,2023,052301414,1,9,0,6,6,1,1,0,0,1,0,0,0,0,3,1,6,6,1,66,10,2993,2,6,JAGUAR F-PACE,9,E01006796,0,-1
2023010437724,2023,010437724,1,9,0,99,99,9,9,99,99,0,9,99,9,99,1,9,6,6,1,51,8,1999,2,5,JAGUAR F-PACE,8,E01003856,0,-1
2023351280845,2023,351280845,2,9,0,18,19,5,1,0,0,0,0,0,0,0,1,1,1,1,3,31,6,1999,2,7,JAGUAR F-PACE,-1,-1,0,-1
2023622301063,2023,622301063,2,9,0,2,2,0,0,0,0,1,0,0,0,0,2,1,6,6,3,-1,-1,1999,2,4,JAGUAR F-PACE,-1,-1,0,-1
2023421322885,2023,421322885,2,9,0,18,19,3,3,0,0,0,0,0,1,0,3,1,6,6,1,49,8,2993,2,7,JAGUAR F-PACE,8,E01021936,0,-1
2023131271128,2023,131271128,2,9,0,18,19,1,5,0,0,0,0,0,0,0,2,1,6,6,2,55,8,1999,2,4,JAGUAR F-PACE,7,E01011013,0,-1
2023471334027,2023,471334027,1,9,0,18,19,2,6,0,0,2,0,0,0,0,-1,1,6,6,1,67,10,1999,2,7,JAGUAR F-PACE,6,E01031520,0,-1
2023141332135,2023,141332135,2,9,0,18,19,1,4,0,0,1,0,0,0,0,1,1,2,2,1,47,8,1997,1,3,JAGUAR F-PACE,8,E01007502,0,-1
2023041327472,2023,041327472,2,9,0,4,4,3,7,0,0,0,0,0,0,0,2,1,5,6,2,37,7,1999,2,5,JAGUAR F-PACE,7,E01025279,0,-1
2023501303024,2023,501303024,2,9,0,3,3,2,6,0,0,0,0,0,0,0,1,1,5,6,1,60,9,2997,2,2,JAGUAR F-PACE,7,E01020341,0,-1
2023010465458,2023,010465458,1,9,0,5,5,5,1,0,0,0,0,0,0,0,4,1,3,7,1,65,9,2993,2,5,JAGUAR F-PACE,-1,-1,0,-1
2023131375029,2023,131375029,3,9,0,3,3,2,6,0,0,2,0,0,0,0,2,1,2,2,1,53,8,1999,2,6,JAGUAR F-PACE,10,E01010697,0,-1
2023041301550,2023,041301550,2,9,0,2,2,3,7,0,0,0,0,0,0,0,2,1,1,1,2,47,8,1999,2,6,JAGUAR F-PACE,5,E01024888,0,-1
2023041305706,2023,041305706,1,9,0,18,19,7,3,9,9,1,0,0,0,0,0,1,6,6,1,78,11,1999,2,4,JAGUAR F-PACE,7,E01025029,0,-1
2023061349638,2023,061349638,2,9,0,18,19,7,3,0,0,0,0,0,0,0,0,1,6,6,1,62,9,2993,2,7,JAGUAR F-PACE,2,E01005222,0,-1
2023061379937,2023,061379937,3,9,0,3,3,5,1,0,0,0,0,0,0,0,2,1,6,6,2,48,8,1999,2,7,JAGUAR F-PACE,-1,-1,0,-1
2023430231653,2023,430231653,2,9,0,18,19,2,6,0,0,8,0,0,0,0,3,1,6,6,2,65,9,1999,2,7,JAGUAR F-PACE,-1,-1,0,-1
2023131376124,2023,131376124,1,9,0,18,19,1,6,0,0,0,0,0,0,0,1,1,6,6,3,-1,-1,1997,1,3,JAGUAR F-PACE,-1,-1,0,-1
2023461312899,2023,461312899,2,9,0,18,19,8,4,0,0,0,0,0,0,0,1,1,6,6,1,47,8,2993,2,7,JAGUAR F-PACE,4,E01024541,0,-1
2023461294725,2023,461294725,1,9,0,5,5,5,3,0,0,1,0,0,0,0,1,1,5,6,1,61,9,1999,2,6,JAGUAR F-PACE,5,E01024654,0,-1
2023302301522,2023,302301522,2,9,0,18,19,2,6,0,0,0,0,0,0,0,2,1,6,6,2,46,8,2993,2,6,JAGUAR F-PACE,1,E01028276,0,-1
2023010424701,2023,010424701,2,9,9,99,99,9,9,99,99,9,9,99,9,99,1,9,6,6,3,-1,-1,1999,2,7,JAGUAR F-PACE,-1,-1,0,-1
2023311383518,2023,311383518,1,9,0,9,9,3,1,0,0,0,0,0,1,0,0,2,1,1,1,40,7,1999,2,6,JAGUAR F-PACE,-1,-1,0,-1
2023161355858,2023,161355858,2,9,0,18,19,3,7,0,0,0,0,0,0,0,2,1,5,6,1,62,9,1998,2,2,JAGUAR F-PACE,10,E01013012,0,-1
2023461382956,2023,461382956,3,9,0,3,3,8,4,0,0,0,0,0,0,0,2,1,6,6,2,40,7,1998,2,2,JAGUAR F-PACE,9,E01016103,0,-1
2023451320506,2023,451320506,1,9,0,18,19,5,1,0,0,1,0,0,0,0,1,1,5,6,1,42,7,1999,2,5,JAGUAR F-PACE,9,E01030705,0,-1
2023622300997,2023,622300997,2,9,0,18,19,2,6,0,0,0,0,0,0,0,1,1,6,6,2,34,6,1999,2,6,JAGUAR F-PACE,6,W01001680,0,-1
2023221325705,2023,221325705,2,9,0,2,2,0,0,0,0,2,0,0,0,0,2,1,5,6,2,67,10,1999,2,4,JAGUAR F-PACE,5,E01014050,0,-1
2023141388278,2023,141388278,1,9,0,2,2,0,0,0,0,0,0,0,0,0,2,1,6,6,3,-1,-1,1999,2,4,JAGUAR F-PACE,-1,-1,0,-1
2023361347813,2023,361347813,2,9,0,18,19,-1,-1,0,0,1,0,0,0,0,1,1,5,6,1,64,9,5000,1,1,JAGUAR F-PACE,6,E01026896,0,-1
2023522401103,2023,522401103,2,9,0,18,19,6,2,0,0,8,0,0,0,0,4,1,6,6,1,59,9,1999,2,3,JAGUAR F-PACE,10,E01027291,0,-1
2023031322248,2023,031322248,1,9,0,18,19,5,1,0,0,0,0,0,7,0,1,1,6,6,1,48,8,2993,2,7,JAGUAR F-PACE,3,E01019126,0,-1
2023010471443,2023,010471443,1,9,0,18,19,7,3,0,0,8,0,0,0,0,4,1,6,6,1,64,9,1999,2,4,JAGUAR F-PACE,7,E01000693,0,-1
2023451315973,2023,451315973,2,9,0,18,19,5,1,0,0,0,0,0,0,0,1,1,5,6,2,49,8,1997,1,5,JAGUAR F-PACE,10,E01030378,0,-1
2023501325433,2023,501325433,1,9,0,9,9,7,4,0,0,2,0,0,0,0,3,1,6,6,1,72,10,1998,2,2,JAGUAR F-PACE,6,E01018753,0,-1
2023201274809,2023,201274809,1,9,0,7,7,7,2,0,0,4,0,0,0,0,1,1,6,6,1,31,6,1999,2,7,JAGUAR F-PACE,1,E01010410,0,-1
2023131321598,2023,131321598,2,9,0,2,2,2,6,0,0,2,0,0,0,0,4,1,5,6,2,33,6,1999,2,5,JAGUAR F-PACE,6,E01011490,0,-1
2023531293765,2023,531293765,1,9,0,9,9,8,5,0,0,6,0,0,0,0,4,1,5,6,2,36,7,1999,2,7,JAGUAR F-PACE,1,E01022347,0,-1
2023010453228,2023,010453228,2,9,0,18,19,5,1,0,0,7,0,0,0,0,0,1,6,6,2,47,8,1997,1,5,JAGUAR F-PACE,8,E01002385,0,-1
2023351357319,2023,351357319,2,9,0,18,19,4,8,0,0,0,0,0,0,0,2,1,5,6,2,36,7,1999,2,4,JAGUAR F-PACE,8,E01026289,0,-1
2023201264392,2023,201264392,2,9,0,2,2,0,0,0,0,0,0,0,0,0,4,1,6,6,1,-1,-1,1999,2,6,JAGUAR F-PACE,2,E01033627,0,-1
2023010441781,2023,010441781,1,9,0,4,4,3,7,0,0,2,0,0,0,0,3,1,6,6,1,43,7,1999,2,6,JAGUAR F-PACE,2,E01004011,0,-1
2023010486864,2023,010486864,2,9,0,99,99,9,9,99,99,9,9,99,9,99,9,9,6,6,3,-1,-1,1999,2,5,JAGUAR F-PACE,-1,-1,0,-1
2023411399068,2023,411399068,1,9,0,4,4,3,6,0,0,4,0,0,0,0,4,1,5,6,1,65,9,2995,1,6,JAGUAR F-PACE,4,E01023652,0,-1
2023031260958,2023,031260958,1,9,0,18,19,5,1,0,0,0,2,0,1,4,1,1,6,6,1,55,8,5000,1,0,JAGUAR F-PACE,6,E01019131,0,-1
2023052300918,2023,052300918,1,9,0,5,5,3,7,0,0,0,0,0,1,0,1,1,1,1,2,46,8,1999,2,3,JAGUAR F-PACE,6,E01007158,0,-1
2023401273133,2023,401273133,1,9,0,18,19,3,7,0,0,0,0,0,0,0,1,1,6,6,2,-1,-1,1998,2,1,JAGUAR F-PACE,-1,-1,0,-1
2023430089261,2023,430089261,2,9,0,3,3,1,5,0,0,1,0,0,0,0,3,1,6,6,2,45,7,1999,2,7,JAGUAR F-PACE,10,E01028608,0,-1
2023122301074,2023,122301074,2,9,0,4,4,1,4,0,0,0,0,0,0,0,2,1,6,6,1,69,10,1997,8,0,JAGUAR F-PACE,10,E01016643,0,-1
2023421363686,2023,421363686,2,9,0,9,9,3,2,0,0,8,0,0,0,0,3,1,5,6,2,48,8,1999,2,5,JAGUAR F-PACE,10,E01021252,0,-1
2023041343365,2023,041343365,2,9,0,11,11,3,7,0,0,8,0,0,0,0,4,1,5,6,1,29,6,1998,2,1,LAND ROVER RANGE ROVER VELAR,1,E01007005,0,-1
2023421357074,2023,421357074,1,9,0,5,5,3,7,0,0,8,0,0,0,0,3,1,5,6,2,28,6,2993,2,6,LAND ROVER RANGE ROVER VELAR,-1,-1,0,-1
2023501330485,2023,501330485,2,9,0,2,2,0,0,0,0,8,1,0,0,0,1,1,6,6,3,-1,-1,1999,2,4,LAND ROVER RANGE ROVER VELAR,-1,-1,0,-1
2023461395594,2023,461395594,1,9,0,11,11,7,3,0,0,0,0,0,0,0,3,1,6,6,2,43,7,1997,1,6,LAND ROVER RANGE ROVER VELAR,5,E01016151,0,-1
2023010483106,2023,010483106,1,9,0,5,5,7,3,0,0,1,0,0,0,0,1,1,6,6,3,-1,-1,1997,1,5,LAND ROVER RANGE ROVER VELAR,-1,-1,0,-1
2023302300647,2023,302300647,1,9,0,9,9,8,4,0,0,6,0,0,0,0,2,1,6,6,2,31,6,1999,2,5,LAND ROVER RANGE ROVER VELAR,7,E01029460,0,-1
2023471387886,2023,471387886,1,9,0,9,9,7,5,0,0,5,0,0,0,0,4,1,3,7,2,30,6,1999,2,5,LAND ROVER RANGE ROVER VELAR,9,E01031625,0,-1
2023351265307,2023,351265307,1,9,0,18,19,2,6,0,0,8,0,0,0,0,1,1,6,6,1,45,7,1998,2,2,LAND ROVER RANGE ROVER VELAR,10,E01018274,0,-1
2023991360420,2023,991360420,1,9,0,18,19,3,7,0,0,0,0,0,7,9,1,1,5,6,1,31,6,2993,2,4,LAND ROVER RANGE ROVER VELAR,3,E01017536,0,-1
2023340WN4602,2023,340WN4602,3,9,0,10,10,4,8,0,0,8,0,0,0,0,2,1,6,6,1,26,6,1999,2,2,LAND ROVER RANGE ROVER VELAR,10,E01027006,0,-1
2023010444000,2023,010444000,2,9,0,99,99,9,9,0,0,8,0,0,9,0,9,1,6,6,3,-1,-1,1999,2,5,LAND ROVER RANGE ROVER VELAR,-1,-1,0,-1
2023131309631,2023,131309631,2,9,0,7,7,1,7,0,0,5,0,0,0,0,4,1,5,6,2,28,6,1998,2,1,LAND ROVER RANGE ROVER VELAR,3,E01011261,0,-1
2023052302780,2023,052302780,1,9,0,10,10,7,3,0,0,8,0,0,0,0,3,1,6,6,1,40,7,1999,2,3,LAND ROVER RANGE ROVER VELAR,-1,-1,0,-1
2023430035150,2023,430035150,2,9,0,12,12,4,2,0,0,8,0,0,0,0,1,1,6,6,2,-1,-1,1998,2,2,LAND ROVER RANGE ROVER VELAR,-1,-1,0,-1
2023440448263,2023,440448263,1,9,0,3,3,4,8,0,0,1,0,0,0,0,2,1,6,6,2,26,6,1999,2,5,LAND ROVER RANGE ROVER VELAR,5,E01017088,0,-1
2023421370071,2023,421370071,2,9,0,17,19,4,8,0,0,8,1,0,0,0,2,1,6,6,1,43,7,1999,2,5,LAND ROVER RANGE ROVER VELAR,-1,-1,0,-1
2023421359977,2023,421359977,1,9,0,4,4,7,3,0,0,0,0,0,0,0,2,1,1,1,2,64,9,1999,2,5,LAND ROVER RANGE ROVER VELAR,6,E01021875,0,-1
2023010465690,2023,010465690,1,9,0,9,9,7,4,0,0,1,0,0,0,0,0,1,6,6,1,25,5,1998,2,2,LAND ROVER RANGE ROVER VELAR,-1,-1,0,-1
2023010446782,2023,010446782,1,9,0,3,3,3,7,0,0,8,0,0,0,0,2,1,6,6,1,42,7,1999,2,5,LAND ROVER RANGE ROVER VELAR,3,E01004043,0,-1
2023421350343,2023,421350343,2,9,0,4,4,3,7,0,0,1,0,0,0,0,3,1,6,6,2,30,6,2993,2,6,LAND ROVER RANGE ROVER VELAR,9,E01021825,0,-1
2023549988223,2023,549988223,3,9,0,18,19,3,7,0,0,1,0,0,7,4,1,1,6,6,2,35,6,1999,2,6,LAND ROVER RANGE ROVER VELAR,9,E01031968,0,-1
2023548659223,2023,548659223,2,9,0,9,9,6,4,0,0,1,0,0,0,0,3,1,6,6,2,34,6,1997,8,2,LAND ROVER RANGE ROVER VELAR,9,E01014739,0,-1
2023302300741,2023,302300741,2,9,0,18,19,2,6,0,0,0,0,0,0,0,2,1,6,6,1,62,9,1997,8,0,LAND ROVER RANGE ROVER VELAR,3,E01019541,0,-1
2023010437186,2023,010437186,2,9,9,99,99,9,9,99,99,9,9,99,9,99,9,9,6,6,2,52,8,1997,1,3,LAND ROVER RANGE ROVER VELAR,7,E01001950,0,-1
2023211405377,2023,211405377,2,9,0,9,9,3,2,0,0,6,0,0,6,0,1,1,6,6,2,43,7,2993,2,4,LAND ROVER RANGE ROVER VELAR,6,E01029789,0,-1
2023010436694,2023,010436694,2,9,0,18,19,1,5,0,0,1,0,0,0,0,1,1,2,2,2,31,6,1999,2,4,LAND ROVER RANGE ROVER VELAR,6,E01002555,0,-1
2023411279788,2023,411279788,3,9,0,18,19,5,1,0,0,0,0,0,0,0,1,1,6,6,1,39,7,2997,2,2,LAND ROVER RANGE ROVER VELAR,4,E01001418,0,-1
2023010460702,2023,010460702,2,9,0,99,99,9,9,99,99,9,9,99,9,99,4,9,6,6,1,23,5,1999,2,5,LAND ROVER RANGE ROVER VELAR,2,E01003304,0,-1
2023440046969,2023,440046969,2,9,0,18,19,2,6,0,0,6,0,0,0,0,1,1,6,6,2,50,8,2993,2,5,LAND ROVER RANGE ROVER VELAR,5,E01018920,0,-1
2023231306322,2023,231306322,1,9,0,18,19,7,3,0,0,4,0,0,0,0,1,1,6,6,2,34,6,1998,2,1,LAND ROVER RANGE ROVER VELAR,9,E01031147,0,-1
2023010470593,2023,010470593,2,9,0,99,99,9,9,99,99,9,9,99,9,99,1,9,6,6,3,-1,-1,1999,2,6,LAND ROVER RANGE ROVER VELAR,-1,-1,0,-1
2023131362712,2023,131362712,2,9,0,2,2,0,0,0,0,8,0,0,0,0,2,1,6,6,3,-1,-1,1999,2,4,LAND ROVER RANGE ROVER VELAR,-1,-1,0,-1
2023991259685,2023,991259685,1,9,0,18,19,5,2,7,6,0,1,0,1,0,1,1,5,6,1,40,7,1999,2,5,LAND ROVER RANGE ROVER VELAR,4,-1,0,-1
2023320755427,2023,320755427,2,9,0,18,19,1,4,0,0,1,0,0,1,3,3,1,6,6,2,63,9,2993,2,5,LAND ROVER RANGE ROVER VELAR,8,E01026365,0,-1
2023552301551,2023,552301551,2,9,0,18,19,4,8,0,0,0,0,0,0,0,3,1,6,6,2,26,6,2997,2,2,LAND ROVER RANGE ROVER VELAR,6,E01023070,0,-1
2023371328836,2023,371328836,1,9,0,18,19,4,6,0,0,0,0,0,0,0,3,1,5,6,2,30,6,1999,2,5,LAND ROVER RANGE ROVER VELAR,9,E01030193,0,-1
2023010471408,2023,010471408,2,9,0,18,19,5,1,0,0,8,0,11,1,2,1,1,6,6,1,34,6,1997,1,6,LAND ROVER RANGE ROVER VELAR,4,E01024296,0,-1