collision_index,collision_year,collision_ref_no,vehicle_reference,vehicle_type,towing_and_articulation,vehicle_manoeuvre_historic,vehicle_manoeuvre,vehicle_direction_from,vehicle_direction_to,vehicle_location_restricted_lane_historic,vehicle_location_restricted_lane,junction_location,skidding_and_overturning,hit_object_in_carriageway,vehicle_leaving_carriageway,hit_object_off_carriageway,first_point_of_impact,vehicle_left_hand_drive,journey_purpose_of_driver_historic,journey_purpose_of_driver,sex_of_driver,age_of_driver,age_band_of_driver,engine_capacity_cc,propulsion_code,age_of_vehicle,generic_make_model,driver_imd_decile,lsoa_of_driver,escooter_flag,driver_distance_banding
2023991261144,2023,991261144,1,9,0,5,5,2,8,0,0,8,0,0,0,0,1,1,3,7,2,43,7,1498,1,6,HONDA HR-V,4,-1,0,-1
2023332301109,2023,332301109,1,9,0,18,19,8,4,0,0,8,0,0,0,0,1,1,2,2,1,47,8,1597,2,7,HONDA HR-V,4,E01025957,0,-1
2023221325392,2023,221325392,2,9,0,2,2,0,0,0,0,8,0,0,0,0,3,1,6,6,2,73,10,1498,1,6,HONDA HR-V,7,E01014037,0,-1
2023440098407,2023,440098407,1,9,0,18,19,2,6,0,0,2,0,0,1,1,1,1,6,6,2,73,10,1498,1,4,HONDA HR-V,10,E01023044,0,-1
2023070015845,2023,070015845,2,9,0,9,9,8,6,0,0,5,0,0,0,0,0,1,6,6,2,-1,-1,1498,1,3,HONDA HR-V,4,E01006537,0,-1
2023340WN3202,2023,340WN3202,1,9,0,18,19,1,5,0,0,2,0,0,0,0,3,1,6,6,2,79,11,1498,1,4,HONDA HR-V,9,E01027167,0,-1
2023031358266,2023,031358266,3,9,0,3,3,3,7,0,0,0,0,0,0,0,2,1,5,6,2,59,9,1597,2,8,HONDA HR-V,1,E01019111,0,-1
2023501372412,2023,501372412,1,9,0,9,9,5,3,0,0,8,0,0,0,0,1,1,5,6,2,67,10,1498,1,6,HONDA HR-V,6,E01020255,0,-1
2023010434447,2023,010434447,1,9,0,9,9,6,4,0,0,6,0,0,0,0,1,1,6,6,1,76,11,1498,8,1,HONDA HR-V,10,E01002978,0,-1
2023340WN1042,2023,340WN1042,2,9,0,17,19,1,5,0,0,8,5,0,0,0,1,1,6,6,2,53,8,1498,8,1,HONDA HR-V,8,E01027294,0,-1
2023302301170,2023,302301170,3,9,0,18,19,2,6,0,0,1,0,0,0,0,1,1,6,6,1,87,11,1498,1,7,HONDA HR-V,10,E01007933,0,-1
2023471302609,2023,471302609,1,9,0,18,19,7,3,0,0,1,0,0,0,0,1,1,5,6,1,60,9,1590,1,20,HONDA HR-V,8,E01031518,0,-1
2023552300611,2023,552300611,3,9,0,3,3,5,1,0,0,1,0,0,0,0,2,1,6,6,2,28,6,1498,1,4,HONDA HR-V,10,E01020377,0,-1
2023010442131,2023,010442131,1,9,0,5,5,5,1,0,0,5,0,0,0,0,1,1,6,6,1,32,6,1498,8,1,HONDA HR-V,2,E01001257,0,-1
2023991294374,2023,991294374,1,9,0,18,19,2,6,0,0,8,0,0,0,0,1,1,6,6,2,44,7,1498,1,6,HONDA HR-V,7,-1,0,-1
2023471284740,2023,471284740,1,9,0,9,9,3,1,0,0,6,0,0,0,0,1,1,5,6,2,72,10,1498,1,4,HONDA HR-V,8,E01031587,0,-1
2023010449420,2023,010449420,1,9,0,99,99,9,9,99,99,9,9,99,9,99,1,9,6,6,1,67,10,1498,1,3,HONDA HR-V,3,E01002909,0,-1
2023201382199,2023,201382199,1,9,0,14,14,5,1,0,0,1,0,0,0,0,1,1,2,2,2,38,7,1498,1,3,HONDA HR-V,4,E01010002,0,-1
2023010422452,2023,010422452,1,9,0,99,99,9,9,99,99,9,9,99,9,99,2,9,6,6,1,37,7,1498,1,6,HONDA HR-V,3,E01000578,0,-1
2023161288826,2023,161288826,2,9,0,9,9,1,5,0,0,8,0,0,0,0,2,1,6,6,2,56,9,1597,2,6,HONDA HR-V,9,E01007475,0,-1
2023041322510,2023,041322510,2,9,0,18,19,7,3,0,0,2,0,0,0,0,3,1,5,6,1,57,9,1590,1,23,HONDA HR-V,4,E01025119,0,-1
2023010476169,2023,010476169,2,9,0,18,19,8,4,0,0,0,0,0,0,0,1,1,6,6,2,33,6,1498,1,7,HONDA HR-V,-1,-1,0,-1
2023320042285,2023,320042285,1,9,0,5,5,6,2,0,0,0,0,0,0,0,1,1,6,6,2,81,11,1498,1,3,HONDA HR-V,8,E01026035,0,-1
2023461305124,2023,461305124,2,9,0,3,3,5,1,0,0,0,0,0,0,0,2,1,6,6,1,56,9,1498,1,7,HONDA HR-V,9,E01024112,0,-1
2023471347948,2023,471347948,1,9,0,2,2,7,3,9,9,1,0,0,0,0,3,1,5,6,1,57,9,1498,1,4,HONDA HR-V,2,E01031371,0,-1
2023201411088,2023,201411088,1,9,0,18,19,2,6,0,0,0,0,0,0,0,1,1,6,6,2,25,5,1498,1,7,HONDA HR-V,4,E01009226,0,-1
2023041348406,2023,041348406,1,9,0,18,19,5,1,0,0,8,0,0,0,0,3,1,5,6,1,33,6,1498,1,6,HONDA HR-V,10,E01025408,0,-1
2023052301428,2023,052301428,2,9,0,18,19,5,1,0,0,0,1,0,0,0,0,1,1,1,1,68,10,1498,8,0,HONDA HR-V,10,E01006990,0,-1
2023141370479,2023,141370479,1,9,0,9,9,3,8,0,0,6,0,0,0,0,3,1,6,6,2,87,11,1498,1,6,HONDA HR-V,8,E01007524,0,-1
2023221325392,2023,221325392,1,9,0,18,19,1,5,0,0,8,5,4,0,0,1,1,5,6,1,79,11,1498,1,4,HONDA HR-V,5,E01014027,0,-1
2023451360407,2023,451360407,2,9,0,18,19,1,2,0,0,0,0,0,0,0,1,1,6,6,1,45,7,1597,2,8,HONDA HR-V,-1,-1,0,-1
2023440021584,2023,440021584,1,9,0,4,4,1,5,0,0,0,1,0,0,0,2,1,2,2,1,30,6,1597,2,6,HONDA HR-V,2,E01017119,0,-1
2023302300252,2023,302300252,4,9,0,18,19,6,2,0,0,0,0,0,0,0,1,1,1,1,1,39,7,1498,1,5,HONDA HR-V,4,E01013460,0,-1
2023041315976,2023,041315976,1,9,0,18,19,3,7,0,0,1,0,0,0,0,1,1,6,6,2,80,11,1590,1,22,HONDA HR-V,1,E01025139,0,-1
2023131303662,2023,131303662,1,9,0,18,19,3,7,0,0,1,0,0,0,0,1,1,3,7,1,54,8,1498,1,5,HONDA HR-V,1,E01011434,0,-1
2023501318272,2023,501318272,2,9,0,17,19,4,1,0,0,0,2,0,0,0,3,1,6,6,2,25,5,1498,1,4,HONDA HR-V,8,E01003471,0,-1
2023440388574,2023,440388574,1,9,0,9,9,6,3,0,0,1,0,0,0,0,1,1,6,6,1,51,8,1498,8,0,HONDA HR-V,9,E01022857,0,-1
2023131329671,2023,131329671,1,9,0,-1,-1,-1,-1,-1,-1,-1,-1,-1,-1,0,-1,1,5,6,1,36,7,1498,1,4,HONDA HR-V,1,E01011122,0,-1
2023631390217,2023,631390217,3,9,0,18,19,7,3,0,0,0,0,0,0,0,1,1,5,6,2,53,8,1597,2,7,HONDA HR-V,7,W01000583,0,-1
2023540543923,2023,540543923,2,9,0,9,9,3,7,0,0,1,1,0,0,0,1,1,6,6,1,32,6,1498,1,4,HONDA HR-V,10,E01015433,0,-1
2023010430326,2023,010430326,1,9,0,99,99,9,9,99,99,9,9,99,9,99,9,9,6,6,2,30,6,1498,1,3,HONDA HR-V,3,E01003493,0,-1
2023201426520,2023,201426520,3,9,0,18,19,2,6,0,0,1,0,0,0,0,1,1,2,2,1,54,8,1597,2,8,HONDA HR-V,4,E01009835,0,-1
2023332300057,2023,332300057,2,9,0,16,19,1,3,0,0,1,0,0,0,0,1,1,6,6,3,-1,-1,1590,1,20,HONDA HR-V,-1,-1,0,-1
2023440016295,2023,440016295,1,9,0,18,19,6,2,0,0,2,0,0,0,0,1,1,6,6,2,31,6,1498,1,8,HONDA HR-V,10,E01022517,0,-1
2023170L10263,2023,170L10263,2,9,0,18,19,8,4,0,0,1,0,0,0,0,1,1,6,6,2,24,5,1597,2,6,HONDA HR-V,6,E01027814,0,-1
2023101388760,2023,101388760,2,9,0,9,9,1,5,0,0,8,0,0,0,0,4,1,5,6,1,77,11,1498,8,1,HONDA HR-V,3,E01008405,0,-1
2023010448420,2023,010448420,1,5,0,17,19,5,1,0,0,0,0,0,0,0,1,1,2,2,1,39,7,670,1,11,-1,9,E01017842,0,-1
2023010473785,2023,010473785,2,5,0,18,19,5,1,0,0,0,0,0,0,0,0,1,6,6,1,31,6,670,1,11,-1,1,E01004721,0,-1
2023548916223,2023,548916223,1,5,0,18,19,1,5,0,0,1,0,0,0,0,4,1,2,2,1,51,8,670,1,10,-1,8,E01032110,0,-1
2023010421999,2023,010421999,2,4,0,16,19,5,1,0,0,2,0,0,0,0,1,1,6,6,1,50,8,471,1,7,-1,10,E01030606,0,-1
2023440324380,2023,440324380,2,5,0,14,14,1,5,0,0,1,0,10,0,0,1,1,2,2,1,44,7,670,1,10,-1,6,E01023002,0,-1
2023070505251,2023,070505251,1,5,0,18,19,2,6,0,0,0,1,0,0,0,0,1,6,6,2,63,9,670,1,11,-1,5,E01019402,0,-1
2023231309076,2023,231309076,2,5,0,18,19,8,4,0,0,8,0,0,0,0,1,1,6,6,1,39,7,670,1,10,-1,4,E01009522,0,-1
2023010483523,2023,010483523,1,5,0,99,99,9,9,99,99,9,9,99,9,99,1,1,1,1,1,35,6,670,1,11,-1,2,E01000525,0,-1
2023061346220,2023,061346220,1,3,0,16,19,2,6,0,0,0,0,0,0,0,1,1,1,1,1,40,7,670,1,10,-1,9,E01027555,0,-1
2023010434149,2023,010434149,1,5,0,3,3,1,5,0,0,1,0,0,0,0,1,1,1,1,1,57,9,670,1,10,-1,5,E01004225,0,-1
2023471285534,2023,471285534,2,9,0,18,19,5,1,0,0,0,0,0,2,11,1,1,5,6,2,52,8,1591,1,4,HYUNDAI TUCSON,7,E01031396,0,-1
2023201277823,2023,201277823,1,9,0,9,9,8,6,0,0,5,0,0,0,0,4,1,6,6,1,69,10,1598,8,0,HYUNDAI TUCSON,2,E01010025,0,-1
2023991324378,2023,991324378,1,9,0,13,13,8,4,0,0,0,0,0,0,0,1,1,6,6,2,36,7,1598,8,1,HYUNDAI TUCSON,6,-1,0,-1
2023010423915,2023,010423915,2,9,0,3,3,7,3,0,0,0,0,0,0,0,3,1,6,6,1,38,7,1685,2,8,HYUNDAI TUCSON,-1,-1,0,-1
2023031318733,2023,031318733,2,9,0,10,10,7,5,0,0,8,0,0,0,0,1,1,6,6,1,73,10,1598,8,2,HYUNDAI TUCSON,4,E01019340,0,-1
2023631363199,2023,631363199,2,9,0,18,19,5,1,0,0,0,0,0,1,0,3,1,6,6,1,71,10,1591,1,3,HYUNDAI TUCSON,8,W01000634,0,-1
2023471273800,2023,471273800,2,9,0,17,19,4,1,0,0,1,0,0,0,0,1,1,6,6,1,43,7,1591,1,4,HYUNDAI TUCSON,9,E01031496,0,-1
2023311299918,2023,311299918,2,9,0,2,2,5,1,0,0,1,0,0,0,0,2,1,5,6,2,33,6,1591,1,3,HYUNDAI TUCSON,8,E01027944,0,-1
2023010463219,2023,010463219,1,9,9,99,99,9,9,99,99,9,9,99,9,99,2,9,6,6,2,56,9,1591,1,6,HYUNDAI TUCSON,4,E01000608,0,-1
2023010455169,2023,010455169,1,9,0,1,1,1,5,0,0,0,0,0,0,0,4,1,2,2,2,37,7,1591,1,4,HYUNDAI TUCSON,10,E01000757,0,-1
2023421320668,2023,421320668,1,9,0,18,19,4,8,0,0,8,0,0,0,0,1,1,5,6,2,33,6,2656,1,16,HYUNDAI TUCSON,2,E01002368,0,-1
2023440295301,2023,440295301,1,9,0,7,7,7,2,0,0,6,0,0,0,0,1,1,6,6,2,39,7,1591,1,5,HYUNDAI TUCSON,6,E01017214,0,-1
2023131309045,2023,131309045,2,9,0,18,19,3,7,0,0,8,0,0,0,0,3,1,6,6,2,44,7,1598,1,1,HYUNDAI TUCSON,5,E01010982,0,-1
2023311318427,2023,311318427,3,9,0,2,2,0,0,0,0,0,0,0,0,0,1,1,5,6,1,61,9,1685,2,5,HYUNDAI TUCSON,6,E01028273,0,-1
2023041291115,2023,041291115,1,9,0,9,9,7,3,0,0,0,0,0,0,0,3,1,2,2,2,25,5,1598,1,2,HYUNDAI TUCSON,1,E01025110,0,-1
2023111326306,2023,111326306,3,9,0,18,19,3,7,0,0,0,0,0,0,0,0,1,6,6,1,75,10,1598,12,4,HYUNDAI TUCSON,5,E01020678,0,-1
2023332300143,2023,332300143,2,9,0,7,7,2,4,0,0,5,0,0,3,0,2,1,6,6,1,46,8,1591,1,3,HYUNDAI TUCSON,4,E01025742,0,-1
2023411428266,2023,411428266,1,9,0,18,19,1,5,0,0,0,0,4,0,0,1,1,6,6,2,63,9,1591,1,5,HYUNDAI TUCSON,4,E01023333,0,-1
2023461310812,2023,461310812,2,9,0,16,19,1,5,0,0,0,0,0,0,0,4,1,5,6,1,48,8,1591,1,5,HYUNDAI TUCSON,3,E01024310,0,-1
2023010478393,2023,010478393,3,9,0,99,99,9,9,99,99,9,9,99,9,99,9,9,6,6,3,40,7,1591,1,5,HYUNDAI TUCSON,5,E01003142,0,-1
2023461337407,2023,461337407,1,9,0,4,4,1,5,0,0,1,0,0,0,0,4,1,6,6,1,55,8,1685,2,6,HYUNDAI TUCSON,2,E01024741,0,-1
2023010431649,2023,010431649,1,9,0,4,4,2,6,0,0,2,0,0,0,0,1,1,6,6,1,31,6,1591,1,5,HYUNDAI TUCSON,2,E01001193,0,-1
2023161327959,2023,161327959,1,9,0,18,19,3,7,0,0,0,5,0,0,0,1,1,5,6,1,65,9,1591,1,4,HYUNDAI TUCSON,8,E01013305,0,-1
2023311370792,2023,311370792,1,9,0,7,7,5,1,0,0,2,0,0,0,0,4,1,5,6,1,36,7,1598,8,0,HYUNDAI TUCSON,3,E01026140,0,-1
2023501286672,2023,501286672,2,9,0,18,19,5,2,0,0,0,0,0,0,0,2,1,5,6,1,67,10,1598,1,2,HYUNDAI TUCSON,6,E01020033,0,-1
2023221399953,2023,221399953,1,9,0,18,19,1,5,0,0,8,0,0,0,0,1,1,6,6,2,29,6,1685,2,6,HYUNDAI TUCSON,5,E01028946,0,-1
2023451344892,2023,451344892,2,9,0,5,5,6,6,0,0,1,0,0,0,0,3,1,5,6,1,22,5,1598,8,0,HYUNDAI TUCSON,10,E01030517,0,-1
2023010467122,2023,010467122,2,9,0,99,99,9,9,99,99,9,9,99,9,99,9,9,6,6,3,-1,-1,1598,8,0,HYUNDAI TUCSON,-1,-1,0,-1
2023010454688,2023,010454688,2,9,0,2,2,0,0,0,0,0,0,4,0,0,4,1,6,6,3,-1,-1,1598,1,2,HYUNDAI TUCSON,-1,-1,0,-1
2023010453188,2023,010453188,1,9,0,9,9,3,8,0,0,8,0,0,0,0,4,1,3,7,2,71,10,1598,8,1,HYUNDAI TUCSON,5,E01004354,0,-1
2023101302940,2023,101302940,1,9,0,9,9,3,1,0,0,2,0,0,0,0,1,1,1,1,1,64,9,1598,1,2,HYUNDAI TUCSON,3,E01012117,0,-1
2023052302073,2023,052302073,2,9,0,18,19,2,6,0,0,0,0,0,0,0,1,1,6,6,2,64,9,1591,1,3,HYUNDAI TUCSON,2,E01006785,0,-1
2023010452514,2023,010452514,1,9,0,5,5,0,7,9,9,1,0,0,7,11,1,1,6,6,1,51,8,1591,1,5,HYUNDAI TUCSON,2,E01000017,0,-1
2023211305360,2023,211305360,2,9,0,18,19,6,2,0,0,0,0,0,0,0,3,1,2,2,1,29,6,1995,2,6,HYUNDAI TUCSON,10,E01029747,0,-1
2023201387115,2023,201387115,2,9,0,18,19,6,2,0,0,0,0,0,0,0,1,1,6,6,1,73,10,1598,8,2,HYUNDAI TUCSON,7,E01009260,0,-1
2023101350975,2023,101350975,1,9,0,18,19,7,3,0,0,0,0,4,0,0,1,1,6,6,2,25,5,1685,2,6,HYUNDAI TUCSON,2,E01008634,0,-1
2023622300811,2023,622300811,2,9,0,2,2,0,0,0,0,0,0,0,0,0,2,1,6,6,3,-1,-1,1598,1,1,HYUNDAI TUCSON,-1,-1,0,-1
2023302300212,2023,302300212,2,9,0,2,2,0,0,0,0,0,0,0,0,0,3,1,6,6,1,-1,-1,1995,12,3,HYUNDAI TUCSON,5,E01019456,0,-1
2023141311970,2023,141311970,2,9,0,18,19,1,5,0,0,0,0,11,1,2,1,1,5,6,2,62,9,1591,1,3,HYUNDAI TUCSON,3,E01007371,0,-1
2023461307324,2023,461307324,1,9,0,9,9,7,5,0,0,1,0,0,0,0,0,1,6,6,2,33,6,1591,1,4,HYUNDAI TUCSON,4,E01024541,0,-1
2023131383630,2023,131383630,1,9,0,3,3,5,1,0,0,0,0,0,0,0,2,1,2,2,1,59,9,1591,1,4,HYUNDAI TUCSON,2,E01011030,0,-1
2023471325476,2023,471325476,1,9,0,17,19,1,7,0,0,2,0,0,1,11,1,1,5,6,2,69,10,1598,8,1,HYUNDAI TUCSON,6,E01031448,0,-1
2023201365661,2023,201365661,1,9,0,4,4,1,4,0,0,0,0,0,0,0,1,1,5,6,1,45,7,1598,1,1,HYUNDAI TUCSON,2,E01009050,0,-1
2023340WN0482,2023,340WN0482,2,9,0,17,19,8,4,0,0,1,0,0,0,0,1,1,6,6,2,60,9,1598,8,2,HYUNDAI TUCSON,10,E01027205,0,-1
2023451326262,2023,451326262,1,9,0,3,3,1,5,0,0,0,0,0,0,0,2,1,5,6,2,39,7,1591,1,5,HYUNDAI TUCSON,6,E01030653,0,-1
2023201342145,2023,201342145,2,9,0,2,2,0,0,0,0,0,0,0,0,0,2,1,6,6,2,-1,-1,1591,1,4,HYUNDAI TUCSON,-1,-1,0,-1
2023211373239,2023,211373239,1,9,0,18,19,4,7,0,0,1,0,0,0,0,1,1,5,6,1,33,6,1598,1,1,HYUNDAI TUCSON,3,E01029850,0,-1
2023411297874,2023,411297874,1,9,0,4,4,5,1,0,0,0,0,0,0,0,1,1,6,6,1,34,6,1598,8,1,HYUNDAI TUCSON,2,E01002097,0,-1
2023010478735,2023,010478735,2,9,0,9,9,5,3,0,0,6,0,0,0,0,1,1,6,6,2,54,8,1598,8,1,HYUNDAI TUCSON,5,E01000631,0,-1
2023430023609,2023,430023609,2,9,0,18,19,4,8,0,0,0,0,0,0,0,1,1,1,1,1,43,7,1598,8,2,HYUNDAI TUCSON,9,E01006374,0,-1
2023231297659,2023,231297659,2,9,0,3,3,2,6,0,0,0,0,0,0,0,1,1,2,2,1,27,6,1685,2,6,HYUNDAI TUCSON,3,E01032896,0,-1
2023010480128,2023,010480128,2,9,0,2,2,0,0,0,0,2,0,0,0,0,1,1,6,6,3,-1,-1,1598,8,1,HYUNDAI TUCSON,-1,-1,0,-1
2023461337120,2023,461337120,1,9,0,7,7,5,2,0,0,8,0,0,0,0,1,1,5,6,1,70,10,1991,2,17,HYUNDAI TUCSON,4,E01024747,0,-1
2023010421178,2023,010421178,2,9,0,6,6,7,7,0,0,1,0,0,0,0,3,1,1,1,2,23,5,1598,1,1,HYUNDAI TUCSON,5,E01017586,0,-1
2023440384828,2023,440384828,1,9,0,4,4,2,6,0,0,0,0,0,0,0,4,1,6,6,2,47,8,1685,2,7,HYUNDAI TUCSON,4,E01017058,0,-1
2023061334103,2023,061334103,1,9,0,5,5,4,8,0,0,1,0,0,0,0,1,1,1,1,1,50,8,1598,8,1,HYUNDAI TUCSON,7,E01012659,0,-1
2023991284673,2023,991284673,2,9,0,18,19,4,7,0,0,0,0,0,0,0,1,1,6,6,1,74,10,1598,1,2,HYUNDAI TUCSON,6,-1,0,-1
2023991271146,2023,991271146,1,9,0,18,19,4,3,0,0,2,0,0,7,4,1,1,6,6,2,55,8,1591,1,5,HYUNDAI TUCSON,2,-1,0,-1
2023010442405,2023,010442405,1,9,0,1,1,7,3,0,0,1,0,0,0,0,2,1,1,1,2,61,9,1598,8,0,HYUNDAI TUCSON,3,E01002375,0,-1
2023481377458,2023,481377458,2,9,0,3,3,3,1,0,0,8,0,0,0,0,2,1,6,6,1,38,7,1591,1,5,HYUNDAI TUCSON,-1,-1,0,-1
2023440384466,2023,440384466,1,9,0,18,19,6,2,0,0,0,1,0,5,6,4,1,2,2,1,51,8,1598,8,0,HYUNDAI TUCSON,10,E01004117,0,-1
2023010466041,2023,010466041,1,9,0,9,9,3,1,0,0,5,0,0,0,0,1,1,6,6,1,28,6,1598,12,3,HYUNDAI TUCSON,3,E01004333,0,-1
2023211348372,2023,211348372,2,9,0,4,4,5,1,0,0,1,0,0,0,0,2,1,6,6,1,54,8,1591,1,3,HYUNDAI TUCSON,6,E01029753,0,-1
2023311367354,2023,311367354,1,9,0,4,4,1,5,0,0,1,0,0,0,0,2,1,5,6,1,71,10,1598,12,2,HYUNDAI TUCSON,9,E01028010,0,-1
2023211391165,2023,211391165,1,8,0,-1,-1,-1,-1,-1,-1,-1,-1,-1,-1,0,1,1,6,6,1,25,5,1685,2,5,-1,1,-1,0,-1
2023201367179,2023,201367179,2,9,0,18,19,1,5,0,0,8,0,0,0,0,1,1,6,6,2,51,8,1685,2,6,HYUNDAI TUCSON,7,E01010164,0,-1
2023122300489,2023,122300489,1,9,0,18,19,5,1,0,0,0,0,4,0,0,3,1,6,6,2,32,6,1591,1,2,HYUNDAI TUCSON,8,E01027859,0,-1
2023161321363,2023,161321363,2,9,0,2,2,0,0,0,0,0,0,0,0,0,4,1,5,6,1,-1,-1,1598,1,1,HYUNDAI TUCSON,-1,-1,0,-1
2023061368143,2023,061368143,2,9,0,16,19,5,1,0,0,0,0,0,0,0,2,1,5,6,2,37,7,1598,8,1,HYUNDAI TUCSON,4,E01005896,0,-1
2023501399807,2023,501399807,1,9,0,18,19,4,8,0,0,0,0,0,0,0,1,1,6,6,2,58,9,1591,1,4,HYUNDAI TUCSON,4,E01015241,0,-1
2023170S41013,2023,170S41013,1,9,0,4,4,1,5,0,0,1,0,0,0,0,2,1,6,6,2,27,6,1598,1,1,HYUNDAI TUCSON,9,E01033474,0,-1
2023320463479,2023,320463479,2,9,0,18,19,3,6,0,0,4,0,0,0,0,3,1,2,2,1,36,7,1598,1,0,HYUNDAI TUCSON,-1,-1,0,-1
2023421296462,2023,421296462,1,9,0,18,19,3,7,0,0,0,0,0,0,0,1,1,6,6,2,37,7,1591,1,4,HYUNDAI TUCSON,9,E01021756,0,-1
2023440102192,2023,440102192,2,9,0,10,10,8,6,0,0,1,0,0,0,0,0,1,6,6,1,27,6,1591,1,5,HYUNDAI TUCSON,1,E01017240,0,-1
2023052302021,2023,052302021,2,9,0,18,19,3,7,0,0,8,0,0,0,0,3,1,6,6,1,56,9,1598,8,0,HYUNDAI TUCSON,5,E01006490,0,-1
2023401390038,2023,401390038,1,9,0,18,19,3,7,0,0,1,0,0,0,0,1,1,6,6,1,36,7,1591,1,2,HYUNDAI TUCSON,5,E01017418,0,-1
2023461320586,2023,461320586,2,9,0,18,19,7,3,0,0,0,0,0,0,0,4,1,6,6,1,55,8,1591,1,4,HYUNDAI TUCSON,6,E01024314,0,-1
2023311277828,2023,311277828,1,9,0,18,19,5,1,0,0,0,0,0,0,0,3,1,1,1,1,35,6,1598,8,2,HYUNDAI TUCSON,3,E01027931,0,-1
2023010432772,2023,010432772,2,9,0,99,99,9,9,99,99,9,9,99,9,99,1,9,6,6,3,-1,-1,1591,1,5,HYUNDAI TUCSON,-1,-1,0,-1
2023411395121,2023,411395121,1,9,0,4,4,8,4,0,0,0,0,0,0,0,2,1,2,2,2,42,7,1598,8,0,HYUNDAI TUCSON,6,E01000262,0,-1
2023010475582,2023,010475582,2,9,0,99,99,9,9,99,99,9,9,99,9,99,1,9,6,6,3,36,7,1685,2,7,HYUNDAI TUCSON,4,E01000561,0,-1
2023161303288,2023,161303288,1,9,0,9,9,7,5,0,0,5,0,0,0,0,1,1,5,6,1,71,10,1598,1,1,HYUNDAI TUCSON,1,E01013208,0,-1
2023010481131,2023,010481131,1,9,0,4,4,2,6,0,0,8,0,0,0,0,3,1,6,6,2,52,8,1598,8,0,HYUNDAI TUCSON,8,E01004074,0,-1
2023201317966,2023,201317966,2,9,0,2,2,0,0,0,0,0,0,0,0,0,3,1,6,6,1,48,8,1685,2,7,HYUNDAI TUCSON,1,E01033621,0,-1
2023302301041,2023,302301041,1,9,0,9,9,4,2,0,0,6,0,0,0,0,1,1,6,6,1,77,11,1591,1,3,HYUNDAI TUCSON,8,E01019747,0,-1
2023991288225,2023,991288225,1,9,0,16,19,6,2,0,0,1,0,0,7,11,1,1,5,6,1,30,6,1591,1,6,HYUNDAI TUCSON,2,-1,0,-1
2023311288294,2023,311288294,1,9,0,4,4,6,6,0,0,0,0,0,0,0,2,1,5,6,2,41,7,1591,1,4,HYUNDAI TUCSON,1,E01013866,0,-1
2023461361875,2023,461361875,2,9,0,18,19,1,5,0,0,8,0,0,0,0,1,1,6,6,2,39,7,1591,1,3,HYUNDAI TUCSON,6,E01024022,0,-1
2023522400617,2023,522400617,2,9,0,18,19,8,4,0,0,1,0,0,0,0,1,1,6,6,2,40,7,1991,2,15,HYUNDAI TUCSON,3,E01014501,0,-1
2023122301117,2023,122301117,2,9,0,18,19,7,3,0,0,1,0,0,0,0,1,1,6,6,2,58,9,1685,2,7,HYUNDAI TUCSON,7,E01027809,0,-1
2023411282671,2023,411282671,2,9,0,3,3,4,8,0,0,0,0,0,0,0,2,1,5,6,1,36,7,1685,2,6,HYUNDAI TUCSON,3,E01023954,0,-1
2023991378483,2023,991378483,1,9,0,9,9,3,1,0,0,8,0,0,0,0,4,1,1,1,1,62,9,1598,8,2,HYUNDAI TUCSON,6,-1,0,-1
2023421266538,2023,421266538,1,9,0,18,19,3,1,0,0,0,1,4,0,0,1,1,2,2,1,64,9,1591,1,5,HYUNDAI TUCSON,5,E01021680,0,-1
2023010468845,2023,010468845,3,9,0,18,19,6,2,0,0,0,0,0,0,0,4,1,1,1,1,35,6,1685,2,7,HYUNDAI TUCSON,-1,-1,0,-1
2023461369576,2023,461369576,2,9,0,18,19,8,1,0,0,0,0,0,0,0,2,1,5,6,1,58,9,1991,2,17,HYUNDAI TUCSON,3,E01016005,0,-1
2023548879523,2023,548879523,2,9,0,18,19,6,2,0,0,1,0,0,0,0,4,1,6,6,2,39,7,1598,8,1,HYUNDAI TUCSON,5,E01015571,0,-1
2023320240529,2023,320240529,1,9,0,9,9,2,8,0,0,5,0,10,1,11,1,1,6,6,1,85,11,1598,1,1,HYUNDAI TUCSON,2,E01026170,0,-1
2023010480919,2023,010480919,1,9,0,11,11,3,7,0,0,0,1,0,0,0,1,1,6,6,1,24,5,1598,12,3,HYUNDAI TUCSON,2,E01000040,0,-1
2023371299711,2023,371299711,1,9,0,17,19,1,5,0,0,0,0,0,0,0,1,1,5,6,1,83,11,1685,2,6,HYUNDAI TUCSON,6,E01029906,0,-1
2023221325996,2023,221325996,2,9,0,4,4,2,6,0,0,0,0,0,0,0,1,1,5,6,1,76,11,1591,1,4,HYUNDAI TUCSON,7,E01032123,0,-1
2023221338856,2023,221338856,1,9,0,13,13,8,4,0,0,0,0,0,0,0,4,1,1,1,2,46,8,1598,1,2,HYUNDAI TUCSON,10,E01032140,0,-1
2023070429247,2023,070429247,1,9,0,18,19,1,5,0,0,8,1,0,0,0,3,1,6,6,1,68,10,1685,2,7,HYUNDAI TUCSON,10,E01018680,0,-1
2023411390126,2023,411390126,1,9,0,18,19,-1,-1,0,0,0,0,0,0,0,1,1,6,6,1,41,7,1591,1,5,HYUNDAI TUCSON,1,E01010824,0,-1
2023440169785,2023,440169785,2,9,0,18,19,8,4,0,0,8,0,0,0,0,1,1,6,6,2,57,9,1591,1,4,HYUNDAI TUCSON,-1,-1,0,-1