collision_index,collision_year,collision_ref_no,vehicle_reference,vehicle_type,towing_and_articulation,vehicle_manoeuvre_historic,vehicle_manoeuvre,vehicle_direction_from,vehicle_direction_to,vehicle_location_restricted_lane_historic,vehicle_location_restricted_lane,junction_location,skidding_and_overturning,hit_object_in_carriageway,vehicle_leaving_carriageway,hit_object_off_carriageway,first_point_of_impact,vehicle_left_hand_drive,journey_purpose_of_driver_historic,journey_purpose_of_driver,sex_of_driver,age_of_driver,age_band_of_driver,engine_capacity_cc,propulsion_code,age_of_vehicle,generic_make_model,driver_imd_decile,lsoa_of_driver,escooter_flag,driver_distance_banding
2023531330286,2023,531330286,1,9,0,18,19,5,1,0,0,0,0,0,0,0,3,1,5,6,1,73,10,1591,1,4,HYUNDAI TUCSON,7,E01022397,0,-1
2023010477032,2023,010477032,1,9,0,99,99,9,9,99,99,9,9,99,9,99,1,9,2,2,1,42,7,1598,8,2,HYUNDAI TUCSON,3,E01003533,0,-1
2023311272184,2023,311272184,1,9,0,5,5,5,1,0,0,1,0,0,0,0,1,1,1,1,1,63,9,1685,2,7,HYUNDAI TUCSON,-1,-1,0,-1
202360A100771,2023,60A100771,2,9,0,18,19,2,6,0,0,1,0,0,7,11,4,1,6,6,2,46,8,1591,1,6,HYUNDAI TUCSON,-1,-1,0,-1
2023351287509,2023,351287509,2,9,0,18,19,5,1,0,0,1,0,0,0,0,2,1,1,1,2,61,9,1591,1,4,HYUNDAI TUCSON,9,E01018113,0,-1
202360A039835,2023,60A039835,1,9,0,9,9,5,3,0,0,8,0,0,0,0,3,1,6,6,2,42,7,1591,1,6,HYUNDAI TUCSON,-1,-1,0,-1
2023461322598,2023,461322598,2,9,0,2,2,0,0,0,0,0,0,0,0,0,3,1,6,6,1,53,8,1591,1,6,HYUNDAI TUCSON,8,E01016175,0,-1
2023131317433,2023,131317433,2,9,0,13,13,1,1,0,0,0,1,0,7,0,3,1,5,6,1,27,6,1598,1,0,HYUNDAI TUCSON,-1,-1,0,-1
2023371370166,2023,371370166,1,9,0,18,19,8,3,0,0,7,0,0,0,0,1,1,5,6,2,48,8,1591,1,4,HYUNDAI TUCSON,10,E01029904,0,-1
2023101401466,2023,101401466,2,9,0,18,19,3,7,0,0,8,0,0,0,0,4,1,6,6,1,44,7,1685,2,8,HYUNDAI TUCSON,5,E01008329,0,-1
2023010420437,2023,010420437,1,9,0,99,99,9,9,99,99,9,9,99,9,99,1,9,6,6,1,71,10,1995,2,7,HYUNDAI TUCSON,9,E01001123,0,-1
2023471264066,2023,471264066,2,9,0,18,19,1,5,0,0,0,0,0,1,10,1,1,6,6,2,41,7,1591,1,7,HYUNDAI TUCSON,10,E01021217,0,-1
2023010424122,2023,010424122,2,9,0,9,9,2,8,0,0,8,0,0,0,0,1,1,6,6,3,-1,-1,1598,8,1,HYUNDAI TUCSON,-1,-1,0,-1
2023451391716,2023,451391716,5,9,0,18,19,5,1,0,0,0,0,0,0,0,1,1,5,6,1,66,10,1598,8,1,HYUNDAI TUCSON,8,E01032831,0,-1
2023461289970,2023,461289970,1,9,0,11,11,7,3,0,0,0,0,0,0,0,4,1,5,6,2,38,7,1591,1,4,HYUNDAI TUCSON,9,E01031590,0,-1
2023131329003,2023,131329003,2,9,0,9,9,3,7,0,0,2,0,0,0,0,1,1,6,6,2,28,6,1685,2,6,HYUNDAI TUCSON,6,E01010975,0,-1
2023170M10173,2023,170M10173,2,9,0,18,19,7,3,0,0,1,0,0,0,0,1,1,2,2,2,54,8,1598,12,4,HYUNDAI TUCSON,4,E01027599,0,-1
2023320387065,2023,320387065,2,9,0,16,19,6,2,0,0,0,0,0,1,9,1,1,6,6,1,74,10,1995,2,8,HYUNDAI TUCSON,8,E01028303,0,-1
2023201277797,2023,201277797,2,9,0,18,19,8,4,0,0,8,0,0,0,0,1,1,6,6,1,-1,-1,1591,1,5,HYUNDAI TUCSON,7,E01009643,0,-1
2023010481601,2023,010481601,1,9,0,18,19,1,5,0,0,1,0,0,0,0,1,1,6,6,1,50,8,1598,8,2,HYUNDAI TUCSON,2,E01001011,0,-1
2023361333508,2023,361333508,2,9,0,18,19,3,7,0,0,0,0,0,0,0,1,1,5,6,2,36,7,1685,2,7,HYUNDAI TUCSON,3,E01026775,0,-1
2023401394659,2023,401394659,2,9,0,2,2,0,0,0,0,0,0,0,0,0,2,1,6,6,3,-1,-1,1591,1,4,HYUNDAI TUCSON,-1,-1,0,-1
2023471394442,2023,471394442,1,9,0,18,19,6,2,0,0,0,0,0,0,0,4,1,6,6,1,60,9,1591,1,4,HYUNDAI TUCSON,4,E01016013,0,-1
2023122300067,2023,122300067,1,9,0,1,1,9,9,9,9,0,0,0,0,0,2,1,6,6,1,77,11,1598,1,2,HYUNDAI TUCSON,3,E01013444,0,-1
2023010436127,2023,010436127,1,9,0,18,19,1,5,0,0,8,0,4,0,0,1,1,2,2,1,51,8,1598,8,1,HYUNDAI TUCSON,7,E01001071,0,-1
2023010473604,2023,010473604,2,9,0,99,99,9,9,99,99,9,9,99,9,99,9,9,6,6,3,-1,-1,1598,1,2,HYUNDAI TUCSON,-1,-1,0,-1
2023052302453,2023,052302453,3,9,0,18,19,2,6,0,0,1,0,0,4,10,4,1,2,2,2,42,7,1598,1,1,HYUNDAI TUCSON,8,E01007097,0,-1
2023010439186,2023,010439186,2,9,0,99,99,9,9,99,99,9,9,99,9,99,1,9,6,6,3,-1,-1,1685,2,6,HYUNDAI TUCSON,-1,-1,0,-1
2023061389679,2023,061389679,2,9,-1,12,12,-1,-1,0,0,0,0,0,0,0,4,1,2,2,3,45,7,1598,8,2,HYUNDAI TUCSON,1,E01005024,0,-1
2023041314421,2023,041314421,1,9,0,18,19,7,3,0,0,0,0,0,0,0,1,1,5,6,2,72,10,1591,1,4,HYUNDAI TUCSON,2,E01025032,0,-1
2023340WN0722,2023,340WN0722,1,9,0,9,9,1,6,0,0,8,0,0,0,0,3,1,2,2,1,53,8,1685,2,6,HYUNDAI TUCSON,7,E01027219,0,-1
2023010429657,2023,010429657,1,9,9,1,1,5,1,0,0,8,9,4,0,0,1,9,6,6,1,56,9,1591,1,5,HYUNDAI TUCSON,3,E01003164,0,-1
2023201372807,2023,201372807,3,9,0,2,2,0,0,0,0,8,0,0,0,0,1,1,6,6,2,-1,-1,1598,1,0,HYUNDAI TUCSON,-1,-1,0,-1
2023421382435,2023,421382435,2,9,0,18,19,2,6,0,0,0,0,0,1,0,1,1,6,6,2,56,9,1598,1,0,HYUNDAI TUCSON,6,E01021705,0,-1
2023010460439,2023,010460439,1,9,0,9,9,5,2,0,0,0,0,0,0,0,3,1,6,6,1,44,7,1598,2,5,HYUNDAI TUCSON,8,E01028138,0,-1
2023471370524,2023,471370524,2,9,0,18,19,7,3,0,0,0,0,0,0,0,4,1,5,6,2,35,6,1598,12,3,HYUNDAI TUCSON,7,E01031597,0,-1
2023320061430,2023,320061430,1,9,0,9,9,6,3,0,0,5,0,0,0,0,4,1,6,6,1,66,10,1685,2,5,HYUNDAI TUCSON,7,E01026106,0,-1
2023141387851,2023,141387851,1,9,0,9,9,5,3,0,0,1,0,0,0,0,3,1,1,1,1,32,6,1685,2,7,HYUNDAI TUCSON,9,E01008047,0,-1
2023631324674,2023,631324674,1,9,0,14,14,8,5,0,0,0,0,0,0,0,1,1,5,6,2,44,7,1598,1,2,HYUNDAI TUCSON,7,W01000532,0,-1
2023122300249,2023,122300249,2,9,0,17,19,4,2,0,0,0,0,0,7,0,2,1,6,6,1,56,9,1591,1,5,HYUNDAI TUCSON,10,E01013425,0,-1
2023401379977,2023,401379977,2,9,0,18,19,7,3,0,0,7,0,0,0,0,4,1,6,6,2,49,8,1598,8,2,HYUNDAI TUCSON,2,E01015705,0,-1
2023320512525,2023,320512525,2,9,0,17,19,7,4,0,0,0,0,0,0,0,1,1,2,2,2,49,8,1591,1,6,HYUNDAI TUCSON,5,E01026224,0,-1
2023371348869,2023,371348869,1,9,0,-1,-1,-1,-1,-1,-1,0,-1,-1,-1,0,1,1,6,6,1,18,4,1591,1,4,HYUNDAI TUCSON,1,E01022045,0,-1
2023430427523,2023,430427523,3,9,0,9,9,8,6,0,0,8,0,0,0,0,1,1,6,6,2,33,6,1598,8,0,HYUNDAI TUCSON,6,E01017554,0,-1
2023471300397,2023,471300397,2,9,0,10,10,2,8,0,0,1,0,0,0,0,2,1,5,6,1,75,10,1591,1,5,HYUNDAI TUCSON,7,E01021165,0,-1
2023010436403,2023,010436403,1,9,0,99,99,9,9,99,99,9,9,99,9,99,2,9,6,6,1,44,7,1598,8,0,HYUNDAI TUCSON,9,E01000266,0,-1
2023201387492,2023,201387492,4,9,0,3,3,1,5,0,0,0,0,0,0,0,1,1,5,6,1,46,8,1598,8,1,HYUNDAI TUCSON,8,E01009920,0,-1
2023421319511,2023,421319511,4,9,0,3,3,1,1,0,0,1,0,0,0,0,0,1,6,6,3,-1,-1,1685,2,7,HYUNDAI TUCSON,-1,-1,0,-1
2023461308784,2023,461308784,2,9,0,2,2,0,0,9,9,0,0,0,0,0,3,1,6,6,2,43,7,1598,1,2,HYUNDAI TUCSON,3,E01024529,0,-1
2023430027496,2023,430027496,1,9,0,18,19,1,5,0,0,1,0,0,0,0,1,1,6,6,1,57,9,1591,1,4,HYUNDAI TUCSON,3,E01028519,0,-1
2023010459609,2023,010459609,1,9,0,12,12,3,7,0,0,0,0,0,0,0,3,1,6,6,2,44,7,1591,1,6,HYUNDAI TUCSON,2,E01000072,0,-1
2023430073164,2023,430073164,1,9,0,11,11,5,8,0,0,5,0,10,0,0,1,1,6,6,1,44,7,1591,1,6,HYUNDAI TUCSON,3,E01004568,0,-1
2023070352387,2023,070352387,1,9,0,5,5,4,8,0,0,1,0,0,0,0,0,1,6,6,2,58,9,1598,8,2,HYUNDAI TUCSON,10,E01018698,0,-1
2023231291952,2023,231291952,1,9,0,5,5,3,7,0,0,1,0,0,0,0,1,1,6,6,1,24,5,1685,2,7,HYUNDAI TUCSON,9,E01028434,0,-1
2023501280308,2023,501280308,2,9,0,18,19,8,4,0,0,8,0,0,0,0,3,1,5,6,2,32,6,1591,1,4,HYUNDAI TUCSON,1,E01015263,0,-1
2023320085931,2023,320085931,1,9,0,18,19,2,6,0,0,0,0,0,0,0,0,1,1,1,2,40,7,1995,2,2,HYUNDAI TUCSON,3,E01026178,0,-1
2023101367993,2023,101367993,1,9,0,18,19,8,4,0,0,8,0,0,0,0,1,1,6,6,2,32,6,1991,2,14,HYUNDAI TUCSON,2,E01008655,0,-1
2023461304011,2023,461304011,2,9,0,18,19,3,7,0,0,2,0,0,0,0,4,1,1,1,2,20,4,1995,2,7,HYUNDAI TUCSON,7,E01024422,0,-1
2023421275826,2023,421275826,2,9,0,4,4,8,4,0,0,0,0,0,0,0,2,1,5,6,1,45,7,1975,1,14,HYUNDAI TUCSON,3,E01000107,0,-1
2023010461126,2023,010461126,1,9,0,18,19,3,7,0,0,1,0,0,0,0,2,2,6,6,2,46,8,1591,1,4,HYUNDAI TUCSON,3,E01000092,0,-1
2023231305379,2023,231305379,2,9,0,2,2,0,0,0,0,0,0,0,0,0,0,1,3,7,1,52,8,1591,1,6,HYUNDAI TUCSON,10,E01031232,0,-1
2023131348300,2023,131348300,1,9,0,3,3,4,8,0,0,0,0,0,0,0,2,1,2,2,2,43,7,1598,8,1,HYUNDAI TUCSON,9,E01010773,0,-1
2023461290853,2023,461290853,1,9,0,4,4,6,2,0,0,0,0,0,0,0,1,1,6,6,1,56,9,1991,2,14,HYUNDAI TUCSON,7,E01029981,0,-1
2023031275769,2023,031275769,1,9,-1,-1,-1,-1,-1,-1,-1,-1,-1,-1,-1,0,1,1,2,2,2,33,6,1598,8,1,HYUNDAI TUCSON,-1,-1,0,-1
2023622300077,2023,622300077,1,9,0,9,9,3,1,0,0,8,0,0,0,0,1,1,6,6,2,59,9,1685,2,6,HYUNDAI TUCSON,8,W01001030,0,-1
2023041338308,2023,041338308,1,9,0,18,19,-1,-1,0,0,1,0,0,0,0,1,1,6,6,3,-1,-1,1991,2,16,HYUNDAI TUCSON,-1,-1,0,-1
2023440286687,2023,440286687,1,9,0,18,19,3,7,0,0,0,0,0,0,0,2,1,2,2,1,55,8,1685,2,6,HYUNDAI TUCSON,6,E01031509,0,-1
2023340WN5692,2023,340WN5692,2,9,0,4,4,3,7,0,0,0,0,0,0,0,2,1,6,6,2,53,8,1591,1,5,HYUNDAI TUCSON,1,E01027199,0,-1
2023010430862,2023,010430862,1,9,0,99,99,9,9,99,99,9,9,99,9,99,2,9,2,2,2,55,8,1685,2,6,HYUNDAI TUCSON,9,E01001135,0,-1
2023201357320,2023,201357320,3,9,0,2,2,0,0,9,9,0,0,0,0,0,3,1,6,6,1,61,9,1995,2,7,HYUNDAI TUCSON,1,E01010271,0,-1
2023440102949,2023,440102949,1,9,0,9,9,8,5,0,0,5,0,0,1,0,2,1,2,2,1,24,5,1598,8,0,HYUNDAI TUCSON,-1,-1,0,-1
2023501361439,2023,501361439,1,9,0,18,19,3,7,0,0,0,0,0,0,0,1,1,5,6,2,50,8,1685,2,6,HYUNDAI TUCSON,5,E01015070,0,-1
2023201354375,2023,201354375,3,9,0,17,19,2,6,0,0,0,0,0,0,0,1,1,6,6,1,62,9,1598,2,5,HYUNDAI TUCSON,2,E01009210,0,-1
202360A177319,2023,60A177319,2,9,0,18,19,8,4,0,0,1,0,0,1,0,1,1,6,6,2,53,8,1598,1,2,HYUNDAI TUCSON,-1,-1,0,-1
2023201448399,2023,201448399,2,9,0,2,2,0,0,99,99,0,0,0,0,0,2,1,6,6,1,39,7,1591,1,4,HYUNDAI TUCSON,3,E01009597,0,-1
2023631388272,2023,631388272,2,9,0,4,4,3,7,0,0,0,0,0,0,0,3,1,6,6,1,86,11,1598,8,1,HYUNDAI TUCSON,7,W01000684,0,-1
2023070774786,2023,070774786,2,9,0,5,5,1,7,0,0,2,0,0,0,0,1,1,6,6,1,74,10,1685,2,6,HYUNDAI TUCSON,1,E01006863,0,-1
2023061371184,2023,061371184,1,9,0,18,19,7,3,0,0,4,0,0,0,0,1,1,6,6,2,50,8,1598,1,0,HYUNDAI TUCSON,3,E01004909,0,-1
2023501372587,2023,501372587,2,9,0,4,4,2,6,0,0,0,0,0,0,0,4,1,6,6,1,53,8,1591,1,3,HYUNDAI TUCSON,9,E01019952,0,-1
2023440149475,2023,440149475,3,9,0,2,2,0,0,0,0,0,0,0,0,0,2,1,6,6,3,-1,-1,1591,1,3,HYUNDAI TUCSON,-1,-1,0,-1
2023161269626,2023,161269626,2,9,0,18,19,5,1,0,0,0,1,0,0,0,1,1,6,6,2,76,11,1591,1,3,HYUNDAI TUCSON,3,E01027833,0,-1
2023201405904,2023,201405904,1,9,0,18,19,3,7,0,0,1,0,0,0,0,1,1,6,6,1,-1,-1,1598,1,1,HYUNDAI TUCSON,-1,-1,0,-1
2023440056284,2023,440056284,1,9,0,3,3,2,6,0,0,0,0,0,0,0,2,1,6,6,1,35,6,1591,1,4,HYUNDAI TUCSON,7,E01022938,0,-1
2023340WN0842,2023,340WN0842,2,9,0,4,4,7,3,0,0,0,0,10,2,0,2,1,2,2,2,27,6,1591,1,5,HYUNDAI TUCSON,8,E01027294,0,-1
2023631307892,2023,631307892,1,9,0,9,9,7,5,0,0,5,0,0,0,0,4,1,5,6,1,81,11,1591,1,5,HYUNDAI TUCSON,8,W01001423,0,-1
2023221328974,2023,221328974,2,9,0,3,3,8,3,0,0,1,0,0,0,0,2,1,5,6,2,67,10,1598,8,0,HYUNDAI TUCSON,7,E01032180,0,-1
202360A008416,2023,60A008416,2,9,0,9,9,1,7,0,0,5,0,0,0,0,3,1,6,6,1,40,7,1591,1,4,HYUNDAI TUCSON,-1,-1,0,-1
2023141314638,2023,141314638,1,9,0,18,19,5,1,0,0,1,1,0,0,0,1,1,5,6,1,36,7,1591,1,4,HYUNDAI TUCSON,4,E01007699,0,-1
2023141365505,2023,141365505,3,9,0,3,3,1,5,0,0,1,0,0,0,0,4,1,5,6,2,20,4,1591,1,4,HYUNDAI TUCSON,5,E01007650,0,-1
2023141284604,2023,141284604,3,9,0,18,19,6,2,0,0,0,0,0,0,0,1,1,5,6,1,65,9,1598,1,1,HYUNDAI TUCSON,5,E01007505,0,-1
2023071141356,2023,071141356,2,9,0,4,4,2,6,0,0,0,0,0,0,0,2,1,6,6,2,48,8,1591,1,4,HYUNDAI TUCSON,8,E01012387,0,-1
2023211364508,2023,211364508,2,9,0,3,3,1,5,0,0,1,0,0,0,0,2,1,5,6,1,60,9,1598,1,2,HYUNDAI TUCSON,4,E01028836,0,-1
2023471383217,2023,471383217,1,9,0,18,19,3,1,0,0,0,1,0,1,4,1,2,2,2,1,47,8,1975,1,18,HYUNDAI TUCSON,10,E01021083,0,-1
2023545614523,2023,545614523,2,9,0,18,19,4,8,0,0,0,0,0,0,0,1,1,6,6,2,38,7,1685,2,6,HYUNDAI TUCSON,6,E01031889,0,-1
2023061327919,2023,061327919,2,9,0,18,19,6,8,0,0,2,0,0,0,0,4,1,6,6,2,50,8,1598,8,0,HYUNDAI TUCSON,6,E01005010,0,-1
2023501346975,2023,501346975,3,9,0,3,3,7,3,0,0,0,0,0,0,0,2,1,5,6,1,79,11,1598,8,1,HYUNDAI TUCSON,5,E01020123,0,-1
2023361327008,2023,361327008,2,9,0,18,19,7,3,0,0,0,0,0,0,0,1,1,6,6,1,42,7,1598,8,0,HYUNDAI TUCSON,9,E01032993,0,-1
2023311321794,2023,311321794,1,9,0,1,1,1,2,9,9,0,0,0,0,0,1,1,5,6,1,89,11,1591,1,4,HYUNDAI TUCSON,9,E01028009,0,-1
2023111341674,2023,111341674,2,9,0,18,19,1,5,0,0,0,0,0,0,0,1,1,6,6,1,71,10,1598,8,0,HYUNDAI TUCSON,5,E01012052,0,-1
2023010486987,2023,010486987,2,9,0,99,99,9,9,99,99,9,9,99,9,99,9,9,6,6,2,-1,-1,1598,1,1,HYUNDAI TUCSON,-1,-1,0,-1
2023361337131,2023,361337131,1,9,0,10,10,3,7,0,0,1,0,0,0,0,2,1,5,6,2,69,10,1995,2,4,HYUNDAI TUCSON,5,E01026648,0,-1
2023622300599,2023,622300599,3,9,0,18,19,7,3,0,0,0,0,0,1,0,1,1,6,6,2,51,8,1598,12,3,HYUNDAI TUCSON,9,W01001349,0,-1
2023451368135,2023,451368135,1,9,0,3,3,7,3,0,0,0,0,0,0,0,2,1,5,6,2,33,6,1685,2,8,HYUNDAI TUCSON,9,E01024298,0,-1
2023131314288,2023,131314288,2,9,0,18,19,5,1,0,0,0,0,0,0,0,2,1,5,6,2,59,9,1685,2,6,HYUNDAI TUCSON,7,E01026978,0,-1
2023610027523,2023,610027523,1,9,0,18,19,4,8,0,0,8,1,0,2,11,1,1,6,6,1,28,6,1591,1,5,HYUNDAI TUCSON,3,W01001634,0,-1
2023010468075,2023,010468075,1,9,0,99,99,9,9,99,99,9,9,99,9,99,2,9,6,6,2,36,7,1591,1,4,HYUNDAI TUCSON,7,E01002972,0,-1
2023430348296,2023,430348296,2,9,0,18,19,8,4,0,0,4,0,0,0,0,1,1,6,6,2,47,8,1591,1,5,HYUNDAI TUCSON,8,E01017628,0,-1
2023010446707,2023,010446707,2,9,0,99,99,9,9,99,99,9,9,99,9,99,9,9,6,6,3,-1,-1,1591,1,6,HYUNDAI TUCSON,2,E01000600,0,-1
2023302300442,2023,302300442,2,9,0,2,2,0,0,6,6,2,0,0,0,0,1,1,6,6,3,-1,-1,1598,1,1,HYUNDAI TUCSON,-1,-1,0,-1
2023201277778,2023,201277778,2,9,0,3,3,1,5,0,0,1,0,0,0,0,2,1,6,6,2,37,7,1591,1,6,HYUNDAI TUCSON,1,E01033628,0,-1
2023461338409,2023,461338409,3,9,0,3,3,6,2,0,0,1,0,0,0,0,2,1,5,6,1,75,10,1598,8,1,HYUNDAI TUCSON,-1,-1,0,-1
2023991268468,2023,991268468,2,9,0,18,19,8,3,0,0,0,0,0,0,0,2,1,2,2,2,38,7,1685,2,7,HYUNDAI TUCSON,-1,-1,0,-1
2023430028647,2023,430028647,2,9,0,9,9,5,3,0,0,8,0,0,0,0,2,1,6,6,1,50,8,1598,1,1,HYUNDAI TUCSON,9,E01028422,0,-1
2023461344150,2023,461344150,1,9,0,18,19,3,7,0,0,1,0,0,0,0,3,1,1,1,2,39,7,1598,8,2,HYUNDAI TUCSON,6,E01024530,0,-1
2023440457045,2023,440457045,3,9,0,18,19,8,4,0,0,0,0,0,1,0,1,1,6,6,1,69,10,1591,1,4,HYUNDAI TUCSON,5,E01023027,0,-1
2023411387002,2023,411387002,1,9,0,18,19,5,1,0,0,0,0,0,0,0,1,1,6,6,1,24,5,1685,2,7,HYUNDAI TUCSON,4,E01023349,0,-1
2023010482861,2023,010482861,2,9,0,99,99,9,9,99,99,9,9,99,9,99,9,9,6,6,3,-1,-1,1598,8,0,HYUNDAI TUCSON,-1,-1,0,-1
2023991352804,2023,991352804,2,9,0,18,19,4,8,0,0,1,0,0,0,0,1,1,2,2,2,46,8,1591,1,4,HYUNDAI TUCSON,2,-1,0,-1
2023052300694,2023,052300694,2,9,0,18,19,2,6,0,0,8,0,0,0,0,1,1,6,6,2,25,5,1685,2,6,HYUNDAI TUCSON,1,E01007004,0,-1
2023451355368,2023,451355368,2,9,0,4,4,1,5,0,0,0,0,0,0,0,2,1,6,6,2,45,7,1598,8,0,HYUNDAI TUCSON,10,E01023101,0,-1
2023451344432,2023,451344432,2,9,0,18,19,1,5,0,0,0,0,0,1,0,1,1,1,1,2,54,8,1591,1,4,HYUNDAI TUCSON,10,E01030726,0,-1
2023461268445,2023,461268445,2,9,0,2,2,2,3,0,0,0,0,0,0,0,0,1,1,1,1,62,9,1598,8,0,HYUNDAI TUCSON,4,E01024195,0,-1
2023991314341,2023,991314341,2,9,0,18,19,8,4,0,0,8,0,0,0,0,1,1,5,6,2,36,7,1598,12,2,HYUNDAI TUCSON,3,-1,0,-1
2023161360118,2023,161360118,1,9,0,18,19,1,6,0,0,0,0,0,0,0,1,1,6,6,2,-1,-1,1591,1,6,HYUNDAI TUCSON,-1,-1,0,-1
2023320254421,2023,320254421,2,9,0,18,19,4,8,0,0,0,0,0,0,0,1,1,6,6,2,57,9,1685,2,5,HYUNDAI TUCSON,4,E01028294,0,-1
2023531269381,2023,531269381,2,9,0,3,3,4,8,0,0,0,0,0,0,0,2,1,6,6,2,35,6,1598,2,5,HYUNDAI TUCSON,6,E01028771,0,-1
2023520301040,2023,520301040,1,9,0,16,19,5,1,0,0,0,0,0,0,0,1,2,6,6,1,22,5,1598,8,2,HYUNDAI TUCSON,10,W01001543,0,-1
2023070926248,2023,070926248,3,9,0,18,19,1,5,0,0,1,0,0,0,0,3,1,6,6,2,31,6,1598,8,2,HYUNDAI TUCSON,9,E01018636,0,-1
2023010468939,2023,010468939,1,9,9,99,99,9,9,99,99,9,9,99,9,99,9,9,6,6,1,38,7,1685,2,6,HYUNDAI TUCSON,3,E01004012,0,-1
2023010474770,2023,010474770,1,9,0,12,12,3,7,0,0,2,0,0,0,0,2,1,6,6,2,-1,-1,1591,1,4,HYUNDAI TUCSON,2,E01022006,0,-1
2023211331993,2023,211331993,1,9,0,10,10,2,3,0,0,1,0,0,0,0,2,1,6,6,2,55,8,1591,1,4,HYUNDAI TUCSON,2,E01014276,0,-1
2023141273563,2023,141273563,1,9,0,9,9,8,6,0,0,5,0,0,0,0,1,1,2,2,1,43,7,1995,2,6,HYUNDAI TUCSON,1,E01008103,0,-1
2023371279106,2023,371279106,1,9,0,18,19,6,2,0,0,0,1,0,0,0,1,1,5,6,1,19,4,1598,8,1,HYUNDAI TUCSON,8,E01033476,0,-1
2023332300326,2023,332300326,1,9,0,4,4,8,4,0,0,0,0,0,0,0,1,1,6,6,2,30,6,1591,1,4,HYUNDAI TUCSON,8,E01025830,0,-1
2023131350066,2023,131350066,2,9,0,18,19,7,3,0,0,0,0,0,0,0,2,1,5,6,1,56,9,1598,12,3,HYUNDAI TUCSON,8,E01018670,0,-1
2023201297402,2023,201297402,1,9,0,18,19,5,1,0,0,8,0,7,7,0,1,1,6,6,1,21,5,1598,12,3,HYUNDAI TUCSON,2,E01010310,0,-1
2023010458973,2023,010458973,1,9,0,99,99,9,9,99,99,9,9,99,9,99,9,9,6,6,1,60,9,1598,8,0,HYUNDAI TUCSON,4,E01003743,0,-1
2023991260501,2023,991260501,2,9,0,18,19,2,6,0,0,8,0,0,0,0,1,1,5,6,1,40,7,1591,1,4,HYUNDAI TUCSON,10,-1,0,-1
2023131346847,2023,131346847,1,9,0,18,19,2,6,0,0,0,0,0,0,0,1,1,1,1,1,44,7,1598,8,0,HYUNDAI TUCSON,2,E01011759,0,-1
2023010440950,2023,010440950,2,9,0,18,19,3,7,0,0,8,0,0,0,0,1,1,6,6,1,33,6,1685,2,6,HYUNDAI TUCSON,-1,-1,0,-1
2023201377568,2023,201377568,1,9,0,7,7,4,6,0,0,5,0,0,0,0,1,1,5,6,2,62,9,1591,1,3,HYUNDAI TUCSON,3,E01009316,0,-1
2023211317471,2023,211317471,1,9,0,18,19,4,8,0,0,8,0,0,0,0,4,1,6,6,2,62,9,1598,8,1,HYUNDAI TUCSON,2,E01014278,0,-1
202363A006023,2023,63A006023,4,9,0,10,10,4,2,0,0,8,0,0,0,0,2,1,6,6,2,35,6,1598,8,1,HYUNDAI TUCSON,4,W01000730,0,-1
2023052302486,2023,052302486,1,8,0,5,5,1,7,0,0,1,0,0,0,0,3,1,1,1,1,37,7,1685,2,6,-1,3,E01007020,0,-1
2023440243095,2023,440243095,1,9,0,3,3,1,5,0,0,1,0,0,0,0,2,1,2,2,1,56,9,1598,8,2,HYUNDAI TUCSON,9,E01023147,0,-1
2023451290623,2023,451290623,1,9,0,18,19,3,7,0,0,1,0,0,0,0,1,1,6,6,1,78,11,1598,12,2,HYUNDAI TUCSON,8,E01030528,0,-1
2023052303012,2023,052303012,1,9,0,18,19,2,6,0,0,0,0,0,0,0,1,1,6,6,1,67,10,1591,1,3,HYUNDAI TUCSON,4,E01006617,0,-1
2023061340509,2023,061340509,1,9,0,18,19,6,2,0,0,1,0,0,0,0,1,1,5,6,1,22,5,1685,2,6,HYUNDAI TUCSON,2,E01006218,0,-1
2023041296414,2023,041296414,1,9,0,12,12,5,7,0,0,0,0,0,0,0,1,1,6,6,3,-1,-1,1591,1,4,HYUNDAI TUCSON,-1,-1,0,-1
2023361338526,2023,361338526,2,9,0,17,19,7,1,0,0,0,0,0,0,0,1,1,5,6,1,55,8,1598,8,0,HYUNDAI TUCSON,6,E01026479,0,-1
2023221342310,2023,221342310,1,9,0,18,19,7,3,0,0,0,0,0,7,4,1,1,5,6,2,61,9,1685,2,6,HYUNDAI TUCSON,1,E01009155,0,-1
2023010482289,2023,010482289,1,9,0,99,99,9,9,99,99,9,9,99,9,99,9,9,6,6,1,34,6,1598,8,0,HYUNDAI TUCSON,3,E01001117,0,-1
2023461276781,2023,461276781,2,9,0,16,19,2,4,0,0,0,0,0,0,0,1,1,5,6,1,42,7,1591,1,5,HYUNDAI TUCSON,4,E01024243,0,-1
2023201281872,2023,201281872,2,9,0,18,19,4,8,0,0,8,0,0,0,0,1,1,6,6,1,30,6,1591,1,4,HYUNDAI TUCSON,9,E01029672,0,-1
2023610028823,2023,610028823,1,9,0,18,19,8,4,0,0,8,0,0,0,1,1,1,6,6,1,47,8,1991,2,18,HYUNDAI TUCSON,10,W01001669,0,-1
2023302301821,2023,302301821,2,9,0,18,19,8,4,0,0,1,0,0,0,0,1,1,2,2,1,59,9,1598,8,1,HYUNDAI TUCSON,2,E01018640,0,-1
2023471356139,2023,471356139,3,9,0,2,2,7,3,0,0,2,0,0,0,0,2,1,6,6,3,-1,-1,1591,1,5,HYUNDAI TUCSON,-1,-1,0,-1
2023010449495,2023,010449495,2,9,0,99,99,9,9,99,99,9,9,99,9,99,1,9,6,6,3,-1,-1,1591,1,7,HYUNDAI TUCSON,3,E01021594,0,-1