collision_index,collision_year,collision_ref_no,vehicle_reference,vehicle_type,towing_and_articulation,vehicle_manoeuvre_historic,vehicle_manoeuvre,vehicle_direction_from,vehicle_direction_to,vehicle_location_restricted_lane_historic,vehicle_location_restricted_lane,junction_location,skidding_and_overturning,hit_object_in_carriageway,vehicle_leaving_carriageway,hit_object_off_carriageway,first_point_of_impact,vehicle_left_hand_drive,journey_purpose_of_driver_historic,journey_purpose_of_driver,sex_of_driver,age_of_driver,age_band_of_driver,engine_capacity_cc,propulsion_code,age_of_vehicle,generic_make_model,driver_imd_decile,lsoa_of_driver,escooter_flag,driver_distance_banding
2023440466586,2023,440466586,1,9,0,18,19,1,5,0,0,1,0,0,0,0,1,1,2,2,1,33,6,1595,1,17,SEAT ALTEA,4,E01022804,0,-1
2023211352619,2023,211352619,2,9,0,14,14,7,3,0,0,0,0,0,0,0,1,1,6,6,1,51,8,1598,2,13,SEAT ALTEA,2,E01010476,0,-1
2023131340447,2023,131340447,2,9,0,4,4,1,5,0,0,0,0,0,0,0,2,1,2,2,1,58,9,1968,2,16,SEAT ALTEA,8,E01010905,0,-1
2023161312265,2023,161312265,2,9,0,18,19,5,1,0,0,0,0,0,0,0,1,1,2,2,2,38,7,1896,2,15,SEAT ALTEA,3,E01013286,0,-1
2023451275028,2023,451275028,2,9,0,2,2,5,5,9,9,0,1,0,0,0,2,1,6,6,3,-1,-1,1595,1,17,SEAT ALTEA,-1,-1,0,-1
2023141324047,2023,141324047,2,9,0,18,19,5,2,0,0,0,0,0,0,0,1,1,2,2,1,77,11,1598,2,9,SEAT ALTEA,2,E01007998,0,-1
2023141283858,2023,141283858,1,9,0,18,19,5,1,0,0,0,0,0,0,0,1,1,5,6,2,64,9,1604,1,16,SEAT ALTEA,1,E01008124,0,-1
2023061378999,2023,061378999,2,9,0,10,10,2,8,0,0,1,0,0,0,0,1,1,5,6,1,42,7,1968,2,17,SEAT ALTEA,2,E01006249,0,-1
2023451334739,2023,451334739,2,9,0,18,19,1,5,0,0,1,0,0,0,0,1,1,5,6,1,74,10,1598,2,11,SEAT ALTEA,8,E01030628,0,-1
2023131290755,2023,131290755,1,9,0,7,7,3,7,0,0,0,0,0,0,0,3,1,1,1,1,44,7,1598,2,9,SEAT ALTEA,3,E01011477,0,-1
2023340NN4212,2023,340NN4212,1,9,0,5,5,5,1,0,0,0,0,0,0,0,4,1,6,6,2,69,10,1595,1,16,SEAT ALTEA,5,E01026973,0,-1
2023440498869,2023,440498869,2,9,0,7,7,7,2,0,0,6,0,0,1,4,1,1,6,6,1,56,9,1968,2,16,SEAT ALTEA,-1,-1,0,-1
2023622300991,2023,622300991,1,9,0,12,12,6,2,0,0,0,1,0,1,7,1,1,6,6,1,25,5,1896,2,14,SEAT ALTEA,9,W01001031,0,-1
2023031324944,2023,031324944,3,9,0,2,2,0,0,0,0,0,0,0,0,0,1,1,5,6,2,54,8,1896,2,15,SEAT ALTEA,-1,-1,0,-1
2023211277887,2023,211277887,2,9,0,2,2,1,5,0,0,0,0,0,0,0,4,1,5,6,2,31,6,1896,2,16,SEAT ALTEA,1,E01010450,0,-1
2023302301376,2023,302301376,1,9,0,4,4,2,6,0,0,4,0,0,0,0,1,1,6,6,1,36,7,1598,2,11,SEAT ALTEA,3,E01013572,0,-1
2023351295830,2023,351295830,2,9,0,18,19,5,1,0,0,0,0,0,0,0,2,1,5,6,1,49,8,1595,1,15,SEAT ALTEA,10,E01027116,0,-1
2023201285220,2023,201285220,1,9,0,4,4,1,5,0,0,1,0,0,0,0,1,1,6,6,1,-1,-1,1598,2,12,SEAT ALTEA,-1,-1,0,-1
2023351359014,2023,351359014,1,9,0,18,19,-1,-1,0,0,0,0,0,1,4,1,1,5,6,1,63,9,1896,2,16,SEAT ALTEA,1,E01015661,0,-1
2023351339923,2023,351339923,2,9,0,18,19,-1,-1,0,0,8,0,0,0,0,1,1,6,6,2,31,6,1598,2,11,SEAT ALTEA,8,E01027074,0,-1
2023522301853,2023,522301853,1,9,0,17,19,1,6,0,0,8,0,0,1,10,3,1,6,6,3,26,6,1595,1,17,SEAT ALTEA,1,E01014574,0,-1
2023543269923,2023,543269923,1,9,0,18,19,4,8,0,0,8,0,0,0,0,1,1,6,6,1,35,6,1598,2,9,SEAT ALTEA,4,E01032087,0,-1
2023430252332,2023,430252332,1,9,0,9,9,6,4,0,0,8,0,0,0,0,3,1,6,6,2,27,6,1896,2,14,SEAT ALTEA,5,E01016768,0,-1
2023041370704,2023,041370704,1,9,0,9,9,5,1,0,0,6,0,0,0,0,1,1,6,6,3,-1,-1,1595,1,15,SEAT ALTEA,-1,-1,0,-1
2023622300879,2023,622300879,2,9,0,2,2,0,0,0,0,1,0,0,0,0,2,1,6,6,1,58,9,1896,2,14,SEAT ALTEA,5,W01001186,0,-1
2023501370857,2023,501370857,1,9,0,18,19,6,2,0,0,0,0,0,0,0,1,1,6,6,1,37,7,1896,2,14,SEAT ALTEA,6,E01023155,0,-1
2023031387914,2023,031387914,2,9,0,18,19,6,3,0,0,6,0,0,0,0,4,1,5,6,2,40,7,1896,2,15,SEAT ALTEA,5,E01019388,0,-1
2023501353518,2023,501353518,2,9,0,4,4,5,1,0,0,0,0,0,0,0,0,1,1,1,2,51,8,1598,2,12,SEAT ALTEA,4,E01018892,0,-1
2023010442353,2023,010442353,1,9,0,18,19,5,1,0,0,1,0,0,0,0,1,1,2,2,1,37,7,1896,2,15,SEAT ALTEA,-1,-1,0,-1
2023451340937,2023,451340937,1,8,0,16,19,5,2,0,0,0,0,0,0,0,1,1,1,1,1,55,8,2497,8,2,-1,5,E01032836,0,-1
2023010474460,2023,010474460,2,9,0,18,19,7,3,0,0,6,1,0,0,0,2,1,6,6,1,59,9,2497,8,2,-1,3,E01002612,0,-1
2023061336090,2023,061336090,1,9,0,18,19,6,2,0,0,2,0,0,0,0,4,1,6,6,1,47,8,2497,8,2,-1,1,E01005187,0,-1
2023010482014,2023,010482014,2,9,0,4,4,1,5,0,0,0,0,0,0,0,1,1,6,6,1,26,6,2497,8,2,-1,3,E01001808,0,-1
2023010448731,2023,010448731,2,5,0,16,19,2,6,7,6,1,1,0,7,0,1,1,6,6,1,24,5,675,1,10,TRIUMPH DAYTONA,2,E01004398,0,-1
2023501322990,2023,501322990,1,5,0,16,19,7,3,0,0,0,0,0,0,0,1,1,5,6,1,27,6,675,1,16,TRIUMPH DAYTONA,-1,-1,0,-1
2023471353121,2023,471353121,2,5,0,18,19,5,1,0,0,8,1,0,1,0,1,1,5,6,1,27,6,955,1,23,TRIUMPH DAYTONA,9,E01022600,0,-1
2023430330803,2023,430330803,2,5,0,18,19,6,2,0,0,0,0,0,0,0,2,1,2,2,1,47,8,675,1,11,TRIUMPH DAYTONA,4,E01022552,0,-1
2023991347378,2023,991347378,1,5,0,13,13,4,8,6,6,0,1,0,1,0,3,1,1,1,1,29,6,953,1,18,TRIUMPH DAYTONA,-1,-1,0,-1
2023031297162,2023,031297162,2,5,0,17,19,7,3,9,9,0,2,0,1,0,3,1,5,6,1,29,6,675,1,13,TRIUMPH DAYTONA,2,E01019207,0,-1
2023161309061,2023,161309061,1,5,0,18,19,3,7,0,0,6,0,0,0,0,3,1,6,6,1,29,6,675,1,11,TRIUMPH DAYTONA,8,E01013185,0,-1
2023451357830,2023,451357830,2,5,0,18,19,5,1,0,0,1,0,0,0,0,1,1,2,2,1,48,8,599,1,20,TRIUMPH DAYTONA,7,E01030850,0,-1
2023302301356,2023,302301356,1,5,0,18,19,2,6,0,0,0,0,0,0,0,3,1,6,6,1,38,7,675,1,9,TRIUMPH DAYTONA,1,E01019662,0,-1
2023221362194,2023,221362194,2,5,0,16,19,5,8,0,0,0,0,0,7,0,1,1,5,6,1,39,7,675,1,13,TRIUMPH DAYTONA,3,E01032478,0,-1
2023440512712,2023,440512712,1,5,0,18,19,8,4,0,0,0,1,0,1,1,4,1,6,6,1,29,6,675,1,10,TRIUMPH DAYTONA,4,E01022804,0,-1
2023501310210,2023,501310210,1,5,0,18,19,5,7,0,0,1,0,0,0,0,1,1,6,6,1,40,7,675,1,10,TRIUMPH DAYTONA,6,E01029091,0,-1
202360A141901,2023,60A141901,1,5,0,11,11,4,7,0,0,1,0,0,0,0,0,1,6,6,1,57,9,675,1,13,TRIUMPH DAYTONA,-1,-1,0,-1
2023421343529,2023,421343529,1,5,0,5,5,6,2,0,0,0,1,0,0,0,1,1,6,6,1,59,9,955,1,16,TRIUMPH DAYTONA,7,E01021966,0,-1
2023991331966,2023,991331966,1,2,0,16,19,3,7,0,0,0,2,0,3,11,3,1,5,6,1,31,6,955,1,20,-1,2,-1,0,-1
2023461360006,2023,461360006,2,5,0,14,14,4,4,0,0,0,0,0,0,0,4,1,6,6,1,51,8,675,1,11,TRIUMPH DAYTONA,5,E01033089,0,-1
202360A105446,2023,60A105446,2,5,0,18,19,2,6,0,0,0,0,0,0,0,1,1,2,2,1,45,7,675,1,14,TRIUMPH DAYTONA,-1,-1,0,-1
2023440525694,2023,440525694,1,5,0,18,19,6,2,0,0,0,1,0,0,0,3,1,6,6,1,35,6,675,1,7,TRIUMPH DAYTONA,6,E01022666,0,-1
2023631307493,2023,631307493,2,5,0,18,19,6,2,0,0,8,0,0,0,0,4,1,5,6,1,63,9,675,1,12,TRIUMPH DAYTONA,3,E01006273,0,-1
2023440292136,2023,440292136,3,5,0,3,3,7,3,0,0,0,0,0,0,0,3,1,6,6,1,28,6,675,1,9,TRIUMPH DAYTONA,7,E01022477,0,-1
2023501355787,2023,501355787,1,5,0,16,19,5,1,0,0,0,1,0,0,0,4,1,6,6,1,25,5,675,1,13,TRIUMPH DAYTONA,2,E01018865,0,-1
2023440220661,2023,440220661,1,5,0,18,19,1,5,0,0,8,0,0,0,0,1,1,6,6,1,63,9,675,1,12,TRIUMPH DAYTONA,10,E01022366,0,-1
2023061338519,2023,061338519,2,5,0,16,19,3,6,0,0,0,0,0,0,0,1,1,6,6,1,66,10,955,1,21,TRIUMPH DAYTONA,7,E01006252,0,-1
2023421288757,2023,421288757,1,5,0,4,4,2,5,0,0,1,1,0,0,0,1,1,5,6,1,42,7,675,1,13,TRIUMPH DAYTONA,7,E01021950,0,-1
2023440392870,2023,440392870,2,2,0,18,19,8,4,0,0,1,1,0,0,0,0,1,6,6,2,59,9,-1,3,1,-1,4,E01017081,0,-1
2023361372498,2023,361372498,1,5,0,18,19,4,8,0,0,0,0,0,0,0,1,1,6,6,1,45,7,599,1,14,YAMAHA FZ,5,E01026726,0,-1
2023991314520,2023,991314520,1,5,0,13,13,3,7,0,0,0,5,0,7,0,4,1,5,6,1,56,9,998,1,14,YAMAHA FZ,6,-1,0,-1
2023531311876,2023,531311876,1,5,0,17,19,8,2,0,0,0,0,0,1,9,1,1,5,6,1,62,9,599,1,19,YAMAHA FZ,10,E01032072,0,-1
2023010483144,2023,010483144,1,5,0,99,99,9,9,99,99,9,9,99,9,99,1,1,6,6,1,31,6,599,1,14,YAMAHA FZ,6,E01001070,0,-1
202360A141118,2023,60A141118,2,5,0,16,19,3,6,0,0,0,5,0,0,0,4,1,6,6,1,57,9,599,1,19,YAMAHA FZ,-1,-1,0,-1
2023141367211,2023,141367211,1,5,0,18,19,7,3,0,0,0,1,0,0,0,3,1,1,1,1,36,7,600,1,18,YAMAHA FZ,8,E01007888,0,-1
2023451334512,2023,451334512,1,5,0,17,19,5,1,9,9,0,0,0,0,0,1,1,5,6,1,54,8,599,1,19,YAMAHA FZ,3,E01030362,0,-1
2023201337426,2023,201337426,1,5,0,13,13,4,8,0,0,0,0,10,4,0,1,1,5,6,1,25,5,599,1,19,YAMAHA FZ,1,E01009841,0,-1
2023302301351,2023,302301351,1,5,0,17,19,3,7,0,0,0,0,0,1,0,1,1,6,6,2,29,6,600,1,18,YAMAHA FZ,2,E01024929,0,-1
2023991258743,2023,991258743,2,5,0,13,13,5,1,0,0,0,1,0,7,0,4,1,5,6,2,40,7,599,1,16,YAMAHA FZ,6,E01001235,0,-1
2023501323645,2023,501323645,1,5,0,18,19,2,6,0,0,1,2,0,0,0,1,1,1,1,1,28,6,599,1,16,YAMAHA FZ,4,E01019007,0,-1
2023440511181,2023,440511181,2,5,0,18,19,4,8,0,0,1,0,0,0,0,1,1,6,6,1,21,5,599,1,16,YAMAHA FZ,4,E01022810,0,-1
2023522400762,2023,522400762,1,5,0,18,19,6,2,0,0,0,0,0,7,0,3,1,6,6,1,25,5,599,1,15,YAMAHA FZ,10,E01014932,0,-1
2023302300654,2023,302300654,1,5,0,16,19,2,5,0,0,0,0,0,0,0,1,1,6,6,1,31,6,998,1,17,YAMAHA FZ,5,E01031016,0,-1
2023010467711,2023,010467711,2,5,0,99,99,9,9,99,99,0,9,99,9,99,1,1,6,6,3,-1,-1,998,1,14,YAMAHA FZ,-1,-1,0,-1
2023161361589,2023,161361589,1,5,0,18,19,5,1,0,0,0,0,0,1,0,1,1,5,6,2,53,8,998,1,16,YAMAHA FZ,8,E01011743,0,-1
2023201367593,2023,201367593,2,5,0,18,19,6,2,0,0,8,0,0,0,0,1,1,1,1,1,36,7,998,1,12,YAMAHA FZ,5,E01009888,0,-1
2023170H10523,2023,170H10523,2,5,0,18,19,5,1,0,0,8,0,0,0,0,1,1,6,6,1,24,5,599,1,16,YAMAHA FZ,4,E01012002,0,-1
2023461373893,2023,461373893,1,4,0,18,19,3,3,0,0,1,1,0,0,0,4,1,2,2,1,35,6,599,1,16,-1,5,E01016156,0,-1
2023340WN6092,2023,340WN6092,2,5,0,18,19,5,1,0,0,0,1,0,0,6,1,1,2,2,1,51,8,599,1,18,YAMAHA FZ,10,E01027287,0,-1
2023471286815,2023,471286815,1,5,0,18,19,5,1,0,0,0,1,0,0,0,1,1,6,6,2,45,7,998,1,17,YAMAHA FZ,3,E01031430,0,-1
2023471376182,2023,471376182,1,5,0,18,19,7,3,0,0,0,1,0,0,0,3,1,6,6,1,19,4,779,1,12,YAMAHA FZ,7,E01031354,0,-1
2023440349506,2023,440349506,1,5,0,18,19,6,2,0,0,1,1,0,0,0,1,1,6,6,1,43,7,599,1,19,YAMAHA FZ,4,E01017122,0,-1
2023041280260,2023,041280260,1,5,0,18,19,3,7,0,0,0,0,10,1,0,4,1,5,6,1,61,9,600,1,18,YAMAHA FZ,3,E01024996,0,-1
2023471306973,2023,471306973,1,5,0,18,19,3,7,0,0,1,0,0,0,0,4,1,6,6,1,33,6,998,1,15,YAMAHA FZ,3,E01031811,0,-1
2023440213290,2023,440213290,1,5,0,14,14,5,1,0,0,0,1,0,0,0,1,1,2,2,1,64,9,599,1,18,YAMAHA FZ,6,E01022940,0,-1
2023540277223,2023,540277223,1,5,0,13,13,1,5,0,0,1,0,0,7,0,1,1,6,6,1,24,5,599,1,14,YAMAHA FZ,8,E01031918,0,-1
2023010459595,2023,010459595,2,5,0,18,19,5,1,0,0,1,0,0,0,0,3,1,6,6,1,24,5,998,1,14,YAMAHA FZ,7,E01003476,0,-1
2023010481969,2023,010481969,2,5,0,14,14,7,3,0,0,1,0,0,0,0,1,1,6,6,1,41,7,599,1,15,YAMAHA FZ,2,E01003125,0,-1
2023010423477,2023,010423477,2,5,0,13,13,5,1,0,0,1,5,0,0,0,4,1,2,2,1,63,9,599,1,16,YAMAHA FZ,4,E01001518,0,-1
2023440050593,2023,440050593,2,3,0,9,9,8,6,0,0,3,0,0,0,0,2,1,6,6,1,42,7,998,1,16,-1,8,E01022532,0,-1
2023501281008,2023,501281008,1,5,0,18,19,5,1,0,0,8,2,0,0,0,1,1,5,6,1,40,7,599,1,16,YAMAHA FZ,1,E01015260,0,-1
2023411308723,2023,411308723,2,5,0,13,13,4,8,0,0,0,0,0,0,0,1,1,1,1,1,45,7,599,1,19,YAMAHA FZ,1,E01023844,0,-1
2023430319279,2023,430319279,1,5,0,18,19,6,2,0,0,1,1,9,3,0,1,1,6,6,1,27,6,998,1,11,YAMAHA FZ,6,E01030736,0,-1
2023010472297,2023,010472297,1,5,0,18,19,7,3,0,0,1,0,0,0,0,1,1,6,6,3,-1,-1,600,1,18,YAMAHA FZ,-1,-1,0,-1
2023161309435,2023,161309435,2,5,0,18,19,8,4,0,0,1,0,0,0,0,1,1,5,6,1,30,6,779,1,11,YAMAHA FZ,1,E01012789,0,-1
2023010449979,2023,010449979,1,5,0,14,14,5,1,0,0,4,0,0,0,0,1,1,6,6,1,37,7,599,1,15,YAMAHA FZ,5,E01001271,0,-1
2023522301818,2023,522301818,2,5,0,18,19,4,8,0,0,8,0,0,0,0,1,1,6,6,1,34,6,599,1,18,YAMAHA FZ,7,E01014598,0,-1
2023522301349,2023,522301349,2,4,0,18,19,3,7,0,0,0,0,0,0,0,1,1,6,6,1,56,9,599,1,15,-1,1,E01014799,0,-1
2023041308470,2023,041308470,2,5,0,13,13,3,7,0,0,1,0,0,3,2,1,1,2,2,1,54,8,998,1,16,YAMAHA FZ,8,E01024914,0,-1
2023010453959,2023,010453959,2,5,0,14,14,3,7,0,0,2,5,0,0,0,1,1,6,6,1,43,7,599,1,16,YAMAHA FZ,4,E01002607,0,-1
2023131324420,2023,131324420,2,5,0,18,19,4,2,0,0,8,0,0,0,0,1,1,6,6,1,26,6,599,1,14,YAMAHA FZ,9,E01010971,0,-1
2023332300226,2023,332300226,1,5,0,18,19,6,2,0,0,0,1,0,4,0,3,1,6,6,1,28,6,779,1,10,YAMAHA FZ,8,E01009668,0,-1
2023010460947,2023,010460947,1,5,0,3,3,7,3,0,0,2,0,0,0,0,4,1,2,2,2,68,10,600,1,18,YAMAHA FZ,-1,-1,0,-1
2023101354122,2023,101354122,2,5,0,18,19,5,1,0,0,8,0,0,0,0,4,1,2,2,1,34,6,599,1,19,YAMAHA FZ,-1,-1,0,-1
2023010453814,2023,010453814,1,5,0,99,99,9,9,99,99,9,9,99,9,99,9,1,2,2,1,28,6,779,1,11,YAMAHA FZ,8,E01021441,0,-1
2023031265698,2023,031265698,1,5,0,13,13,8,3,0,0,0,2,0,0,0,4,1,2,2,1,56,9,798,1,4,BMW F 800,7,E01019129,0,-1
2023552300489,2023,552300489,2,4,0,14,14,4,8,0,0,0,1,0,0,0,1,1,2,2,1,44,7,798,1,14,-1,9,E01020352,0,-1
2023010424106,2023,010424106,2,5,0,18,19,5,1,0,0,1,0,0,0,0,1,1,6,6,1,54,8,798,1,13,BMW F 800,8,E01001392,0,-1
2023010446302,2023,010446302,1,5,0,99,99,9,9,99,99,9,9,99,9,99,9,1,6,6,1,31,6,798,1,10,BMW F 800,3,E01000872,0,-1
2023070370617,2023,070370617,1,5,0,17,19,8,6,0,0,0,0,0,1,1,4,1,2,2,1,44,7,798,1,4,BMW F 800,8,W01000388,0,-1
2023010438969,2023,010438969,1,5,0,99,99,9,9,99,99,9,9,99,9,99,2,1,6,6,1,57,9,798,1,7,BMW F 800,10,E01033024,0,-1
2023430287384,2023,430287384,1,5,0,18,19,3,7,0,0,8,0,0,0,0,3,1,6,6,1,32,6,798,1,16,BMW F 800,-1,-1,0,-1
2023010433540,2023,010433540,1,5,0,4,4,3,7,0,0,1,0,0,0,0,2,1,2,2,1,39,7,798,1,10,BMW F 800,10,E01023420,0,-1
2023471351129,2023,471351129,2,4,-1,18,19,1,5,0,0,1,0,0,0,0,3,1,5,6,1,40,7,798,1,8,-1,1,E01031429,0,-1
2023010471786,2023,010471786,1,5,0,9,9,5,3,0,0,8,2,0,0,0,2,1,2,2,1,33,6,798,1,11,BMW F 800,6,E01001419,0,-1
2023131302585,2023,131302585,2,5,0,18,19,1,1,0,0,8,0,0,0,0,1,1,6,6,1,59,9,798,1,13,BMW F 800,-1,-1,0,-1
2023631391862,2023,631391862,3,5,0,7,7,3,7,0,0,0,0,0,0,0,1,1,2,2,1,59,9,798,1,3,BMW F 800,4,W01000637,0,-1
2023201384314,2023,201384314,2,4,0,18,19,6,2,0,0,8,0,0,0,0,1,1,6,6,1,24,5,798,1,15,-1,6,E01009925,0,-1
2023010446649,2023,010446649,2,5,0,15,15,5,1,2,2,1,1,4,0,0,1,1,2,2,1,31,6,798,1,10,BMW F 800,-1,-1,0,-1
2023440268699,2023,440268699,1,5,0,18,19,4,8,0,0,1,0,0,0,0,1,1,2,2,1,60,9,798,1,6,BMW F 800,9,E01022611,0,-1
2023161326319,2023,161326319,1,5,0,18,19,8,4,0,0,1,2,0,0,0,1,1,2,2,1,24,5,798,1,11,BMW F 800,7,E01013228,0,-1
2023471278985,2023,471278985,2,5,0,18,19,1,5,0,0,0,2,0,0,0,1,1,6,6,1,61,9,798,1,10,BMW F 800,10,E01031737,0,-1
2023161366512,2023,161366512,2,5,0,18,19,7,3,0,0,1,1,0,1,10,1,1,6,6,1,48,8,798,1,11,BMW F 800,8,E01013101,0,-1
2023010455843,2023,010455843,1,5,0,99,99,9,9,99,99,9,9,99,9,99,9,1,6,6,3,26,6,798,1,14,BMW F 800,4,E01003704,0,-1
2023451356604,2023,451356604,2,5,0,18,19,5,1,0,0,0,2,0,0,0,1,1,2,2,1,45,7,798,1,15,BMW F 800,3,E01031752,0,-1
2023522300696,2023,522300696,2,5,0,18,19,4,8,0,0,0,0,0,0,0,4,1,6,6,1,65,9,798,1,10,BMW F 800,10,E01015016,0,-1
2023430566217,2023,430566217,1,5,0,14,14,4,8,0,0,8,0,0,0,0,1,1,6,6,1,51,8,798,1,10,BMW F 800,2,E01003984,0,-1
2023461286868,2023,461286868,2,9,0,18,19,3,7,0,0,0,0,0,0,0,1,1,2,2,1,59,9,1991,2,12,CHEVROLET CAPTIVA,5,E01024503,0,-1
2023010466724,2023,010466724,2,9,9,99,99,9,9,99,99,9,9,99,9,99,9,9,6,6,3,-1,-1,2384,1,12,CHEVROLET CAPTIVA,-1,-1,0,-1
2023440039770,2023,440039770,2,9,0,18,19,2,6,0,0,1,0,0,0,0,1,1,6,6,2,-1,-1,1991,2,13,CHEVROLET CAPTIVA,-1,-1,0,-1
2023131324871,2023,131324871,3,9,0,2,2,0,0,0,0,8,0,0,0,0,1,1,6,6,3,-1,-1,2231,2,11,CHEVROLET CAPTIVA,-1,-1,0,-1
2023471391131,2023,471391131,1,9,0,18,19,1,5,0,0,0,0,0,0,0,1,1,6,6,2,39,7,1991,2,13,CHEVROLET CAPTIVA,4,E01020957,0,-1
2023340NN0522,2023,340NN0522,2,9,0,18,19,8,4,0,0,0,1,0,1,10,1,1,2,2,1,41,7,1991,2,13,CHEVROLET CAPTIVA,3,E01027112,0,-1
2023071313787,2023,071313787,3,9,0,3,3,5,1,6,6,0,0,0,0,0,2,2,6,6,2,43,7,2231,2,11,CHEVROLET CAPTIVA,3,E01011594,0,-1
2023061384073,2023,061384073,1,9,0,18,19,1,5,0,0,8,0,4,0,0,1,1,6,6,2,37,7,2231,2,10,CHEVROLET CAPTIVA,8,E01005043,0,-1
2023131379924,2023,131379924,1,9,0,9,9,1,6,0,0,5,0,0,0,0,1,1,5,6,2,28,6,1991,2,15,CHEVROLET CAPTIVA,1,E01032497,0,-1
2023131359482,2023,131359482,1,9,0,18,19,7,3,0,0,0,0,0,0,0,1,1,6,6,1,30,6,1991,2,12,CHEVROLET CAPTIVA,9,E01006889,0,-1
2023451294090,2023,451294090,2,9,0,18,19,1,5,0,0,0,0,0,0,0,3,1,5,6,2,38,7,1991,2,12,CHEVROLET CAPTIVA,7,E01030684,0,-1
2023461303222,2023,461303222,2,9,0,2,2,0,0,0,0,1,0,0,0,0,1,1,6,6,2,33,6,1991,2,13,CHEVROLET CAPTIVA,1,E01024678,0,-1
2023522300883,2023,522300883,2,9,0,18,19,2,6,0,0,0,0,0,0,0,1,1,6,6,2,45,7,2231,2,10,CHEVROLET CAPTIVA,6,E01014030,0,-1
2023401358858,2023,401358858,1,9,0,6,6,-1,-1,0,0,1,0,0,0,0,0,1,6,6,2,37,7,1991,2,14,CHEVROLET CAPTIVA,9,E01017449,0,-1
2023052300385,2023,052300385,1,9,0,18,19,5,1,0,0,0,5,7,0,0,1,1,6,6,1,50,8,2231,2,11,CHEVROLET CAPTIVA,6,E01006794,0,-1
2023041392884,2023,041392884,2,9,0,18,19,5,1,0,0,0,1,0,1,0,4,1,5,6,1,24,5,1991,2,12,CHEVROLET CAPTIVA,4,E01019186,0,-1
2023501317276,2023,501317276,2,9,0,18,19,8,4,0,0,0,1,0,7,0,1,1,5,6,1,33,6,1991,2,13,CHEVROLET CAPTIVA,4,E01020130,0,-1
2023430473601,2023,430473601,1,9,0,18,19,2,6,0,0,8,0,0,0,0,1,1,2,2,1,38,7,1991,2,13,CHEVROLET CAPTIVA,3,E01017712,0,-1
2023552300789,2023,552300789,2,9,0,18,19,4,8,0,0,8,0,0,0,0,1,1,6,6,2,40,7,1991,2,13,CHEVROLET CAPTIVA,7,E01015330,0,-1
2023461288865,2023,461288865,1,9,0,18,19,3,7,0,0,0,1,7,5,6,1,1,6,6,2,33,6,1991,2,13,CHEVROLET CAPTIVA,3,E01024668,0,-1
2023131314514,2023,131314514,2,9,0,2,2,5,1,0,0,0,0,0,0,0,4,1,6,6,3,-1,-1,1991,2,14,CHEVROLET CAPTIVA,-1,-1,0,-1
2023061345258,2023,061345258,1,9,0,3,3,5,1,0,0,1,0,0,0,0,2,1,5,6,1,46,8,1991,2,15,CHEVROLET CAPTIVA,1,E01004826,0,-1
2023320557671,2023,320557671,1,9,0,16,19,8,4,0,0,2,0,4,0,0,1,1,6,6,1,36,7,1991,2,14,CHEVROLET CAPTIVA,3,E01026032,0,-1
2023061317482,2023,061317482,2,9,0,16,19,8,4,0,0,0,0,0,0,0,2,1,5,6,2,38,7,2231,2,10,CHEVROLET CAPTIVA,8,E01012581,0,-1
2023461383291,2023,461383291,2,9,0,2,2,0,0,0,0,8,0,0,0,0,3,1,5,6,1,43,7,2231,2,10,CHEVROLET CAPTIVA,4,E01024339,0,-1
2023631320690,2023,631320690,2,9,0,4,4,1,5,0,0,0,0,0,0,0,2,1,5,6,2,35,6,1991,2,13,CHEVROLET CAPTIVA,8,W01000609,0,-1
2023320106286,2023,320106286,1,19,0,18,19,7,3,0,0,4,0,0,0,0,1,1,6,6,1,40,7,12580,2,18,-1,-1,-1,0,-1
2023041271722,2023,041271722,1,21,0,17,19,2,7,0,0,1,0,0,0,0,3,1,5,6,1,66,10,12600,2,21,-1,7,E01025585,0,-1
2023361287851,2023,361287851,1,21,0,18,19,1,6,0,0,8,0,0,0,0,1,1,5,6,1,63,9,12600,2,20,-1,5,E01026443,0,-1
2023371351157,2023,371351157,1,5,0,18,19,1,1,0,0,8,1,0,3,0,0,1,5,6,2,-1,-1,1200,1,22,-1,6,E01027604,0,-1
2023421355331,2023,421355331,2,5,0,18,19,3,7,0,0,1,0,0,0,0,1,1,6,6,1,70,10,1200,1,26,-1,5,E01021770,0,-1
2023451368108,2023,451368108,2,5,0,18,19,5,1,0,0,0,2,0,0,0,1,1,5,6,1,46,8,1201,1,9,-1,9,E01030978,0,-1
2023031418660,2023,031418660,2,5,0,18,19,6,2,0,0,1,0,0,0,0,3,1,6,6,1,26,6,1450,1,21,-1,-1,-1,0,-1
2023522400113,2023,522400113,2,5,0,18,19,2,7,0,0,1,0,0,0,0,1,1,6,6,1,63,9,1450,1,22,-1,7,E01032666,0,-1
2023440264403,2023,440264403,1,5,0,18,19,1,5,0,0,1,0,0,0,0,1,1,6,6,1,56,9,1340,1,25,-1,8,E01017060,0,-1
2023501324079,2023,501324079,1,5,0,18,19,3,7,9,9,0,5,0,0,0,0,1,6,6,1,59,9,1450,1,16,-1,2,E01019069,0,-1
2023471337925,2023,471337925,1,5,0,7,7,5,7,0,0,1,1,0,0,0,4,1,5,6,1,67,10,1690,1,8,-1,7,E01031417,0,-1