collision_index,collision_year,collision_ref_no,vehicle_reference,vehicle_type,towing_and_articulation,vehicle_manoeuvre_historic,vehicle_manoeuvre,vehicle_direction_from,vehicle_direction_to,vehicle_location_restricted_lane_historic,vehicle_location_restricted_lane,junction_location,skidding_and_overturning,hit_object_in_carriageway,vehicle_leaving_carriageway,hit_object_off_carriageway,first_point_of_impact,vehicle_left_hand_drive,journey_purpose_of_driver_historic,journey_purpose_of_driver,sex_of_driver,age_of_driver,age_band_of_driver,engine_capacity_cc,propulsion_code,age_of_vehicle,generic_make_model,driver_imd_decile,lsoa_of_driver,escooter_flag,driver_distance_banding
2023991348061,2023,991348061,1,5,0,18,19,2,6,0,0,0,2,0,0,0,3,1,5,6,1,64,9,1520,1,24,-1,5,-1,0,-1
2023461373963,2023,461373963,2,9,0,18,19,4,8,0,0,1,0,0,0,0,4,1,6,6,1,36,7,1991,2,17,-1,8,E01024351,0,-1
2023221303781,2023,221303781,2,9,0,18,19,6,2,0,0,8,0,0,0,0,1,1,5,6,1,60,9,1975,1,17,-1,7,E01032399,0,-1
2023531341603,2023,531341603,1,3,0,18,19,5,1,0,0,3,0,0,0,0,4,1,5,6,1,17,4,125,1,9,-1,6,E01022405,0,-1
2023070118519,2023,070118519,2,3,0,16,19,2,6,0,0,3,0,0,0,0,4,1,1,1,1,46,8,125,1,9,-1,1,E01006248,0,-1
2023010444039,2023,010444039,1,4,0,13,13,8,4,0,0,0,0,0,0,0,3,1,6,6,1,62,9,125,1,2,-1,6,E01023845,0,-1
2023440356162,2023,440356162,2,3,0,18,19,5,1,0,0,1,0,0,0,0,3,1,6,6,1,35,6,125,1,3,-1,3,E01022738,0,-1
2023371375502,2023,371375502,2,3,0,5,5,1,5,0,0,1,0,0,0,0,3,1,2,2,1,25,5,125,1,3,-1,2,E01029971,0,-1
2023361274755,2023,361274755,2,3,0,18,19,7,3,0,0,8,0,0,0,0,1,1,6,6,1,19,4,125,1,3,-1,1,E01026808,0,-1
2023302301002,2023,302301002,1,4,0,18,19,4,8,0,0,0,1,0,0,0,1,1,6,6,1,51,8,125,1,0,-1,8,E01018432,0,-1
2023522301349,2023,522301349,1,9,0,18,19,3,7,0,0,0,0,0,0,0,2,1,6,6,1,73,10,4691,1,10,-1,9,E01030987,0,-1
2023101388940,2023,101388940,1,9,0,18,19,3,7,0,0,8,0,0,0,0,1,1,6,6,1,78,11,1491,1,45,-1,5,-1,0,-1
2023010452791,2023,010452791,1,9,0,16,19,3,7,0,0,2,1,11,0,0,1,1,6,6,1,34,6,1491,1,46,-1,-1,-1,0,-1
2023311274484,2023,311274484,1,9,0,18,19,5,1,0,0,0,0,0,0,0,1,1,2,2,1,37,7,1491,1,47,-1,5,E01026315,0,-1
2023430118015,2023,430118015,1,19,0,11,11,6,2,0,0,0,0,0,0,0,1,1,1,1,1,22,5,2198,2,7,PEUGEOT BOXER,4,E01016484,0,-1
2023131327152,2023,131327152,1,19,0,18,19,1,5,0,0,8,0,10,0,0,1,1,6,6,2,33,6,2198,2,7,PEUGEOT BOXER,1,E01010960,0,-1
2023501402472,2023,501402472,1,19,-1,18,19,3,7,0,0,1,0,0,0,0,1,1,6,6,1,46,8,2200,2,1,PEUGEOT BOXER,6,E01015200,0,-1
2023501263654,2023,501263654,1,19,0,18,19,7,3,0,0,0,0,0,0,0,1,1,1,1,1,23,5,2200,2,3,PEUGEOT BOXER,4,E01020322,0,-1
2023351315968,2023,351315968,2,10,0,18,19,3,7,0,0,0,0,0,2,0,1,1,1,1,1,68,10,-1,-1,-1,PEUGEOT BOXER,8,E01033118,0,-1
2023052301343,2023,052301343,1,19,0,12,12,3,7,0,0,1,0,0,0,0,3,1,2,2,1,48,8,1997,2,7,PEUGEOT BOXER,10,E01004901,0,-1
2023010457917,2023,010457917,2,19,0,18,19,1,5,0,0,1,0,0,0,0,3,1,6,6,1,45,7,2179,2,1,PEUGEOT BOXER,5,E01003681,0,-1
202363D002423,2023,63D002423,2,19,0,18,19,2,6,0,0,0,1,0,1,10,1,1,1,1,1,46,8,2198,2,8,PEUGEOT BOXER,7,W01000501,0,-1
2023101366685,2023,101366685,2,19,0,18,19,1,5,0,0,0,0,0,0,0,4,1,1,1,1,45,7,2198,2,8,PEUGEOT BOXER,9,E01011278,0,-1
2023010463693,2023,010463693,1,19,0,99,99,9,9,99,99,9,9,99,9,99,9,9,1,1,1,18,4,2198,2,7,PEUGEOT BOXER,3,E01001504,0,-1
2023421384506,2023,421384506,1,10,0,18,19,5,6,0,0,0,0,0,0,0,1,1,1,1,1,33,6,-1,-1,-1,PEUGEOT BOXER,2,E01021278,0,-1
2023451391225,2023,451391225,1,19,0,18,19,1,5,0,0,0,0,0,0,0,1,1,1,1,1,42,7,2179,2,2,PEUGEOT BOXER,2,E01003124,0,-1
2023631393461,2023,631393461,2,19,0,14,14,3,7,0,0,8,0,4,0,0,1,1,1,1,1,63,9,2198,2,7,PEUGEOT BOXER,3,W01000732,0,-1
2023411278782,2023,411278782,2,90,0,3,3,4,8,0,0,1,0,0,0,0,0,1,6,6,1,25,5,2179,2,2,PEUGEOT BOXER,7,E01029490,0,-1
2023320705664,2023,320705664,1,19,0,18,19,5,1,0,0,1,0,0,0,0,1,1,2,2,1,29,6,2198,2,13,PEUGEOT BOXER,1,E01013296,0,-1
202354C025723,2023,54C025723,1,10,0,7,7,3,6,0,0,6,5,0,0,0,3,1,3,7,1,76,11,1997,2,6,PEUGEOT BOXER,10,E01032097,0,-1
2023010478746,2023,010478746,2,20,0,99,99,9,9,99,99,9,9,99,9,99,9,9,6,6,3,-1,-1,-1,-1,-1,-1,3,E01004536,0,-1
2023471287943,2023,471287943,1,19,0,18,19,7,3,0,0,0,0,0,0,0,2,1,6,6,1,44,7,2200,2,1,PEUGEOT BOXER,9,E01020954,0,-1
2023320174538,2023,320174538,2,19,0,2,2,0,0,0,0,0,0,0,0,0,2,1,6,6,3,-1,-1,2198,2,15,PEUGEOT BOXER,-1,-1,0,-1
2023122300556,2023,122300556,1,90,0,13,13,5,1,0,0,0,0,0,0,0,0,1,6,6,1,69,10,2198,2,12,PEUGEOT BOXER,7,E01018192,0,-1
2023010480376,2023,010480376,2,19,9,99,99,9,9,99,99,9,9,99,9,99,9,9,6,6,3,-1,-1,2200,2,3,PEUGEOT BOXER,-1,-1,0,-1
2023141323377,2023,141323377,2,19,0,2,2,0,0,0,0,0,0,0,0,0,4,1,6,6,3,-1,-1,1997,2,6,PEUGEOT BOXER,-1,-1,0,-1
202360A117176,2023,60A117176,2,19,0,10,10,4,8,0,0,1,0,0,0,0,4,1,1,1,1,59,9,1997,2,6,PEUGEOT BOXER,-1,-1,0,-1
2023522301822,2023,522301822,1,19,0,3,3,4,8,0,0,0,0,0,0,0,2,1,6,6,1,64,9,2200,2,4,PEUGEOT BOXER,10,E01029104,0,-1
2023340WN0482,2023,340WN0482,1,19,0,18,19,5,1,0,0,8,0,0,0,0,1,1,1,1,1,45,7,2198,2,8,PEUGEOT BOXER,9,E01027021,0,-1
2023411270760,2023,411270760,1,19,4,18,19,8,4,0,0,0,0,0,0,0,1,1,1,1,1,-1,-1,-1,-1,-1,PEUGEOT BOXER,-1,-1,0,-1
2023010442221,2023,010442221,2,19,9,99,99,9,9,99,99,9,9,99,9,99,9,9,6,6,3,-1,-1,1997,2,6,PEUGEOT BOXER,-1,-1,0,-1
2023041272016,2023,041272016,1,19,0,1,1,1,5,0,0,0,0,0,0,0,2,1,1,1,1,28,6,1997,2,5,PEUGEOT BOXER,6,E01019145,0,-1
2023041347504,2023,041347504,2,90,0,4,4,5,1,0,0,0,0,0,0,0,1,1,5,6,1,70,10,1998,1,26,PEUGEOT BOXER,10,-1,0,-1
2023520400267,2023,520400267,2,19,0,18,19,4,8,0,0,0,0,0,0,0,1,1,6,6,1,33,6,2200,2,2,PEUGEOT BOXER,5,E01015435,0,-1
2023461337371,2023,461337371,1,19,0,18,19,7,3,0,0,1,0,0,0,0,1,1,6,6,1,29,6,1997,2,5,PEUGEOT BOXER,3,E01024548,0,-1
2023111388048,2023,111388048,1,19,0,4,4,4,8,0,0,0,0,0,0,0,1,1,1,1,1,25,5,1997,2,4,PEUGEOT BOXER,1,E01010308,0,-1
2023361336132,2023,361336132,1,19,0,1,1,1,5,0,0,0,0,0,0,0,2,1,1,1,1,56,9,2179,2,1,PEUGEOT BOXER,7,E01026914,0,-1
2023531360948,2023,531360948,1,19,0,4,4,5,1,0,0,0,0,0,0,0,1,1,1,1,1,32,6,1997,2,4,PEUGEOT BOXER,6,E01022442,0,-1
2023421319242,2023,421319242,2,20,0,2,2,7,3,0,0,0,0,0,0,0,2,1,1,1,1,36,7,2198,2,6,-1,9,E01021346,0,-1
2023631393461,2023,631393461,3,19,0,2,2,0,0,0,0,8,0,0,0,0,1,1,6,6,3,-1,-1,2200,2,3,PEUGEOT BOXER,-1,-1,0,-1
2023031387763,2023,031387763,1,19,0,18,19,2,6,0,0,2,0,0,0,0,1,1,1,1,1,25,5,2200,2,2,PEUGEOT BOXER,-1,-1,0,-1
2023501296808,2023,501296808,1,19,0,4,4,4,8,0,0,1,0,0,0,0,1,1,6,6,1,58,9,1997,2,7,PEUGEOT BOXER,8,E01019929,0,-1
2023131351752,2023,131351752,2,19,0,18,19,1,5,0,0,0,1,0,0,0,1,1,1,1,1,38,7,2198,2,7,PEUGEOT BOXER,4,E01011208,0,-1
2023221327094,2023,221327094,2,19,0,18,19,3,7,0,0,0,0,0,0,0,3,1,1,1,1,35,6,1997,2,5,PEUGEOT BOXER,7,E01031233,0,-1
2023520300612,2023,520300612,1,19,0,18,19,1,5,0,0,2,0,0,0,0,4,1,1,1,1,45,7,2200,2,2,PEUGEOT BOXER,7,E01019899,0,-1
2023411412504,2023,411412504,2,19,0,4,4,0,0,0,0,0,0,0,0,0,2,1,6,6,3,-1,-1,2198,2,8,PEUGEOT BOXER,-1,-1,0,-1
2023031322894,2023,031322894,2,19,0,4,4,5,8,0,0,0,0,0,0,0,2,1,5,6,1,57,9,-1,-1,-1,PEUGEOT BOXER,7,-1,0,-1
2023501322939,2023,501322939,1,19,0,1,1,4,8,0,0,0,0,0,0,0,2,1,6,6,1,65,9,2198,2,7,PEUGEOT BOXER,8,E01015114,0,-1
2023461276165,2023,461276165,1,19,0,17,19,1,5,0,0,0,0,0,0,0,4,1,6,6,1,50,8,-1,-1,-1,PEUGEOT BOXER,7,E01024234,0,-1
2023010443100,2023,010443100,1,19,0,1,1,3,7,5,5,1,0,0,0,0,4,1,1,1,1,34,6,1997,2,5,PEUGEOT BOXER,4,E01001595,0,-1
2023010422028,2023,010422028,2,19,1,99,99,9,9,99,99,9,9,99,9,99,2,9,6,6,1,59,9,1997,2,4,PEUGEOT BOXER,7,E01000734,0,-1
2023421282465,2023,421282465,1,20,0,18,19,3,7,0,0,0,0,0,0,0,3,1,1,1,1,37,7,-1,-1,-1,-1,4,E01001406,0,-1
2023010447731,2023,010447731,3,90,0,18,19,3,7,0,0,0,0,4,0,0,1,1,1,1,1,58,9,1997,2,5,PEUGEOT BOXER,3,E01001154,0,-1
2023010447857,2023,010447857,2,19,0,18,19,5,1,0,0,0,0,0,0,0,1,1,1,1,2,25,5,2200,2,1,PEUGEOT BOXER,4,E01031572,0,-1
2023010478899,2023,010478899,1,10,0,18,19,3,7,0,0,2,0,0,0,0,0,1,3,7,1,37,7,2198,2,7,PEUGEOT BOXER,2,E01001726,0,-1
2023010477977,2023,010477977,1,19,0,99,99,9,9,99,99,9,9,99,9,99,1,9,6,6,3,-1,-1,2200,2,3,PEUGEOT BOXER,-1,-1,0,-1
2023520301673,2023,520301673,1,19,0,18,19,2,6,0,0,0,0,0,0,0,1,1,6,6,1,65,9,2179,2,1,PEUGEOT BOXER,6,E01029227,0,-1
2023311268917,2023,311268917,2,19,0,7,7,3,7,0,0,6,0,0,0,0,1,1,6,6,1,-1,-1,2200,2,2,PEUGEOT BOXER,-1,-1,0,-1
2023991299789,2023,991299789,1,19,0,9,9,3,1,0,0,2,0,0,0,0,1,1,1,1,1,34,6,2200,2,3,PEUGEOT BOXER,2,-1,0,-1
2023131298028,2023,131298028,1,19,0,5,5,1,5,0,0,6,0,0,0,0,3,1,1,1,1,40,7,1997,2,6,PEUGEOT BOXER,1,E01010814,0,-1
2023320404713,2023,320404713,1,19,0,7,7,7,1,0,0,6,0,0,0,0,1,1,6,6,1,35,6,2200,2,2,PEUGEOT BOXER,6,E01026147,0,-1
2023010483680,2023,010483680,2,19,0,99,99,9,9,99,99,0,9,99,9,99,2,9,6,6,1,54,8,2200,2,3,PEUGEOT BOXER,6,E01002332,0,-1
2023161294147,2023,161294147,2,19,0,18,19,7,3,0,0,0,0,0,0,0,1,1,1,1,1,24,5,2179,2,1,PEUGEOT BOXER,9,E01012955,0,-1
2023010422343,2023,010422343,1,19,0,18,19,3,7,0,0,2,0,0,0,0,1,1,1,1,1,21,5,2200,2,2,PEUGEOT BOXER,6,E01003000,0,-1
2023471280455,2023,471280455,1,19,0,9,9,5,3,0,0,8,0,0,0,0,1,1,5,6,1,46,8,2198,2,9,PEUGEOT BOXER,8,E01031698,0,-1
2023522401432,2023,522401432,1,19,0,3,3,2,6,0,0,8,0,0,0,0,4,1,6,6,1,60,9,2200,2,2,PEUGEOT BOXER,9,W01001434,0,-1
2023122301146,2023,122301146,2,19,0,18,19,5,1,0,0,0,0,0,0,0,4,1,1,1,3,-1,-1,2200,2,1,PEUGEOT BOXER,-1,-1,0,-1
2023501399745,2023,501399745,1,19,-1,18,19,7,3,0,0,0,0,0,0,0,1,1,6,6,1,31,6,2198,2,11,PEUGEOT BOXER,4,E01019063,0,-1
2023552301428,2023,552301428,1,19,0,18,19,6,2,0,0,8,0,0,0,0,3,1,1,1,1,43,7,2200,2,3,PEUGEOT BOXER,9,E01015342,0,-1
2023622301023,2023,622301023,3,19,0,4,4,2,6,0,0,0,0,0,0,0,2,1,6,6,1,36,7,2200,2,3,PEUGEOT BOXER,5,E01015019,0,-1
2023101286495,2023,101286495,1,10,0,1,1,3,7,0,0,0,0,4,0,0,3,1,1,1,1,81,11,1997,2,5,PEUGEOT BOXER,6,E01027371,0,-1
2023332300498,2023,332300498,2,19,0,18,19,7,3,0,0,1,0,0,0,0,1,1,6,6,1,31,6,2198,2,9,PEUGEOT BOXER,1,E01032602,0,-1
2023010423454,2023,010423454,1,20,0,99,99,9,9,99,99,9,9,99,9,99,1,9,6,6,3,-1,-1,-1,-1,-1,-1,2,E01004584,0,-1
2023010439159,2023,010439159,3,98,0,99,99,9,9,99,99,9,9,99,9,99,1,9,6,6,3,-1,-1,1997,2,5,-1,5,E01026315,0,-1
2023131306852,2023,131306852,3,19,0,2,2,0,0,0,0,0,0,4,0,0,4,1,6,6,3,-1,-1,1997,2,4,PEUGEOT BOXER,-1,-1,0,-1
2023311288550,2023,311288550,2,19,0,18,19,6,2,0,0,1,0,0,0,0,2,1,6,6,1,31,6,2198,2,10,PEUGEOT BOXER,5,E01028042,0,-1
2023031386765,2023,031386765,2,19,0,5,5,6,2,0,0,0,0,0,0,0,1,1,1,1,1,32,6,2198,2,8,PEUGEOT BOXER,-1,-1,0,-1
2023461354277,2023,461354277,1,19,0,18,19,6,3,0,0,0,2,0,0,0,3,1,6,6,2,20,4,1997,2,5,PEUGEOT BOXER,5,E01024134,0,-1
2023320737473,2023,320737473,1,19,0,9,9,8,6,0,0,6,0,0,0,0,3,1,2,2,1,76,11,2198,2,7,PEUGEOT BOXER,6,E01026420,0,-1
2023122300180,2023,122300180,1,19,0,18,19,4,8,0,0,0,0,0,0,0,0,1,1,1,3,-1,-1,2200,2,2,PEUGEOT BOXER,-1,-1,0,-1
2023010484561,2023,010484561,2,19,0,18,19,8,4,0,0,1,0,0,0,0,1,1,6,6,1,53,8,1997,2,6,PEUGEOT BOXER,6,E01002609,0,-1
2023351314083,2023,351314083,2,19,0,16,19,5,1,0,0,1,0,0,0,0,1,1,1,1,1,44,7,2198,2,16,PEUGEOT BOXER,2,E01017474,0,-1
2023010429687,2023,010429687,2,19,0,5,5,2,6,0,0,6,0,0,1,0,0,1,1,1,2,32,6,2198,2,15,PEUGEOT BOXER,4,E01004369,0,-1
2023071239765,2023,071239765,2,19,0,3,3,2,6,0,0,0,0,0,0,0,0,1,6,6,1,49,8,2198,2,9,PEUGEOT BOXER,-1,-1,0,-1
2023231350353,2023,231350353,2,19,0,9,9,6,4,0,0,5,0,0,0,0,1,1,6,6,1,62,9,1997,2,6,PEUGEOT BOXER,6,E01031159,0,-1
2023351353579,2023,351353579,2,19,0,18,19,3,7,0,0,1,0,0,0,0,1,1,1,1,1,35,6,1997,2,6,PEUGEOT BOXER,2,E01013897,0,-1
2023622300890,2023,622300890,1,19,0,15,15,4,8,0,0,0,0,0,1,2,1,1,6,6,1,24,5,2179,2,0,PEUGEOT BOXER,2,W01000957,0,-1
2023161325226,2023,161325226,2,19,0,18,19,6,2,0,0,0,0,0,0,0,1,1,1,1,1,47,8,2198,2,8,PEUGEOT BOXER,9,E01012957,0,-1
2023041375411,2023,041375411,1,19,0,3,3,1,6,0,0,0,0,0,0,0,1,1,1,1,1,44,7,1997,2,4,PEUGEOT BOXER,8,E01025420,0,-1
2023540958223,2023,540958223,1,19,0,13,13,5,1,0,0,0,0,0,0,0,4,1,6,6,1,36,7,2200,2,4,PEUGEOT BOXER,6,E01032117,0,-1
2023471270553,2023,471270553,3,10,0,2,2,0,0,0,0,0,0,0,0,0,3,1,6,6,3,-1,-1,1997,2,7,PEUGEOT BOXER,-1,-1,0,-1
2023320301187,2023,320301187,1,19,0,18,19,7,3,0,0,8,0,0,0,0,4,1,2,2,1,49,8,2200,2,1,PEUGEOT BOXER,-1,-1,0,-1
2023371383484,2023,371383484,1,90,0,4,4,1,5,0,0,0,0,0,0,0,1,1,5,6,1,53,8,2178,2,18,PEUGEOT BOXER,-1,-1,0,-1
2023101351398,2023,101351398,2,90,0,18,19,2,6,0,0,0,0,0,0,0,1,1,1,1,1,37,7,2179,2,2,PEUGEOT BOXER,5,E01027453,0,-1
2023622300828,2023,622300828,2,19,0,2,2,0,0,0,0,0,0,0,0,0,1,1,6,6,3,-1,-1,2198,2,8,PEUGEOT BOXER,-1,-1,0,-1
2023010442379,2023,010442379,2,19,0,18,19,1,5,0,0,2,0,0,0,0,1,1,1,1,1,63,9,1997,2,5,PEUGEOT BOXER,9,E01031495,0,-1
2023991341513,2023,991341513,3,19,0,18,19,5,1,0,0,0,0,0,0,0,2,1,1,1,1,51,8,1997,2,5,PEUGEOT BOXER,7,E01007689,0,-1
2023131299722,2023,131299722,2,10,0,3,3,1,5,0,0,1,0,0,0,0,1,1,1,1,1,60,9,-1,-1,-1,PEUGEOT BOXER,-1,-1,0,-1
2023501334226,2023,501334226,1,19,0,9,9,2,6,6,6,0,-1,-1,0,0,4,1,2,2,1,32,6,2198,2,10,PEUGEOT BOXER,2,E01015023,0,-1
2023471352636,2023,471352636,2,90,0,18,19,1,5,9,9,1,0,0,0,0,3,1,1,1,2,38,7,2198,2,7,PEUGEOT BOXER,10,E01031773,0,-1
2023411356466,2023,411356466,1,19,0,6,6,-1,-1,0,0,0,0,0,0,0,2,1,6,6,3,-1,-1,2200,2,3,PEUGEOT BOXER,-1,-1,0,-1
2023010476901,2023,010476901,1,19,0,3,3,5,1,0,0,2,0,0,0,0,2,1,6,6,1,46,8,1997,2,7,PEUGEOT BOXER,1,E01001732,0,-1
2023201371481,2023,201371481,2,90,0,3,3,3,7,0,0,1,0,0,0,0,2,1,1,1,2,57,9,2179,2,3,PEUGEOT BOXER,2,E01010074,0,-1
2023320616900,2023,320616900,1,19,0,18,19,2,5,0,0,8,0,0,0,0,1,1,2,2,1,27,6,2200,2,4,PEUGEOT BOXER,6,E01026260,0,-1
2023052301656,2023,052301656,2,19,0,8,8,7,1,0,0,8,0,0,0,0,4,1,1,1,1,54,8,1997,2,5,PEUGEOT BOXER,2,E01025521,0,-1
2023131372238,2023,131372238,1,19,0,18,19,7,3,0,0,1,0,0,0,0,1,1,6,6,3,-1,-1,2200,2,3,PEUGEOT BOXER,-1,-1,0,-1
2023430151426,2023,430151426,1,20,0,2,2,0,0,0,0,0,0,0,0,0,3,1,1,1,1,30,6,2200,2,1,-1,-1,-1,0,-1
2023061280926,2023,061280926,1,19,0,18,19,6,2,0,0,0,1,0,0,0,1,1,1,1,1,61,9,1997,2,6,PEUGEOT BOXER,1,E01012508,0,-1
2023991284489,2023,991284489,1,19,0,4,4,3,7,0,0,0,0,0,0,0,3,1,1,1,1,62,9,2200,2,2,PEUGEOT BOXER,1,-1,0,-1
2023991363290,2023,991363290,1,19,0,18,19,1,5,0,0,0,5,0,0,0,0,1,5,6,1,59,9,-1,-1,-1,PEUGEOT BOXER,9,-1,0,-1
2023371346692,2023,371346692,2,19,0,18,19,3,3,0,0,1,0,0,0,0,3,1,1,1,1,38,7,2999,2,16,PEUGEOT BOXER,9,E01030214,0,-1
2023451291131,2023,451291131,1,19,0,18,19,1,5,0,0,0,0,0,0,0,0,1,6,6,1,20,4,2200,2,2,PEUGEOT BOXER,3,E01001370,0,-1
2023531294465,2023,531294465,2,19,0,18,19,4,8,0,0,0,0,0,0,0,1,1,1,1,1,36,7,2200,2,1,PEUGEOT BOXER,10,E01032337,0,-1
2023010428985,2023,010428985,1,19,4,99,99,9,9,99,99,0,9,99,9,99,1,9,2,2,1,30,6,2200,2,2,PEUGEOT BOXER,10,E01023563,0,-1
2023010459348,2023,010459348,1,19,0,18,19,4,8,0,0,8,0,0,0,0,1,1,1,1,1,57,9,2200,2,1,PEUGEOT BOXER,3,E01001324,0,-1
2023991267533,2023,991267533,1,19,0,18,19,4,8,0,0,8,0,0,0,0,1,1,1,1,1,37,7,2200,2,2,PEUGEOT BOXER,-1,-1,0,-1
2023041389114,2023,041389114,1,19,0,9,9,5,8,0,0,8,0,0,0,0,1,1,1,1,2,52,8,2198,2,8,PEUGEOT BOXER,4,E01012703,0,-1
2023471327261,2023,471327261,2,19,0,2,2,0,0,0,0,0,0,0,0,0,2,1,6,6,3,-1,-1,2198,2,9,PEUGEOT BOXER,-1,-1,0,-1
2023501362648,2023,501362648,2,11,0,17,19,2,7,0,0,2,0,0,0,0,3,1,2,2,1,79,11,2198,2,9,-1,3,E01018788,0,-1
2023361343617,2023,361343617,1,19,0,9,9,2,8,0,0,0,0,0,0,0,0,1,6,6,2,49,8,1997,2,5,PEUGEOT BOXER,4,E01026656,0,-1
2023351369273,2023,351369273,2,19,0,18,19,-1,-1,0,0,0,0,0,0,0,2,1,6,6,1,36,7,2179,2,0,PEUGEOT BOXER,3,E01026663,0,-1
2023101384636,2023,101384636,1,19,0,18,19,1,5,0,0,0,0,0,0,0,1,1,6,6,3,30,6,2198,2,8,PEUGEOT BOXER,-1,-1,0,-1
2023440186284,2023,440186284,3,19,0,18,19,3,7,0,0,1,0,0,0,0,3,1,1,1,1,32,6,2198,2,9,PEUGEOT BOXER,4,E01022734,0,-1
2023122400022,2023,122400022,2,19,0,4,4,2,6,0,0,2,0,0,0,0,2,1,1,1,1,64,9,1997,2,6,PEUGEOT BOXER,5,E01027796,0,-1
2023131298149,2023,131298149,1,19,0,18,19,3,7,0,0,0,0,0,0,0,1,1,1,1,1,25,5,2200,2,4,PEUGEOT BOXER,1,E01011677,0,-1
2023010437225,2023,010437225,2,98,0,99,99,9,9,99,99,0,9,99,9,99,9,9,6,6,3,-1,-1,1997,2,6,-1,-1,-1,0,-1
2023070528143,2023,070528143,1,19,0,18,19,3,7,0,0,0,0,0,1,0,1,1,6,6,1,43,7,2200,2,2,PEUGEOT BOXER,1,E01004850,0,-1
2023010478383,2023,010478383,1,19,0,99,99,9,9,99,99,9,9,99,9,99,1,9,6,6,1,26,6,2179,2,0,PEUGEOT BOXER,5,E01000996,0,-1
2023010462589,2023,010462589,2,19,0,99,99,9,9,99,99,9,9,99,9,99,1,9,6,6,3,-1,-1,2198,2,12,PEUGEOT BOXER,-1,-1,0,-1
2023131361758,2023,131361758,2,10,0,18,19,5,1,0,0,0,0,0,0,0,2,1,1,1,1,56,9,-1,-1,-1,PEUGEOT BOXER,1,E01033693,0,-1
2023320480247,2023,320480247,1,10,0,6,6,8,2,0,0,6,0,0,0,0,3,1,1,1,2,55,8,-1,-1,-1,PEUGEOT BOXER,6,E01026344,0,-1
2023531375863,2023,531375863,1,19,0,4,4,3,7,9,9,0,0,0,0,0,1,1,1,1,1,-1,-1,2200,2,3,PEUGEOT BOXER,-1,-1,0,-1
2023440065479,2023,440065479,1,90,0,18,19,4,8,0,0,0,2,0,4,6,3,1,6,6,1,64,9,2178,2,18,PEUGEOT BOXER,8,E01023051,0,-1
2023161318396,2023,161318396,1,19,0,18,19,4,8,0,0,4,0,10,3,2,1,1,6,6,1,34,6,1997,2,6,PEUGEOT BOXER,9,E01013053,0,-1
2023070680809,2023,070680809,1,19,0,14,14,5,1,0,0,1,0,0,0,0,0,1,1,1,1,26,6,1997,2,6,PEUGEOT BOXER,8,E01005394,0,-1
2023351312745,2023,351312745,1,90,0,18,19,5,1,0,0,0,0,0,0,0,0,1,5,6,1,59,9,2198,2,9,PEUGEOT BOXER,-1,-1,0,-1
2023501266114,2023,501266114,2,19,0,18,19,1,5,0,0,8,0,0,0,0,1,1,1,1,1,28,6,2200,2,1,PEUGEOT BOXER,5,E01015237,0,-1
2023501347690,2023,501347690,3,19,0,4,4,3,7,0,0,0,1,0,0,0,2,1,6,6,1,42,7,2198,2,14,PEUGEOT BOXER,3,E01018869,0,-1
2023010461034,2023,010461034,2,19,0,5,5,5,1,0,0,0,0,0,0,0,1,1,1,1,1,35,6,2200,2,3,PEUGEOT BOXER,5,E01000375,0,-1
2023430541383,2023,430541383,2,19,0,2,2,0,0,9,9,8,0,0,0,0,2,1,1,1,1,29,6,2179,2,1,PEUGEOT BOXER,4,E01016447,0,-1
2023361381603,2023,361381603,2,19,0,18,19,1,6,0,0,1,0,0,0,0,4,1,1,1,1,23,5,2198,2,7,PEUGEOT BOXER,4,E01026444,0,-1
2023471375843,2023,471375843,1,19,0,1,1,3,7,0,0,8,0,0,0,0,2,1,1,1,1,33,6,2179,2,0,PEUGEOT BOXER,2,E01024081,0,-1
2023010435730,2023,010435730,1,10,0,18,19,3,7,0,0,0,0,0,0,0,4,1,1,1,1,51,8,1997,2,6,PEUGEOT BOXER,9,E01004136,0,-1
2023010454514,2023,010454514,3,19,0,18,19,8,4,0,0,8,0,0,0,0,1,1,1,1,1,32,6,2179,2,1,PEUGEOT BOXER,4,E01000498,0,-1
2023371391617,2023,371391617,1,19,0,4,4,-1,-1,0,0,1,0,0,0,0,1,1,1,1,1,-1,-1,2200,2,1,PEUGEOT BOXER,-1,-1,0,-1
2023010465498,2023,010465498,2,19,0,99,99,9,9,99,99,9,9,99,9,99,9,9,6,6,3,61,9,2200,2,2,PEUGEOT BOXER,5,E01017090,0,-1
2023201323241,2023,201323241,1,19,0,18,19,4,8,0,0,1,0,0,0,0,1,1,6,6,1,37,7,2200,2,2,PEUGEOT BOXER,2,E01009747,0,-1
202360A007140,2023,60A007140,1,19,0,18,19,5,1,0,0,0,0,0,0,0,1,1,2,2,1,56,9,2200,2,2,PEUGEOT BOXER,-1,-1,0,-1
2023010420589,2023,010420589,2,19,0,99,99,9,9,99,99,9,9,99,9,99,1,9,6,6,3,-1,-1,1997,2,4,PEUGEOT BOXER,3,E01003999,0,-1
2023010433729,2023,010433729,1,10,0,5,5,8,4,0,0,6,0,0,0,0,4,1,1,1,1,53,8,1997,2,4,PEUGEOT BOXER,7,E01002824,0,-1
2023440220661,2023,440220661,2,19,0,18,19,3,7,0,0,8,0,0,0,0,3,1,6,6,1,75,10,1997,2,17,PEUGEOT BOXER,8,E01032033,0,-1