collision_index,collision_year,collision_ref_no,vehicle_reference,vehicle_type,towing_and_articulation,vehicle_manoeuvre_historic,vehicle_manoeuvre,vehicle_direction_from,vehicle_direction_to,vehicle_location_restricted_lane_historic,vehicle_location_restricted_lane,junction_location,skidding_and_overturning,hit_object_in_carriageway,vehicle_leaving_carriageway,hit_object_off_carriageway,first_point_of_impact,vehicle_left_hand_drive,journey_purpose_of_driver_historic,journey_purpose_of_driver,sex_of_driver,age_of_driver,age_band_of_driver,engine_capacity_cc,propulsion_code,age_of_vehicle,generic_make_model,driver_imd_decile,lsoa_of_driver,escooter_flag,driver_distance_banding
2023991364882,2023,991364882,1,19,0,18,19,7,3,0,0,0,0,0,0,0,1,1,2,2,1,56,9,1560,2,5,VAUXHALL COMBO,5,-1,0,-1
2023501351011,2023,501351011,2,19,0,2,2,1,2,0,0,2,0,4,0,0,1,1,6,6,3,-1,-1,1499,2,4,VAUXHALL COMBO,-1,-1,0,-1
2023461291242,2023,461291242,1,19,0,9,9,8,5,0,0,1,0,0,0,0,1,1,6,6,1,29,6,1499,2,4,VAUXHALL COMBO,2,E01024664,0,-1
2023351345484,2023,351345484,1,19,0,18,19,4,8,0,0,1,0,0,0,0,1,1,6,6,1,-1,-1,1248,2,11,VAUXHALL COMBO,-1,-1,0,-1
2023132301365,2023,132301365,2,19,0,4,4,4,8,0,0,2,0,0,0,0,2,1,6,6,3,-1,-1,1248,2,16,VAUXHALL COMBO,-1,-1,0,-1
2023320464996,2023,320464996,1,9,0,18,19,6,2,0,0,2,0,0,0,0,1,1,6,6,1,32,6,-1,-1,-1,VAUXHALL COMBO,6,E01026251,0,-1
2023320498255,2023,320498255,2,9,0,16,19,4,8,0,0,0,0,0,0,0,1,1,6,6,1,64,9,-1,-1,-1,VAUXHALL COMBO,2,E01026049,0,-1
2023010481226,2023,010481226,2,19,0,18,19,3,7,0,0,8,0,0,0,0,3,1,6,6,1,58,9,1499,2,4,VAUXHALL COMBO,4,E01002369,0,-1
2023430436411,2023,430436411,2,19,0,2,2,0,0,0,0,1,0,0,0,0,0,1,1,1,1,36,7,1248,2,7,VAUXHALL COMBO,10,E01016259,0,-1
2023991361180,2023,991361180,2,19,0,4,4,3,8,0,0,8,0,0,0,0,2,1,2,2,1,41,7,1248,2,5,VAUXHALL COMBO,7,-1,0,-1
2023122300495,2023,122300495,1,19,0,16,19,3,7,0,0,2,1,0,7,0,1,1,6,6,1,22,5,1686,2,19,VAUXHALL COMBO,7,E01027891,0,-1
2023320529732,2023,320529732,2,19,0,2,2,0,0,0,0,0,0,0,0,0,2,1,6,6,1,34,6,1248,2,9,VAUXHALL COMBO,7,E01026299,0,-1
2023411372952,2023,411372952,2,9,0,4,4,6,2,0,0,0,0,0,0,0,2,1,2,2,1,36,7,-1,-1,-1,VAUXHALL COMBO,4,E01023857,0,-1
2023351282721,2023,351282721,1,19,0,18,19,-1,-1,0,0,0,0,0,0,0,1,1,6,6,1,-1,-1,1560,2,4,VAUXHALL COMBO,-1,-1,0,-1
2023211360311,2023,211360311,3,19,0,2,2,2,3,0,0,1,0,0,0,0,1,1,1,1,1,53,8,1248,2,13,VAUXHALL COMBO,9,E01033257,0,-1
2023201422894,2023,201422894,4,9,0,2,2,0,0,0,0,8,0,0,0,0,2,1,6,6,1,-1,-1,-1,-1,-1,VAUXHALL COMBO,1,E01010062,0,-1
2023201380826,2023,201380826,2,9,0,9,9,7,5,0,0,5,0,0,0,0,9,1,5,6,1,42,7,-1,-1,-1,VAUXHALL COMBO,2,E01010477,0,-1
202363C021423,2023,63C021423,3,19,0,18,19,8,4,0,0,0,0,0,0,0,1,1,2,2,1,26,6,1686,2,20,VAUXHALL COMBO,5,W01000566,0,-1
2023302300371,2023,302300371,2,19,0,18,19,7,3,0,0,0,0,0,0,0,1,1,6,6,1,52,8,1499,2,4,VAUXHALL COMBO,-1,-1,0,-1
2023991390669,2023,991390669,1,19,0,18,19,8,6,0,0,1,0,0,0,0,1,1,6,6,1,53,8,1248,2,7,VAUXHALL COMBO,2,-1,0,-1
2023461282543,2023,461282543,2,9,0,18,19,2,6,0,0,0,1,0,0,0,2,1,5,6,1,33,6,-1,-1,-1,VAUXHALL COMBO,4,E01024535,0,-1
2023471329788,2023,471329788,1,9,0,18,19,7,3,0,0,1,0,0,0,0,1,1,5,6,1,38,7,-1,-1,-1,VAUXHALL COMBO,3,E01031350,0,-1
2023010452325,2023,010452325,2,19,0,2,2,0,0,0,0,0,0,0,0,0,1,1,6,6,3,-1,-1,1499,2,2,VAUXHALL COMBO,-1,-1,0,-1
2023221372883,2023,221372883,2,19,0,18,19,7,3,0,0,8,0,0,0,0,1,1,6,6,1,28,6,1248,2,8,VAUXHALL COMBO,7,W01000434,0,-1
2023501350811,2023,501350811,1,9,0,18,19,2,6,0,0,0,0,0,0,0,1,1,2,2,1,21,5,-1,-1,-1,VAUXHALL COMBO,4,E01020321,0,-1
2023501267232,2023,501267232,1,9,0,18,19,5,5,0,0,1,0,0,0,0,1,1,1,1,2,52,8,-1,-1,-1,VAUXHALL COMBO,7,E01020193,0,-1
2023501322939,2023,501322939,2,19,0,1,1,4,8,0,0,0,0,0,0,0,1,1,2,2,2,33,6,1248,2,16,VAUXHALL COMBO,1,E01015266,0,-1
2023991339515,2023,991339515,1,19,0,9,9,4,2,0,0,1,0,0,0,0,4,1,5,6,1,82,11,1248,2,10,VAUXHALL COMBO,8,-1,0,-1
2023201314173,2023,201314173,1,9,0,3,3,-1,-1,0,0,0,0,10,1,0,1,1,6,6,2,41,7,1199,1,3,VAUXHALL COMBO,7,E01008968,0,-1
2023052300518,2023,052300518,2,9,0,18,19,5,1,0,0,0,0,0,0,0,2,1,6,6,1,31,6,-1,3,1,VAUXHALL COMBO,7,E01007135,0,-1
2023430513323,2023,430513323,1,9,0,18,19,2,6,0,0,4,0,0,0,0,1,1,1,1,1,48,8,-1,-1,-1,VAUXHALL COMBO,10,E01016318,0,-1
2023501308639,2023,501308639,1,19,0,18,19,5,8,0,0,8,0,0,0,0,4,1,1,1,1,55,8,1248,2,8,VAUXHALL COMBO,8,E01020146,0,-1
2023430105657,2023,430105657,1,19,0,18,19,7,3,0,0,0,0,0,0,0,1,1,1,1,3,-1,-1,1686,2,15,VAUXHALL COMBO,-1,-1,0,-1
2023302300976,2023,302300976,2,19,0,9,9,7,4,0,0,1,0,0,0,0,1,1,6,6,1,32,6,1686,2,13,VAUXHALL COMBO,7,E01019539,0,-1
2023421280978,2023,421280978,2,19,0,4,4,3,7,0,0,8,0,0,0,0,2,1,6,6,1,-1,-1,1499,2,2,VAUXHALL COMBO,-1,-1,0,-1
2023010450325,2023,010450325,3,19,0,5,5,5,1,0,0,6,0,0,0,0,1,1,1,1,1,36,7,1598,2,6,VAUXHALL COMBO,1,E01003070,0,-1
2023320752241,2023,320752241,1,9,0,18,19,8,4,0,0,8,0,0,0,0,1,1,6,6,1,29,6,-1,-1,-1,VAUXHALL COMBO,1,E01026173,0,-1
2023122300422,2023,122300422,1,9,0,18,19,5,1,0,0,1,0,0,0,0,4,1,6,6,2,-1,-1,1499,2,3,VAUXHALL COMBO,10,E01009672,0,-1
2023340WN9122,2023,340WN9122,2,19,0,10,10,4,8,0,0,8,0,0,0,0,2,1,1,1,2,60,9,1248,2,12,VAUXHALL COMBO,7,E01027023,0,-1
2023991294704,2023,991294704,3,9,0,2,2,1,6,0,0,0,0,4,0,0,0,1,5,6,1,72,10,-1,-1,-1,VAUXHALL COMBO,-1,-1,0,-1
2023471363181,2023,471363181,1,19,0,18,19,8,4,0,0,0,0,0,0,0,1,1,1,1,1,28,6,1248,2,18,VAUXHALL COMBO,7,E01021212,0,-1
2023371313748,2023,371313748,3,19,0,3,3,5,1,0,0,0,0,0,0,0,1,1,5,6,1,61,9,1248,2,17,VAUXHALL COMBO,9,E01030149,0,-1
2023991283946,2023,991283946,2,9,0,16,19,7,3,0,0,0,0,0,0,0,2,1,2,2,1,50,8,-1,-1,-1,VAUXHALL COMBO,1,-1,0,-1
2023161295755,2023,161295755,1,9,0,5,5,4,8,0,0,0,0,0,0,0,3,1,5,6,1,68,10,1199,1,3,VAUXHALL COMBO,2,E01013240,0,-1
2023351283470,2023,351283470,1,19,0,9,9,4,7,0,0,8,1,0,0,0,4,1,1,1,1,32,6,1598,2,6,VAUXHALL COMBO,6,E01033458,0,-1
2023471334374,2023,471334374,2,9,0,7,7,8,2,0,0,1,0,0,0,0,2,1,5,6,2,40,7,-1,-1,-1,VAUXHALL COMBO,5,E01031467,0,-1
2023010422869,2023,010422869,1,19,0,4,4,7,3,0,0,1,1,0,0,0,1,1,1,1,1,55,8,1248,2,7,VAUXHALL COMBO,2,E01000431,0,-1
2023041297012,2023,041297012,1,19,0,17,19,7,3,0,0,0,0,0,0,0,4,1,1,1,1,26,6,1248,2,7,VAUXHALL COMBO,3,E01025469,0,-1
2023231277622,2023,231277622,1,19,0,18,19,6,2,0,0,0,0,0,1,0,1,1,2,2,1,23,5,1499,2,1,VAUXHALL COMBO,3,E01028232,0,-1
2023041280969,2023,041280969,1,19,0,9,9,3,1,0,0,0,0,0,0,0,1,1,1,1,1,57,9,1248,2,8,VAUXHALL COMBO,1,E01012739,0,-1
2023421364040,2023,421364040,1,19,-1,1,1,1,5,0,0,0,0,0,0,0,2,1,6,6,1,-1,-1,1560,2,4,VAUXHALL COMBO,-1,-1,0,-1
2023991391176,2023,991391176,1,19,0,4,4,3,7,0,0,1,0,0,0,0,4,1,5,6,1,42,7,1560,2,4,VAUXHALL COMBO,9,-1,0,-1
2023070764477,2023,070764477,1,19,0,4,4,4,8,0,0,1,0,0,0,0,1,1,1,1,2,33,6,1499,2,1,VAUXHALL COMBO,3,E01018746,0,-1
2023010468552,2023,010468552,1,19,0,5,5,1,5,0,0,1,0,0,0,0,1,1,1,1,1,19,4,1499,2,3,VAUXHALL COMBO,4,E01003106,0,-1
2023421380596,2023,421380596,1,9,0,18,19,8,4,0,0,0,0,0,0,0,1,1,5,6,1,54,8,1499,2,3,VAUXHALL COMBO,1,E01000106,0,-1
2023522301453,2023,522301453,2,9,0,18,19,7,3,0,0,2,0,0,0,0,3,1,6,6,2,65,9,-1,3,1,VAUXHALL COMBO,10,E01014434,0,-1
2023440492727,2023,440492727,1,19,0,18,19,5,1,0,0,4,0,0,0,0,3,1,1,1,2,35,6,1248,2,12,VAUXHALL COMBO,7,E01023271,0,-1
2023201301903,2023,201301903,2,9,0,8,8,2,4,0,0,1,0,0,0,0,2,1,2,2,1,57,9,-1,-1,-1,VAUXHALL COMBO,3,E01009995,0,-1
2023061262201,2023,061262201,1,19,0,9,9,3,7,0,0,6,0,0,0,0,1,1,1,1,1,22,5,1499,2,4,VAUXHALL COMBO,1,E01007019,0,-1
202360A181787,2023,60A181787,1,9,0,7,7,5,7,0,0,6,0,0,0,0,1,1,6,6,1,79,11,1499,2,4,VAUXHALL COMBO,-1,-1,0,-1
2023461261352,2023,461261352,1,19,0,18,19,5,1,0,0,0,0,0,0,0,4,1,6,6,1,35,6,1248,2,9,VAUXHALL COMBO,-1,-1,0,-1
202354A307723,2023,54A307723,1,19,0,6,6,6,6,0,0,6,1,0,0,0,1,1,1,1,1,57,9,1499,2,2,VAUXHALL COMBO,6,E01029040,0,-1
2023061326879,2023,061326879,1,9,-1,-1,-1,-1,-1,-1,-1,-1,-1,-1,-1,0,-1,1,6,6,3,-1,-1,-1,-1,-1,VAUXHALL COMBO,-1,-1,0,-1
2023211274970,2023,211274970,2,19,0,12,12,2,6,0,0,0,0,0,0,0,2,1,2,2,1,26,6,1499,2,2,VAUXHALL COMBO,2,E01010277,0,-1
2023201393386,2023,201393386,1,19,0,5,5,8,4,0,0,1,0,0,0,0,4,1,1,1,1,42,7,1364,1,16,VAUXHALL COMBO,1,E01033643,0,-1
2023461376938,2023,461376938,3,19,0,2,2,0,0,0,0,0,0,0,0,0,0,1,6,6,3,-1,-1,1248,2,6,VAUXHALL COMBO,7,E01015686,0,-1
2023552300602,2023,552300602,1,9,0,18,19,5,1,0,0,0,0,0,0,0,1,1,6,6,1,29,6,-1,-1,-1,VAUXHALL COMBO,8,E01020400,0,-1
2023101286876,2023,101286876,2,19,0,18,19,3,7,0,0,8,0,0,0,0,1,1,1,1,1,40,7,1560,2,4,VAUXHALL COMBO,4,E01008219,0,-1
2023201423903,2023,201423903,1,19,0,18,19,4,8,0,0,0,0,0,0,0,1,1,6,6,1,46,8,1686,2,18,VAUXHALL COMBO,5,E01000268,0,-1
2023440330002,2023,440330002,1,19,0,17,19,4,8,0,0,0,0,0,0,0,1,1,1,1,2,32,6,1499,2,1,VAUXHALL COMBO,5,E01017354,0,-1
2023041374955,2023,041374955,2,9,0,2,2,7,3,0,0,1,0,0,0,0,0,1,6,6,3,-1,-1,-1,-1,-1,VAUXHALL COMBO,-1,-1,0,-1
2023131308582,2023,131308582,1,19,0,1,1,6,4,0,0,8,0,0,0,0,2,1,1,1,1,52,8,1248,2,13,VAUXHALL COMBO,4,E01010987,0,-1
2023010470676,2023,010470676,2,19,0,7,7,2,3,0,0,5,0,0,0,0,1,1,6,6,1,-1,-1,1248,2,7,VAUXHALL COMBO,4,E01003440,0,-1
2023071085157,2023,071085157,1,9,0,4,4,4,8,0,0,0,0,0,0,0,1,1,6,6,1,27,6,-1,-1,-1,VAUXHALL COMBO,1,E01018486,0,-1
2023461394548,2023,461394548,1,19,0,18,19,6,2,0,0,0,0,0,0,0,1,1,1,1,1,45,7,1499,2,2,VAUXHALL COMBO,8,E01024761,0,-1
2023440171602,2023,440171602,2,19,0,5,5,2,6,0,0,1,0,0,0,0,1,1,1,1,1,49,8,1499,2,4,VAUXHALL COMBO,1,E01017112,0,-1
2023010436015,2023,010436015,1,19,0,18,19,3,7,0,0,0,0,0,0,0,1,1,1,1,1,34,6,1499,2,2,VAUXHALL COMBO,6,E01024783,0,-1
2023501333916,2023,501333916,2,9,0,18,19,8,4,0,0,1,0,0,0,0,2,1,5,6,1,68,10,-1,-1,-1,VAUXHALL COMBO,6,E01015136,0,-1
2023161326049,2023,161326049,2,9,0,18,19,7,3,0,0,0,0,0,0,0,1,1,1,1,1,-1,-1,-1,-1,-1,VAUXHALL COMBO,-1,-1,0,-1
2023430129821,2023,430129821,1,19,0,3,3,3,7,0,0,0,0,0,0,0,2,1,2,2,1,62,9,1499,2,3,VAUXHALL COMBO,9,E01031968,0,-1
2023052302727,2023,052302727,2,19,0,2,2,0,0,0,0,0,0,0,0,0,2,1,1,1,1,67,10,1560,2,4,VAUXHALL COMBO,5,E01018367,0,-1
2023411364326,2023,411364326,1,19,0,18,19,5,1,0,0,0,0,0,0,0,1,1,1,1,1,25,5,1560,2,4,VAUXHALL COMBO,3,E01015761,0,-1
2023010427319,2023,010427319,2,19,0,99,99,9,9,99,99,9,9,99,9,99,2,9,6,6,3,-1,-1,1499,2,1,VAUXHALL COMBO,-1,-1,0,-1
2023991290705,2023,991290705,1,19,0,5,5,5,7,0,0,3,0,0,1,0,4,1,2,2,1,42,7,1499,2,4,VAUXHALL COMBO,9,-1,0,-1
2023041352064,2023,041352064,1,19,0,16,19,2,6,0,0,0,0,0,1,11,1,1,1,1,1,23,5,1499,2,4,VAUXHALL COMBO,8,E01012584,0,-1
2023430155323,2023,430155323,2,9,0,3,3,3,7,0,0,0,0,0,0,0,2,1,6,6,2,47,8,1199,1,4,VAUXHALL COMBO,6,W01001129,0,-1
2023440420775,2023,440420775,2,19,0,18,19,0,0,0,0,0,5,0,0,0,2,1,6,6,3,-1,-1,1499,2,4,VAUXHALL COMBO,-1,-1,0,-1
202363A017223,2023,63A017223,1,19,0,1,1,5,2,0,0,0,0,0,0,0,2,1,6,6,1,23,5,1560,2,4,VAUXHALL COMBO,6,W01000829,0,-1
2023991350702,2023,991350702,2,19,0,18,19,1,5,0,0,0,2,0,0,0,3,1,1,1,1,26,6,1499,2,3,VAUXHALL COMBO,-1,-1,0,-1
2023610052023,2023,610052023,1,19,0,18,19,8,4,0,0,3,0,0,0,0,3,1,1,1,1,59,9,1248,2,12,VAUXHALL COMBO,6,W01001809,0,-1
2023461389000,2023,461389000,1,9,0,18,19,5,1,0,0,0,1,10,0,0,1,1,2,2,1,49,8,-1,-1,-1,VAUXHALL COMBO,2,E01024699,0,-1
202360A113580,2023,60A113580,2,19,0,3,3,7,3,0,0,8,0,0,0,0,2,1,1,1,1,61,9,1560,2,5,VAUXHALL COMBO,-1,-1,0,-1
2023421341923,2023,421341923,1,19,0,18,19,4,8,0,0,0,0,0,0,0,1,1,1,1,1,37,7,1248,2,9,VAUXHALL COMBO,9,E01021530,0,-1
2023111329067,2023,111329067,1,9,0,18,19,3,5,0,0,4,0,0,0,0,4,1,6,6,2,53,8,-1,-1,-1,VAUXHALL COMBO,1,E01020907,0,-1
2023010432035,2023,010432035,1,9,0,18,19,3,7,0,0,3,0,0,0,0,3,1,6,6,1,36,7,1499,2,4,VAUXHALL COMBO,-1,-1,0,-1
2023631307541,2023,631307541,2,19,0,17,19,5,2,0,0,0,0,0,0,0,1,1,5,6,2,41,7,1686,2,15,VAUXHALL COMBO,6,W01000558,0,-1
2023421372531,2023,421372531,3,19,0,10,10,5,3,0,0,0,0,0,0,0,2,1,6,6,1,-1,-1,1248,2,14,VAUXHALL COMBO,5,E01021694,0,-1
202360A055794,2023,60A055794,2,19,0,18,19,1,5,0,0,1,0,0,0,0,1,1,1,1,1,44,7,1499,2,2,VAUXHALL COMBO,-1,-1,0,-1
202354A152623,2023,54A152623,2,19,0,4,4,2,6,0,0,1,0,0,0,0,2,1,1,1,1,47,8,1248,2,16,VAUXHALL COMBO,10,E01031966,0,-1
2023421355704,2023,421355704,1,19,0,9,9,3,1,0,0,6,0,0,0,0,1,1,6,6,1,30,6,1248,2,12,VAUXHALL COMBO,-1,-1,0,-1
2023430061719,2023,430061719,1,19,0,9,9,6,4,0,0,6,0,0,0,0,2,1,1,1,2,32,6,1248,2,13,VAUXHALL COMBO,8,E01017671,0,-1
2023531358141,2023,531358141,1,19,0,18,19,6,2,0,0,0,0,0,0,0,3,1,6,6,1,34,6,1499,2,1,VAUXHALL COMBO,7,E01022221,0,-1
2023161276720,2023,161276720,1,19,0,18,19,4,8,0,0,0,0,0,0,0,1,1,1,1,2,25,5,1248,2,13,VAUXHALL COMBO,9,E01013316,0,-1
2023991279562,2023,991279562,2,19,0,18,19,5,1,0,0,0,0,0,0,0,1,1,1,1,1,50,8,1248,2,6,VAUXHALL COMBO,-1,-1,0,-1
2023320247474,2023,320247474,1,19,0,16,19,6,8,0,0,0,0,0,7,1,1,1,2,2,1,53,8,1560,2,4,VAUXHALL COMBO,-1,-1,0,-1
2023361358402,2023,361358402,1,19,0,18,19,5,7,0,0,2,0,0,0,0,1,1,6,6,1,33,6,1499,2,3,VAUXHALL COMBO,7,E01026856,0,-1
2023131307683,2023,131307683,2,9,0,18,19,7,3,0,0,8,0,0,0,0,1,1,6,6,1,37,7,1199,1,4,VAUXHALL COMBO,4,E01011634,0,-1
2023131304773,2023,131304773,2,9,0,2,2,3,7,9,9,0,0,0,0,0,1,1,6,6,3,-1,-1,-1,-1,-1,VAUXHALL COMBO,-1,-1,0,-1
2023440184616,2023,440184616,4,9,0,3,3,2,6,0,0,0,0,0,0,0,2,1,6,6,1,65,9,1199,1,3,VAUXHALL COMBO,10,E01022926,0,-1
2023471266016,2023,471266016,1,19,0,18,19,3,7,0,0,0,0,0,0,0,1,1,1,1,1,63,9,1499,2,4,VAUXHALL COMBO,2,E01031436,0,-1
2023311381538,2023,311381538,1,9,0,5,5,4,3,0,0,7,0,0,0,0,1,2,5,6,1,24,5,-1,-1,-1,VAUXHALL COMBO,-1,-1,0,-1
2023471333482,2023,471333482,1,9,0,9,9,1,7,0,0,1,0,0,0,0,1,1,6,6,1,32,6,-1,-1,-1,VAUXHALL COMBO,3,E01033328,0,-1
2023131320000,2023,131320000,1,19,0,5,5,3,7,0,0,6,0,0,0,0,1,1,6,6,3,-1,-1,1248,2,13,VAUXHALL COMBO,-1,-1,0,-1
2023440096360,2023,440096360,2,19,0,18,19,3,7,0,0,0,0,0,0,0,2,1,6,6,1,27,6,1499,2,2,VAUXHALL COMBO,2,E01022964,0,-1
2023991327249,2023,991327249,1,19,0,5,5,4,8,0,0,2,0,0,0,0,1,1,1,1,1,47,8,1248,2,13,VAUXHALL COMBO,10,-1,0,-1
2023501309422,2023,501309422,1,19,0,18,19,1,5,0,0,0,0,0,0,0,1,1,1,1,2,50,8,1560,2,4,VAUXHALL COMBO,8,E01015090,0,-1
2023231306707,2023,231306707,1,19,0,17,19,5,2,0,0,8,0,0,1,9,1,1,6,6,1,31,6,1248,2,15,VAUXHALL COMBO,6,E01031221,0,-1
2023991328485,2023,991328485,1,19,0,17,19,5,2,0,0,1,0,0,0,0,1,1,6,6,3,30,6,1686,2,11,VAUXHALL COMBO,-1,-1,0,-1
2023501379206,2023,501379206,1,19,0,18,19,7,3,0,0,0,1,0,2,11,1,1,5,6,1,34,6,1686,2,20,VAUXHALL COMBO,9,E01020090,0,-1
2023522300792,2023,522300792,1,9,0,6,6,1,1,0,0,1,0,0,0,0,3,1,6,6,1,47,8,1199,1,4,VAUXHALL COMBO,7,E01014491,0,-1
202354D260723,2023,54D260723,1,19,0,18,19,7,3,0,0,0,0,0,0,0,1,1,6,6,1,47,8,1248,2,6,VAUXHALL COMBO,9,E01032706,0,-1
2023522400229,2023,522400229,2,19,0,1,1,1,5,0,0,2,0,0,0,0,2,1,6,6,1,38,7,1248,2,14,VAUXHALL COMBO,3,E01014569,0,-1
2023401382861,2023,401382861,1,19,0,15,15,4,8,0,0,0,0,0,0,0,4,1,6,6,1,63,9,1499,2,3,VAUXHALL COMBO,9,E01023430,0,-1
2023311286781,2023,311286781,1,9,0,18,19,1,1,0,0,0,0,0,0,0,1,1,1,1,1,38,7,-1,-1,-1,VAUXHALL COMBO,4,E01002624,0,-1
2023471367114,2023,471367114,2,19,0,18,19,5,1,0,0,4,0,0,0,0,1,1,5,6,1,31,6,1686,2,19,VAUXHALL COMBO,3,E01031430,0,-1
2023041321755,2023,041321755,1,19,0,5,5,5,2,0,0,8,0,0,0,0,1,1,1,1,1,24,5,1499,2,1,VAUXHALL COMBO,9,E01025455,0,-1
2023320337381,2023,320337381,1,19,0,18,19,6,2,0,0,0,0,0,0,0,1,1,6,6,1,19,4,1499,2,3,VAUXHALL COMBO,-1,-1,0,-1
2023010419522,2023,010419522,1,19,0,99,99,9,9,99,99,9,9,99,9,99,1,9,2,2,1,55,8,1560,2,4,VAUXHALL COMBO,10,E01031581,0,-1
2023302301341,2023,302301341,2,19,0,4,4,7,3,0,0,0,0,0,0,0,2,1,1,1,1,35,6,1560,2,4,VAUXHALL COMBO,6,E01025956,0,-1
2023991352123,2023,991352123,1,19,0,9,9,6,4,0,0,5,0,0,0,0,1,1,1,1,1,62,9,1499,2,1,VAUXHALL COMBO,3,-1,0,-1
2023141288017,2023,141288017,3,19,0,2,2,0,0,0,0,1,0,4,0,0,2,1,5,6,1,54,8,1248,2,10,VAUXHALL COMBO,1,E01008119,0,-1
2023522300861,2023,522300861,1,9,0,18,19,2,6,0,0,8,0,0,0,0,1,1,6,6,1,74,10,1499,2,3,VAUXHALL COMBO,5,E01014720,0,-1
2023161277553,2023,161277553,6,19,0,2,2,0,0,0,0,0,0,0,0,0,2,1,6,6,3,-1,-1,1499,2,3,VAUXHALL COMBO,-1,-1,0,-1
2023461377406,2023,461377406,1,9,0,18,19,7,3,0,0,0,1,4,0,0,4,1,6,6,2,52,8,1499,2,2,VAUXHALL COMBO,6,E01024245,0,-1
2023141341444,2023,141341444,2,19,0,3,3,7,3,0,0,0,0,0,0,0,2,1,6,6,1,41,7,1499,2,1,VAUXHALL COMBO,4,E01006399,0,-1
2023430191831,2023,430191831,1,19,0,1,1,6,2,0,0,0,0,0,0,0,2,1,1,1,1,-1,-1,1499,2,1,VAUXHALL COMBO,3,E01003819,0,-1
2023161390819,2023,161390819,2,19,0,3,3,2,6,0,0,0,0,0,0,0,2,1,1,1,1,54,8,1248,2,15,VAUXHALL COMBO,4,E01012760,0,-1
2023461335611,2023,461335611,4,19,0,2,2,0,0,0,0,1,0,0,0,0,1,1,6,6,2,-1,-1,1248,2,15,VAUXHALL COMBO,8,E01024650,0,-1
2023061358907,2023,061358907,2,19,0,18,19,-1,-1,0,0,1,0,0,0,0,2,1,5,6,1,34,6,1686,2,16,VAUXHALL COMBO,6,E01010594,0,-1
2023141388763,2023,141388763,2,19,0,4,4,1,5,0,0,0,0,0,0,0,2,1,5,6,1,62,9,1499,2,3,VAUXHALL COMBO,1,E01008076,0,-1
2023522400868,2023,522400868,3,9,0,4,4,1,5,0,0,8,0,0,0,0,2,1,6,6,1,29,6,-1,-1,-1,VAUXHALL COMBO,4,E01014892,0,-1
2023471310255,2023,471310255,2,19,0,18,19,5,1,7,6,1,0,0,0,0,3,2,5,6,1,22,5,1248,2,13,VAUXHALL COMBO,3,E01031372,0,-1
2023010448617,2023,010448617,1,19,0,99,99,9,9,0,0,8,0,0,9,99,3,9,6,6,1,68,10,1248,2,17,VAUXHALL COMBO,8,E01004135,0,-1
2023302301375,2023,302301375,1,19,0,5,5,2,5,0,0,4,0,0,0,0,3,1,6,6,1,55,8,1686,2,19,VAUXHALL COMBO,6,E01019862,0,-1
2023471368697,2023,471368697,1,19,0,18,19,1,5,0,0,0,0,0,0,0,1,1,2,2,1,49,8,1686,2,17,VAUXHALL COMBO,10,E01021157,0,-1
2023211324577,2023,211324577,1,9,0,1,1,7,3,0,0,0,0,0,0,0,2,1,5,6,1,21,5,1686,2,15,VAUXHALL COMBO,2,E01010284,0,-1
2023461374669,2023,461374669,1,19,0,9,9,6,4,0,0,1,0,0,0,0,3,1,6,6,1,61,9,-1,3,1,VAUXHALL COMBO,5,E01024588,0,-1
2023440474050,2023,440474050,1,19,0,18,19,7,3,0,0,0,1,0,4,6,1,1,1,1,1,47,8,1499,2,3,VAUXHALL COMBO,9,E01022836,0,-1
2023471293289,2023,471293289,2,19,0,3,3,3,7,0,0,0,0,0,0,0,2,1,1,1,1,38,7,1499,2,3,VAUXHALL COMBO,4,E01031799,0,-1
2023010451834,2023,010451834,1,19,0,99,99,9,9,99,99,9,9,99,9,99,2,9,2,2,2,59,9,1499,2,3,VAUXHALL COMBO,3,E01003656,0,-1
2023041268582,2023,041268582,1,19,0,17,19,7,3,0,0,2,0,0,0,0,4,1,1,1,1,30,6,1499,2,2,VAUXHALL COMBO,1,E01025217,0,-1
2023411332766,2023,411332766,1,19,0,18,19,-1,-1,0,0,2,0,0,0,0,1,1,6,6,1,-1,-1,1560,2,4,VAUXHALL COMBO,-1,-1,0,-1
2023501301075,2023,501301075,2,19,0,18,19,1,5,0,0,0,0,0,0,0,1,1,6,6,2,32,6,1499,2,2,VAUXHALL COMBO,2,E01015259,0,-1
2023010428504,2023,010428504,2,9,0,4,4,3,7,0,0,0,0,4,0,0,3,1,1,1,1,36,7,-1,-1,-1,VAUXHALL COMBO,6,E01000677,0,-1
2023440339368,2023,440339368,1,19,0,17,19,3,7,0,0,0,2,0,1,9,4,1,2,2,1,24,5,1248,2,12,VAUXHALL COMBO,9,E01031880,0,-1
2023471389438,2023,471389438,2,19,0,9,9,6,4,0,0,1,0,0,0,0,4,1,6,6,1,37,7,1499,2,3,VAUXHALL COMBO,7,E01031068,0,-1
2023170L31063,2023,170L31063,2,19,0,9,9,7,6,0,0,6,0,0,0,0,1,1,6,6,1,-1,-1,1248,2,11,VAUXHALL COMBO,-1,-1,0,-1
2023061310730,2023,061310730,2,9,0,2,2,0,0,0,0,1,0,0,0,0,2,1,6,6,3,-1,-1,-1,-1,-1,VAUXHALL COMBO,-1,-1,0,-1