collision_index,collision_year,collision_ref_no,vehicle_reference,vehicle_type,towing_and_articulation,vehicle_manoeuvre_historic,vehicle_manoeuvre,vehicle_direction_from,vehicle_direction_to,vehicle_location_restricted_lane_historic,vehicle_location_restricted_lane,junction_location,skidding_and_overturning,hit_object_in_carriageway,vehicle_leaving_carriageway,hit_object_off_carriageway,first_point_of_impact,vehicle_left_hand_drive,journey_purpose_of_driver_historic,journey_purpose_of_driver,sex_of_driver,age_of_driver,age_band_of_driver,engine_capacity_cc,propulsion_code,age_of_vehicle,generic_make_model,driver_imd_decile,lsoa_of_driver,escooter_flag,driver_distance_banding
2023631345279,2023,631345279,2,19,0,18,19,2,6,0,0,8,0,0,0,0,4,1,6,6,1,19,4,1248,2,11,VAUXHALL COMBO,10,W01001036,0,-1
2023522301808,2023,522301808,2,19,0,18,19,2,6,0,0,1,0,0,0,0,2,1,6,6,3,-1,-1,1248,2,6,VAUXHALL COMBO,-1,-1,0,-1
2023421271654,2023,421271654,1,9,0,16,19,1,5,0,0,0,0,0,0,0,1,1,6,6,1,26,6,-1,-1,-1,VAUXHALL COMBO,3,E01021974,0,-1
2023361384501,2023,361384501,1,9,0,16,19,1,1,0,0,1,0,0,1,0,1,1,2,2,1,70,10,-1,-1,-1,VAUXHALL COMBO,8,E01026895,0,-1
2023631375927,2023,631375927,1,19,0,18,19,3,7,0,0,0,0,0,0,0,1,1,6,6,1,32,6,1248,2,9,VAUXHALL COMBO,5,W01000528,0,-1
2023471305095,2023,471305095,2,19,0,4,4,3,7,0,0,0,0,0,0,0,2,1,5,6,1,73,10,1248,2,16,VAUXHALL COMBO,7,E01031351,0,-1
2023010422136,2023,010422136,2,19,0,99,99,9,9,0,0,9,9,99,9,99,2,9,6,6,1,-1,-1,1499,2,2,VAUXHALL COMBO,4,E01016484,0,-1
2023440402010,2023,440402010,2,9,0,3,3,5,1,0,0,1,0,0,0,0,2,1,6,6,2,56,9,1499,2,4,VAUXHALL COMBO,6,E01030767,0,-1
2023991389390,2023,991389390,1,19,0,1,1,8,3,0,0,2,0,0,0,0,2,1,6,6,1,42,7,1248,2,12,VAUXHALL COMBO,7,-1,0,-1
2023440526153,2023,440526153,1,19,0,18,19,4,8,0,0,0,5,10,0,0,4,1,6,6,1,27,6,1248,2,15,VAUXHALL COMBO,6,E01023071,0,-1
2023471312215,2023,471312215,2,9,0,2,2,0,0,0,0,0,0,0,0,0,2,1,1,1,1,44,7,-1,-1,-1,VAUXHALL COMBO,5,E01031410,0,-1
2023440484716,2023,440484716,1,19,0,4,4,4,8,0,0,0,0,0,0,0,2,1,1,1,1,49,8,1499,2,4,VAUXHALL COMBO,4,E01022916,0,-1
2023371276072,2023,371276072,2,19,0,3,3,7,3,0,0,0,0,0,0,0,2,1,2,2,1,32,6,1248,2,9,VAUXHALL COMBO,5,E01026648,0,-1
2023501392909,2023,501392909,2,9,0,18,19,1,4,0,0,0,0,0,0,0,1,1,6,6,2,32,6,-1,-1,-1,VAUXHALL COMBO,3,E01018978,0,-1
2023440027609,2023,440027609,2,19,0,9,9,2,7,0,0,8,0,0,0,0,1,1,1,1,1,-1,-1,1248,2,13,VAUXHALL COMBO,-1,-1,0,-1
2023041288797,2023,041288797,3,19,0,2,2,0,0,0,0,0,0,0,0,0,1,1,6,6,3,-1,-1,1499,2,4,VAUXHALL COMBO,-1,-1,0,-1
2023522400636,2023,522400636,1,19,0,18,19,8,4,0,0,1,0,0,0,0,4,1,6,6,1,50,8,1499,2,1,VAUXHALL COMBO,4,W01000944,0,-1
2023141274001,2023,141274001,2,9,0,18,19,5,1,0,0,4,0,0,0,0,1,2,5,6,1,32,6,-1,-1,-1,VAUXHALL COMBO,3,E01010538,0,-1
2023361277849,2023,361277849,1,19,0,5,5,7,3,0,0,8,1,0,3,1,4,1,5,6,1,50,8,1248,2,8,VAUXHALL COMBO,7,E01026421,0,-1
2023320715607,2023,320715607,1,9,0,17,19,6,4,0,0,2,0,0,0,4,1,1,6,6,2,42,7,-1,-1,-1,VAUXHALL COMBO,3,E01026323,0,-1
2023101362977,2023,101362977,1,19,0,18,19,7,3,0,0,0,0,0,0,0,1,1,5,6,1,26,6,1248,2,16,VAUXHALL COMBO,8,E01027440,0,-1
2023421383885,2023,421383885,1,19,0,18,19,3,8,0,0,0,0,0,0,0,1,1,2,2,1,23,5,1248,2,8,VAUXHALL COMBO,6,E01021884,0,-1
2023131292932,2023,131292932,1,9,0,5,5,5,1,0,0,6,0,0,3,0,1,1,5,6,1,65,9,1499,2,4,VAUXHALL COMBO,1,E01010820,0,-1
2023546361423,2023,546361423,2,19,0,2,2,0,0,0,0,0,0,0,0,0,2,1,6,6,3,-1,-1,1686,2,18,VAUXHALL COMBO,-1,-1,0,-1
2023440386197,2023,440386197,2,19,0,4,4,2,6,0,0,0,0,0,0,0,2,1,2,2,1,33,6,1248,2,7,VAUXHALL COMBO,9,E01020373,0,-1
2023351286664,2023,351286664,1,19,0,18,19,5,1,0,0,0,0,0,0,0,0,1,1,1,2,52,8,1248,2,7,VAUXHALL COMBO,2,E01015641,0,-1
2023041265337,2023,041265337,2,9,0,2,2,3,7,0,0,0,0,0,0,0,2,1,6,6,3,-1,-1,1499,2,3,VAUXHALL COMBO,-1,-1,0,-1
2023141333770,2023,141333770,1,9,0,1,1,1,5,0,0,8,0,0,0,0,2,1,6,6,1,67,10,-1,-1,-1,VAUXHALL COMBO,2,E01007348,0,-1
2023340NN3162,2023,340NN3162,1,19,0,5,5,2,6,0,0,0,0,0,0,0,4,1,1,1,1,40,7,1248,2,18,VAUXHALL COMBO,5,E01027100,0,-1
2023991275892,2023,991275892,2,19,0,18,19,5,1,0,0,0,0,0,0,0,1,1,6,6,1,72,10,1248,2,10,VAUXHALL COMBO,9,-1,0,-1
2023461349396,2023,461349396,3,19,0,2,2,0,0,0,0,0,0,0,0,0,2,1,5,6,1,66,10,1560,2,4,VAUXHALL COMBO,5,E01024229,0,-1
2023221306150,2023,221306150,2,19,0,18,19,5,1,0,0,0,0,0,0,0,3,1,2,2,1,25,5,1499,2,2,VAUXHALL COMBO,-1,-1,0,-1
2023421281598,2023,421281598,1,19,0,18,19,1,6,0,0,0,0,0,0,0,1,1,1,1,1,29,6,1499,2,3,VAUXHALL COMBO,5,E01021414,0,-1
2023201413497,2023,201413497,1,9,0,5,5,3,1,0,0,6,0,0,0,0,1,1,6,6,2,77,11,1364,1,14,VAUXHALL MODEL MISSING,8,E01009949,0,-1
2023440522641,2023,440522641,1,9,0,18,19,4,8,0,0,1,0,0,0,0,1,1,6,6,1,-1,-1,1598,1,13,VAUXHALL MODEL MISSING,-1,-1,0,-1
2023061305666,2023,061305666,1,9,0,18,19,1,5,0,0,0,0,0,0,0,1,1,6,6,3,30,6,1248,2,15,VAUXHALL MODEL MISSING,-1,-1,0,-1
2023411262865,2023,411262865,2,9,0,18,19,-1,-1,0,0,0,0,0,0,0,2,1,5,6,1,45,7,1686,2,9,VAUXHALL MODEL MISSING,7,E01015694,0,-1
2023161311054,2023,161311054,3,9,0,2,2,0,0,0,0,2,0,0,0,0,3,1,5,6,1,55,8,1796,1,12,VAUXHALL MODEL MISSING,-1,-1,0,-1
2023421276660,2023,421276660,1,9,0,16,19,8,4,0,0,0,0,0,7,4,1,1,5,6,1,87,11,1686,2,14,VAUXHALL MODEL MISSING,6,E01021769,0,-1
2023471299537,2023,471299537,1,19,0,18,19,3,7,0,0,0,1,0,0,0,1,1,2,2,1,34,6,2000,2,15,-1,5,E01030531,0,-1
2023052300607,2023,052300607,2,9,0,18,19,3,7,0,0,8,0,0,0,0,1,1,6,6,1,61,9,1998,1,12,VAUXHALL MODEL MISSING,4,E01007230,0,-1
2023131376981,2023,131376981,2,9,0,18,19,2,6,0,0,0,0,0,0,0,3,1,5,6,1,47,8,1248,2,14,VAUXHALL MODEL MISSING,2,E01007440,0,-1
2023010465583,2023,010465583,1,9,0,9,9,6,3,0,0,5,0,0,0,0,1,1,6,6,1,53,8,1248,2,15,VAUXHALL MODEL MISSING,9,E01001386,0,-1
2023010421342,2023,010421342,2,19,0,99,99,9,9,99,99,9,9,99,9,99,9,9,6,6,1,68,10,1248,2,15,-1,2,E01002072,0,-1
2023041267069,2023,041267069,1,9,0,18,19,4,8,0,0,0,0,0,0,0,1,1,5,6,1,67,10,1199,1,4,VAUXHALL MODEL MISSING,4,E01024889,0,-1
2023122300368,2023,122300368,2,5,0,18,19,7,3,0,0,8,1,0,0,0,1,1,6,6,1,56,9,897,1,19,-1,-1,-1,0,-1
202354A490123,2023,54A490123,1,5,0,17,19,8,4,0,0,1,0,0,1,0,1,1,6,6,1,58,9,897,1,20,-1,6,E01031845,0,-1
2023430252935,2023,430252935,3,5,0,18,19,6,2,0,0,1,0,0,1,0,1,1,6,6,2,52,8,850,1,30,-1,4,E01028781,0,-1
2023201307382,2023,201307382,2,4,0,18,19,4,8,0,0,1,0,0,0,0,1,1,1,1,2,46,8,897,1,16,-1,3,E01029397,0,-1
2023631344425,2023,631344425,1,21,4,18,19,1,5,0,0,8,1,0,0,0,1,1,1,1,1,57,9,-1,-1,-1,-1,9,W01000795,0,-1
2023991300148,2023,991300148,1,9,0,9,9,1,6,0,0,2,0,0,0,0,1,1,6,6,3,50,8,1997,2,8,-1,8,-1,0,-1
2023041346380,2023,041346380,3,9,0,18,19,1,5,0,0,0,0,0,0,0,2,1,5,6,1,70,10,1560,2,7,-1,6,E01025107,0,-1
2023351320831,2023,351320831,2,9,0,4,4,2,6,0,0,1,0,0,0,0,3,1,5,6,1,56,9,1997,2,7,-1,7,E01018043,0,-1
2023991337563,2023,991337563,2,9,0,16,19,5,1,0,0,4,0,0,0,0,2,1,1,1,2,27,6,1560,2,6,-1,4,-1,0,-1
2023201405348,2023,201405348,1,9,0,5,5,6,2,0,0,1,0,0,0,0,4,1,6,6,1,61,9,1560,2,5,-1,5,E01009765,0,-1
2023131361494,2023,131361494,2,9,0,10,10,0,0,0,0,7,0,0,0,0,3,1,6,6,2,43,7,1997,2,8,-1,1,E01011918,0,-1
2023211315274,2023,211315274,2,5,0,17,19,3,7,0,0,1,0,0,0,0,1,1,5,6,1,55,8,1198,1,11,-1,4,E01009866,0,-1
2023320276377,2023,320276377,1,5,0,13,13,8,4,0,0,1,2,0,7,0,4,1,6,6,1,31,6,1198,1,8,-1,3,E01015668,0,-1
2023201403325,2023,201403325,1,3,0,9,9,2,8,0,0,3,0,0,0,0,1,1,6,6,1,33,6,1198,1,10,-1,4,E01010149,0,-1
2023991345755,2023,991345755,1,5,0,18,19,8,6,0,0,8,0,10,3,0,1,1,5,6,1,27,6,937,1,5,-1,5,-1,0,-1
2023311322999,2023,311322999,2,5,0,18,19,2,6,0,0,8,0,0,7,0,1,1,6,6,1,77,11,937,1,6,-1,8,E01028353,0,-1
2023411321505,2023,411321505,2,5,0,5,5,5,1,0,0,4,5,0,0,0,3,1,6,6,1,40,7,937,1,2,-1,10,E01023526,0,-1
2023430186179,2023,430186179,1,5,0,18,19,7,3,0,0,1,0,0,0,0,1,1,6,6,1,24,5,937,1,6,-1,9,E01028425,0,-1
2023010441245,2023,010441245,2,5,0,15,15,5,1,0,0,0,5,0,0,0,1,1,1,1,1,51,8,937,1,6,-1,6,E01024432,0,-1
2023010459576,2023,010459576,2,5,0,18,19,3,7,0,0,0,0,0,0,0,2,1,6,6,1,47,8,937,1,4,-1,8,E01030829,0,-1
2023010446001,2023,010446001,1,5,0,99,99,9,9,99,99,9,9,99,9,99,1,9,1,1,1,25,5,937,1,6,-1,5,E01015296,0,-1
2023522400218,2023,522400218,1,5,0,9,9,1,7,0,0,8,0,0,0,0,3,1,6,6,2,17,4,-1,-1,-1,-1,5,E01029152,0,-1
2023461327699,2023,461327699,2,3,0,18,19,-1,-1,-1,-1,8,2,0,2,10,1,1,2,2,1,31,6,124,1,21,-1,3,E01024310,0,-1
2023991314595,2023,991314595,1,5,0,16,19,6,2,0,0,0,0,0,7,0,3,1,5,6,1,49,8,1868,1,2,-1,9,-1,0,-1
2023501320492,2023,501320492,1,5,0,18,19,4,8,0,0,1,1,0,3,10,1,1,6,6,2,37,7,1868,1,4,-1,9,E01019896,0,-1
2023421326660,2023,421326660,1,4,0,18,19,5,7,0,0,4,0,0,0,0,1,1,6,6,1,86,11,198,1,40,-1,7,E01021900,0,-1
2023031381990,2023,031381990,2,17,0,2,2,6,7,0,0,0,0,0,0,0,2,1,1,1,1,22,5,4800,2,3,-1,-1,-1,0,-1
2023461373179,2023,461373179,1,4,0,18,19,7,6,0,0,0,0,0,0,0,1,1,5,6,1,22,5,250,1,18,-1,8,E01016082,0,-1
2023440391284,2023,440391284,2,5,0,18,19,5,1,0,0,0,0,0,0,0,1,1,6,6,1,80,11,744,1,45,-1,9,E01023053,0,-1
2023471326741,2023,471326741,1,3,0,18,19,7,3,0,0,0,5,0,0,0,1,1,2,2,1,27,6,124,1,1,LEXMOTO ASSAULT 125,5,E01031515,0,-1
2023201382449,2023,201382449,1,3,0,18,19,6,2,0,0,2,0,4,0,0,1,1,6,6,1,31,6,124,1,3,LEXMOTO ASSAULT 125,5,E01010432,0,-1
2023451313806,2023,451313806,1,3,0,10,10,1,1,0,0,1,0,0,0,0,2,1,6,6,1,17,4,124,1,4,LEXMOTO ASSAULT 125,2,E01030599,0,-1
2023340NN1372,2023,340NN1372,2,3,0,18,19,7,3,0,0,1,0,0,0,0,1,1,6,6,1,19,4,124,1,1,LEXMOTO ASSAULT 125,3,E01027035,0,-1
2023311278996,2023,311278996,1,3,0,18,19,3,7,0,0,0,0,0,0,0,1,1,1,1,1,34,6,124,1,2,LEXMOTO ASSAULT 125,10,E01028364,0,-1
2023461309270,2023,461309270,2,3,0,18,19,8,4,0,0,1,0,0,0,0,1,1,6,6,1,17,4,124,1,1,LEXMOTO ASSAULT 125,6,E01024363,0,-1
2023440286070,2023,440286070,1,3,0,18,19,7,3,0,0,0,1,0,0,0,4,1,6,6,2,20,4,124,1,2,LEXMOTO ASSAULT 125,10,E01022776,0,-1
2023010446668,2023,010446668,1,3,0,18,19,4,8,0,0,1,5,0,0,0,1,1,2,2,1,26,6,124,1,3,LEXMOTO ASSAULT 125,1,E01004335,0,-1
2023041352355,2023,041352355,2,3,0,13,13,5,1,0,0,1,0,0,0,0,1,1,1,1,1,28,6,124,1,2,LEXMOTO ASSAULT 125,-1,-1,0,-1
2023430171921,2023,430171921,1,3,0,18,19,3,7,0,0,0,0,0,0,0,1,1,6,6,1,21,5,124,1,8,LEXMOTO ASSAULT 125,7,E01016497,0,-1
202360A104932,2023,60A104932,1,4,0,7,7,7,8,0,0,1,0,0,0,0,2,1,6,6,1,17,4,124,1,3,-1,-1,-1,0,-1
2023471375355,2023,471375355,1,3,0,9,9,3,1,0,0,1,1,0,1,0,3,1,5,6,1,18,4,124,1,1,LEXMOTO ASSAULT 125,3,E01031830,0,-1
2023201358793,2023,201358793,1,3,0,18,19,4,8,0,0,1,2,10,1,0,1,1,1,1,1,18,4,124,1,3,LEXMOTO ASSAULT 125,1,E01010031,0,-1
2023430045220,2023,430045220,1,3,0,18,19,3,7,0,0,8,0,0,0,0,1,1,6,6,3,20,4,124,1,1,LEXMOTO ASSAULT 125,-1,-1,0,-1
2023440202149,2023,440202149,1,3,0,16,19,5,8,0,0,0,0,0,0,0,1,1,6,6,2,52,8,124,1,1,LEXMOTO ASSAULT 125,10,E01023276,0,-1
2023141275408,2023,141275408,1,3,0,18,19,8,4,0,0,2,0,0,0,0,1,1,5,6,1,17,4,124,1,1,LEXMOTO ASSAULT 125,1,E01008118,0,-1
2023010450265,2023,010450265,1,3,0,99,99,9,9,99,99,0,9,99,9,0,1,1,2,2,1,31,6,124,1,1,LEXMOTO ASSAULT 125,2,E01021318,0,-1
2023070442473,2023,070442473,1,3,0,18,19,5,1,0,0,3,1,10,4,6,1,1,6,6,1,20,4,124,1,0,LEXMOTO ASSAULT 125,2,E01012482,0,-1
2023061333875,2023,061333875,1,3,0,15,15,3,7,0,0,0,0,0,0,0,1,1,5,6,1,15,3,124,1,3,LEXMOTO ASSAULT 125,1,E01005948,0,-1
2023311287531,2023,311287531,1,4,0,4,4,5,1,0,0,1,2,0,0,0,4,1,5,6,1,34,6,124,1,1,-1,9,E01027934,0,-1
2023501346384,2023,501346384,2,3,0,17,19,1,5,0,0,0,0,0,0,0,1,1,5,6,1,19,4,124,1,2,LEXMOTO ASSAULT 125,6,E01019903,0,-1
2023231372168,2023,231372168,1,3,0,18,19,4,8,0,0,8,0,0,1,4,1,1,6,6,1,20,4,124,1,7,LEXMOTO ASSAULT 125,8,E01033255,0,-1
2023501357409,2023,501357409,2,3,0,7,7,5,6,0,0,6,0,0,0,0,1,1,6,6,1,18,4,124,1,4,LEXMOTO ASSAULT 125,2,E01018854,0,-1
2023421341073,2023,421341073,1,3,0,18,19,2,6,0,0,1,0,0,0,0,1,1,6,6,1,17,4,124,1,0,LEXMOTO ASSAULT 125,4,E01021368,0,-1
2023501384575,2023,501384575,1,3,0,18,19,3,8,0,0,0,1,0,0,0,3,1,1,1,2,53,8,124,1,1,LEXMOTO ASSAULT 125,7,E01020233,0,-1
2023141314287,2023,141314287,2,3,0,18,19,3,7,0,0,0,0,0,0,0,1,1,2,2,1,44,7,124,1,3,LEXMOTO ASSAULT 125,2,E01007745,0,-1
2023440378131,2023,440378131,2,3,0,18,19,6,2,0,0,1,0,0,0,0,1,1,2,2,1,19,4,124,1,2,LEXMOTO ASSAULT 125,8,E01022591,0,-1
2023451330769,2023,451330769,2,3,0,18,19,4,8,0,0,8,0,0,0,0,1,1,1,1,1,17,4,124,1,4,LEXMOTO ASSAULT 125,2,E01030599,0,-1
2023201456195,2023,201456195,2,2,0,18,19,1,5,0,0,8,0,0,0,0,1,1,2,2,1,31,6,124,1,7,-1,3,E01008924,0,-1
2023311370350,2023,311370350,1,3,0,18,19,5,1,0,0,8,0,0,3,0,1,1,6,6,1,18,4,124,1,6,LEXMOTO ASSAULT 125,4,E01028174,0,-1
2023471351851,2023,471351851,2,3,0,18,19,1,5,0,0,1,0,0,0,0,1,1,5,6,1,29,6,124,1,2,LEXMOTO ASSAULT 125,4,E01031835,0,-1
2023430356890,2023,430356890,1,4,0,17,19,3,8,0,0,0,0,0,0,0,3,1,6,6,1,20,4,124,1,3,-1,9,E01033194,0,-1
2023501277308,2023,501277308,1,3,0,18,19,3,7,0,0,4,5,0,0,0,1,1,6,6,1,18,4,124,1,3,LEXMOTO ASSAULT 125,3,E01018799,0,-1
2023201379342,2023,201379342,1,4,0,4,4,8,4,0,0,0,0,0,0,0,3,1,1,1,1,20,4,124,1,4,-1,1,E01010370,0,-1
2023201276962,2023,201276962,2,2,0,18,19,5,1,0,0,8,0,0,0,0,3,1,6,6,1,-1,-1,124,1,2,-1,2,E01009753,0,-1
2023141286324,2023,141286324,1,3,0,18,19,8,3,0,0,8,1,0,0,0,0,1,2,2,1,30,6,124,1,2,LEXMOTO ASSAULT 125,3,E01008093,0,-1
2023471340206,2023,471340206,1,3,0,16,19,4,8,9,9,0,1,0,0,0,3,1,6,6,1,19,4,124,1,3,LEXMOTO ASSAULT 125,9,E01030573,0,-1
2023221259714,2023,221259714,1,3,0,18,19,5,1,0,0,0,0,0,0,0,1,1,2,2,1,36,7,124,1,3,LEXMOTO ASSAULT 125,9,E01032388,0,-1
2023351346869,2023,351346869,2,9,0,18,19,1,5,0,0,0,5,0,0,0,1,1,1,1,1,57,9,599,1,21,-1,8,E01018050,0,-1
2023471332538,2023,471332538,2,9,0,18,19,6,2,0,0,8,0,0,1,10,3,1,1,1,1,48,8,599,1,21,-1,6,E01021213,0,-1
2023010477255,2023,010477255,2,9,0,18,19,6,2,0,0,1,0,0,0,0,1,1,6,6,2,57,9,599,1,22,-1,7,E01002577,0,-1
2023010472166,2023,010472166,2,9,0,18,19,1,5,0,0,8,0,0,0,0,3,1,6,6,3,-1,-1,599,1,21,-1,-1,-1,0,-1
2023201390032,2023,201390032,1,9,0,18,19,4,8,0,0,0,0,0,0,0,1,1,6,6,1,71,10,698,1,20,-1,5,E01009825,0,-1
2023010436662,2023,010436662,1,9,0,99,99,9,9,99,99,9,9,99,9,99,3,9,2,2,1,39,7,599,1,22,-1,3,E01003581,0,-1
2023440010532,2023,440010532,1,9,0,9,9,5,3,0,0,6,0,0,0,0,3,1,6,6,2,58,9,599,1,21,-1,4,E01017306,0,-1
2023201380251,2023,201380251,1,9,0,14,14,4,8,0,0,0,0,0,0,0,1,1,5,6,2,31,6,599,1,22,-1,1,E01009059,0,-1
2023131351513,2023,131351513,1,90,0,-1,-1,-1,-1,-1,-1,8,-1,-1,-1,0,-1,1,6,6,3,-1,-1,-1,2,19,-1,-1,-1,0,-1
2023631337952,2023,631337952,2,17,4,9,9,4,3,0,0,6,0,0,0,0,0,1,5,6,1,22,5,6728,2,15,-1,8,W01000443,0,-1
2023131343157,2023,131343157,1,9,0,18,19,1,5,0,0,1,5,0,0,0,1,1,5,6,1,76,11,1499,1,5,MINI CLUBMAN,1,E01011148,0,-1
2023010482726,2023,010482726,2,9,0,2,2,0,0,0,0,0,0,0,0,0,2,1,6,6,3,-1,-1,1499,1,7,MINI CLUBMAN,-1,-1,0,-1
202360A141707,2023,60A141707,3,9,0,4,4,8,4,0,0,0,0,0,0,0,2,1,6,6,1,31,6,1998,1,2,MINI CLUBMAN,-1,-1,0,-1
2023461263635,2023,461263635,1,9,0,9,9,7,7,0,0,1,0,0,0,0,1,1,6,6,1,49,8,1998,1,5,MINI CLUBMAN,5,E01024767,0,-1
2023041379004,2023,041379004,2,9,0,18,19,3,7,0,0,4,0,0,0,0,2,1,5,6,1,68,10,1499,1,6,MINI CLUBMAN,8,E01005170,0,-1
2023111376651,2023,111376651,3,9,0,4,4,4,8,0,0,0,0,0,0,0,2,1,5,6,1,50,8,1499,1,5,MINI CLUBMAN,-1,-1,0,-1
2023991294591,2023,991294591,2,9,0,17,19,1,5,0,0,0,0,0,0,0,1,1,5,6,1,22,5,1998,1,4,MINI CLUBMAN,6,-1,0,-1
2023451360484,2023,451360484,1,9,0,11,11,8,4,0,0,0,0,0,0,0,2,1,2,2,2,38,7,1995,2,8,MINI CLUBMAN,9,E01022958,0,-1
2023552300660,2023,552300660,2,9,0,4,4,5,1,0,0,0,0,0,0,0,2,1,6,6,2,73,10,1499,1,5,MINI CLUBMAN,10,E01023815,0,-1
2023010478419,2023,010478419,1,9,0,7,7,4,6,0,0,6,0,0,0,0,1,1,6,6,1,60,9,1499,1,4,MINI CLUBMAN,5,E01003951,0,-1
2023411287753,2023,411287753,2,9,0,2,2,0,0,0,0,0,0,0,0,0,1,1,5,6,3,-1,-1,1998,1,3,MINI CLUBMAN,-1,-1,0,-1
2023631342788,2023,631342788,1,9,0,9,9,4,1,0,0,6,0,0,0,0,1,1,1,1,2,47,8,1995,2,6,MINI CLUBMAN,7,W01000501,0,-1
2023320120613,2023,320120613,2,9,0,9,9,4,2,0,0,6,0,0,0,0,4,1,6,6,2,30,6,1995,2,5,MINI CLUBMAN,5,E01026284,0,-1
2023010430824,2023,010430824,1,9,0,18,19,4,8,0,0,2,0,0,0,0,1,1,2,2,2,52,8,1995,2,7,MINI CLUBMAN,10,E01030726,0,-1
2023061338795,2023,061338795,1,9,0,7,7,2,4,0,0,1,0,0,0,0,1,1,6,6,3,-1,-1,1995,2,12,MINI CLUBMAN,-1,-1,0,-1
202360A142192,2023,60A142192,1,9,0,18,19,2,6,0,0,0,0,0,0,0,4,1,6,6,2,25,5,1560,2,15,MINI CLUBMAN,-1,-1,0,-1
2023010421333,2023,010421333,2,9,0,99,99,9,9,99,99,9,9,99,9,99,1,9,6,6,3,-1,-1,1998,1,1,MINI CLUBMAN,-1,-1,0,-1
2023010445966,2023,010445966,2,9,9,99,99,9,9,99,99,0,9,99,9,99,9,9,6,6,2,54,8,1499,1,4,MINI CLUBMAN,4,E01004048,0,-1
2023131301264,2023,131301264,2,9,0,2,2,1,5,9,9,2,0,0,0,0,3,1,6,6,3,-1,-1,1560,2,15,MINI CLUBMAN,-1,-1,0,-1
2023061352530,2023,061352530,1,9,0,3,3,5,1,0,0,0,0,0,0,0,2,1,6,6,1,76,11,1998,1,3,MINI CLUBMAN,6,E01004894,0,-1
2023622300806,2023,622300806,1,9,0,18,19,2,6,0,0,0,0,0,0,0,1,1,6,6,2,47,8,1998,1,0,MINI CLUBMAN,5,W01000887,0,-1
2023501288984,2023,501288984,1,9,0,4,4,6,3,0,0,2,0,0,0,0,2,1,6,6,2,34,6,1995,2,5,MINI CLUBMAN,1,E01015078,0,-1
2023552301113,2023,552301113,2,9,0,9,9,6,3,0,0,5,0,0,0,0,3,1,3,7,1,49,8,1998,1,5,MINI CLUBMAN,6,E01020466,0,-1
2023311280172,2023,311280172,2,9,0,5,5,3,7,0,0,4,0,0,0,0,2,1,6,6,2,51,8,1995,2,5,MINI CLUBMAN,8,E01026322,0,-1
2023471287653,2023,471287653,3,9,0,18,19,8,4,0,0,0,0,0,1,0,3,1,5,6,2,40,7,1499,1,7,MINI CLUBMAN,8,E01021134,0,-1
2023451298094,2023,451298094,2,9,0,3,3,6,2,0,0,1,0,0,0,0,2,1,5,6,2,53,8,1998,1,7,MINI CLUBMAN,10,E01030897,0,-1
2023041263082,2023,041263082,2,9,0,7,7,1,3,0,0,1,0,0,0,0,1,1,5,6,2,68,10,1598,1,11,MINI CLUBMAN,5,E01006930,0,-1
2023010454521,2023,010454521,1,9,0,7,7,6,8,0,0,5,0,0,0,0,3,1,6,6,1,67,10,1499,1,6,MINI CLUBMAN,8,E01004687,0,-1
2023520000554,2023,520000554,2,9,0,16,19,2,4,0,0,0,0,0,0,0,1,1,6,6,2,41,7,1499,1,4,MINI CLUBMAN,10,E01014410,0,-1
2023010477070,2023,010477070,2,9,0,99,99,9,9,99,99,9,9,99,9,99,2,9,6,6,3,51,8,1998,1,6,MINI CLUBMAN,9,E01003857,0,-1
2023141337618,2023,141337618,1,9,0,16,19,7,3,0,0,0,2,0,1,4,1,1,6,6,1,58,9,1560,2,15,MINI CLUBMAN,3,E01007487,0,-1
2023302301620,2023,302301620,2,9,0,3,3,1,5,0,0,2,0,0,0,0,2,1,6,6,1,45,7,1998,1,3,MINI CLUBMAN,10,E01013463,0,-1
2023010462342,2023,010462342,2,9,0,99,99,9,9,99,99,9,9,99,9,99,1,9,6,6,3,46,8,1499,1,4,MINI CLUBMAN,7,E01001950,0,-1
2023311320415,2023,311320415,1,9,0,5,5,5,2,0,0,6,0,0,0,0,1,1,2,2,2,58,9,1499,1,1,MINI CLUBMAN,10,E01028148,0,-1
2023010479335,2023,010479335,2,9,0,18,19,5,1,0,0,8,0,0,0,0,1,1,6,6,2,39,7,1995,2,6,MINI CLUBMAN,6,E01000778,0,-1
2023461272866,2023,461272866,2,9,0,12,12,3,7,0,0,0,0,0,0,0,1,1,6,6,1,37,7,1598,2,11,MINI CLUBMAN,6,E01024094,0,-1
2023501352915,2023,501352915,1,9,0,14,14,4,1,0,0,1,0,0,0,0,1,1,6,6,2,45,7,1598,2,11,MINI CLUBMAN,6,E01020246,0,-1
2023131277478,2023,131277478,1,9,0,17,19,1,5,0,0,0,5,0,0,0,1,1,6,6,1,72,10,1998,1,3,MINI CLUBMAN,10,E01011120,0,-1
2023440388929,2023,440388929,1,9,0,18,19,2,4,0,0,1,0,10,0,0,1,1,6,6,3,-1,-1,1560,2,13,MINI CLUBMAN,-1,-1,0,-1
2023010467806,2023,010467806,1,9,0,15,15,5,1,0,0,1,0,0,0,0,1,1,3,7,1,51,8,1995,2,6,MINI CLUBMAN,6,E01002186,0,-1