collision_index,collision_year,collision_ref_no,vehicle_reference,vehicle_type,towing_and_articulation,vehicle_manoeuvre_historic,vehicle_manoeuvre,vehicle_direction_from,vehicle_direction_to,vehicle_location_restricted_lane_historic,vehicle_location_restricted_lane,junction_location,skidding_and_overturning,hit_object_in_carriageway,vehicle_leaving_carriageway,hit_object_off_carriageway,first_point_of_impact,vehicle_left_hand_drive,journey_purpose_of_driver_historic,journey_purpose_of_driver,sex_of_driver,age_of_driver,age_band_of_driver,engine_capacity_cc,propulsion_code,age_of_vehicle,generic_make_model,driver_imd_decile,lsoa_of_driver,escooter_flag,driver_distance_banding
2023010475225,2023,010475225,1,4,0,18,19,5,1,0,0,0,0,8,0,0,1,1,1,1,1,27,6,125,1,3,YAMAHA GPD,3,E01003569,0,-1
2023010485642,2023,010485642,2,2,0,9,9,3,8,0,0,2,0,0,0,0,1,1,6,6,1,28,6,125,1,1,YAMAHA GPD,4,E01000965,0,-1
2023430277504,2023,430277504,1,3,0,18,19,4,8,0,0,8,0,0,0,0,1,1,6,6,1,20,4,125,1,2,YAMAHA GPD,5,E01016379,0,-1
2023010485163,2023,010485163,1,3,0,99,99,9,9,99,99,9,9,99,9,99,1,1,6,6,1,22,5,125,1,2,YAMAHA GPD,1,E01002091,0,-1
2023010420200,2023,010420200,2,3,0,18,19,7,3,0,0,1,5,0,0,0,1,1,6,6,1,29,6,125,1,4,YAMAHA GPD,1,E01004722,0,-1
2023010427163,2023,010427163,2,2,0,99,99,9,9,99,99,0,9,99,9,99,9,1,6,6,3,-1,-1,125,1,5,YAMAHA GPD,3,E01002932,0,-1
2023010432520,2023,010432520,1,3,0,99,99,9,9,99,99,9,9,99,9,99,9,1,1,1,1,25,5,125,1,5,YAMAHA GPD,3,E01000499,0,-1
2023010446741,2023,010446741,2,3,0,18,19,3,7,0,0,8,0,0,0,0,0,1,6,6,1,19,4,125,1,5,YAMAHA GPD,1,E01004464,0,-1
2023010486969,2023,010486969,1,3,9,99,99,9,9,99,99,9,9,99,9,99,9,1,6,6,1,26,6,125,1,6,YAMAHA GPD,1,E01033455,0,-1
2023010474470,2023,010474470,1,3,0,18,19,7,3,0,0,1,0,11,0,0,1,1,6,6,1,27,6,125,1,2,YAMAHA GPD,4,E01003114,0,-1
2023010434889,2023,010434889,1,3,0,99,99,9,9,99,99,9,9,99,9,99,1,1,1,1,1,28,6,125,1,2,YAMAHA GPD,3,E01001449,0,-1
2023010430259,2023,010430259,1,3,0,99,99,9,9,99,99,9,9,99,9,99,1,1,1,1,1,35,6,125,1,2,YAMAHA GPD,3,E01003609,0,-1
2023010481614,2023,010481614,2,3,0,18,19,1,5,0,0,1,5,0,0,0,1,1,6,6,1,23,5,125,1,4,YAMAHA GPD,6,E01003152,0,-1
2023010468329,2023,010468329,1,3,0,99,99,9,9,99,99,9,9,99,9,99,2,1,2,2,1,21,5,125,1,4,YAMAHA GPD,1,E01015932,0,-1
2023010427362,2023,010427362,1,3,0,99,99,9,9,99,99,9,9,99,9,99,1,1,6,6,2,23,5,125,1,8,YAMAHA GPD,5,E01004644,0,-1
2023010480316,2023,010480316,1,3,0,99,99,9,9,99,99,0,9,99,9,99,9,1,6,6,1,23,5,125,1,3,YAMAHA GPD,2,E01032805,0,-1
2023010422371,2023,010422371,1,3,0,18,19,1,5,0,0,1,0,0,0,0,2,1,1,1,2,32,6,125,1,5,YAMAHA GPD,6,E01001592,0,-1
2023010462308,2023,010462308,1,3,9,99,99,9,9,99,99,9,9,99,9,99,9,1,6,6,2,35,6,125,1,1,YAMAHA GPD,2,E01003321,0,-1
2023010472946,2023,010472946,1,3,0,18,19,1,5,0,0,1,0,0,1,0,3,1,6,6,1,22,5,125,1,6,YAMAHA GPD,5,E01003022,0,-1
2023010455081,2023,010455081,2,3,0,13,13,7,3,0,0,1,5,0,7,1,3,1,6,6,2,17,4,125,1,4,YAMAHA GPD,1,E01000661,0,-1
2023010443888,2023,010443888,1,3,0,99,99,9,9,99,99,9,9,99,9,99,1,1,6,6,1,34,6,125,1,6,YAMAHA GPD,2,E01002076,0,-1
2023010474573,2023,010474573,1,3,0,14,14,1,5,0,0,1,0,0,0,0,4,1,1,1,1,34,6,125,1,4,YAMAHA GPD,4,E01000113,0,-1
2023010430037,2023,010430037,1,3,0,99,99,9,9,99,99,9,9,99,9,99,9,1,1,1,1,26,6,125,1,1,YAMAHA GPD,4,E01001182,0,-1
2023451373466,2023,451373466,1,3,0,9,9,7,5,0,0,3,1,0,0,0,1,1,1,1,2,36,7,125,1,0,YAMAHA GPD,9,E01030766,0,-1
2023010466545,2023,010466545,2,3,0,4,4,1,5,0,0,1,0,0,0,0,3,1,6,6,1,47,8,125,1,6,YAMAHA GPD,6,E01001163,0,-1
2023010447419,2023,010447419,1,3,0,18,19,1,5,0,0,1,0,0,0,0,1,1,1,1,1,41,7,125,1,2,YAMAHA GPD,2,E01001144,0,-1
2023010426474,2023,010426474,1,3,0,99,99,9,9,99,99,9,9,99,9,99,9,1,1,1,1,27,6,125,1,3,YAMAHA GPD,1,E01002067,0,-1
2023010464169,2023,010464169,1,3,9,99,99,9,9,99,99,0,9,99,9,99,9,1,6,6,3,45,7,125,1,6,YAMAHA GPD,2,E01001594,0,-1
2023010443724,2023,010443724,1,3,0,99,99,9,9,99,99,9,9,99,9,99,9,1,1,1,1,42,7,125,1,1,YAMAHA GPD,3,E01001175,0,-1
2023430398109,2023,430398109,1,3,0,3,3,6,2,0,0,0,0,0,0,0,1,1,1,1,1,35,6,125,1,0,YAMAHA GPD,7,E01017851,0,-1
2023010447116,2023,010447116,1,3,0,99,99,9,9,99,99,9,9,99,9,99,1,1,6,6,1,30,6,125,1,2,YAMAHA GPD,4,E01001497,0,-1
2023010470655,2023,010470655,2,3,0,5,5,5,1,0,0,1,0,0,0,0,1,1,1,1,2,30,6,125,1,3,YAMAHA GPD,4,E01003436,0,-1
2023010421860,2023,010421860,1,3,0,99,99,9,9,99,99,9,9,99,9,99,1,1,6,6,2,28,6,125,1,5,YAMAHA GPD,6,E01000219,0,-1
2023010431525,2023,010431525,1,4,0,6,6,5,5,0,0,0,0,0,0,0,4,1,6,6,1,55,8,125,1,4,YAMAHA GPD,-1,-1,0,-1
2023010450128,2023,010450128,1,4,0,9,9,1,6,0,0,8,0,0,0,0,1,1,6,6,1,26,6,125,1,0,YAMAHA GPD,3,E01000499,0,-1
2023010423983,2023,010423983,1,3,9,99,99,9,9,99,99,9,9,99,9,99,9,1,6,6,1,-1,-1,125,1,1,YAMAHA GPD,5,E01001389,0,-1
2023010471131,2023,010471131,1,3,0,99,99,9,9,99,99,9,9,99,9,99,9,1,6,6,3,23,5,125,1,0,YAMAHA GPD,3,E01004183,0,-1
2023010442962,2023,010442962,2,3,0,5,5,1,5,0,0,8,0,0,0,0,1,1,6,6,1,23,5,125,1,3,YAMAHA GPD,2,E01003918,0,-1
2023411323124,2023,411323124,2,3,0,4,4,5,1,0,0,1,0,0,0,0,2,1,1,1,1,45,7,125,1,0,YAMAHA GPD,4,E01023333,0,-1
2023010435643,2023,010435643,1,3,0,99,99,9,9,99,99,9,9,99,9,99,1,1,6,6,1,32,6,125,1,0,YAMAHA GPD,4,E01001480,0,-1
2023010468650,2023,010468650,1,3,0,14,14,1,5,0,0,1,0,0,0,0,1,1,6,6,3,22,5,125,1,3,YAMAHA GPD,3,E01004342,0,-1
2023010451031,2023,010451031,1,3,0,15,15,3,7,0,0,0,0,0,0,0,1,1,2,2,1,24,5,125,1,1,YAMAHA GPD,2,E01004584,0,-1
2023010426486,2023,010426486,1,3,0,99,99,9,9,99,99,9,9,99,9,99,1,1,6,6,1,30,6,125,1,4,YAMAHA GPD,5,E01001973,0,-1
2023010421916,2023,010421916,2,3,0,18,19,7,3,0,0,1,0,0,0,0,1,1,6,6,1,25,5,125,1,6,YAMAHA GPD,4,E01000846,0,-1
2023010479223,2023,010479223,1,3,0,99,99,9,9,99,99,9,9,99,9,99,9,1,6,6,2,41,7,125,1,2,YAMAHA GPD,3,E01033583,0,-1
2023010424501,2023,010424501,1,3,0,99,99,9,9,99,99,9,9,99,9,99,9,1,2,2,1,20,4,125,1,5,YAMAHA GPD,3,E01003172,0,-1
2023010431407,2023,010431407,2,3,0,7,7,7,1,0,0,8,0,0,0,0,2,1,6,6,1,26,6,125,1,3,YAMAHA GPD,5,E01002529,0,-1
2023010479378,2023,010479378,2,3,0,9,9,3,2,0,0,1,0,0,0,0,1,1,1,1,2,54,8,125,1,3,YAMAHA GPD,9,E01030394,0,-1
2023010465604,2023,010465604,1,4,0,18,19,6,2,0,0,1,0,0,0,0,1,1,6,6,1,27,6,125,1,0,YAMAHA GPD,2,E01003350,0,-1
2023010439136,2023,010439136,1,3,0,99,99,9,9,99,99,9,9,99,9,99,1,1,6,6,1,34,6,125,1,3,YAMAHA GPD,3,E01001449,0,-1
2023010435772,2023,010435772,1,3,0,99,99,9,9,99,99,9,9,99,9,99,1,1,1,1,1,40,7,125,1,2,YAMAHA GPD,7,E01016613,0,-1
2023010473568,2023,010473568,1,3,0,99,99,9,9,99,99,9,9,99,9,99,9,1,2,2,1,26,6,125,1,0,YAMAHA GPD,5,E01000747,0,-1
2023010452064,2023,010452064,1,3,0,14,14,1,5,0,0,1,0,0,0,0,1,1,6,6,1,17,4,125,1,1,YAMAHA GPD,1,E01000508,0,-1
2023010446490,2023,010446490,1,3,0,99,99,9,9,99,99,0,9,99,9,99,2,1,1,1,2,35,6,125,1,1,YAMAHA GPD,8,E01004135,0,-1
2023010459182,2023,010459182,1,3,0,18,19,3,7,0,0,1,0,0,0,0,4,1,1,1,1,52,8,125,1,3,YAMAHA GPD,2,E01002969,0,-1
2023010442356,2023,010442356,1,3,0,99,99,9,9,99,99,9,9,99,9,99,1,1,6,6,1,28,6,125,1,2,YAMAHA GPD,3,E01004562,0,-1
2023501293746,2023,501293746,2,3,0,9,9,2,4,0,0,5,0,0,0,0,1,1,1,1,1,40,7,125,1,6,YAMAHA GPD,7,E01015100,0,-1
2023010434433,2023,010434433,1,3,0,99,99,9,9,99,99,9,9,99,9,99,1,1,1,1,1,26,6,125,1,2,YAMAHA GPD,5,E01003080,0,-1
2023010440179,2023,010440179,2,3,0,99,99,9,9,99,99,9,9,99,9,99,1,1,6,6,3,-1,-1,125,1,2,YAMAHA GPD,-1,-1,0,-1
2023010442801,2023,010442801,1,3,0,18,19,2,6,0,0,2,0,0,0,0,1,1,6,6,1,36,7,125,1,2,YAMAHA GPD,5,E01003260,0,-1
2023010479988,2023,010479988,2,3,0,15,15,3,7,2,2,1,0,0,0,0,3,1,6,6,1,29,6,125,1,0,YAMAHA GPD,2,E01003566,0,-1
2023010443861,2023,010443861,1,3,0,99,99,9,9,99,99,9,9,99,9,99,9,1,6,6,2,39,7,125,1,0,YAMAHA GPD,5,E01003142,0,-1
2023010427526,2023,010427526,1,3,0,14,14,1,5,0,0,0,0,0,0,0,1,1,6,6,1,34,6,125,1,0,YAMAHA GPD,3,E01001243,0,-1
2023010472926,2023,010472926,1,3,0,99,99,9,9,99,99,9,9,99,9,99,9,1,1,1,1,19,4,125,1,4,YAMAHA GPD,1,E01004042,0,-1
2023010464588,2023,010464588,1,3,9,99,99,9,9,99,99,9,9,99,9,99,1,1,1,1,1,30,6,125,1,2,YAMAHA GPD,3,E01003521,0,-1
2023010420735,2023,010420735,1,3,0,99,99,9,9,99,99,9,9,99,9,99,1,1,6,6,1,27,6,125,1,1,YAMAHA GPD,1,E01000602,0,-1
2023430404186,2023,430404186,1,3,0,9,9,5,3,0,0,5,0,0,0,0,1,1,1,1,1,37,7,125,1,7,YAMAHA GPD,5,E01017835,0,-1
2023010426602,2023,010426602,2,3,0,13,13,5,1,0,0,1,0,0,7,11,1,1,6,6,1,27,6,125,1,2,YAMAHA GPD,2,E01003082,0,-1
2023010435692,2023,010435692,1,3,0,99,99,9,9,99,99,0,9,99,9,99,1,1,6,6,1,42,7,125,1,3,YAMAHA GPD,2,E01001448,0,-1
2023010424393,2023,010424393,1,3,0,99,99,9,9,99,99,9,9,99,9,99,1,1,2,2,1,20,4,125,1,6,YAMAHA GPD,4,E01001047,0,-1
2023501319491,2023,501319491,1,3,0,18,19,7,4,0,0,4,5,9,3,1,1,1,6,6,1,44,7,125,1,7,YAMAHA GPD,2,E01019046,0,-1
2023010473552,2023,010473552,1,3,0,99,99,9,9,99,99,9,9,99,9,99,9,1,2,2,1,34,6,125,1,1,YAMAHA GPD,4,E01000171,0,-1
2023010443995,2023,010443995,1,2,0,18,19,8,4,0,0,2,0,0,0,0,1,1,6,6,1,23,5,125,1,1,YAMAHA GPD,5,E01002202,0,-1
2023010450276,2023,010450276,1,3,0,99,99,9,9,99,99,9,9,99,9,99,1,1,1,1,1,30,6,125,1,3,YAMAHA GPD,7,E01001455,0,-1
2023010454288,2023,010454288,1,3,9,99,99,9,9,99,99,9,9,99,9,99,9,1,1,1,2,31,6,125,1,4,YAMAHA GPD,4,E01004484,0,-1
2023522400076,2023,522400076,1,3,0,18,19,1,5,0,0,0,0,0,0,0,1,1,6,6,1,23,5,125,1,2,YAMAHA GPD,1,E01014655,0,-1
2023010464863,2023,010464863,2,3,0,18,19,5,1,0,0,1,0,0,0,0,1,1,1,1,1,21,5,125,1,0,YAMAHA GPD,2,E01033085,0,-1
2023010455860,2023,010455860,1,3,0,99,99,9,9,99,99,9,9,99,9,99,1,1,6,6,1,40,7,125,1,6,YAMAHA GPD,3,E01003113,0,-1
2023010461068,2023,010461068,1,3,0,99,99,9,9,99,99,9,9,99,9,99,1,1,6,6,1,30,6,125,1,6,YAMAHA GPD,3,E01002048,0,-1
2023522400231,2023,522400231,1,4,0,3,3,3,7,0,0,1,0,0,0,0,1,1,6,6,1,28,6,125,1,3,YAMAHA GPD,4,E01014904,0,-1
2023010450976,2023,010450976,1,3,0,99,99,9,9,99,99,9,9,99,9,99,9,1,6,6,1,29,6,125,1,0,YAMAHA GPD,5,E01002004,0,-1
2023010476225,2023,010476225,1,3,0,99,99,9,9,99,99,9,9,99,9,99,1,1,2,2,1,19,4,125,1,1,YAMAHA GPD,3,E01001156,0,-1
2023010441732,2023,010441732,1,3,0,9,9,5,3,0,0,1,0,0,0,0,2,1,6,6,1,19,4,125,1,2,YAMAHA GPD,5,E01000911,0,-1
2023010450385,2023,010450385,1,3,0,99,99,9,9,99,99,9,9,99,9,99,1,1,6,6,1,34,6,125,1,1,YAMAHA GPD,2,E01003508,0,-1
2023010427573,2023,010427573,2,3,0,18,19,5,1,0,0,1,0,0,1,0,3,1,1,1,1,21,5,125,1,2,YAMAHA GPD,6,E01001235,0,-1
2023010487498,2023,010487498,1,3,9,18,19,5,1,99,99,9,9,99,9,99,2,1,6,6,1,24,5,125,1,2,YAMAHA GPD,2,E01002078,0,-1
2023010444474,2023,010444474,1,3,0,99,99,9,9,99,99,9,9,99,9,99,9,1,1,1,1,33,6,125,1,1,YAMAHA GPD,4,E01000699,0,-1
2023010433479,2023,010433479,2,4,0,18,19,6,2,0,0,1,0,0,0,0,1,1,6,6,1,22,5,125,1,2,YAMAHA GPD,8,E01003867,0,-1
2023010456700,2023,010456700,1,3,0,99,99,9,9,99,99,9,9,99,9,99,1,1,2,2,1,29,6,125,1,0,YAMAHA GPD,2,E01002049,0,-1
2023010428811,2023,010428811,2,3,0,14,14,1,5,0,0,6,0,0,0,0,1,1,1,1,1,18,4,125,1,1,YAMAHA GPD,1,E01002094,0,-1
2023010454990,2023,010454990,2,3,0,99,99,9,9,0,0,8,0,99,9,99,9,1,6,6,3,-1,-1,125,1,0,YAMAHA GPD,3,E01003185,0,-1
2023522301199,2023,522301199,1,4,0,18,19,6,2,0,0,0,0,8,0,0,4,1,6,6,1,27,6,125,1,2,YAMAHA GPD,5,E01015005,0,-1
2023010443209,2023,010443209,1,3,0,99,99,9,9,99,99,9,9,99,9,99,2,1,2,2,1,26,6,125,1,7,YAMAHA GPD,7,E01001455,0,-1
2023010477107,2023,010477107,1,3,0,99,99,9,9,99,99,9,9,99,9,99,1,1,6,6,1,33,6,125,1,5,YAMAHA GPD,2,E01001448,0,-1
2023010471692,2023,010471692,2,3,0,18,19,1,5,0,0,8,0,0,0,0,1,1,6,6,1,21,5,125,1,4,YAMAHA GPD,3,E01001170,0,-1
2023010487998,2023,010487998,2,3,0,99,99,9,9,99,99,9,9,99,9,99,1,9,6,6,3,39,7,125,1,1,YAMAHA GPD,2,E01000525,0,-1
2023010434672,2023,010434672,1,3,9,99,99,9,9,99,99,9,9,99,9,99,1,1,6,6,1,23,5,125,1,2,YAMAHA GPD,5,E01003080,0,-1
2023522400760,2023,522400760,2,3,0,18,19,8,4,0,0,8,0,0,0,0,1,1,6,6,1,32,6,125,1,2,YAMAHA GPD,1,E01014497,0,-1
2023010463262,2023,010463262,2,3,0,3,3,3,7,0,0,1,0,0,0,0,1,1,1,1,1,24,5,125,1,5,YAMAHA GPD,7,E01032025,0,-1
2023010422384,2023,010422384,2,3,0,99,99,9,9,99,99,9,9,99,9,99,2,9,6,6,3,-1,-1,125,1,2,YAMAHA GPD,-1,-1,0,-1
2023010450983,2023,010450983,1,3,0,4,4,5,1,0,0,1,0,0,0,0,1,1,6,6,1,22,5,125,1,2,YAMAHA GPD,4,E01004495,0,-1
2023010429661,2023,010429661,1,97,0,99,99,9,9,99,99,9,9,99,9,99,1,9,6,6,1,20,4,125,1,1,-1,4,E01003166,0,-1
2023010474168,2023,010474168,1,3,9,99,99,9,9,99,99,9,9,99,9,99,9,1,1,1,2,32,6,125,1,2,YAMAHA GPD,2,E01004284,0,-1
2023010482525,2023,010482525,1,3,0,99,99,9,9,99,99,9,9,99,9,99,9,1,1,1,2,30,6,125,1,6,YAMAHA GPD,1,E01003515,0,-1
2023010465307,2023,010465307,1,3,0,99,99,9,9,99,99,9,9,99,9,99,9,1,6,6,1,20,4,125,1,3,YAMAHA GPD,2,E01004405,0,-1
2023010452915,2023,010452915,1,3,0,99,99,9,9,99,99,9,9,99,9,99,2,1,6,6,1,23,5,125,1,1,YAMAHA GPD,3,E01000499,0,-1
2023010478423,2023,010478423,2,3,0,18,19,5,1,0,0,8,0,0,0,0,4,1,1,1,1,54,8,125,1,2,YAMAHA GPD,3,E01004427,0,-1
2023010426495,2023,010426495,1,3,9,99,99,9,9,99,99,9,9,99,9,99,9,1,6,6,1,26,6,125,1,4,YAMAHA GPD,2,E01001246,0,-1
2023010449317,2023,010449317,1,3,0,6,6,5,5,0,0,1,0,0,0,0,1,1,1,1,1,31,6,125,1,5,YAMAHA GPD,4,E01004591,0,-1
2023430535736,2023,430535736,1,3,0,6,6,3,3,0,0,8,0,0,0,0,1,1,1,1,2,25,5,125,1,0,YAMAHA GPD,9,E01030766,0,-1
2023010423781,2023,010423781,1,3,0,99,99,9,9,99,99,9,9,99,9,99,9,1,6,6,1,-1,-1,125,1,2,YAMAHA GPD,2,E01000533,0,-1
2023010471849,2023,010471849,2,3,0,9,9,1,6,0,0,4,0,0,0,0,4,1,2,2,1,27,6,125,1,2,YAMAHA GPD,4,E01000976,0,-1
2023010458151,2023,010458151,1,3,0,99,99,9,9,99,99,9,9,99,9,99,1,1,2,2,3,25,5,125,1,2,YAMAHA GPD,4,E01004049,0,-1
2023010478561,2023,010478561,1,3,0,99,99,9,9,99,99,9,9,99,9,99,9,1,1,1,3,-1,-1,125,1,2,YAMAHA GPD,2,E01001487,0,-1
2023010427906,2023,010427906,1,3,0,99,99,9,9,99,99,9,9,99,9,99,1,9,6,6,1,22,5,125,1,2,YAMAHA GPD,9,E01003648,0,-1
2023010468692,2023,010468692,2,3,0,9,9,1,7,0,0,1,0,0,0,0,4,1,2,2,1,23,5,125,1,6,YAMAHA GPD,-1,-1,0,-1
2023010464839,2023,010464839,1,3,0,99,99,9,9,99,99,9,9,99,9,99,1,1,6,6,1,33,6,125,1,3,YAMAHA GPD,2,E01002056,0,-1
2023010454917,2023,010454917,1,3,0,99,99,9,9,99,99,9,9,99,9,99,1,1,1,1,1,47,8,125,1,2,YAMAHA GPD,5,E01000747,0,-1
2023010468107,2023,010468107,1,3,0,99,99,9,9,99,99,9,9,99,9,99,9,1,2,2,3,26,6,125,1,3,YAMAHA GPD,7,E01003270,0,-1
2023471381280,2023,471381280,2,3,0,18,19,4,8,0,0,8,0,0,0,0,2,1,5,6,1,44,7,125,1,2,YAMAHA GPD,1,E01016895,0,-1
2023411301671,2023,411301671,1,4,0,5,5,7,3,0,0,1,0,0,0,0,2,1,6,6,1,49,8,125,1,2,YAMAHA GPD,4,E01023861,0,-1
2023010437454,2023,010437454,2,2,0,7,7,1,3,0,0,1,5,0,0,0,4,1,6,6,2,17,4,125,1,7,YAMAHA GPD,2,E01002316,0,-1
2023010434977,2023,010434977,1,97,0,99,99,9,9,99,99,9,9,99,9,99,1,9,2,2,2,28,6,125,1,1,-1,3,E01002048,0,-1
2023010429898,2023,010429898,1,3,0,9,9,5,2,0,0,1,0,0,0,0,1,1,6,6,1,33,6,125,1,0,YAMAHA GPD,2,E01000065,0,-1
2023010476182,2023,010476182,1,3,0,99,99,9,9,99,99,9,9,99,9,99,9,1,1,1,1,29,6,125,1,0,YAMAHA GPD,9,E01002156,0,-1
2023131258922,2023,131258922,1,4,0,18,19,1,5,0,0,0,2,0,0,0,1,1,1,1,1,20,4,125,1,8,YAMAHA GPD,5,E01011287,0,-1
2023010435263,2023,010435263,2,3,0,13,13,7,3,0,0,1,0,0,0,0,4,1,6,6,3,-1,-1,125,1,5,YAMAHA GPD,-1,-1,0,-1
2023411288584,2023,411288584,2,3,0,18,19,6,2,0,0,0,0,0,0,0,1,1,1,1,1,29,6,125,1,2,YAMAHA GPD,9,E01023428,0,-1
2023010431599,2023,010431599,1,3,0,5,5,7,3,0,0,1,0,0,0,0,1,1,1,1,1,35,6,125,1,2,YAMAHA GPD,3,E01004437,0,-1
2023010471903,2023,010471903,1,3,0,99,99,9,9,99,99,9,9,99,9,99,1,1,6,6,1,30,6,125,1,3,YAMAHA GPD,4,E01004366,0,-1
2023010464576,2023,010464576,1,3,9,99,99,9,9,99,99,0,9,99,9,99,1,1,6,6,1,34,6,125,1,7,YAMAHA GPD,6,E01003149,0,-1
2023010419544,2023,010419544,2,3,0,7,7,5,8,0,0,5,0,0,0,0,1,1,6,6,1,19,4,125,1,1,YAMAHA GPD,7,E01002199,0,-1
2023010462004,2023,010462004,1,3,0,18,19,5,1,0,0,8,9,0,0,0,1,1,6,6,1,27,6,125,1,3,YAMAHA GPD,4,E01000507,0,-1
2023010446399,2023,010446399,1,3,0,99,99,9,9,99,99,9,9,99,9,99,9,1,1,1,1,33,6,125,1,2,YAMAHA GPD,2,E01004140,0,-1
2023010448946,2023,010448946,1,3,0,99,99,9,9,99,99,9,9,99,9,99,9,1,6,6,1,19,4,125,1,2,YAMAHA GPD,1,E01003252,0,-1
2023440019384,2023,440019384,1,3,0,18,19,4,8,0,0,8,0,0,0,0,4,1,2,2,1,31,6,125,1,2,YAMAHA GPD,5,E01017070,0,-1
2023010471568,2023,010471568,1,3,0,99,99,9,9,99,99,9,9,99,9,99,1,1,6,6,2,-1,-1,125,1,2,YAMAHA GPD,3,E01002048,0,-1
2023010431396,2023,010431396,1,3,0,99,99,9,9,99,99,9,9,99,9,99,9,1,1,1,1,38,7,125,1,0,YAMAHA GPD,5,E01003142,0,-1
2023010454988,2023,010454988,1,3,0,99,99,9,9,99,99,9,9,99,9,99,1,1,1,1,1,39,7,125,1,0,YAMAHA GPD,6,E01004513,0,-1
2023010467278,2023,010467278,1,3,0,18,19,1,5,0,0,1,0,0,0,0,3,1,6,6,1,29,6,125,1,0,YAMAHA GPD,2,E01003265,0,-1
2023010431258,2023,010431258,2,2,0,13,13,6,2,0,0,0,0,0,0,0,4,1,6,6,1,20,4,125,1,3,YAMAHA GPD,2,E01001112,0,-1
2023010467458,2023,010467458,2,3,0,18,19,1,5,0,0,3,0,0,0,0,3,1,6,6,1,36,7,125,1,4,YAMAHA GPD,3,E01004747,0,-1
2023010476839,2023,010476839,1,3,0,99,99,9,9,99,99,9,9,99,9,99,1,1,6,6,1,42,7,125,1,2,YAMAHA GPD,-1,-1,0,-1
2023451359958,2023,451359958,2,3,0,5,5,1,5,0,0,3,0,0,0,0,2,1,2,2,2,35,6,125,1,1,YAMAHA GPD,7,E01030851,0,-1
2023010483731,2023,010483731,1,3,0,99,99,9,9,99,99,5,9,99,9,99,9,1,6,6,3,20,4,125,1,4,YAMAHA GPD,2,E01003497,0,-1
2023010443688,2023,010443688,1,3,0,99,99,9,9,99,99,9,9,99,9,99,1,1,1,1,1,26,6,125,1,3,YAMAHA GPD,2,E01002049,0,-1
2023010443480,2023,010443480,1,3,0,99,99,9,9,99,99,9,9,99,9,99,2,1,1,1,1,23,5,125,1,4,YAMAHA GPD,3,E01002048,0,-1
2023010452991,2023,010452991,1,3,0,99,99,9,9,99,99,9,9,99,9,99,1,1,1,1,1,21,5,125,1,1,YAMAHA GPD,2,E01004327,0,-1
2023411317593,2023,411317593,2,3,0,18,19,-1,-1,0,0,0,0,0,0,0,1,1,6,6,1,31,6,125,1,1,YAMAHA GPD,5,E01023737,0,-1
2023010480896,2023,010480896,1,3,0,99,99,9,9,99,99,9,9,99,9,99,1,1,1,1,2,-1,-1,125,1,1,YAMAHA GPD,2,E01003267,0,-1
2023010439779,2023,010439779,1,3,9,99,99,9,9,99,99,0,9,99,9,99,9,1,6,6,1,38,7,125,1,2,YAMAHA GPD,9,E01000656,0,-1
2023010437019,2023,010437019,1,3,0,18,19,7,3,0,0,8,0,0,0,0,1,1,6,6,1,25,5,125,1,0,YAMAHA GPD,5,E01000607,0,-1
2023010472725,2023,010472725,1,3,0,99,99,9,9,99,99,0,9,99,9,99,1,1,1,1,1,21,5,125,1,2,YAMAHA GPD,6,E01001597,0,-1
2023010425030,2023,010425030,1,3,0,99,99,9,9,99,99,9,9,99,9,99,1,1,1,1,1,34,6,125,1,3,YAMAHA GPD,3,E01001547,0,-1
2023010423079,2023,010423079,1,3,0,99,99,9,9,99,99,9,9,99,9,99,1,1,6,6,1,21,5,125,1,7,YAMAHA GPD,2,E01002872,0,-1
2023320768368,2023,320768368,1,3,0,17,19,8,6,0,0,2,0,0,1,9,1,1,6,6,1,36,7,125,1,7,YAMAHA GPD,1,E01026073,0,-1
2023010444582,2023,010444582,2,3,0,13,13,1,5,0,0,8,1,0,0,0,1,1,6,6,1,21,5,125,1,0,YAMAHA GPD,5,E01021443,0,-1
2023991353690,2023,991353690,2,3,0,18,19,1,5,0,0,8,0,0,0,0,0,1,5,6,1,41,7,125,1,0,YAMAHA GPD,6,-1,0,-1
2023010451539,2023,010451539,1,3,0,99,99,9,9,99,99,9,9,99,9,99,9,1,6,6,1,33,6,125,1,5,YAMAHA GPD,5,E01000494,0,-1
2023010442332,2023,010442332,1,3,0,99,99,9,9,99,99,9,9,99,9,99,2,1,1,1,1,33,6,125,1,2,YAMAHA GPD,2,E01004140,0,-1
2023010447217,2023,010447217,1,3,0,99,99,9,9,99,99,9,9,99,9,99,9,1,1,1,1,37,7,125,1,1,YAMAHA GPD,1,E01002069,0,-1