collision_index,collision_year,collision_ref_no,vehicle_reference,vehicle_type,towing_and_articulation,vehicle_manoeuvre_historic,vehicle_manoeuvre,vehicle_direction_from,vehicle_direction_to,vehicle_location_restricted_lane_historic,vehicle_location_restricted_lane,junction_location,skidding_and_overturning,hit_object_in_carriageway,vehicle_leaving_carriageway,hit_object_off_carriageway,first_point_of_impact,vehicle_left_hand_drive,journey_purpose_of_driver_historic,journey_purpose_of_driver,sex_of_driver,age_of_driver,age_band_of_driver,engine_capacity_cc,propulsion_code,age_of_vehicle,generic_make_model,driver_imd_decile,lsoa_of_driver,escooter_flag,driver_distance_banding
2023010439636,2023,010439636,1,3,0,99,99,9,9,99,99,9,9,99,9,99,9,1,2,2,1,19,4,125,1,2,YAMAHA GPD,1,E01000508,0,-1
2023010441032,2023,010441032,1,3,0,99,99,9,9,99,99,9,9,99,9,99,1,1,6,6,1,24,5,125,1,2,YAMAHA GPD,4,E01003090,0,-1
2023201453095,2023,201453095,2,2,0,14,14,1,5,0,0,0,0,0,0,0,1,1,1,1,3,21,5,125,1,2,YAMAHA GPD,2,E01010102,0,-1
2023451284681,2023,451284681,1,3,0,18,19,5,1,0,0,8,0,0,0,0,4,1,5,6,1,40,7,125,1,5,YAMAHA GPD,10,E01030888,0,-1
2023010465976,2023,010465976,1,3,0,99,99,9,9,99,99,9,9,99,9,99,1,1,6,6,1,33,6,125,1,0,YAMAHA GPD,8,E01023576,0,-1
2023010421149,2023,010421149,1,3,0,99,99,9,9,99,99,9,9,99,9,99,2,1,6,6,2,28,6,125,1,3,YAMAHA GPD,4,E01001142,0,-1
2023010421035,2023,010421035,1,2,0,18,19,7,3,0,0,0,0,0,0,0,1,1,1,1,1,44,7,125,1,1,YAMAHA GPD,5,E01004370,0,-1
2023010477074,2023,010477074,1,3,0,99,99,9,9,99,99,9,9,99,9,99,9,1,1,1,2,36,7,125,1,1,YAMAHA GPD,1,E01004670,0,-1
2023010422236,2023,010422236,1,3,0,99,99,9,9,99,99,0,9,99,9,99,9,1,6,6,1,19,4,125,1,4,YAMAHA GPD,1,E01003245,0,-1
2023010465109,2023,010465109,1,3,0,99,99,9,9,99,99,9,9,99,9,99,2,1,1,1,1,56,9,125,1,0,YAMAHA GPD,3,E01001502,0,-1
2023010482277,2023,010482277,1,3,0,99,99,9,9,99,99,0,9,99,9,99,1,1,1,1,1,32,6,125,1,0,YAMAHA GPD,2,E01003509,0,-1
2023010432305,2023,010432305,3,3,0,4,4,3,7,0,0,2,0,0,0,0,2,1,6,6,1,53,8,125,1,1,YAMAHA GPD,5,E01004700,0,-1
2023041311095,2023,041311095,2,3,0,18,19,7,3,0,0,8,0,0,0,0,3,1,6,6,1,18,4,125,1,5,YAMAHA GPD,8,E01025498,0,-1
2023010426893,2023,010426893,1,3,0,99,99,9,9,99,99,9,9,99,9,99,1,1,6,6,2,28,6,125,1,2,YAMAHA GPD,3,E01001434,0,-1
2023010449504,2023,010449504,2,3,0,9,9,5,4,0,0,1,0,0,0,0,0,1,6,6,3,-1,-1,125,1,2,YAMAHA GPD,-1,-1,0,-1
2023010473015,2023,010473015,2,3,0,18,19,1,5,0,0,8,1,0,0,0,4,1,6,6,1,32,6,125,1,2,YAMAHA GPD,2,E01001977,0,-1
2023010435430,2023,010435430,1,3,0,3,3,1,5,0,0,1,9,99,9,99,2,1,1,1,1,39,7,125,1,1,YAMAHA GPD,6,E01001599,0,-1
2023010461093,2023,010461093,1,3,0,99,99,9,9,99,99,9,9,99,9,99,1,1,6,6,1,23,5,125,1,0,YAMAHA GPD,4,E01015327,0,-1
2023010476592,2023,010476592,1,3,0,18,19,1,5,0,0,2,1,10,0,0,1,1,6,6,1,21,5,125,1,0,YAMAHA GPD,1,E01001729,0,-1
2023010422079,2023,010422079,1,3,0,99,99,9,9,99,99,9,0,99,9,99,9,1,6,6,1,25,5,125,1,3,YAMAHA GPD,2,E01001439,0,-1
2023010459902,2023,010459902,1,3,0,99,99,9,9,99,99,9,9,99,9,99,1,1,1,1,1,21,5,125,1,3,YAMAHA GPD,6,E01023305,0,-1
2023010433930,2023,010433930,1,3,0,99,99,9,9,99,99,9,9,99,9,99,1,1,6,6,1,25,5,125,1,6,YAMAHA GPD,1,E01000521,0,-1
2023010446388,2023,010446388,1,3,0,99,99,9,9,99,99,0,9,99,9,99,9,1,1,1,1,35,6,125,1,2,YAMAHA GPD,3,E01001004,0,-1
2023010436193,2023,010436193,2,3,0,99,99,9,9,99,99,9,9,99,9,99,1,1,6,6,3,-1,-1,125,1,0,YAMAHA GPD,6,E01003437,0,-1
2023010473289,2023,010473289,1,3,0,18,19,7,3,0,0,8,5,0,0,0,3,1,6,6,1,17,4,125,1,2,YAMAHA GPD,2,E01001959,0,-1
2023010480800,2023,010480800,1,3,0,18,19,1,5,0,0,8,0,0,0,0,1,1,2,2,1,21,5,125,1,2,YAMAHA GPD,5,E01000211,0,-1
2023010465870,2023,010465870,1,3,0,99,99,9,9,99,99,9,9,99,9,99,1,1,1,1,1,33,6,125,1,0,YAMAHA GPD,3,E01002554,0,-1
2023010447062,2023,010447062,1,3,0,99,99,9,9,99,99,9,9,99,9,99,9,1,6,6,3,33,6,125,1,2,YAMAHA GPD,4,E01002101,0,-1
2023552301450,2023,552301450,2,3,0,3,3,2,6,0,0,8,0,0,0,0,2,1,6,6,1,37,7,125,1,7,YAMAHA GPD,5,E01015441,0,-1
2023461305115,2023,461305115,2,2,0,18,19,5,1,0,0,8,5,0,0,0,1,1,6,6,2,26,6,125,1,2,YAMAHA GPD,10,E01024150,0,-1
2023010459484,2023,010459484,1,3,0,99,99,9,9,99,99,0,9,99,9,99,2,1,6,6,1,27,6,125,1,2,YAMAHA GPD,5,E01003140,0,-1
2023010432327,2023,010432327,2,3,0,9,9,7,4,0,0,8,0,0,0,0,3,1,6,6,1,22,5,125,1,3,YAMAHA GPD,-1,-1,0,-1
2023010451741,2023,010451741,1,3,0,99,99,9,9,99,99,9,9,99,9,99,9,9,6,6,1,28,6,125,1,0,YAMAHA GPD,2,E01003712,0,-1
2023041359079,2023,041359079,1,3,0,18,19,1,1,9,9,0,2,10,1,0,1,1,5,6,1,20,4,125,1,2,YAMAHA GPD,2,E01025075,0,-1
2023010455702,2023,010455702,1,3,0,99,99,9,9,99,99,9,9,99,9,99,1,1,6,6,1,32,6,125,1,4,YAMAHA GPD,3,E01002052,0,-1
2023201295892,2023,201295892,1,3,0,13,13,8,4,0,0,8,0,0,0,0,1,1,6,6,1,20,4,125,1,2,YAMAHA GPD,1,E01009409,0,-1
2023010421116,2023,010421116,1,3,0,99,99,9,9,99,99,9,9,99,9,99,1,1,6,6,1,32,6,125,1,2,YAMAHA GPD,2,E01002068,0,-1
2023010424526,2023,010424526,1,3,0,99,99,9,9,99,99,9,9,99,9,99,2,1,6,6,1,21,5,125,1,2,YAMAHA GPD,3,E01003073,0,-1
2023010440786,2023,010440786,1,3,0,99,99,9,9,99,99,9,9,99,9,99,1,1,2,2,1,40,7,125,1,2,YAMAHA GPD,3,E01002646,0,-1
2023010472919,2023,010472919,1,3,0,99,99,9,9,99,99,9,9,99,9,99,9,1,2,2,1,49,8,125,1,3,YAMAHA GPD,3,E01001467,0,-1
2023010458343,2023,010458343,2,4,0,18,19,5,1,0,0,0,0,0,0,0,1,1,1,1,1,23,5,125,1,1,YAMAHA GPD,4,E01002894,0,-1
2023010480553,2023,010480553,2,3,0,9,9,3,1,0,0,1,0,0,0,0,3,1,6,6,1,50,8,125,1,2,YAMAHA GPD,3,E01003141,0,-1
2023010430255,2023,010430255,1,3,0,99,99,9,9,99,99,9,9,99,9,99,9,1,1,1,1,34,6,125,1,2,YAMAHA GPD,2,E01001152,0,-1
2023010430300,2023,010430300,1,3,0,99,99,9,9,99,99,0,9,99,9,99,9,1,1,1,1,22,5,125,1,2,YAMAHA GPD,4,E01000875,0,-1
2023430368091,2023,430368091,2,3,0,9,9,8,7,0,0,6,0,10,0,0,4,1,1,1,2,24,5,125,1,0,YAMAHA GPD,5,E01000512,0,-1
2023010428373,2023,010428373,1,3,0,99,99,9,9,99,99,9,9,99,9,99,9,1,6,6,1,39,7,125,1,1,YAMAHA GPD,5,E01003341,0,-1
2023010482802,2023,010482802,1,3,0,99,99,9,9,99,99,9,9,99,9,99,9,1,2,2,3,30,6,125,1,0,YAMAHA GPD,2,E01003324,0,-1
2023010420192,2023,010420192,2,3,0,13,13,7,3,0,0,1,0,0,0,0,1,1,6,6,1,30,6,125,1,6,YAMAHA GPD,2,E01002765,0,-1
2023010440057,2023,010440057,1,3,0,99,99,9,9,99,99,9,9,99,9,99,9,1,6,6,1,20,4,125,1,3,YAMAHA GPD,1,E01003048,0,-1
2023430471167,2023,430471167,1,3,0,18,19,2,6,0,0,0,0,0,0,0,1,1,6,6,2,28,6,125,1,3,YAMAHA GPD,4,E01016357,0,-1
2023010466912,2023,010466912,1,3,0,99,99,9,9,99,99,9,9,99,9,99,1,1,1,1,1,27,6,125,1,3,YAMAHA GPD,4,E01003714,0,-1
2023010451521,2023,010451521,1,3,0,99,99,9,9,99,99,0,9,99,9,99,1,1,1,1,1,20,4,125,1,2,YAMAHA GPD,8,E01000173,0,-1
2023411332766,2023,411332766,2,2,0,18,19,-1,-1,0,0,2,0,0,0,0,2,1,1,1,1,36,7,125,1,0,YAMAHA GPD,6,E01023900,0,-1
2023010484859,2023,010484859,1,3,0,99,99,9,9,99,99,0,9,99,9,99,2,1,6,6,1,43,7,125,1,1,YAMAHA GPD,4,E01001023,0,-1
2023010486494,2023,010486494,1,3,0,99,99,9,9,99,99,9,9,99,9,99,1,1,1,1,2,26,6,125,1,2,YAMAHA GPD,5,E01000996,0,-1
2023010476163,2023,010476163,2,2,0,18,19,1,5,0,0,1,0,0,0,0,1,1,6,6,1,49,8,125,1,1,YAMAHA GPD,2,E01000600,0,-1
2023010454776,2023,010454776,1,3,0,99,99,9,9,99,99,9,9,99,9,99,1,1,6,6,1,29,6,125,1,0,YAMAHA GPD,4,E01004065,0,-1
2023010481409,2023,010481409,2,3,0,7,7,3,6,0,0,8,0,0,0,0,1,1,1,1,1,25,5,125,1,2,YAMAHA GPD,3,E01024149,0,-1
2023552301490,2023,552301490,2,2,0,18,19,1,5,0,0,0,0,0,0,0,2,1,6,6,1,34,6,125,1,2,YAMAHA GPD,3,E01015294,0,-1
2023471372812,2023,471372812,2,3,0,18,19,1,5,0,0,4,0,0,0,0,1,1,6,6,2,37,7,125,1,3,YAMAHA GPD,7,E01016923,0,-1
2023010433926,2023,010433926,1,3,0,99,99,9,9,99,99,0,9,99,9,99,1,1,6,6,1,47,8,125,1,2,YAMAHA GPD,4,E01004576,0,-1
2023451366554,2023,451366554,1,3,0,18,19,1,5,0,0,3,0,0,0,0,3,1,1,1,2,27,6,125,1,0,YAMAHA GPD,9,E01030470,0,-1
2023010486150,2023,010486150,1,3,9,99,99,9,9,99,99,9,9,99,9,99,2,1,1,1,2,33,6,125,1,5,YAMAHA GPD,2,E01002031,0,-1
2023010466187,2023,010466187,2,3,0,18,19,1,5,0,0,8,0,0,0,0,1,1,2,2,1,20,4,125,1,0,YAMAHA GPD,2,E01002054,0,-1
2023010441787,2023,010441787,1,3,0,3,3,5,1,0,0,0,9,0,0,0,1,1,1,1,1,21,5,125,1,3,YAMAHA GPD,2,E01001961,0,-1
2023010482604,2023,010482604,2,3,0,18,19,3,7,0,0,8,0,0,0,0,1,1,6,6,1,32,6,125,1,1,YAMAHA GPD,3,E01001117,0,-1
2023010463949,2023,010463949,1,3,0,4,4,5,1,0,0,8,1,0,0,0,1,1,1,1,1,33,6,125,1,3,YAMAHA GPD,9,E01001039,0,-1
2023010447802,2023,010447802,1,3,0,99,99,9,9,99,99,9,9,99,9,99,9,1,6,6,1,43,7,125,1,0,YAMAHA GPD,8,E01000173,0,-1
2023010481485,2023,010481485,1,3,0,99,99,9,9,99,99,9,9,99,9,99,9,1,1,1,3,-1,-1,125,1,1,YAMAHA GPD,2,E01003079,0,-1
2023010481681,2023,010481681,1,4,0,18,19,1,5,0,0,0,0,0,0,0,1,1,6,6,1,22,5,125,1,0,YAMAHA GPD,1,E01023844,0,-1
2023471338314,2023,471338314,1,3,0,18,19,7,3,0,0,1,0,0,0,0,1,1,1,1,1,47,8,125,1,3,YAMAHA GPD,4,E01016855,0,-1
2023010462776,2023,010462776,1,3,0,99,99,9,9,99,99,9,9,99,9,99,9,1,6,6,1,36,7,125,1,3,YAMAHA GPD,2,E01001977,0,-1
2023440477822,2023,440477822,1,3,0,18,19,6,2,0,0,1,0,0,0,0,4,1,1,1,1,31,6,125,1,0,YAMAHA GPD,9,E01017248,0,-1
2023010458298,2023,010458298,1,3,9,99,99,9,9,99,99,9,9,99,9,99,2,1,1,1,2,30,6,125,1,2,YAMAHA GPD,3,E01004454,0,-1
2023010437453,2023,010437453,2,3,0,13,13,5,1,0,0,0,0,0,0,0,0,1,6,6,3,-1,-1,125,1,4,YAMAHA GPD,-1,-1,0,-1
2023010452368,2023,010452368,1,3,0,99,99,9,9,99,99,9,9,99,9,99,9,1,1,1,1,48,8,125,1,0,YAMAHA GPD,3,E01000578,0,-1
2023010456975,2023,010456975,1,3,0,99,99,9,9,99,99,9,9,99,9,99,1,1,6,6,1,24,5,125,1,4,YAMAHA GPD,5,E01003495,0,-1
2023010470043,2023,010470043,1,3,0,99,99,9,9,99,99,9,9,99,9,99,1,1,2,2,1,24,5,125,1,2,YAMAHA GPD,3,E01001154,0,-1
2023010481158,2023,010481158,1,3,0,99,99,9,9,99,99,0,9,99,9,99,9,1,6,6,2,39,7,125,1,0,YAMAHA GPD,6,E01000691,0,-1
2023010421740,2023,010421740,2,3,0,4,4,1,5,0,0,4,0,0,0,0,2,1,1,1,1,47,8,125,1,5,YAMAHA GPD,2,E01004140,0,-1
2023010450890,2023,010450890,1,3,0,99,99,9,9,99,99,0,9,99,9,99,1,1,6,6,1,37,7,125,1,4,YAMAHA GPD,1,E01002040,0,-1
2023010480676,2023,010480676,1,3,0,99,99,9,9,99,99,0,9,99,9,99,1,1,1,1,3,24,5,125,1,1,YAMAHA GPD,4,E01001142,0,-1
2023010454712,2023,010454712,1,3,0,99,99,9,9,99,99,0,9,99,9,99,2,1,1,1,1,24,5,125,1,0,YAMAHA GPD,2,E01004287,0,-1
2023010429663,2023,010429663,1,3,9,99,99,9,9,99,99,9,9,99,9,99,1,1,6,6,1,23,5,125,1,1,YAMAHA GPD,2,E01003189,0,-1
2023010481600,2023,010481600,1,3,0,99,99,9,9,99,99,9,9,99,9,99,9,1,2,2,1,27,6,125,1,0,YAMAHA GPD,5,E01003433,0,-1
2023010452576,2023,010452576,1,3,0,99,99,9,9,99,99,9,9,99,9,99,9,1,6,6,1,36,7,125,1,4,YAMAHA GPD,3,E01003293,0,-1
2023010436656,2023,010436656,2,3,0,18,19,2,6,0,0,1,0,0,0,0,1,1,2,2,1,29,6,125,1,4,YAMAHA GPD,5,E01000583,0,-1
2023010473795,2023,010473795,2,4,0,18,19,3,7,0,0,0,0,0,0,0,3,1,6,6,3,-1,-1,125,1,2,YAMAHA GPD,-1,-1,0,-1
2023430255038,2023,430255038,2,3,0,18,19,2,6,0,0,8,0,0,0,0,1,1,1,1,1,31,6,125,1,1,YAMAHA GPD,10,E01028655,0,-1
2023010485762,2023,010485762,2,3,0,18,19,1,5,0,0,8,1,0,0,0,3,1,1,1,1,52,8,125,1,2,YAMAHA GPD,2,E01000867,0,-1
2023010468862,2023,010468862,1,3,0,4,4,1,5,0,0,1,0,0,0,0,1,1,1,1,2,41,7,125,1,4,YAMAHA GPD,1,E01002067,0,-1
2023010420996,2023,010420996,1,3,0,99,99,9,9,99,99,9,9,99,9,99,1,1,2,2,1,23,5,125,1,3,YAMAHA GPD,2,E01000628,0,-1
2023010456585,2023,010456585,2,2,0,9,9,7,4,0,0,1,0,0,0,0,1,1,6,6,1,28,6,125,1,2,YAMAHA GPD,2,E01003320,0,-1
2023010473049,2023,010473049,1,3,9,99,99,9,9,99,99,9,9,99,9,99,1,1,1,1,2,19,4,125,1,2,YAMAHA GPD,3,E01000531,0,-1
2023010438291,2023,010438291,1,3,0,99,99,9,9,0,0,9,0,0,0,0,1,1,1,1,1,32,6,125,1,5,YAMAHA GPD,3,E01001003,0,-1
2023010426899,2023,010426899,1,3,0,18,19,1,5,99,99,9,9,99,0,0,4,1,6,6,1,32,6,125,1,1,YAMAHA GPD,5,E01000310,0,-1
2023010425506,2023,010425506,1,3,0,13,13,5,1,0,0,1,0,0,0,0,0,1,6,6,1,20,4,125,1,0,YAMAHA GPD,3,E01000511,0,-1
2023010430262,2023,010430262,1,3,0,99,99,9,9,99,99,9,9,99,9,99,9,1,6,6,1,30,6,125,1,0,YAMAHA GPD,1,E01033455,0,-1
2023010448009,2023,010448009,1,3,0,99,99,9,9,99,99,9,9,99,9,99,9,1,6,6,3,32,6,125,1,1,YAMAHA GPD,3,E01016511,0,-1
2023522400237,2023,522400237,1,3,0,18,19,7,3,0,0,8,0,0,0,0,4,1,6,6,2,55,8,125,1,0,YAMAHA GPD,1,E01033367,0,-1
2023010419624,2023,010419624,2,3,0,18,19,7,3,0,0,1,0,0,0,0,3,1,6,6,1,24,5,125,1,3,YAMAHA GPD,2,E01003633,0,-1
2023010451580,2023,010451580,1,3,0,99,99,9,9,99,99,9,9,99,9,99,1,1,6,6,2,36,7,125,1,2,YAMAHA GPD,2,E01000501,0,-1
2023010454023,2023,010454023,2,2,0,99,99,9,9,99,99,9,9,99,9,99,1,1,6,6,3,-1,-1,125,1,8,YAMAHA GPD,-1,-1,0,-1
2023010430414,2023,010430414,2,3,0,13,13,1,5,0,0,1,0,0,0,0,1,1,6,6,1,21,5,125,1,8,YAMAHA GPD,3,E01001602,0,-1
2023010456436,2023,010456436,1,3,0,99,99,9,9,99,99,9,9,99,9,99,1,1,6,6,1,29,6,125,1,3,YAMAHA GPD,4,E01003513,0,-1
2023010457362,2023,010457362,1,3,0,99,99,9,9,99,99,9,9,99,9,99,1,1,6,6,1,30,6,125,1,2,YAMAHA GPD,6,E01001590,0,-1
2023010468909,2023,010468909,2,3,0,14,14,6,2,0,0,8,0,0,0,0,1,1,2,2,2,31,6,125,1,2,YAMAHA GPD,4,E01003119,0,-1
2023010428774,2023,010428774,1,3,0,99,99,9,9,99,99,9,9,99,9,99,1,1,6,6,1,30,6,125,1,5,YAMAHA GPD,3,E01002100,0,-1
2023481364554,2023,481364554,2,3,0,18,19,1,5,0,0,0,0,0,0,0,3,1,2,2,1,39,7,125,1,4,YAMAHA GPD,-1,-1,0,-1
2023010443633,2023,010443633,1,3,0,99,99,9,9,99,99,9,9,99,9,99,9,1,6,6,1,25,5,125,1,5,YAMAHA GPD,1,E01002040,0,-1
2023010472630,2023,010472630,1,3,0,18,19,1,5,99,99,8,9,0,0,0,1,1,6,6,2,23,5,125,1,0,YAMAHA GPD,3,E01001177,0,-1
2023010445087,2023,010445087,1,3,0,99,99,9,9,99,99,9,9,99,9,99,1,1,1,1,1,28,6,125,1,0,YAMAHA GPD,2,E01001447,0,-1
2023010481077,2023,010481077,1,3,0,99,99,9,9,99,99,9,9,99,9,99,9,1,1,1,3,25,5,125,1,0,YAMAHA GPD,1,E01002082,0,-1
2023440373245,2023,440373245,1,3,0,18,19,1,5,0,0,0,0,0,0,0,3,1,2,2,1,23,5,125,1,0,YAMAHA GPD,6,E01022679,0,-1
2023010438497,2023,010438497,2,3,5,6,6,1,1,0,0,5,0,0,0,0,2,1,6,6,3,23,5,125,1,7,YAMAHA GPD,3,E01002102,0,-1
2023552301322,2023,552301322,2,3,0,3,3,2,6,0,0,0,0,0,0,0,2,1,6,6,1,39,7,125,1,0,YAMAHA GPD,3,E01015359,0,-1
2023421376849,2023,421376849,1,3,0,18,19,6,2,0,0,0,0,0,0,0,1,1,6,6,1,26,6,125,1,4,YAMAHA GPD,4,E01021869,0,-1
2023010422697,2023,010422697,1,97,0,99,99,9,9,99,99,9,9,99,9,99,1,9,6,6,2,22,5,125,1,1,-1,2,E01001506,0,-1
2023010447530,2023,010447530,1,3,0,99,99,9,9,99,99,9,9,99,9,99,2,1,6,6,1,36,7,125,1,6,YAMAHA GPD,3,E01001504,0,-1
2023010486436,2023,010486436,1,3,0,99,99,9,9,99,99,9,9,99,9,99,1,1,6,6,1,25,5,125,1,1,YAMAHA GPD,3,E01003035,0,-1
2023010468523,2023,010468523,1,3,9,99,99,9,9,99,99,9,9,99,9,99,2,1,1,1,2,34,6,125,1,0,YAMAHA GPD,3,E01001547,0,-1
2023010464302,2023,010464302,1,3,0,99,99,9,9,99,99,9,9,99,9,99,9,1,1,1,1,26,6,125,1,0,YAMAHA GPD,2,E01002033,0,-1
2023010482345,2023,010482345,1,3,0,18,19,1,5,0,0,1,0,0,0,0,4,1,1,1,1,41,7,125,1,2,YAMAHA GPD,3,E01003992,0,-1
2023010475291,2023,010475291,1,3,0,3,3,1,5,0,0,8,9,0,0,0,2,1,1,1,2,28,6,125,1,0,YAMAHA GPD,7,E01030410,0,-1
2023010451176,2023,010451176,3,3,0,18,19,5,1,0,0,1,0,0,0,0,3,1,6,6,1,19,4,125,1,4,YAMAHA GPD,-1,-1,0,-1
2023010458480,2023,010458480,1,3,0,99,99,9,9,99,99,0,9,99,9,99,2,1,6,6,1,20,4,125,1,5,YAMAHA GPD,3,E01003615,0,-1
2023010448421,2023,010448421,2,3,0,18,19,4,8,0,0,1,0,0,0,0,1,1,1,1,1,36,7,125,1,4,YAMAHA GPD,-1,-1,0,-1
2023010473530,2023,010473530,1,3,0,99,99,9,9,99,99,9,9,99,9,99,9,1,6,6,1,57,9,125,1,0,YAMAHA GPD,1,E01002095,0,-1
2023010481715,2023,010481715,1,2,0,18,19,3,7,0,0,1,0,0,0,0,1,1,1,1,1,30,6,125,1,5,YAMAHA GPD,5,E01003411,0,-1
2023010473862,2023,010473862,1,3,0,99,99,9,9,99,99,9,9,99,9,99,1,1,1,1,1,33,6,125,1,2,YAMAHA GPD,3,E01003736,0,-1
2023010430027,2023,010430027,1,3,9,99,99,9,9,99,99,9,9,99,9,99,9,1,2,2,1,31,6,125,1,0,YAMAHA GPD,2,E01003093,0,-1
2023010444798,2023,010444798,1,3,0,5,5,3,7,0,0,8,2,0,0,0,3,1,2,2,1,22,5,125,1,7,YAMAHA GPD,3,E01003923,0,-1
2023010456117,2023,010456117,1,3,0,16,19,5,1,0,0,3,0,7,0,0,0,1,1,1,1,25,5,125,1,5,YAMAHA GPD,4,E01000676,0,-1
2023010423826,2023,010423826,1,3,0,99,99,9,9,99,99,9,9,99,9,99,9,1,1,1,1,36,7,125,1,2,YAMAHA GPD,2,E01000548,0,-1
2023010447380,2023,010447380,1,3,0,99,99,9,9,99,99,0,9,99,9,99,1,1,1,1,2,32,6,125,1,5,YAMAHA GPD,6,E01004636,0,-1
2023010485080,2023,010485080,1,3,0,99,99,9,9,99,99,9,9,99,9,99,9,1,6,6,3,30,6,125,1,0,YAMAHA GPD,5,E01000747,0,-1
2023451372241,2023,451372241,2,3,0,18,19,3,7,0,0,0,0,0,0,0,2,1,2,2,1,59,9,125,1,0,YAMAHA GPD,9,E01030916,0,-1
2023010422753,2023,010422753,1,3,0,99,99,9,9,99,99,9,9,99,9,99,1,1,1,1,1,22,5,125,1,4,YAMAHA GPD,3,E01003686,0,-1
2023010420081,2023,010420081,1,97,0,99,99,9,9,99,99,9,9,99,9,99,1,9,6,6,1,24,5,125,1,6,-1,5,E01001271,0,-1
2023010485550,2023,010485550,1,3,0,99,99,9,9,99,99,9,9,99,9,99,1,1,1,1,2,33,6,125,1,0,YAMAHA GPD,6,E01021595,0,-1
2023421286875,2023,421286875,2,3,0,3,3,1,5,0,0,2,0,0,0,0,2,1,1,1,1,20,4,125,1,2,YAMAHA GPD,4,E01021309,0,-1
2023010471136,2023,010471136,2,2,0,18,19,7,3,3,2,1,0,0,0,0,1,1,6,6,1,32,6,125,1,6,YAMAHA GPD,4,E01002101,0,-1
2023010480640,2023,010480640,2,4,0,15,15,1,5,0,0,8,5,0,0,0,3,1,2,2,2,31,6,125,1,0,YAMAHA GPD,7,E01002182,0,-1
2023010437257,2023,010437257,2,3,0,18,19,7,3,0,0,8,5,0,0,0,1,1,1,1,1,24,5,125,1,2,YAMAHA GPD,2,E01000482,0,-1
2023440055810,2023,440055810,2,3,0,18,19,1,5,0,0,1,0,0,0,0,4,1,1,1,2,25,5,125,1,6,YAMAHA GPD,8,E01032842,0,-1
2023161353307,2023,161353307,2,3,0,18,19,3,7,0,0,8,0,0,0,0,1,1,5,6,2,21,5,125,1,0,YAMAHA GPD,2,E01013281,0,-1
2023010465689,2023,010465689,1,3,0,99,99,9,9,99,99,9,9,99,9,99,9,1,6,6,3,24,5,125,1,5,YAMAHA GPD,3,E01004633,0,-1
2023010468129,2023,010468129,1,3,9,99,99,9,9,99,99,9,9,99,9,99,1,1,1,1,1,31,6,125,1,2,YAMAHA GPD,1,E01002095,0,-1
2023010431665,2023,010431665,1,3,0,99,99,9,9,99,99,9,9,99,9,99,9,1,2,2,2,49,8,125,1,1,YAMAHA GPD,8,E01000669,0,-1
2023010445462,2023,010445462,1,3,0,99,99,9,9,99,99,9,9,99,9,99,1,1,6,6,1,33,6,125,1,6,YAMAHA GPD,4,E01002101,0,-1
2023010429956,2023,010429956,1,3,0,18,19,7,3,0,0,1,5,0,0,0,1,1,1,1,1,22,5,125,1,0,YAMAHA GPD,2,E01001367,0,-1
2023010438428,2023,010438428,1,3,0,99,99,9,9,99,99,9,9,99,9,99,1,1,6,6,1,34,6,125,1,6,YAMAHA GPD,3,E01001747,0,-1
2023471285002,2023,471285002,2,3,0,5,5,1,5,0,0,8,0,0,0,0,3,1,1,1,1,32,6,125,1,8,YAMAHA GPD,5,E01031565,0,-1
2023010477039,2023,010477039,2,3,0,18,19,5,1,0,0,1,0,0,1,0,1,1,6,6,1,30,6,125,1,0,YAMAHA GPD,3,E01004266,0,-1
2023010460837,2023,010460837,1,3,0,99,99,9,9,99,99,9,9,99,9,99,1,1,2,2,1,23,5,125,1,4,YAMAHA GPD,2,E01000628,0,-1
2023010420121,2023,010420121,1,3,0,99,99,9,9,99,99,9,9,99,9,99,9,1,6,6,1,45,7,125,1,3,YAMAHA GPD,7,E01000118,0,-1
2023010453413,2023,010453413,1,3,0,16,19,3,7,0,0,8,2,0,0,0,1,1,1,1,1,19,4,125,1,4,YAMAHA GPD,5,E01003341,0,-1
2023010430019,2023,010430019,1,3,0,99,99,9,9,99,99,9,9,99,9,99,2,1,6,6,2,26,6,125,1,5,YAMAHA GPD,2,E01002096,0,-1
2023010441134,2023,010441134,1,3,0,99,99,9,9,99,99,9,9,99,9,99,9,1,6,6,1,31,6,125,1,3,YAMAHA GPD,1,E01000595,0,-1
2023010450990,2023,010450990,1,3,9,99,99,9,9,99,99,9,9,99,9,99,9,1,2,2,1,22,5,125,1,4,YAMAHA GPD,2,E01001509,0,-1
2023010480698,2023,010480698,1,3,0,9,9,3,8,0,0,3,0,11,0,0,4,1,1,1,1,23,5,125,1,3,YAMAHA GPD,5,E01002361,0,-1