collision_index,collision_year,collision_ref_no,vehicle_reference,vehicle_type,towing_and_articulation,vehicle_manoeuvre_historic,vehicle_manoeuvre,vehicle_direction_from,vehicle_direction_to,vehicle_location_restricted_lane_historic,vehicle_location_restricted_lane,junction_location,skidding_and_overturning,hit_object_in_carriageway,vehicle_leaving_carriageway,hit_object_off_carriageway,first_point_of_impact,vehicle_left_hand_drive,journey_purpose_of_driver_historic,journey_purpose_of_driver,sex_of_driver,age_of_driver,age_band_of_driver,engine_capacity_cc,propulsion_code,age_of_vehicle,generic_make_model,driver_imd_decile,lsoa_of_driver,escooter_flag,driver_distance_banding
2023010460203,2023,010460203,1,3,0,99,99,9,9,99,99,9,9,99,9,99,1,1,2,2,2,38,7,125,1,2,YAMAHA GPD,1,E01002038,0,-1
2023010483477,2023,010483477,1,3,0,99,99,9,9,99,99,9,9,99,9,99,9,1,1,1,1,23,5,125,1,5,YAMAHA GPD,3,E01001970,0,-1
2023010446079,2023,010446079,2,3,0,18,19,5,1,0,0,8,0,0,0,0,4,1,6,6,1,17,4,125,1,3,YAMAHA GPD,4,E01001139,0,-1
2023010443872,2023,010443872,1,4,0,18,19,5,1,0,0,8,0,0,0,0,1,1,6,6,1,19,4,125,1,5,YAMAHA GPD,-1,-1,0,-1
2023471380526,2023,471380526,2,3,0,9,9,5,1,0,0,1,0,0,0,0,3,1,1,1,1,41,7,125,1,0,YAMAHA GPD,5,E01016971,0,-1
2023010444430,2023,010444430,1,3,0,99,99,9,9,99,99,9,9,99,9,99,1,1,1,1,1,29,6,125,1,0,YAMAHA GPD,5,E01003083,0,-1
2023461344399,2023,461344399,2,3,0,7,7,7,3,0,0,1,0,0,0,0,3,1,6,6,1,22,5,125,1,0,YAMAHA GPD,5,E01024503,0,-1
2023010447962,2023,010447962,1,3,0,99,99,9,9,99,99,9,9,99,9,99,9,1,1,1,1,31,6,125,1,4,YAMAHA GPD,2,E01004000,0,-1
2023010475612,2023,010475612,1,3,0,99,99,9,9,99,99,9,9,99,9,99,1,1,1,1,1,30,6,125,1,4,YAMAHA GPD,3,E01003143,0,-1
2023010447040,2023,010447040,1,3,0,99,99,9,9,99,99,9,9,99,9,99,1,9,2,2,1,40,7,125,1,3,YAMAHA GPD,3,E01003548,0,-1
2023010460991,2023,010460991,1,3,0,99,99,9,9,99,99,9,9,99,9,99,1,1,6,6,3,44,7,125,1,3,YAMAHA GPD,4,E01000565,0,-1
2023421338763,2023,421338763,1,4,0,18,19,6,2,0,0,0,0,0,1,0,1,1,6,6,1,49,8,125,1,3,YAMAHA GPD,7,E01021832,0,-1
2023010457351,2023,010457351,1,3,0,99,99,9,9,99,99,9,9,99,9,99,1,1,1,1,2,27,6,125,1,7,YAMAHA GPD,6,E01003149,0,-1
2023010479704,2023,010479704,1,3,0,99,99,9,9,99,99,9,9,99,9,99,1,1,6,6,2,21,5,125,1,2,YAMAHA GPD,8,E01002941,0,-1
2023411401214,2023,411401214,2,3,0,18,19,5,1,0,0,0,0,0,0,0,1,1,6,6,1,20,4,125,1,0,YAMAHA GPD,7,E01023777,0,-1
2023010478863,2023,010478863,2,3,0,18,19,5,1,0,0,8,1,0,0,0,0,1,2,2,1,28,6,125,1,2,YAMAHA GPD,-1,-1,0,-1
2023010471992,2023,010471992,1,3,0,4,4,7,3,0,0,8,0,10,0,0,3,1,6,6,1,19,4,125,1,4,YAMAHA GPD,1,E01001957,0,-1
2023451337150,2023,451337150,1,3,0,18,19,5,1,0,0,8,0,0,0,0,1,1,6,6,1,45,7,125,1,1,YAMAHA GPD,9,E01030991,0,-1
2023010470564,2023,010470564,1,97,0,99,99,9,9,99,99,9,9,99,9,99,9,9,2,2,1,38,7,125,1,3,-1,3,E01003521,0,-1
2023010441177,2023,010441177,1,3,0,99,99,9,9,99,99,9,9,99,9,99,1,1,2,2,1,26,6,125,1,2,YAMAHA GPD,3,E01002048,0,-1
2023010451142,2023,010451142,1,4,0,18,19,3,7,0,0,8,0,0,0,0,1,1,2,2,1,23,5,125,1,6,YAMAHA GPD,2,E01001437,0,-1
2023010445178,2023,010445178,2,3,0,4,4,5,1,0,0,2,0,0,0,0,1,1,6,6,1,29,6,125,1,2,YAMAHA GPD,2,E01004455,0,-1
2023010466200,2023,010466200,1,3,0,99,99,9,9,99,99,0,9,99,9,99,9,1,6,6,3,29,6,125,1,5,YAMAHA GPD,2,E01003993,0,-1
2023010439834,2023,010439834,1,3,0,99,99,9,9,99,99,9,9,99,9,99,9,1,6,6,1,32,6,125,1,5,YAMAHA GPD,1,E01004035,0,-1
2023010436505,2023,010436505,5,3,0,2,2,0,0,0,0,1,0,0,0,0,3,1,6,6,3,-1,-1,125,1,7,YAMAHA GPD,-1,-1,0,-1
2023010468451,2023,010468451,1,3,0,13,13,7,3,0,0,0,0,0,0,0,1,1,6,6,1,23,5,125,1,2,YAMAHA GPD,5,E01004346,0,-1
2023010436141,2023,010436141,1,3,0,99,99,9,9,99,99,9,9,99,9,99,9,1,6,6,1,26,6,125,1,4,YAMAHA GPD,2,E01004242,0,-1
2023010477933,2023,010477933,1,3,0,99,99,9,9,99,99,9,9,99,9,99,1,1,1,1,1,32,6,125,1,2,YAMAHA GPD,3,E01001446,0,-1
2023010462402,2023,010462402,2,3,0,18,19,6,2,0,0,1,0,0,0,0,0,1,1,1,1,25,5,125,1,0,YAMAHA GPD,2,E01004394,0,-1
2023010433361,2023,010433361,1,3,0,99,99,9,9,99,99,9,9,99,9,99,1,1,6,6,1,23,5,125,1,0,YAMAHA GPD,1,E01001559,0,-1
2023010484600,2023,010484600,1,3,0,13,13,1,5,0,0,1,0,0,0,0,4,1,1,1,1,31,6,125,1,3,YAMAHA GPD,1,E01033584,0,-1
2023010451159,2023,010451159,1,3,0,99,99,9,9,99,99,9,9,99,9,99,9,1,6,6,2,27,6,125,1,0,YAMAHA GPD,8,E01004623,0,-1
2023010455604,2023,010455604,1,3,0,99,99,9,9,99,99,0,9,99,9,99,2,1,1,1,1,42,7,125,1,2,YAMAHA GPD,3,E01001578,0,-1
2023010460633,2023,010460633,2,3,0,5,5,3,7,0,0,0,0,0,0,0,1,1,1,1,1,23,5,125,1,7,YAMAHA GPD,4,E01003771,0,-1
2023430193470,2023,430193470,1,3,0,18,19,1,5,2,2,0,0,0,0,0,1,1,2,2,1,27,6,125,1,3,YAMAHA GPD,6,E01016615,0,-1
2023010447323,2023,010447323,1,3,0,18,19,3,7,0,0,0,9,0,0,0,1,1,1,1,1,31,6,125,1,0,YAMAHA GPD,6,E01001084,0,-1
2023010455722,2023,010455722,1,3,0,14,14,7,3,0,0,2,5,0,0,0,0,1,6,6,2,18,4,125,1,0,YAMAHA GPD,2,E01002077,0,-1
2023010447809,2023,010447809,1,4,0,18,19,7,3,0,0,1,2,0,0,0,1,1,6,6,1,19,4,125,1,5,YAMAHA GPD,7,E01001411,0,-1
2023010470441,2023,010470441,1,4,0,18,19,1,5,0,0,3,0,0,0,0,1,1,2,2,1,25,5,125,1,3,YAMAHA GPD,2,E01003540,0,-1
2023010447707,2023,010447707,1,3,0,99,99,9,9,99,99,9,9,99,9,99,1,1,1,1,2,34,6,125,1,7,YAMAHA GPD,3,E01004350,0,-1
2023010446575,2023,010446575,1,3,0,99,99,9,9,99,99,9,9,99,9,99,9,1,6,6,1,38,7,125,1,1,YAMAHA GPD,1,E01002040,0,-1
2023451381106,2023,451381106,2,3,0,18,19,5,1,0,0,1,0,0,0,0,1,1,6,6,2,30,6,125,1,0,YAMAHA GPD,6,E01030995,0,-1
2023010453873,2023,010453873,2,3,0,4,4,3,7,0,0,1,0,0,0,0,3,1,1,1,1,36,7,125,1,0,YAMAHA GPD,2,E01001959,0,-1
2023010420039,2023,010420039,2,3,0,18,19,1,5,0,0,8,0,0,0,0,2,1,1,1,1,27,6,125,1,6,YAMAHA GPD,-1,-1,0,-1
2023010482441,2023,010482441,1,3,0,18,19,3,7,0,0,2,2,0,0,0,4,1,6,6,1,29,6,125,1,7,YAMAHA GPD,8,E01001044,0,-1
2023010434384,2023,010434384,1,3,0,18,19,3,7,0,0,8,1,0,0,0,1,1,1,1,1,23,5,125,1,2,YAMAHA GPD,-1,-1,0,-1
2023010445190,2023,010445190,1,2,0,99,99,9,9,99,99,9,9,99,9,99,9,1,6,6,1,28,6,125,1,2,YAMAHA GPD,8,E01000311,0,-1
2023010477113,2023,010477113,1,3,0,99,99,9,9,99,99,9,9,99,9,99,9,1,2,2,1,32,6,125,1,2,YAMAHA GPD,4,E01001618,0,-1
2023010464024,2023,010464024,1,3,0,99,99,9,9,99,99,0,9,99,9,99,1,1,1,1,1,34,6,125,1,0,YAMAHA GPD,4,E01003255,0,-1
2023451335536,2023,451335536,2,3,0,14,14,5,8,0,0,0,0,0,0,0,1,1,5,6,1,26,6,125,1,2,YAMAHA GPD,8,E01002941,0,-1
2023010427958,2023,010427958,1,3,0,4,4,1,5,0,0,0,0,7,0,0,2,1,1,1,1,28,6,125,1,1,YAMAHA GPD,7,E01004639,0,-1
2023010455162,2023,010455162,1,3,0,99,99,9,9,99,99,9,9,99,9,99,1,1,6,6,2,53,8,125,1,2,YAMAHA GPD,2,E01001414,0,-1
2023010429909,2023,010429909,1,3,0,99,99,9,9,99,99,9,9,99,9,99,1,1,2,2,1,28,6,125,1,0,YAMAHA GPD,3,E01001547,0,-1
2023010483563,2023,010483563,1,3,0,99,99,9,9,99,99,9,9,99,9,99,9,1,6,6,3,49,8,125,1,6,YAMAHA GPD,1,E01002041,0,-1
2023010485532,2023,010485532,2,3,9,99,99,9,9,99,99,0,9,99,9,99,9,1,6,6,3,-1,-1,125,1,3,YAMAHA GPD,1,E01000798,0,-1
2023010479510,2023,010479510,1,3,0,99,99,9,9,99,99,9,9,99,9,99,1,1,1,1,1,30,6,125,1,0,YAMAHA GPD,6,E01004108,0,-1
2023010446713,2023,010446713,1,4,0,99,99,9,9,99,99,9,9,99,9,99,1,1,6,6,1,22,5,125,1,6,YAMAHA GPD,2,E01002076,0,-1
2023010430767,2023,010430767,1,3,9,99,99,9,9,99,99,9,9,99,9,99,9,1,6,6,1,45,7,125,1,5,YAMAHA GPD,5,E01004152,0,-1
2023010444333,2023,010444333,1,3,0,18,19,7,3,0,0,1,5,0,0,0,1,1,6,6,1,20,4,125,1,2,YAMAHA GPD,-1,-1,0,-1
2023052400571,2023,052400571,1,3,0,4,4,5,1,0,0,0,0,0,0,0,2,1,6,6,2,34,6,125,1,7,YAMAHA GPD,1,E01006703,0,-1
2023010454248,2023,010454248,1,3,0,99,99,9,9,99,99,0,9,99,9,99,1,1,6,6,1,34,6,125,1,3,YAMAHA GPD,1,E01032575,0,-1
2023010476684,2023,010476684,1,3,0,99,99,9,9,99,99,9,9,99,9,99,9,1,1,1,2,35,6,125,1,4,YAMAHA GPD,3,E01001805,0,-1
2023010425754,2023,010425754,2,3,0,99,99,9,9,99,99,9,9,99,9,99,9,1,6,6,3,-1,-1,125,1,1,YAMAHA GPD,-1,-1,0,-1
2023010432004,2023,010432004,1,3,0,99,99,9,9,99,99,9,9,99,9,99,1,1,2,2,1,36,7,125,1,2,YAMAHA GPD,3,E01001505,0,-1
2023010477052,2023,010477052,1,3,0,99,99,9,9,99,99,9,9,99,9,99,9,1,6,6,3,32,6,125,1,1,YAMAHA GPD,3,E01001003,0,-1
2023010423022,2023,010423022,1,3,9,99,99,9,9,99,99,9,9,99,9,99,2,1,6,6,1,25,5,125,1,4,YAMAHA GPD,5,E01002167,0,-1
2023010431253,2023,010431253,2,3,0,10,10,5,2,0,0,8,0,0,0,0,1,1,1,1,1,37,7,125,1,2,YAMAHA GPD,1,E01001483,0,-1
2023010482950,2023,010482950,1,3,0,18,19,3,7,0,0,8,5,0,0,0,1,1,1,1,1,36,7,125,1,0,YAMAHA GPD,2,E01033726,0,-1
2023010487028,2023,010487028,1,3,0,99,99,9,9,99,99,9,9,99,9,99,9,1,1,1,2,32,6,125,1,2,YAMAHA GPD,3,E01001449,0,-1
2023010435661,2023,010435661,1,3,0,99,99,9,9,99,99,9,9,99,9,99,9,1,6,6,1,31,6,125,1,4,YAMAHA GPD,6,E01001573,0,-1
2023010458884,2023,010458884,1,3,0,99,99,9,9,99,99,9,9,99,9,99,1,1,1,1,2,27,6,125,1,1,YAMAHA GPD,3,E01003571,0,-1
2023010443267,2023,010443267,1,3,0,5,5,3,7,0,0,0,0,0,0,0,1,1,6,6,1,21,5,125,1,3,YAMAHA GPD,-1,-1,0,-1
2023010423553,2023,010423553,1,3,0,18,19,1,5,0,0,2,0,0,0,0,1,1,1,1,1,33,6,125,1,4,YAMAHA GPD,1,E01003511,0,-1
2023010430917,2023,010430917,2,3,0,18,19,1,5,0,0,4,1,0,0,0,1,1,1,1,1,35,6,125,1,3,YAMAHA GPD,6,E01000575,0,-1
2023010436235,2023,010436235,1,3,0,99,99,9,9,99,99,0,9,99,9,99,2,1,1,1,1,31,6,125,1,2,YAMAHA GPD,3,E01003533,0,-1
2023010439250,2023,010439250,1,3,0,18,19,3,7,0,0,3,0,0,0,0,2,1,1,1,1,37,7,125,1,5,YAMAHA GPD,2,E01003553,0,-1
2023451313932,2023,451313932,1,3,0,18,19,5,1,0,0,0,2,0,0,0,1,1,2,2,2,30,6,125,1,0,YAMAHA GPD,10,E01030986,0,-1
2023010461488,2023,010461488,2,3,0,15,15,5,1,0,0,1,1,0,0,0,1,1,6,6,1,26,6,125,1,0,YAMAHA GPD,2,E01004365,0,-1
2023421323079,2023,421323079,2,3,0,18,19,4,8,0,0,1,0,0,0,0,1,1,5,6,1,28,6,125,1,2,YAMAHA GPD,3,E01001449,0,-1
2023010429126,2023,010429126,1,3,0,99,99,9,9,99,99,9,9,99,9,99,9,1,6,6,1,25,5,125,1,5,YAMAHA GPD,4,E01004416,0,-1
2023010474427,2023,010474427,2,3,0,13,13,7,3,0,0,5,0,0,0,0,4,1,1,1,1,30,6,125,1,1,YAMAHA GPD,3,E01004331,0,-1
2023010445185,2023,010445185,1,4,0,14,14,1,5,0,0,1,0,0,0,0,1,1,1,1,1,35,6,125,1,4,YAMAHA GPD,8,E01002008,0,-1
2023010444252,2023,010444252,1,3,0,99,99,9,9,99,99,9,9,99,9,99,1,1,6,6,1,32,6,125,1,0,YAMAHA GPD,2,E01002075,0,-1
2023010467130,2023,010467130,1,3,0,99,99,9,9,99,99,9,9,99,9,99,1,1,2,2,1,30,6,125,1,3,YAMAHA GPD,3,E01003143,0,-1
2023010445823,2023,010445823,2,2,0,18,19,1,5,0,0,1,0,0,0,0,1,1,1,1,2,46,8,125,1,0,YAMAHA GPD,4,E01001158,0,-1
2023010431189,2023,010431189,1,3,0,99,99,9,9,99,99,9,9,99,9,99,2,1,6,6,1,34,6,125,1,4,YAMAHA GPD,1,E01032575,0,-1
2023010433507,2023,010433507,1,3,0,99,99,9,9,99,99,9,9,99,9,99,2,1,6,6,1,27,6,125,1,7,YAMAHA GPD,4,E01003530,0,-1
2023010424312,2023,010424312,1,3,0,99,99,9,9,99,99,0,9,99,9,99,9,1,1,1,1,28,6,125,1,2,YAMAHA GPD,2,E01001152,0,-1
2023430152451,2023,430152451,1,3,0,3,3,7,3,0,0,1,0,0,0,0,2,1,6,6,1,29,6,125,1,4,YAMAHA GPD,4,E01016360,0,-1
2023201377317,2023,201377317,1,3,0,14,14,3,7,0,0,2,0,4,0,0,1,1,1,1,1,20,4,125,1,2,YAMAHA GPD,3,E01008895,0,-1
2023010440721,2023,010440721,1,3,0,99,99,9,9,99,99,9,9,99,9,99,1,1,2,2,1,26,6,125,1,2,YAMAHA GPD,5,E01003080,0,-1
2023010463723,2023,010463723,2,3,0,18,19,3,7,0,0,1,0,0,0,0,4,1,6,6,1,19,4,125,1,2,YAMAHA GPD,3,E01002396,0,-1
2023010475114,2023,010475114,2,2,0,99,99,9,9,99,99,9,9,99,9,99,9,1,6,6,3,-1,-1,125,1,3,YAMAHA GPD,3,E01018809,0,-1
2023010438959,2023,010438959,2,3,0,7,7,3,5,0,0,2,5,0,0,0,1,1,6,6,1,30,6,125,1,2,YAMAHA GPD,4,E01000066,0,-1
2023010485834,2023,010485834,1,3,0,99,99,9,9,99,99,9,9,99,9,99,2,1,1,1,1,26,6,125,1,2,YAMAHA GPD,3,E01003586,0,-1
2023010424532,2023,010424532,1,3,0,99,99,9,9,99,99,9,9,99,9,99,9,1,6,6,1,35,6,125,1,2,YAMAHA GPD,1,E01001517,0,-1
2023010420917,2023,010420917,1,3,9,99,99,9,9,0,0,9,9,99,9,99,9,1,6,6,1,32,6,125,1,2,YAMAHA GPD,2,E01001977,0,-1
2023430239098,2023,430239098,1,3,0,18,19,7,3,0,0,0,0,0,0,0,2,1,6,6,1,23,5,125,1,0,YAMAHA GPD,4,E01017904,0,-1
2023010443160,2023,010443160,1,3,0,99,99,9,9,99,99,9,9,99,9,99,1,1,6,6,1,37,7,125,1,3,YAMAHA GPD,2,E01003086,0,-1
2023010447565,2023,010447565,1,3,0,99,99,9,9,99,99,0,9,99,9,99,1,1,1,1,2,37,7,125,1,1,YAMAHA GPD,2,E01001136,0,-1
2023010467663,2023,010467663,1,3,9,99,99,9,9,99,99,9,9,99,9,99,1,1,6,6,1,35,6,125,1,2,YAMAHA GPD,1,E01002067,0,-1
2023010434543,2023,010434543,1,3,0,4,4,3,7,0,0,1,0,0,0,0,1,1,6,6,1,21,5,125,1,4,YAMAHA GPD,-1,-1,0,-1
2023010477354,2023,010477354,1,3,0,99,99,9,9,99,99,9,9,99,9,99,9,1,2,2,1,30,6,125,1,0,YAMAHA GPD,6,E01003152,0,-1
2023440247375,2023,440247375,2,4,0,18,19,4,8,0,0,0,0,0,0,0,1,1,2,2,1,37,7,125,1,8,YAMAHA GPD,3,E01017191,0,-1
2023010427883,2023,010427883,1,3,0,99,99,9,9,99,99,9,9,99,9,99,9,1,6,6,1,24,5,125,1,4,YAMAHA GPD,4,E01002101,0,-1
2023010448426,2023,010448426,1,3,0,18,19,5,1,0,0,8,0,0,0,0,1,1,6,6,1,39,7,125,1,0,YAMAHA GPD,5,E01003664,0,-1
2023010478429,2023,010478429,2,3,0,18,19,3,7,0,0,3,0,0,0,0,4,1,6,6,1,18,4,125,1,1,YAMAHA GPD,-1,-1,0,-1
2023010442442,2023,010442442,1,3,0,99,99,9,9,99,99,9,9,99,9,99,1,1,2,2,1,35,6,125,1,1,YAMAHA GPD,4,E01004416,0,-1
2023010458497,2023,010458497,1,3,9,5,5,7,3,99,99,9,9,0,9,0,1,1,6,6,3,-1,-1,125,1,3,YAMAHA GPD,-1,-1,0,-1
2023010481587,2023,010481587,2,3,0,18,19,1,5,0,0,1,0,0,0,0,1,1,6,6,1,28,6,125,1,2,YAMAHA GPD,5,E01004610,0,-1
2023010473546,2023,010473546,1,3,0,99,99,9,9,99,99,9,9,99,9,99,1,1,2,2,1,32,6,125,1,1,YAMAHA GPD,3,E01001003,0,-1
2023010459903,2023,010459903,1,3,0,99,99,9,9,99,99,9,9,99,9,99,1,1,6,6,1,38,7,125,1,7,YAMAHA GPD,1,E01004204,0,-1
2023010444966,2023,010444966,1,3,9,99,99,9,9,99,99,9,9,99,9,99,9,1,2,2,1,35,6,125,1,5,YAMAHA GPD,4,E01001276,0,-1
2023010474509,2023,010474509,2,3,0,4,4,3,7,0,0,8,2,4,0,0,1,1,1,1,1,18,4,125,1,2,YAMAHA GPD,3,E01000035,0,-1
2023010428624,2023,010428624,1,3,0,99,99,9,9,99,99,9,9,99,9,99,9,1,6,6,1,34,6,125,1,2,YAMAHA GPD,3,E01002064,0,-1
2023010464482,2023,010464482,2,3,0,18,19,5,1,0,0,8,0,0,0,0,3,1,1,1,1,32,6,125,1,5,YAMAHA GPD,5,E01000747,0,-1
2023010466975,2023,010466975,1,3,0,99,99,9,9,99,99,9,9,99,9,99,1,1,6,6,1,23,5,125,1,2,YAMAHA GPD,2,E01003151,0,-1
2023010434928,2023,010434928,1,3,0,7,7,5,8,0,0,5,0,0,0,0,0,1,6,6,1,25,5,125,1,3,YAMAHA GPD,3,E01003539,0,-1
2023411346430,2023,411346430,2,3,0,3,3,1,5,0,0,4,0,0,0,0,2,1,5,6,2,45,7,125,1,3,YAMAHA GPD,2,E01001442,0,-1
2023010479692,2023,010479692,1,3,0,99,99,9,9,99,99,9,9,99,9,99,1,1,1,1,1,39,7,125,1,3,YAMAHA GPD,1,E01000595,0,-1
2023421378944,2023,421378944,1,3,0,9,9,7,3,0,0,0,1,0,1,0,4,1,6,6,1,34,6,125,1,1,YAMAHA GPD,8,E01021750,0,-1
2023010465765,2023,010465765,1,3,0,7,7,5,8,0,0,1,0,0,0,0,0,1,6,6,1,18,4,125,1,5,YAMAHA GPD,2,E01002765,0,-1
2023010419994,2023,010419994,1,3,0,99,99,9,9,99,99,9,9,99,9,99,1,1,6,6,1,29,6,125,1,3,YAMAHA GPD,1,E01002095,0,-1
2023010439824,2023,010439824,1,3,0,18,19,5,1,2,2,8,0,0,0,0,1,1,6,6,1,28,6,125,1,5,YAMAHA GPD,3,E01003339,0,-1
2023010483463,2023,010483463,1,3,0,18,19,3,7,0,0,1,0,0,0,0,1,1,2,2,1,26,6,125,1,3,YAMAHA GPD,2,E01003501,0,-1
2023010442793,2023,010442793,1,3,0,18,19,7,3,0,0,1,5,0,0,0,1,1,1,1,1,23,5,125,1,3,YAMAHA GPD,-1,-1,0,-1
2023010438200,2023,010438200,1,3,0,99,99,9,9,99,99,0,9,99,9,99,1,1,6,6,1,21,5,125,1,2,YAMAHA GPD,2,E01004679,0,-1
2023010481131,2023,010481131,3,3,0,13,13,2,6,0,0,8,1,0,0,0,4,1,6,6,2,33,6,125,1,0,YAMAHA GPD,5,E01004099,0,-1
2023010426330,2023,010426330,2,3,0,18,19,5,1,0,0,0,0,0,0,0,1,1,6,6,1,19,4,125,1,4,YAMAHA GPD,2,E01000901,0,-1
2023010485161,2023,010485161,1,3,0,99,99,9,9,99,99,9,9,99,9,99,2,1,1,1,1,32,6,125,1,5,YAMAHA GPD,3,E01003352,0,-1
2023010476763,2023,010476763,2,3,0,13,13,5,1,0,0,1,0,0,0,0,4,1,6,6,1,24,5,125,1,2,YAMAHA GPD,3,E01001547,0,-1
2023411309174,2023,411309174,2,3,0,3,3,-1,-1,0,0,0,0,0,0,0,2,1,5,6,1,49,8,125,1,1,YAMAHA GPD,7,E01023683,0,-1
2023010486480,2023,010486480,1,3,0,99,99,9,9,99,99,9,9,99,9,99,1,1,6,6,1,22,5,125,1,1,YAMAHA GPD,3,E01015730,0,-1
2023411356466,2023,411356466,2,3,0,3,3,-1,-1,0,0,0,0,0,0,0,1,1,1,1,1,37,7,125,1,4,YAMAHA GPD,9,E01023439,0,-1
2023440279477,2023,440279477,1,3,0,3,3,8,4,0,0,1,0,0,0,0,2,1,6,6,1,29,6,125,1,2,YAMAHA GPD,4,E01032847,0,-1
2023451392499,2023,451392499,2,3,0,13,13,3,7,0,0,1,0,0,0,0,3,1,2,2,2,22,5,125,1,2,YAMAHA GPD,8,E01030654,0,-1
2023010447399,2023,010447399,2,3,0,15,15,1,5,0,0,1,0,0,0,0,1,1,1,1,1,31,6,125,1,2,YAMAHA GPD,5,E01001200,0,-1
2023411319001,2023,411319001,2,3,0,18,19,5,1,0,0,1,0,0,0,0,3,1,5,6,1,46,8,125,1,0,YAMAHA GPD,5,E01023755,0,-1
2023451265683,2023,451265683,1,3,0,18,19,7,3,0,0,0,0,0,0,0,1,1,1,1,1,29,6,125,1,6,YAMAHA GPD,2,E01003432,0,-1
2023451342868,2023,451342868,1,3,0,18,19,7,3,0,0,0,0,0,0,0,1,1,5,6,1,28,6,125,1,2,YAMAHA GPD,4,E01001146,0,-1
2023010442223,2023,010442223,1,3,0,99,99,9,9,99,99,9,9,99,9,99,1,1,6,6,1,33,6,125,1,4,YAMAHA GPD,4,E01002677,0,-1
2023010469245,2023,010469245,2,3,0,99,99,9,9,99,99,9,9,99,9,99,1,1,6,6,3,-1,-1,125,1,2,YAMAHA GPD,-1,-1,0,-1
2023010461171,2023,010461171,1,3,0,99,99,9,9,99,99,9,9,99,9,99,1,1,1,1,1,25,5,125,1,0,YAMAHA GPD,2,E01032564,0,-1
2023010434466,2023,010434466,1,3,0,4,4,1,5,0,0,1,2,0,0,0,1,1,2,2,1,40,7,125,1,8,YAMAHA GPD,8,E01018228,0,-1
2023010430838,2023,010430838,1,3,0,99,99,9,9,99,99,9,9,99,9,99,1,1,6,6,1,29,6,125,1,3,YAMAHA GPD,1,E01032575,0,-1
2023010446889,2023,010446889,1,3,5,9,9,6,4,0,0,2,0,0,1,10,1,1,1,1,1,29,6,125,1,2,YAMAHA GPD,3,E01003736,0,-1
2023010487189,2023,010487189,1,3,0,99,99,9,9,99,99,9,9,99,9,99,1,1,2,2,1,24,5,125,1,7,YAMAHA GPD,3,E01001188,0,-1
2023471333506,2023,471333506,2,3,0,18,19,2,4,0,0,0,0,0,0,0,4,1,5,6,1,28,6,125,1,4,YAMAHA GPD,4,E01016890,0,-1
2023010480439,2023,010480439,1,3,0,99,99,9,9,99,99,9,9,99,9,99,9,1,1,1,3,44,7,125,1,0,YAMAHA GPD,5,E01000747,0,-1
2023010456079,2023,010456079,2,3,0,99,99,9,9,99,99,9,9,99,9,99,1,1,6,6,1,52,8,125,1,5,YAMAHA GPD,5,E01000299,0,-1
2023010476346,2023,010476346,1,3,0,4,4,1,5,0,0,1,0,0,0,0,1,1,6,6,1,23,5,125,1,3,YAMAHA GPD,3,E01003102,0,-1
2023010459510,2023,010459510,2,3,0,9,9,5,3,0,0,8,0,0,0,0,4,1,1,1,1,31,6,125,1,2,YAMAHA GPD,6,E01004216,0,-1
2023010419547,2023,010419547,1,4,0,18,19,6,2,5,5,2,1,0,0,0,1,1,1,1,1,25,5,125,1,2,YAMAHA GPD,5,E01001086,0,-1
2023522400229,2023,522400229,1,4,0,3,3,5,1,0,0,2,0,0,0,0,1,1,6,6,1,33,6,125,1,2,YAMAHA GPD,4,E01032516,0,-1
2023010445014,2023,010445014,1,3,0,99,99,9,9,99,99,9,9,99,9,99,9,1,6,6,1,24,5,125,1,1,YAMAHA GPD,4,E01001183,0,-1
2023010420353,2023,010420353,1,3,0,99,99,9,9,99,99,0,9,99,9,99,1,1,6,6,1,26,6,125,1,4,YAMAHA GPD,2,E01003509,0,-1
2023010457713,2023,010457713,1,3,0,99,99,9,9,99,99,9,9,99,9,99,9,1,6,6,3,25,5,125,1,2,YAMAHA GPD,4,E01004612,0,-1
2023010472173,2023,010472173,1,3,0,99,99,9,9,99,99,9,9,99,9,99,2,1,6,6,1,26,6,125,1,3,YAMAHA GPD,2,E01003540,0,-1
2023361283795,2023,361283795,2,3,0,18,19,7,3,0,0,0,5,0,0,0,3,1,1,1,1,25,5,125,1,3,YAMAHA GPD,3,E01033438,0,-1
2023010459743,2023,010459743,1,3,0,99,99,9,9,99,99,9,9,99,9,99,1,1,2,2,1,24,5,125,1,1,YAMAHA GPD,3,E01001488,0,-1
2023010443039,2023,010443039,2,3,0,18,19,5,1,0,0,8,0,0,0,0,1,1,6,6,1,22,5,125,1,4,YAMAHA GPD,4,E01003452,0,-1