collision_index,collision_year,collision_ref_no,vehicle_reference,vehicle_type,towing_and_articulation,vehicle_manoeuvre_historic,vehicle_manoeuvre,vehicle_direction_from,vehicle_direction_to,vehicle_location_restricted_lane_historic,vehicle_location_restricted_lane,junction_location,skidding_and_overturning,hit_object_in_carriageway,vehicle_leaving_carriageway,hit_object_off_carriageway,first_point_of_impact,vehicle_left_hand_drive,journey_purpose_of_driver_historic,journey_purpose_of_driver,sex_of_driver,age_of_driver,age_band_of_driver,engine_capacity_cc,propulsion_code,age_of_vehicle,generic_make_model,driver_imd_decile,lsoa_of_driver,escooter_flag,driver_distance_banding
2023010463936,2023,010463936,1,3,0,4,4,2,6,2,2,1,2,0,0,0,4,1,6,6,1,28,6,125,1,0,YAMAHA GPD,1,E01003503,0,-1
2023010474161,2023,010474161,2,3,0,15,15,3,7,0,0,0,0,4,0,0,1,1,6,6,2,22,5,125,1,6,YAMAHA GPD,1,E01002026,0,-1
2023010473714,2023,010473714,1,3,0,99,99,9,9,99,99,9,9,99,9,99,1,1,1,1,1,26,6,125,1,1,YAMAHA GPD,3,E01001190,0,-1
2023010476032,2023,010476032,1,2,0,18,19,1,5,0,0,0,0,0,0,0,1,1,6,6,1,29,6,125,1,2,YAMAHA GPD,3,E01000392,0,-1
2023010432505,2023,010432505,2,3,0,99,99,9,9,99,99,9,9,99,9,99,1,1,6,6,3,-1,-1,125,1,2,YAMAHA GPD,-1,-1,0,-1
2023461285031,2023,461285031,1,2,0,18,19,3,7,0,0,8,0,0,0,0,1,1,6,6,1,24,5,125,1,1,YAMAHA GPD,2,E01024315,0,-1
2023010434467,2023,010434467,2,3,0,18,19,7,3,0,0,2,1,4,0,0,2,1,6,6,1,21,5,125,1,6,YAMAHA GPD,2,E01004567,0,-1
2023010424448,2023,010424448,1,3,0,18,19,7,3,0,0,0,0,0,0,0,0,1,1,1,2,28,6,125,1,1,YAMAHA GPD,10,E01004114,0,-1
2023010422421,2023,010422421,1,3,0,99,99,9,9,99,99,9,9,99,9,99,1,1,6,6,1,25,5,125,1,5,YAMAHA GPD,4,E01000559,0,-1
2023010457346,2023,010457346,1,3,0,9,9,6,3,0,0,3,0,0,0,0,3,1,6,6,1,39,7,125,1,2,YAMAHA GPD,8,E01001390,0,-1
2023010466593,2023,010466593,1,3,9,99,99,9,9,99,99,9,9,99,9,99,1,1,1,1,1,45,7,125,1,0,YAMAHA GPD,1,E01002095,0,-1
2023010441114,2023,010441114,1,3,0,99,99,9,9,99,99,9,9,99,9,99,1,1,6,6,1,26,6,125,1,2,YAMAHA GPD,5,E01000620,0,-1
2023010429718,2023,010429718,1,3,0,18,19,5,1,0,0,1,0,0,0,0,1,1,6,6,1,21,5,125,1,1,YAMAHA GPD,5,E01004450,0,-1
2023010448894,2023,010448894,1,3,0,18,19,5,1,0,0,1,0,0,1,0,2,1,1,1,1,22,5,125,1,7,YAMAHA GPD,6,E01001253,0,-1
2023010440797,2023,010440797,2,3,0,18,19,6,2,0,0,1,0,0,0,0,1,1,6,6,1,54,8,125,1,1,YAMAHA GPD,2,E01004013,0,-1
2023430210279,2023,430210279,2,3,0,3,3,3,7,0,0,8,0,0,0,0,1,1,6,6,1,34,6,125,1,0,YAMAHA GPD,9,E01028572,0,-1
2023471265422,2023,471265422,3,3,0,18,19,1,4,0,0,0,1,0,0,0,0,1,5,6,2,23,5,125,1,7,YAMAHA GPD,6,E01031523,0,-1
2023010483712,2023,010483712,1,3,0,99,99,9,9,99,99,9,9,99,9,99,1,1,1,1,1,21,5,125,1,2,YAMAHA GPD,3,E01004006,0,-1
2023010449482,2023,010449482,1,3,0,99,99,9,9,99,99,9,9,99,9,99,2,1,1,1,1,27,6,125,1,5,YAMAHA GPD,2,E01001181,0,-1
2023010428092,2023,010428092,1,3,0,99,99,9,9,99,99,0,9,99,9,99,9,1,6,6,1,26,6,125,1,2,YAMAHA GPD,1,E01003045,0,-1
2023010420073,2023,010420073,1,3,0,99,99,9,9,99,99,9,9,99,9,99,9,1,6,6,1,20,4,125,1,7,YAMAHA GPD,1,E01003051,0,-1
2023010452919,2023,010452919,1,3,0,99,99,9,9,99,99,0,9,99,9,99,2,1,6,6,2,37,7,125,1,0,YAMAHA GPD,5,E01002344,0,-1
2023201423235,2023,201423235,2,3,0,18,19,7,3,0,0,4,0,0,0,0,1,1,6,6,1,25,5,125,1,3,YAMAHA GPD,1,E01009194,0,-1
2023010454190,2023,010454190,1,3,0,99,99,9,9,99,99,9,9,99,9,99,1,1,1,1,1,42,7,125,1,2,YAMAHA GPD,5,E01003067,0,-1
2023161388979,2023,161388979,1,3,0,18,19,8,5,0,0,8,1,0,0,0,1,1,6,6,1,22,5,125,1,0,YAMAHA GPD,1,E01013136,0,-1
2023010481639,2023,010481639,2,3,0,5,5,5,1,0,0,1,0,0,0,0,1,1,6,6,1,43,7,125,1,2,YAMAHA GPD,3,E01004325,0,-1
2023010466771,2023,010466771,1,3,0,99,99,9,9,99,99,9,9,99,9,99,9,1,1,1,1,28,6,125,1,2,YAMAHA GPD,3,E01001449,0,-1
2023010448584,2023,010448584,1,3,0,99,99,9,9,99,99,9,9,99,9,99,1,1,2,2,1,24,5,125,1,5,YAMAHA GPD,2,E01003267,0,-1
2023440068272,2023,440068272,2,3,0,3,3,6,2,0,0,1,0,0,0,0,2,1,1,1,1,28,6,125,1,1,YAMAHA GPD,6,E01017212,0,-1
2023010438336,2023,010438336,1,3,0,99,99,9,9,99,99,9,9,99,9,99,9,1,2,2,1,26,6,125,1,2,YAMAHA GPD,2,E01000628,0,-1
2023010445037,2023,010445037,1,3,0,99,99,9,9,99,99,9,9,99,9,99,1,9,1,1,1,41,7,125,1,2,YAMAHA GPD,8,E01015534,0,-1
2023010450483,2023,010450483,1,3,9,99,99,9,9,99,99,9,9,99,9,99,1,1,6,6,1,27,6,125,1,2,YAMAHA GPD,2,E01001246,0,-1
2023010462266,2023,010462266,2,3,0,18,19,4,8,0,0,4,0,99,0,0,9,1,6,6,2,-1,-1,125,1,2,YAMAHA GPD,-1,-1,0,-1
2023010483503,2023,010483503,1,3,0,99,99,9,9,99,99,9,9,99,9,99,9,1,1,1,3,26,6,125,1,3,YAMAHA GPD,3,E01001434,0,-1
2023010476721,2023,010476721,1,2,0,5,5,3,7,0,0,1,0,0,0,0,3,1,6,6,1,19,4,125,1,5,YAMAHA GPD,2,E01001878,0,-1
2023010450450,2023,010450450,1,3,0,99,99,9,9,99,99,0,9,99,9,99,1,1,1,1,1,30,6,125,1,0,YAMAHA GPD,6,E01003437,0,-1
2023010469677,2023,010469677,1,3,9,99,99,9,9,99,99,9,9,99,9,99,1,1,1,1,1,28,6,125,1,0,YAMAHA GPD,4,E01000617,0,-1
2023010482495,2023,010482495,1,3,9,99,99,9,9,99,99,9,9,99,9,99,1,1,1,1,1,28,6,125,1,5,YAMAHA GPD,3,E01001981,0,-1
2023010447713,2023,010447713,1,3,0,99,99,9,9,99,99,9,9,99,9,99,9,1,6,6,1,29,6,125,1,0,YAMAHA GPD,5,E01002004,0,-1
2023010455858,2023,010455858,1,3,0,99,99,9,9,99,99,9,9,99,9,99,9,1,6,6,1,27,6,125,1,3,YAMAHA GPD,3,E01001449,0,-1
2023010449356,2023,010449356,1,3,9,99,99,9,9,99,99,9,9,99,9,99,1,1,6,6,1,35,6,125,1,2,YAMAHA GPD,1,E01004209,0,-1
2023070562724,2023,070562724,2,4,0,18,19,1,5,0,0,1,0,0,0,0,1,1,1,1,1,44,7,125,1,4,YAMAHA GPD,7,E01018361,0,-1
2023311318495,2023,311318495,1,3,0,5,5,1,5,0,0,3,0,0,0,0,1,1,6,6,1,33,6,125,1,7,YAMAHA GPD,4,E01000316,0,-1
2023010472858,2023,010472858,1,4,0,99,99,9,9,99,99,0,9,99,9,99,9,1,6,6,1,23,5,125,1,0,YAMAHA GPD,6,E01003738,0,-1
2023010476233,2023,010476233,1,3,0,99,99,9,9,99,99,9,9,99,9,99,9,1,6,6,1,30,6,125,1,5,YAMAHA GPD,2,E01002080,0,-1
2023010485470,2023,010485470,2,2,0,18,19,3,7,0,0,2,1,0,0,0,1,1,6,6,1,19,4,125,1,5,YAMAHA GPD,2,E01033341,0,-1
2023010455252,2023,010455252,1,3,0,18,19,1,5,0,0,2,5,0,0,0,1,1,1,1,1,34,6,125,1,0,YAMAHA GPD,1,E01004256,0,-1
2023010474133,2023,010474133,1,3,0,15,15,5,1,0,0,1,0,0,0,0,1,1,1,1,1,25,5,125,1,2,YAMAHA GPD,7,E01001049,0,-1
2023010479299,2023,010479299,1,3,0,99,99,9,9,99,99,9,9,99,9,99,1,1,6,6,1,28,6,125,1,5,YAMAHA GPD,6,E01030548,0,-1
2023010479528,2023,010479528,1,3,0,99,99,9,9,99,99,9,9,99,9,99,9,1,2,2,1,28,6,125,1,5,YAMAHA GPD,2,E01001143,0,-1
2023010447806,2023,010447806,1,3,0,99,99,9,9,99,99,9,9,99,9,99,9,1,1,1,1,29,6,125,1,2,YAMAHA GPD,4,E01004065,0,-1
2023010467278,2023,010467278,2,3,0,13,13,1,5,0,0,1,0,0,0,0,4,1,1,1,1,31,6,125,1,6,YAMAHA GPD,4,E01003326,0,-1
2023010455073,2023,010455073,2,3,0,18,19,1,5,0,0,0,0,0,0,0,1,1,1,1,1,20,4,125,1,2,YAMAHA GPD,3,E01003177,0,-1
2023010475931,2023,010475931,1,3,0,15,15,3,7,0,0,8,0,0,0,0,3,1,1,1,1,34,6,125,1,6,YAMAHA GPD,3,E01004676,0,-1
2023010456774,2023,010456774,2,3,0,18,19,1,5,2,2,0,0,0,0,0,3,1,6,6,1,20,4,125,1,2,YAMAHA GPD,1,E01002751,0,-1
2023010468895,2023,010468895,1,3,9,99,99,9,9,99,99,9,9,99,9,99,1,1,1,1,1,18,4,125,1,4,YAMAHA GPD,1,E01002026,0,-1
2023010457664,2023,010457664,1,3,0,99,99,9,9,99,99,9,9,99,9,99,1,1,2,2,1,40,7,125,1,1,YAMAHA GPD,3,E01001397,0,-1
2023461374753,2023,461374753,2,3,0,2,2,0,0,0,0,0,0,0,0,0,1,1,1,1,1,35,6,125,1,1,YAMAHA GPD,10,E01024469,0,-1
2023010436157,2023,010436157,2,3,0,14,14,5,1,0,0,2,0,0,0,0,1,1,1,1,2,41,7,125,1,1,YAMAHA GPD,-1,-1,0,-1
2023010473995,2023,010473995,2,3,0,13,13,5,1,0,0,1,0,0,0,0,1,1,6,6,1,20,4,125,1,3,YAMAHA GPD,5,E01000299,0,-1
2023421355392,2023,421355392,1,3,0,5,5,7,7,9,9,1,0,4,0,0,1,1,5,6,1,19,4,125,1,2,YAMAHA GPD,3,E01016012,0,-1
2023430150559,2023,430150559,1,3,0,3,3,5,1,0,0,1,0,0,0,0,2,1,6,6,1,27,6,125,1,3,YAMAHA GPD,6,E01016204,0,-1
2023010465751,2023,010465751,1,3,0,99,99,9,9,99,99,9,9,99,9,99,1,1,2,2,1,38,7,125,1,3,YAMAHA GPD,3,E01002105,0,-1
2023010480020,2023,010480020,1,3,0,99,99,9,9,99,99,9,9,99,9,99,2,1,6,6,1,21,5,125,1,2,YAMAHA GPD,4,E01001241,0,-1
2023010429093,2023,010429093,1,3,0,99,99,9,9,99,99,9,9,99,9,99,1,1,1,1,1,26,6,125,1,2,YAMAHA GPD,1,E01003075,0,-1
2023471263977,2023,471263977,2,3,0,18,19,4,8,0,0,0,0,0,0,0,1,1,6,6,3,-1,-1,125,1,3,YAMAHA GPD,-1,-1,0,-1
2023010456572,2023,010456572,2,3,0,18,19,2,6,0,0,3,0,11,0,0,3,1,6,6,1,29,6,125,1,2,YAMAHA GPD,-1,-1,0,-1
2023010420466,2023,010420466,2,4,0,18,19,3,7,0,0,8,0,0,0,0,1,1,1,1,1,36,7,125,1,2,YAMAHA GPD,3,E01033464,0,-1
2023052300497,2023,052300497,2,3,0,18,19,5,1,0,0,0,0,0,0,0,4,1,6,6,1,40,7,125,1,1,YAMAHA GPD,1,E01006963,0,-1
2023010425290,2023,010425290,1,3,0,99,99,9,9,99,99,0,9,99,9,99,9,1,1,1,1,29,6,125,1,2,YAMAHA GPD,9,E01000765,0,-1
2023010438581,2023,010438581,1,3,0,99,99,9,9,99,99,9,9,99,9,99,1,1,6,6,1,20,4,125,1,4,YAMAHA GPD,2,E01002077,0,-1
2023010461698,2023,010461698,1,3,9,99,99,9,9,99,99,9,9,99,9,99,1,1,6,6,2,25,5,125,1,4,YAMAHA GPD,3,E01001177,0,-1
2023010432369,2023,010432369,2,3,0,15,15,1,5,2,2,5,0,0,0,0,3,1,6,6,1,23,5,125,1,2,YAMAHA GPD,2,E01002056,0,-1
2023010445741,2023,010445741,1,2,0,9,9,2,1,0,0,1,0,0,1,0,4,1,6,6,1,34,6,125,1,2,YAMAHA GPD,4,E01003494,0,-1
2023461306088,2023,461306088,2,3,0,4,4,3,7,0,0,1,0,0,0,0,3,1,6,6,2,38,7,125,1,2,YAMAHA GPD,4,E01024339,0,-1
2023010422779,2023,010422779,2,3,0,9,9,1,7,0,0,1,0,0,0,0,2,1,6,6,1,31,6,125,1,1,YAMAHA GPD,3,E01003916,0,-1
2023010442300,2023,010442300,1,3,0,99,99,9,9,99,99,9,9,99,9,99,9,1,6,6,1,34,6,125,1,1,YAMAHA GPD,8,E01004110,0,-1
2023010452467,2023,010452467,1,3,0,15,15,5,1,0,0,1,0,0,0,0,1,1,1,1,1,46,8,125,1,2,YAMAHA GPD,4,E01002001,0,-1
2023010432716,2023,010432716,1,3,9,99,99,9,9,99,99,9,9,99,9,99,1,1,6,6,1,34,6,125,1,1,YAMAHA GPD,1,E01000521,0,-1
2023010450461,2023,010450461,1,3,9,99,99,9,9,99,99,9,9,99,9,99,9,1,2,2,1,19,4,125,1,3,YAMAHA GPD,3,E01003549,0,-1
2023010430910,2023,010430910,2,3,0,9,9,5,3,0,0,0,0,0,0,0,1,1,1,1,1,33,6,125,1,2,YAMAHA GPD,5,E01002619,0,-1
2023010440980,2023,010440980,2,3,0,18,19,3,7,0,0,8,0,0,0,0,1,1,6,6,1,25,5,125,1,7,YAMAHA GPD,5,E01001852,0,-1
2023010479827,2023,010479827,2,4,0,99,99,9,9,99,99,9,9,99,9,99,1,1,6,6,3,-1,-1,125,1,0,YAMAHA GPD,-1,-1,0,-1
2023010428504,2023,010428504,1,3,0,18,19,1,5,0,0,0,0,4,0,0,1,1,6,6,2,30,6,125,1,1,YAMAHA GPD,6,E01003152,0,-1
2023010427553,2023,010427553,2,4,0,18,19,1,5,0,0,1,2,0,0,0,4,1,6,6,1,49,8,125,1,2,YAMAHA GPD,5,E01000146,0,-1
2023010484889,2023,010484889,2,3,0,4,4,5,1,0,0,1,0,0,7,0,0,1,2,2,1,31,6,125,1,2,YAMAHA GPD,7,E01004683,0,-1
2023010433599,2023,010433599,1,3,0,99,99,9,9,99,99,0,9,99,9,99,1,1,1,1,1,29,6,125,1,6,YAMAHA GPD,4,E01004366,0,-1
2023411372470,2023,411372470,2,3,0,13,13,-1,-1,0,0,0,0,0,0,0,1,1,1,1,1,25,5,125,1,5,YAMAHA GPD,4,E01000608,0,-1
2023010471937,2023,010471937,1,3,0,99,99,9,9,99,99,9,9,99,9,99,9,1,1,1,1,36,7,125,1,1,YAMAHA GPD,2,E01003432,0,-1
2023010429730,2023,010429730,1,3,0,99,99,9,9,99,99,9,9,99,9,99,9,1,1,1,2,20,4,125,1,2,YAMAHA GPD,2,E01001010,0,-1
2023010464952,2023,010464952,2,3,0,4,4,7,3,0,0,5,0,0,0,0,1,1,2,2,1,36,7,125,1,2,YAMAHA GPD,10,E01000652,0,-1
2023010421160,2023,010421160,1,3,0,99,99,9,9,99,99,0,9,99,9,99,9,1,6,6,1,32,6,125,1,3,YAMAHA GPD,3,E01000535,0,-1
2023010430201,2023,010430201,1,3,9,99,99,9,9,99,99,9,9,99,9,99,9,1,6,6,2,33,6,125,1,2,YAMAHA GPD,6,E01001527,0,-1
2023010456138,2023,010456138,2,3,0,99,99,9,9,99,99,9,9,99,9,99,1,1,6,6,1,-1,-1,125,1,2,YAMAHA GPD,-1,-1,0,-1
2023010449963,2023,010449963,2,3,0,18,19,2,6,5,5,1,0,0,0,0,1,1,6,6,1,34,6,125,1,2,YAMAHA GPD,2,E01003324,0,-1
2023010439273,2023,010439273,1,3,0,7,7,1,3,0,0,6,0,0,0,0,1,1,6,6,1,30,6,125,1,4,YAMAHA GPD,3,E01003533,0,-1
2023010460386,2023,010460386,1,3,9,99,99,9,9,99,99,9,9,99,9,99,2,1,1,1,1,28,6,125,1,2,YAMAHA GPD,5,E01004527,0,-1
2023010436505,2023,010436505,4,3,0,2,2,0,0,0,0,1,0,0,0,0,3,1,6,6,3,-1,-1,125,1,4,YAMAHA GPD,-1,-1,0,-1
2023451355801,2023,451355801,2,3,0,12,12,3,7,0,0,3,0,0,0,0,4,1,2,2,1,42,7,125,1,1,YAMAHA GPD,5,E01030982,0,-1
2023010441494,2023,010441494,1,3,0,99,99,9,9,99,99,9,9,99,9,99,1,1,6,6,2,26,6,125,1,3,YAMAHA GPD,2,E01001509,0,-1
2023471342451,2023,471342451,2,3,0,18,19,4,8,0,0,1,0,0,0,0,4,1,5,6,1,48,8,125,1,1,YAMAHA GPD,1,E01016880,0,-1
2023010445830,2023,010445830,1,3,9,99,99,9,9,99,99,9,9,99,9,99,9,1,2,2,1,21,5,125,1,0,YAMAHA GPD,2,E01003160,0,-1
2023010480633,2023,010480633,1,3,0,18,19,7,3,0,0,1,2,0,0,0,1,1,6,6,1,29,6,125,1,2,YAMAHA GPD,6,E01001251,0,-1
2023010462819,2023,010462819,1,3,0,9,9,1,7,0,0,8,0,0,0,0,0,1,2,2,1,22,5,125,1,2,YAMAHA GPD,3,E01000640,0,-1
2023010458891,2023,010458891,1,3,0,99,99,9,9,99,99,9,9,99,9,99,9,1,6,6,1,19,4,125,1,5,YAMAHA GPD,2,E01002031,0,-1
2023010486783,2023,010486783,1,3,0,99,99,9,9,0,0,9,9,99,9,0,9,1,6,6,3,23,5,125,1,4,YAMAHA GPD,3,E01003989,0,-1
2023010441688,2023,010441688,1,3,0,6,6,1,1,0,0,1,0,0,0,0,2,1,6,6,3,-1,-1,125,1,4,YAMAHA GPD,-1,-1,0,-1
2023010435100,2023,010435100,1,3,0,18,19,3,7,0,0,2,2,4,0,0,1,1,6,6,1,20,4,125,1,5,YAMAHA GPD,5,E01004753,0,-1
2023010458850,2023,010458850,1,3,0,99,99,9,9,99,99,9,9,99,9,99,1,1,1,1,1,22,5,125,1,0,YAMAHA GPD,3,E01002731,0,-1
2023010458621,2023,010458621,1,3,0,99,99,9,9,99,99,9,9,99,9,99,9,1,6,6,1,28,6,125,1,2,YAMAHA GPD,5,E01003340,0,-1
2023010449688,2023,010449688,1,3,0,7,7,4,6,0,0,1,0,0,0,0,4,1,6,6,1,19,4,125,1,2,YAMAHA GPD,2,E01000901,0,-1
2023010479317,2023,010479317,1,3,0,99,99,9,9,99,99,9,9,99,9,99,9,1,2,2,1,19,4,125,1,0,YAMAHA GPD,2,E01001980,0,-1
2023010469385,2023,010469385,2,3,0,18,19,5,1,0,0,0,0,0,0,0,1,1,6,6,1,19,4,125,1,4,YAMAHA GPD,1,E01000890,0,-1
2023010465617,2023,010465617,3,3,0,18,19,7,3,0,0,1,1,0,0,0,1,1,1,1,1,22,5,125,1,4,YAMAHA GPD,4,E01001230,0,-1
2023010454812,2023,010454812,1,3,0,99,99,9,9,99,99,9,9,99,9,99,1,1,6,6,1,34,6,125,1,3,YAMAHA GPD,1,E01032575,0,-1
2023010463059,2023,010463059,1,3,0,99,99,9,9,99,99,9,9,99,9,99,9,1,1,1,1,29,6,125,1,0,YAMAHA GPD,5,E01003083,0,-1
2023451370127,2023,451370127,1,3,0,15,15,6,2,0,0,8,0,0,0,0,1,1,1,1,1,21,5,125,1,0,YAMAHA GPD,9,E01030766,0,-1
2023010467044,2023,010467044,1,3,0,18,19,5,1,0,0,5,0,0,0,0,4,1,6,6,1,46,8,125,1,5,YAMAHA GPD,4,E01001182,0,-1
2023010446178,2023,010446178,1,3,0,99,99,9,9,99,99,9,9,99,9,99,1,1,6,6,1,36,7,125,1,2,YAMAHA GPD,6,E01003152,0,-1
2023010466177,2023,010466177,1,3,0,99,99,9,9,99,99,9,9,99,9,99,1,1,1,1,1,31,6,125,1,2,YAMAHA GPD,2,E01001014,0,-1
2023010421510,2023,010421510,2,3,0,18,19,5,1,0,0,0,0,0,0,0,1,1,6,6,2,36,7,125,1,2,YAMAHA GPD,5,E01000310,0,-1
2023010436245,2023,010436245,2,3,0,18,19,1,5,0,0,1,0,0,0,0,4,1,1,1,2,23,5,125,1,1,YAMAHA GPD,4,E01001396,0,-1
2023010476820,2023,010476820,1,3,0,99,99,9,9,99,99,9,9,99,9,99,1,1,6,6,1,42,7,125,1,0,YAMAHA GPD,3,E01000531,0,-1
2023010426838,2023,010426838,1,3,0,18,19,5,1,0,0,2,0,0,0,0,2,1,6,6,1,18,4,125,1,5,YAMAHA GPD,9,E01004638,0,-1
2023010466192,2023,010466192,2,3,0,99,99,9,9,99,99,9,9,99,9,99,1,1,6,6,1,-1,-1,125,1,6,YAMAHA GPD,4,E01004375,0,-1
2023010458405,2023,010458405,2,4,0,5,5,7,3,0,0,1,0,0,0,0,1,1,6,6,1,30,6,125,1,4,YAMAHA GPD,7,E01004683,0,-1
2023622300987,2023,622300987,1,2,0,18,19,2,6,0,0,0,1,0,0,0,4,1,1,1,1,40,7,125,1,0,YAMAHA GPD,2,W01001942,0,-1
2023010451135,2023,010451135,1,3,0,5,5,1,5,0,0,6,0,0,0,0,3,1,1,1,1,40,7,125,1,4,YAMAHA GPD,2,E01003729,0,-1
2023010461388,2023,010461388,1,3,0,3,3,1,5,0,0,3,0,0,0,0,0,1,6,6,1,36,7,125,1,0,YAMAHA GPD,5,E01003772,0,-1
2023010462889,2023,010462889,2,3,0,18,19,8,4,0,0,1,0,0,0,0,1,1,6,6,1,53,8,125,1,5,YAMAHA GPD,6,E01004581,0,-1
2023010465963,2023,010465963,1,3,0,99,99,9,9,99,99,0,9,99,9,99,2,1,1,1,1,32,6,125,1,1,YAMAHA GPD,3,E01000641,0,-1
2023010463212,2023,010463212,1,3,0,99,99,9,9,99,99,9,9,99,9,99,1,1,6,6,1,31,6,125,1,5,YAMAHA GPD,6,E01003394,0,-1
2023411364217,2023,411364217,2,3,-1,4,4,-1,-1,0,0,1,0,0,0,0,2,1,5,6,1,31,6,125,1,7,YAMAHA GPD,3,E01001981,0,-1
2023010438236,2023,010438236,2,3,0,13,13,5,1,0,0,5,0,0,0,0,3,1,6,6,1,28,6,125,1,3,YAMAHA GPD,3,E01000403,0,-1
2023010467440,2023,010467440,1,3,0,99,99,9,9,99,99,9,9,99,9,99,1,1,6,6,1,38,7,125,1,2,YAMAHA GPD,6,E01003107,0,-1
2023010485798,2023,010485798,4,3,0,2,2,0,0,0,0,0,0,0,0,0,4,1,6,6,3,-1,-1,125,1,1,YAMAHA GPD,-1,-1,0,-1
2023010457660,2023,010457660,1,3,0,99,99,9,9,99,99,9,9,99,9,99,9,1,1,1,3,37,7,125,1,4,YAMAHA GPD,2,E01033591,0,-1
2023010485311,2023,010485311,1,3,0,99,99,9,9,99,99,9,9,99,9,99,9,1,1,1,2,21,5,125,1,1,YAMAHA GPD,1,E01002026,0,-1
2023010423892,2023,010423892,1,3,0,9,9,4,2,0,0,2,9,0,0,0,1,1,6,6,1,-1,-1,125,1,2,YAMAHA GPD,3,E01002731,0,-1
2023010447994,2023,010447994,1,3,0,18,19,5,1,9,9,1,2,10,3,10,1,1,6,6,1,17,4,125,1,5,YAMAHA GPD,2,E01000544,0,-1
2023010434790,2023,010434790,2,3,0,11,11,6,2,0,0,1,2,0,0,0,2,1,1,1,1,39,7,125,1,2,YAMAHA GPD,3,E01003606,0,-1
2023010482366,2023,010482366,1,3,0,99,99,9,9,99,99,9,9,99,9,99,1,1,2,2,2,24,5,125,1,0,YAMAHA GPD,4,E01004617,0,-1
2023010425805,2023,010425805,1,3,0,99,99,9,9,99,99,9,9,99,9,99,1,1,1,1,1,45,7,125,1,2,YAMAHA GPD,3,E01015293,0,-1
2023010436832,2023,010436832,1,3,0,99,99,9,9,99,99,9,9,99,9,99,0,1,2,2,1,30,6,125,1,2,YAMAHA GPD,5,E01003411,0,-1
2023010439504,2023,010439504,1,3,0,3,3,3,7,0,0,1,0,0,0,0,2,1,6,6,1,32,6,125,1,0,YAMAHA GPD,7,E01004156,0,-1
2023010427319,2023,010427319,1,3,0,99,99,9,9,99,99,9,9,99,9,99,1,1,1,1,1,26,6,125,1,4,YAMAHA GPD,1,E01003048,0,-1
2023010432706,2023,010432706,1,3,9,99,99,9,9,99,99,9,9,99,9,99,9,1,2,2,2,27,6,125,1,2,YAMAHA GPD,2,E01001448,0,-1
2023010467943,2023,010467943,1,3,0,99,99,9,9,99,99,9,9,99,9,99,1,1,6,6,1,32,6,125,1,2,YAMAHA GPD,4,E01033579,0,-1
2023010468019,2023,010468019,1,3,0,18,19,1,5,0,0,1,5,0,0,0,1,1,2,2,1,22,5,125,1,2,YAMAHA GPD,2,E01000905,0,-1
2023010439840,2023,010439840,1,3,0,99,99,9,9,99,99,9,9,99,9,99,1,1,1,1,1,29,6,125,1,2,YAMAHA GPD,4,E01003513,0,-1
2023010442203,2023,010442203,1,3,0,99,99,9,9,99,99,0,9,99,9,99,4,9,2,2,1,20,4,125,1,3,YAMAHA GPD,1,E01003087,0,-1
2023010467518,2023,010467518,1,2,0,18,19,3,7,0,0,4,1,0,0,0,1,1,6,6,1,18,4,125,1,2,YAMAHA GPD,2,E01004398,0,-1
2023010422767,2023,010422767,2,3,0,18,19,5,1,0,0,2,0,0,0,0,2,1,1,1,1,34,6,125,1,3,YAMAHA GPD,3,E01004303,0,-1
2023010482386,2023,010482386,1,3,0,99,99,9,9,99,99,9,9,99,9,99,9,1,1,1,3,32,6,125,1,0,YAMAHA GPD,6,E01001496,0,-1
2023010444386,2023,010444386,1,3,0,99,99,9,9,99,99,0,9,99,9,99,1,1,6,6,1,26,6,125,1,2,YAMAHA GPD,1,E01003045,0,-1
2023010444237,2023,010444237,1,3,0,99,99,9,9,99,99,9,9,99,9,99,1,1,1,1,1,23,5,125,1,4,YAMAHA GPD,3,E01002048,0,-1
2023552301145,2023,552301145,2,3,0,10,10,6,2,0,0,5,0,0,0,0,2,1,6,6,1,38,7,125,1,1,YAMAHA GPD,3,E01015285,0,-1
2023411289561,2023,411289561,2,3,0,3,3,-1,-1,0,0,1,5,0,0,0,2,1,1,1,1,33,6,125,1,2,YAMAHA GPD,2,E01015779,0,-1
2023401344612,2023,401344612,2,2,0,18,19,5,1,0,0,0,0,0,0,0,3,1,6,6,1,24,5,125,1,7,YAMAHA GPD,2,E01001340,0,-1
2023010435428,2023,010435428,2,3,0,18,19,7,3,0,0,0,5,0,0,0,1,1,1,1,1,25,5,125,1,6,YAMAHA GPD,4,E01003608,0,-1
2023010482341,2023,010482341,1,3,0,99,99,9,9,99,99,9,9,99,9,99,1,1,1,1,1,36,7,125,1,5,YAMAHA GPD,7,E01000275,0,-1
2023010470337,2023,010470337,1,3,9,99,99,9,9,99,99,9,9,99,9,99,1,1,1,1,2,29,6,125,1,3,YAMAHA GPD,5,E01004564,0,-1