collision_index,collision_year,collision_ref_no,vehicle_reference,vehicle_type,towing_and_articulation,vehicle_manoeuvre_historic,vehicle_manoeuvre,vehicle_direction_from,vehicle_direction_to,vehicle_location_restricted_lane_historic,vehicle_location_restricted_lane,junction_location,skidding_and_overturning,hit_object_in_carriageway,vehicle_leaving_carriageway,hit_object_off_carriageway,first_point_of_impact,vehicle_left_hand_drive,journey_purpose_of_driver_historic,journey_purpose_of_driver,sex_of_driver,age_of_driver,age_band_of_driver,engine_capacity_cc,propulsion_code,age_of_vehicle,generic_make_model,driver_imd_decile,lsoa_of_driver,escooter_flag,driver_distance_banding
2023010442377,2023,010442377,1,3,0,99,99,9,9,99,99,9,9,99,9,99,1,1,6,6,1,34,6,125,1,5,YAMAHA GPD,5,E01000505,0,-1
2023010433899,2023,010433899,1,3,0,99,99,9,9,99,99,0,9,99,9,99,9,1,1,1,2,42,7,125,1,2,YAMAHA GPD,5,E01004517,0,-1
2023010443442,2023,010443442,1,3,0,99,99,9,9,99,99,9,9,99,9,99,1,1,6,6,1,29,6,125,1,3,YAMAHA GPD,3,E01000973,0,-1
2023010460411,2023,010460411,2,3,0,5,5,7,3,0,0,6,0,0,0,0,1,1,6,6,1,18,4,125,1,3,YAMAHA GPD,-1,-1,0,-1
2023010435277,2023,010435277,1,3,0,13,13,5,1,0,0,1,0,0,0,0,0,1,1,1,1,42,7,125,1,2,YAMAHA GPD,2,E01003024,0,-1
2023010445442,2023,010445442,2,3,0,18,19,6,2,0,0,0,0,0,0,0,1,1,6,6,1,29,6,125,1,7,YAMAHA GPD,2,E01003373,0,-1
2023010449385,2023,010449385,1,3,0,99,99,9,9,99,99,9,9,99,9,99,1,1,6,6,1,35,6,125,1,0,YAMAHA GPD,6,E01004146,0,-1
2023010481227,2023,010481227,1,3,0,99,99,9,9,99,99,9,9,99,9,99,1,1,1,1,1,28,6,125,1,6,YAMAHA GPD,2,E01003551,0,-1
2023010455550,2023,010455550,1,3,0,18,19,1,5,0,0,1,0,11,0,0,1,1,1,1,1,27,6,125,1,0,YAMAHA GPD,4,E01000780,0,-1
2023010459853,2023,010459853,1,3,9,99,99,9,9,99,99,9,9,99,9,99,9,1,2,2,1,32,6,125,1,0,YAMAHA GPD,7,E01021344,0,-1
2023010465948,2023,010465948,1,3,0,99,99,9,9,99,99,9,9,99,9,99,9,1,1,1,1,33,6,125,1,4,YAMAHA GPD,5,E01001652,0,-1
2023010436328,2023,010436328,1,3,0,99,99,9,9,99,99,9,9,99,9,99,1,1,1,1,2,39,7,125,1,1,YAMAHA GPD,5,E01023537,0,-1
2023010454596,2023,010454596,1,3,0,99,99,9,9,99,99,9,9,99,9,99,1,1,6,6,1,20,4,125,1,2,YAMAHA GPD,1,E01002071,0,-1
2023010472689,2023,010472689,2,3,0,13,13,6,2,0,0,1,0,0,0,0,4,1,1,1,1,25,5,125,1,1,YAMAHA GPD,-1,-1,0,-1
2023010466984,2023,010466984,1,3,0,99,99,9,9,99,99,9,9,99,9,99,9,1,2,2,1,31,6,125,1,1,YAMAHA GPD,4,E01003148,0,-1
2023430559494,2023,430559494,1,3,0,13,13,3,7,0,0,0,0,0,0,0,4,1,2,2,1,32,6,125,1,0,YAMAHA GPD,4,E01017904,0,-1
2023010434786,2023,010434786,1,3,0,99,99,9,9,99,99,9,9,99,9,99,1,1,6,6,3,35,6,125,1,1,YAMAHA GPD,2,E01003338,0,-1
2023010444539,2023,010444539,1,3,0,99,99,9,9,99,99,0,9,99,9,99,1,1,2,2,1,31,6,125,1,6,YAMAHA GPD,2,E01001555,0,-1
2023501318085,2023,501318085,2,3,0,18,19,6,5,2,2,0,2,0,0,0,3,1,2,2,1,44,7,125,1,5,YAMAHA GPD,1,E01015155,0,-1
2023010476022,2023,010476022,1,3,0,18,19,1,5,0,0,2,0,0,0,0,1,1,6,6,1,32,6,125,1,2,YAMAHA GPD,-1,-1,0,-1
2023010433339,2023,010433339,2,3,0,7,7,5,8,0,0,6,0,0,0,0,1,1,1,1,1,34,6,125,1,1,YAMAHA GPD,2,E01003502,0,-1
2023010475793,2023,010475793,2,3,0,18,19,7,3,0,0,1,1,0,0,0,1,1,6,6,1,20,4,125,1,3,YAMAHA GPD,2,E01002316,0,-1
2023010445952,2023,010445952,1,3,9,99,99,9,9,99,99,9,9,99,9,99,9,1,6,6,1,28,6,125,1,2,YAMAHA GPD,8,E01000311,0,-1
2023010471479,2023,010471479,1,3,0,99,99,9,9,99,99,9,9,99,9,99,9,1,2,2,3,36,7,125,1,2,YAMAHA GPD,5,E01004517,0,-1
2023010442420,2023,010442420,1,4,0,99,99,9,9,99,99,9,9,99,9,99,1,1,6,6,1,34,6,125,1,6,YAMAHA GPD,2,E01002076,0,-1
2023010468855,2023,010468855,2,3,0,9,9,1,6,0,0,1,0,0,0,0,3,1,6,6,1,19,4,125,1,0,YAMAHA GPD,6,E01003840,0,-1
2023010425227,2023,010425227,1,3,0,18,19,1,5,0,0,2,0,0,0,0,1,1,1,1,1,25,5,125,1,2,YAMAHA GPD,4,E01003090,0,-1
2023010443150,2023,010443150,2,4,0,13,13,5,1,0,0,8,0,0,0,0,1,1,2,2,1,53,8,125,1,0,YAMAHA GPD,8,E01000399,0,-1
2023010473543,2023,010473543,1,3,0,99,99,9,9,99,99,9,9,99,9,99,2,1,1,1,1,22,5,125,1,1,YAMAHA GPD,2,E01004067,0,-1
2023010453948,2023,010453948,1,2,0,18,19,7,3,0,0,6,1,0,0,0,1,1,1,1,2,25,5,125,1,3,YAMAHA GPD,2,E01003120,0,-1
2023010473199,2023,010473199,1,3,0,5,5,3,7,0,0,1,0,0,0,0,1,1,6,6,1,24,5,125,1,6,YAMAHA GPD,-1,-1,0,-1
2023010458223,2023,010458223,1,3,0,99,99,9,9,99,99,9,9,99,9,99,9,1,1,1,1,35,6,125,1,5,YAMAHA GPD,2,E01002314,0,-1
2023010449048,2023,010449048,1,3,0,99,99,9,9,99,99,9,9,99,9,99,2,1,2,2,1,29,6,125,1,3,YAMAHA GPD,4,E01004366,0,-1
2023552301431,2023,552301431,1,4,0,9,9,2,8,0,0,5,0,0,0,0,4,1,1,1,1,24,5,125,1,0,YAMAHA GPD,4,E01015327,0,-1
2023010451732,2023,010451732,1,3,9,99,99,9,9,99,99,9,9,99,9,99,9,1,1,1,2,28,6,125,1,4,YAMAHA GPD,4,E01002042,0,-1
2023010462477,2023,010462477,1,3,0,99,99,9,9,99,99,9,9,99,9,99,9,1,6,6,3,28,6,125,1,1,YAMAHA GPD,2,E01000152,0,-1
2023461263657,2023,461263657,2,3,0,14,14,8,4,0,0,0,0,0,0,0,4,1,6,6,1,19,4,125,1,6,YAMAHA GPD,6,E01024130,0,-1
2023430281251,2023,430281251,2,3,0,4,4,5,1,0,0,3,0,0,0,0,1,1,6,6,1,-1,-1,125,1,0,YAMAHA GPD,-1,-1,0,-1
2023010463170,2023,010463170,1,3,0,99,99,9,9,99,99,9,9,99,9,99,9,1,6,6,1,30,6,125,1,0,YAMAHA GPD,1,E01002095,0,-1
2023010449756,2023,010449756,2,3,0,9,9,3,1,0,0,1,0,0,0,0,4,1,6,6,3,-1,-1,125,1,0,YAMAHA GPD,-1,-1,0,-1
2023440303542,2023,440303542,2,3,0,18,19,8,4,0,0,1,0,0,0,0,1,1,2,2,1,24,5,125,1,2,YAMAHA GPD,3,E01017266,0,-1
2023010455720,2023,010455720,1,3,0,13,13,5,1,0,0,1,0,0,0,0,2,1,1,1,2,30,6,125,1,3,YAMAHA GPD,3,E01003113,0,-1
2023010433745,2023,010433745,2,3,0,18,19,8,4,0,0,1,0,0,0,0,1,1,1,1,1,24,5,125,1,1,YAMAHA GPD,6,E01003378,0,-1
2023010482026,2023,010482026,1,3,0,99,99,9,9,99,99,9,9,99,9,99,9,1,1,1,1,34,6,125,1,2,YAMAHA GPD,5,E01000747,0,-1
2023010431174,2023,010431174,1,3,0,99,99,9,9,99,99,9,9,99,9,99,1,1,6,6,1,36,7,125,1,2,YAMAHA GPD,5,E01000636,0,-1
2023010444790,2023,010444790,1,3,0,99,99,9,9,99,99,9,9,99,9,99,1,1,2,2,1,25,5,125,1,0,YAMAHA GPD,2,E01003160,0,-1
2023010432134,2023,010432134,1,3,0,99,99,9,9,99,99,9,9,99,9,99,9,9,6,6,1,35,6,125,1,2,YAMAHA GPD,6,E01001289,0,-1
2023302300470,2023,302300470,2,3,0,4,4,4,8,0,0,1,0,0,0,0,1,1,6,6,1,35,6,125,1,0,YAMAHA GPD,3,E01019515,0,-1
2023010442515,2023,010442515,1,3,0,99,99,9,9,99,99,9,9,99,9,99,1,1,1,1,1,29,6,125,1,0,YAMAHA GPD,5,E01003083,0,-1
2023010433691,2023,010433691,1,3,0,18,19,1,5,0,0,1,0,0,0,0,1,1,6,6,2,28,6,125,1,3,YAMAHA GPD,2,E01001448,0,-1
2023010462642,2023,010462642,1,3,0,99,99,9,9,99,99,9,9,99,9,99,1,1,6,6,1,32,6,125,1,4,YAMAHA GPD,6,E01003226,0,-1
2023461318954,2023,461318954,2,4,0,3,3,3,7,0,0,1,0,0,0,0,2,1,6,6,2,33,6,125,1,2,YAMAHA GPD,4,E01030383,0,-1
2023430110058,2023,430110058,1,3,0,18,19,6,2,0,0,8,0,0,0,0,4,1,1,1,1,47,8,125,1,0,YAMAHA GPD,8,E01017770,0,-1
2023010423015,2023,010423015,1,3,9,99,99,9,9,99,99,9,9,99,9,99,9,1,6,6,1,27,6,125,1,2,YAMAHA GPD,5,E01021443,0,-1
2023010440590,2023,010440590,1,3,0,15,15,5,1,0,0,0,0,0,0,0,1,1,2,2,1,40,7,125,1,7,YAMAHA GPD,2,E01001337,0,-1
2023052302532,2023,052302532,2,3,0,4,4,6,3,0,0,0,0,0,0,0,1,1,6,6,1,29,6,125,1,3,YAMAHA GPD,3,E01006671,0,-1
2023010445668,2023,010445668,2,3,0,18,19,7,3,0,0,5,0,0,0,0,1,1,6,6,1,59,9,125,1,3,YAMAHA GPD,3,E01001446,0,-1
2023522300952,2023,522300952,1,3,0,18,19,5,1,0,0,0,0,0,0,0,4,1,6,6,1,31,6,125,1,7,YAMAHA GPD,3,E01014569,0,-1
2023010423369,2023,010423369,2,3,0,18,19,6,2,0,0,1,0,0,0,0,3,1,6,6,1,25,5,125,1,1,YAMAHA GPD,5,E01001086,0,-1
2023010482020,2023,010482020,1,3,0,99,99,9,9,99,99,9,9,99,9,99,9,1,2,2,1,35,6,125,1,0,YAMAHA GPD,1,E01002095,0,-1
2023010439961,2023,010439961,1,3,0,99,99,9,9,99,99,9,9,99,9,99,1,1,1,1,2,23,5,125,1,1,YAMAHA GPD,7,E01001411,0,-1
2023010432926,2023,010432926,1,3,0,18,19,5,1,0,0,1,0,0,0,0,0,1,6,6,1,22,5,125,1,3,YAMAHA GPD,3,E01002862,0,-1
2023010460549,2023,010460549,1,3,0,99,99,9,9,99,99,9,9,99,9,99,2,1,1,1,1,29,6,125,1,2,YAMAHA GPD,7,E01001534,0,-1
2023010460906,2023,010460906,1,3,0,99,99,9,9,99,99,9,9,99,9,99,1,1,6,6,1,31,6,125,1,0,YAMAHA GPD,3,E01001440,0,-1
2023010456341,2023,010456341,1,3,0,99,99,9,9,99,99,9,9,99,9,99,1,1,6,6,1,19,4,125,1,6,YAMAHA GPD,2,E01033148,0,-1
2023010441737,2023,010441737,2,3,0,18,19,7,3,7,6,2,0,0,0,0,1,1,6,6,2,27,6,125,1,8,YAMAHA GPD,1,E01002037,0,-1
2023010472247,2023,010472247,1,3,0,99,99,9,9,99,99,9,9,99,9,99,9,1,6,6,1,36,7,125,1,1,YAMAHA GPD,3,E01004367,0,-1
2023451309482,2023,451309482,2,3,0,18,19,7,3,9,9,1,0,0,0,0,3,1,1,1,1,29,6,125,1,2,YAMAHA GPD,8,E01030359,0,-1
2023010423288,2023,010423288,1,3,0,18,19,7,3,0,0,1,0,7,0,0,1,1,6,6,1,21,5,125,1,2,YAMAHA GPD,3,E01003989,0,-1
2023010452603,2023,010452603,1,3,0,99,99,9,9,99,99,9,9,99,9,99,1,1,1,1,1,35,6,125,1,3,YAMAHA GPD,7,E01003270,0,-1
2023010446138,2023,010446138,1,3,0,99,99,9,9,99,99,9,9,99,9,99,1,1,2,2,1,33,6,125,1,3,YAMAHA GPD,3,E01000082,0,-1
2023010483732,2023,010483732,1,3,0,99,99,9,9,99,99,9,9,99,9,99,9,1,2,2,3,33,6,125,1,8,YAMAHA GPD,5,E01003083,0,-1
2023461274096,2023,461274096,2,3,0,3,3,3,7,0,0,0,0,0,0,0,1,1,6,6,1,39,7,125,1,5,YAMAHA GPD,4,E01024090,0,-1
2023010484293,2023,010484293,1,3,0,99,99,9,9,99,99,9,9,99,9,99,1,1,1,1,1,20,4,125,1,2,YAMAHA GPD,2,E01000045,0,-1
2023010471874,2023,010471874,1,3,0,99,99,9,9,99,99,9,9,99,9,99,9,1,6,6,3,41,7,125,1,2,YAMAHA GPD,6,E01001952,0,-1
2023010483058,2023,010483058,2,3,0,17,19,5,1,1,1,1,0,0,0,0,1,1,6,6,1,21,5,125,1,4,YAMAHA GPD,3,E01004333,0,-1
2023010484957,2023,010484957,1,3,0,99,99,9,9,99,99,9,9,99,9,99,9,1,6,6,1,24,5,125,1,0,YAMAHA GPD,2,E01001437,0,-1
2023010444930,2023,010444930,1,3,0,99,99,9,9,99,99,9,9,99,9,99,1,1,6,6,1,24,5,125,1,1,YAMAHA GPD,4,E01002603,0,-1
2023010485936,2023,010485936,2,3,0,18,19,5,1,0,0,8,2,0,0,0,1,1,6,6,1,24,5,125,1,0,YAMAHA GPD,4,E01003106,0,-1
2023411339490,2023,411339490,1,3,0,18,19,5,1,0,0,-1,0,0,0,0,-1,1,6,6,1,27,6,125,1,2,YAMAHA GPD,1,E01002041,0,-1
2023161323121,2023,161323121,2,4,0,18,19,1,5,0,0,8,0,0,0,0,3,1,6,6,1,-1,-1,125,1,6,YAMAHA GPD,1,E01012894,0,-1
2023010433330,2023,010433330,1,3,0,99,99,9,9,99,99,9,9,99,9,99,1,1,6,6,1,21,5,125,1,2,YAMAHA GPD,3,E01001117,0,-1
2023010447763,2023,010447763,1,3,0,99,99,9,9,99,99,9,9,99,9,99,1,1,6,6,1,20,4,125,1,7,YAMAHA GPD,3,E01001504,0,-1
2023522300915,2023,522300915,2,3,0,18,19,8,4,0,0,8,0,0,0,0,1,1,6,6,1,22,5,125,1,1,YAMAHA GPD,1,E01014655,0,-1
2023010482819,2023,010482819,2,3,0,5,5,1,5,0,0,1,0,0,0,0,1,1,1,1,1,43,7,125,1,1,YAMAHA GPD,3,E01002808,0,-1
2023010443000,2023,010443000,1,3,9,99,99,9,9,99,99,9,9,99,9,99,9,1,6,6,1,33,6,125,1,2,YAMAHA GPD,2,E01003086,0,-1
2023010448955,2023,010448955,1,3,0,99,99,9,9,99,99,9,9,99,9,99,2,1,6,6,1,21,5,125,1,6,YAMAHA GPD,6,E01001964,0,-1
2023010473980,2023,010473980,1,3,0,99,99,9,9,99,99,9,9,99,9,99,1,1,1,1,1,39,7,125,1,0,YAMAHA GPD,2,E01033591,0,-1
2023010427049,2023,010427049,1,3,0,99,99,9,9,99,99,9,9,99,9,99,2,1,1,1,1,26,6,125,1,3,YAMAHA GPD,3,E01003589,0,-1
2023010466845,2023,010466845,1,3,0,18,19,7,3,0,0,8,0,0,0,0,1,1,6,6,1,26,6,125,1,5,YAMAHA GPD,5,E01000174,0,-1
2023010467796,2023,010467796,1,3,0,13,13,4,8,0,0,0,0,0,0,0,4,1,1,1,2,29,6,125,1,1,YAMAHA GPD,4,E01003450,0,-1
2023010476848,2023,010476848,1,3,0,99,99,9,9,99,99,9,9,99,9,99,1,1,1,1,2,-1,-1,125,1,2,YAMAHA GPD,5,E01000488,0,-1
2023010462552,2023,010462552,1,3,0,18,19,5,1,0,0,8,0,0,0,0,1,1,6,6,1,24,5,125,1,0,YAMAHA GPD,3,E01000130,0,-1
2023010449431,2023,010449431,1,4,0,99,99,9,9,99,99,0,9,99,9,99,2,1,1,1,1,24,5,125,1,7,YAMAHA GPD,3,E01001076,0,-1
2023010455298,2023,010455298,1,3,0,99,99,9,9,99,99,9,9,99,9,99,1,1,6,6,1,21,5,125,1,0,YAMAHA GPD,2,E01002077,0,-1
2023010421440,2023,010421440,1,3,0,99,99,9,9,99,99,9,9,99,9,99,2,1,6,6,1,26,6,125,1,4,YAMAHA GPD,3,E01002756,0,-1
2023010466128,2023,010466128,1,3,0,6,6,5,5,0,0,9,9,99,9,99,1,1,6,6,1,36,7,125,1,0,YAMAHA GPD,2,E01004725,0,-1
2023010429496,2023,010429496,1,3,0,99,99,9,9,99,99,9,9,99,9,99,1,1,6,6,1,21,5,125,1,5,YAMAHA GPD,4,E01001087,0,-1
2023010445240,2023,010445240,1,3,0,99,99,9,9,99,99,9,9,99,9,99,1,1,6,6,1,32,6,125,1,6,YAMAHA GPD,1,E01002093,0,-1
2023010471980,2023,010471980,2,3,0,16,19,3,7,0,0,0,0,0,0,0,2,1,6,6,1,26,6,125,1,0,YAMAHA GPD,4,E01002704,0,-1
2023010457339,2023,010457339,1,3,9,99,99,9,9,99,99,9,9,99,9,99,1,1,6,6,1,39,7,125,1,2,YAMAHA GPD,5,E01003134,0,-1
2023010448863,2023,010448863,1,4,0,18,19,5,1,0,0,1,1,0,0,0,4,1,6,6,1,21,5,125,1,2,YAMAHA GPD,5,E01030815,0,-1
2023010480057,2023,010480057,1,3,0,99,99,9,9,99,99,9,9,99,9,99,2,1,1,1,1,30,6,125,1,8,YAMAHA GPD,1,E01003048,0,-1
2023010438044,2023,010438044,2,3,0,13,13,6,2,0,0,1,5,0,0,0,1,1,1,1,1,33,6,125,1,5,YAMAHA GPD,4,E01000995,0,-1
2023010468486,2023,010468486,2,3,0,18,19,1,5,0,0,0,0,0,0,0,1,1,6,6,1,32,6,125,1,2,YAMAHA GPD,2,E01003553,0,-1
2023461263849,2023,461263849,1,3,0,5,5,1,5,0,0,0,0,0,0,0,1,1,6,6,1,19,4,125,1,2,YAMAHA GPD,7,E01024637,0,-1
2023010441078,2023,010441078,1,3,0,99,99,9,9,0,0,9,0,99,0,0,9,1,2,2,1,37,7,125,1,8,YAMAHA GPD,7,E01019973,0,-1
2023010481371,2023,010481371,1,3,0,99,99,9,9,99,99,9,9,99,9,99,9,1,2,2,1,39,7,125,1,3,YAMAHA GPD,1,E01000595,0,-1
2023010432053,2023,010432053,2,3,0,18,19,5,1,0,0,8,0,0,0,0,3,1,6,6,1,28,6,125,1,2,YAMAHA GPD,3,E01003586,0,-1
2023010483982,2023,010483982,1,3,0,99,99,9,9,99,99,9,9,99,9,99,9,1,6,6,1,33,6,125,1,2,YAMAHA GPD,6,E01003752,0,-1
2023010451394,2023,010451394,2,4,0,16,19,5,1,0,0,7,1,0,0,0,4,1,1,1,1,21,5,125,1,3,YAMAHA GPD,3,E01003101,0,-1
2023010478197,2023,010478197,1,3,0,18,19,3,7,0,0,1,5,0,0,0,1,1,1,1,1,32,6,125,1,6,YAMAHA GPD,3,E01000510,0,-1
2023231395080,2023,231395080,1,3,0,16,19,7,1,0,0,8,1,0,0,0,1,1,6,6,1,30,6,125,1,3,YAMAHA GPD,1,E01031090,0,-1
2023010446351,2023,010446351,1,3,0,15,15,1,5,0,0,1,2,0,0,0,1,1,1,1,1,33,6,125,1,2,YAMAHA GPD,3,E01000578,0,-1
2023010479890,2023,010479890,1,3,0,99,99,9,9,99,99,9,9,99,9,99,9,1,1,1,3,18,4,125,1,7,YAMAHA GPD,1,E01003087,0,-1
2023010423779,2023,010423779,1,3,0,99,99,9,9,99,99,9,9,99,9,99,1,1,6,6,1,25,5,125,1,5,YAMAHA GPD,2,E01004211,0,-1
2023010455095,2023,010455095,2,3,0,15,15,1,5,0,0,1,0,0,0,0,3,1,6,6,2,24,5,125,1,0,YAMAHA GPD,2,E01001082,0,-1
2023010474096,2023,010474096,1,3,0,99,99,9,9,99,99,9,9,99,9,99,9,1,6,6,1,36,7,125,1,1,YAMAHA GPD,4,E01003784,0,-1
2023010476404,2023,010476404,2,3,0,18,19,5,1,0,0,8,5,0,0,0,1,1,6,6,1,27,6,125,1,1,YAMAHA GPD,2,E01003321,0,-1
2023010422303,2023,010422303,1,3,0,18,19,1,5,0,0,0,0,0,0,0,1,1,1,1,2,41,7,125,1,2,YAMAHA GPD,7,E01003817,0,-1
2023010471595,2023,010471595,2,3,0,13,13,3,7,0,0,1,0,0,0,0,1,1,6,6,1,32,6,125,1,2,YAMAHA GPD,3,E01000872,0,-1
2023010437364,2023,010437364,1,3,0,99,99,9,9,99,99,9,9,99,9,99,1,1,2,2,1,23,5,125,1,1,YAMAHA GPD,2,E01000021,0,-1
2023010479099,2023,010479099,1,3,0,99,99,9,9,99,99,0,9,99,9,99,1,1,2,2,2,40,7,125,1,3,YAMAHA GPD,5,E01000996,0,-1
2023010456205,2023,010456205,1,3,0,3,3,8,4,0,0,0,0,0,0,0,2,1,1,1,1,33,6,125,1,2,YAMAHA GPD,-1,-1,0,-1
2023010446452,2023,010446452,2,3,0,18,19,5,1,0,0,4,0,0,0,0,1,1,1,1,1,34,6,125,1,7,YAMAHA GPD,3,E01003293,0,-1
2023010474286,2023,010474286,1,3,0,99,99,9,9,99,99,9,9,99,9,99,1,1,6,6,2,25,5,125,1,0,YAMAHA GPD,5,E01003435,0,-1
2023451381039,2023,451381039,1,3,0,3,3,1,5,0,0,8,5,0,0,0,1,1,6,6,1,32,6,125,1,1,YAMAHA GPD,5,E01004624,0,-1
2023010444624,2023,010444624,1,3,0,99,99,9,9,99,99,9,9,99,9,99,1,1,6,6,1,20,4,125,1,1,YAMAHA GPD,3,E01003177,0,-1
2023010428715,2023,010428715,1,3,0,99,99,9,9,99,99,9,9,99,9,99,1,1,6,6,1,21,5,125,1,6,YAMAHA GPD,1,E01002073,0,-1
2023440052570,2023,440052570,2,3,0,4,4,8,4,0,0,0,0,0,0,0,2,1,1,1,1,23,5,125,1,5,YAMAHA GPD,3,E01017227,0,-1
2023010474213,2023,010474213,1,3,0,18,19,4,8,0,0,0,0,0,0,0,4,1,2,2,1,45,7,125,1,3,YAMAHA GPD,8,E01002148,0,-1
2023010458250,2023,010458250,1,3,0,13,13,3,7,0,0,1,0,0,7,0,1,1,6,6,1,20,4,125,1,6,YAMAHA GPD,2,E01000931,0,-1
2023010468261,2023,010468261,1,3,0,99,99,9,9,99,99,0,9,99,9,99,1,1,6,6,1,30,6,125,1,0,YAMAHA GPD,6,E01000726,0,-1
2023010469950,2023,010469950,1,3,9,99,99,9,9,99,99,9,9,99,9,99,9,1,6,6,2,-1,-1,125,1,0,YAMAHA GPD,-1,-1,0,-1
2023010448128,2023,010448128,1,2,0,18,19,1,5,0,0,1,0,0,0,0,1,1,6,6,1,25,5,125,1,2,YAMAHA GPD,3,E01002772,0,-1
202360A003555,2023,60A003555,2,3,0,9,9,7,4,0,0,6,0,0,0,0,4,1,6,6,1,22,5,125,1,4,YAMAHA GPD,-1,-1,0,-1
2023010442555,2023,010442555,1,3,0,99,99,9,9,99,99,9,9,99,9,99,1,1,6,6,3,32,6,125,1,1,YAMAHA GPD,5,E01003435,0,-1
2023010463716,2023,010463716,2,3,0,99,99,9,9,99,99,9,9,99,9,99,1,9,6,6,3,-1,-1,125,1,3,YAMAHA GPD,5,E01001960,0,-1
2023010439186,2023,010439186,1,3,0,99,99,9,9,99,99,9,9,99,9,99,1,1,2,2,1,25,5,125,1,5,YAMAHA GPD,3,E01001449,0,-1
2023010452029,2023,010452029,1,3,0,18,19,5,1,0,0,0,0,0,0,0,2,1,6,6,1,36,7,125,1,4,YAMAHA GPD,3,E01003579,0,-1
2023010431318,2023,010431318,1,3,0,99,99,9,9,99,99,9,9,99,9,99,2,1,6,6,2,32,6,125,1,0,YAMAHA GPD,3,E01003439,0,-1
2023430440562,2023,430440562,2,3,0,18,19,7,3,0,0,8,0,0,0,0,1,1,1,1,1,36,7,125,1,0,YAMAHA GPD,4,E01017905,0,-1
2023010436529,2023,010436529,2,3,0,10,10,1,6,0,0,1,0,0,0,0,0,1,6,6,1,28,6,125,1,1,YAMAHA GPD,1,E01001944,0,-1
2023010450310,2023,010450310,1,3,0,18,19,1,5,0,0,8,0,0,0,0,2,1,6,6,3,-1,-1,125,1,8,YAMAHA GPD,6,E01002140,0,-1
2023010456668,2023,010456668,1,3,0,99,99,9,9,99,99,9,9,99,9,99,1,1,6,6,1,33,6,125,1,4,YAMAHA GPD,1,E01002099,0,-1
2023451354112,2023,451354112,1,3,0,4,4,1,3,0,0,8,0,0,0,0,0,1,2,2,1,24,5,125,1,3,YAMAHA GPD,6,E01001083,0,-1
2023010457830,2023,010457830,1,3,9,99,99,9,9,99,99,0,9,99,9,99,9,1,6,6,1,24,5,125,1,5,YAMAHA GPD,2,E01000533,0,-1
2023010425681,2023,010425681,1,3,0,14,14,5,1,0,0,8,0,0,0,0,1,1,2,2,1,30,6,125,1,2,YAMAHA GPD,6,E01001160,0,-1
2023010476475,2023,010476475,1,3,0,99,99,9,9,99,99,9,9,99,9,99,9,1,2,2,1,36,7,125,1,7,YAMAHA GPD,2,E01002076,0,-1
2023010485848,2023,010485848,2,3,0,18,19,1,5,0,0,0,1,0,0,0,1,1,6,6,2,26,6,125,1,4,YAMAHA GPD,3,E01004391,0,-1
2023010451453,2023,010451453,1,3,0,99,99,9,9,99,99,9,9,99,9,99,9,1,1,1,1,22,5,125,1,0,YAMAHA GPD,5,E01000211,0,-1
2023010436977,2023,010436977,1,3,0,99,99,9,9,99,99,9,9,99,9,99,1,1,6,6,1,22,5,125,1,4,YAMAHA GPD,1,E01002040,0,-1
2023010476188,2023,010476188,1,3,0,99,99,9,9,99,99,9,9,99,9,99,1,1,1,1,1,25,5,125,1,1,YAMAHA GPD,3,E01000641,0,-1
2023522300939,2023,522300939,1,3,0,9,9,2,8,0,0,5,0,0,0,0,2,1,6,6,1,30,6,125,1,2,YAMAHA GPD,1,E01033356,0,-1
2023010448080,2023,010448080,2,3,0,5,5,1,5,0,0,5,0,0,0,0,1,1,6,6,3,-1,-1,125,1,2,YAMAHA GPD,-1,-1,0,-1
2023010422201,2023,010422201,1,3,0,3,3,5,1,0,0,8,9,0,0,0,3,1,6,6,2,34,6,125,1,5,YAMAHA GPD,8,E01004131,0,-1
2023010421496,2023,010421496,1,3,0,99,99,9,9,99,99,9,9,99,9,99,1,1,6,6,2,32,6,125,1,4,YAMAHA GPD,1,E01002093,0,-1
2023351305825,2023,351305825,1,3,0,14,14,7,3,0,0,0,0,0,0,0,1,1,1,1,1,22,5,125,1,2,YAMAHA GPD,-1,-1,0,-1
2023522301492,2023,522301492,2,9,0,18,19,6,2,0,0,0,0,0,0,0,3,1,6,6,1,46,8,1995,2,4,BMW 3 SERIES,8,E01032672,0,-1
2023201284902,2023,201284902,2,9,0,7,7,4,6,0,0,7,0,0,0,0,1,1,1,1,1,39,7,1995,2,14,BMW 3 SERIES,4,E01032440,0,-1
202363B023723,2023,63B023723,2,9,0,4,4,2,6,0,0,0,0,0,0,0,2,1,2,2,2,46,8,1995,2,15,BMW 3 SERIES,6,W01000473,0,-1
2023010456395,2023,010456395,1,9,9,99,99,9,9,99,99,9,9,99,9,99,9,9,6,6,3,-1,-1,1995,2,4,BMW 3 SERIES,-1,-1,0,-1