collision_index,collision_year,collision_ref_no,vehicle_reference,vehicle_type,towing_and_articulation,vehicle_manoeuvre_historic,vehicle_manoeuvre,vehicle_direction_from,vehicle_direction_to,vehicle_location_restricted_lane_historic,vehicle_location_restricted_lane,junction_location,skidding_and_overturning,hit_object_in_carriageway,vehicle_leaving_carriageway,hit_object_off_carriageway,first_point_of_impact,vehicle_left_hand_drive,journey_purpose_of_driver_historic,journey_purpose_of_driver,sex_of_driver,age_of_driver,age_band_of_driver,engine_capacity_cc,propulsion_code,age_of_vehicle,generic_make_model,driver_imd_decile,lsoa_of_driver,escooter_flag,driver_distance_banding
2023302300682,2023,302300682,1,9,0,18,19,2,6,0,0,0,0,0,0,0,1,1,6,6,1,49,8,1998,1,2,BMW 3 SERIES,9,E01019825,0,-1
2023141294130,2023,141294130,4,9,0,18,19,3,7,0,0,0,0,0,0,0,1,1,6,6,1,24,5,2993,2,15,BMW 3 SERIES,8,E01032924,0,-1
2023010431107,2023,010431107,2,9,0,17,19,8,4,0,0,1,0,0,0,0,1,1,6,6,1,28,6,1995,2,8,BMW 3 SERIES,7,E01000147,0,-1
2023471303139,2023,471303139,1,9,0,18,19,1,5,0,0,1,0,0,0,0,1,1,5,6,2,67,10,1995,2,8,BMW 3 SERIES,10,E01031621,0,-1
2023440159363,2023,440159363,1,9,0,18,19,8,4,0,0,0,0,0,0,0,1,1,6,6,1,31,6,1995,2,18,BMW 3 SERIES,5,E01017310,0,-1
2023991376908,2023,991376908,1,9,0,18,19,7,3,0,0,0,1,0,1,0,1,1,6,6,1,31,6,1995,1,17,BMW 3 SERIES,2,-1,0,-1
2023061307680,2023,061307680,2,9,0,4,4,8,2,9,9,1,0,0,0,0,4,1,1,1,1,56,9,2993,2,5,BMW 3 SERIES,-1,-1,0,-1
2023401337555,2023,401337555,1,9,0,18,19,3,7,0,0,1,1,0,0,0,4,1,6,6,1,25,5,1995,2,9,BMW 3 SERIES,8,E01015745,0,-1
2023371359433,2023,371359433,1,9,0,18,19,7,3,0,0,0,0,0,0,0,3,1,2,2,1,25,5,1995,2,15,BMW 3 SERIES,5,E01030290,0,-1
2023161316129,2023,161316129,1,9,0,18,19,2,6,0,0,0,0,0,0,0,3,1,5,6,2,53,8,1995,1,16,BMW 3 SERIES,8,E01013065,0,-1
2023320069499,2023,320069499,1,9,0,16,19,6,8,0,0,1,2,0,7,1,3,1,6,6,1,22,5,2993,2,14,BMW 3 SERIES,8,E01026229,0,-1
2023131287995,2023,131287995,1,9,0,18,19,1,5,0,0,0,0,0,0,0,1,1,5,6,1,30,6,2993,2,17,BMW 3 SERIES,3,E01011341,0,-1
2023010474028,2023,010474028,1,9,0,18,19,3,7,0,0,0,0,0,0,0,1,1,6,6,3,-1,-1,1998,8,6,BMW 3 SERIES,-1,-1,0,-1
202360A077035,2023,60A077035,1,9,0,17,19,1,5,0,0,1,0,0,1,6,1,1,6,6,1,36,7,2979,1,16,BMW 3 SERIES,-1,-1,0,-1
2023201310398,2023,201310398,1,9,0,18,19,8,4,0,0,8,1,10,1,7,1,1,6,6,1,31,6,2993,2,6,BMW 3 SERIES,6,E01032462,0,-1
2023552301167,2023,552301167,1,9,0,18,19,2,6,0,0,0,5,0,1,4,1,1,6,6,1,28,6,2979,1,17,BMW 3 SERIES,1,E01015290,0,-1
2023052301785,2023,052301785,2,9,0,18,19,4,2,0,0,8,0,0,0,0,3,1,6,6,1,33,6,1995,2,6,BMW 3 SERIES,6,E01033752,0,-1
2023430167819,2023,430167819,2,9,0,18,19,1,5,0,0,0,0,0,0,0,1,1,6,6,1,45,7,1995,2,6,BMW 3 SERIES,5,E01003664,0,-1
2023421383102,2023,421383102,1,9,0,18,19,1,5,0,0,0,0,4,0,0,4,1,6,6,1,22,5,2993,2,18,BMW 3 SERIES,2,E01021268,0,-1
2023010461692,2023,010461692,3,9,0,2,2,0,0,0,0,0,0,0,0,0,2,1,6,6,3,-1,-1,1995,1,13,BMW 3 SERIES,-1,-1,0,-1
2023451340480,2023,451340480,2,9,0,7,7,3,7,0,0,8,1,0,7,10,2,1,5,6,1,45,7,1995,2,10,BMW 3 SERIES,10,E01030874,0,-1
2023141320968,2023,141320968,1,9,0,17,19,3,7,0,0,0,1,0,0,0,4,1,5,6,1,16,4,1995,2,13,BMW 3 SERIES,7,E01007867,0,-1
2023052302908,2023,052302908,2,9,0,2,2,0,0,0,0,0,0,0,0,0,3,1,6,6,3,-1,-1,1995,2,11,BMW 3 SERIES,-1,-1,0,-1
2023351344379,2023,351344379,1,9,0,18,19,1,5,0,0,0,2,0,7,9,3,1,6,6,1,24,5,1796,1,26,BMW 3 SERIES,4,E01018095,0,-1
2023201390692,2023,201390692,1,9,0,9,9,3,1,0,0,6,0,0,0,0,3,1,6,6,1,-1,-1,1995,2,18,BMW 3 SERIES,-1,-1,0,-1
2023401280020,2023,401280020,2,9,0,18,19,3,7,0,0,0,0,0,0,0,2,1,6,6,2,-1,-1,1995,2,11,BMW 3 SERIES,-1,-1,0,-1
2023061301853,2023,061301853,2,9,0,18,19,-1,-1,0,0,0,0,0,0,0,3,1,6,6,2,27,6,1499,1,7,BMW 3 SERIES,3,E01005181,0,-1
2023520000710,2023,520000710,1,9,0,18,19,1,6,0,0,0,0,12,0,0,1,1,6,6,1,66,10,1995,2,16,BMW 3 SERIES,8,E01014444,0,-1
2023010444531,2023,010444531,2,9,0,99,99,9,9,99,99,9,9,99,9,99,1,9,6,6,3,-1,-1,2996,1,16,BMW 3 SERIES,-1,-1,0,-1
2023541436823,2023,541436823,3,9,0,18,19,7,3,0,0,1,0,0,0,0,1,1,6,6,1,34,6,1998,8,1,BMW 3 SERIES,8,E01014867,0,-1
2023031346031,2023,031346031,2,9,0,18,19,6,2,0,0,0,0,0,0,0,0,1,5,6,1,38,7,1995,2,12,BMW 3 SERIES,6,E01027479,0,-1
2023471290682,2023,471290682,2,9,0,10,10,4,1,0,0,1,0,0,0,0,4,1,5,6,1,37,7,1995,2,15,BMW 3 SERIES,7,E01031478,0,-1
2023041348202,2023,041348202,1,9,0,18,19,3,7,0,0,8,0,4,1,11,1,1,6,6,1,45,7,1995,2,12,BMW 3 SERIES,8,E01025089,0,-1
2023547800323,2023,547800323,2,9,0,18,19,4,8,0,0,1,0,0,0,0,3,1,3,7,2,29,6,1995,2,9,BMW 3 SERIES,8,E01032058,0,-1
2023131353930,2023,131353930,2,9,0,17,19,3,7,0,0,0,0,0,0,0,1,1,6,6,1,30,6,2000,2,12,BMW 3 SERIES,-1,-1,0,-1
2023531371036,2023,531371036,2,9,0,4,4,1,5,0,0,0,0,0,0,0,1,1,5,6,1,34,6,1995,2,16,BMW 3 SERIES,8,E01022423,0,-1
2023440261817,2023,440261817,1,9,0,18,19,8,4,0,0,0,1,0,0,0,1,1,6,6,1,34,6,1995,2,17,BMW 3 SERIES,7,E01032663,0,-1
2023451342538,2023,451342538,3,9,0,2,2,0,0,0,0,0,1,0,0,0,2,1,6,6,3,-1,-1,1995,2,6,BMW 3 SERIES,-1,-1,0,-1
2023471268042,2023,471268042,1,9,0,4,4,6,2,0,0,0,0,0,0,0,4,1,3,7,2,43,7,1995,2,10,BMW 3 SERIES,6,E01030819,0,-1
2023501301075,2023,501301075,3,9,0,18,19,8,5,0,0,0,0,0,0,0,1,1,6,6,1,51,8,1995,12,2,BMW 3 SERIES,4,E01014495,0,-1
2023061288846,2023,061288846,1,9,0,18,19,8,4,0,0,1,0,0,0,0,1,1,6,6,3,30,6,2993,2,15,BMW 3 SERIES,-1,-1,0,-1
2023320656265,2023,320656265,2,9,0,10,10,2,8,0,0,1,0,0,0,0,1,1,6,6,1,35,6,1998,8,3,BMW 3 SERIES,8,E01026258,0,-1
2023552400035,2023,552400035,1,9,0,18,19,2,6,0,0,1,0,0,0,0,1,1,6,6,1,19,4,1995,2,14,BMW 3 SERIES,6,E01020510,0,-1
2023501317146,2023,501317146,1,9,0,17,19,8,4,0,0,0,5,0,1,4,4,1,6,6,1,31,6,2793,1,25,BMW 3 SERIES,9,E01019983,0,-1
2023361347608,2023,361347608,1,9,0,18,19,1,7,0,0,0,0,0,0,0,3,1,6,6,1,80,11,2993,2,4,BMW 3 SERIES,6,E01026904,0,-1
2023471289706,2023,471289706,2,9,0,9,9,3,1,0,0,2,0,0,0,0,3,1,5,6,1,27,6,1995,2,9,BMW 3 SERIES,2,E01020923,0,-1
2023010459166,2023,010459166,1,9,0,18,19,5,1,0,0,2,0,0,0,0,1,1,6,6,1,52,8,1995,2,5,BMW 3 SERIES,5,E01001471,0,-1
2023471296848,2023,471296848,2,9,0,8,8,4,8,0,0,1,0,0,0,0,2,1,6,6,1,42,7,1995,2,11,BMW 3 SERIES,4,E01031453,0,-1
2023070146459,2023,070146459,2,9,0,18,19,3,7,0,0,0,0,0,0,0,3,1,6,6,2,51,8,1995,2,18,BMW 3 SERIES,3,E01012459,0,-1
2023131344142,2023,131344142,2,9,0,18,19,4,8,0,0,1,0,0,0,0,1,1,6,6,1,49,8,1998,1,3,BMW 3 SERIES,6,E01023284,0,-1
2023201298367,2023,201298367,1,9,0,18,19,4,8,0,0,4,0,0,0,0,1,1,6,6,1,-1,-1,2171,1,20,BMW 3 SERIES,-1,-1,0,-1
2023411276444,2023,411276444,3,9,0,18,19,3,1,0,0,0,0,0,0,0,1,1,6,6,1,22,5,1997,1,10,BMW 3 SERIES,6,E01023317,0,-1
2023061351160,2023,061351160,1,9,0,18,19,1,5,0,0,0,1,10,5,7,3,1,2,2,1,50,8,2993,2,8,BMW 3 SERIES,1,E01005138,0,-1
2023552301344,2023,552301344,1,9,0,18,19,4,8,0,0,0,0,0,0,0,1,1,2,2,2,53,8,1995,2,11,BMW 3 SERIES,7,E01020428,0,-1
202354D708623,2023,54D708623,2,9,0,18,19,8,4,0,0,0,1,0,1,0,3,1,6,6,1,30,6,1995,2,14,BMW 3 SERIES,7,E01029189,0,-1
2023320292398,2023,320292398,1,9,0,18,19,2,6,0,0,0,0,0,0,0,1,1,6,6,1,48,8,1995,2,5,BMW 3 SERIES,6,E01018169,0,-1
202360A015706,2023,60A015706,1,9,0,4,4,2,6,0,0,1,0,0,0,0,2,1,2,2,1,50,8,1995,1,14,BMW 3 SERIES,-1,-1,0,-1
202360A062092,2023,60A062092,1,9,0,13,13,2,6,0,0,0,5,0,7,11,1,1,6,6,1,42,7,2993,2,16,BMW 3 SERIES,-1,-1,0,-1
2023351338842,2023,351338842,2,9,0,18,19,2,6,0,0,0,0,0,0,0,1,1,6,6,1,24,5,2979,1,14,BMW 3 SERIES,5,E01018226,0,-1
202354A390423,2023,54A390423,1,9,0,18,19,1,5,0,0,8,1,4,0,0,2,1,6,6,1,21,5,1896,1,25,BMW 3 SERIES,3,E01014600,0,-1
2023221367364,2023,221367364,1,9,0,18,19,6,2,0,0,4,0,0,0,0,1,1,5,6,1,24,5,1995,2,10,BMW 3 SERIES,7,W01000642,0,-1
2023320406637,2023,320406637,2,9,0,18,19,8,4,0,0,0,0,0,0,0,4,1,6,6,2,42,7,1995,2,6,BMW 3 SERIES,8,E01026321,0,-1
2023991358975,2023,991358975,2,9,0,18,19,3,7,0,0,1,0,0,0,0,4,1,2,2,1,27,6,1995,2,8,BMW 3 SERIES,-1,-1,0,-1
2023131327985,2023,131327985,4,9,0,18,19,3,7,0,0,0,0,0,0,0,0,1,1,1,1,36,7,2993,2,4,BMW 3 SERIES,6,E01011885,0,-1
2023010428168,2023,010428168,2,9,0,99,99,9,9,0,0,9,0,0,9,0,9,9,6,6,3,-1,-1,1998,8,2,BMW 3 SERIES,7,E01004149,0,-1
2023552301491,2023,552301491,1,9,0,18,19,4,2,0,0,0,0,0,2,3,1,1,6,6,1,26,6,1995,2,12,BMW 3 SERIES,6,E01032027,0,-1
2023411321236,2023,411321236,1,9,0,18,19,7,3,0,0,1,0,0,0,0,1,1,5,6,1,30,6,1995,2,8,BMW 3 SERIES,3,E01023954,0,-1
2023010483347,2023,010483347,2,9,0,99,99,9,9,99,99,9,9,99,9,99,2,9,6,6,3,-1,-1,1995,2,17,BMW 3 SERIES,-1,-1,0,-1
2023010478887,2023,010478887,2,9,9,99,99,9,9,99,99,9,9,99,9,99,9,9,6,6,1,-1,-1,1995,2,16,BMW 3 SERIES,6,E01031402,0,-1
2023440409116,2023,440409116,2,9,0,18,19,2,6,0,0,0,0,0,0,0,2,1,2,2,2,36,7,1995,12,2,BMW 3 SERIES,7,E01015348,0,-1
2023440375712,2023,440375712,2,9,0,18,19,8,4,0,0,1,0,0,0,0,1,1,6,6,1,51,8,1995,2,6,BMW 3 SERIES,10,E01023212,0,-1
2023451391228,2023,451391228,1,9,0,18,19,1,5,0,0,1,0,0,0,0,1,1,5,6,1,43,7,2996,1,16,BMW 3 SERIES,10,E01030495,0,-1
2023430313659,2023,430313659,2,9,0,10,10,3,1,0,0,1,0,0,0,0,2,1,6,6,2,35,6,1995,2,13,BMW 3 SERIES,5,E01016807,0,-1
2023010423469,2023,010423469,2,9,0,99,99,9,9,99,99,9,9,99,9,99,1,9,6,6,2,75,10,1995,1,17,BMW 3 SERIES,4,E01001939,0,-1
2023461280714,2023,461280714,2,9,0,18,19,4,8,0,0,0,0,0,0,0,2,1,3,7,2,35,6,1995,2,10,BMW 3 SERIES,5,E01016034,0,-1
2023440074909,2023,440074909,1,9,0,4,4,8,4,0,0,5,0,0,0,0,2,1,3,7,2,26,6,1995,2,16,BMW 3 SERIES,9,E01022836,0,-1
2023991355638,2023,991355638,1,9,0,16,19,1,5,0,0,2,0,10,7,1,1,1,6,6,1,29,6,1997,1,10,BMW 3 SERIES,3,-1,0,-1
2023201307954,2023,201307954,3,9,0,18,19,2,6,0,0,0,0,0,0,0,0,1,1,1,1,-1,-1,2993,2,2,BMW 3 SERIES,5,E01009234,0,-1
2023522300936,2023,522300936,5,9,0,18,19,7,3,0,0,0,0,0,0,0,1,1,6,6,1,40,7,1998,8,2,BMW 3 SERIES,4,E01020496,0,-1
2023430107780,2023,430107780,2,9,0,3,3,8,4,0,0,0,0,0,0,0,2,1,2,2,2,30,6,1995,2,11,BMW 3 SERIES,7,E01016783,0,-1
2023522400664,2023,522400664,1,9,0,18,19,2,5,0,0,8,0,0,0,0,1,1,6,6,1,22,5,1991,1,31,BMW 3 SERIES,7,E01014772,0,-1
2023010455071,2023,010455071,2,9,0,18,19,1,5,0,0,4,0,0,0,0,1,1,6,6,1,20,4,1995,2,5,BMW 3 SERIES,3,E01002397,0,-1
2023440087641,2023,440087641,1,9,0,18,19,2,6,0,0,0,0,11,0,0,1,1,2,2,2,32,6,1995,2,11,BMW 3 SERIES,4,E01017087,0,-1
2023010458762,2023,010458762,1,9,0,99,99,9,9,99,99,9,9,99,9,99,9,9,6,6,3,-1,-1,1995,2,4,BMW 3 SERIES,-1,-1,0,-1
2023101263441,2023,101263441,1,9,0,18,19,2,4,0,0,0,0,0,0,0,1,1,5,6,1,25,5,1995,2,13,BMW 3 SERIES,5,E01008499,0,-1
2023371293944,2023,371293944,1,9,0,18,19,2,6,0,0,0,0,0,0,0,4,1,5,6,1,51,8,2500,1,24,BMW 3 SERIES,7,E01029875,0,-1
2023201416053,2023,201416053,2,9,0,17,19,2,8,0,0,1,0,0,0,0,0,1,1,1,3,-1,-1,2993,2,2,BMW 3 SERIES,-1,-1,0,-1
2023131319120,2023,131319120,2,9,0,18,19,5,1,0,0,1,0,0,0,0,2,1,1,1,1,55,8,2993,12,1,BMW 3 SERIES,2,E01011370,0,-1
2023340WN3612,2023,340WN3612,1,9,0,18,19,2,6,0,0,0,0,0,0,0,4,1,6,6,1,32,6,2993,2,6,BMW 3 SERIES,-1,-1,0,-1
2023610026023,2023,610026023,1,9,0,4,4,4,8,0,0,1,0,0,0,0,2,1,6,6,1,37,7,1995,2,10,BMW 3 SERIES,2,W01001503,0,-1
2023471319715,2023,471319715,1,9,0,18,19,7,3,0,0,0,0,0,0,0,4,1,6,6,2,76,11,1998,8,7,BMW 3 SERIES,7,E01031375,0,-1
2023332300815,2023,332300815,1,9,0,16,19,4,8,0,0,0,0,0,0,0,1,1,6,6,1,36,7,1995,2,10,BMW 3 SERIES,2,E01010341,0,-1
2023471301228,2023,471301228,1,9,0,9,9,7,5,0,0,8,0,0,0,0,1,1,5,6,2,68,10,2494,1,23,BMW 3 SERIES,6,E01021206,0,-1
2023141292463,2023,141292463,1,9,0,18,19,1,5,0,0,1,0,0,0,0,1,1,1,1,1,25,5,2993,12,1,BMW 3 SERIES,2,E01007336,0,-1
2023070988085,2023,070988085,1,9,0,12,12,1,5,0,0,0,0,0,0,0,1,1,6,6,1,50,8,1998,8,4,BMW 3 SERIES,8,E01006053,0,-1
2023231374697,2023,231374697,1,9,0,14,14,8,4,0,0,1,0,0,0,0,2,1,6,6,1,27,6,1596,1,26,BMW 3 SERIES,4,E01031176,0,-1
2023991269416,2023,991269416,1,9,0,9,9,8,4,0,0,0,0,0,0,0,1,1,6,6,2,41,7,1995,2,11,BMW 3 SERIES,-1,-1,0,-1
2023421341873,2023,421341873,1,9,0,5,5,5,1,0,0,6,0,0,0,0,0,1,6,6,1,79,11,1995,1,14,BMW 3 SERIES,-1,-1,0,-1
2023010477593,2023,010477593,2,9,0,18,19,7,3,0,0,0,1,0,0,0,1,1,6,6,1,26,6,1995,1,17,BMW 3 SERIES,7,E01017839,0,-1
2023170S12053,2023,170S12053,1,9,0,16,19,6,2,0,0,3,0,0,0,0,1,1,6,6,1,20,4,2993,2,7,BMW 3 SERIES,1,E01020880,0,-1
2023010429005,2023,010429005,2,9,0,18,19,7,3,0,0,1,0,0,0,0,2,1,6,6,1,40,7,2171,1,20,BMW 3 SERIES,5,E01003681,0,-1
2023991284568,2023,991284568,2,9,0,18,19,4,8,0,0,1,0,0,8,0,3,1,5,6,2,70,10,2000,2,12,BMW 3 SERIES,10,-1,0,-1
2023231275690,2023,231275690,2,9,0,18,19,7,3,0,0,8,0,0,0,0,3,1,2,2,1,32,6,2993,2,17,BMW 3 SERIES,7,E01031024,0,-1
2023141322997,2023,141322997,2,9,0,9,9,7,3,0,0,0,0,0,0,0,1,1,5,6,1,23,5,1995,2,16,BMW 3 SERIES,1,E01007715,0,-1
2023070009385,2023,070009385,2,9,0,4,4,1,5,0,0,0,0,0,0,0,2,1,6,6,2,36,7,1995,2,11,BMW 3 SERIES,1,E01005828,0,-1
2023332300778,2023,332300778,1,9,0,18,19,5,1,0,0,0,0,0,0,0,1,1,6,6,1,-1,-1,1995,2,16,BMW 3 SERIES,-1,-1,0,-1
2023401308637,2023,401308637,3,9,0,4,4,1,6,0,0,0,0,0,0,0,2,1,6,6,1,26,6,1995,2,17,BMW 3 SERIES,6,E01017481,0,-1
2023552300593,2023,552300593,1,9,0,18,19,8,2,0,0,0,0,0,0,0,1,1,2,2,1,30,6,1997,1,11,BMW 3 SERIES,7,E01020513,0,-1
2023041341800,2023,041341800,1,9,0,5,5,5,1,0,0,2,0,0,0,0,4,1,5,6,1,46,8,1997,1,8,BMW 3 SERIES,3,E01025291,0,-1
202354A390423,2023,54A390423,4,9,0,18,19,1,5,0,0,8,0,0,0,0,0,1,6,6,1,-1,-1,2494,1,22,BMW 3 SERIES,1,E01014596,0,-1
2023552301014,2023,552301014,1,9,0,18,19,4,8,0,0,0,0,0,7,0,1,1,6,6,1,33,6,1995,2,7,BMW 3 SERIES,6,E01029228,0,-1
2023201416079,2023,201416079,2,9,0,18,19,8,5,0,0,8,0,0,0,0,0,1,1,1,1,-1,-1,2993,2,2,BMW 3 SERIES,-1,-1,0,-1
2023010446651,2023,010446651,1,9,0,15,15,1,5,0,0,0,0,0,0,0,1,1,6,6,1,23,5,2996,1,17,BMW 3 SERIES,-1,-1,0,-1
2023052300915,2023,052300915,1,9,0,18,19,8,4,0,0,0,0,0,0,0,1,1,6,6,3,-1,-1,2993,2,6,BMW 3 SERIES,-1,-1,0,-1
2023411329007,2023,411329007,1,9,0,18,19,3,7,0,0,0,2,0,2,0,4,1,5,6,1,38,7,1995,2,14,BMW 3 SERIES,3,E01015801,0,-1
2023501323375,2023,501323375,1,9,0,16,19,8,4,0,0,0,2,0,1,4,1,1,5,6,1,32,6,1995,1,20,BMW 3 SERIES,4,E01020134,0,-1
2023201279124,2023,201279124,2,9,0,18,19,6,2,0,0,8,0,7,6,0,4,1,6,6,1,30,6,1995,2,12,BMW 3 SERIES,2,E01009098,0,-1
2023421316987,2023,421316987,1,9,0,18,19,1,5,0,0,0,0,0,0,0,1,1,5,6,2,41,7,2494,1,18,BMW 3 SERIES,2,E01021699,0,-1
2023471282801,2023,471282801,2,9,0,18,19,6,2,0,0,0,0,0,0,0,1,1,6,6,1,72,10,1995,2,13,BMW 3 SERIES,10,E01024718,0,-1
2023010425274,2023,010425274,1,9,0,99,99,9,9,99,99,9,9,99,9,99,2,9,2,2,1,33,6,1995,2,5,BMW 3 SERIES,9,E01002468,0,-1
2023231369204,2023,231369204,1,9,0,18,19,2,6,0,0,6,0,0,0,0,4,1,5,6,1,39,7,1995,2,17,BMW 3 SERIES,2,E01027161,0,-1
2023351301650,2023,351301650,1,9,0,18,19,7,3,0,0,0,0,0,0,0,1,1,5,6,1,89,11,1995,2,17,BMW 3 SERIES,4,E01018044,0,-1
2023302301320,2023,302301320,1,9,0,18,19,8,4,0,0,0,0,0,0,0,4,1,6,6,1,60,9,2993,2,8,BMW 3 SERIES,9,E01019615,0,-1
2023332300949,2023,332300949,1,9,0,2,2,0,0,0,0,0,0,0,0,0,2,1,6,6,2,41,7,1995,2,11,BMW 3 SERIES,5,E01013627,0,-1
2023471307983,2023,471307983,2,9,0,18,19,8,4,0,0,1,0,0,0,0,2,1,1,1,2,46,8,1998,8,1,BMW 3 SERIES,5,E01020530,0,-1
2023131329843,2023,131329843,3,9,0,18,19,1,5,0,0,8,0,0,0,0,2,1,6,6,3,-1,-1,2993,2,10,BMW 3 SERIES,-1,-1,0,-1
2023440430563,2023,440430563,2,9,0,18,19,5,1,0,0,0,0,0,0,0,1,1,6,6,1,22,5,1995,2,18,BMW 3 SERIES,4,E01022568,0,-1
2023520301790,2023,520301790,2,9,0,18,19,2,6,0,0,0,0,0,0,0,1,1,6,6,1,43,7,1995,2,18,BMW 3 SERIES,5,E01014746,0,-1
2023411281744,2023,411281744,3,9,0,18,19,6,2,0,0,0,0,0,0,0,2,1,5,6,1,69,10,1995,1,17,BMW 3 SERIES,4,E01004348,0,-1
2023552301384,2023,552301384,1,9,0,18,19,2,6,0,0,6,0,0,0,0,1,1,6,6,1,39,7,2494,1,24,BMW 3 SERIES,7,E01020480,0,-1
2023401332859,2023,401332859,2,9,-1,3,3,-1,-1,0,0,0,0,0,0,0,2,1,5,6,1,37,7,2996,1,13,BMW 3 SERIES,1,E01001821,0,-1
2023401325263,2023,401325263,1,9,0,18,19,1,5,0,0,8,0,0,1,10,3,1,6,6,1,-1,-1,2993,2,8,BMW 3 SERIES,-1,-1,0,-1
2023122301389,2023,122301389,1,9,0,18,19,4,8,0,0,0,1,0,1,4,1,1,6,6,1,29,6,2000,2,12,BMW 3 SERIES,2,E01001783,0,-1
2023332300800,2023,332300800,1,9,0,9,9,7,5,0,0,5,0,0,0,0,1,1,3,7,2,45,7,1995,2,11,BMW 3 SERIES,1,E01013679,0,-1
2023010436165,2023,010436165,1,9,0,3,3,1,5,0,0,1,0,0,0,0,2,1,6,6,1,52,8,2494,1,17,BMW 3 SERIES,9,-1,0,-1
2023471374889,2023,471374889,2,9,0,18,19,4,8,0,0,1,0,0,0,0,1,1,5,6,1,30,6,2993,2,17,BMW 3 SERIES,5,E01031611,0,-1
2023061320056,2023,061320056,2,9,0,18,19,3,7,0,0,5,0,0,0,0,0,1,1,1,1,42,7,2993,12,2,BMW 3 SERIES,-1,-1,0,-1
2023501384508,2023,501384508,1,9,0,15,15,3,7,0,0,0,0,0,0,0,4,1,2,2,1,24,5,1995,2,10,BMW 3 SERIES,4,E01018874,0,-1
2023461325102,2023,461325102,1,9,0,5,5,7,3,0,0,1,0,0,0,0,0,1,5,6,1,26,6,1995,2,7,BMW 3 SERIES,1,E01024498,0,-1
2023461261425,2023,461261425,1,9,0,18,19,1,5,0,0,0,0,0,0,0,1,1,5,6,3,-1,-1,1995,2,14,BMW 3 SERIES,-1,-1,0,-1
2023010474526,2023,010474526,1,9,0,6,6,3,3,2,2,0,0,0,0,0,1,1,6,6,2,37,7,1997,1,8,BMW 3 SERIES,3,E01001238,0,-1
2023231331438,2023,231331438,1,9,0,4,4,6,2,7,6,0,0,4,0,0,1,1,5,6,1,51,8,1998,8,4,BMW 3 SERIES,9,E01022389,0,-1
2023010478717,2023,010478717,2,9,0,18,19,3,7,0,0,0,0,0,0,0,1,1,2,2,1,28,6,2993,2,6,BMW 3 SERIES,6,E01017812,0,-1
2023320588866,2023,320588866,1,9,0,18,19,4,8,0,0,0,5,0,1,4,3,1,6,6,1,36,7,2993,2,8,BMW 3 SERIES,7,E01026080,0,-1
2023010449799,2023,010449799,2,9,0,18,19,4,8,0,0,1,0,0,0,0,1,1,6,6,1,57,9,2979,1,11,BMW 3 SERIES,3,E01001819,0,-1
2023411395128,2023,411395128,2,9,0,18,19,1,5,0,0,1,0,0,0,0,1,1,1,1,2,47,8,1995,2,12,BMW 3 SERIES,2,E01015781,0,-1
2023010435033,2023,010435033,1,9,0,18,19,5,1,0,0,1,0,0,0,0,1,1,6,6,2,42,7,1995,1,15,BMW 3 SERIES,2,E01000063,0,-1
2023061266489,2023,061266489,3,9,0,4,4,5,1,0,0,1,0,0,0,0,0,1,1,1,1,37,7,2993,12,2,BMW 3 SERIES,-1,-1,0,-1
2023010484408,2023,010484408,2,9,0,9,9,7,5,0,0,1,0,0,0,0,3,1,6,6,1,48,8,1998,8,6,BMW 3 SERIES,8,E01002289,0,-1
2023991299803,2023,991299803,1,9,0,16,19,4,8,0,0,0,0,0,0,0,3,1,5,6,1,18,4,1995,2,11,BMW 3 SERIES,5,-1,0,-1
2023451366624,2023,451366624,2,9,0,18,19,1,5,0,0,0,0,0,0,0,1,1,5,6,3,30,6,1995,2,10,BMW 3 SERIES,-1,-1,0,-1
2023010462058,2023,010462058,2,9,0,18,19,7,3,0,0,0,0,0,0,0,1,1,6,6,2,24,5,1997,1,9,BMW 3 SERIES,3,E01016490,0,-1
2023010440331,2023,010440331,1,9,0,7,7,1,2,0,0,8,0,0,0,0,1,1,6,6,1,26,6,2993,2,8,BMW 3 SERIES,4,E01000780,0,-1
2023501326780,2023,501326780,1,9,0,18,19,6,2,0,0,1,5,0,1,4,1,1,5,6,1,39,7,1995,2,19,BMW 3 SERIES,7,E01020075,0,-1
2023141263528,2023,141263528,1,9,0,9,9,8,6,0,0,8,0,0,0,0,1,1,5,6,2,50,8,1995,2,9,BMW 3 SERIES,1,E01007739,0,-1
2023010466380,2023,010466380,2,9,9,99,99,9,9,99,99,9,9,99,9,99,9,9,6,6,3,-1,-1,1995,2,17,BMW 3 SERIES,-1,-1,0,-1
2023411267680,2023,411267680,1,9,0,4,4,3,7,0,0,0,0,0,0,0,1,1,6,6,1,29,6,1997,1,11,BMW 3 SERIES,4,E01002583,0,-1
2023430041586,2023,430041586,1,9,0,7,7,2,4,0,0,6,0,0,0,0,3,1,6,6,1,42,7,1995,2,18,BMW 3 SERIES,7,E01017925,0,-1
2023201368146,2023,201368146,2,9,0,4,4,4,2,0,0,5,0,0,0,0,1,1,5,6,1,22,5,1995,2,15,BMW 3 SERIES,5,E01009432,0,-1
2023552300923,2023,552300923,1,9,0,18,19,2,6,0,0,0,0,0,0,0,3,1,2,2,1,69,10,1995,2,17,BMW 3 SERIES,6,E01020476,0,-1