collision_index,collision_year,collision_ref_no,vehicle_reference,vehicle_type,towing_and_articulation,vehicle_manoeuvre_historic,vehicle_manoeuvre,vehicle_direction_from,vehicle_direction_to,vehicle_location_restricted_lane_historic,vehicle_location_restricted_lane,junction_location,skidding_and_overturning,hit_object_in_carriageway,vehicle_leaving_carriageway,hit_object_off_carriageway,first_point_of_impact,vehicle_left_hand_drive,journey_purpose_of_driver_historic,journey_purpose_of_driver,sex_of_driver,age_of_driver,age_band_of_driver,engine_capacity_cc,propulsion_code,age_of_vehicle,generic_make_model,driver_imd_decile,lsoa_of_driver,escooter_flag,driver_distance_banding
2023531395367,2023,531395367,1,9,0,18,19,8,4,9,9,0,0,0,0,0,4,1,5,6,1,54,8,2494,1,18,BMW 3 SERIES,10,E01022103,0,-1
2023430287837,2023,430287837,2,9,0,3,3,2,6,0,0,0,0,0,0,0,2,1,2,2,1,27,6,1995,2,8,BMW 3 SERIES,8,E01017444,0,-1
2023170M20623,2023,170M20623,1,9,0,18,19,3,6,0,0,0,0,0,0,0,0,1,6,6,1,30,6,1995,2,14,BMW 3 SERIES,-1,-1,0,-1
2023070679177,2023,070679177,1,9,0,1,1,1,5,0,0,0,0,0,0,0,2,1,6,6,1,-1,-1,1995,2,10,BMW 3 SERIES,1,E01012533,0,-1
2023131307193,2023,131307193,1,9,0,-1,-1,-1,-1,-1,-1,-1,-1,-1,-1,-1,-1,1,6,6,3,-1,-1,2993,2,15,BMW 3 SERIES,-1,-1,0,-1
2023141290255,2023,141290255,1,9,0,18,19,4,8,0,0,0,0,0,0,0,3,1,2,2,1,29,6,2993,2,11,BMW 3 SERIES,1,E01007634,0,-1
2023401310940,2023,401310940,2,9,0,18,19,1,5,0,0,0,0,0,0,0,2,1,6,6,2,37,7,1995,2,11,BMW 3 SERIES,6,E01017616,0,-1
2023131378172,2023,131378172,2,9,0,2,2,3,3,0,0,1,0,0,0,0,2,1,5,6,1,37,7,1995,2,15,BMW 3 SERIES,3,E01011343,0,-1
2023991275299,2023,991275299,1,9,0,10,10,5,3,0,0,1,0,0,0,0,3,1,6,6,2,44,7,1995,2,6,BMW 3 SERIES,10,-1,0,-1
2023010437762,2023,010437762,1,9,9,99,99,9,9,99,99,9,9,99,9,99,9,9,6,6,3,-1,-1,1998,1,4,BMW 3 SERIES,-1,-1,0,-1
2023546741623,2023,546741623,1,9,0,4,4,2,6,0,0,1,0,0,0,0,1,1,6,6,1,31,6,1995,2,17,BMW 3 SERIES,1,E01015575,0,-1
2023340WN6922,2023,340WN6922,1,9,0,7,7,7,1,0,0,6,0,0,0,0,3,1,6,6,1,44,7,1995,2,19,BMW 3 SERIES,7,E01027354,0,-1
2023401342991,2023,401342991,1,9,0,7,7,6,8,0,0,8,0,0,0,0,4,1,5,6,1,50,8,1995,2,14,BMW 3 SERIES,2,E01017474,0,-1
2023520400386,2023,520400386,2,9,0,4,4,8,4,0,0,0,0,0,0,0,2,1,6,6,1,26,6,1995,1,13,BMW 3 SERIES,9,E01032052,0,-1
2023991356905,2023,991356905,2,9,0,14,14,1,5,0,0,0,0,0,0,0,4,1,2,2,2,24,5,1998,1,5,BMW 3 SERIES,10,-1,0,-1
2023201448008,2023,201448008,2,9,0,18,19,3,7,0,0,8,0,0,0,0,1,1,6,6,1,53,8,1995,2,12,BMW 3 SERIES,10,E01029678,0,-1
2023440468454,2023,440468454,1,9,0,18,19,3,7,0,0,8,0,0,0,0,3,1,2,2,1,48,8,1995,2,7,BMW 3 SERIES,6,E01017204,0,-1
2023071326621,2023,071326621,1,9,0,18,19,5,1,0,0,0,0,0,0,0,1,1,6,6,1,46,8,1995,2,13,BMW 3 SERIES,3,E01018482,0,-1
2023131391139,2023,131391139,2,9,0,4,4,5,1,0,0,0,0,0,0,0,1,1,5,6,1,27,6,1995,2,10,BMW 3 SERIES,4,E01011258,0,-1
2023991340338,2023,991340338,1,9,0,18,19,8,4,0,0,0,0,11,0,0,1,1,5,6,1,27,6,1995,2,13,BMW 3 SERIES,2,-1,0,-1
2023161288598,2023,161288598,2,9,0,18,19,7,3,0,0,0,0,0,0,0,2,1,6,6,1,32,6,1995,1,12,BMW 3 SERIES,-1,-1,0,-1
2023122301236,2023,122301236,4,9,0,3,3,1,5,0,0,1,0,0,0,0,1,1,6,6,2,26,6,1995,2,10,BMW 3 SERIES,9,E01011568,0,-1
2023201307484,2023,201307484,1,9,0,18,19,4,8,0,0,8,0,0,0,0,1,1,6,6,1,-1,-1,2993,2,2,BMW 3 SERIES,5,E01009234,0,-1
2023461300767,2023,461300767,2,9,0,13,13,6,2,0,0,0,1,0,0,0,1,1,6,6,1,27,6,2993,2,13,BMW 3 SERIES,6,E01024628,0,-1
2023061317928,2023,061317928,1,9,0,13,13,1,6,0,0,0,0,11,0,0,3,1,6,6,1,22,5,1995,2,9,BMW 3 SERIES,3,E01019768,0,-1
2023052300900,2023,052300900,1,9,0,14,14,5,1,0,0,0,0,0,4,11,4,1,6,6,1,52,8,2993,2,4,BMW 3 SERIES,-1,-1,0,-1
2023361259229,2023,361259229,1,9,0,18,19,3,7,0,0,0,0,0,0,0,1,1,5,6,1,26,6,1995,1,19,BMW 3 SERIES,5,E01026423,0,-1
2023201410991,2023,201410991,1,9,0,18,19,6,2,0,0,1,0,0,0,0,1,1,6,6,1,34,6,1995,1,14,BMW 3 SERIES,3,E01009597,0,-1
202360A137923,2023,60A137923,1,9,0,18,19,2,6,0,0,0,5,0,2,11,4,1,6,6,1,26,6,2993,2,17,BMW 3 SERIES,-1,-1,0,-1
2023332301127,2023,332301127,1,9,0,18,19,8,4,0,0,8,0,0,0,0,1,1,6,6,2,30,6,1998,8,3,BMW 3 SERIES,3,E01013762,0,-1
2023010467597,2023,010467597,3,9,0,9,9,8,5,0,0,2,1,0,0,0,1,1,2,2,2,24,5,2000,1,14,BMW 3 SERIES,5,E01003945,0,-1
2023131360747,2023,131360747,2,9,0,2,2,0,0,0,0,2,0,4,0,0,3,1,6,6,3,-1,-1,2000,2,12,BMW 3 SERIES,-1,-1,0,-1
2023302301403,2023,302301403,2,9,0,4,4,4,8,0,0,1,1,0,1,0,1,1,2,2,2,34,6,1995,2,4,BMW 3 SERIES,6,E01019405,0,-1
2023010466555,2023,010466555,1,9,0,99,99,9,9,99,99,9,9,99,9,99,2,9,6,6,1,27,6,1995,2,4,BMW 3 SERIES,5,E01001189,0,-1
2023131320822,2023,131320822,2,9,0,17,19,8,5,0,0,0,0,0,0,0,3,1,6,6,1,22,5,1995,2,17,BMW 3 SERIES,1,E01011916,0,-1
2023351276120,2023,351276120,1,9,0,13,13,5,1,0,0,0,1,0,0,0,1,1,6,6,1,23,5,1995,2,6,BMW 3 SERIES,1,E01015611,0,-1
2023010471840,2023,010471840,2,9,0,9,9,6,3,0,0,8,0,0,0,0,3,1,6,6,3,-1,-1,1995,2,4,BMW 3 SERIES,-1,-1,0,-1
2023371305596,2023,371305596,1,9,0,7,7,7,3,0,0,0,0,0,0,0,3,1,5,6,1,28,6,1998,1,2,BMW 3 SERIES,2,E01030227,0,-1
2023440362570,2023,440362570,3,9,0,18,19,0,0,0,0,0,0,0,0,0,3,1,6,6,1,63,9,1995,2,16,BMW 3 SERIES,-1,-1,0,-1
2023231286043,2023,231286043,1,9,0,18,19,6,2,0,0,0,0,0,2,7,1,1,6,6,1,22,5,2993,2,10,BMW 3 SERIES,8,E01025960,0,-1
2023131328796,2023,131328796,2,9,0,18,19,7,3,0,0,0,0,0,0,0,3,1,6,6,3,-1,-1,2993,2,3,BMW 3 SERIES,-1,-1,0,-1
2023461387487,2023,461387487,2,9,0,4,4,2,6,0,0,0,0,0,0,0,2,1,6,6,1,24,5,1998,8,3,BMW 3 SERIES,3,E01024696,0,-1
2023201282976,2023,201282976,1,9,0,18,19,3,7,0,0,2,0,0,0,0,1,1,6,6,1,30,6,1995,2,13,BMW 3 SERIES,3,E01010523,0,-1
2023332301214,2023,332301214,2,9,0,18,19,4,8,0,0,8,0,0,0,0,1,1,2,2,1,36,7,1995,2,12,BMW 3 SERIES,2,E01025701,0,-1
2023010438357,2023,010438357,2,9,0,99,99,9,9,99,99,0,9,99,9,99,9,9,6,6,2,52,8,1995,2,10,BMW 3 SERIES,4,E01001404,0,-1
2023201370135,2023,201370135,1,9,0,13,13,8,6,0,0,8,0,0,0,0,1,1,6,6,1,22,5,1998,1,7,BMW 3 SERIES,2,E01009982,0,-1
2023031312098,2023,031312098,1,9,0,18,19,5,1,0,0,8,0,0,0,0,1,1,5,6,1,52,8,2993,2,16,BMW 3 SERIES,-1,-1,0,-1
2023421334644,2023,421334644,2,9,0,2,2,0,0,0,0,0,0,0,0,0,2,1,6,6,1,29,6,2497,1,16,BMW 3 SERIES,3,E01021821,0,-1
2023471377819,2023,471377819,2,9,0,3,3,7,3,0,0,4,0,0,0,0,2,1,5,6,1,40,7,1998,8,2,BMW 3 SERIES,9,E01022610,0,-1
2023320544591,2023,320544591,2,9,0,9,9,4,2,0,0,8,0,0,1,0,1,1,6,6,1,25,5,1995,2,10,BMW 3 SERIES,1,E01026092,0,-1
2023221271857,2023,221271857,2,9,0,18,19,7,3,0,0,8,0,0,4,6,1,1,5,6,1,38,7,1995,2,12,BMW 3 SERIES,7,E01010219,0,-1
2023201298955,2023,201298955,2,9,0,18,19,5,1,0,0,8,0,0,0,0,1,1,2,2,1,45,7,1995,1,12,BMW 3 SERIES,3,E01009655,0,-1
2023131394588,2023,131394588,1,9,0,18,19,1,5,0,0,1,0,0,0,0,1,1,6,6,3,-1,-1,2993,2,12,BMW 3 SERIES,-1,-1,0,-1
2023451314812,2023,451314812,1,9,0,18,19,3,7,0,0,0,2,0,1,11,1,1,6,6,1,26,6,2993,2,13,BMW 3 SERIES,5,E01030740,0,-1
2023010472123,2023,010472123,1,9,0,12,12,7,3,0,0,7,0,0,0,0,1,1,6,6,1,27,6,1998,8,3,BMW 3 SERIES,3,E01001688,0,-1
2023122301238,2023,122301238,2,9,0,18,19,1,5,0,0,2,0,0,0,0,1,1,6,6,2,59,9,1995,2,6,BMW 3 SERIES,6,E01027604,0,-1
2023010467935,2023,010467935,2,9,0,99,99,9,9,99,99,9,9,99,9,99,1,9,6,6,3,-1,-1,1998,1,5,BMW 3 SERIES,-1,-1,0,-1
2023991387429,2023,991387429,1,9,0,18,19,5,1,0,0,0,1,0,1,0,3,1,5,6,1,28,6,1995,2,10,BMW 3 SERIES,2,-1,0,-1
2023401302947,2023,401302947,1,9,0,3,3,-1,-1,0,0,1,0,0,0,0,1,1,6,6,2,57,9,2000,2,14,BMW 3 SERIES,7,E01017431,0,-1
2023631350977,2023,631350977,1,9,0,18,19,7,3,0,0,0,1,0,0,0,1,1,5,6,1,27,6,1995,2,16,BMW 3 SERIES,4,W01000602,0,-1
2023031368365,2023,031368365,1,9,0,18,19,1,5,0,0,0,0,4,0,0,1,1,1,1,2,26,6,1995,1,17,BMW 3 SERIES,5,E01019273,0,-1
2023361297423,2023,361297423,2,9,0,3,3,5,8,0,0,1,0,0,0,0,2,1,5,6,1,28,6,1995,2,20,BMW 3 SERIES,7,E01026528,0,-1
2023332300405,2023,332300405,1,9,0,18,19,2,6,0,0,0,0,0,7,10,1,1,6,6,3,-1,-1,1995,1,16,BMW 3 SERIES,-1,-1,0,-1
2023401267537,2023,401267537,1,9,0,4,4,-1,-1,0,0,0,0,0,0,0,1,1,6,6,1,28,6,2996,1,14,BMW 3 SERIES,1,E01003052,0,-1
2023421296829,2023,421296829,1,9,0,16,19,7,3,0,0,0,0,0,0,0,4,1,2,2,2,48,8,2996,2,12,BMW 3 SERIES,-1,-1,0,-1
2023421283651,2023,421283651,2,9,0,3,3,6,3,0,0,0,0,0,1,0,2,1,1,1,2,35,6,2993,2,3,BMW 3 SERIES,8,E01021537,0,-1
2023010427362,2023,010427362,2,9,0,99,99,9,9,99,99,9,9,99,9,99,1,9,6,6,3,-1,-1,2979,1,18,BMW 3 SERIES,7,E01030414,0,-1
2023501331612,2023,501331612,1,9,0,4,4,1,5,0,0,0,0,0,0,0,2,1,2,2,1,47,8,2996,1,18,BMW 3 SERIES,2,E01015194,0,-1
2023991341653,2023,991341653,2,9,0,10,10,6,4,0,0,1,1,0,0,0,3,1,6,6,1,56,9,2993,2,8,BMW 3 SERIES,-1,-1,0,-1
2023340WN5702,2023,340WN5702,1,9,0,9,9,3,1,0,0,4,0,0,0,0,1,1,6,6,1,23,5,1995,2,10,BMW 3 SERIES,1,E01027168,0,-1
2023401356485,2023,401356485,3,9,0,2,2,-1,-1,0,0,0,0,0,0,0,4,1,6,6,3,-1,-1,1995,2,15,BMW 3 SERIES,-1,-1,0,-1
2023131288367,2023,131288367,2,9,0,18,19,5,1,0,0,0,0,0,0,0,0,1,1,1,1,37,7,2993,2,4,BMW 3 SERIES,6,E01011885,0,-1
2023061288397,2023,061288397,2,9,0,2,2,0,0,9,9,0,0,0,0,0,1,1,6,6,3,-1,-1,2993,2,8,BMW 3 SERIES,-1,-1,0,-1
2023320298708,2023,320298708,4,9,0,3,3,5,1,0,0,1,0,0,0,0,1,1,1,1,1,53,8,1995,2,11,BMW 3 SERIES,-1,-1,0,-1
2023421343080,2023,421343080,2,9,0,2,2,0,0,0,0,0,0,0,0,0,2,1,5,6,1,44,7,1995,2,10,BMW 3 SERIES,6,E01021597,0,-1
2023320037356,2023,320037356,1,9,0,18,19,8,4,0,0,0,0,0,0,0,1,1,6,6,1,70,10,1995,2,5,BMW 3 SERIES,10,E01028395,0,-1
2023131329843,2023,131329843,4,9,0,2,2,1,5,0,0,8,0,0,0,0,1,1,6,6,3,-1,-1,1995,2,9,BMW 3 SERIES,-1,-1,0,-1
2023461320553,2023,461320553,1,9,0,18,19,1,5,0,0,0,0,0,0,0,1,1,6,6,2,71,10,2171,1,20,BMW 3 SERIES,4,E01003447,0,-1
2023440146158,2023,440146158,2,9,0,18,19,2,6,0,0,1,0,0,0,0,1,1,6,6,1,61,9,1998,1,6,BMW 3 SERIES,5,E01017151,0,-1
2023401347199,2023,401347199,1,9,0,18,19,5,1,0,0,8,1,0,0,0,4,1,6,6,3,-1,-1,2993,2,17,BMW 3 SERIES,-1,-1,0,-1
2023070012575,2023,070012575,1,9,0,7,7,2,6,0,0,6,0,0,0,0,4,1,6,6,2,73,10,1596,1,27,BMW 3 SERIES,-1,-1,0,-1
202354D644323,2023,54D644323,2,9,0,18,19,3,7,0,0,4,0,0,0,0,4,1,6,6,1,31,6,2993,2,13,BMW 3 SERIES,4,E01032104,0,-1
2023522400517,2023,522400517,2,9,0,13,13,3,8,0,0,0,0,0,0,0,2,1,6,6,3,-1,-1,1995,2,13,BMW 3 SERIES,-1,-1,0,-1
2023471389546,2023,471389546,2,9,0,18,19,5,1,0,0,8,0,0,0,0,4,1,5,6,1,35,6,2993,2,7,BMW 3 SERIES,4,E01022953,0,-1
2023520300689,2023,520300689,3,9,0,18,19,4,8,0,0,0,0,0,0,0,1,1,6,6,1,22,5,1951,2,23,BMW 3 SERIES,1,E01029292,0,-1
2023170M10233,2023,170M10233,2,9,0,18,19,3,7,0,0,1,0,0,0,0,1,1,6,6,1,23,5,1995,2,11,BMW 3 SERIES,1,E01012076,0,-1
2023351398927,2023,351398927,2,9,0,18,19,6,2,0,0,0,0,0,0,0,1,1,1,1,1,35,6,2000,2,12,BMW 3 SERIES,5,E01030140,0,-1
2023451352980,2023,451352980,1,9,0,18,19,7,3,0,0,0,0,0,0,0,1,1,6,6,1,26,6,2494,1,24,BMW 3 SERIES,10,E01030396,0,-1
2023421330004,2023,421330004,1,9,0,2,2,0,0,0,0,0,0,0,0,0,1,1,6,6,3,-1,-1,2494,1,22,BMW 3 SERIES,-1,-1,0,-1
2023061393876,2023,061393876,1,9,0,18,19,4,6,0,0,1,0,0,0,0,1,1,6,6,3,30,6,1998,8,0,BMW 3 SERIES,-1,-1,0,-1
2023440335993,2023,440335993,2,9,0,18,19,2,6,0,0,4,0,0,0,0,3,1,6,6,1,21,5,2000,2,12,BMW 3 SERIES,9,E01022611,0,-1
2023440287442,2023,440287442,2,9,0,18,19,4,8,0,0,2,0,0,0,0,1,1,6,6,3,-1,-1,2000,2,13,BMW 3 SERIES,-1,-1,0,-1
2023201416116,2023,201416116,1,9,0,5,5,2,2,0,0,2,0,0,0,0,4,1,1,1,1,-1,-1,2993,2,2,BMW 3 SERIES,5,E01009234,0,-1
2023311265975,2023,311265975,1,9,0,18,19,7,3,9,9,0,0,4,0,0,1,1,6,6,2,57,9,1995,2,8,BMW 3 SERIES,-1,-1,0,-1
2023201416210,2023,201416210,1,9,0,7,7,2,4,0,0,6,0,0,0,0,1,1,6,6,1,26,6,1995,1,14,BMW 3 SERIES,2,E01010204,0,-1
2023461356966,2023,461356966,1,9,0,18,19,6,2,0,0,0,0,0,1,9,1,1,6,6,1,71,10,1998,8,7,BMW 3 SERIES,7,E01002654,0,-1
2023131375449,2023,131375449,2,9,0,5,5,5,1,0,0,8,0,0,0,0,1,1,5,6,1,35,6,2993,2,14,BMW 3 SERIES,7,E01011846,0,-1
2023401342214,2023,401342214,2,9,0,18,19,7,3,0,0,0,1,4,1,3,2,1,6,6,1,19,4,2993,2,8,BMW 3 SERIES,3,E01015724,0,-1
2023041347364,2023,041347364,2,9,0,18,19,3,7,0,0,1,0,0,0,0,1,1,1,1,1,28,6,1995,2,14,BMW 3 SERIES,8,E01012582,0,-1
2023461318360,2023,461318360,2,9,0,2,2,0,0,0,0,1,0,0,0,0,4,1,6,6,1,45,7,1995,1,17,BMW 3 SERIES,9,E01024298,0,-1
2023211295787,2023,211295787,3,9,0,4,4,3,7,0,0,0,0,0,0,0,1,1,2,2,1,27,6,1995,1,14,BMW 3 SERIES,9,E01010346,0,-1
2023361285129,2023,361285129,2,9,0,18,19,5,1,0,0,8,0,0,0,0,1,1,6,6,2,27,6,1995,2,9,BMW 3 SERIES,-1,-1,0,-1
2023031363136,2023,031363136,1,9,0,18,19,3,7,0,0,1,0,0,0,0,1,1,5,6,1,49,8,1995,2,7,BMW 3 SERIES,-1,-1,0,-1
2023461285967,2023,461285967,1,9,0,7,7,5,7,0,0,8,0,0,0,0,3,1,6,6,3,-1,-1,2497,1,17,BMW 3 SERIES,-1,-1,0,-1
2023411300770,2023,411300770,1,9,0,18,19,5,1,0,0,1,0,0,0,0,1,1,2,2,1,29,6,1998,8,4,BMW 3 SERIES,7,E01023495,0,-1
2023061327452,2023,061327452,1,9,0,18,19,3,7,0,0,0,0,0,0,0,1,1,6,6,1,64,9,1995,2,11,BMW 3 SERIES,4,E01005673,0,-1
2023430512370,2023,430512370,1,9,0,9,9,8,6,0,0,8,0,0,0,0,4,1,6,6,1,30,6,1998,1,4,BMW 3 SERIES,5,E01032724,0,-1
2023311383654,2023,311383654,2,9,0,3,3,7,3,0,0,0,0,0,0,0,1,1,1,1,1,32,6,2993,12,0,BMW 3 SERIES,5,E01028189,0,-1
2023371327450,2023,371327450,1,9,-1,-1,-1,7,3,-1,-1,0,-1,-1,-1,0,-1,1,6,6,1,81,11,1998,8,2,BMW 3 SERIES,5,E01021414,0,-1
2023201315966,2023,201315966,1,9,0,18,19,7,2,0,0,1,0,7,3,2,1,1,5,6,1,30,6,2993,2,7,BMW 3 SERIES,4,E01009628,0,-1
2023010431902,2023,010431902,2,9,0,99,99,9,9,99,99,9,9,99,9,99,1,9,6,6,3,-1,-1,1499,1,7,BMW 3 SERIES,8,E01002163,0,-1
2023131384135,2023,131384135,1,9,0,18,19,5,1,0,0,1,0,0,0,0,1,1,5,6,2,49,8,1995,1,13,BMW 3 SERIES,1,E01010868,0,-1
2023010432252,2023,010432252,2,9,0,3,3,5,1,0,0,3,0,0,0,0,4,1,6,6,1,24,5,1995,2,8,BMW 3 SERIES,3,E01002580,0,-1
2023201424359,2023,201424359,1,9,0,16,19,8,4,2,2,1,1,10,7,1,4,1,2,2,1,23,5,1995,1,16,BMW 3 SERIES,1,E01009979,0,-1
2023201293994,2023,201293994,3,9,0,18,19,4,8,0,0,1,0,0,0,0,0,1,1,1,1,-1,-1,2993,2,2,BMW 3 SERIES,-1,-1,0,-1
2023010461327,2023,010461327,1,9,0,4,4,5,1,0,0,0,0,0,0,0,0,1,6,6,1,44,7,1998,8,6,BMW 3 SERIES,1,E01003488,0,-1
2023201293514,2023,201293514,2,9,0,2,2,0,0,0,0,0,0,0,0,0,2,1,6,6,3,-1,-1,1995,2,12,BMW 3 SERIES,-1,-1,0,-1
2023351298019,2023,351298019,2,9,0,18,19,1,5,0,0,0,0,0,0,0,1,1,5,6,1,19,4,1995,2,6,BMW 3 SERIES,4,E01015606,0,-1
2023122400011,2023,122400011,1,9,0,3,3,5,1,0,0,0,0,0,0,0,2,1,6,6,1,37,7,2993,2,5,BMW 3 SERIES,-1,-1,0,-1
2023010438733,2023,010438733,1,9,0,7,7,1,4,0,0,6,0,0,0,0,4,1,6,6,1,25,5,1995,2,9,BMW 3 SERIES,5,E01003935,0,-1
2023201325709,2023,201325709,2,9,0,13,13,4,8,0,0,1,0,10,1,0,2,1,6,6,1,-1,-1,1995,2,16,BMW 3 SERIES,-1,-1,0,-1
2023302300357,2023,302300357,1,9,0,18,19,4,8,0,0,0,0,0,0,0,1,1,1,1,1,33,6,1995,2,12,BMW 3 SERIES,2,E01007740,0,-1
2023421356890,2023,421356890,1,9,0,18,19,5,1,0,0,0,0,0,0,0,1,1,6,6,1,19,4,1995,2,8,BMW 3 SERIES,7,E01021627,0,-1
2023041363721,2023,041363721,2,9,0,7,7,3,5,0,0,2,0,0,0,0,3,1,2,2,1,39,7,1995,2,16,BMW 3 SERIES,1,E01012015,0,-1
2023010482370,2023,010482370,1,9,0,3,3,1,5,0,0,1,0,0,0,0,1,1,3,7,1,44,7,2000,1,14,BMW 3 SERIES,3,E01000740,0,-1
2023471343725,2023,471343725,1,9,0,18,19,3,7,0,0,6,0,0,1,4,1,1,5,6,1,20,4,1995,2,14,BMW 3 SERIES,10,E01022587,0,-1
2023421339110,2023,421339110,2,9,0,18,19,1,5,0,0,0,0,0,0,0,2,1,6,6,1,47,8,2993,2,6,BMW 3 SERIES,6,E01021733,0,-1
2023010453882,2023,010453882,2,9,0,99,99,9,9,99,99,0,9,99,9,99,9,9,6,6,3,-1,-1,1995,2,4,BMW 3 SERIES,-1,-1,0,-1
2023010460378,2023,010460378,2,9,0,18,19,3,7,0,0,8,0,4,0,0,4,1,6,6,1,72,10,1995,2,5,BMW 3 SERIES,8,E01001543,0,-1
2023052300196,2023,052300196,3,9,0,18,19,1,5,0,0,1,0,0,0,0,1,1,6,6,1,33,6,2494,1,20,BMW 3 SERIES,4,E01012703,0,-1
2023461394548,2023,461394548,2,9,0,18,19,2,6,0,0,0,0,0,0,0,1,1,2,2,1,23,5,2993,2,14,BMW 3 SERIES,6,E01024628,0,-1
2023471380734,2023,471380734,2,9,0,5,5,2,5,0,0,0,0,4,0,0,1,1,1,1,1,25,5,1995,2,13,BMW 3 SERIES,8,E01031655,0,-1
2023311357149,2023,311357149,1,9,0,8,8,6,8,0,0,0,0,0,0,0,4,1,3,7,2,38,7,1995,2,4,BMW 3 SERIES,-1,-1,0,-1
2023991270451,2023,991270451,3,9,0,2,2,1,1,0,0,1,0,0,0,0,1,1,6,6,3,-1,-1,1995,2,16,BMW 3 SERIES,-1,-1,0,-1
2023010426679,2023,010426679,2,9,0,18,19,1,5,0,0,0,0,0,0,0,1,2,6,6,3,25,5,1896,1,26,BMW 3 SERIES,8,E01002385,0,-1
2023991352414,2023,991352414,3,9,0,18,19,7,2,0,0,0,0,0,0,0,2,1,2,2,1,36,7,1995,2,8,BMW 3 SERIES,1,-1,0,-1
2023170H10313,2023,170H10313,2,9,0,18,19,3,7,0,0,1,0,0,0,0,1,1,6,6,1,65,9,1995,2,6,BMW 3 SERIES,2,E01011993,0,-1
2023010443329,2023,010443329,2,9,0,99,99,9,9,99,99,9,9,99,9,99,1,9,6,6,3,48,8,1995,2,16,BMW 3 SERIES,4,E01000769,0,-1
2023991266155,2023,991266155,3,9,0,5,5,3,7,0,0,0,0,0,0,0,2,1,6,6,2,31,6,1995,2,6,BMW 3 SERIES,8,-1,0,-1
2023430179194,2023,430179194,2,9,0,7,7,7,1,0,0,3,0,0,0,0,2,1,6,6,2,41,7,1995,2,7,BMW 3 SERIES,9,E01016773,0,-1
2023461290714,2023,461290714,1,9,0,17,19,8,4,9,9,1,0,0,0,0,4,1,3,7,2,49,8,1995,2,11,BMW 3 SERIES,10,E01024751,0,-1
2023520400694,2023,520400694,2,9,0,18,19,5,1,0,0,4,0,0,0,0,1,1,6,6,1,21,5,1995,2,13,BMW 3 SERIES,4,E01014928,0,-1
2023421334504,2023,421334504,1,9,0,17,19,8,4,0,0,0,0,0,0,0,4,1,5,6,1,38,7,1995,2,14,BMW 3 SERIES,8,E01021333,0,-1
2023501383500,2023,501383500,2,9,0,9,9,4,8,0,0,5,0,0,0,0,2,1,6,6,1,35,6,1995,2,9,BMW 3 SERIES,4,E01018924,0,-1
2023010426394,2023,010426394,2,9,0,18,19,5,1,0,0,0,0,0,0,0,1,1,6,6,1,22,5,1998,1,3,BMW 3 SERIES,2,E01001482,0,-1
2023010428268,2023,010428268,1,9,0,99,99,9,9,99,99,0,9,99,9,99,9,9,6,6,1,35,6,1995,1,17,BMW 3 SERIES,4,E01000066,0,-1
2023430239098,2023,430239098,2,9,0,18,19,7,3,0,0,0,0,0,0,0,1,1,6,6,1,-1,-1,1995,2,12,BMW 3 SERIES,-1,-1,0,-1
2023461351539,2023,461351539,1,9,0,4,4,4,8,6,6,0,0,0,0,0,2,1,6,6,3,-1,-1,1995,12,3,BMW 3 SERIES,-1,-1,0,-1
2023302300493,2023,302300493,1,9,0,2,2,0,0,9,9,1,0,0,0,0,3,1,6,6,1,33,6,2996,1,15,BMW 3 SERIES,3,E01013454,0,-1
2023010474157,2023,010474157,1,9,0,99,99,9,9,99,99,9,9,99,9,99,3,9,6,6,1,48,8,2993,2,7,BMW 3 SERIES,5,E01024383,0,-1
2023052302908,2023,052302908,3,9,0,2,2,0,0,0,0,0,0,0,0,0,3,1,6,6,3,-1,-1,1998,8,4,BMW 3 SERIES,-1,-1,0,-1
2023201298947,2023,201298947,1,9,0,18,19,8,4,0,0,8,0,0,0,0,1,1,2,2,1,29,6,2993,2,7,BMW 3 SERIES,9,E01010494,0,-1
2023010473801,2023,010473801,2,9,0,99,99,9,9,99,99,9,9,99,9,99,9,9,6,6,3,26,6,1995,2,8,BMW 3 SERIES,4,E01001953,0,-1
2023302300925,2023,302300925,2,9,0,11,11,2,6,0,0,1,0,0,0,0,4,1,6,6,3,-1,-1,1995,2,17,BMW 3 SERIES,5,E01019456,0,-1
2023161361601,2023,161361601,1,9,0,17,19,4,8,0,0,0,1,10,8,4,1,1,6,6,1,27,6,1995,2,10,BMW 3 SERIES,6,E01013334,0,-1
2023440047067,2023,440047067,1,9,0,18,19,7,3,0,0,8,0,0,0,0,1,1,6,6,1,23,5,2979,1,12,BMW 3 SERIES,3,E01023157,0,-1
2023501332102,2023,501332102,2,9,0,4,4,3,1,0,0,1,0,0,0,0,1,1,3,7,2,23,5,1995,1,17,BMW 3 SERIES,1,E01018870,0,-1
2023010444189,2023,010444189,1,8,0,99,99,9,9,99,99,9,9,99,9,99,2,9,1,1,1,33,6,1995,2,6,-1,6,E01024292,0,-1
2023311307711,2023,311307711,2,9,0,18,19,7,3,0,0,0,0,0,0,0,2,1,6,6,1,50,8,1995,2,5,BMW 3 SERIES,-1,-1,0,-1
2023320658535,2023,320658535,2,9,0,18,19,5,1,0,0,0,0,0,0,0,1,1,2,2,1,41,7,2993,2,10,BMW 3 SERIES,3,E01026353,0,-1
2023622300173,2023,622300173,2,9,0,18,19,8,4,0,0,8,0,0,0,0,1,1,6,6,2,40,7,2000,2,14,BMW 3 SERIES,1,W01000864,0,-1