collision_index,collision_year,collision_ref_no,vehicle_reference,vehicle_type,towing_and_articulation,vehicle_manoeuvre_historic,vehicle_manoeuvre,vehicle_direction_from,vehicle_direction_to,vehicle_location_restricted_lane_historic,vehicle_location_restricted_lane,junction_location,skidding_and_overturning,hit_object_in_carriageway,vehicle_leaving_carriageway,hit_object_off_carriageway,first_point_of_impact,vehicle_left_hand_drive,journey_purpose_of_driver_historic,journey_purpose_of_driver,sex_of_driver,age_of_driver,age_band_of_driver,engine_capacity_cc,propulsion_code,age_of_vehicle,generic_make_model,driver_imd_decile,lsoa_of_driver,escooter_flag,driver_distance_banding
2023070614801,2023,070614801,1,9,0,18,19,3,7,0,0,0,1,0,2,3,4,1,6,6,1,19,4,1995,2,15,BMW 3 SERIES,10,E01018350,0,-1
2023332300574,2023,332300574,2,9,0,18,19,3,7,0,0,0,0,0,0,0,1,1,6,6,3,-1,-1,1995,2,11,BMW 3 SERIES,-1,-1,0,-1
2023201339850,2023,201339850,1,9,0,9,9,3,8,0,0,3,0,0,0,0,3,1,6,6,1,47,8,2993,2,5,BMW 3 SERIES,10,E01009705,0,-1
2023201408312,2023,201408312,1,9,0,18,19,4,8,0,0,0,0,0,0,0,1,1,1,1,1,-1,-1,2993,2,7,BMW 3 SERIES,8,E01010373,0,-1
2023401325809,2023,401325809,1,9,0,7,7,3,5,0,0,1,0,0,0,0,1,1,6,6,1,40,7,2993,2,6,BMW 3 SERIES,5,E01018135,0,-1
2023221270312,2023,221270312,2,9,0,4,4,2,6,0,0,1,0,0,0,0,2,1,5,6,2,38,7,2979,1,16,BMW 3 SERIES,9,E01013987,0,-1
2023221327883,2023,221327883,1,9,0,18,19,2,6,0,0,0,0,4,0,0,3,1,5,6,1,67,10,1995,2,13,BMW 3 SERIES,8,E01032400,0,-1
2023061336245,2023,061336245,1,9,0,18,19,1,5,6,6,0,1,0,1,0,4,1,5,6,1,34,6,1995,2,11,BMW 3 SERIES,1,E01025389,0,-1
2023991288009,2023,991288009,1,9,0,18,19,3,7,0,0,0,0,0,7,0,1,1,6,6,1,48,8,1995,2,4,BMW 3 SERIES,9,-1,0,-1
2023141369912,2023,141369912,1,9,0,3,3,5,2,0,0,0,0,0,0,0,1,1,1,1,2,39,7,2993,2,3,BMW 3 SERIES,6,E01008040,0,-1
2023311361181,2023,311361181,1,9,0,10,10,8,6,0,0,1,0,0,0,0,1,1,5,6,2,38,7,1995,2,10,BMW 3 SERIES,9,E01010166,0,-1
2023141316502,2023,141316502,3,9,0,14,14,7,4,0,0,1,0,0,0,0,1,1,6,6,3,-1,-1,1995,2,13,BMW 3 SERIES,-1,-1,0,-1
2023010449054,2023,010449054,2,9,0,18,19,3,7,0,0,1,0,0,0,0,1,1,6,6,3,-1,-1,1995,2,18,BMW 3 SERIES,-1,-1,0,-1
2023552300615,2023,552300615,2,9,0,4,4,5,1,0,0,8,0,0,0,0,2,1,2,2,2,43,7,1995,2,13,BMW 3 SERIES,5,E01015374,0,-1
2023201308318,2023,201308318,3,9,0,17,19,2,6,0,0,8,0,0,0,0,1,1,1,1,2,-1,-1,2993,12,2,BMW 3 SERIES,5,E01009234,0,-1
2023471303712,2023,471303712,1,9,0,18,19,5,1,0,0,1,1,0,1,11,1,1,5,6,1,78,11,1998,8,7,BMW 3 SERIES,9,E01030828,0,-1
2023311350546,2023,311350546,1,9,0,5,5,1,1,0,0,1,0,0,0,0,1,1,5,6,1,37,7,1995,1,16,BMW 3 SERIES,1,E01013860,0,-1
2023471267553,2023,471267553,1,9,0,9,9,6,4,0,0,8,0,0,0,0,3,1,5,6,2,37,7,1995,2,8,BMW 3 SERIES,6,E01021105,0,-1
2023311355761,2023,311355761,1,9,0,18,19,2,6,0,0,8,0,0,0,0,1,1,2,2,1,60,9,1995,2,5,BMW 3 SERIES,6,E01019502,0,-1
2023010439240,2023,010439240,1,9,0,99,99,9,9,99,99,1,9,99,9,99,2,9,2,2,2,36,7,1998,1,3,BMW 3 SERIES,5,E01004086,0,-1
2023010478034,2023,010478034,3,9,0,9,9,3,1,0,0,6,0,0,0,0,1,1,6,6,3,29,6,2497,1,17,BMW 3 SERIES,5,E01000321,0,-1
2023010437480,2023,010437480,4,9,0,18,19,2,6,0,0,2,0,0,0,0,2,1,6,6,1,24,5,2998,1,6,BMW 3 SERIES,9,E01001281,0,-1
2023141318249,2023,141318249,1,9,0,18,19,7,3,0,0,1,0,0,0,0,4,1,5,6,2,36,7,1995,2,4,BMW 3 SERIES,6,E01008151,0,-1
2023311269007,2023,311269007,1,9,0,18,19,1,4,0,0,3,0,0,0,0,1,1,6,6,1,27,6,1995,2,5,BMW 3 SERIES,6,E01013978,0,-1
2023411309180,2023,411309180,1,9,0,2,2,5,1,0,0,0,0,0,0,0,3,1,5,6,1,44,7,2494,1,21,BMW 3 SERIES,2,E01023339,0,-1
2023052302778,2023,052302778,1,9,0,16,19,1,3,0,0,1,0,0,0,0,1,1,1,1,1,-1,-1,2993,2,4,BMW 3 SERIES,-1,-1,0,-1
2023010461675,2023,010461675,1,9,0,99,99,9,9,0,0,0,9,99,9,99,2,9,6,6,1,37,7,1998,1,4,BMW 3 SERIES,2,E01004400,0,-1
2023201313158,2023,201313158,3,9,0,18,19,6,2,0,0,1,0,0,0,0,1,1,6,6,1,-1,-1,1998,1,3,BMW 3 SERIES,9,E01017551,0,-1
2023131307037,2023,131307037,1,9,0,4,4,1,5,0,0,1,0,0,0,0,1,1,6,6,2,24,5,1998,1,3,BMW 3 SERIES,3,E01010670,0,-1
2023131388997,2023,131388997,2,9,0,18,19,1,5,0,0,1,0,0,0,0,0,1,1,1,1,48,8,2993,12,1,BMW 3 SERIES,6,E01011885,0,-1
2023122301313,2023,122301313,1,9,0,7,7,1,3,0,0,0,0,0,0,0,1,1,2,2,2,25,5,1998,8,3,BMW 3 SERIES,10,E01027623,0,-1
2023052300693,2023,052300693,2,9,0,2,2,0,0,0,0,0,0,0,1,0,2,1,6,6,3,-1,-1,1995,1,11,BMW 3 SERIES,-1,-1,0,-1
2023501290318,2023,501290318,1,9,0,18,19,5,1,0,0,0,0,0,0,0,1,1,6,6,1,27,6,2000,2,12,BMW 3 SERIES,4,E01029183,0,-1
2023411333512,2023,411333512,1,9,0,18,19,5,1,0,0,0,0,0,0,0,1,1,6,6,1,33,6,1995,12,2,BMW 3 SERIES,6,E01025878,0,-1
2023131306853,2023,131306853,2,9,0,18,19,8,5,0,0,8,0,0,0,0,1,1,1,1,1,38,7,2993,2,2,BMW 3 SERIES,1,E01010730,0,-1
2023542638923,2023,542638923,1,9,0,18,19,1,5,0,0,4,2,9,1,2,1,1,6,6,1,26,6,2979,1,13,BMW 3 SERIES,6,E01015555,0,-1
202360A148357,2023,60A148357,1,9,0,18,19,6,2,0,0,1,0,10,7,2,1,1,6,6,1,19,4,1995,2,13,BMW 3 SERIES,-1,-1,0,-1
2023131312207,2023,131312207,1,9,0,9,9,1,5,0,0,1,0,0,0,0,1,2,5,6,1,19,4,1995,2,9,BMW 3 SERIES,1,E01011493,0,-1
2023211350829,2023,211350829,2,9,0,9,9,2,8,0,0,1,0,0,0,0,4,1,6,6,2,51,8,1998,1,2,BMW 3 SERIES,10,E01029531,0,-1
2023010433479,2023,010433479,1,9,0,9,9,6,3,0,0,5,0,0,0,0,3,1,6,6,1,38,7,1995,1,14,BMW 3 SERIES,10,E01003881,0,-1
2023170M10933,2023,170M10933,1,9,0,3,3,2,6,0,0,0,0,0,0,0,2,1,6,6,2,43,7,2993,2,9,BMW 3 SERIES,8,E01012174,0,-1
2023010454087,2023,010454087,1,9,0,13,13,7,3,0,0,1,1,0,0,0,1,1,6,6,1,20,4,1995,1,17,BMW 3 SERIES,3,E01000109,0,-1
2023010483284,2023,010483284,1,9,0,18,19,5,1,0,0,1,1,0,7,4,1,1,6,6,1,33,6,1995,2,4,BMW 3 SERIES,3,E01004443,0,-1
2023522301692,2023,522301692,1,9,0,7,7,7,1,0,0,6,1,0,1,5,1,1,6,6,1,29,6,1995,1,15,BMW 3 SERIES,3,E01014736,0,-1
2023010478320,2023,010478320,1,9,0,99,99,9,9,99,99,9,9,99,9,99,9,9,2,2,1,29,6,2993,2,5,BMW 3 SERIES,3,E01000195,0,-1
2023201409104,2023,201409104,1,9,0,18,19,3,7,0,0,8,0,0,0,0,1,1,6,6,2,37,7,1995,2,6,BMW 3 SERIES,5,E01009267,0,-1
2023461344435,2023,461344435,2,9,0,2,2,0,0,0,0,1,0,0,0,0,1,1,6,6,1,42,7,1995,2,10,BMW 3 SERIES,5,E01024495,0,-1
2023010470456,2023,010470456,1,9,0,18,19,7,3,0,0,0,0,0,0,0,2,1,6,6,1,58,9,1997,1,8,BMW 3 SERIES,9,E01021828,0,-1
2023332300085,2023,332300085,4,9,0,3,3,6,2,0,0,0,0,0,0,0,2,1,6,6,1,45,7,2494,1,23,BMW 3 SERIES,8,E01025613,0,-1
2023991277736,2023,991277736,2,9,0,18,19,3,7,0,0,1,0,0,0,0,1,1,5,6,1,48,8,2993,2,10,BMW 3 SERIES,3,-1,0,-1
2023131259296,2023,131259296,2,9,0,18,19,1,5,0,0,1,0,0,0,0,0,1,1,1,1,30,6,2993,2,2,BMW 3 SERIES,-1,-1,0,-1
2023010437713,2023,010437713,1,9,0,18,19,3,7,0,0,1,0,0,0,0,1,1,6,6,1,20,4,2979,1,20,BMW 3 SERIES,5,E01001556,0,-1
2023991268426,2023,991268426,1,9,0,18,19,6,1,0,0,1,0,0,0,0,1,1,2,2,1,54,8,1995,1,16,BMW 3 SERIES,1,-1,0,-1
2023201418977,2023,201418977,1,9,0,18,19,8,4,0,0,1,0,0,0,0,1,1,6,6,1,-1,-1,1995,2,11,BMW 3 SERIES,-1,-1,0,-1
2023471288266,2023,471288266,1,9,0,10,10,2,7,0,0,1,0,0,0,0,1,1,5,6,1,26,6,1995,2,19,BMW 3 SERIES,4,E01020914,0,-1
2023231320769,2023,231320769,1,9,0,5,5,8,5,0,0,6,0,0,0,0,0,1,5,6,1,28,6,1995,2,15,BMW 3 SERIES,4,E01028781,0,-1
2023461318383,2023,461318383,1,9,0,18,19,5,1,0,0,0,0,0,0,0,1,1,6,6,1,26,6,1998,1,3,BMW 3 SERIES,2,E01024633,0,-1
2023201416073,2023,201416073,3,9,0,18,19,3,7,0,0,0,0,0,0,0,1,1,1,1,3,-1,-1,2993,12,2,BMW 3 SERIES,-1,-1,0,-1
2023231314202,2023,231314202,1,9,0,18,19,3,7,0,0,0,0,0,0,0,3,1,6,6,1,44,7,1998,8,5,BMW 3 SERIES,8,E01031083,0,-1
2023010442687,2023,010442687,12,9,0,2,2,0,0,0,0,0,0,0,0,0,0,1,6,6,3,-1,-1,1998,1,8,BMW 3 SERIES,-1,-1,0,-1
2023531370409,2023,531370409,1,9,0,4,4,1,5,0,0,0,0,0,0,0,1,1,5,6,2,34,6,1995,2,11,BMW 3 SERIES,9,E01022357,0,-1
2023010449023,2023,010449023,1,8,0,99,99,9,9,99,99,9,9,99,0,0,1,9,1,1,1,29,6,1995,2,6,-1,5,E01003312,0,-1
2023131260149,2023,131260149,1,9,0,18,19,6,2,0,0,0,1,0,1,11,4,1,5,6,1,27,6,2993,2,7,BMW 3 SERIES,2,E01011840,0,-1
2023061324578,2023,061324578,2,9,0,18,19,5,1,0,0,1,0,0,0,0,1,1,6,6,1,24,5,1995,2,13,BMW 3 SERIES,5,E01004913,0,-1
2023622300637,2023,622300637,1,9,0,18,19,8,4,0,0,0,1,0,1,4,3,1,6,6,1,28,6,1995,2,18,BMW 3 SERIES,1,W01001699,0,-1
2023451280697,2023,451280697,2,9,0,18,19,1,5,0,0,0,0,0,0,0,2,1,1,1,1,36,7,1998,8,6,BMW 3 SERIES,10,E01024327,0,-1
2023461262783,2023,461262783,1,9,0,17,19,1,3,0,0,0,0,0,1,0,1,1,5,6,2,25,5,1995,1,13,BMW 3 SERIES,3,E01016030,0,-1
2023010438281,2023,010438281,1,9,0,18,19,7,3,0,0,0,0,0,0,0,2,1,1,1,1,57,9,1499,1,6,BMW 3 SERIES,8,E01030390,0,-1
2023340WN4402,2023,340WN4402,2,9,0,3,3,3,7,0,0,8,0,0,0,0,2,1,6,6,2,29,6,1995,2,7,BMW 3 SERIES,8,E01027282,0,-1
2023122301061,2023,122301061,2,9,0,4,4,4,8,0,0,0,0,0,0,0,2,1,6,6,1,37,7,1995,2,10,BMW 3 SERIES,9,E01027577,0,-1
2023302300740,2023,302300740,2,9,0,3,3,8,4,0,0,0,0,0,0,0,2,1,2,2,1,28,6,1995,2,11,BMW 3 SERIES,5,E01013582,0,-1
2023421270010,2023,421270010,2,9,0,2,2,0,0,0,0,0,0,0,0,0,2,1,6,6,3,-1,-1,1995,2,12,BMW 3 SERIES,-1,-1,0,-1
2023010439594,2023,010439594,4,9,5,18,19,1,5,0,0,2,0,0,0,0,1,1,6,6,1,37,7,1995,1,16,BMW 3 SERIES,7,E01000427,0,-1
2023991392494,2023,991392494,1,9,0,18,19,3,7,0,0,8,0,0,0,0,1,1,6,6,1,19,4,1995,2,10,BMW 3 SERIES,1,-1,0,-1
2023201276909,2023,201276909,1,9,0,10,10,2,8,0,0,8,0,0,0,0,2,1,5,6,1,43,7,1995,2,16,BMW 3 SERIES,5,E01010488,0,-1
2023010433205,2023,010433205,3,9,0,4,4,3,7,0,0,0,0,0,0,0,2,1,6,6,1,56,9,1997,1,10,BMW 3 SERIES,-1,-1,0,-1
2023991345618,2023,991345618,3,9,0,18,19,8,4,0,0,0,0,0,0,0,2,1,5,6,1,57,9,2993,2,7,BMW 3 SERIES,-1,-1,0,-1
2023311357048,2023,311357048,1,9,0,18,19,6,2,0,0,0,0,0,0,0,4,1,1,1,1,47,8,2993,12,1,BMW 3 SERIES,-1,-1,0,-1
2023201303547,2023,201303547,1,9,0,5,5,8,4,0,0,6,0,0,0,0,1,1,6,6,2,-1,-1,1995,1,16,BMW 3 SERIES,-1,-1,0,-1
2023122301426,2023,122301426,3,9,0,2,2,0,0,0,0,0,0,0,0,0,3,1,6,6,3,46,8,1995,2,11,BMW 3 SERIES,-1,-1,0,-1
2023221316667,2023,221316667,1,9,0,3,3,2,6,0,0,0,0,0,0,0,2,1,6,6,1,48,8,1995,2,4,BMW 3 SERIES,3,E01010523,0,-1
2023061326960,2023,061326960,1,9,-1,-1,-1,-1,-1,-1,-1,-1,-1,-1,-1,0,-1,1,6,6,3,-1,-1,2993,2,8,BMW 3 SERIES,-1,-1,0,-1
2023061304543,2023,061304543,1,9,0,12,12,5,1,9,9,0,1,0,0,0,4,1,6,6,1,25,5,1995,1,17,BMW 3 SERIES,-1,-1,0,-1
2023211310996,2023,211310996,1,9,0,5,5,1,5,0,0,4,0,0,0,0,1,1,5,6,2,47,8,2000,2,11,BMW 3 SERIES,3,E01014322,0,-1
2023430493385,2023,430493385,2,9,0,12,12,4,8,0,0,4,0,0,0,0,1,1,6,6,1,-1,-1,1995,2,17,BMW 3 SERIES,-1,-1,0,-1
2023010434121,2023,010434121,2,9,0,99,99,9,9,99,99,9,9,99,9,99,0,9,6,6,3,-1,-1,1995,1,16,BMW 3 SERIES,-1,-1,0,-1
2023010426002,2023,010426002,2,9,0,5,5,7,3,0,0,6,1,0,0,0,1,1,6,6,1,25,5,1995,1,16,BMW 3 SERIES,6,E01000582,0,-1
2023501322951,2023,501322951,2,9,0,5,5,6,1,0,0,0,0,0,0,0,2,1,5,6,2,31,6,2979,1,19,BMW 3 SERIES,6,E01018826,0,-1
2023311417493,2023,311417493,1,9,0,18,19,8,4,0,0,1,0,0,0,0,1,1,6,6,1,61,9,1998,8,2,BMW 3 SERIES,8,E01019854,0,-1
2023522301276,2023,522301276,1,9,0,9,9,5,3,0,0,8,0,0,0,0,4,1,6,6,2,46,8,1995,2,6,BMW 3 SERIES,10,W01001586,0,-1
2023201370120,2023,201370120,1,9,0,18,19,4,8,0,0,3,0,0,0,0,1,1,6,6,3,-1,-1,1995,2,6,BMW 3 SERIES,-1,-1,0,-1
2023411318624,2023,411318624,1,9,0,7,7,4,6,0,0,5,0,0,0,0,3,1,6,6,1,-1,-1,1995,2,9,BMW 3 SERIES,-1,-1,0,-1
2023471320451,2023,471320451,1,9,0,5,5,3,8,0,0,1,0,0,0,0,1,1,5,6,1,21,5,2993,2,16,BMW 3 SERIES,8,E01016985,0,-1
2023052301633,2023,052301633,2,9,0,9,9,1,7,0,0,8,0,0,0,0,1,1,2,2,1,24,5,2993,2,7,BMW 3 SERIES,5,E01007299,0,-1
2023440210396,2023,440210396,3,9,0,8,8,6,2,0,0,1,0,0,0,0,3,1,6,6,1,46,8,1995,1,12,BMW 3 SERIES,8,E01022813,0,-1
2023010437607,2023,010437607,2,9,0,99,99,9,9,99,99,9,9,99,9,99,1,9,6,6,3,-1,-1,2171,1,17,BMW 3 SERIES,-1,-1,0,-1
2023471385630,2023,471385630,1,9,0,18,19,-1,-1,-1,-1,0,-1,-1,-1,0,-1,1,6,6,1,-1,-1,2171,1,20,BMW 3 SERIES,-1,-1,0,-1
2023542946823,2023,542946823,1,9,0,5,5,6,2,0,0,0,1,0,7,11,3,1,2,2,1,23,5,1995,2,15,BMW 3 SERIES,10,E01031948,0,-1
2023010484930,2023,010484930,1,9,0,4,4,3,7,0,0,0,0,0,0,0,1,1,6,6,2,29,6,1995,2,9,BMW 3 SERIES,-1,-1,0,-1
2023311268691,2023,311268691,2,9,0,3,3,6,2,0,0,0,0,0,0,0,2,1,3,7,2,41,7,1995,2,10,BMW 3 SERIES,6,E01013838,0,-1
2023631317682,2023,631317682,2,9,0,16,19,8,3,0,0,0,1,0,0,0,1,1,5,6,1,38,7,1995,2,16,BMW 3 SERIES,7,E01028884,0,-1
2023471329838,2023,471329838,2,9,0,3,3,7,3,0,0,0,0,0,0,0,2,1,5,6,1,48,8,1998,8,3,BMW 3 SERIES,10,E01031644,0,-1
2023161366698,2023,161366698,2,9,0,18,19,5,7,0,0,0,0,0,0,0,1,1,6,6,1,42,7,1998,8,1,BMW 3 SERIES,-1,-1,0,-1
2023010484200,2023,010484200,2,9,0,99,99,9,9,99,99,9,9,99,9,99,9,9,6,6,3,-1,-1,2171,1,21,BMW 3 SERIES,4,E01000591,0,-1
2023131276308,2023,131276308,1,9,0,18,19,1,5,0,0,1,0,0,0,0,1,1,6,6,1,19,4,1995,2,6,BMW 3 SERIES,9,E01011221,0,-1
2023552301335,2023,552301335,2,9,0,4,4,6,2,0,0,0,1,0,0,0,1,1,6,6,1,39,7,1995,2,17,BMW 3 SERIES,6,E01023017,0,-1
2023010472138,2023,010472138,2,9,0,17,19,1,5,0,0,1,0,0,0,0,1,2,6,6,1,22,5,1998,8,7,BMW 3 SERIES,1,E01001850,0,-1
2023010436428,2023,010436428,1,9,0,6,6,8,8,0,0,0,0,0,0,0,0,1,6,6,1,34,6,1998,8,7,BMW 3 SERIES,2,E01001447,0,-1
2023231327024,2023,231327024,2,9,0,4,4,5,1,0,0,0,0,0,0,0,2,1,5,6,1,32,6,1995,2,7,BMW 3 SERIES,4,E01031333,0,-1
2023061386532,2023,061386532,2,9,0,3,3,-1,-1,-1,-1,-1,0,0,0,0,1,1,6,6,2,29,6,1995,2,12,BMW 3 SERIES,2,E01033675,0,-1
2023311292086,2023,311292086,1,9,0,17,19,7,2,0,0,0,1,10,1,0,1,1,5,6,1,21,5,2993,2,11,BMW 3 SERIES,8,E01028047,0,-1
2023041332313,2023,041332313,1,9,0,18,19,7,3,0,0,0,0,0,0,0,1,1,6,6,1,27,6,2993,2,17,BMW 3 SERIES,1,E01006360,0,-1
2023131393136,2023,131393136,3,9,0,18,19,7,3,0,0,0,0,0,0,0,0,1,1,1,1,38,7,2993,12,1,BMW 3 SERIES,1,E01010614,0,-1
2023991290248,2023,991290248,17,9,0,18,19,1,5,0,0,1,1,0,0,0,1,1,6,6,1,40,7,2993,2,5,BMW 3 SERIES,10,-1,0,-1
2023311356736,2023,311356736,1,9,0,4,4,3,7,0,0,0,0,0,0,0,1,1,6,6,1,34,6,1995,2,12,BMW 3 SERIES,2,E01028334,0,-1
2023070352618,2023,070352618,1,9,0,5,5,8,4,0,0,0,0,0,0,0,3,1,6,6,2,53,8,1998,1,2,BMW 3 SERIES,10,E01018573,0,-1
2023471312076,2023,471312076,1,9,0,18,19,5,1,0,0,1,0,0,0,0,1,1,5,6,1,28,6,1995,2,11,BMW 3 SERIES,9,E01031714,0,-1
2023010449103,2023,010449103,1,9,0,18,19,5,1,0,0,1,0,0,0,0,1,1,6,6,3,-1,-1,2979,1,15,BMW 3 SERIES,-1,-1,0,-1
2023541203023,2023,541203023,2,9,0,4,4,6,2,0,0,0,0,0,0,0,2,1,6,6,1,24,5,1995,2,8,BMW 3 SERIES,7,E01032699,0,-1
2023010458710,2023,010458710,1,9,0,7,7,7,2,0,0,1,0,0,0,0,4,1,2,2,1,53,8,2793,1,26,BMW 3 SERIES,3,E01003686,0,-1
2023461379750,2023,461379750,3,9,0,4,4,5,3,0,0,1,0,0,7,0,1,1,6,6,2,30,6,2993,2,10,BMW 3 SERIES,3,E01016171,0,-1
2023471299670,2023,471299670,2,9,0,18,19,3,7,0,0,0,0,0,0,0,4,1,5,6,1,21,5,1995,1,15,BMW 3 SERIES,1,E01024687,0,-1
2023401328192,2023,401328192,1,9,0,-1,-1,-1,-1,0,0,0,0,0,0,0,1,1,6,6,1,32,6,1997,1,10,BMW 3 SERIES,2,E01017709,0,-1
2023440261797,2023,440261797,2,9,0,9,9,3,1,0,0,6,0,0,0,0,3,1,6,6,1,30,6,2993,2,15,BMW 3 SERIES,10,E01022954,0,-1
2023201298309,2023,201298309,1,9,0,18,19,8,4,0,0,0,0,10,1,2,1,1,6,6,3,-1,-1,1995,2,9,BMW 3 SERIES,-1,-1,0,-1
2023461345483,2023,461345483,1,9,0,17,19,2,7,0,0,6,0,0,0,0,1,1,6,6,1,23,5,2996,1,17,BMW 3 SERIES,8,E01000371,0,-1
2023520301030,2023,520301030,2,9,0,18,19,7,3,0,0,8,0,0,0,0,1,1,6,6,2,23,5,2171,1,22,BMW 3 SERIES,9,E01029258,0,-1
2023201374457,2023,201374457,1,9,0,18,19,6,2,0,0,1,0,10,1,2,1,1,6,6,1,21,5,2993,2,13,BMW 3 SERIES,7,E01009726,0,-1
2023461390680,2023,461390680,3,9,0,18,19,3,7,0,0,0,0,0,0,0,4,1,6,6,1,-1,-1,2979,1,20,BMW 3 SERIES,5,E01024205,0,-1
2023430550041,2023,430550041,3,9,0,3,3,6,2,0,0,0,0,0,0,0,2,1,6,6,1,45,7,2993,2,17,BMW 3 SERIES,-1,-1,0,-1
2023340NN1592,2023,340NN1592,1,9,0,18,19,7,3,0,0,1,0,0,0,0,1,1,2,2,1,34,6,1995,2,9,BMW 3 SERIES,3,E01014156,0,-1
2023041258740,2023,041258740,1,9,0,18,19,7,3,0,0,1,0,0,0,0,4,1,5,6,1,52,8,1995,2,16,BMW 3 SERIES,2,E01025285,0,-1
2023010452460,2023,010452460,2,9,0,5,5,3,7,0,0,0,0,0,0,0,3,1,6,6,2,44,7,1995,2,9,BMW 3 SERIES,8,E01000569,0,-1
2023010462910,2023,010462910,1,9,0,99,99,9,9,99,99,0,9,99,9,99,9,9,6,6,1,48,8,2993,2,7,BMW 3 SERIES,8,E01004557,0,-1
2023041368052,2023,041368052,1,9,0,17,19,8,4,0,0,0,1,0,7,0,1,1,5,6,1,27,6,2979,8,9,BMW 3 SERIES,6,E01025383,0,-1
2023170H10073,2023,170H10073,1,9,0,18,19,8,4,0,0,0,0,0,1,4,3,1,2,2,1,40,7,1995,12,2,BMW 3 SERIES,2,E01020842,0,-1
2023471342052,2023,471342052,1,9,0,18,19,3,7,0,0,0,0,0,0,0,1,1,5,6,1,40,7,2993,2,7,BMW 3 SERIES,5,E01021011,0,-1
2023411441119,2023,411441119,1,9,0,7,7,5,7,0,0,8,0,0,0,0,1,1,6,6,1,38,7,1995,2,8,BMW 3 SERIES,3,E01023346,0,-1
2023010429425,2023,010429425,1,9,0,18,19,1,5,0,0,8,0,0,0,0,1,1,2,2,1,41,7,2993,2,7,BMW 3 SERIES,7,E01001965,0,-1
2023991360600,2023,991360600,4,9,0,2,2,0,0,0,0,8,0,0,0,0,2,1,6,6,3,-1,-1,1598,1,10,BMW 3 SERIES,-1,-1,0,-1
2023461289708,2023,461289708,1,9,-1,-1,-1,-1,-1,-1,-1,0,-1,-1,-1,0,-1,1,6,6,1,-1,-1,1995,2,13,BMW 3 SERIES,8,E01031988,0,-1
2023552301166,2023,552301166,1,9,0,18,19,6,2,0,0,6,0,0,3,3,1,1,6,6,1,29,6,1995,2,16,BMW 3 SERIES,9,E01014998,0,-1
2023052301474,2023,052301474,1,9,0,18,19,1,5,0,0,8,0,0,0,0,3,1,6,6,3,-1,-1,1995,2,18,BMW 3 SERIES,-1,-1,0,-1
2023471376446,2023,471376446,1,9,0,7,7,5,3,0,0,6,0,0,0,0,1,1,5,6,1,62,9,1995,2,9,BMW 3 SERIES,8,E01021107,0,-1
2023451360754,2023,451360754,2,9,0,5,5,1,3,0,0,4,0,0,0,0,4,1,6,6,2,30,6,1998,1,2,BMW 3 SERIES,-1,-1,0,-1
2023061267309,2023,061267309,1,9,-1,-1,-1,-1,-1,-1,-1,-1,-1,-1,-1,0,-1,1,6,6,1,30,6,1998,1,2,BMW 3 SERIES,-1,-1,0,-1
2023501292742,2023,501292742,1,9,0,18,19,1,5,0,0,0,0,0,0,0,1,1,6,6,2,69,10,2993,2,15,BMW 3 SERIES,3,E01015219,0,-1
2023451371304,2023,451371304,4,9,0,18,19,7,5,0,0,4,0,0,0,0,0,1,1,1,1,29,6,2993,2,4,BMW 3 SERIES,9,E01030646,0,-1
2023061325689,2023,061325689,2,9,-1,-1,-1,-1,-1,-1,-1,0,-1,-1,-1,0,-1,1,6,6,2,38,7,2000,2,13,BMW 3 SERIES,3,E01005536,0,-1
2023201286971,2023,201286971,2,9,0,2,2,-1,-1,0,0,0,0,0,0,0,4,1,6,6,2,40,7,1598,1,10,BMW 3 SERIES,6,E01010133,0,-1
2023501313971,2023,501313971,1,9,0,17,19,7,3,9,9,1,0,0,1,11,4,1,6,6,2,60,9,1995,2,16,BMW 3 SERIES,4,E01018844,0,-1
2023471374629,2023,471374629,2,9,0,18,19,1,4,0,0,4,0,0,3,0,1,1,5,6,1,37,7,2993,2,17,BMW 3 SERIES,6,E01031408,0,-1
202354D360923,2023,54D360923,1,9,0,5,5,1,5,0,0,1,0,0,0,0,1,1,6,6,1,35,6,1998,8,7,BMW 3 SERIES,7,E01031852,0,-1
2023440408645,2023,440408645,1,9,0,9,9,2,8,0,0,6,0,0,0,0,1,1,2,2,1,49,8,1995,2,10,BMW 3 SERIES,4,E01022910,0,-1
2023332300637,2023,332300637,1,9,0,18,19,2,6,0,0,0,0,0,0,0,2,1,2,2,1,40,7,1995,2,9,BMW 3 SERIES,1,E01013755,0,-1
2023501377335,2023,501377335,1,9,0,17,19,5,1,0,0,0,1,0,1,9,0,1,2,2,1,37,7,2000,2,14,BMW 3 SERIES,5,E01018936,0,-1
2023010435556,2023,010435556,1,9,0,99,99,9,9,0,0,1,0,0,0,0,1,9,6,6,1,38,7,3000,1,13,BMW 3 SERIES,3,E01033324,0,-1
2023070535625,2023,070535625,3,9,0,18,19,4,8,0,0,0,0,0,0,0,0,1,1,1,1,62,9,2993,12,2,BMW 3 SERIES,-1,-1,0,-1
2023131333664,2023,131333664,1,9,0,-1,-1,-1,-1,-1,-1,8,-1,-1,-1,0,-1,1,6,6,3,-1,-1,2993,2,6,BMW 3 SERIES,-1,-1,0,-1
2023201316820,2023,201316820,1,9,0,18,19,-1,-1,0,0,0,0,0,0,0,1,1,6,6,1,34,6,2993,2,6,BMW 3 SERIES,10,E01016538,0,-1
2023421269503,2023,421269503,2,9,0,4,4,3,6,0,0,4,0,9,0,0,2,1,6,6,1,28,6,1995,2,8,BMW 3 SERIES,2,E01021486,0,-1