collision_index,collision_year,collision_ref_no,vehicle_reference,vehicle_type,towing_and_articulation,vehicle_manoeuvre_historic,vehicle_manoeuvre,vehicle_direction_from,vehicle_direction_to,vehicle_location_restricted_lane_historic,vehicle_location_restricted_lane,junction_location,skidding_and_overturning,hit_object_in_carriageway,vehicle_leaving_carriageway,hit_object_off_carriageway,first_point_of_impact,vehicle_left_hand_drive,journey_purpose_of_driver_historic,journey_purpose_of_driver,sex_of_driver,age_of_driver,age_band_of_driver,engine_capacity_cc,propulsion_code,age_of_vehicle,generic_make_model,driver_imd_decile,lsoa_of_driver,escooter_flag,driver_distance_banding
2023451274053,2023,451274053,1,9,0,18,19,7,3,0,0,1,0,0,0,0,4,1,5,6,1,47,8,1998,8,5,BMW 3 SERIES,10,E01030754,0,-1
2023320362334,2023,320362334,2,9,0,18,19,2,6,0,0,8,1,0,1,0,1,1,6,6,1,33,6,1796,1,24,BMW 3 SERIES,3,E01026036,0,-1
2023010431038,2023,010431038,1,9,0,9,9,3,2,0,0,1,0,4,0,0,1,1,3,7,1,52,8,1995,1,16,BMW 3 SERIES,6,E01003375,0,-1
2023311366238,2023,311366238,1,9,0,9,9,5,3,0,0,8,0,0,0,0,1,1,2,2,1,27,6,1995,2,18,BMW 3 SERIES,8,E01028119,0,-1
2023141281535,2023,141281535,1,9,0,18,19,4,8,0,0,0,0,0,0,0,1,1,6,6,2,29,6,2993,2,7,BMW 3 SERIES,4,E01007580,0,-1
2023010421765,2023,010421765,1,9,0,99,99,9,9,99,99,9,9,99,9,99,4,9,2,2,2,45,7,1499,1,5,BMW 3 SERIES,-1,-1,0,-1
2023440227339,2023,440227339,2,9,0,17,19,7,4,0,0,8,0,0,0,0,3,1,2,2,1,37,7,2171,1,20,BMW 3 SERIES,4,E01022527,0,-1
2023211332947,2023,211332947,2,9,0,16,19,3,7,0,0,0,0,0,0,0,1,1,6,6,2,36,7,1995,2,14,BMW 3 SERIES,4,E01029423,0,-1
2023010448271,2023,010448271,1,9,0,16,19,3,7,9,9,1,1,10,0,0,1,1,6,6,1,19,4,1995,1,15,BMW 3 SERIES,6,E01030736,0,-1
2023221342306,2023,221342306,1,9,0,18,19,5,1,0,0,8,0,0,0,0,4,1,5,6,2,40,7,1998,8,0,BMW 3 SERIES,6,E01015102,0,-1
2023122301090,2023,122301090,1,9,0,9,9,8,6,0,0,6,0,0,0,0,1,1,1,1,1,51,8,1998,8,1,BMW 3 SERIES,6,E01025145,0,-1
2023471313963,2023,471313963,3,9,0,18,19,1,5,0,0,1,0,0,0,0,1,1,6,6,1,25,5,2993,2,5,BMW 3 SERIES,8,E01021141,0,-1
2023061310035,2023,061310035,1,9,-1,-1,-1,-1,-1,-1,-1,0,-1,-1,-1,0,-1,1,6,6,1,-1,-1,1995,2,14,BMW 3 SERIES,4,E01006001,0,-1
2023991268439,2023,991268439,1,9,0,17,19,6,2,0,0,0,5,0,1,11,1,1,2,2,1,28,6,1995,1,16,BMW 3 SERIES,8,-1,0,-1
2023320793714,2023,320793714,3,9,0,4,4,6,2,0,0,0,0,0,0,0,2,1,6,6,1,48,8,1995,2,12,BMW 3 SERIES,6,E01026153,0,-1
2023141392071,2023,141392071,1,9,0,18,19,1,5,0,0,0,0,0,0,0,4,1,5,6,2,50,8,1998,8,0,BMW 3 SERIES,9,E01007380,0,-1
2023361327245,2023,361327245,2,9,0,18,19,6,2,0,0,0,0,0,0,0,1,1,5,6,2,30,6,1995,2,11,BMW 3 SERIES,6,E01026515,0,-1
2023471283903,2023,471283903,4,9,0,3,3,6,8,0,0,4,5,0,0,0,2,1,5,6,2,68,10,2497,1,17,BMW 3 SERIES,3,E01020937,0,-1
2023531319800,2023,531319800,2,9,0,18,19,5,1,0,0,0,0,0,0,0,1,1,5,6,1,70,10,2993,2,8,BMW 3 SERIES,8,E01022184,0,-1
2023461326626,2023,461326626,1,9,0,4,4,7,3,0,0,0,1,0,0,0,3,1,1,1,1,31,6,2993,2,17,BMW 3 SERIES,7,E01024554,0,-1
2023201310791,2023,201310791,3,9,0,18,19,2,6,0,0,8,0,0,0,0,0,1,1,1,1,-1,-1,2993,12,2,BMW 3 SERIES,-1,-1,0,-1
2023201360870,2023,201360870,5,9,0,2,2,0,0,0,0,0,0,4,0,0,2,1,6,6,1,-1,-1,1995,1,15,BMW 3 SERIES,-1,-1,0,-1
2023451356662,2023,451356662,3,9,0,2,2,0,0,9,9,1,0,0,0,0,4,1,6,6,3,-1,-1,1995,2,19,BMW 3 SERIES,-1,-1,0,-1
2023351321594,2023,351321594,1,9,0,18,19,7,3,0,0,6,0,0,0,0,2,1,6,6,2,33,6,1998,1,4,BMW 3 SERIES,5,E01018069,0,-1
2023010454505,2023,010454505,1,9,0,18,19,8,4,0,0,1,0,0,0,0,1,1,6,6,1,25,5,1598,1,10,BMW 3 SERIES,5,E01001988,0,-1
2023991373205,2023,991373205,5,9,0,2,2,0,0,0,0,0,0,4,0,0,1,1,6,6,3,-1,-1,1995,2,10,BMW 3 SERIES,-1,-1,0,-1
2023131324536,2023,131324536,1,9,0,18,19,3,7,0,0,0,0,0,0,0,1,1,5,6,1,29,6,1995,2,6,BMW 3 SERIES,1,E01011318,0,-1
2023010469484,2023,010469484,1,9,0,99,99,9,9,99,99,9,9,99,9,99,2,9,6,6,2,37,7,1995,2,7,BMW 3 SERIES,2,E01003731,0,-1
2023131320052,2023,131320052,2,9,0,2,2,0,0,8,6,8,0,0,0,0,1,1,6,6,3,-1,-1,1995,2,19,BMW 3 SERIES,-1,-1,0,-1
2023451313555,2023,451313555,1,9,0,18,19,4,8,0,0,0,0,0,1,0,4,1,5,6,1,31,6,1995,1,16,BMW 3 SERIES,5,E01001099,0,-1
2023231388180,2023,231388180,1,9,0,18,19,2,6,0,0,0,0,0,0,0,1,1,5,6,1,30,6,1998,8,1,BMW 3 SERIES,10,E01031259,0,-1
2023451335854,2023,451335854,1,9,0,15,15,7,3,0,0,2,0,1,0,0,2,1,5,6,1,63,9,1998,8,2,BMW 3 SERIES,7,E01023125,0,-1
2023111322854,2023,111322854,2,9,0,18,19,4,1,0,0,0,0,0,0,0,1,1,6,6,1,37,7,1998,8,1,BMW 3 SERIES,9,E01020698,0,-1
2023231299191,2023,231299191,1,9,0,18,19,5,1,0,0,4,0,0,0,0,1,1,6,6,2,66,10,1995,2,5,BMW 3 SERIES,7,E01031248,0,-1
2023010456141,2023,010456141,1,9,0,3,3,5,1,0,0,1,0,0,0,0,2,1,6,6,1,36,7,2979,1,17,BMW 3 SERIES,5,E01004021,0,-1
2023471382709,2023,471382709,1,9,0,11,11,1,5,0,0,0,2,0,1,11,1,1,6,6,1,22,5,2979,1,11,BMW 3 SERIES,5,E01031577,0,-1
2023201337450,2023,201337450,1,9,0,18,19,3,6,0,0,4,0,0,0,0,1,1,1,1,1,45,7,1995,2,9,BMW 3 SERIES,1,E01009492,0,-1
2023010471077,2023,010471077,1,9,0,3,3,3,7,9,9,5,0,0,0,0,1,1,1,1,2,51,8,1995,2,10,BMW 3 SERIES,8,E01001470,0,-1
2023010431188,2023,010431188,1,9,0,99,99,9,9,99,99,0,9,99,9,99,2,9,6,6,1,30,6,1995,1,13,BMW 3 SERIES,3,E01002251,0,-1
2023411330190,2023,411330190,1,9,0,18,19,7,3,0,0,8,0,0,0,0,1,1,5,6,1,24,5,1995,2,8,BMW 3 SERIES,4,E01023350,0,-1
2023010451951,2023,010451951,1,9,0,99,99,9,9,0,0,1,0,0,0,0,9,9,6,6,3,26,6,1995,1,17,BMW 3 SERIES,5,E01004021,0,-1
2023430234037,2023,430234037,2,9,0,4,4,6,2,0,0,1,0,0,0,0,1,1,6,6,1,40,7,2316,1,38,BMW 3 SERIES,9,E01017381,0,-1
2023141344906,2023,141344906,3,9,0,18,19,1,5,0,0,0,0,0,0,0,0,1,1,1,1,35,6,2993,2,4,BMW 3 SERIES,10,E01011932,0,-1
2023471344489,2023,471344489,1,9,0,18,19,3,7,0,0,0,0,0,0,0,1,1,5,6,1,26,6,2993,2,7,BMW 3 SERIES,5,E01003756,0,-1
2023201389253,2023,201389253,1,9,0,5,5,1,5,0,0,1,0,0,0,0,1,1,6,6,1,30,6,1995,2,17,BMW 3 SERIES,-1,-1,0,-1
2023991332884,2023,991332884,1,9,0,17,19,5,1,0,0,0,0,0,0,0,4,1,5,6,1,24,5,1995,2,12,BMW 3 SERIES,3,-1,0,-1
2023371330419,2023,371330419,1,9,0,18,19,1,5,0,0,1,0,0,0,0,1,1,6,6,1,34,6,1997,1,9,BMW 3 SERIES,-1,-1,0,-1
2023010429096,2023,010429096,1,9,0,99,99,9,9,99,99,9,9,99,9,99,2,9,6,6,1,44,7,1995,2,10,BMW 3 SERIES,8,E01002414,0,-1
2023430340819,2023,430340819,1,9,0,18,19,3,7,0,0,2,0,0,0,0,4,1,6,6,1,26,6,1995,2,8,BMW 3 SERIES,4,E01016447,0,-1
2023201387881,2023,201387881,1,9,0,18,19,4,8,0,0,8,0,0,0,0,1,1,1,1,1,27,6,1995,2,7,BMW 3 SERIES,3,E01010097,0,-1
2023302300450,2023,302300450,1,9,0,17,19,1,6,0,0,0,1,0,7,11,3,1,6,6,1,36,7,1995,2,5,BMW 3 SERIES,2,E01019463,0,-1
2023461382645,2023,461382645,2,9,0,4,4,7,3,0,0,0,0,0,0,0,3,1,6,6,1,33,6,1995,1,14,BMW 3 SERIES,7,E01024274,0,-1
2023061315412,2023,061315412,1,9,-1,-1,-1,-1,-1,-1,-1,0,-1,-1,-1,0,2,1,5,6,1,42,7,2993,2,11,BMW 3 SERIES,4,E01005718,0,-1
2023010477161,2023,010477161,2,9,0,18,19,3,7,0,0,0,0,0,0,0,0,1,1,1,1,-1,-1,2993,12,2,BMW 3 SERIES,5,E01021720,0,-1
2023041333828,2023,041333828,1,9,0,16,19,1,5,0,0,0,0,11,7,11,1,1,6,6,3,-1,-1,1995,1,12,BMW 3 SERIES,-1,-1,0,-1
2023201382986,2023,201382986,4,9,0,2,2,0,0,0,0,2,0,0,0,0,1,1,6,6,1,52,8,1995,2,11,BMW 3 SERIES,-1,-1,0,-1
2023332300794,2023,332300794,1,9,0,6,6,8,8,0,0,0,0,0,1,10,1,1,6,6,1,55,8,1998,8,3,BMW 3 SERIES,10,E01025676,0,-1
2023070999122,2023,070999122,1,9,0,5,5,1,5,0,0,2,0,0,0,0,1,1,6,6,2,30,6,1995,2,10,BMW 3 SERIES,-1,-1,0,-1
2023401286122,2023,401286122,2,9,0,5,5,3,7,0,0,4,0,0,0,0,1,1,6,6,1,28,6,1995,2,11,BMW 3 SERIES,6,E01017513,0,-1
2023201315898,2023,201315898,1,9,0,18,19,4,8,0,0,1,0,0,0,0,1,1,6,6,1,-1,-1,1995,2,16,BMW 3 SERIES,-1,-1,0,-1
2023440047805,2023,440047805,3,9,5,16,19,4,8,0,0,0,0,0,0,0,1,1,6,6,3,-1,-1,2000,2,14,BMW 3 SERIES,-1,-1,0,-1
2023010440293,2023,010440293,5,9,0,2,2,0,0,6,6,1,1,0,0,0,1,1,6,6,3,-1,-1,2996,1,16,BMW 3 SERIES,-1,-1,0,-1
2023061332035,2023,061332035,3,9,0,18,19,7,3,0,0,2,0,0,0,0,0,1,1,1,1,27,6,2993,12,2,BMW 3 SERIES,-1,-1,0,-1
2023340NN0372,2023,340NN0372,1,9,0,18,19,7,3,0,0,0,1,0,0,0,3,1,6,6,1,25,5,1995,2,17,BMW 3 SERIES,3,E01027041,0,-1
2023461379248,2023,461379248,2,9,0,18,19,3,7,0,0,0,1,0,0,0,2,1,5,6,1,66,10,1995,2,14,BMW 3 SERIES,7,E01013669,0,-1
2023010442575,2023,010442575,2,9,0,4,4,5,1,0,0,1,0,0,0,0,3,1,6,6,1,67,10,1596,1,26,BMW 3 SERIES,9,E01004092,0,-1
2023010440872,2023,010440872,2,9,0,2,2,0,0,0,0,1,0,0,0,0,0,1,6,6,3,-1,-1,2171,1,21,BMW 3 SERIES,-1,-1,0,-1
2023371290028,2023,371290028,1,9,0,18,19,5,1,0,0,3,1,0,0,0,3,1,1,1,1,23,5,1995,2,16,BMW 3 SERIES,10,E01030233,0,-1
2023101312640,2023,101312640,1,9,0,18,19,5,1,0,0,4,0,0,0,0,1,1,5,6,2,66,10,2996,1,16,BMW 3 SERIES,10,E01008357,0,-1
2023131320105,2023,131320105,2,9,0,18,19,3,7,0,0,0,0,0,0,0,1,1,5,6,1,25,5,1995,2,9,BMW 3 SERIES,3,E01010998,0,-1
2023411419228,2023,411419228,1,9,0,18,19,7,3,0,0,1,0,0,0,0,2,1,2,2,1,48,8,1995,1,15,BMW 3 SERIES,8,E01016217,0,-1
2023010424638,2023,010424638,1,9,0,99,99,9,9,99,99,9,9,99,9,99,9,9,6,6,1,58,9,2979,1,21,BMW 3 SERIES,3,E01002027,0,-1
2023991335406,2023,991335406,1,9,0,7,7,4,7,0,0,5,0,11,7,1,3,1,2,2,1,55,8,1995,2,11,BMW 3 SERIES,9,-1,0,-1
2023201347521,2023,201347521,3,9,0,2,2,0,0,0,0,2,0,0,0,0,2,1,6,6,1,22,5,1995,2,9,BMW 3 SERIES,3,E01009084,0,-1
2023991367456,2023,991367456,1,9,0,18,19,3,7,0,0,2,0,0,0,0,1,1,6,6,1,52,8,2000,1,15,BMW 3 SERIES,2,-1,0,-1
2023501438207,2023,501438207,1,9,0,7,7,3,7,0,0,0,0,0,0,0,1,1,5,6,1,25,5,1995,1,14,BMW 3 SERIES,5,E01018835,0,-1
2023430282270,2023,430282270,1,9,0,13,13,8,4,0,0,1,0,0,0,0,4,1,6,6,1,57,9,2497,1,17,BMW 3 SERIES,4,E01016361,0,-1
2023122300591,2023,122300591,2,9,0,18,19,5,1,0,0,0,1,0,0,0,1,1,6,6,1,33,6,1995,2,3,BMW 3 SERIES,5,E01012157,0,-1
2023320787285,2023,320787285,1,9,0,18,19,2,6,0,0,0,0,0,1,4,4,1,6,6,2,33,6,1995,2,9,BMW 3 SERIES,6,E01026387,0,-1
2023302301241,2023,302301241,2,9,0,18,19,2,6,0,0,1,0,0,0,0,1,1,6,6,1,44,7,1995,2,17,BMW 3 SERIES,2,E01019563,0,-1
2023131286514,2023,131286514,1,9,0,18,19,4,8,0,0,1,0,0,0,0,1,1,6,6,1,33,6,1995,2,8,BMW 3 SERIES,1,E01011138,0,-1
2023131367073,2023,131367073,2,9,0,18,19,3,7,0,0,1,0,0,0,0,3,1,6,6,2,41,7,2993,2,7,BMW 3 SERIES,4,E01010669,0,-1
2023622300333,2023,622300333,2,9,0,10,10,8,4,0,0,2,0,0,0,0,1,1,6,6,1,49,8,1995,2,10,BMW 3 SERIES,6,W01001129,0,-1
2023201328556,2023,201328556,1,9,0,18,19,8,4,0,0,0,0,0,0,0,1,1,6,6,1,42,7,2996,1,16,BMW 3 SERIES,4,E01009035,0,-1
2023302301296,2023,302301296,1,9,0,1,1,7,3,9,9,0,0,0,0,0,3,1,6,6,1,18,4,1596,1,26,BMW 3 SERIES,4,E01019519,0,-1
2023991328248,2023,991328248,1,9,0,16,19,1,5,0,0,0,1,0,8,0,1,1,6,6,1,26,6,1796,1,20,BMW 3 SERIES,4,-1,0,-1
2023131392557,2023,131392557,2,9,0,18,19,1,5,0,0,0,0,0,1,0,3,1,6,6,1,31,6,1995,2,8,BMW 3 SERIES,3,E01011260,0,-1
2023552300935,2023,552300935,1,9,0,17,19,3,1,0,0,8,0,0,0,0,2,1,6,6,1,77,11,1995,2,16,BMW 3 SERIES,-1,-1,0,-1
2023010436210,2023,010436210,1,9,0,99,99,9,9,99,99,9,9,99,9,99,1,9,6,6,2,41,7,1995,1,15,BMW 3 SERIES,2,E01000025,0,-1
2023101323016,2023,101323016,1,9,0,9,9,4,6,0,0,1,0,0,0,0,4,1,5,6,1,26,6,2993,2,5,BMW 3 SERIES,1,E01027415,0,-1
2023471290675,2023,471290675,1,9,0,17,19,2,8,0,0,0,0,0,0,0,1,1,5,6,1,25,5,1995,2,12,BMW 3 SERIES,2,E01021103,0,-1
2023340WN9082,2023,340WN9082,2,9,0,16,19,6,2,0,0,0,0,0,0,0,1,1,6,6,1,30,6,1995,2,10,BMW 3 SERIES,8,E01027282,0,-1
2023471281812,2023,471281812,1,9,0,17,19,5,1,0,0,0,5,0,0,0,1,1,5,6,1,24,5,2926,2,21,BMW 3 SERIES,10,E01031737,0,-1
2023010470362,2023,010470362,1,9,0,5,5,3,7,0,0,6,0,0,0,0,1,1,6,6,1,61,9,1998,8,5,BMW 3 SERIES,4,E01000570,0,-1
2023141322985,2023,141322985,2,9,0,9,9,1,1,0,0,0,0,0,0,0,3,1,1,1,1,46,8,2993,2,3,BMW 3 SERIES,-1,-1,0,-1
2023411372085,2023,411372085,1,9,0,1,1,1,5,0,0,0,0,0,0,0,2,1,6,6,1,-1,-1,1995,2,7,BMW 3 SERIES,2,E01002097,0,-1
2023411284445,2023,411284445,1,9,0,3,3,3,7,0,0,0,0,0,0,0,1,1,2,2,2,25,5,1995,2,14,BMW 3 SERIES,10,E01023512,0,-1
2023010457085,2023,010457085,1,9,0,7,7,3,5,0,0,3,1,10,7,11,1,1,6,6,1,18,4,2000,1,14,BMW 3 SERIES,4,E01002409,0,-1
2023302301165,2023,302301165,2,9,0,18,19,3,7,0,0,0,0,0,0,0,1,1,6,6,1,26,6,1995,2,13,BMW 3 SERIES,3,E01019775,0,-1
2023461379770,2023,461379770,2,9,0,18,19,8,4,0,0,0,0,11,0,0,1,1,1,1,1,25,5,1995,2,8,BMW 3 SERIES,5,W01001612,0,-1
2023332300416,2023,332300416,1,9,0,18,19,8,4,0,0,1,0,0,0,0,2,1,2,2,1,38,7,2993,2,9,BMW 3 SERIES,6,E01032863,0,-1
2023401314224,2023,401314224,2,9,0,3,3,1,5,0,0,0,0,0,0,0,2,1,6,6,1,64,9,2979,1,21,BMW 3 SERIES,9,E01017576,0,-1
2023451293766,2023,451293766,1,9,0,18,19,1,5,0,0,4,0,0,0,0,1,1,2,2,1,38,7,1998,8,5,BMW 3 SERIES,2,E01024135,0,-1
2023311328264,2023,311328264,1,9,0,18,19,7,3,0,0,0,1,11,0,0,1,1,6,6,1,57,9,1895,1,23,BMW 3 SERIES,3,E01028111,0,-1
2023221294781,2023,221294781,1,9,0,18,19,7,3,0,0,1,0,0,0,0,4,1,5,6,2,65,9,1995,1,20,BMW 3 SERIES,8,E01032223,0,-1
2023340NN4392,2023,340NN4392,2,9,0,18,19,6,1,0,0,8,0,0,0,0,1,1,1,1,1,49,8,1991,1,28,BMW 3 SERIES,8,E01027089,0,-1
2023332300911,2023,332300911,1,9,0,7,7,5,7,0,0,6,0,0,0,0,3,1,6,6,1,73,10,2979,1,17,BMW 3 SERIES,8,E01025739,0,-1
2023131260763,2023,131260763,1,9,0,14,14,6,2,0,0,1,1,0,1,4,4,1,1,1,1,51,8,2993,12,1,BMW 3 SERIES,1,E01010730,0,-1
2023122301231,2023,122301231,2,9,0,18,19,5,1,0,0,0,0,0,0,0,1,1,1,1,1,44,7,1998,8,1,BMW 3 SERIES,8,E01020367,0,-1
2023501381543,2023,501381543,2,9,0,18,19,1,5,0,0,0,0,0,0,0,1,1,5,6,1,71,10,2000,2,12,BMW 3 SERIES,2,E01015158,0,-1
2023991274943,2023,991274943,1,9,0,18,19,2,6,0,0,0,0,0,0,0,1,1,5,6,1,24,5,1995,2,17,BMW 3 SERIES,3,-1,0,-1
2023421388235,2023,421388235,1,9,0,5,5,3,7,0,0,0,0,0,0,0,3,1,6,6,1,25,5,1995,2,11,BMW 3 SERIES,6,E01015943,0,-1
2023320782877,2023,320782877,4,9,0,18,19,2,6,0,0,0,0,0,0,0,1,1,6,6,2,28,6,1995,2,11,BMW 3 SERIES,-1,-1,0,-1
2023311277727,2023,311277727,1,9,0,18,19,3,7,0,0,1,0,0,0,0,1,1,6,6,2,57,9,1995,2,7,BMW 3 SERIES,7,E01019521,0,-1
2023201403328,2023,201403328,1,9,0,11,11,8,4,0,0,0,0,0,0,0,1,1,6,6,1,20,4,1995,2,10,BMW 3 SERIES,5,E01010159,0,-1
2023010458459,2023,010458459,2,9,0,99,99,9,9,99,99,9,9,99,9,99,1,9,6,6,3,-1,-1,1995,1,15,BMW 3 SERIES,3,E01004066,0,-1
2023010426973,2023,010426973,2,9,0,99,99,9,9,99,99,9,9,99,9,99,1,9,6,6,3,50,8,1998,1,8,BMW 3 SERIES,5,E01003224,0,-1
2023622400005,2023,622400005,1,9,0,18,19,6,2,0,0,0,2,0,0,0,1,1,2,2,1,28,6,1995,2,11,BMW 3 SERIES,10,W01000824,0,-1
2023131296814,2023,131296814,1,9,0,18,19,3,7,0,0,0,1,0,5,6,1,1,6,6,2,45,7,1995,2,6,BMW 3 SERIES,1,E01010663,0,-1
2023131290083,2023,131290083,1,9,0,18,19,1,5,0,0,1,0,0,0,0,1,1,6,6,1,42,7,1995,2,9,BMW 3 SERIES,5,E01011215,0,-1
2023311290177,2023,311290177,2,9,0,18,19,6,2,0,0,8,0,0,0,0,1,1,1,1,1,24,5,2993,12,0,BMW 3 SERIES,-1,-1,0,-1
2023401391313,2023,401391313,1,9,0,18,19,1,5,0,0,0,0,0,0,0,1,1,5,6,1,36,7,1998,8,2,BMW 3 SERIES,7,E01017524,0,-1
2023361342640,2023,361342640,1,9,0,18,19,8,4,0,0,0,0,0,7,0,1,1,2,2,1,30,6,1995,2,12,BMW 3 SERIES,3,E01012860,0,-1
2023361337598,2023,361337598,1,9,0,18,19,6,2,0,0,0,1,7,1,0,1,1,5,6,1,27,6,1995,2,15,BMW 3 SERIES,3,E01026696,0,-1
2023061290250,2023,061290250,1,9,0,18,19,-1,-1,0,0,0,0,0,0,0,-1,1,6,6,1,-1,-1,1995,2,8,BMW 3 SERIES,10,E01018671,0,-1
2023451375448,2023,451375448,2,9,0,18,19,7,3,0,0,1,0,0,0,0,1,1,6,6,1,40,7,1995,2,16,BMW 3 SERIES,-1,-1,0,-1
2023010469279,2023,010469279,1,9,0,7,7,5,8,9,9,5,0,10,1,11,1,1,6,6,1,-1,-1,1995,2,7,BMW 3 SERIES,-1,-1,0,-1
2023010454217,2023,010454217,2,9,0,18,19,5,1,0,0,1,1,0,0,0,1,1,6,6,1,42,7,1995,12,2,BMW 3 SERIES,-1,-1,0,-1
2023461263088,2023,461263088,1,9,0,18,19,7,3,0,0,0,2,0,8,4,1,1,6,6,1,23,5,2000,2,14,BMW 3 SERIES,6,E01024420,0,-1
2023221350079,2023,221350079,1,9,0,2,2,0,0,0,0,0,0,0,0,0,2,1,5,6,1,67,10,1995,2,17,BMW 3 SERIES,7,E01032192,0,-1
2023010433352,2023,010433352,2,9,0,99,99,9,9,99,99,9,9,99,9,99,1,9,6,6,3,-1,-1,1995,1,14,BMW 3 SERIES,-1,-1,0,-1
2023451306828,2023,451306828,3,9,0,18,19,3,7,0,0,0,0,0,0,0,2,1,1,1,1,38,7,2993,12,1,BMW 3 SERIES,7,E01030451,0,-1
2023461363422,2023,461363422,2,9,0,14,14,5,1,0,0,1,0,0,0,0,1,1,6,6,1,27,6,2996,1,17,BMW 3 SERIES,3,E01016022,0,-1
2023061325658,2023,061325658,1,9,-1,-1,-1,7,3,0,0,0,0,0,0,0,1,1,6,6,3,-1,-1,1995,1,18,BMW 3 SERIES,-1,-1,0,-1
2023161269446,2023,161269446,2,9,0,3,3,6,2,0,0,1,0,0,0,0,2,1,5,6,2,23,5,1995,1,18,BMW 3 SERIES,1,E01013205,0,-1
2023430185919,2023,430185919,2,9,0,3,3,2,6,0,0,1,0,0,0,0,2,1,6,6,1,22,5,2993,2,12,BMW 3 SERIES,5,E01016765,0,-1
2023201416039,2023,201416039,3,9,0,18,19,7,3,0,0,4,0,0,0,0,0,1,1,1,3,-1,-1,2993,2,2,BMW 3 SERIES,-1,-1,0,-1
2023101348118,2023,101348118,1,9,0,18,19,7,3,0,0,0,1,0,1,9,1,1,6,6,2,42,7,1796,1,20,BMW 3 SERIES,4,E01027485,0,-1
2023461369641,2023,461369641,2,9,0,18,19,7,3,0,0,0,0,0,0,0,2,1,6,6,2,34,6,2000,1,15,BMW 3 SERIES,5,E01024283,0,-1
2023010443323,2023,010443323,1,9,0,8,8,4,5,0,0,1,0,0,0,0,2,1,6,6,2,39,7,1995,2,15,BMW 3 SERIES,5,E01001348,0,-1
2023131332425,2023,131332425,1,9,0,18,19,7,3,0,0,1,0,0,0,0,1,1,5,6,1,32,6,1995,2,4,BMW 3 SERIES,7,E01027891,0,-1
2023471344835,2023,471344835,2,9,0,18,19,5,1,0,0,1,0,10,1,0,3,1,5,6,1,24,5,1995,2,11,BMW 3 SERIES,3,E01032832,0,-1
2023070016440,2023,070016440,1,9,0,18,19,3,7,0,0,0,1,0,1,7,1,1,6,6,1,21,5,1998,1,6,BMW 3 SERIES,5,E01007223,0,-1
2023010427678,2023,010427678,1,9,0,18,19,5,1,0,0,0,0,0,0,0,1,1,6,6,1,28,6,2996,1,16,BMW 3 SERIES,2,E01000027,0,-1
2023461297283,2023,461297283,2,9,0,3,3,6,2,0,0,0,0,0,0,0,2,1,6,6,2,38,7,1995,2,14,BMW 3 SERIES,2,E01001082,0,-1
2023010476736,2023,010476736,1,9,0,18,19,5,1,9,9,2,0,10,0,0,1,1,6,6,1,26,6,1995,2,15,BMW 3 SERIES,3,E01016454,0,-1
2023471298401,2023,471298401,1,9,0,9,9,3,1,0,0,1,0,0,0,0,1,1,6,6,1,46,8,1995,2,9,BMW 3 SERIES,8,E01016985,0,-1
2023010483265,2023,010483265,1,9,0,99,99,9,9,99,99,9,9,99,9,99,9,9,6,6,1,53,8,2979,1,20,BMW 3 SERIES,5,E01004099,0,-1
2023010454595,2023,010454595,2,9,0,9,9,1,6,0,0,1,0,0,0,0,1,1,6,6,3,-1,-1,1998,8,6,BMW 3 SERIES,-1,-1,0,-1
2023520301573,2023,520301573,1,9,0,18,19,7,3,0,0,4,0,0,0,0,1,1,6,6,1,42,7,1995,2,11,BMW 3 SERIES,6,E01029135,0,-1
2023320558463,2023,320558463,2,9,0,18,19,3,8,0,0,8,0,0,0,0,1,1,6,6,1,72,10,1995,1,16,BMW 3 SERIES,1,E01026376,0,-1
202354C079823,2023,54C079823,2,9,0,18,19,7,3,0,0,0,1,0,1,0,2,1,6,6,1,58,9,2497,1,17,BMW 3 SERIES,7,E01015567,0,-1
2023430289573,2023,430289573,1,9,0,17,19,7,5,0,0,2,0,0,0,0,3,1,3,7,1,45,7,1995,2,9,BMW 3 SERIES,10,E01016651,0,-1
2023451269055,2023,451269055,2,9,0,18,19,7,3,0,0,0,0,0,1,7,4,1,2,2,2,57,9,1995,12,1,BMW 3 SERIES,8,E01000777,0,-1
2023451265625,2023,451265625,2,9,0,18,19,5,1,0,0,0,0,0,0,0,2,1,6,6,1,35,6,1995,2,11,BMW 3 SERIES,6,E01030600,0,-1
2023161312801,2023,161312801,1,9,0,18,19,8,4,0,0,0,0,0,0,0,1,1,6,6,3,-1,-1,1995,2,17,BMW 3 SERIES,-1,-1,0,-1
2023421367088,2023,421367088,3,9,0,18,19,5,1,0,0,0,0,0,0,0,0,1,1,1,1,28,6,2993,12,2,BMW 3 SERIES,-1,-1,0,-1
2023041347008,2023,041347008,1,9,0,18,19,5,1,0,0,0,0,0,0,0,1,1,6,6,1,21,5,1998,8,7,BMW 3 SERIES,8,E01024993,0,-1
2023010430591,2023,010430591,1,9,0,18,19,3,7,9,9,2,0,10,3,11,1,1,6,6,1,22,5,1995,2,11,BMW 3 SERIES,1,E01003318,0,-1