collision_index,collision_year,collision_ref_no,vehicle_reference,vehicle_type,towing_and_articulation,vehicle_manoeuvre_historic,vehicle_manoeuvre,vehicle_direction_from,vehicle_direction_to,vehicle_location_restricted_lane_historic,vehicle_location_restricted_lane,junction_location,skidding_and_overturning,hit_object_in_carriageway,vehicle_leaving_carriageway,hit_object_off_carriageway,first_point_of_impact,vehicle_left_hand_drive,journey_purpose_of_driver_historic,journey_purpose_of_driver,sex_of_driver,age_of_driver,age_band_of_driver,engine_capacity_cc,propulsion_code,age_of_vehicle,generic_make_model,driver_imd_decile,lsoa_of_driver,escooter_flag,driver_distance_banding
2023471328589,2023,471328589,2,9,0,16,19,5,8,0,0,0,0,0,0,0,2,1,2,2,1,43,7,1995,2,17,BMW 3 SERIES,2,E01020925,0,-1
2023430009992,2023,430009992,1,9,0,16,19,6,1,0,0,0,1,0,6,0,1,1,2,2,1,39,7,1998,1,5,BMW 3 SERIES,3,E01032729,0,-1
2023531330380,2023,531330380,2,9,0,16,19,8,4,0,0,0,0,0,7,4,1,1,1,1,1,42,7,2993,12,2,BMW 3 SERIES,9,E01032706,0,-1
2023061294523,2023,061294523,1,9,0,1,1,7,7,0,0,1,0,0,0,0,1,1,6,6,1,29,6,1998,1,2,BMW 3 SERIES,-1,-1,0,-1
2023201316842,2023,201316842,2,9,0,7,7,6,8,0,0,6,0,0,0,0,2,1,6,6,2,43,7,1998,1,7,BMW 3 SERIES,1,E01008938,0,-1
2023421356922,2023,421356922,2,9,0,6,6,3,7,0,0,8,0,0,0,0,3,1,6,6,1,55,8,1998,8,1,BMW 3 SERIES,7,E01021608,0,-1
2023411284844,2023,411284844,1,9,0,18,19,4,8,0,0,8,1,0,0,0,1,1,6,6,1,18,4,1995,1,19,BMW 3 SERIES,4,E01023349,0,-1
2023421283687,2023,421283687,3,9,0,13,13,7,3,0,0,1,1,0,0,0,1,1,6,6,1,29,6,1995,2,16,BMW 3 SERIES,5,E01015904,0,-1
2023010479404,2023,010479404,1,9,0,9,9,8,5,0,0,2,0,0,0,0,1,2,6,6,1,25,5,1995,2,7,BMW 3 SERIES,1,E01033605,0,-1
2023101361231,2023,101361231,1,9,0,16,19,1,5,0,0,0,0,0,7,0,1,1,5,6,1,54,8,1995,2,16,BMW 3 SERIES,2,E01012217,0,-1
2023311300547,2023,311300547,1,9,0,5,5,5,1,0,0,0,0,0,0,0,1,1,6,6,2,38,7,1995,2,10,BMW 3 SERIES,10,E01028365,0,-1
2023010478434,2023,010478434,1,9,0,3,3,5,1,0,0,1,0,0,0,0,2,1,1,1,1,61,9,1995,1,15,BMW 3 SERIES,4,E01001140,0,-1
2023401368575,2023,401368575,2,9,0,3,3,-1,-1,0,0,0,0,0,0,0,2,1,2,2,1,36,7,1995,2,7,BMW 3 SERIES,1,E01012091,0,-1
2023411300144,2023,411300144,1,9,0,3,3,5,1,0,0,0,0,0,0,0,2,1,6,6,1,53,8,1499,1,7,BMW 3 SERIES,2,E01001442,0,-1
2023991284668,2023,991284668,2,9,0,18,19,3,7,0,0,8,0,0,1,0,2,1,5,6,1,22,5,1995,2,4,BMW 3 SERIES,1,-1,0,-1
2023991461915,2023,991461915,1,9,0,5,5,3,1,0,0,8,0,0,0,0,1,1,6,6,1,44,7,1998,1,5,BMW 3 SERIES,7,-1,0,-1
2023311375939,2023,311375939,1,9,0,18,19,5,1,0,0,0,0,0,0,0,1,1,5,6,1,83,11,1995,2,6,BMW 3 SERIES,3,E01028296,0,-1
2023421312185,2023,421312185,2,9,0,4,4,5,1,0,0,0,0,0,0,0,2,1,5,6,1,53,8,1995,2,4,BMW 3 SERIES,6,E01021406,0,-1
2023010435304,2023,010435304,1,9,0,18,19,7,3,0,0,1,1,10,1,2,2,1,6,6,1,24,5,2494,1,21,BMW 3 SERIES,3,E01002557,0,-1
2023010465646,2023,010465646,2,9,0,4,4,5,1,0,0,1,0,0,1,0,1,1,6,6,1,27,6,1995,2,7,BMW 3 SERIES,2,E01001746,0,-1
2023010445501,2023,010445501,1,9,0,10,10,5,3,0,0,1,0,0,0,0,2,1,6,6,2,37,7,1995,1,12,BMW 3 SERIES,3,E01001742,0,-1
2023522300421,2023,522300421,2,9,0,18,19,4,8,0,0,1,0,0,0,0,1,1,6,6,1,-1,-1,1995,2,11,BMW 3 SERIES,-1,-1,0,-1
2023421341085,2023,421341085,1,9,0,15,15,7,3,0,0,0,0,0,0,0,1,1,6,6,1,24,5,1998,8,5,BMW 3 SERIES,-1,-1,0,-1
2023010448859,2023,010448859,2,9,0,99,99,9,9,99,99,9,9,99,9,99,1,9,6,6,3,-1,-1,1995,1,14,BMW 3 SERIES,-1,-1,0,-1
2023131324871,2023,131324871,1,9,0,18,19,1,5,0,0,8,0,0,7,0,1,1,6,6,1,23,5,1995,2,15,BMW 3 SERIES,7,E01011800,0,-1
2023411383278,2023,411383278,2,9,0,17,19,6,2,0,0,0,1,0,0,0,1,1,1,1,1,39,7,1995,2,17,BMW 3 SERIES,5,E01023755,0,-1
2023332300196,2023,332300196,1,9,0,17,19,1,7,0,0,2,0,10,0,0,1,1,6,6,1,43,7,1995,2,18,BMW 3 SERIES,8,E01025948,0,-1
2023340NN4052,2023,340NN4052,1,9,0,18,19,2,6,0,0,0,1,4,0,0,1,1,6,6,1,20,4,1995,2,7,BMW 3 SERIES,-1,-1,0,-1
2023440323927,2023,440323927,1,9,0,18,19,3,7,0,0,0,5,0,5,4,1,1,6,6,1,35,6,1998,8,2,BMW 3 SERIES,-1,-1,0,-1
2023201293962,2023,201293962,2,9,0,16,19,1,4,0,0,3,0,10,1,2,1,1,6,6,1,22,5,1998,8,5,BMW 3 SERIES,3,E01010005,0,-1
2023041334172,2023,041334172,2,9,0,18,19,3,7,0,0,0,0,0,0,0,0,1,6,6,2,28,6,1998,8,6,BMW 3 SERIES,-1,-1,0,-1
2023302300518,2023,302300518,2,9,0,18,19,6,2,0,0,8,0,0,0,0,4,1,6,6,1,23,5,1995,2,15,BMW 3 SERIES,7,E01013492,0,-1
2023622300475,2023,622300475,1,9,0,17,19,5,2,0,0,3,0,0,7,2,1,1,2,2,1,22,5,2000,2,12,BMW 3 SERIES,1,W01000975,0,-1
2023421284895,2023,421284895,2,9,0,18,19,5,1,0,0,1,1,0,0,0,3,1,2,2,1,19,4,1995,2,16,BMW 3 SERIES,9,E01021386,0,-1
2023320273260,2023,320273260,1,9,0,9,9,2,8,0,0,5,0,0,0,0,4,1,2,2,1,43,7,1998,8,1,BMW 3 SERIES,8,E01032992,0,-1
2023131392275,2023,131392275,1,9,0,18,19,6,8,0,0,3,0,0,0,0,1,2,6,6,1,22,5,1995,2,5,BMW 3 SERIES,4,E01011286,0,-1
2023411278693,2023,411278693,2,9,0,18,19,3,7,0,0,1,0,0,0,0,1,1,5,6,1,25,5,1499,1,7,BMW 3 SERIES,7,E01001569,0,-1
2023622300358,2023,622300358,3,9,0,4,4,4,8,0,0,0,0,0,0,0,3,1,6,6,2,33,6,1998,1,4,BMW 3 SERIES,2,W01001243,0,-1
2023221356996,2023,221356996,1,9,0,17,19,7,4,0,0,0,0,12,0,0,1,1,6,6,1,56,9,1995,2,7,BMW 3 SERIES,5,E01032212,0,-1
2023471299799,2023,471299799,1,9,0,18,19,1,5,0,0,0,1,0,0,0,1,1,6,6,1,36,7,2171,1,20,BMW 3 SERIES,4,E01031809,0,-1
2023010440164,2023,010440164,1,9,0,9,9,1,6,0,0,4,0,0,0,0,3,1,6,6,1,19,4,1995,2,16,BMW 3 SERIES,8,E01002333,0,-1
2023371346803,2023,371346803,1,9,0,17,19,7,1,0,0,1,0,0,1,2,1,1,5,6,1,21,5,1995,2,12,BMW 3 SERIES,6,E01029983,0,-1
2023010424761,2023,010424761,2,9,0,99,99,9,9,99,99,9,9,99,9,99,1,9,6,6,3,31,6,2494,1,25,BMW 3 SERIES,-1,-1,0,-1
2023520301069,2023,520301069,2,9,0,18,19,4,8,0,0,0,0,0,0,0,1,1,6,6,1,55,8,1995,2,12,BMW 3 SERIES,6,E01014633,0,-1
2023010444706,2023,010444706,1,9,0,18,19,7,3,0,0,8,0,0,0,0,2,1,6,6,1,29,6,1995,2,5,BMW 3 SERIES,7,E01002226,0,-1
2023302300793,2023,302300793,1,9,0,18,19,8,4,0,0,8,0,0,1,9,4,1,6,6,1,67,10,1995,1,15,BMW 3 SERIES,6,E01019798,0,-1
2023201317686,2023,201317686,1,9,0,15,15,7,3,0,0,0,0,0,0,0,1,1,6,6,3,-1,-1,1998,8,4,BMW 3 SERIES,-1,-1,0,-1
2023161312199,2023,161312199,2,9,0,3,3,7,3,0,0,0,0,0,0,0,2,1,5,6,1,47,8,1995,2,13,BMW 3 SERIES,3,E01011594,0,-1
2023010485062,2023,010485062,2,9,0,99,99,9,9,99,99,9,9,99,9,99,9,9,6,6,3,-1,-1,2171,1,19,BMW 3 SERIES,-1,-1,0,-1
202363A022223,2023,63A022223,1,9,0,18,19,2,6,0,0,0,2,0,2,10,1,1,6,6,1,18,4,1995,2,17,BMW 3 SERIES,5,W01000723,0,-1
2023010449550,2023,010449550,1,9,0,18,19,5,1,0,0,4,0,0,0,0,1,1,6,6,1,41,7,1995,2,10,BMW 3 SERIES,-1,-1,0,-1
2023552300761,2023,552300761,1,9,0,18,19,4,8,0,0,6,0,0,0,0,3,1,2,2,1,45,7,1995,2,6,BMW 3 SERIES,6,E01015317,0,-1
2023991362254,2023,991362254,2,9,0,17,19,3,1,0,0,1,0,0,0,0,1,1,2,2,1,48,8,1998,1,6,BMW 3 SERIES,-1,-1,0,-1
202354C127423,2023,54C127423,2,9,0,3,3,6,2,0,0,0,0,0,0,0,2,1,1,1,1,34,6,1998,8,1,BMW 3 SERIES,6,E01032091,0,-1
2023421343438,2023,421343438,2,9,0,17,19,5,1,0,0,1,0,0,0,0,1,1,6,6,1,28,6,2996,1,15,BMW 3 SERIES,3,E01021764,0,-1
2023430349232,2023,430349232,1,9,0,18,19,1,5,0,0,1,2,10,1,10,1,1,6,6,3,-1,-1,2979,1,8,BMW 3 SERIES,-1,-1,0,-1
2023201390114,2023,201390114,2,9,0,9,9,2,8,0,0,5,0,0,0,0,2,1,5,6,1,24,5,1995,2,10,BMW 3 SERIES,5,E01009247,0,-1
2023361356529,2023,361356529,1,9,0,18,19,3,1,0,0,0,0,0,0,0,1,1,1,1,2,23,5,1998,1,3,BMW 3 SERIES,8,E01026532,0,-1
2023010468510,2023,010468510,2,9,0,99,99,9,9,99,99,9,9,99,9,99,9,9,6,6,3,32,6,1997,1,10,BMW 3 SERIES,6,E01000706,0,-1
2023041366186,2023,041366186,1,9,0,13,13,3,7,0,0,0,0,0,0,0,1,1,5,6,1,43,7,2993,2,7,BMW 3 SERIES,2,E01012573,0,-1
2023552300940,2023,552300940,2,9,0,18,19,2,6,0,0,8,0,0,0,0,1,1,6,6,2,52,8,1995,1,19,BMW 3 SERIES,2,E01002829,0,-1
2023131304729,2023,131304729,1,9,0,18,19,6,2,0,0,0,0,0,0,0,1,1,5,6,1,34,6,1995,12,2,BMW 3 SERIES,8,E01011055,0,-1
2023361362914,2023,361362914,2,9,0,18,19,8,4,0,0,0,0,0,0,0,1,1,5,6,1,21,5,2494,1,23,BMW 3 SERIES,6,E01026722,0,-1
2023231337122,2023,231337122,2,9,0,18,19,2,6,0,0,0,0,0,0,0,1,1,5,6,2,54,8,2979,1,19,BMW 3 SERIES,6,E01031178,0,-1
2023430379667,2023,430379667,1,9,0,18,19,8,4,0,0,8,0,9,0,2,1,1,6,6,2,20,4,2979,1,20,BMW 3 SERIES,9,E01032950,0,-1
2023010438784,2023,010438784,2,9,0,99,99,9,9,99,99,0,9,99,9,99,2,9,6,6,3,-1,-1,2993,2,8,BMW 3 SERIES,-1,-1,0,-1
2023320224496,2023,320224496,1,9,0,16,19,6,2,0,0,0,0,0,0,0,1,1,6,6,1,33,6,2993,2,15,BMW 3 SERIES,4,E01026230,0,-1
2023622300915,2023,622300915,1,9,0,18,19,6,2,0,0,0,2,10,7,4,1,1,6,6,1,26,6,2993,2,17,BMW 3 SERIES,8,W01000902,0,-1
2023471322098,2023,471322098,1,9,0,17,19,8,5,0,0,1,0,0,0,0,1,1,2,2,1,20,4,2000,1,14,BMW 3 SERIES,10,E01031680,0,-1
2023010463036,2023,010463036,2,9,9,99,99,9,9,99,99,0,9,99,9,99,9,9,6,6,3,-1,-1,1995,12,2,BMW 3 SERIES,-1,-1,0,-1
2023411404748,2023,411404748,1,9,0,18,19,4,8,0,0,0,0,0,0,0,4,1,5,6,1,24,5,1598,1,9,BMW 3 SERIES,2,E01003993,0,-1
2023320096078,2023,320096078,1,9,0,18,19,4,8,0,0,0,0,0,0,0,1,1,6,6,1,-1,-1,1995,2,4,BMW 3 SERIES,-1,-1,0,-1
2023461333398,2023,461333398,1,9,0,18,19,6,2,0,0,0,1,10,1,0,4,1,6,6,3,-1,-1,1995,1,16,BMW 3 SERIES,-1,-1,0,-1
2023061273037,2023,061273037,2,9,0,18,19,2,6,0,0,8,0,0,0,0,0,1,1,1,1,39,7,2993,2,5,BMW 3 SERIES,4,E01005730,0,-1
2023010479834,2023,010479834,1,9,0,18,19,5,1,0,0,4,0,0,0,0,1,1,2,2,1,42,7,2171,1,18,BMW 3 SERIES,5,E01002489,0,-1
2023332300496,2023,332300496,1,9,0,9,9,5,3,0,0,5,0,0,0,0,3,1,6,6,1,24,5,1995,2,9,BMW 3 SERIES,3,E01013613,0,-1
2023010466277,2023,010466277,1,9,0,18,19,3,7,0,0,8,0,0,0,0,3,1,6,6,1,40,7,1995,1,11,BMW 3 SERIES,3,E01000099,0,-1
2023010446364,2023,010446364,1,9,0,9,9,7,5,0,0,8,0,0,0,0,1,1,6,6,1,35,6,2993,2,18,BMW 3 SERIES,4,E01000960,0,-1
2023041319575,2023,041319575,2,9,0,4,4,3,7,0,0,2,0,0,0,0,4,1,5,6,1,31,6,1995,2,16,BMW 3 SERIES,4,E01025170,0,-1
2023991283732,2023,991283732,3,9,0,10,10,7,3,0,0,8,0,0,0,0,2,1,5,6,1,20,4,1995,1,20,BMW 3 SERIES,3,-1,0,-1
2023131353070,2023,131353070,1,9,0,18,19,5,1,0,0,1,0,0,0,0,0,1,6,6,3,-1,-1,1995,1,13,BMW 3 SERIES,-1,-1,0,-1
2023131328821,2023,131328821,4,9,0,18,19,1,5,0,0,8,0,0,0,0,0,1,1,1,1,31,6,2993,2,3,BMW 3 SERIES,1,E01010730,0,-1
2023230513727,2023,230513727,1,9,0,9,9,6,4,0,0,6,0,0,0,0,4,1,6,6,1,52,8,1998,8,1,BMW 3 SERIES,5,E01009580,0,-1
2023522400999,2023,522400999,1,9,0,4,4,6,2,0,0,1,0,0,0,0,1,1,6,6,1,29,6,1995,2,7,BMW 3 SERIES,3,E01014926,0,-1
2023122301074,2023,122301074,1,9,0,18,19,1,4,0,0,0,0,0,0,0,1,1,6,6,1,76,11,2996,1,12,BMW 3 SERIES,10,E01027683,0,-1
2023041395055,2023,041395055,1,9,0,2,2,7,1,0,0,0,0,0,0,0,3,1,6,6,1,45,7,2993,2,10,BMW 3 SERIES,3,E01025111,0,-1
2023010459139,2023,010459139,1,9,0,18,19,1,5,0,0,2,0,0,7,2,3,1,6,6,1,26,6,1998,1,4,BMW 3 SERIES,5,E01003072,0,-1
2023010422950,2023,010422950,1,9,0,18,19,1,5,0,0,0,0,0,0,0,3,1,6,6,1,86,11,1796,1,20,BMW 3 SERIES,3,E01001502,0,-1
2023010472555,2023,010472555,2,9,0,99,99,9,9,99,99,9,9,99,9,99,1,9,6,6,3,-1,-1,1995,2,10,BMW 3 SERIES,-1,-1,0,-1
2023041378209,2023,041378209,2,9,0,18,19,4,8,0,0,1,0,0,0,0,3,1,6,6,1,35,6,1499,1,6,BMW 3 SERIES,6,E01024915,0,-1
2023010463219,2023,010463219,2,9,9,99,99,9,9,99,99,9,9,99,9,99,9,9,6,6,2,-1,-1,2494,1,18,BMW 3 SERIES,2,E01002708,0,-1
2023311357048,2023,311357048,2,9,0,18,19,6,2,0,0,0,0,0,0,0,1,1,1,1,1,37,7,2993,12,0,BMW 3 SERIES,-1,-1,0,-1
2023421349000,2023,421349000,1,9,0,18,19,1,5,0,0,1,0,0,0,0,1,1,6,6,2,58,9,1995,1,11,BMW 3 SERIES,8,E01033142,0,-1
2023231318431,2023,231318431,1,9,0,18,19,2,6,0,0,4,0,0,0,0,1,1,6,6,3,35,6,1995,2,9,BMW 3 SERIES,-1,-1,0,-1
2023041358233,2023,041358233,2,9,0,18,19,7,3,0,0,0,0,0,0,0,1,1,5,6,1,25,5,1995,2,11,BMW 3 SERIES,8,E01031182,0,-1
2023440505888,2023,440505888,2,9,0,9,9,4,2,0,0,1,0,0,0,0,1,1,6,6,1,23,5,2171,1,22,BMW 3 SERIES,2,E01017345,0,-1
2023101277716,2023,101277716,2,9,0,18,19,5,1,0,0,0,0,0,0,0,1,1,6,6,2,28,6,1997,1,10,BMW 3 SERIES,2,E01008752,0,-1
2023430270542,2023,430270542,1,9,0,16,19,8,3,0,0,0,1,0,7,4,1,1,6,6,1,18,4,1995,1,15,BMW 3 SERIES,10,E01028745,0,-1
2023141260880,2023,141260880,5,9,0,18,19,1,5,0,0,0,0,0,0,0,1,1,5,6,1,41,7,1995,2,10,BMW 3 SERIES,1,E01026127,0,-1
2023351363906,2023,351363906,1,9,0,16,19,7,1,0,0,0,1,11,1,4,1,1,5,6,1,19,4,1995,2,18,BMW 3 SERIES,10,E01018222,0,-1
2023401325323,2023,401325323,2,9,0,2,2,0,0,0,0,0,0,0,0,0,2,1,6,6,3,-1,-1,2000,2,12,BMW 3 SERIES,-1,-1,0,-1
2023070429301,2023,070429301,1,9,0,18,19,5,1,0,0,1,0,0,0,0,1,1,6,6,1,50,8,1995,2,10,BMW 3 SERIES,4,E01018639,0,-1
2023451335957,2023,451335957,2,9,0,18,19,1,5,0,0,1,0,0,0,0,1,1,6,6,1,45,7,1995,2,18,BMW 3 SERIES,4,E01022568,0,-1
2023201382799,2023,201382799,1,9,0,3,3,3,7,0,0,1,0,0,0,0,2,1,6,6,1,63,9,1995,2,13,BMW 3 SERIES,5,E01008888,0,-1
2023010463867,2023,010463867,1,9,0,18,19,1,5,0,0,1,0,7,1,2,1,1,6,6,1,28,6,2998,1,8,BMW 3 SERIES,3,E01001552,0,-1
2023041312620,2023,041312620,1,9,0,18,19,1,5,0,0,1,1,0,0,0,1,1,5,6,1,54,8,1995,1,17,BMW 3 SERIES,7,E01025609,0,-1
2023071090894,2023,071090894,1,9,0,7,7,7,1,0,0,8,0,0,0,0,3,1,6,6,1,-1,-1,1995,2,11,BMW 3 SERIES,10,E01018334,0,-1
2023430537472,2023,430537472,1,9,0,7,7,4,6,0,0,5,0,0,0,0,1,1,6,6,1,45,7,2993,2,14,BMW 3 SERIES,-1,-1,0,-1
2023430129805,2023,430129805,2,9,0,18,19,1,7,0,0,8,0,0,0,0,1,1,6,6,1,30,6,1995,2,8,BMW 3 SERIES,-1,-1,0,-1
2023320201372,2023,320201372,1,9,0,18,19,6,2,0,0,0,0,0,7,0,1,1,6,6,2,63,9,2996,1,15,BMW 3 SERIES,3,E01026017,0,-1
2023052302776,2023,052302776,1,9,0,18,19,7,3,0,0,2,0,0,0,0,3,1,6,6,1,34,6,1995,2,10,BMW 3 SERIES,1,E01007179,0,-1
2023361277698,2023,361277698,2,9,0,10,10,1,7,0,0,5,0,0,7,0,3,1,5,6,1,26,6,1995,2,11,BMW 3 SERIES,8,E01026470,0,-1
2023501350996,2023,501350996,1,9,0,4,4,4,8,0,0,0,1,0,0,0,1,1,1,1,2,26,6,2000,2,14,BMW 3 SERIES,8,E01015114,0,-1
2023461377887,2023,461377887,2,9,0,17,19,3,1,0,0,2,0,0,1,0,3,1,6,6,2,31,6,1995,2,11,BMW 3 SERIES,6,E01024260,0,-1
2023991324117,2023,991324117,1,9,0,12,12,5,1,0,0,1,0,0,3,0,3,1,6,6,3,-1,-1,1995,1,14,BMW 3 SERIES,-1,-1,0,-1
2023430580038,2023,430580038,1,9,0,13,13,8,4,0,0,0,0,0,0,0,1,1,2,2,1,20,4,1995,2,11,BMW 3 SERIES,9,E01016313,0,-1
2023320689155,2023,320689155,2,9,0,2,2,0,0,0,0,2,0,0,0,0,1,1,6,6,3,-1,-1,1995,1,19,BMW 3 SERIES,-1,-1,0,-1
2023170L20783,2023,170L20783,1,9,0,1,1,2,6,9,9,5,0,0,0,0,4,1,4,7,1,38,7,1995,1,13,BMW 3 SERIES,4,E01012167,0,-1
2023361336125,2023,361336125,3,9,0,18,19,4,8,0,0,0,0,0,1,0,3,1,5,6,1,35,6,1995,2,15,BMW 3 SERIES,-1,-1,0,-1
2023401377408,2023,401377408,1,9,0,18,19,5,8,0,0,0,0,0,2,11,1,1,6,6,1,21,5,1995,2,15,BMW 3 SERIES,9,E01015809,0,-1
2023501377849,2023,501377849,1,9,0,10,10,1,6,0,0,6,0,0,0,0,4,1,5,6,1,80,11,1995,2,17,BMW 3 SERIES,3,E01019916,0,-1
2023141300382,2023,141300382,1,9,0,18,19,7,3,0,0,8,1,0,1,0,1,1,6,6,3,-1,-1,1995,1,18,BMW 3 SERIES,-1,-1,0,-1
2023010452059,2023,010452059,2,9,0,99,99,9,9,99,99,9,9,99,9,99,1,9,6,6,3,-1,-1,1995,1,15,BMW 3 SERIES,2,E01001118,0,-1
2023471374052,2023,471374052,1,9,0,14,14,5,1,0,0,0,0,0,0,0,1,1,2,2,1,36,7,2993,2,16,BMW 3 SERIES,4,E01032858,0,-1
2023131379188,2023,131379188,2,9,0,18,19,3,1,0,0,0,0,0,0,0,0,1,1,1,1,37,7,2993,2,4,BMW 3 SERIES,6,E01011885,0,-1
2023061285768,2023,061285768,1,9,0,6,6,4,8,0,0,8,0,0,0,0,3,1,1,1,1,32,6,2993,12,2,BMW 3 SERIES,-1,-1,0,-1
2023170L20093,2023,170L20093,1,9,0,4,4,7,3,0,0,0,0,0,0,0,2,1,6,6,1,27,6,1995,2,12,BMW 3 SERIES,1,E01012092,0,-1
2023161351259,2023,161351259,1,9,0,18,19,5,1,0,0,0,0,0,0,0,1,1,5,6,1,26,6,1995,2,10,BMW 3 SERIES,-1,-1,0,-1
2023010486653,2023,010486653,2,9,0,18,19,4,8,0,0,8,1,0,1,11,1,1,6,6,1,27,6,2993,2,8,BMW 3 SERIES,7,E01000723,0,-1
202360A186418,2023,60A186418,3,9,0,18,19,4,8,0,0,0,0,0,0,0,0,1,6,6,1,40,7,1995,2,9,BMW 3 SERIES,-1,-1,0,-1
2023544859423,2023,544859423,1,9,0,18,19,2,6,0,0,0,1,0,7,9,1,1,6,6,1,18,4,1895,1,23,BMW 3 SERIES,6,E01032011,0,-1
2023430090319,2023,430090319,2,9,0,18,19,5,1,0,0,1,0,0,0,0,1,1,6,6,1,-1,-1,1995,1,13,BMW 3 SERIES,-1,-1,0,-1
2023451337749,2023,451337749,1,9,0,18,19,1,5,0,0,0,0,0,0,0,1,1,2,2,1,39,7,1995,2,11,BMW 3 SERIES,2,-1,0,-1
2023010431540,2023,010431540,1,9,0,18,19,2,6,9,9,0,1,10,1,3,1,1,6,6,1,26,6,1995,2,11,BMW 3 SERIES,6,E01000306,0,-1
2023461279652,2023,461279652,2,9,0,18,19,7,3,0,0,0,1,7,0,0,3,1,6,6,1,57,9,2000,2,12,BMW 3 SERIES,5,E01024774,0,-1
2023221301484,2023,221301484,2,9,0,18,19,1,5,0,0,2,0,0,0,0,3,1,5,6,1,64,9,1995,2,8,BMW 3 SERIES,9,W01001135,0,-1
2023311382946,2023,311382946,1,9,0,18,19,2,6,0,0,8,0,0,0,0,4,1,6,6,3,32,6,1995,2,10,BMW 3 SERIES,2,E01013891,0,-1
2023351326437,2023,351326437,1,9,0,18,19,3,7,0,0,0,0,0,1,0,1,1,2,2,2,33,6,1995,2,10,BMW 3 SERIES,6,E01030112,0,-1
2023401303853,2023,401303853,2,9,0,18,19,8,4,0,0,1,0,0,0,0,1,1,6,6,3,-1,-1,1995,2,13,BMW 3 SERIES,-1,-1,0,-1
2023141272429,2023,141272429,1,9,0,17,19,7,3,0,0,0,0,11,1,10,1,1,5,6,1,51,8,2993,12,1,BMW 3 SERIES,6,E01011885,0,-1
2023340WN4392,2023,340WN4392,1,9,0,7,7,5,7,0,0,6,0,10,2,4,3,1,6,6,1,39,7,1995,2,16,BMW 3 SERIES,9,E01027167,0,-1
2023010453665,2023,010453665,1,9,0,2,2,0,0,0,0,0,0,0,1,2,2,1,6,6,3,-1,-1,1995,2,10,BMW 3 SERIES,-1,-1,0,-1
2023430231989,2023,430231989,2,9,0,18,19,3,7,0,0,0,0,0,0,0,1,1,6,6,1,23,5,1998,1,5,BMW 3 SERIES,3,E01019437,0,-1
2023010452732,2023,010452732,1,9,0,99,99,9,9,99,99,9,9,99,9,99,2,9,6,6,2,46,8,2993,2,8,BMW 3 SERIES,10,E01000826,0,-1
2023201450728,2023,201450728,2,9,0,13,13,7,3,0,0,8,0,0,0,0,4,1,1,1,3,-1,-1,2993,2,2,BMW 3 SERIES,-1,-1,0,-1
2023520300500,2023,520300500,1,9,0,2,2,0,0,0,0,0,0,0,0,0,2,1,6,6,1,32,6,1995,2,11,BMW 3 SERIES,5,E01029253,0,-1
2023201403269,2023,201403269,2,9,0,5,5,2,6,0,0,6,0,0,0,0,1,1,6,6,1,34,6,1995,2,15,BMW 3 SERIES,1,E01009007,0,-1
2023351322853,2023,351322853,1,9,0,7,7,3,5,0,0,8,0,0,0,0,1,1,6,6,2,47,8,1995,2,9,BMW 3 SERIES,5,E01033176,0,-1
2023061302612,2023,061302612,2,9,0,5,5,5,6,0,0,8,0,0,0,0,1,1,5,6,1,21,5,1995,1,14,BMW 3 SERIES,7,E01005041,0,-1
2023401323486,2023,401323486,1,9,-1,-1,-1,-1,-1,-1,-1,0,-1,-1,-1,0,-1,1,6,6,1,-1,-1,1995,2,9,BMW 3 SERIES,-1,-1,0,-1
2023161310644,2023,161310644,4,9,0,18,19,8,4,0,0,0,0,0,1,0,1,1,5,6,1,52,8,1998,8,1,BMW 3 SERIES,1,E01011466,0,-1
2023131322354,2023,131322354,1,9,0,5,5,3,7,0,0,1,0,4,0,0,1,1,6,6,1,26,6,1598,1,9,BMW 3 SERIES,1,E01010702,0,-1
2023401382917,2023,401382917,2,9,-1,-1,-1,-1,-1,-1,-1,0,-1,-1,-1,0,-1,1,6,6,1,22,5,1995,2,9,BMW 3 SERIES,-1,-1,0,-1
2023170L10873,2023,170L10873,1,9,0,4,4,8,4,0,0,0,0,0,0,0,2,1,6,6,1,31,6,1998,1,3,BMW 3 SERIES,2,E01012276,0,-1
2023501354894,2023,501354894,1,9,0,15,15,3,7,0,0,0,0,0,0,0,1,1,6,6,1,39,7,2993,2,17,BMW 3 SERIES,1,E01018997,0,-1
2023061315150,2023,061315150,2,9,0,18,19,6,2,0,0,1,0,0,0,0,0,1,1,1,1,27,6,2993,12,2,BMW 3 SERIES,2,E01005950,0,-1
2023231283763,2023,231283763,1,9,0,7,7,2,4,0,0,5,0,0,0,0,1,1,6,6,2,37,7,1998,8,1,BMW 3 SERIES,7,E01032892,0,-1
2023010449574,2023,010449574,2,9,0,99,99,9,9,99,99,9,9,99,9,99,9,9,6,6,3,-1,-1,1995,1,11,BMW 3 SERIES,-1,-1,0,-1
2023440410297,2023,440410297,2,9,0,2,2,0,0,0,0,0,0,0,0,0,1,1,6,6,2,41,7,1798,1,25,BMW 3 SERIES,-1,-1,0,-1
2023351299446,2023,351299446,1,9,0,18,19,7,2,0,0,4,0,0,0,0,1,1,6,6,1,21,5,1995,2,8,BMW 3 SERIES,6,E01015644,0,-1
2023421358652,2023,421358652,1,9,0,18,19,1,5,0,0,0,0,0,0,0,1,1,1,1,2,34,6,1998,1,0,BMW 3 SERIES,5,E01022009,0,-1