collision_index,collision_year,collision_ref_no,vehicle_reference,vehicle_type,towing_and_articulation,vehicle_manoeuvre_historic,vehicle_manoeuvre,vehicle_direction_from,vehicle_direction_to,vehicle_location_restricted_lane_historic,vehicle_location_restricted_lane,junction_location,skidding_and_overturning,hit_object_in_carriageway,vehicle_leaving_carriageway,hit_object_off_carriageway,first_point_of_impact,vehicle_left_hand_drive,journey_purpose_of_driver_historic,journey_purpose_of_driver,sex_of_driver,age_of_driver,age_band_of_driver,engine_capacity_cc,propulsion_code,age_of_vehicle,generic_make_model,driver_imd_decile,lsoa_of_driver,escooter_flag,driver_distance_banding
2023522300573,2023,522300573,2,9,0,17,19,7,4,0,0,8,0,0,0,0,1,1,6,6,1,27,6,1995,2,6,BMW 3 SERIES,7,E01014514,0,-1
2023440276703,2023,440276703,2,9,0,18,19,4,8,0,0,1,0,0,0,0,1,1,6,6,1,85,11,1997,1,9,BMW 3 SERIES,10,E01023045,0,-1
2023991351217,2023,991351217,1,9,0,9,9,1,7,0,0,1,0,0,0,0,3,1,6,6,1,35,6,1995,1,16,BMW 3 SERIES,2,-1,0,-1
2023451332583,2023,451332583,2,9,0,14,14,5,1,0,0,0,0,0,0,0,1,1,6,6,1,35,6,2497,1,17,BMW 3 SERIES,-1,-1,0,-1
2023131405383,2023,131405383,2,9,0,17,19,1,5,0,0,0,0,0,0,0,0,1,1,1,1,26,6,2993,2,3,BMW 3 SERIES,6,E01011885,0,-1
2023302301225,2023,302301225,1,9,0,5,5,8,6,0,0,8,0,0,0,0,1,1,2,2,1,52,8,1998,8,3,BMW 3 SERIES,2,E01019497,0,-1
2023440219826,2023,440219826,1,9,0,18,19,7,3,0,0,0,0,0,0,0,1,1,1,1,1,43,7,1998,8,0,BMW 3 SERIES,9,E01022958,0,-1
2023351411927,2023,351411927,1,9,0,18,19,8,4,0,0,0,1,0,7,0,1,1,5,6,1,25,5,1995,1,13,BMW 3 SERIES,5,E01018067,0,-1
2023141267098,2023,141267098,2,9,0,17,19,1,6,0,0,0,0,1,1,0,3,1,6,6,1,48,8,1995,2,7,BMW 3 SERIES,1,E01007906,0,-1
2023361333343,2023,361333343,1,9,0,18,19,2,6,0,0,3,0,0,0,0,1,1,6,6,1,41,7,2494,1,18,BMW 3 SERIES,1,E01026798,0,-1
2023471274901,2023,471274901,1,9,0,18,19,4,8,0,0,0,0,0,0,0,1,1,5,6,1,26,6,2993,2,15,BMW 3 SERIES,4,E01031610,0,-1
2023552301212,2023,552301212,1,9,0,18,19,5,1,0,0,0,0,0,0,0,1,1,6,6,1,35,6,1995,2,10,BMW 3 SERIES,8,E01020376,0,-1
2023340NN3442,2023,340NN3442,1,9,0,18,19,3,7,0,0,0,0,4,0,0,1,1,6,6,1,26,6,2993,2,8,BMW 3 SERIES,6,E01032970,0,-1
2023520301672,2023,520301672,1,9,0,18,19,3,1,0,0,8,0,0,0,0,3,1,6,6,1,38,7,1995,2,10,BMW 3 SERIES,1,E01032903,0,-1
2023010480905,2023,010480905,2,9,0,99,99,9,9,99,99,9,9,99,9,99,2,9,6,6,3,-1,-1,1995,1,16,BMW 3 SERIES,-1,-1,0,-1
2023421268583,2023,421268583,2,9,0,5,5,3,1,0,0,6,1,0,0,0,4,1,6,6,2,39,7,1995,2,10,BMW 3 SERIES,3,E01016014,0,-1
2023440234463,2023,440234463,1,9,0,9,9,6,4,0,0,1,0,0,0,0,2,1,6,6,1,33,6,1995,2,8,BMW 3 SERIES,6,E01006503,0,-1
2023461308691,2023,461308691,2,9,0,18,19,5,1,0,0,0,0,0,0,0,3,1,5,6,1,28,6,1995,1,17,BMW 3 SERIES,7,E01000198,0,-1
2023471336011,2023,471336011,2,9,0,3,3,5,1,0,0,0,0,2,0,0,2,1,5,6,1,27,6,1998,1,6,BMW 3 SERIES,5,E01021114,0,-1
2023010441550,2023,010441550,1,9,0,99,99,9,9,99,99,0,9,99,9,99,1,9,6,6,1,33,6,1997,1,9,BMW 3 SERIES,4,E01000113,0,-1
2023010423367,2023,010423367,1,9,0,9,9,4,1,9,9,5,0,10,1,10,4,1,6,6,1,25,5,1997,1,9,BMW 3 SERIES,8,E01001044,0,-1
2023991335837,2023,991335837,2,9,0,18,19,6,3,0,0,0,0,0,0,0,1,1,5,6,1,35,6,1998,1,4,BMW 3 SERIES,5,-1,0,-1
2023361294092,2023,361294092,2,9,0,4,4,6,2,0,0,0,2,0,3,0,4,1,6,6,1,74,10,2979,1,21,BMW 3 SERIES,4,E01026646,0,-1
2023991359536,2023,991359536,1,9,0,18,19,8,5,0,0,0,0,0,1,0,1,1,5,6,1,21,5,2000,2,14,BMW 3 SERIES,10,-1,0,-1
2023411342988,2023,411342988,1,9,0,18,19,2,6,0,0,0,0,0,0,0,1,1,6,6,1,22,5,2993,2,8,BMW 3 SERIES,6,E01023922,0,-1
2023471281992,2023,471281992,1,9,0,9,9,6,3,0,0,6,0,0,0,0,1,1,1,1,2,31,6,1998,8,3,BMW 3 SERIES,9,E01025917,0,-1
2023141291082,2023,141291082,1,9,0,13,13,3,7,0,0,0,1,4,0,0,1,1,5,6,1,21,5,2993,2,16,BMW 3 SERIES,2,E01011913,0,-1
202354B964023,2023,54B964023,1,9,0,5,5,2,6,0,0,0,0,0,0,0,1,1,6,6,1,50,8,1995,2,11,BMW 3 SERIES,9,E01031870,0,-1
2023361323943,2023,361323943,1,9,0,18,19,8,4,0,0,0,0,0,1,4,1,1,6,6,1,27,6,1995,2,4,BMW 3 SERIES,4,E01026846,0,-1
2023411386822,2023,411386822,1,9,0,3,3,5,1,0,0,1,0,0,0,0,2,1,6,6,2,32,6,1995,2,10,BMW 3 SERIES,-1,-1,0,-1
2023010465302,2023,010465302,2,9,0,99,99,9,9,99,99,9,9,99,9,99,1,9,6,6,3,-1,-1,1995,1,13,BMW 3 SERIES,2,E01004264,0,-1
2023010455427,2023,010455427,1,9,0,18,19,1,5,0,0,1,0,0,0,0,1,1,6,6,1,26,6,1997,1,10,BMW 3 SERIES,4,E01003148,0,-1
2023451281428,2023,451281428,2,9,0,3,3,1,5,0,0,1,0,0,0,0,2,1,5,6,1,46,8,2993,2,8,BMW 3 SERIES,8,E01031778,0,-1
2023332300169,2023,332300169,2,9,0,18,19,7,3,0,0,1,0,0,0,0,1,1,6,6,2,27,6,1995,2,12,BMW 3 SERIES,1,E01013651,0,-1
2023311277861,2023,311277861,1,9,0,18,19,1,5,0,0,1,0,0,0,0,1,1,6,6,3,-1,-1,1995,2,7,BMW 3 SERIES,-1,-1,0,-1
2023421279030,2023,421279030,1,9,0,18,19,1,5,0,0,1,0,0,0,0,1,1,6,6,1,33,6,2993,2,16,BMW 3 SERIES,10,E01021248,0,-1
2023010446649,2023,010446649,1,9,0,2,2,0,0,2,2,1,0,0,0,0,2,1,6,6,3,-1,-1,1997,1,9,BMW 3 SERIES,-1,-1,0,-1
2023201287718,2023,201287718,2,9,0,18,19,4,3,0,0,8,0,0,0,0,3,1,6,6,1,33,6,1995,2,4,BMW 3 SERIES,2,E01010279,0,-1
2023411277506,2023,411277506,3,9,0,4,4,6,1,0,0,2,0,12,0,0,1,1,5,6,2,32,6,1995,2,13,BMW 3 SERIES,4,E01023669,0,-1
2023131327579,2023,131327579,3,9,0,18,19,1,5,0,0,8,0,0,0,0,0,1,1,1,1,41,7,2993,2,3,BMW 3 SERIES,6,E01011885,0,-1
2023122300494,2023,122300494,3,9,0,9,9,5,1,0,0,0,0,0,0,0,0,1,1,1,1,37,7,1998,8,3,BMW 3 SERIES,7,E01031212,0,-1
2023421373739,2023,421373739,1,9,0,18,19,1,5,0,0,1,0,0,8,11,4,1,6,6,1,25,5,1995,2,9,BMW 3 SERIES,8,E01027285,0,-1
2023010485464,2023,010485464,1,9,0,18,19,3,7,0,0,6,1,0,0,0,1,1,6,6,1,33,6,1998,8,3,BMW 3 SERIES,2,E01003132,0,-1
2023061347036,2023,061347036,2,9,0,3,3,7,3,0,0,1,0,0,0,0,1,1,6,6,1,30,6,1998,8,4,BMW 3 SERIES,6,E01004912,0,-1
2023010475144,2023,010475144,1,9,0,18,19,7,3,0,0,0,0,0,0,0,1,1,6,6,1,40,7,1998,1,6,BMW 3 SERIES,2,E01001875,0,-1
2023332301206,2023,332301206,2,9,0,5,5,4,8,0,0,6,0,0,0,0,1,1,6,6,1,59,9,1998,8,4,BMW 3 SERIES,8,E01025908,0,-1
2023010435728,2023,010435728,1,9,0,99,99,9,9,99,99,9,9,99,9,99,2,1,2,2,2,50,8,1995,1,12,BMW 3 SERIES,6,E01001964,0,-1
2023010469768,2023,010469768,1,9,0,18,19,5,1,0,0,1,0,0,0,0,1,1,6,6,2,63,9,2171,1,17,BMW 3 SERIES,3,E01000127,0,-1
2023471370346,2023,471370346,2,9,0,13,13,3,7,0,0,8,0,0,0,0,1,1,1,1,1,51,8,1998,8,4,BMW 3 SERIES,6,E01031591,0,-1
2023061363578,2023,061363578,1,9,0,18,19,3,7,0,0,0,0,0,0,0,4,1,6,6,1,56,9,1995,2,16,BMW 3 SERIES,1,E01006334,0,-1
2023430172076,2023,430172076,1,9,0,18,19,7,3,0,0,1,0,0,0,0,1,1,6,6,1,-1,-1,2494,1,26,BMW 3 SERIES,-1,-1,0,-1
2023131376179,2023,131376179,4,9,0,18,19,7,3,0,0,1,0,0,0,0,0,1,5,6,1,29,6,2993,12,1,BMW 3 SERIES,1,E01010614,0,-1
2023302300224,2023,302300224,1,9,0,18,19,6,2,0,0,0,0,0,0,0,1,1,6,6,1,32,6,1995,2,10,BMW 3 SERIES,4,E01019851,0,-1
2023340NN3992,2023,340NN3992,2,9,0,4,4,5,2,0,0,1,0,0,1,1,2,1,6,6,1,26,6,1995,2,12,BMW 3 SERIES,5,E01027350,0,-1
2023201382617,2023,201382617,1,9,0,18,19,8,4,0,0,8,0,0,0,0,1,1,5,6,1,25,5,1995,2,10,BMW 3 SERIES,3,E01009887,0,-1
2023332300703,2023,332300703,2,9,0,4,4,6,2,0,0,0,0,0,0,0,2,1,1,1,1,43,7,1995,2,7,BMW 3 SERIES,3,E01026123,0,-1
2023231368947,2023,231368947,2,9,0,18,19,6,2,0,0,0,0,10,0,0,4,1,6,6,1,30,6,1995,12,2,BMW 3 SERIES,-1,-1,0,-1
2023101317886,2023,101317886,3,9,0,4,4,3,7,0,0,0,0,0,0,0,2,1,2,2,1,26,6,1995,2,9,BMW 3 SERIES,-1,-1,0,-1
2023201377014,2023,201377014,1,9,0,18,19,5,1,0,0,8,0,0,0,0,1,1,2,2,1,62,9,1995,2,18,BMW 3 SERIES,5,E01010460,0,-1
202360A150022,2023,60A150022,1,9,0,18,19,4,8,0,0,1,1,0,0,0,1,1,2,2,1,53,8,2979,1,19,BMW 3 SERIES,-1,-1,0,-1
2023991377705,2023,991377705,1,9,0,13,13,4,8,0,0,0,0,4,7,0,1,1,1,1,1,54,8,1998,8,0,BMW 3 SERIES,7,E01012053,0,-1
2023010424337,2023,010424337,2,9,0,99,99,9,9,99,99,9,9,99,9,99,2,9,6,6,3,-1,-1,1995,1,19,BMW 3 SERIES,-1,-1,0,-1
2023010440484,2023,010440484,1,9,0,18,19,3,7,0,0,8,0,0,0,0,3,1,6,6,1,49,8,2171,1,19,BMW 3 SERIES,2,E01002561,0,-1
2023552301114,2023,552301114,1,9,0,18,19,2,6,0,0,1,0,0,0,0,1,1,6,6,1,56,9,1995,2,7,BMW 3 SERIES,5,E01015345,0,-1
2023101384193,2023,101384193,2,9,0,18,19,7,4,0,0,0,0,0,0,0,4,1,6,6,1,40,7,1995,2,17,BMW 3 SERIES,3,E01008401,0,-1
2023991295579,2023,991295579,2,9,0,15,15,2,6,0,0,0,0,0,7,0,0,1,6,6,3,38,7,1995,2,9,BMW 3 SERIES,-1,-1,0,-1
2023010460452,2023,010460452,1,9,0,18,19,8,4,0,0,1,0,0,1,0,1,1,6,6,1,41,7,1995,1,16,BMW 3 SERIES,2,E01000027,0,-1
2023991313595,2023,991313595,2,9,0,18,19,4,8,0,0,1,0,0,7,11,1,1,5,6,2,22,5,1995,1,14,BMW 3 SERIES,1,-1,0,-1
2023010474778,2023,010474778,2,9,0,9,9,5,3,0,0,1,0,0,0,0,1,1,6,6,3,-1,-1,1995,1,16,BMW 3 SERIES,-1,-1,0,-1
2023451322091,2023,451322091,2,9,0,18,19,1,3,0,0,0,0,0,0,0,3,1,6,6,1,30,6,1997,1,11,BMW 3 SERIES,-1,-1,0,-1
2023010470999,2023,010470999,2,9,0,4,4,1,5,0,0,1,0,0,0,0,1,2,6,6,1,64,9,1895,1,23,BMW 3 SERIES,2,E01002615,0,-1
2023010455173,2023,010455173,2,9,0,99,99,9,9,99,99,9,9,99,9,99,9,9,6,6,3,-1,-1,1995,1,13,BMW 3 SERIES,-1,-1,0,-1
2023501337274,2023,501337274,1,9,0,18,19,2,3,0,0,0,1,0,8,6,1,1,6,6,1,24,5,1995,2,18,BMW 3 SERIES,1,E01018875,0,-1
2023991379176,2023,991379176,3,9,0,4,4,6,2,0,0,0,0,0,0,0,1,1,6,6,2,49,8,1995,2,8,BMW 3 SERIES,3,-1,0,-1
2023231396297,2023,231396297,2,9,0,18,19,2,6,0,0,0,0,0,0,0,1,1,6,6,1,53,8,1998,1,1,BMW 3 SERIES,9,E01025833,0,-1
2023221334410,2023,221334410,1,9,0,13,13,6,2,0,0,0,0,0,0,0,1,1,6,6,1,22,5,2993,2,13,BMW 3 SERIES,8,E01032208,0,-1
2023430009782,2023,430009782,1,9,0,9,9,4,3,0,0,8,0,0,0,0,1,1,6,6,1,57,9,2993,2,8,BMW 3 SERIES,9,E01017935,0,-1
2023141300849,2023,141300849,2,9,0,16,19,3,1,0,0,4,0,0,0,0,1,1,5,6,1,44,7,1995,2,15,BMW 3 SERIES,1,E01008054,0,-1
2023010427634,2023,010427634,2,9,0,99,99,9,9,99,99,9,9,99,9,99,9,9,6,6,3,-1,-1,2000,1,15,BMW 3 SERIES,-1,-1,0,-1
2023010433861,2023,010433861,2,9,9,99,99,9,9,99,99,9,9,99,9,99,9,9,6,6,3,-1,-1,1995,1,11,BMW 3 SERIES,2,E01004207,0,-1
2023010445231,2023,010445231,1,9,0,99,99,9,9,99,99,9,9,99,9,99,2,9,6,6,1,37,7,2000,2,12,BMW 3 SERIES,3,E01016442,0,-1
2023471325509,2023,471325509,1,9,0,17,19,7,4,0,0,0,0,0,3,0,1,1,5,6,1,43,7,1995,2,16,BMW 3 SERIES,7,E01031357,0,-1
2023361307224,2023,361307224,1,9,0,4,4,2,5,0,0,4,0,10,3,10,1,1,5,6,1,44,7,1995,2,6,BMW 3 SERIES,4,E01026659,0,-1
2023311327781,2023,311327781,2,9,0,3,3,3,8,0,0,0,0,0,0,0,4,1,5,6,1,27,6,1995,2,11,BMW 3 SERIES,-1,-1,0,-1
2023451323804,2023,451323804,1,9,0,9,9,7,5,0,0,1,0,0,0,0,1,1,2,2,1,42,7,2993,2,6,BMW 3 SERIES,9,E01031004,0,-1
2023361312879,2023,361312879,2,9,0,18,19,5,1,0,0,2,0,0,0,0,1,2,5,6,1,52,8,2171,1,18,BMW 3 SERIES,5,E01026760,0,-1
2023041368680,2023,041368680,1,9,0,18,19,2,4,0,0,1,0,0,0,0,1,1,5,6,1,56,9,1995,2,10,BMW 3 SERIES,2,E01013657,0,-1
2023622300444,2023,622300444,2,9,0,18,19,2,6,0,0,1,0,0,0,0,1,1,6,6,1,29,6,1995,2,11,BMW 3 SERIES,2,W01001862,0,-1
2023440101615,2023,440101615,1,9,0,18,19,1,5,0,0,8,0,0,0,0,1,1,6,6,1,20,4,2993,2,19,BMW 3 SERIES,8,E01017183,0,-1
2023010439811,2023,010439811,1,9,0,9,9,1,6,0,0,5,0,0,0,0,1,1,6,6,1,29,6,1995,1,15,BMW 3 SERIES,5,E01000620,0,-1
2023361275434,2023,361275434,2,9,0,18,19,4,8,0,0,0,0,0,0,0,1,1,2,2,1,37,7,2494,1,20,BMW 3 SERIES,3,E01026631,0,-1
2023010454688,2023,010454688,3,9,0,2,2,0,0,0,0,0,0,4,0,0,2,1,6,6,3,-1,-1,2979,1,20,BMW 3 SERIES,-1,-1,0,-1
2023041347940,2023,041347940,3,9,0,18,19,3,7,0,0,0,0,0,0,0,1,1,1,1,1,47,8,2993,12,2,BMW 3 SERIES,1,E01012686,0,-1
2023010424852,2023,010424852,2,9,0,99,99,9,9,99,99,9,9,99,9,99,1,9,6,6,3,-1,-1,1998,8,7,BMW 3 SERIES,-1,-1,0,-1
2023010442811,2023,010442811,1,9,0,4,4,5,1,0,0,0,0,0,0,0,2,1,6,6,1,31,6,2000,2,13,BMW 3 SERIES,4,E01003658,0,-1
2023061320073,2023,061320073,1,9,0,16,19,1,5,0,0,0,0,0,1,4,1,1,6,6,1,24,5,1995,12,3,BMW 3 SERIES,4,E01005462,0,-1
2023501384456,2023,501384456,2,9,0,2,2,0,0,0,0,1,0,0,0,0,1,1,6,6,1,41,7,1995,2,10,BMW 3 SERIES,2,E01015216,0,-1
2023061349738,2023,061349738,1,9,0,18,19,8,4,0,0,1,0,0,0,0,1,1,6,6,1,51,8,2993,2,10,BMW 3 SERIES,8,E01006888,0,-1
2023010430453,2023,010430453,1,9,0,18,19,1,5,8,6,5,0,0,3,0,1,1,6,6,1,39,7,2996,1,14,BMW 3 SERIES,4,E01003447,0,-1
2023010466893,2023,010466893,1,9,0,5,5,7,3,0,0,4,0,0,2,10,3,1,6,6,1,35,6,1995,2,8,BMW 3 SERIES,4,E01001724,0,-1
2023201384327,2023,201384327,1,9,0,9,9,8,6,0,0,5,0,0,0,0,3,1,6,6,1,24,5,1995,2,14,BMW 3 SERIES,4,E01009634,0,-1
2023430446000,2023,430446000,2,9,0,18,19,5,1,0,0,0,0,0,0,0,4,1,6,6,1,31,6,1995,2,14,BMW 3 SERIES,-1,-1,0,-1
2023461272733,2023,461272733,1,9,0,18,19,5,1,0,0,0,1,11,1,0,1,1,6,6,1,23,5,1995,1,11,BMW 3 SERIES,7,E01024378,0,-1
2023010462104,2023,010462104,2,9,0,2,2,0,0,0,0,2,0,11,0,0,2,1,6,6,3,-1,-1,1995,2,9,BMW 3 SERIES,-1,-1,0,-1
2023471382532,2023,471382532,2,9,0,18,19,3,7,0,0,1,0,0,0,0,1,1,6,6,1,27,6,1998,1,7,BMW 3 SERIES,9,E01031622,0,-1
2023501366837,2023,501366837,1,9,0,4,4,2,6,0,0,0,0,0,0,0,1,1,6,6,1,23,5,1995,2,11,BMW 3 SERIES,8,E01020066,0,-1
2023332301300,2023,332301300,1,9,0,18,19,5,1,0,0,0,0,0,0,0,3,1,6,6,1,42,7,1995,2,11,BMW 3 SERIES,-1,-1,0,-1
2023311357048,2023,311357048,4,9,0,18,19,6,2,0,0,0,0,0,0,0,3,1,1,1,1,37,7,2993,12,1,BMW 3 SERIES,-1,-1,0,-1
2023010420898,2023,010420898,1,9,0,5,5,5,1,0,0,4,0,0,0,0,4,1,6,6,1,49,8,1998,8,0,BMW 3 SERIES,4,E01020973,0,-1
2023041399204,2023,041399204,2,9,0,18,19,2,8,0,0,0,1,0,0,0,1,1,5,6,1,27,6,1995,2,9,BMW 3 SERIES,2,E01012605,0,-1
2023430531001,2023,430531001,8,9,0,18,19,8,4,0,0,0,0,0,0,0,2,1,6,6,1,37,7,1998,8,3,BMW 3 SERIES,3,E01004217,0,-1
2023170H10393,2023,170H10393,1,9,0,18,19,5,1,0,0,8,5,10,3,6,1,1,6,6,1,46,8,1995,1,18,BMW 3 SERIES,2,E01020795,0,-1
2023010472561,2023,010472561,1,9,0,4,4,1,5,0,0,1,0,0,0,0,1,1,6,6,1,77,11,1998,1,6,BMW 3 SERIES,4,E01003133,0,-1
2023201292552,2023,201292552,1,9,0,5,5,8,4,0,0,2,0,0,0,0,1,1,6,6,1,32,6,2993,2,17,BMW 3 SERIES,5,E01009848,0,-1
2023351356543,2023,351356543,1,9,0,18,19,-1,-1,0,0,2,0,0,0,0,1,1,6,6,1,54,8,1995,1,17,BMW 3 SERIES,7,E01018294,0,-1
2023010448158,2023,010448158,2,9,0,18,19,1,5,0,0,0,0,0,0,0,1,1,6,6,2,37,7,1998,1,4,BMW 3 SERIES,8,E01017814,0,-1
2023131260765,2023,131260765,2,9,0,18,19,6,4,0,0,1,0,0,0,0,0,1,1,1,1,52,8,2993,2,4,BMW 3 SERIES,3,E01010871,0,-1
2023052301219,2023,052301219,3,9,0,18,19,7,3,0,0,0,0,0,0,0,3,1,1,1,1,34,6,2993,2,4,BMW 3 SERIES,3,E01006743,0,-1
2023010478716,2023,010478716,1,9,0,18,19,1,5,9,9,8,1,0,1,11,4,1,6,6,1,39,7,1499,1,8,BMW 3 SERIES,3,E01003201,0,-1
2023471353000,2023,471353000,1,9,0,7,7,8,2,0,0,5,0,0,0,0,4,1,5,6,1,25,5,1995,2,19,BMW 3 SERIES,10,E01030961,0,-1
2023311282220,2023,311282220,1,9,0,3,3,5,1,0,0,0,0,0,0,0,2,1,5,6,1,39,7,1995,2,5,BMW 3 SERIES,4,E01028164,0,-1
2023041319044,2023,041319044,1,9,0,18,19,7,3,0,0,1,0,0,0,0,1,1,5,6,1,54,8,1995,2,16,BMW 3 SERIES,3,E01012588,0,-1
2023991299443,2023,991299443,1,9,0,18,19,6,2,0,0,4,0,0,0,0,4,1,5,6,1,31,6,1995,2,4,BMW 3 SERIES,3,-1,0,-1
2023401313348,2023,401313348,1,9,0,18,19,1,5,0,0,3,0,0,0,0,1,1,6,6,3,-1,-1,1995,1,13,BMW 3 SERIES,-1,-1,0,-1
202354A390423,2023,54A390423,2,9,0,2,2,0,0,0,0,8,0,0,0,0,1,1,6,6,1,-1,-1,2494,1,19,BMW 3 SERIES,-1,-1,0,-1
2023411333215,2023,411333215,1,9,0,14,14,6,2,0,0,0,0,0,0,0,4,1,5,6,1,27,6,1995,2,11,BMW 3 SERIES,1,E01002092,0,-1
2023010449948,2023,010449948,1,9,0,18,19,3,7,0,0,2,0,0,1,4,1,1,6,6,1,33,6,1995,1,12,BMW 3 SERIES,-1,-1,0,-1
2023131376420,2023,131376420,2,9,0,18,19,5,1,0,0,0,0,0,0,0,0,1,1,1,1,38,7,2993,2,3,BMW 3 SERIES,6,E01011885,0,-1
2023010432106,2023,010432106,2,9,0,18,19,5,1,0,0,8,1,0,0,0,4,1,6,6,1,34,6,1995,1,12,BMW 3 SERIES,1,E01003517,0,-1
2023311334059,2023,311334059,2,9,0,9,9,1,6,0,0,8,0,0,0,0,1,1,6,6,2,88,11,1995,1,17,BMW 3 SERIES,10,E01028401,0,-1
2023201398265,2023,201398265,2,9,0,18,19,8,4,0,0,8,0,0,0,0,1,1,6,6,1,35,6,1995,2,8,BMW 3 SERIES,1,E01009396,0,-1
2023461317750,2023,461317750,1,9,0,18,19,8,4,0,0,0,0,11,0,0,3,1,6,6,1,88,11,1995,2,11,BMW 3 SERIES,6,E01023979,0,-1
2023010442731,2023,010442731,1,9,0,99,99,9,9,99,99,9,9,99,9,99,3,9,6,6,2,32,6,1995,2,8,BMW 3 SERIES,9,E01002317,0,-1
2023991296790,2023,991296790,2,9,0,18,19,8,4,0,0,1,0,0,0,0,1,1,2,2,1,23,5,1995,2,5,BMW 3 SERIES,7,-1,0,-1
2023111395003,2023,111395003,1,9,0,18,19,6,2,0,0,1,0,0,0,0,1,1,6,6,1,23,5,1995,2,13,BMW 3 SERIES,3,E01020799,0,-1
2023010439072,2023,010439072,2,9,9,14,14,5,1,0,0,9,9,99,9,99,9,9,6,6,3,-1,-1,1995,1,13,BMW 3 SERIES,-1,-1,0,-1
2023340NN9022,2023,340NN9022,1,9,0,9,9,5,3,0,0,6,0,0,0,0,3,1,6,6,1,23,5,2171,1,22,BMW 3 SERIES,2,E01027351,0,-1
2023320269686,2023,320269686,2,9,0,18,19,5,1,0,0,8,0,0,0,0,1,1,6,6,2,45,7,1995,2,14,BMW 3 SERIES,-1,-1,0,-1
2023421290519,2023,421290519,1,9,0,18,19,5,1,0,0,0,0,0,0,0,1,1,6,6,1,21,5,1995,1,18,BMW 3 SERIES,9,E01021724,0,-1
2023010441290,2023,010441290,2,9,0,99,99,9,9,99,99,9,9,99,9,99,1,9,6,6,3,-1,-1,2996,1,15,BMW 3 SERIES,-1,-1,0,-1
2023141384440,2023,141384440,1,9,0,15,15,8,4,0,0,0,0,0,0,0,1,1,2,2,1,24,5,2993,2,14,BMW 3 SERIES,4,E01007353,0,-1
2023430483827,2023,430483827,1,9,0,6,6,3,3,0,0,1,0,0,0,0,1,1,6,6,1,30,6,1995,2,18,BMW 3 SERIES,-1,-1,0,-1
2023501350759,2023,501350759,1,9,0,18,19,6,2,0,0,0,1,0,8,6,1,1,1,1,2,43,7,1995,2,16,BMW 3 SERIES,1,E01015030,0,-1
2023201339765,2023,201339765,1,9,0,18,19,5,1,0,0,8,0,0,0,0,1,1,6,6,1,-1,-1,2000,2,13,BMW 3 SERIES,-1,-1,0,-1
2023201371508,2023,201371508,1,9,0,18,19,3,7,0,0,0,0,4,0,0,1,1,1,1,1,23,5,1995,2,14,BMW 3 SERIES,1,E01032471,0,-1
2023991284226,2023,991284226,2,9,0,3,3,3,7,0,0,1,0,0,0,0,2,1,6,6,1,57,9,2993,2,7,BMW 3 SERIES,-1,-1,0,-1
2023141378824,2023,141378824,2,9,0,18,19,1,5,0,0,0,0,0,2,0,1,1,5,6,2,40,7,2993,2,7,BMW 3 SERIES,1,E01007472,0,-1
2023010462442,2023,010462442,1,9,0,4,4,8,4,0,0,1,0,0,0,0,1,1,6,6,2,48,8,1995,1,14,BMW 3 SERIES,2,E01003540,0,-1
2023991345663,2023,991345663,1,9,0,7,7,6,1,0,0,1,1,0,8,0,1,1,6,6,1,39,7,1995,2,10,BMW 3 SERIES,-1,-1,0,-1
2023430572384,2023,430572384,1,9,0,18,19,2,8,0,0,6,0,0,0,0,1,1,6,6,1,-1,-1,2993,2,8,BMW 3 SERIES,-1,-1,0,-1
2023332300505,2023,332300505,2,9,0,2,2,0,0,0,0,0,0,0,0,0,0,1,3,7,2,44,7,1995,2,6,BMW 3 SERIES,2,E01013681,0,-1
2023141264053,2023,141264053,1,9,0,13,13,7,3,0,0,0,0,0,0,0,1,1,5,6,1,22,5,1995,2,14,BMW 3 SERIES,7,E01007689,0,-1
2023131279527,2023,131279527,1,9,0,9,9,3,1,0,0,8,0,0,0,0,1,1,6,6,2,36,7,1995,2,8,BMW 3 SERIES,4,E01011023,0,-1
2023061260937,2023,061260937,1,9,0,9,9,5,7,0,0,0,0,0,0,0,4,1,6,6,1,75,10,1995,2,19,BMW 3 SERIES,8,E01005361,0,-1
2023010422925,2023,010422925,1,9,0,18,19,7,3,0,0,8,0,0,0,0,3,1,6,6,1,27,6,1995,2,8,BMW 3 SERIES,1,E01002720,0,-1
2023061318258,2023,061318258,2,9,0,18,19,7,3,0,0,1,0,0,0,0,3,1,5,6,2,60,9,1995,2,18,BMW 3 SERIES,1,E01005141,0,-1
2023010429338,2023,010429338,1,9,0,7,7,7,2,0,0,3,0,10,0,0,1,1,6,6,1,17,4,2926,2,21,BMW 3 SERIES,3,E01004443,0,-1
2023451360550,2023,451360550,3,9,0,18,19,7,3,0,0,1,0,0,0,0,0,1,1,1,1,30,6,2993,12,1,BMW 3 SERIES,10,E01030480,0,-1
2023041316080,2023,041316080,2,9,0,18,19,5,1,0,0,1,0,0,0,0,2,1,1,1,2,56,9,2000,2,12,BMW 3 SERIES,2,E01025579,0,-1
2023545132723,2023,545132723,2,9,0,18,19,1,5,0,0,8,0,0,0,0,1,1,6,6,1,34,6,1995,2,19,BMW 3 SERIES,6,E01031860,0,-1