collision_index,collision_year,collision_ref_no,vehicle_reference,vehicle_type,towing_and_articulation,vehicle_manoeuvre_historic,vehicle_manoeuvre,vehicle_direction_from,vehicle_direction_to,vehicle_location_restricted_lane_historic,vehicle_location_restricted_lane,junction_location,skidding_and_overturning,hit_object_in_carriageway,vehicle_leaving_carriageway,hit_object_off_carriageway,first_point_of_impact,vehicle_left_hand_drive,journey_purpose_of_driver_historic,journey_purpose_of_driver,sex_of_driver,age_of_driver,age_band_of_driver,engine_capacity_cc,propulsion_code,age_of_vehicle,generic_make_model,driver_imd_decile,lsoa_of_driver,escooter_flag,driver_distance_banding
2023430573541,2023,430573541,2,9,0,5,5,8,4,0,0,6,0,0,0,0,3,1,6,6,1,61,9,2993,2,18,BMW 3 SERIES,7,E01017713,0,-1
2023332300103,2023,332300103,1,9,0,18,19,2,6,0,0,8,0,0,0,0,1,1,6,6,1,25,5,1995,2,16,BMW 3 SERIES,8,E01013702,0,-1
2023461377358,2023,461377358,1,9,0,18,19,8,4,0,0,0,0,0,0,0,1,1,6,6,2,28,6,1995,2,14,BMW 3 SERIES,1,E01033211,0,-1
2023421339616,2023,421339616,1,9,0,18,19,6,4,0,0,0,0,10,1,0,1,1,2,2,1,46,8,2993,2,6,BMW 3 SERIES,7,E01016123,0,-1
2023371395178,2023,371395178,2,9,0,18,19,4,8,0,0,1,0,0,0,0,1,1,2,2,1,44,7,1995,2,9,BMW 3 SERIES,4,E01029978,0,-1
2023311301245,2023,311301245,2,9,0,9,9,7,5,0,0,2,0,0,0,0,1,1,6,6,2,-1,-1,2000,2,14,BMW 3 SERIES,-1,-1,0,-1
2023471373921,2023,471373921,1,9,0,9,9,3,8,0,0,1,0,0,0,0,1,1,5,6,1,18,4,1499,1,5,BMW 3 SERIES,-1,-1,0,-1
2023010427948,2023,010427948,2,9,0,99,99,9,9,99,99,9,9,99,9,99,1,9,6,6,3,33,6,1995,2,17,BMW 3 SERIES,-1,-1,0,-1
2023010464215,2023,010464215,1,9,0,99,99,9,9,99,99,9,9,99,9,99,9,9,6,6,1,30,6,1995,1,15,BMW 3 SERIES,7,E01000234,0,-1
2023451387010,2023,451387010,1,9,0,17,19,1,5,0,0,0,1,0,0,0,1,1,5,6,1,25,5,1998,1,3,BMW 3 SERIES,9,E01003473,0,-1
2023010485930,2023,010485930,1,9,0,17,19,5,1,0,0,3,5,0,0,0,1,1,2,2,1,28,6,2979,1,15,BMW 3 SERIES,2,E01002080,0,-1
2023520400467,2023,520400467,1,9,0,9,9,4,8,0,0,5,0,0,0,0,9,1,6,6,1,73,10,2000,2,13,BMW 3 SERIES,4,E01029186,0,-1
2023430186593,2023,430186593,3,9,0,18,19,6,2,0,0,2,0,0,0,0,3,1,6,6,1,42,7,1995,2,15,BMW 3 SERIES,10,E01028810,0,-1
2023141285162,2023,141285162,1,9,0,18,19,1,5,0,0,0,1,0,0,0,4,1,5,6,1,31,6,2494,1,18,BMW 3 SERIES,1,E01013726,0,-1
2023122300943,2023,122300943,2,9,0,9,9,2,8,0,0,6,0,0,0,0,3,1,6,6,2,25,5,2993,2,7,BMW 3 SERIES,10,E01013433,0,-1
2023461276998,2023,461276998,2,9,0,2,2,3,7,0,0,1,0,0,0,0,1,1,6,6,1,26,6,1995,2,17,BMW 3 SERIES,9,E01016052,0,-1
202363A019023,2023,63A019023,1,9,0,18,19,1,5,0,0,8,1,0,4,6,1,1,6,6,1,27,6,1995,2,4,BMW 3 SERIES,6,W01000509,0,-1
2023430427835,2023,430427835,1,9,0,18,19,1,5,0,0,1,1,0,1,4,1,1,6,6,1,37,7,1995,2,17,BMW 3 SERIES,-1,-1,0,-1
2023010450103,2023,010450103,1,9,0,9,9,6,4,0,0,5,0,0,0,0,1,1,6,6,1,56,9,1995,1,14,BMW 3 SERIES,5,E01002666,0,-1
2023430338303,2023,430338303,1,9,0,13,13,1,5,0,0,0,0,0,0,0,4,1,6,6,1,42,7,1998,1,4,BMW 3 SERIES,9,E01017935,0,-1
2023061341283,2023,061341283,2,9,0,18,19,7,7,0,0,0,0,0,0,0,0,1,1,1,1,39,7,2993,2,5,BMW 3 SERIES,4,E01005730,0,-1
2023471370790,2023,471370790,1,9,0,18,19,7,2,0,0,4,0,9,3,1,1,1,5,6,1,37,7,1995,1,19,BMW 3 SERIES,9,E01031761,0,-1
2023552301146,2023,552301146,1,9,0,9,9,8,6,0,0,6,0,0,0,0,1,1,6,6,1,80,11,1995,2,11,BMW 3 SERIES,7,E01020436,0,-1
2023991282887,2023,991282887,1,9,0,18,19,7,3,0,0,0,0,0,0,0,1,1,5,6,2,29,6,1998,1,3,BMW 3 SERIES,4,-1,0,-1
2023010483800,2023,010483800,2,9,0,15,15,3,7,0,0,0,1,4,0,0,1,1,6,6,1,28,6,2993,2,8,BMW 3 SERIES,-1,-1,0,-1
2023131281523,2023,131281523,2,9,0,18,19,3,7,0,0,1,0,0,0,0,1,1,6,6,1,35,6,1995,2,17,BMW 3 SERIES,1,E01011293,0,-1
2023010479167,2023,010479167,1,9,0,7,7,1,4,0,0,5,0,0,0,0,3,1,6,6,1,29,6,1995,1,17,BMW 3 SERIES,4,E01030161,0,-1
2023522300886,2023,522300886,1,9,0,18,19,8,4,0,0,8,5,0,1,4,4,1,6,6,1,57,9,1995,2,15,BMW 3 SERIES,4,E01014991,0,-1
2023170S10833,2023,170S10833,2,9,0,1,1,6,1,0,0,8,0,0,0,0,2,1,6,6,2,-1,-1,1995,2,18,BMW 3 SERIES,-1,-1,0,-1
2023622300553,2023,622300553,1,9,0,5,5,6,2,0,0,4,0,0,0,0,1,1,6,6,2,37,7,1995,2,9,BMW 3 SERIES,7,W01001108,0,-1
202363C024023,2023,63C024023,2,9,0,9,9,6,3,0,0,8,0,0,7,3,3,1,6,6,1,36,7,1995,2,13,BMW 3 SERIES,6,W01000614,0,-1
2023471352047,2023,471352047,1,9,0,18,19,5,1,0,0,0,0,0,0,0,1,1,6,6,1,-1,-1,1995,2,10,BMW 3 SERIES,-1,-1,0,-1
2023440510656,2023,440510656,2,9,0,18,19,6,2,0,0,1,0,0,0,0,1,1,6,6,2,40,7,1995,2,16,BMW 3 SERIES,10,E01022867,0,-1
2023010460896,2023,010460896,2,9,0,99,99,9,9,99,99,9,9,99,9,99,9,9,6,6,1,37,7,1995,1,13,BMW 3 SERIES,5,E01002249,0,-1
2023461312650,2023,461312650,3,9,0,2,2,0,0,0,0,0,0,0,0,0,4,1,6,6,3,-1,-1,1998,1,6,BMW 3 SERIES,-1,-1,0,-1
2023501286641,2023,501286641,1,9,0,18,19,7,3,0,0,0,0,0,1,0,0,1,6,6,1,55,8,1998,8,1,BMW 3 SERIES,6,E01020315,0,-1
2023131378756,2023,131378756,1,9,0,12,12,7,3,0,0,0,1,0,0,0,2,1,6,6,1,23,5,1998,8,1,BMW 3 SERIES,8,E01011254,0,-1
2023010422631,2023,010422631,2,9,0,99,99,9,9,99,99,9,9,99,9,99,1,9,6,6,3,-1,-1,1995,1,17,BMW 3 SERIES,3,E01001858,0,-1
2023302300392,2023,302300392,2,9,0,18,19,2,6,0,0,0,0,0,0,0,4,1,6,6,2,59,9,1998,1,2,BMW 3 SERIES,3,E01013453,0,-1
2023122300884,2023,122300884,1,9,0,4,4,5,3,0,0,0,0,0,0,0,1,1,6,6,1,28,6,1995,2,11,BMW 3 SERIES,9,E01027577,0,-1
2023031364870,2023,031364870,1,9,0,1,1,6,3,9,9,0,0,0,0,0,2,1,5,6,1,57,9,1998,8,3,BMW 3 SERIES,2,E01019246,0,-1
2023010422776,2023,010422776,1,9,0,99,99,9,9,99,99,9,9,99,9,99,2,9,6,6,1,45,7,1998,8,6,BMW 3 SERIES,2,E01004460,0,-1
2023461388549,2023,461388549,1,9,0,18,19,1,3,0,0,1,0,4,0,0,1,2,2,2,2,60,9,1998,8,0,BMW 3 SERIES,3,E01016043,0,-1
2023461390502,2023,461390502,1,9,0,1,1,1,5,0,0,0,0,0,0,0,2,1,6,6,1,35,6,1995,2,15,BMW 3 SERIES,-1,-1,0,-1
2023411382894,2023,411382894,1,9,0,18,19,1,5,0,0,0,0,0,0,0,1,1,2,2,1,34,6,1995,2,16,BMW 3 SERIES,5,E01033734,0,-1
2023010446012,2023,010446012,1,9,0,99,99,9,9,99,99,9,9,99,9,99,9,9,2,2,1,45,7,2494,1,19,BMW 3 SERIES,9,E01001567,0,-1
2023552301249,2023,552301249,2,9,0,18,19,8,4,0,0,8,0,0,0,0,1,1,6,6,1,28,6,2793,1,24,BMW 3 SERIES,7,E01015297,0,-1
2023122300415,2023,122300415,1,8,0,7,7,5,7,0,0,5,0,0,0,0,1,1,1,1,1,51,8,1995,2,6,-1,1,E01010701,0,-1
2023170M11863,2023,170M11863,1,9,0,3,3,7,3,0,0,1,0,0,0,0,2,1,2,2,2,51,8,1995,2,15,BMW 3 SERIES,-1,-1,0,-1
2023010468016,2023,010468016,1,9,0,10,10,1,6,0,0,1,0,0,0,0,4,1,6,6,3,-1,-1,1995,1,13,BMW 3 SERIES,-1,-1,0,-1
2023430351270,2023,430351270,2,9,0,4,4,2,6,0,0,1,0,0,0,0,2,1,6,6,1,-1,-1,1995,2,9,BMW 3 SERIES,6,E01016306,0,-1
2023041329960,2023,041329960,1,9,0,1,1,2,8,0,0,8,0,0,0,0,4,1,5,6,1,71,10,1995,2,16,BMW 3 SERIES,8,E01012582,0,-1
2023501330780,2023,501330780,2,9,0,9,9,8,1,0,0,6,0,0,0,0,1,1,5,6,1,54,8,1998,1,0,BMW 3 SERIES,3,E01014731,0,-1
2023141371978,2023,141371978,2,9,0,3,3,3,7,0,0,0,0,0,0,0,3,2,2,2,2,35,6,2993,2,10,BMW 3 SERIES,3,E01007635,0,-1
2023451353375,2023,451353375,1,9,0,16,19,1,4,0,0,0,0,0,0,0,1,1,5,6,1,27,6,1995,2,17,BMW 3 SERIES,9,E01031612,0,-1
2023320250566,2023,320250566,1,9,0,18,19,6,2,0,0,0,5,7,1,1,1,1,2,2,1,51,8,1995,2,8,BMW 3 SERIES,2,E01013610,0,-1
2023622300646,2023,622300646,1,9,0,18,19,8,4,0,0,1,0,0,0,0,1,1,6,6,1,28,6,1995,2,12,BMW 3 SERIES,5,W01001099,0,-1
2023430014741,2023,430014741,2,9,0,18,19,3,7,0,0,0,0,0,0,0,1,1,6,6,1,22,5,2993,2,11,BMW 3 SERIES,-1,-1,0,-1
2023531282855,2023,531282855,1,9,0,5,5,5,1,0,0,8,0,0,0,0,1,1,6,6,1,55,8,1995,2,17,BMW 3 SERIES,6,E01022126,0,-1
2023221321857,2023,221321857,1,9,0,18,19,8,4,0,0,0,0,0,0,0,1,1,5,6,1,74,10,1995,2,5,BMW 3 SERIES,4,W01000028,0,-1
2023010458384,2023,010458384,1,9,9,99,99,9,9,99,99,9,9,99,9,99,2,1,6,6,1,39,7,1998,1,0,BMW 3 SERIES,2,E01000853,0,-1
2023010444934,2023,010444934,1,9,0,2,2,0,0,0,0,1,0,0,0,0,0,1,6,6,3,-1,-1,2494,1,22,BMW 3 SERIES,-1,-1,0,-1
2023201318069,2023,201318069,2,9,0,17,19,6,2,0,0,2,0,0,0,0,4,1,1,1,1,30,6,1998,8,7,BMW 3 SERIES,4,E01009012,0,-1
2023010449896,2023,010449896,1,9,0,99,99,9,9,99,99,9,9,99,9,99,9,9,6,6,1,25,5,1995,1,12,BMW 3 SERIES,7,E01000704,0,-1
2023041323382,2023,041323382,1,9,0,18,19,1,5,0,0,1,1,0,0,0,3,1,5,6,1,31,6,1995,2,5,BMW 3 SERIES,4,E01025001,0,-1
2023010420667,2023,010420667,1,9,0,18,19,7,3,0,0,2,0,0,0,0,1,1,2,2,2,43,7,1998,1,4,BMW 3 SERIES,2,E01001367,0,-1
2023010472000,2023,010472000,1,9,0,18,19,2,6,0,0,8,0,0,0,0,1,1,6,6,1,25,5,2996,1,17,BMW 3 SERIES,3,E01003387,0,-1
2023201416445,2023,201416445,1,9,0,18,19,4,8,0,0,8,0,0,0,0,1,1,6,6,1,21,5,2993,2,8,BMW 3 SERIES,1,E01033636,0,-1
2023440375611,2023,440375611,1,9,0,4,4,7,3,0,0,1,0,0,0,0,2,1,2,2,1,61,9,1995,2,7,BMW 3 SERIES,7,E01023116,0,-1
2023421319256,2023,421319256,1,9,0,1,1,7,3,0,0,0,0,0,0,0,2,1,6,6,1,41,7,1995,1,16,BMW 3 SERIES,10,E01021738,0,-1
2023421314305,2023,421314305,1,9,0,18,19,3,7,0,0,0,0,0,0,0,1,1,2,2,1,28,6,1995,2,11,BMW 3 SERIES,9,E01021782,0,-1
2023421277895,2023,421277895,1,9,0,9,9,3,8,0,0,8,0,0,0,0,1,1,5,6,1,48,8,1998,1,2,BMW 3 SERIES,9,E01021788,0,-1
2023010442203,2023,010442203,2,9,0,99,99,9,9,99,99,0,9,99,9,99,9,9,6,6,3,-1,-1,2993,2,7,BMW 3 SERIES,-1,-1,0,-1
2023010470877,2023,010470877,2,9,9,99,99,9,9,99,99,9,9,99,9,99,9,9,6,6,1,-1,-1,1998,8,6,BMW 3 SERIES,-1,-1,0,-1
2023010430333,2023,010430333,1,9,0,18,19,5,1,0,0,1,0,11,4,2,1,1,6,6,1,40,7,1995,1,12,BMW 3 SERIES,1,E01002099,0,-1
2023548128723,2023,548128723,2,9,0,9,9,3,1,0,0,8,0,0,0,0,4,1,6,6,1,54,8,1995,2,8,BMW 3 SERIES,7,E01015490,0,-1
2023061389574,2023,061389574,1,9,0,18,19,1,5,0,0,0,0,0,0,0,1,1,6,6,1,30,6,1995,2,10,BMW 3 SERIES,-1,-1,0,-1
2023201370598,2023,201370598,2,9,0,18,19,7,3,0,0,0,0,0,0,0,2,1,6,6,1,47,8,1995,2,10,BMW 3 SERIES,1,E01009390,0,-1
2023501348144,2023,501348144,1,9,0,18,19,6,2,0,0,1,0,0,7,2,1,1,6,6,1,53,8,1995,2,11,BMW 3 SERIES,3,E01020264,0,-1
2023430001540,2023,430001540,1,9,0,18,19,2,6,0,0,4,0,0,0,0,1,1,6,6,1,31,6,1995,1,13,BMW 3 SERIES,9,E01016592,0,-1
2023070831498,2023,070831498,2,9,0,18,19,7,3,0,0,0,0,0,0,0,1,1,6,6,1,53,8,3000,2,14,BMW 3 SERIES,1,E01018748,0,-1
2023122301401,2023,122301401,1,9,0,13,13,1,5,0,0,0,2,0,1,4,4,1,2,2,1,37,7,2993,2,8,BMW 3 SERIES,6,E01012979,0,-1
2023010477999,2023,010477999,1,9,0,99,99,9,9,99,99,9,9,99,9,99,9,9,6,6,1,30,6,1995,2,8,BMW 3 SERIES,1,E01001845,0,-1
2023201300701,2023,201300701,2,9,0,9,9,8,7,0,0,5,0,0,0,0,4,1,2,2,1,31,6,1995,2,9,BMW 3 SERIES,6,E01014189,0,-1
2023010453935,2023,010453935,2,9,9,99,99,9,9,99,99,9,9,99,9,99,9,1,6,6,1,57,9,1995,2,7,BMW 3 SERIES,2,E01033586,0,-1
2023320055547,2023,320055547,1,9,0,18,19,2,6,0,0,4,0,0,0,0,1,1,6,6,2,42,7,1995,2,8,BMW 3 SERIES,-1,-1,0,-1
2023622300978,2023,622300978,2,9,0,3,3,6,2,0,0,0,0,0,0,0,2,1,2,2,1,20,4,1995,2,12,BMW 3 SERIES,4,W01001065,0,-1
2023010442214,2023,010442214,1,9,0,9,9,1,7,0,0,6,0,0,0,0,1,1,6,6,1,35,6,1995,2,6,BMW 3 SERIES,3,E01004022,0,-1
2023141292212,2023,141292212,1,9,0,16,19,2,2,0,0,0,0,0,7,10,1,1,5,6,1,30,6,1997,1,8,BMW 3 SERIES,3,E01007375,0,-1
2023010450132,2023,010450132,2,9,0,99,99,9,9,99,99,9,9,99,9,99,9,9,6,6,3,-1,-1,2494,1,30,BMW 3 SERIES,1,E01004675,0,-1
2023430216205,2023,430216205,2,9,0,3,3,3,7,0,0,1,0,0,0,0,2,1,2,2,1,30,6,2993,2,17,BMW 3 SERIES,8,E01017941,0,-1
2023552300605,2023,552300605,1,9,0,18,19,5,1,0,0,1,0,0,0,0,1,1,6,6,1,31,6,1995,1,20,BMW 3 SERIES,3,E01015285,0,-1
2023471331244,2023,471331244,1,9,0,18,19,7,3,0,0,1,0,10,3,0,1,1,6,6,1,39,7,1995,2,12,BMW 3 SERIES,-1,-1,0,-1
2023332300877,2023,332300877,1,9,0,18,19,4,8,0,0,1,0,0,0,0,1,1,6,6,3,-1,-1,1995,1,13,BMW 3 SERIES,-1,-1,0,-1
2023010431415,2023,010431415,2,9,0,99,99,9,9,99,99,0,9,99,9,99,1,9,6,6,3,-1,-1,1995,1,17,BMW 3 SERIES,-1,-1,0,-1
2023052302936,2023,052302936,2,9,0,18,19,4,8,0,0,8,0,0,0,0,4,1,6,6,1,56,9,1995,2,15,BMW 3 SERIES,2,E01029098,0,-1
2023631371778,2023,631371778,1,9,0,17,19,1,3,0,0,0,1,0,1,11,4,1,2,2,1,31,6,1995,2,16,BMW 3 SERIES,3,E01010512,0,-1
2023010439366,2023,010439366,2,9,0,18,19,7,3,0,0,0,0,0,0,0,2,1,2,2,1,27,6,2998,1,7,BMW 3 SERIES,-1,-1,0,-1
2023411364626,2023,411364626,2,9,0,5,5,2,6,0,0,6,0,0,0,0,2,1,6,6,1,47,8,1995,2,6,BMW 3 SERIES,6,E01002497,0,-1
2023010419609,2023,010419609,1,9,0,3,3,1,5,0,0,1,0,0,0,0,1,1,2,2,2,54,8,1995,2,8,BMW 3 SERIES,2,E01002310,0,-1
2023531372284,2023,531372284,1,9,0,18,19,2,6,0,0,1,0,0,1,0,1,1,2,2,2,48,8,1995,2,10,BMW 3 SERIES,7,E01015017,0,-1
2023010485919,2023,010485919,1,9,0,9,9,5,3,0,0,5,0,0,0,0,3,1,6,6,2,24,5,1998,1,0,BMW 3 SERIES,6,E01002678,0,-1
2023131312599,2023,131312599,3,9,0,18,19,3,3,0,0,1,0,0,0,0,0,1,1,1,1,18,4,2993,2,4,BMW 3 SERIES,6,E01011885,0,-1
2023010448606,2023,010448606,2,9,0,7,7,3,6,0,0,6,0,0,0,0,1,1,3,7,1,45,7,2979,1,8,BMW 3 SERIES,5,E01003144,0,-1
2023361330157,2023,361330157,1,9,0,4,4,2,6,0,0,0,0,0,0,0,-1,1,6,6,2,52,8,1995,2,14,BMW 3 SERIES,5,E01029946,0,-1
2023461384361,2023,461384361,2,9,0,4,4,5,1,0,0,0,1,0,0,0,1,1,6,6,1,21,5,1995,2,12,BMW 3 SERIES,1,E01024678,0,-1
2023010458102,2023,010458102,1,9,0,16,19,5,1,0,0,2,0,0,0,0,1,1,6,6,1,64,9,1951,2,22,BMW 3 SERIES,3,E01001886,0,-1
2023131348656,2023,131348656,2,9,0,-1,-1,-1,-1,0,0,8,-1,-1,-1,0,3,1,6,6,3,40,7,1995,2,17,BMW 3 SERIES,-1,-1,0,-1
202354C135223,2023,54C135223,1,9,0,8,8,7,3,0,0,6,0,0,0,0,1,1,1,1,1,44,7,1995,2,5,BMW 3 SERIES,8,E01032704,0,-1
2023010471365,2023,010471365,1,9,0,18,19,4,8,0,0,1,0,10,1,2,1,1,6,6,1,23,5,1998,1,2,BMW 3 SERIES,3,E01003493,0,-1
2023010425752,2023,010425752,2,9,0,3,3,5,1,0,0,1,1,0,0,0,1,1,6,6,1,28,6,1997,1,9,BMW 3 SERIES,9,E01002386,0,-1
2023451381718,2023,451381718,1,9,0,18,19,8,4,0,0,0,0,0,0,0,2,1,6,6,1,45,7,1998,1,3,BMW 3 SERIES,6,E01030801,0,-1
2023131279188,2023,131279188,1,9,0,-1,-1,-1,-1,-1,-1,-1,-1,-1,-1,-1,-1,1,6,6,3,99,11,1995,2,10,BMW 3 SERIES,-1,-1,0,-1
2023201330844,2023,201330844,3,9,0,18,19,6,1,0,0,1,0,0,0,0,2,1,6,6,1,29,6,1995,2,11,BMW 3 SERIES,1,E01010286,0,-1
2023501320123,2023,501320123,1,9,0,16,19,1,5,0,0,3,0,0,0,0,4,1,6,6,1,35,6,1995,2,4,BMW 3 SERIES,-1,-1,0,-1
2023201301402,2023,201301402,1,9,0,18,19,2,6,0,0,0,0,0,0,0,3,1,2,2,1,35,6,2497,1,17,BMW 3 SERIES,2,E01009075,0,-1
2023010486751,2023,010486751,2,9,0,99,99,9,9,99,99,9,9,99,9,99,1,9,6,6,3,-1,-1,2497,1,16,BMW 3 SERIES,4,E01003494,0,-1
202360A088677,2023,60A088677,2,9,0,18,19,8,4,0,0,0,0,0,0,0,3,1,6,6,1,40,7,2926,2,22,BMW 3 SERIES,-1,-1,0,-1
2023010446081,2023,010446081,1,9,0,18,19,7,3,0,0,8,0,0,0,0,1,1,6,6,1,34,6,2993,2,16,BMW 3 SERIES,2,E01001550,0,-1
2023201284556,2023,201284556,1,9,0,9,9,1,5,0,0,1,0,0,0,0,3,1,6,6,1,29,6,1995,2,9,BMW 3 SERIES,3,E01008945,0,-1
2023520301432,2023,520301432,2,9,0,18,19,6,2,0,0,0,0,0,0,0,1,1,6,6,1,55,8,1995,2,17,BMW 3 SERIES,2,E01029095,0,-1
2023332300144,2023,332300144,1,9,0,17,19,5,2,0,0,2,0,0,7,1,1,1,6,6,2,38,7,1995,1,16,BMW 3 SERIES,9,E01016219,0,-1
2023131329970,2023,131329970,4,9,0,-1,-1,-1,-1,-1,-1,8,-1,-1,-1,0,-1,1,1,1,1,41,7,2993,2,4,BMW 3 SERIES,1,E01010730,0,-1
2023451282412,2023,451282412,1,9,0,7,7,2,6,0,0,5,0,0,0,0,1,1,5,6,2,67,10,1995,1,14,BMW 3 SERIES,10,E01030475,0,-1
2023010454669,2023,010454669,1,9,0,18,19,7,3,0,0,2,0,0,0,0,1,1,6,6,1,20,4,1998,1,2,BMW 3 SERIES,2,E01016415,0,-1
2023131299657,2023,131299657,1,9,0,3,3,1,5,0,0,0,0,0,0,0,-1,1,6,6,3,-1,-1,2000,2,12,BMW 3 SERIES,-1,-1,0,-1
2023991345663,2023,991345663,2,9,0,4,4,1,3,0,0,1,0,0,0,0,1,1,6,6,1,48,8,1995,2,11,BMW 3 SERIES,-1,-1,0,-1
2023440532360,2023,440532360,1,9,0,1,1,3,7,0,0,0,0,0,0,0,2,1,6,6,1,25,5,1995,2,6,BMW 3 SERIES,4,E01017234,0,-1
2023461354424,2023,461354424,2,9,0,4,4,7,3,0,0,7,0,0,0,0,2,1,6,6,1,33,6,2000,2,13,BMW 3 SERIES,6,E01007560,0,-1
2023031361946,2023,031361946,2,9,0,17,19,8,6,0,0,1,0,0,1,0,1,1,2,2,1,31,6,1995,2,9,BMW 3 SERIES,8,E01019312,0,-1
2023311391885,2023,311391885,2,9,0,18,19,1,5,0,0,0,0,0,0,0,1,1,5,6,1,27,6,1995,1,21,BMW 3 SERIES,6,E01028191,0,-1
2023440156237,2023,440156237,1,9,0,1,1,7,3,0,0,1,0,0,0,0,2,1,6,6,2,30,6,1995,1,11,BMW 3 SERIES,4,E01017028,0,-1
2023461340348,2023,461340348,2,9,0,18,19,0,0,0,0,1,0,0,0,0,2,1,6,6,3,-1,-1,1995,2,9,BMW 3 SERIES,-1,-1,0,-1
2023041313943,2023,041313943,1,9,0,18,19,1,5,0,0,1,0,4,0,0,2,1,5,6,1,30,6,1995,2,18,BMW 3 SERIES,4,E01025057,0,-1
2023501291396,2023,501291396,2,9,0,9,9,8,8,0,0,6,0,0,0,0,1,1,1,1,1,37,7,1998,1,1,BMW 3 SERIES,2,W01001341,0,-1
2023430500632,2023,430500632,1,9,0,18,19,7,3,0,0,6,0,0,1,1,4,1,6,6,1,47,8,1998,1,4,BMW 3 SERIES,10,E01027266,0,-1
2023010476237,2023,010476237,1,9,0,99,99,9,9,99,99,9,9,99,9,99,2,9,6,6,1,38,7,1598,1,10,BMW 3 SERIES,4,E01002643,0,-1
2023311362518,2023,311362518,1,9,0,8,8,2,6,0,0,1,0,0,0,0,1,1,2,2,1,39,7,2000,2,14,BMW 3 SERIES,6,E01028074,0,-1
2023421325544,2023,421325544,4,9,0,3,3,3,8,0,0,0,0,0,0,0,2,1,6,6,2,32,6,1995,2,6,BMW 3 SERIES,6,E01004626,0,-1
2023010467512,2023,010467512,1,9,0,18,19,4,8,0,0,2,0,0,0,0,1,1,2,2,1,52,8,2494,1,22,BMW 3 SERIES,-1,-1,0,-1
2023010450056,2023,010450056,1,9,0,4,4,5,1,0,0,1,0,0,0,0,2,1,6,6,1,37,7,1998,8,5,BMW 3 SERIES,8,E01002453,0,-1
2023461364617,2023,461364617,2,9,0,9,9,4,2,0,0,8,0,0,0,0,4,1,5,6,2,37,7,1598,1,11,BMW 3 SERIES,8,E01024434,0,-1
2023991389181,2023,991389181,1,9,0,18,19,2,6,0,0,0,0,0,0,0,4,1,6,6,1,43,7,1995,2,9,BMW 3 SERIES,-1,-1,0,-1
2023371315164,2023,371315164,1,9,0,18,19,5,1,0,0,0,0,0,1,4,1,1,6,6,1,36,7,2993,2,17,BMW 3 SERIES,7,E01029923,0,-1
2023131343101,2023,131343101,1,9,0,6,6,3,7,0,0,8,0,0,0,0,3,1,5,6,2,30,6,2993,2,4,BMW 3 SERIES,6,E01011885,0,-1
2023010458097,2023,010458097,1,9,0,18,19,5,1,0,0,1,1,4,0,0,1,1,6,6,1,14,3,1998,8,5,BMW 3 SERIES,3,E01000130,0,-1
202360A035151,2023,60A035151,2,9,0,18,19,3,7,0,0,0,0,0,0,0,2,1,6,6,2,43,7,1995,2,9,BMW 3 SERIES,-1,-1,0,-1
2023201321087,2023,201321087,1,9,0,18,19,5,1,0,0,1,0,0,0,0,1,1,5,6,1,73,10,1995,2,13,BMW 3 SERIES,4,E01009139,0,-1
2023010446623,2023,010446623,2,9,0,5,5,5,1,0,0,1,0,0,0,0,1,1,6,6,3,22,5,1995,2,18,BMW 3 SERIES,3,E01000020,0,-1
2023010445934,2023,010445934,2,9,0,99,99,9,9,99,99,9,9,99,9,99,1,9,6,6,3,-1,-1,1598,1,9,BMW 3 SERIES,2,E01032787,0,-1
2023302301657,2023,302301657,1,9,0,18,19,7,3,0,0,4,0,0,0,0,3,1,2,2,1,55,8,1995,2,7,BMW 3 SERIES,6,E01019815,0,-1
2023131305443,2023,131305443,1,9,0,9,9,1,3,0,0,8,0,0,0,0,2,1,5,6,1,29,6,1995,1,14,BMW 3 SERIES,8,E01011241,0,-1
2023610008123,2023,610008123,1,9,0,18,19,8,4,0,0,8,0,0,0,0,1,1,2,2,1,39,7,2993,2,16,BMW 3 SERIES,10,W01001533,0,-1
2023052400060,2023,052400060,2,9,0,18,19,5,1,0,0,0,0,0,0,0,1,1,1,1,1,-1,-1,2993,2,5,BMW 3 SERIES,3,E01006743,0,-1
2023520400340,2023,520400340,1,9,0,18,19,3,7,0,0,0,0,0,4,0,1,1,6,6,1,38,7,2993,2,6,BMW 3 SERIES,10,E01029308,0,-1
2023010433821,2023,010433821,1,9,0,18,19,3,7,0,0,0,0,0,0,0,2,1,6,6,1,31,6,1995,1,12,BMW 3 SERIES,2,E01003239,0,-1
2023141362508,2023,141362508,2,9,0,18,19,1,5,0,0,0,0,0,0,0,4,1,1,1,2,28,6,1499,1,6,BMW 3 SERIES,6,E01013072,0,-1
2023411271050,2023,411271050,1,9,0,18,19,3,7,0,0,0,1,0,1,7,3,1,6,6,2,22,5,1995,2,7,BMW 3 SERIES,9,E01025973,0,-1
2023201297237,2023,201297237,2,9,0,18,19,6,2,0,0,8,0,0,0,0,2,1,5,6,1,-1,-1,1995,2,9,BMW 3 SERIES,4,E01010457,0,-1
2023471372314,2023,471372314,3,9,0,8,8,0,0,0,0,8,0,0,0,0,0,1,5,6,1,52,8,1995,1,20,BMW 3 SERIES,8,E01031624,0,-1