collision_index,collision_year,collision_ref_no,vehicle_reference,vehicle_type,towing_and_articulation,vehicle_manoeuvre_historic,vehicle_manoeuvre,vehicle_direction_from,vehicle_direction_to,vehicle_location_restricted_lane_historic,vehicle_location_restricted_lane,junction_location,skidding_and_overturning,hit_object_in_carriageway,vehicle_leaving_carriageway,hit_object_off_carriageway,first_point_of_impact,vehicle_left_hand_drive,journey_purpose_of_driver_historic,journey_purpose_of_driver,sex_of_driver,age_of_driver,age_band_of_driver,engine_capacity_cc,propulsion_code,age_of_vehicle,generic_make_model,driver_imd_decile,lsoa_of_driver,escooter_flag,driver_distance_banding
2023520300955,2023,520300955,1,3,0,3,3,8,4,0,0,1,0,0,0,0,4,1,6,6,1,58,9,998,1,14,HONDA CBF,3,E01029112,0,-1
2023010444316,2023,010444316,1,5,0,15,15,7,3,0,0,1,2,0,1,2,3,1,6,6,1,45,7,998,1,13,HONDA CBF,-1,-1,0,-1
2023531297851,2023,531297851,2,5,0,18,19,2,6,0,0,0,0,0,0,0,1,1,5,6,1,72,10,998,1,15,HONDA CBF,4,E01032381,0,-1
2023141299298,2023,141299298,1,4,0,18,19,8,4,0,0,0,0,0,0,0,1,1,6,6,1,62,9,499,1,17,HONDA CBF,6,E01007387,0,-1
2023548969423,2023,548969423,2,5,0,18,19,2,6,0,0,3,1,0,0,0,1,1,6,6,1,49,8,998,1,12,HONDA CBF,8,E01015487,0,-1
2023010429326,2023,010429326,1,4,0,99,99,9,9,99,99,9,9,99,9,99,1,1,2,2,1,28,6,286,1,3,HONDA CBF,5,E01000631,0,-1
2023371326687,2023,371326687,1,5,0,7,7,5,7,0,0,0,0,0,0,0,1,1,6,6,1,60,9,599,1,15,HONDA CBF,1,E01029982,0,-1
2023122300377,2023,122300377,1,5,0,18,19,1,5,0,0,0,1,0,0,0,4,1,6,6,1,61,9,599,1,14,HONDA CBF,6,E01012922,0,-1
2023010432367,2023,010432367,1,2,0,99,99,9,9,99,99,9,9,99,9,99,1,1,2,2,1,37,7,599,1,13,-1,5,E01004178,0,-1
2023010420921,2023,010420921,1,3,0,99,99,9,9,99,99,0,9,99,9,99,1,1,1,1,1,31,6,125,1,14,HONDA CBF,6,E01003750,0,-1
2023451342713,2023,451342713,1,5,0,5,5,3,7,6,6,0,0,0,0,0,1,1,6,6,3,25,5,998,1,17,HONDA CBF,-1,-1,0,-1
2023531314325,2023,531314325,2,5,0,18,19,3,7,0,0,8,5,0,0,0,3,1,2,2,1,52,8,998,1,14,HONDA CBF,10,E01022297,0,-1
2023461261425,2023,461261425,2,5,0,18,19,5,1,0,0,0,0,0,0,0,1,1,5,6,2,37,7,998,1,17,HONDA CBF,5,E01024831,0,-1
2023221267152,2023,221267152,1,5,0,18,19,4,8,0,0,0,1,0,2,11,1,1,5,6,1,40,7,998,1,15,HONDA CBF,5,E01009905,0,-1
2023010486062,2023,010486062,1,3,0,18,19,7,3,0,0,1,0,0,0,0,1,1,1,1,1,43,7,125,1,14,HONDA CBF,2,E01003265,0,-1
2023211270797,2023,211270797,2,5,0,18,19,4,8,0,0,1,2,0,0,0,1,1,2,2,1,45,7,998,1,10,HONDA CBF,6,E01029482,0,-1
2023010464849,2023,010464849,1,4,0,13,13,1,5,2,2,1,0,0,0,0,3,1,2,2,1,32,6,286,1,0,HONDA CBF,1,E01000798,0,-1
2023101442532,2023,101442532,1,5,0,18,19,6,2,0,0,2,0,0,0,0,1,1,6,6,1,64,9,599,1,19,HONDA CBF,2,E01008377,0,-1
2023201341360,2023,201341360,2,3,0,18,19,7,3,2,2,0,0,0,0,0,1,1,6,6,1,23,5,125,1,15,HONDA CBF,1,E01009365,0,-1
2023111330834,2023,111330834,2,5,0,13,13,3,7,0,0,0,0,0,0,0,1,1,6,6,1,57,9,599,1,18,HONDA CBF,6,E01012325,0,-1
2023010482670,2023,010482670,1,5,0,99,99,9,9,99,99,9,9,99,9,99,9,1,6,6,1,29,6,599,1,12,HONDA CBF,2,E01003489,0,-1
2023231378543,2023,231378543,1,5,0,9,9,2,8,0,0,6,1,0,0,0,3,1,2,2,1,47,8,599,1,15,HONDA CBF,9,E01031019,0,-1
2023052301743,2023,052301743,2,4,0,18,19,1,5,0,0,0,1,0,0,0,0,1,2,2,1,24,5,599,1,14,HONDA CBF,6,E01007164,0,-1
2023430054209,2023,430054209,2,5,0,8,8,1,3,0,0,1,0,0,0,0,1,1,6,6,1,57,9,998,1,15,HONDA CBF,3,E01016381,0,-1
2023361371996,2023,361371996,2,5,0,13,13,3,1,0,0,1,0,0,0,0,4,1,6,6,1,61,9,599,1,16,HONDA CBF,4,E01026640,0,-1
2023440390749,2023,440390749,2,5,0,18,19,6,2,0,0,0,1,0,0,0,1,1,2,2,1,52,8,286,1,5,HONDA CBF,10,E01023052,0,-1
2023501362645,2023,501362645,1,5,0,18,19,8,5,0,0,0,5,11,0,0,4,1,2,2,1,55,8,998,1,7,HONDA CBF,5,E01020301,0,-1
2023010434151,2023,010434151,1,4,0,99,99,9,9,99,99,9,9,99,9,99,2,1,2,2,1,32,6,499,1,16,HONDA CBF,6,E01032572,0,-1
2023991342207,2023,991342207,2,5,0,17,19,1,6,0,0,0,0,0,0,0,1,1,5,6,1,72,10,998,1,15,HONDA CBF,4,E01019094,0,-1
2023010453479,2023,010453479,2,5,0,18,19,2,6,0,0,8,0,10,0,0,1,1,6,6,1,61,9,499,1,16,HONDA CBF,3,E01004432,0,-1
2023131327260,2023,131327260,2,5,0,18,19,5,1,0,0,1,0,0,0,0,4,1,6,6,1,69,10,998,1,13,HONDA CBF,1,E01011750,0,-1
2023430155154,2023,430155154,2,4,0,18,19,4,8,0,0,0,0,0,0,0,2,1,6,6,1,25,5,125,1,14,HONDA CBF,5,E01028430,0,-1
2023451265104,2023,451265104,1,5,0,18,19,7,3,0,0,8,0,0,0,0,3,1,5,6,1,60,9,599,1,16,HONDA CBF,10,E01030958,0,-1
2023141350624,2023,141350624,2,5,0,18,19,3,8,0,0,1,0,0,0,0,1,1,5,6,1,81,11,998,1,16,HONDA CBF,2,E01007745,0,-1
2023231307285,2023,231307285,1,4,0,18,19,6,2,0,0,8,0,0,0,0,1,1,6,6,1,51,8,499,1,18,HONDA CBF,3,E01031174,0,-1
2023411339440,2023,411339440,1,3,0,18,19,2,6,0,0,1,0,0,3,0,1,1,1,1,1,19,4,125,1,14,HONDA CBF,10,E01017780,0,-1
2023622300308,2023,622300308,3,4,0,18,19,2,6,0,0,0,0,0,0,0,1,1,6,6,1,34,6,499,1,19,HONDA CBF,1,W01001811,0,-1
2023440280060,2023,440280060,1,3,0,16,19,4,7,0,0,0,0,0,0,0,1,1,6,6,1,29,6,125,1,14,HONDA CBF,2,E01017153,0,-1
2023010470223,2023,010470223,2,5,0,18,19,3,7,0,0,4,5,0,0,0,1,1,6,6,1,62,9,998,1,13,HONDA CBF,9,E01000716,0,-1
2023622300220,2023,622300220,1,3,0,18,19,4,8,9,9,0,1,10,0,0,1,1,6,6,1,22,5,125,1,14,HONDA CBF,2,W01001097,0,-1
2023421279898,2023,421279898,2,2,0,18,19,3,7,0,0,0,0,0,0,0,1,1,1,1,2,44,7,599,1,12,-1,-1,-1,0,-1
2023451293397,2023,451293397,2,5,0,13,13,6,6,0,0,1,0,0,0,0,4,1,6,6,1,48,8,600,1,18,HONDA CBF,10,E01022853,0,-1
2023161367598,2023,161367598,2,4,0,18,19,7,3,0,0,8,2,0,0,0,3,1,5,6,1,22,5,471,1,4,HONDA CBR,1,E01013278,0,-1
2023548227023,2023,548227023,2,4,0,18,19,5,1,0,0,1,0,0,1,0,1,1,6,6,1,20,4,125,1,11,HONDA CBR,3,E01031963,0,-1
2023430413018,2023,430413018,2,4,0,14,14,6,2,0,0,8,0,0,0,0,1,1,6,6,1,21,5,471,1,4,HONDA CBR,10,E01016634,0,-1
2023548475123,2023,548475123,2,4,0,18,19,3,7,0,0,1,0,0,0,0,1,1,1,1,1,31,6,471,1,9,HONDA CBR,7,E01031942,0,-1
2023041262522,2023,041262522,2,5,0,18,19,3,3,0,0,1,0,0,0,0,4,1,2,2,1,35,6,998,1,17,HONDA CBR,8,E01024978,0,-1
2023010428053,2023,010428053,2,3,0,18,19,1,5,1,1,0,0,0,0,0,0,1,6,6,1,32,6,125,1,7,HONDA CBR,5,E01004548,0,-1
2023361350601,2023,361350601,3,5,0,10,10,3,1,0,0,1,0,0,0,0,1,1,5,6,1,56,9,929,1,22,HONDA CBR,5,E01026712,0,-1
2023122300893,2023,122300893,1,4,0,18,19,5,1,0,0,8,1,10,1,2,1,1,6,6,1,30,6,125,1,16,HONDA CBR,4,E01013353,0,-1
2023302300540,2023,302300540,1,4,0,18,19,2,8,0,0,8,1,10,7,0,1,1,6,6,1,25,5,471,1,9,HONDA CBR,5,E01019623,0,-1
2023371356949,2023,371356949,1,4,0,18,19,4,8,0,0,0,0,0,0,0,3,1,5,6,1,22,5,125,1,10,HONDA CBR,4,E01030201,0,-1
2023351330610,2023,351330610,1,5,0,14,14,7,1,0,0,1,1,0,0,0,1,1,6,6,1,32,6,599,1,23,HONDA CBR,9,E01018010,0,-1
2023622300928,2023,622300928,1,5,0,18,19,5,1,0,0,0,0,0,0,0,3,1,1,1,1,35,6,998,1,16,HONDA CBR,4,W01000718,0,-1
2023061315283,2023,061315283,1,5,0,18,19,3,7,0,0,8,0,0,0,0,1,1,5,6,1,41,7,599,1,23,HONDA CBR,2,E01006308,0,-1
2023411372166,2023,411372166,2,5,0,18,19,6,2,0,0,3,1,0,0,0,4,1,2,2,1,58,9,649,1,5,HONDA CBR,6,E01015778,0,-1
2023010447505,2023,010447505,1,3,0,99,99,9,9,99,99,9,9,99,9,99,9,1,6,6,1,21,5,125,1,8,HONDA CBR,6,E01001408,0,-1
2023501400570,2023,501400570,1,3,0,-1,-1,-1,-1,-1,-1,0,-1,-1,-1,0,-1,1,6,6,1,18,4,125,1,16,HONDA CBR,1,E01018841,0,-1
2023302301503,2023,302301503,1,4,0,14,14,6,2,0,0,1,0,0,0,0,1,1,6,6,1,32,6,471,1,2,HONDA CBR,4,E01019417,0,-1
2023320205684,2023,320205684,1,4,0,4,4,3,7,0,0,0,5,0,0,0,1,1,6,6,1,20,4,125,1,17,HONDA CBR,3,E01026140,0,-1
2023010465450,2023,010465450,1,3,9,99,99,9,9,99,99,1,9,99,9,99,9,1,2,2,1,34,6,125,1,8,HONDA CBR,7,E01033133,0,-1
2023302300874,2023,302300874,1,5,0,16,19,2,6,0,0,0,0,0,0,0,1,1,6,6,1,54,8,599,1,15,HONDA CBR,5,E01013767,0,-1
2023061318766,2023,061318766,1,5,0,18,19,6,2,0,0,0,1,0,0,0,4,1,6,6,1,27,6,929,1,23,HONDA CBR,1,E01004841,0,-1
2023010440183,2023,010440183,1,5,0,99,99,9,9,99,99,9,9,99,9,99,9,1,2,2,2,20,4,649,1,8,HONDA CBR,2,E01002049,0,-1
2023501306981,2023,501306981,2,5,0,18,19,5,1,0,0,8,5,0,0,0,1,1,5,6,1,50,8,998,1,18,HONDA CBR,9,E01033233,0,-1
2023421362947,2023,421362947,2,3,0,16,19,5,1,0,0,1,0,0,0,0,1,1,6,6,1,33,6,125,1,6,HONDA CBR,4,E01015933,0,-1
2023622300450,2023,622300450,1,3,0,18,19,1,4,0,0,0,1,0,0,0,1,1,6,6,1,27,6,125,1,16,HONDA CBR,8,W01000771,0,-1
2023320550626,2023,320550626,2,3,0,18,19,6,2,0,0,8,0,0,0,0,3,1,1,1,1,27,6,125,1,12,HONDA CBR,5,E01026224,0,-1
2023031315630,2023,031315630,1,3,0,18,19,5,1,0,0,0,2,0,0,0,4,1,5,6,1,29,6,998,1,18,HONDA CBR,-1,-1,0,-1
2023421304929,2023,421304929,1,4,0,15,15,5,1,0,0,0,2,0,0,0,1,1,5,6,1,23,5,471,1,9,HONDA CBR,6,E01021917,0,-1
2023010475615,2023,010475615,2,5,0,18,19,7,3,0,0,1,5,0,0,0,4,1,2,2,1,46,8,599,1,13,HONDA CBR,6,E01001347,0,-1
2023531381780,2023,531381780,1,3,0,18,19,5,1,0,0,0,1,0,0,0,3,1,5,6,1,17,4,125,1,8,HONDA CBR,5,E01022358,0,-1
2023552301122,2023,552301122,1,4,0,18,19,6,2,0,0,0,0,0,7,4,1,1,6,6,1,23,5,125,1,8,HONDA CBR,7,E01020486,0,-1
2023991355127,2023,991355127,1,5,0,18,19,4,8,0,0,0,0,0,1,9,1,1,5,6,1,74,10,649,1,8,HONDA CBR,7,-1,0,-1
2023010480505,2023,010480505,1,5,0,5,5,7,3,0,0,2,0,0,0,0,1,1,2,2,1,39,7,649,1,8,HONDA CBR,10,E01017865,0,-1
2023545071323,2023,545071323,1,3,0,18,19,5,1,0,0,2,1,0,0,0,1,1,6,6,1,18,4,125,1,8,HONDA CBR,6,E01020443,0,-1
2023401394653,2023,401394653,1,5,0,18,19,2,6,0,0,0,2,0,0,0,1,1,5,6,2,32,6,599,1,12,HONDA CBR,10,E01018118,0,-1
2023461321832,2023,461321832,1,5,0,18,19,7,3,0,0,1,0,0,0,0,1,1,2,2,1,-1,-1,1000,1,7,HONDA CBR,3,E01024696,0,-1
2023320504513,2023,320504513,1,5,0,13,13,8,4,0,0,8,0,0,0,0,1,1,6,6,1,35,6,998,1,16,HONDA CBR,10,E01028199,0,-1
2023010476830,2023,010476830,1,5,0,14,14,7,3,0,0,6,5,10,0,0,4,1,2,2,1,34,6,1000,1,9,HONDA CBR,9,E01004191,0,-1
2023411286027,2023,411286027,1,5,0,5,5,-1,-1,0,0,4,0,0,0,0,3,1,2,2,1,53,8,1137,1,21,HONDA CBR,3,E01023842,0,-1
2023010450036,2023,010450036,1,3,0,18,19,8,4,0,0,1,0,0,0,0,1,1,6,6,1,47,8,125,1,7,HONDA CBR,3,E01004573,0,-1
2023201328454,2023,201328454,1,4,0,17,19,4,2,0,0,8,0,10,1,4,0,1,6,6,1,37,7,998,1,17,HONDA CBR,3,E01010044,0,-1
2023041309615,2023,041309615,1,3,0,17,19,4,1,0,0,0,2,0,1,5,1,1,5,6,1,35,6,124,1,18,HONDA CBR,3,E01025269,0,-1
2023461363593,2023,461363593,2,5,0,18,19,3,7,0,0,1,0,0,0,0,1,1,6,6,1,56,9,998,1,16,HONDA CBR,9,E01024431,0,-1
202354C307923,2023,54C307923,2,3,0,18,19,8,4,0,0,1,0,0,0,0,1,1,6,6,1,17,4,125,1,8,HONDA CBR,4,E01031980,0,-1
2023531389184,2023,531389184,1,3,0,13,13,7,3,0,0,0,0,0,0,0,4,1,5,6,1,26,6,125,1,18,HONDA CBR,7,E01022355,0,-1
2023991340438,2023,991340438,1,5,0,13,13,5,1,0,0,1,0,0,7,0,1,1,5,6,1,59,9,599,1,17,HONDA CBR,4,-1,0,-1
2023131262120,2023,131262120,1,3,0,17,19,1,5,0,0,0,1,10,1,2,4,1,5,6,1,28,6,125,1,6,HONDA CBR,8,E01010596,0,-1
2023311342466,2023,311342466,1,5,0,18,19,3,7,0,0,0,2,0,1,9,1,1,6,6,1,44,7,1137,1,22,HONDA CBR,-1,-1,0,-1
2023522301863,2023,522301863,1,5,0,18,19,6,2,0,0,2,0,0,7,0,1,1,6,6,1,38,7,649,1,3,HONDA CBR,-1,-1,0,-1
2023131315226,2023,131315226,2,5,0,17,19,7,4,9,9,1,0,0,1,11,3,1,2,2,1,57,9,1000,1,10,HONDA CBR,8,E01007362,0,-1
2023546918623,2023,546918623,1,5,0,18,19,4,8,0,0,0,5,10,0,0,1,1,6,6,1,28,6,599,1,14,HONDA CBR,2,E01023973,0,-1
2023552300259,2023,552300259,2,5,0,14,14,7,3,0,0,8,0,0,0,0,1,1,6,6,1,33,6,649,1,2,HONDA CBR,1,E01015290,0,-1
2023131273455,2023,131273455,2,4,0,18,19,3,7,0,0,2,0,0,0,0,0,1,2,2,1,18,4,125,1,15,HONDA CBR,1,E01011621,0,-1
202354C595223,2023,54C595223,1,5,0,18,19,1,5,0,0,4,2,0,0,0,1,1,6,6,2,39,7,649,1,4,HONDA CBR,8,E01028547,0,-1
2023501275367,2023,501275367,2,4,0,11,11,5,1,0,0,0,0,0,0,0,4,1,6,6,1,22,5,125,1,8,HONDA CBR,6,E01020207,0,-1
2023010436289,2023,010436289,2,5,0,13,13,5,1,0,0,1,0,0,0,0,4,1,2,2,1,26,6,649,1,4,HONDA CBR,4,E01001934,0,-1
2023610046023,2023,610046023,1,3,0,9,9,8,6,0,0,8,0,0,0,0,1,1,2,2,1,39,7,125,1,16,HONDA CBR,1,W01001667,0,-1
2023311330702,2023,311330702,2,3,0,9,9,0,7,0,0,6,0,0,0,0,3,1,5,6,1,19,4,125,1,8,HONDA CBR,5,E01027941,0,-1
2023421273009,2023,421273009,2,5,0,18,19,3,8,0,0,1,0,0,0,0,4,1,2,2,1,29,6,649,1,2,HONDA CBR,9,E01021943,0,-1
2023440091809,2023,440091809,1,4,0,18,19,3,7,0,0,0,0,10,0,0,1,1,2,2,1,19,4,125,1,19,HONDA CBR,6,E01022880,0,-1
2023631314778,2023,631314778,1,5,0,17,19,7,4,0,0,0,1,0,0,0,0,1,5,6,1,57,9,599,1,23,HONDA CBR,8,E01027267,0,-1
2023361338703,2023,361338703,2,3,0,18,19,5,1,0,0,0,1,0,0,0,1,1,5,6,1,18,4,125,1,16,HONDA CBR,6,E01026701,0,-1
2023010443598,2023,010443598,2,4,0,18,19,7,3,0,0,2,0,0,0,0,0,1,2,2,1,45,7,125,1,7,HONDA CBR,1,E01004428,0,-1
2023430247648,2023,430247648,2,3,0,14,14,5,1,0,0,0,0,0,0,0,1,1,6,6,1,24,5,471,1,6,HONDA CBR,-1,-1,0,-1
2023991327117,2023,991327117,1,5,0,18,19,5,1,0,0,0,1,0,8,11,1,1,5,6,1,26,6,599,1,21,HONDA CBR,6,-1,0,-1
2023461288823,2023,461288823,1,3,0,18,19,7,3,0,0,0,0,0,0,0,1,1,5,6,1,20,4,125,1,16,HONDA CBR,2,E01024505,0,-1
2023010442432,2023,010442432,2,4,0,14,14,7,3,0,0,1,0,10,1,0,1,1,6,6,1,19,4,125,1,12,HONDA CBR,6,E01002327,0,-1
2023471276945,2023,471276945,2,5,0,18,19,7,3,0,0,8,0,0,0,0,4,1,2,2,1,59,9,599,1,17,HONDA CBR,7,E01016997,0,-1
2023451312245,2023,451312245,1,3,0,18,19,5,1,0,0,0,1,0,0,0,1,1,5,6,1,60,9,125,1,7,HONDA CBR,8,E01019961,0,-1
2023471311857,2023,471311857,1,3,0,13,13,3,7,0,0,0,2,0,0,0,1,1,5,6,1,31,6,125,1,15,HONDA CBR,9,E01031727,0,-1
2023041288380,2023,041288380,2,3,0,17,19,1,5,0,0,8,0,0,0,0,4,1,2,2,1,25,5,125,1,12,HONDA CBR,3,E01024959,0,-1
202360A131576,2023,60A131576,1,5,0,13,13,8,4,0,0,1,1,0,0,0,1,1,6,6,1,38,7,599,1,18,HONDA CBR,-1,-1,0,-1
2023522301026,2023,522301026,1,3,0,18,19,3,7,0,0,8,0,0,0,0,1,1,6,6,1,47,8,1000,1,15,HONDA CBR,2,E01014640,0,-1
2023101358268,2023,101358268,1,4,0,18,19,7,3,0,0,0,0,0,0,0,1,1,6,6,1,20,4,471,1,6,HONDA CBR,1,E01008743,0,-1
2023302301134,2023,302301134,1,5,0,18,19,8,4,0,0,0,0,0,0,0,3,1,6,6,1,23,5,649,1,7,HONDA CBR,1,E01019488,0,-1
2023421308055,2023,421308055,1,3,0,7,7,3,7,0,0,0,0,10,0,0,1,1,1,1,1,33,6,125,1,10,HONDA CBR,6,E01021656,0,-1
2023201319360,2023,201319360,2,3,0,18,19,6,2,0,0,3,0,0,0,0,4,1,6,6,1,39,7,125,1,5,HONDA CBR,1,E01009013,0,-1
2023101342926,2023,101342926,1,5,0,18,19,5,1,0,0,0,0,0,0,0,1,1,6,6,1,46,8,649,1,6,HONDA CBR,3,E01008344,0,-1
2023010450029,2023,010450029,1,5,0,18,19,7,3,0,0,1,0,0,0,0,1,1,6,6,1,20,4,649,1,5,HONDA CBR,2,E01000627,0,-1
2023122300791,2023,122300791,2,3,0,18,19,2,6,0,0,0,0,0,0,0,1,1,6,6,1,17,4,125,1,10,HONDA CBR,6,E01011299,0,-1
2023421282461,2023,421282461,1,5,0,13,13,7,3,0,0,0,0,7,0,0,1,1,6,6,1,43,7,649,1,7,HONDA CBR,4,E01021863,0,-1
2023010480570,2023,010480570,2,4,0,18,19,1,5,0,0,1,1,0,0,0,1,1,6,6,1,26,6,125,1,8,HONDA CBR,1,E01004334,0,-1
2023471332524,2023,471332524,2,4,0,18,19,1,5,0,0,0,2,0,0,0,2,1,5,6,1,23,5,471,1,4,HONDA CBR,2,E01021119,0,-1
2023991299626,2023,991299626,2,3,0,18,19,6,2,9,9,8,1,0,0,0,4,1,6,6,1,18,4,125,1,10,HONDA CBR,-1,-1,0,-1
2023461348753,2023,461348753,1,3,0,13,13,4,7,0,0,3,0,0,0,0,3,1,5,6,1,18,4,125,1,8,HONDA CBR,9,E01024088,0,-1
2023471358051,2023,471358051,1,5,0,13,13,8,4,0,0,0,1,0,7,4,1,1,6,6,1,44,7,599,1,21,HONDA CBR,4,E01021177,0,-1
2023421344897,2023,421344897,2,5,0,4,4,3,7,0,0,0,0,0,0,0,2,1,5,6,1,55,8,599,1,12,HONDA CBR,6,E01021535,0,-1
2023631390356,2023,631390356,2,3,0,18,19,1,5,0,0,0,0,0,0,0,1,1,2,2,1,19,4,125,1,8,HONDA CBR,1,W01001924,0,-1
2023131359252,2023,131359252,2,3,0,5,5,3,7,0,0,0,5,0,0,0,1,1,6,6,1,41,7,125,1,9,HONDA CBR,1,E01011084,0,-1
2023501345273,2023,501345273,1,3,0,18,19,1,5,0,0,1,0,0,0,0,1,1,5,6,1,18,4,125,1,8,HONDA CBR,9,E01020026,0,-1
2023411330452,2023,411330452,1,4,0,18,19,1,5,0,0,0,0,0,0,0,1,1,1,1,1,27,6,471,1,3,HONDA CBR,8,E01018228,0,-1
2023010464116,2023,010464116,1,5,0,13,13,1,5,0,0,0,5,0,0,0,3,1,2,2,2,30,6,649,1,8,HONDA CBR,5,E01023533,0,-1
2023122300929,2023,122300929,1,5,0,16,19,1,5,0,0,0,0,0,8,11,1,1,6,6,1,21,5,649,1,4,HONDA CBR,8,E01012235,0,-1
2023052301916,2023,052301916,5,5,0,18,19,5,1,0,0,1,0,0,0,0,1,1,6,6,1,70,10,599,1,34,HONDA CBR,1,E01007010,0,-1
2023531318751,2023,531318751,1,5,0,18,19,8,4,0,0,0,0,0,2,4,1,1,2,2,1,60,9,999,1,12,HONDA CBR,8,E01022398,0,-1
2023430187911,2023,430187911,2,4,0,18,19,4,8,0,0,0,0,0,0,0,1,1,6,6,1,23,5,125,1,10,HONDA CBR,8,E01016808,0,-1
2023332300731,2023,332300731,2,5,0,13,13,3,7,0,0,0,0,0,0,0,1,1,6,6,1,66,10,929,1,23,HONDA CBR,5,E01026361,0,-1
2023991352610,2023,991352610,1,5,0,16,19,1,5,0,0,8,1,0,7,11,1,1,5,6,1,38,7,998,1,18,HONDA CBR,8,-1,0,-1
2023141272560,2023,141272560,1,5,0,18,19,3,7,9,9,1,0,0,0,0,1,1,5,6,1,45,7,999,1,11,HONDA CBR,8,E01007661,0,-1
2023471379305,2023,471379305,2,3,0,18,19,2,6,0,0,1,0,0,0,0,1,1,2,2,1,19,4,125,1,7,HONDA CBR,7,E01020926,0,-1
2023991358244,2023,991358244,1,5,0,17,19,3,8,0,0,0,0,0,0,0,3,1,5,6,1,20,4,649,1,1,HONDA CBR,1,-1,0,-1
2023351367572,2023,351367572,2,3,0,13,13,-1,-1,0,0,1,2,0,1,0,0,1,2,2,2,20,4,125,1,15,HONDA CBR,9,E01018054,0,-1
2023340NN1742,2023,340NN1742,1,5,0,13,13,1,5,0,0,1,2,7,0,0,1,1,6,6,1,53,8,599,1,26,HONDA CBR,10,E01027049,0,-1
2023501388206,2023,501388206,1,3,0,13,13,2,6,0,0,8,0,0,0,0,1,1,6,6,1,17,4,125,1,18,HONDA CBR,2,E01018999,0,-1
2023302301470,2023,302301470,2,5,0,18,19,4,8,0,0,0,1,0,0,0,1,1,6,6,1,54,8,998,1,16,HONDA CBR,4,E01005888,0,-1
2023552301022,2023,552301022,1,3,0,18,19,4,8,0,0,0,0,0,0,0,0,1,6,6,1,20,4,125,1,19,HONDA CBR,3,E01033285,0,-1
2023430392231,2023,430392231,1,4,0,18,19,8,4,0,0,8,0,0,0,0,1,1,6,6,1,22,5,649,1,1,HONDA CBR,-1,-1,0,-1
2023430067644,2023,430067644,1,5,0,16,19,5,8,0,0,0,0,0,7,11,3,1,6,6,1,35,6,1000,1,14,HONDA CBR,7,E01016285,0,-1
2023411362592,2023,411362592,1,5,0,4,4,5,3,0,0,4,0,0,0,0,1,1,2,2,1,27,6,125,1,12,HONDA CBR,4,E01023957,0,-1
2023461281437,2023,461281437,1,5,0,5,5,7,3,0,0,0,1,0,0,0,1,1,6,6,1,63,9,599,1,24,HONDA CBR,2,E01024505,0,-1
2023501312551,2023,501312551,1,3,0,18,19,1,4,0,0,0,0,0,0,0,3,1,6,6,1,24,5,125,1,8,HONDA CBR,4,E01018909,0,-1
2023440178606,2023,440178606,1,3,0,18,19,5,1,0,0,1,0,0,0,0,1,1,6,6,1,23,5,125,1,9,HONDA CBR,-1,-1,0,-1
2023302300691,2023,302300691,1,5,0,17,19,7,4,6,6,0,1,4,1,0,2,2,6,6,1,24,5,599,1,10,HONDA CBR,5,E01019883,0,-1
2023421378782,2023,421378782,2,5,0,18,19,1,5,0,0,6,1,0,0,0,1,1,3,7,1,27,6,649,1,4,HONDA CBR,2,E01016009,0,-1
2023451317418,2023,451317418,1,3,0,18,19,4,8,0,0,0,1,0,1,11,1,1,5,6,1,17,4,125,1,5,HONDA CBR,5,E01030913,0,-1
2023430449596,2023,430449596,1,4,0,18,19,3,7,0,0,1,1,0,0,0,1,1,2,2,1,34,6,599,1,23,HONDA CBR,9,E01028761,0,-1
2023440321305,2023,440321305,1,5,0,18,19,7,3,0,0,0,0,0,7,0,1,1,6,6,1,33,6,929,1,22,HONDA CBR,2,E01022903,0,-1
2023070167623,2023,070167623,2,5,0,18,19,7,2,0,0,0,2,0,0,0,3,1,6,6,2,26,6,918,1,23,HONDA CBR,4,E01033373,0,-1
2023501334507,2023,501334507,1,3,0,18,19,7,3,0,0,1,1,0,0,0,1,1,2,2,1,22,5,125,1,10,HONDA CBR,5,E01019886,0,-1
2023041294831,2023,041294831,1,4,0,18,19,3,7,0,0,0,2,10,7,9,1,1,6,6,1,41,7,471,1,8,HONDA CBR,5,E01006008,0,-1
2023461310345,2023,461310345,2,5,0,18,19,1,5,0,0,1,0,0,0,0,0,1,6,6,1,27,6,599,1,21,HONDA CBR,5,E01024356,0,-1
2023552301368,2023,552301368,2,5,0,16,19,1,4,0,0,8,1,0,0,0,0,1,2,2,1,35,6,599,1,24,HONDA CBR,8,E01020425,0,-1