collision_index,collision_year,collision_ref_no,vehicle_reference,vehicle_type,towing_and_articulation,vehicle_manoeuvre_historic,vehicle_manoeuvre,vehicle_direction_from,vehicle_direction_to,vehicle_location_restricted_lane_historic,vehicle_location_restricted_lane,junction_location,skidding_and_overturning,hit_object_in_carriageway,vehicle_leaving_carriageway,hit_object_off_carriageway,first_point_of_impact,vehicle_left_hand_drive,journey_purpose_of_driver_historic,journey_purpose_of_driver,sex_of_driver,age_of_driver,age_band_of_driver,engine_capacity_cc,propulsion_code,age_of_vehicle,generic_make_model,driver_imd_decile,lsoa_of_driver,escooter_flag,driver_distance_banding
2023010484305,2023,010484305,2,9,0,18,19,7,3,0,0,0,0,0,0,0,4,1,6,6,2,30,6,1995,2,7,KIA SPORTAGE,3,E01003520,0,-1
2023610036723,2023,610036723,2,9,0,16,19,5,8,0,0,1,0,0,0,0,1,1,6,6,1,49,8,1685,2,8,KIA SPORTAGE,-1,-1,0,-1
2023311375617,2023,311375617,1,9,0,3,3,8,3,0,0,6,0,0,0,0,2,1,6,6,1,67,10,1598,8,1,KIA SPORTAGE,-1,-1,0,-1
2023061325776,2023,061325776,1,9,0,7,7,7,1,0,0,0,0,0,0,0,0,1,6,6,3,30,6,1591,1,5,KIA SPORTAGE,-1,-1,0,-1
2023411367620,2023,411367620,1,9,0,4,4,-1,-1,0,0,0,0,0,0,0,1,1,6,6,1,37,7,1685,2,11,KIA SPORTAGE,7,E01030472,0,-1
2023302301994,2023,302301994,1,9,0,18,19,1,5,0,0,2,0,0,0,0,1,1,6,6,2,53,8,1591,1,3,KIA SPORTAGE,9,E01019857,0,-1
2023311338008,2023,311338008,2,9,0,4,4,4,8,0,0,0,0,1,0,0,1,1,5,6,1,38,7,1591,1,5,KIA SPORTAGE,7,E01028289,0,-1
2023361284071,2023,361284071,1,9,0,18,19,8,5,0,0,0,0,0,0,0,3,1,6,6,2,54,8,1995,2,10,KIA SPORTAGE,6,E01026769,0,-1
2023411298983,2023,411298983,1,9,0,18,19,7,3,0,0,3,0,0,0,0,1,1,6,6,2,47,8,1591,1,6,KIA SPORTAGE,6,E01023545,0,-1
2023991340094,2023,991340094,2,9,0,9,9,1,7,0,0,8,0,0,0,0,2,1,5,6,1,64,9,1598,8,0,KIA SPORTAGE,10,-1,0,-1
2023122301430,2023,122301430,2,9,0,18,19,5,1,0,0,1,0,0,0,0,1,1,6,6,1,59,9,1598,8,2,KIA SPORTAGE,9,E01027660,0,-1
2023131313473,2023,131313473,3,9,0,18,19,1,5,0,0,0,0,0,0,0,2,1,1,1,1,62,9,1685,2,7,KIA SPORTAGE,9,E01006024,0,-1
2023430121915,2023,430121915,2,9,0,2,2,0,0,0,0,2,0,0,0,0,3,1,6,6,1,-1,-1,1598,1,1,KIA SPORTAGE,-1,-1,0,-1
2023440043549,2023,440043549,2,9,0,10,10,7,3,0,0,1,0,0,0,0,2,1,6,6,2,78,11,1591,1,4,KIA SPORTAGE,3,E01032851,0,-1
2023141333790,2023,141333790,2,9,0,18,19,4,8,0,0,0,0,0,0,0,2,1,5,6,1,52,8,1598,1,0,KIA SPORTAGE,1,E01007769,0,-1
2023411406801,2023,411406801,5,9,0,18,19,5,1,0,0,0,0,0,0,0,1,1,5,6,1,63,9,1995,2,7,KIA SPORTAGE,6,E01031871,0,-1
2023991285692,2023,991285692,2,9,0,18,19,5,1,0,0,8,0,0,0,0,1,1,6,6,2,71,10,1995,2,7,KIA SPORTAGE,5,-1,0,-1
2023141360665,2023,141360665,1,9,0,4,4,7,3,0,0,0,0,0,0,0,2,1,6,6,1,59,9,1598,8,0,KIA SPORTAGE,4,E01007545,0,-1
2023061269094,2023,061269094,1,9,0,1,1,3,7,0,0,0,0,0,0,0,2,1,5,6,1,20,4,1685,2,10,KIA SPORTAGE,-1,-1,0,-1
2023131319974,2023,131319974,2,9,0,17,19,1,5,0,0,0,0,0,0,0,4,1,6,6,2,51,8,1685,2,7,KIA SPORTAGE,5,E01011269,0,-1
2023122400028,2023,122400028,2,9,0,18,19,6,2,0,0,1,0,0,0,0,1,1,6,6,1,35,6,1598,8,0,KIA SPORTAGE,3,E01013350,0,-1
2023430348464,2023,430348464,2,9,3,4,4,6,2,0,0,0,0,0,0,0,2,1,3,7,1,69,10,1995,2,8,KIA SPORTAGE,6,E01033472,0,-1
2023552301366,2023,552301366,1,9,0,6,6,2,2,6,6,0,0,0,0,0,3,1,6,6,1,75,10,1995,8,3,KIA SPORTAGE,8,E01020425,0,-1
2023501373104,2023,501373104,1,9,0,2,2,3,1,0,0,0,0,0,0,0,3,1,5,6,1,56,9,1591,1,2,KIA SPORTAGE,4,E01020337,0,-1
2023332301096,2023,332301096,1,9,0,18,19,1,5,0,0,0,0,0,0,0,4,1,6,6,1,36,7,1598,8,2,KIA SPORTAGE,1,E01013893,0,-1
2023501363047,2023,501363047,1,9,0,18,19,7,5,0,0,1,0,4,0,0,1,1,6,6,1,37,7,1598,1,0,KIA SPORTAGE,2,E01020037,0,-1
2023101376992,2023,101376992,1,9,0,18,19,1,5,0,0,0,0,0,0,0,2,1,2,2,2,41,7,1995,2,8,KIA SPORTAGE,-1,-1,0,-1
202354C728923,2023,54C728923,3,9,0,2,2,0,0,0,0,0,0,0,0,0,2,1,6,6,2,59,9,1591,1,5,KIA SPORTAGE,6,E01031877,0,-1
2023052301608,2023,052301608,1,9,0,18,19,1,5,0,0,0,0,0,0,0,1,1,6,6,3,-1,-1,1685,2,5,KIA SPORTAGE,-1,-1,0,-1
2023401339097,2023,401339097,3,9,0,18,19,5,1,0,0,7,0,0,0,0,1,1,5,6,1,79,11,1591,1,3,KIA SPORTAGE,5,E01019128,0,-1
2023440511181,2023,440511181,1,9,0,9,9,6,4,0,0,6,0,0,0,0,3,1,6,6,1,48,8,1975,1,13,KIA SPORTAGE,7,E01032881,0,-1
2023131320057,2023,131320057,1,9,0,13,13,3,7,0,0,0,0,0,0,0,3,1,6,6,1,42,7,1685,2,9,KIA SPORTAGE,10,E01010570,0,-1
2023231291561,2023,231291561,2,9,0,2,2,0,0,0,0,0,0,0,0,0,3,1,5,6,1,-1,-1,1685,2,9,KIA SPORTAGE,3,E01031077,0,-1
2023522301433,2023,522301433,1,9,0,9,9,3,1,0,0,8,0,0,0,0,3,1,6,6,2,56,9,1591,1,4,KIA SPORTAGE,8,E01014938,0,-1
2023471272412,2023,471272412,2,9,0,3,3,7,3,0,0,0,0,0,0,0,2,1,5,6,2,37,7,1685,2,9,KIA SPORTAGE,6,E01021097,0,-1
2023221367742,2023,221367742,1,9,0,6,6,4,4,8,6,0,0,0,0,0,3,1,5,6,1,83,11,1598,8,4,KIA SPORTAGE,9,E01010547,0,-1
2023430470260,2023,430470260,1,9,0,9,9,2,8,0,0,6,0,0,0,0,1,1,6,6,2,46,8,1598,8,1,KIA SPORTAGE,10,E01028823,0,-1
2023041324190,2023,041324190,1,9,0,9,9,3,5,0,0,8,0,0,0,0,1,1,5,6,2,49,8,1591,1,7,KIA SPORTAGE,9,E01005598,0,-1
2023201374281,2023,201374281,3,9,0,8,8,8,2,0,0,1,0,0,0,0,1,1,5,6,1,27,6,1685,2,7,KIA SPORTAGE,3,E01010005,0,-1
2023131435005,2023,131435005,1,9,0,18,19,7,3,0,0,8,2,0,0,0,4,1,6,6,2,54,8,1995,2,6,KIA SPORTAGE,9,E01011557,0,-1
2023010422062,2023,010422062,1,9,0,18,19,5,1,0,0,0,0,0,0,0,4,1,1,1,1,45,7,1995,2,10,KIA SPORTAGE,7,E01017255,0,-1
2023430275445,2023,430275445,1,9,0,9,9,3,1,0,0,5,5,0,1,1,1,1,6,6,1,64,9,1598,1,0,KIA SPORTAGE,-1,-1,0,-1
2023421343235,2023,421343235,1,9,0,9,9,2,7,0,0,6,0,0,0,0,3,1,5,6,1,32,6,1685,2,10,KIA SPORTAGE,3,E01021563,0,-1
2023211382387,2023,211382387,2,9,0,18,19,6,2,0,0,0,0,0,0,0,1,1,2,2,1,32,6,1598,8,0,KIA SPORTAGE,7,E01017910,0,-1
2023320317254,2023,320317254,2,9,0,17,19,4,2,0,0,0,0,0,0,0,1,1,6,6,2,31,6,1591,1,3,KIA SPORTAGE,5,E01026224,0,-1
2023221313582,2023,221313582,1,9,0,18,19,5,1,0,0,1,0,0,0,0,4,1,5,6,1,42,7,1685,2,7,KIA SPORTAGE,9,E01029677,0,-1
2023031264009,2023,031264009,2,9,0,18,19,2,5,0,0,0,0,0,0,0,3,1,5,6,2,59,9,1685,2,7,KIA SPORTAGE,7,E01019379,0,-1
2023031358159,2023,031358159,2,9,0,17,19,5,2,0,0,0,0,0,0,0,1,1,5,6,2,26,6,1591,1,2,KIA SPORTAGE,6,E01019351,0,-1
2023131318262,2023,131318262,1,9,0,9,9,1,5,0,0,1,0,0,0,0,3,1,1,1,2,54,8,1598,8,1,KIA SPORTAGE,9,E01010577,0,-1
2023201408345,2023,201408345,5,9,0,2,2,0,0,0,0,0,0,0,0,0,3,1,6,6,3,-1,-1,1591,1,2,KIA SPORTAGE,-1,-1,0,-1
2023302300694,2023,302300694,2,9,0,2,2,0,0,0,0,0,0,0,0,0,4,1,6,6,2,36,7,1591,1,2,KIA SPORTAGE,4,E01013459,0,-1
2023451364836,2023,451364836,1,9,0,9,9,6,2,0,0,5,1,7,1,1,4,1,5,6,1,27,6,1598,8,0,KIA SPORTAGE,8,E01004110,0,-1
2023421379459,2023,421379459,2,9,0,18,19,7,4,0,0,0,0,0,0,0,3,1,6,6,1,53,8,1598,8,1,KIA SPORTAGE,10,E01023654,0,-1
2023201418209,2023,201418209,2,9,0,9,9,1,7,0,0,5,0,0,0,0,3,1,6,6,2,34,6,1685,2,10,KIA SPORTAGE,9,E01013556,0,-1
2023041382602,2023,041382602,2,9,0,4,4,8,4,0,0,0,0,0,0,0,2,1,2,2,2,25,5,1685,2,7,KIA SPORTAGE,6,E01024949,0,-1
2023061345563,2023,061345563,1,9,0,4,4,7,3,0,0,0,0,0,0,0,2,1,2,2,1,58,9,1598,1,1,KIA SPORTAGE,7,E01006057,0,-1
2023622300860,2023,622300860,2,9,0,4,4,5,2,0,0,1,0,0,0,0,2,1,6,6,2,56,9,1591,1,3,KIA SPORTAGE,5,W01000794,0,-1
2023411330190,2023,411330190,2,9,0,9,9,1,7,0,0,8,0,0,0,0,3,1,5,6,2,33,6,1991,2,17,KIA SPORTAGE,4,E01023877,0,-1
2023201339289,2023,201339289,1,9,0,6,6,8,8,0,0,8,0,0,0,0,1,1,6,6,2,-1,-1,1598,1,1,KIA SPORTAGE,-1,-1,0,-1
2023471295323,2023,471295323,1,9,0,18,19,4,8,0,0,8,0,0,0,0,1,1,6,6,2,57,9,1591,1,3,KIA SPORTAGE,8,E01031418,0,-1
2023401272958,2023,401272958,2,9,0,3,3,3,7,0,0,0,0,0,0,0,2,1,2,2,1,34,6,1685,2,5,KIA SPORTAGE,9,E01017551,0,-1
2023201288869,2023,201288869,1,9,0,18,19,8,4,0,0,1,0,0,0,0,1,1,6,6,2,-1,-1,1995,2,9,KIA SPORTAGE,-1,-1,0,-1
2023122301015,2023,122301015,2,9,0,3,3,8,4,0,0,1,0,0,0,0,2,1,6,6,1,61,9,1685,2,5,KIA SPORTAGE,6,E01007835,0,-1
2023010476902,2023,010476902,2,9,0,99,99,9,9,99,99,9,9,99,9,99,9,9,6,6,3,-1,-1,1598,8,2,KIA SPORTAGE,-1,-1,0,-1
2023131371204,2023,131371204,1,9,0,18,19,5,1,0,0,1,0,0,0,0,3,1,6,6,1,62,9,1598,8,1,KIA SPORTAGE,5,E01011395,0,-1
2023122400016,2023,122400016,1,9,0,9,9,1,7,0,0,3,0,0,0,0,1,1,6,6,1,52,8,1598,1,1,KIA SPORTAGE,4,E01027608,0,-1
202354C728923,2023,54C728923,2,9,0,2,2,0,0,0,0,0,0,0,0,0,2,1,6,6,2,52,8,1995,2,11,KIA SPORTAGE,10,E01031874,0,-1
2023501348163,2023,501348163,7,9,0,18,19,7,2,0,0,0,1,0,0,0,2,1,6,6,1,34,6,1591,1,9,KIA SPORTAGE,3,E01010867,0,-1
2023141344764,2023,141344764,2,9,0,18,19,1,5,0,0,0,0,0,0,0,1,1,1,1,1,52,8,1591,1,4,KIA SPORTAGE,1,E01007809,0,-1
2023440473584,2023,440473584,3,9,0,11,11,1,5,0,0,0,0,0,0,0,2,1,6,6,1,31,6,1598,8,0,KIA SPORTAGE,10,E01022921,0,-1
2023141336260,2023,141336260,2,9,0,18,19,7,3,0,0,1,0,0,0,0,4,1,2,2,1,64,9,1685,2,8,KIA SPORTAGE,5,E01007489,0,-1
2023501349544,2023,501349544,2,9,0,4,4,2,6,0,0,0,0,0,0,0,2,1,6,6,1,33,6,1591,1,2,KIA SPORTAGE,7,E01020298,0,-1
2023430089261,2023,430089261,1,9,0,7,7,7,1,0,0,2,0,0,0,0,3,1,6,6,1,75,10,1685,2,9,KIA SPORTAGE,-1,-1,0,-1
2023201340573,2023,201340573,2,9,0,2,2,0,0,0,0,1,0,0,0,0,2,1,6,6,1,-1,-1,1591,1,5,KIA SPORTAGE,-1,-1,0,-1
2023361370758,2023,361370758,1,9,0,9,9,6,3,0,0,8,0,0,0,0,1,1,5,6,1,63,9,1598,8,0,KIA SPORTAGE,9,E01022422,0,-1
2023440382145,2023,440382145,1,9,0,1,1,1,5,0,0,0,0,0,0,0,2,1,6,6,1,37,7,1995,2,8,KIA SPORTAGE,5,E01023019,0,-1
2023440162298,2023,440162298,1,9,0,18,19,7,3,0,0,1,0,0,0,0,2,1,6,6,2,46,8,1591,1,11,KIA SPORTAGE,9,E01022836,0,-1
2023991326992,2023,991326992,3,9,0,18,19,1,5,0,0,0,0,0,0,0,2,1,5,6,2,29,6,1591,1,6,KIA SPORTAGE,10,-1,0,-1
2023461288588,2023,461288588,2,9,0,9,9,8,2,0,0,0,0,0,0,0,3,1,6,6,1,36,7,1591,1,4,KIA SPORTAGE,8,E01024816,0,-1
2023211332103,2023,211332103,1,9,0,5,5,6,6,0,0,2,0,0,0,0,3,1,6,6,2,31,6,1591,1,8,KIA SPORTAGE,6,E01014288,0,-1
2023010434356,2023,010434356,2,9,0,2,2,0,0,0,0,0,0,0,0,0,3,1,6,6,3,-1,-1,1598,8,1,KIA SPORTAGE,-1,-1,0,-1
2023320441882,2023,320441882,1,9,0,9,9,6,4,0,0,5,0,0,0,0,1,1,6,6,1,76,11,1591,1,2,KIA SPORTAGE,-1,-1,0,-1
2023052303047,2023,052303047,1,9,0,18,19,7,3,0,0,8,0,0,0,0,1,1,6,6,2,43,7,1591,1,2,KIA SPORTAGE,4,E01006641,0,-1
2023531330048,2023,531330048,3,9,0,3,3,5,1,0,0,0,0,0,0,0,2,1,6,6,2,28,6,1685,2,8,KIA SPORTAGE,4,E01022326,0,-1
2023430476598,2023,430476598,1,9,0,3,3,2,6,0,0,0,0,0,0,0,2,1,2,2,1,-1,-1,1598,8,0,KIA SPORTAGE,-1,-1,0,-1
2023070391726,2023,070391726,1,9,0,7,7,6,8,0,0,8,0,0,0,0,1,1,1,1,1,38,7,1685,2,7,KIA SPORTAGE,7,E01018361,0,-1
2023052400001,2023,052400001,1,9,0,18,19,5,1,0,0,8,0,0,0,0,1,1,1,1,1,-1,-1,1598,8,2,KIA SPORTAGE,-1,-1,0,-1
2023311341630,2023,311341630,1,9,0,18,19,2,6,0,0,0,0,0,0,0,1,1,6,6,1,57,9,1685,2,9,KIA SPORTAGE,3,E01031559,0,-1
2023141317039,2023,141317039,1,9,0,3,3,8,4,0,0,0,0,0,0,0,2,1,5,6,2,46,8,1685,2,10,KIA SPORTAGE,2,E01007578,0,-1
2023141384572,2023,141384572,2,9,0,9,9,3,1,0,0,6,0,0,0,0,4,1,5,6,2,59,9,1591,1,4,KIA SPORTAGE,3,E01007971,0,-1
2023131300834,2023,131300834,2,9,0,5,5,1,5,0,0,4,0,0,0,0,3,1,2,2,1,67,10,1591,1,2,KIA SPORTAGE,8,E01011553,0,-1
2023122300902,2023,122300902,1,9,0,18,19,3,5,0,0,2,0,0,0,0,1,1,6,6,2,43,7,1685,2,6,KIA SPORTAGE,5,E01013437,0,-1
2023451378432,2023,451378432,2,9,0,18,19,3,7,0,0,8,0,0,0,0,1,1,5,6,2,55,8,1591,1,7,KIA SPORTAGE,1,E01001410,0,-1
2023161352854,2023,161352854,3,9,0,18,19,3,7,0,0,0,0,0,0,0,1,1,5,6,1,71,10,1591,1,5,KIA SPORTAGE,1,E01011346,0,-1
2023320419319,2023,320419319,1,9,0,5,5,4,8,0,0,0,0,0,0,0,1,1,6,6,1,43,7,1685,2,6,KIA SPORTAGE,4,E01026057,0,-1
2023170S30213,2023,170S30213,1,9,0,18,19,5,1,0,0,4,0,0,0,0,1,1,6,6,1,67,10,1598,8,2,KIA SPORTAGE,9,E01033478,0,-1
2023471353317,2023,471353317,4,9,0,18,19,7,3,0,0,0,0,0,0,0,4,1,2,2,2,48,8,1598,8,2,KIA SPORTAGE,9,E01022799,0,-1
2023501371061,2023,501371061,1,9,0,5,5,1,5,0,0,4,0,0,0,0,1,1,2,2,2,46,8,1598,8,0,KIA SPORTAGE,7,E01018816,0,-1
2023401347086,2023,401347086,1,9,0,16,19,4,8,0,0,0,0,0,7,0,0,1,5,6,1,28,6,1991,2,17,KIA SPORTAGE,2,E01017490,0,-1
2023552300977,2023,552300977,2,9,0,18,19,6,2,0,0,8,0,0,0,0,4,1,2,2,2,31,6,1685,2,7,KIA SPORTAGE,6,E01020447,0,-1
2023471358012,2023,471358012,2,9,0,18,19,7,3,0,0,0,0,0,0,0,4,1,5,6,2,48,8,1685,2,8,KIA SPORTAGE,6,E01020999,0,-1
2023201430147,2023,201430147,2,9,0,7,7,1,3,0,0,5,0,0,0,0,4,1,6,6,1,42,7,1591,1,2,KIA SPORTAGE,2,E01033641,0,-1
2023991325039,2023,991325039,2,9,0,18,19,5,1,0,0,0,0,0,0,0,1,1,5,6,2,33,6,1685,2,6,KIA SPORTAGE,1,-1,0,-1
2023201416314,2023,201416314,1,9,0,18,19,4,8,0,0,0,0,0,0,0,1,1,2,2,1,39,7,1685,2,6,KIA SPORTAGE,8,E01029649,0,-1
2023311299918,2023,311299918,1,9,0,4,4,5,1,0,0,1,0,0,0,0,1,1,6,6,2,57,9,1685,2,10,KIA SPORTAGE,-1,-1,0,-1
2023010438687,2023,010438687,2,9,0,99,99,9,9,99,99,9,9,99,9,99,2,9,6,6,1,-1,-1,1598,8,3,KIA SPORTAGE,-1,-1,0,-1
2023302300549,2023,302300549,1,9,0,18,19,4,8,0,0,0,0,0,0,0,1,1,6,6,2,57,9,1591,1,4,KIA SPORTAGE,9,E01022207,0,-1
2023351396026,2023,351396026,3,9,0,18,19,7,3,0,0,0,0,0,0,0,1,1,5,6,1,74,10,1685,2,5,KIA SPORTAGE,9,E01018201,0,-1
2023430272698,2023,430272698,1,9,0,7,7,7,1,0,0,6,0,0,0,0,1,1,3,7,2,37,7,1591,1,7,KIA SPORTAGE,7,E01028725,0,-1
2023101346812,2023,101346812,1,9,0,18,19,5,1,0,0,0,0,0,7,2,1,1,5,6,1,71,10,1598,8,3,KIA SPORTAGE,9,E01027526,0,-1
2023131358029,2023,131358029,1,9,0,-1,-1,-1,-1,-1,-1,-1,-1,-1,-1,-1,-1,1,6,6,3,-1,-1,1991,2,14,KIA SPORTAGE,-1,-1,0,-1
2023610028423,2023,610028423,1,9,0,18,19,7,3,0,0,0,1,0,1,4,3,1,6,6,1,19,4,1685,2,6,KIA SPORTAGE,7,W01001584,0,-1
2023201456175,2023,201456175,2,9,0,10,10,2,2,0,0,0,0,0,0,0,2,1,6,6,2,-1,-1,1598,8,0,KIA SPORTAGE,5,E01009247,0,-1
2023070226619,2023,070226619,1,9,0,18,19,3,7,0,0,1,0,0,0,0,1,1,6,6,2,-1,-1,1591,1,6,KIA SPORTAGE,-1,-1,0,-1
2023440300709,2023,440300709,2,9,0,18,19,1,5,0,0,4,0,0,0,0,1,1,6,6,1,18,4,1591,1,2,KIA SPORTAGE,6,E01022715,0,-1
2023201383655,2023,201383655,2,9,0,2,2,0,0,9,9,2,0,0,0,0,2,1,5,6,2,28,6,1598,8,0,KIA SPORTAGE,3,E01009977,0,-1
2023340WN9012,2023,340WN9012,1,9,0,18,19,5,1,0,0,1,0,0,0,0,1,1,6,6,1,64,9,1598,8,1,KIA SPORTAGE,-1,-1,0,-1
2023010429385,2023,010429385,2,9,0,3,3,3,7,0,0,1,0,0,0,0,1,1,2,2,1,27,6,1598,8,3,KIA SPORTAGE,3,E01003969,0,-1
2023041307391,2023,041307391,1,9,0,9,9,5,2,0,0,8,0,0,0,0,4,1,6,6,2,43,7,1598,8,1,KIA SPORTAGE,6,E01025412,0,-1
2023401289522,2023,401289522,3,9,0,4,4,8,4,0,0,0,0,0,0,0,2,1,6,6,1,54,8,1591,1,5,KIA SPORTAGE,10,E01017544,0,-1
2023991355834,2023,991355834,1,9,0,18,19,2,6,0,0,0,0,0,0,0,1,1,5,6,2,51,8,1591,1,5,KIA SPORTAGE,-1,-1,0,-1
2023501313083,2023,501313083,1,9,0,5,5,7,3,0,0,0,0,0,0,0,1,1,5,6,1,50,8,1685,2,6,KIA SPORTAGE,4,E01019054,0,-1
2023371269035,2023,371269035,1,9,0,18,19,3,7,0,0,1,0,0,0,0,1,1,5,6,1,73,10,1995,2,7,KIA SPORTAGE,2,E01033040,0,-1
2023501273115,2023,501273115,1,9,0,1,1,1,5,0,0,0,0,0,0,0,2,1,6,6,1,46,8,1685,2,9,KIA SPORTAGE,4,E01015178,0,-1
2023991375147,2023,991375147,2,9,0,18,19,6,2,0,0,0,0,0,0,0,2,1,6,6,1,41,7,1685,2,7,KIA SPORTAGE,-1,-1,0,-1
2023401311823,2023,401311823,2,9,0,3,3,-1,-1,0,0,4,0,0,0,0,3,1,2,2,2,29,6,1598,8,1,KIA SPORTAGE,9,E01017551,0,-1
2023471356266,2023,471356266,1,9,0,18,19,6,2,0,0,0,0,0,0,0,3,1,3,7,1,57,9,1591,1,5,KIA SPORTAGE,6,E01031448,0,-1
2023421326493,2023,421326493,2,9,0,7,7,3,5,0,0,0,0,0,0,0,3,1,3,7,2,45,7,1591,1,4,KIA SPORTAGE,7,E01021407,0,-1
2023010421051,2023,010421051,2,9,0,5,5,1,5,0,0,2,0,0,0,0,1,1,6,6,2,49,8,1591,1,4,KIA SPORTAGE,-1,-1,0,-1
2023531372626,2023,531372626,1,9,0,18,19,8,4,0,0,1,0,0,0,0,1,1,1,1,2,48,8,1591,1,10,KIA SPORTAGE,6,E01022198,0,-1
2023131306900,2023,131306900,2,9,0,18,19,3,7,0,0,0,0,0,0,0,3,1,5,6,1,64,9,1685,2,7,KIA SPORTAGE,4,E01011529,0,-1
2023311374851,2023,311374851,1,9,0,18,19,2,6,0,0,0,0,4,0,0,1,1,2,2,1,40,7,1685,2,10,KIA SPORTAGE,7,E01028240,0,-1
2023351367594,2023,351367594,1,9,0,18,19,8,4,0,0,6,0,0,0,0,4,1,6,6,1,67,10,1598,1,1,KIA SPORTAGE,8,E01004891,0,-1
2023461307761,2023,461307761,1,9,0,13,13,6,3,0,0,1,0,0,0,0,1,1,2,2,1,72,10,1995,2,7,KIA SPORTAGE,3,E01016171,0,-1
2023320522241,2023,320522241,1,9,0,18,19,5,1,0,0,1,0,0,0,0,1,1,6,6,2,76,11,1995,2,7,KIA SPORTAGE,8,E01026313,0,-1
2023201321818,2023,201321818,1,9,0,18,19,6,2,0,0,0,0,0,0,0,1,1,5,6,1,74,10,1591,1,7,KIA SPORTAGE,2,E01009213,0,-1
2023421279109,2023,421279109,2,9,0,3,3,3,7,0,0,0,0,0,0,0,2,1,6,6,1,39,7,1591,1,2,KIA SPORTAGE,9,E01021654,0,-1
2023010477233,2023,010477233,2,9,0,9,9,5,3,0,0,8,0,0,0,0,1,1,6,6,1,50,8,1591,1,7,KIA SPORTAGE,5,E01001500,0,-1
2023440299551,2023,440299551,1,9,0,9,9,5,3,0,0,6,0,0,0,0,3,1,6,6,2,30,6,1591,1,8,KIA SPORTAGE,4,E01017305,0,-1
2023070271762,2023,070271762,2,9,0,4,4,5,1,0,0,0,0,0,0,0,2,1,6,6,2,33,6,1685,2,9,KIA SPORTAGE,8,E01018495,0,-1
2023531351058,2023,531351058,1,9,0,16,19,1,3,0,0,0,0,0,0,0,1,1,2,2,1,35,6,1995,2,10,KIA SPORTAGE,8,E01022387,0,-1
2023461368345,2023,461368345,2,9,0,18,19,7,3,0,0,0,0,0,0,0,4,1,6,6,1,52,8,1685,2,11,KIA SPORTAGE,3,E01015785,0,-1
2023041272423,2023,041272423,2,9,0,18,19,7,3,0,0,1,0,0,0,0,1,1,5,6,1,44,7,1591,1,2,KIA SPORTAGE,-1,-1,0,-1
2023320145503,2023,320145503,1,9,0,16,19,4,8,0,0,1,0,0,0,0,4,1,6,6,2,84,11,1591,1,4,KIA SPORTAGE,5,E01026201,0,-1
2023451372206,2023,451372206,1,9,0,13,13,7,3,0,0,3,0,0,0,0,1,1,1,1,2,63,9,1591,1,6,KIA SPORTAGE,9,E01030470,0,-1
2023131297358,2023,131297358,2,9,0,18,19,7,3,0,0,4,5,0,0,0,3,1,6,6,2,53,8,1591,1,4,KIA SPORTAGE,8,E01011051,0,-1
2023471366826,2023,471366826,2,9,0,18,19,6,2,0,0,8,0,0,0,0,1,1,6,6,2,44,7,1685,2,8,KIA SPORTAGE,8,E01021232,0,-1
2023010433492,2023,010433492,2,9,0,99,99,9,9,99,99,9,9,99,9,99,1,9,6,6,3,-1,-1,1685,2,6,KIA SPORTAGE,-1,-1,0,-1
2023622300364,2023,622300364,2,9,0,4,4,6,2,0,0,0,0,0,0,0,2,1,6,6,2,53,8,1685,2,6,KIA SPORTAGE,9,W01000845,0,-1
2023010481027,2023,010481027,2,9,0,99,99,9,9,99,99,9,9,99,9,99,9,9,6,6,3,-1,-1,1598,8,0,KIA SPORTAGE,-1,-1,0,-1
2023471384608,2023,471384608,1,9,0,18,19,1,5,0,0,1,0,0,0,0,0,1,5,6,1,82,11,1991,2,14,KIA SPORTAGE,9,E01031683,0,-1
2023501325976,2023,501325976,1,9,0,16,19,4,1,0,0,1,0,0,0,0,3,1,6,6,1,32,6,1685,2,11,KIA SPORTAGE,5,E01018945,0,-1
2023161349919,2023,161349919,2,9,0,7,7,6,8,0,0,1,0,0,0,0,4,1,6,6,2,30,6,1685,2,10,KIA SPORTAGE,2,E01012826,0,-1
2023010464773,2023,010464773,1,9,0,18,19,7,3,0,0,2,0,0,0,0,3,1,2,2,2,54,8,1598,8,1,KIA SPORTAGE,3,E01003068,0,-1
2023361359371,2023,361359371,1,9,0,18,19,7,3,0,0,0,0,0,0,0,2,1,6,6,2,32,6,1995,2,11,KIA SPORTAGE,5,E01030290,0,-1
2023061376644,2023,061376644,1,9,0,7,7,3,4,0,0,1,0,0,0,0,1,1,6,6,2,30,6,1591,1,5,KIA SPORTAGE,-1,-1,0,-1
2023041365298,2023,041365298,2,9,0,18,19,5,1,0,0,1,0,0,0,0,3,1,6,6,1,86,11,1591,1,3,KIA SPORTAGE,3,E01024892,0,-1
2023552300895,2023,552300895,4,9,0,4,4,8,4,0,0,8,0,0,0,0,0,1,1,1,2,44,7,1591,1,6,KIA SPORTAGE,9,E01020580,0,-1
2023161290965,2023,161290965,3,9,0,2,2,0,0,0,0,0,0,0,0,0,4,2,6,6,3,-1,-1,1591,1,4,KIA SPORTAGE,-1,-1,0,-1
2023501364009,2023,501364009,2,9,0,18,19,7,3,0,0,2,0,0,0,0,3,1,6,6,1,36,7,1598,8,1,KIA SPORTAGE,5,E01032357,0,-1
2023991333236,2023,991333236,1,9,0,16,19,3,6,0,0,0,0,0,0,0,1,1,5,6,2,63,9,1591,1,3,KIA SPORTAGE,8,-1,0,-1