collision_index,collision_year,collision_ref_no,vehicle_reference,vehicle_type,towing_and_articulation,vehicle_manoeuvre_historic,vehicle_manoeuvre,vehicle_direction_from,vehicle_direction_to,vehicle_location_restricted_lane_historic,vehicle_location_restricted_lane,junction_location,skidding_and_overturning,hit_object_in_carriageway,vehicle_leaving_carriageway,hit_object_off_carriageway,first_point_of_impact,vehicle_left_hand_drive,journey_purpose_of_driver_historic,journey_purpose_of_driver,sex_of_driver,age_of_driver,age_band_of_driver,engine_capacity_cc,propulsion_code,age_of_vehicle,generic_make_model,driver_imd_decile,lsoa_of_driver,escooter_flag,driver_distance_banding
2023451308607,2023,451308607,2,9,0,18,19,3,7,0,0,0,5,0,0,0,3,1,1,1,2,60,9,1591,1,6,KIA SPORTAGE,10,E01030811,0,-1
2023061363525,2023,061363525,1,9,0,5,5,6,2,0,0,1,0,0,0,0,3,1,2,2,2,28,6,1591,1,2,KIA SPORTAGE,8,E01006808,0,-1
2023201325602,2023,201325602,2,9,0,2,2,0,0,0,0,0,0,0,0,0,2,1,1,1,2,63,9,1995,2,8,KIA SPORTAGE,5,E01009916,0,-1
2023031376810,2023,031376810,1,9,0,18,19,4,1,0,0,0,0,0,0,0,1,1,1,1,2,69,10,1591,1,8,KIA SPORTAGE,4,E01019218,0,-1
2023332300786,2023,332300786,2,9,0,18,19,8,4,0,0,1,0,0,0,0,1,1,6,6,3,-1,-1,1995,2,11,KIA SPORTAGE,-1,-1,0,-1
2023401354520,2023,401354520,1,9,0,4,4,8,4,0,0,0,0,0,0,0,1,1,2,2,1,63,9,1591,1,6,KIA SPORTAGE,9,E01015710,0,-1
2023131370427,2023,131370427,1,9,0,7,7,1,3,0,0,5,0,0,0,0,4,1,5,6,2,36,7,1685,2,8,KIA SPORTAGE,4,E01011529,0,-1
2023320235864,2023,320235864,1,9,0,18,19,6,2,0,0,0,0,0,5,6,1,1,6,6,1,22,5,1685,2,8,KIA SPORTAGE,-1,-1,0,-1
2023371285985,2023,371285985,2,9,0,3,3,1,5,0,0,0,0,0,0,0,0,1,2,2,2,40,7,1995,2,7,KIA SPORTAGE,-1,-1,0,-1
2023451376837,2023,451376837,1,9,0,18,19,3,7,0,0,0,0,0,0,0,1,1,5,6,1,56,9,1685,2,5,KIA SPORTAGE,8,E01031399,0,-1
2023411368359,2023,411368359,1,9,0,18,19,5,1,0,0,0,0,0,1,11,1,1,6,6,1,76,11,1598,8,1,KIA SPORTAGE,10,E01023690,0,-1
2023131373561,2023,131373561,2,9,0,18,19,5,1,0,0,8,0,0,0,0,0,1,6,6,2,54,8,1591,1,4,KIA SPORTAGE,7,E01027689,0,-1
2023010432664,2023,010432664,1,9,0,99,99,9,9,99,99,9,9,99,9,99,1,9,6,6,2,57,9,1591,1,3,KIA SPORTAGE,1,E01000508,0,-1
2023131391797,2023,131391797,1,9,0,18,19,5,1,0,0,8,0,0,0,0,4,1,6,6,2,47,8,1685,2,12,KIA SPORTAGE,7,E01011214,0,-1
2023010434173,2023,010434173,2,9,0,99,99,9,9,99,99,9,9,99,9,99,9,9,6,6,3,28,6,1598,8,2,KIA SPORTAGE,-1,-1,0,-1
2023010468261,2023,010468261,2,9,0,99,99,9,9,99,99,0,9,99,9,99,2,9,6,6,3,-1,-1,1591,1,2,KIA SPORTAGE,8,E01019397,0,-1
2023070753095,2023,070753095,2,9,0,18,19,6,2,0,0,1,0,0,0,0,1,1,2,2,2,34,6,1685,2,7,KIA SPORTAGE,-1,-1,0,-1
2023031296794,2023,031296794,3,9,0,4,4,3,7,0,0,0,0,0,0,0,2,1,2,2,1,50,8,1598,8,1,KIA SPORTAGE,-1,-1,0,-1
2023302300874,2023,302300874,3,9,4,17,19,6,2,0,0,0,0,0,0,0,1,1,6,6,1,52,8,1995,2,8,KIA SPORTAGE,3,E01007991,0,-1
2023501344968,2023,501344968,1,9,0,16,19,5,1,0,0,0,1,0,7,11,1,1,5,6,1,29,6,1991,2,16,KIA SPORTAGE,5,E01018903,0,-1
2023161284338,2023,161284338,2,9,0,18,19,4,8,0,0,0,0,0,0,0,4,1,6,6,1,-1,-1,1591,1,7,KIA SPORTAGE,-1,-1,0,-1
2023170L40523,2023,170L40523,1,9,0,9,9,2,8,0,0,4,0,0,0,0,1,1,6,6,1,64,9,1685,2,8,KIA SPORTAGE,1,E01032561,0,-1
2023010437257,2023,010437257,1,9,0,18,19,1,5,0,0,8,0,0,0,0,1,1,6,6,1,55,8,1591,1,5,KIA SPORTAGE,3,E01001856,0,-1
2023522301324,2023,522301324,1,9,0,9,9,1,7,0,0,5,0,0,0,0,3,1,6,6,2,79,11,1598,8,3,KIA SPORTAGE,-1,-1,0,-1
202360A080349,2023,60A080349,1,9,0,9,9,6,4,0,0,5,0,0,0,0,4,1,6,6,1,44,7,1685,2,7,KIA SPORTAGE,-1,-1,0,-1
2023122300284,2023,122300284,3,9,0,4,4,2,6,0,0,0,0,0,0,0,2,1,6,6,1,85,11,1991,2,16,KIA SPORTAGE,6,E01011440,0,-1
2023461329042,2023,461329042,1,9,0,18,19,5,1,0,0,0,0,0,0,0,1,1,6,6,2,40,7,1685,2,9,KIA SPORTAGE,2,E01021103,0,-1
2023461382859,2023,461382859,1,9,0,9,9,1,3,0,0,0,0,0,0,0,3,1,6,6,2,45,7,1685,2,10,KIA SPORTAGE,7,E01024719,0,-1
2023010473421,2023,010473421,3,9,0,18,19,2,6,0,0,0,0,0,0,0,1,1,6,6,2,49,8,1591,1,4,KIA SPORTAGE,9,E01002471,0,-1
2023421361077,2023,421361077,1,9,0,5,5,2,6,0,0,6,0,0,0,0,1,1,6,6,1,-1,-1,1598,8,0,KIA SPORTAGE,-1,-1,0,-1
2023361293725,2023,361293725,2,9,0,18,19,7,3,0,0,0,0,0,0,0,1,1,5,6,2,42,7,1685,2,10,KIA SPORTAGE,2,E01026478,0,-1
2023010474663,2023,010474663,1,9,0,14,14,3,7,0,0,1,0,0,0,0,1,1,6,6,3,-1,-1,1591,1,2,KIA SPORTAGE,-1,-1,0,-1
2023201431705,2023,201431705,2,9,0,18,19,4,8,0,0,8,0,0,0,0,1,1,5,6,1,50,8,1995,2,11,KIA SPORTAGE,6,E01009778,0,-1
2023311267608,2023,311267608,1,9,0,9,9,1,5,0,0,5,0,0,0,0,1,1,5,6,2,59,9,1591,1,7,KIA SPORTAGE,9,E01007618,0,-1
2023622300545,2023,622300545,1,8,0,18,19,2,6,0,0,2,0,0,0,0,4,1,6,6,2,58,9,1685,2,9,-1,2,W01001064,0,-1
2023991376857,2023,991376857,3,9,0,18,19,3,7,0,0,0,0,0,0,0,1,1,6,6,2,45,7,1591,1,6,KIA SPORTAGE,-1,-1,0,-1
2023991323776,2023,991323776,1,9,0,9,9,6,4,0,0,1,0,0,0,0,1,1,6,6,2,59,9,1598,8,0,KIA SPORTAGE,8,-1,0,-1
2023122300819,2023,122300819,1,9,0,4,4,1,5,0,0,0,1,6,7,11,1,1,6,6,2,43,7,1991,2,16,KIA SPORTAGE,5,E01027789,0,-1
2023221285100,2023,221285100,1,9,0,5,5,4,8,0,0,0,0,0,0,0,1,1,5,6,1,64,9,1685,2,5,KIA SPORTAGE,7,E01032296,0,-1
2023471297302,2023,471297302,1,9,0,18,19,3,1,0,0,0,0,2,0,0,1,1,5,6,1,62,9,1995,2,7,KIA SPORTAGE,7,E01021098,0,-1
2023610001823,2023,610001823,1,9,0,18,19,3,7,0,0,0,0,0,0,0,4,1,4,7,2,33,6,1591,1,2,KIA SPORTAGE,4,W01001395,0,-1
2023010436516,2023,010436516,1,9,0,9,9,3,1,0,0,6,0,0,0,0,0,1,1,1,1,43,7,1591,1,2,KIA SPORTAGE,8,E01002207,0,-1
2023070275835,2023,070275835,3,9,0,18,19,4,8,0,0,0,0,0,0,0,3,1,6,6,1,73,10,1598,8,0,KIA SPORTAGE,10,E01006096,0,-1
2023010439594,2023,010439594,3,9,5,3,3,1,5,0,0,1,0,0,0,0,2,1,6,6,2,50,8,1591,1,7,KIA SPORTAGE,8,E01000784,0,-1
2023430161016,2023,430161016,2,9,0,4,4,1,5,0,0,0,0,0,0,0,2,1,6,6,1,43,7,1598,8,1,KIA SPORTAGE,10,E01032610,0,-1
2023031308616,2023,031308616,2,9,0,18,19,3,7,0,0,0,0,0,0,0,2,1,6,6,1,58,9,1995,2,6,KIA SPORTAGE,-1,-1,0,-1
2023430503260,2023,430503260,1,9,0,18,19,3,7,0,0,1,0,0,0,0,1,1,6,6,1,22,5,1685,2,6,KIA SPORTAGE,2,E01016839,0,-1
2023991375888,2023,991375888,1,9,0,5,5,2,6,0,0,2,0,0,0,0,1,1,5,6,1,70,10,1598,8,0,KIA SPORTAGE,6,-1,0,-1
2023610010423,2023,610010423,2,9,0,14,14,7,3,0,0,0,0,4,0,0,1,1,1,1,2,37,7,1598,8,1,KIA SPORTAGE,4,W01001487,0,-1
2023131342435,2023,131342435,1,9,0,7,7,8,8,0,0,8,0,0,3,0,1,1,1,1,1,61,9,1995,2,6,KIA SPORTAGE,6,E01026167,0,-1
2023131362270,2023,131362270,1,9,0,13,13,1,5,0,0,1,0,0,0,0,4,1,1,1,1,42,7,1591,1,2,KIA SPORTAGE,2,E01011220,0,-1
2023320164292,2023,320164292,1,9,0,7,7,6,8,0,0,6,0,0,0,0,1,1,2,2,1,34,6,1598,8,2,KIA SPORTAGE,9,E01026231,0,-1
2023201298784,2023,201298784,1,9,0,9,9,4,2,0,0,5,0,0,0,0,1,1,6,6,2,31,6,1591,1,4,KIA SPORTAGE,9,E01009801,0,-1
2023991328010,2023,991328010,1,9,0,5,5,1,5,0,0,4,0,0,0,0,3,1,6,6,2,31,6,1685,2,8,KIA SPORTAGE,-1,-1,0,-1
2023010477852,2023,010477852,2,9,0,99,99,9,9,99,99,9,9,99,9,99,9,9,6,6,3,-1,-1,1591,1,3,KIA SPORTAGE,-1,-1,0,-1
2023351377394,2023,351377394,1,9,0,4,4,7,3,0,0,8,0,0,0,0,1,1,5,6,2,40,7,1995,2,6,KIA SPORTAGE,2,E01018075,0,-1
2023052301482,2023,052301482,3,9,0,2,2,0,0,0,0,0,0,0,0,0,2,1,6,6,3,-1,-1,1598,8,1,KIA SPORTAGE,-1,-1,0,-1
2023052302118,2023,052302118,1,9,0,18,19,7,3,0,0,1,0,0,0,0,1,1,1,1,1,-1,-1,1598,8,3,KIA SPORTAGE,-1,-1,0,-1
2023101309825,2023,101309825,2,9,0,18,19,2,6,0,0,0,0,0,0,0,1,1,5,6,1,27,6,1685,2,12,KIA SPORTAGE,6,E01008196,0,-1
2023501301716,2023,501301716,1,9,0,18,19,7,3,0,0,8,1,0,0,0,1,1,6,6,2,29,6,1685,2,6,KIA SPORTAGE,4,E01020321,0,-1
2023131322101,2023,131322101,1,9,0,3,3,1,5,0,0,1,0,0,0,0,2,1,5,6,1,46,8,1598,1,0,KIA SPORTAGE,1,E01011093,0,-1
2023522400921,2023,522400921,1,9,0,17,19,7,3,0,0,2,1,0,3,1,3,1,6,6,2,26,6,1591,1,3,KIA SPORTAGE,6,E01032669,0,-1
2023131301299,2023,131301299,2,9,0,7,7,5,7,0,0,1,0,0,0,0,4,2,3,7,2,35,6,1598,8,3,KIA SPORTAGE,7,E01011755,0,-1
2023440010516,2023,440010516,1,9,0,7,7,8,1,0,0,8,0,0,0,0,0,1,6,6,1,74,10,1995,2,7,KIA SPORTAGE,4,E01017297,0,-1
2023451368054,2023,451368054,2,9,0,8,8,6,2,0,0,1,0,10,1,0,3,1,5,6,2,46,8,1975,1,13,KIA SPORTAGE,10,E01030986,0,-1
2023991293238,2023,991293238,1,9,0,18,19,7,3,0,0,8,0,0,0,0,3,1,5,6,2,39,7,1598,8,0,KIA SPORTAGE,3,-1,0,-1
2023070035341,2023,070035341,1,9,0,18,19,4,8,0,0,6,0,0,0,0,4,1,6,6,1,75,10,1591,1,4,KIA SPORTAGE,7,E01018597,0,-1
2023471350936,2023,471350936,1,9,0,5,5,3,6,0,0,2,0,0,0,0,1,1,5,6,1,73,10,1995,2,10,KIA SPORTAGE,5,E01020967,0,-1
2023041394685,2023,041394685,1,9,0,17,19,7,3,0,0,1,0,0,1,0,1,1,2,2,1,45,7,1685,2,8,KIA SPORTAGE,3,E01004766,0,-1
2023041365320,2023,041365320,2,9,0,18,19,1,5,0,0,0,0,0,0,0,3,1,1,1,1,53,8,1598,8,0,KIA SPORTAGE,10,E01025316,0,-1
2023201296059,2023,201296059,2,9,0,18,19,3,7,0,0,1,0,0,0,0,3,1,6,6,2,42,7,1591,1,6,KIA SPORTAGE,3,E01009781,0,-1
2023351265307,2023,351265307,2,9,0,9,9,3,2,0,0,6,0,0,0,0,3,1,5,6,2,21,5,1991,2,17,KIA SPORTAGE,10,E01018295,0,-1
2023311271668,2023,311271668,1,9,0,18,19,5,1,0,0,0,0,4,0,0,1,1,5,6,1,49,8,1591,1,2,KIA SPORTAGE,4,E01027960,0,-1
2023430013799,2023,430013799,1,9,0,18,19,6,2,0,0,1,0,0,0,0,1,1,6,6,2,-1,-1,1598,2,4,KIA SPORTAGE,-1,-1,0,-1
2023201386647,2023,201386647,1,9,0,18,19,5,1,0,0,0,0,0,0,0,1,1,5,6,2,61,9,1598,8,2,KIA SPORTAGE,1,E01010033,0,-1
2023031308920,2023,031308920,2,9,0,3,3,8,2,0,0,1,0,0,0,0,2,1,5,6,2,54,8,1598,2,4,KIA SPORTAGE,3,E01019184,0,-1
2023201369371,2023,201369371,3,9,0,9,9,8,6,0,0,6,0,0,0,0,1,1,5,6,2,36,7,1598,2,4,KIA SPORTAGE,1,E01010450,0,-1
2023471352398,2023,471352398,1,9,0,10,10,2,4,0,0,8,0,0,0,0,1,1,5,6,1,71,10,1995,2,12,KIA SPORTAGE,9,E01021124,0,-1
2023010426509,2023,010426509,1,9,0,18,19,6,2,0,0,1,0,0,0,0,1,1,6,6,1,78,11,1591,1,7,KIA SPORTAGE,9,E01002463,0,-1
2023302301532,2023,302301532,1,9,0,13,13,6,2,0,0,3,0,0,0,0,4,2,2,2,1,41,7,1591,1,9,KIA SPORTAGE,3,E01013517,0,-1
2023471389943,2023,471389943,2,9,0,18,19,1,5,0,0,0,0,0,0,0,1,1,6,6,1,70,10,1685,2,11,KIA SPORTAGE,2,E01031790,0,-1
2023320470948,2023,320470948,2,9,0,18,19,4,8,0,0,8,0,0,0,0,3,1,6,6,2,52,8,1591,1,3,KIA SPORTAGE,2,E01026050,0,-1
2023991266168,2023,991266168,1,9,0,18,19,3,7,0,0,0,0,0,0,0,1,1,5,6,1,36,7,1995,2,9,KIA SPORTAGE,3,-1,0,-1
2023451342020,2023,451342020,2,9,0,18,19,8,4,0,0,0,0,0,0,0,0,1,5,6,1,52,8,1598,8,1,KIA SPORTAGE,8,E01030538,0,-1
2023041340738,2023,041340738,3,9,0,2,2,0,0,0,0,0,0,0,0,0,4,1,6,6,3,-1,-1,1598,1,0,KIA SPORTAGE,-1,-1,0,-1
2023201305654,2023,201305654,2,9,0,18,19,2,6,0,0,0,0,0,0,0,1,1,6,6,2,31,6,1685,2,5,KIA SPORTAGE,6,E01029522,0,-1
2023471331221,2023,471331221,2,9,0,18,19,3,7,0,0,8,1,0,7,0,4,1,5,6,1,51,8,1685,2,8,KIA SPORTAGE,9,E01031476,0,-1
2023351368831,2023,351368831,2,9,0,4,4,-1,-1,0,0,1,0,0,0,0,2,1,2,2,2,42,7,1591,1,5,KIA SPORTAGE,-1,-1,0,-1
2023302301095,2023,302301095,1,9,0,18,19,3,7,0,0,0,0,0,0,0,3,1,6,6,2,72,10,1591,1,6,KIA SPORTAGE,4,E01019560,0,-1
2023471330328,2023,471330328,2,9,0,18,19,7,3,0,0,3,0,0,0,0,3,1,1,1,1,52,8,1598,1,1,KIA SPORTAGE,8,E01031664,0,-1
2023010457338,2023,010457338,2,9,0,18,19,3,7,0,0,8,1,0,0,0,3,1,6,6,1,42,7,1598,8,0,KIA SPORTAGE,-1,-1,0,-1
2023471319158,2023,471319158,2,9,0,13,13,8,4,0,0,0,0,0,0,0,4,1,5,6,1,28,6,1598,8,1,KIA SPORTAGE,9,E01004147,0,-1
2023070250287,2023,070250287,2,9,0,17,19,4,8,0,0,8,0,1,0,0,3,1,6,6,1,62,9,1975,1,14,KIA SPORTAGE,5,E01018717,0,-1
2023061351496,2023,061351496,2,9,0,18,19,-1,-1,-1,-1,0,-1,-1,-1,0,2,1,5,6,2,28,6,1598,8,1,KIA SPORTAGE,8,E01005411,0,-1
2023041278971,2023,041278971,2,9,0,18,19,7,3,0,0,1,0,0,0,0,1,1,6,6,2,49,8,1591,1,7,KIA SPORTAGE,1,E01012674,0,-1
2023440144997,2023,440144997,2,9,0,17,19,5,1,0,0,0,0,0,0,0,1,1,6,6,2,33,6,1685,2,7,KIA SPORTAGE,-1,-1,0,-1
2023061315897,2023,061315897,1,9,0,18,19,1,6,0,0,0,0,0,0,0,1,1,6,6,1,25,5,1685,2,7,KIA SPORTAGE,3,E01024931,0,-1
2023061273074,2023,061273074,2,9,-1,-1,-1,-1,-1,-1,-1,-1,-1,-1,-1,0,-1,1,5,6,1,69,10,1591,1,2,KIA SPORTAGE,4,E01005853,0,-1
2023320181946,2023,320181946,1,9,0,5,5,1,5,0,0,4,0,0,0,0,1,1,6,6,1,65,9,1591,1,12,KIA SPORTAGE,8,E01026223,0,-1
2023052300795,2023,052300795,1,9,0,18,19,3,7,0,0,8,0,0,0,0,4,1,1,1,1,41,7,1598,8,2,KIA SPORTAGE,1,E01006437,0,-1
2023161368984,2023,161368984,1,9,0,18,19,3,7,0,0,0,0,0,0,0,4,2,2,2,2,41,7,1685,2,8,KIA SPORTAGE,3,E01012774,0,-1
2023471381280,2023,471381280,3,9,0,18,19,4,8,0,0,8,0,0,0,0,2,2,6,6,2,53,8,1975,1,13,KIA SPORTAGE,2,E01016909,0,-1
2023131333250,2023,131333250,2,9,0,-1,-1,-1,-1,-1,-1,8,-1,-1,-1,0,-1,1,6,6,3,-1,-1,1591,1,1,KIA SPORTAGE,-1,-1,0,-1
2023041391824,2023,041391824,1,9,0,11,11,7,3,0,0,2,0,0,1,0,4,1,5,6,2,50,8,1591,1,7,KIA SPORTAGE,7,E01007307,0,-1
2023101263832,2023,101263832,1,9,0,18,19,1,5,9,9,0,0,7,3,0,1,1,5,6,1,20,4,1685,2,5,KIA SPORTAGE,1,E01008166,0,-1
2023041345625,2023,041345625,2,9,0,8,8,3,7,0,0,0,0,0,0,0,2,1,5,6,2,32,6,1995,2,11,KIA SPORTAGE,5,E01025271,0,-1
2023131375525,2023,131375525,2,9,0,2,2,0,0,0,0,0,0,0,0,0,3,1,6,6,3,-1,-1,1591,1,8,KIA SPORTAGE,-1,-1,0,-1
2023461373970,2023,461373970,2,9,0,4,4,1,3,0,0,0,0,0,0,0,3,1,6,6,1,69,10,1598,8,0,KIA SPORTAGE,9,E01016176,0,-1
2023010433644,2023,010433644,1,9,0,4,4,5,1,0,0,0,0,0,0,0,0,1,6,6,1,68,10,1591,1,9,KIA SPORTAGE,-1,-1,0,-1
2023991356572,2023,991356572,1,9,0,7,7,3,6,0,0,8,0,0,0,0,1,1,5,6,1,69,10,1685,2,6,KIA SPORTAGE,2,-1,0,-1
2023010419847,2023,010419847,1,9,0,10,10,3,1,0,0,5,0,0,0,0,1,1,6,6,2,42,7,1591,1,4,KIA SPORTAGE,5,E01000174,0,-1
2023421344633,2023,421344633,2,9,0,3,3,2,6,0,0,0,0,0,0,0,2,1,5,6,1,48,8,1591,1,4,KIA SPORTAGE,7,E01015955,0,-1
2023141265505,2023,141265505,1,9,0,13,13,5,1,0,0,0,0,0,0,0,1,1,5,6,1,71,10,1685,2,9,KIA SPORTAGE,3,E01007510,0,-1
2023411287815,2023,411287815,1,9,0,18,19,6,2,0,0,0,0,0,7,0,3,1,2,2,2,29,6,1591,1,4,KIA SPORTAGE,9,E01023833,0,-1
2023440206742,2023,440206742,2,9,0,4,4,2,6,0,0,0,0,0,0,0,2,1,6,6,1,51,8,1591,1,1,KIA SPORTAGE,4,E01022524,0,-1
2023010436907,2023,010436907,2,9,0,99,99,9,9,99,99,0,9,99,9,99,2,9,6,6,3,36,7,1685,2,12,KIA SPORTAGE,9,E01001103,0,-1
2023351414886,2023,351414886,1,9,0,7,7,2,5,0,0,0,0,10,7,11,1,1,6,6,1,41,7,1995,2,7,KIA SPORTAGE,3,E01018145,0,-1
2023131320434,2023,131320434,1,9,0,-1,-1,-1,-1,-1,-1,-1,-1,-1,-1,-1,-1,1,6,6,3,-1,-1,1685,2,7,KIA SPORTAGE,-1,-1,0,-1
2023332300868,2023,332300868,2,9,0,5,5,2,6,0,0,4,0,0,0,0,3,1,6,6,3,-1,-1,1685,2,11,KIA SPORTAGE,-1,-1,0,-1
2023351360232,2023,351360232,3,9,0,18,19,3,7,0,0,1,0,0,0,0,1,1,6,6,1,36,7,1685,2,5,KIA SPORTAGE,6,E01030087,0,-1
2023552300585,2023,552300585,3,9,0,2,2,0,0,0,0,0,0,0,0,0,2,1,6,6,3,-1,-1,1591,1,3,KIA SPORTAGE,-1,-1,0,-1
2023991336122,2023,991336122,1,9,0,18,19,2,6,0,0,0,0,0,0,0,1,1,6,6,2,29,6,1591,1,4,KIA SPORTAGE,5,-1,0,-1
2023421269983,2023,421269983,1,9,0,18,19,5,1,0,0,0,0,0,1,4,1,1,2,2,2,52,8,1995,2,6,KIA SPORTAGE,-1,-1,0,-1
2023430514182,2023,430514182,3,9,0,18,19,2,6,0,0,0,0,0,1,0,1,1,6,6,2,41,7,1995,2,7,KIA SPORTAGE,10,E01028782,0,-1
2023311296245,2023,311296245,1,9,0,18,19,1,7,0,0,3,2,0,0,0,3,1,5,6,2,76,11,1591,1,6,KIA SPORTAGE,9,E01028360,0,-1
2023061327803,2023,061327803,1,9,-1,-1,-1,-1,-1,-1,-1,0,-1,-1,-1,0,2,1,6,6,2,27,6,1598,1,1,KIA SPORTAGE,8,E01006315,0,-1
2023010453217,2023,010453217,1,9,0,7,7,5,8,0,0,5,0,0,0,0,4,1,6,6,1,57,9,1598,8,0,KIA SPORTAGE,10,E01004190,0,-1
2023430220685,2023,430220685,2,9,0,3,3,6,2,0,0,1,0,0,0,0,2,1,3,7,2,39,7,1995,2,9,KIA SPORTAGE,6,E01033525,0,-1
2023501367068,2023,501367068,2,9,0,3,3,5,1,0,0,0,0,0,0,0,3,1,5,6,1,39,7,1591,1,4,KIA SPORTAGE,7,E01030921,0,-1
2023501277694,2023,501277694,1,9,0,18,19,1,5,0,0,0,1,0,7,9,4,1,2,2,1,58,9,1598,2,4,KIA SPORTAGE,4,E01020293,0,-1
2023461372433,2023,461372433,1,9,0,18,19,6,2,0,0,0,0,0,0,0,1,1,5,6,2,47,8,1995,2,8,KIA SPORTAGE,9,E01032735,0,-1
2023311311515,2023,311311515,1,9,0,18,19,4,8,0,0,0,0,0,0,0,4,1,5,6,1,50,8,1685,2,7,KIA SPORTAGE,2,E01019863,0,-1
2023461321416,2023,461321416,2,9,0,2,2,3,6,0,0,0,0,0,0,0,3,1,5,6,2,28,6,1598,8,2,KIA SPORTAGE,2,E01024664,0,-1
2023010451830,2023,010451830,1,9,0,99,99,9,9,99,99,9,9,99,9,99,2,9,6,6,2,43,7,1598,2,4,KIA SPORTAGE,4,E01002511,0,-1
2023991296813,2023,991296813,2,9,0,18,19,6,2,0,0,1,1,0,4,0,1,1,5,6,2,30,6,1685,2,5,KIA SPORTAGE,5,-1,0,-1
202363C005223,2023,63C005223,1,9,0,18,19,7,3,0,0,0,0,0,0,0,4,1,6,6,2,48,8,1598,8,2,KIA SPORTAGE,4,W01000605,0,-1
2023122300970,2023,122300970,1,9,0,9,9,6,2,0,0,5,0,0,0,0,0,1,6,6,1,67,10,1598,8,0,KIA SPORTAGE,-1,-1,0,-1
202354C351923,2023,54C351923,3,9,0,18,19,6,2,0,0,0,0,0,0,0,3,1,6,6,1,59,9,1598,8,0,KIA SPORTAGE,4,E01022188,0,-1
2023231307420,2023,231307420,2,9,0,9,9,5,3,0,0,1,0,0,0,0,2,1,5,6,1,66,10,1991,2,13,KIA SPORTAGE,5,E01032414,0,-1
2023010441626,2023,010441626,1,9,0,18,19,5,1,0,0,8,0,0,0,0,1,1,6,6,2,60,9,1591,1,2,KIA SPORTAGE,4,E01001041,0,-1
2023631375224,2023,631375224,2,9,0,4,4,3,7,0,0,0,0,0,0,0,2,1,5,6,2,34,6,1685,2,6,KIA SPORTAGE,2,W01000659,0,-1
2023010422390,2023,010422390,3,9,0,18,19,5,1,0,0,0,0,0,0,0,1,1,6,6,2,50,8,1591,1,2,KIA SPORTAGE,7,E01000198,0,-1
2023141337983,2023,141337983,1,9,0,13,13,6,2,2,2,0,0,0,0,0,4,1,1,1,1,38,7,1685,2,6,KIA SPORTAGE,8,E01007671,0,-1
2023141311194,2023,141311194,1,9,0,7,7,6,8,0,0,8,0,0,0,0,1,1,3,7,2,37,7,1685,2,11,KIA SPORTAGE,3,E01008028,0,-1
2023320501927,2023,320501927,2,9,0,9,9,2,8,0,0,5,0,0,0,0,3,1,6,6,2,36,7,1685,2,10,KIA SPORTAGE,7,E01026199,0,-1
2023411331440,2023,411331440,1,9,0,18,19,7,3,0,0,1,0,0,0,0,1,1,6,6,2,37,7,1591,1,5,KIA SPORTAGE,9,E01023430,0,-1
2023440355898,2023,440355898,1,9,0,11,11,1,5,0,0,8,0,0,0,0,1,1,6,6,1,86,11,1995,2,7,KIA SPORTAGE,10,E01022869,0,-1
2023991269148,2023,991269148,1,9,0,9,9,3,1,0,0,1,0,0,0,0,1,1,5,6,1,36,7,1591,1,5,KIA SPORTAGE,8,-1,0,-1
2023052301926,2023,052301926,3,9,0,18,19,7,3,0,0,1,0,0,0,0,3,1,6,6,1,-1,-1,1598,8,3,KIA SPORTAGE,-1,-1,0,-1
2023622300967,2023,622300967,2,9,0,18,19,6,2,0,0,0,0,0,0,0,1,1,6,6,2,55,8,1598,8,2,KIA SPORTAGE,4,W01000927,0,-1
2023340NN2262,2023,340NN2262,2,9,0,18,19,7,3,0,0,0,1,0,0,0,1,1,2,2,3,45,7,1591,1,6,KIA SPORTAGE,9,E01027080,0,-1
2023351375612,2023,351375612,3,9,0,18,19,7,3,0,0,0,0,0,0,0,0,1,2,2,2,25,5,1685,2,6,KIA SPORTAGE,-1,-1,0,-1
2023991359125,2023,991359125,2,9,0,18,19,3,7,0,0,8,0,0,1,0,1,1,6,6,1,51,8,1995,2,7,KIA SPORTAGE,7,-1,0,-1
2023547998023,2023,547998023,3,9,0,18,19,8,4,0,0,0,0,0,0,0,2,1,6,6,1,56,9,1685,2,6,KIA SPORTAGE,10,W01001223,0,-1
2023430463768,2023,430463768,2,9,0,18,19,2,6,0,0,0,0,0,0,0,1,1,6,6,2,32,6,1685,2,9,KIA SPORTAGE,10,E01016526,0,-1
2023052300501,2023,052300501,3,9,0,18,19,5,1,0,0,0,0,0,0,0,2,1,6,6,2,33,6,1591,1,7,KIA SPORTAGE,1,E01006698,0,-1
2023131287275,2023,131287275,3,9,0,2,2,0,0,0,0,0,0,0,0,0,2,1,6,6,3,-1,-1,1685,2,7,KIA SPORTAGE,-1,-1,0,-1
2023541105923,2023,541105923,2,9,0,9,9,8,5,0,0,1,0,0,0,0,3,1,6,6,2,33,6,1591,1,8,KIA SPORTAGE,9,E01031888,0,-1
2023031369588,2023,031369588,1,9,0,15,15,5,1,0,0,1,1,10,1,9,4,1,5,6,2,88,11,1591,1,2,KIA SPORTAGE,7,E01019214,0,-1
2023461295652,2023,461295652,1,9,0,18,19,2,6,0,0,0,0,0,0,0,1,1,6,6,2,31,6,1685,2,12,KIA SPORTAGE,6,E01024094,0,-1
2023340WN0622,2023,340WN0622,2,9,0,18,19,7,3,0,0,8,0,0,0,0,1,1,2,2,2,37,7,1591,1,2,KIA SPORTAGE,7,E01027172,0,-1
2023211320092,2023,211320092,1,9,0,9,9,8,6,0,0,1,0,0,0,0,3,1,5,6,1,35,6,1995,2,6,KIA SPORTAGE,1,E01014229,0,-1