collision_index,collision_year,collision_ref_no,vehicle_reference,vehicle_type,towing_and_articulation,vehicle_manoeuvre_historic,vehicle_manoeuvre,vehicle_direction_from,vehicle_direction_to,vehicle_location_restricted_lane_historic,vehicle_location_restricted_lane,junction_location,skidding_and_overturning,hit_object_in_carriageway,vehicle_leaving_carriageway,hit_object_off_carriageway,first_point_of_impact,vehicle_left_hand_drive,journey_purpose_of_driver_historic,journey_purpose_of_driver,sex_of_driver,age_of_driver,age_band_of_driver,engine_capacity_cc,propulsion_code,age_of_vehicle,generic_make_model,driver_imd_decile,lsoa_of_driver,escooter_flag,driver_distance_banding
2023302300413,2023,302300413,1,9,0,18,19,2,6,0,0,0,5,0,0,0,2,1,6,6,1,71,10,1685,2,6,KIA SPORTAGE,9,E01019684,0,-1
2023141363982,2023,141363982,2,9,0,18,19,8,4,0,0,1,0,0,0,0,1,1,5,6,2,60,9,1591,1,6,KIA SPORTAGE,7,E01007999,0,-1
2023010422644,2023,010422644,2,9,0,99,99,9,9,99,99,9,9,99,9,99,9,9,6,6,3,-1,-1,1591,1,5,KIA SPORTAGE,-1,-1,0,-1
2023421295649,2023,421295649,2,9,0,11,11,5,1,0,0,0,0,0,0,0,4,1,6,6,2,33,6,1591,1,2,KIA SPORTAGE,5,E01015992,0,-1
2023340NN1752,2023,340NN1752,2,9,0,18,19,3,7,0,0,1,0,0,0,0,4,1,6,6,2,70,10,1598,2,4,KIA SPORTAGE,3,E01026984,0,-1
2023622300172,2023,622300172,3,9,0,3,3,2,6,0,0,0,0,0,0,0,2,1,6,6,2,41,7,1685,2,11,KIA SPORTAGE,1,W01001856,0,-1
2023061371591,2023,061371591,2,9,0,-1,-1,-1,-1,0,0,-1,0,0,0,0,3,1,5,6,2,30,6,1685,2,11,KIA SPORTAGE,9,E01019767,0,-1
2023010429531,2023,010429531,2,9,0,99,99,9,9,99,99,9,9,99,9,99,1,9,6,6,3,66,10,1598,2,4,KIA SPORTAGE,2,E01003622,0,-1
2023340WN6812,2023,340WN6812,1,9,0,18,19,1,5,0,0,0,0,0,0,0,1,1,6,6,2,-1,-1,1591,1,6,KIA SPORTAGE,-1,-1,0,-1
2023010444759,2023,010444759,4,9,0,18,19,3,7,0,0,0,0,0,0,0,0,1,1,1,1,36,7,1591,1,10,KIA SPORTAGE,3,E01003719,0,-1
2023351350368,2023,351350368,4,9,0,4,4,2,6,0,0,0,0,0,0,0,2,1,2,2,1,59,9,1591,1,7,KIA SPORTAGE,9,E01017533,0,-1
2023010424661,2023,010424661,1,9,0,99,99,9,9,99,99,9,9,99,9,99,2,9,6,6,2,40,7,1995,2,8,KIA SPORTAGE,6,E01004108,0,-1
2023522400598,2023,522400598,3,9,0,5,5,5,3,0,0,8,0,0,0,0,1,1,6,6,2,39,7,1591,1,6,KIA SPORTAGE,7,E01014763,0,-1
2023122301312,2023,122301312,2,9,0,2,2,0,0,6,6,0,0,0,0,0,0,1,6,6,1,56,9,1591,1,2,KIA SPORTAGE,8,E01033185,0,-1
2023461342793,2023,461342793,2,9,0,4,4,6,2,0,0,0,0,0,0,0,2,1,5,6,1,58,9,1685,2,8,KIA SPORTAGE,9,E01024112,0,-1
2023141297600,2023,141297600,2,9,0,18,19,8,4,0,0,0,0,0,0,0,1,1,6,6,1,76,11,1598,8,3,KIA SPORTAGE,7,E01007692,0,-1
2023052303052,2023,052303052,2,9,0,16,19,5,1,0,0,0,0,0,0,0,4,1,6,6,1,55,8,1685,2,11,KIA SPORTAGE,5,E01007223,0,-1
2023010473421,2023,010473421,1,9,0,18,19,2,6,0,0,0,0,0,0,0,1,1,6,6,1,67,10,1598,2,4,KIA SPORTAGE,9,E01002242,0,-1
2023340NN2592,2023,340NN2592,2,9,0,3,3,1,5,0,0,0,0,0,0,0,2,1,6,6,1,37,7,1591,1,6,KIA SPORTAGE,6,E01027107,0,-1
2023991327165,2023,991327165,1,9,0,18,19,3,7,0,0,0,0,4,0,0,1,1,1,1,1,34,6,1995,2,6,KIA SPORTAGE,-1,-1,0,-1
2023111340891,2023,111340891,2,9,0,16,19,5,1,0,0,1,0,0,0,0,4,1,6,6,1,61,9,1995,2,11,KIA SPORTAGE,5,E01020641,0,-1
2023010446525,2023,010446525,1,9,0,15,15,3,7,0,0,1,0,0,0,0,1,1,6,6,1,45,7,1591,1,5,KIA SPORTAGE,6,E01002129,0,-1
2023461337441,2023,461337441,2,9,0,18,19,-1,-1,0,0,8,0,0,0,0,4,1,5,6,2,66,10,1591,1,3,KIA SPORTAGE,7,E01024554,0,-1
2023010467185,2023,010467185,1,9,0,18,19,7,3,0,0,1,0,0,0,0,1,1,2,2,1,37,7,1591,1,6,KIA SPORTAGE,2,E01004384,0,-1
2023061326006,2023,061326006,2,9,0,9,9,1,7,0,0,1,0,0,0,0,1,1,2,2,2,36,7,1685,2,10,KIA SPORTAGE,1,E01005342,0,-1
2023440108487,2023,440108487,2,9,0,2,2,1,5,0,0,0,0,0,0,0,2,1,6,6,1,33,6,1685,2,9,KIA SPORTAGE,3,E01022908,0,-1
2023421302643,2023,421302643,2,9,0,4,4,2,2,0,0,0,0,0,0,0,2,1,5,6,1,61,9,1598,8,1,KIA SPORTAGE,-1,-1,0,-1
2023231329114,2023,231329114,2,9,0,3,3,3,7,0,0,0,0,0,0,0,2,1,2,2,1,53,8,1591,1,7,KIA SPORTAGE,9,E01031328,0,-1
2023010484791,2023,010484791,2,9,0,99,99,9,9,99,99,9,9,99,9,99,1,9,6,6,2,-1,-1,1995,2,7,KIA SPORTAGE,2,E01004235,0,-1
2023501347342,2023,501347342,1,9,0,9,9,5,3,0,0,8,0,0,0,0,4,1,1,1,2,38,7,1685,2,8,KIA SPORTAGE,4,E01018916,0,-1
2023991287960,2023,991287960,1,9,0,18,19,5,1,0,0,1,0,4,0,0,1,1,6,6,1,38,7,1591,1,4,KIA SPORTAGE,1,-1,0,-1
2023440369889,2023,440369889,2,9,0,18,19,5,1,0,0,0,0,0,0,0,3,1,1,1,1,72,10,1598,8,3,KIA SPORTAGE,7,E01017291,0,-1
2023991323358,2023,991323358,1,9,0,18,19,3,7,0,0,0,2,10,1,9,1,1,5,6,1,50,8,1685,2,12,KIA SPORTAGE,1,-1,0,-1
2023440231411,2023,440231411,2,9,0,3,3,4,8,0,0,1,0,0,0,0,2,1,6,6,1,65,9,1995,8,4,KIA SPORTAGE,-1,-1,0,-1
2023111364584,2023,111364584,1,9,0,18,19,1,5,0,0,4,0,0,0,0,1,1,6,6,2,61,9,1591,1,2,KIA SPORTAGE,10,E01020603,0,-1
2023351283880,2023,351283880,2,9,0,4,4,5,7,0,0,0,0,0,0,0,2,1,5,6,1,46,8,1685,2,6,KIA SPORTAGE,6,E01015636,0,-1
2023440226616,2023,440226616,1,9,0,18,19,2,6,0,0,0,0,0,0,0,1,1,6,6,2,54,8,1591,1,3,KIA SPORTAGE,10,E01023244,0,-1
2023010423501,2023,010423501,1,9,0,99,99,9,9,99,99,9,9,99,9,99,2,9,2,2,1,60,9,1598,8,2,KIA SPORTAGE,5,E01001530,0,-1
2023010451495,2023,010451495,1,8,0,5,5,1,5,0,0,0,0,0,0,0,3,1,3,7,1,42,7,1685,2,5,-1,2,E01002096,0,-1
2023471271620,2023,471271620,1,9,0,4,4,4,8,0,0,0,0,0,0,0,1,1,6,6,1,39,7,1591,1,9,KIA SPORTAGE,6,E01020999,0,-1
2023471368063,2023,471368063,1,9,0,18,19,2,6,0,0,4,0,0,0,0,3,1,6,6,1,75,10,1685,2,6,KIA SPORTAGE,4,E01031435,0,-1
2023501265062,2023,501265062,1,9,0,9,9,5,3,0,0,8,0,0,0,0,1,1,2,2,2,46,8,1598,2,4,KIA SPORTAGE,8,E01015098,0,-1
2023122400193,2023,122400193,1,9,0,18,19,8,4,0,0,0,2,0,8,11,1,1,6,6,1,63,9,1598,8,0,KIA SPORTAGE,2,E01010981,0,-1
2023332300819,2023,332300819,3,9,0,18,19,0,0,0,0,0,0,0,0,0,0,1,6,6,2,48,8,1685,2,12,KIA SPORTAGE,1,E01013851,0,-1
2023361357758,2023,361357758,2,9,0,18,19,5,1,0,0,0,1,0,0,0,4,1,5,6,1,68,10,1591,1,5,KIA SPORTAGE,7,E01023225,0,-1
2023461296472,2023,461296472,2,9,0,18,19,7,3,0,0,0,1,7,4,6,1,1,6,6,1,48,8,1598,8,1,KIA SPORTAGE,7,E01030832,0,-1
2023991364014,2023,991364014,1,9,0,17,19,7,3,0,0,0,0,0,8,11,1,1,5,6,2,61,9,1685,2,7,KIA SPORTAGE,9,-1,0,-1
2023991284586,2023,991284586,2,9,0,4,4,7,4,0,0,0,0,0,1,0,1,1,5,6,1,72,10,1591,1,2,KIA SPORTAGE,2,-1,0,-1
2023201327745,2023,201327745,2,9,0,1,1,2,6,0,0,0,0,0,0,0,3,1,6,6,1,60,9,1685,2,7,KIA SPORTAGE,3,E01010244,0,-1
2023010455054,2023,010455054,1,9,0,9,9,3,1,0,0,5,0,0,0,0,1,1,2,2,2,56,9,1591,1,5,KIA SPORTAGE,2,E01002877,0,-1
2023221322156,2023,221322156,2,9,0,17,19,2,7,0,0,0,0,0,0,0,1,1,5,6,1,65,9,1995,2,10,KIA SPORTAGE,5,E01032212,0,-1
2023201303295,2023,201303295,1,9,0,5,5,1,5,0,0,1,0,0,0,0,1,1,6,6,1,-1,-1,1685,2,6,KIA SPORTAGE,-1,-1,0,-1
2023061356456,2023,061356456,1,9,0,18,19,4,7,0,0,0,0,0,0,0,3,1,5,6,1,52,8,1598,1,0,KIA SPORTAGE,3,E01005478,0,-1
2023461374676,2023,461374676,1,9,0,18,19,3,7,0,0,0,0,0,0,0,3,1,6,6,3,-1,-1,1591,1,4,KIA SPORTAGE,-1,-1,0,-1
2023010432923,2023,010432923,1,9,0,18,19,3,7,0,0,0,0,0,0,0,1,1,6,6,1,19,4,1995,2,6,KIA SPORTAGE,3,E01000111,0,-1
2023522300949,2023,522300949,1,9,0,10,10,7,5,0,0,1,0,0,0,0,2,1,6,6,1,66,10,1598,8,2,KIA SPORTAGE,8,E01015003,0,-1
2023371374819,2023,371374819,2,9,0,18,19,6,3,0,0,0,0,0,0,0,2,1,5,6,2,66,10,1685,2,8,KIA SPORTAGE,6,E01021372,0,-1
2023631339150,2023,631339150,2,9,0,18,19,7,3,0,0,0,0,0,0,0,3,1,5,6,1,40,7,1598,2,4,KIA SPORTAGE,10,E01014090,0,-1
2023211284299,2023,211284299,1,9,0,4,4,2,6,0,0,0,0,0,0,0,2,1,5,6,2,46,8,1591,1,4,KIA SPORTAGE,6,E01029622,0,-1
2023451363140,2023,451363140,2,9,0,18,19,7,3,0,0,0,0,0,0,0,4,1,5,6,1,51,8,1598,2,4,KIA SPORTAGE,6,E01022640,0,-1
2023052302579,2023,052302579,1,9,0,6,6,1,1,0,0,0,0,0,0,0,3,1,6,6,2,52,8,1995,2,6,KIA SPORTAGE,5,E01007223,0,-1
2023991384522,2023,991384522,1,9,0,16,19,1,5,0,0,1,0,0,1,0,1,1,5,6,1,65,9,1685,2,7,KIA SPORTAGE,6,E01020676,0,-1
2023131376041,2023,131376041,1,9,0,16,19,2,6,0,0,0,0,0,0,0,1,1,5,6,1,31,6,1991,2,14,KIA SPORTAGE,5,E01011772,0,-1
2023430250981,2023,430250981,1,9,0,18,19,2,6,0,0,0,1,0,7,4,1,1,6,6,2,65,9,1685,2,12,KIA SPORTAGE,10,E01028763,0,-1
2023320282004,2023,320282004,1,9,0,18,19,8,4,0,0,1,0,0,0,0,1,1,2,2,1,33,6,1591,1,5,KIA SPORTAGE,6,E01026411,0,-1
2023211285463,2023,211285463,1,9,0,9,9,6,4,0,0,3,0,0,0,0,1,1,6,6,1,-1,-1,1598,8,4,KIA SPORTAGE,7,E01014315,0,-1
2023010470171,2023,010470171,2,9,0,1,1,1,5,0,0,0,9,0,0,0,2,9,6,6,3,-1,-1,1591,1,2,KIA SPORTAGE,4,E01033746,0,-1
2023052301361,2023,052301361,3,9,0,4,4,7,3,0,0,0,0,0,0,0,2,1,6,6,1,64,9,1591,1,4,KIA SPORTAGE,2,E01006545,0,-1
2023351334502,2023,351334502,2,9,0,16,19,5,5,0,0,0,1,0,1,0,1,1,6,6,1,62,9,1685,2,5,KIA SPORTAGE,9,E01018038,0,-1
2023170S21843,2023,170S21843,2,9,0,12,12,8,4,0,0,0,0,0,0,0,3,1,6,6,1,-1,-1,1598,8,3,KIA SPORTAGE,-1,-1,0,-1
2023991355621,2023,991355621,3,9,0,18,19,3,7,0,0,0,0,0,0,0,1,1,6,6,2,56,9,1995,2,12,KIA SPORTAGE,4,-1,0,-1
2023361364997,2023,361364997,1,9,0,18,19,2,6,0,0,1,0,0,0,0,4,1,5,6,2,66,10,1995,2,6,KIA SPORTAGE,9,E01021527,0,-1
2023461335679,2023,461335679,1,9,0,5,5,7,3,0,0,0,0,0,0,0,0,1,6,6,1,19,4,1598,8,2,KIA SPORTAGE,6,E01024034,0,-1
2023010434283,2023,010434283,2,9,0,99,99,9,9,99,99,9,9,99,9,99,1,9,6,6,3,53,8,1685,2,6,KIA SPORTAGE,2,E01000724,0,-1
2023010444818,2023,010444818,1,9,0,7,7,5,7,0,0,3,0,0,0,0,4,1,2,2,2,53,8,1598,8,1,KIA SPORTAGE,1,E01001559,0,-1
2023141280256,2023,141280256,1,9,0,18,19,8,4,0,0,8,0,0,0,0,4,1,2,2,1,50,8,1991,2,13,KIA SPORTAGE,1,E01008015,0,-1
2023111285108,2023,111285108,1,9,0,14,14,3,7,0,0,0,0,0,0,0,1,1,6,6,1,27,6,1685,2,5,KIA SPORTAGE,5,E01020604,0,-1
2023440508098,2023,440508098,1,9,0,3,3,3,7,0,0,0,0,0,0,0,2,1,6,6,1,61,9,1598,8,0,KIA SPORTAGE,10,E01022873,0,-1
2023991269205,2023,991269205,1,9,0,16,19,1,5,0,0,0,0,0,1,0,1,1,6,6,2,53,8,1598,1,1,KIA SPORTAGE,8,-1,0,-1
2023991356652,2023,991356652,2,9,0,18,19,7,3,0,0,8,0,0,0,0,2,1,5,6,1,55,8,1591,1,3,KIA SPORTAGE,8,-1,0,-1
2023461284346,2023,461284346,2,9,0,18,19,3,7,0,0,8,0,0,0,0,1,1,6,6,1,58,9,1685,2,7,KIA SPORTAGE,3,E01024222,0,-1
2023361314606,2023,361314606,1,9,0,5,5,8,5,0,0,2,0,0,0,0,4,1,5,6,2,49,8,1685,2,11,KIA SPORTAGE,1,E01030250,0,-1
2023451345970,2023,451345970,2,9,0,4,4,4,8,0,0,0,0,0,0,0,2,1,5,6,1,80,11,1598,2,4,KIA SPORTAGE,10,E01028464,0,-1
2023631380610,2023,631380610,1,9,0,18,19,3,7,0,0,0,0,12,7,0,1,1,5,6,1,76,11,1591,1,7,KIA SPORTAGE,7,W01000553,0,-1
2023010481695,2023,010481695,1,9,0,5,5,3,7,0,0,1,0,0,0,0,1,1,6,6,1,56,9,1998,1,10,KIA SPORTAGE,5,E01003173,0,-1
2023461290927,2023,461290927,2,9,0,18,19,5,1,0,0,0,0,0,0,0,4,1,6,6,1,34,6,1995,2,10,KIA SPORTAGE,8,E01024085,0,-1
2023131384512,2023,131384512,1,9,0,18,19,1,5,0,0,1,0,0,0,0,1,1,6,6,2,48,8,1995,2,8,KIA SPORTAGE,2,E01011814,0,-1
2023440365952,2023,440365952,2,9,0,18,19,7,3,0,0,1,0,0,0,0,1,1,6,6,1,-1,-1,1598,8,2,KIA SPORTAGE,8,E01019970,0,-1
2023052300587,2023,052300587,3,9,0,18,19,1,5,0,0,6,0,0,0,0,1,1,1,1,1,-1,-1,1598,8,3,KIA SPORTAGE,-1,-1,0,-1
2023201411750,2023,201411750,1,9,0,2,2,0,0,4,4,0,0,0,0,0,0,1,6,6,1,44,7,1685,2,10,KIA SPORTAGE,2,E01010025,0,-1
2023461321611,2023,461321611,2,9,0,2,2,0,0,0,0,8,0,0,0,0,1,1,6,6,1,35,6,1685,2,8,KIA SPORTAGE,7,E01024064,0,-1
2023451281970,2023,451281970,1,9,0,18,19,5,1,0,0,0,0,0,0,0,1,1,5,6,2,63,9,1591,1,3,KIA SPORTAGE,8,E01030595,0,-1
2023302301806,2023,302301806,1,9,0,18,19,5,1,0,0,0,0,0,0,0,1,1,6,6,2,41,7,1995,2,7,KIA SPORTAGE,7,E01013489,0,-1
2023311316753,2023,311316753,1,9,0,5,5,3,8,0,0,1,0,0,0,0,1,1,5,6,1,54,8,1995,2,8,KIA SPORTAGE,-1,-1,0,-1
2023351383793,2023,351383793,1,9,0,18,19,1,5,0,0,1,0,0,0,0,3,1,6,6,1,68,10,1995,2,7,KIA SPORTAGE,8,E01018228,0,-1
2023991332506,2023,991332506,1,9,0,18,19,8,4,0,0,0,1,0,0,0,1,1,5,6,2,43,7,1685,2,8,KIA SPORTAGE,1,-1,0,-1
2023991342903,2023,991342903,3,9,0,3,3,8,4,0,0,2,0,0,0,0,2,1,1,1,2,39,7,1598,8,0,KIA SPORTAGE,9,-1,0,-1
2023522400737,2023,522400737,2,9,0,18,19,2,6,0,0,0,0,0,0,0,1,1,6,6,1,-1,-1,1995,2,8,KIA SPORTAGE,-1,-1,0,-1
2023010456958,2023,010456958,2,9,0,99,99,9,9,99,99,9,9,99,9,99,9,9,6,6,3,73,10,1995,2,8,KIA SPORTAGE,8,E01002274,0,-1
2023552301329,2023,552301329,1,9,0,18,19,6,2,0,0,1,0,0,0,0,1,1,6,6,2,75,10,1591,1,7,KIA SPORTAGE,-1,-1,0,-1
2023010474059,2023,010474059,2,9,0,99,99,9,9,99,99,0,9,99,9,99,2,9,6,6,3,-1,-1,1591,1,6,KIA SPORTAGE,-1,-1,0,-1
2023371279715,2023,371279715,2,9,0,17,19,2,6,0,0,0,0,0,0,0,1,1,6,6,2,55,8,1685,2,9,KIA SPORTAGE,6,E01030097,0,-1
2023461296601,2023,461296601,2,9,0,18,19,3,7,0,0,1,0,0,0,0,2,1,6,6,2,49,8,1591,1,6,KIA SPORTAGE,5,E01024383,0,-1
2023041330624,2023,041330624,1,9,0,9,9,7,5,0,0,0,0,0,0,0,1,1,6,6,2,37,7,1685,2,7,KIA SPORTAGE,2,E01025521,0,-1
2023010447237,2023,010447237,1,9,0,7,7,3,6,0,0,1,0,0,0,0,0,1,2,2,1,29,6,1685,2,6,KIA SPORTAGE,4,E01003412,0,-1
2023201378750,2023,201378750,1,9,0,18,19,2,6,0,0,1,0,0,0,0,1,1,6,6,2,42,7,1591,1,5,KIA SPORTAGE,2,E01010449,0,-1
2023061294263,2023,061294263,3,9,0,18,19,1,1,0,0,0,0,0,0,0,2,1,6,6,3,36,7,1598,8,2,KIA SPORTAGE,5,E01024928,0,-1
2023201317935,2023,201317935,2,9,0,3,3,6,2,0,0,0,0,0,0,0,2,1,6,6,1,43,7,1991,2,14,KIA SPORTAGE,5,E01010348,0,-1
2023991287207,2023,991287207,2,9,0,3,3,8,5,0,0,4,0,0,0,0,2,1,1,1,1,36,7,1598,2,3,KIA SPORTAGE,-1,-1,0,-1
2023351283536,2023,351283536,1,9,0,9,9,6,4,0,0,6,0,0,7,0,1,1,5,6,1,37,7,1591,1,4,KIA SPORTAGE,10,E01018155,0,-1
2023010460724,2023,010460724,1,9,0,1,1,5,1,0,0,0,0,0,0,0,2,1,6,6,2,41,7,1591,1,10,KIA SPORTAGE,5,E01004165,0,-1
2023311314802,2023,311314802,1,9,0,18,19,5,1,0,0,8,0,4,3,1,1,1,5,6,2,58,9,1685,2,6,KIA SPORTAGE,7,E01028005,0,-1
2023531304321,2023,531304321,2,9,0,9,9,3,1,0,0,0,0,0,0,0,2,1,5,6,2,44,7,1591,1,8,KIA SPORTAGE,5,E01014062,0,-1
2023991391869,2023,991391869,2,9,0,18,19,3,7,0,0,0,0,0,0,0,2,1,5,6,2,53,8,1685,2,8,KIA SPORTAGE,6,-1,0,-1
2023010460762,2023,010460762,2,9,0,18,19,1,5,0,0,0,0,0,0,0,1,1,2,2,1,22,5,1995,2,9,KIA SPORTAGE,1,E01002093,0,-1
2023520400516,2023,520400516,2,9,3,13,13,7,3,0,0,0,0,0,0,0,4,1,6,6,3,-1,-1,1995,2,6,KIA SPORTAGE,-1,-1,0,-1
2023401394705,2023,401394705,2,9,0,9,9,1,5,0,0,0,0,0,0,0,4,1,5,6,1,73,10,1685,2,7,KIA SPORTAGE,9,E01017422,0,-1
2023351323234,2023,351323234,1,9,0,13,13,8,6,0,0,1,0,10,1,9,4,1,5,6,1,17,4,1598,1,0,KIA SPORTAGE,5,E01018163,0,-1
2023991320294,2023,991320294,2,9,0,8,8,4,7,0,0,8,0,0,0,0,2,1,5,6,1,86,11,1591,1,3,KIA SPORTAGE,5,-1,0,-1
2023401309984,2023,401309984,3,9,0,5,5,7,3,0,0,1,0,0,0,0,2,1,2,2,2,34,6,1591,1,5,KIA SPORTAGE,7,E01017437,0,-1
2023371328866,2023,371328866,2,9,0,18,19,6,2,0,0,0,0,0,0,0,-1,1,6,6,1,33,6,1685,2,9,KIA SPORTAGE,5,E01029976,0,-1
2023131380430,2023,131380430,2,9,0,5,5,7,7,0,0,1,0,0,0,0,4,1,2,2,1,19,4,1995,2,8,KIA SPORTAGE,2,E01032492,0,-1
2023461286057,2023,461286057,2,9,0,2,2,0,0,0,0,0,0,0,0,0,1,1,6,6,1,61,9,1598,2,4,KIA SPORTAGE,7,E01024417,0,-1
2023430249790,2023,430249790,1,9,0,9,9,5,3,0,0,6,0,0,0,0,1,1,6,6,1,78,11,1598,8,1,KIA SPORTAGE,8,E01017683,0,-1
2023401368596,2023,401368596,1,9,0,18,19,1,5,0,0,8,0,0,0,0,1,1,6,6,2,33,6,1598,8,0,KIA SPORTAGE,4,E01017473,0,-1
2023542178323,2023,542178323,1,9,0,9,9,5,3,0,0,8,0,0,0,0,0,1,6,6,2,60,9,1685,2,6,KIA SPORTAGE,4,E01015492,0,-1
2023340WN3752,2023,340WN3752,2,9,0,4,4,6,2,0,0,2,0,0,0,0,2,1,3,7,2,42,7,1591,1,4,KIA SPORTAGE,-1,-1,0,-1
2023041306986,2023,041306986,3,9,0,2,2,1,1,0,0,1,0,0,0,0,2,1,5,6,1,62,9,1598,8,2,KIA SPORTAGE,7,E01025251,0,-1
2023201374754,2023,201374754,1,9,0,9,9,6,4,0,0,5,0,0,0,0,1,1,6,6,3,-1,-1,1591,1,2,KIA SPORTAGE,-1,-1,0,-1
2023052302116,2023,052302116,3,9,0,18,19,4,8,0,0,1,0,0,0,0,2,1,6,6,1,62,9,1591,1,9,KIA SPORTAGE,2,E01012379,0,-1
2023122301171,2023,122301171,2,9,0,13,13,4,8,0,0,0,0,0,7,0,3,1,6,6,2,62,9,1598,8,2,KIA SPORTAGE,6,E01027758,0,-1
2023991348482,2023,991348482,1,9,0,5,5,6,3,0,0,2,0,0,0,0,1,1,5,6,2,30,6,1598,8,2,KIA SPORTAGE,8,-1,0,-1
2023440069278,2023,440069278,1,9,0,10,10,2,7,0,0,5,0,0,0,0,2,1,6,6,2,32,6,1591,1,5,KIA SPORTAGE,10,E01022518,0,-1
2023141346996,2023,141346996,1,9,0,7,7,5,7,0,0,8,0,0,0,0,1,1,5,6,2,47,8,1685,2,7,KIA SPORTAGE,1,E01007370,0,-1
2023161262164,2023,161262164,2,9,0,18,19,6,2,0,0,0,0,0,0,0,1,1,6,6,2,29,6,1591,1,5,KIA SPORTAGE,3,E01012817,0,-1
2023010424730,2023,010424730,1,9,0,3,3,3,7,0,0,8,0,0,0,0,2,2,1,1,1,61,9,1598,1,1,KIA SPORTAGE,3,E01016005,0,-1
2023010445458,2023,010445458,1,9,0,18,19,7,3,0,0,1,0,0,0,0,1,1,6,6,2,48,8,1591,1,2,KIA SPORTAGE,8,E01004293,0,-1
2023010462725,2023,010462725,1,9,0,2,2,0,0,0,0,0,0,0,0,0,3,1,6,6,3,-1,-1,1591,1,1,KIA SPORTAGE,-1,-1,0,-1
2023161368261,2023,161368261,3,9,0,4,4,6,2,0,0,0,0,0,0,0,1,1,6,6,2,40,7,1598,2,4,KIA SPORTAGE,4,E01011804,0,-1
2023041280245,2023,041280245,4,9,0,2,2,1,5,0,0,1,0,0,0,0,2,1,6,6,3,-1,-1,1591,1,2,KIA SPORTAGE,-1,-1,0,-1
2023471328311,2023,471328311,1,9,0,13,13,7,3,0,0,0,0,0,0,0,4,1,3,7,2,30,6,1685,2,8,KIA SPORTAGE,5,E01031826,0,-1
2023332300033,2023,332300033,2,9,0,18,19,6,2,0,0,0,0,0,0,0,1,1,6,6,1,57,9,1598,2,1,KIA SPORTAGE,6,E01025824,0,-1
2023461308661,2023,461308661,1,9,-1,-1,-1,-1,-1,-1,-1,0,-1,-1,-1,0,2,1,6,6,2,41,7,1598,8,0,KIA SPORTAGE,4,E01024293,0,-1
2023520400347,2023,520400347,1,9,0,18,19,3,7,0,0,8,0,0,0,0,1,1,6,6,1,57,9,1598,2,0,KIA SPORTAGE,5,E01020256,0,-1
2023052300532,2023,052300532,2,9,0,18,19,6,2,0,0,8,0,0,0,0,0,1,1,1,1,-1,-1,1598,8,2,KIA SPORTAGE,-1,-1,0,-1
2023401332085,2023,401332085,4,9,0,2,2,3,3,0,0,0,0,0,0,0,4,1,6,6,3,-1,-1,1685,2,5,KIA SPORTAGE,-1,-1,0,-1
2023991364392,2023,991364392,1,9,0,18,19,7,1,0,0,4,0,0,0,0,1,1,6,6,1,67,10,1598,8,0,KIA SPORTAGE,7,-1,0,-1
2023371347828,2023,371347828,2,9,-1,4,4,3,7,0,0,0,1,0,0,0,2,1,5,6,2,34,6,1591,1,6,KIA SPORTAGE,1,E01030291,0,-1
2023201325617,2023,201325617,2,9,0,7,7,1,4,0,0,1,0,4,0,0,1,1,6,6,2,29,6,1685,2,6,KIA SPORTAGE,6,E01010233,0,-1
2023320392589,2023,320392589,2,9,0,18,19,6,2,0,0,8,0,0,0,0,1,1,6,6,1,31,6,1591,1,4,KIA SPORTAGE,-1,-1,0,-1
2023440248405,2023,440248405,1,9,0,18,19,8,4,0,0,0,0,0,0,0,3,1,6,6,2,32,6,1685,2,6,KIA SPORTAGE,5,E01015427,0,-1
2023531287226,2023,531287226,2,9,0,18,19,3,7,0,0,8,0,0,0,0,1,1,5,6,2,73,10,1591,1,4,KIA SPORTAGE,5,E01022420,0,-1
2023141285706,2023,141285706,1,9,0,18,19,0,0,0,0,2,0,0,7,10,1,1,5,6,1,53,8,1598,1,1,KIA SPORTAGE,2,E01007881,0,-1
2023131303910,2023,131303910,1,9,0,-1,-1,-1,-1,-1,-1,-1,-1,-1,-1,-1,1,1,6,6,3,-1,-1,1991,2,17,KIA SPORTAGE,-1,-1,0,-1
2023461369502,2023,461369502,1,9,0,5,5,6,2,0,0,1,0,0,0,0,1,1,6,6,2,-1,-1,1685,2,7,KIA SPORTAGE,5,E01024673,0,-1
2023421311757,2023,421311757,1,9,0,18,19,7,3,0,0,1,0,0,0,0,1,1,5,6,2,82,11,1591,1,3,KIA SPORTAGE,7,E01022097,0,-1
2023340NN3912,2023,340NN3912,1,9,0,9,9,8,6,0,0,6,0,0,0,0,1,1,6,6,2,54,8,1591,1,3,KIA SPORTAGE,5,E01027091,0,-1
2023010466535,2023,010466535,2,9,0,18,19,3,7,0,0,1,0,0,0,0,1,1,6,6,1,57,9,1591,1,6,KIA SPORTAGE,4,E01001835,0,-1
2023131315191,2023,131315191,1,9,0,18,19,5,1,0,0,5,0,0,0,0,3,1,2,2,2,42,7,1591,1,1,KIA SPORTAGE,9,E01011146,0,-1
2023991346186,2023,991346186,1,9,0,3,3,4,8,0,0,0,0,0,0,0,2,1,5,6,2,35,6,1685,2,9,KIA SPORTAGE,-1,-1,0,-1
2023991262676,2023,991262676,2,9,0,17,19,5,1,0,0,0,0,0,0,0,1,1,2,2,1,58,9,1591,1,10,KIA SPORTAGE,3,-1,0,-1