collision_index,collision_year,collision_ref_no,vehicle_reference,vehicle_type,towing_and_articulation,vehicle_manoeuvre_historic,vehicle_manoeuvre,vehicle_direction_from,vehicle_direction_to,vehicle_location_restricted_lane_historic,vehicle_location_restricted_lane,junction_location,skidding_and_overturning,hit_object_in_carriageway,vehicle_leaving_carriageway,hit_object_off_carriageway,first_point_of_impact,vehicle_left_hand_drive,journey_purpose_of_driver_historic,journey_purpose_of_driver,sex_of_driver,age_of_driver,age_band_of_driver,engine_capacity_cc,propulsion_code,age_of_vehicle,generic_make_model,driver_imd_decile,lsoa_of_driver,escooter_flag,driver_distance_banding
2023010438627,2023,010438627,1,9,0,99,99,9,9,99,99,9,9,99,9,99,9,9,6,6,2,37,7,1598,8,1,KIA SPORTAGE,1,E01000661,0,-1
2023631328355,2023,631328355,1,9,0,17,19,4,1,0,0,0,0,0,0,0,1,1,1,1,2,44,7,1591,1,7,KIA SPORTAGE,8,W01000694,0,-1
2023371284864,2023,371284864,1,9,0,4,4,6,2,0,0,1,0,0,0,0,1,1,5,6,2,24,5,1591,1,10,KIA SPORTAGE,6,E01032525,0,-1
2023340NN1722,2023,340NN1722,2,9,0,7,7,3,5,0,0,8,0,0,0,0,3,1,3,7,2,40,7,1685,2,11,KIA SPORTAGE,-1,-1,0,-1
2023141291001,2023,141291001,2,9,0,13,13,5,1,0,0,1,0,0,0,0,1,1,5,6,2,40,7,1591,1,4,KIA SPORTAGE,3,E01007772,0,-1
2023340WN6832,2023,340WN6832,2,9,0,18,19,5,1,0,0,0,0,0,0,0,1,1,2,2,1,54,8,1598,8,0,KIA SPORTAGE,-1,-1,0,-1
2023122400032,2023,122400032,2,9,0,10,10,6,1,0,0,1,0,0,0,0,3,1,6,6,1,73,10,1685,2,7,KIA SPORTAGE,8,E01027859,0,-1
2023010477974,2023,010477974,2,9,0,99,99,9,9,99,99,9,9,99,9,99,9,9,6,6,3,-1,-1,1685,2,6,KIA SPORTAGE,-1,-1,0,-1
2023552301481,2023,552301481,1,9,0,9,9,6,4,0,0,6,0,0,0,0,1,1,6,6,1,74,10,1995,2,11,KIA SPORTAGE,10,E01015455,0,-1
2023991285627,2023,991285627,1,9,0,18,19,7,3,0,0,2,0,0,0,0,1,1,5,6,2,48,8,1685,2,6,KIA SPORTAGE,9,-1,0,-1
2023451287095,2023,451287095,2,9,0,4,4,7,3,0,0,0,0,0,0,0,2,1,2,2,1,51,8,1598,8,1,KIA SPORTAGE,8,E01030538,0,-1
2023430459009,2023,430459009,1,9,0,18,19,8,4,0,0,0,0,0,0,0,1,1,6,6,2,51,8,1598,2,4,KIA SPORTAGE,10,E01016183,0,-1
2023440026920,2023,440026920,1,9,0,5,5,6,2,0,0,0,0,0,0,0,1,1,6,6,1,57,9,1598,8,1,KIA SPORTAGE,1,E01022917,0,-1
2023411308723,2023,411308723,1,9,0,18,19,4,8,0,0,0,0,0,0,0,3,1,3,7,2,37,7,1591,1,11,KIA SPORTAGE,4,E01023828,0,-1
2023430436019,2023,430436019,1,9,0,18,19,5,1,0,0,0,0,0,0,0,4,1,3,7,2,42,7,1598,1,0,KIA SPORTAGE,2,E01016443,0,-1
2023461344130,2023,461344130,3,9,0,2,2,0,0,0,0,0,0,0,0,0,0,1,6,6,3,-1,-1,1591,1,4,KIA SPORTAGE,-1,-1,0,-1
2023520301766,2023,520301766,3,9,0,3,3,1,5,0,0,0,0,0,0,0,2,1,6,6,2,44,7,1598,1,1,KIA SPORTAGE,7,E01029063,0,-1
2023231288991,2023,231288991,1,9,0,18,19,6,2,0,0,8,0,0,0,0,1,1,6,6,2,52,8,1685,2,10,KIA SPORTAGE,7,E01031324,0,-1
2023451264398,2023,451264398,2,9,0,18,19,6,2,0,0,0,1,0,0,0,1,1,1,1,2,55,8,1591,1,2,KIA SPORTAGE,5,E01030481,0,-1
2023131383510,2023,131383510,1,9,0,18,19,1,5,0,0,8,0,0,0,0,1,1,6,6,3,-1,-1,1591,1,6,KIA SPORTAGE,-1,-1,0,-1
2023010458505,2023,010458505,6,9,0,18,19,5,1,0,0,1,0,0,0,0,2,1,1,1,2,28,6,1591,1,5,KIA SPORTAGE,5,E01016156,0,-1
2023991314277,2023,991314277,2,9,0,18,19,1,5,0,0,0,0,0,0,0,2,1,5,6,1,58,9,1995,2,11,KIA SPORTAGE,-1,-1,0,-1
2023161390777,2023,161390777,1,9,0,18,19,2,6,0,0,0,0,0,0,0,1,1,1,1,2,56,9,1685,2,6,KIA SPORTAGE,10,E01013375,0,-1
2023010483712,2023,010483712,2,9,0,99,99,9,9,99,99,9,9,99,9,99,9,9,6,6,3,-1,-1,1598,8,0,KIA SPORTAGE,-1,-1,0,-1
2023161323151,2023,161323151,1,9,0,18,19,7,3,0,0,0,5,0,0,0,1,1,5,6,2,28,6,1995,2,9,KIA SPORTAGE,5,E01013287,0,-1
2023010485116,2023,010485116,2,9,0,99,99,9,9,99,99,9,9,99,9,99,1,9,6,6,3,-1,-1,1598,8,1,KIA SPORTAGE,2,E01003338,0,-1
2023471310272,2023,471310272,1,9,0,18,19,4,1,0,0,1,0,4,0,0,1,1,5,6,2,80,11,1598,2,4,KIA SPORTAGE,7,E01021007,0,-1
2023161273387,2023,161273387,1,9,0,9,9,-1,-1,0,0,8,0,0,0,0,1,1,5,6,1,38,7,1591,1,4,KIA SPORTAGE,3,E01012784,0,-1
2023461341805,2023,461341805,1,9,0,9,9,5,1,0,0,0,0,0,0,0,1,1,6,6,2,54,8,1598,1,0,KIA SPORTAGE,5,E01024485,0,-1
2023201379284,2023,201379284,2,9,0,3,3,5,1,0,0,0,0,0,0,0,2,1,5,6,1,52,8,1598,8,0,KIA SPORTAGE,2,E01033630,0,-1
2023052300891,2023,052300891,1,9,0,6,6,7,7,0,0,0,0,0,0,0,2,1,2,2,2,19,4,1598,1,1,KIA SPORTAGE,1,E01006706,0,-1
2023471318738,2023,471318738,2,9,0,2,2,0,0,0,0,0,0,0,0,0,3,1,6,6,3,-1,-1,1685,2,9,KIA SPORTAGE,-1,-1,0,-1
2023010476947,2023,010476947,2,9,0,99,99,9,9,99,99,9,9,99,9,99,9,9,6,6,3,45,7,1591,1,4,KIA SPORTAGE,1,E01001978,0,-1
2023531357150,2023,531357150,2,9,0,17,19,2,8,0,0,8,0,0,0,0,1,1,5,6,2,40,7,1685,2,13,KIA SPORTAGE,4,E01022250,0,-1
2023061315728,2023,061315728,2,9,0,1,1,-1,-1,-1,-1,-1,0,0,0,0,2,1,3,7,2,31,6,1685,2,6,KIA SPORTAGE,9,E01006348,0,-1
2023070923676,2023,070923676,2,9,0,2,2,3,7,0,0,0,0,0,0,0,4,1,6,6,2,39,7,1685,2,5,KIA SPORTAGE,6,E01029563,0,-1
2023221356077,2023,221356077,1,9,0,18,19,7,3,0,0,4,0,0,0,0,1,1,6,6,2,57,9,1591,1,5,KIA SPORTAGE,9,E01032261,0,-1
2023461308293,2023,461308293,2,9,-1,-1,-1,-1,-1,-1,-1,0,-1,-1,-1,0,-1,1,6,6,2,45,7,1685,2,8,KIA SPORTAGE,2,E01024616,0,-1
2023311294548,2023,311294548,1,9,0,18,19,4,8,0,0,0,0,0,0,0,2,1,5,6,1,35,6,1591,1,7,KIA SPORTAGE,1,E01011467,0,-1
2023131299624,2023,131299624,1,9,0,5,5,5,1,0,0,8,0,0,0,0,3,1,6,6,2,49,8,1995,2,9,KIA SPORTAGE,1,E01010996,0,-1
2023052303073,2023,052303073,2,9,0,4,4,1,5,0,0,1,0,0,0,0,2,1,6,6,1,62,9,1685,2,9,KIA SPORTAGE,1,E01033765,0,-1
2023221393790,2023,221393790,2,9,0,2,2,0,0,0,0,1,0,0,0,0,2,1,6,6,2,44,7,1685,2,6,KIA SPORTAGE,5,E01032430,0,-1
2023371374362,2023,371374362,3,9,0,18,19,2,6,0,0,0,0,0,0,0,1,1,5,6,2,41,7,1685,2,7,KIA SPORTAGE,8,E01029957,0,-1
2023101364374,2023,101364374,1,9,0,18,19,7,3,0,0,0,0,0,0,0,3,1,5,6,2,76,11,1685,2,7,KIA SPORTAGE,9,E01027405,0,-1
2023010461374,2023,010461374,1,9,0,10,10,5,2,0,0,1,0,0,0,0,2,1,6,6,1,73,10,1598,8,2,KIA SPORTAGE,2,E01001283,0,-1
2023471360464,2023,471360464,1,9,0,18,19,8,4,0,0,0,0,0,0,0,-1,1,6,6,1,43,7,1591,1,4,KIA SPORTAGE,1,E01016865,0,-1
2023010483827,2023,010483827,1,9,0,99,99,9,9,99,99,9,9,99,9,99,9,1,6,6,1,47,8,1598,8,0,KIA SPORTAGE,-1,-1,0,-1
2023351324477,2023,351324477,1,9,0,18,19,3,7,0,0,0,0,0,0,0,1,1,2,2,2,28,6,1591,1,6,KIA SPORTAGE,5,E01018163,0,-1
2023991387258,2023,991387258,1,9,0,9,9,4,2,5,5,6,0,0,1,0,1,1,6,6,1,52,8,1598,1,0,KIA SPORTAGE,1,-1,0,-1
2023991383512,2023,991383512,2,9,0,18,19,6,2,0,0,1,0,0,0,0,1,1,5,6,2,38,7,1598,8,0,KIA SPORTAGE,5,-1,0,-1
2023421328160,2023,421328160,2,9,0,7,7,5,7,0,0,2,0,0,0,0,3,1,2,2,2,42,7,1685,2,6,KIA SPORTAGE,4,E01021392,0,-1
2023501372484,2023,501372484,2,9,0,3,3,4,8,0,0,0,0,0,0,0,2,1,2,2,2,47,8,1685,2,7,KIA SPORTAGE,3,E01019070,0,-1
2023430361460,2023,430361460,1,9,0,18,19,5,1,0,0,0,0,0,0,0,4,1,6,6,1,46,8,1598,8,3,KIA SPORTAGE,3,E01016486,0,-1
2023010456967,2023,010456967,2,9,0,99,99,9,9,99,99,9,9,99,9,99,1,9,6,6,3,-1,-1,1598,8,0,KIA SPORTAGE,-1,-1,0,-1
2023451304132,2023,451304132,3,9,0,18,19,5,1,0,0,1,0,0,0,0,1,1,6,6,1,45,7,1591,1,4,KIA SPORTAGE,10,E01030798,0,-1
2023010472344,2023,010472344,1,9,0,10,10,5,3,0,0,1,0,0,7,0,3,1,6,6,1,56,9,1975,1,15,KIA SPORTAGE,3,E01003916,0,-1
2023340NN3382,2023,340NN3382,2,9,0,3,3,2,6,0,0,0,0,0,1,4,2,1,6,6,2,34,6,1685,2,7,KIA SPORTAGE,10,E01027086,0,-1
2023010480834,2023,010480834,1,8,9,99,99,9,9,99,99,9,9,99,9,99,9,9,6,6,3,-1,-1,1685,2,5,-1,-1,-1,0,-1
2023361358894,2023,361358894,1,9,0,1,1,3,7,0,0,0,0,0,0,0,0,1,6,6,1,74,10,1991,2,15,KIA SPORTAGE,4,E01026640,0,-1
2023010419551,2023,010419551,3,9,0,2,2,0,0,0,0,0,0,0,0,0,2,1,6,6,3,-1,-1,1991,2,18,KIA SPORTAGE,-1,-1,0,-1
2023622300097,2023,622300097,1,9,0,18,19,4,8,0,0,0,0,0,0,0,1,1,6,6,1,81,11,1591,1,2,KIA SPORTAGE,2,W01000834,0,-1
202360A077155,2023,60A077155,2,9,0,10,10,4,8,0,0,5,0,0,0,0,2,1,6,6,1,86,11,1685,2,5,KIA SPORTAGE,-1,-1,0,-1
2023461390640,2023,461390640,2,9,0,18,19,3,3,0,0,2,1,0,3,0,4,1,5,6,2,33,6,1598,2,4,KIA SPORTAGE,4,E01016048,0,-1
2023201277186,2023,201277186,2,9,0,18,19,8,4,0,0,0,0,0,0,0,1,1,6,6,1,-1,-1,1598,1,1,KIA SPORTAGE,5,E01009185,0,-1
2023552300284,2023,552300284,1,9,0,18,19,3,7,0,0,0,0,4,0,0,4,1,6,6,1,62,9,1995,2,11,KIA SPORTAGE,4,E01015321,0,-1
2023351390629,2023,351390629,2,9,0,18,19,3,7,0,0,8,0,0,0,0,1,1,2,2,1,40,7,1598,2,5,KIA SPORTAGE,6,E01026545,0,-1
2023201373825,2023,201373825,1,9,0,3,3,5,1,0,0,0,0,0,0,0,2,1,5,6,1,53,8,1598,8,1,KIA SPORTAGE,6,E01032244,0,-1
2023461377421,2023,461377421,2,9,0,18,19,1,5,0,0,1,0,0,0,0,3,1,6,6,2,35,6,1685,2,8,KIA SPORTAGE,1,E01024308,0,-1
2023552301313,2023,552301313,1,9,0,18,19,8,4,0,0,0,0,0,7,0,0,1,6,6,1,60,9,1995,2,10,KIA SPORTAGE,9,E01002935,0,-1
2023522401568,2023,522401568,1,9,0,9,9,7,5,0,0,5,0,0,0,0,1,1,6,6,1,36,7,1685,2,7,KIA SPORTAGE,10,E01015021,0,-1
2023440088748,2023,440088748,2,9,0,18,19,6,2,0,0,8,0,0,0,0,3,1,6,6,1,37,7,1598,8,1,KIA SPORTAGE,6,E01023199,0,-1
2023010435313,2023,010435313,1,9,0,99,99,9,9,99,99,0,9,99,9,99,1,9,6,6,2,44,7,1998,1,12,KIA SPORTAGE,2,E01000021,0,-1
2023161345003,2023,161345003,1,9,0,5,5,2,6,0,0,0,0,0,0,0,3,1,6,6,2,-1,-1,1598,8,0,KIA SPORTAGE,10,E01013093,0,-1
2023161317377,2023,161317377,1,9,0,18,19,3,7,0,0,0,0,0,0,0,4,1,6,6,1,59,9,1995,2,6,KIA SPORTAGE,10,E01014381,0,-1
2023471307701,2023,471307701,1,9,0,9,9,2,6,0,0,6,0,0,0,0,1,1,5,6,2,69,10,1598,1,0,KIA SPORTAGE,3,E01017091,0,-1
2023211419614,2023,211419614,2,9,0,18,19,1,5,0,0,8,0,0,0,0,2,1,6,6,2,33,6,1995,2,11,KIA SPORTAGE,1,E01014354,0,-1
2023071274934,2023,071274934,2,9,0,18,19,7,3,0,0,0,0,0,1,0,1,1,6,6,1,48,8,1685,2,12,KIA SPORTAGE,7,E01018371,0,-1
2023170L30153,2023,170L30153,2,9,0,2,2,0,0,0,0,1,0,0,0,0,3,1,6,6,2,66,10,1598,2,4,KIA SPORTAGE,3,E01032552,0,-1
2023546349423,2023,546349423,1,9,3,13,13,8,4,0,0,0,0,0,0,0,4,1,6,6,1,61,9,1995,2,6,KIA SPORTAGE,10,E01022683,0,-1
2023991353098,2023,991353098,2,9,0,18,19,3,7,0,0,0,0,0,0,0,2,1,5,6,2,35,6,1598,2,4,KIA SPORTAGE,7,-1,0,-1
2023461448800,2023,461448800,1,9,0,18,19,8,4,0,0,0,0,0,0,0,1,1,6,6,1,70,10,1995,2,7,KIA SPORTAGE,-1,-1,0,-1
2023161291832,2023,161291832,2,9,0,18,19,3,7,0,0,0,0,0,0,0,2,1,3,7,2,61,9,1995,2,5,KIA SPORTAGE,5,E01012964,0,-1
2023440192654,2023,440192654,1,9,0,18,19,5,1,0,0,0,0,0,0,0,1,1,6,6,1,58,9,1991,2,18,KIA SPORTAGE,7,E01020405,0,-1
2023361335923,2023,361335923,2,9,0,9,9,5,1,0,0,0,0,0,0,0,4,1,6,6,1,76,11,1591,1,4,KIA SPORTAGE,6,E01023621,0,-1
2023122300857,2023,122300857,3,9,0,18,19,2,6,0,0,0,0,0,0,0,3,1,6,6,2,63,9,1591,1,2,KIA SPORTAGE,5,E01027785,0,-1
2023231361966,2023,231361966,2,9,0,3,3,4,8,0,0,1,0,0,0,0,1,1,6,6,1,61,9,1685,2,12,KIA SPORTAGE,9,E01031154,0,-1
2023451264383,2023,451264383,1,9,0,9,9,7,1,0,0,1,0,0,0,0,1,1,3,7,2,35,6,1685,2,8,KIA SPORTAGE,6,E01030842,0,-1
2023010451329,2023,010451329,2,9,0,99,99,9,9,99,99,0,9,99,9,99,9,9,6,6,3,-1,-1,1591,1,2,KIA SPORTAGE,9,E01001039,0,-1
2023010441836,2023,010441836,1,9,0,9,9,3,1,0,0,6,0,0,1,0,4,1,6,6,2,54,8,1591,1,7,KIA SPORTAGE,3,E01001794,0,-1
2023451341621,2023,451341621,3,9,0,2,2,0,0,0,0,0,0,0,0,0,3,1,6,6,3,-1,-1,1591,1,7,KIA SPORTAGE,-1,-1,0,-1
2023161334383,2023,161334383,1,9,0,10,10,5,1,0,0,8,0,0,0,0,3,1,6,6,2,28,6,1685,2,8,KIA SPORTAGE,2,E01013147,0,-1
2023411316778,2023,411316778,1,9,0,9,9,1,5,0,0,0,0,0,0,0,1,1,6,6,1,60,9,1591,1,1,KIA SPORTAGE,4,E01023336,0,-1
2023131304336,2023,131304336,1,9,0,18,19,1,5,0,0,0,0,0,0,0,1,1,1,1,1,33,6,1591,1,5,KIA SPORTAGE,6,E01011598,0,-1
2023991289206,2023,991289206,5,9,0,2,2,0,0,9,9,2,0,0,0,0,2,1,6,6,3,-1,-1,1591,1,3,KIA SPORTAGE,-1,-1,0,-1
2023141379220,2023,141379220,2,9,0,18,19,5,1,0,0,0,0,0,0,0,4,1,6,6,1,24,5,1598,8,0,KIA SPORTAGE,5,E01007388,0,-1
2023552301333,2023,552301333,1,9,0,18,19,3,7,0,0,0,5,4,0,0,1,1,6,6,2,54,8,1685,2,11,KIA SPORTAGE,3,E01033241,0,-1
2023111372701,2023,111372701,4,9,0,18,19,4,8,0,0,0,0,0,0,0,1,1,6,6,2,32,6,1995,2,7,KIA SPORTAGE,5,E01020657,0,-1
2023010439806,2023,010439806,2,9,0,8,8,1,3,0,0,6,0,99,9,99,1,9,6,6,1,63,9,2656,1,18,KIA SPORTAGE,8,E01002287,0,-1
2023421300228,2023,421300228,3,9,0,2,2,0,0,9,9,0,0,0,0,0,1,1,5,6,2,43,7,1685,2,11,KIA SPORTAGE,2,E01022043,0,-1
2023440021571,2023,440021571,1,9,0,17,19,7,3,0,0,0,0,0,0,0,1,1,6,6,2,37,7,1591,1,8,KIA SPORTAGE,10,E01023240,0,-1
2023141373394,2023,141373394,3,9,0,2,2,0,0,0,0,2,0,0,0,0,3,1,6,6,3,-1,-1,1685,2,9,KIA SPORTAGE,-1,-1,0,-1
2023170L10263,2023,170L10263,1,9,0,3,3,8,4,0,0,1,0,0,0,0,2,1,6,6,1,41,7,1598,2,5,KIA SPORTAGE,9,E01012234,0,-1
2023161338166,2023,161338166,1,9,0,5,5,3,7,0,0,0,0,0,0,0,1,1,2,2,2,48,8,1685,2,5,KIA SPORTAGE,6,E01013041,0,-1
2023161284294,2023,161284294,1,9,0,1,1,1,5,9,9,0,0,0,0,0,2,1,3,7,2,-1,-1,1591,1,7,KIA SPORTAGE,-1,-1,0,-1
2023131355356,2023,131355356,2,9,0,18,19,8,4,0,0,8,0,0,0,0,4,1,2,2,2,45,7,1991,2,13,KIA SPORTAGE,4,E01011606,0,-1
2023010472091,2023,010472091,2,9,0,99,99,9,9,99,99,9,9,99,9,99,1,9,6,6,1,-1,-1,1685,2,7,KIA SPORTAGE,-1,-1,0,-1
2023052300479,2023,052300479,2,9,0,18,19,7,3,0,0,0,0,0,0,0,1,1,6,6,1,34,6,1685,2,10,KIA SPORTAGE,1,E01007227,0,-1
2023351335872,2023,351335872,1,9,0,18,19,4,7,0,0,0,1,0,0,0,1,1,2,2,2,25,5,1685,2,6,KIA SPORTAGE,6,E01018005,0,-1
2023991343700,2023,991343700,1,9,0,18,19,6,2,0,0,0,0,0,0,0,1,1,1,1,2,37,7,1995,2,11,KIA SPORTAGE,-1,-1,0,-1
2023421346120,2023,421346120,2,9,0,4,4,4,8,0,0,0,0,0,0,0,2,1,1,1,2,51,8,1591,1,8,KIA SPORTAGE,6,E01033137,0,-1
2023302301762,2023,302301762,1,9,0,18,19,2,6,0,0,1,0,0,0,0,1,1,6,6,2,40,7,1591,1,3,KIA SPORTAGE,5,E01033413,0,-1
2023440144482,2023,440144482,3,9,0,18,19,6,2,0,0,1,0,0,0,0,2,1,6,6,2,71,10,1995,2,12,KIA SPORTAGE,7,E01022630,0,-1
2023451326343,2023,451326343,2,9,0,4,4,8,4,0,0,0,0,0,0,0,2,1,6,6,2,35,6,1685,2,9,KIA SPORTAGE,10,E01030489,0,-1
2023221297275,2023,221297275,1,9,0,9,9,7,4,0,0,6,0,0,0,0,1,1,6,6,2,65,9,1591,1,5,KIA SPORTAGE,5,E01014001,0,-1
2023010484285,2023,010484285,2,9,0,18,19,5,1,0,0,0,0,0,0,0,1,1,6,6,1,31,6,1591,1,6,KIA SPORTAGE,5,E01000593,0,-1
2023991266030,2023,991266030,2,9,0,17,19,1,6,0,0,4,0,9,7,1,4,1,2,2,1,31,6,1591,1,3,KIA SPORTAGE,10,-1,0,-1
2023231380249,2023,231380249,2,9,0,18,19,7,3,0,0,1,0,0,1,11,1,1,6,6,2,25,5,1598,2,4,KIA SPORTAGE,7,E01025882,0,-1
2023451338358,2023,451338358,2,9,0,2,2,4,8,0,0,0,0,0,0,0,2,1,1,1,1,67,10,1598,8,0,KIA SPORTAGE,10,E01022892,0,-1
2023544697123,2023,544697123,2,9,0,4,4,3,7,0,0,1,0,0,0,0,2,1,6,6,1,56,9,1685,2,9,KIA SPORTAGE,3,E01015527,0,-1
202360A194726,2023,60A194726,1,9,0,18,19,6,2,0,0,1,1,0,0,0,3,1,6,6,1,61,9,1685,2,7,KIA SPORTAGE,-1,-1,0,-1
2023471333256,2023,471333256,2,9,0,18,19,1,5,0,0,0,0,0,0,0,3,1,5,6,1,40,7,1995,2,9,KIA SPORTAGE,4,E01031608,0,-1
2023141384326,2023,141384326,1,9,0,3,3,7,3,0,0,4,0,0,0,0,2,1,5,6,2,51,8,1685,2,5,KIA SPORTAGE,3,E01007480,0,-1
2023461292689,2023,461292689,1,9,0,18,19,4,2,0,0,2,0,0,0,0,3,1,6,6,1,28,6,1685,2,10,KIA SPORTAGE,1,E01024667,0,-1
2023201411224,2023,201411224,2,9,0,13,13,8,4,0,0,1,0,0,0,0,3,1,6,6,1,61,9,1995,2,7,KIA SPORTAGE,1,E01010142,0,-1
2023010427700,2023,010427700,1,9,0,9,9,1,7,0,0,4,0,0,0,0,1,1,6,6,2,29,6,1591,1,5,KIA SPORTAGE,4,E01001683,0,-1
2023991307945,2023,991307945,2,9,0,4,4,1,5,0,0,0,0,0,0,0,2,1,5,6,1,71,10,1685,2,10,KIA SPORTAGE,1,-1,0,-1
2023141285798,2023,141285798,2,9,0,9,9,6,3,0,0,1,0,0,0,0,1,1,6,6,3,-1,-1,1995,2,4,KIA SPORTAGE,-1,-1,0,-1
2023311320055,2023,311320055,1,9,0,18,19,1,5,0,0,0,1,0,7,0,1,1,5,6,2,57,9,1685,2,7,KIA SPORTAGE,8,E01028303,0,-1
2023010436363,2023,010436363,1,9,0,18,19,3,7,0,0,0,0,0,0,0,1,1,6,6,2,45,7,1598,8,1,KIA SPORTAGE,9,E01021767,0,-1
2023421293130,2023,421293130,1,9,0,18,19,2,2,0,0,8,0,0,0,0,1,1,5,6,2,38,7,1591,1,6,KIA SPORTAGE,5,E01015904,0,-1
2023010421191,2023,010421191,1,9,0,9,9,1,6,0,0,1,0,0,0,0,3,1,6,6,1,58,9,1995,2,7,KIA SPORTAGE,6,E01030411,0,-1
2023231319304,2023,231319304,2,9,0,3,3,4,8,0,0,0,0,0,0,0,2,1,6,6,1,69,10,1975,1,18,KIA SPORTAGE,10,E01031202,0,-1
2023991343093,2023,991343093,1,9,0,2,2,0,0,9,9,0,0,0,0,0,4,1,3,7,1,75,10,1591,1,11,KIA SPORTAGE,6,-1,0,-1
2023461263803,2023,461263803,1,9,0,3,3,7,3,0,0,0,0,0,0,0,3,1,1,1,2,42,7,1591,1,5,KIA SPORTAGE,7,E01016166,0,-1
2023161335621,2023,161335621,3,9,0,18,19,6,2,0,0,0,0,0,0,0,1,1,6,6,1,62,9,1591,1,2,KIA SPORTAGE,5,E01027828,0,-1
2023430407067,2023,430407067,2,9,0,18,19,4,8,0,0,8,0,0,0,0,4,1,6,6,2,60,9,1598,8,0,KIA SPORTAGE,10,E01016430,0,-1
2023061346551,2023,061346551,2,9,0,3,3,7,3,0,0,1,0,4,0,0,2,1,5,6,1,44,7,1591,1,3,KIA SPORTAGE,3,E01006073,0,-1
2023991274943,2023,991274943,2,9,0,2,2,0,0,0,0,0,0,0,0,0,0,1,5,6,2,60,9,1995,2,12,KIA SPORTAGE,3,-1,0,-1
2023041327309,2023,041327309,2,9,0,18,19,7,7,0,0,3,0,0,0,0,4,1,6,6,2,31,6,1995,2,7,KIA SPORTAGE,7,E01025594,0,-1
2023471347169,2023,471347169,1,9,0,18,19,1,5,0,0,1,0,0,0,0,1,1,5,6,2,43,7,1591,1,4,KIA SPORTAGE,6,E01022911,0,-1
2023141353793,2023,141353793,1,9,0,18,19,1,6,0,0,1,0,0,1,0,1,1,1,1,2,31,6,1598,2,4,KIA SPORTAGE,2,E01007348,0,-1
2023332301266,2023,332301266,1,9,0,18,19,7,3,0,0,0,0,0,0,0,1,1,6,6,2,-1,-1,1591,1,1,KIA SPORTAGE,-1,-1,0,-1
2023451341943,2023,451341943,1,9,0,16,19,6,1,0,0,0,1,0,7,0,3,1,5,6,1,47,8,1591,1,3,KIA SPORTAGE,10,E01031619,0,-1
2023201400710,2023,201400710,1,9,0,18,19,8,4,0,0,0,0,4,0,0,4,1,6,6,2,36,7,1995,2,6,KIA SPORTAGE,2,E01009389,0,-1
2023471337321,2023,471337321,1,9,0,18,19,7,3,0,0,0,0,0,0,0,1,1,1,1,1,22,5,1685,2,8,KIA SPORTAGE,9,E01031625,0,-1
2023010423652,2023,010423652,1,9,0,3,3,3,7,0,0,3,0,0,0,0,2,1,3,7,1,56,9,1598,8,1,KIA SPORTAGE,7,E01002514,0,-1
2023141302350,2023,141302350,2,9,0,5,5,5,6,0,0,6,0,0,0,0,1,1,2,2,2,51,8,1685,2,6,KIA SPORTAGE,9,E01013251,0,-1
2023141277739,2023,141277739,1,9,0,18,19,1,5,0,0,8,0,0,3,0,1,1,2,2,2,58,9,1598,8,2,KIA SPORTAGE,8,E01019583,0,-1
2023451264556,2023,451264556,1,9,0,4,4,5,8,0,0,0,0,0,0,0,2,1,2,2,2,38,7,1591,1,6,KIA SPORTAGE,3,E01001170,0,-1
2023371377046,2023,371377046,2,9,-1,5,5,-1,-1,0,0,4,0,0,0,0,4,1,5,6,1,41,7,1685,2,9,KIA SPORTAGE,10,E01030179,0,-1
2023371412399,2023,371412399,2,9,0,4,4,5,7,0,0,8,0,0,0,0,2,1,2,2,1,48,8,1598,8,1,KIA SPORTAGE,5,E01029946,0,-1
2023061266391,2023,061266391,3,9,0,18,19,8,4,0,0,1,0,0,0,0,1,1,5,6,2,56,9,1591,1,5,KIA SPORTAGE,10,E01006191,0,-1
2023311382821,2023,311382821,1,9,0,9,9,8,4,0,0,6,0,0,0,0,1,1,5,6,2,26,6,1591,1,7,KIA SPORTAGE,4,E01028210,0,-1
2023552400158,2023,552400158,1,9,0,18,19,7,3,0,0,8,0,0,0,0,1,1,3,7,2,50,8,1598,8,4,KIA SPORTAGE,8,E01020473,0,-1
2023101343914,2023,101343914,1,9,0,13,13,6,2,0,0,0,0,0,0,0,4,1,6,6,1,-1,-1,1685,2,10,KIA SPORTAGE,3,E01008242,0,-1
2023411278741,2023,411278741,3,9,0,18,19,3,7,0,0,1,1,0,0,0,3,1,2,2,2,56,9,1998,1,12,KIA SPORTAGE,9,E01023352,0,-1
2023131262430,2023,131262430,1,9,0,10,10,2,3,0,0,5,0,0,0,0,4,1,6,6,3,-1,-1,1591,1,5,KIA SPORTAGE,-1,-1,0,-1
2023451391987,2023,451391987,1,9,0,9,9,3,7,0,0,4,0,0,0,0,1,1,5,6,1,65,9,1991,2,14,KIA SPORTAGE,10,E01023117,0,-1
2023201288928,2023,201288928,2,9,0,3,3,8,4,0,0,0,0,0,0,0,2,1,2,2,2,41,7,1598,1,1,KIA SPORTAGE,10,E01010172,0,-1
2023010453911,2023,010453911,2,9,0,18,19,3,7,0,0,8,1,0,0,0,1,1,2,2,1,45,7,1591,1,6,KIA SPORTAGE,7,E01004153,0,-1
2023371296901,2023,371296901,2,9,0,4,4,5,3,0,0,1,0,0,0,0,2,1,2,2,2,23,5,1685,2,10,KIA SPORTAGE,3,E01029985,0,-1