collision_index,collision_year,collision_ref_no,vehicle_reference,vehicle_type,towing_and_articulation,vehicle_manoeuvre_historic,vehicle_manoeuvre,vehicle_direction_from,vehicle_direction_to,vehicle_location_restricted_lane_historic,vehicle_location_restricted_lane,junction_location,skidding_and_overturning,hit_object_in_carriageway,vehicle_leaving_carriageway,hit_object_off_carriageway,first_point_of_impact,vehicle_left_hand_drive,journey_purpose_of_driver_historic,journey_purpose_of_driver,sex_of_driver,age_of_driver,age_band_of_driver,engine_capacity_cc,propulsion_code,age_of_vehicle,generic_make_model,driver_imd_decile,lsoa_of_driver,escooter_flag,driver_distance_banding
2023544507223,2023,544507223,2,9,0,9,9,7,5,0,0,5,0,0,7,11,3,1,6,6,2,32,6,1999,2,7,LAND ROVER DISCOVERY,6,E01032117,0,-1
2023622300138,2023,622300138,2,9,0,18,19,6,2,0,0,0,0,0,0,0,1,1,6,6,2,33,6,2993,2,10,LAND ROVER DISCOVERY,4,W01001283,0,-1
2023440073289,2023,440073289,1,9,0,7,7,7,2,9,9,8,0,0,0,0,3,1,6,6,1,59,9,2495,2,22,LAND ROVER DISCOVERY,2,E01017208,0,-1
2023440127859,2023,440127859,2,9,0,2,2,0,0,0,0,0,0,0,0,0,2,1,6,6,1,54,8,2720,2,15,LAND ROVER DISCOVERY,4,E01017359,0,-1
2023340WN5172,2023,340WN5172,3,9,0,13,13,8,4,0,0,0,0,0,0,0,0,1,6,6,1,59,9,2720,2,18,LAND ROVER DISCOVERY,5,E01032981,0,-1
2023501375435,2023,501375435,1,9,0,18,19,7,3,0,0,1,0,0,0,0,1,1,5,6,1,34,6,2720,2,18,LAND ROVER DISCOVERY,4,E01018773,0,-1
2023010476196,2023,010476196,2,9,0,99,99,9,9,99,99,9,9,99,9,99,2,9,6,6,2,-1,-1,1999,2,7,LAND ROVER DISCOVERY,-1,-1,0,-1
2023170S10943,2023,170S10943,1,9,0,18,19,8,4,0,0,8,5,0,0,0,1,1,6,6,1,-1,-1,1999,2,7,LAND ROVER DISCOVERY,-1,-1,0,-1
2023010461209,2023,010461209,1,9,0,9,9,5,3,0,0,6,0,0,0,0,4,1,6,6,2,48,8,1999,2,6,LAND ROVER DISCOVERY,5,E01001074,0,-1
2023010457947,2023,010457947,3,9,5,18,19,1,5,0,0,1,0,0,0,0,1,1,6,6,3,-1,-1,2993,2,7,LAND ROVER DISCOVERY,-1,-1,0,-1
202360A127042,2023,60A127042,1,9,0,5,5,4,8,0,0,6,0,0,0,0,4,1,6,6,1,84,11,1999,2,4,LAND ROVER DISCOVERY,-1,-1,0,-1
2023421278544,2023,421278544,2,9,0,17,19,1,5,0,0,2,0,0,0,0,2,1,5,6,2,30,6,2993,2,9,LAND ROVER DISCOVERY,3,E01021889,0,-1
2023010420976,2023,010420976,1,9,9,18,19,1,5,0,0,0,9,0,9,0,4,1,6,6,1,68,10,1999,2,7,LAND ROVER DISCOVERY,5,E01001060,0,-1
2023010460638,2023,010460638,1,9,0,18,19,3,7,0,0,2,0,4,0,0,1,1,6,6,1,-1,-1,1999,2,5,LAND ROVER DISCOVERY,-1,-1,0,-1
2023111265610,2023,111265610,1,9,0,18,19,1,5,0,0,0,0,0,1,0,1,1,5,6,1,14,3,1999,2,7,LAND ROVER DISCOVERY,1,E01008645,0,-1
2023501381383,2023,501381383,1,9,0,4,4,7,3,0,0,0,1,0,0,0,1,1,6,6,1,64,9,1997,1,5,LAND ROVER DISCOVERY,6,E01028551,0,-1
2023471346505,2023,471346505,2,9,0,18,19,1,5,0,0,0,0,0,0,0,2,1,5,6,1,47,8,1998,2,1,LAND ROVER DISCOVERY,9,E01009528,0,-1
202360A146986,2023,60A146986,2,9,0,16,19,2,6,0,0,1,1,0,0,0,1,1,6,6,1,25,5,2720,2,18,LAND ROVER DISCOVERY,-1,-1,0,-1
2023440345674,2023,440345674,2,9,0,4,4,1,5,0,0,0,0,0,0,0,2,1,6,6,1,50,8,1999,2,6,LAND ROVER DISCOVERY,10,E01028645,0,-1
2023052302664,2023,052302664,2,9,0,4,4,4,1,0,0,0,0,0,0,0,2,1,6,6,1,-1,-1,1999,2,6,LAND ROVER DISCOVERY,-1,-1,0,-1
2023010485921,2023,010485921,1,9,0,2,2,0,0,0,0,1,0,0,0,0,2,1,6,6,3,-1,-1,2993,2,3,LAND ROVER DISCOVERY,-1,-1,0,-1
2023010484179,2023,010484179,1,9,0,6,6,1,1,0,0,1,0,0,0,0,3,1,3,7,1,48,8,1999,2,4,LAND ROVER DISCOVERY,-1,-1,0,-1
2023010461299,2023,010461299,1,9,0,99,99,9,9,99,99,9,9,99,9,99,9,9,6,6,1,18,4,1999,2,6,LAND ROVER DISCOVERY,3,E01002846,0,-1
2023541113123,2023,541113123,3,9,0,18,19,5,1,0,0,0,0,0,0,0,1,1,1,1,1,36,7,2495,2,19,LAND ROVER DISCOVERY,8,E01032071,0,-1
2023071128272,2023,071128272,3,9,0,2,2,7,3,0,0,0,0,0,0,0,3,1,6,6,1,-1,-1,1999,2,6,LAND ROVER DISCOVERY,-1,-1,0,-1
2023522400955,2023,522400955,1,9,0,18,19,5,1,0,0,0,0,0,0,0,2,1,6,6,1,43,7,2720,2,14,LAND ROVER DISCOVERY,6,E01014984,0,-1
2023161382201,2023,161382201,1,9,0,18,19,1,5,0,0,8,0,0,0,0,1,1,6,6,1,37,7,2993,2,6,LAND ROVER DISCOVERY,1,E01012778,0,-1
2023451280611,2023,451280611,2,9,0,17,19,7,5,0,0,0,0,0,0,0,3,1,5,6,2,36,7,1999,2,4,LAND ROVER DISCOVERY,10,E01030375,0,-1
2023320658678,2023,320658678,3,9,0,18,19,2,6,0,0,0,0,0,1,0,1,1,6,6,1,32,6,2720,2,18,LAND ROVER DISCOVERY,7,E01026066,0,-1
2023421361577,2023,421361577,1,9,0,18,19,2,6,0,0,0,0,0,0,0,4,1,5,6,2,55,8,2997,2,1,LAND ROVER DISCOVERY,7,E01021608,0,-1
2023122300457,2023,122300457,2,9,0,13,13,7,3,0,0,1,0,0,7,10,3,1,1,1,1,30,6,2993,2,5,LAND ROVER DISCOVERY,10,E01012303,0,-1
2023010437669,2023,010437669,2,9,0,2,2,0,0,0,0,2,0,0,0,0,4,1,6,6,3,-1,-1,1999,2,6,LAND ROVER DISCOVERY,-1,-1,0,-1
2023411283407,2023,411283407,2,9,0,2,2,0,0,0,0,0,0,0,0,0,4,1,5,6,3,-1,-1,1999,2,6,LAND ROVER DISCOVERY,-1,-1,0,-1
2023461300575,2023,461300575,1,9,4,18,19,3,7,0,0,0,0,0,0,0,4,1,6,6,3,-1,-1,2993,2,13,LAND ROVER DISCOVERY,-1,-1,0,-1
2023461328172,2023,461328172,2,9,0,10,10,3,7,0,0,1,0,0,0,0,2,1,5,6,1,43,7,2495,2,21,LAND ROVER DISCOVERY,4,E01024086,0,-1
2023201328265,2023,201328265,1,9,0,9,9,2,1,0,0,5,0,0,0,0,1,1,6,6,3,-1,-1,1999,2,3,LAND ROVER DISCOVERY,-1,-1,0,-1
202360A009942,2023,60A009942,1,9,0,18,19,5,1,0,0,0,0,4,0,0,4,1,2,2,1,59,9,1997,1,5,LAND ROVER DISCOVERY,-1,-1,0,-1
2023440436612,2023,440436612,1,9,0,7,7,2,4,0,0,8,0,10,5,10,0,1,6,6,2,46,8,1999,2,5,LAND ROVER DISCOVERY,10,E01022888,0,-1
2023231294322,2023,231294322,3,9,0,4,4,7,3,0,0,0,1,0,0,0,2,1,6,6,1,48,8,1998,2,2,LAND ROVER DISCOVERY,-1,-1,0,-1
2023010430634,2023,010430634,1,9,0,99,99,9,9,0,0,9,0,99,0,0,2,9,6,6,3,35,6,1997,1,3,LAND ROVER DISCOVERY,2,E01001193,0,-1
2023141285902,2023,141285902,1,9,0,18,19,8,4,0,0,0,0,0,0,0,1,1,6,6,2,32,6,2720,2,16,LAND ROVER DISCOVERY,2,E01007982,0,-1
2023471283649,2023,471283649,2,9,0,4,4,5,1,0,0,0,0,0,0,0,2,1,3,7,2,29,6,2993,2,6,LAND ROVER DISCOVERY,5,E01031574,0,-1
2023520301534,2023,520301534,1,9,0,18,19,3,7,0,0,0,0,0,0,0,1,1,6,6,1,72,10,2720,2,17,LAND ROVER DISCOVERY,4,E01020131,0,-1
2023031286809,2023,031286809,2,9,0,18,19,5,1,0,0,0,0,0,1,0,1,1,6,6,2,71,10,1999,2,5,LAND ROVER DISCOVERY,5,E01019313,0,-1
2023522400797,2023,522400797,2,9,0,3,3,7,3,0,0,0,0,0,0,0,2,1,6,6,1,47,8,2993,2,14,LAND ROVER DISCOVERY,5,E01014504,0,-1
2023041335504,2023,041335504,2,9,0,18,19,1,5,0,0,1,0,0,0,0,3,1,6,6,1,65,9,2993,2,10,LAND ROVER DISCOVERY,4,E01025198,0,-1
2023471290196,2023,471290196,4,9,0,3,3,7,3,0,0,0,0,0,0,0,2,1,5,6,1,62,9,2993,2,8,LAND ROVER DISCOVERY,10,E01021052,0,-1
2023351354266,2023,351354266,2,9,0,18,19,4,8,0,0,0,0,0,7,0,1,1,5,6,2,67,10,2993,2,9,LAND ROVER DISCOVERY,6,E01027628,0,-1
2023543839623,2023,543839623,1,9,0,18,19,7,3,0,0,1,0,0,0,0,1,1,6,6,1,58,9,2495,2,19,LAND ROVER DISCOVERY,8,E01015550,0,-1
2023991390707,2023,991390707,1,9,0,18,19,3,7,0,0,1,0,0,0,0,1,1,6,6,1,58,9,2993,2,14,LAND ROVER DISCOVERY,7,-1,0,-1
2023141325458,2023,141325458,2,9,0,6,6,7,3,0,0,0,0,0,0,0,4,1,5,6,1,60,9,1999,2,7,LAND ROVER DISCOVERY,3,E01032925,0,-1
2023010445286,2023,010445286,1,9,0,18,19,5,1,0,0,1,0,0,0,0,1,1,6,6,2,39,7,1999,2,7,LAND ROVER DISCOVERY,7,E01000135,0,-1
2023991261726,2023,991261726,1,9,0,9,9,5,1,0,0,2,0,0,0,0,3,1,2,2,1,58,9,1498,8,1,LAND ROVER DISCOVERY,8,-1,0,-1
2023311331587,2023,311331587,1,9,0,2,2,0,0,0,0,0,0,0,0,0,3,1,5,6,1,57,9,2495,2,20,LAND ROVER DISCOVERY,1,E01013942,0,-1
2023461374385,2023,461374385,1,9,0,9,9,7,5,0,0,5,0,0,0,0,4,1,6,6,1,52,8,2179,2,8,LAND ROVER DISCOVERY,7,E01024433,0,-1
2023440352811,2023,440352811,2,9,0,18,19,4,8,0,0,0,1,0,0,0,4,1,6,6,1,80,11,1999,2,7,LAND ROVER DISCOVERY,9,E01032617,0,-1
202354D397823,2023,54D397823,3,9,0,4,4,1,5,0,0,8,0,0,0,0,1,1,6,6,1,21,5,2495,2,21,LAND ROVER DISCOVERY,9,E01032099,0,-1
2023311362238,2023,311362238,2,9,0,18,19,3,7,0,0,1,0,0,0,0,3,1,5,6,2,25,5,2720,2,13,LAND ROVER DISCOVERY,2,E01028026,0,-1
2023501359120,2023,501359120,3,9,0,2,2,0,0,0,0,0,0,0,0,0,2,1,6,6,3,-1,-1,2720,2,16,LAND ROVER DISCOVERY,-1,-1,0,-1
2023610010623,2023,610010623,1,9,0,7,7,2,4,0,0,8,0,0,0,0,0,1,6,6,1,38,7,1999,2,5,LAND ROVER DISCOVERY,2,W01001341,0,-1
2023501392415,2023,501392415,2,9,0,18,19,3,7,0,0,0,0,0,0,0,1,1,5,6,1,57,9,1999,2,7,LAND ROVER DISCOVERY,4,E01018760,0,-1
2023211391605,2023,211391605,1,9,0,4,4,3,5,0,0,0,0,0,0,0,3,1,5,6,1,68,10,1999,2,5,LAND ROVER DISCOVERY,4,E01026259,0,-1
2023520301577,2023,520301577,1,9,0,18,19,8,4,0,0,0,0,0,1,10,4,1,6,6,2,45,7,2993,2,13,LAND ROVER DISCOVERY,3,E01029029,0,-1
2023010451171,2023,010451171,1,9,0,99,99,9,9,99,99,9,9,99,9,99,2,9,6,6,1,50,8,1999,2,6,LAND ROVER DISCOVERY,8,E01000116,0,-1
2023320570538,2023,320570538,1,9,0,18,19,8,4,0,0,2,0,0,0,0,1,1,6,6,2,33,6,2993,2,4,LAND ROVER DISCOVERY,-1,-1,0,-1
2023010429801,2023,010429801,2,9,0,99,99,9,9,99,99,9,9,99,9,99,9,9,6,6,2,52,8,1999,2,4,LAND ROVER DISCOVERY,8,E01004543,0,-1
2023461316560,2023,461316560,1,9,0,18,19,3,7,0,0,0,0,0,0,0,1,1,5,6,1,22,5,2495,2,26,LAND ROVER DISCOVERY,7,E01021165,0,-1
2023221325705,2023,221325705,1,9,4,9,9,4,2,0,0,2,0,4,0,0,2,1,5,6,1,65,9,2495,2,30,LAND ROVER DISCOVERY,5,E01014053,0,-1
2023010455578,2023,010455578,2,9,0,9,9,3,8,0,0,1,0,0,0,0,1,1,6,6,1,44,7,1999,2,4,LAND ROVER DISCOVERY,8,E01004589,0,-1
2023131288559,2023,131288559,2,9,0,18,19,2,6,0,0,0,0,0,0,0,3,1,5,6,1,25,5,1999,2,6,LAND ROVER DISCOVERY,6,E01011861,0,-1
2023141279002,2023,141279002,2,9,0,2,2,0,0,0,0,0,0,0,0,0,3,1,6,6,3,-1,-1,1999,2,8,LAND ROVER DISCOVERY,-1,-1,0,-1
2023501322307,2023,501322307,1,9,0,9,9,4,2,0,0,6,0,0,0,0,3,1,6,6,2,46,8,2993,2,4,LAND ROVER DISCOVERY,7,E01018816,0,-1
2023010449607,2023,010449607,4,9,0,2,2,0,0,0,0,0,0,0,0,0,2,1,6,6,3,-1,-1,1999,2,6,LAND ROVER DISCOVERY,-1,-1,0,-1
2023440099405,2023,440099405,1,9,0,18,19,1,5,0,0,8,0,0,0,0,3,1,6,6,2,43,7,2993,2,4,LAND ROVER DISCOVERY,8,E01023165,0,-1
2023010466120,2023,010466120,1,9,0,4,4,8,4,0,0,3,0,0,0,0,1,1,3,7,2,47,8,1997,1,5,LAND ROVER DISCOVERY,7,E01002173,0,-1
2023211296398,2023,211296398,1,9,0,9,9,6,4,0,0,6,0,0,0,0,1,1,6,6,1,41,7,2993,2,11,LAND ROVER DISCOVERY,8,E01029742,0,-1
2023451368873,2023,451368873,1,9,0,16,19,1,5,0,0,0,0,0,0,0,3,1,2,2,1,37,7,1999,2,7,LAND ROVER DISCOVERY,5,E01031544,0,-1
202354D641623,2023,54D641623,2,9,0,18,19,4,8,0,0,8,5,0,1,4,4,1,6,6,1,30,6,2720,2,17,LAND ROVER DISCOVERY,10,E01031966,0,-1
2023351311218,2023,351311218,1,9,0,9,9,3,1,0,0,8,0,0,0,0,4,1,6,6,2,39,7,2993,2,11,LAND ROVER DISCOVERY,10,E01018040,0,-1
2023471351758,2023,471351758,2,9,0,4,4,4,8,0,0,0,0,0,0,0,2,1,5,6,1,46,8,1498,8,2,LAND ROVER DISCOVERY,9,E01031393,0,-1
2023320369616,2023,320369616,2,9,0,4,4,8,4,0,0,0,0,0,0,0,2,1,6,6,2,48,8,1999,2,4,LAND ROVER DISCOVERY,4,E01026183,0,-1
2023141294535,2023,141294535,1,9,0,18,19,7,3,0,0,0,0,11,1,4,3,1,6,6,1,21,5,2495,2,27,LAND ROVER DISCOVERY,1,E01007492,0,-1
2023161387706,2023,161387706,3,9,0,4,4,1,5,0,0,0,0,0,0,0,2,1,6,6,1,-1,-1,3950,1,22,LAND ROVER DISCOVERY,2,E01014329,0,-1
2023201339255,2023,201339255,1,9,0,18,19,3,7,0,0,0,0,0,0,0,4,1,6,6,2,39,7,1999,2,4,LAND ROVER DISCOVERY,6,E01009749,0,-1
2023421329459,2023,421329459,2,9,0,5,5,3,7,0,0,2,0,0,0,0,3,1,5,6,1,81,11,2993,2,9,LAND ROVER DISCOVERY,2,E01022054,0,-1
2023320314273,2023,320314273,2,9,4,18,19,4,8,0,0,8,4,0,7,10,2,1,1,1,1,53,8,2993,2,7,LAND ROVER DISCOVERY,3,E01026033,0,-1
2023401375781,2023,401375781,2,9,0,18,19,5,1,0,0,1,0,0,0,0,1,1,5,6,1,85,11,2495,2,20,LAND ROVER DISCOVERY,10,E01017399,0,-1
2023501322498,2023,501322498,2,9,0,18,19,3,7,0,0,0,0,0,0,0,3,1,5,6,1,44,7,2720,2,14,LAND ROVER DISCOVERY,4,E01018954,0,-1
2023122400100,2023,122400100,1,9,0,4,4,1,5,0,0,4,0,0,0,0,2,1,6,6,2,50,8,1999,2,5,LAND ROVER DISCOVERY,10,E01027709,0,-1
2023351367679,2023,351367679,3,9,0,3,3,5,1,0,0,1,0,0,0,0,1,1,5,6,2,74,10,2179,2,8,LAND ROVER DISCOVERY,9,E01018275,0,-1
2023031330750,2023,031330750,2,9,0,5,5,1,3,0,0,1,0,0,0,0,4,1,5,6,2,38,7,1999,2,7,LAND ROVER DISCOVERY,-1,-1,0,-1
2023201387492,2023,201387492,1,9,0,18,19,1,5,0,0,0,0,0,0,0,1,1,5,6,1,-1,-1,2720,2,18,LAND ROVER DISCOVERY,-1,-1,0,-1
2023320737595,2023,320737595,1,9,0,9,9,8,7,0,0,8,0,0,0,0,1,1,6,6,1,54,8,2993,2,4,LAND ROVER DISCOVERY,9,E01027882,0,-1
2023471374183,2023,471374183,3,9,0,2,2,4,8,0,0,0,0,0,0,0,2,1,2,2,1,40,7,2720,2,15,LAND ROVER DISCOVERY,9,E01021053,0,-1
2023430456400,2023,430456400,1,9,0,7,7,2,4,0,0,5,0,0,1,1,1,1,6,6,2,60,9,2993,2,11,LAND ROVER DISCOVERY,7,E01032375,0,-1
2023421387525,2023,421387525,1,9,0,7,7,3,1,0,0,8,0,0,0,0,1,1,6,6,1,58,9,2993,2,9,LAND ROVER DISCOVERY,10,E01021918,0,-1
2023461350203,2023,461350203,1,9,0,18,19,3,7,0,0,1,0,0,0,0,1,1,6,6,1,-1,-1,2993,2,9,LAND ROVER DISCOVERY,10,E01024837,0,-1
2023531375775,2023,531375775,1,9,0,17,19,5,1,0,0,0,5,0,1,10,4,1,5,6,1,46,8,2495,2,19,LAND ROVER DISCOVERY,7,E01022239,0,-1
2023631391500,2023,631391500,1,9,0,17,19,1,5,0,0,0,0,0,0,0,1,1,5,6,1,69,10,1999,2,4,LAND ROVER DISCOVERY,8,W01000624,0,-1
2023461273205,2023,461273205,2,9,0,18,19,3,7,0,0,0,0,0,0,0,3,1,5,6,1,59,9,2495,2,21,LAND ROVER DISCOVERY,1,E01024610,0,-1
2023461346301,2023,461346301,3,9,0,2,2,0,0,9,9,8,0,0,0,0,1,1,5,6,3,-1,-1,2993,2,5,LAND ROVER DISCOVERY,6,E01024472,0,-1
2023010434613,2023,010434613,2,9,0,99,99,9,9,99,99,9,9,99,9,99,1,9,6,6,3,-1,-1,1999,2,7,LAND ROVER DISCOVERY,-1,-1,0,-1
2023122301410,2023,122301410,1,9,0,18,19,1,5,0,0,0,2,0,1,6,3,1,6,6,1,51,8,2993,2,9,LAND ROVER DISCOVERY,-1,-1,0,-1
2023131325462,2023,131325462,1,9,0,9,9,1,1,0,0,0,0,0,0,0,2,1,3,7,2,39,7,2993,2,5,LAND ROVER DISCOVERY,10,E01010954,0,-1
2023141279630,2023,141279630,1,9,0,9,9,1,3,0,0,6,0,0,0,0,1,1,1,1,2,41,7,1999,2,4,LAND ROVER DISCOVERY,10,E01007933,0,-1
2023320611665,2023,320611665,1,9,0,9,9,6,4,0,0,6,0,0,0,0,3,1,3,7,1,43,7,1999,2,7,LAND ROVER DISCOVERY,8,E01013149,0,-1
2023320504513,2023,320504513,2,9,0,9,9,2,8,0,0,6,0,0,0,0,3,1,6,6,2,42,7,1999,2,4,LAND ROVER DISCOVERY,9,E01026355,0,-1
2023461306729,2023,461306729,1,9,0,5,5,5,1,0,0,0,1,0,0,0,1,1,6,6,1,27,6,2495,2,20,LAND ROVER DISCOVERY,2,E01024505,0,-1
2023311313650,2023,311313650,2,9,0,5,5,7,3,0,0,0,0,0,0,0,1,1,5,6,1,52,8,1999,2,7,LAND ROVER DISCOVERY,1,E01013817,0,-1
2023552300684,2023,552300684,2,9,0,18,19,2,6,0,0,8,0,0,0,0,1,1,6,6,1,42,7,1998,2,2,LAND ROVER DISCOVERY,7,E01015348,0,-1
2023461368607,2023,461368607,1,9,0,9,9,7,3,0,0,1,0,0,0,0,4,1,6,6,2,47,8,1999,2,4,LAND ROVER DISCOVERY,6,E01016076,0,-1
2023221343350,2023,221343350,1,9,0,9,9,5,3,0,0,6,0,0,0,0,3,1,5,6,2,68,10,2720,2,17,LAND ROVER DISCOVERY,5,E01014049,0,-1
2023501333056,2023,501333056,2,9,0,3,3,1,5,0,0,1,0,0,0,0,3,1,6,6,1,34,6,2720,2,18,LAND ROVER DISCOVERY,5,E01018831,0,-1
2023451273454,2023,451273454,2,9,0,18,19,1,5,0,0,0,0,0,0,0,1,1,6,6,2,35,6,2720,2,14,LAND ROVER DISCOVERY,10,E01030941,0,-1
2023041322070,2023,041322070,1,9,0,18,19,1,5,0,0,0,0,0,0,0,1,1,5,6,2,32,6,1999,2,3,LAND ROVER DISCOVERY,6,E01019351,0,-1
2023211391251,2023,211391251,1,9,0,18,19,5,1,0,0,0,1,0,0,0,3,1,5,6,1,50,8,1999,2,5,LAND ROVER DISCOVERY,10,E01017799,0,-1
2023010469501,2023,010469501,2,9,0,99,99,9,9,99,99,1,9,99,9,99,1,9,6,6,3,47,8,1999,2,6,LAND ROVER DISCOVERY,3,E01001370,0,-1
2023010443504,2023,010443504,2,9,0,2,2,0,0,0,0,0,0,0,0,0,2,1,6,6,3,-1,-1,2993,2,10,LAND ROVER DISCOVERY,-1,-1,0,-1
2023361367095,2023,361367095,2,9,0,18,19,7,3,0,0,8,0,0,7,0,1,1,5,6,2,44,7,2993,2,7,LAND ROVER DISCOVERY,7,E01026533,0,-1
2023471266562,2023,471266562,1,9,0,18,19,4,2,0,0,1,0,0,0,0,1,1,2,2,2,31,6,2993,2,7,LAND ROVER DISCOVERY,10,E01031681,0,-1
2023122301104,2023,122301104,1,9,0,13,13,5,2,0,0,0,2,0,7,0,1,1,6,6,1,33,6,2495,2,22,LAND ROVER DISCOVERY,5,E01027789,0,-1
2023010469160,2023,010469160,2,9,0,11,11,5,1,0,0,0,0,0,0,0,4,1,6,6,1,30,6,2993,2,4,LAND ROVER DISCOVERY,2,E01004267,0,-1
2023010440313,2023,010440313,1,9,0,17,19,7,3,0,0,0,0,0,0,0,1,1,6,6,1,31,6,1999,2,4,LAND ROVER DISCOVERY,3,E01000432,0,-1
2023061315920,2023,061315920,1,9,0,18,19,1,5,0,0,6,0,0,0,0,1,1,6,6,2,39,7,2997,2,2,LAND ROVER DISCOVERY,3,E01005215,0,-1
2023440441104,2023,440441104,2,9,0,12,12,6,2,0,0,0,0,0,0,0,3,1,6,6,3,-1,-1,1999,2,8,LAND ROVER DISCOVERY,-1,-1,0,-1
2023101344997,2023,101344997,1,9,0,9,9,7,6,9,9,8,0,0,0,0,1,1,5,6,2,69,10,1999,2,6,LAND ROVER DISCOVERY,5,E01027383,0,-1
2023430513882,2023,430513882,1,9,0,5,5,2,6,0,0,8,0,0,0,0,1,1,6,6,1,66,10,2993,2,3,LAND ROVER DISCOVERY,9,E01033194,0,-1
2023991384453,2023,991384453,1,9,0,18,19,4,8,0,0,0,0,0,0,0,1,1,5,6,1,40,7,1999,2,4,LAND ROVER DISCOVERY,-1,-1,0,-1
2023522400069,2023,522400069,1,9,0,3,3,1,4,0,0,1,0,0,0,0,2,1,6,6,2,58,9,1999,2,7,LAND ROVER DISCOVERY,10,E01014397,0,-1
2023201444957,2023,201444957,1,9,0,3,3,2,6,0,0,1,0,0,0,0,1,1,5,6,1,28,6,1999,2,7,LAND ROVER DISCOVERY,7,E01008949,0,-1
2023010448527,2023,010448527,2,9,0,18,19,4,8,0,0,1,0,0,0,0,1,1,3,7,2,30,6,1999,2,7,LAND ROVER DISCOVERY,7,E01000675,0,-1
2023161327071,2023,161327071,1,9,0,1,1,5,1,0,0,0,0,0,0,0,2,1,5,6,2,66,10,1999,2,4,LAND ROVER DISCOVERY,4,E01026045,0,-1
2023610010123,2023,610010123,1,9,0,18,19,7,3,0,0,0,0,0,0,0,1,1,6,6,2,30,6,2720,2,16,LAND ROVER DISCOVERY,7,E01032699,0,-1
2023461276907,2023,461276907,1,9,0,18,19,2,6,0,0,0,0,0,0,0,1,1,6,6,1,34,6,2993,2,11,LAND ROVER DISCOVERY,2,E01024049,0,-1
2023010424797,2023,010424797,2,9,9,99,99,9,9,99,99,9,9,99,9,99,9,9,6,6,1,-1,-1,2720,2,17,LAND ROVER DISCOVERY,3,E01003548,0,-1
2023531387128,2023,531387128,2,9,0,9,9,4,2,0,0,6,0,0,0,0,1,1,6,6,1,33,6,2993,2,4,LAND ROVER DISCOVERY,9,E01022115,0,-1
2023122300195,2023,122300195,2,9,0,18,19,3,7,0,0,0,0,0,1,9,1,1,2,2,2,28,6,2993,2,5,LAND ROVER DISCOVERY,5,E01027813,0,-1
2023440271193,2023,440271193,2,9,0,18,19,6,2,0,0,1,0,0,0,0,4,1,6,6,2,55,8,2993,2,3,LAND ROVER DISCOVERY,6,E01022486,0,-1
2023371345412,2023,371345412,1,9,0,13,13,7,5,0,0,1,0,0,0,0,1,1,5,6,1,36,7,2993,2,6,LAND ROVER DISCOVERY,10,E01030104,0,-1
2023101297333,2023,101297333,1,9,0,13,13,7,3,0,0,0,0,0,0,0,3,1,2,2,2,37,7,1999,2,6,LAND ROVER DISCOVERY,5,E01027365,0,-1
2023371352312,2023,371352312,1,9,4,9,9,-1,-1,0,0,2,0,0,0,0,-1,1,6,6,1,58,9,2720,2,16,LAND ROVER DISCOVERY,8,E01030048,0,-1
2023631319833,2023,631319833,1,9,0,17,19,7,4,0,0,0,5,0,1,11,4,1,5,6,1,40,7,2993,2,7,LAND ROVER DISCOVERY,7,W01000675,0,-1
2023361332788,2023,361332788,1,9,0,18,19,3,7,9,9,0,0,0,0,0,1,1,5,6,1,70,10,2997,2,1,LAND ROVER DISCOVERY,4,E01026660,0,-1
2023371364128,2023,371364128,1,9,0,9,9,1,7,0,0,8,0,0,0,0,1,1,3,7,2,44,7,2179,2,8,LAND ROVER DISCOVERY,3,E01021974,0,-1
2023371383524,2023,371383524,1,9,0,18,19,7,3,0,0,6,0,0,3,0,1,1,5,6,2,73,10,1999,2,7,LAND ROVER DISCOVERY,7,E01030243,0,-1
2023430245890,2023,430245890,1,9,0,5,5,5,1,0,0,6,0,0,0,0,1,1,6,6,1,-1,-1,1999,2,6,LAND ROVER DISCOVERY,-1,-1,0,-1
2023552300122,2023,552300122,1,9,0,18,19,2,6,0,0,0,2,0,0,0,0,1,2,2,1,21,5,2495,2,24,LAND ROVER DISCOVERY,4,E01020496,0,-1
2023461313767,2023,461313767,2,9,0,18,19,3,7,0,0,0,0,0,0,0,1,1,6,6,2,31,6,2720,2,15,LAND ROVER DISCOVERY,7,E01024109,0,-1
2023170L11023,2023,170L11023,1,9,0,17,19,6,4,0,0,0,0,0,0,0,1,1,6,6,2,61,9,1999,2,4,LAND ROVER DISCOVERY,5,E01027822,0,-1
2023461278600,2023,461278600,2,9,0,-1,-1,-1,-1,-1,-1,0,-1,-1,-1,0,4,1,6,6,1,35,6,1999,2,6,LAND ROVER DISCOVERY,6,E01024016,0,-1