collision_index,collision_year,collision_ref_no,vehicle_reference,vehicle_type,towing_and_articulation,vehicle_manoeuvre_historic,vehicle_manoeuvre,vehicle_direction_from,vehicle_direction_to,vehicle_location_restricted_lane_historic,vehicle_location_restricted_lane,junction_location,skidding_and_overturning,hit_object_in_carriageway,vehicle_leaving_carriageway,hit_object_off_carriageway,first_point_of_impact,vehicle_left_hand_drive,journey_purpose_of_driver_historic,journey_purpose_of_driver,sex_of_driver,age_of_driver,age_band_of_driver,engine_capacity_cc,propulsion_code,age_of_vehicle,generic_make_model,driver_imd_decile,lsoa_of_driver,escooter_flag,driver_distance_banding
2023461307256,2023,461307256,1,9,0,18,19,6,2,0,0,0,0,0,0,0,1,1,6,6,2,44,7,2993,2,5,LAND ROVER DISCOVERY,8,E01032974,0,-1
2023461371562,2023,461371562,1,9,0,18,19,5,1,0,0,1,0,0,0,0,1,1,6,6,2,-1,-1,2997,2,2,LAND ROVER DISCOVERY,8,E01024015,0,-1
2023371364805,2023,371364805,1,9,0,18,19,3,8,0,0,0,0,0,0,0,3,1,5,6,1,72,10,2720,2,17,LAND ROVER DISCOVERY,6,E01030056,0,-1
2023122301071,2023,122301071,2,9,0,16,19,3,7,0,0,0,0,0,0,0,1,1,6,6,2,28,6,2993,2,6,LAND ROVER DISCOVERY,7,E01027592,0,-1
2023991286334,2023,991286334,1,9,0,18,19,3,6,0,0,4,0,0,7,0,1,1,6,6,1,43,7,1999,2,6,LAND ROVER DISCOVERY,6,-1,0,-1
2023451307186,2023,451307186,2,9,0,18,19,7,3,0,0,0,0,0,0,0,1,1,5,6,1,59,9,2993,2,7,LAND ROVER DISCOVERY,5,E01024208,0,-1
2023131287235,2023,131287235,1,9,0,2,2,1,5,9,9,2,0,0,7,0,3,1,5,6,2,34,6,2179,2,8,LAND ROVER DISCOVERY,7,E01011646,0,-1
2023610015723,2023,610015723,1,9,0,18,19,2,6,0,0,0,5,0,1,2,4,1,2,2,1,44,7,2997,2,1,LAND ROVER DISCOVERY,8,W01001505,0,-1
2023010455684,2023,010455684,1,9,3,4,4,7,3,0,0,1,0,0,0,0,3,1,1,1,1,38,7,1498,8,2,LAND ROVER DISCOVERY,9,E01003478,0,-1
2023440093311,2023,440093311,1,9,0,18,19,4,8,0,0,6,0,0,0,0,3,1,6,6,2,37,7,2993,2,12,LAND ROVER DISCOVERY,-1,-1,0,-1
2023440008688,2023,440008688,2,9,0,18,19,5,1,0,0,1,0,0,0,0,1,1,6,6,1,28,6,2993,2,4,LAND ROVER DISCOVERY,10,E01032006,0,-1
2023302300227,2023,302300227,1,9,0,9,9,6,4,0,0,2,0,0,0,0,3,1,6,6,1,-1,-1,2997,2,1,LAND ROVER DISCOVERY,-1,-1,0,-1
2023070250715,2023,070250715,1,9,0,18,19,2,6,0,0,8,5,7,2,1,3,1,6,6,1,34,6,2993,2,8,LAND ROVER DISCOVERY,1,E01012367,0,-1
2023471361206,2023,471361206,1,9,0,3,3,7,3,0,0,0,0,0,0,0,2,1,5,6,2,39,7,1999,2,6,LAND ROVER DISCOVERY,9,E01021144,0,-1
2023101314331,2023,101314331,2,9,0,2,2,1,5,0,0,0,0,0,0,0,2,1,6,6,3,-1,-1,2720,2,14,LAND ROVER DISCOVERY,-1,-1,0,-1
2023010469163,2023,010469163,1,9,0,9,9,5,2,0,0,8,0,0,0,0,4,1,6,6,1,54,8,1999,2,5,LAND ROVER DISCOVERY,7,E01002338,0,-1
2023041319518,2023,041319518,1,9,0,18,19,3,7,0,0,1,0,0,0,0,1,1,5,6,1,38,7,1999,2,7,LAND ROVER DISCOVERY,7,E01001049,0,-1
2023101335843,2023,101335843,1,9,0,7,7,5,7,0,0,6,0,0,0,0,1,1,6,6,1,26,6,2993,2,13,LAND ROVER DISCOVERY,1,E01008593,0,-1
2023471392288,2023,471392288,2,9,0,3,3,6,2,0,0,1,0,0,0,0,2,1,5,6,2,70,10,1999,2,3,LAND ROVER DISCOVERY,10,E01031621,0,-1
2023122300818,2023,122300818,2,9,0,17,19,5,1,0,0,0,0,0,1,0,1,1,6,6,2,56,9,1999,2,3,LAND ROVER DISCOVERY,9,E01020850,0,-1
2023421320837,2023,421320837,2,9,0,18,19,1,5,0,0,3,0,0,0,0,1,1,6,6,2,36,7,2179,2,8,LAND ROVER DISCOVERY,10,E01021585,0,-1
2023471283035,2023,471283035,1,9,0,18,19,8,5,0,0,8,0,0,1,4,1,1,6,6,1,71,10,1999,2,3,LAND ROVER DISCOVERY,5,E01031611,0,-1
2023440362291,2023,440362291,2,9,0,4,4,4,8,0,0,1,0,0,0,0,1,1,6,6,2,37,7,1999,2,4,LAND ROVER DISCOVERY,8,E01022722,0,-1
2023548563523,2023,548563523,1,9,0,18,19,7,3,0,0,0,0,0,1,9,1,1,1,1,1,35,6,2993,2,9,LAND ROVER DISCOVERY,9,E01032112,0,-1
2023131266409,2023,131266409,1,9,0,9,9,1,3,0,0,8,0,0,0,0,4,1,6,6,1,55,8,2993,2,3,LAND ROVER DISCOVERY,9,E01011456,0,-1
2023461291425,2023,461291425,2,9,0,2,2,0,0,0,0,0,0,0,0,0,3,1,5,6,1,-1,-1,2720,2,18,LAND ROVER DISCOVERY,9,E01016172,0,-1
2023041368268,2023,041368268,1,9,0,18,19,7,3,0,0,0,0,0,3,0,1,1,5,6,2,74,10,2993,2,10,LAND ROVER DISCOVERY,9,E01024956,0,-1
2023451309001,2023,451309001,2,9,0,18,19,8,3,0,0,8,0,0,0,0,1,1,6,6,1,49,8,1999,2,6,LAND ROVER DISCOVERY,9,E01030781,0,-1
2023430073832,2023,430073832,1,9,0,18,19,3,7,0,0,0,0,0,0,0,1,1,6,6,1,32,6,2993,2,10,LAND ROVER DISCOVERY,9,E01028624,0,-1
2023141273555,2023,141273555,1,9,0,18,19,5,1,0,0,0,0,0,0,0,1,1,6,6,2,57,9,1999,2,4,LAND ROVER DISCOVERY,2,E01007815,0,-1
2023340NN2832,2023,340NN2832,1,9,0,18,19,7,3,0,0,6,0,0,0,0,1,1,6,6,1,40,7,2993,2,13,LAND ROVER DISCOVERY,1,E01027127,0,-1
2023461315711,2023,461315711,3,9,0,18,19,3,7,0,0,0,0,0,0,0,2,1,6,6,1,25,5,2993,2,11,LAND ROVER DISCOVERY,7,E01000459,0,-1
2023552300707,2023,552300707,3,9,0,18,19,2,6,0,0,0,0,0,0,0,1,1,6,6,2,37,7,2993,2,9,LAND ROVER DISCOVERY,5,E01015334,0,-1
2023131319524,2023,131319524,1,9,0,6,6,5,1,0,0,1,0,0,0,0,1,1,3,7,2,44,7,1999,2,5,LAND ROVER DISCOVERY,6,E01011071,0,-1
2023010442727,2023,010442727,2,9,0,18,19,1,5,0,0,1,0,0,0,0,3,1,1,1,2,41,7,1999,2,8,LAND ROVER DISCOVERY,-1,-1,0,-1
2023010424120,2023,010424120,2,9,0,1,1,7,1,0,0,1,0,10,0,0,2,1,6,6,1,23,5,1997,1,3,LAND ROVER DISCOVERY,-1,-1,0,-1
2023361381793,2023,361381793,1,9,0,5,5,5,1,0,0,8,0,0,0,0,3,1,5,6,1,75,10,1498,8,2,LAND ROVER DISCOVERY,4,E01026780,0,-1
202363A010523,2023,63A010523,2,9,0,13,13,6,2,0,0,8,0,0,4,6,4,1,6,6,1,25,5,2720,2,15,LAND ROVER DISCOVERY,5,W01000794,0,-1
2023471326741,2023,471326741,2,9,4,2,2,0,0,0,0,0,0,0,0,0,2,1,6,6,3,-1,-1,2720,2,17,LAND ROVER DISCOVERY,-1,-1,0,-1
2023461264179,2023,461264179,1,9,0,18,19,8,4,0,0,0,0,0,0,0,1,1,5,6,2,49,8,1999,2,7,LAND ROVER DISCOVERY,2,E01024311,0,-1
2023010439597,2023,010439597,1,9,0,18,19,7,3,0,0,8,0,0,0,0,1,1,6,6,2,46,8,1999,2,7,LAND ROVER DISCOVERY,5,E01000747,0,-1
2023332300510,2023,332300510,2,9,0,17,19,3,8,0,0,0,0,0,0,0,1,1,6,6,1,68,10,2495,2,21,LAND ROVER DISCOVERY,3,E01025949,0,-1
2023471299661,2023,471299661,1,9,0,18,19,7,3,0,0,0,0,0,0,0,3,1,3,7,1,68,10,1997,1,3,LAND ROVER DISCOVERY,9,E01031592,0,-1
2023111288527,2023,111288527,2,9,4,2,2,0,0,9,9,0,0,0,0,0,3,1,3,7,2,30,6,2720,2,18,LAND ROVER DISCOVERY,-1,-1,0,-1
2023170S40073,2023,170S40073,1,9,0,9,9,8,6,0,0,8,0,0,0,0,1,1,2,2,2,40,7,1999,2,4,LAND ROVER DISCOVERY,1,E01012150,0,-1
2023531272408,2023,531272408,1,9,0,18,19,1,5,0,0,0,0,0,0,0,1,2,2,2,2,55,8,2993,2,12,LAND ROVER DISCOVERY,8,E01030884,0,-1
2023421330275,2023,421330275,3,9,0,4,4,5,1,0,0,1,0,0,0,0,1,1,5,6,1,61,9,2495,2,19,LAND ROVER DISCOVERY,10,E01021379,0,-1
2023010438919,2023,010438919,1,9,9,99,99,9,9,99,99,9,9,99,9,99,9,9,6,6,2,39,7,2993,2,6,LAND ROVER DISCOVERY,5,E01004646,0,-1
2023991343146,2023,991343146,2,9,0,18,19,7,7,1,1,0,5,11,1,11,1,1,1,1,1,24,5,2495,2,22,LAND ROVER DISCOVERY,5,-1,0,-1
2023122301091,2023,122301091,3,9,0,2,2,0,0,0,0,0,0,0,0,0,2,1,6,6,3,-1,-1,2495,2,21,LAND ROVER DISCOVERY,-1,-1,0,-1
2023131279780,2023,131279780,2,9,0,9,9,5,3,0,0,1,0,0,0,0,3,1,5,6,1,57,9,2720,2,16,LAND ROVER DISCOVERY,8,E01011118,0,-1
2023401339097,2023,401339097,2,9,0,18,19,5,1,0,0,7,0,0,0,0,2,1,5,6,1,38,7,1997,1,3,LAND ROVER DISCOVERY,4,E01003913,0,-1
2023221315876,2023,221315876,2,9,0,9,9,1,7,0,0,6,0,0,0,0,1,1,3,7,2,42,7,1999,2,3,LAND ROVER DISCOVERY,5,E01032193,0,-1
2023101288131,2023,101288131,1,9,0,18,19,2,8,0,0,8,0,0,0,0,1,1,5,6,1,65,9,1999,2,4,LAND ROVER DISCOVERY,5,-1,0,-1
2023221374335,2023,221374335,1,9,0,14,14,8,4,0,0,8,0,0,0,0,1,1,2,2,2,55,8,1999,2,7,LAND ROVER DISCOVERY,7,E01014114,0,-1
2023201281767,2023,201281767,1,9,0,12,12,6,4,0,0,8,0,0,0,0,1,1,6,6,1,31,6,2993,2,8,LAND ROVER DISCOVERY,5,E01019947,0,-1
2023501314535,2023,501314535,2,9,0,4,4,2,6,0,0,1,0,0,0,0,2,1,6,6,1,67,10,1999,2,7,LAND ROVER DISCOVERY,4,E01018956,0,-1
2023451315453,2023,451315453,2,9,0,18,19,5,1,0,0,8,0,0,0,0,1,1,5,6,1,68,10,1999,2,4,LAND ROVER DISCOVERY,9,E01030890,0,-1
2023361280646,2023,361280646,1,9,0,18,19,1,4,0,0,4,0,0,0,0,1,1,6,6,1,66,10,1999,2,6,LAND ROVER DISCOVERY,8,E01029942,0,-1
2023302300278,2023,302300278,2,9,0,17,19,8,6,0,0,1,0,0,0,0,3,1,6,6,2,34,6,1998,2,1,LAND ROVER DISCOVERY,5,E01029470,0,-1
2023320021448,2023,320021448,1,9,4,18,19,4,8,0,0,0,0,0,0,0,1,1,2,2,1,53,8,2495,2,20,LAND ROVER DISCOVERY,-1,-1,0,-1
202360A032782,2023,60A032782,5,9,0,4,4,6,2,0,0,0,0,0,0,0,1,1,6,6,2,33,6,2720,2,16,LAND ROVER DISCOVERY,-1,-1,0,-1
2023122400039,2023,122400039,1,9,0,18,19,1,5,0,0,0,0,0,0,0,1,1,6,6,1,26,6,2993,2,11,LAND ROVER DISCOVERY,10,E01027607,0,-1
2023041260297,2023,041260297,1,9,0,18,19,1,5,0,0,0,0,0,0,0,3,1,6,6,1,69,10,1999,2,6,LAND ROVER DISCOVERY,10,E01025341,0,-1
2023111289372,2023,111289372,1,9,0,18,19,1,5,0,0,0,0,0,0,0,1,1,6,6,1,60,9,2720,2,14,LAND ROVER DISCOVERY,2,E01012357,0,-1
2023101389667,2023,101389667,1,9,0,1,1,7,7,0,0,0,0,0,0,0,2,1,5,6,1,54,8,2720,2,16,LAND ROVER DISCOVERY,9,E01008580,0,-1
2023401320874,2023,401320874,2,9,0,18,19,-1,-1,0,0,0,0,0,0,0,1,1,5,6,1,47,8,2993,2,12,LAND ROVER DISCOVERY,6,E01018190,0,-1
2023131260772,2023,131260772,2,9,0,18,19,1,5,0,0,1,0,0,0,0,1,1,6,6,1,34,6,2495,2,26,LAND ROVER DISCOVERY,2,E01011262,0,-1
2023991289154,2023,991289154,2,9,0,9,9,2,8,0,0,1,0,0,0,0,2,1,2,2,2,66,10,1998,2,0,LAND ROVER DISCOVERY,7,-1,0,-1
2023010422941,2023,010422941,1,9,0,18,19,2,6,9,9,8,0,0,1,1,4,1,6,6,1,57,9,2993,2,9,LAND ROVER DISCOVERY,6,E01002166,0,-1
2023070893428,2023,070893428,1,9,0,5,5,3,7,0,0,4,0,0,0,0,1,1,6,6,1,48,8,2993,2,3,LAND ROVER DISCOVERY,7,E01018742,0,-1
2023411308441,2023,411308441,1,9,0,5,5,-1,-1,0,0,8,0,0,0,0,0,1,6,6,2,41,7,1999,2,7,LAND ROVER DISCOVERY,9,E01023444,0,-1
2023122300159,2023,122300159,2,9,0,18,19,3,7,0,0,0,0,0,7,0,3,1,6,6,1,77,11,2720,2,17,LAND ROVER DISCOVERY,6,E01027814,0,-1
2023461318365,2023,461318365,2,9,0,3,3,3,8,0,0,1,0,0,0,0,2,1,6,6,2,48,8,1999,2,6,LAND ROVER DISCOVERY,9,E01021512,0,-1
2023421295753,2023,421295753,1,9,0,18,19,1,5,0,0,0,0,0,0,0,1,1,6,6,1,34,6,2179,2,8,LAND ROVER DISCOVERY,3,E01024149,0,-1
2023052302391,2023,052302391,1,9,0,3,3,5,1,0,0,1,0,0,0,0,4,1,6,6,1,-1,-1,1999,2,4,LAND ROVER DISCOVERY,-1,-1,0,-1
2023501325976,2023,501325976,3,9,0,2,2,0,0,9,9,2,0,0,0,0,1,1,6,6,1,63,9,1999,2,5,LAND ROVER DISCOVERY,4,E01018944,0,-1
2023501299560,2023,501299560,1,9,0,9,9,4,2,0,0,6,0,0,0,0,1,2,5,6,2,35,6,2993,2,9,LAND ROVER DISCOVERY,5,E01018831,0,-1
202360A179378,2023,60A179378,2,9,4,18,19,1,5,0,0,0,0,0,0,0,3,1,6,6,1,-1,-1,2495,2,19,LAND ROVER DISCOVERY,-1,-1,0,-1
2023170M10173,2023,170M10173,3,9,0,18,19,7,3,0,0,1,0,0,0,0,1,1,2,2,2,40,7,2993,2,6,LAND ROVER DISCOVERY,5,E01027841,0,-1
2023010452355,2023,010452355,1,9,0,99,99,9,9,99,99,0,9,99,9,99,2,9,6,6,3,-1,-1,1498,8,1,LAND ROVER DISCOVERY,-1,-1,0,-1
2023010484251,2023,010484251,2,9,0,18,19,5,1,0,0,0,0,0,0,0,3,1,6,6,1,57,9,1498,8,2,LAND ROVER DISCOVERY,10,E01030308,0,-1
2023991303622,2023,991303622,2,9,0,18,19,1,5,0,0,0,0,0,0,0,1,1,5,6,2,32,6,2993,2,11,LAND ROVER DISCOVERY,2,-1,0,-1
2023061278563,2023,061278563,1,9,0,18,19,1,1,0,0,8,0,0,0,0,1,1,6,6,1,-1,-1,1999,2,8,LAND ROVER DISCOVERY,-1,-1,0,-1
2023471353697,2023,471353697,2,9,0,9,9,4,2,0,0,6,0,0,0,0,3,1,1,1,1,38,7,2720,2,16,LAND ROVER DISCOVERY,8,E01031629,0,-1
2023221315324,2023,221315324,1,9,0,18,19,4,8,0,0,0,0,0,1,1,1,1,5,6,1,33,6,2993,2,3,LAND ROVER DISCOVERY,2,E01014047,0,-1
2023451374445,2023,451374445,4,9,0,18,19,3,7,0,0,0,0,0,0,0,3,1,5,6,2,50,8,2993,2,10,LAND ROVER DISCOVERY,10,E01030883,0,-1
2023471302263,2023,471302263,1,9,0,18,19,1,5,0,0,8,0,0,0,0,1,1,5,6,1,43,7,2997,2,2,LAND ROVER DISCOVERY,5,E01021116,0,-1
2023430563443,2023,430563443,2,9,0,2,2,0,0,0,0,2,0,0,0,0,2,1,6,6,1,-1,-1,2993,2,3,LAND ROVER DISCOVERY,10,E01016182,0,-1
2023332301017,2023,332301017,1,9,0,9,9,5,3,0,0,5,0,0,0,0,1,1,6,6,2,76,11,2487,2,23,LAND ROVER DISCOVERY,9,E01025838,0,-1
2023610007223,2023,610007223,2,9,0,10,10,5,7,0,0,1,0,0,0,0,2,1,6,6,2,47,8,2993,2,12,LAND ROVER DISCOVERY,6,W01001564,0,-1
2023031333299,2023,031333299,1,9,0,17,19,1,5,0,0,0,2,0,0,0,1,1,5,6,2,61,9,2495,2,19,LAND ROVER DISCOVERY,3,E01025376,0,-1
2023461352096,2023,461352096,2,9,0,18,19,8,4,0,0,0,0,0,0,0,3,1,6,6,2,44,7,1999,2,8,LAND ROVER DISCOVERY,8,E01024434,0,-1
2023501321137,2023,501321137,1,9,0,18,19,2,6,0,0,0,0,0,0,0,3,1,6,6,2,52,8,2720,2,17,LAND ROVER DISCOVERY,7,E01020150,0,-1
2023101358568,2023,101358568,2,9,0,18,19,5,1,0,0,1,0,0,7,11,1,1,5,6,1,30,6,2720,2,17,LAND ROVER DISCOVERY,3,E01027414,0,-1
2023471358365,2023,471358365,1,9,0,6,6,3,7,0,0,0,0,0,0,0,4,1,1,1,2,20,4,2495,2,24,LAND ROVER DISCOVERY,6,E01021145,0,-1
2023131385541,2023,131385541,2,9,0,18,19,3,7,9,9,0,1,0,6,11,1,2,5,6,2,53,8,2720,2,18,LAND ROVER DISCOVERY,5,E01007438,0,-1
2023471278002,2023,471278002,1,9,0,18,19,5,1,0,0,6,0,11,1,2,1,1,5,6,1,21,5,2997,2,1,LAND ROVER DISCOVERY,7,E01004660,0,-1
2023070435685,2023,070435685,2,9,0,18,19,7,3,0,0,0,0,0,0,0,2,1,6,6,2,40,7,2997,2,1,LAND ROVER DISCOVERY,8,E01018598,0,-1
2023430539781,2023,430539781,1,9,0,18,19,1,5,0,0,1,0,0,0,0,1,1,6,6,2,35,6,2720,2,19,LAND ROVER DISCOVERY,-1,-1,0,-1
2023991354614,2023,991354614,1,9,0,16,19,3,7,0,0,1,0,0,0,0,3,1,6,6,1,59,9,2993,2,10,LAND ROVER DISCOVERY,-1,-1,0,-1
2023430010574,2023,430010574,2,9,0,18,19,4,8,0,0,4,0,0,0,0,3,1,6,6,2,45,7,1999,2,6,LAND ROVER DISCOVERY,-1,-1,0,-1
2023010441840,2023,010441840,2,9,0,7,7,7,2,0,0,8,0,0,0,0,2,1,6,6,1,20,4,1999,2,6,LAND ROVER DISCOVERY,2,E01004305,0,-1
2023522300893,2023,522300893,2,9,0,18,19,6,2,0,0,0,0,0,0,0,2,1,6,6,2,54,8,1999,2,4,LAND ROVER DISCOVERY,10,E01014966,0,-1
2023461314968,2023,461314968,2,9,0,18,19,8,4,0,0,0,0,0,0,0,1,1,2,2,2,30,6,1997,1,4,LAND ROVER DISCOVERY,9,E01016060,0,-1
2023161351745,2023,161351745,2,9,0,7,7,5,7,0,0,1,0,0,0,0,2,1,6,6,2,31,6,1999,2,7,LAND ROVER DISCOVERY,4,E01013106,0,-1
2023430231653,2023,430231653,1,9,0,9,9,2,1,0,0,5,0,0,0,0,4,1,6,6,2,37,7,2179,2,8,LAND ROVER DISCOVERY,9,E01016313,0,-1
2023440304371,2023,440304371,3,9,0,18,19,6,2,0,0,0,0,0,0,0,2,1,6,6,1,49,8,1999,2,6,LAND ROVER DISCOVERY,6,E01018056,0,-1
2023461338395,2023,461338395,1,9,0,9,9,6,2,0,0,1,0,0,0,0,1,1,5,6,2,43,7,2495,2,19,LAND ROVER DISCOVERY,7,E01024569,0,-1
2023461284730,2023,461284730,1,9,0,-1,-1,-1,-1,-1,-1,0,-1,-1,-1,0,1,1,6,6,2,38,7,2993,2,6,LAND ROVER DISCOVERY,6,E01024052,0,-1
2023421272494,2023,421272494,1,9,0,18,19,5,1,0,0,0,0,0,0,0,1,1,6,6,1,31,6,2495,2,22,LAND ROVER DISCOVERY,7,E01021571,0,-1
2023141310999,2023,141310999,2,9,0,18,19,5,1,0,0,0,0,0,1,0,3,1,5,6,2,43,7,1999,2,6,LAND ROVER DISCOVERY,5,E01007751,0,-1
202363A004623,2023,63A004623,3,9,0,18,19,8,4,0,0,0,0,0,1,7,1,1,1,1,2,64,9,1999,2,4,LAND ROVER DISCOVERY,5,W01000728,0,-1
2023543198023,2023,543198023,2,9,0,18,19,4,8,0,0,1,0,0,0,0,1,1,6,6,1,56,9,2993,2,7,LAND ROVER DISCOVERY,10,E01031966,0,-1
2023471387836,2023,471387836,2,9,0,17,19,5,1,0,0,0,0,0,0,0,2,2,6,6,1,-1,-1,2993,2,10,LAND ROVER DISCOVERY,6,E01017012,0,-1
2023131283260,2023,131283260,3,9,0,18,19,1,5,0,0,0,0,0,1,11,1,1,5,6,1,27,6,2495,2,22,LAND ROVER DISCOVERY,5,E01011666,0,-1
2023131280512,2023,131280512,1,9,0,-1,-1,-1,-1,-1,-1,0,-1,-1,-1,-1,-1,1,6,6,3,-1,-1,2993,2,13,LAND ROVER DISCOVERY,-1,-1,0,-1
2023351333047,2023,351333047,2,9,0,17,19,7,3,0,0,0,0,0,1,0,1,1,6,6,1,60,9,1498,8,3,LAND ROVER DISCOVERY,9,E01018202,0,-1
2023471317420,2023,471317420,1,9,0,11,11,1,3,0,0,3,1,0,0,0,1,1,6,6,1,50,8,2495,2,25,LAND ROVER DISCOVERY,6,E01031792,0,-1
2023461322887,2023,461322887,1,9,0,18,19,7,3,0,0,1,0,11,0,0,3,1,4,7,1,33,6,1999,2,4,LAND ROVER DISCOVERY,5,E01024381,0,-1
2023501276247,2023,501276247,2,9,0,18,19,6,2,0,0,0,0,0,0,0,1,1,3,7,2,49,8,1498,8,1,LAND ROVER DISCOVERY,5,E01018779,0,-1
2023010444116,2023,010444116,2,9,0,17,19,5,1,0,0,1,0,0,0,0,1,1,6,6,1,30,6,1999,2,4,LAND ROVER DISCOVERY,4,E01001497,0,-1
2023041263082,2023,041263082,4,9,0,2,2,1,3,0,0,1,0,0,0,0,4,1,6,6,2,52,8,1999,2,6,LAND ROVER DISCOVERY,4,E01025518,0,-1
2023141349757,2023,141349757,1,9,0,7,7,1,4,0,0,1,0,0,1,0,4,1,5,6,2,30,6,1999,2,3,LAND ROVER DISCOVERY,5,E01007478,0,-1
2023041343144,2023,041343144,2,9,0,18,19,3,7,0,0,1,1,0,2,0,3,1,1,1,1,49,8,2993,2,4,LAND ROVER DISCOVERY,7,E01025279,0,-1
2023340NN2062,2023,340NN2062,1,9,0,18,19,1,5,0,0,8,0,0,0,0,1,1,6,6,2,29,6,2495,2,19,LAND ROVER DISCOVERY,5,E01027328,0,-1
202354D311623,2023,54D311623,1,9,0,18,19,5,1,0,0,0,0,0,1,4,1,1,6,6,2,33,6,1999,2,4,LAND ROVER DISCOVERY,7,E01032067,0,-1
2023520400506,2023,520400506,1,9,0,3,3,6,2,0,0,4,0,0,0,0,2,1,6,6,1,57,9,1999,2,6,LAND ROVER DISCOVERY,8,E01020583,0,-1
202360A055303,2023,60A055303,1,9,0,18,19,6,2,0,0,1,0,0,0,0,1,1,6,6,2,22,5,2495,2,20,LAND ROVER DISCOVERY,-1,-1,0,-1
2023010465518,2023,010465518,1,9,0,5,5,7,3,0,0,4,0,0,0,0,3,1,6,6,1,46,8,1999,2,3,LAND ROVER DISCOVERY,5,E01002426,0,-1
2023520400507,2023,520400507,2,9,0,18,19,8,4,0,0,1,0,0,0,0,2,2,6,6,1,62,9,2720,2,15,LAND ROVER DISCOVERY,5,E01029330,0,-1
2023545604423,2023,545604423,2,9,0,18,19,3,7,0,0,0,0,0,0,0,1,1,6,6,1,59,9,1999,2,4,LAND ROVER DISCOVERY,5,E01033530,0,-1
2023010480989,2023,010480989,3,9,0,18,19,7,3,0,0,1,0,4,0,0,2,1,6,6,2,31,6,1999,2,7,LAND ROVER DISCOVERY,3,E01002503,0,-1
2023471328656,2023,471328656,2,9,0,2,2,0,0,0,0,0,0,0,0,0,4,1,6,6,3,-1,-1,2720,2,18,LAND ROVER DISCOVERY,-1,-1,0,-1
2023501287441,2023,501287441,2,9,0,18,19,4,8,0,0,0,0,0,0,0,2,1,6,6,1,64,9,2993,2,3,LAND ROVER DISCOVERY,8,E01020158,0,-1
2023141359042,2023,141359042,1,9,0,1,1,3,7,0,0,0,0,0,0,0,2,1,6,6,2,52,8,1999,2,2,LAND ROVER DISCOVERY,6,E01007526,0,-1
2023010441847,2023,010441847,1,9,0,99,99,9,9,99,99,9,9,99,9,99,9,9,6,6,1,-1,-1,1999,2,7,LAND ROVER DISCOVERY,6,E01002541,0,-1
2023010445850,2023,010445850,1,9,0,99,99,9,9,99,99,9,9,99,9,99,9,9,6,6,1,52,8,1999,2,5,LAND ROVER DISCOVERY,4,E01003277,0,-1
2023501314376,2023,501314376,1,9,0,9,9,8,6,0,0,5,0,0,0,0,2,1,5,6,2,42,7,2993,2,11,LAND ROVER DISCOVERY,7,E01020205,0,-1
2023440305561,2023,440305561,1,9,0,18,19,2,6,0,0,0,0,0,0,0,4,1,6,6,1,-1,-1,2993,2,6,LAND ROVER DISCOVERY,-1,-1,0,-1
2023041297521,2023,041297521,3,9,0,3,3,5,1,0,0,1,0,0,0,0,2,1,5,6,1,40,7,1999,2,5,LAND ROVER DISCOVERY,8,E01024914,0,-1
2023010444954,2023,010444954,1,9,0,4,4,5,1,0,0,0,0,0,0,0,0,2,6,6,2,55,8,2720,2,15,LAND ROVER DISCOVERY,9,E01002994,0,-1
2023332300451,2023,332300451,3,9,0,2,2,0,0,0,0,0,0,0,0,0,2,1,6,6,3,-1,-1,2993,2,6,LAND ROVER DISCOVERY,-1,-1,0,-1
2023141330524,2023,141330524,1,9,0,18,19,5,1,0,0,0,0,0,0,0,2,1,6,6,1,37,7,1999,2,7,LAND ROVER DISCOVERY,1,E01007738,0,-1
2023991319003,2023,991319003,1,9,0,5,5,7,5,0,0,6,0,0,0,0,3,2,5,6,1,41,7,1498,8,1,LAND ROVER DISCOVERY,10,-1,0,-1
2023430448045,2023,430448045,2,9,0,18,19,1,5,0,0,8,0,0,0,0,3,1,6,6,1,59,9,1999,2,4,LAND ROVER DISCOVERY,6,E01020326,0,-1
2023122300595,2023,122300595,1,9,0,18,19,4,8,0,0,0,5,0,7,4,1,1,6,6,1,62,9,2993,2,7,LAND ROVER DISCOVERY,6,E01027923,0,-1
2023071293832,2023,071293832,1,9,0,18,19,6,2,0,0,2,0,0,0,0,3,1,2,2,2,41,7,1999,2,7,LAND ROVER DISCOVERY,9,E01012514,0,-1
2023010467603,2023,010467603,1,9,0,3,3,1,5,0,0,1,0,0,0,0,4,1,2,2,1,48,8,1999,2,8,LAND ROVER DISCOVERY,4,E01003628,0,-1
2023010479457,2023,010479457,1,9,0,18,19,7,3,0,0,2,0,0,0,0,1,1,3,7,1,40,7,1999,2,7,LAND ROVER DISCOVERY,8,E01021433,0,-1