collision_index,collision_year,collision_ref_no,vehicle_reference,vehicle_type,towing_and_articulation,vehicle_manoeuvre_historic,vehicle_manoeuvre,vehicle_direction_from,vehicle_direction_to,vehicle_location_restricted_lane_historic,vehicle_location_restricted_lane,junction_location,skidding_and_overturning,hit_object_in_carriageway,vehicle_leaving_carriageway,hit_object_off_carriageway,first_point_of_impact,vehicle_left_hand_drive,journey_purpose_of_driver_historic,journey_purpose_of_driver,sex_of_driver,age_of_driver,age_band_of_driver,engine_capacity_cc,propulsion_code,age_of_vehicle,generic_make_model,driver_imd_decile,lsoa_of_driver,escooter_flag,driver_distance_banding
2023122301199,2023,122301199,2,9,0,18,19,8,4,0,0,0,0,0,0,0,1,1,6,6,1,70,10,2993,2,13,LAND ROVER DISCOVERY,6,E01027797,0,-1
2023320198815,2023,320198815,5,9,0,18,19,1,5,0,0,0,0,0,0,0,2,1,6,6,2,40,7,1999,2,7,LAND ROVER DISCOVERY,10,E01013261,0,-1
2023451279462,2023,451279462,1,9,0,18,19,3,1,0,0,0,0,0,0,0,2,1,6,6,1,36,7,2720,2,17,LAND ROVER DISCOVERY,8,E01024419,0,-1
2023520300882,2023,520300882,1,9,0,9,9,1,5,0,0,8,0,0,0,0,4,1,6,6,2,47,8,2720,2,15,LAND ROVER DISCOVERY,7,E01029211,0,-1
2023371307383,2023,371307383,2,9,0,10,10,3,1,0,0,1,0,0,0,0,3,1,5,6,2,81,11,2993,2,6,LAND ROVER DISCOVERY,7,E01021972,0,-1
2023010454050,2023,010454050,1,9,0,18,19,8,4,0,0,0,5,10,1,4,4,1,6,6,1,48,8,1999,2,6,LAND ROVER DISCOVERY,8,E01000989,0,-1
2023340NN1282,2023,340NN1282,1,9,0,18,19,5,1,0,0,0,0,0,7,0,1,1,6,6,2,26,6,1999,2,6,LAND ROVER DISCOVERY,8,E01027160,0,-1
2023991390833,2023,991390833,1,9,0,18,19,2,6,0,0,0,0,0,0,0,1,1,2,2,2,46,8,1999,2,4,LAND ROVER DISCOVERY,8,-1,0,-1
2023231275557,2023,231275557,2,9,0,18,19,6,2,0,0,8,0,0,0,0,3,1,6,6,2,49,8,2993,2,4,LAND ROVER DISCOVERY,5,E01009556,0,-1
2023141344906,2023,141344906,1,9,0,18,19,1,5,0,0,0,1,0,7,10,1,1,5,6,1,17,4,2993,2,7,LAND ROVER DISCOVERY,2,E01007443,0,-1
2023461320553,2023,461320553,2,9,0,18,19,5,1,0,0,0,0,0,0,0,1,1,6,6,2,-1,-1,1997,1,2,LAND ROVER DISCOVERY,10,E01016026,0,-1
2023302301635,2023,302301635,3,9,0,18,19,3,7,0,0,1,0,0,0,0,1,1,2,2,1,29,6,2997,2,2,LAND ROVER DISCOVERY,2,E01019565,0,-1
2023552300561,2023,552300561,2,9,0,18,19,3,7,0,0,0,0,0,0,0,3,1,6,6,1,60,9,1999,2,4,LAND ROVER DISCOVERY,8,E01020583,0,-1
2023010474415,2023,010474415,2,9,0,3,3,3,7,0,0,1,0,4,0,0,1,1,6,6,1,53,8,1999,2,6,LAND ROVER DISCOVERY,3,E01001190,0,-1
2023451387395,2023,451387395,2,9,0,18,19,7,3,0,0,1,0,0,8,0,1,1,5,6,1,58,9,2993,2,8,LAND ROVER DISCOVERY,6,E01030827,0,-1
2023311357907,2023,311357907,1,9,0,18,19,1,5,0,0,0,0,0,0,0,1,1,6,6,1,37,7,2720,2,16,LAND ROVER DISCOVERY,-1,-1,0,-1
2023501345569,2023,501345569,1,9,4,18,19,3,1,0,0,0,0,0,0,0,0,1,6,6,1,73,10,2993,2,13,LAND ROVER DISCOVERY,6,E01018845,0,-1
2023430565847,2023,430565847,2,9,0,18,19,2,6,0,0,0,0,0,0,0,3,1,6,6,1,53,8,2495,2,19,LAND ROVER DISCOVERY,8,E01016281,0,-1
2023010482898,2023,010482898,1,9,0,9,9,3,1,0,0,6,0,0,0,0,1,1,6,6,1,41,7,1999,2,7,LAND ROVER DISCOVERY,7,E01003696,0,-1
2023201297277,2023,201297277,1,9,0,7,7,8,2,0,0,4,0,0,0,0,1,1,6,6,1,47,8,1999,2,6,LAND ROVER DISCOVERY,6,E01009717,0,-1
2023451306828,2023,451306828,1,9,0,18,19,3,7,0,0,0,0,0,0,0,4,1,5,6,1,29,6,2720,2,16,LAND ROVER DISCOVERY,7,E01002986,0,-1
202360A009942,2023,60A009942,2,9,0,2,2,0,0,0,0,0,0,0,0,0,3,1,6,6,2,45,7,1999,2,6,LAND ROVER DISCOVERY,-1,-1,0,-1
2023052301301,2023,052301301,2,9,0,18,19,3,7,0,0,1,0,0,0,0,1,1,6,6,2,33,6,2993,2,5,LAND ROVER DISCOVERY,1,W01000304,0,-1
2023332300154,2023,332300154,2,9,0,11,11,3,7,0,0,0,0,0,0,0,1,1,6,6,1,43,7,2993,2,6,LAND ROVER DISCOVERY,7,E01013686,0,-1
2023371380498,2023,371380498,2,9,0,18,19,5,1,0,0,2,0,0,0,0,1,1,6,6,1,69,10,2720,2,17,LAND ROVER DISCOVERY,4,E01030201,0,-1
2023332301038,2023,332301038,2,9,0,13,13,5,1,0,0,0,0,0,0,0,4,1,6,6,2,-1,-1,2993,2,8,LAND ROVER DISCOVERY,-1,-1,0,-1
2023061289048,2023,061289048,2,9,0,8,8,7,4,0,0,2,0,0,0,0,4,1,6,6,1,49,8,1999,2,3,LAND ROVER DISCOVERY,8,E01004845,0,-1
2023111380663,2023,111380663,1,9,0,18,19,7,3,0,0,0,0,0,0,0,1,1,6,6,2,54,8,2993,2,7,LAND ROVER DISCOVERY,7,E01020853,0,-1
2023041366174,2023,041366174,2,9,0,18,19,3,7,0,0,1,0,0,0,0,1,1,6,6,1,58,9,1999,2,5,LAND ROVER DISCOVERY,9,E01025021,0,-1
2023451361820,2023,451361820,1,9,0,9,9,1,5,0,0,8,0,0,0,0,1,1,3,7,1,57,9,1997,1,2,LAND ROVER DISCOVERY,7,E01030515,0,-1
2023461396674,2023,461396674,1,9,0,18,19,1,5,0,0,0,1,0,0,0,1,1,6,6,3,-1,-1,2993,2,8,LAND ROVER DISCOVERY,-1,-1,0,-1
2023461303560,2023,461303560,1,9,0,18,19,1,5,0,0,0,5,0,0,0,3,1,6,6,1,18,4,2993,2,11,LAND ROVER DISCOVERY,4,E01024566,0,-1
2023461303740,2023,461303740,2,9,0,12,12,5,1,0,0,0,0,0,0,0,1,1,6,6,2,59,9,2993,2,8,LAND ROVER DISCOVERY,7,E01032811,0,-1
2023010449129,2023,010449129,1,9,0,3,3,5,1,0,0,0,0,0,0,0,2,1,6,6,2,38,7,1999,2,7,LAND ROVER DISCOVERY,2,E01003187,0,-1
2023631342290,2023,631342290,1,9,0,18,19,4,8,0,0,1,0,0,0,0,1,1,5,6,1,35,6,1999,2,3,LAND ROVER DISCOVERY,7,W01000474,0,-1
2023010446790,2023,010446790,2,9,9,99,99,9,9,99,99,9,9,99,9,99,9,9,6,6,1,26,6,1498,8,0,LAND ROVER DISCOVERY,3,E01004019,0,-1
2023543144123,2023,543144123,2,9,0,4,4,1,5,0,0,0,0,0,0,0,2,1,6,6,1,64,9,2993,2,10,LAND ROVER DISCOVERY,8,E01032121,0,-1
2023221296847,2023,221296847,2,9,0,17,19,4,1,0,0,0,0,0,0,0,1,1,5,6,1,24,5,2495,2,21,LAND ROVER DISCOVERY,8,W01000429,0,-1
2023221347085,2023,221347085,2,9,4,9,9,8,6,0,0,5,0,0,0,0,3,1,5,6,1,62,9,2997,2,0,LAND ROVER DISCOVERY,5,E01028960,0,-1
2023320235718,2023,320235718,1,9,0,18,19,4,8,0,0,2,0,0,0,0,2,1,6,6,2,36,7,1999,2,7,LAND ROVER DISCOVERY,7,E01026208,0,-1
2023522400069,2023,522400069,2,9,0,18,19,1,5,0,0,1,0,0,0,0,1,1,6,6,3,-1,-1,1999,2,6,LAND ROVER DISCOVERY,-1,-1,0,-1
2023201278250,2023,201278250,3,9,0,17,19,8,4,0,0,0,1,0,0,0,1,1,6,6,1,33,6,2997,2,1,LAND ROVER DISCOVERY,10,E01010185,0,-1
2023991360609,2023,991360609,1,9,0,18,19,2,6,0,0,0,0,12,0,0,1,1,5,6,1,56,9,2720,2,18,LAND ROVER DISCOVERY,2,-1,0,-1
2023991266640,2023,991266640,1,9,0,9,9,3,1,0,0,6,0,0,0,0,1,1,5,6,1,64,9,2993,2,7,LAND ROVER DISCOVERY,10,-1,0,-1
2023302301680,2023,302301680,1,9,0,16,19,2,4,0,0,2,0,0,0,0,1,1,6,6,1,-1,-1,2495,2,19,LAND ROVER DISCOVERY,2,E01019644,0,-1
2023031313459,2023,031313459,2,9,0,9,9,6,4,0,0,1,0,0,0,0,0,1,1,1,2,27,6,1999,2,4,LAND ROVER DISCOVERY,-1,-1,0,-1
2023010422106,2023,010422106,1,9,0,99,99,9,9,0,0,8,0,0,0,0,2,9,2,2,1,48,8,2720,2,18,LAND ROVER DISCOVERY,5,E01023325,0,-1
2023520300988,2023,520300988,1,9,0,9,9,3,2,0,0,8,0,0,0,0,1,1,6,6,1,24,5,2495,2,19,LAND ROVER DISCOVERY,5,E01029137,0,-1
2023070335936,2023,070335936,1,9,4,18,19,1,5,0,0,0,4,0,0,0,2,1,1,1,1,30,6,2487,2,23,LAND ROVER DISCOVERY,1,E01006728,0,-1
2023010475099,2023,010475099,1,9,0,1,1,5,1,9,9,0,0,0,0,0,2,1,6,6,1,22,5,1999,2,6,LAND ROVER DISCOVERY,3,E01002560,0,-1
2023061289699,2023,061289699,2,9,-1,18,19,1,5,0,0,0,0,0,0,0,2,1,6,6,2,30,6,1999,2,5,LAND ROVER DISCOVERY,9,E01018390,0,-1
2023311262682,2023,311262682,1,9,0,2,2,6,6,0,0,0,0,0,7,0,2,1,6,6,2,53,8,2720,2,16,LAND ROVER DISCOVERY,2,E01027986,0,-1
2023041357457,2023,041357457,1,9,0,5,5,8,4,0,0,6,0,0,0,0,3,1,6,6,2,47,8,1999,2,8,LAND ROVER DISCOVERY,8,E01024957,0,-1
2023471273566,2023,471273566,2,9,0,18,19,5,1,0,0,0,0,0,1,0,1,1,5,6,2,44,7,2993,2,6,LAND ROVER DISCOVERY,8,E01031659,0,-1
2023201310560,2023,201310560,2,9,0,9,9,2,8,0,0,1,0,0,0,0,1,1,6,6,1,34,6,1999,2,6,LAND ROVER DISCOVERY,3,E01003221,0,-1
2023010448960,2023,010448960,1,9,0,18,19,7,3,0,0,1,0,0,0,0,3,1,3,7,2,47,8,1999,2,5,LAND ROVER DISCOVERY,2,E01000065,0,-1
2023540537423,2023,540537423,2,9,0,7,7,5,7,9,9,5,0,0,0,0,3,1,1,1,1,65,9,1999,2,8,LAND ROVER DISCOVERY,7,E01031926,0,-1
2023501278555,2023,501278555,1,9,0,18,19,1,5,0,0,0,2,0,2,10,1,1,5,6,1,18,4,2495,2,20,LAND ROVER DISCOVERY,7,E01019935,0,-1
2023531263143,2023,531263143,4,9,0,18,19,2,6,0,0,0,0,0,0,0,0,1,5,6,1,70,10,2495,2,21,LAND ROVER DISCOVERY,5,E01022265,0,-1
2023061353391,2023,061353391,1,9,0,18,19,1,5,0,0,0,2,7,0,0,1,1,6,6,1,44,7,2997,2,2,LAND ROVER DISCOVERY,3,E01011257,0,-1
2023461315961,2023,461315961,2,9,0,18,19,2,6,0,0,0,0,0,0,0,2,1,6,6,1,39,7,2495,2,21,LAND ROVER DISCOVERY,3,E01024714,0,-1
2023041273365,2023,041273365,2,9,0,2,2,0,0,9,9,0,0,0,0,0,2,1,6,6,1,28,6,2495,2,20,LAND ROVER DISCOVERY,8,E01024937,0,-1
2023501331050,2023,501331050,1,9,0,3,3,2,6,9,9,6,0,0,0,0,0,1,6,6,1,45,7,2993,2,4,LAND ROVER DISCOVERY,8,E01020023,0,-1
2023421317321,2023,421317321,3,9,0,18,19,3,7,0,0,0,0,0,0,0,1,1,5,6,1,38,7,1999,2,4,LAND ROVER DISCOVERY,6,E01030057,0,-1
2023010468011,2023,010468011,3,9,0,18,19,7,3,0,0,0,0,0,0,0,4,1,6,6,1,49,8,1999,2,4,LAND ROVER DISCOVERY,2,E01001731,0,-1
2023061260883,2023,061260883,1,9,0,18,19,5,1,0,0,0,2,4,0,0,1,1,6,6,1,26,6,1998,2,2,LAND ROVER DISCOVERY,6,E01005596,0,-1
2023122301107,2023,122301107,2,9,0,9,9,6,3,0,0,3,0,0,0,0,3,1,6,6,1,35,6,2993,2,5,LAND ROVER DISCOVERY,8,E01027682,0,-1
202354D684523,2023,54D684523,1,9,0,18,19,7,3,0,0,6,0,0,0,0,1,1,6,6,2,51,8,1999,2,4,LAND ROVER DISCOVERY,2,E01001012,0,-1
2023544831523,2023,544831523,1,9,0,18,19,7,3,0,0,0,0,0,0,0,4,1,6,6,1,26,6,2993,2,13,LAND ROVER DISCOVERY,7,E01031938,0,-1
2023041382101,2023,041382101,1,9,0,18,19,3,7,0,0,1,0,0,0,0,1,1,6,6,2,44,7,2179,2,8,LAND ROVER DISCOVERY,5,E01025415,0,-1
2023010478344,2023,010478344,2,9,0,99,99,9,9,99,99,9,9,99,9,99,1,9,6,6,3,-1,-1,1997,1,4,LAND ROVER DISCOVERY,9,E01001992,0,-1
2023471267129,2023,471267129,1,9,0,18,19,8,4,0,0,0,5,0,1,0,1,1,5,6,1,42,7,1999,2,3,LAND ROVER DISCOVERY,7,E01021112,0,-1
2023411288669,2023,411288669,1,9,0,7,7,1,7,0,0,3,0,0,0,0,3,1,1,1,1,53,8,1998,2,2,LAND ROVER DISCOVERY,9,E01030836,0,-1
2023141280523,2023,141280523,1,9,0,18,19,8,4,0,0,0,2,0,8,0,3,1,6,6,1,21,5,2495,2,21,LAND ROVER DISCOVERY,7,E01007743,0,-1
2023052300909,2023,052300909,2,9,0,9,9,1,7,0,0,1,0,0,0,0,3,1,6,6,1,45,7,2720,2,18,LAND ROVER DISCOVERY,6,E01007158,0,-1
2023231307502,2023,231307502,2,9,4,18,19,1,5,0,0,0,1,0,1,10,1,1,1,1,1,56,9,2720,2,16,LAND ROVER DISCOVERY,10,E01017761,0,-1
2023221330912,2023,221330912,1,9,0,18,19,4,8,0,0,0,0,0,1,0,1,1,5,6,1,32,6,2720,2,18,LAND ROVER DISCOVERY,5,E01014021,0,-1
2023201386605,2023,201386605,1,9,0,18,19,6,2,0,0,1,0,10,1,2,1,1,5,6,1,43,7,2720,2,13,LAND ROVER DISCOVERY,5,E01010399,0,-1
2023411293665,2023,411293665,1,9,0,18,19,-1,-1,0,0,0,0,0,0,0,3,1,6,6,2,-1,-1,2993,2,9,LAND ROVER DISCOVERY,4,E01023797,0,-1
2023991354493,2023,991354493,1,9,0,4,4,2,6,6,6,0,0,0,0,0,1,1,3,7,2,62,9,1999,2,4,LAND ROVER DISCOVERY,1,-1,0,-1
2023430450581,2023,430450581,2,9,0,18,19,1,5,0,0,8,0,0,0,0,1,1,6,6,2,64,9,2993,2,11,LAND ROVER DISCOVERY,9,E01016678,0,-1
2023010450738,2023,010450738,2,9,9,2,2,0,0,99,99,0,9,99,9,99,9,9,6,6,3,-1,-1,2993,2,7,LAND ROVER DISCOVERY,-1,-1,0,-1
2023161344878,2023,161344878,1,9,0,18,19,8,4,0,0,3,0,0,0,0,4,1,5,6,1,73,10,2993,2,6,LAND ROVER DISCOVERY,6,E01013023,0,-1
2023440319452,2023,440319452,2,9,0,18,19,3,7,0,0,8,0,0,0,0,3,1,6,6,1,28,6,1999,2,6,LAND ROVER DISCOVERY,7,E01023082,0,-1
2023041383647,2023,041383647,2,9,0,18,19,5,1,0,0,0,0,0,0,0,1,1,5,6,1,65,9,2993,2,11,LAND ROVER DISCOVERY,10,E01025336,0,-1
2023010454486,2023,010454486,1,9,0,4,4,5,1,0,0,1,0,0,0,0,2,1,3,7,1,50,8,2995,1,5,LAND ROVER DISCOVERY,6,E01001527,0,-1
2023122300248,2023,122300248,2,9,0,18,19,1,5,0,0,8,0,0,0,0,3,1,6,6,2,41,7,2179,2,8,LAND ROVER DISCOVERY,3,E01013399,0,-1
2023070560077,2023,070560077,1,9,0,17,19,8,4,0,0,1,0,0,0,0,1,1,6,6,1,35,6,2720,2,16,LAND ROVER DISCOVERY,-1,-1,0,-1
2023440278678,2023,440278678,2,9,0,18,19,4,8,0,0,0,0,0,0,0,1,1,6,6,1,19,4,2993,2,7,LAND ROVER DISCOVERY,7,E01022597,0,-1
2023311345707,2023,311345707,2,9,0,3,3,6,2,0,0,4,0,0,0,0,4,1,5,6,2,30,6,1997,1,4,LAND ROVER DISCOVERY,10,E01028382,0,-1
2023052300606,2023,052300606,1,9,0,6,6,5,5,0,0,0,0,0,0,0,3,1,6,6,1,31,6,1999,2,7,LAND ROVER DISCOVERY,2,E01006712,0,-1
2023231320544,2023,231320544,4,9,0,18,19,2,6,0,0,0,0,0,0,0,0,1,1,1,2,60,9,1999,2,4,LAND ROVER DISCOVERY,7,E01025954,0,-1
2023411329353,2023,411329353,1,9,0,18,19,-1,-1,0,0,1,0,0,0,0,1,1,6,6,2,-1,-1,2993,2,11,LAND ROVER DISCOVERY,-1,-1,0,-1
2023430511503,2023,430511503,1,9,0,13,13,8,4,0,0,0,0,0,0,0,4,1,6,6,1,45,7,2993,2,13,LAND ROVER DISCOVERY,-1,-1,0,-1
2023041364892,2023,041364892,1,9,0,18,19,1,5,0,0,1,0,0,0,0,1,1,6,6,1,18,4,2720,2,17,LAND ROVER DISCOVERY,3,E01024866,0,-1
2023010480717,2023,010480717,2,9,0,99,99,9,9,99,99,0,9,99,9,99,1,9,6,6,3,-1,-1,1999,2,5,LAND ROVER DISCOVERY,-1,-1,0,-1
2023991364373,2023,991364373,2,9,0,18,19,3,7,0,0,0,0,0,0,0,1,1,2,2,1,33,6,2993,2,7,LAND ROVER DISCOVERY,8,-1,0,-1
2023471368215,2023,471368215,1,9,0,18,19,3,7,0,0,0,0,0,0,0,1,1,5,6,2,30,6,1999,2,7,LAND ROVER DISCOVERY,9,E01021226,0,-1
2023451354149,2023,451354149,1,9,0,4,4,1,3,0,0,0,0,0,0,0,0,1,5,6,2,55,8,2720,2,15,LAND ROVER DISCOVERY,9,E01002994,0,-1
2023010454136,2023,010454136,1,9,0,99,99,9,9,99,99,0,9,99,9,99,1,9,6,6,3,-1,-1,2993,2,9,LAND ROVER DISCOVERY,-1,-1,0,-1
2023451295048,2023,451295048,1,9,0,18,19,5,1,0,0,1,0,0,0,0,3,1,5,6,1,56,9,1997,1,3,LAND ROVER DISCOVERY,8,E01003807,0,-1
2023302300721,2023,302300721,1,9,0,15,15,2,6,0,0,0,0,0,1,11,1,1,6,6,1,39,7,2993,2,5,LAND ROVER DISCOVERY,9,E01005882,0,-1
2023461374002,2023,461374002,1,9,0,18,19,6,2,0,0,0,0,0,0,0,1,1,6,6,1,55,8,2997,2,2,LAND ROVER DISCOVERY,9,E01016172,0,-1
2023010452167,2023,010452167,2,9,0,99,99,9,9,99,99,9,9,99,9,99,1,9,6,6,2,41,7,1999,2,7,LAND ROVER DISCOVERY,7,E01002836,0,-1
2023522301082,2023,522301082,2,9,0,3,3,4,8,0,0,1,0,0,0,0,2,1,6,6,1,57,9,1999,2,4,LAND ROVER DISCOVERY,1,E01014647,0,-1
2023041373718,2023,041373718,6,9,0,16,19,5,1,0,0,0,0,0,0,0,1,1,2,2,1,22,5,2997,2,0,LAND ROVER DISCOVERY,5,E01019386,0,-1
2023471314914,2023,471314914,1,9,0,18,19,7,3,0,0,1,1,4,1,4,3,1,5,6,1,57,9,2993,2,6,LAND ROVER DISCOVERY,6,E01031831,0,-1
2023141328114,2023,141328114,2,9,0,18,19,1,5,0,0,0,0,0,0,0,3,1,5,6,2,74,10,1998,2,1,LAND ROVER DISCOVERY,10,E01007934,0,-1
2023451322935,2023,451322935,3,9,0,18,19,3,7,0,0,0,0,2,0,0,2,1,3,7,2,62,9,1999,2,6,LAND ROVER DISCOVERY,7,E01030515,0,-1
2023101393609,2023,101393609,2,9,0,18,19,1,5,0,0,0,0,0,0,0,2,1,5,6,1,57,9,1999,2,6,LAND ROVER DISCOVERY,10,E01031104,0,-1
2023548827723,2023,548827723,2,9,0,18,19,2,6,0,0,0,0,0,0,0,3,1,6,6,2,35,6,1999,2,6,LAND ROVER DISCOVERY,10,E01031970,0,-1
2023010481703,2023,010481703,1,9,0,3,3,7,3,0,0,1,0,0,0,0,2,1,6,6,1,49,8,2993,2,3,LAND ROVER DISCOVERY,10,E01009855,0,-1
2023071230320,2023,071230320,2,9,0,18,19,1,5,0,0,8,1,0,0,0,1,1,6,6,1,64,9,2993,2,10,LAND ROVER DISCOVERY,8,E01018721,0,-1
2023320695156,2023,320695156,2,9,0,4,4,2,6,0,0,0,0,0,0,0,2,1,6,6,1,57,9,2993,2,4,LAND ROVER DISCOVERY,-1,-1,0,-1
2023361353847,2023,361353847,2,9,0,17,19,7,3,0,0,0,0,0,0,0,1,1,5,6,1,59,9,2993,2,12,LAND ROVER DISCOVERY,6,E01026637,0,-1
2023430016309,2023,430016309,1,9,0,2,2,0,0,0,0,0,0,0,0,0,3,1,3,7,1,36,7,1999,2,6,LAND ROVER DISCOVERY,10,E01016603,0,-1
2023141331038,2023,141331038,2,9,0,18,19,7,3,0,0,1,0,0,7,0,1,1,6,6,3,-1,-1,2495,2,20,LAND ROVER DISCOVERY,-1,-1,0,-1
2023340NN3232,2023,340NN3232,1,9,0,11,11,1,4,0,0,0,0,0,0,0,4,1,6,6,1,53,8,1999,2,4,LAND ROVER DISCOVERY,8,E01027064,0,-1
2023421324149,2023,421324149,2,9,0,9,9,7,5,0,0,1,0,0,0,0,3,1,6,6,1,45,7,1498,8,1,LAND ROVER DISCOVERY,10,E01015830,0,-1
2023231328145,2023,231328145,1,9,0,18,19,4,8,0,0,0,0,11,0,0,1,1,6,6,1,88,11,2993,2,6,LAND ROVER DISCOVERY,7,E01031248,0,-1
2023231378327,2023,231378327,1,9,0,16,19,3,6,0,0,0,1,0,7,4,1,1,6,6,1,35,6,1998,2,0,LAND ROVER DISCOVERY,1,E01006412,0,-1
2023411364135,2023,411364135,1,9,0,1,1,3,7,0,0,0,0,0,0,0,2,1,5,6,2,37,7,1999,2,7,LAND ROVER DISCOVERY,10,E01023664,0,-1
2023461371873,2023,461371873,1,9,0,18,19,6,2,0,0,0,0,0,0,0,3,1,2,2,1,29,6,2495,2,22,LAND ROVER DISCOVERY,7,E01024812,0,-1
2023549244423,2023,549244423,1,9,0,18,19,2,6,9,9,1,0,0,0,0,3,1,6,6,1,32,6,2720,2,14,LAND ROVER DISCOVERY,6,E01015587,0,-1
2023201309168,2023,201309168,2,9,0,18,19,3,7,0,0,8,0,7,0,0,3,1,6,6,1,52,8,1999,2,6,LAND ROVER DISCOVERY,5,E01009108,0,-1
2023302301324,2023,302301324,1,9,0,3,3,1,5,0,0,0,0,0,0,0,3,1,6,6,1,46,8,2720,2,18,LAND ROVER DISCOVERY,4,E01007580,0,-1
2023471272603,2023,471272603,1,9,0,1,1,1,5,0,0,2,0,0,0,0,2,1,6,6,3,-1,-1,2720,2,19,LAND ROVER DISCOVERY,-1,-1,0,-1
2023991264434,2023,991264434,5,9,0,10,10,1,7,0,0,1,0,0,0,0,2,1,5,6,2,31,6,1999,2,3,LAND ROVER DISCOVERY,7,-1,0,-1
2023201339711,2023,201339711,2,9,0,4,4,8,6,0,0,1,0,0,0,0,1,1,6,6,2,63,9,2993,2,11,LAND ROVER DISCOVERY,7,E01009442,0,-1
2023052301330,2023,052301330,1,9,0,9,9,7,5,0,0,0,0,0,0,0,1,1,6,6,1,61,9,2993,2,13,LAND ROVER DISCOVERY,8,E01017750,0,-1
2023552300574,2023,552300574,1,9,0,18,19,1,5,0,0,0,0,0,0,0,1,1,6,6,1,21,5,2495,2,24,LAND ROVER DISCOVERY,6,E01020547,0,-1
2023471377629,2023,471377629,1,9,0,9,9,2,8,0,0,1,0,0,0,0,1,1,6,6,1,80,11,2993,2,11,LAND ROVER DISCOVERY,7,E01021025,0,-1
2023311324450,2023,311324450,2,9,0,8,8,2,4,0,0,0,0,0,0,0,4,1,1,1,2,38,7,2993,2,13,LAND ROVER DISCOVERY,7,E01028262,0,-1
2023440527399,2023,440527399,1,9,0,18,19,4,8,0,0,0,0,11,4,0,1,1,6,6,2,56,9,2720,2,15,LAND ROVER DISCOVERY,8,E01022591,0,-1
2023010486153,2023,010486153,5,9,0,2,2,0,0,0,0,0,0,0,0,0,4,1,6,6,3,-1,-1,1999,2,4,LAND ROVER DISCOVERY,-1,-1,0,-1
2023461373905,2023,461373905,2,9,0,18,19,5,1,0,0,1,1,0,0,0,3,1,6,6,1,38,7,1999,2,3,LAND ROVER DISCOVERY,8,E01024451,0,-1
2023991346538,2023,991346538,1,9,0,4,4,6,2,0,0,1,0,0,0,0,1,1,5,6,2,76,11,1999,2,7,LAND ROVER DISCOVERY,10,-1,0,-1
2023010484326,2023,010484326,1,9,0,18,19,7,3,0,0,1,0,0,0,0,3,1,6,6,1,60,9,2993,2,4,LAND ROVER DISCOVERY,-1,-1,0,-1
2023101297008,2023,101297008,1,9,0,15,15,1,5,0,0,0,0,0,0,0,1,1,5,6,1,26,6,1999,2,4,LAND ROVER DISCOVERY,7,E01008843,0,-1
2023141372644,2023,141372644,1,9,0,5,5,3,1,0,0,6,0,0,0,0,1,1,1,1,1,62,9,1998,2,2,LAND ROVER DISCOVERY,9,E01007898,0,-1
2023531285122,2023,531285122,2,9,0,18,19,7,3,0,0,1,0,0,1,11,3,1,5,6,1,20,4,2495,2,29,LAND ROVER DISCOVERY,9,E01028504,0,-1
2023631337254,2023,631337254,2,9,0,9,9,3,5,0,0,8,0,0,1,10,2,1,5,6,1,59,9,1999,2,7,LAND ROVER DISCOVERY,5,E01014414,0,-1
2023471310100,2023,471310100,3,9,0,4,4,4,8,0,0,1,0,0,0,0,2,1,5,6,2,49,8,2993,2,5,LAND ROVER DISCOVERY,7,E01024804,0,-1
2023131279836,2023,131279836,1,9,0,18,19,5,1,0,0,0,0,0,0,0,4,2,5,6,1,69,10,2720,2,17,LAND ROVER DISCOVERY,3,E01011762,0,-1
2023461366360,2023,461366360,1,9,0,5,5,7,3,0,0,1,0,0,0,0,1,1,6,6,1,54,8,1998,2,2,LAND ROVER DISCOVERY,9,E01024145,0,-1
2023552300329,2023,552300329,1,9,0,18,19,1,5,0,0,8,0,0,0,0,1,1,6,6,2,49,8,2720,2,15,LAND ROVER DISCOVERY,7,E01020539,0,-1
2023520400855,2023,520400855,1,9,0,18,19,2,6,0,0,0,0,0,0,0,1,1,6,6,2,73,10,2993,2,9,LAND ROVER DISCOVERY,4,E01029338,0,-1
2023221289824,2023,221289824,3,9,0,18,19,8,4,0,0,0,1,0,0,0,1,1,5,6,2,36,7,1999,2,6,LAND ROVER DISCOVERY,5,E01028858,0,-1
2023421366711,2023,421366711,1,9,0,18,19,2,6,0,0,0,0,0,0,0,1,1,6,6,1,36,7,1999,2,6,LAND ROVER DISCOVERY,4,E01015385,0,-1