collision_index,collision_year,collision_ref_no,vehicle_reference,vehicle_type,towing_and_articulation,vehicle_manoeuvre_historic,vehicle_manoeuvre,vehicle_direction_from,vehicle_direction_to,vehicle_location_restricted_lane_historic,vehicle_location_restricted_lane,junction_location,skidding_and_overturning,hit_object_in_carriageway,vehicle_leaving_carriageway,hit_object_off_carriageway,first_point_of_impact,vehicle_left_hand_drive,journey_purpose_of_driver_historic,journey_purpose_of_driver,sex_of_driver,age_of_driver,age_band_of_driver,engine_capacity_cc,propulsion_code,age_of_vehicle,generic_make_model,driver_imd_decile,lsoa_of_driver,escooter_flag,driver_distance_banding
2023520400081,2023,520400081,1,9,0,4,4,1,5,0,0,1,0,0,0,0,2,1,6,6,1,21,5,1968,2,7,VOLKSWAGEN SCIROCCO,9,E01014382,0,-1
2023041315232,2023,041315232,1,9,0,16,19,4,8,0,0,0,0,0,0,0,1,1,5,6,1,19,4,1984,1,6,VOLKSWAGEN SCIROCCO,2,E01025051,0,-1
2023041319726,2023,041319726,1,9,0,18,19,2,6,0,0,2,1,10,7,11,3,1,6,6,1,28,6,1968,2,10,VOLKSWAGEN SCIROCCO,1,E01025171,0,-1
2023141392129,2023,141392129,1,9,0,18,19,8,4,0,0,2,0,0,0,0,1,1,6,6,1,35,6,1968,2,12,VOLKSWAGEN SCIROCCO,3,E01007458,0,-1
2023010476380,2023,010476380,2,9,0,99,99,9,9,99,99,0,9,99,9,99,2,9,6,6,3,-1,-1,1984,1,13,VOLKSWAGEN SCIROCCO,4,E01033572,0,-1
2023361375424,2023,361375424,2,9,0,4,4,3,7,0,0,0,0,0,0,0,2,1,5,6,1,52,8,1984,1,14,VOLKSWAGEN SCIROCCO,9,E01026500,0,-1
2023471356276,2023,471356276,1,9,0,16,19,6,1,0,0,0,0,0,0,0,1,1,2,2,1,55,8,1968,2,13,VOLKSWAGEN SCIROCCO,4,E01031386,0,-1
2023520301301,2023,520301301,1,9,0,18,19,7,3,0,0,8,0,0,0,0,1,1,6,6,1,18,4,1390,1,11,VOLKSWAGEN SCIROCCO,8,E01029024,0,-1
2023010457604,2023,010457604,1,9,0,99,99,9,9,99,99,9,9,99,9,99,9,9,6,6,1,25,5,1968,2,10,VOLKSWAGEN SCIROCCO,4,E01001252,0,-1
2023131309667,2023,131309667,1,9,0,18,19,7,3,0,0,2,0,0,0,0,-1,1,6,6,3,99,11,1968,2,13,VOLKSWAGEN SCIROCCO,-1,-1,0,-1
2023131344058,2023,131344058,1,9,0,-1,-1,-1,-1,-1,-1,0,-1,-1,-1,-1,-1,1,6,6,3,22,5,1968,2,13,VOLKSWAGEN SCIROCCO,-1,-1,0,-1
2023161361544,2023,161361544,2,9,0,10,10,1,7,0,0,0,0,0,0,0,1,1,6,6,1,-1,-1,1968,2,8,VOLKSWAGEN SCIROCCO,-1,-1,0,-1
2023332300987,2023,332300987,3,9,0,18,19,3,7,0,0,8,1,0,1,1,1,1,6,6,1,19,4,1968,2,13,VOLKSWAGEN SCIROCCO,2,E01013897,0,-1
2023451306836,2023,451306836,4,9,0,4,4,1,5,0,0,0,0,0,0,0,2,1,5,6,1,20,4,1390,1,13,VOLKSWAGEN SCIROCCO,6,E01017834,0,-1
2023311375076,2023,311375076,1,9,0,18,19,7,3,0,0,1,0,0,0,0,1,1,5,6,1,69,10,1390,1,12,VOLKSWAGEN SCIROCCO,10,E01028148,0,-1
2023201278616,2023,201278616,1,9,0,18,19,8,4,0,0,8,0,0,0,0,1,1,6,6,1,30,6,1968,2,12,VOLKSWAGEN SCIROCCO,1,E01032887,0,-1
2023471379212,2023,471379212,1,9,0,17,19,5,1,0,0,0,1,0,0,0,4,1,6,6,1,63,9,1968,2,9,VOLKSWAGEN SCIROCCO,8,E01031694,0,-1
2023010425761,2023,010425761,2,9,0,5,5,3,7,0,0,2,0,0,0,0,1,1,6,6,1,25,5,1968,2,10,VOLKSWAGEN SCIROCCO,4,E01001252,0,-1
2023211355996,2023,211355996,1,9,0,13,13,5,1,0,0,0,1,0,0,0,1,1,5,6,1,24,5,1968,2,13,VOLKSWAGEN SCIROCCO,8,E01010540,0,-1
202360A166458,2023,60A166458,1,9,0,16,19,3,7,0,0,4,0,10,1,11,1,1,2,2,1,37,7,1984,1,13,VOLKSWAGEN SCIROCCO,-1,-1,0,-1
2023411276091,2023,411276091,1,9,0,18,19,2,6,0,0,4,0,0,0,0,1,1,6,6,1,32,6,1968,2,8,VOLKSWAGEN SCIROCCO,3,E01023954,0,-1
2023302301774,2023,302301774,1,9,0,4,4,8,4,0,0,0,0,0,0,0,1,1,6,6,1,25,5,1968,2,8,VOLKSWAGEN SCIROCCO,2,E01029450,0,-1
2023440364338,2023,440364338,2,9,0,4,4,5,8,0,0,0,0,0,0,0,2,1,6,6,1,37,7,1968,2,8,VOLKSWAGEN SCIROCCO,4,E01017277,0,-1
2023141282350,2023,141282350,2,9,0,3,3,2,6,0,0,8,0,0,0,0,2,1,5,6,2,35,6,1968,2,8,VOLKSWAGEN SCIROCCO,4,E01007537,0,-1
2023161274182,2023,161274182,2,9,0,18,19,6,2,0,0,1,1,0,0,0,2,1,6,6,2,53,8,1984,1,15,VOLKSWAGEN SCIROCCO,5,E01012819,0,-1
2023122300233,2023,122300233,1,9,0,18,19,3,7,0,0,0,2,0,1,11,1,1,6,6,1,22,5,1984,1,15,VOLKSWAGEN SCIROCCO,5,E01027763,0,-1
2023361380233,2023,361380233,1,9,0,18,19,4,8,0,0,0,1,0,0,0,1,1,2,2,2,33,6,1968,2,10,VOLKSWAGEN SCIROCCO,4,E01026733,0,-1
2023440530633,2023,440530633,1,9,0,18,19,4,8,0,0,8,0,0,0,0,1,1,2,2,1,23,5,1984,1,15,VOLKSWAGEN SCIROCCO,2,E01017032,0,-1
2023221303427,2023,221303427,1,9,0,16,19,2,5,0,0,0,0,10,7,10,1,1,5,6,1,28,6,1968,2,11,VOLKSWAGEN SCIROCCO,5,E01028904,0,-1
2023122301040,2023,122301040,2,9,0,4,4,1,5,0,0,2,0,0,0,0,2,1,6,6,2,25,5,1968,2,14,VOLKSWAGEN SCIROCCO,8,E01027661,0,-1
2023010474987,2023,010474987,3,9,0,2,2,0,0,0,0,2,0,0,0,0,3,1,6,6,3,-1,-1,1984,1,5,VOLKSWAGEN SCIROCCO,-1,-1,0,-1
2023041312429,2023,041312429,1,9,0,18,19,5,1,0,0,1,5,4,0,0,1,1,6,6,1,22,5,1968,2,9,VOLKSWAGEN SCIROCCO,2,E01012654,0,-1
2023361272348,2023,361272348,1,9,0,18,19,5,1,0,0,6,0,7,1,0,1,1,6,6,2,58,9,1968,2,6,VOLKSWAGEN SCIROCCO,6,E01026737,0,-1
2023161389393,2023,161389393,1,9,0,18,19,8,4,0,0,0,0,0,0,0,1,1,1,1,1,38,7,1390,1,13,VOLKSWAGEN SCIROCCO,6,E01012822,0,-1
2023361363613,2023,361363613,2,9,0,9,9,7,5,0,0,8,0,0,0,0,1,1,2,2,1,26,6,1968,2,10,VOLKSWAGEN SCIROCCO,5,E01033539,0,-1
2023061399408,2023,061399408,1,9,0,18,19,1,1,0,0,0,0,0,0,0,0,2,6,6,3,30,6,1395,1,9,VOLKSWAGEN SCIROCCO,-1,-1,0,-1
2023361281470,2023,361281470,1,9,0,18,19,3,7,0,0,0,0,0,0,0,1,1,2,2,1,20,4,1984,1,14,VOLKSWAGEN SCIROCCO,-1,-1,0,-1
2023421259527,2023,421259527,2,9,0,18,19,3,7,0,0,1,0,0,0,0,3,1,5,6,1,33,6,1390,1,12,VOLKSWAGEN SCIROCCO,5,E01022034,0,-1
2023302300259,2023,302300259,1,9,0,7,7,4,6,0,0,5,0,0,0,0,4,1,6,6,1,52,8,1984,1,8,VOLKSWAGEN SCIROCCO,6,E01013541,0,-1
2023320208808,2023,320208808,1,9,0,18,19,2,6,0,0,8,0,0,0,0,1,1,6,6,1,18,4,1968,2,14,VOLKSWAGEN SCIROCCO,9,E01026119,0,-1
2023440188332,2023,440188332,2,9,0,18,19,5,1,0,0,1,0,0,0,0,1,1,6,6,1,70,10,1984,1,6,VOLKSWAGEN SCIROCCO,9,E01022547,0,-1
2023201328622,2023,201328622,2,9,0,5,5,8,6,0,0,1,0,0,0,0,3,1,6,6,3,26,6,1968,2,12,VOLKSWAGEN SCIROCCO,1,E01010370,0,-1
2023101344884,2023,101344884,1,9,0,18,19,4,8,0,0,0,1,0,7,0,3,1,6,6,1,28,6,1395,1,6,VOLKSWAGEN SCIROCCO,4,E01027413,0,-1
2023531352679,2023,531352679,1,9,0,13,13,5,1,0,0,0,2,0,7,11,3,1,2,2,1,34,6,1968,2,9,VOLKSWAGEN SCIROCCO,7,E01031212,0,-1
2023031325894,2023,031325894,2,9,0,18,19,5,1,0,0,0,0,0,0,0,2,1,5,6,2,27,6,1968,2,10,VOLKSWAGEN SCIROCCO,-1,-1,0,-1
2023332300218,2023,332300218,2,9,0,18,19,7,3,0,0,8,0,0,4,0,1,1,6,6,1,-1,-1,1968,2,13,VOLKSWAGEN SCIROCCO,-1,-1,0,-1
2023471311036,2023,471311036,3,9,0,4,4,6,2,0,0,0,0,0,0,0,2,1,2,2,1,27,6,1395,1,6,VOLKSWAGEN SCIROCCO,9,E01020933,0,-1
2023302300043,2023,302300043,2,9,0,18,19,6,2,0,0,8,0,0,0,0,1,1,6,6,1,30,6,1968,2,8,VOLKSWAGEN SCIROCCO,1,E01028256,0,-1
2023302301540,2023,302301540,2,9,0,2,2,0,0,0,0,0,0,0,0,0,4,1,6,6,3,-1,-1,1968,2,6,VOLKSWAGEN SCIROCCO,-1,-1,0,-1
2023131288717,2023,131288717,3,9,0,2,2,0,0,0,0,0,0,0,0,0,2,1,6,6,3,-1,-1,1984,1,6,VOLKSWAGEN SCIROCCO,-1,-1,0,-1
2023552300958,2023,552300958,1,9,0,18,19,3,7,0,0,4,0,0,0,0,1,1,6,6,1,48,8,1968,2,13,VOLKSWAGEN SCIROCCO,7,E01016293,0,-1
2023101293515,2023,101293515,2,9,0,18,19,1,5,0,0,6,0,0,0,0,3,1,5,6,2,65,9,1968,2,12,VOLKSWAGEN SCIROCCO,-1,-1,0,-1
2023622300065,2023,622300065,1,9,0,18,19,8,2,0,0,4,0,0,0,0,1,1,6,6,1,46,8,1968,2,6,VOLKSWAGEN SCIROCCO,4,W01000901,0,-1
202360A004101,2023,60A004101,1,9,0,9,9,1,7,0,0,6,0,0,0,0,4,1,6,6,3,-1,-1,1395,1,9,VOLKSWAGEN SCIROCCO,-1,-1,0,-1
2023320097745,2023,320097745,1,9,0,18,19,8,4,0,0,0,0,4,0,0,1,1,2,2,1,63,9,1984,1,10,VOLKSWAGEN SCIROCCO,3,E01026033,0,-1
2023371275281,2023,371275281,1,9,0,5,5,5,8,0,0,1,0,0,0,0,3,1,5,6,1,28,6,1395,1,8,VOLKSWAGEN SCIROCCO,10,E01029963,0,-1
2023320236191,2023,320236191,3,9,0,10,10,2,8,0,0,1,0,0,0,0,2,1,6,6,2,30,6,1395,1,6,VOLKSWAGEN SCIROCCO,10,E01026413,0,-1
2023201393224,2023,201393224,2,9,0,3,3,6,2,0,0,0,0,0,0,0,1,1,6,6,2,58,9,1395,1,7,VOLKSWAGEN SCIROCCO,5,E01009907,0,-1
2023041323694,2023,041323694,3,9,0,2,2,4,2,0,0,0,0,0,0,0,3,1,6,6,3,-1,-1,1968,2,13,VOLKSWAGEN SCIROCCO,-1,-1,0,-1
2023031294484,2023,031294484,1,9,0,17,19,1,7,0,0,1,0,0,0,0,1,1,2,2,2,27,6,1968,2,10,VOLKSWAGEN SCIROCCO,-1,-1,0,-1
2023552301216,2023,552301216,1,9,0,18,19,4,8,0,0,0,0,0,0,0,3,1,6,6,2,45,7,1968,2,14,VOLKSWAGEN SCIROCCO,10,E01020378,0,-1
2023311275220,2023,311275220,1,9,0,18,19,3,7,0,0,1,1,4,0,0,1,1,5,6,1,23,5,1968,2,9,VOLKSWAGEN SCIROCCO,2,E01013965,0,-1
2023070609267,2023,070609267,1,9,0,18,19,1,5,0,0,0,1,10,7,10,1,1,6,6,1,19,4,1390,1,14,VOLKSWAGEN SCIROCCO,4,E01012394,0,-1
2023101338138,2023,101338138,1,9,0,18,19,3,7,0,0,4,0,0,0,0,1,1,6,6,1,20,4,1968,2,9,VOLKSWAGEN SCIROCCO,5,E01008416,0,-1
2023340NN0532,2023,340NN0532,1,9,0,9,9,3,1,0,0,8,0,0,0,0,4,1,2,2,1,23,5,1390,1,9,VOLKSWAGEN SCIROCCO,4,E01026952,0,-1
2023041291598,2023,041291598,1,9,0,5,5,3,7,0,0,2,0,0,0,0,3,1,6,6,1,23,5,1984,1,13,VOLKSWAGEN SCIROCCO,4,E01025213,0,-1
2023430312429,2023,430312429,1,9,0,18,19,3,7,0,0,6,0,0,0,0,1,1,6,6,1,45,7,1968,2,10,VOLKSWAGEN SCIROCCO,9,E01016541,0,-1
2023141269198,2023,141269198,1,9,0,18,19,1,5,0,0,0,0,0,0,0,1,1,5,6,1,23,5,1968,2,8,VOLKSWAGEN SCIROCCO,2,E01007535,0,-1
2023401343130,2023,401343130,2,9,0,18,19,-1,-1,0,0,0,0,0,0,0,1,1,6,6,1,45,7,1968,2,14,VOLKSWAGEN SCIROCCO,6,E01017513,0,-1
2023302300413,2023,302300413,3,9,0,12,12,2,6,0,0,0,0,0,1,9,2,1,6,6,1,25,5,1968,2,13,VOLKSWAGEN SCIROCCO,3,E01019687,0,-1
2023131333091,2023,131333091,2,9,0,6,6,3,7,0,0,8,0,0,1,1,3,1,5,6,2,53,8,1968,2,8,VOLKSWAGEN SCIROCCO,1,E01011354,0,-1
2023221360810,2023,221360810,2,9,0,10,10,8,6,0,0,8,0,0,0,0,2,1,5,6,1,23,5,1390,1,13,VOLKSWAGEN SCIROCCO,4,E01028879,0,-1
2023052302642,2023,052302642,1,9,0,18,19,7,3,0,0,8,0,0,0,0,1,1,2,2,1,45,7,1968,2,13,VOLKSWAGEN SCIROCCO,3,E01006960,0,-1
2023501334731,2023,501334731,1,9,0,16,19,3,7,0,0,0,0,11,1,4,3,1,6,6,1,57,9,1968,2,13,VOLKSWAGEN SCIROCCO,5,E01018828,0,-1
2023010444875,2023,010444875,1,9,0,18,19,5,1,0,0,1,0,0,0,0,1,1,6,6,1,30,6,1984,1,14,VOLKSWAGEN SCIROCCO,-1,-1,0,-1
2023201271014,2023,201271014,2,9,0,18,19,1,5,0,0,8,0,0,0,0,1,1,6,6,1,31,6,1968,2,8,VOLKSWAGEN SCIROCCO,1,E01033621,0,-1
2023131363150,2023,131363150,1,9,0,18,19,3,5,0,0,0,0,0,0,0,1,1,1,1,2,44,7,1968,2,11,VOLKSWAGEN SCIROCCO,4,E01010599,0,-1
2023041335507,2023,041335507,1,9,0,18,19,1,5,0,0,0,0,0,0,0,1,1,5,6,1,32,6,1984,1,5,VOLKSWAGEN SCIROCCO,8,E01012636,0,-1
2023991295601,2023,991295601,1,9,0,18,19,7,3,0,0,1,0,0,0,0,1,1,5,6,2,39,7,1968,2,8,VOLKSWAGEN SCIROCCO,2,-1,0,-1
2023991394534,2023,991394534,2,9,0,18,19,2,6,0,0,0,0,0,1,0,0,1,6,6,1,32,6,1968,2,12,VOLKSWAGEN SCIROCCO,-1,-1,0,-1
2023631341647,2023,631341647,1,9,0,18,19,6,2,0,0,8,1,0,1,10,1,1,5,6,1,22,5,1390,1,11,VOLKSWAGEN SCIROCCO,5,E01014021,0,-1
2023201419555,2023,201419555,1,9,0,18,19,2,6,0,0,8,0,0,0,0,1,1,6,6,1,26,6,1984,1,12,VOLKSWAGEN SCIROCCO,4,E01009176,0,-1
2023131389670,2023,131389670,2,9,0,18,19,1,5,0,0,1,0,0,0,0,1,1,6,6,1,42,7,1968,2,14,VOLKSWAGEN SCIROCCO,2,E01011865,0,-1
2023061285202,2023,061285202,2,9,0,18,19,6,1,0,0,0,0,0,0,0,1,1,6,6,3,31,6,1968,2,12,VOLKSWAGEN SCIROCCO,5,E01006156,0,-1
2023311377337,2023,311377337,2,9,0,18,19,7,3,0,0,1,1,0,0,0,1,1,5,6,1,30,6,1395,1,7,VOLKSWAGEN SCIROCCO,1,E01013533,0,-1
2023010432014,2023,010432014,1,9,0,99,99,9,9,99,99,0,9,99,9,99,2,9,6,6,2,26,6,1968,2,8,VOLKSWAGEN SCIROCCO,2,E01004389,0,-1
2023522300550,2023,522300550,1,9,0,11,11,2,5,0,0,8,0,0,0,0,2,1,6,6,1,25,5,1968,2,14,VOLKSWAGEN SCIROCCO,-1,-1,0,-1
2023340NN1242,2023,340NN1242,2,9,0,18,19,1,5,0,0,3,0,9,0,6,4,1,6,6,1,31,6,1968,2,13,VOLKSWAGEN SCIROCCO,9,E01027071,0,-1
2023131321164,2023,131321164,1,9,0,10,10,4,8,0,0,4,0,0,0,0,1,1,5,6,1,26,6,1968,2,13,VOLKSWAGEN SCIROCCO,6,E01011299,0,-1
2023010463558,2023,010463558,1,9,0,99,99,9,9,99,99,9,9,99,9,99,9,9,1,1,1,52,8,1968,2,11,VOLKSWAGEN SCIROCCO,8,E01032088,0,-1
2023052302076,2023,052302076,1,9,0,18,19,1,5,0,0,8,0,0,0,0,1,1,1,1,1,47,8,1968,2,8,VOLKSWAGEN SCIROCCO,-1,-1,0,-1
2023546361423,2023,546361423,1,9,0,18,19,7,3,0,0,0,0,0,0,0,1,1,6,6,1,40,7,1968,2,11,VOLKSWAGEN SCIROCCO,4,E01032014,0,-1
2023070799483,2023,070799483,2,9,0,18,19,8,4,0,0,0,0,0,0,0,2,1,6,6,1,39,7,1984,1,15,VOLKSWAGEN SCIROCCO,5,E01032911,0,-1
2023201422654,2023,201422654,3,9,0,2,2,0,0,0,0,8,0,0,0,0,1,1,6,6,1,51,8,1968,2,13,VOLKSWAGEN SCIROCCO,4,E01009236,0,-1
2023340NN4512,2023,340NN4512,3,9,0,18,19,3,7,0,0,4,0,0,0,0,1,1,6,6,1,32,6,1390,1,12,VOLKSWAGEN SCIROCCO,-1,-1,0,-1
2023320512957,2023,320512957,1,9,0,9,9,4,2,0,0,8,0,0,0,0,1,1,6,6,1,22,5,1968,2,6,VOLKSWAGEN SCIROCCO,8,E01032992,0,-1
2023361277698,2023,361277698,1,9,0,13,13,1,5,0,0,1,0,0,0,0,4,1,2,2,1,38,7,1984,1,7,VOLKSWAGEN SCIROCCO,6,E01026437,0,-1
2023531303233,2023,531303233,2,9,0,7,7,2,6,0,0,5,0,0,0,0,4,1,5,6,1,39,7,1984,1,15,VOLKSWAGEN SCIROCCO,2,E01022133,0,-1
2023340WN2512,2023,340WN2512,1,9,0,11,11,1,5,0,0,1,0,0,5,2,1,1,6,6,1,20,4,1984,1,5,VOLKSWAGEN SCIROCCO,3,E01027184,0,-1
2023010423701,2023,010423701,3,9,0,14,14,5,1,0,0,6,0,0,0,0,1,1,6,6,3,-1,-1,1390,1,14,VOLKSWAGEN SCIROCCO,-1,-1,0,-1
2023991369135,2023,991369135,2,9,0,18,19,1,5,0,0,0,0,0,1,0,1,1,5,6,1,32,6,1968,2,6,VOLKSWAGEN SCIROCCO,-1,-1,0,-1
2023141357956,2023,141357956,2,9,0,18,19,2,6,0,0,1,0,0,0,0,1,1,6,6,3,-1,-1,1968,2,13,VOLKSWAGEN SCIROCCO,-1,-1,0,-1
2023302300459,2023,302300459,1,9,0,12,12,2,6,0,0,0,0,0,7,11,1,1,6,6,1,40,7,1984,1,15,VOLKSWAGEN SCIROCCO,6,E01019873,0,-1
2023622300455,2023,622300455,1,9,0,18,19,2,6,0,0,0,0,0,0,0,1,1,6,6,1,20,4,1968,2,8,VOLKSWAGEN SCIROCCO,8,W01001252,0,-1
2023010445577,2023,010445577,1,9,0,7,7,1,3,0,0,8,0,7,0,0,1,1,6,6,1,30,6,1968,2,6,VOLKSWAGEN SCIROCCO,6,E01002358,0,-1
2023010421962,2023,010421962,1,9,0,99,99,9,9,99,99,9,9,99,9,99,1,9,2,2,1,22,5,1395,1,6,VOLKSWAGEN SCIROCCO,8,E01002945,0,-1
2023622300730,2023,622300730,1,9,0,18,19,7,4,0,0,0,0,0,0,0,1,1,2,2,1,30,6,1968,2,9,VOLKSWAGEN SCIROCCO,4,W01001250,0,-1
2023622300926,2023,622300926,3,9,0,18,19,2,6,0,0,1,0,0,0,0,3,1,6,6,1,38,7,1964,1,14,VOLKSWAGEN SCIROCCO,5,W01000426,0,-1
2023461368466,2023,461368466,2,9,0,18,19,6,2,0,0,1,0,0,0,0,1,1,6,6,1,26,6,1984,1,7,VOLKSWAGEN SCIROCCO,1,E01024504,0,-1
2023010443791,2023,010443791,2,9,9,99,99,9,9,99,99,9,9,99,9,99,9,9,6,6,3,-1,-1,1968,2,14,VOLKSWAGEN SCIROCCO,-1,-1,0,-1
2023061351797,2023,061351797,1,9,0,18,19,6,1,0,0,1,0,0,0,0,1,1,2,2,1,26,6,1390,1,13,VOLKSWAGEN SCIROCCO,3,E01005641,0,-1
2023520300419,2023,520300419,1,9,0,18,19,8,4,0,0,8,0,0,0,0,1,1,6,6,1,47,8,1395,1,9,VOLKSWAGEN SCIROCCO,9,E01014467,0,-1
2023631373486,2023,631373486,1,9,0,18,19,1,5,0,0,0,5,12,7,2,3,1,1,1,1,18,4,1390,1,13,VOLKSWAGEN SCIROCCO,8,W01000680,0,-1
2023631378419,2023,631378419,1,9,0,1,1,5,1,0,0,0,0,0,0,0,2,1,6,6,2,32,6,1968,2,8,VOLKSWAGEN SCIROCCO,4,W01000586,0,-1
2023471327058,2023,471327058,1,9,0,18,19,5,1,9,9,0,0,10,1,2,4,1,5,6,1,21,5,1390,1,12,VOLKSWAGEN SCIROCCO,7,E01021164,0,-1
2023161269311,2023,161269311,1,9,0,18,19,7,3,0,0,0,0,0,0,0,1,1,6,6,2,26,6,1968,2,7,VOLKSWAGEN SCIROCCO,10,E01033495,0,-1
2023401264826,2023,401264826,1,9,0,18,19,5,1,0,0,1,0,0,0,0,1,1,6,6,3,-1,-1,1968,2,12,VOLKSWAGEN SCIROCCO,-1,-1,0,-1
2023421393537,2023,421393537,2,9,0,14,14,5,1,0,0,1,0,0,0,0,1,1,5,6,1,21,5,1390,1,11,VOLKSWAGEN SCIROCCO,10,E01021545,0,-1
2023991318778,2023,991318778,1,9,0,7,7,7,2,0,0,8,0,0,7,0,3,1,5,6,1,18,4,1968,2,9,VOLKSWAGEN SCIROCCO,8,-1,0,-1
2023161276751,2023,161276751,1,9,0,18,19,5,1,0,0,0,0,0,0,0,1,1,2,2,1,29,6,1968,2,8,VOLKSWAGEN SCIROCCO,7,E01013014,0,-1
2023421309411,2023,421309411,1,9,0,4,4,3,7,0,0,4,0,0,0,0,1,1,5,6,2,22,5,1395,1,6,VOLKSWAGEN SCIROCCO,10,E01021939,0,-1
2023430224616,2023,430224616,2,9,0,3,3,7,3,0,0,0,0,0,0,0,2,1,6,6,1,67,10,1968,2,13,VOLKSWAGEN SCIROCCO,7,-1,0,-1
2023201364491,2023,201364491,1,9,0,18,19,3,7,0,0,8,0,0,0,0,1,1,6,6,1,26,6,1984,1,12,VOLKSWAGEN SCIROCCO,10,E01031296,0,-1
2023031358712,2023,031358712,2,9,0,18,19,8,4,0,0,0,0,0,0,0,2,1,5,6,2,36,7,1968,2,6,VOLKSWAGEN SCIROCCO,4,E01013607,0,-1
2023010421950,2023,010421950,1,9,0,12,12,1,5,0,0,0,0,0,0,0,1,1,6,6,1,20,4,1390,1,12,VOLKSWAGEN SCIROCCO,1,E01004198,0,-1
2023361328782,2023,361328782,3,9,0,18,19,7,3,0,0,0,0,0,0,0,0,1,6,6,1,26,6,1968,2,9,VOLKSWAGEN SCIROCCO,5,E01026428,0,-1
2023411349974,2023,411349974,2,9,0,2,2,0,0,9,9,0,0,0,0,0,4,1,5,6,3,-1,-1,1984,1,7,VOLKSWAGEN SCIROCCO,-1,-1,0,-1
2023351293490,2023,351293490,2,9,0,18,19,2,6,0,0,0,0,0,0,0,1,1,5,6,2,20,4,1984,1,15,VOLKSWAGEN SCIROCCO,10,E01023657,0,-1
2023052300380,2023,052300380,1,9,0,9,9,1,5,0,0,1,0,0,0,0,1,1,6,6,2,21,5,1968,2,8,VOLKSWAGEN SCIROCCO,-1,-1,0,-1
2023131290173,2023,131290173,1,9,0,18,19,6,2,0,0,0,0,0,0,0,1,1,5,6,2,38,7,1968,2,12,VOLKSWAGEN SCIROCCO,1,E01010826,0,-1
2023311351120,2023,311351120,2,9,0,18,19,1,1,0,0,1,0,0,0,0,1,1,2,2,1,23,5,1390,1,12,VOLKSWAGEN SCIROCCO,8,E01028000,0,-1
2023031347802,2023,031347802,1,9,0,18,19,3,7,0,0,0,2,0,0,0,4,1,5,6,1,20,4,1968,2,12,VOLKSWAGEN SCIROCCO,8,E01019365,0,-1
2023461335611,2023,461335611,1,9,0,18,19,2,6,0,0,1,0,4,0,0,1,1,6,6,1,55,8,1968,2,8,VOLKSWAGEN SCIROCCO,5,E01024701,0,-1
2023141283239,2023,141283239,1,9,0,18,19,1,5,0,0,0,5,0,0,0,1,1,6,6,3,-1,-1,1984,1,12,VOLKSWAGEN SCIROCCO,-1,-1,0,-1
2023501350739,2023,501350739,1,9,0,10,10,7,5,0,0,1,0,0,0,0,1,1,5,6,2,23,5,1395,1,8,VOLKSWAGEN SCIROCCO,8,E01027282,0,-1
2023332301268,2023,332301268,1,9,0,18,19,1,5,0,0,0,0,0,1,0,1,1,6,6,2,-1,-1,1984,1,7,VOLKSWAGEN SCIROCCO,-1,-1,0,-1
2023440350131,2023,440350131,1,9,0,18,19,4,8,0,0,1,0,0,0,0,1,1,6,6,1,20,4,1968,2,11,VOLKSWAGEN SCIROCCO,9,E01023272,0,-1
2023010476440,2023,010476440,1,9,0,9,9,4,2,0,0,5,0,0,0,0,4,1,6,6,1,24,5,1395,1,6,VOLKSWAGEN SCIROCCO,-1,-1,0,-1
2023010470858,2023,010470858,2,9,0,99,99,9,9,99,99,0,9,99,9,99,9,9,6,6,3,-1,-1,1395,1,7,VOLKSWAGEN SCIROCCO,-1,-1,0,-1
2023302300652,2023,302300652,2,9,0,18,19,5,1,0,0,4,0,0,0,0,1,1,6,6,3,-1,-1,1968,2,8,VOLKSWAGEN SCIROCCO,-1,-1,0,-1
2023141393573,2023,141393573,2,9,0,18,19,7,3,0,0,1,0,0,0,0,1,1,6,6,2,47,8,1390,1,11,VOLKSWAGEN SCIROCCO,1,E01007413,0,-1
2023631307493,2023,631307493,1,9,0,18,19,6,2,0,0,8,0,0,0,0,3,1,5,6,1,23,5,1984,1,10,VOLKSWAGEN SCIROCCO,2,W01000498,0,-1
2023201338848,2023,201338848,1,9,0,18,19,2,5,0,0,3,0,9,3,10,1,1,6,6,2,27,6,1968,2,10,VOLKSWAGEN SCIROCCO,5,E01009447,0,-1
2023371322396,2023,371322396,1,9,0,18,19,4,8,0,0,1,0,0,0,0,1,1,2,2,1,22,5,1968,2,10,VOLKSWAGEN SCIROCCO,5,E01029884,0,-1
2023552300855,2023,552300855,2,9,0,18,19,4,8,0,0,1,0,0,0,0,2,1,6,6,1,26,6,1968,2,9,VOLKSWAGEN SCIROCCO,2,E01032659,0,-1
2023201422508,2023,201422508,1,9,0,5,5,7,1,0,0,6,0,0,0,0,1,1,6,6,1,32,6,1968,2,13,VOLKSWAGEN SCIROCCO,2,E01010403,0,-1
2023991333809,2023,991333809,2,9,0,17,19,5,1,0,0,0,0,0,0,0,3,1,5,6,1,40,7,1984,1,8,VOLKSWAGEN SCIROCCO,10,E01017436,0,-1
2023461374300,2023,461374300,2,9,0,18,19,7,3,0,0,0,0,0,0,0,4,1,6,6,1,27,6,1968,2,13,VOLKSWAGEN SCIROCCO,8,E01024625,0,-1
2023041293715,2023,041293715,1,9,0,18,19,3,7,0,0,0,0,0,0,0,1,1,2,2,1,36,7,1968,2,12,VOLKSWAGEN SCIROCCO,1,E01012720,0,-1
2023440414112,2023,440414112,1,9,0,5,5,6,2,0,0,6,0,0,0,0,1,1,6,6,1,31,6,1968,2,10,VOLKSWAGEN SCIROCCO,6,E01022980,0,-1
2023101387014,2023,101387014,2,9,0,2,2,2,6,0,0,0,0,0,0,0,2,1,6,6,1,26,6,1984,1,15,VOLKSWAGEN SCIROCCO,-1,-1,0,-1