collision_index,collision_year,collision_ref_no,vehicle_reference,vehicle_type,towing_and_articulation,vehicle_manoeuvre_historic,vehicle_manoeuvre,vehicle_direction_from,vehicle_direction_to,vehicle_location_restricted_lane_historic,vehicle_location_restricted_lane,junction_location,skidding_and_overturning,hit_object_in_carriageway,vehicle_leaving_carriageway,hit_object_off_carriageway,first_point_of_impact,vehicle_left_hand_drive,journey_purpose_of_driver_historic,journey_purpose_of_driver,sex_of_driver,age_of_driver,age_band_of_driver,engine_capacity_cc,propulsion_code,age_of_vehicle,generic_make_model,driver_imd_decile,lsoa_of_driver,escooter_flag,driver_distance_banding
2023411398948,2023,411398948,1,9,0,18,19,6,2,0,0,0,0,0,0,0,1,1,6,6,1,56,9,1984,1,13,VOLKSWAGEN SCIROCCO,4,E01023538,0,-1
2023010479627,2023,010479627,2,9,0,18,19,7,3,0,0,2,0,0,3,1,1,1,6,6,1,19,4,1984,1,15,VOLKSWAGEN SCIROCCO,2,E01002087,0,-1
2023421357825,2023,421357825,3,9,0,18,19,1,5,0,0,0,0,0,0,0,2,1,6,6,1,30,6,1390,1,12,VOLKSWAGEN SCIROCCO,5,E01021905,0,-1
2023070626527,2023,070626527,2,9,0,5,5,3,1,8,6,6,0,0,0,0,1,2,2,2,1,37,7,1968,2,11,VOLKSWAGEN SCIROCCO,8,E01018424,0,-1
2023010436547,2023,010436547,1,9,0,4,4,3,7,7,6,5,0,0,0,0,2,1,6,6,1,20,4,1984,1,14,VOLKSWAGEN SCIROCCO,3,E01002595,0,-1
2023471371865,2023,471371865,2,9,0,18,19,1,5,0,0,0,0,0,0,0,3,1,5,6,1,62,9,2319,1,27,-1,9,E01021115,0,-1
2023340NN4602,2023,340NN4602,2,9,0,4,4,5,1,0,0,0,0,0,7,0,2,1,6,6,1,29,6,2435,1,29,-1,5,E01027062,0,-1
2023430397768,2023,430397768,1,4,0,18,19,5,1,0,0,0,1,0,0,0,1,1,6,6,1,19,4,-1,3,4,-1,3,E01016486,0,-1
2023010423538,2023,010423538,2,9,0,99,99,9,9,99,99,9,9,99,9,99,9,9,6,6,3,-1,-1,6750,1,20,-1,-1,-1,0,-1
2023440188093,2023,440188093,1,9,0,3,3,3,7,0,0,1,0,0,0,0,2,1,6,6,1,63,9,6750,1,21,-1,6,E01017072,0,-1
2023440085790,2023,440085790,1,5,0,14,14,3,7,0,0,1,1,0,0,0,3,1,2,2,1,31,6,-1,-1,-1,-1,1,E01032882,0,-1
2023010470486,2023,010470486,2,9,0,18,19,5,1,0,0,1,0,0,0,0,1,1,6,6,3,-1,-1,898,1,8,DACIA SANDERO,-1,-1,0,-1
2023501347362,2023,501347362,2,9,0,4,4,7,2,0,0,0,0,0,0,0,3,1,6,6,2,31,6,898,1,6,DACIA SANDERO,4,E01018891,0,-1
2023361266373,2023,361266373,2,9,0,5,5,1,5,0,0,1,0,0,0,0,1,1,5,6,2,70,10,898,1,4,DACIA SANDERO,4,E01026640,0,-1
2023552301458,2023,552301458,1,9,0,9,9,7,5,0,0,6,0,0,0,0,4,1,6,6,1,18,4,898,1,8,DACIA SANDERO,4,E01020585,0,-1
2023041266419,2023,041266419,1,9,0,18,19,5,1,0,0,8,0,0,0,0,4,1,5,6,2,21,5,999,7,1,DACIA SANDERO,2,E01025115,0,-1
2023010460131,2023,010460131,1,9,0,7,7,4,7,0,0,1,0,0,0,0,2,1,1,1,1,43,7,999,1,2,DACIA SANDERO,4,E01002596,0,-1
2023991364868,2023,991364868,1,9,0,18,19,1,5,0,0,0,0,0,0,0,1,1,5,6,1,59,9,999,1,0,DACIA SANDERO,5,-1,0,-1
2023010464595,2023,010464595,1,9,0,9,9,3,1,0,0,5,0,0,0,0,3,1,2,2,2,54,8,898,1,7,DACIA SANDERO,8,E01000828,0,-1
2023991345106,2023,991345106,3,9,0,17,19,3,7,0,0,0,0,0,0,0,3,1,5,6,1,43,7,999,7,1,DACIA SANDERO,3,-1,0,-1
2023170S30363,2023,170S30363,2,9,0,18,19,5,1,0,0,0,0,0,0,0,1,1,6,6,2,41,7,1461,2,6,DACIA SANDERO,4,E01012192,0,-1
2023371326516,2023,371326516,1,9,0,9,9,4,1,0,0,8,0,0,0,0,3,1,1,1,2,21,5,898,1,3,DACIA SANDERO,5,E01033446,0,-1
2023141278988,2023,141278988,2,9,0,18,19,6,1,0,0,0,0,0,0,0,1,1,6,6,1,52,8,998,1,5,DACIA SANDERO,3,E01013319,0,-1
2023991309991,2023,991309991,1,9,0,11,11,5,1,0,0,0,0,0,0,0,1,1,5,6,1,74,10,898,1,4,DACIA SANDERO,4,E01009223,0,-1
2023070629724,2023,070629724,4,9,0,2,2,0,0,0,0,0,0,0,0,0,3,1,6,6,3,-1,-1,898,1,7,DACIA SANDERO,-1,-1,0,-1
2023201289261,2023,201289261,1,9,0,18,19,8,4,0,0,8,0,0,0,0,1,1,2,2,2,67,10,898,1,7,DACIA SANDERO,8,E01010492,0,-1
2023101347715,2023,101347715,1,9,0,18,19,1,5,0,0,0,0,0,0,0,1,1,6,6,2,38,7,898,1,4,DACIA SANDERO,6,E01008250,0,-1
2023041326908,2023,041326908,2,9,0,11,11,1,1,0,0,2,0,0,7,0,4,1,5,6,2,71,10,898,1,5,DACIA SANDERO,2,E01025006,0,-1
2023010425270,2023,010425270,2,9,0,99,99,9,9,99,99,9,9,99,9,99,1,9,6,6,2,62,9,898,1,9,DACIA SANDERO,7,E01003396,0,-1
2023320688800,2023,320688800,2,9,0,18,19,6,2,0,0,0,0,0,0,0,1,1,6,6,2,23,5,998,1,6,DACIA SANDERO,1,E01026115,0,-1
2023421391602,2023,421391602,1,9,0,18,19,2,7,0,0,0,0,0,0,0,1,1,1,1,1,24,5,898,1,3,DACIA SANDERO,9,E01002263,0,-1
2023141373097,2023,141373097,1,9,0,7,7,3,7,0,0,0,0,0,0,0,0,1,5,6,2,81,11,998,1,4,DACIA SANDERO,1,E01007738,0,-1
2023461330425,2023,461330425,1,9,0,18,19,7,3,0,0,0,0,0,0,0,4,1,1,1,2,42,7,898,1,6,DACIA SANDERO,3,E01000435,0,-1
2023622300577,2023,622300577,1,9,0,17,19,4,8,0,0,0,0,0,1,10,4,1,2,2,1,33,6,898,1,9,DACIA SANDERO,5,W01001007,0,-1
2023161283741,2023,161283741,2,9,0,7,7,5,7,0,0,8,0,0,0,0,1,1,6,6,1,80,11,898,1,3,DACIA SANDERO,-1,-1,0,-1
2023052300970,2023,052300970,4,9,0,2,2,0,0,0,0,0,0,0,0,0,3,1,6,6,3,-1,-1,1149,1,7,DACIA SANDERO,-1,-1,0,-1
2023991269955,2023,991269955,1,9,0,18,19,1,5,0,0,0,1,0,0,0,1,1,1,1,2,33,6,1461,2,5,DACIA SANDERO,-1,-1,0,-1
2023041286810,2023,041286810,2,9,0,18,19,1,5,0,0,2,0,0,0,0,3,1,5,6,1,36,7,1461,2,6,DACIA SANDERO,1,E01033226,0,-1
2023461356735,2023,461356735,2,9,0,3,3,4,8,0,0,0,0,0,0,0,1,1,6,6,2,67,10,898,1,4,DACIA SANDERO,7,E01024361,0,-1
2023451345741,2023,451345741,2,9,0,18,19,7,7,0,0,1,0,0,0,0,1,1,6,6,2,40,7,898,1,6,DACIA SANDERO,2,E01003377,0,-1
2023371372245,2023,371372245,4,9,0,3,3,2,6,0,0,1,0,0,0,0,3,1,3,7,2,18,4,999,1,0,DACIA SANDERO,8,E01030122,0,-1
2023302301230,2023,302301230,1,9,0,18,19,3,7,0,0,2,0,0,8,11,3,1,6,6,2,31,6,898,1,6,DACIA SANDERO,5,E01019605,0,-1
2023161372161,2023,161372161,2,9,0,4,4,5,1,0,0,0,0,0,0,0,2,1,6,6,1,30,6,1461,2,10,DACIA SANDERO,7,E01013018,0,-1
2023161266413,2023,161266413,3,9,0,18,19,4,8,0,0,0,0,0,0,0,1,1,6,6,1,40,7,1149,1,10,DACIA SANDERO,3,E01013134,0,-1
2023131299086,2023,131299086,2,9,0,7,7,5,3,0,0,6,0,0,0,0,2,1,5,6,2,38,7,999,1,1,DACIA SANDERO,8,E01011414,0,-1
2023991258829,2023,991258829,1,9,0,16,19,3,6,0,0,4,1,0,8,0,1,1,2,2,1,19,4,1461,2,9,DACIA SANDERO,9,-1,0,-1
2023340WN6242,2023,340WN6242,5,9,0,2,2,0,0,0,0,0,0,0,0,0,2,1,6,6,2,73,10,898,1,5,DACIA SANDERO,5,E01027269,0,-1
2023332300439,2023,332300439,1,9,0,9,9,1,2,0,0,6,0,0,0,0,1,1,6,6,2,33,6,999,1,2,DACIA SANDERO,9,W01000264,0,-1
2023421341928,2023,421341928,1,9,0,17,19,5,1,0,0,0,5,0,2,4,4,1,5,6,2,57,9,1461,2,9,DACIA SANDERO,4,E01021374,0,-1
2023071310930,2023,071310930,1,9,0,9,9,1,3,0,0,1,0,0,0,0,4,1,6,6,2,-1,-1,999,1,1,DACIA SANDERO,-1,-1,0,-1
2023991308005,2023,991308005,1,9,0,2,2,8,4,0,0,0,0,0,0,0,2,1,6,6,3,-1,-1,1461,2,10,DACIA SANDERO,-1,-1,0,-1
2023031266418,2023,031266418,2,9,0,18,19,1,1,0,0,0,0,0,0,0,1,1,6,6,2,37,7,898,1,8,DACIA SANDERO,3,E01019211,0,-1
2023421275445,2023,421275445,1,9,0,18,19,3,7,0,0,0,0,0,0,0,1,1,2,2,1,33,6,1461,2,6,DACIA SANDERO,-1,-1,0,-1
2023351382306,2023,351382306,1,9,0,6,6,1,5,0,0,8,0,0,0,0,1,1,6,6,2,61,9,898,1,10,DACIA SANDERO,3,E01017978,0,-1
2023991306184,2023,991306184,1,8,0,7,7,7,1,0,0,2,0,0,0,0,4,1,6,6,1,69,10,1461,2,8,-1,4,-1,0,-1
2023440019048,2023,440019048,4,9,0,3,3,7,2,0,0,1,0,0,0,0,4,1,6,6,2,31,6,1461,2,7,DACIA SANDERO,10,E01022498,0,-1
2023610007223,2023,610007223,3,9,0,18,19,1,5,0,0,1,0,0,0,0,1,1,6,6,2,48,8,898,1,3,DACIA SANDERO,7,W01001815,0,-1
2023421310401,2023,421310401,1,9,0,18,19,7,3,0,0,0,0,0,0,0,1,1,3,7,2,32,6,1149,1,8,DACIA SANDERO,3,E01021339,0,-1
2023231283720,2023,231283720,1,9,0,18,19,6,2,0,0,1,5,10,8,10,1,1,1,1,1,92,11,898,1,3,DACIA SANDERO,10,E01031134,0,-1
2023501390728,2023,501390728,1,9,0,18,19,2,6,0,0,0,0,0,0,0,1,1,5,6,1,68,10,998,1,3,DACIA SANDERO,9,E01019965,0,-1
2023411295471,2023,411295471,1,9,0,5,5,0,0,0,0,4,0,0,0,0,2,1,5,6,2,64,9,898,1,5,DACIA SANDERO,6,E01017391,0,-1
2023111325498,2023,111325498,1,9,0,18,19,7,3,0,0,0,0,0,0,0,4,1,6,6,2,25,5,898,1,8,DACIA SANDERO,-1,-1,0,-1
2023041371374,2023,041371374,1,9,0,18,19,2,6,0,0,8,0,0,0,0,1,1,2,2,1,28,6,998,1,3,DACIA SANDERO,8,E01025463,0,-1
2023351305376,2023,351305376,2,9,0,18,19,3,7,0,0,8,0,0,0,0,1,1,5,6,2,73,10,898,1,8,DACIA SANDERO,10,E01018204,0,-1
2023221390618,2023,221390618,1,9,0,9,9,3,1,0,0,6,0,0,0,0,3,1,6,6,2,69,10,898,1,6,DACIA SANDERO,6,E01032128,0,-1
2023161352602,2023,161352602,1,9,0,9,9,1,7,0,0,8,0,0,0,0,1,1,5,6,1,17,4,898,1,4,DACIA SANDERO,1,E01012931,0,-1
2023991378675,2023,991378675,2,9,0,18,19,4,8,0,0,0,0,0,0,0,2,1,6,6,2,19,4,998,1,3,DACIA SANDERO,-1,-1,0,-1
2023531357880,2023,531357880,2,9,0,3,3,5,1,0,0,0,0,0,0,0,2,1,5,6,1,63,9,898,1,7,DACIA SANDERO,9,E01022295,0,-1
2023501347690,2023,501347690,2,9,0,4,4,3,7,0,0,0,1,0,0,0,2,1,6,6,1,19,4,898,1,9,DACIA SANDERO,10,E01014405,0,-1
2023401330561,2023,401330561,3,9,0,16,19,7,3,0,0,1,0,0,0,0,2,1,5,6,1,-1,-1,898,1,7,DACIA SANDERO,3,E01015701,0,-1
2023451353230,2023,451353230,1,9,0,11,11,8,4,0,0,0,0,0,0,0,1,1,6,6,1,63,9,1461,2,8,DACIA SANDERO,6,E01030586,0,-1
2023421353369,2023,421353369,2,9,0,18,19,6,8,0,0,1,0,0,0,0,1,1,5,6,2,33,6,898,1,4,DACIA SANDERO,10,E01021609,0,-1
2023451294093,2023,451294093,1,9,0,11,11,1,3,0,0,0,0,0,1,0,4,1,5,6,2,53,8,898,1,6,DACIA SANDERO,10,E01030961,0,-1
2023991329934,2023,991329934,1,9,0,6,6,8,8,0,0,0,0,0,0,0,3,1,5,6,2,45,7,898,1,4,DACIA SANDERO,8,-1,0,-1
2023332300358,2023,332300358,3,9,0,7,7,3,5,0,0,4,0,0,0,0,2,1,6,6,2,67,10,998,1,4,DACIA SANDERO,7,E01025985,0,-1
2023991324973,2023,991324973,1,9,0,17,19,5,1,0,0,0,0,7,0,0,1,1,6,6,2,62,9,998,1,5,DACIA SANDERO,3,-1,0,-1
2023546199623,2023,546199623,2,9,0,18,19,1,5,0,0,1,0,0,0,0,3,1,6,6,2,30,6,898,1,5,DACIA SANDERO,4,E01031980,0,-1
2023201414981,2023,201414981,3,9,0,2,2,0,0,0,0,0,0,0,0,0,1,1,6,6,1,-1,-1,898,1,5,DACIA SANDERO,-1,-1,0,-1
2023070491595,2023,070491595,1,9,0,4,4,6,2,0,0,7,1,0,0,0,1,1,2,2,2,49,8,999,1,0,DACIA SANDERO,5,E01006891,0,-1
2023622300095,2023,622300095,1,9,0,18,19,2,6,0,0,0,0,0,0,0,1,1,2,2,1,22,5,1461,2,9,DACIA SANDERO,1,W01000504,0,-1
2023371277237,2023,371277237,2,9,0,4,4,6,2,0,0,0,0,0,0,0,2,1,5,6,2,33,6,898,1,8,DACIA SANDERO,2,E01029987,0,-1
2023221395901,2023,221395901,3,9,0,2,2,0,0,0,0,0,0,0,0,0,1,1,6,6,2,59,9,1149,1,8,DACIA SANDERO,6,E01014089,0,-1
2023101370839,2023,101370839,1,9,0,1,1,3,5,0,0,0,0,0,0,0,2,1,1,1,1,-1,-1,1149,1,8,DACIA SANDERO,-1,-1,0,-1
2023201284362,2023,201284362,3,9,0,2,2,0,0,0,0,1,0,0,0,0,1,1,6,6,3,-1,-1,1149,1,8,DACIA SANDERO,-1,-1,0,-1
2023610003323,2023,610003323,1,9,0,18,19,7,3,0,0,0,0,0,1,3,1,1,6,6,1,31,6,1149,1,7,DACIA SANDERO,2,W01001451,0,-1
2023101339232,2023,101339232,2,9,0,4,4,5,1,0,0,0,0,0,0,0,2,1,6,6,1,39,7,1149,1,8,DACIA SANDERO,1,E01027426,0,-1
2023991360627,2023,991360627,2,9,0,18,19,3,7,0,0,0,0,0,1,0,1,1,5,6,1,29,6,1149,1,8,DACIA SANDERO,9,-1,0,-1
2023411393998,2023,411393998,3,9,0,18,19,5,1,0,0,0,0,0,0,0,4,1,6,6,2,51,8,898,1,4,DACIA SANDERO,5,E01023630,0,-1
2023141322245,2023,141322245,3,9,0,4,4,1,5,0,0,0,0,0,0,0,0,1,6,6,1,31,6,898,1,5,DACIA SANDERO,7,E01019548,0,-1
2023531357150,2023,531357150,1,9,0,9,9,5,2,0,0,6,0,0,0,0,1,1,5,6,2,22,5,1461,2,10,DACIA SANDERO,7,E01022444,0,-1
2023411339490,2023,411339490,2,9,0,18,19,1,5,0,0,-1,0,0,0,0,-1,1,5,6,2,40,7,898,1,9,DACIA SANDERO,4,E01024164,0,-1
2023041324994,2023,041324994,2,9,0,18,19,4,8,0,0,1,0,0,0,0,1,1,2,2,1,47,8,1149,1,8,DACIA SANDERO,1,E01025575,0,-1
2023061362307,2023,061362307,1,9,0,18,19,8,4,0,0,0,0,0,0,0,1,1,1,1,2,29,6,898,1,9,DACIA SANDERO,1,E01006288,0,-1
2023622301004,2023,622301004,2,9,0,2,2,0,0,0,0,0,0,0,0,0,1,1,6,6,3,-1,-1,898,1,9,DACIA SANDERO,-1,-1,0,-1
2023451378848,2023,451378848,1,9,0,4,4,1,5,0,0,0,0,0,0,0,4,1,6,6,1,58,9,998,1,4,DACIA SANDERO,3,E01000977,0,-1
2023531367493,2023,531367493,2,9,0,4,4,3,7,0,0,1,0,0,0,0,2,1,6,6,1,30,6,999,1,1,DACIA SANDERO,3,E01015084,0,-1
2023041367097,2023,041367097,1,9,0,9,9,3,1,0,0,8,0,0,0,0,1,1,5,6,2,81,11,999,1,1,DACIA SANDERO,5,E01012664,0,-1
2023501329927,2023,501329927,2,9,0,2,2,0,0,0,0,0,0,4,0,0,2,1,6,6,3,-1,-1,998,1,3,DACIA SANDERO,-1,-1,0,-1
2023201309196,2023,201309196,2,9,0,10,10,4,1,0,0,8,0,0,0,0,4,1,6,6,2,49,8,898,1,4,DACIA SANDERO,9,E01010255,0,-1
2023542823623,2023,542823623,2,9,0,18,19,5,1,0,0,0,0,0,0,0,1,1,6,6,2,43,7,898,1,5,DACIA SANDERO,7,E01031866,0,-1
2023010482198,2023,010482198,3,9,0,18,19,6,2,0,0,0,0,0,0,0,1,1,6,6,2,49,8,898,1,4,DACIA SANDERO,2,E01001423,0,-1
2023401275651,2023,401275651,1,9,0,5,5,7,1,0,0,1,1,0,1,0,1,1,6,6,2,70,10,898,1,10,DACIA SANDERO,1,E01017466,0,-1
2023122300442,2023,122300442,2,9,0,18,19,7,3,0,0,0,0,0,0,0,1,1,6,6,1,37,7,1461,2,6,DACIA SANDERO,1,E01011624,0,-1
2023231357719,2023,231357719,2,9,0,5,5,2,6,0,0,1,0,0,0,0,1,1,5,6,2,57,9,1461,2,8,DACIA SANDERO,1,E01031116,0,-1
2023141265137,2023,141265137,1,9,0,18,19,6,2,0,0,0,0,0,0,0,4,1,2,2,1,61,9,1461,2,9,DACIA SANDERO,2,E01011866,0,-1
2023041288302,2023,041288302,1,9,0,16,19,1,5,0,0,1,0,0,0,0,4,1,6,6,3,-1,-1,999,7,3,DACIA SANDERO,-1,-1,0,-1
2023031363136,2023,031363136,2,9,0,4,4,3,7,0,0,1,0,0,0,0,2,1,5,6,1,94,11,898,1,6,DACIA SANDERO,-1,-1,0,-1
2023010454062,2023,010454062,1,9,0,18,19,3,7,0,0,1,0,0,0,0,1,1,6,6,1,47,8,999,1,0,DACIA SANDERO,2,E01000084,0,-1
2023010467118,2023,010467118,2,9,0,99,99,9,9,99,99,9,9,99,9,99,1,9,6,6,3,30,6,998,1,4,DACIA SANDERO,3,E01000385,0,-1
2023991387282,2023,991387282,1,9,0,9,9,8,6,0,0,2,0,0,0,0,1,1,2,2,1,35,6,999,1,0,DACIA SANDERO,-1,-1,0,-1
2023131392834,2023,131392834,3,9,0,18,19,3,6,1,1,0,0,0,0,0,1,1,6,6,2,19,4,898,1,3,DACIA SANDERO,8,E01011297,0,-1
2023501378235,2023,501378235,1,9,0,18,19,7,3,0,0,0,1,0,1,7,1,1,5,6,1,87,11,898,1,4,DACIA SANDERO,5,E01020308,0,-1
2023541291823,2023,541291823,1,9,0,9,9,5,3,0,0,6,0,0,0,0,1,1,6,6,2,93,11,1149,1,7,DACIA SANDERO,7,E01032039,0,-1
2023061393786,2023,061393786,1,9,0,18,19,5,1,0,0,0,0,0,0,0,1,1,6,6,3,-1,-1,1149,1,10,DACIA SANDERO,-1,-1,0,-1
2023061366030,2023,061366030,2,9,0,13,13,3,7,0,0,0,0,0,0,0,1,1,2,2,2,51,8,1461,2,9,DACIA SANDERO,9,E01004810,0,-1
2023311372287,2023,311372287,3,9,0,10,10,3,5,0,0,1,0,0,0,0,1,1,6,6,2,25,5,1461,2,10,DACIA SANDERO,4,E01031027,0,-1
2023440284940,2023,440284940,1,9,0,9,9,1,7,0,0,6,0,0,0,0,1,1,6,6,2,47,8,898,1,5,DACIA SANDERO,3,E01017194,0,-1
2023631341623,2023,631341623,1,9,0,18,19,3,6,0,0,1,0,0,0,0,1,1,5,6,2,73,10,999,1,2,DACIA SANDERO,7,W01000735,0,-1
2023061350942,2023,061350942,1,9,0,9,9,4,2,0,0,1,0,0,0,0,0,1,6,6,2,40,7,1149,1,9,DACIA SANDERO,1,E01006361,0,-1
2023522400753,2023,522400753,4,9,0,18,19,8,4,0,0,1,0,0,0,0,2,1,6,6,2,85,11,1149,1,7,DACIA SANDERO,5,E01014524,0,-1
2023531327419,2023,531327419,1,9,0,18,19,6,2,0,0,8,0,0,0,0,1,1,6,6,3,-1,-1,999,1,1,DACIA SANDERO,-1,-1,0,-1
2023421317580,2023,421317580,2,9,0,18,19,2,6,0,0,0,1,0,1,0,1,1,5,6,2,41,7,898,1,6,DACIA SANDERO,5,E01021575,0,-1
2023351379307,2023,351379307,2,9,0,4,4,8,4,0,0,2,0,0,1,9,1,1,1,1,2,33,6,999,1,1,DACIA SANDERO,5,E01018079,0,-1
2023991385043,2023,991385043,1,9,0,18,19,6,2,0,0,0,0,0,0,0,1,1,6,6,2,33,6,898,1,7,DACIA SANDERO,2,-1,0,-1
2023010446497,2023,010446497,2,9,0,99,99,9,9,99,99,0,9,99,9,99,9,9,6,6,3,-1,-1,998,1,3,DACIA SANDERO,-1,-1,0,-1
2023311384132,2023,311384132,2,9,0,2,2,0,0,9,9,0,0,0,0,0,1,1,6,6,3,-1,-1,898,1,7,DACIA SANDERO,-1,-1,0,-1
2023991365749,2023,991365749,1,9,0,5,5,2,7,0,0,4,0,0,0,0,3,1,5,6,2,53,8,1149,1,8,DACIA SANDERO,5,-1,0,-1
2023041292931,2023,041292931,2,9,0,2,2,0,0,0,0,1,0,0,0,0,3,1,6,6,3,-1,-1,898,1,5,DACIA SANDERO,-1,-1,0,-1
2023991325895,2023,991325895,1,9,0,18,19,6,1,0,0,1,0,0,7,1,1,1,5,6,2,66,10,1149,1,7,DACIA SANDERO,7,-1,0,-1
2023320624660,2023,320624660,3,9,0,18,19,2,6,0,0,1,0,0,7,8,1,1,6,6,1,66,10,999,1,0,DACIA SANDERO,4,E01026259,0,-1
2023440127473,2023,440127473,2,9,0,18,19,1,5,0,0,1,0,0,0,0,1,1,6,6,1,27,6,998,1,5,DACIA SANDERO,10,E01022563,0,-1
2023991389162,2023,991389162,2,9,0,9,9,1,7,0,0,4,0,0,0,0,1,1,6,6,1,61,9,999,1,0,DACIA SANDERO,2,-1,0,-1
2023461377354,2023,461377354,2,9,0,7,7,4,8,0,0,8,0,0,0,0,3,1,6,6,2,31,6,1461,2,9,DACIA SANDERO,6,E01024225,0,-1
2023540923823,2023,540923823,1,9,0,18,19,8,4,0,0,0,0,4,0,0,1,1,6,6,1,25,5,998,1,5,DACIA SANDERO,1,E01018878,0,-1
2023041331952,2023,041331952,2,9,0,4,4,3,7,0,0,0,0,0,0,0,2,1,5,6,1,17,4,999,1,1,DACIA SANDERO,9,E01025021,0,-1
2023501279825,2023,501279825,2,9,0,17,19,5,3,0,0,2,0,0,0,0,2,1,3,7,2,39,7,898,1,6,DACIA SANDERO,8,E01020035,0,-1
2023201411287,2023,201411287,2,9,0,5,5,3,7,0,0,6,0,0,0,0,1,1,1,1,2,27,6,999,7,1,DACIA SANDERO,9,E01009800,0,-1
2023501362309,2023,501362309,1,9,0,16,19,7,2,0,0,0,2,0,2,10,4,1,5,6,1,20,4,1149,1,8,DACIA SANDERO,5,E01020123,0,-1
2023991387474,2023,991387474,1,9,0,18,19,8,4,0,0,0,0,0,0,0,3,1,2,2,1,51,8,898,1,4,DACIA SANDERO,7,-1,0,-1
2023131273577,2023,131273577,1,9,0,18,19,7,3,0,0,0,5,4,0,0,1,1,5,6,1,28,6,998,1,6,DACIA SANDERO,2,E01010619,0,-1
2023061272739,2023,061272739,3,9,0,18,19,4,8,0,0,0,0,0,0,0,2,1,5,6,1,37,7,999,7,2,DACIA SANDERO,6,E01019351,0,-1
2023471311966,2023,471311966,2,9,0,9,9,8,8,0,0,3,0,0,0,0,1,1,5,6,1,41,7,898,1,7,DACIA SANDERO,5,E01031394,0,-1
2023401321864,2023,401321864,2,9,0,18,19,3,7,0,0,3,0,0,0,0,1,1,6,6,1,77,11,898,1,8,DACIA SANDERO,4,E01027061,0,-1
2023622300306,2023,622300306,1,9,0,17,19,2,6,0,0,0,0,4,0,0,4,1,6,6,2,23,5,1149,1,8,DACIA SANDERO,4,W01000953,0,-1
2023430045244,2023,430045244,1,9,0,18,19,6,2,0,0,0,0,0,0,0,3,1,6,6,1,78,11,898,1,4,DACIA SANDERO,10,E01017924,0,-1
2023201284295,2023,201284295,1,9,0,18,19,8,4,0,0,2,0,0,0,0,4,1,2,2,2,53,8,898,1,7,DACIA SANDERO,6,E01009796,0,-1
2023440081825,2023,440081825,4,9,0,3,3,7,3,0,0,2,0,0,0,0,2,1,2,2,1,37,7,898,1,5,DACIA SANDERO,9,E01022768,0,-1
2023461375609,2023,461375609,1,9,0,18,19,3,7,0,0,1,0,0,0,0,1,1,6,6,2,-1,-1,898,1,8,DACIA SANDERO,-1,-1,0,-1
2023311383697,2023,311383697,1,9,0,10,10,3,7,0,0,8,0,0,0,0,4,1,1,1,2,44,7,999,1,0,DACIA SANDERO,-1,-1,0,-1
2023131345313,2023,131345313,1,9,0,18,19,7,3,0,0,0,0,0,0,0,1,1,6,6,2,60,9,898,1,6,DACIA SANDERO,6,E01011182,0,-1
2023421345870,2023,421345870,2,9,0,18,19,5,1,0,0,1,0,0,0,0,4,1,5,6,2,41,7,999,1,1,DACIA SANDERO,1,E01021301,0,-1
2023050455550,2023,050455550,1,9,0,18,19,4,8,0,0,8,1,10,0,0,1,1,2,2,1,27,6,1461,2,5,DACIA SANDERO,8,E01007250,0,-1
2023991308924,2023,991308924,2,9,0,9,9,4,3,0,0,1,0,0,0,0,2,1,2,2,2,41,7,1461,2,6,DACIA SANDERO,10,-1,0,-1
2023471360591,2023,471360591,1,9,0,4,4,6,2,0,0,0,0,0,0,0,1,1,5,6,2,76,11,898,1,4,DACIA SANDERO,2,E01031456,0,-1
2023170H10313,2023,170H10313,1,9,0,4,4,3,7,0,0,1,0,0,0,0,2,1,6,6,2,49,8,1461,2,6,DACIA SANDERO,-1,-1,0,-1
2023041279633,2023,041279633,1,9,0,18,19,5,1,0,0,0,5,7,0,0,1,1,5,6,2,65,9,999,1,2,DACIA SANDERO,7,E01025347,0,-1
2023010445631,2023,010445631,2,9,0,7,7,5,7,0,0,6,0,0,0,0,1,1,6,6,2,49,8,898,1,10,DACIA SANDERO,7,E01024173,0,-1
2023061312723,2023,061312723,2,9,0,5,5,4,8,0,0,1,0,0,0,0,3,1,5,6,2,48,8,898,1,5,DACIA SANDERO,8,E01006169,0,-1
2023161357592,2023,161357592,1,9,0,10,10,3,7,0,0,0,0,0,0,0,2,1,2,2,2,36,7,898,1,9,DACIA SANDERO,5,E01012824,0,-1
2023522400182,2023,522400182,1,9,0,18,19,5,1,0,0,8,0,0,0,0,3,1,6,6,2,42,7,898,1,4,DACIA SANDERO,3,E01014807,0,-1
2023440160890,2023,440160890,1,9,0,9,9,5,3,0,0,4,0,0,7,10,3,1,6,6,2,26,6,999,1,2,DACIA SANDERO,6,E01022551,0,-1