collision_index,collision_year,collision_ref_no,vehicle_reference,vehicle_type,towing_and_articulation,vehicle_manoeuvre_historic,vehicle_manoeuvre,vehicle_direction_from,vehicle_direction_to,vehicle_location_restricted_lane_historic,vehicle_location_restricted_lane,junction_location,skidding_and_overturning,hit_object_in_carriageway,vehicle_leaving_carriageway,hit_object_off_carriageway,first_point_of_impact,vehicle_left_hand_drive,journey_purpose_of_driver_historic,journey_purpose_of_driver,sex_of_driver,age_of_driver,age_band_of_driver,engine_capacity_cc,propulsion_code,age_of_vehicle,generic_make_model,driver_imd_decile,lsoa_of_driver,escooter_flag,driver_distance_banding
2023501295172,2023,501295172,1,9,0,18,19,5,2,0,0,1,0,0,0,0,1,1,6,6,1,64,9,999,1,1,DACIA SANDERO,4,E01018944,0,-1
2023041284444,2023,041284444,2,9,0,18,19,8,1,0,0,1,0,0,0,0,1,1,6,6,1,42,7,898,1,9,DACIA SANDERO,1,E01012595,0,-1
2023361285487,2023,361285487,2,9,0,18,19,1,5,0,0,0,0,0,0,0,1,1,3,7,2,41,7,898,1,10,DACIA SANDERO,3,E01026756,0,-1
2023041379117,2023,041379117,2,9,0,17,19,3,7,0,0,0,0,0,0,0,1,1,5,6,1,46,8,1461,2,9,DACIA SANDERO,2,E01012605,0,-1
2023501342699,2023,501342699,1,9,0,18,19,4,2,0,0,1,0,0,0,0,-1,1,6,6,1,18,4,898,1,7,DACIA SANDERO,7,E01029269,0,-1
2023991304466,2023,991304466,1,9,0,11,11,8,4,0,0,0,0,0,0,0,1,1,5,6,2,77,11,898,1,7,DACIA SANDERO,4,-1,0,-1
2023411341428,2023,411341428,2,9,0,4,4,1,5,0,0,0,0,0,0,0,2,1,5,6,1,67,10,999,1,2,DACIA SANDERO,1,E01018108,0,-1
2023311298748,2023,311298748,1,9,0,8,8,6,8,0,0,4,0,0,0,0,2,1,6,6,1,44,7,898,1,8,DACIA SANDERO,5,E01013973,0,-1
2023131363957,2023,131363957,2,9,0,18,19,6,2,0,0,8,0,0,0,0,1,1,1,1,1,20,4,999,1,0,DACIA SANDERO,9,E01007068,0,-1
2023421357573,2023,421357573,1,9,0,1,1,7,3,0,0,0,0,0,0,0,2,1,6,6,1,-1,-1,898,1,6,DACIA SANDERO,-1,-1,0,-1
2023131345781,2023,131345781,1,9,0,9,9,1,7,0,0,5,0,0,0,0,1,1,6,6,1,56,9,1461,2,8,DACIA SANDERO,3,E01011016,0,-1
202360A054062,2023,60A054062,2,9,0,4,4,1,5,0,0,0,0,0,0,0,2,1,6,6,1,60,9,999,1,2,DACIA SANDERO,-1,-1,0,-1
2023471319797,2023,471319797,3,9,0,18,19,1,5,0,0,8,0,0,0,0,2,1,5,6,1,51,8,898,1,6,DACIA SANDERO,6,E01003228,0,-1
2023131352888,2023,131352888,3,9,0,2,2,0,0,0,0,0,0,0,0,0,1,1,6,6,3,-1,-1,898,1,5,DACIA SANDERO,-1,-1,0,-1
2023361384765,2023,361384765,1,9,0,9,9,1,8,0,0,8,1,10,7,0,4,1,6,6,1,52,8,1461,2,9,DACIA SANDERO,6,E01026520,0,-1
2023451350919,2023,451350919,2,9,0,9,9,7,5,0,0,1,1,0,0,0,2,1,5,6,2,20,4,898,1,8,DACIA SANDERO,10,E01018303,0,-1
2023471334741,2023,471334741,2,9,0,18,19,7,5,0,0,2,0,0,0,0,3,1,1,1,2,39,7,999,7,2,DACIA SANDERO,1,E01016904,0,-1
2023501299765,2023,501299765,1,9,0,18,19,7,3,0,0,0,5,0,8,10,3,1,6,6,1,88,11,898,1,9,DACIA SANDERO,3,E01020073,0,-1
2023131272998,2023,131272998,1,9,0,8,8,6,2,0,0,1,0,0,0,0,2,1,5,6,1,45,7,998,1,3,DACIA SANDERO,1,E01011354,0,-1
2023440282094,2023,440282094,1,9,0,18,19,3,7,0,0,1,0,0,0,0,1,1,6,6,3,-1,-1,998,1,4,DACIA SANDERO,-1,-1,0,-1
2023531334474,2023,531334474,1,9,0,16,19,3,7,0,0,0,0,0,0,0,3,1,2,2,1,31,6,898,1,8,DACIA SANDERO,9,E01022342,0,-1
2023170S41803,2023,170S41803,1,9,0,18,19,5,1,0,0,0,0,0,0,0,1,1,6,6,1,30,6,1461,2,9,DACIA SANDERO,-1,-1,0,-1
2023440496000,2023,440496000,1,9,0,9,9,3,1,0,0,5,0,0,0,0,4,1,1,1,1,57,9,998,1,5,DACIA SANDERO,4,E01017124,0,-1
2023631330292,2023,631330292,1,9,0,5,5,4,7,0,0,6,0,0,0,0,1,1,6,6,2,76,11,898,1,8,DACIA SANDERO,4,W01000672,0,-1
202363A015723,2023,63A015723,2,9,0,18,19,3,7,0,0,0,0,0,1,10,3,1,1,1,1,35,6,898,1,6,DACIA SANDERO,6,W01000639,0,-1
2023052301408,2023,052301408,2,9,0,18,19,7,3,0,0,0,0,0,0,0,2,1,6,6,2,27,6,998,1,3,DACIA SANDERO,1,E01033228,0,-1
2023211303729,2023,211303729,1,9,0,18,19,1,5,0,0,1,0,11,1,0,1,1,5,6,1,19,4,898,1,3,DACIA SANDERO,4,E01029535,0,-1
2023520400326,2023,520400326,1,9,0,18,19,2,6,0,0,0,0,0,0,0,3,1,6,6,3,-1,-1,1461,2,10,DACIA SANDERO,-1,-1,0,-1
2023361282436,2023,361282436,4,9,0,9,9,3,1,0,0,0,0,0,0,0,0,1,5,6,1,19,4,898,1,7,DACIA SANDERO,1,E01026793,0,-1
2023440081844,2023,440081844,2,9,0,18,19,6,2,0,0,1,0,0,0,0,1,1,6,6,2,20,4,1149,1,9,DACIA SANDERO,10,E01022853,0,-1
2023991311005,2023,991311005,2,9,0,16,19,7,2,0,0,0,0,0,0,0,1,1,1,1,1,60,9,999,1,2,DACIA SANDERO,2,-1,0,-1
2023052300422,2023,052300422,2,9,0,18,19,6,2,0,0,1,0,0,0,0,1,1,6,6,1,71,10,999,1,1,DACIA SANDERO,5,E01006978,0,-1
2023411333244,2023,411333244,1,9,0,15,15,1,4,0,0,0,0,0,0,0,4,1,2,2,2,-1,-1,898,1,4,DACIA SANDERO,9,E01023479,0,-1
2023991278867,2023,991278867,1,9,0,18,19,5,2,0,0,1,0,0,0,0,1,1,5,6,2,22,5,898,1,8,DACIA SANDERO,4,-1,0,-1
2023622300097,2023,622300097,2,9,0,4,4,4,8,0,0,0,0,0,0,0,2,1,6,6,1,59,9,898,1,9,DACIA SANDERO,1,W01000742,0,-1
2023501265964,2023,501265964,1,9,0,18,19,1,5,0,0,1,1,0,0,0,1,1,6,6,2,40,7,998,1,3,DACIA SANDERO,5,E01020127,0,-1
2023010434819,2023,010434819,1,9,0,18,19,7,3,0,0,2,0,0,0,0,3,1,2,2,1,27,6,998,1,6,DACIA SANDERO,7,E01003794,0,-1
2023471306206,2023,471306206,2,9,0,4,4,1,6,0,0,0,0,0,0,0,3,1,2,2,2,49,8,1461,2,7,DACIA SANDERO,5,E01031771,0,-1
2023471372677,2023,471372677,2,9,0,18,19,7,3,0,0,0,0,0,0,0,1,1,6,6,2,20,4,898,1,4,DACIA SANDERO,6,E01031472,0,-1
2023101373444,2023,101373444,1,9,0,18,19,7,1,0,0,8,0,0,0,0,1,1,6,6,1,69,10,999,1,0,DACIA SANDERO,2,E01008853,0,-1
2023421359625,2023,421359625,2,9,0,18,19,1,5,0,0,0,0,0,0,0,2,1,1,1,1,41,7,999,1,1,DACIA SANDERO,9,E01018307,0,-1
2023211436850,2023,211436850,1,9,0,18,19,2,6,0,0,1,0,0,0,0,4,1,6,6,1,33,6,898,1,4,DACIA SANDERO,-1,-1,0,-1
2023041284201,2023,041284201,1,9,0,18,19,1,1,0,0,1,0,0,0,0,1,1,6,6,2,-1,-1,1149,1,10,DACIA SANDERO,1,E01024908,0,-1
2023131348488,2023,131348488,1,9,0,11,11,1,3,0,0,1,2,0,0,0,4,1,2,2,2,20,4,999,7,3,DACIA SANDERO,1,E01011838,0,-1
2023991315717,2023,991315717,1,9,0,5,5,4,2,8,6,0,0,0,0,0,1,1,5,6,1,75,10,999,1,1,DACIA SANDERO,9,-1,0,-1
2023501362583,2023,501362583,1,9,0,5,5,2,6,0,0,1,0,0,0,0,1,1,6,6,1,41,7,999,1,0,DACIA SANDERO,2,E01032062,0,-1
2023101286647,2023,101286647,2,9,0,9,9,3,7,0,0,8,0,0,0,0,0,1,6,6,1,48,8,999,7,1,DACIA SANDERO,1,E01008837,0,-1
2023061271350,2023,061271350,2,9,0,4,4,3,7,0,0,0,0,0,0,0,2,1,6,6,1,48,8,898,1,9,DACIA SANDERO,9,E01006367,0,-1
2023131378218,2023,131378218,1,9,0,18,19,5,1,0,0,0,0,0,0,0,1,1,6,6,2,48,8,1461,2,9,DACIA SANDERO,4,E01011153,0,-1
2023111299604,2023,111299604,1,9,0,18,19,1,5,0,0,0,1,0,6,6,1,1,1,1,2,61,9,1461,2,6,DACIA SANDERO,4,E01008555,0,-1
2023201379922,2023,201379922,2,9,0,18,19,8,2,0,0,0,0,0,0,0,2,1,6,6,2,68,10,898,1,4,DACIA SANDERO,-1,-1,0,-1
2023991280254,2023,991280254,1,9,0,18,19,7,3,0,0,0,0,0,0,0,1,1,6,6,1,53,8,998,1,5,DACIA SANDERO,7,-1,0,-1
2023461283270,2023,461283270,2,9,0,2,2,0,0,0,0,2,0,0,0,0,1,1,6,6,1,18,4,1461,2,9,DACIA SANDERO,3,E01024684,0,-1
2023201413710,2023,201413710,3,9,0,18,19,1,5,0,0,1,0,0,0,0,1,1,6,6,2,28,6,898,1,6,DACIA SANDERO,1,E01010414,0,-1
2023061333606,2023,061333606,2,9,-1,-1,-1,-1,-1,-1,-1,-1,-1,-1,-1,0,-1,1,4,7,1,27,6,998,1,4,DACIA SANDERO,10,E01006094,0,-1
2023421281107,2023,421281107,1,9,0,12,12,7,3,0,0,2,0,0,0,0,3,1,6,6,1,56,9,1461,2,10,DACIA SANDERO,5,E01021393,0,-1
2023320621184,2023,320621184,1,9,0,9,9,4,2,0,0,5,0,0,0,0,1,1,6,6,2,51,8,898,1,3,DACIA SANDERO,4,-1,0,-1
2023501357409,2023,501357409,1,9,0,9,9,7,3,0,0,5,0,0,0,0,3,1,5,6,2,35,6,898,1,7,DACIA SANDERO,4,E01018846,0,-1
2023101285823,2023,101285823,2,9,0,18,19,7,3,0,0,8,0,0,0,0,3,1,5,6,1,80,11,999,1,2,DACIA SANDERO,4,E01008286,0,-1
2023201382341,2023,201382341,2,9,0,17,19,6,4,0,0,0,0,0,0,0,1,1,5,6,1,51,8,898,1,6,DACIA SANDERO,1,E01009311,0,-1
2023122400146,2023,122400146,1,9,0,11,11,1,5,0,0,0,0,0,0,0,1,1,2,2,1,19,4,898,1,4,DACIA SANDERO,5,E01024673,0,-1
2023052302039,2023,052302039,3,9,0,3,3,1,5,0,0,0,0,0,0,0,2,1,6,6,2,34,6,999,7,2,DACIA SANDERO,2,E01006709,0,-1
2023371368668,2023,371368668,1,9,0,9,9,3,8,0,0,1,0,0,0,0,1,1,5,6,2,35,6,1461,2,9,DACIA SANDERO,2,E01030289,0,-1
2023131307582,2023,131307582,2,9,0,18,19,3,3,0,0,8,0,0,0,0,2,1,1,1,1,60,9,998,1,3,DACIA SANDERO,3,E01011868,0,-1
2023451306803,2023,451306803,1,9,0,3,3,7,3,0,0,0,0,0,0,0,2,1,1,1,1,25,5,998,1,3,DACIA SANDERO,4,E01021295,0,-1
2023010471859,2023,010471859,1,9,0,18,19,1,5,0,0,2,1,0,1,10,1,1,6,6,2,53,8,999,1,0,DACIA SANDERO,6,E01023341,0,-1
2023131261929,2023,131261929,1,9,0,9,9,1,3,0,0,6,0,0,0,0,3,1,6,6,2,27,6,1149,1,9,DACIA SANDERO,1,E01010966,0,-1
2023041390829,2023,041390829,1,9,0,7,7,5,1,0,0,1,0,0,0,0,1,1,5,6,2,72,10,998,1,5,DACIA SANDERO,3,E01025429,0,-1
2023211385472,2023,211385472,1,9,0,18,19,1,1,0,0,0,0,0,0,0,1,2,6,6,1,44,7,898,1,4,DACIA SANDERO,1,E01014218,0,-1
2023547800323,2023,547800323,3,9,0,2,2,0,0,0,0,1,0,0,0,0,3,1,6,6,2,-1,-1,898,1,6,DACIA SANDERO,-1,-1,0,-1
2023221387362,2023,221387362,2,9,0,18,19,8,4,0,0,8,1,0,0,0,3,1,5,6,1,20,4,999,1,1,DACIA SANDERO,6,E01029708,0,-1
2023161334720,2023,161334720,1,9,0,18,19,8,4,0,0,0,0,0,0,0,1,1,6,6,2,74,10,1461,2,7,DACIA SANDERO,10,E01013118,0,-1
2023111344463,2023,111344463,1,9,0,18,19,5,1,0,0,1,0,0,0,0,3,1,6,6,1,77,11,999,1,0,DACIA SANDERO,3,E01012355,0,-1
2023071265175,2023,071265175,2,9,0,4,4,3,7,0,0,0,0,0,0,0,2,1,6,6,2,53,8,999,1,1,DACIA SANDERO,5,E01006896,0,-1
2023430275725,2023,430275725,1,9,0,9,9,7,4,0,0,6,0,0,0,0,1,1,6,6,1,30,6,898,1,5,DACIA SANDERO,-1,-1,0,-1
2023531339162,2023,531339162,2,9,0,18,19,7,3,0,0,1,0,0,0,0,2,1,5,6,2,52,8,999,7,1,DACIA SANDERO,5,E01014065,0,-1
2023061335636,2023,061335636,2,9,0,2,2,5,1,0,0,0,0,0,1,11,4,1,6,6,3,-1,-1,1149,1,8,DACIA SANDERO,-1,-1,0,-1
2023302301995,2023,302301995,2,9,0,18,19,4,8,0,0,8,0,0,0,0,1,1,6,6,1,18,4,1461,2,10,DACIA SANDERO,5,E01008113,0,-1
2023991335264,2023,991335264,4,9,0,2,2,0,0,0,0,2,0,0,0,0,2,1,6,6,3,-1,-1,1149,1,9,DACIA SANDERO,-1,-1,0,-1
2023302301811,2023,302301811,2,9,0,2,2,0,0,0,0,0,0,0,0,0,3,1,6,6,3,-1,-1,999,1,2,DACIA SANDERO,-1,-1,0,-1
2023552400009,2023,552400009,2,9,0,18,19,6,2,0,0,8,0,0,0,0,4,1,6,6,1,34,6,999,1,1,DACIA SANDERO,6,E01020439,0,-1
2023991321362,2023,991321362,1,9,0,5,5,7,3,0,0,0,0,0,0,0,3,1,5,6,1,33,6,1461,2,7,DACIA SANDERO,1,-1,0,-1
2023991311116,2023,991311116,2,9,0,10,10,1,5,0,0,1,0,0,0,0,2,1,5,6,2,35,6,898,1,2,DACIA SANDERO,2,-1,0,-1
2023552301310,2023,552301310,1,9,0,9,9,6,4,0,0,0,0,0,0,0,3,1,6,6,1,-1,-1,999,1,0,DACIA SANDERO,3,E01015439,0,-1
2023131314514,2023,131314514,1,9,0,15,15,1,5,0,0,0,0,0,0,0,4,1,6,6,3,-1,-1,999,1,0,DACIA SANDERO,-1,-1,0,-1
2023161360025,2023,161360025,1,9,0,18,19,5,1,0,0,0,0,0,0,0,1,1,6,6,2,75,10,898,1,5,DACIA SANDERO,9,E01013252,0,-1
2023451392019,2023,451392019,1,9,0,2,2,0,0,0,0,0,0,0,0,0,1,1,6,6,2,37,7,898,1,5,DACIA SANDERO,8,E01030920,0,-1
2023522400251,2023,522400251,1,9,0,18,19,6,2,0,0,8,0,0,0,0,1,1,6,6,2,70,10,999,1,2,DACIA SANDERO,5,E01014518,0,-1
2023052300064,2023,052300064,1,9,0,4,4,5,1,0,0,0,0,0,0,0,1,1,6,6,2,23,5,898,1,5,DACIA SANDERO,1,E01006463,0,-1
2023451332972,2023,451332972,1,9,0,18,19,6,2,0,0,8,0,0,0,0,1,1,5,6,2,37,7,898,1,10,DACIA SANDERO,5,E01030459,0,-1
2023211359858,2023,211359858,1,9,0,3,3,3,3,0,0,1,0,0,0,0,2,1,2,2,2,56,9,1461,2,9,DACIA SANDERO,9,E01033534,0,-1
2023061283502,2023,061283502,2,9,0,18,19,8,4,0,0,2,0,0,1,0,4,1,5,6,1,60,9,999,7,2,DACIA SANDERO,3,E01005702,0,-1
2023041309827,2023,041309827,1,9,0,18,19,3,7,0,0,0,0,0,0,0,1,1,5,6,1,59,9,1461,2,8,DACIA SANDERO,4,E01025054,0,-1
2023522301111,2023,522301111,1,9,0,18,19,4,8,0,0,0,5,0,0,0,1,1,6,6,2,76,11,898,1,5,DACIA SANDERO,9,E01014898,0,-1
2023461321886,2023,461321886,2,9,0,18,19,8,4,0,0,8,5,0,1,10,4,1,6,6,1,74,10,898,1,4,DACIA SANDERO,6,E01004109,0,-1
2023991329991,2023,991329991,2,9,0,10,10,1,7,0,0,1,0,0,7,0,4,1,5,6,1,60,9,898,1,2,DACIA SANDERO,5,-1,0,-1
2023631312986,2023,631312986,1,9,0,12,12,8,3,0,0,0,1,0,0,0,1,1,5,6,1,17,4,898,1,7,DACIA SANDERO,6,W01000716,0,-1
2023440324285,2023,440324285,1,9,0,4,4,5,1,0,0,1,0,0,0,0,2,1,6,6,2,50,8,999,1,1,DACIA SANDERO,5,E01017088,0,-1
2023302300520,2023,302300520,3,9,0,18,19,1,5,0,0,2,0,0,1,1,1,1,6,6,1,80,11,999,1,2,DACIA SANDERO,9,E01019635,0,-1
2023351362172,2023,351362172,1,9,0,4,4,5,1,0,0,1,0,0,0,0,1,1,2,2,1,32,6,1461,2,9,DACIA SANDERO,4,E01015655,0,-1
2023061382914,2023,061382914,1,9,0,18,19,7,2,0,0,1,0,0,0,0,1,1,2,2,2,56,9,898,1,3,DACIA SANDERO,9,E01005802,0,-1
2023311392179,2023,311392179,1,9,0,18,19,6,2,0,0,1,0,0,0,0,1,1,5,6,1,40,7,1461,2,7,DACIA SANDERO,8,E01028246,0,-1
2023052300208,2023,052300208,2,9,0,18,19,3,7,0,0,2,0,0,0,0,4,1,6,6,2,35,6,999,1,1,DACIA SANDERO,2,E01007091,0,-1
2023501295005,2023,501295005,1,9,0,4,4,2,6,0,0,0,0,0,0,0,1,1,5,6,2,63,9,898,1,3,DACIA SANDERO,5,E01020213,0,-1
2023991315951,2023,991315951,1,9,0,18,19,5,1,0,0,1,0,0,0,0,3,1,6,6,2,65,9,1461,2,6,DACIA SANDERO,10,-1,0,-1
2023010471662,2023,010471662,1,9,0,18,19,7,3,0,0,1,2,4,0,0,1,1,6,6,1,34,6,898,1,4,DACIA SANDERO,-1,-1,0,-1
2023461313802,2023,461313802,1,9,0,5,5,2,4,0,0,0,0,0,0,0,3,1,6,6,1,-1,-1,1461,2,5,DACIA SANDERO,2,E01024699,0,-1
2023320210258,2023,320210258,2,9,0,3,3,6,2,0,0,1,0,0,0,0,2,1,6,6,2,66,10,1461,2,8,DACIA SANDERO,2,E01008690,0,-1
2023461390355,2023,461390355,2,9,0,4,4,7,3,0,0,0,0,0,0,0,2,1,6,6,1,41,7,898,1,5,DACIA SANDERO,6,E01024314,0,-1
2023201383990,2023,201383990,1,9,0,7,7,1,4,0,0,2,1,4,0,0,4,1,6,6,1,41,7,999,1,0,DACIA SANDERO,1,E01009401,0,-1
2023131343035,2023,131343035,2,9,0,5,5,3,1,0,0,8,0,0,0,0,3,1,6,6,1,52,8,898,1,10,DACIA SANDERO,7,E01010587,0,-1
2023010445189,2023,010445189,1,9,0,18,19,5,1,0,0,0,0,0,0,0,4,1,6,6,1,55,8,1149,1,8,DACIA SANDERO,8,E01016099,0,-1
2023401368883,2023,401368883,1,9,0,17,19,5,1,0,0,0,1,0,0,0,1,1,2,2,2,19,4,1149,1,7,DACIA SANDERO,2,E01017492,0,-1
2023421388396,2023,421388396,2,9,0,18,19,3,7,0,0,1,0,0,0,0,1,1,6,6,2,35,6,999,1,0,DACIA SANDERO,5,E01021362,0,-1
2023061384711,2023,061384711,2,9,0,18,19,6,2,0,0,0,0,0,0,0,2,1,6,6,1,27,6,898,1,7,DACIA SANDERO,-1,-1,0,-1
2023061346580,2023,061346580,1,9,0,18,19,4,8,0,0,8,0,0,0,0,3,1,5,6,2,74,10,898,1,8,DACIA SANDERO,8,E01006287,0,-1
2023552300095,2023,552300095,1,9,0,18,19,8,4,0,0,0,2,0,1,0,1,1,2,2,2,23,5,898,1,7,DACIA SANDERO,10,E01020383,0,-1
2023122300244,2023,122300244,1,9,0,9,9,5,3,0,0,1,0,0,0,0,1,1,2,2,1,78,11,1461,2,5,DACIA SANDERO,9,E01013422,0,-1
2023041292230,2023,041292230,2,9,0,17,19,3,2,0,0,1,0,0,0,0,1,1,3,7,2,27,6,1461,2,8,DACIA SANDERO,4,E01024894,0,-1
2023440225573,2023,440225573,1,9,0,18,19,7,3,0,0,0,0,0,0,0,1,1,2,2,2,29,6,898,1,8,DACIA SANDERO,-1,-1,0,-1
2023061382263,2023,061382263,1,9,0,7,7,7,1,0,0,1,0,0,0,0,4,1,6,6,2,30,6,898,1,10,DACIA SANDERO,3,E01005603,0,-1
2023031341105,2023,031341105,1,9,0,7,7,4,2,0,0,0,0,0,0,0,2,1,6,6,1,69,10,898,1,3,DACIA SANDERO,9,E01019163,0,-1
2023141304074,2023,141304074,1,9,0,18,19,7,3,0,0,0,0,0,0,0,1,1,6,6,1,73,10,999,1,0,DACIA SANDERO,1,E01007764,0,-1
2023471361185,2023,471361185,2,9,0,18,19,8,4,0,0,0,0,0,0,0,2,1,6,6,1,65,9,898,1,6,DACIA SANDERO,9,E01021226,0,-1
2023122301248,2023,122301248,1,9,0,2,2,0,0,0,0,0,0,0,0,0,0,1,6,6,1,76,11,898,1,5,DACIA SANDERO,-1,-1,0,-1
2023061359956,2023,061359956,2,9,0,9,9,7,5,0,0,0,0,0,0,0,1,1,5,6,1,48,8,999,1,0,DACIA SANDERO,3,E01005686,0,-1
2023501338455,2023,501338455,2,9,0,17,19,8,4,0,0,0,0,0,0,0,1,1,5,6,1,66,10,898,1,8,DACIA SANDERO,2,E01020113,0,-1
2023361307062,2023,361307062,4,9,0,2,2,0,0,0,0,0,0,0,0,0,1,1,6,6,3,-1,-1,898,1,8,DACIA SANDERO,-1,-1,0,-1
2023631346563,2023,631346563,3,9,0,18,19,5,1,0,0,0,0,0,0,0,2,1,5,6,2,55,8,999,1,2,DACIA SANDERO,2,W01001217,0,-1
2023371341901,2023,371341901,1,9,0,18,19,7,2,0,0,2,0,0,0,0,1,1,5,6,1,36,7,999,1,2,DACIA SANDERO,10,E01023421,0,-1
2023161352839,2023,161352839,1,9,0,18,19,7,3,0,0,0,0,0,0,0,2,1,6,6,1,63,9,1461,2,6,DACIA SANDERO,3,E01013259,0,-1
2023071237732,2023,071237732,1,9,0,4,4,8,4,0,0,0,0,0,0,0,1,1,6,6,1,91,11,999,1,0,DACIA SANDERO,1,E01006484,0,-1
2023031356212,2023,031356212,1,9,0,7,7,1,2,0,0,8,0,0,0,0,1,1,6,6,1,81,11,1461,2,10,DACIA SANDERO,1,E01019245,0,-1
2023131310270,2023,131310270,2,9,0,18,19,3,7,0,0,0,5,0,0,0,3,1,6,6,2,65,9,898,1,3,DACIA SANDERO,7,E01005983,0,-1
2023101277405,2023,101277405,1,9,0,5,5,1,2,0,0,8,0,0,0,0,2,1,6,6,2,59,9,898,1,5,DACIA SANDERO,6,E01008768,0,-1
2023991308123,2023,991308123,1,9,0,9,9,2,8,0,0,1,0,0,0,0,4,2,6,6,1,77,11,999,7,1,DACIA SANDERO,6,-1,0,-1
2023311260141,2023,311260141,2,9,0,12,12,5,1,0,0,0,0,0,0,0,2,1,6,6,1,30,6,898,1,6,DACIA SANDERO,3,E01027927,0,-1
2023991267474,2023,991267474,1,9,0,16,19,1,5,0,0,0,1,0,7,0,1,1,2,2,1,58,9,998,1,4,DACIA SANDERO,5,-1,0,-1
2023340WN7122,2023,340WN7122,2,9,0,18,19,0,0,0,0,8,0,0,0,0,3,1,6,6,2,35,6,999,1,1,DACIA SANDERO,6,E01032977,0,-1
2023302300785,2023,302300785,2,9,0,3,3,6,2,0,0,0,0,0,0,0,2,1,6,6,2,55,8,898,1,5,DACIA SANDERO,5,E01027943,0,-1
2023461284819,2023,461284819,1,9,0,18,19,3,8,0,0,0,0,0,0,0,1,1,5,6,1,24,5,898,1,6,DACIA SANDERO,9,E01000424,0,-1
2023461261628,2023,461261628,2,9,0,2,2,0,0,0,0,0,0,0,0,0,2,1,6,6,1,28,6,898,1,8,DACIA SANDERO,5,E01024095,0,-1
2023471364024,2023,471364024,3,9,0,18,19,4,8,0,0,2,0,0,0,0,2,1,5,6,1,79,11,998,1,4,DACIA SANDERO,8,E01020931,0,-1
2023332300561,2023,332300561,2,9,0,18,19,3,7,0,0,8,0,0,0,0,1,1,6,6,2,32,6,898,1,6,DACIA SANDERO,8,E01025853,0,-1
2023010466840,2023,010466840,2,9,0,5,5,5,1,0,0,8,0,0,0,0,1,1,6,6,2,51,8,898,1,5,DACIA SANDERO,6,E01004518,0,-1
2023461363855,2023,461363855,1,9,0,5,5,3,7,0,0,6,0,0,0,0,4,1,6,6,1,78,11,898,1,4,DACIA SANDERO,10,E01024320,0,-1
2023010462878,2023,010462878,1,9,0,9,9,1,7,0,0,6,0,0,0,0,1,1,2,2,2,50,8,898,1,8,DACIA SANDERO,3,E01002370,0,-1
2023351289073,2023,351289073,2,9,0,18,19,-1,-1,0,0,1,0,0,0,0,2,1,3,7,2,31,6,999,7,3,DACIA SANDERO,4,E01018100,0,-1
2023461305799,2023,461305799,1,9,0,4,4,7,3,0,0,0,0,0,0,0,0,1,6,6,2,34,6,898,1,4,DACIA SANDERO,6,E01024410,0,-1
2023041259862,2023,041259862,2,9,0,18,19,3,7,0,0,0,0,0,1,0,2,1,6,6,1,21,5,1149,1,9,DACIA SANDERO,5,E01025013,0,-1
2023991388818,2023,991388818,1,9,0,7,7,5,8,0,0,1,0,0,7,11,1,1,6,6,1,43,7,998,1,5,DACIA SANDERO,5,-1,0,-1
2023371304264,2023,371304264,3,9,0,18,19,1,5,0,0,0,0,0,0,0,1,1,6,6,1,54,8,998,1,4,DACIA SANDERO,3,E01030262,0,-1
2023991368569,2023,991368569,2,9,0,10,10,4,2,0,0,1,0,0,0,0,3,1,2,2,1,35,6,1461,2,9,DACIA SANDERO,4,-1,0,-1
2023991389668,2023,991389668,1,9,0,18,19,4,8,0,0,8,0,0,0,0,1,1,6,6,1,42,7,1461,2,5,DACIA SANDERO,-1,-1,0,-1
2023421344340,2023,421344340,2,9,0,7,7,4,7,0,0,2,0,0,0,0,2,1,6,6,2,41,7,999,1,1,DACIA SANDERO,7,E01021378,0,-1
2023010428092,2023,010428092,2,9,0,99,99,9,9,99,99,0,9,99,9,99,9,9,6,6,3,-1,-1,1461,2,7,DACIA SANDERO,-1,-1,0,-1
2023201405205,2023,201405205,1,9,0,18,19,5,1,0,0,0,2,4,7,0,1,1,6,6,1,72,10,898,1,6,DACIA SANDERO,1,E01010236,0,-1
2023545828323,2023,545828323,1,9,0,18,19,2,6,0,0,1,0,0,0,0,1,1,6,6,1,85,11,998,1,3,DACIA SANDERO,2,E01015573,0,-1
2023031308788,2023,031308788,1,9,0,18,19,1,5,0,0,1,0,0,0,0,1,1,2,2,1,40,7,898,1,4,DACIA SANDERO,7,E01019219,0,-1
2023440149242,2023,440149242,1,9,0,5,5,6,2,0,0,4,0,0,0,0,3,1,2,2,1,35,6,898,1,9,DACIA SANDERO,4,E01017128,0,-1
2023461338466,2023,461338466,1,9,0,17,19,3,7,0,0,0,0,0,1,0,1,1,6,6,2,31,6,999,1,2,DACIA SANDERO,8,E01032571,0,-1
2023161301212,2023,161301212,2,9,0,5,5,1,5,0,0,1,0,0,0,0,1,1,6,6,2,-1,-1,898,1,7,DACIA SANDERO,-1,-1,0,-1