collision_index,collision_year,collision_ref_no,vehicle_reference,vehicle_type,towing_and_articulation,vehicle_manoeuvre_historic,vehicle_manoeuvre,vehicle_direction_from,vehicle_direction_to,vehicle_location_restricted_lane_historic,vehicle_location_restricted_lane,junction_location,skidding_and_overturning,hit_object_in_carriageway,vehicle_leaving_carriageway,hit_object_off_carriageway,first_point_of_impact,vehicle_left_hand_drive,journey_purpose_of_driver_historic,journey_purpose_of_driver,sex_of_driver,age_of_driver,age_band_of_driver,engine_capacity_cc,propulsion_code,age_of_vehicle,generic_make_model,driver_imd_decile,lsoa_of_driver,escooter_flag,driver_distance_banding
2023471340023,2023,471340023,1,9,0,-1,-1,-1,-1,-1,-1,-1,-1,-1,-1,0,-1,1,6,6,2,22,5,1149,1,8,DACIA SANDERO,10,E01023173,0,-1
2023332301029,2023,332301029,2,9,0,18,19,3,7,0,0,0,0,0,1,9,2,1,6,6,2,86,11,998,1,5,DACIA SANDERO,10,E01025780,0,-1
2023052300306,2023,052300306,2,9,0,18,19,5,1,0,0,0,0,0,0,0,1,1,6,6,2,35,6,1461,2,7,DACIA SANDERO,3,E01012510,0,-1
2023361349781,2023,361349781,2,9,0,18,19,5,1,0,0,8,2,0,1,1,3,1,5,6,2,32,6,1461,2,7,DACIA SANDERO,2,E01026803,0,-1
2023061390608,2023,061390608,1,9,0,9,9,8,6,0,0,0,0,0,0,0,1,1,5,6,2,44,7,1461,2,6,DACIA SANDERO,1,E01005103,0,-1
2023991391784,2023,991391784,1,9,0,6,6,5,5,0,0,0,0,0,0,0,3,1,6,6,2,62,9,898,1,7,DACIA SANDERO,3,-1,0,-1
2023440020613,2023,440020613,2,9,0,18,19,4,8,0,0,8,0,0,0,0,3,1,6,6,1,44,7,995,1,20,-1,5,E01023010,0,-1
2023351287419,2023,351287419,3,9,0,2,2,0,0,0,0,1,0,4,0,0,1,1,6,6,3,-1,-1,796,1,21,-1,-1,-1,0,-1
2023221326655,2023,221326655,1,5,0,18,19,8,4,0,0,0,0,12,0,0,1,1,5,6,1,69,10,649,1,2,-1,8,E01009920,0,-1
2023552301178,2023,552301178,2,5,0,3,3,8,4,0,0,8,0,0,0,0,4,1,6,6,1,60,9,649,1,0,-1,5,E01015427,0,-1
2023371350024,2023,371350024,1,5,0,18,19,3,7,0,0,0,0,0,0,0,3,1,5,6,2,59,9,649,1,0,-1,-1,-1,0,-1
2023070155185,2023,070155185,2,5,0,18,19,3,7,0,0,1,0,10,0,0,1,1,2,2,1,28,6,649,1,2,-1,2,E01012390,0,-1
2023010457527,2023,010457527,1,5,5,15,15,5,1,0,0,1,1,0,0,0,1,1,6,6,1,21,5,649,1,4,-1,1,E01003184,0,-1
2023421357453,2023,421357453,2,5,0,7,7,2,5,0,0,1,1,0,0,0,1,1,5,6,1,19,4,649,1,0,-1,4,E01021698,0,-1
2023311308962,2023,311308962,1,5,0,14,14,5,8,0,0,8,0,0,0,0,1,1,2,2,1,49,8,649,1,4,-1,5,E01027932,0,-1
2023401359724,2023,401359724,1,5,0,18,19,5,1,0,0,0,0,2,1,0,1,1,5,6,2,30,6,649,1,2,-1,9,E01018250,0,-1
2023041266795,2023,041266795,1,5,0,18,19,7,3,0,0,0,1,0,1,0,4,1,5,6,1,29,6,649,1,2,-1,5,E01012729,0,-1
2023052300180,2023,052300180,2,3,0,18,19,3,7,0,0,0,0,0,0,0,1,1,6,6,1,22,5,125,1,8,-1,2,E01006657,0,-1
2023351282269,2023,351282269,1,9,0,18,19,-1,-1,0,0,8,0,0,0,0,3,1,6,6,2,76,11,2997,1,25,LEXUS GS 300,10,E01017959,0,-1
2023052301204,2023,052301204,3,9,0,2,2,0,0,0,0,0,0,0,0,0,3,1,6,6,3,-1,-1,2995,1,18,LEXUS GS 300,-1,-1,0,-1
2023631365436,2023,631365436,1,9,0,-1,-1,-1,-1,-1,-1,0,-1,-1,-1,0,-1,1,5,6,1,80,11,2997,1,20,LEXUS GS 300,4,E01028992,0,-1
2023991290878,2023,991290878,2,9,0,9,9,6,4,0,0,8,0,0,0,0,1,1,6,6,1,57,9,2995,1,17,LEXUS GS 300,2,-1,0,-1
202354B373023,2023,54B373023,1,9,0,18,19,3,8,0,0,0,0,0,0,0,1,1,1,1,1,34,6,2997,1,23,LEXUS GS 300,6,E01032083,0,-1
2023991391145,2023,991391145,1,9,0,10,10,5,2,0,0,1,0,0,0,0,3,1,5,6,1,78,11,2995,1,18,LEXUS GS 300,3,-1,0,-1
2023131371774,2023,131371774,1,9,0,-1,-1,-1,-1,-1,-1,0,-1,-1,-1,0,-1,1,6,6,3,-1,-1,2995,1,18,LEXUS GS 300,-1,-1,0,-1
2023231310966,2023,231310966,1,9,0,18,19,4,8,0,0,0,0,0,0,0,1,1,6,6,2,42,7,2493,8,9,LEXUS GS 300,6,E01031084,0,-1
2023010427514,2023,010427514,2,9,0,99,99,9,9,99,99,0,9,99,9,99,1,9,6,6,1,-1,-1,2995,1,17,LEXUS GS 300,6,E01001159,0,-1
2023010451736,2023,010451736,2,9,0,99,99,9,9,99,99,0,9,99,9,99,1,9,6,6,1,75,10,2494,8,6,LEXUS GS 300,2,E01001824,0,-1
2023010468053,2023,010468053,2,9,0,9,9,5,2,0,0,8,0,0,0,0,2,1,6,6,1,28,6,2995,1,16,LEXUS GS 300,5,E01004363,0,-1
2023552301000,2023,552301000,1,9,0,18,19,5,1,0,0,0,0,0,0,0,1,1,6,6,1,22,5,2997,1,22,LEXUS GS 300,5,E01000224,0,-1
2023320126062,2023,320126062,1,9,0,18,19,2,6,0,0,0,0,4,0,0,4,1,6,6,1,65,9,2997,1,21,LEXUS GS 300,1,E01026114,0,-1
2023401313258,2023,401313258,1,9,0,9,9,8,6,0,0,6,0,0,0,0,1,1,2,2,2,30,6,2995,1,18,LEXUS GS 300,3,E01023405,0,-1
2023451375081,2023,451375081,1,9,0,18,19,7,4,0,0,1,0,0,0,0,0,1,5,6,1,72,10,2995,1,16,LEXUS GS 300,7,E01030833,0,-1
2023131269010,2023,131269010,2,9,0,18,19,7,3,0,0,0,0,0,0,0,2,1,1,1,1,49,8,2494,8,6,LEXUS GS 300,1,E01011358,0,-1
2023302300818,2023,302300818,1,9,0,9,9,4,2,0,0,8,0,0,0,0,3,1,6,6,2,48,8,2995,1,16,LEXUS GS 300,1,E01028066,0,-1
2023421279046,2023,421279046,1,9,0,18,19,3,7,0,0,0,0,0,0,0,1,1,6,6,1,44,7,-1,-1,-1,-1,5,E01032783,0,-1
2023052301541,2023,052301541,1,8,0,18,19,1,5,0,0,0,0,0,0,0,4,1,1,1,1,-1,-1,2402,2,18,-1,-1,-1,0,-1
2023010464472,2023,010464472,2,8,0,9,9,5,3,0,0,1,0,0,0,0,1,1,1,1,1,78,11,1998,7,19,-1,6,E01003163,0,-1
2023010431524,2023,010431524,1,8,0,18,19,7,3,0,0,4,0,7,0,0,1,1,1,1,1,65,9,1998,7,17,-1,3,E01004266,0,-1
2023201328133,2023,201328133,2,8,0,3,3,8,4,0,0,1,0,0,0,0,2,1,1,1,1,47,8,2664,2,17,-1,1,E01010367,0,-1
2023522300690,2023,522300690,1,9,0,18,19,7,3,0,0,0,0,0,7,11,1,1,6,6,2,28,6,1396,1,20,-1,7,E01014893,0,-1
2023471280988,2023,471280988,1,9,0,18,19,1,5,0,0,4,0,0,0,0,3,1,6,6,2,59,9,1396,1,17,-1,9,E01031730,0,-1
2023991286805,2023,991286805,1,9,0,9,9,8,6,0,0,0,0,0,0,0,1,1,1,1,1,50,8,-1,-1,-1,-1,3,-1,0,-1
2023361362964,2023,361362964,1,9,0,9,9,5,6,0,0,0,1,0,1,0,1,1,5,6,1,21,5,1396,1,19,-1,8,E01026714,0,-1
2023440402857,2023,440402857,1,9,0,5,5,2,6,0,0,8,0,0,0,0,4,1,6,6,1,16,4,1396,1,18,-1,5,E01017321,0,-1
2023430233820,2023,430233820,2,4,0,18,19,4,8,0,0,0,0,0,0,0,1,1,1,1,1,25,5,125,1,1,-1,3,E01002552,0,-1
2023161323830,2023,161323830,1,4,0,18,19,7,3,0,0,1,2,0,0,0,0,1,2,2,1,26,6,125,1,1,-1,6,E01013267,0,-1
2023131298652,2023,131298652,2,3,0,18,19,3,7,0,0,0,5,0,7,11,1,1,6,6,1,19,4,125,1,2,-1,3,E01010864,0,-1
2023131348924,2023,131348924,1,3,0,18,19,5,1,0,0,1,1,0,0,0,1,1,5,6,1,22,5,125,1,2,-1,3,E01010657,0,-1
2023010485301,2023,010485301,2,3,0,18,19,1,5,0,0,1,5,0,0,0,1,1,2,2,1,27,6,125,1,0,-1,4,E01002884,0,-1
2023610004823,2023,610004823,1,3,0,18,19,5,1,0,0,0,0,0,0,0,3,1,2,2,1,60,9,125,1,2,-1,2,W01001614,0,-1
2023131269383,2023,131269383,1,3,0,18,19,7,3,0,0,8,2,0,0,0,0,1,1,1,1,55,8,125,1,2,-1,1,E01010938,0,-1
2023552300564,2023,552300564,1,2,0,18,19,4,8,0,0,8,1,0,0,0,1,1,4,7,1,18,4,125,1,1,-1,7,E01020537,0,-1
2023302301497,2023,302301497,2,3,0,18,19,2,5,0,0,4,0,0,0,0,1,1,6,6,1,17,4,125,1,0,-1,8,E01019840,0,-1
2023332300496,2023,332300496,2,5,0,13,13,5,1,0,0,8,0,0,0,0,1,1,6,6,1,32,6,1157,1,23,SUZUKI GSF 1200,1,E01013622,0,-1
2023471367818,2023,471367818,2,5,0,18,19,3,7,0,0,8,0,0,0,0,1,1,2,2,1,61,9,1157,1,21,SUZUKI GSF 1200,3,E01031366,0,-1
2023552301500,2023,552301500,1,5,0,18,19,8,4,0,0,0,0,0,0,0,1,1,2,2,1,56,9,1157,1,18,SUZUKI GSF 1200,3,E01015305,0,-1
2023161351759,2023,161351759,1,5,0,18,19,5,1,0,0,0,0,0,0,0,1,1,6,6,1,53,8,1157,1,23,SUZUKI GSF 1200,5,E01013268,0,-1
2023122301108,2023,122301108,1,5,0,16,19,1,3,0,0,0,0,0,0,0,3,1,6,6,1,34,6,1157,1,18,SUZUKI GSF 1200,1,E01011869,0,-1
2023070143695,2023,070143695,1,4,0,18,19,7,3,0,0,0,1,0,1,0,4,1,6,6,1,35,6,1157,1,20,-1,1,E01033300,0,-1
202354C927923,2023,54C927923,1,5,0,4,4,2,6,0,0,0,1,0,0,0,1,1,2,2,1,29,6,1157,1,21,SUZUKI GSF 1200,8,E01031900,0,-1
2023552300842,2023,552300842,2,5,0,18,19,6,2,0,0,8,0,0,0,0,1,1,6,6,1,47,8,1157,1,25,SUZUKI GSF 1200,5,E01020364,0,-1
2023440350814,2023,440350814,1,5,0,4,4,6,2,0,0,0,0,0,0,0,0,1,6,6,1,58,9,1157,1,25,SUZUKI GSF 1200,7,E01016236,0,-1
2023231369908,2023,231369908,2,5,0,14,14,6,2,0,0,8,0,0,0,0,1,1,2,2,1,35,6,1157,1,18,SUZUKI GSF 1200,1,E01031090,0,-1
2023031350153,2023,031350153,1,5,0,16,19,8,4,0,0,0,1,0,7,0,1,1,2,2,1,26,6,1157,1,19,SUZUKI GSF 1200,-1,-1,0,-1
2023320489170,2023,320489170,1,4,0,18,19,4,8,0,0,0,5,0,1,11,1,1,6,6,1,40,7,1157,1,24,-1,5,E01026298,0,-1
2023440189264,2023,440189264,1,5,0,4,4,3,7,0,0,0,1,10,0,0,4,1,6,6,1,53,8,1157,1,24,SUZUKI GSF 1200,9,E01016237,0,-1
2023122300818,2023,122300818,1,5,0,13,13,1,5,0,0,0,0,0,0,0,1,1,6,6,1,59,9,1157,1,26,SUZUKI GSF 1200,5,E01011749,0,-1
2023332300955,2023,332300955,1,5,0,13,13,7,3,0,0,0,1,10,7,10,1,1,6,6,1,58,9,1157,1,26,SUZUKI GSF 1200,4,E01025907,0,-1
2023552301157,2023,552301157,2,5,0,18,19,6,2,0,0,8,0,0,0,0,1,1,6,6,1,29,6,1157,1,22,SUZUKI GSF 1200,7,E01020546,0,-1
2023201402903,2023,201402903,2,3,0,4,4,4,8,1,1,8,0,0,0,0,4,1,2,2,1,33,6,1157,1,23,-1,1,E01010031,0,-1
2023622300483,2023,622300483,1,5,0,18,19,8,4,0,0,0,1,4,0,0,1,1,6,6,1,60,9,1157,1,21,SUZUKI GSF 1200,6,W01001076,0,-1
2023471331624,2023,471331624,3,5,0,18,19,4,8,0,0,1,1,0,7,0,1,1,6,6,1,47,8,1157,1,20,SUZUKI GSF 1200,8,E01030848,0,-1
2023201442123,2023,201442123,2,5,0,18,19,8,4,2,2,0,1,0,0,0,1,1,2,2,1,38,7,1157,1,25,SUZUKI GSF 1200,1,E01008995,0,-1
2023610019023,2023,610019023,2,4,0,18,19,5,1,0,0,1,0,0,0,0,1,1,6,6,1,56,9,1157,1,26,-1,1,W01001326,0,-1
2023440192049,2023,440192049,2,5,0,18,19,2,6,0,0,0,0,0,0,0,1,1,2,2,1,28,6,1157,1,16,SUZUKI GSF 1200,6,E01031513,0,-1
2023332301119,2023,332301119,1,5,0,5,5,3,7,0,0,4,1,7,0,0,4,1,6,6,1,50,8,1157,1,19,SUZUKI GSF 1200,8,E01025883,0,-1
2023361376214,2023,361376214,1,5,0,18,19,-1,-1,0,0,1,1,0,0,0,4,1,6,6,1,34,6,1157,1,26,SUZUKI GSF 1200,4,E01026499,0,-1
2023421272551,2023,421272551,2,5,0,18,19,3,7,0,0,0,0,0,4,0,1,1,5,6,1,25,5,1157,1,21,SUZUKI GSF 1200,7,E01015964,0,-1
2023531307054,2023,531307054,1,5,0,17,19,5,1,0,0,0,1,11,1,0,3,1,5,6,1,50,8,1157,1,16,SUZUKI GSF 1200,6,E01022227,0,-1
2023501373210,2023,501373210,2,19,0,2,2,0,0,0,0,0,0,0,0,0,1,1,6,6,3,-1,-1,-1,-1,-1,-1,-1,-1,0,-1
2023552300534,2023,552300534,2,19,0,18,19,8,4,0,0,0,0,0,0,0,3,1,6,6,2,50,8,-1,-1,-1,-1,10,E01015464,0,-1
2023122301338,2023,122301338,2,90,0,4,4,1,4,0,0,0,0,0,0,0,1,1,6,6,1,51,8,1968,2,11,-1,10,E01006103,0,-1
2023471312536,2023,471312536,1,90,0,9,9,3,2,0,0,6,0,0,0,0,1,1,5,6,2,52,8,1968,2,8,-1,10,E01021052,0,-1
2023031332419,2023,031332419,2,90,0,18,19,8,4,0,0,0,2,0,1,11,2,1,6,6,2,39,7,1968,2,12,-1,1,E01005132,0,-1
2023411364231,2023,411364231,2,90,0,2,2,0,0,0,0,2,0,0,0,0,0,1,5,6,3,-1,-1,7698,2,1,VOLVO MODEL MISSING,-1,-1,0,-1
2023010475448,2023,010475448,1,11,9,99,99,9,9,99,99,0,9,99,0,0,9,1,6,6,3,-1,-1,5132,2,8,VOLVO MODEL MISSING,-1,-1,0,-1
2023010448606,2023,010448606,1,11,0,16,19,5,1,2,2,8,0,0,0,0,1,1,1,1,1,45,7,4760,2,13,VOLVO MODEL MISSING,4,E01002098,0,-1
2023031283189,2023,031283189,1,21,1,18,19,3,6,0,0,0,1,0,2,1,1,1,1,1,1,54,8,12777,2,1,VOLVO MODEL MISSING,-1,-1,0,-1
2023010449267,2023,010449267,1,11,0,4,4,7,3,0,0,1,0,0,0,0,0,1,1,1,1,47,8,5132,2,8,VOLVO MODEL MISSING,4,E01002592,0,-1
2023010429538,2023,010429538,1,11,0,13,13,3,7,2,2,1,0,0,0,0,4,1,1,1,1,49,8,9360,2,9,VOLVO MODEL MISSING,2,E01000040,0,-1
2023991378659,2023,991378659,1,21,1,7,7,4,6,0,0,4,0,0,0,0,3,1,1,1,1,26,6,12777,2,2,VOLVO MODEL MISSING,-1,-1,0,-1
2023361342080,2023,361342080,1,21,-1,-1,-1,-1,-1,-1,-1,0,-1,-1,-1,0,-1,1,6,6,3,-1,-1,12777,2,7,VOLVO MODEL MISSING,-1,-1,0,-1
2023010422316,2023,010422316,1,11,0,5,5,1,5,0,0,1,0,0,0,0,0,1,1,1,1,60,9,5132,2,9,VOLVO MODEL MISSING,4,E01015804,0,-1
2023010444873,2023,010444873,1,11,0,5,5,1,5,0,0,8,0,0,0,0,0,1,1,1,1,37,7,5132,2,8,VOLVO MODEL MISSING,4,E01002621,0,-1
2023010486544,2023,010486544,1,11,0,5,5,1,5,0,0,6,0,0,0,0,1,1,1,1,1,50,8,5132,2,6,VOLVO MODEL MISSING,3,E01004575,0,-1
2023122300212,2023,122300212,1,20,0,18,19,5,1,0,0,1,1,0,0,0,1,1,6,6,1,46,8,12777,2,9,VOLVO MODEL MISSING,7,E01027585,0,-1
2023010424944,2023,010424944,1,11,0,18,19,5,1,0,0,1,0,0,0,0,0,1,1,1,1,27,6,5132,2,8,VOLVO MODEL MISSING,3,E01030362,0,-1
2023010433054,2023,010433054,1,11,0,18,19,5,1,2,2,0,0,0,0,0,0,1,1,1,2,43,7,5132,2,7,VOLVO MODEL MISSING,3,E01003081,0,-1
2023471352303,2023,471352303,1,11,0,7,7,3,6,0,0,5,0,0,1,0,4,1,1,1,1,63,9,12778,2,9,VOLVO MODEL MISSING,4,E01020966,0,-1
2023371392860,2023,371392860,1,11,0,18,19,3,7,0,0,0,0,11,0,0,4,1,1,1,1,53,8,9360,2,15,VOLVO MODEL MISSING,9,E01026497,0,-1
2023010482207,2023,010482207,1,21,1,18,19,8,4,0,0,2,0,0,0,0,1,1,6,6,1,56,9,12777,2,2,VOLVO MODEL MISSING,-1,-1,0,-1
2023010442374,2023,010442374,1,21,0,11,11,1,5,0,0,0,0,0,0,0,4,1,1,1,1,34,6,12777,2,8,VOLVO MODEL MISSING,2,E01004455,0,-1
2023311306523,2023,311306523,1,11,0,18,19,1,5,0,0,1,0,0,0,0,0,1,1,1,1,48,8,7300,2,14,VOLVO MODEL MISSING,2,E01033400,0,-1
2023122300766,2023,122300766,2,11,0,4,4,8,4,0,0,0,0,0,0,0,3,1,1,1,1,39,7,5132,2,6,VOLVO MODEL MISSING,9,E01013059,0,-1
2023010437593,2023,010437593,1,11,0,5,5,5,1,0,0,0,0,0,0,0,0,1,1,1,1,55,8,5132,2,6,VOLVO MODEL MISSING,5,E01001164,0,-1
2023010483690,2023,010483690,1,11,0,6,6,3,3,0,0,1,0,0,0,0,0,1,1,1,1,49,8,9360,2,13,VOLVO MODEL MISSING,3,E01002532,0,-1
2023411303443,2023,411303443,2,21,1,10,10,1,5,0,0,0,0,0,0,0,1,1,1,1,1,40,7,12777,2,3,VOLVO MODEL MISSING,7,E01023776,0,-1
2023101353830,2023,101353830,1,11,0,5,5,8,4,0,0,0,0,0,0,0,-1,1,1,1,1,61,9,9360,2,9,VOLVO MODEL MISSING,1,E01033076,0,-1
2023101391878,2023,101391878,2,11,0,2,2,3,7,2,2,0,0,0,0,0,0,1,1,1,1,53,8,9360,2,11,VOLVO MODEL MISSING,9,E01027399,0,-1
2023010484809,2023,010484809,1,11,0,18,19,5,1,0,0,0,1,0,7,0,1,1,1,1,1,42,7,4760,2,10,VOLVO MODEL MISSING,3,E01004677,0,-1
2023010434534,2023,010434534,1,11,0,18,19,1,5,8,6,0,0,0,0,0,0,1,6,6,1,56,9,5132,2,8,VOLVO MODEL MISSING,2,E01004140,0,-1
2023141376481,2023,141376481,2,11,0,18,19,1,5,0,0,8,0,0,0,0,1,1,1,1,1,47,8,9360,2,11,VOLVO MODEL MISSING,1,E01007919,0,-1
2023031285948,2023,031285948,2,21,1,18,19,8,4,0,0,0,0,0,0,0,3,1,1,1,1,54,8,12777,2,2,VOLVO MODEL MISSING,1,E01026129,0,-1
2023421351574,2023,421351574,1,21,0,18,19,1,5,0,0,0,0,0,0,0,1,1,6,6,1,48,8,12777,2,16,VOLVO MODEL MISSING,1,E01015932,0,-1
2023010436207,2023,010436207,2,11,0,5,5,3,7,2,2,0,0,4,0,0,1,1,1,1,1,51,8,5132,2,6,VOLVO MODEL MISSING,5,E01003080,0,-1
2023991342464,2023,991342464,2,11,0,18,19,3,7,0,0,5,0,0,0,0,3,1,1,1,1,60,9,7698,2,5,VOLVO MODEL MISSING,7,-1,0,-1
2023010433199,2023,010433199,1,19,9,99,99,9,9,99,99,9,9,99,9,99,9,9,6,6,3,-1,-1,-1,-1,-1,VOLVO MODEL MISSING,-1,-1,0,-1
2023010430734,2023,010430734,1,11,0,18,19,1,5,0,0,1,0,0,0,0,1,1,1,1,1,24,5,5132,2,7,VOLVO MODEL MISSING,4,E01000134,0,-1
2023010456207,2023,010456207,2,11,0,99,99,9,9,99,99,9,9,99,9,99,9,9,6,6,1,61,9,10837,2,2,VOLVO MODEL MISSING,5,E01028556,0,-1
2023031261313,2023,031261313,2,21,1,18,19,8,3,0,0,0,0,0,1,1,3,1,1,1,1,32,6,12777,2,6,VOLVO MODEL MISSING,-1,-1,0,-1
2023991349278,2023,991349278,1,11,0,5,5,2,6,0,0,7,0,0,0,0,2,1,1,1,1,64,9,10838,2,8,VOLVO MODEL MISSING,3,-1,0,-1
2023351394732,2023,351394732,1,21,5,18,19,6,2,0,0,3,5,0,1,0,4,1,1,1,1,40,7,12777,2,14,VOLVO MODEL MISSING,3,E01018066,0,-1
2023461305119,2023,461305119,1,19,0,18,19,7,3,0,0,0,0,0,0,0,1,1,1,1,1,29,6,12777,2,5,VOLVO MODEL MISSING,-1,-1,0,-1
2023010477875,2023,010477875,1,11,0,5,5,1,5,0,0,0,0,0,0,0,0,1,1,1,1,55,8,5132,2,5,VOLVO MODEL MISSING,6,E01001374,0,-1
2023201448227,2023,201448227,3,9,0,18,19,1,3,0,0,8,0,0,0,0,9,1,6,6,1,-1,-1,2316,1,27,-1,7,E01009424,0,-1
2023302300012,2023,302300012,1,21,1,12,12,7,3,0,0,0,0,0,0,0,3,1,1,1,1,42,7,12777,5,0,VOLVO MODEL MISSING,5,E01031132,0,-1
2023010440160,2023,010440160,1,11,0,18,19,3,7,0,0,4,0,0,0,0,4,1,1,1,1,62,9,5132,2,6,VOLVO MODEL MISSING,4,E01001855,0,-1
2023010428926,2023,010428926,1,21,0,7,7,1,4,0,0,5,0,0,0,0,4,1,1,1,1,31,6,12777,2,6,VOLVO MODEL MISSING,6,E01001496,0,-1
2023010445202,2023,010445202,1,11,0,3,3,1,5,0,0,0,0,0,0,0,0,1,1,1,1,37,7,5132,2,8,VOLVO MODEL MISSING,6,E01002628,0,-1
2023548109023,2023,548109023,2,21,0,2,2,0,0,0,0,0,0,0,0,0,2,1,1,1,1,58,9,10837,2,10,VOLVO MODEL MISSING,5,E01029058,0,-1
2023531273069,2023,531273069,1,21,0,4,4,8,4,0,0,0,0,0,0,0,1,1,2,2,1,28,6,12777,2,1,VOLVO MODEL MISSING,6,E01010167,0,-1
2023010438287,2023,010438287,1,11,0,5,5,3,7,0,0,1,0,0,0,0,0,1,1,1,1,57,9,4760,2,11,VOLVO MODEL MISSING,1,E01001955,0,-1
2023010429998,2023,010429998,1,11,0,4,4,7,3,2,2,6,0,0,0,0,0,1,1,1,1,35,6,5132,2,4,VOLVO MODEL MISSING,2,E01001246,0,-1
2023471297903,2023,471297903,1,21,0,15,15,1,5,4,4,1,0,0,0,0,4,1,1,1,1,48,8,12777,2,3,VOLVO MODEL MISSING,6,E01031669,0,-1
2023991324590,2023,991324590,2,21,1,18,19,8,4,0,0,0,0,0,0,0,3,1,1,1,1,52,8,16123,2,0,VOLVO MODEL MISSING,-1,-1,0,-1
2023991343414,2023,991343414,3,11,0,5,5,7,3,0,0,0,0,0,0,0,2,1,1,1,1,48,8,5132,2,6,VOLVO MODEL MISSING,-1,-1,0,-1
2023010453828,2023,010453828,1,11,0,16,19,5,7,0,0,1,0,0,0,0,0,1,1,1,1,51,8,5132,2,6,VOLVO MODEL MISSING,1,E01002039,0,-1
2023211371658,2023,211371658,3,21,1,18,19,8,4,0,0,1,0,0,1,0,3,1,1,1,1,58,9,12777,2,3,VOLVO MODEL MISSING,10,E01019653,0,-1
2023101394235,2023,101394235,1,11,0,18,19,6,2,0,0,2,0,0,0,0,0,1,1,1,1,51,8,9360,2,10,VOLVO MODEL MISSING,1,E01008854,0,-1
2023430362414,2023,430362414,1,21,0,4,4,6,2,0,0,0,0,0,0,0,1,1,1,1,1,39,7,10837,2,3,VOLVO MODEL MISSING,4,E01023738,0,-1
2023010445218,2023,010445218,1,21,0,7,7,5,7,0,0,2,0,0,0,0,3,1,1,1,1,39,7,12777,2,7,VOLVO MODEL MISSING,2,E01001827,0,-1
2023010455530,2023,010455530,1,11,0,18,19,5,1,0,0,0,0,0,0,0,4,1,1,1,1,61,9,5132,2,5,VOLVO MODEL MISSING,3,E01000481,0,-1
2023010459921,2023,010459921,1,11,0,18,19,5,1,0,0,9,0,0,0,0,0,1,6,6,1,49,8,5132,2,6,VOLVO MODEL MISSING,3,E01000473,0,-1
2023361331091,2023,361331091,2,90,0,18,19,7,3,0,0,0,0,0,0,0,3,1,1,1,1,37,7,7698,2,7,VOLVO MODEL MISSING,1,E01026467,0,-1
2023010481885,2023,010481885,1,11,0,18,19,1,5,0,0,1,0,0,0,0,0,1,1,1,1,35,6,5132,2,8,VOLVO MODEL MISSING,4,E01001259,0,-1
2023991337776,2023,991337776,1,11,0,18,19,7,3,0,0,1,0,0,0,0,0,1,1,1,1,65,9,9360,2,13,VOLVO MODEL MISSING,7,-1,0,-1
2023991325974,2023,991325974,2,11,0,9,9,7,5,0,0,8,0,0,0,0,3,1,1,1,1,32,6,5132,2,9,VOLVO MODEL MISSING,-1,-1,0,-1
2023991354776,2023,991354776,1,11,0,3,3,7,3,2,2,0,0,0,0,0,0,1,1,1,1,62,9,5132,2,2,VOLVO MODEL MISSING,-1,-1,0,-1
2023320244674,2023,320244674,1,21,0,18,19,2,6,0,0,0,5,0,7,0,3,1,1,1,1,48,8,10837,2,6,VOLVO MODEL MISSING,1,E01010965,0,-1
2023070880662,2023,070880662,2,21,1,18,19,8,4,0,0,0,0,0,0,0,4,1,1,1,1,58,9,12777,2,4,VOLVO MODEL MISSING,1,E01032096,0,-1
2023141279004,2023,141279004,2,21,0,18,19,3,7,0,0,0,0,0,0,0,3,1,1,1,1,36,7,12777,2,5,VOLVO MODEL MISSING,3,E01007337,0,-1
2023052302682,2023,052302682,1,19,0,1,1,3,7,0,0,0,0,0,0,0,2,1,1,1,3,-1,-1,-1,-1,-1,VOLVO MODEL MISSING,-1,-1,0,-1
2023991354142,2023,991354142,2,21,0,18,19,2,6,0,0,0,0,0,0,0,3,1,1,1,1,63,9,12777,2,2,VOLVO MODEL MISSING,-1,-1,0,-1
2023211331190,2023,211331190,1,21,1,-1,-1,-1,-1,-1,-1,0,-1,-1,-1,0,2,1,1,1,1,-1,-1,10837,2,2,VOLVO MODEL MISSING,5,E01014076,0,-1
202354C025723,2023,54C025723,2,21,0,18,19,2,6,0,0,1,0,0,0,0,1,1,1,1,1,35,6,12777,2,9,VOLVO MODEL MISSING,-1,-1,0,-1
2023111345598,2023,111345598,2,11,0,18,19,2,6,0,0,1,0,0,0,0,1,1,1,1,1,30,6,4760,2,11,VOLVO MODEL MISSING,5,E01020657,0,-1
2023141321539,2023,141321539,1,11,0,18,19,2,6,2,2,0,0,0,0,0,1,1,1,1,1,57,9,9360,2,15,VOLVO MODEL MISSING,1,E01007736,0,-1