collision_index,collision_year,collision_ref_no,vehicle_reference,vehicle_type,towing_and_articulation,vehicle_manoeuvre_historic,vehicle_manoeuvre,vehicle_direction_from,vehicle_direction_to,vehicle_location_restricted_lane_historic,vehicle_location_restricted_lane,junction_location,skidding_and_overturning,hit_object_in_carriageway,vehicle_leaving_carriageway,hit_object_off_carriageway,first_point_of_impact,vehicle_left_hand_drive,journey_purpose_of_driver_historic,journey_purpose_of_driver,sex_of_driver,age_of_driver,age_band_of_driver,engine_capacity_cc,propulsion_code,age_of_vehicle,generic_make_model,driver_imd_decile,lsoa_of_driver,escooter_flag,driver_distance_banding
2023991302599,2023,991302599,2,11,0,18,19,7,3,0,0,0,0,0,0,0,1,1,1,1,1,48,8,7698,2,4,VOLVO MODEL MISSING,7,-1,0,-1
2023461268852,2023,461268852,2,11,0,18,19,7,3,0,0,2,0,0,0,0,1,1,1,1,1,48,8,7300,2,19,VOLVO MODEL MISSING,2,E01016068,0,-1
2023010460315,2023,010460315,1,11,0,7,7,6,8,0,0,1,0,0,0,0,4,2,1,1,1,38,7,4760,2,11,VOLVO MODEL MISSING,6,E01003397,0,-1
2023991283033,2023,991283033,2,11,0,4,4,3,7,0,0,2,0,0,0,0,2,1,1,1,1,55,8,7698,2,1,VOLVO MODEL MISSING,2,-1,0,-1
2023221369467,2023,221369467,1,21,1,2,2,0,0,0,0,0,0,0,0,0,2,1,1,1,1,60,9,12777,2,7,VOLVO MODEL MISSING,6,E01028034,0,-1
2023201260730,2023,201260730,1,21,0,18,19,8,4,0,0,0,0,0,0,0,1,1,1,1,1,26,6,12777,2,2,VOLVO MODEL MISSING,10,E01031158,0,-1
2023061259099,2023,061259099,2,21,0,4,4,7,3,0,0,1,0,0,0,0,2,1,1,1,1,23,5,7698,2,4,VOLVO MODEL MISSING,6,E01004882,0,-1
2023520300493,2023,520300493,1,21,1,18,19,1,5,0,0,0,0,0,0,0,1,1,6,6,1,50,8,12777,2,3,VOLVO MODEL MISSING,7,E01014949,0,-1
2023522400120,2023,522400120,1,11,0,18,19,4,8,0,0,1,0,0,0,0,3,1,1,1,1,39,7,9360,2,16,VOLVO MODEL MISSING,4,E01014645,0,-1
2023302301763,2023,302301763,2,21,0,2,2,0,0,0,0,0,0,0,0,0,2,1,1,1,1,35,6,10837,2,9,VOLVO MODEL MISSING,8,E01019714,0,-1
2023461379493,2023,461379493,2,21,0,18,19,5,1,0,0,0,0,0,0,0,2,1,1,1,1,47,8,7698,2,7,VOLVO MODEL MISSING,5,E01024588,0,-1
2023010439765,2023,010439765,1,11,0,18,19,1,5,2,2,2,0,0,0,0,0,1,1,1,1,59,9,5132,2,8,VOLVO MODEL MISSING,5,E01000450,0,-1
2023010469221,2023,010469221,1,11,0,18,19,1,5,0,0,0,0,0,0,0,0,1,1,1,1,57,9,4760,2,13,VOLVO MODEL MISSING,7,E01001058,0,-1
2023221330418,2023,221330418,2,21,0,18,19,8,4,0,0,0,0,0,0,0,3,1,1,1,1,60,9,10837,2,6,VOLVO MODEL MISSING,6,E01026404,0,-1
2023010437233,2023,010437233,2,11,0,99,99,9,9,99,99,9,9,99,9,99,9,9,6,6,3,-1,-1,4760,2,11,VOLVO MODEL MISSING,-1,-1,0,-1
2023311283277,2023,311283277,1,11,0,2,2,8,8,2,2,0,0,0,0,0,0,1,1,1,1,32,6,7300,2,15,VOLVO MODEL MISSING,5,E01027932,0,-1
2023411324344,2023,411324344,3,21,0,4,4,1,5,0,0,0,0,0,0,0,2,1,1,1,1,49,8,7698,2,0,VOLVO MODEL MISSING,3,E01017619,0,-1
2023131339147,2023,131339147,1,11,0,18,19,5,1,2,2,1,0,0,0,0,4,1,1,1,1,47,8,9360,2,14,VOLVO MODEL MISSING,4,E01011323,0,-1
2023070793847,2023,070793847,1,21,1,11,11,2,6,0,0,0,0,0,0,0,1,1,1,1,1,53,8,12777,2,1,VOLVO MODEL MISSING,2,E01019299,0,-1
2023340NN2562,2023,340NN2562,2,21,0,18,19,3,7,0,0,0,0,0,0,0,2,1,1,1,1,-1,-1,12777,2,4,VOLVO MODEL MISSING,7,E01026994,0,-1
2023010439377,2023,010439377,1,19,0,4,4,1,5,0,0,3,0,0,0,0,2,1,1,1,1,21,5,7698,2,5,VOLVO MODEL MISSING,3,E01031177,0,-1
2023522400131,2023,522400131,2,21,0,5,5,4,8,0,0,0,0,0,0,0,1,1,6,6,1,31,6,7698,2,7,VOLVO MODEL MISSING,1,E01014597,0,-1
2023122300304,2023,122300304,1,11,0,18,19,7,3,0,0,0,0,0,0,0,4,1,1,1,1,53,8,7300,2,15,VOLVO MODEL MISSING,2,E01033067,0,-1
2023440409317,2023,440409317,2,11,0,18,19,4,8,0,0,1,0,0,0,0,1,1,1,1,1,73,10,7698,2,5,VOLVO MODEL MISSING,7,E01032663,0,-1
2023201383247,2023,201383247,1,11,0,5,5,2,8,0,0,5,0,0,0,0,0,1,1,1,2,54,8,7300,2,11,VOLVO MODEL MISSING,2,E01010300,0,-1
2023461313570,2023,461313570,1,11,0,4,4,7,3,0,0,0,0,0,0,0,4,1,1,1,1,-1,-1,9360,2,18,VOLVO MODEL MISSING,1,E01024615,0,-1
2023471344328,2023,471344328,2,21,0,9,9,7,5,0,0,8,0,0,0,0,1,1,1,1,1,-1,-1,12777,2,5,VOLVO MODEL MISSING,10,E01031650,0,-1
2023991321152,2023,991321152,2,90,0,18,19,3,7,0,0,0,0,0,0,0,3,1,1,1,1,23,5,12777,2,5,VOLVO MODEL MISSING,6,-1,0,-1
2023421345199,2023,421345199,2,21,1,18,19,1,5,0,0,8,3,0,0,0,2,1,1,1,1,22,5,12777,2,9,VOLVO MODEL MISSING,3,E01030711,0,-1
2023461293412,2023,461293412,2,21,1,4,4,5,1,0,0,0,0,0,0,0,2,1,6,6,1,35,6,16123,2,5,VOLVO MODEL MISSING,1,E01024611,0,-1
2023122300752,2023,122300752,1,19,4,18,19,8,4,0,0,1,1,0,0,0,1,1,1,1,1,29,6,10837,2,10,VOLVO MODEL MISSING,8,E01027666,0,-1
2023010442575,2023,010442575,1,21,0,4,4,5,1,0,0,1,0,0,0,0,4,1,6,6,1,59,9,12777,2,5,VOLVO MODEL MISSING,2,E01001703,0,-1
2023010426319,2023,010426319,1,11,0,99,99,9,9,99,99,9,9,99,9,99,9,9,6,6,1,47,8,4764,2,11,VOLVO MODEL MISSING,6,E01004501,0,-1
2023010426155,2023,010426155,2,11,0,18,19,8,4,0,0,0,0,0,0,0,3,1,6,6,2,38,7,9360,2,12,VOLVO MODEL MISSING,-1,-1,0,-1
2023122300905,2023,122300905,2,21,1,18,19,3,7,0,0,8,0,0,0,0,1,1,1,1,2,53,8,12777,2,7,VOLVO MODEL MISSING,5,E01013308,0,-1
2023111334085,2023,111334085,2,21,1,17,19,3,7,0,0,0,0,0,0,0,1,1,1,1,1,53,8,12777,2,6,VOLVO MODEL MISSING,6,E01012323,0,-1
2023010446702,2023,010446702,1,11,0,5,5,1,5,0,0,2,0,0,1,0,0,1,1,1,1,59,9,5132,2,7,VOLVO MODEL MISSING,5,E01002234,0,-1
2023991277606,2023,991277606,1,11,0,4,4,8,5,0,0,0,0,0,0,0,0,1,1,1,1,-1,-1,5132,2,2,VOLVO MODEL MISSING,10,-1,0,-1
2023430357404,2023,430357404,3,21,0,2,2,0,0,6,6,0,0,0,0,0,2,1,1,1,1,62,9,12777,2,12,VOLVO MODEL MISSING,-1,-1,0,-1
2023440444771,2023,440444771,2,21,0,18,19,2,6,0,0,0,0,0,0,0,1,1,1,1,1,41,7,12777,2,5,VOLVO MODEL MISSING,8,E01026714,0,-1
2023411356796,2023,411356796,1,21,1,18,19,5,1,0,0,0,0,0,0,0,3,1,1,1,1,34,6,12777,2,5,VOLVO MODEL MISSING,10,E01030078,0,-1
2023010463335,2023,010463335,1,11,0,5,5,5,1,2,2,3,0,0,0,0,0,1,6,6,1,42,7,5132,2,4,VOLVO MODEL MISSING,4,E01002236,0,-1
2023010486671,2023,010486671,2,11,0,18,19,2,6,0,0,0,0,0,0,0,1,1,1,1,2,47,8,5132,2,7,VOLVO MODEL MISSING,5,E01000194,0,-1
2023010477771,2023,010477771,1,11,0,5,5,5,1,2,2,0,0,0,0,0,0,1,1,1,1,61,9,5132,2,6,VOLVO MODEL MISSING,-1,-1,0,-1
2023461279998,2023,461279998,2,11,0,18,19,3,7,0,0,1,0,0,0,0,0,1,6,6,1,47,8,9360,2,15,VOLVO MODEL MISSING,5,E01024796,0,-1
2023101259216,2023,101259216,1,11,0,18,19,5,1,0,0,0,0,0,0,0,1,1,1,1,1,51,8,9360,2,10,VOLVO MODEL MISSING,9,E01008245,0,-1
2023610051623,2023,610051623,2,21,1,2,2,0,0,0,0,0,0,0,0,0,4,1,1,1,1,31,6,12777,2,5,VOLVO MODEL MISSING,2,E01008987,0,-1
2023010467281,2023,010467281,1,11,0,18,19,3,7,0,0,1,0,4,0,0,1,1,1,1,1,45,7,4760,2,12,VOLVO MODEL MISSING,4,E01016141,0,-1
2023201371630,2023,201371630,2,11,0,18,19,6,2,0,0,0,0,0,0,0,1,1,1,1,1,59,9,7300,2,11,VOLVO MODEL MISSING,1,E01010490,0,-1
2023320751279,2023,320751279,2,21,0,18,19,4,8,0,0,0,0,0,0,0,3,1,1,1,1,57,9,7698,2,4,VOLVO MODEL MISSING,7,E01032989,0,-1
2023052301232,2023,052301232,2,21,1,18,19,7,3,0,0,0,0,0,0,0,4,1,1,1,1,62,9,12777,2,4,VOLVO MODEL MISSING,3,E01012454,0,-1
2023010470638,2023,010470638,1,11,0,18,19,7,3,2,2,1,0,0,0,0,0,1,1,1,1,64,9,5132,2,4,VOLVO MODEL MISSING,6,E01001341,0,-1
2023010478323,2023,010478323,1,11,0,5,5,7,3,3,2,1,0,0,0,0,0,1,1,1,1,44,7,5132,2,7,VOLVO MODEL MISSING,3,E01000099,0,-1
2023010434568,2023,010434568,1,11,0,5,5,5,1,0,0,1,0,0,0,0,2,1,1,1,1,39,7,5132,2,4,VOLVO MODEL MISSING,6,E01000624,0,-1
2023010456954,2023,010456954,1,11,0,18,19,7,3,0,0,1,0,0,0,0,0,1,1,1,1,42,7,5132,2,5,VOLVO MODEL MISSING,2,E01004230,0,-1
2023010439994,2023,010439994,1,11,0,5,5,7,3,2,2,0,0,0,0,0,0,1,1,1,1,56,9,5132,2,5,VOLVO MODEL MISSING,5,E01000474,0,-1
2023070319666,2023,070319666,1,11,0,14,14,6,2,3,2,0,0,0,0,0,1,1,1,1,1,64,9,7300,2,11,VOLVO MODEL MISSING,6,E01012465,0,-1
2023991265142,2023,991265142,4,11,0,18,19,3,7,0,0,1,0,0,0,0,3,1,1,1,1,59,9,5132,2,6,VOLVO MODEL MISSING,-1,-1,0,-1
2023010447747,2023,010447747,1,11,0,18,19,7,3,0,0,2,0,0,0,0,0,1,1,1,1,53,8,9360,2,11,VOLVO MODEL MISSING,7,E01003796,0,-1
2023010454337,2023,010454337,2,21,0,9,9,5,3,0,0,6,0,0,0,0,1,1,1,1,1,60,9,10837,2,7,VOLVO MODEL MISSING,7,E01004139,0,-1
2023302300381,2023,302300381,4,11,0,18,19,6,2,0,0,0,0,0,0,0,0,1,1,1,1,44,7,7300,2,14,VOLVO MODEL MISSING,1,E01013584,0,-1
2023070597502,2023,070597502,2,21,0,18,19,2,6,0,0,8,0,0,0,0,1,1,1,1,1,44,7,10837,2,4,VOLVO MODEL MISSING,9,E01007117,0,-1
2023211341112,2023,211341112,1,11,0,18,19,5,1,0,0,0,0,0,0,0,1,1,1,1,1,37,7,10838,2,8,VOLVO MODEL MISSING,3,E01010495,0,-1
2023421280219,2023,421280219,2,21,1,3,3,4,1,0,0,0,0,0,0,0,2,1,1,1,1,53,8,12777,2,2,VOLVO MODEL MISSING,2,E01003984,0,-1
2023991450226,2023,991450226,1,11,0,18,19,7,3,0,0,0,0,0,0,0,1,1,1,1,1,49,8,9360,2,15,VOLVO MODEL MISSING,1,-1,0,-1
2023991372041,2023,991372041,1,11,0,18,19,3,7,0,0,1,0,0,0,0,0,1,1,1,1,-1,-1,5132,2,2,VOLVO MODEL MISSING,10,-1,0,-1
2023010475531,2023,010475531,2,11,0,12,12,1,5,0,0,1,0,0,0,0,2,1,1,1,1,28,6,5132,2,8,VOLVO MODEL MISSING,3,E01002726,0,-1
2023170H10423,2023,170H10423,2,21,0,1,1,0,3,0,0,1,0,0,0,0,2,1,1,1,1,-1,-1,10837,2,8,VOLVO MODEL MISSING,-1,-1,0,-1
2023471294576,2023,471294576,1,11,0,5,5,4,1,0,0,2,0,0,0,0,0,1,1,1,1,53,8,9360,2,10,VOLVO MODEL MISSING,5,E01021031,0,-1
2023351396872,2023,351396872,1,21,0,18,19,4,8,0,0,0,0,5,1,10,1,1,1,1,1,58,9,12777,2,7,VOLVO MODEL MISSING,6,E01033453,0,-1
2023351303347,2023,351303347,2,21,0,5,5,3,6,0,0,3,0,0,0,0,1,1,1,1,1,36,7,12777,2,1,VOLVO MODEL MISSING,4,E01026248,0,-1
2023991314408,2023,991314408,1,11,0,18,19,2,6,0,0,2,0,0,0,0,1,1,1,1,1,65,9,4760,2,10,VOLVO MODEL MISSING,10,-1,0,-1
2023010441577,2023,010441577,4,11,0,3,3,5,1,0,0,1,0,0,0,0,1,1,1,1,1,44,7,5132,2,6,VOLVO MODEL MISSING,1,E01001787,0,-1
2023991361091,2023,991361091,1,11,0,17,19,8,5,9,9,8,0,0,1,0,1,1,1,1,1,57,9,7300,2,12,VOLVO MODEL MISSING,10,-1,0,-1
2023131304020,2023,131304020,1,11,0,5,5,0,7,0,0,0,0,0,0,0,1,1,1,1,2,56,9,5132,2,7,VOLVO MODEL MISSING,10,E01027704,0,-1
2023351268406,2023,351268406,1,11,0,18,19,8,4,0,0,0,0,0,0,0,1,1,1,1,1,57,9,12000,2,13,VOLVO MODEL MISSING,5,E01018102,0,-1
2023991279468,2023,991279468,1,21,4,15,15,4,1,0,0,0,0,0,0,0,4,1,1,1,1,69,10,12777,2,0,VOLVO MODEL MISSING,5,-1,0,-1
2023332300462,2023,332300462,6,21,0,18,19,1,5,0,0,0,0,0,0,0,4,1,1,1,1,62,9,12777,2,11,VOLVO MODEL MISSING,-1,-1,0,-1
2023361393127,2023,361393127,1,11,0,18,19,7,3,0,0,1,1,0,3,0,1,1,1,1,1,18,4,7698,2,0,VOLVO MODEL MISSING,9,E01026503,0,-1
2023471352717,2023,471352717,2,21,0,18,19,3,7,0,0,0,0,0,0,0,1,1,1,1,1,48,8,12777,2,12,VOLVO MODEL MISSING,7,E01016929,0,-1
2023361277107,2023,361277107,3,21,1,4,4,2,6,0,0,1,0,0,0,0,1,1,6,6,1,58,9,12777,2,6,VOLVO MODEL MISSING,4,E01026651,0,-1
2023010428458,2023,010428458,1,11,0,5,5,7,3,0,0,1,0,0,0,0,0,1,1,1,1,25,5,5132,2,6,VOLVO MODEL MISSING,2,E01002774,0,-1
2023471304156,2023,471304156,2,21,0,17,19,5,2,0,0,1,0,0,0,0,4,1,1,1,1,33,6,7698,2,1,VOLVO MODEL MISSING,9,E01021153,0,-1
2023221308291,2023,221308291,2,21,1,18,19,5,1,0,0,8,1,0,0,0,1,1,1,1,1,58,9,12777,2,8,VOLVO MODEL MISSING,4,W01001111,0,-1
2023531282171,2023,531282171,2,21,0,9,9,4,8,0,0,0,0,0,0,0,3,1,1,1,1,53,8,12777,2,4,VOLVO MODEL MISSING,8,E01031861,0,-1
2023421360491,2023,421360491,1,90,0,4,4,4,8,0,0,0,0,0,0,0,1,1,1,1,1,28,6,-1,-1,-1,VOLVO MODEL MISSING,6,E01024260,0,-1
2023010444708,2023,010444708,1,11,0,5,5,1,5,2,2,0,0,0,0,0,3,1,1,1,1,50,8,5132,2,7,VOLVO MODEL MISSING,6,E01002129,0,-1
2023131357253,2023,131357253,1,11,0,18,19,3,7,2,2,1,0,0,0,0,4,1,1,1,1,50,8,9360,2,14,VOLVO MODEL MISSING,1,E01011084,0,-1
2023010470992,2023,010470992,1,11,0,18,19,3,7,0,0,0,0,0,0,0,2,1,1,1,2,58,9,5132,2,6,VOLVO MODEL MISSING,4,E01002020,0,-1
2023991338382,2023,991338382,1,11,0,18,19,7,2,0,0,0,0,0,0,0,0,1,1,1,1,61,9,5132,2,9,VOLVO MODEL MISSING,7,-1,0,-1
2023161358404,2023,161358404,1,11,0,18,19,1,5,0,0,4,0,0,0,0,0,1,1,1,1,57,9,7698,2,8,VOLVO MODEL MISSING,4,E01012870,0,-1
2023161363105,2023,161363105,1,21,0,18,19,4,8,0,0,0,0,0,0,0,1,1,1,1,2,44,7,12130,2,20,VOLVO MODEL MISSING,7,E01025033,0,-1
2023041311435,2023,041311435,2,21,0,18,19,3,7,0,0,2,0,0,0,0,1,1,1,1,1,53,8,12777,2,9,VOLVO MODEL MISSING,7,E01025347,0,-1
2023010450398,2023,010450398,2,11,0,18,19,5,1,0,0,1,0,0,0,0,1,1,1,1,1,43,7,4760,2,12,VOLVO MODEL MISSING,6,E01004146,0,-1
2023471402509,2023,471402509,1,11,0,18,19,2,6,0,0,0,0,0,0,0,4,1,1,1,1,42,7,7300,2,9,VOLVO MODEL MISSING,4,E01016967,0,-1
2023520401072,2023,520401072,1,21,0,18,19,1,5,0,0,8,0,0,0,0,2,1,6,6,1,-1,-1,7698,2,9,VOLVO MODEL MISSING,-1,-1,0,-1
2023061328027,2023,061328027,1,21,1,18,19,7,7,0,0,0,0,0,0,0,2,1,1,1,1,66,10,12777,2,7,VOLVO MODEL MISSING,4,E01010989,0,-1
2023531267517,2023,531267517,1,21,0,18,19,8,4,0,0,0,1,0,0,0,1,1,1,1,1,62,9,10837,2,0,VOLVO MODEL MISSING,8,E01022432,0,-1
2023010449141,2023,010449141,1,11,0,18,19,3,7,0,0,2,0,0,0,0,1,1,1,1,1,58,9,5132,2,7,VOLVO MODEL MISSING,2,E01001875,0,-1
2023991306738,2023,991306738,2,90,0,18,19,6,2,0,0,0,0,0,0,0,4,1,1,1,1,46,8,5132,2,1,VOLVO MODEL MISSING,3,-1,0,-1
2023010477223,2023,010477223,1,11,0,18,19,5,1,0,0,2,0,0,0,0,0,1,1,1,1,63,9,5132,2,5,VOLVO MODEL MISSING,-1,-1,0,-1
2023010484154,2023,010484154,2,21,1,18,19,8,4,0,0,0,0,0,0,0,3,1,1,1,1,57,9,12777,2,2,VOLVO MODEL MISSING,-1,-1,0,-1
2023302301563,2023,302301563,1,11,0,7,7,4,8,0,0,1,0,0,0,0,1,1,1,1,1,23,5,7300,2,15,VOLVO MODEL MISSING,1,E01019664,0,-1
2023010434501,2023,010434501,1,11,0,15,15,7,3,0,0,1,0,0,0,0,0,1,1,1,1,31,6,5132,2,5,VOLVO MODEL MISSING,2,E01002054,0,-1
2023070682377,2023,070682377,2,21,2,18,19,8,4,0,0,8,1,0,0,0,1,1,1,1,1,45,7,12777,2,12,VOLVO MODEL MISSING,6,E01018394,0,-1
2023340NN1232,2023,340NN1232,3,21,0,18,19,7,3,0,0,0,0,0,0,0,3,1,1,1,1,63,9,12777,2,1,VOLVO MODEL MISSING,1,E01018310,0,-1
2023010449144,2023,010449144,1,11,1,99,99,9,9,99,99,9,9,99,9,99,9,9,1,1,1,54,8,5132,2,6,VOLVO MODEL MISSING,5,E01003359,0,-1
2023122300805,2023,122300805,1,11,0,18,19,5,3,0,0,4,0,0,0,0,0,1,1,1,1,58,9,9360,2,15,VOLVO MODEL MISSING,8,E01027867,0,-1
2023631337952,2023,631337952,1,11,0,16,19,3,6,0,0,8,1,0,0,0,1,1,6,6,1,29,6,7698,2,4,VOLVO MODEL MISSING,5,W01001296,0,-1
2023471359038,2023,471359038,2,11,0,11,11,7,3,7,6,0,0,0,0,0,3,1,1,1,3,-1,-1,9360,2,10,VOLVO MODEL MISSING,6,E01016912,0,-1
2023501390688,2023,501390688,1,98,1,18,19,1,5,0,0,0,5,0,2,7,4,1,1,1,1,33,6,12777,2,8,-1,8,E01019872,0,-1
2023461370085,2023,461370085,1,21,0,18,19,4,6,0,0,0,0,0,0,0,1,1,6,6,1,62,9,12777,2,3,VOLVO MODEL MISSING,3,E01026023,0,-1
2023991283682,2023,991283682,1,11,0,18,19,8,4,0,0,2,0,0,0,0,1,1,1,1,2,52,8,5132,2,2,VOLVO MODEL MISSING,-1,-1,0,-1
2023010454676,2023,010454676,1,21,1,4,4,7,3,0,0,1,0,0,0,0,1,1,1,1,1,52,8,12777,2,4,VOLVO MODEL MISSING,7,E01032398,0,-1
2023320168940,2023,320168940,1,21,0,18,19,2,4,0,0,6,0,0,0,0,1,1,1,1,1,43,7,12777,2,1,VOLVO MODEL MISSING,7,E01026267,0,-1
2023221353666,2023,221353666,1,11,0,3,3,4,8,0,0,0,0,0,0,0,0,1,1,1,1,22,5,9360,2,15,VOLVO MODEL MISSING,1,E01014165,0,-1
2023361360051,2023,361360051,2,21,1,18,19,3,7,0,0,1,1,0,0,0,1,1,1,1,1,52,8,12777,2,1,VOLVO MODEL MISSING,4,E01026426,0,-1
2023302300575,2023,302300575,1,21,1,18,19,6,2,0,0,1,0,0,0,0,1,1,1,1,1,19,4,12777,2,4,VOLVO MODEL MISSING,2,E01028226,0,-1
2023231353626,2023,231353626,2,20,1,18,19,2,6,0,0,8,0,0,0,0,4,1,1,1,2,26,6,10837,2,2,VOLVO MODEL MISSING,6,E01025940,0,-1
2023010428190,2023,010428190,1,11,0,9,9,2,7,0,0,3,0,0,0,0,0,1,1,1,1,58,9,5132,2,4,VOLVO MODEL MISSING,3,E01002623,0,-1
2023991363803,2023,991363803,2,21,1,18,19,8,4,0,0,0,0,0,0,0,1,1,1,1,1,62,9,12777,2,3,VOLVO MODEL MISSING,5,-1,0,-1
2023010481301,2023,010481301,1,11,9,99,99,9,9,99,99,9,9,99,9,99,9,1,6,6,3,-1,-1,7698,2,3,VOLVO MODEL MISSING,-1,-1,0,-1
2023010457518,2023,010457518,1,11,0,5,5,3,7,0,0,9,0,0,0,0,0,1,1,1,1,53,8,5132,2,6,VOLVO MODEL MISSING,4,E01002098,0,-1
2023131291819,2023,131291819,1,21,0,15,15,3,7,0,0,0,0,11,0,0,1,1,1,1,1,64,9,9603,2,24,VOLVO MODEL MISSING,6,E01010594,0,-1
2023010448823,2023,010448823,1,11,0,4,4,5,1,0,0,0,0,10,1,11,1,1,1,1,1,46,8,5132,2,9,VOLVO MODEL MISSING,7,E01000197,0,-1
2023010433193,2023,010433193,2,11,0,18,19,1,5,0,0,1,0,0,0,0,1,1,1,1,1,39,7,5132,2,8,VOLVO MODEL MISSING,3,E01001243,0,-1
2023340WN5532,2023,340WN5532,2,19,0,16,19,2,4,0,0,1,0,0,0,0,3,1,1,1,1,49,8,10837,2,3,VOLVO MODEL MISSING,7,E01025819,0,-1
2023010460062,2023,010460062,1,11,0,18,19,3,7,0,0,2,0,0,0,0,1,1,6,6,1,57,9,5132,2,9,VOLVO MODEL MISSING,2,E01001328,0,-1
2023231325274,2023,231325274,2,11,0,13,13,5,1,0,0,1,0,0,8,0,1,1,1,1,1,27,6,12778,2,10,VOLVO MODEL MISSING,1,E01009718,0,-1
2023131352987,2023,131352987,1,11,0,18,19,4,8,2,2,0,0,0,0,0,4,1,1,1,1,51,8,7300,2,16,VOLVO MODEL MISSING,3,E01011615,0,-1
2023010446003,2023,010446003,1,11,0,5,5,5,1,0,0,0,0,0,0,0,0,1,1,1,2,37,7,5132,2,5,VOLVO MODEL MISSING,1,E01000524,0,-1
2023010486265,2023,010486265,1,11,0,99,99,9,9,99,99,0,9,99,9,99,0,9,6,6,3,-1,-1,5132,2,8,VOLVO MODEL MISSING,-1,-1,0,-1
2023361337928,2023,361337928,2,11,0,18,19,7,3,0,0,1,0,0,0,0,1,1,5,6,1,48,8,12000,2,16,VOLVO MODEL MISSING,3,E01026747,0,-1
2023421380081,2023,421380081,1,11,0,5,5,6,8,0,0,1,0,0,0,0,1,1,1,1,1,59,9,4760,2,11,VOLVO MODEL MISSING,4,E01015948,0,-1
2023311279781,2023,311279781,1,11,0,18,19,7,3,0,0,8,0,0,0,0,0,1,1,1,1,46,8,7300,2,15,VOLVO MODEL MISSING,4,E01013548,0,-1
2023141322104,2023,141322104,2,11,0,18,19,8,4,0,0,0,0,0,0,0,4,1,1,1,1,40,7,7300,2,15,VOLVO MODEL MISSING,3,E01007514,0,-1
2023101320975,2023,101320975,1,11,0,18,19,6,2,0,0,1,0,0,0,0,1,1,1,1,2,35,6,9360,2,12,VOLVO MODEL MISSING,2,E01008280,0,-1
2023320353265,2023,320353265,1,21,0,7,7,1,3,0,0,6,0,0,0,0,1,1,1,1,1,27,6,12777,2,6,VOLVO MODEL MISSING,4,E01016003,0,-1
2023131322158,2023,131322158,1,11,0,18,19,1,1,0,0,6,0,0,0,0,0,1,5,6,1,57,9,9360,2,14,VOLVO MODEL MISSING,7,E01011111,0,-1
2023421292222,2023,421292222,8,21,1,18,19,5,1,0,0,0,0,0,0,0,2,1,1,1,1,49,8,12777,2,7,VOLVO MODEL MISSING,3,E01026888,0,-1
2023131322346,2023,131322346,1,11,0,5,5,7,3,6,6,0,0,0,0,0,0,1,1,1,1,66,10,9360,2,15,VOLVO MODEL MISSING,8,E01010683,0,-1
2023010423829,2023,010423829,2,11,0,99,99,9,9,99,99,9,9,99,9,99,9,9,6,6,3,62,9,10838,2,8,VOLVO MODEL MISSING,2,W01001529,0,-1
2023991354174,2023,991354174,1,11,0,18,19,5,1,2,2,0,0,0,0,0,1,1,1,1,1,47,8,7698,2,2,VOLVO MODEL MISSING,4,-1,0,-1
2023010427342,2023,010427342,1,11,0,4,4,5,1,0,0,0,0,0,0,0,0,1,1,1,2,41,7,5132,2,6,VOLVO MODEL MISSING,6,E01003393,0,-1
2023010421394,2023,010421394,1,11,0,18,19,3,7,0,0,0,0,0,0,0,0,1,2,2,1,60,9,9360,2,11,VOLVO MODEL MISSING,2,E01000627,0,-1
2023061385141,2023,061385141,1,11,0,9,9,8,2,0,0,2,0,0,0,0,1,1,1,1,1,29,6,9360,2,15,VOLVO MODEL MISSING,-1,-1,0,-1
2023991278556,2023,991278556,2,11,0,18,19,7,3,0,0,1,0,0,0,0,0,1,1,1,1,47,8,9360,2,12,VOLVO MODEL MISSING,-1,-1,0,-1
2023991341070,2023,991341070,1,11,0,7,7,3,5,0,0,3,0,0,0,0,0,1,1,1,1,42,7,9360,2,12,VOLVO MODEL MISSING,9,-1,0,-1
2023421299035,2023,421299035,2,21,0,2,2,7,3,0,0,0,0,0,0,0,2,1,1,1,1,36,7,10837,2,5,VOLVO MODEL MISSING,5,E01001498,0,-1
2023010431427,2023,010431427,1,11,0,4,4,1,5,0,0,8,0,0,0,0,0,1,1,1,1,32,6,5132,2,6,VOLVO MODEL MISSING,4,E01016514,0,-1