collision_index,collision_year,collision_ref_no,vehicle_reference,vehicle_type,towing_and_articulation,vehicle_manoeuvre_historic,vehicle_manoeuvre,vehicle_direction_from,vehicle_direction_to,vehicle_location_restricted_lane_historic,vehicle_location_restricted_lane,junction_location,skidding_and_overturning,hit_object_in_carriageway,vehicle_leaving_carriageway,hit_object_off_carriageway,first_point_of_impact,vehicle_left_hand_drive,journey_purpose_of_driver_historic,journey_purpose_of_driver,sex_of_driver,age_of_driver,age_band_of_driver,engine_capacity_cc,propulsion_code,age_of_vehicle,generic_make_model,driver_imd_decile,lsoa_of_driver,escooter_flag,driver_distance_banding
2023041267699,2023,041267699,2,21,0,17,19,5,1,0,0,8,0,0,7,0,4,1,1,1,1,51,8,12777,2,5,VOLVO MODEL MISSING,7,E01024923,0,-1
2023311297577,2023,311297577,3,21,1,18,19,5,1,0,0,0,0,0,0,0,3,1,1,1,1,42,7,12777,2,10,VOLVO MODEL MISSING,2,E01027825,0,-1
2023161325126,2023,161325126,1,11,0,3,3,4,8,0,0,8,0,0,0,0,0,1,1,1,1,36,7,5132,2,6,VOLVO MODEL MISSING,2,E01032595,0,-1
2023010485124,2023,010485124,1,11,0,5,5,7,3,0,0,1,0,0,0,0,1,1,1,1,1,56,9,9360,2,11,VOLVO MODEL MISSING,-1,-1,0,-1
2023340NN1862,2023,340NN1862,2,21,0,18,19,2,6,0,0,0,0,0,0,0,2,1,1,1,1,32,6,7698,2,1,VOLVO MODEL MISSING,6,E01032970,0,-1
2023070673205,2023,070673205,1,21,1,18,19,1,5,0,0,4,0,0,0,0,1,1,1,1,1,-1,-1,10837,2,9,VOLVO MODEL MISSING,-1,-1,0,-1
2023010443703,2023,010443703,3,11,0,18,19,5,1,0,0,0,0,0,0,0,1,1,1,1,1,43,7,5132,2,5,VOLVO MODEL MISSING,6,E01002169,0,-1
2023061368172,2023,061368172,1,11,0,3,3,6,2,0,0,0,0,0,0,0,1,1,1,1,1,41,7,9360,2,14,VOLVO MODEL MISSING,1,E01005602,0,-1
2023010422527,2023,010422527,1,11,0,5,5,0,5,0,0,1,0,0,0,0,0,1,1,1,2,50,8,5132,2,4,VOLVO MODEL MISSING,3,E01001282,0,-1
2023010468763,2023,010468763,1,11,0,18,19,3,7,0,0,8,0,0,0,0,0,1,1,1,1,50,8,5132,2,6,VOLVO MODEL MISSING,7,E01004609,0,-1
2023010467885,2023,010467885,1,11,0,18,19,5,1,0,0,1,0,0,0,0,1,1,1,1,1,51,8,9360,2,13,VOLVO MODEL MISSING,5,E01003359,0,-1
2023061364225,2023,061364225,1,11,0,18,19,2,4,0,0,0,0,0,0,0,1,1,1,1,1,35,6,4760,2,12,VOLVO MODEL MISSING,1,E01005070,0,-1
2023201359425,2023,201359425,1,20,0,18,19,3,7,0,0,0,0,10,0,0,3,1,6,6,3,-1,-1,5132,2,1,VOLVO MODEL MISSING,-1,-1,0,-1
2023332300228,2023,332300228,4,21,0,18,19,2,6,0,0,0,0,0,0,0,1,1,1,1,1,43,7,12777,2,8,VOLVO MODEL MISSING,7,E01010518,0,-1
2023161384458,2023,161384458,1,21,0,7,7,5,7,0,0,2,0,0,0,0,3,1,6,6,1,56,9,12777,2,7,VOLVO MODEL MISSING,-1,-1,0,-1
2023201277823,2023,201277823,2,21,0,18,19,4,8,0,0,8,0,0,0,0,1,1,1,1,1,48,8,-1,-1,-1,VOLVO MODEL MISSING,5,E01009791,0,-1
2023010453520,2023,010453520,1,11,0,7,7,7,1,0,0,8,0,0,0,0,0,1,1,1,1,65,9,5132,2,6,VOLVO MODEL MISSING,6,E01002541,0,-1
2023430094391,2023,430094391,2,19,0,18,19,7,3,0,0,0,0,0,0,0,2,1,1,1,1,37,7,-1,-1,-1,VOLVO MODEL MISSING,10,E01017438,0,-1
2023010460734,2023,010460734,1,11,0,4,4,3,7,0,0,1,0,0,0,0,0,1,1,1,2,29,6,5132,2,7,VOLVO MODEL MISSING,4,E01004061,0,-1
2023170H10073,2023,170H10073,2,21,1,11,11,8,4,0,0,0,0,0,0,0,4,1,1,1,1,62,9,10837,2,4,VOLVO MODEL MISSING,-1,-1,0,-1
2023461341331,2023,461341331,1,21,-1,3,3,2,4,0,0,0,0,0,0,0,-1,1,6,6,1,44,7,12777,2,7,VOLVO MODEL MISSING,5,E01000070,0,-1
2023052302269,2023,052302269,1,9,0,18,19,7,3,0,0,0,0,0,0,0,0,1,1,1,1,37,7,1969,1,2,-1,-1,-1,0,-1
2023522300732,2023,522300732,4,21,4,17,19,6,4,0,0,0,0,0,0,0,4,1,6,6,1,51,8,16120,2,6,VOLVO MODEL MISSING,7,W01000564,0,-1
2023631330332,2023,631330332,3,11,0,4,4,6,2,0,0,0,0,0,0,0,2,1,1,1,1,61,9,12000,2,19,VOLVO MODEL MISSING,8,W01000467,0,-1
2023351325177,2023,351325177,1,21,1,18,19,3,7,0,0,8,1,0,1,0,1,1,1,1,1,56,9,10837,2,7,VOLVO MODEL MISSING,4,E01025667,0,-1
2023161365786,2023,161365786,1,21,1,18,19,3,7,0,0,0,1,0,0,0,1,1,1,1,1,38,7,12777,2,0,VOLVO MODEL MISSING,8,-1,0,-1
2023010434811,2023,010434811,1,19,0,16,19,3,6,0,0,8,0,0,0,0,1,1,1,1,1,37,7,10837,2,8,VOLVO MODEL MISSING,6,E01000575,0,-1
2023010455618,2023,010455618,1,11,0,99,99,9,9,99,99,9,9,99,9,99,9,9,1,1,1,45,7,5132,2,6,VOLVO MODEL MISSING,6,E01002640,0,-1
2023052301974,2023,052301974,2,21,4,5,5,3,1,0,0,4,0,0,0,0,1,1,1,1,1,51,8,12777,2,7,VOLVO MODEL MISSING,1,E01006296,0,-1
2023010457345,2023,010457345,1,11,0,5,5,5,1,0,0,2,0,0,0,0,0,1,1,1,1,65,9,5132,2,6,VOLVO MODEL MISSING,2,E01003241,0,-1
2023430158140,2023,430158140,2,11,0,18,19,2,6,0,0,1,0,0,1,7,2,1,1,1,1,52,8,7698,2,4,VOLVO MODEL MISSING,5,E01032726,0,-1
2023201405789,2023,201405789,1,21,1,12,12,3,7,0,0,1,0,0,0,0,1,1,1,1,3,29,6,12777,2,3,VOLVO MODEL MISSING,1,E01013679,0,-1
2023320741477,2023,320741477,1,20,0,18,19,6,2,0,0,0,0,0,7,4,1,1,1,1,1,62,9,10837,2,2,VOLVO MODEL MISSING,5,E01026367,0,-1
2023010473759,2023,010473759,1,11,0,18,19,7,3,0,0,1,0,0,0,0,2,1,1,1,1,28,6,9360,2,11,VOLVO MODEL MISSING,2,E01001577,0,-1
2023991388804,2023,991388804,1,11,0,18,19,3,7,0,0,0,0,0,0,0,1,2,1,1,1,51,8,10837,2,4,VOLVO MODEL MISSING,4,-1,0,-1
2023131382030,2023,131382030,1,11,0,18,19,3,3,0,0,1,0,0,0,0,1,1,1,1,1,61,9,9360,2,15,VOLVO MODEL MISSING,8,E01010859,0,-1
2023010445134,2023,010445134,1,11,0,18,19,6,2,0,0,0,0,0,0,0,0,1,1,1,1,55,8,4760,2,10,VOLVO MODEL MISSING,4,E01003757,0,-1
2023131265728,2023,131265728,2,21,0,18,19,3,7,0,0,0,0,0,0,0,1,1,1,1,1,36,7,12777,2,9,VOLVO MODEL MISSING,1,E01033483,0,-1
2023010447539,2023,010447539,2,11,0,99,99,9,9,99,99,9,9,99,9,99,2,9,6,6,1,28,6,7698,2,5,VOLVO MODEL MISSING,3,E01031752,0,-1
2023141363741,2023,141363741,2,11,0,18,19,1,5,0,0,8,0,0,0,0,3,1,1,1,1,60,9,9360,2,15,VOLVO MODEL MISSING,1,E01008018,0,-1
2023122301147,2023,122301147,1,11,0,18,19,5,1,0,0,8,0,0,0,0,0,1,1,1,3,52,8,5132,2,6,VOLVO MODEL MISSING,9,E01027794,0,-1
2023010454358,2023,010454358,1,21,1,18,19,7,3,0,0,2,0,0,0,0,4,1,1,1,1,52,8,12777,2,1,VOLVO MODEL MISSING,9,E01032683,0,-1
2023522301419,2023,522301419,2,11,0,18,19,6,2,0,0,0,0,0,0,0,4,1,1,1,1,56,9,9360,2,15,VOLVO MODEL MISSING,1,E01014647,0,-1
2023010456034,2023,010456034,2,11,0,12,12,8,4,2,2,8,0,0,0,0,0,1,6,6,3,-1,-1,5132,2,6,VOLVO MODEL MISSING,-1,-1,0,-1
2023010483365,2023,010483365,1,11,0,18,19,8,4,0,0,0,0,0,7,1,1,1,1,1,1,26,6,5132,2,9,VOLVO MODEL MISSING,7,E01023579,0,-1
2023061376676,2023,061376676,1,21,0,18,19,5,1,0,0,0,0,0,0,0,1,1,1,1,1,30,6,12777,2,9,VOLVO MODEL MISSING,4,E01011052,0,-1
2023061287803,2023,061287803,3,21,0,18,19,-1,-1,0,0,0,-1,-1,4,0,2,1,6,6,1,-1,-1,7698,2,1,VOLVO MODEL MISSING,3,E01006054,0,-1
2023320143640,2023,320143640,1,21,0,18,19,8,4,0,0,0,5,12,1,7,1,1,1,1,1,64,9,12777,2,4,VOLVO MODEL MISSING,-1,-1,0,-1
2023221339353,2023,221339353,2,21,1,18,19,1,5,0,0,0,0,0,0,0,1,1,1,1,1,46,8,12777,2,1,VOLVO MODEL MISSING,7,E01018353,0,-1
2023471357671,2023,471357671,1,11,0,18,19,5,1,0,0,4,0,0,0,0,1,1,1,1,1,29,6,9360,2,12,VOLVO MODEL MISSING,5,E01016876,0,-1
2023361352323,2023,361352323,2,11,0,5,5,7,3,0,0,0,0,0,0,0,1,1,1,1,1,59,9,9360,2,11,VOLVO MODEL MISSING,1,E01026809,0,-1
2023010434930,2023,010434930,2,11,0,99,99,9,9,99,99,9,0,99,9,99,9,9,6,6,1,-1,-1,4760,2,10,VOLVO MODEL MISSING,8,E01002575,0,-1
2023411364275,2023,411364275,2,21,1,7,7,5,8,0,0,3,0,0,0,0,1,1,1,1,1,58,9,12777,2,4,VOLVO MODEL MISSING,4,E01023387,0,-1
2023991274924,2023,991274924,1,11,0,5,5,7,3,0,0,2,0,0,0,0,0,1,1,1,1,49,8,9360,2,13,VOLVO MODEL MISSING,3,-1,0,-1
2023231277622,2023,231277622,2,21,1,18,19,2,6,0,0,0,1,0,0,0,1,1,1,1,1,59,9,12777,2,1,VOLVO MODEL MISSING,7,E01031938,0,-1
2023501337240,2023,501337240,2,20,0,18,19,4,8,0,0,0,0,0,0,0,3,1,1,1,2,26,6,12777,2,7,VOLVO MODEL MISSING,4,E01018766,0,-1
2023010456766,2023,010456766,2,11,0,18,19,5,1,0,0,1,0,0,0,0,1,1,1,1,1,65,9,5132,2,5,VOLVO MODEL MISSING,2,E01003241,0,-1
2023010484388,2023,010484388,3,21,9,99,99,9,9,99,99,9,9,99,9,99,9,9,6,6,3,-1,-1,12777,2,5,VOLVO MODEL MISSING,-1,-1,0,-1
2023122400022,2023,122400022,1,11,0,18,19,2,6,0,0,2,0,0,0,0,1,1,1,1,1,34,6,5132,2,6,VOLVO MODEL MISSING,5,E01027798,0,-1
2023010433106,2023,010433106,1,11,0,3,3,7,3,2,2,1,0,0,0,0,0,1,1,1,1,52,8,5132,2,7,VOLVO MODEL MISSING,4,E01003447,0,-1
2023471313706,2023,471313706,1,11,0,2,2,0,0,6,6,0,0,0,0,0,0,1,1,1,1,26,6,4760,2,11,VOLVO MODEL MISSING,4,E01016974,0,-1
2023010422112,2023,010422112,1,11,0,9,9,1,8,0,0,2,0,0,0,0,0,1,1,1,1,32,6,5132,2,6,VOLVO MODEL MISSING,3,E01001363,0,-1
2023471358058,2023,471358058,1,11,0,4,4,7,3,2,2,0,0,0,0,0,0,1,1,1,1,60,9,9360,2,10,VOLVO MODEL MISSING,8,E01021069,0,-1
2023010425143,2023,010425143,1,11,0,5,5,5,1,0,0,1,0,0,0,0,9,1,6,6,3,-1,-1,5132,2,6,VOLVO MODEL MISSING,-1,-1,0,-1
2023010458931,2023,010458931,1,11,0,5,5,3,7,0,0,1,0,0,0,0,0,1,1,1,2,40,7,5132,2,6,VOLVO MODEL MISSING,2,E01002077,0,-1
2023010455840,2023,010455840,3,11,0,18,19,1,5,0,0,1,0,0,0,0,4,1,1,1,1,63,9,9360,2,13,VOLVO MODEL MISSING,3,E01024583,0,-1
2023311330628,2023,311330628,2,11,0,18,19,7,3,0,0,1,0,0,0,0,0,1,1,1,1,55,8,-1,2,15,VOLVO MODEL MISSING,-1,-1,0,-1
2023010486522,2023,010486522,2,21,4,11,11,5,1,0,0,0,0,0,0,0,4,2,6,6,1,52,8,12777,2,3,VOLVO MODEL MISSING,5,E01030165,0,-1
2023991320923,2023,991320923,1,11,0,4,4,7,3,0,0,0,0,0,0,0,0,1,1,1,1,60,9,5132,2,2,VOLVO MODEL MISSING,7,-1,0,-1
2023471260576,2023,471260576,1,11,0,5,5,7,3,0,0,1,0,0,0,0,0,1,1,1,1,44,7,4760,2,11,VOLVO MODEL MISSING,5,E01016886,0,-1
2023141303031,2023,141303031,1,11,0,5,5,2,5,0,0,8,0,0,0,0,0,1,1,1,1,60,9,9360,2,16,VOLVO MODEL MISSING,2,E01007881,0,-1
2023031268884,2023,031268884,1,21,1,7,7,3,1,0,0,0,5,0,0,0,3,1,1,1,1,26,6,12777,2,6,VOLVO MODEL MISSING,3,E01027530,0,-1
2023361287894,2023,361287894,1,11,0,18,19,-1,-1,0,0,0,0,0,0,0,3,1,1,1,1,41,7,9360,2,11,VOLVO MODEL MISSING,8,E01026913,0,-1
2023141276801,2023,141276801,2,11,0,18,19,7,3,0,0,1,0,0,0,0,4,1,1,1,1,71,10,7300,2,17,VOLVO MODEL MISSING,1,E01008096,0,-1
2023010450475,2023,010450475,1,11,0,5,5,0,1,2,2,0,0,0,0,0,0,1,1,1,3,59,9,4760,2,13,VOLVO MODEL MISSING,-1,-1,0,-1
2023471374140,2023,471374140,1,11,0,7,7,5,7,0,0,2,0,0,1,0,1,1,1,1,1,61,9,9360,2,10,VOLVO MODEL MISSING,2,E01021049,0,-1
2023531262221,2023,531262221,1,21,0,18,19,5,2,9,9,1,1,0,1,11,4,1,1,1,1,38,7,12777,5,1,VOLVO MODEL MISSING,7,E01015493,0,-1
2023320564809,2023,320564809,1,11,0,9,9,4,3,0,0,8,0,0,0,0,1,1,6,6,1,82,11,12000,2,14,VOLVO MODEL MISSING,-1,-1,0,-1
2023361312070,2023,361312070,2,11,0,16,19,7,3,0,0,0,0,0,0,0,1,1,1,1,1,24,5,9600,2,26,VOLVO MODEL MISSING,5,E01026496,0,-1
2023552301273,2023,552301273,3,11,0,4,4,2,6,0,0,0,0,0,0,0,2,1,1,1,2,52,8,7300,2,11,VOLVO MODEL MISSING,5,E01015456,0,-1
2023161296353,2023,161296353,2,11,0,4,4,5,1,0,0,3,0,0,0,0,1,1,1,1,1,47,8,9360,2,15,VOLVO MODEL MISSING,1,E01012855,0,-1
2023440508895,2023,440508895,1,21,1,4,4,1,5,0,0,0,0,0,0,0,1,1,1,1,1,37,7,12777,2,5,VOLVO MODEL MISSING,4,E01022834,0,-1
2023421357483,2023,421357483,2,21,1,2,2,3,7,6,6,0,0,0,0,0,3,1,1,1,1,49,8,12777,2,12,VOLVO MODEL MISSING,6,W01000538,0,-1
2023010466283,2023,010466283,1,11,0,9,9,1,7,0,0,0,0,0,0,0,0,1,1,1,1,54,8,5132,2,9,VOLVO MODEL MISSING,5,E01000519,0,-1
2023070685270,2023,070685270,2,21,1,4,4,1,5,0,0,0,0,0,0,0,1,1,1,1,1,57,9,12777,2,2,VOLVO MODEL MISSING,4,E01018726,0,-1
2023010430040,2023,010430040,1,11,0,18,19,5,1,2,2,2,0,0,0,0,0,1,1,1,1,53,8,4760,2,12,VOLVO MODEL MISSING,2,E01003160,0,-1
2023010446179,2023,010446179,1,11,0,5,5,3,7,0,0,1,0,0,0,0,0,1,1,1,1,59,9,5132,2,6,VOLVO MODEL MISSING,1,E01001206,0,-1
2023991314833,2023,991314833,1,11,0,18,19,8,4,0,0,0,0,0,0,0,1,1,1,1,1,44,7,9360,2,12,VOLVO MODEL MISSING,1,-1,0,-1
2023471367777,2023,471367777,1,21,0,18,19,3,7,0,0,0,0,0,0,0,1,1,6,6,1,-1,-1,7698,2,5,VOLVO MODEL MISSING,-1,-1,0,-1
2023991389214,2023,991389214,1,11,0,5,5,8,4,0,0,0,0,0,0,0,0,1,1,1,1,36,7,9360,2,12,VOLVO MODEL MISSING,8,-1,0,-1
2023520301069,2023,520301069,1,11,0,18,19,8,4,0,0,0,0,0,0,0,1,1,1,1,1,40,7,7300,2,13,VOLVO MODEL MISSING,8,E01014444,0,-1
2023161352584,2023,161352584,2,21,0,18,19,6,2,0,0,0,0,0,0,0,2,1,1,1,1,35,6,16123,2,6,VOLVO MODEL MISSING,1,E01012842,0,-1
2023401354281,2023,401354281,2,21,4,16,19,3,7,0,0,0,0,0,0,0,2,1,1,1,1,53,8,12777,2,4,VOLVO MODEL MISSING,7,E01011846,0,-1
2023471278002,2023,471278002,2,11,0,18,19,3,7,0,0,1,0,0,0,0,0,1,1,1,1,37,7,9360,2,10,VOLVO MODEL MISSING,5,E01021059,0,-1
2023471288350,2023,471288350,2,21,0,18,19,7,3,0,0,1,0,0,0,0,1,1,1,1,1,66,10,7146,2,14,VOLVO MODEL MISSING,6,E01024807,0,-1
2023131364394,2023,131364394,2,11,0,18,19,5,1,0,0,0,0,0,0,0,0,1,1,1,1,23,5,4760,2,10,VOLVO MODEL MISSING,2,E01011552,0,-1
2023430551392,2023,430551392,2,21,1,18,19,2,8,0,0,8,0,0,0,0,1,1,1,1,1,-1,-1,12777,2,3,VOLVO MODEL MISSING,-1,-1,0,-1
2023302300607,2023,302300607,2,21,0,17,19,6,2,0,0,0,0,0,0,0,3,1,1,1,1,61,9,1213,2,25,VOLVO MODEL MISSING,7,E01007664,0,-1
2023010471511,2023,010471511,2,19,0,18,19,7,3,0,0,8,0,0,0,0,4,1,1,1,1,48,8,12777,2,4,VOLVO MODEL MISSING,2,E01023339,0,-1
2023991329201,2023,991329201,2,21,1,17,19,7,4,0,0,0,0,0,1,11,1,1,1,1,1,26,6,12777,2,8,VOLVO MODEL MISSING,-1,-1,0,-1
2023010443919,2023,010443919,1,11,0,3,3,4,8,0,0,0,0,0,0,0,0,1,1,1,1,52,8,5132,2,6,VOLVO MODEL MISSING,-1,-1,0,-1
2023131373620,2023,131373620,1,11,0,18,19,1,5,0,0,0,0,0,2,0,1,1,1,1,1,62,9,9360,2,16,VOLVO MODEL MISSING,2,E01011166,0,-1
2023471329998,2023,471329998,1,11,0,9,9,6,4,0,0,0,0,0,0,0,1,1,1,1,1,38,7,9360,2,11,VOLVO MODEL MISSING,10,E01016939,0,-1
2023010453943,2023,010453943,1,11,0,18,19,8,4,0,0,2,0,0,0,0,4,1,1,1,1,60,9,5132,2,6,VOLVO MODEL MISSING,4,E01000559,0,-1
2023991352822,2023,991352822,1,21,1,5,5,3,6,0,0,4,0,0,0,0,1,1,1,1,1,56,9,12777,2,12,VOLVO MODEL MISSING,6,-1,0,-1
202363D002523,2023,63D002523,1,21,1,18,19,7,3,0,0,0,5,0,0,0,3,1,1,1,1,47,8,12777,2,10,VOLVO MODEL MISSING,-1,-1,0,-1
2023201270369,2023,201270369,1,11,0,18,19,4,8,0,0,0,0,0,0,0,4,1,1,1,1,35,6,7300,2,11,VOLVO MODEL MISSING,2,E01010279,0,-1
2023010466253,2023,010466253,1,11,0,9,9,3,1,0,0,8,0,0,0,0,0,1,1,1,1,34,6,5132,2,7,VOLVO MODEL MISSING,2,E01003181,0,-1
2023221268195,2023,221268195,4,21,1,18,19,7,3,0,0,0,0,0,0,0,0,1,1,1,1,43,7,12777,2,11,VOLVO MODEL MISSING,-1,-1,0,-1
2023010466445,2023,010466445,1,11,0,18,19,1,5,0,0,1,0,0,0,0,1,1,1,1,1,51,8,5132,2,7,VOLVO MODEL MISSING,3,E01002139,0,-1
2023221392960,2023,221392960,4,20,0,2,2,0,0,0,0,0,0,0,0,0,0,1,1,1,1,40,7,5132,2,7,VOLVO MODEL MISSING,5,E01014186,0,-1
2023010463333,2023,010463333,1,11,9,99,99,9,9,99,99,0,9,99,9,99,9,9,6,6,3,-1,-1,5132,2,9,VOLVO MODEL MISSING,-1,-1,0,-1
2023440238822,2023,440238822,2,90,0,18,19,1,5,0,0,1,0,0,0,0,1,1,1,1,1,52,8,7698,2,2,VOLVO MODEL MISSING,10,E01022928,0,-1
2023340WN5532,2023,340WN5532,3,19,0,16,19,2,4,0,0,1,0,0,0,0,3,1,1,1,1,34,6,10837,2,8,VOLVO MODEL MISSING,7,E01025752,0,-1
2023451369852,2023,451369852,1,11,0,4,4,5,1,0,0,1,0,0,0,0,0,1,1,1,1,45,7,5312,2,4,VOLVO MODEL MISSING,6,E01030411,0,-1
2023411331440,2023,411331440,2,21,0,5,5,5,1,0,0,5,0,0,0,0,4,1,6,6,1,34,6,12777,2,5,VOLVO MODEL MISSING,6,E01018450,0,-1
2023361266584,2023,361266584,3,11,0,18,19,1,5,0,0,8,0,0,0,0,3,1,1,1,1,31,6,7698,2,2,VOLVO MODEL MISSING,4,E01026736,0,-1
2023471284740,2023,471284740,2,21,0,18,19,1,5,0,0,1,0,0,0,0,1,1,1,1,1,52,8,12777,2,4,VOLVO MODEL MISSING,3,E01031609,0,-1
2023010473364,2023,010473364,2,11,0,99,99,9,9,99,99,9,9,99,9,99,1,9,6,6,2,-1,-1,9360,2,13,VOLVO MODEL MISSING,5,E01003359,0,-1
2023010449552,2023,010449552,1,11,0,3,3,4,8,0,0,0,0,0,0,0,0,1,1,1,1,56,9,5132,2,7,VOLVO MODEL MISSING,2,E01003351,0,-1
2023991341467,2023,991341467,2,21,0,18,19,4,8,0,0,0,0,0,0,0,2,1,1,1,1,34,6,12777,2,5,VOLVO MODEL MISSING,1,E01027131,0,-1
2023552300946,2023,552300946,1,21,1,11,11,6,2,0,0,0,0,0,0,0,4,1,1,1,1,65,9,12777,2,4,VOLVO MODEL MISSING,7,E01015425,0,-1
2023010441963,2023,010441963,1,11,0,18,19,7,3,0,0,4,0,0,0,0,3,1,1,1,1,60,9,5132,2,8,VOLVO MODEL MISSING,7,E01015955,0,-1
2023010447580,2023,010447580,1,11,2,18,19,5,1,2,2,1,0,0,0,0,1,1,1,1,1,54,8,4760,2,13,VOLVO MODEL MISSING,2,E01004584,0,-1
2023501310662,2023,501310662,1,21,0,18,19,1,5,0,0,0,0,0,0,0,1,1,6,6,2,58,9,7698,2,1,VOLVO MODEL MISSING,5,E01020082,0,-1
2023311310707,2023,311310707,2,11,0,18,19,7,3,2,2,0,0,0,0,0,3,1,1,1,1,33,6,1080,2,8,VOLVO MODEL MISSING,6,E01019651,0,-1
2023201276101,2023,201276101,2,11,0,18,19,4,8,0,0,6,0,0,0,0,1,1,1,1,1,49,8,7300,2,11,VOLVO MODEL MISSING,2,E01009942,0,-1
2023332301168,2023,332301168,1,21,1,2,2,0,0,0,0,0,0,0,0,0,2,1,1,1,1,27,6,12777,2,6,VOLVO MODEL MISSING,6,E01029778,0,-1
2023010445981,2023,010445981,1,11,0,18,19,3,7,0,0,1,0,0,0,0,0,1,1,1,2,59,9,5132,2,4,VOLVO MODEL MISSING,5,E01000631,0,-1
2023991314609,2023,991314609,2,11,0,18,19,7,3,0,0,0,0,0,1,10,1,1,1,1,1,40,7,5132,2,6,VOLVO MODEL MISSING,5,-1,0,-1
2023211279839,2023,211279839,1,21,1,11,11,1,5,0,0,0,0,0,0,0,1,1,1,1,1,40,7,12777,2,2,VOLVO MODEL MISSING,1,E01014221,0,-1
2023311302270,2023,311302270,1,21,1,18,19,1,5,0,0,0,0,0,0,0,1,1,1,1,1,59,9,12777,2,13,VOLVO MODEL MISSING,2,E01007395,0,-1
2023351356026,2023,351356026,3,21,0,4,4,8,4,0,0,0,0,0,0,0,4,1,1,1,1,61,9,12777,2,1,VOLVO MODEL MISSING,7,E01029772,0,-1
2023320496585,2023,320496585,2,21,0,18,19,4,8,0,0,0,0,0,0,0,1,1,1,1,1,43,7,12777,2,1,VOLVO MODEL MISSING,10,W01000015,0,-1
2023010420804,2023,010420804,1,11,0,18,19,7,3,0,0,0,0,11,0,0,1,1,2,2,1,50,8,5132,2,5,VOLVO MODEL MISSING,4,E01000497,0,-1
2023010469072,2023,010469072,1,11,0,18,19,1,5,0,0,1,0,0,0,0,0,1,1,1,1,60,9,5132,2,8,VOLVO MODEL MISSING,4,E01001286,0,-1
2023430008196,2023,430008196,2,21,1,11,11,4,2,0,0,8,0,0,0,0,1,1,6,6,3,-1,-1,12777,2,1,VOLVO MODEL MISSING,-1,-1,0,-1
2023991388955,2023,991388955,1,11,0,4,4,5,1,2,2,0,0,0,0,0,0,1,1,1,1,49,8,7698,2,4,VOLVO MODEL MISSING,10,-1,0,-1
2023401293578,2023,401293578,1,11,0,5,5,-1,-1,0,0,0,0,0,0,0,4,1,1,1,1,60,9,7300,2,12,VOLVO MODEL MISSING,10,E01023432,0,-1
2023122301310,2023,122301310,2,11,0,18,19,5,1,0,0,0,0,0,0,0,1,1,1,1,1,54,8,5132,2,7,VOLVO MODEL MISSING,3,E01011267,0,-1
2023161309762,2023,161309762,1,11,0,18,19,7,3,0,0,0,0,0,0,0,4,1,1,1,1,58,9,7698,2,8,VOLVO MODEL MISSING,5,E01012768,0,-1
2023361372845,2023,361372845,1,11,0,5,5,1,5,0,0,0,0,0,0,0,1,1,1,1,1,48,8,9360,2,11,VOLVO MODEL MISSING,3,E01026756,0,-1
2023010463993,2023,010463993,1,11,0,5,5,8,4,0,0,1,0,0,0,0,0,1,1,1,1,62,9,5132,2,6,VOLVO MODEL MISSING,4,E01002775,0,-1
2023161348470,2023,161348470,1,11,0,18,19,7,3,0,0,0,0,0,0,0,0,1,1,1,2,50,8,7300,2,9,VOLVO MODEL MISSING,1,E01012781,0,-1
2023471331064,2023,471331064,3,21,0,18,19,5,1,0,0,0,0,0,0,0,1,1,1,1,1,45,7,12777,2,7,VOLVO MODEL MISSING,6,E01031557,0,-1
2023010485564,2023,010485564,1,11,0,18,19,2,6,0,0,1,0,10,0,0,1,1,1,1,1,56,9,5132,2,6,VOLVO MODEL MISSING,6,E01002479,0,-1
2023430339395,2023,430339395,2,21,0,11,11,2,6,0,0,8,0,0,0,0,1,1,6,6,1,48,8,12777,2,1,VOLVO MODEL MISSING,7,E01020437,0,-1
2023501340377,2023,501340377,2,21,0,9,9,7,4,0,0,6,0,0,0,0,1,1,1,1,1,30,6,7698,2,1,VOLVO MODEL MISSING,8,E01019908,0,-1
2023211308742,2023,211308742,2,21,0,18,19,6,2,0,0,0,0,0,0,0,2,1,1,1,1,45,7,10837,2,1,VOLVO MODEL MISSING,2,E01029390,0,-1