collision_index,collision_year,collision_ref_no,vehicle_reference,vehicle_type,towing_and_articulation,vehicle_manoeuvre_historic,vehicle_manoeuvre,vehicle_direction_from,vehicle_direction_to,vehicle_location_restricted_lane_historic,vehicle_location_restricted_lane,junction_location,skidding_and_overturning,hit_object_in_carriageway,vehicle_leaving_carriageway,hit_object_off_carriageway,first_point_of_impact,vehicle_left_hand_drive,journey_purpose_of_driver_historic,journey_purpose_of_driver,sex_of_driver,age_of_driver,age_band_of_driver,engine_capacity_cc,propulsion_code,age_of_vehicle,generic_make_model,driver_imd_decile,lsoa_of_driver,escooter_flag,driver_distance_banding
2023010456828,2023,010456828,1,11,0,5,5,5,1,2,2,0,0,0,0,0,0,1,1,1,1,47,8,5132,2,7,VOLVO MODEL MISSING,3,E01003736,0,-1
2023501322764,2023,501322764,2,11,0,17,19,7,3,0,0,0,0,0,0,0,3,1,1,1,1,59,9,9360,2,14,VOLVO MODEL MISSING,1,E01018995,0,-1
2023010433605,2023,010433605,1,11,0,99,99,9,9,99,99,9,9,99,9,99,9,9,6,6,1,54,8,5132,2,6,VOLVO MODEL MISSING,10,E01002155,0,-1
2023471318874,2023,471318874,2,20,2,18,19,5,1,0,0,2,0,0,0,0,3,1,2,2,1,53,8,12777,2,1,VOLVO MODEL MISSING,6,E01017012,0,-1
2023010440824,2023,010440824,2,11,0,3,3,3,7,0,0,1,0,0,0,0,2,1,1,1,1,29,6,5132,2,3,VOLVO MODEL MISSING,8,E01003909,0,-1
2023520400498,2023,520400498,2,21,0,9,9,4,1,0,0,8,0,0,0,0,1,2,6,6,1,33,6,-1,-1,-1,VOLVO MODEL MISSING,9,E01029065,0,-1
2023010431846,2023,010431846,1,11,0,5,5,1,5,0,0,1,0,0,0,0,4,1,1,1,1,57,9,5132,2,5,VOLVO MODEL MISSING,2,E01000925,0,-1
2023010421146,2023,010421146,1,11,0,18,19,3,7,0,0,1,0,0,0,0,1,1,6,6,1,26,6,9360,2,11,VOLVO MODEL MISSING,4,E01000497,0,-1
2023201424628,2023,201424628,1,11,0,5,5,8,4,0,0,0,0,0,0,0,1,1,1,1,1,51,8,7300,2,20,VOLVO MODEL MISSING,2,E01010003,0,-1
2023552300689,2023,552300689,2,21,1,18,19,3,8,0,0,3,0,0,0,0,4,1,1,1,1,59,9,12777,2,9,VOLVO MODEL MISSING,7,E01020392,0,-1
2023010464206,2023,010464206,1,11,0,5,5,1,5,0,0,1,0,0,0,0,1,1,1,1,3,43,7,9360,2,15,VOLVO MODEL MISSING,4,E01004750,0,-1
2023991314574,2023,991314574,1,11,0,18,19,5,1,0,0,0,0,0,0,0,0,1,1,1,1,25,5,10838,2,7,VOLVO MODEL MISSING,-1,-1,0,-1
2023430013294,2023,430013294,3,21,0,2,2,0,0,6,6,0,0,0,0,0,3,1,1,1,1,37,7,16123,2,17,VOLVO MODEL MISSING,7,E01017823,0,-1
2023991362286,2023,991362286,1,11,0,4,4,3,7,0,0,1,0,0,0,0,0,1,1,1,1,65,9,9360,2,15,VOLVO MODEL MISSING,-1,-1,0,-1
2023201365822,2023,201365822,2,21,0,4,4,8,4,0,0,0,0,0,0,0,2,1,1,1,1,49,8,12777,2,6,VOLVO MODEL MISSING,2,E01007593,0,-1
2023522300762,2023,522300762,2,11,0,18,19,5,1,0,0,4,0,0,0,0,3,1,1,1,1,60,9,7300,2,18,VOLVO MODEL MISSING,10,E01015014,0,-1
2023010424590,2023,010424590,1,11,0,18,19,3,7,0,0,8,0,0,0,0,0,1,1,1,1,59,9,4760,2,11,VOLVO MODEL MISSING,5,E01002739,0,-1
2023010446506,2023,010446506,1,11,0,18,19,6,2,0,0,8,0,0,0,0,0,1,1,1,1,33,6,5132,2,5,VOLVO MODEL MISSING,3,E01003819,0,-1
2023201422090,2023,201422090,3,21,0,18,19,7,3,0,0,2,0,0,0,0,2,1,1,1,1,54,8,12777,2,2,VOLVO MODEL MISSING,9,E01027212,0,-1
2023010469026,2023,010469026,2,11,0,99,99,9,9,99,99,9,9,99,9,99,9,9,6,6,3,70,10,5132,2,8,VOLVO MODEL MISSING,6,E01001272,0,-1
2023371346315,2023,371346315,2,21,0,18,19,7,3,0,0,0,0,0,7,0,4,1,1,1,1,43,7,12777,2,5,VOLVO MODEL MISSING,7,E01033449,0,-1
2023451283760,2023,451283760,2,20,1,18,19,3,7,0,0,0,0,0,0,0,1,1,1,1,1,40,7,-1,-1,-1,VOLVO MODEL MISSING,-1,-1,0,-1
2023010467394,2023,010467394,1,11,0,18,19,8,4,0,0,1,0,0,0,0,0,1,6,6,2,65,9,5132,2,7,VOLVO MODEL MISSING,5,E01016519,0,-1
2023430301213,2023,430301213,1,90,0,9,9,8,6,0,0,5,0,0,0,0,1,1,1,1,1,38,7,7146,2,15,VOLVO MODEL MISSING,7,E01028818,0,-1
2023010442143,2023,010442143,2,11,0,18,19,1,5,2,2,8,0,0,0,0,1,1,1,1,1,56,9,4760,2,11,VOLVO MODEL MISSING,3,E01001445,0,-1
2023161272812,2023,161272812,1,11,0,18,19,3,7,0,0,8,0,0,0,0,0,1,1,1,1,56,9,7300,2,9,VOLVO MODEL MISSING,4,E01012870,0,-1
2023010420739,2023,010420739,2,11,0,16,19,5,1,0,0,8,0,0,0,0,0,1,1,1,1,43,7,5132,2,7,VOLVO MODEL MISSING,-1,-1,0,-1
2023010425912,2023,010425912,1,11,0,5,5,3,7,2,2,1,0,0,0,0,0,1,1,1,1,31,6,5132,2,5,VOLVO MODEL MISSING,2,E01002077,0,-1
2023111322137,2023,111322137,2,21,1,18,19,7,3,0,0,0,0,0,0,0,4,1,1,1,1,37,7,12777,2,4,VOLVO MODEL MISSING,2,-1,0,-1
2023351347160,2023,351347160,2,11,0,18,19,7,3,3,2,1,0,0,0,0,4,1,1,1,1,48,8,7698,2,8,VOLVO MODEL MISSING,5,E01018158,0,-1
2023991378934,2023,991378934,1,9,0,18,19,8,4,0,0,0,5,0,7,0,1,1,6,6,1,19,4,2300,1,26,-1,5,-1,0,-1
2023332301215,2023,332301215,2,21,0,9,9,7,5,0,0,6,0,0,0,0,3,1,1,1,2,27,6,16120,2,8,VOLVO MODEL MISSING,1,W01001469,0,-1
2023010424002,2023,010424002,1,11,0,4,4,3,7,2,2,1,0,0,0,0,4,1,1,1,1,47,8,5132,2,6,VOLVO MODEL MISSING,2,E01003037,0,-1
2023010475620,2023,010475620,1,11,0,18,19,6,2,0,0,0,0,0,0,0,1,1,1,1,1,43,7,5132,2,7,VOLVO MODEL MISSING,3,E01004066,0,-1
2023010445861,2023,010445861,1,11,0,18,19,7,3,0,0,8,0,0,0,0,1,1,1,1,1,41,7,9365,2,11,VOLVO MODEL MISSING,1,E01024148,0,-1
2023201413527,2023,201413527,1,21,1,18,19,7,3,0,0,0,0,0,0,0,3,1,1,1,1,55,8,12777,2,5,VOLVO MODEL MISSING,3,E01026023,0,-1
2023070115257,2023,070115257,3,21,1,18,19,3,7,0,0,0,0,0,0,0,1,1,1,1,1,31,6,12777,2,8,VOLVO MODEL MISSING,-1,-1,0,-1
2023231309894,2023,231309894,2,21,1,3,3,6,2,0,0,8,0,0,0,0,2,1,1,1,1,52,8,10837,2,6,VOLVO MODEL MISSING,6,E01025740,0,-1
2023332300912,2023,332300912,3,21,0,3,3,4,8,0,0,0,0,0,0,0,1,1,1,1,1,53,8,12777,2,13,VOLVO MODEL MISSING,2,E01031010,0,-1
2023161342757,2023,161342757,2,11,0,5,5,6,2,0,0,0,0,0,0,0,2,1,1,1,1,64,9,5132,2,6,VOLVO MODEL MISSING,6,E01013095,0,-1
2023010451490,2023,010451490,1,11,0,4,4,4,8,0,0,0,0,0,0,0,1,1,1,1,1,50,8,9360,2,11,VOLVO MODEL MISSING,4,E01000498,0,-1
2023161358379,2023,161358379,1,11,0,18,19,3,7,0,0,0,0,0,0,0,0,1,1,1,1,34,6,9360,2,8,VOLVO MODEL MISSING,7,E01013150,0,-1
2023010426141,2023,010426141,1,11,0,4,4,5,1,0,0,0,0,0,0,0,0,1,1,1,1,49,8,5132,2,6,VOLVO MODEL MISSING,5,E01003495,0,-1
2023531298073,2023,531298073,2,21,0,18,19,1,5,0,0,0,0,0,0,0,2,1,1,1,1,57,9,10837,2,5,VOLVO MODEL MISSING,2,E01006241,0,-1
2023010479076,2023,010479076,1,90,0,4,4,3,7,0,0,1,0,0,0,0,0,1,1,1,1,59,9,-1,-1,-1,VOLVO MODEL MISSING,4,E01004015,0,-1
2023010455039,2023,010455039,2,20,0,99,99,9,9,99,99,9,9,99,9,99,1,1,6,6,3,-1,-1,7698,2,3,VOLVO MODEL MISSING,2,E01003190,0,-1
2023991320486,2023,991320486,1,11,0,18,19,1,5,0,0,1,0,0,0,0,0,1,1,1,1,37,7,5132,2,2,VOLVO MODEL MISSING,4,-1,0,-1
2023010432525,2023,010432525,1,11,0,18,19,1,5,2,2,0,0,0,0,0,4,1,1,1,1,63,9,9360,2,13,VOLVO MODEL MISSING,2,E01002697,0,-1
2023430050204,2023,430050204,1,21,0,8,8,6,8,0,0,1,0,0,0,0,4,1,1,1,1,-1,-1,7698,2,7,VOLVO MODEL MISSING,-1,-1,0,-1
2023010481571,2023,010481571,2,21,0,5,5,7,3,0,0,1,0,0,0,0,1,1,6,6,1,52,8,12777,2,7,VOLVO MODEL MISSING,2,E01010442,0,-1
2023010477805,2023,010477805,1,11,0,11,11,1,5,0,0,1,0,4,0,0,4,1,1,1,1,42,7,5132,2,6,VOLVO MODEL MISSING,2,E01001702,0,-1
2023010481891,2023,010481891,1,11,0,4,4,7,3,2,2,0,0,0,0,0,0,1,1,1,1,21,5,5132,2,7,VOLVO MODEL MISSING,1,E01000105,0,-1
2023010447183,2023,010447183,1,11,0,18,19,3,7,0,0,0,0,0,0,0,0,1,1,1,1,67,10,5132,2,8,VOLVO MODEL MISSING,3,E01003819,0,-1
2023421306787,2023,421306787,2,11,0,3,3,7,3,0,0,1,0,0,0,0,0,1,1,1,1,36,7,7300,2,18,VOLVO MODEL MISSING,7,E01021538,0,-1
2023131343445,2023,131343445,1,21,0,18,19,8,4,0,0,8,0,0,0,0,3,1,1,1,1,56,9,12777,2,0,VOLVO MODEL MISSING,5,E01010865,0,-1
2023010435271,2023,010435271,1,11,0,18,19,1,5,0,0,8,0,0,0,0,0,1,1,1,1,63,9,5132,2,6,VOLVO MODEL MISSING,2,E01001828,0,-1
2023010437553,2023,010437553,5,20,0,10,10,4,2,0,0,1,0,0,0,0,2,1,1,1,1,70,10,-1,-1,-1,VOLVO MODEL MISSING,-1,-1,0,-1
2023302300347,2023,302300347,2,19,0,18,19,8,4,0,0,0,0,0,0,0,1,1,1,1,1,39,7,10837,2,11,VOLVO MODEL MISSING,5,E01019525,0,-1
2023440028666,2023,440028666,2,21,0,3,3,8,4,0,0,0,0,0,0,0,2,1,1,1,1,68,10,12777,2,2,VOLVO MODEL MISSING,1,E01007370,0,-1
2023320433118,2023,320433118,1,11,0,7,7,8,1,0,0,2,0,0,0,0,4,1,1,1,1,36,7,10838,2,7,VOLVO MODEL MISSING,7,E01026208,0,-1
2023471290625,2023,471290625,1,11,0,2,2,1,5,2,2,0,0,0,0,0,0,1,1,1,1,57,9,9360,2,10,VOLVO MODEL MISSING,6,E01021058,0,-1
2023631318684,2023,631318684,3,11,0,4,4,2,6,0,0,0,0,0,0,0,0,1,1,1,1,72,10,12000,2,17,VOLVO MODEL MISSING,8,W01000506,0,-1
2023010473947,2023,010473947,1,21,1,4,4,3,7,0,0,0,1,0,0,0,1,1,1,1,1,25,5,12777,2,9,VOLVO MODEL MISSING,5,E01016519,0,-1
2023010447547,2023,010447547,1,19,0,17,19,1,5,0,0,2,2,10,1,2,3,1,1,1,1,55,8,10837,2,6,VOLVO MODEL MISSING,3,E01002562,0,-1
2023631316064,2023,631316064,2,98,0,13,13,2,6,0,0,0,1,0,0,0,3,1,1,1,1,40,7,12777,2,9,-1,5,W01000528,0,-1
2023010463083,2023,010463083,1,11,0,18,19,5,1,0,0,0,0,0,0,0,0,1,6,6,1,45,7,5132,2,9,VOLVO MODEL MISSING,2,E01033601,0,-1
2023010428495,2023,010428495,1,11,0,18,19,7,3,0,0,6,0,0,0,0,1,1,1,1,1,60,9,5132,2,6,VOLVO MODEL MISSING,5,E01000975,0,-1
2023010470902,2023,010470902,2,21,1,18,19,3,7,0,0,0,0,0,0,0,2,1,1,1,1,54,8,12777,2,5,VOLVO MODEL MISSING,5,E01013308,0,-1
2023340WN3632,2023,340WN3632,2,21,0,18,19,2,6,0,0,0,0,0,0,0,2,1,1,1,1,53,8,12777,2,5,VOLVO MODEL MISSING,1,E01017163,0,-1
2023430480312,2023,430480312,1,11,0,7,7,3,5,0,0,1,0,0,0,0,4,1,6,6,1,67,10,10838,2,9,VOLVO MODEL MISSING,6,E01020529,0,-1
2023421325905,2023,421325905,1,21,0,4,4,3,7,0,0,1,1,0,0,0,1,1,1,1,1,68,10,12777,2,4,VOLVO MODEL MISSING,3,E01023496,0,-1
2023542267023,2023,542267023,2,21,1,2,2,0,0,0,0,0,0,0,0,0,2,1,6,6,3,-1,-1,12777,2,5,VOLVO MODEL MISSING,-1,-1,0,-1
2023451275606,2023,451275606,1,21,0,4,4,1,5,0,0,0,0,0,0,0,2,1,1,1,1,52,8,12777,2,5,VOLVO MODEL MISSING,3,E01002553,0,-1
2023991262219,2023,991262219,1,11,0,18,19,5,1,0,0,0,0,0,0,0,1,1,1,1,1,66,10,5132,2,7,VOLVO MODEL MISSING,1,-1,0,-1
2023010483120,2023,010483120,1,11,0,4,4,5,1,0,0,1,0,0,0,0,0,1,6,6,1,49,8,5132,2,7,VOLVO MODEL MISSING,7,E01002954,0,-1
2023161291701,2023,161291701,1,11,0,18,19,5,1,0,0,2,0,0,0,0,0,1,1,1,1,62,9,9360,2,8,VOLVO MODEL MISSING,10,E01012973,0,-1
2023471273634,2023,471273634,2,21,0,18,19,5,2,0,0,1,0,0,0,0,1,1,1,1,1,58,9,12777,2,7,VOLVO MODEL MISSING,6,E01024345,0,-1
2023421291535,2023,421291535,1,21,0,1,1,7,3,0,0,1,0,0,0,0,2,1,6,6,1,54,8,12777,2,10,VOLVO MODEL MISSING,1,-1,0,-1
2023122300551,2023,122300551,1,21,1,18,19,1,5,0,0,0,0,0,0,0,1,1,1,1,1,61,9,12777,2,9,VOLVO MODEL MISSING,5,E01007650,0,-1
2023991277425,2023,991277425,1,11,0,4,4,4,8,0,0,1,0,0,0,0,0,1,1,1,1,60,9,7698,2,4,VOLVO MODEL MISSING,7,-1,0,-1
2023201412429,2023,201412429,2,11,0,18,19,7,4,0,0,8,0,0,0,0,4,1,5,6,1,56,9,7300,2,11,VOLVO MODEL MISSING,1,E01032889,0,-1
2023010462586,2023,010462586,1,11,0,18,19,5,1,0,0,0,0,0,0,0,0,1,1,1,1,53,8,5132,2,6,VOLVO MODEL MISSING,2,E01003912,0,-1
2023010425730,2023,010425730,3,11,0,18,19,1,5,0,0,2,0,0,0,0,3,1,1,1,1,74,10,4760,2,10,VOLVO MODEL MISSING,4,E01002098,0,-1
2023991348818,2023,991348818,1,11,0,18,19,1,5,0,0,1,0,0,0,0,0,1,1,1,1,29,6,9360,2,15,VOLVO MODEL MISSING,2,-1,0,-1
2023552300988,2023,552300988,1,21,0,18,19,6,2,0,0,0,0,0,0,0,1,1,1,1,1,41,7,12777,2,0,VOLVO MODEL MISSING,6,E01022956,0,-1
2023991366054,2023,991366054,2,11,0,18,19,3,7,0,0,1,0,0,0,0,3,1,3,7,1,73,10,13000,2,19,VOLVO MODEL MISSING,3,-1,0,-1
2023311333328,2023,311333328,2,11,0,4,4,8,4,0,0,8,0,0,0,0,0,1,1,1,1,45,7,7698,2,8,VOLVO MODEL MISSING,1,E01027951,0,-1
2023440293459,2023,440293459,2,20,0,18,19,1,5,0,0,1,0,0,0,0,2,1,1,1,1,59,9,5132,2,4,VOLVO MODEL MISSING,7,E01017255,0,-1
2023421290396,2023,421290396,1,21,0,18,19,2,6,0,0,0,0,7,4,0,3,1,1,1,1,56,9,12777,2,3,VOLVO MODEL MISSING,-1,-1,0,-1
2023401355910,2023,401355910,1,11,0,18,19,6,4,0,0,0,0,0,0,0,3,1,1,1,1,37,7,9360,2,15,VOLVO MODEL MISSING,4,E01017520,0,-1
2023311264471,2023,311264471,2,11,0,18,19,6,2,2,2,2,0,0,0,0,0,1,1,1,1,47,8,1080,2,8,VOLVO MODEL MISSING,5,E01013530,0,-1
2023311352314,2023,311352314,2,21,0,2,2,4,4,0,0,0,0,0,0,0,2,1,1,1,1,57,9,7698,2,9,VOLVO MODEL MISSING,3,E01009621,0,-1
2023010462534,2023,010462534,1,11,0,9,9,5,3,0,0,1,0,0,0,0,4,1,1,1,1,64,9,9360,2,12,VOLVO MODEL MISSING,6,E01000330,0,-1
2023131277386,2023,131277386,1,11,0,18,19,5,1,0,0,8,0,0,0,0,1,1,1,1,1,44,7,9360,2,14,VOLVO MODEL MISSING,1,E01010676,0,-1
2023161354557,2023,161354557,2,11,0,11,11,1,5,0,0,1,0,0,0,0,0,1,1,1,1,49,8,5132,2,2,VOLVO MODEL MISSING,3,E01012825,0,-1
2023201279757,2023,201279757,1,11,0,16,19,6,2,0,0,0,0,0,0,0,1,1,1,1,1,51,8,7300,2,19,VOLVO MODEL MISSING,2,E01010146,0,-1
2023471334734,2023,471334734,2,11,0,18,19,1,5,0,0,0,0,0,0,0,3,1,1,1,1,56,9,9360,2,11,VOLVO MODEL MISSING,1,E01016866,0,-1
2023631361224,2023,631361224,1,21,5,18,19,1,5,0,0,0,0,0,0,0,1,1,1,1,1,60,9,12777,2,6,VOLVO MODEL MISSING,6,W01000700,0,-1
2023052301946,2023,052301946,1,21,0,18,19,3,7,0,0,0,0,0,0,0,3,2,1,1,1,43,7,7146,2,11,VOLVO MODEL MISSING,6,E01006371,0,-1
2023131284028,2023,131284028,1,11,0,18,19,3,7,0,0,0,0,0,0,0,1,1,6,6,1,52,8,9600,2,24,VOLVO MODEL MISSING,1,E01010721,0,-1
2023471321756,2023,471321756,2,11,0,4,4,6,2,0,0,0,0,0,0,0,2,1,1,1,1,47,8,7300,2,9,VOLVO MODEL MISSING,4,E01031576,0,-1
2023332300237,2023,332300237,1,21,0,18,19,6,2,0,0,0,0,0,0,0,1,1,1,1,1,22,5,12777,2,10,VOLVO MODEL MISSING,7,E01013010,0,-1
2023010457939,2023,010457939,1,11,0,18,19,5,1,0,0,1,0,0,0,0,0,1,6,6,1,36,7,5132,2,6,VOLVO MODEL MISSING,4,E01000478,0,-1
2023070579801,2023,070579801,3,21,1,3,3,3,7,0,0,1,0,0,0,0,0,1,1,1,1,63,9,12777,2,7,VOLVO MODEL MISSING,7,E01018742,0,-1
2023522300679,2023,522300679,1,11,0,18,19,5,1,2,2,8,0,0,0,0,1,1,1,1,1,43,7,9360,2,15,VOLVO MODEL MISSING,4,E01014645,0,-1
2023071282184,2023,071282184,2,21,1,18,19,5,1,0,0,0,0,0,0,0,2,1,1,1,1,28,6,12777,2,2,VOLVO MODEL MISSING,6,E01010582,0,-1
2023010431552,2023,010431552,1,11,0,4,4,6,2,0,0,1,0,0,0,0,1,1,1,1,1,61,9,5132,2,7,VOLVO MODEL MISSING,3,E01001887,0,-1
2023501326418,2023,501326418,3,21,1,4,4,5,1,0,0,0,0,0,0,0,1,1,6,6,1,23,5,12777,2,2,VOLVO MODEL MISSING,-1,-1,0,-1
2023461381138,2023,461381138,1,21,0,4,4,1,5,0,0,1,0,0,0,0,1,1,1,1,1,40,7,12777,2,4,VOLVO MODEL MISSING,3,E01024549,0,-1
2023421298562,2023,421298562,1,21,1,18,19,7,4,0,0,0,0,0,0,0,4,1,1,1,1,57,9,12777,2,3,VOLVO MODEL MISSING,5,E01023592,0,-1
2023010474506,2023,010474506,1,9,0,99,99,9,9,99,99,0,9,99,9,99,2,9,2,2,1,43,7,1969,2,6,-1,2,E01001653,0,-1
2023010426687,2023,010426687,1,11,0,9,9,3,1,0,0,8,0,0,0,0,1,1,1,1,1,60,9,5132,2,8,VOLVO MODEL MISSING,3,E01000642,0,-1
2023131375816,2023,131375816,2,90,0,4,4,2,6,0,0,0,0,0,0,0,0,1,1,1,1,43,7,7146,2,13,VOLVO MODEL MISSING,5,E01011734,0,-1
2023451368419,2023,451368419,1,21,0,18,19,1,5,0,0,1,0,0,1,0,4,1,1,1,1,79,11,12777,2,8,VOLVO MODEL MISSING,7,E01000748,0,-1
2023010477471,2023,010477471,1,11,0,4,4,1,5,2,2,0,0,0,0,0,0,1,1,1,1,63,9,5132,2,6,VOLVO MODEL MISSING,7,E01002161,0,-1
2023471377061,2023,471377061,1,11,0,18,19,6,2,3,2,0,0,0,0,0,1,1,1,1,1,53,8,7300,2,9,VOLVO MODEL MISSING,3,E01031556,0,-1
2023010469217,2023,010469217,1,11,0,18,19,3,7,0,0,0,0,0,0,0,0,1,1,1,1,67,10,4760,2,10,VOLVO MODEL MISSING,1,E01033605,0,-1
2023371349501,2023,371349501,2,21,1,18,19,5,1,0,0,8,0,0,0,0,4,1,1,1,1,58,9,12777,2,4,VOLVO MODEL MISSING,4,E01030244,0,-1
2023221389360,2023,221389360,3,21,1,18,19,6,2,0,0,0,1,0,0,0,1,1,1,1,1,67,10,12777,2,3,VOLVO MODEL MISSING,4,E01019137,0,-1
2023010455363,2023,010455363,1,11,0,99,99,9,9,99,99,0,9,99,9,99,9,1,6,6,3,-1,-1,5132,2,6,VOLVO MODEL MISSING,2,E01000544,0,-1
2023010457587,2023,010457587,1,11,0,4,4,3,7,0,0,1,0,0,0,0,0,1,1,1,1,62,9,5132,2,7,VOLVO MODEL MISSING,1,E01033207,0,-1
2023991383794,2023,991383794,1,11,0,9,9,5,2,0,0,6,0,0,0,0,0,1,1,1,1,-1,-1,4760,2,9,VOLVO MODEL MISSING,10,-1,0,-1
2023421293321,2023,421293321,3,11,0,18,19,3,7,0,0,0,0,0,0,0,3,1,1,1,1,56,9,9360,2,11,VOLVO MODEL MISSING,-1,-1,0,-1
2023991321421,2023,991321421,2,21,0,18,19,4,8,0,0,1,0,0,0,0,3,1,1,1,1,41,7,10837,2,4,VOLVO MODEL MISSING,1,E01027412,0,-1
2023631338520,2023,631338520,2,21,0,18,19,7,3,0,0,0,0,0,0,0,1,1,1,1,1,52,8,12777,2,7,VOLVO MODEL MISSING,5,W01000542,0,-1
2023991337976,2023,991337976,1,11,0,5,5,7,3,0,0,3,0,0,0,0,0,1,1,1,1,36,7,5132,2,7,VOLVO MODEL MISSING,2,-1,0,-1
2023430285511,2023,430285511,1,11,0,18,19,6,2,0,0,0,0,0,0,0,1,1,1,1,1,60,9,7300,2,21,VOLVO MODEL MISSING,8,E01028614,0,-1
2023361350422,2023,361350422,1,11,0,18,19,5,1,0,0,1,0,0,0,0,-1,1,1,1,1,30,6,7698,2,0,VOLVO MODEL MISSING,4,E01026743,0,-1
2023131318464,2023,131318464,1,21,0,16,19,7,3,0,0,0,5,0,0,0,3,1,1,1,1,42,7,12777,2,9,VOLVO MODEL MISSING,9,E01005339,0,-1
2023141308493,2023,141308493,1,11,0,18,19,2,7,0,0,0,0,0,0,0,3,1,1,1,1,55,8,9360,2,14,VOLVO MODEL MISSING,3,E01007569,0,-1
2023010422204,2023,010422204,2,21,9,1,1,4,6,99,99,9,9,99,9,99,9,9,6,6,1,29,6,12777,2,1,VOLVO MODEL MISSING,5,E01031050,0,-1
2023141316737,2023,141316737,2,21,1,18,19,1,5,0,0,0,0,11,0,0,1,1,1,1,1,61,9,12777,2,7,VOLVO MODEL MISSING,8,E01011185,0,-1
2023320783194,2023,320783194,2,21,0,18,19,8,4,0,0,1,0,0,0,0,1,1,1,1,1,48,8,12777,2,6,VOLVO MODEL MISSING,2,-1,0,-1
2023010451540,2023,010451540,1,11,0,99,99,9,9,99,99,9,9,99,9,99,9,9,6,6,1,46,8,5132,2,5,VOLVO MODEL MISSING,6,E01001751,0,-1
2023052302634,2023,052302634,2,21,1,4,4,5,1,0,0,1,0,0,0,0,2,1,1,1,3,-1,-1,12777,2,1,VOLVO MODEL MISSING,-1,-1,0,-1
2023010482577,2023,010482577,1,11,0,5,5,0,3,0,0,0,0,0,0,0,0,1,6,6,1,60,9,9360,2,13,VOLVO MODEL MISSING,4,E01002684,0,-1
2023010481226,2023,010481226,1,21,1,9,9,7,5,0,0,8,0,0,0,0,1,1,1,1,1,39,7,12777,2,1,VOLVO MODEL MISSING,8,E01033611,0,-1
2023522400028,2023,522400028,1,21,1,12,12,3,7,0,0,1,0,0,0,0,2,1,6,6,1,52,8,7698,2,6,VOLVO MODEL MISSING,3,W01001645,0,-1
2023031318647,2023,031318647,1,21,5,5,5,7,3,0,0,0,0,0,0,0,1,1,1,1,1,52,8,10837,2,6,VOLVO MODEL MISSING,-1,-1,0,-1
2023010426082,2023,010426082,1,11,0,4,4,1,5,0,0,0,0,0,0,0,0,1,6,6,1,45,7,5132,2,7,VOLVO MODEL MISSING,2,E01002633,0,-1
2023991306370,2023,991306370,1,11,0,4,4,5,2,0,0,0,0,0,0,0,0,1,1,1,1,57,9,7698,2,4,VOLVO MODEL MISSING,-1,-1,0,-1
2023010439700,2023,010439700,2,11,0,18,19,5,1,0,0,1,0,0,0,0,4,1,6,6,3,-1,-1,4760,2,11,VOLVO MODEL MISSING,-1,-1,0,-1
2023010456479,2023,010456479,2,11,0,99,99,9,9,99,99,9,9,99,9,99,9,9,6,6,3,-1,-1,5132,2,5,VOLVO MODEL MISSING,-1,-1,0,-1
2023461267509,2023,461267509,1,20,0,18,19,5,1,0,0,1,0,0,0,0,1,1,1,1,1,57,9,12777,2,14,VOLVO MODEL MISSING,1,E01024563,0,-1
2023010466782,2023,010466782,1,11,0,18,19,7,3,0,0,1,0,0,0,0,0,1,6,6,2,44,7,5132,2,5,VOLVO MODEL MISSING,3,E01000635,0,-1
2023471349238,2023,471349238,1,90,0,17,19,3,7,0,0,0,5,0,0,0,4,1,1,1,1,54,8,12777,2,6,VOLVO MODEL MISSING,9,E01021156,0,-1
2023010483802,2023,010483802,1,11,0,5,5,1,5,3,2,0,0,0,0,0,0,1,1,1,1,43,7,5132,2,8,VOLVO MODEL MISSING,8,E01003001,0,-1
2023122301182,2023,122301182,1,11,0,4,4,1,6,0,0,1,0,0,0,0,0,1,1,1,2,26,6,7300,2,15,VOLVO MODEL MISSING,2,E01013448,0,-1
2023141281849,2023,141281849,2,21,0,18,19,1,5,0,0,2,0,0,0,0,1,1,6,6,1,48,8,12777,2,8,VOLVO MODEL MISSING,8,E01006046,0,-1
2023010486333,2023,010486333,1,11,0,18,19,2,6,0,0,0,0,0,0,0,0,1,1,1,2,23,5,5132,2,6,VOLVO MODEL MISSING,1,E01003184,0,-1