collision_index,collision_year,collision_ref_no,vehicle_reference,vehicle_type,towing_and_articulation,vehicle_manoeuvre_historic,vehicle_manoeuvre,vehicle_direction_from,vehicle_direction_to,vehicle_location_restricted_lane_historic,vehicle_location_restricted_lane,junction_location,skidding_and_overturning,hit_object_in_carriageway,vehicle_leaving_carriageway,hit_object_off_carriageway,first_point_of_impact,vehicle_left_hand_drive,journey_purpose_of_driver_historic,journey_purpose_of_driver,sex_of_driver,age_of_driver,age_band_of_driver,engine_capacity_cc,propulsion_code,age_of_vehicle,generic_make_model,driver_imd_decile,lsoa_of_driver,escooter_flag,driver_distance_banding
2023141337283,2023,141337283,1,9,0,4,4,7,3,0,0,0,0,0,0,0,2,2,6,6,2,53,8,1997,2,9,CITROEN C4,5,E01011770,0,-1
2023461287306,2023,461287306,1,9,0,18,19,1,5,0,0,0,0,0,0,0,1,1,6,6,2,-1,-1,1560,2,7,CITROEN C4,6,E01016075,0,-1
2023351346926,2023,351346926,1,9,0,4,4,-1,-1,0,0,1,0,0,0,0,1,1,6,6,3,-1,-1,1560,2,12,CITROEN C4,-1,-1,0,-1
2023231265252,2023,231265252,1,9,0,9,9,6,4,0,0,8,0,0,0,0,4,1,5,6,2,53,8,1598,1,12,CITROEN C4,8,E01031302,0,-1
2023440043469,2023,440043469,2,9,0,2,2,0,0,0,0,0,0,0,0,0,2,1,6,6,3,-1,-1,1560,2,5,CITROEN C4,-1,-1,0,-1
2023141315207,2023,141315207,1,9,0,18,19,2,5,0,0,4,0,0,0,0,3,1,5,6,1,53,8,1997,2,8,CITROEN C4,10,E01007958,0,-1
2023361364382,2023,361364382,2,9,-1,-1,-1,5,1,-1,-1,-1,-1,-1,-1,0,-1,1,5,6,2,48,8,1560,2,5,CITROEN C4,8,E01026490,0,-1
2023111349172,2023,111349172,1,9,0,7,7,1,5,0,0,2,0,0,0,0,1,1,6,6,1,59,9,1560,2,10,CITROEN C4,4,E01020667,0,-1
2023471382605,2023,471382605,2,9,0,9,9,5,3,0,0,4,0,0,0,0,1,1,6,6,2,37,7,1560,2,10,CITROEN C4,4,E01031795,0,-1
2023501273525,2023,501273525,1,9,0,7,7,5,4,0,0,2,0,0,3,0,0,1,5,6,1,81,11,1997,2,14,CITROEN C4,5,E01018946,0,-1
2023010434147,2023,010434147,1,9,0,2,2,0,0,0,0,1,0,8,0,0,4,1,6,6,3,-1,-1,1560,2,6,CITROEN C4,-1,-1,0,-1
2023440387563,2023,440387563,1,9,0,4,4,6,2,0,0,0,0,0,0,0,2,1,6,6,2,39,7,1560,2,7,CITROEN C4,8,E01022762,0,-1
2023501378451,2023,501378451,1,9,0,18,19,8,1,0,0,1,1,0,3,0,1,1,5,6,1,90,11,1200,1,8,CITROEN C4,3,E01020272,0,-1
2023631316136,2023,631316136,4,9,0,2,2,0,0,6,6,2,0,0,0,0,1,1,6,6,3,-1,-1,1560,2,12,CITROEN C4,-1,-1,0,-1
2023052301498,2023,052301498,2,9,0,2,2,0,0,0,0,0,0,0,1,11,3,1,6,6,3,-1,-1,1560,2,7,CITROEN C4,-1,-1,0,-1
2023991377325,2023,991377325,1,9,0,18,19,1,5,0,0,1,0,0,0,0,1,1,6,6,2,46,8,1200,1,8,CITROEN C4,-1,-1,0,-1
2023520301066,2023,520301066,1,9,0,7,7,1,3,0,0,8,0,0,1,10,2,1,6,6,2,56,9,1200,1,7,CITROEN C4,7,E01029018,0,-1
2023340NN3902,2023,340NN3902,1,9,0,9,9,4,1,0,0,5,0,0,0,0,4,1,6,6,1,31,6,1560,2,10,CITROEN C4,8,E01027097,0,-1
2023991279536,2023,991279536,2,9,0,18,19,1,5,0,0,1,0,0,0,0,1,1,6,6,2,36,7,1560,2,9,CITROEN C4,2,-1,0,-1
2023131278110,2023,131278110,1,9,0,18,19,6,2,0,0,0,1,0,0,0,1,1,5,6,2,71,10,1560,2,9,CITROEN C4,3,E01011172,0,-1
2023010472632,2023,010472632,2,9,0,99,99,9,9,99,99,9,9,99,9,99,9,9,6,6,3,-1,-1,1560,2,7,CITROEN C4,-1,-1,0,-1
2023010451097,2023,010451097,1,9,0,99,99,9,9,99,99,9,9,99,9,99,2,9,6,6,1,41,7,1598,1,10,CITROEN C4,3,E01000257,0,-1
2023302301948,2023,302301948,1,9,0,13,13,4,8,0,0,0,0,0,0,0,4,1,6,6,1,67,10,1587,1,17,CITROEN C4,3,E01013554,0,-1
2023161364446,2023,161364446,2,9,0,18,19,7,3,0,0,8,0,0,0,0,2,1,6,6,2,35,6,1200,1,7,CITROEN C4,1,E01013312,0,-1
2023471387836,2023,471387836,3,9,0,17,19,5,1,0,0,0,0,0,0,0,1,2,2,2,1,28,6,1200,1,6,CITROEN C4,8,E01021170,0,-1
2023332300332,2023,332300332,3,9,0,2,2,0,0,0,0,0,0,0,0,0,2,1,6,6,1,48,8,1997,1,15,CITROEN C4,1,E01013692,0,-1
2023101379055,2023,101379055,2,9,0,18,19,7,3,0,0,8,0,0,0,0,1,1,5,6,1,81,11,1560,2,7,CITROEN C4,2,E01008695,0,-1
2023471360619,2023,471360619,1,9,0,18,19,3,7,0,0,0,1,4,2,9,4,1,6,6,1,59,9,1500,2,2,CITROEN C4,9,E01022565,0,-1
2023122300885,2023,122300885,2,9,0,18,19,8,4,0,0,0,0,0,0,0,1,1,6,6,1,25,5,1200,1,2,CITROEN C4,5,E01011787,0,-1
2023451357975,2023,451357975,1,9,0,18,19,1,5,0,0,0,0,0,0,0,3,1,5,6,2,31,6,1200,1,1,CITROEN C4,4,E01030551,0,-1
2023161337845,2023,161337845,2,9,0,2,2,0,0,0,0,0,0,4,0,0,3,1,6,6,3,-1,-1,1560,2,7,CITROEN C4,-1,-1,0,-1
2023122400037,2023,122400037,1,9,0,9,9,4,8,0,0,8,0,0,1,0,4,1,6,6,1,31,6,1560,2,6,CITROEN C4,8,E01027750,0,-1
2023610027723,2023,610027723,1,9,0,3,3,5,1,0,0,1,0,0,0,0,2,1,6,6,1,55,8,1997,2,6,CITROEN C4,2,W01001402,0,-1
2023522301851,2023,522301851,2,9,0,9,9,2,8,0,0,5,0,0,0,0,4,1,6,6,3,-1,-1,1560,2,5,CITROEN C4,-1,-1,0,-1
2023010467796,2023,010467796,2,9,0,5,5,4,8,0,0,0,0,0,0,0,3,1,6,6,1,38,7,1598,1,11,CITROEN C4,-1,-1,0,-1
2023161312831,2023,161312831,1,9,0,18,19,2,6,0,0,0,0,10,1,0,4,1,6,6,2,-1,-1,1997,2,14,CITROEN C4,-1,-1,0,-1
2023461368588,2023,461368588,1,9,0,1,1,5,1,0,0,0,0,0,0,0,0,1,6,6,2,50,8,1997,2,15,CITROEN C4,4,E01016128,0,-1
2023052300354,2023,052300354,2,9,0,4,4,2,6,0,0,1,0,0,0,0,2,1,6,6,2,26,6,1200,1,7,CITROEN C4,1,E01007269,0,-1
2023010455169,2023,010455169,2,9,0,18,19,6,2,0,0,0,0,0,0,0,1,1,2,2,2,53,8,1200,1,6,CITROEN C4,10,E01000688,0,-1
2023010444386,2023,010444386,2,9,0,99,99,9,9,99,99,0,9,99,9,99,2,9,6,6,3,-1,-1,1560,2,7,CITROEN C4,-1,-1,0,-1
2023501341245,2023,501341245,2,9,0,9,9,2,5,0,0,6,0,0,0,0,1,1,5,6,1,49,8,1560,2,7,CITROEN C4,3,E01025397,0,-1
2023311305031,2023,311305031,2,9,0,9,9,1,7,0,0,8,0,0,0,0,1,1,5,6,1,38,7,1560,2,12,CITROEN C4,9,E01028213,0,-1
2023311279358,2023,311279358,2,9,0,18,19,3,7,0,0,0,0,0,0,0,2,1,6,6,2,35,6,1200,1,7,CITROEN C4,-1,-1,0,-1
2023401390483,2023,401390483,2,9,0,18,19,-1,-1,0,0,8,0,0,0,0,4,1,5,6,1,33,6,1560,2,8,CITROEN C4,4,E01015786,0,-1
2023610034523,2023,610034523,1,9,0,4,4,7,3,0,0,0,0,0,0,0,2,1,6,6,1,53,8,1560,2,8,CITROEN C4,2,E01014636,0,-1
2023520300559,2023,520300559,1,9,0,18,19,7,3,0,0,0,0,0,0,0,1,1,6,6,1,83,11,1499,2,4,CITROEN C4,8,E01029019,0,-1
2023311343847,2023,311343847,2,9,0,5,5,5,1,0,0,1,0,0,0,0,4,1,5,6,1,68,10,1560,2,14,CITROEN C4,4,E01028291,0,-1
2023461382832,2023,461382832,1,9,0,9,9,7,1,0,0,0,0,0,0,0,1,1,5,6,2,45,7,1560,2,15,CITROEN C4,1,E01024663,0,-1
2023421342759,2023,421342759,1,9,0,2,2,1,5,0,0,0,0,0,0,0,3,1,6,6,3,-1,-1,1997,2,4,CITROEN C4,-1,-1,0,-1
2023991346243,2023,991346243,1,9,0,5,5,3,7,0,0,0,0,0,0,0,1,1,6,6,1,59,9,1997,2,6,CITROEN C4,3,-1,0,-1
2023311326522,2023,311326522,1,9,0,4,4,2,2,0,0,0,0,0,0,0,1,1,6,6,1,72,10,1560,2,10,CITROEN C4,2,E01013834,0,-1
2023451266401,2023,451266401,2,9,0,18,19,7,3,0,0,1,0,0,0,0,1,1,5,6,1,83,11,1560,2,8,CITROEN C4,10,E01030807,0,-1
2023010480108,2023,010480108,1,9,0,5,5,0,5,0,0,3,0,0,0,0,4,1,6,6,2,39,7,1560,2,6,CITROEN C4,5,E01002671,0,-1
2023320513589,2023,320513589,2,9,0,18,19,8,5,0,0,8,0,0,0,0,4,1,6,6,2,43,7,1200,1,7,CITROEN C4,3,E01026032,0,-1
2023302301089,2023,302301089,1,9,0,18,19,4,8,0,0,0,0,0,0,0,1,1,6,6,1,23,5,1560,2,8,CITROEN C4,3,E01028254,0,-1
2023461368863,2023,461368863,1,9,0,18,19,5,1,0,0,1,0,0,0,0,3,1,2,2,1,35,6,1200,1,6,CITROEN C4,2,E01001654,0,-1
2023501352981,2023,501352981,1,9,0,9,9,1,5,0,0,8,0,0,0,0,1,1,5,6,1,65,9,1560,2,7,CITROEN C4,8,E01024362,0,-1
2023351358574,2023,351358574,2,9,0,9,9,3,4,0,0,4,0,0,0,0,1,1,5,6,2,32,6,1560,2,8,CITROEN C4,6,E01015860,0,-1
2023440404886,2023,440404886,1,9,0,9,9,8,6,0,0,8,0,0,0,0,1,1,2,2,1,55,8,1560,2,11,CITROEN C4,9,E01023115,0,-1
2023201384360,2023,201384360,2,9,0,5,5,1,4,0,0,3,0,0,0,0,4,1,2,2,2,39,7,1200,1,8,CITROEN C4,5,E01009825,0,-1
2023231367735,2023,231367735,2,9,0,4,4,5,1,0,0,0,0,0,0,0,2,1,6,6,2,41,7,1560,2,8,CITROEN C4,8,E01031112,0,-1
2023440302072,2023,440302072,1,9,0,18,19,1,5,0,0,1,0,0,0,0,1,1,6,6,1,23,5,1200,1,4,CITROEN C4,3,E01025844,0,-1
2023451266145,2023,451266145,2,9,0,18,19,7,3,0,0,8,0,0,0,0,1,1,5,6,1,36,7,1200,1,8,CITROEN C4,8,E01030485,0,-1
2023461337365,2023,461337365,1,9,0,3,3,3,5,0,0,0,0,0,0,0,1,1,3,7,2,37,7,1560,2,9,CITROEN C4,-1,-1,0,-1
2023430258152,2023,430258152,2,9,0,7,7,8,2,0,0,6,0,0,0,0,1,1,6,6,2,-1,-1,1560,2,17,CITROEN C4,-1,-1,0,-1
2023010458219,2023,010458219,1,9,0,99,99,9,9,99,99,9,9,99,9,99,9,9,1,1,1,43,7,1560,2,7,CITROEN C4,2,E01001181,0,-1
2023161364542,2023,161364542,3,9,0,18,19,7,3,0,0,2,0,0,0,0,1,1,6,6,3,-1,-1,1560,2,9,CITROEN C4,-1,-1,0,-1
2023101310729,2023,101310729,3,9,0,18,19,1,5,0,0,0,0,0,0,0,3,1,5,6,2,38,7,1598,1,15,CITROEN C4,1,E01008297,0,-1
2023161360380,2023,161360380,2,9,0,18,19,4,8,0,0,4,0,0,0,0,4,1,6,6,1,19,4,1560,2,8,CITROEN C4,2,E01013147,0,-1
2023471313368,2023,471313368,1,9,0,18,19,4,8,0,0,1,0,0,0,0,4,1,5,6,2,42,7,1200,1,8,CITROEN C4,6,E01001563,0,-1
2023320312185,2023,320312185,2,9,0,18,19,8,4,0,0,8,1,0,0,0,4,1,6,6,2,46,8,1560,2,11,CITROEN C4,3,E01026415,0,-1
2023201339676,2023,201339676,2,9,0,3,3,6,2,0,0,0,0,0,0,0,2,1,6,6,1,55,8,1997,2,7,CITROEN C4,6,E01009467,0,-1
2023340NN3752,2023,340NN3752,2,9,0,4,4,7,3,0,0,2,0,11,0,0,2,1,6,6,2,40,7,1560,2,12,CITROEN C4,3,E01026963,0,-1
2023440429207,2023,440429207,1,9,0,18,19,2,6,0,0,2,0,0,0,0,1,1,2,2,1,73,10,1587,1,16,CITROEN C4,5,E01022806,0,-1
2023201313236,2023,201313236,1,9,0,5,5,3,7,0,0,0,0,0,0,0,4,1,1,1,2,58,9,1560,2,9,CITROEN C4,3,E01009992,0,-1
2023052300136,2023,052300136,1,9,0,9,9,5,3,0,0,1,0,0,0,0,4,1,6,6,1,56,9,1560,2,14,CITROEN C4,2,E01007232,0,-1
2023991261458,2023,991261458,3,9,0,10,10,6,2,0,0,0,0,0,0,0,2,1,2,2,1,32,6,1500,2,4,CITROEN C4,6,-1,0,-1
2023010431673,2023,010431673,2,9,0,18,19,1,5,0,0,0,0,0,0,0,2,1,6,6,2,29,6,1560,2,7,CITROEN C4,-1,-1,0,-1
2023101284631,2023,101284631,2,9,0,2,2,8,4,0,0,0,0,0,0,0,2,1,5,6,1,41,7,1200,1,3,CITROEN C4,9,E01008367,0,-1
202363A003023,2023,63A003023,1,9,0,12,12,7,3,0,0,0,0,0,8,10,1,1,2,2,2,57,9,1200,1,8,CITROEN C4,9,W01000710,0,-1
2023501366606,2023,501366606,2,9,0,18,19,3,7,0,0,1,0,0,0,0,1,1,5,6,2,35,6,1798,1,15,CITROEN C4,4,E01018758,0,-1
2023552300785,2023,552300785,1,9,0,18,19,2,6,0,0,0,0,0,0,0,1,1,6,6,2,56,9,1560,2,9,CITROEN C4,4,E01015443,0,-1
2023010475970,2023,010475970,2,9,0,11,11,1,5,0,0,1,0,0,0,0,1,1,1,1,1,41,7,1200,1,1,CITROEN C4,1,E01000528,0,-1
2023041369308,2023,041369308,1,9,0,12,12,5,1,0,0,0,0,0,0,0,3,1,5,6,1,35,6,1560,2,12,CITROEN C4,7,E01007245,0,-1
2023361292721,2023,361292721,1,9,0,18,19,5,1,0,0,0,0,0,0,0,1,1,2,2,2,50,8,1560,2,8,CITROEN C4,1,E01026624,0,-1
2023122301303,2023,122301303,3,9,0,18,19,5,2,0,0,8,0,0,0,0,0,1,6,6,1,33,6,1499,2,0,CITROEN C4,-1,-1,0,-1
2023461299632,2023,461299632,2,9,0,18,19,3,7,0,0,0,0,0,0,0,2,1,5,6,1,33,6,1587,1,17,CITROEN C4,7,E01014297,0,-1
2023041287340,2023,041287340,1,9,0,18,19,5,1,0,0,1,0,0,0,0,3,1,3,7,1,34,6,1499,2,5,CITROEN C4,4,E01025276,0,-1
2023311292188,2023,311292188,1,9,0,18,19,4,8,0,0,1,0,0,0,0,1,1,6,6,1,30,6,1200,1,4,CITROEN C4,3,E01027977,0,-1
2023010454447,2023,010454447,1,9,0,9,9,1,6,0,0,0,0,0,7,0,3,1,6,6,1,31,6,1997,2,8,CITROEN C4,5,E01000243,0,-1
2023501285498,2023,501285498,2,9,0,18,19,4,8,0,0,0,1,0,0,0,1,1,1,1,1,31,6,1560,2,16,CITROEN C4,4,E01019071,0,-1
2023131320800,2023,131320800,1,9,0,7,7,5,1,0,0,6,0,0,0,0,4,1,6,6,2,29,6,1360,1,14,CITROEN C4,3,E01007494,0,-1
2023201400574,2023,201400574,2,9,0,18,19,8,4,0,0,0,0,4,1,10,2,1,6,6,1,43,7,1560,2,9,CITROEN C4,3,W01000362,0,-1
2023501344560,2023,501344560,1,9,0,18,19,3,7,0,0,1,0,0,0,0,1,1,3,7,2,55,8,1560,2,12,CITROEN C4,5,E01020006,0,-1
2023461316630,2023,461316630,3,9,0,10,10,2,6,0,0,1,0,0,0,0,1,1,1,1,1,24,5,1560,2,10,CITROEN C4,2,E01024214,0,-1
2023540844223,2023,540844223,1,9,0,18,19,5,1,0,0,0,0,0,0,0,1,1,1,1,1,45,7,1560,2,9,CITROEN C4,4,E01032014,0,-1
2023141328731,2023,141328731,1,9,0,9,9,7,6,0,0,6,0,0,0,0,1,1,1,1,2,30,6,1798,1,15,CITROEN C4,7,E01007754,0,-1
2023332300694,2023,332300694,1,9,0,5,5,5,1,0,0,6,0,0,0,0,4,1,6,6,2,57,9,1560,2,5,CITROEN C4,-1,-1,0,-1
2023461382544,2023,461382544,1,9,0,5,5,5,1,0,0,0,0,0,0,0,1,1,5,6,1,65,9,1560,2,8,CITROEN C4,9,E01024832,0,-1
2023351357338,2023,351357338,2,9,0,7,7,4,6,0,0,0,0,0,0,0,4,1,6,6,1,34,6,1560,2,8,CITROEN C4,3,E01018073,0,-1
2023041273552,2023,041273552,2,9,0,5,5,3,7,0,0,8,0,0,0,0,4,1,1,1,2,49,8,1560,2,11,CITROEN C4,1,E01025062,0,-1
2023991384709,2023,991384709,1,9,0,5,5,6,2,0,0,2,0,0,0,0,1,1,6,6,2,50,8,1560,2,9,CITROEN C4,-1,-1,0,-1
2023549851523,2023,549851523,1,9,0,18,19,1,5,0,0,0,1,0,0,0,1,1,6,6,1,31,6,1560,2,8,CITROEN C4,2,E01014390,0,-1
2023010456229,2023,010456229,1,9,0,2,2,0,0,6,6,0,0,0,0,0,3,1,6,6,3,-1,-1,1560,2,11,CITROEN C4,-1,-1,0,-1
2023010434115,2023,010434115,2,9,9,99,99,9,9,99,99,9,9,99,9,99,9,9,6,6,3,-1,-1,1560,2,5,CITROEN C4,-1,-1,0,-1
2023991277721,2023,991277721,2,9,0,9,9,1,7,0,0,1,0,0,0,0,3,1,5,6,2,47,8,1499,2,5,CITROEN C4,3,-1,0,-1
2023340NN0812,2023,340NN0812,1,9,0,16,19,7,3,0,0,0,1,0,0,0,1,1,6,6,1,35,6,1560,2,8,CITROEN C4,9,E01027052,0,-1
2023311277794,2023,311277794,1,9,0,9,9,3,5,0,0,1,0,0,0,0,4,1,5,6,1,72,10,1200,1,8,CITROEN C4,1,E01013820,0,-1
2023010480165,2023,010480165,1,9,4,18,19,3,7,0,0,1,0,4,0,0,1,1,6,6,2,32,6,1200,1,4,CITROEN C4,-1,-1,0,-1
2023461319456,2023,461319456,2,9,0,4,4,3,7,0,0,0,0,0,0,0,2,1,1,1,1,41,7,1500,2,2,CITROEN C4,1,E01016069,0,-1
2023520400911,2023,520400911,2,9,0,2,2,0,0,0,0,2,0,0,0,0,2,1,6,6,3,-1,-1,1560,2,15,CITROEN C4,-1,-1,0,-1
2023320774361,2023,320774361,1,9,0,9,9,6,4,0,0,6,0,0,0,0,3,1,6,6,1,71,10,1200,1,4,CITROEN C4,-1,-1,0,-1
2023522401019,2023,522401019,1,9,0,9,9,1,7,0,0,6,0,0,0,0,3,1,6,6,1,60,9,1499,2,3,CITROEN C4,3,E01014493,0,-1
2023471277254,2023,471277254,1,9,0,18,19,6,2,0,0,0,0,0,0,0,1,1,5,6,2,56,9,1798,1,16,CITROEN C4,4,E01031833,0,-1
2023332300268,2023,332300268,3,9,0,4,4,3,7,0,0,0,0,0,0,0,1,1,6,6,1,32,6,1560,2,9,CITROEN C4,9,E01025961,0,-1
2023302301475,2023,302301475,1,9,0,18,19,2,6,0,0,8,1,0,0,0,4,1,6,6,2,46,8,1560,2,6,CITROEN C4,9,E01019622,0,-1
2023461389806,2023,461389806,1,9,0,18,19,6,2,0,0,1,1,0,7,0,1,1,6,6,1,20,4,1200,1,2,CITROEN C4,1,E01024621,0,-1
2023501398315,2023,501398315,2,9,0,9,9,4,2,0,0,8,0,0,0,0,4,1,6,6,2,53,8,1997,2,8,CITROEN C4,2,E01015192,0,-1
2023340NN3202,2023,340NN3202,1,9,0,18,19,3,7,0,0,0,0,0,0,0,1,1,1,1,2,56,9,1560,2,10,CITROEN C4,6,E01027034,0,-1
2023302300299,2023,302300299,1,9,0,18,19,6,2,0,0,1,0,0,0,0,1,1,6,6,1,-1,-1,1200,1,4,CITROEN C4,7,E01019695,0,-1
2023440216682,2023,440216682,2,9,0,18,19,5,1,0,0,1,0,0,0,0,1,1,6,6,1,87,11,1997,2,12,CITROEN C4,8,E01022627,0,-1
2023141389180,2023,141389180,2,9,0,18,19,8,4,0,0,1,0,0,0,0,1,1,6,6,1,26,6,1560,2,11,CITROEN C4,4,E01033261,0,-1
2023101301939,2023,101301939,1,9,0,18,19,7,3,0,0,0,0,0,8,0,1,1,6,6,1,70,10,1200,1,8,CITROEN C4,3,E01027359,0,-1
2023161369091,2023,161369091,3,9,0,18,19,3,7,0,0,0,0,0,0,0,1,1,2,2,1,19,4,1560,2,12,CITROEN C4,7,E01013248,0,-1
2023221366253,2023,221366253,2,9,0,18,19,7,3,0,0,8,0,0,0,0,4,1,5,6,2,54,8,1560,2,9,CITROEN C4,2,E01014185,0,-1
2023302300472,2023,302300472,1,9,0,14,14,5,1,0,0,0,0,0,0,0,4,1,6,6,2,37,7,1560,2,8,CITROEN C4,4,E01019503,0,-1
2023131354062,2023,131354062,2,9,0,18,19,3,7,0,0,4,0,0,0,0,1,1,2,2,1,36,7,1560,2,11,CITROEN C4,1,E01010632,0,-1
2023520301663,2023,520301663,1,9,0,5,5,4,8,0,0,0,0,0,0,0,1,1,6,6,2,71,10,1560,2,8,CITROEN C4,4,E01029337,0,-1
2023631342528,2023,631342528,2,9,0,9,9,6,4,0,0,8,0,0,0,0,3,1,5,6,2,38,7,1560,2,8,CITROEN C4,4,W01000516,0,-1
2023531288105,2023,531288105,2,9,0,9,9,2,6,0,0,2,0,0,0,0,4,1,1,1,2,25,5,1200,1,8,CITROEN C4,2,E01022164,0,-1
2023031312090,2023,031312090,1,9,0,18,19,3,7,0,0,0,0,0,0,0,1,1,5,6,2,59,9,1560,2,11,CITROEN C4,3,E01019198,0,-1
2023461323291,2023,461323291,2,9,0,5,5,5,1,0,0,0,0,0,0,0,3,1,1,1,2,63,9,1560,2,7,CITROEN C4,8,E01000328,0,-1
2023991326975,2023,991326975,1,9,0,18,19,4,8,0,0,0,0,0,0,0,1,1,5,6,2,36,7,1560,2,5,CITROEN C4,4,-1,0,-1
2023122400054,2023,122400054,1,9,0,18,19,7,3,0,0,0,0,0,0,0,3,1,6,6,1,55,8,1560,2,13,CITROEN C4,5,E01013384,0,-1
2023631318826,2023,631318826,2,9,0,12,12,7,2,0,0,8,0,0,0,0,1,1,5,6,1,81,11,1560,2,8,CITROEN C4,8,W01000663,0,-1
2023531374828,2023,531374828,1,9,0,7,7,3,5,0,0,1,2,0,7,9,1,1,6,6,3,-1,-1,1560,2,13,CITROEN C4,-1,-1,0,-1
2023552301105,2023,552301105,2,9,0,9,9,4,2,0,0,5,0,0,1,0,1,1,6,6,2,38,7,1560,2,7,CITROEN C4,8,E01020515,0,-1
2023141265484,2023,141265484,2,9,0,13,13,8,4,0,0,2,0,0,0,0,4,1,6,6,1,-1,-1,1560,2,13,CITROEN C4,-1,-1,0,-1
2023371296845,2023,371296845,2,9,0,18,19,5,1,0,0,0,0,0,0,0,1,1,1,1,2,28,6,1560,2,9,CITROEN C4,9,E01033045,0,-1
2023351358441,2023,351358441,1,9,0,18,19,5,1,0,0,1,0,0,1,0,1,1,5,6,1,86,11,1360,1,19,CITROEN C4,9,E01018161,0,-1
2023141270324,2023,141270324,2,9,0,18,19,4,8,0,0,0,0,11,0,0,1,1,5,6,2,45,7,1200,1,4,CITROEN C4,2,E01007531,0,-1
2023320416923,2023,320416923,2,9,0,18,19,4,8,0,0,8,0,0,0,0,3,1,6,6,2,52,8,1560,2,8,CITROEN C4,3,E01026110,0,-1
2023361349407,2023,361349407,2,9,0,18,19,7,3,0,0,0,0,0,1,0,1,1,5,6,2,55,8,1560,2,12,CITROEN C4,10,E01026527,0,-1
2023041343837,2023,041343837,1,9,0,18,19,7,3,0,0,0,0,0,0,0,4,1,5,6,1,36,7,1560,2,7,CITROEN C4,8,E01025040,0,-1
2023131301298,2023,131301298,1,9,0,18,19,7,3,0,0,0,0,0,0,0,1,1,6,6,3,-1,-1,1360,1,13,CITROEN C4,-1,-1,0,-1
2023101258847,2023,101258847,2,9,0,3,3,1,5,0,0,1,0,0,0,0,2,1,5,6,2,36,7,1200,1,8,CITROEN C4,2,E01008810,0,-1
2023991266315,2023,991266315,3,9,0,2,2,0,0,0,0,1,0,0,0,0,3,1,6,6,3,-1,-1,1560,2,12,CITROEN C4,-1,-1,0,-1
2023221395125,2023,221395125,2,9,0,4,4,4,8,0,0,0,0,0,0,0,2,1,2,2,2,49,8,1560,2,7,CITROEN C4,5,E01028881,0,-1
2023041393747,2023,041393747,1,9,0,18,19,1,5,0,0,0,1,0,5,7,1,1,2,2,1,38,7,1200,1,7,CITROEN C4,3,E01025399,0,-1
2023461364560,2023,461364560,1,9,0,9,9,7,5,0,0,1,0,0,0,0,0,1,2,2,1,40,7,1560,2,11,CITROEN C4,1,E01024563,0,-1
2023041349729,2023,041349729,1,9,0,18,19,1,5,0,0,1,0,4,0,0,1,1,5,6,1,91,11,1560,2,7,CITROEN C4,9,E01024992,0,-1
2023501333761,2023,501333761,1,9,0,4,4,4,8,0,0,4,0,0,0,0,1,1,5,6,1,38,7,1560,2,9,CITROEN C4,6,E01018749,0,-1
2023010459277,2023,010459277,2,9,0,18,19,3,7,0,0,8,5,4,1,0,3,1,6,6,1,35,6,1560,2,7,CITROEN C4,1,E01004301,0,-1
2023451302573,2023,451302573,2,9,0,9,9,7,5,0,0,1,0,0,0,0,1,1,6,6,1,55,8,1587,1,17,CITROEN C4,9,E01030330,0,-1
2023471343927,2023,471343927,1,9,0,18,19,3,7,0,0,0,0,0,0,0,1,1,6,6,1,56,9,-1,3,1,CITROEN C4,6,E01021097,0,-1
2023371313931,2023,371313931,2,9,0,2,2,0,0,0,0,0,0,0,0,0,1,1,6,6,3,-1,-1,1560,2,5,CITROEN C4,-1,-1,0,-1
2023451353795,2023,451353795,1,9,0,18,19,6,2,0,0,0,0,11,0,0,1,1,5,6,1,65,9,1997,2,15,CITROEN C4,6,E01030631,0,-1
2023461384211,2023,461384211,1,9,0,12,12,5,1,0,0,0,0,0,0,0,3,1,2,2,1,40,7,1560,2,7,CITROEN C4,8,E01024394,0,-1
2023622300747,2023,622300747,1,9,0,18,19,2,6,0,0,4,0,4,0,0,1,1,6,6,1,66,10,1200,1,1,CITROEN C4,9,W01000769,0,-1
2023991296726,2023,991296726,1,9,0,9,9,1,6,0,0,8,0,0,0,0,1,1,2,2,1,47,8,1560,2,10,CITROEN C4,1,-1,0,-1
2023161373254,2023,161373254,1,9,0,5,5,1,5,0,0,0,0,0,0,0,0,1,1,1,1,53,8,1560,2,9,CITROEN C4,1,E01012891,0,-1
2023361387303,2023,361387303,1,9,0,18,19,-1,-1,0,0,0,0,0,0,0,4,1,6,6,1,-1,-1,1560,2,9,CITROEN C4,-1,-1,0,-1
2023010469227,2023,010469227,1,9,0,1,1,3,7,0,0,0,5,4,0,0,2,1,6,6,1,39,7,1560,2,7,CITROEN C4,2,E01000526,0,-1
2023101390532,2023,101390532,1,9,0,18,19,1,5,0,0,0,0,0,0,0,1,2,2,2,2,29,6,-1,3,2,CITROEN C4,5,E01008431,0,-1
202360A148072,2023,60A148072,1,9,0,4,4,6,4,0,0,8,1,0,0,0,2,1,3,7,2,29,6,1560,2,12,CITROEN C4,-1,-1,0,-1