collision_index,collision_year,collision_ref_no,vehicle_reference,vehicle_type,towing_and_articulation,vehicle_manoeuvre_historic,vehicle_manoeuvre,vehicle_direction_from,vehicle_direction_to,vehicle_location_restricted_lane_historic,vehicle_location_restricted_lane,junction_location,skidding_and_overturning,hit_object_in_carriageway,vehicle_leaving_carriageway,hit_object_off_carriageway,first_point_of_impact,vehicle_left_hand_drive,journey_purpose_of_driver_historic,journey_purpose_of_driver,sex_of_driver,age_of_driver,age_band_of_driver,engine_capacity_cc,propulsion_code,age_of_vehicle,generic_make_model,driver_imd_decile,lsoa_of_driver,escooter_flag,driver_distance_banding
2023101293033,2023,101293033,1,9,0,18,19,3,7,0,0,3,0,9,0,0,1,1,6,6,2,41,7,1560,2,10,CITROEN C4,-1,-1,0,-1
2023161355131,2023,161355131,2,8,0,18,19,6,2,0,0,0,0,0,0,0,1,1,1,1,1,-1,-1,1560,2,8,CITROEN C4,-1,-1,0,-1
2023440397258,2023,440397258,3,9,0,2,2,0,0,0,0,0,0,0,0,0,1,1,6,6,1,40,7,1560,2,13,CITROEN C4,-1,-1,0,-1
2023161326039,2023,161326039,2,9,0,13,13,5,1,0,0,0,0,0,0,0,4,1,6,6,1,55,8,1997,2,12,CITROEN C4,-1,-1,0,-1
2023161266413,2023,161266413,1,9,0,18,19,4,8,0,0,0,0,0,0,0,2,1,6,6,1,58,9,1587,1,16,CITROEN C4,2,E01013128,0,-1
2023010424626,2023,010424626,1,9,0,9,9,3,1,0,0,1,0,0,0,0,4,1,6,6,3,-1,-1,1360,1,16,CITROEN C4,-1,-1,0,-1
2023052300347,2023,052300347,1,9,0,5,5,1,5,0,0,0,0,0,0,0,1,1,6,6,1,54,8,1560,2,6,CITROEN C4,2,E01032510,0,-1
2023010464912,2023,010464912,1,9,0,6,6,3,3,0,0,8,0,0,0,0,2,1,1,1,1,59,9,1560,2,7,CITROEN C4,4,E01033727,0,-1
2023340WN2022,2023,340WN2022,1,9,0,18,19,5,1,0,0,3,0,0,0,0,3,1,6,6,1,35,6,1200,1,3,CITROEN C4,1,E01015732,0,-1
2023320558780,2023,320558780,5,9,0,18,19,6,2,0,0,0,0,0,0,0,2,1,1,1,2,40,7,1560,2,12,CITROEN C4,1,E01028318,0,-1
2023552301509,2023,552301509,2,9,0,4,4,3,7,0,0,0,0,0,0,0,2,1,2,2,2,34,6,1587,1,16,CITROEN C4,6,E01015331,0,-1
2023211325944,2023,211325944,1,9,0,14,14,6,8,0,0,2,0,0,0,0,1,1,5,6,3,38,7,1560,2,13,CITROEN C4,-1,-1,0,-1
2023991324297,2023,991324297,1,9,0,18,19,2,3,0,0,1,0,0,0,0,4,1,2,2,1,63,9,1200,1,5,CITROEN C4,6,-1,0,-1
2023010451732,2023,010451732,2,9,9,99,99,9,9,99,99,9,9,99,9,99,1,9,6,6,1,-1,-1,1560,2,6,CITROEN C4,-1,-1,0,-1
2023010440186,2023,010440186,2,9,0,1,1,3,7,0,0,9,0,0,0,0,2,9,6,6,3,-1,-1,1560,2,8,CITROEN C4,-1,-1,0,-1
2023141376351,2023,141376351,2,9,0,18,19,7,3,0,0,1,1,0,0,0,1,1,1,1,1,23,5,1560,2,6,CITROEN C4,1,E01033271,0,-1
2023440347340,2023,440347340,1,9,0,1,1,8,4,0,0,1,0,0,0,0,2,1,1,1,1,47,8,1560,2,13,CITROEN C4,1,E01017167,0,-1
2023471351822,2023,471351822,2,9,0,5,5,7,3,0,0,1,0,0,0,0,1,1,5,6,1,72,10,1560,2,14,CITROEN C4,4,E01031657,0,-1
2023501295195,2023,501295195,1,9,0,18,19,1,5,0,0,0,0,0,0,0,4,1,6,6,1,49,8,1560,2,12,CITROEN C4,6,E01019893,0,-1
2023101335889,2023,101335889,1,9,0,18,19,5,1,0,0,8,0,0,0,0,1,1,5,6,1,41,7,1560,2,11,CITROEN C4,1,E01008166,0,-1
2023461369002,2023,461369002,2,9,0,3,3,5,1,0,0,0,0,0,0,0,2,1,6,6,1,22,5,1200,1,4,CITROEN C4,8,E01024434,0,-1
2023991344085,2023,991344085,3,9,0,18,19,7,3,0,0,0,0,0,0,0,4,1,2,2,1,66,10,1560,2,7,CITROEN C4,3,-1,0,-1
2023622300814,2023,622300814,1,9,0,18,19,8,4,0,0,3,0,0,0,0,1,1,6,6,1,35,6,1560,2,7,CITROEN C4,4,W01001121,0,-1
2023371341440,2023,371341440,2,9,0,18,19,8,3,0,0,1,0,0,1,11,1,1,2,2,2,37,7,1560,2,11,CITROEN C4,8,E01030122,0,-1
2023351363382,2023,351363382,2,9,0,10,10,1,3,0,0,1,0,0,0,0,1,1,3,7,2,40,7,1200,1,1,CITROEN C4,9,E01018231,0,-1
2023041355553,2023,041355553,2,9,0,18,19,2,6,0,0,0,0,0,0,0,1,1,5,6,2,28,6,1200,1,5,CITROEN C4,1,E01024865,0,-1
2023401289506,2023,401289506,1,8,0,18,19,-1,-1,0,0,4,0,0,0,0,1,1,1,1,3,-1,-1,1560,2,5,CITROEN C4,-1,-1,0,-1
2023161292255,2023,161292255,2,9,0,18,19,3,7,0,0,1,0,0,0,0,3,1,5,6,1,62,9,1560,2,10,CITROEN C4,1,E01013311,0,-1
2023052300581,2023,052300581,1,9,0,18,19,7,3,0,0,6,0,0,0,0,1,1,6,6,2,85,11,1560,2,10,CITROEN C4,9,E01006594,0,-1
2023010445237,2023,010445237,2,9,0,6,6,1,1,2,2,1,0,0,0,0,4,1,6,6,1,37,7,1560,2,13,CITROEN C4,1,E01012850,0,-1
2023440233106,2023,440233106,2,9,0,4,4,8,4,0,0,1,0,0,0,0,1,1,2,2,1,53,8,1560,2,8,CITROEN C4,3,E01023058,0,-1
2023622300618,2023,622300618,3,9,0,18,19,8,4,0,0,1,0,0,0,0,2,1,6,6,1,38,7,1560,2,12,CITROEN C4,1,W01001174,0,-1
2023101390301,2023,101390301,2,9,0,4,4,8,4,0,0,0,0,0,0,0,2,1,6,6,1,31,6,1199,1,1,CITROEN C4,2,E01008694,0,-1
2023010441055,2023,010441055,2,9,0,99,99,9,9,99,99,9,9,99,9,99,9,9,6,6,3,-1,-1,1200,1,2,CITROEN C4,-1,-1,0,-1
2023552300850,2023,552300850,1,9,0,18,19,3,7,0,0,0,0,0,0,0,1,1,2,2,1,39,7,1200,1,4,CITROEN C4,10,E01015315,0,-1
2023501288506,2023,501288506,1,9,0,18,19,1,6,0,0,0,0,0,0,0,4,1,6,6,1,38,7,1560,2,13,CITROEN C4,3,E01015166,0,-1
2023631382437,2023,631382437,2,9,0,18,19,5,3,0,0,4,0,0,0,0,4,1,2,2,2,37,7,1560,2,13,CITROEN C4,1,W01000631,0,-1
2023010440610,2023,010440610,2,9,0,99,99,9,9,99,99,9,9,99,9,99,1,9,6,6,1,21,5,1560,2,12,CITROEN C4,6,E01002332,0,-1
2023201408830,2023,201408830,1,9,0,4,4,8,4,0,0,2,0,0,0,0,2,1,2,2,2,46,8,1560,2,8,CITROEN C4,5,E01010554,0,-1
2023991287962,2023,991287962,1,9,0,18,19,5,1,0,0,0,0,0,0,0,4,1,3,7,2,36,7,1560,2,9,CITROEN C4,8,-1,0,-1
2023351452840,2023,351452840,2,9,0,2,2,5,1,0,0,0,0,0,0,0,2,1,6,6,1,31,6,1199,1,0,CITROEN C4,9,W01000482,0,-1
2023411291369,2023,411291369,1,9,-1,-1,-1,-1,-1,-1,-1,-1,-1,-1,-1,0,-1,1,6,6,1,77,11,1200,1,5,CITROEN C4,8,E01023712,0,-1
2023211276238,2023,211276238,2,9,0,16,19,2,4,0,0,1,0,0,0,0,1,1,6,6,1,24,5,1199,1,0,CITROEN C4,8,E01014314,0,-1
2023111326760,2023,111326760,2,9,0,2,2,0,0,0,0,2,0,0,0,0,4,1,6,6,3,-1,-1,1598,1,9,CITROEN C4,-1,-1,0,-1
2023531419815,2023,531419815,2,9,0,4,4,2,6,0,0,8,0,0,0,0,2,2,6,6,1,52,8,1560,2,7,CITROEN C4,10,E01022386,0,-1
2023471346231,2023,471346231,1,9,0,18,19,1,5,0,0,1,0,0,0,0,1,1,5,6,1,25,5,1997,2,15,CITROEN C4,2,E01020925,0,-1
2023161390350,2023,161390350,1,9,0,18,19,7,3,0,0,1,0,0,0,0,4,1,2,2,1,41,7,1560,2,13,CITROEN C4,5,E01012824,0,-1
2023201327745,2023,201327745,1,9,0,18,19,6,2,0,0,0,1,4,0,0,1,1,6,6,2,30,6,1200,1,4,CITROEN C4,7,E01010246,0,-1
2023471363135,2023,471363135,1,9,0,18,19,7,3,0,0,1,0,0,0,0,1,1,5,6,1,25,5,1560,2,13,CITROEN C4,8,E01031356,0,-1
2023031260958,2023,031260958,2,9,0,18,19,5,8,0,0,0,1,0,0,0,1,1,6,6,1,21,5,1598,1,10,CITROEN C4,7,E01022597,0,-1
2023041361760,2023,041361760,1,9,0,18,19,2,6,0,0,8,0,0,0,0,1,1,2,2,1,34,6,1560,2,13,CITROEN C4,3,E01025289,0,-1
2023451376138,2023,451376138,2,9,0,8,8,1,5,5,5,0,0,0,0,0,1,1,6,6,3,45,7,1560,2,7,CITROEN C4,10,E01023670,0,-1
2023031339081,2023,031339081,2,9,0,18,19,1,5,0,0,0,1,0,0,0,4,1,1,1,1,75,10,1560,2,5,CITROEN C4,2,E01025173,0,-1
2023631351913,2023,631351913,2,9,0,2,2,1,5,6,6,0,0,0,0,0,3,1,6,6,2,62,9,1499,2,3,CITROEN C4,4,W01000688,0,-1
2023461373580,2023,461373580,2,9,0,10,10,6,4,0,0,1,0,0,0,0,0,1,5,6,2,59,9,1560,2,8,CITROEN C4,5,E01016029,0,-1
2023161279448,2023,161279448,2,8,0,18,19,3,7,0,0,8,0,0,0,0,3,1,1,1,1,47,8,1560,2,8,CITROEN C4,-1,-1,0,-1
2023161326547,2023,161326547,1,8,0,9,9,7,5,0,0,5,0,0,0,0,4,1,1,1,1,69,10,1560,2,9,CITROEN C4,3,E01012860,0,-1
2023141365394,2023,141365394,2,9,0,18,19,6,3,0,0,8,0,0,0,0,1,2,6,6,1,-1,-1,1560,2,9,CITROEN C4,-1,-1,0,-1
2023631392251,2023,631392251,1,9,0,17,19,5,1,0,0,0,1,0,0,0,1,1,5,6,1,43,7,1560,2,7,CITROEN C4,7,E01010684,0,-1
2023061348149,2023,061348149,2,9,0,9,9,1,7,0,0,1,0,0,0,0,4,1,5,6,2,29,6,1997,2,16,CITROEN C4,3,E01012615,0,-1
2023101329276,2023,101329276,1,9,0,18,19,3,5,0,0,6,0,0,0,0,4,1,5,6,1,62,9,1560,2,9,CITROEN C4,4,E01008875,0,-1
2023031314509,2023,031314509,2,9,0,17,19,7,3,0,0,0,0,0,0,0,1,1,5,6,2,33,6,1200,1,4,CITROEN C4,-1,-1,0,-1
2023461386393,2023,461386393,1,9,0,18,19,7,3,0,0,1,0,0,0,0,1,1,2,2,1,43,7,1500,2,4,CITROEN C4,7,E01024630,0,-1
2023991351343,2023,991351343,2,9,0,16,19,1,5,0,0,6,0,0,0,0,3,1,5,6,1,41,7,1499,2,5,CITROEN C4,5,-1,0,-1
2023010440069,2023,010440069,1,8,0,99,99,9,9,0,0,9,9,99,9,99,9,9,1,1,1,45,7,1997,2,4,CITROEN C4,1,E01004298,0,-1
2023332300901,2023,332300901,1,9,0,9,9,3,1,0,0,5,0,0,0,0,4,1,6,6,1,65,9,1560,2,14,CITROEN C4,8,E01025743,0,-1
2023401318512,2023,401318512,1,9,0,18,19,3,7,0,0,3,0,0,0,0,1,1,1,1,1,60,9,1997,2,8,CITROEN C4,5,E01015700,0,-1
2023061320305,2023,061320305,1,9,0,18,19,5,1,0,0,2,0,0,0,0,1,1,5,6,1,49,8,1200,1,8,CITROEN C4,6,E01005420,0,-1
2023122300719,2023,122300719,1,9,0,18,19,3,7,0,0,4,0,0,0,0,1,1,6,6,2,65,9,1560,2,10,CITROEN C4,5,E01010849,0,-1
2023401399431,2023,401399431,2,9,0,9,9,3,5,0,0,6,0,0,0,0,1,1,5,6,1,46,8,1560,2,12,CITROEN C4,4,E01015712,0,-1
2023010477687,2023,010477687,2,9,0,4,4,7,3,0,0,0,0,0,0,0,1,1,6,6,1,42,7,1798,1,15,CITROEN C4,3,E01002407,0,-1
2023361304122,2023,361304122,1,9,0,18,19,2,6,0,0,0,1,11,7,7,1,1,5,6,2,67,10,1560,2,12,CITROEN C4,6,E01021087,0,-1
2023471293045,2023,471293045,1,9,0,9,9,8,5,0,0,6,0,0,0,0,3,1,5,6,1,60,9,1798,1,15,CITROEN C4,5,E01031442,0,-1
2023201277437,2023,201277437,2,9,0,18,19,2,6,0,0,8,0,10,1,10,3,1,6,6,1,26,6,1997,2,16,CITROEN C4,1,E01009103,0,-1
2023101279496,2023,101279496,1,9,0,2,2,1,1,9,9,2,0,0,0,0,2,1,6,6,1,66,10,1200,1,2,CITROEN C4,2,E01008755,0,-1
2023161303323,2023,161303323,2,9,0,4,4,3,7,0,0,0,0,0,0,0,2,1,5,6,1,29,6,1587,1,17,CITROEN C4,7,E01013018,0,-1
2023451377567,2023,451377567,2,9,0,9,9,4,5,0,0,1,0,0,0,0,9,1,6,6,1,46,8,1598,1,12,CITROEN C4,3,E01030400,0,-1
2023141356051,2023,141356051,1,9,0,15,15,7,3,0,0,0,0,0,0,0,1,1,5,6,2,40,7,1560,2,10,CITROEN C4,5,E01007828,0,-1
2023010455247,2023,010455247,1,9,0,99,99,9,9,99,99,0,9,99,9,99,2,9,6,6,3,-1,-1,1560,2,5,CITROEN C4,5,E01000489,0,-1
2023161379198,2023,161379198,2,9,0,14,14,0,0,0,0,0,1,4,0,0,3,1,6,6,3,-1,-1,1560,2,6,CITROEN C4,-1,-1,0,-1
2023010477269,2023,010477269,1,9,0,18,19,3,7,0,0,2,0,7,0,0,2,1,6,6,1,60,9,1560,2,8,CITROEN C4,2,E01003987,0,-1
2023451358283,2023,451358283,2,9,0,18,19,5,1,0,0,1,0,0,0,0,3,1,5,6,2,26,6,1598,1,10,CITROEN C4,8,E01030534,0,-1
2023070614161,2023,070614161,1,9,0,5,5,6,2,0,0,2,0,0,0,0,1,2,6,6,1,24,5,1560,2,10,CITROEN C4,6,E01018704,0,-1
2023211437686,2023,211437686,1,9,0,18,19,5,1,0,0,0,0,0,0,0,2,1,5,6,2,24,5,1560,2,8,CITROEN C4,9,E01029619,0,-1
2023451311090,2023,451311090,1,9,0,4,4,1,3,0,0,0,0,0,0,0,0,1,5,6,2,32,6,1200,1,5,CITROEN C4,6,E01032807,0,-1
2023070673615,2023,070673615,2,9,0,4,4,1,5,0,0,1,0,0,0,0,2,1,6,6,1,57,9,1560,2,9,CITROEN C4,1,E01006432,0,-1
2023991355783,2023,991355783,1,9,0,16,19,3,6,0,0,0,1,0,7,4,1,1,5,6,2,39,7,1200,1,2,CITROEN C4,-1,-1,0,-1
2023552300168,2023,552300168,3,9,0,10,10,8,6,0,0,8,0,0,0,0,2,1,3,7,2,60,9,-1,3,1,CITROEN C4,5,E01020444,0,-1
2023622300584,2023,622300584,2,9,0,2,2,0,0,0,0,1,0,0,0,0,2,1,6,6,3,-1,-1,1560,2,8,CITROEN C4,-1,-1,0,-1
2023320204072,2023,320204072,1,9,0,7,7,1,3,0,0,8,0,0,0,0,1,1,6,6,1,32,6,1560,2,16,CITROEN C4,7,E01026137,0,-1
2023111362578,2023,111362578,2,9,0,18,19,5,1,0,0,0,0,0,0,0,3,1,2,2,1,36,7,1200,1,4,CITROEN C4,8,E01012316,0,-1
2023552300564,2023,552300564,3,9,0,2,2,0,0,0,0,1,0,0,0,0,3,1,6,6,1,21,5,1560,2,12,CITROEN C4,5,E01020589,0,-1
2023610012123,2023,610012123,2,9,0,11,11,3,6,0,0,5,0,0,0,0,1,1,6,6,2,65,9,1560,2,6,CITROEN C4,6,W01001680,0,-1
2023010422702,2023,010422702,2,9,0,99,99,9,9,99,99,9,9,99,9,99,1,9,6,6,3,-1,-1,-1,3,1,CITROEN C4,4,E01000616,0,-1
2023371381003,2023,371381003,2,9,0,2,2,0,0,0,0,2,0,0,0,0,3,1,6,6,2,30,6,1798,1,16,CITROEN C4,3,E01030163,0,-1
2023451321774,2023,451321774,2,9,0,2,2,0,0,9,9,1,0,0,0,0,2,1,6,6,3,-1,-1,1560,2,7,CITROEN C4,-1,-1,0,-1
202360A146990,2023,60A146990,1,9,0,9,9,2,4,0,0,1,0,0,0,0,1,1,6,6,1,65,9,1199,1,1,CITROEN C4,-1,-1,0,-1
2023440109800,2023,440109800,2,9,0,3,3,1,5,0,0,8,0,0,0,0,1,1,6,6,2,42,7,1560,2,9,CITROEN C4,5,E01022542,0,-1
2023361373535,2023,361373535,2,9,-1,18,19,-1,-1,0,0,1,1,0,0,0,3,1,2,2,1,30,6,1997,2,14,CITROEN C4,5,E01026525,0,-1
2023041313559,2023,041313559,1,9,0,18,19,7,3,0,0,0,0,0,0,0,1,1,6,6,2,24,5,1200,1,4,CITROEN C4,2,E01024951,0,-1
2023201398478,2023,201398478,1,9,0,18,19,8,4,0,0,0,0,0,0,0,1,1,1,1,1,38,7,1560,2,9,CITROEN C4,1,E01009051,0,-1
2023440441227,2023,440441227,2,9,0,18,19,5,1,0,0,1,0,0,0,0,1,1,6,6,1,-1,-1,1560,2,5,CITROEN C4,-1,-1,0,-1
2023622300712,2023,622300712,2,9,0,18,19,4,8,0,0,0,0,0,0,0,1,1,6,6,1,32,6,-1,3,1,CITROEN C4,-1,-1,0,-1
2023031294468,2023,031294468,2,9,0,9,9,8,7,0,0,1,0,0,0,0,4,1,6,6,1,52,8,1560,2,6,CITROEN C4,4,E01019274,0,-1
2023320118178,2023,320118178,1,9,0,9,9,4,2,0,0,6,0,0,0,0,3,1,6,6,2,47,8,1560,2,14,CITROEN C4,2,E01026382,0,-1
2023061292511,2023,061292511,1,9,0,18,19,8,4,0,0,1,0,0,0,0,4,1,6,6,1,39,7,1587,1,15,CITROEN C4,9,E01005419,0,-1
2023421382002,2023,421382002,2,9,0,18,19,1,5,0,0,0,0,0,1,0,1,1,5,6,2,40,7,1560,2,8,CITROEN C4,4,E01021360,0,-1
2023991290113,2023,991290113,2,9,0,9,9,3,1,0,0,1,1,4,0,0,1,1,5,6,2,26,6,1200,1,8,CITROEN C4,1,-1,0,-1
2023361387782,2023,361387782,4,9,0,3,3,4,7,0,0,2,0,0,0,0,2,1,5,6,1,78,11,1560,2,9,CITROEN C4,2,E01009161,0,-1
2023131277297,2023,131277297,1,9,0,15,15,2,6,0,0,8,0,0,0,0,-1,1,6,6,3,-1,-1,1997,2,10,CITROEN C4,-1,-1,0,-1
2023122400019,2023,122400019,1,9,0,18,19,5,1,0,0,1,0,0,0,0,1,1,6,6,1,70,10,1360,1,14,CITROEN C4,5,E01027711,0,-1
2023201402876,2023,201402876,1,9,0,9,9,7,4,0,0,6,0,0,0,0,3,1,1,1,2,32,6,1560,2,16,CITROEN C4,2,E01009414,0,-1
2023201335601,2023,201335601,1,9,0,5,5,1,4,0,0,4,0,0,0,0,3,1,6,6,2,44,7,1199,1,1,CITROEN C4,8,E01009454,0,-1
2023311266123,2023,311266123,1,9,0,14,14,4,8,0,0,1,0,0,0,0,1,1,6,6,2,32,6,1560,2,9,CITROEN C4,-1,-1,0,-1
2023010471648,2023,010471648,1,9,0,18,19,1,5,0,0,3,0,0,0,0,1,1,6,6,1,32,6,1200,1,6,CITROEN C4,7,E01000668,0,-1
2023201266898,2023,201266898,1,9,0,4,4,8,4,0,0,0,0,0,0,0,1,1,6,6,1,54,8,1200,1,4,CITROEN C4,-1,-1,0,-1
2023161355322,2023,161355322,2,9,0,18,19,5,1,0,0,2,0,0,0,0,4,1,5,6,2,65,9,1200,1,4,CITROEN C4,3,E01012936,0,-1
2023201319266,2023,201319266,3,9,0,2,2,0,0,9,9,0,1,0,0,0,2,1,6,6,1,43,7,1587,1,15,CITROEN C4,4,E01009224,0,-1
2023010471825,2023,010471825,2,9,0,99,99,9,9,99,99,9,9,99,9,99,1,9,6,6,3,-1,-1,1560,2,7,CITROEN C4,-1,-1,0,-1
2023471346878,2023,471346878,1,9,0,18,19,1,5,0,0,1,0,4,0,0,4,1,6,6,2,76,11,1560,2,7,CITROEN C4,4,E01021138,0,-1
2023411359307,2023,411359307,2,9,0,18,19,3,7,0,0,1,0,0,0,0,1,1,6,6,2,52,8,1560,2,8,CITROEN C4,4,E01021863,0,-1
2023991309802,2023,991309802,1,9,0,18,19,3,7,0,0,1,0,0,0,0,1,1,2,2,1,34,6,1560,2,8,CITROEN C4,7,-1,0,-1
2023071265175,2023,071265175,3,9,0,18,19,3,7,0,0,0,0,0,0,0,1,1,6,6,2,43,7,1997,2,15,CITROEN C4,1,E01006863,0,-1
2023440018570,2023,440018570,1,9,0,5,5,5,1,0,0,0,0,0,0,0,1,1,6,6,3,-1,-1,1560,2,13,CITROEN C4,-1,-1,0,-1
2023548440323,2023,548440323,1,9,0,9,9,1,8,0,0,1,0,0,0,0,1,1,6,6,1,21,5,1560,2,6,CITROEN C4,6,E01031996,0,-1
2023552301034,2023,552301034,2,9,0,9,9,2,8,0,0,5,0,0,0,0,2,1,6,6,2,51,8,1997,2,15,CITROEN C4,4,E01020585,0,-1
2023461352338,2023,461352338,2,9,0,18,19,7,3,0,0,1,0,0,0,0,2,1,6,6,2,33,6,1560,2,8,CITROEN C4,7,E01024592,0,-1
2023010435261,2023,010435261,2,9,0,18,19,7,3,0,0,1,0,0,1,0,1,1,3,7,2,37,7,1997,2,6,CITROEN C4,6,E01000110,0,-1
2023430085597,2023,430085597,1,9,0,3,3,6,2,0,0,1,0,0,0,0,2,1,6,6,2,58,9,1560,2,13,CITROEN C4,9,E01016384,0,-1
2023122300166,2023,122300166,2,9,0,18,19,5,1,0,0,0,0,0,0,0,0,1,1,1,1,34,6,1598,1,14,CITROEN C4,4,E01012929,0,-1
2023052400011,2023,052400011,1,9,0,18,19,3,7,0,0,0,0,0,0,0,1,1,6,6,1,76,11,1560,2,15,CITROEN C4,4,E01006620,0,-1
2023041335467,2023,041335467,3,9,0,18,19,5,1,0,0,0,1,0,0,0,4,1,5,6,2,54,8,1560,2,9,CITROEN C4,5,E01019273,0,-1
2023471309017,2023,471309017,2,9,0,10,10,8,6,0,0,0,0,0,0,0,2,1,5,6,1,39,7,1560,2,13,CITROEN C4,4,E01031443,0,-1
2023161357417,2023,161357417,1,9,0,18,19,5,1,0,0,8,0,0,0,0,1,1,5,6,2,35,6,1200,1,4,CITROEN C4,1,E01013330,0,-1
2023501332521,2023,501332521,1,9,0,5,5,1,5,0,0,4,0,0,0,0,2,1,6,6,1,79,11,1560,2,13,CITROEN C4,2,E01018860,0,-1
2023131385731,2023,131385731,2,9,0,18,19,3,7,0,0,0,0,0,0,0,2,1,6,6,2,34,6,1199,1,0,CITROEN C4,3,E01011488,0,-1
2023501278792,2023,501278792,1,9,0,18,19,1,5,0,0,0,0,0,0,0,1,1,6,6,1,59,9,1560,2,9,CITROEN C4,1,E01015078,0,-1
2023141363026,2023,141363026,2,9,0,11,11,2,1,0,0,1,0,0,0,0,1,1,6,6,1,82,11,1200,1,1,CITROEN C4,1,E01007474,0,-1
2023320613848,2023,320613848,1,9,0,18,19,8,4,0,0,8,1,0,1,4,1,1,6,6,1,79,11,1200,1,4,CITROEN C4,6,E01031178,0,-1
2023141331016,2023,141331016,1,9,0,4,4,2,5,0,0,4,0,0,0,0,2,1,5,6,1,49,8,1560,2,10,CITROEN C4,4,E01008031,0,-1
2023111352439,2023,111352439,2,9,0,8,8,2,6,0,0,1,0,0,0,0,2,1,6,6,2,44,7,1200,1,6,CITROEN C4,3,E01020768,0,-1
2023161352854,2023,161352854,1,9,0,11,11,7,3,0,0,0,0,0,0,0,1,1,5,6,2,65,9,1360,1,16,CITROEN C4,10,E01013440,0,-1
2023131350680,2023,131350680,4,9,0,9,9,5,3,0,0,0,0,0,0,0,0,1,6,6,2,30,6,1560,2,10,CITROEN C4,2,E01011281,0,-1
2023041330327,2023,041330327,4,9,0,2,2,0,0,0,0,2,0,4,0,0,2,1,6,6,3,-1,-1,1560,2,13,CITROEN C4,-1,-1,0,-1
2023361263141,2023,361263141,1,9,0,18,19,2,6,0,0,0,0,0,0,0,3,1,5,6,1,37,7,1997,2,14,CITROEN C4,3,E01026740,0,-1
2023010430857,2023,010430857,1,9,9,6,6,3,3,99,99,9,9,99,9,99,9,1,6,6,1,48,8,-1,3,1,CITROEN C4,8,E01000393,0,-1
2023371261581,2023,371261581,1,9,0,18,19,4,8,0,0,0,1,0,1,7,1,1,2,2,2,39,7,1560,2,10,CITROEN C4,8,E01030047,0,-1
2023421350938,2023,421350938,2,9,0,15,15,7,3,0,0,2,0,0,0,0,3,1,5,6,1,26,6,1560,2,8,CITROEN C4,9,E01021923,0,-1
2023471366196,2023,471366196,1,9,0,18,19,5,1,0,0,0,0,0,0,0,1,1,5,6,2,59,9,1560,2,13,CITROEN C4,3,E01031548,0,-1
2023501378444,2023,501378444,2,9,0,18,19,3,7,0,0,0,0,0,0,0,1,1,1,1,1,29,6,1560,2,8,CITROEN C4,2,E01018928,0,-1
2023010430279,2023,010430279,2,9,0,99,99,9,9,99,99,9,9,99,9,99,9,9,6,6,3,-1,-1,1587,1,16,CITROEN C4,-1,-1,0,-1
2023361263150,2023,361263150,1,9,0,9,9,1,6,0,0,8,0,0,0,0,1,1,5,6,2,50,8,1200,1,6,CITROEN C4,10,E01026927,0,-1
2023622300974,2023,622300974,1,9,0,17,19,7,4,0,0,0,0,7,0,0,1,1,6,6,2,35,6,1560,2,12,CITROEN C4,3,W01001321,0,-1
2023010426611,2023,010426611,1,9,9,10,10,5,3,0,0,6,0,4,0,0,4,9,6,6,3,-1,-1,1560,2,11,CITROEN C4,-1,-1,0,-1
2023131295212,2023,131295212,1,9,0,18,19,3,7,0,0,8,0,0,0,0,1,1,6,6,1,35,6,1560,2,11,CITROEN C4,4,E01010984,0,-1
2023010423713,2023,010423713,1,9,0,5,5,1,5,0,0,1,0,0,0,0,4,1,6,6,1,54,8,1598,1,14,CITROEN C4,5,E01004461,0,-1
2023041334454,2023,041334454,1,9,0,9,9,4,2,0,0,6,0,0,0,0,1,1,6,6,3,-1,-1,1560,2,11,CITROEN C4,-1,-1,0,-1
2023421356036,2023,421356036,2,9,0,9,9,1,7,0,0,1,0,0,0,0,0,1,6,6,1,75,10,1200,1,5,CITROEN C4,10,E01021693,0,-1
2023543523123,2023,543523123,1,9,0,18,19,2,6,0,0,0,0,0,0,0,1,1,6,6,1,18,4,1560,2,11,CITROEN C4,5,E01022480,0,-1
2023351363924,2023,351363924,2,9,0,4,4,-1,-1,0,0,8,0,0,0,0,2,1,2,2,1,32,6,-1,3,0,CITROEN C4,6,E01026239,0,-1
2023061388790,2023,061388790,3,9,0,18,19,1,5,0,0,0,0,0,0,0,1,1,6,6,2,46,8,1499,2,4,CITROEN C4,-1,-1,0,-1
2023311372910,2023,311372910,2,9,0,3,3,1,6,0,0,1,0,0,0,0,1,2,2,2,2,31,6,1587,1,18,CITROEN C4,2,E01028274,0,-1
2023221331301,2023,221331301,2,9,0,18,19,1,5,0,0,8,5,0,0,0,1,1,5,6,2,37,7,1560,2,7,CITROEN C4,7,E01032130,0,-1