collision_index,collision_year,collision_ref_no,vehicle_reference,vehicle_type,towing_and_articulation,vehicle_manoeuvre_historic,vehicle_manoeuvre,vehicle_direction_from,vehicle_direction_to,vehicle_location_restricted_lane_historic,vehicle_location_restricted_lane,junction_location,skidding_and_overturning,hit_object_in_carriageway,vehicle_leaving_carriageway,hit_object_off_carriageway,first_point_of_impact,vehicle_left_hand_drive,journey_purpose_of_driver_historic,journey_purpose_of_driver,sex_of_driver,age_of_driver,age_band_of_driver,engine_capacity_cc,propulsion_code,age_of_vehicle,generic_make_model,driver_imd_decile,lsoa_of_driver,escooter_flag,driver_distance_banding
2023071025610,2023,071025610,1,9,0,18,19,5,1,0,0,0,0,0,0,0,1,1,6,6,1,-1,-1,-1,3,1,-1,9,E01007081,0,-1
2023010461038,2023,010461038,1,3,0,99,99,9,9,99,99,9,9,99,9,99,9,1,6,6,1,44,7,125,1,5,HONDA SH 125,1,E01032575,0,-1
2023010452545,2023,010452545,1,3,0,99,99,9,9,99,99,9,9,99,9,99,2,1,6,6,3,26,6,125,1,3,HONDA SH 125,2,E01001246,0,-1
2023010444069,2023,010444069,2,3,0,13,13,3,7,0,0,1,5,0,0,0,1,1,6,6,2,48,8,125,1,0,HONDA SH 125,6,E01003394,0,-1
2023010478798,2023,010478798,1,3,0,99,99,9,9,99,99,9,9,99,9,99,9,1,6,6,1,27,6,125,1,0,HONDA SH 125,3,E01024480,0,-1
2023010472700,2023,010472700,1,3,9,99,99,9,9,99,99,9,9,99,9,99,1,1,1,1,1,30,6,125,1,7,HONDA SH 125,5,E01003787,0,-1
2023010468740,2023,010468740,2,4,0,9,9,5,3,0,0,1,0,0,0,0,1,1,6,6,1,28,6,125,1,6,HONDA SH 125,6,E01003152,0,-1
2023010452763,2023,010452763,1,3,0,99,99,9,9,99,99,9,9,99,9,99,9,1,6,6,1,29,6,125,1,2,HONDA SH 125,3,E01002043,0,-1
2023010480460,2023,010480460,1,3,0,99,99,9,9,99,99,9,9,99,9,99,9,1,2,2,3,25,5,125,1,0,HONDA SH 125,6,E01003386,0,-1
2023332300576,2023,332300576,2,3,0,18,19,6,2,0,0,0,0,0,0,0,1,1,2,2,1,-1,-1,125,1,4,HONDA SH 125,5,E01013689,0,-1
2023010481261,2023,010481261,1,3,0,99,99,9,9,99,99,9,9,99,9,99,9,1,1,1,1,32,6,125,1,1,HONDA SH 125,5,E01000779,0,-1
2023010473556,2023,010473556,1,3,0,99,99,9,9,99,99,9,9,99,9,99,1,1,2,2,1,23,5,125,1,0,HONDA SH 125,2,E01000223,0,-1
2023010468804,2023,010468804,1,3,0,99,99,9,9,99,99,9,9,99,9,99,1,1,1,1,1,18,4,125,1,0,HONDA SH 125,8,E01003426,0,-1
2023351381230,2023,351381230,1,3,0,18,19,5,1,0,0,0,0,0,0,0,1,1,2,2,2,33,6,125,1,8,HONDA SH 125,3,E01017952,0,-1
2023010453797,2023,010453797,1,3,0,99,99,9,9,99,99,9,9,99,9,99,1,1,1,1,1,24,5,125,1,3,HONDA SH 125,3,E01000637,0,-1
2023010421709,2023,010421709,1,3,0,99,99,9,9,99,99,9,9,99,9,99,2,1,6,6,1,23,5,125,1,2,HONDA SH 125,5,E01003140,0,-1
2023010464961,2023,010464961,3,3,0,18,19,1,5,0,0,2,0,0,1,0,0,1,6,6,3,-1,-1,125,1,5,HONDA SH 125,-1,-1,0,-1
2023010462346,2023,010462346,1,3,0,99,99,9,9,99,99,0,9,99,9,99,9,1,6,6,3,27,6,125,1,5,HONDA SH 125,3,E01004037,0,-1
2023010430365,2023,010430365,1,3,0,99,99,9,9,99,99,9,9,99,9,99,1,1,6,6,1,26,6,125,1,3,HONDA SH 125,5,E01003414,0,-1
2023010482053,2023,010482053,1,3,0,99,99,9,9,99,99,9,9,99,9,99,1,1,1,1,2,25,5,125,1,1,HONDA SH 125,7,E01003395,0,-1
2023010468941,2023,010468941,1,3,0,99,99,9,9,99,99,9,9,99,9,99,9,1,2,2,1,38,7,125,1,1,HONDA SH 125,3,E01003615,0,-1
2023010455496,2023,010455496,1,3,0,14,14,5,1,0,0,8,0,10,0,0,1,1,6,6,1,42,7,125,1,3,HONDA SH 125,2,E01003190,0,-1
2023010480244,2023,010480244,2,3,0,18,19,5,1,0,0,1,0,0,0,0,4,1,6,6,1,23,5,125,1,3,HONDA SH 125,3,E01001886,0,-1
2023010460854,2023,010460854,1,3,0,99,99,9,9,99,99,9,9,99,9,99,1,1,6,6,1,36,7,125,1,1,HONDA SH 125,2,E01033726,0,-1
2023010480636,2023,010480636,1,3,0,99,99,9,9,99,99,9,9,99,9,99,9,1,6,6,1,25,5,125,1,6,HONDA SH 125,3,E01000553,0,-1
2023010441696,2023,010441696,1,3,0,3,3,1,5,0,0,1,0,0,0,0,2,1,2,2,1,34,6,125,1,2,HONDA SH 125,5,E01003681,0,-1
2023010431029,2023,010431029,1,3,0,99,99,9,9,99,99,9,9,99,9,99,1,1,6,6,1,41,7,125,1,5,HONDA SH 125,3,E01032574,0,-1
2023010475085,2023,010475085,2,3,0,18,19,3,7,0,0,8,0,0,0,0,2,1,6,6,1,31,6,125,1,3,HONDA SH 125,3,E01003141,0,-1
2023010458102,2023,010458102,2,2,0,15,15,5,1,0,0,2,0,0,7,0,1,1,1,1,1,25,5,125,1,7,HONDA SH 125,7,E01001950,0,-1
2023010445445,2023,010445445,1,3,0,99,99,9,9,99,99,9,9,99,9,99,1,1,2,2,1,22,5,125,1,0,HONDA SH 125,5,E01003413,0,-1
2023010440470,2023,010440470,1,3,0,99,99,9,9,99,99,9,9,99,9,99,1,1,6,6,1,21,5,125,1,3,HONDA SH 125,3,E01002043,0,-1
2023010451360,2023,010451360,2,3,0,18,19,4,8,0,0,0,0,0,0,0,2,1,6,6,1,35,6,125,1,10,HONDA SH 125,3,E01003992,0,-1
2023010433958,2023,010433958,1,3,0,99,99,9,9,99,99,0,9,99,9,99,9,1,6,6,1,38,7,125,1,2,HONDA SH 125,4,E01001097,0,-1
2023010423449,2023,010423449,2,2,0,5,5,7,3,0,0,1,0,0,0,0,1,1,6,6,1,30,6,125,1,1,HONDA SH 125,8,E01000671,0,-1
2023010433849,2023,010433849,2,3,0,15,15,5,1,0,0,2,0,0,0,0,1,1,6,6,1,53,8,125,1,6,HONDA SH 125,7,E01001346,0,-1
2023010468379,2023,010468379,1,3,0,99,99,9,9,99,99,9,9,99,9,99,9,1,6,6,1,32,6,125,1,5,HONDA SH 125,8,E01000320,0,-1
2023010428819,2023,010428819,1,3,0,14,14,5,1,1,1,1,0,0,0,0,1,1,1,1,1,24,5,125,1,3,HONDA SH 125,3,E01000506,0,-1
2023010431894,2023,010431894,1,3,0,14,14,1,5,0,0,1,9,8,0,0,1,1,6,6,1,43,7,125,1,0,HONDA SH 125,3,E01003387,0,-1
2023010485007,2023,010485007,2,3,0,13,13,7,3,0,0,1,0,0,0,0,1,1,1,1,1,29,6,125,1,0,HONDA SH 125,1,E01002067,0,-1
2023010454033,2023,010454033,2,3,0,3,3,5,1,0,0,1,0,0,0,0,2,1,6,6,1,34,6,125,1,5,HONDA SH 125,7,E01000309,0,-1
2023010475650,2023,010475650,1,3,0,99,99,9,9,99,99,9,9,99,9,99,9,1,1,1,1,28,6,125,1,2,HONDA SH 125,2,E01003229,0,-1
2023552301512,2023,552301512,1,2,0,18,19,8,4,0,0,4,0,0,0,0,1,1,1,1,2,33,6,125,1,8,HONDA SH 125,5,E01015345,0,-1
2023010462541,2023,010462541,2,3,0,18,19,7,3,0,0,8,0,0,0,0,1,1,6,6,1,22,5,125,1,3,HONDA SH 125,4,E01001376,0,-1
2023010459877,2023,010459877,2,4,0,15,15,1,5,0,0,1,0,0,0,0,1,1,1,1,1,41,7,125,1,1,HONDA SH 125,6,E01001288,0,-1
2023010458471,2023,010458471,1,3,0,99,99,9,9,99,99,9,9,99,9,99,9,1,6,6,1,20,4,125,1,1,HONDA SH 125,6,E01003416,0,-1
2023471293011,2023,471293011,1,3,0,18,19,1,5,0,0,2,0,0,0,0,0,1,1,1,1,46,8,125,1,8,HONDA SH 125,8,E01016875,0,-1
2023010447507,2023,010447507,1,3,0,99,99,9,9,99,99,9,9,99,9,99,1,1,6,6,1,28,6,125,1,3,HONDA SH 125,8,E01001544,0,-1
2023010462035,2023,010462035,1,3,0,99,99,9,9,99,99,9,9,99,9,99,1,1,6,6,1,29,6,125,1,6,HONDA SH 125,2,E01003183,0,-1
2023010475943,2023,010475943,2,3,0,9,9,7,5,0,0,6,0,0,0,0,3,1,6,6,1,38,7,125,1,2,HONDA SH 125,-1,-1,0,-1
2023010429863,2023,010429863,1,3,0,99,99,9,9,99,99,9,9,99,9,99,2,1,6,6,1,30,6,125,1,1,HONDA SH 125,2,E01033085,0,-1
2023010433978,2023,010433978,1,3,0,3,3,4,8,0,0,2,0,0,0,0,1,1,1,1,1,41,7,125,1,11,HONDA SH 125,3,E01002079,0,-1
2023461327675,2023,461327675,1,3,0,16,19,4,7,0,0,0,1,1,0,0,4,1,6,6,1,31,6,125,1,1,HONDA SH 125,5,E01024478,0,-1
2023010452411,2023,010452411,1,3,0,99,99,9,9,99,99,9,9,99,9,99,1,1,6,6,1,37,7,125,1,0,HONDA SH 125,2,E01003124,0,-1
2023010427658,2023,010427658,1,3,0,99,99,9,9,99,99,9,9,99,9,99,1,1,6,6,1,29,6,125,1,5,HONDA SH 125,5,E01002221,0,-1
2023010444049,2023,010444049,1,3,0,99,99,9,9,99,99,9,9,99,9,99,1,1,6,6,1,33,6,125,1,2,HONDA SH 125,7,E01016470,0,-1
2023451360273,2023,451360273,3,3,0,3,3,3,7,0,0,1,0,0,0,0,2,1,2,2,1,52,8,125,1,1,HONDA SH 125,6,E01030751,0,-1
2023010448440,2023,010448440,1,3,0,3,3,7,3,0,0,1,0,0,0,0,1,1,1,1,1,44,7,125,1,0,HONDA SH 125,2,E01003297,0,-1
2023010461944,2023,010461944,1,4,0,18,19,1,5,0,0,0,0,0,0,0,1,1,2,2,1,24,5,125,1,2,HONDA SH 125,2,E01015807,0,-1
2023471282714,2023,471282714,1,3,0,3,3,1,5,0,0,0,0,0,0,0,2,1,6,6,1,55,8,125,1,1,HONDA SH 125,5,E01016876,0,-1
2023010463746,2023,010463746,1,3,0,18,19,7,3,0,0,8,0,0,0,0,3,1,6,6,1,23,5,125,1,1,HONDA SH 125,1,E01002040,0,-1
2023010456244,2023,010456244,1,3,0,99,99,9,9,99,99,0,9,99,9,99,1,1,6,6,1,29,6,125,1,1,HONDA SH 125,2,E01003604,0,-1
2023010431983,2023,010431983,2,4,0,4,4,7,3,0,0,1,0,0,0,0,2,1,6,6,1,22,5,125,1,6,HONDA SH 125,4,E01003561,0,-1
2023010441860,2023,010441860,2,3,0,18,19,5,1,2,2,1,0,0,0,0,1,1,1,1,1,19,4,125,1,2,HONDA SH 125,3,E01004528,0,-1
2023010479502,2023,010479502,1,3,0,18,19,7,3,0,0,8,0,0,0,0,1,1,6,6,1,45,7,125,1,2,HONDA SH 125,4,E01000171,0,-1
2023010432226,2023,010432226,1,3,0,99,99,9,9,99,99,9,9,99,9,99,1,1,1,1,1,47,8,125,1,1,HONDA SH 125,4,E01002672,0,-1
2023010477703,2023,010477703,1,3,0,99,99,9,9,99,99,1,9,99,9,99,9,1,1,1,3,40,7,125,1,0,HONDA SH 125,4,E01003937,0,-1
2023010458616,2023,010458616,1,3,0,99,99,9,9,99,99,9,9,99,9,99,1,1,6,6,1,27,6,125,1,2,HONDA SH 125,5,E01000505,0,-1
2023010450767,2023,010450767,2,3,0,99,99,9,9,99,99,0,9,99,9,99,1,9,6,6,3,-1,-1,125,1,6,HONDA SH 125,-1,-1,0,-1
2023010424761,2023,010424761,1,3,0,99,99,9,9,99,99,9,9,99,9,99,9,1,6,6,1,28,6,125,1,3,HONDA SH 125,3,E01001177,0,-1
2023041288337,2023,041288337,2,3,0,14,14,7,3,0,0,4,0,0,0,0,1,1,1,1,1,58,9,125,1,1,HONDA SH 125,1,E01025575,0,-1
2023010452154,2023,010452154,1,3,5,18,19,1,5,0,0,0,0,0,0,0,1,1,6,6,1,36,7,125,1,0,HONDA SH 125,3,E01001466,0,-1
2023010441044,2023,010441044,1,3,0,99,99,9,9,99,99,9,9,99,9,99,9,1,6,6,1,22,5,125,1,3,HONDA SH 125,4,E01004416,0,-1
2023010467626,2023,010467626,1,3,9,99,99,9,9,99,99,9,9,99,9,99,1,1,6,6,1,41,7,125,1,2,HONDA SH 125,1,E01000744,0,-1
2023010477240,2023,010477240,2,4,0,13,13,5,1,0,0,0,0,0,0,0,4,1,1,1,1,35,6,125,1,2,HONDA SH 125,10,E01030395,0,-1
2023061288870,2023,061288870,2,3,0,18,19,1,5,0,0,0,0,0,0,0,2,1,5,6,1,26,6,125,1,5,HONDA SH 125,2,E01005471,0,-1
2023010448263,2023,010448263,2,3,0,18,19,1,5,0,0,1,0,0,0,0,4,1,1,1,1,31,6,125,1,4,HONDA SH 125,4,E01004487,0,-1
2023010453536,2023,010453536,2,3,0,5,5,1,5,0,0,0,0,0,1,0,2,1,1,1,1,45,7,125,1,2,HONDA SH 125,1,E01002092,0,-1
2023101298165,2023,101298165,1,3,0,5,5,1,5,0,0,0,0,0,0,0,1,1,1,1,1,46,8,125,1,1,HONDA SH 125,10,E01008264,0,-1
2023010459352,2023,010459352,1,3,9,99,99,9,9,99,99,9,1,99,9,99,9,1,6,6,1,23,5,125,1,1,HONDA SH 125,1,E01001427,0,-1
2023010459617,2023,010459617,1,3,0,99,99,9,9,99,99,0,9,99,9,99,1,1,6,6,3,-1,-1,125,1,1,HONDA SH 125,-1,-1,0,-1
2023010423093,2023,010423093,1,3,0,4,4,3,7,0,0,1,1,0,0,0,4,1,6,6,2,26,6,125,1,1,HONDA SH 125,3,E01004038,0,-1
2023010464341,2023,010464341,1,3,0,99,99,9,9,99,99,9,9,99,9,99,9,1,1,1,1,29,6,125,1,1,HONDA SH 125,5,E01003414,0,-1
2023010436624,2023,010436624,1,3,0,18,19,3,7,0,0,1,2,0,0,0,4,1,6,6,1,18,4,125,1,1,HONDA SH 125,2,E01000021,0,-1
2023010440814,2023,010440814,1,3,0,99,99,9,9,99,99,9,9,99,9,99,1,1,2,2,1,24,5,125,1,3,HONDA SH 125,4,E01003062,0,-1
2023010486447,2023,010486447,1,3,0,99,99,9,9,99,99,9,9,99,9,99,9,1,1,1,1,49,8,125,1,0,HONDA SH 125,5,E01000224,0,-1
2023010446810,2023,010446810,1,3,0,99,99,9,9,99,99,9,9,99,9,99,1,1,1,1,1,27,6,125,1,5,HONDA SH 125,3,E01003915,0,-1
2023010486622,2023,010486622,1,3,0,99,99,9,9,99,99,1,9,99,9,99,9,1,2,2,2,21,5,125,1,0,HONDA SH 125,4,E01000621,0,-1
2023010465659,2023,010465659,1,3,0,99,99,9,9,99,99,9,9,99,9,99,9,1,6,6,3,39,7,125,1,3,HONDA SH 125,1,E01000595,0,-1
2023010481037,2023,010481037,1,3,0,99,99,9,9,99,99,9,9,99,9,99,1,1,2,2,1,29,6,125,1,3,HONDA SH 125,5,E01001149,0,-1
2023010475135,2023,010475135,1,3,0,99,99,9,9,99,99,9,9,99,9,99,1,1,6,6,1,41,7,125,1,0,HONDA SH 125,6,E01016476,0,-1
2023010439345,2023,010439345,1,2,9,99,99,9,9,99,99,9,9,99,9,99,9,1,1,1,1,33,6,125,1,3,HONDA SH 125,4,E01000171,0,-1
2023010479700,2023,010479700,1,3,0,99,99,9,9,99,99,9,9,99,9,99,9,1,2,2,3,42,7,125,1,0,HONDA SH 125,2,E01003991,0,-1
2023411330855,2023,411330855,1,3,0,18,19,-1,-1,0,0,1,0,0,0,0,1,1,6,6,1,-1,-1,125,1,4,HONDA SH 125,-1,-1,0,-1
2023522400485,2023,522400485,1,3,0,3,3,1,5,0,0,0,0,0,0,0,1,1,6,6,1,24,5,125,1,3,HONDA SH 125,4,E01014675,0,-1
2023010453333,2023,010453333,1,3,0,18,19,1,5,0,0,8,9,0,0,0,2,1,6,6,1,34,6,125,1,2,HONDA SH 125,3,E01003154,0,-1
2023010443996,2023,010443996,1,3,0,99,99,9,9,99,99,9,9,99,9,99,9,1,6,6,1,33,6,125,1,2,HONDA SH 125,1,E01002040,0,-1
2023010456231,2023,010456231,1,3,0,99,99,9,9,99,99,9,9,99,9,99,9,1,6,6,1,47,8,125,1,2,HONDA SH 125,1,E01001847,0,-1
2023010421228,2023,010421228,2,3,0,18,19,1,5,0,0,1,0,0,0,0,1,1,6,6,2,21,5,125,1,7,HONDA SH 125,6,E01003219,0,-1
2023010475488,2023,010475488,1,3,0,99,99,9,9,99,99,9,9,99,9,99,1,1,1,1,1,24,5,125,1,1,HONDA SH 125,6,E01001599,0,-1
2023010483671,2023,010483671,1,3,0,99,99,9,9,99,99,9,9,99,9,99,9,1,1,1,1,43,7,125,1,3,HONDA SH 125,5,E01004519,0,-1
2023461339195,2023,461339195,2,2,0,5,5,5,3,0,0,6,0,0,0,0,4,1,1,1,1,24,5,125,1,2,HONDA SH 125,3,E01016037,0,-1
2023010478371,2023,010478371,1,3,0,99,99,9,9,99,99,9,9,99,9,99,9,1,1,1,1,42,7,125,1,3,HONDA SH 125,4,E01000609,0,-1
2023010473604,2023,010473604,1,3,0,99,99,9,9,99,99,9,9,99,9,99,1,1,1,1,1,49,8,125,1,2,HONDA SH 125,2,E01000525,0,-1
2023010484809,2023,010484809,2,3,0,3,3,5,1,0,0,0,0,0,7,0,2,1,2,2,1,35,6,125,1,0,HONDA SH 125,2,E01001878,0,-1
2023010456187,2023,010456187,1,3,0,15,15,5,1,0,0,8,5,0,0,0,1,1,6,6,1,28,6,125,1,5,HONDA SH 125,2,E01003984,0,-1
2023010441050,2023,010441050,1,3,0,99,99,9,9,99,99,9,9,99,9,99,1,1,6,6,1,29,6,125,1,2,HONDA SH 125,2,E01001553,0,-1
2023010456797,2023,010456797,2,2,0,18,19,5,1,0,0,1,0,0,0,0,4,1,6,6,1,16,4,125,1,7,HONDA SH 125,2,E01032562,0,-1
2023010461825,2023,010461825,1,3,0,99,99,9,9,99,99,9,9,99,9,99,1,1,1,1,1,29,6,125,1,6,HONDA SH 125,3,E01001832,0,-1
2023010478297,2023,010478297,1,3,0,18,19,9,9,99,99,9,9,99,9,99,1,1,1,1,1,33,6,125,1,2,HONDA SH 125,7,E01003370,0,-1
2023010468474,2023,010468474,1,3,0,18,19,3,7,0,0,3,0,10,0,0,1,1,1,1,1,53,8,125,1,2,HONDA SH 125,3,E01001240,0,-1
2023010433441,2023,010433441,1,3,0,99,99,9,9,99,99,9,9,99,9,99,0,1,6,6,1,34,6,125,1,6,HONDA SH 125,5,E01002221,0,-1
2023010468298,2023,010468298,1,3,0,99,99,9,9,99,99,9,9,99,9,99,9,1,6,6,3,28,6,125,1,6,HONDA SH 125,6,E01000306,0,-1
2023010470929,2023,010470929,1,3,0,99,99,9,9,99,99,1,9,99,9,99,1,1,6,6,1,42,7,125,1,4,HONDA SH 125,8,E01024133,0,-1
2023471287633,2023,471287633,2,3,0,18,19,-1,-1,0,0,1,0,0,0,0,-1,1,6,6,2,27,6,125,1,4,HONDA SH 125,4,E01016986,0,-1
2023010466724,2023,010466724,1,3,9,99,99,9,9,99,99,9,9,99,9,99,9,1,1,1,1,28,6,125,1,0,HONDA SH 125,5,E01003222,0,-1
2023010472929,2023,010472929,1,3,0,99,99,9,9,99,99,9,9,99,9,99,1,1,6,6,1,33,6,125,1,0,HONDA SH 125,2,E01003196,0,-1
2023010435700,2023,010435700,1,3,0,99,99,9,9,99,99,9,9,99,9,99,1,1,2,2,1,29,6,125,1,1,HONDA SH 125,2,E01003082,0,-1
2023010473877,2023,010473877,1,3,0,99,99,9,9,99,99,9,9,99,9,99,1,1,2,2,1,27,6,125,1,1,HONDA SH 125,4,E01003308,0,-1
2023010440483,2023,010440483,1,3,0,99,99,9,9,99,99,0,9,99,9,99,1,1,6,6,1,33,6,125,1,3,HONDA SH 125,1,E01002852,0,-1
2023010444865,2023,010444865,1,3,0,99,99,9,9,99,99,9,9,99,9,99,2,1,1,1,1,32,6,125,1,1,HONDA SH 125,3,E01003379,0,-1
2023010423180,2023,010423180,2,4,0,17,19,5,1,2,2,1,0,0,0,0,1,1,2,2,2,31,6,125,1,2,HONDA SH 125,4,E01003147,0,-1
2023430155793,2023,430155793,2,2,0,18,19,4,8,0,0,8,0,0,0,0,1,1,6,6,1,44,7,125,1,2,HONDA SH 125,-1,-1,0,-1
2023411392477,2023,411392477,2,3,0,14,14,-1,-1,0,0,0,0,0,0,0,1,1,1,1,1,30,6,125,1,2,HONDA SH 125,1,E01001549,0,-1
2023010439589,2023,010439589,1,3,0,99,99,9,9,99,99,9,9,99,9,99,1,1,6,6,1,41,7,125,1,1,HONDA SH 125,5,E01003415,0,-1
2023010433163,2023,010433163,1,3,0,99,99,9,9,99,99,9,9,99,9,99,9,1,6,6,1,36,7,125,1,2,HONDA SH 125,3,E01003141,0,-1
2023010438119,2023,010438119,2,3,0,13,13,3,7,0,0,8,0,0,0,0,1,1,6,6,1,17,4,125,1,8,HONDA SH 125,8,E01024434,0,-1
2023010450268,2023,010450268,1,3,0,18,19,3,7,0,0,0,0,0,0,0,2,1,6,6,1,23,5,125,1,4,HONDA SH 125,7,E01021904,0,-1
2023010483733,2023,010483733,1,3,0,99,99,9,9,99,99,9,9,99,9,99,9,1,6,6,3,30,6,125,1,4,HONDA SH 125,1,E01033153,0,-1
2023552301489,2023,552301489,1,3,0,18,19,8,4,0,0,0,0,0,0,0,1,1,6,6,1,44,7,125,1,4,HONDA SH 125,5,E01015286,0,-1
2023010463986,2023,010463986,1,3,0,99,99,9,9,99,99,9,9,99,9,99,9,1,1,1,1,21,5,125,1,0,HONDA SH 125,3,E01003113,0,-1
2023010481339,2023,010481339,1,3,0,99,99,9,9,99,99,0,9,99,9,99,1,1,1,1,1,45,7,125,1,0,HONDA SH 125,6,E01002126,0,-1
2023010428133,2023,010428133,2,3,0,4,4,7,3,4,4,0,2,10,1,0,0,1,2,2,1,55,8,125,1,2,HONDA SH 125,5,E01001611,0,-1
2023010458117,2023,010458117,1,3,0,4,4,5,1,0,0,1,9,0,9,0,1,1,6,6,1,33,6,125,1,3,HONDA SH 125,4,E01000611,0,-1
2023010477229,2023,010477229,1,3,0,18,19,1,5,0,0,0,0,0,0,0,1,1,6,6,1,42,7,125,1,3,HONDA SH 125,9,E01003382,0,-1
2023010436131,2023,010436131,1,3,0,99,99,9,9,99,99,9,9,99,9,99,9,1,1,1,1,29,6,125,1,1,HONDA SH 125,8,E01000671,0,-1
2023010484414,2023,010484414,1,3,0,99,99,9,9,99,99,1,9,99,9,99,9,1,6,6,1,19,4,125,1,1,HONDA SH 125,5,E01033731,0,-1
2023010475103,2023,010475103,1,3,0,99,99,9,9,99,99,9,9,99,9,99,2,1,1,1,1,46,8,125,1,1,HONDA SH 125,1,E01001558,0,-1
2023010428992,2023,010428992,1,3,0,13,13,4,8,0,0,0,0,0,0,0,1,1,1,1,1,33,6,125,1,7,HONDA SH 125,2,E01003373,0,-1
2023471375774,2023,471375774,2,3,0,18,19,1,5,0,0,1,0,0,0,0,1,1,6,6,1,47,8,125,1,4,HONDA SH 125,5,E01016886,0,-1
2023010419754,2023,010419754,1,3,0,99,99,9,9,99,99,9,9,99,9,99,9,1,1,1,1,29,6,125,1,4,HONDA SH 125,3,E01000499,0,-1
2023010456078,2023,010456078,1,3,0,99,99,9,9,99,99,9,9,99,9,99,1,1,6,6,1,27,6,125,1,1,HONDA SH 125,3,E01003296,0,-1
2023010456068,2023,010456068,1,3,0,99,99,9,9,99,99,9,9,99,9,99,2,1,6,6,1,30,6,125,1,2,HONDA SH 125,1,E01002040,0,-1
2023010473885,2023,010473885,1,3,0,99,99,9,9,99,99,9,9,99,9,99,1,1,2,2,1,32,6,125,1,1,HONDA SH 125,3,E01001154,0,-1
2023010482578,2023,010482578,1,3,0,99,99,9,9,99,99,9,9,99,9,99,1,1,6,6,1,23,5,125,1,2,HONDA SH 125,1,E01001559,0,-1
2023010457101,2023,010457101,1,3,0,99,99,9,9,99,99,0,9,99,9,99,9,1,6,6,1,23,5,125,1,1,HONDA SH 125,2,E01000141,0,-1
2023411298995,2023,411298995,2,3,0,18,19,4,8,0,0,1,0,0,0,0,3,1,5,6,1,30,6,125,1,3,HONDA SH 125,8,E01023893,0,-1
2023471269438,2023,471269438,2,3,0,9,9,2,8,0,0,8,0,0,0,0,4,1,1,1,1,29,6,125,1,10,HONDA SH 125,2,E01016945,0,-1
2023010452352,2023,010452352,1,3,0,99,99,9,9,99,99,9,9,99,9,99,1,1,6,6,1,25,5,125,1,4,HONDA SH 125,3,E01003978,0,-1
2023010460896,2023,010460896,1,3,0,99,99,9,9,99,99,9,9,99,9,99,1,1,2,2,1,20,4,125,1,10,HONDA SH 125,3,E01000022,0,-1
2023010465243,2023,010465243,1,3,0,99,99,9,9,99,99,9,9,99,9,99,9,1,6,6,1,-1,-1,125,1,2,HONDA SH 125,6,E01001195,0,-1
2023010471840,2023,010471840,1,2,0,3,3,5,1,0,0,1,5,0,0,0,1,1,2,2,1,39,7,125,1,6,HONDA SH 125,1,E01002734,0,-1
2023010465268,2023,010465268,1,3,0,99,99,9,9,99,99,9,9,99,9,99,2,1,6,6,1,28,6,125,1,6,HONDA SH 125,1,E01001559,0,-1
2023010474934,2023,010474934,1,3,0,99,99,9,9,99,99,9,9,99,9,99,1,1,6,6,1,33,6,125,1,2,HONDA SH 125,3,E01004708,0,-1
2023010466590,2023,010466590,2,3,0,18,19,1,5,0,0,1,0,0,0,0,0,1,1,1,1,36,7,125,1,4,HONDA SH 125,8,E01002657,0,-1
2023451390105,2023,451390105,1,3,0,2,2,0,0,0,0,0,5,0,0,0,1,1,1,1,1,31,6,125,1,0,HONDA SH 125,6,E01003366,0,-1
2023010470303,2023,010470303,1,3,9,99,99,9,9,99,99,9,9,99,9,99,1,1,1,1,1,30,6,125,1,3,HONDA SH 125,4,E01001396,0,-1
2023451319677,2023,451319677,1,4,0,18,19,5,1,0,0,0,0,0,0,0,4,1,6,6,2,25,5,125,1,2,HONDA SH 125,10,E01030500,0,-1
2023010445394,2023,010445394,1,3,0,99,99,9,9,99,99,9,9,99,9,99,9,1,6,6,1,23,5,125,1,1,HONDA SH 125,1,E01001427,0,-1