collision_index,collision_year,collision_ref_no,vehicle_reference,vehicle_type,towing_and_articulation,vehicle_manoeuvre_historic,vehicle_manoeuvre,vehicle_direction_from,vehicle_direction_to,vehicle_location_restricted_lane_historic,vehicle_location_restricted_lane,junction_location,skidding_and_overturning,hit_object_in_carriageway,vehicle_leaving_carriageway,hit_object_off_carriageway,first_point_of_impact,vehicle_left_hand_drive,journey_purpose_of_driver_historic,journey_purpose_of_driver,sex_of_driver,age_of_driver,age_band_of_driver,engine_capacity_cc,propulsion_code,age_of_vehicle,generic_make_model,driver_imd_decile,lsoa_of_driver,escooter_flag,driver_distance_banding
2023010429994,2023,010429994,2,3,0,18,19,1,5,4,4,1,0,0,1,0,2,1,6,6,1,36,7,125,1,2,HONDA SH 125,4,E01003249,0,-1
2023010453391,2023,010453391,2,3,0,99,99,9,9,99,99,9,9,99,9,99,0,1,6,6,3,-1,-1,125,1,8,HONDA SH 125,-1,-1,0,-1
2023010423232,2023,010423232,1,3,0,18,19,7,3,0,0,0,0,0,0,0,1,1,6,6,1,34,6,125,1,3,HONDA SH 125,9,E01000987,0,-1
2023010428684,2023,010428684,1,3,0,99,99,9,9,99,99,9,9,99,9,99,1,1,1,1,1,29,6,125,1,1,HONDA SH 125,3,E01033421,0,-1
2023010476910,2023,010476910,1,3,0,99,99,9,9,99,99,9,9,99,9,99,9,1,2,2,3,-1,-1,125,1,0,HONDA SH 125,2,E01003159,0,-1
2023010443217,2023,010443217,1,3,0,99,99,9,9,99,99,0,9,99,9,99,1,1,1,1,1,23,5,125,1,10,HONDA SH 125,2,E01003151,0,-1
2023411364707,2023,411364707,2,3,0,18,19,3,7,0,0,1,0,0,0,0,1,1,1,1,1,32,6,125,1,1,HONDA SH 125,5,E01023867,0,-1
2023010436341,2023,010436341,1,3,0,99,99,9,9,99,99,9,9,99,9,99,9,1,6,6,1,31,6,125,1,1,HONDA SH 125,9,E01017248,0,-1
2023010463896,2023,010463896,2,3,0,3,3,7,3,0,0,0,0,0,0,0,2,1,6,6,1,29,6,125,1,9,HONDA SH 125,3,E01003602,0,-1
2023010458243,2023,010458243,1,3,0,99,99,9,9,99,99,9,9,99,9,99,1,1,2,2,1,26,6,125,1,1,HONDA SH 125,4,E01003376,0,-1
2023010419575,2023,010419575,1,3,0,99,99,9,9,99,99,9,9,99,9,99,1,1,6,6,1,33,6,125,1,8,HONDA SH 125,3,E01033464,0,-1
2023010427594,2023,010427594,1,3,0,99,99,9,9,99,99,9,9,99,9,99,1,9,1,1,1,24,5,125,1,1,HONDA SH 125,8,E01016418,0,-1
2023010441436,2023,010441436,1,3,0,99,99,9,9,99,99,9,9,99,9,99,9,1,1,1,1,26,6,125,1,1,HONDA SH 125,5,E01003083,0,-1
2023010447347,2023,010447347,2,2,0,99,99,9,9,99,99,9,9,99,9,99,1,1,6,6,3,-1,-1,125,1,10,HONDA SH 125,-1,-1,0,-1
2023010444214,2023,010444214,1,3,0,99,99,9,9,99,99,9,9,99,9,99,1,1,1,1,1,35,6,125,1,8,HONDA SH 125,3,E01001111,0,-1
2023010445763,2023,010445763,3,3,0,18,19,3,7,0,0,1,0,0,0,0,1,1,6,6,1,21,5,125,1,6,HONDA SH 125,1,E01003207,0,-1
2023010454719,2023,010454719,1,3,0,99,99,9,9,99,99,9,9,99,9,99,1,1,6,6,1,29,6,125,1,3,HONDA SH 125,3,E01004038,0,-1
2023010439811,2023,010439811,2,3,0,15,15,5,1,4,4,1,5,0,0,0,1,1,2,2,1,21,5,125,1,1,HONDA SH 125,7,E01000573,0,-1
2023010472214,2023,010472214,1,3,9,99,99,9,9,99,99,9,9,99,9,99,9,1,1,1,1,39,7,125,1,7,HONDA SH 125,1,E01002067,0,-1
2023451348738,2023,451348738,2,3,0,18,19,3,7,0,0,1,5,0,0,0,1,1,1,1,2,26,6,125,1,2,HONDA SH 125,10,E01030500,0,-1
2023430043326,2023,430043326,1,3,0,18,19,6,2,0,0,0,0,0,0,0,1,1,1,1,1,42,7,125,1,2,HONDA SH 125,4,E01017905,0,-1
2023010441408,2023,010441408,1,3,0,18,19,5,1,0,0,1,0,0,0,0,1,1,6,6,1,39,7,125,1,2,HONDA SH 125,2,E01002056,0,-1
2023010446376,2023,010446376,1,3,0,99,99,9,9,99,99,9,9,99,9,99,1,1,6,6,1,20,4,125,1,1,HONDA SH 125,5,E01000996,0,-1
2023010420455,2023,010420455,1,3,0,99,99,9,9,99,99,0,9,99,9,99,1,1,2,2,1,43,7,125,1,1,HONDA SH 125,3,E01001111,0,-1
2023010425193,2023,010425193,1,3,0,18,19,4,8,0,0,8,5,0,0,0,1,1,1,1,2,45,7,125,1,8,HONDA SH 125,3,E01002814,0,-1
2023010470326,2023,010470326,1,3,0,18,19,3,7,0,0,1,0,0,0,0,1,1,6,6,3,-1,-1,125,1,1,HONDA SH 125,-1,-1,0,-1
2023010424492,2023,010424492,1,3,0,99,99,9,9,99,99,9,9,99,9,99,1,1,1,1,1,36,7,125,1,7,HONDA SH 125,3,E01001446,0,-1
2023010437511,2023,010437511,1,3,0,99,99,9,9,99,99,9,9,99,9,99,1,1,6,6,1,32,6,125,1,5,HONDA SH 125,9,E01003478,0,-1
2023010441361,2023,010441361,1,3,0,99,99,9,9,99,99,9,9,99,9,99,9,1,6,6,3,22,5,125,1,3,HONDA SH 125,5,E01000615,0,-1
2023411285286,2023,411285286,2,3,0,18,19,1,5,0,0,8,0,0,0,0,1,1,1,1,1,31,6,125,1,7,HONDA SH 125,-1,-1,0,-1
2023010429493,2023,010429493,1,3,0,99,99,9,9,99,99,0,9,99,9,99,1,1,2,2,1,33,6,125,1,4,HONDA SH 125,2,E01004424,0,-1
2023010468993,2023,010468993,1,3,0,99,99,9,9,99,99,9,9,99,9,99,9,1,2,2,1,46,8,125,1,1,HONDA SH 125,3,E01001547,0,-1
2023421359786,2023,421359786,2,3,0,5,5,5,1,0,0,0,0,0,0,0,1,1,1,1,1,26,6,125,1,0,HONDA SH 125,2,E01003607,0,-1
2023471306639,2023,471306639,1,3,0,18,19,1,5,0,0,6,0,0,0,0,1,1,1,1,1,23,5,125,1,3,HONDA SH 125,1,E01016866,0,-1
2023451317124,2023,451317124,1,3,0,18,19,6,2,0,0,8,1,0,0,0,0,1,6,6,1,32,6,125,1,3,HONDA SH 125,6,E01002531,0,-1
2023010424259,2023,010424259,1,3,0,99,99,9,9,99,99,0,9,99,9,99,9,1,6,6,1,33,6,125,1,1,HONDA SH 125,3,E01001488,0,-1
2023010459212,2023,010459212,1,3,0,99,99,9,9,99,99,9,9,99,9,99,1,1,6,6,1,38,7,125,1,0,HONDA SH 125,5,E01003142,0,-1
2023010446169,2023,010446169,1,3,0,99,99,9,9,99,99,9,9,99,9,99,2,1,6,6,1,26,6,125,1,5,HONDA SH 125,3,E01004037,0,-1
2023010456050,2023,010456050,1,3,0,99,99,9,9,99,99,0,9,99,9,99,1,1,6,6,1,38,7,125,1,3,HONDA SH 125,2,E01002053,0,-1
2023010470893,2023,010470893,1,3,0,99,99,9,9,99,99,9,9,99,9,99,9,1,6,6,1,33,6,125,1,7,HONDA SH 125,2,E01001152,0,-1
2023010427454,2023,010427454,1,3,0,99,99,9,9,99,99,9,9,99,9,99,1,1,1,1,2,33,6,125,1,5,HONDA SH 125,4,E01001686,0,-1
2023010455129,2023,010455129,1,3,0,99,99,9,9,99,99,9,9,99,9,99,9,1,2,2,1,24,5,125,1,6,HONDA SH 125,3,E01003113,0,-1
2023010446695,2023,010446695,1,3,0,99,99,9,9,99,99,9,9,99,9,99,2,1,1,1,1,23,5,125,1,3,HONDA SH 125,5,E01021443,0,-1
2023010455645,2023,010455645,1,3,0,99,99,9,9,99,99,9,9,99,9,99,9,1,2,2,1,39,7,125,1,1,HONDA SH 125,3,E01001762,0,-1
2023451374958,2023,451374958,2,3,0,18,19,3,7,0,0,0,0,2,0,0,1,1,1,1,1,35,6,125,1,0,HONDA SH 125,6,E01030751,0,-1
2023010420705,2023,010420705,1,3,0,18,19,7,3,0,0,0,5,0,1,0,2,1,2,2,1,31,6,125,1,11,HONDA SH 125,-1,-1,0,-1
2023010474146,2023,010474146,1,3,0,99,99,9,9,99,99,9,9,99,9,99,1,1,1,1,1,26,6,125,1,2,HONDA SH 125,5,E01001354,0,-1
2023010466940,2023,010466940,1,3,0,99,99,9,9,99,99,9,9,99,9,99,1,1,1,1,1,36,7,125,1,1,HONDA SH 125,6,E01003152,0,-1
2023430169186,2023,430169186,2,3,0,13,13,3,7,0,0,0,0,0,0,0,4,1,1,1,1,58,9,125,1,1,HONDA SH 125,2,E01016741,0,-1
2023010425573,2023,010425573,1,3,0,99,99,9,9,99,99,9,9,99,9,99,1,1,6,6,2,28,6,125,1,5,HONDA SH 125,4,E01001724,0,-1
2023010468127,2023,010468127,1,3,0,99,99,9,9,99,99,9,9,99,9,99,9,1,2,2,3,43,7,125,1,1,HONDA SH 125,4,E01003937,0,-1
2023010457570,2023,010457570,1,2,0,3,3,5,1,0,0,2,0,0,0,0,2,1,6,6,1,22,5,125,1,5,HONDA SH 125,2,E01001943,0,-1
2023010466045,2023,010466045,1,3,0,18,19,2,6,0,0,1,1,0,1,1,0,1,6,6,1,16,4,125,1,1,HONDA SH 125,-1,-1,0,-1
2023010480615,2023,010480615,1,3,0,99,99,9,9,99,99,9,9,99,9,99,1,1,6,6,1,28,6,125,1,6,HONDA SH 125,2,E01003093,0,-1
2023010463403,2023,010463403,1,3,0,9,9,7,4,0,0,2,0,0,0,0,1,1,1,1,2,38,7,125,1,3,HONDA SH 125,2,E01004238,0,-1
2023010452007,2023,010452007,1,3,0,99,99,9,9,99,99,0,9,99,9,99,2,1,1,1,2,29,6,125,1,1,HONDA SH 125,3,E01001552,0,-1
2023010477983,2023,010477983,1,3,0,99,99,9,9,99,99,9,9,99,9,99,9,1,6,6,1,29,6,125,1,1,HONDA SH 125,5,E01004492,0,-1
2023451334554,2023,451334554,1,3,0,18,19,1,4,0,0,0,0,0,0,0,4,1,2,2,1,41,7,125,1,1,HONDA SH 125,10,E01030871,0,-1
2023010469400,2023,010469400,1,3,0,99,99,9,9,99,99,9,9,99,9,99,9,1,1,1,1,38,7,125,1,7,HONDA SH 125,3,E01004228,0,-1
2023010485901,2023,010485901,1,3,0,18,19,3,7,0,0,8,0,0,0,0,4,1,6,6,1,45,7,125,1,5,HONDA SH 125,-1,-1,0,-1
2023010453384,2023,010453384,1,3,0,14,14,3,7,0,0,1,0,0,0,0,1,1,1,1,1,31,6,125,1,2,HONDA SH 125,2,E01000998,0,-1
2023010462022,2023,010462022,2,3,0,18,19,4,8,0,0,8,0,0,0,0,1,1,6,6,1,41,7,125,1,5,HONDA SH 125,4,E01000504,0,-1
2023010482560,2023,010482560,1,3,9,99,99,9,9,99,99,9,9,99,9,99,1,1,1,1,1,35,6,125,1,0,HONDA SH 125,8,E01004074,0,-1
2023010436885,2023,010436885,2,3,0,18,19,1,5,0,0,2,0,0,0,0,1,1,1,1,1,36,7,125,1,9,HONDA SH 125,-1,-1,0,-1
2023010474937,2023,010474937,1,3,0,99,99,9,9,99,99,9,9,99,9,99,9,1,6,6,3,28,6,125,1,5,HONDA SH 125,3,E01003035,0,-1
2023010476057,2023,010476057,2,3,0,18,19,5,1,0,0,8,0,0,0,0,1,1,2,2,1,32,6,125,1,1,HONDA SH 125,3,E01000510,0,-1
2023010458136,2023,010458136,1,3,0,99,99,9,9,99,99,0,9,99,9,99,1,9,6,6,1,34,6,125,1,10,HONDA SH 125,2,E01003324,0,-1
2023010443520,2023,010443520,1,3,0,99,99,9,9,99,99,9,9,99,9,99,1,1,1,1,1,28,6,125,1,2,HONDA SH 125,1,E01002073,0,-1
2023010474171,2023,010474171,1,3,0,99,99,9,9,99,99,9,9,99,9,99,1,1,1,1,1,26,6,125,1,2,HONDA SH 125,2,E01003079,0,-1
2023010438426,2023,010438426,1,3,0,99,99,9,9,99,99,9,9,99,9,99,1,1,6,6,1,41,7,125,1,1,HONDA SH 125,5,E01003415,0,-1
2023010476169,2023,010476169,1,3,0,18,19,4,8,0,0,0,0,0,0,0,0,1,1,1,1,27,6,125,1,11,HONDA SH 125,3,E01021631,0,-1
2023010423447,2023,010423447,1,3,0,18,19,5,1,0,0,8,0,0,0,0,1,1,1,1,1,31,6,125,1,8,HONDA SH 125,3,E01000510,0,-1
2023010434044,2023,010434044,1,3,0,99,99,9,9,99,99,9,9,99,9,99,1,1,1,1,1,34,6,125,1,2,HONDA SH 125,3,E01000138,0,-1
2023010484621,2023,010484621,1,3,0,18,19,3,7,0,0,4,0,0,0,0,1,1,1,1,1,31,6,125,1,3,HONDA SH 125,4,E01002779,0,-1
2023010483767,2023,010483767,1,3,0,99,99,9,9,99,99,9,9,99,9,99,9,1,6,6,3,26,6,125,1,1,HONDA SH 125,1,E01002071,0,-1
2023010459320,2023,010459320,1,3,0,99,99,9,9,99,99,9,9,99,9,99,1,1,6,6,1,23,5,125,1,0,HONDA SH 125,8,E01021436,0,-1
2023010451992,2023,010451992,1,3,0,99,99,9,9,99,99,9,9,99,9,99,2,1,6,6,1,21,5,125,1,3,HONDA SH 125,2,E01001553,0,-1
2023010463342,2023,010463342,1,3,0,13,13,4,8,0,0,8,0,0,0,0,4,1,6,6,2,40,7,125,1,2,HONDA SH 125,5,E01002083,0,-1
2023010426807,2023,010426807,1,3,0,99,99,9,9,99,99,9,9,99,9,99,1,1,1,1,1,48,8,125,1,1,HONDA SH 125,2,E01002051,0,-1
2023010443740,2023,010443740,1,3,0,99,99,9,9,99,99,9,9,99,9,99,1,1,1,1,1,48,8,125,1,1,HONDA SH 125,2,E01002051,0,-1
2023010419387,2023,010419387,2,3,0,18,19,1,5,0,0,5,0,0,0,0,1,1,6,6,1,32,6,125,1,10,HONDA SH 125,4,E01002103,0,-1
2023010483960,2023,010483960,1,3,0,99,99,9,9,99,99,9,9,99,0,0,9,1,2,2,2,28,6,125,1,7,HONDA SH 125,2,E01000021,0,-1
2023421358814,2023,421358814,1,2,0,18,19,1,5,0,0,1,1,0,0,0,1,1,6,6,1,24,5,125,1,3,HONDA SH 125,4,E01033140,0,-1
2023010453085,2023,010453085,2,3,0,18,19,5,1,0,0,1,0,0,0,0,1,1,2,2,1,24,5,125,1,2,HONDA SH 125,2,E01003111,0,-1
2023010440255,2023,010440255,1,4,0,18,19,3,7,2,2,0,0,0,0,0,1,1,6,6,1,32,6,125,1,2,HONDA SH 125,1,E01003577,0,-1
2023010427286,2023,010427286,1,3,0,99,99,9,9,99,99,9,9,99,9,99,2,1,6,6,1,43,7,125,1,1,HONDA SH 125,1,E01002039,0,-1
2023010481128,2023,010481128,2,4,0,18,19,6,2,0,0,1,0,0,0,0,1,1,6,6,1,24,5,125,1,2,HONDA SH 125,5,E01003134,0,-1
2023010452143,2023,010452143,1,3,0,99,99,9,9,99,99,9,9,99,9,99,1,1,6,6,1,32,6,125,1,0,HONDA SH 125,2,E01003325,0,-1
2023010447682,2023,010447682,1,3,0,99,99,9,9,99,99,9,9,99,9,99,2,1,6,6,2,39,7,125,1,3,HONDA SH 125,3,E01004280,0,-1
2023010432536,2023,010432536,1,2,0,99,99,9,9,99,99,9,9,99,9,99,9,1,6,6,1,22,5,125,1,1,HONDA SH 125,5,E01004610,0,-1
2023421343595,2023,421343595,1,3,0,16,19,6,1,0,0,0,5,0,0,0,1,1,5,6,1,32,6,125,1,1,HONDA SH 125,1,E01001559,0,-1
2023010427546,2023,010427546,1,3,0,99,99,9,9,99,99,9,9,99,9,99,1,1,1,1,1,32,6,125,1,1,HONDA SH 125,3,E01001466,0,-1
2023010475101,2023,010475101,1,3,0,99,99,9,9,99,99,9,9,99,9,99,1,1,6,6,1,50,8,125,1,1,HONDA SH 125,1,E01004042,0,-1
2023010421643,2023,010421643,1,3,9,99,99,9,9,99,99,9,9,99,9,99,9,1,1,1,1,26,6,125,1,2,HONDA SH 125,4,E01003166,0,-1
2023451319364,2023,451319364,1,3,0,4,4,3,3,0,0,1,0,0,0,0,2,1,1,1,1,31,6,125,1,5,HONDA SH 125,6,E01030736,0,-1
2023010485522,2023,010485522,1,3,0,99,99,9,9,99,99,9,9,99,9,99,9,1,2,2,1,41,7,125,1,6,HONDA SH 125,5,E01001658,0,-1
2023010424932,2023,010424932,2,3,0,5,5,3,7,0,0,3,2,0,0,0,2,1,6,6,1,56,9,125,1,4,HONDA SH 125,2,E01000523,0,-1
2023471277740,2023,471277740,1,3,0,18,19,5,1,0,0,0,5,0,0,0,4,1,1,1,1,35,6,125,1,2,HONDA SH 125,6,E01021047,0,-1
2023451329783,2023,451329783,2,97,0,15,15,3,7,0,0,1,0,0,0,0,4,1,1,1,1,41,7,125,1,5,-1,8,E01030549,0,-1
2023010440833,2023,010440833,1,3,0,99,99,9,9,99,99,9,9,99,9,99,1,1,1,1,1,33,6,125,1,1,HONDA SH 125,6,E01015331,0,-1
2023010470987,2023,010470987,3,3,0,99,99,9,9,99,99,0,9,99,9,99,9,1,6,6,3,-1,-1,125,1,7,HONDA SH 125,-1,-1,0,-1
2023010431119,2023,010431119,1,3,0,5,5,1,5,0,0,5,0,0,0,0,2,1,6,6,1,36,7,125,1,3,HONDA SH 125,5,E01000975,0,-1
2023010472241,2023,010472241,1,3,0,99,99,9,9,99,99,9,9,99,9,99,1,1,1,1,1,49,8,125,1,2,HONDA SH 125,6,E01003152,0,-1
2023010480473,2023,010480473,1,3,0,18,19,1,5,0,0,1,0,0,3,0,1,1,6,6,1,50,8,125,1,0,HONDA SH 125,6,E01000332,0,-1
2023010459806,2023,010459806,2,3,0,18,19,1,5,9,9,8,5,10,1,0,3,1,1,1,1,28,6,125,1,4,HONDA SH 125,3,E01003592,0,-1
2023010448135,2023,010448135,1,3,0,18,19,3,7,0,0,8,0,0,0,0,1,1,6,6,1,24,5,125,1,2,HONDA SH 125,3,E01001311,0,-1
2023010460785,2023,010460785,3,3,0,15,15,1,5,0,0,8,0,0,0,0,3,1,1,1,1,36,7,125,1,2,HONDA SH 125,5,E01000994,0,-1
2023010453870,2023,010453870,1,3,4,99,99,9,9,99,99,9,9,99,9,99,1,1,6,6,1,29,6,125,1,4,HONDA SH 125,-1,-1,0,-1
2023010431323,2023,010431323,1,3,0,18,19,1,5,0,0,4,0,0,0,0,1,1,6,6,3,-1,-1,125,1,2,HONDA SH 125,-1,-1,0,-1
2023010479832,2023,010479832,2,3,0,18,19,2,6,0,0,6,2,0,1,0,0,1,1,1,1,26,6,125,1,10,HONDA SH 125,-1,-1,0,-1
2023010478119,2023,010478119,1,3,0,99,99,9,9,99,99,9,9,99,9,99,1,1,1,1,1,40,7,125,1,2,HONDA SH 125,4,E01001511,0,-1
2023311294003,2023,311294003,2,3,0,7,7,5,1,0,0,8,0,0,0,0,2,1,1,1,1,32,6,125,1,1,HONDA SH 125,5,E01013840,0,-1
2023010468328,2023,010468328,1,3,0,99,99,9,9,99,99,9,9,99,9,99,1,1,1,1,1,32,6,125,1,1,HONDA SH 125,3,E01001175,0,-1
2023010466896,2023,010466896,2,4,0,18,19,7,3,0,0,1,0,0,0,0,1,1,6,6,1,18,4,125,1,5,HONDA SH 125,2,E01004226,0,-1
2023010484963,2023,010484963,1,3,0,99,99,9,9,99,99,9,9,99,9,99,2,1,1,1,1,41,7,125,1,4,HONDA SH 125,3,E01003521,0,-1
2023010454732,2023,010454732,1,3,0,99,99,9,9,99,99,9,9,99,9,99,1,1,6,6,1,29,6,125,1,2,HONDA SH 125,1,E01002040,0,-1
2023010465856,2023,010465856,2,3,0,18,19,5,1,0,0,0,0,0,0,0,1,1,1,1,1,51,8,125,1,0,HONDA SH 125,6,E01002140,0,-1
2023010446992,2023,010446992,2,2,0,18,19,1,5,0,0,8,0,0,0,0,1,1,6,6,1,21,5,125,1,6,HONDA SH 125,3,E01001972,0,-1
2023010467118,2023,010467118,1,3,0,99,99,9,9,99,99,9,9,99,9,99,2,1,6,6,3,40,7,125,1,0,HONDA SH 125,4,E01000676,0,-1
2023010434144,2023,010434144,1,3,0,99,99,9,9,99,99,9,9,99,9,99,1,1,6,6,1,29,6,125,1,8,HONDA SH 125,4,E01003133,0,-1
2023411281253,2023,411281253,2,3,0,3,3,1,5,0,0,1,0,0,0,0,2,1,5,6,1,50,8,125,1,4,HONDA SH 125,7,E01001308,0,-1
2023141347001,2023,141347001,1,3,0,15,15,2,6,0,0,1,0,0,0,0,1,1,6,6,1,53,8,125,1,2,HONDA SH 125,2,E01008107,0,-1
2023010437048,2023,010437048,1,3,9,99,99,9,9,99,99,9,9,99,9,99,1,1,1,1,1,33,6,125,1,2,HONDA SH 125,3,E01003154,0,-1
2023010446304,2023,010446304,1,3,0,99,99,9,9,99,99,9,9,99,9,99,1,1,6,6,3,30,6,125,1,2,HONDA SH 125,7,E01003395,0,-1
2023010441248,2023,010441248,1,3,0,99,99,9,9,99,99,9,9,99,9,99,1,1,2,2,1,50,8,125,1,1,HONDA SH 125,4,E01001727,0,-1
2023010476578,2023,010476578,1,4,0,18,19,7,3,0,0,8,0,0,0,0,3,1,1,1,1,25,5,125,1,6,HONDA SH 125,3,E01000553,0,-1
2023411372085,2023,411372085,2,3,0,3,3,7,3,0,0,0,0,0,0,0,4,1,2,2,1,30,6,125,1,2,HONDA SH 125,3,E01001445,0,-1
2023010484926,2023,010484926,1,3,0,99,99,9,9,99,99,9,9,99,9,99,9,1,1,1,1,35,6,125,1,2,HONDA SH 125,4,E01000546,0,-1
2023010481785,2023,010481785,1,3,0,99,99,9,9,99,99,0,9,99,9,99,1,9,1,1,1,35,6,125,1,1,HONDA SH 125,8,E01003361,0,-1
2023010472632,2023,010472632,1,3,0,99,99,9,9,99,99,9,9,99,9,99,9,1,6,6,3,32,6,125,1,2,HONDA SH 125,3,E01001552,0,-1
2023010485492,2023,010485492,1,3,0,99,99,9,9,99,99,9,9,99,9,99,1,1,6,6,1,56,9,125,1,0,HONDA SH 125,3,E01001147,0,-1
2023010473876,2023,010473876,1,3,0,99,99,9,9,99,99,9,9,99,9,99,9,1,6,6,3,29,6,125,1,5,HONDA SH 125,5,E01000639,0,-1
2023010434794,2023,010434794,1,3,0,99,99,9,9,99,99,9,9,99,9,99,2,1,1,1,1,47,8,125,1,4,HONDA SH 125,3,E01001983,0,-1
2023010463645,2023,010463645,1,3,0,99,99,9,9,99,99,0,9,99,9,99,1,1,2,2,1,31,6,125,1,9,HONDA SH 125,5,E01021443,0,-1
2023451358782,2023,451358782,1,3,0,18,19,1,5,0,0,8,0,0,0,0,1,1,6,6,1,37,7,125,1,1,HONDA SH 125,-1,-1,0,-1
2023421321219,2023,421321219,2,3,0,18,19,3,7,0,0,0,0,0,0,0,4,1,6,6,1,40,7,125,1,0,HONDA SH 125,3,E01021847,0,-1
2023471262998,2023,471262998,2,3,0,18,19,1,5,0,0,2,0,0,0,0,2,1,1,1,1,29,6,125,1,7,HONDA SH 125,5,E01016884,0,-1
2023010435268,2023,010435268,2,3,0,18,19,2,6,0,0,0,5,4,0,0,1,1,1,1,1,59,9,125,1,2,HONDA SH 125,5,E01003415,0,-1
2023010449607,2023,010449607,3,4,0,3,3,7,3,0,0,0,0,4,0,0,2,1,1,1,1,41,7,125,1,8,HONDA SH 125,4,E01001276,0,-1
2023010421874,2023,010421874,1,3,0,99,99,9,9,99,99,9,9,99,9,99,1,1,6,6,1,26,6,125,1,10,HONDA SH 125,4,E01000472,0,-1
2023010432248,2023,010432248,2,3,0,18,19,6,2,0,0,2,0,0,0,0,1,1,6,6,1,51,8,125,1,0,HONDA SH 125,6,E01002140,0,-1
2023010458120,2023,010458120,1,3,0,99,99,9,9,99,99,9,9,99,9,99,1,1,1,1,1,50,8,125,1,4,HONDA SH 125,5,E01000264,0,-1
2023351281574,2023,351281574,2,3,0,18,19,6,2,0,0,1,0,0,7,0,4,1,6,6,2,48,8,125,1,3,HONDA SH 125,-1,-1,0,-1
2023010420818,2023,010420818,1,3,0,99,99,9,9,99,99,9,9,99,9,99,2,1,1,1,1,35,6,125,1,6,HONDA SH 125,1,E01002758,0,-1
2023010446398,2023,010446398,1,3,0,99,99,9,9,99,99,0,9,99,9,99,1,1,1,1,1,33,6,125,1,1,HONDA SH 125,5,E01001646,0,-1
2023501324897,2023,501324897,2,3,0,2,2,0,0,0,0,1,0,0,0,0,1,1,6,6,2,58,9,125,1,2,HONDA SH 125,1,E01015075,0,-1
2023411344264,2023,411344264,2,2,0,18,19,-1,-1,0,0,1,0,0,0,0,2,1,6,6,1,33,6,125,1,2,HONDA SH 125,8,E01023576,0,-1
2023010465376,2023,010465376,1,3,0,99,99,9,9,99,99,9,9,99,9,99,1,1,1,1,1,27,6,125,1,0,HONDA SH 125,4,E01000676,0,-1
2023320129243,2023,320129243,1,3,0,18,19,1,5,0,0,0,2,0,1,0,0,1,2,2,1,33,6,125,1,2,HONDA SH 125,-1,-1,0,-1
2023010420408,2023,010420408,1,3,0,99,99,9,9,99,99,9,9,99,9,99,2,1,6,6,1,22,5,125,1,1,HONDA SH 125,3,E01003081,0,-1
2023010446768,2023,010446768,1,3,0,99,99,9,9,99,99,9,9,99,9,99,1,1,1,1,2,36,7,125,1,0,HONDA SH 125,7,E01001534,0,-1
2023131378597,2023,131378597,1,3,0,3,3,1,5,0,0,1,0,0,0,0,2,1,6,6,1,-1,-1,125,1,7,HONDA SH 125,1,E01011430,0,-1
2023010456646,2023,010456646,1,3,0,99,99,9,9,99,99,9,9,99,9,99,9,1,1,1,1,35,6,125,1,4,HONDA SH 125,4,E01001146,0,-1
2023010434081,2023,010434081,2,3,0,18,19,1,5,0,0,4,0,0,0,0,1,1,6,6,1,23,5,125,1,4,HONDA SH 125,3,E01002057,0,-1
2023010428451,2023,010428451,1,3,0,99,99,9,9,99,99,0,9,99,9,99,1,1,2,2,1,30,6,125,1,1,HONDA SH 125,2,E01004455,0,-1
2023010481248,2023,010481248,1,3,0,99,99,9,9,99,99,9,9,99,9,99,9,1,1,1,1,48,8,125,1,1,HONDA SH 125,1,E01002037,0,-1
2023010462129,2023,010462129,1,3,0,18,19,5,1,0,0,8,9,0,0,0,1,1,1,1,1,47,8,125,1,1,HONDA SH 125,4,E01004531,0,-1
2023010422361,2023,010422361,1,3,0,18,19,8,4,0,0,1,0,0,0,0,1,1,6,6,3,-1,-1,125,1,5,HONDA SH 125,-1,-1,0,-1