collision_index,collision_year,collision_ref_no,vehicle_reference,vehicle_type,towing_and_articulation,vehicle_manoeuvre_historic,vehicle_manoeuvre,vehicle_direction_from,vehicle_direction_to,vehicle_location_restricted_lane_historic,vehicle_location_restricted_lane,junction_location,skidding_and_overturning,hit_object_in_carriageway,vehicle_leaving_carriageway,hit_object_off_carriageway,first_point_of_impact,vehicle_left_hand_drive,journey_purpose_of_driver_historic,journey_purpose_of_driver,sex_of_driver,age_of_driver,age_band_of_driver,engine_capacity_cc,propulsion_code,age_of_vehicle,generic_make_model,driver_imd_decile,lsoa_of_driver,escooter_flag,driver_distance_banding
2023010449784,2023,010449784,1,9,0,17,19,3,7,0,0,5,1,10,0,0,1,1,6,6,2,29,6,1999,2,7,JAGUAR XE SERIES,1,E01003051,0,-1
2023010421242,2023,010421242,1,9,0,18,19,3,7,0,0,8,0,0,0,0,0,1,2,2,1,30,6,1999,2,6,JAGUAR XE SERIES,2,E01001603,0,-1
2023010481966,2023,010481966,1,9,0,99,99,9,9,99,99,9,9,99,9,99,9,9,6,6,1,30,6,1999,1,7,JAGUAR XE SERIES,5,E01004523,0,-1
2023430503590,2023,430503590,1,9,0,12,12,8,4,0,0,0,0,0,0,0,3,1,2,2,1,28,6,1999,2,5,JAGUAR XE SERIES,-1,-1,0,-1
2023131293208,2023,131293208,2,9,0,-1,-1,-1,-1,-1,-1,0,-1,-1,-1,-1,-1,1,6,6,1,33,6,1999,2,7,JAGUAR XE SERIES,2,E01010930,0,-1
2023991386977,2023,991386977,1,9,0,18,19,1,5,0,0,0,0,0,0,0,1,1,5,6,1,57,9,1999,2,3,JAGUAR XE SERIES,9,-1,0,-1
2023041359865,2023,041359865,2,9,0,18,19,3,7,0,0,0,0,0,0,0,2,1,6,6,2,49,8,1999,2,5,JAGUAR XE SERIES,8,E01025416,0,-1
2023010423142,2023,010423142,2,9,0,99,99,9,9,99,99,9,9,99,9,99,1,9,6,6,3,-1,-1,1999,1,7,JAGUAR XE SERIES,6,E01002186,0,-1
2023010476934,2023,010476934,1,9,9,99,99,9,9,99,99,9,9,0,0,0,2,9,2,2,1,37,7,1999,2,4,JAGUAR XE SERIES,6,E01023921,0,-1
2023211348422,2023,211348422,2,9,0,18,19,3,3,0,0,0,0,0,0,0,4,1,6,6,2,41,7,1999,2,4,JAGUAR XE SERIES,-1,-1,0,-1
2023010450055,2023,010450055,1,9,0,5,5,3,7,0,0,0,0,11,0,0,1,1,2,2,1,22,5,1999,2,6,JAGUAR XE SERIES,3,E01002130,0,-1
2023170H10293,2023,170H10293,2,9,0,3,3,6,2,0,0,1,0,0,0,0,2,1,6,6,1,42,7,1998,2,2,JAGUAR XE SERIES,-1,-1,0,-1
2023122300987,2023,122300987,1,9,0,17,19,2,6,0,0,0,1,0,7,4,3,1,6,6,1,24,5,1997,1,3,JAGUAR XE SERIES,9,E01013431,0,-1
2023522301276,2023,522301276,2,9,0,18,19,5,1,0,0,8,0,0,0,0,3,1,6,6,2,-1,-1,1999,2,8,JAGUAR XE SERIES,7,E01000297,0,-1
2023622400061,2023,622400061,1,9,0,18,19,6,2,0,0,2,0,0,0,0,0,1,6,6,1,21,5,1999,2,6,JAGUAR XE SERIES,3,W01001870,0,-1
2023430024115,2023,430024115,2,9,0,17,19,4,1,0,0,0,1,0,0,0,1,1,1,1,1,55,8,1999,2,5,JAGUAR XE SERIES,-1,-1,0,-1
2023471291508,2023,471291508,2,9,0,10,10,6,2,0,0,1,0,0,0,0,2,1,2,2,2,45,7,1999,2,7,JAGUAR XE SERIES,9,E01031590,0,-1
2023401292040,2023,401292040,2,9,0,3,3,1,5,0,0,1,0,0,0,0,2,1,6,6,2,59,9,1999,2,4,JAGUAR XE SERIES,6,E01027234,0,-1
2023340WN5892,2023,340WN5892,3,9,0,4,4,3,7,0,0,0,0,0,0,0,2,1,6,6,3,-1,-1,1999,2,8,JAGUAR XE SERIES,-1,-1,0,-1
2023411428266,2023,411428266,2,9,0,2,2,0,0,0,0,0,0,0,0,0,2,1,6,6,3,-1,-1,1999,2,5,JAGUAR XE SERIES,-1,-1,0,-1
2023070140163,2023,070140163,2,9,0,18,19,6,1,0,0,0,0,0,5,6,2,1,1,1,1,36,7,1999,2,6,JAGUAR XE SERIES,1,-1,0,-1
2023332300433,2023,332300433,1,9,0,18,19,0,0,0,0,8,0,0,0,0,4,1,6,6,1,48,8,1999,2,6,JAGUAR XE SERIES,1,E01013760,0,-1
2023031368365,2023,031368365,2,5,0,2,2,1,5,0,0,0,0,0,0,0,2,1,1,1,1,53,8,1043,1,6,KAWASAKI ZX,-1,-1,0,-1
2023010485021,2023,010485021,1,5,0,18,19,3,7,0,0,3,0,0,0,0,4,1,6,6,1,41,7,1043,1,12,KAWASAKI ZX,4,E01001023,0,-1
2023141391455,2023,141391455,1,5,0,18,19,4,8,0,0,1,0,0,0,0,3,1,5,6,1,62,9,599,1,24,KAWASAKI ZX,1,E01007626,0,-1
2023010434756,2023,010434756,1,5,0,18,19,1,5,0,0,1,0,0,0,0,1,1,6,6,1,26,6,600,1,16,KAWASAKI ZX,7,E01004516,0,-1
2023111320272,2023,111320272,2,5,0,4,4,1,6,0,0,0,0,0,0,0,2,1,5,6,1,26,6,599,1,15,KAWASAKI ZX,5,E01020660,0,-1
202360A084137,2023,60A084137,2,5,0,18,19,3,7,0,0,1,0,0,0,0,1,1,6,6,1,35,6,599,1,12,KAWASAKI ZX,-1,-1,0,-1
2023061305542,2023,061305542,1,5,0,18,19,1,5,0,0,1,0,0,0,0,1,1,6,6,1,54,8,1199,1,23,KAWASAKI ZX,3,E01006282,0,-1
2023501313267,2023,501313267,2,5,0,18,19,1,5,0,0,8,0,0,0,0,1,1,6,6,1,46,8,599,1,25,KAWASAKI ZX,5,E01019060,0,-1
2023622300481,2023,622300481,1,5,0,18,19,4,8,0,0,8,0,0,1,0,4,1,6,6,1,38,7,899,1,24,KAWASAKI ZX,9,W01001199,0,-1
2023122300657,2023,122300657,1,5,0,16,19,5,1,0,0,0,1,0,7,10,1,1,6,6,1,57,9,1199,1,21,KAWASAKI ZX,1,E01007204,0,-1
2023991298637,2023,991298637,2,5,0,18,19,1,5,0,0,1,0,0,1,0,3,1,2,2,1,32,6,636,1,21,KAWASAKI ZX,-1,-1,0,-1
2023430222696,2023,430222696,2,5,0,17,19,8,5,0,0,0,1,0,1,9,1,1,6,6,1,35,6,599,1,24,KAWASAKI ZX,5,E01023843,0,-1
2023010443275,2023,010443275,1,5,0,99,99,9,9,99,99,0,9,99,9,99,9,1,2,2,1,33,6,1043,1,5,KAWASAKI ZX,3,E01016155,0,-1
2023041370987,2023,041370987,1,5,0,18,19,6,2,0,0,8,0,0,0,0,1,1,5,6,1,21,5,599,1,26,KAWASAKI ZX,1,E01012603,0,-1
2023501376190,2023,501376190,1,5,0,18,19,6,2,0,0,1,2,0,0,0,4,1,5,6,1,24,5,599,1,24,KAWASAKI ZX,3,E01018998,0,-1
2023010455547,2023,010455547,2,5,0,18,19,3,7,0,0,1,0,0,0,0,3,1,6,6,1,49,8,1043,1,8,KAWASAKI ZX,4,E01003662,0,-1
2023440431851,2023,440431851,1,5,0,18,19,8,4,0,0,0,1,0,1,4,1,1,6,6,1,28,6,1352,1,17,KAWASAKI ZX,7,E01023135,0,-1
2023461317258,2023,461317258,1,5,0,18,19,8,4,0,0,0,0,0,0,0,1,1,6,6,1,53,8,1043,1,9,KAWASAKI ZX,-1,-1,0,-1
2023351338255,2023,351338255,2,5,0,18,19,6,6,0,0,8,0,0,0,0,1,1,2,2,1,28,6,636,1,18,KAWASAKI ZX,8,E01033429,0,-1
2023010455658,2023,010455658,1,5,0,18,19,4,8,0,0,8,0,0,0,0,1,1,2,2,1,29,6,636,1,9,KAWASAKI ZX,2,E01001082,0,-1
2023340NN9042,2023,340NN9042,2,5,0,18,19,2,6,0,0,1,0,0,1,0,1,1,6,6,1,22,5,899,1,24,KAWASAKI ZX,3,E01027081,0,-1
2023052301414,2023,052301414,2,3,0,18,19,1,5,0,0,1,0,0,0,0,1,1,6,6,1,50,8,997,1,35,-1,9,E01007078,0,-1
2023010455779,2023,010455779,3,5,0,13,13,1,5,0,0,8,0,0,0,0,1,1,6,6,1,46,8,899,1,24,KAWASAKI ZX,-1,-1,0,-1
2023302301555,2023,302301555,2,5,0,18,19,8,4,0,0,1,0,0,0,0,1,1,1,1,1,56,9,636,1,7,KAWASAKI ZX,2,E01033172,0,-1
2023320629317,2023,320629317,2,5,0,18,19,6,2,0,0,1,5,0,0,0,1,1,2,2,1,39,7,899,1,24,KAWASAKI ZX,-1,-1,0,-1
2023461320147,2023,461320147,2,5,0,13,13,4,8,0,0,0,5,0,8,4,4,1,6,6,1,39,7,636,1,21,KAWASAKI ZX,8,E01016418,0,-1
2023631378656,2023,631378656,2,5,0,4,4,4,8,0,0,1,5,0,0,0,2,1,5,6,1,56,9,1441,1,5,KAWASAKI ZX,8,W01001537,0,-1
2023552300077,2023,552300077,1,5,0,13,13,3,7,0,0,0,0,0,7,0,1,1,6,6,1,38,7,998,1,19,KAWASAKI ZX,1,E01020552,0,-1
2023010477574,2023,010477574,1,5,0,18,19,4,8,0,0,0,1,4,0,0,1,1,2,2,1,45,7,1043,1,12,KAWASAKI ZX,2,E01033726,0,-1
2023552300892,2023,552300892,2,5,0,18,19,2,6,0,0,8,0,0,0,0,1,1,6,6,1,27,6,636,1,17,KAWASAKI ZX,9,E01020419,0,-1
2023991287236,2023,991287236,1,5,0,18,19,7,3,0,0,1,1,10,0,0,1,1,5,6,1,29,6,599,1,13,KAWASAKI ZX,5,-1,0,-1
2023061353408,2023,061353408,1,2,0,18,19,7,3,0,0,1,0,0,0,0,1,1,5,6,1,31,6,592,1,30,-1,8,E01006015,0,-1
2023501348821,2023,501348821,1,5,0,13,13,4,8,0,0,0,2,0,2,10,1,1,6,6,1,29,6,636,1,20,KAWASAKI ZX,6,E01020255,0,-1
2023320614377,2023,320614377,1,4,0,16,19,6,2,0,0,0,5,0,7,2,1,1,2,2,1,47,8,599,1,24,KAWASAKI ZX,2,E01026030,0,-1
2023991358023,2023,991358023,2,5,0,18,19,1,5,0,0,1,5,0,1,0,1,1,6,6,1,49,8,599,1,16,KAWASAKI ZX,4,-1,0,-1
2023070294438,2023,070294438,1,5,0,17,19,2,6,0,0,8,2,9,3,0,1,1,6,6,2,43,7,1043,1,6,KAWASAKI ZX,2,E01006879,0,-1
2023631312382,2023,631312382,1,5,0,18,19,2,6,0,0,1,0,0,2,10,4,1,6,6,1,28,6,1199,1,23,KAWASAKI ZX,4,W01000893,0,-1
2023401348303,2023,401348303,3,5,0,18,19,3,7,0,0,8,1,0,0,0,3,1,6,6,1,26,6,599,1,13,KAWASAKI ZX,4,E01017487,0,-1
2023320290567,2023,320290567,1,5,0,4,4,2,6,0,0,1,2,0,1,1,1,1,6,6,1,35,6,998,1,16,KAWASAKI ZX,4,E01013903,0,-1
2023201307980,2023,201307980,2,4,0,18,19,6,2,0,0,0,0,0,0,0,3,1,1,1,1,62,9,1352,1,14,KAWASAKI ZX,5,E01009719,0,-1
2023991332258,2023,991332258,1,5,0,16,19,3,3,0,0,0,1,0,0,0,1,1,5,6,2,31,6,1043,1,8,KAWASAKI ZX,8,E01019533,0,-1
2023451347363,2023,451347363,1,5,0,18,19,3,7,0,0,0,0,0,0,0,1,1,5,6,1,66,10,899,1,24,KAWASAKI ZX,8,E01030730,0,-1
2023010484828,2023,010484828,2,5,0,18,19,7,3,0,0,8,0,0,0,0,1,1,2,2,1,45,7,1043,1,5,KAWASAKI ZX,7,E01000400,0,-1
2023430335913,2023,430335913,2,5,0,18,19,2,6,0,0,8,0,0,0,0,1,1,6,6,1,55,8,1441,1,11,KAWASAKI ZX,6,E01028477,0,-1
2023361322211,2023,361322211,1,5,0,18,19,5,1,0,0,1,0,0,0,0,1,1,5,6,1,65,9,998,1,13,KAWASAKI ZX,6,E01023499,0,-1
2023991281046,2023,991281046,1,5,0,18,19,7,3,0,0,0,2,0,1,0,1,1,2,2,1,36,7,636,1,18,KAWASAKI ZX,4,-1,0,-1
2023451308997,2023,451308997,1,5,0,13,13,3,7,0,0,1,0,0,0,0,1,1,5,6,1,41,7,1043,1,8,KAWASAKI ZX,10,E01030626,0,-1
2023371349382,2023,371349382,1,5,0,13,13,3,7,0,0,0,0,0,1,0,4,1,6,6,1,26,6,636,1,17,KAWASAKI ZX,10,E01030050,0,-1
2023461386390,2023,461386390,2,5,0,18,19,7,3,0,0,0,1,0,0,0,1,1,6,6,1,51,8,998,1,19,KAWASAKI ZX,1,E01016031,0,-1
2023371317246,2023,371317246,1,5,0,18,19,3,7,0,0,0,2,12,0,0,1,1,2,2,1,39,7,1199,1,19,KAWASAKI ZX,9,E01030116,0,-1
2023451381129,2023,451381129,1,5,0,17,19,3,7,0,0,0,1,0,0,0,3,1,2,2,1,45,7,1043,1,5,KAWASAKI ZX,3,E01030362,0,-1
2023421318482,2023,421318482,1,5,0,18,19,8,4,0,0,1,0,0,0,0,1,1,6,6,1,40,7,1043,1,12,KAWASAKI ZX,2,E01015844,0,-1
2023520301087,2023,520301087,2,5,0,18,19,2,6,0,0,8,0,0,0,0,1,1,6,6,1,20,4,599,1,24,KAWASAKI ZX,8,E01029204,0,-1
2023010500246,2023,010500246,1,5,0,99,99,9,9,99,99,9,9,99,9,99,9,1,6,6,1,31,6,599,1,12,KAWASAKI ZX,2,E01004327,0,-1
2023010459886,2023,010459886,2,5,0,4,4,5,1,0,0,0,5,0,0,0,2,1,2,2,1,28,6,636,1,10,KAWASAKI ZX,1,E01033584,0,-1
2023549268823,2023,549268823,1,5,0,16,19,2,4,0,0,0,0,0,0,0,1,1,6,6,1,55,8,1199,1,19,KAWASAKI ZX,4,W01000306,0,-1
2023451307047,2023,451307047,2,5,0,18,19,5,1,0,0,0,0,0,0,0,1,1,6,6,1,28,6,636,1,17,KAWASAKI ZX,3,E01030793,0,-1
2023340WN3012,2023,340WN3012,1,5,0,18,19,6,2,0,0,0,0,0,1,1,1,1,6,6,1,56,9,1199,1,23,KAWASAKI ZX,7,E01027221,0,-1
2023010460037,2023,010460037,1,3,0,99,99,9,9,99,99,9,9,99,9,99,9,1,6,6,3,-1,-1,636,1,7,-1,6,E01002162,0,-1
2023421317918,2023,421317918,2,5,0,11,11,3,1,0,0,3,0,0,0,0,1,1,5,6,1,37,7,636,1,19,KAWASAKI ZX,8,E01033461,0,-1
2023211315274,2023,211315274,3,5,0,4,4,7,3,0,0,1,5,0,0,0,3,1,5,6,1,54,8,1352,1,17,KAWASAKI ZX,8,E01009819,0,-1
2023552300836,2023,552300836,2,5,0,18,19,8,4,0,0,8,0,0,0,0,1,1,6,6,1,29,6,998,1,16,KAWASAKI ZX,3,E01015429,0,-1
2023041312441,2023,041312441,1,5,0,18,19,3,7,0,0,1,0,0,0,0,1,1,6,6,1,46,8,1199,1,21,KAWASAKI ZX,1,E01025574,0,-1
2023010430977,2023,010430977,1,5,0,4,4,5,1,0,0,1,2,0,0,0,1,1,2,2,1,29,6,599,1,15,KAWASAKI ZX,5,E01003155,0,-1
2023631311980,2023,631311980,1,5,0,12,12,2,5,0,0,0,0,0,0,0,1,1,5,6,1,52,8,1043,1,4,KAWASAKI ZX,4,E01021658,0,-1
202360A165566,2023,60A165566,2,5,0,18,19,5,1,0,0,1,0,0,0,0,1,1,6,6,1,21,5,998,1,19,KAWASAKI ZX,-1,-1,0,-1
2023552300857,2023,552300857,2,5,0,14,14,4,8,0,0,8,0,0,0,0,4,1,6,6,1,36,7,636,1,7,KAWASAKI ZX,1,E01015282,0,-1
2023211309672,2023,211309672,2,5,0,18,19,3,7,0,0,0,5,0,0,0,1,1,5,6,1,35,6,749,1,25,KAWASAKI ZX,2,E01010400,0,-1
2023010446614,2023,010446614,2,5,0,18,19,7,3,0,0,1,2,0,0,0,1,1,2,2,1,37,7,1043,1,11,KAWASAKI ZX,3,E01003430,0,-1
2023471320643,2023,471320643,2,5,0,18,19,7,3,0,0,0,0,0,0,0,1,1,5,6,1,52,8,1441,1,6,KAWASAKI ZX,4,E01021013,0,-1
2023010431701,2023,010431701,2,5,0,18,19,1,5,0,0,8,0,0,0,0,1,1,6,6,1,32,6,998,1,4,KAWASAKI ZX,-1,-1,0,-1
2023421326742,2023,421326742,1,5,0,18,19,1,5,0,0,6,0,0,0,0,1,1,5,6,1,30,6,600,1,16,KAWASAKI ZX,3,E01003617,0,-1
2023471318248,2023,471318248,2,5,0,18,19,4,8,0,0,8,0,0,0,0,1,1,5,6,1,26,6,599,1,11,KAWASAKI ZX,3,E01031459,0,-1
2023231342254,2023,231342254,1,5,0,16,19,2,6,0,0,0,1,0,1,0,1,1,6,6,1,33,6,998,1,18,KAWASAKI ZX,9,E01031277,0,-1
2023991359775,2023,991359775,2,97,0,18,19,8,5,0,0,1,1,0,1,0,2,1,5,6,1,47,8,599,1,11,-1,6,-1,0,-1
2023221334147,2023,221334147,1,5,0,16,19,2,5,0,0,0,0,0,2,7,1,1,5,6,1,29,6,636,1,18,KAWASAKI ZX,9,E01032257,0,-1
2023311360111,2023,311360111,1,5,0,16,19,3,7,0,0,0,0,0,7,0,1,1,5,6,1,55,8,1199,1,20,KAWASAKI ZX,8,E01028371,0,-1
2023340WN3362,2023,340WN3362,2,5,0,9,9,7,5,0,0,8,1,0,0,0,2,1,6,6,1,40,7,636,1,21,KAWASAKI ZX,6,E01032977,0,-1
2023010429027,2023,010429027,1,5,0,9,9,5,3,0,0,6,1,0,0,0,3,1,1,1,1,54,8,1043,1,5,KAWASAKI ZX,-1,-1,0,-1
2023211343175,2023,211343175,1,5,0,18,19,8,4,0,0,0,2,12,7,0,1,1,5,6,1,57,9,1043,1,6,KAWASAKI ZX,1,E01010283,0,-1
2023421378251,2023,421378251,2,3,0,18,19,2,6,0,0,1,1,0,0,0,4,1,6,6,1,45,7,636,1,20,-1,7,E01033052,0,-1
2023991331156,2023,991331156,1,5,0,18,19,8,4,0,0,0,2,0,8,0,1,1,6,6,1,49,8,1043,1,7,KAWASAKI ZX,3,-1,0,-1
2023111291332,2023,111291332,1,5,0,18,19,3,7,0,0,4,2,7,7,1,1,1,5,6,1,32,6,1199,1,22,KAWASAKI ZX,5,E01020812,0,-1
2023052301393,2023,052301393,1,5,0,18,19,4,8,0,0,0,1,0,0,0,1,1,6,6,1,55,8,899,1,22,KAWASAKI ZX,1,E01006672,0,-1
2023010483062,2023,010483062,2,5,0,18,19,5,1,0,0,1,0,0,0,0,3,1,6,6,1,46,8,1441,1,9,KAWASAKI ZX,5,E01003156,0,-1
2023451358119,2023,451358119,1,5,0,18,19,6,2,0,0,0,0,0,0,0,1,1,6,6,1,23,5,599,1,22,KAWASAKI ZX,7,E01030872,0,-1
2023361339253,2023,361339253,1,5,0,18,19,3,7,0,0,0,1,0,7,0,1,1,5,6,1,55,8,1000,1,18,KAWASAKI ZX,1,E01026690,0,-1
2023522401077,2023,522401077,2,5,0,18,19,6,2,0,0,1,0,0,0,0,1,1,6,6,1,24,5,599,1,25,KAWASAKI ZX,5,E01029053,0,-1
2023010432006,2023,010432006,1,5,0,99,99,9,9,99,99,9,9,99,9,99,9,1,6,6,1,51,8,636,1,10,KAWASAKI ZX,7,E01000119,0,-1
2023010467706,2023,010467706,1,5,0,4,4,7,3,0,0,0,0,0,0,0,1,1,6,6,2,26,6,599,1,14,KAWASAKI ZX,3,E01021821,0,-1
2023010474045,2023,010474045,1,5,0,9,9,5,3,0,0,8,0,0,0,0,1,1,6,6,1,33,6,998,1,7,KAWASAKI ZX,-1,-1,0,-1
2023451292215,2023,451292215,2,5,0,18,19,2,6,0,0,8,0,0,0,0,1,1,5,6,1,49,8,908,1,37,KAWASAKI ZX,10,E01030308,0,-1
2023421322252,2023,421322252,1,5,0,13,13,6,2,0,0,8,2,0,7,9,1,1,1,1,1,66,10,1441,1,9,KAWASAKI ZX,2,E01003582,0,-1
2023010449346,2023,010449346,1,5,0,18,19,4,8,0,0,0,0,0,0,0,1,1,6,6,1,52,8,998,1,5,KAWASAKI ZX,3,E01033464,0,-1
2023221350544,2023,221350544,1,5,0,18,19,3,7,0,0,0,0,0,0,0,1,1,6,6,1,32,6,599,1,25,KAWASAKI ZX,3,E01032422,0,-1
2023461357124,2023,461357124,1,5,0,13,13,7,3,0,0,0,0,0,0,0,1,1,6,6,1,62,9,599,1,24,KAWASAKI ZX,2,E01023990,0,-1
2023501337240,2023,501337240,1,5,0,13,13,8,4,0,0,0,5,0,0,0,3,1,5,6,1,39,7,636,1,17,KAWASAKI ZX,3,E01019053,0,-1
202363D024323,2023,63D024323,1,5,0,16,19,3,6,0,0,8,1,12,7,10,1,1,6,6,1,55,8,998,1,19,KAWASAKI ZX,8,W01000466,0,-1
202360A033509,2023,60A033509,3,5,0,16,19,4,8,0,0,0,0,0,0,0,3,1,6,6,1,28,6,1043,1,5,KAWASAKI ZX,-1,-1,0,-1
2023061323563,2023,061323563,2,5,0,-1,-1,-1,-1,-1,-1,-1,-1,-1,-1,0,2,1,6,6,1,44,7,599,1,26,KAWASAKI ZX,7,E01005780,0,-1
2023311343456,2023,311343456,2,5,0,18,19,5,1,0,0,1,1,10,2,11,1,1,2,2,1,30,6,599,1,22,KAWASAKI ZX,1,E01013893,0,-1
2023411350339,2023,411350339,1,5,0,13,13,3,7,0,0,0,1,0,0,0,1,1,5,6,1,-1,-1,1043,1,5,KAWASAKI ZX,9,E01023477,0,-1
2023010470213,2023,010470213,2,5,0,18,19,5,1,0,0,1,0,0,0,0,1,1,6,6,1,34,6,998,1,4,KAWASAKI ZX,6,E01001598,0,-1
2023430364093,2023,430364093,1,5,0,16,19,1,3,0,0,4,1,0,0,0,1,1,2,2,1,34,6,636,1,19,KAWASAKI ZX,10,E01017841,0,-1
2023361352429,2023,361352429,2,5,0,18,19,8,3,0,0,2,0,0,0,0,4,1,5,6,1,55,8,1441,1,10,KAWASAKI ZX,4,E01026705,0,-1
2023070292367,2023,070292367,1,4,0,13,13,8,4,0,0,0,2,0,7,10,1,1,2,2,1,48,8,636,1,17,KAWASAKI ZX,9,E01019767,0,-1
2023101289611,2023,101289611,1,5,0,13,13,6,2,0,0,2,1,0,0,0,1,1,6,6,1,29,6,592,1,35,KAWASAKI ZX,8,E01027420,0,-1
2023010462892,2023,010462892,1,5,0,18,19,3,7,0,0,8,0,0,0,0,2,1,2,2,1,61,9,599,1,11,KAWASAKI ZX,6,E01001563,0,-1
2023610021023,2023,610021023,2,5,0,18,19,4,8,0,0,0,0,0,0,0,1,1,6,6,1,39,7,1043,1,6,KAWASAKI ZX,4,W01001541,0,-1
2023351357337,2023,351357337,1,5,0,13,13,6,2,0,0,0,0,7,0,0,1,1,1,1,1,52,8,1043,1,12,KAWASAKI ZX,6,E01018304,0,-1
2023010455840,2023,010455840,4,5,0,18,19,5,1,0,0,1,0,0,0,0,1,1,6,6,1,32,6,599,1,16,KAWASAKI ZX,4,E01000170,0,-1
2023622300311,2023,622300311,1,5,0,18,19,4,8,0,0,1,0,0,0,0,1,1,6,6,1,39,7,998,1,7,KAWASAKI ZX,7,W01001118,0,-1
2023031320938,2023,031320938,1,5,0,13,13,8,2,0,0,0,2,0,0,0,3,1,6,6,1,27,6,899,1,22,KAWASAKI ZX,-1,-1,0,-1
2023461351165,2023,461351165,1,5,0,16,19,7,2,0,0,0,0,0,7,9,1,1,6,6,2,47,8,998,1,5,KAWASAKI ZX,4,E01001613,0,-1
2023031317279,2023,031317279,1,5,0,18,19,1,6,0,0,0,0,0,0,0,4,1,5,6,1,56,9,1441,1,5,KAWASAKI ZX,-1,-1,0,-1
2023547279023,2023,547279023,1,5,0,18,19,1,5,0,0,0,1,0,1,4,4,1,6,6,1,30,6,599,1,25,KAWASAKI ZX,5,E01031947,0,-1
2023161284645,2023,161284645,1,5,0,18,19,5,1,0,0,0,2,0,2,11,1,1,6,6,1,20,4,599,1,25,KAWASAKI ZX,7,E01013256,0,-1
2023332300731,2023,332300731,1,5,0,4,4,3,7,0,0,0,0,0,0,0,3,1,6,6,1,40,7,1352,1,16,KAWASAKI ZX,7,E01026299,0,-1
2023131328912,2023,131328912,2,5,0,18,19,8,1,0,0,8,0,0,0,0,1,1,1,1,1,64,9,1352,1,16,KAWASAKI ZX,1,E01011494,0,-1
2023501285137,2023,501285137,1,5,0,13,13,6,2,0,0,0,0,0,7,11,3,1,6,6,2,50,8,899,1,23,KAWASAKI ZX,7,E01019899,0,-1
2023501322111,2023,501322111,1,5,0,18,19,5,4,0,0,1,2,0,0,0,1,1,6,6,1,37,7,599,1,16,KAWASAKI ZX,9,E01020058,0,-1
2023340WN5952,2023,340WN5952,1,5,0,18,19,6,2,0,0,0,2,0,0,0,1,1,6,6,1,48,8,998,1,12,KAWASAKI ZX,4,E01026972,0,-1
202360A107106,2023,60A107106,1,5,0,18,19,4,8,0,0,0,1,0,0,0,3,1,6,6,1,38,7,636,1,9,KAWASAKI ZX,-1,-1,0,-1
2023351334331,2023,351334331,2,5,0,18,19,1,5,0,0,0,1,0,1,0,1,1,5,6,1,37,7,998,1,13,KAWASAKI ZX,6,E01018151,0,-1
2023070180266,2023,070180266,1,5,0,18,19,3,7,0,0,8,0,0,1,0,1,1,6,6,1,21,5,599,1,24,KAWASAKI ZX,1,E01018351,0,-1
2023501341792,2023,501341792,1,5,0,18,19,7,3,0,0,0,1,0,0,0,1,1,6,6,1,22,5,636,1,19,KAWASAKI ZX,4,E01019063,0,-1
2023545115423,2023,545115423,2,5,0,14,14,1,5,0,0,1,0,0,0,0,1,1,6,6,1,44,7,1352,1,16,KAWASAKI ZX,9,E01031879,0,-1
2023531343549,2023,531343549,3,5,0,18,19,6,2,0,0,0,0,0,0,0,0,1,6,6,1,44,7,1043,1,12,KAWASAKI ZX,3,E01015477,0,-1
2023201382184,2023,201382184,1,4,0,18,19,8,4,0,0,8,5,0,0,0,1,1,5,6,1,30,6,599,1,22,KAWASAKI ZX,2,E01009509,0,-1
2023122301303,2023,122301303,1,5,0,13,13,2,6,0,0,3,1,0,7,10,1,1,6,6,1,40,7,599,1,21,KAWASAKI ZX,7,E01027673,0,-1
2023421367088,2023,421367088,1,5,0,18,19,6,1,0,0,0,1,4,0,0,1,1,6,6,1,15,3,636,1,20,KAWASAKI ZX,3,E01021601,0,-1
2023371343646,2023,371343646,2,5,0,18,19,7,3,0,0,8,1,0,0,0,3,1,6,6,1,56,9,899,1,19,KAWASAKI ZX,8,E01018219,0,-1
2023461291899,2023,461291899,2,5,0,18,19,3,7,0,0,8,0,0,0,0,3,1,2,2,1,60,9,899,1,26,KAWASAKI ZX,3,E01024241,0,-1
2023131279467,2023,131279467,1,5,0,18,19,5,1,0,0,0,0,0,1,0,4,1,2,2,1,35,6,599,1,28,KAWASAKI ZX,3,E01011776,0,-1
2023101376389,2023,101376389,1,5,0,18,19,3,7,0,0,0,1,0,0,0,3,1,5,6,1,57,9,899,1,19,KAWASAKI ZX,3,E01008739,0,-1
2023161341302,2023,161341302,1,5,0,16,19,6,2,0,0,0,2,0,0,0,3,1,5,6,1,64,9,899,1,21,KAWASAKI ZX,5,E01011749,0,-1
2023451344018,2023,451344018,2,2,0,18,19,1,1,0,0,0,0,0,0,0,3,1,6,6,1,30,6,636,1,17,-1,10,E01030320,0,-1
2023461320890,2023,461320890,1,5,0,9,9,5,3,0,0,1,0,0,0,0,3,1,6,6,1,65,9,1043,1,5,KAWASAKI ZX,5,E01016127,0,-1
2023401299879,2023,401299879,1,5,0,18,19,4,8,0,0,1,5,10,0,0,1,1,6,6,1,54,8,599,1,25,KAWASAKI ZX,4,E01017579,0,-1