collision_index,collision_year,collision_ref_no,vehicle_reference,vehicle_type,towing_and_articulation,vehicle_manoeuvre_historic,vehicle_manoeuvre,vehicle_direction_from,vehicle_direction_to,vehicle_location_restricted_lane_historic,vehicle_location_restricted_lane,junction_location,skidding_and_overturning,hit_object_in_carriageway,vehicle_leaving_carriageway,hit_object_off_carriageway,first_point_of_impact,vehicle_left_hand_drive,journey_purpose_of_driver_historic,journey_purpose_of_driver,sex_of_driver,age_of_driver,age_band_of_driver,engine_capacity_cc,propulsion_code,age_of_vehicle,generic_make_model,driver_imd_decile,lsoa_of_driver,escooter_flag,driver_distance_banding
2023201264549,2023,201264549,1,5,0,18,19,1,4,0,0,1,0,0,0,0,3,1,6,6,1,22,5,592,1,30,KAWASAKI ZX,3,E01029487,0,-1
2023522301689,2023,522301689,2,4,0,18,19,7,3,0,0,1,0,0,0,0,1,1,6,6,1,39,7,998,1,11,KAWASAKI ZX,7,E01014599,0,-1
2023161321752,2023,161321752,1,5,0,9,9,7,1,0,0,1,0,0,0,0,3,1,5,6,1,52,8,998,1,12,KAWASAKI ZX,7,E01013017,0,-1
2023122400079,2023,122400079,1,5,0,13,13,1,5,0,0,0,1,0,1,11,1,1,6,6,1,55,8,899,1,21,KAWASAKI ZX,5,E01027818,0,-1
2023122301137,2023,122301137,1,5,0,13,13,4,8,0,0,3,0,0,0,0,4,1,6,6,1,64,9,1043,1,5,KAWASAKI ZX,5,E01033414,0,-1
2023991342719,2023,991342719,1,5,0,18,19,7,3,0,0,0,0,0,1,0,1,1,5,6,1,59,9,899,1,23,KAWASAKI ZX,2,-1,0,-1
2023501317267,2023,501317267,2,5,0,18,19,6,2,0,0,1,0,0,0,0,4,1,6,6,1,43,7,1043,1,9,KAWASAKI ZX,4,E01019073,0,-1
2023332300675,2023,332300675,1,5,0,16,19,4,7,0,0,0,1,0,0,0,3,1,6,6,1,29,6,998,1,17,KAWASAKI ZX,7,E01027109,0,-1
2023440048973,2023,440048973,1,5,0,12,12,2,8,0,0,8,0,0,0,0,3,1,6,6,1,33,6,1441,1,10,KAWASAKI ZX,2,E01017272,0,-1
2023421316535,2023,421316535,2,5,0,18,19,3,7,0,0,8,0,0,7,0,4,1,6,6,1,35,6,599,1,25,KAWASAKI ZX,3,E01021326,0,-1
2023461335517,2023,461335517,1,5,0,18,19,5,1,0,0,0,5,0,0,0,1,1,6,6,1,34,6,998,1,7,KAWASAKI ZX,3,E01016114,0,-1
2023332300158,2023,332300158,2,4,0,18,19,2,6,0,0,2,0,0,0,0,1,1,6,6,1,30,6,599,1,25,KAWASAKI ZX,1,E01013604,0,-1
2023010428942,2023,010428942,1,5,0,99,99,9,9,99,99,9,9,99,9,99,9,1,6,6,1,58,9,1199,1,23,KAWASAKI ZX,5,E01000620,0,-1
2023549018423,2023,549018423,1,5,0,18,19,1,5,0,0,0,0,0,0,0,1,1,6,6,1,35,6,1352,1,15,KAWASAKI ZX,1,E01031090,0,-1
2023010468301,2023,010468301,2,5,0,9,9,1,7,0,0,8,2,0,0,0,1,1,3,7,1,41,7,636,1,7,KAWASAKI ZX,4,E01002677,0,-1
2023221316433,2023,221316433,1,4,0,4,4,3,7,0,0,0,0,0,0,0,1,1,6,6,1,40,7,998,1,16,KAWASAKI ZX,7,E01014204,0,-1
2023471302574,2023,471302574,1,5,0,13,13,8,4,0,0,0,0,0,0,0,4,1,5,6,1,35,6,899,1,23,KAWASAKI ZX,5,E01031705,0,-1
2023430163752,2023,430163752,1,5,0,18,19,8,4,0,0,0,0,0,0,0,4,1,6,6,1,53,8,998,1,5,KAWASAKI ZX,9,E01028535,0,-1
2023991313925,2023,991313925,2,5,0,18,19,3,7,0,0,8,5,0,0,0,1,1,2,2,1,39,7,599,1,12,KAWASAKI ZX,1,-1,0,-1
2023010447788,2023,010447788,2,5,0,4,4,4,8,0,0,8,0,0,0,0,1,1,6,6,1,57,9,1043,1,5,KAWASAKI ZX,-1,-1,0,-1
2023070300695,2023,070300695,2,4,0,18,19,7,3,9,9,2,0,0,0,0,1,1,6,6,1,56,9,599,1,25,KAWASAKI ZX,1,E01018310,0,-1
2023501315038,2023,501315038,2,5,0,18,19,2,6,0,0,0,2,0,0,0,1,1,6,6,1,38,7,636,1,21,KAWASAKI ZX,3,E01020272,0,-1
2023161260784,2023,161260784,2,5,0,18,19,6,2,0,0,2,0,10,4,0,4,1,5,6,1,21,5,599,1,19,KAWASAKI ZX,1,E01012917,0,-1
2023211295114,2023,211295114,2,5,0,17,19,5,2,0,0,0,5,0,0,0,4,1,5,6,1,63,9,1043,1,8,KAWASAKI ZX,8,E01029486,0,-1
2023622300881,2023,622300881,1,5,0,13,13,4,8,0,0,1,0,0,0,0,1,1,6,6,1,46,8,998,1,5,KAWASAKI ZX,9,W01001745,0,-1
2023351300738,2023,351300738,1,5,0,18,19,-1,-1,0,0,8,0,0,0,0,1,1,6,6,3,-1,-1,1441,1,6,KAWASAKI ZX,-1,-1,0,-1
2023991363425,2023,991363425,1,5,0,18,19,6,2,0,0,3,2,0,0,0,4,1,6,6,1,32,6,599,1,22,KAWASAKI ZX,-1,-1,0,-1
2023052302940,2023,052302940,1,5,0,18,19,2,6,0,0,8,0,0,0,0,1,1,6,6,1,33,6,998,1,9,KAWASAKI ZX,6,E01006794,0,-1
2023471293045,2023,471293045,2,5,0,18,19,5,1,0,0,1,5,0,0,0,4,1,1,1,1,54,8,599,1,20,KAWASAKI ZX,5,E01009556,0,-1
2023461302223,2023,461302223,2,5,0,5,5,7,3,0,0,1,0,0,0,0,1,1,2,2,1,43,7,636,1,18,KAWASAKI ZX,6,E01024212,0,-1
2023122300230,2023,122300230,1,5,0,18,19,3,7,0,0,8,0,0,1,0,3,1,6,6,1,30,6,1043,1,11,KAWASAKI ZX,5,E01012796,0,-1
2023320213429,2023,320213429,1,5,0,9,9,8,4,0,0,6,2,0,0,0,4,1,6,6,2,48,8,998,1,18,KAWASAKI ZX,4,E01026105,0,-1
2023211309517,2023,211309517,1,5,0,13,13,1,5,0,0,0,0,0,0,0,1,1,6,6,1,52,8,1043,1,11,KAWASAKI ZX,4,E01029836,0,-1
2023010442609,2023,010442609,2,5,0,13,13,5,1,0,0,1,5,0,1,0,3,1,2,2,1,19,4,599,1,23,KAWASAKI ZX,7,E01003673,0,-1
2023070253263,2023,070253263,2,5,0,7,7,6,2,0,0,4,0,0,0,0,1,1,6,6,1,80,11,1043,1,10,KAWASAKI ZX,6,E01018749,0,-1
2023552400160,2023,552400160,3,5,0,3,3,2,6,0,0,0,0,0,0,0,2,1,1,1,1,40,7,998,1,17,KAWASAKI ZX,-1,-1,0,-1
2023041314551,2023,041314551,2,5,0,16,19,1,5,0,0,4,2,0,7,0,3,1,5,6,1,29,6,899,1,23,KAWASAKI ZX,5,E01025030,0,-1
2023421308989,2023,421308989,2,5,0,13,13,8,4,0,0,0,0,0,0,0,1,1,6,6,1,65,9,998,1,15,KAWASAKI ZX,2,E01021989,0,-1
2023010451878,2023,010451878,1,5,0,18,19,5,1,0,0,0,1,10,0,0,1,1,6,6,1,39,7,636,1,6,KAWASAKI ZX,-1,-1,0,-1
2023332300354,2023,332300354,1,5,0,18,19,6,2,0,0,8,0,0,0,0,1,1,2,2,1,58,9,1441,1,5,KAWASAKI ZX,9,E01019853,0,-1
2023201405447,2023,201405447,1,4,0,18,19,6,2,0,0,8,0,0,0,0,1,1,6,6,1,24,5,599,1,26,KAWASAKI ZX,1,E01009844,0,-1
2023430245122,2023,430245122,1,5,0,17,19,8,5,0,0,0,0,0,0,0,1,1,6,6,1,29,6,1043,1,5,KAWASAKI ZX,7,E01033410,0,-1
2023070374113,2023,070374113,2,5,0,18,19,4,8,0,0,8,0,0,0,0,1,1,6,6,1,28,6,599,1,21,KAWASAKI ZX,5,E01012405,0,-1
2023471318508,2023,471318508,1,5,0,18,19,3,7,0,0,0,0,0,0,0,3,1,1,1,1,54,8,1441,1,10,KAWASAKI ZX,4,E01031435,0,-1
2023440325072,2023,440325072,1,5,0,18,19,7,3,0,0,0,0,0,0,0,2,1,6,6,1,48,8,998,1,10,KAWASAKI ZX,4,E01021501,0,-1
2023991309032,2023,991309032,1,5,0,18,19,7,3,0,0,1,0,0,0,0,1,1,2,2,1,41,7,599,1,23,KAWASAKI ZX,6,-1,0,-1
2023991391980,2023,991391980,2,5,0,18,19,5,1,0,0,1,2,0,0,0,1,1,5,6,1,28,6,998,1,8,KAWASAKI ZX,10,-1,0,-1
2023211350829,2023,211350829,1,5,0,18,19,4,2,0,0,8,1,0,0,0,1,1,6,6,1,23,5,599,1,22,KAWASAKI ZX,4,E01029373,0,-1
2023421294641,2023,421294641,2,5,0,18,19,1,5,0,0,2,2,0,7,0,1,1,6,6,1,33,6,636,1,8,KAWASAKI ZX,3,E01021418,0,-1
2023430373277,2023,430373277,1,4,0,18,19,6,2,0,0,2,1,10,1,3,1,1,6,6,1,29,6,899,1,24,KAWASAKI ZX,10,E01023278,0,-1
2023501333366,2023,501333366,1,5,0,18,19,8,4,0,0,1,2,0,0,0,1,1,5,6,1,49,8,998,1,13,KAWASAKI ZX,4,E01018759,0,-1
2023122301083,2023,122301083,1,5,0,16,19,6,1,0,0,0,0,0,8,10,1,1,6,6,1,40,7,1164,1,20,KAWASAKI ZX,5,E01033202,0,-1
2023371314388,2023,371314388,2,5,0,18,19,3,7,0,0,0,2,0,0,0,1,1,1,1,1,54,8,1441,1,11,KAWASAKI ZX,5,E01030151,0,-1
2023211310239,2023,211310239,1,5,0,16,19,3,3,0,0,0,1,0,0,0,3,1,5,6,1,39,7,599,1,15,KAWASAKI ZX,9,E01029368,0,-1
2023552300460,2023,552300460,2,3,0,18,19,2,6,0,0,0,1,10,0,0,4,1,6,6,1,47,8,899,1,23,-1,4,E01015443,0,-1
2023010441689,2023,010441689,1,5,0,18,19,7,3,0,0,0,0,0,1,0,1,1,6,6,1,58,9,636,1,17,KAWASAKI ZX,2,E01016041,0,-1
2023991324221,2023,991324221,2,5,0,18,19,8,5,0,0,8,0,0,0,0,1,1,6,6,1,31,6,899,1,22,KAWASAKI ZX,4,-1,0,-1
2023010485209,2023,010485209,1,5,0,12,12,1,5,0,0,0,0,0,0,0,4,1,1,1,1,22,5,998,1,10,KAWASAKI ZX,2,E01003092,0,-1
2023201284874,2023,201284874,2,5,0,15,15,7,3,0,0,0,0,0,0,0,4,1,6,6,1,51,8,636,1,19,KAWASAKI ZX,1,E01009160,0,-1
2023211297051,2023,211297051,1,5,0,18,19,6,2,0,0,3,1,0,0,0,3,1,6,6,1,41,7,998,1,8,KAWASAKI ZX,-1,-1,0,-1
2023061310732,2023,061310732,1,5,0,9,9,5,3,0,0,8,0,0,0,0,4,1,5,6,1,42,7,1043,1,10,KAWASAKI ZX,1,E01004826,0,-1
2023031321772,2023,031321772,1,5,0,18,19,5,1,0,0,8,5,0,0,0,1,1,2,2,1,32,6,636,1,6,KAWASAKI ZX,-1,-1,0,-1
2023031342575,2023,031342575,1,5,0,2,2,1,1,0,0,0,0,0,0,0,3,1,6,6,1,34,6,693,1,2,-1,6,E01025495,0,-1
2023061344276,2023,061344276,1,9,0,18,19,5,1,0,0,1,0,0,0,0,1,1,6,6,2,26,6,1598,1,13,MINI FIRST,-1,-1,0,-1
2023451390832,2023,451390832,1,9,0,18,19,3,7,0,0,0,0,0,0,0,1,1,5,6,2,19,4,1598,1,12,MINI FIRST,4,E01030551,0,-1
2023010467899,2023,010467899,1,9,0,99,99,9,9,99,99,9,9,99,9,99,1,9,6,6,2,34,6,1598,1,13,MINI FIRST,1,E01004205,0,-1
202360A085630,2023,60A085630,1,9,0,14,14,7,3,0,0,1,0,0,0,0,1,1,3,7,2,42,7,1600,1,12,MINI FIRST,-1,-1,0,-1
2023991280253,2023,991280253,1,9,0,10,10,6,4,0,0,1,0,0,0,0,0,1,6,6,2,21,5,1397,1,14,MINI FIRST,6,-1,0,-1
2023131304336,2023,131304336,2,9,0,2,2,0,0,0,0,0,0,0,0,0,2,1,6,6,3,-1,-1,1598,1,11,MINI FIRST,-1,-1,0,-1
2023010480775,2023,010480775,1,9,0,99,99,9,9,0,0,0,0,99,0,0,9,9,6,6,3,-1,-1,1600,1,12,MINI FIRST,-1,-1,0,-1
2023052301835,2023,052301835,1,9,0,18,19,2,6,0,0,0,0,0,7,4,1,1,6,6,1,22,5,1598,1,13,MINI FIRST,6,E01007033,0,-1
2023311342489,2023,311342489,2,9,0,18,19,3,7,0,0,1,0,0,0,0,2,1,6,6,2,25,5,1598,1,13,MINI FIRST,10,E01026184,0,-1
2023552300660,2023,552300660,3,9,0,4,4,5,1,0,0,0,0,0,0,0,2,1,6,6,2,17,4,1598,1,12,MINI FIRST,6,E01020453,0,-1
2023031362699,2023,031362699,1,9,0,18,19,1,3,0,0,0,0,0,0,0,4,1,6,6,2,30,6,1600,1,12,MINI FIRST,-1,-1,0,-1
2023622300278,2023,622300278,1,9,0,18,19,4,8,0,0,1,0,0,0,0,1,1,6,6,2,76,11,1397,1,14,MINI FIRST,4,W01001248,0,-1
2023501295611,2023,501295611,2,9,0,3,3,8,4,0,0,1,0,0,0,0,2,1,5,6,2,64,9,1600,1,12,MINI FIRST,6,E01015076,0,-1
2023361368440,2023,361368440,2,4,0,18,19,2,6,0,0,0,0,0,0,0,1,1,2,2,1,64,9,278,1,0,-1,5,E01026647,0,-1
2023371328992,2023,371328992,2,4,0,18,19,1,5,0,0,8,0,0,0,0,4,1,6,6,1,66,10,278,1,1,-1,9,E01030238,0,-1
2023010429385,2023,010429385,1,5,0,18,19,5,1,0,0,1,1,0,0,0,3,1,6,6,1,65,9,648,1,4,-1,-1,-1,0,-1
2023010439372,2023,010439372,1,5,0,13,13,5,1,0,0,8,5,0,0,0,4,1,6,6,1,40,7,648,1,1,-1,7,E01003371,0,-1
2023631347764,2023,631347764,1,3,0,4,4,3,7,0,0,0,1,0,0,0,3,1,5,6,1,71,10,249,1,60,-1,6,W01000919,0,-1
2023610047923,2023,610047923,1,4,0,18,19,4,8,0,0,0,0,0,0,0,4,1,6,6,1,37,7,293,1,0,-1,1,W01001339,0,-1
2023351402864,2023,351402864,2,3,0,18,19,5,1,0,0,4,0,0,0,0,1,1,1,1,1,31,6,-1,-1,-1,-1,9,E01017993,0,-1
2023170S20613,2023,170S20613,1,2,0,18,19,6,2,0,0,0,1,0,0,0,3,1,6,6,1,66,10,198,1,27,-1,9,E01012346,0,-1
2023430039147,2023,430039147,1,9,0,11,11,8,4,0,0,1,0,0,0,0,4,1,6,6,1,64,9,2401,2,16,VOLVO S80,7,E01016827,0,-1
2023010448379,2023,010448379,2,9,0,18,19,5,1,0,0,1,0,0,0,0,1,1,6,6,1,34,6,2400,2,13,VOLVO S80,8,E01003420,0,-1
2023010456621,2023,010456621,2,9,0,99,99,9,9,99,99,9,9,99,9,99,9,9,6,6,3,-1,-1,1997,2,15,VOLVO S80,-1,-1,0,-1
2023010442884,2023,010442884,1,9,0,9,9,4,1,0,0,6,0,0,0,0,1,1,6,6,1,78,11,2400,2,11,VOLVO S80,10,E01002158,0,-1
2023041265572,2023,041265572,2,9,0,18,19,1,5,0,0,1,0,0,0,0,4,1,5,6,1,66,10,2401,2,18,VOLVO S80,9,E01025023,0,-1
2023430568008,2023,430568008,1,9,0,17,19,3,8,0,0,1,0,0,1,3,1,1,2,2,1,19,4,2401,2,16,VOLVO S80,9,E01016308,0,-1
2023211354598,2023,211354598,1,9,0,18,19,5,3,0,0,0,0,0,0,0,2,1,5,6,1,29,6,2400,2,9,VOLVO S80,1,E01014142,0,-1
2023320564026,2023,320564026,1,9,0,18,19,2,6,0,0,8,0,0,0,1,4,1,1,1,1,41,7,2401,2,18,VOLVO S80,1,E01026093,0,-1
2023401310610,2023,401310610,1,9,0,7,7,8,2,0,0,1,0,0,0,0,4,1,5,6,1,-1,-1,2401,2,16,VOLVO S80,2,E01015737,0,-1
2023141344473,2023,141344473,1,9,0,7,7,6,1,0,0,1,0,0,0,0,3,1,6,6,3,-1,-1,2401,2,15,VOLVO S80,-1,-1,0,-1
2023440374617,2023,440374617,2,9,0,18,19,2,6,0,0,1,0,0,0,0,1,1,2,2,1,63,9,2521,1,16,VOLVO S80,7,E01017255,0,-1
2023161327529,2023,161327529,1,9,0,9,9,1,5,0,0,8,0,0,3,0,1,1,6,6,2,70,10,2500,2,23,VOLVO S80,8,E01013055,0,-1
2023131286207,2023,131286207,1,9,0,18,19,7,3,0,0,8,0,0,0,0,4,1,5,6,2,52,8,2401,2,17,VOLVO S80,2,E01011121,0,-1
2023501366613,2023,501366613,1,9,0,9,9,8,6,0,0,6,0,0,0,0,4,1,6,6,1,66,10,2400,2,13,VOLVO S80,5,E01018817,0,-1
2023101390262,2023,101390262,1,9,0,9,9,8,6,0,0,8,0,0,0,0,1,1,6,6,1,-1,-1,2435,1,21,VOLVO S80,-1,-1,0,-1
2023361317002,2023,361317002,1,3,0,18,19,3,7,0,0,0,0,0,0,0,3,1,2,2,1,24,5,125,1,5,-1,7,E01026533,0,-1
2023070339465,2023,070339465,1,9,0,5,5,8,4,0,0,1,0,0,0,0,1,1,6,6,1,39,7,1995,1,1,ALFA ROMEO GIULIA,10,E01018693,0,-1
2023201405619,2023,201405619,2,9,0,1,1,1,7,0,0,5,0,0,0,0,2,1,6,6,1,31,6,2891,1,4,ALFA ROMEO GIULIA,10,E01009444,0,-1
2023991301765,2023,991301765,1,9,0,17,19,2,6,0,0,0,1,0,0,0,4,1,2,2,1,35,6,1995,1,4,ALFA ROMEO GIULIA,4,-1,0,-1
2023332300001,2023,332300001,1,9,0,17,19,1,6,0,0,0,0,0,7,10,1,1,6,6,1,23,5,1995,1,0,ALFA ROMEO GIULIA,6,E01026339,0,-1
2023010451281,2023,010451281,1,9,3,9,9,3,2,0,0,8,0,0,0,0,0,1,6,6,1,38,7,1995,1,1,ALFA ROMEO GIULIA,3,E01003073,0,-1
2023010450589,2023,010450589,1,9,0,13,13,8,4,0,0,4,0,0,0,0,1,1,6,6,3,-1,-1,2143,2,4,ALFA ROMEO GIULIA,-1,-1,0,-1
2023430531515,2023,430531515,5,9,0,2,2,0,0,0,0,0,0,4,0,0,2,1,6,6,3,-1,-1,1995,1,1,ALFA ROMEO GIULIA,-1,-1,0,-1
2023010468224,2023,010468224,2,9,0,18,19,7,3,0,0,6,0,10,0,0,1,1,6,6,1,52,8,2143,2,6,ALFA ROMEO GIULIA,3,E01000020,0,-1
2023311275331,2023,311275331,1,9,0,18,19,1,1,0,0,0,1,0,1,0,3,1,1,1,1,58,9,2891,1,6,ALFA ROMEO GIULIA,9,E01027992,0,-1
2023461318889,2023,461318889,1,9,0,12,12,3,6,0,0,1,0,0,5,6,1,1,6,6,1,56,9,2891,1,6,ALFA ROMEO GIULIA,7,E01024435,0,-1
2023461311217,2023,461311217,2,9,0,18,19,3,7,0,0,0,0,0,0,0,1,1,6,6,1,31,6,1995,1,5,ALFA ROMEO GIULIA,9,E01021756,0,-1
2023161334427,2023,161334427,1,9,0,5,5,3,7,0,0,8,0,0,0,0,1,1,6,6,2,61,9,1995,1,1,ALFA ROMEO GIULIA,7,E01012815,0,-1
2023340WN5412,2023,340WN5412,1,9,0,18,19,4,8,0,0,8,1,0,0,0,1,1,6,6,1,65,9,1995,1,6,ALFA ROMEO GIULIA,9,E01019614,0,-1
2023010459932,2023,010459932,4,9,0,18,19,7,3,0,0,2,0,0,0,0,3,2,6,6,1,46,8,1995,1,5,ALFA ROMEO GIULIA,5,E01003949,0,-1
2023991262057,2023,991262057,1,9,0,18,19,8,4,0,0,0,0,0,0,0,1,1,5,6,1,62,9,1995,1,1,ALFA ROMEO GIULIA,-1,-1,0,-1
2023302301925,2023,302301925,1,9,0,13,13,2,6,0,0,0,0,0,0,0,1,2,1,1,1,21,5,2143,2,4,ALFA ROMEO GIULIA,3,E01007702,0,-1
2023411366399,2023,411366399,1,9,0,13,13,4,8,0,0,0,0,0,1,0,1,1,6,6,3,-1,-1,1995,1,2,ALFA ROMEO GIULIA,-1,-1,0,-1
2023351371039,2023,351371039,1,9,0,18,19,1,3,0,0,0,2,6,2,0,1,1,6,6,1,56,9,1995,1,5,ALFA ROMEO GIULIA,10,E01018248,0,-1
2023340WN1062,2023,340WN1062,4,9,0,10,10,8,4,0,0,2,0,0,0,0,0,1,6,6,1,62,9,1995,1,3,ALFA ROMEO GIULIA,8,E01026993,0,-1
2023201278840,2023,201278840,2,9,0,18,19,8,4,0,0,0,0,0,0,0,2,1,6,6,1,55,8,2143,2,5,ALFA ROMEO GIULIA,5,E01009179,0,-1
2023010431857,2023,010431857,1,9,0,99,99,9,9,99,99,9,9,99,9,99,2,9,6,6,1,47,8,1798,1,2,-1,6,E01002844,0,-1
2023451294573,2023,451294573,2,9,0,5,5,1,7,0,0,0,0,0,0,0,1,1,6,6,1,60,9,1798,1,1,-1,4,E01016986,0,-1
2023440402674,2023,440402674,2,9,0,17,19,4,1,0,0,0,0,0,0,0,1,1,2,2,1,56,9,1798,1,4,-1,9,E01016308,0,-1
2023201292347,2023,201292347,3,9,0,18,19,8,4,0,0,1,0,0,0,0,0,1,6,6,2,-1,-1,1422,2,22,AUDI A2,5,E01009032,0,-1
2023311274040,2023,311274040,1,9,0,18,19,5,1,0,0,0,0,0,0,0,1,1,6,6,1,50,8,1390,2,22,AUDI A2,-1,-1,0,-1
2023522400295,2023,522400295,2,9,0,7,7,5,8,0,0,6,0,0,0,0,1,1,6,6,3,-1,-1,1598,1,20,AUDI A2,-1,-1,0,-1
2023531367862,2023,531367862,1,9,0,17,19,6,2,0,0,0,1,6,0,0,1,1,6,6,1,43,7,1598,1,20,AUDI A2,6,E01022226,0,-1
2023351272930,2023,351272930,2,9,0,3,3,5,1,0,0,1,0,0,0,0,2,1,5,6,2,62,9,1390,2,21,AUDI A2,5,E01018179,0,-1
2023101357062,2023,101357062,1,9,0,18,19,1,5,0,0,2,1,0,0,0,4,1,6,6,1,46,8,1390,2,21,AUDI A2,1,E01008651,0,-1
2023471352541,2023,471352541,2,9,0,18,19,1,5,0,0,0,0,0,0,0,1,1,5,6,2,68,10,1390,1,22,AUDI A2,9,E01020945,0,-1
202354D522123,2023,54D522123,1,9,0,16,19,1,5,0,0,2,5,0,0,0,3,1,6,6,2,73,10,1390,2,18,AUDI A2,7,E01020390,0,-1
2023351387058,2023,351387058,2,9,0,3,3,-1,-1,0,0,0,0,0,0,0,2,1,2,2,1,69,10,1598,1,20,AUDI A2,9,E01018054,0,-1
2023549961623,2023,549961623,1,9,0,18,19,1,5,0,0,1,0,0,0,0,1,1,2,2,2,43,7,1390,2,20,AUDI A2,9,E01022107,0,-1
2023010442414,2023,010442414,2,9,0,2,2,0,0,0,0,8,0,4,0,0,1,1,6,6,3,-1,-1,1422,2,21,AUDI A2,-1,-1,0,-1
2023010428171,2023,010428171,1,9,0,5,5,7,3,0,0,6,0,0,0,0,1,1,2,2,1,29,6,1390,1,20,AUDI A2,5,E01001647,0,-1
2023991334111,2023,991334111,2,9,0,17,19,1,6,0,0,0,0,0,1,0,1,1,5,6,2,71,10,1390,1,22,AUDI A2,-1,-1,0,-1
2023070407777,2023,070407777,1,19,0,18,19,1,5,0,0,0,1,0,0,0,1,1,1,1,1,60,9,2198,2,7,CITROEN RELAY,3,E01015381,0,-1
2023401289996,2023,401289996,1,19,0,18,19,8,4,0,0,0,0,0,0,0,1,1,6,6,1,32,6,2179,2,1,CITROEN RELAY,5,E01023631,0,-1
2023311343855,2023,311343855,1,19,0,1,1,1,5,0,0,0,0,0,0,0,2,1,1,1,1,28,6,1997,2,6,CITROEN RELAY,1,E01027939,0,-1
2023552300243,2023,552300243,1,19,0,1,1,6,2,0,0,1,0,0,0,0,2,1,6,6,1,40,7,2200,2,2,CITROEN RELAY,5,E01002123,0,-1
2023440466129,2023,440466129,1,19,0,18,19,5,1,0,0,0,0,0,0,0,1,1,2,2,1,36,7,2200,2,2,CITROEN RELAY,3,E01022959,0,-1
2023010442295,2023,010442295,2,19,0,4,4,1,5,0,0,0,0,0,0,0,1,1,1,1,1,27,6,2200,2,4,CITROEN RELAY,4,E01003357,0,-1
2023461323871,2023,461323871,1,19,0,1,1,7,3,0,0,0,0,0,0,0,2,1,1,1,1,53,8,2200,2,3,CITROEN RELAY,3,E01024499,0,-1
2023501269924,2023,501269924,1,19,0,13,13,4,8,0,0,0,2,0,8,10,4,1,1,1,1,35,6,2179,2,1,CITROEN RELAY,6,E01020209,0,-1
2023440274115,2023,440274115,1,19,0,3,3,5,1,0,0,1,0,0,0,0,2,1,6,6,1,63,9,2198,2,13,CITROEN RELAY,5,E01017126,0,-1
2023010444759,2023,010444759,2,19,0,18,19,3,7,0,0,0,0,0,0,0,2,1,6,6,3,33,6,2200,2,2,CITROEN RELAY,-1,-1,0,-1
2023320796800,2023,320796800,1,19,0,12,12,2,6,0,0,0,0,0,0,7,2,1,6,6,1,30,6,1997,2,4,CITROEN RELAY,1,E01026152,0,-1
2023170S10593,2023,170S10593,1,19,0,4,4,1,5,0,0,0,0,0,0,0,2,1,1,1,1,-1,-1,2200,2,1,CITROEN RELAY,-1,-1,0,-1
2023122301276,2023,122301276,3,19,0,8,8,1,3,0,0,1,0,0,0,0,1,1,6,6,1,61,9,2198,2,11,CITROEN RELAY,8,E01027650,0,-1
2023141286873,2023,141286873,2,19,0,13,13,4,8,0,0,1,0,0,0,0,4,1,6,6,1,67,10,1997,2,6,CITROEN RELAY,2,E01008077,0,-1
2023010458386,2023,010458386,1,19,0,4,4,7,3,0,0,0,0,0,0,0,2,1,6,6,1,33,6,2198,2,16,CITROEN RELAY,5,E01004370,0,-1
2023010443257,2023,010443257,1,19,0,9,9,1,6,0,0,6,0,0,0,0,1,1,1,1,1,25,5,2198,2,11,CITROEN RELAY,6,E01023903,0,-1
2023991323797,2023,991323797,2,19,0,18,19,8,4,0,0,0,0,0,0,0,1,1,1,1,2,60,9,2200,2,2,CITROEN RELAY,6,-1,0,-1
2023010468432,2023,010468432,1,20,0,14,14,5,1,0,0,0,0,0,0,0,1,1,6,6,1,25,5,-1,-1,-1,-1,4,E01001137,0,-1
2023471384158,2023,471384158,1,19,0,7,7,6,8,0,0,6,0,0,0,0,1,1,5,6,1,19,4,2179,2,1,CITROEN RELAY,10,E01031646,0,-1
2023411318156,2023,411318156,2,10,0,3,3,-1,-1,0,0,2,0,0,0,0,2,1,1,1,1,27,6,1997,2,5,-1,3,E01023866,0,-1
202360A034472,2023,60A034472,1,19,0,9,9,6,4,0,0,5,0,10,7,0,4,1,1,1,1,59,9,2198,2,11,CITROEN RELAY,-1,-1,0,-1
2023010473192,2023,010473192,7,19,0,2,2,0,0,0,0,0,0,0,0,0,1,1,6,6,3,-1,-1,2200,2,2,CITROEN RELAY,-1,-1,0,-1
2023010475028,2023,010475028,2,19,0,99,99,9,9,99,99,6,9,99,9,99,1,9,6,6,3,-1,-1,2200,2,2,CITROEN RELAY,5,E01021753,0,-1
2023991334170,2023,991334170,2,19,0,18,19,6,2,0,0,1,0,0,0,0,1,1,1,1,1,55,8,2200,2,1,CITROEN RELAY,7,-1,0,-1
2023031303349,2023,031303349,2,19,0,2,2,0,0,0,0,0,0,0,0,0,1,1,5,6,1,63,9,2198,2,8,CITROEN RELAY,5,E01019309,0,-1
2023451287289,2023,451287289,1,19,0,18,19,7,5,0,0,0,0,0,7,0,1,1,1,1,1,61,9,2198,2,15,CITROEN RELAY,8,E01030422,0,-1
2023501308381,2023,501308381,1,19,0,9,9,7,4,0,0,1,0,0,0,0,1,1,1,1,1,51,8,2200,2,3,CITROEN RELAY,6,E01020338,0,-1