collision_index,collision_year,collision_ref_no,vehicle_reference,vehicle_type,towing_and_articulation,vehicle_manoeuvre_historic,vehicle_manoeuvre,vehicle_direction_from,vehicle_direction_to,vehicle_location_restricted_lane_historic,vehicle_location_restricted_lane,junction_location,skidding_and_overturning,hit_object_in_carriageway,vehicle_leaving_carriageway,hit_object_off_carriageway,first_point_of_impact,vehicle_left_hand_drive,journey_purpose_of_driver_historic,journey_purpose_of_driver,sex_of_driver,age_of_driver,age_band_of_driver,engine_capacity_cc,propulsion_code,age_of_vehicle,generic_make_model,driver_imd_decile,lsoa_of_driver,escooter_flag,driver_distance_banding
2023201361887,2023,201361887,2,19,0,18,19,5,1,0,0,0,0,0,0,0,2,1,1,1,1,43,7,2198,2,8,CITROEN RELAY,2,E01010470,0,-1
2023522400504,2023,522400504,1,19,0,9,9,2,8,0,0,6,0,0,0,0,1,1,6,6,1,25,5,2200,2,3,CITROEN RELAY,8,E01014896,0,-1
2023031324629,2023,031324629,4,19,0,2,2,0,0,9,9,8,0,0,0,0,3,1,6,6,3,-1,-1,2198,2,14,CITROEN RELAY,-1,-1,0,-1
2023161368672,2023,161368672,1,19,0,7,7,7,1,0,0,8,0,0,0,0,3,1,6,6,1,53,8,2198,2,12,CITROEN RELAY,10,E01033496,0,-1
2023421282403,2023,421282403,2,19,0,18,19,2,6,0,0,0,0,0,0,0,3,1,2,2,1,61,9,1997,2,4,CITROEN RELAY,7,E01021752,0,-1
2023991382695,2023,991382695,2,19,0,18,19,4,8,0,0,0,0,0,0,0,2,1,1,1,1,45,7,2179,2,1,CITROEN RELAY,3,E01011028,0,-1
2023361286128,2023,361286128,2,19,0,4,4,3,7,0,0,0,0,0,0,0,2,1,1,1,1,36,7,1997,2,4,CITROEN RELAY,5,E01033435,0,-1
2023421287453,2023,421287453,2,19,0,18,19,3,7,0,0,0,0,0,0,0,2,1,2,2,1,36,7,1997,2,5,CITROEN RELAY,2,E01015899,0,-1
2023061281375,2023,061281375,1,19,0,9,9,4,2,0,0,8,0,0,0,0,1,1,1,1,1,-1,-1,1997,2,5,CITROEN RELAY,4,E01005281,0,-1
2023451311942,2023,451311942,2,19,0,4,4,6,2,0,0,0,0,0,0,0,2,1,2,2,1,42,7,2198,2,11,CITROEN RELAY,10,E01022848,0,-1
2023010483456,2023,010483456,2,19,0,18,19,1,5,0,0,0,0,0,0,0,1,1,1,1,1,-1,-1,2179,2,0,CITROEN RELAY,-1,-1,0,-1
2023041260740,2023,041260740,2,19,0,2,2,0,0,0,0,0,0,0,0,0,2,1,6,6,1,-1,-1,1997,2,7,CITROEN RELAY,1,E01004927,0,-1
2023010433810,2023,010433810,3,19,0,99,99,9,9,99,99,9,9,99,9,99,9,9,6,6,3,-1,-1,2200,2,1,CITROEN RELAY,-1,-1,0,-1
2023010456777,2023,010456777,2,19,0,99,99,9,9,99,99,0,9,99,9,99,2,9,6,6,3,-1,-1,2200,2,1,CITROEN RELAY,-1,-1,0,-1
2023501403218,2023,501403218,1,19,0,18,19,8,4,0,0,0,0,0,0,0,3,1,1,1,1,30,6,2200,2,2,CITROEN RELAY,10,E01016222,0,-1
2023991317667,2023,991317667,1,90,0,18,19,4,8,0,0,0,0,2,0,0,4,1,6,6,3,40,7,2198,2,8,-1,-1,-1,0,-1
2023351353779,2023,351353779,1,19,0,18,19,1,5,0,0,0,0,0,0,0,1,1,1,1,1,56,9,2179,2,0,CITROEN RELAY,9,E01019412,0,-1
2023010455287,2023,010455287,1,19,0,17,19,7,3,0,0,1,0,0,1,0,1,2,1,1,1,29,6,2200,2,2,CITROEN RELAY,2,E01016140,0,-1
2023131279804,2023,131279804,1,20,0,7,7,1,5,0,0,1,0,0,0,0,1,1,1,1,1,55,8,-1,-1,-1,-1,1,E01004787,0,-1
2023451286176,2023,451286176,2,19,0,18,19,5,1,0,0,0,0,0,0,0,1,1,6,6,1,22,5,2200,2,2,CITROEN RELAY,6,E01032696,0,-1
2023501355653,2023,501355653,1,19,0,18,19,6,2,0,0,0,0,0,0,0,1,1,5,6,1,31,6,2200,2,2,CITROEN RELAY,1,E01015257,0,-1
2023122300667,2023,122300667,1,19,0,4,4,5,1,0,0,0,0,0,0,0,1,1,1,1,1,29,6,2200,2,3,CITROEN RELAY,7,E01027653,0,-1
2023991281503,2023,991281503,1,19,0,18,19,1,5,0,0,8,0,0,0,0,1,1,6,6,2,48,8,1997,2,19,CITROEN RELAY,-1,-1,0,-1
2023991363037,2023,991363037,1,19,0,18,19,4,2,0,0,1,0,4,0,0,4,1,6,6,1,46,8,1997,2,5,CITROEN RELAY,4,-1,0,-1
2023010457763,2023,010457763,2,19,9,18,19,7,3,0,0,1,9,0,0,0,1,1,6,6,3,-1,-1,1997,2,5,CITROEN RELAY,-1,-1,0,-1
2023061281035,2023,061281035,2,19,0,2,2,8,8,4,4,0,0,0,0,0,0,1,6,6,3,-1,-1,2198,2,7,CITROEN RELAY,-1,-1,0,-1
202354D704323,2023,54D704323,1,19,0,18,19,3,7,0,0,2,0,0,0,0,1,1,1,1,2,26,6,2198,2,8,CITROEN RELAY,-1,-1,0,-1
2023522301317,2023,522301317,2,19,0,14,14,4,8,7,6,0,0,0,0,0,4,1,6,6,1,34,6,2179,2,1,CITROEN RELAY,2,E01029109,0,-1
2023461285958,2023,461285958,1,19,0,18,19,4,6,0,0,8,0,0,0,0,1,1,6,6,1,33,6,2198,2,11,CITROEN RELAY,1,E01024240,0,-1
2023411281431,2023,411281431,2,19,0,2,2,0,0,0,0,0,0,0,0,0,4,1,5,6,3,-1,-1,2198,2,13,CITROEN RELAY,-1,-1,0,-1
2023471283707,2023,471283707,2,19,4,18,19,3,7,0,0,1,0,0,0,0,1,1,1,1,1,45,7,2179,2,1,CITROEN RELAY,-1,-1,0,-1
2023501298645,2023,501298645,2,10,0,3,3,6,2,0,0,0,0,0,0,0,2,1,1,1,1,56,9,2198,2,14,-1,5,E01020148,0,-1
2023010442039,2023,010442039,1,90,0,10,10,5,2,0,0,6,0,0,0,0,1,1,1,1,1,46,8,-1,-1,-1,-1,7,E01002825,0,-1
2023340WN7012,2023,340WN7012,1,19,0,18,19,6,2,0,0,1,0,0,0,0,1,1,6,6,1,68,10,2198,2,9,CITROEN RELAY,8,E01027209,0,-1
2023501347603,2023,501347603,1,19,0,18,19,3,7,0,0,4,0,0,0,0,1,1,6,6,1,67,10,2198,2,15,CITROEN RELAY,4,E01020262,0,-1
2023221276412,2023,221276412,1,19,0,16,19,2,5,0,0,0,0,10,7,10,1,1,5,6,1,65,9,2198,2,11,CITROEN RELAY,3,E01032242,0,-1
2023211380071,2023,211380071,1,19,0,9,9,1,5,0,0,1,0,0,0,0,4,1,1,1,1,21,5,2200,2,3,CITROEN RELAY,2,E01009102,0,-1
2023010484641,2023,010484641,1,19,0,99,99,9,9,99,99,0,9,99,9,99,9,9,2,2,1,34,6,1997,2,7,CITROEN RELAY,7,E01004134,0,-1
2023010434522,2023,010434522,2,19,9,99,99,9,9,99,99,9,9,99,9,99,9,9,6,6,3,-1,-1,2200,2,3,CITROEN RELAY,-1,-1,0,-1
2023501339624,2023,501339624,2,19,0,3,3,1,5,0,0,0,0,0,0,0,2,1,1,1,1,27,6,2200,2,2,CITROEN RELAY,6,E01030862,0,-1
2023440031875,2023,440031875,1,19,0,18,19,8,6,0,0,2,0,0,0,0,1,1,6,6,1,-1,-1,2200,2,2,CITROEN RELAY,-1,-1,0,-1
2023010484169,2023,010484169,1,19,0,9,9,5,3,0,0,5,0,0,0,0,3,1,1,1,1,53,8,2200,2,3,CITROEN RELAY,6,E01003030,0,-1
2023622301046,2023,622301046,1,19,0,4,4,6,2,0,0,0,0,0,0,0,2,1,6,6,1,54,8,2200,2,1,CITROEN RELAY,10,W01001776,0,-1
2023010422383,2023,010422383,1,19,0,5,5,7,3,0,0,1,0,0,0,0,1,1,6,6,1,55,8,2200,2,3,CITROEN RELAY,9,E01003458,0,-1
2023421376228,2023,421376228,1,19,0,18,19,8,4,0,0,2,5,0,3,9,1,1,6,6,1,49,8,2200,2,4,CITROEN RELAY,-1,-1,0,-1
2023361369765,2023,361369765,2,19,4,18,19,3,7,0,0,0,0,0,0,0,3,1,2,2,1,56,9,2198,2,15,CITROEN RELAY,6,E01026580,0,-1
2023471347547,2023,471347547,1,19,0,18,19,3,7,0,0,0,0,0,0,0,4,1,5,6,1,30,6,1997,2,5,CITROEN RELAY,9,E01024956,0,-1
2023545123323,2023,545123323,1,19,0,5,5,7,3,0,0,4,0,0,0,0,1,1,6,6,1,73,10,2198,2,16,CITROEN RELAY,9,E01015547,0,-1
2023201415530,2023,201415530,1,19,0,18,19,7,3,0,0,0,0,0,0,0,1,1,1,1,1,-1,-1,-1,-1,-1,CITROEN RELAY,-1,-1,0,-1
202363A015723,2023,63A015723,1,19,0,12,12,7,3,0,0,0,1,0,0,0,1,1,6,6,1,62,9,1997,2,20,CITROEN RELAY,7,W01000692,0,-1
2023211393410,2023,211393410,2,19,0,18,19,6,1,0,0,1,0,0,0,0,1,1,5,6,1,23,5,2200,2,2,CITROEN RELAY,7,E01029581,0,-1
2023461281095,2023,461281095,1,19,0,18,19,6,4,0,0,8,0,0,0,0,1,1,5,6,1,-1,-1,1997,2,4,CITROEN RELAY,-1,-1,0,-1
2023471264959,2023,471264959,2,19,0,16,19,2,7,0,0,0,2,0,0,0,1,1,3,7,1,51,8,1997,2,6,CITROEN RELAY,9,E01021151,0,-1
2023501382093,2023,501382093,1,19,0,18,19,7,3,0,0,8,0,0,7,0,1,1,5,6,1,36,7,2198,2,16,CITROEN RELAY,4,E01015177,0,-1
2023351369095,2023,351369095,1,19,0,18,19,7,3,0,0,0,5,4,1,0,1,1,5,6,1,43,7,2198,2,7,CITROEN RELAY,4,E01026695,0,-1
2023501287959,2023,501287959,1,19,0,18,19,1,5,0,0,1,0,0,0,0,1,1,6,6,1,42,7,2200,2,2,CITROEN RELAY,7,E01020105,0,-1
2023501313353,2023,501313353,1,19,0,18,19,5,1,0,0,0,0,0,0,0,3,1,6,6,1,40,7,2200,2,1,CITROEN RELAY,5,E01019923,0,-1
2023430095598,2023,430095598,1,19,0,13,13,7,3,0,0,1,0,0,0,0,4,1,6,6,1,60,9,2179,2,0,CITROEN RELAY,-1,-1,0,-1
2023991318254,2023,991318254,1,19,0,18,19,5,1,0,0,0,0,0,0,0,1,1,1,1,1,22,5,2179,2,0,CITROEN RELAY,3,-1,0,-1
2023010436904,2023,010436904,2,19,9,99,99,9,9,99,99,9,9,99,9,99,9,9,6,6,3,-1,-1,2198,2,8,CITROEN RELAY,-1,-1,0,-1
2023461369880,2023,461369880,1,19,0,18,19,3,7,0,0,0,0,0,0,0,1,1,2,2,1,30,6,2200,2,1,CITROEN RELAY,6,E01032653,0,-1
2023471367283,2023,471367283,1,19,0,10,10,8,5,0,0,1,0,0,0,0,1,1,6,6,1,39,7,2198,2,14,CITROEN RELAY,4,E01021224,0,-1
2023461295335,2023,461295335,1,19,0,9,9,1,5,0,0,1,0,0,1,0,1,1,5,6,1,58,9,1997,2,17,CITROEN RELAY,1,E01024611,0,-1
202360A164512,2023,60A164512,1,19,0,18,19,1,5,0,0,1,0,0,0,0,1,1,1,1,1,30,6,2198,2,7,CITROEN RELAY,-1,-1,0,-1
2023421310523,2023,421310523,1,20,0,18,19,6,2,0,0,0,0,0,0,0,1,1,5,6,1,37,7,-1,-1,-1,-1,5,E01021741,0,-1
2023201341745,2023,201341745,2,19,0,18,19,5,1,0,0,8,0,0,0,0,3,1,1,1,1,44,7,2198,2,12,CITROEN RELAY,1,E01033647,0,-1
2023440081825,2023,440081825,2,19,0,18,19,7,3,0,0,2,0,0,0,0,1,1,1,1,1,61,9,2198,2,9,CITROEN RELAY,8,E01022762,0,-1
2023340NN2222,2023,340NN2222,3,19,0,10,10,8,5,0,0,1,0,0,0,0,2,1,1,1,1,63,9,2198,2,12,CITROEN RELAY,5,E01027100,0,-1
2023010429606,2023,010429606,1,19,0,99,99,9,9,99,99,9,9,99,9,99,9,9,6,6,3,39,7,1997,2,6,CITROEN RELAY,7,E01002176,0,-1
2023061363998,2023,061363998,2,19,0,18,19,3,7,0,0,1,0,0,0,0,1,1,1,1,1,40,7,2198,2,12,CITROEN RELAY,-1,-1,0,-1
2023061329245,2023,061329245,1,19,0,18,19,7,3,0,0,6,0,0,7,0,1,1,1,1,1,18,4,2200,2,2,CITROEN RELAY,2,E01004994,0,-1
202360A035811,2023,60A035811,2,19,0,7,7,2,4,0,0,5,0,0,0,0,3,1,1,1,1,32,6,2198,2,15,CITROEN RELAY,-1,-1,0,-1
2023411287552,2023,411287552,1,19,0,18,19,3,7,0,0,0,0,0,0,0,0,1,1,1,1,48,8,2200,2,2,CITROEN RELAY,9,E01012568,0,-1
2023010466497,2023,010466497,1,19,0,14,14,5,1,0,0,1,0,0,0,0,1,1,1,1,1,63,9,2200,2,3,CITROEN RELAY,2,E01001012,0,-1
2023411347645,2023,411347645,1,19,0,5,5,8,4,0,0,0,0,0,0,0,1,1,2,2,1,39,7,2198,2,9,CITROEN RELAY,4,E01023350,0,-1
2023471384217,2023,471384217,1,20,0,9,9,3,1,0,0,0,1,0,0,0,1,1,1,1,2,32,6,-1,-1,-1,-1,9,E01031563,0,-1
2023131373437,2023,131373437,2,90,0,9,9,7,5,0,0,0,0,0,0,0,1,1,5,6,2,51,8,2198,2,15,-1,6,E01010578,0,-1
2023421264875,2023,421264875,1,19,0,9,9,1,7,0,0,0,0,0,0,0,1,1,6,6,1,57,9,2198,2,10,CITROEN RELAY,5,E01021921,0,-1
2023052302692,2023,052302692,1,19,0,9,9,1,5,0,0,5,0,0,0,0,3,1,1,1,1,28,6,1997,2,4,CITROEN RELAY,1,E01006849,0,-1
2023440278182,2023,440278182,1,19,0,18,19,1,5,8,6,1,0,0,0,0,1,1,1,1,1,45,7,2200,2,1,CITROEN RELAY,8,E01016281,0,-1
2023451312943,2023,451312943,3,19,0,4,4,7,3,0,0,0,0,0,0,0,3,1,1,1,1,24,5,2198,2,8,CITROEN RELAY,-1,-1,0,-1
2023031359851,2023,031359851,2,19,0,7,7,5,8,0,0,1,0,0,0,0,2,1,2,2,1,39,7,2198,2,11,CITROEN RELAY,3,E01027512,0,-1
2023461349903,2023,461349903,1,19,0,18,19,1,5,0,0,0,0,0,0,0,1,1,1,1,1,44,7,2198,2,7,CITROEN RELAY,4,E01024771,0,-1
2023170M20313,2023,170M20313,1,19,0,18,19,7,3,0,0,0,0,0,0,0,4,1,1,1,1,57,9,2200,2,3,CITROEN RELAY,4,E01012026,0,-1
2023031366863,2023,031366863,1,19,0,18,19,8,3,0,0,0,1,0,7,0,1,1,1,1,1,24,5,2200,2,1,CITROEN RELAY,-1,-1,0,-1
2023520000952,2023,520000952,2,19,0,18,19,5,1,0,0,0,0,0,0,0,1,1,6,6,1,44,7,1997,2,6,CITROEN RELAY,4,E01002603,0,-1
2023461337227,2023,461337227,2,19,0,16,19,3,8,0,0,0,0,0,0,0,1,1,1,1,2,32,6,2200,2,3,CITROEN RELAY,10,E01031699,0,-1
2023010427793,2023,010427793,1,19,0,7,7,1,3,0,0,1,0,0,3,0,1,1,6,6,3,-1,-1,1997,2,4,CITROEN RELAY,-1,-1,0,-1
2023361275414,2023,361275414,1,19,0,18,19,1,5,0,0,0,0,0,0,0,4,1,1,1,1,68,10,2179,2,18,CITROEN RELAY,3,E01026717,0,-1
2023071018783,2023,071018783,2,19,0,16,19,1,5,0,0,0,0,0,1,0,1,1,1,1,1,57,9,2200,2,2,CITROEN RELAY,5,E01018444,0,-1
2023010473636,2023,010473636,2,19,0,99,99,9,9,99,99,9,9,99,9,99,9,9,6,6,3,-1,-1,2200,2,2,CITROEN RELAY,2,E01002080,0,-1
2023340NN1402,2023,340NN1402,2,19,0,3,3,5,1,0,0,0,0,0,0,0,2,1,1,1,1,28,6,2179,2,0,CITROEN RELAY,1,E01011504,0,-1
2023991309829,2023,991309829,1,19,0,4,4,5,1,0,0,0,0,0,0,0,4,1,1,1,1,62,9,2198,2,7,CITROEN RELAY,-1,-1,0,-1
2023991327165,2023,991327165,2,19,0,2,2,0,0,0,0,0,0,0,0,0,1,1,6,6,3,-1,-1,2200,2,2,CITROEN RELAY,-1,-1,0,-1
2023320366127,2023,320366127,1,19,0,18,19,7,3,0,0,6,0,0,0,0,3,1,1,1,1,34,6,1997,2,5,CITROEN RELAY,-1,-1,0,-1
2023631339483,2023,631339483,1,21,0,7,7,2,6,0,0,6,0,0,0,0,3,1,1,1,1,42,7,-1,-1,-1,-1,2,W01001138,0,-1
2023991418762,2023,991418762,3,19,0,2,2,0,0,0,0,0,0,0,0,0,2,1,5,6,1,45,7,1997,2,4,CITROEN RELAY,-1,-1,0,-1
2023320768347,2023,320768347,2,19,0,18,19,4,8,0,0,0,0,0,0,0,3,1,2,2,2,36,7,1997,2,6,CITROEN RELAY,-1,-1,0,-1
2023010439372,2023,010439372,2,19,0,9,9,4,1,0,0,1,0,0,0,0,3,1,1,1,1,50,8,2200,2,3,CITROEN RELAY,2,E01033587,0,-1
2023010433402,2023,010433402,2,19,0,99,99,9,9,99,99,9,9,99,9,99,9,9,6,6,1,30,6,2200,2,2,CITROEN RELAY,2,E01001152,0,-1
2023461281288,2023,461281288,1,19,0,18,19,7,3,0,0,0,1,0,0,0,1,1,1,1,1,47,8,1997,2,7,CITROEN RELAY,5,E01024168,0,-1
2023141348748,2023,141348748,1,19,0,2,2,0,0,0,0,2,0,0,0,0,4,1,5,6,1,47,8,2200,2,2,CITROEN RELAY,6,E01008003,0,-1
2023010479336,2023,010479336,2,19,9,99,99,9,9,99,99,9,9,99,9,99,1,9,6,6,3,-1,-1,1997,2,4,CITROEN RELAY,6,E01024163,0,-1
2023340NN2112,2023,340NN2112,2,19,0,2,2,0,0,9,9,2,0,0,0,0,3,1,6,6,3,-1,-1,2179,2,1,CITROEN RELAY,-1,-1,0,-1
2023545544223,2023,545544223,1,19,0,18,19,4,8,0,0,2,0,0,0,0,1,1,6,6,1,-1,-1,2200,2,3,CITROEN RELAY,-1,-1,0,-1
2023010471092,2023,010471092,2,19,0,99,99,9,9,99,99,9,9,99,9,99,1,9,6,6,1,35,6,1997,2,6,CITROEN RELAY,10,E01000753,0,-1
2023010489745,2023,010489745,2,19,9,99,99,9,9,99,99,9,9,99,9,99,9,9,6,6,3,-1,-1,1997,2,4,CITROEN RELAY,-1,-1,0,-1
2023010443692,2023,010443692,2,19,0,99,99,9,9,99,99,9,9,99,9,99,9,9,6,6,3,-1,-1,2200,2,1,CITROEN RELAY,1,E01003590,0,-1
2023340NN4162,2023,340NN4162,2,19,0,18,19,3,7,0,0,8,0,0,0,0,2,1,1,1,1,33,6,2200,2,1,CITROEN RELAY,9,E01027071,0,-1
2023010477529,2023,010477529,2,20,0,99,99,9,9,99,99,9,9,99,9,99,1,9,6,6,1,31,6,-1,-1,-1,-1,9,E01032640,0,-1
2023010466736,2023,010466736,1,20,0,99,99,9,9,99,99,9,9,99,9,99,9,9,6,6,3,-1,-1,-1,-1,-1,-1,-1,-1,0,-1
2023471263352,2023,471263352,1,19,0,9,9,1,7,0,0,1,0,0,0,0,3,1,6,6,1,25,5,1997,2,6,CITROEN RELAY,3,E01000392,0,-1
2023531277803,2023,531277803,2,19,0,18,19,8,4,0,0,0,0,0,0,0,1,1,1,1,1,66,10,2198,2,11,CITROEN RELAY,9,E01022436,0,-1
2023440225914,2023,440225914,2,19,0,18,19,3,7,0,0,1,0,0,0,0,1,1,2,2,1,41,7,2198,2,14,CITROEN RELAY,2,E01017155,0,-1
2023440480347,2023,440480347,2,19,0,18,19,7,3,0,0,8,0,0,0,0,1,1,6,6,1,43,7,2200,2,4,CITROEN RELAY,7,E01017255,0,-1
202354A449023,2023,54A449023,2,19,0,16,19,1,5,0,0,0,1,0,0,0,1,1,1,1,1,45,7,2198,2,13,CITROEN RELAY,6,E01023071,0,-1
2023010420388,2023,010420388,1,19,0,4,4,1,5,0,0,1,0,0,0,0,2,1,1,1,1,49,8,1997,2,4,CITROEN RELAY,3,E01004573,0,-1
2023101375176,2023,101375176,2,19,0,18,19,1,5,0,0,0,0,0,0,0,1,1,1,1,1,62,9,2200,2,2,CITROEN RELAY,2,E01008791,0,-1
2023131356372,2023,131356372,2,19,0,7,7,5,3,0,0,0,0,0,1,7,3,1,1,1,1,63,9,2200,2,1,CITROEN RELAY,2,E01011281,0,-1
2023471368865,2023,471368865,1,19,0,18,19,1,5,0,0,2,0,0,0,0,1,1,1,1,1,42,7,1997,2,4,CITROEN RELAY,6,E01031831,0,-1
2023541622323,2023,541622323,2,19,0,4,4,5,1,0,0,1,0,0,0,0,3,1,1,1,1,54,8,2198,2,9,CITROEN RELAY,5,E01020460,0,-1
2023010475730,2023,010475730,2,10,0,99,99,9,9,99,99,9,9,99,9,99,9,9,6,6,3,-1,-1,2198,2,7,-1,-1,-1,0,-1
2023070271762,2023,070271762,1,19,0,18,19,5,1,0,0,0,0,0,0,0,1,1,1,1,1,43,7,1997,2,6,CITROEN RELAY,1,E01008736,0,-1
2023031311849,2023,031311849,2,19,0,18,19,1,5,0,0,0,0,0,0,0,1,1,1,1,1,59,9,2200,2,2,CITROEN RELAY,7,E01019254,0,-1
2023440436583,2023,440436583,2,19,0,16,19,2,6,0,0,0,0,0,0,0,3,2,6,6,1,-1,-1,2198,2,7,CITROEN RELAY,-1,-1,0,-1
2023131316473,2023,131316473,1,19,0,18,19,1,5,0,0,0,0,0,0,0,1,1,1,1,1,25,5,2179,2,1,CITROEN RELAY,-1,-1,0,-1
2023041304440,2023,041304440,1,19,0,16,19,3,7,0,0,1,5,0,0,0,1,1,6,6,1,36,7,1997,2,18,CITROEN RELAY,1,E01025389,0,-1
2023031260958,2023,031260958,11,19,0,18,19,5,2,0,0,0,1,1,0,0,1,1,6,6,1,33,6,2198,2,8,CITROEN RELAY,8,E01019334,0,-1
2023131296967,2023,131296967,2,19,0,18,19,5,7,0,0,1,0,0,0,0,2,1,1,1,1,54,8,2200,2,3,CITROEN RELAY,8,E01011115,0,-1
2023351362056,2023,351362056,2,19,0,4,4,1,5,0,0,4,0,0,0,0,1,1,1,1,1,-1,-1,2200,2,2,CITROEN RELAY,-1,-1,0,-1
2023531295503,2023,531295503,3,19,0,18,19,5,1,0,0,0,0,11,0,0,1,1,1,1,1,34,6,2200,2,3,CITROEN RELAY,3,E01028449,0,-1
2023471264525,2023,471264525,1,19,0,6,6,2,2,0,0,0,0,0,0,0,3,1,1,1,1,49,8,2200,2,1,CITROEN RELAY,2,E01023976,0,-1
2023622300774,2023,622300774,1,19,0,18,19,8,4,0,0,0,0,0,4,0,1,1,1,1,1,50,8,2198,2,15,CITROEN RELAY,2,W01001642,0,-1
2023451358249,2023,451358249,1,19,0,3,3,4,8,0,0,0,0,0,0,0,2,1,5,6,1,54,8,2200,2,3,CITROEN RELAY,9,E01001025,0,-1
2023010456324,2023,010456324,1,19,0,9,9,7,5,0,0,6,0,0,0,0,3,1,1,1,1,54,8,2200,2,3,CITROEN RELAY,2,E01003502,0,-1
2023522400363,2023,522400363,1,19,0,3,3,4,8,0,0,1,0,0,0,0,2,1,6,6,1,26,6,1997,2,5,CITROEN RELAY,7,E01014402,0,-1
2023122300139,2023,122300139,2,19,0,18,19,1,5,0,0,0,0,0,0,0,1,1,1,1,1,62,9,2198,2,10,CITROEN RELAY,5,E01012097,0,-1
2023111282162,2023,111282162,1,19,0,18,19,1,5,0,0,1,0,0,0,0,1,1,1,1,1,30,6,2179,2,18,CITROEN RELAY,1,E01020592,0,-1
2023302300972,2023,302300972,2,19,0,18,19,8,4,0,0,0,0,0,0,0,1,1,1,1,1,48,8,1997,2,7,CITROEN RELAY,2,E01010010,0,-1
2023010432381,2023,010432381,2,19,0,5,5,5,1,0,0,8,0,0,0,0,1,1,6,6,1,34,6,1997,2,6,CITROEN RELAY,5,E01003547,0,-1
2023991347190,2023,991347190,1,19,0,18,19,8,4,0,0,1,0,0,0,0,1,1,1,1,1,33,6,2198,2,7,CITROEN RELAY,7,-1,0,-1
2023010439859,2023,010439859,2,19,0,3,3,5,1,0,0,0,0,0,0,0,2,1,6,6,1,45,7,1997,2,6,CITROEN RELAY,2,E01001113,0,-1
2023440344726,2023,440344726,1,19,0,2,2,0,0,0,0,0,0,0,0,0,3,1,1,1,1,27,6,2198,2,10,CITROEN RELAY,7,E01017255,0,-1
2023451294822,2023,451294822,1,19,0,18,19,7,3,0,0,0,0,0,0,0,1,1,1,1,2,44,7,2200,2,1,CITROEN RELAY,8,E01024761,0,-1
2023471300881,2023,471300881,2,19,0,18,19,4,8,0,0,1,0,0,0,0,1,1,1,1,1,29,6,1997,2,5,CITROEN RELAY,5,E01017090,0,-1
2023010421109,2023,010421109,2,19,0,99,99,9,9,99,99,0,9,99,9,99,1,9,6,6,1,43,7,2200,2,2,CITROEN RELAY,1,E01000106,0,-1
2023221370245,2023,221370245,1,19,0,18,19,3,7,0,0,0,0,0,0,0,3,1,1,1,1,32,6,2198,2,16,CITROEN RELAY,6,E01009869,0,-1
2023991376069,2023,991376069,1,19,0,9,9,5,3,0,0,5,0,0,0,0,1,1,1,1,1,49,8,2200,2,2,CITROEN RELAY,3,-1,0,-1
2023010436051,2023,010436051,2,19,0,18,19,1,5,0,0,0,0,0,0,0,1,1,6,6,1,45,7,1997,2,7,CITROEN RELAY,3,E01000099,0,-1
2023201372451,2023,201372451,2,19,0,18,19,6,2,0,0,0,0,0,0,0,1,1,1,1,1,41,7,2198,2,11,CITROEN RELAY,6,E01009473,0,-1
2023131393367,2023,131393367,4,19,0,2,2,1,5,9,9,8,0,0,0,0,2,1,6,6,3,-1,-1,1997,2,6,CITROEN RELAY,-1,-1,0,-1
2023461300705,2023,461300705,2,20,0,4,4,2,6,0,0,0,0,0,0,0,2,1,1,1,1,43,7,-1,-1,-1,-1,1,E01024621,0,-1
2023461386658,2023,461386658,6,19,0,18,19,1,5,0,0,0,0,0,0,0,1,1,6,6,1,48,8,1997,2,7,CITROEN RELAY,5,E01024168,0,-1
2023991329237,2023,991329237,1,19,0,18,19,6,3,0,0,4,0,10,0,0,1,1,2,2,1,64,9,2200,2,1,CITROEN RELAY,-1,-1,0,-1
2023451311526,2023,451311526,1,19,0,4,4,1,5,0,0,4,0,0,0,0,1,1,2,2,1,36,7,1997,2,5,CITROEN RELAY,4,E01030615,0,-1
2023010425197,2023,010425197,1,19,0,13,13,5,1,0,0,0,0,0,0,0,3,1,1,1,1,57,9,2200,2,1,CITROEN RELAY,2,E01003108,0,-1
2023041280808,2023,041280808,1,19,0,5,5,3,7,0,0,4,0,0,0,0,1,1,2,2,1,63,9,1997,2,4,CITROEN RELAY,1,E01012601,0,-1
2023461326899,2023,461326899,1,19,0,1,1,7,3,0,0,0,0,0,0,0,2,1,6,6,1,-1,-1,2200,2,2,CITROEN RELAY,7,E01031534,0,-1
2023031282872,2023,031282872,1,19,0,1,1,1,5,9,9,0,0,0,0,0,2,1,6,6,1,33,6,2200,2,2,CITROEN RELAY,-1,-1,0,-1
2023101279805,2023,101279805,1,19,0,5,5,5,1,0,0,0,0,0,0,0,2,1,1,1,1,67,10,2198,2,11,CITROEN RELAY,-1,-1,0,-1