collision_index,collision_year,collision_ref_no,vehicle_reference,vehicle_type,towing_and_articulation,vehicle_manoeuvre_historic,vehicle_manoeuvre,vehicle_direction_from,vehicle_direction_to,vehicle_location_restricted_lane_historic,vehicle_location_restricted_lane,junction_location,skidding_and_overturning,hit_object_in_carriageway,vehicle_leaving_carriageway,hit_object_off_carriageway,first_point_of_impact,vehicle_left_hand_drive,journey_purpose_of_driver_historic,journey_purpose_of_driver,sex_of_driver,age_of_driver,age_band_of_driver,engine_capacity_cc,propulsion_code,age_of_vehicle,generic_make_model,driver_imd_decile,lsoa_of_driver,escooter_flag,driver_distance_banding
2023451320493,2023,451320493,1,19,0,15,15,4,8,0,0,1,0,0,0,0,4,1,6,6,1,21,5,1968,2,3,VOLKSWAGEN CRAFTER,6,E01003416,0,-1
2023010452074,2023,010452074,2,19,0,2,2,0,0,0,0,1,0,0,0,0,2,1,6,6,3,-1,-1,1968,2,5,VOLKSWAGEN CRAFTER,-1,-1,0,-1
2023141273570,2023,141273570,1,19,0,18,19,1,5,0,0,1,0,0,0,0,1,1,1,1,1,34,6,1968,2,3,VOLKSWAGEN CRAFTER,8,E01007561,0,-1
2023201264392,2023,201264392,1,19,0,14,14,6,2,0,0,0,0,4,7,4,3,1,2,2,1,36,7,1968,2,9,VOLKSWAGEN CRAFTER,3,E01008930,0,-1
2023991390811,2023,991390811,2,19,0,18,19,8,3,0,0,0,1,0,0,0,1,1,1,1,1,43,7,1968,2,1,VOLKSWAGEN CRAFTER,3,-1,0,-1
2023061292011,2023,061292011,3,19,0,18,19,7,3,0,0,0,0,0,0,0,0,1,1,1,1,48,8,1968,2,3,VOLKSWAGEN CRAFTER,1,E01005484,0,-1
2023332300106,2023,332300106,1,19,0,5,5,4,8,0,0,0,0,0,0,0,4,1,2,2,1,41,7,1968,2,1,VOLKSWAGEN CRAFTER,3,E01025703,0,-1
2023221328286,2023,221328286,1,19,0,18,19,2,6,0,0,2,0,0,0,0,1,1,5,6,1,27,6,1968,2,3,VOLKSWAGEN CRAFTER,6,E01032472,0,-1
2023430201721,2023,430201721,1,19,0,18,19,7,3,0,0,1,0,0,0,0,1,1,1,1,1,52,8,1968,2,3,VOLKSWAGEN CRAFTER,-1,-1,0,-1
2023401339350,2023,401339350,1,19,0,18,19,3,7,9,9,0,0,10,1,0,1,1,6,6,1,23,5,1968,2,4,VOLKSWAGEN CRAFTER,3,E01015731,0,-1
2023991309597,2023,991309597,2,19,0,17,19,1,5,0,0,0,0,0,1,0,1,1,1,1,1,41,7,1968,2,3,VOLKSWAGEN CRAFTER,5,-1,0,-1
2023061377038,2023,061377038,1,19,-1,18,19,3,7,0,0,0,0,0,0,0,1,1,1,1,1,30,6,1968,2,3,VOLKSWAGEN CRAFTER,-1,-1,0,-1
2023221299339,2023,221299339,2,19,0,4,4,5,1,0,0,1,0,0,0,0,2,1,5,6,2,41,7,1968,2,1,VOLKSWAGEN CRAFTER,4,E01028984,0,-1
2023991286243,2023,991286243,2,19,0,18,19,3,7,0,0,0,0,0,0,0,4,1,1,1,1,34,6,1968,2,7,VOLKSWAGEN CRAFTER,6,-1,0,-1
2023010483232,2023,010483232,1,19,0,18,19,7,3,0,0,0,0,0,0,0,1,1,1,1,1,72,10,1968,2,3,VOLKSWAGEN CRAFTER,7,E01033143,0,-1
2023461388557,2023,461388557,2,19,0,18,19,5,1,0,0,0,0,0,0,0,2,1,6,6,1,59,9,1968,2,0,VOLKSWAGEN CRAFTER,7,E01024709,0,-1
2023421291823,2023,421291823,2,19,0,18,19,1,5,0,0,8,0,0,0,0,1,1,6,6,1,47,8,1968,2,4,VOLKSWAGEN CRAFTER,2,E01015828,0,-1
2023440490445,2023,440490445,1,19,0,18,19,5,1,0,0,0,0,0,0,0,1,1,1,1,1,46,8,1968,2,7,VOLKSWAGEN CRAFTER,1,E01006695,0,-1
2023041344604,2023,041344604,3,19,0,4,4,5,1,0,0,1,0,0,0,0,2,1,2,2,1,57,9,1968,2,3,VOLKSWAGEN CRAFTER,7,E01025362,0,-1
2023010483368,2023,010483368,2,19,0,7,7,3,5,0,0,2,0,0,0,0,0,1,1,1,1,35,6,1968,2,5,VOLKSWAGEN CRAFTER,6,E01016224,0,-1
2023010460932,2023,010460932,2,19,0,7,7,1,3,99,99,9,9,99,9,99,4,9,6,6,1,38,7,1968,2,4,VOLKSWAGEN CRAFTER,2,E01003432,0,-1
2023622300671,2023,622300671,1,19,0,18,19,1,7,0,0,8,0,0,4,0,1,1,6,6,1,37,7,1968,2,2,VOLKSWAGEN CRAFTER,1,W01000742,0,-1
2023351330610,2023,351330610,2,19,0,7,7,1,6,0,0,1,1,0,0,0,2,1,1,1,1,44,7,1968,2,3,VOLKSWAGEN CRAFTER,-1,-1,0,-1
2023351294363,2023,351294363,1,19,0,18,19,3,7,0,0,0,0,11,1,0,3,1,1,1,1,63,9,1968,2,6,VOLKSWAGEN CRAFTER,1,E01009310,0,-1
2023991338122,2023,991338122,1,19,0,5,5,3,7,8,6,0,0,0,0,0,3,1,2,2,1,58,9,1968,2,6,VOLKSWAGEN CRAFTER,3,-1,0,-1
2023010437641,2023,010437641,1,19,0,18,19,5,1,0,0,0,0,0,0,0,0,1,1,1,1,38,7,1968,2,6,VOLKSWAGEN CRAFTER,6,E01003705,0,-1
2023411269535,2023,411269535,1,20,0,18,19,2,6,0,0,2,0,0,0,0,1,1,5,6,1,47,8,-1,-1,-1,VOLKSWAGEN CRAFTER,7,E01023663,0,-1
2023131343976,2023,131343976,2,19,0,9,9,6,8,0,0,8,0,0,0,0,3,1,5,6,1,23,5,1968,2,3,VOLKSWAGEN CRAFTER,9,E01011221,0,-1
2023430071110,2023,430071110,1,19,0,7,7,6,8,0,0,6,0,0,0,0,3,1,1,1,1,31,6,1968,2,2,VOLKSWAGEN CRAFTER,-1,-1,0,-1
2023122300076,2023,122300076,2,20,0,2,2,0,0,0,0,0,0,0,1,0,2,1,1,1,1,55,8,-1,-1,-1,VOLKSWAGEN CRAFTER,1,E01011659,0,-1
2023501329759,2023,501329759,1,19,0,5,5,6,2,0,0,6,0,0,0,0,1,1,1,1,1,56,9,1968,2,3,VOLKSWAGEN CRAFTER,4,E01020322,0,-1
2023320097201,2023,320097201,1,19,0,14,14,5,1,0,0,8,0,0,7,0,1,1,1,1,1,27,6,1968,2,8,VOLKSWAGEN CRAFTER,1,E01026149,0,-1
2023361388686,2023,361388686,2,19,0,-1,-1,-1,-1,-1,-1,-1,-1,-1,-1,0,0,1,6,6,1,74,10,1968,2,12,VOLKSWAGEN CRAFTER,4,E01026884,0,-1
2023332300760,2023,332300760,2,19,0,5,5,5,3,0,0,1,0,0,0,0,3,1,6,6,1,-1,-1,1968,2,1,VOLKSWAGEN CRAFTER,-1,-1,0,-1
2023010481233,2023,010481233,1,19,0,18,19,3,7,0,0,8,0,0,0,0,4,1,1,1,1,19,4,1968,2,6,VOLKSWAGEN CRAFTER,10,E01017754,0,-1
2023311290687,2023,311290687,2,20,0,5,5,4,8,0,0,4,0,0,0,0,1,1,1,1,1,64,9,-1,-1,-1,VOLKSWAGEN CRAFTER,1,E01013821,0,-1
2023052300367,2023,052300367,1,19,0,9,9,8,6,0,0,1,0,0,0,0,1,1,1,1,1,37,7,1968,2,2,VOLKSWAGEN CRAFTER,2,E01006870,0,-1
2023991328783,2023,991328783,1,19,0,5,5,1,7,0,0,4,0,0,0,0,1,1,6,6,1,54,8,2461,2,16,VOLKSWAGEN CRAFTER,6,-1,0,-1
2023010441976,2023,010441976,4,19,0,6,6,5,5,0,0,0,0,0,0,0,1,1,1,1,1,26,6,1968,2,1,VOLKSWAGEN CRAFTER,6,E01000069,0,-1
2023461345121,2023,461345121,1,19,0,18,19,5,1,0,0,0,0,0,0,0,1,1,6,6,1,33,6,1968,2,2,VOLKSWAGEN CRAFTER,2,E01000049,0,-1
2023501276807,2023,501276807,2,20,0,18,19,7,3,0,0,0,0,0,0,0,1,1,5,6,1,41,7,-1,-1,-1,VOLKSWAGEN CRAFTER,6,E01020160,0,-1
2023361339071,2023,361339071,2,19,0,3,3,4,2,0,0,0,0,0,0,0,2,1,1,1,1,52,8,1968,2,3,VOLKSWAGEN CRAFTER,4,E01021844,0,-1
2023471363748,2023,471363748,1,19,0,9,9,8,6,0,0,6,1,0,0,0,1,1,6,6,1,-1,-1,1968,2,2,VOLKSWAGEN CRAFTER,6,E01021054,0,-1
2023471266984,2023,471266984,1,20,0,5,5,2,6,0,0,0,0,0,0,0,2,1,1,1,1,35,6,1968,2,11,VOLKSWAGEN CRAFTER,8,E01021214,0,-1
2023231285243,2023,231285243,1,19,0,9,9,8,4,0,0,6,0,0,0,0,3,1,1,1,1,54,8,1968,2,5,VOLKSWAGEN CRAFTER,3,E01031117,0,-1
2023161392756,2023,161392756,2,19,0,18,19,1,5,0,0,1,0,0,1,0,1,1,1,1,3,30,6,1968,2,4,VOLKSWAGEN CRAFTER,-1,-1,0,-1
2023440444771,2023,440444771,1,19,0,18,19,2,6,0,0,0,1,0,0,0,0,1,2,2,1,34,6,1968,2,7,VOLKSWAGEN CRAFTER,6,E01004493,0,-1
2023351340588,2023,351340588,1,19,0,18,19,2,6,0,0,0,0,5,0,0,1,1,1,1,1,63,9,2461,2,15,VOLKSWAGEN CRAFTER,6,E01018111,0,-1
2023010443138,2023,010443138,1,19,0,18,19,3,7,0,0,0,0,0,0,0,1,1,1,1,1,27,6,1968,2,5,VOLKSWAGEN CRAFTER,3,E01003571,0,-1
2023501268501,2023,501268501,1,19,0,18,19,2,6,0,0,0,1,0,0,0,1,1,5,6,1,45,7,1968,2,3,VOLKSWAGEN CRAFTER,6,E01024174,0,-1
2023010420625,2023,010420625,1,19,0,4,4,5,1,0,0,1,0,0,1,0,1,1,2,2,1,57,9,1968,2,7,VOLKSWAGEN CRAFTER,10,E01002462,0,-1
2023010432567,2023,010432567,2,20,0,4,4,5,1,0,0,0,0,0,0,0,1,2,2,2,1,31,6,1968,2,4,VOLKSWAGEN CRAFTER,3,E01003788,0,-1
2023201318926,2023,201318926,2,19,0,18,19,6,4,0,0,1,0,0,0,0,1,1,1,1,1,37,7,1968,2,5,VOLKSWAGEN CRAFTER,1,E01009173,0,-1
2023361356191,2023,361356191,1,19,0,9,9,8,5,0,0,1,0,0,0,0,3,1,5,6,1,58,9,1968,2,1,VOLKSWAGEN CRAFTER,4,E01026725,0,-1
2023320210258,2023,320210258,3,19,0,10,10,6,5,0,0,1,0,0,0,0,2,1,1,1,1,19,4,1968,2,4,VOLKSWAGEN CRAFTER,2,E01013624,0,-1
2023010459941,2023,010459941,2,19,0,99,99,9,9,99,99,9,9,99,9,99,2,9,6,6,1,56,9,1968,2,4,VOLKSWAGEN CRAFTER,6,E01003000,0,-1
2023471296287,2023,471296287,1,19,0,9,9,3,7,0,0,1,0,0,0,0,4,1,1,1,1,30,6,1968,2,11,VOLKSWAGEN CRAFTER,7,E01031471,0,-1
2023071025529,2023,071025529,1,19,0,5,5,4,8,0,0,1,0,0,0,0,1,1,1,1,1,22,5,1968,2,2,VOLKSWAGEN CRAFTER,9,E01006889,0,-1
2023371311043,2023,371311043,2,19,0,18,19,3,7,0,0,8,0,0,0,0,1,1,1,1,1,61,9,1968,2,5,VOLKSWAGEN CRAFTER,8,E01022057,0,-1
2023991283671,2023,991283671,1,19,0,5,5,8,4,0,0,0,0,0,0,0,1,1,1,1,1,48,8,1968,2,10,VOLKSWAGEN CRAFTER,-1,-1,0,-1
2023010459992,2023,010459992,2,19,0,2,2,0,0,0,0,0,0,0,0,0,2,1,6,6,3,-1,-1,1968,2,5,VOLKSWAGEN CRAFTER,-1,-1,0,-1
2023351299297,2023,351299297,4,19,0,18,19,1,5,0,0,0,0,0,0,0,2,1,1,1,1,24,5,1968,2,6,VOLKSWAGEN CRAFTER,5,E01013606,0,-1
2023481374251,2023,481374251,1,19,0,18,19,5,1,0,0,8,0,0,0,0,1,1,1,1,1,33,6,1968,2,4,VOLKSWAGEN CRAFTER,-1,-1,0,-1
2023552301123,2023,552301123,1,19,0,18,19,8,4,0,0,0,0,0,0,0,1,1,1,1,1,29,6,1968,2,5,VOLKSWAGEN CRAFTER,1,E01015307,0,-1
2023371360934,2023,371360934,1,19,0,2,2,1,5,0,0,0,0,0,0,0,1,1,6,6,3,-1,-1,1968,2,3,VOLKSWAGEN CRAFTER,-1,-1,0,-1
2023041371293,2023,041371293,2,19,0,18,19,1,5,0,0,1,0,0,0,0,3,1,1,1,1,22,5,1968,2,8,VOLKSWAGEN CRAFTER,1,E01012572,0,-1
2023411299022,2023,411299022,1,19,0,9,9,6,4,0,0,2,0,0,0,0,3,1,5,6,1,57,9,1968,2,4,VOLKSWAGEN CRAFTER,9,E01002110,0,-1
2023552300991,2023,552300991,2,19,0,18,19,8,4,0,0,8,0,0,1,0,1,1,1,1,1,77,11,1968,2,9,VOLKSWAGEN CRAFTER,6,E01020541,0,-1
2023231281751,2023,231281751,2,19,0,18,19,5,1,0,0,0,2,0,0,0,2,1,1,1,1,61,9,1968,2,6,VOLKSWAGEN CRAFTER,6,E01009614,0,-1
2023451274541,2023,451274541,2,19,0,18,19,7,3,0,0,0,0,0,1,4,3,1,2,2,1,46,8,1968,2,4,VOLKSWAGEN CRAFTER,10,E01030542,0,-1
2023041373567,2023,041373567,2,19,0,9,9,1,7,0,0,8,0,0,0,0,3,1,5,6,1,52,8,1968,2,1,VOLKSWAGEN CRAFTER,2,E01025524,0,-1
202360A053270,2023,60A053270,1,19,0,1,1,0,1,9,9,0,0,0,0,0,2,1,6,6,3,-1,-1,1968,2,2,VOLKSWAGEN CRAFTER,-1,-1,0,-1
2023451304093,2023,451304093,3,19,0,18,19,5,1,0,0,0,1,0,0,0,2,1,1,1,1,29,6,1968,2,3,VOLKSWAGEN CRAFTER,8,E01023136,0,-1
2023451267607,2023,451267607,3,19,0,2,2,0,0,9,9,0,0,0,0,0,2,1,6,6,1,45,7,2461,2,16,VOLKSWAGEN CRAFTER,2,E01003832,0,-1
2023991356603,2023,991356603,2,19,0,18,19,7,2,0,0,0,0,0,0,0,1,1,1,1,1,50,8,1968,2,3,VOLKSWAGEN CRAFTER,4,-1,0,-1
2023421349255,2023,421349255,2,19,0,4,4,1,5,0,0,8,0,0,0,0,2,1,6,6,1,67,10,1968,2,11,VOLKSWAGEN CRAFTER,3,E01021339,0,-1
2023320153783,2023,320153783,1,19,0,17,19,4,2,0,0,0,5,0,0,0,3,1,1,1,1,27,6,-1,-1,-1,VOLKSWAGEN CRAFTER,8,E01012415,0,-1
2023070817037,2023,070817037,2,19,0,18,19,5,1,0,0,0,0,0,0,0,1,1,1,1,1,52,8,1968,2,3,VOLKSWAGEN CRAFTER,5,E01006337,0,-1
2023070227704,2023,070227704,1,19,0,9,9,5,3,0,0,8,0,0,0,0,4,1,6,6,1,-1,-1,1968,2,2,VOLKSWAGEN CRAFTER,-1,-1,0,-1
2023520000952,2023,520000952,1,19,0,18,19,1,5,0,0,0,0,0,0,0,1,1,6,6,1,30,6,1968,2,4,VOLKSWAGEN CRAFTER,8,E01014953,0,-1
2023302300421,2023,302300421,5,19,0,18,19,5,1,0,0,0,0,0,0,0,1,1,1,1,1,32,6,1968,2,9,VOLKSWAGEN CRAFTER,1,E01007634,0,-1
2023991387127,2023,991387127,1,10,0,8,8,7,8,0,0,1,0,0,0,0,0,1,1,1,1,63,9,1968,2,8,-1,-1,-1,0,-1
2023122301431,2023,122301431,2,19,0,4,4,2,6,0,0,0,0,0,0,0,1,1,1,1,1,18,4,1968,2,3,VOLKSWAGEN CRAFTER,7,E01025559,0,-1
2023010478024,2023,010478024,2,19,0,10,10,7,4,0,0,1,0,0,0,0,0,1,2,2,1,26,6,2461,2,16,VOLKSWAGEN CRAFTER,4,E01001699,0,-1
2023320364509,2023,320364509,1,19,0,18,19,2,6,0,0,8,0,0,0,0,4,1,1,1,1,31,6,1968,2,3,VOLKSWAGEN CRAFTER,8,E01032994,0,-1
2023451279545,2023,451279545,2,19,0,18,19,5,1,0,0,1,0,0,0,0,2,1,1,1,1,20,4,1968,2,6,VOLKSWAGEN CRAFTER,2,E01022900,0,-1
2023031287210,2023,031287210,1,19,0,4,4,1,5,0,0,0,0,0,0,0,2,1,1,1,1,23,5,1968,2,1,VOLKSWAGEN CRAFTER,1,E01019122,0,-1
2023010421869,2023,010421869,2,19,0,99,99,9,9,99,99,0,9,99,9,99,9,9,6,6,3,-1,-1,1968,2,1,VOLKSWAGEN CRAFTER,-1,-1,0,-1
2023411353948,2023,411353948,1,19,0,12,12,4,8,0,0,0,1,0,4,6,2,1,1,1,1,21,5,1968,2,1,VOLKSWAGEN CRAFTER,5,E01015739,0,-1
2023371377731,2023,371377731,1,98,0,18,19,7,3,0,0,0,0,0,0,0,1,1,6,6,1,49,8,2461,2,12,-1,1,E01029994,0,-1
2023471330264,2023,471330264,1,19,0,9,9,3,1,0,0,0,0,0,0,0,1,1,6,6,1,26,6,1968,2,1,VOLKSWAGEN CRAFTER,2,E01001011,0,-1
2023010474090,2023,010474090,1,19,0,99,99,9,9,99,99,9,9,99,9,99,1,9,1,1,1,32,6,1968,2,1,VOLKSWAGEN CRAFTER,4,E01011597,0,-1
2023991388650,2023,991388650,2,19,0,18,19,2,6,0,0,0,0,0,2,0,3,1,1,1,1,43,7,1968,2,5,VOLKSWAGEN CRAFTER,-1,-1,0,-1
2023991373556,2023,991373556,1,11,0,7,7,4,6,0,0,5,0,0,0,0,0,1,1,1,1,53,8,1968,2,10,-1,-1,-1,0,-1
2023351374510,2023,351374510,2,19,0,9,9,3,1,0,0,1,0,0,0,0,4,1,1,1,1,34,6,1968,2,1,VOLKSWAGEN CRAFTER,10,E01023587,0,-1
2023010469224,2023,010469224,2,20,0,2,2,0,0,6,6,0,0,0,0,0,2,1,6,6,3,-1,-1,-1,-1,-1,VOLKSWAGEN CRAFTER,-1,-1,0,-1
2023161272738,2023,161272738,1,19,0,5,5,7,3,0,0,6,0,0,0,0,1,1,6,6,1,-1,-1,1968,2,4,VOLKSWAGEN CRAFTER,-1,-1,0,-1
2023421279923,2023,421279923,2,19,0,2,2,1,5,0,0,0,0,0,0,0,4,1,6,6,3,-1,-1,1968,2,3,VOLKSWAGEN CRAFTER,-1,-1,0,-1
2023531292867,2023,531292867,1,19,0,18,19,6,2,0,0,0,0,0,0,0,4,1,5,6,1,60,9,1968,2,11,VOLKSWAGEN CRAFTER,8,E01031208,0,-1
2023471376668,2023,471376668,1,19,0,18,19,8,4,0,0,0,0,0,0,0,3,1,6,6,1,48,8,1968,2,0,VOLKSWAGEN CRAFTER,3,E01017073,0,-1
2023141388763,2023,141388763,3,19,0,4,4,1,5,0,0,0,0,0,0,0,1,1,6,6,1,36,7,1968,2,10,VOLKSWAGEN CRAFTER,5,E01013249,0,-1
202360A186640,2023,60A186640,1,20,0,17,19,7,3,0,0,0,2,0,0,0,1,1,1,1,1,58,9,-1,-1,-1,VOLKSWAGEN CRAFTER,-1,-1,0,-1
2023061345268,2023,061345268,3,19,0,18,19,3,7,0,0,1,0,0,0,0,1,1,1,1,1,45,7,1968,2,3,VOLKSWAGEN CRAFTER,1,E01005484,0,-1
2023141388895,2023,141388895,3,19,0,3,3,6,2,0,0,1,0,0,0,0,1,1,2,2,1,64,9,1968,2,9,VOLKSWAGEN CRAFTER,2,E01007349,0,-1
2023061396827,2023,061396827,1,19,0,18,19,2,5,0,0,0,0,0,0,0,1,1,6,6,3,-1,-1,1968,2,0,VOLKSWAGEN CRAFTER,-1,-1,0,-1
2023101301441,2023,101301441,2,20,0,7,7,7,3,0,0,8,1,0,0,0,4,1,6,6,1,47,8,-1,-1,-1,VOLKSWAGEN CRAFTER,3,E01008508,0,-1
2023991277974,2023,991277974,1,20,0,18,19,3,7,0,0,1,0,0,0,0,4,1,2,2,1,44,7,1968,2,3,VOLKSWAGEN CRAFTER,-1,-1,0,-1
2023101359198,2023,101359198,1,19,0,18,19,6,2,0,0,0,0,0,0,0,1,1,2,2,1,32,6,1968,2,5,VOLKSWAGEN CRAFTER,-1,-1,0,-1
2023501274547,2023,501274547,1,19,0,16,19,2,5,0,0,0,0,0,0,0,4,1,1,1,1,36,7,1968,2,3,VOLKSWAGEN CRAFTER,3,E01015172,0,-1
2023010421674,2023,010421674,2,19,0,99,99,9,9,99,99,9,9,99,9,99,1,9,6,6,3,-1,-1,1968,2,4,VOLKSWAGEN CRAFTER,5,E01001381,0,-1
2023161263158,2023,161263158,1,19,0,3,3,1,3,0,0,0,0,0,0,0,2,1,5,6,1,38,7,1968,2,3,VOLKSWAGEN CRAFTER,3,E01013184,0,-1
2023010462532,2023,010462532,1,19,0,1,1,1,5,0,0,0,0,0,0,0,2,1,1,1,1,36,7,1968,2,8,VOLKSWAGEN CRAFTER,1,E01001013,0,-1
2023552300147,2023,552300147,1,19,0,9,9,6,4,0,0,4,0,0,0,0,1,1,3,7,1,29,6,1968,2,4,VOLKSWAGEN CRAFTER,6,E01020488,0,-1
202360A180195,2023,60A180195,3,19,0,18,19,6,2,0,0,0,0,0,0,0,1,1,6,6,1,29,6,1968,2,9,VOLKSWAGEN CRAFTER,-1,-1,0,-1
2023311384444,2023,311384444,2,19,0,18,19,2,2,0,0,0,0,0,0,0,1,1,6,6,1,29,6,1968,2,1,VOLKSWAGEN CRAFTER,-1,-1,0,-1
2023010482536,2023,010482536,2,19,0,99,99,9,9,99,99,9,9,99,9,99,9,9,6,6,3,-1,-1,1968,2,10,VOLKSWAGEN CRAFTER,-1,-1,0,-1
2023401277212,2023,401277212,1,19,0,18,19,-1,-1,0,0,1,0,0,0,0,1,1,6,6,1,-1,-1,2461,2,15,VOLKSWAGEN CRAFTER,-1,-1,0,-1
2023440438079,2023,440438079,2,19,0,18,19,2,6,0,0,8,0,0,0,0,1,1,6,6,3,-1,-1,1968,2,8,VOLKSWAGEN CRAFTER,-1,-1,0,-1
2023991326992,2023,991326992,2,19,0,18,19,1,5,0,0,0,0,0,0,0,1,1,1,1,1,44,7,1968,2,0,VOLKSWAGEN CRAFTER,3,-1,0,-1
2023411307975,2023,411307975,1,19,0,7,7,-1,-1,0,0,3,0,0,0,0,4,1,6,6,3,-1,-1,1968,2,3,VOLKSWAGEN CRAFTER,-1,-1,0,-1
2023201401138,2023,201401138,2,19,0,18,19,1,5,0,0,8,0,10,7,1,1,1,5,6,3,-1,-1,1968,2,9,VOLKSWAGEN CRAFTER,-1,-1,0,-1
2023122400171,2023,122400171,2,19,0,4,4,5,1,0,0,1,0,0,0,0,2,1,2,2,1,28,6,1968,2,3,VOLKSWAGEN CRAFTER,6,E01027676,0,-1
2023991276605,2023,991276605,1,19,0,7,7,1,3,0,0,2,0,0,0,0,1,1,1,1,1,56,9,1968,2,7,VOLKSWAGEN CRAFTER,2,-1,0,-1
2023371314639,2023,371314639,2,5,0,18,19,7,3,0,0,1,2,0,0,0,4,1,5,6,1,65,9,997,1,19,-1,7,E01030186,0,-1
2023231354218,2023,231354218,1,90,0,18,19,3,7,0,0,1,2,0,1,3,1,1,5,6,2,19,4,234,1,19,-1,4,E01031032,0,-1
2023421305021,2023,421305021,1,5,0,17,19,1,5,0,0,0,0,0,7,0,0,1,5,6,1,64,9,1203,1,17,-1,7,E01021407,0,-1
2023041341260,2023,041341260,1,4,0,18,19,5,1,9,9,0,0,0,7,11,1,1,6,6,1,16,4,249,1,10,-1,3,E01012741,0,-1
2023070658267,2023,070658267,1,90,0,18,19,7,3,0,0,8,0,0,0,0,1,1,1,1,1,28,6,2184,2,0,FIAT DUCATO,9,E01018474,0,-1
2023141310578,2023,141310578,1,19,0,18,19,2,6,0,0,0,0,0,0,0,1,1,1,1,1,37,7,2287,2,8,FIAT DUCATO,7,E01007381,0,-1
2023302300223,2023,302300223,1,19,0,18,19,6,2,0,0,8,1,0,0,0,1,1,6,6,3,-1,-1,1956,2,6,FIAT DUCATO,5,E01019456,0,-1
2023371307897,2023,371307897,1,90,0,18,19,7,3,0,0,8,0,0,1,0,4,1,1,1,2,26,6,2287,2,4,FIAT DUCATO,9,E01026906,0,-1
2023991266494,2023,991266494,2,19,3,2,2,0,0,0,0,0,0,4,0,0,1,1,6,6,3,-1,-1,-1,-1,-1,FIAT DUCATO,-1,-1,0,-1
2023340NN0652,2023,340NN0652,1,90,0,18,19,1,5,0,0,8,0,0,6,1,1,1,1,1,2,30,6,2200,2,0,FIAT DUCATO,6,E01032964,0,-1
2023411303443,2023,411303443,1,90,0,15,15,1,5,0,0,0,0,0,0,0,2,1,1,1,1,26,6,2287,2,3,FIAT DUCATO,7,E01017564,0,-1
2023141315569,2023,141315569,1,90,0,18,19,6,1,0,0,0,0,0,0,0,1,1,6,6,1,-1,-1,2999,2,6,FIAT DUCATO,-1,-1,0,-1
2023421283687,2023,421283687,4,19,0,2,2,0,0,0,0,1,0,0,0,0,0,1,1,1,1,61,9,2287,2,5,FIAT DUCATO,3,E01015988,0,-1
2023010427985,2023,010427985,1,19,0,5,5,5,1,0,0,4,0,0,0,0,4,1,1,1,1,26,6,2287,2,2,FIAT DUCATO,2,E01001826,0,-1
2023201339787,2023,201339787,2,90,0,18,19,6,3,0,0,8,0,0,0,0,4,1,1,1,2,37,7,2287,2,3,FIAT DUCATO,3,E01025866,0,-1
2023131272941,2023,131272941,1,19,0,-1,-1,-1,-1,-1,-1,0,-1,-1,-1,0,-1,1,6,6,3,-1,-1,2200,2,1,FIAT DUCATO,-1,-1,0,-1
2023052302738,2023,052302738,1,90,0,18,19,3,7,0,0,0,0,0,0,0,1,1,1,1,2,35,6,2287,2,5,FIAT DUCATO,6,E01025401,0,-1
2023221311562,2023,221311562,2,20,5,2,2,0,0,0,0,0,1,0,0,0,1,1,1,1,1,52,8,2287,2,5,-1,4,W01000927,0,-1
2023141344906,2023,141344906,2,19,0,18,19,1,5,0,0,0,0,0,0,0,2,1,1,1,2,27,6,-1,-1,-1,FIAT DUCATO,2,E01007491,0,-1
2023161318941,2023,161318941,2,19,0,18,19,3,8,0,0,0,1,0,0,0,1,1,6,6,1,26,6,2287,2,3,FIAT DUCATO,4,E01020746,0,-1
2023421279886,2023,421279886,2,19,0,18,19,7,3,0,0,1,0,0,0,0,1,1,5,6,1,47,8,2287,2,7,FIAT DUCATO,9,E01021828,0,-1
2023501309288,2023,501309288,2,90,0,18,19,5,1,0,0,8,0,0,0,0,1,1,1,1,3,-1,-1,2287,2,4,FIAT DUCATO,-1,-1,0,-1
2023311312358,2023,311312358,2,90,0,9,9,4,7,0,0,0,0,0,0,0,1,1,1,1,2,31,6,2287,2,2,FIAT DUCATO,7,E01013902,0,-1
2023332300802,2023,332300802,2,19,0,9,9,3,1,0,0,6,0,0,0,0,1,1,1,1,1,53,8,2287,2,7,FIAT DUCATO,5,E01029689,0,-1
2023071230320,2023,071230320,1,19,0,9,9,6,3,0,0,8,0,0,0,11,4,1,1,1,2,25,5,-1,-1,-1,FIAT DUCATO,4,E01012478,0,-1
2023461320191,2023,461320191,2,19,0,17,19,1,5,0,0,0,0,0,0,0,1,1,5,6,1,22,5,2287,2,2,FIAT DUCATO,2,E01016161,0,-1
2023421300867,2023,421300867,2,90,0,2,2,1,5,0,0,2,0,0,0,0,2,1,1,1,1,-1,-1,2287,2,3,FIAT DUCATO,-1,-1,0,-1
2023451324754,2023,451324754,2,19,0,2,2,1,5,0,0,0,0,0,0,0,2,1,6,6,3,-1,-1,2287,2,7,FIAT DUCATO,-1,-1,0,-1
2023041364008,2023,041364008,1,19,0,18,19,-1,-1,0,0,1,0,0,0,0,-1,1,6,6,1,27,6,2198,2,15,FIAT DUCATO,4,E01025213,0,-1
2023461335754,2023,461335754,1,19,0,9,9,0,1,0,0,0,0,0,0,0,1,1,6,6,1,34,6,2287,2,2,FIAT DUCATO,10,E01016026,0,-1
2023461381133,2023,461381133,4,19,0,2,2,0,0,0,0,2,0,4,0,0,2,1,6,6,3,-1,-1,2287,2,9,FIAT DUCATO,-1,-1,0,-1
2023991291860,2023,991291860,1,10,0,9,9,7,5,0,0,6,0,0,0,0,3,1,1,1,2,69,10,2287,2,3,-1,9,-1,0,-1
2023101345692,2023,101345692,2,10,0,18,19,5,1,0,0,1,0,0,0,0,1,1,1,1,2,53,8,-1,-1,-1,-1,2,E01008377,0,-1