collision_index,collision_year,collision_ref_no,vehicle_reference,vehicle_type,towing_and_articulation,vehicle_manoeuvre_historic,vehicle_manoeuvre,vehicle_direction_from,vehicle_direction_to,vehicle_location_restricted_lane_historic,vehicle_location_restricted_lane,junction_location,skidding_and_overturning,hit_object_in_carriageway,vehicle_leaving_carriageway,hit_object_off_carriageway,first_point_of_impact,vehicle_left_hand_drive,journey_purpose_of_driver_historic,journey_purpose_of_driver,sex_of_driver,age_of_driver,age_band_of_driver,engine_capacity_cc,propulsion_code,age_of_vehicle,generic_make_model,driver_imd_decile,lsoa_of_driver,escooter_flag,driver_distance_banding
2023361361024,2023,361361024,1,19,0,15,15,5,2,0,0,0,0,0,0,0,0,1,1,1,2,46,8,-1,-1,-1,FIAT DUCATO,3,E01026670,0,-1
2023552301051,2023,552301051,2,90,0,2,2,0,0,0,0,0,0,0,0,0,3,1,6,6,3,-1,-1,2800,2,21,FIAT DUCATO,-1,-1,0,-1
2023141320466,2023,141320466,1,90,0,9,9,3,7,0,0,8,0,0,0,0,3,1,1,1,2,27,6,2999,2,6,FIAT DUCATO,1,E01007466,0,-1
2023351403929,2023,351403929,1,20,0,18,19,1,3,0,0,0,1,0,0,0,3,1,1,1,1,29,6,2287,2,4,-1,4,E01021501,0,-1
2023131344283,2023,131344283,2,20,0,5,5,1,5,0,0,0,0,0,0,0,2,1,1,1,1,61,9,2287,2,2,-1,7,E01011878,0,-1
2023371304234,2023,371304234,1,19,0,18,19,5,1,0,0,0,0,0,0,0,1,1,1,1,1,31,6,2287,2,5,FIAT DUCATO,6,E01026494,0,-1
2023010476990,2023,010476990,2,19,0,2,2,0,0,0,0,2,0,0,0,0,2,1,6,6,3,-1,-1,2200,2,0,FIAT DUCATO,-1,-1,0,-1
2023461378197,2023,461378197,2,90,0,18,19,6,2,0,0,1,0,0,0,0,3,1,1,1,1,29,6,2287,2,4,FIAT DUCATO,4,E01016072,0,-1
2023552300988,2023,552300988,2,90,0,4,4,6,2,0,0,0,0,0,0,0,2,1,6,6,1,63,9,2287,2,6,FIAT DUCATO,9,E01000168,0,-1
2023351393003,2023,351393003,1,90,0,4,4,1,5,0,0,2,0,0,0,0,1,1,1,1,2,36,7,2287,2,2,FIAT DUCATO,5,E01026715,0,-1
2023501315544,2023,501315544,1,90,5,13,13,7,4,0,0,0,2,7,5,0,1,1,5,6,2,80,11,2800,2,18,FIAT DUCATO,4,E01014277,0,-1
2023401267134,2023,401267134,1,90,0,5,5,4,1,0,0,1,0,0,0,0,3,1,5,6,1,32,6,2287,2,4,FIAT DUCATO,-1,-1,0,-1
2023401352772,2023,401352772,1,19,0,5,5,5,1,0,0,2,0,4,0,0,1,1,6,6,1,28,6,1997,2,17,FIAT DUCATO,10,E01017459,0,-1
2023302301097,2023,302301097,2,19,0,4,4,6,2,0,0,0,0,0,0,0,2,1,1,1,1,-1,-1,2287,2,7,FIAT DUCATO,5,E01023304,0,-1
2023401349666,2023,401349666,1,19,0,2,2,6,2,0,0,0,0,0,0,0,2,1,6,6,1,51,8,2198,2,13,FIAT DUCATO,3,E01023954,0,-1
2023201344753,2023,201344753,1,19,0,9,9,5,2,0,0,6,0,0,0,0,1,1,1,1,1,21,5,2287,2,9,FIAT DUCATO,2,E01010284,0,-1
2023340WN4582,2023,340WN4582,2,19,0,18,19,3,7,0,0,1,0,0,0,0,1,1,1,1,1,65,9,2200,2,1,FIAT DUCATO,9,E01031148,0,-1
2023421356853,2023,421356853,2,19,0,15,15,5,1,2,2,0,0,0,0,0,1,1,1,1,2,25,5,-1,-1,-1,FIAT DUCATO,7,E01021613,0,-1
2023201278240,2023,201278240,1,90,0,18,19,7,3,0,0,8,0,0,0,0,4,1,1,1,1,46,8,2287,2,5,FIAT DUCATO,9,E01029724,0,-1
2023991334431,2023,991334431,2,8,0,18,19,1,5,0,0,1,0,0,0,0,1,1,5,6,2,35,6,2287,2,7,-1,8,-1,0,-1
2023451319259,2023,451319259,1,19,0,4,4,3,7,0,0,0,0,0,0,0,2,1,1,1,1,42,7,2287,2,3,FIAT DUCATO,4,E01016448,0,-1
2023461259745,2023,461259745,1,19,0,14,14,2,6,0,0,0,0,0,0,0,1,1,1,1,1,52,8,2287,2,3,FIAT DUCATO,9,E01024473,0,-1
2023131302531,2023,131302531,2,90,0,18,19,3,7,0,0,1,0,0,0,0,0,1,1,1,2,49,8,2287,2,5,FIAT DUCATO,8,E01011889,0,-1
2023041284675,2023,041284675,3,19,0,2,2,0,0,9,9,1,0,0,0,0,1,1,6,6,3,-1,-1,2287,2,6,FIAT DUCATO,-1,-1,0,-1
2023010446979,2023,010446979,1,19,0,5,5,0,3,0,0,1,0,0,0,0,3,1,1,1,1,53,8,2287,2,7,FIAT DUCATO,2,E01004409,0,-1
2023061382075,2023,061382075,3,19,0,7,7,5,1,0,0,2,0,0,0,0,0,1,1,1,1,24,5,-1,-1,-1,FIAT DUCATO,-1,-1,0,-1
2023430229636,2023,430229636,2,19,0,9,9,2,8,0,0,8,0,0,0,0,4,1,6,6,1,47,8,2287,2,11,FIAT DUCATO,3,E01017514,0,-1
2023052301172,2023,052301172,2,19,0,18,19,5,1,0,0,0,0,0,0,0,4,1,6,6,1,45,7,1956,2,6,FIAT DUCATO,3,E01006358,0,-1
2023991285673,2023,991285673,2,19,0,18,19,7,3,0,0,1,0,0,0,0,2,1,1,1,1,40,7,2287,2,3,FIAT DUCATO,6,-1,0,-1
2023131308915,2023,131308915,2,20,0,2,2,0,0,6,6,0,0,0,0,0,0,1,6,6,3,-1,-1,2999,2,15,-1,-1,-1,0,-1
2023430374202,2023,430374202,1,90,0,9,9,7,5,0,0,8,0,0,0,0,1,1,6,6,2,-1,-1,2287,2,4,FIAT DUCATO,-1,-1,0,-1
2023201408423,2023,201408423,2,19,0,2,2,0,0,0,0,0,0,0,0,0,1,1,6,6,1,57,9,2287,2,2,FIAT DUCATO,1,E01009511,0,-1
2023351340341,2023,351340341,1,90,0,18,19,8,4,0,0,6,1,0,7,9,1,1,1,1,1,47,8,2287,2,3,FIAT DUCATO,3,E01026325,0,-1
2023141267663,2023,141267663,1,19,0,17,19,8,5,0,0,0,0,0,0,0,1,1,1,1,1,27,6,2287,2,8,FIAT DUCATO,1,E01007738,0,-1
2023351393808,2023,351393808,2,90,0,13,13,7,3,0,0,0,0,0,0,0,1,1,1,1,2,22,5,2287,2,4,FIAT DUCATO,8,E01018290,0,-1
2023111332310,2023,111332310,1,19,0,18,19,6,2,0,0,0,0,0,0,0,1,1,1,1,1,29,6,-1,-1,-1,FIAT DUCATO,-1,-1,0,-1
2023991260746,2023,991260746,1,90,0,18,19,8,4,0,0,0,0,0,0,0,4,1,5,6,1,30,6,2287,2,4,FIAT DUCATO,6,E01004216,0,-1
2023371354003,2023,371354003,1,19,0,16,19,7,3,0,0,1,0,0,0,0,1,1,6,6,1,24,5,2287,2,9,FIAT DUCATO,5,E01029960,0,-1
2023010425797,2023,010425797,1,19,0,7,7,8,2,0,0,6,0,0,0,0,4,1,1,1,1,59,9,2287,2,5,FIAT DUCATO,7,E01021413,0,-1
2023371360693,2023,371360693,1,90,0,9,9,3,8,0,0,5,0,0,0,0,1,1,5,6,1,89,11,2287,2,14,FIAT DUCATO,7,E01030069,0,-1
2023991338467,2023,991338467,1,19,0,18,19,3,7,0,0,0,0,0,0,0,1,1,5,6,1,53,8,2287,2,6,FIAT DUCATO,-1,-1,0,-1
2023302300333,2023,302300333,1,90,0,14,14,7,2,0,0,1,0,0,0,0,4,1,6,6,1,-1,-1,2287,2,2,FIAT DUCATO,6,E01019654,0,-1
2023070597502,2023,070597502,1,90,0,4,4,4,8,0,0,2,0,10,1,1,1,1,1,1,1,41,7,2287,2,6,FIAT DUCATO,10,W01000326,0,-1
2023302301462,2023,302301462,2,19,0,18,19,6,2,0,0,0,0,0,0,0,1,1,1,1,1,54,8,2287,2,8,FIAT DUCATO,1,-1,0,-1
2023221297224,2023,221297224,1,19,0,16,19,4,8,0,0,4,0,9,0,0,1,1,6,6,1,39,7,2198,2,13,FIAT DUCATO,3,E01008945,0,-1
2023201385605,2023,201385605,2,90,0,18,19,8,4,0,0,1,0,0,0,0,2,1,1,1,2,25,5,2287,2,2,FIAT DUCATO,-1,-1,0,-1
2023041374621,2023,041374621,2,90,0,2,2,0,0,0,0,0,0,0,0,0,3,1,6,6,3,-1,-1,2800,2,23,FIAT DUCATO,-1,-1,0,-1
202354C072723,2023,54C072723,1,19,0,18,19,6,2,0,0,1,0,0,0,0,1,1,1,1,1,24,5,2287,2,2,FIAT DUCATO,4,E01028582,0,-1
2023421390132,2023,421390132,1,19,0,12,12,7,2,0,0,0,0,0,0,0,3,1,6,6,1,24,5,2287,2,3,FIAT DUCATO,4,E01003357,0,-1
2023141312616,2023,141312616,2,19,0,2,2,0,0,9,9,1,0,0,0,0,0,1,6,6,3,-1,-1,2198,2,11,FIAT DUCATO,-1,-1,0,-1
2023440289376,2023,440289376,1,90,0,18,19,4,8,0,0,0,0,0,0,0,1,1,1,1,1,22,5,2287,2,1,FIAT DUCATO,9,E01022783,0,-1
2023351360214,2023,351360214,2,90,0,18,19,6,2,0,0,1,0,0,1,4,1,1,1,1,2,20,4,2287,2,4,FIAT DUCATO,8,E01027094,0,-1
2023052300718,2023,052300718,1,19,0,9,9,1,3,0,0,6,0,0,0,0,3,1,1,1,1,32,6,2287,2,7,FIAT DUCATO,1,E01032508,0,-1
2023501398846,2023,501398846,1,19,0,18,19,5,1,0,0,1,0,0,0,0,1,1,1,1,1,31,6,2287,2,3,FIAT DUCATO,6,E01020204,0,-1
2023311364443,2023,311364443,2,19,0,18,19,7,3,0,0,0,0,0,1,0,3,1,2,2,1,31,6,2200,2,0,FIAT DUCATO,5,E01007762,0,-1
2023010429660,2023,010429660,1,19,0,99,99,9,9,99,99,9,9,99,9,99,9,9,1,1,1,56,9,2287,2,6,FIAT DUCATO,2,E01001849,0,-1
2023010476990,2023,010476990,1,19,0,18,19,3,7,0,0,2,0,4,7,0,1,1,1,1,1,50,8,2287,2,1,FIAT DUCATO,4,E01002684,0,-1
2023401377050,2023,401377050,4,19,0,3,3,1,5,0,0,0,0,0,0,0,2,1,1,1,1,43,7,2287,2,4,FIAT DUCATO,9,E01017573,0,-1
2023461349863,2023,461349863,1,19,0,18,19,-1,-1,0,0,8,0,0,0,0,1,1,6,6,1,37,7,2287,2,9,FIAT DUCATO,2,E01016040,0,-1
2023991322981,2023,991322981,2,90,0,18,19,3,7,0,0,0,0,0,0,0,1,1,5,6,1,59,9,2285,2,18,FIAT DUCATO,10,-1,0,-1
2023201364146,2023,201364146,1,90,0,18,19,4,8,0,0,8,5,0,0,0,3,1,1,1,2,23,5,2200,2,1,FIAT DUCATO,9,E01029672,0,-1
2023141298477,2023,141298477,1,90,0,18,19,7,3,0,0,1,0,0,0,0,3,1,1,1,2,35,6,2287,2,4,FIAT DUCATO,6,E01011885,0,-1
2023101345577,2023,101345577,1,19,0,4,4,3,3,0,0,0,0,0,0,0,2,1,1,1,1,58,9,2198,2,15,FIAT DUCATO,-1,-1,0,-1
2023552300161,2023,552300161,1,19,0,9,9,8,5,0,0,6,0,0,0,0,1,1,1,1,1,64,9,2287,2,11,FIAT DUCATO,10,E01020042,0,-1
2023631333287,2023,631333287,1,19,4,18,19,4,7,0,0,1,1,0,0,0,1,1,2,2,1,60,9,2999,2,13,FIAT DUCATO,8,W01000569,0,-1
2023311263494,2023,311263494,2,20,0,18,19,1,5,0,0,8,0,0,0,0,4,1,1,1,2,30,6,-1,-1,-1,-1,10,E01028373,0,-1
2023501370067,2023,501370067,1,19,0,18,19,1,5,0,0,0,0,0,0,0,1,1,6,6,1,50,8,-1,-1,-1,FIAT DUCATO,5,E01020256,0,-1
2023010435437,2023,010435437,2,19,0,2,2,0,0,0,0,0,0,0,0,0,2,1,6,6,3,-1,-1,2287,2,9,FIAT DUCATO,-1,-1,0,-1
2023122300162,2023,122300162,2,19,0,3,3,3,4,0,0,1,0,0,0,0,2,1,6,6,1,57,9,2287,2,16,FIAT DUCATO,1,E01007532,0,-1
2023010479071,2023,010479071,1,10,0,18,19,1,5,0,0,1,0,0,0,0,0,1,3,7,2,58,9,2287,2,6,-1,3,E01002079,0,-1
2023440298647,2023,440298647,1,19,0,9,9,4,2,0,0,1,0,0,0,0,4,1,2,2,1,57,9,2287,2,2,FIAT DUCATO,7,E01022710,0,-1
2023471307202,2023,471307202,2,90,0,2,2,0,0,0,0,0,0,0,0,0,0,1,6,6,3,-1,-1,2287,2,2,FIAT DUCATO,-1,-1,0,-1
2023461299291,2023,461299291,2,19,0,2,2,0,0,0,0,0,0,12,0,0,4,1,6,6,1,-1,-1,2287,2,2,FIAT DUCATO,-1,-1,0,-1
2023361269471,2023,361269471,1,90,0,13,13,7,3,0,0,0,0,0,0,0,0,1,5,6,2,36,7,2287,2,4,FIAT DUCATO,8,E01026714,0,-1
2023440306340,2023,440306340,1,90,0,18,19,7,3,0,0,2,0,0,0,0,1,1,6,6,1,38,7,2287,2,6,FIAT DUCATO,10,E01004084,0,-1
2023440093604,2023,440093604,1,19,0,18,19,3,7,0,0,1,0,0,0,0,1,1,1,1,1,38,7,2287,2,2,FIAT DUCATO,4,E01023088,0,-1
2023531266046,2023,531266046,1,10,0,7,7,2,6,0,0,0,0,0,0,0,1,1,1,1,1,55,8,-1,-1,-1,-1,10,E01022118,0,-1
2023010484897,2023,010484897,2,19,9,99,99,9,9,99,99,9,9,99,9,0,9,9,6,6,1,68,10,2287,2,6,FIAT DUCATO,7,E01023506,0,-1
2023501327542,2023,501327542,1,19,0,12,12,2,6,0,0,1,0,0,0,0,4,1,1,1,1,30,6,2287,2,3,FIAT DUCATO,7,E01014962,0,-1
2023311296039,2023,311296039,2,90,0,17,19,5,7,0,0,2,0,0,0,0,3,1,1,1,1,44,7,2287,2,2,FIAT DUCATO,-1,-1,0,-1
2023031347926,2023,031347926,1,90,0,14,14,3,7,0,0,0,0,0,0,0,2,1,5,6,1,62,9,2800,2,22,FIAT DUCATO,2,W01001206,0,-1
2023522301670,2023,522301670,1,19,0,18,19,5,2,0,0,8,0,0,0,0,1,1,6,6,1,-1,-1,2287,2,2,FIAT DUCATO,8,E01014803,0,-1
2023311379874,2023,311379874,1,19,0,18,19,8,4,0,0,0,0,0,0,0,1,1,1,1,1,38,7,2287,2,3,FIAT DUCATO,3,E01011807,0,-1
2023552300662,2023,552300662,1,19,0,5,5,6,4,0,0,6,0,0,0,0,4,1,6,6,1,64,9,2287,2,5,FIAT DUCATO,7,E01032643,0,-1
2023302301577,2023,302301577,1,19,0,18,19,1,5,0,0,8,0,0,0,0,1,1,6,6,1,63,9,-1,-1,-1,FIAT DUCATO,6,E01019654,0,-1
2023440348284,2023,440348284,2,19,0,9,9,2,8,0,0,8,0,0,0,0,3,1,6,6,1,68,10,-1,-1,-1,FIAT DUCATO,4,-1,0,-1
2023501369626,2023,501369626,1,90,0,18,19,5,1,0,0,0,0,0,0,0,3,1,6,6,1,62,9,2287,2,11,FIAT DUCATO,5,E01031519,0,-1
2023531364822,2023,531364822,1,19,0,8,8,1,3,0,0,4,0,0,0,0,1,2,1,1,1,53,8,1956,2,6,FIAT DUCATO,10,E01028464,0,-1
2023070835057,2023,070835057,2,19,0,13,13,6,2,0,0,1,0,0,0,0,1,1,1,1,1,34,6,-1,-1,-1,FIAT DUCATO,8,E01018403,0,-1
2023501374944,2023,501374944,2,19,0,16,19,5,1,0,0,0,1,0,0,0,1,1,2,2,1,53,8,-1,-1,-1,FIAT DUCATO,7,E01020258,0,-1
2023411325828,2023,411325828,2,10,0,18,19,7,3,0,0,0,0,0,0,0,1,1,5,6,1,60,9,-1,-1,-1,-1,5,E01023769,0,-1
2023440356635,2023,440356635,1,90,0,13,13,6,2,0,0,1,0,0,0,0,1,1,1,1,1,27,6,2287,2,1,FIAT DUCATO,9,E01022494,0,-1
2023461277435,2023,461277435,1,19,0,7,7,2,7,0,0,6,0,0,0,0,4,1,5,6,1,27,6,2287,2,3,FIAT DUCATO,2,E01000789,0,-1
2023061316551,2023,061316551,3,19,0,18,19,5,1,0,0,2,0,0,0,0,3,1,1,1,2,24,5,-1,-1,-1,FIAT DUCATO,6,E01023633,0,-1
2023471311594,2023,471311594,2,19,0,2,2,0,0,0,0,0,0,0,0,0,2,1,6,6,3,-1,-1,2287,2,2,FIAT DUCATO,-1,-1,0,-1
2023311378868,2023,311378868,2,19,0,18,19,1,5,0,0,0,0,0,0,0,1,1,1,1,1,65,9,2287,2,2,FIAT DUCATO,7,E01012954,0,-1
2023361293407,2023,361293407,1,90,0,18,19,7,3,0,0,8,1,0,8,0,3,1,1,1,2,22,5,2287,2,3,FIAT DUCATO,5,E01026245,0,-1
2023101323000,2023,101323000,2,19,0,18,19,3,7,0,0,1,0,0,0,0,1,1,1,1,1,33,6,-1,-1,-1,FIAT DUCATO,5,E01008329,0,-1
2023010428615,2023,010428615,1,19,0,99,99,9,9,99,99,9,9,99,9,99,2,9,2,2,1,35,6,2287,2,3,FIAT DUCATO,3,E01015765,0,-1
2023501362946,2023,501362946,1,90,0,18,19,1,6,0,0,2,0,12,0,0,1,1,5,6,1,72,10,2287,2,3,FIAT DUCATO,4,E01020180,0,-1
202360A128429,2023,60A128429,1,90,0,18,19,8,4,0,0,0,2,0,1,4,1,1,6,6,1,65,9,1997,2,18,FIAT DUCATO,-1,-1,0,-1
2023622300807,2023,622300807,2,19,0,18,19,4,8,0,0,0,0,0,0,0,1,1,6,6,1,29,6,1997,2,17,FIAT DUCATO,8,W01000892,0,-1
2023430312012,2023,430312012,2,19,0,18,19,7,3,0,0,8,0,0,0,0,1,1,1,1,1,30,6,2287,2,7,FIAT DUCATO,7,E01027277,0,-1
2023320309825,2023,320309825,1,19,0,9,9,2,6,0,0,5,1,0,0,0,4,1,1,1,1,44,7,-1,-1,-1,FIAT DUCATO,3,E01026310,0,-1
2023552300238,2023,552300238,1,19,4,18,19,4,8,0,0,0,2,0,2,7,0,1,1,1,1,26,6,2287,2,5,FIAT DUCATO,5,E01009916,0,-1
2023311362234,2023,311362234,1,90,0,18,19,5,1,0,0,0,0,0,0,0,1,1,5,6,2,69,10,2286,2,17,FIAT DUCATO,7,E01022411,0,-1
2023201340185,2023,201340185,1,11,0,4,4,1,5,0,0,1,0,0,0,0,0,1,1,1,1,64,9,2287,2,4,-1,2,E01010268,0,-1
2023141290178,2023,141290178,1,19,0,5,5,1,3,0,0,6,0,0,0,0,1,1,1,1,1,64,9,2287,2,4,FIAT DUCATO,7,E01026299,0,-1
2023991332359,2023,991332359,1,19,0,16,19,3,7,0,0,0,1,0,0,0,1,1,6,6,1,33,6,2287,2,9,FIAT DUCATO,1,-1,0,-1
2023461333227,2023,461333227,2,19,0,18,19,3,7,0,0,0,0,1,0,0,3,1,1,1,2,57,9,2999,2,8,FIAT DUCATO,4,E01001586,0,-1
2023622300445,2023,622300445,2,19,0,2,2,0,0,0,0,0,0,0,0,0,3,1,6,6,3,-1,-1,2287,2,12,FIAT DUCATO,-1,-1,0,-1
2023041348786,2023,041348786,2,19,0,18,19,5,1,0,0,0,1,0,1,7,1,1,5,6,1,67,10,1997,2,17,FIAT DUCATO,9,W01000376,0,-1
2023320473898,2023,320473898,2,19,0,18,19,3,7,0,0,0,0,0,0,0,1,1,6,6,2,53,8,-1,-1,-1,FIAT DUCATO,-1,-1,0,-1
2023471367699,2023,471367699,2,19,0,2,2,0,0,0,0,0,0,0,0,0,2,1,6,6,3,-1,-1,2287,2,7,FIAT DUCATO,-1,-1,0,-1
2023010443881,2023,010443881,2,20,0,4,4,1,5,0,0,1,0,0,0,0,2,1,6,6,1,54,8,-1,-1,-1,-1,8,W01000053,0,-1
2023531348120,2023,531348120,1,90,0,1,1,2,6,9,9,0,0,0,0,0,2,1,6,6,2,77,11,2287,2,16,FIAT DUCATO,6,E01022210,0,-1
2023371356134,2023,371356134,2,90,0,4,4,0,0,0,0,0,0,0,0,0,2,1,1,1,2,63,9,2287,2,5,FIAT DUCATO,8,E01030047,0,-1
2023231313161,2023,231313161,1,19,0,16,19,3,6,0,0,0,0,0,0,0,1,1,1,1,1,40,7,2287,2,3,FIAT DUCATO,2,E01031066,0,-1
2023041370000,2023,041370000,1,19,0,18,19,5,1,0,0,1,0,0,0,0,3,1,2,2,1,58,9,2198,2,17,FIAT DUCATO,6,E01025098,0,-1
2023122301259,2023,122301259,1,9,0,9,9,7,1,0,0,8,0,0,0,0,1,1,1,1,1,59,9,2287,2,9,-1,3,E01027651,0,-1
2023201420810,2023,201420810,1,9,0,9,9,8,4,0,0,1,0,4,8,0,1,1,2,2,1,51,8,-1,3,0,FORD MUSTANG MACH-E,9,E01032433,0,-1
2023421316113,2023,421316113,3,9,0,17,19,4,8,0,0,0,0,0,0,0,1,1,5,6,1,64,9,-1,3,1,FORD MUSTANG MACH-E,8,E01021468,0,-1
2023131332290,2023,131332290,1,9,0,18,19,7,3,0,0,0,0,0,5,0,1,1,5,6,2,44,7,-1,3,2,FORD MUSTANG MACH-E,7,E01010879,0,-1
2023201296654,2023,201296654,1,9,0,18,19,8,4,0,0,0,0,0,0,0,1,1,6,6,1,61,9,-1,3,2,FORD MUSTANG MACH-E,9,E01009735,0,-1
2023340NN3482,2023,340NN3482,2,9,0,18,19,8,4,0,0,0,0,0,0,0,2,1,1,1,1,52,8,-1,3,2,FORD MUSTANG MACH-E,7,E01023963,0,-1
2023440168266,2023,440168266,2,9,0,18,19,6,2,0,0,1,0,0,0,0,1,1,2,2,1,47,8,-1,3,1,FORD MUSTANG MACH-E,10,E01032870,0,-1
2023111272735,2023,111272735,1,9,0,18,19,5,1,0,0,1,0,0,0,0,1,1,1,1,1,28,6,-1,3,1,FORD MUSTANG MACH-E,3,E01020679,0,-1
2023010421010,2023,010421010,1,9,0,18,19,5,1,0,0,8,0,0,0,0,1,1,6,6,1,21,5,-1,3,1,FORD MUSTANG MACH-E,3,E01003136,0,-1
2023522400815,2023,522400815,1,9,0,18,19,3,7,0,0,3,0,0,0,0,1,1,6,6,1,32,6,-1,3,1,FORD MUSTANG MACH-E,4,E01014496,0,-1
2023471368719,2023,471368719,3,9,0,18,19,8,4,0,0,1,0,0,0,0,1,1,6,6,1,31,6,-1,3,1,FORD MUSTANG MACH-E,8,E01031418,0,-1
2023311348108,2023,311348108,2,9,0,17,19,7,3,0,0,0,0,0,0,0,3,1,6,6,1,32,6,-1,3,0,FORD MUSTANG MACH-E,10,E01028088,0,-1
2023430435213,2023,430435213,1,9,0,18,19,1,5,0,0,0,0,0,0,0,1,1,2,2,1,36,7,-1,3,1,FORD MUSTANG MACH-E,4,E01016361,0,-1
2023991373205,2023,991373205,1,9,0,18,19,8,4,0,0,0,0,4,0,0,1,1,5,6,1,50,8,-1,3,1,FORD MUSTANG MACH-E,3,-1,0,-1
2023201390960,2023,201390960,1,9,0,4,4,1,5,0,0,0,0,0,0,0,1,1,6,6,1,62,9,-1,3,2,FORD MUSTANG MACH-E,9,E01009735,0,-1
2023131377816,2023,131377816,2,9,0,2,2,0,0,9,9,0,0,0,0,0,2,1,5,6,1,69,10,-1,3,1,FORD MUSTANG MACH-E,5,E01020535,0,-1
2023041373718,2023,041373718,2,9,0,16,19,5,1,0,0,0,1,7,0,0,1,1,2,2,1,40,7,-1,3,0,FORD MUSTANG MACH-E,7,E01019354,0,-1
2023010467657,2023,010467657,2,9,0,99,99,9,9,99,99,9,9,99,9,99,0,9,6,6,3,-1,-1,-1,3,0,FORD MUSTANG MACH-E,-1,-1,0,-1
2023440084256,2023,440084256,3,9,0,18,19,5,1,0,0,0,0,0,0,0,1,1,6,6,1,44,7,-1,3,0,FORD MUSTANG MACH-E,10,E01022683,0,-1
2023411394266,2023,411394266,2,9,0,18,19,1,5,0,0,0,0,0,0,0,2,1,5,6,1,40,7,-1,3,0,FORD MUSTANG MACH-E,10,E01005048,0,-1
2023991393550,2023,991393550,3,9,0,17,19,3,7,0,0,0,0,0,1,0,3,1,5,6,1,29,6,-1,3,0,FORD MUSTANG MACH-E,4,-1,0,-1
2023010483592,2023,010483592,1,9,0,18,19,5,1,0,0,8,0,0,1,11,4,1,2,2,1,73,10,-1,3,2,FORD MUSTANG MACH-E,4,E01023302,0,-1
2023010474736,2023,010474736,1,9,0,7,7,3,6,9,9,1,0,7,1,10,1,1,6,6,2,31,6,-1,3,2,FORD MUSTANG MACH-E,7,E01004352,0,-1
2023161287584,2023,161287584,1,9,0,9,9,4,8,0,0,0,0,0,0,0,1,1,5,6,1,36,7,-1,3,2,FORD MUSTANG MACH-E,7,E01026392,0,-1
2023010443333,2023,010443333,2,9,0,14,14,1,5,0,0,8,0,0,0,0,3,1,2,2,2,36,7,-1,3,1,FORD MUSTANG MACH-E,7,E01003167,0,-1
2023501377366,2023,501377366,1,9,0,18,19,3,8,0,0,8,0,0,0,0,1,2,6,6,1,48,8,-1,3,2,FORD MUSTANG MACH-E,6,E01020226,0,-1
2023471301284,2023,471301284,1,9,0,16,19,7,3,0,0,0,0,0,0,0,1,1,6,6,1,74,10,-1,3,1,FORD MUSTANG MACH-E,7,E01031536,0,-1
2023010433908,2023,010433908,2,9,0,99,99,9,9,99,99,9,9,99,9,99,9,9,6,6,3,38,7,-1,3,1,FORD MUSTANG MACH-E,3,E01001769,0,-1
2023451378706,2023,451378706,3,9,0,18,19,5,1,0,0,1,0,0,0,0,3,1,6,6,1,33,6,-1,3,1,FORD MUSTANG MACH-E,10,E01030868,0,-1
2023010466167,2023,010466167,1,9,0,18,19,4,8,0,0,0,0,0,1,4,3,1,6,6,2,34,6,-1,3,1,FORD MUSTANG MACH-E,9,E01000656,0,-1
2023501313103,2023,501313103,1,3,0,18,19,1,6,0,0,1,0,0,0,0,1,1,5,6,1,19,4,125,1,23,-1,6,E01018986,0,-1
2023010442939,2023,010442939,2,9,0,18,19,1,5,0,0,2,0,0,0,0,2,1,6,6,3,34,6,1596,1,6,INFINITI Q30,4,E01000286,0,-1
2023161324895,2023,161324895,4,9,0,18,19,5,1,0,0,0,0,0,0,0,1,1,5,6,2,80,11,1461,2,6,INFINITI Q30,-1,-1,0,-1
2023052301511,2023,052301511,1,9,0,7,7,5,8,0,0,8,0,0,0,0,4,1,6,6,2,36,7,1461,2,6,INFINITI Q30,3,E01033761,0,-1
2023461374203,2023,461374203,1,9,0,4,4,7,3,0,0,1,0,0,0,0,1,1,6,6,1,44,7,1461,2,6,INFINITI Q30,5,E01024623,0,-1
2023622301017,2023,622301017,1,9,0,18,19,4,8,0,0,0,0,0,0,0,2,1,6,6,1,39,7,2143,2,6,INFINITI Q30,2,W01000942,0,-1
2023131382146,2023,131382146,1,9,0,18,19,3,7,0,0,8,0,0,0,0,4,1,2,2,1,34,6,1595,1,6,INFINITI Q30,5,E01010656,0,-1
2023451266067,2023,451266067,8,9,0,18,19,8,4,0,0,0,0,0,0,0,2,1,2,2,1,49,8,1461,2,7,INFINITI Q30,-1,-1,0,-1
2023041372246,2023,041372246,2,9,0,18,19,1,5,0,0,8,0,4,0,0,1,1,2,2,2,26,6,2143,2,7,INFINITI Q30,1,E01033231,0,-1
2023501316476,2023,501316476,1,9,0,18,19,4,8,0,0,1,0,0,0,0,4,1,5,6,1,66,10,2143,2,6,INFINITI Q30,4,E01014169,0,-1
2023061268784,2023,061268784,2,9,0,3,3,1,1,0,0,0,0,0,0,0,1,1,6,6,1,30,6,1461,2,6,INFINITI Q30,7,E01004781,0,-1
2023520300648,2023,520300648,2,9,0,18,19,7,2,0,0,1,0,0,0,0,1,1,6,6,2,38,7,1461,2,7,INFINITI Q30,9,E01029258,0,-1