collision_index,collision_year,collision_ref_no,vehicle_reference,vehicle_type,towing_and_articulation,vehicle_manoeuvre_historic,vehicle_manoeuvre,vehicle_direction_from,vehicle_direction_to,vehicle_location_restricted_lane_historic,vehicle_location_restricted_lane,junction_location,skidding_and_overturning,hit_object_in_carriageway,vehicle_leaving_carriageway,hit_object_off_carriageway,first_point_of_impact,vehicle_left_hand_drive,journey_purpose_of_driver_historic,journey_purpose_of_driver,sex_of_driver,age_of_driver,age_band_of_driver,engine_capacity_cc,propulsion_code,age_of_vehicle,generic_make_model,driver_imd_decile,lsoa_of_driver,escooter_flag,driver_distance_banding
2023010434768,2023,010434768,2,9,0,18,19,7,3,0,0,8,0,0,0,0,1,1,6,6,3,-1,-1,1461,2,6,INFINITI Q30,-1,-1,0,-1
2023461306014,2023,461306014,2,9,0,4,4,6,2,0,0,1,0,0,0,0,2,1,6,6,1,25,5,1991,1,6,INFINITI Q30,-1,-1,0,-1
2023421352290,2023,421352290,2,17,0,18,19,7,3,0,0,0,0,0,0,0,2,1,1,1,1,55,8,4800,2,1,-1,4,E01021360,0,-1
2023161354769,2023,161354769,1,3,0,18,19,3,7,0,0,3,0,0,0,0,3,1,2,2,1,61,9,125,1,2,-1,3,E01012784,0,-1
2023131387970,2023,131387970,1,3,0,7,7,1,5,0,0,8,0,0,0,0,3,1,2,2,1,18,4,125,1,10,-1,2,E01010815,0,-1
2023031302168,2023,031302168,1,3,0,18,19,3,7,0,0,4,0,0,0,0,1,1,5,6,1,27,6,125,1,4,-1,-1,-1,0,-1
2023231311458,2023,231311458,2,3,0,18,19,2,6,0,0,0,0,0,0,0,1,1,5,6,1,18,4,125,1,7,-1,2,E01031075,0,-1
2023010438159,2023,010438159,2,3,0,14,14,1,5,0,0,0,1,0,0,0,1,1,2,2,1,23,5,125,1,5,-1,9,E01024450,0,-1
2023351308400,2023,351308400,2,3,0,14,14,5,1,0,0,2,0,0,0,0,1,1,5,6,1,17,4,125,1,5,-1,8,E01026368,0,-1
2023231308740,2023,231308740,1,4,0,13,13,2,6,0,0,8,0,0,0,0,4,1,6,6,1,35,6,125,1,2,-1,3,E01025852,0,-1
2023320276113,2023,320276113,1,3,0,17,19,4,8,0,0,0,0,0,1,11,1,1,6,6,1,31,6,125,1,4,-1,-1,-1,0,-1
2023552301089,2023,552301089,2,3,0,18,19,6,2,0,0,8,0,0,0,0,1,1,6,6,1,24,5,125,1,2,-1,10,E01020395,0,-1
2023320263636,2023,320263636,2,3,0,4,4,7,3,0,0,1,0,0,0,0,2,1,6,6,1,63,9,125,1,8,-1,3,E01026134,0,-1
2023522400434,2023,522400434,2,3,0,14,14,5,1,0,0,1,0,0,0,0,1,1,6,6,1,28,6,125,1,7,-1,9,E01014754,0,-1
2023311274716,2023,311274716,1,2,0,4,4,2,6,0,0,1,2,0,0,0,3,1,2,2,1,20,4,125,1,5,-1,3,E01028153,0,-1
2023201278754,2023,201278754,1,3,0,18,19,6,2,0,0,0,0,0,0,0,1,1,6,6,1,30,6,125,1,8,-1,1,E01009311,0,-1
2023061329230,2023,061329230,2,3,0,18,19,1,5,0,0,1,0,0,0,0,4,1,5,6,1,28,6,125,1,6,-1,2,E01005959,0,-1
2023221364456,2023,221364456,1,9,0,18,19,5,1,0,0,0,2,0,1,4,1,1,2,2,1,39,7,2487,8,0,-1,7,E01032399,0,-1
2023231323520,2023,231323520,1,9,0,18,19,2,6,0,0,4,0,0,0,0,1,1,5,6,1,79,11,2487,8,0,-1,9,E01031330,0,-1
2023221325788,2023,221325788,1,9,0,18,19,7,2,0,0,4,0,0,0,0,1,1,5,6,1,68,10,2487,8,0,-1,5,E01014056,0,-1
2023451263535,2023,451263535,1,9,0,18,19,1,1,0,0,0,0,0,1,0,1,1,5,6,1,80,11,2487,8,0,-1,10,E01030728,0,-1
2023471351319,2023,471351319,1,9,0,9,9,2,8,0,0,5,0,0,0,0,4,1,5,6,1,84,11,2487,8,1,-1,7,E01021160,0,-1
2023340WN7162,2023,340WN7162,1,9,0,18,19,1,5,0,0,0,1,0,8,6,3,1,2,2,1,58,9,2487,8,0,-1,5,E01008091,0,-1
2023440211377,2023,440211377,2,9,0,18,19,2,6,0,0,0,0,0,0,0,1,1,6,6,1,72,10,2487,8,0,-1,9,E01030301,0,-1
2023010454708,2023,010454708,2,9,0,99,99,9,9,99,99,9,9,99,9,99,9,9,6,6,3,41,7,2487,8,1,-1,10,E01000838,0,-1
2023552400015,2023,552400015,1,9,0,5,5,6,2,0,0,6,0,0,0,0,1,1,6,6,2,54,8,2487,8,1,-1,4,E01015372,0,-1
2023070444175,2023,070444175,1,17,0,16,19,5,7,0,0,0,5,0,1,4,1,1,6,6,1,16,4,-1,2,11,MASSEY FERGUSON MODEL MISSING,7,E01018597,0,-1
2023320563058,2023,320563058,1,17,0,9,9,6,4,0,0,5,5,0,0,0,4,1,1,1,1,20,4,-1,2,7,MASSEY FERGUSON MODEL MISSING,8,E01013149,0,-1
202360A178240,2023,60A178240,1,17,4,18,19,2,6,0,0,0,0,0,0,0,0,1,1,1,1,79,11,-1,2,14,MASSEY FERGUSON MODEL MISSING,-1,-1,0,-1
202360A188039,2023,60A188039,2,17,5,13,13,3,7,0,0,0,0,0,0,0,3,1,6,6,1,37,7,-1,2,26,MASSEY FERGUSON MODEL MISSING,-1,-1,0,-1
2023991312531,2023,991312531,1,17,4,18,19,7,2,0,0,2,0,0,0,0,4,1,1,1,1,59,9,-1,2,3,MASSEY FERGUSON MODEL MISSING,6,-1,0,-1
2023520400444,2023,520400444,3,17,2,18,19,3,7,0,0,2,0,0,0,0,0,1,6,6,1,23,5,-1,2,40,MASSEY FERGUSON MODEL MISSING,8,E01029274,0,-1
2023211338250,2023,211338250,1,17,0,18,19,7,3,0,0,0,0,0,0,0,2,1,1,1,1,19,4,7400,2,2,MASSEY FERGUSON MODEL MISSING,9,E01029412,0,-1
2023031365214,2023,031365214,1,90,5,18,19,5,1,0,0,0,0,0,0,0,3,1,1,1,1,21,5,4000,2,20,-1,6,E01019320,0,-1
2023522400550,2023,522400550,1,17,0,14,14,4,8,0,0,0,0,0,0,0,1,1,6,6,1,32,6,4910,2,6,MASSEY FERGUSON MODEL MISSING,5,E01014861,0,-1
2023991308924,2023,991308924,3,17,0,10,10,3,8,0,0,6,0,0,0,0,1,1,5,6,1,72,10,-1,2,30,MASSEY FERGUSON MODEL MISSING,9,-1,0,-1
2023070449985,2023,070449985,2,17,4,9,9,4,2,0,0,6,0,0,0,0,3,1,1,1,1,31,6,4910,2,0,MASSEY FERGUSON MODEL MISSING,8,E01012385,0,-1
2023501293021,2023,501293021,1,17,0,18,19,7,1,0,0,0,0,0,0,0,3,1,6,6,1,48,8,-1,2,23,MASSEY FERGUSON MODEL MISSING,5,E01020077,0,-1
2023631319584,2023,631319584,2,17,0,18,19,-1,-1,0,0,1,0,0,0,0,2,1,1,1,1,67,10,236,2,32,MASSEY FERGUSON MODEL MISSING,6,W01000519,0,-1
2023501349253,2023,501349253,2,17,4,5,5,2,2,0,0,0,0,0,0,0,1,1,1,1,1,19,4,6596,2,4,MASSEY FERGUSON MODEL MISSING,4,E01018987,0,-1
2023302300932,2023,302300932,2,17,0,18,19,3,6,0,0,0,0,0,0,0,2,1,1,1,1,26,6,-1,2,6,MASSEY FERGUSON MODEL MISSING,2,E01019483,0,-1
2023131347679,2023,131347679,2,17,0,5,5,1,5,0,0,8,0,0,0,0,1,1,1,1,1,39,7,9800,2,2,MASSEY FERGUSON MODEL MISSING,7,E01011402,0,-1
2023101300431,2023,101300431,2,17,0,9,9,4,2,0,0,0,0,0,0,0,3,1,1,1,1,90,11,-1,2,38,MASSEY FERGUSON MODEL MISSING,9,E01008200,0,-1
2023471355324,2023,471355324,1,17,0,16,19,5,8,0,0,0,0,0,0,0,2,1,1,1,1,66,10,3298,2,6,MASSEY FERGUSON MODEL MISSING,7,E01021164,0,-1
202360A076646,2023,60A076646,2,17,4,9,9,4,8,0,0,0,0,0,0,0,3,1,1,1,1,52,8,-1,2,9,MASSEY FERGUSON MODEL MISSING,-1,-1,0,-1
2023991329992,2023,991329992,1,17,4,16,19,5,8,0,0,0,0,0,0,0,0,1,1,1,1,18,4,7400,2,2,MASSEY FERGUSON MODEL MISSING,9,-1,0,-1
2023320794359,2023,320794359,2,17,0,18,19,4,8,0,0,0,0,0,0,0,3,1,1,1,1,64,9,-1,2,3,MASSEY FERGUSON MODEL MISSING,3,E01026043,0,-1
2023501312365,2023,501312365,1,17,4,9,9,6,3,0,0,3,5,10,0,0,1,1,1,1,1,39,7,-1,2,7,MASSEY FERGUSON MODEL MISSING,8,E01018811,0,-1
2023991287616,2023,991287616,2,17,4,4,4,3,6,0,0,1,0,0,0,0,2,1,1,1,1,48,8,-1,2,7,MASSEY FERGUSON MODEL MISSING,6,-1,0,-1
202360A161415,2023,60A161415,2,17,4,9,9,8,6,0,0,1,0,0,0,0,1,1,1,1,1,20,4,6596,2,2,MASSEY FERGUSON MODEL MISSING,-1,-1,0,-1
2023991392007,2023,991392007,1,17,4,18,19,8,4,0,0,0,0,0,0,0,1,1,1,1,1,34,6,-1,2,9,MASSEY FERGUSON MODEL MISSING,8,-1,0,-1
2023451296274,2023,451296274,2,9,0,18,19,7,3,0,0,1,0,0,1,11,1,1,6,6,1,39,7,1308,1,23,-1,9,E01031592,0,-1
2023010424367,2023,010424367,1,9,0,7,7,3,5,0,0,5,0,0,0,0,2,1,2,2,2,37,7,1595,1,6,MERCEDES A CLASS,2,E01003947,0,-1
2023131365106,2023,131365106,2,9,0,9,9,4,4,0,0,8,0,0,0,0,4,1,6,6,1,50,8,1950,2,2,MERCEDES A CLASS,5,E01011836,0,-1
2023061300206,2023,061300206,2,9,0,2,2,0,0,6,6,0,0,0,0,0,2,1,5,6,1,35,6,1950,2,2,MERCEDES A CLASS,8,E01005791,0,-1
2023010462177,2023,010462177,2,9,0,99,99,9,9,99,99,9,9,99,9,99,1,9,6,6,1,36,7,2143,2,5,MERCEDES A CLASS,2,E01003990,0,-1
2023361383356,2023,361383356,2,9,0,18,19,1,5,0,0,0,0,0,0,0,1,1,1,1,1,38,7,1461,2,9,MERCEDES A CLASS,-1,-1,0,-1
2023010446029,2023,010446029,1,9,0,11,11,7,3,9,9,0,0,10,2,5,1,1,6,6,1,26,6,1461,2,4,MERCEDES A CLASS,2,E01001977,0,-1
2023461361451,2023,461361451,2,9,0,13,13,6,2,0,0,0,1,0,0,0,4,1,2,2,1,21,5,1332,1,4,MERCEDES A CLASS,8,E01033213,0,-1
2023010484538,2023,010484538,2,9,0,99,99,9,9,99,99,9,9,99,9,99,9,1,6,6,3,-1,-1,1498,1,11,MERCEDES A CLASS,-1,-1,0,-1
2023131324793,2023,131324793,1,9,0,9,9,7,3,0,0,1,0,0,0,0,1,1,5,6,1,57,9,1461,2,8,MERCEDES A CLASS,3,E01011298,0,-1
2023461300375,2023,461300375,2,9,0,2,2,0,0,0,0,0,0,0,0,0,4,1,6,6,1,47,8,1991,1,2,MERCEDES A CLASS,4,E01024179,0,-1
2023010481838,2023,010481838,2,9,0,99,99,9,9,99,99,9,9,99,9,99,9,9,6,6,3,-1,-1,1461,2,3,MERCEDES A CLASS,-1,-1,0,-1
2023010441425,2023,010441425,2,9,0,99,99,9,9,99,99,3,9,99,9,99,9,9,6,6,2,29,6,1461,2,4,MERCEDES A CLASS,-1,-1,0,-1
2023070602584,2023,070602584,1,9,0,18,19,5,1,0,0,0,0,0,0,0,1,1,6,6,1,18,4,1950,2,4,MERCEDES A CLASS,5,E01005876,0,-1
2023010460556,2023,010460556,1,9,0,13,13,1,5,0,0,0,0,0,0,0,1,1,6,6,1,22,5,1461,2,6,MERCEDES A CLASS,6,E01004588,0,-1
2023010481387,2023,010481387,2,9,0,99,99,9,9,99,99,9,9,99,9,99,9,9,6,6,3,-1,-1,1498,1,18,MERCEDES A CLASS,-1,-1,0,-1
2023010479101,2023,010479101,1,9,0,99,99,9,9,99,99,9,9,99,9,99,9,9,6,6,2,23,5,1461,2,8,MERCEDES A CLASS,5,E01002426,0,-1
2023610036123,2023,610036123,1,9,0,4,4,2,6,0,0,0,0,0,0,0,1,1,2,2,1,27,6,1461,2,8,MERCEDES A CLASS,7,W01001490,0,-1
2023010422397,2023,010422397,2,9,0,2,2,0,0,0,0,1,0,0,0,0,2,1,6,6,3,-1,-1,1461,2,5,MERCEDES A CLASS,-1,-1,0,-1
2023010461774,2023,010461774,2,9,0,1,1,1,5,0,0,1,0,0,0,0,2,1,6,6,1,24,5,1461,2,7,MERCEDES A CLASS,2,E01002741,0,-1
2023332300598,2023,332300598,1,9,0,5,5,7,3,0,0,6,0,0,0,0,4,1,1,1,2,26,6,1461,2,3,MERCEDES A CLASS,2,E01013690,0,-1
2023122300497,2023,122300497,1,9,0,18,19,7,3,0,0,0,0,0,1,9,4,1,2,2,1,34,6,1461,2,4,MERCEDES A CLASS,9,E01027894,0,-1
2023010451465,2023,010451465,1,9,0,99,99,9,9,99,99,9,9,99,9,99,1,9,6,6,2,28,6,1461,2,5,MERCEDES A CLASS,7,E01000818,0,-1
202360A080254,2023,60A080254,2,9,0,2,2,0,0,0,0,0,0,0,0,0,2,1,6,6,3,-1,-1,1332,1,4,MERCEDES A CLASS,-1,-1,0,-1
2023302301877,2023,302301877,1,9,0,9,9,8,4,0,0,8,0,0,0,0,3,1,1,1,1,26,6,2143,2,8,MERCEDES A CLASS,-1,-1,0,-1
2023501290211,2023,501290211,1,9,0,1,1,2,6,0,0,2,0,0,0,0,2,1,6,6,1,22,5,1461,2,5,MERCEDES A CLASS,3,E01015041,0,-1
2023531345670,2023,531345670,3,9,0,4,4,7,3,0,0,0,0,0,0,0,2,1,6,6,1,27,6,1461,2,6,MERCEDES A CLASS,10,E01017930,0,-1
2023010460794,2023,010460794,1,9,0,9,9,3,1,0,0,5,0,0,0,0,1,1,6,6,2,36,7,1498,1,17,MERCEDES A CLASS,4,E01004631,0,-1
2023141282830,2023,141282830,2,9,0,18,19,8,4,0,0,1,0,0,0,0,4,1,2,2,2,32,6,1461,2,8,MERCEDES A CLASS,1,E01007945,0,-1
2023010436276,2023,010436276,1,9,0,18,19,7,3,0,0,2,0,4,0,0,1,1,6,6,1,24,5,1461,2,7,MERCEDES A CLASS,3,E01001434,0,-1
2023361391399,2023,361391399,1,9,0,9,9,1,7,0,0,8,0,0,0,0,1,1,5,6,2,31,6,1461,2,7,MERCEDES A CLASS,9,E01026906,0,-1
2023010460505,2023,010460505,2,9,0,99,99,9,9,99,99,9,9,99,9,99,2,9,6,6,3,-1,-1,1461,2,4,MERCEDES A CLASS,-1,-1,0,-1
2023041304240,2023,041304240,1,9,0,7,7,3,5,0,0,4,0,9,4,1,1,1,6,6,1,-1,-1,1461,2,5,MERCEDES A CLASS,-1,-1,0,-1
2023010426183,2023,010426183,1,9,0,99,99,9,9,0,0,0,9,99,9,99,2,1,2,2,1,46,8,1333,1,5,MERCEDES A CLASS,3,E01002532,0,-1
2023010452937,2023,010452937,2,9,0,18,19,3,7,0,0,0,0,4,0,0,1,1,6,6,1,92,11,1498,1,18,MERCEDES A CLASS,8,E01000200,0,-1
2023332301223,2023,332301223,2,9,0,5,5,8,4,0,0,8,0,0,0,0,1,1,6,6,1,88,11,1699,1,14,MERCEDES A CLASS,8,E01025775,0,-1
2023311263952,2023,311263952,2,9,0,9,9,3,1,0,0,0,0,0,0,0,1,1,2,2,1,33,6,1461,2,10,MERCEDES A CLASS,2,E01028267,0,-1
2023451331880,2023,451331880,1,9,0,18,19,3,7,0,0,0,0,0,0,0,2,1,6,6,1,32,6,1595,1,8,MERCEDES A CLASS,10,E01030939,0,-1
2023340NN1572,2023,340NN1572,2,9,0,18,19,3,7,0,0,8,0,0,0,0,1,1,6,6,2,48,8,1461,2,5,MERCEDES A CLASS,8,E01027335,0,-1
2023430176406,2023,430176406,2,9,0,18,19,4,8,0,0,0,0,0,0,0,4,1,6,6,1,38,7,1461,2,6,MERCEDES A CLASS,-1,-1,0,-1
2023101348060,2023,101348060,1,9,0,11,11,5,1,0,0,0,1,0,0,0,4,1,6,6,1,36,7,2143,2,7,MERCEDES A CLASS,3,E01020787,0,-1
2023161361273,2023,161361273,2,9,0,18,19,4,1,0,0,8,0,0,0,0,1,1,5,6,2,20,4,1461,2,5,MERCEDES A CLASS,8,E01013033,0,-1
2023332301201,2023,332301201,1,9,0,4,4,2,6,0,0,0,0,0,0,0,2,1,6,6,1,27,6,1332,8,3,MERCEDES A CLASS,3,E01025717,0,-1
2023471314352,2023,471314352,3,9,0,4,4,6,2,0,0,0,0,0,0,0,2,1,5,6,2,54,8,1498,1,13,MERCEDES A CLASS,10,E01030638,0,-1
2023522300716,2023,522300716,1,9,0,2,2,0,0,0,0,1,0,0,0,0,2,1,6,6,3,-1,-1,1461,2,4,MERCEDES A CLASS,-1,-1,0,-1
2023421347103,2023,421347103,2,9,0,18,19,1,5,0,0,2,0,0,0,0,4,1,5,6,2,40,7,1332,1,0,MERCEDES A CLASS,9,E01021256,0,-1
2023411339755,2023,411339755,2,9,0,4,4,3,7,0,0,0,0,0,0,0,2,1,5,6,2,39,7,1461,2,5,MERCEDES A CLASS,5,E01021362,0,-1
2023461317635,2023,461317635,2,9,0,2,2,0,0,0,0,0,0,0,0,0,3,1,6,6,1,36,7,1332,1,3,MERCEDES A CLASS,7,E01024203,0,-1
2023010482659,2023,010482659,2,9,0,99,99,9,9,99,99,9,9,99,9,99,9,9,6,6,3,-1,-1,1332,1,5,MERCEDES A CLASS,3,E01003352,0,-1
2023131392897,2023,131392897,2,9,0,2,2,7,3,0,0,8,0,0,0,0,3,1,6,6,3,-1,-1,1461,2,8,MERCEDES A CLASS,-1,-1,0,-1
2023211318787,2023,211318787,1,9,0,5,5,3,4,6,6,0,0,0,0,0,1,1,3,7,2,55,8,1796,2,10,MERCEDES A CLASS,-1,-1,0,-1
2023461378113,2023,461378113,1,9,0,18,19,5,1,0,0,0,0,0,0,0,3,1,5,6,1,38,7,1461,2,6,MERCEDES A CLASS,-1,-1,0,-1
2023361326571,2023,361326571,2,9,0,10,10,3,7,0,0,1,0,0,0,0,3,1,2,2,1,26,6,1461,2,7,MERCEDES A CLASS,10,E01026527,0,-1
2023440295657,2023,440295657,2,9,0,4,4,8,4,0,0,1,0,0,0,0,1,1,6,6,1,22,5,1461,2,3,MERCEDES A CLASS,6,E01032697,0,-1
2023061396452,2023,061396452,1,9,-1,-1,-1,-1,-1,-1,-1,0,-1,-1,-1,0,-1,1,6,6,3,-1,-1,1397,1,20,MERCEDES A CLASS,-1,-1,0,-1
2023010454688,2023,010454688,1,9,0,9,9,4,2,0,0,0,0,4,0,0,1,1,6,6,1,31,6,1991,1,9,MERCEDES A CLASS,2,E01001367,0,-1
2023061281627,2023,061281627,1,9,0,1,1,-1,-1,-1,-1,0,0,0,0,0,-1,1,6,6,2,22,5,1461,2,5,MERCEDES A CLASS,2,E01005590,0,-1
2023440210449,2023,440210449,1,9,0,10,10,2,8,0,0,1,0,0,0,0,2,1,6,6,2,54,8,1332,1,2,MERCEDES A CLASS,10,E01022704,0,-1
2023010485339,2023,010485339,2,9,0,99,99,9,9,99,99,9,9,99,9,99,1,9,6,6,1,28,6,1332,8,0,MERCEDES A CLASS,5,E01033573,0,-1
2023522301407,2023,522301407,1,9,0,4,4,6,2,0,0,0,0,0,0,0,1,1,6,6,1,26,6,1332,1,2,MERCEDES A CLASS,2,E01014694,0,-1
2023041298590,2023,041298590,1,9,0,18,19,5,1,0,0,0,0,0,0,0,1,1,5,6,2,32,6,2143,2,9,MERCEDES A CLASS,5,E01025589,0,-1
2023052302899,2023,052302899,2,9,0,18,19,5,1,0,0,8,0,0,0,0,1,1,2,2,1,20,4,1461,2,5,MERCEDES A CLASS,6,E01007248,0,-1
2023010470700,2023,010470700,2,9,0,18,19,5,1,0,0,1,0,0,0,0,1,1,6,6,1,57,9,2143,2,7,MERCEDES A CLASS,1,E01003488,0,-1
2023010451640,2023,010451640,1,9,0,99,99,9,9,99,99,9,9,99,9,99,2,9,6,6,3,-1,-1,1595,1,8,MERCEDES A CLASS,-1,-1,0,-1
2023070761931,2023,070761931,1,9,0,5,5,3,6,0,0,1,0,0,0,0,0,1,2,2,1,30,6,1332,1,4,MERCEDES A CLASS,3,E01012511,0,-1
2023201359281,2023,201359281,3,9,0,18,19,6,2,0,0,0,0,0,0,0,3,1,6,6,1,59,9,1950,2,3,MERCEDES A CLASS,5,E01009211,0,-1
2023332301207,2023,332301207,2,9,0,18,19,4,8,0,0,8,0,7,0,0,1,1,6,6,1,42,7,1461,2,8,MERCEDES A CLASS,1,E01013640,0,-1
2023010463631,2023,010463631,1,9,0,18,19,5,1,0,0,1,0,0,0,0,1,1,6,6,2,54,8,2143,2,8,MERCEDES A CLASS,8,E01004158,0,-1
2023010462993,2023,010462993,2,9,0,99,99,9,9,99,99,9,9,99,9,99,1,9,6,6,3,-1,-1,1595,1,6,MERCEDES A CLASS,4,E01033727,0,-1
2023010446316,2023,010446316,1,9,0,99,99,9,9,99,99,0,9,99,9,99,1,9,6,6,2,24,5,1595,1,7,MERCEDES A CLASS,1,E01003503,0,-1
2023461314004,2023,461314004,2,9,0,18,19,7,3,0,0,0,0,0,0,0,4,1,6,6,2,26,6,1332,1,2,MERCEDES A CLASS,2,E01016025,0,-1
2023991387622,2023,991387622,1,9,0,18,19,3,7,0,0,0,0,0,0,0,1,1,6,6,1,87,11,1461,2,7,MERCEDES A CLASS,10,-1,0,-1
2023211306588,2023,211306588,2,9,0,5,5,7,2,0,0,0,0,0,0,0,4,1,2,2,2,43,7,1332,1,5,MERCEDES A CLASS,7,E01014362,0,-1
2023010430828,2023,010430828,1,9,0,18,19,3,7,0,0,9,9,0,0,0,2,9,2,2,2,29,6,1332,1,4,MERCEDES A CLASS,4,E01001167,0,-1
2023141319557,2023,141319557,2,9,0,18,19,1,3,0,0,0,1,7,1,0,1,1,5,6,2,23,5,2143,2,7,MERCEDES A CLASS,5,E01007609,0,-1
2023010451443,2023,010451443,1,9,0,9,9,1,7,0,0,2,5,10,0,0,1,1,6,6,2,32,6,1461,2,4,MERCEDES A CLASS,4,E01002551,0,-1
2023302300587,2023,302300587,1,9,0,18,19,4,8,0,0,4,0,0,0,0,1,1,6,6,2,-1,-1,1461,2,5,MERCEDES A CLASS,2,E01032867,0,-1
2023101323822,2023,101323822,2,9,0,18,19,3,7,0,0,1,0,0,0,0,1,1,6,6,1,32,6,1461,2,9,MERCEDES A CLASS,3,E01008405,0,-1
2023010489129,2023,010489129,2,9,0,99,99,9,9,99,99,9,9,99,9,99,9,9,6,6,3,35,6,2143,2,9,MERCEDES A CLASS,2,E01033146,0,-1
2023161390764,2023,161390764,1,9,0,10,10,8,7,0,0,0,0,0,0,0,2,1,2,2,2,65,9,1461,2,5,MERCEDES A CLASS,9,E01013016,0,-1
2023010470681,2023,010470681,2,9,0,99,99,9,9,99,99,9,9,99,9,99,1,9,6,6,2,36,7,1332,1,4,MERCEDES A CLASS,10,E01003465,0,-1
2023052300944,2023,052300944,1,9,0,18,19,2,6,0,0,0,0,0,0,0,1,1,3,7,1,46,8,1332,1,1,MERCEDES A CLASS,4,E01006528,0,-1
2023991263451,2023,991263451,1,9,0,7,7,7,3,0,0,0,0,0,0,0,1,1,6,6,2,18,4,1461,2,4,MERCEDES A CLASS,6,-1,0,-1
2023041341634,2023,041341634,1,9,0,9,9,6,2,0,0,3,0,0,0,0,1,1,6,6,2,59,9,2143,2,9,MERCEDES A CLASS,9,E01025064,0,-1
2023010439965,2023,010439965,2,9,0,3,3,3,7,0,0,1,0,0,0,0,2,1,6,6,2,36,7,1595,1,10,MERCEDES A CLASS,7,E01002514,0,-1
2023351278355,2023,351278355,1,9,0,18,19,1,5,0,0,0,0,0,0,0,1,1,3,7,1,47,8,1332,1,4,MERCEDES A CLASS,-1,-1,0,-1
2023991288788,2023,991288788,2,9,0,18,19,6,2,0,0,8,0,0,0,0,1,1,5,6,1,63,9,1461,2,4,MERCEDES A CLASS,8,-1,0,-1
2023131296805,2023,131296805,1,9,0,7,7,5,1,0,0,2,0,0,0,0,1,1,2,2,2,31,6,1461,2,7,MERCEDES A CLASS,2,E01011034,0,-1
2023010434963,2023,010434963,1,9,0,99,99,9,9,99,99,0,9,99,9,99,2,9,1,1,2,21,5,1461,2,8,MERCEDES A CLASS,5,E01002689,0,-1
2023451312084,2023,451312084,2,9,0,7,7,2,3,0,0,3,0,0,0,0,1,1,6,6,3,56,9,1595,1,9,MERCEDES A CLASS,5,E01015767,0,-1
2023351356106,2023,351356106,2,9,0,4,4,7,3,0,0,0,0,0,0,0,2,1,5,6,1,34,6,2143,2,10,MERCEDES A CLASS,5,E01027328,0,-1
2023311338010,2023,311338010,2,9,0,18,19,3,7,0,0,1,1,7,1,0,2,1,6,6,1,27,6,2143,2,6,MERCEDES A CLASS,1,E01013815,0,-1
2023622300082,2023,622300082,2,9,0,4,4,6,2,0,0,1,0,0,0,0,1,1,6,6,1,19,4,2143,2,7,MERCEDES A CLASS,8,W01001122,0,-1
2023461268447,2023,461268447,1,9,0,9,9,7,4,0,0,0,0,0,0,0,1,1,6,6,1,34,6,1498,1,16,MERCEDES A CLASS,9,E01024708,0,-1
2023010439135,2023,010439135,1,9,0,99,99,9,9,99,99,0,9,99,9,99,2,9,6,6,2,36,7,1461,2,10,MERCEDES A CLASS,7,E01004159,0,-1
2023991273824,2023,991273824,2,9,0,9,9,2,7,0,0,8,0,0,0,0,3,1,2,2,1,26,6,1950,2,2,MERCEDES A CLASS,1,-1,0,-1
2023131306960,2023,131306960,3,9,0,18,19,3,7,0,0,0,0,0,0,0,1,1,5,6,2,22,5,1461,2,9,MERCEDES A CLASS,2,E01011681,0,-1
2023302300312,2023,302300312,2,9,0,18,19,2,6,0,0,0,0,0,0,0,4,1,6,6,1,42,7,1332,1,2,MERCEDES A CLASS,2,E01019567,0,-1
2023061343850,2023,061343850,1,9,0,9,9,3,1,0,0,5,0,0,0,0,1,1,6,6,3,-1,-1,1461,2,6,MERCEDES A CLASS,-1,-1,0,-1
2023070047649,2023,070047649,1,9,0,17,19,5,1,0,0,0,1,0,0,2,3,1,6,6,2,53,8,1397,1,21,MERCEDES A CLASS,-1,-1,0,-1
202360A134056,2023,60A134056,1,9,0,18,19,6,2,0,0,8,0,0,0,0,1,1,6,6,3,-1,-1,1332,1,2,MERCEDES A CLASS,-1,-1,0,-1
2023991316793,2023,991316793,1,9,0,14,14,5,2,9,9,0,0,0,0,0,4,1,3,7,2,55,8,1950,2,1,MERCEDES A CLASS,2,-1,0,-1
2023332300327,2023,332300327,2,9,0,9,9,5,3,0,0,5,0,0,0,0,1,1,1,1,1,68,10,1461,2,7,MERCEDES A CLASS,5,E01013612,0,-1
2023010428104,2023,010428104,1,9,0,16,19,3,5,9,9,0,0,4,1,10,1,1,6,6,2,20,4,1595,1,5,MERCEDES A CLASS,3,E01002375,0,-1
2023351380762,2023,351380762,2,9,0,4,4,-1,-1,0,0,4,0,0,0,0,2,1,2,2,2,26,6,2143,2,6,MERCEDES A CLASS,6,E01015679,0,-1