collision_index,collision_year,collision_ref_no,vehicle_reference,vehicle_type,towing_and_articulation,vehicle_manoeuvre_historic,vehicle_manoeuvre,vehicle_direction_from,vehicle_direction_to,vehicle_location_restricted_lane_historic,vehicle_location_restricted_lane,junction_location,skidding_and_overturning,hit_object_in_carriageway,vehicle_leaving_carriageway,hit_object_off_carriageway,first_point_of_impact,vehicle_left_hand_drive,journey_purpose_of_driver_historic,journey_purpose_of_driver,sex_of_driver,age_of_driver,age_band_of_driver,engine_capacity_cc,propulsion_code,age_of_vehicle,generic_make_model,driver_imd_decile,lsoa_of_driver,escooter_flag,driver_distance_banding
2023010466576,2023,010466576,1,9,0,4,4,6,2,0,0,0,0,0,0,0,4,1,2,2,2,61,9,1461,2,6,MERCEDES A CLASS,8,E01023879,0,-1
2023010472784,2023,010472784,2,9,0,6,6,8,8,0,0,1,0,0,0,0,3,1,6,6,1,24,5,1950,2,3,MERCEDES A CLASS,2,E01012605,0,-1
2023991357057,2023,991357057,2,9,0,9,9,3,8,0,0,3,0,0,0,0,4,1,5,6,1,26,6,2143,2,6,MERCEDES A CLASS,-1,-1,0,-1
2023430292410,2023,430292410,2,9,0,16,19,7,2,0,0,0,0,0,1,0,1,1,6,6,1,33,6,1950,2,2,MERCEDES A CLASS,7,E01031508,0,-1
2023201277651,2023,201277651,1,9,0,6,6,7,7,0,0,8,0,0,0,0,3,1,6,6,1,-1,-1,2143,2,9,MERCEDES A CLASS,-1,-1,0,-1
2023440129277,2023,440129277,1,9,0,9,9,8,6,0,0,2,5,0,8,4,3,1,6,6,1,52,8,1991,1,10,MERCEDES A CLASS,6,E01023013,0,-1
2023061273764,2023,061273764,2,9,0,9,9,4,7,0,0,8,0,0,0,0,4,1,6,6,2,26,6,1332,1,2,MERCEDES A CLASS,2,E01004849,0,-1
2023201419558,2023,201419558,1,9,0,18,19,1,2,0,0,0,0,0,0,0,1,1,1,1,2,26,6,1461,2,7,MERCEDES A CLASS,2,E01009515,0,-1
2023311305971,2023,311305971,2,9,0,3,3,1,1,0,0,8,0,0,0,0,2,1,5,6,2,20,4,1461,2,7,MERCEDES A CLASS,4,E01027960,0,-1
2023451346159,2023,451346159,2,9,0,18,19,5,1,0,0,1,1,0,0,0,1,1,5,6,2,41,7,2143,2,6,MERCEDES A CLASS,4,-1,0,-1
2023052302358,2023,052302358,1,9,0,7,7,8,4,0,0,1,0,0,0,0,2,1,6,6,2,31,6,1461,2,9,MERCEDES A CLASS,1,E01006767,0,-1
2023201453073,2023,201453073,2,9,0,5,5,1,1,0,0,1,0,0,0,0,2,1,1,1,1,22,5,1595,1,6,MERCEDES A CLASS,2,E01010036,0,-1
2023461354215,2023,461354215,1,9,0,18,19,8,4,0,0,2,1,10,2,6,1,1,6,6,1,21,5,1461,2,4,MERCEDES A CLASS,2,E01021270,0,-1
2023430498105,2023,430498105,1,9,0,7,7,6,8,0,0,0,0,0,0,0,4,1,6,6,2,33,6,1461,2,6,MERCEDES A CLASS,4,E01032732,0,-1
2023320716822,2023,320716822,2,9,0,9,9,7,5,0,0,6,0,0,0,0,3,1,2,2,2,50,8,1333,1,5,MERCEDES A CLASS,8,E01032994,0,-1
2023552300655,2023,552300655,1,9,0,18,19,3,7,0,0,8,0,0,0,0,1,1,6,6,1,18,4,1461,2,8,MERCEDES A CLASS,6,E01015331,0,-1
2023052301132,2023,052301132,1,9,0,18,19,4,8,0,0,0,0,0,0,0,1,1,2,2,2,-1,-1,1595,1,5,MERCEDES A CLASS,9,E01006597,0,-1
2023201391891,2023,201391891,1,9,0,10,10,3,7,0,0,1,0,7,0,0,1,1,6,6,1,31,6,1461,2,5,MERCEDES A CLASS,-1,-1,0,-1
2023201416080,2023,201416080,1,9,0,18,19,2,6,0,0,1,0,0,0,0,1,1,6,6,1,26,6,1461,2,10,MERCEDES A CLASS,3,E01009954,0,-1
2023501285553,2023,501285553,3,9,0,18,19,8,4,0,0,2,1,0,1,0,3,1,2,2,1,33,6,1461,2,5,MERCEDES A CLASS,2,E01015218,0,-1
2023991356227,2023,991356227,1,9,0,9,9,3,8,0,0,6,0,0,0,0,1,1,6,6,2,51,8,1332,1,5,MERCEDES A CLASS,-1,-1,0,-1
2023622300618,2023,622300618,2,9,0,18,19,8,4,0,0,1,0,0,0,0,2,1,6,6,2,33,6,1595,1,5,MERCEDES A CLASS,7,W01001943,0,-1
2023010448635,2023,010448635,1,9,0,18,19,6,2,0,0,0,0,4,0,0,1,1,6,6,2,30,6,1461,2,5,MERCEDES A CLASS,-1,-1,0,-1
2023552300456,2023,552300456,1,9,0,9,9,1,8,0,0,6,0,0,0,0,3,1,6,6,1,20,4,1461,2,4,MERCEDES A CLASS,5,E01015296,0,-1
2023531390029,2023,531390029,3,9,0,4,4,4,8,0,0,0,0,0,0,0,2,1,5,6,2,59,9,1332,1,3,MERCEDES A CLASS,7,E01022401,0,-1
2023440431792,2023,440431792,2,9,0,2,2,0,0,0,0,0,0,0,1,11,2,1,6,6,3,-1,-1,1461,2,9,MERCEDES A CLASS,-1,-1,0,-1
2023010459008,2023,010459008,1,9,0,18,19,7,3,0,0,0,0,4,0,0,1,1,6,6,2,23,5,1332,1,4,MERCEDES A CLASS,-1,-1,0,-1
2023161291504,2023,161291504,1,9,0,18,19,7,3,0,0,0,0,0,0,0,2,1,5,6,2,57,9,1332,8,2,MERCEDES A CLASS,1,E01012848,0,-1
2023231330933,2023,231330933,1,9,0,4,4,1,5,0,0,0,0,10,0,0,2,1,5,6,1,24,5,1461,2,5,MERCEDES A CLASS,7,E01031212,0,-1
2023010463099,2023,010463099,2,9,0,99,99,9,9,99,99,0,9,99,9,99,1,9,6,6,3,-1,-1,1461,2,6,MERCEDES A CLASS,-1,-1,0,-1
2023061393642,2023,061393642,1,9,0,18,19,4,1,0,0,0,1,0,0,0,1,1,6,6,1,22,5,1461,2,5,MERCEDES A CLASS,8,E01004769,0,-1
2023131349523,2023,131349523,1,9,0,18,19,1,5,0,0,0,0,0,1,0,3,1,1,1,1,21,5,2143,2,7,MERCEDES A CLASS,9,E01011456,0,-1
2023131378756,2023,131378756,2,9,0,13,13,7,3,0,0,0,1,4,0,0,1,1,6,6,3,20,4,1332,8,2,MERCEDES A CLASS,-1,-1,0,-1
2023010482165,2023,010482165,1,9,0,99,99,9,9,0,0,0,9,99,9,99,9,9,6,6,2,29,6,1461,2,5,MERCEDES A CLASS,3,E01015922,0,-1
2023141283702,2023,141283702,1,9,0,17,19,3,7,0,0,0,0,0,0,0,1,1,6,6,3,-1,-1,1461,2,4,MERCEDES A CLASS,-1,-1,0,-1
2023361342854,2023,361342854,1,9,0,17,19,8,5,0,0,0,5,0,1,9,1,1,5,6,1,29,6,2143,2,7,MERCEDES A CLASS,4,E01026814,0,-1
2023131297216,2023,131297216,2,9,0,9,9,3,7,0,0,0,0,0,0,0,1,1,5,6,1,52,8,1332,8,3,MERCEDES A CLASS,7,E01011893,0,-1
2023131365276,2023,131365276,2,9,0,10,10,1,3,0,0,0,0,0,0,0,0,1,5,6,2,20,4,1461,2,8,MERCEDES A CLASS,3,E01020661,0,-1
2023041273568,2023,041273568,1,9,0,15,15,1,5,0,0,0,0,0,0,0,2,1,5,6,1,27,6,1333,1,5,MERCEDES A CLASS,4,E01025394,0,-1
2023010420618,2023,010420618,1,9,0,99,99,9,9,99,99,9,9,99,9,99,2,9,6,6,2,24,5,2143,2,6,MERCEDES A CLASS,3,E01001806,0,-1
2023170S10353,2023,170S10353,3,9,0,18,19,4,8,0,0,0,0,0,0,0,1,1,6,6,2,53,8,1461,2,9,MERCEDES A CLASS,9,E01012138,0,-1
2023010470445,2023,010470445,1,9,0,4,4,3,7,0,0,1,1,0,0,0,2,1,6,6,1,35,6,1461,2,8,MERCEDES A CLASS,-1,-1,0,-1
2023302301362,2023,302301362,3,9,0,2,2,0,0,9,9,0,0,0,0,0,4,1,6,6,3,-1,-1,1461,2,7,MERCEDES A CLASS,-1,-1,0,-1
2023010485036,2023,010485036,1,9,0,99,99,9,9,99,99,9,9,99,9,99,9,1,6,6,2,32,6,1332,1,4,MERCEDES A CLASS,5,E01000071,0,-1
2023131315188,2023,131315188,1,9,0,16,19,5,1,0,0,0,0,0,0,0,1,1,5,6,1,20,4,2143,2,6,MERCEDES A CLASS,4,E01011157,0,-1
2023061274659,2023,061274659,2,9,0,18,19,5,1,0,0,1,0,0,0,0,4,1,5,6,2,28,6,1461,2,8,MERCEDES A CLASS,1,E01005061,0,-1
2023061318550,2023,061318550,1,9,0,18,19,3,6,0,0,1,0,0,0,0,1,1,5,6,1,19,4,1461,2,4,MERCEDES A CLASS,5,E01032911,0,-1
2023010486522,2023,010486522,1,9,0,18,19,5,1,0,0,0,0,0,0,0,3,1,6,6,1,19,4,1332,8,3,MERCEDES A CLASS,10,E01022664,0,-1
2023201404529,2023,201404529,1,9,0,18,19,2,6,0,0,6,0,0,0,0,1,1,2,2,2,18,4,1461,2,10,MERCEDES A CLASS,8,E01009728,0,-1
2023041368871,2023,041368871,1,9,0,18,19,3,7,0,0,0,0,0,0,0,1,1,5,6,1,28,6,1461,2,3,MERCEDES A CLASS,2,E01012580,0,-1
2023440438139,2023,440438139,1,9,0,7,7,7,2,0,0,6,0,0,0,0,1,1,6,6,1,42,7,1595,1,8,MERCEDES A CLASS,7,E01022710,0,-1
2023411326883,2023,411326883,1,9,0,15,15,5,1,0,0,1,0,4,1,0,2,1,2,2,2,26,6,1332,1,5,MERCEDES A CLASS,1,E01000153,0,-1
2023010476934,2023,010476934,2,9,0,18,19,3,7,0,0,9,0,0,0,0,9,1,6,6,3,-1,-1,1332,1,3,MERCEDES A CLASS,-1,-1,0,-1
2023201390419,2023,201390419,2,9,0,10,10,6,4,0,0,1,0,0,0,0,2,1,5,6,1,17,4,1461,2,6,MERCEDES A CLASS,-1,-1,0,-1
2023311373566,2023,311373566,1,9,0,9,9,7,4,0,0,8,0,0,0,0,4,1,6,6,2,54,8,1461,2,8,MERCEDES A CLASS,4,E01028291,0,-1
2023010458883,2023,010458883,1,9,0,99,99,9,9,99,99,9,9,99,9,99,2,1,2,2,2,37,7,1461,2,6,MERCEDES A CLASS,5,E01003480,0,-1
2023421264626,2023,421264626,2,9,0,18,19,5,1,0,0,1,0,0,0,0,1,1,5,6,1,47,8,1595,1,6,MERCEDES A CLASS,4,E01015972,0,-1
2023010486451,2023,010486451,2,9,0,99,99,9,9,99,99,9,9,99,9,99,9,9,6,6,3,-1,-1,1332,1,5,MERCEDES A CLASS,-1,-1,0,-1
2023010461601,2023,010461601,1,9,0,99,99,9,9,99,99,9,9,99,9,99,9,9,6,6,1,22,5,1332,1,4,MERCEDES A CLASS,5,E01002626,0,-1
2023471272375,2023,471272375,1,9,0,9,9,7,5,0,0,5,0,0,0,0,2,1,5,6,2,60,9,1461,2,6,MERCEDES A CLASS,10,E01025968,0,-1
2023451368712,2023,451368712,3,9,0,18,19,5,1,0,0,0,0,0,0,0,3,1,5,6,1,74,10,1498,1,16,MERCEDES A CLASS,9,E01001020,0,-1
2023501339556,2023,501339556,1,9,0,18,19,6,6,0,0,0,0,0,0,0,1,1,5,6,1,75,10,1498,1,16,MERCEDES A CLASS,8,E01030046,0,-1
2023471331869,2023,471331869,2,9,0,18,19,3,7,0,0,3,0,0,0,0,3,2,6,6,2,65,9,1796,2,10,MERCEDES A CLASS,5,E01031394,0,-1
2023351383452,2023,351383452,1,9,0,7,7,5,2,0,0,1,1,0,3,0,1,1,1,1,1,18,4,1332,1,0,MERCEDES A CLASS,6,E01026020,0,-1
2023211272852,2023,211272852,4,9,0,4,4,2,6,0,0,1,0,0,0,0,3,1,2,2,1,27,6,2143,2,8,MERCEDES A CLASS,8,E01029680,0,-1
2023471319797,2023,471319797,4,9,0,18,19,1,5,0,0,8,0,0,0,0,2,1,5,6,1,36,7,1595,1,5,MERCEDES A CLASS,5,E01024774,0,-1
2023010463797,2023,010463797,2,9,0,16,19,3,7,0,0,0,0,10,0,0,2,1,6,6,2,22,5,1595,1,6,MERCEDES A CLASS,3,E01004019,0,-1
2023010465479,2023,010465479,1,9,0,9,9,5,3,0,0,8,0,0,0,0,4,1,6,6,1,52,8,1595,1,6,MERCEDES A CLASS,4,E01004699,0,-1
2023052300038,2023,052300038,1,9,0,18,19,1,5,0,0,0,0,0,0,0,1,1,6,6,2,26,6,1332,1,1,MERCEDES A CLASS,7,E01007222,0,-1
2023141358356,2023,141358356,1,9,0,9,9,3,5,2,2,6,0,0,1,2,3,1,2,2,2,22,5,1332,1,5,MERCEDES A CLASS,9,E01008041,0,-1
2023031378731,2023,031378731,1,9,0,4,4,3,2,9,9,0,1,0,1,0,1,1,2,2,2,40,7,1461,2,8,MERCEDES A CLASS,6,E01019324,0,-1
2023201302880,2023,201302880,2,9,0,18,19,6,2,0,0,8,0,0,0,0,1,1,6,6,1,37,7,1991,2,14,MERCEDES A CLASS,2,E01009840,0,-1
2023201379099,2023,201379099,1,9,0,5,5,8,4,0,0,8,0,0,0,0,3,1,6,6,2,28,6,1461,2,8,MERCEDES A CLASS,8,E01010329,0,-1
2023461344241,2023,461344241,2,9,0,2,2,0,0,0,0,2,0,0,0,0,4,1,6,6,3,-1,-1,2035,1,17,MERCEDES A CLASS,-1,-1,0,-1
2023991347717,2023,991347717,1,9,0,15,15,4,8,0,0,0,1,0,7,0,1,1,2,2,1,33,6,2143,2,8,MERCEDES A CLASS,10,-1,0,-1
2023481371498,2023,481371498,1,9,0,15,15,7,3,0,0,2,0,0,0,0,3,1,6,6,1,20,4,1332,1,5,MERCEDES A CLASS,-1,-1,0,-1
2023411358535,2023,411358535,2,9,0,3,3,1,5,0,0,1,0,0,0,0,2,1,6,6,1,52,8,1332,1,2,MERCEDES A CLASS,9,E01023626,0,-1
2023122300282,2023,122300282,2,9,0,14,14,3,1,0,0,1,0,0,0,0,4,1,6,6,1,-1,-1,1332,1,5,MERCEDES A CLASS,10,E01013420,0,-1
2023071203482,2023,071203482,1,9,0,14,14,3,7,0,0,0,0,0,0,0,1,1,2,2,1,19,4,2143,2,5,MERCEDES A CLASS,6,E01012554,0,-1
2023371351659,2023,371351659,2,9,0,18,19,3,7,0,0,0,0,0,0,0,2,1,6,6,2,74,10,1991,2,11,MERCEDES A CLASS,7,E01030200,0,-1
2023320266807,2023,320266807,1,9,0,18,19,8,4,0,0,0,0,0,1,9,4,1,6,6,2,77,11,1796,2,10,MERCEDES A CLASS,10,E01026233,0,-1
2023010460737,2023,010460737,1,9,0,18,19,1,5,0,0,1,0,0,0,0,2,1,6,6,2,29,6,1461,2,5,MERCEDES A CLASS,3,E01000336,0,-1
2023010439961,2023,010439961,2,9,0,99,99,9,9,99,99,9,9,99,9,99,9,9,6,6,3,-1,-1,1950,2,2,MERCEDES A CLASS,-1,-1,0,-1
2023991337143,2023,991337143,1,9,0,9,9,3,1,0,0,8,0,0,0,0,4,1,6,6,1,24,5,1595,1,7,MERCEDES A CLASS,5,-1,0,-1
2023010425746,2023,010425746,2,9,0,2,2,0,0,0,0,0,0,4,0,0,3,1,6,6,3,-1,-1,2143,2,8,MERCEDES A CLASS,-1,-1,0,-1
2023010468079,2023,010468079,3,9,0,99,99,9,9,0,0,1,0,0,0,0,9,9,6,6,1,-1,-1,1595,1,7,MERCEDES A CLASS,-1,-1,0,-1
2023622300028,2023,622300028,1,9,0,16,19,4,8,0,0,8,0,0,3,1,1,1,6,6,1,35,6,1461,2,4,MERCEDES A CLASS,4,W01001272,0,-1
2023061365882,2023,061365882,2,9,-1,-1,-1,-1,-1,-1,-1,-1,-1,-1,-1,0,-1,1,6,6,2,31,6,1461,2,5,MERCEDES A CLASS,4,E01005184,0,-1
2023010428570,2023,010428570,1,9,0,4,4,1,5,0,0,1,0,0,0,0,2,1,6,6,2,41,7,1332,1,5,MERCEDES A CLASS,6,E01002565,0,-1
2023451303645,2023,451303645,1,9,0,18,19,6,2,0,0,0,0,4,0,0,1,1,5,6,1,79,11,1991,2,13,MERCEDES A CLASS,6,E01030912,0,-1
2023131388758,2023,131388758,1,9,0,18,19,2,6,0,0,0,0,4,0,0,4,1,6,6,2,25,5,1796,2,10,MERCEDES A CLASS,3,E01011016,0,-1
2023010443817,2023,010443817,2,9,0,15,15,5,1,0,0,1,0,0,0,0,1,1,6,6,3,25,5,1332,1,3,MERCEDES A CLASS,4,E01001153,0,-1
2023010464385,2023,010464385,2,9,0,2,2,0,0,0,0,0,0,0,0,0,2,1,6,6,3,-1,-1,1332,8,2,MERCEDES A CLASS,-1,-1,0,-1
2023010448816,2023,010448816,1,9,0,18,19,3,7,0,0,1,0,0,0,0,1,1,2,2,1,39,7,1332,1,2,MERCEDES A CLASS,3,E01002429,0,-1
2023440104792,2023,440104792,1,9,0,18,19,3,7,0,0,1,0,0,7,2,4,1,6,6,2,17,4,1461,2,8,MERCEDES A CLASS,1,E01022843,0,-1
2023010421643,2023,010421643,2,9,9,99,99,9,9,99,99,9,9,99,9,99,1,9,6,6,3,59,9,1332,1,1,MERCEDES A CLASS,6,E01001084,0,-1
2023471264264,2023,471264264,3,9,0,4,4,2,6,0,0,1,0,0,0,0,2,1,6,6,1,-1,-1,1991,2,13,MERCEDES A CLASS,5,E01021195,0,-1
2023061369592,2023,061369592,1,9,0,3,3,5,1,0,0,1,0,0,0,0,1,1,6,6,1,39,7,1595,1,10,MERCEDES A CLASS,3,E01005518,0,-1
2023031260958,2023,031260958,6,9,0,18,19,5,1,0,0,0,1,1,0,0,1,1,6,6,2,58,9,1332,1,1,MERCEDES A CLASS,6,E01027476,0,-1
2023010439779,2023,010439779,2,9,9,99,99,9,9,99,99,0,9,99,9,99,9,9,6,6,3,-1,-1,1461,2,6,MERCEDES A CLASS,-1,-1,0,-1
2023451310808,2023,451310808,1,9,0,2,2,0,0,6,6,1,0,0,0,0,2,1,5,6,1,28,6,1332,1,5,MERCEDES A CLASS,7,E01030694,0,-1
2023221381013,2023,221381013,1,9,0,18,19,3,7,0,0,0,2,0,2,0,4,1,6,6,1,41,7,1991,1,5,MERCEDES A CLASS,6,E01028851,0,-1
2023061379761,2023,061379761,1,9,-1,5,5,-1,-1,0,0,1,0,0,0,0,1,1,6,6,2,-1,-1,1595,1,8,MERCEDES A CLASS,4,E01005757,0,-1
2023461351098,2023,461351098,1,9,0,18,19,3,7,0,0,0,0,10,0,0,1,1,6,6,2,28,6,1461,2,7,MERCEDES A CLASS,5,E01024503,0,-1
2023201348365,2023,201348365,2,9,0,18,19,1,5,0,0,8,0,0,0,0,1,1,6,6,1,76,11,1461,2,7,MERCEDES A CLASS,5,E01009283,0,-1
2023010484190,2023,010484190,1,9,0,99,99,9,9,99,99,9,9,99,9,99,9,9,6,6,2,46,8,2143,2,9,MERCEDES A CLASS,2,E01033591,0,-1
2023070167623,2023,070167623,1,9,0,9,9,2,7,0,0,0,0,0,0,0,1,1,6,6,1,32,6,1461,2,5,MERCEDES A CLASS,7,E01018742,0,-1
2023302301771,2023,302301771,2,9,0,18,19,4,8,0,0,2,0,0,0,0,2,1,6,6,2,50,8,1332,1,3,MERCEDES A CLASS,10,E01013468,0,-1
2023131325013,2023,131325013,2,9,0,-1,-1,-1,-1,-1,-1,8,-1,-1,-1,0,-1,1,6,6,3,-1,-1,1332,1,4,MERCEDES A CLASS,-1,-1,0,-1
2023311355944,2023,311355944,1,9,0,1,1,2,6,0,0,0,0,0,0,0,2,1,5,6,1,34,6,1461,2,10,MERCEDES A CLASS,10,E01028356,0,-1
2023421328032,2023,421328032,1,9,0,5,5,4,8,0,0,2,0,0,0,0,3,1,5,6,2,-1,-1,1992,2,16,MERCEDES A CLASS,-1,-1,0,-1
2023430328873,2023,430328873,2,9,0,3,3,7,3,0,0,1,0,0,0,0,2,1,2,2,1,57,9,1461,2,4,MERCEDES A CLASS,10,E01028706,0,-1
2023302301553,2023,302301553,1,9,0,9,9,2,8,0,0,8,0,0,0,0,3,1,6,6,2,39,7,1595,1,6,MERCEDES A CLASS,7,E01013492,0,-1
2023411379006,2023,411379006,2,9,0,18,19,5,1,0,0,0,0,0,0,0,1,1,5,6,2,24,5,1461,2,5,MERCEDES A CLASS,1,E01023844,0,-1
2023052301394,2023,052301394,1,9,0,18,19,1,5,0,0,1,0,0,0,0,4,1,6,6,2,51,8,1332,1,4,MERCEDES A CLASS,3,E01007219,0,-1
2023041368678,2023,041368678,1,9,0,7,7,4,7,0,0,1,0,0,0,0,1,1,6,6,1,40,7,1332,1,3,MERCEDES A CLASS,7,E01025465,0,-1
2023010443586,2023,010443586,2,9,0,2,2,0,0,0,0,1,0,0,0,0,2,1,6,6,3,-1,-1,1332,1,5,MERCEDES A CLASS,-1,-1,0,-1
202360A150971,2023,60A150971,2,9,0,18,19,6,2,0,0,1,1,0,0,0,1,1,6,6,2,30,6,2143,2,7,MERCEDES A CLASS,-1,-1,0,-1
2023201439357,2023,201439357,3,9,0,18,19,4,6,0,0,4,0,0,0,0,1,1,6,6,1,-1,-1,1991,1,5,MERCEDES A CLASS,5,E01002004,0,-1
2023010448635,2023,010448635,2,9,0,2,2,0,0,0,0,0,0,0,2,11,2,1,6,6,3,-1,-1,1595,1,5,MERCEDES A CLASS,-1,-1,0,-1
2023041318867,2023,041318867,1,9,0,18,19,1,5,0,0,0,0,0,0,0,4,1,5,6,2,25,5,1595,1,6,MERCEDES A CLASS,8,E01006345,0,-1
2023010471408,2023,010471408,1,9,0,9,9,1,7,0,0,8,0,11,0,0,1,1,1,1,2,30,6,1595,1,7,MERCEDES A CLASS,6,E01003281,0,-1
2023101263991,2023,101263991,2,9,0,17,19,7,3,0,0,0,0,4,0,0,1,1,2,2,1,54,8,1461,2,5,MERCEDES A CLASS,10,E01027357,0,-1
2023131320861,2023,131320861,2,9,0,18,19,1,7,0,0,6,0,0,0,0,2,1,6,6,2,27,6,2143,2,5,MERCEDES A CLASS,2,E01011760,0,-1
2023131260622,2023,131260622,1,9,0,18,19,7,3,0,0,0,0,0,0,0,1,1,6,6,1,63,9,1595,1,8,MERCEDES A CLASS,1,E01011901,0,-1
2023320334761,2023,320334761,2,9,0,18,19,1,5,0,0,8,0,0,0,0,1,1,6,6,1,21,5,1796,2,11,MERCEDES A CLASS,5,E01026210,0,-1
2023141345650,2023,141345650,1,9,0,18,19,1,5,0,0,8,0,4,0,0,1,1,6,6,2,19,4,1461,2,6,MERCEDES A CLASS,1,E01008116,0,-1
2023440352297,2023,440352297,2,9,0,18,19,4,8,0,0,1,0,0,0,0,1,1,2,2,2,24,5,1332,1,3,MERCEDES A CLASS,8,E01017057,0,-1
2023411397299,2023,411397299,1,9,0,18,19,6,2,0,0,0,0,0,0,0,1,1,6,6,2,86,11,1498,1,17,MERCEDES A CLASS,10,E01023841,0,-1
2023031334673,2023,031334673,2,9,0,4,4,3,7,0,0,0,0,0,0,0,2,1,5,6,1,41,7,1796,2,10,MERCEDES A CLASS,-1,-1,0,-1
2023010464558,2023,010464558,2,9,0,99,99,9,9,99,99,9,9,99,9,99,1,9,6,6,3,43,7,1991,1,8,MERCEDES A CLASS,3,E01003720,0,-1
2023201324478,2023,201324478,1,9,0,5,5,7,3,0,0,0,0,0,0,0,1,1,6,6,1,22,5,1950,2,4,MERCEDES A CLASS,2,E01009630,0,-1
2023991280593,2023,991280593,2,9,0,2,2,6,2,0,0,0,0,0,0,0,2,1,5,6,1,26,6,1595,1,9,MERCEDES A CLASS,-1,-1,0,-1
2023010449310,2023,010449310,1,9,0,9,9,6,4,0,0,8,0,0,0,0,1,1,6,6,1,33,6,1595,1,9,MERCEDES A CLASS,1,E01033602,0,-1
2023031344847,2023,031344847,1,9,0,18,19,7,1,0,0,0,0,0,0,0,4,1,6,6,2,49,8,1461,2,9,MERCEDES A CLASS,3,E01019302,0,-1
2023411286125,2023,411286125,2,9,0,18,19,5,1,0,0,0,0,0,0,0,4,1,5,6,2,33,6,1461,2,5,MERCEDES A CLASS,9,E01002110,0,-1
2023010468998,2023,010468998,2,9,0,99,99,9,9,99,99,9,9,99,9,99,1,9,6,6,1,-1,-1,2143,2,7,MERCEDES A CLASS,10,E01017651,0,-1
2023531308094,2023,531308094,2,9,0,4,4,5,1,0,0,2,0,0,0,0,2,1,2,2,1,48,8,1332,8,2,MERCEDES A CLASS,6,E01022236,0,-1
2023041367585,2023,041367585,1,9,0,18,19,1,5,0,0,0,1,0,0,0,1,1,2,2,1,48,8,1498,1,17,MERCEDES A CLASS,3,E01024864,0,-1
2023201309243,2023,201309243,1,9,0,18,19,8,4,0,0,0,0,4,0,0,1,1,6,6,1,68,10,1498,1,15,MERCEDES A CLASS,7,E01010034,0,-1
2023061369592,2023,061369592,3,9,0,2,2,0,0,0,0,1,0,0,0,0,2,1,6,6,3,-1,-1,1461,2,5,MERCEDES A CLASS,-1,-1,0,-1
2023010478066,2023,010478066,1,9,0,18,19,7,3,0,0,8,0,0,0,0,0,1,6,6,2,28,6,1332,1,4,MERCEDES A CLASS,10,E01030693,0,-1
2023122300852,2023,122300852,3,9,0,18,19,1,5,0,0,0,0,0,0,0,1,1,6,6,1,51,8,1991,1,4,MERCEDES A CLASS,1,E01027907,0,-1
2023010469124,2023,010469124,1,9,0,14,14,1,5,0,0,1,0,0,0,0,3,1,6,6,1,67,10,1397,1,21,MERCEDES A CLASS,3,E01004337,0,-1
2023010424717,2023,010424717,1,9,0,99,99,9,9,99,99,9,9,99,9,99,9,9,6,6,1,35,6,1595,1,9,MERCEDES A CLASS,3,E01004303,0,-1
2023170H10193,2023,170H10193,1,9,0,9,9,6,4,0,0,8,0,0,0,0,1,1,6,6,2,24,5,2143,2,8,MERCEDES A CLASS,7,E01011959,0,-1
2023461315778,2023,461315778,3,9,0,3,3,-1,-1,0,0,0,0,0,0,0,2,1,5,6,1,59,9,1461,2,6,MERCEDES A CLASS,5,E01021443,0,-1
2023061276848,2023,061276848,2,9,0,3,3,1,5,0,0,0,0,0,0,0,3,1,5,6,2,-1,-1,2143,2,5,MERCEDES A CLASS,10,E01005048,0,-1
2023010462255,2023,010462255,2,9,0,3,3,5,1,0,0,1,0,0,1,0,2,1,6,6,2,27,6,1332,1,5,MERCEDES A CLASS,3,E01001764,0,-1
2023131302837,2023,131302837,1,9,0,-1,-1,-1,-1,-1,-1,-1,-1,-1,-1,-1,-1,1,6,6,3,-1,-1,1461,2,9,MERCEDES A CLASS,-1,-1,0,-1
2023401314978,2023,401314978,2,9,0,5,5,5,1,0,0,2,0,0,0,0,1,1,6,6,2,23,5,1595,1,7,MERCEDES A CLASS,5,E01015762,0,-1
2023451361644,2023,451361644,1,9,0,18,19,7,3,6,6,0,0,0,0,0,1,1,5,6,2,69,10,1332,1,1,MERCEDES A CLASS,10,E01030340,0,-1
202354D126923,2023,54D126923,1,9,0,5,5,4,8,0,0,7,0,0,0,0,3,1,6,6,2,22,5,1461,2,6,MERCEDES A CLASS,6,E01015555,0,-1
2023101299766,2023,101299766,2,9,0,4,4,2,6,0,0,0,0,0,1,1,2,1,5,6,1,44,7,1950,2,2,MERCEDES A CLASS,2,E01008859,0,-1
2023170M21513,2023,170M21513,1,9,0,9,9,6,4,0,0,2,0,0,0,0,1,1,6,6,1,44,7,2143,2,9,MERCEDES A CLASS,1,E01012075,0,-1