collision_index,collision_year,collision_ref_no,vehicle_reference,vehicle_type,towing_and_articulation,vehicle_manoeuvre_historic,vehicle_manoeuvre,vehicle_direction_from,vehicle_direction_to,vehicle_location_restricted_lane_historic,vehicle_location_restricted_lane,junction_location,skidding_and_overturning,hit_object_in_carriageway,vehicle_leaving_carriageway,hit_object_off_carriageway,first_point_of_impact,vehicle_left_hand_drive,journey_purpose_of_driver_historic,journey_purpose_of_driver,sex_of_driver,age_of_driver,age_band_of_driver,engine_capacity_cc,propulsion_code,age_of_vehicle,generic_make_model,driver_imd_decile,lsoa_of_driver,escooter_flag,driver_distance_banding
2023501358923,2023,501358923,2,9,0,3,3,8,2,0,0,3,0,0,0,0,2,1,5,6,2,43,7,1461,2,6,MERCEDES A CLASS,8,E01019962,0,-1
2023340WN5222,2023,340WN5222,1,9,0,9,9,2,8,0,0,1,0,0,0,0,1,1,6,6,1,52,8,2143,2,6,MERCEDES A CLASS,6,E01012793,0,-1
2023211332690,2023,211332690,1,9,0,9,9,3,1,0,0,8,0,0,0,0,4,1,6,6,1,21,5,1332,8,2,MERCEDES A CLASS,5,E01014360,0,-1
2023440450543,2023,440450543,1,9,0,18,19,8,4,0,0,0,0,0,1,5,1,1,6,6,1,22,5,2143,2,9,MERCEDES A CLASS,6,E01022907,0,-1
2023461354309,2023,461354309,2,9,0,18,19,7,3,0,0,0,0,0,0,0,1,1,1,1,2,33,6,1461,2,6,MERCEDES A CLASS,6,E01024301,0,-1
2023010480571,2023,010480571,2,9,0,4,4,5,1,0,0,0,0,0,0,0,2,1,6,6,1,63,9,1332,1,3,MERCEDES A CLASS,3,E01000435,0,-1
2023451282585,2023,451282585,1,9,0,18,19,5,1,0,0,0,1,0,0,0,4,1,5,6,1,38,7,1461,2,3,MERCEDES A CLASS,10,E01030350,0,-1
2023131316896,2023,131316896,2,9,0,18,19,5,1,0,0,1,0,0,0,0,3,1,5,6,1,44,7,1332,8,1,MERCEDES A CLASS,7,E01010573,0,-1
2023421380596,2023,421380596,4,9,0,18,19,8,4,0,0,0,0,0,0,0,2,1,6,6,2,24,5,1461,2,8,MERCEDES A CLASS,5,E01030151,0,-1
2023111372713,2023,111372713,1,9,0,9,9,3,7,0,0,1,0,0,0,0,1,1,6,6,2,74,10,1332,1,3,MERCEDES A CLASS,8,E01008734,0,-1
2023302300804,2023,302300804,1,9,0,18,19,6,2,0,0,0,0,0,0,0,1,1,6,6,3,-1,-1,1461,2,4,MERCEDES A CLASS,5,E01019456,0,-1
2023010472064,2023,010472064,2,9,0,2,2,0,0,0,0,0,0,0,0,0,2,1,6,6,3,-1,-1,1332,1,3,MERCEDES A CLASS,-1,-1,0,-1
2023061388149,2023,061388149,1,9,0,5,5,7,3,0,0,1,0,0,0,0,1,1,6,6,1,30,6,1332,1,1,MERCEDES A CLASS,-1,-1,0,-1
2023231319296,2023,231319296,1,9,0,4,4,3,7,0,0,0,0,0,0,0,2,1,6,6,1,34,6,1332,1,4,MERCEDES A CLASS,4,E01010556,0,-1
2023451381650,2023,451381650,2,9,0,18,19,5,6,0,0,0,0,0,0,0,1,1,6,6,1,42,7,1595,1,5,MERCEDES A CLASS,5,E01000996,0,-1
2023070594520,2023,070594520,1,9,0,18,19,5,1,0,0,8,1,0,0,0,3,1,6,6,1,62,9,1332,1,1,MERCEDES A CLASS,4,E01018535,0,-1
2023201297397,2023,201297397,1,9,0,18,19,6,2,0,0,6,0,0,0,0,1,1,6,6,2,27,6,1461,2,4,MERCEDES A CLASS,4,E01009767,0,-1
2023061321258,2023,061321258,2,9,0,18,19,5,8,0,0,1,0,0,0,0,1,1,2,2,2,50,8,1332,1,4,MERCEDES A CLASS,4,E01005934,0,-1
2023010483799,2023,010483799,1,9,0,10,10,5,2,0,0,6,0,0,0,0,1,1,6,6,1,61,9,1991,1,4,MERCEDES A CLASS,7,E01021752,0,-1
2023010437658,2023,010437658,1,9,0,99,99,9,9,99,99,9,9,99,9,99,9,9,2,2,1,38,7,1595,1,10,MERCEDES A CLASS,5,E01002184,0,-1
2023131370426,2023,131370426,2,9,0,4,4,1,5,0,0,0,0,0,0,0,2,1,6,6,2,33,6,1332,1,2,MERCEDES A CLASS,-1,-1,0,-1
2023010471156,2023,010471156,1,9,0,7,7,7,2,0,0,3,0,0,0,0,3,1,2,2,2,30,6,1332,1,2,MERCEDES A CLASS,7,E01000714,0,-1
2023320476324,2023,320476324,1,9,0,18,19,6,2,0,0,0,5,0,4,0,1,1,6,6,1,36,7,2143,2,8,MERCEDES A CLASS,2,E01031066,0,-1
2023311321880,2023,311321880,1,9,0,13,13,3,7,0,0,1,0,0,0,0,1,1,6,6,1,21,5,1332,1,5,MERCEDES A CLASS,1,E01013942,0,-1
2023111347000,2023,111347000,1,9,0,18,19,1,5,0,0,1,0,0,0,0,1,1,6,6,1,20,4,1332,8,3,MERCEDES A CLASS,5,E01008648,0,-1
2023010431368,2023,010431368,1,9,0,18,19,3,7,0,0,0,0,0,0,0,3,1,2,2,1,48,8,1498,1,12,MERCEDES A CLASS,4,E01015930,0,-1
2023471272208,2023,471272208,1,9,0,5,5,6,2,0,0,0,0,0,0,0,1,1,5,6,2,22,5,1332,1,2,MERCEDES A CLASS,9,E01021115,0,-1
2023070085769,2023,070085769,1,9,0,18,19,7,3,0,0,0,1,0,0,6,1,1,1,1,1,48,8,1461,2,8,MERCEDES A CLASS,7,W01000227,0,-1
2023991303670,2023,991303670,1,9,0,18,19,1,5,0,0,1,0,0,0,0,1,1,5,6,2,29,6,1595,1,6,MERCEDES A CLASS,6,-1,0,-1
2023131293190,2023,131293190,2,9,0,18,19,6,2,0,0,0,0,0,0,0,2,1,2,2,1,40,7,1332,8,3,MERCEDES A CLASS,8,E01011716,0,-1
2023991277762,2023,991277762,1,9,0,18,19,7,3,0,0,1,0,0,0,0,4,1,5,6,1,21,5,1332,1,4,MERCEDES A CLASS,3,-1,0,-1
2023010479619,2023,010479619,2,9,0,17,19,5,1,0,0,8,0,0,0,0,0,1,6,6,2,39,7,1332,1,4,MERCEDES A CLASS,5,E01004451,0,-1
2023461398237,2023,461398237,1,9,0,18,19,4,8,0,0,0,1,0,1,0,1,1,5,6,1,30,6,1595,1,5,MERCEDES A CLASS,10,E01024320,0,-1
2023010458117,2023,010458117,2,9,0,10,10,7,5,99,99,1,0,0,9,0,0,1,6,6,2,44,7,1595,1,5,MERCEDES A CLASS,6,E01021472,0,-1
2023010463739,2023,010463739,2,9,0,18,19,3,7,0,0,8,0,0,0,0,1,1,6,6,1,22,5,1332,1,4,MERCEDES A CLASS,8,E01001402,0,-1
2023201287920,2023,201287920,1,9,0,9,9,4,2,0,0,5,0,0,0,0,1,1,6,6,1,-1,-1,2143,2,5,MERCEDES A CLASS,2,E01010311,0,-1
2023332300153,2023,332300153,2,9,0,9,9,7,5,0,0,6,1,0,0,0,3,1,6,6,1,24,5,2143,2,5,MERCEDES A CLASS,5,E01025555,0,-1
2023221337066,2023,221337066,2,9,0,16,19,7,2,0,0,0,0,0,0,0,1,1,6,6,2,53,8,2143,2,6,MERCEDES A CLASS,9,E01032185,0,-1
2023471321391,2023,471321391,1,9,0,18,19,7,3,0,0,0,0,0,0,0,1,1,5,6,1,25,5,1461,2,7,MERCEDES A CLASS,8,E01031560,0,-1
2023201313693,2023,201313693,1,9,0,5,5,2,6,0,0,0,0,0,0,0,1,1,6,6,2,78,11,1498,1,12,MERCEDES A CLASS,9,E01009438,0,-1
2023101268087,2023,101268087,1,9,0,18,19,7,3,0,0,0,0,0,0,0,1,1,6,6,1,38,7,1992,2,16,MERCEDES A CLASS,1,E01008303,0,-1
2023061306932,2023,061306932,2,9,0,9,9,1,5,0,0,1,0,0,0,0,1,1,5,6,1,23,5,1595,1,6,MERCEDES A CLASS,-1,-1,0,-1
2023520300670,2023,520300670,2,9,0,18,19,4,8,0,0,8,0,0,0,0,3,1,6,6,1,41,7,1332,1,3,MERCEDES A CLASS,2,E01020111,0,-1
2023010431727,2023,010431727,1,9,0,13,13,5,1,0,0,2,1,0,0,0,4,1,6,6,2,25,5,1595,1,8,MERCEDES A CLASS,8,E01000563,0,-1
2023010470748,2023,010470748,1,9,0,2,2,0,0,6,6,0,0,0,0,0,0,1,6,6,3,-1,-1,1461,2,4,MERCEDES A CLASS,-1,-1,0,-1
2023231352376,2023,231352376,2,9,0,18,19,2,6,0,0,1,0,0,0,0,1,1,6,6,1,34,6,1332,8,0,MERCEDES A CLASS,3,E01031064,0,-1
2023052301517,2023,052301517,2,9,0,18,19,1,5,0,0,0,0,0,0,0,2,1,6,6,2,73,10,1332,1,4,MERCEDES A CLASS,7,E01006303,0,-1
2023161373988,2023,161373988,2,9,0,5,5,3,7,0,0,0,0,0,0,0,1,1,6,6,2,35,6,1595,1,5,MERCEDES A CLASS,-1,-1,0,-1
2023340WN1652,2023,340WN1652,2,9,0,18,19,4,8,0,0,0,0,0,0,0,1,1,6,6,1,82,11,1991,2,11,MERCEDES A CLASS,5,E01027133,0,-1
2023302300793,2023,302300793,2,9,0,18,19,1,5,0,0,1,0,0,1,11,1,1,6,6,1,21,5,1461,2,7,MERCEDES A CLASS,6,E01019608,0,-1
2023010423934,2023,010423934,1,9,0,7,7,3,5,0,0,6,0,0,0,0,1,1,6,6,1,70,10,1332,1,5,MERCEDES A CLASS,5,E01001074,0,-1
2023010425947,2023,010425947,2,9,0,99,99,9,9,99,99,9,9,99,9,99,2,9,6,6,3,-1,-1,2143,2,7,MERCEDES A CLASS,-1,-1,0,-1
2023010458185,2023,010458185,2,9,0,2,2,0,0,0,0,0,0,0,0,0,1,1,6,6,3,-1,-1,1332,1,2,MERCEDES A CLASS,-1,-1,0,-1
2023041377817,2023,041377817,1,9,0,7,7,3,7,0,0,8,0,0,0,0,1,1,5,6,1,18,4,1461,2,3,MERCEDES A CLASS,7,E01025251,0,-1
2023141323786,2023,141323786,3,9,0,18,19,1,5,0,0,8,0,0,0,0,1,1,6,6,1,23,5,1461,2,6,MERCEDES A CLASS,6,E01007707,0,-1
2023531383621,2023,531383621,2,9,0,18,19,1,5,0,0,8,0,0,0,0,1,1,6,6,2,27,6,1461,2,7,MERCEDES A CLASS,6,E01032934,0,-1
2023991324164,2023,991324164,1,9,0,16,19,2,7,0,0,0,0,0,0,0,1,1,6,6,2,26,6,1332,1,1,MERCEDES A CLASS,9,-1,0,-1
2023461318077,2023,461318077,2,9,0,9,9,7,5,0,0,0,0,0,0,0,3,1,6,6,1,34,6,1950,2,3,MERCEDES A CLASS,6,E01024568,0,-1
2023010458016,2023,010458016,1,9,0,99,99,9,9,99,99,9,9,99,9,99,2,9,6,6,2,32,6,1461,2,5,MERCEDES A CLASS,3,E01000195,0,-1
2023010428704,2023,010428704,2,9,9,99,99,9,9,99,99,9,9,99,9,99,9,9,6,6,1,36,7,1333,1,5,MERCEDES A CLASS,7,E01001882,0,-1
2023421327841,2023,421327841,2,9,0,18,19,7,3,0,0,1,0,0,0,0,1,1,5,6,1,27,6,1332,1,3,MERCEDES A CLASS,3,E01021955,0,-1
2023332300375,2023,332300375,2,9,0,3,3,1,5,0,0,1,0,0,0,0,2,1,6,6,2,45,7,1461,2,9,MERCEDES A CLASS,8,E01025792,0,-1
2023101361780,2023,101361780,2,9,0,18,19,1,5,0,0,0,0,0,0,0,2,1,5,6,1,22,5,1461,2,6,MERCEDES A CLASS,7,E01008728,0,-1
2023461382639,2023,461382639,2,9,0,18,19,4,6,0,0,0,0,0,1,0,3,1,6,6,2,-1,-1,1332,1,2,MERCEDES A CLASS,7,E01024712,0,-1
2023131258728,2023,131258728,1,9,0,18,19,5,1,0,0,1,0,0,7,0,1,1,5,6,2,28,6,1950,2,4,MERCEDES A CLASS,4,E01010669,0,-1
2023010441197,2023,010441197,2,9,0,6,6,7,7,0,0,0,0,0,0,0,3,1,6,6,1,39,7,1461,2,4,MERCEDES A CLASS,1,E01001545,0,-1
2023052301265,2023,052301265,1,9,0,5,5,5,1,0,0,4,0,0,0,0,3,1,6,6,2,42,7,1461,2,10,MERCEDES A CLASS,5,E01007039,0,-1
2023221284903,2023,221284903,1,9,0,17,19,7,4,0,0,0,2,10,2,1,4,1,5,6,2,55,8,2143,2,8,MERCEDES A CLASS,5,E01028980,0,-1
2023010465825,2023,010465825,4,9,0,3,3,8,4,0,0,0,0,0,0,0,1,1,2,2,2,48,8,1461,2,8,MERCEDES A CLASS,2,E01000931,0,-1
2023061310314,2023,061310314,3,9,0,5,5,1,4,9,9,8,0,0,1,0,3,1,5,6,2,25,5,1461,2,7,MERCEDES A CLASS,2,E01005460,0,-1
2023101298239,2023,101298239,2,9,0,18,19,5,1,0,0,4,0,0,0,0,1,1,5,6,2,36,7,1950,2,4,MERCEDES A CLASS,1,E01008426,0,-1
2023440180344,2023,440180344,2,9,0,2,2,0,0,9,9,0,0,0,0,0,1,1,6,6,3,-1,-1,1461,2,6,MERCEDES A CLASS,-1,-1,0,-1
2023061281627,2023,061281627,2,9,0,2,2,-1,-1,0,0,0,0,0,0,0,-1,1,6,6,1,54,8,1461,2,5,MERCEDES A CLASS,2,E01005145,0,-1
2023201291950,2023,201291950,2,9,0,9,9,8,6,0,0,5,0,0,0,0,2,1,1,1,2,-1,-1,1332,1,1,MERCEDES A CLASS,4,E01010323,0,-1
2023010477774,2023,010477774,1,9,0,10,10,7,6,0,0,5,0,0,0,0,2,1,6,6,2,23,5,1595,1,9,MERCEDES A CLASS,8,E01001614,0,-1
2023010462602,2023,010462602,1,9,0,9,9,3,1,0,0,6,0,0,0,0,3,1,6,6,2,38,7,1461,2,5,MERCEDES A CLASS,3,E01004037,0,-1
2023010456020,2023,010456020,1,9,4,18,19,8,4,0,0,1,0,11,3,1,1,1,6,6,1,20,4,1332,1,4,MERCEDES A CLASS,5,E01002632,0,-1
2023531366382,2023,531366382,1,9,0,18,19,4,8,0,0,1,0,0,0,0,1,1,6,6,2,20,4,1595,1,9,MERCEDES A CLASS,8,E01024575,0,-1
2023010458353,2023,010458353,2,9,0,99,99,9,9,99,99,0,9,99,9,99,1,9,6,6,3,-1,-1,1595,1,5,MERCEDES A CLASS,2,E01000930,0,-1
2023542102223,2023,542102223,2,9,0,18,19,8,4,0,0,0,0,10,7,0,3,1,6,6,1,30,6,2143,2,6,MERCEDES A CLASS,4,E01032101,0,-1
2023302300990,2023,302300990,2,9,0,3,3,4,8,0,0,1,0,0,0,0,2,1,1,1,1,64,9,1332,8,1,MERCEDES A CLASS,10,E01019848,0,-1
2023010484033,2023,010484033,1,9,0,4,4,1,5,0,0,0,0,0,0,0,3,1,6,6,2,57,9,1498,1,14,MERCEDES A CLASS,4,E01003450,0,-1
2023371347068,2023,371347068,1,9,0,18,19,1,5,0,0,0,0,0,0,0,4,1,6,6,1,49,8,1699,1,18,MERCEDES A CLASS,9,E01016112,0,-1
2023141284666,2023,141284666,1,9,0,9,9,5,3,0,0,5,0,0,0,0,1,1,2,2,2,27,6,1595,1,5,MERCEDES A CLASS,7,E01019770,0,-1
2023471347783,2023,471347783,1,9,0,4,4,3,7,0,0,0,0,0,0,0,1,1,5,6,2,59,9,1498,1,12,MERCEDES A CLASS,8,E01016959,0,-1
2023141353532,2023,141353532,1,9,0,2,2,0,0,0,0,0,0,0,0,0,0,1,6,6,3,-1,-1,1461,2,6,MERCEDES A CLASS,-1,-1,0,-1
2023122300486,2023,122300486,1,9,0,18,19,5,1,0,0,0,0,0,0,0,4,1,1,1,2,41,7,1332,1,2,MERCEDES A CLASS,5,E01027785,0,-1
2023552300019,2023,552300019,2,9,0,18,19,3,7,0,0,8,0,0,0,0,4,1,2,2,1,22,5,1595,1,6,MERCEDES A CLASS,4,E01015443,0,-1
2023131360643,2023,131360643,2,9,0,2,2,0,0,0,0,0,0,0,1,4,2,1,6,6,3,-1,-1,2143,2,6,MERCEDES A CLASS,-1,-1,0,-1
2023010448468,2023,010448468,2,9,0,99,99,9,9,99,99,9,9,99,9,99,1,9,6,6,3,-1,-1,1498,1,13,MERCEDES A CLASS,-1,-1,0,-1
2023141374461,2023,141374461,4,9,0,2,2,0,0,0,0,1,0,0,0,0,2,1,6,6,3,-1,-1,1461,2,6,MERCEDES A CLASS,-1,-1,0,-1
2023131304140,2023,131304140,3,9,0,18,19,5,1,0,0,0,0,0,0,0,2,1,6,6,3,-1,-1,1461,2,9,MERCEDES A CLASS,-1,-1,0,-1
2023141325512,2023,141325512,2,9,0,18,19,5,1,0,0,1,0,0,0,0,1,1,3,7,2,37,7,1332,8,0,MERCEDES A CLASS,9,E01007890,0,-1
2023411348318,2023,411348318,2,9,0,14,14,1,5,0,0,1,0,0,0,0,3,1,2,2,1,56,9,1332,8,3,MERCEDES A CLASS,4,E01023857,0,-1
2023041329320,2023,041329320,2,9,0,2,2,0,0,0,0,0,0,0,0,0,4,1,6,6,3,-1,-1,1796,2,9,MERCEDES A CLASS,-1,-1,0,-1
2023461279548,2023,461279548,1,9,0,18,19,7,3,0,0,2,0,0,0,0,4,1,1,1,1,64,9,1332,1,3,MERCEDES A CLASS,8,E01024542,0,-1
2023471336011,2023,471336011,1,9,0,18,19,5,1,0,0,0,0,0,0,0,1,1,2,2,1,17,4,1595,1,8,MERCEDES A CLASS,6,E01021133,0,-1
2023010426309,2023,010426309,1,9,0,99,99,9,9,99,99,0,9,99,9,99,1,9,6,6,2,34,6,1461,2,8,MERCEDES A CLASS,5,E01003691,0,-1
2023052301347,2023,052301347,1,9,0,18,19,1,5,0,0,0,0,0,0,0,4,1,6,6,3,-1,-1,1796,2,10,MERCEDES A CLASS,-1,-1,0,-1
2023231318379,2023,231318379,1,9,0,16,19,2,6,0,0,0,1,0,8,9,1,1,5,6,1,38,7,2143,2,9,MERCEDES A CLASS,5,E01031009,0,-1
2023131360298,2023,131360298,1,9,0,7,7,1,4,0,0,1,0,0,0,0,4,1,2,2,1,44,7,1461,2,4,MERCEDES A CLASS,5,E01011407,0,-1
2023201376009,2023,201376009,2,9,0,7,7,8,2,0,0,1,0,0,0,0,1,1,6,6,2,25,5,1461,2,5,MERCEDES A CLASS,2,E01010279,0,-1
2023041280245,2023,041280245,1,9,0,18,19,2,6,0,0,1,0,0,0,0,1,1,5,6,1,44,7,1461,2,4,MERCEDES A CLASS,1,E01025041,0,-1
2023622300711,2023,622300711,1,9,0,18,19,4,8,0,0,0,0,0,0,0,1,1,6,6,2,55,8,1332,1,4,MERCEDES A CLASS,2,W01000967,0,-1
2023061332839,2023,061332839,2,9,-1,-1,-1,-1,-1,-1,-1,-1,-1,-1,-1,0,-1,1,6,6,1,39,7,1950,2,3,MERCEDES A CLASS,3,E01005479,0,-1
2023131383571,2023,131383571,1,9,0,18,19,7,3,0,0,0,0,0,0,0,1,1,2,2,3,28,6,2143,2,7,MERCEDES A CLASS,5,E01032495,0,-1
2023471320696,2023,471320696,2,9,0,18,19,3,7,0,0,0,0,0,5,0,2,1,2,2,1,32,6,1991,2,12,MERCEDES A CLASS,7,E01031597,0,-1
2023070156044,2023,070156044,1,9,0,9,9,5,3,0,0,8,0,0,0,0,4,1,1,1,1,35,6,1991,2,13,MERCEDES A CLASS,3,E01007337,0,-1
2023430220126,2023,430220126,2,9,0,2,2,0,0,0,0,0,0,0,0,0,1,1,6,6,1,55,8,1461,2,8,MERCEDES A CLASS,8,E01016544,0,-1
2023161268564,2023,161268564,1,9,0,9,9,3,8,0,0,1,0,0,0,0,3,1,5,6,1,20,4,1461,2,7,MERCEDES A CLASS,1,E01012858,0,-1
2023070341731,2023,070341731,3,9,0,3,3,3,7,0,0,1,0,0,0,0,2,1,6,6,1,31,6,1461,2,7,MERCEDES A CLASS,2,E01014342,0,-1
2023401404438,2023,401404438,3,9,0,4,4,1,5,0,0,0,0,0,0,0,0,1,5,6,2,33,6,1332,1,1,MERCEDES A CLASS,10,E01017392,0,-1
2023131302489,2023,131302489,3,9,0,18,19,5,1,0,0,8,0,0,0,0,3,1,6,6,2,29,6,1796,2,10,MERCEDES A CLASS,3,E01033542,0,-1
2023010471235,2023,010471235,2,9,0,14,14,1,5,0,0,1,0,0,0,0,1,1,6,6,3,-1,-1,1595,1,8,MERCEDES A CLASS,-1,-1,0,-1
2023010450907,2023,010450907,3,9,0,99,99,9,9,99,99,0,9,99,9,99,2,9,6,6,2,-1,-1,1461,2,7,MERCEDES A CLASS,8,E01002322,0,-1
2023010423487,2023,010423487,1,9,0,99,99,9,9,99,99,9,9,99,9,99,3,9,6,6,1,68,10,1598,1,20,MERCEDES A CLASS,5,E01003756,0,-1
2023541266823,2023,541266823,1,9,0,18,19,3,7,0,0,0,0,0,0,0,1,1,6,6,3,-1,-1,1461,2,9,MERCEDES A CLASS,-1,-1,0,-1
2023010428644,2023,010428644,1,9,0,99,99,9,9,99,99,9,9,99,9,99,1,9,6,6,2,21,5,1332,1,2,MERCEDES A CLASS,10,E01023526,0,-1
2023401310925,2023,401310925,2,9,0,3,3,6,2,0,0,1,0,0,0,0,2,1,5,6,1,26,6,1461,2,5,MERCEDES A CLASS,1,E01015795,0,-1
2023311343855,2023,311343855,2,9,0,2,2,-1,-1,0,0,0,0,0,0,0,1,1,6,6,2,36,7,1461,2,10,MERCEDES A CLASS,4,E01027933,0,-1
2023052301836,2023,052301836,3,9,0,18,19,3,7,0,0,0,0,0,0,0,0,1,6,6,3,-1,-1,1461,2,9,MERCEDES A CLASS,-1,-1,0,-1
2023010471976,2023,010471976,2,9,0,4,4,1,5,0,0,1,0,0,0,0,2,1,6,6,2,36,7,1461,2,4,MERCEDES A CLASS,-1,-1,0,-1
2023131261718,2023,131261718,1,9,0,18,19,5,5,0,0,8,0,0,0,0,4,1,5,6,2,20,4,1461,2,5,MERCEDES A CLASS,6,E01011861,0,-1
2023991274548,2023,991274548,1,9,0,17,19,4,1,0,0,0,0,0,1,9,4,1,5,6,2,18,4,1332,1,3,MERCEDES A CLASS,10,-1,0,-1
2023131261641,2023,131261641,1,9,0,-1,-1,-1,-1,-1,-1,0,-1,-1,-1,0,-1,1,6,6,3,-1,-1,1461,2,9,MERCEDES A CLASS,-1,-1,0,-1
2023052300805,2023,052300805,1,9,0,18,19,4,1,0,0,1,0,0,0,0,1,1,6,6,1,30,6,1332,1,3,MERCEDES A CLASS,6,E01007112,0,-1
2023351272858,2023,351272858,1,9,0,18,19,7,3,0,0,1,0,0,0,0,1,1,6,6,2,74,10,1461,2,4,MERCEDES A CLASS,6,E01030150,0,-1
2023531283425,2023,531283425,1,9,0,13,13,2,6,0,0,0,0,0,1,4,4,1,2,2,1,25,5,1991,1,7,MERCEDES A CLASS,2,E01014565,0,-1
2023131360813,2023,131360813,1,9,0,18,19,5,1,0,0,8,0,0,0,0,1,1,1,1,2,53,8,1332,1,5,MERCEDES A CLASS,6,E01010634,0,-1
2023010423437,2023,010423437,2,9,0,18,19,1,5,0,0,8,0,0,0,0,1,1,6,6,2,42,7,1498,1,15,MERCEDES A CLASS,3,E01001117,0,-1
2023430138314,2023,430138314,1,9,0,9,9,6,4,0,0,6,0,0,0,0,3,1,6,6,2,75,10,1498,1,12,MERCEDES A CLASS,7,E01017792,0,-1
2023010427634,2023,010427634,1,9,0,99,99,9,9,99,99,9,9,99,9,99,1,9,6,6,1,25,5,1595,1,9,MERCEDES A CLASS,3,E01000545,0,-1
2023010440423,2023,010440423,2,9,0,6,6,1,1,0,0,0,0,0,0,0,0,1,6,6,1,19,4,1332,1,0,MERCEDES A CLASS,2,E01001130,0,-1
2023052300049,2023,052300049,2,9,0,2,2,0,0,0,0,0,0,0,0,0,1,1,6,6,1,59,9,1498,1,17,MERCEDES A CLASS,8,E01007097,0,-1
2023010456861,2023,010456861,2,9,0,18,19,1,5,0,0,2,0,0,0,0,4,1,6,6,1,59,9,1991,2,15,MERCEDES A CLASS,9,E01001098,0,-1
2023131368776,2023,131368776,1,9,0,7,7,3,1,0,0,0,0,0,1,0,3,1,6,6,2,43,7,1796,2,10,MERCEDES A CLASS,1,E01010674,0,-1
2023061303272,2023,061303272,2,9,0,1,1,7,3,0,0,0,0,0,0,0,1,1,2,2,2,32,6,1461,2,7,MERCEDES A CLASS,9,E01006277,0,-1
2023141277942,2023,141277942,2,9,0,18,19,8,5,0,0,1,0,0,0,0,1,1,6,6,3,-1,-1,1796,2,10,MERCEDES A CLASS,-1,-1,0,-1
2023543714223,2023,543714223,1,9,0,18,19,7,3,0,0,1,0,0,1,9,3,1,2,2,1,53,8,2143,2,10,MERCEDES A CLASS,8,E01032704,0,-1
2023991350004,2023,991350004,2,9,0,18,19,2,6,0,0,8,0,0,0,0,1,1,2,2,2,23,5,1332,1,3,MERCEDES A CLASS,9,-1,0,-1
2023501361638,2023,501361638,2,9,0,18,19,1,5,0,0,0,0,0,0,0,1,1,6,6,2,54,8,1332,1,4,MERCEDES A CLASS,3,E01018974,0,-1
2023010450716,2023,010450716,1,9,0,4,4,3,7,0,0,0,0,0,0,0,2,1,6,6,2,43,7,1332,1,5,MERCEDES A CLASS,7,E01021765,0,-1
2023010450955,2023,010450955,2,9,0,2,2,0,0,0,0,2,0,0,0,0,0,1,6,6,3,-1,-1,1461,2,6,MERCEDES A CLASS,-1,-1,0,-1
2023010426372,2023,010426372,1,9,0,18,19,5,1,9,9,3,0,0,7,10,1,1,6,6,2,17,4,1332,1,4,MERCEDES A CLASS,-1,-1,0,-1
2023010463073,2023,010463073,1,9,0,9,9,3,1,0,0,3,0,0,0,0,1,1,6,6,2,28,6,1595,1,8,MERCEDES A CLASS,2,E01004296,0,-1
2023010447977,2023,010447977,2,9,0,99,99,3,7,99,99,0,9,99,9,99,9,9,6,6,1,-1,-1,1332,1,1,MERCEDES A CLASS,2,E01004239,0,-1
2023101414138,2023,101414138,1,9,0,18,19,1,5,0,0,1,0,0,0,0,4,1,5,6,1,25,5,1461,2,8,MERCEDES A CLASS,9,E01031879,0,-1
2023411379433,2023,411379433,2,9,0,4,4,-1,-1,0,0,0,1,7,7,6,3,1,5,6,1,29,6,1461,2,5,MERCEDES A CLASS,5,E01023800,0,-1
2023010446847,2023,010446847,2,9,0,3,3,7,3,0,0,0,0,0,0,0,2,1,6,6,1,28,6,1461,2,4,MERCEDES A CLASS,3,E01001111,0,-1
2023010479805,2023,010479805,1,9,0,7,7,1,3,0,0,5,0,0,0,0,1,1,6,6,1,23,5,1461,2,4,MERCEDES A CLASS,3,E01001109,0,-1
2023231377234,2023,231377234,1,9,0,18,19,8,4,0,0,8,0,0,0,0,2,1,6,6,1,27,6,1332,1,0,MERCEDES A CLASS,5,E01009712,0,-1
2023141284852,2023,141284852,1,9,0,13,13,2,6,0,0,0,1,0,0,0,1,1,6,6,1,39,7,2143,2,7,MERCEDES A CLASS,6,E01007695,0,-1
2023430427576,2023,430427576,2,9,0,3,3,2,6,0,0,1,0,0,0,0,2,1,6,6,2,30,6,2143,2,6,MERCEDES A CLASS,10,E01017373,0,-1
2023421344633,2023,421344633,1,9,0,4,4,2,6,0,0,0,0,0,0,0,1,1,6,6,2,21,5,1461,2,10,MERCEDES A CLASS,-1,-1,0,-1
2023471361476,2023,471361476,1,9,0,18,19,7,1,0,0,0,0,0,0,0,1,1,6,6,1,29,6,1461,2,9,MERCEDES A CLASS,5,E01031565,0,-1