collision_index,collision_year,collision_ref_no,vehicle_reference,vehicle_type,towing_and_articulation,vehicle_manoeuvre_historic,vehicle_manoeuvre,vehicle_direction_from,vehicle_direction_to,vehicle_location_restricted_lane_historic,vehicle_location_restricted_lane,junction_location,skidding_and_overturning,hit_object_in_carriageway,vehicle_leaving_carriageway,hit_object_off_carriageway,first_point_of_impact,vehicle_left_hand_drive,journey_purpose_of_driver_historic,journey_purpose_of_driver,sex_of_driver,age_of_driver,age_band_of_driver,engine_capacity_cc,propulsion_code,age_of_vehicle,generic_make_model,driver_imd_decile,lsoa_of_driver,escooter_flag,driver_distance_banding
2023010428284,2023,010428284,2,9,0,99,99,9,9,99,99,9,9,99,9,99,1,9,6,6,2,21,5,2143,2,6,MERCEDES A CLASS,3,E01000185,0,-1
2023071183980,2023,071183980,1,9,0,5,5,1,3,0,0,8,0,0,0,0,1,1,6,6,1,32,6,1595,1,7,MERCEDES A CLASS,3,E01012539,0,-1
2023010451364,2023,010451364,1,9,0,99,99,9,9,99,99,9,9,99,9,99,2,9,6,6,2,42,7,1332,8,2,MERCEDES A CLASS,2,E01033700,0,-1
2023131342735,2023,131342735,2,9,0,18,19,6,2,0,0,0,0,0,0,0,3,1,5,6,2,54,8,2143,2,9,MERCEDES A CLASS,7,E01015719,0,-1
2023991357891,2023,991357891,2,9,0,5,5,2,6,0,0,4,0,0,0,0,3,1,5,6,2,19,4,1461,2,7,MERCEDES A CLASS,7,-1,0,-1
2023041331232,2023,041331232,1,9,0,1,1,1,5,0,0,8,0,0,0,0,2,1,6,6,1,19,4,1461,2,7,MERCEDES A CLASS,5,E01025053,0,-1
2023010453743,2023,010453743,2,9,0,9,9,7,5,2,2,1,0,0,0,0,4,1,6,6,2,25,5,1461,2,6,MERCEDES A CLASS,4,E01003561,0,-1
2023052302492,2023,052302492,1,9,0,9,9,1,7,0,0,8,0,0,0,0,1,1,2,2,2,34,6,1595,1,5,MERCEDES A CLASS,7,E01007062,0,-1
2023161297240,2023,161297240,1,9,0,3,3,1,5,0,0,1,0,0,0,0,2,1,6,6,1,22,5,1461,2,7,MERCEDES A CLASS,2,E01013332,0,-1
2023052300734,2023,052300734,1,9,0,14,14,7,3,0,0,0,0,0,0,0,4,1,6,6,2,20,4,1461,2,9,MERCEDES A CLASS,4,E01033072,0,-1
2023522300569,2023,522300569,2,9,0,18,19,5,1,0,0,8,0,0,0,0,1,1,6,6,2,28,6,1332,1,4,MERCEDES A CLASS,8,E01014745,0,-1
2023320016888,2023,320016888,1,9,0,18,19,8,4,0,0,0,0,0,0,0,1,1,6,6,1,23,5,1332,8,3,MERCEDES A CLASS,1,E01026384,0,-1
2023010475380,2023,010475380,2,9,0,99,99,9,9,99,99,9,9,99,9,99,1,9,6,6,3,-1,-1,1991,2,17,MERCEDES A CLASS,-1,-1,0,-1
2023010453653,2023,010453653,3,9,0,2,2,0,0,0,0,0,0,0,0,0,3,1,6,6,3,-1,-1,1595,1,10,MERCEDES A CLASS,-1,-1,0,-1
2023201406141,2023,201406141,1,9,0,18,19,6,2,0,0,8,0,0,0,0,3,1,6,6,1,25,5,1461,2,5,MERCEDES A CLASS,1,E01009352,0,-1
2023361383598,2023,361383598,2,9,0,3,3,5,4,0,0,0,0,0,0,0,2,1,6,6,1,39,7,1595,1,5,MERCEDES A CLASS,8,E01026714,0,-1
2023010468580,2023,010468580,2,9,0,99,99,9,9,99,99,9,9,99,9,99,9,9,6,6,3,-1,-1,1332,1,4,MERCEDES A CLASS,-1,-1,0,-1
2023421273695,2023,421273695,1,9,0,4,4,6,3,0,0,0,0,0,0,0,1,1,2,2,1,37,7,1498,1,16,MERCEDES A CLASS,-1,-1,0,-1
2023161326805,2023,161326805,1,9,0,3,3,3,7,0,0,1,0,0,0,0,2,1,6,6,2,35,6,1461,2,9,MERCEDES A CLASS,3,E01012777,0,-1
2023311279239,2023,311279239,2,9,0,7,7,5,8,0,0,1,0,0,0,0,1,1,2,2,1,53,8,2143,2,8,MERCEDES A CLASS,6,E01028160,0,-1
2023052301961,2023,052301961,2,9,0,3,3,5,1,0,0,1,0,0,0,0,2,1,6,6,2,27,6,1461,2,3,MERCEDES A CLASS,3,E01006534,0,-1
2023451332526,2023,451332526,1,9,0,18,19,6,2,0,0,0,5,4,0,0,4,1,5,6,1,74,10,1498,1,13,MERCEDES A CLASS,6,E01030516,0,-1
2023201342774,2023,201342774,1,9,0,18,19,1,5,0,0,8,0,0,0,0,1,1,6,6,1,40,7,1461,2,9,MERCEDES A CLASS,10,E01009827,0,-1
2023201418204,2023,201418204,1,9,0,5,5,8,4,0,0,4,0,0,0,0,1,1,6,6,1,22,5,1461,2,9,MERCEDES A CLASS,1,E01010541,0,-1
2023311392958,2023,311392958,1,9,0,9,9,7,5,0,0,8,0,0,0,0,1,1,6,6,1,23,5,1498,1,13,MERCEDES A CLASS,7,E01028405,0,-1
2023421272134,2023,421272134,1,9,0,17,19,2,7,0,0,0,0,0,0,0,1,1,5,6,2,67,10,1991,2,14,MERCEDES A CLASS,3,E01021845,0,-1
2023161373935,2023,161373935,1,9,0,3,3,4,7,0,0,0,0,0,0,0,2,1,5,6,1,41,7,1461,2,9,MERCEDES A CLASS,3,E01012777,0,-1
2023010462770,2023,010462770,2,9,0,99,99,9,9,99,99,9,9,99,9,99,2,9,6,6,3,-1,-1,1461,2,4,MERCEDES A CLASS,-1,-1,0,-1
2023531292432,2023,531292432,1,9,0,1,1,2,6,0,0,8,0,0,0,0,2,1,6,6,1,-1,-1,1950,2,2,MERCEDES A CLASS,8,E01022255,0,-1
2023451324646,2023,451324646,2,9,0,18,19,1,3,0,0,1,0,0,0,0,1,1,6,6,1,98,11,1595,1,6,MERCEDES A CLASS,-1,-1,0,-1
2023010483383,2023,010483383,1,9,0,3,3,1,5,0,0,0,0,0,0,0,1,1,1,1,1,25,5,1332,1,3,MERCEDES A CLASS,3,E01003430,0,-1
2023411274842,2023,411274842,1,9,0,4,4,6,2,0,0,1,0,0,0,0,1,1,6,6,3,-1,-1,1332,1,5,MERCEDES A CLASS,-1,-1,0,-1
2023070590750,2023,070590750,2,9,0,3,3,7,3,0,0,2,0,0,0,0,4,1,6,6,1,34,6,1461,2,9,MERCEDES A CLASS,3,E01018543,0,-1
2023070603064,2023,070603064,2,9,0,18,19,5,1,0,0,2,0,0,0,0,1,1,6,6,1,50,8,2143,2,8,MERCEDES A CLASS,-1,-1,0,-1
2023010451772,2023,010451772,1,9,0,99,99,9,9,99,99,9,9,99,9,99,9,9,6,6,1,30,6,1332,1,2,MERCEDES A CLASS,2,E01000059,0,-1
2023131309410,2023,131309410,1,9,0,18,19,1,5,0,0,0,0,0,0,0,1,1,2,2,1,40,7,2143,2,7,MERCEDES A CLASS,7,E01011205,0,-1
2023141369171,2023,141369171,1,9,0,18,19,1,5,0,0,0,0,0,0,0,2,1,6,6,2,34,6,1796,2,10,MERCEDES A CLASS,2,E01007782,0,-1
2023010441108,2023,010441108,1,9,0,99,99,9,9,99,99,9,9,99,9,99,2,9,6,6,3,28,6,1332,1,0,MERCEDES A CLASS,3,E01024169,0,-1
2023010458197,2023,010458197,1,9,9,99,99,9,9,99,99,9,9,99,9,99,9,9,2,2,2,30,6,1332,1,4,MERCEDES A CLASS,4,E01015952,0,-1
2023010449179,2023,010449179,2,9,9,18,19,4,8,99,99,9,9,99,9,99,9,1,6,6,1,42,7,1498,1,15,MERCEDES A CLASS,3,E01002413,0,-1
2023461310830,2023,461310830,2,9,0,2,2,0,0,0,0,0,0,0,0,0,3,1,6,6,2,22,5,1461,2,7,MERCEDES A CLASS,6,E01024703,0,-1
2023461275426,2023,461275426,1,9,0,18,19,8,4,0,0,0,0,0,0,0,1,1,6,6,3,-1,-1,1461,2,8,MERCEDES A CLASS,-1,-1,0,-1
2023201363364,2023,201363364,1,9,0,16,19,8,3,0,0,3,0,4,0,0,1,1,6,6,1,24,5,1950,2,2,MERCEDES A CLASS,1,E01009475,0,-1
2023421312764,2023,421312764,1,9,0,5,5,8,4,9,9,0,0,0,0,0,4,1,6,6,3,-1,-1,1950,2,2,MERCEDES A CLASS,-1,-1,0,-1
2023131283635,2023,131283635,1,9,0,18,19,7,3,0,0,8,0,0,0,0,1,1,5,6,1,61,9,1397,1,21,MERCEDES A CLASS,4,E01013964,0,-1
2023052301210,2023,052301210,1,9,0,5,5,1,4,0,0,1,0,0,0,0,1,1,6,6,2,-1,-1,1461,2,8,MERCEDES A CLASS,-1,-1,0,-1
2023421333385,2023,421333385,1,9,0,17,19,5,3,9,9,0,0,0,3,0,1,1,5,6,1,24,5,1950,2,4,MERCEDES A CLASS,7,E01021470,0,-1
2023010447319,2023,010447319,1,9,0,18,19,3,7,0,0,0,0,0,0,0,2,1,1,1,2,74,10,1332,1,3,MERCEDES A CLASS,7,E01000364,0,-1
2023010477823,2023,010477823,1,9,0,5,5,1,5,0,0,0,0,0,0,0,1,1,6,6,1,25,5,1461,2,5,MERCEDES A CLASS,9,E01000991,0,-1
2023201444630,2023,201444630,1,9,0,9,9,1,7,0,0,6,0,0,0,0,3,1,6,6,1,27,6,1461,2,6,MERCEDES A CLASS,7,E01010516,0,-1
2023211259747,2023,211259747,1,9,0,5,5,5,5,0,0,1,0,0,0,0,1,1,5,6,2,27,6,1332,1,5,MERCEDES A CLASS,8,E01010395,0,-1
2023351356282,2023,351356282,2,9,0,-1,-1,1,3,0,0,0,0,0,0,0,3,1,5,6,2,24,5,2143,2,5,MERCEDES A CLASS,1,E01015642,0,-1
2023010478612,2023,010478612,2,9,0,18,19,3,7,0,0,2,0,0,0,0,1,1,6,6,2,74,10,1595,1,8,MERCEDES A CLASS,7,E01002579,0,-1
2023320552826,2023,320552826,1,9,0,18,19,4,8,0,0,0,0,12,0,0,1,1,6,6,2,48,8,1595,1,6,MERCEDES A CLASS,4,E01026366,0,-1
2023311276195,2023,311276195,2,9,0,18,19,8,1,0,0,1,0,0,0,0,1,1,6,6,1,30,6,1332,1,4,MERCEDES A CLASS,5,E01013831,0,-1
2023061313308,2023,061313308,2,9,-1,-1,-1,-1,-1,-1,-1,0,-1,-1,-1,0,-1,1,6,6,2,30,6,1461,2,8,MERCEDES A CLASS,2,E01006297,0,-1
2023302301700,2023,302301700,1,9,0,18,19,5,1,0,0,0,0,0,0,0,1,1,2,2,1,41,7,2143,2,7,MERCEDES A CLASS,6,E01027971,0,-1
2023520300580,2023,520300580,1,9,0,6,6,5,5,0,0,0,0,0,0,0,0,1,6,6,1,52,8,1991,2,12,MERCEDES A CLASS,5,E01029025,0,-1
2023991369554,2023,991369554,1,9,0,5,5,3,7,6,6,8,1,0,0,0,4,1,2,2,1,25,5,1461,2,4,MERCEDES A CLASS,6,-1,0,-1
2023991309437,2023,991309437,2,9,0,17,19,3,7,0,0,1,1,0,0,0,1,1,5,6,2,21,5,1332,1,5,MERCEDES A CLASS,2,-1,0,-1
2023351308332,2023,351308332,1,9,0,5,5,1,5,0,0,1,0,0,0,0,1,1,6,6,1,36,7,1595,1,9,MERCEDES A CLASS,4,E01015622,0,-1
2023361340925,2023,361340925,1,9,0,4,4,6,3,0,0,0,0,0,0,0,2,1,5,6,2,76,11,1461,2,6,MERCEDES A CLASS,3,E01026786,0,-1
2023411397128,2023,411397128,1,9,0,18,19,7,3,0,0,0,0,10,0,0,3,1,6,6,2,20,4,1461,2,5,MERCEDES A CLASS,3,E01002104,0,-1
2023201415144,2023,201415144,2,9,0,14,14,3,7,0,0,0,0,0,0,0,2,1,2,2,2,38,7,2143,2,7,MERCEDES A CLASS,5,E01010165,0,-1
2023501265584,2023,501265584,2,9,0,3,3,7,3,0,0,0,0,0,0,0,-1,1,2,2,2,47,8,2143,2,8,MERCEDES A CLASS,2,E01015055,0,-1
2023430239908,2023,430239908,1,9,0,3,3,3,7,0,0,0,0,0,0,0,2,1,6,6,2,55,8,1461,2,6,MERCEDES A CLASS,8,E01016557,0,-1
2023141380622,2023,141380622,1,9,0,18,19,5,1,0,0,0,0,0,0,0,2,1,2,2,1,-1,-1,1461,2,5,MERCEDES A CLASS,5,E01013668,0,-1
2023430276319,2023,430276319,1,9,0,3,3,6,2,0,0,1,0,0,0,0,2,1,2,2,2,24,5,2143,2,6,MERCEDES A CLASS,6,E01026986,0,-1
2023201367911,2023,201367911,1,9,0,18,19,2,6,0,0,8,0,0,0,0,1,1,5,6,1,22,5,1461,2,8,MERCEDES A CLASS,3,E01009655,0,-1
2023401356864,2023,401356864,1,9,0,5,5,7,3,0,0,0,0,0,0,0,1,1,1,1,1,31,6,1461,2,5,MERCEDES A CLASS,4,E01017512,0,-1
2023010421483,2023,010421483,1,9,0,18,19,7,3,0,0,0,0,0,0,0,4,1,6,6,1,20,4,1461,2,6,MERCEDES A CLASS,7,E01001069,0,-1
2023531285513,2023,531285513,1,9,0,18,19,2,5,0,0,0,0,0,7,9,1,1,2,2,1,76,11,1595,1,8,MERCEDES A CLASS,8,E01031885,0,-1
2023010483192,2023,010483192,1,9,0,99,99,9,9,99,99,9,9,99,9,99,9,9,6,6,2,27,6,1595,1,9,MERCEDES A CLASS,2,E01021318,0,-1
2023430359702,2023,430359702,1,9,0,9,9,2,8,0,0,5,0,0,0,0,4,1,6,6,2,36,7,1332,1,0,MERCEDES A CLASS,-1,-1,0,-1
2023201372044,2023,201372044,1,9,0,18,19,1,5,0,0,2,0,0,0,0,1,1,6,6,1,27,6,1689,2,20,MERCEDES A CLASS,2,E01009082,0,-1
2023131271686,2023,131271686,1,9,0,18,19,1,5,0,0,8,0,0,0,0,4,1,5,6,2,52,8,1461,2,6,MERCEDES A CLASS,9,E01011847,0,-1
2023010438821,2023,010438821,2,9,0,2,2,0,0,0,0,0,0,0,0,0,0,1,6,6,3,-1,-1,1595,1,6,MERCEDES A CLASS,-1,-1,0,-1
2023010419707,2023,010419707,1,9,0,18,19,3,7,0,0,2,0,0,0,0,1,1,6,6,2,29,6,1595,1,8,MERCEDES A CLASS,3,E01033150,0,-1
2023430189318,2023,430189318,2,9,0,18,19,1,5,0,0,0,0,0,0,0,1,1,6,6,3,-1,-1,2143,2,7,MERCEDES A CLASS,-1,-1,0,-1
2023010465702,2023,010465702,2,9,0,99,99,9,9,99,99,9,9,99,9,99,2,9,6,6,3,-1,-1,1461,2,9,MERCEDES A CLASS,3,E01001175,0,-1
2023010424899,2023,010424899,1,9,0,18,19,3,7,0,0,6,0,7,0,0,1,1,6,6,1,26,6,1461,2,7,MERCEDES A CLASS,9,E01000395,0,-1
2023010433599,2023,010433599,2,9,0,99,99,9,9,99,99,0,9,99,9,99,0,9,6,6,3,-1,-1,1461,2,7,MERCEDES A CLASS,3,E01003630,0,-1
2023131289221,2023,131289221,2,9,0,2,2,0,0,9,9,8,0,0,0,0,2,1,6,6,3,-1,-1,1950,2,3,MERCEDES A CLASS,-1,-1,0,-1
2023010440666,2023,010440666,1,9,0,99,99,9,9,99,99,9,9,99,9,99,1,9,6,6,1,43,7,1498,1,17,MERCEDES A CLASS,10,E01017831,0,-1
2023430533958,2023,430533958,2,9,0,1,1,6,2,0,0,1,0,0,0,0,2,1,6,6,3,-1,-1,1461,2,9,MERCEDES A CLASS,-1,-1,0,-1
2023430538996,2023,430538996,1,9,0,9,9,3,1,0,0,5,0,0,0,0,4,1,6,6,2,18,4,1796,2,10,MERCEDES A CLASS,5,E01016392,0,-1
2023010466327,2023,010466327,1,9,0,18,19,5,1,0,0,0,0,0,0,0,3,1,6,6,2,18,4,1332,1,4,MERCEDES A CLASS,5,E01004450,0,-1
2023311295242,2023,311295242,1,9,0,9,9,6,4,0,0,8,0,0,0,0,0,1,6,6,1,26,6,2143,2,6,MERCEDES A CLASS,-1,-1,0,-1
2023122300410,2023,122300410,2,9,0,2,2,0,0,0,0,0,0,0,0,0,1,1,1,1,3,-1,-1,2143,2,7,MERCEDES A CLASS,-1,-1,0,-1
2023531372626,2023,531372626,2,9,0,4,4,8,4,0,0,1,0,0,0,0,2,1,6,6,2,27,6,1332,8,0,MERCEDES A CLASS,5,E01022435,0,-1
2023070149091,2023,070149091,3,9,0,3,3,1,3,0,0,2,0,0,0,0,3,1,6,6,1,37,7,1950,2,2,MERCEDES A CLASS,3,E01018730,0,-1
2023471347345,2023,471347345,2,9,0,3,3,6,3,0,0,0,0,0,0,0,2,1,2,2,1,47,8,1461,2,7,MERCEDES A CLASS,9,E01031721,0,-1
2023131303969,2023,131303969,1,9,0,7,7,3,1,0,0,5,0,0,0,0,4,1,6,6,3,-1,-1,2143,2,7,MERCEDES A CLASS,-1,-1,0,-1
2023010444664,2023,010444664,2,9,0,99,99,9,9,99,99,0,9,99,9,99,9,9,6,6,3,-1,-1,2143,2,6,MERCEDES A CLASS,5,E01000631,0,-1
2023010481914,2023,010481914,1,9,0,99,99,9,9,99,99,9,9,99,9,99,1,9,6,6,2,47,8,1461,2,7,MERCEDES A CLASS,-1,-1,0,-1
2023201412169,2023,201412169,2,9,0,18,19,8,4,0,0,6,0,2,0,0,1,1,6,6,3,52,8,1595,1,5,MERCEDES A CLASS,3,E01009138,0,-1
2023461351093,2023,461351093,2,9,0,18,19,6,2,0,0,1,0,0,0,0,3,1,6,6,2,58,9,1595,1,5,MERCEDES A CLASS,4,E01016070,0,-1
2023421324774,2023,421324774,2,9,0,2,2,0,0,9,9,2,0,0,0,0,1,1,6,6,3,-1,-1,2143,2,6,MERCEDES A CLASS,-1,-1,0,-1
2023552301333,2023,552301333,4,9,0,2,2,0,0,0,0,0,0,0,0,0,2,1,6,6,3,-1,-1,1950,2,4,MERCEDES A CLASS,-1,-1,0,-1
2023361370460,2023,361370460,1,9,0,16,19,6,2,0,0,0,0,0,0,0,1,1,5,6,2,17,4,1461,2,8,MERCEDES A CLASS,4,E01026697,0,-1
2023010486795,2023,010486795,1,9,0,18,19,6,2,0,0,6,0,0,0,0,1,1,6,6,1,33,6,1332,1,2,MERCEDES A CLASS,7,E01000326,0,-1
2023430243195,2023,430243195,1,9,0,17,19,8,5,0,0,2,0,0,1,10,4,1,6,6,1,24,5,1332,1,4,MERCEDES A CLASS,4,E01017904,0,-1
2023351365133,2023,351365133,2,9,0,4,4,7,3,0,0,0,0,0,0,0,2,1,1,1,1,33,6,1332,1,2,MERCEDES A CLASS,1,E01016743,0,-1
2023052302453,2023,052302453,2,9,0,18,19,2,6,0,0,1,0,0,0,0,4,1,1,1,1,37,7,1332,8,2,MERCEDES A CLASS,6,E01007037,0,-1
2023501349778,2023,501349778,1,9,0,18,19,3,1,0,0,1,0,0,1,0,1,1,6,6,2,20,4,1598,1,21,MERCEDES A CLASS,5,E01019066,0,-1
2023131348545,2023,131348545,1,9,0,4,4,3,7,0,0,8,0,0,0,0,2,1,5,6,2,52,8,1461,2,9,MERCEDES A CLASS,5,E01011215,0,-1
2023311390403,2023,311390403,1,9,0,3,3,8,3,0,0,1,0,0,0,0,1,1,1,1,1,57,9,1796,2,10,MERCEDES A CLASS,10,E01028384,0,-1
2023201287356,2023,201287356,2,9,0,7,7,-1,-1,0,0,0,0,0,0,0,4,1,6,6,2,28,6,1461,2,6,MERCEDES A CLASS,1,E01009097,0,-1
2023041329750,2023,041329750,2,9,0,9,9,3,5,0,0,8,0,0,0,0,4,1,5,6,1,37,7,1950,2,1,MERCEDES A CLASS,5,E01019318,0,-1
2023201329465,2023,201329465,1,9,0,18,19,4,8,0,0,8,1,0,0,0,1,1,6,6,2,21,5,2143,2,6,MERCEDES A CLASS,7,E01032535,0,-1
2023010445735,2023,010445735,1,9,0,5,5,1,5,0,0,6,0,0,0,0,3,1,6,6,1,26,6,1595,1,9,MERCEDES A CLASS,4,E01032773,0,-1
2023101348729,2023,101348729,2,9,0,4,4,5,1,0,0,0,0,0,0,0,1,1,5,6,2,29,6,1461,2,10,MERCEDES A CLASS,5,E01008795,0,-1
2023010450798,2023,010450798,2,9,0,99,99,9,9,99,99,9,9,99,9,99,9,9,6,6,3,-1,-1,1332,1,3,MERCEDES A CLASS,-1,-1,0,-1
2023461381130,2023,461381130,2,9,0,18,19,5,1,0,0,0,0,0,0,0,2,1,5,6,1,46,8,1595,1,6,MERCEDES A CLASS,6,E01002246,0,-1
2023010444064,2023,010444064,2,9,0,99,99,9,9,99,99,0,9,99,9,99,2,9,6,6,3,-1,-1,1332,1,4,MERCEDES A CLASS,-1,-1,0,-1
2023991327405,2023,991327405,2,9,0,9,9,5,1,0,0,1,0,0,0,0,3,1,6,6,1,40,7,1332,1,3,MERCEDES A CLASS,-1,-1,0,-1
2023991258858,2023,991258858,2,9,0,16,19,1,5,0,0,0,0,0,0,0,4,1,5,6,2,24,5,1461,2,9,MERCEDES A CLASS,4,E01019098,0,-1
2023421362542,2023,421362542,1,9,0,18,19,3,7,0,0,8,0,0,0,0,1,1,6,6,2,24,5,1332,1,3,MERCEDES A CLASS,10,E01023503,0,-1
2023302301344,2023,302301344,2,9,0,18,19,3,7,0,0,1,0,0,0,0,4,1,6,6,1,-1,-1,1461,2,3,MERCEDES A CLASS,10,E01024977,0,-1
2023991318723,2023,991318723,2,9,0,4,4,3,7,0,0,0,0,0,0,0,2,1,5,6,1,46,8,1595,1,6,MERCEDES A CLASS,7,-1,0,-1
2023411363710,2023,411363710,1,9,0,3,3,5,1,0,0,0,0,0,0,0,3,1,5,6,1,-1,-1,1461,2,8,MERCEDES A CLASS,-1,-1,0,-1
2023061276358,2023,061276358,2,9,-1,2,2,-1,-1,0,0,0,0,0,0,0,-1,1,5,6,1,-1,-1,1461,2,4,MERCEDES A CLASS,4,E01006228,0,-1
2023141332135,2023,141332135,1,9,0,7,7,1,4,0,0,6,5,0,0,0,1,1,5,6,2,32,6,1461,2,7,MERCEDES A CLASS,6,E01007560,0,-1
2023461356470,2023,461356470,3,9,0,18,19,5,1,0,0,0,0,0,0,0,1,1,6,6,2,39,7,1461,2,4,MERCEDES A CLASS,7,E01024109,0,-1
2023421318869,2023,421318869,2,9,0,4,4,7,3,0,0,0,0,0,0,0,2,1,6,6,1,59,9,1332,1,3,MERCEDES A CLASS,4,E01015947,0,-1
2023010428534,2023,010428534,1,9,0,99,99,9,9,99,99,9,9,99,9,99,2,9,2,2,2,50,8,2143,2,6,MERCEDES A CLASS,2,E01003731,0,-1
2023061318767,2023,061318767,3,9,0,9,9,5,3,0,0,8,0,0,1,0,4,1,6,6,1,24,5,1461,2,8,MERCEDES A CLASS,1,E01005261,0,-1
2023552301540,2023,552301540,1,9,0,18,19,2,6,0,0,0,0,0,2,11,4,1,6,6,1,17,4,1950,2,4,MERCEDES A CLASS,6,E01015402,0,-1
2023302301834,2023,302301834,1,9,0,7,7,6,8,0,0,2,0,0,0,0,3,1,1,1,2,40,7,1498,1,16,MERCEDES A CLASS,2,E01008014,0,-1
2023471322151,2023,471322151,1,9,0,18,19,6,2,0,0,0,0,0,0,0,3,1,6,6,1,42,7,1461,2,9,MERCEDES A CLASS,6,E01031445,0,-1
2023201330964,2023,201330964,1,9,0,18,19,2,6,0,0,0,0,0,0,0,1,1,6,6,2,54,8,1332,1,3,MERCEDES A CLASS,3,E01008933,0,-1
2023010465179,2023,010465179,2,9,0,99,99,9,9,99,99,0,9,99,9,99,1,1,6,6,3,-1,-1,1332,1,3,MERCEDES A CLASS,-1,-1,0,-1
2023421359190,2023,421359190,1,9,0,4,4,1,5,0,0,1,0,0,0,0,1,1,6,6,1,45,7,1796,2,10,MERCEDES A CLASS,3,E01021858,0,-1
2023010442367,2023,010442367,2,9,0,5,5,0,3,0,0,0,0,0,0,0,1,1,6,6,2,33,6,1461,2,6,MERCEDES A CLASS,2,E01003712,0,-1
2023070707662,2023,070707662,1,9,0,18,19,1,5,9,9,6,0,0,0,0,1,1,6,6,2,-1,-1,1332,8,2,MERCEDES A CLASS,-1,-1,0,-1
2023010432472,2023,010432472,1,9,0,18,19,5,1,0,0,0,0,0,0,0,2,1,6,6,2,42,7,1498,1,12,MERCEDES A CLASS,3,E01001043,0,-1
2023161319560,2023,161319560,1,9,0,9,9,6,4,0,0,3,0,0,0,0,4,1,5,6,2,64,9,1461,2,10,MERCEDES A CLASS,10,E01013043,0,-1
2023302300592,2023,302300592,2,9,0,9,9,8,6,0,0,0,0,0,0,0,4,1,6,6,2,41,7,1595,1,6,MERCEDES A CLASS,7,E01019705,0,-1
2023041359114,2023,041359114,2,9,0,2,2,1,2,9,9,1,0,0,0,0,3,1,6,6,3,-1,-1,1332,1,5,MERCEDES A CLASS,-1,-1,0,-1
2023411279337,2023,411279337,1,9,0,1,1,-1,-1,0,0,8,0,0,0,0,3,1,6,6,2,51,8,1796,2,10,MERCEDES A CLASS,7,E01023662,0,-1
2023131350749,2023,131350749,1,9,0,18,19,3,7,0,0,0,0,0,0,0,1,1,2,2,2,26,6,1332,1,2,MERCEDES A CLASS,6,E01007518,0,-1
2023010482278,2023,010482278,2,9,9,99,99,9,9,99,99,9,9,99,9,99,9,9,6,6,3,-1,-1,1332,1,5,MERCEDES A CLASS,-1,-1,0,-1
2023351383404,2023,351383404,2,9,0,5,5,5,1,0,0,0,0,0,0,0,2,1,5,6,2,36,7,1595,1,10,MERCEDES A CLASS,7,E01033177,0,-1
2023471284685,2023,471284685,1,9,0,18,19,3,7,0,0,1,0,0,0,0,3,1,6,6,2,-1,-1,1991,1,10,MERCEDES A CLASS,-1,-1,0,-1
2023010464630,2023,010464630,1,9,0,99,99,9,9,99,99,9,9,99,9,99,1,9,6,6,2,34,6,1595,1,8,MERCEDES A CLASS,3,E01000185,0,-1
2023010429828,2023,010429828,2,9,0,99,99,9,9,99,99,9,9,99,9,99,2,9,6,6,2,46,8,1498,1,11,MERCEDES A CLASS,4,E01003389,0,-1
2023231352424,2023,231352424,2,9,0,4,4,4,8,0,0,1,0,0,0,0,2,1,6,6,2,32,6,1796,2,10,MERCEDES A CLASS,2,E01031075,0,-1
2023520300557,2023,520300557,1,9,0,18,19,6,2,0,0,0,0,0,0,0,1,1,6,6,1,42,7,1595,1,9,MERCEDES A CLASS,3,E01029233,0,-1
2023161266384,2023,161266384,1,9,0,18,19,1,5,0,0,2,0,0,0,0,4,1,6,6,1,66,10,2143,2,8,MERCEDES A CLASS,7,E01013783,0,-1
2023991275010,2023,991275010,1,9,0,18,19,3,7,0,0,5,0,0,7,11,1,1,5,6,2,18,4,1991,1,10,MERCEDES A CLASS,5,-1,0,-1
2023010469005,2023,010469005,1,9,0,18,19,1,5,0,0,0,0,0,0,0,0,1,6,6,1,22,5,1332,1,5,MERCEDES A CLASS,2,E01021286,0,-1
2023061331386,2023,061331386,2,9,-1,-1,-1,-1,-1,-1,-1,0,-1,-1,-1,0,-1,1,6,6,1,-1,-1,1332,1,4,MERCEDES A CLASS,-1,-1,0,-1
2023010436029,2023,010436029,2,9,0,99,99,9,9,99,99,9,9,99,9,99,9,9,6,6,3,-1,-1,2143,2,6,MERCEDES A CLASS,6,E01004749,0,-1
2023010443026,2023,010443026,2,9,0,99,99,9,9,99,99,9,9,99,9,99,9,9,6,6,3,-1,-1,1498,1,11,MERCEDES A CLASS,-1,-1,0,-1
2023041261201,2023,041261201,2,9,0,4,4,1,5,0,0,1,0,0,0,0,2,1,6,6,1,38,7,1332,1,5,MERCEDES A CLASS,8,E01024948,0,-1
2023010462146,2023,010462146,1,9,0,99,99,9,9,99,99,9,9,99,9,99,9,9,6,6,2,26,6,1332,1,5,MERCEDES A CLASS,2,E01001477,0,-1