collision_index,collision_year,collision_ref_no,vehicle_reference,vehicle_type,towing_and_articulation,vehicle_manoeuvre_historic,vehicle_manoeuvre,vehicle_direction_from,vehicle_direction_to,vehicle_location_restricted_lane_historic,vehicle_location_restricted_lane,junction_location,skidding_and_overturning,hit_object_in_carriageway,vehicle_leaving_carriageway,hit_object_off_carriageway,first_point_of_impact,vehicle_left_hand_drive,journey_purpose_of_driver_historic,journey_purpose_of_driver,sex_of_driver,age_of_driver,age_band_of_driver,engine_capacity_cc,propulsion_code,age_of_vehicle,generic_make_model,driver_imd_decile,lsoa_of_driver,escooter_flag,driver_distance_banding
2023052300131,2023,052300131,1,9,0,18,19,1,5,0,0,0,0,0,0,0,4,1,2,2,2,27,6,1461,2,5,MERCEDES A CLASS,6,E01007099,0,-1
2023211382614,2023,211382614,1,9,0,18,19,1,8,0,0,0,0,0,0,0,2,1,2,2,2,28,6,1332,1,3,MERCEDES A CLASS,3,E01010444,0,-1
2023010434129,2023,010434129,2,9,0,99,99,9,9,99,99,9,9,99,9,99,1,9,6,6,3,-1,-1,2143,2,6,MERCEDES A CLASS,7,E01003903,0,-1
2023411364656,2023,411364656,2,9,0,5,5,3,7,0,0,3,0,0,0,0,3,1,2,2,2,29,6,1461,2,3,MERCEDES A CLASS,5,E01015700,0,-1
2023201277783,2023,201277783,3,9,0,2,2,0,0,0,0,2,0,0,0,0,3,1,6,6,2,-1,-1,1461,2,7,MERCEDES A CLASS,1,E01033650,0,-1
2023461278525,2023,461278525,1,9,0,18,19,1,1,0,0,1,0,0,0,0,4,1,5,6,2,56,9,1461,2,6,MERCEDES A CLASS,1,E01024563,0,-1
2023501304359,2023,501304359,1,9,0,1,1,3,7,0,0,0,0,0,0,0,4,1,5,6,1,76,11,1595,1,6,MERCEDES A CLASS,2,E01015190,0,-1
2023991345686,2023,991345686,1,9,0,11,11,6,2,0,0,3,0,0,0,0,4,1,5,6,1,64,9,1332,1,4,MERCEDES A CLASS,7,-1,0,-1
2023311357823,2023,311357823,2,9,0,6,6,4,8,0,0,1,0,0,0,0,1,1,6,6,1,23,5,1332,1,3,MERCEDES A CLASS,-1,-1,0,-1
2023010441390,2023,010441390,1,9,0,1,1,1,5,0,0,0,0,0,0,0,2,1,6,6,2,26,6,1332,1,5,MERCEDES A CLASS,2,E01003253,0,-1
2023471299670,2023,471299670,1,9,0,5,5,3,7,0,0,0,0,0,0,0,1,2,6,6,1,-1,-1,1699,1,11,MERCEDES A CLASS,9,E01022782,0,-1
2023451266265,2023,451266265,2,9,0,18,19,1,5,0,0,1,0,0,0,0,1,1,6,6,1,19,4,1461,2,6,MERCEDES A CLASS,4,E01030702,0,-1
2023010472720,2023,010472720,1,9,0,10,10,3,1,0,0,6,0,0,0,0,1,1,2,2,2,32,6,1595,1,9,MERCEDES A CLASS,9,E01000762,0,-1
2023010450864,2023,010450864,2,9,0,18,19,5,1,0,0,1,0,0,0,0,1,1,6,6,3,23,5,1332,1,4,MERCEDES A CLASS,-1,-1,0,-1
2023471343360,2023,471343360,1,9,0,18,19,5,1,0,0,0,0,0,0,0,1,1,6,6,1,26,6,1595,1,9,MERCEDES A CLASS,4,E01032773,0,-1
2023221378151,2023,221378151,2,9,0,18,19,8,4,0,0,8,0,0,0,0,1,1,6,6,2,41,7,1461,2,7,MERCEDES A CLASS,10,E01029663,0,-1
2023010420016,2023,010420016,1,9,0,18,19,3,7,0,0,8,0,0,0,0,1,1,6,6,1,31,6,1461,2,5,MERCEDES A CLASS,9,E01000202,0,-1
2023302301813,2023,302301813,1,9,0,13,13,5,1,0,0,1,0,0,0,0,1,1,6,6,3,-1,-1,1461,2,3,MERCEDES A CLASS,5,E01019456,0,-1
2023010422202,2023,010422202,3,9,0,99,99,9,9,99,99,9,9,99,9,99,2,9,6,6,3,-1,-1,1461,2,6,MERCEDES A CLASS,-1,-1,0,-1
2023440070169,2023,440070169,3,9,0,3,3,7,3,0,0,0,0,0,0,0,2,1,6,6,1,38,7,1461,2,5,MERCEDES A CLASS,9,E01030425,0,-1
2023010449356,2023,010449356,2,9,9,99,99,9,9,99,99,9,9,99,9,99,1,9,6,6,3,-1,-1,1461,2,7,MERCEDES A CLASS,5,E01001737,0,-1
2023070711421,2023,070711421,1,9,0,10,10,3,7,0,0,1,0,0,0,0,3,1,6,6,2,35,6,1332,1,5,MERCEDES A CLASS,8,E01018432,0,-1
2023070626410,2023,070626410,1,9,0,18,19,4,8,0,0,8,0,0,7,2,1,1,6,6,1,66,10,1991,1,4,MERCEDES A CLASS,9,E01012374,0,-1
2023010440114,2023,010440114,1,9,0,18,19,1,5,0,0,1,0,0,0,0,1,1,2,2,1,41,7,1332,1,1,MERCEDES A CLASS,2,E01004332,0,-1
2023461387239,2023,461387239,1,9,0,18,19,1,3,0,0,1,0,0,0,0,1,1,6,6,2,26,6,1461,2,7,MERCEDES A CLASS,1,E01003052,0,-1
2023010432743,2023,010432743,1,9,0,99,99,9,9,0,0,8,0,0,0,0,1,1,6,6,2,27,6,1595,1,7,MERCEDES A CLASS,6,E01003386,0,-1
2023201360226,2023,201360226,1,9,0,7,7,2,4,0,0,5,0,0,0,0,3,1,6,6,1,63,9,1332,8,2,MERCEDES A CLASS,7,E01029858,0,-1
2023440277697,2023,440277697,3,9,0,10,10,3,7,0,0,4,0,0,0,0,1,1,2,2,1,47,8,1332,8,0,MERCEDES A CLASS,7,E01017050,0,-1
2023010430746,2023,010430746,2,9,0,2,2,0,0,0,0,0,0,0,0,0,1,1,6,6,3,-1,-1,1332,1,5,MERCEDES A CLASS,-1,-1,0,-1
2023161258838,2023,161258838,2,9,0,9,9,2,8,0,0,6,0,0,0,0,3,1,5,6,1,33,6,1498,1,16,MERCEDES A CLASS,1,E01013159,0,-1
2023991373791,2023,991373791,1,9,0,9,9,5,2,0,0,2,0,0,0,0,3,1,6,6,1,29,6,1332,1,4,MERCEDES A CLASS,-1,-1,0,-1
2023201417431,2023,201417431,1,9,0,18,19,6,2,0,0,2,0,10,1,10,0,1,6,6,1,29,6,1332,1,5,MERCEDES A CLASS,2,E01033623,0,-1
2023421323827,2023,421323827,2,9,0,18,19,6,1,0,0,2,0,0,0,0,4,1,5,6,1,29,6,2143,2,7,MERCEDES A CLASS,3,E01016012,0,-1
2023131310550,2023,131310550,1,9,0,18,19,3,1,0,0,6,0,0,0,0,1,1,2,2,2,33,6,1332,8,1,MERCEDES A CLASS,4,E01010856,0,-1
2023131331144,2023,131331144,2,9,0,8,8,5,1,0,0,1,0,0,0,0,2,1,6,6,2,40,7,1461,2,7,MERCEDES A CLASS,10,E01010954,0,-1
2023991381420,2023,991381420,2,9,0,2,2,0,0,0,0,0,0,0,0,0,3,1,6,6,3,-1,-1,2143,2,5,MERCEDES A CLASS,-1,-1,0,-1
2023991329065,2023,991329065,2,9,0,18,19,6,2,0,0,1,1,0,6,0,1,1,1,1,2,27,6,2143,2,9,MERCEDES A CLASS,9,-1,0,-1
2023311287904,2023,311287904,1,9,0,17,19,5,1,0,0,0,0,0,1,0,1,1,6,6,1,25,5,1461,2,8,MERCEDES A CLASS,7,E01028107,0,-1
2023010480215,2023,010480215,2,9,0,18,19,5,1,0,0,2,0,0,0,0,1,1,6,6,2,48,8,1461,2,8,MERCEDES A CLASS,-1,-1,0,-1
2023430249729,2023,430249729,1,9,0,18,19,2,6,0,0,1,0,0,0,0,3,1,6,6,2,38,7,2143,2,9,MERCEDES A CLASS,1,E01016743,0,-1
2023201338879,2023,201338879,1,9,0,18,19,8,4,0,0,8,0,0,0,0,3,1,6,6,2,-1,-1,1461,2,4,MERCEDES A CLASS,-1,-1,0,-1
2023440286661,2023,440286661,1,9,0,4,4,3,7,0,0,0,0,0,0,0,2,1,6,6,1,33,6,1461,2,4,MERCEDES A CLASS,10,E01022895,0,-1
2023161317238,2023,161317238,1,9,0,18,19,3,7,0,0,0,0,0,0,0,4,1,6,6,3,-1,-1,1461,2,5,MERCEDES A CLASS,-1,-1,0,-1
2023010442098,2023,010442098,1,9,0,99,99,9,9,99,99,0,9,99,9,99,2,9,6,6,2,47,8,1461,2,5,MERCEDES A CLASS,2,E01001136,0,-1
2023010435076,2023,010435076,1,9,0,5,5,3,7,0,0,6,0,0,0,0,1,1,6,6,1,34,6,2143,2,7,MERCEDES A CLASS,5,E01032790,0,-1
2023471262673,2023,471262673,1,9,0,18,19,1,5,0,0,1,0,0,0,0,1,1,5,6,1,72,10,1498,1,12,MERCEDES A CLASS,4,E01016856,0,-1
2023451318308,2023,451318308,2,9,0,18,19,7,3,0,0,1,0,0,0,0,4,1,1,1,1,75,10,1461,2,3,MERCEDES A CLASS,10,E01030319,0,-1
2023010433674,2023,010433674,2,9,0,1,1,7,3,9,9,6,0,0,0,0,2,1,6,6,1,32,6,1461,2,6,MERCEDES A CLASS,7,E01003395,0,-1
2023010442080,2023,010442080,1,9,0,9,9,7,5,0,0,8,0,0,0,0,4,1,2,2,1,21,5,1461,2,6,MERCEDES A CLASS,4,E01015711,0,-1
2023461381130,2023,461381130,1,9,0,18,19,5,1,0,0,0,0,0,0,0,1,1,6,6,1,24,5,2143,2,6,MERCEDES A CLASS,5,E01024304,0,-1
2023010429005,2023,010429005,3,9,0,18,19,7,3,0,0,1,0,0,0,0,2,1,6,6,1,59,9,1332,1,3,MERCEDES A CLASS,3,E01015924,0,-1
2023471279534,2023,471279534,1,9,0,9,9,2,8,0,0,8,0,0,0,0,0,1,6,6,1,37,7,1796,2,10,MERCEDES A CLASS,5,E01031631,0,-1
2023010441871,2023,010441871,1,9,0,14,14,7,3,0,0,2,1,0,0,0,1,1,6,6,1,23,5,1595,1,10,MERCEDES A CLASS,5,E01002913,0,-1
2023361361341,2023,361361341,2,9,0,18,19,1,5,0,0,3,0,0,0,0,3,1,6,6,2,38,7,1332,1,2,MERCEDES A CLASS,8,E01015589,0,-1
2023991357754,2023,991357754,1,9,0,16,19,7,3,0,0,0,0,0,1,0,1,1,5,6,1,39,7,1950,2,0,MERCEDES A CLASS,-1,-1,0,-1
2023311333326,2023,311333326,2,9,0,10,10,5,1,0,0,2,0,0,0,0,4,1,6,6,2,27,6,2143,2,6,MERCEDES A CLASS,10,E01028091,0,-1
2023010453770,2023,010453770,2,9,0,99,99,9,9,0,0,0,0,0,0,0,9,9,6,6,1,27,6,1461,2,7,MERCEDES A CLASS,4,E01003645,0,-1
2023471376379,2023,471376379,2,9,0,2,2,0,0,0,0,0,0,4,0,0,4,1,6,6,3,-1,-1,1461,2,9,MERCEDES A CLASS,-1,-1,0,-1
2023141272159,2023,141272159,1,9,0,11,11,4,8,0,0,0,0,0,0,0,4,1,5,6,2,21,5,1461,2,8,MERCEDES A CLASS,1,E01011992,0,-1
2023540277223,2023,540277223,2,9,0,9,9,1,7,0,0,1,0,0,0,0,3,1,1,1,1,50,8,2143,2,9,MERCEDES A CLASS,7,E01022221,0,-1
2023131342924,2023,131342924,1,9,0,18,19,4,8,0,0,1,0,0,0,0,1,1,5,6,1,26,6,1332,1,3,MERCEDES A CLASS,10,E01011280,0,-1
2023471337981,2023,471337981,2,9,0,18,19,3,7,0,0,0,0,0,0,0,1,1,6,6,2,51,8,1332,1,3,MERCEDES A CLASS,10,E01016982,0,-1
2023461357470,2023,461357470,1,9,0,18,19,3,7,0,0,1,0,0,0,0,1,1,6,6,2,37,7,2143,2,5,MERCEDES A CLASS,9,E01016147,0,-1
2023010436687,2023,010436687,1,9,0,99,99,9,9,99,99,9,9,99,9,99,2,9,6,6,1,31,6,1950,2,2,MERCEDES A CLASS,5,E01031574,0,-1
2023161261188,2023,161261188,1,9,0,18,19,3,7,0,0,8,0,0,0,0,1,1,6,6,2,37,7,1992,2,18,MERCEDES A CLASS,1,E01012876,0,-1
2023411301952,2023,411301952,1,9,-1,-1,-1,3,7,-1,-1,0,-1,-1,-1,0,-1,1,6,6,2,-1,-1,1461,2,8,MERCEDES A CLASS,7,E01016734,0,-1
2023052301699,2023,052301699,2,9,0,10,10,7,1,0,0,6,0,0,0,0,1,1,6,6,2,33,6,1461,2,4,MERCEDES A CLASS,1,E01006630,0,-1
2023010480396,2023,010480396,2,9,0,99,99,9,9,99,99,9,9,99,9,99,9,9,6,6,2,-1,-1,1498,1,12,MERCEDES A CLASS,-1,-1,0,-1
2023411314199,2023,411314199,1,9,0,18,19,6,2,0,0,4,0,0,0,0,1,1,2,2,1,26,6,1595,1,5,MERCEDES A CLASS,9,E01023706,0,-1
2023010441194,2023,010441194,1,9,0,99,99,9,9,99,99,9,9,99,9,99,2,9,6,6,2,37,7,1332,8,0,MERCEDES A CLASS,5,E01000592,0,-1
2023010473381,2023,010473381,2,9,0,99,99,9,9,99,99,0,9,99,9,99,1,1,6,6,2,79,11,1498,1,16,MERCEDES A CLASS,5,E01004046,0,-1
2023451320428,2023,451320428,2,9,0,18,19,5,1,0,0,0,0,0,0,0,2,1,5,6,1,57,9,1796,2,9,MERCEDES A CLASS,6,E01020586,0,-1
2023122400020,2023,122400020,2,9,0,4,4,7,5,0,0,1,0,0,0,0,1,1,6,6,2,24,5,1595,1,5,MERCEDES A CLASS,8,E01027691,0,-1
2023991375273,2023,991375273,2,9,0,5,5,3,8,0,0,1,0,0,0,0,2,1,5,6,1,28,6,1595,1,7,MERCEDES A CLASS,7,-1,0,-1
2023351321475,2023,351321475,1,9,0,7,7,-1,-1,0,0,4,0,0,0,0,1,1,6,6,1,-1,-1,1332,8,0,MERCEDES A CLASS,-1,-1,0,-1
2023440376626,2023,440376626,1,9,0,18,19,6,2,0,0,0,0,0,0,0,1,1,6,6,2,36,7,1950,2,4,MERCEDES A CLASS,1,E01017112,0,-1
2023201278851,2023,201278851,1,9,0,18,19,4,8,0,0,0,0,10,7,10,2,1,6,6,2,40,7,1461,2,3,MERCEDES A CLASS,1,E01012094,0,-1
2023311308288,2023,311308288,1,9,0,5,5,2,6,0,0,1,0,0,0,0,1,1,6,6,1,27,6,1332,8,2,MERCEDES A CLASS,-1,-1,0,-1
2023010454547,2023,010454547,1,9,0,7,7,1,3,0,0,6,0,0,0,0,1,1,6,6,1,29,6,1595,1,8,MERCEDES A CLASS,2,E01003991,0,-1
2023201346300,2023,201346300,1,9,0,5,5,7,3,0,0,6,0,0,0,0,3,1,6,6,2,27,6,2143,2,6,MERCEDES A CLASS,7,E01009931,0,-1
2023010422242,2023,010422242,1,9,0,18,19,7,3,0,0,2,0,0,0,0,2,1,6,6,1,39,7,1498,1,16,MERCEDES A CLASS,7,E01003848,0,-1
2023070043955,2023,070043955,2,9,0,9,9,2,6,0,0,8,1,0,0,0,1,1,6,6,2,26,6,1461,2,9,MERCEDES A CLASS,-1,-1,0,-1
2023451279538,2023,451279538,1,9,0,18,19,7,3,0,0,0,0,0,1,4,1,1,6,6,1,31,6,1461,2,7,MERCEDES A CLASS,5,E01014973,0,-1
2023451283760,2023,451283760,1,9,0,3,3,3,7,0,0,0,0,0,0,0,2,1,1,1,1,36,7,1461,2,7,MERCEDES A CLASS,6,E01033742,0,-1
2023302300762,2023,302300762,1,9,0,13,13,6,2,0,0,0,2,0,0,0,3,1,6,6,1,46,8,2143,2,8,MERCEDES A CLASS,5,E01019883,0,-1
2023302300488,2023,302300488,3,9,0,10,10,5,2,0,0,8,0,0,0,0,0,1,6,6,1,64,9,1332,1,4,MERCEDES A CLASS,6,E01028102,0,-1
2023010457253,2023,010457253,2,9,0,99,99,9,9,99,99,9,9,99,9,99,1,9,6,6,3,-1,-1,1332,1,4,MERCEDES A CLASS,4,E01004572,0,-1
2023201403252,2023,201403252,2,9,0,4,4,4,8,0,0,0,0,0,0,0,2,1,6,6,2,32,6,1333,1,5,MERCEDES A CLASS,1,E01009571,0,-1
2023101369609,2023,101369609,1,9,0,4,4,1,5,0,0,0,0,0,0,0,4,1,6,6,2,31,6,2143,2,5,MERCEDES A CLASS,7,E01008850,0,-1
2023430509101,2023,430509101,1,9,0,18,19,1,5,0,0,0,0,0,0,0,4,1,2,2,1,44,7,1699,1,17,MERCEDES A CLASS,8,E01028539,0,-1
2023010447965,2023,010447965,2,9,0,99,99,9,9,99,99,9,9,99,9,99,1,9,6,6,2,62,9,1461,2,6,MERCEDES A CLASS,4,E01002642,0,-1
2023471289972,2023,471289972,1,9,0,18,19,5,1,0,0,0,0,0,0,0,1,1,6,6,3,-1,-1,1332,1,3,MERCEDES A CLASS,-1,-1,0,-1
2023421379595,2023,421379595,1,9,0,18,19,1,5,0,0,0,0,0,0,0,1,1,5,6,1,36,7,1332,1,2,MERCEDES A CLASS,5,E01021414,0,-1
2023201379089,2023,201379089,1,9,0,18,19,8,4,0,0,0,0,7,0,0,1,1,1,1,1,27,6,1332,1,2,MERCEDES A CLASS,10,E01029628,0,-1
2023421379604,2023,421379604,1,9,0,12,12,6,2,0,0,0,0,0,0,0,2,1,6,6,2,34,6,1461,2,4,MERCEDES A CLASS,5,E01021880,0,-1
2023401312837,2023,401312837,2,9,0,18,19,4,8,0,0,0,1,0,0,0,1,1,5,6,2,29,6,1461,2,4,MERCEDES A CLASS,2,E01015704,0,-1
2023201296592,2023,201296592,1,9,0,18,19,6,2,0,0,0,0,0,0,0,1,1,3,7,1,46,8,1796,2,10,MERCEDES A CLASS,5,E01010354,0,-1
2023401302947,2023,401302947,2,9,0,3,3,-1,-1,0,0,1,0,0,0,0,2,1,5,6,2,31,6,1796,2,10,MERCEDES A CLASS,4,E01017473,0,-1
2023010463151,2023,010463151,2,9,0,99,99,9,9,99,99,9,9,99,9,99,9,9,6,6,3,-1,-1,1461,2,6,MERCEDES A CLASS,-1,-1,0,-1
2023041274749,2023,041274749,3,9,0,18,19,4,8,0,0,0,0,0,0,0,2,1,2,2,2,31,6,1950,2,2,MERCEDES A CLASS,7,E01006330,0,-1
2023430102129,2023,430102129,1,9,0,18,19,3,7,0,0,0,0,0,0,0,2,1,6,6,2,28,6,1332,1,4,MERCEDES A CLASS,9,E01017914,0,-1
2023010450561,2023,010450561,2,9,0,2,2,0,0,0,0,0,0,0,0,0,2,1,6,6,3,-1,-1,1332,1,1,MERCEDES A CLASS,-1,-1,0,-1
2023010486197,2023,010486197,2,9,0,4,4,4,8,0,0,1,0,0,0,0,1,1,6,6,1,28,6,1461,2,5,MERCEDES A CLASS,5,E01003681,0,-1
2023010473898,2023,010473898,2,9,0,7,7,7,1,0,0,6,9,0,0,0,1,9,6,6,3,-1,-1,1332,1,4,MERCEDES A CLASS,-1,-1,0,-1
2023010432840,2023,010432840,2,9,0,99,99,9,9,99,99,9,9,99,9,99,1,9,6,6,3,-1,-1,1461,2,9,MERCEDES A CLASS,2,E01000604,0,-1
2023471379305,2023,471379305,1,9,0,9,9,4,2,0,0,1,0,0,0,0,3,1,2,2,1,44,7,1461,2,10,MERCEDES A CLASS,2,E01020911,0,-1
2023010437271,2023,010437271,1,9,0,18,19,5,1,0,0,6,0,0,0,0,1,1,6,6,2,24,5,1332,1,4,MERCEDES A CLASS,1,E01002094,0,-1
2023201379041,2023,201379041,1,9,0,5,5,8,4,0,0,1,0,0,0,0,1,1,3,7,2,41,7,1498,1,14,MERCEDES A CLASS,2,E01009998,0,-1
2023010432843,2023,010432843,2,9,0,99,99,9,9,99,99,9,9,99,9,99,1,9,6,6,3,-1,-1,1332,8,3,MERCEDES A CLASS,4,E01003913,0,-1
2023332300212,2023,332300212,1,9,0,16,19,2,5,0,0,0,0,0,0,0,3,1,6,6,1,33,6,1332,8,2,MERCEDES A CLASS,5,E01031093,0,-1
2023311296852,2023,311296852,1,9,0,9,9,8,5,0,0,1,0,0,0,0,1,1,1,1,1,30,6,1461,2,7,MERCEDES A CLASS,-1,-1,0,-1
2023311293008,2023,311293008,1,9,0,18,19,2,7,0,0,0,0,0,0,0,1,1,2,2,1,29,6,1461,2,7,MERCEDES A CLASS,4,E01028278,0,-1
2023031267910,2023,031267910,2,9,0,7,7,5,7,0,0,0,0,0,0,0,1,1,1,1,2,46,8,1950,2,2,MERCEDES A CLASS,-1,-1,0,-1
2023070266440,2023,070266440,1,9,0,16,19,7,3,0,0,3,0,0,0,0,1,1,2,2,2,23,5,1332,1,3,MERCEDES A CLASS,10,E01007186,0,-1
2023451334112,2023,451334112,2,9,0,18,19,3,7,0,0,0,0,0,0,0,2,1,1,1,1,45,7,2143,2,5,MERCEDES A CLASS,5,E01024594,0,-1
2023041335415,2023,041335415,1,9,0,9,9,6,2,0,0,2,1,0,0,0,1,1,6,6,1,25,5,1991,1,10,MERCEDES A CLASS,3,E01025223,0,-1
2023461279927,2023,461279927,1,9,0,18,19,5,1,0,0,2,0,10,1,10,1,1,6,6,1,20,4,1461,2,4,MERCEDES A CLASS,-1,-1,0,-1
2023440229973,2023,440229973,3,9,0,18,19,5,1,0,0,0,0,0,0,0,1,1,6,6,1,25,5,1950,2,4,MERCEDES A CLASS,1,E01017103,0,-1
2023411339050,2023,411339050,1,9,0,5,5,2,6,0,0,0,0,0,0,0,1,1,6,6,2,25,5,1332,1,3,MERCEDES A CLASS,7,E01017789,0,-1
2023440243744,2023,440243744,5,9,0,3,3,4,8,0,0,1,0,0,0,0,1,1,6,6,1,23,5,1461,2,6,MERCEDES A CLASS,6,E01022227,0,-1
2023010468616,2023,010468616,1,9,0,5,5,3,7,0,0,8,0,0,0,0,3,1,6,6,2,35,6,1595,1,6,MERCEDES A CLASS,2,E01001205,0,-1
2023161357278,2023,161357278,3,9,0,4,4,4,8,0,0,2,0,0,0,0,2,1,6,6,1,26,6,1461,2,8,MERCEDES A CLASS,1,E01007370,0,-1
2023010450154,2023,010450154,1,9,0,99,99,9,9,99,99,9,9,99,9,99,1,9,6,6,2,44,7,2143,2,8,MERCEDES A CLASS,5,E01002330,0,-1
2023010463301,2023,010463301,2,9,0,99,99,9,9,0,0,9,0,99,9,99,9,9,6,6,3,-1,-1,1332,1,5,MERCEDES A CLASS,-1,-1,0,-1
2023010484918,2023,010484918,2,9,0,99,99,9,9,99,99,9,9,99,9,99,2,9,6,6,3,20,4,1332,1,2,MERCEDES A CLASS,6,E01003107,0,-1
2023010454051,2023,010454051,2,9,0,5,5,6,2,0,0,1,0,0,1,10,1,1,6,6,1,41,7,1332,1,4,MERCEDES A CLASS,9,E01016531,0,-1
2023111378029,2023,111378029,1,9,0,18,19,3,7,0,0,0,2,0,2,4,1,1,5,6,1,81,11,1332,8,0,MERCEDES A CLASS,1,E01012354,0,-1
2023531393252,2023,531393252,1,9,0,9,9,2,8,0,0,8,0,0,0,0,2,1,5,6,1,30,6,1332,1,1,MERCEDES A CLASS,-1,-1,0,-1
2023401354022,2023,401354022,1,9,0,18,19,-1,-1,0,0,0,1,0,0,0,1,1,6,6,2,22,5,1461,2,6,MERCEDES A CLASS,-1,-1,0,-1
2023311262741,2023,311262741,1,9,0,18,19,5,1,9,9,1,1,4,0,0,1,1,5,6,1,24,5,2143,2,6,MERCEDES A CLASS,-1,-1,0,-1
2023041343441,2023,041343441,3,9,0,18,19,7,3,0,0,0,0,0,0,0,2,1,5,6,2,36,7,1461,2,3,MERCEDES A CLASS,8,E01006299,0,-1
2023320552269,2023,320552269,1,9,0,18,19,1,5,0,0,0,0,4,0,0,1,1,6,6,2,32,6,1461,2,7,MERCEDES A CLASS,3,E01026055,0,-1
2023451362732,2023,451362732,1,9,0,18,19,1,5,0,0,1,0,0,0,0,1,1,5,6,2,41,7,1461,2,7,MERCEDES A CLASS,3,E01030711,0,-1
2023451391454,2023,451391454,1,9,0,18,19,7,3,0,0,0,0,0,0,0,1,1,2,2,2,21,5,1595,1,6,MERCEDES A CLASS,8,E01030422,0,-1
2023520301210,2023,520301210,1,9,0,18,19,5,1,0,0,0,0,0,0,0,2,1,6,6,2,52,8,1498,1,13,MERCEDES A CLASS,7,E01029140,0,-1
2023041370145,2023,041370145,2,9,0,5,5,1,5,0,0,0,0,0,0,0,2,1,6,6,2,33,6,1461,2,7,MERCEDES A CLASS,-1,-1,0,-1
2023440175335,2023,440175335,1,9,0,18,19,2,6,0,0,6,0,0,0,0,3,1,6,6,2,46,8,1461,2,6,MERCEDES A CLASS,8,E01022997,0,-1
2023010450181,2023,010450181,1,9,0,99,99,9,9,99,99,9,9,99,9,99,1,9,2,2,2,32,6,1332,1,1,MERCEDES A CLASS,3,E01016490,0,-1
2023052302510,2023,052302510,1,9,0,18,19,3,7,0,0,6,0,0,0,0,1,1,6,6,2,38,7,1461,2,9,MERCEDES A CLASS,1,E01006673,0,-1
2023411344409,2023,411344409,1,9,0,18,19,5,1,0,0,0,1,0,0,0,4,1,6,6,2,22,5,1595,1,6,MERCEDES A CLASS,10,E01023718,0,-1
2023131319616,2023,131319616,1,9,0,18,19,7,3,0,0,0,0,0,0,0,1,1,5,6,1,28,6,1461,2,7,MERCEDES A CLASS,2,E01011251,0,-1
2023221368415,2023,221368415,1,9,0,7,7,6,7,0,0,5,0,0,0,0,4,1,6,6,1,34,6,1950,2,4,MERCEDES A CLASS,2,E01033248,0,-1
2023461317773,2023,461317773,1,9,0,18,19,3,6,0,0,3,0,0,0,0,1,1,6,6,1,55,8,1332,8,3,MERCEDES A CLASS,7,E01016205,0,-1
2023131347718,2023,131347718,1,9,0,7,7,4,0,0,0,0,0,0,0,0,1,1,2,2,2,25,5,1461,2,9,MERCEDES A CLASS,2,E01011282,0,-1
2023010438157,2023,010438157,2,9,9,99,99,9,9,99,99,9,9,99,9,99,9,9,6,6,3,-1,-1,1332,1,4,MERCEDES A CLASS,-1,-1,0,-1
2023440474361,2023,440474361,1,9,0,13,13,2,6,0,0,0,0,0,0,0,0,1,6,6,3,-1,-1,1595,1,9,MERCEDES A CLASS,-1,-1,0,-1
2023531302418,2023,531302418,1,9,0,9,9,8,4,0,0,5,0,0,0,0,1,1,5,6,2,37,7,1461,2,8,MERCEDES A CLASS,7,E01022388,0,-1
2023401344368,2023,401344368,2,9,0,18,19,-1,-1,0,0,7,0,0,0,0,1,1,5,6,1,27,6,1332,1,5,MERCEDES A CLASS,-1,-1,0,-1
2023340WN2052,2023,340WN2052,2,9,0,2,2,7,3,0,0,0,0,0,1,0,2,1,6,6,1,27,6,2143,2,6,MERCEDES A CLASS,2,E01024476,0,-1
2023010455843,2023,010455843,2,9,0,99,99,9,9,99,99,9,9,99,9,99,9,9,6,6,3,-1,-1,1332,1,3,MERCEDES A CLASS,-1,-1,0,-1
2023061313369,2023,061313369,1,9,-1,-1,-1,-1,-1,-1,-1,0,-1,-1,-1,0,-1,1,6,6,3,-1,-1,1461,2,6,MERCEDES A CLASS,-1,-1,0,-1
2023010425935,2023,010425935,1,9,0,6,6,8,8,0,0,2,0,0,0,0,3,1,6,6,1,27,6,1332,1,4,MERCEDES A CLASS,3,E01000641,0,-1
2023991272199,2023,991272199,1,9,0,9,9,5,3,9,9,8,0,0,3,0,1,1,6,6,1,44,7,1950,2,1,MERCEDES A CLASS,6,-1,0,-1
2023041273578,2023,041273578,1,9,0,7,7,7,3,0,0,1,5,2,0,0,1,1,5,6,1,30,6,1461,2,7,MERCEDES A CLASS,5,E01025314,0,-1
2023010454233,2023,010454233,1,9,0,18,19,5,1,0,0,0,0,0,0,0,1,1,6,6,1,28,6,1332,1,4,MERCEDES A CLASS,6,E01000691,0,-1