collision_index,collision_year,collision_ref_no,vehicle_reference,vehicle_type,towing_and_articulation,vehicle_manoeuvre_historic,vehicle_manoeuvre,vehicle_direction_from,vehicle_direction_to,vehicle_location_restricted_lane_historic,vehicle_location_restricted_lane,junction_location,skidding_and_overturning,hit_object_in_carriageway,vehicle_leaving_carriageway,hit_object_off_carriageway,first_point_of_impact,vehicle_left_hand_drive,journey_purpose_of_driver_historic,journey_purpose_of_driver,sex_of_driver,age_of_driver,age_band_of_driver,engine_capacity_cc,propulsion_code,age_of_vehicle,generic_make_model,driver_imd_decile,lsoa_of_driver,escooter_flag,driver_distance_banding
2023031294152,2023,031294152,1,3,0,16,19,2,5,0,0,8,1,10,7,0,4,1,2,2,1,18,4,124,1,1,-1,2,E01019110,0,-1
2023031325889,2023,031325889,2,3,0,18,19,1,1,0,0,1,0,0,0,0,4,1,6,6,1,52,8,124,1,1,-1,2,E01019110,0,-1
2023361342503,2023,361342503,2,3,0,18,19,5,1,0,0,8,0,0,0,0,1,1,2,2,1,22,5,124,1,0,-1,2,E01030289,0,-1
2023071235481,2023,071235481,1,3,0,18,19,1,5,0,0,0,1,11,1,0,1,1,2,2,1,45,7,124,1,0,-1,2,E01018477,0,-1
2023471275371,2023,471275371,3,9,0,18,19,7,3,0,0,1,0,0,0,0,3,1,1,1,1,38,7,1998,8,7,MITSUBISHI OUTLANDER,3,E01001000,0,-1
2023010468019,2023,010468019,2,9,0,9,9,5,3,0,0,5,0,0,0,0,4,1,6,6,3,-1,-1,1998,8,5,MITSUBISHI OUTLANDER,-1,-1,0,-1
2023122300060,2023,122300060,3,9,0,18,19,3,7,0,0,0,0,0,0,0,1,1,3,7,1,52,8,2360,8,2,MITSUBISHI OUTLANDER,8,E01027750,0,-1
2023552300160,2023,552300160,2,9,0,17,19,6,3,0,0,0,1,0,0,0,1,1,3,7,2,43,7,2360,8,4,MITSUBISHI OUTLANDER,6,E01020449,0,-1
2023411398496,2023,411398496,1,9,0,1,1,6,2,0,0,0,0,0,0,0,2,1,1,1,1,41,7,1998,8,5,MITSUBISHI OUTLANDER,9,E01023580,0,-1
2023010434608,2023,010434608,2,9,0,99,99,9,9,99,99,9,9,99,9,99,1,9,6,6,3,-1,-1,1998,1,4,MITSUBISHI OUTLANDER,2,E01033085,0,-1
2023544728323,2023,544728323,1,9,0,13,13,1,5,0,0,0,0,0,0,0,3,1,6,6,1,-1,-1,2268,2,10,MITSUBISHI OUTLANDER,7,E01015583,0,-1
2023461387869,2023,461387869,4,9,0,18,19,8,4,0,0,0,1,1,0,0,3,1,6,6,2,35,6,2268,2,10,MITSUBISHI OUTLANDER,5,E01024191,0,-1
2023010438832,2023,010438832,1,9,0,18,19,3,7,0,0,0,5,4,0,0,3,1,6,6,1,68,10,2360,8,3,MITSUBISHI OUTLANDER,7,E01001901,0,-1
2023141361777,2023,141361777,2,9,0,2,2,7,3,0,0,0,0,0,0,0,1,1,6,6,3,-1,-1,1998,8,7,MITSUBISHI OUTLANDER,-1,-1,0,-1
2023010448358,2023,010448358,1,9,0,99,99,9,9,99,99,0,9,99,9,99,9,9,6,6,1,52,8,1998,8,6,MITSUBISHI OUTLANDER,9,E01003890,0,-1
2023131308584,2023,131308584,2,9,0,5,5,1,5,0,0,0,0,0,0,0,2,1,5,6,1,42,7,2268,2,5,MITSUBISHI OUTLANDER,3,E01011834,0,-1
2023471385694,2023,471385694,1,9,0,3,3,7,3,0,0,4,0,0,0,0,1,1,6,6,1,46,8,1998,8,7,MITSUBISHI OUTLANDER,7,E01021043,0,-1
2023010454844,2023,010454844,4,9,0,17,19,4,8,0,0,4,0,0,0,0,1,1,6,6,2,55,8,1998,8,5,MITSUBISHI OUTLANDER,4,E01004187,0,-1
2023010457456,2023,010457456,3,9,0,2,2,0,0,0,0,0,0,0,0,0,2,1,6,6,3,-1,-1,1998,8,7,MITSUBISHI OUTLANDER,-1,-1,0,-1
2023622300418,2023,622300418,1,9,0,18,19,5,1,0,0,8,0,0,0,0,1,1,6,6,1,29,6,2179,2,11,MITSUBISHI OUTLANDER,2,W01001020,0,-1
2023201413542,2023,201413542,1,9,0,5,5,6,2,0,0,6,0,0,0,0,4,1,6,6,1,50,8,2360,8,4,MITSUBISHI OUTLANDER,2,E01015704,0,-1
2023440046354,2023,440046354,1,9,0,10,10,3,7,0,0,1,0,0,0,0,1,1,6,6,2,34,6,2268,2,11,MITSUBISHI OUTLANDER,6,E01017014,0,-1
2023010456962,2023,010456962,1,9,0,9,9,5,4,0,0,6,0,0,0,0,1,2,6,6,1,63,9,1998,1,3,MITSUBISHI OUTLANDER,3,E01004006,0,-1
2023131381077,2023,131381077,1,9,0,10,10,5,1,0,0,0,0,0,0,0,4,1,6,6,1,46,8,2360,8,3,MITSUBISHI OUTLANDER,1,E01009541,0,-1
2023991290171,2023,991290171,1,9,0,9,9,1,5,0,0,4,0,0,0,0,1,1,5,6,1,70,10,1998,8,9,MITSUBISHI OUTLANDER,-1,-1,0,-1
2023141332336,2023,141332336,2,9,0,2,2,0,0,9,9,0,0,0,0,0,4,1,6,6,3,-1,-1,1998,8,9,MITSUBISHI OUTLANDER,-1,-1,0,-1
2023010430127,2023,010430127,2,8,0,99,99,9,9,99,99,9,9,99,9,99,9,9,6,6,3,-1,-1,1998,8,7,MITSUBISHI OUTLANDER,-1,-1,0,-1
2023070889912,2023,070889912,2,9,0,18,19,5,1,0,0,0,0,0,0,0,3,1,6,6,1,67,10,2360,8,3,MITSUBISHI OUTLANDER,7,E01029618,0,-1
2023522400290,2023,522400290,2,9,0,4,4,3,7,0,0,0,0,0,0,0,1,1,6,6,2,27,6,2268,2,7,MITSUBISHI OUTLANDER,6,E01028771,0,-1
2023010458881,2023,010458881,2,9,0,99,99,9,9,99,99,9,0,99,0,0,9,9,6,6,3,-1,-1,2268,2,9,MITSUBISHI OUTLANDER,-1,-1,0,-1
2023010469829,2023,010469829,1,9,0,18,19,1,5,9,9,0,0,0,7,2,1,1,3,7,1,55,8,2360,8,4,MITSUBISHI OUTLANDER,4,E01002594,0,-1
2023440516654,2023,440516654,1,9,0,9,9,5,3,0,0,6,0,0,0,0,1,1,6,6,2,43,7,1998,8,8,MITSUBISHI OUTLANDER,10,E01022759,0,-1
2023010464940,2023,010464940,1,9,0,5,5,5,1,0,0,5,0,0,0,0,1,1,6,6,1,32,6,1998,8,5,MITSUBISHI OUTLANDER,5,E01002394,0,-1
2023411291768,2023,411291768,1,9,0,9,9,3,1,0,0,8,0,0,0,0,1,1,6,6,1,45,7,2268,2,6,MITSUBISHI OUTLANDER,5,E01023535,0,-1
2023501345977,2023,501345977,2,9,0,18,19,1,5,0,0,0,0,0,0,0,2,1,5,6,1,72,10,2360,8,5,MITSUBISHI OUTLANDER,3,E01016030,0,-1
2023991353270,2023,991353270,1,9,0,18,19,8,4,0,0,1,0,0,0,0,1,1,6,6,1,43,7,1968,2,16,MITSUBISHI OUTLANDER,-1,-1,0,-1
2023031332188,2023,031332188,2,9,0,18,19,6,4,0,0,0,0,0,0,0,3,1,5,6,2,62,9,1998,8,9,MITSUBISHI OUTLANDER,7,E01013490,0,-1
2023991388198,2023,991388198,1,9,0,9,9,7,5,0,0,6,0,0,0,0,1,1,5,6,2,39,7,2268,2,6,MITSUBISHI OUTLANDER,3,-1,0,-1
2023010479569,2023,010479569,1,9,0,7,7,8,2,0,0,6,0,0,0,0,1,1,1,1,1,59,9,1998,8,7,MITSUBISHI OUTLANDER,2,E01000901,0,-1
2023010429221,2023,010429221,1,8,0,5,5,1,5,0,0,4,0,0,0,0,1,1,1,1,1,65,9,1998,8,8,MITSUBISHI OUTLANDER,3,E01003522,0,-1
2023231307907,2023,231307907,2,9,0,18,19,7,2,0,0,0,0,0,0,0,4,1,6,6,2,33,6,1998,8,5,MITSUBISHI OUTLANDER,4,E01027012,0,-1
2023010457856,2023,010457856,1,9,0,4,4,1,5,0,0,1,0,0,0,0,4,2,6,6,1,49,8,1998,8,8,MITSUBISHI OUTLANDER,2,E01003930,0,-1
2023010475417,2023,010475417,2,9,0,18,19,3,7,0,0,8,0,0,0,0,1,1,1,1,1,62,9,2360,8,3,MITSUBISHI OUTLANDER,7,E01015709,0,-1
2023101356536,2023,101356536,1,9,0,4,4,5,7,0,0,1,0,0,0,0,1,1,6,6,1,45,7,2179,2,14,MITSUBISHI OUTLANDER,-1,-1,0,-1
2023101309825,2023,101309825,1,9,0,18,19,6,2,0,0,0,0,0,0,0,1,1,5,6,3,-1,-1,1968,2,15,MITSUBISHI OUTLANDER,-1,-1,0,-1
2023010451999,2023,010451999,2,9,0,9,9,1,6,0,0,6,0,0,0,0,1,1,6,6,2,35,6,1998,8,7,MITSUBISHI OUTLANDER,9,E01030519,0,-1
2023141388988,2023,141388988,2,9,0,13,13,6,2,0,0,1,1,0,1,11,4,1,6,6,1,44,7,2268,2,5,MITSUBISHI OUTLANDER,1,E01007904,0,-1
2023481387699,2023,481387699,1,9,0,2,2,0,0,0,0,1,0,0,0,0,0,1,5,6,1,40,7,1998,8,7,MITSUBISHI OUTLANDER,-1,-1,0,-1
2023430466686,2023,430466686,2,9,0,7,7,4,6,0,0,5,0,0,0,0,4,1,1,1,1,53,8,1998,8,5,MITSUBISHI OUTLANDER,3,E01016511,0,-1
2023070364923,2023,070364923,1,9,0,5,5,8,4,0,0,4,0,0,0,0,1,1,6,6,1,44,7,2179,2,15,MITSUBISHI OUTLANDER,7,E01018372,0,-1
2023544812323,2023,544812323,2,9,0,4,4,5,1,0,0,1,0,0,0,0,2,1,6,6,1,64,9,2268,2,12,MITSUBISHI OUTLANDER,7,E01022215,0,-1
2023010456610,2023,010456610,2,9,0,99,99,9,9,99,99,9,9,99,9,99,9,9,6,6,3,26,6,1998,8,8,MITSUBISHI OUTLANDER,2,E01002830,0,-1
2023010438028,2023,010438028,5,9,0,3,3,3,7,0,0,0,0,0,0,0,2,1,6,6,1,40,7,1998,8,7,MITSUBISHI OUTLANDER,4,E01002267,0,-1
2023131390761,2023,131390761,1,9,0,18,19,3,7,0,0,8,0,0,0,0,1,1,2,2,2,50,8,2268,2,8,MITSUBISHI OUTLANDER,6,E01032499,0,-1
2023461380646,2023,461380646,1,9,0,16,19,7,3,0,0,0,0,0,7,0,3,1,5,6,2,54,8,2360,8,4,MITSUBISHI OUTLANDER,7,E01024789,0,-1
2023010466035,2023,010466035,2,9,0,99,99,9,9,99,99,9,9,99,9,99,1,9,6,6,3,-1,-1,2360,8,3,MITSUBISHI OUTLANDER,-1,-1,0,-1
2023461323996,2023,461323996,2,9,0,15,15,3,2,0,0,8,0,0,0,0,3,1,2,2,2,33,6,1998,8,5,MITSUBISHI OUTLANDER,6,E01024571,0,-1
2023302300673,2023,302300673,1,9,0,4,4,8,4,0,0,1,0,0,0,0,1,1,6,6,1,85,11,1998,8,9,MITSUBISHI OUTLANDER,1,E01019664,0,-1
2023010484800,2023,010484800,2,9,0,8,8,7,1,0,0,1,0,0,0,0,1,1,6,6,3,-1,-1,2268,2,8,MITSUBISHI OUTLANDER,-1,-1,0,-1
2023041392102,2023,041392102,1,9,0,16,19,3,7,0,0,0,0,0,0,0,3,1,5,6,1,60,9,1998,8,9,MITSUBISHI OUTLANDER,8,E01024914,0,-1
2023010484824,2023,010484824,1,8,0,99,99,9,9,99,99,0,9,99,9,99,2,9,1,1,1,55,8,2360,8,4,MITSUBISHI OUTLANDER,2,E01002737,0,-1
2023531279563,2023,531279563,2,9,0,18,19,1,5,0,0,0,0,0,0,0,1,1,5,6,2,35,6,2268,2,13,MITSUBISHI OUTLANDER,6,E01032216,0,-1
2023451292672,2023,451292672,1,9,0,18,19,1,5,0,0,0,0,0,5,0,1,1,5,6,1,49,8,1998,8,8,MITSUBISHI OUTLANDER,9,E01011174,0,-1
2023201296136,2023,201296136,2,9,0,5,5,4,2,0,0,6,0,0,0,0,1,1,6,6,1,30,6,1998,8,9,MITSUBISHI OUTLANDER,4,E01010467,0,-1
2023010434279,2023,010434279,2,9,9,99,99,9,9,99,99,9,9,99,9,99,9,9,6,6,3,-1,-1,1998,8,8,MITSUBISHI OUTLANDER,4,E01003937,0,-1
2023302301565,2023,302301565,2,9,0,18,19,5,1,0,0,0,0,0,0,0,1,1,6,6,3,-1,-1,1998,8,7,MITSUBISHI OUTLANDER,5,E01019456,0,-1
2023010482156,2023,010482156,1,9,0,9,9,5,2,0,0,5,0,0,0,0,1,1,6,6,1,47,8,1998,8,7,MITSUBISHI OUTLANDER,2,E01003768,0,-1
2023010472251,2023,010472251,2,9,0,99,99,9,9,99,99,9,9,99,9,99,2,9,6,6,3,-1,-1,1998,1,5,MITSUBISHI OUTLANDER,-1,-1,0,-1
2023991368830,2023,991368830,2,9,0,2,2,8,4,0,0,0,0,0,0,0,2,1,6,6,3,-1,-1,1998,8,8,MITSUBISHI OUTLANDER,-1,-1,0,-1
2023501284636,2023,501284636,1,9,0,5,5,5,2,0,0,8,0,0,0,0,0,1,6,6,2,33,6,1998,8,8,MITSUBISHI OUTLANDER,4,E01020247,0,-1
2023010439718,2023,010439718,3,9,0,18,19,5,1,0,0,0,0,0,0,0,3,1,1,1,1,44,7,1998,8,8,MITSUBISHI OUTLANDER,3,E01001243,0,-1
2023141374334,2023,141374334,1,9,0,17,19,4,8,0,0,0,0,0,1,7,3,1,5,6,2,63,9,1998,8,7,MITSUBISHI OUTLANDER,-1,-1,0,-1
2023010449948,2023,010449948,2,9,0,9,9,8,5,0,0,8,0,0,0,0,4,1,6,6,2,25,5,1998,1,3,MITSUBISHI OUTLANDER,-1,-1,0,-1
2023471347065,2023,471347065,2,9,0,3,3,6,2,0,0,2,0,0,0,0,2,1,5,6,2,34,6,2268,2,8,MITSUBISHI OUTLANDER,4,E01021017,0,-1
2023010419403,2023,010419403,3,9,0,2,2,0,0,0,0,0,0,0,0,0,1,1,6,6,3,-1,-1,1998,8,7,MITSUBISHI OUTLANDER,-1,-1,0,-1
2023161299544,2023,161299544,1,9,0,18,19,8,4,0,0,8,0,0,0,0,1,1,5,6,1,68,10,1998,8,8,MITSUBISHI OUTLANDER,10,E01013068,0,-1
2023010443290,2023,010443290,2,8,0,99,99,9,9,0,0,0,0,0,0,0,9,9,6,6,3,-1,-1,1998,8,7,MITSUBISHI OUTLANDER,-1,-1,0,-1
2023010457702,2023,010457702,1,9,0,18,19,5,1,0,0,4,0,0,0,0,1,2,1,1,1,54,8,1998,8,5,MITSUBISHI OUTLANDER,2,E01003310,0,-1
2023332300672,2023,332300672,1,9,0,18,19,1,5,0,0,0,0,0,1,4,4,1,6,6,1,70,10,2360,8,4,MITSUBISHI OUTLANDER,5,E01027091,0,-1
2023010484897,2023,010484897,1,8,0,99,99,9,9,99,99,9,9,99,9,99,2,9,6,6,3,-1,-1,1998,8,7,MITSUBISHI OUTLANDER,-1,-1,0,-1
2023201384002,2023,201384002,1,9,0,18,19,4,1,0,0,0,1,10,2,2,1,1,6,6,1,37,7,1998,8,7,MITSUBISHI OUTLANDER,5,E01010022,0,-1
2023451339876,2023,451339876,2,9,0,18,19,5,1,0,0,0,0,0,0,0,2,1,5,6,2,39,7,1998,8,8,MITSUBISHI OUTLANDER,10,E01031640,0,-1
2023010443902,2023,010443902,1,9,0,99,99,9,9,99,99,0,9,99,9,99,2,9,6,6,1,42,7,1998,1,4,MITSUBISHI OUTLANDER,6,E01014952,0,-1
2023201315344,2023,201315344,1,9,0,18,19,5,1,0,0,8,0,0,0,0,1,1,6,6,2,40,7,2268,2,6,MITSUBISHI OUTLANDER,1,E01009272,0,-1
2023340NN4382,2023,340NN4382,3,9,0,18,19,5,1,0,0,1,0,0,0,0,2,1,6,6,1,69,10,1998,8,9,MITSUBISHI OUTLANDER,6,E01027085,0,-1
2023010481133,2023,010481133,1,9,0,18,19,5,1,0,0,8,0,0,0,0,1,1,6,6,1,67,10,2360,8,4,MITSUBISHI OUTLANDER,10,E01030855,0,-1
2023991325016,2023,991325016,2,9,0,18,19,8,5,0,0,0,0,0,0,0,1,1,5,6,2,43,7,1998,1,4,MITSUBISHI OUTLANDER,1,-1,0,-1
2023041329485,2023,041329485,1,9,0,9,9,1,5,0,0,2,0,0,0,0,3,1,6,6,2,61,9,2360,8,5,MITSUBISHI OUTLANDER,5,E01025572,0,-1
2023461371960,2023,461371960,2,9,0,18,19,6,2,0,0,0,0,0,0,0,3,1,5,6,2,44,7,1998,8,7,MITSUBISHI OUTLANDER,9,E01024438,0,-1
2023010423417,2023,010423417,1,8,0,3,3,1,5,0,0,3,0,0,0,0,2,1,1,1,1,58,9,1998,8,6,MITSUBISHI OUTLANDER,3,E01032786,0,-1
2023471346878,2023,471346878,2,9,0,2,2,0,0,0,0,2,0,0,0,0,3,1,6,6,3,-1,-1,2268,2,4,MITSUBISHI OUTLANDER,-1,-1,0,-1
2023141376462,2023,141376462,2,9,0,15,15,5,1,0,0,0,0,0,0,0,3,1,6,6,3,-1,-1,2268,2,7,MITSUBISHI OUTLANDER,-1,-1,0,-1
2023522400551,2023,522400551,2,9,0,4,4,5,1,0,0,0,0,0,0,0,2,1,6,6,1,29,6,1998,1,4,MITSUBISHI OUTLANDER,10,E01033254,0,-1
2023010484129,2023,010484129,2,8,0,99,99,9,9,99,99,9,9,99,9,99,1,9,6,6,1,53,8,1998,8,7,MITSUBISHI OUTLANDER,7,E01015695,0,-1
2023221375039,2023,221375039,1,9,0,18,19,2,6,0,0,8,0,0,0,0,3,1,6,6,1,42,7,2268,2,8,MITSUBISHI OUTLANDER,5,E01032196,0,-1
2023010462508,2023,010462508,5,9,0,2,2,0,0,0,0,0,0,4,0,0,2,1,6,6,3,-1,-1,1998,8,8,MITSUBISHI OUTLANDER,-1,-1,0,-1
2023010444890,2023,010444890,2,9,0,5,5,3,7,0,0,0,0,0,0,0,1,1,6,6,1,37,7,1998,8,7,MITSUBISHI OUTLANDER,5,E01003142,0,-1
2023061358140,2023,061358140,2,9,0,18,19,1,5,0,0,0,0,0,0,0,2,1,6,6,1,76,11,2268,2,10,MITSUBISHI OUTLANDER,10,E01024968,0,-1
2023522301451,2023,522301451,2,9,0,18,19,6,2,0,0,8,0,0,0,0,1,1,6,6,2,25,5,1998,8,8,MITSUBISHI OUTLANDER,9,E01014862,0,-1
2023010467874,2023,010467874,1,8,0,1,1,7,2,6,6,0,0,0,0,0,0,1,1,1,1,39,7,1998,8,6,MITSUBISHI OUTLANDER,1,E01033604,0,-1
2023351394286,2023,351394286,1,9,0,18,19,-1,-1,0,0,1,1,0,8,0,1,1,6,6,2,30,6,2268,2,7,MITSUBISHI OUTLANDER,4,E01018044,0,-1
2023141275176,2023,141275176,1,9,0,18,19,1,5,0,0,0,0,0,0,0,2,1,6,6,1,30,6,2268,2,9,MITSUBISHI OUTLANDER,7,E01007439,0,-1
2023010450815,2023,010450815,2,9,0,18,19,7,3,0,0,5,0,0,0,0,3,1,6,6,1,33,6,2360,8,4,MITSUBISHI OUTLANDER,8,E01001596,0,-1
2023010439460,2023,010439460,1,9,0,18,19,3,7,0,0,0,0,0,0,0,1,1,6,6,1,45,7,2268,2,8,MITSUBISHI OUTLANDER,3,E01033092,0,-1
2023010449920,2023,010449920,2,9,0,9,9,7,5,0,0,8,0,0,7,11,4,1,6,6,1,72,10,1998,8,8,MITSUBISHI OUTLANDER,4,E01003118,0,-1
2023010483247,2023,010483247,1,9,0,1,1,1,5,0,0,1,0,0,0,0,1,1,1,1,1,41,7,1998,8,7,MITSUBISHI OUTLANDER,2,E01001750,0,-1
2023041266599,2023,041266599,1,9,0,1,1,5,1,0,0,1,0,0,0,0,3,1,5,6,2,37,7,1968,2,14,MITSUBISHI OUTLANDER,1,E01025396,0,-1
2023010423597,2023,010423597,1,9,0,18,19,1,5,0,0,1,0,0,0,0,1,1,3,7,2,51,8,1968,2,14,MITSUBISHI OUTLANDER,9,E01002108,0,-1
2023421315912,2023,421315912,2,9,0,18,19,5,1,0,0,1,1,0,0,0,1,1,5,6,2,34,6,1998,8,8,MITSUBISHI OUTLANDER,9,E01022072,0,-1
2023070113124,2023,070113124,2,9,0,3,3,6,2,0,0,1,0,0,0,0,2,1,6,6,1,49,8,2179,2,13,MITSUBISHI OUTLANDER,1,E01012438,0,-1
2023010436211,2023,010436211,2,8,0,99,99,9,9,99,99,9,9,99,9,99,9,9,6,6,3,54,8,1998,8,6,MITSUBISHI OUTLANDER,2,E01003983,0,-1
2023010439511,2023,010439511,2,9,0,99,99,9,9,99,99,9,9,99,9,99,1,9,6,6,3,-1,-1,1998,8,6,MITSUBISHI OUTLANDER,-1,-1,0,-1
2023010465599,2023,010465599,1,9,0,18,19,7,3,0,0,0,0,0,0,0,1,1,3,7,2,38,7,2360,8,5,MITSUBISHI OUTLANDER,3,E01001370,0,-1
2023411394382,2023,411394382,2,9,0,4,4,5,1,0,0,0,0,0,0,0,1,1,6,6,2,33,6,2360,8,5,MITSUBISHI OUTLANDER,9,E01023802,0,-1
2023010431366,2023,010431366,1,9,0,18,19,7,3,0,0,1,0,0,0,0,3,1,6,6,1,60,9,2360,8,5,MITSUBISHI OUTLANDER,1,E01033456,0,-1
2023010461789,2023,010461789,2,9,9,99,99,9,9,99,99,9,9,99,9,99,9,9,6,6,3,-1,-1,1998,8,8,MITSUBISHI OUTLANDER,-1,-1,0,-1
2023552300904,2023,552300904,1,9,0,18,19,2,6,0,0,0,0,0,0,0,1,1,6,6,1,72,10,1998,1,4,MITSUBISHI OUTLANDER,7,E01020465,0,-1
2023010438970,2023,010438970,1,9,0,5,5,1,5,0,0,2,0,4,0,0,1,1,6,6,1,58,9,1998,8,6,MITSUBISHI OUTLANDER,6,E01001619,0,-1
2023010450121,2023,010450121,2,9,0,99,99,9,9,99,99,9,9,99,9,99,1,9,6,6,3,-1,-1,1998,8,8,MITSUBISHI OUTLANDER,2,E01002830,0,-1
2023201277787,2023,201277787,2,9,0,4,4,8,4,0,0,0,0,0,0,0,4,1,6,6,1,52,8,2268,2,13,MITSUBISHI OUTLANDER,1,E01009700,0,-1
2023010484918,2023,010484918,1,9,0,99,99,9,9,99,99,9,9,99,9,99,1,9,6,6,1,59,9,1998,8,8,MITSUBISHI OUTLANDER,3,E01004012,0,-1
2023010433639,2023,010433639,2,9,0,9,9,3,1,0,0,6,0,0,0,0,1,1,6,6,1,43,7,1998,8,5,MITSUBISHI OUTLANDER,1,E01002734,0,-1
2023010437701,2023,010437701,2,8,0,99,99,9,9,99,99,9,9,99,9,99,1,9,6,6,1,27,6,1998,8,8,MITSUBISHI OUTLANDER,2,E01003578,0,-1
2023010486649,2023,010486649,1,9,0,18,19,7,3,0,0,1,0,0,0,0,1,1,6,6,1,25,5,1998,8,6,MITSUBISHI OUTLANDER,3,E01002235,0,-1
2023010456090,2023,010456090,2,9,0,7,7,3,5,0,0,3,0,0,0,0,3,1,3,7,1,50,8,1998,8,7,MITSUBISHI OUTLANDER,-1,-1,0,-1
2023010476979,2023,010476979,1,9,0,2,2,0,0,0,0,1,0,0,0,0,3,1,6,6,3,-1,-1,1998,8,6,MITSUBISHI OUTLANDER,-1,-1,0,-1
2023010466338,2023,010466338,2,9,0,2,2,0,0,5,5,2,0,0,0,0,3,1,6,6,3,-1,-1,1998,8,9,MITSUBISHI OUTLANDER,-1,-1,0,-1
2023010429493,2023,010429493,2,9,0,99,99,9,9,99,99,0,9,99,9,99,1,9,6,6,3,50,8,1998,8,6,MITSUBISHI OUTLANDER,4,E01003621,0,-1
2023311284182,2023,311284182,1,9,0,9,9,8,6,0,0,2,0,0,0,0,3,1,5,6,1,76,11,1998,8,6,MITSUBISHI OUTLANDER,9,E01028332,0,-1
2023010438679,2023,010438679,1,9,0,4,4,5,1,0,0,1,0,0,0,0,2,1,6,6,1,53,8,1998,8,7,MITSUBISHI OUTLANDER,1,E01001957,0,-1
2023440133554,2023,440133554,1,9,0,18,19,2,6,0,0,8,0,0,0,0,1,1,6,6,1,46,8,1998,8,9,MITSUBISHI OUTLANDER,3,E01032851,0,-1
2023201421684,2023,201421684,1,9,0,13,13,1,3,0,0,1,0,0,0,0,1,1,2,2,2,45,7,2360,8,2,MITSUBISHI OUTLANDER,7,E01010027,0,-1
2023520400268,2023,520400268,1,9,0,17,19,2,7,0,0,0,0,0,0,0,3,1,6,6,1,43,7,1998,8,9,MITSUBISHI OUTLANDER,6,E01029027,0,-1
2023010466437,2023,010466437,1,9,0,18,19,3,7,0,0,1,0,4,1,4,1,1,6,6,1,70,10,1998,8,8,MITSUBISHI OUTLANDER,1,E01002036,0,-1
2023501373209,2023,501373209,1,9,0,18,19,5,8,0,0,0,0,0,0,0,1,1,5,6,1,52,8,2258,2,12,MITSUBISHI OUTLANDER,9,E01020125,0,-1
2023471328588,2023,471328588,1,9,0,18,19,4,8,0,0,1,0,0,0,0,4,1,6,6,1,76,11,2360,8,4,MITSUBISHI OUTLANDER,3,E01021185,0,-1
2023010470708,2023,010470708,2,8,0,6,6,5,5,0,0,0,0,0,0,0,4,1,1,1,1,46,8,1998,8,6,MITSUBISHI OUTLANDER,2,E01033591,0,-1
2023610019023,2023,610019023,1,9,0,9,9,7,5,0,0,6,0,0,0,0,1,1,6,6,1,75,10,2268,2,7,MITSUBISHI OUTLANDER,2,W01001352,0,-1
2023010460567,2023,010460567,1,9,0,99,99,9,9,99,99,0,9,99,9,99,1,9,6,6,3,-1,-1,2360,8,5,MITSUBISHI OUTLANDER,-1,-1,0,-1
2023010437445,2023,010437445,1,9,0,6,6,3,3,0,0,8,0,0,0,0,4,1,1,1,1,29,6,2360,8,5,MITSUBISHI OUTLANDER,4,E01001898,0,-1
2023010427380,2023,010427380,2,9,0,99,99,9,9,99,99,9,9,99,9,99,9,9,6,6,3,-1,-1,-1,3,9,MITSUBISHI OUTLANDER,8,E01003765,0,-1
2023010465950,2023,010465950,2,9,0,3,3,3,7,0,0,1,0,0,0,0,1,1,1,1,1,46,8,1998,8,8,MITSUBISHI OUTLANDER,5,E01000036,0,-1
2023070705784,2023,070705784,2,9,0,18,19,5,1,0,0,8,0,0,1,0,3,1,6,6,1,61,9,1998,8,9,MITSUBISHI OUTLANDER,6,E01012475,0,-1
2023010463662,2023,010463662,1,8,0,4,4,8,4,0,0,8,0,0,0,0,2,1,1,1,1,54,8,1998,8,6,MITSUBISHI OUTLANDER,5,E01002221,0,-1
2023991371236,2023,991371236,1,9,0,18,19,2,6,0,0,4,0,0,0,0,1,1,6,6,2,69,10,2360,8,4,MITSUBISHI OUTLANDER,2,-1,0,-1
2023421354729,2023,421354729,2,9,0,18,19,5,1,0,0,0,0,0,0,0,0,1,5,6,2,45,7,2360,8,5,MITSUBISHI OUTLANDER,9,E01022061,0,-1
2023041341491,2023,041341491,1,9,0,18,19,5,1,0,0,1,5,0,0,0,1,1,1,1,2,48,8,1998,8,9,MITSUBISHI OUTLANDER,6,E01025383,0,-1
2023461330109,2023,461330109,3,9,0,3,3,1,5,0,0,0,0,0,0,0,2,1,6,6,3,-1,-1,1998,8,8,MITSUBISHI OUTLANDER,7,E01024737,0,-1
2023451273243,2023,451273243,2,9,0,4,4,7,3,0,0,0,0,0,0,0,1,1,1,1,1,38,7,1998,8,8,MITSUBISHI OUTLANDER,6,E01029084,0,-1
2023010463751,2023,010463751,1,9,0,6,6,7,7,0,0,1,0,0,0,0,1,1,1,1,1,29,6,2360,8,3,MITSUBISHI OUTLANDER,5,E01033573,0,-1
2023421311897,2023,421311897,2,9,0,18,19,6,2,0,0,0,0,0,1,11,2,1,6,6,1,61,9,2268,2,9,MITSUBISHI OUTLANDER,3,E01021842,0,-1