collision_index,collision_year,collision_ref_no,vehicle_reference,vehicle_type,towing_and_articulation,vehicle_manoeuvre_historic,vehicle_manoeuvre,vehicle_direction_from,vehicle_direction_to,vehicle_location_restricted_lane_historic,vehicle_location_restricted_lane,junction_location,skidding_and_overturning,hit_object_in_carriageway,vehicle_leaving_carriageway,hit_object_off_carriageway,first_point_of_impact,vehicle_left_hand_drive,journey_purpose_of_driver_historic,journey_purpose_of_driver,sex_of_driver,age_of_driver,age_band_of_driver,engine_capacity_cc,propulsion_code,age_of_vehicle,generic_make_model,driver_imd_decile,lsoa_of_driver,escooter_flag,driver_distance_banding
2023221354314,2023,221354314,1,9,0,9,9,5,2,0,0,6,0,0,0,0,3,1,5,6,2,57,9,2360,8,5,MITSUBISHI OUTLANDER,4,E01029015,0,-1
2023991266253,2023,991266253,1,9,0,5,5,6,2,0,0,7,0,0,1,0,1,1,5,6,2,31,6,2360,8,5,MITSUBISHI OUTLANDER,9,-1,0,-1
2023991316108,2023,991316108,4,9,0,2,2,0,0,0,0,0,0,0,0,0,4,1,6,6,3,-1,-1,2268,2,6,MITSUBISHI OUTLANDER,-1,-1,0,-1
2023631350198,2023,631350198,1,9,0,13,13,5,1,0,0,0,0,0,1,10,1,1,6,6,1,32,6,1998,8,5,MITSUBISHI OUTLANDER,8,W01000554,0,-1
2023010467882,2023,010467882,1,9,0,9,9,4,1,0,0,1,0,0,7,10,3,1,3,7,2,36,7,2360,8,5,MITSUBISHI OUTLANDER,-1,-1,0,-1
2023141302182,2023,141302182,1,9,0,18,19,5,1,0,0,0,0,0,0,0,2,1,5,6,2,41,7,1998,8,9,MITSUBISHI OUTLANDER,2,E01008089,0,-1
2023311285197,2023,311285197,1,9,0,18,19,8,8,0,0,1,0,0,0,0,1,1,3,7,2,38,7,2268,2,8,MITSUBISHI OUTLANDER,1,E01013810,0,-1
2023010467248,2023,010467248,1,9,0,7,7,3,6,0,0,5,0,0,0,0,1,1,6,6,1,43,7,1998,8,7,MITSUBISHI OUTLANDER,7,E01003396,0,-1
2023010429097,2023,010429097,2,9,9,1,1,9,9,99,99,0,9,99,9,99,2,9,6,6,1,-1,-1,1998,8,6,MITSUBISHI OUTLANDER,2,E01004570,0,-1
2023010422016,2023,010422016,1,9,0,4,4,5,1,0,0,1,0,0,0,0,2,1,6,6,2,54,8,1998,8,7,MITSUBISHI OUTLANDER,1,E01000595,0,-1
2023010476694,2023,010476694,2,9,0,99,99,9,9,99,99,9,9,99,9,99,9,9,6,6,3,-1,-1,1998,8,8,MITSUBISHI OUTLANDER,-1,-1,0,-1
2023440496136,2023,440496136,1,9,0,18,19,2,6,9,9,0,0,0,1,0,4,1,2,2,2,36,7,2268,2,10,MITSUBISHI OUTLANDER,9,E01022583,0,-1
2023522400034,2023,522400034,2,9,0,13,13,5,1,0,0,2,0,0,0,0,1,1,6,6,1,-1,-1,1998,8,7,MITSUBISHI OUTLANDER,-1,-1,0,-1
2023122300114,2023,122300114,1,9,0,16,19,2,5,0,0,0,0,0,0,0,1,1,6,6,2,52,8,1968,2,13,MITSUBISHI OUTLANDER,6,E01027760,0,-1
2023311367975,2023,311367975,2,9,0,5,5,3,1,0,0,3,0,0,0,0,2,1,5,6,2,52,8,2360,8,4,MITSUBISHI OUTLANDER,5,E01019658,0,-1
2023361273781,2023,361273781,2,9,0,4,4,8,1,0,0,8,0,0,7,0,4,1,6,6,2,33,6,2360,8,3,MITSUBISHI OUTLANDER,5,E01030066,0,-1
2023161304206,2023,161304206,2,9,0,7,7,3,5,0,0,8,0,0,0,0,1,1,6,6,2,-1,-1,2268,2,6,MITSUBISHI OUTLANDER,6,E01012953,0,-1
2023010428144,2023,010428144,2,9,0,99,99,9,9,99,99,9,9,99,9,99,2,9,6,6,3,44,7,1998,8,6,MITSUBISHI OUTLANDER,-1,-1,0,-1
2023010457980,2023,010457980,1,9,0,18,19,5,1,0,0,0,5,4,0,0,4,1,6,6,2,38,7,2268,2,7,MITSUBISHI OUTLANDER,2,E01001152,0,-1
2023010424542,2023,010424542,3,9,0,5,5,1,5,0,0,1,0,0,0,0,1,1,6,6,1,58,9,1998,8,8,MITSUBISHI OUTLANDER,8,E01000708,0,-1
2023549988223,2023,549988223,1,9,0,5,5,5,1,0,0,6,0,0,0,0,0,1,2,2,2,60,9,1998,1,4,MITSUBISHI OUTLANDER,8,E01015553,0,-1
2023010477709,2023,010477709,2,9,0,99,99,9,9,99,99,9,9,99,9,99,1,9,6,6,3,-1,-1,1998,8,8,MITSUBISHI OUTLANDER,-1,-1,0,-1
2023101332387,2023,101332387,2,9,0,13,13,5,1,0,0,0,2,6,1,6,3,1,6,6,1,26,6,2268,2,8,MITSUBISHI OUTLANDER,3,E01008857,0,-1
2023430020571,2023,430020571,1,9,0,9,9,8,6,0,0,8,0,0,0,0,4,1,6,6,1,45,7,1998,1,3,MITSUBISHI OUTLANDER,1,E01016744,0,-1
2023131365250,2023,131365250,1,9,0,18,19,5,1,0,0,0,0,0,0,0,4,1,5,6,1,48,8,1998,8,8,MITSUBISHI OUTLANDER,1,E01011348,0,-1
2023131367527,2023,131367527,2,9,0,18,19,1,5,0,0,0,0,0,0,0,2,1,6,6,1,54,8,1968,2,16,MITSUBISHI OUTLANDER,3,E01011718,0,-1
2023010455605,2023,010455605,2,9,9,99,99,9,9,99,99,9,9,99,9,99,9,9,6,6,3,-1,-1,1998,8,8,MITSUBISHI OUTLANDER,-1,-1,0,-1
2023302300115,2023,302300115,2,9,0,2,2,0,0,0,0,0,0,0,0,0,1,1,6,6,3,-1,-1,1968,2,15,MITSUBISHI OUTLANDER,-1,-1,0,-1
2023010423434,2023,010423434,1,9,0,9,9,2,7,0,0,8,0,0,0,0,1,1,2,2,1,46,8,1998,8,8,MITSUBISHI OUTLANDER,7,E01004545,0,-1
2023471344903,2023,471344903,2,9,0,9,9,6,3,0,0,6,0,0,0,0,3,1,2,2,2,55,8,2360,8,3,MITSUBISHI OUTLANDER,9,E01030605,0,-1
2023010436950,2023,010436950,2,9,0,9,9,5,3,0,0,8,0,0,0,0,0,1,6,6,1,56,9,1998,8,7,MITSUBISHI OUTLANDER,8,E01004502,0,-1
2023522300589,2023,522300589,1,9,0,18,19,1,5,0,0,8,0,0,0,0,3,1,6,6,2,36,7,2360,8,2,MITSUBISHI OUTLANDER,2,E01014610,0,-1
2023421273956,2023,421273956,2,9,0,18,19,7,3,0,0,8,0,0,0,0,4,1,6,6,1,53,8,2268,2,8,MITSUBISHI OUTLANDER,6,E01021656,0,-1
2023010458127,2023,010458127,2,9,9,99,99,9,9,99,99,9,9,99,9,99,9,9,6,6,3,-1,-1,2360,8,4,MITSUBISHI OUTLANDER,-1,-1,0,-1
2023201311316,2023,201311316,2,9,0,18,19,6,2,0,0,8,0,0,0,0,4,1,6,6,1,56,9,1998,8,8,MITSUBISHI OUTLANDER,7,E01010034,0,-1
2023010447734,2023,010447734,2,9,0,18,19,5,1,0,0,9,0,99,9,99,9,9,6,6,3,-1,-1,2360,8,4,MITSUBISHI OUTLANDER,-1,-1,0,-1
2023401338272,2023,401338272,5,9,0,2,2,0,0,0,0,1,0,0,0,0,2,1,6,6,3,-1,-1,1998,8,8,MITSUBISHI OUTLANDER,-1,-1,0,-1
2023320496283,2023,320496283,1,9,0,9,9,2,6,0,0,0,0,0,0,0,4,1,6,6,1,70,10,1998,8,7,MITSUBISHI OUTLANDER,7,E01026202,0,-1
2023461297263,2023,461297263,2,9,0,3,3,6,4,0,0,0,0,0,0,0,2,1,6,6,2,45,7,1998,8,5,MITSUBISHI OUTLANDER,8,E01024414,0,-1
2023311294045,2023,311294045,3,9,0,5,5,3,6,0,0,1,0,0,1,11,3,1,6,6,1,72,10,1998,8,9,MITSUBISHI OUTLANDER,7,E01019697,0,-1
2023010466813,2023,010466813,2,9,9,2,2,0,0,99,99,9,9,99,9,99,9,9,6,6,3,-1,-1,1998,8,6,MITSUBISHI OUTLANDER,-1,-1,0,-1
2023451329620,2023,451329620,2,9,0,18,19,8,4,0,0,0,2,10,1,11,1,1,5,6,1,32,6,1968,2,15,MITSUBISHI OUTLANDER,5,E01030724,0,-1
2023010485649,2023,010485649,1,9,0,9,9,7,5,0,0,1,0,0,0,0,4,1,1,1,1,42,7,2360,8,5,MITSUBISHI OUTLANDER,2,E01003991,0,-1
2023010461965,2023,010461965,1,9,0,99,99,9,9,99,99,9,9,99,9,99,9,9,6,6,1,68,10,1998,8,9,MITSUBISHI OUTLANDER,3,E01001638,0,-1
2023221276543,2023,221276543,1,9,0,4,4,2,6,0,0,1,0,0,0,0,2,1,5,6,2,54,8,2378,1,18,MITSUBISHI OUTLANDER,9,E01032261,0,-1
2023010483535,2023,010483535,1,9,0,4,4,5,1,0,0,1,0,0,0,0,2,1,6,6,2,58,9,1998,8,7,MITSUBISHI OUTLANDER,7,E01003853,0,-1
2023010480165,2023,010480165,2,9,0,2,2,0,0,0,0,1,0,4,0,0,2,1,6,6,3,-1,-1,1998,8,7,MITSUBISHI OUTLANDER,-1,-1,0,-1
2023440366320,2023,440366320,1,9,0,4,4,3,7,0,0,0,0,0,0,0,2,1,6,6,1,53,8,2360,1,15,MITSUBISHI OUTLANDER,10,E01022467,0,-1
2023522400034,2023,522400034,3,9,0,13,13,5,1,0,0,2,0,0,0,0,0,1,6,6,3,-1,-1,1998,8,7,MITSUBISHI OUTLANDER,-1,-1,0,-1
2023010476522,2023,010476522,1,9,0,18,19,3,7,0,0,0,0,0,0,0,1,1,6,6,1,41,7,2360,8,4,MITSUBISHI OUTLANDER,2,E01001712,0,-1
2023010442487,2023,010442487,3,9,0,2,2,0,0,0,0,0,0,0,0,0,2,1,6,6,3,-1,-1,1998,8,6,MITSUBISHI OUTLANDER,-1,-1,0,-1
2023010471122,2023,010471122,2,9,0,99,99,9,9,99,99,9,9,99,9,99,1,9,6,6,3,-1,-1,1998,8,7,MITSUBISHI OUTLANDER,-1,-1,0,-1
2023461321014,2023,461321014,1,9,0,12,12,3,1,0,0,8,0,0,0,0,3,1,6,6,1,43,7,1968,2,13,MITSUBISHI OUTLANDER,6,E01024314,0,-1
2023421341141,2023,421341141,1,9,0,9,9,7,5,0,0,8,0,0,0,0,0,1,2,2,2,31,6,1998,8,8,MITSUBISHI OUTLANDER,4,E01016008,0,-1
2023041332210,2023,041332210,1,9,0,17,19,5,2,0,0,1,0,0,0,0,1,1,5,6,2,39,7,2268,2,7,MITSUBISHI OUTLANDER,5,E01025212,0,-1
2023430126518,2023,430126518,2,9,0,18,19,7,3,0,0,8,0,0,0,0,1,1,6,6,2,23,5,1998,8,8,MITSUBISHI OUTLANDER,8,E01028712,0,-1
2023010432953,2023,010432953,1,9,0,1,1,1,5,0,0,1,0,0,0,0,1,1,1,1,1,53,8,1998,8,9,MITSUBISHI OUTLANDER,5,E01001164,0,-1
2023430051058,2023,430051058,2,9,0,18,19,3,7,0,0,1,0,0,0,0,1,1,6,6,1,-1,-1,2179,2,13,MITSUBISHI OUTLANDER,-1,-1,0,-1
2023010458016,2023,010458016,2,9,0,99,99,9,9,99,99,9,9,99,9,99,1,9,6,6,3,41,7,1998,8,5,MITSUBISHI OUTLANDER,9,E01003271,0,-1
2023421351342,2023,421351342,1,9,0,18,19,5,1,0,0,0,0,0,0,0,3,1,5,6,2,42,7,2268,2,8,MITSUBISHI OUTLANDER,2,E01000086,0,-1
2023340WN4672,2023,340WN4672,2,9,0,3,3,7,3,0,0,8,0,0,0,0,2,1,6,6,1,54,8,1998,8,7,MITSUBISHI OUTLANDER,8,E01027141,0,-1
2023461366065,2023,461366065,1,9,0,5,5,7,3,0,0,1,0,0,0,0,0,1,6,6,2,30,6,1998,8,6,MITSUBISHI OUTLANDER,7,E01016167,0,-1
2023010421889,2023,010421889,1,8,0,99,99,9,9,99,99,9,9,99,9,99,2,9,6,6,3,-1,-1,2360,8,4,MITSUBISHI OUTLANDER,-1,-1,0,-1
2023010426985,2023,010426985,1,9,0,4,4,7,3,0,0,0,0,0,0,0,1,1,1,1,1,41,7,2360,8,5,MITSUBISHI OUTLANDER,5,E01001677,0,-1
2023010433637,2023,010433637,2,9,0,18,19,1,5,0,0,0,0,4,0,0,1,1,6,6,1,24,5,1998,1,4,MITSUBISHI OUTLANDER,-1,-1,0,-1
2023161362658,2023,161362658,2,9,0,18,19,7,3,0,0,1,0,0,0,0,3,1,2,2,1,28,6,1998,8,5,MITSUBISHI OUTLANDER,7,E01013295,0,-1
2023010445775,2023,010445775,2,9,0,99,99,9,9,99,99,9,9,99,9,99,1,9,6,6,3,-1,-1,1998,8,6,MITSUBISHI OUTLANDER,-1,-1,0,-1
2023991378271,2023,991378271,1,9,0,18,19,2,6,0,0,0,0,4,7,0,1,1,2,2,1,57,9,1998,8,6,MITSUBISHI OUTLANDER,6,-1,0,-1
2023221295231,2023,221295231,1,9,0,17,19,6,4,0,0,2,0,0,0,0,4,1,6,6,2,33,6,2268,2,9,MITSUBISHI OUTLANDER,2,E01032369,0,-1
2023052300064,2023,052300064,4,9,0,4,4,5,1,0,0,0,0,0,0,0,1,1,2,2,1,31,6,2268,2,7,MITSUBISHI OUTLANDER,1,E01006507,0,-1
2023451362924,2023,451362924,1,9,0,3,3,4,8,0,0,8,0,0,0,0,4,1,6,6,1,45,7,2268,2,10,MITSUBISHI OUTLANDER,9,E01030358,0,-1
2023351388176,2023,351388176,1,9,0,4,4,6,2,0,0,0,0,0,0,0,1,1,2,2,2,55,8,1998,8,8,MITSUBISHI OUTLANDER,2,E01015680,0,-1
2023010439549,2023,010439549,1,9,0,18,19,5,1,0,0,1,0,0,0,0,1,1,6,6,2,58,9,1998,8,9,MITSUBISHI OUTLANDER,3,E01002771,0,-1
2023061373261,2023,061373261,1,9,0,18,19,7,3,0,0,0,0,0,0,0,1,1,6,6,1,47,8,1998,8,8,MITSUBISHI OUTLANDER,4,E01005823,0,-1
2023430414831,2023,430414831,2,9,0,18,19,6,2,0,0,4,0,0,0,0,0,1,6,6,1,-1,-1,2268,2,6,MITSUBISHI OUTLANDER,-1,-1,0,-1
2023421338297,2023,421338297,2,9,0,17,19,1,6,0,0,0,5,0,1,0,1,1,2,2,1,36,7,1998,1,3,MITSUBISHI OUTLANDER,5,E01021880,0,-1
2023221328286,2023,221328286,2,9,0,18,19,6,2,0,0,1,0,0,0,0,3,1,5,6,1,74,10,2268,2,10,MITSUBISHI OUTLANDER,4,E01029002,0,-1
2023010430172,2023,010430172,1,9,0,18,19,1,5,0,0,8,0,0,0,0,3,1,1,1,1,41,7,1998,8,8,MITSUBISHI OUTLANDER,6,E01004529,0,-1
2023010438875,2023,010438875,2,9,0,4,4,5,1,0,0,1,0,0,0,0,1,1,6,6,1,22,5,1998,8,9,MITSUBISHI OUTLANDER,5,E01001301,0,-1
2023622300668,2023,622300668,1,9,0,18,19,1,4,0,0,3,2,7,0,0,1,1,6,6,2,43,7,1998,1,3,MITSUBISHI OUTLANDER,3,W01001231,0,-1
2023010483257,2023,010483257,2,9,0,18,19,3,7,0,0,8,0,0,0,0,1,1,6,6,1,33,6,1998,8,5,MITSUBISHI OUTLANDER,5,E01003742,0,-1
2023421361015,2023,421361015,1,9,0,5,5,5,7,0,0,8,0,0,0,0,3,1,6,6,2,44,7,2360,8,3,MITSUBISHI OUTLANDER,9,E01021949,0,-1
2023071235498,2023,071235498,1,9,0,18,19,5,1,0,0,0,0,0,0,0,1,1,6,6,1,68,10,2360,1,14,MITSUBISHI OUTLANDER,2,E01018314,0,-1
2023010460054,2023,010460054,1,9,0,7,7,5,8,0,0,6,0,0,0,0,0,1,1,1,1,54,8,1998,8,7,MITSUBISHI OUTLANDER,7,E01003475,0,-1
2023010479800,2023,010479800,3,9,0,4,4,7,3,0,0,0,0,0,0,0,2,1,6,6,1,40,7,1998,8,6,MITSUBISHI OUTLANDER,6,E01002335,0,-1
2023010438325,2023,010438325,1,8,0,18,19,5,1,0,0,0,0,0,0,0,2,2,1,1,1,69,10,1998,8,7,MITSUBISHI OUTLANDER,-1,-1,0,-1
2023010437776,2023,010437776,2,9,9,18,19,5,1,0,0,1,9,0,0,0,9,1,6,6,1,45,7,1998,8,7,MITSUBISHI OUTLANDER,7,E01024764,0,-1
2023010420556,2023,010420556,2,9,0,99,99,9,9,99,99,9,9,99,9,99,9,9,6,6,3,41,7,1998,8,7,MITSUBISHI OUTLANDER,1,E01004311,0,-1
202363D002123,2023,63D002123,2,9,0,4,4,6,2,0,0,0,0,0,0,0,2,1,1,1,1,44,7,1998,8,9,MITSUBISHI OUTLANDER,5,E01028928,0,-1
2023010442333,2023,010442333,2,9,9,18,19,5,1,0,0,2,9,99,9,99,9,9,6,6,3,-1,-1,1998,8,7,MITSUBISHI OUTLANDER,-1,-1,0,-1
2023010473169,2023,010473169,2,9,0,9,9,4,1,0,0,5,0,0,0,0,3,1,6,6,2,55,8,1998,8,8,MITSUBISHI OUTLANDER,3,E01001501,0,-1
2023010444217,2023,010444217,1,9,0,5,5,8,4,0,0,4,0,0,0,0,1,1,6,6,1,45,7,1998,8,5,MITSUBISHI OUTLANDER,3,E01003605,0,-1
2023546047823,2023,546047823,1,9,0,18,19,3,7,0,0,1,0,0,0,0,1,1,6,6,1,30,6,1968,2,15,MITSUBISHI OUTLANDER,8,E01031900,0,-1
2023010435898,2023,010435898,2,9,0,99,99,9,9,99,99,9,9,99,9,99,9,9,6,6,3,-1,-1,2360,8,2,MITSUBISHI OUTLANDER,-1,-1,0,-1
2023131306992,2023,131306992,2,9,0,1,1,0,5,0,0,0,0,0,0,0,3,1,2,2,1,45,7,2360,8,4,MITSUBISHI OUTLANDER,4,E01010675,0,-1
2023311367012,2023,311367012,1,9,0,5,5,5,7,0,0,8,0,0,0,0,1,1,6,6,2,48,8,1998,8,7,MITSUBISHI OUTLANDER,5,E01028189,0,-1
2023461390680,2023,461390680,2,9,0,18,19,3,7,0,0,0,0,0,0,0,4,1,6,6,1,-1,-1,1998,8,7,MITSUBISHI OUTLANDER,1,E01016019,0,-1
2023010467974,2023,010467974,1,9,9,99,99,9,9,99,99,0,9,99,9,99,9,9,2,2,2,37,7,1998,8,7,MITSUBISHI OUTLANDER,2,E01000431,0,-1
2023010470596,2023,010470596,2,9,0,99,99,9,9,99,99,9,9,99,9,99,9,9,6,6,3,-1,-1,1998,8,7,MITSUBISHI OUTLANDER,2,E01000901,0,-1
2023440340998,2023,440340998,1,9,0,18,19,8,4,0,0,6,0,0,0,0,1,1,6,6,2,32,6,2268,2,10,MITSUBISHI OUTLANDER,7,E01032881,0,-1
2023371334046,2023,371334046,1,9,-1,-1,-1,5,6,-1,-1,-1,-1,-1,-1,-1,-1,1,2,2,1,45,7,1998,8,9,MITSUBISHI OUTLANDER,8,E01021671,0,-1
2023010475962,2023,010475962,2,9,0,18,19,3,7,0,0,0,0,0,0,0,1,1,6,6,3,-1,-1,1998,8,7,MITSUBISHI OUTLANDER,-1,-1,0,-1
2023010437788,2023,010437788,1,9,0,18,19,3,7,0,0,8,0,0,0,0,1,1,6,6,1,48,8,1968,2,14,MITSUBISHI OUTLANDER,7,E01003451,0,-1
2023531369051,2023,531369051,1,9,0,4,4,1,5,0,0,0,0,0,1,0,1,1,5,6,2,71,10,2268,2,6,MITSUBISHI OUTLANDER,-1,-1,0,-1
2023520400806,2023,520400806,2,9,0,18,19,1,5,0,0,0,0,0,0,0,1,1,6,6,2,74,10,1998,8,5,MITSUBISHI OUTLANDER,8,E01029148,0,-1
2023010485249,2023,010485249,2,9,0,2,2,0,0,0,0,2,0,0,0,0,2,1,6,6,3,-1,-1,2268,2,7,MITSUBISHI OUTLANDER,-1,-1,0,-1
2023411326499,2023,411326499,1,9,0,18,19,5,3,0,0,8,0,0,0,0,1,1,6,6,1,30,6,1998,8,8,MITSUBISHI OUTLANDER,3,E01023865,0,-1
2023161294908,2023,161294908,2,9,0,2,2,0,0,0,0,0,0,0,0,0,1,1,6,6,3,-1,-1,2179,2,16,MITSUBISHI OUTLANDER,-1,-1,0,-1
2023471276144,2023,471276144,2,9,0,18,19,3,7,0,0,8,1,0,7,1,1,1,5,6,2,50,8,2360,8,5,MITSUBISHI OUTLANDER,8,E01000749,0,-1
2023010486557,2023,010486557,1,8,0,99,99,9,9,99,99,9,9,99,9,99,1,9,6,6,3,-1,-1,1998,8,5,MITSUBISHI OUTLANDER,2,E01001432,0,-1
2023411340095,2023,411340095,3,9,0,18,19,8,4,0,0,0,0,0,0,0,0,1,6,6,2,40,7,1998,8,8,MITSUBISHI OUTLANDER,6,E01023927,0,-1
2023010459301,2023,010459301,2,9,0,4,4,1,5,0,0,0,0,0,0,0,1,1,1,1,2,29,6,1998,8,6,MITSUBISHI OUTLANDER,5,E01002626,0,-1
2023070804289,2023,070804289,1,9,0,9,9,1,5,0,0,1,0,0,0,0,1,1,6,6,1,-1,-1,2360,8,4,MITSUBISHI OUTLANDER,8,E01012499,0,-1
2023010478831,2023,010478831,2,9,0,9,9,7,5,0,0,1,0,7,0,0,0,1,2,2,1,41,7,1998,8,5,MITSUBISHI OUTLANDER,3,E01002100,0,-1
2023010438138,2023,010438138,2,9,0,18,19,7,3,0,0,1,0,0,0,0,0,1,1,1,1,29,6,2360,8,5,MITSUBISHI OUTLANDER,2,E01001830,0,-1
2023010438945,2023,010438945,1,9,0,4,4,1,5,0,0,0,0,0,0,0,0,1,6,6,1,36,7,1998,8,8,MITSUBISHI OUTLANDER,-1,-1,0,-1
2023430474464,2023,430474464,2,9,0,9,9,6,4,0,0,8,0,0,0,0,4,1,6,6,2,34,6,2268,2,10,MITSUBISHI OUTLANDER,10,E01028457,0,-1
2023010477614,2023,010477614,1,9,0,5,5,5,1,0,0,1,0,4,0,0,1,1,6,6,2,49,8,1998,8,7,MITSUBISHI OUTLANDER,4,E01000625,0,-1
2023501278722,2023,501278722,1,9,0,18,19,8,4,0,0,0,0,0,0,0,1,1,6,6,2,31,6,1998,8,6,MITSUBISHI OUTLANDER,6,E01019917,0,-1
2023010479634,2023,010479634,3,9,0,3,3,3,7,0,0,2,0,0,0,0,3,1,6,6,1,33,6,1998,8,7,MITSUBISHI OUTLANDER,1,E01004304,0,-1
2023010421576,2023,010421576,1,9,9,18,19,5,1,99,99,9,9,99,9,99,1,9,6,6,1,37,7,1998,8,7,MITSUBISHI OUTLANDER,1,E01001507,0,-1
2023010426841,2023,010426841,2,9,0,17,19,8,4,0,0,0,0,0,0,0,1,1,6,6,3,23,5,1998,1,4,MITSUBISHI OUTLANDER,-1,-1,0,-1
2023991359318,2023,991359318,1,9,0,17,19,2,6,0,0,0,0,0,0,0,1,2,5,6,1,56,9,1998,8,7,MITSUBISHI OUTLANDER,6,E01003469,0,-1
2023010463410,2023,010463410,1,9,0,9,9,8,5,0,0,8,0,0,0,0,1,1,6,6,2,70,10,1998,8,5,MITSUBISHI OUTLANDER,4,E01001247,0,-1
2023010471459,2023,010471459,2,9,0,9,9,1,6,0,0,6,5,4,0,0,1,1,1,1,1,53,8,1998,8,5,MITSUBISHI OUTLANDER,6,E01001948,0,-1
2023122300503,2023,122300503,1,9,0,18,19,8,4,0,0,0,0,0,0,0,4,1,6,6,1,79,11,2268,2,7,MITSUBISHI OUTLANDER,10,-1,0,-1
2023010433217,2023,010433217,1,9,0,99,99,9,9,99,99,9,9,99,9,99,9,9,1,1,1,48,8,1998,8,7,MITSUBISHI OUTLANDER,4,E01003608,0,-1
2023041259362,2023,041259362,2,9,0,18,19,7,3,0,0,0,0,0,0,0,1,1,2,2,1,62,9,1998,1,4,MITSUBISHI OUTLANDER,7,E01025361,0,-1
2023471345998,2023,471345998,1,9,0,16,19,3,7,0,0,0,0,0,1,0,1,1,5,6,1,47,8,1998,8,6,MITSUBISHI OUTLANDER,8,E01000659,0,-1
2023320496585,2023,320496585,1,9,0,18,19,8,4,0,0,0,0,0,0,0,1,1,2,2,1,25,5,1968,2,16,MITSUBISHI OUTLANDER,6,E01026031,0,-1
2023471350667,2023,471350667,2,9,0,9,9,3,1,0,0,1,0,0,0,0,1,1,5,6,2,51,8,1998,8,8,MITSUBISHI OUTLANDER,6,E01031692,0,-1
2023010435990,2023,010435990,2,9,0,18,19,3,7,0,0,8,0,0,0,0,1,1,6,6,1,51,8,1998,8,8,MITSUBISHI OUTLANDER,2,E01003253,0,-1
2023141306468,2023,141306468,1,3,0,18,19,4,1,0,0,3,2,0,0,0,0,1,6,6,2,28,6,124,1,11,-1,4,E01007699,0,-1
2023371375745,2023,371375745,1,2,0,18,19,1,5,0,0,1,0,0,0,0,1,1,5,6,1,16,4,49,1,11,-1,6,E01030135,0,-1
2023520400564,2023,520400564,2,3,0,18,19,4,8,0,0,8,0,0,0,0,4,1,6,6,1,17,4,124,1,11,-1,5,E01029215,0,-1
2023461302762,2023,461302762,2,3,0,18,19,3,7,0,0,0,1,0,0,0,0,1,6,6,1,-1,-1,-1,-1,-1,-1,3,E01024696,0,-1
2023501345436,2023,501345436,2,17,0,9,9,7,3,0,0,1,0,0,0,0,4,1,1,1,1,68,10,6800,2,17,-1,5,E01018864,0,-1
2023031314757,2023,031314757,1,4,0,18,19,5,1,0,0,0,0,0,0,0,1,1,6,6,1,62,9,349,1,64,-1,-1,-1,0,-1
2023471359090,2023,471359090,1,2,0,17,19,5,3,0,0,8,0,0,0,0,4,1,1,1,1,52,8,49,1,11,-1,4,E01016948,0,-1
2023221347246,2023,221347246,2,5,0,18,19,3,7,0,0,8,0,0,0,0,1,1,5,6,1,68,10,997,1,87,-1,7,E01014029,0,-1
2023471308488,2023,471308488,2,3,0,18,19,6,2,0,0,1,0,0,0,0,1,1,6,6,2,31,6,125,1,9,-1,8,E01031543,0,-1
2023070319509,2023,070319509,2,4,0,18,19,5,1,0,0,8,0,0,0,0,4,1,6,6,1,60,9,1690,1,-1,-1,-1,-1,0,-1
2023010476245,2023,010476245,1,11,0,18,19,5,1,0,0,1,0,0,0,0,0,1,1,1,1,65,9,6692,2,13,-1,8,E01001106,0,-1
2023311299965,2023,311299965,1,3,0,18,19,3,7,0,0,0,0,0,0,0,1,1,5,6,1,54,8,124,1,11,-1,8,E01028348,0,-1
2023161364328,2023,161364328,1,5,0,18,19,7,3,0,0,0,0,0,0,0,3,1,6,6,1,59,9,1202,1,-1,-1,6,E01012882,0,-1
2023991352428,2023,991352428,1,4,0,18,19,6,2,0,0,0,0,0,0,0,0,1,5,6,1,56,9,150,1,44,-1,6,-1,0,-1
2023010453359,2023,010453359,1,11,0,5,5,1,5,0,0,7,0,0,0,0,3,1,6,6,1,58,9,6692,2,13,-1,3,E01001188,0,-1
2023302300443,2023,302300443,2,3,0,14,14,8,4,0,0,1,0,0,0,0,1,1,2,2,1,60,9,125,1,9,-1,4,E01013548,0,-1
2023421366042,2023,421366042,2,5,0,18,19,5,1,0,0,8,0,0,0,0,3,1,5,6,1,55,8,1074,1,6,-1,5,E01002352,0,-1
2023430505948,2023,430505948,2,5,0,18,19,6,2,0,0,8,0,0,0,0,4,1,6,6,1,68,10,600,1,72,-1,9,E01015547,0,-1
2023440220853,2023,440220853,2,5,0,18,19,6,2,0,0,8,0,0,0,0,0,1,6,6,1,70,10,904,1,28,-1,10,E01023021,0,-1
2023351354907,2023,351354907,2,5,0,3,3,3,7,0,0,0,0,0,0,0,2,1,6,6,1,39,7,1130,1,22,-1,6,E01033317,0,-1
2023221346214,2023,221346214,2,3,0,18,19,4,8,0,0,8,0,0,0,0,1,1,5,6,1,69,10,125,1,75,-1,9,E01032451,0,-1