collision_index,collision_year,collision_ref_no,vehicle_reference,vehicle_type,towing_and_articulation,vehicle_manoeuvre_historic,vehicle_manoeuvre,vehicle_direction_from,vehicle_direction_to,vehicle_location_restricted_lane_historic,vehicle_location_restricted_lane,junction_location,skidding_and_overturning,hit_object_in_carriageway,vehicle_leaving_carriageway,hit_object_off_carriageway,first_point_of_impact,vehicle_left_hand_drive,journey_purpose_of_driver_historic,journey_purpose_of_driver,sex_of_driver,age_of_driver,age_band_of_driver,engine_capacity_cc,propulsion_code,age_of_vehicle,generic_make_model,driver_imd_decile,lsoa_of_driver,escooter_flag,driver_distance_banding
2023010435530,2023,010435530,1,2,0,18,19,3,7,0,0,2,0,0,0,0,4,1,1,1,1,37,7,124,1,14,PIAGGIO VESPA,-1,-1,0,-1
2023141359134,2023,141359134,2,4,0,18,19,3,6,0,0,8,0,0,0,0,1,1,5,6,1,61,9,278,1,10,PIAGGIO VESPA,3,E01032550,0,-1
2023451264326,2023,451264326,1,3,0,18,19,7,3,0,0,0,1,0,0,0,0,1,1,1,1,26,6,124,1,14,PIAGGIO VESPA,6,E01030681,0,-1
2023451312108,2023,451312108,1,4,0,18,19,1,5,0,0,2,0,0,0,0,1,1,5,6,1,61,9,1215,1,8,-1,10,E01030486,0,-1
2023302301224,2023,302301224,2,5,0,3,3,6,2,0,0,0,0,0,0,0,2,1,6,6,1,47,8,1215,1,9,-1,8,E01033170,0,-1
2023361388080,2023,361388080,2,9,0,18,19,3,7,0,0,0,0,0,0,0,1,1,1,1,1,45,7,3059,2,29,-1,4,E01026602,0,-1
2023401347157,2023,401347157,1,3,0,18,19,6,2,0,0,0,0,0,0,0,0,1,6,6,1,17,4,124,1,0,YAMAHA MT,7,E01017516,0,-1
2023131313492,2023,131313492,1,3,0,-1,-1,-1,-1,-1,-1,0,-1,-1,-1,-1,-1,1,2,2,1,36,7,124,1,7,YAMAHA MT,4,E01011009,0,-1
2023010472451,2023,010472451,1,5,0,99,99,9,9,99,99,9,9,99,9,99,9,1,6,6,1,37,7,847,1,8,YAMAHA MT,4,E01004414,0,-1
202360A129107,2023,60A129107,1,3,0,18,19,7,3,0,0,0,0,10,0,0,1,1,6,6,2,26,6,124,1,8,YAMAHA MT,-1,-1,0,-1
2023401311449,2023,401311449,1,3,0,13,13,3,7,0,0,1,0,0,7,11,1,1,6,6,2,20,4,124,1,7,YAMAHA MT,3,E01017484,0,-1
2023170S11593,2023,170S11593,2,3,0,13,13,7,3,0,0,8,0,0,0,0,1,1,6,6,1,18,4,124,1,8,YAMAHA MT,1,E01012195,0,-1
2023991363554,2023,991363554,2,3,0,18,19,6,2,0,0,8,0,0,1,0,1,1,6,6,1,22,5,124,1,3,YAMAHA MT,1,-1,0,-1
2023010484002,2023,010484002,2,3,0,14,14,1,5,0,0,0,0,0,0,0,1,1,6,6,1,34,6,124,1,4,YAMAHA MT,7,E01021813,0,-1
2023421309375,2023,421309375,1,5,0,15,15,7,3,0,0,1,0,0,0,0,3,1,6,6,1,36,7,890,1,2,YAMAHA MT,9,E01015995,0,-1
2023010424157,2023,010424157,2,4,0,13,13,4,8,0,0,2,0,0,0,0,0,1,6,6,1,29,6,847,1,4,YAMAHA MT,10,E01023092,0,-1
2023461263077,2023,461263077,1,4,0,18,19,5,1,0,0,0,0,0,0,0,1,1,6,6,1,-1,-1,847,1,8,YAMAHA MT,7,E01024060,0,-1
2023421324112,2023,421324112,1,3,0,18,19,8,4,0,0,8,0,0,1,0,1,1,2,2,1,22,5,124,1,2,YAMAHA MT,5,E01022008,0,-1
2023440067989,2023,440067989,1,5,0,3,3,8,4,0,0,4,0,0,0,0,2,1,6,6,1,53,8,890,1,1,YAMAHA MT,9,E01022560,0,-1
2023361358731,2023,361358731,1,4,0,18,19,5,1,0,0,0,1,0,0,0,0,1,2,2,1,25,5,124,1,5,YAMAHA MT,4,E01026736,0,-1
2023211383617,2023,211383617,2,5,0,5,5,4,4,4,4,3,0,0,5,0,4,1,6,6,1,33,6,847,1,8,YAMAHA MT,4,E01014353,0,-1
2023010456684,2023,010456684,1,3,0,99,99,9,9,99,99,9,9,99,9,99,2,1,6,6,2,26,6,124,1,7,YAMAHA MT,2,E01003248,0,-1
2023061401109,2023,061401109,2,4,0,3,3,1,5,0,0,1,2,0,0,0,2,1,6,6,1,43,7,124,1,0,YAMAHA MT,1,E01006105,0,-1
2023041298126,2023,041298126,1,5,0,18,19,5,1,0,0,0,5,0,4,0,1,1,5,6,1,21,5,689,1,2,YAMAHA MT,5,E01025053,0,-1
2023340NN3942,2023,340NN3942,1,5,0,5,5,4,1,0,0,8,5,0,0,0,3,1,6,6,1,16,4,847,1,5,YAMAHA MT,2,E01026966,0,-1
2023131341243,2023,131341243,1,5,0,13,13,6,2,0,0,0,2,0,7,9,1,1,6,6,1,25,5,689,1,7,YAMAHA MT,10,E01010936,0,-1
2023010421607,2023,010421607,2,5,0,18,19,1,5,0,0,8,2,0,0,0,1,1,6,6,1,24,5,847,1,9,YAMAHA MT,4,E01001518,0,-1
2023010448017,2023,010448017,2,5,0,99,99,9,9,99,99,1,9,99,9,99,1,9,6,6,3,-1,-1,689,1,4,YAMAHA MT,10,E01016229,0,-1
2023010425200,2023,010425200,1,3,0,18,19,5,1,0,0,8,2,0,0,0,1,1,6,6,1,27,6,124,1,1,YAMAHA MT,3,E01002598,0,-1
2023480420387,2023,480420387,1,3,0,13,13,1,5,0,0,2,0,0,0,0,3,1,6,6,1,26,6,124,1,6,YAMAHA MT,3,E01001589,0,-1
2023302300058,2023,302300058,2,5,0,18,19,2,6,0,0,8,0,0,0,0,4,1,2,2,1,48,8,998,1,5,YAMAHA MT,2,E01019542,0,-1
2023141381009,2023,141381009,1,3,0,18,19,7,3,0,0,8,0,0,1,0,3,1,5,6,1,24,5,124,1,6,YAMAHA MT,7,E01008039,0,-1
2023161277244,2023,161277244,2,3,0,18,19,7,3,0,0,8,0,10,1,11,3,1,1,1,1,30,6,124,1,4,YAMAHA MT,1,E01012858,0,-1
2023421299728,2023,421299728,2,5,0,18,19,3,7,0,0,8,2,0,0,0,1,1,5,6,1,30,6,847,1,9,YAMAHA MT,-1,-1,0,-1
2023351383793,2023,351383793,2,3,0,18,19,7,3,0,0,1,0,0,0,0,1,1,6,6,1,19,4,124,1,2,YAMAHA MT,8,E01033116,0,-1
2023161361830,2023,161361830,2,3,0,18,19,3,7,0,0,1,0,0,0,0,1,1,6,6,1,24,5,124,1,4,YAMAHA MT,1,E01012874,0,-1
2023010478005,2023,010478005,1,5,0,18,19,4,8,0,0,1,0,0,0,0,1,1,2,2,1,69,10,847,1,9,YAMAHA MT,-1,-1,0,-1
2023991355408,2023,991355408,1,3,0,15,15,4,8,0,0,2,2,0,0,0,1,1,6,6,1,23,5,124,1,8,YAMAHA MT,4,-1,0,-1
2023010436904,2023,010436904,1,3,9,99,99,9,9,99,99,9,9,99,9,99,9,1,6,6,3,30,6,124,1,1,YAMAHA MT,4,E01002681,0,-1
2023471314181,2023,471314181,1,3,0,18,19,7,3,0,0,1,0,0,0,0,1,1,6,6,1,18,4,124,1,7,YAMAHA MT,6,E01024016,0,-1
2023440147943,2023,440147943,2,5,0,4,4,3,7,0,0,0,0,0,0,0,4,1,6,6,1,20,4,689,1,1,YAMAHA MT,9,E01022950,0,-1
2023131330344,2023,131330344,1,3,0,9,9,3,7,0,0,1,1,0,0,0,1,1,2,2,1,32,6,124,1,1,YAMAHA MT,1,E01011624,0,-1
2023010464258,2023,010464258,2,5,0,18,19,4,8,0,0,1,2,0,7,0,1,1,6,6,1,29,6,689,1,6,YAMAHA MT,3,E01003296,0,-1
2023451364759,2023,451364759,1,5,0,18,19,1,5,0,0,0,0,0,0,0,3,1,5,6,1,19,4,689,1,1,YAMAHA MT,8,E01030893,0,-1
2023010442033,2023,010442033,2,5,0,18,19,5,1,0,0,0,0,0,0,0,1,1,6,6,2,20,4,689,1,1,YAMAHA MT,2,E01002049,0,-1
2023041381723,2023,041381723,2,5,0,18,19,7,3,0,0,8,2,0,1,11,3,1,5,6,1,39,7,890,1,2,YAMAHA MT,9,E01006348,0,-1
2023451369119,2023,451369119,2,3,0,18,19,1,5,0,0,3,0,0,0,0,3,1,2,2,1,25,5,124,1,1,YAMAHA MT,8,E01030313,0,-1
2023010467368,2023,010467368,2,3,0,99,99,9,9,99,99,0,9,99,9,99,0,1,6,6,1,23,5,124,1,1,YAMAHA MT,7,E01000339,0,-1
2023010468470,2023,010468470,1,5,0,99,99,9,9,99,99,9,9,99,9,99,9,1,2,2,2,29,6,689,1,0,YAMAHA MT,9,E01003885,0,-1
2023061382241,2023,061382241,1,5,0,13,13,3,7,0,0,8,0,0,0,0,1,1,6,6,1,33,6,847,1,6,YAMAHA MT,3,E01005297,0,-1
2023991359801,2023,991359801,1,3,0,18,19,3,6,0,0,3,2,11,0,0,1,1,5,6,1,49,8,125,1,6,YAMAHA MT,4,-1,0,-1
2023010434947,2023,010434947,2,5,0,11,11,8,4,0,0,0,0,0,1,0,4,1,2,2,1,54,8,689,1,4,YAMAHA MT,-1,-1,0,-1
2023552300335,2023,552300335,1,5,0,18,19,6,2,0,0,8,1,0,0,0,1,1,6,6,1,27,6,998,1,5,YAMAHA MT,8,E01020495,0,-1
2023231267367,2023,231267367,1,3,0,18,19,8,4,0,0,0,1,0,0,0,1,1,1,1,1,19,4,124,1,2,YAMAHA MT,4,E01031005,0,-1
2023552301009,2023,552301009,1,3,0,18,19,2,6,0,0,0,0,0,0,0,1,1,6,6,1,27,6,124,1,6,YAMAHA MT,4,E01032645,0,-1
2023547685323,2023,547685323,1,5,0,13,13,5,1,0,0,0,1,0,0,0,0,1,2,2,1,21,5,689,1,7,YAMAHA MT,6,E01031989,0,-1
2023430351892,2023,430351892,1,4,0,13,13,7,3,0,0,0,0,0,0,0,4,1,6,6,1,25,5,124,1,9,YAMAHA MT,3,E01016442,0,-1
2023361373311,2023,361373311,2,5,0,4,4,1,7,0,0,0,0,0,0,0,2,1,5,6,1,20,4,689,1,0,YAMAHA MT,4,E01026444,0,-1
2023610035123,2023,610035123,2,4,0,18,19,3,7,0,0,1,1,0,0,0,1,1,6,6,1,19,4,124,1,0,YAMAHA MT,1,W01001607,0,-1
2023010477315,2023,010477315,1,5,0,99,99,9,9,99,99,9,9,99,9,99,9,1,2,2,1,31,6,689,1,2,YAMAHA MT,9,E01001119,0,-1
2023010473212,2023,010473212,1,4,0,99,99,9,9,99,99,9,9,99,9,99,9,1,6,6,1,28,6,847,1,5,YAMAHA MT,2,E01003049,0,-1
2023010439801,2023,010439801,2,5,0,9,9,1,7,0,0,6,0,0,0,0,4,1,6,6,2,26,6,890,1,1,YAMAHA MT,2,E01003266,0,-1
2023010444036,2023,010444036,1,5,0,4,4,7,3,0,0,0,5,4,0,0,1,1,6,6,1,37,7,890,1,2,YAMAHA MT,5,E01023535,0,-1
2023421286833,2023,421286833,2,3,0,18,19,1,5,0,0,1,0,0,0,0,1,1,6,6,3,-1,-1,124,1,5,YAMAHA MT,-1,-1,0,-1
2023552300852,2023,552300852,1,5,0,13,13,6,2,0,0,0,0,0,0,0,1,1,6,6,1,24,5,689,1,8,YAMAHA MT,5,E01020584,0,-1
2023010426281,2023,010426281,2,5,0,14,14,5,1,0,0,1,5,0,0,0,1,1,6,6,1,30,6,847,1,8,YAMAHA MT,6,E01001648,0,-1
2023302301216,2023,302301216,1,5,0,16,19,2,5,0,0,0,1,0,7,10,1,1,6,6,2,27,6,689,1,1,YAMAHA MT,4,E01028041,0,-1
202354D263323,2023,54D263323,1,3,0,18,19,4,8,0,0,4,0,0,0,0,1,1,6,6,1,27,6,124,1,3,YAMAHA MT,8,E01030491,0,-1
2023451292987,2023,451292987,1,3,0,18,19,1,5,0,0,1,0,0,0,0,1,1,5,6,1,19,4,124,1,3,YAMAHA MT,6,E01030548,0,-1
2023522401045,2023,522401045,1,3,0,13,13,6,2,0,0,0,1,0,0,0,0,1,6,6,1,31,6,124,1,0,YAMAHA MT,1,E01014639,0,-1
2023131309796,2023,131309796,1,5,0,18,19,7,3,0,0,1,2,10,7,1,1,1,6,6,1,25,5,689,1,9,YAMAHA MT,7,E01010684,0,-1
2023010447821,2023,010447821,1,3,0,18,19,7,3,0,0,0,0,0,0,0,4,1,6,6,2,21,5,124,1,0,YAMAHA MT,4,E01000554,0,-1
2023451356676,2023,451356676,2,3,0,18,19,6,2,0,0,1,5,7,1,10,1,1,5,6,1,18,4,124,1,1,YAMAHA MT,8,E01030915,0,-1
2023451378562,2023,451378562,2,3,0,18,19,2,6,0,0,3,1,0,0,0,4,1,2,2,1,27,6,124,1,1,YAMAHA MT,8,E01030794,0,-1
2023101283708,2023,101283708,1,5,0,17,19,5,1,0,0,0,1,0,0,0,1,1,5,6,1,35,6,689,1,1,YAMAHA MT,4,E01008308,0,-1
2023010434666,2023,010434666,1,5,0,99,99,9,9,99,99,9,9,99,9,99,1,9,2,2,1,25,5,689,1,1,YAMAHA MT,4,E01004628,0,-1
2023991383634,2023,991383634,1,5,0,18,19,5,1,0,0,1,0,0,0,0,1,1,6,6,1,32,6,689,1,7,YAMAHA MT,3,-1,0,-1
2023501300469,2023,501300469,1,3,0,18,19,2,7,0,0,0,5,0,0,0,1,1,6,6,1,15,3,124,1,7,YAMAHA MT,-1,-1,0,-1
2023010436983,2023,010436983,2,2,0,18,19,3,7,0,0,1,0,0,0,0,1,1,2,2,1,22,5,689,1,1,-1,3,E01003555,0,-1
2023332301221,2023,332301221,1,4,0,18,19,8,4,0,0,8,0,0,0,0,1,1,6,6,1,-1,-1,124,1,3,YAMAHA MT,-1,-1,0,-1
2023161298639,2023,161298639,1,5,0,18,19,7,3,0,0,4,0,0,0,0,1,1,6,6,1,19,4,689,1,2,YAMAHA MT,3,E01013319,0,-1
2023622300705,2023,622300705,1,3,0,18,19,8,4,0,0,0,0,0,0,0,1,1,6,6,1,17,4,124,1,0,YAMAHA MT,3,W01001247,0,-1
2023010447254,2023,010447254,1,4,9,18,19,3,7,0,0,9,0,0,9,99,9,1,6,6,1,28,6,124,1,5,YAMAHA MT,4,E01003204,0,-1
202360A202219,2023,60A202219,1,4,0,18,19,5,1,0,0,1,0,0,0,0,1,1,6,6,1,22,5,124,1,4,YAMAHA MT,-1,-1,0,-1
2023440199021,2023,440199021,2,5,0,18,19,1,5,0,0,0,0,0,0,0,4,1,6,6,1,30,6,689,1,4,YAMAHA MT,7,E01021679,0,-1
2023451373428,2023,451373428,1,5,0,18,19,6,2,0,0,0,1,0,0,0,4,1,5,6,1,27,6,890,1,2,YAMAHA MT,4,E01002594,0,-1
2023471295084,2023,471295084,1,5,0,18,19,2,5,0,0,0,5,0,7,0,4,1,5,6,1,34,6,998,1,4,YAMAHA MT,7,E01016170,0,-1
2023471297130,2023,471297130,1,5,0,18,19,6,2,0,0,8,0,0,0,0,1,1,5,6,1,34,6,847,1,4,YAMAHA MT,1,E01020978,0,-1
2023351323147,2023,351323147,1,3,0,17,19,1,3,0,0,1,1,0,1,9,0,1,5,6,2,18,4,125,1,6,YAMAHA MT,10,E01018130,0,-1
2023471331624,2023,471331624,1,5,0,18,19,4,8,0,0,1,0,0,0,0,1,1,6,6,1,20,4,689,1,4,YAMAHA MT,10,E01031749,0,-1
2023010458786,2023,010458786,2,5,0,18,19,4,8,0,0,0,0,0,0,0,1,1,6,6,1,41,7,689,1,8,YAMAHA MT,4,E01002101,0,-1
2023131365684,2023,131365684,1,5,0,16,19,5,8,0,0,0,1,11,0,0,4,1,5,6,1,68,10,847,1,8,YAMAHA MT,5,E01005346,0,-1
2023010422023,2023,010422023,2,4,0,18,19,3,7,0,0,1,0,0,0,0,4,1,1,1,1,43,7,125,1,6,YAMAHA MT,8,E01000393,0,-1
2023161292846,2023,161292846,1,3,0,18,19,7,3,0,0,8,2,0,0,0,4,1,6,6,1,17,4,124,1,5,YAMAHA MT,1,E01013279,0,-1
2023421312632,2023,421312632,1,5,0,4,4,3,8,0,0,1,2,0,0,0,1,1,6,6,1,25,5,689,1,8,YAMAHA MT,1,E01022031,0,-1
2023430145122,2023,430145122,1,3,0,18,19,1,5,0,0,1,0,10,0,0,1,1,6,6,1,18,4,124,1,9,YAMAHA MT,9,E01017830,0,-1
2023471387152,2023,471387152,2,5,0,13,13,4,1,0,0,2,0,0,0,0,1,1,6,6,1,31,6,998,1,1,YAMAHA MT,6,E01031656,0,-1
2023471344889,2023,471344889,1,3,0,17,19,6,2,0,0,0,0,0,1,0,3,1,5,6,1,17,4,124,1,0,YAMAHA MT,4,E01031377,0,-1
2023010480041,2023,010480041,1,3,0,99,99,9,9,99,99,9,9,99,9,99,1,1,2,2,1,26,6,124,1,8,YAMAHA MT,5,E01004383,0,-1
2023010471054,2023,010471054,1,3,0,99,99,9,9,99,99,9,9,99,9,99,9,1,2,2,1,20,4,124,1,3,YAMAHA MT,7,E01000190,0,-1
2023522301340,2023,522301340,1,5,0,17,19,7,4,0,0,1,0,0,1,11,1,1,6,6,1,50,8,998,1,1,YAMAHA MT,5,E01014530,0,-1
2023411268127,2023,411268127,2,3,0,5,5,5,3,0,0,4,0,0,0,0,4,1,6,6,1,25,5,124,1,1,YAMAHA MT,4,E01021779,0,-1
2023311336208,2023,311336208,1,4,0,7,7,6,2,0,0,1,1,0,0,0,0,1,2,2,1,36,7,124,1,5,YAMAHA MT,-1,-1,0,-1
2023010481360,2023,010481360,1,5,0,99,99,9,9,99,99,1,9,99,9,99,2,1,2,2,2,31,6,689,1,9,YAMAHA MT,6,E01004634,0,-1
2023041378660,2023,041378660,1,5,0,18,19,1,5,0,0,0,2,0,7,0,1,1,5,6,1,19,4,689,1,4,YAMAHA MT,5,E01004840,0,-1
2023461280761,2023,461280761,2,5,0,18,19,3,7,0,0,0,0,0,0,0,1,1,2,2,1,20,4,689,1,7,YAMAHA MT,8,E01024414,0,-1
2023070774722,2023,070774722,1,2,0,15,15,2,6,0,0,1,0,0,0,0,1,1,6,6,1,17,4,125,1,5,-1,6,E01018736,0,-1
2023161300410,2023,161300410,2,3,0,18,19,8,4,0,0,8,5,0,0,0,0,1,5,6,1,26,6,124,1,4,YAMAHA MT,4,E01013207,0,-1
2023302301504,2023,302301504,2,3,0,18,19,8,4,0,0,8,0,0,0,0,1,1,6,6,1,19,4,124,1,0,YAMAHA MT,7,E01019457,0,-1
2023221265597,2023,221265597,2,3,0,18,19,4,8,0,0,8,0,0,0,0,1,1,2,2,1,26,6,124,1,7,YAMAHA MT,9,E01014183,0,-1
2023010426525,2023,010426525,1,5,0,18,19,1,5,0,0,0,5,10,2,5,1,1,6,6,1,34,6,689,1,8,YAMAHA MT,2,E01003108,0,-1
2023531269465,2023,531269465,2,5,0,18,19,2,6,0,0,1,2,0,1,11,1,1,6,6,1,29,6,998,1,0,YAMAHA MT,7,E01022287,0,-1
2023332301088,2023,332301088,1,5,0,18,19,5,1,0,0,0,0,0,0,0,1,1,6,6,1,20,4,689,1,7,YAMAHA MT,10,E01025696,0,-1
2023440346008,2023,440346008,1,5,0,17,19,4,2,0,0,0,1,0,0,0,3,1,6,6,1,29,6,890,1,1,YAMAHA MT,3,E01017350,0,-1
2023320511715,2023,320511715,1,4,0,3,3,2,6,0,0,0,5,0,0,0,2,1,6,6,2,32,6,847,1,5,YAMAHA MT,4,E01026230,0,-1
2023010466926,2023,010466926,1,5,0,99,99,9,9,99,99,9,9,99,9,99,9,1,2,2,1,36,7,998,1,0,YAMAHA MT,3,E01001690,0,-1
2023221322010,2023,221322010,1,5,0,18,19,4,8,0,0,0,0,0,7,11,3,1,5,6,2,31,6,847,1,6,YAMAHA MT,5,E01028893,0,-1
2023430351270,2023,430351270,1,3,0,12,12,2,6,0,0,1,0,0,0,0,1,1,6,6,1,17,4,124,1,9,YAMAHA MT,10,E01028613,0,-1
2023010434946,2023,010434946,2,3,0,18,19,5,1,0,0,0,0,0,0,0,4,1,6,6,1,57,9,689,1,7,YAMAHA MT,5,E01030531,0,-1
2023421374139,2023,421374139,2,3,0,18,19,5,1,0,0,1,0,0,0,0,1,1,2,2,1,47,8,124,1,1,YAMAHA MT,3,E01021312,0,-1
2023010441197,2023,010441197,1,4,0,18,19,3,7,0,0,0,0,0,0,0,1,1,6,6,1,21,5,689,1,6,YAMAHA MT,5,E01004353,0,-1
2023520301039,2023,520301039,2,5,0,18,19,2,6,0,0,8,0,0,0,0,1,1,6,6,1,38,7,847,1,4,YAMAHA MT,5,E01029255,0,-1
2023010478345,2023,010478345,1,5,0,13,13,2,6,0,0,2,0,0,0,0,4,1,6,6,1,54,8,847,1,8,YAMAHA MT,4,E01004643,0,-1
2023440082839,2023,440082839,1,5,0,18,19,4,8,0,0,8,1,0,0,0,1,1,6,6,1,22,5,689,1,8,YAMAHA MT,4,E01017319,0,-1
2023610024923,2023,610024923,2,3,0,18,19,4,8,0,0,0,0,0,0,0,1,1,2,2,1,28,6,124,1,4,YAMAHA MT,3,W01001435,0,-1
2023546359723,2023,546359723,1,3,0,16,19,7,3,0,0,0,2,0,7,10,0,1,6,6,1,36,7,124,1,7,YAMAHA MT,10,E01022994,0,-1
2023471372750,2023,471372750,1,5,0,18,19,1,5,0,0,0,2,0,0,0,3,1,2,2,1,31,6,1700,1,15,YAMAHA MT,8,E01021027,0,-1
2023010425538,2023,010425538,2,5,0,14,14,5,1,0,0,1,0,0,0,0,3,1,6,6,1,23,5,689,1,3,YAMAHA MT,8,E01004170,0,-1
2023471387956,2023,471387956,2,3,0,13,13,3,7,0,0,1,0,0,0,0,4,1,2,2,1,19,4,124,1,8,YAMAHA MT,1,E01031429,0,-1
2023421324722,2023,421324722,2,3,0,18,19,7,3,0,0,1,0,0,0,0,4,1,5,6,1,18,4,124,1,7,YAMAHA MT,4,E01022012,0,-1
2023991299194,2023,991299194,1,5,0,18,19,1,5,0,0,3,2,0,0,0,4,1,5,6,1,35,6,998,1,7,YAMAHA MT,-1,-1,0,-1
2023991345906,2023,991345906,1,5,0,16,19,2,6,0,0,3,0,0,0,0,4,1,5,6,1,20,4,998,1,7,YAMAHA MT,4,-1,0,-1
2023471288713,2023,471288713,1,3,0,13,13,8,4,0,0,1,2,10,1,0,4,1,5,6,1,32,6,124,1,7,YAMAHA MT,7,E01031813,0,-1
2023010420170,2023,010420170,2,5,0,18,19,2,6,0,0,8,2,0,0,0,1,1,6,6,1,29,6,689,1,9,YAMAHA MT,2,E01002080,0,-1
2023546673623,2023,546673623,1,5,0,18,19,7,3,0,0,1,0,0,0,0,1,1,6,6,1,24,5,890,1,2,YAMAHA MT,4,W01001013,0,-1
2023010465207,2023,010465207,1,3,0,14,14,5,1,0,0,1,0,0,1,11,1,1,6,6,2,23,5,124,1,8,YAMAHA MT,4,E01003255,0,-1
2023010473140,2023,010473140,2,4,0,18,19,1,5,0,0,8,0,0,0,0,3,1,6,6,1,21,5,321,1,0,YAMAHA MT,2,E01003066,0,-1
2023421371192,2023,421371192,1,5,0,11,11,1,5,0,0,0,0,0,0,0,1,1,6,6,1,35,6,890,1,1,YAMAHA MT,5,E01016015,0,-1
2023010486269,2023,010486269,1,3,0,18,19,1,5,0,0,8,0,0,0,0,1,1,6,6,1,18,4,125,1,6,YAMAHA MT,-1,-1,0,-1
2023010473466,2023,010473466,2,4,0,4,4,5,1,0,0,2,0,0,0,0,1,1,6,6,1,23,5,689,1,0,YAMAHA MT,6,E01001093,0,-1
2023010461843,2023,010461843,1,5,0,99,99,9,9,99,99,9,9,99,9,99,9,1,6,6,1,42,7,890,1,1,YAMAHA MT,1,E01000521,0,-1
2023549904523,2023,549904523,1,3,0,4,4,8,4,0,0,1,1,0,7,0,1,1,6,6,1,18,4,124,1,6,YAMAHA MT,3,E01015530,0,-1
2023221394754,2023,221394754,1,5,0,13,13,2,6,0,0,0,0,0,0,0,1,1,6,6,1,22,5,689,1,2,YAMAHA MT,9,E01028936,0,-1
2023010466573,2023,010466573,2,5,0,13,13,5,1,0,0,1,0,0,0,0,1,1,6,6,1,22,5,689,1,2,YAMAHA MT,2,E01001079,0,-1
2023421366267,2023,421366267,1,5,0,16,19,2,6,0,0,1,2,0,1,10,1,1,5,6,1,28,6,689,1,2,YAMAHA MT,9,E01021483,0,-1
2023010433336,2023,010433336,1,5,0,99,99,9,9,99,99,9,9,99,9,99,1,9,6,6,1,42,7,890,1,1,YAMAHA MT,6,E01001245,0,-1
2023122300568,2023,122300568,1,5,0,17,19,4,8,0,0,0,1,0,0,0,4,1,2,2,1,53,8,847,1,5,YAMAHA MT,2,E01013349,0,-1
202354C701723,2023,54C701723,2,5,0,18,19,4,8,0,0,2,0,0,0,0,0,1,1,1,1,44,7,847,1,8,YAMAHA MT,7,E01032116,0,-1
2023340WN4432,2023,340WN4432,1,3,0,18,19,6,2,0,0,1,0,0,0,0,1,1,6,6,1,18,4,124,1,8,YAMAHA MT,6,E01027025,0,-1
2023991321310,2023,991321310,2,3,0,18,19,3,8,0,0,0,0,0,0,0,3,1,6,6,1,32,6,124,1,2,YAMAHA MT,7,-1,0,-1
2023471296610,2023,471296610,2,3,0,14,14,7,3,0,0,8,0,0,0,0,4,1,1,1,1,20,4,124,1,7,YAMAHA MT,4,E01031834,0,-1
2023010479434,2023,010479434,2,5,0,18,19,3,7,0,0,1,0,0,0,0,4,1,2,2,1,29,6,998,1,3,YAMAHA MT,-1,-1,0,-1
2023131370321,2023,131370321,1,4,0,16,19,2,4,0,0,0,1,0,7,0,4,1,5,6,1,21,5,124,1,9,YAMAHA MT,10,E01011709,0,-1
2023010433589,2023,010433589,2,5,0,18,19,7,3,0,0,1,1,0,0,0,0,1,6,6,1,23,5,689,1,7,YAMAHA MT,3,E01003081,0,-1
2023430361491,2023,430361491,2,5,0,18,19,5,1,0,0,1,0,0,0,0,1,1,6,6,1,31,6,847,1,6,YAMAHA MT,6,E01017743,0,-1
2023421367142,2023,421367142,2,3,0,18,19,1,5,0,0,1,0,0,0,0,2,1,3,7,1,17,4,124,1,7,YAMAHA MT,2,E01015900,0,-1
2023010438283,2023,010438283,2,5,0,4,4,1,5,0,0,0,0,0,0,0,2,1,6,6,1,55,8,998,1,0,YAMAHA MT,6,E01015945,0,-1
2023031332122,2023,031332122,1,5,0,16,19,4,7,0,0,0,0,0,8,10,1,1,5,6,1,57,9,847,1,7,YAMAHA MT,3,E01028019,0,-1
2023440258549,2023,440258549,2,5,0,13,13,1,5,0,0,1,0,0,0,0,1,1,2,2,1,32,6,689,1,3,YAMAHA MT,2,E01017326,0,-1
2023010462410,2023,010462410,2,5,0,18,19,5,1,0,0,1,0,0,0,0,1,1,6,6,1,23,5,998,1,7,YAMAHA MT,6,E01004164,0,-1
2023311280669,2023,311280669,1,3,0,7,7,8,4,0,0,0,0,0,0,0,3,1,5,6,1,29,6,847,1,9,YAMAHA MT,7,E01027961,0,-1
2023122300933,2023,122300933,1,5,0,17,19,6,2,0,0,0,0,0,1,11,4,1,6,6,1,52,8,998,1,6,YAMAHA MT,2,E01020793,0,-1
2023221371523,2023,221371523,1,5,0,13,13,1,6,0,0,0,0,0,1,9,1,1,5,6,1,56,9,998,1,5,YAMAHA MT,5,W01001589,0,-1
2023411353878,2023,411353878,1,3,0,9,9,5,3,0,0,1,0,0,0,0,1,1,1,1,1,31,6,124,1,2,YAMAHA MT,4,E01023387,0,-1
2023170M31183,2023,170M31183,1,5,0,18,19,1,5,0,0,8,1,0,0,0,1,1,6,6,1,35,6,998,1,6,YAMAHA MT,2,E01012035,0,-1