collision_index,collision_year,collision_ref_no,vehicle_reference,vehicle_type,towing_and_articulation,vehicle_manoeuvre_historic,vehicle_manoeuvre,vehicle_direction_from,vehicle_direction_to,vehicle_location_restricted_lane_historic,vehicle_location_restricted_lane,junction_location,skidding_and_overturning,hit_object_in_carriageway,vehicle_leaving_carriageway,hit_object_off_carriageway,first_point_of_impact,vehicle_left_hand_drive,journey_purpose_of_driver_historic,journey_purpose_of_driver,sex_of_driver,age_of_driver,age_band_of_driver,engine_capacity_cc,propulsion_code,age_of_vehicle,generic_make_model,driver_imd_decile,lsoa_of_driver,escooter_flag,driver_distance_banding
2023031307107,2023,031307107,1,5,0,16,19,5,1,0,0,0,2,0,0,0,0,1,5,6,1,33,6,998,1,5,YAMAHA MT,7,E01020654,0,-1
2023010450628,2023,010450628,1,5,0,18,19,4,8,0,0,1,2,10,1,1,1,1,6,6,1,21,5,689,1,4,YAMAHA MT,3,E01001774,0,-1
2023540872123,2023,540872123,2,5,0,9,9,3,1,0,0,1,0,0,0,0,2,1,2,2,1,32,6,847,1,6,YAMAHA MT,10,E01031905,0,-1
2023010449184,2023,010449184,1,5,0,99,99,9,9,99,99,9,9,99,9,99,1,1,6,6,3,42,7,890,1,1,YAMAHA MT,2,E01033485,0,-1
2023010429160,2023,010429160,2,3,0,18,19,5,1,0,0,6,0,0,0,0,1,1,6,6,1,20,4,124,1,8,YAMAHA MT,3,E01000081,0,-1
2023201401211,2023,201401211,2,5,0,18,19,7,3,0,0,8,0,0,0,0,1,1,5,6,1,28,6,689,1,1,YAMAHA MT,8,E01032171,0,-1
2023411311313,2023,411311313,2,3,-1,-1,-1,-1,-1,-1,-1,-1,-1,-1,-1,0,-1,1,5,6,1,30,6,124,1,2,YAMAHA MT,6,E01023359,0,-1
2023010446817,2023,010446817,1,5,0,4,4,1,5,0,0,1,2,0,0,0,0,1,6,6,1,21,5,689,1,4,YAMAHA MT,1,E01000939,0,-1
2023471302635,2023,471302635,1,5,0,18,19,2,6,0,0,0,0,12,0,0,1,1,5,6,1,44,7,998,1,3,YAMAHA MT,7,E01030429,0,-1
2023430045833,2023,430045833,1,3,0,18,19,8,4,0,0,8,0,0,0,0,3,1,1,1,1,26,6,124,1,3,YAMAHA MT,3,E01015527,0,-1
2023471311561,2023,471311561,1,3,0,18,19,1,5,0,0,0,0,0,0,0,4,1,5,6,1,19,4,124,1,6,YAMAHA MT,10,E01022619,0,-1
2023010454731,2023,010454731,2,3,0,15,15,2,6,2,2,1,5,0,0,0,1,1,6,6,1,25,5,124,1,4,YAMAHA MT,4,E01016347,0,-1
2023041351481,2023,041351481,1,5,0,17,19,3,7,0,0,0,0,11,1,1,1,1,5,6,1,58,9,847,1,6,YAMAHA MT,8,E01025191,0,-1
202354A767623,2023,54A767623,1,3,0,18,19,3,7,0,0,0,0,12,0,0,4,1,6,6,2,24,5,124,1,0,YAMAHA MT,8,E01032712,0,-1
2023161314717,2023,161314717,1,3,0,17,19,3,8,0,0,0,1,10,0,0,4,1,5,6,1,22,5,124,1,2,YAMAHA MT,1,E01012895,0,-1
2023010442318,2023,010442318,1,5,0,4,4,5,1,0,0,1,0,0,0,0,1,1,2,2,1,30,6,689,1,1,YAMAHA MT,3,E01000736,0,-1
2023070904170,2023,070904170,1,2,0,17,19,8,4,0,0,0,0,0,0,10,4,1,6,6,1,18,4,124,1,8,-1,7,E01019711,0,-1
2023052301415,2023,052301415,1,5,0,4,4,5,1,0,0,0,0,0,0,0,1,1,6,6,1,22,5,689,1,1,YAMAHA MT,2,E01018525,0,-1
2023010470164,2023,010470164,1,4,0,99,99,9,9,99,99,9,9,99,9,99,1,1,6,6,1,39,7,689,1,6,YAMAHA MT,7,E01023572,0,-1
2023010469681,2023,010469681,2,4,0,5,5,5,1,0,0,1,0,0,0,0,1,1,2,2,1,26,6,847,1,8,YAMAHA MT,3,E01000490,0,-1
2023131303394,2023,131303394,1,3,0,7,7,7,8,0,0,1,0,0,0,0,4,1,5,6,1,20,4,124,1,8,YAMAHA MT,3,E01011234,0,-1
2023440057406,2023,440057406,1,3,0,18,19,5,1,0,0,8,0,0,0,0,1,1,1,1,1,29,6,124,1,1,YAMAHA MT,3,E01017343,0,-1
2023010420840,2023,010420840,3,5,0,18,19,3,7,0,0,4,5,0,0,0,1,1,6,6,1,17,4,689,1,3,YAMAHA MT,8,E01000371,0,-1
2023421391224,2023,421391224,4,5,0,5,5,6,2,0,0,0,0,0,1,0,1,1,6,6,1,39,7,998,1,4,YAMAHA MT,10,E01021645,0,-1
2023552300628,2023,552300628,2,3,0,4,4,1,5,0,0,8,0,0,0,0,4,1,2,2,1,25,5,890,1,1,YAMAHA MT,9,E01020372,0,-1
2023351325243,2023,351325243,2,3,0,18,19,-1,-1,0,0,0,0,0,1,0,2,1,5,6,1,22,5,689,1,9,YAMAHA MT,4,E01026661,0,-1
2023010469426,2023,010469426,1,5,0,18,19,3,7,0,0,0,1,0,0,0,4,1,6,6,1,21,5,689,1,8,YAMAHA MT,2,E01001877,0,-1
2023520400012,2023,520400012,1,3,0,18,19,1,5,0,0,8,0,0,0,0,1,1,6,6,1,18,4,124,1,1,YAMAHA MT,9,E01029209,0,-1
2023161267141,2023,161267141,1,5,0,9,9,5,3,0,0,8,1,0,0,0,3,1,5,6,2,51,8,847,1,8,YAMAHA MT,10,E01012972,0,-1
2023041314557,2023,041314557,2,5,0,18,19,5,1,0,0,0,0,0,7,4,4,1,5,6,1,39,7,689,1,4,YAMAHA MT,4,E01025099,0,-1
2023071068986,2023,071068986,1,3,0,18,19,1,5,0,0,0,1,0,0,0,0,1,6,6,1,23,5,124,1,7,YAMAHA MT,7,E01018725,0,-1
2023010478321,2023,010478321,2,3,0,18,19,6,2,0,0,1,5,0,0,0,1,1,6,6,2,29,6,124,1,7,YAMAHA MT,4,E01004487,0,-1
2023430220951,2023,430220951,1,5,0,18,19,8,4,0,0,3,1,0,0,0,0,1,6,6,1,47,8,998,1,0,YAMAHA MT,8,E01031196,0,-1
2023122300260,2023,122300260,2,4,0,18,19,8,7,0,0,2,0,0,0,0,4,1,1,1,1,52,8,321,1,5,YAMAHA MT,4,E01013359,0,-1
2023211345825,2023,211345825,2,5,0,18,19,2,6,0,0,1,0,0,0,0,1,1,5,6,1,32,6,689,1,7,YAMAHA MT,-1,-1,0,-1
2023552300920,2023,552300920,1,4,0,18,19,8,4,0,0,8,0,0,0,0,1,1,2,2,1,52,8,847,1,7,YAMAHA MT,7,E01015424,0,-1
2023122301058,2023,122301058,1,5,0,18,19,7,3,0,0,0,0,0,7,0,1,1,6,6,1,23,5,689,1,5,YAMAHA MT,8,E01027886,0,-1
2023631324144,2023,631324144,2,5,0,18,19,6,2,0,0,1,0,0,0,0,1,1,5,6,1,23,5,689,1,1,YAMAHA MT,7,W01000545,0,-1
2023461323854,2023,461323854,1,5,0,5,5,6,2,0,0,4,0,0,3,0,3,1,6,6,1,62,9,998,1,5,YAMAHA MT,6,E01024491,0,-1
2023340WN1752,2023,340WN1752,1,3,0,13,13,5,1,0,0,1,1,0,0,0,1,1,6,6,1,18,4,125,1,6,YAMAHA MT,4,E01027189,0,-1
2023501372331,2023,501372331,1,4,0,12,12,2,6,0,0,0,5,0,0,0,1,1,2,2,1,19,4,321,1,5,YAMAHA MT,8,E01020251,0,-1
2023010470122,2023,010470122,1,2,0,18,19,7,3,0,0,1,0,0,0,0,4,1,2,2,1,20,4,124,1,0,-1,7,E01002965,0,-1
2023221292292,2023,221292292,1,4,0,16,19,1,5,0,0,2,0,0,0,0,3,1,6,6,1,18,4,124,1,4,YAMAHA MT,5,E01009211,0,-1
2023411356574,2023,411356574,1,3,0,17,19,6,2,0,0,0,1,0,1,3,4,1,6,6,1,18,4,124,1,9,YAMAHA MT,9,E01002416,0,-1
2023471332023,2023,471332023,1,3,0,17,19,8,6,9,9,0,0,0,1,11,4,1,5,6,1,17,4,124,1,7,YAMAHA MT,7,E01032825,0,-1
2023131314801,2023,131314801,1,5,0,18,19,-1,-1,0,0,1,-1,-1,-1,-1,-1,1,6,6,3,20,4,689,1,1,YAMAHA MT,-1,-1,0,-1
2023631347959,2023,631347959,1,4,0,18,19,7,3,0,0,8,0,0,0,0,1,1,6,6,1,23,5,125,1,6,YAMAHA MT,1,W01001924,0,-1
2023320230383,2023,320230383,1,4,0,16,19,2,6,0,0,0,0,0,1,0,3,1,2,2,1,24,5,689,1,7,YAMAHA MT,-1,-1,0,-1
2023131346170,2023,131346170,1,5,0,13,13,7,3,0,0,0,0,0,7,4,1,1,6,6,1,24,5,890,1,2,YAMAHA MT,8,E01011252,0,-1
2023052301080,2023,052301080,1,5,0,18,19,3,7,0,0,1,1,0,0,0,1,1,6,6,1,34,6,847,1,4,YAMAHA MT,9,E01006882,0,-1
2023461331721,2023,461331721,2,5,0,-1,-1,-1,-1,0,0,5,0,0,0,0,1,1,5,6,1,60,9,847,1,7,YAMAHA MT,8,E01024730,0,-1
2023320581840,2023,320581840,1,4,0,18,19,2,6,0,0,0,2,0,1,9,1,1,6,6,1,33,6,689,1,2,YAMAHA MT,2,E01015633,0,-1
2023010438048,2023,010438048,1,5,0,5,5,7,3,0,0,1,0,0,0,0,2,1,6,6,1,44,7,847,1,3,YAMAHA MT,7,E01004134,0,-1
2023061324848,2023,061324848,12,3,0,18,19,7,3,0,0,8,0,0,0,0,1,1,5,6,1,25,5,124,1,6,YAMAHA MT,2,E01006069,0,-1
2023070044053,2023,070044053,1,4,0,7,7,7,1,0,0,4,0,0,0,0,1,1,6,6,1,27,6,689,1,6,YAMAHA MT,-1,-1,0,-1
2023440467389,2023,440467389,1,3,0,18,19,3,7,0,0,3,0,0,0,0,4,1,2,2,1,23,5,124,1,7,YAMAHA MT,2,E01022906,0,-1
2023520400923,2023,520400923,1,5,0,18,19,3,7,0,0,0,0,0,1,0,0,1,6,6,1,22,5,689,1,5,YAMAHA MT,10,E01029160,0,-1
2023101296941,2023,101296941,2,5,0,18,19,5,1,0,0,1,0,0,0,0,1,1,6,6,1,43,7,998,1,3,YAMAHA MT,6,E01008387,0,-1
2023421262628,2023,421262628,2,5,0,18,19,7,3,0,0,3,0,0,0,0,1,1,6,6,1,60,9,847,1,7,YAMAHA MT,3,E01015973,0,-1
2023302301704,2023,302301704,1,3,0,18,19,6,2,0,0,0,0,0,1,9,1,1,2,2,1,34,6,124,1,2,YAMAHA MT,4,E01019823,0,-1
2023010448210,2023,010448210,4,3,0,18,19,5,1,0,0,1,0,0,0,0,1,1,6,6,3,-1,-1,689,1,5,YAMAHA MT,-1,-1,0,-1
2023610029223,2023,610029223,1,3,0,3,3,5,1,0,0,4,0,0,0,0,2,1,6,6,1,41,7,124,1,0,YAMAHA MT,2,W01001693,0,-1
2023010443272,2023,010443272,2,5,0,15,15,1,5,0,0,1,0,0,0,0,1,1,6,6,2,34,6,689,1,6,YAMAHA MT,8,E01023708,0,-1
2023061274036,2023,061274036,1,3,0,18,19,2,6,0,0,1,0,0,7,0,1,1,2,2,1,18,4,124,1,2,YAMAHA MT,4,E01012498,0,-1
2023131287754,2023,131287754,2,3,0,18,19,1,5,1,1,1,0,0,1,1,1,1,2,2,2,21,5,124,1,5,YAMAHA MT,4,E01011165,0,-1
2023320581687,2023,320581687,1,5,0,14,14,8,4,0,0,1,0,0,0,0,1,1,6,6,1,20,4,689,1,9,YAMAHA MT,3,E01026174,0,-1
2023430432377,2023,430432377,1,5,0,18,19,4,8,0,0,8,0,0,0,0,1,1,6,6,1,21,5,689,1,4,YAMAHA MT,3,E01002620,0,-1
2023991302656,2023,991302656,1,5,0,18,19,8,4,0,0,0,1,0,0,0,3,1,6,6,1,51,8,689,1,7,YAMAHA MT,6,E01020888,0,-1
2023421349881,2023,421349881,1,5,0,18,19,1,5,0,0,0,1,0,0,0,1,1,2,2,1,34,6,689,1,2,YAMAHA MT,2,E01021851,0,-1
2023421370174,2023,421370174,1,5,0,18,19,7,3,0,0,0,2,0,0,0,1,1,1,1,1,52,8,998,1,7,YAMAHA MT,-1,-1,0,-1
2023010468528,2023,010468528,1,5,0,3,3,8,4,0,0,3,0,0,0,0,4,1,2,2,1,39,7,998,1,0,YAMAHA MT,9,E01023490,0,-1
2023471319591,2023,471319591,2,3,0,13,13,7,3,0,0,0,0,0,0,0,1,1,6,6,1,21,5,124,1,9,YAMAHA MT,4,E01031453,0,-1
2023010461181,2023,010461181,1,5,0,99,99,9,9,99,99,9,9,99,9,99,2,1,2,2,1,26,6,689,1,9,YAMAHA MT,2,E01003239,0,-1
2023010456427,2023,010456427,1,3,0,15,15,7,3,0,0,1,0,4,0,0,1,1,1,1,1,25,5,124,1,8,YAMAHA MT,2,E01003089,0,-1
2023052301501,2023,052301501,1,5,0,13,13,1,5,0,0,8,0,0,0,0,1,1,6,6,1,21,5,689,1,8,YAMAHA MT,1,E01006518,0,-1
2023010463455,2023,010463455,2,5,0,18,19,1,5,0,0,8,5,0,0,0,1,1,2,2,1,40,7,890,1,2,YAMAHA MT,3,E01001190,0,-1
2023131331625,2023,131331625,1,5,0,9,9,1,5,0,0,0,0,0,1,9,1,1,5,6,1,58,9,998,1,5,YAMAHA MT,7,E01010639,0,-1
2023302301578,2023,302301578,2,5,0,18,19,5,1,0,0,0,0,0,7,9,1,1,6,6,1,35,6,847,1,8,YAMAHA MT,3,E01013532,0,-1
2023421366188,2023,421366188,2,3,0,18,19,7,3,0,0,8,0,0,0,0,4,1,6,6,1,26,6,124,1,8,YAMAHA MT,4,E01015901,0,-1
2023991280504,2023,991280504,2,5,0,18,19,6,2,0,0,8,0,0,3,0,1,1,6,6,1,37,7,998,1,6,YAMAHA MT,6,-1,0,-1
2023010465994,2023,010465994,2,3,0,18,19,5,1,0,0,8,0,0,0,0,1,1,2,2,1,20,4,124,1,8,YAMAHA MT,-1,-1,0,-1
2023052300403,2023,052300403,2,3,0,18,19,3,7,0,0,8,0,0,0,0,1,1,6,6,1,24,5,124,1,2,YAMAHA MT,2,E01007244,0,-1
2023440334520,2023,440334520,2,3,0,18,19,4,8,0,0,1,0,0,0,0,1,1,6,6,2,17,4,124,1,8,YAMAHA MT,4,E01017289,0,-1
2023543857323,2023,543857323,2,3,0,18,19,6,2,0,0,1,0,0,0,0,1,1,6,6,1,17,4,124,1,8,YAMAHA MT,7,E01015474,0,-1
2023010443240,2023,010443240,1,5,0,99,99,9,9,99,99,9,9,99,9,99,9,1,6,6,1,31,6,689,1,6,YAMAHA MT,7,E01003419,0,-1
2023340WN2152,2023,340WN2152,2,5,0,18,19,1,5,0,0,1,0,0,0,0,1,1,6,6,1,19,4,689,1,8,YAMAHA MT,2,E01027246,0,-1
2023471312942,2023,471312942,1,3,0,18,19,7,3,0,0,8,0,0,0,0,1,1,5,6,1,26,6,124,1,3,YAMAHA MT,7,E01021035,0,-1
2023221267322,2023,221267322,2,3,0,18,19,5,1,0,0,8,0,0,0,0,1,1,5,6,1,44,7,124,1,4,YAMAHA MT,8,E01032190,0,-1
2023340WN4472,2023,340WN4472,1,5,0,18,19,2,6,0,0,0,1,0,1,0,0,1,6,6,1,41,7,689,1,6,YAMAHA MT,3,E01027175,0,-1
2023320324840,2023,320324840,1,5,0,17,19,6,2,0,0,0,0,0,1,9,1,1,6,6,1,28,6,689,1,8,YAMAHA MT,7,E01013020,0,-1
2023201295774,2023,201295774,2,3,0,14,14,2,6,0,0,8,0,0,0,0,4,1,6,6,1,22,5,124,1,1,YAMAHA MT,10,E01029531,0,-1
2023070860679,2023,070860679,1,3,0,16,19,3,2,0,0,2,0,0,0,0,0,1,6,6,1,20,4,124,1,2,YAMAHA MT,9,E01018675,0,-1
2023991406654,2023,991406654,2,5,0,9,9,5,3,0,0,1,0,0,0,0,1,1,6,6,1,22,5,689,1,2,YAMAHA MT,1,-1,0,-1
2023311282397,2023,311282397,1,3,0,18,19,2,6,0,0,0,1,0,2,0,4,1,2,2,1,19,4,124,1,7,YAMAHA MT,6,E01028295,0,-1
2023451371769,2023,451371769,1,3,0,18,19,3,7,0,0,1,0,0,0,0,1,1,5,6,1,17,4,124,1,4,YAMAHA MT,-1,-1,0,-1
2023010485199,2023,010485199,2,3,0,18,19,3,7,0,0,8,0,0,0,0,1,1,6,6,1,20,4,124,1,3,YAMAHA MT,2,E01003729,0,-1
2023430419328,2023,430419328,2,3,0,18,19,3,7,0,0,8,0,0,0,0,1,1,6,6,1,39,7,124,1,7,YAMAHA MT,8,E01028715,0,-1
2023361373311,2023,361373311,1,5,0,18,19,2,6,0,0,0,0,0,0,0,1,1,5,6,1,21,5,689,1,0,YAMAHA MT,7,E01026432,0,-1
2023201319101,2023,201319101,1,5,0,18,19,4,8,0,0,2,2,10,1,2,1,1,6,6,1,16,4,847,1,4,YAMAHA MT,1,E01009585,0,-1
2023231326866,2023,231326866,2,5,0,18,19,4,8,0,0,8,0,0,0,0,1,1,2,2,1,57,9,689,1,7,YAMAHA MT,1,E01010111,0,-1
2023520301220,2023,520301220,2,5,0,18,19,2,6,0,0,8,0,0,0,0,1,1,6,6,1,51,8,998,1,6,YAMAHA MT,7,E01029140,0,-1
2023371391518,2023,371391518,2,4,0,18,19,7,6,0,0,1,5,0,1,0,1,1,2,2,1,38,7,124,1,4,YAMAHA MT,6,E01029919,0,-1
2023010424975,2023,010424975,1,4,0,99,99,9,9,99,99,0,9,99,9,99,9,1,2,2,1,35,6,847,1,5,YAMAHA MT,6,E01021128,0,-1
2023010420037,2023,010420037,2,3,0,18,19,7,3,0,0,0,0,0,0,0,0,1,6,6,1,24,5,124,1,1,YAMAHA MT,-1,-1,0,-1
2023010468669,2023,010468669,1,5,0,99,99,9,9,99,99,9,9,99,9,99,1,1,2,2,1,30,6,998,1,2,YAMAHA MT,10,E01023371,0,-1
2023010457168,2023,010457168,2,3,0,18,19,7,3,0,0,9,0,99,9,0,9,1,6,6,1,-1,-1,124,1,8,YAMAHA MT,-1,-1,0,-1
2023010445370,2023,010445370,1,5,3,5,5,1,5,0,0,1,0,0,0,0,1,1,6,6,1,51,8,847,1,5,YAMAHA MT,2,E01033702,0,-1
2023320079607,2023,320079607,2,3,0,18,19,8,4,0,0,8,0,0,0,0,1,1,6,6,1,24,5,124,1,8,YAMAHA MT,3,E01026059,0,-1
2023221388796,2023,221388796,1,4,0,18,19,5,2,0,0,0,2,10,1,11,1,1,5,6,1,20,4,124,1,1,YAMAHA MT,10,E01032137,0,-1
2023010449699,2023,010449699,1,3,0,99,99,9,9,99,99,9,9,99,9,99,9,1,6,6,1,17,4,124,1,6,YAMAHA MT,3,E01000929,0,-1
2023421387170,2023,421387170,2,3,0,18,19,5,1,0,0,8,0,0,0,0,4,1,2,2,1,19,4,125,1,6,YAMAHA MT,6,E01015919,0,-1
2023451360561,2023,451360561,4,5,0,18,19,5,1,0,0,0,0,0,0,0,1,1,5,6,1,21,5,689,1,6,YAMAHA MT,5,E01031631,0,-1
2023522400721,2023,522400721,1,5,0,13,13,2,6,0,0,1,1,7,0,0,4,1,6,6,1,68,10,998,1,0,YAMAHA MT,4,E01032673,0,-1
2023010446428,2023,010446428,1,3,0,15,15,1,5,0,0,1,0,10,0,0,3,1,6,6,1,23,5,125,1,6,YAMAHA MT,4,E01004580,0,-1
2023010443300,2023,010443300,1,3,0,15,15,1,5,0,0,2,5,0,0,0,1,1,6,6,1,27,6,124,1,7,YAMAHA MT,3,E01001715,0,-1
2023010458786,2023,010458786,1,5,0,18,19,4,8,0,0,0,0,0,0,0,1,1,6,6,1,20,4,689,1,6,YAMAHA MT,9,E01001531,0,-1
2023991339601,2023,991339601,2,5,0,17,19,8,5,0,0,0,0,0,0,0,1,1,6,6,1,41,7,998,1,7,YAMAHA MT,3,-1,0,-1
2023332300529,2023,332300529,4,5,0,18,19,4,8,0,0,0,0,0,0,0,0,1,6,6,1,33,6,689,1,7,YAMAHA MT,5,E01029433,0,-1
2023010477219,2023,010477219,1,5,0,18,19,7,3,9,9,1,0,0,7,0,1,1,6,6,1,25,5,689,1,4,YAMAHA MT,-1,-1,0,-1
2023522300950,2023,522300950,2,2,0,18,19,4,8,0,0,8,0,0,0,0,1,1,6,6,1,59,9,49,1,15,-1,5,E01014524,0,-1
2023401320315,2023,401320315,2,3,0,18,19,7,3,0,0,8,0,0,0,0,4,1,6,6,2,29,6,125,1,22,-1,8,E01017383,0,-1
2023221299265,2023,221299265,2,5,0,13,13,5,1,0,0,0,1,0,0,0,4,1,5,6,1,39,7,1000,1,22,-1,7,E01028918,0,-1
2023371349909,2023,371349909,1,3,0,18,19,5,8,0,0,1,1,0,0,0,1,1,5,6,1,36,7,125,2,29,-1,5,E01030093,0,-1
2023302301633,2023,302301633,2,5,0,14,14,4,8,0,0,0,0,0,0,0,1,1,1,1,1,34,6,650,1,27,-1,3,E01025950,0,-1
2023361353471,2023,361353471,2,5,0,18,19,4,8,0,0,1,1,0,0,0,1,1,2,2,1,44,7,1000,1,21,-1,3,E01026747,0,-1
2023031389695,2023,031389695,1,5,0,18,19,1,5,0,0,0,0,0,0,0,1,1,6,6,1,47,8,750,1,16,-1,6,E01019297,0,-1
2023531303125,2023,531303125,1,3,0,18,19,5,1,0,0,5,0,0,0,0,1,1,5,6,1,38,7,125,1,23,-1,10,E01022386,0,-1
202360A047966,2023,60A047966,2,3,0,18,19,3,7,0,0,1,1,0,0,0,1,1,6,6,1,55,8,125,1,22,-1,-1,-1,0,-1
2023471343287,2023,471343287,3,3,0,18,19,3,6,0,0,0,0,0,0,0,1,1,1,1,1,41,7,125,1,23,-1,6,E01021213,0,-1
2023221306690,2023,221306690,1,5,0,16,19,8,3,0,0,0,0,0,0,0,3,1,5,6,1,47,8,1000,1,22,-1,2,E01032470,0,-1
2023161305137,2023,161305137,1,4,0,18,19,5,1,0,0,1,0,0,0,0,3,1,6,6,1,-1,-1,125,1,21,-1,5,E01013297,0,-1
2023501366639,2023,501366639,1,3,0,18,19,7,3,9,9,1,1,4,7,10,4,1,6,6,1,18,4,124,1,1,APRILIA RS 125,3,E01015206,0,-1
2023211303197,2023,211303197,1,4,0,18,19,6,7,0,0,0,1,10,2,0,1,1,5,6,1,23,5,125,1,17,-1,9,E01018389,0,-1
2023461300462,2023,461300462,1,3,0,18,19,1,5,0,0,0,0,0,0,0,4,1,6,6,1,19,4,124,1,1,APRILIA RS 125,4,E01024533,0,-1
2023302301286,2023,302301286,2,3,0,13,13,8,4,0,0,1,0,0,7,0,1,1,6,6,1,20,4,124,1,4,APRILIA RS 125,1,E01019444,0,-1
2023161359849,2023,161359849,2,3,0,18,19,4,8,0,0,8,0,0,0,0,1,1,6,6,1,50,8,125,1,13,APRILIA RS 125,2,E01013071,0,-1
2023031320627,2023,031320627,2,3,0,13,13,1,5,0,0,4,2,0,0,0,4,1,2,2,1,22,5,124,1,1,APRILIA RS 125,-1,-1,0,-1
2023371309988,2023,371309988,1,3,0,16,19,7,3,0,0,1,0,0,0,0,1,1,2,2,1,18,4,124,1,1,APRILIA RS 125,6,E01030090,0,-1
2023010456387,2023,010456387,2,4,0,18,19,6,2,0,0,1,0,0,0,0,1,1,6,6,1,37,7,125,1,16,-1,4,E01002016,0,-1
2023451363689,2023,451363689,2,3,0,18,19,5,1,0,0,0,1,0,0,0,1,1,5,6,1,36,7,125,1,11,APRILIA RS 125,8,E01030730,0,-1
2023552300666,2023,552300666,2,4,0,18,19,3,7,0,0,8,1,0,0,0,1,1,6,6,1,20,4,124,1,6,-1,5,E01020469,0,-1
2023440218108,2023,440218108,2,4,0,13,13,5,1,0,0,0,0,0,0,0,1,1,6,6,1,28,6,125,1,12,-1,8,E01022713,0,-1
2023531277649,2023,531277649,2,3,0,18,19,5,1,0,0,1,2,0,0,0,1,1,4,7,1,17,4,124,1,6,APRILIA RS 125,9,E01022278,0,-1
2023122300240,2023,122300240,2,2,0,18,19,5,1,0,0,8,0,0,0,0,1,1,6,6,1,27,6,124,1,1,-1,4,E01027609,0,-1
2023041331906,2023,041331906,1,3,0,18,19,4,8,0,0,0,0,0,0,0,4,1,5,6,1,19,4,125,1,16,APRILIA RS 125,4,E01025450,0,-1
2023122300971,2023,122300971,2,3,0,18,19,8,4,0,0,1,0,0,0,0,1,1,6,6,1,18,4,124,1,0,APRILIA RS 125,7,E01027751,0,-1
2023552300769,2023,552300769,2,3,0,4,4,7,3,0,0,8,1,0,0,0,1,1,6,6,1,17,4,124,1,2,APRILIA RS 125,3,E01015308,0,-1
2023122300974,2023,122300974,1,3,0,16,19,5,1,0,0,0,1,0,7,0,0,1,6,6,1,17,4,135,1,16,APRILIA RS 125,8,E01025349,0,-1
2023991286805,2023,991286805,2,3,0,18,19,4,8,0,0,0,0,0,0,0,1,1,6,6,1,37,7,124,1,1,APRILIA RS 125,3,-1,0,-1
2023041294085,2023,041294085,3,9,0,4,4,3,7,0,0,1,0,0,0,0,2,1,5,6,2,65,9,1368,1,17,-1,1,E01012682,0,-1
2023461317563,2023,461317563,2,9,0,2,2,0,0,0,0,0,0,0,0,0,3,1,5,6,1,-1,-1,1368,1,19,-1,3,E01024126,0,-1
2023332300683,2023,332300683,2,9,0,18,19,7,3,0,0,4,0,0,0,0,1,1,6,6,3,-1,-1,1399,2,16,FORD FUSION,-1,-1,0,-1
2023122301206,2023,122301206,2,9,0,18,19,7,3,0,0,8,0,0,0,0,1,1,6,6,1,48,8,1388,1,14,FORD FUSION,8,E01027587,0,-1
2023361271216,2023,361271216,1,9,0,16,19,4,8,0,0,0,1,0,7,0,1,1,6,6,1,24,5,1560,2,16,FORD FUSION,3,E01026455,0,-1
2023231379494,2023,231379494,1,9,0,18,19,6,2,0,0,1,0,0,0,0,1,1,6,6,1,37,7,1388,1,11,FORD FUSION,5,E01006473,0,-1
2023320796491,2023,320796491,1,9,0,18,19,3,7,0,0,0,0,0,7,0,1,1,2,2,1,43,7,1388,1,18,FORD FUSION,6,E01026058,0,-1
2023031371444,2023,031371444,1,9,5,18,19,2,6,0,0,0,5,0,1,2,1,1,3,7,2,30,6,1399,2,17,FORD FUSION,6,E01019088,0,-1
2023471298421,2023,471298421,1,9,0,9,9,4,8,0,0,0,0,0,1,11,1,1,5,6,2,87,11,1560,2,13,FORD FUSION,9,E01020948,0,-1
2023552300890,2023,552300890,2,9,0,18,19,7,3,0,0,8,0,0,0,0,1,1,6,6,1,50,8,1596,1,15,FORD FUSION,1,E01020554,0,-1
2023461352094,2023,461352094,5,9,0,4,4,1,5,0,0,0,0,0,0,0,0,1,6,6,1,87,11,1388,1,16,FORD FUSION,10,E01032809,0,-1
2023161328361,2023,161328361,2,9,0,2,2,0,0,0,0,0,0,0,0,0,4,1,6,6,2,29,6,1399,2,18,FORD FUSION,1,E01012838,0,-1
2023122301334,2023,122301334,1,9,0,16,19,2,6,0,0,0,2,0,7,9,3,1,6,6,1,71,10,1388,1,11,FORD FUSION,9,E01027791,0,-1
2023451388429,2023,451388429,1,9,0,18,19,1,5,0,0,0,0,0,0,0,1,1,5,6,1,23,5,1388,1,19,FORD FUSION,8,E01030977,0,-1
2023471344622,2023,471344622,1,9,0,18,19,7,3,0,0,0,0,7,0,0,1,1,6,6,1,76,11,1388,1,18,FORD FUSION,1,E01016868,0,-1
2023471334055,2023,471334055,1,9,0,18,19,5,1,0,0,0,0,0,0,0,1,1,5,6,2,54,8,1388,1,19,FORD FUSION,7,E01031374,0,-1
2023371375801,2023,371375801,2,9,0,18,19,4,-1,0,0,0,0,0,0,0,4,1,5,6,2,30,6,1388,1,17,FORD FUSION,5,E01030140,0,-1