collision_index,collision_year,collision_ref_no,vehicle_reference,vehicle_type,towing_and_articulation,vehicle_manoeuvre_historic,vehicle_manoeuvre,vehicle_direction_from,vehicle_direction_to,vehicle_location_restricted_lane_historic,vehicle_location_restricted_lane,junction_location,skidding_and_overturning,hit_object_in_carriageway,vehicle_leaving_carriageway,hit_object_off_carriageway,first_point_of_impact,vehicle_left_hand_drive,journey_purpose_of_driver_historic,journey_purpose_of_driver,sex_of_driver,age_of_driver,age_band_of_driver,engine_capacity_cc,propulsion_code,age_of_vehicle,generic_make_model,driver_imd_decile,lsoa_of_driver,escooter_flag,driver_distance_banding
2023421335476,2023,421335476,1,9,0,18,19,3,7,0,0,0,0,0,0,0,1,1,5,6,2,47,8,1560,2,14,FORD FUSION,7,E01021966,0,-1
2023371304450,2023,371304450,1,9,0,4,4,4,8,0,0,0,0,0,0,0,3,1,6,6,2,77,11,1388,1,17,FORD FUSION,7,E01029885,0,-1
2023461356283,2023,461356283,1,9,0,9,9,7,1,0,0,8,0,0,0,0,1,1,6,6,1,75,10,1596,1,15,FORD FUSION,4,E01024647,0,-1
2023440270997,2023,440270997,2,9,0,18,19,2,6,0,0,1,0,0,0,0,1,1,6,6,2,31,6,1388,1,18,FORD FUSION,2,E01020347,0,-1
2023501320995,2023,501320995,4,9,0,4,4,2,6,0,0,0,0,0,0,0,0,1,6,6,2,34,6,1388,1,20,FORD FUSION,8,E01019889,0,-1
2023010430812,2023,010430812,2,9,0,99,99,9,9,99,99,9,9,99,9,99,1,9,6,6,3,73,10,1596,1,19,FORD FUSION,8,E01022091,0,-1
2023361348251,2023,361348251,1,9,0,5,5,5,1,0,0,0,0,0,0,0,4,1,5,6,2,80,11,1596,1,15,FORD FUSION,6,E01026722,0,-1
2023421317283,2023,421317283,1,9,0,5,5,1,5,0,0,8,0,0,0,0,3,1,6,6,1,68,10,1399,2,17,FORD FUSION,4,E01015873,0,-1
2023010451135,2023,010451135,2,9,0,18,19,6,2,0,0,8,0,0,0,0,1,1,6,6,1,38,7,1596,1,14,FORD FUSION,4,E01003666,0,-1
2023501370069,2023,501370069,1,9,0,18,19,7,2,0,0,0,1,0,2,0,4,1,5,6,1,19,4,1388,1,18,FORD FUSION,7,E01020327,0,-1
2023520400299,2023,520400299,1,9,0,8,8,8,3,0,0,1,0,0,0,0,2,1,6,6,1,71,10,1399,2,16,FORD FUSION,10,E01015399,0,-1
2023332300638,2023,332300638,1,9,0,18,19,1,5,0,0,0,0,0,0,0,3,1,2,2,1,54,8,1388,1,16,FORD FUSION,5,E01025884,0,-1
2023531393122,2023,531393122,1,9,0,18,19,7,3,0,0,0,0,0,2,4,4,1,5,6,1,20,4,1388,1,16,FORD FUSION,2,W01001352,0,-1
2023421307851,2023,421307851,1,9,0,16,19,6,2,0,0,0,0,0,0,0,1,1,5,6,2,29,6,1388,1,17,FORD FUSION,5,E01021909,0,-1
2023010447606,2023,010447606,1,9,0,99,99,9,9,99,99,9,9,99,9,99,3,9,6,6,2,46,8,1596,1,18,FORD FUSION,6,E01003786,0,-1
2023440204141,2023,440204141,1,9,0,4,4,6,2,0,0,0,0,0,0,0,2,1,6,6,2,52,8,1596,1,19,FORD FUSION,5,E01023027,0,-1
2023361361665,2023,361361665,1,9,0,18,19,7,4,0,0,0,2,0,1,11,1,1,5,6,1,31,6,1596,1,14,FORD FUSION,5,E01001682,0,-1
2023201276570,2023,201276570,2,9,0,18,19,2,6,0,0,8,0,0,0,0,0,1,6,6,1,-1,-1,1388,1,15,FORD FUSION,5,E01008954,0,-1
2023991294819,2023,991294819,2,9,0,13,13,7,3,0,0,1,0,0,0,0,4,1,5,6,1,68,10,1388,1,17,FORD FUSION,2,-1,0,-1
2023101339673,2023,101339673,1,9,0,9,9,7,8,0,0,6,0,0,0,0,1,1,2,2,1,60,9,1399,2,19,FORD FUSION,3,E01008803,0,-1
2023010431597,2023,010431597,2,9,0,9,9,7,5,0,0,8,0,0,0,0,1,1,6,6,2,28,6,1388,1,13,FORD FUSION,9,E01001305,0,-1
2023131259157,2023,131259157,1,9,0,3,3,1,5,0,0,0,0,0,0,0,2,1,5,6,1,42,7,1388,1,19,FORD FUSION,2,E01011080,0,-1
2023340NN0582,2023,340NN0582,1,9,0,18,19,2,6,0,0,0,0,7,0,0,1,1,6,6,1,91,11,1388,1,13,FORD FUSION,9,E01027067,0,-1
2023401393004,2023,401393004,1,9,0,16,19,5,1,0,0,0,0,0,7,10,1,1,2,2,1,34,6,1388,1,17,FORD FUSION,5,E01015714,0,-1
2023351353959,2023,351353959,2,9,0,7,7,4,8,0,0,3,0,0,0,0,1,1,5,6,1,57,9,1388,1,14,FORD FUSION,8,E01026346,0,-1
2023440242853,2023,440242853,1,9,0,18,19,1,5,0,0,0,0,0,0,0,1,1,2,2,2,49,8,1388,1,19,FORD FUSION,5,E01033229,0,-1
2023231351283,2023,231351283,1,9,0,18,19,1,5,0,0,0,0,0,0,0,1,1,6,6,1,71,10,1388,1,18,FORD FUSION,2,E01009481,0,-1
2023131309396,2023,131309396,1,9,0,18,19,5,7,0,0,1,0,0,0,0,1,1,5,6,1,72,10,1399,2,18,FORD FUSION,7,W01000488,0,-1
2023501366215,2023,501366215,1,9,0,4,4,7,3,0,0,1,0,0,0,0,1,1,6,6,2,26,6,1388,1,16,FORD FUSION,9,E01020162,0,-1
2023471374183,2023,471374183,2,9,0,18,19,4,8,0,0,0,0,0,0,0,1,1,2,2,1,61,9,1560,2,16,FORD FUSION,2,E01016906,0,-1
2023552300695,2023,552300695,1,9,0,18,19,3,7,0,0,8,0,0,0,0,1,1,6,6,1,86,11,1560,2,14,FORD FUSION,10,E01020407,0,-1
2023010421097,2023,010421097,1,9,0,7,7,2,5,1,1,6,0,0,0,0,1,1,6,6,1,85,11,1596,1,15,FORD FUSION,9,E01030844,0,-1
2023302301934,2023,302301934,1,9,0,9,9,1,6,0,0,6,0,0,0,0,3,1,6,6,2,22,5,1388,1,13,FORD FUSION,2,E01019542,0,-1
2023461393830,2023,461393830,2,9,0,4,4,-1,-1,0,0,0,0,0,0,0,2,1,6,6,2,57,9,1388,1,13,FORD FUSION,7,E01024727,0,-1
2023052301984,2023,052301984,2,9,0,9,9,1,7,0,0,1,0,0,0,0,3,1,6,6,1,72,10,1399,2,16,FORD FUSION,1,E01007089,0,-1
2023610000723,2023,610000723,1,9,0,18,19,4,8,0,0,0,0,0,1,0,1,1,6,6,1,76,11,1388,1,19,FORD FUSION,2,W01001418,0,-1
2023010448165,2023,010448165,2,9,0,99,99,9,9,99,99,9,9,99,9,99,1,9,6,6,3,-1,-1,1596,1,18,FORD FUSION,2,E01022819,0,-1
2023552300515,2023,552300515,3,9,0,2,2,0,0,0,0,1,0,0,0,0,4,1,6,6,3,-1,-1,1399,2,14,FORD FUSION,-1,-1,0,-1
2023131301264,2023,131301264,1,9,0,4,4,1,5,0,0,2,5,4,0,0,1,1,2,2,2,22,5,1388,1,15,FORD FUSION,10,E01011401,0,-1
2023231358528,2023,231358528,2,9,0,18,19,2,6,0,0,1,0,0,0,0,1,1,6,6,2,20,4,1399,2,16,FORD FUSION,7,E01031007,0,-1
2023201325617,2023,201325617,3,9,0,2,2,0,0,0,0,1,0,0,0,0,3,1,5,6,1,78,11,1388,1,20,FORD FUSION,6,E01010233,0,-1
2023451376825,2023,451376825,2,9,0,18,19,1,1,0,0,0,0,0,0,0,2,1,6,6,1,30,6,1399,2,20,FORD FUSION,-1,-1,0,-1
2023231318822,2023,231318822,2,9,0,2,2,0,0,0,0,0,0,0,0,0,2,1,6,6,3,-1,-1,1596,1,19,FORD FUSION,-1,-1,0,-1
2023010420406,2023,010420406,2,9,0,99,99,9,9,99,99,9,9,99,9,99,1,9,6,6,1,61,9,1388,1,12,FORD FUSION,10,E01004190,0,-1
2023052300197,2023,052300197,2,9,0,17,19,6,3,0,0,1,0,0,0,0,1,1,6,6,1,80,11,1596,1,14,FORD FUSION,4,E01007288,0,-1
2023471290682,2023,471290682,1,9,0,4,4,4,8,0,0,1,0,0,0,0,1,1,5,6,1,65,9,1399,2,14,FORD FUSION,7,E01023198,0,-1
2023421319511,2023,421319511,1,9,0,9,9,3,1,0,0,1,0,4,0,0,1,1,5,6,1,86,11,1596,1,19,FORD FUSION,-1,-1,0,-1
2023351285026,2023,351285026,1,9,0,17,19,3,7,0,0,0,5,0,0,0,1,1,5,6,1,31,6,1399,2,14,FORD FUSION,5,E01018035,0,-1
2023451361240,2023,451361240,1,9,0,8,8,1,7,0,0,1,0,0,0,0,1,1,6,6,1,87,11,1596,1,18,FORD FUSION,6,E01030610,0,-1
2023471362668,2023,471362668,1,9,0,18,19,6,2,0,0,0,2,0,4,1,1,1,5,6,1,49,8,1388,1,17,FORD FUSION,6,E01031557,0,-1
2023340NN3282,2023,340NN3282,2,9,0,13,13,5,1,0,0,8,0,0,0,6,1,1,6,6,1,22,5,1388,1,14,FORD FUSION,7,E01027102,0,-1
2023052300563,2023,052300563,2,9,0,18,19,7,3,0,0,0,0,0,0,0,4,1,2,2,2,48,8,1388,1,13,FORD FUSION,5,E01006488,0,-1
2023340NN2812,2023,340NN2812,1,9,0,18,19,8,4,0,0,6,0,0,0,0,1,1,6,6,2,56,9,1596,1,15,FORD FUSION,1,E01026968,0,-1
2023141282966,2023,141282966,1,9,0,9,9,5,3,0,0,6,0,0,0,0,1,1,6,6,2,29,6,1596,1,16,FORD FUSION,1,E01033277,0,-1
2023451259887,2023,451259887,1,9,0,18,19,4,8,0,0,0,0,0,0,0,4,1,1,1,2,43,7,1388,1,19,FORD FUSION,6,E01031464,0,-1
2023070432857,2023,070432857,1,9,0,18,19,7,3,0,0,0,0,0,0,0,0,1,6,6,1,80,11,1388,1,19,FORD FUSION,9,E01018601,0,-1
2023552300206,2023,552300206,1,9,0,18,19,3,7,0,0,0,5,4,0,0,1,1,6,6,1,84,11,1399,2,19,FORD FUSION,7,E01015450,0,-1
2023421387525,2023,421387525,2,9,0,18,19,5,1,0,0,8,0,0,0,0,4,1,6,6,1,40,7,1388,1,12,FORD FUSION,8,E01021521,0,-1
2023451333794,2023,451333794,1,9,0,9,9,3,7,0,0,2,0,0,0,0,4,1,5,6,2,32,6,1596,1,18,FORD FUSION,10,E01030319,0,-1
2023302300087,2023,302300087,1,9,0,9,9,8,7,0,0,0,0,0,0,0,4,1,6,6,1,49,8,1596,1,17,FORD FUSION,3,E01013471,0,-1
2023161348320,2023,161348320,1,9,0,18,19,3,7,0,0,0,0,0,0,0,2,1,1,1,1,59,9,1399,2,19,FORD FUSION,1,E01013203,0,-1
2023421276005,2023,421276005,1,9,0,18,19,7,3,0,0,0,0,0,0,0,1,1,6,6,1,33,6,1596,1,19,FORD FUSION,7,E01021792,0,-1
2023010425368,2023,010425368,2,9,0,11,11,7,3,0,0,0,0,0,0,0,4,1,6,6,1,51,8,1560,2,17,FORD FUSION,5,E01003664,0,-1
2023440125090,2023,440125090,1,9,0,18,19,6,2,0,0,0,1,0,5,6,1,1,6,6,2,22,5,1596,1,12,FORD FUSION,9,E01023152,0,-1
2023320361467,2023,320361467,1,9,0,7,7,4,6,0,0,8,0,0,0,0,4,1,6,6,1,57,9,1388,1,20,FORD FUSION,1,E01028247,0,-1
2023302301394,2023,302301394,1,9,0,18,19,6,2,0,0,8,0,0,0,0,1,1,6,6,1,32,6,1399,2,14,FORD FUSION,3,E01019743,0,-1
2023161323730,2023,161323730,1,9,0,18,19,3,7,0,0,0,2,0,7,11,1,1,6,6,2,83,11,1388,1,12,FORD FUSION,10,E01013070,0,-1
202360A090380,2023,60A090380,2,9,0,3,3,6,2,0,0,0,0,0,0,0,2,1,3,7,2,34,6,1596,1,15,FORD FUSION,-1,-1,0,-1
2023070455962,2023,070455962,2,9,0,2,2,0,0,0,0,0,0,0,0,0,4,1,6,6,3,-1,-1,1388,1,15,FORD FUSION,4,E01012504,0,-1
2023471266200,2023,471266200,3,9,0,18,19,3,7,0,0,8,0,0,0,0,4,1,5,6,1,63,9,1388,1,16,FORD FUSION,4,E01016973,0,-1
2023501406646,2023,501406646,1,9,0,18,19,7,3,0,0,1,0,0,7,11,1,1,5,6,2,79,11,1596,1,13,FORD FUSION,6,E01019068,0,-1
2023052302120,2023,052302120,1,9,0,18,19,3,7,0,0,0,0,0,0,0,1,1,6,6,1,29,6,1388,1,16,FORD FUSION,1,E01006642,0,-1
2023461354296,2023,461354296,1,9,0,18,19,7,3,0,0,1,5,0,0,0,3,1,6,6,2,68,10,1399,2,13,FORD FUSION,2,E01024664,0,-1
2023501391776,2023,501391776,1,9,-1,18,19,2,6,0,0,0,0,0,0,0,3,1,6,6,1,22,5,1388,1,20,FORD FUSION,5,E01015225,0,-1
2023041264634,2023,041264634,1,9,0,5,5,-1,-1,0,0,0,1,0,0,0,1,2,6,6,3,-1,-1,1399,2,16,FORD FUSION,-1,-1,0,-1
2023461377612,2023,461377612,1,9,0,18,19,5,2,9,9,0,0,0,1,0,1,1,5,6,1,20,4,1399,2,12,FORD FUSION,4,E01024204,0,-1
2023141317076,2023,141317076,1,9,0,1,1,1,1,0,0,0,1,0,1,0,2,1,6,6,1,82,11,1596,1,13,FORD FUSION,6,E01008160,0,-1
2023302300638,2023,302300638,2,9,0,3,3,2,6,0,0,4,0,0,0,0,2,1,6,6,2,71,10,1596,1,13,FORD FUSION,7,E01019415,0,-1
2023440325701,2023,440325701,2,9,0,13,13,4,8,0,0,0,0,0,0,0,4,1,6,6,2,60,9,1596,1,18,FORD FUSION,4,E01017262,0,-1
2023471392211,2023,471392211,2,9,0,9,9,2,8,0,0,5,0,0,0,0,2,1,5,6,1,73,10,1560,2,16,FORD FUSION,4,E01026638,0,-1
2023070245550,2023,070245550,1,9,0,18,19,7,3,0,0,0,0,0,8,4,1,1,2,2,1,55,8,1596,1,20,FORD FUSION,4,E01012504,0,-1
2023411412504,2023,411412504,1,9,0,18,19,7,3,0,0,0,0,4,7,0,1,1,6,6,1,91,11,1560,2,13,FORD FUSION,7,E01023373,0,-1
2023231358369,2023,231358369,1,9,0,9,9,6,4,0,0,3,0,0,0,0,1,1,3,7,2,35,6,1596,1,15,FORD FUSION,2,E01031010,0,-1
2023991378155,2023,991378155,1,9,0,9,9,6,2,0,0,0,5,0,7,9,1,1,6,6,2,77,11,1399,2,16,FORD FUSION,5,-1,0,-1
2023461394128,2023,461394128,1,9,0,18,19,5,1,0,0,0,0,0,0,0,1,1,6,6,3,-1,-1,1399,2,17,FORD FUSION,-1,-1,0,-1
2023010478778,2023,010478778,2,9,0,99,99,9,9,99,99,9,9,99,9,99,9,9,6,6,3,-1,-1,1388,1,16,FORD FUSION,-1,-1,0,-1
2023131305811,2023,131305811,1,9,0,1,1,5,1,0,0,1,0,0,0,0,2,1,2,2,2,84,11,1388,1,13,FORD FUSION,2,E01011227,0,-1
2023111364455,2023,111364455,1,9,0,16,19,7,2,0,0,0,5,0,1,11,1,1,5,6,1,19,4,1560,2,15,FORD FUSION,2,E01020860,0,-1
2023361362870,2023,361362870,3,9,0,4,4,5,1,0,0,0,0,0,0,0,2,1,6,6,2,63,9,1399,2,19,FORD FUSION,4,E01026733,0,-1
2023320688925,2023,320688925,1,9,0,18,19,6,2,0,0,8,0,0,0,0,1,1,6,6,1,36,7,1596,1,15,FORD FUSION,1,E01026072,0,-1
2023501329290,2023,501329290,1,9,0,18,19,2,6,0,0,2,0,0,0,0,3,1,5,6,2,78,11,1596,1,14,FORD FUSION,3,E01020073,0,-1
2023461362550,2023,461362550,1,9,0,4,4,6,2,0,0,1,0,0,0,0,1,1,6,6,2,-1,-1,1388,1,16,FORD FUSION,-1,-1,0,-1
2023061302828,2023,061302828,2,9,0,3,3,-1,-1,0,0,1,0,0,0,0,2,1,2,2,2,34,6,1388,1,14,FORD FUSION,2,E01005450,0,-1
2023351357581,2023,351357581,2,9,0,4,4,1,5,0,0,1,0,0,0,0,2,1,6,6,1,70,10,1388,1,13,FORD FUSION,2,E01018063,0,-1
2023371302189,2023,371302189,1,9,0,18,19,3,7,0,0,1,0,0,0,0,1,1,6,6,1,87,11,1596,1,15,FORD FUSION,8,E01029917,0,-1
2023231351908,2023,231351908,1,9,0,5,5,4,8,0,0,0,0,4,0,0,1,1,5,6,2,80,11,1596,1,14,FORD FUSION,8,E01031223,0,-1
202363A016423,2023,63A016423,1,9,0,18,19,5,1,0,0,8,0,0,3,10,1,1,6,6,1,87,11,1388,1,14,FORD FUSION,3,W01000711,0,-1
2023461361516,2023,461361516,1,9,0,5,5,1,5,9,9,0,0,0,0,0,3,1,6,6,2,24,5,1388,1,17,FORD FUSION,5,E01024095,0,-1
2023451339778,2023,451339778,1,9,0,18,19,1,5,0,0,0,0,0,0,0,2,1,6,6,3,45,7,1388,1,18,FORD FUSION,5,E01030481,0,-1
2023010473298,2023,010473298,1,9,0,99,99,9,9,99,99,9,9,99,9,99,2,9,6,6,1,44,7,1596,1,20,FORD FUSION,3,E01000635,0,-1
2023052302126,2023,052302126,2,9,0,18,19,1,5,0,0,8,0,0,0,0,3,1,6,6,1,60,9,1388,1,12,FORD FUSION,6,E01025500,0,-1
2023010458122,2023,010458122,1,9,9,3,3,4,8,0,0,4,9,0,9,99,2,1,6,6,1,59,9,1596,1,16,FORD FUSION,10,E01030512,0,-1
2023332301303,2023,332301303,2,9,0,9,9,5,3,0,0,6,0,0,0,0,1,1,6,6,1,-1,-1,1399,2,16,FORD FUSION,-1,-1,0,-1
2023421324290,2023,421324290,1,9,0,18,19,3,7,0,0,0,0,0,0,0,1,1,6,6,2,19,4,1388,1,15,FORD FUSION,10,E01021643,0,-1
2023421352728,2023,421352728,2,9,0,4,4,3,7,0,0,0,0,0,0,0,2,1,5,6,2,28,6,1388,1,14,FORD FUSION,2,E01021270,0,-1
2023421281371,2023,421281371,2,9,0,18,19,7,4,0,0,1,0,0,1,0,1,1,6,6,2,76,11,1399,2,19,FORD FUSION,5,E01021297,0,-1
2023031280627,2023,031280627,2,9,0,18,19,8,4,0,0,8,0,0,0,0,1,1,5,6,2,72,10,1596,1,18,FORD FUSION,-1,-1,0,-1
2023010448178,2023,010448178,1,9,0,18,19,5,1,0,0,0,0,4,0,0,1,1,6,6,1,32,6,1388,1,20,FORD FUSION,3,E01000872,0,-1
2023610039523,2023,610039523,1,9,0,18,19,5,1,0,0,0,0,0,1,4,3,1,1,1,1,23,5,1399,2,13,FORD FUSION,6,W01000539,0,-1
2023541775923,2023,541775923,1,9,0,18,19,1,5,0,0,0,1,0,0,0,4,1,1,1,1,33,6,1399,2,16,FORD FUSION,4,E01015494,0,-1
2023221367031,2023,221367031,1,9,0,18,19,4,1,0,0,8,1,0,7,0,1,1,5,6,1,21,5,1388,1,16,FORD FUSION,6,E01014006,0,-1
2023631342513,2023,631342513,1,9,0,17,19,8,5,0,0,0,0,0,0,0,2,1,5,6,1,51,8,1560,2,17,FORD FUSION,5,W01000719,0,-1
2023320663546,2023,320663546,1,9,0,18,19,2,6,0,0,1,5,0,1,1,1,1,6,6,2,17,4,1596,1,19,FORD FUSION,4,E01026060,0,-1
2023440105245,2023,440105245,1,9,0,18,19,6,2,0,0,0,0,0,0,0,1,1,6,6,1,88,11,1560,2,13,FORD FUSION,9,E01022958,0,-1
2023061363031,2023,061363031,1,9,0,18,19,1,5,0,0,0,0,0,0,0,1,1,6,6,1,38,7,1596,1,17,FORD FUSION,6,E01007164,0,-1
2023991305081,2023,991305081,1,9,0,9,9,1,4,0,0,0,5,0,1,0,1,1,5,6,1,39,7,1560,2,15,FORD FUSION,4,-1,0,-1
2023311301757,2023,311301757,2,9,0,17,19,3,3,0,0,0,0,0,0,0,1,1,5,6,1,66,10,1388,1,13,FORD FUSION,3,E01028030,0,-1
2023461321841,2023,461321841,1,9,0,16,19,7,2,0,0,0,2,0,1,11,1,1,6,6,2,39,7,1399,2,16,FORD FUSION,10,E01024778,0,-1
2023522300986,2023,522300986,1,9,0,9,9,5,3,0,0,5,0,0,0,0,1,1,6,6,2,38,7,1596,1,17,FORD FUSION,2,E01014565,0,-1
2023302301218,2023,302301218,1,9,0,18,19,3,7,0,0,1,0,0,0,0,1,1,6,6,2,18,4,1596,1,16,FORD FUSION,8,E01019659,0,-1
2023041352407,2023,041352407,1,9,0,9,9,1,5,0,0,1,0,0,0,0,3,1,5,6,1,79,11,1388,1,19,FORD FUSION,1,E01025447,0,-1
2023332301028,2023,332301028,2,9,0,18,19,8,4,0,0,0,0,0,0,0,1,1,6,6,1,73,10,1399,2,14,FORD FUSION,5,E01025936,0,-1
2023520400638,2023,520400638,1,9,0,18,19,5,1,0,0,0,0,0,0,0,1,1,6,6,2,45,7,1596,1,14,FORD FUSION,8,E01029122,0,-1
2023101265033,2023,101265033,1,9,0,9,9,3,1,0,0,6,0,0,7,4,1,1,5,6,2,64,9,1596,1,17,FORD FUSION,1,E01008382,0,-1
2023302300078,2023,302300078,1,9,0,3,3,2,6,0,0,0,0,0,0,0,2,1,3,7,2,44,7,1388,1,15,FORD FUSION,8,E01019757,0,-1
2023421322023,2023,421322023,2,9,0,2,2,0,0,9,9,0,0,0,0,0,4,1,6,6,3,-1,-1,1388,1,18,FORD FUSION,-1,-1,0,-1
2023010422278,2023,010422278,2,9,0,18,19,3,7,0,0,1,0,0,0,0,1,1,6,6,1,49,8,1388,1,16,FORD FUSION,2,E01003237,0,-1
2023070948480,2023,070948480,1,9,0,17,19,5,3,0,0,1,1,0,0,0,1,1,6,6,1,51,8,1388,1,17,FORD FUSION,2,E01006858,0,-1
2023031321200,2023,031321200,2,9,0,18,19,8,4,0,0,1,0,0,0,0,1,1,6,6,2,40,7,1596,1,17,FORD FUSION,-1,-1,0,-1
2023311275300,2023,311275300,2,9,0,2,2,0,0,9,9,0,1,0,0,0,1,1,5,6,1,72,10,1596,1,15,FORD FUSION,2,E01013835,0,-1
2023041347976,2023,041347976,1,9,0,9,9,5,1,0,0,1,0,0,0,0,1,1,5,6,2,35,6,1596,1,18,FORD FUSION,2,E01025055,0,-1
2023501315214,2023,501315214,1,9,0,18,19,6,2,0,0,1,0,0,0,0,4,1,5,6,1,90,11,1399,2,15,FORD FUSION,4,E01018965,0,-1
2023131345466,2023,131345466,3,9,0,18,19,7,3,0,0,1,2,0,0,0,1,1,1,1,1,70,10,1596,1,11,FORD FUSION,7,E01011524,0,-1
2023461320982,2023,461320982,2,9,0,18,19,4,8,0,0,5,0,0,0,0,1,1,6,6,1,70,10,1388,1,14,FORD FUSION,6,E01016113,0,-1
2023041352538,2023,041352538,3,9,0,9,9,7,5,0,0,2,0,0,0,0,0,1,5,6,2,54,8,1399,2,17,FORD FUSION,1,E01025151,0,-1
2023440143384,2023,440143384,2,9,0,10,10,2,8,0,0,1,0,0,0,0,2,1,6,6,2,27,6,1596,1,16,FORD FUSION,6,E01023155,0,-1
2023010452595,2023,010452595,4,9,0,4,4,7,3,0,0,0,0,0,0,0,2,1,6,6,1,43,7,1596,1,19,FORD FUSION,9,E01028624,0,-1
2023552300568,2023,552300568,2,9,0,4,4,5,1,0,0,0,0,0,0,0,2,1,6,6,2,24,5,1388,1,19,FORD FUSION,6,E01020476,0,-1
2023161275739,2023,161275739,2,9,0,5,5,5,4,0,0,0,0,0,0,0,1,1,5,6,1,75,10,1388,1,15,FORD FUSION,2,E01013291,0,-1
2023371289532,2023,371289532,1,9,0,2,2,5,1,0,0,0,0,0,0,0,0,1,5,6,2,55,8,1596,1,19,FORD FUSION,8,E01030237,0,-1
2023052300310,2023,052300310,1,9,0,9,9,1,3,0,0,5,0,0,0,0,4,1,1,1,2,48,8,1596,1,15,FORD FUSION,5,E01006261,0,-1
2023451275020,2023,451275020,1,9,0,18,19,1,5,0,0,1,0,0,0,0,1,1,5,6,1,26,6,1388,1,16,FORD FUSION,9,E01030431,0,-1
202354B067423,2023,54B067423,1,9,0,18,19,6,2,0,0,1,1,0,3,11,1,1,6,6,1,48,8,1596,1,15,FORD FUSION,4,E01032036,0,-1
2023311343887,2023,311343887,1,9,0,18,19,2,4,0,0,0,2,7,0,0,1,1,6,6,1,61,9,1388,1,15,FORD FUSION,-1,-1,0,-1
2023552301225,2023,552301225,1,9,0,16,19,2,4,0,0,0,0,0,0,0,1,1,6,6,2,18,4,1388,1,19,FORD FUSION,7,E01020537,0,-1
2023430472552,2023,430472552,1,9,0,18,19,8,4,0,0,0,0,0,0,0,1,1,2,2,2,50,8,1399,2,14,FORD FUSION,9,E01016703,0,-1
2023991305293,2023,991305293,1,9,0,18,19,3,7,0,0,4,0,0,6,0,1,1,5,6,1,60,9,1399,2,16,FORD FUSION,2,-1,0,-1
2023141328857,2023,141328857,1,9,0,18,19,8,4,0,0,1,0,0,0,0,1,1,6,6,3,-1,-1,1388,1,12,FORD FUSION,-1,-1,0,-1
2023141390249,2023,141390249,1,9,0,7,7,1,3,0,0,1,0,0,0,0,2,1,5,6,2,68,10,1399,2,16,FORD FUSION,4,E01007479,0,-1
2023461351428,2023,461351428,1,9,0,5,5,3,7,0,0,0,0,0,0,0,1,1,6,6,2,-1,-1,1388,1,15,FORD FUSION,4,E01024586,0,-1
2023161290081,2023,161290081,1,9,0,17,19,4,1,0,0,0,0,0,1,10,1,1,5,6,1,33,6,1388,1,16,FORD FUSION,1,E01012948,0,-1
2023461353624,2023,461353624,2,9,0,18,19,3,7,0,0,0,0,0,0,0,3,1,6,6,1,42,7,1399,2,18,FORD FUSION,3,E01016037,0,-1
2023010470953,2023,010470953,4,9,0,3,3,3,7,0,0,0,0,0,0,0,2,2,6,6,2,51,8,1596,1,16,FORD FUSION,3,E01003725,0,-1
2023311306831,2023,311306831,2,9,0,18,19,8,4,0,0,1,0,0,0,0,0,1,6,6,2,18,4,1399,2,13,FORD FUSION,4,E01028130,0,-1
2023991307265,2023,991307265,1,9,0,18,19,4,2,0,0,1,0,0,0,0,1,1,5,6,2,92,11,1388,1,15,FORD FUSION,4,-1,0,-1
2023221273875,2023,221273875,2,9,0,14,14,6,2,0,0,0,0,0,0,0,1,1,5,6,1,86,11,1560,2,14,FORD FUSION,5,E01014000,0,-1
2023010487193,2023,010487193,1,9,0,2,2,0,0,7,6,1,0,8,0,0,3,1,6,6,3,-1,-1,1596,1,14,FORD FUSION,-1,-1,0,-1
2023010428027,2023,010428027,1,9,0,5,5,5,1,0,0,8,0,0,0,0,1,1,6,6,1,42,7,1596,1,18,FORD FUSION,3,E01001752,0,-1
2023161365155,2023,161365155,1,9,0,18,19,5,1,0,0,2,0,0,0,0,1,1,5,6,2,66,10,1388,1,17,FORD FUSION,2,E01012884,0,-1
2023501398084,2023,501398084,1,9,0,18,19,7,5,0,0,1,2,0,1,9,1,1,1,1,1,49,8,1596,1,13,FORD FUSION,5,E01018960,0,-1