collision_index,collision_year,collision_ref_no,vehicle_reference,vehicle_type,towing_and_articulation,vehicle_manoeuvre_historic,vehicle_manoeuvre,vehicle_direction_from,vehicle_direction_to,vehicle_location_restricted_lane_historic,vehicle_location_restricted_lane,junction_location,skidding_and_overturning,hit_object_in_carriageway,vehicle_leaving_carriageway,hit_object_off_carriageway,first_point_of_impact,vehicle_left_hand_drive,journey_purpose_of_driver_historic,journey_purpose_of_driver,sex_of_driver,age_of_driver,age_band_of_driver,engine_capacity_cc,propulsion_code,age_of_vehicle,generic_make_model,driver_imd_decile,lsoa_of_driver,escooter_flag,driver_distance_banding
2023061322262,2023,061322262,2,9,0,18,19,7,4,0,0,1,0,0,0,0,1,1,6,6,2,60,9,1388,1,15,FORD FUSION,2,E01005504,0,-1
2023471292615,2023,471292615,1,9,0,18,19,6,2,0,0,0,5,0,0,0,1,1,2,2,1,30,6,1388,1,17,FORD FUSION,4,E01031716,0,-1
2023451277859,2023,451277859,1,9,0,18,19,1,5,0,0,1,0,0,0,0,2,1,5,6,2,35,6,1596,1,14,FORD FUSION,5,E01030981,0,-1
2023031380515,2023,031380515,2,9,0,18,19,4,8,0,0,0,0,0,0,0,1,1,6,6,2,68,10,1399,2,15,FORD FUSION,5,E01019310,0,-1
2023440147226,2023,440147226,2,9,0,4,4,2,6,0,0,0,0,0,0,0,2,1,6,6,1,42,7,1596,1,16,FORD FUSION,9,E01028492,0,-1
2023061334190,2023,061334190,1,9,0,9,9,5,3,0,0,8,0,0,0,0,4,1,2,2,2,32,6,1388,1,14,FORD FUSION,2,E01005981,0,-1
2023201397572,2023,201397572,2,9,0,18,19,2,6,0,0,8,0,0,0,0,3,1,6,6,1,25,5,1560,2,17,FORD FUSION,3,E01010512,0,-1
2023010483151,2023,010483151,2,9,9,18,19,1,5,99,99,9,9,0,9,0,9,9,6,6,3,-1,-1,1388,1,18,FORD FUSION,-1,-1,0,-1
2023141267178,2023,141267178,1,9,0,9,9,6,3,0,0,5,0,0,3,11,2,1,2,2,2,35,6,1388,1,19,FORD FUSION,6,E01019782,0,-1
2023010437278,2023,010437278,1,9,0,8,8,5,7,0,0,6,0,0,0,0,1,1,3,7,2,42,7,1596,1,17,FORD FUSION,2,E01000059,0,-1
2023501295344,2023,501295344,2,9,0,11,11,5,1,0,0,0,0,0,0,0,3,1,6,6,1,41,7,1596,1,14,FORD FUSION,3,E01015148,0,-1
2023170S11123,2023,170S11123,2,9,0,3,3,7,3,0,0,1,0,0,0,0,2,1,6,6,2,31,6,1399,2,16,FORD FUSION,3,E01012194,0,-1
2023610028523,2023,610028523,2,9,0,18,19,8,4,0,0,0,0,0,0,0,2,1,6,6,1,80,11,1596,1,14,FORD FUSION,2,W01001483,0,-1
2023552300980,2023,552300980,2,9,0,18,19,7,3,0,0,8,0,0,0,0,1,1,6,6,1,20,4,1388,1,19,FORD FUSION,2,E01020348,0,-1
2023471330909,2023,471330909,1,9,0,18,19,2,6,0,0,2,0,0,0,0,1,1,6,6,1,-1,-1,1388,1,16,FORD FUSION,4,E01016925,0,-1
2023411342709,2023,411342709,2,9,0,18,19,5,1,0,0,0,0,0,0,0,3,1,5,6,1,32,6,1388,1,21,FORD FUSION,1,E01015771,0,-1
2023201315962,2023,201315962,2,9,0,3,3,6,8,0,0,1,0,0,0,0,2,1,6,6,1,39,7,1388,1,17,FORD FUSION,1,E01010238,0,-1
2023371370284,2023,371370284,3,9,0,3,3,5,1,0,0,1,0,0,0,0,2,1,6,6,2,55,8,1596,1,19,FORD FUSION,9,E01030033,0,-1
2023430444784,2023,430444784,2,9,0,18,19,6,2,0,0,6,0,0,0,0,1,1,6,6,2,-1,-1,1388,1,19,FORD FUSION,-1,-1,0,-1
2023141343694,2023,141343694,2,9,0,7,7,1,3,0,0,2,1,0,2,10,1,1,6,6,2,80,11,1388,1,14,FORD FUSION,2,E01007782,0,-1
2023610012323,2023,610012323,1,9,0,18,19,2,6,5,5,0,0,0,0,10,1,1,6,6,1,94,11,1560,2,18,FORD FUSION,5,W01001350,0,-1
2023991345271,2023,991345271,1,9,0,18,19,5,1,0,0,0,2,0,1,9,1,1,5,6,2,31,6,1596,1,14,FORD FUSION,6,-1,0,-1
2023471383645,2023,471383645,1,9,0,5,5,5,3,0,0,6,0,0,0,0,3,1,6,6,2,64,9,1596,1,17,FORD FUSION,9,E01031532,0,-1
2023010444481,2023,010444481,1,9,0,99,99,9,9,99,99,9,9,99,9,99,2,9,2,2,1,43,7,1388,1,14,FORD FUSION,2,E01003479,0,-1
2023141265109,2023,141265109,1,9,0,18,19,8,4,0,0,0,0,0,0,0,1,1,6,6,1,-1,-1,1388,1,13,FORD FUSION,-1,-1,0,-1
2023010453527,2023,010453527,1,9,0,8,8,1,3,0,0,1,0,0,0,0,3,1,6,6,1,48,8,-1,3,1,-1,3,E01003331,0,-1
2023010428653,2023,010428653,1,90,0,18,19,3,7,0,0,1,0,0,0,0,1,1,1,1,1,46,8,-1,-1,-1,-1,2,E01003991,0,-1
2023122301190,2023,122301190,2,4,0,18,19,1,5,0,0,0,0,0,0,0,4,1,6,6,1,21,5,124,1,24,-1,7,E01013126,0,-1
2023320228004,2023,320228004,2,5,0,13,13,7,3,0,0,1,5,0,0,0,4,1,6,6,1,65,9,1084,1,1,-1,7,E01026369,0,-1
2023010483082,2023,010483082,1,5,0,16,19,3,7,0,0,1,0,0,0,0,1,1,1,1,1,27,6,1084,1,0,-1,5,E01004188,0,-1
2023421372784,2023,421372784,2,5,0,14,14,3,7,0,0,1,0,0,0,0,1,1,6,6,1,62,9,1084,1,0,-1,9,E01021948,0,-1
2023010459408,2023,010459408,2,5,0,18,19,7,3,0,0,0,0,0,0,0,1,1,6,6,1,60,9,1084,1,0,-1,-1,-1,0,-1
2023141279491,2023,141279491,1,5,0,4,4,4,2,0,0,0,0,0,0,0,2,1,1,1,1,45,7,1084,1,2,-1,3,E01028064,0,-1
2023471312975,2023,471312975,1,5,0,18,19,6,2,0,0,1,1,0,0,0,1,1,6,6,1,67,10,1084,1,2,-1,1,E01020994,0,-1
2023991294972,2023,991294972,1,5,0,18,19,6,2,0,0,0,0,0,0,0,1,1,5,6,2,56,9,1084,1,1,-1,2,-1,0,-1
2023231267313,2023,231267313,2,5,0,15,15,8,4,0,0,8,0,0,0,0,1,1,5,6,1,48,8,1084,1,2,-1,8,E01031103,0,-1
2023311319437,2023,311319437,1,5,0,16,19,3,5,0,0,1,0,0,0,0,1,1,5,6,1,70,10,1084,1,2,-1,6,E01013250,0,-1
2023131324958,2023,131324958,2,4,0,18,19,2,6,0,0,0,2,0,0,0,1,1,5,6,1,73,10,745,1,11,-1,2,E01011925,0,-1
2023101290792,2023,101290792,2,3,0,18,19,2,6,0,0,1,0,0,0,0,1,1,2,2,1,55,8,745,1,11,-1,8,E01027418,0,-1
2023421350989,2023,421350989,2,5,0,16,19,3,7,0,0,1,0,0,0,0,1,1,6,6,1,78,11,745,1,11,-1,7,E01021978,0,-1
2023161304173,2023,161304173,1,5,0,17,19,4,8,0,0,0,0,0,1,0,4,1,5,6,1,48,8,745,1,10,-1,9,E01013260,0,-1
2023010463298,2023,010463298,2,5,0,13,13,3,7,0,0,5,0,0,0,0,1,1,2,2,1,31,6,897,1,10,-1,4,E01033727,0,-1
2023471365716,2023,471365716,2,5,0,18,19,5,1,0,0,4,0,0,1,0,3,1,5,6,1,62,9,897,1,10,-1,5,E01021074,0,-1
2023010468450,2023,010468450,2,9,0,18,19,1,5,0,0,8,0,0,0,0,1,1,6,6,1,64,9,4235,1,53,-1,1,E01004214,0,-1
2023221305659,2023,221305659,3,9,0,4,4,4,8,0,0,0,0,0,0,0,2,1,5,6,1,76,11,4235,1,-1,-1,2,E01032481,0,-1
2023332300770,2023,332300770,1,9,0,18,19,3,7,0,0,8,0,0,1,2,3,1,6,6,1,37,7,-1,3,0,MG 4,5,E01013612,0,-1
2023010478123,2023,010478123,2,9,0,99,99,9,9,99,99,9,9,99,0,0,9,9,6,6,3,48,8,-1,3,0,MG 4,3,E01000148,0,-1
2023501389468,2023,501389468,1,9,0,18,19,3,7,0,0,0,1,10,0,0,3,1,6,6,1,41,7,-1,3,0,MG 4,1,E01015030,0,-1
2023201418571,2023,201418571,2,9,0,3,3,4,8,0,0,0,0,0,0,0,2,1,6,6,1,37,7,-1,3,1,MG 4,3,E01009095,0,-1
2023451350659,2023,451350659,1,9,0,9,9,2,6,0,0,0,0,0,3,0,4,1,5,6,1,63,9,-1,3,0,MG 4,9,E01003005,0,-1
2023401364130,2023,401364130,1,9,0,10,10,-1,-1,0,0,0,0,0,7,2,1,1,5,6,2,51,8,-1,3,0,MG 4,6,E01015775,0,-1
2023522401103,2023,522401103,1,9,0,6,6,2,2,0,0,8,0,0,0,0,3,1,6,6,1,52,8,-1,3,0,MG 4,10,E01015014,0,-1
2023311388432,2023,311388432,2,9,0,18,19,5,1,0,0,0,0,0,0,0,2,1,5,6,1,33,6,-1,3,0,MG 4,-1,-1,0,-1
2023070753095,2023,070753095,1,9,0,18,19,6,2,0,0,1,1,0,0,0,2,1,2,2,1,57,9,-1,3,0,MG 4,-1,-1,0,-1
2023451371394,2023,451371394,1,9,0,17,19,1,5,0,0,0,0,0,0,0,2,1,5,6,1,49,8,-1,3,0,MG 4,7,E01021220,0,-1
2023231269849,2023,231269849,1,9,0,18,19,8,4,0,0,0,0,10,1,11,1,1,5,6,1,69,10,-1,3,1,MG 4,5,E01032530,0,-1
2023010473319,2023,010473319,1,9,0,5,5,5,1,9,9,6,0,0,0,0,1,1,6,6,2,33,6,-1,3,0,MG 4,4,E01000926,0,-1
2023320097558,2023,320097558,1,9,0,18,19,4,7,0,0,6,0,0,0,0,1,1,6,6,2,53,8,-1,3,0,MG 4,7,E01026275,0,-1
2023520400754,2023,520400754,1,9,0,18,19,7,3,0,0,0,0,0,1,10,1,1,6,6,2,34,6,-1,3,0,MG 4,-1,-1,0,-1
2023411367620,2023,411367620,2,9,0,4,4,-1,-1,0,0,0,0,0,0,0,2,1,2,2,1,38,7,-1,3,0,MG 4,10,E01023628,0,-1
2023421375138,2023,421375138,1,9,0,18,19,1,5,0,0,0,0,0,0,0,1,1,5,6,2,65,9,-1,3,0,MG 4,6,E01021761,0,-1
2023522301844,2023,522301844,2,9,0,18,19,7,3,0,0,1,0,0,0,0,1,1,6,6,2,45,7,-1,3,1,MG 4,1,E01014639,0,-1
2023320098548,2023,320098548,1,9,0,3,3,8,4,0,0,1,0,0,0,0,1,1,1,1,2,19,4,-1,3,1,MG 4,3,E01026023,0,-1
2023520400307,2023,520400307,2,9,0,6,6,6,6,0,0,0,0,0,0,0,3,1,6,6,2,29,6,-1,3,0,MG 4,-1,-1,0,-1
2023122400093,2023,122400093,2,9,0,17,19,4,8,0,0,1,0,10,0,0,4,1,6,6,1,57,9,-1,3,0,MG 4,7,E01025180,0,-1
2023440102072,2023,440102072,1,9,0,3,3,1,5,0,0,8,0,0,0,0,3,1,3,7,1,45,7,-1,3,0,MG 4,4,E01022711,0,-1
2023991386711,2023,991386711,1,9,0,18,19,5,1,0,0,0,0,0,0,0,2,1,2,2,1,26,6,-1,3,1,MG 4,6,E01018208,0,-1
2023010456576,2023,010456576,1,9,0,18,19,5,1,0,0,1,0,0,0,0,4,1,6,6,2,31,6,-1,3,0,MG 4,2,E01003253,0,-1
2023010476527,2023,010476527,2,8,0,99,99,9,9,99,99,9,9,99,9,99,2,9,6,6,3,-1,-1,-1,3,0,-1,-1,-1,0,-1
2023010474186,2023,010474186,1,9,0,99,99,9,9,0,0,0,9,99,9,99,2,9,2,2,2,52,8,-1,3,0,MG 4,-1,-1,0,-1
2023540657423,2023,540657423,1,9,0,9,9,2,8,0,0,8,0,0,0,0,1,1,2,2,2,53,8,-1,3,1,MG 4,9,E01031890,0,-1
2023122300840,2023,122300840,1,9,0,18,19,5,1,0,0,0,0,0,0,0,4,1,2,2,1,51,8,-1,3,1,MG 4,1,E01012948,0,-1
2023161365048,2023,161365048,1,9,0,10,10,5,2,0,0,4,0,0,0,0,1,1,6,6,1,64,9,-1,3,0,MG 4,7,E01013075,0,-1
2023461347818,2023,461347818,2,9,0,18,19,7,3,0,0,0,0,0,1,0,2,1,5,6,1,69,10,-1,3,0,MG 4,3,E01024534,0,-1
2023552301337,2023,552301337,2,9,0,18,19,6,2,0,0,8,0,0,0,0,1,1,6,6,1,74,10,-1,3,0,MG 4,6,E01020490,0,-1
2023340WN5852,2023,340WN5852,3,9,0,4,4,6,2,0,0,1,0,0,0,0,2,1,6,6,1,31,6,-1,3,0,MG 4,-1,-1,0,-1
2023461296314,2023,461296314,2,9,0,4,4,7,3,0,0,0,0,0,0,0,2,1,6,6,1,42,7,-1,3,0,MG 4,2,E01024477,0,-1
2023302301794,2023,302301794,2,9,0,13,13,3,7,0,0,0,0,0,0,0,4,1,6,6,2,22,5,-1,3,0,MG 4,3,E01019400,0,-1
2023430424026,2023,430424026,2,9,0,18,19,3,7,0,0,8,0,0,0,0,4,1,6,6,2,46,8,-1,3,0,MG 4,10,E01032554,0,-1
2023440398233,2023,440398233,1,9,0,5,5,5,1,0,0,6,0,0,1,0,1,1,3,7,3,68,10,-1,3,0,MG 4,10,E01032616,0,-1
2023131372552,2023,131372552,2,9,0,18,19,1,6,0,0,0,0,0,0,0,0,1,5,6,2,41,7,-1,3,0,MG 4,7,E01018592,0,-1
2023010467484,2023,010467484,2,9,0,99,99,9,9,99,99,9,9,99,9,99,2,9,6,6,3,-1,-1,-1,3,1,MG 4,-1,-1,0,-1
2023010477194,2023,010477194,2,9,0,99,99,9,9,99,99,9,9,99,9,99,1,9,6,6,3,43,7,-1,3,0,MG 4,2,E01000014,0,-1
2023411330573,2023,411330573,2,9,-1,-1,-1,4,2,-1,-1,0,-1,-1,-1,0,-1,1,5,6,1,38,7,-1,3,0,MG 4,3,E01001311,0,-1
2023471334517,2023,471334517,2,9,0,18,19,3,7,0,0,1,0,0,0,0,1,1,1,1,2,41,7,-1,3,0,MG 4,10,E01031729,0,-1
2023401391348,2023,401391348,2,9,0,18,19,6,2,0,0,1,1,0,7,9,4,1,2,2,2,40,7,-1,3,0,MG 4,10,E01017392,0,-1
2023332300155,2023,332300155,1,9,0,9,9,4,2,0,0,1,0,0,0,0,2,1,6,6,1,65,9,-1,3,1,MG 4,4,E01025749,0,-1
2023451382107,2023,451382107,1,9,0,1,1,5,1,9,9,0,0,0,0,0,2,1,5,6,1,45,7,-1,3,0,MG 4,10,E01030792,0,-1
2023010486523,2023,010486523,1,8,0,99,99,9,9,99,99,9,9,99,9,99,1,9,6,6,3,39,7,-1,3,1,-1,9,E01000293,0,-1
2023430409322,2023,430409322,1,9,0,18,19,5,1,0,0,1,0,0,0,0,1,1,3,7,1,43,7,-1,3,0,MG 4,7,E01017705,0,-1
202360A076238,2023,60A076238,2,9,0,17,19,4,1,0,0,0,0,0,0,0,1,1,6,6,1,49,8,-1,3,1,MG 4,-1,-1,0,-1
2023010472397,2023,010472397,1,9,0,18,19,1,5,0,0,6,0,0,9,99,1,9,6,6,1,52,8,-1,3,0,MG 4,8,E01024822,0,-1
2023010456438,2023,010456438,1,9,0,99,99,9,9,99,99,9,9,99,9,99,1,9,6,6,1,30,6,-1,3,0,MG 4,1,E01003048,0,-1
2023622300396,2023,622300396,1,9,0,18,19,2,6,0,0,0,1,0,4,6,1,1,2,2,1,34,6,1951,2,20,-1,7,W01001118,0,-1
2023201376061,2023,201376061,1,9,0,18,19,6,2,0,0,0,0,0,0,0,1,1,6,6,3,-1,-1,1951,2,19,-1,-1,-1,0,-1
202360A012691,2023,60A012691,1,9,0,5,5,2,6,0,0,6,0,0,0,0,0,1,6,6,1,54,8,1796,1,18,-1,-1,-1,0,-1
2023430342345,2023,430342345,1,9,0,16,19,2,5,0,0,0,2,0,7,9,1,1,6,6,1,57,9,1796,1,18,-1,10,E01028475,0,-1
2023010485174,2023,010485174,1,9,0,99,99,9,9,99,99,0,9,99,9,99,2,9,6,6,3,-1,-1,1796,1,18,-1,-1,-1,0,-1
2023471314555,2023,471314555,1,9,0,18,19,8,4,0,0,0,0,0,0,0,1,1,5,6,1,43,7,1809,1,37,-1,8,E01003812,0,-1
2023070524987,2023,070524987,2,9,0,3,3,3,7,0,0,0,0,0,0,0,4,1,6,6,1,79,11,249,1,13,-1,-1,-1,0,-1
2023501367846,2023,501367846,2,3,0,18,19,7,3,0,0,1,0,0,0,0,3,1,5,6,1,24,5,124,1,0,SYM NH,5,E01020208,0,-1
2023061319874,2023,061319874,2,3,0,18,19,8,4,0,0,8,0,0,0,0,1,1,2,2,1,19,4,124,1,3,SYM NH,1,E01004859,0,-1
2023421385709,2023,421385709,1,3,0,18,19,7,1,0,0,2,1,0,0,0,1,1,5,6,1,18,4,124,1,3,SYM NH,7,E01033057,0,-1
2023552300549,2023,552300549,1,3,0,18,19,7,3,0,0,3,0,0,0,0,0,1,2,2,1,27,6,124,1,1,SYM NH,8,E01015436,0,-1
2023010433776,2023,010433776,2,4,0,18,19,1,5,0,0,1,0,0,0,0,1,1,6,6,1,18,4,124,1,4,-1,2,E01000027,0,-1
2023320345615,2023,320345615,2,3,0,18,19,6,2,0,0,8,0,0,0,0,3,1,6,6,1,19,4,124,1,2,SYM NH,3,E01026124,0,-1
2023041351382,2023,041351382,1,3,0,16,19,3,7,0,0,0,0,0,0,0,1,1,5,6,1,19,4,124,1,4,SYM NH,1,E01005731,0,-1
2023522300443,2023,522300443,1,3,0,16,19,3,7,0,0,1,0,0,0,0,1,1,6,6,1,36,7,124,1,3,SYM NH,9,E01014738,0,-1
2023549716123,2023,549716123,2,3,0,18,19,3,7,0,0,1,0,0,0,0,4,1,6,6,1,17,4,124,1,2,SYM NH,9,E01022204,0,-1
2023401313711,2023,401313711,2,3,0,18,19,-1,-1,0,0,1,5,0,0,0,1,1,5,6,1,17,4,124,1,2,SYM NH,7,E01017524,0,-1
2023991316839,2023,991316839,2,3,0,17,19,8,4,0,0,0,0,0,0,0,1,1,5,6,1,17,4,124,1,3,SYM NH,7,-1,0,-1
2023501324239,2023,501324239,1,3,0,16,19,3,6,0,0,0,1,0,0,0,1,1,6,6,1,18,4,124,1,2,SYM NH,4,E01019007,0,-1
2023401352090,2023,401352090,1,2,0,18,19,6,2,0,0,0,0,0,0,0,1,1,1,1,1,17,4,124,1,2,-1,7,E01017524,0,-1
2023552300584,2023,552300584,2,3,0,3,3,8,6,0,0,1,0,0,0,0,2,1,6,6,1,59,9,124,1,3,SYM NH,1,E01015290,0,-1
2023221358360,2023,221358360,3,90,0,9,9,7,4,0,0,6,0,0,0,0,0,1,6,6,1,59,9,561,1,2,-1,5,E01014101,0,-1
2023371343763,2023,371343763,2,9,0,18,19,5,8,0,0,1,0,0,0,0,1,1,1,1,1,30,6,-1,3,1,TESLA MODEL Y,1,E01029979,0,-1
2023451329175,2023,451329175,2,9,0,18,19,3,7,0,0,0,0,0,0,0,1,1,5,6,1,46,8,-1,3,1,TESLA MODEL Y,3,E01002527,0,-1
2023311352191,2023,311352191,2,9,0,18,19,2,6,0,0,0,0,0,0,0,1,1,5,6,1,54,8,-1,3,1,TESLA MODEL Y,9,E01028376,0,-1
2023421313032,2023,421313032,1,9,0,9,9,0,0,0,0,1,0,0,0,0,3,1,5,6,1,40,7,-1,3,1,TESLA MODEL Y,4,E01022048,0,-1
2023061387199,2023,061387199,1,9,0,7,7,3,1,0,0,8,0,0,0,0,1,1,5,6,1,37,7,-1,3,0,TESLA MODEL Y,9,E01005802,0,-1
2023991314520,2023,991314520,2,9,0,9,9,3,1,0,0,0,0,0,0,0,3,1,5,6,1,51,8,-1,3,1,TESLA MODEL Y,10,-1,0,-1
2023340NN1402,2023,340NN1402,3,9,0,3,3,5,1,0,0,0,0,0,0,0,2,1,1,1,1,56,9,-1,3,1,TESLA MODEL Y,6,E01027311,0,-1
2023010461766,2023,010461766,1,9,0,18,19,7,3,0,0,0,0,0,0,0,2,1,6,6,2,66,10,-1,3,1,TESLA MODEL Y,7,E01002474,0,-1
2023547271523,2023,547271523,2,9,0,4,4,4,8,0,0,0,0,0,0,0,2,1,6,6,2,54,8,-1,3,1,TESLA MODEL Y,5,E01015479,0,-1
2023010473904,2023,010473904,1,9,0,7,7,1,3,7,6,8,0,0,0,0,4,1,1,1,1,49,8,-1,3,0,TESLA MODEL Y,3,E01002543,0,-1
2023010454830,2023,010454830,1,9,0,18,19,4,8,0,0,1,0,0,0,0,1,1,6,6,3,-1,-1,-1,3,0,TESLA MODEL Y,-1,-1,0,-1
2023340WN2992,2023,340WN2992,3,9,0,4,4,7,3,0,0,0,0,0,0,0,2,1,6,6,1,33,6,-1,3,1,TESLA MODEL Y,8,E01026691,0,-1
2023440240583,2023,440240583,1,9,0,5,5,7,3,0,0,8,0,0,0,0,4,1,6,6,3,-1,-1,-1,3,0,TESLA MODEL Y,-1,-1,0,-1
2023010458437,2023,010458437,2,9,0,18,19,1,5,0,0,8,0,0,0,0,1,1,1,1,1,55,8,-1,3,0,TESLA MODEL Y,9,E01003457,0,-1
2023061389514,2023,061389514,2,9,-1,-1,-1,-1,-1,-1,-1,0,-1,-1,-1,0,-1,1,6,6,2,62,9,-1,3,0,TESLA MODEL Y,9,E01018692,0,-1
2023041332949,2023,041332949,2,9,0,18,19,1,5,0,0,4,1,0,0,0,3,1,5,6,1,42,7,-1,3,0,TESLA MODEL Y,10,E01007190,0,-1
2023131356583,2023,131356583,2,9,0,4,4,7,3,0,0,0,0,0,0,0,2,1,1,1,1,36,7,-1,3,0,TESLA MODEL Y,8,E01006683,0,-1
2023071237539,2023,071237539,4,9,0,4,4,3,7,0,0,0,0,0,0,0,1,1,2,2,2,45,7,-1,3,1,TESLA MODEL Y,8,E01029590,0,-1
2023161272136,2023,161272136,1,9,0,9,9,1,7,0,0,2,0,0,0,0,1,1,2,2,2,34,6,-1,3,1,TESLA MODEL Y,10,E01013113,0,-1
2023430347157,2023,430347157,2,9,0,18,19,4,8,0,0,4,0,0,0,0,1,1,6,6,2,-1,-1,-1,3,1,TESLA MODEL Y,-1,-1,0,-1
2023351354332,2023,351354332,1,9,0,4,4,3,7,0,0,4,0,0,0,0,2,1,2,2,1,39,7,-1,3,1,TESLA MODEL Y,6,E01017962,0,-1
2023101343359,2023,101343359,1,9,0,2,2,0,0,0,0,8,0,0,0,0,3,1,6,6,1,46,8,-1,3,0,TESLA MODEL Y,10,E01033551,0,-1
2023991314475,2023,991314475,3,9,0,4,4,5,3,0,0,1,0,0,0,0,1,1,5,6,1,55,8,-1,3,1,TESLA MODEL Y,10,-1,0,-1
2023010439260,2023,010439260,1,9,0,18,19,3,7,0,0,0,0,0,4,0,1,1,6,6,2,23,5,-1,3,1,TESLA MODEL Y,5,E01003650,0,-1
2023010435597,2023,010435597,2,9,0,99,99,9,9,99,99,0,9,99,9,99,9,9,6,6,3,-1,-1,-1,3,1,TESLA MODEL Y,10,E01004599,0,-1
2023201323538,2023,201323538,1,9,0,9,9,8,6,0,0,1,0,0,0,0,1,1,6,6,1,46,8,-1,3,1,TESLA MODEL Y,9,E01009430,0,-1
2023211314284,2023,211314284,2,9,-1,18,19,8,4,-1,-1,0,-1,-1,-1,0,-1,1,6,6,1,36,7,-1,3,1,TESLA MODEL Y,6,E01029413,0,-1
2023430198689,2023,430198689,2,9,0,18,19,3,7,0,0,8,0,0,0,0,1,1,6,6,1,50,8,-1,3,1,TESLA MODEL Y,7,E01016824,0,-1
2023461389648,2023,461389648,2,9,0,4,4,5,1,0,0,0,0,0,0,0,2,1,6,6,1,28,6,-1,3,0,TESLA MODEL Y,3,E01016012,0,-1
2023991379176,2023,991379176,2,9,0,4,4,6,2,0,0,0,0,0,0,0,2,1,6,6,1,46,8,-1,3,1,TESLA MODEL Y,5,-1,0,-1
2023211362981,2023,211362981,2,9,0,9,9,6,2,8,6,0,0,0,0,0,4,1,5,6,1,68,10,-1,3,1,TESLA MODEL Y,-1,-1,0,-1
2023430343050,2023,430343050,2,9,0,3,3,7,3,0,0,0,0,0,0,0,2,1,6,6,1,35,6,-1,3,1,TESLA MODEL Y,-1,-1,0,-1
2023010432849,2023,010432849,2,8,0,14,14,5,1,0,0,1,0,0,0,0,1,1,1,1,1,36,7,-1,3,1,-1,4,E01000503,0,-1
2023501367296,2023,501367296,2,9,0,18,19,3,6,0,0,0,0,0,0,0,2,1,6,6,2,47,8,-1,3,0,TESLA MODEL Y,5,E01018847,0,-1
2023421274976,2023,421274976,2,9,0,18,19,2,6,0,0,1,0,0,0,0,2,1,2,2,2,34,6,-1,3,1,TESLA MODEL Y,8,E01021634,0,-1
2023041321954,2023,041321954,2,9,0,18,19,2,6,0,0,8,1,0,1,0,1,1,5,6,2,61,9,-1,3,1,TESLA MODEL Y,8,E01025280,0,-1
2023421290229,2023,421290229,1,9,0,9,9,3,5,0,0,0,0,0,0,0,4,1,3,7,1,43,7,-1,3,0,TESLA MODEL Y,7,E01021902,0,-1
2023471346788,2023,471346788,1,9,0,18,19,5,1,0,0,8,0,0,0,0,1,1,6,6,3,-1,-1,-1,3,1,TESLA MODEL Y,-1,-1,0,-1
2023552400039,2023,552400039,4,9,0,4,4,8,4,0,0,0,0,0,0,0,2,1,6,6,1,30,6,-1,3,1,TESLA MODEL Y,8,E01020475,0,-1
2023010479809,2023,010479809,1,9,0,99,99,9,9,99,99,9,9,99,9,99,2,9,6,6,1,64,9,-1,3,0,TESLA MODEL Y,9,E01003363,0,-1
2023421355331,2023,421355331,1,9,0,7,7,5,7,0,0,6,0,0,0,0,1,1,2,2,2,31,6,-1,3,1,TESLA MODEL Y,-1,-1,0,-1
2023071174794,2023,071174794,1,9,0,18,19,2,6,0,0,0,0,0,0,0,1,1,2,2,1,-1,-1,-1,3,1,TESLA MODEL Y,-1,-1,0,-1
2023141322970,2023,141322970,1,9,0,9,9,5,3,0,0,8,0,0,0,0,2,1,6,6,2,32,6,-1,3,0,TESLA MODEL Y,6,E01007613,0,-1
2023061312415,2023,061312415,2,9,0,18,19,1,1,0,0,5,0,0,0,0,1,1,6,6,1,51,8,-1,3,1,TESLA MODEL Y,1,E01006327,0,-1
2023101350755,2023,101350755,1,9,0,18,19,4,2,0,0,8,2,0,1,11,4,1,5,6,1,57,9,-1,3,1,TESLA MODEL Y,6,E01027476,0,-1
2023010446037,2023,010446037,1,9,0,9,9,1,6,0,0,6,0,0,0,0,4,1,6,6,2,42,7,-1,3,0,TESLA MODEL Y,5,E01000512,0,-1
2023401337189,2023,401337189,2,9,0,4,4,3,7,0,0,0,0,0,0,0,2,1,1,1,2,42,7,-1,3,1,TESLA MODEL Y,7,E01033509,0,-1
2023010420005,2023,010420005,2,9,0,5,5,6,2,0,0,0,0,0,7,0,1,1,6,6,1,47,8,-1,3,1,TESLA MODEL Y,-1,-1,0,-1
2023010441322,2023,010441322,4,9,0,2,2,0,0,0,0,1,0,0,0,0,4,1,6,6,3,-1,-1,-1,3,1,TESLA MODEL Y,-1,-1,0,-1
2023141308071,2023,141308071,2,9,0,9,9,5,3,0,0,1,0,0,0,0,1,1,6,6,3,-1,-1,-1,3,1,TESLA MODEL Y,-1,-1,0,-1
2023052301428,2023,052301428,3,9,0,18,19,5,1,0,0,0,0,0,0,0,2,1,6,6,1,34,6,-1,3,1,TESLA MODEL Y,9,E01007023,0,-1
2023010465026,2023,010465026,2,9,0,9,9,1,7,0,0,6,0,0,0,0,1,1,6,6,1,53,8,-1,3,0,TESLA MODEL Y,7,E01004620,0,-1
2023351337199,2023,351337199,2,9,0,2,2,0,0,0,0,1,0,0,0,0,4,1,5,6,2,28,6,-1,3,1,TESLA MODEL Y,4,E01033430,0,-1
2023071152356,2023,071152356,3,9,0,18,19,3,7,0,0,0,0,0,0,0,1,1,6,6,1,40,7,-1,3,0,TESLA MODEL Y,7,W01000070,0,-1
2023411342175,2023,411342175,1,9,0,18,19,5,1,0,0,0,0,0,0,0,3,1,6,6,1,39,7,-1,3,0,TESLA MODEL Y,10,E01023818,0,-1