collision_index,collision_year,collision_ref_no,vehicle_reference,vehicle_type,towing_and_articulation,vehicle_manoeuvre_historic,vehicle_manoeuvre,vehicle_direction_from,vehicle_direction_to,vehicle_location_restricted_lane_historic,vehicle_location_restricted_lane,junction_location,skidding_and_overturning,hit_object_in_carriageway,vehicle_leaving_carriageway,hit_object_off_carriageway,first_point_of_impact,vehicle_left_hand_drive,journey_purpose_of_driver_historic,journey_purpose_of_driver,sex_of_driver,age_of_driver,age_band_of_driver,engine_capacity_cc,propulsion_code,age_of_vehicle,generic_make_model,driver_imd_decile,lsoa_of_driver,escooter_flag,driver_distance_banding
2023461353462,2023,461353462,1,9,0,3,3,1,6,0,0,8,0,0,0,0,1,1,3,7,1,41,7,-1,3,0,TESLA MODEL Y,9,E01024853,0,-1
2023041329993,2023,041329993,1,9,0,5,5,1,1,5,5,1,0,0,0,0,4,1,6,6,1,-1,-1,-1,3,1,TESLA MODEL Y,-1,-1,0,-1
2023010434924,2023,010434924,2,9,0,4,4,5,1,0,0,0,0,0,0,0,1,1,6,6,1,-1,-1,-1,3,1,TESLA MODEL Y,4,E01003259,0,-1
2023010478722,2023,010478722,2,9,9,99,99,9,9,99,99,9,9,99,9,99,9,9,6,6,3,-1,-1,-1,3,0,TESLA MODEL Y,-1,-1,0,-1
2023070054620,2023,070054620,1,9,0,4,4,1,5,0,0,0,0,0,1,10,1,1,2,2,1,33,6,-1,3,1,TESLA MODEL Y,-1,-1,0,-1
2023010461026,2023,010461026,1,9,0,11,11,7,3,0,0,0,0,0,0,0,0,1,6,6,1,67,10,-1,3,1,TESLA MODEL Y,9,E01033282,0,-1
2023201423903,2023,201423903,2,9,0,18,19,4,8,0,0,0,0,0,0,0,2,1,6,6,1,35,6,-1,3,1,TESLA MODEL Y,4,E01010120,0,-1
2023311374190,2023,311374190,2,9,0,7,7,2,5,0,0,2,0,0,0,0,0,1,6,6,1,68,10,-1,3,1,TESLA MODEL Y,8,E01028348,0,-1
2023010453303,2023,010453303,1,9,0,99,99,9,9,0,0,4,0,0,0,0,1,1,6,6,2,48,8,-1,3,1,TESLA MODEL Y,8,E01003830,0,-1
2023451368235,2023,451368235,2,9,0,6,6,1,3,0,0,0,0,0,0,0,3,1,6,6,2,37,7,-1,3,1,TESLA MODEL Y,10,E01030808,0,-1
2023401363896,2023,401363896,2,9,0,2,2,0,0,0,0,0,0,0,0,0,2,1,6,6,1,38,7,-1,3,0,TESLA MODEL Y,8,E01017461,0,-1
2023451371339,2023,451371339,2,9,0,9,9,1,3,0,0,6,0,0,0,0,1,1,6,6,3,30,6,-1,3,0,TESLA MODEL Y,8,E01030333,0,-1
2023401300627,2023,401300627,2,9,0,2,2,0,0,9,9,0,0,0,0,0,4,1,5,6,2,42,7,-1,3,1,TESLA MODEL Y,6,E01017554,0,-1
2023501349914,2023,501349914,2,9,0,18,19,5,1,0,0,0,0,0,0,0,2,1,1,1,1,46,8,-1,3,1,TESLA MODEL Y,5,E01020082,0,-1
2023221381173,2023,221381173,3,9,0,18,19,8,3,0,0,0,0,0,0,0,1,1,6,6,1,65,9,-1,3,1,TESLA MODEL Y,9,E01029512,0,-1
2023010471874,2023,010471874,2,9,0,99,99,9,9,99,99,9,9,99,9,99,9,9,6,6,3,-1,-1,-1,3,0,TESLA MODEL Y,-1,-1,0,-1
2023361339587,2023,361339587,2,9,0,3,3,4,4,0,0,1,0,0,0,0,1,1,1,1,1,63,9,-1,3,1,TESLA MODEL Y,10,E01025454,0,-1
2023010426572,2023,010426572,1,9,0,18,19,5,1,0,0,0,0,7,7,11,1,1,6,6,1,31,6,-1,3,1,TESLA MODEL Y,4,E01033572,0,-1
2023471302157,2023,471302157,2,9,0,18,19,5,1,0,0,1,0,0,0,0,1,1,5,6,1,48,8,-1,3,1,TESLA MODEL Y,-1,-1,0,-1
2023101388288,2023,101388288,1,9,0,18,19,6,2,0,0,8,0,0,0,0,1,1,6,6,1,54,8,-1,3,1,TESLA MODEL Y,9,E01008501,0,-1
2023501353028,2023,501353028,1,9,0,11,11,5,8,0,0,3,0,0,0,0,0,1,6,6,1,34,6,-1,3,0,TESLA MODEL Y,3,E01033038,0,-1
2023131330228,2023,131330228,1,9,0,18,19,7,3,0,0,0,1,0,0,0,1,1,6,6,1,49,8,-1,3,0,TESLA MODEL Y,9,E01010764,0,-1
2023052302650,2023,052302650,1,9,0,7,7,3,5,0,0,8,0,0,0,0,4,1,6,6,1,34,6,-1,3,0,TESLA MODEL Y,8,E01007113,0,-1
2023501370297,2023,501370297,1,9,0,18,19,-1,-1,0,0,1,0,0,0,0,3,1,2,2,1,49,8,-1,3,1,TESLA MODEL Y,6,E01018824,0,-1
2023411295713,2023,411295713,1,9,0,3,3,8,4,0,0,1,0,0,0,0,2,1,6,6,1,45,7,-1,3,1,TESLA MODEL Y,10,E01023749,0,-1
2023010477482,2023,010477482,1,9,0,99,99,9,9,99,99,9,9,99,9,99,9,9,6,6,1,41,7,-1,3,1,TESLA MODEL Y,5,E01000820,0,-1
2023411352369,2023,411352369,1,9,0,18,19,8,4,0,0,8,0,0,0,0,4,1,6,6,1,35,6,-1,3,0,TESLA MODEL Y,-1,-1,0,-1
2023201340222,2023,201340222,1,9,0,18,19,4,8,0,0,0,0,10,1,4,4,1,6,6,2,31,6,-1,3,0,TESLA MODEL Y,5,E01010431,0,-1
2023320583229,2023,320583229,1,9,0,1,1,8,4,0,0,0,0,0,0,0,2,1,6,6,1,66,10,-1,3,1,TESLA MODEL Y,4,E01026081,0,-1
2023461320143,2023,461320143,2,9,0,14,14,3,7,0,0,0,0,0,0,0,3,1,2,2,1,45,7,-1,3,1,TESLA MODEL Y,10,E01024837,0,-1
2023461340890,2023,461340890,2,9,0,18,19,5,8,0,0,3,0,0,0,0,4,1,5,6,1,45,7,-1,3,0,TESLA MODEL Y,8,E01023983,0,-1
2023010468421,2023,010468421,2,9,0,6,6,3,3,0,0,1,0,0,0,0,2,2,6,6,1,50,8,-1,3,0,TESLA MODEL Y,3,E01004741,0,-1
2023501374562,2023,501374562,1,9,0,4,4,1,5,0,0,1,0,0,0,0,1,1,5,6,1,50,8,-1,3,0,TESLA MODEL Y,3,E01018937,0,-1
2023351339685,2023,351339685,2,9,0,4,4,-1,-1,0,0,0,0,0,0,0,2,1,5,6,1,46,8,-1,3,1,TESLA MODEL Y,9,E01015598,0,-1
2023320576893,2023,320576893,1,9,0,9,9,8,6,0,0,5,0,0,0,0,1,1,6,6,2,53,8,-1,3,1,TESLA MODEL Y,-1,-1,0,-1
2023421306360,2023,421306360,1,9,0,1,1,3,7,9,9,0,0,0,0,0,2,1,5,6,1,32,6,-1,3,1,TESLA MODEL Y,2,E01015976,0,-1
2023440083306,2023,440083306,1,9,0,18,19,8,4,0,0,0,0,0,0,0,1,1,3,7,1,48,8,-1,3,0,TESLA MODEL Y,10,E01022467,0,-1
2023131361174,2023,131361174,3,9,0,18,19,3,7,0,0,1,0,0,0,0,3,1,6,6,1,35,6,-1,3,1,TESLA MODEL Y,10,E01011702,0,-1
2023531319792,2023,531319792,2,9,0,4,4,1,5,0,0,0,0,0,0,0,2,1,5,6,1,27,6,-1,3,1,TESLA MODEL Y,-1,-1,0,-1
2023010480173,2023,010480173,1,9,0,5,5,1,5,0,0,8,0,11,0,0,1,1,1,1,1,42,7,-1,3,1,TESLA MODEL Y,10,E01030959,0,-1
2023461395173,2023,461395173,2,9,0,2,2,0,0,0,0,0,0,0,0,0,2,1,6,6,3,-1,-1,-1,3,1,TESLA MODEL Y,-1,-1,0,-1
2023010452004,2023,010452004,1,9,0,18,19,3,7,0,0,0,0,4,0,0,1,1,3,7,2,41,7,-1,3,1,TESLA MODEL Y,7,E01000704,0,-1
2023131322661,2023,131322661,2,9,0,18,19,7,3,0,0,8,0,0,0,0,1,1,2,2,1,51,8,-1,3,0,TESLA MODEL Y,3,E01011547,0,-1
2023421325901,2023,421325901,2,9,0,17,19,2,8,0,0,0,0,0,1,0,4,1,6,6,1,63,9,-1,3,0,TESLA MODEL Y,7,E01033143,0,-1
2023010465009,2023,010465009,2,9,0,18,19,1,5,0,0,1,0,0,0,0,1,1,6,6,1,53,8,-1,3,0,TESLA MODEL Y,6,E01002618,0,-1
2023552301405,2023,552301405,1,9,0,5,5,3,7,9,9,6,0,0,0,0,1,1,6,6,2,54,8,-1,3,0,TESLA MODEL Y,7,E01015457,0,-1
2023010463058,2023,010463058,2,9,0,99,99,9,9,99,99,9,9,99,9,99,9,9,6,6,3,-1,-1,-1,3,0,TESLA MODEL Y,2,E01002316,0,-1
2023010484708,2023,010484708,2,9,0,99,99,9,9,99,99,9,9,99,9,99,9,9,6,6,3,-1,-1,-1,3,1,TESLA MODEL Y,5,E01001988,0,-1
2023430210492,2023,430210492,1,9,0,12,12,8,4,0,0,8,0,0,0,0,3,1,6,6,2,52,8,-1,3,1,TESLA MODEL Y,5,E01002977,0,-1
2023371329506,2023,371329506,1,9,0,5,5,8,4,0,0,1,0,0,0,0,3,1,6,6,1,70,10,-1,3,1,TESLA MODEL Y,9,E01029967,0,-1
2023061384107,2023,061384107,2,9,0,4,4,5,1,0,0,1,0,0,0,0,2,1,5,6,1,36,7,-1,3,0,TESLA MODEL Y,8,E01018668,0,-1
2023501345600,2023,501345600,2,9,0,4,4,7,3,0,0,0,0,0,0,0,2,1,5,6,1,46,8,-1,3,0,TESLA MODEL Y,5,E01009774,0,-1
2023451307695,2023,451307695,2,9,0,18,19,7,3,0,0,0,0,0,0,0,2,1,5,6,2,43,7,-1,3,1,TESLA MODEL Y,8,E01030527,0,-1
2023430191623,2023,430191623,1,9,0,9,9,1,7,0,0,8,0,0,0,0,1,1,6,6,3,-1,-1,-1,3,1,TESLA MODEL Y,-1,-1,0,-1
2023071228738,2023,071228738,2,9,0,4,4,7,3,0,0,0,0,0,0,0,2,1,3,7,2,49,8,-1,3,1,TESLA MODEL Y,6,E01018713,0,-1
2023451338615,2023,451338615,1,9,0,2,2,0,0,0,0,1,0,0,0,0,3,1,5,6,2,41,7,-1,3,0,TESLA MODEL Y,8,E01030654,0,-1
2023010460999,2023,010460999,1,9,0,8,8,1,2,0,0,6,0,0,0,0,4,1,1,1,1,44,7,-1,3,1,TESLA MODEL Y,7,E01028115,0,-1
2023010469227,2023,010469227,2,9,0,2,2,0,0,0,0,0,0,0,0,0,3,1,6,6,3,-1,-1,-1,3,1,TESLA MODEL Y,-1,-1,0,-1
2023440365916,2023,440365916,1,9,0,3,3,8,4,0,0,1,0,0,0,0,2,1,3,7,2,35,6,-1,3,1,TESLA MODEL Y,3,E01017346,0,-1
2023451279546,2023,451279546,2,9,0,18,19,3,7,0,0,1,0,0,0,0,3,1,6,6,1,27,6,-1,3,1,TESLA MODEL Y,10,E01022581,0,-1
2023332300526,2023,332300526,1,9,0,9,9,4,2,0,0,5,0,0,0,0,1,1,6,6,1,79,11,-1,3,0,TESLA MODEL Y,8,E01025739,0,-1
2023010455190,2023,010455190,2,9,0,99,99,9,9,99,99,9,9,99,9,99,9,9,6,6,3,40,7,-1,3,1,TESLA MODEL Y,4,E01015923,0,-1
2023041332948,2023,041332948,1,9,0,9,9,1,5,0,0,1,0,0,0,0,1,1,1,1,1,44,7,-1,3,1,TESLA MODEL Y,-1,-1,0,-1
2023440262709,2023,440262709,2,9,0,5,5,5,1,0,0,1,0,0,0,0,1,1,6,6,2,36,7,-1,3,1,TESLA MODEL Y,10,E01022590,0,-1
2023991321776,2023,991321776,2,9,0,17,19,2,6,0,0,0,0,0,0,0,0,1,5,6,2,57,9,-1,3,1,TESLA MODEL Y,7,-1,0,-1
2023010465820,2023,010465820,1,9,0,99,99,9,9,99,99,9,9,99,9,99,2,9,2,2,1,42,7,-1,3,0,TESLA MODEL Y,10,E01002952,0,-1
2023010430098,2023,010430098,1,9,0,99,99,9,9,0,0,0,0,0,0,0,1,9,2,2,2,44,7,-1,3,1,TESLA MODEL Y,8,E01030591,0,-1
2023421303679,2023,421303679,2,9,0,17,19,3,1,0,0,2,0,0,0,0,3,1,5,6,1,53,8,-1,3,1,TESLA MODEL Y,6,E01021464,0,-1
2023010461026,2023,010461026,5,9,0,11,11,7,3,0,0,0,0,0,0,0,3,1,6,6,1,48,8,-1,3,0,TESLA MODEL Y,7,E01001204,0,-1
202354D401923,2023,54D401923,2,9,0,18,19,5,1,0,0,0,0,0,0,0,1,1,6,6,1,45,7,-1,3,1,TESLA MODEL Y,9,E01015523,0,-1
2023041371810,2023,041371810,1,9,0,18,19,3,7,0,0,0,2,11,1,6,4,1,5,6,1,59,9,-1,3,1,TESLA MODEL Y,6,E01024991,0,-1
2023221340171,2023,221340171,4,9,0,4,4,7,3,0,0,0,0,0,0,0,2,1,5,6,1,46,8,-1,3,1,TESLA MODEL Y,8,E01026577,0,-1
2023201380575,2023,201380575,1,9,0,9,9,2,6,0,0,5,0,0,0,0,1,1,1,1,1,46,8,-1,3,0,TESLA MODEL Y,7,E01008992,0,-1
2023010434424,2023,010434424,2,9,0,99,99,9,9,99,99,9,9,99,9,99,1,9,6,6,3,-1,-1,-1,3,1,TESLA MODEL Y,5,E01000264,0,-1
2023010475428,2023,010475428,2,9,0,99,99,9,9,99,99,9,9,99,9,99,9,9,6,6,3,-1,-1,-1,3,1,TESLA MODEL Y,2,E01001202,0,-1
2023481359397,2023,481359397,2,9,0,4,4,3,7,0,0,0,0,0,0,0,2,1,5,6,1,40,7,-1,3,1,TESLA MODEL Y,-1,-1,0,-1
2023361351693,2023,361351693,4,9,0,4,4,6,2,0,0,4,0,0,0,0,2,1,6,6,2,39,7,-1,3,1,TESLA MODEL Y,2,E01018091,0,-1
2023531364816,2023,531364816,3,9,0,4,4,6,2,0,0,0,0,0,0,0,0,1,5,6,1,47,8,-1,3,0,TESLA MODEL Y,1,W01001469,0,-1
2023430107817,2023,430107817,2,9,0,4,4,8,4,0,0,0,0,0,0,0,2,1,6,6,1,45,7,-1,3,1,TESLA MODEL Y,-1,-1,0,-1
2023401369060,2023,401369060,2,9,0,18,19,1,5,0,0,0,0,0,0,0,2,1,6,6,1,50,8,-1,3,0,TESLA MODEL Y,8,E01002230,0,-1
2023430566738,2023,430566738,1,9,0,7,7,2,5,0,0,5,0,0,0,0,4,1,6,6,1,46,8,-1,3,1,TESLA MODEL Y,9,E01016682,0,-1
2023451370619,2023,451370619,2,9,0,3,3,8,4,0,0,4,0,0,1,0,2,1,5,6,2,44,7,-1,3,1,TESLA MODEL Y,10,E01030308,0,-1
2023201409915,2023,201409915,2,9,0,15,15,1,5,0,0,2,0,0,0,0,1,1,6,6,1,30,6,-1,3,1,TESLA MODEL Y,1,E01008929,0,-1
2023010470652,2023,010470652,1,9,0,9,9,6,5,0,0,0,0,0,0,0,1,1,6,6,1,58,9,-1,3,0,TESLA MODEL Y,-1,-1,0,-1
2023430016034,2023,430016034,2,9,0,4,4,6,2,0,0,8,0,0,0,0,3,1,1,1,1,30,6,-1,3,1,TESLA MODEL Y,9,E01016688,0,-1
2023061387060,2023,061387060,2,9,-1,1,1,-1,-1,0,0,0,0,0,0,0,0,1,6,6,3,30,6,-1,3,1,TESLA MODEL Y,3,E01005479,0,-1
2023010430913,2023,010430913,1,9,0,18,19,7,3,0,0,3,0,0,0,0,1,1,6,6,1,33,6,-1,3,0,TESLA MODEL Y,5,E01023843,0,-1
2023430161780,2023,430161780,2,9,0,18,19,2,6,0,0,6,0,0,0,0,4,1,6,6,1,-1,-1,-1,3,1,TESLA MODEL Y,9,E01017641,0,-1
2023351323487,2023,351323487,1,9,0,18,19,7,3,0,0,8,0,0,0,0,4,1,3,7,1,35,6,-1,3,1,TESLA MODEL Y,9,E01015689,0,-1
2023231377970,2023,231377970,1,9,0,18,19,6,2,0,0,3,0,0,0,0,1,1,6,6,3,42,7,-1,3,0,TESLA MODEL Y,-1,-1,0,-1
2023010470815,2023,010470815,2,9,0,99,99,9,9,99,99,9,9,99,9,99,1,9,6,6,3,-1,-1,-1,3,1,TESLA MODEL Y,-1,-1,0,-1
2023440230231,2023,440230231,1,9,0,18,19,1,5,0,0,6,0,0,0,0,4,1,6,6,1,-1,-1,-1,3,0,TESLA MODEL Y,-1,-1,0,-1
2023320634663,2023,320634663,1,9,0,18,19,5,1,0,0,1,0,0,0,0,4,1,1,1,1,51,8,-1,3,0,TESLA MODEL Y,7,E01026218,0,-1
2023221334429,2023,221334429,2,9,0,4,4,6,2,0,0,0,0,0,0,0,2,1,5,6,1,52,8,-1,3,0,TESLA MODEL Y,4,E01022251,0,-1
2023131329780,2023,131329780,1,9,0,18,19,3,7,0,0,0,0,0,0,0,1,1,5,6,2,29,6,-1,3,1,TESLA MODEL Y,5,E01011801,0,-1
202354B149223,2023,54B149223,1,9,0,18,19,7,3,0,0,0,1,0,0,0,2,1,6,6,1,44,7,-1,3,1,TESLA MODEL Y,7,E01014402,0,-1
2023461323616,2023,461323616,2,9,0,4,4,4,8,0,0,0,0,0,0,0,2,1,2,2,1,48,8,-1,3,0,TESLA MODEL Y,7,E01002171,0,-1
2023451296828,2023,451296828,2,9,0,17,19,3,7,0,0,8,0,0,0,0,4,1,5,6,2,51,8,-1,3,0,TESLA MODEL Y,9,E01033569,0,-1
2023041282021,2023,041282021,2,9,0,5,5,1,5,8,6,1,0,0,0,0,1,1,2,2,1,30,6,-1,3,1,TESLA MODEL Y,6,E01025121,0,-1
2023451355671,2023,451355671,2,9,0,4,4,3,7,0,0,1,0,0,0,0,2,1,5,6,2,31,6,-1,3,1,TESLA MODEL Y,5,E01030982,0,-1
2023010441174,2023,010441174,1,9,0,4,4,1,5,0,0,5,0,0,0,0,1,1,6,6,1,72,10,-1,3,1,TESLA MODEL Y,2,E01024277,0,-1
2023010431459,2023,010431459,2,9,0,99,99,9,9,99,99,9,9,99,9,99,3,9,6,6,3,-1,-1,-1,3,1,TESLA MODEL Y,9,E01003857,0,-1
2023320448715,2023,320448715,1,9,0,7,7,8,2,0,0,6,0,0,0,0,3,1,6,6,2,21,5,-1,3,1,TESLA MODEL Y,-1,-1,0,-1
202363B015123,2023,63B015123,1,9,0,16,19,7,2,0,0,0,1,0,0,0,1,1,6,6,1,45,7,-1,3,0,TESLA MODEL Y,5,W01000693,0,-1
2023010483477,2023,010483477,2,9,0,99,99,9,9,99,99,9,9,99,9,99,0,9,6,6,3,-1,-1,-1,3,0,TESLA MODEL Y,-1,-1,0,-1
2023411406386,2023,411406386,2,9,0,3,3,6,2,0,0,0,0,0,0,0,2,1,6,6,1,44,7,-1,3,0,TESLA MODEL Y,8,E01023732,0,-1
202354A048323,2023,54A048323,1,9,0,5,5,7,3,0,0,6,0,0,0,0,4,1,6,6,2,36,7,-1,3,1,TESLA MODEL Y,8,E01031954,0,-1
2023440452437,2023,440452437,2,9,0,5,5,3,1,0,0,6,0,0,0,0,1,1,6,6,1,-1,-1,-1,3,1,TESLA MODEL Y,-1,-1,0,-1
2023481356353,2023,481356353,1,9,0,7,7,5,7,0,0,8,0,0,0,0,4,1,6,6,3,-1,-1,-1,3,1,TESLA MODEL Y,-1,-1,0,-1
2023430173687,2023,430173687,2,9,0,18,19,8,4,0,0,8,0,0,0,0,1,1,2,2,1,56,9,-1,3,1,TESLA MODEL Y,10,E01016634,0,-1
2023421309580,2023,421309580,2,5,0,18,19,3,7,0,0,8,0,0,0,0,1,1,5,6,1,49,8,1200,1,22,-1,8,E01021621,0,-1
2023991322707,2023,991322707,1,4,0,4,4,6,2,0,0,0,5,0,1,0,4,1,5,6,1,41,7,1200,1,21,-1,6,-1,0,-1
2023010456109,2023,010456109,1,9,0,18,19,6,2,0,0,0,0,0,0,0,1,1,6,6,2,28,6,1368,1,4,ABARTH 595,8,E01002163,0,-1
2023201376193,2023,201376193,1,9,0,18,19,8,4,0,0,1,2,10,0,0,4,1,5,6,1,26,6,1368,1,7,ABARTH 595,9,E01009902,0,-1
2023010438892,2023,010438892,3,9,0,13,13,5,1,0,0,0,2,7,0,0,1,1,6,6,1,60,9,1368,1,7,ABARTH 595,3,E01001834,0,-1
2023430531001,2023,430531001,6,9,0,18,19,8,4,0,0,0,0,0,0,0,2,1,6,6,1,55,8,1368,1,2,ABARTH 595,5,E01029961,0,-1
2023010429003,2023,010429003,1,9,0,18,19,5,1,0,0,1,5,10,0,0,1,1,6,6,1,36,7,1368,1,10,ABARTH 595,1,E01001876,0,-1
2023010456529,2023,010456529,2,9,0,9,9,7,5,0,0,1,0,0,0,0,1,1,6,6,1,53,8,1368,1,3,ABARTH 595,7,E01004510,0,-1
2023501334104,2023,501334104,2,9,0,17,19,1,6,0,0,3,0,0,0,0,4,1,6,6,2,54,8,1368,1,2,ABARTH 595,4,E01018894,0,-1
2023991291491,2023,991291491,1,9,0,18,19,4,8,0,0,0,2,0,1,4,2,1,5,6,1,56,9,1368,1,7,ABARTH 595,-1,-1,0,-1
2023101378221,2023,101378221,1,9,0,18,19,5,1,2,2,0,1,0,0,0,1,1,2,2,1,33,6,1368,1,10,ABARTH 595,1,E01008689,0,-1
2023010480695,2023,010480695,2,9,0,99,99,9,9,99,99,9,9,99,9,99,9,9,6,6,3,-1,-1,1368,1,3,ABARTH 595,10,E01003871,0,-1
2023201278652,2023,201278652,2,9,0,18,19,1,5,0,0,0,0,0,0,0,1,1,6,6,1,53,8,1368,1,4,ABARTH 595,1,E01008979,0,-1
2023531294976,2023,531294976,1,9,0,18,19,7,3,0,0,0,0,0,0,0,1,1,5,6,1,23,5,1368,1,6,ABARTH 595,1,E01022311,0,-1
2023451393429,2023,451393429,3,9,0,18,19,3,7,0,0,0,0,0,0,0,2,1,5,6,1,40,7,1368,1,7,ABARTH 595,7,E01030583,0,-1
2023430405711,2023,430405711,1,9,0,9,9,4,2,0,0,5,0,0,0,0,4,1,6,6,1,18,4,1368,1,9,ABARTH 595,10,E01017774,0,-1
2023522400115,2023,522400115,1,9,0,18,19,1,5,0,0,0,0,0,0,0,1,1,6,6,2,34,6,1368,1,6,ABARTH 595,5,E01020308,0,-1
2023471294072,2023,471294072,1,9,0,2,2,0,0,0,0,1,0,0,0,0,3,1,6,6,2,34,6,1368,1,3,ABARTH 595,5,E01016990,0,-1
2023332300003,2023,332300003,1,9,0,9,9,3,1,0,0,6,0,0,0,0,1,1,6,6,3,-1,-1,1368,1,4,ABARTH 595,-1,-1,0,-1
2023201409654,2023,201409654,1,9,0,3,3,7,3,0,0,1,0,0,0,0,1,1,6,6,1,18,4,1368,1,6,ABARTH 595,9,E01031019,0,-1
2023131348902,2023,131348902,1,9,0,9,9,1,5,0,0,1,0,0,0,0,4,2,5,6,2,26,6,1368,1,5,ABARTH 595,8,E01011826,0,-1
2023141370856,2023,141370856,1,9,0,7,7,2,5,0,0,0,0,0,0,0,1,1,6,6,2,51,8,1368,1,5,ABARTH 595,1,E01008092,0,-1
2023070399227,2023,070399227,1,9,0,18,19,2,3,0,0,1,0,0,0,0,3,1,6,6,2,57,9,1368,1,1,ABARTH 595,8,E01012472,0,-1
2023010452034,2023,010452034,2,9,0,18,19,7,3,0,0,0,9,99,0,0,9,9,6,6,3,-1,-1,1368,1,2,ABARTH 595,-1,-1,0,-1
2023231315337,2023,231315337,1,9,0,18,19,4,8,0,0,0,5,0,1,1,1,1,5,6,1,75,10,1368,1,5,ABARTH 595,6,E01031282,0,-1
2023461325186,2023,461325186,1,9,0,5,5,7,3,0,0,0,0,0,0,0,1,1,5,6,1,44,7,1368,1,5,ABARTH 595,6,E01023978,0,-1
2023141329961,2023,141329961,1,9,0,18,19,5,1,0,0,0,0,0,0,0,1,1,1,1,1,55,8,1368,1,1,ABARTH 595,4,E01028045,0,-1
2023320439276,2023,320439276,1,9,0,3,3,8,4,0,0,1,0,0,0,0,2,1,2,2,2,38,7,1368,1,1,ABARTH 595,7,E01026202,0,-1
2023141333838,2023,141333838,2,9,0,18,19,2,6,0,0,0,0,0,0,0,1,1,2,2,2,52,8,1368,1,7,ABARTH 595,4,E01007342,0,-1
2023111267974,2023,111267974,1,9,0,18,19,8,3,0,0,1,0,0,0,0,1,1,1,1,2,46,8,1368,1,8,ABARTH 595,-1,-1,0,-1
2023430335001,2023,430335001,1,9,0,18,19,2,6,0,0,4,5,9,1,0,1,1,2,2,2,33,6,1368,1,8,ABARTH 595,5,E01016560,0,-1
2023302300848,2023,302300848,1,9,0,7,7,3,8,0,0,6,0,0,0,0,4,1,6,6,1,58,9,1368,1,8,ABARTH 595,8,E01019423,0,-1
2023430450217,2023,430450217,1,9,0,5,5,4,8,0,0,1,0,0,0,0,2,1,6,6,1,23,5,1368,1,7,ABARTH 595,9,E01017660,0,-1
2023461337589,2023,461337589,2,9,0,2,2,0,0,0,0,0,0,0,0,0,2,1,6,6,3,-1,-1,1368,1,4,ABARTH 595,-1,-1,0,-1
2023010461965,2023,010461965,2,9,0,99,99,9,9,99,99,9,9,99,9,99,9,9,6,6,3,-1,-1,1368,1,3,ABARTH 595,8,E01024271,0,-1
2023061300417,2023,061300417,3,9,0,3,3,5,1,0,0,0,0,0,0,0,2,1,5,6,1,25,5,1368,1,5,ABARTH 595,1,E01024909,0,-1
2023010426183,2023,010426183,2,9,0,99,99,9,9,0,0,0,9,99,9,99,1,9,6,6,1,43,7,1368,1,4,ABARTH 595,10,E01016552,0,-1
2023010437777,2023,010437777,2,9,0,18,19,7,3,0,0,1,0,0,0,0,1,1,6,6,1,23,5,1368,1,6,ABARTH 595,10,E01001129,0,-1
2023361331597,2023,361331597,1,9,0,4,4,8,7,0,0,1,0,0,0,0,2,1,2,2,2,42,7,1368,1,6,ABARTH 595,8,E01033538,0,-1
2023010464881,2023,010464881,2,9,0,99,99,9,9,99,99,9,9,99,9,99,1,9,6,6,3,-1,-1,1368,1,1,ABARTH 595,-1,-1,0,-1
2023131317291,2023,131317291,2,9,0,16,19,4,7,0,0,0,0,0,0,0,3,1,5,6,2,37,7,1368,1,4,ABARTH 595,7,E01011569,0,-1
2023371387573,2023,371387573,1,9,0,18,19,8,4,0,0,0,1,0,0,0,1,1,2,2,1,41,7,1368,1,6,ABARTH 595,6,E01030090,0,-1
2023421293583,2023,421293583,2,9,0,3,3,7,3,0,0,1,0,0,0,0,3,1,6,6,2,45,7,1368,1,6,ABARTH 595,1,E01021500,0,-1
2023010429768,2023,010429768,1,9,0,18,19,1,5,0,0,0,0,4,0,0,1,1,6,6,1,22,5,1368,1,6,ABARTH 595,-1,-1,0,-1
2023302300988,2023,302300988,1,9,0,16,19,5,8,0,0,2,0,0,0,0,1,1,6,6,1,39,7,1368,1,7,ABARTH 595,6,E01028108,0,-1
2023010474106,2023,010474106,2,9,0,99,99,9,9,99,99,9,9,99,9,99,9,9,6,6,3,-1,-1,1368,1,3,ABARTH 595,-1,-1,0,-1
2023451366624,2023,451366624,1,9,0,18,19,1,5,0,0,0,0,0,0,0,2,1,5,6,1,27,6,1368,1,6,ABARTH 595,4,E01030746,0,-1
2023351287030,2023,351287030,2,9,0,18,19,3,7,0,0,0,1,7,1,7,4,1,6,6,1,72,10,1368,1,4,ABARTH 595,5,E01018084,0,-1
2023440448745,2023,440448745,1,9,0,18,19,6,2,0,0,0,0,0,0,0,1,1,6,6,2,23,5,1368,1,5,ABARTH 595,7,E01022529,0,-1
2023010471147,2023,010471147,2,9,0,99,99,9,9,99,99,9,9,99,9,99,9,9,6,6,3,-1,-1,1368,1,3,ABARTH 595,-1,-1,0,-1
2023522400599,2023,522400599,2,9,0,18,19,7,3,0,0,0,0,0,0,0,1,1,6,6,3,-1,-1,1368,1,7,ABARTH 595,-1,-1,0,-1
2023061366404,2023,061366404,2,9,0,4,4,2,6,0,0,1,0,0,0,0,2,1,6,6,1,38,7,1368,1,7,ABARTH 595,2,E01005368,0,-1
2023549703723,2023,549703723,1,9,0,9,9,5,4,0,0,6,0,0,0,0,1,1,6,6,2,54,8,1368,1,4,ABARTH 595,9,E01015547,0,-1