collision_index,collision_year,collision_ref_no,vehicle_reference,vehicle_type,towing_and_articulation,vehicle_manoeuvre_historic,vehicle_manoeuvre,vehicle_direction_from,vehicle_direction_to,vehicle_location_restricted_lane_historic,vehicle_location_restricted_lane,junction_location,skidding_and_overturning,hit_object_in_carriageway,vehicle_leaving_carriageway,hit_object_off_carriageway,first_point_of_impact,vehicle_left_hand_drive,journey_purpose_of_driver_historic,journey_purpose_of_driver,sex_of_driver,age_of_driver,age_band_of_driver,engine_capacity_cc,propulsion_code,age_of_vehicle,generic_make_model,driver_imd_decile,lsoa_of_driver,escooter_flag,driver_distance_banding
2023411283519,2023,411283519,1,9,0,9,9,6,1,0,0,1,0,0,0,0,1,1,5,6,2,45,7,1368,1,5,ABARTH 595,4,E01023775,0,-1
2023520400697,2023,520400697,1,9,0,18,19,5,1,0,0,0,0,0,0,0,2,1,6,6,1,66,10,1368,1,4,ABARTH 595,5,E01029152,0,-1
2023070519363,2023,070519363,3,9,0,2,2,0,0,0,0,0,0,0,0,0,1,1,6,6,3,-1,-1,1368,1,0,ABARTH 595,-1,-1,0,-1
2023041313050,2023,041313050,2,9,0,4,4,7,1,0,0,1,0,0,0,0,2,1,5,6,2,61,9,1368,1,5,ABARTH 595,10,E01025530,0,-1
2023010464059,2023,010464059,1,9,0,18,19,7,3,0,0,8,2,0,7,0,2,1,6,6,1,53,8,1368,1,6,ABARTH 595,4,E01001435,0,-1
2023461360973,2023,461360973,2,9,0,18,19,3,7,0,0,0,0,0,0,0,2,1,6,6,2,32,6,1368,1,4,ABARTH 595,4,E01024142,0,-1
2023010431458,2023,010431458,1,9,0,99,99,9,9,99,99,9,9,99,9,99,1,9,6,6,3,-1,-1,1368,1,4,ABARTH 595,-1,-1,0,-1
2023320348168,2023,320348168,2,9,0,2,2,0,0,0,0,0,0,0,0,0,3,1,6,6,3,-1,-1,1368,1,7,ABARTH 595,-1,-1,0,-1
2023010455733,2023,010455733,1,9,0,9,9,5,3,0,0,2,0,0,0,0,1,1,6,6,1,26,6,1368,1,4,ABARTH 595,4,E01023870,0,-1
2023631328174,2023,631328174,1,9,0,17,19,1,6,0,0,0,5,0,1,10,1,1,1,1,1,22,5,1368,1,8,ABARTH 595,4,W01000846,0,-1
2023302301149,2023,302301149,1,9,0,18,19,2,6,0,0,8,0,0,0,0,1,1,6,6,1,37,7,1368,1,6,ABARTH 595,8,E01028082,0,-1
2023421288006,2023,421288006,2,9,0,2,2,0,0,0,0,1,0,0,0,0,2,1,6,6,3,-1,-1,1368,1,5,ABARTH 595,-1,-1,0,-1
2023010482870,2023,010482870,2,9,0,18,19,1,5,0,0,1,0,0,1,11,2,1,2,2,2,56,9,1368,1,2,ABARTH 595,9,E01000279,0,-1
2023010473544,2023,010473544,1,9,0,9,9,1,6,0,0,8,0,0,0,0,3,1,2,2,2,21,5,1368,1,6,ABARTH 595,1,E01000093,0,-1
2023231338033,2023,231338033,3,9,0,2,2,0,0,0,0,0,0,0,0,0,0,1,6,6,3,-1,-1,1368,1,7,ABARTH 595,-1,-1,0,-1
2023010442408,2023,010442408,2,9,0,99,99,9,9,99,99,0,9,99,9,99,1,9,6,6,3,-1,-1,1368,1,5,ABARTH 595,-1,-1,0,-1
2023010475675,2023,010475675,2,9,0,99,99,9,9,99,99,9,9,99,9,99,2,9,6,6,1,64,9,1368,1,8,ABARTH 595,3,E01001864,0,-1
2023430357404,2023,430357404,1,9,0,18,19,8,4,7,6,0,0,0,0,0,1,1,1,1,2,28,6,1368,1,6,ABARTH 595,10,E01022495,0,-1
2023411286155,2023,411286155,1,9,0,18,19,3,7,0,0,4,1,9,3,10,1,1,5,6,1,85,11,5935,1,22,-1,10,E01023595,0,-1
2023501316546,2023,501316546,3,9,0,2,2,0,0,0,0,0,0,0,0,0,3,1,6,6,1,21,5,2979,1,8,BMW M2,6,E01020154,0,-1
2023461350329,2023,461350329,2,9,0,9,9,1,6,0,0,8,0,0,0,0,3,1,6,6,1,32,6,1998,1,2,BMW M2,8,E01016093,0,-1
2023471341392,2023,471341392,1,9,0,18,19,1,5,0,0,5,0,0,0,0,1,1,6,6,1,34,6,1998,1,0,BMW M2,10,E01031619,0,-1
2023010469401,2023,010469401,1,9,0,18,19,5,1,0,0,8,0,0,0,0,4,1,6,6,1,48,8,2998,1,5,BMW M2,4,E01001285,0,-1
2023010482401,2023,010482401,2,9,0,99,99,9,9,99,99,0,9,99,9,99,1,9,6,6,3,-1,-1,2998,1,6,BMW M2,6,E01002940,0,-1
2023332300085,2023,332300085,2,9,0,3,3,6,2,0,0,0,0,0,0,0,2,1,6,6,2,57,9,2998,1,6,BMW M2,10,E01025772,0,-1
2023451290110,2023,451290110,1,9,0,18,19,1,5,0,0,0,0,0,0,0,1,1,6,6,3,55,8,2979,1,7,BMW M2,10,E01000688,0,-1
2023122301139,2023,122301139,1,9,0,18,19,6,2,0,0,0,2,0,7,0,1,1,6,6,1,30,6,2979,1,9,BMW M2,5,E01027776,0,-1
2023010481010,2023,010481010,2,9,0,4,4,5,1,0,0,0,0,4,0,0,1,1,6,6,1,40,7,1998,1,3,BMW M2,7,E01004762,0,-1
2023070049398,2023,070049398,1,9,0,18,19,3,7,0,0,0,0,0,1,10,1,1,6,6,1,31,6,1998,1,1,BMW M2,3,E01006171,0,-1
2023010436170,2023,010436170,3,9,0,18,19,5,1,0,0,1,0,0,0,0,1,1,6,6,1,33,6,2979,1,3,BMW M2,4,E01001435,0,-1
2023401374339,2023,401374339,1,9,0,7,7,7,1,0,0,6,0,0,0,0,1,1,5,6,1,31,6,2979,1,7,BMW M2,4,E01017535,0,-1
2023440147628,2023,440147628,2,9,0,18,19,5,1,0,0,4,1,9,0,0,1,1,6,6,1,28,6,2998,1,7,BMW M2,6,E01030973,0,-1
2023211339940,2023,211339940,1,9,0,16,19,7,6,0,0,0,1,0,2,1,4,1,5,6,1,21,5,2993,1,0,BMW M2,9,E01029601,0,-1
2023070274041,2023,070274041,1,9,0,18,19,6,2,0,0,0,1,0,0,0,1,1,6,6,1,33,6,2979,1,5,BMW M2,7,E01018499,0,-1
202363A009023,2023,63A009023,1,9,0,13,13,6,1,0,0,0,0,0,7,10,1,1,6,6,1,26,6,2979,1,8,BMW M2,10,W01001733,0,-1
2023991278115,2023,991278115,1,9,0,5,5,4,2,0,0,6,0,0,0,0,3,1,5,6,1,43,7,2979,1,4,BMW M2,7,-1,0,-1
2023010480007,2023,010480007,1,9,0,7,7,1,3,0,0,7,0,0,1,1,1,1,6,6,3,-1,-1,2979,1,3,BMW M2,-1,-1,0,-1
2023201392710,2023,201392710,3,9,0,3,3,2,6,0,0,1,0,0,0,0,1,1,1,1,1,33,6,1998,1,0,BMW M2,7,E01010027,0,-1
2023161352203,2023,161352203,4,9,0,18,19,3,7,0,0,0,0,0,0,0,1,1,1,1,1,37,7,2979,1,3,BMW M2,10,E01013092,0,-1
2023332301276,2023,332301276,2,9,0,13,13,1,5,0,0,8,0,0,8,2,1,1,6,6,1,27,6,2979,1,9,BMW M2,6,E01025646,0,-1
2023401285391,2023,401285391,2,9,0,2,2,0,0,0,0,0,0,0,0,0,1,1,5,6,3,-1,-1,2998,1,5,BMW M2,-1,-1,0,-1
2023010424526,2023,010424526,2,9,0,99,99,9,9,99,99,9,9,99,9,99,1,9,6,6,3,-1,-1,1998,1,3,BMW M2,-1,-1,0,-1
2023371371167,2023,371371167,1,9,0,18,19,1,5,0,0,0,0,0,0,0,1,1,5,6,1,27,6,1998,1,2,BMW M2,5,E01021906,0,-1
2023010482726,2023,010482726,5,9,0,2,2,0,0,0,0,0,0,0,0,0,3,1,6,6,3,-1,-1,2998,1,5,BMW M2,-1,-1,0,-1
2023010453653,2023,010453653,4,9,0,2,2,0,0,0,0,0,0,0,0,0,3,1,6,6,3,-1,-1,2979,1,8,BMW M2,-1,-1,0,-1
2023010486167,2023,010486167,2,9,0,99,99,9,9,99,99,9,9,99,9,99,9,9,6,6,3,-1,-1,2998,1,4,BMW M2,-1,-1,0,-1
2023461339732,2023,461339732,1,9,0,16,19,7,3,0,0,0,1,11,0,0,4,1,6,6,1,21,5,2998,1,4,BMW M2,9,E01024331,0,-1
2023071210154,2023,071210154,2,9,0,18,19,7,3,0,0,2,0,0,0,0,1,1,6,6,1,42,7,2998,1,1,BMW M2,10,E01018419,0,-1
202354D708623,2023,54D708623,1,9,0,5,5,4,8,8,6,0,1,0,7,0,1,1,6,6,1,28,6,2979,1,4,BMW M2,5,E01030484,0,-1
2023010481443,2023,010481443,1,9,0,99,99,9,9,99,99,9,9,99,9,99,1,9,6,6,1,27,6,2998,1,6,BMW M2,7,E01001071,0,-1
2023010492473,2023,010492473,2,9,0,5,5,5,1,0,0,8,0,0,0,0,1,1,6,6,1,-1,-1,2979,1,4,BMW M2,-1,-1,0,-1
2023430517815,2023,430517815,2,9,0,3,3,7,3,0,0,1,0,0,0,0,2,1,6,6,1,21,5,2979,1,8,BMW M2,5,E01004646,0,-1
2023010437656,2023,010437656,1,9,0,7,7,5,7,0,0,8,1,0,0,0,1,1,6,6,3,-1,-1,2998,1,4,BMW M2,-1,-1,0,-1
2023041279022,2023,041279022,2,9,0,18,19,1,5,0,0,1,0,0,0,0,4,1,5,6,1,41,7,2979,1,4,BMW M2,7,E01024955,0,-1
2023201362680,2023,201362680,1,9,0,5,5,2,6,0,0,1,0,0,0,0,1,1,5,6,1,26,6,2998,1,7,BMW M2,5,E01010285,0,-1
2023101382845,2023,101382845,1,9,0,18,19,3,3,0,0,8,0,0,0,0,4,1,5,6,1,55,8,2979,1,5,BMW M2,4,E01018638,0,-1
2023231307930,2023,231307930,1,9,0,18,19,4,8,0,0,0,1,0,1,4,1,1,5,6,1,22,5,2998,1,4,BMW M2,9,E01031227,0,-1
2023471269419,2023,471269419,1,9,0,13,13,6,2,0,0,1,0,0,0,0,3,1,2,2,2,20,4,2979,1,8,BMW M2,3,E01021137,0,-1
2023430264285,2023,430264285,1,9,0,18,19,8,4,0,0,4,0,0,0,0,3,1,6,6,1,38,7,2979,1,7,BMW M2,4,E01016446,0,-1
2023311384547,2023,311384547,1,9,0,13,13,5,1,0,0,0,1,0,1,7,1,1,6,6,1,38,7,2979,1,3,BMW M2,7,E01027995,0,-1
2023010450928,2023,010450928,2,9,0,99,99,9,9,99,99,9,9,99,9,99,9,9,6,6,1,-1,-1,2979,1,7,BMW M2,-1,-1,0,-1
2023311352578,2023,311352578,1,9,0,18,19,5,1,0,0,4,0,0,0,0,1,1,1,1,1,29,6,1998,1,1,BMW M2,-1,-1,0,-1
2023201310972,2023,201310972,1,9,0,18,19,4,8,0,0,2,1,10,1,4,1,1,6,6,1,20,4,2979,1,8,BMW M2,6,E01009880,0,-1
2023440158824,2023,440158824,1,9,0,9,9,5,3,0,0,8,1,0,0,0,1,1,6,6,1,39,7,2998,1,6,BMW M2,10,E01022850,0,-1
2023430519957,2023,430519957,1,9,0,18,19,6,2,0,0,0,0,0,0,0,1,1,6,6,3,-1,-1,2998,1,1,BMW M2,-1,-1,0,-1
2023101382805,2023,101382805,1,9,0,18,19,5,1,0,0,1,0,0,0,0,4,1,5,6,2,26,6,2979,1,8,BMW M2,6,E01027371,0,-1
2023010429528,2023,010429528,1,9,0,9,9,7,5,2,2,5,0,0,0,0,4,1,6,6,1,50,8,2998,1,4,BMW M2,7,E01004597,0,-1
2023351295443,2023,351295443,2,9,0,18,19,7,3,0,0,1,0,0,7,0,1,1,5,6,1,27,6,2979,1,5,BMW M2,5,E01018051,0,-1
2023320029081,2023,320029081,1,9,0,9,9,6,4,0,0,2,0,0,0,0,1,1,6,6,1,21,5,2979,1,3,BMW M2,8,E01026136,0,-1
2023201364546,2023,201364546,1,9,0,18,19,8,4,0,0,0,0,10,1,0,1,1,6,6,1,48,8,2979,1,8,BMW M2,2,E01033630,0,-1
2023211331127,2023,211331127,3,9,0,4,4,4,8,0,0,1,0,0,0,0,2,1,6,6,1,51,8,2979,1,9,BMW M2,7,E01029584,0,-1
2023122300794,2023,122300794,2,9,0,18,19,5,1,0,0,0,0,0,0,0,0,1,6,6,1,23,5,2979,1,9,BMW M2,3,E01012057,0,-1
2023031357415,2023,031357415,1,9,0,18,19,3,7,0,0,0,0,0,0,0,1,1,6,6,1,39,7,2979,1,5,BMW M2,6,E01019239,0,-1
2023522300501,2023,522300501,1,9,0,18,19,5,1,0,0,1,0,0,0,0,2,1,6,6,1,27,6,2998,1,6,BMW M2,7,E01014598,0,-1
2023311343847,2023,311343847,1,9,0,18,19,7,3,0,0,1,0,0,0,0,1,1,5,6,2,23,5,1998,1,3,BMW M2,7,E01028290,0,-1
2023010470363,2023,010470363,1,9,0,18,19,1,5,0,0,1,0,0,0,0,1,1,2,2,1,24,5,2998,1,7,BMW M2,9,E01016105,0,-1
2023061351198,2023,061351198,1,9,0,4,4,3,7,0,0,2,0,0,0,0,2,1,6,6,3,30,6,2998,1,5,BMW M2,-1,-1,0,-1
2023520400743,2023,520400743,1,9,0,18,19,6,2,0,0,8,0,0,0,0,1,1,6,6,1,48,8,1998,1,3,BMW M2,4,E01029309,0,-1
2023201411215,2023,201411215,2,9,0,18,19,1,5,0,0,8,0,0,0,0,2,1,6,6,1,27,6,2979,1,9,BMW M2,2,E01009017,0,-1
2023010477334,2023,010477334,2,9,0,99,99,9,9,99,99,9,9,99,9,99,1,9,6,6,3,-1,-1,2979,1,8,BMW M2,-1,-1,0,-1
2023302300843,2023,302300843,1,9,0,18,19,6,2,0,0,1,0,0,1,0,4,1,6,6,1,78,11,2998,1,7,BMW M2,7,E01019736,0,-1
2023052400207,2023,052400207,2,9,0,7,7,8,2,0,0,2,0,0,0,0,4,1,6,6,1,25,5,1998,1,3,BMW M2,6,E01006422,0,-1
2023430485729,2023,430485729,1,9,0,18,19,8,4,0,0,0,2,0,1,4,1,1,2,2,1,24,5,2998,1,6,BMW M2,6,E01016248,0,-1
2023052301718,2023,052301718,2,9,0,9,9,1,7,0,0,8,0,0,0,0,1,1,6,6,1,30,6,2979,1,7,BMW M2,7,E01006579,0,-1
2023544728323,2023,544728323,2,9,0,13,13,1,5,0,0,0,0,0,0,0,4,1,6,6,1,40,7,2979,1,5,BMW M2,3,E01015491,0,-1
2023010475376,2023,010475376,2,9,0,99,99,9,9,99,99,9,9,99,9,99,9,9,6,6,3,-1,-1,1998,1,3,BMW M2,-1,-1,0,-1
2023131273650,2023,131273650,2,5,0,18,19,8,4,0,0,1,0,0,0,0,3,1,6,6,1,49,8,649,1,3,-1,6,E01013072,0,-1
2023010433852,2023,010433852,1,5,0,13,13,7,3,0,0,8,0,0,0,0,1,1,6,6,1,55,8,649,1,1,-1,6,E01001393,0,-1
2023010471397,2023,010471397,1,3,0,18,19,3,7,0,0,1,0,0,0,0,1,1,6,6,1,55,8,649,1,1,-1,6,E01001393,0,-1
2023161348824,2023,161348824,1,9,0,9,9,8,6,0,0,8,0,0,0,0,3,1,5,6,1,84,11,1399,1,16,-1,3,E01013156,0,-1
2023061389538,2023,061389538,1,9,0,9,9,1,7,0,0,1,0,0,0,0,1,1,6,6,3,30,6,1150,1,15,-1,-1,-1,0,-1
2023545350523,2023,545350523,2,9,0,18,19,1,5,0,0,8,1,0,0,0,3,1,6,6,2,73,10,1399,1,16,-1,7,E01031942,0,-1
2023548610023,2023,548610023,3,9,0,4,4,8,4,0,0,0,0,0,0,0,2,1,6,6,2,59,9,1399,1,16,-1,6,E01032004,0,-1
2023101361842,2023,101361842,1,9,0,4,4,8,8,0,0,0,0,0,0,0,1,1,5,6,1,43,7,1399,1,16,-1,2,E01008482,0,-1
2023361291710,2023,361291710,1,9,0,5,5,3,6,0,0,2,0,0,0,0,1,1,5,6,2,84,11,1399,1,16,-1,5,E01026940,0,-1
2023371292418,2023,371292418,2,9,0,4,4,4,8,0,0,0,0,0,0,0,2,1,5,6,1,74,10,1399,1,15,-1,5,E01030229,0,-1
2023211332934,2023,211332934,3,9,0,4,4,4,8,0,0,0,0,0,0,0,2,1,1,1,2,24,5,1150,1,16,-1,2,E01029359,0,-1
2023540687923,2023,540687923,2,5,0,10,10,5,3,0,0,1,0,0,0,0,2,1,6,6,1,58,9,1203,1,4,-1,10,E01022367,0,-1
2023991350696,2023,991350696,2,5,0,18,19,5,1,0,0,1,1,0,0,0,1,1,5,6,1,56,9,1203,1,3,-1,10,-1,0,-1
2023421363629,2023,421363629,2,5,0,15,15,4,8,0,0,0,0,0,0,0,1,1,6,6,1,62,9,1203,1,1,-1,5,E01021422,0,-1
2023122300608,2023,122300608,1,3,0,17,19,5,1,0,0,0,0,0,1,0,1,1,6,6,1,35,6,124,1,21,-1,6,E01027831,0,-1
2023161350746,2023,161350746,2,3,0,5,5,4,8,0,0,3,0,0,0,0,1,1,5,6,1,19,4,124,1,35,-1,5,E01013249,0,-1
2023010471598,2023,010471598,1,3,0,18,19,1,5,0,0,0,0,0,0,0,1,1,6,6,1,19,4,125,1,3,-1,2,E01001172,0,-1
2023010435382,2023,010435382,1,3,0,18,19,5,1,0,0,0,0,0,0,0,1,1,6,6,1,22,5,125,1,3,-1,6,E01002943,0,-1
2023010481033,2023,010481033,1,3,0,99,99,9,9,99,99,9,9,99,9,99,9,1,6,6,1,29,6,125,1,3,-1,7,E01002220,0,-1
2023332301179,2023,332301179,1,3,0,3,3,1,5,0,0,8,0,0,0,0,1,1,2,2,1,28,6,125,1,3,-1,3,E01013765,0,-1
2023991320612,2023,991320612,1,3,0,18,19,8,4,0,0,0,1,0,1,0,1,1,6,6,1,29,6,889,1,2,-1,-1,-1,0,-1
2023451362943,2023,451362943,2,5,0,18,19,7,1,0,0,0,0,0,1,0,1,1,6,6,1,62,9,889,1,2,-1,10,E01030958,0,-1
2023122300795,2023,122300795,2,5,0,18,19,5,1,0,0,3,0,0,0,0,2,1,6,6,1,74,10,889,1,3,-1,8,E01012360,0,-1
2023340WN1112,2023,340WN1112,1,5,0,11,11,1,5,0,0,0,0,0,0,0,1,1,2,2,1,59,9,889,1,2,-1,5,E01027138,0,-1
2023231323479,2023,231323479,2,5,0,13,13,4,8,0,0,1,0,0,7,9,1,1,5,6,1,56,9,889,1,2,-1,8,E01031310,0,-1
2023371314388,2023,371314388,3,5,0,18,19,3,7,0,0,0,2,0,0,0,1,1,5,6,1,38,7,889,1,1,-1,6,E01030099,0,-1
202360A080339,2023,60A080339,2,5,0,4,4,4,8,0,0,0,0,0,0,0,2,1,6,6,1,53,8,889,1,0,-1,-1,-1,0,-1
2023421324667,2023,421324667,1,5,0,7,7,1,5,0,0,0,5,0,0,0,2,1,5,6,1,58,9,899,1,3,-1,9,E01021555,0,-1
2023111303013,2023,111303013,2,5,0,16,19,5,1,0,0,8,2,0,0,0,1,1,6,6,1,39,7,889,1,1,-1,1,E01020907,0,-1
2023010462559,2023,010462559,1,9,0,7,7,2,5,0,0,2,2,4,0,0,1,1,6,6,1,59,9,4398,1,19,LAND ROVER RANGE ROVER,6,E01003311,0,-1
2023010482779,2023,010482779,2,9,0,99,99,9,9,99,99,9,9,99,9,99,9,9,6,6,3,-1,-1,4999,1,6,LAND ROVER RANGE ROVER,-1,-1,0,-1
2023010479181,2023,010479181,1,9,0,18,19,2,6,0,0,0,0,0,0,0,1,1,6,6,1,44,7,2993,2,8,LAND ROVER RANGE ROVER,8,E01011716,0,-1
2023101361844,2023,101361844,1,9,0,16,19,7,3,0,0,0,1,0,8,0,1,1,5,6,1,53,8,2993,2,8,LAND ROVER RANGE ROVER,3,E01008851,0,-1
2023461345100,2023,461345100,2,9,0,18,19,5,1,0,0,0,0,0,0,0,1,1,6,6,1,55,8,4395,1,0,LAND ROVER RANGE ROVER,7,E01024347,0,-1
2023522400418,2023,522400418,2,9,0,9,9,1,7,0,0,6,0,0,0,0,1,1,6,6,1,-1,-1,2926,2,20,LAND ROVER RANGE ROVER,-1,-1,0,-1
2023010423411,2023,010423411,1,9,0,99,99,9,9,99,99,9,9,99,9,99,9,9,6,6,3,69,10,2995,1,6,LAND ROVER RANGE ROVER,10,E01002952,0,-1
2023340WN6412,2023,340WN6412,2,9,0,18,19,1,5,0,0,1,0,0,7,0,4,1,6,6,2,32,6,4367,2,11,LAND ROVER RANGE ROVER,7,E01027279,0,-1
2023010451422,2023,010451422,5,9,0,18,19,1,5,0,0,7,0,0,0,0,4,1,6,6,1,32,6,4367,2,6,LAND ROVER RANGE ROVER,6,E01002943,0,-1
2023401363893,2023,401363893,4,9,0,4,4,4,8,0,0,0,0,0,0,0,2,1,6,6,1,72,10,3628,2,15,LAND ROVER RANGE ROVER,10,E01017625,0,-1
2023201281662,2023,201281662,2,9,0,2,2,0,0,0,0,0,0,0,0,0,4,1,6,6,1,64,9,2926,2,18,LAND ROVER RANGE ROVER,2,E01010448,0,-1
2023332300479,2023,332300479,1,9,0,9,9,4,1,0,0,6,0,0,0,0,1,1,6,6,2,78,11,4999,1,4,LAND ROVER RANGE ROVER,7,E01028402,0,-1
2023010457335,2023,010457335,2,9,0,9,9,7,6,0,0,0,0,0,0,0,0,1,6,6,1,69,10,2993,2,7,LAND ROVER RANGE ROVER,10,E01002460,0,-1
2023471324218,2023,471324218,3,9,0,18,19,3,7,0,0,1,0,0,0,0,1,1,6,6,2,65,9,2996,1,2,LAND ROVER RANGE ROVER,10,E01031621,0,-1
2023311355373,2023,311355373,1,9,0,5,5,1,3,0,0,6,0,0,0,0,4,1,5,6,1,57,9,3628,2,15,LAND ROVER RANGE ROVER,1,E01028261,0,-1
2023421322252,2023,421322252,2,9,0,9,9,6,4,0,0,8,0,0,0,0,3,1,6,6,1,39,7,4395,1,1,LAND ROVER RANGE ROVER,8,E01021468,0,-1
2023371270783,2023,371270783,1,9,0,9,9,7,1,0,0,1,0,0,0,0,1,1,5,6,2,50,8,1997,8,2,LAND ROVER RANGE ROVER,10,E01030050,0,-1
2023421288839,2023,421288839,1,9,0,18,19,2,6,0,0,0,0,0,0,0,1,1,5,6,2,54,8,3628,2,16,LAND ROVER RANGE ROVER,4,E01021706,0,-1
2023548881023,2023,548881023,1,9,0,18,19,1,5,0,0,1,0,0,3,1,3,1,6,6,2,52,8,4367,2,8,LAND ROVER RANGE ROVER,10,E01015399,0,-1
2023451336344,2023,451336344,3,9,0,18,19,4,8,0,0,0,0,0,0,0,1,1,5,6,2,54,8,4367,2,2,LAND ROVER RANGE ROVER,10,E01030870,0,-1
2023231387147,2023,231387147,1,9,0,9,9,7,1,0,0,4,0,0,0,0,1,1,6,6,1,82,11,4367,2,3,LAND ROVER RANGE ROVER,10,E01010385,0,-1
2023340WN6752,2023,340WN6752,2,9,0,5,5,1,4,0,0,4,0,0,0,0,2,1,6,6,1,-1,-1,3628,2,16,LAND ROVER RANGE ROVER,2,E01027248,0,-1
2023440332577,2023,440332577,1,9,0,18,19,4,8,0,0,0,0,0,7,4,1,1,6,6,1,69,10,2997,2,0,LAND ROVER RANGE ROVER,8,E01031506,0,-1
2023010473274,2023,010473274,3,9,0,2,2,0,0,0,0,2,0,0,0,0,1,1,6,6,3,-1,-1,1997,8,3,LAND ROVER RANGE ROVER,-1,-1,0,-1
2023141294130,2023,141294130,2,9,0,2,2,3,7,0,0,0,0,0,0,0,2,1,5,6,2,41,7,2926,2,18,LAND ROVER RANGE ROVER,2,E01007340,0,-1
2023122300713,2023,122300713,2,9,0,18,19,8,4,0,0,1,0,0,0,0,3,1,6,6,1,63,9,2993,2,8,LAND ROVER RANGE ROVER,9,E01013422,0,-1
2023141351518,2023,141351518,1,9,0,18,19,8,4,0,0,0,0,0,0,0,1,1,6,6,2,38,7,4367,2,8,LAND ROVER RANGE ROVER,6,E01011228,0,-1
2023522400315,2023,522400315,2,9,0,18,19,5,1,0,0,2,0,4,0,0,1,1,6,6,1,-1,-1,4197,1,17,LAND ROVER RANGE ROVER,-1,-1,0,-1
2023052300433,2023,052300433,1,9,0,9,9,3,1,0,0,1,0,0,0,0,1,1,6,6,1,67,10,3628,2,14,LAND ROVER RANGE ROVER,1,E01006600,0,-1
2023501258810,2023,501258810,2,9,0,16,19,1,5,0,0,8,0,0,0,0,1,1,5,6,1,43,7,2993,2,7,LAND ROVER RANGE ROVER,5,E01015135,0,-1
2023141359042,2023,141359042,2,9,0,2,2,0,0,0,0,0,0,0,0,0,3,1,6,6,3,-1,-1,4999,1,4,LAND ROVER RANGE ROVER,-1,-1,0,-1
2023010459547,2023,010459547,2,9,0,99,99,9,9,99,99,9,9,99,9,99,9,9,6,6,3,-1,-1,2993,2,7,LAND ROVER RANGE ROVER,-1,-1,0,-1
2023430275947,2023,430275947,1,9,0,17,19,3,8,0,0,0,0,0,0,0,1,1,6,6,1,54,8,3628,2,16,LAND ROVER RANGE ROVER,-1,-1,0,-1
2023101315123,2023,101315123,2,9,0,18,19,5,1,0,0,1,0,0,0,0,3,1,2,2,1,38,7,2926,2,19,LAND ROVER RANGE ROVER,5,E01020629,0,-1
2023471308617,2023,471308617,2,9,0,18,19,2,6,0,0,0,0,0,0,0,1,1,5,6,1,29,6,4367,2,10,LAND ROVER RANGE ROVER,6,E01031692,0,-1
2023440108349,2023,440108349,1,9,0,4,4,7,3,0,0,1,0,0,0,0,2,1,6,6,2,22,5,2926,2,21,LAND ROVER RANGE ROVER,4,E01017308,0,-1
2023010435934,2023,010435934,3,9,0,2,2,0,0,0,0,0,0,0,0,0,1,1,6,6,3,-1,-1,4398,7,21,LAND ROVER RANGE ROVER,-1,-1,0,-1
2023421276682,2023,421276682,1,9,0,18,19,8,4,0,0,2,0,0,0,0,1,1,5,6,1,61,9,4398,1,19,LAND ROVER RANGE ROVER,10,E01021251,0,-1
2023041266511,2023,041266511,1,9,0,12,12,1,5,0,0,0,0,0,1,4,1,1,5,6,2,41,7,4367,2,7,LAND ROVER RANGE ROVER,7,E01012602,0,-1
2023501273564,2023,501273564,2,9,0,4,4,3,8,0,0,0,0,0,0,0,4,1,6,6,1,41,7,3947,1,28,LAND ROVER RANGE ROVER,4,E01020321,0,-1
2023371336924,2023,371336924,2,9,0,2,2,0,0,0,0,0,0,0,0,0,3,1,6,6,1,49,8,4367,2,8,LAND ROVER RANGE ROVER,9,E01030196,0,-1
2023991316108,2023,991316108,1,9,0,18,19,7,3,0,0,0,0,0,0,0,1,1,5,6,2,62,9,2996,1,1,LAND ROVER RANGE ROVER,10,-1,0,-1
2023010461204,2023,010461204,1,9,0,9,9,1,7,0,0,8,0,0,0,0,4,1,6,6,1,71,10,1997,8,4,LAND ROVER RANGE ROVER,6,E01004731,0,-1
2023041391129,2023,041391129,1,9,0,18,19,7,3,0,0,1,1,0,1,11,1,1,5,6,1,83,11,4398,1,19,LAND ROVER RANGE ROVER,7,E01025585,0,-1
2023552301079,2023,552301079,2,9,0,18,19,7,4,0,0,1,0,0,0,0,1,1,6,6,1,61,9,2997,2,2,LAND ROVER RANGE ROVER,8,E01022997,0,-1
2023161387354,2023,161387354,1,9,0,5,5,1,6,0,0,6,0,0,0,0,1,1,3,7,1,43,7,4398,1,19,LAND ROVER RANGE ROVER,1,E01012850,0,-1
2023010435682,2023,010435682,2,9,0,99,99,9,9,99,99,0,9,99,9,99,9,9,6,6,3,-1,-1,2993,2,5,LAND ROVER RANGE ROVER,-1,-1,0,-1
2023421311269,2023,421311269,2,9,0,2,2,0,0,9,9,0,0,0,0,0,3,1,6,6,3,-1,-1,4367,2,12,LAND ROVER RANGE ROVER,-1,-1,0,-1