collision_index,collision_year,collision_ref_no,vehicle_reference,vehicle_type,towing_and_articulation,vehicle_manoeuvre_historic,vehicle_manoeuvre,vehicle_direction_from,vehicle_direction_to,vehicle_location_restricted_lane_historic,vehicle_location_restricted_lane,junction_location,skidding_and_overturning,hit_object_in_carriageway,vehicle_leaving_carriageway,hit_object_off_carriageway,first_point_of_impact,vehicle_left_hand_drive,journey_purpose_of_driver_historic,journey_purpose_of_driver,sex_of_driver,age_of_driver,age_band_of_driver,engine_capacity_cc,propulsion_code,age_of_vehicle,generic_make_model,driver_imd_decile,lsoa_of_driver,escooter_flag,driver_distance_banding
2023131381462,2023,131381462,1,9,0,7,7,1,7,0,0,2,0,0,0,0,4,1,5,6,1,71,10,3628,2,13,LAND ROVER RANGE ROVER,4,E01010784,0,-1
2023411311747,2023,411311747,1,9,0,18,19,5,2,0,0,1,0,0,0,0,1,1,5,6,2,34,6,2993,2,4,LAND ROVER RANGE ROVER,10,E01023889,0,-1
2023461310813,2023,461310813,1,9,0,4,4,8,4,0,0,0,0,0,0,0,0,1,6,6,2,33,6,2993,2,5,LAND ROVER RANGE ROVER,6,E01024703,0,-1
2023231291595,2023,231291595,1,9,0,18,19,2,6,0,0,0,0,12,1,4,1,1,5,6,2,37,7,4367,2,7,LAND ROVER RANGE ROVER,8,E01031196,0,-1
2023061347458,2023,061347458,2,9,0,18,19,1,5,0,0,8,0,0,0,0,1,1,5,6,2,23,5,2993,2,10,LAND ROVER RANGE ROVER,1,E01004926,0,-1
2023141283128,2023,141283128,1,9,0,18,19,3,7,0,0,0,2,10,7,11,1,1,6,6,1,-1,-1,4398,1,19,LAND ROVER RANGE ROVER,-1,-1,0,-1
2023010419393,2023,010419393,2,9,0,2,2,0,0,9,9,2,0,0,0,0,3,1,6,6,3,-1,-1,3628,2,13,LAND ROVER RANGE ROVER,-1,-1,0,-1
2023421314875,2023,421314875,1,9,0,5,5,1,5,0,0,6,0,0,0,0,3,1,1,1,1,59,9,2926,2,20,LAND ROVER RANGE ROVER,7,E01021407,0,-1
2023991349032,2023,991349032,2,9,4,18,19,4,8,0,0,8,5,0,1,3,3,1,5,6,1,33,6,4554,1,23,LAND ROVER RANGE ROVER,10,-1,0,-1
2023471311574,2023,471311574,1,9,0,5,5,2,5,0,0,4,0,0,0,0,4,1,5,6,1,33,6,2993,2,7,LAND ROVER RANGE ROVER,1,E01016864,0,-1
2023131348505,2023,131348505,1,9,0,17,19,1,5,0,0,0,0,0,0,0,1,1,2,2,1,40,7,4367,2,4,LAND ROVER RANGE ROVER,10,E01010954,0,-1
2023991334536,2023,991334536,1,9,0,7,7,6,2,0,0,0,0,0,8,4,1,1,5,6,1,46,8,4398,1,19,LAND ROVER RANGE ROVER,3,-1,0,-1
2023401373794,2023,401373794,1,9,0,18,19,8,4,0,0,1,0,0,0,0,1,1,5,6,1,54,8,4999,1,3,LAND ROVER RANGE ROVER,8,E01017455,0,-1
2023531335591,2023,531335591,1,9,0,18,19,5,1,0,0,0,0,0,0,0,1,1,6,6,1,83,11,1997,8,3,LAND ROVER RANGE ROVER,8,E01022178,0,-1
2023531268375,2023,531268375,3,9,0,10,10,1,5,0,0,0,0,0,0,0,2,1,5,6,1,76,11,2926,2,18,LAND ROVER RANGE ROVER,6,E01014058,0,-1
2023010482831,2023,010482831,2,9,0,18,19,1,5,0,0,4,0,0,0,0,1,1,1,1,1,49,8,4999,1,3,LAND ROVER RANGE ROVER,10,E01030376,0,-1
2023010478582,2023,010478582,1,9,9,7,7,8,3,99,99,1,9,0,9,0,4,1,6,6,1,42,7,4367,12,8,LAND ROVER RANGE ROVER,9,E01002225,0,-1
2023320393272,2023,320393272,2,9,0,18,19,8,4,0,0,0,0,0,0,0,3,1,6,6,2,68,10,4367,2,10,LAND ROVER RANGE ROVER,5,E01026407,0,-1
2023461348761,2023,461348761,2,9,0,18,19,2,6,0,0,0,0,0,0,0,0,1,5,6,1,40,7,2993,2,3,LAND ROVER RANGE ROVER,6,E01021117,0,-1
2023340WN4032,2023,340WN4032,2,9,0,5,5,7,3,0,0,4,1,10,7,2,1,1,6,6,1,47,8,4367,2,7,LAND ROVER RANGE ROVER,2,E01027155,0,-1
2023421262242,2023,421262242,1,9,0,18,19,7,3,0,0,8,0,0,1,0,3,1,6,6,3,-1,-1,2997,2,2,LAND ROVER RANGE ROVER,-1,-1,0,-1
2023302300977,2023,302300977,3,9,0,2,2,0,0,0,0,0,0,0,0,0,2,1,6,6,3,-1,-1,2993,2,5,LAND ROVER RANGE ROVER,-1,-1,0,-1
2023070418622,2023,070418622,2,9,0,18,19,3,7,0,0,0,0,0,0,0,3,1,6,6,1,63,9,2993,2,4,LAND ROVER RANGE ROVER,7,E01018412,0,-1
2023010469588,2023,010469588,2,9,9,99,99,9,9,99,99,9,9,99,9,99,9,9,6,6,1,-1,-1,3628,2,13,LAND ROVER RANGE ROVER,4,E01015372,0,-1
2023440518100,2023,440518100,1,9,0,18,19,3,7,0,0,2,5,0,2,11,4,1,6,6,1,19,4,4367,2,9,LAND ROVER RANGE ROVER,8,E01023235,0,-1
2023991350499,2023,991350499,2,9,0,18,19,5,2,0,0,0,0,0,0,0,2,1,6,6,1,70,10,2996,8,0,LAND ROVER RANGE ROVER,8,-1,0,-1
2023010462749,2023,010462749,2,9,0,18,19,3,7,0,0,1,0,0,0,0,4,1,6,6,3,-1,-1,3628,2,16,LAND ROVER RANGE ROVER,-1,-1,0,-1
2023501323697,2023,501323697,1,9,0,9,9,1,3,0,0,8,0,0,0,0,3,1,1,1,1,58,9,3628,2,17,LAND ROVER RANGE ROVER,5,E01029173,0,-1
2023451372755,2023,451372755,2,9,0,9,9,3,7,0,0,8,0,0,0,0,1,1,5,6,1,59,9,3628,2,14,LAND ROVER RANGE ROVER,9,E01030305,0,-1
2023461376460,2023,461376460,2,9,0,5,5,4,1,0,0,0,0,0,0,0,4,1,6,6,1,55,8,4367,2,7,LAND ROVER RANGE ROVER,9,E01002391,0,-1
2023041327324,2023,041327324,1,9,0,18,19,8,4,0,0,0,0,0,0,0,3,1,5,6,2,48,8,4367,2,10,LAND ROVER RANGE ROVER,10,E01025019,0,-1
2023010452054,2023,010452054,4,9,0,2,2,0,0,0,0,0,0,0,0,0,3,1,6,6,3,-1,-1,2993,2,6,LAND ROVER RANGE ROVER,-1,-1,0,-1
2023201400872,2023,201400872,1,9,0,9,9,4,8,0,0,5,0,0,0,0,1,1,6,6,1,78,11,4398,1,19,LAND ROVER RANGE ROVER,7,E01009424,0,-1
2023101330991,2023,101330991,2,9,0,6,6,7,5,0,0,8,0,0,0,0,4,1,5,6,1,27,6,4197,1,18,LAND ROVER RANGE ROVER,4,E01008226,0,-1
2023061458271,2023,061458271,1,9,0,9,9,5,6,0,0,6,0,0,0,0,3,1,6,6,2,33,6,4999,1,8,LAND ROVER RANGE ROVER,1,E01005539,0,-1
2023010474640,2023,010474640,1,9,0,17,19,7,3,9,9,0,0,11,7,5,1,1,6,6,1,29,6,2993,2,5,LAND ROVER RANGE ROVER,3,E01000577,0,-1
2023010479703,2023,010479703,3,9,0,4,4,7,3,0,0,0,0,0,0,0,1,1,6,6,1,70,10,4197,1,18,LAND ROVER RANGE ROVER,9,E01023375,0,-1
2023421335466,2023,421335466,1,9,0,16,19,2,6,0,0,0,0,0,0,0,1,1,6,6,2,30,6,2996,8,0,LAND ROVER RANGE ROVER,7,E01022088,0,-1
2023010459702,2023,010459702,2,9,0,99,99,9,9,99,99,0,9,99,9,99,1,9,6,6,3,-1,-1,2926,2,20,LAND ROVER RANGE ROVER,-1,-1,0,-1
2023991329738,2023,991329738,1,9,0,5,5,6,2,0,0,0,0,0,0,0,3,1,6,6,2,70,10,2997,2,1,LAND ROVER RANGE ROVER,3,-1,0,-1
2023201453260,2023,201453260,2,9,0,2,2,0,0,0,0,0,0,0,0,0,1,1,6,6,1,-1,-1,2993,2,6,LAND ROVER RANGE ROVER,1,E01009514,0,-1
2023461349681,2023,461349681,1,9,0,4,4,3,7,0,0,1,0,0,0,0,1,1,6,6,2,59,9,4999,1,4,LAND ROVER RANGE ROVER,9,E01024458,0,-1
2023631333524,2023,631333524,3,9,0,18,19,1,5,0,0,0,0,0,0,0,1,1,6,6,1,53,8,4398,1,19,LAND ROVER RANGE ROVER,8,W01001905,0,-1
2023010421555,2023,010421555,1,9,0,9,9,8,5,0,0,1,0,0,0,0,1,1,6,6,1,52,8,4999,1,4,LAND ROVER RANGE ROVER,7,E01002144,0,-1
2023131304951,2023,131304951,2,9,0,18,19,3,7,0,0,8,0,0,0,0,1,1,6,6,1,43,7,3628,2,14,LAND ROVER RANGE ROVER,1,E01010925,0,-1
2023010466275,2023,010466275,1,9,0,9,9,3,8,0,0,1,0,0,0,0,2,1,6,6,1,57,9,2993,2,4,LAND ROVER RANGE ROVER,4,E01002684,0,-1
2023421279524,2023,421279524,1,9,0,18,19,1,5,0,0,1,1,0,0,0,3,1,5,6,1,48,8,4367,2,11,LAND ROVER RANGE ROVER,-1,-1,0,-1
2023340WN2132,2023,340WN2132,2,9,0,10,10,8,4,0,0,2,0,0,0,0,2,1,6,6,2,54,8,4367,2,10,LAND ROVER RANGE ROVER,9,E01027308,0,-1
2023451324917,2023,451324917,1,9,0,18,19,4,2,0,0,0,0,0,0,0,2,1,6,6,3,25,5,4367,2,6,LAND ROVER RANGE ROVER,-1,-1,0,-1
2023501395910,2023,501395910,1,9,0,18,19,5,1,0,0,0,0,0,1,4,4,1,5,6,1,63,9,2993,2,7,LAND ROVER RANGE ROVER,3,E01020229,0,-1
2023411312961,2023,411312961,2,9,0,10,10,5,1,0,0,1,0,0,0,0,2,1,6,6,1,56,9,2997,2,2,LAND ROVER RANGE ROVER,8,E01023312,0,-1
2023522400183,2023,522400183,2,9,0,3,3,7,3,0,0,0,0,0,0,0,2,1,6,6,1,66,10,4367,2,12,LAND ROVER RANGE ROVER,9,E01014747,0,-1
2023010465197,2023,010465197,2,9,0,18,19,5,1,0,0,2,0,0,0,0,1,1,6,6,1,52,8,2993,2,6,LAND ROVER RANGE ROVER,7,E01000442,0,-1
2023010461026,2023,010461026,2,9,0,11,11,7,3,0,0,0,0,0,0,0,0,1,6,6,1,70,10,1997,8,5,LAND ROVER RANGE ROVER,5,E01001278,0,-1
2023010431482,2023,010431482,1,9,0,99,99,9,9,99,99,0,9,99,9,99,1,9,6,6,3,-1,-1,4999,1,5,LAND ROVER RANGE ROVER,5,E01004662,0,-1
2023010438970,2023,010438970,2,9,3,2,2,0,0,0,0,1,0,0,0,0,1,1,6,6,3,-1,-1,4367,2,6,LAND ROVER RANGE ROVER,-1,-1,0,-1
2023531312155,2023,531312155,1,9,0,18,19,3,7,0,0,8,0,0,0,0,1,1,5,6,1,72,10,4367,2,4,LAND ROVER RANGE ROVER,6,E01022176,0,-1
2023041314315,2023,041314315,1,9,0,5,5,5,1,0,0,4,0,0,0,0,1,1,6,6,2,36,7,2997,2,0,LAND ROVER RANGE ROVER,7,E01025457,0,-1
2023010440900,2023,010440900,1,9,0,18,19,5,1,0,0,1,0,0,0,0,1,1,2,2,1,34,6,1997,8,4,LAND ROVER RANGE ROVER,9,E01001028,0,-1
2023061394136,2023,061394136,4,9,0,2,2,0,0,0,0,2,0,0,0,0,1,1,6,6,3,-1,-1,2993,2,2,LAND ROVER RANGE ROVER,-1,-1,0,-1
2023421392154,2023,421392154,3,9,0,2,2,0,0,0,0,0,0,0,0,0,3,1,6,6,3,-1,-1,3628,2,14,LAND ROVER RANGE ROVER,-1,-1,0,-1
2023440222648,2023,440222648,1,9,0,18,19,5,1,0,0,0,0,0,0,0,4,1,6,6,1,38,7,2993,2,9,LAND ROVER RANGE ROVER,8,E01017190,0,-1
2023461364623,2023,461364623,1,9,0,18,19,7,3,0,0,0,0,0,0,0,1,1,6,6,2,46,8,2993,2,8,LAND ROVER RANGE ROVER,5,E01024033,0,-1
2023010442096,2023,010442096,2,9,0,18,19,3,7,0,0,0,1,0,0,0,1,1,1,1,1,64,9,1997,8,2,LAND ROVER RANGE ROVER,-1,-1,0,-1
2023471333604,2023,471333604,2,9,0,9,9,2,6,0,0,5,0,0,0,0,3,1,3,7,2,37,7,2997,2,1,LAND ROVER RANGE ROVER,8,E01030529,0,-1
2023122301366,2023,122301366,1,9,0,5,5,5,3,0,0,2,0,0,0,0,0,1,6,6,1,48,8,2993,2,9,LAND ROVER RANGE ROVER,8,E01027875,0,-1
2023131290502,2023,131290502,2,9,0,18,19,1,5,0,0,1,0,0,0,0,1,1,5,6,1,44,7,2993,2,9,LAND ROVER RANGE ROVER,2,E01032500,0,-1
202363B017123,2023,63B017123,1,9,0,18,19,4,7,0,0,3,0,0,0,0,1,1,6,6,1,54,8,1997,8,4,LAND ROVER RANGE ROVER,7,W01000532,0,-1
2023471340043,2023,471340043,1,9,0,13,13,2,6,0,0,1,0,0,1,0,1,1,5,6,2,35,6,4367,2,8,LAND ROVER RANGE ROVER,8,E01021150,0,-1
2023991271676,2023,991271676,2,9,0,18,19,2,6,0,0,8,0,0,0,0,4,1,6,6,2,29,6,2993,2,9,LAND ROVER RANGE ROVER,8,-1,0,-1
2023302300173,2023,302300173,1,9,0,13,13,8,4,0,0,0,0,0,0,0,4,1,6,6,1,37,7,4367,2,6,LAND ROVER RANGE ROVER,1,E01013813,0,-1
2023451312383,2023,451312383,1,9,0,5,5,5,1,0,0,0,0,0,0,0,3,1,5,6,1,60,9,2993,2,10,LAND ROVER RANGE ROVER,-1,-1,0,-1
2023471305777,2023,471305777,1,9,0,6,6,4,4,0,0,0,0,0,1,5,1,1,5,6,1,79,11,2993,2,10,LAND ROVER RANGE ROVER,7,E01021025,0,-1
2023010460397,2023,010460397,2,9,0,18,19,7,3,0,0,8,0,0,0,0,1,1,6,6,3,-1,-1,2993,2,10,LAND ROVER RANGE ROVER,-1,-1,0,-1
2023401365996,2023,401365996,1,9,0,17,19,3,8,0,0,1,0,0,0,0,1,1,5,6,1,43,7,2997,2,2,LAND ROVER RANGE ROVER,10,E01017528,0,-1
2023501298123,2023,501298123,2,9,0,17,19,2,5,0,0,0,0,0,0,0,1,1,6,6,1,33,6,3950,1,22,LAND ROVER RANGE ROVER,3,E01020067,0,-1
2023461307752,2023,461307752,2,9,0,17,19,6,2,0,0,8,0,0,0,0,1,1,5,6,2,37,7,2993,2,4,LAND ROVER RANGE ROVER,6,E01024036,0,-1
2023010471512,2023,010471512,2,9,0,99,99,9,9,99,99,9,9,99,9,99,1,9,6,6,3,-1,-1,3628,2,13,LAND ROVER RANGE ROVER,3,E01000866,0,-1
2023211319639,2023,211319639,1,9,0,2,2,0,0,0,0,0,1,0,0,0,2,1,6,6,1,37,7,2495,2,29,LAND ROVER RANGE ROVER,4,E01026280,0,-1
2023221329480,2023,221329480,2,9,0,7,7,5,7,0,0,6,0,0,0,0,2,1,5,6,1,58,9,4395,1,0,LAND ROVER RANGE ROVER,6,E01032472,0,-1
2023010421304,2023,010421304,1,9,0,18,19,1,5,0,0,8,0,0,0,0,1,1,6,6,1,-1,-1,2993,2,6,LAND ROVER RANGE ROVER,-1,-1,0,-1
2023101352510,2023,101352510,1,9,0,18,19,5,1,0,0,1,0,0,0,0,1,1,6,6,1,40,7,2993,2,10,LAND ROVER RANGE ROVER,-1,-1,0,-1
2023332300846,2023,332300846,1,9,0,18,19,3,7,0,0,6,0,0,0,0,1,1,6,6,1,63,9,2993,2,9,LAND ROVER RANGE ROVER,8,E01023627,0,-1
2023201419896,2023,201419896,1,9,0,18,19,6,2,0,0,3,5,9,1,0,1,1,6,6,3,-1,-1,4367,2,8,LAND ROVER RANGE ROVER,-1,-1,0,-1
2023201376451,2023,201376451,1,9,0,18,19,8,4,0,0,0,0,0,0,0,1,1,5,6,1,55,8,2926,2,19,LAND ROVER RANGE ROVER,3,E01008893,0,-1
2023201298728,2023,201298728,2,9,0,18,19,2,2,0,0,8,0,7,0,0,1,1,6,6,1,-1,-1,1997,8,4,LAND ROVER RANGE ROVER,1,E01009300,0,-1
2023122300593,2023,122300593,1,9,0,18,19,5,1,0,0,4,0,0,0,0,1,1,6,6,1,58,9,4367,2,10,LAND ROVER RANGE ROVER,1,E01027806,0,-1
2023010453531,2023,010453531,1,9,0,9,9,4,1,0,0,8,0,0,0,0,1,1,1,1,1,39,7,4395,1,1,LAND ROVER RANGE ROVER,3,E01033594,0,-1
2023311313224,2023,311313224,1,9,0,5,5,6,2,0,0,8,0,0,0,0,3,1,6,6,1,40,7,4367,2,8,LAND ROVER RANGE ROVER,1,E01013821,0,-1
2023421341085,2023,421341085,2,9,0,4,4,7,3,0,0,0,0,0,0,0,1,1,6,6,1,41,7,2996,1,0,LAND ROVER RANGE ROVER,8,E01033144,0,-1
2023161351259,2023,161351259,2,9,0,2,2,1,5,0,0,0,0,0,0,0,4,1,5,6,1,29,6,2926,2,19,LAND ROVER RANGE ROVER,5,E01012937,0,-1
2023161271743,2023,161271743,3,9,0,18,19,4,8,0,0,0,0,0,0,0,1,1,6,6,1,75,10,4367,2,12,LAND ROVER RANGE ROVER,10,E01012927,0,-1
2023631317914,2023,631317914,1,9,0,5,5,8,2,0,0,1,0,0,0,0,1,1,1,1,1,64,9,3628,2,16,LAND ROVER RANGE ROVER,8,E01028919,0,-1
2023471392793,2023,471392793,2,9,0,16,19,5,7,0,0,0,0,0,0,0,2,1,5,6,1,38,7,2993,2,7,LAND ROVER RANGE ROVER,4,E01021051,0,-1
2023421287127,2023,421287127,2,9,0,18,19,2,6,0,0,0,0,0,0,0,4,1,5,6,1,56,9,1997,8,2,LAND ROVER RANGE ROVER,9,E01021789,0,-1
2023631365773,2023,631365773,2,9,0,2,2,0,0,0,0,1,0,0,0,0,2,1,6,6,3,-1,-1,3628,2,16,LAND ROVER RANGE ROVER,-1,-1,0,-1
2023531371843,2023,531371843,1,9,0,9,9,5,1,0,0,8,0,0,0,0,4,1,5,6,1,69,10,4367,2,12,LAND ROVER RANGE ROVER,8,E01022247,0,-1
202354A493923,2023,54A493923,2,9,0,18,19,2,6,0,0,1,0,0,0,0,1,1,6,6,1,45,7,4395,1,1,LAND ROVER RANGE ROVER,6,E01032081,0,-1
2023311355735,2023,311355735,1,9,0,18,19,4,4,0,0,1,0,0,0,0,1,1,6,6,1,-1,-1,2926,2,20,LAND ROVER RANGE ROVER,-1,-1,0,-1
2023461295241,2023,461295241,1,9,0,16,19,4,8,0,0,4,0,9,0,0,1,1,5,6,1,83,11,3628,2,14,LAND ROVER RANGE ROVER,2,E01016110,0,-1
2023440092763,2023,440092763,1,9,0,4,4,8,4,0,0,0,0,0,0,0,2,1,6,6,1,74,10,2997,2,1,LAND ROVER RANGE ROVER,7,E01022514,0,-1
2023122301418,2023,122301418,2,9,0,18,19,6,2,0,0,8,0,0,0,0,1,1,6,6,2,43,7,2996,1,0,LAND ROVER RANGE ROVER,10,E01027716,0,-1
2023461263690,2023,461263690,1,9,0,5,5,1,3,0,0,1,0,0,0,0,1,1,6,6,2,42,7,2997,2,1,LAND ROVER RANGE ROVER,6,E01024034,0,-1
2023622300231,2023,622300231,1,9,0,9,9,6,4,0,0,8,0,0,0,0,1,1,6,6,1,39,7,2720,2,14,LAND ROVER RANGE ROVER,8,E01032021,0,-1
2023010470317,2023,010470317,2,9,9,2,2,0,0,99,99,0,9,99,0,0,9,9,6,6,3,-1,-1,2993,2,6,LAND ROVER RANGE ROVER,-1,-1,0,-1
2023302301707,2023,302301707,1,9,0,1,1,4,7,0,0,1,0,0,0,0,2,1,6,6,1,70,10,3628,2,14,LAND ROVER RANGE ROVER,7,E01019477,0,-1
2023371378393,2023,371378393,1,9,0,18,19,3,6,0,0,1,0,0,0,0,1,1,1,1,1,49,8,4367,2,11,LAND ROVER RANGE ROVER,-1,-1,0,-1
2023111401067,2023,111401067,2,9,0,18,19,1,5,0,0,8,0,0,0,0,1,1,6,6,1,51,8,2926,2,20,LAND ROVER RANGE ROVER,5,E01020657,0,-1
2023070131986,2023,070131986,1,9,0,4,4,1,5,0,0,1,0,0,0,0,1,1,6,6,1,39,7,2926,2,19,LAND ROVER RANGE ROVER,3,E01018720,0,-1
2023430333371,2023,430333371,3,9,0,18,19,7,3,0,0,0,0,0,0,0,1,1,6,6,1,53,8,3628,2,16,LAND ROVER RANGE ROVER,8,E01016610,0,-1
2023061386447,2023,061386447,1,9,-1,-1,-1,-1,-1,0,0,-1,0,0,0,0,-1,1,6,6,3,-1,-1,2993,2,4,LAND ROVER RANGE ROVER,-1,-1,0,-1
2023070172062,2023,070172062,1,9,0,18,19,5,1,0,0,1,0,0,0,0,3,1,6,6,1,43,7,4197,1,18,LAND ROVER RANGE ROVER,10,E01018621,0,-1
2023010435894,2023,010435894,1,9,0,18,19,7,3,0,0,2,0,0,0,0,4,1,6,6,1,26,6,4197,1,16,LAND ROVER RANGE ROVER,-1,-1,0,-1
2023332300474,2023,332300474,2,9,0,18,19,7,3,0,0,8,0,0,0,0,4,1,6,6,1,35,6,4367,2,7,LAND ROVER RANGE ROVER,9,E01025973,0,-1
2023010452490,2023,010452490,3,9,0,2,2,0,0,0,0,1,0,0,0,0,3,1,6,6,3,-1,-1,4367,2,5,LAND ROVER RANGE ROVER,-1,-1,0,-1
2023351349935,2023,351349935,1,9,0,18,19,1,5,0,0,0,5,4,0,0,4,1,6,6,1,39,7,3628,2,16,LAND ROVER RANGE ROVER,7,E01018220,0,-1
2023010484488,2023,010484488,1,9,0,18,19,5,1,0,0,4,1,0,0,0,1,1,6,6,3,-1,-1,2993,2,7,LAND ROVER RANGE ROVER,-1,-1,0,-1
2023231323428,2023,231323428,1,9,0,13,13,1,5,0,0,0,0,10,1,4,1,1,5,6,1,30,6,4367,2,11,LAND ROVER RANGE ROVER,-1,-1,0,-1
2023010484710,2023,010484710,1,9,0,6,6,1,1,0,0,4,0,0,0,0,3,1,6,6,1,40,7,1997,8,4,LAND ROVER RANGE ROVER,5,E01004648,0,-1
2023010447978,2023,010447978,1,9,9,99,99,9,9,0,0,0,9,0,0,0,9,9,6,6,3,-1,-1,4999,1,7,LAND ROVER RANGE ROVER,-1,-1,0,-1
2023010424636,2023,010424636,2,9,0,2,2,0,0,0,0,0,0,0,0,0,2,1,6,6,3,-1,-1,2993,2,5,LAND ROVER RANGE ROVER,-1,-1,0,-1
2023010428475,2023,010428475,2,9,0,99,99,9,9,99,99,0,9,99,9,99,9,9,6,6,3,44,7,4394,1,17,LAND ROVER RANGE ROVER,10,E01003362,0,-1
2023421360452,2023,421360452,1,9,0,18,19,1,5,0,0,1,0,0,1,11,1,1,5,6,1,64,9,2997,2,0,LAND ROVER RANGE ROVER,9,E01023500,0,-1
2023131365270,2023,131365270,1,9,0,18,19,6,2,0,0,8,0,0,0,0,1,1,6,6,3,-1,-1,2926,2,18,LAND ROVER RANGE ROVER,-1,-1,0,-1
2023622300216,2023,622300216,1,9,0,9,9,4,2,0,0,1,0,0,0,0,1,1,6,6,1,68,10,4367,2,5,LAND ROVER RANGE ROVER,10,W01001060,0,-1
2023552300935,2023,552300935,2,9,0,17,19,3,1,0,0,8,0,0,0,0,1,1,6,6,2,57,9,2926,2,18,LAND ROVER RANGE ROVER,9,E01029176,0,-1
2023542226823,2023,542226823,2,9,0,17,19,5,1,0,0,0,0,0,0,0,1,1,6,6,2,78,11,2993,2,8,LAND ROVER RANGE ROVER,6,E01022186,0,-1
2023401393959,2023,401393959,3,9,0,18,19,5,1,0,0,2,0,0,0,0,3,1,6,6,1,62,9,2993,2,9,LAND ROVER RANGE ROVER,8,E01017583,0,-1
2023010432285,2023,010432285,3,9,0,10,10,5,2,0,0,1,0,0,0,0,0,1,3,7,1,38,7,2993,2,7,LAND ROVER RANGE ROVER,5,E01004517,0,-1
2023010462307,2023,010462307,1,9,0,2,2,0,0,0,0,0,0,0,0,0,2,2,6,6,3,-1,-1,4367,2,11,LAND ROVER RANGE ROVER,-1,-1,0,-1
2023041356226,2023,041356226,2,9,0,18,19,4,8,0,0,1,0,0,0,0,1,1,5,6,1,27,6,2993,2,3,LAND ROVER RANGE ROVER,4,E01025267,0,-1
2023991382022,2023,991382022,1,9,0,18,19,7,3,0,0,0,0,0,0,0,1,1,5,6,1,72,10,4367,2,6,LAND ROVER RANGE ROVER,7,E01027390,0,-1
2023010421921,2023,010421921,1,9,0,18,19,1,5,0,0,2,0,0,0,0,1,1,6,6,1,28,6,4367,2,7,LAND ROVER RANGE ROVER,3,E01001203,0,-1
2023061372097,2023,061372097,1,9,-1,-1,-1,-1,-1,-1,-1,0,-1,-1,-1,0,-1,1,6,6,3,-1,-1,4398,1,19,LAND ROVER RANGE ROVER,-1,-1,0,-1
2023320658678,2023,320658678,1,9,0,18,19,6,2,0,0,0,0,0,7,0,1,1,6,6,1,36,7,4367,2,10,LAND ROVER RANGE ROVER,8,E01013166,0,-1
2023430193194,2023,430193194,2,9,0,18,19,6,2,0,0,8,0,0,0,0,3,1,6,6,1,55,8,4367,2,7,LAND ROVER RANGE ROVER,-1,-1,0,-1
2023161381552,2023,161381552,2,9,0,18,19,3,7,0,0,0,0,0,0,0,1,1,5,6,2,52,8,2993,2,7,LAND ROVER RANGE ROVER,6,E01013023,0,-1
2023461344765,2023,461344765,6,9,0,3,3,5,1,0,0,0,0,0,0,0,2,1,5,6,2,34,6,2926,2,20,LAND ROVER RANGE ROVER,5,E01024223,0,-1
2023161358156,2023,161358156,3,9,0,18,19,1,4,0,0,0,0,0,0,0,2,1,5,6,1,65,9,4367,2,9,LAND ROVER RANGE ROVER,2,E01013038,0,-1
2023010422943,2023,010422943,1,9,0,99,99,9,9,99,99,9,9,99,9,99,9,9,6,6,1,40,7,2993,2,9,LAND ROVER RANGE ROVER,6,E01000304,0,-1
2023201277008,2023,201277008,1,9,0,13,13,2,6,0,0,0,0,0,0,0,1,1,6,6,1,-1,-1,2993,2,5,LAND ROVER RANGE ROVER,-1,-1,0,-1
2023010485244,2023,010485244,2,9,0,7,7,7,2,0,0,1,1,0,0,0,1,1,6,6,3,-1,-1,4999,1,13,LAND ROVER RANGE ROVER,-1,-1,0,-1
2023471291867,2023,471291867,1,9,0,18,19,5,1,0,0,0,2,0,1,0,3,1,6,6,1,30,6,1997,8,2,LAND ROVER RANGE ROVER,8,E01031587,0,-1
2023010431081,2023,010431081,1,9,0,18,19,2,6,0,0,1,0,0,0,0,1,1,6,6,3,-1,-1,2926,2,18,LAND ROVER RANGE ROVER,3,E01000945,0,-1
2023111365480,2023,111365480,1,9,0,1,1,1,5,0,0,0,0,0,0,0,2,1,2,2,2,31,6,3628,2,17,LAND ROVER RANGE ROVER,6,E01020815,0,-1
2023461394581,2023,461394581,3,9,0,4,4,1,5,0,0,2,0,0,0,0,0,1,6,6,1,62,9,2993,2,9,LAND ROVER RANGE ROVER,10,E01024781,0,-1
2023010459976,2023,010459976,1,9,0,99,99,9,9,99,99,9,9,99,9,99,9,9,2,2,1,39,7,2993,2,9,LAND ROVER RANGE ROVER,4,E01000980,0,-1