collision_index,collision_year,collision_ref_no,vehicle_reference,vehicle_type,towing_and_articulation,vehicle_manoeuvre_historic,vehicle_manoeuvre,vehicle_direction_from,vehicle_direction_to,vehicle_location_restricted_lane_historic,vehicle_location_restricted_lane,junction_location,skidding_and_overturning,hit_object_in_carriageway,vehicle_leaving_carriageway,hit_object_off_carriageway,first_point_of_impact,vehicle_left_hand_drive,journey_purpose_of_driver_historic,journey_purpose_of_driver,sex_of_driver,age_of_driver,age_band_of_driver,engine_capacity_cc,propulsion_code,age_of_vehicle,generic_make_model,driver_imd_decile,lsoa_of_driver,escooter_flag,driver_distance_banding
2023991383600,2023,991383600,1,9,0,5,5,6,2,0,0,6,0,0,0,0,1,1,6,6,2,36,7,2993,2,5,LAND ROVER RANGE ROVER,-1,-1,0,-1
2023041280251,2023,041280251,1,9,0,5,5,4,8,0,0,0,0,0,0,0,3,1,5,6,1,48,8,2926,2,20,LAND ROVER RANGE ROVER,1,E01012743,0,-1
2023520301245,2023,520301245,4,9,0,10,10,4,3,0,0,1,0,0,0,0,2,1,6,6,2,42,7,4367,2,9,LAND ROVER RANGE ROVER,5,E01032054,0,-1
2023421321927,2023,421321927,1,9,-1,1,1,1,5,0,0,1,0,0,0,0,2,1,6,6,1,76,11,4554,1,21,LAND ROVER RANGE ROVER,5,E01026726,0,-1
2023531339033,2023,531339033,1,9,0,18,19,6,2,0,0,0,0,0,0,0,1,1,6,6,3,-1,-1,2926,2,19,LAND ROVER RANGE ROVER,-1,-1,0,-1
2023371384140,2023,371384140,1,9,0,9,9,3,7,0,0,6,0,0,0,0,1,1,6,6,2,58,9,2993,2,6,LAND ROVER RANGE ROVER,7,E01029911,0,-1
2023531332280,2023,531332280,1,9,0,18,19,3,7,0,0,0,0,0,0,0,1,2,5,6,1,47,8,1997,8,4,LAND ROVER RANGE ROVER,10,E01022103,0,-1
2023010452379,2023,010452379,1,9,0,7,7,5,7,0,0,1,0,0,0,0,1,1,1,1,1,30,6,2993,2,4,LAND ROVER RANGE ROVER,8,E01002008,0,-1
2023411305648,2023,411305648,1,9,0,18,19,-1,-1,0,0,0,0,0,0,0,1,1,6,6,1,-1,-1,2993,12,8,LAND ROVER RANGE ROVER,8,E01023360,0,-1
2023351285442,2023,351285442,1,9,0,9,9,1,3,0,0,6,0,0,0,0,0,1,6,6,1,56,9,2926,2,19,LAND ROVER RANGE ROVER,9,E01018241,0,-1
2023411344983,2023,411344983,1,9,0,18,19,2,6,0,0,0,2,0,1,10,1,1,6,6,2,44,7,4398,1,19,LAND ROVER RANGE ROVER,3,E01001501,0,-1
2023311262879,2023,311262879,1,9,0,3,3,5,1,0,0,0,0,0,0,0,2,1,6,6,1,61,9,2926,2,19,LAND ROVER RANGE ROVER,4,E01028143,0,-1
2023221313598,2023,221313598,2,9,0,18,19,8,4,0,0,4,0,0,0,0,3,1,5,6,1,39,7,4367,2,11,LAND ROVER RANGE ROVER,6,E01028885,0,-1
2023010428998,2023,010428998,2,9,0,99,99,9,9,99,99,9,9,99,9,99,1,9,6,6,1,-1,-1,4999,1,4,LAND ROVER RANGE ROVER,9,E01024473,0,-1
2023122400067,2023,122400067,2,9,0,18,19,6,2,0,0,0,0,0,0,0,1,1,6,6,2,31,6,2993,2,3,LAND ROVER RANGE ROVER,10,E01013355,0,-1
2023010478236,2023,010478236,2,9,0,4,4,1,5,0,0,0,0,0,0,0,2,1,6,6,1,55,8,3628,2,16,LAND ROVER RANGE ROVER,10,E01021941,0,-1
2023430340160,2023,430340160,2,9,0,13,13,5,1,0,0,0,1,0,1,9,4,1,2,2,1,40,7,4999,1,2,LAND ROVER RANGE ROVER,-1,-1,0,-1
2023421356268,2023,421356268,2,9,0,3,3,1,3,0,0,1,0,0,0,0,4,1,6,6,1,56,9,4367,2,9,LAND ROVER RANGE ROVER,8,E01021936,0,-1
2023440407699,2023,440407699,1,9,0,9,9,1,7,0,0,8,0,0,0,0,4,1,6,6,1,52,8,4367,2,3,LAND ROVER RANGE ROVER,10,E01022663,0,-1
2023545615523,2023,545615523,1,9,0,18,19,7,3,0,0,0,0,0,0,0,4,1,6,6,1,75,10,4367,2,5,LAND ROVER RANGE ROVER,8,E01002914,0,-1
2023631319169,2023,631319169,1,9,0,18,19,8,4,0,0,1,0,0,0,0,1,1,6,6,1,53,8,3950,1,21,LAND ROVER RANGE ROVER,7,W01000428,0,-1
2023461358523,2023,461358523,1,9,0,15,15,5,1,0,0,0,0,0,0,0,4,1,5,6,2,41,7,4395,1,1,LAND ROVER RANGE ROVER,7,E01024536,0,-1
2023440214412,2023,440214412,1,9,0,18,19,8,4,0,0,0,0,0,0,0,1,1,6,6,1,21,5,4367,2,5,LAND ROVER RANGE ROVER,10,E01022729,0,-1
2023010455744,2023,010455744,2,9,0,2,2,0,0,0,0,8,0,0,0,0,1,1,6,6,3,-1,-1,4367,2,5,LAND ROVER RANGE ROVER,-1,-1,0,-1
2023451361263,2023,451361263,1,9,0,18,19,6,2,0,0,0,0,0,0,0,1,1,5,6,1,44,7,2997,2,1,LAND ROVER RANGE ROVER,8,E01030988,0,-1
2023010429849,2023,010429849,1,9,0,99,99,9,9,99,99,9,9,99,9,99,9,9,6,6,1,31,6,4367,2,7,LAND ROVER RANGE ROVER,1,E01005232,0,-1
2023311287626,2023,311287626,2,9,0,1,1,5,1,0,0,0,0,0,0,0,1,1,5,6,1,56,9,4367,2,10,LAND ROVER RANGE ROVER,9,E01027936,0,-1
2023221271539,2023,221271539,2,9,0,18,19,1,5,0,0,8,0,0,0,0,1,1,5,6,1,63,9,2498,2,23,LAND ROVER RANGE ROVER,3,E01029014,0,-1
2023231331857,2023,231331857,1,9,0,18,19,4,8,0,0,8,1,0,8,4,1,1,5,6,1,56,9,4367,2,4,LAND ROVER RANGE ROVER,8,E01031281,0,-1
2023361393221,2023,361393221,1,9,-1,-1,-1,-1,-1,-1,-1,0,0,0,0,0,-1,1,6,6,1,85,11,4367,2,4,LAND ROVER RANGE ROVER,6,E01026534,0,-1
2023041278144,2023,041278144,1,9,0,5,5,7,6,0,0,1,0,0,1,3,3,1,2,2,1,25,5,4398,1,21,LAND ROVER RANGE ROVER,4,E01025308,0,-1
2023010425639,2023,010425639,2,9,0,6,6,5,5,0,0,0,0,0,0,0,1,1,1,1,1,62,9,2993,2,6,LAND ROVER RANGE ROVER,5,E01030719,0,-1
2023501348122,2023,501348122,1,9,0,18,19,6,8,0,0,0,1,0,0,0,1,1,6,6,3,-1,-1,4197,1,17,LAND ROVER RANGE ROVER,-1,-1,0,-1
2023340WN7042,2023,340WN7042,4,9,0,4,4,1,5,0,0,0,0,0,0,0,2,1,6,6,3,-1,-1,4398,1,21,LAND ROVER RANGE ROVER,-1,-1,0,-1
2023401315570,2023,401315570,1,9,0,5,5,7,3,0,0,0,0,0,0,0,0,1,5,6,2,76,11,4367,2,12,LAND ROVER RANGE ROVER,9,E01017701,0,-1
2023010433970,2023,010433970,2,9,0,99,99,9,9,99,99,9,9,99,9,99,9,9,6,6,2,41,7,4394,1,18,LAND ROVER RANGE ROVER,7,E01004660,0,-1
2023461378048,2023,461378048,1,9,0,18,19,5,1,0,0,0,0,0,0,0,1,1,5,6,3,-1,-1,2926,2,18,LAND ROVER RANGE ROVER,-1,-1,0,-1
2023161342457,2023,161342457,1,9,0,18,19,7,3,0,0,4,5,10,1,0,1,1,5,6,2,77,11,2997,2,0,LAND ROVER RANGE ROVER,7,E01013034,0,-1
2023010428370,2023,010428370,2,9,0,99,99,9,9,99,99,9,9,99,9,99,9,9,6,6,3,-1,-1,2997,2,1,LAND ROVER RANGE ROVER,9,E01000266,0,-1
2023991267603,2023,991267603,1,9,0,7,7,1,3,0,0,4,0,0,0,0,1,1,6,6,1,69,10,2993,2,3,LAND ROVER RANGE ROVER,6,-1,0,-1
2023430116116,2023,430116116,1,9,0,1,1,7,3,0,0,0,0,0,0,0,2,1,6,6,1,60,9,3628,2,13,LAND ROVER RANGE ROVER,10,E01016736,0,-1
2023471328887,2023,471328887,2,9,0,3,3,7,3,0,0,0,0,0,0,0,2,1,5,6,2,30,6,4197,1,15,LAND ROVER RANGE ROVER,10,E01030873,0,-1
2023520301115,2023,520301115,1,9,0,18,19,4,2,0,0,8,0,0,0,0,4,1,6,6,2,52,8,2926,2,20,LAND ROVER RANGE ROVER,6,E01029219,0,-1
2023131310726,2023,131310726,2,9,0,18,19,5,1,0,0,1,0,0,0,0,2,1,5,6,1,54,8,2926,2,18,LAND ROVER RANGE ROVER,4,E01011208,0,-1
2023440365583,2023,440365583,1,2,0,17,19,6,3,0,0,0,1,0,0,0,1,1,6,6,1,16,4,49,1,4,-1,5,E01017013,0,-1
2023302300978,2023,302300978,2,2,0,9,9,3,1,0,0,3,0,0,0,0,1,1,6,6,1,16,4,49,1,5,-1,4,E01019491,0,-1
2023320101641,2023,320101641,2,3,0,4,4,8,4,0,0,0,5,0,0,0,0,1,6,6,1,16,4,-1,-1,-1,-1,4,E01026016,0,-1
2023440055123,2023,440055123,1,2,0,4,4,8,4,0,0,1,0,0,0,0,3,1,6,6,2,16,4,49,1,3,-1,8,E01023176,0,-1
2023311366635,2023,311366635,1,2,0,5,5,4,1,0,0,1,0,0,0,0,1,1,5,6,1,16,4,49,1,5,-1,-1,-1,0,-1
2023010446409,2023,010446409,2,3,0,14,14,1,5,0,0,0,0,0,0,0,1,1,6,6,1,34,6,-1,-1,-1,-1,4,E01003023,0,-1
2023440257159,2023,440257159,1,2,0,5,5,7,3,0,0,8,1,0,0,0,1,1,6,6,1,16,4,49,1,3,-1,1,E01017218,0,-1
2023161331757,2023,161331757,1,2,0,9,9,1,7,0,0,1,0,0,0,0,3,1,5,6,1,17,4,49,1,3,-1,1,E01013208,0,-1
2023320101641,2023,320101641,3,3,0,4,4,8,4,0,0,0,5,0,0,0,0,1,6,6,1,17,4,-1,-1,-1,-1,6,E01026244,0,-1
2023522400064,2023,522400064,1,3,0,17,19,1,5,0,0,2,0,0,0,0,1,1,6,6,1,17,4,124,1,3,-1,5,E01014804,0,-1
2023501333978,2023,501333978,2,3,0,15,15,1,5,0,0,0,0,0,0,0,1,1,6,6,2,17,4,124,1,3,-1,1,E01015058,0,-1
2023302301743,2023,302301743,2,3,0,7,7,5,8,0,0,4,0,0,0,0,3,1,6,6,1,18,4,124,1,3,-1,4,E01019455,0,-1
2023501296006,2023,501296006,1,9,0,17,19,1,6,0,0,2,1,0,0,0,1,1,6,6,1,42,7,1689,2,19,-1,5,E01018847,0,-1
2023010462324,2023,010462324,3,9,0,99,99,9,9,99,99,0,9,99,9,99,1,9,6,6,3,33,6,1490,1,6,-1,9,-1,0,-1
2023622300962,2023,622300962,2,9,0,18,19,6,2,0,0,1,0,0,0,0,1,1,6,6,2,48,8,1490,1,4,-1,4,W01001272,0,-1
2023010477245,2023,010477245,1,9,0,18,19,3,7,0,0,8,0,0,0,0,1,1,6,6,2,47,8,1490,1,5,-1,5,E01000337,0,-1
2023010448011,2023,010448011,2,9,0,99,99,9,9,99,99,9,9,99,9,99,9,9,6,6,3,-1,-1,1490,1,6,-1,-1,-1,0,-1
2023231297801,2023,231297801,2,9,0,4,4,4,8,0,0,0,0,0,0,0,2,1,5,6,2,35,6,1490,1,6,-1,7,E01029858,0,-1
2023010434654,2023,010434654,1,9,0,99,99,9,9,99,99,0,9,99,9,99,9,9,6,6,2,41,7,1490,1,6,-1,3,E01004430,0,-1
2023131293757,2023,131293757,2,9,0,18,19,1,5,0,0,0,0,0,0,0,1,1,5,6,1,34,6,1490,1,4,-1,4,E01033018,0,-1
2023471284982,2023,471284982,2,9,0,5,5,1,2,0,0,1,0,0,0,0,2,1,5,6,1,32,6,1498,1,7,-1,1,E01031429,0,-1
2023332301041,2023,332301041,1,9,0,15,15,5,1,2,2,8,0,10,1,2,1,1,6,6,1,48,8,1598,1,14,NISSAN NOTE,5,E01013689,0,-1
2023451373451,2023,451373451,1,9,0,9,9,6,2,0,0,1,0,0,0,0,1,1,5,6,1,81,11,1198,1,8,NISSAN NOTE,10,E01030809,0,-1
2023101353302,2023,101353302,2,9,0,4,4,5,1,0,0,0,0,0,0,0,2,1,5,6,2,54,8,1386,1,15,NISSAN NOTE,4,E01008502,0,-1
2023461276481,2023,461276481,1,9,0,18,19,3,7,0,0,8,0,0,0,0,3,1,6,6,1,71,10,1386,1,14,NISSAN NOTE,5,E01032654,0,-1
2023401341493,2023,401341493,1,9,0,5,5,3,7,0,0,0,0,0,0,0,1,1,5,6,1,28,6,1386,1,13,NISSAN NOTE,7,E01017423,0,-1
2023031276772,2023,031276772,1,9,0,18,19,3,6,0,0,0,0,0,0,0,4,1,6,6,2,69,10,1598,1,12,NISSAN NOTE,2,E01033160,0,-1
2023461266935,2023,461266935,1,9,0,18,19,1,5,0,0,0,0,0,0,0,1,1,5,6,2,70,10,1598,1,12,NISSAN NOTE,7,E01024251,0,-1
2023131296998,2023,131296998,1,9,0,18,19,4,4,9,9,0,1,10,7,4,1,1,5,6,1,25,5,1598,1,15,NISSAN NOTE,-1,-1,0,-1
2023010434144,2023,010434144,2,9,0,99,99,9,9,99,99,9,9,99,9,99,9,9,6,6,3,24,5,1198,1,8,NISSAN NOTE,2,E01000743,0,-1
2023010426893,2023,010426893,2,9,0,99,99,9,9,99,99,9,9,99,9,99,9,9,6,6,3,-1,-1,1598,1,12,NISSAN NOTE,-1,-1,0,-1
2023031320080,2023,031320080,1,9,0,18,19,1,8,0,0,0,0,0,0,0,1,1,5,6,1,80,11,1598,1,14,NISSAN NOTE,9,E01019326,0,-1
2023131350680,2023,131350680,3,9,0,18,19,5,1,0,0,0,0,0,0,0,2,1,6,6,2,62,9,1598,1,11,NISSAN NOTE,1,E01011283,0,-1
2023461310854,2023,461310854,1,9,0,11,11,3,7,0,0,0,1,1,1,0,1,1,6,6,2,38,7,1598,1,11,NISSAN NOTE,2,E01016117,0,-1
2023041380752,2023,041380752,1,9,0,9,9,1,3,0,0,0,0,11,0,0,3,1,5,6,1,35,6,1598,1,17,NISSAN NOTE,4,E01012593,0,-1
2023421294644,2023,421294644,1,9,0,9,9,1,4,0,0,0,0,0,0,0,1,1,5,6,1,81,11,1598,1,17,NISSAN NOTE,8,E01033142,0,-1
2023411392985,2023,411392985,2,9,0,9,9,7,3,0,0,8,0,0,0,0,3,1,5,6,2,75,10,1198,1,7,NISSAN NOTE,9,E01023291,0,-1
2023010456880,2023,010456880,2,9,0,4,4,5,1,0,0,1,0,0,0,0,1,1,6,6,1,47,8,1198,1,9,NISSAN NOTE,6,E01002484,0,-1
2023122301413,2023,122301413,1,9,0,18,19,1,5,0,0,0,1,0,0,0,1,1,6,6,1,36,7,1461,2,17,NISSAN NOTE,2,E01027872,0,-1
2023141354671,2023,141354671,1,9,0,18,19,1,5,0,0,0,0,0,0,0,2,1,6,6,1,30,6,1598,1,15,NISSAN NOTE,-1,-1,0,-1
2023501382968,2023,501382968,1,9,0,18,19,6,1,0,0,1,0,0,0,0,1,1,6,6,2,24,5,1598,1,16,NISSAN NOTE,2,E01015242,0,-1
2023052301114,2023,052301114,2,9,0,5,5,7,3,0,0,0,0,0,0,0,4,1,2,2,2,49,8,1598,1,13,NISSAN NOTE,1,E01006705,0,-1
2023549014623,2023,549014623,1,9,0,18,19,3,7,0,0,1,0,0,0,0,1,1,6,6,2,40,7,1198,1,9,NISSAN NOTE,-1,-1,0,-1
2023311273820,2023,311273820,1,9,0,16,19,8,4,0,0,0,0,7,0,0,1,1,5,6,1,85,11,1598,1,13,NISSAN NOTE,1,E01013920,0,-1
2023010427965,2023,010427965,1,9,0,18,19,1,5,0,0,1,0,0,0,0,1,1,6,6,1,25,5,1198,1,6,NISSAN NOTE,4,E01000976,0,-1
2023010447488,2023,010447488,2,9,0,99,99,9,9,99,99,0,9,99,9,99,9,9,6,6,3,-1,-1,1198,1,7,NISSAN NOTE,-1,-1,0,-1
2023010425457,2023,010425457,1,9,0,18,19,3,7,0,0,8,0,0,0,0,1,1,6,6,2,71,10,1598,1,14,NISSAN NOTE,3,E01000108,0,-1
2023131386606,2023,131386606,1,9,0,18,19,1,5,0,0,2,0,0,0,0,1,1,6,6,3,-1,-1,1598,1,15,NISSAN NOTE,-1,-1,0,-1
2023010446616,2023,010446616,4,9,0,18,19,1,5,0,0,0,0,0,0,0,1,1,6,6,1,50,8,1598,1,16,NISSAN NOTE,3,E01002491,0,-1
2023031327422,2023,031327422,2,9,0,4,4,5,1,0,0,2,0,0,0,0,2,1,5,6,2,60,9,1598,1,13,NISSAN NOTE,10,E01019341,0,-1
2023421300697,2023,421300697,1,9,0,3,3,2,6,0,0,3,0,0,0,0,4,1,6,6,2,38,7,1461,2,14,NISSAN NOTE,-1,-1,0,-1
2023302300121,2023,302300121,1,9,0,4,4,8,4,0,0,0,0,0,0,0,2,1,6,6,1,53,8,1598,1,12,NISSAN NOTE,2,E01019580,0,-1
2023221268276,2023,221268276,1,9,0,18,19,1,5,0,0,0,0,0,0,0,1,1,5,6,1,71,10,1198,1,8,NISSAN NOTE,7,E01028941,0,-1
2023111388048,2023,111388048,2,9,0,4,4,4,8,0,0,0,0,0,0,0,2,1,2,2,2,57,9,1386,1,17,NISSAN NOTE,-1,-1,0,-1
2023421345614,2023,421345614,1,9,0,13,13,4,8,0,0,0,2,0,7,9,1,1,5,6,1,32,6,1598,1,15,NISSAN NOTE,-1,-1,0,-1
2023552301119,2023,552301119,1,9,0,18,19,6,2,0,0,0,0,0,0,0,4,1,6,6,1,88,11,1386,1,13,NISSAN NOTE,6,E01020533,0,-1
2023622300820,2023,622300820,1,9,0,18,19,2,6,0,0,1,0,0,0,0,1,1,6,6,1,86,11,1598,1,11,NISSAN NOTE,9,W01000737,0,-1
2023332300228,2023,332300228,5,9,0,4,4,2,6,0,0,0,0,7,4,6,2,1,6,6,2,71,10,1198,1,9,NISSAN NOTE,8,E01025881,0,-1
2023061383347,2023,061383347,1,9,-1,18,19,-1,-1,0,0,0,0,0,0,0,-1,1,6,6,3,-1,-1,1598,1,12,NISSAN NOTE,3,E01001397,0,-1
2023010484428,2023,010484428,2,9,9,99,99,9,9,0,0,9,0,0,0,0,9,9,6,6,3,-1,-1,1198,1,8,NISSAN NOTE,-1,-1,0,-1
2023411337393,2023,411337393,1,9,0,18,19,6,2,0,0,0,0,0,0,0,1,1,6,6,1,23,5,1198,1,8,NISSAN NOTE,4,E01023395,0,-1
2023061331755,2023,061331755,1,9,0,15,15,2,6,0,0,1,0,0,0,0,4,1,2,2,1,64,9,1386,1,17,NISSAN NOTE,1,E01005259,0,-1
2023010478949,2023,010478949,1,9,0,18,19,4,8,0,0,1,0,0,0,0,1,1,6,6,1,29,6,1386,1,17,NISSAN NOTE,5,E01000131,0,-1
2023010466693,2023,010466693,2,9,0,9,9,3,2,0,0,6,0,0,0,0,1,1,6,6,2,28,6,1198,1,9,NISSAN NOTE,3,E01014687,0,-1
2023010468840,2023,010468840,1,9,0,99,99,9,9,99,99,9,9,99,9,99,2,9,6,6,2,42,7,1198,1,7,NISSAN NOTE,2,E01001447,0,-1
2023451290110,2023,451290110,2,9,0,18,19,4,8,0,0,0,0,0,0,0,1,1,5,6,1,82,11,1198,1,6,NISSAN NOTE,9,E01030817,0,-1
2023052300615,2023,052300615,1,9,0,5,5,1,5,0,0,1,0,0,0,0,1,1,6,6,1,-1,-1,1386,1,10,NISSAN NOTE,1,E01006706,0,-1
2023010442342,2023,010442342,2,9,0,99,99,9,9,99,99,0,9,99,9,99,9,9,6,6,3,-1,-1,1598,1,15,NISSAN NOTE,-1,-1,0,-1
2023101303150,2023,101303150,2,9,0,18,19,4,8,0,0,8,0,0,0,0,1,1,6,6,1,34,6,1386,1,14,NISSAN NOTE,3,E01008168,0,-1
2023451322551,2023,451322551,2,9,0,9,9,1,7,0,0,5,0,0,0,0,1,1,5,6,2,45,7,1598,1,13,NISSAN NOTE,8,E01030708,0,-1
2023122301412,2023,122301412,1,9,0,18,19,5,1,0,0,0,0,0,0,0,1,1,1,1,1,50,8,1598,1,12,NISSAN NOTE,2,E01012362,0,-1
2023161316005,2023,161316005,1,9,0,18,19,8,3,0,0,1,0,0,1,10,1,1,6,6,2,53,8,1461,2,13,NISSAN NOTE,8,E01012791,0,-1
2023061272411,2023,061272411,2,9,0,4,4,4,4,0,0,0,0,0,0,0,3,1,6,6,1,75,10,1198,1,7,NISSAN NOTE,8,E01005157,0,-1
2023010434856,2023,010434856,3,9,0,18,19,5,1,0,0,1,0,0,0,0,1,1,6,6,2,34,6,1198,1,8,NISSAN NOTE,7,E01000668,0,-1
2023421262242,2023,421262242,5,9,0,18,19,3,7,0,0,3,0,0,0,0,2,1,5,6,2,72,10,1386,1,11,NISSAN NOTE,9,E01021756,0,-1
2023010423189,2023,010423189,1,9,0,99,99,9,9,99,99,0,9,99,9,99,2,9,6,6,1,38,7,1386,1,17,NISSAN NOTE,6,E01002005,0,-1
2023421303760,2023,421303760,1,9,0,18,19,7,3,0,0,0,0,0,0,0,1,1,6,6,3,-1,-1,1598,1,17,NISSAN NOTE,-1,-1,0,-1
2023201374512,2023,201374512,2,9,0,4,4,8,4,0,0,2,0,0,0,0,2,1,5,6,2,37,7,1461,2,8,NISSAN NOTE,1,E01010271,0,-1
2023010463070,2023,010463070,1,9,0,18,19,5,1,0,0,0,0,0,0,0,1,1,6,6,1,76,11,1598,1,16,NISSAN NOTE,9,E01000768,0,-1
2023010421308,2023,010421308,2,9,0,3,3,5,1,6,6,1,0,4,0,0,2,1,1,1,1,56,9,1198,1,8,NISSAN NOTE,5,E01002302,0,-1
2023010424138,2023,010424138,1,9,0,9,9,7,4,0,0,1,0,0,0,0,4,1,6,6,3,-1,-1,1598,1,14,NISSAN NOTE,-1,-1,0,-1
2023371279902,2023,371279902,1,9,0,18,19,5,5,0,0,0,5,0,0,0,1,1,6,6,2,65,9,1198,1,8,NISSAN NOTE,9,E01030149,0,-1
2023071309594,2023,071309594,2,9,0,4,4,5,1,0,0,0,0,0,0,0,2,1,6,6,1,28,6,1198,1,10,NISSAN NOTE,1,E01006569,0,-1
2023221263709,2023,221263709,3,9,0,2,2,0,0,0,0,2,0,0,0,0,0,1,5,6,1,77,11,1461,2,14,NISSAN NOTE,5,E01032238,0,-1
2023430512542,2023,430512542,1,9,0,9,9,5,2,0,0,6,0,0,0,0,3,1,6,6,2,53,8,1461,2,8,NISSAN NOTE,10,E01016695,0,-1
2023010448326,2023,010448326,1,9,0,14,14,7,3,0,0,0,0,0,0,0,1,1,6,6,1,47,8,1386,1,14,NISSAN NOTE,3,E01000510,0,-1
2023010429689,2023,010429689,1,9,0,99,99,9,9,99,99,9,9,99,9,99,2,9,2,2,1,37,7,1198,1,8,NISSAN NOTE,3,E01003201,0,-1
2023010443596,2023,010443596,1,9,0,99,99,9,9,99,99,0,9,99,9,99,9,9,2,2,2,56,9,1598,1,10,NISSAN NOTE,4,E01003322,0,-1
2023545523023,2023,545523023,2,9,0,18,19,6,4,0,0,1,0,0,0,0,1,1,1,1,2,31,6,1198,1,9,NISSAN NOTE,6,E01032696,0,-1
2023041307099,2023,041307099,1,9,0,18,19,3,7,0,0,1,5,4,0,0,1,1,6,6,1,45,7,1598,1,17,NISSAN NOTE,2,E01012642,0,-1
2023122300846,2023,122300846,2,9,0,9,9,3,1,0,0,8,0,0,0,0,4,1,6,6,2,57,9,1386,1,14,NISSAN NOTE,9,E01013435,0,-1
2023361333590,2023,361333590,2,9,0,4,4,8,4,0,0,0,0,0,0,0,2,1,5,6,1,40,7,1598,1,10,NISSAN NOTE,-1,-1,0,-1
2023421265063,2023,421265063,1,9,0,18,19,1,6,0,0,1,0,0,0,0,1,1,6,6,1,86,11,1198,1,8,NISSAN NOTE,10,E01022062,0,-1
2023052300386,2023,052300386,1,9,0,18,19,4,8,0,0,6,0,0,0,0,3,1,6,6,2,79,11,1598,1,15,NISSAN NOTE,6,E01006794,0,-1
2023010440895,2023,010440895,2,9,0,2,2,0,0,6,6,2,0,0,0,0,3,1,6,6,3,-1,-1,1198,1,9,NISSAN NOTE,-1,-1,0,-1
2023522300577,2023,522300577,2,9,0,2,2,0,0,0,0,0,0,0,0,0,2,1,6,6,3,-1,-1,1598,1,11,NISSAN NOTE,-1,-1,0,-1
2023101315029,2023,101315029,2,9,0,4,4,4,8,0,0,0,0,0,0,0,3,1,5,6,2,74,10,1461,2,7,NISSAN NOTE,10,E01008365,0,-1
2023052302402,2023,052302402,1,9,0,3,3,7,3,0,0,1,0,0,0,0,4,1,6,6,2,70,10,1198,1,7,NISSAN NOTE,-1,-1,0,-1
2023052302535,2023,052302535,1,9,0,9,9,7,3,0,0,1,0,0,0,0,1,1,6,6,2,-1,-1,1198,1,9,NISSAN NOTE,-1,-1,0,-1
2023411386495,2023,411386495,1,9,0,18,19,4,8,0,0,1,0,0,0,0,1,1,6,6,3,-1,-1,1598,1,16,NISSAN NOTE,-1,-1,0,-1
2023010458251,2023,010458251,2,9,0,9,9,2,8,0,0,8,0,0,0,0,3,1,6,6,1,-1,-1,1598,1,15,NISSAN NOTE,-1,-1,0,-1
2023010459073,2023,010459073,1,9,0,9,9,4,2,0,0,6,0,0,0,0,1,1,6,6,2,77,11,1598,1,16,NISSAN NOTE,2,E01001633,0,-1
2023461273186,2023,461273186,1,9,0,18,19,1,5,0,0,0,0,0,0,0,1,1,5,6,2,56,9,1198,1,6,NISSAN NOTE,9,E01024409,0,-1
2023010423356,2023,010423356,1,9,0,99,99,9,9,99,99,0,9,99,9,99,9,9,6,6,1,56,9,1386,1,10,NISSAN NOTE,2,E01004060,0,-1
2023010452265,2023,010452265,1,9,0,7,7,5,8,0,0,2,0,4,0,0,1,1,6,6,1,25,5,1386,1,16,NISSAN NOTE,5,E01003142,0,-1
2023320019253,2023,320019253,3,9,0,3,3,8,4,0,0,0,0,0,0,0,2,1,2,2,1,24,5,1598,1,16,NISSAN NOTE,5,E01026121,0,-1
2023010420806,2023,010420806,1,9,0,18,19,5,1,0,0,1,0,0,0,0,1,1,6,6,1,27,6,1598,1,13,NISSAN NOTE,8,E01002495,0,-1
2023351411983,2023,351411983,1,9,0,9,9,2,7,0,0,8,0,0,0,0,1,1,3,7,2,40,7,1198,1,7,NISSAN NOTE,6,E01015671,0,-1
2023451287656,2023,451287656,2,9,0,18,19,7,3,0,0,1,0,0,0,0,1,1,2,2,1,51,8,1598,1,13,NISSAN NOTE,7,E01030515,0,-1
2023010453013,2023,010453013,1,9,0,18,19,5,1,0,0,8,0,0,0,0,1,1,6,6,2,43,7,1598,1,14,NISSAN NOTE,-1,-1,0,-1
2023622300533,2023,622300533,4,9,0,2,2,0,0,0,0,0,0,0,0,0,1,1,6,6,3,-1,-1,1461,2,9,NISSAN NOTE,-1,-1,0,-1
2023201362671,2023,201362671,1,9,0,9,9,2,7,0,0,6,0,0,0,0,3,1,5,6,2,21,5,1598,1,14,NISSAN NOTE,7,E01018789,0,-1
2023461295655,2023,461295655,1,9,0,4,4,4,8,0,0,0,0,0,0,0,1,1,6,6,2,61,9,1598,1,12,NISSAN NOTE,4,E01024841,0,-1
2023991381975,2023,991381975,2,9,0,18,19,3,7,0,0,8,0,0,0,0,1,1,6,6,1,62,9,1461,2,12,NISSAN NOTE,4,-1,0,-1
2023622301034,2023,622301034,1,9,0,5,5,6,2,0,0,3,0,0,0,0,1,1,6,6,1,66,10,1598,1,16,NISSAN NOTE,1,W01001421,0,-1