collision_index,collision_year,collision_ref_no,vehicle_reference,vehicle_type,towing_and_articulation,vehicle_manoeuvre_historic,vehicle_manoeuvre,vehicle_direction_from,vehicle_direction_to,vehicle_location_restricted_lane_historic,vehicle_location_restricted_lane,junction_location,skidding_and_overturning,hit_object_in_carriageway,vehicle_leaving_carriageway,hit_object_off_carriageway,first_point_of_impact,vehicle_left_hand_drive,journey_purpose_of_driver_historic,journey_purpose_of_driver,sex_of_driver,age_of_driver,age_band_of_driver,engine_capacity_cc,propulsion_code,age_of_vehicle,generic_make_model,driver_imd_decile,lsoa_of_driver,escooter_flag,driver_distance_banding
2023010426942,2023,010426942,2,9,9,3,3,6,2,0,0,9,9,0,0,0,1,1,6,6,1,-1,-1,1198,1,7,NISSAN NOTE,3,E01001467,0,-1
2023010469588,2023,010469588,1,9,0,99,99,9,9,99,99,9,9,99,9,99,2,9,6,6,2,49,8,1386,1,15,NISSAN NOTE,5,E01001530,0,-1
2023010454829,2023,010454829,1,9,0,18,19,1,5,0,0,0,0,0,0,0,1,1,2,2,1,22,5,1198,1,9,NISSAN NOTE,2,E01004584,0,-1
2023052301675,2023,052301675,2,9,0,18,19,7,3,0,0,0,0,0,0,0,2,1,2,2,2,36,7,1386,1,15,NISSAN NOTE,3,E01006876,0,-1
2023010451520,2023,010451520,2,9,0,2,2,0,0,0,0,8,0,0,0,0,3,1,6,6,3,-1,-1,1598,1,15,NISSAN NOTE,-1,-1,0,-1
2023010475203,2023,010475203,2,9,0,18,19,7,3,0,0,1,0,0,0,0,1,1,6,6,1,29,6,1598,1,15,NISSAN NOTE,2,E01023338,0,-1
2023041318849,2023,041318849,4,9,0,18,19,7,3,0,0,0,0,0,0,0,2,1,1,1,1,31,6,1386,1,12,NISSAN NOTE,2,E01025274,0,-1
2023221295947,2023,221295947,1,9,0,9,9,2,8,0,0,6,0,0,0,0,1,1,6,6,1,79,11,1598,1,10,NISSAN NOTE,5,E01014057,0,-1
2023430469504,2023,430469504,1,9,0,3,3,6,2,0,0,1,0,0,0,0,2,1,1,1,2,57,9,1386,1,14,NISSAN NOTE,9,E01016380,0,-1
2023201438316,2023,201438316,2,9,0,5,5,5,1,0,0,6,0,0,0,0,1,1,5,6,1,42,7,1386,1,12,NISSAN NOTE,1,E01009367,0,-1
2023421264418,2023,421264418,2,9,0,18,19,5,1,0,0,0,0,0,0,0,1,1,3,7,2,43,7,1198,1,9,NISSAN NOTE,10,E01002254,0,-1
2023461313918,2023,461313918,1,9,0,3,3,1,5,0,0,0,0,0,0,0,1,1,6,6,1,17,4,1461,2,11,NISSAN NOTE,2,E01024500,0,-1
2023010449302,2023,010449302,4,9,0,17,19,5,1,0,0,2,0,0,0,0,2,1,6,6,2,71,10,1598,1,16,NISSAN NOTE,-1,-1,0,-1
2023141302527,2023,141302527,1,9,0,16,19,4,8,0,0,0,0,10,5,6,3,1,6,6,1,33,6,1461,2,13,NISSAN NOTE,4,E01007587,0,-1
2023430119290,2023,430119290,1,9,0,18,19,8,4,0,0,1,0,0,0,0,1,1,6,6,1,44,7,1198,1,7,NISSAN NOTE,2,E01016443,0,-1
2023141300800,2023,141300800,1,9,0,5,5,5,2,0,0,0,0,0,0,0,1,1,6,6,3,-1,-1,1461,2,14,NISSAN NOTE,-1,-1,0,-1
2023311383697,2023,311383697,2,9,0,18,19,5,1,0,0,8,0,0,0,0,1,1,1,1,1,52,8,1461,2,9,NISSAN NOTE,-1,-1,0,-1
2023010471816,2023,010471816,2,9,0,9,9,7,5,0,0,8,0,0,0,0,4,1,6,6,2,45,7,1598,1,14,NISSAN NOTE,2,E01002310,0,-1
2023461286129,2023,461286129,2,9,0,18,19,7,3,0,0,0,1,0,0,0,1,1,6,6,2,49,8,1598,1,16,NISSAN NOTE,10,E01024718,0,-1
2023421317505,2023,421317505,1,9,0,18,19,4,1,0,0,1,0,0,0,0,4,1,5,6,1,36,7,1386,1,13,NISSAN NOTE,6,E01033458,0,-1
2023161327660,2023,161327660,3,9,0,2,2,0,0,0,0,0,0,0,0,0,4,1,5,6,1,36,7,1461,2,11,NISSAN NOTE,-1,-1,0,-1
2023430540427,2023,430540427,1,9,0,18,19,2,6,0,0,6,1,0,1,4,1,1,3,7,2,39,7,1598,1,14,NISSAN NOTE,9,E01016513,0,-1
2023302300229,2023,302300229,1,9,0,18,19,7,3,0,0,0,0,4,0,0,1,1,3,7,2,59,9,1198,1,9,NISSAN NOTE,5,E01029504,0,-1
2023141309361,2023,141309361,2,9,0,18,19,1,6,0,0,0,0,0,0,0,1,1,1,1,1,33,6,1386,1,12,NISSAN NOTE,2,E01011856,0,-1
2023201300683,2023,201300683,1,9,0,4,4,2,6,0,0,0,0,0,0,0,3,1,6,6,1,42,7,1386,1,13,NISSAN NOTE,2,E01009833,0,-1
2023311285317,2023,311285317,2,9,0,18,19,7,3,0,0,0,2,0,1,0,1,1,2,2,2,49,8,1386,1,15,NISSAN NOTE,3,E01013553,0,-1
2023010480844,2023,010480844,1,9,9,99,99,9,9,99,99,9,9,99,9,99,9,9,6,6,3,50,8,1386,1,16,NISSAN NOTE,9,E01000419,0,-1
2023141304167,2023,141304167,1,9,0,17,19,7,3,0,0,0,2,10,1,11,1,2,5,6,1,17,4,1386,1,15,NISSAN NOTE,2,E01005917,0,-1
2023211300877,2023,211300877,1,9,0,18,19,6,1,0,0,1,2,0,7,4,4,1,2,2,1,64,9,1198,1,10,NISSAN NOTE,3,E01014341,0,-1
2023411348318,2023,411348318,1,9,0,11,11,1,5,0,0,1,1,0,1,6,4,1,5,6,2,76,11,1198,1,7,NISSAN NOTE,9,E01001303,0,-1
2023101384230,2023,101384230,1,9,0,18,19,5,1,0,0,8,0,0,0,0,1,1,6,6,2,-1,-1,1386,1,16,NISSAN NOTE,-1,-1,0,-1
2023061280493,2023,061280493,2,9,0,2,2,7,3,0,0,0,0,0,0,0,2,1,6,6,3,-1,-1,1386,1,10,NISSAN NOTE,-1,-1,0,-1
2023552300082,2023,552300082,1,9,0,18,19,6,2,0,0,0,0,0,0,0,1,1,1,1,2,27,6,1198,1,9,NISSAN NOTE,7,E01015425,0,-1
2023471365338,2023,471365338,1,9,0,4,4,7,3,0,0,0,0,11,0,0,1,1,5,6,2,62,9,1598,1,15,NISSAN NOTE,7,E01031541,0,-1
2023010444998,2023,010444998,2,9,0,99,99,9,9,99,99,9,9,99,9,99,1,9,6,6,3,-1,-1,1198,1,7,NISSAN NOTE,-1,-1,0,-1
2023211337261,2023,211337261,1,9,0,9,9,7,5,0,0,6,0,0,0,0,1,1,6,6,1,76,11,1198,1,7,NISSAN NOTE,9,E01009829,0,-1
2023131320081,2023,131320081,1,9,0,18,19,7,3,0,0,8,0,0,0,0,1,1,5,6,1,29,6,1598,1,14,NISSAN NOTE,2,E01002506,0,-1
2023991325532,2023,991325532,2,9,0,18,19,3,6,0,0,1,0,0,0,0,1,1,5,6,2,27,6,1386,1,14,NISSAN NOTE,-1,-1,0,-1
2023010445222,2023,010445222,1,9,0,99,99,9,9,99,99,9,9,99,9,99,1,9,1,1,2,52,8,1598,1,10,NISSAN NOTE,9,E01002432,0,-1
2023991260148,2023,991260148,1,9,0,18,19,2,6,0,0,0,0,0,0,0,1,1,5,6,1,76,11,1598,1,17,NISSAN NOTE,4,-1,0,-1
2023010457843,2023,010457843,2,9,0,99,99,9,9,99,99,9,9,99,9,99,9,9,6,6,3,-1,-1,1598,1,14,NISSAN NOTE,-1,-1,0,-1
2023211310594,2023,211310594,1,9,0,5,5,6,2,0,0,0,0,0,0,0,4,1,5,6,2,35,6,1198,1,9,NISSAN NOTE,1,E01014212,0,-1
2023010454413,2023,010454413,1,9,0,5,5,0,3,0,0,6,0,0,0,0,1,1,6,6,2,40,7,1598,1,13,NISSAN NOTE,2,E01004067,0,-1
2023401348362,2023,401348362,1,9,0,11,11,5,1,0,0,0,1,0,0,0,2,1,5,6,1,48,8,1598,1,11,NISSAN NOTE,2,E01000935,0,-1
2023061395866,2023,061395866,2,9,0,-1,-1,-1,-1,0,0,0,0,0,0,0,1,1,6,6,1,47,8,1386,1,14,NISSAN NOTE,1,E01033666,0,-1
2023440354708,2023,440354708,1,9,0,9,9,2,8,0,0,1,0,0,0,0,3,1,6,6,1,73,10,1198,1,9,NISSAN NOTE,6,E01017174,0,-1
2023010423384,2023,010423384,1,9,0,8,8,5,7,0,0,3,0,0,0,0,1,1,6,6,2,27,6,1598,1,14,NISSAN NOTE,5,E01015748,0,-1
2023052300138,2023,052300138,1,9,0,18,19,3,7,0,0,0,0,0,0,0,1,1,6,6,1,86,11,1198,1,9,NISSAN NOTE,3,E01006815,0,-1
2023433017881,2023,433017881,1,9,0,18,19,3,7,0,0,1,1,0,0,0,1,1,2,2,1,29,6,1598,1,16,NISSAN NOTE,9,E01028783,0,-1
2023010445014,2023,010445014,2,9,0,99,99,9,9,99,99,9,9,99,9,99,9,9,6,6,2,59,9,1386,1,13,NISSAN NOTE,5,E01001921,0,-1
2023320755459,2023,320755459,1,9,0,18,19,6,2,0,0,0,0,0,0,0,1,1,6,6,1,80,11,1386,1,11,NISSAN NOTE,1,E01026092,0,-1
2023061331845,2023,061331845,2,9,0,9,9,2,6,0,0,5,0,0,0,0,3,1,5,6,2,53,8,1461,2,8,NISSAN NOTE,1,E01004957,0,-1
2023010483326,2023,010483326,2,9,0,99,99,9,9,99,99,9,9,99,9,99,9,9,6,6,3,-1,-1,1598,1,17,NISSAN NOTE,-1,-1,0,-1
2023101303735,2023,101303735,2,9,0,4,4,3,7,0,0,0,0,0,0,0,1,1,6,6,1,18,4,1461,2,9,NISSAN NOTE,7,E01008505,0,-1
2023501335439,2023,501335439,1,9,0,18,19,2,1,0,0,0,5,7,0,0,1,1,6,6,2,52,8,1198,1,8,NISSAN NOTE,2,E01020111,0,-1
2023461358523,2023,461358523,3,9,0,2,2,0,0,0,0,0,0,0,0,0,1,1,6,6,3,-1,-1,1598,1,12,NISSAN NOTE,-1,-1,0,-1
2023622300190,2023,622300190,1,9,0,18,19,6,2,0,0,0,0,0,0,0,3,1,6,6,1,38,7,1598,1,13,NISSAN NOTE,7,W01000888,0,-1
2023201381428,2023,201381428,1,9,0,18,19,7,3,0,0,8,0,0,0,0,1,1,6,6,1,-1,-1,1386,1,14,NISSAN NOTE,-1,-1,0,-1
2023070549873,2023,070549873,2,9,0,4,4,6,2,0,0,1,0,0,0,0,3,1,6,6,2,38,7,1198,1,9,NISSAN NOTE,8,E01018707,0,-1
2023522300925,2023,522300925,2,9,0,3,3,5,1,0,0,3,0,0,0,0,2,1,6,6,2,60,9,1198,1,9,NISSAN NOTE,3,E01014941,0,-1
2023471289566,2023,471289566,1,9,0,18,19,1,5,0,0,4,0,0,0,0,1,1,6,6,2,63,9,1198,1,7,NISSAN NOTE,9,E01031446,0,-1
2023471374158,2023,471374158,1,9,0,18,19,4,1,0,0,0,0,0,0,0,1,1,5,6,2,80,11,1198,1,9,NISSAN NOTE,6,E01031831,0,-1
2023302300122,2023,302300122,2,9,0,13,13,4,8,0,0,2,0,0,0,0,4,1,6,6,3,-1,-1,1598,1,11,NISSAN NOTE,5,E01019456,0,-1
2023101325002,2023,101325002,1,9,0,9,9,5,1,0,0,0,0,0,0,0,4,1,6,6,1,54,8,1386,1,15,NISSAN NOTE,5,E01008496,0,-1
2023351315860,2023,351315860,1,9,0,11,11,-1,-1,0,0,0,0,0,0,0,4,1,6,6,2,-1,-1,1598,1,15,NISSAN NOTE,6,E01027034,0,-1
2023401288515,2023,401288515,1,9,0,18,19,-1,-1,0,0,0,0,0,0,0,1,1,6,6,1,28,6,1598,1,14,NISSAN NOTE,8,E01017561,0,-1
2023320729502,2023,320729502,2,9,4,5,5,8,4,0,0,0,0,0,0,1,2,1,6,6,1,56,9,1386,1,13,NISSAN NOTE,6,E01026611,0,-1
2023461362999,2023,461362999,2,9,0,10,10,1,5,0,0,1,0,0,0,0,4,1,6,6,1,82,11,1386,1,12,NISSAN NOTE,8,E01024772,0,-1
2023041383613,2023,041383613,1,9,0,18,19,7,3,0,0,1,0,0,0,0,1,1,2,2,2,73,10,1461,2,6,NISSAN NOTE,9,E01024867,0,-1
2023131292774,2023,131292774,1,9,0,9,9,4,1,0,0,2,0,0,0,0,1,1,5,6,1,46,8,1461,2,9,NISSAN NOTE,4,E01011668,0,-1
2023010440823,2023,010440823,2,9,0,99,99,9,9,99,99,9,9,99,9,99,1,9,6,6,3,-1,-1,1598,1,12,NISSAN NOTE,-1,-1,0,-1
2023201284830,2023,201284830,2,9,0,9,9,6,4,0,0,8,0,0,0,0,4,1,6,6,1,39,7,1198,1,10,NISSAN NOTE,1,E01009379,0,-1
2023010476974,2023,010476974,1,9,0,99,99,9,9,99,99,0,9,99,9,99,1,9,6,6,2,47,8,1386,1,10,NISSAN NOTE,2,E01001115,0,-1
2023451260157,2023,451260157,1,9,0,9,9,3,7,0,0,8,0,0,0,0,1,1,6,6,2,25,5,1598,1,16,NISSAN NOTE,3,E01016449,0,-1
2023361397046,2023,361397046,1,9,0,14,14,3,7,0,0,0,0,0,0,0,3,1,6,6,1,71,10,1386,1,10,NISSAN NOTE,9,E01026587,0,-1
2023501370009,2023,501370009,2,9,0,18,19,6,2,0,0,0,0,0,0,0,1,1,6,6,2,76,11,1386,1,14,NISSAN NOTE,3,E01019052,0,-1
2023141319187,2023,141319187,2,9,0,18,19,3,7,0,0,1,0,0,0,0,1,1,2,2,1,26,6,1386,1,16,NISSAN NOTE,1,E01008012,0,-1
2023131365437,2023,131365437,1,9,0,18,19,5,1,0,0,1,0,0,1,1,1,1,5,6,2,53,8,1598,1,11,NISSAN NOTE,1,E01011338,0,-1
2023461380462,2023,461380462,3,9,0,18,19,8,4,0,0,0,0,0,0,0,2,1,6,6,1,53,8,1461,2,9,NISSAN NOTE,-1,-1,0,-1
2023010439000,2023,010439000,1,9,0,6,6,5,5,0,0,0,0,0,0,0,3,1,6,6,1,76,11,1598,1,15,NISSAN NOTE,5,E01003067,0,-1
2023070637084,2023,070637084,1,9,0,18,19,1,5,0,0,0,5,0,8,10,1,1,6,6,2,82,11,1598,1,17,NISSAN NOTE,-1,-1,0,-1
2023401324022,2023,401324022,1,9,0,18,19,-1,-1,0,0,0,0,0,0,0,1,1,6,6,3,-1,-1,1461,2,12,NISSAN NOTE,-1,-1,0,-1
2023010428589,2023,010428589,2,9,9,99,99,9,9,99,99,9,9,99,9,99,9,9,6,6,3,-1,-1,1386,1,16,NISSAN NOTE,9,E01003360,0,-1
2023010433337,2023,010433337,1,9,0,99,99,9,9,99,99,9,9,99,9,99,1,9,6,6,3,-1,-1,1198,1,9,NISSAN NOTE,2,E01003194,0,-1
2023141300604,2023,141300604,1,9,0,18,19,1,1,0,0,0,0,0,0,0,3,1,6,6,2,64,9,1198,1,9,NISSAN NOTE,1,E01007857,0,-1
2023440387342,2023,440387342,1,9,0,5,5,2,4,0,0,6,0,11,1,0,3,1,6,6,1,79,11,1198,1,8,NISSAN NOTE,9,E01022658,0,-1
2023052300355,2023,052300355,1,9,0,1,1,4,8,0,0,1,0,0,0,0,2,1,6,6,1,67,10,1386,1,17,NISSAN NOTE,3,E01006925,0,-1
2023471292555,2023,471292555,2,9,0,16,19,5,1,0,0,0,0,0,0,0,1,1,5,6,2,80,11,1386,1,14,NISSAN NOTE,4,E01031836,0,-1
2023131267049,2023,131267049,1,9,0,18,19,7,3,0,0,8,0,0,0,0,1,1,2,2,1,46,8,1461,2,9,NISSAN NOTE,4,E01011668,0,-1
2023010453185,2023,010453185,1,9,0,99,99,9,9,99,99,9,9,99,9,99,2,9,6,6,1,46,8,1598,1,12,NISSAN NOTE,2,E01003346,0,-1
2023010452601,2023,010452601,2,9,0,99,99,9,9,99,99,9,9,99,9,99,2,9,6,6,3,-1,-1,1598,1,14,NISSAN NOTE,2,E01003591,0,-1
2023631352568,2023,631352568,1,9,0,18,19,8,4,0,0,0,0,0,1,0,1,1,6,6,1,85,11,1461,2,12,NISSAN NOTE,4,W01001182,0,-1
2023471379786,2023,471379786,2,9,0,18,19,6,2,0,0,1,0,0,7,0,4,1,6,6,1,64,9,1386,1,14,NISSAN NOTE,5,E01031519,0,-1
2023010465876,2023,010465876,2,9,0,18,19,3,7,0,0,4,0,0,0,0,3,1,6,6,1,61,9,1598,1,17,NISSAN NOTE,2,E01002029,0,-1
2023201314084,2023,201314084,2,9,0,2,2,0,0,9,9,1,0,0,0,0,2,1,6,6,2,-1,-1,1386,1,15,NISSAN NOTE,3,E01010249,0,-1
2023311302333,2023,311302333,1,9,0,18,19,6,6,0,0,1,0,0,0,0,1,1,5,6,2,52,8,1198,1,9,NISSAN NOTE,1,E01013833,0,-1
2023010470938,2023,010470938,2,9,0,99,99,9,9,99,99,9,9,99,9,99,2,9,6,6,3,-1,-1,1598,1,15,NISSAN NOTE,-1,-1,0,-1
2023010442761,2023,010442761,2,9,0,99,99,9,9,99,99,9,9,99,9,99,1,9,6,6,3,-1,-1,1386,1,16,NISSAN NOTE,4,E01002309,0,-1
2023451356229,2023,451356229,1,9,0,18,19,1,5,0,0,0,1,0,0,0,1,1,5,6,1,38,7,1598,1,12,NISSAN NOTE,4,E01030824,0,-1
2023010475270,2023,010475270,2,9,0,99,99,9,9,99,99,9,9,99,9,99,9,9,6,6,3,-1,-1,1198,1,9,NISSAN NOTE,-1,-1,0,-1
2023010451446,2023,010451446,2,9,0,2,2,0,0,0,0,0,0,0,0,0,2,1,6,6,3,-1,-1,1198,1,8,NISSAN NOTE,-1,-1,0,-1
2023122301153,2023,122301153,1,9,0,18,19,5,1,0,0,2,0,0,0,0,3,1,6,6,2,59,9,1461,2,11,NISSAN NOTE,2,E01027864,0,-1
2023201317987,2023,201317987,2,9,0,18,19,5,1,0,0,0,0,10,1,0,1,1,6,6,2,-1,-1,1598,1,13,NISSAN NOTE,-1,-1,0,-1
2023101280456,2023,101280456,1,9,0,18,19,1,5,0,0,8,0,0,0,0,1,1,5,6,1,52,8,1598,1,16,NISSAN NOTE,1,E01008669,0,-1
2023010464075,2023,010464075,1,9,0,5,5,3,7,0,0,3,0,0,0,0,1,1,6,6,2,20,4,1198,1,9,NISSAN NOTE,6,E01030755,0,-1
2023411306013,2023,411306013,2,9,0,18,19,1,5,0,0,0,0,0,0,0,2,1,5,6,1,60,9,1198,1,7,NISSAN NOTE,9,E01021346,0,-1
2023041372794,2023,041372794,2,9,0,2,2,5,1,0,0,0,0,0,0,0,3,1,5,6,2,50,8,1598,1,17,NISSAN NOTE,9,E01012598,0,-1
2023332300373,2023,332300373,1,9,0,5,5,4,8,0,0,4,0,0,0,0,1,1,6,6,2,-1,-1,1598,1,12,NISSAN NOTE,-1,-1,0,-1
2023311355393,2023,311355393,1,9,0,5,5,6,2,0,0,6,0,0,0,0,1,1,5,6,2,75,10,1198,1,9,NISSAN NOTE,-1,-1,0,-1
2023991264517,2023,991264517,2,9,0,16,19,7,3,0,0,0,0,0,0,0,1,1,5,6,1,66,10,1461,2,9,NISSAN NOTE,7,-1,0,-1
2023461310920,2023,461310920,1,9,0,5,5,6,2,0,0,1,0,0,0,0,1,1,6,6,1,55,8,1598,1,15,NISSAN NOTE,2,E01024686,0,-1
2023501279963,2023,501279963,1,9,0,5,5,1,8,0,0,1,0,0,0,0,1,1,5,6,2,51,8,1598,1,14,NISSAN NOTE,7,E01020074,0,-1
2023501327510,2023,501327510,2,9,0,4,4,2,6,0,0,0,1,0,7,0,1,1,5,6,2,64,9,1386,1,11,NISSAN NOTE,6,E01018959,0,-1
2023461298049,2023,461298049,1,9,0,18,19,5,1,0,0,0,1,0,7,0,1,1,6,6,1,79,11,1386,1,15,NISSAN NOTE,4,E01024395,0,-1
2023471274993,2023,471274993,1,9,0,1,1,3,7,0,0,0,0,0,0,0,2,1,6,6,1,72,10,1461,2,10,NISSAN NOTE,1,E01016908,0,-1
2023361387133,2023,361387133,1,9,0,18,19,5,1,0,0,4,0,0,0,0,1,1,6,6,1,40,7,1386,1,14,NISSAN NOTE,10,E01026813,0,-1
2023201396947,2023,201396947,2,9,0,18,19,3,7,0,0,8,0,0,0,0,1,1,6,6,1,47,8,1598,1,13,NISSAN NOTE,-1,-1,0,-1
2023991303471,2023,991303471,1,9,0,18,19,7,3,0,0,8,0,0,0,0,1,1,5,6,1,18,4,1198,1,9,NISSAN NOTE,2,-1,0,-1
2023622300882,2023,622300882,1,9,0,9,9,5,3,0,0,8,0,0,0,0,1,1,6,6,2,73,10,1598,1,14,NISSAN NOTE,5,W01001056,0,-1
2023461337060,2023,461337060,1,9,0,7,7,6,2,0,0,0,0,0,0,0,4,1,6,6,1,78,11,1461,2,13,NISSAN NOTE,2,E01024128,0,-1
2023041372144,2023,041372144,2,9,0,18,19,3,7,0,0,8,0,0,0,0,1,1,5,6,2,40,7,1461,2,13,NISSAN NOTE,5,E01025252,0,-1
2023201346342,2023,201346342,1,9,0,9,9,2,8,0,0,6,0,4,0,0,4,1,6,6,1,25,5,1461,2,14,NISSAN NOTE,2,E01010088,0,-1
2023501284326,2023,501284326,1,9,0,16,19,1,5,0,0,0,1,0,8,0,1,1,2,2,1,25,5,1386,1,16,NISSAN NOTE,5,E01020303,0,-1
2023041318172,2023,041318172,2,9,0,18,19,7,3,0,0,0,0,0,0,0,1,1,5,6,1,66,10,1198,1,6,NISSAN NOTE,4,E01024945,0,-1
2023010458247,2023,010458247,1,9,0,18,19,3,7,0,0,8,0,0,1,0,1,1,6,6,2,40,7,1598,1,16,NISSAN NOTE,2,E01003983,0,-1
2023010428151,2023,010428151,1,9,0,7,7,7,2,0,0,6,0,0,0,0,3,1,6,6,1,56,9,1386,1,13,NISSAN NOTE,2,E01004004,0,-1
2023201284406,2023,201284406,1,9,0,9,9,3,2,0,0,6,0,0,0,0,1,1,6,6,1,47,8,1198,1,8,NISSAN NOTE,1,E01009567,0,-1
2023010425098,2023,010425098,2,9,0,99,99,9,9,99,99,9,9,99,9,99,9,9,6,6,3,-1,-1,1598,1,11,NISSAN NOTE,-1,-1,0,-1
2023302301243,2023,302301243,1,9,0,14,14,8,4,0,0,0,0,0,0,0,1,1,6,6,1,66,10,1198,1,8,NISSAN NOTE,4,E01013555,0,-1
2023411278887,2023,411278887,1,9,0,5,5,2,6,0,0,0,0,0,0,0,1,1,5,6,1,79,11,1386,1,13,NISSAN NOTE,9,E01023964,0,-1
2023141353091,2023,141353091,1,9,0,9,9,4,1,0,0,5,0,0,0,0,4,1,5,6,1,57,9,1598,1,17,NISSAN NOTE,6,E01007795,0,-1
2023371297536,2023,371297536,2,9,0,18,19,5,1,0,0,0,0,0,0,0,1,1,6,6,1,43,7,1198,1,8,NISSAN NOTE,3,E01002102,0,-1
2023552300805,2023,552300805,2,9,0,9,9,6,4,0,0,1,0,0,0,0,1,1,6,6,2,50,8,1198,1,10,NISSAN NOTE,4,E01015326,0,-1
2023010429642,2023,010429642,1,9,0,99,99,9,9,99,99,9,9,99,9,99,2,9,6,6,2,44,7,1461,2,7,NISSAN NOTE,4,E01000405,0,-1
2023201371612,2023,201371612,2,9,0,18,19,4,8,0,0,0,5,0,0,0,1,1,6,6,1,37,7,1598,1,16,NISSAN NOTE,6,E01008965,0,-1
2023201311338,2023,201311338,1,9,0,11,11,8,4,0,0,0,2,10,1,0,2,1,1,1,1,63,9,1598,1,15,NISSAN NOTE,5,E01010159,0,-1
2023061344233,2023,061344233,2,9,0,18,19,-1,-1,0,0,1,0,0,0,0,2,1,5,6,1,34,6,1386,1,15,NISSAN NOTE,2,E01004828,0,-1
2023547783223,2023,547783223,1,9,0,5,5,5,1,0,0,8,0,0,0,0,1,1,6,6,1,50,8,1386,1,14,NISSAN NOTE,9,E01031909,0,-1
2023010447275,2023,010447275,2,9,0,99,99,9,9,99,99,9,9,99,9,99,1,9,6,6,3,-1,-1,1598,1,13,NISSAN NOTE,-1,-1,0,-1
2023522324584,2023,522324584,1,9,0,13,13,6,2,0,0,1,0,0,0,0,1,1,6,6,1,21,5,1598,1,16,NISSAN NOTE,2,E01014568,0,-1
2023520300593,2023,520300593,1,9,0,1,1,3,7,0,0,0,0,0,0,0,1,1,6,6,1,83,11,1598,1,13,NISSAN NOTE,3,E01032115,0,-1
2023010468866,2023,010468866,1,9,0,18,19,1,5,0,0,1,0,0,0,0,1,1,2,2,1,57,9,1598,1,16,NISSAN NOTE,2,E01004384,0,-1
2023070444894,2023,070444894,2,9,0,18,19,5,1,0,0,1,0,0,0,0,0,1,3,7,2,32,6,1386,1,15,NISSAN NOTE,3,E01012427,0,-1
2023041312304,2023,041312304,2,9,0,18,19,5,1,0,0,0,0,0,0,0,3,1,5,6,1,40,7,1461,2,14,NISSAN NOTE,2,E01006323,0,-1
2023201277192,2023,201277192,1,9,0,9,9,5,3,0,0,6,0,0,0,0,3,1,6,6,1,36,7,1598,1,17,NISSAN NOTE,2,E01008889,0,-1
2023430438313,2023,430438313,1,9,0,18,19,6,2,0,0,0,0,0,0,0,1,1,6,6,2,47,8,1598,1,11,NISSAN NOTE,5,E01016392,0,-1
2023501348727,2023,501348727,1,9,0,18,19,3,7,0,0,0,5,4,0,0,4,1,5,6,2,48,8,1461,2,13,NISSAN NOTE,2,E01015181,0,-1
2023010470943,2023,010470943,2,9,0,99,99,9,9,99,99,0,9,99,9,99,1,9,6,6,3,-1,-1,1598,1,16,NISSAN NOTE,-1,-1,0,-1
2023461319300,2023,461319300,2,9,0,3,3,7,3,0,0,0,0,0,0,0,3,1,6,6,2,50,8,1461,2,13,NISSAN NOTE,4,E01016141,0,-1
2023031351128,2023,031351128,2,9,0,5,5,6,8,0,0,1,0,0,0,0,1,1,5,6,2,33,6,1461,2,12,NISSAN NOTE,-1,-1,0,-1
2023041264041,2023,041264041,2,9,0,9,9,5,2,0,0,8,0,0,0,0,1,1,5,6,1,75,10,1386,1,13,NISSAN NOTE,6,E01032928,0,-1
2023141277708,2023,141277708,1,9,0,9,9,5,1,0,0,0,2,0,7,4,4,1,5,6,2,62,9,1598,1,12,NISSAN NOTE,5,E01007611,0,-1
202360A088031,2023,60A088031,1,9,0,9,9,5,3,0,0,8,0,0,0,0,1,1,6,6,2,27,6,1461,2,12,NISSAN NOTE,-1,-1,0,-1
2023302301172,2023,302301172,1,9,0,18,19,3,7,0,0,4,0,0,0,0,3,1,6,6,2,50,8,1386,1,17,NISSAN NOTE,2,E01019647,0,-1
2023101366964,2023,101366964,1,9,0,18,19,7,2,0,0,0,0,0,5,0,2,1,5,6,1,38,7,1386,1,13,NISSAN NOTE,5,E01008343,0,-1
2023231307502,2023,231307502,3,9,0,18,19,1,5,0,0,0,0,0,0,0,2,1,2,2,2,56,9,1386,1,12,NISSAN NOTE,8,E01003420,0,-1
2023131341322,2023,131341322,2,9,0,9,9,3,5,0,0,8,0,0,0,0,3,1,5,6,1,88,11,1198,1,6,NISSAN NOTE,6,E01011636,0,-1
2023332300750,2023,332300750,3,9,0,3,3,8,4,0,0,1,0,0,0,0,1,1,6,6,2,55,8,1198,1,6,NISSAN NOTE,4,E01031522,0,-1
2023010442520,2023,010442520,2,9,9,99,99,9,9,99,99,0,9,99,9,99,1,9,6,6,3,-1,-1,1598,1,15,NISSAN NOTE,3,E01000637,0,-1
2023041313943,2023,041313943,2,9,0,18,19,2,6,0,0,8,0,0,0,0,2,1,6,6,1,62,9,1461,2,10,NISSAN NOTE,1,E01025068,0,-1
2023421268620,2023,421268620,1,9,0,18,19,7,3,0,0,1,0,0,0,0,4,1,6,6,2,34,6,1386,1,16,NISSAN NOTE,1,E01021323,0,-1