collision_index,collision_year,collision_ref_no,vehicle_reference,vehicle_type,towing_and_articulation,vehicle_manoeuvre_historic,vehicle_manoeuvre,vehicle_direction_from,vehicle_direction_to,vehicle_location_restricted_lane_historic,vehicle_location_restricted_lane,junction_location,skidding_and_overturning,hit_object_in_carriageway,vehicle_leaving_carriageway,hit_object_off_carriageway,first_point_of_impact,vehicle_left_hand_drive,journey_purpose_of_driver_historic,journey_purpose_of_driver,sex_of_driver,age_of_driver,age_band_of_driver,engine_capacity_cc,propulsion_code,age_of_vehicle,generic_make_model,driver_imd_decile,lsoa_of_driver,escooter_flag,driver_distance_banding
2023332300130,2023,332300130,1,9,0,7,7,4,6,0,0,5,0,0,0,0,1,1,6,6,1,41,7,1598,1,16,NISSAN NOTE,4,E01025689,0,-1
2023501310819,2023,501310819,1,9,0,4,4,4,6,0,0,1,0,0,0,0,1,1,6,6,2,34,6,1598,1,14,NISSAN NOTE,6,E01019061,0,-1
2023622300941,2023,622300941,1,9,0,18,19,1,5,0,0,6,0,0,3,0,1,1,6,6,1,75,10,1198,1,7,NISSAN NOTE,2,W01001474,0,-1
2023041299032,2023,041299032,1,9,0,12,12,1,5,0,0,2,0,0,0,0,1,1,5,6,2,82,11,1598,1,14,NISSAN NOTE,3,E01012697,0,-1
2023041373718,2023,041373718,5,9,0,16,19,5,1,0,0,0,0,0,0,0,1,1,5,6,2,49,8,1461,2,9,NISSAN NOTE,4,E01008230,0,-1
2023010441060,2023,010441060,1,9,0,2,2,0,0,0,0,0,0,0,0,0,2,1,6,6,3,-1,-1,1386,1,14,NISSAN NOTE,-1,-1,0,-1
2023131298095,2023,131298095,2,9,0,18,19,6,2,0,0,0,0,0,0,0,3,1,5,6,1,33,6,1386,1,15,NISSAN NOTE,3,E01011936,0,-1
2023010453283,2023,010453283,2,9,0,99,99,9,9,99,99,9,9,99,9,99,3,9,6,6,3,-1,-1,1386,1,15,NISSAN NOTE,-1,-1,0,-1
2023122400029,2023,122400029,1,9,0,18,19,2,6,0,0,8,0,0,0,0,1,1,6,6,2,75,10,1386,1,16,NISSAN NOTE,8,E01027643,0,-1
2023543881923,2023,543881923,2,9,0,18,19,3,7,0,0,0,0,0,0,0,1,1,6,6,2,45,7,1461,2,14,NISSAN NOTE,4,E01032036,0,-1
2023411356086,2023,411356086,1,9,0,18,19,-1,-1,0,0,0,0,0,0,0,1,1,6,6,1,51,8,1386,1,13,NISSAN NOTE,5,E01023342,0,-1
2023231361404,2023,231361404,1,9,0,9,9,8,6,0,0,5,0,0,0,0,1,1,6,6,2,35,6,1461,2,7,NISSAN NOTE,5,E01025818,0,-1
2023320725787,2023,320725787,3,9,0,2,2,0,0,0,0,0,0,0,0,0,2,1,6,6,3,-1,-1,1461,2,13,NISSAN NOTE,-1,-1,0,-1
2023061282023,2023,061282023,1,9,0,5,5,5,8,0,0,6,0,0,0,0,1,1,6,6,1,70,10,1386,1,17,NISSAN NOTE,1,E01004942,0,-1
2023302300801,2023,302300801,1,9,0,3,3,8,6,0,0,8,0,0,0,0,2,1,6,6,1,67,10,1386,1,16,NISSAN NOTE,1,E01019527,0,-1
2023332300387,2023,332300387,1,9,0,3,3,1,5,0,0,1,0,0,0,0,2,1,6,6,1,50,8,1598,1,11,NISSAN NOTE,6,E01032603,0,-1
2023361318242,2023,361318242,1,9,0,18,19,4,8,0,0,1,0,0,0,0,1,1,6,6,2,75,10,1198,1,6,NISSAN NOTE,4,E01026763,0,-1
2023320564686,2023,320564686,2,9,0,16,19,7,2,0,0,0,0,0,1,10,1,1,1,1,1,39,7,1386,1,15,NISSAN NOTE,1,E01026383,0,-1
2023101300902,2023,101300902,1,9,0,18,19,3,7,0,0,0,0,0,0,0,1,1,6,6,1,34,6,1461,2,10,NISSAN NOTE,1,E01008439,0,-1
2023010435758,2023,010435758,2,9,0,2,2,0,0,0,0,2,0,0,0,0,1,1,6,6,3,-1,-1,1598,1,14,NISSAN NOTE,-1,-1,0,-1
2023101272523,2023,101272523,2,9,0,18,19,8,4,0,0,2,0,0,0,0,4,1,5,6,1,47,8,1386,1,14,NISSAN NOTE,2,E01008221,0,-1
2023631347809,2023,631347809,1,9,0,9,9,1,4,0,0,8,1,0,8,0,2,1,5,6,2,50,8,1198,1,8,NISSAN NOTE,4,W01000672,0,-1
2023461293111,2023,461293111,1,9,0,5,5,-1,-1,-1,-1,0,0,0,0,0,-1,1,5,6,1,34,6,1598,1,12,NISSAN NOTE,1,E01024215,0,-1
2023411282646,2023,411282646,1,9,0,18,19,6,2,0,0,0,0,0,0,0,1,1,6,6,2,54,8,1198,1,8,NISSAN NOTE,9,E01023477,0,-1
2023531305905,2023,531305905,1,9,0,17,19,5,1,0,0,0,5,0,0,0,1,1,5,6,1,63,9,1386,1,17,NISSAN NOTE,7,E01022376,0,-1
2023010477132,2023,010477132,2,9,0,99,99,9,9,99,99,9,9,99,9,99,9,9,6,6,3,-1,-1,1598,1,16,NISSAN NOTE,-1,-1,0,-1
2023430272933,2023,430272933,1,9,0,18,19,6,1,0,0,0,0,0,0,0,2,1,6,6,2,34,6,1198,1,7,NISSAN NOTE,5,E01004521,0,-1
2023010437582,2023,010437582,1,9,0,18,19,1,5,0,0,0,0,0,0,0,4,1,6,6,2,45,7,1598,1,13,NISSAN NOTE,8,E01023692,0,-1
2023371352327,2023,371352327,3,9,0,2,2,0,0,0,0,1,0,0,0,0,1,1,5,6,1,89,11,1198,1,6,NISSAN NOTE,5,E01030210,0,-1
2023411391380,2023,411391380,1,9,0,18,19,-1,-1,0,0,0,0,0,0,0,-1,1,6,6,2,-1,-1,1598,1,14,NISSAN NOTE,3,E01023954,0,-1
2023010441462,2023,010441462,2,9,9,99,99,9,9,99,99,0,9,0,9,0,1,9,6,6,2,51,8,1198,1,9,NISSAN NOTE,6,E01002639,0,-1
2023221323678,2023,221323678,2,9,0,18,19,8,4,0,0,8,0,0,0,0,3,1,1,1,2,26,6,1198,1,7,NISSAN NOTE,5,E01032460,0,-1
2023461278700,2023,461278700,1,9,0,11,11,4,7,0,0,0,0,0,0,0,4,1,3,7,2,53,8,1598,1,12,NISSAN NOTE,2,E01023973,0,-1
2023010464242,2023,010464242,1,9,0,14,14,7,3,0,0,0,0,4,0,0,1,1,6,6,1,48,8,1598,1,13,NISSAN NOTE,6,E01003738,0,-1
2023421366128,2023,421366128,2,9,0,9,9,3,7,0,0,0,0,0,0,0,3,1,6,6,2,75,10,1598,1,15,NISSAN NOTE,5,E01021921,0,-1
2023010448199,2023,010448199,1,9,0,18,19,5,1,0,0,0,0,0,0,0,1,1,6,6,2,44,7,1598,1,16,NISSAN NOTE,1,E01001410,0,-1
2023101268087,2023,101268087,2,9,0,2,2,3,7,0,0,0,0,0,0,0,1,1,6,6,2,70,10,1461,2,10,NISSAN NOTE,3,E01008476,0,-1
2023201416047,2023,201416047,1,9,0,3,3,5,1,0,0,1,0,0,0,0,1,1,6,6,3,-1,-1,1461,2,15,NISSAN NOTE,-1,-1,0,-1
2023351360214,2023,351360214,1,9,0,9,9,6,3,0,0,5,0,0,1,0,3,1,5,6,2,70,10,1386,1,14,NISSAN NOTE,5,E01023635,0,-1
2023340WN5422,2023,340WN5422,1,9,0,18,19,4,8,0,0,1,0,0,0,0,1,1,6,6,1,36,7,1598,1,17,NISSAN NOTE,2,E01027230,0,-1
2023010427309,2023,010427309,2,9,0,99,99,9,9,99,99,9,9,99,9,99,1,9,6,6,3,-1,-1,1386,1,13,NISSAN NOTE,-1,-1,0,-1
2023340WN0992,2023,340WN0992,1,9,0,18,19,7,3,0,0,8,0,0,7,0,1,1,1,1,1,44,7,1598,1,10,NISSAN NOTE,-1,-1,0,-1
2023320388368,2023,320388368,3,9,0,18,19,7,3,0,0,1,0,0,0,0,1,1,6,6,2,43,7,1598,1,14,NISSAN NOTE,5,E01026190,0,-1
2023231351908,2023,231351908,3,9,0,2,2,0,0,0,0,0,0,0,0,0,1,1,5,6,2,57,9,1461,2,14,NISSAN NOTE,8,E01031223,0,-1
2023010450881,2023,010450881,1,9,0,9,9,4,1,0,0,5,0,0,0,0,1,1,2,2,2,49,8,1198,1,7,NISSAN NOTE,3,E01001169,0,-1
2023471312592,2023,471312592,1,9,0,9,9,1,7,0,0,7,5,10,0,0,4,1,5,6,1,73,10,1386,1,17,NISSAN NOTE,7,E01031398,0,-1
2023052301463,2023,052301463,1,9,0,18,19,3,7,0,0,0,0,0,0,0,1,1,6,6,1,61,9,1598,1,14,NISSAN NOTE,1,E01007011,0,-1
2023332300069,2023,332300069,2,9,0,4,4,6,2,0,0,0,0,0,0,0,2,1,6,6,1,74,10,1386,1,10,NISSAN NOTE,1,E01009605,0,-1
2023201297929,2023,201297929,1,9,0,5,5,8,5,0,0,6,0,0,0,0,1,1,6,6,1,44,7,1598,1,14,NISSAN NOTE,3,E01009005,0,-1
2023010443948,2023,010443948,2,9,9,99,99,9,9,99,99,0,9,99,9,99,9,1,6,6,2,-1,-1,1198,1,8,NISSAN NOTE,8,E01000653,0,-1
2023302300481,2023,302300481,3,9,0,2,2,0,0,0,0,2,0,0,0,0,3,1,6,6,3,-1,-1,1198,1,9,NISSAN NOTE,-1,-1,0,-1
2023010434856,2023,010434856,2,9,0,3,3,5,1,0,0,1,0,0,0,0,2,1,1,1,2,64,9,1598,1,14,NISSAN NOTE,10,E01000758,0,-1
2023010474662,2023,010474662,4,9,0,18,19,8,4,0,0,0,0,0,1,0,3,1,6,6,1,51,8,1598,1,17,NISSAN NOTE,-1,-1,0,-1
2023010483145,2023,010483145,1,9,0,99,99,9,9,99,99,9,9,99,9,99,2,9,6,6,2,44,7,1598,1,15,NISSAN NOTE,4,E01001285,0,-1
2023501354203,2023,501354203,2,9,0,3,3,1,5,0,0,0,0,0,0,0,2,1,6,6,2,74,10,1198,1,9,NISSAN NOTE,6,E01015244,0,-1
2023061333897,2023,061333897,2,9,0,18,19,3,7,0,0,8,1,0,0,0,1,1,5,6,2,38,7,1198,1,8,NISSAN NOTE,1,E01032921,0,-1
2023421296401,2023,421296401,1,9,0,18,19,5,1,0,0,0,0,0,1,4,1,1,5,6,2,49,8,1598,1,11,NISSAN NOTE,8,E01021433,0,-1
2023361289651,2023,361289651,2,9,0,18,19,1,1,0,0,0,0,0,0,0,2,1,6,6,2,70,10,1598,1,15,NISSAN NOTE,2,E01026600,0,-1
2023010444025,2023,010444025,2,9,0,18,19,3,7,0,0,0,0,0,0,0,1,1,6,6,1,29,6,1198,1,8,NISSAN NOTE,4,E01004569,0,-1
2023351294000,2023,351294000,4,9,0,4,4,1,5,0,0,0,0,0,0,0,2,1,6,6,1,81,11,1386,1,10,NISSAN NOTE,9,E01013796,0,-1
2023010474178,2023,010474178,1,9,0,99,99,9,9,99,99,9,9,99,9,99,2,1,6,6,1,57,9,1198,1,6,NISSAN NOTE,3,E01001311,0,-1
2023201326557,2023,201326557,1,9,0,18,19,6,2,0,0,1,0,0,0,0,1,1,6,6,2,29,6,1598,1,15,NISSAN NOTE,2,E01009028,0,-1
2023010479317,2023,010479317,2,9,0,99,99,9,9,99,99,9,9,99,9,99,9,9,6,6,3,-1,-1,1386,1,15,NISSAN NOTE,-1,-1,0,-1
2023201415523,2023,201415523,1,9,-1,-1,-1,-1,-1,-1,-1,-1,-1,-1,-1,0,-1,1,6,6,3,-1,-1,1198,1,9,NISSAN NOTE,-1,-1,0,-1
2023421325544,2023,421325544,3,9,0,3,3,3,8,0,0,0,0,0,0,0,2,1,6,6,2,-1,-1,1598,1,15,NISSAN NOTE,-1,-1,0,-1
2023010439846,2023,010439846,1,9,0,4,4,3,7,9,9,5,0,0,1,11,1,1,6,6,2,70,10,1198,1,6,NISSAN NOTE,4,E01003715,0,-1
2023131435005,2023,131435005,3,9,0,2,2,7,3,0,0,8,0,4,0,0,2,1,6,6,3,-1,-1,1598,1,10,NISSAN NOTE,-1,-1,0,-1
2023461307947,2023,461307947,3,9,0,18,19,1,5,0,0,0,0,0,0,0,1,1,5,6,2,39,7,1598,1,15,NISSAN NOTE,7,E01024630,0,-1
2023991350681,2023,991350681,1,9,0,17,19,8,4,0,0,0,0,4,1,0,1,1,5,6,1,88,11,1461,2,11,NISSAN NOTE,6,E01025963,0,-1
2023061382334,2023,061382334,1,9,0,9,9,3,1,0,0,1,0,0,7,0,1,1,6,6,2,60,9,1198,1,7,NISSAN NOTE,6,E01005968,0,-1
2023461368850,2023,461368850,1,9,0,18,19,3,7,0,0,8,0,0,0,0,1,1,6,6,1,49,8,1386,1,17,NISSAN NOTE,5,E01016088,0,-1
2023461378373,2023,461378373,2,9,0,18,19,6,2,0,0,8,0,0,0,0,1,1,6,6,1,57,9,1386,1,14,NISSAN NOTE,4,E01024293,0,-1
2023131392579,2023,131392579,1,9,0,18,19,4,8,0,0,0,0,0,0,0,3,1,2,2,2,46,8,1598,1,15,NISSAN NOTE,1,E01011340,0,-1
2023440487222,2023,440487222,1,9,0,18,19,6,2,0,0,0,0,0,0,0,1,1,2,2,1,42,7,1461,2,12,NISSAN NOTE,3,E01017349,0,-1
2023461328686,2023,461328686,2,9,0,8,8,2,6,0,0,1,0,0,0,0,2,1,5,6,2,42,7,1386,1,11,NISSAN NOTE,7,E01024712,0,-1
2023010443562,2023,010443562,2,9,0,9,9,1,6,0,0,8,0,0,0,0,4,1,6,6,2,40,7,1198,1,9,NISSAN NOTE,-1,-1,0,-1
2023501342453,2023,501342453,2,9,0,3,3,5,3,0,0,0,0,0,0,0,2,1,6,6,1,39,7,1386,1,16,NISSAN NOTE,1,E01015080,0,-1
2023010420563,2023,010420563,2,9,0,99,99,9,9,99,99,9,9,99,9,99,1,9,6,6,3,-1,-1,1198,1,7,NISSAN NOTE,3,E01000553,0,-1
2023122301086,2023,122301086,3,9,0,4,4,7,3,0,0,0,0,0,0,0,2,1,6,6,1,64,9,1461,2,10,NISSAN NOTE,3,E01013399,0,-1
2023010437199,2023,010437199,1,9,0,13,13,2,6,0,0,3,0,0,0,0,4,1,6,6,1,56,9,1386,1,14,NISSAN NOTE,2,E01001361,0,-1
2023052302732,2023,052302732,1,9,0,18,19,1,5,0,0,0,0,0,0,0,1,1,6,6,2,77,11,1598,1,12,NISSAN NOTE,4,E01006851,0,-1
2023421364877,2023,421364877,2,9,0,18,19,5,1,0,0,1,0,0,0,0,2,1,5,6,1,28,6,1598,1,17,NISSAN NOTE,7,E01021650,0,-1
2023010422533,2023,010422533,1,9,0,17,19,1,5,0,0,2,0,0,0,0,1,1,3,7,2,35,6,1598,1,16,NISSAN NOTE,2,E01004060,0,-1
2023010436209,2023,010436209,1,9,0,99,99,9,9,99,99,9,9,99,9,99,2,9,6,6,2,33,6,1386,1,15,NISSAN NOTE,4,E01002244,0,-1
2023471342052,2023,471342052,3,9,0,18,19,3,7,0,0,0,0,0,0,0,0,1,5,6,2,69,10,1598,1,15,NISSAN NOTE,3,E01021122,0,-1
2023311360076,2023,311360076,2,9,0,18,19,4,7,0,0,2,0,0,0,0,1,1,2,2,1,66,10,1198,1,8,NISSAN NOTE,4,E01033404,0,-1
2023201291909,2023,201291909,1,9,0,9,9,4,2,0,0,6,1,10,1,11,1,1,6,6,1,21,5,1461,2,17,NISSAN NOTE,2,E01014193,0,-1
2023041383052,2023,041383052,1,9,0,18,19,1,1,0,0,1,0,0,0,0,1,1,5,6,2,38,7,1198,1,8,NISSAN NOTE,1,E01012687,0,-1
2023340WN5912,2023,340WN5912,1,9,0,16,19,2,6,0,0,0,0,0,8,0,1,1,1,1,2,35,6,1461,2,14,NISSAN NOTE,8,E01027162,0,-1
2023010466298,2023,010466298,1,9,0,99,99,9,9,99,99,9,9,99,9,99,9,9,6,6,2,46,8,1598,1,12,NISSAN NOTE,3,E01000130,0,-1
2023010467513,2023,010467513,1,9,0,13,13,7,3,0,0,2,2,10,8,4,4,1,6,6,1,43,7,1461,2,13,NISSAN NOTE,-1,-1,0,-1
2023401342176,2023,401342176,1,9,0,18,19,5,6,0,0,0,0,0,0,0,1,1,2,2,1,55,8,1386,1,11,NISSAN NOTE,8,E01017529,0,-1
2023122300960,2023,122300960,2,9,0,3,3,3,7,0,0,0,0,0,0,0,2,1,6,6,2,43,7,1386,1,14,NISSAN NOTE,9,E01013380,0,-1
2023010432905,2023,010432905,1,9,0,99,99,9,9,99,99,9,9,99,9,99,9,9,6,6,2,45,7,1461,2,9,NISSAN NOTE,3,E01000367,0,-1
2023201391633,2023,201391633,2,9,0,4,4,4,8,0,0,0,0,0,0,0,1,1,1,1,2,39,7,1598,1,13,NISSAN NOTE,2,E01008897,0,-1
2023351321246,2023,351321246,2,9,0,4,4,5,3,0,0,0,1,0,7,10,2,1,5,6,2,36,7,1598,1,16,NISSAN NOTE,6,E01015620,0,-1
2023471262620,2023,471262620,1,9,0,5,5,5,3,0,0,4,0,0,0,0,1,1,6,6,2,77,11,1198,1,9,NISSAN NOTE,8,E01031399,0,-1
2023461384270,2023,461384270,2,9,0,4,4,4,8,0,0,0,0,10,1,0,2,1,6,6,1,80,11,1198,1,8,NISSAN NOTE,10,E01000688,0,-1
2023010444852,2023,010444852,1,9,0,1,1,1,5,0,0,9,0,0,0,0,2,9,6,6,3,-1,-1,1598,1,12,NISSAN NOTE,-1,-1,0,-1
2023010433142,2023,010433142,1,9,0,4,4,1,5,0,0,0,0,0,0,0,2,1,6,6,2,25,5,1598,1,16,NISSAN NOTE,1,E01004300,0,-1
2023471387951,2023,471387951,2,9,0,3,3,7,3,0,0,1,0,0,0,0,1,1,6,6,2,35,6,1198,1,7,NISSAN NOTE,2,E01021119,0,-1
2023141332439,2023,141332439,2,9,0,18,19,5,1,0,0,1,0,0,0,0,1,1,6,6,2,-1,-1,1386,1,15,NISSAN NOTE,-1,-1,0,-1
2023061287129,2023,061287129,2,9,0,5,5,2,-1,0,0,4,0,0,0,0,0,1,6,6,3,43,7,1198,1,8,NISSAN NOTE,6,E01006276,0,-1
2023010464363,2023,010464363,1,9,0,14,14,5,1,0,0,1,1,0,0,0,1,1,6,6,1,39,7,1386,1,17,NISSAN NOTE,6,E01002140,0,-1
2023552300895,2023,552300895,1,9,0,4,4,8,4,0,0,8,0,0,0,0,1,1,1,1,2,29,6,1386,1,16,NISSAN NOTE,1,E01020552,0,-1
2023320497254,2023,320497254,1,9,0,18,19,7,3,0,0,0,0,0,0,0,3,1,6,6,1,59,9,1461,2,11,NISSAN NOTE,3,E01008004,0,-1
2023311292233,2023,311292233,2,9,0,18,19,8,5,0,0,0,0,4,0,0,1,1,6,6,1,41,7,1598,1,17,NISSAN NOTE,1,E01008399,0,-1
2023131358114,2023,131358114,2,9,0,18,19,5,1,0,0,0,0,0,0,0,2,1,5,6,1,65,9,1198,1,7,NISSAN NOTE,3,E01011612,0,-1
2023010483145,2023,010483145,2,9,9,99,99,9,9,99,99,9,9,99,9,99,1,9,6,6,3,45,7,1598,1,14,NISSAN NOTE,6,E01001288,0,-1
2023361268053,2023,361268053,1,9,0,18,19,5,7,0,0,0,0,0,7,4,1,1,5,6,2,27,6,1386,1,15,NISSAN NOTE,4,E01026739,0,-1
2023141270146,2023,141270146,2,9,0,18,19,7,3,0,0,1,0,0,0,0,1,1,6,6,2,-1,-1,1461,2,12,NISSAN NOTE,3,E01019807,0,-1
2023010465042,2023,010465042,1,9,0,99,99,9,9,99,99,9,9,99,9,99,1,9,6,6,2,-1,-1,1386,1,11,NISSAN NOTE,2,E01004007,0,-1
2023552300925,2023,552300925,1,9,0,9,9,2,7,0,0,5,0,0,0,0,1,1,2,2,1,67,10,1598,1,17,NISSAN NOTE,1,E01015313,0,-1
202360A094635,2023,60A094635,1,2,0,18,19,1,5,0,0,0,1,0,0,0,1,1,6,6,1,75,10,124,1,18,-1,-1,-1,0,-1
2023522301755,2023,522301755,1,3,0,12,12,3,7,8,6,0,0,0,0,0,2,1,6,6,1,55,8,124,1,19,-1,3,W01001362,0,-1
2023991329910,2023,991329910,1,3,0,18,19,3,7,0,0,0,0,0,1,9,1,1,5,6,1,57,9,124,1,24,-1,-1,-1,0,-1
2023010429913,2023,010429913,1,9,0,99,99,9,9,99,99,9,9,99,9,99,9,9,6,6,1,55,8,999,1,14,-1,6,E01001195,0,-1
2023320653592,2023,320653592,1,9,0,18,19,2,6,0,0,0,5,0,1,2,1,1,6,6,1,23,5,1994,1,18,SUBARU LEGACY,4,E01026045,0,-1
2023501278552,2023,501278552,2,9,0,18,19,7,3,0,0,0,1,0,1,0,1,1,2,2,2,59,9,1994,1,18,SUBARU LEGACY,1,E01018995,0,-1
2023010468136,2023,010468136,2,9,0,99,99,9,9,99,99,9,9,99,9,99,9,9,6,6,3,-1,-1,1998,2,10,SUBARU LEGACY,-1,-1,0,-1
2023061358891,2023,061358891,5,9,0,2,2,0,0,0,0,0,0,0,0,0,2,1,6,6,3,-1,-1,1994,1,18,SUBARU LEGACY,-1,-1,0,-1
2023131387379,2023,131387379,1,9,0,7,7,1,3,0,0,8,0,0,0,0,1,1,6,6,3,-1,-1,1994,1,28,SUBARU LEGACY,-1,-1,0,-1
2023546612123,2023,546612123,1,9,0,18,19,7,3,0,0,1,1,0,7,11,1,1,6,6,1,31,6,3000,1,14,SUBARU LEGACY,6,E01032010,0,-1
2023201316255,2023,201316255,1,9,0,18,19,4,8,0,0,1,0,0,0,0,1,1,6,6,1,61,9,1994,1,17,SUBARU LEGACY,4,E01008973,0,-1
2023501392278,2023,501392278,1,9,0,5,5,1,5,0,0,0,2,0,0,0,1,1,6,6,1,52,8,1998,2,14,SUBARU LEGACY,4,E01020184,0,-1
2023010452065,2023,010452065,1,8,0,9,9,7,4,0,0,0,0,0,0,0,1,1,1,1,1,59,9,1994,1,29,-1,6,E01003434,0,-1
2023991289602,2023,991289602,2,9,0,18,19,1,5,0,0,0,0,0,0,0,1,1,6,6,1,47,8,1998,2,13,SUBARU LEGACY,8,-1,0,-1
2023440128191,2023,440128191,1,9,0,16,19,7,2,0,0,1,0,0,0,0,1,1,2,2,1,47,8,1994,1,18,SUBARU LEGACY,7,E01023225,0,-1
2023531357875,2023,531357875,1,9,0,18,19,4,8,0,0,0,0,0,0,0,1,1,2,2,2,35,6,1998,2,10,SUBARU LEGACY,3,E01022375,0,-1
2023441369099,2023,441369099,1,9,0,18,19,5,1,0,0,0,1,7,1,2,1,1,5,6,1,33,6,1990,1,20,SUBARU LEGACY,10,E01023097,0,-1
2023201365363,2023,201365363,1,9,0,18,19,7,3,0,0,1,0,0,0,0,1,1,5,6,1,58,9,1994,1,17,SUBARU LEGACY,1,E01009881,0,-1
2023111359559,2023,111359559,1,9,0,18,19,7,3,0,0,1,1,10,7,11,1,1,5,6,1,20,4,1998,2,14,SUBARU LEGACY,-1,-1,0,-1
2023471260419,2023,471260419,2,9,0,17,19,1,6,0,0,0,0,0,0,0,3,1,2,2,1,37,7,1998,2,13,SUBARU LEGACY,6,E01031777,0,-1
2023201305657,2023,201305657,1,9,0,9,9,2,8,0,0,6,0,0,0,0,3,1,5,6,1,46,8,1999,1,19,SUBARU LEGACY,2,E01010567,0,-1
2023122300449,2023,122300449,2,9,0,9,9,1,7,0,0,3,0,0,0,0,3,1,6,6,1,52,8,3952,1,26,-1,4,E01011325,0,-1
2023320646322,2023,320646322,2,3,0,2,2,0,0,9,9,0,0,0,1,0,2,1,6,6,1,67,10,123,1,40,-1,5,E01026315,0,-1
2023471297171,2023,471297171,2,3,0,18,19,2,8,0,0,8,0,0,1,0,4,1,5,6,1,54,8,125,1,57,-1,6,E01031817,0,-1
2023320325862,2023,320325862,2,2,0,18,19,6,2,0,0,0,5,0,1,0,3,1,6,6,1,51,8,125,1,41,-1,3,E01026043,0,-1
2023421389291,2023,421389291,1,3,0,18,19,1,5,0,0,0,1,0,0,0,3,1,6,6,2,54,8,125,1,64,-1,4,E01016013,0,-1
2023131260046,2023,131260046,2,3,0,9,9,8,2,0,0,8,0,0,0,0,4,1,6,6,1,54,8,198,1,33,-1,5,E01011896,0,-1
2023010471683,2023,010471683,1,3,0,15,15,4,8,0,0,0,0,0,0,0,3,1,2,2,2,36,7,124,1,4,-1,3,E01024149,0,-1
2023552301107,2023,552301107,2,3,0,18,19,7,3,0,0,8,0,0,0,0,1,1,6,6,1,60,9,124,1,35,-1,7,E01020357,0,-1
2023461305111,2023,461305111,1,3,0,4,4,5,1,0,0,0,1,0,0,0,1,1,6,6,1,45,7,124,1,4,-1,8,E01024605,0,-1
202354C093723,2023,54C093723,2,5,0,18,19,5,1,0,0,8,0,0,0,0,1,1,6,6,1,33,6,1731,1,8,-1,1,E01015538,0,-1
2023141369293,2023,141369293,2,9,0,3,3,3,7,0,0,0,0,0,0,0,1,1,6,6,1,-1,-1,1910,2,16,-1,-1,-1,0,-1
2023161392171,2023,161392171,2,9,0,2,2,3,7,0,0,0,0,0,0,0,2,1,6,6,3,-1,-1,1910,2,16,-1,-1,-1,0,-1
2023461372461,2023,461372461,2,9,0,3,3,0,0,0,0,0,0,0,0,0,4,1,2,2,1,48,8,1910,2,15,-1,6,E01024065,0,-1
2023332300220,2023,332300220,1,9,0,9,9,2,8,0,0,5,0,0,0,0,4,1,6,6,1,42,7,1991,2,14,-1,2,E01032873,0,-1
2023041305116,2023,041305116,1,9,0,5,5,7,3,9,9,0,0,0,0,0,1,1,5,6,1,67,10,4235,1,-1,-1,6,E01025026,0,-1
2023070662387,2023,070662387,1,9,0,18,19,7,2,0,0,0,1,6,0,7,1,1,6,6,1,34,6,6496,1,0,-1,8,E01012385,0,-1
2023421383585,2023,421383585,1,90,3,18,19,1,5,0,0,0,0,0,0,0,4,1,5,6,1,71,10,2287,2,6,-1,10,E01021459,0,-1
2023991333168,2023,991333168,3,10,0,2,2,0,0,0,0,0,0,0,0,0,2,1,6,6,3,-1,-1,-1,-1,-1,-1,-1,-1,0,-1
2023501316292,2023,501316292,1,19,0,18,19,2,6,0,0,1,0,0,0,0,3,1,6,6,1,69,10,-1,-1,-1,-1,5,E01020213,0,-1
2023991310774,2023,991310774,1,90,0,18,19,7,3,0,0,0,0,0,0,0,3,1,5,6,1,52,8,2287,2,4,-1,6,-1,0,-1
2023201267809,2023,201267809,1,9,0,9,9,8,6,0,0,5,0,0,0,0,1,1,6,6,1,-1,-1,1242,1,19,-1,-1,-1,0,-1
2023991324152,2023,991324152,3,90,0,18,19,4,8,0,0,0,0,0,0,0,2,1,5,6,1,72,10,2184,2,1,-1,6,-1,0,-1
2023211331127,2023,211331127,2,8,0,4,4,4,8,0,0,1,0,0,0,0,2,1,1,1,1,43,7,1997,2,13,-1,1,E01014249,0,-1
2023361359081,2023,361359081,2,19,0,2,2,5,6,0,0,0,0,0,0,0,1,1,6,6,1,35,6,2287,2,2,-1,5,E01026428,0,-1
2023052302046,2023,052302046,2,8,0,18,19,3,7,0,0,8,0,0,7,0,4,1,1,1,1,54,8,1997,2,13,-1,1,E01007291,0,-1
2023010420567,2023,010420567,1,10,0,1,1,1,5,0,0,2,0,11,0,0,2,1,1,1,1,61,9,2287,2,9,-1,3,E01004045,0,-1
2023221325794,2023,221325794,2,19,0,18,19,1,5,0,0,8,0,0,0,0,1,1,6,6,1,75,10,-1,-1,-1,-1,6,E01014080,0,-1
2023031316769,2023,031316769,1,90,0,18,19,8,4,0,0,0,2,0,1,0,3,1,5,6,1,63,9,2800,2,23,-1,10,E01028385,0,-1
2023101301939,2023,101301939,2,9,0,2,2,0,0,0,0,0,0,0,0,0,1,1,6,6,1,68,10,1368,1,13,FIAT PUNTO,3,E01027359,0,-1