collision_index,collision_year,collision_ref_no,vehicle_reference,vehicle_type,towing_and_articulation,vehicle_manoeuvre_historic,vehicle_manoeuvre,vehicle_direction_from,vehicle_direction_to,vehicle_location_restricted_lane_historic,vehicle_location_restricted_lane,junction_location,skidding_and_overturning,hit_object_in_carriageway,vehicle_leaving_carriageway,hit_object_off_carriageway,first_point_of_impact,vehicle_left_hand_drive,journey_purpose_of_driver_historic,journey_purpose_of_driver,sex_of_driver,age_of_driver,age_band_of_driver,engine_capacity_cc,propulsion_code,age_of_vehicle,generic_make_model,driver_imd_decile,lsoa_of_driver,escooter_flag,driver_distance_banding
2023311355467,2023,311355467,2,9,0,18,19,5,1,0,0,0,0,0,4,6,2,1,5,6,2,53,8,1242,1,16,FIAT PUNTO,5,E01028286,0,-1
2023361344573,2023,361344573,1,9,0,18,19,1,5,0,0,0,0,0,0,0,1,1,6,6,2,39,7,1248,2,16,FIAT PUNTO,3,E01026592,0,-1
2023061259306,2023,061259306,1,9,0,18,19,3,7,0,0,2,0,0,0,0,3,1,6,6,1,36,7,1242,1,15,FIAT PUNTO,9,E01005418,0,-1
2023622300690,2023,622300690,2,9,0,18,19,4,8,0,0,4,0,0,0,0,1,1,6,6,1,31,6,1242,1,17,FIAT PUNTO,5,W01000909,0,-1
2023440496222,2023,440496222,1,9,0,18,19,7,3,0,0,1,0,0,0,0,1,1,2,2,1,19,4,1368,1,12,FIAT PUNTO,6,E01032697,0,-1
2023070877591,2023,070877591,3,9,0,4,4,1,5,0,0,0,0,0,0,0,3,1,6,6,1,64,9,1242,1,6,FIAT PUNTO,4,E01029367,0,-1
2023010464721,2023,010464721,1,9,0,99,99,9,9,0,0,1,0,0,0,0,9,1,6,6,2,32,6,1242,1,17,FIAT PUNTO,2,E01000016,0,-1
2023351268388,2023,351268388,1,9,0,18,19,4,8,0,0,0,0,0,0,0,2,1,5,6,1,67,10,1108,1,28,FIAT PUNTO,9,E01015689,0,-1
2023411343087,2023,411343087,1,9,0,18,19,5,1,0,0,2,0,0,0,0,1,1,6,6,1,27,6,1242,1,20,FIAT PUNTO,6,E01023317,0,-1
2023201450739,2023,201450739,1,9,0,18,19,2,6,0,0,0,0,0,0,0,1,1,6,6,3,80,11,1242,1,20,FIAT PUNTO,10,E01031150,0,-1
2023122301024,2023,122301024,1,9,0,9,9,1,7,0,0,1,0,0,0,0,1,1,2,2,1,20,4,1242,1,7,FIAT PUNTO,8,E01027765,0,-1
2023141379009,2023,141379009,1,9,0,11,11,8,3,0,0,1,0,0,0,0,1,1,5,6,1,34,6,1242,1,21,FIAT PUNTO,10,E01011088,0,-1
2023070860004,2023,070860004,1,9,0,18,19,7,5,0,0,8,1,9,0,2,1,1,2,2,1,19,4,1368,1,14,FIAT PUNTO,2,E01025059,0,-1
2023201339197,2023,201339197,2,9,0,18,19,8,4,0,0,0,1,0,0,0,3,1,6,6,1,65,9,1368,1,16,FIAT PUNTO,2,E01010058,0,-1
2023131389440,2023,131389440,1,9,0,7,7,3,7,0,0,0,0,4,0,0,1,2,5,6,1,17,4,1368,1,16,FIAT PUNTO,1,E01010606,0,-1
2023141340965,2023,141340965,4,9,0,4,4,3,7,0,0,0,0,0,0,0,2,1,5,6,2,49,8,1368,1,12,FIAT PUNTO,3,E01014126,0,-1
2023371316962,2023,371316962,1,9,-1,-1,-1,7,4,-1,-1,-1,-1,-1,-1,0,-1,1,5,6,2,33,6,1242,1,7,FIAT PUNTO,2,E01029889,0,-1
2023131270351,2023,131270351,1,9,0,9,9,6,3,0,0,8,0,0,0,0,1,1,5,6,2,34,6,1242,1,16,FIAT PUNTO,1,E01033035,0,-1
2023010462845,2023,010462845,1,9,0,18,19,3,7,0,0,1,0,0,0,0,1,1,6,6,2,56,9,1242,1,16,FIAT PUNTO,3,E01003609,0,-1
2023631355644,2023,631355644,1,9,0,18,19,2,6,0,0,0,5,0,0,0,1,1,5,6,2,20,4,1368,1,16,FIAT PUNTO,4,W01000508,0,-1
2023141304950,2023,141304950,3,9,0,2,2,0,0,0,0,1,0,0,0,0,3,1,6,6,3,-1,-1,1242,1,16,FIAT PUNTO,-1,-1,0,-1
2023131342846,2023,131342846,1,9,0,10,10,4,8,0,0,1,0,0,0,0,2,1,6,6,2,53,8,1242,1,17,FIAT PUNTO,5,E01011933,0,-1
2023201345434,2023,201345434,1,9,0,7,7,4,8,0,0,1,0,0,0,0,1,1,6,6,1,42,7,1368,1,13,FIAT PUNTO,1,E01033646,0,-1
2023552301551,2023,552301551,1,9,0,18,19,4,8,0,0,0,0,0,0,0,1,1,6,6,1,21,5,1242,1,19,FIAT PUNTO,1,E01017112,0,-1
2023161365253,2023,161365253,2,9,0,18,19,3,7,0,0,0,0,0,0,0,2,1,5,6,1,46,8,1368,1,15,FIAT PUNTO,3,E01013233,0,-1
2023141304756,2023,141304756,2,9,0,9,9,5,3,0,0,5,0,0,0,0,1,1,6,6,1,26,6,1248,2,16,FIAT PUNTO,1,E01007947,0,-1
2023161331615,2023,161331615,1,9,0,14,14,5,1,0,0,2,0,0,0,0,1,1,6,6,1,54,8,1242,1,17,FIAT PUNTO,2,E01012903,0,-1
2023451355683,2023,451355683,2,9,0,18,19,5,1,0,0,0,0,0,0,0,2,1,6,6,1,38,7,1368,1,11,FIAT PUNTO,10,E01031725,0,-1
2023430174882,2023,430174882,1,9,0,7,7,8,2,0,0,0,0,0,0,0,4,1,6,6,3,-1,-1,1242,1,14,FIAT PUNTO,-1,-1,0,-1
2023131306317,2023,131306317,1,9,0,18,19,1,5,0,0,0,0,0,0,0,1,1,5,6,2,30,6,1368,1,10,FIAT PUNTO,6,E01011881,0,-1
202354D180323,2023,54D180323,1,9,0,7,7,2,6,0,0,8,0,0,0,0,1,1,2,2,2,39,7,1368,1,17,FIAT PUNTO,4,E01015580,0,-1
2023302301440,2023,302301440,2,9,0,2,2,0,0,0,0,2,0,0,0,0,2,1,6,6,2,24,5,1242,1,12,FIAT PUNTO,5,E01019407,0,-1
2023041364884,2023,041364884,1,9,0,9,9,1,7,0,0,8,0,0,0,0,-1,1,6,6,3,-1,-1,1368,1,13,FIAT PUNTO,-1,-1,0,-1
2023451269291,2023,451269291,1,9,0,18,19,3,7,0,0,0,5,4,0,0,4,1,5,6,1,75,10,1242,1,8,FIAT PUNTO,10,E01030368,0,-1
2023010484948,2023,010484948,1,9,0,7,7,7,1,9,9,1,0,11,0,0,1,1,6,6,1,84,11,1368,1,13,FIAT PUNTO,8,E01000394,0,-1
2023201342210,2023,201342210,1,9,0,9,9,7,5,0,0,5,0,0,0,0,1,1,6,6,1,29,6,1242,1,9,FIAT PUNTO,10,E01031232,0,-1
2023010456124,2023,010456124,2,9,0,18,19,3,7,0,0,8,9,0,0,0,1,9,6,6,3,-1,-1,1242,1,10,FIAT PUNTO,-1,-1,0,-1
2023311372524,2023,311372524,1,9,0,18,19,5,1,0,0,0,0,0,0,0,1,1,2,2,2,21,5,1368,1,14,FIAT PUNTO,2,E01028269,0,-1
2023010474307,2023,010474307,1,9,0,10,10,7,5,9,9,2,0,0,0,0,1,1,6,6,1,69,10,1368,1,14,FIAT PUNTO,9,E01002539,0,-1
2023131273332,2023,131273332,1,9,0,18,19,3,7,0,0,0,0,0,7,4,1,1,2,2,1,27,6,1368,1,13,FIAT PUNTO,7,E01011176,0,-1
2023101291559,2023,101291559,1,9,0,16,19,8,4,0,0,0,0,0,0,0,1,1,6,6,3,-1,-1,1368,1,14,FIAT PUNTO,-1,-1,0,-1
2023421325667,2023,421325667,1,9,0,16,19,8,3,0,0,0,0,0,0,0,3,1,6,6,1,20,4,1242,1,5,FIAT PUNTO,5,E01021814,0,-1
2023031286765,2023,031286765,1,9,0,4,4,5,1,0,0,0,0,0,0,0,1,1,6,6,3,-1,-1,1368,1,11,FIAT PUNTO,-1,-1,0,-1
2023061354119,2023,061354119,1,9,0,18,19,8,4,0,0,0,0,0,0,0,1,1,6,6,1,39,7,1368,1,13,FIAT PUNTO,1,E01005434,0,-1
2023371269035,2023,371269035,2,9,0,2,2,0,0,0,0,1,0,0,0,0,3,1,6,6,3,-1,-1,1242,1,11,FIAT PUNTO,-1,-1,0,-1
2023421386180,2023,421386180,1,9,0,18,19,5,1,0,0,0,0,0,0,0,1,1,5,6,2,23,5,1368,1,17,FIAT PUNTO,2,E01021686,0,-1
2023010472157,2023,010472157,1,9,0,9,9,1,7,0,0,6,0,0,0,0,1,1,6,6,2,57,9,1242,1,12,FIAT PUNTO,8,E01000181,0,-1
2023111323832,2023,111323832,2,9,0,18,19,6,2,0,0,1,0,0,0,0,3,1,6,6,2,20,4,1368,1,15,FIAT PUNTO,5,E01020657,0,-1
2023221296159,2023,221296159,2,9,0,9,9,7,5,0,0,6,0,0,0,0,4,1,5,6,1,21,5,1368,1,13,FIAT PUNTO,6,E01032283,0,-1
2023552301271,2023,552301271,1,9,0,13,13,4,8,0,0,8,0,0,0,0,1,1,6,6,1,28,6,-1,-1,-1,FIAT PUNTO,5,E01029230,0,-1
2023471318001,2023,471318001,2,9,0,18,19,7,3,0,0,0,0,0,1,4,1,1,6,6,1,25,5,1242,1,19,FIAT PUNTO,7,E01021038,0,-1
2023010431289,2023,010431289,1,9,0,9,9,7,6,0,0,2,0,0,0,0,0,1,2,2,2,31,6,1242,1,20,FIAT PUNTO,3,E01000578,0,-1
2023552300703,2023,552300703,2,9,0,3,3,3,7,0,0,0,0,0,0,0,2,1,2,2,1,23,5,1368,1,14,FIAT PUNTO,-1,-1,0,-1
2023010482521,2023,010482521,2,9,0,99,99,9,9,99,99,9,9,99,9,99,9,9,6,6,3,-1,-1,1368,1,14,FIAT PUNTO,-1,-1,0,-1
2023320129053,2023,320129053,1,9,0,17,19,8,4,0,0,0,1,0,1,4,1,1,6,6,1,17,4,1368,1,12,FIAT PUNTO,5,E01026315,0,-1
2023332301246,2023,332301246,1,9,0,18,19,6,2,0,0,8,0,0,0,0,4,1,6,6,1,22,5,1242,1,16,FIAT PUNTO,10,E01025836,0,-1
2023401313840,2023,401313840,1,9,0,18,19,1,5,0,0,4,0,10,0,0,4,1,6,6,1,84,11,1368,1,16,FIAT PUNTO,3,E01027058,0,-1
2023201417611,2023,201417611,2,9,0,13,13,1,5,0,0,6,0,0,0,0,1,1,5,6,1,-1,-1,1368,1,13,FIAT PUNTO,-1,-1,0,-1
2023070954185,2023,070954185,1,9,0,3,3,2,6,0,0,0,0,0,0,0,1,1,6,6,1,65,9,1242,1,17,FIAT PUNTO,1,E01018745,0,-1
2023131327566,2023,131327566,1,9,0,2,2,1,1,0,0,5,0,0,0,0,3,1,1,1,2,39,7,1368,1,13,FIAT PUNTO,1,E01011361,0,-1
2023622300313,2023,622300313,1,9,0,18,19,8,4,0,0,1,0,0,0,0,1,1,6,6,1,29,6,1368,1,14,FIAT PUNTO,1,W01001661,0,-1
2023421392018,2023,421392018,3,9,0,18,19,5,1,0,0,0,0,0,0,0,2,1,5,6,1,23,5,1368,1,13,FIAT PUNTO,7,E01021628,0,-1
2023451305351,2023,451305351,2,9,0,18,19,5,5,0,0,0,0,0,0,0,4,1,6,6,1,30,6,1242,1,15,FIAT PUNTO,9,E01030685,0,-1
2023991290380,2023,991290380,1,9,0,17,19,4,8,0,0,0,1,0,7,0,2,1,5,6,1,18,4,1242,1,16,FIAT PUNTO,4,-1,0,-1
2023221291802,2023,221291802,1,9,0,16,19,6,8,0,0,0,1,0,7,11,1,1,3,7,1,18,4,1368,1,9,FIAT PUNTO,6,E01013999,0,-1
2023141382972,2023,141382972,1,9,0,3,3,6,1,0,0,0,0,0,0,0,1,1,6,6,1,55,8,1242,1,16,FIAT PUNTO,1,E01007729,0,-1
2023201286891,2023,201286891,1,9,0,15,15,5,1,0,0,8,0,0,0,0,3,1,3,7,1,-1,-1,1368,1,13,FIAT PUNTO,-1,-1,0,-1
2023522400757,2023,522400757,2,9,0,4,4,5,1,0,0,0,0,0,0,0,1,1,6,6,2,23,5,1242,1,9,FIAT PUNTO,8,E01029035,0,-1
2023131339559,2023,131339559,2,9,0,18,19,7,3,0,0,8,0,0,0,0,1,1,6,6,2,21,5,1368,1,12,FIAT PUNTO,6,E01011440,0,-1
2023161324895,2023,161324895,3,9,0,2,2,0,0,0,0,0,0,0,0,0,3,1,6,6,3,-1,-1,1368,1,12,FIAT PUNTO,-1,-1,0,-1
2023991390874,2023,991390874,1,9,0,6,6,7,7,0,0,0,0,0,0,0,4,1,6,6,1,38,7,1248,2,14,FIAT PUNTO,1,-1,0,-1
2023361266105,2023,361266105,1,9,0,18,19,7,3,0,0,0,0,0,0,0,1,1,6,6,2,41,7,1368,1,13,FIAT PUNTO,6,E01026573,0,-1
2023411267954,2023,411267954,1,9,0,18,19,7,3,0,0,1,0,0,0,0,1,1,6,6,3,-1,-1,1368,1,13,FIAT PUNTO,-1,-1,0,-1
2023010433066,2023,010433066,1,9,0,99,99,9,9,99,99,0,9,99,9,99,9,9,6,6,1,32,6,1242,1,7,FIAT PUNTO,10,E01004093,0,-1
2023471324844,2023,471324844,3,9,0,2,2,0,0,0,0,2,0,0,0,0,1,1,6,6,3,-1,-1,1368,1,16,FIAT PUNTO,-1,-1,0,-1
2023131389302,2023,131389302,6,9,0,2,2,5,1,0,0,0,0,4,0,0,2,1,6,6,3,-1,-1,1242,1,10,FIAT PUNTO,-1,-1,0,-1
2023311345730,2023,311345730,2,9,0,3,3,5,8,0,0,1,0,0,0,0,2,1,6,6,1,33,6,1242,1,15,FIAT PUNTO,2,E01013947,0,-1
2023549973523,2023,549973523,1,9,0,14,14,5,1,0,0,0,0,0,0,0,1,1,6,6,2,85,11,1368,1,15,FIAT PUNTO,4,E01032019,0,-1
2023052301584,2023,052301584,1,9,0,18,19,3,7,0,0,0,0,11,1,11,1,1,6,6,1,21,5,1368,1,13,FIAT PUNTO,6,E01007194,0,-1
2023010465508,2023,010465508,2,9,0,99,99,9,9,99,99,9,9,99,9,99,1,9,6,6,3,-1,-1,1242,1,15,FIAT PUNTO,3,E01004437,0,-1
2023552300731,2023,552300731,1,9,0,18,19,1,5,0,0,0,0,0,1,0,4,1,6,6,1,27,6,1368,1,12,FIAT PUNTO,8,E01023004,0,-1
2023122301176,2023,122301176,1,9,0,18,19,3,7,0,0,8,0,0,0,0,1,1,6,6,1,36,7,1242,1,16,FIAT PUNTO,7,E01013406,0,-1
2023141360833,2023,141360833,1,9,0,7,7,3,7,0,0,1,5,10,1,11,4,1,2,2,1,46,8,1242,1,15,FIAT PUNTO,2,E01008081,0,-1
2023201392342,2023,201392342,1,9,0,18,19,6,2,0,0,0,0,10,0,0,1,1,6,6,1,-1,-1,1368,1,11,FIAT PUNTO,-1,-1,0,-1
2023991331234,2023,991331234,2,9,0,18,19,3,6,0,0,0,0,0,0,0,1,1,5,6,1,71,10,1242,1,9,FIAT PUNTO,-1,-1,0,-1
2023141334622,2023,141334622,1,9,0,18,19,3,7,0,0,0,0,10,1,0,1,1,2,2,1,22,5,1242,1,9,FIAT PUNTO,8,E01007420,0,-1
2023302300361,2023,302300361,1,9,0,5,5,6,2,0,0,2,0,0,0,0,3,1,6,6,2,20,4,1242,1,8,FIAT PUNTO,-1,-1,0,-1
2023302301021,2023,302301021,1,9,0,9,9,8,6,0,0,6,0,0,0,0,1,1,6,6,1,22,5,1242,1,12,FIAT PUNTO,4,E01019417,0,-1
2023991290102,2023,991290102,1,9,0,16,19,7,3,0,0,4,2,0,0,0,1,1,5,6,2,18,4,1368,1,10,FIAT PUNTO,2,-1,0,-1
2023070471868,2023,070471868,1,9,0,9,9,3,5,0,0,8,0,0,0,0,4,1,6,6,1,25,5,1242,1,16,FIAT PUNTO,3,E01018720,0,-1
2023522300586,2023,522300586,3,9,0,2,2,0,0,0,0,2,0,0,0,0,4,1,6,6,3,-1,-1,1242,1,16,FIAT PUNTO,-1,-1,0,-1
2023131356865,2023,131356865,1,9,0,14,14,1,5,0,0,1,0,0,0,0,2,1,3,7,2,35,6,1242,1,15,FIAT PUNTO,1,E01010925,0,-1
2023010438970,2023,010438970,3,9,0,2,2,0,0,0,0,2,0,0,0,0,4,1,6,6,3,-1,-1,1368,1,17,FIAT PUNTO,-1,-1,0,-1
2023631327893,2023,631327893,1,9,0,17,19,6,1,0,0,0,2,0,0,0,0,1,5,6,1,22,5,1368,1,14,FIAT PUNTO,6,W01000700,0,-1
2023631329551,2023,631329551,1,9,0,7,7,6,1,0,0,8,1,0,3,10,3,1,5,6,1,17,4,1242,1,15,FIAT PUNTO,8,W01000458,0,-1
2023010479175,2023,010479175,1,9,0,99,99,9,9,99,99,9,9,99,9,99,3,9,6,6,1,21,5,1242,1,17,FIAT PUNTO,3,E01001552,0,-1
2023320041705,2023,320041705,1,9,0,18,19,2,6,0,0,0,1,0,1,4,1,1,2,2,1,18,4,1242,1,15,FIAT PUNTO,2,E01026108,0,-1
2023122301125,2023,122301125,2,9,0,4,4,3,7,0,0,1,0,0,0,0,1,1,2,2,1,25,5,1242,1,18,FIAT PUNTO,3,E01027824,0,-1
2023031362281,2023,031362281,2,9,0,-1,-1,-1,-1,-1,-1,0,-1,-1,-1,0,-1,1,6,6,3,-1,-1,1242,1,16,FIAT PUNTO,-1,-1,0,-1
2023052302910,2023,052302910,2,9,0,15,15,5,1,0,0,0,0,0,0,0,3,1,2,2,2,56,9,1368,1,13,FIAT PUNTO,1,E01006480,0,-1
2023201277796,2023,201277796,2,9,0,18,19,-1,-1,0,0,0,0,0,0,0,2,1,6,6,1,26,6,1242,1,16,FIAT PUNTO,1,E01010295,0,-1
2023161300410,2023,161300410,1,9,0,18,19,7,3,0,0,8,0,0,0,0,0,1,1,1,1,38,7,1242,1,16,FIAT PUNTO,1,E01013219,0,-1
2023501387949,2023,501387949,1,9,0,6,6,3,5,0,0,8,0,0,0,0,4,1,1,1,1,32,6,1248,2,16,FIAT PUNTO,1,E01015255,0,-1
2023522301260,2023,522301260,1,9,0,18,19,1,5,0,0,0,2,0,1,0,1,1,6,6,1,27,6,1242,1,17,FIAT PUNTO,-1,-1,0,-1
2023141270198,2023,141270198,1,9,0,4,4,1,5,0,0,0,0,0,0,0,2,1,6,6,2,21,5,1368,1,14,FIAT PUNTO,6,E01007560,0,-1
2023411360130,2023,411360130,1,9,0,18,19,4,8,0,0,1,0,0,0,0,1,1,2,2,2,32,6,1242,1,17,FIAT PUNTO,4,E01023805,0,-1
2023461291360,2023,461291360,1,9,0,9,9,5,3,0,0,0,0,0,0,0,1,1,6,6,1,26,6,1242,1,17,FIAT PUNTO,2,E01016061,0,-1
2023522400209,2023,522400209,2,9,0,18,19,2,6,0,0,1,0,0,0,0,1,1,6,6,1,-1,-1,1242,1,16,FIAT PUNTO,-1,-1,0,-1
2023340NN4032,2023,340NN4032,1,9,0,18,19,4,8,0,0,0,0,0,1,11,1,1,6,6,2,39,7,1368,1,11,FIAT PUNTO,8,E01027089,0,-1
2023131383089,2023,131383089,1,9,0,18,19,5,1,0,0,0,5,0,1,11,1,1,5,6,2,23,5,1368,1,12,FIAT PUNTO,9,E01006381,0,-1
2023320050840,2023,320050840,1,9,0,18,19,4,8,0,0,0,5,0,7,9,4,1,6,6,1,17,4,1242,1,11,FIAT PUNTO,3,E01026386,0,-1
2023332300894,2023,332300894,1,9,0,18,19,6,2,0,0,0,1,0,0,0,1,1,6,6,1,47,8,1242,1,16,FIAT PUNTO,9,E01025779,0,-1
2023421329459,2023,421329459,1,9,0,18,19,3,7,0,0,2,5,0,0,0,1,1,6,6,1,26,6,1368,1,15,FIAT PUNTO,4,E01021984,0,-1
2023471368215,2023,471368215,3,9,0,18,19,3,7,0,0,0,0,0,0,0,2,1,6,6,2,53,8,1368,1,11,FIAT PUNTO,3,E01023055,0,-1
2023522400383,2023,522400383,1,9,0,18,19,4,8,0,0,0,0,0,0,0,1,1,6,6,2,29,6,1368,1,12,FIAT PUNTO,4,W01001709,0,-1
2023332301012,2023,332301012,1,9,0,5,5,4,8,0,0,1,0,0,0,0,4,1,6,6,2,27,6,1242,1,15,FIAT PUNTO,4,E01013607,0,-1
2023991286490,2023,991286490,1,9,0,13,13,4,8,0,0,0,0,0,0,0,4,1,5,6,2,34,6,1242,1,20,FIAT PUNTO,7,-1,0,-1
2023622301061,2023,622301061,1,9,0,9,9,3,8,0,0,4,0,0,0,0,1,1,6,6,3,-1,-1,1242,1,17,FIAT PUNTO,-1,-1,0,-1
2023221315020,2023,221315020,1,9,5,10,10,2,8,0,0,8,1,0,0,0,2,1,3,7,2,41,7,1248,2,14,FIAT PUNTO,5,E01032360,0,-1
2023070614971,2023,070614971,2,9,0,18,19,3,8,0,0,8,0,0,0,0,4,1,2,2,2,31,6,1368,1,13,FIAT PUNTO,8,E01012472,0,-1
2023501349710,2023,501349710,1,9,0,17,19,1,6,0,0,0,0,0,1,4,1,1,5,6,1,18,4,1368,1,14,FIAT PUNTO,4,E01018925,0,-1
2023221387085,2023,221387085,1,9,0,9,9,8,6,0,0,5,0,0,0,0,4,1,6,6,1,31,6,1242,1,6,FIAT PUNTO,10,E01014190,0,-1
2023131381788,2023,131381788,2,9,0,18,19,8,4,0,0,0,0,0,0,0,3,1,2,2,2,18,4,1368,1,14,FIAT PUNTO,2,E01011862,0,-1
2023471351741,2023,471351741,1,9,0,7,7,2,4,0,0,5,0,0,0,0,4,1,6,6,1,65,9,1368,1,10,FIAT PUNTO,7,E01021212,0,-1
2023311326305,2023,311326305,1,9,0,5,5,8,3,0,0,1,0,0,3,0,1,1,6,6,1,30,6,1242,1,16,FIAT PUNTO,1,E01028268,0,-1
2023401295807,2023,401295807,2,9,0,10,10,1,7,0,0,0,0,0,0,0,1,1,2,2,2,21,5,1242,1,9,FIAT PUNTO,8,E01015745,0,-1
2023041381499,2023,041381499,2,9,0,9,9,5,1,0,0,3,0,0,0,0,3,1,5,6,1,26,6,1242,1,16,FIAT PUNTO,8,E01012613,0,-1
2023061345280,2023,061345280,2,9,0,18,19,4,8,0,0,8,1,0,0,0,3,1,5,6,1,69,10,1242,1,9,FIAT PUNTO,4,E01006012,0,-1
2023061305805,2023,061305805,2,9,0,18,19,1,1,0,0,0,0,0,0,0,1,1,6,6,1,58,9,1368,1,11,FIAT PUNTO,1,E01005828,0,-1
2023061291736,2023,061291736,2,9,0,3,3,1,5,0,0,1,1,0,0,0,1,1,6,6,2,33,6,1368,1,14,FIAT PUNTO,2,E01005318,0,-1
2023302300534,2023,302300534,1,9,0,7,7,7,8,0,0,4,0,0,0,0,1,1,1,1,1,-1,-1,1368,1,13,FIAT PUNTO,-1,-1,0,-1
2023141342465,2023,141342465,1,9,0,18,19,7,3,0,0,0,0,0,0,0,1,1,6,6,3,-1,-1,1368,1,15,FIAT PUNTO,-1,-1,0,-1
2023351318630,2023,351318630,2,9,0,4,4,5,1,0,0,0,0,0,0,0,2,1,6,6,2,28,6,1368,1,11,FIAT PUNTO,2,E01026175,0,-1
2023320157037,2023,320157037,1,9,0,9,9,4,2,0,0,6,0,0,0,0,1,1,6,6,1,28,6,1368,1,16,FIAT PUNTO,3,E01026178,0,-1
2023451307007,2023,451307007,1,9,0,18,19,3,7,9,9,0,0,0,1,0,1,1,5,6,1,17,4,1368,1,12,FIAT PUNTO,8,E01001031,0,-1
2023471288350,2023,471288350,1,9,0,9,9,1,7,0,0,6,0,0,0,0,0,1,6,6,1,21,5,1242,1,8,FIAT PUNTO,7,E01020926,0,-1
2023361272472,2023,361272472,1,9,-1,-1,-1,6,2,-1,-1,0,-1,-1,-1,0,-1,1,6,6,2,-1,-1,1242,1,11,FIAT PUNTO,4,E01026743,0,-1
2023311312944,2023,311312944,1,9,0,13,13,1,5,0,0,0,0,0,0,0,1,1,6,6,1,21,5,1368,1,13,FIAT PUNTO,4,E01019689,0,-1
2023131306095,2023,131306095,1,9,0,16,19,5,1,0,0,0,1,11,1,2,3,1,2,2,2,34,6,1242,1,10,FIAT PUNTO,5,E01011218,0,-1
2023461372424,2023,461372424,1,9,0,18,19,7,3,0,0,0,0,0,0,0,1,1,6,6,1,21,5,1368,1,14,FIAT PUNTO,7,E01024680,0,-1
2023351266525,2023,351266525,1,9,0,7,7,1,5,0,0,5,0,0,1,0,4,1,6,6,3,-1,-1,1242,1,17,FIAT PUNTO,-1,-1,0,-1
2023041320896,2023,041320896,1,9,0,18,19,1,5,0,0,0,0,0,0,0,1,1,6,6,1,17,4,1242,1,11,FIAT PUNTO,2,E01025520,0,-1
2023421347480,2023,421347480,2,9,0,18,19,6,2,0,0,0,0,0,0,0,2,1,6,6,1,26,6,1242,1,11,FIAT PUNTO,3,E01030114,0,-1
2023461387681,2023,461387681,1,9,0,18,19,4,8,9,9,0,1,0,1,2,1,1,6,6,1,19,4,1368,1,15,FIAT PUNTO,2,E01024192,0,-1
2023211295370,2023,211295370,1,9,0,18,19,5,1,0,0,1,0,0,0,0,4,1,6,6,2,53,8,1248,2,15,FIAT PUNTO,7,E01029794,0,-1
2023201378905,2023,201378905,2,9,0,18,19,8,4,0,0,8,0,0,0,0,1,1,6,6,1,47,8,1368,1,14,FIAT PUNTO,1,E01033638,0,-1
2023052301485,2023,052301485,1,9,0,17,19,3,7,0,0,0,0,0,1,11,1,1,6,6,1,19,4,1242,1,15,FIAT PUNTO,3,E01007208,0,-1
2023440111620,2023,440111620,1,9,0,17,19,5,3,0,0,0,1,0,1,0,4,1,6,6,2,17,4,1248,2,12,FIAT PUNTO,9,E01017064,0,-1
2023631355643,2023,631355643,1,9,0,18,19,1,5,0,0,0,1,0,0,0,1,1,6,6,1,21,5,1368,1,14,FIAT PUNTO,5,W01000528,0,-1
2023991338537,2023,991338537,1,9,0,17,19,4,8,0,0,0,0,0,0,0,1,1,5,6,2,20,4,1242,1,9,FIAT PUNTO,8,-1,0,-1
2023991339918,2023,991339918,1,9,0,5,5,5,1,0,0,1,0,0,7,0,3,1,5,6,2,95,11,1368,1,12,FIAT PUNTO,5,-1,0,-1
2023451368198,2023,451368198,1,9,0,18,19,3,7,2,2,0,0,0,0,0,3,1,6,6,2,32,6,1368,1,9,FIAT PUNTO,3,E01030788,0,-1
2023351394797,2023,351394797,1,9,0,4,4,1,3,0,0,3,0,0,0,0,1,1,6,6,3,-1,-1,1242,1,18,FIAT PUNTO,-1,-1,0,-1
2023461302901,2023,461302901,1,9,0,18,19,6,2,0,0,0,0,0,0,0,1,1,2,2,1,21,5,1368,1,13,FIAT PUNTO,9,E01032813,0,-1
2023041304141,2023,041304141,1,9,0,9,9,7,1,0,0,6,0,0,0,0,3,1,2,2,1,37,7,1368,1,14,FIAT PUNTO,2,E01012648,0,-1
2023131355798,2023,131355798,1,9,0,18,19,1,5,0,0,1,0,0,0,0,2,1,6,6,1,25,5,1248,2,10,FIAT PUNTO,1,E01011916,0,-1
2023061325057,2023,061325057,2,9,0,18,19,4,1,0,0,0,0,0,0,0,0,1,6,6,1,19,4,1242,1,16,FIAT PUNTO,5,E01005677,0,-1
2023010484809,2023,010484809,4,9,0,3,3,5,1,0,0,0,0,0,0,0,2,1,2,2,1,59,9,1368,1,8,FIAT PUNTO,-1,-1,0,-1
2023131383036,2023,131383036,2,9,0,4,4,5,1,0,0,8,0,0,0,0,2,1,6,6,2,37,7,1242,1,10,FIAT PUNTO,-1,-1,0,-1
2023351329360,2023,351329360,1,9,0,5,5,-1,-1,0,0,3,0,0,0,0,1,1,6,6,2,19,4,1368,1,14,FIAT PUNTO,3,E01018097,0,-1
2023991333647,2023,991333647,2,9,0,18,19,6,2,0,0,1,0,0,0,0,1,1,1,1,1,27,6,1368,1,12,FIAT PUNTO,7,-1,0,-1
2023421387013,2023,421387013,1,9,0,18,19,3,7,0,0,0,0,0,7,0,1,1,5,6,1,20,4,1242,1,17,FIAT PUNTO,9,E01021364,0,-1
2023061266489,2023,061266489,2,9,0,4,4,5,7,0,0,1,0,0,0,0,1,1,5,6,2,44,7,1242,1,15,FIAT PUNTO,2,E01005902,0,-1