collision_index,collision_year,collision_ref_no,vehicle_reference,vehicle_type,towing_and_articulation,vehicle_manoeuvre_historic,vehicle_manoeuvre,vehicle_direction_from,vehicle_direction_to,vehicle_location_restricted_lane_historic,vehicle_location_restricted_lane,junction_location,skidding_and_overturning,hit_object_in_carriageway,vehicle_leaving_carriageway,hit_object_off_carriageway,first_point_of_impact,vehicle_left_hand_drive,journey_purpose_of_driver_historic,journey_purpose_of_driver,sex_of_driver,age_of_driver,age_band_of_driver,engine_capacity_cc,propulsion_code,age_of_vehicle,generic_make_model,driver_imd_decile,lsoa_of_driver,escooter_flag,driver_distance_banding
2023631310265,2023,631310265,2,9,0,4,4,6,2,0,0,8,0,0,0,0,2,1,5,6,1,70,10,1368,1,11,FIAT PUNTO,9,W01000908,0,-1
2023061343836,2023,061343836,1,9,0,9,9,1,7,0,0,0,0,0,0,0,1,1,6,6,3,30,6,1242,1,19,FIAT PUNTO,-1,-1,0,-1
2023010478253,2023,010478253,1,9,0,99,99,9,9,99,99,9,9,99,9,99,9,9,6,6,1,45,7,1368,1,17,FIAT PUNTO,3,E01000107,0,-1
2023401321607,2023,401321607,1,9,0,18,19,1,5,0,0,0,0,0,1,4,1,1,6,6,1,29,6,1368,1,11,FIAT PUNTO,5,E01016841,0,-1
2023332300287,2023,332300287,1,9,0,16,19,2,6,0,0,0,1,0,7,11,1,1,6,6,1,24,5,1242,1,20,FIAT PUNTO,4,E01013733,0,-1
2023332300824,2023,332300824,1,9,0,18,19,1,5,0,0,0,0,0,0,0,3,1,6,6,2,33,6,1242,1,20,FIAT PUNTO,3,E01025989,0,-1
2023010432608,2023,010432608,2,9,0,99,99,9,9,99,99,9,9,99,9,99,1,9,6,6,3,-1,-1,1242,1,12,FIAT PUNTO,7,E01002300,0,-1
2023451361264,2023,451361264,1,9,0,16,19,5,1,0,0,0,0,0,8,4,1,1,5,6,1,19,4,1242,1,16,FIAT PUNTO,8,E01030409,0,-1
2023501266175,2023,501266175,1,9,0,16,19,1,2,0,0,0,1,0,8,11,2,1,5,6,2,28,6,1242,1,16,FIAT PUNTO,4,E01018980,0,-1
2023161372660,2023,161372660,1,9,0,17,19,7,3,0,0,0,2,0,2,4,4,1,5,6,1,18,4,1242,1,17,FIAT PUNTO,7,E01012935,0,-1
2023010423641,2023,010423641,2,9,0,16,19,5,1,0,0,0,0,0,0,0,1,1,1,1,1,40,7,1368,1,14,FIAT PUNTO,5,E01003130,0,-1
2023041380602,2023,041380602,1,9,0,18,19,7,3,0,0,1,2,0,0,0,1,1,5,6,1,21,5,1368,1,14,FIAT PUNTO,9,E01025126,0,-1
2023501287020,2023,501287020,1,9,0,14,14,3,7,0,0,1,0,0,0,0,3,1,6,6,1,62,9,1242,1,19,FIAT PUNTO,2,E01020280,0,-1
2023471341903,2023,471341903,1,9,0,9,9,2,7,0,0,8,0,7,0,0,1,1,1,1,1,53,8,1368,1,14,FIAT PUNTO,2,E01016945,0,-1
2023991392132,2023,991392132,1,9,0,7,7,8,4,0,0,0,1,10,0,0,1,1,5,6,1,50,8,1242,1,8,FIAT PUNTO,10,-1,0,-1
2023430042609,2023,430042609,1,9,0,18,19,4,8,0,0,0,1,0,1,2,1,1,6,6,2,18,4,1368,1,13,FIAT PUNTO,10,E01017863,0,-1
2023010481440,2023,010481440,2,9,0,99,99,9,9,99,99,9,9,99,9,99,1,9,6,6,3,-1,-1,1368,1,9,FIAT PUNTO,-1,-1,0,-1
2023544344323,2023,544344323,2,9,0,18,19,7,3,0,0,0,0,0,7,0,1,1,6,6,2,56,9,1368,1,13,FIAT PUNTO,9,E01031968,0,-1
2023041323715,2023,041323715,3,9,0,18,19,5,1,0,0,0,0,0,0,0,3,1,5,6,1,27,6,1368,1,14,FIAT PUNTO,8,E01007031,0,-1
2023070951161,2023,070951161,1,9,0,18,19,3,7,0,0,0,2,10,1,0,0,1,6,6,2,17,4,1368,1,13,FIAT PUNTO,9,E01018386,0,-1
2023101294654,2023,101294654,1,9,0,18,19,5,1,0,0,0,0,0,0,0,1,1,5,6,2,59,9,1368,1,13,FIAT PUNTO,2,E01008634,0,-1
2023231382921,2023,231382921,1,9,0,18,19,8,3,0,0,1,0,0,0,0,1,1,2,2,1,18,4,1368,1,13,FIAT PUNTO,2,E01031044,0,-1
202363C018523,2023,63C018523,1,9,0,18,19,8,4,0,0,0,0,0,0,0,4,1,6,6,2,66,10,1242,1,8,FIAT PUNTO,7,W01000618,0,-1
2023340WN1492,2023,340WN1492,1,9,0,4,4,7,3,0,0,0,1,0,2,7,1,1,2,2,2,22,5,1242,1,16,FIAT PUNTO,1,E01027249,0,-1
2023361288101,2023,361288101,2,9,0,-1,-1,-1,-1,-1,-1,-1,-1,-1,-1,0,4,1,5,6,2,55,8,1368,1,17,FIAT PUNTO,8,E01026857,0,-1
2023141383082,2023,141383082,1,9,0,18,19,5,1,0,0,2,0,4,0,0,4,1,6,6,1,81,11,1242,1,16,FIAT PUNTO,1,E01007977,0,-1
2023332300861,2023,332300861,2,9,0,18,19,7,3,0,0,1,0,0,0,0,3,1,6,6,1,87,11,1242,1,16,FIAT PUNTO,5,E01025966,0,-1
2023501333884,2023,501333884,1,9,0,18,19,3,7,0,0,4,0,0,0,0,1,1,6,6,1,78,11,1242,1,15,FIAT PUNTO,3,E01019000,0,-1
2023501279482,2023,501279482,1,9,0,16,19,5,1,0,0,0,1,0,7,10,3,1,5,6,2,18,4,1368,1,14,FIAT PUNTO,2,E01033292,0,-1
2023141373517,2023,141373517,1,9,0,17,19,8,5,0,0,0,5,7,0,0,4,1,6,6,1,17,4,1242,1,16,FIAT PUNTO,7,E01007997,0,-1
2023351339856,2023,351339856,1,9,0,5,5,3,7,0,0,1,0,0,0,0,3,1,6,6,2,69,10,1242,1,17,FIAT PUNTO,9,E01017988,0,-1
2023471376175,2023,471376175,1,9,0,18,19,4,8,0,0,0,0,0,0,0,1,1,5,6,1,71,10,1560,2,15,FORD C-MAX,1,E01017053,0,-1
2023411344248,2023,411344248,1,9,0,18,19,3,7,0,0,0,0,0,0,0,1,1,5,6,1,38,7,1997,2,5,FORD C-MAX,5,E01023780,0,-1
2023501346171,2023,501346171,1,9,0,7,7,1,3,0,0,1,5,0,1,10,2,1,5,6,2,37,7,999,1,7,FORD C-MAX,-1,-1,0,-1
2023461293449,2023,461293449,4,9,0,18,19,3,8,0,0,0,0,0,0,0,3,1,6,6,1,40,7,998,1,10,FORD C-MAX,5,E01000375,0,-1
2023520400898,2023,520400898,2,9,0,3,3,4,8,0,0,0,0,0,0,0,2,1,6,6,2,44,7,999,1,7,FORD C-MAX,3,E01014684,0,-1
2023440492008,2023,440492008,1,9,0,9,9,2,8,0,0,8,0,0,0,0,1,1,6,6,2,41,7,1560,2,10,FORD C-MAX,10,E01022851,0,-1
2023101302148,2023,101302148,1,9,0,18,19,5,1,0,0,0,0,0,1,7,1,1,5,6,1,59,9,1798,1,15,FORD C-MAX,1,E01008425,0,-1
2023340NN0642,2023,340NN0642,1,9,0,18,19,7,3,0,0,1,0,0,1,0,1,1,6,6,1,87,11,1798,1,13,FORD C-MAX,3,E01027317,0,-1
2023361288203,2023,361288203,1,9,0,18,19,1,5,0,0,0,0,11,4,0,1,1,5,6,2,57,9,1560,2,13,FORD C-MAX,5,E01030185,0,-1
2023131376179,2023,131376179,3,9,0,2,2,0,0,0,0,1,0,0,0,0,2,1,6,6,3,-1,-1,1997,2,12,FORD C-MAX,-1,-1,0,-1
2023070417649,2023,070417649,2,9,0,2,2,0,0,0,0,0,0,0,1,0,2,1,6,6,1,-1,-1,1560,2,9,FORD C-MAX,9,E01012562,0,-1
2023430178265,2023,430178265,1,9,0,9,9,6,2,0,0,5,0,0,0,0,1,1,6,6,1,48,8,1997,2,7,FORD C-MAX,4,E01017904,0,-1
2023361374951,2023,361374951,2,9,0,7,7,-1,7,0,0,0,0,0,0,0,3,1,5,6,1,67,10,999,1,6,FORD C-MAX,6,E01018076,0,-1
2023131385718,2023,131385718,1,9,0,1,1,5,1,0,0,0,0,0,0,0,2,1,6,6,3,-1,-1,999,1,4,FORD C-MAX,-1,-1,0,-1
2023471319401,2023,471319401,1,9,0,18,19,2,7,0,0,1,0,0,0,0,1,1,6,6,1,64,9,1596,1,10,FORD C-MAX,9,E01021151,0,-1
2023430059546,2023,430059546,1,9,0,3,3,1,5,0,0,0,0,0,0,0,2,1,6,6,1,24,5,1999,1,15,FORD C-MAX,9,E01017842,0,-1
2023201289046,2023,201289046,2,9,0,18,19,4,8,0,0,0,0,0,0,0,1,1,6,6,1,-1,-1,1997,2,7,FORD C-MAX,-1,-1,0,-1
2023440440516,2023,440440516,1,9,0,16,19,1,5,0,0,1,0,0,0,0,4,1,6,6,2,34,6,1596,1,15,FORD C-MAX,6,E01017043,0,-1
2023361334705,2023,361334705,2,9,0,18,19,1,5,0,0,1,0,0,0,0,1,1,5,6,1,41,7,1596,1,11,FORD C-MAX,7,E01026920,0,-1
2023421355424,2023,421355424,2,9,0,18,19,1,5,0,0,0,0,0,0,0,1,1,6,6,1,18,4,1560,2,12,FORD C-MAX,5,E01030185,0,-1
2023041263181,2023,041263181,1,9,0,18,19,1,5,0,0,1,0,0,0,0,1,1,6,6,3,-1,-1,1560,2,12,FORD C-MAX,-1,-1,0,-1
2023332300668,2023,332300668,2,9,0,2,2,0,0,0,0,0,0,0,0,0,3,1,6,6,3,-1,-1,1596,1,15,FORD C-MAX,-1,-1,0,-1
2023471264512,2023,471264512,2,9,0,16,19,6,1,0,0,1,0,0,0,0,1,1,6,6,1,74,10,1560,2,9,FORD C-MAX,10,E01031686,0,-1
2023201294385,2023,201294385,2,9,0,3,3,4,8,0,0,1,0,0,0,0,2,1,6,6,1,47,8,1997,2,11,FORD C-MAX,2,E01010068,0,-1
2023010476590,2023,010476590,1,9,0,18,19,5,1,0,0,0,0,0,0,0,1,1,6,6,1,30,6,1596,1,15,FORD C-MAX,3,E01003154,0,-1
2023320712425,2023,320712425,1,9,0,18,19,2,6,0,0,0,0,0,0,0,1,1,6,6,2,41,7,999,1,6,FORD C-MAX,10,E01026413,0,-1
2023361279511,2023,361279511,1,9,0,5,5,5,2,0,0,6,0,0,0,0,0,1,1,1,1,42,7,1560,2,12,FORD C-MAX,-1,-1,0,-1
2023052300696,2023,052300696,3,9,0,2,2,0,0,0,0,0,0,0,0,0,4,1,6,6,3,-1,-1,1560,2,10,FORD C-MAX,-1,-1,0,-1
2023501360819,2023,501360819,3,9,0,18,19,2,6,0,0,0,0,0,0,0,1,1,6,6,2,48,8,1560,2,10,FORD C-MAX,3,E01018989,0,-1
2023010431529,2023,010431529,1,9,0,4,4,3,7,0,0,1,0,0,0,0,1,1,6,6,2,-1,-1,1499,2,6,FORD C-MAX,3,E01000465,0,-1
2023991344081,2023,991344081,1,9,0,1,1,2,6,0,0,2,0,4,0,0,2,1,1,1,1,38,7,1499,2,5,FORD C-MAX,3,-1,0,-1
2023471340043,2023,471340043,2,9,0,9,9,2,8,0,0,1,0,0,2,0,3,1,5,6,2,38,7,1499,2,8,FORD C-MAX,8,E01021223,0,-1
2023161281805,2023,161281805,2,9,0,4,4,5,1,0,0,0,0,0,0,0,2,1,6,6,1,36,7,1596,1,13,FORD C-MAX,1,E01012785,0,-1
2023070226703,2023,070226703,1,9,0,3,3,7,2,0,0,0,0,0,0,0,4,1,6,6,3,-1,-1,1596,1,9,FORD C-MAX,-1,-1,0,-1
2023461360006,2023,461360006,1,9,0,6,6,4,6,0,0,0,0,0,0,0,1,1,6,6,1,40,7,1499,2,6,FORD C-MAX,2,E01024775,0,-1
2023010470119,2023,010470119,2,9,0,9,9,7,5,0,0,8,0,0,0,0,3,1,6,6,1,73,10,999,1,8,FORD C-MAX,-1,-1,0,-1
2023141327516,2023,141327516,1,9,0,3,3,5,2,0,0,1,0,0,0,0,2,1,6,6,2,48,8,1596,1,15,FORD C-MAX,1,E01007466,0,-1
2023211279773,2023,211279773,1,9,0,18,19,3,7,0,0,8,0,0,0,0,1,1,5,6,1,72,10,1560,2,8,FORD C-MAX,8,E01029616,0,-1
202360A066054,2023,60A066054,1,9,0,18,19,8,4,0,0,0,0,0,0,0,1,1,6,6,2,47,8,1499,2,6,FORD C-MAX,-1,-1,0,-1
2023631331989,2023,631331989,1,9,0,4,4,2,7,0,0,8,0,0,7,11,2,1,5,6,1,48,8,1753,2,14,FORD C-MAX,3,W01000479,0,-1
2023631358278,2023,631358278,1,9,0,16,19,7,3,0,0,0,0,0,0,0,1,1,6,6,1,37,7,1560,2,10,FORD C-MAX,1,E01007207,0,-1
2023071015579,2023,071015579,2,9,0,2,2,0,0,0,0,0,0,0,0,0,3,1,6,6,3,-1,-1,1596,1,15,FORD C-MAX,-1,-1,0,-1
2023340WN1922,2023,340WN1922,1,9,0,16,19,7,2,0,0,1,0,0,0,0,1,1,6,6,1,70,10,1560,2,9,FORD C-MAX,3,E01028452,0,-1
2023501280006,2023,501280006,1,9,0,4,4,7,3,0,0,1,0,0,0,0,1,1,6,6,2,47,8,999,1,4,FORD C-MAX,6,E01020243,0,-1
2023201296670,2023,201296670,1,9,0,11,11,7,2,0,0,3,0,0,0,0,4,1,6,6,1,44,7,1596,1,9,FORD C-MAX,6,E01009878,0,-1
2023552400165,2023,552400165,1,9,0,5,5,8,4,0,0,4,0,0,0,0,1,1,2,2,1,43,7,1596,1,11,FORD C-MAX,7,E01015354,0,-1
2023501300265,2023,501300265,3,9,0,2,2,0,0,0,0,0,0,0,0,0,2,1,6,6,1,76,11,998,1,8,FORD C-MAX,2,E01020280,0,-1
2023010470744,2023,010470744,2,9,0,99,99,9,9,99,99,9,9,99,9,99,9,9,6,6,3,-1,-1,1499,2,6,FORD C-MAX,-1,-1,0,-1
2023111348828,2023,111348828,2,9,0,18,19,1,5,0,0,1,0,0,0,0,1,1,5,6,1,81,11,998,1,9,FORD C-MAX,1,E01012359,0,-1
2023461295866,2023,461295866,1,9,0,18,19,3,6,0,0,8,0,0,0,0,1,1,6,6,2,55,8,1499,2,5,FORD C-MAX,9,E01024297,0,-1
2023010466186,2023,010466186,2,9,0,12,12,7,3,0,0,0,0,0,0,0,3,1,6,6,1,52,8,1596,1,7,FORD C-MAX,9,E01017993,0,-1
2023421350695,2023,421350695,1,9,0,18,19,3,7,0,0,0,0,0,0,0,1,1,5,6,1,93,11,998,1,10,FORD C-MAX,8,E01021533,0,-1
2023010427044,2023,010427044,2,9,0,99,99,9,9,99,99,9,9,99,9,99,1,9,6,6,3,-1,-1,1596,1,12,FORD C-MAX,-1,-1,0,-1
2023010469786,2023,010469786,3,9,0,4,4,5,1,0,0,0,0,0,0,0,2,1,6,6,1,49,8,1596,1,10,FORD C-MAX,5,E01003495,0,-1
2023010449626,2023,010449626,2,9,0,99,99,9,9,99,99,0,9,99,9,99,1,9,6,6,3,-1,-1,999,1,8,FORD C-MAX,-1,-1,0,-1
2023070765579,2023,070765579,1,9,0,18,19,3,7,0,0,0,0,0,0,0,1,1,6,6,1,-1,-1,1753,2,16,FORD C-MAX,-1,-1,0,-1
2023461395006,2023,461395006,3,9,0,2,2,0,0,0,0,0,0,0,0,0,3,1,6,6,3,-1,-1,1499,2,6,FORD C-MAX,-1,-1,0,-1
2023451288771,2023,451288771,2,9,0,18,19,3,1,0,0,2,0,0,0,0,1,1,6,6,1,63,9,1798,1,14,FORD C-MAX,8,E01030972,0,-1
2023461266707,2023,461266707,1,9,0,18,19,7,3,0,0,1,0,0,0,0,1,1,6,6,2,56,9,999,1,4,FORD C-MAX,7,E01016124,0,-1
2023010424964,2023,010424964,1,9,0,99,99,9,9,99,99,9,9,99,9,99,2,9,6,6,1,76,11,999,1,5,FORD C-MAX,3,E01001440,0,-1
2023471354229,2023,471354229,2,9,0,18,19,8,4,0,0,0,0,0,0,0,1,1,5,6,1,59,9,1753,2,13,FORD C-MAX,8,E01031815,0,-1
2023311267400,2023,311267400,1,9,0,18,19,1,1,0,0,0,1,7,1,10,4,1,5,6,1,47,8,998,1,9,FORD C-MAX,6,E01028316,0,-1
2023440367570,2023,440367570,2,9,0,18,19,4,8,0,0,0,0,0,0,0,1,1,6,6,1,51,8,1997,2,9,FORD C-MAX,3,E01017051,0,-1
2023010424812,2023,010424812,1,9,0,7,7,7,1,0,0,1,0,0,0,0,4,1,6,6,1,61,9,1596,1,10,FORD C-MAX,1,E01002760,0,-1
2023991272171,2023,991272171,1,9,0,4,4,7,3,0,0,1,0,0,0,0,3,1,6,6,1,79,11,1499,2,7,FORD C-MAX,-1,-1,0,-1
2023351276003,2023,351276003,1,9,0,18,19,6,2,0,0,0,0,0,7,0,4,1,1,1,2,69,10,1596,1,12,FORD C-MAX,4,E01018062,0,-1
2023461295866,2023,461295866,2,9,0,9,9,6,2,0,0,8,0,0,0,0,2,1,6,6,1,56,9,1997,2,8,FORD C-MAX,1,E01024305,0,-1
2023061334148,2023,061334148,1,9,0,7,7,6,7,0,0,2,0,0,0,0,1,1,6,6,2,56,9,1499,2,7,FORD C-MAX,-1,-1,0,-1
2023302300416,2023,302300416,1,9,0,1,1,4,8,0,0,2,0,0,1,0,2,1,6,6,1,-1,-1,1999,1,13,FORD C-MAX,10,E01029454,0,-1
2023461390398,2023,461390398,1,9,0,15,15,4,6,0,0,0,1,0,0,0,4,1,6,6,1,39,7,1997,2,9,FORD C-MAX,3,E01024280,0,-1
2023211346059,2023,211346059,3,9,0,5,5,2,4,0,0,0,0,0,0,0,1,1,5,6,1,44,7,1596,1,9,FORD C-MAX,6,E01010115,0,-1
2023010462560,2023,010462560,3,9,0,18,19,7,3,0,0,2,0,0,0,0,4,1,6,6,2,37,7,1999,1,15,FORD C-MAX,3,E01003348,0,-1
2023221399889,2023,221399889,1,9,0,18,19,3,7,0,0,0,0,0,0,0,1,1,6,6,1,64,9,1499,2,8,FORD C-MAX,6,E01032213,0,-1
2023010433581,2023,010433581,2,9,0,2,2,0,0,9,9,1,0,0,1,2,3,1,6,6,3,-1,-1,1596,1,7,FORD C-MAX,-1,-1,0,-1
2023361301591,2023,361301591,1,9,0,18,19,4,8,0,0,0,0,0,0,0,1,1,6,6,1,37,7,1499,2,6,FORD C-MAX,5,E01026464,0,-1
2023401379441,2023,401379441,1,9,0,4,4,5,1,0,0,1,0,0,0,0,3,1,6,6,1,49,8,999,1,6,FORD C-MAX,4,E01017469,0,-1
2023361347806,2023,361347806,1,9,0,18,19,7,3,0,0,0,1,0,0,0,4,1,6,6,1,-1,-1,1596,1,8,FORD C-MAX,10,E01018249,0,-1
2023520301010,2023,520301010,2,9,0,18,19,8,4,0,0,8,0,0,0,0,1,1,6,6,1,85,11,1997,2,11,FORD C-MAX,8,E01029205,0,-1
2023010442443,2023,010442443,2,9,0,4,4,6,2,0,0,0,0,0,0,0,2,1,2,2,1,43,7,999,1,5,FORD C-MAX,4,E01021451,0,-1
2023351330456,2023,351330456,2,9,0,-1,-1,3,1,0,0,8,0,0,0,0,3,1,5,6,2,43,7,1596,1,11,FORD C-MAX,3,E01026042,0,-1
2023141344773,2023,141344773,1,9,0,18,19,6,2,9,9,0,0,0,3,0,1,1,5,6,2,81,11,1997,2,12,FORD C-MAX,5,E01007608,0,-1
2023201400627,2023,201400627,2,9,0,8,8,4,6,0,0,1,0,0,0,0,2,1,6,6,1,33,6,1753,2,15,FORD C-MAX,6,E01009586,0,-1
2023061354983,2023,061354983,2,9,0,3,3,5,1,0,0,0,0,0,0,0,2,1,5,6,2,45,7,1499,2,8,FORD C-MAX,5,E01005362,0,-1
2023041287901,2023,041287901,2,9,0,18,19,3,7,0,0,0,0,0,0,0,4,1,1,1,2,30,6,1596,1,5,FORD C-MAX,1,E01025219,0,-1
2023010446819,2023,010446819,1,9,0,18,19,7,3,0,0,0,0,0,0,0,1,1,6,6,1,21,5,1999,1,14,FORD C-MAX,1,E01004757,0,-1
2023430405711,2023,430405711,2,9,0,18,19,8,4,0,0,8,0,0,0,0,1,1,6,6,1,40,7,1560,2,9,FORD C-MAX,-1,-1,0,-1
2023221344138,2023,221344138,1,9,0,5,5,6,2,0,0,1,0,0,0,0,4,1,6,6,1,42,7,1753,2,15,FORD C-MAX,2,E01032311,0,-1
2023311296773,2023,311296773,1,9,0,3,3,3,7,0,0,0,0,0,0,0,1,1,6,6,2,56,9,1560,2,8,FORD C-MAX,3,E01028259,0,-1
2023010456751,2023,010456751,2,9,0,2,2,0,0,0,0,0,0,0,0,0,2,1,6,6,3,-1,-1,1997,2,12,FORD C-MAX,-1,-1,0,-1
2023421372531,2023,421372531,2,9,0,3,3,5,1,0,0,0,1,0,1,0,2,1,6,6,2,26,6,1999,1,16,FORD C-MAX,7,E01021981,0,-1
2023302400013,2023,302400013,1,9,0,18,19,1,5,0,0,2,0,0,1,7,3,1,6,6,1,38,7,998,1,9,FORD C-MAX,10,E01006081,0,-1
2023340WN5742,2023,340WN5742,1,9,0,9,9,8,4,0,0,8,0,0,0,0,1,1,1,1,1,32,6,1560,2,11,FORD C-MAX,-1,-1,0,-1
2023401275535,2023,401275535,1,9,0,7,7,7,1,0,0,6,0,0,0,0,1,1,6,6,1,41,7,1997,2,8,FORD C-MAX,2,E01015791,0,-1
2023320744356,2023,320744356,1,9,0,18,19,2,6,0,0,0,1,0,7,9,3,1,6,6,2,79,11,1997,2,7,FORD C-MAX,4,E01026079,0,-1
2023311267851,2023,311267851,2,9,0,3,3,1,5,0,0,0,0,0,0,0,2,1,5,6,2,33,6,1499,2,7,FORD C-MAX,5,E01028243,0,-1
2023131323265,2023,131323265,1,9,0,17,19,5,7,0,0,8,0,0,0,0,1,1,5,6,1,77,11,1997,2,9,FORD C-MAX,1,E01011803,0,-1
2023361269352,2023,361269352,2,9,0,18,19,1,1,0,0,0,0,0,1,0,2,1,2,2,2,28,6,1596,1,11,FORD C-MAX,1,E01026827,0,-1
2023522301589,2023,522301589,1,9,0,10,10,6,4,0,0,1,0,0,0,0,2,1,6,6,1,36,7,999,1,7,FORD C-MAX,7,E01014860,0,-1
2023111278821,2023,111278821,2,9,0,18,19,6,3,0,0,1,0,0,0,0,1,1,6,6,2,51,8,1499,2,6,FORD C-MAX,3,E01012326,0,-1
2023122301189,2023,122301189,2,9,0,4,4,3,7,0,0,0,0,0,0,0,2,1,6,6,2,41,7,1753,2,16,FORD C-MAX,8,E01027836,0,-1
2023031346127,2023,031346127,2,9,0,9,9,4,2,0,0,8,0,0,0,0,3,1,5,6,1,34,6,1499,2,6,FORD C-MAX,6,E01019213,0,-1
2023070685493,2023,070685493,1,9,0,1,1,3,7,0,0,0,0,0,0,0,2,1,6,6,2,54,8,1560,2,10,FORD C-MAX,2,E01012442,0,-1
2023201365875,2023,201365875,2,9,0,12,12,1,5,0,0,0,0,0,0,0,2,1,6,6,2,53,8,1596,1,7,FORD C-MAX,4,E01010323,0,-1
2023421282487,2023,421282487,1,9,0,5,5,3,7,0,0,4,0,0,0,0,1,1,2,2,2,36,7,1560,2,10,FORD C-MAX,7,E01029913,0,-1
2023371304427,2023,371304427,2,9,0,16,19,8,4,0,0,0,0,0,0,0,1,1,6,6,2,35,6,1753,2,13,FORD C-MAX,2,E01026478,0,-1
2023461366003,2023,461366003,1,9,0,18,19,4,8,0,0,0,1,0,0,0,4,1,6,6,1,72,10,999,1,6,FORD C-MAX,10,E01024344,0,-1
2023471266624,2023,471266624,1,9,0,16,19,1,4,0,0,0,1,0,6,0,4,1,6,6,1,32,6,1798,1,16,FORD C-MAX,8,E01031776,0,-1
2023041292459,2023,041292459,1,9,0,18,19,1,1,0,0,1,0,11,0,0,1,1,5,6,1,75,10,999,1,4,FORD C-MAX,1,E01025112,0,-1
2023501299579,2023,501299579,2,9,0,4,4,7,3,0,0,0,0,1,0,0,2,1,6,6,1,43,7,1560,2,14,FORD C-MAX,7,E01015127,0,-1
2023501349375,2023,501349375,2,9,0,3,3,5,1,0,0,0,0,0,0,0,2,1,1,1,1,43,7,998,1,9,FORD C-MAX,5,E01019992,0,-1
2023430546901,2023,430546901,1,9,0,7,7,2,4,0,0,6,0,0,0,0,4,1,6,6,1,30,6,1596,1,14,FORD C-MAX,-1,-1,0,-1
2023430187464,2023,430187464,1,9,0,18,19,6,2,0,0,2,0,0,0,0,1,1,6,6,2,-1,-1,1999,1,15,FORD C-MAX,-1,-1,0,-1
2023531315750,2023,531315750,1,9,0,18,19,3,7,0,0,1,0,0,1,0,1,1,6,6,1,78,11,999,1,5,FORD C-MAX,4,E01022161,0,-1
2023451391897,2023,451391897,1,9,0,2,2,0,0,0,0,0,0,0,0,0,2,1,5,6,2,46,8,1596,1,12,FORD C-MAX,10,E01030365,0,-1
2023430309176,2023,430309176,2,9,0,18,19,4,8,0,0,8,0,0,1,11,3,1,6,6,2,41,7,1596,1,16,FORD C-MAX,9,E01016572,0,-1
2023010452275,2023,010452275,1,9,0,99,99,9,9,99,99,0,9,99,9,99,9,9,1,1,1,36,7,1596,1,13,FORD C-MAX,5,E01001294,0,-1
2023201278830,2023,201278830,1,9,0,18,19,7,3,0,0,6,0,0,0,0,1,1,6,6,2,36,7,1997,2,12,FORD C-MAX,9,E01010328,0,-1
2023010476672,2023,010476672,3,9,0,18,19,5,1,0,0,1,0,4,0,0,1,1,6,6,2,43,7,999,1,6,FORD C-MAX,8,E01000777,0,-1
2023340NN2942,2023,340NN2942,2,9,0,18,19,4,8,0,0,0,0,0,0,1,1,1,6,6,1,42,7,1596,1,16,FORD C-MAX,5,E01026973,0,-1
2023522301222,2023,522301222,1,9,0,17,19,7,5,0,0,2,0,0,0,0,3,1,6,6,1,45,7,1596,1,13,FORD C-MAX,2,E01014977,0,-1
2023302301463,2023,302301463,2,9,0,18,19,8,4,0,0,1,0,0,0,0,1,1,6,6,1,70,10,1997,2,12,FORD C-MAX,9,E01019670,0,-1
2023131260585,2023,131260585,1,9,0,18,19,5,5,0,0,2,0,0,0,0,1,1,2,2,1,35,6,1997,2,11,FORD C-MAX,6,E01011636,0,-1
2023340NN0082,2023,340NN0082,2,9,0,4,4,3,7,0,0,0,0,0,0,0,1,1,6,6,2,38,7,1560,2,12,FORD C-MAX,8,E01027335,0,-1
2023122300189,2023,122300189,1,9,0,18,19,3,7,0,0,2,0,0,0,0,1,1,2,2,2,51,8,1798,1,15,FORD C-MAX,2,E01027812,0,-1
2023421384313,2023,421384313,2,9,0,18,19,7,3,0,0,8,0,0,0,0,1,1,2,2,2,39,7,1596,1,10,FORD C-MAX,4,E01021287,0,-1
2023371296406,2023,371296406,2,9,0,18,19,7,3,0,0,0,0,0,1,0,3,1,5,6,2,44,7,1596,1,6,FORD C-MAX,5,E01030187,0,-1
2023041278113,2023,041278113,1,9,0,18,19,7,3,0,0,0,0,0,0,0,0,1,5,6,2,55,8,1596,1,8,FORD C-MAX,6,-1,0,-1
2023131304637,2023,131304637,2,9,0,2,2,4,2,0,0,0,0,0,0,0,3,1,6,6,3,-1,-1,1596,1,13,FORD C-MAX,-1,-1,0,-1
2023061392911,2023,061392911,1,9,0,18,19,6,2,0,0,0,0,0,0,0,1,1,5,6,1,49,8,999,1,7,FORD C-MAX,1,E01004946,0,-1
2023471333604,2023,471333604,1,9,0,9,9,6,5,0,0,6,0,0,0,0,1,1,6,6,1,58,9,1560,2,12,FORD C-MAX,9,E01030492,0,-1
2023552300123,2023,552300123,1,9,0,18,19,6,2,0,0,3,0,0,0,0,1,1,6,6,2,36,7,1560,2,9,FORD C-MAX,2,E01015304,0,-1
2023201370159,2023,201370159,1,9,0,18,19,6,2,0,0,1,0,0,0,0,4,1,2,2,2,46,8,1596,1,8,FORD C-MAX,7,E01031286,0,-1