collision_index,collision_year,collision_ref_no,vehicle_reference,vehicle_type,towing_and_articulation,vehicle_manoeuvre_historic,vehicle_manoeuvre,vehicle_direction_from,vehicle_direction_to,vehicle_location_restricted_lane_historic,vehicle_location_restricted_lane,junction_location,skidding_and_overturning,hit_object_in_carriageway,vehicle_leaving_carriageway,hit_object_off_carriageway,first_point_of_impact,vehicle_left_hand_drive,journey_purpose_of_driver_historic,journey_purpose_of_driver,sex_of_driver,age_of_driver,age_band_of_driver,engine_capacity_cc,propulsion_code,age_of_vehicle,generic_make_model,driver_imd_decile,lsoa_of_driver,escooter_flag,driver_distance_banding
2023401308355,2023,401308355,1,9,0,5,5,5,1,0,0,0,0,0,0,0,4,1,6,6,3,-1,-1,1560,2,9,FORD C-MAX,-1,-1,0,-1
2023440523500,2023,440523500,2,9,0,17,19,1,6,0,0,0,0,0,0,0,1,1,6,6,1,54,8,999,1,6,FORD C-MAX,8,E01022815,0,-1
2023010439006,2023,010439006,1,9,0,99,99,9,9,99,99,9,9,99,9,99,2,9,6,6,2,55,8,1596,1,16,FORD C-MAX,7,E01001120,0,-1
2023991294698,2023,991294698,1,9,0,18,19,1,5,0,0,0,5,0,1,7,4,1,5,6,1,79,11,1997,2,9,FORD C-MAX,9,-1,0,-1
2023141316998,2023,141316998,1,9,0,14,14,5,1,0,0,0,0,0,0,0,4,1,2,2,1,39,7,1560,2,12,FORD C-MAX,6,E01008154,0,-1
2023531351000,2023,531351000,1,9,0,18,19,7,3,0,0,4,0,0,0,0,3,1,3,7,2,31,6,1997,2,12,FORD C-MAX,5,E01014053,0,-1
2023201298405,2023,201298405,6,9,0,2,2,0,0,0,0,0,0,0,0,0,4,1,6,6,2,51,8,1560,2,10,FORD C-MAX,1,E01009194,0,-1
2023440251919,2023,440251919,1,9,0,4,4,4,8,0,0,1,0,0,0,0,2,1,3,7,1,32,6,1560,2,9,FORD C-MAX,9,E01022611,0,-1
2023461297111,2023,461297111,2,9,0,18,19,5,1,2,2,0,0,0,0,0,2,1,1,1,1,53,8,1997,2,12,FORD C-MAX,9,E01024454,0,-1
2023010466227,2023,010466227,1,9,0,9,9,1,7,0,0,6,0,0,0,0,1,1,6,6,3,-1,-1,1798,1,16,FORD C-MAX,-1,-1,0,-1
2023471295499,2023,471295499,3,9,0,2,2,0,0,0,0,0,0,4,0,0,4,1,6,6,3,-1,-1,1596,1,12,FORD C-MAX,-1,-1,0,-1
2023546387823,2023,546387823,1,9,0,18,19,8,5,0,0,1,0,10,1,4,1,1,6,6,1,72,10,999,1,8,FORD C-MAX,7,E01020481,0,-1
2023010456274,2023,010456274,2,9,0,5,5,5,1,0,0,1,0,0,0,0,2,1,6,6,1,62,9,1999,1,15,FORD C-MAX,8,E01003897,0,-1
2023052300216,2023,052300216,1,9,0,18,19,4,8,0,0,0,5,0,4,2,1,1,6,6,1,68,10,1753,2,15,FORD C-MAX,3,E01006799,0,-1
2023430023432,2023,430023432,3,9,0,3,3,7,3,0,0,0,0,0,0,0,2,1,6,6,2,42,7,1560,2,10,FORD C-MAX,8,E01016794,0,-1
2023471345281,2023,471345281,1,9,0,5,5,8,4,0,0,1,5,0,0,0,3,1,5,6,1,68,10,999,1,4,FORD C-MAX,3,E01031366,0,-1
2023371364738,2023,371364738,2,9,0,18,19,5,1,0,0,8,0,0,0,0,3,1,5,6,1,40,7,1560,2,10,FORD C-MAX,4,E01030270,0,-1
2023221308731,2023,221308731,2,9,0,18,19,5,1,0,0,8,0,0,0,0,1,1,5,6,2,78,11,1596,1,9,FORD C-MAX,9,E01028855,0,-1
2023010428909,2023,010428909,3,9,0,99,99,9,9,99,99,0,9,99,9,99,1,9,6,6,3,-1,-1,1999,1,14,FORD C-MAX,-1,-1,0,-1
2023430529769,2023,430529769,2,9,0,18,19,8,4,0,0,2,0,0,0,0,3,1,6,6,2,45,7,1596,1,11,FORD C-MAX,10,E01016659,0,-1
2023131365666,2023,131365666,2,9,0,18,19,3,3,0,0,8,0,0,6,11,4,1,6,6,1,80,11,1997,2,9,FORD C-MAX,3,E01006054,0,-1
2023320375995,2023,320375995,1,9,0,18,19,8,4,0,0,6,0,0,0,0,1,1,6,6,1,58,9,1596,1,11,FORD C-MAX,1,E01012245,0,-1
2023061274451,2023,061274451,2,9,0,4,4,5,1,0,0,0,0,0,0,0,2,1,6,6,1,57,9,1598,1,16,FORD C-MAX,-1,-1,0,-1
2023471381501,2023,471381501,1,9,0,18,19,5,1,0,0,0,0,0,0,0,4,1,5,6,2,41,7,1560,2,12,FORD C-MAX,6,E01031468,0,-1
2023461300375,2023,461300375,5,9,0,2,2,0,0,0,0,0,0,0,0,0,4,1,6,6,1,36,7,1596,1,11,FORD C-MAX,4,E01024179,0,-1
2023122300518,2023,122300518,2,9,0,18,19,1,5,0,0,1,0,0,0,0,1,1,6,6,2,55,8,1499,2,8,FORD C-MAX,3,E01013399,0,-1
2023201299250,2023,201299250,2,9,0,4,4,8,4,0,0,1,0,0,0,0,2,1,6,6,2,37,7,1560,2,11,FORD C-MAX,7,E01009975,0,-1
2023170S11913,2023,170S11913,2,9,0,14,14,4,8,0,0,1,0,0,0,0,1,1,6,6,1,44,7,1560,2,8,FORD C-MAX,5,E01008643,0,-1
2023471275371,2023,471275371,2,9,0,7,7,5,7,0,0,6,0,0,1,0,1,1,5,6,2,46,8,1596,1,15,FORD C-MAX,4,E01031575,0,-1
2023522400225,2023,522400225,2,9,0,18,19,1,5,0,0,8,0,0,0,0,1,1,6,6,2,38,7,1560,2,11,FORD C-MAX,3,E01014690,0,-1
2023371361372,2023,371361372,2,9,0,18,19,1,5,0,0,0,0,0,0,0,2,1,6,6,2,38,7,1560,2,11,FORD C-MAX,-1,-1,0,-1
2023461303220,2023,461303220,2,9,0,4,4,7,3,0,0,1,0,0,0,0,0,1,3,7,2,34,6,1753,2,15,FORD C-MAX,2,E01024677,0,-1
2023141354615,2023,141354615,2,9,0,5,5,6,3,0,0,2,0,0,0,0,1,1,6,6,2,35,6,1560,2,15,FORD C-MAX,2,E01007578,0,-1
2023451364803,2023,451364803,2,9,0,18,19,1,5,0,0,1,0,7,1,0,1,1,1,1,2,25,5,1596,1,15,FORD C-MAX,8,E01030784,0,-1
2023141389246,2023,141389246,1,9,0,7,7,1,4,0,0,8,5,0,0,0,1,1,6,6,3,-1,-1,1596,1,15,FORD C-MAX,-1,-1,0,-1
202360A180195,2023,60A180195,1,9,0,18,19,6,2,0,0,0,0,0,0,0,1,1,6,6,2,54,8,1560,2,12,FORD C-MAX,-1,-1,0,-1
2023351390471,2023,351390471,1,9,0,16,19,1,5,0,0,0,2,0,7,1,1,1,5,6,1,56,9,1596,1,8,FORD C-MAX,5,E01018157,0,-1
2023131373554,2023,131373554,2,9,0,18,19,1,5,0,0,0,0,0,0,0,2,1,5,6,1,44,7,1560,2,10,FORD C-MAX,1,E01011431,0,-1
2023340WN7302,2023,340WN7302,1,9,0,18,19,1,5,0,0,1,0,0,0,7,1,1,6,6,3,-1,-1,1999,1,15,FORD C-MAX,-1,-1,0,-1
2023010422244,2023,010422244,1,9,0,18,19,5,1,0,0,0,1,0,0,0,1,1,6,6,3,-1,-1,1798,1,14,FORD C-MAX,-1,-1,0,-1
2023461382388,2023,461382388,1,9,0,9,9,3,1,0,0,0,0,0,0,0,1,1,6,6,2,46,8,1596,1,12,FORD C-MAX,8,E01024354,0,-1
202360A047048,2023,60A047048,2,8,0,5,5,5,1,0,0,8,0,0,0,0,1,1,1,1,1,26,6,1499,2,5,-1,-1,-1,0,-1
2023010440251,2023,010440251,1,9,0,3,3,5,1,0,0,1,0,0,0,0,1,1,6,6,1,46,8,1499,2,7,FORD C-MAX,2,E01004211,0,-1
2023361321452,2023,361321452,1,9,0,13,13,5,3,0,0,0,0,0,7,0,4,1,2,2,2,47,8,1753,2,15,FORD C-MAX,3,E01026465,0,-1
2023451304530,2023,451304530,2,9,0,18,19,5,1,0,0,0,0,4,0,0,1,1,6,6,1,59,9,1560,2,10,FORD C-MAX,10,E01030810,0,-1
2023361371287,2023,361371287,1,9,0,18,19,7,3,0,0,0,0,0,0,0,4,1,2,2,1,36,7,999,1,5,FORD C-MAX,8,E01026563,0,-1
2023461387925,2023,461387925,2,9,0,18,19,1,5,0,0,1,0,0,0,0,4,1,2,2,2,40,7,1798,1,13,FORD C-MAX,10,E01024765,0,-1
2023211377159,2023,211377159,1,9,0,9,9,1,2,0,0,1,0,0,0,0,1,1,6,6,1,45,7,999,1,5,FORD C-MAX,-1,-1,0,-1
2023501371292,2023,501371292,1,9,0,18,19,1,5,0,0,2,0,0,0,0,4,1,6,6,2,44,7,1596,1,14,FORD C-MAX,1,E01015078,0,-1
2023010442863,2023,010442863,2,9,0,99,99,9,9,99,99,9,9,99,9,99,9,9,6,6,3,-1,-1,1596,1,11,FORD C-MAX,-1,-1,0,-1
2023546741623,2023,546741623,2,9,0,4,4,6,2,0,0,1,0,0,0,0,1,1,6,6,2,47,8,1798,1,14,FORD C-MAX,2,E01015573,0,-1
2023141340735,2023,141340735,1,9,0,7,7,2,4,0,0,8,0,0,0,0,2,1,5,6,1,54,8,999,1,6,FORD C-MAX,6,E01007894,0,-1
2023461283358,2023,461283358,1,9,0,1,1,3,1,0,0,1,0,0,0,0,2,1,6,6,1,54,8,1560,2,9,FORD C-MAX,4,E01016135,0,-1
2023430337911,2023,430337911,1,9,0,5,5,6,4,0,0,1,0,0,0,0,3,1,6,6,1,25,5,1997,2,11,FORD C-MAX,-1,-1,0,-1
2023010428775,2023,010428775,2,9,0,99,99,9,9,99,99,9,9,99,9,99,4,9,6,6,3,-1,-1,1596,1,15,FORD C-MAX,-1,-1,0,-1
2023440459586,2023,440459586,1,9,0,18,19,7,3,0,0,1,0,0,0,0,3,1,3,7,2,31,6,998,1,9,FORD C-MAX,6,E01017320,0,-1
2023451354112,2023,451354112,2,9,0,18,19,1,3,0,0,8,0,0,0,0,1,1,1,1,1,45,7,1596,1,12,FORD C-MAX,6,E01004107,0,-1
2023061292190,2023,061292190,2,9,0,18,19,8,4,0,0,0,0,0,0,0,1,1,6,6,2,63,9,1997,2,6,FORD C-MAX,10,E01004807,0,-1
2023231358337,2023,231358337,2,9,0,18,19,1,5,0,0,8,0,0,0,0,1,1,5,6,1,64,9,1596,1,14,FORD C-MAX,2,E01031075,0,-1
2023052302892,2023,052302892,2,9,0,4,4,1,5,0,0,4,0,0,0,0,2,1,6,6,2,31,6,1798,1,16,FORD C-MAX,5,E01007042,0,-1
2023461353423,2023,461353423,2,9,0,18,19,1,5,0,0,0,0,0,0,0,2,1,6,6,1,52,8,1498,1,4,FORD C-MAX,10,E01024470,0,-1
2023311269475,2023,311269475,2,9,0,9,9,1,7,0,0,3,0,0,0,0,3,1,5,6,1,42,7,1499,2,8,FORD C-MAX,3,E01027955,0,-1
2023031390299,2023,031390299,1,9,0,10,10,-1,-1,0,0,1,0,0,0,0,2,1,5,6,1,-1,-1,1798,1,15,FORD C-MAX,-1,-1,0,-1
2023070205898,2023,070205898,1,9,0,18,19,3,7,0,0,1,0,0,0,0,1,1,6,6,1,57,9,1499,2,7,FORD C-MAX,10,E01018693,0,-1
2023010441137,2023,010441137,2,9,0,16,19,3,5,0,0,3,0,0,0,0,4,2,6,6,1,80,11,1997,2,8,FORD C-MAX,3,E01003688,0,-1
2023471372894,2023,471372894,1,9,0,18,19,7,1,0,0,8,0,0,0,0,3,1,3,7,1,68,10,1596,1,15,FORD C-MAX,9,E01031391,0,-1
2023461303578,2023,461303578,3,9,0,2,2,0,0,0,0,0,0,0,0,0,3,1,6,6,1,57,9,1599,1,17,-1,2,E01024081,0,-1
2023411344598,2023,411344598,2,5,0,7,7,4,1,0,0,3,5,0,0,0,2,1,5,6,1,42,7,1202,1,13,-1,10,E01023702,0,-1
2023010450273,2023,010450273,1,3,0,99,99,9,9,99,99,9,9,99,9,99,1,1,6,6,1,68,10,125,1,3,-1,9,E01002997,0,-1
2023010481045,2023,010481045,1,9,0,18,19,3,7,0,0,2,0,0,0,0,1,1,6,6,1,46,8,2336,1,15,-1,7,E01002343,0,-1
2023010455365,2023,010455365,2,9,0,99,99,9,9,99,99,9,9,99,9,99,9,9,6,6,3,-1,-1,1990,1,13,-1,3,E01003438,0,-1
2023501321030,2023,501321030,2,9,0,18,19,5,1,0,0,0,0,0,0,0,2,1,5,6,2,55,8,1990,1,16,-1,3,E01020294,0,-1
2023010483323,2023,010483323,1,9,0,4,4,6,2,0,0,0,0,0,0,0,2,1,6,6,1,57,9,1990,1,11,-1,8,E01003812,0,-1
2023622300105,2023,622300105,2,3,0,18,19,8,4,0,0,1,1,0,0,0,4,1,6,6,1,56,9,125,1,3,-1,3,W01000961,0,-1
2023340WN2892,2023,340WN2892,2,3,0,18,19,5,1,0,0,0,0,0,1,9,1,1,2,2,1,17,4,125,1,11,-1,2,E01027128,0,-1
2023332301025,2023,332301025,1,3,0,18,19,3,7,0,0,8,0,0,0,0,4,1,1,1,1,44,7,125,1,12,-1,6,E01013710,0,-1
2023010470711,2023,010470711,3,9,0,18,19,1,5,0,0,0,0,0,0,0,2,9,6,6,3,-1,-1,3799,1,7,-1,-1,-1,0,-1
2023010433421,2023,010433421,1,9,0,18,19,3,7,0,0,0,0,10,0,0,4,1,6,6,1,35,6,3799,1,5,-1,4,E01024142,0,-1
2023010468658,2023,010468658,1,8,0,99,99,9,9,99,99,9,9,99,9,99,9,9,1,1,1,33,6,-1,3,2,-1,5,E01004579,0,-1
2023631324438,2023,631324438,1,9,0,18,19,4,8,0,0,0,0,0,1,10,1,1,5,6,2,46,8,-1,3,2,-1,8,W01000453,0,-1
2023010463293,2023,010463293,1,9,0,18,19,3,7,0,0,1,0,0,0,0,4,1,6,6,1,73,10,-1,3,0,-1,2,E01002709,0,-1
2023010470730,2023,010470730,1,9,0,99,99,9,9,99,99,9,9,99,9,99,9,9,1,1,1,44,7,-1,3,2,-1,10,E01021242,0,-1
2023052300714,2023,052300714,1,9,0,18,19,5,1,0,0,1,0,0,0,0,1,1,6,6,1,44,7,-1,3,2,-1,2,E01006508,0,-1
2023471315084,2023,471315084,2,9,0,4,4,5,1,0,0,1,0,0,1,1,3,1,2,2,1,32,6,2143,2,6,MERCEDES GLC CLASS,2,E01031437,0,-1
2023010419544,2023,010419544,1,9,0,9,9,1,7,0,0,5,0,0,7,0,1,1,6,6,1,29,6,1991,1,4,MERCEDES GLC CLASS,6,E01000590,0,-1
2023461356523,2023,461356523,4,9,0,18,19,0,0,0,0,0,0,0,0,0,0,1,6,6,3,-1,-1,2143,2,7,MERCEDES GLC CLASS,-1,-1,0,-1
2023010420924,2023,010420924,2,9,0,18,19,4,8,0,0,1,0,0,0,0,1,1,6,6,1,33,6,2143,2,6,MERCEDES GLC CLASS,3,E01003989,0,-1
2023501299579,2023,501299579,6,9,0,4,4,7,3,0,0,0,0,1,0,0,4,1,6,6,2,61,9,2143,2,5,MERCEDES GLC CLASS,5,E01020148,0,-1
2023451373173,2023,451373173,1,9,0,18,19,7,3,0,0,0,0,0,0,0,1,1,5,6,2,63,9,1950,2,2,MERCEDES GLC CLASS,7,E01031766,0,-1
2023161373731,2023,161373731,2,9,0,12,12,2,6,0,0,0,0,0,0,0,1,1,6,6,2,36,7,2143,2,5,MERCEDES GLC CLASS,2,E01012903,0,-1
2023421338140,2023,421338140,3,9,0,18,19,2,6,0,0,0,0,0,0,0,2,1,5,6,2,35,6,2143,2,5,MERCEDES GLC CLASS,10,E01026537,0,-1
2023371331752,2023,371331752,1,9,0,18,19,1,5,0,0,0,0,0,0,0,1,1,1,1,1,55,8,2143,2,7,MERCEDES GLC CLASS,4,E01030225,0,-1
2023231331438,2023,231331438,4,9,0,2,2,0,0,6,6,0,0,0,0,0,2,1,6,6,3,-1,-1,1950,2,1,MERCEDES GLC CLASS,-1,-1,0,-1
2023010459914,2023,010459914,1,9,0,7,7,1,3,0,0,8,0,0,0,0,0,1,6,6,1,71,10,1950,2,4,MERCEDES GLC CLASS,4,E01000612,0,-1
2023552300756,2023,552300756,1,9,0,2,2,0,0,0,0,0,0,0,0,0,4,1,6,6,3,-1,-1,2143,2,6,MERCEDES GLC CLASS,-1,-1,0,-1
2023010421294,2023,010421294,3,9,0,3,3,5,1,0,0,1,0,0,0,0,2,2,6,6,1,34,6,2143,2,6,MERCEDES GLC CLASS,4,E01000965,0,-1
2023052300113,2023,052300113,1,9,0,18,19,5,1,0,0,0,0,0,0,0,1,1,6,6,2,47,8,2143,2,4,MERCEDES GLC CLASS,7,E01007211,0,-1
2023471376047,2023,471376047,2,9,0,3,3,5,1,0,0,4,0,0,0,0,2,1,5,6,2,33,6,1950,2,3,MERCEDES GLC CLASS,2,E01031819,0,-1
2023131286191,2023,131286191,1,9,0,18,19,5,1,0,0,2,0,0,0,0,1,1,5,6,1,43,7,1950,2,3,MERCEDES GLC CLASS,8,E01011934,0,-1
2023010445975,2023,010445975,1,9,3,4,4,7,3,0,0,1,0,0,0,0,1,1,6,6,2,42,7,1950,2,1,MERCEDES GLC CLASS,3,E01003537,0,-1
2023501371210,2023,501371210,1,9,0,10,10,7,6,0,0,1,0,0,0,0,1,1,6,6,1,50,8,2143,2,4,MERCEDES GLC CLASS,5,E01032629,0,-1
2023471342074,2023,471342074,2,9,0,4,4,2,6,0,0,0,0,0,0,0,1,1,5,6,2,58,9,1991,8,2,MERCEDES GLC CLASS,4,E01024086,0,-1
2023041350760,2023,041350760,3,9,0,18,19,3,7,0,0,0,0,0,0,0,1,1,6,6,1,53,8,2143,2,4,MERCEDES GLC CLASS,5,E01012468,0,-1
2023461377106,2023,461377106,1,9,0,18,19,5,2,0,0,2,0,0,7,2,1,1,6,6,1,38,7,1950,2,4,MERCEDES GLC CLASS,4,E01024162,0,-1
2023351370282,2023,351370282,2,9,0,3,3,1,5,0,0,8,0,0,0,0,2,1,6,6,1,43,7,2143,2,7,MERCEDES GLC CLASS,10,E01017955,0,-1
2023531320448,2023,531320448,2,9,0,2,2,0,0,0,0,8,0,0,0,0,2,1,6,6,3,-1,-1,1991,1,5,MERCEDES GLC CLASS,-1,-1,0,-1
2023461399066,2023,461399066,2,9,0,18,19,8,4,0,0,0,0,0,4,0,1,1,6,6,1,32,6,1950,2,3,MERCEDES GLC CLASS,9,E01024268,0,-1
2023010437827,2023,010437827,1,9,0,18,19,8,4,0,0,1,0,4,0,0,1,1,6,6,1,32,6,1950,2,2,MERCEDES GLC CLASS,4,E01001686,0,-1
2023010460948,2023,010460948,1,9,0,99,99,9,9,0,0,9,9,99,9,99,2,9,2,2,1,25,5,2143,2,7,MERCEDES GLC CLASS,3,E01001338,0,-1
2023010461114,2023,010461114,1,9,0,18,19,3,7,0,0,8,1,0,1,11,1,1,6,6,2,62,9,2143,2,6,MERCEDES GLC CLASS,9,E01000266,0,-1
2023010432923,2023,010432923,3,9,0,18,19,3,7,0,0,0,0,0,0,0,2,1,6,6,1,37,7,2143,2,5,MERCEDES GLC CLASS,9,E01002259,0,-1
2023010483254,2023,010483254,1,9,0,3,3,5,1,0,0,3,0,0,0,0,2,1,6,6,2,40,7,1991,1,4,MERCEDES GLC CLASS,2,E01000533,0,-1
2023071148055,2023,071148055,2,9,0,5,5,5,1,0,0,1,0,0,0,0,1,1,6,6,2,32,6,1950,2,2,MERCEDES GLC CLASS,-1,-1,0,-1
2023552301132,2023,552301132,1,9,0,18,19,6,2,0,0,0,0,0,0,0,1,1,6,6,3,-1,-1,2143,2,6,MERCEDES GLC CLASS,-1,-1,0,-1
2023010471605,2023,010471605,1,9,0,4,4,7,3,0,0,1,0,0,0,0,1,1,6,6,1,57,9,2143,2,6,MERCEDES GLC CLASS,2,E01000103,0,-1
2023430388830,2023,430388830,1,9,0,18,19,5,1,0,0,8,0,0,0,0,3,1,3,7,1,49,8,1950,2,3,MERCEDES GLC CLASS,10,E01032763,0,-1
2023201341705,2023,201341705,2,9,0,18,19,4,8,0,0,8,0,0,0,0,3,1,6,6,2,51,8,2143,2,5,MERCEDES GLC CLASS,10,E01010196,0,-1
2023041266412,2023,041266412,1,9,0,18,19,2,6,0,0,1,0,0,1,4,1,1,5,6,1,21,5,2143,2,7,MERCEDES GLC CLASS,9,E01025441,0,-1
2023311362927,2023,311362927,2,9,0,4,4,7,3,8,6,0,0,0,0,0,3,1,2,2,1,31,6,2143,2,7,MERCEDES GLC CLASS,1,E01013942,0,-1
2023010440372,2023,010440372,1,9,0,99,99,9,9,99,99,9,9,99,9,99,4,9,6,6,2,36,7,2143,2,6,MERCEDES GLC CLASS,4,E01001939,0,-1
2023622300934,2023,622300934,2,9,0,18,19,8,4,0,0,0,0,0,0,0,1,1,6,6,2,45,7,1950,2,4,MERCEDES GLC CLASS,8,W01001214,0,-1
2023311382961,2023,311382961,2,9,0,18,19,5,1,0,0,1,0,0,0,0,4,1,2,2,2,49,8,2143,2,6,MERCEDES GLC CLASS,4,E01019503,0,-1
2023010471592,2023,010471592,1,9,0,5,5,1,5,0,0,8,0,0,0,0,1,1,6,6,2,33,6,2143,2,7,MERCEDES GLC CLASS,3,E01002532,0,-1
2023440526722,2023,440526722,1,9,0,18,19,1,5,0,0,0,0,0,0,0,1,1,6,6,2,56,9,2143,2,5,MERCEDES GLC CLASS,10,E01032850,0,-1
2023041374752,2023,041374752,2,9,0,2,2,0,0,0,0,0,0,0,0,0,2,1,6,6,3,-1,-1,1991,8,2,MERCEDES GLC CLASS,-1,-1,0,-1
2023131384028,2023,131384028,1,9,0,6,6,5,1,0,0,8,0,0,0,0,3,1,5,6,1,42,7,2143,2,4,MERCEDES GLC CLASS,1,E01032890,0,-1
2023991282341,2023,991282341,2,9,0,18,19,8,4,0,0,8,0,7,0,0,1,1,5,6,2,40,7,2143,2,7,MERCEDES GLC CLASS,5,-1,0,-1
2023010419863,2023,010419863,1,9,0,9,9,7,5,0,0,8,0,0,0,0,1,1,6,6,2,38,7,1950,2,2,MERCEDES GLC CLASS,-1,-1,0,-1
2023411380394,2023,411380394,2,9,0,14,14,2,6,0,0,8,0,0,7,3,4,1,5,6,2,20,4,2143,2,6,MERCEDES GLC CLASS,7,E01023495,0,-1
2023031337963,2023,031337963,1,9,0,4,4,3,7,0,0,0,0,0,0,0,1,1,6,6,2,31,6,2143,2,7,MERCEDES GLC CLASS,5,E01008224,0,-1
2023010423718,2023,010423718,1,9,0,1,1,5,1,0,0,1,0,0,0,0,1,2,6,6,1,77,11,1950,2,3,MERCEDES GLC CLASS,6,E01031844,0,-1
2023010444817,2023,010444817,2,9,0,99,99,9,9,99,99,9,9,99,9,99,1,9,6,6,3,-1,-1,1950,2,3,MERCEDES GLC CLASS,-1,-1,0,-1
2023010478423,2023,010478423,1,9,0,9,9,7,5,0,0,8,0,0,0,0,1,1,6,6,1,29,6,1950,2,4,MERCEDES GLC CLASS,4,E01003672,0,-1
2023421284612,2023,421284612,1,9,0,18,19,5,3,0,0,0,1,0,0,0,1,1,5,6,1,28,6,2143,2,4,MERCEDES GLC CLASS,3,E01001465,0,-1
2023010458370,2023,010458370,2,9,0,18,19,3,7,0,0,4,0,0,0,0,1,1,6,6,1,22,5,1950,2,1,MERCEDES GLC CLASS,4,E01003690,0,-1
2023010451733,2023,010451733,2,9,0,99,99,9,9,99,99,9,9,99,9,99,1,9,6,6,3,-1,-1,1991,8,3,MERCEDES GLC CLASS,-1,-1,0,-1
2023010423202,2023,010423202,1,9,0,99,99,9,9,99,99,9,9,99,9,99,1,9,2,2,1,36,7,1950,2,2,MERCEDES GLC CLASS,2,E01001014,0,-1
2023201295851,2023,201295851,2,9,0,10,10,8,5,0,0,1,0,0,0,0,2,1,6,6,2,25,5,1950,2,2,MERCEDES GLC CLASS,6,E01010326,0,-1
2023010480135,2023,010480135,2,9,0,18,19,7,3,0,0,1,0,0,0,0,1,1,6,6,2,59,9,2143,2,7,MERCEDES GLC CLASS,6,E01001419,0,-1
2023010463244,2023,010463244,2,9,0,99,99,9,9,99,99,9,9,99,9,99,1,9,6,6,3,-1,-1,1991,8,0,MERCEDES GLC CLASS,-1,-1,0,-1
2023010439623,2023,010439623,2,9,0,99,99,9,9,99,99,9,9,99,9,99,1,9,6,6,1,49,8,2143,2,7,MERCEDES GLC CLASS,3,E01003584,0,-1
2023430230400,2023,430230400,2,9,0,18,19,3,7,0,0,1,0,0,0,0,1,1,6,6,2,30,6,2143,2,7,MERCEDES GLC CLASS,-1,-1,0,-1
2023070916763,2023,070916763,2,9,0,4,4,8,4,0,0,0,0,0,0,0,2,1,6,6,1,61,9,2143,2,5,MERCEDES GLC CLASS,7,E01006498,0,-1
2023010468635,2023,010468635,2,9,0,99,99,9,9,99,99,0,9,99,9,99,9,9,6,6,3,-1,-1,2143,2,6,MERCEDES GLC CLASS,-1,-1,0,-1
2023201404738,2023,201404738,2,9,0,18,19,7,3,0,0,8,0,0,0,0,3,1,6,6,2,51,8,1999,8,0,MERCEDES GLC CLASS,8,E01009463,0,-1
2023131295065,2023,131295065,2,9,0,2,2,0,0,0,0,0,0,0,0,0,1,1,6,6,3,-1,-1,2143,2,5,MERCEDES GLC CLASS,-1,-1,0,-1
202354D252723,2023,54D252723,1,9,0,18,19,6,2,0,0,0,0,0,0,0,1,1,6,6,1,63,9,2143,2,4,MERCEDES GLC CLASS,10,E01028746,0,-1
2023131290067,2023,131290067,1,9,0,18,19,3,7,0,0,0,0,0,0,0,2,1,5,6,1,76,11,1950,2,4,MERCEDES GLC CLASS,9,E01018415,0,-1
2023010485430,2023,010485430,1,9,0,3,3,6,2,0,0,1,0,0,0,0,2,1,6,6,2,38,7,2143,2,6,MERCEDES GLC CLASS,2,E01004041,0,-1
2023461288454,2023,461288454,2,9,0,18,19,4,8,0,0,8,1,0,0,0,1,1,6,6,1,67,10,2143,2,6,MERCEDES GLC CLASS,10,E01024461,0,-1
2023010434395,2023,010434395,1,9,0,18,19,3,7,0,0,0,0,4,0,0,1,1,6,6,1,25,5,2143,2,4,MERCEDES GLC CLASS,6,E01001160,0,-1
2023010431837,2023,010431837,2,9,0,13,13,7,3,0,0,6,0,0,0,0,4,1,6,6,2,56,9,2143,2,4,MERCEDES GLC CLASS,1,E01002095,0,-1
2023991298578,2023,991298578,2,9,0,2,2,0,0,0,0,0,0,0,0,0,4,1,6,6,3,-1,-1,2143,2,6,MERCEDES GLC CLASS,-1,-1,0,-1
2023201415512,2023,201415512,1,9,0,12,12,4,2,0,0,8,0,0,0,0,1,1,6,6,2,-1,-1,1950,2,3,MERCEDES GLC CLASS,3,E01009620,0,-1
2023010440861,2023,010440861,2,9,0,5,5,3,7,0,0,1,0,0,0,0,1,1,2,2,1,55,8,2143,2,7,MERCEDES GLC CLASS,3,E01003201,0,-1
2023332301147,2023,332301147,1,9,0,7,7,7,1,0,0,6,0,0,0,0,1,1,6,6,1,76,11,2143,2,4,MERCEDES GLC CLASS,10,E01028409,0,-1
2023010455970,2023,010455970,1,9,0,99,99,9,9,99,99,9,9,99,9,99,2,9,2,2,1,37,7,1991,1,4,MERCEDES GLC CLASS,7,E01000169,0,-1
2023421262628,2023,421262628,1,9,0,5,5,1,5,0,0,4,0,0,0,0,1,1,6,6,2,44,7,2143,2,7,MERCEDES GLC CLASS,3,E01016012,0,-1
2023430480787,2023,430480787,1,9,0,18,19,2,8,0,0,0,0,0,0,0,4,1,6,6,1,73,10,2987,2,5,MERCEDES GLC CLASS,-1,-1,0,-1