collision_index,collision_year,collision_ref_no,vehicle_reference,vehicle_type,towing_and_articulation,vehicle_manoeuvre_historic,vehicle_manoeuvre,vehicle_direction_from,vehicle_direction_to,vehicle_location_restricted_lane_historic,vehicle_location_restricted_lane,junction_location,skidding_and_overturning,hit_object_in_carriageway,vehicle_leaving_carriageway,hit_object_off_carriageway,first_point_of_impact,vehicle_left_hand_drive,journey_purpose_of_driver_historic,journey_purpose_of_driver,sex_of_driver,age_of_driver,age_band_of_driver,engine_capacity_cc,propulsion_code,age_of_vehicle,generic_make_model,driver_imd_decile,lsoa_of_driver,escooter_flag,driver_distance_banding
2023010450727,2023,010450727,2,9,0,99,99,9,9,99,99,9,9,99,9,99,1,9,6,6,3,-1,-1,2987,2,6,MERCEDES GLC CLASS,3,E01000092,0,-1
2023451296004,2023,451296004,2,9,0,18,19,4,8,0,0,0,0,0,0,0,1,1,6,6,1,54,8,2143,2,5,MERCEDES GLC CLASS,5,E01016158,0,-1
2023552300236,2023,552300236,1,9,0,5,5,6,2,0,0,0,0,0,0,0,1,1,6,6,1,66,10,2143,2,6,MERCEDES GLC CLASS,1,E01015307,0,-1
2023010483088,2023,010483088,1,9,0,9,9,7,5,0,0,5,0,0,0,0,1,1,6,6,1,66,10,2143,2,4,MERCEDES GLC CLASS,2,E01001118,0,-1
2023161323729,2023,161323729,1,9,0,3,3,3,7,0,0,0,0,0,0,0,4,1,5,6,2,39,7,1950,2,4,MERCEDES GLC CLASS,10,E01013067,0,-1
2023991392494,2023,991392494,3,9,0,7,7,6,7,0,0,8,0,0,0,0,3,1,5,6,1,25,5,1950,2,2,MERCEDES GLC CLASS,3,-1,0,-1
2023141327372,2023,141327372,1,9,0,9,9,6,3,0,0,2,0,0,0,0,3,1,1,1,1,66,10,2143,2,5,MERCEDES GLC CLASS,9,E01012227,0,-1
2023311348307,2023,311348307,1,9,0,18,19,1,5,0,0,0,0,0,0,0,1,1,5,6,2,65,9,1991,8,3,MERCEDES GLC CLASS,-1,-1,0,-1
2023461373222,2023,461373222,1,9,0,18,19,2,3,0,0,0,0,0,0,0,1,1,6,6,1,43,7,1991,8,2,MERCEDES GLC CLASS,5,E01001659,0,-1
2023131326761,2023,131326761,1,9,0,9,9,3,1,0,0,8,0,0,0,0,4,1,2,2,2,24,5,1991,1,4,MERCEDES GLC CLASS,-1,-1,0,-1
2023010430218,2023,010430218,2,9,0,99,99,9,9,99,99,9,9,99,9,99,9,9,6,6,3,-1,-1,1991,1,5,MERCEDES GLC CLASS,-1,-1,0,-1
2023061272739,2023,061272739,2,9,0,18,19,4,8,0,0,0,0,0,1,0,2,1,3,7,2,42,7,1950,2,4,MERCEDES GLC CLASS,6,E01005830,0,-1
2023010469747,2023,010469747,1,9,0,99,99,9,9,99,99,9,9,99,9,99,9,9,6,6,1,50,8,1991,1,5,MERCEDES GLC CLASS,3,E01002553,0,-1
2023010465482,2023,010465482,3,9,0,3,3,1,5,0,0,0,0,0,0,0,2,1,6,6,2,36,7,2143,2,5,MERCEDES GLC CLASS,8,E01000752,0,-1
2023010451590,2023,010451590,2,9,0,99,99,9,9,99,99,9,9,99,9,99,1,9,6,6,3,-1,-1,2143,2,7,MERCEDES GLC CLASS,-1,-1,0,-1
2023531298656,2023,531298656,1,9,0,18,19,3,7,0,0,0,1,4,0,0,1,1,5,6,1,50,8,1950,2,1,MERCEDES GLC CLASS,8,E01022394,0,-1
2023010450721,2023,010450721,2,9,0,99,99,9,9,99,99,9,9,99,9,99,1,9,6,6,3,59,9,2143,2,7,MERCEDES GLC CLASS,4,E01000478,0,-1
2023461273658,2023,461273658,1,9,0,18,19,1,5,0,0,0,0,0,0,0,1,1,6,6,2,39,7,1950,2,3,MERCEDES GLC CLASS,9,E01024438,0,-1
2023010482001,2023,010482001,1,9,0,10,10,2,7,0,0,8,0,0,0,0,1,1,2,2,2,46,8,2143,2,6,MERCEDES GLC CLASS,2,E01003995,0,-1
2023501324843,2023,501324843,1,9,0,9,9,4,2,0,0,1,0,0,0,0,0,1,5,6,1,69,10,1950,2,1,MERCEDES GLC CLASS,4,E01018757,0,-1
2023041440369,2023,041440369,3,9,0,18,19,7,3,0,0,1,0,0,0,0,4,1,6,6,2,51,8,1950,2,2,MERCEDES GLC CLASS,4,E01025054,0,-1
2023010474551,2023,010474551,1,9,0,18,19,3,7,0,0,1,0,0,0,0,1,1,6,6,2,33,6,1991,1,4,MERCEDES GLC CLASS,-1,-1,0,-1
2023501282963,2023,501282963,1,9,0,18,19,3,7,0,0,0,0,0,0,0,4,1,6,6,1,33,6,1950,12,3,MERCEDES GLC CLASS,6,E01018808,0,-1
2023010473154,2023,010473154,1,9,0,9,9,1,6,0,0,1,0,0,0,0,4,1,2,2,1,38,7,2143,2,5,MERCEDES GLC CLASS,2,E01003912,0,-1
2023010421248,2023,010421248,1,9,0,9,9,8,6,0,0,8,0,0,0,0,1,1,6,6,1,37,7,1993,12,0,MERCEDES GLC CLASS,4,E01004526,0,-1
2023451265094,2023,451265094,2,9,0,18,19,7,3,0,0,0,0,0,0,0,1,1,5,6,2,43,7,2143,2,8,MERCEDES GLC CLASS,10,E01030584,0,-1
2023461318889,2023,461318889,2,9,0,11,11,3,6,0,0,1,0,0,0,0,0,1,6,6,2,23,5,2143,2,5,MERCEDES GLC CLASS,6,E01024571,0,-1
2023320300078,2023,320300078,5,9,0,18,19,4,8,0,0,1,0,0,0,0,2,1,6,6,1,57,9,2143,2,4,MERCEDES GLC CLASS,7,E01026179,0,-1
2023451298628,2023,451298628,2,9,0,18,19,1,5,0,0,0,0,0,0,0,4,1,2,2,1,61,9,1991,1,5,MERCEDES GLC CLASS,8,E01030479,0,-1
2023332300085,2023,332300085,5,9,0,3,3,6,2,0,0,0,0,0,0,0,2,1,6,6,1,55,8,2143,2,6,MERCEDES GLC CLASS,10,E01025773,0,-1
2023111272237,2023,111272237,1,9,0,18,19,4,6,0,0,0,0,0,0,0,1,1,3,7,2,58,9,1950,2,3,MERCEDES GLC CLASS,8,E01008864,0,-1
2023430540427,2023,430540427,3,9,0,8,8,6,8,0,0,1,0,0,0,0,1,1,2,2,1,41,7,2143,2,5,MERCEDES GLC CLASS,7,E01016225,0,-1
2023010483677,2023,010483677,2,9,0,99,99,9,9,99,99,9,9,99,9,99,1,9,6,6,3,-1,-1,2143,2,5,MERCEDES GLC CLASS,3,E01032584,0,-1
2023201360235,2023,201360235,1,9,0,18,19,7,3,0,0,1,0,0,0,0,1,1,2,2,1,49,8,2143,2,5,MERCEDES GLC CLASS,9,E01009912,0,-1
2023161277987,2023,161277987,3,9,0,17,19,1,5,0,0,1,0,0,0,0,1,1,5,6,1,55,8,2143,2,5,MERCEDES GLC CLASS,6,E01013302,0,-1
2023010428467,2023,010428467,1,9,0,99,99,9,9,0,0,0,0,0,0,0,9,9,6,6,3,43,7,2143,2,7,MERCEDES GLC CLASS,3,E01000092,0,-1
2023010451371,2023,010451371,1,9,0,18,19,1,5,0,0,2,0,0,0,0,1,1,6,6,2,44,7,1950,2,4,MERCEDES GLC CLASS,2,E01000931,0,-1
2023543147923,2023,543147923,1,9,0,18,19,2,6,0,0,0,1,4,1,0,2,1,6,6,2,41,7,1950,2,4,MERCEDES GLC CLASS,9,E01017441,0,-1
2023552300359,2023,552300359,1,9,0,6,6,7,7,0,0,0,0,0,0,0,1,1,6,6,3,-1,-1,1991,8,0,MERCEDES GLC CLASS,-1,-1,0,-1
2023320693761,2023,320693761,1,9,0,18,19,1,4,0,0,0,0,0,0,0,1,1,6,6,2,59,9,1991,1,4,MERCEDES GLC CLASS,6,E01026242,0,-1
2023010481584,2023,010481584,2,9,0,99,99,9,9,0,0,1,0,0,0,0,0,9,6,6,3,33,6,2143,2,5,MERCEDES GLC CLASS,-1,-1,0,-1
2023010425913,2023,010425913,2,9,0,99,99,9,9,99,99,9,9,99,9,99,9,9,6,6,3,41,7,2143,2,5,MERCEDES GLC CLASS,8,E01004543,0,-1
2023010448487,2023,010448487,2,9,0,99,99,9,9,99,99,9,9,99,9,99,1,9,6,6,3,48,8,1991,8,4,MERCEDES GLC CLASS,3,E01004741,0,-1
2023041287564,2023,041287564,3,9,0,18,19,3,7,0,0,0,0,0,0,0,2,1,6,6,1,71,10,2143,2,5,MERCEDES GLC CLASS,-1,-1,0,-1
2023461333882,2023,461333882,3,9,0,17,19,1,5,0,0,8,0,0,1,1,1,1,6,6,1,31,6,2143,2,5,MERCEDES GLC CLASS,4,E01000401,0,-1
2023010434116,2023,010434116,2,9,0,99,99,9,9,99,99,0,9,99,9,99,9,9,6,6,3,-1,-1,1950,2,4,MERCEDES GLC CLASS,-1,-1,0,-1
2023421305557,2023,421305557,1,9,0,4,4,3,6,0,0,1,0,0,0,0,1,1,6,6,1,24,5,1950,2,3,MERCEDES GLC CLASS,10,E01023453,0,-1
2023231322848,2023,231322848,1,9,0,10,10,5,2,0,0,6,0,0,0,0,4,1,5,6,2,47,8,2143,2,7,MERCEDES GLC CLASS,3,E01031177,0,-1
2023461264667,2023,461264667,2,9,0,2,2,0,0,0,0,2,0,0,0,0,2,1,6,6,3,-1,-1,1991,1,5,MERCEDES GLC CLASS,-1,-1,0,-1
2023501329458,2023,501329458,2,9,0,3,3,8,6,0,0,1,0,0,0,0,2,1,6,6,1,27,6,2143,2,6,MERCEDES GLC CLASS,8,W01001495,0,-1
2023052301143,2023,052301143,2,9,0,18,19,5,1,0,0,8,0,0,0,0,3,1,6,6,2,41,7,2143,2,5,MERCEDES GLC CLASS,3,E01006627,0,-1
2023221326697,2023,221326697,1,9,0,7,7,3,5,0,0,6,0,0,0,0,1,1,5,6,2,38,7,1950,12,2,MERCEDES GLC CLASS,9,E01028855,0,-1
2023131294504,2023,131294504,2,9,0,18,19,5,1,0,0,0,0,0,0,0,2,1,5,6,1,40,7,2987,2,6,MERCEDES GLC CLASS,10,E01003811,0,-1
2023501280580,2023,501280580,2,9,0,3,3,7,3,0,0,0,0,0,0,0,2,1,5,6,2,42,7,1991,8,1,MERCEDES GLC CLASS,5,E01018785,0,-1
2023070010150,2023,070010150,1,9,0,18,19,1,5,0,0,1,1,0,0,0,1,1,6,6,1,84,11,1950,2,2,MERCEDES GLC CLASS,10,E01018431,0,-1
2023221383981,2023,221383981,2,9,0,18,19,1,3,0,0,0,0,0,0,0,3,1,6,6,2,50,8,1950,2,2,MERCEDES GLC CLASS,4,E01032432,0,-1
2023010473294,2023,010473294,3,9,9,5,5,3,7,0,0,1,9,99,9,99,2,9,6,6,3,-1,-1,2143,2,6,MERCEDES GLC CLASS,-1,-1,0,-1
2023010426687,2023,010426687,2,9,0,9,9,3,1,0,0,8,0,0,0,0,2,2,6,6,2,46,8,2143,2,6,MERCEDES GLC CLASS,2,E01000600,0,-1
2023041368701,2023,041368701,1,9,0,9,9,5,3,0,0,2,0,0,3,0,1,1,2,2,1,40,7,1991,8,1,MERCEDES GLC CLASS,9,E01025340,0,-1
2023010421174,2023,010421174,2,9,0,99,99,9,9,99,99,9,9,99,9,99,1,9,6,6,3,-1,-1,1950,2,4,MERCEDES GLC CLASS,8,E01033611,0,-1
2023221286970,2023,221286970,1,9,0,12,12,7,3,0,0,0,1,0,5,6,1,1,5,6,1,42,7,2143,2,7,MERCEDES GLC CLASS,2,E01029717,0,-1
2023461321274,2023,461321274,2,9,0,2,2,0,0,0,0,0,0,0,0,0,4,1,5,6,2,54,8,2143,2,5,MERCEDES GLC CLASS,5,E01024168,0,-1
2023010464131,2023,010464131,1,9,0,7,7,1,3,0,0,2,1,0,0,0,1,1,6,6,1,51,8,2143,2,6,MERCEDES GLC CLASS,3,E01000367,0,-1
2023201367263,2023,201367263,1,9,0,14,14,2,6,0,0,0,0,0,0,0,1,1,6,6,1,-1,-1,2143,2,6,MERCEDES GLC CLASS,-1,-1,0,-1
2023010453572,2023,010453572,2,9,0,99,99,9,9,99,99,9,9,99,9,99,1,9,6,6,3,-1,-1,1950,2,4,MERCEDES GLC CLASS,4,E01003722,0,-1
2023531339162,2023,531339162,3,9,0,5,5,7,3,0,0,1,0,0,0,0,2,1,5,6,1,73,10,1991,8,1,MERCEDES GLC CLASS,10,E01014388,0,-1
2023221339381,2023,221339381,1,9,0,1,1,1,5,9,9,6,0,0,0,0,2,1,5,6,1,35,6,2143,2,7,MERCEDES GLC CLASS,7,E01032147,0,-1
2023461261345,2023,461261345,1,9,0,18,19,7,3,0,0,0,0,12,0,0,1,1,6,6,1,-1,-1,2143,2,4,MERCEDES GLC CLASS,6,E01024363,0,-1
2023052302386,2023,052302386,2,9,0,18,19,5,1,0,0,8,0,0,0,0,1,1,6,6,1,39,7,1991,8,1,MERCEDES GLC CLASS,8,E01012556,0,-1
2023010465146,2023,010465146,1,9,0,99,99,9,9,99,99,9,9,99,9,99,1,1,6,6,2,49,8,2143,2,5,MERCEDES GLC CLASS,4,E01003494,0,-1
2023552300531,2023,552300531,2,9,0,4,4,4,8,0,0,0,0,0,0,0,2,1,6,6,1,72,10,2143,2,7,MERCEDES GLC CLASS,8,E01023069,0,-1
2023430495218,2023,430495218,2,9,0,18,19,3,7,0,0,0,1,0,2,4,1,1,6,6,1,76,11,1991,1,4,MERCEDES GLC CLASS,9,E01016685,0,-1
2023522300158,2023,522300158,1,9,0,3,3,7,3,0,0,1,0,0,0,0,2,1,6,6,1,49,8,2143,2,7,MERCEDES GLC CLASS,7,E01014847,0,-1
2023010469774,2023,010469774,1,9,0,9,9,1,7,0,0,6,0,0,0,0,3,1,6,6,1,30,6,2143,2,4,MERCEDES GLC CLASS,6,E01002567,0,-1
2023501320235,2023,501320235,1,9,0,7,7,3,5,0,0,5,0,0,0,0,1,1,6,6,2,73,10,1991,8,1,MERCEDES GLC CLASS,2,E01015181,0,-1
2023010453424,2023,010453424,1,9,0,7,7,7,2,0,0,3,0,0,0,0,4,1,6,6,1,60,9,1991,1,5,MERCEDES GLC CLASS,2,E01004283,0,-1
2023451373574,2023,451373574,2,9,0,12,12,5,1,0,0,8,0,0,0,0,1,1,5,6,2,75,10,2143,2,4,MERCEDES GLC CLASS,-1,-1,0,-1
2023201298779,2023,201298779,1,9,0,18,19,6,2,0,0,0,0,7,4,4,1,1,2,2,1,30,6,1993,12,0,MERCEDES GLC CLASS,-1,-1,0,-1
2023451264970,2023,451264970,2,9,0,17,19,5,1,0,0,0,1,1,0,0,1,1,5,6,2,32,6,1950,2,4,MERCEDES GLC CLASS,-1,-1,0,-1
2023411364660,2023,411364660,2,9,0,4,4,5,1,0,0,0,0,0,0,0,2,1,6,6,1,57,9,1950,2,4,MERCEDES GLC CLASS,8,E01031667,0,-1
2023131389204,2023,131389204,1,9,0,18,19,3,7,0,0,0,1,0,3,4,1,1,6,6,1,36,7,2143,2,5,MERCEDES GLC CLASS,7,E01011595,0,-1
2023631309042,2023,631309042,1,9,0,17,19,4,1,0,0,0,2,0,7,10,3,1,5,6,1,51,8,2143,2,6,MERCEDES GLC CLASS,6,W01001906,0,-1
2023201417611,2023,201417611,1,9,0,18,19,7,3,0,0,8,0,0,0,0,1,1,5,6,1,58,9,2143,2,7,MERCEDES GLC CLASS,3,E01010137,0,-1
2023201315909,2023,201315909,2,9,0,18,19,-1,-1,0,0,0,0,0,0,0,1,1,6,6,2,-1,-1,1950,12,1,MERCEDES GLC CLASS,-1,-1,0,-1
2023010452814,2023,010452814,1,9,0,99,99,9,9,99,99,9,9,99,9,99,2,9,6,6,1,46,8,1950,2,2,MERCEDES GLC CLASS,5,E01000994,0,-1
2023631319625,2023,631319625,2,9,0,9,9,6,4,0,0,2,0,0,0,0,3,1,5,6,2,77,11,2143,2,8,MERCEDES GLC CLASS,7,W01000488,0,-1
2023231360871,2023,231360871,1,9,0,9,9,4,2,0,0,5,0,0,0,0,4,1,5,6,1,30,6,2143,2,7,MERCEDES GLC CLASS,2,E01010146,0,-1
2023010431134,2023,010431134,2,9,0,7,7,2,5,0,0,1,0,0,0,0,1,1,6,6,1,18,4,2143,2,7,MERCEDES GLC CLASS,-1,-1,0,-1
2023010424758,2023,010424758,1,9,0,99,99,9,9,99,99,9,9,99,9,99,9,9,6,6,1,58,9,1991,1,4,MERCEDES GLC CLASS,8,E01004472,0,-1
2023010463785,2023,010463785,1,9,0,9,9,8,6,0,0,2,0,0,0,0,4,1,6,6,3,-1,-1,1950,2,3,MERCEDES GLC CLASS,-1,-1,0,-1
2023411325846,2023,411325846,2,9,0,18,19,3,7,0,0,8,0,0,0,0,1,1,6,6,2,50,8,1950,2,2,MERCEDES GLC CLASS,7,E01023492,0,-1
2023461267382,2023,461267382,2,9,0,18,19,4,8,0,0,0,1,0,0,0,1,1,2,2,1,30,6,1950,2,2,MERCEDES GLC CLASS,-1,-1,0,-1
2023010443974,2023,010443974,1,9,0,18,19,3,7,0,0,2,0,0,0,0,1,1,3,7,1,34,6,1950,12,3,MERCEDES GLC CLASS,8,E01000172,0,-1
2023351371628,2023,351371628,1,9,0,7,7,7,3,0,0,4,0,0,0,0,1,1,2,2,1,43,7,1950,2,4,MERCEDES GLC CLASS,8,E01018003,0,-1
2023622300596,2023,622300596,3,9,0,4,4,4,8,0,0,1,0,0,0,0,2,1,6,6,2,49,8,2143,2,5,MERCEDES GLC CLASS,7,W01001146,0,-1
2023141291466,2023,141291466,1,9,0,18,19,5,1,0,0,8,0,0,0,0,1,1,5,6,1,48,8,1950,12,2,MERCEDES GLC CLASS,1,E01008097,0,-1
2023010452991,2023,010452991,2,9,0,99,99,9,9,99,99,9,9,99,9,99,9,9,6,6,3,-1,-1,1950,2,3,MERCEDES GLC CLASS,-1,-1,0,-1
2023010444737,2023,010444737,1,9,0,9,9,5,2,0,0,1,0,0,0,0,4,1,2,2,1,48,8,2143,2,6,MERCEDES GLC CLASS,-1,-1,0,-1
2023332300706,2023,332300706,1,9,0,13,13,3,7,0,0,0,0,0,0,0,1,1,1,1,1,65,9,1991,1,5,MERCEDES GLC CLASS,9,E01025876,0,-1
2023041334669,2023,041334669,1,9,0,18,19,5,1,1,1,1,0,0,0,0,1,1,6,6,1,40,7,1991,1,5,MERCEDES GLC CLASS,8,E01012636,0,-1
2023010442611,2023,010442611,2,9,0,99,99,9,9,99,99,9,9,99,9,99,1,9,6,6,3,55,8,1991,8,2,MERCEDES GLC CLASS,6,E01002912,0,-1
2023010481923,2023,010481923,2,9,0,99,99,9,9,99,99,9,9,99,9,99,1,9,6,6,3,-1,-1,2143,2,6,MERCEDES GLC CLASS,-1,-1,0,-1
2023141346012,2023,141346012,1,9,0,16,19,3,7,0,0,0,1,11,0,0,1,1,2,2,1,32,6,2987,2,5,MERCEDES GLC CLASS,4,E01005374,0,-1
2023340WN5062,2023,340WN5062,2,9,0,18,19,7,3,0,0,0,1,0,0,0,3,1,6,6,1,55,8,1991,8,1,MERCEDES GLC CLASS,9,E01027148,0,-1
2023332300712,2023,332300712,2,9,0,18,19,7,3,0,0,8,0,0,1,0,1,1,6,6,1,62,9,2143,2,6,MERCEDES GLC CLASS,7,E01013794,0,-1
2023451318708,2023,451318708,1,9,0,18,19,3,7,0,0,0,0,0,0,0,3,1,3,7,2,40,7,1991,1,5,MERCEDES GLC CLASS,-1,-1,0,-1
2023332300214,2023,332300214,1,9,0,18,19,2,6,0,0,0,0,0,0,0,1,1,6,6,1,49,8,1950,2,4,MERCEDES GLC CLASS,1,E01005348,0,-1
2023522400499,2023,522400499,2,9,0,4,4,6,2,0,0,0,0,0,0,0,2,1,6,6,2,57,9,1991,8,3,MERCEDES GLC CLASS,9,E01014790,0,-1
2023141310578,2023,141310578,3,9,0,18,19,2,6,0,0,0,0,0,0,0,2,1,2,2,2,27,6,2143,2,5,MERCEDES GLC CLASS,-1,-1,0,-1
2023430507541,2023,430507541,1,9,0,9,9,7,5,0,0,6,0,0,0,0,1,1,3,7,2,39,7,2143,2,4,MERCEDES GLC CLASS,-1,-1,0,-1
2023010466648,2023,010466648,1,9,0,18,19,1,5,0,0,0,0,0,0,0,0,1,6,6,1,49,8,2987,2,6,MERCEDES GLC CLASS,7,E01000786,0,-1
2023451333817,2023,451333817,1,9,0,18,19,3,7,0,0,0,5,0,0,0,1,1,2,2,1,51,8,2143,2,7,MERCEDES GLC CLASS,4,E01031799,0,-1
2023010421197,2023,010421197,2,9,0,99,99,9,9,99,99,9,9,99,9,99,1,9,6,6,3,-1,-1,2143,2,5,MERCEDES GLC CLASS,-1,-1,0,-1
2023131321324,2023,131321324,5,9,0,2,2,0,0,0,0,0,0,0,0,0,3,1,3,7,1,60,9,2143,2,6,MERCEDES GLC CLASS,6,E01010634,0,-1
2023501346108,2023,501346108,1,9,0,16,19,1,5,0,0,0,1,0,7,11,1,1,6,6,1,20,4,1991,8,3,MERCEDES GLC CLASS,8,E01014544,0,-1
2023010421407,2023,010421407,2,9,0,2,2,0,0,0,0,1,0,0,0,0,2,1,6,6,3,-1,-1,1950,2,3,MERCEDES GLC CLASS,-1,-1,0,-1
2023010477148,2023,010477148,2,9,0,99,99,9,9,99,99,9,9,99,9,99,1,9,6,6,1,38,7,2143,2,6,MERCEDES GLC CLASS,2,E01003950,0,-1
2023201406126,2023,201406126,2,9,0,2,2,0,0,0,0,0,0,0,0,0,2,1,6,6,2,51,8,1950,2,3,MERCEDES GLC CLASS,8,E01009722,0,-1
2023471306943,2023,471306943,1,9,0,18,19,8,4,0,0,0,0,4,0,0,1,1,6,6,2,-1,-1,1950,2,2,MERCEDES GLC CLASS,7,E01031357,0,-1
2023161359701,2023,161359701,1,9,0,18,19,2,6,0,0,0,0,0,0,0,4,1,6,6,2,-1,-1,2143,2,5,MERCEDES GLC CLASS,-1,-1,0,-1
2023052303068,2023,052303068,3,9,0,8,8,4,8,0,0,1,0,0,0,0,0,1,6,6,2,42,7,2987,2,5,MERCEDES GLC CLASS,6,E01025495,0,-1
2023631376815,2023,631376815,1,9,0,18,19,1,5,0,0,0,1,10,0,0,4,1,6,6,2,58,9,2143,2,5,MERCEDES GLC CLASS,8,W01000450,0,-1
2023010451203,2023,010451203,1,9,0,10,10,7,5,0,0,1,0,0,0,0,1,1,6,6,1,23,5,1950,2,4,MERCEDES GLC CLASS,2,E01001667,0,-1
2023461276143,2023,461276143,3,9,0,2,2,0,0,0,0,0,0,0,0,0,4,1,6,6,3,-1,-1,2143,2,7,MERCEDES GLC CLASS,-1,-1,0,-1
2023010429518,2023,010429518,2,9,0,2,2,0,0,0,0,0,0,0,0,0,0,1,6,6,3,-1,-1,1950,2,2,MERCEDES GLC CLASS,-1,-1,0,-1
2023231304000,2023,231304000,2,9,0,4,4,2,6,0,0,8,0,0,0,0,2,1,5,6,1,53,8,1950,2,1,MERCEDES GLC CLASS,10,E01031318,0,-1
2023131308995,2023,131308995,1,9,0,7,7,1,2,0,0,2,0,0,0,0,3,1,2,2,1,54,8,1950,2,4,MERCEDES GLC CLASS,9,E01011411,0,-1
2023052300642,2023,052300642,2,9,0,18,19,5,1,0,0,0,0,0,0,0,1,1,6,6,2,49,8,1950,2,1,MERCEDES GLC CLASS,6,E01006900,0,-1
2023501310142,2023,501310142,2,9,0,18,19,7,3,0,0,8,0,0,0,0,1,1,5,6,1,54,8,2143,2,4,MERCEDES GLC CLASS,4,E01020322,0,-1
2023010453915,2023,010453915,2,9,0,99,99,9,9,99,99,9,9,99,9,99,9,9,6,6,3,-1,-1,2143,2,5,MERCEDES GLC CLASS,-1,-1,0,-1
2023311364443,2023,311364443,1,9,0,18,19,7,3,0,0,0,0,0,1,0,3,1,5,6,2,30,6,2143,2,5,MERCEDES GLC CLASS,8,E01027999,0,-1
2023131386162,2023,131386162,1,9,0,18,19,2,6,0,0,0,1,0,1,0,1,1,5,6,1,20,4,1999,8,0,MERCEDES GLC CLASS,10,E01027700,0,-1
2023131294783,2023,131294783,4,9,0,18,19,5,1,0,0,0,0,0,0,0,3,1,6,6,1,31,6,2143,2,5,MERCEDES GLC CLASS,9,E01010971,0,-1
2023052302234,2023,052302234,1,9,0,18,19,2,1,0,0,1,1,4,0,0,1,1,6,6,2,36,7,2143,2,6,MERCEDES GLC CLASS,7,E01006589,0,-1
2023041334127,2023,041334127,2,9,0,2,2,0,0,0,0,0,0,0,0,0,1,1,6,6,3,-1,-1,2143,2,6,MERCEDES GLC CLASS,-1,-1,0,-1
2023421359528,2023,421359528,2,9,0,18,19,3,7,0,0,8,0,0,0,0,3,1,5,6,2,45,7,2143,2,8,MERCEDES GLC CLASS,8,E01015894,0,-1
2023451328416,2023,451328416,2,9,0,18,19,5,1,0,0,0,0,0,0,0,2,1,5,6,1,45,7,2143,2,4,MERCEDES GLC CLASS,8,E01000777,0,-1
2023052300579,2023,052300579,1,9,0,18,19,7,3,0,0,0,0,0,0,0,3,1,2,2,2,48,8,1950,2,2,MERCEDES GLC CLASS,2,E01006456,0,-1
2023501312527,2023,501312527,1,9,0,18,19,6,2,0,0,0,0,0,0,0,1,1,6,6,1,54,8,2987,2,6,MERCEDES GLC CLASS,9,E01029744,0,-1
2023161346201,2023,161346201,2,9,0,18,19,1,5,0,0,0,0,0,0,0,1,1,5,6,1,46,8,1950,2,3,MERCEDES GLC CLASS,10,E01013354,0,-1
2023131384773,2023,131384773,1,9,0,18,19,5,3,0,0,0,0,0,0,0,4,1,6,6,3,-1,-1,1999,8,0,MERCEDES GLC CLASS,-1,-1,0,-1
2023201311334,2023,201311334,2,9,0,18,19,5,1,0,0,1,0,10,1,0,1,1,2,2,2,57,9,2143,2,5,MERCEDES GLC CLASS,10,E01009705,0,-1
2023451297866,2023,451297866,1,9,0,18,19,5,8,0,0,0,0,0,0,0,4,1,3,7,1,31,6,1950,2,3,MERCEDES GLC CLASS,6,E01030633,0,-1
2023991346503,2023,991346503,1,9,0,9,9,8,6,0,0,4,0,0,0,0,3,1,6,6,2,78,11,2143,2,6,MERCEDES GLC CLASS,9,-1,0,-1
2023421296233,2023,421296233,1,9,0,9,9,5,1,0,0,1,0,0,0,0,1,1,5,6,1,48,8,2143,2,8,MERCEDES GLC CLASS,10,E01015885,0,-1
2023201326470,2023,201326470,2,9,0,18,19,2,6,0,0,0,0,0,0,0,1,1,6,6,1,33,6,2143,2,5,MERCEDES GLC CLASS,5,E01031168,0,-1
2023622301000,2023,622301000,1,9,0,18,19,4,8,0,0,0,0,0,6,6,1,1,2,2,1,44,7,1950,2,2,MERCEDES GLC CLASS,4,E01002042,0,-1
2023010430119,2023,010430119,2,9,0,3,3,3,7,0,0,4,0,0,0,0,2,1,6,6,1,33,6,1950,2,3,MERCEDES GLC CLASS,1,E01004250,0,-1
2023010474582,2023,010474582,2,9,0,4,4,6,2,0,0,0,0,0,0,0,1,1,6,6,1,53,8,2143,2,7,MERCEDES GLC CLASS,5,E01015926,0,-1
2023622300363,2023,622300363,1,9,0,5,5,2,6,0,0,1,0,0,0,0,1,1,6,6,2,32,6,2143,2,6,MERCEDES GLC CLASS,8,W01001542,0,-1
2023451309362,2023,451309362,1,9,0,18,19,3,7,0,0,0,0,0,0,0,0,1,5,6,2,58,9,2143,2,4,MERCEDES GLC CLASS,6,E01023199,0,-1
2023471384586,2023,471384586,3,9,0,2,2,0,0,9,9,0,0,0,0,0,4,1,6,6,3,-1,-1,1950,2,3,MERCEDES GLC CLASS,-1,-1,0,-1
2023991306068,2023,991306068,2,9,0,16,19,4,8,0,0,1,0,0,0,0,1,1,6,6,2,53,8,2143,2,8,MERCEDES GLC CLASS,7,-1,0,-1