collision_index,collision_year,collision_ref_no,vehicle_reference,vehicle_type,towing_and_articulation,vehicle_manoeuvre_historic,vehicle_manoeuvre,vehicle_direction_from,vehicle_direction_to,vehicle_location_restricted_lane_historic,vehicle_location_restricted_lane,junction_location,skidding_and_overturning,hit_object_in_carriageway,vehicle_leaving_carriageway,hit_object_off_carriageway,first_point_of_impact,vehicle_left_hand_drive,journey_purpose_of_driver_historic,journey_purpose_of_driver,sex_of_driver,age_of_driver,age_band_of_driver,engine_capacity_cc,propulsion_code,age_of_vehicle,generic_make_model,driver_imd_decile,lsoa_of_driver,escooter_flag,driver_distance_banding
2023010462996,2023,010462996,1,11,0,5,5,0,1,2,2,7,0,0,0,0,0,1,6,6,1,61,9,6692,2,12,WRIGHTBUS GEMINI,4,E01001636,0,-1
2023010419183,2023,010419183,1,11,0,18,19,5,1,0,0,1,0,0,0,0,1,1,1,1,1,54,8,6692,2,9,WRIGHTBUS GEMINI,6,E01001419,0,-1
2023101380656,2023,101380656,2,11,0,18,19,5,1,2,2,1,0,0,0,0,3,1,1,1,1,27,6,6692,2,11,WRIGHTBUS GEMINI,-1,-1,0,-1
2023461359184,2023,461359184,1,11,0,-1,-1,-1,-1,-1,-1,0,-1,-1,-1,0,-1,1,1,1,1,49,8,6692,2,12,WRIGHTBUS GEMINI,1,E01024610,0,-1
2023010460992,2023,010460992,1,11,0,4,4,1,5,0,0,2,0,0,0,0,0,1,1,1,1,50,8,6692,2,10,WRIGHTBUS GEMINI,3,E01004443,0,-1
2023052300753,2023,052300753,2,11,0,7,7,4,6,0,0,2,0,0,0,0,1,1,1,1,1,64,9,6692,2,12,WRIGHTBUS GEMINI,2,E01006745,0,-1
2023010467664,2023,010467664,1,11,0,3,3,7,3,0,0,1,0,0,0,0,0,1,1,1,1,20,4,6692,2,10,WRIGHTBUS GEMINI,2,E01002090,0,-1
2023010466014,2023,010466014,1,11,0,4,4,7,3,0,0,0,0,0,0,0,0,1,1,1,1,42,7,6692,2,12,WRIGHTBUS GEMINI,-1,-1,0,-1
2023010451995,2023,010451995,1,11,0,18,19,1,5,0,0,1,0,0,0,0,0,1,1,1,1,49,8,6692,2,10,WRIGHTBUS GEMINI,5,E01023332,0,-1
2023010443343,2023,010443343,1,11,0,4,4,1,5,0,0,0,0,0,0,0,0,1,3,7,1,68,10,6692,2,12,WRIGHTBUS GEMINI,4,E01024164,0,-1
2023010443886,2023,010443886,1,11,0,18,19,7,3,0,0,8,0,0,0,0,0,1,1,1,2,53,8,6692,2,10,WRIGHTBUS GEMINI,4,E01023336,0,-1
2023010441095,2023,010441095,1,11,0,18,19,1,5,0,0,1,0,0,0,0,1,1,1,1,1,39,7,6692,2,10,WRIGHTBUS GEMINI,6,E01001408,0,-1
2023010425941,2023,010425941,2,11,0,18,19,1,5,0,0,1,0,0,0,0,1,1,1,1,1,38,7,6692,2,10,WRIGHTBUS GEMINI,5,E01023342,0,-1
2023010478659,2023,010478659,1,11,0,18,19,3,7,0,0,0,0,0,0,0,1,2,1,1,1,37,7,6692,2,10,WRIGHTBUS GEMINI,7,E01030858,0,-1
2023010454213,2023,010454213,1,11,0,9,9,3,1,0,0,8,0,0,0,0,3,1,1,1,1,22,5,6692,2,12,WRIGHTBUS GEMINI,1,E01003291,0,-1
2023010480133,2023,010480133,1,11,0,18,19,7,3,0,0,4,0,0,0,0,0,1,1,1,1,62,9,6692,2,10,WRIGHTBUS GEMINI,3,E01001445,0,-1
2023010454954,2023,010454954,1,11,0,18,19,5,1,0,0,1,0,0,0,0,3,1,1,1,1,56,9,6692,2,12,WRIGHTBUS GEMINI,-1,-1,0,-1
2023461323198,2023,461323198,1,11,-1,-1,-1,-1,-1,-1,-1,-1,-1,-1,-1,0,-1,1,1,1,1,45,7,6692,2,12,WRIGHTBUS GEMINI,7,E01024405,0,-1
2023010435958,2023,010435958,2,11,0,5,5,5,1,0,0,0,0,0,0,0,1,1,1,1,1,63,9,6692,2,10,WRIGHTBUS GEMINI,7,E01001036,0,-1
2023411309912,2023,411309912,1,11,0,4,4,-1,-1,0,0,0,0,0,0,0,0,1,1,1,1,30,6,6692,2,10,WRIGHTBUS GEMINI,9,E01023299,0,-1
2023101262124,2023,101262124,1,11,-1,18,19,5,1,0,0,0,0,0,0,0,0,1,1,1,1,70,10,6692,2,11,WRIGHTBUS GEMINI,-1,-1,0,-1
2023010465137,2023,010465137,2,11,0,14,14,8,4,0,0,0,0,4,0,0,3,1,1,1,1,35,6,6692,2,12,WRIGHTBUS GEMINI,5,E01001681,0,-1
2023010465346,2023,010465346,1,11,0,4,4,5,1,2,2,2,0,0,1,10,1,1,1,1,1,71,10,6692,2,10,WRIGHTBUS GEMINI,-1,-1,0,-1
2023010429290,2023,010429290,2,3,0,18,19,3,7,0,0,8,0,0,0,0,1,1,6,6,1,23,5,124,1,10,-1,2,E01003237,0,-1
2023161376184,2023,161376184,1,4,0,18,19,6,2,0,0,1,0,0,0,0,1,1,6,6,1,16,4,124,1,13,-1,1,E01013205,0,-1
2023461305731,2023,461305731,1,3,0,18,19,4,8,0,0,8,0,0,0,0,4,1,6,6,1,21,5,124,1,10,-1,10,E01024467,0,-1
2023522400639,2023,522400639,2,2,0,18,19,6,2,0,0,8,0,0,0,0,1,1,6,6,1,19,4,49,1,0,-1,3,E01014493,0,-1
2023522301500,2023,522301500,2,2,0,18,19,2,6,0,0,8,0,0,0,0,1,1,6,6,1,55,8,49,1,1,-1,10,E01014903,0,-1
2023010484318,2023,010484318,2,9,0,18,19,3,7,0,0,0,0,0,0,0,3,1,6,6,1,41,7,3956,2,3,-1,2,E01001331,0,-1
2023340WN3012,2023,340WN3012,2,9,0,18,19,6,2,0,0,0,0,0,0,0,0,1,6,6,1,47,8,3996,1,0,-1,8,E01027103,0,-1
2023061351244,2023,061351244,1,9,0,16,19,3,2,0,0,1,0,0,0,0,4,1,6,6,3,50,8,3996,1,1,-1,5,E01012343,0,-1
2023101324905,2023,101324905,1,90,0,18,19,3,7,0,0,1,0,0,0,0,1,1,6,6,1,58,9,2287,2,10,-1,-1,-1,0,-1
2023451371392,2023,451371392,2,5,0,4,4,7,3,0,0,0,0,0,0,0,2,1,5,6,1,56,9,1868,1,3,-1,4,E01030503,0,-1
2023991345254,2023,991345254,1,5,0,16,19,3,6,0,0,0,1,0,0,0,3,1,5,6,1,62,9,1868,1,5,-1,10,-1,0,-1
2023421354334,2023,421354334,2,5,0,18,19,-1,-1,0,0,0,0,0,0,0,4,1,5,6,1,61,9,1868,1,2,-1,8,E01021717,0,-1
2023451342472,2023,451342472,1,5,0,9,9,2,8,0,0,8,2,0,0,0,4,1,5,6,1,63,9,1690,1,9,-1,7,E01030956,0,-1
2023340WN3682,2023,340WN3682,2,5,0,18,19,4,8,0,0,8,0,0,0,0,1,1,6,6,1,56,9,1584,1,16,-1,9,E01027286,0,-1
2023991340814,2023,991340814,1,5,0,18,19,3,5,0,0,8,1,0,0,0,3,1,5,6,1,55,8,1584,1,16,-1,6,-1,0,-1
2023991347974,2023,991347974,1,5,0,16,19,8,3,0,0,0,0,0,0,0,3,1,6,6,1,68,10,1745,1,0,-1,5,-1,0,-1
2023991347004,2023,991347004,1,3,0,16,19,5,1,0,0,0,0,0,0,0,1,1,5,6,2,24,5,125,1,2,LEXMOTO MICHIGAN,7,-1,0,-1
2023430093203,2023,430093203,2,3,0,18,19,6,2,0,0,1,0,0,1,10,3,1,2,2,1,21,5,125,1,4,LEXMOTO MICHIGAN,7,E01016288,0,-1
2023061367172,2023,061367172,2,3,-1,-1,-1,-1,-1,-1,-1,-1,-1,-1,-1,0,-1,1,6,6,3,56,9,125,1,1,LEXMOTO MICHIGAN,1,E01024906,0,-1
2023610015423,2023,610015423,1,3,0,4,4,5,7,0,0,1,0,0,0,0,4,1,6,6,1,62,9,125,1,7,LEXMOTO MICHIGAN,5,W01001589,0,-1
2023471384112,2023,471384112,1,3,0,18,19,6,2,0,0,1,1,0,0,0,1,1,2,2,1,26,6,125,1,6,LEXMOTO MICHIGAN,10,E01031735,0,-1
2023451367837,2023,451367837,1,3,0,17,19,5,1,0,0,1,1,0,0,0,3,1,1,1,1,18,4,125,1,4,LEXMOTO MICHIGAN,2,E01030599,0,-1
2023061294685,2023,061294685,2,3,0,18,19,5,1,0,0,8,5,0,0,0,1,1,6,6,1,18,4,125,1,0,LEXMOTO MICHIGAN,1,E01005259,0,-1
2023471329704,2023,471329704,1,3,0,18,19,4,8,0,0,0,1,0,0,0,0,1,5,6,1,40,7,125,1,3,LEXMOTO MICHIGAN,2,E01031436,0,-1
2023141301799,2023,141301799,1,3,0,4,4,8,3,0,0,1,0,0,0,0,1,1,6,6,1,29,6,125,1,3,LEXMOTO MICHIGAN,-1,-1,0,-1
2023351306676,2023,351306676,1,3,0,17,19,4,1,0,0,0,0,0,1,0,4,1,1,1,1,28,6,125,1,0,LEXMOTO MICHIGAN,8,E01018215,0,-1
2023041298757,2023,041298757,2,3,0,18,19,5,1,0,0,1,0,0,0,0,4,1,2,2,1,18,4,125,1,7,LEXMOTO MICHIGAN,7,E01025123,0,-1
2023991317413,2023,991317413,1,3,0,14,14,7,2,0,0,8,0,0,7,11,1,1,6,6,1,22,5,125,1,8,LEXMOTO MICHIGAN,5,-1,0,-1
2023221352476,2023,221352476,1,3,0,5,5,6,2,0,0,0,0,0,0,0,2,1,2,2,1,19,4,125,1,1,LEXMOTO MICHIGAN,2,E01014071,0,-1
2023501322149,2023,501322149,1,3,0,7,7,5,1,0,0,0,1,0,0,0,3,1,2,2,1,21,5,125,1,4,LEXMOTO MICHIGAN,5,E01018853,0,-1
2023201454263,2023,201454263,2,2,0,18,19,3,7,0,0,8,0,0,0,0,3,1,2,2,1,34,6,125,1,2,-1,6,E01009281,0,-1
2023401276170,2023,401276170,2,3,0,18,19,4,8,0,0,1,0,0,0,0,3,1,2,2,1,28,6,125,1,1,LEXMOTO MICHIGAN,4,E01017506,0,-1
2023320639559,2023,320639559,1,3,0,18,19,4,8,0,0,0,0,0,1,0,1,1,6,6,1,31,6,125,1,0,LEXMOTO MICHIGAN,7,E01026220,0,-1
2023340NN1992,2023,340NN1992,1,3,0,16,19,1,5,0,0,0,0,0,0,0,1,1,2,2,1,56,9,125,1,1,LEXMOTO MICHIGAN,3,E01026959,0,-1
2023101372014,2023,101372014,2,3,0,18,19,7,3,0,0,8,2,0,1,0,3,1,6,6,1,27,6,125,1,8,LEXMOTO MICHIGAN,-1,-1,0,-1
2023461283875,2023,461283875,1,4,0,4,4,1,5,0,0,1,0,0,0,0,1,1,6,6,1,30,6,125,1,1,-1,9,E01024832,0,-1
2023201355955,2023,201355955,1,4,0,18,19,2,6,0,0,1,0,0,0,0,0,1,2,2,1,28,6,125,1,5,-1,4,E01009218,0,-1
2023111350511,2023,111350511,2,3,0,18,19,3,7,0,0,8,0,0,0,0,0,1,5,6,1,71,10,125,1,1,LEXMOTO MICHIGAN,1,E01020880,0,-1
2023411312963,2023,411312963,2,2,0,5,5,1,5,0,0,4,0,0,0,0,2,1,2,2,1,46,8,125,1,3,-1,6,E01023499,0,-1
2023302300492,2023,302300492,2,2,0,18,19,8,6,0,0,8,0,0,0,0,4,1,6,6,1,37,7,125,1,3,-1,3,E01013474,0,-1
2023141357850,2023,141357850,2,3,0,18,19,6,3,0,0,2,0,0,0,0,1,1,6,6,1,17,4,125,1,2,LEXMOTO MICHIGAN,6,E01013250,0,-1
2023610013623,2023,610013623,2,3,0,18,19,5,1,0,0,3,1,0,0,0,4,1,6,6,1,29,6,125,1,6,LEXMOTO MICHIGAN,2,W01001064,0,-1
2023440049128,2023,440049128,1,4,0,9,9,8,2,0,0,3,0,0,0,0,2,1,2,2,1,36,7,125,1,3,-1,1,E01017207,0,-1
2023320409927,2023,320409927,1,3,0,18,19,8,4,0,0,0,5,0,0,0,0,1,6,6,1,26,6,125,1,5,LEXMOTO MICHIGAN,4,E01026044,0,-1
2023311316547,2023,311316547,2,3,0,5,5,8,4,0,0,0,5,0,0,0,1,1,5,6,1,21,5,125,1,1,LEXMOTO MICHIGAN,7,E01033410,0,-1
2023991344908,2023,991344908,1,3,0,16,19,6,2,0,0,0,1,11,0,0,1,1,5,6,1,22,5,125,1,1,LEXMOTO MICHIGAN,1,-1,0,-1
2023440490552,2023,440490552,1,3,0,16,19,4,8,0,0,1,0,10,0,0,4,1,2,2,1,39,7,125,1,3,LEXMOTO MICHIGAN,4,E01017339,0,-1
2023991278559,2023,991278559,2,3,0,18,19,5,1,0,0,1,2,0,0,0,1,1,2,2,1,58,9,125,1,4,LEXMOTO MICHIGAN,1,-1,0,-1
2023311337891,2023,311337891,1,3,0,18,19,7,3,0,0,0,0,0,7,11,1,1,2,2,1,26,6,125,1,3,LEXMOTO MICHIGAN,5,E01007609,0,-1
2023302300913,2023,302300913,1,3,0,15,15,8,4,0,0,0,0,0,0,0,3,1,6,6,1,19,4,125,1,1,LEXMOTO MICHIGAN,2,E01019505,0,-1
2023141342048,2023,141342048,2,3,0,18,19,1,5,0,0,1,2,0,0,0,4,1,5,6,1,55,8,125,1,8,LEXMOTO MICHIGAN,3,E01019487,0,-1
2023501308137,2023,501308137,2,3,0,18,19,3,8,0,0,1,5,0,0,0,1,1,5,6,1,17,4,125,1,2,LEXMOTO MICHIGAN,3,E01019975,0,-1
2023451307059,2023,451307059,2,3,0,18,19,3,7,0,0,0,0,0,0,0,1,1,5,6,1,20,4,125,1,6,LEXMOTO TITAN,5,E01030852,0,-1
2023552301300,2023,552301300,2,3,0,4,4,4,8,0,0,1,0,0,0,0,2,1,6,6,2,45,7,125,1,6,LEXMOTO TITAN,6,E01015353,0,-1
2023351338915,2023,351338915,1,3,0,7,7,6,8,0,0,2,1,0,0,0,0,1,2,2,1,24,5,125,1,1,LEXMOTO TITAN,3,E01018073,0,-1
2023440504628,2023,440504628,1,3,0,18,19,5,1,0,0,0,0,0,0,0,1,1,6,6,1,30,6,125,1,0,LEXMOTO TITAN,7,E01017094,0,-1
2023421278968,2023,421278968,1,4,0,9,9,5,1,0,0,4,2,0,4,0,1,1,2,2,1,38,7,125,1,2,-1,6,E01033458,0,-1
2023070245795,2023,070245795,1,3,0,4,4,5,1,0,0,2,1,0,0,0,0,1,6,6,1,34,6,125,1,5,LEXMOTO TITAN,3,E01018715,0,-1
2023461365173,2023,461365173,1,2,0,4,4,5,6,0,0,0,1,0,0,0,1,1,2,2,1,22,5,125,1,2,-1,1,E01016069,0,-1
2023071294534,2023,071294534,2,3,0,18,19,1,5,0,0,8,0,0,0,0,1,1,6,6,1,20,4,125,1,0,LEXMOTO TITAN,10,E01012489,0,-1
2023501357042,2023,501357042,1,3,0,4,4,2,7,0,0,2,2,0,0,0,3,1,5,6,1,33,6,125,1,4,LEXMOTO TITAN,4,E01020292,0,-1
2023320500910,2023,320500910,1,2,0,18,19,3,7,0,0,8,0,0,0,0,1,1,1,1,1,23,5,125,1,0,-1,5,E01026285,0,-1
2023031315600,2023,031315600,1,3,0,7,7,1,2,0,0,2,0,0,0,0,1,1,2,2,1,17,4,125,1,3,LEXMOTO TITAN,1,E01019197,0,-1
2023122301176,2023,122301176,2,3,0,10,10,7,3,0,0,8,0,2,0,0,1,1,6,6,1,16,4,125,1,6,LEXMOTO TITAN,3,E01013385,0,-1
2023311361199,2023,311361199,2,3,0,18,19,1,5,0,0,0,0,0,0,0,1,1,6,6,1,53,8,125,1,1,LEXMOTO TITAN,6,E01013895,0,-1
2023320716569,2023,320716569,2,2,0,4,4,6,2,0,0,0,2,0,0,0,3,1,6,6,1,18,4,125,1,1,-1,4,E01026019,0,-1
2023221385957,2023,221385957,2,3,0,10,10,5,7,0,0,1,0,0,0,0,2,1,1,1,1,67,10,125,1,3,LEXMOTO TITAN,2,E01032333,0,-1
2023052301251,2023,052301251,2,3,0,18,19,1,5,0,0,1,0,0,0,0,1,1,6,6,1,23,5,125,1,2,LEXMOTO TITAN,5,E01033095,0,-1
2023440466319,2023,440466319,1,3,0,4,4,4,8,0,0,0,0,0,0,0,2,1,2,2,1,28,6,125,1,0,LEXMOTO TITAN,4,E01017234,0,-1
2023501383073,2023,501383073,2,3,0,15,15,3,5,0,0,1,1,0,0,0,1,1,5,6,1,21,5,125,1,2,LEXMOTO TITAN,5,E01020060,0,-1
2023430199753,2023,430199753,1,3,0,18,19,6,2,0,0,0,0,0,0,0,3,1,6,6,1,18,4,125,1,2,LEXMOTO TITAN,10,E01022473,0,-1
2023622301060,2023,622301060,2,3,0,18,19,8,4,0,0,8,0,0,0,0,2,1,6,6,1,28,6,125,1,2,LEXMOTO TITAN,2,W01001855,0,-1
2023061358683,2023,061358683,2,3,0,18,19,7,3,0,0,6,0,0,0,0,4,1,6,6,1,18,4,125,1,3,LEXMOTO TITAN,-1,-1,0,-1
2023161322530,2023,161322530,1,3,0,18,19,3,7,0,0,6,0,0,1,0,1,1,1,1,1,31,6,125,1,3,LEXMOTO TITAN,3,E01013086,0,-1
2023430011191,2023,430011191,1,3,0,18,19,4,8,0,0,0,0,0,0,0,1,1,2,2,1,24,5,125,1,3,LEXMOTO TITAN,-1,-1,0,-1
2023440237091,2023,440237091,2,4,0,18,19,2,6,0,0,2,0,0,0,0,1,1,6,6,2,32,6,125,1,4,-1,4,E01017104,0,-1
2023070050847,2023,070050847,1,3,0,18,19,8,4,0,0,0,1,0,0,0,0,1,2,2,1,33,6,125,1,3,LEXMOTO TITAN,3,E01012522,0,-1
2023501297638,2023,501297638,1,2,0,18,19,3,7,0,0,2,1,0,0,0,1,1,5,6,1,18,4,125,1,5,-1,5,E01015215,0,-1
2023161289782,2023,161289782,1,3,0,18,19,4,8,0,0,2,0,0,0,0,1,1,2,2,1,22,5,125,1,2,LEXMOTO TITAN,8,E01026368,0,-1
2023501364842,2023,501364842,1,2,0,18,19,6,1,6,6,4,5,0,0,0,1,1,5,6,2,17,4,125,1,0,-1,3,E01018990,0,-1
2023440427073,2023,440427073,1,3,0,3,3,8,4,0,0,1,0,0,0,0,2,1,6,6,1,31,6,125,1,3,LEXMOTO TITAN,4,E01017137,0,-1
2023041285171,2023,041285171,1,3,0,18,19,3,7,0,0,1,0,0,0,0,1,1,6,6,1,40,7,125,1,4,LEXMOTO TITAN,1,E01025260,0,-1
2023531307720,2023,531307720,2,3,0,18,19,1,5,0,0,8,0,0,0,0,1,1,5,6,2,27,6,125,1,2,LEXMOTO TITAN,2,E01022458,0,-1
2023440478041,2023,440478041,2,3,0,18,19,4,8,0,0,8,0,0,0,0,4,1,2,2,2,23,5,125,1,0,LEXMOTO TITAN,5,E01017222,0,-1
2023201290896,2023,201290896,1,3,0,18,19,8,4,0,0,8,0,0,0,0,1,1,6,6,1,21,5,125,1,4,LEXMOTO TITAN,2,E01010525,0,-1
2023221360040,2023,221360040,1,3,0,16,19,4,8,0,0,0,1,0,0,0,3,1,5,6,1,52,8,125,1,0,LEXMOTO TITAN,3,E01032267,0,-1
2023201358767,2023,201358767,1,3,0,17,19,8,6,0,0,0,1,10,1,3,1,1,6,6,1,17,4,125,1,2,LEXMOTO TITAN,5,E01032133,0,-1
2023440143855,2023,440143855,1,3,0,18,19,2,6,0,0,2,0,4,0,0,1,1,2,2,1,20,4,124,1,0,LEXMOTO ZSB,6,E01023155,0,-1
2023031313951,2023,031313951,1,3,0,9,9,7,3,0,0,0,2,0,0,0,1,1,2,2,1,35,6,124,1,1,LEXMOTO ZSB,1,E01025110,0,-1
2023302301673,2023,302301673,1,3,0,13,13,8,4,0,0,0,0,0,0,0,1,1,6,6,1,18,4,124,1,0,LEXMOTO ZSB,7,E01019705,0,-1
2023471274052,2023,471274052,1,3,0,17,19,4,2,0,0,1,0,0,0,0,0,1,5,6,1,19,4,124,1,1,LEXMOTO ZSB,10,E01022588,0,-1
2023320577531,2023,320577531,2,3,0,18,19,3,7,0,0,1,5,0,0,0,3,1,6,6,1,36,7,124,1,3,LEXMOTO ZSB,8,E01026313,0,-1
2023141263427,2023,141263427,2,3,0,9,9,8,5,0,0,8,0,0,0,0,3,1,6,6,1,20,4,124,1,1,LEXMOTO ZSB,4,E01008019,0,-1
2023070135359,2023,070135359,2,3,0,15,15,7,3,0,0,0,0,0,0,0,1,1,6,6,1,23,5,124,1,3,LEXMOTO ZSB,1,E01012526,0,-1
2023071170395,2023,071170395,2,3,0,18,19,7,3,0,0,3,5,0,0,0,2,1,1,1,1,42,7,124,1,3,LEXMOTO ZSB,2,E01012482,0,-1
2023221364295,2023,221364295,2,3,0,18,19,6,2,0,0,8,0,10,0,0,1,1,5,6,1,51,8,124,1,7,LEXMOTO ZSB,8,E01014040,0,-1
2023401364308,2023,401364308,1,3,0,2,2,7,2,0,0,3,1,0,0,0,1,1,5,6,1,25,5,124,1,0,LEXMOTO ZSB,9,E01017422,0,-1
2023440353724,2023,440353724,1,3,0,18,19,3,7,0,0,1,0,0,0,0,1,1,2,2,1,19,4,124,1,0,LEXMOTO ZSB,10,E01022928,0,-1
2023991320130,2023,991320130,1,3,0,5,5,7,3,0,0,0,2,0,0,0,4,1,2,2,1,19,4,124,1,1,LEXMOTO ZSB,2,-1,0,-1
2023041442936,2023,041442936,1,3,0,14,14,4,8,0,0,8,1,0,0,0,4,1,5,6,1,38,7,124,1,1,LEXMOTO ZSB,1,E01024987,0,-1
2023141394087,2023,141394087,2,3,0,18,19,8,4,0,0,1,0,0,0,0,1,1,5,6,1,24,5,124,1,0,LEXMOTO ZSB,2,E01007590,0,-1
2023320480247,2023,320480247,2,3,0,18,19,6,2,0,0,1,0,0,0,0,1,1,6,6,1,18,4,124,1,1,LEXMOTO ZSB,-1,-1,0,-1
2023411375742,2023,411375742,1,3,0,13,13,4,7,0,0,0,0,0,1,10,3,1,6,6,1,19,4,124,1,7,LEXMOTO ZSB,10,E01002961,0,-1
2023351406489,2023,351406489,1,3,0,18,19,3,7,0,0,0,0,4,0,0,1,1,6,6,1,17,4,124,1,7,LEXMOTO ZSB,10,E01018116,0,-1
2023351352837,2023,351352837,1,3,0,18,19,7,3,0,0,0,0,0,0,0,4,1,6,6,1,35,6,124,1,2,LEXMOTO ZSB,4,E01033174,0,-1
2023421342634,2023,421342634,1,3,0,14,14,4,8,0,0,1,0,0,0,0,1,1,1,1,1,54,8,124,1,2,LEXMOTO ZSB,7,E01021882,0,-1
2023010430377,2023,010430377,1,3,0,99,99,9,9,99,99,9,9,99,9,99,9,1,2,2,2,30,6,124,1,3,LEXMOTO ZSB,3,E01002526,0,-1
2023421280978,2023,421280978,3,3,0,18,19,3,7,0,0,8,0,0,0,0,1,1,4,7,1,17,4,124,1,1,LEXMOTO ZSB,6,E01021769,0,-1
2023201283906,2023,201283906,1,3,0,18,19,2,6,0,0,0,1,0,0,0,1,1,2,2,1,38,7,124,1,4,LEXMOTO ZSB,1,E01032888,0,-1
2023351337098,2023,351337098,1,3,0,18,19,1,5,0,0,0,5,0,0,0,1,1,5,6,1,27,6,124,1,4,LEXMOTO ZSB,6,E01018053,0,-1
2023421288065,2023,421288065,1,9,0,18,19,7,3,0,0,0,0,0,0,0,1,1,6,6,1,32,6,2261,1,15,-1,2,E01015898,0,-1
2023010451898,2023,010451898,3,9,0,2,2,0,0,0,0,1,0,4,0,0,2,1,6,6,3,-1,-1,2143,2,7,MERCEDES CLS CLASS,-1,-1,0,-1
2023010470953,2023,010470953,5,9,0,3,3,3,7,0,0,0,0,0,0,0,2,1,6,6,1,49,8,3498,1,14,MERCEDES CLS CLASS,3,E01003584,0,-1
2023161293666,2023,161293666,2,9,0,13,13,7,3,0,0,0,0,0,1,0,1,1,6,6,1,31,6,2987,2,13,MERCEDES CLS CLASS,2,E01013331,0,-1
2023010420481,2023,010420481,2,9,0,15,15,4,8,9,9,2,0,0,0,0,4,1,6,6,1,50,8,3498,1,16,MERCEDES CLS CLASS,9,E01023969,0,-1
2023340WN1012,2023,340WN1012,1,9,0,13,13,8,4,0,0,1,0,0,0,0,1,1,2,2,1,43,7,2987,2,16,MERCEDES CLS CLASS,2,E01016741,0,-1
2023070405481,2023,070405481,2,9,0,18,19,1,5,0,0,0,0,0,1,4,1,1,6,6,1,51,8,2987,2,17,MERCEDES CLS CLASS,5,E01028895,0,-1
2023471337190,2023,471337190,2,9,0,9,9,5,3,0,0,6,0,0,0,0,3,1,5,6,1,69,10,2925,2,5,MERCEDES CLS CLASS,4,E01024535,0,-1
2023461297113,2023,461297113,1,9,0,5,5,5,3,0,0,5,0,0,0,0,3,1,5,6,1,59,9,2987,2,13,MERCEDES CLS CLASS,4,E01024382,0,-1
2023201323154,2023,201323154,2,9,0,15,15,6,2,0,0,0,0,7,3,0,1,1,6,6,1,-1,-1,2987,2,16,MERCEDES CLS CLASS,1,E01007530,0,-1
2023201415189,2023,201415189,1,9,0,5,5,4,8,0,0,4,0,0,0,0,3,1,2,2,1,46,8,2143,2,10,MERCEDES CLS CLASS,1,E01010062,0,-1
2023501334388,2023,501334388,1,9,0,18,19,7,3,0,0,0,0,0,0,0,4,1,6,6,1,51,8,2987,2,9,MERCEDES CLS CLASS,2,E01015055,0,-1
2023471358987,2023,471358987,1,9,0,12,12,2,6,0,0,0,0,0,0,0,1,1,2,2,1,47,8,2987,2,17,MERCEDES CLS CLASS,10,E01031748,0,-1
2023070994793,2023,070994793,1,9,0,4,4,7,3,0,0,0,0,0,0,0,1,1,6,6,1,-1,-1,2987,2,13,MERCEDES CLS CLASS,9,E01018381,0,-1
2023131356257,2023,131356257,1,9,0,18,19,3,7,0,0,1,0,0,0,0,1,1,5,6,1,28,6,2925,2,5,MERCEDES CLS CLASS,3,E01007679,0,-1
2023622300465,2023,622300465,2,9,0,2,2,0,0,0,0,1,0,0,0,0,2,1,6,6,3,-1,-1,2143,2,9,MERCEDES CLS CLASS,-1,-1,0,-1
2023430013222,2023,430013222,3,9,0,3,3,6,2,0,0,0,0,0,0,0,2,1,6,6,1,-1,-1,2987,2,15,MERCEDES CLS CLASS,-1,-1,0,-1
2023340WN3302,2023,340WN3302,4,9,0,18,19,3,7,0,0,2,0,0,0,0,2,1,6,6,1,39,7,2987,2,15,MERCEDES CLS CLASS,2,E01027228,0,-1
2023320795420,2023,320795420,1,9,0,18,19,8,4,0,0,3,0,0,0,0,1,1,6,6,1,43,7,2143,2,10,MERCEDES CLS CLASS,-1,-1,0,-1
2023332301109,2023,332301109,2,9,0,9,9,3,8,0,0,6,0,0,0,0,3,1,2,2,1,37,7,3498,1,18,MERCEDES CLS CLASS,3,E01013731,0,-1
2023461349869,2023,461349869,1,9,0,18,19,5,1,0,0,0,0,0,0,0,1,1,5,6,1,42,7,2987,2,18,MERCEDES CLS CLASS,1,E01024676,0,-1
2023401348303,2023,401348303,1,9,0,18,19,3,7,0,0,1,1,0,1,0,1,1,2,2,1,57,9,4966,1,18,MERCEDES CLS CLASS,2,E01017472,0,-1
2023451328853,2023,451328853,2,9,0,4,4,3,7,0,0,0,0,0,0,0,1,1,6,6,1,30,6,2143,2,10,MERCEDES CLS CLASS,4,E01002973,0,-1
2023501379189,2023,501379189,1,9,0,18,19,1,5,0,0,1,1,0,0,0,1,1,5,6,1,66,10,2987,2,7,MERCEDES CLS CLASS,4,E01018929,0,-1
2023131350450,2023,131350450,4,9,0,2,2,5,1,0,0,0,0,4,0,0,3,1,6,6,3,-1,-1,2987,2,8,MERCEDES CLS CLASS,-1,-1,0,-1
2023010429157,2023,010429157,3,9,0,99,99,9,9,99,99,9,9,99,9,99,2,9,6,6,3,-1,-1,2143,2,7,MERCEDES CLS CLASS,-1,-1,0,-1
2023010481294,2023,010481294,2,9,0,99,99,9,9,99,99,9,9,99,9,99,1,9,6,6,3,-1,-1,2987,2,16,MERCEDES CLS CLASS,-1,-1,0,-1