collision_index,collision_year,collision_ref_no,vehicle_reference,vehicle_type,towing_and_articulation,vehicle_manoeuvre_historic,vehicle_manoeuvre,vehicle_direction_from,vehicle_direction_to,vehicle_location_restricted_lane_historic,vehicle_location_restricted_lane,junction_location,skidding_and_overturning,hit_object_in_carriageway,vehicle_leaving_carriageway,hit_object_off_carriageway,first_point_of_impact,vehicle_left_hand_drive,journey_purpose_of_driver_historic,journey_purpose_of_driver,sex_of_driver,age_of_driver,age_band_of_driver,engine_capacity_cc,propulsion_code,age_of_vehicle,generic_make_model,driver_imd_decile,lsoa_of_driver,escooter_flag,driver_distance_banding
2023411352440,2023,411352440,2,9,0,18,19,8,4,0,0,1,0,0,0,0,1,1,5,6,2,68,10,1197,1,6,NISSAN JUKE,9,E01023706,0,-1
2023622400069,2023,622400069,1,9,0,18,19,1,5,0,0,2,5,4,0,0,1,1,6,6,2,46,8,1461,2,7,NISSAN JUKE,9,W01001198,0,-1
2023070261245,2023,070261245,1,9,0,18,19,3,7,0,0,0,0,0,0,0,1,1,2,2,2,44,7,1598,8,1,NISSAN JUKE,7,E01018499,0,-1
202354D126923,2023,54D126923,3,9,0,18,19,4,8,0,0,1,2,0,0,0,1,1,6,6,1,48,8,999,1,2,NISSAN JUKE,10,E01031934,0,-1
2023552300248,2023,552300248,1,9,0,4,4,3,7,0,0,0,0,0,0,0,1,1,6,6,2,65,9,999,1,3,NISSAN JUKE,7,E01020492,0,-1
2023061327452,2023,061327452,2,9,0,18,19,7,3,0,0,0,0,0,0,0,1,1,5,6,2,76,11,1598,1,4,NISSAN JUKE,4,E01005712,0,-1
2023332301034,2023,332301034,2,9,0,1,1,3,7,0,0,6,0,0,0,0,2,1,6,6,1,24,5,999,1,3,NISSAN JUKE,10,E01025616,0,-1
2023170S10263,2023,170S10263,1,9,0,18,19,2,6,0,0,1,0,0,0,0,1,1,6,6,1,78,11,1461,2,12,NISSAN JUKE,9,E01012188,0,-1
2023520301066,2023,520301066,2,9,0,18,19,1,5,0,0,1,0,0,0,0,1,1,6,6,2,34,6,1598,1,12,NISSAN JUKE,8,E01029198,0,-1
2023170M11393,2023,170M11393,1,9,0,2,2,0,0,9,9,0,0,0,0,0,3,1,6,6,2,44,7,1461,2,10,NISSAN JUKE,-1,-1,0,-1
2023461277461,2023,461277461,1,9,0,17,19,3,7,0,0,0,5,0,1,9,1,1,5,6,2,32,6,1197,1,7,NISSAN JUKE,8,E01000752,0,-1
2023161286008,2023,161286008,2,9,0,7,7,7,1,0,0,8,0,0,0,0,1,1,6,6,2,-1,-1,1598,1,7,NISSAN JUKE,-1,-1,0,-1
2023101383114,2023,101383114,3,9,0,18,19,8,4,0,0,2,0,0,0,0,3,1,1,1,1,60,9,1461,2,7,NISSAN JUKE,4,E01020630,0,-1
2023161310644,2023,161310644,3,9,0,18,19,8,4,0,0,0,0,0,1,0,4,1,5,6,2,40,7,1461,2,6,NISSAN JUKE,7,E01013020,0,-1
2023430388864,2023,430388864,1,9,0,18,19,2,6,0,0,0,0,0,0,0,3,1,6,6,1,36,7,1461,2,9,NISSAN JUKE,4,E01022527,0,-1
2023211300870,2023,211300870,1,9,0,18,19,5,1,0,0,1,0,0,0,0,2,1,1,1,2,57,9,1598,1,10,NISSAN JUKE,7,E01029771,0,-1
202360A144097,2023,60A144097,1,9,0,18,19,4,8,0,0,1,0,0,1,11,1,1,6,6,1,56,9,999,1,1,NISSAN JUKE,-1,-1,0,-1
2023010483731,2023,010483731,2,9,0,99,99,9,9,99,99,5,9,99,9,99,9,9,6,6,3,-1,-1,1197,1,9,NISSAN JUKE,-1,-1,0,-1
2023531350273,2023,531350273,3,9,0,2,2,0,0,0,0,0,0,0,0,0,1,1,6,6,3,-1,-1,1197,1,9,NISSAN JUKE,-1,-1,0,-1
2023471372491,2023,471372491,1,9,0,18,19,1,1,0,0,0,0,0,0,0,1,1,6,6,3,-1,-1,1197,1,6,NISSAN JUKE,-1,-1,0,-1
2023522400108,2023,522400108,1,9,0,4,4,2,6,0,0,0,0,0,0,0,2,1,6,6,2,35,6,1598,1,12,NISSAN JUKE,9,E01032682,0,-1
2023052302731,2023,052302731,1,9,0,7,7,1,7,0,0,8,0,0,0,0,2,1,6,6,2,33,6,999,1,2,NISSAN JUKE,1,E01012380,0,-1
2023031294643,2023,031294643,2,9,0,10,10,5,1,0,0,5,0,0,0,0,2,1,5,6,2,32,6,999,1,3,NISSAN JUKE,1,E01019277,0,-1
2023991342095,2023,991342095,3,9,0,18,19,5,1,0,0,2,0,0,1,0,1,1,6,6,2,71,10,1461,2,6,NISSAN JUKE,4,-1,0,-1
2023421343438,2023,421343438,1,9,0,9,9,3,5,0,0,6,0,0,0,0,1,1,5,6,1,27,6,1598,1,9,NISSAN JUKE,4,E01000588,0,-1
2023430094213,2023,430094213,1,9,0,3,3,6,2,0,0,1,0,0,0,0,2,1,6,6,1,47,8,1461,2,5,NISSAN JUKE,4,E01017903,0,-1
2023122300695,2023,122300695,1,9,0,7,7,5,7,0,0,1,0,0,0,0,3,1,6,6,1,52,8,1461,2,7,NISSAN JUKE,5,E01027610,0,-1
2023461323850,2023,461323850,3,9,0,4,4,7,3,0,0,0,0,0,0,0,2,1,1,1,1,33,6,1461,2,8,NISSAN JUKE,2,E01016136,0,-1
2023010480019,2023,010480019,2,9,0,18,19,7,3,0,0,1,0,0,0,0,1,1,1,1,1,72,10,1598,1,4,NISSAN JUKE,2,E01001621,0,-1
2023311375981,2023,311375981,1,9,0,1,1,-1,-1,0,0,0,0,0,0,0,2,1,6,6,1,-1,-1,1598,1,4,NISSAN JUKE,-1,-1,0,-1
2023010422202,2023,010422202,2,9,0,99,99,9,9,99,99,9,9,99,9,99,1,9,6,6,3,-1,-1,1461,2,7,NISSAN JUKE,-1,-1,0,-1
2023991337987,2023,991337987,2,9,0,18,19,4,3,0,0,1,0,0,0,0,1,1,5,6,2,42,7,999,1,0,NISSAN JUKE,-1,-1,0,-1
2023501272296,2023,501272296,2,9,-1,2,2,0,0,0,0,1,0,0,0,0,3,1,2,2,2,30,6,1461,2,12,NISSAN JUKE,7,E01015103,0,-1
2023131370866,2023,131370866,2,9,0,18,19,3,7,0,0,0,0,0,0,0,1,1,5,6,2,48,8,1461,2,9,NISSAN JUKE,2,E01010722,0,-1
2023421302293,2023,421302293,1,9,0,18,19,5,1,0,0,2,0,0,0,0,1,1,6,6,1,41,7,1461,2,10,NISSAN JUKE,5,E01015992,0,-1
2023430218236,2023,430218236,2,9,0,7,7,2,4,0,0,8,0,0,0,0,4,1,3,7,2,37,7,999,1,2,NISSAN JUKE,9,E01028425,0,-1
2023351374231,2023,351374231,1,9,0,18,19,5,7,0,0,1,0,0,0,0,3,1,5,6,2,84,11,1598,1,10,NISSAN JUKE,6,E01018052,0,-1
2023361387782,2023,361387782,2,9,0,4,4,3,7,0,0,1,0,0,0,0,2,1,5,6,2,38,7,1598,1,13,NISSAN JUKE,1,E01026597,0,-1
2023302300074,2023,302300074,2,9,0,1,1,6,2,0,0,4,0,0,0,0,2,1,6,6,2,62,9,1461,2,8,NISSAN JUKE,4,E01026952,0,-1
2023052302834,2023,052302834,1,9,0,5,5,1,5,0,0,1,0,0,0,0,1,1,6,6,2,-1,-1,1598,1,13,NISSAN JUKE,-1,-1,0,-1
2023471390984,2023,471390984,1,9,0,9,9,1,7,0,0,6,0,0,0,0,1,1,6,6,2,28,6,999,1,3,NISSAN JUKE,4,E01031834,0,-1
2023421367974,2023,421367974,3,9,0,18,19,5,1,0,0,0,0,0,0,0,1,1,5,6,1,53,8,999,1,3,NISSAN JUKE,-1,-1,0,-1
2023010485888,2023,010485888,2,9,9,99,99,9,9,99,99,0,9,99,9,99,9,9,6,6,3,29,6,1598,1,12,NISSAN JUKE,1,E01003192,0,-1
2023401381322,2023,401381322,2,9,0,18,19,1,5,0,0,2,0,0,0,0,1,1,6,6,2,70,10,1598,1,10,NISSAN JUKE,2,E01017490,0,-1
2023991393165,2023,991393165,2,9,0,2,2,0,0,6,6,1,0,0,0,0,1,1,6,6,3,-1,-1,1197,1,6,NISSAN JUKE,-1,-1,0,-1
2023061335541,2023,061335541,2,9,0,2,2,0,0,0,0,0,0,0,0,0,4,1,6,6,3,-1,-1,1618,1,8,NISSAN JUKE,-1,-1,0,-1
2023061363288,2023,061363288,2,9,-1,-1,-1,-1,-1,-1,-1,0,-1,-1,-1,0,-1,1,6,6,1,42,7,1598,8,1,NISSAN JUKE,2,E01005553,0,-1
2023552300411,2023,552300411,2,9,0,3,3,5,1,0,0,0,0,0,0,0,2,1,6,6,1,47,8,1612,1,12,NISSAN JUKE,4,E01015326,0,-1
2023031286795,2023,031286795,2,9,0,3,3,8,4,0,0,0,0,0,0,0,3,1,5,6,2,51,8,999,1,2,NISSAN JUKE,3,E01019198,0,-1
2023010484736,2023,010484736,1,9,0,18,19,5,1,0,0,0,5,4,0,0,1,1,6,6,2,65,9,999,1,1,NISSAN JUKE,9,E01000279,0,-1
2023010445099,2023,010445099,1,9,0,5,5,1,5,0,0,1,0,0,0,0,4,1,6,6,2,41,7,1598,1,9,NISSAN JUKE,6,E01003676,0,-1
2023070151876,2023,070151876,1,9,0,1,1,7,3,9,9,0,0,0,0,0,3,1,6,6,1,-1,-1,1598,1,6,NISSAN JUKE,2,E01012377,0,-1
2023052301819,2023,052301819,3,9,0,3,3,2,6,0,0,1,0,0,0,0,2,1,6,6,1,37,7,1461,2,8,NISSAN JUKE,5,E01007057,0,-1
2023101358268,2023,101358268,2,9,0,7,7,1,3,0,0,0,0,0,0,0,2,1,5,6,2,52,8,1598,1,4,NISSAN JUKE,5,E01033202,0,-1
2023161347098,2023,161347098,2,9,0,3,3,1,4,0,0,0,0,0,0,0,2,1,6,6,2,49,8,1598,1,9,NISSAN JUKE,7,E01013032,0,-1
2023010469358,2023,010469358,2,9,9,18,19,1,5,0,0,9,9,99,9,0,9,9,6,6,3,-1,-1,1598,1,8,NISSAN JUKE,-1,-1,0,-1
2023201295667,2023,201295667,2,9,0,9,9,-1,-1,0,0,8,0,0,0,0,4,1,6,6,2,39,7,1598,1,10,NISSAN JUKE,3,E01010336,0,-1
2023471334094,2023,471334094,1,9,0,5,5,5,1,0,0,8,0,0,0,0,1,1,5,6,2,73,10,1598,1,5,NISSAN JUKE,4,E01031809,0,-1
2023471392658,2023,471392658,1,9,0,18,19,1,5,0,0,5,0,0,0,0,3,1,6,6,2,21,5,1461,2,11,NISSAN JUKE,7,E01031837,0,-1
2023131378778,2023,131378778,2,9,0,18,19,8,4,0,0,2,0,0,0,0,3,1,5,6,1,73,10,1598,1,7,NISSAN JUKE,3,E01011944,0,-1
2023471331624,2023,471331624,2,9,0,9,9,2,8,0,0,2,0,0,0,0,2,1,2,2,2,58,9,1598,1,5,NISSAN JUKE,10,E01031740,0,-1
2023041380120,2023,041380120,1,9,0,18,19,4,8,0,0,1,0,0,0,0,1,1,5,6,2,25,5,1197,1,7,NISSAN JUKE,7,E01012592,0,-1
2023010451420,2023,010451420,1,9,0,99,99,9,9,99,99,9,9,99,9,99,2,9,6,6,1,22,5,999,1,2,NISSAN JUKE,2,E01001980,0,-1
2023010447012,2023,010447012,2,9,0,6,6,7,7,0,0,1,0,0,0,0,3,1,6,6,2,30,6,1461,2,7,NISSAN JUKE,1,E01002280,0,-1
2023522401009,2023,522401009,1,9,0,9,9,3,1,0,0,5,0,0,0,0,2,1,6,6,2,31,6,999,1,2,NISSAN JUKE,10,E01014933,0,-1
2023401347174,2023,401347174,2,9,0,18,19,5,1,0,0,8,0,0,0,0,4,1,5,6,2,34,6,1598,1,4,NISSAN JUKE,9,E01001521,0,-1
2023161372103,2023,161372103,2,9,0,18,19,6,2,0,0,1,0,0,0,0,4,1,5,6,2,42,7,1197,1,8,NISSAN JUKE,3,E01012827,0,-1
2023421365924,2023,421365924,2,9,0,18,19,1,5,0,0,0,0,0,0,0,4,1,6,6,2,-1,-1,1197,1,6,NISSAN JUKE,-1,-1,0,-1
2023010437292,2023,010437292,1,9,0,18,19,3,7,0,0,1,0,0,0,0,2,1,6,6,2,49,8,1598,1,10,NISSAN JUKE,2,E01000091,0,-1
2023411344329,2023,411344329,2,9,-1,-1,-1,-1,-1,-1,-1,-1,-1,-1,-1,0,-1,1,6,6,2,52,8,1197,1,9,NISSAN JUKE,10,E01023290,0,-1
2023010446228,2023,010446228,1,9,0,18,19,7,3,0,0,1,0,0,0,0,3,1,6,6,2,50,8,1197,1,7,NISSAN JUKE,1,E01002099,0,-1
2023991264937,2023,991264937,1,9,0,18,19,8,4,0,0,0,0,0,1,0,0,1,5,6,2,59,9,1598,1,6,NISSAN JUKE,2,E01007391,0,-1
2023010475150,2023,010475150,3,9,0,9,9,5,3,0,0,3,0,0,0,0,1,1,6,6,2,50,8,1598,1,5,NISSAN JUKE,4,E01003513,0,-1
2023543266923,2023,543266923,1,9,0,9,9,5,3,0,0,3,0,0,0,0,1,1,6,6,2,-1,-1,1461,2,12,NISSAN JUKE,8,E01015553,0,-1
2023401355159,2023,401355159,2,9,0,18,19,2,6,0,0,8,0,0,0,0,3,1,3,7,1,39,7,1598,1,13,NISSAN JUKE,4,E01017521,0,-1
2023101361165,2023,101361165,2,9,0,18,19,5,2,0,0,8,0,0,0,0,3,1,2,2,2,40,7,1461,2,6,NISSAN JUKE,4,E01020783,0,-1
2023041324131,2023,041324131,2,9,0,9,9,3,8,0,0,4,0,0,0,0,2,1,5,6,2,46,8,999,1,0,NISSAN JUKE,5,E01025517,0,-1
2023010461075,2023,010461075,2,9,0,2,2,0,0,0,0,2,0,4,0,0,2,1,6,6,3,-1,-1,1598,1,9,NISSAN JUKE,-1,-1,0,-1
2023221291887,2023,221291887,1,9,0,9,9,2,8,0,0,2,0,0,0,0,1,1,5,6,2,25,5,1598,1,9,NISSAN JUKE,4,E01032343,0,-1
2023010424954,2023,010424954,1,9,0,99,99,9,9,99,99,9,9,99,9,99,2,9,2,2,2,53,8,1197,1,8,NISSAN JUKE,2,E01032744,0,-1
2023520301790,2023,520301790,1,9,0,4,4,2,6,0,0,0,0,0,0,0,3,1,6,6,2,39,7,1598,1,13,NISSAN JUKE,5,E01029143,0,-1
2023461307453,2023,461307453,1,9,0,18,19,5,7,0,0,8,0,0,0,0,1,1,6,6,2,45,7,1598,1,5,NISSAN JUKE,4,E01024284,0,-1
2023010454446,2023,010454446,2,9,0,3,3,5,1,0,0,0,0,0,0,0,1,1,6,6,2,49,8,1598,1,5,NISSAN JUKE,3,E01003602,0,-1
2023052300617,2023,052300617,1,9,0,5,5,6,2,0,0,0,0,0,0,0,3,1,6,6,2,52,8,999,1,3,NISSAN JUKE,7,E01007002,0,-1
2023041363008,2023,041363008,3,9,0,18,19,6,8,0,0,0,0,0,0,0,1,1,2,2,1,53,8,1598,1,11,NISSAN JUKE,2,E01012576,0,-1
2023131326719,2023,131326719,1,9,0,18,19,1,5,0,0,8,0,0,0,0,3,1,5,6,1,52,8,1197,1,8,NISSAN JUKE,10,E01010947,0,-1
2023010480900,2023,010480900,2,9,0,18,19,7,3,0,0,1,0,0,0,0,1,1,1,1,1,69,10,999,1,2,NISSAN JUKE,3,E01002445,0,-1
2023070364338,2023,070364338,3,9,0,4,4,5,1,0,0,0,0,0,0,0,2,1,6,6,1,38,7,1598,1,5,NISSAN JUKE,8,E01018655,0,-1
2023101332801,2023,101332801,2,9,0,18,19,5,1,0,0,0,1,0,0,0,2,1,6,6,1,46,8,1461,2,10,NISSAN JUKE,1,E01008800,0,-1
2023041380923,2023,041380923,1,9,0,18,19,1,5,0,0,1,0,0,0,0,1,1,5,6,2,45,7,1618,1,7,NISSAN JUKE,2,E01012580,0,-1
2023010479838,2023,010479838,2,9,0,18,19,2,6,0,0,1,0,0,0,0,1,1,6,6,2,35,6,999,1,2,NISSAN JUKE,5,E01003650,0,-1
2023010453489,2023,010453489,2,9,0,99,99,9,9,99,99,9,9,99,9,99,1,9,6,6,2,53,8,1598,1,8,NISSAN JUKE,2,E01003046,0,-1
2023131346226,2023,131346226,1,9,0,9,9,5,3,0,0,8,0,0,0,0,4,1,5,6,2,63,9,1461,2,11,NISSAN JUKE,5,E01011928,0,-1
2023010451625,2023,010451625,2,9,9,99,99,9,9,99,99,9,9,99,9,99,9,9,6,6,3,-1,-1,1197,1,8,NISSAN JUKE,-1,-1,0,-1
2023542000423,2023,542000423,2,9,0,4,4,8,4,0,0,0,0,0,0,0,1,1,6,6,2,29,6,1598,1,12,NISSAN JUKE,-1,-1,0,-1
2023161357132,2023,161357132,1,9,0,3,3,7,3,0,0,0,0,0,0,0,2,1,2,2,2,38,7,1618,1,6,NISSAN JUKE,8,E01013102,0,-1
2023010466189,2023,010466189,1,9,0,9,9,2,7,0,0,8,0,0,0,0,1,1,2,2,2,53,8,1461,2,6,NISSAN JUKE,5,E01002666,0,-1
2023231295360,2023,231295360,1,9,0,4,4,2,6,0,0,0,0,0,0,0,0,1,5,6,2,51,8,1461,2,9,NISSAN JUKE,6,E01029614,0,-1
2023471260750,2023,471260750,1,9,0,18,19,3,7,0,0,0,0,0,0,0,4,1,5,6,2,34,6,1197,1,8,NISSAN JUKE,6,E01022814,0,-1
2023440442978,2023,440442978,1,9,0,18,19,4,8,0,0,0,0,0,0,0,1,1,2,2,1,32,6,1598,1,10,NISSAN JUKE,3,E01017051,0,-1
2023010457628,2023,010457628,1,9,0,18,19,5,1,0,0,0,0,4,0,0,1,1,6,6,1,34,6,1197,1,7,NISSAN JUKE,5,E01000619,0,-1
2023622300797,2023,622300797,1,9,0,18,19,6,2,0,0,1,0,0,0,0,1,1,6,6,2,51,8,1598,1,5,NISSAN JUKE,7,W01001877,0,-1
2023122301002,2023,122301002,2,9,0,4,4,7,3,0,0,0,0,0,0,0,2,1,6,6,2,25,5,1197,1,9,NISSAN JUKE,-1,-1,0,-1
2023451268001,2023,451268001,1,9,0,18,19,1,5,0,0,0,1,0,1,11,4,1,3,7,2,44,7,1598,1,10,NISSAN JUKE,10,E01030992,0,-1
2023161394309,2023,161394309,1,9,0,9,9,2,1,0,0,6,0,0,0,0,1,1,6,6,2,54,8,999,1,1,NISSAN JUKE,4,E01012801,0,-1
2023302300679,2023,302300679,2,9,0,4,4,8,4,0,0,0,0,0,0,0,2,1,2,2,1,22,5,1598,1,6,NISSAN JUKE,8,E01028119,0,-1
2023010421980,2023,010421980,2,9,0,99,99,9,9,99,99,0,9,99,9,99,2,9,6,6,3,-1,-1,1598,1,4,NISSAN JUKE,-1,-1,0,-1
2023461326293,2023,461326293,3,9,0,2,2,0,0,0,0,0,0,0,0,0,2,1,5,6,3,-1,-1,1598,1,12,NISSAN JUKE,-1,-1,0,-1
2023421326682,2023,421326682,2,9,0,9,9,1,5,0,0,8,0,0,0,0,1,1,6,6,2,64,9,999,1,0,NISSAN JUKE,5,E01021770,0,-1
2023061322570,2023,061322570,1,9,0,7,7,5,3,0,0,1,0,0,0,0,1,1,1,1,1,41,7,1598,1,11,NISSAN JUKE,-1,-1,0,-1
2023461379711,2023,461379711,1,9,0,18,19,7,3,0,0,0,0,0,0,0,1,1,6,6,2,36,7,1461,2,6,NISSAN JUKE,5,E01024595,0,-1
2023991315218,2023,991315218,2,9,0,2,2,0,0,0,0,2,0,0,0,0,4,2,6,6,3,-1,-1,1197,1,6,NISSAN JUKE,-1,-1,0,-1
2023991353056,2023,991353056,1,9,0,10,10,7,5,0,0,1,0,0,1,0,2,1,5,6,3,51,8,1598,1,6,NISSAN JUKE,8,-1,0,-1
202360A190768,2023,60A190768,2,9,0,4,4,5,1,0,0,0,0,0,0,0,1,1,6,6,1,77,11,1598,1,12,NISSAN JUKE,-1,-1,0,-1
2023010450101,2023,010450101,2,9,0,99,99,9,9,99,99,9,9,99,9,99,1,9,6,6,3,-1,-1,1598,1,8,NISSAN JUKE,8,E01000672,0,-1
2023430159714,2023,430159714,2,9,0,6,6,4,4,0,0,8,0,0,0,0,3,1,1,1,1,38,7,1461,2,13,NISSAN JUKE,9,E01028469,0,-1
2023010461182,2023,010461182,1,9,0,18,19,5,1,0,0,6,0,0,0,0,1,1,6,6,1,84,11,1461,2,7,NISSAN JUKE,3,E01000385,0,-1
2023061394993,2023,061394993,2,9,0,18,19,2,6,0,0,1,0,0,0,0,2,1,6,6,2,32,6,999,1,0,NISSAN JUKE,4,E01006349,0,-1
2023010459104,2023,010459104,1,9,0,99,99,9,9,99,99,9,9,99,9,99,9,9,6,6,1,30,6,999,1,0,NISSAN JUKE,7,E01000573,0,-1
2023041302513,2023,041302513,1,9,0,18,19,-1,-1,0,0,1,0,0,0,0,2,1,6,6,3,-1,-1,1461,2,11,NISSAN JUKE,-1,-1,0,-1
2023170H10473,2023,170H10473,1,9,0,6,6,2,2,0,0,0,5,0,0,0,4,1,6,6,1,65,9,999,1,2,NISSAN JUKE,1,E01008345,0,-1
2023010448943,2023,010448943,2,9,0,18,19,1,5,0,0,8,0,0,9,0,9,9,6,6,3,-1,-1,1598,1,6,NISSAN JUKE,-1,-1,0,-1
2023461447543,2023,461447543,2,9,0,2,2,0,0,0,0,0,0,0,0,0,2,2,6,6,3,-1,-1,1461,2,9,NISSAN JUKE,-1,-1,0,-1
2023141304950,2023,141304950,1,9,0,9,9,4,2,0,0,1,0,0,0,0,3,1,5,6,2,54,8,1197,1,5,NISSAN JUKE,2,E01007448,0,-1
2023471350821,2023,471350821,1,9,0,18,19,7,3,0,0,0,0,4,0,0,4,1,5,6,1,24,5,999,1,2,NISSAN JUKE,3,E01031366,0,-1
2023052300535,2023,052300535,1,9,0,18,19,1,5,0,0,8,5,0,0,0,1,1,1,1,2,48,8,1461,2,11,NISSAN JUKE,1,E01006644,0,-1
2023991324152,2023,991324152,1,9,0,18,19,4,8,0,0,0,0,2,0,0,1,1,5,6,2,31,6,1197,1,7,NISSAN JUKE,2,-1,0,-1
2023411330972,2023,411330972,2,9,0,18,19,-1,-1,0,0,3,0,0,0,0,4,1,5,6,1,39,7,1197,1,5,NISSAN JUKE,9,E01023612,0,-1
2023622300984,2023,622300984,1,9,0,18,19,4,8,0,0,0,0,0,0,0,1,1,6,6,2,34,6,1598,1,11,NISSAN JUKE,5,W01001878,0,-1
2023061267139,2023,061267139,1,9,0,1,1,4,8,0,0,1,0,0,0,0,2,1,6,6,3,30,6,1598,1,7,NISSAN JUKE,-1,-1,0,-1
2023430264309,2023,430264309,2,9,0,18,19,2,6,0,0,4,0,0,0,0,3,1,6,6,2,-1,-1,1598,1,13,NISSAN JUKE,-1,-1,0,-1
2023552300320,2023,552300320,1,9,0,5,5,6,2,0,0,1,0,0,0,0,1,1,6,6,2,70,10,1461,2,12,NISSAN JUKE,9,E01020362,0,-1
2023101375824,2023,101375824,2,9,0,4,4,6,2,0,0,0,0,0,0,0,2,1,2,2,2,41,7,1461,2,12,NISSAN JUKE,4,E01008226,0,-1
2023041327125,2023,041327125,1,9,0,18,19,4,4,0,0,0,0,0,7,0,1,1,5,6,1,64,9,1598,1,8,NISSAN JUKE,1,E01025590,0,-1
2023131376382,2023,131376382,1,9,0,5,5,3,7,0,0,8,0,0,0,0,3,1,1,1,2,42,7,1461,2,11,NISSAN JUKE,1,E01010659,0,-1
2023320782945,2023,320782945,1,9,0,18,19,2,6,0,0,0,0,0,7,0,1,1,6,6,1,74,10,1197,1,8,NISSAN JUKE,4,E01012929,0,-1
202360A047605,2023,60A047605,1,9,0,7,7,5,8,0,0,6,0,0,0,0,1,1,6,6,2,46,8,1461,2,11,NISSAN JUKE,-1,-1,0,-1
2023302301874,2023,302301874,2,9,0,4,4,4,8,0,0,0,0,0,0,0,2,1,2,2,1,47,8,1461,2,9,NISSAN JUKE,4,E01019813,0,-1
2023471392150,2023,471392150,1,9,0,18,19,6,2,0,0,4,0,0,0,0,1,1,5,6,2,46,8,1598,1,11,NISSAN JUKE,4,E01031553,0,-1
2023101363801,2023,101363801,1,9,0,18,19,3,7,0,0,1,0,0,0,0,3,1,1,1,1,48,8,1461,2,4,NISSAN JUKE,4,E01008555,0,-1
2023361313862,2023,361313862,2,9,0,18,19,1,5,0,0,0,0,0,0,0,1,1,6,6,2,45,7,1598,1,10,NISSAN JUKE,6,E01026514,0,-1
2023071057088,2023,071057088,2,9,0,18,19,4,8,0,0,1,0,0,0,0,1,1,6,6,2,55,8,1598,1,9,NISSAN JUKE,8,E01018567,0,-1
2023010467332,2023,010467332,1,9,0,7,7,3,5,0,0,8,0,0,0,0,3,1,6,6,2,25,5,1598,1,11,NISSAN JUKE,5,E01003307,0,-1
2023041272204,2023,041272204,1,9,0,18,19,3,7,0,0,0,0,0,0,0,1,1,5,6,2,41,7,1461,2,8,NISSAN JUKE,5,E01024989,0,-1
2023201388996,2023,201388996,2,9,0,18,19,7,3,0,0,8,0,0,0,0,4,1,6,6,2,46,8,999,1,1,NISSAN JUKE,1,E01009952,0,-1
2023201416130,2023,201416130,1,9,-1,18,19,6,2,0,0,0,0,0,0,0,1,1,6,6,1,-1,-1,1618,1,8,NISSAN JUKE,-1,-1,0,-1
2023041292170,2023,041292170,1,9,0,9,9,7,5,0,0,6,0,11,7,7,4,1,6,6,2,39,7,1598,1,10,NISSAN JUKE,3,E01025063,0,-1
2023101386971,2023,101386971,2,9,0,4,4,7,3,0,0,0,0,10,0,0,1,2,6,6,2,55,8,999,1,2,NISSAN JUKE,1,E01008524,0,-1
2023111329892,2023,111329892,1,9,0,18,19,1,5,0,0,8,0,0,1,0,3,1,5,6,1,50,8,1598,1,10,NISSAN JUKE,3,E01020652,0,-1
2023070089701,2023,070089701,4,9,0,5,5,2,4,0,0,2,0,0,0,0,1,1,1,1,2,37,7,1461,2,5,NISSAN JUKE,1,E01018563,0,-1
2023531299724,2023,531299724,2,9,0,18,19,5,1,0,0,8,0,0,1,10,1,1,2,2,1,22,5,1461,2,9,NISSAN JUKE,10,E01022105,0,-1
2023471375518,2023,471375518,1,9,0,7,7,3,6,0,0,8,0,0,0,0,1,1,5,6,2,24,5,1598,1,12,NISSAN JUKE,8,E01031518,0,-1
2023131291987,2023,131291987,1,9,0,-1,-1,-1,-1,-1,-1,8,-1,-1,-1,0,-1,1,6,6,3,-1,-1,1461,2,11,NISSAN JUKE,-1,-1,0,-1
2023421334532,2023,421334532,1,9,0,17,19,8,5,0,0,0,0,0,0,0,1,1,6,6,1,27,6,1598,1,4,NISSAN JUKE,3,E01021649,0,-1
2023141324172,2023,141324172,1,9,0,18,19,5,1,0,0,0,0,0,0,0,1,1,6,6,3,67,10,1461,2,8,NISSAN JUKE,7,E01019769,0,-1
2023311330383,2023,311330383,4,9,0,2,2,0,0,0,0,0,0,0,0,0,3,1,5,6,2,32,6,1197,1,8,NISSAN JUKE,-1,-1,0,-1
2023201290780,2023,201290780,1,9,0,18,19,6,3,0,0,1,0,0,0,0,1,1,3,7,2,52,8,1461,2,7,NISSAN JUKE,3,E01009772,0,-1
2023440029955,2023,440029955,1,9,0,9,9,8,6,0,0,6,0,0,0,0,1,1,6,6,2,63,9,1598,1,11,NISSAN JUKE,6,E01017212,0,-1
2023471288720,2023,471288720,1,9,0,16,19,7,3,0,0,4,0,0,0,0,1,1,1,1,1,52,8,1598,1,4,NISSAN JUKE,5,E01031594,0,-1
2023622300576,2023,622300576,1,9,0,17,19,2,6,0,0,0,0,0,1,4,1,1,6,6,2,34,6,1598,1,6,NISSAN JUKE,2,W01001150,0,-1
2023010462713,2023,010462713,2,9,0,15,15,3,7,0,0,1,0,0,0,0,3,1,6,6,3,-1,-1,999,1,0,NISSAN JUKE,-1,-1,0,-1
2023131290829,2023,131290829,2,9,0,2,2,1,5,0,0,0,0,0,0,0,4,1,6,6,2,26,6,1461,2,8,NISSAN JUKE,1,E01010964,0,-1
2023161376198,2023,161376198,1,9,0,18,19,7,3,0,0,0,0,0,0,0,1,1,5,6,2,47,8,1598,1,10,NISSAN JUKE,4,E01012810,0,-1