collision_index,collision_year,collision_ref_no,vehicle_reference,vehicle_type,towing_and_articulation,vehicle_manoeuvre_historic,vehicle_manoeuvre,vehicle_direction_from,vehicle_direction_to,vehicle_location_restricted_lane_historic,vehicle_location_restricted_lane,junction_location,skidding_and_overturning,hit_object_in_carriageway,vehicle_leaving_carriageway,hit_object_off_carriageway,first_point_of_impact,vehicle_left_hand_drive,journey_purpose_of_driver_historic,journey_purpose_of_driver,sex_of_driver,age_of_driver,age_band_of_driver,engine_capacity_cc,propulsion_code,age_of_vehicle,generic_make_model,driver_imd_decile,lsoa_of_driver,escooter_flag,driver_distance_banding
2023010474146,2023,010474146,2,9,9,99,99,9,9,99,99,9,9,99,9,99,1,9,6,6,3,-1,-1,1197,1,9,NISSAN JUKE,-1,-1,0,-1
2023010465700,2023,010465700,1,9,0,18,19,7,3,0,0,3,9,0,0,0,1,9,6,6,1,28,6,1598,1,11,NISSAN JUKE,9,E01021682,0,-1
2023010437383,2023,010437383,1,9,0,99,99,9,9,99,99,9,9,99,9,99,2,9,6,6,2,32,6,1197,1,6,NISSAN JUKE,2,E01000785,0,-1
2023010471832,2023,010471832,2,9,0,9,9,1,7,0,0,5,0,0,0,0,3,1,6,6,2,39,7,1197,1,6,NISSAN JUKE,5,E01003195,0,-1
2023061330712,2023,061330712,1,9,0,5,5,6,1,0,0,8,0,0,0,0,4,1,5,6,1,44,7,999,1,3,NISSAN JUKE,10,E01006139,0,-1
2023010442224,2023,010442224,1,9,0,7,7,3,6,0,0,8,0,0,0,0,3,1,6,6,1,46,8,1598,1,9,NISSAN JUKE,4,E01002549,0,-1
2023471328150,2023,471328150,1,9,0,14,14,7,3,0,0,1,0,4,0,0,1,1,2,2,2,27,6,1598,1,13,NISSAN JUKE,3,E01021062,0,-1
2023451382083,2023,451382083,2,9,0,7,7,5,1,0,0,8,0,0,0,0,1,1,2,2,2,49,8,1197,1,6,NISSAN JUKE,3,E01030744,0,-1
2023010446304,2023,010446304,2,9,0,99,99,9,9,99,99,9,9,99,9,99,1,9,6,6,3,-1,-1,1598,1,11,NISSAN JUKE,7,E01004635,0,-1
2023010467507,2023,010467507,1,9,0,4,4,5,1,0,0,0,0,0,0,0,1,1,6,6,2,81,11,1598,1,9,NISSAN JUKE,10,E01030590,0,-1
2023501296390,2023,501296390,1,9,0,9,9,2,7,0,0,8,0,0,0,0,1,1,6,6,2,70,10,1197,1,7,NISSAN JUKE,9,E01015126,0,-1
2023101260345,2023,101260345,2,9,-1,18,19,7,3,0,0,-1,1,0,0,0,4,1,6,6,2,41,7,999,1,3,NISSAN JUKE,1,E01008756,0,-1
2023471285002,2023,471285002,1,9,0,9,9,7,5,0,0,6,0,0,0,0,4,1,5,6,1,60,9,1598,1,10,NISSAN JUKE,3,E01031556,0,-1
2023061285337,2023,061285337,1,9,0,18,19,4,3,0,0,1,0,0,0,0,3,1,6,6,3,-1,-1,1461,2,6,NISSAN JUKE,-1,-1,0,-1
2023201287733,2023,201287733,1,9,0,9,9,8,6,0,0,5,0,0,0,0,3,1,1,1,2,51,8,1197,1,6,NISSAN JUKE,2,E01009512,0,-1
2023031337788,2023,031337788,1,9,0,18,19,1,4,0,0,0,0,0,0,0,1,1,2,2,2,30,6,1461,2,9,NISSAN JUKE,6,E01019376,0,-1
2023041295456,2023,041295456,2,9,0,18,19,3,7,0,0,8,1,0,1,11,4,1,5,6,2,59,9,1197,1,9,NISSAN JUKE,3,E01024943,0,-1
2023061349638,2023,061349638,1,9,0,18,19,7,1,0,0,0,0,0,0,0,3,1,2,2,2,64,9,1598,1,5,NISSAN JUKE,2,E01005222,0,-1
2023141281041,2023,141281041,1,9,0,4,4,1,5,0,0,0,0,0,0,0,1,1,6,6,2,36,7,1461,2,10,NISSAN JUKE,3,E01007433,0,-1
2023440005700,2023,440005700,2,9,0,18,19,8,4,0,0,8,0,0,0,0,4,1,6,6,2,47,8,1197,1,5,NISSAN JUKE,10,E01032880,0,-1
2023631387431,2023,631387431,1,9,0,17,19,1,5,0,0,0,5,0,0,0,3,1,6,6,2,34,6,1598,1,11,NISSAN JUKE,4,W01000646,0,-1
2023010475236,2023,010475236,1,9,0,18,19,8,4,0,0,1,0,0,1,11,1,1,6,6,2,21,5,999,1,0,NISSAN JUKE,3,E01001764,0,-1
2023211279271,2023,211279271,1,9,0,18,19,2,6,0,0,0,0,0,0,0,1,1,2,2,2,38,7,1197,1,6,NISSAN JUKE,4,E01014268,0,-1
2023131365424,2023,131365424,1,9,0,18,19,5,1,0,0,1,0,0,0,0,1,1,2,2,2,46,8,1598,1,5,NISSAN JUKE,2,E01011128,0,-1
2023302300376,2023,302300376,2,9,0,9,9,8,6,0,0,4,0,0,0,0,3,1,6,6,2,58,9,1598,1,11,NISSAN JUKE,6,E01019594,0,-1
2023161285758,2023,161285758,2,9,0,18,19,3,7,0,0,0,0,0,0,0,1,1,5,6,2,44,7,1598,1,6,NISSAN JUKE,10,E01013091,0,-1
2023071235225,2023,071235225,2,9,0,18,19,3,7,0,0,1,0,0,0,11,1,1,6,6,1,56,9,1598,1,10,NISSAN JUKE,5,E01018620,0,-1
2023061300933,2023,061300933,2,9,0,9,9,3,7,0,0,6,0,0,0,0,1,1,5,6,2,77,11,999,1,2,NISSAN JUKE,9,E01005843,0,-1
2023010426274,2023,010426274,2,9,0,18,19,1,5,0,0,0,0,0,0,0,1,1,3,7,2,40,7,1598,1,10,NISSAN JUKE,2,E01001441,0,-1
2023111267950,2023,111267950,2,9,0,18,19,1,5,0,0,0,0,0,0,0,1,1,2,2,2,58,9,999,1,2,NISSAN JUKE,3,E01012358,0,-1
2023201363299,2023,201363299,1,9,0,18,19,1,5,0,0,1,0,0,0,0,4,1,6,6,3,-1,-1,1598,1,8,NISSAN JUKE,-1,-1,0,-1
2023201289738,2023,201289738,1,9,0,3,3,8,4,0,0,1,0,0,0,0,2,1,6,6,2,47,8,1598,1,11,NISSAN JUKE,1,E01010526,0,-1
2023401374048,2023,401374048,1,9,0,9,9,1,5,0,0,1,0,11,7,0,1,1,6,6,1,48,8,1598,1,11,NISSAN JUKE,7,E01033431,0,-1
202360A093834,2023,60A093834,1,9,0,16,19,8,3,0,0,0,5,0,7,9,1,1,6,6,1,29,6,1461,2,12,NISSAN JUKE,-1,-1,0,-1
2023131384127,2023,131384127,1,9,0,18,19,3,7,0,0,1,0,0,0,0,1,1,5,6,2,51,8,1598,1,6,NISSAN JUKE,5,E01011666,0,-1
2023101313052,2023,101313052,1,9,0,18,19,3,7,0,0,1,5,0,1,0,1,1,5,6,2,38,7,999,1,2,NISSAN JUKE,4,E01008468,0,-1
2023520300436,2023,520300436,1,9,0,18,19,5,1,0,0,7,0,0,0,0,1,1,6,6,2,39,7,1598,1,5,NISSAN JUKE,-1,-1,0,-1
2023471344489,2023,471344489,3,9,0,4,4,3,7,0,0,0,0,0,0,0,2,1,5,6,1,49,8,1598,1,10,NISSAN JUKE,10,E01031774,0,-1
2023991359954,2023,991359954,1,9,0,18,19,3,7,0,0,0,5,0,1,0,1,1,5,6,1,27,6,1461,2,11,NISSAN JUKE,6,-1,0,-1
2023201260041,2023,201260041,3,9,0,2,2,0,0,0,0,0,0,4,0,0,2,1,6,6,2,-1,-1,1598,1,11,NISSAN JUKE,-1,-1,0,-1
2023201363205,2023,201363205,1,9,0,18,19,6,2,0,0,3,0,10,1,0,1,1,6,6,2,57,9,1598,1,9,NISSAN JUKE,1,E01010063,0,-1
2023101379038,2023,101379038,2,9,0,7,7,7,1,9,9,8,0,0,0,0,4,2,6,6,2,68,10,1598,1,4,NISSAN JUKE,9,E01027463,0,-1
2023552301492,2023,552301492,2,9,0,16,19,5,8,0,0,8,0,0,1,10,3,1,6,6,2,27,6,1461,2,12,NISSAN JUKE,8,E01020455,0,-1
2023401366834,2023,401366834,2,9,0,18,19,1,5,0,0,8,0,0,0,0,4,1,2,2,2,42,7,999,1,0,NISSAN JUKE,9,E01017551,0,-1
2023041329930,2023,041329930,1,9,0,18,19,1,5,0,0,4,0,0,0,0,1,1,5,6,2,30,6,1461,2,10,NISSAN JUKE,1,E01025583,0,-1
2023161311507,2023,161311507,2,9,0,4,4,7,3,0,0,0,0,0,0,0,2,1,1,1,2,55,8,1598,1,10,NISSAN JUKE,8,E01027886,0,-1
2023545190623,2023,545190623,1,9,0,18,19,2,6,0,0,2,0,10,1,11,1,1,2,2,2,45,7,1598,1,4,NISSAN JUKE,2,E01032023,0,-1
2023461376973,2023,461376973,1,9,0,18,19,1,5,0,0,0,0,0,0,0,2,1,5,6,1,36,7,1598,1,8,NISSAN JUKE,4,E01033729,0,-1
2023461294216,2023,461294216,1,9,0,18,19,7,3,0,0,1,0,0,0,0,1,1,6,6,3,-1,-1,1598,1,9,NISSAN JUKE,-1,-1,0,-1
2023170M11753,2023,170M11753,1,9,0,9,9,1,6,0,0,6,0,0,0,0,1,1,3,7,2,32,6,1461,2,7,NISSAN JUKE,1,E01012020,0,-1
2023131286568,2023,131286568,2,9,0,18,19,5,1,0,0,8,0,0,0,0,2,1,5,6,2,52,8,1461,2,6,NISSAN JUKE,3,E01011582,0,-1
2023010430232,2023,010430232,1,9,0,99,99,9,9,99,99,9,9,99,9,99,2,9,6,6,2,47,8,999,1,2,NISSAN JUKE,3,E01001763,0,-1
2023041286351,2023,041286351,1,9,0,18,19,1,5,0,0,1,2,0,0,0,1,1,5,6,1,31,6,1598,1,12,NISSAN JUKE,1,E01012673,0,-1
2023201382431,2023,201382431,1,9,0,18,19,-1,-1,0,0,0,0,0,0,0,1,1,6,6,3,-1,-1,1598,1,10,NISSAN JUKE,-1,-1,0,-1
2023451320517,2023,451320517,1,9,0,18,19,5,1,0,0,1,1,0,0,0,1,1,2,2,2,51,8,1598,1,5,NISSAN JUKE,8,E01030592,0,-1
2023010479204,2023,010479204,1,9,0,5,5,0,1,0,0,0,0,0,0,0,3,1,2,2,1,40,7,1197,1,7,NISSAN JUKE,-1,-1,0,-1
2023340NN1382,2023,340NN1382,2,9,0,10,10,3,7,0,0,4,0,0,0,0,3,1,6,6,2,29,6,1598,8,0,NISSAN JUKE,7,E01026978,0,-1
2023361330723,2023,361330723,1,9,0,9,9,3,1,0,0,5,0,0,0,0,1,1,5,6,1,34,6,1461,2,6,NISSAN JUKE,-1,-1,0,-1
2023545832823,2023,545832823,2,9,0,18,19,4,8,0,0,0,0,0,0,0,3,1,6,6,2,23,5,1197,1,9,NISSAN JUKE,6,E01031877,0,-1
2023031339149,2023,031339149,1,9,0,16,19,6,1,0,0,0,0,0,0,0,1,1,5,6,2,17,4,1198,1,6,NISSAN JUKE,4,E01019281,0,-1
2023461342761,2023,461342761,2,9,0,17,19,3,7,0,0,0,0,0,1,10,3,1,6,6,2,26,6,1598,1,9,NISSAN JUKE,7,E01024812,0,-1
2023401382318,2023,401382318,1,9,0,7,7,2,4,0,0,6,0,0,0,0,1,1,2,2,2,64,9,1598,1,4,NISSAN JUKE,10,E01017534,0,-1
2023161388011,2023,161388011,2,9,0,7,7,5,1,0,0,1,0,0,0,0,1,1,6,6,1,60,9,1598,1,8,NISSAN JUKE,-1,-1,0,-1
2023031343202,2023,031343202,2,9,0,18,19,8,4,0,0,8,0,0,0,0,3,1,5,6,2,41,7,1197,1,8,NISSAN JUKE,4,E01025149,0,-1
2023010463016,2023,010463016,2,9,0,1,1,1,5,0,0,2,0,99,9,99,9,9,6,6,3,-1,-1,1197,1,8,NISSAN JUKE,-1,-1,0,-1
2023041340352,2023,041340352,1,9,0,18,19,4,8,0,0,1,0,0,0,0,1,1,5,6,1,21,5,1461,2,7,NISSAN JUKE,9,E01006277,0,-1
2023332300489,2023,332300489,1,9,0,18,19,5,1,0,0,1,0,0,0,0,1,1,6,6,2,29,6,1598,1,11,NISSAN JUKE,8,E01025612,0,-1
2023340WN4802,2023,340WN4802,1,9,0,4,4,5,1,0,0,2,0,0,0,0,1,1,6,6,2,48,8,1598,1,5,NISSAN JUKE,3,E01027173,0,-1
2023201277151,2023,201277151,1,9,0,7,7,4,6,0,0,6,0,0,0,0,1,1,6,6,1,-1,-1,1461,2,8,NISSAN JUKE,4,E01009313,0,-1
2023411328124,2023,411328124,2,9,0,18,19,1,5,0,0,2,0,0,0,0,2,1,6,6,2,46,8,999,1,2,NISSAN JUKE,10,E01023885,0,-1
2023991333789,2023,991333789,2,9,0,18,19,3,8,0,0,0,0,0,0,0,1,1,5,6,1,46,8,1461,2,10,NISSAN JUKE,6,-1,0,-1
2023041349239,2023,041349239,1,9,0,18,19,1,5,0,0,0,0,0,0,0,1,1,5,6,2,68,10,1618,1,11,NISSAN JUKE,9,E01024979,0,-1
2023161277220,2023,161277220,1,9,0,3,3,3,7,0,0,4,0,0,0,0,2,1,6,6,2,61,9,1461,2,10,NISSAN JUKE,9,E01013077,0,-1
2023991315678,2023,991315678,2,9,0,18,19,4,8,0,0,1,0,0,0,0,4,1,6,6,1,39,7,1618,1,6,NISSAN JUKE,2,-1,0,-1
2023041371375,2023,041371375,3,9,0,18,19,7,3,0,0,1,0,0,0,0,3,1,5,6,1,49,8,1598,1,10,NISSAN JUKE,10,E01011699,0,-1
2023231325863,2023,231325863,1,9,0,18,19,2,6,0,0,1,0,0,8,0,3,1,5,6,2,50,8,1598,1,11,NISSAN JUKE,3,E01031173,0,-1
2023201292269,2023,201292269,1,9,0,18,19,8,4,0,0,8,0,0,0,0,1,1,6,6,1,19,4,1197,1,6,NISSAN JUKE,4,E01009085,0,-1
2023010469111,2023,010469111,1,9,0,18,19,3,7,0,0,0,0,12,2,2,1,1,6,6,1,58,9,1598,1,10,NISSAN JUKE,6,E01032567,0,-1
2023991381420,2023,991381420,1,9,0,18,19,7,3,0,0,0,5,4,0,0,1,1,5,6,2,69,10,999,1,0,NISSAN JUKE,4,-1,0,-1
2023421342634,2023,421342634,2,9,0,9,9,6,4,0,0,6,0,0,0,0,1,1,1,1,1,71,10,1598,1,11,NISSAN JUKE,6,E01021380,0,-1
2023451365441,2023,451365441,1,9,0,4,4,7,3,0,0,1,0,0,0,0,1,1,2,2,2,35,6,1598,1,8,NISSAN JUKE,6,E01023140,0,-1
2023131365541,2023,131365541,2,9,0,2,2,0,0,0,0,0,0,0,0,0,2,1,6,6,3,-1,-1,1461,2,11,NISSAN JUKE,-1,-1,0,-1
2023361281351,2023,361281351,1,9,0,9,9,8,5,0,0,2,0,4,0,0,1,1,5,6,2,50,8,1598,1,11,NISSAN JUKE,1,E01026635,0,-1
2023010436688,2023,010436688,1,9,0,9,9,7,5,0,0,1,0,0,0,0,1,1,6,6,2,24,5,1598,1,9,NISSAN JUKE,5,E01001998,0,-1
2023010444980,2023,010444980,2,9,0,99,99,9,9,99,99,9,9,99,9,99,1,9,6,6,3,-1,-1,1598,1,10,NISSAN JUKE,2,E01004435,0,-1
2023071121878,2023,071121878,1,9,0,18,19,3,6,0,0,8,0,0,0,0,1,1,6,6,2,-1,-1,1461,2,9,NISSAN JUKE,8,E01012495,0,-1
2023311360596,2023,311360596,1,9,0,18,19,7,3,0,0,8,0,0,0,0,4,1,5,6,2,31,6,1461,2,8,NISSAN JUKE,5,E01028341,0,-1
2023221351167,2023,221351167,1,9,0,17,19,3,8,0,0,8,0,0,0,0,1,1,5,6,2,32,6,1197,1,9,NISSAN JUKE,8,E01009919,0,-1
2023061399473,2023,061399473,1,9,0,18,19,-1,-1,0,0,0,0,0,0,0,-1,1,6,6,3,-1,-1,1461,2,9,NISSAN JUKE,3,E01005829,0,-1
2023141297600,2023,141297600,1,9,0,18,19,4,8,0,0,0,0,0,0,0,1,1,6,6,1,33,6,1461,2,9,NISSAN JUKE,1,E01007790,0,-1
2023311312426,2023,311312426,1,9,0,7,7,5,6,0,0,7,0,0,0,0,1,1,5,6,1,31,6,1598,1,9,NISSAN JUKE,-1,-1,0,-1
2023471326187,2023,471326187,1,9,0,17,19,7,3,0,0,1,0,0,0,0,3,1,6,6,1,-1,-1,1461,2,6,NISSAN JUKE,-1,-1,0,-1
2023031337654,2023,031337654,2,9,0,3,3,6,8,0,0,0,0,0,0,0,1,1,5,6,2,23,5,1461,2,10,NISSAN JUKE,-1,-1,0,-1
2023430132465,2023,430132465,1,9,0,18,19,5,1,0,0,8,0,0,0,0,0,1,6,6,1,69,10,1598,1,9,NISSAN JUKE,2,E01016718,0,-1
2023302301879,2023,302301879,2,9,0,18,19,5,1,0,0,0,0,0,0,0,0,1,6,6,2,31,6,1598,1,12,NISSAN JUKE,6,E01025925,0,-1
2023302301526,2023,302301526,1,9,0,5,5,8,2,0,0,6,0,0,0,0,3,1,6,6,1,53,8,1598,1,4,NISSAN JUKE,6,E01019524,0,-1
2023231393043,2023,231393043,4,9,0,3,3,5,1,0,0,0,0,0,0,0,2,1,6,6,1,51,8,1461,2,8,NISSAN JUKE,3,E01031081,0,-1
2023461358593,2023,461358593,2,9,0,18,19,1,6,0,0,0,0,0,1,11,1,1,6,6,2,59,9,1598,8,0,NISSAN JUKE,7,E01024553,0,-1
2023461293343,2023,461293343,3,9,0,18,19,6,2,0,0,0,0,12,0,0,3,1,6,6,2,49,8,999,1,1,NISSAN JUKE,3,E01016879,0,-1
2023361315424,2023,361315424,1,9,-1,-1,-1,-1,-1,-1,-1,-1,-1,-1,-1,0,-1,1,6,6,2,55,8,999,1,3,NISSAN JUKE,6,E01026613,0,-1
2023461344375,2023,461344375,1,9,0,14,14,7,3,0,0,0,5,0,0,0,4,1,6,6,1,62,9,999,1,0,NISSAN JUKE,-1,-1,0,-1
2023010419189,2023,010419189,2,9,0,18,19,5,1,0,0,4,0,0,0,0,1,1,2,2,1,30,6,1618,1,7,NISSAN JUKE,4,E01002211,0,-1
2023546357923,2023,546357923,2,9,0,4,4,1,5,0,0,1,0,0,0,0,2,1,6,6,2,43,7,1461,2,6,NISSAN JUKE,4,E01015443,0,-1
2023451329347,2023,451329347,1,9,0,16,19,1,5,0,0,0,1,0,0,0,1,1,5,6,1,36,7,1461,2,12,NISSAN JUKE,5,E01031373,0,-1
2023041338257,2023,041338257,1,9,0,5,5,3,1,8,6,1,0,0,0,0,1,1,5,6,1,81,11,1461,2,8,NISSAN JUKE,5,E01025053,0,-1
2023501319538,2023,501319538,2,9,0,9,9,5,3,0,0,8,0,0,0,0,4,1,6,6,2,63,9,1197,1,9,NISSAN JUKE,5,E01018779,0,-1
2023302301295,2023,302301295,1,9,0,18,19,6,8,0,0,0,0,0,0,0,1,1,6,6,2,60,9,1461,2,12,NISSAN JUKE,3,E01028282,0,-1
2023421282465,2023,421282465,2,9,0,18,19,7,3,0,0,0,0,0,0,0,3,1,5,6,2,58,9,1197,1,5,NISSAN JUKE,6,E01022090,0,-1
2023991282808,2023,991282808,1,9,0,7,7,1,3,0,0,4,0,0,0,0,1,1,5,6,1,43,7,999,1,2,NISSAN JUKE,3,-1,0,-1
2023010428027,2023,010428027,5,9,0,2,2,0,0,0,0,2,0,0,0,0,1,1,6,6,3,-1,-1,1598,1,5,NISSAN JUKE,-1,-1,0,-1
2023991353354,2023,991353354,3,9,0,18,19,2,6,0,0,0,0,0,0,0,2,1,6,6,2,49,8,1461,2,8,NISSAN JUKE,6,-1,0,-1
2023332300759,2023,332300759,1,9,0,18,19,1,5,0,0,0,0,0,1,11,1,1,6,6,2,47,8,1461,2,9,NISSAN JUKE,10,E01025885,0,-1
2023461322692,2023,461322692,1,9,0,18,19,3,7,0,0,8,0,0,0,0,4,1,2,2,1,50,8,1598,1,12,NISSAN JUKE,10,E01024046,0,-1
2023052303038,2023,052303038,1,9,0,18,19,3,7,0,0,0,0,0,0,0,1,1,6,6,1,51,8,1598,1,8,NISSAN JUKE,1,E01006461,0,-1
2023471386908,2023,471386908,1,9,0,18,19,7,3,0,0,0,0,0,0,0,4,1,6,6,1,18,4,1598,1,8,NISSAN JUKE,7,E01031374,0,-1
2023010474114,2023,010474114,2,9,0,99,99,9,9,99,99,9,9,99,9,99,9,9,6,6,3,-1,-1,999,1,0,NISSAN JUKE,-1,-1,0,-1
2023101393055,2023,101393055,1,9,0,4,4,6,2,0,0,8,0,0,0,0,1,1,6,6,2,66,10,1598,8,0,NISSAN JUKE,5,E01008830,0,-1
2023501380942,2023,501380942,1,9,0,9,9,7,3,0,0,1,0,0,0,0,1,1,3,7,2,45,7,1461,2,11,NISSAN JUKE,1,E01015088,0,-1
2023501301204,2023,501301204,2,9,0,18,19,7,3,0,0,8,2,0,0,0,3,1,6,6,2,41,7,1197,1,8,NISSAN JUKE,4,E01020030,0,-1
2023991330015,2023,991330015,2,9,0,17,19,1,1,0,0,0,0,0,0,0,1,1,5,6,1,29,6,999,1,3,NISSAN JUKE,-1,-1,0,-1
2023010444616,2023,010444616,2,9,0,99,99,9,9,99,99,9,9,99,9,99,9,9,6,6,3,-1,-1,1598,1,11,NISSAN JUKE,-1,-1,0,-1
2023010479963,2023,010479963,2,9,0,99,99,9,9,99,99,9,9,99,9,99,1,9,6,6,3,-1,-1,1598,1,8,NISSAN JUKE,-1,-1,0,-1
2023471350128,2023,471350128,2,9,0,7,7,3,5,0,0,1,0,0,0,0,3,1,2,2,1,69,10,1461,2,9,NISSAN JUKE,6,E01031392,0,-1
2023471339102,2023,471339102,4,9,0,18,19,3,7,0,0,0,0,0,0,0,2,1,5,6,1,73,10,1598,1,11,NISSAN JUKE,7,E01017008,0,-1
202363A022323,2023,63A022323,2,9,0,17,19,8,5,0,0,8,0,0,0,0,1,1,6,6,2,22,5,1461,2,11,NISSAN JUKE,4,W01000931,0,-1
2023070661133,2023,070661133,2,9,0,3,3,5,1,0,0,1,0,0,0,0,4,1,6,6,1,-1,-1,999,1,3,NISSAN JUKE,1,E01006350,0,-1
2023131373815,2023,131373815,1,9,0,18,19,5,1,0,0,8,0,0,0,0,1,1,2,2,1,36,7,1197,1,9,NISSAN JUKE,8,E01010901,0,-1
2023471312903,2023,471312903,1,9,0,5,5,8,2,0,0,4,0,0,0,0,1,1,5,6,2,70,10,1598,1,9,NISSAN JUKE,6,E01016972,0,-1
2023161378329,2023,161378329,1,9,0,18,19,3,7,0,0,0,0,12,0,0,1,1,6,6,2,41,7,1461,2,9,NISSAN JUKE,10,E01012926,0,-1
2023430333371,2023,430333371,1,9,0,18,19,7,3,0,0,0,0,0,0,0,1,1,1,1,1,19,4,1197,1,7,NISSAN JUKE,2,E01016438,0,-1
2023302301335,2023,302301335,1,9,0,16,19,5,7,0,0,0,0,0,0,0,1,1,6,6,2,56,9,1598,1,9,NISSAN JUKE,3,E01028229,0,-1
2023010441620,2023,010441620,1,9,0,18,19,7,3,0,0,1,0,0,0,0,1,1,6,6,1,28,6,1197,1,7,NISSAN JUKE,8,E01017770,0,-1
2023122300613,2023,122300613,1,9,0,9,9,6,8,0,0,6,0,0,0,0,1,1,6,6,1,59,9,1197,1,6,NISSAN JUKE,8,E01012977,0,-1
2023010444441,2023,010444441,2,9,0,99,99,9,9,99,99,9,9,99,9,99,1,9,6,6,3,-1,-1,999,1,0,NISSAN JUKE,-1,-1,0,-1
2023461270357,2023,461270357,3,9,0,3,3,3,7,0,0,0,0,0,0,0,2,1,6,6,2,-1,-1,1598,1,10,NISSAN JUKE,4,E01024591,0,-1
2023302301443,2023,302301443,1,9,0,7,7,1,2,0,0,8,0,0,0,0,1,1,6,6,2,62,9,999,1,2,NISSAN JUKE,4,E01019455,0,-1
2023101349545,2023,101349545,1,9,0,5,5,7,3,0,0,2,0,0,0,0,1,1,5,6,2,49,8,1598,1,6,NISSAN JUKE,4,E01008814,0,-1
2023221368377,2023,221368377,3,9,0,18,19,5,1,0,0,8,0,0,0,0,3,1,5,6,2,62,9,1598,1,12,NISSAN JUKE,2,E01010068,0,-1
2023371317367,2023,371317367,2,9,0,4,4,6,6,0,0,0,0,0,0,0,2,1,2,2,2,50,8,1197,1,6,NISSAN JUKE,6,E01030220,0,-1
2023010474622,2023,010474622,1,9,0,18,19,3,7,0,0,1,0,0,0,0,1,1,6,6,1,55,8,1598,1,11,NISSAN JUKE,6,E01015721,0,-1
2023451306826,2023,451306826,1,9,0,18,19,7,3,0,0,1,0,0,0,0,1,1,5,6,1,66,10,999,1,1,NISSAN JUKE,6,E01030643,0,-1
2023411359742,2023,411359742,1,9,0,18,19,-1,-1,0,0,0,0,0,0,0,1,1,6,6,2,-1,-1,1598,1,5,NISSAN JUKE,-1,-1,0,-1
2023201380803,2023,201380803,2,9,0,3,3,6,2,0,0,8,0,0,0,0,1,1,3,7,2,47,8,1461,2,10,NISSAN JUKE,2,E01010038,0,-1
2023471368726,2023,471368726,1,9,0,18,19,1,5,0,0,0,0,4,0,0,1,1,6,6,1,59,9,999,1,0,NISSAN JUKE,3,E01021012,0,-1
2023451353366,2023,451353366,2,9,0,2,2,0,0,0,0,0,0,0,0,0,1,1,6,6,3,-1,-1,1197,1,6,NISSAN JUKE,-1,-1,0,-1
2023991368104,2023,991368104,1,9,0,18,19,1,5,0,0,0,0,0,0,0,1,1,6,6,1,32,6,1461,2,12,NISSAN JUKE,-1,-1,0,-1
2023201408385,2023,201408385,1,9,0,3,3,8,4,0,0,1,0,0,0,0,2,1,6,6,2,36,7,1598,1,10,NISSAN JUKE,1,E01009002,0,-1
2023211333743,2023,211333743,2,9,0,18,19,3,6,0,0,0,0,0,0,0,2,1,6,6,2,58,9,1197,1,7,NISSAN JUKE,-1,-1,0,-1
2023440145018,2023,440145018,1,9,0,18,19,8,4,0,0,1,0,0,0,0,3,1,6,6,2,57,9,999,1,3,NISSAN JUKE,5,E01017365,0,-1
2023041278783,2023,041278783,1,9,0,5,5,5,1,0,0,6,0,0,0,0,3,1,6,6,2,45,7,1197,1,8,NISSAN JUKE,8,E01012581,0,-1
2023052301103,2023,052301103,2,9,0,4,4,5,1,0,0,0,0,0,0,0,2,1,6,6,1,40,7,1461,2,6,NISSAN JUKE,4,E01006639,0,-1
2023211294168,2023,211294168,1,9,0,9,9,3,1,0,0,8,0,0,0,0,3,1,5,6,1,68,10,1461,2,9,NISSAN JUKE,1,E01014300,0,-1
2023161388824,2023,161388824,1,9,0,18,19,5,1,0,0,8,5,0,3,0,4,1,5,6,1,74,10,1598,1,10,NISSAN JUKE,6,E01027884,0,-1
2023451318226,2023,451318226,1,9,0,2,2,1,5,0,0,0,0,0,0,0,2,1,6,6,1,35,6,1598,1,10,NISSAN JUKE,10,E01030585,0,-1
2023170L30153,2023,170L30153,1,9,0,18,19,4,8,0,0,1,0,0,0,0,1,1,6,6,2,83,11,1461,2,6,NISSAN JUKE,2,E01012101,0,-1
2023041316967,2023,041316967,2,9,0,18,19,5,1,0,0,8,0,0,0,0,2,1,5,6,1,30,6,1197,1,6,NISSAN JUKE,3,E01000335,0,-1
2023351356405,2023,351356405,2,9,0,3,3,-1,-1,0,0,1,0,0,0,0,2,1,5,6,2,64,9,999,1,2,NISSAN JUKE,5,E01015670,0,-1
2023010445491,2023,010445491,2,9,0,99,99,9,9,99,99,9,9,99,9,99,1,9,6,6,3,-1,-1,1598,1,8,NISSAN JUKE,-1,-1,0,-1
2023991313241,2023,991313241,2,9,0,18,19,3,7,0,0,0,0,0,4,0,1,1,6,6,1,42,7,1598,1,5,NISSAN JUKE,2,-1,0,-1
2023010435501,2023,010435501,3,9,0,99,99,9,9,99,99,0,9,99,9,99,9,9,6,6,2,-1,-1,1598,1,12,NISSAN JUKE,1,E01003188,0,-1
2023461306188,2023,461306188,2,9,0,4,4,5,1,0,0,1,0,0,0,0,1,1,5,6,1,52,8,1598,1,11,NISSAN JUKE,8,E01024810,0,-1
2023610000923,2023,610000923,1,9,0,4,4,4,8,0,0,6,1,0,3,7,1,1,6,6,1,54,8,1618,1,8,NISSAN JUKE,4,W01001329,0,-1