collision_index,collision_year,collision_ref_no,vehicle_reference,vehicle_type,towing_and_articulation,vehicle_manoeuvre_historic,vehicle_manoeuvre,vehicle_direction_from,vehicle_direction_to,vehicle_location_restricted_lane_historic,vehicle_location_restricted_lane,junction_location,skidding_and_overturning,hit_object_in_carriageway,vehicle_leaving_carriageway,hit_object_off_carriageway,first_point_of_impact,vehicle_left_hand_drive,journey_purpose_of_driver_historic,journey_purpose_of_driver,sex_of_driver,age_of_driver,age_band_of_driver,engine_capacity_cc,propulsion_code,age_of_vehicle,generic_make_model,driver_imd_decile,lsoa_of_driver,escooter_flag,driver_distance_banding
2023010428644,2023,010428644,2,9,0,99,99,9,9,99,99,9,9,99,9,99,9,9,6,6,1,29,6,999,1,2,NISSAN JUKE,5,E01000224,0,-1
2023201277182,2023,201277182,1,9,0,18,19,1,5,0,0,8,0,0,0,0,1,1,6,6,2,32,6,1598,1,11,NISSAN JUKE,6,E01009462,0,-1
2023421338734,2023,421338734,2,9,0,9,9,3,7,0,0,1,0,0,0,0,2,1,1,1,2,58,9,1598,1,4,NISSAN JUKE,4,E01021501,0,-1
2023610004823,2023,610004823,2,9,0,5,5,0,1,0,0,0,0,0,0,0,4,1,6,6,2,52,8,1461,2,8,NISSAN JUKE,2,W01001614,0,-1
2023010474019,2023,010474019,1,9,0,8,8,6,1,0,0,7,0,0,0,0,2,1,6,6,2,58,9,1197,1,7,NISSAN JUKE,10,E01016606,0,-1
2023010440574,2023,010440574,1,9,0,7,7,5,7,0,0,4,0,0,0,0,4,1,6,6,2,41,7,1598,1,11,NISSAN JUKE,8,E01002382,0,-1
2023522301194,2023,522301194,1,9,0,9,9,5,3,0,0,6,0,0,0,0,3,1,6,6,2,57,9,999,1,2,NISSAN JUKE,2,E01014685,0,-1
2023451325197,2023,451325197,2,9,0,18,19,7,1,0,0,0,0,0,0,0,1,1,2,2,1,49,8,1461,2,8,NISSAN JUKE,10,E01030430,0,-1
2023010447869,2023,010447869,2,9,0,99,99,9,9,99,99,9,9,99,9,99,1,9,6,6,3,-1,-1,1598,1,8,NISSAN JUKE,4,E01002600,0,-1
2023010447651,2023,010447651,1,9,0,99,99,9,9,99,99,9,9,99,9,99,2,9,2,2,2,30,6,1598,1,8,NISSAN JUKE,1,E01001430,0,-1
2023010429073,2023,010429073,1,9,0,5,5,5,1,0,0,1,0,0,0,0,0,1,6,6,2,26,6,1598,1,9,NISSAN JUKE,4,E01001512,0,-1
2023052300709,2023,052300709,1,9,0,9,9,5,1,0,0,8,0,0,0,0,1,1,6,6,2,38,7,1598,1,5,NISSAN JUKE,1,E01006563,0,-1
2023010447326,2023,010447326,1,9,0,1,1,1,5,9,9,5,0,0,0,0,2,1,2,2,2,36,7,1598,1,8,NISSAN JUKE,3,E01001365,0,-1
2023332301279,2023,332301279,1,9,0,18,19,6,2,0,0,0,0,0,0,0,2,1,6,6,2,50,8,1461,2,12,NISSAN JUKE,8,E01025637,0,-1
2023052301335,2023,052301335,1,9,0,9,9,1,3,0,0,0,0,0,0,0,1,1,1,1,2,36,7,1197,1,7,NISSAN JUKE,1,E01006721,0,-1
2023070462872,2023,070462872,1,9,0,17,19,7,3,0,0,1,0,0,0,0,1,1,6,6,2,23,5,1598,1,10,NISSAN JUKE,8,E01018681,0,-1
2023010462050,2023,010462050,1,9,0,18,19,1,5,0,0,0,0,0,0,0,2,1,6,6,2,41,7,1598,1,5,NISSAN JUKE,4,E01002672,0,-1
2023141292771,2023,141292771,3,9,0,2,2,0,0,0,0,0,0,0,0,0,3,1,6,6,3,-1,-1,1197,1,6,NISSAN JUKE,-1,-1,0,-1
2023061281159,2023,061281159,1,9,0,18,19,8,5,0,0,1,0,0,0,0,1,1,6,6,3,-1,-1,1598,1,12,NISSAN JUKE,-1,-1,0,-1
2023010478850,2023,010478850,2,9,9,99,99,9,9,99,99,0,9,99,9,99,9,1,6,6,2,62,9,1598,1,11,NISSAN JUKE,9,E01021593,0,-1
2023461306114,2023,461306114,2,9,0,18,19,5,1,0,0,4,0,0,0,0,3,1,6,6,3,-1,-1,1197,1,7,NISSAN JUKE,-1,-1,0,-1
2023131282741,2023,131282741,2,9,0,9,9,8,4,0,0,8,1,0,0,0,3,1,6,6,1,33,6,1618,1,5,NISSAN JUKE,7,E01011155,0,-1
2023010437033,2023,010437033,2,9,0,14,14,7,3,0,0,1,0,0,0,0,1,1,6,6,1,50,8,1598,1,4,NISSAN JUKE,3,E01003431,0,-1
2023201388989,2023,201388989,2,9,0,18,19,6,2,0,0,8,0,0,0,0,1,1,6,6,2,28,6,1461,2,9,NISSAN JUKE,3,E01009606,0,-1
2023430551474,2023,430551474,2,9,0,18,19,3,7,0,0,8,0,0,0,0,1,1,6,6,1,24,5,1461,2,9,NISSAN JUKE,5,E01028538,0,-1
2023061265520,2023,061265520,2,9,0,18,19,1,5,0,0,0,0,0,0,0,3,1,6,6,1,56,9,1461,2,7,NISSAN JUKE,7,E01006368,0,-1
2023070164396,2023,070164396,1,9,0,18,19,1,5,0,0,0,0,0,0,0,1,1,6,6,2,-1,-1,1197,1,6,NISSAN JUKE,5,E01018547,0,-1
2023010457870,2023,010457870,1,9,0,99,99,9,9,99,99,0,9,99,9,99,2,9,6,6,1,26,6,1598,1,9,NISSAN JUKE,4,E01001041,0,-1
2023461279442,2023,461279442,1,9,0,11,11,3,7,0,0,0,0,0,0,0,4,1,2,2,1,39,7,1598,1,7,NISSAN JUKE,9,E01000713,0,-1
2023010443872,2023,010443872,2,9,0,9,9,5,2,0,0,8,0,0,0,0,3,1,6,6,2,28,6,999,1,1,NISSAN JUKE,5,E01002213,0,-1
2023411347255,2023,411347255,2,9,0,7,7,2,5,0,0,3,0,0,0,0,1,1,5,6,2,56,9,1461,2,10,NISSAN JUKE,6,E01023940,0,-1
2023332300733,2023,332300733,1,9,0,18,19,1,5,0,0,8,0,0,0,0,4,1,6,6,2,42,7,1461,2,12,NISSAN JUKE,2,E01013772,0,-1
2023061345061,2023,061345061,1,9,0,18,19,5,1,0,0,0,0,0,0,0,3,1,5,6,1,83,11,1598,8,1,NISSAN JUKE,1,E01004861,0,-1
2023411344651,2023,411344651,1,9,0,2,2,7,3,9,9,0,1,0,0,0,3,1,5,6,2,34,6,1598,1,7,NISSAN JUKE,6,E01023830,0,-1
2023131373425,2023,131373425,2,9,0,9,9,7,3,0,0,8,1,0,0,0,1,1,2,2,2,47,8,1197,1,6,NISSAN JUKE,2,E01011485,0,-1
2023320110971,2023,320110971,2,9,0,2,2,0,0,0,0,0,0,0,0,0,2,1,6,6,3,-1,-1,1197,1,7,NISSAN JUKE,-1,-1,0,-1
2023201366794,2023,201366794,1,9,0,9,9,7,4,0,0,5,0,0,0,0,1,1,6,6,2,53,8,999,1,0,NISSAN JUKE,2,E01009075,0,-1
202354A671423,2023,54A671423,2,9,0,5,5,8,6,0,0,3,0,0,0,0,1,1,6,6,1,33,6,1197,1,8,NISSAN JUKE,4,E01032008,0,-1
2023010431210,2023,010431210,2,9,0,11,11,1,5,0,0,6,0,0,0,0,4,1,2,2,2,29,6,1598,1,4,NISSAN JUKE,2,E01003599,0,-1
2023340WN2562,2023,340WN2562,1,9,0,5,5,8,4,0,0,6,0,0,0,0,1,1,6,6,2,58,9,1598,1,9,NISSAN JUKE,6,E01032977,0,-1
2023141353181,2023,141353181,3,9,0,9,9,4,3,0,0,8,0,0,0,0,1,1,6,6,1,79,11,999,1,0,NISSAN JUKE,6,E01007787,0,-1
2023201287281,2023,201287281,1,9,0,18,19,5,1,9,9,1,0,0,0,0,1,1,5,6,2,29,6,1598,1,13,NISSAN JUKE,9,E01009416,0,-1
2023131351831,2023,131351831,2,9,0,7,7,1,5,0,0,0,0,0,0,0,4,1,5,6,2,37,7,1461,2,9,NISSAN JUKE,5,E01010923,0,-1
2023440387775,2023,440387775,1,9,0,3,3,6,2,0,0,0,0,0,0,0,2,1,6,6,2,34,6,1598,1,11,NISSAN JUKE,10,E01023047,0,-1
2023170L20343,2023,170L20343,1,9,0,18,19,2,6,0,0,0,0,0,0,0,1,1,6,6,3,-1,-1,1598,1,11,NISSAN JUKE,-1,-1,0,-1
2023501267967,2023,501267967,2,9,0,18,19,7,3,0,0,1,0,0,0,0,2,1,5,6,2,73,10,999,1,3,NISSAN JUKE,1,E01018875,0,-1
2023122300760,2023,122300760,1,9,0,13,13,4,8,0,0,0,5,0,0,0,1,1,6,6,1,41,7,1598,1,4,NISSAN JUKE,2,E01011378,0,-1
2023311363169,2023,311363169,1,9,0,5,5,6,2,0,0,1,0,0,0,0,1,1,5,6,2,32,6,1598,1,5,NISSAN JUKE,8,E01028104,0,-1
2023461292402,2023,461292402,2,9,0,4,4,6,2,0,0,0,0,0,0,0,2,1,2,2,1,53,8,999,1,3,NISSAN JUKE,7,E01024554,0,-1
2023010469400,2023,010469400,2,9,0,99,99,9,9,99,99,9,9,99,9,99,1,9,6,6,3,28,6,1598,1,4,NISSAN JUKE,2,E01003500,0,-1
2023010441569,2023,010441569,2,9,0,2,2,0,0,0,0,2,0,0,1,0,2,1,6,6,3,-1,-1,1461,2,8,NISSAN JUKE,-1,-1,0,-1
2023101352316,2023,101352316,1,9,0,3,3,2,6,0,0,1,0,0,0,0,2,1,6,6,1,54,8,1197,1,6,NISSAN JUKE,10,E01008475,0,-1
2023031365214,2023,031365214,2,9,0,13,13,5,1,0,0,0,5,0,0,0,4,1,6,6,2,60,9,1461,2,7,NISSAN JUKE,6,E01019321,0,-1
2023421307130,2023,421307130,1,9,0,18,19,7,2,0,0,0,0,0,0,0,0,1,5,6,1,54,8,1598,1,5,NISSAN JUKE,5,E01021338,0,-1
2023622300420,2023,622300420,2,9,0,7,7,1,4,0,0,3,0,0,0,0,4,1,2,2,2,29,6,1197,1,6,NISSAN JUKE,1,W01000934,0,-1
2023010467792,2023,010467792,2,9,3,3,3,1,5,0,0,0,0,0,0,0,2,1,6,6,2,39,7,999,1,3,NISSAN JUKE,8,E01000390,0,-1
2023052300713,2023,052300713,2,9,0,6,6,3,3,0,0,3,0,0,0,0,3,1,6,6,1,36,7,1598,1,6,NISSAN JUKE,7,E01012476,0,-1
2023010450305,2023,010450305,1,9,0,7,7,6,8,0,0,1,0,0,0,0,1,1,2,2,2,24,5,1598,1,4,NISSAN JUKE,2,E01003089,0,-1
2023471350553,2023,471350553,1,9,0,18,19,8,4,0,0,0,5,0,1,0,1,1,5,6,1,54,8,1598,1,10,NISSAN JUKE,5,E01021195,0,-1
2023421340944,2023,421340944,2,9,0,18,19,3,7,0,0,0,0,0,0,0,2,1,5,6,1,37,7,999,1,2,NISSAN JUKE,6,E01022035,0,-1
2023010448828,2023,010448828,1,9,0,99,99,9,9,99,99,9,9,99,9,99,1,9,6,6,3,-1,-1,1197,1,8,NISSAN JUKE,-1,-1,0,-1
2023010482020,2023,010482020,2,9,0,99,99,9,9,99,99,9,9,99,9,99,1,9,6,6,2,-1,-1,1197,1,8,NISSAN JUKE,-1,-1,0,-1
2023010471043,2023,010471043,1,9,0,10,10,1,6,0,0,5,0,0,0,0,1,1,6,6,2,44,7,1598,1,4,NISSAN JUKE,6,E01003386,0,-1
2023010488849,2023,010488849,1,9,0,99,99,9,9,99,99,9,9,99,9,99,1,9,6,6,2,56,9,1461,2,8,NISSAN JUKE,2,E01002506,0,-1
2023221371699,2023,221371699,1,9,0,18,19,5,1,0,0,8,0,0,0,0,1,1,6,6,2,57,9,1598,1,10,NISSAN JUKE,2,E01009348,0,-1
2023522400887,2023,522400887,1,9,0,18,19,8,4,0,0,6,0,0,0,0,4,1,6,6,2,53,8,999,1,0,NISSAN JUKE,6,E01014975,0,-1
2023411349538,2023,411349538,2,9,0,14,14,8,4,0,0,0,2,4,0,0,1,1,2,2,2,33,6,1598,1,8,NISSAN JUKE,7,E01017705,0,-1
2023010481787,2023,010481787,2,9,0,9,9,6,3,0,0,1,0,0,1,0,1,1,6,6,1,23,5,1598,1,10,NISSAN JUKE,4,E01000031,0,-1
2023010440953,2023,010440953,3,9,0,2,2,0,0,0,0,5,0,0,0,0,2,1,6,6,3,-1,-1,1598,1,6,NISSAN JUKE,-1,-1,0,-1
2023421345199,2023,421345199,3,9,0,18,19,1,5,0,0,8,0,0,0,0,2,1,5,6,1,35,6,999,1,2,NISSAN JUKE,4,E01002267,0,-1
2023061382075,2023,061382075,1,9,0,18,19,5,1,0,0,1,0,0,0,0,1,1,6,6,2,49,8,1598,1,12,NISSAN JUKE,2,E01005226,0,-1
2023311377056,2023,311377056,1,9,0,18,19,7,3,0,0,1,1,0,0,0,1,1,2,2,2,48,8,1461,2,6,NISSAN JUKE,5,E01007751,0,-1
2023010444023,2023,010444023,1,9,0,18,19,7,3,0,0,0,0,11,1,0,1,1,6,6,2,21,5,1598,1,11,NISSAN JUKE,-1,-1,0,-1
2023010442568,2023,010442568,2,9,0,99,99,9,9,99,99,9,9,99,9,99,1,9,6,6,3,-1,-1,1598,1,11,NISSAN JUKE,-1,-1,0,-1
2023052302116,2023,052302116,2,9,0,18,19,4,8,0,0,1,0,0,0,0,2,1,6,6,1,42,7,1197,1,6,NISSAN JUKE,1,E01006691,0,-1
2023991318024,2023,991318024,1,9,0,18,19,8,4,0,0,0,0,0,0,0,2,1,2,2,2,32,6,999,1,3,NISSAN JUKE,-1,-1,0,-1
2023170S10593,2023,170S10593,2,9,0,18,19,1,5,0,0,0,0,0,0,0,1,1,2,2,2,30,6,1197,1,6,NISSAN JUKE,7,E01012244,0,-1
2023010479416,2023,010479416,1,9,0,5,5,7,3,0,0,2,0,0,0,0,1,1,2,2,2,37,7,1598,1,6,NISSAN JUKE,4,E01003255,0,-1
2023010447382,2023,010447382,1,9,0,5,5,1,5,0,0,1,0,0,0,0,1,1,1,1,1,38,7,1197,1,6,NISSAN JUKE,4,E01002665,0,-1
2023010477240,2023,010477240,1,9,0,14,14,5,1,0,0,0,0,0,0,0,3,1,6,6,2,49,8,999,1,3,NISSAN JUKE,5,E01002948,0,-1
2023010446432,2023,010446432,1,9,0,18,19,7,3,0,0,0,0,0,0,0,1,1,6,6,1,38,7,1612,1,12,NISSAN JUKE,3,E01002058,0,-1
2023131366234,2023,131366234,1,9,0,9,9,1,5,0,0,2,0,0,0,0,3,1,5,6,1,33,6,999,1,1,NISSAN JUKE,1,E01010925,0,-1
2023010485027,2023,010485027,2,9,0,99,99,9,9,99,99,9,9,99,9,99,1,9,6,6,1,46,8,1598,1,11,NISSAN JUKE,2,E01033591,0,-1
2023010454110,2023,010454110,2,9,0,99,99,9,9,99,99,9,9,99,9,99,2,1,6,6,1,-1,-1,1461,2,7,NISSAN JUKE,2,E01004539,0,-1
2023430133042,2023,430133042,1,9,0,18,19,4,8,0,0,6,0,0,0,0,4,1,6,6,1,31,6,1461,2,11,NISSAN JUKE,3,E01017712,0,-1
2023122301298,2023,122301298,2,9,0,16,19,5,1,0,0,0,0,0,0,0,1,1,6,6,2,44,7,1197,1,8,NISSAN JUKE,6,E01027842,0,-1
2023010431278,2023,010431278,2,9,0,99,99,9,9,99,99,0,9,99,9,99,9,9,6,6,3,-1,-1,1598,1,11,NISSAN JUKE,-1,-1,0,-1
2023010425838,2023,010425838,2,9,0,7,7,5,7,0,0,8,0,0,1,0,3,1,6,6,2,65,9,1197,1,7,NISSAN JUKE,6,E01015942,0,-1
2023010420656,2023,010420656,1,9,0,18,19,3,7,0,0,1,0,7,0,0,1,1,6,6,1,84,11,1598,1,11,NISSAN JUKE,8,E01000655,0,-1
2023451334739,2023,451334739,1,9,0,16,19,7,3,0,0,1,0,0,0,0,1,1,5,6,2,39,7,1461,2,9,NISSAN JUKE,5,E01030812,0,-1
2023440235535,2023,440235535,1,9,0,4,4,8,4,0,0,1,0,0,0,0,1,1,6,6,1,31,6,1598,1,10,NISSAN JUKE,9,E01022674,0,-1
2023010419551,2023,010419551,2,9,0,2,2,0,0,0,0,0,0,0,0,0,2,1,6,6,3,-1,-1,1461,2,7,NISSAN JUKE,-1,-1,0,-1
2023311283083,2023,311283083,1,9,0,5,5,1,5,0,0,2,0,0,0,0,2,1,5,6,2,31,6,1598,1,12,NISSAN JUKE,5,E01028155,0,-1
2023201418576,2023,201418576,2,9,0,3,3,8,4,0,0,1,0,0,0,0,2,1,6,6,2,24,5,1598,1,6,NISSAN JUKE,1,E01010453,0,-1
2023131340858,2023,131340858,6,9,0,2,2,0,0,6,6,0,0,0,0,0,0,1,6,6,3,-1,-1,1618,1,7,NISSAN JUKE,-1,-1,0,-1
2023461363002,2023,461363002,1,9,0,9,9,1,3,0,0,0,0,0,0,0,4,1,6,6,2,53,8,1598,1,8,NISSAN JUKE,2,E01000028,0,-1
2023131370752,2023,131370752,3,9,0,2,2,0,0,0,0,0,0,0,0,0,1,1,5,6,2,64,9,1598,1,4,NISSAN JUKE,8,E01011496,0,-1
2023131275311,2023,131275311,1,9,0,3,3,8,8,7,6,6,0,0,0,0,1,1,6,6,2,35,6,1598,8,0,NISSAN JUKE,7,E01010587,0,-1
2023041321546,2023,041321546,2,9,0,18,19,5,3,0,0,2,0,0,0,0,1,1,6,6,2,46,8,1598,1,10,NISSAN JUKE,9,E01012598,0,-1
2023461302901,2023,461302901,2,9,0,3,3,6,2,0,0,0,0,0,0,0,2,1,6,6,2,35,6,1598,1,12,NISSAN JUKE,6,E01032817,0,-1
2023361343253,2023,361343253,2,9,0,18,19,1,2,0,0,1,0,0,0,0,4,1,1,1,1,47,8,1598,1,5,NISSAN JUKE,1,E01026597,0,-1
2023101268820,2023,101268820,2,9,0,3,3,5,1,0,0,0,0,0,0,0,2,1,6,6,2,30,6,1461,2,9,NISSAN JUKE,1,E01008731,0,-1
2023010471722,2023,010471722,2,9,0,99,99,9,9,99,99,9,9,99,9,99,1,9,6,6,3,-1,-1,1197,1,9,NISSAN JUKE,-1,-1,0,-1
2023101375307,2023,101375307,1,9,0,18,19,5,1,0,0,0,0,0,0,0,1,1,6,6,2,40,7,999,1,1,NISSAN JUKE,3,E01008857,0,-1
2023111380084,2023,111380084,2,9,0,18,19,2,6,0,0,0,0,0,0,0,1,1,6,6,2,57,9,1598,1,11,NISSAN JUKE,-1,-1,0,-1
2023101364935,2023,101364935,1,9,0,18,19,5,1,0,0,0,0,0,0,0,1,1,2,2,2,31,6,1461,2,7,NISSAN JUKE,1,E01008382,0,-1
2023201379023,2023,201379023,2,9,0,3,3,8,4,0,0,1,0,0,0,0,2,1,1,1,2,43,7,1598,1,10,NISSAN JUKE,2,E01009937,0,-1
2023041314330,2023,041314330,1,9,0,5,5,6,3,0,0,0,0,0,0,0,1,1,5,6,2,61,9,999,1,0,NISSAN JUKE,2,E01024910,0,-1
2023041269009,2023,041269009,3,9,0,2,2,0,0,0,0,2,0,0,0,0,2,1,6,6,3,-1,-1,1598,1,8,NISSAN JUKE,-1,-1,0,-1
2023010457295,2023,010457295,2,9,0,7,7,3,5,0,0,2,1,0,0,0,1,1,6,6,2,30,6,1598,1,9,NISSAN JUKE,2,E01000065,0,-1
2023131274478,2023,131274478,1,9,0,18,19,1,1,0,0,6,5,0,0,0,3,1,2,2,2,71,10,999,1,1,NISSAN JUKE,8,E01011086,0,-1
2023340WN4002,2023,340WN4002,1,9,0,18,19,1,5,0,0,6,0,0,3,0,3,1,6,6,2,59,9,1598,1,5,NISSAN JUKE,5,E01027176,0,-1
2023340NN0322,2023,340NN0322,3,9,0,2,2,0,0,9,9,2,0,0,0,10,3,1,6,6,3,-1,-1,999,1,1,NISSAN JUKE,-1,-1,0,-1
2023201393568,2023,201393568,3,9,0,18,19,3,7,0,0,0,0,10,0,0,4,1,6,6,1,23,5,1197,1,9,NISSAN JUKE,-1,-1,0,-1
2023010443476,2023,010443476,1,9,0,18,19,1,5,0,0,8,0,0,0,0,1,1,6,6,2,37,7,1598,1,11,NISSAN JUKE,2,E01000064,0,-1
2023201390465,2023,201390465,1,9,0,18,19,3,7,0,0,1,0,10,1,0,1,1,5,6,2,22,5,999,1,0,NISSAN JUKE,10,E01009815,0,-1
2023320192472,2023,320192472,2,9,0,18,19,4,8,0,0,8,0,0,0,0,1,1,2,2,2,52,8,1461,2,6,NISSAN JUKE,9,E01026226,0,-1
2023430127739,2023,430127739,1,9,0,12,12,1,5,0,0,4,0,0,0,0,3,1,6,6,2,39,7,1461,2,11,NISSAN JUKE,5,E01016240,0,-1
2023131367584,2023,131367584,1,9,0,18,19,5,2,0,0,8,0,0,0,0,1,1,2,2,2,54,8,1598,1,5,NISSAN JUKE,5,E01011384,0,-1
2023101259162,2023,101259162,1,9,0,5,5,7,3,0,0,4,0,0,1,0,3,1,2,2,2,29,6,1598,1,10,NISSAN JUKE,1,E01008827,0,-1
2023101296416,2023,101296416,2,9,0,3,3,6,2,0,0,0,0,0,0,0,2,1,5,6,1,37,7,1598,1,6,NISSAN JUKE,2,E01033545,0,-1
2023041287564,2023,041287564,2,9,0,18,19,3,7,0,0,0,0,0,0,0,2,1,6,6,2,32,6,1461,2,10,NISSAN JUKE,-1,-1,0,-1
2023010485000,2023,010485000,2,9,0,99,99,9,9,99,99,9,9,99,9,99,9,9,6,6,1,48,8,1598,1,8,NISSAN JUKE,2,E01000743,0,-1
2023010435749,2023,010435749,1,9,0,2,2,0,0,0,0,1,0,0,0,0,3,1,6,6,3,-1,-1,1598,1,12,NISSAN JUKE,-1,-1,0,-1
2023631313821,2023,631313821,2,9,0,4,4,2,6,0,0,0,0,0,0,0,2,1,6,6,2,40,7,1461,2,9,NISSAN JUKE,2,W01000788,0,-1
2023471349319,2023,471349319,2,9,0,18,19,1,5,0,0,1,0,0,0,0,3,1,6,6,1,31,6,1598,1,7,NISSAN JUKE,2,E01016955,0,-1
2023471375264,2023,471375264,1,9,0,9,9,5,3,0,0,1,0,0,0,0,1,1,2,2,1,61,9,1598,1,11,NISSAN JUKE,6,E01031557,0,-1
2023141273708,2023,141273708,2,9,0,18,19,3,7,0,0,2,1,0,0,0,1,1,6,6,2,64,9,1598,1,12,NISSAN JUKE,9,E01007792,0,-1
2023471294810,2023,471294810,2,9,0,16,19,4,8,0,0,0,0,0,1,0,1,1,5,6,2,61,9,1598,1,9,NISSAN JUKE,8,E01021041,0,-1
2023461271697,2023,461271697,1,9,0,18,19,5,4,0,0,8,0,0,0,0,1,1,6,6,2,81,11,999,1,1,NISSAN JUKE,5,E01024229,0,-1
2023501359894,2023,501359894,5,9,0,18,19,1,4,0,0,0,0,1,0,0,1,1,6,6,2,74,10,999,1,1,NISSAN JUKE,7,E01015203,0,-1
2023010439532,2023,010439532,1,9,0,10,10,3,1,0,0,8,0,0,0,0,1,1,6,6,2,63,9,1598,1,4,NISSAN JUKE,6,E01002005,0,-1
2023546887023,2023,546887023,1,9,0,18,19,3,7,0,0,0,0,10,1,2,1,1,3,7,1,72,10,1598,1,5,NISSAN JUKE,8,E01031892,0,-1
2023991333342,2023,991333342,2,9,0,18,19,8,4,0,0,1,0,0,0,0,1,1,5,6,1,62,9,1461,2,5,NISSAN JUKE,1,-1,0,-1
2023320351104,2023,320351104,1,9,0,18,19,6,2,0,0,0,0,0,0,0,1,1,6,6,1,72,10,1197,1,7,NISSAN JUKE,8,E01013189,0,-1
2023010464863,2023,010464863,1,9,0,9,9,1,6,0,0,1,0,0,0,0,1,1,6,6,2,54,8,1598,1,10,NISSAN JUKE,1,E01004702,0,-1
2023010470924,2023,010470924,2,9,0,99,99,9,9,99,99,9,9,99,9,99,9,9,6,6,3,-1,-1,1197,1,5,NISSAN JUKE,-1,-1,0,-1
2023141300604,2023,141300604,2,9,0,9,9,1,1,0,0,0,0,0,0,0,1,1,6,6,1,-1,-1,1461,2,8,NISSAN JUKE,3,E01033273,0,-1
2023010422023,2023,010422023,1,9,0,9,9,5,2,0,0,6,0,0,0,0,1,1,6,6,1,39,7,999,1,1,NISSAN JUKE,8,E01000399,0,-1
2023201370132,2023,201370132,1,9,0,9,9,6,2,0,0,2,0,0,0,0,1,1,6,6,2,47,8,1598,1,6,NISSAN JUKE,2,E01009499,0,-1
2023552300927,2023,552300927,1,9,0,18,19,2,6,0,0,8,0,0,3,10,1,1,6,6,2,36,7,1461,2,9,NISSAN JUKE,8,E01015370,0,-1
2023522300824,2023,522300824,1,9,0,9,9,4,2,0,0,8,0,0,0,0,1,1,6,6,2,66,10,1598,1,9,NISSAN JUKE,1,E01014655,0,-1
2023161306796,2023,161306796,1,9,0,5,5,8,4,0,0,6,0,0,0,0,1,1,5,6,2,29,6,1197,1,8,NISSAN JUKE,10,E01013012,0,-1
2023010441920,2023,010441920,1,9,0,99,99,9,9,99,99,9,9,99,9,99,9,9,6,6,2,53,8,1598,1,5,NISSAN JUKE,2,E01001735,0,-1
2023451384376,2023,451384376,1,9,0,18,19,5,1,0,0,0,0,0,0,0,1,1,6,6,2,33,6,1598,1,6,NISSAN JUKE,7,E01024141,0,-1
2023461360017,2023,461360017,2,9,0,18,19,4,3,0,0,0,0,0,0,0,2,1,5,6,1,30,6,999,1,2,NISSAN JUKE,5,E01001880,0,-1
2023320046501,2023,320046501,1,9,0,13,13,8,4,0,0,1,0,0,0,0,0,1,2,2,2,29,6,1598,1,12,NISSAN JUKE,5,E01026727,0,-1
2023010476833,2023,010476833,2,9,0,7,7,3,5,0,0,8,1,0,0,0,1,1,6,6,1,-1,-1,1598,1,9,NISSAN JUKE,2,E01003266,0,-1
2023531360654,2023,531360654,2,9,0,9,9,1,5,0,0,5,0,0,0,0,1,1,5,6,1,62,9,1598,1,8,NISSAN JUKE,4,E01022301,0,-1
2023351277542,2023,351277542,1,9,0,7,7,1,3,0,0,0,0,0,0,0,1,1,6,6,2,70,10,1598,1,6,NISSAN JUKE,6,E01017943,0,-1
2023010477035,2023,010477035,1,9,0,6,6,5,5,0,0,1,2,0,0,0,1,1,6,6,1,23,5,999,1,0,NISSAN JUKE,3,E01033583,0,-1
2023010460897,2023,010460897,1,9,0,18,19,1,5,0,0,0,5,4,0,0,1,1,6,6,1,60,9,999,1,1,NISSAN JUKE,-1,-1,0,-1
2023161353013,2023,161353013,1,9,0,18,19,3,7,0,0,0,0,0,0,0,1,1,2,2,2,46,8,1461,2,7,NISSAN JUKE,1,E01011472,0,-1
2023201317475,2023,201317475,2,9,0,18,19,5,1,0,0,8,0,0,0,0,1,1,2,2,2,33,6,1197,1,7,NISSAN JUKE,2,E01010204,0,-1
2023010445764,2023,010445764,3,9,0,18,19,4,8,0,0,2,0,0,0,0,0,1,6,6,3,-1,-1,1598,1,8,NISSAN JUKE,-1,-1,0,-1
2023052302129,2023,052302129,1,9,0,9,9,1,5,0,0,1,0,0,0,0,1,1,6,6,1,79,11,1598,1,4,NISSAN JUKE,1,E01006844,0,-1
2023522301781,2023,522301781,2,9,0,18,19,1,5,0,0,6,0,0,0,0,1,1,6,6,2,27,6,1598,1,10,NISSAN JUKE,2,E01014522,0,-1
2023010445416,2023,010445416,2,9,0,2,2,0,0,0,0,1,0,0,0,0,1,1,6,6,3,-1,-1,1598,1,11,NISSAN JUKE,-1,-1,0,-1
2023361300611,2023,361300611,2,9,0,18,19,2,6,0,0,0,0,0,0,0,1,1,2,2,2,62,9,1598,1,4,NISSAN JUKE,5,E01026428,0,-1
2023070702777,2023,070702777,1,9,0,2,2,6,2,0,0,0,0,0,0,0,3,1,6,6,1,51,8,999,1,1,NISSAN JUKE,2,E01012482,0,-1
2023501389382,2023,501389382,1,9,0,18,19,7,1,0,0,0,0,0,1,11,1,1,5,6,1,63,9,1461,2,9,NISSAN JUKE,5,E01018791,0,-1
2023421344106,2023,421344106,2,9,0,4,4,2,6,0,0,0,0,0,0,0,2,1,6,6,2,38,7,1598,1,5,NISSAN JUKE,8,E01023446,0,-1