collision_index,collision_year,collision_ref_no,vehicle_reference,vehicle_type,towing_and_articulation,vehicle_manoeuvre_historic,vehicle_manoeuvre,vehicle_direction_from,vehicle_direction_to,vehicle_location_restricted_lane_historic,vehicle_location_restricted_lane,junction_location,skidding_and_overturning,hit_object_in_carriageway,vehicle_leaving_carriageway,hit_object_off_carriageway,first_point_of_impact,vehicle_left_hand_drive,journey_purpose_of_driver_historic,journey_purpose_of_driver,sex_of_driver,age_of_driver,age_band_of_driver,engine_capacity_cc,propulsion_code,age_of_vehicle,generic_make_model,driver_imd_decile,lsoa_of_driver,escooter_flag,driver_distance_banding
2023201287364,2023,201287364,1,19,0,18,19,6,2,0,0,1,0,0,0,0,1,1,1,1,1,-1,-1,1997,2,1,PEUGEOT EXPERT,-1,-1,0,-1
2023991297540,2023,991297540,1,19,0,18,19,4,8,0,0,8,0,0,0,0,4,1,1,1,1,43,7,1560,2,7,PEUGEOT EXPERT,5,-1,0,-1
2023010454611,2023,010454611,1,19,0,9,9,5,3,0,0,1,0,0,0,0,1,1,1,1,1,21,5,1560,2,6,PEUGEOT EXPERT,2,E01001057,0,-1
2023201409846,2023,201409846,2,19,0,9,9,8,6,0,0,6,0,0,0,0,1,1,6,6,1,59,9,1997,2,3,PEUGEOT EXPERT,5,E01010351,0,-1
2023010478978,2023,010478978,2,19,0,99,99,9,9,99,99,9,9,99,9,99,1,9,6,6,3,-1,-1,1500,2,1,PEUGEOT EXPERT,1,E01024389,0,-1
2023041290051,2023,041290051,2,19,0,18,19,5,1,0,0,0,0,0,0,0,4,1,1,1,1,39,7,1997,2,3,PEUGEOT EXPERT,8,E01025603,0,-1
2023131356661,2023,131356661,3,19,0,2,2,0,0,0,0,1,0,0,0,0,0,1,6,6,3,-1,-1,1560,2,4,PEUGEOT EXPERT,-1,-1,0,-1
2023440358057,2023,440358057,1,19,0,17,19,2,7,0,0,0,0,0,1,4,1,1,1,1,1,61,9,1560,2,9,PEUGEOT EXPERT,9,E01022642,0,-1
2023221358883,2023,221358883,1,19,0,18,19,3,7,0,0,0,0,0,0,0,1,1,6,6,1,75,10,1560,2,15,PEUGEOT EXPERT,1,E01008927,0,-1
2023010428272,2023,010428272,2,19,0,99,99,9,9,99,99,9,9,99,9,99,1,9,6,6,3,-1,-1,1997,2,6,PEUGEOT EXPERT,-1,-1,0,-1
2023061286015,2023,061286015,1,19,0,2,2,-1,-1,0,0,0,0,0,0,0,4,1,6,6,3,30,6,-1,3,2,PEUGEOT EXPERT,2,E01005720,0,-1
2023010465334,2023,010465334,1,19,0,9,9,5,3,0,0,8,0,0,0,0,1,1,1,1,2,45,7,-1,3,2,PEUGEOT EXPERT,4,E01001450,0,-1
2023221288071,2023,221288071,1,19,0,18,19,2,6,0,0,4,0,0,0,0,1,1,6,6,1,49,8,1997,2,1,PEUGEOT EXPERT,1,W01000864,0,-1
2023501344939,2023,501344939,1,8,0,4,4,3,7,0,0,1,0,0,0,0,1,1,1,1,1,72,10,1997,2,17,-1,2,E01020141,0,-1
2023010450465,2023,010450465,1,19,0,9,9,5,4,0,0,2,0,0,0,0,1,1,1,1,1,55,8,1560,2,6,PEUGEOT EXPERT,4,E01003740,0,-1
2023340NN2332,2023,340NN2332,3,19,0,18,19,3,7,0,0,1,0,0,0,0,3,1,6,6,1,43,7,1997,2,4,PEUGEOT EXPERT,7,E01016840,0,-1
2023451323332,2023,451323332,1,19,0,18,19,2,6,0,0,2,0,0,0,0,3,1,1,1,1,37,7,1997,2,3,PEUGEOT EXPERT,6,E01030677,0,-1
2023010464000,2023,010464000,2,19,9,99,99,9,9,99,99,9,9,99,9,99,9,9,6,6,1,63,9,1560,2,6,PEUGEOT EXPERT,2,E01004365,0,-1
2023501293370,2023,501293370,1,9,0,18,19,8,4,0,0,0,1,0,1,1,1,1,6,6,1,29,6,1560,2,14,PEUGEOT EXPERT,4,E01018881,0,-1
2023141320089,2023,141320089,2,19,0,2,2,0,0,0,0,0,0,0,0,0,0,1,6,6,3,-1,-1,2000,2,1,PEUGEOT EXPERT,-1,-1,0,-1
2023101294013,2023,101294013,1,19,0,9,9,5,1,0,0,0,0,0,0,0,1,1,5,6,1,45,7,1997,2,3,PEUGEOT EXPERT,8,E01027356,0,-1
2023010456960,2023,010456960,2,19,0,4,4,5,1,0,0,0,1,0,0,0,1,1,1,1,1,31,6,1997,2,4,PEUGEOT EXPERT,3,E01001930,0,-1
2023010471739,2023,010471739,2,19,0,18,19,5,1,0,0,1,0,0,0,0,3,1,1,1,1,54,8,1560,2,5,PEUGEOT EXPERT,4,E01000503,0,-1
2023421303754,2023,421303754,1,19,0,18,19,1,5,0,0,8,0,0,0,0,3,1,1,1,1,65,9,1560,2,8,PEUGEOT EXPERT,6,E01021502,0,-1
2023131290067,2023,131290067,2,19,0,18,19,3,7,0,0,0,0,0,0,0,2,1,1,1,1,41,7,1997,2,15,PEUGEOT EXPERT,9,E01004789,0,-1
2023131368520,2023,131368520,2,19,0,18,19,3,7,0,0,1,1,0,0,0,1,1,1,1,1,26,6,1560,2,7,PEUGEOT EXPERT,4,E01007434,0,-1
2023451306836,2023,451306836,2,9,0,18,19,1,5,0,0,0,0,0,0,0,2,1,2,2,1,47,8,1997,2,13,PEUGEOT EXPERT,3,E01016449,0,-1
2023170H10373,2023,170H10373,2,19,0,2,2,0,0,0,0,2,0,0,0,0,2,1,2,2,1,25,5,2000,2,1,PEUGEOT EXPERT,4,E01032553,0,-1
2023552300426,2023,552300426,2,19,0,5,5,6,2,0,0,8,0,0,0,0,1,1,2,2,1,62,9,1997,2,2,PEUGEOT EXPERT,6,E01015353,0,-1
2023221372131,2023,221372131,2,19,0,4,4,6,2,0,0,2,1,0,0,0,2,1,1,1,1,60,9,1997,2,4,PEUGEOT EXPERT,6,E01022348,0,-1
2023131348599,2023,131348599,1,19,0,9,9,3,7,0,0,5,0,0,0,0,3,1,1,1,1,63,9,1560,2,9,PEUGEOT EXPERT,7,E01010933,0,-1
2023361336996,2023,361336996,1,19,0,5,5,7,3,0,0,0,0,0,0,0,4,1,1,1,1,67,10,1560,2,7,PEUGEOT EXPERT,4,E01026792,0,-1
2023211311491,2023,211311491,1,19,0,-1,-1,-1,-1,-1,-1,0,-1,-1,-1,0,1,1,6,6,1,56,9,1560,2,7,PEUGEOT EXPERT,-1,-1,0,-1
2023471364371,2023,471364371,1,19,0,4,4,2,6,0,0,1,0,0,1,4,1,1,1,1,1,23,5,1868,2,18,PEUGEOT EXPERT,3,E01031830,0,-1
2023010453231,2023,010453231,2,19,0,9,9,3,8,0,0,1,0,0,0,0,3,1,1,1,1,44,7,1500,2,1,PEUGEOT EXPERT,3,E01000872,0,-1
2023302300365,2023,302300365,1,19,0,1,1,8,4,9,9,2,0,0,1,0,2,1,6,6,3,-1,-1,1997,2,1,PEUGEOT EXPERT,-1,-1,0,-1
2023010434418,2023,010434418,1,19,0,9,9,8,7,0,0,1,0,0,0,0,1,1,3,7,1,41,7,1997,2,6,PEUGEOT EXPERT,1,E01001847,0,-1
2023161285077,2023,161285077,1,19,0,18,19,2,6,0,0,0,1,0,0,0,1,1,1,1,1,35,6,1499,2,3,PEUGEOT EXPERT,1,E01012944,0,-1
2023501344877,2023,501344877,2,19,0,17,19,2,5,0,0,0,0,0,0,0,3,1,1,1,1,22,5,1560,2,7,PEUGEOT EXPERT,4,E01018892,0,-1
2023440041161,2023,440041161,1,19,0,9,9,7,5,0,0,5,0,0,0,0,3,1,6,6,1,-1,-1,1560,2,7,PEUGEOT EXPERT,-1,-1,0,-1
202360A061777,2023,60A061777,1,19,0,18,19,2,1,0,0,0,0,0,0,0,3,1,6,6,1,40,7,1997,2,5,PEUGEOT EXPERT,-1,-1,0,-1
2023471275839,2023,471275839,1,9,0,18,19,2,6,0,0,0,0,0,0,0,1,1,1,1,1,47,8,1997,2,13,PEUGEOT EXPERT,3,E01031492,0,-1
2023552301253,2023,552301253,1,19,0,9,9,6,4,0,0,5,0,0,0,0,1,1,1,1,1,52,8,-1,3,1,PEUGEOT EXPERT,4,E01020394,0,-1
2023201296516,2023,201296516,2,19,0,18,19,6,2,0,0,8,0,0,0,0,1,1,2,2,1,62,9,-1,3,2,PEUGEOT EXPERT,4,E01009518,0,-1
2023440040123,2023,440040123,1,19,0,18,19,1,5,0,0,2,2,0,1,0,1,1,1,1,1,40,7,1499,2,2,PEUGEOT EXPERT,9,E01016324,0,-1
2023501273569,2023,501273569,1,19,0,9,9,1,6,0,0,0,0,0,0,0,3,1,2,2,1,49,8,1560,2,11,PEUGEOT EXPERT,5,E01018896,0,-1
2023010470219,2023,010470219,2,19,0,9,9,1,6,0,0,0,0,0,0,0,0,1,1,1,1,61,9,1499,2,2,PEUGEOT EXPERT,3,E01002932,0,-1
2023201394728,2023,201394728,1,19,0,9,9,4,2,0,0,5,0,0,0,0,1,1,6,6,1,50,8,1560,2,9,PEUGEOT EXPERT,-1,-1,0,-1
2023061330306,2023,061330306,1,19,0,5,5,3,7,0,0,2,0,0,0,0,1,1,1,1,1,52,8,-1,3,1,PEUGEOT EXPERT,7,E01004836,0,-1
2023061361450,2023,061361450,1,19,0,4,4,6,2,0,0,0,0,0,0,0,2,1,6,6,1,44,7,1499,2,0,PEUGEOT EXPERT,1,E01014250,0,-1
2023371296552,2023,371296552,2,19,0,18,19,5,8,0,0,0,0,0,0,0,3,1,1,1,1,58,9,1499,2,1,PEUGEOT EXPERT,3,E01021639,0,-1
2023010475743,2023,010475743,2,19,0,18,19,8,4,0,0,8,0,0,0,0,1,1,6,6,1,33,6,1997,2,1,PEUGEOT EXPERT,-1,-1,0,-1
2023302301859,2023,302301859,1,9,0,18,19,5,1,0,0,0,0,0,0,0,3,1,1,1,1,55,8,-1,-1,-1,PEUGEOT EXPERT,-1,-1,0,-1
2023501367934,2023,501367934,1,19,0,18,19,8,4,0,0,0,1,0,0,0,1,1,1,1,1,26,6,1560,2,7,PEUGEOT EXPERT,-1,-1,0,-1
2023010479936,2023,010479936,1,19,0,99,99,9,9,99,99,9,9,99,9,99,9,9,2,2,1,69,10,1560,2,4,PEUGEOT EXPERT,3,E01001229,0,-1
2023991311732,2023,991311732,1,19,0,9,9,3,8,0,0,0,0,0,0,0,1,1,1,1,2,38,7,2000,2,1,PEUGEOT EXPERT,6,-1,0,-1
2023101407653,2023,101407653,1,19,0,9,9,3,1,0,0,5,0,0,0,0,3,1,5,6,1,63,9,1499,2,1,PEUGEOT EXPERT,4,E01008229,0,-1
2023461348375,2023,461348375,1,19,0,11,11,7,3,0,0,0,0,0,0,0,0,1,1,1,1,39,7,1499,2,0,PEUGEOT EXPERT,7,E01032825,0,-1
2023991353043,2023,991353043,1,19,0,4,4,1,5,0,0,1,1,0,0,0,1,1,1,1,1,31,6,1997,2,0,PEUGEOT EXPERT,9,-1,0,-1
2023451322105,2023,451322105,1,19,0,18,19,1,5,0,0,0,0,0,0,0,3,1,6,6,1,57,9,1560,2,9,PEUGEOT EXPERT,7,E01030594,0,-1
2023010449538,2023,010449538,2,19,9,99,99,9,9,99,99,9,9,99,9,99,1,9,6,6,3,-1,-1,1560,2,6,PEUGEOT EXPERT,-1,-1,0,-1
2023010456006,2023,010456006,1,19,0,99,99,9,9,99,99,9,9,99,9,99,1,1,6,6,1,26,6,1499,2,2,PEUGEOT EXPERT,1,E01003590,0,-1
2023991371201,2023,991371201,2,19,0,4,4,8,4,0,0,1,0,0,0,0,1,1,1,1,2,28,6,1997,2,0,PEUGEOT EXPERT,-1,-1,0,-1
2023170L30463,2023,170L30463,1,19,0,18,19,2,6,0,0,4,0,0,0,0,1,1,1,1,1,55,8,1499,2,2,PEUGEOT EXPERT,2,E01012051,0,-1
2023430379627,2023,430379627,1,19,0,18,19,5,1,0,0,1,0,0,0,0,2,1,1,1,1,50,8,1560,2,8,PEUGEOT EXPERT,-1,-1,0,-1
2023451316741,2023,451316741,1,19,0,18,19,5,1,0,0,0,0,0,0,0,3,1,5,6,1,31,6,2000,2,1,PEUGEOT EXPERT,3,E01002646,0,-1
2023010439984,2023,010439984,1,19,0,18,19,7,3,0,0,8,0,0,7,0,4,1,1,1,1,56,9,1560,2,4,PEUGEOT EXPERT,1,E01002081,0,-1
2023010478500,2023,010478500,2,19,0,9,9,5,3,0,0,8,0,0,0,0,4,1,1,1,2,40,7,1560,2,5,PEUGEOT EXPERT,3,E01002325,0,-1
2023141306850,2023,141306850,1,19,0,18,19,3,7,0,0,1,0,0,0,0,1,1,6,6,3,-1,-1,1499,2,2,PEUGEOT EXPERT,-1,-1,0,-1
2023991361895,2023,991361895,1,19,0,4,4,6,2,0,0,0,0,0,0,0,1,1,1,1,1,29,6,1560,2,4,PEUGEOT EXPERT,7,E01017379,0,-1
2023501376008,2023,501376008,1,19,0,14,14,6,2,0,0,1,0,0,0,0,1,1,6,6,1,63,9,1560,2,11,PEUGEOT EXPERT,3,E01019009,0,-1
2023471382611,2023,471382611,2,19,0,18,19,3,7,0,0,1,0,0,0,0,1,1,2,2,1,58,9,1560,2,5,PEUGEOT EXPERT,6,E01031801,0,-1
2023340NN0612,2023,340NN0612,1,19,0,7,7,8,2,0,0,8,1,0,0,0,1,1,6,6,1,55,8,-1,3,2,PEUGEOT EXPERT,6,E01027043,0,-1
2023070701723,2023,070701723,2,19,0,4,4,3,6,0,0,0,0,0,0,0,2,1,1,1,1,37,7,1997,2,5,PEUGEOT EXPERT,9,E01018545,0,-1
2023010424239,2023,010424239,1,19,0,18,19,7,3,0,0,1,0,0,0,0,1,1,1,1,1,41,7,-1,3,2,PEUGEOT EXPERT,8,E01000311,0,-1
2023041335596,2023,041335596,1,19,0,9,9,5,7,0,0,0,0,0,0,0,1,1,1,1,1,43,7,1997,2,2,PEUGEOT EXPERT,9,E01025074,0,-1
2023010450865,2023,010450865,1,19,0,1,1,3,7,0,0,0,0,0,0,0,2,1,1,1,1,36,7,-1,3,1,PEUGEOT EXPERT,2,E01003373,0,-1
2023010431579,2023,010431579,1,19,0,9,9,1,6,0,0,5,0,0,0,0,4,1,1,1,1,52,8,1560,2,4,PEUGEOT EXPERT,9,E01024186,0,-1
2023421356892,2023,421356892,1,19,0,4,4,3,7,0,0,0,0,0,0,0,1,1,1,1,2,32,6,1560,2,4,PEUGEOT EXPERT,-1,-1,0,-1
2023552300491,2023,552300491,2,19,0,2,2,0,0,0,0,2,0,0,0,0,2,1,1,1,1,47,8,1560,2,5,PEUGEOT EXPERT,7,E01020498,0,-1
2023052302343,2023,052302343,1,19,0,18,19,7,3,0,0,4,0,0,0,0,3,1,6,6,1,-1,-1,1499,2,1,PEUGEOT EXPERT,-1,-1,0,-1
2023311298088,2023,311298088,1,19,0,16,19,4,8,0,0,0,0,0,0,0,1,1,5,6,1,69,10,1560,2,10,PEUGEOT EXPERT,5,E01027946,0,-1
2023471299500,2023,471299500,1,9,0,7,7,7,1,0,0,6,0,0,0,0,1,1,6,6,2,52,8,1997,2,11,PEUGEOT EXPERT,4,E01016973,0,-1
2023201318816,2023,201318816,4,19,0,3,3,7,3,0,0,0,0,0,0,0,2,1,1,1,1,64,9,1997,2,3,PEUGEOT EXPERT,4,E01010015,0,-1
2023440161192,2023,440161192,1,19,0,9,9,7,5,0,0,8,0,0,0,0,1,1,6,6,1,44,7,1997,2,3,PEUGEOT EXPERT,8,E01022769,0,-1
2023010471601,2023,010471601,1,19,0,99,99,9,9,99,99,0,9,99,9,99,9,9,6,6,3,-1,-1,1997,2,4,PEUGEOT EXPERT,5,E01002344,0,-1
2023010479482,2023,010479482,2,19,0,99,99,9,9,99,99,9,9,99,9,99,2,9,6,6,3,26,6,-1,3,1,PEUGEOT EXPERT,3,E01003978,0,-1
2023320090497,2023,320090497,2,19,0,2,2,0,0,0,0,0,0,0,0,0,4,1,1,1,2,49,8,1499,2,3,PEUGEOT EXPERT,6,E01026332,0,-1
2023411393844,2023,411393844,2,19,0,8,8,5,2,0,0,1,0,0,0,0,1,1,1,1,1,28,6,1997,2,3,PEUGEOT EXPERT,6,E01023927,0,-1
2023010468589,2023,010468589,1,19,0,3,3,7,3,0,0,0,0,0,0,0,3,1,6,6,3,-1,-1,1560,2,4,PEUGEOT EXPERT,-1,-1,0,-1
2023010471887,2023,010471887,3,19,0,18,19,7,3,0,0,0,0,0,0,0,1,1,2,2,1,46,8,1560,2,6,PEUGEOT EXPERT,1,E01004248,0,-1
2023411366061,2023,411366061,1,19,0,18,19,-1,-1,0,0,1,0,0,0,0,3,1,6,6,1,66,10,-1,3,1,PEUGEOT EXPERT,10,E01017399,0,-1
2023131307067,2023,131307067,3,19,0,2,2,0,0,0,0,8,0,4,0,0,3,1,6,6,3,-1,-1,-1,3,1,PEUGEOT EXPERT,-1,-1,0,-1
2023010459804,2023,010459804,2,19,0,99,99,9,9,99,99,9,9,99,9,99,1,9,6,6,1,48,8,1997,2,1,PEUGEOT EXPERT,10,E01004112,0,-1
2023010472227,2023,010472227,1,20,0,99,99,9,9,99,99,9,9,99,9,99,1,9,6,6,3,-1,-1,-1,-1,-1,-1,-1,-1,0,-1
2023361401946,2023,361401946,2,19,0,18,19,3,7,0,0,0,1,0,0,0,1,1,1,1,1,29,6,1560,2,14,PEUGEOT EXPERT,3,E01026601,0,-1
2023991370469,2023,991370469,1,19,0,17,19,8,5,0,0,0,1,0,0,0,1,1,6,6,1,23,5,1997,2,16,PEUGEOT EXPERT,3,E01009992,0,-1
2023201276667,2023,201276667,2,19,0,4,4,8,4,0,0,0,0,0,0,0,2,1,6,6,1,44,7,1997,2,7,PEUGEOT EXPERT,4,E01009590,0,-1
2023122300092,2023,122300092,1,19,0,18,19,7,3,0,0,0,0,11,0,0,1,1,1,1,1,39,7,2000,2,1,PEUGEOT EXPERT,3,E01027824,0,-1
2023161328970,2023,161328970,2,19,0,18,19,5,1,0,0,0,0,0,0,0,3,1,1,1,1,-1,-1,1560,2,4,PEUGEOT EXPERT,-1,-1,0,-1
2023430414953,2023,430414953,3,19,0,8,8,6,8,0,0,1,0,0,0,0,3,1,2,2,1,31,6,2000,2,2,PEUGEOT EXPERT,2,E01032941,0,-1
2023052301966,2023,052301966,1,19,0,18,19,1,5,0,0,0,0,0,0,0,1,1,6,6,1,-1,-1,2000,2,2,PEUGEOT EXPERT,-1,-1,0,-1
2023221311224,2023,221311224,2,19,0,12,12,8,1,0,0,1,0,0,0,0,3,1,6,6,1,78,11,1560,2,15,PEUGEOT EXPERT,7,E01032124,0,-1
2023201409574,2023,201409574,1,9,0,1,1,-1,-1,0,0,0,0,0,0,0,3,1,1,1,3,55,8,-1,-1,-1,PEUGEOT EXPERT,1,E01010046,0,-1
2023471280421,2023,471280421,3,19,0,4,4,7,4,0,0,1,0,0,0,0,1,1,1,1,1,54,8,-1,3,2,PEUGEOT EXPERT,6,E01031591,0,-1
2023991299712,2023,991299712,1,19,0,18,19,1,5,0,0,1,1,0,0,0,1,1,1,1,1,33,6,1997,2,0,PEUGEOT EXPERT,4,-1,0,-1
2023520301086,2023,520301086,1,19,0,7,7,2,4,0,0,6,0,0,0,0,3,1,6,6,2,53,8,1499,2,1,PEUGEOT EXPERT,5,E01029336,0,-1
2023451349953,2023,451349953,1,19,0,18,19,1,5,0,0,0,0,0,0,0,1,1,6,6,2,64,9,1499,2,0,PEUGEOT EXPERT,7,E01030577,0,-1
2023461343908,2023,461343908,1,19,0,15,15,7,3,6,6,1,0,11,1,0,1,1,6,6,1,20,4,1905,2,24,PEUGEOT EXPERT,-1,-1,0,-1
2023361286128,2023,361286128,1,19,0,18,19,3,7,0,0,0,0,0,0,0,1,1,1,1,1,33,6,1560,2,4,PEUGEOT EXPERT,1,E01026832,0,-1
2023201284746,2023,201284746,1,19,0,18,19,1,5,0,0,0,0,0,0,0,1,1,2,2,1,35,6,1499,2,1,PEUGEOT EXPERT,5,E01010250,0,-1
2023031263156,2023,031263156,2,19,0,18,19,1,5,0,0,0,0,0,0,0,0,1,1,1,1,63,9,1868,2,18,PEUGEOT EXPERT,-1,-1,0,-1
2023430432455,2023,430432455,2,19,0,18,19,2,6,0,0,8,0,0,0,0,1,1,1,1,1,59,9,1499,2,3,PEUGEOT EXPERT,-1,-1,0,-1
2023101422941,2023,101422941,1,19,0,9,9,5,3,0,0,8,0,0,0,0,3,1,6,6,1,18,4,1499,2,2,PEUGEOT EXPERT,4,E01020688,0,-1
2023371296845,2023,371296845,3,21,0,18,19,5,1,0,0,0,0,0,0,0,3,1,6,6,3,-1,-1,-1,-1,-1,-1,-1,-1,0,-1
2023041346437,2023,041346437,1,19,0,18,19,3,7,0,0,1,0,0,0,0,1,1,5,6,1,37,7,1997,2,16,PEUGEOT EXPERT,5,E01012690,0,-1
2023501299579,2023,501299579,4,9,0,4,4,7,3,0,0,0,0,1,0,0,2,1,6,6,1,79,11,1560,2,12,PEUGEOT EXPERT,7,E01015134,0,-1
2023010456174,2023,010456174,1,19,0,99,99,9,9,99,99,9,9,99,9,99,1,9,6,6,3,-1,-1,1997,2,2,PEUGEOT EXPERT,-1,-1,0,-1
2023010481780,2023,010481780,1,19,9,99,99,9,9,99,99,9,9,99,9,99,9,9,6,6,3,-1,-1,1500,2,1,PEUGEOT EXPERT,4,E01003249,0,-1
2023320042972,2023,320042972,1,8,0,5,5,7,3,0,0,0,0,0,0,0,0,1,1,1,1,43,7,1997,2,14,-1,8,E01026138,0,-1
2023501285872,2023,501285872,2,19,0,18,19,5,5,0,0,8,0,0,0,0,4,1,5,6,1,50,8,1997,2,11,PEUGEOT EXPERT,9,E01020257,0,-1
2023010427539,2023,010427539,2,19,0,99,99,9,9,99,99,9,9,99,9,99,1,9,6,6,3,-1,-1,1560,2,4,PEUGEOT EXPERT,-1,-1,0,-1
2023421260805,2023,421260805,2,19,0,2,2,1,5,5,5,0,0,0,0,0,2,1,1,1,1,45,7,1499,2,2,PEUGEOT EXPERT,8,E01023311,0,-1
2023501316625,2023,501316625,2,19,0,4,4,8,4,0,0,0,0,0,0,0,2,1,1,1,1,69,10,1560,2,8,PEUGEOT EXPERT,9,E01033234,0,-1
2023451293736,2023,451293736,1,19,0,18,19,1,5,0,0,0,0,0,0,0,3,1,6,6,1,26,6,1560,2,4,PEUGEOT EXPERT,-1,-1,0,-1
2023471405779,2023,471405779,1,19,0,9,9,3,1,0,0,8,0,0,0,0,4,1,6,6,1,57,9,1560,2,11,PEUGEOT EXPERT,4,E01031835,0,-1
2023010480045,2023,010480045,1,19,0,18,19,6,2,0,0,8,5,0,0,0,4,1,1,1,1,31,6,1560,2,5,PEUGEOT EXPERT,8,E01024017,0,-1
2023010485030,2023,010485030,2,19,9,99,99,9,9,99,99,9,9,99,9,99,1,9,6,6,3,-1,-1,1560,2,6,PEUGEOT EXPERT,-1,-1,0,-1
2023461377540,2023,461377540,1,19,0,5,5,3,1,0,0,1,0,0,0,0,1,1,6,6,1,22,5,1560,2,9,PEUGEOT EXPERT,4,E01024296,0,-1
2023351364994,2023,351364994,1,8,0,7,7,6,1,0,0,6,0,0,0,0,3,1,6,6,1,-1,-1,1997,2,15,-1,-1,-1,0,-1
2023101391747,2023,101391747,2,19,-1,4,4,7,3,0,0,1,0,0,0,0,2,1,6,6,1,62,9,1997,2,4,PEUGEOT EXPERT,7,E01008552,0,-1
2023421274510,2023,421274510,4,20,0,18,19,7,2,0,0,0,0,0,0,0,2,1,6,6,1,32,6,-1,-1,-1,-1,3,E01021359,0,-1
2023361322179,2023,361322179,2,19,0,3,3,-1,-1,0,0,0,0,0,0,0,2,1,1,1,1,20,4,1499,2,3,PEUGEOT EXPERT,7,E01026471,0,-1
2023991311116,2023,991311116,1,19,0,13,13,1,5,0,0,1,0,0,0,0,1,1,1,1,1,40,7,2000,2,1,PEUGEOT EXPERT,-1,-1,0,-1
2023131360816,2023,131360816,2,19,0,18,19,2,6,0,0,8,0,0,0,0,4,1,6,6,1,45,7,1499,2,3,PEUGEOT EXPERT,5,E01011077,0,-1
2023010420756,2023,010420756,2,19,0,18,19,8,4,0,0,0,0,4,0,0,1,1,1,1,1,52,8,1560,2,6,PEUGEOT EXPERT,5,E01023537,0,-1
2023010451249,2023,010451249,2,19,0,99,99,9,9,99,99,9,9,99,9,99,9,9,6,6,3,33,6,1499,2,2,PEUGEOT EXPERT,2,E01003607,0,-1
2023010457204,2023,010457204,1,19,0,3,3,8,4,0,0,1,0,0,0,0,2,1,1,1,1,28,6,1997,2,3,PEUGEOT EXPERT,1,E01007295,0,-1
2023552300845,2023,552300845,2,19,0,2,2,0,0,0,0,0,0,0,1,11,2,1,6,6,3,-1,-1,1560,2,5,PEUGEOT EXPERT,-1,-1,0,-1
2023411368881,2023,411368881,1,19,0,18,19,1,2,0,0,0,0,0,0,0,1,1,6,6,1,46,8,1997,2,2,PEUGEOT EXPERT,2,E01000023,0,-1
2023010485240,2023,010485240,1,19,0,17,19,5,1,0,0,8,0,0,0,0,1,1,1,1,1,56,9,1997,2,3,PEUGEOT EXPERT,6,E01001870,0,-1
2023070006847,2023,070006847,1,19,4,18,19,5,1,0,0,0,0,0,0,0,0,1,2,2,1,48,8,1560,2,6,PEUGEOT EXPERT,8,E01018515,0,-1
2023522400297,2023,522400297,1,19,0,18,19,4,8,0,0,2,5,0,1,3,1,1,6,6,1,24,5,1997,2,4,PEUGEOT EXPERT,4,E01015011,0,-1
2023461301827,2023,461301827,1,19,0,6,6,3,2,0,0,8,0,0,0,0,0,1,1,1,1,27,6,1560,2,8,PEUGEOT EXPERT,-1,-1,0,-1
2023451312310,2023,451312310,4,19,0,2,2,0,0,9,9,0,0,0,0,0,4,1,6,6,3,-1,-1,1997,2,6,PEUGEOT EXPERT,-1,-1,0,-1
2023010454505,2023,010454505,2,19,0,10,10,1,6,0,0,1,0,0,0,0,1,1,1,1,1,54,8,1560,2,5,PEUGEOT EXPERT,3,E01033388,0,-1
2023401339838,2023,401339838,1,8,0,11,11,1,5,0,0,0,0,0,0,0,1,1,1,1,1,65,9,1997,2,15,-1,5,E01013518,0,-1
2023010460463,2023,010460463,1,19,0,99,99,9,9,99,99,9,9,99,9,99,1,1,6,6,1,-1,-1,1560,2,5,PEUGEOT EXPERT,-1,-1,0,-1
2023311308990,2023,311308990,2,19,0,18,19,2,6,0,0,1,0,0,0,0,4,1,6,6,1,54,8,1499,2,2,PEUGEOT EXPERT,8,E01027938,0,-1
2023010421980,2023,010421980,1,19,0,99,99,9,9,99,99,0,9,99,9,99,2,9,1,1,1,51,8,1560,2,7,PEUGEOT EXPERT,5,E01000398,0,-1
2023010452448,2023,010452448,1,19,0,3,3,1,5,0,0,0,0,0,0,0,1,1,1,1,1,36,7,1499,2,3,PEUGEOT EXPERT,2,E01001066,0,-1
2023201326987,2023,201326987,2,8,0,9,9,2,8,0,0,6,0,0,0,0,4,1,1,1,1,38,7,1997,2,17,-1,3,E01009857,0,-1
2023031386372,2023,031386372,1,19,0,17,19,6,2,0,0,0,0,0,1,0,1,1,5,6,2,20,4,1560,2,10,PEUGEOT EXPERT,6,E01019304,0,-1
2023501274995,2023,501274995,1,19,0,1,1,5,7,0,0,6,0,0,0,0,2,1,1,1,1,38,7,1560,2,5,PEUGEOT EXPERT,10,E01015033,0,-1
2023010473600,2023,010473600,3,19,0,18,19,1,5,0,0,5,0,0,0,0,1,1,1,1,1,54,8,1499,2,3,PEUGEOT EXPERT,5,E01024594,0,-1
2023101269816,2023,101269816,2,19,0,9,9,5,7,0,0,1,0,0,0,0,3,1,5,6,1,22,5,1499,2,0,PEUGEOT EXPERT,-1,-1,0,-1
2023522301068,2023,522301068,2,19,0,3,3,2,6,0,0,0,0,0,0,0,2,1,6,6,1,71,10,1560,2,15,PEUGEOT EXPERT,7,E01029269,0,-1
202360A113784,2023,60A113784,2,19,0,5,5,7,3,0,0,1,0,0,0,0,2,1,6,6,2,40,7,1500,2,1,PEUGEOT EXPERT,-1,-1,0,-1