collision_index,collision_year,collision_ref_no,vehicle_reference,vehicle_type,towing_and_articulation,vehicle_manoeuvre_historic,vehicle_manoeuvre,vehicle_direction_from,vehicle_direction_to,vehicle_location_restricted_lane_historic,vehicle_location_restricted_lane,junction_location,skidding_and_overturning,hit_object_in_carriageway,vehicle_leaving_carriageway,hit_object_off_carriageway,first_point_of_impact,vehicle_left_hand_drive,journey_purpose_of_driver_historic,journey_purpose_of_driver,sex_of_driver,age_of_driver,age_band_of_driver,engine_capacity_cc,propulsion_code,age_of_vehicle,generic_make_model,driver_imd_decile,lsoa_of_driver,escooter_flag,driver_distance_banding
2023031303748,2023,031303748,2,9,0,18,19,7,3,0,0,0,0,0,0,0,3,1,6,6,1,49,8,1798,8,3,TOYOTA C-HR,2,E01019177,0,-1
2023010431485,2023,010431485,1,9,0,18,19,1,5,0,0,1,0,0,0,0,1,1,6,6,2,69,10,1197,1,5,TOYOTA C-HR,8,E01002019,0,-1
2023421306431,2023,421306431,1,9,0,18,19,6,2,0,0,0,0,0,0,0,3,1,6,6,2,27,6,1798,8,6,TOYOTA C-HR,3,E01015715,0,-1
2023010464773,2023,010464773,3,9,0,18,19,7,3,0,0,2,0,0,0,0,3,1,2,2,2,51,8,1798,8,2,TOYOTA C-HR,2,E01003349,0,-1
2023411359690,2023,411359690,1,9,0,18,19,-1,-1,0,0,6,0,0,0,0,3,1,6,6,2,53,8,1798,8,7,TOYOTA C-HR,9,E01023896,0,-1
2023131359616,2023,131359616,1,9,0,18,19,3,7,0,0,8,0,0,0,0,3,1,2,2,2,35,6,1798,8,2,TOYOTA C-HR,1,E01011316,0,-1
2023141369094,2023,141369094,2,9,0,9,9,2,8,0,0,4,0,0,0,0,4,1,6,6,3,36,7,1798,8,4,TOYOTA C-HR,-1,-1,0,-1
2023041341113,2023,041341113,2,9,0,2,2,0,0,0,0,2,0,0,0,0,2,1,6,6,3,-1,-1,1798,8,3,TOYOTA C-HR,-1,-1,0,-1
2023622300622,2023,622300622,1,9,0,9,9,4,2,0,0,1,0,0,0,0,1,1,6,6,1,77,11,1798,8,0,TOYOTA C-HR,3,W01001898,0,-1
2023161371583,2023,161371583,1,9,0,18,19,8,5,0,0,8,0,0,0,0,3,1,6,6,2,34,6,1798,8,2,TOYOTA C-HR,10,E01012973,0,-1
2023131379414,2023,131379414,2,9,0,18,19,3,7,0,0,1,0,0,0,0,1,1,6,6,1,65,9,1798,8,4,TOYOTA C-HR,9,E01013120,0,-1
2023461363427,2023,461363427,1,9,0,4,4,0,4,0,0,2,0,0,0,0,4,1,6,6,2,29,6,1197,1,5,TOYOTA C-HR,4,E01016163,0,-1
2023221349171,2023,221349171,1,9,0,4,4,1,5,0,0,0,0,0,0,0,2,1,5,6,2,49,8,1798,8,6,TOYOTA C-HR,4,E01014044,0,-1
2023010433403,2023,010433403,2,9,0,5,5,6,2,0,0,1,0,0,0,0,1,1,6,6,2,58,9,1798,8,3,TOYOTA C-HR,2,E01003351,0,-1
2023010464950,2023,010464950,1,9,0,9,9,7,5,0,0,8,0,0,0,0,1,1,6,6,2,49,8,1798,8,4,TOYOTA C-HR,-1,-1,0,-1
2023010430420,2023,010430420,2,9,0,99,99,9,9,99,99,0,9,99,9,99,3,9,6,6,3,-1,-1,1197,1,5,TOYOTA C-HR,1,E01001850,0,-1
2023010478011,2023,010478011,1,9,0,10,10,1,7,0,0,6,0,0,0,0,1,1,6,6,1,44,7,1798,8,2,TOYOTA C-HR,3,E01000553,0,-1
2023010433514,2023,010433514,2,9,0,4,4,1,5,0,0,2,0,0,7,0,2,1,2,2,1,23,5,1798,8,5,TOYOTA C-HR,7,E01000391,0,-1
2023010424778,2023,010424778,1,9,0,99,99,9,9,99,99,9,9,99,9,99,9,9,6,6,2,30,6,1798,8,5,TOYOTA C-HR,2,E01001509,0,-1
2023010481277,2023,010481277,1,9,0,18,19,7,3,0,0,0,0,0,0,0,2,1,2,2,2,53,8,1798,8,5,TOYOTA C-HR,3,E01002052,0,-1
2023161381897,2023,161381897,1,9,0,18,19,8,4,9,9,0,0,0,7,2,1,1,1,1,1,21,5,1798,8,0,TOYOTA C-HR,5,E01007476,0,-1
2023440192574,2023,440192574,1,9,0,6,6,7,7,0,0,1,0,0,0,0,3,1,6,6,1,40,7,1798,8,5,TOYOTA C-HR,10,E01032854,0,-1
202360A085251,2023,60A085251,1,9,0,1,1,6,2,0,0,1,0,0,0,0,2,1,6,6,1,75,10,1798,8,3,TOYOTA C-HR,-1,-1,0,-1
2023471350146,2023,471350146,2,9,0,10,10,5,3,0,0,8,0,0,0,0,2,1,2,2,1,63,9,1798,8,3,TOYOTA C-HR,10,E01021210,0,-1
2023061320144,2023,061320144,2,9,0,18,19,3,7,0,0,0,0,0,0,0,2,1,2,2,2,56,9,1798,8,4,TOYOTA C-HR,6,E01005743,0,-1
2023201372395,2023,201372395,2,9,0,18,19,8,4,0,0,8,0,0,0,0,3,1,6,6,1,57,9,1798,8,4,TOYOTA C-HR,3,E01009795,0,-1
2023010427068,2023,010427068,1,9,0,99,99,9,9,99,99,0,9,99,9,99,2,9,2,2,1,47,8,1798,8,1,TOYOTA C-HR,2,E01003046,0,-1
2023201300708,2023,201300708,2,9,0,18,19,6,2,0,0,1,0,0,0,0,2,1,6,6,2,51,8,1798,8,6,TOYOTA C-HR,1,E01009202,0,-1
2023461383736,2023,461383736,1,9,0,5,5,7,5,0,0,1,0,0,0,0,3,1,6,6,1,78,11,1798,8,1,TOYOTA C-HR,7,E01024252,0,-1
2023010464796,2023,010464796,3,9,0,2,2,0,0,0,0,2,0,0,0,0,2,1,6,6,3,-1,-1,1798,8,6,TOYOTA C-HR,-1,-1,0,-1
2023010434249,2023,010434249,1,9,0,9,9,5,2,0,0,6,0,0,0,0,1,1,6,6,2,24,5,1798,8,4,TOYOTA C-HR,5,E01001859,0,-1
2023340NN3522,2023,340NN3522,2,9,0,17,19,4,1,0,0,0,0,0,1,4,1,1,6,6,1,57,9,1798,8,5,TOYOTA C-HR,1,E01013601,0,-1
2023332300646,2023,332300646,2,9,0,18,19,0,0,0,0,6,0,0,0,0,1,1,6,6,1,37,7,1798,8,1,TOYOTA C-HR,-1,-1,0,-1
2023522400133,2023,522400133,2,8,0,18,19,7,3,0,0,8,0,0,0,0,1,1,1,1,1,34,6,1798,8,5,TOYOTA C-HR,2,E01014626,0,-1
2023170M10703,2023,170M10703,1,8,0,5,5,0,2,0,0,0,0,0,0,0,0,1,1,1,1,24,5,1987,8,1,TOYOTA C-HR,1,E01033468,0,-1
2023131383593,2023,131383593,1,9,0,17,19,1,4,0,0,0,1,10,7,11,1,1,6,6,1,53,8,1798,8,5,TOYOTA C-HR,2,E01005163,0,-1
2023061341053,2023,061341053,4,9,0,18,19,3,7,0,0,0,0,0,0,0,1,1,6,6,2,61,9,1197,1,6,TOYOTA C-HR,1,E01005195,0,-1
2023061293522,2023,061293522,1,9,-1,18,19,5,1,0,0,0,0,0,0,0,1,1,6,6,3,30,6,1197,1,6,TOYOTA C-HR,1,E01005377,0,-1
2023451367980,2023,451367980,3,9,0,3,3,3,7,0,0,1,0,0,0,0,2,1,5,6,1,46,8,1798,8,1,TOYOTA C-HR,9,E01004161,0,-1
2023010448130,2023,010448130,1,9,0,99,99,9,9,99,99,9,9,99,9,99,2,9,6,6,1,53,8,1798,8,6,TOYOTA C-HR,5,E01001658,0,-1
2023351365974,2023,351365974,1,8,0,9,9,-1,-1,0,0,8,0,0,0,0,1,1,6,6,1,60,9,1798,8,5,TOYOTA C-HR,8,E01015687,0,-1
2023622400062,2023,622400062,1,9,0,18,19,5,1,0,0,0,0,0,1,4,1,1,6,6,2,30,6,1197,1,5,TOYOTA C-HR,9,W01000908,0,-1
2023131309723,2023,131309723,2,9,0,2,2,0,0,0,0,0,0,0,0,0,2,1,5,6,1,44,7,1798,8,4,TOYOTA C-HR,2,E01011611,0,-1
2023131313312,2023,131313312,1,9,0,4,4,5,7,0,0,4,0,0,0,0,2,1,5,6,2,70,10,1987,8,2,TOYOTA C-HR,9,E01010769,0,-1
2023041332294,2023,041332294,1,9,0,5,5,5,7,9,9,7,0,0,0,0,4,1,2,2,2,40,7,1197,1,6,TOYOTA C-HR,1,E01025528,0,-1
2023622300942,2023,622300942,1,9,0,18,19,2,6,0,0,0,0,0,0,0,4,1,2,2,2,23,5,1197,1,6,TOYOTA C-HR,10,W01001120,0,-1
2023010432960,2023,010432960,1,9,0,3,3,7,3,0,0,0,0,0,0,0,2,1,6,6,1,32,6,1798,8,2,TOYOTA C-HR,6,E01023720,0,-1
2023010472156,2023,010472156,1,9,0,18,19,7,3,0,0,0,0,0,0,0,1,1,6,6,1,22,5,1798,8,5,TOYOTA C-HR,2,E01003499,0,-1
2023991333200,2023,991333200,3,9,0,4,4,1,5,0,0,0,0,0,0,0,2,1,1,1,2,48,8,1798,8,4,TOYOTA C-HR,9,-1,0,-1
2023141283239,2023,141283239,2,9,0,18,19,1,5,0,0,0,0,0,1,0,2,1,5,6,1,69,10,1798,8,4,TOYOTA C-HR,6,E01007894,0,-1
2023010439062,2023,010439062,1,9,9,99,99,9,9,99,99,9,9,99,9,99,9,9,6,6,1,59,9,1798,8,2,TOYOTA C-HR,4,E01000406,0,-1
2023991392295,2023,991392295,1,9,0,18,19,3,8,0,0,8,5,11,1,2,1,1,5,6,1,53,8,1987,8,2,TOYOTA C-HR,7,-1,0,-1
2023411399557,2023,411399557,2,9,0,4,4,-1,-1,0,0,8,0,4,0,0,3,1,6,6,3,-1,-1,1798,8,3,TOYOTA C-HR,-1,-1,0,-1
2023471359111,2023,471359111,2,9,0,4,4,4,8,0,0,0,0,0,0,0,2,1,5,6,2,59,9,1798,8,5,TOYOTA C-HR,-1,-1,0,-1
2023201328207,2023,201328207,1,9,0,2,2,0,0,0,0,0,0,0,0,0,1,1,1,1,1,41,7,1798,8,3,TOYOTA C-HR,1,E01009002,0,-1
2023201382806,2023,201382806,1,9,0,18,19,8,4,0,0,8,0,0,0,0,1,1,6,6,1,18,4,1798,8,6,TOYOTA C-HR,4,E01013515,0,-1
2023010454119,2023,010454119,2,9,0,99,99,9,9,99,99,0,9,99,9,99,1,9,6,6,3,-1,-1,1197,1,6,TOYOTA C-HR,-1,-1,0,-1
2023401292494,2023,401292494,1,9,0,9,9,3,1,0,0,5,0,0,0,0,1,1,5,6,1,55,8,1798,8,6,TOYOTA C-HR,5,E01015748,0,-1
2023010462821,2023,010462821,1,9,0,18,19,1,5,0,0,1,0,4,0,0,4,1,6,6,1,26,6,1798,8,2,TOYOTA C-HR,2,E01001448,0,-1
2023411292485,2023,411292485,2,9,0,18,19,8,4,0,0,0,0,0,0,0,2,1,6,6,1,42,7,1798,8,1,TOYOTA C-HR,6,E01001419,0,-1
2023052300321,2023,052300321,1,9,0,7,7,5,7,0,0,1,0,0,0,0,4,1,6,6,2,68,10,1798,8,6,TOYOTA C-HR,8,E01006921,0,-1
2023340WN2842,2023,340WN2842,3,9,0,2,2,0,0,0,0,0,0,0,0,0,2,1,6,6,3,-1,-1,1798,8,5,TOYOTA C-HR,-1,-1,0,-1
2023201328501,2023,201328501,1,9,0,5,5,3,5,0,0,6,0,0,0,0,1,1,6,6,1,60,9,1798,8,1,TOYOTA C-HR,2,E01010447,0,-1
2023010439401,2023,010439401,2,9,0,99,99,9,9,99,99,9,9,99,9,99,9,9,6,6,3,-1,-1,1798,8,3,TOYOTA C-HR,-1,-1,0,-1
2023440263148,2023,440263148,2,9,0,9,9,8,7,0,0,6,5,0,3,10,3,1,6,6,2,73,10,1798,8,4,TOYOTA C-HR,10,E01023160,0,-1
2023351299446,2023,351299446,2,9,0,3,3,7,2,0,0,4,0,0,0,0,2,1,5,6,1,33,6,1798,8,0,TOYOTA C-HR,6,E01015644,0,-1
2023531319891,2023,531319891,1,9,0,18,19,1,5,0,0,0,5,0,0,0,1,1,5,6,1,51,8,1797,8,5,TOYOTA C-HR,5,E01029327,0,-1
2023311351809,2023,311351809,1,9,0,13,13,1,5,0,0,8,0,0,0,0,1,1,5,6,2,74,10,1798,8,5,TOYOTA C-HR,-1,-1,0,-1
2023010486551,2023,010486551,1,9,0,18,19,7,3,0,0,0,5,4,0,0,4,1,6,6,2,32,6,1798,8,6,TOYOTA C-HR,3,E01001229,0,-1
2023010432350,2023,010432350,1,9,0,7,7,6,8,0,0,6,0,0,0,0,1,1,6,6,2,56,9,1987,8,3,TOYOTA C-HR,6,E01000267,0,-1
2023010420144,2023,010420144,1,9,0,99,99,9,9,99,99,9,9,99,9,99,9,9,6,6,1,52,8,1798,8,4,TOYOTA C-HR,4,E01014645,0,-1
2023010430022,2023,010430022,2,9,0,99,99,9,9,99,99,9,9,99,9,99,1,9,6,6,3,-1,-1,1798,8,6,TOYOTA C-HR,-1,-1,0,-1
2023131261256,2023,131261256,1,9,0,17,19,3,7,0,0,3,0,0,0,0,1,1,5,6,1,46,8,1798,8,1,TOYOTA C-HR,1,E01011474,0,-1
2023548720123,2023,548720123,3,9,0,2,2,8,2,0,0,2,0,0,0,0,-1,1,6,6,3,-1,-1,1798,8,4,TOYOTA C-HR,-1,-1,0,-1
2023622300520,2023,622300520,1,9,0,5,5,8,4,0,0,8,0,4,0,0,2,1,6,6,2,67,10,1798,8,1,TOYOTA C-HR,1,W01000835,0,-1
2023010422767,2023,010422767,3,9,0,18,19,5,1,0,0,2,0,0,0,0,3,1,6,6,1,39,7,1798,8,6,TOYOTA C-HR,2,E01003546,0,-1
2023010462560,2023,010462560,1,9,0,18,19,3,7,0,0,1,0,7,7,1,1,1,6,6,1,47,8,1798,8,6,TOYOTA C-HR,2,E01003241,0,-1
2023501333555,2023,501333555,1,9,0,9,9,1,6,0,0,0,0,0,0,0,1,1,6,6,2,26,6,1987,8,3,TOYOTA C-HR,4,E01015142,0,-1
2023141367117,2023,141367117,1,9,0,7,7,5,1,0,0,2,0,0,0,0,1,1,5,6,1,87,11,1798,8,2,TOYOTA C-HR,1,E01007947,0,-1
2023010458655,2023,010458655,3,8,0,99,99,9,9,99,99,9,9,99,9,99,1,9,6,6,3,-1,-1,1197,1,4,TOYOTA C-HR,3,E01000109,0,-1
2023461290167,2023,461290167,2,9,0,18,19,3,7,0,0,0,0,0,0,0,1,1,6,6,1,57,9,1798,8,3,TOYOTA C-HR,4,E01016128,0,-1
2023031340880,2023,031340880,1,9,0,15,15,3,7,0,0,1,2,4,0,0,3,1,5,6,1,40,7,1798,8,2,TOYOTA C-HR,9,E01013365,0,-1
2023451396136,2023,451396136,1,9,0,18,19,1,5,0,0,0,0,0,0,0,1,1,5,6,2,25,5,1798,8,3,TOYOTA C-HR,3,E01001188,0,-1
2023052301564,2023,052301564,1,9,0,18,19,7,3,0,0,4,0,0,0,0,1,1,6,6,1,58,9,1798,8,4,TOYOTA C-HR,-1,-1,0,-1
2023451387388,2023,451387388,2,9,0,18,19,3,7,0,0,6,0,0,0,0,1,1,6,6,2,47,8,1798,8,0,TOYOTA C-HR,10,E01030617,0,-1
2023010457149,2023,010457149,2,9,0,99,99,9,9,99,99,9,9,99,9,99,1,9,6,6,3,-1,-1,1798,8,3,TOYOTA C-HR,-1,-1,0,-1
2023010420041,2023,010420041,1,9,0,7,7,7,1,0,0,1,0,0,0,0,4,1,1,1,1,37,7,1798,8,5,TOYOTA C-HR,4,E01004150,0,-1
2023010454556,2023,010454556,1,9,0,4,4,1,5,0,0,1,0,0,0,0,1,1,6,6,1,74,10,1798,8,2,TOYOTA C-HR,-1,-1,0,-1
2023010481768,2023,010481768,1,9,0,18,19,1,5,0,0,1,0,0,0,0,1,1,6,6,1,26,6,1798,8,1,TOYOTA C-HR,2,E01000012,0,-1
2023052301997,2023,052301997,1,9,0,5,5,3,7,0,0,1,0,0,0,0,1,1,6,6,3,-1,-1,1798,8,4,TOYOTA C-HR,-1,-1,0,-1
2023201290715,2023,201290715,1,9,0,16,19,8,4,9,9,1,0,0,0,0,1,1,6,6,1,20,4,1798,8,0,TOYOTA C-HR,1,E01009339,0,-1
2023991335448,2023,991335448,1,9,0,9,9,1,6,0,0,6,0,0,0,0,3,1,5,6,2,78,11,1798,8,2,TOYOTA C-HR,7,-1,0,-1
2023010482794,2023,010482794,1,9,0,9,9,1,6,0,0,3,0,0,0,0,1,1,3,7,2,40,7,1798,8,5,TOYOTA C-HR,3,E01003588,0,-1
2023041351316,2023,041351316,3,9,0,5,5,1,5,0,0,1,0,0,0,0,1,1,6,6,1,38,7,1798,8,2,TOYOTA C-HR,2,E01012642,0,-1
2023010462617,2023,010462617,1,9,0,3,3,5,1,0,0,1,0,0,0,0,2,1,2,2,1,54,8,1798,8,5,TOYOTA C-HR,-1,-1,0,-1
2023622300319,2023,622300319,2,9,0,4,4,6,2,0,0,0,0,0,0,0,2,1,6,6,1,82,11,1798,8,3,TOYOTA C-HR,1,W01001207,0,-1
2023010476829,2023,010476829,1,9,0,5,5,2,6,0,0,6,0,0,0,0,1,1,6,6,1,42,7,1798,8,6,TOYOTA C-HR,7,E01001131,0,-1
2023451326365,2023,451326365,2,9,0,6,6,2,2,6,6,8,1,0,7,0,3,1,2,2,2,41,7,1798,8,1,TOYOTA C-HR,6,E01030995,0,-1
2023010479565,2023,010479565,1,9,0,5,5,1,5,0,0,7,0,0,0,0,3,1,3,7,2,41,7,1798,8,2,TOYOTA C-HR,1,E01004382,0,-1
2023131272475,2023,131272475,2,9,0,18,19,1,3,0,0,2,0,0,0,0,3,1,5,6,1,46,8,1798,8,2,TOYOTA C-HR,2,E01011485,0,-1
2023991289602,2023,991289602,1,9,0,18,19,1,5,0,0,0,0,0,0,0,2,1,6,6,1,52,8,1798,8,6,TOYOTA C-HR,2,-1,0,-1
2023340WN5782,2023,340WN5782,2,9,0,18,19,4,8,0,0,1,0,0,0,0,2,1,2,2,1,27,6,1987,8,0,TOYOTA C-HR,7,E01017464,0,-1
2023451389188,2023,451389188,1,9,0,18,19,3,7,0,0,0,0,0,0,0,1,1,2,2,2,55,8,1798,8,6,TOYOTA C-HR,5,E01003842,0,-1
2023411300343,2023,411300343,2,9,0,18,19,5,3,0,0,4,1,0,0,0,3,1,5,6,2,43,7,1798,8,2,TOYOTA C-HR,4,E01023906,0,-1
2023451342639,2023,451342639,2,9,0,4,4,1,1,0,0,0,0,0,0,0,2,1,6,6,2,30,6,1798,8,2,TOYOTA C-HR,3,E01002413,0,-1
2023430288041,2023,430288041,1,9,0,7,7,1,4,0,0,5,0,0,0,0,1,1,6,6,1,52,8,1798,8,5,TOYOTA C-HR,6,E01016704,0,-1
2023520401076,2023,520401076,1,9,0,18,19,1,6,0,0,8,5,0,7,0,1,1,6,6,2,33,6,1798,8,4,TOYOTA C-HR,7,E01014847,0,-1
2023461348867,2023,461348867,2,9,0,18,19,7,3,0,0,0,1,0,0,0,2,1,6,6,2,50,8,1798,8,5,TOYOTA C-HR,2,E01024028,0,-1
2023421273043,2023,421273043,1,9,0,7,7,5,1,0,0,8,1,0,3,0,0,1,5,6,1,21,5,1798,8,3,TOYOTA C-HR,5,E01003640,0,-1
2023061382948,2023,061382948,2,9,0,4,4,4,8,0,0,1,0,0,0,0,2,1,6,6,1,32,6,1798,8,5,TOYOTA C-HR,1,E01005432,0,-1
2023131259273,2023,131259273,1,9,0,18,19,5,1,0,0,8,0,4,0,0,1,1,5,6,2,22,5,1798,8,1,TOYOTA C-HR,1,E01009574,0,-1
2023010443059,2023,010443059,1,9,0,5,5,3,7,0,0,1,0,0,0,0,1,1,2,2,1,52,8,1798,8,3,TOYOTA C-HR,7,E01003831,0,-1
2023141368933,2023,141368933,2,9,0,9,9,2,5,9,9,0,0,0,0,0,3,1,5,6,1,77,11,1798,8,1,TOYOTA C-HR,5,E01007953,0,-1
2023340WN0012,2023,340WN0012,2,9,0,18,19,6,1,0,0,3,0,0,5,2,1,1,6,6,2,58,9,1798,8,3,TOYOTA C-HR,8,E01032975,0,-1
2023311340997,2023,311340997,2,9,0,9,9,7,3,0,0,1,0,0,0,0,1,1,5,6,1,78,11,1987,8,2,TOYOTA C-HR,8,E01028327,0,-1
2023451391651,2023,451391651,2,9,0,18,19,5,1,0,0,0,0,0,0,0,1,1,1,1,1,65,9,1798,8,4,TOYOTA C-HR,8,E01002931,0,-1
2023010424796,2023,010424796,1,9,0,99,99,9,9,99,99,0,9,99,9,99,1,9,6,6,3,61,9,1798,8,0,TOYOTA C-HR,10,E01004084,0,-1
2023451323483,2023,451323483,2,9,0,18,19,1,5,0,0,0,0,0,0,0,1,1,6,6,2,38,7,1798,8,5,TOYOTA C-HR,7,E01030647,0,-1
2023421320060,2023,421320060,2,9,0,16,19,4,1,0,0,0,0,0,0,0,1,1,5,6,1,60,9,1798,8,4,TOYOTA C-HR,6,E01026475,0,-1
2023010447482,2023,010447482,2,9,0,99,99,9,9,99,99,9,9,99,9,99,1,9,6,6,3,-1,-1,1798,8,5,TOYOTA C-HR,-1,-1,0,-1
2023010464019,2023,010464019,2,9,0,16,19,5,1,0,0,0,0,0,0,0,1,1,1,1,1,57,9,1798,8,6,TOYOTA C-HR,3,E01003280,0,-1
2023461283805,2023,461283805,1,9,0,18,19,4,8,0,0,2,0,0,3,0,4,1,6,6,1,88,11,1798,8,6,TOYOTA C-HR,8,E01024004,0,-1
2023122300995,2023,122300995,1,9,0,18,19,4,8,0,0,8,0,0,0,0,3,1,6,6,2,46,8,1197,1,5,TOYOTA C-HR,9,E01013429,0,-1
2023010483336,2023,010483336,2,8,0,99,99,9,9,99,99,9,9,99,9,99,9,9,6,6,1,30,6,1798,8,6,TOYOTA C-HR,1,E01004249,0,-1
2023411396685,2023,411396685,2,9,0,18,19,2,6,0,0,1,0,0,0,0,3,1,3,7,2,33,6,1798,8,2,TOYOTA C-HR,6,E01023754,0,-1
2023361340898,2023,361340898,2,9,0,18,19,6,1,0,0,8,0,0,0,0,1,1,5,6,1,42,7,1798,8,6,TOYOTA C-HR,7,E01026883,0,-1
2023111297114,2023,111297114,2,9,0,17,19,8,5,0,0,0,0,0,0,0,1,1,5,6,1,62,9,1798,8,3,TOYOTA C-HR,3,E01020662,0,-1
2023131327214,2023,131327214,1,9,0,18,19,1,5,0,0,3,0,11,0,0,3,1,5,6,2,63,9,1798,8,6,TOYOTA C-HR,9,E01011168,0,-1
2023010425105,2023,010425105,1,9,0,7,7,5,7,0,0,5,0,0,0,0,4,1,3,7,2,40,7,1987,8,3,TOYOTA C-HR,6,E01004509,0,-1
2023010477372,2023,010477372,2,9,0,16,19,5,1,0,0,0,0,0,0,0,1,1,6,6,1,59,9,1798,8,4,TOYOTA C-HR,3,E01004303,0,-1
2023170H10383,2023,170H10383,3,9,0,4,4,3,7,0,0,0,0,0,0,0,2,1,6,6,2,52,8,1798,8,3,TOYOTA C-HR,-1,-1,0,-1
2023430055454,2023,430055454,3,9,0,3,3,3,7,0,0,8,0,0,0,0,2,1,6,6,1,45,7,1798,8,5,TOYOTA C-HR,-1,-1,0,-1
2023010467238,2023,010467238,2,9,0,2,2,0,0,0,0,0,0,0,0,0,2,1,6,6,3,-1,-1,1798,8,2,TOYOTA C-HR,-1,-1,0,-1
2023061297842,2023,061297842,2,9,0,17,19,-1,-1,0,0,0,0,0,0,0,0,1,6,6,1,22,5,1798,8,6,TOYOTA C-HR,3,E01033654,0,-1
2023131269264,2023,131269264,1,9,0,5,5,5,5,0,0,4,0,0,7,0,1,1,6,6,1,49,8,1798,8,3,TOYOTA C-HR,8,E01010892,0,-1
2023622300279,2023,622300279,1,9,0,9,9,7,5,0,0,1,0,0,0,0,1,1,3,7,2,38,7,1798,8,6,TOYOTA C-HR,9,W01001085,0,-1
2023052300803,2023,052300803,2,9,0,18,19,1,5,0,0,8,0,0,0,0,3,1,6,6,2,47,8,1798,8,5,TOYOTA C-HR,6,E01007164,0,-1
2023401371601,2023,401371601,2,9,0,3,3,8,6,0,0,4,0,0,0,0,2,1,5,6,2,40,7,1798,8,1,TOYOTA C-HR,7,E01018185,0,-1
2023101435190,2023,101435190,1,9,0,9,9,3,1,0,0,8,0,0,0,0,0,1,6,6,2,65,9,1798,8,3,TOYOTA C-HR,4,E01008866,0,-1
2023131378132,2023,131378132,4,9,0,2,2,0,0,0,0,0,0,0,0,0,3,2,6,6,3,-1,-1,1798,8,5,TOYOTA C-HR,-1,-1,0,-1
2023351289083,2023,351289083,1,9,0,18,19,7,3,0,0,0,0,0,0,0,1,1,6,6,1,67,10,1798,8,2,TOYOTA C-HR,9,E01018162,0,-1
2023451339876,2023,451339876,4,9,0,4,4,1,1,0,0,0,0,0,0,0,1,1,5,6,1,36,7,1798,8,3,TOYOTA C-HR,8,E01030867,0,-1
2023010441649,2023,010441649,1,9,0,9,9,5,3,0,0,6,0,0,0,0,1,1,2,2,2,43,7,1798,8,3,TOYOTA C-HR,2,E01001551,0,-1
2023430183765,2023,430183765,2,9,0,18,19,2,6,0,0,4,0,0,0,0,1,1,6,6,2,-1,-1,1798,8,4,TOYOTA C-HR,-1,-1,0,-1
2023161303422,2023,161303422,1,9,0,5,5,3,7,9,9,0,0,0,0,0,4,1,6,6,2,51,8,1798,8,3,TOYOTA C-HR,6,E01012771,0,-1
2023010484753,2023,010484753,2,9,0,99,99,9,9,99,99,9,9,99,9,99,9,9,6,6,3,-1,-1,1798,8,5,TOYOTA C-HR,-1,-1,0,-1
2023052301546,2023,052301546,1,9,0,4,4,7,3,0,0,0,0,0,0,0,1,1,6,6,2,35,6,1798,8,3,TOYOTA C-HR,-1,-1,0,-1
2023430126665,2023,430126665,1,9,0,3,3,1,5,0,0,8,0,0,0,0,4,1,3,7,1,52,8,1798,8,6,TOYOTA C-HR,5,E01017699,0,-1
2023041312350,2023,041312350,1,9,0,4,4,5,6,0,0,4,0,0,0,0,3,1,5,6,1,73,10,1798,8,2,TOYOTA C-HR,7,E01025585,0,-1
2023010480046,2023,010480046,1,9,0,7,7,5,8,0,0,1,0,0,0,0,3,1,6,6,2,40,7,1798,8,6,TOYOTA C-HR,4,E01003076,0,-1
2023311351455,2023,311351455,3,9,0,10,10,5,1,0,0,1,0,0,0,0,1,1,5,6,2,33,6,1798,8,2,TOYOTA C-HR,8,E01028303,0,-1
2023161356246,2023,161356246,1,9,0,6,6,4,4,0,0,0,0,0,1,0,3,1,2,2,1,63,9,1987,8,4,TOYOTA C-HR,4,E01007537,0,-1
2023531264007,2023,531264007,2,9,0,4,4,5,1,0,0,0,0,0,0,0,2,1,5,6,2,61,9,1987,8,2,TOYOTA C-HR,5,E01014056,0,-1
2023622300206,2023,622300206,2,9,0,18,19,7,3,0,0,1,0,0,0,0,1,1,6,6,2,50,8,1798,8,3,TOYOTA C-HR,1,W01000886,0,-1
2023101321160,2023,101321160,1,9,0,7,7,1,7,0,0,4,0,0,0,0,1,1,6,6,2,44,7,1798,8,6,TOYOTA C-HR,-1,-1,0,-1
2023471314840,2023,471314840,2,9,0,2,2,0,0,0,0,0,0,0,1,11,2,1,6,6,3,-1,-1,1798,8,4,TOYOTA C-HR,-1,-1,0,-1
2023010444769,2023,010444769,5,9,0,99,99,9,9,99,99,0,9,99,9,99,9,9,6,6,3,-1,-1,1197,1,5,TOYOTA C-HR,-1,-1,0,-1
2023411398400,2023,411398400,1,9,0,7,7,1,5,0,0,1,0,0,0,0,4,1,5,6,1,72,10,1798,8,0,TOYOTA C-HR,5,E01023533,0,-1
2023010427999,2023,010427999,1,9,0,99,99,9,9,0,0,9,0,0,0,0,1,9,6,6,2,45,7,1798,8,5,TOYOTA C-HR,9,E01003810,0,-1
2023430502661,2023,430502661,1,9,0,7,7,3,5,0,0,5,0,0,0,0,4,1,6,6,1,66,10,1798,8,0,TOYOTA C-HR,10,E01028634,0,-1
2023302300842,2023,302300842,2,9,3,5,5,4,8,0,0,2,0,0,0,0,1,1,6,6,3,58,9,1798,8,5,TOYOTA C-HR,-1,-1,0,-1
2023411323455,2023,411323455,2,9,0,3,3,1,4,0,0,4,0,0,0,0,2,1,3,7,1,50,8,1798,8,0,TOYOTA C-HR,6,E01023952,0,-1
2023411318097,2023,411318097,2,9,0,9,9,2,8,0,0,4,0,0,0,0,4,1,6,6,2,51,8,1798,8,5,TOYOTA C-HR,9,E01023713,0,-1