collision_index,collision_year,collision_ref_no,vehicle_reference,vehicle_type,towing_and_articulation,vehicle_manoeuvre_historic,vehicle_manoeuvre,vehicle_direction_from,vehicle_direction_to,vehicle_location_restricted_lane_historic,vehicle_location_restricted_lane,junction_location,skidding_and_overturning,hit_object_in_carriageway,vehicle_leaving_carriageway,hit_object_off_carriageway,first_point_of_impact,vehicle_left_hand_drive,journey_purpose_of_driver_historic,journey_purpose_of_driver,sex_of_driver,age_of_driver,age_band_of_driver,engine_capacity_cc,propulsion_code,age_of_vehicle,generic_make_model,driver_imd_decile,lsoa_of_driver,escooter_flag,driver_distance_banding
2023440222530,2023,440222530,1,9,0,18,19,8,4,0,0,1,0,0,0,0,1,1,6,6,3,-1,-1,1798,8,1,TOYOTA C-HR,-1,-1,0,-1
2023991343792,2023,991343792,1,9,0,6,6,1,1,0,0,0,0,0,0,0,1,1,5,6,1,79,11,1798,8,2,TOYOTA C-HR,3,-1,0,-1
2023010421809,2023,010421809,1,9,0,7,7,7,1,0,0,2,0,0,0,0,3,1,3,7,1,41,7,1798,8,6,TOYOTA C-HR,4,E01000498,0,-1
2023421273474,2023,421273474,2,9,0,18,19,5,1,0,0,1,0,0,1,0,3,1,1,1,1,59,9,1798,8,2,TOYOTA C-HR,9,E01026997,0,-1
2023430128728,2023,430128728,2,9,0,4,4,3,7,0,0,8,0,0,1,0,2,1,1,1,2,62,9,1798,8,3,TOYOTA C-HR,5,E01016271,0,-1
2023340WN7202,2023,340WN7202,1,9,0,18,19,3,7,0,0,0,0,0,0,0,1,1,6,6,2,37,7,1798,8,2,TOYOTA C-HR,6,E01028283,0,-1
2023461363604,2023,461363604,1,9,0,18,19,7,3,0,0,1,1,0,0,0,4,1,6,6,2,65,9,1987,8,2,TOYOTA C-HR,9,E01024160,0,-1
2023430163644,2023,430163644,1,9,0,18,19,6,2,0,0,1,0,0,0,0,1,1,6,6,1,41,7,1798,8,4,TOYOTA C-HR,8,E01016758,0,-1
2023302301290,2023,302301290,1,9,0,9,9,6,4,0,0,6,0,0,0,0,3,1,6,6,1,86,11,1798,8,1,TOYOTA C-HR,10,E01028136,0,-1
2023010445330,2023,010445330,2,9,0,10,10,5,2,0,0,1,0,0,0,0,3,1,2,2,1,24,5,1798,8,5,TOYOTA C-HR,-1,-1,0,-1
2023010460606,2023,010460606,1,9,0,17,19,6,2,9,9,2,0,10,0,0,1,1,6,6,1,-1,-1,1798,8,3,TOYOTA C-HR,-1,-1,0,-1
2023201277457,2023,201277457,2,9,0,3,3,2,6,0,0,0,0,0,0,0,1,1,3,7,2,42,7,1197,1,6,TOYOTA C-HR,1,E01009222,0,-1
2023161361631,2023,161361631,2,9,0,9,9,8,4,0,0,1,0,0,0,0,2,1,6,6,1,21,5,1798,8,0,TOYOTA C-HR,5,E01012772,0,-1
2023411322752,2023,411322752,1,9,0,18,19,5,1,0,0,1,0,0,0,0,4,1,1,1,1,28,6,1798,8,2,TOYOTA C-HR,4,E01023794,0,-1
2023010439483,2023,010439483,3,9,0,2,2,0,0,0,0,2,0,0,0,0,3,1,6,6,3,-1,-1,1798,8,4,TOYOTA C-HR,-1,-1,0,-1
2023211376402,2023,211376402,3,9,0,4,4,1,5,0,0,0,0,0,0,0,2,1,6,6,2,32,6,1798,8,4,TOYOTA C-HR,9,E01018442,0,-1
2023010438726,2023,010438726,1,9,0,99,99,9,9,99,99,0,9,99,9,99,1,9,6,6,1,35,6,1798,8,6,TOYOTA C-HR,4,E01021868,0,-1
2023201426356,2023,201426356,1,9,0,18,19,2,6,0,0,2,0,7,1,7,1,1,6,6,2,53,8,1798,8,2,TOYOTA C-HR,2,E01009317,0,-1
2023411316256,2023,411316256,1,9,0,5,5,2,7,0,0,6,0,0,0,0,1,1,6,6,1,40,7,1798,8,4,TOYOTA C-HR,3,E01023865,0,-1
2023010474711,2023,010474711,2,8,0,99,99,9,9,99,99,9,9,99,9,99,9,9,6,6,3,-1,-1,1798,8,5,TOYOTA C-HR,6,E01000581,0,-1
2023010468880,2023,010468880,2,9,0,5,5,0,7,0,0,1,0,0,0,0,3,1,6,6,2,43,7,1798,8,1,TOYOTA C-HR,9,E01001224,0,-1
2023340WN0432,2023,340WN0432,1,9,0,18,19,7,3,0,0,1,0,0,0,0,1,1,6,6,2,61,9,1798,8,5,TOYOTA C-HR,10,E01027027,0,-1
2023440020601,2023,440020601,3,9,0,18,19,1,5,0,0,2,0,0,0,0,1,1,6,6,1,61,9,1798,8,5,TOYOTA C-HR,7,E01017705,0,-1
2023430203712,2023,430203712,1,9,0,18,19,3,7,0,0,6,0,0,0,0,3,1,2,2,2,34,6,1798,8,3,TOYOTA C-HR,9,E01016315,0,-1
2023201346254,2023,201346254,1,8,0,16,19,6,8,0,0,0,2,0,0,0,1,1,6,6,1,34,6,1798,8,4,TOYOTA C-HR,2,E01009592,0,-1
2023131295095,2023,131295095,1,9,0,18,19,3,7,0,0,0,0,0,0,0,1,1,5,6,1,43,7,1798,8,2,TOYOTA C-HR,7,E01010917,0,-1
2023131314536,2023,131314536,3,9,0,2,2,0,0,0,0,1,0,0,0,0,3,1,6,6,3,-1,-1,1798,8,5,TOYOTA C-HR,-1,-1,0,-1
2023010450587,2023,010450587,2,9,0,99,99,9,9,99,99,9,9,99,9,99,1,9,6,6,3,-1,-1,1798,8,2,TOYOTA C-HR,3,E01000464,0,-1
2023131365702,2023,131365702,3,9,0,18,19,7,3,0,0,1,0,0,0,0,1,1,6,6,1,56,9,1798,8,6,TOYOTA C-HR,1,E01010745,0,-1
2023010423060,2023,010423060,2,9,0,99,99,9,9,99,99,9,9,99,9,99,9,9,6,6,1,66,10,1987,8,2,TOYOTA C-HR,5,E01028022,0,-1
2023501373409,2023,501373409,1,9,0,18,19,1,5,0,0,0,0,0,0,0,3,1,1,1,1,53,8,1798,8,0,TOYOTA C-HR,4,E01020217,0,-1
2023131294971,2023,131294971,2,9,0,15,15,6,2,0,0,8,0,0,0,0,2,1,6,6,1,40,7,1798,8,0,TOYOTA C-HR,2,E01010804,0,-1
2023131306057,2023,131306057,1,9,0,7,7,1,3,0,0,5,0,0,0,0,2,1,1,1,1,38,7,1798,8,0,TOYOTA C-HR,1,E01011107,0,-1
2023010480155,2023,010480155,1,9,0,5,5,0,1,0,0,1,0,0,0,0,3,1,1,1,1,58,9,1798,8,4,TOYOTA C-HR,2,E01001827,0,-1
2023010459391,2023,010459391,1,9,0,9,9,1,7,0,0,8,0,0,0,0,4,1,6,6,1,18,4,1798,8,0,TOYOTA C-HR,5,E01002123,0,-1
2023501296888,2023,501296888,1,9,0,18,19,7,3,0,0,2,0,0,0,0,1,1,6,6,1,50,8,1798,8,0,TOYOTA C-HR,6,E01019938,0,-1
2023440113425,2023,440113425,1,9,0,18,19,2,6,0,0,1,0,0,1,3,4,1,6,6,1,74,10,1798,8,5,TOYOTA C-HR,10,E01022686,0,-1
2023161354953,2023,161354953,1,9,0,2,2,0,0,0,0,0,0,0,0,0,4,1,6,6,2,50,8,1798,8,2,TOYOTA C-HR,4,E01012803,0,-1
2023440293045,2023,440293045,1,9,0,9,9,1,7,0,0,8,0,0,0,0,3,1,1,1,1,54,8,1798,8,4,TOYOTA C-HR,7,E01032846,0,-1
2023010477365,2023,010477365,1,9,0,18,19,3,7,0,0,1,0,0,0,0,4,1,6,6,2,60,9,1798,8,4,TOYOTA C-HR,4,E01004368,0,-1
2023131346718,2023,131346718,2,9,0,18,19,3,7,0,0,8,0,0,0,0,3,1,5,6,1,65,9,1798,8,5,TOYOTA C-HR,3,E01011260,0,-1
2023010467369,2023,010467369,1,9,0,99,99,9,9,99,99,9,9,99,9,99,2,9,2,2,1,37,7,1798,8,2,TOYOTA C-HR,4,E01001260,0,-1
2023010453543,2023,010453543,2,9,0,18,19,5,1,0,0,9,0,0,0,0,1,1,6,6,2,-1,-1,1798,8,6,TOYOTA C-HR,-1,-1,0,-1
202360A049273,2023,60A049273,3,9,0,18,19,5,1,0,0,1,0,0,0,0,1,1,6,6,1,30,6,1798,8,5,TOYOTA C-HR,-1,-1,0,-1
2023010464322,2023,010464322,2,9,0,99,99,9,9,99,99,9,9,99,9,99,1,9,6,6,3,-1,-1,1798,8,2,TOYOTA C-HR,-1,-1,0,-1
202363A009723,2023,63A009723,1,9,0,12,12,8,3,0,0,0,0,0,0,0,1,1,1,1,1,33,6,1798,8,6,TOYOTA C-HR,1,E01005094,0,-1
2023471298266,2023,471298266,1,9,0,9,9,8,5,0,0,1,0,0,0,0,1,1,5,6,1,75,10,1197,1,6,TOYOTA C-HR,6,E01021110,0,-1
2023201411253,2023,201411253,2,9,0,7,7,2,7,0,0,6,0,0,0,0,2,1,6,6,2,32,6,1798,8,5,TOYOTA C-HR,5,E01009235,0,-1
2023010466465,2023,010466465,2,9,0,99,99,9,9,99,99,9,9,99,9,99,9,9,6,6,3,-1,-1,1798,8,5,TOYOTA C-HR,4,E01002650,0,-1
2023131347670,2023,131347670,2,9,0,17,19,4,8,0,0,0,0,0,0,0,1,2,6,6,3,52,8,1798,8,4,TOYOTA C-HR,2,E01011943,0,-1
2023010446761,2023,010446761,1,9,0,9,9,1,7,0,0,2,0,0,0,0,3,1,6,6,1,66,10,1798,8,5,TOYOTA C-HR,4,E01000769,0,-1
2023201284725,2023,201284725,3,9,0,2,2,0,0,0,0,0,0,0,0,0,3,1,5,6,3,35,6,1987,8,1,TOYOTA C-HR,3,E01009768,0,-1
2023061391277,2023,061391277,2,9,0,18,19,1,5,0,0,0,0,0,0,0,2,1,5,6,1,25,5,1798,8,3,TOYOTA C-HR,1,E01005427,0,-1
2023211282275,2023,211282275,1,9,0,7,7,7,6,0,0,6,0,7,1,11,3,1,6,6,2,48,8,1798,8,2,TOYOTA C-HR,5,E01009745,0,-1
2023010477695,2023,010477695,1,9,0,18,19,1,5,0,0,8,0,0,7,11,4,1,6,6,1,63,9,1798,8,4,TOYOTA C-HR,10,E01023604,0,-1
2023071008174,2023,071008174,1,9,0,18,19,3,7,0,0,6,0,0,1,11,4,1,6,6,1,32,6,1798,8,2,TOYOTA C-HR,9,E01018676,0,-1
2023010458145,2023,010458145,2,9,0,99,99,9,9,99,99,0,9,99,9,99,2,9,6,6,3,-1,-1,1798,8,5,TOYOTA C-HR,-1,-1,0,-1
2023010464958,2023,010464958,1,9,0,15,15,5,1,2,2,1,0,10,1,0,3,1,1,1,1,39,7,1798,8,5,TOYOTA C-HR,2,E01003066,0,-1
2023010464093,2023,010464093,1,9,0,18,19,5,1,0,0,1,0,7,0,0,1,1,6,6,2,76,11,1197,1,6,TOYOTA C-HR,10,E01001475,0,-1
2023302301642,2023,302301642,2,9,0,16,19,8,3,0,0,0,0,0,0,0,3,1,6,6,1,75,10,1987,8,0,TOYOTA C-HR,5,W01000337,0,-1
2023201416920,2023,201416920,2,9,0,18,19,7,3,0,0,8,0,0,0,0,1,1,1,1,1,40,7,1197,1,5,TOYOTA C-HR,1,E01009364,0,-1
2023010446616,2023,010446616,3,9,0,18,19,1,5,0,0,0,0,0,0,0,2,1,6,6,3,56,9,1798,8,0,TOYOTA C-HR,-1,-1,0,-1
2023401393959,2023,401393959,2,9,0,12,12,5,1,0,0,1,0,0,0,0,2,1,6,6,1,48,8,1798,8,6,TOYOTA C-HR,8,E01023666,0,-1
2023201400661,2023,201400661,1,9,0,9,9,1,7,0,0,6,0,0,0,0,1,1,6,6,2,66,10,1798,8,3,TOYOTA C-HR,2,E01009414,0,-1
2023332301125,2023,332301125,3,9,0,18,19,1,5,0,0,0,0,0,0,0,2,1,6,6,2,38,7,1798,8,3,TOYOTA C-HR,8,E01032598,0,-1
2023411402131,2023,411402131,2,9,0,18,19,1,5,0,0,1,1,0,7,0,4,1,6,6,1,54,8,1798,8,6,TOYOTA C-HR,10,E01023456,0,-1
2023311286307,2023,311286307,2,9,0,18,19,1,4,0,0,0,1,0,0,0,2,1,6,6,1,51,8,1798,8,3,TOYOTA C-HR,-1,-1,0,-1
2023061286841,2023,061286841,2,9,0,18,19,3,7,0,0,2,0,0,0,0,3,1,6,6,2,41,7,1798,8,1,TOYOTA C-HR,3,E01005605,0,-1
2023010448560,2023,010448560,2,9,0,2,2,0,0,0,0,2,0,0,0,0,3,1,6,6,3,-1,-1,1798,8,2,TOYOTA C-HR,-1,-1,0,-1
2023221286448,2023,221286448,2,9,0,9,9,3,1,0,0,6,0,0,0,0,1,1,2,2,2,26,6,1798,8,5,TOYOTA C-HR,7,E01014070,0,-1
2023031342862,2023,031342862,1,9,0,16,19,1,5,0,0,1,0,0,1,0,1,1,6,6,1,33,6,1798,8,0,TOYOTA C-HR,-1,-1,0,-1
2023332300014,2023,332300014,1,9,0,5,5,2,6,0,0,0,0,0,0,0,1,1,6,6,3,-1,-1,1798,8,4,TOYOTA C-HR,-1,-1,0,-1
2023101348046,2023,101348046,1,9,0,9,9,3,1,0,0,8,0,0,0,0,1,1,6,6,2,25,5,1798,8,3,TOYOTA C-HR,10,E01020603,0,-1
2023201350344,2023,201350344,1,9,0,18,19,1,5,0,0,0,0,0,0,0,0,1,6,6,1,74,10,1798,8,1,TOYOTA C-HR,2,E01010341,0,-1
2023010455962,2023,010455962,1,9,0,9,9,4,2,0,0,6,0,0,0,0,3,1,2,2,2,53,8,1798,8,5,TOYOTA C-HR,2,E01000548,0,-1
2023471358132,2023,471358132,1,9,0,18,19,2,6,0,0,0,0,4,0,0,1,1,6,6,1,45,7,1798,8,5,TOYOTA C-HR,4,E01031608,0,-1
2023411383402,2023,411383402,2,9,0,4,4,-1,-1,0,0,0,1,0,0,0,3,1,5,6,2,45,7,1798,8,5,TOYOTA C-HR,8,E01000230,0,-1
2023991292578,2023,991292578,1,9,0,18,19,5,1,0,0,3,0,0,1,0,2,1,5,6,2,30,6,1987,8,2,TOYOTA C-HR,3,-1,0,-1
2023061284537,2023,061284537,1,8,0,18,19,-1,-1,0,0,0,0,0,0,0,0,1,6,6,3,-1,-1,1798,8,5,TOYOTA C-HR,-1,-1,0,-1
2023221290733,2023,221290733,1,9,0,18,19,5,1,0,0,4,0,0,0,0,1,1,6,6,1,60,9,1798,8,5,TOYOTA C-HR,-1,-1,0,-1
2023332300037,2023,332300037,3,9,0,3,3,5,1,0,0,1,0,0,0,0,2,1,6,6,2,22,5,1798,8,3,TOYOTA C-HR,3,E01013665,0,-1
2023201278772,2023,201278772,2,9,0,18,19,8,4,0,0,1,0,0,0,0,2,1,6,6,1,55,8,1798,8,5,TOYOTA C-HR,8,E01010487,0,-1
2023440369701,2023,440369701,2,9,0,10,10,6,2,0,0,1,0,0,0,0,2,1,2,2,2,54,8,1798,8,3,TOYOTA C-HR,10,E01022870,0,-1
2023471342865,2023,471342865,2,9,0,18,19,3,7,0,0,0,0,0,0,0,3,1,5,6,2,42,7,1798,8,5,TOYOTA C-HR,10,E01031644,0,-1
2023461330690,2023,461330690,3,9,0,18,19,7,3,0,0,0,0,0,0,0,3,1,6,6,2,53,8,1798,8,4,TOYOTA C-HR,3,E01024656,0,-1
2023010428915,2023,010428915,1,9,0,18,19,6,2,0,0,1,0,0,0,0,2,1,2,2,2,59,9,1798,8,3,TOYOTA C-HR,3,E01001171,0,-1
2023061390326,2023,061390326,1,9,0,18,19,1,5,0,0,2,0,0,0,0,1,1,6,6,1,53,8,1798,8,5,TOYOTA C-HR,9,E01006374,0,-1
2023010481073,2023,010481073,2,9,0,99,99,9,9,99,99,9,9,99,9,99,9,9,6,6,3,-1,-1,1798,8,6,TOYOTA C-HR,-1,-1,0,-1
2023010471453,2023,010471453,1,9,0,18,19,2,6,0,0,8,0,0,0,0,4,1,6,6,1,56,9,1798,8,6,TOYOTA C-HR,4,E01003410,0,-1
2023451275840,2023,451275840,1,9,0,18,19,1,5,0,0,0,0,0,0,0,1,1,2,2,1,24,5,1798,8,5,TOYOTA C-HR,9,E01030571,0,-1
2023010434320,2023,010434320,1,9,9,99,99,9,9,99,99,9,9,99,9,99,9,9,6,6,2,39,7,1798,8,5,TOYOTA C-HR,8,E01001384,0,-1
2023010428651,2023,010428651,1,9,0,99,99,9,9,99,99,9,9,99,9,99,2,9,1,1,2,35,6,1798,8,5,TOYOTA C-HR,3,E01001774,0,-1
2023122300470,2023,122300470,1,9,0,9,9,4,1,0,0,1,0,0,0,0,1,1,6,6,1,29,6,1798,8,2,TOYOTA C-HR,6,E01032740,0,-1
2023010425578,2023,010425578,3,9,0,99,99,9,9,0,0,0,0,0,0,0,9,9,6,6,3,-1,-1,1798,8,5,TOYOTA C-HR,1,E01008899,0,-1
2023221301870,2023,221301870,1,9,0,18,19,5,8,0,0,4,0,0,0,0,1,1,5,6,1,31,6,1798,8,4,TOYOTA C-HR,5,E01009169,0,-1
2023141392818,2023,141392818,1,9,0,5,5,1,5,0,0,2,0,0,0,0,1,1,5,6,1,74,10,1798,8,1,TOYOTA C-HR,7,E01007439,0,-1
2023061309583,2023,061309583,2,9,0,4,4,4,8,0,0,0,0,0,0,0,3,1,6,6,1,31,6,1798,8,4,TOYOTA C-HR,8,E01004919,0,-1
2023610005523,2023,610005523,1,9,0,17,19,7,4,0,0,8,1,0,0,0,1,1,6,6,1,60,9,1798,8,5,TOYOTA C-HR,8,W01001565,0,-1
2023461394143,2023,461394143,2,9,0,2,2,0,0,0,0,2,0,0,7,0,4,1,6,6,3,-1,-1,1798,8,3,TOYOTA C-HR,-1,-1,0,-1
2023522301090,2023,522301090,1,9,0,18,19,7,3,0,0,0,0,0,0,0,1,1,6,6,1,39,7,1798,8,5,TOYOTA C-HR,10,E01015014,0,-1
2023471269438,2023,471269438,1,9,0,18,19,6,2,0,0,4,0,0,0,0,1,1,6,6,3,-1,-1,1798,8,4,TOYOTA C-HR,2,E01001152,0,-1
2023332300288,2023,332300288,1,8,0,5,5,1,5,0,0,0,0,0,0,0,3,1,1,1,1,-1,-1,1798,8,6,TOYOTA C-HR,-1,-1,0,-1
2023041277533,2023,041277533,2,9,0,8,8,7,1,0,0,5,0,0,0,0,2,1,5,6,1,29,6,1798,8,2,TOYOTA C-HR,-1,-1,0,-1
2023061329172,2023,061329172,1,9,0,9,9,1,3,0,0,0,0,0,7,11,1,1,3,7,2,48,8,1798,8,5,TOYOTA C-HR,3,E01004867,0,-1
2023010447663,2023,010447663,2,9,0,99,99,9,9,99,99,9,9,99,9,99,1,9,6,6,3,-1,-1,1797,8,5,TOYOTA C-HR,-1,-1,0,-1
2023010450512,2023,010450512,1,9,0,18,19,5,1,0,0,0,0,0,7,0,1,1,6,6,1,40,7,1987,8,1,TOYOTA C-HR,4,E01003743,0,-1
2023131324536,2023,131324536,2,9,0,18,19,5,1,0,0,0,0,0,0,0,3,1,5,6,2,77,11,1798,8,5,TOYOTA C-HR,10,E01011845,0,-1
2023061342064,2023,061342064,1,9,0,18,19,5,1,0,0,1,0,0,7,2,4,1,6,6,1,78,11,1798,8,0,TOYOTA C-HR,3,E01006286,0,-1
2023320731387,2023,320731387,1,9,0,9,9,8,6,0,0,5,0,0,0,0,1,1,6,6,1,27,6,1798,8,2,TOYOTA C-HR,10,E01023881,0,-1
2023421373776,2023,421373776,2,9,0,2,2,-1,-1,-1,-1,0,0,0,0,0,-1,1,6,6,2,30,6,1798,8,3,TOYOTA C-HR,3,E01021300,0,-1
2023122301375,2023,122301375,2,9,0,18,19,2,6,0,0,1,0,0,0,0,1,1,6,6,2,33,6,1798,8,6,TOYOTA C-HR,6,E01027878,0,-1
2023061358875,2023,061358875,1,8,-1,-1,-1,3,7,0,0,3,0,7,0,0,4,1,1,1,1,-1,-1,1798,8,3,TOYOTA C-HR,1,E01005190,0,-1
2023471322760,2023,471322760,1,9,0,9,9,5,3,0,0,8,0,0,0,0,3,1,2,2,2,53,8,1798,8,6,TOYOTA C-HR,9,E01031719,0,-1
2023471347241,2023,471347241,2,9,0,3,3,3,7,0,0,1,0,0,0,0,2,1,5,6,1,64,9,1197,1,5,TOYOTA C-HR,7,E01016883,0,-1
2023201389994,2023,201389994,2,9,0,18,19,8,4,0,0,0,0,0,0,0,2,1,6,6,1,56,9,1798,8,6,TOYOTA C-HR,2,E01009342,0,-1
2023622300512,2023,622300512,2,9,0,18,19,8,4,0,0,1,0,0,0,0,1,1,6,6,2,66,10,1798,8,1,TOYOTA C-HR,9,W01001119,0,-1
2023131262176,2023,131262176,1,9,0,11,11,7,3,0,0,0,0,0,0,0,4,1,6,6,3,-1,-1,1798,8,6,TOYOTA C-HR,-1,-1,0,-1
2023421284612,2023,421284612,2,9,0,18,19,5,1,0,0,0,0,0,0,0,3,1,6,6,1,54,8,1798,8,4,TOYOTA C-HR,5,E01007042,0,-1
2023131389278,2023,131389278,1,8,0,9,9,3,1,0,0,6,0,0,0,0,1,1,6,6,1,44,7,1798,8,6,TOYOTA C-HR,3,E01010805,0,-1
2023061340255,2023,061340255,1,9,0,18,19,7,3,0,0,1,0,0,0,0,4,1,6,6,2,40,7,1798,8,4,TOYOTA C-HR,1,E01005609,0,-1
2023141332269,2023,141332269,2,9,0,18,19,3,6,0,0,0,0,0,0,0,1,1,2,2,1,49,8,1798,8,3,TOYOTA C-HR,2,E01018485,0,-1
2023010469166,2023,010469166,1,9,0,18,19,1,5,0,0,8,0,0,0,0,1,1,1,1,1,45,7,1798,8,4,TOYOTA C-HR,4,E01024162,0,-1
2023041375150,2023,041375150,1,9,0,9,9,3,7,0,0,8,0,0,0,0,1,1,5,6,1,62,9,1798,8,2,TOYOTA C-HR,6,E01025330,0,-1
2023010461450,2023,010461450,1,9,0,4,4,7,3,0,0,1,0,0,0,0,2,1,6,6,1,56,9,1798,8,5,TOYOTA C-HR,4,E01002425,0,-1
2023451272536,2023,451272536,1,9,0,18,19,5,1,0,0,4,0,0,0,0,1,1,5,6,2,65,9,1798,8,2,TOYOTA C-HR,8,E01001022,0,-1
2023201378439,2023,201378439,1,9,0,18,19,7,3,0,0,0,0,0,0,0,1,1,5,6,2,38,7,1798,8,2,TOYOTA C-HR,1,E01008901,0,-1
2023010471948,2023,010471948,2,9,0,99,99,9,9,99,99,0,9,99,9,99,2,9,6,6,3,-1,-1,1798,8,5,TOYOTA C-HR,-1,-1,0,-1
2023141342388,2023,141342388,2,9,0,18,19,3,7,0,0,0,0,0,0,0,2,1,6,6,2,29,6,1798,8,5,TOYOTA C-HR,9,E01007386,0,-1
2023471290861,2023,471290861,2,9,0,4,4,5,1,0,0,0,0,0,0,0,2,1,6,6,2,55,8,1798,8,6,TOYOTA C-HR,6,E01021182,0,-1
2023991294797,2023,991294797,4,9,0,18,19,4,8,0,0,0,0,0,0,0,2,1,6,6,1,75,10,1798,8,3,TOYOTA C-HR,10,-1,0,-1
2023010486744,2023,010486744,2,9,0,99,99,9,9,99,99,9,9,99,9,99,1,9,6,6,3,-1,-1,1798,8,0,TOYOTA C-HR,8,E01001392,0,-1
202354A886223,2023,54A886223,2,9,0,18,19,2,6,0,0,0,0,0,7,9,1,1,6,6,2,48,8,1798,8,5,TOYOTA C-HR,-1,-1,0,-1
2023340NN1602,2023,340NN1602,1,9,0,18,19,7,3,0,0,1,0,0,1,1,1,1,6,6,2,58,9,1798,8,1,TOYOTA C-HR,9,E01026360,0,-1
2023320090497,2023,320090497,1,9,0,1,1,1,5,0,0,0,0,4,0,0,2,1,6,6,2,61,9,1798,8,6,TOYOTA C-HR,6,E01026331,0,-1
2023451352259,2023,451352259,1,9,0,18,19,3,7,0,0,0,0,0,0,0,2,1,2,2,2,38,7,1798,8,2,TOYOTA C-HR,8,E01032100,0,-1
2023010435520,2023,010435520,1,9,0,18,19,5,1,0,0,1,0,0,0,0,0,1,6,6,1,19,4,1798,8,1,TOYOTA C-HR,-1,-1,0,-1
2023430097952,2023,430097952,1,9,0,3,3,2,6,0,0,8,0,0,0,0,2,1,2,2,1,44,7,1798,8,5,TOYOTA C-HR,5,E01016233,0,-1
2023201330629,2023,201330629,2,9,0,18,19,3,7,0,0,2,0,10,7,11,4,1,6,6,2,52,8,1798,8,3,TOYOTA C-HR,2,E01009508,0,-1
2023122301379,2023,122301379,1,9,0,3,3,5,1,0,0,1,0,0,0,0,2,1,6,6,1,45,7,1798,8,4,TOYOTA C-HR,8,E01027838,0,-1
2023041306194,2023,041306194,1,9,0,18,19,3,7,0,0,1,0,0,0,0,1,1,5,6,2,32,6,1798,8,5,TOYOTA C-HR,10,E01006094,0,-1
2023332300339,2023,332300339,4,8,0,2,2,0,0,0,0,1,0,0,0,0,1,1,6,6,1,48,8,1987,8,3,TOYOTA C-HR,5,E01013764,0,-1
2023451302254,2023,451302254,4,9,0,18,19,3,7,0,0,0,0,0,0,0,2,1,5,6,2,56,9,1798,8,4,TOYOTA C-HR,8,E01016610,0,-1
2023010449859,2023,010449859,2,9,0,14,14,3,7,0,0,1,0,0,0,0,1,1,6,6,2,60,9,1798,8,5,TOYOTA C-HR,5,E01003276,0,-1
2023122300345,2023,122300345,1,9,0,13,13,7,3,0,0,1,0,0,7,0,4,1,6,6,1,82,11,1798,8,3,TOYOTA C-HR,6,E01020794,0,-1
2023201381732,2023,201381732,2,9,0,3,3,4,8,0,0,1,0,0,0,0,2,1,1,1,1,42,7,1798,8,6,TOYOTA C-HR,1,E01009122,0,-1
2023552300148,2023,552300148,2,9,0,18,19,3,7,0,0,0,0,0,0,0,3,1,6,6,1,68,10,1798,8,1,TOYOTA C-HR,7,E01020436,0,-1
2023010434905,2023,010434905,2,9,0,3,3,5,1,0,0,1,0,0,0,0,2,1,6,6,1,63,9,1798,8,1,TOYOTA C-HR,3,E01002532,0,-1
2023201278250,2023,201278250,2,9,0,4,4,8,4,0,0,0,0,10,0,0,2,1,6,6,1,49,8,1798,8,5,TOYOTA C-HR,3,E01017666,0,-1
2023010483023,2023,010483023,1,9,0,7,7,5,7,0,0,4,0,0,0,0,1,1,6,6,1,32,6,1798,8,6,TOYOTA C-HR,7,E01000334,0,-1
2023041324569,2023,041324569,1,9,0,9,9,5,1,0,0,5,0,0,0,0,4,1,6,6,2,56,9,1798,8,5,TOYOTA C-HR,5,E01025252,0,-1
2023010478950,2023,010478950,1,9,0,18,19,5,1,0,0,8,0,0,0,0,3,1,6,6,1,34,6,1798,8,6,TOYOTA C-HR,5,E01001149,0,-1
2023010475289,2023,010475289,1,9,0,18,19,7,3,0,0,6,0,4,0,0,1,1,6,6,1,21,5,1197,1,6,TOYOTA C-HR,8,E01002333,0,-1
2023141263099,2023,141263099,2,9,0,9,9,5,3,0,0,5,0,0,0,0,3,1,5,6,1,72,10,1587,1,31,-1,6,E01007518,0,-1
2023320653525,2023,320653525,1,9,0,16,19,2,4,0,0,0,1,0,1,9,4,1,6,6,1,63,9,1998,1,26,-1,4,E01013740,0,-1
2023522300463,2023,522300463,1,9,0,12,12,2,6,0,0,0,1,0,7,11,1,1,6,6,2,77,11,1587,1,31,-1,8,E01014709,0,-1
2023401343171,2023,401343171,2,9,0,18,19,1,5,0,0,0,0,11,0,0,2,1,5,6,1,42,7,1998,1,29,-1,6,E01000795,0,-1
2023010463306,2023,010463306,1,19,0,99,99,9,9,99,99,9,9,99,9,99,4,9,6,6,1,57,9,1499,2,0,TOYOTA PROACE,7,E01015848,0,-1
2023340WN0592,2023,340WN0592,2,19,0,18,19,3,7,0,0,1,0,0,0,0,1,1,2,2,2,48,8,1499,2,2,TOYOTA PROACE,10,E01027271,0,-1
2023552300895,2023,552300895,2,9,0,4,4,8,4,0,0,8,0,0,0,0,2,1,1,1,2,38,7,1997,2,1,-1,9,E01020417,0,-1
2023052300112,2023,052300112,1,19,0,18,19,5,1,0,0,0,0,0,0,0,1,1,6,6,1,53,8,1499,2,2,TOYOTA PROACE,8,E01006827,0,-1
2023361360970,2023,361360970,1,19,0,16,19,1,5,0,0,0,0,0,0,0,1,1,1,1,1,30,6,1997,2,1,TOYOTA PROACE,9,E01026497,0,-1
2023552301205,2023,552301205,1,19,0,7,7,8,2,0,0,6,0,0,0,0,1,1,1,1,1,26,6,1997,2,4,TOYOTA PROACE,2,E01015379,0,-1