collision_index,collision_year,collision_ref_no,vehicle_reference,vehicle_type,towing_and_articulation,vehicle_manoeuvre_historic,vehicle_manoeuvre,vehicle_direction_from,vehicle_direction_to,vehicle_location_restricted_lane_historic,vehicle_location_restricted_lane,junction_location,skidding_and_overturning,hit_object_in_carriageway,vehicle_leaving_carriageway,hit_object_off_carriageway,first_point_of_impact,vehicle_left_hand_drive,journey_purpose_of_driver_historic,journey_purpose_of_driver,sex_of_driver,age_of_driver,age_band_of_driver,engine_capacity_cc,propulsion_code,age_of_vehicle,generic_make_model,driver_imd_decile,lsoa_of_driver,escooter_flag,driver_distance_banding
2023430374057,2023,430374057,2,9,0,9,9,8,6,0,0,8,0,0,0,0,1,1,6,6,2,34,6,1997,2,3,-1,10,E01016316,0,-1
2023131370636,2023,131370636,1,20,0,-1,-1,-1,-1,-1,-1,-1,-1,-1,-1,0,-1,1,6,6,3,-1,-1,-1,-1,-1,-1,-1,-1,0,-1
2023311373550,2023,311373550,1,19,0,14,14,1,5,0,0,0,0,4,0,0,1,1,6,6,1,49,8,1997,2,10,TOYOTA PROACE,2,E01013843,0,-1
2023031340977,2023,031340977,2,19,0,16,19,7,2,0,0,0,0,0,0,0,1,1,6,6,1,61,9,1560,2,5,TOYOTA PROACE,-1,-1,0,-1
2023010474392,2023,010474392,1,19,0,18,19,7,3,0,0,2,0,0,0,0,3,1,1,1,1,26,6,1997,2,0,TOYOTA PROACE,2,E01033586,0,-1
2023552301151,2023,552301151,1,8,0,1,1,4,8,9,9,1,0,0,0,0,2,1,1,1,3,-1,-1,1499,2,1,-1,-1,-1,0,-1
2023010440854,2023,010440854,2,19,0,3,3,5,1,0,0,1,0,0,0,0,1,1,6,6,1,33,6,1997,2,4,TOYOTA PROACE,3,E01001832,0,-1
2023471329158,2023,471329158,2,19,0,18,19,1,5,0,0,1,0,0,0,0,1,1,1,1,1,36,7,1499,2,2,TOYOTA PROACE,7,E01021063,0,-1
2023010471678,2023,010471678,2,19,0,9,9,1,6,0,0,1,0,0,0,0,1,1,6,6,3,-1,-1,1499,2,2,TOYOTA PROACE,-1,-1,0,-1
2023421387987,2023,421387987,1,19,0,9,9,2,8,0,0,1,0,0,0,0,2,1,6,6,1,24,5,1560,2,4,TOYOTA PROACE,9,E01021947,0,-1
2023531287956,2023,531287956,1,19,0,5,5,8,4,0,0,8,0,0,0,0,3,1,1,1,1,57,9,1560,2,6,TOYOTA PROACE,2,E01009744,0,-1
2023991317846,2023,991317846,1,19,0,18,19,2,6,0,0,8,1,0,7,11,1,1,1,1,1,36,7,1499,2,2,TOYOTA PROACE,5,-1,0,-1
2023991314341,2023,991314341,1,9,0,9,9,6,4,0,0,6,0,0,0,0,1,1,5,6,1,32,6,1997,2,3,-1,6,-1,0,-1
2023991298106,2023,991298106,2,19,0,17,19,2,6,0,0,0,0,0,0,0,3,1,2,2,1,20,4,1499,2,2,TOYOTA PROACE,6,-1,0,-1
2023991345666,2023,991345666,1,19,0,16,19,6,1,0,0,3,0,0,0,0,1,1,6,6,1,45,7,1499,2,3,TOYOTA PROACE,2,E01024926,0,-1
2023010480473,2023,010480473,2,19,0,7,7,1,3,0,0,1,0,0,1,0,4,1,1,1,1,44,7,-1,3,2,TOYOTA PROACE,7,E01030651,0,-1
2023440386197,2023,440386197,1,19,0,18,19,2,6,0,0,0,0,0,0,0,1,1,2,2,1,31,6,1997,2,3,TOYOTA PROACE,1,E01022915,0,-1
2023411339781,2023,411339781,2,19,0,4,4,6,2,0,0,0,0,0,0,0,2,1,2,2,1,45,7,1499,2,2,TOYOTA PROACE,9,E01021446,0,-1
2023141302054,2023,141302054,1,19,0,6,6,2,8,0,0,0,0,0,0,0,3,1,6,6,1,28,6,1499,2,2,TOYOTA PROACE,10,E01007619,0,-1
2023070629867,2023,070629867,1,19,0,18,19,5,6,0,0,1,0,0,0,0,4,1,6,6,1,53,8,1560,2,6,TOYOTA PROACE,10,E01018641,0,-1
2023010448590,2023,010448590,1,19,0,99,99,9,9,99,99,9,9,99,9,99,9,9,1,1,1,61,9,1997,2,7,TOYOTA PROACE,6,E01003437,0,-1
2023141357029,2023,141357029,7,19,0,18,19,6,3,0,0,1,0,0,0,0,4,1,1,1,1,30,6,1499,2,1,TOYOTA PROACE,9,E01008074,0,-1
2023501370328,2023,501370328,1,19,0,9,9,3,1,0,0,3,0,0,0,0,1,1,6,6,1,48,8,1499,2,2,TOYOTA PROACE,3,E01015172,0,-1
2023543753623,2023,543753623,3,19,0,2,2,0,0,0,0,0,0,0,0,0,1,1,6,6,1,51,8,1997,2,8,TOYOTA PROACE,10,E01031966,0,-1
2023131381784,2023,131381784,1,9,0,7,7,1,3,0,0,8,0,0,0,0,1,1,5,6,1,69,10,1997,2,2,-1,8,E01010931,0,-1
2023010444759,2023,010444759,3,19,0,18,19,3,7,0,0,0,0,0,0,0,1,1,1,1,1,20,4,1499,2,1,TOYOTA PROACE,5,E01021838,0,-1
202360A052126,2023,60A052126,2,10,0,18,19,2,6,0,0,8,0,0,0,0,4,1,6,6,1,47,8,-1,-1,-1,-1,-1,-1,0,-1
2023340WN5902,2023,340WN5902,4,10,0,4,4,4,8,0,0,0,0,0,0,0,2,1,2,2,1,46,8,-1,-1,-1,-1,6,E01012811,0,-1
2023430161016,2023,430161016,3,19,0,18,19,1,5,0,0,0,0,0,0,0,1,1,6,6,1,25,5,1997,2,5,TOYOTA PROACE,8,E01017886,0,-1
2023010466218,2023,010466218,1,19,0,18,19,5,1,0,0,2,0,0,0,0,3,1,1,1,1,32,6,1499,2,1,TOYOTA PROACE,9,E01003403,0,-1
2023010475432,2023,010475432,2,19,0,7,7,5,7,0,0,1,0,0,0,0,4,9,6,6,3,-1,-1,1997,2,4,TOYOTA PROACE,-1,-1,0,-1
2023161358577,2023,161358577,2,19,0,18,19,6,2,0,0,0,0,0,0,0,1,1,6,6,1,30,6,1499,2,0,TOYOTA PROACE,-1,-1,0,-1
2023531329994,2023,531329994,1,19,0,18,19,3,7,0,0,0,0,4,0,0,3,1,5,6,1,27,6,1499,2,1,TOYOTA PROACE,8,E01022123,0,-1
2023320265895,2023,320265895,1,19,0,18,19,6,2,0,0,0,2,0,1,1,1,1,2,2,2,44,7,-1,3,1,TOYOTA PROACE,-1,-1,0,-1
2023991376088,2023,991376088,1,8,0,18,19,4,8,0,0,0,0,0,0,0,1,1,1,1,1,52,8,1499,2,4,-1,6,-1,0,-1
2023311285756,2023,311285756,1,8,0,18,19,5,8,0,0,1,0,0,0,0,1,1,1,1,2,44,7,1997,2,3,-1,3,E01028306,0,-1
2023320759196,2023,320759196,1,19,0,17,19,8,4,0,0,0,1,0,1,0,0,1,6,6,2,65,9,1560,2,6,TOYOTA PROACE,4,E01019538,0,-1
2023451302451,2023,451302451,2,9,0,5,5,8,4,0,0,8,0,0,0,0,3,1,5,6,2,44,7,1997,2,4,-1,6,E01001033,0,-1
2023332300725,2023,332300725,2,19,0,18,19,3,7,0,0,8,0,0,0,0,1,1,1,1,1,62,9,1499,2,1,TOYOTA PROACE,9,E01010515,0,-1
2023351315998,2023,351315998,1,19,0,17,19,8,5,0,0,1,0,0,0,0,1,1,2,2,1,26,6,1499,2,1,TOYOTA PROACE,6,E01017962,0,-1
202363D004123,2023,63D004123,1,19,0,18,19,8,4,0,0,0,2,0,2,10,4,1,2,2,1,22,5,1499,2,2,TOYOTA PROACE,6,W01001930,0,-1
2023010439918,2023,010439918,2,19,0,18,19,1,5,0,0,0,0,0,0,0,1,1,6,6,1,42,7,1560,2,6,TOYOTA PROACE,6,E01003002,0,-1
2023531278687,2023,531278687,2,19,0,18,19,1,5,0,0,8,0,0,0,0,1,1,2,2,1,80,11,1997,2,5,TOYOTA PROACE,4,E01022149,0,-1
2023522301636,2023,522301636,1,19,0,12,12,1,5,0,0,0,0,0,0,0,1,1,6,6,1,20,4,1997,2,4,TOYOTA PROACE,8,W01001124,0,-1
2023052302137,2023,052302137,2,19,0,2,2,0,0,0,0,0,0,0,0,0,1,1,6,6,3,-1,-1,1560,2,6,TOYOTA PROACE,-1,-1,0,-1
2023010466291,2023,010466291,3,19,0,2,2,0,0,0,0,0,0,0,0,0,4,1,6,6,3,-1,-1,1499,2,2,TOYOTA PROACE,-1,-1,0,-1
2023991391495,2023,991391495,2,19,0,18,19,3,6,9,9,0,0,0,1,11,3,1,2,2,1,55,8,1560,2,5,TOYOTA PROACE,-1,-1,0,-1
2023010421737,2023,010421737,2,19,0,99,99,9,9,99,99,0,9,99,9,99,1,9,6,6,3,-1,-1,1560,2,4,TOYOTA PROACE,-1,-1,0,-1
2023471359825,2023,471359825,1,9,0,5,5,3,5,0,0,1,0,0,0,0,1,2,6,6,2,60,9,1499,2,2,-1,4,E01021057,0,-1
2023111316441,2023,111316441,1,19,0,18,19,6,2,0,0,1,0,0,0,0,1,1,6,6,1,-1,-1,1560,2,9,TOYOTA PROACE,-1,-1,0,-1
2023052302361,2023,052302361,2,3,0,18,19,7,3,0,0,8,0,0,0,0,1,1,2,2,1,48,8,-1,-1,-1,-1,2,E01007130,0,-1
2023430287492,2023,430287492,2,9,0,4,4,3,7,0,0,0,0,0,0,0,1,1,2,2,1,49,8,1560,2,14,VOLVO C30,8,E01017738,0,-1
2023411358908,2023,411358908,1,9,0,18,19,3,7,0,0,0,0,0,0,0,-1,1,6,6,3,-1,-1,1997,2,15,VOLVO C30,-1,-1,0,-1
2023440074909,2023,440074909,2,9,0,18,19,8,4,0,0,1,0,0,0,0,1,1,6,6,1,-1,-1,1560,2,13,VOLVO C30,-1,-1,0,-1
2023371381365,2023,371381365,1,9,0,18,19,2,6,0,0,4,0,0,0,0,1,1,2,2,2,24,5,1984,2,13,VOLVO C30,7,E01029875,0,-1
2023401337889,2023,401337889,2,9,-1,-1,-1,-1,-1,-1,-1,0,-1,0,-1,0,-1,1,2,2,1,29,6,1596,1,15,VOLVO C30,8,E01017726,0,-1
2023991290559,2023,991290559,2,9,0,18,19,1,3,0,0,7,0,0,0,0,1,1,6,6,1,22,5,1596,1,14,VOLVO C30,10,-1,0,-1
2023552300779,2023,552300779,3,9,0,18,19,7,3,0,0,0,0,0,0,0,2,1,6,6,1,57,9,1984,2,12,VOLVO C30,5,E01020444,0,-1
2023520301042,2023,520301042,1,9,0,9,9,3,8,0,0,8,0,0,0,0,4,1,6,6,1,23,5,1997,2,13,VOLVO C30,6,E01029266,0,-1
2023201379967,2023,201379967,2,9,0,5,5,7,3,0,0,8,0,0,0,0,1,1,6,6,3,20,4,1560,2,10,VOLVO C30,-1,-1,0,-1
2023311355467,2023,311355467,1,9,0,18,19,5,1,0,0,0,0,0,0,0,1,1,2,2,1,36,7,1596,1,15,VOLVO C30,2,E01027579,0,-1
2023131309396,2023,131309396,3,9,0,18,19,7,5,0,0,2,0,0,0,0,2,1,2,2,2,62,9,1999,1,11,VOLVO C30,5,E01010668,0,-1
2023451304866,2023,451304866,4,9,0,2,2,0,0,9,9,0,0,0,0,0,4,1,6,6,3,-1,-1,1560,2,11,VOLVO C30,-1,-1,0,-1
2023201319339,2023,201319339,1,9,0,18,19,6,2,0,0,0,0,10,1,0,1,1,6,6,1,23,5,1984,2,11,VOLVO C30,2,E01009872,0,-1
2023302300374,2023,302300374,1,9,0,9,9,2,8,0,0,5,0,0,0,0,1,1,6,6,2,55,8,1560,2,13,VOLVO C30,3,E01019437,0,-1
2023311281774,2023,311281774,1,9,0,3,3,7,3,0,0,0,0,0,0,0,4,1,6,6,1,23,5,1596,1,13,VOLVO C30,5,E01013931,0,-1
2023161332347,2023,161332347,1,9,0,18,19,1,5,0,0,0,0,0,0,0,4,1,6,6,1,49,8,1560,2,15,VOLVO C30,1,E01012854,0,-1
2023201279088,2023,201279088,1,9,0,13,13,4,8,0,0,0,0,0,0,0,1,1,6,6,1,32,6,1560,2,10,VOLVO C30,1,E01009881,0,-1
2023170M10433,2023,170M10433,2,9,0,9,9,1,7,0,0,8,0,0,0,0,1,1,6,6,1,-1,-1,1798,1,15,VOLVO C30,-1,-1,0,-1
2023461305799,2023,461305799,3,9,0,18,19,3,7,0,0,0,0,0,0,0,1,1,6,6,3,-1,-1,1998,2,16,VOLVO C30,-1,-1,0,-1
2023071213101,2023,071213101,2,9,0,18,19,4,8,0,0,8,0,0,0,0,1,1,6,6,1,42,7,1999,1,15,VOLVO C30,8,W01000276,0,-1
2023461356819,2023,461356819,2,9,0,4,4,7,3,0,0,1,0,0,0,0,2,1,6,6,3,-1,-1,2521,1,16,VOLVO C30,6,E01015816,0,-1
2023411386748,2023,411386748,2,9,0,18,19,5,1,0,0,8,0,0,0,0,1,1,6,6,1,26,6,1596,1,15,VOLVO C30,1,E01015795,0,-1
2023361360768,2023,361360768,3,9,0,4,4,7,3,0,0,0,0,0,0,0,2,1,6,6,3,63,9,2401,2,16,VOLVO C30,3,E01026631,0,-1
2023101328714,2023,101328714,1,9,0,18,19,7,3,0,0,1,0,0,0,0,1,1,6,6,1,22,5,1560,2,13,VOLVO C30,1,E01033075,0,-1
2023052302346,2023,052302346,3,9,0,4,4,7,3,0,0,0,0,0,0,0,2,1,6,6,2,40,7,1596,1,14,VOLVO C30,1,E01006677,0,-1
2023052300631,2023,052300631,1,9,0,9,9,6,4,0,0,6,0,0,0,0,1,1,6,6,1,36,7,1560,2,13,VOLVO C30,1,E01006769,0,-1
2023010434571,2023,010434571,3,9,0,18,19,5,1,0,0,1,0,4,0,0,1,1,6,6,1,43,7,1798,1,16,VOLVO C30,6,E01015373,0,-1
2023052300280,2023,052300280,1,9,0,18,19,1,5,0,0,8,0,0,0,0,1,1,6,6,2,22,5,1596,1,16,VOLVO C30,1,E01005631,0,-1
2023010431456,2023,010431456,2,9,0,99,99,9,9,99,99,0,9,99,9,99,2,9,6,6,3,-1,-1,1560,2,13,VOLVO C30,-1,-1,0,-1
2023141273982,2023,141273982,1,9,0,2,2,1,5,0,0,0,0,0,0,0,2,1,5,6,1,59,9,1560,2,13,VOLVO C30,8,E01007606,0,-1
2023061345272,2023,061345272,1,9,0,16,19,1,6,0,0,0,0,0,0,0,1,1,5,6,1,38,7,1560,2,13,VOLVO C30,1,E01005485,0,-1
202360A030708,2023,60A030708,2,9,0,18,19,4,8,0,0,1,0,0,0,0,1,1,6,6,1,18,4,1560,2,13,VOLVO C30,-1,-1,0,-1
2023010471981,2023,010471981,2,9,0,18,19,1,5,0,0,0,0,0,0,0,2,1,6,6,1,51,8,1997,2,15,VOLVO C30,3,E01027865,0,-1
2023522300900,2023,522300900,2,9,0,18,19,5,1,0,0,3,0,0,0,0,2,1,6,6,2,62,9,1560,2,13,VOLVO C30,10,E01032675,0,-1
2023131294845,2023,131294845,2,9,0,18,19,4,8,0,0,1,1,0,1,0,1,1,5,6,1,57,9,1999,1,11,VOLVO C30,7,E01011511,0,-1
2023161319152,2023,161319152,2,9,0,18,19,1,5,0,0,4,0,0,0,0,1,1,6,6,2,-1,-1,1596,1,14,VOLVO C30,-1,-1,0,-1
2023201410063,2023,201410063,1,9,0,18,19,7,3,0,0,8,0,0,0,0,1,1,2,2,1,31,6,1560,2,12,VOLVO C30,2,W01001406,0,-1
2023031285933,2023,031285933,1,9,0,16,19,7,3,0,0,0,0,0,0,0,1,1,2,2,1,20,4,1560,2,14,VOLVO C30,6,E01027570,0,-1
2023311265975,2023,311265975,2,9,0,2,2,5,1,0,0,0,0,0,0,0,4,1,5,6,2,54,8,1560,2,13,VOLVO C30,-1,-1,0,-1
2023320372400,2023,320372400,1,9,0,18,19,5,1,0,0,8,1,0,0,0,1,1,6,6,1,22,5,1997,2,13,VOLVO C30,-1,-1,0,-1
2023071170395,2023,071170395,1,9,0,16,19,1,3,0,0,4,0,0,0,0,1,1,1,1,1,38,7,1997,2,13,VOLVO C30,1,E01033300,0,-1
2023371334063,2023,371334063,3,9,0,2,2,0,0,0,0,0,0,0,0,0,4,1,5,6,1,19,4,1560,2,15,VOLVO C30,6,E01030240,0,-1
2023311344650,2023,311344650,1,9,0,4,4,6,2,0,0,0,0,0,0,0,1,1,6,6,1,20,4,1596,1,16,VOLVO C30,3,E01028020,0,-1
2023231311633,2023,231311633,1,9,0,18,19,7,3,0,0,1,0,0,0,0,2,1,5,6,2,27,6,1560,2,12,VOLVO C30,4,E01031008,0,-1
2023440281611,2023,440281611,1,9,0,9,9,5,3,0,0,6,0,0,0,0,3,1,6,6,2,62,9,1560,2,11,VOLVO C30,4,E01017262,0,-1
2023052300919,2023,052300919,1,9,0,18,19,2,6,0,0,0,0,0,0,0,1,1,6,6,1,21,5,1560,2,13,VOLVO C30,3,E01018548,0,-1
2023070782742,2023,070782742,2,9,0,4,4,6,1,0,0,1,0,0,0,0,3,1,6,6,1,35,6,1596,1,14,VOLVO C30,8,E01026269,0,-1
202360A105105,2023,60A105105,1,9,0,18,19,3,7,0,0,0,1,0,2,7,1,1,6,6,1,40,7,1560,2,13,VOLVO C30,-1,-1,0,-1
2023520300955,2023,520300955,2,9,0,18,19,2,6,0,0,5,0,7,0,0,1,1,6,6,1,19,4,1997,2,15,VOLVO C30,4,E01029136,0,-1
2023141300587,2023,141300587,1,9,0,9,9,2,7,0,0,2,0,0,0,0,1,1,6,6,1,33,6,1997,2,13,VOLVO C30,8,E01007994,0,-1
2023302300667,2023,302300667,1,9,0,4,4,2,4,0,0,1,0,0,0,0,1,1,6,6,1,50,8,1560,2,13,VOLVO C30,1,E01019728,0,-1
2023010425743,2023,010425743,1,9,0,99,99,9,9,99,99,9,9,99,9,99,9,9,2,2,2,25,5,1596,1,15,VOLVO C30,6,E01033571,0,-1
2023201387671,2023,201387671,1,9,0,18,19,1,5,0,0,0,0,0,0,0,1,1,6,6,1,69,10,2435,1,15,VOLVO C30,-1,-1,0,-1
2023451325489,2023,451325489,1,9,0,18,19,1,5,0,0,0,1,0,1,4,1,1,5,6,1,42,7,2000,1,19,-1,10,E01030821,0,-1
2023161330029,2023,161330029,2,9,0,16,19,5,1,0,0,0,0,0,0,0,1,1,5,6,1,29,6,1995,1,6,ALFA ROMEO STELVIO,-1,-1,0,-1
2023010483821,2023,010483821,4,9,0,18,19,5,1,0,0,2,0,0,8,10,4,1,6,6,1,24,5,2891,1,4,ALFA ROMEO STELVIO,-1,-1,0,-1
2023421335612,2023,421335612,1,9,0,18,19,5,1,0,0,1,0,0,0,0,1,1,6,6,1,-1,-1,1995,1,1,ALFA ROMEO STELVIO,-1,-1,0,-1
2023461323109,2023,461323109,2,9,0,18,19,8,4,0,0,8,0,0,0,0,1,1,1,1,1,58,9,1955,1,4,ALFA ROMEO STELVIO,8,E01024434,0,-1
2023010450423,2023,010450423,2,9,0,99,99,9,9,99,99,9,9,99,9,99,9,9,6,6,1,42,7,1955,1,5,ALFA ROMEO STELVIO,3,E01033704,0,-1
2023010458565,2023,010458565,1,9,0,13,13,1,5,0,0,8,1,0,0,0,3,1,6,6,1,22,5,2143,2,4,ALFA ROMEO STELVIO,3,E01004427,0,-1
2023320033140,2023,320033140,1,9,0,18,19,8,4,0,0,0,0,0,0,0,4,1,1,1,1,48,8,1955,1,5,ALFA ROMEO STELVIO,8,E01013421,0,-1
2023991355830,2023,991355830,1,9,0,17,19,8,4,0,0,0,1,0,7,11,1,1,5,6,1,42,7,2891,1,4,ALFA ROMEO STELVIO,10,E01023695,0,-1
2023010427616,2023,010427616,2,9,0,5,5,3,7,0,0,2,0,0,0,0,1,1,6,6,1,27,6,2891,1,5,ALFA ROMEO STELVIO,2,E01003633,0,-1
2023010453755,2023,010453755,1,9,0,99,99,9,9,99,99,9,9,99,9,99,9,9,6,6,1,80,11,2891,1,1,ALFA ROMEO STELVIO,2,E01002872,0,-1
2023070405706,2023,070405706,1,9,0,18,19,5,7,0,0,0,0,0,0,0,3,1,6,6,1,-1,-1,1995,1,4,ALFA ROMEO STELVIO,8,E01018661,0,-1
2023010432811,2023,010432811,1,9,0,17,19,5,1,0,0,1,5,10,0,0,1,1,6,6,1,25,5,1955,1,5,ALFA ROMEO STELVIO,6,E01000238,0,-1
2023411399489,2023,411399489,1,9,0,7,7,1,7,0,0,6,0,0,0,0,1,1,6,6,1,60,9,2891,1,2,ALFA ROMEO STELVIO,9,E01023442,0,-1
202360A046817,2023,60A046817,1,9,0,18,19,7,3,0,0,0,0,0,0,0,4,1,6,6,2,79,11,1968,2,7,AUDI Q3,-1,-1,0,-1
202360A034019,2023,60A034019,1,9,0,6,6,7,7,0,0,0,0,0,0,0,1,1,6,6,1,90,11,1968,2,6,AUDI Q3,-1,-1,0,-1
2023461393517,2023,461393517,1,9,0,16,19,3,3,0,0,0,1,10,2,7,1,1,5,6,1,42,7,1968,2,7,AUDI Q3,1,E01024597,0,-1
2023471367961,2023,471367961,2,9,0,18,19,6,2,0,0,0,0,0,1,0,1,1,5,6,2,34,6,1968,2,6,AUDI Q3,6,E01016933,0,-1
2023010473880,2023,010473880,2,9,0,99,99,9,9,99,99,6,9,99,9,99,9,9,6,6,3,-1,-1,1968,2,6,AUDI Q3,-1,-1,0,-1
2023061370352,2023,061370352,3,9,0,16,19,6,1,0,0,8,0,0,0,0,1,1,6,6,2,56,9,1498,1,1,AUDI Q3,8,E01005329,0,-1
2023461395739,2023,461395739,1,9,0,9,9,5,1,0,0,8,0,0,0,0,1,1,3,7,2,45,7,1968,2,8,AUDI Q3,3,E01016146,0,-1
2023371316740,2023,371316740,1,9,0,18,19,5,1,0,0,8,0,0,0,0,1,1,5,6,1,20,4,1968,2,11,AUDI Q3,9,E01030072,0,-1
2023302300545,2023,302300545,2,9,0,16,19,8,4,0,0,0,0,0,0,0,2,1,6,6,2,26,6,1968,2,10,AUDI Q3,6,E01013491,0,-1
2023471344729,2023,471344729,2,9,0,3,3,7,3,0,0,1,0,0,0,0,2,1,5,6,2,46,8,1395,1,6,AUDI Q3,4,E01016856,0,-1
2023161273544,2023,161273544,2,9,0,2,2,0,0,0,0,1,0,0,0,0,2,1,6,6,3,-1,-1,1968,2,9,AUDI Q3,-1,-1,0,-1
2023371314856,2023,371314856,1,9,0,9,9,4,7,0,0,1,0,0,0,0,1,1,5,6,1,87,11,1395,1,5,AUDI Q3,6,E01030150,0,-1
2023221383785,2023,221383785,1,9,0,18,19,6,2,0,0,0,0,0,0,0,4,1,6,6,1,72,10,1968,2,9,AUDI Q3,6,E01032179,0,-1
2023010477807,2023,010477807,2,9,0,99,99,9,9,99,99,9,9,99,9,99,1,9,6,6,3,64,9,1968,2,5,AUDI Q3,9,E01021517,0,-1
2023411346440,2023,411346440,1,9,0,11,11,3,6,0,0,3,0,0,0,0,1,1,6,6,2,61,9,1968,2,8,AUDI Q3,8,E01031993,0,-1
2023631319798,2023,631319798,2,9,0,18,19,5,8,0,0,1,0,0,0,0,1,1,5,6,1,66,10,1498,1,4,AUDI Q3,2,E01010400,0,-1
2023631389563,2023,631389563,2,9,0,16,19,1,5,0,0,0,0,0,0,0,1,1,5,6,2,71,10,1968,2,8,AUDI Q3,7,W01000523,0,-1
2023430231964,2023,430231964,1,9,0,18,19,2,6,0,0,0,0,0,0,0,1,1,6,6,1,74,10,1984,1,3,AUDI Q3,9,E01017877,0,-1
2023991337688,2023,991337688,1,9,0,18,19,2,6,0,0,0,0,4,1,3,1,1,6,6,2,38,7,1968,2,8,AUDI Q3,7,-1,0,-1
2023010462452,2023,010462452,2,9,0,18,19,3,7,0,0,1,0,0,0,0,2,9,6,6,3,-1,-1,1498,1,3,AUDI Q3,-1,-1,0,-1
2023010421501,2023,010421501,1,9,0,9,9,7,4,9,9,2,0,0,1,5,1,1,6,6,2,27,6,1498,1,4,AUDI Q3,-1,-1,0,-1
2023471356230,2023,471356230,1,9,0,7,7,3,5,0,0,1,0,0,0,0,1,1,2,2,2,52,8,1968,2,7,AUDI Q3,5,E01031467,0,-1
202360A165566,2023,60A165566,1,9,0,2,2,0,0,0,0,1,0,0,0,0,2,1,6,6,2,50,8,1968,2,7,AUDI Q3,-1,-1,0,-1
2023430438792,2023,430438792,2,9,0,13,13,6,2,0,0,0,0,0,0,0,4,1,6,6,1,-1,-1,1498,1,0,AUDI Q3,10,E01016289,0,-1
2023131268424,2023,131268424,2,9,0,4,4,5,1,0,0,0,0,0,0,0,2,1,5,6,2,32,6,1968,2,7,AUDI Q3,7,E01007827,0,-1
2023131365270,2023,131365270,2,9,0,18,19,4,8,0,0,8,0,0,0,0,4,1,6,6,2,36,7,1968,2,8,AUDI Q3,6,E01011728,0,-1
2023461384979,2023,461384979,1,9,0,18,19,3,7,0,0,0,0,0,1,4,1,1,5,6,2,33,6,1968,2,9,AUDI Q3,8,E01024354,0,-1
2023010432711,2023,010432711,2,9,0,99,99,9,9,99,99,9,9,99,9,99,2,9,6,6,3,-1,-1,1395,1,5,AUDI Q3,10,-1,0,-1
2023361282627,2023,361282627,2,9,0,-1,-1,-1,-1,-1,-1,0,-1,-1,-1,0,-1,1,5,6,2,63,9,1968,2,7,AUDI Q3,6,E01026675,0,-1
2023421314393,2023,421314393,1,9,0,18,19,5,1,0,0,0,5,4,0,0,1,1,6,6,2,34,6,1968,2,9,AUDI Q3,-1,-1,0,-1
2023010452693,2023,010452693,1,9,0,5,5,8,4,0,0,0,0,0,0,0,1,1,6,6,2,35,6,1498,1,2,AUDI Q3,4,E01000611,0,-1
2023421355077,2023,421355077,2,9,0,2,2,-1,-1,0,0,0,0,0,0,0,4,1,5,6,1,41,7,1498,1,2,AUDI Q3,7,E01021752,0,-1
2023131348594,2023,131348594,2,9,0,18,19,5,1,0,0,1,1,11,7,11,1,1,6,6,3,-1,-1,1968,2,2,AUDI Q3,-1,-1,0,-1
2023991365426,2023,991365426,1,9,0,5,5,6,2,0,0,8,0,0,7,0,4,1,5,6,2,65,9,1968,2,10,AUDI Q3,5,-1,0,-1
2023161355819,2023,161355819,3,9,0,4,4,6,2,0,0,0,0,0,0,0,0,1,5,6,2,36,7,1498,1,0,AUDI Q3,-1,-1,0,-1
2023122301255,2023,122301255,1,9,0,18,19,6,2,0,0,0,0,0,1,11,1,1,6,6,1,25,5,1968,2,7,AUDI Q3,2,E01010619,0,-1
2023010476380,2023,010476380,1,9,0,99,99,9,9,99,99,0,9,99,9,99,2,9,6,6,2,40,7,1984,1,10,AUDI Q3,2,E01032565,0,-1
2023061392045,2023,061392045,1,9,0,18,19,6,6,0,0,1,0,0,0,0,3,1,6,6,1,44,7,1968,2,11,AUDI Q3,-1,-1,0,-1
2023010446343,2023,010446343,1,9,0,4,4,3,7,9,9,6,0,4,7,4,1,1,6,6,1,84,11,1984,1,11,AUDI Q3,3,E01000032,0,-1
2023461380186,2023,461380186,3,9,0,18,19,5,2,0,0,2,0,0,0,0,1,1,6,6,2,38,7,1968,2,6,AUDI Q3,10,E01024464,0,-1
2023421392436,2023,421392436,2,9,0,18,19,4,8,0,0,0,0,0,1,4,1,1,5,6,2,74,10,1498,1,2,AUDI Q3,9,E01021899,0,-1
2023411399498,2023,411399498,1,9,0,2,2,0,0,0,0,0,0,0,0,0,3,1,5,6,1,72,10,1395,1,8,AUDI Q3,6,E01000273,0,-1
2023501320995,2023,501320995,5,9,0,3,3,2,6,0,0,0,0,0,0,0,2,1,6,6,1,70,10,1968,2,10,AUDI Q3,9,E01019900,0,-1
2023501342781,2023,501342781,2,9,0,18,19,7,3,0,0,1,0,0,7,0,1,1,1,1,2,34,6,1968,2,10,AUDI Q3,5,E01018960,0,-1
2023461360002,2023,461360002,1,9,0,18,19,2,4,0,0,0,0,0,0,0,-1,1,5,6,2,-1,-1,1498,1,2,AUDI Q3,-1,-1,0,-1
2023010474477,2023,010474477,2,9,0,99,99,9,9,99,99,0,9,99,9,99,1,9,6,6,3,66,10,1984,1,5,AUDI Q3,8,E01002334,0,-1