collision_index,collision_year,collision_ref_no,vehicle_reference,vehicle_type,towing_and_articulation,vehicle_manoeuvre_historic,vehicle_manoeuvre,vehicle_direction_from,vehicle_direction_to,vehicle_location_restricted_lane_historic,vehicle_location_restricted_lane,junction_location,skidding_and_overturning,hit_object_in_carriageway,vehicle_leaving_carriageway,hit_object_off_carriageway,first_point_of_impact,vehicle_left_hand_drive,journey_purpose_of_driver_historic,journey_purpose_of_driver,sex_of_driver,age_of_driver,age_band_of_driver,engine_capacity_cc,propulsion_code,age_of_vehicle,generic_make_model,driver_imd_decile,lsoa_of_driver,escooter_flag,driver_distance_banding
2023461331573,2023,461331573,3,9,0,5,5,5,1,0,0,0,0,0,0,0,1,1,6,6,1,55,8,1395,1,7,AUDI Q3,8,E01021086,0,-1
2023401328519,2023,401328519,1,9,0,16,19,3,7,0,0,0,0,0,0,0,2,1,6,6,2,45,7,1968,2,11,AUDI Q3,9,E01018181,0,-1
2023010432233,2023,010432233,2,9,0,99,99,9,9,99,99,9,9,99,9,99,1,9,6,6,3,-1,-1,1968,2,5,AUDI Q3,-1,-1,0,-1
2023991283815,2023,991283815,1,9,0,10,10,4,2,0,0,0,0,0,0,0,2,1,5,6,2,35,6,1968,2,10,AUDI Q3,7,E01025279,0,-1
202354B421923,2023,54B421923,2,9,0,3,3,1,5,0,0,1,0,0,0,0,2,1,6,6,2,39,7,1968,2,11,AUDI Q3,6,E01032078,0,-1
2023010447444,2023,010447444,1,9,0,99,99,9,9,99,99,0,9,99,9,99,2,9,6,6,2,48,8,1968,2,7,AUDI Q3,2,E01004041,0,-1
2023221299265,2023,221299265,1,9,0,13,13,5,1,0,0,0,0,0,0,0,3,1,5,6,2,55,8,1984,1,11,AUDI Q3,9,E01028911,0,-1
2023332300418,2023,332300418,1,9,0,13,13,2,6,0,0,8,0,0,0,0,4,1,6,6,2,32,6,1968,2,10,AUDI Q3,4,W01000773,0,-1
2023991377136,2023,991377136,1,9,0,5,5,6,2,0,0,6,0,0,0,0,1,1,5,6,2,33,6,1968,2,9,AUDI Q3,4,-1,0,-1
2023430255113,2023,430255113,1,9,0,18,19,2,6,0,0,2,0,0,0,0,3,1,2,2,2,42,7,1984,1,11,AUDI Q3,5,E01016479,0,-1
2023161366019,2023,161366019,2,9,0,5,5,5,1,0,0,6,0,0,0,0,4,1,5,6,2,39,7,1968,2,7,AUDI Q3,1,E01012850,0,-1
2023071200407,2023,071200407,3,9,0,16,19,4,8,0,0,8,0,0,0,0,1,1,3,7,2,59,9,1984,1,5,AUDI Q3,9,E01018368,0,-1
2023010447400,2023,010447400,2,9,0,99,99,9,9,99,99,9,9,99,9,99,9,9,6,6,3,-1,-1,1498,1,2,AUDI Q3,-1,-1,0,-1
2023010440161,2023,010440161,2,9,0,9,9,2,8,0,0,1,1,0,0,0,2,1,1,1,1,33,6,1395,1,7,AUDI Q3,-1,-1,0,-1
2023991276693,2023,991276693,2,9,0,9,9,7,5,0,0,1,0,0,0,0,4,1,6,6,2,48,8,1968,2,7,AUDI Q3,1,-1,0,-1
2023131351001,2023,131351001,2,9,0,2,2,0,0,9,9,0,0,0,0,0,1,1,6,6,3,-1,-1,1968,2,9,AUDI Q3,-1,-1,0,-1
2023411354101,2023,411354101,2,9,0,18,19,6,8,0,0,3,0,0,0,0,2,1,6,6,1,29,6,1498,1,1,AUDI Q3,9,E01023946,0,-1
2023520400571,2023,520400571,1,9,0,18,19,5,8,0,0,8,0,0,0,0,4,1,6,6,2,58,9,1395,1,8,AUDI Q3,8,E01029245,0,-1
2023131258685,2023,131258685,2,9,0,-1,-1,-1,-1,-1,-1,-1,-1,-1,-1,-1,-1,1,6,6,2,23,5,1968,2,7,AUDI Q3,3,E01011040,0,-1
2023311329626,2023,311329626,2,9,0,9,9,1,5,0,0,4,0,0,0,0,1,1,6,6,3,-1,-1,1968,2,9,AUDI Q3,-1,-1,0,-1
2023010437564,2023,010437564,1,9,0,18,19,3,7,0,0,0,0,11,0,0,4,1,6,6,1,33,6,1498,1,1,AUDI Q3,5,E01000281,0,-1
2023010433286,2023,010433286,1,9,0,99,99,9,9,99,99,9,9,99,9,99,2,9,2,2,2,60,9,1498,1,2,AUDI Q3,3,E01002568,0,-1
2023201316714,2023,201316714,2,9,0,18,19,2,8,0,0,8,1,10,0,0,3,1,6,6,2,25,5,1968,2,11,AUDI Q5,1,E01032434,0,-1
2023421346060,2023,421346060,2,9,0,5,5,7,5,0,0,0,0,0,0,0,3,1,6,6,1,30,6,2967,2,12,AUDI Q5,-1,-1,0,-1
2023010443472,2023,010443472,3,9,0,18,19,3,7,0,0,8,1,10,1,11,3,1,6,6,2,65,9,1968,2,3,AUDI Q5,9,E01002539,0,-1
2023010468594,2023,010468594,2,9,0,99,99,9,9,99,99,9,9,99,9,99,9,9,6,6,3,-1,-1,1968,2,10,AUDI Q5,3,E01002552,0,-1
2023332301238,2023,332301238,1,9,0,17,19,3,8,0,0,0,0,0,1,4,1,1,6,6,2,42,7,1968,2,5,AUDI Q5,6,E01025815,0,-1
2023411361920,2023,411361920,2,9,0,8,8,-1,-1,0,0,1,0,0,0,0,2,1,3,7,2,45,7,2967,2,12,AUDI Q5,10,E01002437,0,-1
2023010449385,2023,010449385,2,9,0,99,99,9,9,99,99,9,9,99,9,99,9,9,6,6,3,-1,-1,1968,2,6,AUDI Q5,-1,-1,0,-1
2023101278836,2023,101278836,2,9,0,9,9,3,1,0,0,4,0,0,0,0,4,1,6,6,2,45,7,1968,2,6,AUDI Q5,2,E01027461,0,-1
2023010434875,2023,010434875,2,9,0,18,19,7,3,0,0,6,0,0,0,0,0,1,6,6,2,-1,-1,1984,1,6,AUDI Q5,7,E01000797,0,-1
2023471311895,2023,471311895,2,9,0,17,19,4,1,6,6,2,1,0,0,0,1,1,5,6,1,61,9,1984,1,2,AUDI Q5,6,E01031529,0,-1
2023041378996,2023,041378996,1,9,0,18,19,1,5,0,0,0,0,0,0,0,0,1,5,6,2,25,5,1968,2,5,AUDI Q5,4,E01012712,0,-1
2023461380985,2023,461380985,2,9,0,18,19,1,5,0,0,0,0,0,0,0,1,1,6,6,2,61,9,1968,2,3,AUDI Q5,8,E01032812,0,-1
2023461349929,2023,461349929,1,9,0,5,5,5,1,0,0,4,0,0,0,0,1,1,6,6,2,32,6,1968,2,0,AUDI Q5,5,E01024342,0,-1
2023041280675,2023,041280675,2,9,0,13,13,1,5,0,0,0,0,0,0,0,4,1,5,6,2,42,7,1968,2,4,AUDI Q5,10,E01005741,0,-1
2023061271700,2023,061271700,3,9,-1,-1,-1,-1,-1,-1,-1,0,-1,-1,-1,0,-1,1,6,6,2,52,8,1968,2,1,AUDI Q5,10,E01004950,0,-1
2023041365024,2023,041365024,2,9,0,18,19,7,3,0,0,1,0,0,0,0,2,1,5,6,2,42,7,1968,2,3,AUDI Q5,1,E01025396,0,-1
2023471347664,2023,471347664,1,9,0,18,19,5,1,0,0,1,0,0,0,0,1,1,6,6,2,46,8,1968,2,10,AUDI Q5,8,E01021143,0,-1
2023421356639,2023,421356639,1,9,0,9,9,7,5,0,0,8,0,0,0,0,1,1,5,6,1,30,6,1984,1,1,AUDI Q5,5,E01001859,0,-1
2023010437253,2023,010437253,2,9,9,99,99,9,9,99,99,9,9,99,9,99,9,9,6,6,3,-1,-1,1968,2,5,AUDI Q5,-1,-1,0,-1
2023101340961,2023,101340961,2,9,0,3,3,8,4,0,0,8,0,0,0,0,2,1,6,6,2,32,6,1968,2,9,AUDI Q5,4,E01027421,0,-1
2023010446920,2023,010446920,1,9,0,18,19,3,7,0,0,1,0,0,1,0,1,1,6,6,1,63,9,1984,1,8,AUDI Q5,6,E01000318,0,-1
2023010432783,2023,010432783,2,9,0,18,19,1,5,0,0,6,0,0,0,0,1,1,6,6,1,23,5,1968,2,8,AUDI Q5,1,E01001811,0,-1
2023451370886,2023,451370886,1,9,0,4,4,3,7,0,0,0,0,0,0,0,2,1,5,6,2,40,7,1968,2,13,AUDI Q5,9,E01031582,0,-1
2023451321731,2023,451321731,2,9,0,2,2,7,3,0,0,0,0,0,0,0,2,1,5,6,1,56,9,1984,1,14,AUDI Q5,10,E01030727,0,-1
2023131363320,2023,131363320,2,9,0,18,19,5,1,9,9,0,0,0,0,0,1,1,3,7,2,42,7,1968,2,9,AUDI Q5,-1,-1,0,-1
2023061269285,2023,061269285,1,9,0,18,19,3,7,0,0,0,0,0,0,0,1,1,6,6,1,43,7,1968,2,4,AUDI Q5,-1,-1,0,-1
2023061273883,2023,061273883,2,9,0,3,3,8,4,0,0,1,0,0,0,0,2,1,5,6,1,47,8,2967,2,12,AUDI Q5,9,E01006080,0,-1
2023010441289,2023,010441289,2,9,0,5,5,3,7,0,0,0,0,0,0,0,0,2,6,6,2,35,6,1968,2,6,AUDI Q5,6,E01001401,0,-1
2023991280610,2023,991280610,2,9,0,3,3,2,5,0,0,1,0,0,0,0,3,1,5,6,1,65,9,1968,2,0,AUDI Q5,9,-1,0,-1
2023031260958,2023,031260958,9,9,0,18,19,5,1,0,0,0,1,1,0,0,1,1,6,6,1,64,9,1968,2,4,AUDI Q5,5,E01022435,0,-1
2023041356290,2023,041356290,1,9,0,18,19,1,5,0,0,0,0,0,0,0,4,1,5,6,1,48,8,1968,2,4,AUDI Q5,10,E01025403,0,-1
2023461268673,2023,461268673,1,9,0,18,19,7,3,0,0,0,0,0,0,0,1,1,6,6,2,29,6,1968,2,5,AUDI Q5,8,E01024642,0,-1
2023501338996,2023,501338996,2,9,0,18,19,6,2,0,0,8,0,0,0,0,1,1,5,6,1,33,6,1968,2,14,AUDI Q5,5,E01027100,0,-1
2023211353330,2023,211353330,3,9,0,3,3,6,2,0,0,0,0,0,0,0,2,1,6,6,1,55,8,1984,8,0,AUDI Q5,8,E01018586,0,-1
2023010478450,2023,010478450,1,9,0,99,99,9,9,99,99,9,9,99,9,99,2,9,1,1,2,42,7,1984,1,7,AUDI Q5,2,E01000065,0,-1
2023430319939,2023,430319939,1,9,0,5,5,8,4,0,0,1,0,0,0,0,1,1,2,2,1,32,6,1968,2,10,AUDI Q5,2,E01033499,0,-1
2023131329970,2023,131329970,2,9,0,2,2,0,0,0,0,8,0,4,0,0,3,1,5,6,2,54,8,1968,2,2,AUDI Q5,6,E01011062,0,-1
2023201414278,2023,201414278,1,9,0,18,19,4,8,0,0,0,0,4,0,0,1,1,6,6,1,31,6,1968,2,12,AUDI Q5,1,E01009272,0,-1
2023221323127,2023,221323127,2,9,0,8,8,5,7,0,0,1,0,0,0,0,2,1,5,6,1,49,8,1968,2,10,AUDI Q5,8,W01000375,0,-1
2023401364579,2023,401364579,1,9,0,16,19,5,1,0,0,0,0,0,1,1,1,1,5,6,1,34,6,1968,2,9,AUDI Q5,6,E01023606,0,-1
2023131312353,2023,131312353,1,9,0,7,7,1,8,0,0,0,0,0,1,0,1,1,5,6,1,76,11,1968,2,5,AUDI Q5,-1,-1,0,-1
2023351401634,2023,351401634,2,9,0,9,9,5,3,0,0,6,0,0,0,0,1,1,5,6,1,60,9,1984,1,2,AUDI Q5,6,E01018053,0,-1
2023141377717,2023,141377717,1,9,0,18,19,5,1,0,0,1,0,0,0,0,1,1,6,6,1,28,6,1968,2,9,AUDI Q5,2,E01008014,0,-1
2023531335945,2023,531335945,2,9,0,16,19,3,7,0,0,0,0,0,0,0,1,1,3,7,2,35,6,1968,2,5,AUDI Q5,10,E01022181,0,-1
2023010480762,2023,010480762,1,9,0,16,19,5,1,0,0,4,0,0,0,0,2,1,6,6,2,41,7,1984,1,2,AUDI Q5,8,E01000669,0,-1
2023501400207,2023,501400207,2,9,0,18,19,2,6,0,0,0,0,0,0,0,1,1,5,6,1,52,8,1984,8,1,AUDI Q5,8,E01016252,0,-1
2023041299980,2023,041299980,1,9,0,13,13,7,3,0,0,8,1,0,0,0,1,1,5,6,1,72,10,1968,2,8,AUDI Q5,10,E01027615,0,-1
2023421334124,2023,421334124,3,9,0,2,2,0,0,5,5,0,0,0,0,0,1,1,6,6,3,-1,-1,1984,1,8,AUDI Q5,-1,-1,0,-1
2023461379988,2023,461379988,2,9,0,3,3,5,1,0,0,0,0,0,0,0,2,1,6,6,2,43,7,1968,2,9,AUDI Q5,7,E01024740,0,-1
2023401374360,2023,401374360,2,9,0,99,99,6,2,0,0,0,0,0,0,0,4,1,5,6,1,33,6,1968,2,8,AUDI Q5,5,E01015780,0,-1
2023010420870,2023,010420870,1,9,0,99,99,9,9,0,0,8,0,0,0,0,4,1,6,6,1,38,7,1968,2,13,AUDI Q5,6,E01002601,0,-1
2023351287821,2023,351287821,1,9,0,6,6,1,1,0,0,0,0,0,0,0,3,1,2,2,1,31,6,1968,2,9,AUDI Q5,6,E01015671,0,-1
2023631359460,2023,631359460,1,9,0,18,19,1,5,0,0,1,0,11,0,0,3,1,6,6,2,46,8,1984,1,14,AUDI Q5,10,W01000726,0,-1
2023010460022,2023,010460022,2,9,9,99,99,9,9,99,99,6,9,99,9,99,1,9,6,6,3,-1,-1,1968,2,4,AUDI Q5,-1,-1,0,-1
2023131369241,2023,131369241,1,9,0,5,5,5,6,0,0,8,0,0,0,0,3,1,6,6,1,52,8,1984,8,3,AUDI Q5,-1,-1,0,-1
2023351363628,2023,351363628,1,9,0,5,5,1,7,8,6,0,0,11,0,0,1,1,5,6,1,34,6,1984,1,0,AUDI Q5,9,E01017417,0,-1
2023311329874,2023,311329874,1,9,0,18,19,7,3,0,0,0,0,0,0,0,3,1,1,1,1,58,9,1968,2,5,AUDI Q5,9,E01019486,0,-1
2023161277566,2023,161277566,1,9,0,4,4,5,1,0,0,0,0,0,0,0,2,1,6,6,1,31,6,1968,2,13,AUDI Q5,4,E01013207,0,-1
2023371321694,2023,371321694,3,9,0,18,19,7,3,0,0,0,0,0,0,0,1,1,5,6,1,54,8,1984,1,1,AUDI Q5,-1,-1,0,-1
2023010453949,2023,010453949,2,9,0,99,99,9,9,99,99,9,9,99,9,99,1,9,6,6,2,-1,-1,1984,1,3,AUDI Q5,-1,-1,0,-1
2023010477986,2023,010477986,1,9,0,3,3,7,3,0,0,1,0,4,0,0,2,1,6,6,2,31,6,1968,2,2,AUDI Q5,2,E01033146,0,-1
2023010440746,2023,010440746,1,9,3,18,19,5,1,0,0,8,0,4,0,0,3,1,6,6,1,23,5,2967,2,15,AUDI Q5,-1,-1,0,-1
2023440132635,2023,440132635,2,9,0,18,19,3,7,0,0,1,0,0,0,0,1,1,2,2,2,39,7,1968,2,2,AUDI Q5,8,E01022569,0,-1
2023041317430,2023,041317430,1,9,0,16,19,3,7,0,0,0,1,0,0,0,1,1,5,6,2,37,7,1984,8,3,AUDI Q5,1,E01033231,0,-1
2023010474635,2023,010474635,3,9,0,2,2,0,0,0,0,0,0,0,0,0,3,1,6,6,3,-1,-1,1968,2,2,AUDI Q5,-1,-1,0,-1
2023010485508,2023,010485508,2,9,0,99,99,9,9,99,99,0,9,99,9,99,9,1,6,6,3,-1,-1,1968,2,12,AUDI Q5,-1,-1,0,-1
2023010439718,2023,010439718,1,9,0,18,19,1,5,0,0,0,0,0,0,0,1,1,6,6,1,49,8,2967,2,14,AUDI Q5,5,E01003953,0,-1
2023161305280,2023,161305280,2,9,0,18,19,2,6,0,0,1,0,0,0,0,1,1,5,6,2,41,7,1968,2,2,AUDI Q5,7,E01013024,0,-1
2023070118120,2023,070118120,1,9,0,18,19,7,3,0,0,8,0,0,0,0,3,1,2,2,1,61,9,1984,1,5,AUDI Q5,6,E01018749,0,-1
2023101391540,2023,101391540,1,9,0,18,19,3,7,0,0,2,0,0,0,0,1,1,6,6,1,59,9,1968,2,2,AUDI Q5,8,E01008527,0,-1
2023461327856,2023,461327856,1,9,0,9,9,5,3,0,0,1,0,0,0,0,1,1,2,2,1,63,9,2967,2,9,AUDI Q5,9,E01024431,0,-1
2023520400387,2023,520400387,1,9,0,18,19,6,4,0,0,8,0,0,0,0,1,1,6,6,2,49,8,1968,2,6,AUDI Q5,9,E01029258,0,-1
2023101286426,2023,101286426,1,9,0,4,4,7,3,0,0,1,0,0,0,0,4,1,2,2,2,58,9,1984,1,2,AUDI Q5,-1,-1,0,-1
2023451329525,2023,451329525,1,9,0,18,19,7,3,0,0,0,0,0,0,0,2,1,6,6,2,40,7,1968,2,5,AUDI Q5,8,E01030422,0,-1
2023991327522,2023,991327522,1,9,0,18,19,4,8,0,0,0,0,0,0,0,1,1,5,6,2,55,8,1968,2,6,AUDI Q5,1,-1,0,-1
2023440354450,2023,440354450,1,9,0,7,7,8,2,0,0,0,0,0,0,0,1,1,6,6,1,-1,-1,2967,2,7,AUDI Q5,-1,-1,0,-1
2023201321926,2023,201321926,2,9,0,8,8,2,5,0,0,1,0,0,0,0,3,1,2,2,2,44,7,1968,2,7,AUDI Q5,7,E01032170,0,-1
2023471349870,2023,471349870,2,9,0,17,19,3,3,0,0,1,0,0,0,0,4,1,3,7,2,34,6,1984,1,11,AUDI Q5,10,E01021202,0,-1
2023320008448,2023,320008448,1,9,0,18,19,6,2,0,0,4,0,0,0,0,3,1,3,7,2,37,7,1968,2,8,AUDI Q5,-1,-1,0,-1
2023010429253,2023,010429253,2,9,0,6,6,1,1,0,0,0,0,0,0,0,3,1,6,6,2,50,8,1968,2,11,AUDI Q5,2,E01001112,0,-1
2023461365846,2023,461365846,2,9,0,2,2,0,0,0,0,0,0,0,0,0,2,1,3,7,2,42,7,1968,2,7,AUDI Q5,1,E01024618,0,-1
2023071025610,2023,071025610,3,9,0,18,19,5,1,0,0,0,0,0,0,0,2,1,6,6,1,-1,-1,1968,2,14,AUDI Q5,9,E01006597,0,-1
2023201415175,2023,201415175,1,9,-1,-1,-1,-1,-1,-1,-1,-1,-1,-1,-1,0,-1,1,6,6,1,36,7,1968,2,7,AUDI Q5,5,E01009245,0,-1
2023131345038,2023,131345038,1,9,0,4,4,7,3,0,0,0,0,0,0,0,2,1,6,6,2,67,10,1968,2,2,AUDI Q5,9,E01011654,0,-1
2023141380769,2023,141380769,1,9,0,4,4,2,5,0,0,1,0,0,0,0,1,1,6,6,2,34,6,1968,2,12,AUDI Q5,1,E01007779,0,-1
2023131329003,2023,131329003,1,9,0,14,14,7,3,0,0,1,0,0,7,0,4,1,6,6,1,32,6,1968,2,7,AUDI Q5,6,E01010969,0,-1
2023070768392,2023,070768392,1,9,0,18,19,1,5,0,0,0,0,0,0,0,1,1,6,6,1,52,8,1968,2,4,AUDI Q5,6,E01006198,0,-1
2023991340400,2023,991340400,2,9,0,18,19,7,3,0,0,0,0,0,0,0,1,2,5,6,2,35,6,1968,2,9,AUDI Q5,-1,-1,0,-1
2023522300971,2023,522300971,2,9,0,9,9,2,8,0,0,5,0,0,0,0,1,1,6,6,1,52,8,1968,2,5,AUDI Q5,6,E01029077,0,-1
2023010439518,2023,010439518,1,9,0,9,9,2,7,0,0,5,0,0,0,0,1,1,6,6,1,44,7,1968,2,14,AUDI Q5,7,E01003817,0,-1
2023131309510,2023,131309510,1,9,0,9,9,5,3,0,0,8,0,0,0,0,1,1,5,6,2,42,7,1968,2,4,AUDI Q5,6,E01010590,0,-1
2023401380313,2023,401380313,1,9,0,9,9,6,2,0,0,6,0,0,0,0,1,1,6,6,2,59,9,1984,1,12,AUDI Q5,5,E01030739,0,-1
2023010454853,2023,010454853,1,9,0,4,4,7,3,0,0,1,1,0,0,0,3,1,3,7,2,36,7,1968,2,3,AUDI Q5,8,E01002291,0,-1
2023421288279,2023,421288279,1,9,0,13,13,5,2,0,0,0,2,0,1,4,1,1,5,6,1,49,8,1968,2,2,AUDI Q5,9,E01021615,0,-1
2023061314582,2023,061314582,2,9,0,18,19,4,8,0,0,0,0,0,0,0,2,1,5,6,1,56,9,1968,2,5,AUDI Q5,9,E01007926,0,-1
2023501329720,2023,501329720,5,9,0,18,19,4,8,0,0,0,0,0,0,0,3,1,5,6,1,48,8,2967,2,11,AUDI Q5,10,E01014428,0,-1
2023070843394,2023,070843394,1,9,0,7,7,5,7,0,0,1,0,0,0,0,1,1,6,6,1,30,6,1968,2,0,AUDI Q5,-1,-1,0,-1
2023552300856,2023,552300856,2,9,0,18,19,2,6,0,0,8,0,0,0,0,1,1,6,6,1,31,6,1984,1,4,AUDI Q5,8,E01015407,0,-1
2023371363343,2023,371363343,2,9,0,4,4,2,6,0,0,2,0,0,0,0,2,1,6,6,2,64,9,1984,8,4,AUDI Q5,5,E01001921,0,-1
2023320122892,2023,320122892,2,9,0,17,19,8,4,0,0,0,0,0,0,0,1,1,6,6,1,69,10,1984,1,5,AUDI Q5,9,E01026118,0,-1
2023061393593,2023,061393593,1,9,0,18,19,7,3,0,0,7,0,0,0,0,1,1,6,6,1,25,5,1968,2,5,AUDI Q5,-1,-1,0,-1
2023010432700,2023,010432700,2,9,0,13,13,6,2,0,0,0,0,0,0,0,4,1,6,6,3,-1,-1,1968,2,13,AUDI Q5,3,E01003209,0,-1
2023542732723,2023,542732723,1,9,0,5,5,7,3,0,0,4,0,0,0,0,1,1,6,6,2,54,8,1968,2,5,AUDI Q5,5,E01031908,0,-1
2023430155172,2023,430155172,1,9,0,18,19,7,3,0,0,2,0,0,0,0,1,1,6,6,2,67,10,1968,2,10,AUDI Q5,7,E01028756,0,-1
2023010421210,2023,010421210,1,9,0,99,99,9,9,99,99,9,9,99,9,99,1,9,6,6,2,38,7,1984,1,2,AUDI Q5,6,E01001408,0,-1
2023131323368,2023,131323368,1,9,0,18,19,3,7,0,0,2,0,0,0,0,3,1,5,6,2,36,7,1968,2,1,AUDI Q5,8,E01011514,0,-1
2023061372171,2023,061372171,1,9,0,5,5,1,5,0,0,0,0,0,0,0,4,2,6,6,3,-1,-1,2967,2,14,AUDI Q5,-1,-1,0,-1
2023451305499,2023,451305499,1,9,0,17,19,5,1,0,0,5,0,0,0,0,3,1,5,6,2,41,7,1968,2,8,AUDI Q5,10,E01030375,0,-1
2023061297838,2023,061297838,1,9,0,9,9,4,8,0,0,2,0,0,0,0,3,2,3,7,2,30,6,1984,1,2,AUDI Q5,-1,-1,0,-1
2023170M30613,2023,170M30613,2,9,0,18,19,3,7,0,0,0,0,0,0,0,1,1,6,6,1,38,7,1968,2,2,AUDI Q5,9,E01012180,0,-1
2023520400740,2023,520400740,2,9,0,18,19,6,2,0,0,0,0,0,0,0,1,1,6,6,1,47,8,1984,8,3,AUDI Q5,8,E01029019,0,-1
2023401281768,2023,401281768,1,9,0,18,19,-1,-1,0,0,0,0,0,0,0,3,1,1,1,1,-1,-1,1984,1,2,AUDI Q5,9,E01017389,0,-1
2023471316749,2023,471316749,1,9,0,18,19,1,5,0,0,0,0,0,0,0,1,1,6,6,2,37,7,1968,2,11,AUDI Q5,3,E01021185,0,-1
2023131316338,2023,131316338,2,9,0,18,19,7,3,0,0,1,0,0,0,0,3,1,5,6,2,47,8,1968,2,8,AUDI Q5,4,E01010878,0,-1
2023010421583,2023,010421583,1,9,0,5,5,0,1,0,0,0,0,0,0,0,0,1,6,6,1,43,7,1968,2,9,AUDI Q5,5,E01000975,0,-1
2023061358484,2023,061358484,1,9,-1,2,2,-1,-1,-1,-1,0,-1,-1,-1,0,4,1,6,6,3,-1,-1,1968,2,8,AUDI Q5,-1,-1,0,-1
2023430182133,2023,430182133,1,9,0,9,9,7,4,0,0,6,0,0,0,0,1,1,2,2,2,30,6,1968,2,2,AUDI Q5,7,E01028795,0,-1
2023421327570,2023,421327570,1,9,0,18,19,3,7,0,0,0,5,0,7,0,1,1,6,6,1,25,5,1968,2,10,AUDI Q5,4,E01033572,0,-1
2023170S20883,2023,170S20883,1,9,0,18,19,7,3,0,0,0,0,0,0,0,1,1,6,6,1,75,10,1968,2,3,AUDI Q5,3,E01032483,0,-1
2023552300142,2023,552300142,2,9,0,4,4,6,2,0,0,0,0,0,0,0,2,1,2,2,2,44,7,1968,2,7,AUDI Q5,10,E01023067,0,-1
2023010443955,2023,010443955,2,9,0,99,99,9,9,99,99,9,9,99,9,99,1,9,6,6,3,-1,-1,1984,1,14,AUDI Q5,-1,-1,0,-1
2023010427108,2023,010427108,2,9,0,4,4,7,3,0,0,0,0,0,0,0,1,1,1,1,1,48,8,1968,2,7,AUDI Q5,3,E01002612,0,-1
2023161341302,2023,161341302,2,9,0,17,19,2,6,0,0,0,0,0,0,0,3,1,5,6,1,61,9,1968,2,3,AUDI Q5,8,E01007891,0,-1
2023141299804,2023,141299804,2,9,0,18,19,7,7,0,0,1,0,0,0,0,1,1,5,6,1,22,5,1968,2,1,AUDI Q5,2,E01007694,0,-1
2023231323107,2023,231323107,2,9,0,7,7,3,6,0,0,5,0,0,0,0,2,1,6,6,1,69,10,1984,1,5,AUDI Q5,7,E01031248,0,-1
2023461266950,2023,461266950,2,9,0,18,19,7,3,0,0,0,0,0,0,0,2,1,6,6,2,36,7,1968,2,2,AUDI Q5,10,E01016050,0,-1
2023201298222,2023,201298222,2,9,0,9,9,8,6,0,0,5,0,0,0,0,3,1,6,6,2,35,6,1968,2,10,AUDI Q5,1,E01008927,0,-1
2023010438277,2023,010438277,1,9,0,9,9,3,1,0,0,5,0,0,0,0,1,1,6,6,2,59,9,1984,1,14,AUDI Q5,4,E01001241,0,-1
2023131384733,2023,131384733,2,9,0,18,19,3,7,0,0,0,0,0,0,0,2,1,6,6,1,33,6,1968,2,12,AUDI Q5,3,E01011048,0,-1
2023010469932,2023,010469932,1,9,0,5,5,3,7,0,0,1,0,0,0,0,1,1,6,6,2,34,6,1984,8,4,AUDI Q5,-1,-1,0,-1
2023501324747,2023,501324747,2,9,0,18,19,5,1,0,0,0,0,0,0,0,2,1,5,6,2,27,6,1968,2,11,AUDI Q5,2,W01000762,0,-1
2023461323190,2023,461323190,2,9,0,4,4,8,4,0,0,0,0,0,0,0,2,1,3,7,1,33,6,1984,1,2,AUDI Q5,7,E01024141,0,-1
2023041287047,2023,041287047,2,9,0,18,19,5,1,0,0,2,0,0,0,0,1,1,5,6,1,42,7,1968,2,8,AUDI Q5,9,E01025242,0,-1
2023010425325,2023,010425325,1,9,0,99,99,9,9,0,0,9,0,0,0,0,3,9,6,6,2,38,7,1984,8,3,AUDI Q5,2,E01004011,0,-1
2023430022436,2023,430022436,1,9,0,9,9,5,3,0,0,5,0,0,0,0,1,1,6,6,2,56,9,1984,1,6,AUDI Q5,9,E01028585,0,-1
2023461332755,2023,461332755,2,9,0,4,4,7,3,0,0,0,0,0,0,0,2,1,6,6,1,43,7,1984,1,0,AUDI Q5,9,E01024431,0,-1
2023010485354,2023,010485354,1,9,0,18,19,3,7,0,0,4,5,9,0,0,1,1,6,6,1,47,8,1968,2,6,AUDI Q5,3,E01002402,0,-1
2023451384197,2023,451384197,1,9,0,17,19,7,5,0,0,0,0,0,1,0,1,1,6,6,1,36,7,1984,1,0,AUDI Q5,9,E01030835,0,-1
2023351315794,2023,351315794,1,9,0,18,19,7,3,0,0,0,1,0,0,0,1,1,6,6,2,40,7,1968,2,6,AUDI Q5,7,E01017516,0,-1
2023231297416,2023,231297416,1,9,0,18,19,5,7,8,6,4,2,11,1,2,1,1,6,6,1,30,6,1984,1,3,AUDI Q5,4,E01031073,0,-1
2023340WN5542,2023,340WN5542,2,9,0,18,19,5,1,0,0,0,0,0,0,0,1,1,6,6,2,29,6,1984,1,11,AUDI Q5,4,E01009071,0,-1
2023010464010,2023,010464010,2,9,0,99,99,9,9,99,99,9,9,99,9,99,9,9,6,6,1,48,8,1968,2,2,AUDI Q5,2,E01014236,0,-1
2023010431651,2023,010431651,2,9,0,5,5,0,1,0,0,8,0,0,0,0,4,1,6,6,2,45,7,2967,2,7,AUDI Q5,8,E01000175,0,-1
2023440075490,2023,440075490,2,9,0,5,5,6,2,0,0,1,0,0,0,0,0,1,6,6,1,55,8,1968,2,4,AUDI Q5,5,E01023201,0,-1
2023010420251,2023,010420251,1,9,0,13,13,5,1,0,0,1,0,0,0,0,1,1,6,6,1,32,6,1968,2,5,AUDI Q5,7,E01004585,0,-1
2023201277151,2023,201277151,2,9,0,18,19,2,6,0,0,8,0,0,0,0,4,1,6,6,1,-1,-1,1968,2,6,AUDI Q5,7,E01010163,0,-1