collision_index,collision_year,collision_ref_no,vehicle_reference,vehicle_type,towing_and_articulation,vehicle_manoeuvre_historic,vehicle_manoeuvre,vehicle_direction_from,vehicle_direction_to,vehicle_location_restricted_lane_historic,vehicle_location_restricted_lane,junction_location,skidding_and_overturning,hit_object_in_carriageway,vehicle_leaving_carriageway,hit_object_off_carriageway,first_point_of_impact,vehicle_left_hand_drive,journey_purpose_of_driver_historic,journey_purpose_of_driver,sex_of_driver,age_of_driver,age_band_of_driver,engine_capacity_cc,propulsion_code,age_of_vehicle,generic_make_model,driver_imd_decile,lsoa_of_driver,escooter_flag,driver_distance_banding
2023440096376,2023,440096376,1,9,0,18,19,8,4,0,0,8,0,0,0,0,3,1,2,2,2,26,6,1968,2,11,AUDI Q5,7,E01031396,0,-1
2023010463607,2023,010463607,2,9,0,99,99,9,9,99,99,9,9,99,9,99,1,9,6,6,3,-1,-1,1968,2,6,AUDI Q5,-1,-1,0,-1
2023471330705,2023,471330705,2,9,0,17,19,1,7,0,0,1,0,0,0,0,3,1,5,6,2,31,6,1968,2,6,AUDI Q5,9,E01021168,0,-1
2023010448950,2023,010448950,2,9,9,99,99,9,9,0,0,9,0,99,0,0,9,9,6,6,3,-1,-1,1968,2,0,AUDI Q5,-1,-1,0,-1
2023451340837,2023,451340837,1,9,0,18,19,3,7,0,0,0,1,0,0,0,1,1,5,6,2,41,7,1968,2,7,AUDI Q5,10,E01030581,0,-1
2023543471723,2023,543471723,1,9,0,18,19,7,3,0,0,0,0,0,0,0,1,1,6,6,1,37,7,1968,2,8,AUDI Q5,6,E01020029,0,-1
2023101319027,2023,101319027,2,9,0,4,4,3,7,0,0,0,0,0,0,0,2,1,6,6,1,68,10,2967,2,9,AUDI Q5,-1,-1,0,-1
2023010458885,2023,010458885,2,9,0,18,19,5,1,0,0,1,0,0,0,0,4,1,6,6,2,34,6,1968,2,7,AUDI Q5,10,E01030584,0,-1
2023421360679,2023,421360679,2,9,0,18,19,8,3,0,0,3,0,0,0,0,4,1,5,6,2,55,8,1968,2,4,AUDI Q5,2,E01015976,0,-1
2023461317461,2023,461317461,3,9,0,3,3,1,5,0,0,1,0,0,0,0,4,1,6,6,2,75,10,1968,2,9,AUDI Q5,9,E01024253,0,-1
2023531266478,2023,531266478,1,9,0,18,19,6,2,0,0,0,0,0,0,0,3,1,5,6,1,59,9,1968,2,2,AUDI Q5,7,E01022216,0,-1
2023522400704,2023,522400704,3,9,0,18,19,8,4,0,0,0,0,0,0,0,2,1,6,6,2,33,6,1968,2,14,AUDI Q5,5,E01014994,0,-1
2023231391121,2023,231391121,1,9,0,18,19,6,2,0,0,6,0,0,1,1,1,1,6,6,1,21,5,1995,2,7,BMW 5 SERIES,8,E01027008,0,-1
2023010466612,2023,010466612,1,9,0,18,19,5,1,0,0,1,0,0,0,0,2,1,6,6,1,56,9,1998,1,4,BMW 5 SERIES,3,E01003686,0,-1
2023471381329,2023,471381329,1,9,0,18,19,3,7,0,0,0,0,0,0,0,2,1,1,1,1,37,7,2993,2,12,BMW 5 SERIES,2,E01031432,0,-1
2023010468271,2023,010468271,5,9,0,2,2,0,0,0,0,2,0,0,0,0,1,1,6,6,3,-1,-1,2993,2,5,BMW 5 SERIES,-1,-1,0,-1
2023010466698,2023,010466698,2,9,0,2,2,0,0,0,0,0,0,0,0,0,3,1,6,6,3,-1,-1,1995,2,8,BMW 5 SERIES,-1,-1,0,-1
202360A131422,2023,60A131422,1,9,0,18,19,6,2,0,0,0,0,0,0,0,1,1,6,6,1,59,9,2497,2,17,BMW 5 SERIES,-1,-1,0,-1
2023010436103,2023,010436103,1,9,0,18,19,1,5,0,0,0,0,0,0,0,3,1,2,2,1,26,6,1995,2,5,BMW 5 SERIES,5,E01032771,0,-1
2023991322543,2023,991322543,1,9,0,9,9,7,5,0,0,1,0,2,0,0,1,1,5,6,1,61,9,1995,2,8,BMW 5 SERIES,3,-1,0,-1
2023010484922,2023,010484922,2,9,0,18,19,1,5,0,0,1,0,0,0,0,1,1,6,6,2,38,7,1995,2,9,BMW 5 SERIES,8,E01000671,0,-1
2023411315865,2023,411315865,1,9,0,18,19,4,5,0,0,0,0,0,0,0,0,1,5,6,2,41,7,2993,2,14,BMW 5 SERIES,10,E01023742,0,-1
2023061350006,2023,061350006,1,9,0,9,9,6,4,0,0,8,0,0,0,0,3,1,6,6,2,43,7,1995,2,8,BMW 5 SERIES,4,E01006188,0,-1
2023221384405,2023,221384405,2,9,0,18,19,1,3,0,0,8,0,0,0,0,1,1,6,6,1,57,9,1995,2,10,BMW 5 SERIES,6,E01031188,0,-1
2023070405631,2023,070405631,1,9,0,18,19,4,8,0,0,0,0,0,0,0,1,1,6,6,2,62,9,1995,2,8,BMW 5 SERIES,9,E01018684,0,-1
2023351261090,2023,351261090,1,9,0,1,1,7,3,0,0,1,0,0,0,0,2,1,6,6,1,48,8,1995,2,11,BMW 5 SERIES,2,E01015612,0,-1
2023302300832,2023,302300832,2,9,0,14,14,4,8,0,0,1,0,0,0,0,4,1,6,6,1,34,6,1995,2,10,BMW 5 SERIES,4,E01019864,0,-1
2023161319724,2023,161319724,1,9,0,18,19,4,8,0,0,0,0,0,0,0,1,1,5,6,1,50,8,1995,2,8,BMW 5 SERIES,10,E01013042,0,-1
2023451322117,2023,451322117,3,9,0,18,19,7,3,0,0,0,0,0,0,0,1,1,5,6,1,37,7,1995,2,12,BMW 5 SERIES,6,E01022548,0,-1
2023340WN5522,2023,340WN5522,2,9,0,17,19,2,6,0,0,0,0,0,0,0,3,1,2,2,2,42,7,1995,2,8,BMW 5 SERIES,6,E01027306,0,-1
2023991260777,2023,991260777,1,9,0,9,9,1,6,0,0,6,0,0,0,0,1,1,5,6,2,36,7,1995,2,10,BMW 5 SERIES,10,-1,0,-1
2023201395627,2023,201395627,1,9,0,1,1,8,4,9,9,0,0,0,0,0,3,1,1,1,1,38,7,1995,2,9,BMW 5 SERIES,1,E01009490,0,-1
2023161381022,2023,161381022,1,9,0,5,5,8,4,0,0,4,0,0,0,0,1,1,5,6,1,40,7,1995,2,11,BMW 5 SERIES,1,E01012857,0,-1
2023421284382,2023,421284382,1,9,0,9,9,7,5,0,0,2,0,0,0,0,1,1,6,6,2,33,6,1995,2,5,BMW 5 SERIES,4,E01021815,0,-1
2023010436754,2023,010436754,1,9,0,99,99,9,9,99,99,9,9,99,9,99,2,9,2,2,1,28,6,1995,2,7,BMW 5 SERIES,4,E01017473,0,-1
2023201340140,2023,201340140,1,9,0,18,19,1,5,0,0,0,0,0,0,0,1,1,6,6,3,30,6,1995,2,12,BMW 5 SERIES,-1,-1,0,-1
2023430376209,2023,430376209,2,9,0,18,19,8,4,0,0,8,0,0,0,0,3,1,1,1,1,30,6,1998,1,3,BMW 5 SERIES,8,E01016823,0,-1
2023010463856,2023,010463856,2,9,0,99,99,9,9,99,99,9,9,99,9,99,9,9,6,6,3,35,6,2993,2,5,BMW 5 SERIES,8,E01004507,0,-1
2023052303063,2023,052303063,1,9,0,18,19,4,8,0,0,0,0,0,0,0,4,1,6,6,1,51,8,1995,2,11,BMW 5 SERIES,1,E01006585,0,-1
2023522300437,2023,522300437,1,9,5,18,19,7,4,0,0,8,0,0,0,0,3,1,6,6,1,33,6,1995,2,15,BMW 5 SERIES,-1,-1,0,-1
2023461270791,2023,461270791,2,9,0,10,10,5,1,0,0,1,0,0,0,0,1,1,5,6,1,18,4,1995,2,16,BMW 5 SERIES,3,E01024309,0,-1
2023041381723,2023,041381723,1,9,0,9,9,5,3,8,6,6,0,0,0,0,1,1,5,6,1,20,4,2497,1,15,BMW 5 SERIES,1,E01004822,0,-1
2023010470966,2023,010470966,1,9,0,99,99,9,9,99,99,9,9,99,9,99,1,9,6,6,1,25,5,1995,2,6,BMW 5 SERIES,3,E01001373,0,-1
2023041293713,2023,041293713,1,9,0,18,19,1,5,0,0,8,0,0,0,0,1,1,6,6,3,-1,-1,1998,8,1,BMW 5 SERIES,-1,-1,0,-1
2023010479988,2023,010479988,1,9,0,4,4,7,3,0,0,1,0,0,0,0,3,1,6,6,1,29,6,1995,2,5,BMW 5 SERIES,4,E01023301,0,-1
2023010478463,2023,010478463,3,9,0,18,19,5,1,9,9,1,0,0,0,0,1,1,1,1,1,49,8,2993,12,1,BMW 5 SERIES,4,E01001484,0,-1
2023161330029,2023,161330029,1,9,0,17,19,1,5,0,0,0,0,0,0,0,1,1,5,6,1,36,7,1995,2,4,BMW 5 SERIES,8,E01027838,0,-1
2023052302800,2023,052302800,2,9,0,18,19,1,5,0,0,0,0,0,0,0,1,1,2,2,1,59,9,1998,1,4,BMW 5 SERIES,5,E01007157,0,-1
2023430270130,2023,430270130,2,9,0,4,4,1,5,0,0,1,0,0,0,0,2,1,6,6,1,-1,-1,1995,2,10,BMW 5 SERIES,3,E01016454,0,-1
2023010429798,2023,010429798,1,9,0,14,14,4,8,0,0,0,0,0,0,0,3,1,2,2,1,33,6,1995,2,9,BMW 5 SERIES,3,E01002028,0,-1
2023421319214,2023,421319214,1,9,0,18,19,1,5,0,0,8,0,0,0,0,3,1,5,6,1,74,10,1995,12,4,BMW 5 SERIES,-1,-1,0,-1
2023430271834,2023,430271834,1,9,0,18,19,8,4,0,0,4,0,0,0,0,1,1,2,2,1,30,6,2497,2,18,BMW 5 SERIES,7,E01016582,0,-1
2023010445718,2023,010445718,1,9,0,18,19,8,4,0,0,1,0,0,0,0,1,1,6,6,2,43,7,1995,2,9,BMW 5 SERIES,4,E01003106,0,-1
2023311368993,2023,311368993,1,9,0,18,19,4,8,0,0,0,2,0,1,4,1,1,5,6,1,28,6,2497,2,18,BMW 5 SERIES,1,E01028263,0,-1
2023061267112,2023,061267112,2,9,0,18,19,3,7,0,0,0,0,4,0,0,1,1,5,6,1,75,10,1995,2,9,BMW 5 SERIES,4,E01005870,0,-1
2023371352327,2023,371352327,2,9,0,18,19,7,3,0,0,1,1,0,3,0,3,1,5,6,1,22,5,1995,2,8,BMW 5 SERIES,5,E01030189,0,-1
2023991263477,2023,991263477,1,9,4,18,19,5,1,0,0,1,1,0,0,0,1,1,5,6,1,18,4,1995,2,15,BMW 5 SERIES,1,-1,0,-1
2023010451794,2023,010451794,1,9,0,18,19,2,6,0,0,1,0,4,0,0,1,1,6,6,2,58,9,1998,8,3,BMW 5 SERIES,7,E01003675,0,-1
2023302301601,2023,302301601,2,9,0,18,19,1,5,0,0,1,0,0,7,9,1,1,6,6,1,21,5,1995,2,4,BMW 5 SERIES,2,E01019483,0,-1
2023010477637,2023,010477637,2,9,0,99,99,9,9,99,99,9,9,99,9,99,1,9,6,6,3,-1,-1,1995,2,6,BMW 5 SERIES,-1,-1,0,-1
2023622300435,2023,622300435,1,9,0,18,19,2,6,0,0,1,0,0,0,0,1,1,6,6,1,33,6,2993,2,15,BMW 5 SERIES,1,W01001694,0,-1
2023201376778,2023,201376778,2,9,0,5,5,4,8,0,0,0,0,0,0,0,1,1,6,6,2,33,6,2993,2,6,BMW 5 SERIES,5,E01009447,0,-1
2023161359983,2023,161359983,1,9,0,18,19,4,8,0,0,0,0,4,7,0,1,1,6,6,1,20,4,1995,2,11,BMW 5 SERIES,6,E01013253,0,-1
2023010427699,2023,010427699,1,9,0,18,19,1,5,0,0,4,0,0,0,0,2,1,2,2,1,35,6,2497,1,16,BMW 5 SERIES,3,E01002130,0,-1
2023010464614,2023,010464614,1,9,0,18,19,7,3,0,0,0,0,0,0,0,0,1,1,1,1,33,6,2993,2,3,BMW 5 SERIES,-1,-1,0,-1
2023010458212,2023,010458212,1,9,0,16,19,3,7,0,0,6,0,0,0,0,0,1,1,1,1,23,5,1998,1,4,BMW 5 SERIES,2,E01000008,0,-1
2023010466299,2023,010466299,1,9,0,18,19,1,5,0,0,0,0,0,0,0,1,1,3,7,2,35,6,1995,2,7,BMW 5 SERIES,4,E01001675,0,-1
2023201404653,2023,201404653,2,9,0,18,19,1,5,0,0,1,0,0,0,0,1,1,6,6,1,66,10,1995,2,14,BMW 5 SERIES,1,E01009400,0,-1
2023991295991,2023,991295991,4,9,0,18,19,2,6,0,0,1,0,0,0,0,4,1,1,1,2,28,6,2993,12,2,BMW 5 SERIES,5,-1,0,-1
2023101312275,2023,101312275,1,9,0,5,5,3,7,0,0,1,0,0,0,0,1,1,5,6,1,31,6,1995,2,6,BMW 5 SERIES,1,E01008333,0,-1
2023010430417,2023,010430417,1,9,0,18,19,5,1,0,0,0,0,0,0,0,2,1,6,6,1,40,7,2996,1,16,BMW 5 SERIES,4,E01003147,0,-1
2023332301077,2023,332301077,2,9,0,12,12,6,2,0,0,1,0,0,0,0,3,1,6,6,3,-1,-1,1995,2,8,BMW 5 SERIES,-1,-1,0,-1
2023201393227,2023,201393227,3,9,0,18,19,6,2,0,0,0,0,0,0,0,2,1,6,6,1,57,9,1995,2,6,BMW 5 SERIES,1,E01010526,0,-1
2023052302096,2023,052302096,2,9,0,18,19,6,2,0,0,1,0,0,0,0,4,1,6,6,2,46,8,1995,2,8,BMW 5 SERIES,2,E01006945,0,-1
2023010473187,2023,010473187,9,9,0,18,19,2,6,0,0,0,0,0,0,0,0,1,1,1,1,-1,-1,2993,2,3,BMW 5 SERIES,-1,-1,0,-1
2023421311897,2023,421311897,3,9,0,18,19,6,2,0,0,0,0,0,0,0,0,1,1,1,1,43,7,2993,2,4,BMW 5 SERIES,8,E01021544,0,-1
2023471303148,2023,471303148,2,9,0,18,19,1,5,0,0,3,0,0,1,0,1,1,1,1,1,47,8,2993,12,1,BMW 5 SERIES,6,E01021034,0,-1
2023340WN6832,2023,340WN6832,1,9,0,18,19,5,1,0,0,0,0,0,0,7,1,1,6,6,1,40,7,1995,2,11,BMW 5 SERIES,10,E01010172,0,-1
2023552300769,2023,552300769,1,9,0,9,9,5,3,0,0,6,0,0,0,0,2,1,6,6,1,60,9,1995,2,10,BMW 5 SERIES,10,E01015452,0,-1
2023010468057,2023,010468057,1,9,0,4,4,3,7,0,0,4,1,0,0,0,1,1,6,6,1,28,6,1998,1,5,BMW 5 SERIES,2,E01001911,0,-1
2023201296596,2023,201296596,2,9,0,18,19,-1,-1,0,0,0,0,0,0,0,1,1,6,6,1,47,8,2494,1,20,BMW 5 SERIES,2,E01009265,0,-1
2023471345236,2023,471345236,1,9,0,18,19,2,6,0,0,0,0,0,1,4,1,1,5,6,2,64,9,1995,2,13,BMW 5 SERIES,8,E01031757,0,-1
2023201292309,2023,201292309,1,9,0,18,19,8,4,0,0,4,1,0,0,0,1,1,6,6,3,-1,-1,1995,2,11,BMW 5 SERIES,-1,-1,0,-1
2023501332000,2023,501332000,2,9,0,17,19,8,3,0,0,8,0,0,0,0,3,1,6,6,1,53,8,2993,2,12,BMW 5 SERIES,8,E01015111,0,-1
2023070916010,2023,070916010,1,9,0,18,19,1,5,0,0,0,0,0,0,0,4,1,6,6,1,-1,-1,2998,1,5,BMW 5 SERIES,-1,-1,0,-1
2023061349754,2023,061349754,1,9,0,18,19,4,8,0,0,1,0,0,0,0,1,1,1,1,1,29,6,2993,2,10,BMW 5 SERIES,4,E01004991,0,-1
2023991376857,2023,991376857,1,9,0,12,12,3,7,0,0,0,0,0,0,0,3,1,6,6,1,54,8,1995,2,8,BMW 5 SERIES,-1,-1,0,-1
2023010439487,2023,010439487,1,9,0,18,19,1,5,0,0,8,0,0,0,0,1,1,6,6,1,29,6,1995,2,9,BMW 5 SERIES,9,E01032576,0,-1
2023010462437,2023,010462437,1,9,0,18,19,5,1,0,0,8,0,0,0,0,1,1,6,6,1,27,6,1995,2,9,BMW 5 SERIES,4,E01032766,0,-1
2023201373296,2023,201373296,1,9,0,18,19,2,6,0,0,0,0,0,0,0,1,1,1,1,3,41,7,1995,2,12,BMW 5 SERIES,3,E01009977,0,-1
2023010448331,2023,010448331,1,9,0,99,99,9,9,99,99,9,9,99,9,99,9,9,6,6,3,-1,-1,1995,2,9,BMW 5 SERIES,-1,-1,0,-1
2023201370840,2023,201370840,1,9,0,12,12,1,3,0,0,0,0,0,0,0,1,1,1,1,1,37,7,1995,2,7,BMW 5 SERIES,1,E01033642,0,-1
2023010438734,2023,010438734,2,9,0,18,19,8,4,0,0,1,0,0,0,0,1,1,6,6,3,-1,-1,2993,2,5,BMW 5 SERIES,-1,-1,0,-1
2023010460536,2023,010460536,2,9,0,4,4,5,1,0,0,0,0,4,0,0,2,1,6,6,1,50,8,1995,2,8,BMW 5 SERIES,3,E01004630,0,-1
2023052302036,2023,052302036,2,9,0,18,19,1,5,0,0,1,0,0,0,0,1,1,6,6,1,33,6,1995,2,16,BMW 5 SERIES,1,E01006790,0,-1
2023430096823,2023,430096823,1,9,0,6,6,3,3,0,0,0,0,0,0,0,3,1,6,6,1,54,8,2494,1,20,BMW 5 SERIES,6,E01028559,0,-1
2023052301560,2023,052301560,1,9,0,5,5,1,5,0,0,8,0,0,0,0,1,1,6,6,2,44,7,1995,12,1,BMW 5 SERIES,6,E01006438,0,-1
2023011338528,2023,011338528,2,9,0,18,19,7,3,0,0,8,0,0,0,0,0,1,1,1,1,34,6,2993,12,3,BMW 5 SERIES,10,E01030435,0,-1
2023461293413,2023,461293413,1,9,0,18,19,6,2,0,0,0,0,0,2,0,1,1,6,6,1,40,7,1995,2,7,BMW 5 SERIES,1,E01024155,0,-1
2023320759261,2023,320759261,1,9,0,18,19,4,8,0,0,0,2,0,7,10,4,1,6,6,1,-1,-1,4398,1,19,BMW 5 SERIES,-1,-1,0,-1
2023501262580,2023,501262580,1,9,0,16,19,1,3,0,0,8,0,0,0,0,1,1,5,6,1,81,11,1995,2,8,BMW 5 SERIES,9,E01020090,0,-1
2023332300228,2023,332300228,3,9,0,18,19,2,6,0,0,0,0,0,0,0,0,1,1,1,1,42,7,2993,2,17,BMW 5 SERIES,-1,-1,0,-1
2023221298201,2023,221298201,2,9,0,18,19,4,8,0,0,0,0,0,0,0,1,1,5,6,1,38,7,2993,2,19,BMW 5 SERIES,2,E01032461,0,-1
2023010451422,2023,010451422,3,9,0,18,19,1,5,0,0,7,0,0,0,0,1,1,6,6,1,57,9,2993,12,1,BMW 5 SERIES,8,E01003897,0,-1
2023010424119,2023,010424119,2,9,0,18,19,7,3,0,0,0,0,0,0,0,2,1,6,6,1,41,7,1995,2,7,BMW 5 SERIES,2,E01004255,0,-1
2023991371244,2023,991371244,2,9,0,17,19,8,4,0,0,2,0,0,0,0,3,1,6,6,1,50,8,1998,8,1,BMW 5 SERIES,10,-1,0,-1
2023010459982,2023,010459982,2,9,0,99,99,9,9,99,99,0,9,99,9,99,1,9,6,6,3,-1,-1,1995,2,9,BMW 5 SERIES,-1,-1,0,-1
2023010423518,2023,010423518,2,9,0,99,99,9,9,99,99,9,9,99,9,99,1,9,6,6,3,-1,-1,2497,1,16,BMW 5 SERIES,3,E01001941,0,-1
2023141280539,2023,141280539,2,9,0,5,5,2,6,0,0,6,0,0,0,0,1,1,6,6,1,35,6,2497,2,19,BMW 5 SERIES,-1,-1,0,-1
2023010452663,2023,010452663,1,9,0,18,19,3,7,0,0,4,0,0,0,0,0,1,1,1,1,44,7,2993,2,3,BMW 5 SERIES,4,E01000472,0,-1
2023010478403,2023,010478403,1,9,0,9,9,3,1,0,0,8,0,0,0,0,3,1,1,1,1,33,6,1998,8,1,BMW 5 SERIES,2,E01017490,0,-1
2023071324373,2023,071324373,2,9,0,2,2,0,0,0,0,0,0,4,0,0,3,1,6,6,1,41,7,2993,2,14,BMW 5 SERIES,7,E01018361,0,-1
2023411335789,2023,411335789,1,9,0,18,19,1,5,0,0,0,0,0,0,0,1,1,5,6,1,57,9,1995,2,7,BMW 5 SERIES,3,E01004430,0,-1
2023010440195,2023,010440195,2,9,0,99,99,9,9,99,99,9,9,99,9,99,9,9,6,6,3,-1,-1,1995,2,8,BMW 5 SERIES,-1,-1,0,-1
2023010466844,2023,010466844,1,9,0,18,19,7,3,0,0,1,0,0,0,0,1,1,2,2,1,44,7,1995,12,3,BMW 5 SERIES,4,E01003573,0,-1
2023421340475,2023,421340475,1,9,0,18,19,6,2,0,0,1,0,0,1,0,1,1,5,6,1,19,4,1995,2,16,BMW 5 SERIES,7,E01021993,0,-1
2023471309412,2023,471309412,2,9,0,18,19,3,7,0,0,4,0,0,0,0,1,1,5,6,1,42,7,2993,2,17,BMW 5 SERIES,5,E01031467,0,-1
2023421296798,2023,421296798,2,9,0,7,7,8,3,0,0,0,0,0,0,0,3,1,6,6,1,49,8,1995,2,11,BMW 5 SERIES,8,E01015991,0,-1
2023440175814,2023,440175814,1,9,0,2,2,0,0,0,0,0,0,0,0,0,2,1,6,6,1,57,9,1995,2,4,BMW 5 SERIES,5,E01017088,0,-1
2023101318931,2023,101318931,1,8,0,18,19,7,3,0,0,4,0,0,0,0,1,1,5,6,1,26,6,1995,2,8,BMW 5 SERIES,4,E01008413,0,-1
2023010459442,2023,010459442,1,9,0,18,19,5,1,9,9,0,0,10,7,10,1,1,6,6,3,22,5,1995,2,5,BMW 5 SERIES,-1,-1,0,-1
2023010419270,2023,010419270,2,9,0,5,5,1,5,0,0,8,0,0,0,0,1,1,1,1,2,44,7,2993,2,3,BMW 5 SERIES,4,E01001247,0,-1
2023010462852,2023,010462852,1,9,0,10,10,7,5,0,0,1,0,0,0,0,1,1,6,6,1,33,6,1995,2,9,BMW 5 SERIES,4,E01003621,0,-1
2023052302156,2023,052302156,1,9,0,5,5,1,5,0,0,4,0,0,0,0,1,1,2,2,1,42,7,2494,1,22,BMW 5 SERIES,6,E01007226,0,-1
2023061300545,2023,061300545,1,9,0,9,9,3,8,0,0,8,0,0,0,0,1,1,2,2,1,52,8,2993,2,19,BMW 5 SERIES,2,E01005980,0,-1
2023531275723,2023,531275723,3,9,0,18,19,4,4,0,0,0,0,0,7,11,3,1,5,6,1,47,8,2993,2,6,BMW 5 SERIES,7,E01022397,0,-1
2023131319023,2023,131319023,1,9,0,18,19,1,5,0,0,0,0,0,0,0,3,1,5,6,2,44,7,2993,2,17,BMW 5 SERIES,2,E01010929,0,-1
2023010483821,2023,010483821,2,9,0,18,19,5,1,0,0,1,0,0,0,0,1,1,1,1,1,35,6,2993,2,3,BMW 5 SERIES,4,E01004750,0,-1
2023170S21823,2023,170S21823,1,9,0,4,4,8,4,0,0,1,0,0,0,0,2,1,6,6,2,37,7,2993,2,4,BMW 5 SERIES,-1,-1,0,-1
2023010454844,2023,010454844,2,9,0,3,3,7,3,0,0,3,0,0,0,0,2,1,6,6,1,51,8,1995,2,4,BMW 5 SERIES,10,E01030883,0,-1
2023061261524,2023,061261524,2,9,0,4,4,1,5,0,0,0,0,0,0,0,2,1,6,6,1,56,9,1995,2,7,BMW 5 SERIES,1,E01005289,0,-1
2023302301528,2023,302301528,1,9,0,13,13,3,7,0,0,0,2,0,1,4,1,1,6,6,2,52,8,1995,2,12,BMW 5 SERIES,9,E01028399,0,-1
2023010458798,2023,010458798,1,9,0,18,19,7,3,0,0,0,0,0,0,0,1,1,6,6,1,51,8,2993,2,6,BMW 5 SERIES,-1,-1,0,-1
2023401262992,2023,401262992,1,9,0,18,19,1,5,0,0,0,1,0,7,4,1,1,6,6,2,42,7,1995,2,8,BMW 5 SERIES,2,E01017537,0,-1
2023010436112,2023,010436112,1,8,0,99,99,9,9,99,99,9,9,99,9,99,1,1,6,6,3,-1,-1,1995,2,6,BMW 5 SERIES,-1,-1,0,-1
2023010451076,2023,010451076,2,9,0,4,4,5,1,0,0,0,0,0,0,0,1,1,1,1,1,-1,-1,2993,2,3,BMW 5 SERIES,4,E01003666,0,-1
2023131290489,2023,131290489,1,9,0,13,13,6,2,0,0,8,0,10,0,0,-1,1,6,6,3,-1,-1,1995,2,9,BMW 5 SERIES,-1,-1,0,-1
2023122301311,2023,122301311,1,9,0,18,19,3,7,0,0,0,0,0,0,0,1,1,6,6,1,99,11,2996,1,13,BMW 5 SERIES,10,E01027786,0,-1
2023501344939,2023,501344939,2,9,0,3,3,3,7,0,0,1,0,0,0,0,2,1,6,6,1,25,5,2993,2,19,BMW 5 SERIES,8,E01020102,0,-1
2023010430148,2023,010430148,2,9,0,2,2,0,0,0,0,2,0,0,0,0,2,1,6,6,3,-1,-1,2993,2,6,BMW 5 SERIES,-1,-1,0,-1
2023010439152,2023,010439152,1,8,0,7,7,5,7,0,0,8,0,11,0,0,1,2,1,1,1,32,6,1998,8,1,BMW 5 SERIES,5,E01003760,0,-1
2023161323752,2023,161323752,3,9,0,9,9,1,5,0,0,1,0,0,0,0,2,1,5,6,1,29,6,2993,2,17,BMW 5 SERIES,8,E01027738,0,-1
2023471265823,2023,471265823,2,9,0,17,19,1,5,0,0,0,0,0,1,0,3,1,1,1,1,52,8,1995,2,7,BMW 5 SERIES,7,E01021010,0,-1
2023170M11413,2023,170M11413,1,9,0,18,19,6,2,0,0,8,0,0,0,0,3,1,6,6,1,41,7,1995,2,9,BMW 5 SERIES,1,E01012036,0,-1
2023440526567,2023,440526567,2,9,0,2,2,0,0,0,0,0,0,0,0,0,2,1,6,6,1,73,10,2993,2,13,BMW 5 SERIES,-1,-1,0,-1
2023430231218,2023,430231218,1,9,0,18,19,5,1,0,0,8,0,0,0,0,4,1,6,6,1,30,6,1995,2,7,BMW 5 SERIES,-1,-1,0,-1
2023010449676,2023,010449676,2,9,0,18,19,5,1,0,0,8,0,0,0,0,1,1,1,1,1,51,8,1995,2,7,BMW 5 SERIES,2,E01002634,0,-1
2023201363188,2023,201363188,1,9,0,18,19,4,8,0,0,8,0,0,0,0,1,1,6,6,1,29,6,1995,2,17,BMW 5 SERIES,2,E01009786,0,-1
2023010468432,2023,010468432,2,9,0,18,19,1,5,0,0,0,0,0,0,0,0,1,1,1,1,29,6,1998,1,4,BMW 5 SERIES,4,E01003666,0,-1
2023052301979,2023,052301979,1,9,0,18,19,5,1,0,0,1,0,0,0,0,1,1,6,6,1,51,8,1995,2,9,BMW 5 SERIES,7,E01006666,0,-1
2023101355527,2023,101355527,1,9,0,18,19,3,7,0,0,0,0,0,0,0,1,1,6,6,1,52,8,2993,2,11,BMW 5 SERIES,10,E01027464,0,-1
2023010426317,2023,010426317,2,9,0,18,19,1,5,0,0,0,0,0,0,0,0,1,1,1,1,51,8,2993,2,3,BMW 5 SERIES,9,E01003356,0,-1
2023010420588,2023,010420588,1,9,0,3,3,7,3,9,9,0,0,0,0,0,1,1,6,6,1,43,7,1995,2,6,BMW 5 SERIES,2,E01003576,0,-1
2023201417844,2023,201417844,1,9,0,18,19,5,2,0,0,0,1,10,1,11,1,1,6,6,1,18,4,1995,2,6,BMW 5 SERIES,1,E01010466,0,-1
2023411366900,2023,411366900,2,9,0,2,2,0,0,0,0,1,0,0,0,0,3,1,6,6,3,-1,-1,2993,2,18,BMW 5 SERIES,-1,-1,0,-1
2023501380191,2023,501380191,2,9,0,18,19,2,6,0,0,1,0,0,0,0,1,1,2,2,2,46,8,2993,2,11,BMW 5 SERIES,7,E01018934,0,-1
2023010430993,2023,010430993,3,9,0,4,4,7,3,0,0,1,0,0,0,0,1,1,2,2,1,53,8,1995,2,8,BMW 5 SERIES,-1,-1,0,-1
2023052301283,2023,052301283,2,9,0,18,19,7,3,0,0,8,0,0,0,0,1,1,6,6,1,39,7,2497,1,15,BMW 5 SERIES,3,E01007137,0,-1
2023451290119,2023,451290119,1,9,0,18,19,5,1,0,0,0,0,4,1,0,4,1,5,6,1,70,10,1998,8,2,BMW 5 SERIES,6,E01024084,0,-1
2023440292123,2023,440292123,2,9,0,18,19,2,5,0,0,1,0,0,0,0,1,1,6,6,1,35,6,1995,2,5,BMW 5 SERIES,7,E01017041,0,-1
2023201295715,2023,201295715,1,9,0,18,19,1,5,0,0,0,0,4,0,0,4,1,6,6,1,78,11,1991,1,24,BMW 5 SERIES,-1,-1,0,-1