collision_index,collision_year,collision_ref_no,vehicle_reference,vehicle_type,towing_and_articulation,vehicle_manoeuvre_historic,vehicle_manoeuvre,vehicle_direction_from,vehicle_direction_to,vehicle_location_restricted_lane_historic,vehicle_location_restricted_lane,junction_location,skidding_and_overturning,hit_object_in_carriageway,vehicle_leaving_carriageway,hit_object_off_carriageway,first_point_of_impact,vehicle_left_hand_drive,journey_purpose_of_driver_historic,journey_purpose_of_driver,sex_of_driver,age_of_driver,age_band_of_driver,engine_capacity_cc,propulsion_code,age_of_vehicle,generic_make_model,driver_imd_decile,lsoa_of_driver,escooter_flag,driver_distance_banding
2023010473010,2023,010473010,2,9,0,18,19,1,5,0,0,0,0,0,0,0,1,1,1,1,1,39,7,2993,2,3,BMW 5 SERIES,4,E01003666,0,-1
2023010474790,2023,010474790,1,9,0,18,19,5,1,9,9,8,1,0,1,7,4,1,6,6,1,24,5,1998,8,1,BMW 5 SERIES,2,E01004424,0,-1
2023041321360,2023,041321360,2,9,0,18,19,1,5,0,0,1,0,0,0,0,1,1,5,6,1,41,7,1995,2,10,BMW 5 SERIES,4,E01025262,0,-1
2023302301736,2023,302301736,1,9,0,18,19,7,3,0,0,8,0,0,0,0,1,1,6,6,3,-1,-1,1995,2,11,BMW 5 SERIES,-1,-1,0,-1
2023010459995,2023,010459995,2,8,0,4,4,1,5,0,0,1,0,0,0,0,2,1,1,1,1,36,7,1995,2,9,BMW 5 SERIES,2,E01002799,0,-1
2023552300395,2023,552300395,3,9,0,18,19,8,4,0,0,0,0,10,1,0,1,1,6,6,1,49,8,1995,2,12,BMW 5 SERIES,6,E01020398,0,-1
2023070065483,2023,070065483,2,9,0,18,19,7,3,0,0,2,0,0,0,0,3,2,6,6,1,47,8,1995,2,9,BMW 5 SERIES,2,E01012536,0,-1
2023010441526,2023,010441526,1,9,0,18,19,2,6,0,0,1,0,0,0,0,3,1,6,6,1,41,7,2993,2,17,BMW 5 SERIES,3,E01002560,0,-1
2023010471048,2023,010471048,2,9,0,5,5,3,7,0,0,8,0,0,0,0,1,1,1,1,1,49,8,1995,2,7,BMW 5 SERIES,-1,-1,0,-1
2023461297899,2023,461297899,1,9,0,18,19,3,7,0,0,0,0,4,0,0,3,1,6,6,1,54,8,1995,2,9,BMW 5 SERIES,2,E01032799,0,-1
2023440531885,2023,440531885,2,9,0,2,2,5,1,0,0,0,0,0,0,0,2,1,6,6,3,-1,-1,1995,2,7,BMW 5 SERIES,-1,-1,0,-1
2023471317080,2023,471317080,1,9,0,18,19,5,1,0,0,1,0,0,0,0,1,1,5,6,1,84,11,1995,2,9,BMW 5 SERIES,2,E01021119,0,-1
2023010465815,2023,010465815,2,9,0,99,99,9,9,99,99,9,9,99,9,99,1,9,6,6,3,-1,-1,1998,8,6,BMW 5 SERIES,-1,-1,0,-1
2023010427829,2023,010427829,1,8,0,18,19,7,3,0,0,8,0,0,0,0,2,1,1,1,1,38,7,1995,2,7,BMW 5 SERIES,6,E01000513,0,-1
2023302301295,2023,302301295,2,9,0,15,15,2,6,0,0,0,0,0,0,0,1,1,6,6,1,43,7,1995,2,15,BMW 5 SERIES,4,E01019823,0,-1
2023461266414,2023,461266414,2,9,0,11,11,5,2,0,0,3,0,0,0,0,4,1,6,6,1,25,5,2497,2,19,BMW 5 SERIES,7,E01024630,0,-1
2023221392583,2023,221392583,1,9,0,17,19,4,8,0,0,0,5,0,7,4,1,1,1,1,1,39,7,2993,2,3,BMW 5 SERIES,5,E01022420,0,-1
2023411339441,2023,411339441,1,9,0,18,19,5,1,0,0,3,0,0,0,0,1,1,6,6,1,75,10,1995,2,7,BMW 5 SERIES,9,E01002225,0,-1
2023481374349,2023,481374349,2,9,0,18,19,3,7,0,0,8,0,0,0,0,1,1,5,6,1,36,7,1995,2,8,BMW 5 SERIES,-1,-1,0,-1
2023361324728,2023,361324728,2,9,0,2,2,0,0,0,0,0,0,0,0,0,2,1,5,6,1,44,7,1995,2,5,BMW 5 SERIES,2,E01030246,0,-1
2023361391179,2023,361391179,1,9,0,9,9,7,4,0,0,5,0,0,0,0,1,1,5,6,1,55,8,2494,1,23,BMW 5 SERIES,-1,-1,0,-1
2023201358759,2023,201358759,1,9,0,18,19,8,4,0,0,1,0,0,0,0,1,1,6,6,1,32,6,2993,2,11,BMW 5 SERIES,4,E01033559,0,-1
2023010437949,2023,010437949,7,9,0,5,5,5,1,0,0,1,0,0,0,0,0,1,1,1,1,33,6,1998,1,4,BMW 5 SERIES,-1,-1,0,-1
2023010465035,2023,010465035,1,9,0,9,9,1,7,0,0,5,0,0,0,0,4,1,1,1,1,36,7,1995,2,5,BMW 5 SERIES,4,E01003781,0,-1
2023461287168,2023,461287168,2,9,0,9,9,1,7,0,0,0,0,0,0,0,1,1,6,6,1,49,8,2993,2,3,BMW 5 SERIES,3,E01003221,0,-1
2023320559424,2023,320559424,1,9,0,18,19,4,8,0,0,4,0,0,0,0,1,1,2,2,1,46,8,1998,8,1,BMW 5 SERIES,10,E01025893,0,-1
2023061314528,2023,061314528,1,9,0,18,19,4,8,0,0,0,0,0,0,0,1,1,1,1,1,44,7,1995,2,8,BMW 5 SERIES,2,E01011249,0,-1
2023991388842,2023,991388842,1,9,0,18,19,7,3,0,0,1,0,0,0,0,1,1,6,6,1,79,11,1995,2,13,BMW 5 SERIES,7,-1,0,-1
2023471281056,2023,471281056,2,9,0,18,19,7,4,0,0,0,0,0,0,0,0,1,1,1,1,46,8,2993,2,4,BMW 5 SERIES,6,E01021034,0,-1
2023010465980,2023,010465980,1,9,0,18,19,3,7,0,0,0,0,0,0,0,3,1,6,6,2,40,7,1995,2,7,BMW 5 SERIES,3,E01004446,0,-1
2023010485616,2023,010485616,2,9,0,99,99,9,9,0,0,8,9,99,9,99,3,9,6,6,1,29,6,2996,1,15,BMW 5 SERIES,2,E01002051,0,-1
2023622300824,2023,622300824,2,9,0,4,4,7,3,0,0,1,0,0,0,0,2,1,6,6,1,65,9,2993,2,7,BMW 5 SERIES,10,W01001779,0,-1
2023552301490,2023,552301490,1,9,0,18,19,1,5,0,0,0,0,0,0,0,1,1,6,6,1,-1,-1,1995,2,12,BMW 5 SERIES,6,E01020398,0,-1
2023311272516,2023,311272516,1,9,0,18,19,1,5,0,0,0,0,0,0,0,1,1,6,6,2,66,10,1998,8,5,BMW 5 SERIES,6,E01013250,0,-1
2023421314311,2023,421314311,2,9,0,9,9,4,7,0,0,0,0,0,7,0,4,1,5,6,1,33,6,2993,2,4,BMW 5 SERIES,8,E01021750,0,-1
2023010482166,2023,010482166,3,9,0,99,99,9,9,99,99,9,9,99,9,99,9,9,6,6,3,-1,-1,1998,8,6,BMW 5 SERIES,9,E01003477,0,-1
2023010437581,2023,010437581,1,9,0,99,99,9,9,99,99,9,9,99,9,99,2,9,6,6,1,22,5,1998,8,5,BMW 5 SERIES,3,E01001762,0,-1
2023061389424,2023,061389424,2,9,0,18,19,3,7,0,0,0,0,0,0,0,0,1,1,1,2,34,6,2993,12,3,BMW 5 SERIES,2,E01005950,0,-1
2023010447884,2023,010447884,1,9,0,18,19,7,3,9,9,1,0,0,7,11,1,1,1,1,1,51,8,1998,1,4,BMW 5 SERIES,3,E01003221,0,-1
2023101298272,2023,101298272,1,9,0,18,19,1,5,0,0,0,0,0,0,0,1,1,6,6,2,32,6,2993,2,15,BMW 5 SERIES,1,E01008846,0,-1
2023010460803,2023,010460803,2,9,0,18,19,7,3,0,0,3,0,0,0,0,3,1,1,1,1,38,7,2993,12,2,BMW 5 SERIES,4,E01003666,0,-1
2023131361758,2023,131361758,3,9,0,18,19,1,5,0,0,0,0,0,0,0,3,1,6,6,1,34,6,2993,2,14,BMW 5 SERIES,3,E01010762,0,-1
2023052302538,2023,052302538,2,9,0,18,19,3,7,0,0,0,0,0,0,0,4,1,2,2,1,37,7,1995,2,12,BMW 5 SERIES,1,E01006606,0,-1
2023361323503,2023,361323503,1,9,0,13,13,3,7,0,0,0,1,0,0,0,1,1,6,6,1,50,8,2000,2,12,BMW 5 SERIES,3,E01030255,0,-1
2023541997823,2023,541997823,2,9,0,18,19,8,4,0,0,1,0,0,0,0,1,1,3,7,1,55,8,1995,2,15,BMW 5 SERIES,2,E01015476,0,-1
2023520300916,2023,520300916,2,9,0,4,4,3,7,0,0,0,1,0,7,9,1,1,6,6,1,25,5,2926,2,20,BMW 5 SERIES,6,E01029040,0,-1
2023320068977,2023,320068977,1,9,0,2,2,0,0,0,0,2,0,0,0,0,3,1,6,6,1,60,9,2993,2,10,BMW 5 SERIES,9,E01026160,0,-1
2023231293899,2023,231293899,1,9,0,9,9,6,4,0,0,6,1,0,4,1,1,1,5,6,1,35,6,2998,1,5,BMW 5 SERIES,5,E01024191,0,-1
2023131363391,2023,131363391,2,9,0,3,3,4,8,0,0,0,0,0,0,0,2,1,6,6,1,30,6,1998,1,5,BMW 5 SERIES,5,E01011356,0,-1
2023010470699,2023,010470699,2,9,0,9,9,8,6,0,0,5,0,0,0,0,0,1,1,1,1,48,8,2993,12,1,BMW 5 SERIES,4,E01000472,0,-1
2023010467286,2023,010467286,1,9,0,6,6,3,3,8,6,0,0,0,0,0,4,1,6,6,1,52,8,1998,8,6,BMW 5 SERIES,-1,-1,0,-1
2023010452663,2023,010452663,2,9,0,18,19,3,7,0,0,4,0,0,0,0,0,1,1,1,1,55,8,1998,1,4,BMW 5 SERIES,4,E01000472,0,-1
2023052302649,2023,052302649,1,9,0,18,19,3,7,0,0,0,0,0,0,0,1,1,6,6,3,-1,-1,1995,2,14,BMW 5 SERIES,-1,-1,0,-1
2023421357466,2023,421357466,1,9,0,18,19,1,5,0,0,0,1,0,0,0,3,1,5,6,1,50,8,2993,2,7,BMW 5 SERIES,3,E01004125,0,-1
2023201288653,2023,201288653,1,9,0,18,19,-1,-1,0,0,0,0,0,0,0,4,1,6,6,3,-1,-1,1995,2,12,BMW 5 SERIES,-1,-1,0,-1
2023501371846,2023,501371846,1,9,0,7,7,1,1,0,0,1,0,0,0,0,4,1,5,6,1,32,6,1995,2,5,BMW 5 SERIES,3,E01015162,0,-1
2023430148642,2023,430148642,2,9,0,18,19,1,5,0,0,8,0,0,0,0,4,1,6,6,1,30,6,1995,2,15,BMW 5 SERIES,4,E01016837,0,-1
2023211357493,2023,211357493,1,9,0,18,19,4,8,0,0,0,0,0,1,0,4,1,6,6,1,24,5,1995,2,6,BMW 5 SERIES,2,E01005143,0,-1
2023401299879,2023,401299879,2,9,0,18,19,4,8,0,0,1,0,0,0,0,0,1,1,1,1,31,6,2993,2,3,BMW 5 SERIES,2,E01023758,0,-1
2023471282817,2023,471282817,1,9,0,18,19,7,4,0,0,0,0,0,0,0,3,1,2,2,1,43,7,1995,2,6,BMW 5 SERIES,8,E01030534,0,-1
2023010476354,2023,010476354,1,9,0,18,19,7,3,0,0,2,0,10,0,0,1,1,1,1,1,34,6,2993,2,3,BMW 5 SERIES,3,E01003221,0,-1
2023421310215,2023,421310215,3,9,0,4,4,3,7,0,0,1,0,0,0,0,1,1,1,1,1,36,7,2993,2,3,BMW 5 SERIES,8,E01021537,0,-1
2023010484824,2023,010484824,2,9,0,99,99,9,9,99,99,0,9,99,9,99,1,9,6,6,3,-1,-1,1995,2,9,BMW 5 SERIES,9,E01030692,0,-1
2023010482867,2023,010482867,2,9,0,99,99,9,9,99,99,0,9,99,9,99,9,9,6,6,3,-1,-1,2993,2,5,BMW 5 SERIES,-1,-1,0,-1
2023320093361,2023,320093361,2,9,0,4,4,6,3,0,0,8,0,0,0,0,2,1,6,6,1,41,7,1995,2,11,BMW 5 SERIES,9,E01026234,0,-1
2023552300036,2023,552300036,2,9,0,18,19,2,6,0,0,1,0,0,0,0,0,1,1,1,1,-1,-1,2993,12,2,BMW 5 SERIES,7,E01020491,0,-1
2023010471845,2023,010471845,1,9,0,18,19,3,7,0,0,8,0,0,0,0,4,1,6,6,1,23,5,2996,1,15,BMW 5 SERIES,2,E01003604,0,-1
2023010443217,2023,010443217,2,9,0,99,99,9,9,99,99,0,9,99,9,99,2,9,6,6,3,-1,-1,1998,8,6,BMW 5 SERIES,5,E01001088,0,-1
2023440484419,2023,440484419,2,9,0,18,19,6,2,0,0,0,5,0,0,7,1,1,6,6,1,48,8,1995,2,17,BMW 5 SERIES,1,E01017037,0,-1
2023010470516,2023,010470516,1,9,0,18,19,5,1,0,0,0,1,4,7,0,1,1,6,6,1,36,7,2993,12,2,BMW 5 SERIES,4,E01003666,0,-1
2023461331683,2023,461331683,2,9,0,-1,-1,2,6,0,0,0,0,0,0,0,3,1,5,6,1,35,6,1995,2,8,BMW 5 SERIES,9,E01024300,0,-1
2023440475081,2023,440475081,2,9,0,2,2,0,0,0,0,0,0,0,0,0,3,1,6,6,1,42,7,1995,12,1,BMW 5 SERIES,-1,-1,0,-1
2023332300096,2023,332300096,2,9,0,18,19,2,6,0,0,0,0,11,4,0,1,1,6,6,1,37,7,2993,2,9,BMW 5 SERIES,1,E01010473,0,-1
2023010434977,2023,010434977,2,9,0,99,99,9,9,99,99,9,9,99,9,99,1,9,6,6,3,-1,-1,1995,2,9,BMW 5 SERIES,-1,-1,0,-1
2023231368371,2023,231368371,3,9,0,2,2,0,0,0,0,0,0,0,0,0,2,1,6,6,3,-1,-1,1995,2,11,BMW 5 SERIES,-1,-1,0,-1
2023010451063,2023,010451063,1,9,0,99,99,9,9,99,99,9,9,99,9,99,3,9,6,6,1,43,7,1995,2,6,BMW 5 SERIES,4,E01017581,0,-1
2023010441669,2023,010441669,1,9,0,18,19,5,1,0,0,1,0,0,0,0,1,1,1,1,1,27,6,1998,1,4,BMW 5 SERIES,5,E01000632,0,-1
2023061328434,2023,061328434,2,9,0,18,19,4,4,0,0,1,0,0,0,0,3,1,5,6,2,46,8,1995,2,12,BMW 5 SERIES,5,E01005248,0,-1
2023440371340,2023,440371340,2,9,0,9,9,5,3,0,0,8,0,0,0,0,1,1,6,6,1,-1,-1,1998,8,0,BMW 5 SERIES,-1,-1,0,-1
2023170S21583,2023,170S21583,2,9,0,18,19,4,8,0,0,3,0,0,0,0,4,1,6,6,1,36,7,1998,8,1,BMW 5 SERIES,5,E01011968,0,-1
2023010462154,2023,010462154,1,9,0,9,9,5,3,0,0,8,0,0,0,0,1,1,6,6,1,59,9,2979,1,12,BMW 5 SERIES,7,E01004512,0,-1
2023041338523,2023,041338523,2,9,0,18,19,1,5,0,0,2,0,0,0,0,3,1,5,6,1,27,6,1995,12,2,BMW 5 SERIES,5,E01012635,0,-1
2023320738817,2023,320738817,1,9,0,18,19,2,5,0,0,8,0,0,0,0,1,1,6,6,2,39,7,1995,2,17,BMW 5 SERIES,8,E01026269,0,-1
2023471266627,2023,471266627,1,9,0,5,5,1,5,0,0,0,0,0,0,0,0,1,1,1,1,50,8,2993,2,3,BMW 5 SERIES,6,E01021034,0,-1
2023161376203,2023,161376203,1,9,0,18,19,5,1,0,0,8,0,0,0,0,1,1,6,6,1,76,11,1995,2,14,BMW 5 SERIES,9,E01027652,0,-1
2023010432432,2023,010432432,2,9,0,4,4,1,5,0,0,1,0,0,0,0,0,1,1,1,1,38,7,2993,2,3,BMW 5 SERIES,3,E01003221,0,-1
2023010425650,2023,010425650,1,9,0,5,5,0,3,0,0,0,0,0,0,0,3,1,6,6,1,39,7,1995,2,9,BMW 5 SERIES,7,E01001901,0,-1
2023501294844,2023,501294844,3,9,0,18,19,4,8,0,0,0,0,0,0,0,1,1,5,6,1,66,10,1995,2,10,BMW 5 SERIES,9,E01019895,0,-1
2023041261861,2023,041261861,1,9,0,13,13,6,2,0,0,0,0,0,8,7,1,1,2,2,1,34,6,2926,2,22,BMW 5 SERIES,1,E01012595,0,-1
2023501310142,2023,501310142,1,9,0,9,9,3,1,0,0,1,0,0,0,0,1,1,5,6,2,31,6,2993,2,17,BMW 5 SERIES,4,E01020302,0,-1
2023401339514,2023,401339514,1,9,0,18,19,3,6,0,0,0,0,0,0,0,1,1,5,6,1,22,5,1995,2,9,BMW 5 SERIES,5,E01023930,0,-1
2023201284866,2023,201284866,1,9,0,18,19,2,6,0,0,0,0,0,0,0,1,1,6,6,1,25,5,2993,2,16,BMW 5 SERIES,-1,-1,0,-1
2023231346672,2023,231346672,2,9,0,16,19,8,4,0,0,1,0,0,0,0,0,1,1,1,1,35,6,2993,2,4,BMW 5 SERIES,-1,-1,0,-1
2023010464669,2023,010464669,2,9,0,18,19,2,6,0,0,6,0,0,0,0,0,1,1,1,1,37,7,1998,1,4,BMW 5 SERIES,3,E01002133,0,-1
2023201323189,2023,201323189,2,9,0,18,19,7,3,0,0,0,0,11,0,0,0,1,6,6,1,30,6,2993,2,11,BMW 5 SERIES,9,E01025661,0,-1
2023052302078,2023,052302078,2,9,0,4,4,7,3,0,0,0,0,0,0,0,2,1,6,6,2,50,8,1995,2,5,BMW 5 SERIES,4,E01006681,0,-1
2023010471887,2023,010471887,1,9,0,12,12,7,3,0,0,0,0,0,0,0,1,1,6,6,1,38,7,1998,8,6,BMW 5 SERIES,2,E01004436,0,-1
2023401383455,2023,401383455,1,9,0,18,19,8,4,0,0,0,0,0,0,0,1,1,6,6,3,-1,-1,1995,2,8,BMW 5 SERIES,-1,-1,0,-1
2023010448186,2023,010448186,2,9,0,18,19,3,7,0,0,1,0,0,0,0,0,1,1,1,1,38,7,2993,2,3,BMW 5 SERIES,4,E01004142,0,-1
2023010467444,2023,010467444,2,9,0,18,19,3,7,0,0,2,0,0,0,0,1,1,6,6,3,-1,-1,1998,8,5,BMW 5 SERIES,-1,-1,0,-1
2023201289731,2023,201289731,1,9,0,4,4,4,8,0,0,0,0,0,0,0,2,1,6,6,2,52,8,1998,1,5,BMW 5 SERIES,3,E01010178,0,-1
2023520301184,2023,520301184,1,9,0,18,19,1,5,0,0,0,0,0,0,0,1,1,6,6,1,58,9,2494,1,19,BMW 5 SERIES,5,E01029102,0,-1
2023302300548,2023,302300548,1,9,0,9,9,8,6,0,0,6,0,0,0,0,3,1,6,6,1,42,7,1995,2,16,BMW 5 SERIES,4,E01019773,0,-1
2023010444054,2023,010444054,2,9,0,99,99,9,9,99,99,0,9,99,9,99,1,9,6,6,1,-1,-1,1995,2,10,BMW 5 SERIES,7,E01015526,0,-1
2023201284315,2023,201284315,1,9,0,18,19,3,7,0,0,6,0,0,0,0,1,1,2,2,2,62,9,1995,2,4,BMW 5 SERIES,2,E01009407,0,-1
2023411387773,2023,411387773,2,9,0,18,19,1,5,0,0,1,0,0,0,0,1,1,6,6,1,74,10,2993,2,14,BMW 5 SERIES,9,E01024792,0,-1
2023170L10653,2023,170L10653,1,9,0,18,19,3,7,0,0,0,2,0,1,4,1,1,6,6,1,37,7,2993,2,16,BMW 5 SERIES,8,E01012065,0,-1
2023010465475,2023,010465475,1,9,0,18,19,1,5,0,0,0,0,0,0,0,1,1,1,1,1,33,6,1998,1,4,BMW 5 SERIES,3,E01003221,0,-1
2023451371393,2023,451371393,2,9,0,16,19,5,1,0,0,0,0,0,0,0,1,1,5,6,1,57,9,2993,2,5,BMW 5 SERIES,7,E01030402,0,-1
2023010462367,2023,010462367,1,9,0,7,7,6,1,0,0,1,0,0,0,0,0,1,1,1,1,38,7,2993,2,3,BMW 5 SERIES,5,E01003945,0,-1
2023070164396,2023,070164396,2,9,0,18,19,1,5,0,0,0,0,0,0,0,2,1,6,6,1,-1,-1,1995,2,4,BMW 5 SERIES,9,E01018568,0,-1
2023522300659,2023,522300659,1,9,0,7,7,7,1,0,0,6,0,0,0,0,1,1,6,6,1,46,8,1995,2,8,BMW 5 SERIES,3,E01014681,0,-1
2023440045248,2023,440045248,1,9,0,18,19,5,1,0,0,1,1,0,0,0,1,1,2,2,1,61,9,2993,2,13,BMW 5 SERIES,10,E01032761,0,-1
2023010479617,2023,010479617,2,9,0,1,1,1,5,4,4,1,0,0,0,0,2,1,6,6,3,-1,-1,1998,8,6,BMW 5 SERIES,-1,-1,0,-1
2023201411275,2023,201411275,2,9,0,18,19,6,2,0,0,3,0,0,0,0,1,1,2,2,1,43,7,1995,12,3,BMW 5 SERIES,5,E01009262,0,-1
2023131294339,2023,131294339,1,9,0,1,1,7,3,0,0,0,0,0,0,0,2,1,6,6,3,-1,-1,2000,2,12,BMW 5 SERIES,-1,-1,0,-1
2023991352414,2023,991352414,2,9,0,18,19,7,2,0,0,0,0,0,0,0,2,1,5,6,2,42,7,1995,2,8,BMW 5 SERIES,1,-1,0,-1
2023010455093,2023,010455093,1,8,0,99,99,9,9,99,99,0,9,99,9,99,2,9,6,6,1,28,6,1995,12,3,BMW 5 SERIES,4,E01016013,0,-1
2023010437457,2023,010437457,3,9,0,4,4,3,7,0,0,8,0,0,0,0,1,1,1,1,1,36,7,1995,2,9,BMW 5 SERIES,6,E01033463,0,-1
2023010427589,2023,010427589,1,9,0,10,10,8,5,0,0,1,0,0,0,0,0,1,6,6,2,41,7,1995,2,9,BMW 5 SERIES,10,E01003008,0,-1
2023991355606,2023,991355606,1,9,0,18,19,3,7,0,0,1,0,0,1,4,1,1,6,6,1,24,5,2993,2,19,BMW 5 SERIES,8,-1,0,-1
2023070327688,2023,070327688,2,9,0,10,10,2,6,0,0,0,0,0,0,0,2,1,2,2,1,38,7,1995,12,1,BMW 5 SERIES,9,E01018442,0,-1
2023010479181,2023,010479181,2,9,0,13,13,6,2,0,0,0,0,0,0,0,1,1,6,6,1,49,8,2500,1,12,BMW 5 SERIES,3,E01000111,0,-1
2023010424647,2023,010424647,3,9,0,18,19,6,2,0,0,1,0,0,0,0,0,1,1,1,1,42,7,2993,2,3,BMW 5 SERIES,3,E01003221,0,-1
2023131260775,2023,131260775,1,9,0,18,19,7,3,0,0,8,0,0,0,0,1,1,6,6,1,27,6,2993,2,18,BMW 5 SERIES,1,E01010994,0,-1
2023010448553,2023,010448553,1,9,0,99,99,9,9,99,99,9,9,99,9,99,1,9,6,6,1,40,7,2979,1,19,BMW 5 SERIES,6,E01003665,0,-1
2023332300228,2023,332300228,1,9,0,18,19,2,6,0,0,0,0,0,0,0,0,1,1,1,1,32,6,2993,2,4,BMW 5 SERIES,-1,-1,0,-1
2023340NN2952,2023,340NN2952,3,9,0,3,3,6,2,0,0,2,0,0,0,0,2,1,2,2,2,46,8,1998,8,4,BMW 5 SERIES,5,E01028314,0,-1
2023371303146,2023,371303146,2,9,0,18,19,1,5,0,0,0,0,0,0,0,1,1,2,2,1,24,5,2979,1,18,BMW 5 SERIES,8,E01026470,0,-1
2023501369473,2023,501369473,2,9,0,2,2,0,0,0,0,1,0,0,0,0,2,1,5,6,1,37,7,2993,2,18,BMW 5 SERIES,3,E01018998,0,-1
2023010439366,2023,010439366,3,9,0,18,19,7,3,0,0,0,0,0,0,0,1,1,2,2,1,58,9,2993,2,10,BMW 5 SERIES,-1,-1,0,-1
202360A116004,2023,60A116004,1,9,0,13,13,5,1,0,0,0,0,0,0,0,1,1,6,6,1,22,5,1998,8,3,BMW 5 SERIES,-1,-1,0,-1
2023231392352,2023,231392352,1,8,0,18,19,3,7,0,0,0,0,0,5,6,3,1,1,1,1,21,5,1995,2,5,BMW 5 SERIES,3,E01009095,0,-1
2023201378443,2023,201378443,1,9,0,5,5,3,8,9,9,6,0,0,0,0,1,1,6,6,1,-1,-1,1995,2,7,BMW 5 SERIES,-1,-1,0,-1
2023440505674,2023,440505674,1,9,0,18,19,4,8,0,0,0,0,0,0,0,1,1,3,7,2,42,7,1995,2,4,BMW 5 SERIES,9,E01032848,0,-1
2023010473665,2023,010473665,2,9,0,99,99,9,9,99,99,0,9,99,9,99,1,9,6,6,3,-1,-1,1995,2,5,BMW 5 SERIES,4,E01001259,0,-1
2023170S11673,2023,170S11673,1,9,0,7,7,1,3,0,0,2,0,0,0,0,1,1,6,6,1,52,8,2497,1,18,BMW 5 SERIES,1,E01012271,0,-1
2023552400019,2023,552400019,1,9,0,18,19,2,6,0,0,0,5,0,8,2,1,1,6,6,2,36,7,1998,8,1,BMW 5 SERIES,7,E01015348,0,-1
2023010460621,2023,010460621,1,9,0,14,14,2,6,0,0,0,0,0,0,0,3,1,6,6,1,29,6,2497,1,17,BMW 5 SERIES,3,E01003555,0,-1
2023221359622,2023,221359622,2,9,0,18,19,7,3,0,0,0,0,0,0,0,3,1,5,6,1,29,6,1995,2,11,BMW 5 SERIES,4,E01032132,0,-1
2023332301116,2023,332301116,2,9,0,7,7,4,6,0,0,3,0,0,0,0,1,1,6,6,1,51,8,2793,1,27,BMW 5 SERIES,4,E01025666,0,-1
2023351382957,2023,351382957,1,9,0,18,19,3,6,0,0,0,0,0,0,0,1,1,6,6,1,-1,-1,1995,2,13,BMW 5 SERIES,-1,-1,0,-1
2023010444460,2023,010444460,1,9,0,4,4,3,7,0,0,6,0,0,0,0,1,1,6,6,1,42,7,1995,2,9,BMW 5 SERIES,2,E01003037,0,-1
2023461391398,2023,461391398,1,9,0,3,3,1,5,0,0,1,0,0,0,0,1,1,6,6,1,37,7,1998,1,5,BMW 5 SERIES,2,E01032799,0,-1
2023010438730,2023,010438730,2,9,0,7,7,1,3,0,0,2,0,10,1,0,1,1,6,6,3,-1,-1,1995,2,5,BMW 5 SERIES,-1,-1,0,-1
2023061295325,2023,061295325,2,9,0,4,4,1,5,0,0,1,0,0,0,0,2,1,2,2,1,31,6,1995,2,10,BMW 5 SERIES,1,E01012679,0,-1
2023401301092,2023,401301092,1,9,0,18,19,4,8,0,0,1,0,0,0,0,1,1,2,2,2,36,7,1995,2,17,BMW 5 SERIES,1,E01015729,0,-1
2023401373794,2023,401373794,2,9,0,5,5,6,2,0,0,8,0,0,7,0,4,1,5,6,1,22,5,2000,2,13,BMW 5 SERIES,1,E01017523,0,-1
2023141338331,2023,141338331,1,9,0,18,19,6,2,0,0,1,1,0,0,0,1,1,6,6,1,26,6,2497,2,18,BMW 5 SERIES,1,E01007768,0,-1
2023101353586,2023,101353586,1,9,0,1,1,1,5,0,0,0,0,0,0,0,4,1,6,6,2,36,7,1995,2,12,BMW 5 SERIES,3,E01008506,0,-1
2023471347127,2023,471347127,7,9,0,18,19,2,6,0,0,1,0,0,0,0,0,1,1,1,1,45,7,2993,2,4,BMW 5 SERIES,6,E01001077,0,-1
2023061317419,2023,061317419,2,9,0,18,19,1,1,0,0,0,0,0,0,0,1,1,1,1,1,38,7,2993,12,3,BMW 5 SERIES,2,E01005950,0,-1
2023010429196,2023,010429196,2,9,0,99,99,9,9,99,99,9,9,99,9,99,1,9,6,6,3,-1,-1,1998,8,6,BMW 5 SERIES,-1,-1,0,-1
2023411268193,2023,411268193,3,9,0,18,19,1,5,0,0,0,0,0,0,0,0,1,1,1,1,-1,-1,1998,1,4,BMW 5 SERIES,-1,-1,0,-1
2023201408339,2023,201408339,2,9,0,18,19,5,1,0,0,1,0,0,0,0,1,1,6,6,3,35,6,1995,2,9,BMW 5 SERIES,1,E01009130,0,-1
2023041323335,2023,041323335,2,9,0,4,4,6,2,0,0,0,0,0,0,0,2,1,5,6,1,59,9,2993,2,5,BMW 5 SERIES,7,E01006623,0,-1
2023411384276,2023,411384276,3,9,0,4,4,1,5,0,0,0,0,0,0,0,2,1,6,6,1,35,6,1998,8,4,BMW 5 SERIES,-1,-1,0,-1
2023010440091,2023,010440091,2,9,0,99,99,9,9,99,99,9,9,99,9,99,1,9,6,6,3,-1,-1,1995,2,8,BMW 5 SERIES,-1,-1,0,-1
2023010442944,2023,010442944,1,9,0,18,19,1,5,0,0,0,0,0,0,0,2,1,6,6,1,45,7,2993,2,12,BMW 5 SERIES,2,E01021872,0,-1
2023010442005,2023,010442005,1,9,0,9,9,4,1,0,0,5,0,0,0,0,1,1,6,6,3,33,6,1998,8,5,BMW 5 SERIES,-1,-1,0,-1
2023010461481,2023,010461481,1,9,0,18,19,1,5,0,0,8,1,0,6,0,1,1,6,6,3,-1,-1,1995,2,17,BMW 5 SERIES,-1,-1,0,-1