collision_index,collision_year,collision_ref_no,vehicle_reference,vehicle_type,towing_and_articulation,vehicle_manoeuvre_historic,vehicle_manoeuvre,vehicle_direction_from,vehicle_direction_to,vehicle_location_restricted_lane_historic,vehicle_location_restricted_lane,junction_location,skidding_and_overturning,hit_object_in_carriageway,vehicle_leaving_carriageway,hit_object_off_carriageway,first_point_of_impact,vehicle_left_hand_drive,journey_purpose_of_driver_historic,journey_purpose_of_driver,sex_of_driver,age_of_driver,age_band_of_driver,engine_capacity_cc,propulsion_code,age_of_vehicle,generic_make_model,driver_imd_decile,lsoa_of_driver,escooter_flag,driver_distance_banding
2023010480279,2023,010480279,4,9,0,18,19,3,7,0,0,0,1,0,0,0,2,1,6,6,2,29,6,1995,2,6,BMW 5 SERIES,-1,-1,0,-1
2023010469994,2023,010469994,1,9,0,18,19,3,7,0,0,1,0,0,3,0,1,1,6,6,2,65,9,1998,1,5,BMW 5 SERIES,3,E01001468,0,-1
2023010423134,2023,010423134,1,9,0,18,19,5,1,0,0,4,0,0,7,1,4,1,6,6,2,40,7,1998,8,5,BMW 5 SERIES,9,E01002384,0,-1
2023070799483,2023,070799483,3,9,0,18,19,8,4,0,0,0,0,0,0,0,2,1,6,6,1,21,5,1995,2,6,BMW 5 SERIES,2,E01005950,0,-1
2023141445871,2023,141445871,1,9,0,18,19,7,3,0,0,0,0,0,0,0,0,1,5,6,1,42,7,1995,2,11,BMW 5 SERIES,4,E01007607,0,-1
2023041303494,2023,041303494,1,9,0,9,9,7,5,0,0,8,0,0,0,0,1,1,6,6,2,30,6,1995,2,17,BMW 5 SERIES,1,E01025136,0,-1
2023070486965,2023,070486965,1,9,0,18,19,2,6,0,0,0,0,4,0,0,1,1,6,6,1,68,10,1995,2,4,BMW 5 SERIES,8,E01012548,0,-1
2023101393131,2023,101393131,2,9,0,18,19,7,3,0,0,1,0,0,0,0,1,1,6,6,1,22,5,2993,2,18,BMW 5 SERIES,9,E01008184,0,-1
2023010422390,2023,010422390,2,9,0,18,19,5,1,1,1,0,0,0,0,0,2,1,6,6,1,32,6,1995,2,4,BMW 5 SERIES,7,E01000241,0,-1
2023451391068,2023,451391068,1,9,0,18,19,7,3,0,0,0,0,0,0,0,4,1,5,6,1,56,9,2793,1,23,BMW 5 SERIES,-1,-1,0,-1
2023991290248,2023,991290248,16,9,0,18,19,1,5,0,0,1,1,0,0,0,1,1,6,6,1,53,8,2993,12,2,BMW 5 SERIES,8,E01016758,0,-1
2023302300425,2023,302300425,2,9,0,3,3,8,4,0,0,0,0,0,0,0,1,1,6,6,1,44,7,1995,2,11,BMW 5 SERIES,9,E01013557,0,-1
2023231313384,2023,231313384,1,9,0,1,1,8,4,0,0,0,0,0,0,0,2,1,5,6,1,34,6,1995,2,12,BMW 5 SERIES,4,E01013616,0,-1
2023101314998,2023,101314998,2,9,0,18,19,5,1,0,0,8,0,0,0,0,3,1,1,1,1,38,7,1995,2,8,BMW 5 SERIES,3,E01008318,0,-1
2023010437484,2023,010437484,3,9,0,18,19,3,7,0,0,1,0,0,0,0,0,1,1,1,1,44,7,2993,2,3,BMW 5 SERIES,4,E01003666,0,-1
2023461373963,2023,461373963,1,9,0,3,3,6,2,0,0,2,0,0,0,0,3,1,2,2,1,41,7,2993,2,8,BMW 5 SERIES,8,E01024542,0,-1
2023622301019,2023,622301019,1,9,0,18,19,1,5,0,0,0,1,0,0,0,1,1,6,6,2,18,4,1995,2,11,BMW 5 SERIES,1,W01001808,0,-1
2023471292245,2023,471292245,5,9,0,2,2,0,0,0,0,0,0,0,0,0,3,1,6,6,3,-1,-1,1998,8,1,BMW 5 SERIES,-1,-1,0,-1
2023421388541,2023,421388541,1,9,0,4,4,1,5,0,0,0,0,0,0,0,2,1,6,6,3,-1,-1,2993,2,6,BMW 5 SERIES,-1,-1,0,-1
2023361269044,2023,361269044,2,9,0,4,4,8,4,0,0,0,0,0,0,0,2,1,1,1,1,-1,-1,2993,2,2,BMW 5 SERIES,9,E01026509,0,-1
2023471384552,2023,471384552,2,9,0,16,19,6,8,0,0,0,0,0,0,0,0,1,1,1,1,51,8,2993,2,3,BMW 5 SERIES,6,E01021034,0,-1
2023010449934,2023,010449934,1,9,0,18,19,7,3,0,0,0,0,0,5,7,4,1,1,1,1,47,8,1995,2,10,BMW 5 SERIES,2,E01003591,0,-1
2023991386807,2023,991386807,2,9,0,18,19,2,6,0,0,8,0,0,0,0,4,1,1,1,1,55,8,2993,12,2,BMW 5 SERIES,10,-1,0,-1
2023010485755,2023,010485755,1,9,0,18,19,7,3,0,0,1,0,0,0,0,2,1,6,6,1,61,9,1995,2,8,BMW 5 SERIES,8,E01003225,0,-1
2023451377835,2023,451377835,2,9,0,15,15,1,5,0,0,0,0,0,0,0,4,1,5,6,1,36,7,2993,2,14,BMW 5 SERIES,7,E01022858,0,-1
2023411297467,2023,411297467,4,9,0,2,2,0,0,0,0,0,0,0,0,0,1,1,6,6,3,-1,-1,1998,8,6,BMW 5 SERIES,-1,-1,0,-1
2023061399781,2023,061399781,1,9,-1,18,19,-1,-1,0,0,0,0,0,0,0,1,1,6,6,1,39,7,1995,2,10,BMW 5 SERIES,3,E01006179,0,-1
2023201410522,2023,201410522,3,9,0,2,2,0,0,0,0,2,0,0,0,0,2,1,5,6,3,-1,-1,1995,2,16,BMW 5 SERIES,-1,-1,0,-1
2023340WN2972,2023,340WN2972,2,9,0,18,19,5,1,0,0,8,0,0,0,0,2,1,6,6,1,24,5,1995,2,12,BMW 5 SERIES,5,E01027133,0,-1
2023610006623,2023,610006623,2,9,0,4,4,1,5,0,0,1,0,0,0,0,1,1,6,6,1,33,6,1995,2,7,BMW 5 SERIES,2,W01001288,0,-1
2023440232092,2023,440232092,2,9,0,3,3,7,3,0,0,0,0,0,0,0,2,1,6,6,1,37,7,2497,2,17,BMW 5 SERIES,2,E01015379,0,-1
2023430553883,2023,430553883,1,9,0,1,1,3,7,0,0,6,0,0,0,0,2,1,6,6,1,45,7,2993,2,6,BMW 5 SERIES,-1,-1,0,-1
2023010445960,2023,010445960,2,9,0,99,99,9,9,99,99,9,9,99,9,99,9,9,6,6,3,-1,-1,1998,8,5,BMW 5 SERIES,-1,-1,0,-1
2023421279929,2023,421279929,2,9,0,18,19,5,1,0,0,0,0,0,0,0,0,1,1,1,1,32,6,2993,12,2,BMW 5 SERIES,4,E01003666,0,-1
2023201312919,2023,201312919,2,9,0,18,19,4,8,0,0,0,0,0,0,0,3,1,5,6,1,49,8,1995,2,6,BMW 5 SERIES,5,E01033256,0,-1
2023010471036,2023,010471036,3,9,0,18,19,7,3,0,0,1,0,0,0,0,1,1,1,1,1,29,6,2993,2,3,BMW 5 SERIES,4,E01003666,0,-1
2023340WN1382,2023,340WN1382,2,9,0,18,19,5,1,0,0,8,0,0,0,0,4,1,2,2,1,44,7,1995,2,5,BMW 5 SERIES,5,E01027215,0,-1
2023010427915,2023,010427915,1,8,0,99,99,9,9,99,99,9,9,99,9,99,2,9,1,1,1,26,6,1995,2,5,BMW 5 SERIES,5,E01023402,0,-1
2023440158792,2023,440158792,2,9,0,18,19,7,3,0,0,0,0,0,0,0,1,1,6,6,3,-1,-1,2494,1,20,BMW 5 SERIES,-1,-1,0,-1
2023010478596,2023,010478596,2,9,9,18,19,1,5,99,99,9,9,0,0,0,9,9,6,6,2,29,6,1995,2,10,BMW 5 SERIES,5,E01004616,0,-1
2023131342344,2023,131342344,2,9,0,17,19,7,3,0,0,8,0,0,0,0,1,2,6,6,3,99,11,2993,2,9,BMW 5 SERIES,1,E01010735,0,-1
2023010451628,2023,010451628,1,9,0,4,4,3,7,0,0,1,0,4,0,0,1,1,6,6,1,59,9,1998,1,6,BMW 5 SERIES,6,E01002912,0,-1
2023461351698,2023,461351698,2,9,0,18,19,7,3,0,0,0,0,0,0,0,4,1,2,2,2,38,7,1995,2,7,BMW 5 SERIES,3,E01033735,0,-1
2023010459318,2023,010459318,2,9,0,99,99,9,9,99,99,0,9,99,9,99,1,9,6,6,3,-1,-1,1995,2,5,BMW 5 SERIES,-1,-1,0,-1
2023451364911,2023,451364911,1,9,0,18,19,4,8,0,0,0,1,0,2,7,1,1,6,6,3,38,7,1995,2,8,BMW 5 SERIES,-1,-1,0,-1
2023010460501,2023,010460501,1,9,0,18,19,1,5,0,0,0,0,0,0,0,1,1,1,1,1,27,6,1995,2,7,BMW 5 SERIES,-1,-1,0,-1
2023010424119,2023,010424119,3,9,0,18,19,7,3,0,0,0,0,0,0,0,1,1,6,6,1,34,6,1995,2,5,BMW 5 SERIES,2,E01004268,0,-1
2023501341562,2023,501341562,1,9,0,9,9,1,7,0,0,2,0,0,0,0,4,1,5,6,1,71,10,1995,12,2,BMW 5 SERIES,8,E01022184,0,-1
2023461317923,2023,461317923,1,9,0,1,1,3,7,9,9,0,0,0,0,0,2,1,6,6,1,57,9,1998,8,5,BMW 5 SERIES,-1,-1,0,-1
2023201433178,2023,201433178,1,9,0,18,19,4,6,0,0,2,0,10,7,2,1,1,6,6,1,26,6,1998,8,6,BMW 5 SERIES,2,E01009641,0,-1
2023131359252,2023,131359252,1,9,0,6,6,3,7,0,0,0,0,0,0,0,3,1,6,6,1,44,7,1995,12,3,BMW 5 SERIES,6,E01032551,0,-1
2023010449359,2023,010449359,1,9,0,15,15,3,7,0,0,0,0,0,0,0,1,1,3,7,2,41,7,1995,12,1,BMW 5 SERIES,10,E01004114,0,-1
2023411372110,2023,411372110,1,9,0,18,19,7,3,0,0,0,0,0,0,0,4,1,5,6,2,25,5,2497,1,16,BMW 5 SERIES,-1,-1,0,-1
2023131351015,2023,131351015,1,9,0,18,19,1,5,0,0,8,0,0,0,0,1,1,6,6,1,25,5,1995,2,6,BMW 5 SERIES,3,E01010805,0,-1
2023461325844,2023,461325844,1,9,0,18,19,6,2,0,0,3,1,0,1,0,1,1,6,6,1,20,4,2993,2,4,BMW 5 SERIES,6,E01016306,0,-1
2023320185994,2023,320185994,1,9,0,13,13,8,4,0,0,0,1,0,1,0,1,1,6,6,1,59,9,2993,2,12,BMW 5 SERIES,2,E01026011,0,-1
2023401321498,2023,401321498,2,9,0,17,19,5,1,0,0,0,0,0,0,0,1,1,6,6,1,53,8,2000,2,12,BMW 5 SERIES,3,E01015752,0,-1
2023071091810,2023,071091810,4,9,0,3,3,1,5,0,0,0,0,0,0,0,2,1,6,6,1,23,5,1995,2,5,BMW 5 SERIES,3,E01010479,0,-1
2023061339543,2023,061339543,3,9,0,18,19,8,8,0,0,0,0,0,0,0,0,1,1,1,1,25,5,2993,2,6,BMW 5 SERIES,-1,-1,0,-1
2023471302665,2023,471302665,5,9,0,18,19,3,7,0,0,0,0,4,0,0,3,1,5,6,1,25,5,1995,2,12,BMW 5 SERIES,1,E01031429,0,-1
2023201387048,2023,201387048,2,9,0,18,19,8,4,0,0,0,0,0,0,0,1,1,1,1,1,28,6,1995,2,8,BMW 5 SERIES,2,E01009932,0,-1
2023161279466,2023,161279466,2,9,0,18,19,4,1,0,0,3,0,0,0,0,1,1,6,6,1,20,4,1995,2,14,BMW 5 SERIES,1,E01012867,0,-1
2023010458426,2023,010458426,1,9,0,4,4,1,5,0,0,2,0,0,0,0,2,1,6,6,1,49,8,1995,2,18,BMW 5 SERIES,6,E01021113,0,-1
2023311333933,2023,311333933,1,9,0,18,19,5,1,0,0,1,0,0,0,0,1,1,6,6,2,54,8,1995,2,5,BMW 5 SERIES,9,E01028346,0,-1
2023010444984,2023,010444984,1,9,0,5,5,7,3,0,0,8,0,0,0,0,1,1,6,6,1,35,6,2993,2,9,BMW 5 SERIES,7,E01004297,0,-1
2023010469671,2023,010469671,2,9,0,99,99,9,9,99,99,9,9,99,9,99,9,9,6,6,3,-1,-1,1995,2,10,BMW 5 SERIES,3,E01002553,0,-1
2023440531885,2023,440531885,1,9,0,18,19,5,1,0,0,0,0,0,0,0,1,1,6,6,1,33,6,2993,2,4,BMW 5 SERIES,3,E01017075,0,-1
2023471346231,2023,471346231,2,9,0,18,19,1,5,0,0,1,0,0,0,0,2,1,1,1,1,55,8,2993,12,3,BMW 5 SERIES,3,E01021090,0,-1
2023522301074,2023,522301074,2,9,0,1,1,9,9,9,9,6,0,4,0,0,2,1,6,6,1,-1,-1,1998,1,5,BMW 5 SERIES,-1,-1,0,-1
2023010482285,2023,010482285,2,9,0,99,99,9,9,99,99,9,9,99,9,99,9,9,6,6,3,-1,-1,1995,2,5,BMW 5 SERIES,5,E01023295,0,-1
2023131393106,2023,131393106,1,9,0,18,19,7,3,0,0,8,0,0,0,0,1,1,5,6,1,30,6,1995,2,16,BMW 5 SERIES,4,E01010727,0,-1
2023010431721,2023,010431721,2,9,0,5,5,7,3,0,0,8,0,0,0,0,3,1,2,2,1,40,7,1995,2,9,BMW 5 SERIES,2,E01003338,0,-1
2023440179870,2023,440179870,1,9,0,18,19,8,5,0,0,0,1,4,0,0,1,1,6,6,1,27,6,2993,2,16,BMW 5 SERIES,4,E01017203,0,-1
2023010442918,2023,010442918,2,8,0,99,99,9,9,99,99,9,9,99,9,99,1,9,6,6,3,-1,-1,1995,2,7,BMW 5 SERIES,3,E01024482,0,-1
2023991390843,2023,991390843,1,9,0,18,19,6,2,0,0,0,0,0,0,0,1,1,6,6,3,-1,-1,2993,2,16,BMW 5 SERIES,-1,-1,0,-1
2023010451534,2023,010451534,2,9,9,99,99,9,9,99,99,9,9,99,9,99,9,9,6,6,3,-1,-1,1995,2,16,BMW 5 SERIES,-1,-1,0,-1
202360A191685,2023,60A191685,1,9,0,18,19,5,1,0,0,0,1,0,0,0,1,1,6,6,1,22,5,1995,2,14,BMW 5 SERIES,-1,-1,0,-1
2023430144625,2023,430144625,2,9,0,18,19,4,8,0,0,0,0,0,0,0,3,1,6,6,1,37,7,2993,2,11,BMW 5 SERIES,2,E01013522,0,-1
2023010472005,2023,010472005,2,9,0,17,19,5,1,0,0,8,0,0,0,0,3,1,6,6,2,32,6,1995,2,7,BMW 5 SERIES,4,E01000625,0,-1
2023991373452,2023,991373452,1,8,0,9,9,7,5,0,0,8,0,0,0,0,1,1,1,1,1,65,9,2993,2,7,BMW 5 SERIES,5,-1,0,-1
2023010430749,2023,010430749,2,9,0,17,19,3,1,0,0,8,0,0,0,0,1,1,1,1,1,27,6,2993,2,3,BMW 5 SERIES,-1,-1,0,-1
2023131332178,2023,131332178,1,9,0,18,19,7,3,0,0,0,0,0,0,0,3,1,1,1,1,49,8,1998,8,6,BMW 5 SERIES,1,E01010618,0,-1
2023430235593,2023,430235593,2,9,0,18,19,2,6,0,0,0,0,0,0,0,2,1,6,6,1,43,7,1995,2,11,BMW 5 SERIES,10,E01016645,0,-1
2023351377190,2023,351377190,2,9,0,18,19,5,1,0,0,8,0,0,0,0,3,1,5,6,1,28,6,1995,2,12,BMW 5 SERIES,2,E01018144,0,-1
2023010454332,2023,010454332,2,9,0,99,99,9,9,99,99,9,9,99,9,99,2,9,6,6,3,-1,-1,1995,2,5,BMW 5 SERIES,-1,-1,0,-1
2023131302994,2023,131302994,2,9,0,4,4,7,3,0,0,0,0,0,0,0,2,1,5,6,1,28,6,1995,2,9,BMW 5 SERIES,4,E01010834,0,-1
2023451306828,2023,451306828,2,9,0,18,19,3,7,0,0,0,0,0,0,0,4,1,1,1,1,50,8,2993,2,4,BMW 5 SERIES,9,E01030830,0,-1
2023071145940,2023,071145940,1,9,0,3,3,2,6,0,0,4,0,0,0,0,2,1,1,1,1,35,6,1998,1,3,BMW 5 SERIES,8,E01018582,0,-1
2023061374864,2023,061374864,2,9,0,18,19,2,7,0,0,0,0,0,0,0,4,1,6,6,2,34,6,1995,2,8,BMW 5 SERIES,3,E01005522,0,-1
2023231340720,2023,231340720,2,9,0,2,2,0,0,0,0,0,0,0,0,0,2,1,5,6,1,38,7,1995,2,12,BMW 5 SERIES,5,E01031163,0,-1
2023041341584,2023,041341584,1,9,0,5,5,5,1,0,0,8,0,0,0,0,3,1,2,2,1,48,8,1995,2,13,BMW 5 SERIES,2,E01012605,0,-1
2023010436644,2023,010436644,2,9,0,14,14,1,5,0,0,1,0,0,0,0,1,1,6,6,1,38,7,2993,2,3,BMW 5 SERIES,6,E01000330,0,-1
2023061395968,2023,061395968,2,9,0,18,19,5,1,0,0,1,0,0,0,0,1,1,6,6,1,28,6,2993,2,14,BMW 5 SERIES,3,E01005160,0,-1
2023161315425,2023,161315425,1,9,0,9,9,6,6,0,0,0,0,0,0,0,1,1,3,7,1,48,8,2993,2,6,BMW 5 SERIES,8,E01013189,0,-1
2023501264778,2023,501264778,1,9,0,16,19,7,4,0,0,1,0,0,0,0,4,1,5,6,1,43,7,2000,2,12,BMW 5 SERIES,6,E01015039,0,-1
2023131307038,2023,131307038,2,9,0,18,19,3,7,0,0,1,0,0,0,0,2,1,5,6,1,40,7,1995,2,5,BMW 5 SERIES,9,E01011568,0,-1
2023031261163,2023,031261163,1,9,0,13,13,4,8,0,0,0,1,0,2,4,4,1,5,6,1,24,5,2993,2,7,BMW 5 SERIES,2,E01025152,0,-1
2023440007272,2023,440007272,2,9,0,4,4,3,7,0,0,0,0,0,0,0,2,1,6,6,1,43,7,1995,2,7,BMW 5 SERIES,3,E01017191,0,-1
2023501375126,2023,501375126,3,9,0,2,2,0,0,0,0,0,0,0,0,0,1,1,6,6,1,-1,-1,2500,1,23,BMW 5 SERIES,2,E01015262,0,-1
2023531323775,2023,531323775,3,9,0,18,19,8,4,0,0,1,0,0,0,0,0,1,6,6,1,41,7,2993,2,3,BMW 5 SERIES,5,E01022420,0,-1
2023430118015,2023,430118015,3,9,0,18,19,6,2,0,0,0,0,0,0,0,3,1,6,6,1,29,6,1995,2,8,BMW 5 SERIES,6,E01016469,0,-1
2023320490551,2023,320490551,1,9,0,1,1,7,3,0,0,0,0,0,0,0,2,1,6,6,1,23,5,2993,2,13,BMW 5 SERIES,7,E01026281,0,-1
2023401325797,2023,401325797,2,9,0,4,4,5,1,0,0,0,0,0,0,0,2,1,1,1,1,34,6,1995,2,5,BMW 5 SERIES,2,E01003599,0,-1
2023461361576,2023,461361576,2,9,0,16,19,7,3,0,0,2,0,0,0,0,2,1,5,6,2,43,7,1995,2,17,BMW 5 SERIES,2,E01024315,0,-1
2023311301975,2023,311301975,3,9,0,18,19,2,6,0,0,0,0,0,0,0,0,1,1,1,1,42,7,2993,12,2,BMW 5 SERIES,5,E01028189,0,-1
2023010475732,2023,010475732,2,9,0,18,19,7,3,0,0,1,0,0,0,0,1,1,3,7,2,35,6,1995,2,8,BMW 5 SERIES,8,E01003845,0,-1
2023010468791,2023,010468791,1,9,0,99,99,9,9,99,99,9,9,99,9,99,9,9,6,6,1,60,9,2171,1,19,BMW 5 SERIES,5,E01003948,0,-1
2023371349231,2023,371349231,1,9,0,18,19,2,5,0,0,0,0,0,0,0,1,1,5,6,2,68,10,1998,1,6,BMW 5 SERIES,8,E01030086,0,-1
2023320297557,2023,320297557,2,9,0,18,19,4,8,0,0,8,0,0,0,0,1,1,1,1,1,38,7,2993,12,3,BMW 5 SERIES,9,E01026320,0,-1
2023010473192,2023,010473192,3,9,0,18,19,3,7,0,0,0,0,0,0,0,1,1,6,6,1,52,8,2993,2,3,BMW 5 SERIES,-1,-1,0,-1
2023451345289,2023,451345289,2,9,0,18,19,5,1,0,0,0,0,0,0,0,0,1,1,1,1,33,6,2993,2,4,BMW 5 SERIES,-1,-1,0,-1
2023430240744,2023,430240744,2,9,0,9,9,7,5,0,0,6,0,0,0,0,1,1,6,6,1,60,9,2993,2,15,BMW 5 SERIES,-1,-1,0,-1
2023531327082,2023,531327082,2,9,0,18,19,5,1,1,1,0,0,0,0,0,2,1,5,6,2,47,8,1995,2,7,BMW 5 SERIES,6,E01022225,0,-1
2023991320927,2023,991320927,1,9,0,7,7,8,2,0,0,1,0,0,0,0,0,1,5,6,2,50,8,1995,2,7,BMW 5 SERIES,-1,-1,0,-1
2023010426714,2023,010426714,2,9,0,18,19,5,1,0,0,2,0,0,0,0,4,1,1,1,1,44,7,2993,2,3,BMW 5 SERIES,4,E01000472,0,-1
2023991260684,2023,991260684,1,9,0,17,19,4,8,0,0,0,1,0,7,4,4,1,5,6,1,33,6,2171,1,19,BMW 5 SERIES,2,-1,0,-1
2023010453457,2023,010453457,1,9,0,3,3,5,1,0,0,1,0,10,0,0,1,1,6,6,1,53,8,1998,1,6,BMW 5 SERIES,10,E01004157,0,-1
2023332301220,2023,332301220,2,9,0,3,3,2,8,0,0,1,0,0,0,0,2,1,6,6,1,30,6,1995,2,7,BMW 5 SERIES,8,E01025862,0,-1
2023302300492,2023,302300492,1,9,0,18,19,2,6,0,0,4,0,0,0,0,1,1,6,6,1,26,6,1995,2,7,BMW 5 SERIES,2,E01013504,0,-1
2023320725604,2023,320725604,2,9,0,3,3,1,5,0,0,0,0,0,0,0,2,1,2,2,1,28,6,1995,2,9,BMW 5 SERIES,6,E01026316,0,-1
2023991319977,2023,991319977,1,9,0,9,9,5,1,0,0,8,0,0,0,0,1,1,5,6,1,22,5,1995,12,3,BMW 5 SERIES,7,-1,0,-1
2023131261641,2023,131261641,2,9,0,10,10,2,6,0,0,0,0,0,0,0,2,1,6,6,1,58,9,2993,2,8,BMW 5 SERIES,1,E01010745,0,-1
2023302300905,2023,302300905,1,9,0,18,19,7,3,0,0,2,0,0,0,0,1,1,6,6,1,44,7,1998,8,5,BMW 5 SERIES,10,E01028139,0,-1
2023010481681,2023,010481681,2,9,0,18,19,5,1,0,0,0,0,0,0,0,1,1,6,6,3,-1,-1,1995,12,0,BMW 5 SERIES,-1,-1,0,-1
2023441339789,2023,441339789,1,9,0,7,7,7,1,0,0,6,0,0,7,11,1,1,6,6,1,29,6,2993,2,18,BMW 5 SERIES,8,E01031535,0,-1
2023010487566,2023,010487566,1,8,4,99,99,9,9,99,99,0,9,99,9,99,2,9,6,6,3,-1,-1,1998,8,5,BMW 5 SERIES,-1,-1,0,-1
2023131310187,2023,131310187,2,9,0,18,19,7,3,0,0,0,0,0,0,0,2,1,1,1,1,51,8,1998,8,0,BMW 5 SERIES,6,E01008040,0,-1
2023461289605,2023,461289605,1,9,0,18,19,1,4,0,0,0,0,0,0,0,1,1,5,6,1,22,5,1990,1,29,BMW 5 SERIES,7,E01024576,0,-1
2023010428957,2023,010428957,2,9,0,99,99,9,9,99,99,9,9,99,9,99,1,9,6,6,3,-1,-1,2497,2,18,BMW 5 SERIES,-1,-1,0,-1
2023010453788,2023,010453788,1,9,0,18,19,7,3,0,0,0,0,0,0,0,0,1,1,1,1,33,6,2993,2,3,BMW 5 SERIES,-1,-1,0,-1
2023061357580,2023,061357580,1,9,0,18,19,7,3,0,0,8,0,0,0,0,4,1,1,1,2,34,6,1995,2,7,BMW 5 SERIES,3,E01005312,0,-1
2023010439632,2023,010439632,1,9,0,18,19,5,1,0,0,0,0,0,0,0,1,1,1,1,1,38,7,1995,2,7,BMW 5 SERIES,2,E01000065,0,-1
2023141376878,2023,141376878,1,9,0,18,19,1,5,0,0,1,0,0,7,4,4,1,5,6,1,42,7,1995,2,4,BMW 5 SERIES,4,E01007625,0,-1
2023010465263,2023,010465263,1,9,0,18,19,1,5,0,0,4,0,0,0,0,1,1,6,6,2,70,10,2996,1,18,BMW 5 SERIES,6,E01003033,0,-1
2023010432094,2023,010432094,1,8,0,99,99,9,9,99,99,0,9,99,9,99,2,9,1,1,1,36,7,1995,2,8,BMW 5 SERIES,3,E01002151,0,-1
2023010462428,2023,010462428,2,9,0,18,19,7,3,9,9,8,1,0,1,1,1,1,1,1,2,39,7,1998,1,4,BMW 5 SERIES,4,E01000472,0,-1
2023991351341,2023,991351341,1,9,0,18,19,8,3,0,0,4,5,9,3,6,1,1,5,6,1,24,5,2993,2,17,BMW 5 SERIES,-1,-1,0,-1
2023010452601,2023,010452601,3,9,9,18,19,5,1,0,0,9,9,99,9,0,9,9,6,6,2,-1,-1,1998,8,6,BMW 5 SERIES,4,E01001613,0,-1
2023010459481,2023,010459481,2,9,0,18,19,7,3,0,0,0,0,0,0,0,0,1,1,1,1,31,6,2993,2,3,BMW 5 SERIES,-1,-1,0,-1
2023010435013,2023,010435013,1,9,0,18,19,3,7,0,0,0,0,0,0,0,0,1,1,1,1,43,7,1998,1,4,BMW 5 SERIES,4,E01003666,0,-1
2023131320085,2023,131320085,1,9,0,15,15,1,5,0,0,0,1,0,0,0,1,1,6,6,1,29,6,1995,2,10,BMW 5 SERIES,1,E01011431,0,-1
2023371330501,2023,371330501,2,9,0,18,19,7,3,0,0,0,0,0,0,0,4,1,3,7,1,49,8,1995,2,11,BMW 5 SERIES,4,E01030118,0,-1
2023461270221,2023,461270221,2,9,0,3,3,3,7,0,0,8,0,0,0,0,2,1,6,6,1,54,8,1995,12,1,BMW 5 SERIES,3,E01024149,0,-1
2023141266101,2023,141266101,3,9,0,18,19,6,2,0,0,0,0,0,0,0,1,1,2,2,1,33,6,1995,2,15,BMW 5 SERIES,1,E01011318,0,-1
2023451274929,2023,451274929,1,9,0,13,13,7,3,0,0,1,0,0,7,0,1,1,1,1,1,30,6,2993,2,4,BMW 5 SERIES,9,E01030830,0,-1
2023421328916,2023,421328916,2,9,0,18,19,8,4,0,0,0,0,0,0,0,1,1,1,1,1,44,7,2993,12,1,BMW 5 SERIES,3,E01026719,0,-1
2023010484770,2023,010484770,1,9,0,18,19,3,7,0,0,0,0,0,0,0,1,1,2,2,1,41,7,1995,2,7,BMW 5 SERIES,2,E01002096,0,-1
2023991379642,2023,991379642,2,9,0,18,19,3,7,0,0,8,0,0,0,0,1,1,2,2,1,42,7,2993,2,18,BMW 5 SERIES,1,-1,0,-1
2023351271202,2023,351271202,3,9,0,3,3,7,1,0,0,0,0,0,0,0,0,1,1,1,1,41,7,2993,2,3,BMW 5 SERIES,6,E01018151,0,-1
2023010419609,2023,010419609,2,9,0,18,19,5,1,0,0,1,0,0,0,0,1,1,6,6,1,36,7,1995,2,9,BMW 5 SERIES,4,E01002369,0,-1
2023010445142,2023,010445142,2,9,0,99,99,9,9,99,99,0,9,99,9,99,9,9,6,6,3,-1,-1,1998,8,5,BMW 5 SERIES,-1,-1,0,-1
2023170H10593,2023,170H10593,1,9,0,18,19,2,6,0,0,8,0,0,0,0,4,1,6,6,1,36,7,2996,2,13,BMW 5 SERIES,-1,-1,0,-1
2023430098190,2023,430098190,1,9,0,18,19,4,8,0,0,1,0,0,0,0,4,1,6,6,1,48,8,2000,2,14,BMW 5 SERIES,7,E01016840,0,-1
2023201328092,2023,201328092,2,9,0,18,19,1,5,0,0,8,0,0,0,0,4,1,6,6,1,37,7,1995,2,4,BMW 5 SERIES,8,E01010507,0,-1
2023010456011,2023,010456011,2,9,0,7,7,3,5,0,0,5,0,0,0,0,1,1,1,1,1,31,6,2993,2,3,BMW 5 SERIES,4,E01003666,0,-1
2023052303011,2023,052303011,2,9,0,18,19,5,1,0,0,1,0,0,0,0,4,1,1,1,1,74,10,2993,2,7,BMW 5 SERIES,7,E01006885,0,-1
2023461312667,2023,461312667,1,9,0,7,7,-1,-1,0,0,5,0,0,0,0,4,1,5,6,1,43,7,1995,2,11,BMW 5 SERIES,9,E01024834,0,-1
2023010465379,2023,010465379,1,8,0,18,19,7,3,0,0,8,0,0,0,0,1,1,1,1,1,50,8,1998,8,5,BMW 5 SERIES,7,E01001346,0,-1
2023010423956,2023,010423956,2,9,0,3,3,1,5,0,0,1,0,0,0,0,2,1,6,6,2,51,8,1995,2,10,BMW 5 SERIES,3,E01000368,0,-1
2023010431893,2023,010431893,1,9,9,99,99,9,9,99,99,0,9,99,9,99,9,9,6,6,1,35,6,1995,2,12,BMW 5 SERIES,6,E01003437,0,-1