collision_index,collision_year,collision_ref_no,vehicle_reference,vehicle_type,towing_and_articulation,vehicle_manoeuvre_historic,vehicle_manoeuvre,vehicle_direction_from,vehicle_direction_to,vehicle_location_restricted_lane_historic,vehicle_location_restricted_lane,junction_location,skidding_and_overturning,hit_object_in_carriageway,vehicle_leaving_carriageway,hit_object_off_carriageway,first_point_of_impact,vehicle_left_hand_drive,journey_purpose_of_driver_historic,journey_purpose_of_driver,sex_of_driver,age_of_driver,age_band_of_driver,engine_capacity_cc,propulsion_code,age_of_vehicle,generic_make_model,driver_imd_decile,lsoa_of_driver,escooter_flag,driver_distance_banding
2023161340040,2023,161340040,1,9,0,18,19,1,5,0,0,8,0,0,0,0,1,1,6,6,1,47,8,1995,2,6,BMW 5 SERIES,7,E01013307,0,-1
2023141376120,2023,141376120,2,9,0,18,19,4,8,0,0,0,0,0,0,0,2,1,5,6,1,48,8,2993,2,14,BMW 5 SERIES,3,E01016012,0,-1
2023010456891,2023,010456891,2,9,0,99,99,9,9,99,99,9,9,99,9,99,9,9,6,6,3,-1,-1,1995,2,6,BMW 5 SERIES,-1,-1,0,-1
2023010452801,2023,010452801,1,9,0,18,19,3,7,0,0,2,0,0,0,0,1,1,6,6,1,31,6,1995,2,5,BMW 5 SERIES,2,E01003729,0,-1
202360A172132,2023,60A172132,2,9,0,18,19,6,2,0,0,1,0,0,0,0,1,1,6,6,1,27,6,1995,2,9,BMW 5 SERIES,-1,-1,0,-1
2023340NN0202,2023,340NN0202,1,9,0,18,19,3,7,0,0,8,0,0,0,0,3,1,6,6,1,34,6,1995,2,16,BMW 5 SERIES,3,E01027111,0,-1
2023430102129,2023,430102129,2,9,0,18,19,3,7,0,0,0,0,0,0,0,1,1,6,6,1,20,4,2993,2,13,BMW 5 SERIES,-1,-1,0,-1
2023340WN5842,2023,340WN5842,2,9,0,7,7,8,4,0,0,3,0,0,0,0,1,1,6,6,1,50,8,1995,2,8,BMW 5 SERIES,6,E01032977,0,-1
2023052301244,2023,052301244,2,9,0,18,19,1,5,0,0,1,0,0,0,0,3,1,1,1,1,47,8,1995,2,7,BMW 5 SERIES,1,E01033759,0,-1
2023161371105,2023,161371105,2,9,0,18,19,3,7,0,0,1,0,0,0,0,1,1,6,6,1,36,7,1995,2,17,BMW 5 SERIES,-1,-1,0,-1
2023440143657,2023,440143657,1,9,0,18,19,5,1,0,0,2,0,0,0,0,1,1,6,6,1,37,7,2993,2,12,BMW 5 SERIES,3,E01017082,0,-1
2023010473681,2023,010473681,3,9,0,18,19,1,5,0,0,1,0,0,0,0,0,1,1,1,1,38,7,2993,2,4,BMW 5 SERIES,4,E01000472,0,-1
2023061371207,2023,061371207,2,9,0,15,15,4,1,0,0,8,0,0,0,0,1,1,1,1,1,22,5,1998,8,1,BMW 5 SERIES,2,E01005960,0,-1
2023010468792,2023,010468792,1,9,0,99,99,9,9,99,99,9,9,99,9,99,9,9,6,6,1,55,8,1995,2,10,BMW 5 SERIES,2,E01004240,0,-1
2023061358420,2023,061358420,1,9,0,9,9,1,7,0,0,0,0,0,0,0,1,1,5,6,1,44,7,1998,8,3,BMW 5 SERIES,9,E01004951,0,-1
2023010426714,2023,010426714,3,9,0,18,19,5,1,0,0,2,0,0,0,0,1,1,1,1,1,55,8,1998,1,4,BMW 5 SERIES,4,E01000472,0,-1
2023430028032,2023,430028032,2,9,0,18,19,4,8,0,0,0,0,0,1,7,3,1,6,6,1,42,7,1995,2,6,BMW 5 SERIES,8,E01032975,0,-1
2023421316376,2023,421316376,2,9,0,18,19,3,7,0,0,0,0,0,0,0,1,1,1,1,1,28,6,2993,2,4,BMW 5 SERIES,-1,-1,0,-1
2023552300743,2023,552300743,2,9,0,4,4,6,2,0,0,0,0,0,0,0,2,1,6,6,2,48,8,1995,2,10,BMW 5 SERIES,5,E01020353,0,-1
2023201278696,2023,201278696,2,9,0,18,19,4,8,0,0,8,0,0,0,0,4,1,1,1,1,32,6,1995,2,6,BMW 5 SERIES,4,E01009276,0,-1
2023461308205,2023,461308205,1,9,-1,-1,-1,-1,-1,-1,-1,0,-1,-1,-1,0,-1,1,6,6,3,-1,-1,1995,2,17,BMW 5 SERIES,-1,-1,0,-1
2023041352162,2023,041352162,2,9,0,2,2,0,0,0,0,0,0,0,0,0,2,1,6,6,3,-1,-1,2497,2,17,BMW 5 SERIES,-1,-1,0,-1
2023552300966,2023,552300966,2,9,0,5,5,2,5,0,0,1,0,0,0,0,1,1,2,2,1,26,6,2497,1,18,BMW 5 SERIES,6,E01015318,0,-1
2023471322716,2023,471322716,1,9,0,17,19,7,5,9,9,0,0,0,0,0,2,1,6,6,1,49,8,1998,8,1,BMW 5 SERIES,10,E01031644,0,-1
2023010431199,2023,010431199,4,9,0,18,19,7,3,0,0,0,0,0,0,0,1,1,6,6,1,60,9,1995,2,7,BMW 5 SERIES,2,E01003299,0,-1
2023010434628,2023,010434628,1,9,0,99,99,9,9,99,99,9,9,99,9,99,9,9,6,6,1,33,6,1998,8,5,BMW 5 SERIES,3,E01003688,0,-1
2023010460300,2023,010460300,2,9,0,18,19,8,4,0,0,0,0,0,0,0,1,1,1,1,1,27,6,1998,1,4,BMW 5 SERIES,5,E01004733,0,-1
2023070365095,2023,070365095,1,9,0,18,19,1,5,0,0,0,0,0,0,2,1,1,6,6,3,-1,-1,2993,2,17,BMW 5 SERIES,-1,-1,0,-1
2023361368225,2023,361368225,1,9,0,2,2,4,6,0,0,1,0,0,0,0,2,1,6,6,1,40,7,2993,2,8,BMW 5 SERIES,9,E01026836,0,-1
2023010439710,2023,010439710,2,9,0,18,19,3,7,0,0,3,0,0,0,0,1,1,1,1,1,35,6,2993,2,3,BMW 5 SERIES,9,E01003356,0,-1
2023471384138,2023,471384138,2,9,0,2,2,0,0,0,0,0,0,0,0,0,1,1,5,6,1,41,7,1995,2,7,BMW 5 SERIES,3,E01031783,0,-1
2023302301979,2023,302301979,1,9,0,18,19,7,3,0,0,1,0,0,0,0,4,1,6,6,3,-1,-1,2926,2,20,BMW 5 SERIES,5,E01019456,0,-1
2023010476233,2023,010476233,2,9,0,99,99,9,9,99,99,9,9,99,9,99,9,9,6,6,3,-1,-1,1998,8,6,BMW 5 SERIES,-1,-1,0,-1
2023991292094,2023,991292094,2,9,0,9,9,7,4,0,0,8,0,0,0,0,4,1,6,6,1,46,8,1995,2,11,BMW 5 SERIES,3,-1,0,-1
2023991264980,2023,991264980,1,9,0,16,19,6,2,0,0,0,1,0,7,0,1,1,5,6,1,40,7,2993,2,13,BMW 5 SERIES,-1,-1,0,-1
2023340WN1342,2023,340WN1342,1,9,0,18,19,7,3,0,0,0,1,0,0,1,3,1,6,6,1,24,5,2993,2,18,BMW 5 SERIES,2,E01026030,0,-1
2023421278532,2023,421278532,2,9,0,3,3,1,5,0,0,1,0,0,0,0,4,1,2,2,1,28,6,2993,2,9,BMW 5 SERIES,3,E01021870,0,-1
2023061366288,2023,061366288,2,9,0,4,4,-1,-1,0,0,0,0,0,0,0,2,1,1,1,1,52,8,2993,12,1,BMW 5 SERIES,10,E01005931,0,-1
2023430148536,2023,430148536,2,9,0,18,19,7,3,0,0,8,0,0,0,0,4,1,6,6,1,36,7,1995,2,10,BMW 5 SERIES,10,E01016702,0,-1
2023332300987,2023,332300987,1,9,0,18,19,3,7,0,0,4,0,0,0,0,0,1,6,6,1,31,6,2993,12,1,BMW 5 SERIES,-1,-1,0,-1
2023010437949,2023,010437949,6,9,0,16,19,5,1,0,0,1,0,0,0,0,1,1,1,1,1,33,6,1998,1,3,BMW 5 SERIES,5,E01000036,0,-1
2023010422940,2023,010422940,1,9,0,99,99,9,9,99,99,0,9,0,0,0,9,9,6,6,2,40,7,1995,12,3,BMW 5 SERIES,10,E01021780,0,-1
2023351401634,2023,351401634,1,9,0,18,19,7,3,0,0,1,0,0,1,10,1,1,5,6,1,23,5,2497,2,17,BMW 5 SERIES,9,E01018037,0,-1
2023010469615,2023,010469615,1,9,0,16,19,3,7,0,0,0,1,10,0,0,1,1,6,6,1,38,7,1995,2,16,BMW 5 SERIES,2,E01004252,0,-1
2023201360213,2023,201360213,2,9,0,9,9,5,3,0,0,5,0,0,0,0,4,1,1,1,1,41,7,1995,2,9,BMW 5 SERIES,1,E01010366,0,-1
2023541399523,2023,541399523,1,9,0,18,19,3,7,0,0,0,0,0,0,0,1,1,6,6,2,33,6,2993,2,12,BMW 5 SERIES,6,E01032691,0,-1
2023451305966,2023,451305966,1,9,0,5,5,6,2,0,0,0,0,0,0,0,2,1,2,2,2,44,7,1998,8,5,BMW 5 SERIES,4,E01030304,0,-1
2023201440611,2023,201440611,3,9,0,18,19,6,2,0,0,0,0,0,0,0,1,1,6,6,1,53,8,1995,2,9,BMW 5 SERIES,2,E01010406,0,-1
2023041306923,2023,041306923,1,9,0,7,7,4,6,0,0,8,0,0,0,0,3,1,6,6,1,-1,-1,1995,2,8,BMW 5 SERIES,-1,-1,0,-1
2023010439722,2023,010439722,1,9,0,18,19,3,7,0,0,8,0,0,0,0,0,1,1,1,1,43,7,1998,1,4,BMW 5 SERIES,3,E01002612,0,-1
2023010460705,2023,010460705,2,9,0,8,8,3,5,0,0,1,0,0,0,0,0,1,6,6,1,-1,-1,1998,1,4,BMW 5 SERIES,3,E01003221,0,-1
2023302300607,2023,302300607,4,9,0,17,19,6,2,0,0,0,0,0,0,0,1,1,6,6,1,74,10,2998,1,4,BMW 5 SERIES,10,E01012968,0,-1
2023010473754,2023,010473754,3,9,0,99,99,9,9,99,99,9,9,99,9,99,0,9,6,6,3,29,6,2996,1,15,BMW 5 SERIES,1,E01004199,0,-1
2023332300980,2023,332300980,1,9,0,17,19,6,3,0,0,2,0,0,2,1,1,1,6,6,1,19,4,2926,2,22,BMW 5 SERIES,1,E01013761,0,-1
2023010436505,2023,010436505,2,9,0,18,19,3,7,0,0,2,0,0,1,0,1,1,6,6,2,48,8,2993,2,3,BMW 5 SERIES,-1,-1,0,-1
202363D006623,2023,63D006623,1,9,0,17,19,1,6,0,0,0,0,0,1,4,1,1,2,2,1,31,6,1998,8,6,BMW 5 SERIES,3,W01000454,0,-1
2023041334515,2023,041334515,1,9,0,18,19,1,5,0,0,0,0,0,0,0,1,1,5,6,1,40,7,1995,2,8,BMW 5 SERIES,1,E01012419,0,-1
2023411275525,2023,411275525,2,9,0,8,8,-1,-1,0,0,3,0,0,0,0,2,1,6,6,1,30,6,1995,2,10,BMW 5 SERIES,8,E01023837,0,-1
2023622300933,2023,622300933,2,9,0,2,2,0,0,0,0,0,0,0,0,0,2,1,1,1,1,25,5,2993,2,13,BMW 5 SERIES,1,W01000833,0,-1
2023501291099,2023,501291099,2,9,0,18,19,7,3,0,0,0,0,0,0,0,1,1,1,1,1,46,8,2993,2,3,BMW 5 SERIES,-1,-1,0,-1
2023010456444,2023,010456444,3,9,0,18,19,5,1,0,0,1,0,0,0,0,0,1,1,1,1,33,6,2993,2,3,BMW 5 SERIES,4,E01004142,0,-1
2023010443799,2023,010443799,2,9,0,4,4,2,6,0,0,8,0,0,0,0,0,1,1,1,1,40,7,1998,1,4,BMW 5 SERIES,4,E01000472,0,-1
2023010475200,2023,010475200,1,9,0,18,19,5,1,0,0,2,0,10,1,2,1,1,6,6,1,22,5,1995,2,6,BMW 5 SERIES,3,E01004280,0,-1
2023010436170,2023,010436170,1,9,0,18,19,5,1,0,0,1,0,0,0,0,2,1,6,6,2,31,6,2993,2,15,BMW 5 SERIES,3,E01001548,0,-1
2023010475904,2023,010475904,5,9,0,13,13,6,2,0,0,1,0,0,0,0,0,1,1,1,1,55,8,2993,12,1,BMW 5 SERIES,8,E01003897,0,-1
2023991380637,2023,991380637,2,9,0,18,19,7,3,0,0,0,0,0,1,0,2,1,5,6,1,57,9,2993,2,14,BMW 5 SERIES,10,-1,0,-1
2023010439913,2023,010439913,2,9,0,18,19,6,2,0,0,4,0,4,0,0,1,1,6,6,3,-1,-1,2996,1,17,BMW 5 SERIES,3,E01003625,0,-1
2023430470227,2023,430470227,2,9,0,18,19,6,2,0,0,6,0,0,0,0,1,1,6,6,3,-1,-1,1995,2,7,BMW 5 SERIES,-1,-1,0,-1
2023010433383,2023,010433383,4,9,0,18,19,1,5,0,0,0,0,0,0,0,0,2,6,6,1,29,6,2993,12,2,BMW 5 SERIES,4,E01000472,0,-1
2023010444522,2023,010444522,1,9,0,18,19,6,2,0,0,0,0,4,0,0,1,1,6,6,1,21,5,1995,2,10,BMW 5 SERIES,4,E01004419,0,-1
2023401354895,2023,401354895,1,9,0,18,19,1,5,0,0,0,0,0,0,0,1,1,5,6,1,29,6,1998,1,4,BMW 5 SERIES,2,E01028234,0,-1
2023131327027,2023,131327027,1,9,0,7,7,4,8,0,0,0,0,0,0,0,3,1,1,1,1,43,7,1997,1,8,BMW 5 SERIES,6,E01011490,0,-1
2023451374445,2023,451374445,2,9,0,18,19,7,3,0,0,0,0,0,0,0,0,1,1,1,1,31,6,2993,2,4,BMW 5 SERIES,10,E01030435,0,-1
2023010474398,2023,010474398,2,9,0,18,19,1,5,0,0,1,0,0,0,0,0,1,1,1,1,22,5,1998,1,3,BMW 5 SERIES,4,E01001247,0,-1
2023041280687,2023,041280687,1,9,0,18,19,3,7,0,0,0,0,0,1,0,4,1,5,6,1,18,4,1995,2,5,BMW 5 SERIES,4,E01012714,0,-1
2023010460910,2023,010460910,2,9,0,1,1,7,3,0,0,0,0,0,0,0,2,1,6,6,3,-1,-1,2171,1,19,BMW 5 SERIES,-1,-1,0,-1
2023461321014,2023,461321014,2,9,0,18,19,3,7,0,0,8,0,1,0,0,1,1,6,6,1,37,7,2993,2,15,BMW 5 SERIES,6,E01024161,0,-1
2023522400512,2023,522400512,1,9,0,18,19,5,1,0,0,0,0,0,0,0,1,1,6,6,1,27,6,2993,2,19,BMW 5 SERIES,9,E01029129,0,-1
2023161357504,2023,161357504,2,9,0,7,7,7,2,0,0,4,0,0,0,0,4,1,6,6,1,-1,-1,2497,2,19,BMW 5 SERIES,-1,-1,0,-1
2023501344655,2023,501344655,2,9,0,18,19,3,7,0,0,0,0,0,0,0,0,1,1,1,1,-1,-1,2993,2,3,BMW 5 SERIES,7,E01020124,0,-1
2023010461818,2023,010461818,2,9,0,99,99,9,9,99,99,9,9,99,9,99,1,9,6,6,3,-1,-1,1998,1,4,BMW 5 SERIES,-1,-1,0,-1
2023010486416,2023,010486416,2,9,0,99,99,9,9,99,99,9,9,99,9,99,2,9,6,6,3,-1,-1,1995,2,7,BMW 5 SERIES,-1,-1,0,-1
2023010459996,2023,010459996,1,9,0,2,2,0,0,0,0,1,0,4,0,0,4,1,6,6,3,-1,-1,1998,1,4,BMW 5 SERIES,-1,-1,0,-1
2023201306871,2023,201306871,1,9,0,17,19,4,2,0,0,0,0,0,0,0,1,1,1,1,1,31,6,2993,2,15,BMW 5 SERIES,1,E01009484,0,-1
2023010434467,2023,010434467,1,9,0,18,19,7,3,0,0,2,0,0,0,0,0,1,1,1,1,37,7,2993,2,3,BMW 5 SERIES,9,E01003356,0,-1
2023010468972,2023,010468972,1,9,0,99,99,9,9,99,99,9,9,99,9,99,1,9,6,6,2,39,7,1995,2,6,BMW 5 SERIES,5,E01002249,0,-1
2023430552232,2023,430552232,2,9,0,4,4,8,4,0,0,0,0,0,0,0,2,1,6,6,1,66,10,1995,2,8,BMW 5 SERIES,5,E01022154,0,-1
2023041360620,2023,041360620,1,9,0,7,7,7,3,0,0,6,0,0,0,0,3,1,6,6,1,41,7,2993,2,12,BMW 5 SERIES,7,E01002122,0,-1
2023010423731,2023,010423731,1,9,0,18,19,1,5,0,0,8,0,0,0,0,1,1,6,6,1,22,5,2993,2,13,BMW 5 SERIES,5,E01003484,0,-1
2023501366215,2023,501366215,2,9,0,4,4,7,3,0,0,1,0,0,0,0,1,1,5,6,1,40,7,2993,12,1,BMW 5 SERIES,6,E01020161,0,-1
2023451332013,2023,451332013,2,9,0,10,10,1,3,0,0,6,0,0,0,0,1,1,2,2,1,44,7,1995,2,11,BMW 5 SERIES,9,E01030521,0,-1
2023401288578,2023,401288578,2,9,0,18,19,1,5,0,0,1,0,0,0,0,1,1,6,6,1,50,8,1995,2,10,BMW 5 SERIES,7,E01002154,0,-1
2023010482460,2023,010482460,3,9,0,18,19,1,5,0,0,1,0,0,0,0,0,1,1,1,1,36,7,1998,1,4,BMW 5 SERIES,-1,-1,0,-1
2023311369563,2023,311369563,1,9,0,13,13,1,5,0,0,0,1,7,1,0,1,1,5,6,2,30,6,1995,2,12,BMW 5 SERIES,-1,-1,0,-1
2023010421459,2023,010421459,3,8,0,16,19,5,1,0,0,0,0,0,0,0,3,1,1,1,1,40,7,1995,2,6,BMW 5 SERIES,2,E01000007,0,-1
2023010434232,2023,010434232,1,9,0,5,5,5,1,0,0,1,0,0,0,0,1,1,6,6,1,27,6,1998,1,5,BMW 5 SERIES,-1,-1,0,-1
2023461340202,2023,461340202,1,9,0,9,9,5,3,0,0,1,0,0,7,0,3,1,6,6,1,83,11,1995,2,10,BMW 5 SERIES,3,E01024656,0,-1
202354A097523,2023,54A097523,2,9,0,2,2,0,0,0,0,0,0,0,0,0,2,1,6,6,1,39,7,2996,1,18,BMW 5 SERIES,7,E01031866,0,-1
2023010464914,2023,010464914,2,9,0,4,4,7,3,0,0,0,0,0,0,0,1,1,6,6,1,29,6,1995,2,8,BMW 5 SERIES,5,E01002613,0,-1
2023141322985,2023,141322985,3,9,0,18,19,1,1,0,0,0,0,0,0,0,4,1,1,1,1,43,7,2993,12,1,BMW 5 SERIES,-1,-1,0,-1
2023351382764,2023,351382764,1,9,0,2,2,0,0,0,0,1,0,0,0,0,4,1,6,6,1,42,7,2993,2,14,BMW 5 SERIES,2,E01018143,0,-1
2023010429612,2023,010429612,2,9,0,99,99,9,9,99,99,9,9,99,9,99,9,9,6,6,3,-1,-1,2998,1,6,BMW 5 SERIES,-1,-1,0,-1
2023010468609,2023,010468609,1,9,0,7,7,1,3,0,0,1,0,0,0,0,1,1,6,6,1,32,6,2993,2,3,BMW 5 SERIES,3,E01003221,0,-1
2023010467686,2023,010467686,2,9,0,1,1,7,3,0,0,1,0,0,0,0,2,1,1,1,1,45,7,2993,12,1,BMW 5 SERIES,3,E01003221,0,-1
2023052301422,2023,052301422,2,9,0,4,4,5,1,0,0,1,0,0,0,0,2,1,6,6,2,43,7,1995,2,16,BMW 5 SERIES,5,E01007102,0,-1
2023451287029,2023,451287029,2,9,0,18,19,1,5,0,0,0,0,0,0,0,1,1,6,6,1,45,7,2996,2,13,BMW 5 SERIES,6,E01030736,0,-1
2023010437949,2023,010437949,8,9,0,5,5,5,1,0,0,1,0,0,0,0,0,1,1,1,1,33,6,2993,2,3,BMW 5 SERIES,5,E01000036,0,-1
2023548128723,2023,548128723,3,9,0,18,19,3,7,0,0,1,0,0,0,0,0,1,6,6,1,-1,-1,2993,12,1,BMW 5 SERIES,-1,-1,0,-1
2023332300929,2023,332300929,2,9,0,18,19,7,3,0,0,1,0,0,0,0,1,1,6,6,1,-1,-1,1995,2,8,BMW 5 SERIES,-1,-1,0,-1
2023631351534,2023,631351534,1,9,0,18,19,1,5,0,0,0,0,0,0,0,1,1,5,6,1,25,5,2962,2,22,BMW 5 SERIES,7,W01000488,0,-1
2023010440615,2023,010440615,2,9,0,18,19,1,5,0,0,8,0,0,0,0,0,1,2,2,1,45,7,2993,12,2,BMW 5 SERIES,-1,-1,0,-1
2023991334170,2023,991334170,3,9,0,18,19,2,6,0,0,1,0,0,1,0,1,1,5,6,1,38,7,2998,1,6,BMW 5 SERIES,7,E01023888,0,-1
2023201374754,2023,201374754,2,9,0,3,3,4,8,0,0,1,0,0,0,0,1,1,6,6,1,21,5,1995,2,11,BMW 5 SERIES,6,E01010536,0,-1
2023061304881,2023,061304881,1,9,0,18,19,2,6,0,0,1,0,0,0,0,1,1,5,6,1,31,6,2993,2,18,BMW 5 SERIES,1,E01005539,0,-1
2023010432705,2023,010432705,1,9,0,18,19,7,3,0,0,8,0,0,0,0,1,1,1,1,2,32,6,2993,12,1,BMW 5 SERIES,4,E01001484,0,-1
2023141286804,2023,141286804,3,9,0,18,19,2,4,0,0,0,0,0,0,0,1,1,6,6,1,31,6,1995,2,7,BMW 5 SERIES,3,E01007514,0,-1
2023340WN4762,2023,340WN4762,1,9,0,5,5,6,2,0,0,6,0,0,0,0,4,1,6,6,1,53,8,1998,1,4,BMW 5 SERIES,7,E01027019,0,-1
2023201456328,2023,201456328,1,9,0,9,9,5,3,0,0,5,0,0,0,0,1,1,2,2,1,39,7,1995,2,8,BMW 5 SERIES,2,E01010025,0,-1
2023340WN6922,2023,340WN6922,2,9,0,18,19,5,1,0,0,1,0,0,0,0,1,1,2,2,1,46,8,1995,2,7,BMW 5 SERIES,3,E01027319,0,-1
2023010430164,2023,010430164,1,9,0,18,19,1,5,0,0,1,0,0,0,0,4,1,6,6,2,34,6,1995,2,7,BMW 5 SERIES,3,E01002303,0,-1
2023421285532,2023,421285532,1,9,0,16,19,4,6,6,6,0,2,0,1,0,2,1,6,6,2,29,6,2993,2,12,BMW 5 SERIES,8,E01021516,0,-1
2023201328565,2023,201328565,2,9,0,3,3,7,3,0,0,1,0,0,0,0,2,1,6,6,1,44,7,2993,2,18,BMW 5 SERIES,3,E01010451,0,-1
2023461293069,2023,461293069,1,9,-1,-1,-1,-1,-1,-1,-1,0,-1,-1,-1,0,-1,1,6,6,1,23,5,2993,2,16,BMW 5 SERIES,5,E01024198,0,-1
2023010477782,2023,010477782,1,9,0,3,3,5,1,0,0,0,0,0,0,0,0,1,6,6,1,23,5,2993,12,1,BMW 5 SERIES,4,E01001484,0,-1
2023010447352,2023,010447352,3,9,0,99,99,9,9,99,99,0,9,99,9,99,1,9,6,6,3,-1,-1,1995,2,10,BMW 5 SERIES,-1,-1,0,-1
2023311379662,2023,311379662,1,9,0,18,19,1,6,0,0,8,0,0,0,0,1,1,5,6,1,31,6,1995,2,11,BMW 5 SERIES,4,E01028343,0,-1
2023201296119,2023,201296119,2,9,0,17,19,1,5,0,0,8,0,0,0,0,2,1,6,6,2,40,7,1991,1,25,BMW 5 SERIES,8,E01009949,0,-1
2023010470516,2023,010470516,4,9,0,18,19,5,1,0,0,0,0,0,0,0,1,1,1,1,2,36,7,2993,2,3,BMW 5 SERIES,-1,-1,0,-1
2023131328770,2023,131328770,1,9,0,4,4,5,1,0,0,0,0,0,0,0,1,1,5,6,1,42,7,1995,2,9,BMW 5 SERIES,7,E01011506,0,-1
2023010473862,2023,010473862,2,9,0,99,99,9,9,99,99,9,9,99,9,99,1,9,6,6,3,-1,-1,1995,2,6,BMW 5 SERIES,-1,-1,0,-1
2023501348821,2023,501348821,2,9,0,18,19,8,4,0,0,0,0,0,0,0,1,1,2,2,2,78,11,2993,2,8,BMW 5 SERIES,4,E01020199,0,-1
2023201292390,2023,201292390,1,9,0,9,9,3,1,0,0,5,0,0,0,0,3,1,6,6,1,34,6,1995,2,11,BMW 5 SERIES,1,E01009197,0,-1
2023546240923,2023,546240923,1,9,0,18,19,5,1,0,0,1,0,0,7,11,1,1,6,6,1,72,10,2497,2,21,BMW 5 SERIES,7,E01032079,0,-1
2023311295183,2023,311295183,2,9,0,11,11,1,7,0,0,8,0,0,0,0,4,1,5,6,2,37,7,2993,2,16,BMW 5 SERIES,2,E01019644,0,-1
2023010432923,2023,010432923,2,9,0,18,19,3,7,0,0,0,0,0,0,0,0,1,1,1,1,43,7,2993,2,3,BMW 5 SERIES,4,E01001247,0,-1
2023111388935,2023,111388935,3,9,0,18,19,2,4,0,0,0,0,0,0,0,3,1,6,6,1,52,8,1995,2,10,BMW 5 SERIES,1,E01008299,0,-1
2023320701146,2023,320701146,1,9,0,18,19,8,4,0,0,8,0,0,1,0,1,1,6,6,1,39,7,1995,2,16,BMW 5 SERIES,8,E01028032,0,-1
2023302301554,2023,302301554,1,9,0,9,9,6,4,0,0,6,0,0,0,0,1,1,2,2,1,32,6,2497,2,17,BMW 5 SERIES,3,E01019818,0,-1
2023010424630,2023,010424630,2,9,9,99,99,9,9,99,99,9,9,99,9,99,9,9,6,6,3,40,7,1995,2,9,BMW 5 SERIES,2,E01003598,0,-1
2023302301917,2023,302301917,1,9,0,18,19,5,1,0,0,0,1,0,0,0,4,1,6,6,1,32,6,1995,2,13,BMW 5 SERIES,1,E01013486,0,-1
2023010444734,2023,010444734,1,8,0,99,99,9,9,99,99,9,9,99,9,99,2,9,1,1,1,30,6,1995,2,4,BMW 5 SERIES,6,E01001245,0,-1
2023061324158,2023,061324158,2,9,-1,18,19,-1,-1,0,0,0,0,0,0,0,2,1,5,6,1,37,7,1995,2,8,BMW 5 SERIES,2,E01004795,0,-1
2023991309427,2023,991309427,2,9,0,18,19,6,2,0,0,0,0,0,0,0,2,1,6,6,1,37,7,1995,2,10,BMW 5 SERIES,5,-1,0,-1
2023010430841,2023,010430841,2,9,0,5,5,1,5,0,0,5,0,0,0,0,1,1,1,1,1,33,6,2993,2,3,BMW 5 SERIES,4,E01004142,0,-1
2023440159146,2023,440159146,2,9,0,18,19,6,2,0,0,1,0,0,0,0,1,1,6,6,1,37,7,2993,2,17,BMW 5 SERIES,4,E01017217,0,-1
2023471355854,2023,471355854,1,9,0,18,19,2,6,0,0,0,0,0,0,0,1,1,5,6,1,59,9,1995,2,17,BMW 5 SERIES,6,E01031477,0,-1
2023161307350,2023,161307350,3,9,0,10,10,4,1,0,0,8,0,0,0,0,3,1,5,6,1,44,7,2993,2,13,BMW 5 SERIES,5,E01013048,0,-1
2023010464603,2023,010464603,1,9,0,18,19,3,7,0,0,1,0,0,0,0,1,1,1,1,1,32,6,2993,12,1,BMW 5 SERIES,6,E01016574,0,-1
2023010430949,2023,010430949,2,9,0,18,19,5,1,9,9,1,0,4,0,0,1,1,6,6,1,27,6,1995,2,8,BMW 5 SERIES,2,E01001487,0,-1
2023471381877,2023,471381877,3,9,0,2,2,0,0,0,0,0,0,0,0,0,2,1,6,6,3,-1,-1,1995,2,11,BMW 5 SERIES,-1,-1,0,-1
2023010441527,2023,010441527,2,9,0,18,19,1,5,0,0,0,1,10,1,2,4,1,6,6,1,23,5,2171,1,20,BMW 5 SERIES,1,E01001220,0,-1
2023531345803,2023,531345803,1,9,0,13,13,8,4,0,0,0,0,0,0,0,1,1,5,6,1,27,6,2993,12,0,BMW 5 SERIES,10,W01001574,0,-1
2023421373370,2023,421373370,1,9,0,18,19,8,3,0,0,8,0,0,1,0,3,1,5,6,2,38,7,1998,1,3,BMW 5 SERIES,9,E01018034,0,-1
2023141349285,2023,141349285,1,9,0,9,9,5,1,0,0,1,0,0,0,0,1,1,6,6,1,-1,-1,1995,2,7,BMW 5 SERIES,1,E01007327,0,-1
2023361342480,2023,361342480,1,9,0,6,6,7,3,0,0,0,0,0,0,0,3,1,6,6,1,42,7,1995,2,15,BMW 5 SERIES,4,E01026736,0,-1
2023010455891,2023,010455891,2,9,0,99,99,9,9,99,99,9,9,99,9,99,1,9,6,6,3,-1,-1,1998,8,5,BMW 5 SERIES,-1,-1,0,-1
2023122300799,2023,122300799,1,9,0,1,1,1,5,9,9,1,0,0,0,0,2,1,6,6,2,23,5,1995,2,15,BMW 5 SERIES,9,E01027618,0,-1
2023361387035,2023,361387035,1,9,0,18,19,1,4,0,0,1,1,0,0,0,1,1,6,6,1,58,9,1995,2,9,BMW 5 SERIES,8,E01026839,0,-1
2023010430562,2023,010430562,2,9,0,9,9,3,1,0,0,7,0,0,0,0,2,1,6,6,1,25,5,1998,8,6,BMW 5 SERIES,2,E01003514,0,-1
2023461372424,2023,461372424,2,9,0,18,19,3,7,0,0,0,0,0,0,0,3,1,6,6,1,41,7,1995,2,15,BMW 5 SERIES,4,E01024086,0,-1