collision_index,collision_year,collision_ref_no,vehicle_reference,vehicle_type,towing_and_articulation,vehicle_manoeuvre_historic,vehicle_manoeuvre,vehicle_direction_from,vehicle_direction_to,vehicle_location_restricted_lane_historic,vehicle_location_restricted_lane,junction_location,skidding_and_overturning,hit_object_in_carriageway,vehicle_leaving_carriageway,hit_object_off_carriageway,first_point_of_impact,vehicle_left_hand_drive,journey_purpose_of_driver_historic,journey_purpose_of_driver,sex_of_driver,age_of_driver,age_band_of_driver,engine_capacity_cc,propulsion_code,age_of_vehicle,generic_make_model,driver_imd_decile,lsoa_of_driver,escooter_flag,driver_distance_banding
2023501344795,2023,501344795,2,9,0,4,4,2,6,0,0,1,0,0,0,0,2,1,6,6,1,38,7,2993,2,13,BMW 5 SERIES,1,E01013921,0,-1
2023311282999,2023,311282999,2,9,0,9,9,5,3,0,0,5,0,0,0,0,2,1,5,6,1,37,7,1995,2,8,BMW 5 SERIES,-1,-1,0,-1
2023010427616,2023,010427616,1,9,0,18,19,7,3,0,0,2,0,0,0,0,1,1,1,1,1,33,6,2993,2,3,BMW 5 SERIES,3,E01003567,0,-1
2023131345261,2023,131345261,1,9,0,18,19,8,7,0,0,0,0,0,0,0,1,1,5,6,1,74,10,2993,2,16,BMW 5 SERIES,1,E01007629,0,-1
2023010429024,2023,010429024,1,9,0,5,5,5,1,9,9,2,0,0,0,0,1,1,6,6,1,33,6,2993,2,17,BMW 5 SERIES,3,E01033150,0,-1
2023311307114,2023,311307114,2,9,0,9,9,3,8,0,0,8,0,0,0,0,3,1,6,6,1,55,8,1995,2,11,BMW 5 SERIES,9,E01028010,0,-1
2023131276211,2023,131276211,2,9,0,9,9,7,5,0,0,8,0,0,0,0,3,1,5,6,2,40,7,1995,12,2,BMW 5 SERIES,1,E01011140,0,-1
2023522300064,2023,522300064,1,9,0,18,19,3,7,0,0,8,0,0,0,0,1,1,6,6,1,78,11,3000,1,12,BMW 5 SERIES,7,E01014847,0,-1
2023010454897,2023,010454897,1,9,0,18,19,5,1,9,9,8,0,10,1,11,1,1,6,6,1,23,5,2993,2,8,BMW 5 SERIES,1,E01002280,0,-1
2023371342746,2023,371342746,3,9,0,18,19,2,6,0,0,1,0,0,0,0,0,1,1,1,1,40,7,2993,2,2,BMW 5 SERIES,9,E01030191,0,-1
2023010473481,2023,010473481,2,9,0,4,4,3,7,0,0,2,0,0,0,0,0,1,2,2,1,49,8,1995,2,4,BMW 5 SERIES,3,E01003526,0,-1
2023332301294,2023,332301294,1,9,0,9,9,5,3,0,0,6,0,0,0,0,2,1,6,6,2,23,5,2993,2,19,BMW 5 SERIES,1,E01013675,0,-1
2023401284756,2023,401284756,1,9,0,18,19,1,5,0,0,0,0,0,0,0,0,1,5,6,1,44,7,1995,2,8,BMW 5 SERIES,7,E01023863,0,-1
2023332300802,2023,332300802,1,9,0,18,19,1,5,0,0,8,0,0,0,0,1,1,6,6,2,58,9,1995,12,3,BMW 5 SERIES,8,E01025745,0,-1
2023061325879,2023,061325879,1,9,0,18,19,3,7,0,0,0,0,0,0,0,1,1,6,6,1,47,8,1995,2,8,BMW 5 SERIES,-1,-1,0,-1
2023320123541,2023,320123541,5,8,0,2,2,0,0,0,0,0,0,0,0,0,2,1,1,1,1,40,7,1995,2,6,BMW 5 SERIES,3,E01015615,0,-1
2023501376338,2023,501376338,3,9,0,18,19,4,8,0,0,0,0,0,0,0,1,1,6,6,1,29,6,2993,2,15,BMW 5 SERIES,2,E01020280,0,-1
2023411348392,2023,411348392,2,9,0,9,9,2,8,0,0,1,0,0,0,0,3,1,6,6,1,29,6,1995,2,15,BMW 5 SERIES,-1,-1,0,-1
2023610018323,2023,610018323,1,9,0,5,5,7,3,0,0,8,0,0,0,0,4,1,6,6,2,53,8,1995,2,7,BMW 5 SERIES,10,W01001639,0,-1
2023501367954,2023,501367954,1,9,0,18,19,7,3,0,0,4,0,0,0,0,1,1,6,6,1,23,5,1995,2,17,BMW 5 SERIES,2,E01018897,0,-1
2023430033300,2023,430033300,1,9,0,4,4,1,5,0,0,0,1,0,0,0,1,1,2,2,1,44,7,1995,2,8,BMW 5 SERIES,6,E01028757,0,-1
2023010458965,2023,010458965,1,9,0,18,19,1,5,0,0,2,0,0,0,0,0,1,1,1,1,44,7,1998,1,4,BMW 5 SERIES,6,E01000330,0,-1
2023320390138,2023,320390138,1,9,0,18,19,4,8,0,0,0,0,0,7,0,1,1,6,6,2,44,7,2993,2,16,BMW 5 SERIES,-1,-1,0,-1
2023010469529,2023,010469529,3,9,0,4,4,3,7,0,0,4,0,0,0,0,0,1,1,1,1,43,7,2993,12,1,BMW 5 SERIES,4,E01003666,0,-1
2023451388429,2023,451388429,3,9,0,18,19,1,5,0,0,0,0,0,0,0,0,1,1,1,2,41,7,2993,12,3,BMW 5 SERIES,10,E01030435,0,-1
2023411393954,2023,411393954,1,9,0,13,13,1,5,0,0,0,0,0,0,0,0,1,1,1,3,-1,-1,2993,12,2,BMW 5 SERIES,-1,-1,0,-1
2023010484058,2023,010484058,1,9,0,9,9,7,4,0,0,8,0,0,0,0,1,1,6,6,1,20,4,1998,8,4,BMW 5 SERIES,3,E01002808,0,-1
2023552300520,2023,552300520,1,9,0,18,19,6,2,0,0,0,0,0,0,0,1,1,6,6,1,74,10,1995,2,14,BMW 5 SERIES,1,E01020554,0,-1
2023201372372,2023,201372372,1,9,0,3,3,-1,-1,0,0,0,0,0,0,0,0,1,5,6,1,38,7,1995,2,5,BMW 5 SERIES,2,E01033125,0,-1
2023401371726,2023,401371726,1,9,0,18,19,1,5,0,0,0,0,11,0,0,4,1,5,6,1,29,6,1995,2,10,BMW 5 SERIES,10,E01017443,0,-1
2023010453289,2023,010453289,2,9,0,99,99,9,9,99,99,9,9,99,9,99,1,9,6,6,3,-1,-1,1995,2,8,BMW 5 SERIES,-1,-1,0,-1
2023010473741,2023,010473741,2,9,0,99,99,9,9,99,99,9,9,99,9,99,9,9,6,6,3,-1,-1,1995,2,6,BMW 5 SERIES,-1,-1,0,-1
2023231341330,2023,231341330,1,9,0,17,19,4,1,0,0,0,1,0,7,9,3,1,5,6,1,69,10,2497,1,16,BMW 5 SERIES,4,E01009276,0,-1
2023131313041,2023,131313041,1,9,0,1,1,1,6,0,0,0,0,0,0,0,0,1,1,1,2,47,8,2993,2,12,BMW 5 SERIES,10,E01011710,0,-1
2023010451231,2023,010451231,1,9,0,18,19,1,5,0,0,2,0,0,0,0,0,1,1,1,1,42,7,2993,2,3,BMW 5 SERIES,3,E01003221,0,-1
2023010450845,2023,010450845,3,9,0,18,19,7,3,0,0,1,0,0,0,0,0,1,6,6,1,44,7,2993,2,3,BMW 5 SERIES,4,E01003666,0,-1
2023010423530,2023,010423530,4,9,0,18,19,3,7,0,0,1,0,0,0,0,0,1,1,1,1,38,7,1998,1,4,BMW 5 SERIES,4,E01003666,0,-1
2023010443382,2023,010443382,2,9,0,2,2,0,0,0,0,0,0,0,0,0,1,1,6,6,3,-1,-1,1995,2,6,BMW 5 SERIES,-1,-1,0,-1
2023332300667,2023,332300667,2,9,0,17,19,2,7,0,0,8,0,0,0,0,4,1,6,6,2,42,7,1995,2,5,BMW 5 SERIES,9,E01025917,0,-1
2023340NN2972,2023,340NN2972,1,9,0,1,1,0,3,0,0,1,0,0,0,0,2,1,6,6,1,54,8,1995,2,8,BMW 5 SERIES,5,E01027073,0,-1
2023201431705,2023,201431705,1,9,0,18,19,4,8,0,0,1,0,0,1,0,3,1,5,6,2,36,7,1995,2,6,BMW 5 SERIES,2,E01009891,0,-1
2023010451261,2023,010451261,2,9,9,99,99,9,9,99,99,9,9,99,9,99,9,9,6,6,3,-1,-1,1997,1,7,BMW 5 SERIES,-1,-1,0,-1
2023201377769,2023,201377769,1,9,0,4,4,6,2,0,0,1,0,0,0,0,1,1,6,6,2,31,6,1995,2,12,BMW 5 SERIES,-1,-1,0,-1
2023522300392,2023,522300392,2,9,0,7,7,3,4,0,0,6,0,0,0,0,3,1,6,6,1,43,7,2993,2,9,BMW 5 SERIES,1,E01033366,0,-1
2023351293620,2023,351293620,3,9,0,-1,-1,-1,-1,0,0,6,0,0,0,0,1,1,6,6,3,-1,-1,2926,2,20,BMW 5 SERIES,-1,-1,0,-1
2023010451422,2023,010451422,4,9,0,18,19,1,5,0,0,7,0,0,0,0,4,1,6,6,1,40,7,1998,1,4,BMW 5 SERIES,-1,-1,0,-1
2023010455394,2023,010455394,1,9,0,9,9,5,3,0,0,1,0,0,0,0,4,1,1,1,1,29,6,1995,2,4,BMW 5 SERIES,1,E01003516,0,-1
2023010427960,2023,010427960,3,9,0,2,2,0,0,0,0,2,0,0,0,0,3,2,6,6,3,-1,-1,1995,2,7,BMW 5 SERIES,-1,-1,0,-1
2023010449549,2023,010449549,1,9,0,5,5,7,3,0,0,0,0,0,0,0,4,1,2,2,1,31,6,1998,8,5,BMW 5 SERIES,5,E01002411,0,-1
2023552300353,2023,552300353,2,9,0,18,19,8,4,0,0,8,0,0,0,0,1,1,6,6,2,27,6,1995,2,12,BMW 5 SERIES,5,E01015456,0,-1
2023221339177,2023,221339177,2,9,0,18,19,1,5,0,0,0,0,0,0,0,0,1,5,6,1,32,6,2993,2,3,BMW 5 SERIES,3,E01014010,0,-1
2023302300635,2023,302300635,1,9,0,9,9,6,4,0,0,0,0,0,0,0,3,1,6,6,1,71,10,2996,1,11,BMW 5 SERIES,8,E01025892,0,-1
2023302301124,2023,302301124,1,9,0,17,19,8,5,0,0,0,0,0,0,0,1,1,6,6,1,44,7,2993,2,8,BMW 5 SERIES,4,E01013555,0,-1
2023061370437,2023,061370437,2,9,0,11,11,1,1,0,0,0,0,0,0,0,2,1,6,6,1,45,7,1995,2,9,BMW 5 SERIES,3,E01005262,0,-1
2023010432070,2023,010432070,1,9,0,4,4,3,7,0,0,1,0,0,0,0,0,1,1,1,1,52,8,2993,2,3,BMW 5 SERIES,2,E01000739,0,-1
2023010482468,2023,010482468,2,8,0,17,19,1,5,0,0,8,0,0,0,0,1,1,1,1,1,39,7,1995,2,7,BMW 5 SERIES,3,E01003734,0,-1
2023010422502,2023,010422502,1,9,0,18,19,5,1,0,0,5,0,0,0,0,1,1,2,2,1,36,7,1997,1,7,BMW 5 SERIES,5,E01001536,0,-1
2023531274808,2023,531274808,2,9,0,18,19,2,5,0,0,0,0,0,0,0,1,1,2,2,1,37,7,2993,2,15,BMW 5 SERIES,7,E01015474,0,-1
2023061303653,2023,061303653,2,9,0,18,19,1,5,0,0,1,0,0,0,0,0,1,1,1,1,44,7,2993,12,3,BMW 5 SERIES,-1,-1,0,-1
2023991360138,2023,991360138,2,9,0,13,13,4,8,0,0,0,0,0,0,0,0,1,5,6,1,36,7,2993,2,18,BMW 5 SERIES,6,-1,0,-1
2023332300311,2023,332300311,2,9,0,13,13,7,3,0,0,0,0,0,0,0,4,1,6,6,3,-1,-1,1995,2,9,BMW 5 SERIES,-1,-1,0,-1
2023991324971,2023,991324971,2,9,0,9,9,7,5,4,4,8,0,0,0,0,1,1,6,6,1,60,9,1995,2,6,BMW 5 SERIES,7,-1,0,-1
2023010473187,2023,010473187,1,9,0,18,19,2,6,0,0,0,0,0,0,0,1,1,6,6,3,-1,-1,1998,8,6,BMW 5 SERIES,-1,-1,0,-1
2023361297192,2023,361297192,2,9,0,18,19,8,4,0,0,8,1,0,0,0,1,1,6,6,1,23,5,2497,1,18,BMW 5 SERIES,2,E01026689,0,-1
2023010424790,2023,010424790,3,9,0,18,19,3,7,0,0,1,0,0,0,0,0,1,6,6,1,44,7,2993,2,3,BMW 5 SERIES,-1,-1,0,-1
2023010465502,2023,010465502,2,9,0,99,99,9,9,99,99,9,9,99,9,99,9,9,6,6,3,-1,-1,1995,2,6,BMW 5 SERIES,-1,-1,0,-1
2023471274994,2023,471274994,3,9,0,18,19,8,4,0,0,0,0,0,0,0,0,1,1,1,2,27,6,2993,2,3,BMW 5 SERIES,6,E01021034,0,-1
2023061358795,2023,061358795,1,9,0,18,19,7,3,0,0,1,0,0,0,0,1,1,5,6,1,51,8,1995,2,15,BMW 5 SERIES,-1,-1,0,-1
2023010475541,2023,010475541,2,8,0,99,99,9,9,99,99,9,9,99,9,99,1,9,6,6,3,-1,-1,1998,8,4,BMW 5 SERIES,9,E01001299,0,-1
2023010460638,2023,010460638,3,9,0,18,19,5,1,0,0,2,0,0,0,0,4,1,1,1,1,38,7,2993,2,3,BMW 5 SERIES,4,E01003666,0,-1
2023010426496,2023,010426496,2,9,0,18,19,7,3,0,0,2,0,0,0,0,1,1,1,1,1,-1,-1,2993,2,3,BMW 5 SERIES,-1,-1,0,-1
2023010425290,2023,010425290,2,9,0,99,99,9,9,99,99,0,9,99,9,99,2,9,6,6,3,-1,-1,1998,8,1,BMW 5 SERIES,3,E01001109,0,-1
2023471320032,2023,471320032,1,9,0,18,19,5,1,0,0,8,0,11,0,0,4,1,5,6,2,25,5,1995,2,9,BMW 5 SERIES,7,E01016979,0,-1
2023461318383,2023,461318383,3,9,0,2,2,0,0,0,0,0,0,0,0,0,3,1,6,6,3,-1,-1,1995,2,4,BMW 5 SERIES,-1,-1,0,-1
2023010432987,2023,010432987,3,9,0,2,2,0,0,0,0,0,0,0,0,0,1,1,6,6,3,-1,-1,1995,12,1,BMW 5 SERIES,-1,-1,0,-1
2023070454627,2023,070454627,1,9,0,18,19,1,5,0,0,0,0,0,0,0,1,1,6,6,1,31,6,1995,2,10,BMW 5 SERIES,1,E01012480,0,-1
2023061351515,2023,061351515,2,9,0,18,19,1,5,0,0,0,0,0,0,0,1,1,6,6,1,39,7,1995,2,11,BMW 5 SERIES,5,E01033685,0,-1
2023471339501,2023,471339501,1,9,0,18,19,1,5,0,0,1,0,0,0,0,1,1,5,6,1,28,6,1995,2,4,BMW 5 SERIES,6,E01001662,0,-1
2023221262500,2023,221262500,2,9,0,18,19,6,2,0,0,2,0,0,0,0,3,1,2,2,1,48,8,1995,2,4,BMW 5 SERIES,3,E01014010,0,-1
2023461279851,2023,461279851,2,9,0,2,2,0,0,0,0,0,0,0,0,0,1,1,6,6,3,-1,-1,1995,2,11,BMW 5 SERIES,-1,-1,0,-1
2023010434387,2023,010434387,1,9,0,18,19,5,1,0,0,1,0,0,0,0,0,1,1,1,1,32,6,2993,2,3,BMW 5 SERIES,-1,-1,0,-1
2023131305437,2023,131305437,1,9,0,16,19,1,5,0,0,0,0,0,0,0,1,1,6,6,2,23,5,1995,2,9,BMW 5 SERIES,5,E01010678,0,-1
2023361276527,2023,361276527,2,9,0,18,19,5,1,0,0,1,0,0,0,0,1,1,2,2,1,62,9,1995,2,9,BMW 5 SERIES,6,E01026737,0,-1
2023440008853,2023,440008853,1,9,0,18,19,7,3,0,0,0,0,0,7,0,1,1,6,6,1,28,6,1995,2,16,BMW 5 SERIES,6,E01017204,0,-1
2023161348285,2023,161348285,2,9,0,18,19,5,1,0,0,8,0,0,0,0,4,1,6,6,1,-1,-1,1995,2,11,BMW 5 SERIES,1,E01008966,0,-1
2023430496780,2023,430496780,1,9,0,18,19,3,8,0,0,8,0,0,0,0,2,1,2,2,1,59,9,1995,2,9,BMW 5 SERIES,8,E01017912,0,-1
2023010431329,2023,010431329,3,9,0,18,19,3,7,0,0,0,1,0,0,0,0,1,6,6,3,-1,-1,2993,2,18,BMW 5 SERIES,-1,-1,0,-1
2023332300392,2023,332300392,1,9,0,18,19,3,7,0,0,8,0,0,0,0,4,1,6,6,2,47,8,1998,8,1,BMW 5 SERIES,8,E01025768,0,-1
2023411391372,2023,411391372,2,9,0,99,99,8,4,0,0,0,1,0,0,0,3,1,6,6,3,-1,-1,1995,2,13,BMW 5 SERIES,-1,-1,0,-1
2023052300663,2023,052300663,3,9,0,18,19,7,3,0,0,1,0,0,0,0,1,1,6,6,3,-1,-1,1995,2,5,BMW 5 SERIES,-1,-1,0,-1
2023451292253,2023,451292253,1,9,0,18,19,3,7,0,0,0,1,0,5,6,1,1,1,1,1,45,7,2993,12,2,BMW 5 SERIES,9,E01031719,0,-1
2023010423968,2023,010423968,2,9,0,18,19,2,6,0,0,0,0,0,0,0,0,1,1,1,1,30,6,1998,1,4,BMW 5 SERIES,-1,-1,0,-1
2023170S12233,2023,170S12233,3,9,0,18,19,1,5,0,0,8,0,0,0,0,3,1,6,6,1,37,7,1995,2,9,BMW 5 SERIES,3,E01012287,0,-1
2023052300619,2023,052300619,2,9,0,18,19,1,5,0,0,1,0,0,7,2,1,1,6,6,2,29,6,1995,2,4,BMW 5 SERIES,6,E01006900,0,-1
2023471304782,2023,471304782,2,9,0,17,19,5,1,0,0,1,0,0,0,0,1,1,1,1,1,37,7,2993,12,3,BMW 5 SERIES,6,E01021034,0,-1
2023010442046,2023,010442046,1,9,0,3,3,7,3,0,0,1,0,8,0,0,4,1,1,1,1,30,6,1998,1,4,BMW 5 SERIES,4,E01004142,0,-1
2023010487355,2023,010487355,1,9,0,99,99,9,9,99,99,9,9,99,9,99,2,9,6,6,3,-1,-1,1995,2,6,BMW 5 SERIES,-1,-1,0,-1
2023461369713,2023,461369713,2,9,0,4,4,5,1,0,0,0,0,0,0,0,3,1,2,2,2,55,8,2993,2,9,BMW 5 SERIES,6,E01024836,0,-1
2023332300228,2023,332300228,2,9,0,4,4,2,6,0,0,0,0,0,0,0,0,1,1,1,1,41,7,2993,2,5,BMW 5 SERIES,-1,-1,0,-1
2023401374507,2023,401374507,1,9,0,18,19,3,7,0,0,1,0,0,0,0,1,1,6,6,1,58,9,2998,1,5,BMW 5 SERIES,8,E01023893,0,-1
2023010484454,2023,010484454,2,9,0,13,13,3,7,0,0,0,0,0,0,0,1,1,6,6,3,-1,-1,1995,2,10,BMW 5 SERIES,-1,-1,0,-1
2023010463786,2023,010463786,3,9,0,3,3,6,2,0,0,0,0,0,0,0,0,1,6,6,1,32,6,2993,2,3,BMW 5 SERIES,3,E01002133,0,-1
2023161350181,2023,161350181,3,9,0,2,2,0,0,0,0,0,0,0,0,0,3,1,6,6,3,-1,-1,2993,2,14,BMW 5 SERIES,-1,-1,0,-1
2023010430731,2023,010430731,1,9,0,99,99,9,9,99,99,9,9,99,9,99,2,9,6,6,1,43,7,1995,2,7,BMW 5 SERIES,5,E01002632,0,-1
2023221374313,2023,221374313,2,9,0,18,19,3,7,0,0,0,0,0,0,0,1,1,6,6,2,36,7,1995,2,11,BMW 5 SERIES,1,E01014200,0,-1
2023451321388,2023,451321388,2,9,0,18,19,3,7,0,0,0,0,0,0,0,4,1,5,6,1,38,7,2993,2,12,BMW 5 SERIES,9,E01030991,0,-1
2023201340466,2023,201340466,1,9,0,18,19,3,7,0,0,0,0,0,0,0,1,1,5,6,1,23,5,1995,2,11,BMW 5 SERIES,2,E01009980,0,-1
2023131348689,2023,131348689,1,9,0,18,19,3,7,0,0,0,1,10,1,11,3,1,6,6,1,22,5,1998,8,1,BMW 5 SERIES,1,E01010842,0,-1
2023010468450,2023,010468450,1,9,0,18,19,3,7,0,0,8,0,0,0,0,2,1,6,6,2,50,8,1995,2,8,BMW 5 SERIES,2,E01000091,0,-1
2023411379383,2023,411379383,1,9,0,1,1,3,7,0,0,0,0,0,0,0,4,1,6,6,1,42,7,2993,2,9,BMW 5 SERIES,3,E01015738,0,-1
2023211389385,2023,211389385,3,9,0,18,19,5,1,0,0,0,0,0,0,0,1,1,5,6,2,57,9,1995,2,8,BMW 5 SERIES,8,E01010352,0,-1
2023031373936,2023,031373936,1,9,0,18,19,5,5,0,0,0,1,0,5,0,1,1,5,6,1,36,7,1995,2,15,BMW 5 SERIES,-1,-1,0,-1
2023041345597,2023,041345597,1,9,0,18,19,5,1,0,0,0,0,0,0,0,1,1,5,6,1,30,6,1995,2,12,BMW 5 SERIES,2,E01025581,0,-1
2023411361920,2023,411361920,1,9,0,18,19,-1,-1,0,0,1,0,0,0,0,1,1,6,6,1,40,7,1998,8,0,BMW 5 SERIES,8,E01033116,0,-1
2023411274465,2023,411274465,1,9,-1,-1,-1,-1,-1,-1,-1,-1,-1,-1,-1,0,-1,1,6,6,1,61,9,1995,2,8,BMW 5 SERIES,9,E01023882,0,-1
2023340NN2882,2023,340NN2882,1,9,0,18,19,7,3,0,0,0,0,0,0,0,0,1,2,2,2,20,4,1995,2,8,BMW 5 SERIES,4,E01027171,0,-1
2023010435086,2023,010435086,1,9,0,17,19,5,1,0,0,0,0,0,0,0,0,1,1,1,1,30,6,1998,1,4,BMW 5 SERIES,4,E01004142,0,-1
2023552301092,2023,552301092,1,9,0,4,4,8,4,0,0,1,0,0,0,0,2,1,6,6,1,36,7,1995,2,15,BMW 5 SERIES,7,E01015376,0,-1
2023201390279,2023,201390279,2,9,0,3,3,2,6,0,0,0,0,0,0,0,2,1,6,6,2,36,7,2993,12,2,BMW 5 SERIES,10,E01010251,0,-1
2023010423519,2023,010423519,1,9,0,18,19,5,1,0,0,0,0,0,0,0,4,1,1,1,2,30,6,2993,2,3,BMW 5 SERIES,4,E01003937,0,-1
2023010452265,2023,010452265,2,9,0,7,7,5,8,0,0,2,0,0,0,0,1,1,1,1,1,38,7,2993,2,3,BMW 5 SERIES,-1,-1,0,-1
2023010429824,2023,010429824,1,9,0,5,5,5,1,0,0,2,0,0,0,0,3,1,1,1,1,34,6,1998,1,4,BMW 5 SERIES,4,E01004401,0,-1
2023131376420,2023,131376420,1,9,0,17,19,5,1,0,0,0,0,0,1,1,1,1,6,6,1,35,6,1995,2,5,BMW 5 SERIES,1,E01007904,0,-1
2023201384181,2023,201384181,1,9,0,5,5,1,5,0,0,0,0,0,0,0,3,1,5,6,1,27,6,2993,2,13,BMW 5 SERIES,3,E01009077,0,-1
2023461292262,2023,461292262,1,9,0,18,19,5,1,0,0,8,0,0,0,0,1,1,6,6,1,-1,-1,2993,2,16,BMW 5 SERIES,-1,-1,0,-1
2023052302324,2023,052302324,2,8,0,18,19,7,3,0,0,8,0,0,0,0,4,1,6,6,1,39,7,1995,2,8,BMW 5 SERIES,1,E01006779,0,-1
2023411339024,2023,411339024,1,9,0,7,7,5,1,0,0,3,1,0,1,0,4,1,6,6,1,25,5,2993,2,3,BMW 5 SERIES,5,E01028931,0,-1
2023471371410,2023,471371410,3,9,0,18,19,4,7,0,0,1,0,0,0,0,1,1,1,1,1,46,8,2993,2,5,BMW 5 SERIES,6,E01021034,0,-1
2023010475197,2023,010475197,2,9,0,99,99,9,9,99,99,9,9,99,9,99,1,9,6,6,3,-1,-1,2993,2,11,BMW 5 SERIES,10,E01024146,0,-1
2023461382619,2023,461382619,1,9,0,18,19,4,2,0,0,0,0,0,0,0,1,1,1,1,1,30,6,2993,12,3,BMW 5 SERIES,10,E01030435,0,-1
2023311281901,2023,311281901,1,9,0,18,19,4,8,0,0,0,0,0,0,0,1,1,1,1,2,33,6,1998,8,6,BMW 5 SERIES,-1,-1,0,-1
2023041344905,2023,041344905,1,9,0,18,19,3,7,0,0,0,0,0,0,0,3,1,6,6,3,-1,-1,2998,8,1,BMW 5 SERIES,-1,-1,0,-1
2023131352595,2023,131352595,1,9,0,18,19,1,5,0,0,8,0,0,0,0,3,1,6,6,1,31,6,2993,2,16,BMW 5 SERIES,7,E01011569,0,-1
2023411268193,2023,411268193,4,9,0,18,19,1,5,0,0,0,0,0,0,0,0,1,1,1,1,-1,-1,2993,2,4,BMW 5 SERIES,-1,-1,0,-1
2023451291483,2023,451291483,1,9,0,18,19,4,8,0,0,0,0,0,0,0,3,1,5,6,1,40,7,1995,2,7,BMW 5 SERIES,7,E01030553,0,-1
2023010481749,2023,010481749,1,8,0,9,9,8,5,0,0,5,0,0,0,0,4,1,1,1,1,28,6,2993,2,6,BMW 5 SERIES,4,E01003412,0,-1
2023010448894,2023,010448894,2,9,0,18,19,5,1,0,0,1,0,0,0,0,1,1,1,1,1,41,7,2993,2,3,BMW 5 SERIES,4,E01000472,0,-1
2023041335467,2023,041335467,1,9,0,18,19,5,1,0,0,0,1,0,2,11,1,1,5,6,1,28,6,1995,2,8,BMW 5 SERIES,2,E01033216,0,-1
2023440241674,2023,440241674,2,8,0,18,19,7,3,0,0,8,0,0,0,0,1,1,1,1,1,38,7,1995,2,4,BMW 5 SERIES,2,E01022966,0,-1
2023991343264,2023,991343264,3,9,0,18,19,4,7,0,0,0,0,0,0,0,1,1,6,6,1,63,9,1998,8,3,BMW 5 SERIES,7,-1,0,-1
2023440272834,2023,440272834,1,9,0,7,7,3,5,0,0,6,0,0,0,0,3,1,6,6,2,63,9,2993,2,11,BMW 5 SERIES,10,E01022954,0,-1
2023451319965,2023,451319965,1,9,0,9,9,5,2,0,0,6,0,0,0,0,3,1,5,6,1,42,7,1995,2,7,BMW 5 SERIES,6,E01030363,0,-1
2023340WN9092,2023,340WN9092,3,9,0,18,19,8,4,0,0,1,0,0,0,0,1,1,6,6,2,49,8,1995,2,4,BMW 5 SERIES,9,E01027021,0,-1
2023010427596,2023,010427596,4,9,0,18,19,2,6,0,0,1,0,0,0,0,0,1,1,1,3,-1,-1,2993,2,3,BMW 5 SERIES,4,E01001247,0,-1
202360A144247,2023,60A144247,2,9,0,17,19,7,4,0,0,0,0,0,0,0,0,1,6,6,1,59,9,1995,2,11,BMW 5 SERIES,-1,-1,0,-1
2023401362107,2023,401362107,1,9,0,1,1,2,6,0,0,0,0,0,0,0,2,1,1,1,1,50,8,1995,2,5,BMW 5 SERIES,7,E01017548,0,-1
2023471392055,2023,471392055,3,9,0,18,19,3,7,0,0,0,0,0,0,0,0,1,1,1,1,-1,-1,2993,2,5,BMW 5 SERIES,6,E01021034,0,-1
2023010429305,2023,010429305,1,9,0,5,5,7,3,0,0,1,0,0,0,0,1,1,6,6,1,25,5,2979,1,20,BMW 5 SERIES,8,E01003445,0,-1
2023302301625,2023,302301625,1,9,0,9,9,1,7,0,0,8,0,0,0,0,1,1,6,6,2,49,8,1995,2,8,BMW 5 SERIES,7,E01013492,0,-1
2023421372303,2023,421372303,2,9,0,18,19,6,3,0,0,0,0,0,0,0,1,1,2,2,2,52,8,1995,2,5,BMW 5 SERIES,5,E01021399,0,-1
2023320689155,2023,320689155,1,9,0,18,19,7,3,0,0,1,1,4,0,0,1,1,6,6,2,37,7,1995,2,11,BMW 5 SERIES,7,E01026029,0,-1
2023010430808,2023,010430808,1,9,0,99,99,9,9,99,99,9,9,99,9,99,9,9,6,6,1,29,6,1995,2,7,BMW 5 SERIES,3,E01001669,0,-1
2023430574799,2023,430574799,2,9,0,18,19,4,8,0,0,0,0,0,0,0,3,1,6,6,1,60,9,1998,8,2,BMW 5 SERIES,10,E01016335,0,-1
2023010465832,2023,010465832,2,9,0,18,19,5,1,0,0,6,0,0,0,0,0,1,1,1,2,30,6,1998,1,4,BMW 5 SERIES,4,E01004142,0,-1
2023320629408,2023,320629408,2,9,0,18,19,6,2,0,0,1,1,1,0,0,1,1,2,2,2,24,5,2993,2,16,BMW 5 SERIES,6,E01026242,0,-1
2023070730891,2023,070730891,2,9,0,3,3,3,7,0,0,4,0,0,0,0,2,1,6,6,1,60,9,1998,8,6,BMW 5 SERIES,-1,-1,0,-1
2023010465182,2023,010465182,1,9,0,18,19,7,3,0,0,1,0,0,0,0,1,1,6,6,1,36,7,1995,2,9,BMW 5 SERIES,9,E01001273,0,-1
2023430041015,2023,430041015,2,9,0,18,19,6,2,0,0,1,0,0,0,0,1,1,6,6,1,30,6,2000,2,14,BMW 5 SERIES,-1,-1,0,-1
2023552300688,2023,552300688,2,9,0,3,3,2,6,0,0,1,0,0,0,0,1,1,6,6,1,30,6,2993,2,15,BMW 5 SERIES,7,E01020375,0,-1
2023440361316,2023,440361316,2,9,0,18,19,4,2,0,0,8,0,0,0,0,1,1,6,6,3,-1,-1,1998,8,3,BMW 5 SERIES,-1,-1,0,-1
2023440158066,2023,440158066,2,9,0,18,19,2,6,0,0,0,0,0,0,0,1,1,6,6,1,27,6,1995,2,4,BMW 5 SERIES,3,E01017228,0,-1