collision_index,collision_year,collision_ref_no,vehicle_reference,vehicle_type,towing_and_articulation,vehicle_manoeuvre_historic,vehicle_manoeuvre,vehicle_direction_from,vehicle_direction_to,vehicle_location_restricted_lane_historic,vehicle_location_restricted_lane,junction_location,skidding_and_overturning,hit_object_in_carriageway,vehicle_leaving_carriageway,hit_object_off_carriageway,first_point_of_impact,vehicle_left_hand_drive,journey_purpose_of_driver_historic,journey_purpose_of_driver,sex_of_driver,age_of_driver,age_band_of_driver,engine_capacity_cc,propulsion_code,age_of_vehicle,generic_make_model,driver_imd_decile,lsoa_of_driver,escooter_flag,driver_distance_banding
2023010449580,2023,010449580,1,9,0,5,5,1,5,0,0,2,0,0,0,0,1,1,6,6,1,47,8,3855,1,8,-1,5,E01003773,0,-1
2023010449302,2023,010449302,1,9,0,17,19,5,1,0,0,2,0,10,2,7,1,1,6,6,1,64,9,3855,1,8,-1,-1,-1,0,-1
2023010469205,2023,010469205,1,9,0,99,99,9,9,99,99,0,9,99,9,99,2,9,6,6,2,34,6,4297,1,14,-1,3,E01002726,0,-1
2023622300947,2023,622300947,1,9,0,18,19,8,4,0,0,8,0,0,1,10,3,1,6,6,2,42,7,4297,1,10,-1,2,W01001942,0,-1
2023991296795,2023,991296795,1,90,0,18,19,5,1,0,0,0,0,0,0,0,1,1,5,6,1,49,8,1995,2,1,-1,8,-1,0,-1
202360A089801,2023,60A089801,1,90,0,18,19,2,6,0,0,0,0,0,0,0,3,1,6,6,3,-1,-1,1995,2,2,-1,-1,-1,0,-1
2023401318999,2023,401318999,1,90,1,18,19,-1,-1,0,0,2,0,0,0,0,4,1,6,6,1,-1,-1,1995,2,1,-1,-1,-1,0,-1
2023161319724,2023,161319724,2,19,0,4,4,4,8,0,0,0,0,0,0,0,2,1,1,1,1,28,6,1499,2,5,FORD TRANSIT CONNECT,8,E01012911,0,-1
2023622400015,2023,622400015,1,19,0,18,19,4,8,0,0,0,0,0,0,0,4,1,6,6,3,-1,-1,1753,2,16,FORD TRANSIT CONNECT,-1,-1,0,-1
2023070034095,2023,070034095,4,19,0,18,19,7,3,0,0,0,0,0,0,0,1,1,1,1,1,51,8,1499,2,7,FORD TRANSIT CONNECT,3,E01018557,0,-1
2023461333882,2023,461333882,2,19,0,3,3,3,7,0,0,7,0,0,1,0,2,1,6,6,1,33,6,1753,2,12,FORD TRANSIT CONNECT,9,E01024773,0,-1
2023520400309,2023,520400309,1,19,0,18,19,3,7,0,0,0,0,0,8,11,1,1,6,6,1,19,4,1753,2,19,FORD TRANSIT CONNECT,9,E01029129,0,-1
2023421382327,2023,421382327,1,19,0,1,1,7,3,0,0,0,0,0,0,0,2,1,6,6,1,39,7,1499,2,2,FORD TRANSIT CONNECT,5,E01002202,0,-1
2023501328479,2023,501328479,1,19,0,18,19,1,5,0,0,1,0,0,0,0,1,1,6,6,1,32,6,1499,2,5,FORD TRANSIT CONNECT,3,E01015167,0,-1
2023411389812,2023,411389812,2,20,0,7,7,7,1,0,0,3,0,0,0,0,4,1,1,1,1,40,7,-1,-1,-1,-1,8,E01017410,0,-1
2023070498752,2023,070498752,2,19,0,3,3,3,7,0,0,1,0,0,0,0,2,1,1,1,1,36,7,1560,2,7,FORD TRANSIT CONNECT,7,E01025627,0,-1
2023010427347,2023,010427347,2,19,0,99,99,9,9,99,99,9,9,99,9,99,2,9,6,6,3,24,5,1499,2,2,FORD TRANSIT CONNECT,9,E01002362,0,-1
2023531423760,2023,531423760,1,19,0,18,19,7,3,0,0,8,0,0,1,0,1,1,6,6,1,32,6,1499,2,1,FORD TRANSIT CONNECT,9,E01015483,0,-1
2023411348369,2023,411348369,3,19,0,18,19,6,2,0,0,0,0,0,0,0,4,1,1,1,1,38,7,1499,2,2,FORD TRANSIT CONNECT,4,E01032858,0,-1
2023421326249,2023,421326249,2,19,0,18,19,1,6,0,0,8,0,0,0,0,1,1,1,1,1,60,9,1499,2,1,FORD TRANSIT CONNECT,4,E01015947,0,-1
2023542275723,2023,542275723,2,19,0,4,4,8,4,0,0,1,0,0,0,0,2,1,1,1,1,30,6,1499,2,1,FORD TRANSIT CONNECT,7,E01020298,0,-1
2023411344296,2023,411344296,2,19,0,9,9,8,7,0,0,2,0,0,0,0,4,1,2,2,1,37,7,1753,2,16,FORD TRANSIT CONNECT,6,E01023606,0,-1
2023471376119,2023,471376119,1,19,0,18,19,3,7,0,0,6,0,0,0,0,1,1,6,6,1,63,9,1499,2,4,FORD TRANSIT CONNECT,6,E01016953,0,-1
2023131286994,2023,131286994,10,19,0,18,19,5,1,0,0,0,0,0,0,0,2,1,1,1,1,42,7,1499,2,2,FORD TRANSIT CONNECT,5,E01011147,0,-1
2023101282666,2023,101282666,4,19,0,16,19,1,1,0,0,0,0,0,0,0,1,1,6,6,1,79,11,1753,2,18,FORD TRANSIT CONNECT,1,E01008604,0,-1
2023302300166,2023,302300166,1,19,0,18,19,6,2,0,0,0,0,0,0,0,1,1,6,6,1,28,6,1560,2,9,FORD TRANSIT CONNECT,8,E01019423,0,-1
2023122300493,2023,122300493,2,19,0,18,19,1,5,0,0,2,0,0,0,0,2,1,2,2,1,54,8,1499,2,2,FORD TRANSIT CONNECT,3,E01011532,0,-1
2023320230954,2023,320230954,2,19,0,18,19,2,6,0,0,0,0,0,1,2,4,1,6,6,1,58,9,1753,2,12,FORD TRANSIT CONNECT,3,E01026134,0,-1
2023070284014,2023,070284014,1,19,0,4,4,5,8,0,0,4,0,0,0,0,1,1,2,2,1,29,6,1499,2,2,FORD TRANSIT CONNECT,2,E01018546,0,-1
2023421330817,2023,421330817,2,19,0,18,19,1,5,0,0,0,0,0,0,0,4,1,6,6,1,35,6,999,1,4,FORD TRANSIT CONNECT,7,E01021294,0,-1
2023421324725,2023,421324725,1,19,0,9,9,3,1,0,0,8,0,0,0,0,1,1,1,1,2,64,9,1499,2,6,FORD TRANSIT CONNECT,7,E01021407,0,-1
2023991284184,2023,991284184,1,19,0,4,4,2,6,0,0,0,0,0,0,0,2,1,2,2,1,52,8,1499,2,5,FORD TRANSIT CONNECT,-1,-1,0,-1
2023010435205,2023,010435205,2,19,0,1,1,3,7,0,0,5,0,0,7,0,2,1,6,6,1,33,6,1499,2,5,FORD TRANSIT CONNECT,4,E01000919,0,-1
2023010482907,2023,010482907,2,19,0,17,19,1,5,0,0,0,0,0,0,0,3,1,6,6,1,56,9,1499,2,1,FORD TRANSIT CONNECT,3,E01000432,0,-1
2023010432640,2023,010432640,1,19,0,18,19,3,7,0,0,3,1,0,0,0,1,1,1,1,1,67,10,1499,2,4,FORD TRANSIT CONNECT,7,E01016831,0,-1
2023010425130,2023,010425130,2,19,9,99,99,9,9,99,99,9,9,99,9,99,9,9,6,6,1,25,5,1499,2,2,FORD TRANSIT CONNECT,7,E01003283,0,-1
2023371334090,2023,371334090,3,19,0,3,3,3,7,0,0,0,0,0,0,0,4,1,1,1,1,60,9,998,1,5,FORD TRANSIT CONNECT,4,E01033128,0,-1
2023010423276,2023,010423276,2,19,0,99,99,9,9,99,99,6,9,99,9,99,1,9,6,6,3,-1,-1,1499,2,4,FORD TRANSIT CONNECT,-1,-1,0,-1
2023031276982,2023,031276982,1,19,0,4,4,3,7,0,0,1,0,4,0,0,1,1,1,1,1,31,6,1499,2,4,FORD TRANSIT CONNECT,-1,-1,0,-1
2023010454161,2023,010454161,1,19,0,99,99,9,9,99,99,9,9,99,9,99,9,9,2,2,1,36,7,1499,2,3,FORD TRANSIT CONNECT,4,E01000728,0,-1
2023231261381,2023,231261381,1,19,0,16,19,7,2,0,0,0,0,0,0,0,1,1,1,1,1,25,5,1499,2,4,FORD TRANSIT CONNECT,1,E01032890,0,-1
2023010448685,2023,010448685,1,19,0,4,4,7,3,0,0,0,0,0,0,0,0,1,1,1,1,37,7,1499,2,1,FORD TRANSIT CONNECT,9,E01021923,0,-1
2023421380073,2023,421380073,1,19,0,9,9,1,7,0,0,5,0,0,0,0,1,1,6,6,1,55,8,1753,2,19,FORD TRANSIT CONNECT,2,E01021977,0,-1
2023461380812,2023,461380812,2,19,0,2,2,0,0,0,0,0,0,0,0,0,0,1,5,6,1,21,5,1499,2,4,FORD TRANSIT CONNECT,7,E01024592,0,-1
2023201305128,2023,201305128,5,19,0,18,19,6,2,0,0,0,0,0,0,0,3,1,6,6,1,31,6,1499,2,3,FORD TRANSIT CONNECT,1,E01002800,0,-1
2023332300979,2023,332300979,2,19,0,18,19,5,1,0,0,0,0,0,0,0,1,1,6,6,1,48,8,1499,2,5,FORD TRANSIT CONNECT,3,E01025717,0,-1
2023161325169,2023,161325169,2,19,0,5,5,3,1,0,0,8,0,0,0,0,1,1,6,6,1,47,8,1499,2,4,FORD TRANSIT CONNECT,-1,-1,0,-1
2023010468967,2023,010468967,1,19,0,9,9,3,1,0,0,8,0,0,0,0,1,2,2,2,1,55,8,1499,2,2,FORD TRANSIT CONNECT,8,E01000246,0,-1
2023010424374,2023,010424374,2,19,0,99,99,9,9,99,99,9,9,99,9,99,1,9,6,6,1,-1,-1,1560,2,8,FORD TRANSIT CONNECT,-1,-1,0,-1
2023231330049,2023,231330049,1,19,0,18,19,2,6,0,0,0,0,0,0,0,1,1,1,1,1,36,7,1499,2,2,FORD TRANSIT CONNECT,9,E01031219,0,-1
2023010424557,2023,010424557,2,19,0,99,99,9,9,99,99,9,9,99,9,99,3,9,6,6,1,69,10,1499,2,2,FORD TRANSIT CONNECT,6,E01003752,0,-1
2023440358596,2023,440358596,1,19,0,9,9,8,4,0,0,8,0,0,0,0,4,1,6,6,2,20,4,1499,2,5,FORD TRANSIT CONNECT,-1,-1,0,-1
2023451277621,2023,451277621,2,19,0,18,19,5,1,0,0,0,0,0,0,0,2,1,5,6,1,41,7,1499,2,6,FORD TRANSIT CONNECT,10,E01031738,0,-1
2023201293448,2023,201293448,1,19,0,18,19,7,5,0,0,0,0,0,0,0,4,1,2,2,1,76,11,1499,2,5,FORD TRANSIT CONNECT,7,E01010394,0,-1
2023440337038,2023,440337038,1,19,0,9,9,6,4,0,0,8,0,0,0,0,1,1,6,6,1,37,7,1753,2,19,FORD TRANSIT CONNECT,10,E01023035,0,-1
2023520400267,2023,520400267,1,19,0,18,19,8,4,0,0,0,0,0,0,0,1,1,6,6,1,58,9,1499,2,2,FORD TRANSIT CONNECT,6,W01001439,0,-1
2023371285985,2023,371285985,1,19,0,18,19,2,6,0,0,0,0,0,0,0,1,1,1,1,1,32,6,1499,2,1,FORD TRANSIT CONNECT,10,E01026927,0,-1
2023010439652,2023,010439652,1,19,0,11,11,3,7,0,0,0,0,0,0,0,4,1,2,2,1,54,8,1499,2,5,FORD TRANSIT CONNECT,6,E01001254,0,-1
2023411404032,2023,411404032,1,19,0,11,11,8,4,0,0,1,0,11,0,0,1,1,1,1,1,23,5,1499,2,6,FORD TRANSIT CONNECT,10,E01023290,0,-1
2023471324236,2023,471324236,2,19,0,10,10,3,1,0,0,1,0,0,0,0,1,1,2,2,1,65,9,1753,2,11,FORD TRANSIT CONNECT,6,E01021182,0,-1
2023461371014,2023,461371014,1,19,0,17,19,7,3,0,0,0,0,0,1,0,1,1,6,6,1,34,6,1753,2,16,FORD TRANSIT CONNECT,4,E01024747,0,-1
2023010480426,2023,010480426,1,19,0,99,99,9,9,99,99,9,9,99,9,99,9,9,6,6,3,62,9,1499,2,1,FORD TRANSIT CONNECT,10,E01023815,0,-1
2023320633927,2023,320633927,2,19,0,2,2,0,0,0,0,0,0,0,0,0,2,1,6,6,3,-1,-1,1560,2,8,FORD TRANSIT CONNECT,-1,-1,0,-1
2023471361394,2023,471361394,2,19,0,18,19,1,5,0,0,0,0,0,0,0,1,1,6,6,1,26,6,1499,2,3,FORD TRANSIT CONNECT,4,E01026638,0,-1
2023141287218,2023,141287218,3,19,0,2,2,0,0,0,0,0,0,0,7,0,4,1,6,6,3,-1,-1,1753,2,15,FORD TRANSIT CONNECT,-1,-1,0,-1
2023421286594,2023,421286594,1,19,0,5,5,3,2,0,0,1,0,0,0,0,4,1,2,2,1,43,7,1499,2,2,FORD TRANSIT CONNECT,3,E01000164,0,-1
2023631343158,2023,631343158,2,19,0,4,4,8,2,0,0,8,0,0,0,0,1,1,1,1,1,25,5,1499,2,4,FORD TRANSIT CONNECT,7,W01000501,0,-1
2023311323222,2023,311323222,2,19,0,9,9,1,7,0,0,8,0,0,1,0,3,1,1,1,1,41,7,1499,2,5,FORD TRANSIT CONNECT,3,E01013915,0,-1
2023332301029,2023,332301029,1,19,0,18,19,3,7,0,0,0,0,0,0,0,1,1,6,6,1,32,6,1753,2,11,FORD TRANSIT CONNECT,10,E01027333,0,-1
2023201285217,2023,201285217,2,19,0,17,19,4,1,0,0,0,0,0,0,0,3,1,2,2,1,54,8,1499,2,2,FORD TRANSIT CONNECT,3,E01010099,0,-1
2023332301104,2023,332301104,3,19,0,18,19,3,7,0,0,1,0,0,0,0,1,1,2,2,1,45,7,1753,2,15,FORD TRANSIT CONNECT,7,E01013685,0,-1
2023421259584,2023,421259584,2,19,0,2,2,2,6,0,0,0,0,0,0,0,2,1,5,6,1,30,6,1499,2,1,FORD TRANSIT CONNECT,5,E01021387,0,-1
2023522400280,2023,522400280,2,19,0,1,1,3,7,0,0,1,0,0,0,0,2,1,6,6,1,-1,-1,1753,2,14,FORD TRANSIT CONNECT,-1,-1,0,-1
2023440280590,2023,440280590,1,19,0,9,9,5,3,0,0,5,0,0,0,0,4,1,6,6,1,22,5,1499,2,5,FORD TRANSIT CONNECT,9,E01023158,0,-1
2023547271523,2023,547271523,1,19,0,18,19,4,8,0,0,0,0,0,0,0,1,1,1,1,1,-1,-1,1499,2,4,FORD TRANSIT CONNECT,-1,-1,0,-1
2023451292987,2023,451292987,2,19,0,7,7,3,7,0,0,6,0,0,0,0,1,1,5,6,1,32,6,1753,2,16,FORD TRANSIT CONNECT,6,E01030524,0,-1
2023340WN3932,2023,340WN3932,2,19,0,2,2,0,0,9,9,0,0,0,0,0,3,1,6,6,3,-1,-1,1753,2,12,FORD TRANSIT CONNECT,-1,-1,0,-1
2023052300098,2023,052300098,1,19,0,18,19,6,2,0,0,6,0,0,0,0,1,1,6,6,1,39,7,1499,2,7,FORD TRANSIT CONNECT,2,E01006727,0,-1
2023991367823,2023,991367823,1,19,0,9,9,1,6,0,0,6,0,0,7,0,3,1,5,6,1,33,6,1560,2,7,FORD TRANSIT CONNECT,6,-1,0,-1
2023421324826,2023,421324826,2,19,0,18,19,3,7,0,0,0,0,0,0,0,0,1,6,6,1,24,5,1560,2,8,FORD TRANSIT CONNECT,4,E01015903,0,-1
2023041444363,2023,041444363,2,19,0,18,19,7,3,0,0,0,0,0,0,0,2,1,1,1,1,30,6,1499,2,3,FORD TRANSIT CONNECT,4,E01025335,0,-1
2023411339341,2023,411339341,1,19,0,18,19,1,5,0,0,0,0,0,0,0,1,1,6,6,1,83,11,1499,2,6,FORD TRANSIT CONNECT,7,E01018247,0,-1
2023461345191,2023,461345191,2,19,0,6,6,5,4,0,0,8,0,0,0,0,4,1,6,6,1,51,8,1753,2,11,FORD TRANSIT CONNECT,2,E01021103,0,-1
2023552301001,2023,552301001,1,19,0,13,13,3,7,0,0,0,0,0,0,0,4,1,6,6,3,-1,-1,1499,2,6,FORD TRANSIT CONNECT,-1,-1,0,-1
2023421326739,2023,421326739,2,19,0,18,19,5,1,0,0,0,0,0,0,0,4,1,5,6,1,45,7,1499,2,6,FORD TRANSIT CONNECT,4,E01015972,0,-1
2023010421808,2023,010421808,2,19,0,99,99,9,9,99,99,9,9,99,9,99,1,9,6,6,3,-1,-1,1499,2,6,FORD TRANSIT CONNECT,-1,-1,0,-1
2023052301942,2023,052301942,1,19,0,7,7,1,7,0,0,2,0,0,0,0,4,2,6,6,1,71,10,1753,2,10,FORD TRANSIT CONNECT,1,E01006675,0,-1
2023340WN4922,2023,340WN4922,1,19,0,18,19,7,3,0,0,6,5,0,3,0,4,1,2,2,1,27,6,1499,2,7,FORD TRANSIT CONNECT,5,E01031132,0,-1
2023320265872,2023,320265872,2,19,0,4,4,4,8,0,0,0,0,0,0,0,2,1,1,1,1,24,5,1499,2,3,FORD TRANSIT CONNECT,6,E01006804,0,-1
2023371387446,2023,371387446,2,19,0,18,19,7,3,0,0,1,0,0,0,0,1,1,5,6,1,47,8,1499,2,5,FORD TRANSIT CONNECT,7,E01030051,0,-1
2023552301267,2023,552301267,2,19,0,3,3,8,4,0,0,0,0,0,0,0,2,1,2,2,1,26,6,1560,2,9,FORD TRANSIT CONNECT,2,E01015341,0,-1
2023070055628,2023,070055628,2,19,0,2,2,1,5,0,0,0,0,0,0,0,2,1,1,1,2,25,5,1560,2,7,FORD TRANSIT CONNECT,-1,-1,0,-1
2023122400081,2023,122400081,2,19,0,2,2,0,0,0,0,0,0,0,0,0,2,1,6,6,3,-1,-1,1499,2,3,FORD TRANSIT CONNECT,-1,-1,0,-1
2023411380300,2023,411380300,2,19,0,18,19,3,7,0,0,0,0,0,0,0,2,1,2,2,1,25,5,1499,2,6,FORD TRANSIT CONNECT,10,E01017375,0,-1
2023421359922,2023,421359922,1,19,0,18,19,7,3,0,0,0,0,0,1,4,3,1,5,6,1,65,9,1499,2,2,FORD TRANSIT CONNECT,5,E01021329,0,-1
2023061373858,2023,061373858,2,19,-1,-1,-1,-1,-1,-1,-1,-1,-1,-1,-1,0,-1,1,6,6,1,51,8,1499,2,3,FORD TRANSIT CONNECT,3,E01006286,0,-1
2023520300863,2023,520300863,3,19,0,3,3,2,6,0,0,0,0,0,0,0,4,1,6,6,1,29,6,1499,2,4,FORD TRANSIT CONNECT,2,E01033347,0,-1
2023010470375,2023,010470375,2,19,0,18,19,1,5,0,0,8,0,0,0,0,1,1,1,1,1,31,6,1499,2,2,FORD TRANSIT CONNECT,7,E01000362,0,-1
202354A375823,2023,54A375823,2,19,0,18,19,4,8,0,0,0,0,0,0,0,1,1,6,6,1,62,9,1499,2,7,FORD TRANSIT CONNECT,8,E01032088,0,-1
2023170S11533,2023,170S11533,1,19,0,7,7,3,5,0,0,8,0,0,0,0,3,1,1,1,1,58,9,1753,2,15,FORD TRANSIT CONNECT,-1,-1,0,-1
2023440021379,2023,440021379,2,19,0,17,19,6,2,0,0,0,0,0,0,0,1,1,1,1,1,46,8,1499,2,2,FORD TRANSIT CONNECT,2,E01017119,0,-1
2023991356554,2023,991356554,1,19,0,18,19,7,3,0,0,0,0,0,0,0,1,1,5,6,1,72,10,1753,2,20,FORD TRANSIT CONNECT,5,-1,0,-1
2023010483089,2023,010483089,1,19,0,99,99,9,9,99,99,9,9,99,9,99,9,9,1,1,1,63,9,1499,2,6,FORD TRANSIT CONNECT,3,E01001831,0,-1
2023010484535,2023,010484535,2,19,0,18,19,1,5,0,0,0,0,0,0,0,1,1,6,6,1,30,6,1560,2,8,FORD TRANSIT CONNECT,2,E01016064,0,-1
2023461298527,2023,461298527,1,19,0,5,5,3,7,0,0,1,0,0,0,0,3,1,1,1,2,52,8,1499,2,0,FORD TRANSIT CONNECT,9,E01024773,0,-1
2023351345051,2023,351345051,1,19,0,6,6,2,6,0,0,0,0,0,0,0,1,1,6,6,1,41,7,1499,2,7,FORD TRANSIT CONNECT,8,E01018206,0,-1
2023010437348,2023,010437348,2,19,0,99,99,9,9,99,99,9,9,99,9,99,9,9,6,6,3,-1,-1,1499,2,4,FORD TRANSIT CONNECT,8,E01001543,0,-1
2023440175110,2023,440175110,1,19,0,3,3,7,3,0,0,1,0,0,0,0,2,1,1,1,1,38,7,1499,2,4,FORD TRANSIT CONNECT,10,E01022763,0,-1
2023991389199,2023,991389199,1,19,0,7,7,7,1,0,0,6,0,0,1,0,3,1,2,2,1,48,8,1560,2,7,FORD TRANSIT CONNECT,5,-1,0,-1
2023421345746,2023,421345746,1,19,0,18,19,5,1,0,0,0,0,0,0,0,4,1,2,2,1,20,4,1499,2,0,FORD TRANSIT CONNECT,1,E01021988,0,-1
2023131330716,2023,131330716,1,19,0,18,19,4,8,0,0,1,0,0,0,0,1,1,6,6,1,37,7,1499,2,4,FORD TRANSIT CONNECT,5,E01010854,0,-1
2023320048793,2023,320048793,1,19,0,18,19,6,2,0,0,0,0,0,7,9,1,1,2,2,1,53,8,1499,2,3,FORD TRANSIT CONNECT,7,E01026066,0,-1
2023211410679,2023,211410679,2,19,0,4,4,1,3,0,0,0,0,0,0,0,1,1,1,1,1,30,6,1499,2,1,FORD TRANSIT CONNECT,-1,-1,0,-1
2023440387572,2023,440387572,2,19,0,11,11,8,4,0,0,0,0,0,0,0,2,1,6,6,1,-1,-1,1560,2,9,FORD TRANSIT CONNECT,-1,-1,0,-1
2023421332074,2023,421332074,1,19,0,17,19,2,7,0,0,4,0,0,0,0,1,1,6,6,1,43,7,1753,2,18,FORD TRANSIT CONNECT,1,E01015842,0,-1
2023991313062,2023,991313062,1,19,0,13,13,3,7,0,0,0,2,0,0,0,1,1,1,1,1,20,4,1499,2,4,FORD TRANSIT CONNECT,2,-1,0,-1
2023501340934,2023,501340934,1,19,0,3,3,7,3,0,0,1,0,0,0,0,1,1,1,1,1,61,9,1499,2,4,FORD TRANSIT CONNECT,8,E01020133,0,-1
2023520400078,2023,520400078,2,19,0,18,19,1,5,0,0,0,0,0,0,0,1,1,6,6,1,49,8,1753,2,14,FORD TRANSIT CONNECT,8,E01029126,0,-1
2023421291805,2023,421291805,1,19,0,18,19,4,8,0,0,0,0,0,0,0,3,1,6,6,1,31,6,1753,2,13,FORD TRANSIT CONNECT,3,E01022047,0,-1
2023421289018,2023,421289018,1,19,0,2,2,0,0,0,0,0,0,0,0,0,2,1,6,6,3,-1,-1,1560,2,7,FORD TRANSIT CONNECT,-1,-1,0,-1
2023201340188,2023,201340188,1,19,0,3,3,6,2,0,0,0,0,0,0,0,3,1,6,6,1,33,6,1560,2,8,FORD TRANSIT CONNECT,1,E01010283,0,-1
2023031324199,2023,031324199,2,19,0,18,19,7,4,0,0,0,0,0,0,0,1,1,1,1,1,43,7,1499,2,1,FORD TRANSIT CONNECT,8,E01005050,0,-1
2023161320856,2023,161320856,1,19,0,13,13,3,5,0,0,2,0,0,0,0,1,1,6,6,3,-1,-1,1499,2,3,FORD TRANSIT CONNECT,-1,-1,0,-1
2023070155185,2023,070155185,1,19,0,10,10,7,5,0,0,8,0,0,0,0,1,1,1,1,1,41,7,1499,2,7,FORD TRANSIT CONNECT,9,W01000385,0,-1
2023430310079,2023,430310079,1,19,0,18,19,4,8,0,0,1,0,0,0,0,1,1,1,1,2,53,8,1560,2,9,FORD TRANSIT CONNECT,8,E01017591,0,-1
2023131328962,2023,131328962,2,19,0,18,19,1,5,0,0,0,0,0,0,0,1,1,6,6,1,63,9,1753,2,16,FORD TRANSIT CONNECT,6,E01010948,0,-1
2023320727504,2023,320727504,3,19,0,18,19,6,2,0,0,0,0,0,0,0,1,1,6,6,1,64,9,1499,2,5,FORD TRANSIT CONNECT,3,E01026055,0,-1
2023302300173,2023,302300173,2,19,0,18,19,8,4,0,0,0,0,0,0,0,3,1,6,6,1,51,8,1499,2,2,FORD TRANSIT CONNECT,4,E01028133,0,-1
2023340WN1682,2023,340WN1682,2,19,0,3,3,1,5,0,0,1,0,0,0,0,2,1,2,2,1,51,8,1560,2,8,FORD TRANSIT CONNECT,10,E01027203,0,-1
2023111338750,2023,111338750,1,19,0,9,9,4,8,0,0,6,0,0,3,11,3,1,6,6,3,30,6,1753,2,17,FORD TRANSIT CONNECT,-1,-1,0,-1
2023221374672,2023,221374672,2,19,0,18,19,4,8,0,0,8,0,0,0,0,1,1,1,1,1,31,6,1753,2,11,FORD TRANSIT CONNECT,1,E01010131,0,-1
2023061382933,2023,061382933,2,19,0,18,19,7,3,0,0,0,0,0,0,0,2,1,1,1,1,60,9,1499,2,2,FORD TRANSIT CONNECT,1,E01005074,0,-1
2023122300630,2023,122300630,1,19,0,18,19,5,6,0,0,0,0,0,0,0,1,1,6,6,1,35,6,1499,2,6,FORD TRANSIT CONNECT,7,E01027633,0,-1
2023411321584,2023,411321584,2,19,0,18,19,4,8,0,0,1,0,0,0,0,1,1,6,6,1,55,8,1753,2,21,FORD TRANSIT CONNECT,9,E01002483,0,-1
2023622300746,2023,622300746,2,19,0,9,9,2,8,0,0,8,0,0,0,0,4,1,1,1,2,25,5,1499,2,0,FORD TRANSIT CONNECT,9,W01001588,0,-1
2023501325664,2023,501325664,1,19,0,3,3,7,3,0,0,1,1,0,0,0,1,1,5,6,1,27,6,1499,2,6,FORD TRANSIT CONNECT,5,E01020127,0,-1
2023201422207,2023,201422207,1,19,0,18,19,2,6,0,0,8,0,4,0,0,1,1,6,6,3,-1,-1,1753,2,18,FORD TRANSIT CONNECT,-1,-1,0,-1
2023010443440,2023,010443440,2,19,0,2,2,0,0,6,6,1,0,0,0,0,1,1,6,6,3,-1,-1,1499,2,1,FORD TRANSIT CONNECT,-1,-1,0,-1
2023211325944,2023,211325944,2,19,0,18,19,7,4,0,0,3,0,0,0,0,1,1,5,6,1,62,9,1560,2,7,FORD TRANSIT CONNECT,4,E01029501,0,-1
2023430525902,2023,430525902,2,19,0,5,5,6,2,0,0,0,0,0,0,0,3,1,6,6,1,-1,-1,1499,2,1,FORD TRANSIT CONNECT,-1,-1,0,-1
2023991317938,2023,991317938,3,19,0,3,3,1,5,0,0,0,0,0,0,0,2,1,1,1,2,28,6,1499,2,3,FORD TRANSIT CONNECT,7,-1,0,-1
2023531370366,2023,531370366,1,19,0,9,9,1,5,0,0,5,0,0,0,0,1,1,1,1,1,52,8,1499,2,2,FORD TRANSIT CONNECT,8,E01022413,0,-1
2023451345025,2023,451345025,2,19,0,17,19,3,7,0,0,0,0,0,0,0,3,1,2,2,1,53,8,1753,2,16,FORD TRANSIT CONNECT,10,E01030558,0,-1
2023010452934,2023,010452934,1,19,0,9,9,5,2,0,0,8,0,0,0,0,1,1,1,1,1,28,6,1499,2,2,FORD TRANSIT CONNECT,6,E01023786,0,-1
2023361301913,2023,361301913,1,19,0,18,19,3,7,0,0,0,0,0,0,0,1,1,6,6,1,45,7,1753,2,17,FORD TRANSIT CONNECT,9,E01026550,0,-1
2023010444659,2023,010444659,2,19,0,18,19,6,2,0,0,0,0,0,0,0,2,1,1,1,1,60,9,1499,2,4,FORD TRANSIT CONNECT,-1,-1,0,-1
2023131302531,2023,131302531,1,19,0,11,11,5,1,0,0,1,0,0,0,0,4,1,5,6,1,59,9,1753,2,15,FORD TRANSIT CONNECT,3,E01011547,0,-1
2023041380341,2023,041380341,1,19,0,9,9,1,3,0,0,1,0,0,1,0,1,1,6,6,1,35,6,1560,2,8,FORD TRANSIT CONNECT,3,E01025571,0,-1
2023631352515,2023,631352515,1,19,0,9,9,1,5,0,0,8,0,0,0,0,4,1,1,1,1,27,6,1753,2,16,FORD TRANSIT CONNECT,1,E01010744,0,-1
2023041317531,2023,041317531,1,19,0,18,19,3,7,0,0,6,0,0,0,0,3,1,1,1,1,35,6,1499,2,4,FORD TRANSIT CONNECT,3,E01005818,0,-1
2023411344620,2023,411344620,1,19,0,11,11,6,2,0,0,0,0,0,0,0,1,1,1,1,1,25,5,1499,2,5,FORD TRANSIT CONNECT,6,E01017616,0,-1