collision_index,collision_year,collision_ref_no,vehicle_reference,vehicle_type,towing_and_articulation,vehicle_manoeuvre_historic,vehicle_manoeuvre,vehicle_direction_from,vehicle_direction_to,vehicle_location_restricted_lane_historic,vehicle_location_restricted_lane,junction_location,skidding_and_overturning,hit_object_in_carriageway,vehicle_leaving_carriageway,hit_object_off_carriageway,first_point_of_impact,vehicle_left_hand_drive,journey_purpose_of_driver_historic,journey_purpose_of_driver,sex_of_driver,age_of_driver,age_band_of_driver,engine_capacity_cc,propulsion_code,age_of_vehicle,generic_make_model,driver_imd_decile,lsoa_of_driver,escooter_flag,driver_distance_banding
2023010466848,2023,010466848,2,19,0,1,1,7,3,0,0,0,9,0,0,0,2,9,6,6,1,62,9,1499,2,6,FORD TRANSIT CONNECT,1,E01002039,0,-1
2023311378888,2023,311378888,2,19,0,9,9,8,2,0,0,1,0,0,0,0,2,1,5,6,1,53,8,1560,2,7,FORD TRANSIT CONNECT,3,E01028014,0,-1
2023552300501,2023,552300501,1,19,0,9,9,2,8,0,0,6,0,0,0,0,4,1,6,6,1,25,5,1499,2,1,FORD TRANSIT CONNECT,5,E01015301,0,-1
2023610051923,2023,610051923,1,19,0,4,4,3,7,0,0,0,0,0,0,0,2,1,1,1,1,41,7,1753,2,10,FORD TRANSIT CONNECT,2,W01001333,0,-1
2023991359778,2023,991359778,2,19,0,18,19,2,6,0,0,0,0,0,0,0,2,1,1,1,1,44,7,1499,2,2,FORD TRANSIT CONNECT,8,-1,0,-1
2023351357339,2023,351357339,2,19,0,18,19,2,6,0,0,0,0,0,0,0,1,1,1,1,1,32,6,1499,2,6,FORD TRANSIT CONNECT,7,E01007551,0,-1
2023440427989,2023,440427989,1,19,0,16,19,2,5,0,0,0,1,0,0,0,3,1,1,1,1,36,7,1753,2,20,FORD TRANSIT CONNECT,2,E01023119,0,-1
2023320726007,2023,320726007,2,19,0,2,2,0,0,0,0,2,0,0,0,0,1,1,6,6,1,41,7,1499,2,0,FORD TRANSIT CONNECT,9,E01026320,0,-1
2023010480682,2023,010480682,2,19,0,99,99,9,9,99,99,9,9,99,9,99,1,9,6,6,3,34,6,1499,2,0,FORD TRANSIT CONNECT,1,E01021304,0,-1
2023451322534,2023,451322534,1,19,0,18,19,1,1,0,0,0,0,0,0,0,3,1,6,6,1,25,5,1499,2,6,FORD TRANSIT CONNECT,10,E01022897,0,-1
2023991368669,2023,991368669,3,19,0,18,19,2,6,0,0,0,0,0,0,0,4,1,1,1,1,28,6,1499,2,4,FORD TRANSIT CONNECT,-1,-1,0,-1
2023461368608,2023,461368608,1,19,0,18,19,3,7,0,0,1,0,0,0,0,1,1,6,6,1,43,7,1499,2,6,FORD TRANSIT CONNECT,5,E01000251,0,-1
2023461347460,2023,461347460,1,19,0,18,19,4,8,0,0,0,0,0,0,0,1,1,1,1,1,43,7,1753,2,16,FORD TRANSIT CONNECT,3,E01024103,0,-1
2023231359007,2023,231359007,1,19,0,18,19,6,2,0,0,8,0,0,0,0,1,1,6,6,1,30,6,1499,2,4,FORD TRANSIT CONNECT,1,E01032890,0,-1
2023471274928,2023,471274928,1,19,0,7,7,2,4,0,0,1,0,0,0,0,4,1,2,2,1,77,11,1753,2,16,FORD TRANSIT CONNECT,1,E01016867,0,-1
2023141373375,2023,141373375,3,19,0,18,19,1,5,0,0,0,0,0,0,0,2,2,6,6,1,45,7,1499,2,2,FORD TRANSIT CONNECT,-1,-1,0,-1
2023010432265,2023,010432265,2,19,0,18,19,3,7,0,0,0,0,0,0,0,1,1,2,2,1,62,9,1499,2,7,FORD TRANSIT CONNECT,5,E01000285,0,-1
2023461355073,2023,461355073,1,19,0,1,1,3,7,0,0,0,0,0,0,0,2,1,1,1,1,46,8,1499,2,0,FORD TRANSIT CONNECT,3,E01024688,0,-1
2023501400629,2023,501400629,1,19,0,9,9,2,8,0,0,5,0,0,0,0,3,1,6,6,1,-1,-1,1753,2,19,FORD TRANSIT CONNECT,6,E01018917,0,-1
2023421291558,2023,421291558,1,19,0,18,19,3,7,0,0,0,0,0,0,0,1,1,6,6,1,-1,-1,1560,2,8,FORD TRANSIT CONNECT,-1,-1,0,-1
2023501380655,2023,501380655,2,19,0,18,19,3,7,0,0,1,0,0,0,0,3,1,1,1,1,65,9,1753,2,16,FORD TRANSIT CONNECT,8,E01020197,0,-1
2023061342718,2023,061342718,1,19,0,18,19,3,7,0,0,8,0,0,0,0,1,1,6,6,1,-1,-1,1499,2,4,FORD TRANSIT CONNECT,-1,-1,0,-1
2023161285160,2023,161285160,2,19,0,7,7,1,2,0,0,0,0,0,0,0,1,1,6,6,1,54,8,1499,2,6,FORD TRANSIT CONNECT,6,E01013021,0,-1
2023221295056,2023,221295056,2,19,0,4,4,8,4,0,0,1,0,0,0,0,2,1,1,1,1,48,8,1499,2,4,FORD TRANSIT CONNECT,2,W01001501,0,-1
2023332300388,2023,332300388,5,19,0,18,19,0,0,0,0,0,0,0,0,0,1,1,6,6,1,47,8,1499,2,2,FORD TRANSIT CONNECT,10,E01025914,0,-1
2023131315015,2023,131315015,1,19,0,17,19,1,5,0,0,0,0,0,0,0,1,1,6,6,3,-1,-1,1753,2,15,FORD TRANSIT CONNECT,-1,-1,0,-1
2023481409658,2023,481409658,1,19,0,7,7,1,3,0,0,8,0,0,0,0,4,1,2,2,1,32,6,1499,2,0,FORD TRANSIT CONNECT,-1,-1,0,-1
2023131287665,2023,131287665,3,19,0,2,2,0,0,0,0,8,0,0,0,0,1,1,6,6,3,-1,-1,1753,2,14,FORD TRANSIT CONNECT,-1,-1,0,-1
2023010427045,2023,010427045,1,19,0,7,7,5,8,0,0,1,0,0,0,0,1,1,6,6,1,55,8,1499,2,6,FORD TRANSIT CONNECT,4,E01001484,0,-1
2023411328278,2023,411328278,2,19,0,4,4,-1,-1,0,0,0,0,0,0,0,2,1,1,1,1,57,9,1753,2,12,FORD TRANSIT CONNECT,2,E01023860,0,-1
2023320650508,2023,320650508,1,19,0,18,19,2,6,0,0,1,0,0,0,0,1,1,2,2,1,48,8,1753,2,21,FORD TRANSIT CONNECT,8,E01026321,0,-1
2023010456355,2023,010456355,1,19,0,5,5,3,7,0,0,2,0,0,0,0,1,1,2,2,1,32,6,998,1,6,FORD TRANSIT CONNECT,2,E01002054,0,-1
2023471321578,2023,471321578,1,19,0,18,19,7,3,0,0,1,-1,-1,-1,0,-1,1,6,6,1,31,6,1499,2,6,FORD TRANSIT CONNECT,4,E01020935,0,-1
2023340NN4172,2023,340NN4172,1,19,0,11,11,4,8,0,0,1,0,0,1,0,4,1,1,1,1,21,5,1499,2,0,FORD TRANSIT CONNECT,10,E01027086,0,-1
2023501368242,2023,501368242,1,19,0,18,19,7,3,0,0,0,2,0,2,10,4,1,6,6,2,37,7,1753,2,14,FORD TRANSIT CONNECT,4,E01020288,0,-1
2023041389622,2023,041389622,1,19,0,18,19,7,3,0,0,8,0,0,0,0,3,1,1,1,1,68,10,1560,2,8,FORD TRANSIT CONNECT,5,E01025415,0,-1
2023201381732,2023,201381732,1,19,0,11,11,4,8,0,0,1,1,0,0,0,1,1,6,6,1,62,9,1753,2,13,FORD TRANSIT CONNECT,1,E01008907,0,-1
2023371387573,2023,371387573,2,19,0,18,19,4,8,0,0,0,0,0,0,0,1,1,2,2,1,22,5,1560,2,9,FORD TRANSIT CONNECT,5,E01033446,0,-1
2023311318643,2023,311318643,1,19,0,18,19,7,3,0,0,0,0,0,0,0,1,1,1,1,1,36,7,1499,2,5,FORD TRANSIT CONNECT,8,E01019659,0,-1
2023041271891,2023,041271891,1,19,0,18,19,3,7,0,0,8,0,0,0,0,1,1,1,1,1,31,6,1499,2,1,FORD TRANSIT CONNECT,8,E01012636,0,-1
2023501318555,2023,501318555,1,19,0,1,1,8,4,0,0,1,0,0,0,0,2,1,6,6,1,71,10,1499,2,5,FORD TRANSIT CONNECT,10,E01020336,0,-1
2023401367632,2023,401367632,1,19,0,18,19,-1,-1,0,0,0,0,0,0,0,0,1,6,6,3,-1,-1,1753,2,13,FORD TRANSIT CONNECT,-1,-1,0,-1
2023041366138,2023,041366138,1,19,0,18,19,5,1,0,0,0,0,0,0,0,4,1,5,6,1,74,10,1499,2,4,FORD TRANSIT CONNECT,8,E01025018,0,-1
2023041333771,2023,041333771,2,19,0,18,19,7,3,0,0,8,0,0,0,0,4,1,1,1,1,62,9,1499,2,7,FORD TRANSIT CONNECT,3,E01024883,0,-1
2023320095672,2023,320095672,2,19,0,18,19,7,3,0,0,8,0,0,7,0,1,1,6,6,1,58,9,1499,2,3,FORD TRANSIT CONNECT,6,E01026153,0,-1
2023010456327,2023,010456327,2,19,0,99,99,9,9,99,99,9,9,99,9,99,1,9,6,6,3,-1,-1,1499,2,5,FORD TRANSIT CONNECT,-1,-1,0,-1
2023461320106,2023,461320106,2,19,0,18,19,2,6,0,0,0,0,0,0,0,2,1,1,1,1,60,9,1753,2,19,FORD TRANSIT CONNECT,8,E01024113,0,-1
2023461358751,2023,461358751,1,19,0,18,19,1,5,0,0,0,0,0,0,0,1,1,5,6,2,39,7,1753,2,13,FORD TRANSIT CONNECT,6,E01023980,0,-1
2023061323772,2023,061323772,1,20,0,18,19,3,7,0,0,0,2,0,4,0,1,1,1,1,1,32,6,-1,-1,-1,-1,2,E01006326,0,-1
2023340WN2882,2023,340WN2882,1,19,0,18,19,4,8,0,0,1,0,0,0,0,1,1,1,1,1,54,8,1499,2,1,FORD TRANSIT CONNECT,6,E01027371,0,-1
2023991352205,2023,991352205,1,19,0,18,19,7,3,0,0,1,0,0,0,0,1,1,1,1,1,29,6,1499,2,2,FORD TRANSIT CONNECT,1,E01027392,0,-1
2023031389914,2023,031389914,1,19,0,4,4,4,8,0,0,1,0,0,0,0,2,1,6,6,1,31,6,1499,2,5,FORD TRANSIT CONNECT,-1,-1,0,-1
2023010461782,2023,010461782,1,19,0,18,19,7,3,0,0,0,0,1,0,0,1,2,6,6,1,23,5,1753,2,18,FORD TRANSIT CONNECT,-1,-1,0,-1
2023471287262,2023,471287262,1,19,0,16,19,1,5,0,0,0,0,0,7,4,1,1,5,6,1,31,6,1499,2,3,FORD TRANSIT CONNECT,8,E01021086,0,-1
2023010448313,2023,010448313,1,19,5,3,3,1,5,0,0,0,0,0,0,0,1,1,6,6,1,26,6,1499,2,1,FORD TRANSIT CONNECT,6,E01002126,0,-1
2023010438044,2023,010438044,1,19,0,9,9,7,6,0,0,1,0,0,0,0,1,1,1,1,1,49,8,1499,2,4,FORD TRANSIT CONNECT,2,E01032579,0,-1
2023451324823,2023,451324823,2,19,0,18,19,3,7,0,0,0,0,0,0,0,1,1,5,6,1,38,7,1499,2,4,FORD TRANSIT CONNECT,6,E01030548,0,-1
2023010478721,2023,010478721,1,19,0,7,7,5,7,0,0,1,0,12,0,0,4,1,2,2,1,41,7,1499,2,2,FORD TRANSIT CONNECT,1,E01016111,0,-1
2023430013255,2023,430013255,1,19,0,18,19,8,4,0,0,2,0,0,0,0,3,1,2,2,1,61,9,1560,2,8,FORD TRANSIT CONNECT,7,E01016383,0,-1
2023631329974,2023,631329974,1,19,0,18,19,4,8,0,0,0,0,0,7,10,1,1,1,1,1,21,5,1753,2,14,FORD TRANSIT CONNECT,1,W01000511,0,-1
2023520300750,2023,520300750,1,19,0,18,19,7,3,0,0,0,2,0,0,0,0,1,6,6,1,38,7,1499,2,2,FORD TRANSIT CONNECT,8,W01001616,0,-1
2023991265200,2023,991265200,1,19,0,9,9,7,5,0,0,8,0,0,0,0,1,1,2,2,1,43,7,1560,2,9,FORD TRANSIT CONNECT,-1,-1,0,-1
2023131346366,2023,131346366,1,19,0,7,7,5,7,0,0,6,0,0,0,0,4,1,1,1,1,51,8,1499,2,6,FORD TRANSIT CONNECT,7,E01011511,0,-1
2023131340399,2023,131340399,1,19,0,18,19,5,1,0,0,8,0,0,0,0,1,1,6,6,3,-1,-1,1499,2,4,FORD TRANSIT CONNECT,-1,-1,0,-1
2023440051111,2023,440051111,1,19,0,7,7,3,5,0,0,8,0,0,0,0,1,1,6,6,1,47,8,1753,2,16,FORD TRANSIT CONNECT,9,E01022617,0,-1
2023991377807,2023,991377807,1,19,0,18,19,5,1,0,0,4,0,0,0,0,3,1,2,2,1,23,5,1753,2,11,FORD TRANSIT CONNECT,5,-1,0,-1
2023401386818,2023,401386818,1,19,0,18,19,1,5,0,0,0,0,0,1,0,1,1,6,6,1,49,8,1560,2,8,FORD TRANSIT CONNECT,6,E01017592,0,-1
2023622300553,2023,622300553,2,19,0,18,19,4,8,0,0,8,5,0,0,0,4,1,1,1,1,52,8,1499,2,6,FORD TRANSIT CONNECT,5,W01001102,0,-1
2023440194855,2023,440194855,1,19,0,4,4,7,3,0,0,1,0,0,0,0,4,1,1,1,1,71,10,1499,2,6,FORD TRANSIT CONNECT,6,E01017200,0,-1
2023010429694,2023,010429694,1,19,0,99,99,9,9,99,99,0,9,99,9,99,9,9,6,6,1,32,6,1499,2,5,FORD TRANSIT CONNECT,4,E01001873,0,-1
2023451308102,2023,451308102,1,19,0,18,19,1,1,0,0,0,0,0,0,0,1,1,5,6,1,41,7,1753,2,16,FORD TRANSIT CONNECT,10,E01030360,0,-1
2023061277122,2023,061277122,2,19,0,18,19,5,1,0,0,0,0,0,0,0,2,1,1,1,1,31,6,1499,2,6,FORD TRANSIT CONNECT,3,E01006338,0,-1
2023311391904,2023,311391904,1,19,0,9,9,5,1,0,0,1,1,0,0,0,1,1,1,1,1,26,6,1499,2,4,FORD TRANSIT CONNECT,5,E01027945,0,-1
2023461352674,2023,461352674,1,19,0,18,19,7,3,0,0,0,0,0,0,0,1,1,5,6,1,63,9,1560,2,9,FORD TRANSIT CONNECT,7,E01024515,0,-1
2023221269348,2023,221269348,1,19,0,18,19,5,1,0,0,0,0,0,5,6,1,1,6,6,1,70,10,1753,2,10,FORD TRANSIT CONNECT,7,E01029671,0,-1
2023201379758,2023,201379758,1,19,-1,-1,-1,-1,-1,-1,-1,-1,-1,-1,-1,0,1,1,1,1,1,18,4,1560,2,7,FORD TRANSIT CONNECT,6,E01032968,0,-1
2023631307371,2023,631307371,1,19,4,5,5,5,1,0,0,6,0,0,0,0,3,1,5,6,1,41,7,1499,2,5,FORD TRANSIT CONNECT,4,W01000603,0,-1
2023451286532,2023,451286532,1,19,0,18,19,5,1,0,0,2,1,0,0,0,4,1,1,1,1,46,8,1499,2,5,FORD TRANSIT CONNECT,9,E01030904,0,-1
2023231285359,2023,231285359,1,19,0,17,19,8,4,0,0,0,1,0,0,0,1,1,1,1,1,55,8,1499,2,2,FORD TRANSIT CONNECT,6,E01014447,0,-1
2023440505109,2023,440505109,1,19,0,18,19,5,1,0,0,0,0,0,0,0,1,1,6,6,1,36,7,1753,2,16,FORD TRANSIT CONNECT,9,E01022586,0,-1
2023052300124,2023,052300124,2,19,0,2,2,0,0,0,0,1,0,0,0,0,4,1,6,6,3,-1,-1,1499,2,1,FORD TRANSIT CONNECT,-1,-1,0,-1
2023170M10043,2023,170M10043,2,19,0,18,19,8,4,0,0,1,0,0,0,0,1,1,1,1,1,38,7,1753,2,18,FORD TRANSIT CONNECT,4,E01012292,0,-1
2023052302095,2023,052302095,1,19,0,18,19,7,3,0,0,8,0,0,0,0,1,1,6,6,3,-1,-1,1560,2,8,FORD TRANSIT CONNECT,-1,-1,0,-1
2023501324911,2023,501324911,1,19,0,17,19,5,2,0,0,0,0,0,0,0,1,1,5,6,1,39,7,1753,2,18,FORD TRANSIT CONNECT,3,E01015731,0,-1
2023010436031,2023,010436031,2,19,0,10,10,3,8,0,0,1,0,0,0,0,1,1,1,1,1,56,9,1753,2,17,FORD TRANSIT CONNECT,2,E01001056,0,-1
2023411348367,2023,411348367,1,19,0,10,10,2,7,0,0,0,0,0,0,0,2,1,2,2,1,42,7,1499,2,4,FORD TRANSIT CONNECT,9,E01030519,0,-1
2023061360622,2023,061360622,2,19,0,5,5,5,1,0,0,2,0,0,0,0,3,1,5,6,1,35,6,1753,2,15,FORD TRANSIT CONNECT,6,E01004912,0,-1
2023010481324,2023,010481324,2,19,0,99,99,9,9,99,99,9,9,99,9,99,9,9,6,6,3,-1,-1,1499,2,6,FORD TRANSIT CONNECT,3,E01002526,0,-1
2023361360768,2023,361360768,4,19,0,4,4,7,3,0,0,0,0,0,0,0,2,1,6,6,1,48,8,1753,2,12,FORD TRANSIT CONNECT,2,E01026607,0,-1
2023351341910,2023,351341910,2,20,0,2,2,6,2,0,0,1,0,0,0,0,3,1,2,2,1,38,7,-1,-1,-1,-1,10,E01018198,0,-1
2023010431861,2023,010431861,1,19,0,18,19,3,7,0,0,4,0,11,0,0,1,1,6,6,1,19,4,1753,2,12,FORD TRANSIT CONNECT,8,E01023660,0,-1
2023010440996,2023,010440996,1,19,0,18,19,7,3,0,0,0,0,0,0,0,1,1,1,1,1,29,6,1499,2,7,FORD TRANSIT CONNECT,9,E01021788,0,-1
2023440401614,2023,440401614,2,19,0,18,19,6,2,0,0,1,0,0,0,0,1,1,6,6,1,65,9,1753,2,15,FORD TRANSIT CONNECT,5,E01017358,0,-1
2023361294271,2023,361294271,2,19,0,18,19,3,1,0,0,1,0,0,0,0,1,1,5,6,1,77,11,1753,2,16,FORD TRANSIT CONNECT,5,E01026442,0,-1
2023543618223,2023,543618223,1,19,0,18,19,4,8,0,0,0,0,0,0,0,1,1,2,2,1,23,5,1560,2,8,FORD TRANSIT CONNECT,9,E01022342,0,-1
2023010423588,2023,010423588,2,19,0,99,99,9,9,99,99,9,9,99,9,99,1,9,6,6,3,-1,-1,1560,2,7,FORD TRANSIT CONNECT,4,E01023543,0,-1
2023471262398,2023,471262398,1,19,0,18,19,1,5,0,0,0,1,0,7,9,1,1,1,1,1,48,8,1753,2,12,FORD TRANSIT CONNECT,2,E01004238,0,-1
2023401356383,2023,401356383,4,19,0,18,19,4,8,0,0,0,0,11,0,0,4,1,6,6,2,38,7,1499,2,4,FORD TRANSIT CONNECT,7,E01027354,0,-1
2023552301497,2023,552301497,1,19,0,18,19,8,4,0,0,0,0,0,0,0,1,1,2,2,1,23,5,1499,2,6,FORD TRANSIT CONNECT,6,E01020476,0,-1
2023010476374,2023,010476374,2,19,0,10,10,3,1,0,0,6,0,0,0,0,1,1,6,6,1,31,6,1499,2,5,FORD TRANSIT CONNECT,4,E01004357,0,-1
2023161317752,2023,161317752,1,19,0,3,3,2,6,0,0,2,0,0,0,0,2,1,1,1,1,46,8,1499,2,2,FORD TRANSIT CONNECT,2,E01013187,0,-1
2023421300373,2023,421300373,1,19,0,4,4,3,7,0,0,1,0,0,0,0,1,1,6,6,1,34,6,1753,2,16,FORD TRANSIT CONNECT,3,E01021669,0,-1
2023320419549,2023,320419549,2,19,0,4,4,2,6,0,0,0,0,0,0,0,2,1,6,6,1,31,6,1560,2,9,FORD TRANSIT CONNECT,-1,-1,0,-1
2023351323612,2023,351323612,1,19,0,5,5,7,3,0,0,0,0,0,0,0,1,1,6,6,1,32,6,1560,2,9,FORD TRANSIT CONNECT,9,E01018136,0,-1
2023161309920,2023,161309920,2,19,0,3,3,5,1,0,0,1,0,0,0,0,2,1,6,6,1,32,6,1560,2,9,FORD TRANSIT CONNECT,-1,-1,0,-1
2023161329002,2023,161329002,1,19,0,18,19,7,3,0,0,0,1,0,1,1,1,1,1,1,1,23,5,1499,2,4,FORD TRANSIT CONNECT,2,E01007394,0,-1
2023411352333,2023,411352333,1,19,0,3,3,5,1,0,0,1,0,0,0,0,1,1,6,6,1,-1,-1,1499,2,6,FORD TRANSIT CONNECT,8,E01023837,0,-1
2023141275174,2023,141275174,2,19,0,18,19,7,3,0,0,0,0,0,0,0,3,1,5,6,1,24,5,1499,2,3,FORD TRANSIT CONNECT,8,E01007891,0,-1
2023371296406,2023,371296406,1,19,0,18,19,3,6,0,0,0,0,0,1,4,3,1,1,1,1,32,6,1753,2,19,FORD TRANSIT CONNECT,6,E01030209,0,-1
2023531332554,2023,531332554,1,19,0,18,19,3,7,0,0,8,5,0,1,0,3,1,1,1,1,52,8,999,1,4,FORD TRANSIT CONNECT,2,E01014694,0,-1
2023052302831,2023,052302831,1,19,0,3,3,3,1,0,0,1,0,0,0,0,0,1,1,1,1,23,5,1560,2,7,FORD TRANSIT CONNECT,-1,-1,0,-1
2023061328038,2023,061328038,3,19,0,2,2,0,0,0,0,0,0,0,0,0,2,1,6,6,1,25,5,1560,2,9,FORD TRANSIT CONNECT,8,E01004769,0,-1
2023010456452,2023,010456452,1,19,0,99,99,9,9,99,99,9,9,99,9,99,2,9,2,2,1,36,7,1753,2,17,FORD TRANSIT CONNECT,3,E01004590,0,-1
2023221314168,2023,221314168,2,19,0,18,19,2,6,0,0,0,0,0,0,0,3,1,5,6,1,64,9,1560,2,9,FORD TRANSIT CONNECT,4,E01014003,0,-1
2023332300516,2023,332300516,2,19,0,6,6,8,8,0,0,1,0,0,0,0,3,1,2,2,1,54,8,1499,2,1,FORD TRANSIT CONNECT,3,E01025992,0,-1
2023501301431,2023,501301431,2,19,0,3,3,4,8,0,0,0,0,0,0,0,2,1,1,1,1,53,8,1499,2,3,FORD TRANSIT CONNECT,8,E01015124,0,-1
2023547103223,2023,547103223,2,19,0,2,2,0,0,6,6,0,0,0,0,0,1,1,2,2,2,30,6,1499,2,1,FORD TRANSIT CONNECT,1,E01015508,0,-1
2023010420754,2023,010420754,3,19,0,10,10,5,3,0,0,1,0,0,0,0,2,1,1,1,1,37,7,1499,2,1,FORD TRANSIT CONNECT,5,E01000285,0,-1
2023010434717,2023,010434717,3,19,0,2,2,0,0,0,0,2,0,0,0,0,1,1,6,6,3,-1,-1,1753,2,19,FORD TRANSIT CONNECT,-1,-1,0,-1
2023991368732,2023,991368732,1,19,0,15,15,6,2,0,0,2,0,0,0,0,3,1,1,1,1,60,9,1499,2,0,FORD TRANSIT CONNECT,-1,-1,0,-1
2023071233390,2023,071233390,2,19,0,2,2,0,0,0,0,0,0,0,0,11,1,1,6,6,1,-1,-1,1753,2,16,FORD TRANSIT CONNECT,-1,-1,0,-1
2023122300616,2023,122300616,1,19,0,16,19,5,1,0,0,1,0,0,0,0,1,1,1,1,1,33,6,1499,2,7,FORD TRANSIT CONNECT,5,E01025050,0,-1
2023522300822,2023,522300822,4,19,0,2,2,0,0,0,0,0,0,4,0,0,2,1,6,6,3,-1,-1,1499,2,6,FORD TRANSIT CONNECT,-1,-1,0,-1
2023501304085,2023,501304085,1,19,0,18,19,2,6,0,0,0,1,0,0,0,1,1,6,6,1,59,9,1753,2,18,FORD TRANSIT CONNECT,6,E01015027,0,-1
2023440019579,2023,440019579,2,19,0,9,9,2,8,0,0,8,0,0,0,0,1,1,6,6,1,-1,-1,1499,2,6,FORD TRANSIT CONNECT,-1,-1,0,-1
2023421293786,2023,421293786,1,19,0,17,19,6,2,5,5,0,5,0,1,11,1,1,6,6,1,51,8,1753,2,15,FORD TRANSIT CONNECT,8,E01033138,0,-1
2023548613323,2023,548613323,2,19,0,5,5,1,5,0,0,0,0,0,0,0,2,1,6,6,1,57,9,1560,2,8,FORD TRANSIT CONNECT,7,E01031961,0,-1
2023361329177,2023,361329177,1,19,0,18,19,2,6,0,0,0,0,0,0,0,1,1,1,1,1,37,7,1560,2,9,FORD TRANSIT CONNECT,1,E01026867,0,-1
2023451383009,2023,451383009,2,19,0,18,19,3,7,0,0,0,0,0,0,0,1,1,2,2,1,40,7,1499,2,5,FORD TRANSIT CONNECT,8,E01032725,0,-1
2023161280526,2023,161280526,1,19,0,9,9,8,4,0,0,8,0,0,0,0,4,1,6,6,1,38,7,1753,2,14,FORD TRANSIT CONNECT,2,E01013332,0,-1
2023302300938,2023,302300938,1,19,0,4,4,2,6,0,0,1,0,0,0,0,1,1,6,6,3,-1,-1,1753,2,15,FORD TRANSIT CONNECT,5,E01019456,0,-1
2023161307023,2023,161307023,2,19,0,18,19,4,8,0,0,1,0,0,0,0,1,1,5,6,2,53,8,1560,2,7,FORD TRANSIT CONNECT,10,E01013451,0,-1
2023010422255,2023,010422255,2,19,0,9,9,7,5,0,0,8,0,0,0,0,3,1,1,1,1,24,5,1499,2,3,FORD TRANSIT CONNECT,2,E01001555,0,-1
2023430400632,2023,430400632,2,19,0,18,19,3,7,0,0,8,0,0,1,9,3,1,6,6,1,44,7,1499,2,3,FORD TRANSIT CONNECT,-1,-1,0,-1
2023991260109,2023,991260109,1,19,0,18,19,3,7,0,0,0,0,4,0,0,4,1,1,1,1,35,6,1499,2,5,FORD TRANSIT CONNECT,-1,-1,0,-1
202354C788923,2023,54C788923,2,19,0,1,1,0,0,0,0,5,0,0,0,0,0,1,6,6,1,27,6,1753,2,15,FORD TRANSIT CONNECT,9,E01032099,0,-1
2023070312050,2023,070312050,2,19,0,7,7,6,2,0,0,1,0,0,0,0,0,1,1,1,1,-1,-1,1499,2,6,FORD TRANSIT CONNECT,-1,-1,0,-1
2023440466319,2023,440466319,2,19,0,4,4,4,8,0,0,0,0,0,0,0,2,1,2,2,1,56,9,1560,2,8,FORD TRANSIT CONNECT,10,E01022773,0,-1
2023991374638,2023,991374638,1,19,0,18,19,2,6,0,0,2,1,0,7,7,4,1,6,6,1,39,7,1753,2,19,FORD TRANSIT CONNECT,3,-1,0,-1
2023501301012,2023,501301012,1,19,0,18,19,4,8,0,0,0,0,0,0,0,1,1,6,6,1,32,6,1753,2,14,FORD TRANSIT CONNECT,2,E01015053,0,-1
2023461295957,2023,461295957,2,19,0,3,3,3,7,0,0,0,0,0,0,0,2,1,2,2,1,53,8,1499,2,4,FORD TRANSIT CONNECT,3,E01016834,0,-1
2023411278741,2023,411278741,2,19,0,18,19,7,3,0,0,1,1,0,0,0,1,1,2,2,1,26,6,1499,2,4,FORD TRANSIT CONNECT,9,E01023419,0,-1
2023451267020,2023,451267020,1,19,0,4,4,1,5,0,0,1,0,0,0,0,2,1,6,6,1,32,6,1499,2,7,FORD TRANSIT CONNECT,10,E01022891,0,-1
2023421300855,2023,421300855,2,19,0,18,19,3,7,0,0,0,0,0,0,0,1,1,1,1,1,32,6,1560,2,9,FORD TRANSIT CONNECT,5,E01016157,0,-1
2023421388235,2023,421388235,2,19,0,18,19,3,7,0,0,0,0,0,0,0,4,1,6,6,1,27,6,1499,2,4,FORD TRANSIT CONNECT,5,E01021387,0,-1
2023010454229,2023,010454229,1,19,0,9,9,5,3,0,0,6,0,0,0,0,2,1,1,1,1,51,8,1499,2,2,FORD TRANSIT CONNECT,3,E01007515,0,-1
2023440088946,2023,440088946,1,19,0,18,19,6,2,0,0,8,2,0,0,0,3,1,6,6,1,19,4,1753,2,17,FORD TRANSIT CONNECT,5,E01023285,0,-1
2023221286832,2023,221286832,1,19,0,17,19,3,8,0,0,0,0,0,1,4,1,1,6,6,1,23,5,1753,2,15,FORD TRANSIT CONNECT,2,E01032461,0,-1
2023031296270,2023,031296270,2,19,0,18,19,1,5,0,0,4,0,0,0,0,1,1,1,1,1,40,7,1499,2,1,FORD TRANSIT CONNECT,-1,-1,0,-1