collision_index,collision_year,collision_ref_no,vehicle_reference,vehicle_type,towing_and_articulation,vehicle_manoeuvre_historic,vehicle_manoeuvre,vehicle_direction_from,vehicle_direction_to,vehicle_location_restricted_lane_historic,vehicle_location_restricted_lane,junction_location,skidding_and_overturning,hit_object_in_carriageway,vehicle_leaving_carriageway,hit_object_off_carriageway,first_point_of_impact,vehicle_left_hand_drive,journey_purpose_of_driver_historic,journey_purpose_of_driver,sex_of_driver,age_of_driver,age_band_of_driver,engine_capacity_cc,propulsion_code,age_of_vehicle,generic_make_model,driver_imd_decile,lsoa_of_driver,escooter_flag,driver_distance_banding
2023010450656,2023,010450656,2,19,9,99,99,9,9,99,99,9,9,99,9,99,9,9,6,6,1,46,8,1499,2,4,FORD TRANSIT CONNECT,9,E01001107,0,-1
2023371338074,2023,371338074,1,19,0,18,19,7,3,0,0,8,0,0,0,0,3,1,1,1,1,-1,-1,1753,2,15,FORD TRANSIT CONNECT,-1,-1,0,-1
2023122300673,2023,122300673,1,19,0,9,9,4,2,0,0,8,0,0,0,0,1,1,6,6,1,28,6,1499,2,4,FORD TRANSIT CONNECT,7,E01027646,0,-1
2023201275682,2023,201275682,1,19,0,18,19,-1,-1,0,0,0,0,0,0,0,3,1,6,6,1,29,6,1753,2,20,FORD TRANSIT CONNECT,2,E01008942,0,-1
2023010463136,2023,010463136,1,19,0,99,99,9,9,99,99,9,9,99,9,99,9,9,1,1,2,37,7,1499,2,3,FORD TRANSIT CONNECT,4,E01024296,0,-1
2023411364333,2023,411364333,3,19,0,18,19,3,7,0,0,8,0,0,0,0,1,1,5,6,1,69,10,1560,2,7,FORD TRANSIT CONNECT,9,E01017389,0,-1
2023440444766,2023,440444766,5,19,0,18,19,7,3,0,0,0,0,0,0,0,2,1,6,6,3,-1,-1,1499,2,0,FORD TRANSIT CONNECT,-1,-1,0,-1
2023361299450,2023,361299450,1,19,0,4,4,7,5,0,0,0,0,0,0,0,1,1,1,1,1,54,8,1499,2,6,FORD TRANSIT CONNECT,8,E01026691,0,-1
2023401337840,2023,401337840,1,19,0,18,19,4,8,0,0,0,0,0,0,0,1,1,1,1,3,-1,-1,1499,2,5,FORD TRANSIT CONNECT,-1,-1,0,-1
2023501342234,2023,501342234,2,19,0,18,19,5,1,0,0,0,0,0,2,7,4,1,6,6,1,65,9,1753,2,17,FORD TRANSIT CONNECT,3,E01020225,0,-1
2023361323503,2023,361323503,2,19,0,18,19,3,7,0,0,0,0,0,0,0,2,1,6,6,1,21,5,1753,2,13,FORD TRANSIT CONNECT,5,E01026943,0,-1
2023531345143,2023,531345143,1,19,0,9,9,7,1,0,0,1,0,0,0,0,1,1,1,1,2,42,7,1499,2,3,FORD TRANSIT CONNECT,7,E01031887,0,-1
2023501346322,2023,501346322,3,19,0,3,3,5,1,0,0,0,0,0,0,0,2,1,2,2,1,27,6,1753,2,18,FORD TRANSIT CONNECT,5,E01019923,0,-1
2023161292801,2023,161292801,2,19,0,14,14,7,3,0,0,8,0,0,0,0,1,1,5,6,1,66,10,1753,2,13,FORD TRANSIT CONNECT,1,E01012894,0,-1
2023622300239,2023,622300239,3,19,0,2,2,0,0,0,0,0,0,0,0,0,3,1,6,6,3,-1,-1,1499,2,2,FORD TRANSIT CONNECT,-1,-1,0,-1
2023421299951,2023,421299951,1,19,0,2,2,8,4,0,0,0,0,0,0,0,0,1,5,6,1,34,6,1560,2,7,FORD TRANSIT CONNECT,6,E01021666,0,-1
2023461344105,2023,461344105,1,19,0,18,19,7,3,0,0,1,0,0,0,0,1,1,1,1,1,22,5,1499,2,1,FORD TRANSIT CONNECT,-1,-1,0,-1
2023411346312,2023,411346312,2,19,0,17,19,8,5,0,0,0,0,0,0,0,1,1,6,6,1,33,6,1499,2,6,FORD TRANSIT CONNECT,7,E01015803,0,-1
2023070579801,2023,070579801,2,19,0,9,9,5,3,0,0,6,0,0,0,0,1,1,1,1,1,61,9,1753,2,17,FORD TRANSIT CONNECT,6,E01018736,0,-1
2023522400624,2023,522400624,3,19,0,18,19,2,6,0,0,0,0,0,0,0,1,1,6,6,1,36,7,1499,2,0,FORD TRANSIT CONNECT,7,E01014394,0,-1
2023542275723,2023,542275723,1,19,0,18,19,8,4,0,0,1,0,0,0,0,1,1,6,6,1,-1,-1,1560,2,9,FORD TRANSIT CONNECT,7,E01017049,0,-1
2023201413725,2023,201413725,2,19,0,18,19,6,3,0,0,0,0,0,0,0,1,1,6,6,1,62,9,1753,2,15,FORD TRANSIT CONNECT,2,E01010562,0,-1
2023430278838,2023,430278838,2,19,0,17,19,6,3,0,0,0,0,0,0,0,1,1,6,6,1,52,8,1753,2,17,FORD TRANSIT CONNECT,10,E01023734,0,-1
2023421349630,2023,421349630,1,19,0,18,19,5,1,0,0,0,0,0,0,0,1,1,1,1,1,59,9,1753,2,20,FORD TRANSIT CONNECT,6,E01021353,0,-1
2023010427780,2023,010427780,2,19,0,17,19,5,1,0,0,3,0,0,0,0,1,1,6,6,2,30,6,1499,2,5,FORD TRANSIT CONNECT,3,E01000052,0,-1
2023501356081,2023,501356081,1,19,0,4,4,1,6,0,0,8,0,0,0,0,1,1,6,6,1,33,6,1560,2,8,FORD TRANSIT CONNECT,2,E01015086,0,-1
2023161383354,2023,161383354,1,19,0,10,10,4,8,0,0,0,0,0,0,0,3,1,5,6,2,51,8,1560,2,7,FORD TRANSIT CONNECT,1,E01012833,0,-1
2023461363202,2023,461363202,2,19,0,3,3,4,6,0,0,4,0,0,0,0,1,1,6,6,1,60,9,1753,2,15,FORD TRANSIT CONNECT,5,E01024598,0,-1
2023010478519,2023,010478519,1,19,0,8,8,7,1,0,0,1,0,0,0,0,1,1,6,6,1,26,6,1753,2,16,FORD TRANSIT CONNECT,2,E01002633,0,-1
2023440180344,2023,440180344,3,19,0,2,2,0,0,9,9,0,0,0,0,0,1,1,6,6,3,-1,-1,1560,2,8,FORD TRANSIT CONNECT,-1,-1,0,-1
2023061388867,2023,061388867,1,19,0,18,19,7,3,0,0,0,5,0,0,0,1,1,6,6,1,-1,-1,1499,2,2,FORD TRANSIT CONNECT,-1,-1,0,-1
2023411364559,2023,411364559,1,19,0,17,19,4,4,0,0,0,5,0,1,10,1,1,1,1,1,32,6,1560,2,9,FORD TRANSIT CONNECT,7,E01023944,0,-1
2023010427827,2023,010427827,2,19,0,99,99,9,9,99,99,9,9,99,9,99,1,9,6,6,3,-1,-1,1499,2,5,FORD TRANSIT CONNECT,2,E01000990,0,-1
2023201281722,2023,201281722,2,19,0,5,5,5,1,0,0,0,0,7,0,0,2,1,1,1,1,22,5,1499,2,2,FORD TRANSIT CONNECT,1,E01010274,0,-1
2023010424308,2023,010424308,2,19,0,99,99,9,9,99,99,0,9,99,9,99,1,9,6,6,3,-1,-1,1753,2,16,FORD TRANSIT CONNECT,-1,-1,0,-1
2023461320583,2023,461320583,1,19,0,18,19,5,6,0,0,0,0,0,0,0,1,1,2,2,1,36,7,1499,2,1,FORD TRANSIT CONNECT,2,E01023974,0,-1
2023361402191,2023,361402191,3,19,0,2,2,0,0,6,6,0,0,0,0,0,4,1,6,6,3,-1,-1,1753,2,10,FORD TRANSIT CONNECT,-1,-1,0,-1
2023451367849,2023,451367849,1,19,0,7,7,3,7,0,0,0,0,0,0,0,2,1,1,1,1,26,6,1499,2,5,FORD TRANSIT CONNECT,4,E01002596,0,-1
2023461307992,2023,461307992,1,19,0,14,14,2,6,0,0,2,0,0,0,0,1,1,6,6,1,58,9,1499,2,5,FORD TRANSIT CONNECT,3,E01016154,0,-1
2023010428567,2023,010428567,2,19,0,99,99,9,9,99,99,9,9,99,9,99,1,9,6,6,3,21,5,1499,2,5,FORD TRANSIT CONNECT,10,E01016708,0,-1
2023201327184,2023,201327184,4,19,0,18,19,4,8,0,0,0,0,0,0,0,2,1,1,1,1,24,5,1499,2,2,FORD TRANSIT CONNECT,3,E01024864,0,-1
2023010423475,2023,010423475,1,19,0,99,99,9,9,99,99,9,9,99,9,99,2,9,2,2,1,28,6,1499,2,3,FORD TRANSIT CONNECT,3,E01001446,0,-1
2023430117047,2023,430117047,1,19,0,3,3,6,2,0,0,8,0,0,0,0,2,1,2,2,1,26,6,1753,2,14,FORD TRANSIT CONNECT,1,E01026619,0,-1
2023552300578,2023,552300578,1,19,0,18,19,3,7,0,0,2,0,0,0,0,1,1,6,6,3,-1,-1,1753,2,15,FORD TRANSIT CONNECT,-1,-1,0,-1
2023221326242,2023,221326242,1,19,0,18,19,1,5,0,0,0,0,0,0,0,1,1,5,6,1,60,9,1499,2,3,FORD TRANSIT CONNECT,2,W01000151,0,-1
2023010427271,2023,010427271,1,19,0,18,19,6,2,0,0,1,1,7,7,10,1,1,2,2,1,34,6,1499,2,1,FORD TRANSIT CONNECT,2,E01003239,0,-1
2023471378261,2023,471378261,4,19,0,18,19,3,7,0,0,1,0,0,0,0,1,1,2,2,1,48,8,1499,2,5,FORD TRANSIT CONNECT,9,E01030612,0,-1
2023430566217,2023,430566217,2,19,0,9,9,4,2,0,0,5,0,0,0,0,3,1,6,6,1,80,11,1753,2,19,FORD TRANSIT CONNECT,10,E01016632,0,-1
2023471306685,2023,471306685,1,19,0,18,19,5,1,0,0,0,0,0,0,0,1,1,1,1,1,63,9,1499,2,5,FORD TRANSIT CONNECT,5,E01030579,0,-1
2023010424839,2023,010424839,2,19,0,99,99,9,9,99,99,9,9,99,9,99,1,9,6,6,3,-1,-1,1753,2,19,FORD TRANSIT CONNECT,4,E01016128,0,-1
2023991325947,2023,991325947,3,19,0,18,19,5,1,0,0,2,0,0,0,0,3,1,1,1,1,52,8,1499,2,5,FORD TRANSIT CONNECT,6,-1,0,-1
2023010436450,2023,010436450,2,19,0,2,2,0,0,0,0,0,0,4,0,0,2,1,6,6,3,-1,-1,1499,2,6,FORD TRANSIT CONNECT,-1,-1,0,-1
2023010451641,2023,010451641,1,19,0,9,9,2,8,0,0,6,0,0,0,0,1,1,2,2,1,50,8,1499,2,6,FORD TRANSIT CONNECT,5,E01000892,0,-1
2023010483497,2023,010483497,2,19,0,99,99,9,9,0,0,0,9,99,9,99,1,9,6,6,3,-1,-1,1499,2,6,FORD TRANSIT CONNECT,-1,-1,0,-1
2023461280701,2023,461280701,1,19,0,17,19,7,3,0,0,0,0,10,1,4,1,1,6,6,1,31,6,1499,2,5,FORD TRANSIT CONNECT,9,E01000461,0,-1
2023421327349,2023,421327349,1,19,0,11,11,2,5,0,0,8,2,0,0,0,4,1,6,6,1,-1,-1,1499,2,5,FORD TRANSIT CONNECT,-1,-1,0,-1
2023430129821,2023,430129821,2,19,0,18,19,3,7,0,0,0,1,0,0,0,1,1,6,6,1,-1,-1,1753,2,11,FORD TRANSIT CONNECT,-1,-1,0,-1
2023461270506,2023,461270506,2,19,0,3,3,1,5,0,0,0,0,0,0,0,2,1,6,6,1,61,9,1753,2,15,FORD TRANSIT CONNECT,2,E01024135,0,-1
2023320508024,2023,320508024,1,19,0,18,19,6,2,0,0,4,0,0,0,0,1,1,1,1,2,69,10,1499,2,7,FORD TRANSIT CONNECT,-1,-1,0,-1
2023440227339,2023,440227339,1,19,0,18,19,7,3,0,0,3,1,0,0,0,1,1,1,1,1,34,6,1753,2,11,FORD TRANSIT CONNECT,7,E01023113,0,-1
2023010427399,2023,010427399,1,19,0,3,3,7,3,0,0,4,0,0,0,0,4,1,2,2,1,50,8,1499,2,6,FORD TRANSIT CONNECT,5,E01000982,0,-1
2023552300969,2023,552300969,1,19,0,5,5,6,2,0,0,4,0,0,0,0,1,1,6,6,1,41,7,1560,2,7,FORD TRANSIT CONNECT,4,E01015365,0,-1
2023622300347,2023,622300347,1,19,0,9,9,5,7,0,0,2,0,0,0,0,1,1,2,2,1,21,5,1560,2,8,FORD TRANSIT CONNECT,4,W01001248,0,-1
2023471356234,2023,471356234,2,19,0,17,19,6,3,0,0,0,0,0,0,0,3,1,5,6,1,70,10,1560,2,8,FORD TRANSIT CONNECT,3,E01021102,0,-1
2023010453341,2023,010453341,1,19,0,9,9,5,3,0,0,7,0,0,0,0,1,1,1,1,1,25,5,1499,2,0,FORD TRANSIT CONNECT,7,E01024140,0,-1
2023471304263,2023,471304263,1,19,0,9,9,5,2,0,0,6,0,0,0,0,1,1,2,2,1,66,10,1753,2,18,FORD TRANSIT CONNECT,6,E01031440,0,-1
2023501350945,2023,501350945,2,19,0,16,19,1,5,0,0,0,0,0,0,0,3,1,5,6,1,45,7,1499,2,6,FORD TRANSIT CONNECT,8,E01020133,0,-1
2023041350750,2023,041350750,2,19,0,3,3,1,5,0,0,0,0,0,0,0,1,2,5,6,2,34,6,1560,2,9,FORD TRANSIT CONNECT,1,E01012707,0,-1
2023101285576,2023,101285576,2,19,0,18,19,3,1,0,0,1,0,0,0,0,4,1,6,6,1,53,8,1753,2,10,FORD TRANSIT CONNECT,-1,-1,0,-1
2023101350742,2023,101350742,1,19,0,18,19,2,5,0,0,0,0,0,0,0,1,1,5,6,1,38,7,1560,2,9,FORD TRANSIT CONNECT,4,E01008404,0,-1
2023411325824,2023,411325824,2,20,0,2,2,0,0,0,0,0,-1,0,0,0,-1,1,1,1,1,41,7,-1,-1,-1,-1,4,E01023774,0,-1
2023131286994,2023,131286994,11,19,0,18,19,5,1,0,0,0,0,0,0,0,1,1,1,1,1,60,9,1499,2,2,FORD TRANSIT CONNECT,4,E01011499,0,-1
2023201393218,2023,201393218,1,19,0,1,1,3,7,0,0,0,0,0,0,0,2,1,6,6,1,73,10,1499,2,4,FORD TRANSIT CONNECT,8,E01009794,0,-1
2023421272568,2023,421272568,1,19,0,7,7,5,8,6,6,8,2,0,3,11,3,1,5,6,1,25,5,1753,2,11,FORD TRANSIT CONNECT,6,E01021562,0,-1
2023010454826,2023,010454826,2,19,0,99,99,9,9,99,99,9,9,99,9,99,2,9,6,6,3,-1,-1,1499,2,6,FORD TRANSIT CONNECT,-1,-1,0,-1
2023471323203,2023,471323203,1,19,0,18,19,8,4,0,0,0,0,0,0,0,4,1,6,6,1,30,6,1560,2,9,FORD TRANSIT CONNECT,4,E01030608,0,-1
2023501327528,2023,501327528,1,19,0,18,19,4,8,0,0,1,0,0,1,0,1,1,5,6,1,66,10,1499,2,4,FORD TRANSIT CONNECT,4,E01018766,0,-1
2023501364310,2023,501364310,2,19,0,4,4,6,2,0,0,1,0,0,0,0,2,1,5,6,1,33,6,1753,2,17,FORD TRANSIT CONNECT,3,E01015168,0,-1
2023332301246,2023,332301246,2,19,0,12,12,6,2,0,0,8,0,0,0,0,3,1,6,6,2,-1,-1,1753,2,17,FORD TRANSIT CONNECT,-1,-1,0,-1
2023061371841,2023,061371841,2,19,0,6,6,5,1,0,0,5,0,0,0,0,1,1,6,6,3,23,5,1753,2,16,FORD TRANSIT CONNECT,-1,-1,0,-1
2023061365867,2023,061365867,1,19,0,18,19,3,7,0,0,0,0,0,0,0,1,1,6,6,1,20,4,1753,2,16,FORD TRANSIT CONNECT,4,E01006278,0,-1
2023451344896,2023,451344896,6,19,0,18,19,3,7,0,0,0,0,0,0,0,2,1,1,1,1,38,7,1499,2,4,FORD TRANSIT CONNECT,8,E01019910,0,-1
2023340NN0572,2023,340NN0572,2,19,0,18,19,7,3,0,0,0,0,0,0,0,1,1,2,2,2,30,6,1499,2,7,FORD TRANSIT CONNECT,3,E01025976,0,-1
2023421295546,2023,421295546,2,19,0,18,19,1,5,0,0,0,0,0,1,5,1,1,1,1,1,65,9,1499,2,3,FORD TRANSIT CONNECT,8,E01018297,0,-1
2023311338636,2023,311338636,1,19,0,6,6,3,7,0,0,0,0,0,0,0,4,1,6,6,1,63,9,1753,2,11,FORD TRANSIT CONNECT,3,E01019511,0,-1
2023131275003,2023,131275003,1,19,0,18,19,5,1,0,0,0,0,7,1,2,1,1,6,6,1,39,7,1753,2,20,FORD TRANSIT CONNECT,5,E01011819,0,-1
2023031377726,2023,031377726,1,19,0,16,19,6,2,0,0,0,1,0,0,0,1,1,1,1,1,34,6,1499,2,1,FORD TRANSIT CONNECT,8,E01025420,0,-1
2023440025213,2023,440025213,2,19,0,18,19,2,6,0,0,0,0,0,0,0,2,1,2,2,1,51,8,1753,2,12,FORD TRANSIT CONNECT,8,E01022792,0,-1
2023311367720,2023,311367720,2,19,0,18,19,6,2,0,0,0,0,0,1,0,3,1,2,2,1,30,6,1499,2,4,FORD TRANSIT CONNECT,-1,-1,0,-1
2023071091810,2023,071091810,1,19,0,4,4,1,5,0,0,0,0,0,0,0,1,1,1,1,1,24,5,1499,2,2,FORD TRANSIT CONNECT,6,E01010177,0,-1
2023411308027,2023,411308027,2,19,0,18,19,5,1,0,0,0,0,0,0,0,2,1,1,1,1,56,9,1499,2,4,FORD TRANSIT CONNECT,4,E01023797,0,-1
2023101319999,2023,101319999,2,19,0,18,19,3,1,0,0,8,0,0,0,0,4,1,2,2,1,34,6,1753,2,19,FORD TRANSIT CONNECT,2,E01020618,0,-1
2023430196862,2023,430196862,2,19,0,2,2,0,0,0,0,0,0,0,0,0,1,1,6,6,3,-1,-1,1753,2,16,FORD TRANSIT CONNECT,-1,-1,0,-1
2023401301487,2023,401301487,1,19,0,18,19,5,1,0,0,0,0,0,0,0,1,1,6,6,1,48,8,1499,2,3,FORD TRANSIT CONNECT,8,E01025883,0,-1
2023351309162,2023,351309162,6,19,0,11,11,3,7,0,0,0,0,0,0,0,4,1,6,6,1,22,5,1499,2,2,FORD TRANSIT CONNECT,4,E01021843,0,-1
2023440161261,2023,440161261,1,19,0,7,7,2,4,0,0,8,0,0,0,0,1,1,2,2,1,28,6,999,2,2,FORD TRANSIT CONNECT,3,E01022840,0,-1
2023522301711,2023,522301711,1,19,0,18,19,6,2,0,0,1,5,4,0,0,1,1,6,6,1,42,7,1753,2,10,FORD TRANSIT CONNECT,3,E01014684,0,-1
2023421271693,2023,421271693,2,19,0,5,5,5,1,0,0,4,0,0,0,0,3,1,1,1,2,20,4,999,1,4,FORD TRANSIT CONNECT,4,E01003721,0,-1
2023501273518,2023,501273518,1,19,-1,-1,-1,7,3,0,0,0,-1,-1,-1,0,4,1,6,6,1,34,6,1753,2,18,FORD TRANSIT CONNECT,5,E01018833,0,-1
2023061292888,2023,061292888,1,19,0,16,19,7,3,0,0,8,0,0,0,0,1,1,6,6,1,48,8,1753,2,17,FORD TRANSIT CONNECT,10,E01004805,0,-1
2023440293459,2023,440293459,1,19,0,18,19,1,5,0,0,1,0,0,0,0,1,1,2,2,1,58,9,1499,2,4,FORD TRANSIT CONNECT,3,E01017019,0,-1
2023471269957,2023,471269957,1,19,0,5,5,5,3,0,0,8,0,0,0,0,3,1,1,1,1,61,9,1753,2,11,FORD TRANSIT CONNECT,4,E01021127,0,-1
2023471295784,2023,471295784,1,19,0,13,13,2,8,0,0,8,0,0,7,1,4,1,1,1,1,25,5,1499,2,3,FORD TRANSIT CONNECT,8,E01031694,0,-1
202360A047758,2023,60A047758,2,20,0,3,3,6,2,0,0,1,0,0,0,0,1,1,6,6,1,45,7,-1,-1,-1,-1,-1,-1,0,-1
2023471275976,2023,471275976,2,19,0,9,9,2,8,0,0,1,0,0,0,0,1,1,6,6,1,52,8,1753,2,16,FORD TRANSIT CONNECT,7,E01031633,0,-1
2023061363193,2023,061363193,1,19,0,5,5,6,2,0,0,1,0,0,0,0,3,1,2,2,1,31,6,999,1,1,FORD TRANSIT CONNECT,8,E01011825,0,-1
2023052302539,2023,052302539,1,19,0,8,8,3,7,0,0,1,0,0,0,0,1,1,2,2,1,41,7,1560,2,9,FORD TRANSIT CONNECT,5,E01006625,0,-1
2023010431888,2023,010431888,2,19,0,99,99,9,9,99,99,9,9,99,9,99,2,9,6,6,3,24,5,1753,2,16,FORD TRANSIT CONNECT,7,E01029833,0,-1
2023520301011,2023,520301011,2,19,0,4,4,6,2,0,0,1,0,0,0,0,1,1,6,6,1,-1,-1,1753,2,15,FORD TRANSIT CONNECT,-1,-1,0,-1
2023421282796,2023,421282796,2,19,0,7,7,3,7,0,0,0,0,0,0,0,4,1,1,1,1,42,7,1499,2,5,FORD TRANSIT CONNECT,7,E01015966,0,-1
2023631388855,2023,631388855,1,19,0,9,9,2,6,0,0,1,0,0,0,0,1,1,5,6,1,44,7,1753,2,16,FORD TRANSIT CONNECT,2,E01014115,0,-1
2023520300837,2023,520300837,2,19,0,10,10,5,1,0,0,0,0,0,0,0,1,1,6,6,1,48,8,1499,2,4,FORD TRANSIT CONNECT,6,E01029231,0,-1
2023010433639,2023,010433639,3,19,0,3,3,5,1,0,0,1,0,0,0,0,3,1,1,1,1,46,8,1499,2,4,FORD TRANSIT CONNECT,6,E01023934,0,-1
2023401388566,2023,401388566,1,19,0,9,9,7,5,0,0,1,0,0,0,0,1,1,1,1,1,30,6,1499,2,0,FORD TRANSIT CONNECT,2,W01000184,0,-1
2023451287512,2023,451287512,2,19,0,3,3,1,5,0,0,0,0,0,0,0,1,1,6,6,3,18,4,1753,2,21,FORD TRANSIT CONNECT,-1,-1,0,-1
2023111382066,2023,111382066,1,19,0,18,19,7,3,0,0,1,0,0,0,0,1,1,2,2,1,56,9,1499,2,5,FORD TRANSIT CONNECT,3,E01020705,0,-1
2023302301805,2023,302301805,1,19,0,13,13,3,6,0,0,0,0,0,0,0,1,1,2,2,1,67,10,1753,2,20,FORD TRANSIT CONNECT,2,E01019471,0,-1
2023052302458,2023,052302458,1,19,0,18,19,3,7,0,0,0,0,0,0,0,1,1,2,2,1,36,7,1499,2,3,FORD TRANSIT CONNECT,5,E01006853,0,-1
2023340NN1692,2023,340NN1692,2,19,0,18,19,1,5,0,0,0,0,0,1,0,1,1,6,6,1,40,7,1753,2,10,FORD TRANSIT CONNECT,-1,-1,0,-1
2023461358480,2023,461358480,4,19,0,3,3,5,1,0,0,0,0,0,0,0,2,1,2,2,1,40,7,1499,2,2,FORD TRANSIT CONNECT,4,E01016164,0,-1
2023440138020,2023,440138020,1,19,0,17,19,1,7,0,0,8,0,0,7,7,3,1,2,2,1,28,6,1753,2,17,FORD TRANSIT CONNECT,9,E01022583,0,-1
2023320706552,2023,320706552,1,19,0,4,4,7,3,0,0,1,0,0,0,0,1,1,2,2,2,29,6,1560,2,8,FORD TRANSIT CONNECT,9,E01026234,0,-1
2023311333759,2023,311333759,2,19,0,3,3,3,7,0,0,1,0,0,0,0,3,1,2,2,1,58,9,1499,2,4,FORD TRANSIT CONNECT,4,E01027957,0,-1
2023010421381,2023,010421381,2,19,0,99,99,9,9,99,99,0,9,99,9,99,1,9,6,6,3,-1,-1,1499,2,6,FORD TRANSIT CONNECT,-1,-1,0,-1
2023552300575,2023,552300575,1,19,0,18,19,7,3,0,0,0,0,0,0,0,3,1,6,6,3,-1,-1,1753,2,17,FORD TRANSIT CONNECT,-1,-1,0,-1
2023471360756,2023,471360756,1,19,0,18,19,5,1,0,0,0,0,0,0,0,4,1,6,6,3,-1,-1,1753,2,13,FORD TRANSIT CONNECT,-1,-1,0,-1
2023101280147,2023,101280147,1,19,0,7,7,7,3,0,0,0,0,0,0,0,1,1,6,6,1,45,7,1753,2,19,FORD TRANSIT CONNECT,-1,-1,0,-1
2023471273908,2023,471273908,2,19,0,18,19,1,6,0,0,1,0,0,7,11,4,1,2,2,1,56,9,1560,2,9,FORD TRANSIT CONNECT,9,E01004155,0,-1
2023501362863,2023,501362863,2,19,0,16,19,7,3,0,0,0,1,0,0,0,3,1,1,1,1,39,7,1753,2,20,FORD TRANSIT CONNECT,8,E01019976,0,-1
2023010434122,2023,010434122,2,19,0,5,5,5,1,0,0,3,0,0,0,0,1,1,2,2,1,23,5,1499,2,5,FORD TRANSIT CONNECT,5,E01004169,0,-1
2023461374766,2023,461374766,1,19,0,15,15,8,3,0,0,0,0,4,1,0,1,1,1,1,1,28,6,1499,2,0,FORD TRANSIT CONNECT,2,E01023974,0,-1
2023501287142,2023,501287142,1,19,0,18,19,3,7,0,0,0,0,0,0,0,1,1,6,6,3,-1,-1,1753,2,18,FORD TRANSIT CONNECT,-1,-1,0,-1
2023411384284,2023,411384284,2,19,0,2,2,0,0,0,0,0,0,0,0,0,2,1,6,6,3,-1,-1,1499,2,0,FORD TRANSIT CONNECT,-1,-1,0,-1
2023320245820,2023,320245820,2,19,0,18,19,8,4,0,0,0,0,0,1,0,1,1,2,2,1,34,6,1499,2,1,FORD TRANSIT CONNECT,8,E01008447,0,-1
2023041353957,2023,041353957,1,19,0,7,7,5,1,0,0,0,0,0,0,0,1,1,6,6,1,53,8,1499,2,5,FORD TRANSIT CONNECT,8,E01004891,0,-1
2023543469823,2023,543469823,3,19,0,18,19,3,7,0,0,8,0,0,0,0,1,1,6,6,1,34,6,1560,2,9,FORD TRANSIT CONNECT,7,E01020109,0,-1
2023031352548,2023,031352548,2,19,0,16,19,4,8,0,0,0,0,0,1,0,1,1,5,6,1,47,8,1753,2,20,FORD TRANSIT CONNECT,1,E01006493,0,-1
2023440046991,2023,440046991,1,19,0,9,9,2,8,0,0,5,0,0,0,0,4,1,6,6,1,53,8,1499,2,5,FORD TRANSIT CONNECT,8,E01032845,0,-1
2023010452095,2023,010452095,1,19,0,99,99,9,9,99,99,1,9,99,9,99,0,9,2,2,1,28,6,1499,2,2,FORD TRANSIT CONNECT,2,E01001528,0,-1
2023231283469,2023,231283469,1,19,0,6,6,4,4,0,0,6,0,0,0,0,1,1,6,6,1,45,7,1753,2,17,FORD TRANSIT CONNECT,-1,-1,0,-1
2023052300551,2023,052300551,2,19,0,18,19,3,7,0,0,0,0,0,0,0,1,1,6,6,1,-1,-1,1753,2,16,FORD TRANSIT CONNECT,-1,-1,0,-1
2023440330326,2023,440330326,1,19,0,18,19,8,4,0,0,0,0,0,0,0,1,1,6,6,1,33,6,1499,2,4,FORD TRANSIT CONNECT,4,E01022635,0,-1
2023361322919,2023,361322919,1,19,0,-1,-1,-1,-1,-1,-1,-1,-1,-1,-1,0,-1,1,6,6,1,46,8,1753,2,17,FORD TRANSIT CONNECT,1,E01026598,0,-1
2023552300709,2023,552300709,1,19,0,18,19,4,8,0,0,0,0,0,0,0,1,1,6,6,1,34,6,1753,2,20,FORD TRANSIT CONNECT,8,E01029220,0,-1
2023302301062,2023,302301062,3,19,0,18,19,8,4,0,0,0,0,0,0,0,3,1,2,2,1,24,5,1499,2,1,FORD TRANSIT CONNECT,3,E01019826,0,-1
2023531344462,2023,531344462,2,19,0,4,4,5,1,0,0,0,0,0,0,0,4,1,2,2,1,39,7,1499,2,4,FORD TRANSIT CONNECT,5,E01022459,0,-1
2023031308892,2023,031308892,1,19,0,18,19,8,4,0,0,1,0,0,0,0,1,1,5,6,1,45,7,1560,2,8,FORD TRANSIT CONNECT,-1,-1,0,-1
2023401265937,2023,401265937,4,19,0,3,3,1,5,0,0,0,0,0,1,0,2,1,6,6,1,57,9,1499,2,1,FORD TRANSIT CONNECT,4,E01017520,0,-1
2023411303961,2023,411303961,2,19,0,4,4,-1,-1,0,0,0,0,0,0,0,2,1,6,6,1,64,9,1560,2,8,FORD TRANSIT CONNECT,8,E01023360,0,-1