collision_index,collision_year,collision_ref_no,vehicle_reference,vehicle_type,towing_and_articulation,vehicle_manoeuvre_historic,vehicle_manoeuvre,vehicle_direction_from,vehicle_direction_to,vehicle_location_restricted_lane_historic,vehicle_location_restricted_lane,junction_location,skidding_and_overturning,hit_object_in_carriageway,vehicle_leaving_carriageway,hit_object_off_carriageway,first_point_of_impact,vehicle_left_hand_drive,journey_purpose_of_driver_historic,journey_purpose_of_driver,sex_of_driver,age_of_driver,age_band_of_driver,engine_capacity_cc,propulsion_code,age_of_vehicle,generic_make_model,driver_imd_decile,lsoa_of_driver,escooter_flag,driver_distance_banding
2023991351615,2023,991351615,1,9,0,18,19,2,6,0,0,0,0,0,0,0,1,1,5,6,1,79,11,998,1,11,KIA PICANTO,8,-1,0,-1
2023351273300,2023,351273300,1,9,0,3,3,4,3,0,0,1,0,0,0,0,1,1,2,2,1,52,8,998,1,5,KIA PICANTO,3,E01017944,0,-1
2023622300830,2023,622300830,3,9,0,2,2,0,0,0,0,0,0,0,0,0,1,1,6,6,3,-1,-1,998,1,7,KIA PICANTO,-1,-1,0,-1
2023461333661,2023,461333661,2,9,0,18,19,8,3,0,0,0,1,11,0,0,1,1,6,6,2,41,7,1248,1,3,KIA PICANTO,8,E01024652,0,-1
2023421360575,2023,421360575,1,9,0,18,19,5,7,0,0,0,0,0,0,0,1,1,6,6,1,81,11,999,1,13,KIA PICANTO,-1,-1,0,-1
2023451350108,2023,451350108,2,9,0,18,19,7,3,0,0,4,0,0,0,0,1,1,6,6,1,54,8,998,1,5,KIA PICANTO,-1,-1,0,-1
2023991342053,2023,991342053,1,9,0,18,19,3,7,0,0,0,0,0,0,0,4,1,5,6,2,56,9,1248,1,6,KIA PICANTO,1,-1,0,-1
2023041361771,2023,041361771,4,9,0,18,19,3,7,0,0,0,0,0,0,0,1,1,6,6,2,79,11,998,1,1,KIA PICANTO,10,E01025353,0,-1
2023991306416,2023,991306416,2,9,0,5,5,2,6,0,0,1,0,0,0,0,1,1,2,2,2,51,8,998,1,0,KIA PICANTO,3,-1,0,-1
2023141328053,2023,141328053,2,9,0,16,19,5,1,0,0,0,0,0,0,0,1,1,2,2,1,27,6,998,1,8,KIA PICANTO,3,E01007540,0,-1
2023201390485,2023,201390485,1,9,0,18,19,3,7,0,0,2,0,0,0,0,1,1,6,6,2,-1,-1,998,1,10,KIA PICANTO,1,E01008909,0,-1
2023141317191,2023,141317191,1,9,0,16,19,5,1,0,0,0,0,0,0,0,1,1,1,1,2,37,7,1086,1,19,KIA PICANTO,4,E01007879,0,-1
2023451391543,2023,451391543,1,9,0,18,19,4,8,0,0,0,0,0,0,0,1,1,5,6,2,17,4,1248,1,7,KIA PICANTO,8,E01030393,0,-1
2023361387516,2023,361387516,2,9,0,9,9,6,3,0,0,3,1,0,0,0,3,1,5,6,2,41,7,1248,1,5,KIA PICANTO,5,-1,0,-1
2023361360768,2023,361360768,1,9,0,18,19,7,3,0,0,0,0,0,0,0,1,1,6,6,2,36,7,998,1,5,KIA PICANTO,9,E01030268,0,-1
2023421306072,2023,421306072,1,9,0,1,1,5,3,9,9,0,0,0,0,0,2,1,5,6,2,46,8,998,1,10,KIA PICANTO,8,E01021513,0,-1
2023520301581,2023,520301581,1,9,0,17,19,6,2,0,0,0,5,0,1,0,0,1,6,6,2,80,11,1086,1,14,KIA PICANTO,7,E01029018,0,-1
2023552300324,2023,552300324,1,9,0,5,5,7,3,0,0,4,0,0,0,0,1,1,6,6,1,54,8,998,1,1,KIA PICANTO,4,E01015343,0,-1
2023371338402,2023,371338402,2,9,0,18,19,7,4,0,0,8,0,0,0,0,3,1,6,6,1,31,6,1248,1,3,KIA PICANTO,5,E01030272,0,-1
2023201384314,2023,201384314,1,9,0,7,7,6,8,0,0,5,0,0,0,0,3,1,6,6,3,-1,-1,998,1,1,KIA PICANTO,-1,-1,0,-1
2023052301566,2023,052301566,1,9,0,18,19,5,1,0,0,0,0,4,0,0,1,1,6,6,1,51,8,998,1,1,KIA PICANTO,7,E01007256,0,-1
2023161309920,2023,161309920,1,9,0,10,10,5,3,0,0,8,0,0,0,0,4,1,6,6,2,47,8,998,1,2,KIA PICANTO,9,E01013168,0,-1
2023421367132,2023,421367132,1,9,0,7,7,5,7,0,0,2,0,0,0,0,1,1,5,6,2,57,9,998,1,0,KIA PICANTO,8,E01021513,0,-1
2023061270681,2023,061270681,2,9,0,18,19,1,5,0,0,1,0,0,0,0,4,1,5,6,2,80,11,998,1,1,KIA PICANTO,-1,-1,0,-1
2023471332626,2023,471332626,1,9,0,18,19,4,-1,0,0,4,0,0,0,0,1,1,6,6,1,-1,-1,1086,1,17,KIA PICANTO,-1,-1,0,-1
2023411279283,2023,411279283,2,9,0,4,4,7,3,0,0,1,0,0,0,0,2,1,5,6,1,21,5,998,1,6,KIA PICANTO,9,E01023748,0,-1
2023361339848,2023,361339848,1,9,0,9,9,7,5,0,0,6,0,0,0,0,1,1,2,2,2,72,10,1086,1,14,KIA PICANTO,9,E01026582,0,-1
2023010428157,2023,010428157,1,9,0,99,99,9,9,99,99,9,9,99,9,99,2,9,6,6,2,38,7,1248,1,7,KIA PICANTO,7,E01002127,0,-1
2023041318655,2023,041318655,1,9,0,18,19,1,5,0,0,0,0,0,0,0,1,1,5,6,1,91,11,1086,1,14,KIA PICANTO,5,E01012706,0,-1
2023010428176,2023,010428176,1,9,0,3,3,5,1,0,0,1,0,0,0,0,2,1,6,6,2,31,6,1248,1,3,KIA PICANTO,9,E01001096,0,-1
2023471328730,2023,471328730,1,9,0,18,19,5,1,0,0,1,5,10,0,0,1,1,6,6,2,76,11,998,1,3,KIA PICANTO,8,E01031382,0,-1
2023421269984,2023,421269984,2,9,0,17,19,2,6,0,0,0,0,0,0,0,1,1,5,6,2,18,4,1086,1,16,KIA PICANTO,9,E01021828,0,-1
2023411307319,2023,411307319,2,9,0,18,19,5,1,0,0,0,0,0,0,0,1,1,6,6,2,20,4,998,1,1,KIA PICANTO,9,E01023376,0,-1
2023201287709,2023,201287709,2,9,0,18,19,-1,-1,0,0,0,0,10,1,0,1,1,6,6,1,-1,-1,1086,1,13,KIA PICANTO,-1,-1,0,-1
2023101353445,2023,101353445,1,9,0,14,14,3,8,0,0,0,0,0,0,0,1,1,6,6,1,30,6,999,1,14,KIA PICANTO,-1,-1,0,-1
2023622300162,2023,622300162,2,9,0,2,2,0,0,0,0,0,0,0,0,0,1,1,6,6,3,-1,-1,998,1,8,KIA PICANTO,-1,-1,0,-1
2023101317709,2023,101317709,1,9,0,18,19,3,7,0,0,0,0,0,1,0,1,1,5,6,1,71,10,998,1,10,KIA PICANTO,-1,-1,0,-1
2023421312418,2023,421312418,2,9,0,17,19,3,7,0,0,8,0,0,0,0,4,1,5,6,1,58,9,998,1,11,KIA PICANTO,10,E01021643,0,-1
2023061306832,2023,061306832,2,9,0,18,19,1,5,0,0,1,0,0,1,0,3,1,5,6,2,38,7,1086,1,15,KIA PICANTO,1,E01005245,0,-1
2023031350131,2023,031350131,2,9,0,18,19,8,5,0,0,1,0,0,7,0,4,1,1,1,2,19,4,1086,1,13,KIA PICANTO,7,E01019258,0,-1
2023440118730,2023,440118730,1,9,0,18,19,2,6,0,0,2,0,0,1,4,1,1,6,6,2,56,9,998,1,3,KIA PICANTO,8,E01023149,0,-1
2023430507843,2023,430507843,1,9,0,17,19,7,4,0,0,0,5,0,0,0,1,1,6,6,2,40,7,1086,1,13,KIA PICANTO,5,E01028505,0,-1
2023421265974,2023,421265974,1,9,0,18,19,5,1,0,0,1,1,0,0,0,1,1,5,6,1,21,5,998,1,8,KIA PICANTO,3,E01021631,0,-1
2023061303757,2023,061303757,1,9,0,18,19,-1,-1,0,0,0,0,0,0,0,0,1,6,6,3,32,6,999,1,12,KIA PICANTO,1,E01005232,0,-1
2023010423279,2023,010423279,2,9,0,99,99,9,9,99,99,9,9,99,9,99,1,9,6,6,2,54,8,998,1,11,KIA PICANTO,4,E01002594,0,-1
2023061276234,2023,061276234,4,9,0,18,19,1,5,0,0,8,0,0,0,0,1,1,6,6,1,38,7,1248,1,12,KIA PICANTO,4,E01005309,0,-1
2023440216236,2023,440216236,1,9,0,3,3,7,3,0,0,1,0,0,0,0,2,1,6,6,2,21,5,1086,1,16,KIA PICANTO,8,E01022829,0,-1
2023131309750,2023,131309750,2,9,0,15,15,3,7,0,0,1,0,0,0,0,3,1,5,6,2,72,10,998,1,1,KIA PICANTO,10,E01019653,0,-1
2023501399595,2023,501399595,1,9,0,18,19,1,5,0,0,2,0,0,0,0,1,1,3,7,2,49,8,998,1,8,KIA PICANTO,3,E01018989,0,-1
2023991387343,2023,991387343,1,9,0,8,8,8,3,0,0,6,0,0,0,0,3,1,5,6,2,67,10,998,1,9,KIA PICANTO,5,-1,0,-1
2023461347081,2023,461347081,1,9,0,18,19,-1,-1,0,0,8,0,0,0,0,1,1,5,6,2,51,8,998,1,10,KIA PICANTO,3,E01024309,0,-1
2023070673717,2023,070673717,1,9,0,5,5,5,1,0,0,4,0,9,0,0,4,1,6,6,2,86,11,1248,1,3,KIA PICANTO,5,E01018308,0,-1
2023351358564,2023,351358564,1,9,0,4,4,3,7,0,0,0,0,0,0,0,1,1,2,2,1,25,5,998,1,12,KIA PICANTO,6,E01015617,0,-1
2023501393086,2023,501393086,2,9,0,18,19,8,3,0,0,1,0,0,0,0,1,1,6,6,1,85,11,998,1,5,KIA PICANTO,8,E01015119,0,-1
202363A025123,2023,63A025123,1,9,0,18,19,6,2,0,0,1,0,0,0,0,1,1,6,6,1,61,9,998,1,7,KIA PICANTO,4,W01000637,0,-1
2023332300936,2023,332300936,2,9,0,5,5,2,6,0,0,6,0,0,0,0,1,1,6,6,3,-1,-1,1248,1,11,KIA PICANTO,-1,-1,0,-1
2023451263558,2023,451263558,1,9,0,18,19,3,7,0,0,0,0,0,0,0,1,1,2,2,1,25,5,1086,1,18,KIA PICANTO,3,E01002560,0,-1
2023461295736,2023,461295736,1,9,0,9,9,6,2,0,0,1,0,0,0,0,1,1,6,6,1,55,8,998,1,1,KIA PICANTO,-1,-1,0,-1
2023451370472,2023,451370472,2,9,0,2,2,1,1,0,0,0,0,0,0,0,3,1,6,6,3,-1,-1,1248,1,4,KIA PICANTO,-1,-1,0,-1
202360A148105,2023,60A148105,1,9,0,18,19,2,6,0,0,4,0,0,0,0,1,2,6,6,2,71,10,998,1,3,KIA PICANTO,-1,-1,0,-1
2023052300656,2023,052300656,2,9,0,18,19,5,1,0,0,0,0,0,0,0,2,1,6,6,2,56,9,998,1,8,KIA PICANTO,5,E01006997,0,-1
2023991306997,2023,991306997,1,9,0,7,7,1,3,0,0,2,0,0,0,0,3,1,2,2,2,20,4,1248,1,4,KIA PICANTO,-1,-1,0,-1
2023501311581,2023,501311581,3,9,0,2,2,0,0,0,0,0,0,0,0,0,2,1,6,6,3,-1,-1,998,1,12,KIA PICANTO,-1,-1,0,-1
2023041274909,2023,041274909,1,9,0,4,4,5,1,0,0,1,1,0,0,0,1,1,5,6,1,84,11,1086,1,14,KIA PICANTO,6,E01025031,0,-1
2023061276856,2023,061276856,2,9,-1,-1,-1,-1,-1,-1,-1,0,-1,-1,-1,0,-1,1,6,6,2,51,8,998,1,2,KIA PICANTO,8,E01005775,0,-1
2023440073760,2023,440073760,1,9,0,18,19,2,6,0,0,8,0,0,0,0,3,1,6,6,2,19,4,999,1,16,KIA PICANTO,-1,-1,0,-1
2023411354482,2023,411354482,1,9,0,18,19,7,1,0,0,1,0,0,0,0,1,1,5,6,2,79,11,1248,1,5,KIA PICANTO,9,E01023964,0,-1
2023201287770,2023,201287770,1,9,0,9,9,2,8,0,0,5,0,0,0,0,1,1,6,6,2,47,8,1086,1,14,KIA PICANTO,1,E01009174,0,-1
2023461296467,2023,461296467,4,9,0,18,19,7,3,0,0,4,0,0,0,0,2,1,6,6,2,50,8,999,1,12,KIA PICANTO,6,E01000330,0,-1
2023552301299,2023,552301299,2,9,0,4,4,2,6,0,0,0,0,0,0,0,2,1,6,6,2,81,11,998,1,7,KIA PICANTO,3,E01015283,0,-1
2023141318042,2023,141318042,1,9,0,18,19,5,1,0,0,0,0,0,1,0,1,1,1,1,1,17,4,998,1,8,KIA PICANTO,10,E01027699,0,-1
2023311320088,2023,311320088,1,9,0,18,19,6,2,0,0,0,0,4,0,0,2,1,5,6,2,38,7,1086,1,15,KIA PICANTO,2,E01028231,0,-1
2023010456868,2023,010456868,2,9,0,9,9,5,2,0,0,8,0,0,0,0,1,1,6,6,1,57,9,1086,1,19,KIA PICANTO,3,E01003280,0,-1
2023991291427,2023,991291427,1,9,0,18,19,5,1,0,0,0,0,0,0,0,1,1,5,6,1,85,11,1086,1,14,KIA PICANTO,2,-1,0,-1
2023010460361,2023,010460361,1,9,0,5,5,1,5,0,0,2,0,0,0,0,4,1,6,6,2,52,8,998,1,1,KIA PICANTO,9,E01000538,0,-1
2023131307180,2023,131307180,2,9,0,2,2,0,0,0,0,1,0,0,0,0,2,1,6,6,3,-1,-1,998,1,7,KIA PICANTO,-1,-1,0,-1
2023302301453,2023,302301453,1,9,0,9,9,3,1,0,0,0,0,0,0,0,1,1,6,6,1,51,8,1086,1,13,KIA PICANTO,9,E01013464,0,-1
2023141376106,2023,141376106,1,9,0,3,3,1,5,0,0,0,0,0,0,0,2,1,5,6,1,58,9,1248,1,7,KIA PICANTO,2,E01007336,0,-1
2023041295518,2023,041295518,1,9,0,18,19,8,4,9,9,1,0,0,8,11,1,1,5,6,2,80,11,998,1,1,KIA PICANTO,7,E01007067,0,-1
2023320486893,2023,320486893,3,9,0,2,2,0,0,0,0,0,0,0,0,0,1,1,6,6,3,-1,-1,998,1,2,KIA PICANTO,-1,-1,0,-1
2023421327564,2023,421327564,1,9,0,9,9,3,7,0,0,5,0,0,0,0,1,1,6,6,1,50,8,1248,1,12,KIA PICANTO,4,E01021266,0,-1
2023161346783,2023,161346783,1,9,0,1,1,1,5,0,0,0,0,0,0,0,2,1,5,6,2,65,9,999,1,17,KIA PICANTO,1,E01013080,0,-1
2023461344117,2023,461344117,2,9,0,18,19,2,6,0,0,0,0,0,0,0,3,1,6,6,2,70,10,998,1,10,KIA PICANTO,7,E01024846,0,-1
2023052302414,2023,052302414,1,9,0,18,19,7,3,0,0,8,0,0,0,0,1,1,6,6,2,27,6,998,1,11,KIA PICANTO,4,E01033762,0,-1
2023361269795,2023,361269795,2,9,0,18,19,3,3,0,0,8,5,0,7,1,4,1,5,6,1,57,9,998,1,9,KIA PICANTO,4,E01026733,0,-1
2023401374776,2023,401374776,2,9,0,10,10,4,2,0,0,8,0,0,0,0,4,1,6,6,2,18,4,998,1,10,KIA PICANTO,9,E01017389,0,-1
2023991371840,2023,991371840,2,9,0,18,19,7,3,0,0,0,0,0,0,0,1,1,6,6,2,69,10,998,1,3,KIA PICANTO,6,-1,0,-1
2023320309825,2023,320309825,3,9,0,10,10,6,4,0,0,1,0,0,0,0,1,1,6,6,2,47,8,998,1,5,KIA PICANTO,9,E01026292,0,-1
2023361283355,2023,361283355,2,9,0,5,5,3,6,8,6,0,0,0,0,0,1,1,6,6,2,35,6,1248,1,7,KIA PICANTO,9,E01026906,0,-1
2023201328090,2023,201328090,1,9,0,12,12,4,8,0,0,4,0,0,0,0,1,1,1,1,2,35,6,1086,1,13,KIA PICANTO,6,E01009261,0,-1
2023531319233,2023,531319233,2,9,0,18,19,1,5,0,0,2,0,0,0,0,1,1,5,6,1,20,4,998,1,10,KIA PICANTO,3,E01000164,0,-1
2023440508098,2023,440508098,3,9,0,3,3,3,7,0,0,0,0,0,0,0,2,1,6,6,1,38,7,1248,1,9,KIA PICANTO,9,E01022879,0,-1
2023302300189,2023,302300189,1,9,0,18,19,7,3,0,0,8,0,0,0,0,1,1,3,7,2,24,5,1086,1,14,KIA PICANTO,2,E01019543,0,-1
2023311331229,2023,311331229,1,9,0,7,7,1,3,0,0,1,0,7,1,0,1,1,5,6,2,87,11,1248,1,7,KIA PICANTO,6,E01028043,0,-1
2023371320245,2023,371320245,1,9,0,18,19,1,5,0,0,1,0,0,0,0,1,1,6,6,2,29,6,1248,1,7,KIA PICANTO,8,E01033044,0,-1
2023311343806,2023,311343806,2,9,0,12,12,3,1,0,0,1,0,4,0,0,1,1,6,6,2,46,8,1248,1,8,KIA PICANTO,1,E01028261,0,-1
2023340WN1802,2023,340WN1802,2,9,0,14,14,5,1,0,0,1,0,0,0,0,4,1,6,6,2,21,5,998,1,2,KIA PICANTO,10,E01027001,0,-1
2023010422766,2023,010422766,2,9,0,2,2,0,0,0,0,2,0,0,0,0,3,1,6,6,3,-1,-1,998,1,9,KIA PICANTO,-1,-1,0,-1
2023041319609,2023,041319609,1,9,0,1,1,3,7,9,9,0,0,0,0,0,2,1,5,6,1,92,11,998,1,9,KIA PICANTO,7,E01012614,0,-1
2023401383766,2023,401383766,1,9,0,7,7,7,1,0,0,3,0,0,1,0,3,1,1,1,2,21,5,998,1,1,KIA PICANTO,8,E01018197,0,-1
2023061301813,2023,061301813,1,9,0,18,19,3,7,0,0,0,0,0,0,0,1,1,6,6,2,41,7,998,1,4,KIA PICANTO,4,E01006158,0,-1
2023520000946,2023,520000946,1,9,0,9,9,3,1,0,0,8,0,0,0,0,1,1,6,6,2,78,11,998,1,5,KIA PICANTO,5,E01029025,0,-1
2023440450338,2023,440450338,2,9,0,18,19,2,6,0,0,0,0,0,0,0,1,1,6,6,1,-1,-1,998,1,4,KIA PICANTO,8,E01019970,0,-1
2023061318372,2023,061318372,1,9,0,18,19,3,7,0,0,4,0,0,0,0,1,1,6,6,2,-1,-1,998,1,3,KIA PICANTO,1,E01004996,0,-1
2023461325248,2023,461325248,1,9,0,16,19,8,4,0,0,0,0,0,0,0,1,1,5,6,1,66,10,1086,1,16,KIA PICANTO,10,E01032655,0,-1
2023552300340,2023,552300340,2,9,0,7,7,6,8,0,0,5,0,0,0,0,4,1,6,6,2,52,8,1086,1,15,KIA PICANTO,10,E01015445,0,-1
2023451345025,2023,451345025,1,9,0,17,19,7,3,0,0,0,0,0,0,0,1,1,2,2,1,37,7,999,1,17,KIA PICANTO,8,E01030474,0,-1
2023122301323,2023,122301323,1,9,0,4,4,2,6,0,0,1,0,0,0,0,1,1,6,6,2,76,11,998,1,7,KIA PICANTO,3,E01027824,0,-1
2023522300483,2023,522300483,2,9,0,11,11,5,1,0,0,8,0,0,0,0,4,1,6,6,3,-1,-1,998,1,1,KIA PICANTO,-1,-1,0,-1
2023440422307,2023,440422307,2,9,0,2,2,0,0,0,0,0,0,0,1,11,2,1,6,6,2,52,8,999,1,14,KIA PICANTO,6,E01031448,0,-1
2023546601723,2023,546601723,2,9,0,10,10,2,7,0,0,1,0,0,7,0,2,1,2,2,1,46,8,998,1,7,KIA PICANTO,4,E01032036,0,-1
2023501362317,2023,501362317,2,9,0,9,9,4,2,0,0,3,0,0,0,0,4,1,6,6,2,75,10,1248,1,4,KIA PICANTO,4,E01020131,0,-1
2023421271189,2023,421271189,2,9,0,18,19,7,3,0,0,3,1,0,0,0,3,1,6,6,1,45,7,1248,1,7,KIA PICANTO,3,E01021339,0,-1
2023631393100,2023,631393100,1,9,0,17,19,3,7,0,0,1,0,0,0,0,1,1,5,6,1,89,11,998,1,5,KIA PICANTO,8,W01000444,0,-1
2023332300098,2023,332300098,2,9,0,7,7,3,5,0,0,4,0,0,0,0,1,1,6,6,1,22,5,1086,1,17,KIA PICANTO,8,E01032865,0,-1
2023141272548,2023,141272548,2,9,0,18,19,3,7,0,0,8,5,0,0,0,4,1,6,6,2,53,8,1248,1,12,KIA PICANTO,6,E01007703,0,-1
2023552301245,2023,552301245,2,9,0,18,19,8,4,0,0,8,0,0,0,0,4,1,2,2,2,21,5,1086,1,17,KIA PICANTO,5,E01015380,0,-1
2023631370991,2023,631370991,1,9,0,18,19,5,2,0,0,0,5,0,1,10,1,1,6,6,1,19,4,1086,1,15,KIA PICANTO,6,W01000538,0,-1
2023302301347,2023,302301347,1,9,0,7,7,3,5,0,0,0,0,0,0,0,1,1,6,6,2,19,4,1248,1,5,KIA PICANTO,9,E01013559,0,-1
2023010471805,2023,010471805,1,9,0,99,99,9,9,99,99,9,9,99,9,99,9,9,6,6,2,28,6,1248,1,4,KIA PICANTO,5,E01000284,0,-1
2023320579464,2023,320579464,2,9,0,4,4,2,6,0,0,7,0,0,0,0,2,1,6,6,2,29,6,998,1,6,KIA PICANTO,6,E01030037,0,-1
2023131258672,2023,131258672,1,9,0,18,19,1,5,0,0,0,0,0,0,0,2,1,5,6,2,80,11,998,1,5,KIA PICANTO,8,E01011207,0,-1
2023302301665,2023,302301665,2,9,0,9,9,4,8,0,0,1,0,0,0,0,1,1,6,6,2,73,10,998,1,8,KIA PICANTO,5,E01019532,0,-1
2023061312515,2023,061312515,1,9,0,17,19,2,7,0,0,8,0,0,0,0,3,1,5,6,1,20,4,998,1,6,KIA PICANTO,3,E01005218,0,-1
2023201310346,2023,201310346,1,9,0,18,19,1,5,0,0,0,0,0,0,0,4,1,2,2,1,31,6,998,1,9,KIA PICANTO,10,E01010173,0,-1
2023231291536,2023,231291536,2,9,0,18,19,2,6,0,0,8,0,0,0,0,2,1,5,6,2,59,9,1086,1,14,KIA PICANTO,5,E01031098,0,-1
2023430424517,2023,430424517,2,9,0,7,7,6,8,0,0,6,0,0,0,0,1,1,6,6,1,-1,-1,1248,1,4,KIA PICANTO,-1,-1,0,-1
2023622300846,2023,622300846,2,9,0,18,19,5,1,0,0,1,0,0,0,0,1,1,6,6,1,19,4,998,1,10,KIA PICANTO,6,W01000857,0,-1
2023201289044,2023,201289044,1,9,0,18,19,8,4,0,0,1,0,0,0,0,1,1,6,6,1,-1,-1,998,1,11,KIA PICANTO,2,E01009635,0,-1
2023061354113,2023,061354113,1,9,0,5,5,0,1,0,0,0,0,0,0,0,1,1,6,6,1,66,10,999,1,14,KIA PICANTO,2,E01006011,0,-1
2023041335419,2023,041335419,2,9,0,18,19,1,5,0,0,1,0,0,0,0,3,1,5,6,1,19,4,998,1,10,KIA PICANTO,5,E01025572,0,-1
2023351388612,2023,351388612,2,9,0,18,19,1,5,0,0,0,0,0,0,0,1,1,5,6,2,75,10,998,1,8,KIA PICANTO,9,E01033426,0,-1
2023010456086,2023,010456086,1,9,0,18,19,3,7,0,0,0,0,0,1,5,1,1,6,6,1,76,11,1248,1,4,KIA PICANTO,9,E01002980,0,-1
2023010470622,2023,010470622,1,9,0,9,9,8,5,0,0,1,0,0,7,0,4,1,6,6,1,33,6,1086,1,13,KIA PICANTO,2,E01033085,0,-1
2023010446713,2023,010446713,2,9,0,99,99,9,9,99,99,9,9,99,9,99,1,9,6,6,3,-1,-1,1248,1,8,KIA PICANTO,-1,-1,0,-1
2023010475330,2023,010475330,2,9,0,9,9,1,6,0,0,6,0,0,0,0,1,1,3,7,2,40,7,1248,1,6,KIA PICANTO,2,E01001130,0,-1
2023211269168,2023,211269168,2,9,-1,-1,-1,-1,-1,-1,-1,0,-1,-1,-1,0,-1,1,2,2,1,56,9,1086,1,18,KIA PICANTO,9,E01029419,0,-1
2023401362497,2023,401362497,2,9,0,4,4,-1,-1,0,0,3,0,0,0,0,2,1,6,6,2,21,5,998,1,2,KIA PICANTO,4,E01015804,0,-1
2023546600623,2023,546600623,1,9,0,18,19,2,6,0,0,0,1,0,7,0,0,1,6,6,2,57,9,998,1,1,KIA PICANTO,3,E01031851,0,-1
2023010446421,2023,010446421,1,9,0,99,99,9,9,99,99,9,9,99,9,99,2,9,2,2,2,26,6,998,1,10,KIA PICANTO,5,E01030725,0,-1
2023501355679,2023,501355679,2,9,0,18,19,4,8,0,0,0,0,0,0,0,1,1,5,6,1,72,10,998,1,6,KIA PICANTO,8,E01019889,0,-1
2023451323054,2023,451323054,4,9,0,2,2,0,0,9,9,1,0,0,0,0,2,1,6,6,3,-1,-1,1086,1,14,KIA PICANTO,-1,-1,0,-1
2023031325651,2023,031325651,1,9,0,5,5,4,3,9,9,1,0,10,7,11,1,1,5,6,2,78,11,1086,1,15,KIA PICANTO,5,E01019310,0,-1
2023552300608,2023,552300608,1,9,0,16,19,6,8,0,0,0,5,10,0,0,1,1,6,6,2,22,5,999,1,13,KIA PICANTO,9,E01017064,0,-1
2023520400207,2023,520400207,1,9,0,3,3,7,1,0,0,0,0,0,0,0,2,1,6,6,2,63,9,1248,1,5,KIA PICANTO,5,E01029257,0,-1
2023010471908,2023,010471908,1,9,0,99,99,9,9,99,99,9,9,99,9,99,9,9,6,6,1,27,6,1086,1,14,KIA PICANTO,-1,-1,0,-1
2023201443013,2023,201443013,1,9,0,18,19,2,6,0,0,1,0,0,0,0,1,1,5,6,1,19,4,1248,1,4,KIA PICANTO,1,E01009117,0,-1
2023461388476,2023,461388476,2,9,0,5,5,1,3,0,0,2,0,0,0,0,4,1,6,6,1,40,7,1086,1,14,KIA PICANTO,4,E01016141,0,-1
2023401394323,2023,401394323,1,9,0,18,19,3,7,0,0,4,0,0,0,0,1,1,5,6,2,75,10,1086,1,17,KIA PICANTO,10,E01023420,0,-1
2023461291443,2023,461291443,2,9,0,4,4,0,0,0,0,0,0,0,0,0,2,1,5,6,2,36,7,998,1,8,KIA PICANTO,3,E01024154,0,-1
2023991365753,2023,991365753,2,9,0,12,12,8,8,0,0,0,0,0,0,0,1,1,5,6,2,63,9,1248,1,4,KIA PICANTO,-1,-1,0,-1
2023421269993,2023,421269993,3,9,0,4,4,5,1,0,0,0,0,0,0,0,2,1,6,6,1,37,7,1086,1,13,KIA PICANTO,7,E01021857,0,-1
2023041316000,2023,041316000,1,9,0,5,5,5,5,0,0,1,0,0,0,0,1,1,5,6,2,87,11,1086,1,18,KIA PICANTO,9,E01025553,0,-1
2023471340840,2023,471340840,1,9,0,18,19,5,1,0,0,2,0,0,0,0,1,1,5,6,2,57,9,998,1,9,KIA PICANTO,5,E01031571,0,-1
2023544347023,2023,544347023,2,9,0,4,4,1,5,0,0,0,0,0,0,0,2,1,6,6,2,66,10,1248,1,8,KIA PICANTO,6,E01020447,0,-1
2023311330598,2023,311330598,1,9,0,9,9,5,2,0,0,5,0,0,0,0,4,1,6,6,2,20,4,998,1,10,KIA PICANTO,7,E01025954,0,-1
2023440524461,2023,440524461,1,9,0,9,9,7,5,0,0,6,0,0,0,0,1,1,6,6,1,75,10,998,1,12,KIA PICANTO,10,E01022608,0,-1
2023041383626,2023,041383626,1,9,0,9,9,3,1,0,0,2,0,0,0,0,1,1,5,6,2,23,5,1248,1,6,KIA PICANTO,10,E01024950,0,-1
2023131283259,2023,131283259,1,9,0,1,1,3,7,9,9,8,0,0,0,0,2,1,5,6,2,43,7,998,1,7,KIA PICANTO,2,E01011370,0,-1
2023052300777,2023,052300777,1,9,0,3,3,4,8,0,0,1,0,0,0,0,2,1,6,6,1,31,6,998,1,9,KIA PICANTO,1,E01007204,0,-1
2023221263459,2023,221263459,2,9,0,9,9,7,5,0,0,5,0,0,0,0,1,1,5,6,2,25,5,998,1,5,KIA PICANTO,10,W01001600,0,-1
2023501353279,2023,501353279,2,9,0,18,19,2,6,0,0,8,0,0,7,11,3,1,6,6,2,71,10,998,1,6,KIA PICANTO,7,E01015127,0,-1
2023221391104,2023,221391104,1,9,0,9,9,1,6,0,0,6,0,0,0,0,1,1,6,6,2,74,10,998,1,2,KIA PICANTO,8,E01014179,0,-1