collision_index,collision_year,collision_ref_no,vehicle_reference,vehicle_type,towing_and_articulation,vehicle_manoeuvre_historic,vehicle_manoeuvre,vehicle_direction_from,vehicle_direction_to,vehicle_location_restricted_lane_historic,vehicle_location_restricted_lane,junction_location,skidding_and_overturning,hit_object_in_carriageway,vehicle_leaving_carriageway,hit_object_off_carriageway,first_point_of_impact,vehicle_left_hand_drive,journey_purpose_of_driver_historic,journey_purpose_of_driver,sex_of_driver,age_of_driver,age_band_of_driver,engine_capacity_cc,propulsion_code,age_of_vehicle,generic_make_model,driver_imd_decile,lsoa_of_driver,escooter_flag,driver_distance_banding
2023531283411,2023,531283411,1,9,0,4,4,2,6,0,0,0,0,0,0,0,1,1,5,6,1,70,10,998,1,4,KIA PICANTO,6,E01020295,0,-1
2023122300225,2023,122300225,2,9,0,17,19,8,5,0,0,0,0,0,0,0,1,1,1,1,2,32,6,1086,1,13,KIA PICANTO,9,E01013052,0,-1
2023451279454,2023,451279454,1,9,0,18,19,4,8,0,0,0,0,11,0,0,1,1,5,6,1,28,6,998,1,12,KIA PICANTO,10,E01030378,0,-1
2023141292137,2023,141292137,1,9,0,4,4,5,1,0,0,3,0,0,0,0,2,1,6,6,2,47,8,999,1,13,KIA PICANTO,3,E01007546,0,-1
2023522301445,2023,522301445,1,9,0,9,9,8,5,0,0,5,0,0,0,0,1,1,6,6,2,44,7,1086,1,13,KIA PICANTO,6,E01015008,0,-1
2023041316990,2023,041316990,2,9,0,18,19,1,5,0,0,8,5,0,0,0,4,1,5,6,2,18,4,1248,1,4,KIA PICANTO,8,E01024984,0,-1
2023141369171,2023,141369171,3,9,0,18,19,1,5,0,0,0,0,0,0,0,1,1,5,6,2,22,5,1248,1,4,KIA PICANTO,3,E01007781,0,-1
2023131297182,2023,131297182,2,9,0,7,7,5,7,0,0,1,0,4,0,0,1,1,6,6,2,19,4,998,1,11,KIA PICANTO,2,E01010621,0,-1
2023311352715,2023,311352715,2,9,0,18,19,2,6,0,0,0,0,0,0,0,2,1,5,6,2,37,7,1248,1,3,KIA PICANTO,1,E01027965,0,-1
2023461390756,2023,461390756,1,9,0,11,11,5,1,0,0,0,0,0,0,0,1,1,6,6,2,85,11,1248,1,8,KIA PICANTO,10,E01024325,0,-1
2023401273817,2023,401273817,2,9,0,5,5,7,3,0,0,4,0,0,0,0,1,1,5,6,1,82,11,998,1,4,KIA PICANTO,9,E01017576,0,-1
2023061339870,2023,061339870,1,9,0,18,19,3,7,0,0,0,0,0,0,0,1,1,6,6,1,19,4,998,1,9,KIA PICANTO,7,E01006063,0,-1
2023041296431,2023,041296431,2,9,0,18,19,5,1,0,0,8,0,0,1,1,3,1,5,6,2,36,7,998,1,7,KIA PICANTO,7,E01025199,0,-1
2023522400658,2023,522400658,1,9,0,18,19,6,2,7,6,0,0,0,2,7,4,1,6,6,2,74,10,999,1,15,KIA PICANTO,9,E01022108,0,-1
2023520400633,2023,520400633,2,9,0,18,19,7,3,0,0,8,0,0,0,0,2,1,6,6,2,35,6,998,1,0,KIA PICANTO,10,E01029254,0,-1
2023302300104,2023,302300104,1,9,0,18,19,8,3,0,0,4,0,0,0,0,2,1,6,6,1,18,4,998,1,3,KIA PICANTO,1,E01013487,0,-1
2023010424559,2023,010424559,1,9,0,18,19,3,7,0,0,0,0,0,0,0,0,1,6,6,2,55,8,1248,1,7,KIA PICANTO,6,E01002565,0,-1
2023631310736,2023,631310736,1,9,0,17,19,2,7,0,0,0,1,0,2,10,1,1,5,6,1,20,4,998,1,6,KIA PICANTO,8,E01004780,0,-1
2023010445721,2023,010445721,2,9,0,4,4,1,5,0,0,1,0,7,1,7,1,1,6,6,2,81,11,998,1,1,KIA PICANTO,2,E01000077,0,-1
2023302301681,2023,302301681,2,9,0,9,9,8,6,0,0,8,0,0,0,0,1,1,6,6,2,36,7,998,1,1,KIA PICANTO,-1,-1,0,-1
2023010465910,2023,010465910,1,9,0,7,7,5,6,0,0,1,0,4,0,0,1,1,6,6,2,63,9,999,1,13,KIA PICANTO,2,E01003325,0,-1
2023501288359,2023,501288359,2,9,0,18,19,3,7,0,0,0,5,0,1,11,1,1,6,6,2,84,11,1086,1,16,KIA PICANTO,5,E01019954,0,-1
2023041342621,2023,041342621,1,9,0,9,9,7,3,0,0,8,0,0,0,0,1,1,5,6,1,19,4,998,1,11,KIA PICANTO,4,E01025405,0,-1
2023010463697,2023,010463697,1,9,0,18,19,1,5,0,0,2,2,4,0,0,0,1,6,6,2,85,11,998,1,2,KIA PICANTO,5,E01000285,0,-1
2023401332655,2023,401332655,1,9,0,18,19,-1,-1,0,0,0,0,0,0,0,1,1,6,6,3,-1,-1,998,1,5,KIA PICANTO,-1,-1,0,-1
2023421284463,2023,421284463,2,9,0,17,19,5,1,0,0,8,0,0,0,0,4,1,6,6,2,42,7,998,1,7,KIA PICANTO,7,E01029885,0,-1
2023231361916,2023,231361916,1,9,0,5,5,8,4,0,0,4,0,0,0,0,1,1,6,6,2,89,11,1248,1,10,KIA PICANTO,7,E01031303,0,-1
2023552300953,2023,552300953,1,9,0,18,19,4,8,0,0,8,0,0,7,2,1,1,1,1,1,31,6,998,1,1,KIA PICANTO,3,E01020572,0,-1
2023010486792,2023,010486792,1,9,0,17,19,1,5,9,9,1,0,10,2,11,1,1,6,6,2,73,10,1248,1,11,KIA PICANTO,10,E01030387,0,-1
2023010420736,2023,010420736,1,9,0,99,99,9,9,99,99,9,9,99,9,99,9,9,6,6,1,46,8,998,1,1,KIA PICANTO,3,E01002547,0,-1
2023351371617,2023,351371617,2,9,0,8,8,4,6,0,0,6,0,0,0,0,4,1,6,6,2,24,5,998,1,7,KIA PICANTO,4,E01015655,0,-1
2023421356360,2023,421356360,1,9,0,18,19,5,1,0,0,1,0,0,0,0,1,1,5,6,2,17,4,998,1,4,KIA PICANTO,8,E01002321,0,-1
2023122300714,2023,122300714,1,9,0,14,14,5,1,0,0,8,0,0,0,0,1,1,6,6,2,19,4,999,1,15,KIA PICANTO,1,E01011339,0,-1
2023041367447,2023,041367447,1,9,0,12,12,5,1,0,0,1,0,0,0,0,4,1,5,6,2,83,11,1086,1,13,KIA PICANTO,1,E01007228,0,-1
2023041388817,2023,041388817,1,9,0,16,19,4,7,0,0,0,2,0,7,11,3,1,5,6,1,19,4,998,1,0,KIA PICANTO,2,E01025173,0,-1
2023320095175,2023,320095175,2,9,0,2,2,0,0,0,0,0,0,0,0,0,2,1,6,6,2,67,10,998,1,8,KIA PICANTO,4,E01011319,0,-1
2023361392190,2023,361392190,2,9,0,18,19,1,5,0,0,0,0,0,0,0,3,1,5,6,1,55,8,1086,1,14,KIA PICANTO,10,E01023502,0,-1
2023010450815,2023,010450815,1,9,0,9,9,5,2,0,0,6,0,0,0,0,3,1,6,6,2,47,8,998,1,1,KIA PICANTO,8,E01000412,0,-1
2023061357540,2023,061357540,2,9,0,18,19,-1,-1,0,0,0,0,0,0,0,0,1,6,6,3,20,4,998,1,11,KIA PICANTO,3,E01006784,0,-1
2023141268949,2023,141268949,1,9,0,9,9,7,5,0,0,6,0,0,1,11,1,1,5,6,2,78,11,998,1,2,KIA PICANTO,9,E01008023,0,-1
2023131270478,2023,131270478,1,9,0,4,4,5,5,0,0,0,0,0,0,0,3,1,5,6,1,77,11,998,1,6,KIA PICANTO,5,E01011902,0,-1
2023122301265,2023,122301265,2,9,0,5,5,5,1,0,0,4,0,0,0,0,3,1,6,6,2,76,11,998,1,2,KIA PICANTO,10,E01011280,0,-1
2023161284207,2023,161284207,1,9,0,4,4,2,6,0,0,1,1,0,1,9,3,1,2,2,2,24,5,1086,1,18,KIA PICANTO,1,E01012881,0,-1
2023461284163,2023,461284163,1,9,0,6,6,3,4,0,0,0,0,0,0,0,3,1,5,6,2,81,11,998,1,0,KIA PICANTO,5,E01024788,0,-1
2023471310520,2023,471310520,1,9,0,9,9,7,6,0,0,6,0,0,0,0,1,1,6,6,1,-1,-1,998,1,11,KIA PICANTO,7,E01016961,0,-1
2023010461689,2023,010461689,2,9,0,99,99,9,9,99,99,9,9,99,9,99,2,9,6,6,3,-1,-1,1086,1,14,KIA PICANTO,8,E01003845,0,-1
2023041321805,2023,041321805,1,9,0,18,19,5,1,0,0,1,0,0,0,0,1,1,5,6,1,75,10,999,1,14,KIA PICANTO,3,E01012653,0,-1
2023361351948,2023,361351948,1,9,0,5,5,5,7,0,0,0,0,0,0,0,1,1,2,2,1,20,4,1086,1,12,KIA PICANTO,6,E01033042,0,-1
2023010420156,2023,010420156,1,9,0,9,9,1,7,0,0,8,0,0,0,0,1,1,6,6,2,74,10,1248,1,5,KIA PICANTO,7,E01001307,0,-1
2023501399745,2023,501399745,2,9,-1,3,3,7,3,0,0,0,0,0,0,0,2,1,6,6,2,63,9,1086,1,13,KIA PICANTO,2,E01018857,0,-1
2023332301163,2023,332301163,2,9,0,18,19,8,4,0,0,0,0,0,0,0,1,1,6,6,3,-1,-1,998,1,8,KIA PICANTO,-1,-1,0,-1
2023547036423,2023,547036423,1,9,0,9,9,7,5,0,0,6,0,0,0,0,1,1,6,6,2,23,5,998,1,3,KIA PICANTO,8,E01015584,0,-1
2023010485526,2023,010485526,2,9,0,99,99,9,9,99,99,6,9,99,9,99,9,9,6,6,2,46,8,998,1,10,KIA PICANTO,4,E01001158,0,-1
2023471287156,2023,471287156,3,9,0,5,5,7,3,8,6,0,0,0,0,0,2,1,6,6,3,-1,-1,1248,1,4,KIA PICANTO,-1,-1,0,-1
2023201432630,2023,201432630,2,9,0,18,19,6,8,0,0,0,5,0,0,0,2,1,5,6,2,30,6,1248,1,7,KIA PICANTO,8,E01009949,0,-1
2023010483595,2023,010483595,1,9,0,4,4,3,7,0,0,1,0,0,0,0,1,1,6,6,1,25,5,998,1,3,KIA PICANTO,9,E01000754,0,-1
2023461310345,2023,461310345,1,9,0,8,8,1,3,0,0,6,0,0,0,0,0,1,6,6,2,58,9,998,1,5,KIA PICANTO,2,E01024391,0,-1
2023421390148,2023,421390148,1,9,0,18,19,8,4,0,0,0,0,0,0,0,1,1,2,2,1,46,8,1086,1,18,KIA PICANTO,3,E01021847,0,-1
2023401338187,2023,401338187,3,9,0,4,4,1,5,0,0,1,0,0,0,0,1,1,6,6,2,25,5,998,1,0,KIA PICANTO,7,E01018011,0,-1
2023411307941,2023,411307941,1,9,0,1,1,1,5,0,0,1,0,4,1,0,2,1,5,6,2,91,11,1086,1,18,KIA PICANTO,9,E01023417,0,-1
2023461349875,2023,461349875,2,9,0,18,19,3,7,0,0,8,0,0,0,0,2,1,6,6,2,18,4,998,1,11,KIA PICANTO,5,E01024283,0,-1
2023131383421,2023,131383421,1,9,0,18,19,1,5,0,0,0,0,0,0,0,1,1,6,6,2,22,5,998,1,2,KIA PICANTO,9,E01011278,0,-1
2023471337899,2023,471337899,1,9,0,18,19,2,6,0,0,0,0,0,0,0,1,1,1,1,2,56,9,1248,1,11,KIA PICANTO,9,E01031593,0,-1
2023111260910,2023,111260910,2,9,0,18,19,7,3,0,0,0,0,0,0,0,2,1,6,6,2,71,10,1248,1,4,KIA PICANTO,5,E01012310,0,-1
2023201379042,2023,201379042,1,9,-1,1,1,-1,-1,0,0,-1,0,0,0,0,2,1,6,6,1,-1,-1,1086,1,17,KIA PICANTO,-1,-1,0,-1
2023991285627,2023,991285627,2,9,0,2,2,1,1,0,0,8,1,0,1,0,2,1,5,6,2,78,11,998,1,1,KIA PICANTO,2,-1,0,-1
2023451338565,2023,451338565,1,9,0,18,19,6,2,0,0,0,0,0,0,0,3,1,2,2,2,19,4,998,1,8,KIA PICANTO,6,E01030995,0,-1
2023461344818,2023,461344818,2,9,0,18,19,1,5,0,0,0,0,0,0,0,1,1,6,6,1,60,9,998,1,0,KIA PICANTO,-1,-1,0,-1
2023991380618,2023,991380618,1,9,0,18,19,3,7,0,0,7,0,0,0,0,1,1,5,6,1,77,11,998,1,0,KIA PICANTO,1,-1,0,-1
2023371310485,2023,371310485,2,9,0,18,19,3,7,0,0,0,0,0,0,0,4,1,5,6,2,44,7,1248,1,6,KIA PICANTO,6,E01030209,0,-1
2023052300676,2023,052300676,1,9,0,18,19,3,7,0,0,6,0,0,0,0,1,1,1,1,1,36,7,998,1,8,KIA PICANTO,4,E01006878,0,-1
2023522300635,2023,522300635,2,9,0,9,9,3,1,0,0,5,0,0,0,0,1,1,6,6,2,75,10,998,1,2,KIA PICANTO,10,E01014718,0,-1
2023122300135,2023,122300135,1,9,0,9,9,1,3,0,0,2,0,0,0,0,1,1,6,6,2,19,4,998,1,10,KIA PICANTO,6,E01013383,0,-1
2023501340598,2023,501340598,2,9,0,9,9,4,2,0,0,8,0,0,0,0,3,1,6,6,2,34,6,998,1,11,KIA PICANTO,3,E01019053,0,-1
2023010441697,2023,010441697,1,9,0,99,99,9,9,99,99,9,9,99,9,99,1,9,6,6,2,55,8,1086,1,14,KIA PICANTO,2,E01002392,0,-1
2023131291011,2023,131291011,1,9,0,9,9,3,7,0,0,0,0,0,0,0,4,1,6,6,2,80,11,1086,1,13,KIA PICANTO,8,E01011405,0,-1
2023622300694,2023,622300694,2,9,0,4,4,2,6,0,0,8,1,0,1,1,2,1,6,6,2,75,10,998,1,5,KIA PICANTO,3,W01000655,0,-1
2023361275434,2023,361275434,1,9,0,9,9,8,4,0,0,0,0,0,0,0,1,1,6,6,2,31,6,1086,1,13,KIA PICANTO,8,E01026912,0,-1
2023061289646,2023,061289646,1,9,0,18,19,8,4,0,0,8,0,0,0,0,1,1,2,2,2,38,7,998,1,7,KIA PICANTO,6,E01006051,0,-1
2023122300330,2023,122300330,1,9,0,18,19,7,3,0,0,1,2,0,7,0,1,1,1,1,2,29,6,998,1,8,KIA PICANTO,5,E01012343,0,-1
2023010437139,2023,010437139,1,9,0,5,5,0,7,0,0,0,0,0,0,0,3,1,2,2,2,48,8,1248,1,6,KIA PICANTO,6,E01001415,0,-1
2023201333892,2023,201333892,2,9,0,18,19,-1,-1,0,0,0,0,0,0,0,4,1,6,6,2,22,5,998,1,7,KIA PICANTO,1,E01008966,0,-1
2023311313363,2023,311313363,2,9,0,10,10,2,8,0,0,8,0,0,0,0,2,1,5,6,2,28,6,1248,1,8,KIA PICANTO,6,E01028075,0,-1
2023231377917,2023,231377917,1,9,0,5,5,7,3,0,0,0,0,0,0,0,4,1,6,6,1,47,8,999,1,13,KIA PICANTO,4,E01002014,0,-1
2023061308950,2023,061308950,1,9,0,18,19,4,8,0,0,0,0,0,1,7,1,1,5,6,2,20,4,998,1,8,KIA PICANTO,8,E01005277,0,-1
2023211311950,2023,211311950,1,9,0,7,7,2,4,0,0,2,5,10,0,0,1,1,6,6,2,77,11,998,1,11,KIA PICANTO,8,E01029676,0,-1
2023111287074,2023,111287074,2,9,0,18,19,2,6,0,0,4,0,0,0,0,4,1,5,6,1,28,6,998,1,11,KIA PICANTO,8,E01012316,0,-1
2023471332091,2023,471332091,2,9,0,18,19,1,1,0,0,1,0,0,0,0,1,1,2,2,2,42,7,1248,1,4,KIA PICANTO,6,E01031480,0,-1
2023471349870,2023,471349870,1,9,0,16,19,3,3,0,0,1,2,0,1,9,4,1,6,6,1,-1,-1,1086,1,17,KIA PICANTO,6,E01021099,0,-1
2023461356329,2023,461356329,1,9,0,18,19,1,5,0,0,0,0,0,0,0,1,1,6,6,2,91,11,999,1,13,KIA PICANTO,3,E01024059,0,-1
2023991353290,2023,991353290,1,9,0,18,19,2,7,0,0,1,0,0,7,4,1,1,6,6,1,56,9,1248,1,6,KIA PICANTO,3,-1,0,-1
2023052300258,2023,052300258,2,9,0,18,19,5,1,0,0,0,0,0,0,0,1,1,1,1,2,32,6,998,1,8,KIA PICANTO,5,E01007057,0,-1
2023461303883,2023,461303883,1,9,0,4,4,4,8,0,0,0,0,0,0,0,1,1,2,2,1,53,8,998,1,10,KIA PICANTO,2,E01032799,0,-1
2023371377078,2023,371377078,1,9,0,4,4,4,8,0,0,0,0,0,0,0,1,1,1,1,2,26,6,998,1,5,KIA PICANTO,1,E01026827,0,-1
2023451320870,2023,451320870,1,9,0,18,19,6,2,0,0,0,0,0,0,0,1,1,2,2,2,35,6,998,1,6,KIA PICANTO,8,E01003827,0,-1
2023411372884,2023,411372884,1,9,0,18,19,-1,-1,0,0,0,0,0,0,0,1,1,6,6,1,76,11,998,1,1,KIA PICANTO,4,E01000290,0,-1
2023520301008,2023,520301008,5,9,0,18,19,1,5,0,0,8,0,0,0,0,2,1,6,6,1,72,10,1086,1,19,KIA PICANTO,6,E01029052,0,-1
2023991384269,2023,991384269,2,9,0,18,19,2,6,0,0,1,0,0,0,0,3,1,1,1,1,43,7,999,1,14,KIA PICANTO,2,-1,0,-1
2023101388896,2023,101388896,2,9,0,4,4,1,5,0,0,1,0,0,0,0,2,1,6,6,2,54,8,998,1,4,KIA PICANTO,5,E01008224,0,-1
2023041291392,2023,041291392,2,9,0,18,19,7,3,0,0,3,0,0,6,0,2,1,5,6,1,31,6,1086,1,15,KIA PICANTO,1,E01025171,0,-1
2023471321316,2023,471321316,1,9,0,18,19,1,5,0,0,2,0,0,0,0,4,1,5,6,2,76,11,999,1,14,KIA PICANTO,8,E01016962,0,-1
2023991361252,2023,991361252,1,9,0,12,12,4,8,0,0,0,1,10,0,0,1,1,5,6,1,52,8,998,1,1,KIA PICANTO,-1,-1,0,-1
2023501374080,2023,501374080,1,9,0,15,15,1,5,0,0,2,0,0,0,0,4,1,3,7,2,34,6,998,1,9,KIA PICANTO,4,E01019057,0,-1
2023161383189,2023,161383189,2,9,0,18,19,7,3,0,0,0,0,0,1,10,1,1,2,2,2,41,7,998,1,2,KIA PICANTO,3,E01012784,0,-1
2023201296047,2023,201296047,1,9,0,9,9,2,8,0,0,6,0,0,0,0,0,1,6,6,2,26,6,998,1,8,KIA PICANTO,1,E01009013,0,-1
2023991309403,2023,991309403,1,9,0,18,19,6,2,0,0,0,5,0,7,11,1,1,5,6,2,55,8,999,1,12,KIA PICANTO,7,-1,0,-1
2023991349466,2023,991349466,1,9,0,18,19,5,1,0,0,1,0,0,0,0,1,1,2,2,2,80,11,1248,1,4,KIA PICANTO,-1,-1,0,-1
2023131279467,2023,131279467,2,9,0,18,19,5,1,0,0,0,0,0,0,0,3,1,1,1,1,36,7,998,1,1,KIA PICANTO,7,E01011941,0,-1
2023991287895,2023,991287895,2,9,0,18,19,7,3,0,0,0,0,0,0,0,3,1,5,6,2,43,7,998,1,2,KIA PICANTO,9,-1,0,-1
2023302301570,2023,302301570,2,9,0,7,7,1,3,0,0,2,0,0,0,0,1,1,1,1,2,39,7,1086,1,12,KIA PICANTO,5,E01019436,0,-1
2023411382316,2023,411382316,1,9,0,15,15,3,7,0,0,0,0,0,0,0,9,1,5,6,2,-1,-1,1086,1,14,KIA PICANTO,7,E01023589,0,-1
2023461368539,2023,461368539,2,9,0,4,4,3,7,0,0,4,0,0,0,0,2,1,2,2,2,19,4,998,1,5,KIA PICANTO,6,E01016076,0,-1
2023131305050,2023,131305050,1,9,0,-1,-1,-1,-1,-1,-1,-1,-1,-1,-1,0,-1,1,6,6,3,-1,-1,1248,1,12,KIA PICANTO,-1,-1,0,-1
2023010432880,2023,010432880,1,9,0,99,99,9,9,99,99,9,9,99,9,99,2,9,6,6,2,47,8,998,1,8,KIA PICANTO,6,E01000165,0,-1
2023010472912,2023,010472912,2,9,0,99,99,9,9,99,99,9,9,99,9,99,1,9,6,6,1,39,7,1086,1,18,KIA PICANTO,2,E01002345,0,-1
2023201397102,2023,201397102,1,9,0,5,5,2,6,0,0,6,0,0,0,0,3,1,6,6,2,50,8,998,1,5,KIA PICANTO,5,E01009647,0,-1
2023052302324,2023,052302324,1,9,0,6,6,7,7,0,0,8,0,0,1,0,3,1,1,1,1,22,5,998,1,11,KIA PICANTO,3,E01006020,0,-1
2023010460976,2023,010460976,2,9,0,13,13,5,1,0,0,8,0,0,3,0,1,1,6,6,2,45,7,1086,1,13,KIA PICANTO,4,E01002893,0,-1
2023430292259,2023,430292259,1,9,0,18,19,8,4,0,0,1,0,0,0,0,1,1,6,6,1,20,4,1248,1,5,KIA PICANTO,10,E01017629,0,-1
2023211365028,2023,211365028,2,9,0,18,19,8,4,0,0,1,0,0,0,0,4,1,5,6,2,66,10,1248,1,8,KIA PICANTO,6,E01014267,0,-1
2023070568000,2023,070568000,1,9,0,13,13,8,6,0,0,8,0,0,0,0,4,1,6,6,2,17,4,998,1,4,KIA PICANTO,8,E01012485,0,-1
2023141336260,2023,141336260,1,9,0,9,9,5,3,0,0,6,0,0,0,0,1,1,5,6,1,50,8,998,1,1,KIA PICANTO,1,E01007856,0,-1
2023520000337,2023,520000337,1,9,0,18,19,3,7,6,6,0,5,10,2,10,0,1,6,6,1,20,4,998,1,10,KIA PICANTO,7,E01029317,0,-1
2023010461032,2023,010461032,1,9,3,9,9,1,6,0,0,3,0,0,0,0,1,1,6,6,1,20,4,998,1,11,KIA PICANTO,8,E01002321,0,-1
2023421279473,2023,421279473,1,9,0,5,5,1,5,0,0,6,0,0,0,0,1,1,6,6,2,19,4,998,1,2,KIA PICANTO,3,E01021490,0,-1
2023451285014,2023,451285014,1,9,0,5,5,7,3,0,0,2,5,10,2,0,1,1,1,1,1,36,7,1248,1,11,KIA PICANTO,5,E01030974,0,-1
2023131346040,2023,131346040,2,9,0,18,19,3,7,0,0,0,0,0,0,0,3,1,6,6,2,54,8,998,1,0,KIA PICANTO,10,E01011301,0,-1
2023631391875,2023,631391875,1,9,0,18,19,5,1,0,0,0,0,0,0,0,1,1,2,2,1,18,4,1086,1,17,KIA PICANTO,9,W01000482,0,-1
2023010440113,2023,010440113,2,9,0,9,9,5,3,0,0,1,0,0,0,0,2,1,6,6,1,23,5,6498,1,4,-1,8,E01000206,0,-1
2023231337139,2023,231337139,1,20,0,16,19,7,1,0,0,8,1,0,0,0,1,1,1,1,1,34,6,-1,-1,-1,-1,4,E01029353,0,-1
2023010436676,2023,010436676,1,19,0,18,19,6,2,0,0,8,0,0,0,0,1,1,1,1,1,53,8,-1,3,3,-1,3,E01002554,0,-1
2023010474563,2023,010474563,2,19,0,18,19,2,6,0,0,1,0,0,0,0,2,1,6,6,1,62,9,2499,2,6,-1,6,E01031586,0,-1
2023131320484,2023,131320484,2,19,0,16,19,7,3,0,0,0,0,0,0,0,1,1,5,6,1,23,5,2499,2,5,-1,2,E01011256,0,-1
2023010433460,2023,010433460,1,19,0,1,1,6,2,0,0,1,0,0,0,0,2,1,2,2,1,27,6,2499,2,5,-1,6,E01002124,0,-1
2023430141341,2023,430141341,1,19,0,18,19,6,2,0,0,8,0,0,0,0,1,1,1,1,1,59,9,-1,3,4,-1,5,E01016421,0,-1
2023141281680,2023,141281680,2,19,0,18,19,3,7,0,0,8,0,0,0,0,1,1,1,1,1,47,8,2499,2,7,-1,1,E01007791,0,-1
2023991287627,2023,991287627,1,19,0,18,19,8,4,0,0,0,0,0,0,0,3,1,1,1,1,46,8,-1,3,3,-1,3,-1,0,-1
2023501342320,2023,501342320,1,3,0,18,19,4,8,0,0,0,0,0,0,0,1,1,6,6,1,-1,-1,125,1,7,-1,-1,-1,0,-1
2023351377201,2023,351377201,1,3,0,18,19,3,1,0,0,3,1,0,0,0,0,1,6,6,1,46,8,124,1,11,-1,1,E01015609,0,-1
2023991335403,2023,991335403,1,3,0,7,7,2,5,0,0,0,1,0,0,0,4,1,5,6,1,22,5,124,1,16,-1,3,-1,0,-1
2023430154097,2023,430154097,1,3,0,16,19,8,2,0,0,0,0,0,7,0,1,1,6,6,2,39,7,124,1,9,-1,8,E01016274,0,-1
2023531284214,2023,531284214,2,3,0,18,19,5,2,0,0,1,0,0,0,0,1,1,2,2,1,25,5,125,1,15,-1,4,E01022331,0,-1
2023991347906,2023,991347906,1,9,0,16,19,4,8,0,0,0,5,0,7,0,1,1,5,6,1,58,9,3456,1,9,-1,8,E01024419,0,-1
2023451361632,2023,451361632,1,4,0,18,19,5,7,0,0,0,0,0,0,0,2,1,5,6,1,48,8,349,1,0,-1,6,E01030371,0,-1
2023041275693,2023,041275693,2,4,0,7,7,3,7,0,0,8,0,0,0,0,3,1,5,6,1,64,9,349,1,1,-1,6,E01025591,0,-1
2023221388567,2023,221388567,2,4,0,9,9,1,6,0,0,8,0,0,0,0,1,1,6,6,1,65,9,349,1,0,-1,3,E01032437,0,-1
2023340NN3062,2023,340NN3062,2,4,0,17,19,5,2,0,0,8,0,0,0,0,3,1,6,6,1,73,10,349,1,0,-1,9,E01027218,0,-1
2023461387240,2023,461387240,5,9,0,18,19,3,7,0,0,0,0,0,0,0,3,1,2,2,1,53,8,2000,1,18,SAAB 9-3,7,E01016170,0,-1
2023991327207,2023,991327207,1,9,0,18,19,2,6,0,0,0,0,0,0,0,1,1,5,6,2,32,6,2171,2,21,SAAB 9-3,10,-1,0,-1
2023501283337,2023,501283337,1,9,0,9,9,8,7,0,0,6,0,0,0,0,1,1,1,1,1,69,10,1910,2,17,SAAB 9-3,6,E01018967,0,-1
2023131324256,2023,131324256,2,9,0,2,2,0,0,9,9,0,0,0,0,0,2,1,6,6,3,-1,-1,1985,1,24,SAAB 9-3,-1,-1,0,-1
2023061337068,2023,061337068,2,9,0,18,19,5,1,0,0,1,0,0,0,0,3,1,5,6,1,57,9,1910,2,15,SAAB 9-3,9,E01011174,0,-1
2023201419549,2023,201419549,2,9,0,18,19,2,6,0,0,0,1,0,0,0,1,1,2,2,1,59,9,1910,2,15,SAAB 9-3,3,E01010092,0,-1
2023552300199,2023,552300199,2,9,0,18,19,2,6,0,0,8,0,0,0,0,1,1,2,2,1,27,6,1910,2,14,SAAB 9-3,6,E01015402,0,-1
2023631321843,2023,631321843,1,9,0,18,19,2,6,0,0,0,0,0,7,10,1,1,2,2,2,52,8,1910,2,15,SAAB 9-3,3,W01001448,0,-1
2023141324231,2023,141324231,2,9,0,18,19,1,5,0,0,0,0,0,0,0,1,1,6,6,1,23,5,1910,2,15,SAAB 9-3,8,E01007686,0,-1
2023440356828,2023,440356828,2,9,0,2,2,0,0,0,0,1,0,0,0,0,3,1,6,6,3,-1,-1,1985,1,22,SAAB 9-3,-1,-1,0,-1
2023131300377,2023,131300377,2,9,0,9,9,7,3,0,0,5,0,0,0,0,3,1,6,6,2,43,7,1910,2,13,SAAB 9-3,5,E01011537,0,-1
2023411274299,2023,411274299,4,9,0,18,19,5,1,0,0,0,0,0,0,0,2,1,6,6,1,44,7,1910,2,16,SAAB 9-3,6,E01019408,0,-1
2023010423912,2023,010423912,2,9,0,5,5,5,1,0,0,1,0,0,0,0,1,1,6,6,1,54,8,1985,1,24,SAAB 9-3,7,E01000986,0,-1
2023411380937,2023,411380937,2,9,0,18,19,1,5,0,0,1,0,0,0,0,1,1,5,6,1,61,9,2000,1,16,SAAB 9-3,7,E01023527,0,-1
2023461265818,2023,461265818,1,9,0,18,19,7,3,0,0,1,0,0,0,0,1,1,6,6,3,-1,-1,1910,2,13,SAAB 9-3,9,E01000363,0,-1
2023141334723,2023,141334723,2,9,0,17,19,7,3,0,0,0,0,0,0,0,3,1,5,6,1,74,10,1910,2,18,SAAB 9-3,8,E01007988,0,-1
2023421352482,2023,421352482,2,9,0,17,19,1,5,0,0,0,1,0,2,0,3,1,6,6,2,66,10,1910,2,15,SAAB 9-3,10,E01018259,0,-1