collision_index,collision_year,collision_ref_no,vehicle_reference,vehicle_type,towing_and_articulation,vehicle_manoeuvre_historic,vehicle_manoeuvre,vehicle_direction_from,vehicle_direction_to,vehicle_location_restricted_lane_historic,vehicle_location_restricted_lane,junction_location,skidding_and_overturning,hit_object_in_carriageway,vehicle_leaving_carriageway,hit_object_off_carriageway,first_point_of_impact,vehicle_left_hand_drive,journey_purpose_of_driver_historic,journey_purpose_of_driver,sex_of_driver,age_of_driver,age_band_of_driver,engine_capacity_cc,propulsion_code,age_of_vehicle,generic_make_model,driver_imd_decile,lsoa_of_driver,escooter_flag,driver_distance_banding
2023430174698,2023,430174698,2,9,0,8,8,8,2,0,0,1,0,0,0,0,2,1,2,2,1,45,7,1956,2,11,VAUXHALL INSIGNIA,4,E01015580,0,-1
2023141334712,2023,141334712,3,9,0,4,4,5,1,0,0,1,0,0,0,0,2,2,5,6,2,25,5,1956,2,12,VAUXHALL INSIGNIA,4,E01007584,0,-1
2023991382587,2023,991382587,1,9,0,18,19,5,1,0,0,1,0,0,0,0,1,1,6,6,1,34,6,1956,2,11,VAUXHALL INSIGNIA,1,-1,0,-1
2023211411099,2023,211411099,2,9,0,5,5,6,2,0,0,8,0,0,0,0,1,1,6,6,2,28,6,1956,2,11,VAUXHALL INSIGNIA,9,E01009416,0,-1
2023320208340,2023,320208340,1,9,0,18,19,4,8,0,0,1,0,0,0,0,1,1,6,6,1,34,6,1796,1,13,VAUXHALL INSIGNIA,3,E01026025,0,-1
2023101334640,2023,101334640,2,9,0,2,2,0,0,0,0,0,0,0,0,0,4,1,6,6,3,-1,-1,1956,2,9,VAUXHALL INSIGNIA,-1,-1,0,-1
2023031384656,2023,031384656,2,9,0,18,19,1,5,0,0,1,0,0,0,0,1,1,5,6,1,46,8,1956,2,9,VAUXHALL INSIGNIA,8,E01019397,0,-1
2023201416145,2023,201416145,2,9,0,18,19,4,8,0,0,0,0,8,0,0,1,1,6,6,1,-1,-1,1796,1,12,VAUXHALL INSIGNIA,1,E01010466,0,-1
2023991392035,2023,991392035,1,9,0,9,9,1,7,0,0,8,0,0,0,0,3,1,6,6,1,92,11,1490,1,6,VAUXHALL INSIGNIA,8,-1,0,-1
2023041299942,2023,041299942,2,9,0,2,2,1,1,0,0,0,0,0,0,0,3,1,5,6,1,35,6,1598,2,6,VAUXHALL INSIGNIA,1,E01025042,0,-1
2023070433380,2023,070433380,1,9,0,7,7,5,1,0,0,1,0,0,3,0,1,1,6,6,1,33,6,1956,2,9,VAUXHALL INSIGNIA,1,E01033300,0,-1
2023070082551,2023,070082551,2,9,0,5,5,7,3,0,0,8,0,0,0,0,1,1,6,6,1,81,11,1956,2,9,VAUXHALL INSIGNIA,2,E01018553,0,-1
2023161305442,2023,161305442,2,9,0,18,19,5,1,0,0,8,0,0,0,0,1,1,6,6,2,-1,-1,1956,2,8,VAUXHALL INSIGNIA,3,E01013004,0,-1
2023411382464,2023,411382464,2,9,0,18,19,8,4,0,0,3,0,0,0,0,1,1,1,1,1,43,7,1956,2,9,VAUXHALL INSIGNIA,8,E01023541,0,-1
2023221327797,2023,221327797,1,9,0,18,19,6,2,0,0,0,0,0,2,10,1,1,5,6,1,58,9,1956,2,12,VAUXHALL INSIGNIA,3,E01009792,0,-1
2023041334438,2023,041334438,1,9,0,11,11,3,7,0,0,0,0,0,0,0,4,1,5,6,1,50,8,1496,2,1,VAUXHALL INSIGNIA,-1,-1,0,-1
2023622300153,2023,622300153,1,9,0,17,19,8,4,0,0,0,0,0,0,0,1,1,6,6,1,29,6,1956,2,14,VAUXHALL INSIGNIA,1,W01001180,0,-1
2023010450708,2023,010450708,2,9,0,99,99,9,9,99,99,9,9,99,9,99,9,9,6,6,3,-1,-1,1796,1,12,VAUXHALL INSIGNIA,-1,-1,0,-1
2023031346550,2023,031346550,1,9,0,18,19,4,8,0,0,0,0,0,0,0,4,1,6,6,1,35,6,1956,2,9,VAUXHALL INSIGNIA,2,E01019109,0,-1
2023161356880,2023,161356880,2,8,0,18,19,3,7,0,0,8,0,0,0,0,1,1,1,1,1,55,8,1598,2,5,VAUXHALL INSIGNIA,2,E01013283,0,-1
2023101326835,2023,101326835,2,9,0,18,19,2,7,0,0,8,0,0,0,0,4,1,6,6,2,35,6,1956,2,12,VAUXHALL INSIGNIA,8,E01008801,0,-1
2023361323321,2023,361323321,2,9,0,9,9,5,2,0,0,8,0,0,0,0,3,1,5,6,1,70,10,1490,1,6,VAUXHALL INSIGNIA,5,-1,0,-1
2023161267102,2023,161267102,2,9,0,2,2,0,0,0,0,0,0,0,0,0,2,1,6,6,3,-1,-1,1956,2,9,VAUXHALL INSIGNIA,-1,-1,0,-1
2023991289169,2023,991289169,1,9,0,9,9,4,3,0,0,1,0,0,0,0,4,1,5,6,2,33,6,1956,2,8,VAUXHALL INSIGNIA,2,-1,0,-1
2023552300910,2023,552300910,1,9,0,18,19,1,5,0,0,1,0,0,0,0,1,1,6,6,1,42,7,1796,1,10,VAUXHALL INSIGNIA,6,E01015410,0,-1
2023320235786,2023,320235786,3,9,0,18,19,2,6,0,0,0,0,0,0,0,2,1,1,1,2,50,8,1956,2,12,VAUXHALL INSIGNIA,2,E01028334,0,-1
2023201391752,2023,201391752,2,9,0,18,19,5,1,0,0,8,1,0,0,0,1,1,6,6,1,34,6,1956,2,11,VAUXHALL INSIGNIA,-1,-1,0,-1
2023201339316,2023,201339316,1,9,0,3,3,6,1,0,0,0,0,0,0,0,2,1,1,1,1,66,10,1956,2,7,VAUXHALL INSIGNIA,2,E01009018,0,-1
2023311328368,2023,311328368,1,9,0,18,19,6,2,0,0,0,0,0,1,0,1,1,6,6,1,43,7,1956,2,8,VAUXHALL INSIGNIA,5,E01028336,0,-1
2023471363052,2023,471363052,1,9,0,18,19,5,1,0,0,1,0,0,0,0,4,1,6,6,1,28,6,1956,2,8,VAUXHALL INSIGNIA,9,E01031625,0,-1
2023320559725,2023,320559725,1,9,0,18,19,6,2,0,0,0,0,0,0,0,1,1,6,6,1,48,8,1956,2,12,VAUXHALL INSIGNIA,1,E01026383,0,-1
2023201339286,2023,201339286,2,9,0,4,4,8,4,0,0,0,0,0,0,0,1,1,6,6,1,44,7,1956,2,11,VAUXHALL INSIGNIA,2,E01010270,0,-1
2023302301901,2023,302301901,1,9,0,7,7,6,2,0,0,2,0,0,1,0,1,1,6,6,1,54,8,1598,2,5,VAUXHALL INSIGNIA,4,E01013458,0,-1
2023461301392,2023,461301392,1,9,0,18,19,5,1,0,0,0,0,0,8,4,1,1,6,6,2,42,7,1956,2,10,VAUXHALL INSIGNIA,6,E01024806,0,-1
2023531282171,2023,531282171,3,9,0,18,19,8,4,0,0,0,0,0,1,0,1,1,2,2,1,42,7,1956,2,9,VAUXHALL INSIGNIA,8,E01022163,0,-1
2023070167334,2023,070167334,3,9,0,2,2,0,0,9,9,2,0,0,0,0,2,1,6,6,3,-1,-1,1956,2,7,VAUXHALL INSIGNIA,-1,-1,0,-1
2023302301204,2023,302301204,2,9,0,9,9,6,5,0,0,8,0,0,0,0,1,1,6,6,1,30,6,1956,2,5,VAUXHALL INSIGNIA,7,E01028240,0,-1
2023631359937,2023,631359937,1,9,0,18,19,1,5,0,0,1,0,0,0,0,4,1,5,6,1,68,10,1956,2,6,VAUXHALL INSIGNIA,7,W01000442,0,-1
2023440228532,2023,440228532,2,9,0,17,19,1,7,0,0,1,0,0,0,0,1,1,6,6,1,43,7,1956,2,12,VAUXHALL INSIGNIA,4,E01017333,0,-1
2023010445350,2023,010445350,2,9,0,5,5,5,1,0,0,6,0,0,0,0,1,1,6,6,1,46,8,1490,1,4,VAUXHALL INSIGNIA,7,E01003270,0,-1
2023320123577,2023,320123577,2,9,0,18,19,2,6,0,0,8,1,0,0,0,1,1,6,6,1,22,5,1956,2,12,VAUXHALL INSIGNIA,1,E01026112,0,-1
2023991383600,2023,991383600,2,9,0,3,3,8,2,0,0,1,0,0,0,0,1,1,6,6,1,52,8,1796,1,14,VAUXHALL INSIGNIA,-1,-1,0,-1
2023052301389,2023,052301389,2,9,0,5,5,3,7,0,0,4,0,0,0,0,1,1,6,6,1,30,6,1956,2,9,VAUXHALL INSIGNIA,2,E01012388,0,-1
2023440247222,2023,440247222,1,9,0,18,19,6,2,0,0,0,0,0,0,0,0,1,6,6,1,19,4,1598,2,7,VAUXHALL INSIGNIA,9,E01022695,0,-1
2023311362873,2023,311362873,2,9,0,17,19,4,1,0,0,1,0,0,0,0,1,1,5,6,1,60,9,1956,2,8,VAUXHALL INSIGNIA,10,E01028389,0,-1
2023201363595,2023,201363595,2,9,0,18,19,2,6,0,0,8,0,0,0,0,1,1,2,2,2,35,6,1598,2,7,VAUXHALL INSIGNIA,5,E01031078,0,-1
2023010426733,2023,010426733,2,9,0,18,19,3,7,0,0,1,0,0,0,0,1,1,1,1,1,53,8,1796,1,7,VAUXHALL INSIGNIA,-1,-1,0,-1
2023131350530,2023,131350530,1,9,0,18,19,7,3,0,0,0,0,0,3,1,1,1,6,6,2,28,6,1956,2,12,VAUXHALL INSIGNIA,3,E01011532,0,-1
2023041353196,2023,041353196,1,9,0,7,7,7,1,0,0,8,0,0,0,0,4,1,5,6,1,39,7,1956,2,9,VAUXHALL INSIGNIA,1,E01025295,0,-1
2023461266917,2023,461266917,2,8,0,4,4,7,3,0,0,0,0,1,0,0,2,1,6,6,1,55,8,1956,2,4,VAUXHALL INSIGNIA,5,E01024198,0,-1
2023440371415,2023,440371415,2,9,0,18,19,7,3,0,0,1,0,0,0,0,1,1,6,6,2,-1,-1,1956,2,8,VAUXHALL INSIGNIA,-1,-1,0,-1
2023101339600,2023,101339600,1,9,0,18,19,7,3,0,0,4,0,0,0,0,1,1,6,6,1,40,7,1956,2,8,VAUXHALL INSIGNIA,5,E01008407,0,-1
2023401317624,2023,401317624,2,9,0,18,19,5,1,0,0,0,0,0,0,0,1,1,6,6,2,36,7,1956,2,14,VAUXHALL INSIGNIA,1,E01007472,0,-1
2023520301328,2023,520301328,2,9,0,18,19,7,3,0,0,8,0,0,0,0,1,1,6,6,1,32,6,1796,1,12,VAUXHALL INSIGNIA,7,E01007596,0,-1
2023430132472,2023,430132472,1,9,0,9,9,2,8,0,0,6,0,0,0,0,1,1,6,6,1,28,6,1956,2,10,VAUXHALL INSIGNIA,10,E01016427,0,-1
2023520300618,2023,520300618,2,9,0,18,19,1,5,0,0,0,0,0,0,0,2,1,6,6,1,28,6,1956,2,9,VAUXHALL INSIGNIA,10,E01029104,0,-1
2023070890842,2023,070890842,2,9,0,18,19,7,3,0,0,0,0,0,0,0,1,1,6,6,1,42,7,1598,2,7,VAUXHALL INSIGNIA,8,E01013166,0,-1
2023421345780,2023,421345780,2,9,0,4,4,2,6,0,0,0,0,0,0,0,2,1,5,6,1,20,4,1956,2,13,VAUXHALL INSIGNIA,3,E01030025,0,-1
2023010448944,2023,010448944,1,9,0,18,19,1,5,0,0,2,0,0,0,0,3,1,1,1,1,40,7,1490,1,6,VAUXHALL INSIGNIA,7,E01001537,0,-1
2023101367516,2023,101367516,1,9,0,9,9,8,6,0,0,8,0,0,0,0,1,1,2,2,1,63,9,1490,1,5,VAUXHALL INSIGNIA,9,E01008316,0,-1
2023052300079,2023,052300079,2,9,0,18,19,1,5,0,0,8,0,0,0,0,3,1,6,6,1,43,7,1796,1,12,VAUXHALL INSIGNIA,10,E01006943,0,-1
2023010425080,2023,010425080,2,9,0,99,99,9,9,99,99,9,9,99,9,99,9,9,6,6,3,-1,-1,1490,1,4,VAUXHALL INSIGNIA,-1,-1,0,-1
2023231366349,2023,231366349,1,9,0,7,7,2,4,0,0,6,0,0,0,0,3,1,6,6,1,51,8,1956,2,12,VAUXHALL INSIGNIA,3,E01031081,0,-1
2023141371255,2023,141371255,1,9,0,18,19,7,4,0,0,3,0,0,0,0,4,1,5,6,1,36,7,1956,2,8,VAUXHALL INSIGNIA,8,E01007606,0,-1
2023991341125,2023,991341125,1,9,0,18,19,4,8,0,0,8,0,0,0,0,3,1,5,6,1,45,7,1956,2,8,VAUXHALL INSIGNIA,1,-1,0,-1
2023430269049,2023,430269049,3,9,0,18,19,2,6,0,0,0,0,0,0,0,2,1,1,1,1,33,6,1956,2,8,VAUXHALL INSIGNIA,5,E01017923,0,-1
2023430269151,2023,430269151,1,9,0,18,19,2,6,0,0,8,0,0,0,0,3,1,6,6,1,54,8,1956,2,10,VAUXHALL INSIGNIA,9,E01018148,0,-1
2023101350174,2023,101350174,1,9,0,7,7,7,2,0,0,8,0,0,0,0,1,1,6,6,1,43,7,1956,2,9,VAUXHALL INSIGNIA,7,E01027516,0,-1
2023540413823,2023,540413823,2,9,0,18,19,1,5,0,0,1,0,0,0,0,4,1,6,6,1,60,9,1956,2,10,VAUXHALL INSIGNIA,9,E01032069,0,-1
2023440442900,2023,440442900,1,9,0,18,19,1,5,0,0,1,0,0,0,0,1,1,6,6,1,29,6,1956,2,13,VAUXHALL INSIGNIA,3,E01017123,0,-1
2023201294256,2023,201294256,2,9,0,18,19,1,5,0,0,2,0,0,0,0,1,1,2,2,1,30,6,1956,2,9,VAUXHALL INSIGNIA,6,E01025940,0,-1
2023501318610,2023,501318610,1,9,0,16,19,8,7,0,0,0,0,0,0,0,4,1,1,1,1,35,6,1956,2,9,VAUXHALL INSIGNIA,3,E01020095,0,-1
2023451338689,2023,451338689,1,9,0,18,19,3,7,0,0,0,0,0,0,0,3,1,5,6,1,48,8,1956,2,12,VAUXHALL INSIGNIA,3,E01029170,0,-1
2023052301190,2023,052301190,1,9,0,7,7,5,3,0,0,8,0,0,0,0,4,1,1,1,1,34,6,1364,1,8,VAUXHALL INSIGNIA,1,E01006716,0,-1
2023201333854,2023,201333854,2,9,0,18,19,7,3,0,0,8,0,0,0,0,1,1,1,1,1,-1,-1,1598,2,5,VAUXHALL INSIGNIA,1,E01008910,0,-1
2023231375794,2023,231375794,3,9,0,3,3,8,4,0,0,1,0,0,0,0,3,1,1,1,1,55,8,1956,2,10,VAUXHALL INSIGNIA,6,E01031084,0,-1
2023991320369,2023,991320369,1,9,0,18,19,8,4,9,9,8,0,0,1,10,1,1,6,6,1,40,7,1956,2,10,VAUXHALL INSIGNIA,-1,-1,0,-1
2023052301538,2023,052301538,2,9,0,18,19,7,3,0,0,8,0,0,0,0,3,1,2,2,2,44,7,1956,2,9,VAUXHALL INSIGNIA,3,E01006217,0,-1
2023010443487,2023,010443487,2,9,0,99,99,9,9,99,99,9,9,99,9,99,1,9,6,6,3,-1,-1,1598,2,6,VAUXHALL INSIGNIA,-1,-1,0,-1
2023201371432,2023,201371432,2,9,0,2,2,0,0,0,0,0,0,0,0,0,3,1,6,6,1,61,9,1956,2,9,VAUXHALL INSIGNIA,2,E01009991,0,-1
2023211302039,2023,211302039,2,9,0,18,19,1,5,0,0,0,0,0,0,0,2,1,6,6,1,61,9,1796,1,12,VAUXHALL INSIGNIA,4,E01029567,0,-1
2023141274074,2023,141274074,2,9,0,2,2,0,0,0,0,0,0,0,0,0,2,1,6,6,3,-1,-1,1956,2,6,VAUXHALL INSIGNIA,-1,-1,0,-1
2023351366838,2023,351366838,1,9,0,5,5,3,7,0,0,1,0,0,0,0,1,1,2,2,1,54,8,1598,2,5,VAUXHALL INSIGNIA,5,E01015651,0,-1
2023010425775,2023,010425775,1,9,0,99,99,9,9,99,99,0,9,99,9,99,1,9,6,6,1,30,6,1956,2,6,VAUXHALL INSIGNIA,8,E01002379,0,-1
2023101292944,2023,101292944,1,9,0,18,19,6,2,0,0,8,0,0,0,0,1,1,6,6,1,30,6,1796,1,12,VAUXHALL INSIGNIA,1,E01008484,0,-1
2023991280483,2023,991280483,2,8,0,3,3,3,1,0,0,1,0,0,0,0,2,1,1,1,1,36,7,1598,2,7,VAUXHALL INSIGNIA,3,-1,0,-1
2023622300813,2023,622300813,1,9,0,5,5,6,2,9,9,0,0,0,0,0,0,1,1,1,1,67,10,1598,2,8,VAUXHALL INSIGNIA,9,W01001072,0,-1
2023031311997,2023,031311997,1,9,0,5,5,1,5,0,0,8,0,7,0,0,1,1,1,1,1,56,9,1956,2,13,VAUXHALL INSIGNIA,4,E01008842,0,-1
2023552300252,2023,552300252,1,9,0,5,5,4,8,0,0,0,0,0,0,0,3,1,2,2,1,27,6,1796,1,14,VAUXHALL INSIGNIA,6,E01015440,0,-1
2023411366050,2023,411366050,2,9,0,2,2,0,0,0,0,0,0,0,0,0,2,1,6,6,1,43,7,1598,2,8,VAUXHALL INSIGNIA,8,E01002450,0,-1
2023351284868,2023,351284868,1,9,0,18,19,8,4,0,0,0,0,0,0,0,1,1,6,6,1,43,7,1598,2,6,VAUXHALL INSIGNIA,6,E01018053,0,-1
202360A050333,2023,60A050333,1,9,0,18,19,5,2,0,0,0,0,0,1,11,1,1,6,6,1,58,9,1956,2,13,VAUXHALL INSIGNIA,-1,-1,0,-1
2023010481648,2023,010481648,3,9,0,2,2,0,0,0,0,0,0,0,0,0,1,1,6,6,3,-1,-1,1956,2,6,VAUXHALL INSIGNIA,-1,-1,0,-1
2023522400385,2023,522400385,2,9,0,18,19,8,4,0,0,0,0,0,0,0,3,1,6,6,2,39,7,1956,2,6,VAUXHALL INSIGNIA,3,E01014674,0,-1
2023161325031,2023,161325031,2,9,0,18,19,1,5,0,0,8,0,0,0,0,3,1,5,6,1,55,8,1956,2,8,VAUXHALL INSIGNIA,6,E01013276,0,-1
2023302301737,2023,302301737,1,9,0,18,19,6,2,0,0,8,0,0,0,0,1,1,6,6,2,41,7,1956,2,9,VAUXHALL INSIGNIA,9,E01019683,0,-1
2023052300240,2023,052300240,1,9,0,18,19,7,3,0,0,0,0,0,0,0,1,1,2,2,1,34,6,1956,2,8,VAUXHALL INSIGNIA,8,E01006287,0,-1
2023161292255,2023,161292255,1,9,0,11,11,3,7,0,0,1,0,0,0,0,1,1,5,6,1,30,6,1956,2,11,VAUXHALL INSIGNIA,6,E01013334,0,-1
2023302301174,2023,302301174,1,9,0,18,19,2,6,0,0,4,0,9,3,2,1,1,6,6,1,20,4,1956,2,12,VAUXHALL INSIGNIA,7,E01029467,0,-1
2023991317962,2023,991317962,1,9,0,3,3,7,3,0,0,0,0,0,0,0,2,1,6,6,2,34,6,1598,2,8,VAUXHALL INSIGNIA,-1,-1,0,-1
2023461270800,2023,461270800,1,9,0,18,19,1,5,0,0,0,0,0,0,0,3,1,5,6,2,-1,-1,1956,2,13,VAUXHALL INSIGNIA,2,E01016018,0,-1
2023211404118,2023,211404118,1,9,0,18,19,7,3,0,0,1,0,0,0,0,1,1,6,6,1,41,7,1956,2,7,VAUXHALL INSIGNIA,1,E01010308,0,-1
2023131280678,2023,131280678,1,9,0,18,19,4,4,9,9,8,0,0,1,11,1,1,6,6,1,21,5,1490,1,4,VAUXHALL INSIGNIA,3,E01011040,0,-1
2023010464186,2023,010464186,1,9,0,11,11,3,7,0,0,8,0,0,0,0,2,1,6,6,1,-1,-1,1956,2,10,VAUXHALL INSIGNIA,-1,-1,0,-1
2023401316721,2023,401316721,2,9,0,3,3,2,6,0,0,1,0,0,0,0,2,1,6,6,1,33,6,1956,2,8,VAUXHALL INSIGNIA,-1,-1,0,-1
2023041337740,2023,041337740,1,9,0,9,9,1,5,0,0,8,0,0,0,0,1,1,6,6,2,22,5,1956,2,11,VAUXHALL INSIGNIA,4,E01025452,0,-1
2023421312335,2023,421312335,1,9,0,18,19,1,5,0,0,4,0,0,0,0,1,1,6,6,2,24,5,1796,1,12,VAUXHALL INSIGNIA,3,E01015956,0,-1
2023041332842,2023,041332842,2,9,0,9,9,5,1,0,0,5,0,0,0,0,1,1,5,6,1,46,8,1956,2,10,VAUXHALL INSIGNIA,1,E01025184,0,-1
2023201409429,2023,201409429,3,9,0,5,5,5,1,0,0,1,0,0,0,0,1,1,6,6,1,46,8,1956,2,7,VAUXHALL INSIGNIA,2,E01009890,0,-1
2023141376173,2023,141376173,1,9,0,9,9,6,2,0,0,1,0,0,1,0,1,1,1,1,1,37,7,1956,2,5,VAUXHALL INSIGNIA,6,E01008046,0,-1
2023131350193,2023,131350193,2,9,0,18,19,5,1,0,0,1,0,0,0,0,4,1,5,6,1,80,11,1956,2,14,VAUXHALL INSIGNIA,2,E01011041,0,-1
2023041306283,2023,041306283,1,9,0,18,19,5,1,0,0,0,0,0,0,0,3,1,6,6,1,66,10,1490,1,4,VAUXHALL INSIGNIA,8,E01025089,0,-1
2023141278988,2023,141278988,1,9,0,18,19,6,1,0,0,0,0,0,0,0,2,1,6,6,1,42,7,1956,2,8,VAUXHALL INSIGNIA,6,E01007554,0,-1
2023070675626,2023,070675626,2,9,0,18,19,6,2,0,0,0,0,0,0,0,1,1,2,2,1,39,7,1956,2,8,VAUXHALL INSIGNIA,8,E01012532,0,-1
2023361305044,2023,361305044,1,9,0,9,9,7,4,0,0,6,0,0,0,0,1,1,5,6,1,61,9,1490,1,4,VAUXHALL INSIGNIA,1,E01026869,0,-1
2023552301478,2023,552301478,1,9,0,9,9,6,4,0,0,6,0,0,0,0,1,1,3,7,2,40,7,1956,2,13,VAUXHALL INSIGNIA,1,E01015313,0,-1
2023520300100,2023,520300100,1,9,9,18,19,4,7,0,0,8,0,0,0,0,2,9,6,6,1,41,7,1956,2,11,VAUXHALL INSIGNIA,7,E01014756,0,-1
2023361316994,2023,361316994,2,9,0,4,4,7,3,0,0,0,0,0,0,0,2,1,5,6,1,23,5,1956,2,14,VAUXHALL INSIGNIA,1,E01026624,0,-1
2023161322992,2023,161322992,1,9,0,18,19,5,1,0,0,0,0,0,0,0,1,1,5,6,1,67,10,1956,2,7,VAUXHALL INSIGNIA,-1,-1,0,-1
2023052302225,2023,052302225,1,9,0,18,19,1,5,0,0,2,0,0,0,0,3,1,3,7,1,47,8,1598,2,6,VAUXHALL INSIGNIA,1,E01006767,0,-1
2023311359932,2023,311359932,1,9,0,5,5,1,3,0,0,1,1,10,3,0,1,1,6,6,3,-1,-1,1956,2,11,VAUXHALL INSIGNIA,-1,-1,0,-1
2023010476059,2023,010476059,1,9,0,99,99,9,9,99,99,9,9,99,9,99,9,9,2,2,1,48,8,1598,2,4,VAUXHALL INSIGNIA,8,E01001398,0,-1
2023430230280,2023,430230280,2,9,0,3,3,1,5,0,0,0,0,0,0,0,2,1,1,1,1,54,8,1956,2,8,VAUXHALL INSIGNIA,5,E01017900,0,-1
2023010484105,2023,010484105,1,9,0,18,19,3,7,0,0,0,0,0,0,0,4,1,2,2,1,26,6,1796,1,13,VAUXHALL INSIGNIA,2,E01003726,0,-1
2023471280454,2023,471280454,2,9,0,18,19,6,2,0,0,1,0,0,0,0,4,1,6,6,1,51,8,1956,2,8,VAUXHALL INSIGNIA,6,E01016953,0,-1
2023311326994,2023,311326994,2,9,0,9,9,5,3,0,0,1,0,0,0,0,1,1,5,6,2,49,8,1956,2,14,VAUXHALL INSIGNIA,1,E01013921,0,-1
2023421362953,2023,421362953,1,9,0,5,5,1,6,0,0,8,0,0,0,0,3,1,5,6,1,46,8,1956,2,11,VAUXHALL INSIGNIA,5,E01021922,0,-1
2023131376157,2023,131376157,4,9,0,18,19,1,5,0,0,1,0,0,0,0,3,1,6,6,2,37,7,1956,2,11,VAUXHALL INSIGNIA,7,E01011692,0,-1
2023610017623,2023,610017623,1,9,0,18,19,2,3,0,0,4,0,0,0,0,1,1,1,1,1,64,9,1598,2,6,VAUXHALL INSIGNIA,5,W01001346,0,-1
2023991292211,2023,991292211,1,8,0,18,19,7,3,0,0,8,0,0,0,0,1,1,1,1,1,52,8,1598,2,5,VAUXHALL INSIGNIA,5,-1,0,-1
2023401337182,2023,401337182,1,9,0,18,19,1,5,0,0,0,0,0,0,0,2,1,5,6,1,64,9,1956,2,9,VAUXHALL INSIGNIA,5,E01015748,0,-1
2023451302631,2023,451302631,1,9,0,9,9,4,6,0,0,6,0,7,7,1,1,1,5,6,2,46,8,1956,2,12,VAUXHALL INSIGNIA,5,E01030974,0,-1
2023610006823,2023,610006823,1,9,0,17,19,2,7,0,0,0,2,10,8,2,1,1,2,2,1,33,6,1956,2,8,VAUXHALL INSIGNIA,4,W01001528,0,-1
2023440109800,2023,440109800,1,9,0,1,1,5,1,0,0,8,0,0,0,0,2,1,6,6,1,37,7,1956,2,10,VAUXHALL INSIGNIA,5,E01022542,0,-1
2023010480540,2023,010480540,2,9,0,18,19,2,6,0,0,4,0,0,0,0,1,1,6,6,1,40,7,1364,1,7,VAUXHALL INSIGNIA,2,E01001113,0,-1
2023991359935,2023,991359935,2,9,0,18,19,3,7,0,0,1,0,0,0,0,4,1,5,6,1,51,8,1956,2,5,VAUXHALL INSIGNIA,1,-1,0,-1
2023332300167,2023,332300167,1,9,0,9,9,1,6,0,0,6,0,0,0,0,4,1,6,6,1,46,8,1956,2,9,VAUXHALL INSIGNIA,1,E01013600,0,-1
2023010420675,2023,010420675,1,9,0,18,19,7,3,0,0,1,0,0,0,0,1,1,6,6,1,33,6,1956,2,7,VAUXHALL INSIGNIA,1,E01033584,0,-1
2023361303703,2023,361303703,1,9,0,7,7,5,5,0,0,6,0,0,0,0,4,1,5,6,2,37,7,1956,2,12,VAUXHALL INSIGNIA,1,E01026467,0,-1
2023211313927,2023,211313927,1,9,0,18,19,1,5,0,0,1,0,0,1,0,4,1,6,6,1,58,9,1956,2,12,VAUXHALL INSIGNIA,7,E01014297,0,-1
2023061391240,2023,061391240,1,9,0,18,19,5,1,0,0,8,0,0,0,0,1,1,6,6,1,28,6,1598,2,7,VAUXHALL INSIGNIA,-1,-1,0,-1
2023361375734,2023,361375734,2,9,0,18,19,5,1,0,0,4,0,0,0,0,1,1,6,6,1,54,8,1956,2,12,VAUXHALL INSIGNIA,8,E01033538,0,-1
2023430415938,2023,430415938,5,9,0,4,4,5,1,0,0,0,0,0,0,0,2,1,6,6,1,29,6,1490,1,5,VAUXHALL INSIGNIA,5,E01024701,0,-1
2023361329445,2023,361329445,1,9,0,18,19,4,2,0,0,8,0,0,0,0,1,1,6,6,3,-1,-1,1956,2,8,VAUXHALL INSIGNIA,-1,-1,0,-1
2023052301183,2023,052301183,1,9,0,5,5,7,3,0,0,4,0,0,0,0,3,1,6,6,2,52,8,1490,1,5,VAUXHALL INSIGNIA,1,E01006705,0,-1
2023401289450,2023,401289450,1,9,0,4,4,3,1,0,0,0,0,0,0,0,2,1,6,6,2,44,7,1956,2,8,VAUXHALL INSIGNIA,5,E01017586,0,-1
2023010426623,2023,010426623,2,9,0,5,5,2,6,0,0,0,0,0,0,0,1,1,6,6,2,47,8,1956,2,8,VAUXHALL INSIGNIA,2,E01003304,0,-1
2023161292110,2023,161292110,2,9,0,17,19,8,4,0,0,0,1,0,1,9,1,1,5,6,1,21,5,1956,2,9,VAUXHALL INSIGNIA,8,E01013035,0,-1
2023461321251,2023,461321251,1,9,0,18,19,7,3,0,0,0,0,0,0,0,1,1,6,6,1,32,6,1956,2,9,VAUXHALL INSIGNIA,3,E01024656,0,-1
2023430137997,2023,430137997,4,9,0,16,19,2,5,0,0,0,0,0,0,0,1,1,6,6,1,32,6,1796,1,14,VAUXHALL INSIGNIA,9,E01032957,0,-1
2023311381538,2023,311381538,2,9,0,9,9,8,6,0,0,1,0,0,0,0,4,2,5,6,1,31,6,1956,2,12,VAUXHALL INSIGNIA,2,E01027987,0,-1
2023101360379,2023,101360379,1,8,0,18,19,3,7,0,0,8,0,0,0,0,1,1,1,1,1,29,6,1598,2,7,VAUXHALL INSIGNIA,1,E01008573,0,-1
2023351284421,2023,351284421,1,9,0,18,19,3,7,0,0,0,0,0,0,0,1,1,5,6,1,23,5,1956,2,14,VAUXHALL INSIGNIA,5,E01017974,0,-1
2023522301078,2023,522301078,1,9,0,9,9,8,6,0,0,5,0,0,0,0,4,1,6,6,1,53,8,1598,2,7,VAUXHALL INSIGNIA,5,E01014534,0,-1