collision_index,collision_year,collision_ref_no,vehicle_reference,vehicle_type,towing_and_articulation,vehicle_manoeuvre_historic,vehicle_manoeuvre,vehicle_direction_from,vehicle_direction_to,vehicle_location_restricted_lane_historic,vehicle_location_restricted_lane,junction_location,skidding_and_overturning,hit_object_in_carriageway,vehicle_leaving_carriageway,hit_object_off_carriageway,first_point_of_impact,vehicle_left_hand_drive,journey_purpose_of_driver_historic,journey_purpose_of_driver,sex_of_driver,age_of_driver,age_band_of_driver,engine_capacity_cc,propulsion_code,age_of_vehicle,generic_make_model,driver_imd_decile,lsoa_of_driver,escooter_flag,driver_distance_banding
2023320563513,2023,320563513,1,9,0,18,19,8,4,0,0,0,0,0,0,0,1,1,6,6,2,34,6,1956,2,10,VAUXHALL INSIGNIA,6,E01026159,0,-1
2023421264874,2023,421264874,1,9,0,4,4,5,1,0,0,0,1,0,7,0,1,1,3,7,2,32,6,1598,2,6,VAUXHALL INSIGNIA,2,E01021638,0,-1
2023061385057,2023,061385057,2,9,0,18,19,6,2,0,0,1,0,0,0,0,1,1,5,6,1,20,4,1956,2,8,VAUXHALL INSIGNIA,9,E01004837,0,-1
2023141379992,2023,141379992,3,9,0,3,3,7,5,0,0,8,0,0,0,0,1,1,5,6,1,37,7,1796,1,12,VAUXHALL INSIGNIA,2,E01007872,0,-1
2023332300432,2023,332300432,2,9,0,18,19,2,6,0,0,8,0,0,0,0,1,1,6,6,1,42,7,1598,2,7,VAUXHALL INSIGNIA,10,E01009563,0,-1
2023070951794,2023,070951794,3,9,0,2,2,7,3,0,0,0,0,0,0,0,1,1,6,6,3,-1,-1,1956,2,11,VAUXHALL INSIGNIA,-1,-1,0,-1
2023041335467,2023,041335467,4,9,0,18,19,5,3,0,0,0,0,0,0,0,1,1,5,6,1,78,11,1362,1,10,VAUXHALL INSIGNIA,7,E01019387,0,-1
2023320371852,2023,320371852,3,9,0,4,4,4,8,0,0,1,0,0,0,0,2,1,2,2,1,41,7,1598,2,7,VAUXHALL INSIGNIA,4,E01010704,0,-1
2023041272505,2023,041272505,1,9,0,18,19,5,1,0,0,0,0,7,7,0,1,1,2,2,2,33,6,1598,2,6,VAUXHALL INSIGNIA,3,E01025578,0,-1
2023531416067,2023,531416067,2,9,0,7,7,5,7,0,0,8,0,0,0,0,0,1,6,6,3,-1,-1,1956,2,12,VAUXHALL INSIGNIA,-1,-1,0,-1
2023161362845,2023,161362845,1,9,0,18,19,3,7,0,0,8,0,0,0,0,1,1,6,6,2,35,6,1956,2,8,VAUXHALL INSIGNIA,-1,-1,0,-1
2023122300578,2023,122300578,2,9,0,2,2,0,0,0,0,0,0,0,0,0,1,1,6,6,3,-1,-1,1796,1,10,VAUXHALL INSIGNIA,-1,-1,0,-1
2023340WN0032,2023,340WN0032,1,9,0,16,19,2,8,0,0,8,0,0,4,1,3,1,2,2,1,63,9,1598,2,7,VAUXHALL INSIGNIA,3,E01027154,0,-1
2023070453733,2023,070453733,1,9,0,18,19,4,8,0,0,5,2,9,1,7,1,1,6,6,1,45,7,1796,1,13,VAUXHALL INSIGNIA,3,E01007180,0,-1
2023201299400,2023,201299400,1,9,0,3,3,6,2,0,0,1,0,0,0,0,2,1,6,6,2,47,8,1956,2,12,VAUXHALL INSIGNIA,1,E01010524,0,-1
2023991275064,2023,991275064,1,9,0,16,19,7,3,0,0,0,5,0,7,11,1,2,5,6,2,44,7,1956,2,11,VAUXHALL INSIGNIA,8,-1,0,-1
2023010440580,2023,010440580,2,9,0,18,19,7,3,0,0,1,0,0,0,0,1,1,6,6,1,41,7,1598,2,7,VAUXHALL INSIGNIA,4,E01024162,0,-1
2023520400227,2023,520400227,1,9,0,9,9,2,1,0,0,8,5,0,7,11,1,1,6,6,1,34,6,1956,2,9,VAUXHALL INSIGNIA,6,E01029156,0,-1
2023302301613,2023,302301613,1,9,0,5,5,2,6,0,0,0,1,0,0,0,1,1,6,6,1,51,8,1956,2,8,VAUXHALL INSIGNIA,5,E01031102,0,-1
2023141277708,2023,141277708,2,9,0,17,19,1,5,0,0,0,1,0,0,0,1,1,1,1,1,51,8,1956,2,13,VAUXHALL INSIGNIA,9,E01007612,0,-1
2023440436720,2023,440436720,1,9,0,4,4,3,7,0,0,0,0,0,0,0,2,1,2,2,2,42,7,1956,2,12,VAUXHALL INSIGNIA,5,E01017368,0,-1
2023131362896,2023,131362896,1,9,0,18,19,1,5,0,0,0,0,0,0,0,1,1,5,6,2,57,9,1956,2,14,VAUXHALL INSIGNIA,2,E01011915,0,-1
2023991350533,2023,991350533,1,9,0,18,19,3,7,0,0,1,0,0,0,0,1,1,2,2,1,36,7,1956,2,12,VAUXHALL INSIGNIA,8,-1,0,-1
2023041372580,2023,041372580,3,9,0,4,4,4,8,0,0,8,0,0,0,0,3,1,6,6,1,34,6,1598,2,8,VAUXHALL INSIGNIA,1,E01025042,0,-1
2023010474793,2023,010474793,1,9,0,4,4,7,3,4,4,0,0,0,0,0,4,1,6,6,1,28,6,1364,1,6,VAUXHALL INSIGNIA,3,E01001338,0,-1
2023131294064,2023,131294064,2,9,0,2,2,0,0,9,9,0,0,0,0,0,1,1,2,2,1,31,6,1956,2,10,VAUXHALL INSIGNIA,2,E01011760,0,-1
2023122300960,2023,122300960,4,9,0,4,4,3,7,0,0,0,1,0,0,0,1,1,6,6,1,31,6,1956,2,13,VAUXHALL INSIGNIA,8,E01019517,0,-1
202360A180711,2023,60A180711,1,9,0,13,13,1,5,0,0,0,0,0,0,0,3,1,6,6,1,81,11,1956,2,7,VAUXHALL INSIGNIA,-1,-1,0,-1
2023161274500,2023,161274500,2,9,0,4,4,4,8,0,0,0,0,0,0,0,2,1,6,6,1,74,10,1364,1,12,VAUXHALL INSIGNIA,3,E01012986,0,-1
2023201393125,2023,201393125,1,9,0,13,13,1,5,0,0,1,0,0,0,0,1,1,6,6,1,40,7,1956,2,12,VAUXHALL INSIGNIA,-1,-1,0,-1
2023201413842,2023,201413842,2,9,0,2,2,0,0,0,0,2,0,0,0,0,0,1,6,6,1,-1,-1,1956,2,11,VAUXHALL INSIGNIA,-1,-1,0,-1
2023440473584,2023,440473584,4,9,0,4,4,1,5,0,0,0,0,0,0,0,2,1,6,6,1,53,8,1598,2,8,VAUXHALL INSIGNIA,2,E01017106,0,-1
2023991355780,2023,991355780,2,9,0,17,19,2,6,0,0,0,0,0,0,0,1,1,6,6,1,37,7,2792,1,11,VAUXHALL INSIGNIA,3,-1,0,-1
2023991391556,2023,991391556,1,9,0,1,1,2,3,0,0,0,0,0,0,0,2,1,6,6,1,51,8,1956,2,7,VAUXHALL INSIGNIA,1,-1,0,-1
2023041371868,2023,041371868,1,9,0,5,5,8,1,0,0,1,0,0,0,0,3,1,5,6,1,34,6,1956,2,5,VAUXHALL INSIGNIA,6,E01025500,0,-1
2023991388774,2023,991388774,2,9,0,18,19,7,3,0,0,8,0,0,0,0,4,1,2,2,1,48,8,1796,1,13,VAUXHALL INSIGNIA,5,-1,0,-1
2023302300017,2023,302300017,1,9,0,9,9,4,2,0,0,8,0,0,0,0,1,1,6,6,2,24,5,1956,2,10,VAUXHALL INSIGNIA,6,E01033536,0,-1
2023141274000,2023,141274000,1,9,0,18,19,5,7,0,0,8,0,0,3,0,1,1,2,2,2,42,7,1956,2,8,VAUXHALL INSIGNIA,1,E01007643,0,-1
2023332300094,2023,332300094,1,9,0,4,4,4,8,0,0,0,0,0,0,0,2,1,6,6,1,36,7,1956,2,11,VAUXHALL INSIGNIA,3,E01013779,0,-1
2023010440445,2023,010440445,1,9,0,9,9,3,8,0,0,8,0,0,0,0,1,1,6,6,1,35,6,1956,2,11,VAUXHALL INSIGNIA,4,E01016013,0,-1
2023010463450,2023,010463450,3,9,0,2,2,0,0,0,0,0,0,0,0,0,1,1,6,6,3,-1,-1,1956,2,8,VAUXHALL INSIGNIA,-1,-1,0,-1
2023302301102,2023,302301102,2,9,0,18,19,8,4,0,0,1,0,0,0,0,1,1,6,6,1,26,6,1956,2,14,VAUXHALL INSIGNIA,6,E01013528,0,-1
2023131328196,2023,131328196,3,9,0,18,19,5,1,0,0,0,0,0,0,0,2,1,2,2,1,70,10,1956,2,9,VAUXHALL INSIGNIA,5,E01005961,0,-1
2023501283271,2023,501283271,4,9,0,16,19,5,1,0,0,0,1,1,0,0,1,1,2,2,2,36,7,1796,1,13,VAUXHALL INSIGNIA,10,E01020210,0,-1
2023371375517,2023,371375517,1,9,0,18,19,1,5,0,0,3,5,10,3,1,1,1,6,6,1,34,6,1956,2,11,VAUXHALL INSIGNIA,2,E01030031,0,-1
2023522300905,2023,522300905,1,9,0,9,9,3,1,0,0,5,0,0,0,0,1,1,6,6,1,58,9,1956,2,8,VAUXHALL INSIGNIA,3,W01001331,0,-1
2023451320443,2023,451320443,1,9,0,3,3,5,1,0,0,0,0,0,0,0,2,1,6,6,1,45,7,1956,2,13,VAUXHALL INSIGNIA,10,E01022974,0,-1
2023010459618,2023,010459618,1,9,0,18,19,7,3,0,0,8,0,0,0,0,1,1,6,6,1,31,6,1796,1,13,VAUXHALL INSIGNIA,-1,-1,0,-1
2023010461611,2023,010461611,2,9,0,10,10,1,7,0,0,5,0,0,0,0,3,1,6,6,1,27,6,1796,1,13,VAUXHALL INSIGNIA,1,E01001507,0,-1
2023440089596,2023,440089596,1,9,0,18,19,5,1,0,0,0,0,0,0,0,1,1,6,6,1,74,10,1956,2,12,VAUXHALL INSIGNIA,5,E01017067,0,-1
2023201371020,2023,201371020,1,9,0,16,19,3,6,0,0,1,0,0,0,0,1,1,2,2,1,29,6,1956,2,7,VAUXHALL INSIGNIA,5,E01009253,0,-1
2023549803623,2023,549803623,1,9,0,18,19,2,6,0,0,0,0,0,0,0,1,1,6,6,1,78,11,1490,1,5,VAUXHALL INSIGNIA,10,E01031927,0,-1
2023010434729,2023,010434729,1,9,0,16,19,7,3,0,0,0,0,0,0,0,1,1,2,2,1,32,6,1796,1,12,VAUXHALL INSIGNIA,3,E01003104,0,-1
2023141367989,2023,141367989,2,9,0,18,19,7,3,0,0,0,0,0,0,0,1,1,5,6,1,33,6,1956,2,13,VAUXHALL INSIGNIA,1,E01007760,0,-1
2023010456150,2023,010456150,1,9,0,4,4,7,3,0,0,0,0,0,0,0,2,1,6,6,1,26,6,1598,2,8,VAUXHALL INSIGNIA,3,E01000024,0,-1
2023430023474,2023,430023474,1,8,0,18,19,7,3,0,0,4,0,0,0,0,1,1,1,1,1,58,9,1956,2,7,VAUXHALL INSIGNIA,5,E01028636,0,-1
2023451369118,2023,451369118,1,9,0,18,19,5,1,0,0,0,0,0,0,0,1,1,6,6,1,22,5,1364,1,7,VAUXHALL INSIGNIA,10,E01014911,0,-1
2023041263987,2023,041263987,2,9,0,15,15,5,1,0,0,0,0,0,0,0,4,1,5,6,1,73,10,1598,2,7,VAUXHALL INSIGNIA,8,E01025162,0,-1
2023010436276,2023,010436276,2,9,0,2,2,0,0,0,0,2,1,0,1,11,2,1,6,6,3,-1,-1,1956,2,10,VAUXHALL INSIGNIA,-1,-1,0,-1
2023170L31313,2023,170L31313,1,9,0,9,9,5,3,0,0,8,0,0,0,0,1,1,6,6,1,36,7,1796,1,12,VAUXHALL INSIGNIA,1,E01012143,0,-1
2023010442982,2023,010442982,1,9,0,18,19,4,8,0,0,8,0,0,0,0,3,1,6,6,2,43,7,1796,1,12,VAUXHALL INSIGNIA,4,E01004388,0,-1
2023052300770,2023,052300770,1,9,0,5,5,5,1,0,0,0,0,0,0,0,1,1,6,6,1,41,7,1956,2,9,VAUXHALL INSIGNIA,2,E01007294,0,-1
2023010426346,2023,010426346,2,9,0,99,99,9,9,99,99,9,9,99,9,99,9,9,6,6,3,-1,-1,1796,1,10,VAUXHALL INSIGNIA,-1,-1,0,-1
2023622300430,2023,622300430,1,9,0,13,13,8,4,0,0,0,0,7,6,1,1,1,6,6,1,67,10,1956,2,12,VAUXHALL INSIGNIA,9,W01000786,0,-1
2023451332412,2023,451332412,1,9,0,16,19,3,7,0,0,0,1,0,1,0,1,1,5,6,2,44,7,1956,2,12,VAUXHALL INSIGNIA,4,E01020321,0,-1
2023991350690,2023,991350690,2,9,0,10,10,3,1,0,0,1,0,0,0,0,2,1,5,6,1,65,9,1956,2,9,VAUXHALL INSIGNIA,-1,-1,0,-1
2023010428869,2023,010428869,3,9,0,2,2,0,0,0,0,2,0,0,0,0,1,2,6,6,3,-1,-1,1796,1,14,VAUXHALL INSIGNIA,-1,-1,0,-1
2023371358984,2023,371358984,2,9,0,2,2,5,1,0,0,2,0,0,0,0,1,1,6,6,3,-1,-1,1956,2,10,VAUXHALL INSIGNIA,-1,-1,0,-1
2023010443472,2023,010443472,2,9,0,18,19,3,7,0,0,8,0,0,0,0,1,1,6,6,1,48,8,1956,2,11,VAUXHALL INSIGNIA,7,E01002436,0,-1
2023371275208,2023,371275208,4,9,0,2,2,6,2,6,6,0,0,0,0,0,0,1,6,6,1,60,9,1956,2,9,VAUXHALL INSIGNIA,9,E01018278,0,-1
2023041392643,2023,041392643,1,9,0,18,19,8,4,0,0,0,0,0,0,0,1,1,5,6,2,17,4,1496,2,1,VAUXHALL INSIGNIA,7,E01025561,0,-1
2023430212187,2023,430212187,1,9,0,9,9,1,6,0,0,5,0,0,0,0,1,1,6,6,1,19,4,1956,2,8,VAUXHALL INSIGNIA,4,E01017661,0,-1
2023991297076,2023,991297076,1,9,0,16,19,7,3,0,0,0,0,0,0,0,1,1,5,6,2,43,7,1796,1,14,VAUXHALL INSIGNIA,1,-1,0,-1
2023052300583,2023,052300583,1,9,0,18,19,1,5,0,0,0,0,0,0,0,1,1,6,6,3,-1,-1,1796,1,8,VAUXHALL INSIGNIA,-1,-1,0,-1
2023461372496,2023,461372496,1,9,0,5,5,5,1,0,0,1,0,0,0,0,3,1,6,6,1,22,5,1796,1,13,VAUXHALL INSIGNIA,3,E01016114,0,-1
2023991324835,2023,991324835,1,9,0,18,19,3,7,0,0,0,0,0,0,0,3,1,1,1,2,67,10,1490,1,3,VAUXHALL INSIGNIA,4,-1,0,-1
2023340WN1172,2023,340WN1172,1,9,0,9,9,5,3,0,0,5,0,0,0,0,4,1,2,2,2,41,7,1598,2,7,VAUXHALL INSIGNIA,5,E01027136,0,-1
2023351309162,2023,351309162,7,9,0,18,19,3,7,0,0,0,0,0,0,0,1,1,6,6,1,45,7,1956,2,9,VAUXHALL INSIGNIA,6,E01032933,0,-1
2023131271613,2023,131271613,2,9,0,2,2,0,0,0,0,1,0,4,1,10,3,1,6,6,3,-1,-1,1956,2,12,VAUXHALL INSIGNIA,-1,-1,0,-1
2023201379821,2023,201379821,2,9,0,2,2,0,0,0,0,0,0,0,0,0,4,1,1,1,2,-1,-1,1598,2,4,VAUXHALL INSIGNIA,-1,-1,0,-1
2023221338885,2023,221338885,1,9,0,18,19,2,6,0,0,3,0,10,2,0,4,1,6,6,1,33,6,1796,1,12,VAUXHALL INSIGNIA,1,E01009125,0,-1
2023302301995,2023,302301995,1,9,0,18,19,2,5,0,0,8,0,0,7,9,4,1,6,6,1,34,6,1956,2,14,VAUXHALL INSIGNIA,1,E01019566,0,-1
2023501348163,2023,501348163,6,9,0,18,19,7,3,0,0,0,1,0,0,0,2,1,6,6,1,48,8,1598,2,8,VAUXHALL INSIGNIA,8,E01003765,0,-1
2023201453098,2023,201453098,2,9,0,5,5,3,4,0,0,6,0,0,0,0,1,1,1,1,1,48,8,1598,2,7,VAUXHALL INSIGNIA,3,E01008921,0,-1
2023131359888,2023,131359888,1,9,0,18,19,5,1,0,0,0,0,0,0,0,1,1,5,6,1,30,6,1956,2,10,VAUXHALL INSIGNIA,5,E01011275,0,-1
2023522400394,2023,522400394,1,9,0,1,1,6,7,0,0,2,0,0,0,0,2,1,6,6,1,60,9,1956,2,10,VAUXHALL INSIGNIA,4,E01014843,0,-1
2023061297101,2023,061297101,1,9,0,18,19,2,6,0,0,1,0,0,0,0,1,1,5,6,2,61,9,1796,1,8,VAUXHALL INSIGNIA,-1,-1,0,-1
2023991283648,2023,991283648,1,9,0,9,9,2,4,0,0,1,0,0,0,0,2,1,2,2,1,53,8,1956,2,11,VAUXHALL INSIGNIA,10,-1,0,-1
2023610039423,2023,610039423,1,8,0,18,19,1,5,0,0,1,0,0,0,0,1,1,1,1,1,49,8,1956,2,4,VAUXHALL INSIGNIA,3,W01001335,0,-1
2023231365958,2023,231365958,3,9,0,18,19,8,4,0,0,0,0,0,0,0,0,1,1,1,1,48,8,1956,2,14,VAUXHALL INSIGNIA,4,E01032132,0,-1
2023302301738,2023,302301738,2,9,0,18,19,4,8,0,0,0,0,0,0,0,4,1,6,6,1,28,6,1956,2,6,VAUXHALL INSIGNIA,3,E01013517,0,-1
2023461394600,2023,461394600,1,9,0,18,19,4,8,0,0,1,0,0,0,0,1,1,2,2,1,54,8,1956,2,9,VAUXHALL INSIGNIA,3,E01024696,0,-1
2023041296226,2023,041296226,1,9,0,9,9,3,1,0,0,0,0,0,0,0,3,1,6,6,3,-1,-1,1956,2,8,VAUXHALL INSIGNIA,2,E01025445,0,-1
2023471382292,2023,471382292,1,9,0,18,19,3,7,0,0,4,0,0,0,0,1,1,2,2,1,53,8,1956,2,5,VAUXHALL INSIGNIA,8,E01031624,0,-1
2023461282717,2023,461282717,1,9,0,1,1,5,1,0,0,1,0,0,0,0,2,1,6,6,3,-1,-1,1490,1,4,VAUXHALL INSIGNIA,-1,-1,0,-1
2023401342133,2023,401342133,2,9,0,4,4,-1,-1,0,0,1,0,0,0,0,3,1,5,6,1,35,6,1956,2,12,VAUXHALL INSIGNIA,2,E01015704,0,-1
2023201419034,2023,201419034,2,9,0,3,3,2,6,0,0,4,0,0,0,0,2,1,6,6,1,44,7,1956,2,8,VAUXHALL INSIGNIA,3,E01009315,0,-1
2023041318734,2023,041318734,1,9,0,5,5,1,5,0,0,1,1,4,0,0,1,1,1,1,1,54,8,1956,2,12,VAUXHALL INSIGNIA,1,E01005609,0,-1
2023131327477,2023,131327477,1,9,0,18,19,2,1,0,0,0,0,0,0,0,3,1,6,6,3,-1,-1,1956,2,10,VAUXHALL INSIGNIA,-1,-1,0,-1
2023010433601,2023,010433601,1,9,0,9,9,4,1,0,0,2,0,0,0,0,1,1,6,6,1,22,5,1956,2,11,VAUXHALL INSIGNIA,-1,-1,0,-1
2023531284214,2023,531284214,1,9,0,9,9,7,3,0,0,8,0,0,0,0,3,1,5,6,1,44,7,1598,2,4,VAUXHALL INSIGNIA,-1,-1,0,-1
2023010469690,2023,010469690,1,9,0,9,9,3,1,0,0,5,0,0,0,0,1,1,6,6,1,51,8,1956,2,14,VAUXHALL INSIGNIA,4,E01002648,0,-1
2023302301749,2023,302301749,2,9,0,16,19,8,3,0,0,2,1,0,1,9,1,1,6,6,1,59,9,1956,2,8,VAUXHALL INSIGNIA,8,E01019630,0,-1
2023430039161,2023,430039161,3,9,0,18,19,6,2,0,0,1,0,0,0,0,1,1,6,6,1,63,9,1956,2,8,VAUXHALL INSIGNIA,8,E01028483,0,-1
2023061377623,2023,061377623,1,9,0,14,14,7,3,0,0,0,0,0,0,0,4,1,5,6,1,28,6,1796,1,13,VAUXHALL INSIGNIA,-1,-1,0,-1
2023411394987,2023,411394987,1,9,0,9,9,7,5,0,0,8,0,0,0,0,4,1,6,6,3,-1,-1,1796,1,13,VAUXHALL INSIGNIA,-1,-1,0,-1
2023141338331,2023,141338331,3,9,0,2,2,0,0,0,0,1,0,0,0,0,2,1,6,6,3,-1,-1,1956,2,8,VAUXHALL INSIGNIA,-1,-1,0,-1
2023221309200,2023,221309200,1,8,0,18,19,5,1,0,0,0,0,0,0,0,3,1,6,6,1,54,8,1598,2,6,VAUXHALL INSIGNIA,1,E01014118,0,-1
2023991380505,2023,991380505,2,9,0,18,19,2,6,0,0,8,0,0,7,11,1,1,6,6,1,35,6,1598,2,7,VAUXHALL INSIGNIA,-1,-1,0,-1
2023440097474,2023,440097474,2,9,0,3,3,4,8,0,0,1,0,0,0,0,2,1,6,6,2,30,6,1956,2,14,VAUXHALL INSIGNIA,8,E01022652,0,-1
2023461316758,2023,461316758,2,9,0,4,4,1,5,0,0,0,0,0,0,0,1,1,2,2,1,31,6,1956,2,11,VAUXHALL INSIGNIA,2,E01024248,0,-1
2023549703723,2023,549703723,2,9,0,18,19,4,8,0,0,1,0,0,0,0,4,1,6,6,1,47,8,1956,2,13,VAUXHALL INSIGNIA,2,E01015542,0,-1
2023411377530,2023,411377530,2,9,0,18,19,7,3,0,0,8,1,7,0,0,3,1,3,7,1,58,9,1598,2,7,VAUXHALL INSIGNIA,7,E01023897,0,-1
2023401316294,2023,401316294,1,9,0,18,19,-1,-1,0,0,8,0,0,0,0,1,1,6,6,1,31,6,1956,2,10,VAUXHALL INSIGNIA,6,E01002006,0,-1
2023221393825,2023,221393825,2,9,0,18,19,1,6,0,0,8,0,0,0,0,1,1,6,6,1,29,6,1956,2,12,VAUXHALL INSIGNIA,4,E01014044,0,-1
202363A015023,2023,63A015023,2,9,0,5,5,1,5,0,0,0,0,0,0,0,2,1,6,6,1,34,6,1598,2,8,VAUXHALL INSIGNIA,2,W01001141,0,-1
2023501363796,2023,501363796,2,9,0,9,9,4,3,0,0,1,1,0,0,0,1,1,6,6,1,27,6,1956,2,14,VAUXHALL INSIGNIA,8,E01020003,0,-1
2023991297395,2023,991297395,1,8,0,16,19,4,8,0,0,0,0,0,1,11,4,1,5,6,1,32,6,1956,2,8,VAUXHALL INSIGNIA,2,-1,0,-1
2023991353125,2023,991353125,2,9,0,18,19,8,4,0,0,0,1,0,0,0,1,1,6,6,1,54,8,1956,2,11,VAUXHALL INSIGNIA,7,-1,0,-1
2023371356327,2023,371356327,2,9,0,5,5,1,5,0,0,1,0,0,0,0,2,1,1,1,1,39,7,1364,1,6,VAUXHALL INSIGNIA,4,E01030161,0,-1
2023461297971,2023,461297971,4,9,0,4,4,3,7,0,0,1,0,0,0,0,1,1,2,2,1,36,7,1956,2,11,VAUXHALL INSIGNIA,4,E01024373,0,-1
2023141272350,2023,141272350,1,9,0,3,3,1,5,0,0,3,0,0,0,0,2,1,6,6,1,31,6,1598,2,7,VAUXHALL INSIGNIA,3,E01008004,0,-1
2023552400005,2023,552400005,2,9,0,18,19,3,7,0,0,8,0,0,0,0,4,1,3,7,1,59,9,1956,2,14,VAUXHALL INSIGNIA,5,E01015377,0,-1
2023552400013,2023,552400013,1,9,0,13,13,4,1,0,0,0,0,0,0,0,1,1,6,6,1,34,6,1956,2,13,VAUXHALL INSIGNIA,2,E01015367,0,-1
2023221341399,2023,221341399,2,9,0,18,19,6,2,0,0,8,0,0,0,0,1,1,6,6,2,46,8,1598,2,4,VAUXHALL INSIGNIA,8,E01028887,0,-1
2023201291577,2023,201291577,1,9,0,18,19,5,1,0,0,8,0,0,0,0,1,1,1,1,1,26,6,1598,2,7,VAUXHALL INSIGNIA,2,E01009233,0,-1
2023471368565,2023,471368565,1,9,0,9,9,7,5,0,0,1,0,0,0,0,1,1,5,6,1,42,7,1956,2,9,VAUXHALL INSIGNIA,6,E01031342,0,-1
2023340WN5062,2023,340WN5062,1,9,0,16,19,5,8,0,0,0,0,0,0,0,1,1,6,6,1,33,6,1598,2,7,VAUXHALL INSIGNIA,7,E01027221,0,-1
2023543786923,2023,543786923,1,9,0,11,11,7,3,0,0,0,0,0,0,0,4,1,6,6,2,26,6,1956,2,8,VAUXHALL INSIGNIA,8,E01032121,0,-1
2023131284146,2023,131284146,2,9,0,4,4,4,8,0,0,1,0,0,0,0,2,1,6,6,1,36,7,1364,1,9,VAUXHALL INSIGNIA,7,E01011775,0,-1
2023010461418,2023,010461418,2,9,0,5,5,7,3,0,0,4,0,0,0,0,1,1,6,6,1,28,6,1956,2,9,VAUXHALL INSIGNIA,2,E01001128,0,-1
2023361274731,2023,361274731,2,9,0,18,19,8,4,0,0,8,0,0,0,0,1,1,6,6,2,43,7,1796,1,14,VAUXHALL INSIGNIA,1,E01026848,0,-1
2023351361100,2023,351361100,1,9,0,18,19,-1,-1,0,0,0,0,0,0,0,1,1,6,6,3,-1,-1,1956,2,12,VAUXHALL INSIGNIA,-1,-1,0,-1
2023131379676,2023,131379676,3,9,0,18,19,1,5,0,0,0,0,0,0,0,3,1,5,6,1,39,7,1598,2,8,VAUXHALL INSIGNIA,3,E01011783,0,-1
2023010445910,2023,010445910,1,9,0,18,19,5,1,0,0,6,0,0,0,0,4,1,6,6,2,24,5,1490,1,6,VAUXHALL INSIGNIA,5,E01003195,0,-1
202363D010223,2023,63D010223,1,9,0,12,12,5,1,0,0,0,0,0,0,0,1,1,6,6,1,78,11,1364,1,8,VAUXHALL INSIGNIA,8,E01032680,0,-1
2023302300469,2023,302300469,2,9,0,16,19,1,3,0,0,1,0,0,7,1,1,1,6,6,1,33,6,1956,2,12,VAUXHALL INSIGNIA,4,E01008451,0,-1
2023622300855,2023,622300855,1,9,0,9,9,7,4,0,0,5,0,0,0,0,3,1,6,6,1,47,8,1998,1,11,VAUXHALL INSIGNIA,2,W01001192,0,-1
2023451370972,2023,451370972,1,9,0,18,19,1,5,0,0,0,0,0,0,0,3,1,5,6,1,36,7,1956,2,6,VAUXHALL INSIGNIA,6,E01030896,0,-1
2023351339411,2023,351339411,1,9,0,17,19,5,1,0,0,1,1,0,0,0,1,1,2,2,1,50,8,1956,2,12,VAUXHALL INSIGNIA,5,E01018080,0,-1
2023520401025,2023,520401025,2,9,0,5,5,8,2,0,0,6,0,0,0,0,1,1,6,6,1,35,6,1956,2,8,VAUXHALL INSIGNIA,6,E01029240,0,-1
2023320713228,2023,320713228,2,9,0,18,19,5,1,0,0,0,0,0,0,0,1,1,6,6,1,60,9,1956,2,12,VAUXHALL INSIGNIA,4,E01026207,0,-1
2023440177646,2023,440177646,1,9,0,18,19,4,8,0,0,1,0,0,0,0,4,1,2,2,1,39,7,1956,2,9,VAUXHALL INSIGNIA,9,E01031880,0,-1
2023041263744,2023,041263744,1,9,0,18,19,3,7,0,0,1,0,0,0,0,1,1,6,6,1,31,6,1956,2,8,VAUXHALL INSIGNIA,2,E01025234,0,-1
2023991292843,2023,991292843,1,9,0,18,19,7,3,0,0,0,2,0,8,4,1,1,6,6,1,39,7,1956,2,13,VAUXHALL INSIGNIA,-1,-1,0,-1
2023361358505,2023,361358505,2,9,0,18,19,4,7,0,0,2,0,0,0,0,2,1,5,6,1,26,6,1598,2,6,VAUXHALL INSIGNIA,7,E01018043,0,-1
2023101328408,2023,101328408,2,9,0,17,19,7,3,0,0,0,0,0,0,0,3,1,5,6,2,61,9,1956,2,7,VAUXHALL INSIGNIA,4,E01027381,0,-1
2023471349272,2023,471349272,3,9,0,18,19,2,6,0,0,2,0,0,0,0,3,1,6,6,1,57,9,1956,2,8,VAUXHALL INSIGNIA,5,E01021195,0,-1
2023010436948,2023,010436948,2,9,0,99,99,9,9,99,99,0,9,99,9,99,9,9,6,6,3,-1,-1,1598,2,6,VAUXHALL INSIGNIA,-1,-1,0,-1
2023161341037,2023,161341037,1,9,0,18,19,3,7,0,0,3,0,1,3,1,1,1,6,6,1,35,6,1598,2,7,VAUXHALL INSIGNIA,1,E01013279,0,-1
2023201295715,2023,201295715,2,9,0,2,2,0,0,0,0,0,0,0,0,0,3,1,6,6,3,-1,-1,1496,2,1,VAUXHALL INSIGNIA,-1,-1,0,-1
2023332300946,2023,332300946,1,9,0,9,9,1,8,0,0,6,0,0,0,0,1,1,1,1,1,45,7,1598,2,5,VAUXHALL INSIGNIA,8,E01025948,0,-1
2023501298917,2023,501298917,1,8,0,18,19,5,1,0,0,1,0,0,0,0,0,1,1,1,1,62,9,1956,2,8,VAUXHALL INSIGNIA,2,E01015026,0,-1
2023311275296,2023,311275296,1,9,0,18,19,4,8,0,0,1,0,0,0,0,1,1,6,6,1,32,6,1956,2,11,VAUXHALL INSIGNIA,-1,-1,0,-1
2023010423704,2023,010423704,1,9,0,5,5,1,5,0,0,1,0,0,0,0,4,1,2,2,1,61,9,1490,1,5,VAUXHALL INSIGNIA,-1,-1,0,-1