collision_index,collision_year,collision_ref_no,vehicle_reference,vehicle_type,towing_and_articulation,vehicle_manoeuvre_historic,vehicle_manoeuvre,vehicle_direction_from,vehicle_direction_to,vehicle_location_restricted_lane_historic,vehicle_location_restricted_lane,junction_location,skidding_and_overturning,hit_object_in_carriageway,vehicle_leaving_carriageway,hit_object_off_carriageway,first_point_of_impact,vehicle_left_hand_drive,journey_purpose_of_driver_historic,journey_purpose_of_driver,sex_of_driver,age_of_driver,age_band_of_driver,engine_capacity_cc,propulsion_code,age_of_vehicle,generic_make_model,driver_imd_decile,lsoa_of_driver,escooter_flag,driver_distance_banding
2023141342475,2023,141342475,1,9,0,18,19,1,5,0,0,0,0,0,0,0,4,1,6,6,2,66,10,1242,1,12,FORD KA,2,E01007417,0,-1
2023061341166,2023,061341166,2,9,0,18,19,2,6,0,0,0,0,0,1,0,1,1,5,6,2,22,5,1242,1,9,FORD KA,2,E01005708,0,-1
2023440218684,2023,440218684,1,9,0,8,8,1,3,0,0,1,0,0,0,0,3,1,6,6,2,36,7,1242,1,13,FORD KA,2,E01023108,0,-1
2023461361343,2023,461361343,2,9,0,18,19,-1,-1,0,0,0,0,0,0,0,2,1,5,6,2,21,5,1242,1,13,FORD KA,2,E01016041,0,-1
2023061273408,2023,061273408,2,9,0,9,9,3,1,0,0,1,0,0,0,0,2,1,6,6,2,47,8,1242,1,7,FORD KA,3,E01006020,0,-1
2023332300039,2023,332300039,1,9,0,18,19,6,2,0,0,0,0,0,1,0,1,1,6,6,2,22,5,1242,1,8,FORD KA,5,E01031050,0,-1
2023461272373,2023,461272373,1,9,0,9,9,5,3,0,0,0,0,0,0,0,3,1,6,6,2,18,4,1248,2,14,FORD KA,9,E01016090,0,-1
2023471391087,2023,471391087,1,9,0,7,7,7,3,0,0,8,0,0,0,0,1,1,5,6,1,28,6,1242,1,12,FORD KA,7,E01021063,0,-1
2023451367915,2023,451367915,1,9,0,18,19,6,3,0,0,0,0,0,0,0,1,1,5,6,2,21,5,1242,1,14,FORD KA,6,E01030973,0,-1
2023501376732,2023,501376732,3,9,0,2,2,0,0,0,0,0,0,0,0,0,2,1,5,6,3,-1,-1,1242,1,14,FORD KA,-1,-1,0,-1
2023131332894,2023,131332894,1,9,0,7,7,1,7,0,0,8,0,0,0,0,3,1,2,2,2,21,5,1242,1,11,FORD KA,7,E01010918,0,-1
2023361326723,2023,361326723,2,9,0,18,19,6,7,0,0,0,0,0,1,0,1,1,1,1,1,52,8,1242,1,12,FORD KA,7,E01026427,0,-1
2023061296205,2023,061296205,1,9,0,17,19,5,1,0,0,0,0,0,0,0,1,1,2,2,1,21,5,1299,1,19,FORD KA,-1,-1,0,-1
2023131372739,2023,131372739,2,9,0,18,19,7,3,0,0,8,0,0,0,0,1,1,5,6,2,19,4,1242,1,8,FORD KA,6,E01027923,0,-1
2023451298481,2023,451298481,1,9,0,9,9,5,3,0,0,8,0,0,1,4,1,1,5,6,2,17,4,1242,1,9,FORD KA,10,E01030871,0,-1
2023471303702,2023,471303702,2,9,0,2,2,0,0,0,0,0,0,0,0,0,2,1,6,6,3,-1,-1,1242,1,9,FORD KA,-1,-1,0,-1
2023520301360,2023,520301360,1,9,0,4,4,3,7,0,0,0,0,0,0,0,2,1,6,6,2,25,5,1242,1,12,FORD KA,7,E01029151,0,-1
2023622300184,2023,622300184,2,9,0,2,2,0,0,0,0,0,0,0,0,0,3,1,6,6,3,-1,-1,1242,1,9,FORD KA,-1,-1,0,-1
2023991306411,2023,991306411,1,9,0,16,19,8,2,0,0,0,1,6,8,11,1,2,5,6,1,17,4,1242,1,8,FORD KA,6,-1,0,-1
2023440053097,2023,440053097,1,9,0,2,2,0,0,9,9,0,0,0,0,0,2,1,6,6,2,33,6,1242,1,14,FORD KA,9,E01022730,0,-1
2023010459777,2023,010459777,2,9,0,99,99,9,9,99,99,9,9,99,9,99,1,9,6,6,3,-1,-1,1242,1,12,FORD KA,-1,-1,0,-1
2023471268587,2023,471268587,2,9,0,18,19,7,3,0,0,8,0,0,0,0,2,1,2,2,2,51,8,1299,1,15,FORD KA,5,E01020968,0,-1
2023131324846,2023,131324846,1,9,0,9,9,1,7,0,0,1,0,0,0,0,3,1,2,2,2,21,5,1242,1,11,FORD KA,3,E01011024,0,-1
2023471328642,2023,471328642,2,9,0,2,2,0,0,0,0,0,0,0,0,0,2,1,6,6,3,-1,-1,1299,1,16,FORD KA,-1,-1,0,-1
2023421361015,2023,421361015,2,9,0,10,10,3,1,0,0,2,0,0,0,0,2,1,6,6,2,17,4,1242,1,10,FORD KA,9,E01021949,0,-1
2023041296826,2023,041296826,3,9,0,2,2,0,0,9,9,0,0,0,0,0,1,1,6,6,3,-1,-1,1242,1,9,FORD KA,-1,-1,0,-1
2023221351459,2023,221351459,1,9,0,9,9,7,6,0,0,6,0,0,0,0,1,1,2,2,2,24,5,1242,1,12,FORD KA,3,E01032478,0,-1
2023101349189,2023,101349189,2,9,0,18,19,6,2,0,0,0,0,0,0,0,1,1,5,6,2,37,7,1242,1,9,FORD KA,4,E01027474,0,-1
2023141280310,2023,141280310,2,9,0,18,19,1,5,0,0,1,0,0,1,10,4,1,6,6,2,59,9,1242,1,11,FORD KA,2,E01007394,0,-1
2023122301242,2023,122301242,2,9,0,16,19,4,8,0,0,0,5,0,0,0,3,1,6,6,2,44,7,1242,1,10,FORD KA,6,E01027601,0,-1
2023201380784,2023,201380784,2,9,0,3,3,2,6,0,0,0,0,0,0,0,2,1,6,6,1,17,4,1299,1,17,FORD KA,8,E01009920,0,-1
2023440382663,2023,440382663,1,9,0,18,19,3,2,0,0,1,1,0,0,0,1,1,6,6,2,23,5,1299,1,17,FORD KA,6,E01022761,0,-1
2023031350131,2023,031350131,1,9,0,9,9,3,1,0,0,6,0,0,3,0,3,1,3,7,2,17,4,1242,1,9,FORD KA,7,E01019279,0,-1
2023201365761,2023,201365761,2,9,0,18,19,1,5,0,0,8,1,0,0,0,4,1,5,6,1,50,8,1242,1,8,FORD KA,1,E01009501,0,-1
2023546345423,2023,546345423,1,9,0,5,5,2,6,9,9,6,0,0,0,0,4,1,6,6,1,56,9,1299,1,15,FORD KA,10,E01031256,0,-1
2023451362768,2023,451362768,2,9,0,17,19,1,5,0,0,0,0,0,0,0,1,1,5,6,1,87,11,1242,1,9,FORD KA,8,E01030654,0,-1
2023351309162,2023,351309162,2,9,0,18,19,3,7,0,0,0,0,0,0,0,1,1,5,6,2,19,4,1242,1,12,FORD KA,6,E01018056,0,-1
2023041320987,2023,041320987,1,9,0,16,19,5,1,0,0,0,0,0,0,0,1,1,5,6,2,19,4,1242,1,10,FORD KA,7,E01025199,0,-1
2023201376987,2023,201376987,2,9,0,18,19,4,8,0,0,0,0,0,0,0,1,1,5,6,3,-1,-1,1242,1,14,FORD KA,-1,-1,0,-1
2023131343976,2023,131343976,1,9,0,18,19,3,3,0,0,8,0,0,0,0,1,1,6,6,2,19,4,1242,1,14,FORD KA,4,E01011753,0,-1
2023401276542,2023,401276542,1,9,0,18,19,6,2,0,0,0,1,0,4,6,1,1,2,2,2,19,4,1242,1,12,FORD KA,9,E01017549,0,-1
2023010462162,2023,010462162,1,9,0,9,9,5,2,0,0,6,0,0,0,0,1,1,6,6,2,77,11,1299,1,19,FORD KA,3,E01004182,0,-1
2023531302418,2023,531302418,2,9,0,18,19,4,8,0,0,2,0,0,0,0,1,1,2,2,1,56,9,1242,1,12,FORD KA,6,E01032934,0,-1
202363B008923,2023,63B008923,1,9,0,18,19,6,2,0,0,0,2,0,8,10,3,1,2,2,1,22,5,1242,1,12,FORD KA,7,W01000523,0,-1
2023421379714,2023,421379714,2,9,0,18,19,3,7,0,0,1,0,0,0,0,3,1,6,6,2,53,8,1242,1,7,FORD KA,8,E01021516,0,-1
2023041343240,2023,041343240,2,9,0,18,19,7,3,0,0,8,0,4,1,2,4,1,5,6,2,21,5,1242,1,13,FORD KA,8,E01012611,0,-1
2023302301817,2023,302301817,1,9,0,17,19,7,4,0,0,0,5,0,1,4,1,1,6,6,2,20,4,1242,1,14,FORD KA,2,E01013588,0,-1
2023451358119,2023,451358119,2,9,0,18,19,6,2,0,0,0,0,0,0,0,3,1,5,6,2,28,6,1299,1,17,FORD KA,8,E01030977,0,-1
2023610006023,2023,610006023,1,9,0,16,19,7,1,0,0,0,0,0,0,0,1,1,6,6,2,21,5,1242,1,13,FORD KA,1,W01001459,0,-1
2023471340455,2023,471340455,2,9,0,18,19,5,1,0,0,0,0,0,0,0,2,1,6,6,2,31,6,1242,1,11,FORD KA,9,E01024808,0,-1
2023320230430,2023,320230430,2,9,0,18,19,8,4,0,0,8,0,0,0,0,1,1,2,2,2,25,5,1299,1,16,FORD KA,9,E01026234,0,-1
2023010445260,2023,010445260,3,9,0,18,19,6,2,0,0,7,0,0,0,0,1,1,6,6,2,44,7,1242,1,7,FORD KA,2,E01003512,0,-1
2023010463782,2023,010463782,1,9,3,18,19,3,7,0,0,0,1,0,1,4,1,1,6,6,2,25,5,1242,1,14,FORD KA,3,E01002527,0,-1
2023010421018,2023,010421018,2,9,0,99,99,9,9,99,99,9,9,99,9,99,9,9,6,6,3,37,7,1242,1,10,FORD KA,2,E01021318,0,-1
2023501320830,2023,501320830,2,9,0,18,19,4,8,0,0,1,0,0,0,0,4,1,5,6,2,39,7,1242,1,11,FORD KA,5,E01018791,0,-1
2023461382967,2023,461382967,1,9,0,5,5,7,5,0,0,0,0,0,0,0,1,1,6,6,2,45,7,1242,1,11,FORD KA,9,E01024297,0,-1
2023440021379,2023,440021379,1,9,0,17,19,6,2,0,0,0,2,0,2,4,1,1,1,1,2,19,4,1242,1,9,FORD KA,2,E01022969,0,-1
2023361338633,2023,361338633,2,9,0,4,4,7,3,0,0,0,0,0,0,0,0,1,6,6,2,44,7,1242,1,11,FORD KA,8,E01026849,0,-1
2023421320083,2023,421320083,2,9,0,18,19,3,7,0,0,8,0,0,0,0,1,1,5,6,1,22,5,1299,1,16,FORD KA,1,E01021665,0,-1
2023421275743,2023,421275743,1,9,0,11,11,1,5,0,0,0,2,0,1,11,1,1,6,6,2,20,4,1299,1,16,FORD KA,1,E01021576,0,-1
2023211318554,2023,211318554,1,9,0,18,19,6,2,0,0,1,0,0,0,0,1,1,6,6,2,40,7,1242,1,14,FORD KA,-1,-1,0,-1
2023201368168,2023,201368168,2,9,0,12,12,8,4,0,0,0,1,7,4,6,2,1,5,6,2,33,6,1299,1,16,FORD KA,1,E01010236,0,-1
2023221364550,2023,221364550,2,9,0,2,2,0,0,0,0,0,0,0,1,10,3,1,1,1,2,32,6,1242,1,11,FORD KA,2,E01032377,0,-1
2023461357096,2023,461357096,1,9,0,18,19,7,3,0,0,0,2,0,1,0,1,1,6,6,2,72,10,1242,1,11,FORD KA,10,E01016085,0,-1
2023411311341,2023,411311341,4,9,0,2,2,0,0,0,0,0,0,0,0,0,2,1,5,6,3,-1,-1,1242,1,14,FORD KA,-1,-1,0,-1
2023461270177,2023,461270177,1,9,0,9,9,3,1,0,0,1,0,0,0,0,4,1,5,6,2,19,4,1242,1,15,FORD KA,4,E01001675,0,-1
2023622300399,2023,622300399,1,9,0,18,19,3,7,0,0,8,0,0,0,0,1,1,6,6,2,32,6,1242,1,9,FORD KA,3,W01000848,0,-1
2023052302824,2023,052302824,2,9,0,18,19,1,5,0,0,1,0,0,0,0,1,1,6,6,2,26,6,1242,1,10,FORD KA,10,E01007266,0,-1
2023131316896,2023,131316896,1,9,0,18,19,1,5,0,0,1,0,0,0,0,1,1,5,6,2,88,11,1242,1,11,FORD KA,10,E01011454,0,-1
2023421360280,2023,421360280,1,9,0,9,9,3,1,0,0,8,0,0,0,0,4,1,5,6,2,20,4,1242,1,12,FORD KA,10,E01021643,0,-1
2023531393469,2023,531393469,2,9,0,9,9,3,7,0,0,1,0,0,0,0,2,1,5,6,2,53,8,1299,1,19,FORD KA,7,W01000573,0,-1
2023010427256,2023,010427256,1,9,0,16,19,3,7,0,0,0,0,4,0,0,1,1,6,6,2,35,6,1242,1,11,FORD KA,6,E01000203,0,-1
2023421315121,2023,421315121,1,9,0,5,5,5,7,0,0,0,0,0,0,0,1,1,5,6,2,82,11,1299,1,18,FORD KA,5,E01021298,0,-1
2023451389936,2023,451389936,1,9,0,18,19,1,5,0,0,0,0,0,0,0,1,1,2,2,1,22,5,1242,1,12,FORD KA,6,E01003367,0,-1
2023501360886,2023,501360886,1,9,0,18,19,3,7,0,0,1,0,0,0,0,1,1,6,6,2,35,6,1242,1,7,FORD KA,2,E01015210,0,-1
2023421331214,2023,421331214,1,9,0,18,19,7,3,0,0,0,0,0,0,0,1,1,5,6,2,17,4,1242,1,12,FORD KA,8,E01021824,0,-1
2023991313045,2023,991313045,2,9,0,18,19,1,5,0,0,0,0,0,0,0,2,1,5,6,2,54,8,1242,1,12,FORD KA,8,-1,0,-1
2023522400934,2023,522400934,1,9,0,18,19,3,7,0,0,2,0,0,0,0,4,1,6,6,2,21,5,1242,1,12,FORD KA,8,E01029113,0,-1
2023131304162,2023,131304162,1,9,0,7,7,1,5,0,0,0,0,0,7,11,3,1,5,6,1,81,11,1242,1,8,FORD KA,1,E01010631,0,-1
2023061382810,2023,061382810,1,9,0,18,19,4,8,0,0,1,0,0,0,0,1,1,6,6,2,20,4,1242,1,13,FORD KA,10,E01006079,0,-1
2023501267328,2023,501267328,1,9,0,17,19,2,4,0,0,0,1,0,1,9,4,1,6,6,2,58,9,1242,1,12,FORD KA,5,E01019039,0,-1
2023421355424,2023,421355424,1,9,0,18,19,1,5,0,0,0,0,0,0,0,1,1,6,6,1,19,4,1242,1,14,FORD KA,7,E01021913,0,-1
2023622300427,2023,622300427,1,9,0,17,19,4,8,0,0,3,0,6,0,0,1,1,6,6,2,20,4,1242,1,9,FORD KA,9,W01000710,0,-1
2023122300044,2023,122300044,1,9,0,17,19,4,8,0,0,0,2,0,7,4,1,1,6,6,2,20,4,1242,1,13,FORD KA,6,E01027780,0,-1
2023421297551,2023,421297551,1,9,0,7,7,1,3,0,0,4,0,0,1,0,3,1,5,6,2,61,9,1242,1,10,FORD KA,2,E01021953,0,-1
2023070953171,2023,070953171,1,9,0,18,19,4,8,0,0,1,0,0,0,0,1,1,6,6,2,80,11,1242,1,14,FORD KA,9,W01000158,0,-1
2023361273383,2023,361273383,1,9,0,9,9,3,1,0,0,6,0,0,0,0,4,1,6,6,2,22,5,1242,1,13,FORD KA,8,E01026937,0,-1
2023131380430,2023,131380430,1,9,0,18,19,1,1,0,0,1,0,0,0,0,1,1,1,1,2,33,6,1242,1,10,FORD KA,4,E01011033,0,-1
2023461382690,2023,461382690,1,9,0,99,99,7,3,0,0,1,9,0,9,0,1,1,6,6,2,41,7,1242,1,10,FORD KA,3,E01024695,0,-1
2023421390447,2023,421390447,2,9,0,2,2,0,0,0,0,0,0,0,0,0,3,1,6,6,3,-1,-1,1242,1,9,FORD KA,-1,-1,0,-1
2023371309626,2023,371309626,1,9,0,15,15,2,6,0,0,0,0,0,0,0,1,1,2,2,2,22,5,1242,1,13,FORD KA,8,E01030111,0,-1
2023471388859,2023,471388859,1,9,0,9,9,5,3,0,0,8,0,0,0,0,1,1,5,6,2,75,10,1242,1,14,FORD KA,10,E01031822,0,-1
2023332300966,2023,332300966,1,9,0,7,7,5,7,0,0,5,0,0,0,0,3,1,2,2,2,51,8,1242,1,14,FORD KA,8,E01025792,0,-1
2023231375245,2023,231375245,1,9,0,7,7,7,1,0,0,5,0,0,0,0,2,1,5,6,2,17,4,1299,1,16,FORD KA,10,E01031278,0,-1
2023161271929,2023,161271929,2,9,0,2,2,0,0,0,0,0,0,0,0,0,3,1,5,6,3,-1,-1,1242,1,9,FORD KA,-1,-1,0,-1
2023170S11553,2023,170S11553,1,9,0,18,19,6,2,0,0,0,0,0,0,0,1,1,6,6,2,31,6,1242,1,12,FORD KA,3,E01012239,0,-1
2023421268275,2023,421268275,2,9,0,17,19,7,5,0,0,8,0,0,0,0,4,1,2,2,2,28,6,1242,1,13,FORD KA,6,E01021875,0,-1
2023201302876,2023,201302876,1,9,0,18,19,2,6,0,0,0,2,10,1,11,1,1,6,6,1,35,6,1242,1,14,FORD KA,2,E01008963,0,-1
2023041308109,2023,041308109,1,9,0,18,19,1,5,0,0,0,0,0,0,0,1,1,5,6,1,58,9,1299,1,17,FORD KA,10,E01025278,0,-1
2023371275985,2023,371275985,1,9,0,9,9,5,3,0,0,1,0,0,0,0,3,1,1,1,2,53,8,1242,1,11,FORD KA,5,E01029955,0,-1
2023471331561,2023,471331561,1,9,0,18,19,1,5,0,0,1,0,0,0,0,1,1,6,6,2,54,8,1242,1,9,FORD KA,6,E01031484,0,-1
2023471383676,2023,471383676,1,9,0,7,7,1,5,0,0,3,0,0,0,0,4,1,5,6,2,18,4,1248,2,12,FORD KA,10,E01022588,0,-1
2023131343991,2023,131343991,1,9,0,18,19,7,3,0,0,0,0,0,0,0,1,1,6,6,3,-1,-1,1242,1,8,FORD KA,-1,-1,0,-1
2023010457183,2023,010457183,2,9,0,99,99,9,9,99,99,9,9,99,9,99,1,9,6,6,3,-1,-1,1242,1,13,FORD KA,-1,-1,0,-1
202363A025123,2023,63A025123,2,9,0,10,10,6,5,0,0,8,0,0,0,0,3,1,1,1,1,19,4,1242,1,12,FORD KA,4,W01000683,0,-1
2023371378459,2023,371378459,1,9,0,13,13,2,6,0,0,1,0,0,0,0,1,1,5,6,2,29,6,1242,1,13,FORD KA,1,E01029986,0,-1
2023041353890,2023,041353890,1,9,0,18,19,1,5,0,0,0,0,0,0,0,1,1,1,1,2,25,5,1242,1,12,FORD KA,2,E01012589,0,-1
2023010421660,2023,010421660,2,9,0,9,9,5,2,0,0,1,0,0,0,0,1,2,1,1,1,67,10,1299,1,19,FORD KA,10,E01030395,0,-1
2023311333016,2023,311333016,3,9,0,5,5,1,5,0,0,4,0,0,0,0,1,1,1,1,2,22,5,1242,1,9,FORD KA,6,E01028244,0,-1
2023111278747,2023,111278747,2,9,0,18,19,6,2,0,0,0,0,0,0,0,4,1,5,6,2,57,9,1242,1,8,FORD KA,9,E01008498,0,-1
2023010438373,2023,010438373,1,9,0,99,99,9,9,99,99,9,0,99,9,99,9,9,6,6,1,-1,-1,1299,1,20,FORD KA,-1,-1,0,-1
2023052301031,2023,052301031,1,9,0,9,9,7,5,0,0,6,0,0,0,0,1,1,6,6,2,38,7,1242,1,9,FORD KA,1,E01007089,0,-1
2023421356248,2023,421356248,1,9,0,18,19,6,3,0,0,0,2,12,1,0,1,1,6,6,2,19,4,1242,1,12,FORD KA,8,E01033142,0,-1
2023131275391,2023,131275391,1,9,0,18,19,7,5,0,0,0,0,0,0,0,1,1,5,6,2,32,6,1242,1,9,FORD KA,6,E01011802,0,-1
2023531378647,2023,531378647,1,9,0,7,7,7,3,0,0,8,0,0,0,0,1,1,5,6,2,17,4,1248,2,13,FORD KA,4,E01022251,0,-1
2023461291764,2023,461291764,3,9,0,18,19,4,8,0,0,8,0,0,0,0,1,1,6,6,2,36,7,1242,1,11,FORD KA,3,E01023972,0,-1
2023052302057,2023,052302057,1,9,0,5,5,1,3,0,0,1,0,0,0,0,1,1,6,6,2,22,5,1242,1,12,FORD KA,5,E01006997,0,-1
2023552400209,2023,552400209,2,9,0,3,3,2,6,0,0,1,0,0,0,0,2,1,6,6,1,55,8,1242,1,14,FORD KA,8,E01023171,0,-1
2023010459348,2023,010459348,2,9,0,9,9,8,6,0,0,8,0,0,7,0,4,1,6,6,2,87,11,1242,1,12,FORD KA,6,E01001266,0,-1
2023421318462,2023,421318462,2,9,0,18,19,7,3,0,0,8,1,0,0,0,4,1,6,6,2,28,6,1299,1,15,FORD KA,4,E01022050,0,-1
2023010478013,2023,010478013,1,9,0,99,99,9,9,99,99,9,9,99,9,99,9,9,6,6,1,18,4,1242,1,12,FORD KA,10,E01000681,0,-1
2023010471255,2023,010471255,2,9,0,99,99,9,9,99,99,9,9,99,9,99,2,9,6,6,2,-1,-1,1242,1,8,FORD KA,-1,-1,0,-1
2023531267693,2023,531267693,1,9,0,17,19,4,8,0,0,0,2,0,1,0,1,1,2,2,2,19,4,1299,1,19,FORD KA,10,E01022203,0,-1
2023471261197,2023,471261197,2,9,0,18,19,3,7,0,0,1,0,0,1,0,1,1,2,2,1,21,5,1299,1,15,FORD KA,4,E01020974,0,-1
2023161370760,2023,161370760,1,9,0,18,19,7,4,0,0,0,5,0,1,1,4,1,5,6,2,61,9,1242,1,11,FORD KA,2,E01013128,0,-1
2023461340287,2023,461340287,1,9,0,18,19,4,7,0,0,1,0,0,0,0,1,1,6,6,2,18,4,1242,1,14,FORD KA,6,E01024345,0,-1
2023340NN2892,2023,340NN2892,1,9,0,17,19,5,1,0,0,0,1,10,1,9,1,1,2,2,1,42,7,1242,1,14,FORD KA,10,E01025797,0,-1
2023010453196,2023,010453196,1,9,0,3,3,3,7,0,0,0,0,0,0,0,1,2,6,6,2,22,5,1242,1,14,FORD KA,4,E01021642,0,-1
2023522301019,2023,522301019,1,9,0,5,5,3,7,0,0,1,0,0,0,0,1,1,6,6,1,48,8,1299,1,17,FORD KA,7,E01032046,0,-1
2023010426000,2023,010426000,2,9,0,99,99,9,9,99,99,9,9,99,9,99,1,9,6,6,3,-1,-1,1242,1,11,FORD KA,2,E01003265,0,-1
2023371259361,2023,371259361,1,9,0,9,9,5,3,0,0,1,0,0,0,0,3,1,1,1,2,19,4,1242,1,13,FORD KA,4,E01029949,0,-1
2023549301223,2023,549301223,1,9,0,18,19,1,5,0,0,0,0,0,1,4,1,1,1,1,2,18,4,1242,1,14,FORD KA,9,E01032032,0,-1
2023991433671,2023,991433671,1,9,0,18,19,8,4,0,0,1,0,0,0,0,1,1,6,6,3,-1,-1,1242,1,8,FORD KA,-1,-1,0,-1
2023461277392,2023,461277392,1,9,0,18,19,7,3,0,0,0,0,0,0,0,1,1,6,6,2,-1,-1,1242,1,11,FORD KA,9,E01021527,0,-1
2023010481632,2023,010481632,1,9,0,9,9,8,5,0,0,8,0,0,0,0,4,1,6,6,1,65,9,1299,1,15,FORD KA,3,E01001366,0,-1
2023430560659,2023,430560659,2,9,0,4,4,8,4,0,0,0,0,0,0,0,1,1,6,6,2,-1,-1,1299,1,20,FORD KA,-1,-1,0,-1
2023552300765,2023,552300765,1,9,0,9,9,1,7,0,0,6,0,0,0,0,1,1,6,6,1,78,11,1242,1,10,FORD KA,6,E01020433,0,-1
2023991317193,2023,991317193,1,9,0,9,9,4,2,0,0,6,0,0,0,0,1,1,6,6,1,24,5,1248,2,13,FORD KA,8,-1,0,-1
2023451360484,2023,451360484,3,9,0,18,19,8,4,0,0,0,0,0,0,0,1,1,5,6,1,34,6,1242,1,12,FORD KA,7,E01030429,0,-1
2023440125017,2023,440125017,1,9,0,18,19,4,8,0,0,0,0,0,0,0,1,1,6,6,2,19,4,1242,1,13,FORD KA,1,E01017163,0,-1
2023631333623,2023,631333623,1,9,0,5,5,1,7,0,0,6,0,0,1,10,3,1,6,6,2,58,9,1242,1,7,FORD KA,3,W01000608,0,-1
2023122300424,2023,122300424,1,9,0,16,19,7,3,0,0,0,0,0,0,0,1,1,2,2,2,52,8,1242,1,10,FORD KA,-1,-1,0,-1
2023122300976,2023,122300976,2,9,0,16,19,5,1,0,0,0,0,0,1,0,1,1,6,6,1,40,7,1242,1,11,FORD KA,10,E01027855,0,-1
2023421305696,2023,421305696,1,9,0,18,19,1,5,0,0,0,0,0,1,4,1,1,1,1,2,28,6,1242,1,10,FORD KA,4,E01021817,0,-1
2023320693327,2023,320693327,1,9,0,18,19,7,3,0,0,0,0,0,0,0,3,1,2,2,1,55,8,1242,1,14,FORD KA,4,E01026253,0,-1
2023520301414,2023,520301414,2,9,0,4,4,1,5,0,0,0,0,0,0,0,2,1,6,6,2,18,4,1242,1,13,FORD KA,10,E01032634,0,-1
2023520300919,2023,520300919,2,9,0,18,19,7,3,0,0,0,1,0,2,10,1,1,6,6,1,17,4,1242,1,9,FORD KA,5,E01029314,0,-1
2023101361231,2023,101361231,2,9,0,17,19,5,1,0,0,0,0,0,1,0,3,1,5,6,2,30,6,1242,1,7,FORD KA,9,E01027502,0,-1
2023547968023,2023,547968023,1,9,0,18,19,3,7,0,0,0,0,0,0,0,1,1,6,6,2,20,4,1242,1,10,FORD KA,4,E01031895,0,-1
2023161359983,2023,161359983,2,9,0,2,2,0,0,0,0,0,0,0,1,0,3,1,6,6,3,-1,-1,1299,1,16,FORD KA,-1,-1,0,-1
2023531350998,2023,531350998,1,9,0,18,19,1,5,0,0,1,0,0,0,0,1,1,5,6,2,90,11,1299,1,17,FORD KA,6,E01022405,0,-1
2023221362549,2023,221362549,1,9,0,13,13,5,2,0,0,0,1,0,2,7,2,1,2,2,2,54,8,1242,1,9,FORD KA,9,E01032336,0,-1
2023041266800,2023,041266800,2,9,0,18,19,6,4,0,0,1,0,0,0,0,1,1,5,6,2,63,9,1242,1,10,FORD KA,6,E01025608,0,-1
2023141290055,2023,141290055,1,9,0,17,19,1,7,0,0,0,1,0,7,4,1,1,2,2,2,31,6,1242,1,10,FORD KA,4,E01007731,0,-1
2023552300821,2023,552300821,1,9,0,9,9,5,3,0,0,5,0,0,0,0,1,1,6,6,2,20,4,1242,1,9,FORD KA,8,E01032758,0,-1
2023552300092,2023,552300092,2,9,0,3,3,4,8,0,0,1,0,0,0,0,2,1,6,6,1,20,4,1299,1,20,FORD KA,6,E01015324,0,-1
2023401371744,2023,401371744,1,9,0,16,19,-1,-1,0,0,0,2,0,1,4,1,1,5,6,2,26,6,1242,1,13,FORD KA,1,E01017466,0,-1
2023631390816,2023,631390816,1,9,0,18,19,5,1,1,1,0,5,0,0,0,1,1,5,6,2,18,4,1242,1,13,FORD KA,6,W01000701,0,-1
2023071120370,2023,071120370,2,9,0,4,4,5,1,0,0,8,0,0,0,0,2,1,6,6,2,24,5,1242,1,8,FORD KA,8,E01012389,0,-1
2023371277583,2023,371277583,1,9,0,18,19,6,3,0,0,0,5,0,2,1,4,1,2,2,1,44,7,1242,1,14,FORD KA,3,E01030162,0,-1
2023010465760,2023,010465760,1,9,0,9,9,1,7,0,0,8,0,0,0,0,4,1,6,6,2,25,5,1242,1,13,FORD KA,2,E01033327,0,-1
2023461279961,2023,461279961,1,9,0,18,19,1,5,0,0,0,0,0,0,0,1,1,6,6,2,44,7,1242,1,9,FORD KA,10,E01031775,0,-1
2023610005123,2023,610005123,2,9,0,7,7,6,1,0,0,4,0,0,1,2,3,1,6,6,2,18,4,1242,1,14,FORD KA,6,W01001129,0,-1
2023061350034,2023,061350034,2,9,0,4,4,4,8,0,0,0,0,0,0,0,2,1,5,6,2,33,6,1242,1,9,FORD KA,4,E01006370,0,-1
2023302300416,2023,302300416,3,9,0,2,2,0,0,9,9,1,0,0,0,0,2,1,6,6,3,-1,-1,1242,1,11,FORD KA,-1,-1,0,-1
2023141372644,2023,141372644,2,9,0,12,12,1,5,0,0,1,0,0,0,0,1,1,2,2,2,28,6,1242,1,8,FORD KA,-1,-1,0,-1
2023302301466,2023,302301466,1,9,0,16,19,6,1,0,0,0,5,0,1,11,1,1,2,2,1,30,6,1299,1,16,FORD KA,8,E01019714,0,-1