collision_index,collision_year,collision_ref_no,vehicle_reference,vehicle_type,towing_and_articulation,vehicle_manoeuvre_historic,vehicle_manoeuvre,vehicle_direction_from,vehicle_direction_to,vehicle_location_restricted_lane_historic,vehicle_location_restricted_lane,junction_location,skidding_and_overturning,hit_object_in_carriageway,vehicle_leaving_carriageway,hit_object_off_carriageway,first_point_of_impact,vehicle_left_hand_drive,journey_purpose_of_driver_historic,journey_purpose_of_driver,sex_of_driver,age_of_driver,age_band_of_driver,engine_capacity_cc,propulsion_code,age_of_vehicle,generic_make_model,driver_imd_decile,lsoa_of_driver,escooter_flag,driver_distance_banding
2023221303947,2023,221303947,1,9,0,5,5,7,3,0,0,4,0,0,0,0,3,1,5,6,2,24,5,1242,1,10,FORD KA,7,E01032296,0,-1
2023411310950,2023,411310950,2,9,0,18,19,-1,-1,0,0,0,0,0,0,0,4,1,5,6,2,21,5,1242,1,14,FORD KA,9,E01023493,0,-1
2023371264215,2023,371264215,1,9,0,18,19,1,5,0,0,0,1,0,0,0,4,1,5,6,1,18,4,1242,1,12,FORD KA,5,E01030210,0,-1
2023041285468,2023,041285468,2,9,0,18,19,3,7,0,0,1,0,0,0,0,1,1,6,6,2,20,4,1242,1,14,FORD KA,4,E01025393,0,-1
2023170S31783,2023,170S31783,2,9,0,18,19,3,7,0,0,1,0,0,0,0,2,1,6,6,2,-1,-1,1242,1,14,FORD KA,-1,-1,0,-1
2023440071696,2023,440071696,1,9,0,17,19,3,8,0,0,0,5,0,7,4,1,1,6,6,2,51,8,1242,1,14,FORD KA,4,E01022635,0,-1
2023041373638,2023,041373638,1,9,0,18,19,5,1,0,0,8,0,0,0,0,1,1,5,6,2,78,11,1242,1,8,FORD KA,5,E01025572,0,-1
2023041312642,2023,041312642,1,9,0,18,19,1,5,0,0,0,0,0,0,0,1,1,5,6,2,19,4,1242,1,14,FORD KA,5,E01025200,0,-1
2023991282326,2023,991282326,1,9,0,5,5,8,6,0,0,6,0,0,0,0,1,1,5,6,2,18,4,1242,1,12,FORD KA,2,-1,0,-1
2023161345617,2023,161345617,1,9,0,18,19,8,3,0,0,1,0,0,0,0,1,1,6,6,2,20,4,1242,1,13,FORD KA,7,E01013322,0,-1
2023421279214,2023,421279214,1,9,0,4,4,7,3,0,0,0,0,0,0,0,2,1,1,1,2,25,5,1242,1,9,FORD KA,4,E01021425,0,-1
2023041364892,2023,041364892,2,9,0,18,19,5,1,0,0,1,0,0,1,0,1,1,5,6,2,19,4,1242,1,12,FORD KA,6,E01024870,0,-1
2023421281639,2023,421281639,2,9,0,18,19,1,5,0,0,1,0,0,0,0,3,1,3,7,2,18,4,1299,1,18,FORD KA,9,E01021721,0,-1
2023010470497,2023,010470497,1,9,0,99,99,9,9,99,99,9,9,99,9,99,1,9,6,6,2,58,9,1242,1,11,FORD KA,2,E01000083,0,-1
2023361304126,2023,361304126,2,9,0,18,19,5,1,0,0,1,0,0,0,0,1,1,5,6,2,17,4,1242,1,13,FORD KA,7,E01026427,0,-1
2023440147934,2023,440147934,1,9,0,17,19,3,7,0,0,0,0,0,0,0,1,1,6,6,2,17,4,1242,1,12,FORD KA,2,E01022900,0,-1
2023520300870,2023,520300870,1,9,0,18,19,5,1,0,0,8,0,0,0,0,4,1,6,6,1,78,11,1242,1,10,FORD KA,8,E01014425,0,-1
2023520000503,2023,520000503,2,9,0,4,4,6,2,0,0,1,0,0,0,0,2,1,6,6,2,31,6,1242,1,11,FORD KA,4,E01014450,0,-1
2023501310206,2023,501310206,2,9,0,2,2,1,5,0,0,1,0,0,0,0,4,1,6,6,1,19,4,1242,1,12,FORD KA,8,E01015211,0,-1
2023461306103,2023,461306103,1,9,0,18,19,5,1,0,0,0,0,0,0,0,1,1,6,6,2,51,8,1242,1,9,FORD KA,5,E01024227,0,-1
2023991289273,2023,991289273,4,9,0,3,3,3,7,0,0,1,0,0,0,0,1,2,2,2,1,51,8,1299,1,18,FORD KA,5,-1,0,-1
2023010451427,2023,010451427,1,9,0,18,19,3,7,0,0,0,0,4,0,0,1,1,6,6,2,19,4,1242,1,12,FORD KA,3,E01003631,0,-1
2023531377785,2023,531377785,2,9,0,18,19,1,5,0,0,8,0,0,0,0,1,1,2,2,1,44,7,1248,2,12,FORD KA,6,E01022262,0,-1
2023070693616,2023,070693616,3,9,0,2,2,0,0,0,0,0,0,0,0,0,1,1,6,6,1,26,6,1299,1,16,FORD KA,10,E01018632,0,-1
2023061355029,2023,061355029,2,9,0,18,19,2,6,0,0,0,0,0,0,0,2,1,5,6,1,48,8,1242,1,13,FORD KA,4,E01006110,0,-1
2023061360212,2023,061360212,1,9,0,9,9,6,2,0,0,5,0,0,0,0,1,1,1,1,1,20,4,1242,1,10,FORD KA,7,E01025506,0,-1
2023471324236,2023,471324236,3,9,0,2,2,0,0,0,0,1,0,0,0,0,3,1,6,6,3,-1,-1,1299,1,16,FORD KA,-1,-1,0,-1
202360A012328,2023,60A012328,2,9,0,18,19,1,5,0,0,1,0,0,0,0,1,1,2,2,2,22,5,1299,1,15,FORD KA,-1,-1,0,-1
2023471337629,2023,471337629,1,9,0,17,19,1,5,0,0,0,0,0,0,0,1,1,2,2,1,55,8,1299,1,20,FORD KA,6,E01031784,0,-1
2023610020523,2023,610020523,1,9,0,13,13,2,6,0,0,1,0,0,0,0,1,1,6,6,1,27,6,1242,1,11,FORD KA,3,W01001311,0,-1
2023522300181,2023,522300181,1,9,0,18,19,5,1,0,0,6,0,0,3,9,1,1,6,6,1,23,5,1242,1,13,FORD KA,4,E01014704,0,-1
202354B552223,2023,54B552223,1,9,0,9,9,2,7,0,0,1,2,10,1,1,1,1,2,2,2,18,4,1242,1,14,FORD KA,5,E01032063,0,-1
2023010439782,2023,010439782,2,9,0,99,99,9,9,99,99,9,9,99,9,99,9,9,6,6,3,-1,-1,1299,1,15,FORD KA,-1,-1,0,-1
2023201314017,2023,201314017,2,9,0,8,8,8,2,0,0,1,0,0,0,0,1,1,6,6,2,-1,-1,1242,1,11,FORD KA,1,E01008995,0,-1
2023221337475,2023,221337475,2,9,0,18,19,2,6,0,0,8,0,0,0,0,1,1,5,6,1,59,9,1242,1,11,FORD KA,4,E01032342,0,-1
2023471338439,2023,471338439,2,9,0,18,19,5,1,0,0,1,0,0,0,0,1,1,5,6,2,21,5,1242,1,13,FORD KA,4,E01031443,0,-1
2023451327872,2023,451327872,3,9,0,18,19,4,8,0,0,0,1,0,0,0,3,1,5,6,2,55,8,1242,1,8,FORD KA,9,E01030339,0,-1
2023440443352,2023,440443352,1,9,0,9,9,2,8,0,0,6,0,0,0,0,0,1,6,6,1,31,6,1242,1,11,FORD KA,9,E01022555,0,-1
2023101352886,2023,101352886,1,9,0,17,19,2,4,0,0,3,0,0,0,0,1,1,5,6,2,18,4,1242,1,11,FORD KA,7,E01008505,0,-1
2023010442021,2023,010442021,1,9,0,18,19,5,1,0,0,2,0,0,0,0,0,1,6,6,2,47,8,1242,1,12,FORD KA,-1,-1,0,-1
2023471350703,2023,471350703,2,9,0,7,7,2,6,0,0,3,0,0,0,0,4,1,6,6,1,24,5,1242,1,12,FORD KA,8,E01032837,0,-1
2023501339874,2023,501339874,1,9,0,5,5,3,7,0,0,0,0,4,0,0,1,1,5,6,2,54,8,1248,2,13,FORD KA,4,E01018909,0,-1
2023471371867,2023,471371867,1,9,0,17,19,3,7,0,0,2,0,0,0,0,1,1,5,6,1,34,6,1242,1,8,FORD KA,7,E01021088,0,-1
2023111381565,2023,111381565,1,9,0,18,19,3,7,0,0,0,0,0,0,0,4,1,2,2,2,55,8,1242,1,11,FORD KA,1,E01033466,0,-1
2023010443734,2023,010443734,2,9,0,99,99,9,9,99,99,9,9,99,9,99,1,9,6,6,3,-1,-1,1242,1,11,FORD KA,8,E01000873,0,-1
2023501361557,2023,501361557,1,9,0,6,6,2,4,0,0,0,0,0,0,0,3,1,6,6,2,-1,-1,1242,1,14,FORD KA,-1,-1,0,-1
2023131354165,2023,131354165,1,9,0,18,19,7,3,0,0,0,0,0,0,0,1,1,5,6,2,25,5,1242,1,14,FORD KA,2,E01032487,0,-1
2023231310952,2023,231310952,2,9,0,18,19,1,5,0,0,8,0,0,0,0,1,1,6,6,2,39,7,1242,1,12,FORD KA,2,E01009592,0,-1
2023031265743,2023,031265743,1,9,0,17,19,1,6,0,0,1,1,0,1,0,1,1,5,6,2,66,10,1242,1,14,FORD KA,5,E01019259,0,-1
2023041264909,2023,041264909,1,9,0,18,19,5,1,0,0,0,1,0,7,10,1,1,2,2,2,33,6,1242,1,11,FORD KA,-1,-1,0,-1
2023991262985,2023,991262985,2,9,0,8,8,8,3,0,0,4,0,0,0,0,2,1,6,6,2,33,6,1242,1,9,FORD KA,2,-1,0,-1
2023231352424,2023,231352424,3,9,0,10,10,4,2,0,0,1,0,0,0,0,2,1,6,6,2,46,8,1242,1,13,FORD KA,4,E01031045,0,-1
2023471379193,2023,471379193,1,9,0,18,19,7,3,0,0,0,0,0,0,0,1,1,6,6,1,-1,-1,1242,1,12,FORD KA,-1,-1,0,-1
2023610001923,2023,610001923,1,9,0,16,19,6,1,0,0,0,0,0,0,0,1,1,6,6,2,68,10,1242,1,14,FORD KA,3,W01001678,0,-1
2023141352939,2023,141352939,3,9,0,18,19,4,8,0,0,0,1,4,0,0,1,1,5,6,2,22,5,1242,1,8,FORD KA,5,E01007469,0,-1
2023471317391,2023,471317391,2,9,0,10,10,5,3,0,0,8,0,0,0,0,0,1,5,6,2,33,6,1242,1,10,FORD KA,8,E01031838,0,-1
2023522400203,2023,522400203,1,9,0,9,9,3,1,0,0,5,0,0,0,0,3,1,6,6,2,44,7,1242,1,14,FORD KA,4,E01014450,0,-1
2023201321497,2023,201321497,2,9,0,18,19,3,7,0,0,1,0,0,0,0,1,1,6,6,2,68,10,1242,1,13,FORD KA,5,E01008954,0,-1
2023101328375,2023,101328375,1,9,0,18,19,7,3,0,0,0,0,0,0,0,4,1,5,6,2,56,9,1242,1,13,FORD KA,8,E01008188,0,-1
2023221379103,2023,221379103,1,9,0,13,13,6,2,0,0,0,1,10,1,4,3,1,6,6,1,22,5,1599,1,15,FORD KA,8,W01000457,0,-1
2023041259013,2023,041259013,1,9,0,5,5,1,3,8,6,0,0,0,0,0,0,1,1,1,1,36,7,1299,1,21,FORD KA,3,E01025223,0,-1
2023991360239,2023,991360239,1,9,0,18,19,8,4,0,0,0,0,0,0,0,1,1,5,6,1,49,8,1242,1,14,FORD KA,1,-1,0,-1
2023471275824,2023,471275824,1,9,0,18,19,4,8,0,0,0,0,0,0,0,4,1,2,2,2,24,5,1242,1,10,FORD KA,4,E01021177,0,-1
2023421311756,2023,421311756,1,9,0,18,19,-1,-1,0,0,0,0,0,0,0,1,1,6,6,2,68,10,1299,1,17,FORD KA,3,E01015825,0,-1
2023411373980,2023,411373980,2,9,0,18,19,5,1,0,0,1,0,0,0,0,1,1,6,6,2,76,11,1242,1,8,FORD KA,6,E01023582,0,-1
2023531310742,2023,531310742,2,9,0,7,7,1,5,0,0,8,0,0,0,0,1,1,5,6,2,75,10,1242,1,11,FORD KA,5,E01022155,0,-1
2023471266486,2023,471266486,3,9,0,2,2,0,0,0,0,0,0,0,0,0,1,1,6,6,3,-1,-1,1242,1,8,FORD KA,-1,-1,0,-1
2023201382539,2023,201382539,2,9,0,18,19,3,7,0,0,0,0,0,0,0,3,1,6,6,2,21,5,1242,1,13,FORD KA,1,E01009308,0,-1
2023471282323,2023,471282323,3,9,0,4,4,1,5,0,0,0,0,0,0,0,2,1,2,2,2,21,5,1299,1,17,FORD KA,8,E01021140,0,-1
2023311362499,2023,311362499,2,9,0,10,10,8,4,0,0,1,0,0,0,0,2,1,5,6,2,74,10,1242,1,12,FORD KA,4,E01027933,0,-1
2023552300510,2023,552300510,1,9,0,18,19,1,5,0,0,0,2,0,1,0,0,1,6,6,2,45,7,1242,1,14,FORD KA,10,E01020413,0,-1
2023421334719,2023,421334719,2,9,0,18,19,6,2,0,0,0,0,0,7,0,1,1,5,6,2,43,7,1242,1,8,FORD KA,10,E01021605,0,-1
2023052300486,2023,052300486,1,9,0,5,5,1,5,0,0,1,0,0,0,0,1,1,6,6,2,-1,-1,1242,1,13,FORD KA,9,E01006594,0,-1
2023010477774,2023,010477774,2,9,0,3,3,7,3,0,0,8,0,4,0,0,2,1,6,6,1,20,4,1242,1,14,FORD KA,8,E01001614,0,-1
2023231331723,2023,231331723,1,9,0,17,19,6,2,0,0,0,2,0,7,10,1,1,6,6,1,20,4,1242,1,13,FORD KA,9,E01031222,0,-1
2023351278791,2023,351278791,1,9,0,18,19,1,5,0,0,0,0,0,0,0,1,1,2,2,2,34,6,1242,1,12,FORD KA,5,E01015669,0,-1
2023991291488,2023,991291488,1,9,0,12,12,3,7,0,0,0,0,0,5,0,2,1,6,6,2,23,5,1242,1,12,FORD KA,-1,-1,0,-1
2023170S21023,2023,170S21023,1,9,0,8,8,8,2,0,0,1,0,0,0,0,2,1,6,6,2,17,4,1299,1,17,FORD KA,-1,-1,0,-1
2023161350052,2023,161350052,2,9,0,18,19,4,8,0,0,4,0,0,0,0,1,1,5,6,2,85,11,1242,1,10,FORD KA,5,E01012764,0,-1
2023622300561,2023,622300561,1,9,0,15,15,4,8,1,1,0,0,0,0,0,4,1,6,6,2,70,10,1242,1,14,FORD KA,9,W01001658,0,-1
2023440221176,2023,440221176,1,9,0,2,2,0,0,0,0,1,0,0,0,0,3,1,6,6,2,48,8,1242,1,8,FORD KA,4,E01017093,0,-1
2023421374538,2023,421374538,1,9,0,18,19,5,1,0,0,0,0,0,0,0,1,1,6,6,1,60,9,1242,1,9,FORD KA,6,E01015816,0,-1
2023520400424,2023,520400424,2,9,0,18,19,3,7,0,0,0,0,0,0,0,1,1,6,6,3,-1,-1,1299,1,15,FORD KA,-1,-1,0,-1
2023161328171,2023,161328171,1,9,0,9,9,2,8,0,0,8,0,0,0,0,1,1,5,6,2,17,4,1242,1,12,FORD KA,7,E01033106,0,-1
2023501288779,2023,501288779,1,9,0,5,5,4,1,8,6,8,0,0,0,0,3,1,6,6,2,18,4,1242,1,10,FORD KA,9,E01015110,0,-1
2023052302424,2023,052302424,1,9,0,18,19,3,7,0,0,1,0,0,0,0,1,1,6,6,1,74,10,1242,1,13,FORD KA,1,E01006756,0,-1
2023371359366,2023,371359366,1,9,0,5,5,5,1,0,0,8,0,0,0,0,3,1,5,6,2,34,6,1242,1,12,FORD KA,5,E01030290,0,-1
2023471346378,2023,471346378,2,9,0,13,13,3,7,0,0,0,0,0,1,0,1,1,6,6,2,28,6,1242,1,11,FORD KA,6,E01024406,0,-1
2023320591140,2023,320591140,1,9,0,18,19,2,6,0,0,0,5,0,7,0,4,1,6,6,2,19,4,1299,1,17,FORD KA,-1,-1,0,-1
2023471321365,2023,471321365,2,9,0,9,9,1,7,0,0,3,0,0,0,0,4,1,5,6,2,26,6,1242,1,13,FORD KA,2,E01031790,0,-1
2023430504936,2023,430504936,3,9,0,2,2,0,0,0,0,1,0,0,0,0,3,1,6,6,3,-1,-1,1242,1,14,FORD KA,3,E01016442,0,-1
2023440385968,2023,440385968,1,9,0,9,9,1,7,0,0,8,0,0,0,0,4,1,6,6,1,-1,-1,1242,1,10,FORD KA,-1,-1,0,-1
2023471286728,2023,471286728,1,9,0,18,19,1,6,0,0,0,0,0,0,0,1,1,2,2,2,30,6,1242,1,11,FORD KA,10,E01031682,0,-1
2023501369191,2023,501369191,1,9,0,16,19,2,6,0,0,0,1,10,1,7,4,1,2,2,1,48,8,1299,1,16,FORD KA,1,E01015257,0,-1
2023010464727,2023,010464727,1,9,0,9,9,7,5,0,0,6,0,0,0,0,1,2,6,6,2,29,6,1299,1,18,FORD KA,5,E01033708,0,-1
2023131260002,2023,131260002,2,9,0,18,19,5,1,0,0,0,0,0,0,0,4,1,2,2,2,20,4,1242,1,9,FORD KA,3,E01011018,0,-1
2023440335632,2023,440335632,1,9,0,5,5,0,8,0,0,8,0,0,0,0,3,1,6,6,2,27,6,1242,1,12,FORD KA,7,E01030905,0,-1
2023141277014,2023,141277014,1,9,0,18,19,7,4,0,0,8,0,0,0,0,4,1,6,6,2,31,6,1242,1,9,FORD KA,3,E01007843,0,-1
2023332300838,2023,332300838,1,9,0,18,19,8,4,0,0,1,0,0,0,0,1,1,6,6,2,17,4,1299,1,16,FORD KA,8,E01025861,0,-1
2023311281511,2023,311281511,2,9,0,18,19,2,2,0,0,1,0,0,0,0,2,1,2,2,2,59,9,1242,1,12,FORD KA,-1,-1,0,-1
2023070597087,2023,070597087,2,9,0,9,9,1,7,0,0,6,0,0,0,0,1,1,2,2,2,20,4,1242,1,8,FORD KA,2,E01006826,0,-1
2023141360296,2023,141360296,2,9,0,2,2,0,0,0,0,2,0,11,0,0,2,1,6,6,3,-1,-1,1299,1,16,FORD KA,-1,-1,0,-1
2023522301082,2023,522301082,1,9,0,18,19,4,8,0,0,1,0,0,0,0,1,1,6,6,1,18,4,1299,1,15,FORD KA,3,E01014650,0,-1
2023041282849,2023,041282849,1,9,0,16,19,5,1,0,0,0,0,0,8,4,1,1,5,6,2,18,4,1242,1,11,FORD KA,9,E01025484,0,-1
2023131269387,2023,131269387,2,9,0,18,19,7,3,0,0,1,0,0,0,0,3,1,5,6,1,38,7,1299,1,16,FORD KA,1,E01010650,0,-1
2023231285359,2023,231285359,3,9,0,16,19,4,8,0,0,0,0,0,0,0,1,1,5,6,2,59,9,1299,1,19,FORD KA,5,E01032354,0,-1
2023401289114,2023,401289114,2,9,0,3,3,1,5,0,0,0,0,0,0,0,2,1,5,6,2,53,8,1299,1,16,FORD KA,4,E01001233,0,-1
2023221288508,2023,221288508,1,9,0,9,9,2,8,0,0,5,0,0,0,0,1,1,5,6,1,55,8,1242,1,9,FORD KA,9,E01032143,0,-1
2023522400460,2023,522400460,1,9,0,3,3,7,3,0,0,0,0,0,0,0,2,1,6,6,2,27,6,1242,1,9,FORD KA,1,E01033359,0,-1
2023031303741,2023,031303741,1,9,0,18,19,3,7,0,0,1,0,0,0,0,3,1,5,6,1,22,5,1242,1,14,FORD KA,-1,-1,0,-1
2023041266419,2023,041266419,2,9,0,18,19,7,3,0,0,8,0,0,0,0,1,1,5,6,2,54,8,1242,1,8,FORD KA,6,E01012719,0,-1
2023430030602,2023,430030602,1,9,0,18,19,6,2,0,0,8,0,0,1,11,1,1,6,6,1,23,5,1242,1,10,FORD KA,7,E01016497,0,-1
2023041373567,2023,041373567,1,9,0,15,15,3,7,0,0,3,0,0,1,2,4,1,5,6,2,20,4,1242,1,14,FORD KA,9,W01000203,0,-1
2023531324268,2023,531324268,2,9,0,2,2,0,0,0,0,0,0,0,0,0,3,1,6,6,3,-1,-1,1242,1,14,FORD KA,-1,-1,0,-1
202363D025023,2023,63D025023,2,9,0,17,19,7,4,0,0,0,0,0,1,10,3,1,6,6,1,50,8,1242,1,12,FORD KA,10,W01000432,0,-1
2023461262774,2023,461262774,1,9,0,-1,-1,-1,-1,-1,-1,-1,-1,-1,-1,0,1,1,6,6,2,-1,-1,1299,1,16,FORD KA,5,E01024138,0,-1
2023041326718,2023,041326718,3,9,0,18,19,1,3,0,0,1,0,0,0,0,2,1,6,6,2,65,9,1242,1,8,FORD KA,6,E01025020,0,-1
202360A195241,2023,60A195241,2,9,0,9,9,1,7,0,0,2,0,0,0,0,3,1,6,6,2,24,5,1242,1,14,FORD KA,-1,-1,0,-1
2023610008723,2023,610008723,1,9,0,18,19,1,5,0,0,3,0,10,6,6,1,1,2,2,1,18,4,1242,1,14,FORD KA,1,W01001464,0,-1
2023161335461,2023,161335461,2,9,0,15,15,1,5,0,0,0,0,0,7,0,1,1,5,6,2,19,4,1242,1,14,FORD KA,4,E01013050,0,-1
2023332300065,2023,332300065,2,9,0,2,2,0,0,0,0,0,0,0,0,0,2,1,6,6,1,20,4,1242,1,10,FORD KA,10,E01025744,0,-1
2023430212187,2023,430212187,2,9,0,18,19,2,6,0,0,8,0,0,0,0,3,1,4,7,2,76,11,1242,1,11,FORD KA,3,E01017712,0,-1
2023010483406,2023,010483406,1,9,0,18,19,3,7,0,0,8,1,0,1,0,4,1,6,6,2,24,5,1299,1,16,FORD KA,-1,-1,0,-1
2023351313382,2023,351313382,1,9,0,18,19,4,8,0,0,0,1,0,1,0,2,1,6,6,2,53,8,1242,1,13,FORD KA,8,E01028353,0,-1
2023411349564,2023,411349564,1,9,-1,-1,-1,-1,-1,-1,-1,0,-1,-1,-1,0,-1,1,6,6,1,26,6,1299,1,17,FORD KA,-1,-1,0,-1
2023631362997,2023,631362997,1,9,0,18,19,7,3,0,0,0,0,4,0,0,1,1,5,6,1,19,4,1299,1,16,FORD KA,6,W01000630,0,-1
2023302301951,2023,302301951,4,9,0,2,2,0,0,0,0,2,0,0,0,0,2,1,6,6,3,-1,-1,1242,1,13,FORD KA,-1,-1,0,-1
2023131386895,2023,131386895,1,9,0,4,4,1,7,0,0,1,0,0,0,0,3,1,5,6,2,76,11,1242,1,9,FORD KA,1,E01011917,0,-1
202354B895923,2023,54B895923,1,9,0,12,12,4,8,0,0,0,0,0,0,0,1,1,6,6,2,23,5,1242,1,11,FORD KA,10,E01030903,0,-1
2023421324826,2023,421324826,1,9,0,18,19,3,7,0,0,0,1,6,0,0,1,1,6,6,1,17,4,1299,1,15,FORD KA,5,E01021492,0,-1
2023201398494,2023,201398494,2,9,0,18,19,7,3,0,0,8,0,0,0,0,1,1,6,6,2,20,4,1242,1,13,FORD KA,7,E01009292,0,-1
2023461275944,2023,461275944,1,9,0,18,19,3,7,0,0,0,0,0,0,0,4,1,6,6,2,29,6,1242,1,13,FORD KA,4,E01016120,0,-1
2023421368026,2023,421368026,1,9,0,18,19,3,7,0,0,0,0,0,1,0,1,1,5,6,2,48,8,1242,1,12,FORD KA,9,E01021255,0,-1
2023141285543,2023,141285543,1,9,0,18,19,3,7,0,0,1,0,0,0,0,3,1,6,6,1,28,6,1299,1,19,FORD KA,8,E01007705,0,-1
2023440173590,2023,440173590,1,9,0,4,4,3,7,0,0,0,0,0,0,0,2,1,6,6,2,17,4,1242,1,12,FORD KA,9,E01022718,0,-1
2023461337031,2023,461337031,2,3,0,18,19,5,1,0,0,8,1,0,0,0,1,1,1,1,1,37,7,124,1,24,-1,3,E01024501,0,-1
2023131342002,2023,131342002,1,3,0,-1,-1,-1,-1,-1,-1,-1,-1,-1,-1,-1,-1,1,6,6,3,-1,-1,124,1,21,-1,-1,-1,0,-1
2023430305035,2023,430305035,2,3,0,18,19,8,4,0,0,4,0,0,0,0,1,1,6,6,1,60,9,124,1,22,-1,9,E01017722,0,-1
2023340WN3492,2023,340WN3492,2,3,0,13,13,2,6,0,0,8,2,0,0,0,4,1,2,2,2,22,5,124,1,25,-1,4,E01027007,0,-1
2023311338712,2023,311338712,2,5,0,17,19,7,7,0,0,1,0,0,0,0,1,1,5,6,1,31,6,649,1,5,KAWASAKI ER,3,E01028056,0,-1
2023221313138,2023,221313138,2,5,0,3,3,7,3,0,0,1,0,0,0,0,2,1,6,6,1,34,6,649,1,7,KAWASAKI ER,7,E01014043,0,-1
2023552300172,2023,552300172,1,4,0,13,13,4,8,0,0,0,0,10,7,0,1,1,6,6,1,30,6,498,1,21,KAWASAKI ER,8,E01020425,0,-1
2023471337821,2023,471337821,1,5,0,18,19,7,3,0,0,0,0,0,0,0,1,1,5,6,1,38,7,649,1,8,KAWASAKI ER,1,E01016900,0,-1
202360A109258,2023,60A109258,1,5,0,17,19,6,2,0,0,0,0,0,2,4,4,1,6,6,1,42,7,649,1,13,KAWASAKI ER,-1,-1,0,-1
2023061261768,2023,061261768,2,4,0,18,19,1,4,0,0,0,0,0,0,0,2,1,5,6,1,35,6,498,1,16,KAWASAKI ER,3,E01005528,0,-1
2023332300977,2023,332300977,2,4,0,18,19,3,7,0,0,8,1,0,0,0,4,1,6,6,1,19,4,498,1,24,KAWASAKI ER,3,E01013786,0,-1
2023361281582,2023,361281582,1,5,0,7,7,2,5,0,0,2,1,0,0,0,4,1,5,6,1,61,9,649,1,9,KAWASAKI ER,-1,-1,0,-1
2023461380973,2023,461380973,1,5,0,18,19,7,3,0,0,0,1,0,0,0,4,1,6,6,1,23,5,649,1,10,KAWASAKI ER,2,E01024128,0,-1
2023302300752,2023,302300752,1,5,0,16,19,2,6,0,0,1,1,0,0,0,3,1,6,6,1,38,7,649,1,13,KAWASAKI ER,1,E01014212,0,-1
2023311298632,2023,311298632,2,5,0,18,19,2,6,0,0,8,0,0,0,0,1,1,2,2,1,39,7,649,1,8,KAWASAKI ER,2,E01013904,0,-1
2023101350781,2023,101350781,1,4,0,16,19,1,5,0,0,0,1,0,7,0,1,1,5,6,1,34,6,498,1,22,KAWASAKI ER,-1,-1,0,-1
2023161310274,2023,161310274,1,5,0,17,19,4,8,0,0,0,1,0,0,0,1,1,5,6,1,26,6,649,1,17,KAWASAKI ER,1,E01012808,0,-1
2023131317227,2023,131317227,1,5,0,17,19,2,8,0,0,0,2,0,0,0,4,1,6,6,1,27,6,649,1,7,KAWASAKI ER,8,E01011185,0,-1
2023101340128,2023,101340128,1,5,0,9,9,5,1,9,9,0,0,0,0,0,1,1,5,6,2,51,8,649,1,14,KAWASAKI ER,-1,-1,0,-1
2023332300975,2023,332300975,1,5,0,8,8,7,1,0,0,1,0,0,0,0,3,1,2,2,2,39,7,649,1,13,KAWASAKI ER,8,E01025942,0,-1
2023010443799,2023,010443799,1,5,0,3,3,2,6,0,0,8,0,0,0,0,0,1,6,6,1,28,6,649,1,8,KAWASAKI ER,4,E01000609,0,-1
2023131379186,2023,131379186,2,5,0,18,19,1,5,0,0,1,0,0,0,0,1,1,5,6,1,25,5,649,1,15,KAWASAKI ER,3,E01011601,0,-1
2023061305710,2023,061305710,2,5,0,18,19,1,6,0,0,1,0,0,0,0,1,1,5,6,1,22,5,649,1,6,KAWASAKI ER,2,E01005650,0,-1
2023361312439,2023,361312439,2,5,0,18,19,6,3,0,0,0,0,0,0,0,0,1,6,6,2,26,6,649,1,8,KAWASAKI ER,3,E01026735,0,-1
2023311298795,2023,311298795,2,3,0,9,9,4,1,0,0,4,0,0,0,0,4,1,6,6,1,24,5,498,1,21,-1,3,E01028014,0,-1
2023070197870,2023,070197870,2,4,0,18,19,7,4,0,0,8,0,0,0,0,4,1,6,6,1,63,9,498,1,23,KAWASAKI ER,9,E01018362,0,-1
2023991275153,2023,991275153,1,5,0,18,19,8,4,0,0,0,5,10,0,0,4,1,6,6,1,39,7,649,1,10,KAWASAKI ER,3,-1,0,-1
2023991351774,2023,991351774,1,5,0,16,19,7,2,0,0,0,5,0,7,0,1,1,6,6,1,55,8,500,1,18,KAWASAKI ER,9,-1,0,-1
2023440508995,2023,440508995,2,5,0,14,14,7,3,0,0,0,0,0,0,0,1,1,2,2,1,72,10,649,1,11,KAWASAKI ER,8,E01022758,0,-1
2023010421600,2023,010421600,1,5,0,18,19,7,3,99,99,9,9,99,9,99,2,1,6,6,2,19,4,649,1,5,KAWASAKI ER,4,E01000612,0,-1
2023440224237,2023,440224237,1,5,0,17,19,3,8,0,0,0,0,0,0,0,1,1,6,6,1,27,6,649,1,8,KAWASAKI ER,10,E01022534,0,-1