collision_index,collision_year,collision_ref_no,vehicle_reference,vehicle_type,towing_and_articulation,vehicle_manoeuvre_historic,vehicle_manoeuvre,vehicle_direction_from,vehicle_direction_to,vehicle_location_restricted_lane_historic,vehicle_location_restricted_lane,junction_location,skidding_and_overturning,hit_object_in_carriageway,vehicle_leaving_carriageway,hit_object_off_carriageway,first_point_of_impact,vehicle_left_hand_drive,journey_purpose_of_driver_historic,journey_purpose_of_driver,sex_of_driver,age_of_driver,age_band_of_driver,engine_capacity_cc,propulsion_code,age_of_vehicle,generic_make_model,driver_imd_decile,lsoa_of_driver,escooter_flag,driver_distance_banding
2023010464186,2023,010464186,2,5,0,18,19,3,7,0,0,8,0,0,0,0,1,1,2,2,1,36,7,649,1,6,KAWASAKI ER,4,E01016011,0,-1
2023131317249,2023,131317249,2,5,0,4,4,7,3,0,0,1,0,0,0,0,1,1,5,6,1,34,6,649,1,17,KAWASAKI ER,4,E01010727,0,-1
2023010425300,2023,010425300,2,5,0,18,19,3,7,0,0,2,5,0,0,0,3,1,2,2,1,38,7,649,1,6,KAWASAKI ER,4,E01030749,0,-1
2023545204823,2023,545204823,1,5,0,18,19,1,5,0,0,0,0,0,1,9,4,1,6,6,1,29,6,649,1,5,KAWASAKI ER,10,E01031907,0,-1
2023010456057,2023,010456057,2,4,0,13,13,7,3,0,0,0,1,0,1,0,1,1,6,6,1,17,4,296,1,8,KAWASAKI ER,6,E01000193,0,-1
202354D183723,2023,54D183723,2,5,0,18,19,8,4,0,0,1,0,0,0,0,1,1,6,6,1,21,5,649,1,9,KAWASAKI ER,8,E01032001,0,-1
2023430266467,2023,430266467,2,5,0,18,19,3,7,0,0,8,1,0,0,0,1,1,6,6,1,26,6,649,1,13,KAWASAKI ER,9,E01033512,0,-1
2023010470403,2023,010470403,2,4,0,18,19,5,1,0,0,1,0,0,0,0,1,1,6,6,1,44,7,296,1,8,KAWASAKI ER,3,E01004573,0,-1
2023552400219,2023,552400219,2,3,0,18,19,2,6,0,0,8,0,0,0,0,4,1,2,2,1,38,7,498,1,21,-1,6,E01015454,0,-1
2023461375163,2023,461375163,2,4,0,5,5,4,8,0,0,1,0,0,0,0,3,1,6,6,1,20,4,296,1,6,KAWASAKI ER,3,E01024668,0,-1
2023430394324,2023,430394324,1,4,0,18,19,6,2,0,0,8,0,9,0,0,1,1,6,6,1,80,11,498,1,24,KAWASAKI ER,10,E01028669,0,-1
2023440443352,2023,440443352,2,5,0,18,19,8,4,0,0,1,0,0,0,0,0,1,2,2,1,41,7,649,1,8,KAWASAKI ER,7,E01022506,0,-1
2023161364438,2023,161364438,1,5,0,15,15,6,2,0,0,2,0,0,0,0,3,1,6,6,1,30,6,649,1,15,KAWASAKI ER,3,E01012832,0,-1
2023231319418,2023,231319418,1,5,0,17,19,4,1,0,0,0,0,0,0,0,3,1,5,6,1,29,6,649,1,11,KAWASAKI ER,1,E01009539,0,-1
2023071025524,2023,071025524,2,5,0,4,4,4,8,0,0,1,0,0,0,0,1,1,2,2,1,62,9,649,1,17,KAWASAKI ER,2,E01018484,0,-1
2023340NN4612,2023,340NN4612,2,4,0,18,19,7,3,0,0,1,0,0,0,0,1,1,6,6,1,46,8,498,1,25,KAWASAKI ER,4,E01017493,0,-1
2023052301278,2023,052301278,1,4,0,18,19,1,5,0,0,0,1,0,0,0,1,1,2,2,1,42,7,498,1,21,KAWASAKI ER,2,E01007263,0,-1
2023041353102,2023,041353102,1,4,0,13,13,3,7,0,0,1,0,0,0,0,3,1,5,6,1,67,10,498,1,24,KAWASAKI ER,5,E01025017,0,-1
2023440143562,2023,440143562,1,3,0,18,19,7,3,0,0,0,1,0,0,0,0,1,2,2,1,37,7,125,1,15,-1,5,E01023015,0,-1
2023122301044,2023,122301044,1,9,0,5,5,5,1,0,0,6,0,0,1,11,1,1,6,6,1,68,10,2494,8,6,-1,7,E01027761,0,-1
2023461303218,2023,461303218,4,9,0,2,2,0,0,0,0,8,0,0,0,0,2,1,6,6,3,-1,-1,2494,8,5,-1,-1,-1,0,-1
2023061317928,2023,061317928,3,9,0,2,2,0,0,0,0,0,0,4,0,0,2,1,6,6,2,38,7,2494,8,7,-1,6,E01005801,0,-1
2023610037023,2023,610037023,2,9,0,9,9,1,6,0,0,6,0,0,0,0,3,1,6,6,1,18,4,1498,1,2,MG 3,4,W01001528,0,-1
2023622300765,2023,622300765,1,9,0,18,19,4,8,0,0,0,0,0,0,0,1,1,3,7,2,31,6,1498,1,3,MG 3,7,W01001157,0,-1
2023010469557,2023,010469557,1,9,0,18,19,1,5,0,0,1,0,0,0,0,3,1,6,6,1,46,8,1498,1,7,MG 3,3,E01003036,0,-1
2023421325067,2023,421325067,3,9,0,2,2,0,0,0,0,0,0,0,0,0,2,1,6,6,3,-1,-1,1498,1,7,MG 3,-1,-1,0,-1
2023052302892,2023,052302892,1,9,0,18,19,1,5,0,0,4,0,0,0,0,1,1,6,6,2,61,9,1498,1,2,MG 3,2,E01006948,0,-1
2023430206466,2023,430206466,2,9,0,18,19,4,8,0,0,0,0,0,0,0,1,1,2,2,2,50,8,1498,1,6,MG 3,8,E01016774,0,-1
2023361322261,2023,361322261,2,9,0,2,2,0,0,0,0,0,0,0,0,0,2,1,5,6,1,83,11,1498,1,2,MG 3,7,E01026939,0,-1
2023141365660,2023,141365660,2,9,0,17,19,8,6,0,0,8,0,7,0,0,3,1,5,6,2,42,7,1498,1,0,MG 3,8,E01007502,0,-1
2023302301368,2023,302301368,2,9,0,18,19,3,7,0,0,4,0,0,0,0,1,1,6,6,1,74,10,1498,1,0,MG 3,6,E01029482,0,-1
2023041322334,2023,041322334,1,9,0,18,19,7,3,0,0,0,0,0,0,0,1,1,5,6,2,56,9,1498,1,7,MG 3,3,E01025469,0,-1
2023201279081,2023,201279081,1,9,0,9,9,4,2,0,0,5,0,0,0,0,1,1,6,6,1,48,8,1498,1,6,MG 3,1,E01009360,0,-1
2023371356348,2023,371356348,1,9,0,7,7,3,5,0,0,8,0,0,0,0,1,1,5,6,2,32,6,1498,1,4,MG 3,6,E01029944,0,-1
2023161365564,2023,161365564,2,9,0,18,19,6,2,0,0,3,0,0,0,0,1,1,5,6,1,60,9,1498,1,6,MG 3,3,E01012986,0,-1
2023201313614,2023,201313614,2,9,0,2,2,0,0,0,0,0,0,0,0,0,2,1,6,6,1,24,5,1498,1,9,MG 3,4,E01009205,0,-1
2023101276773,2023,101276773,1,9,0,5,5,3,7,0,0,1,5,0,0,0,1,1,6,6,1,35,6,1498,1,3,MG 3,1,E01008485,0,-1
2023411331712,2023,411331712,1,9,0,18,19,3,7,0,0,0,0,0,0,0,1,1,6,6,1,36,7,1498,1,1,MG 3,1,E01015699,0,-1
2023430219802,2023,430219802,2,9,0,3,3,7,3,0,0,0,0,0,0,0,2,1,6,6,1,25,5,1498,1,2,MG 3,8,E01027288,0,-1
2023320575363,2023,320575363,1,9,0,9,9,3,8,0,0,6,0,0,0,0,1,1,2,2,2,30,6,1498,1,4,MG 3,3,E01026036,0,-1
2023421308263,2023,421308263,1,9,0,9,9,5,3,0,0,6,0,0,0,0,1,1,6,6,1,51,8,1498,1,3,MG 3,10,E01015908,0,-1
2023231361408,2023,231361408,3,9,0,2,2,0,0,0,0,0,0,0,0,0,4,1,5,6,1,69,10,1498,1,2,MG 3,6,E01031234,0,-1
2023471327304,2023,471327304,1,9,0,18,19,1,5,0,0,1,0,0,0,0,1,1,5,6,1,44,7,1498,1,4,MG 3,4,E01020914,0,-1
2023421367801,2023,421367801,2,9,0,4,4,3,3,0,0,0,0,0,0,0,2,1,6,6,2,45,7,1498,1,3,MG 3,1,E01022001,0,-1
2023991275139,2023,991275139,1,9,0,18,19,7,3,0,0,1,0,0,0,0,1,1,5,6,1,76,11,1498,1,5,MG 3,8,-1,0,-1
2023991312314,2023,991312314,2,9,0,10,10,4,2,0,0,8,0,0,0,0,2,1,5,6,2,49,8,1498,1,4,MG 3,1,-1,0,-1
2023440315196,2023,440315196,1,9,0,4,4,6,2,0,0,1,0,0,0,0,2,1,6,6,1,27,6,1498,1,1,MG 3,5,E01022842,0,-1
2023522401043,2023,522401043,1,9,0,18,19,1,5,0,0,8,0,0,0,0,1,1,6,6,2,53,8,1498,1,0,MG 3,3,E01014674,0,-1
2023052301006,2023,052301006,2,9,0,18,19,5,1,0,0,8,0,0,0,0,1,1,2,2,2,22,5,1498,1,0,MG 3,6,E01007163,0,-1
2023010453437,2023,010453437,2,9,0,18,19,2,6,0,0,0,0,4,1,4,1,1,6,6,1,76,11,1498,1,2,MG 3,7,E01000674,0,-1
2023061373706,2023,061373706,1,9,0,9,9,6,3,0,0,0,0,0,0,0,3,1,2,2,2,32,6,1498,1,2,MG 3,1,E01005245,0,-1
2023631345301,2023,631345301,1,9,0,18,19,5,1,0,0,1,0,0,0,0,1,1,2,2,1,28,6,1498,1,2,MG 3,4,W01000586,0,-1
2023122301353,2023,122301353,2,9,0,18,19,7,3,0,0,1,0,0,0,0,1,1,6,6,1,69,10,1498,1,2,MG 3,10,E01027893,0,-1
2023351388315,2023,351388315,2,9,0,3,3,5,1,0,0,0,0,0,0,0,2,1,5,6,1,53,8,1498,1,8,MG 3,6,E01018036,0,-1
2023522301100,2023,522301100,2,9,0,18,19,3,7,0,0,6,0,0,0,0,4,1,6,6,2,38,7,1498,1,4,MG 3,1,E01014497,0,-1
2023531367493,2023,531367493,3,9,0,4,4,3,7,0,0,1,0,0,0,0,2,1,5,6,2,38,7,1498,1,0,MG 3,-1,-1,0,-1
2023061312442,2023,061312442,2,9,0,18,19,7,3,0,0,0,0,0,0,0,2,1,5,6,2,28,6,1498,1,3,MG 3,1,E01006821,0,-1
2023430462879,2023,430462879,2,9,0,3,3,3,7,0,0,1,0,0,0,0,2,1,6,6,1,40,7,1498,1,7,MG 3,-1,-1,0,-1
2023471304562,2023,471304562,1,9,0,18,19,7,3,0,0,0,5,4,0,0,1,1,5,6,2,56,9,1498,1,1,MG 3,10,E01031737,0,-1
2023111369714,2023,111369714,2,9,0,18,19,5,1,0,0,0,0,0,0,0,-1,1,6,6,1,50,8,1498,1,3,MG 3,6,E01020697,0,-1
2023631308050,2023,631308050,1,9,0,16,19,1,4,0,0,0,0,0,8,10,1,1,5,6,2,76,11,1498,1,2,MG 3,9,W01001903,0,-1
2023371295623,2023,371295623,2,9,0,18,19,5,1,0,0,0,0,0,0,0,1,1,5,6,2,35,6,1498,1,6,MG 3,6,E01030209,0,-1
2023461317077,2023,461317077,1,9,0,14,14,7,3,0,0,0,0,0,0,0,1,1,6,6,1,79,11,1498,1,7,MG 3,1,E01024697,0,-1
2023351338040,2023,351338040,2,9,0,2,2,8,4,0,0,1,1,0,0,0,2,1,6,6,1,21,5,1498,1,8,MG 3,-1,-1,0,-1
2023440314727,2023,440314727,1,9,0,18,19,5,1,0,0,1,0,0,0,0,1,1,6,6,2,33,6,1498,1,1,MG 3,8,E01023232,0,-1
2023340NN1362,2023,340NN1362,2,9,0,18,19,8,4,0,0,2,0,0,0,0,1,1,1,1,2,32,6,1498,1,9,MG 3,8,E01032966,0,-1
2023122301189,2023,122301189,1,9,0,4,4,3,7,0,0,0,0,0,0,0,1,1,6,6,2,70,10,1498,1,0,MG 3,4,E01027830,0,-1
2023471314643,2023,471314643,1,9,0,11,11,4,8,0,0,8,0,0,0,0,1,1,5,6,2,69,10,1498,1,7,MG 3,4,E01020973,0,-1
2023111282861,2023,111282861,1,9,0,7,7,1,5,0,0,8,0,0,0,0,1,1,2,2,2,24,5,1498,1,7,MG 3,2,E01020820,0,-1
2023522301405,2023,522301405,3,9,0,18,19,1,5,0,0,0,0,0,0,0,4,1,6,6,2,23,5,1498,1,5,MG 3,10,E01014995,0,-1
2023351267764,2023,351267764,1,9,0,7,7,-1,-1,0,0,8,0,0,0,0,4,1,6,6,1,50,8,1498,1,7,MG 3,8,E01021349,0,-1
2023531388666,2023,531388666,2,9,0,18,19,7,3,0,0,1,0,0,0,0,3,1,6,6,1,63,9,1498,1,5,MG 3,3,E01022293,0,-1
2023131319524,2023,131319524,2,9,0,2,2,1,5,0,0,2,0,0,0,0,2,1,6,6,3,-1,-1,1498,1,1,MG 3,-1,-1,0,-1
2023211318790,2023,211318790,1,9,0,5,5,5,3,0,0,4,0,0,0,0,3,1,4,7,1,20,4,1498,1,6,MG 3,-1,-1,0,-1
2023461380181,2023,461380181,1,9,0,18,19,5,1,0,0,1,5,0,0,0,3,1,1,1,2,40,7,1498,1,3,MG 3,1,E01024278,0,-1
2023501372104,2023,501372104,2,9,0,5,5,7,6,0,0,0,0,0,0,0,3,1,6,6,1,57,9,1498,1,3,MG 3,3,E01015238,0,-1
2023231379737,2023,231379737,2,9,0,18,19,2,6,0,0,3,1,0,0,0,2,1,6,6,2,64,9,1498,1,9,MG 3,10,E01032895,0,-1
2023161356143,2023,161356143,1,9,0,17,19,1,5,0,0,0,2,10,1,4,4,1,5,6,1,18,4,1498,1,7,MG 3,3,E01013087,0,-1
2023211389408,2023,211389408,1,9,0,5,5,7,3,0,0,1,0,0,0,0,1,1,5,6,1,-1,-1,1498,1,4,MG 3,1,E01014218,0,-1
2023320230269,2023,320230269,1,9,0,18,19,8,4,0,0,1,0,0,0,0,1,1,6,6,2,54,8,1498,1,2,MG 3,9,E01026209,0,-1
2023451367466,2023,451367466,1,9,0,5,5,2,6,0,0,0,0,0,0,0,1,1,5,6,2,52,8,1498,1,1,MG 3,9,E01030510,0,-1
2023610021623,2023,610021623,2,9,0,2,2,1,1,0,0,0,0,0,0,0,2,1,6,6,1,-1,-1,1498,1,6,MG 3,-1,-1,0,-1
2023070824565,2023,070824565,2,9,0,9,9,6,4,0,0,8,0,0,0,0,3,1,6,6,2,48,8,1498,1,1,MG 3,9,E01018408,0,-1
2023201407945,2023,201407945,2,9,0,17,19,5,3,0,0,0,0,0,0,0,1,1,5,6,2,24,5,1498,1,1,MG 3,2,E01010284,0,-1
2023122400021,2023,122400021,1,9,0,1,1,1,6,0,0,6,0,0,0,0,1,1,6,6,1,62,9,1498,1,7,MG 3,4,E01027832,0,-1
2023461306088,2023,461306088,1,9,0,5,5,5,1,0,0,1,0,0,0,0,1,1,6,6,2,24,5,1498,1,3,MG 3,4,E01024358,0,-1
2023471279941,2023,471279941,1,9,0,11,11,5,1,0,0,0,1,0,1,0,2,1,5,6,2,60,9,1498,1,4,MG 3,8,E01022944,0,-1
2023451326565,2023,451326565,2,9,0,18,19,1,5,0,0,0,0,0,0,0,1,1,5,6,2,63,9,1498,1,5,MG 3,4,E01017162,0,-1
2023631366828,2023,631366828,2,9,0,18,19,1,1,0,0,1,0,0,0,0,4,1,6,6,1,31,6,1498,1,6,MG 3,3,W01000607,0,-1
2023461382211,2023,461382211,2,9,0,18,19,3,7,0,0,2,0,0,0,0,4,1,6,6,1,40,7,1498,1,9,MG 3,3,E01024166,0,-1
2023161361256,2023,161361256,2,9,0,2,2,0,0,0,0,0,0,0,0,0,1,1,6,6,3,-1,-1,1498,1,4,MG 3,-1,-1,0,-1
2023311264924,2023,311264924,1,9,0,18,19,7,3,0,0,1,0,10,0,0,3,1,3,7,2,57,9,1498,1,4,MG 3,-1,-1,0,-1
2023622300372,2023,622300372,1,9,0,18,19,8,4,0,0,0,1,0,0,0,1,1,1,1,1,35,6,1498,1,6,MG 3,4,W01001917,0,-1
2023201403232,2023,201403232,3,9,0,18,19,8,4,0,0,2,0,0,0,0,1,1,6,6,2,54,8,1498,1,2,MG 3,7,E01009898,0,-1
2023201303744,2023,201303744,1,9,0,18,19,6,2,0,0,1,0,0,0,0,3,1,6,6,1,43,7,1498,1,1,MG 3,1,E01010316,0,-1
2023201284720,2023,201284720,1,9,0,18,19,7,3,0,0,8,0,0,0,0,1,1,6,6,1,-1,-1,1498,1,3,MG 3,-1,-1,0,-1
2023231265312,2023,231265312,2,9,0,18,19,1,5,0,0,8,0,0,0,0,1,1,6,6,1,28,6,1498,1,8,MG 3,1,E01031057,0,-1
2023311306718,2023,311306718,1,9,0,4,4,7,3,0,0,1,0,0,1,2,1,1,6,6,2,32,6,1498,1,6,MG 3,7,E01013242,0,-1
2023451314059,2023,451314059,2,9,0,18,19,1,1,2,2,0,0,0,0,0,2,1,6,6,1,50,8,1498,1,5,MG 3,8,E01016195,0,-1
2023311324814,2023,311324814,2,9,0,9,9,7,3,0,0,8,0,0,0,0,3,1,5,6,2,54,8,1498,1,8,MG 3,3,E01006376,0,-1
2023622300859,2023,622300859,1,9,0,18,19,3,7,0,0,0,0,0,0,0,1,1,6,6,2,28,6,1498,1,3,MG 3,9,W01001119,0,-1
2023421319870,2023,421319870,1,9,0,18,19,1,4,0,0,8,0,0,0,0,3,1,5,6,2,20,4,1498,1,0,MG 3,8,E01022092,0,-1
2023461388164,2023,461388164,1,9,0,9,9,3,5,0,0,0,0,0,0,0,3,1,5,6,2,42,7,1498,1,1,MG 3,10,E01024820,0,-1
2023552300915,2023,552300915,1,9,0,13,13,5,1,0,0,0,0,0,0,0,0,1,6,6,2,60,9,1498,1,6,MG 3,7,E01020509,0,-1
2023070675788,2023,070675788,1,9,0,5,5,5,1,0,0,4,0,0,0,0,1,1,6,6,1,-1,-1,1498,1,3,MG 3,7,E01006339,0,-1
2023010459003,2023,010459003,2,9,0,18,19,1,5,0,0,2,0,0,0,0,1,1,6,6,1,50,8,1498,1,9,MG 3,4,E01003308,0,-1
2023010423737,2023,010423737,2,9,0,99,99,9,9,99,99,9,9,99,9,99,2,9,6,6,3,39,7,1498,1,4,MG 3,4,E01003020,0,-1
2023622300518,2023,622300518,2,9,0,4,4,6,2,0,0,0,0,0,0,0,2,1,1,1,1,24,5,1498,1,1,MG 3,1,W01000835,0,-1
2023622300638,2023,622300638,1,9,0,9,9,4,2,0,0,5,0,0,0,0,1,1,2,2,1,19,4,1498,1,1,MG 3,2,W01001253,0,-1
202354A674523,2023,54A674523,3,9,0,3,3,5,1,0,0,0,0,0,0,0,2,1,6,6,1,64,9,1498,1,1,MG 3,-1,-1,0,-1
2023141339945,2023,141339945,3,9,0,4,4,5,1,0,0,1,0,0,0,0,2,1,6,6,2,45,7,1498,1,2,MG 3,3,E01007895,0,-1
2023201297327,2023,201297327,1,9,0,18,19,6,2,0,0,8,0,0,0,0,3,1,6,6,2,35,6,1498,1,6,MG 3,2,E01010521,0,-1
2023421283203,2023,421283203,1,9,0,11,11,5,1,0,0,0,0,0,0,0,4,1,5,6,2,22,5,1498,1,6,MG 3,1,E01020993,0,-1
2023471333365,2023,471333365,1,9,0,17,19,5,2,0,0,0,0,0,7,3,1,1,5,6,1,21,5,1598,1,11,MINI JOHN COOPER WORKS,9,E01031711,0,-1
2023141339859,2023,141339859,1,9,0,4,4,6,3,0,0,1,0,0,0,0,2,1,3,7,2,49,8,1998,1,5,MINI JOHN COOPER WORKS,-1,-1,0,-1
2023340WN6352,2023,340WN6352,2,9,0,18,19,1,5,0,0,0,0,0,7,0,3,1,2,2,2,63,9,1998,1,2,MINI JOHN COOPER WORKS,7,E01031197,0,-1
2023430018420,2023,430018420,1,9,0,18,19,3,7,0,0,8,0,0,0,0,4,1,3,7,1,48,8,1998,1,5,MINI JOHN COOPER WORKS,10,E01016524,0,-1
2023010449607,2023,010449607,1,9,0,3,3,7,3,0,0,0,0,4,0,0,1,2,6,6,2,47,8,1998,1,5,MINI JOHN COOPER WORKS,7,E01002911,0,-1
2023471275678,2023,471275678,1,9,0,18,19,8,4,0,0,0,1,7,7,1,1,1,5,6,1,52,8,1598,1,11,MINI JOHN COOPER WORKS,3,E01031451,0,-1
2023141358350,2023,141358350,1,9,0,18,19,1,5,0,0,0,0,0,0,0,1,1,2,2,2,58,9,1598,1,9,MINI JOHN COOPER WORKS,10,E01008043,0,-1
2023421322882,2023,421322882,1,9,0,9,9,7,6,0,0,8,0,0,0,0,3,1,5,6,2,21,5,1998,1,4,MINI JOHN COOPER WORKS,6,E01002332,0,-1
2023520400701,2023,520400701,1,9,0,10,10,6,2,0,0,8,0,0,0,0,9,1,6,6,1,66,10,1598,1,12,MINI JOHN COOPER WORKS,9,E01029207,0,-1
2023010468918,2023,010468918,2,9,0,99,99,9,9,99,99,9,9,99,9,99,9,9,6,6,2,28,6,1998,1,1,MINI JOHN COOPER WORKS,7,E01004553,0,-1
2023471374918,2023,471374918,1,9,0,4,4,0,0,6,6,0,0,0,0,0,2,1,2,2,1,27,6,1598,1,10,MINI JOHN COOPER WORKS,9,E01024823,0,-1
2023302301988,2023,302301988,1,9,0,18,19,5,1,0,0,1,0,0,0,0,2,1,6,6,2,26,6,1998,1,6,MINI JOHN COOPER WORKS,4,E01019773,0,-1
2023161278109,2023,161278109,2,9,0,2,2,0,0,0,0,1,0,0,0,0,2,1,6,6,3,-1,-1,1998,1,4,MINI JOHN COOPER WORKS,-1,-1,0,-1
2023461358189,2023,461358189,1,9,0,18,19,8,4,0,0,0,0,0,0,0,1,1,6,6,2,56,9,1998,1,3,MINI JOHN COOPER WORKS,8,E01021134,0,-1
2023361312695,2023,361312695,2,9,0,18,19,1,5,0,0,0,0,0,0,0,0,1,6,6,2,58,9,1998,1,5,MINI JOHN COOPER WORKS,10,E01026915,0,-1
2023332300344,2023,332300344,2,9,0,18,19,1,5,0,0,1,0,0,0,0,2,1,6,6,2,63,9,1598,1,15,MINI JOHN COOPER WORKS,4,E01025933,0,-1
2023201320177,2023,201320177,4,9,0,2,2,0,0,0,0,0,0,0,0,0,2,1,6,6,1,-1,-1,1998,1,6,MINI JOHN COOPER WORKS,8,E01010209,0,-1
2023440070085,2023,440070085,1,9,0,15,15,8,4,0,0,3,0,10,1,9,4,1,1,1,1,22,5,1998,1,3,MINI JOHN COOPER WORKS,-1,-1,0,-1
2023501360309,2023,501360309,1,9,0,13,13,5,1,0,0,0,0,0,0,0,4,1,5,6,1,30,6,1998,1,5,MINI JOHN COOPER WORKS,4,E01019037,0,-1
2023461388102,2023,461388102,1,9,0,18,19,3,7,0,0,0,1,0,8,4,1,1,6,6,1,22,5,1598,1,10,MINI JOHN COOPER WORKS,9,E01021124,0,-1
2023520301687,2023,520301687,1,9,0,18,19,3,7,0,0,0,0,0,0,0,1,1,6,6,1,42,7,1998,1,2,MINI JOHN COOPER WORKS,6,E01029285,0,-1
2023430248386,2023,430248386,1,9,0,9,9,3,1,0,0,6,0,0,0,0,3,1,1,1,1,44,7,1998,1,5,MINI JOHN COOPER WORKS,7,E01028438,0,-1
2023501345316,2023,501345316,2,9,0,4,4,7,3,0,0,0,1,0,0,0,2,1,5,6,1,36,7,1998,1,7,MINI JOHN COOPER WORKS,4,E01004565,0,-1
2023991332028,2023,991332028,1,9,0,18,19,3,7,0,0,0,0,0,7,0,1,1,5,6,2,65,9,1998,1,7,MINI JOHN COOPER WORKS,5,-1,0,-1
2023471317391,2023,471317391,3,9,0,2,2,0,0,0,0,2,0,0,0,0,3,1,6,6,3,-1,-1,1998,1,4,MINI JOHN COOPER WORKS,-1,-1,0,-1
2023010447014,2023,010447014,3,9,0,18,19,1,5,0,0,1,0,0,0,0,1,1,6,6,2,22,5,1998,1,4,MINI JOHN COOPER WORKS,6,E01000414,0,-1
2023430260745,2023,430260745,1,9,0,9,9,2,8,0,0,6,0,0,0,0,3,1,6,6,2,70,10,1998,1,5,MINI JOHN COOPER WORKS,7,E01017571,0,-1
2023451363133,2023,451363133,3,9,0,6,6,1,5,0,0,8,0,0,5,0,4,1,5,6,1,33,6,1998,1,3,MINI JOHN COOPER WORKS,7,E01030515,0,-1
2023010436047,2023,010436047,1,9,0,18,19,1,5,0,0,0,0,0,0,0,4,1,6,6,1,32,6,1998,1,1,MINI JOHN COOPER WORKS,2,E01002068,0,-1
2023010435000,2023,010435000,1,9,0,99,99,9,9,99,99,9,9,99,9,99,2,9,6,6,2,49,8,1598,1,9,MINI JOHN COOPER WORKS,8,E01001470,0,-1
2023010423508,2023,010423508,3,9,0,4,4,8,4,0,0,0,1,0,0,0,2,1,6,6,2,21,5,1998,1,8,MINI JOHN COOPER WORKS,-1,-1,0,-1
2023471349338,2023,471349338,3,9,0,2,2,0,0,0,0,0,0,0,0,0,1,1,6,6,3,-1,-1,1998,1,7,MINI JOHN COOPER WORKS,-1,-1,0,-1
2023010434959,2023,010434959,2,9,9,99,99,9,9,99,99,9,9,99,9,99,1,9,6,6,3,-1,-1,1998,1,2,MINI JOHN COOPER WORKS,-1,-1,0,-1
2023041319850,2023,041319850,1,9,0,18,19,4,8,0,0,0,0,0,0,0,1,1,5,6,1,74,10,1998,1,0,MINI JOHN COOPER WORKS,10,E01025426,0,-1
2023552301344,2023,552301344,3,9,0,18,19,8,4,0,0,0,0,0,0,0,1,1,2,2,1,19,4,1598,1,9,MINI JOHN COOPER WORKS,9,E01020391,0,-1
2023010435926,2023,010435926,2,9,0,5,5,3,7,0,0,0,0,0,0,0,3,1,2,2,1,27,6,1998,1,2,MINI JOHN COOPER WORKS,3,E01002557,0,-1
2023351375170,2023,351375170,1,9,0,18,19,8,6,0,0,0,0,0,0,0,1,1,6,6,1,77,11,1998,1,7,MINI JOHN COOPER WORKS,9,E01018015,0,-1
2023631389395,2023,631389395,1,9,0,18,19,1,5,9,9,1,1,0,3,7,1,1,5,6,1,20,4,1598,1,10,MINI JOHN COOPER WORKS,7,W01000675,0,-1
2023041367884,2023,041367884,1,9,0,1,1,7,3,0,0,0,0,0,0,0,2,1,5,6,1,78,11,1998,1,2,MINI JOHN COOPER WORKS,6,E01024982,0,-1
2023461363833,2023,461363833,2,9,0,4,4,7,3,0,0,0,0,0,0,0,3,1,6,6,1,26,6,1998,1,6,MINI JOHN COOPER WORKS,6,E01024371,0,-1
2023111263403,2023,111263403,1,9,0,18,19,8,4,0,0,2,0,0,0,0,4,1,5,6,1,25,5,1998,1,3,MINI JOHN COOPER WORKS,7,E01020879,0,-1
2023041329502,2023,041329502,1,9,0,1,1,1,5,0,0,2,0,0,0,0,2,1,5,6,2,64,9,1998,1,4,MINI JOHN COOPER WORKS,10,E01025019,0,-1
2023010457710,2023,010457710,2,9,0,99,99,9,9,99,99,9,9,99,9,99,1,9,6,6,3,-1,-1,1998,1,6,MINI JOHN COOPER WORKS,-1,-1,0,-1
2023320476113,2023,320476113,2,9,0,18,19,6,2,0,0,8,0,0,0,0,1,2,6,6,1,61,9,1998,1,3,MINI JOHN COOPER WORKS,8,E01026141,0,-1
2023041337577,2023,041337577,1,9,0,4,4,8,8,0,0,0,0,0,0,0,4,1,2,2,2,30,6,1998,1,8,MINI JOHN COOPER WORKS,8,E01024957,0,-1
2023221321668,2023,221321668,1,9,0,18,19,7,3,0,0,1,0,0,0,0,1,1,6,6,1,60,9,1998,1,5,MINI JOHN COOPER WORKS,6,E01029670,0,-1
2023501333536,2023,501333536,1,9,0,9,9,3,2,0,0,5,0,0,0,0,0,1,5,6,1,28,6,1998,1,0,MINI JOHN COOPER WORKS,5,E01018798,0,-1
2023411337220,2023,411337220,1,9,0,4,4,2,6,0,0,2,1,11,0,0,1,1,2,2,1,58,9,2960,1,31,-1,4,E01023857,0,-1
2023991312401,2023,991312401,2,9,0,2,2,5,1,0,0,0,0,0,1,0,2,1,6,6,3,-1,-1,2488,2,17,NISSAN PATHFINDER,-1,-1,0,-1
2023010435725,2023,010435725,1,9,0,7,7,3,6,8,6,8,0,0,0,0,3,1,6,6,1,54,8,2488,2,14,NISSAN PATHFINDER,8,E01002979,0,-1
2023010422758,2023,010422758,1,9,0,9,9,1,6,0,0,0,0,0,0,0,3,1,6,6,1,63,9,2488,2,15,NISSAN PATHFINDER,6,E01001070,0,-1