collision_index,collision_year,collision_ref_no,vehicle_reference,vehicle_type,towing_and_articulation,vehicle_manoeuvre_historic,vehicle_manoeuvre,vehicle_direction_from,vehicle_direction_to,vehicle_location_restricted_lane_historic,vehicle_location_restricted_lane,junction_location,skidding_and_overturning,hit_object_in_carriageway,vehicle_leaving_carriageway,hit_object_off_carriageway,first_point_of_impact,vehicle_left_hand_drive,journey_purpose_of_driver_historic,journey_purpose_of_driver,sex_of_driver,age_of_driver,age_band_of_driver,engine_capacity_cc,propulsion_code,age_of_vehicle,generic_make_model,driver_imd_decile,lsoa_of_driver,escooter_flag,driver_distance_banding
2023501310734,2023,501310734,1,9,0,18,19,5,1,0,0,0,0,0,2,10,1,1,6,6,1,39,7,2488,2,16,NISSAN PATHFINDER,5,E01020339,0,-1
2023421293321,2023,421293321,2,9,0,10,10,1,7,0,0,0,0,0,0,0,1,1,5,6,1,83,11,2488,2,15,NISSAN PATHFINDER,-1,-1,0,-1
2023411354500,2023,411354500,2,9,0,18,19,4,8,0,0,1,0,0,0,0,1,1,6,6,2,67,10,2488,2,17,NISSAN PATHFINDER,9,E01023823,0,-1
2023101282905,2023,101282905,1,9,0,18,19,5,1,0,0,8,1,0,7,0,1,1,6,6,1,27,6,2488,2,14,NISSAN PATHFINDER,6,E01027488,0,-1
2023302300613,2023,302300613,1,9,5,18,19,5,1,0,0,1,0,0,1,10,1,1,6,6,2,51,8,2488,2,17,NISSAN PATHFINDER,6,E01019732,0,-1
2023461291627,2023,461291627,1,9,0,18,19,-1,-1,0,0,0,0,0,0,0,1,1,5,6,1,38,7,2488,2,17,NISSAN PATHFINDER,7,E01024064,0,-1
2023440305357,2023,440305357,1,9,4,18,19,5,1,0,0,0,2,0,0,0,3,1,6,6,1,45,7,2488,2,17,NISSAN PATHFINDER,7,E01030402,0,-1
2023161366589,2023,161366589,2,9,0,8,8,1,5,0,0,4,0,0,0,0,1,1,6,6,1,26,6,2488,2,18,NISSAN PATHFINDER,3,E01012943,0,-1
2023311271320,2023,311271320,2,9,0,9,9,7,5,0,0,6,0,0,0,0,1,1,6,6,1,44,7,2488,2,16,NISSAN PATHFINDER,3,E01028062,0,-1
2023131276283,2023,131276283,1,9,0,18,19,3,7,0,0,0,0,0,0,0,1,1,6,6,1,39,7,2488,2,16,NISSAN PATHFINDER,2,E01011256,0,-1
2023041375583,2023,041375583,2,9,0,18,19,7,3,0,0,1,0,0,0,0,1,1,5,6,1,53,8,2488,2,17,NISSAN PATHFINDER,7,E01025489,0,-1
2023131407927,2023,131407927,1,9,0,18,19,1,3,9,9,0,1,11,6,11,1,1,6,6,1,41,7,2488,2,16,NISSAN PATHFINDER,4,E01007329,0,-1
2023131313474,2023,131313474,2,9,0,18,19,1,5,0,0,0,0,0,0,0,1,1,5,6,2,64,9,2488,2,17,NISSAN PATHFINDER,1,E01011660,0,-1
2023221318928,2023,221318928,1,9,0,18,19,2,6,0,0,0,0,0,0,0,3,1,5,6,1,49,8,2488,2,16,NISSAN PATHFINDER,7,E01028998,0,-1
2023201404352,2023,201404352,3,9,0,2,2,0,0,0,0,2,0,0,0,0,4,1,6,6,3,-1,-1,2488,2,14,NISSAN PATHFINDER,-1,-1,0,-1
2023411305196,2023,411305196,2,9,0,18,19,3,7,0,0,8,0,0,0,0,1,1,6,6,2,56,9,2488,2,13,NISSAN PATHFINDER,9,E01023406,0,-1
2023411286171,2023,411286171,1,9,0,18,19,8,8,0,0,0,0,0,0,0,1,1,5,6,1,24,5,2488,2,17,NISSAN PATHFINDER,5,E01023533,0,-1
2023471371199,2023,471371199,3,9,0,9,9,6,3,0,0,0,0,0,0,0,0,1,6,6,1,34,6,2488,2,17,NISSAN PATHFINDER,6,E01021193,0,-1
2023451298122,2023,451298122,3,9,0,2,2,0,0,0,0,0,0,0,0,0,1,1,6,6,3,-1,-1,2488,2,17,NISSAN PATHFINDER,-1,-1,0,-1
2023320592795,2023,320592795,2,3,0,18,19,6,2,0,0,8,1,0,0,0,1,1,6,6,1,17,4,49,1,17,-1,7,E01026188,0,-1
2023471370468,2023,471370468,2,2,0,9,9,3,7,0,0,6,0,0,0,0,4,1,5,6,1,36,7,49,1,17,-1,5,E01020947,0,-1
2023010475627,2023,010475627,1,3,0,18,19,5,1,0,0,0,0,0,0,0,1,1,6,6,1,25,5,49,1,18,-1,3,E01024149,0,-1
2023471331604,2023,471331604,2,3,0,18,19,5,1,0,0,1,0,0,0,0,1,1,6,6,1,14,3,125,1,3,SINNIS APACHE,1,E01021015,0,-1
2023371280993,2023,371280993,2,4,0,18,19,3,7,0,0,0,0,0,0,0,3,1,5,6,1,30,6,125,1,3,-1,2,E01004323,0,-1
2023471323784,2023,471323784,1,3,0,18,19,3,7,0,0,1,0,0,0,0,3,1,2,2,1,30,6,125,1,3,SINNIS APACHE,4,E01020935,0,-1
2023070535884,2023,070535884,1,4,0,18,19,2,6,0,0,8,0,0,0,0,1,1,6,6,1,32,6,125,1,2,-1,5,E01018504,0,-1
2023311342511,2023,311342511,1,3,0,18,19,2,6,0,0,1,0,0,0,0,3,1,1,1,1,19,4,125,1,2,SINNIS APACHE,4,E01019503,0,-1
2023461331185,2023,461331185,1,3,0,18,19,1,5,0,0,6,0,0,0,0,2,1,2,2,1,17,4,125,1,2,SINNIS APACHE,3,E01023972,0,-1
2023461283840,2023,461283840,2,3,0,18,19,7,3,0,0,1,0,0,0,0,1,1,6,6,1,17,4,125,1,4,SINNIS APACHE,9,E01024415,0,-1
2023531324510,2023,531324510,1,3,0,16,19,8,4,0,0,1,1,0,0,0,1,1,5,6,1,22,5,125,1,3,SINNIS APACHE,5,E01022242,0,-1
2023461356825,2023,461356825,2,3,0,18,19,5,1,0,0,0,0,0,0,0,4,1,2,2,1,27,6,125,1,6,SINNIS APACHE,5,E01016156,0,-1
2023041354593,2023,041354593,2,3,0,18,19,8,4,0,0,0,0,0,0,0,1,1,6,6,1,17,4,125,1,6,SINNIS APACHE,1,E01006213,0,-1
2023161370040,2023,161370040,1,3,0,18,19,7,3,0,0,0,2,0,1,0,1,1,6,6,1,21,5,125,1,2,SINNIS APACHE,6,E01012953,0,-1
2023101289257,2023,101289257,1,3,0,18,19,2,6,0,0,8,5,0,0,0,4,1,6,6,1,35,6,125,1,2,SINNIS APACHE,4,E01008230,0,-1
2023302301372,2023,302301372,1,3,0,13,13,7,3,0,0,8,0,0,0,0,1,1,6,6,1,22,5,125,1,5,SINNIS APACHE,2,E01019563,0,-1
2023332301252,2023,332301252,2,9,0,18,19,3,7,0,0,4,0,0,0,0,3,1,6,6,1,-1,-1,973,1,21,VAUXHALL AGILA,3,E01025894,0,-1
2023351390664,2023,351390664,2,9,0,18,19,5,1,0,0,0,1,0,0,0,1,1,6,6,2,85,11,1242,1,13,VAUXHALL AGILA,3,E01017971,0,-1
2023131358234,2023,131358234,1,9,0,9,9,5,3,0,0,0,0,0,0,0,3,1,5,6,2,63,9,1242,1,11,VAUXHALL AGILA,5,E01011031,0,-1
2023141363894,2023,141363894,1,9,0,12,12,7,5,0,0,1,0,0,0,0,4,2,6,6,2,81,11,996,1,14,VAUXHALL AGILA,7,E01007399,0,-1
2023461381485,2023,461381485,2,9,0,18,19,3,3,0,0,6,0,10,0,0,3,1,1,1,2,36,7,1242,1,13,VAUXHALL AGILA,3,E01024497,0,-1
2023122301131,2023,122301131,1,9,0,16,19,5,1,0,0,1,0,0,8,11,1,1,1,1,1,35,6,996,1,15,VAUXHALL AGILA,2,E01009635,0,-1
2023010424711,2023,010424711,1,9,0,7,7,1,2,0,0,6,0,0,1,0,3,1,6,6,2,32,6,1242,1,13,VAUXHALL AGILA,8,E01001541,0,-1
2023610019323,2023,610019323,1,9,0,2,2,0,0,0,0,0,0,0,0,0,1,1,6,6,2,73,10,1229,1,19,VAUXHALL AGILA,8,W01001495,0,-1
2023471361623,2023,471361623,1,9,0,18,19,3,7,0,0,0,0,0,0,0,1,1,2,2,2,32,6,1242,1,14,VAUXHALL AGILA,3,E01016860,0,-1
2023141303040,2023,141303040,1,9,0,14,14,3,7,0,0,0,0,0,0,0,4,1,6,6,1,80,11,996,1,9,VAUXHALL AGILA,3,E01032925,0,-1
2023010426028,2023,010426028,2,9,0,99,99,9,9,99,99,9,9,99,9,99,9,9,6,6,3,-1,-1,973,1,21,VAUXHALL AGILA,-1,-1,0,-1
2023522301754,2023,522301754,1,9,0,18,19,6,2,0,0,8,0,4,0,0,1,1,6,6,1,55,8,996,1,13,VAUXHALL AGILA,2,E01014664,0,-1
2023411275672,2023,411275672,1,9,0,13,13,3,7,0,0,4,0,0,0,0,1,1,1,1,1,26,6,1242,1,15,VAUXHALL AGILA,6,E01023554,0,-1
2023231314052,2023,231314052,2,9,0,18,19,5,1,0,0,8,0,4,0,0,1,1,6,6,2,68,10,1242,1,12,VAUXHALL AGILA,9,E01031254,0,-1
2023302301752,2023,302301752,1,9,0,18,19,8,4,0,0,2,0,0,0,0,4,1,6,6,2,88,11,1229,1,17,VAUXHALL AGILA,7,E01019700,0,-1
2023421358654,2023,421358654,1,9,0,6,6,5,7,0,0,1,0,0,0,0,3,1,5,6,1,69,10,1242,1,13,VAUXHALL AGILA,6,E01022035,0,-1
2023552300454,2023,552300454,1,9,0,18,19,6,2,0,0,0,2,0,8,11,1,1,6,6,2,20,4,1242,1,13,VAUXHALL AGILA,9,E01020391,0,-1
2023361351948,2023,361351948,2,9,0,14,14,1,7,0,0,0,0,0,0,0,4,1,5,6,2,55,8,1242,1,12,VAUXHALL AGILA,6,E01033042,0,-1
2023451288125,2023,451288125,1,9,0,18,19,7,3,0,0,8,0,0,0,0,1,1,5,6,2,19,4,1242,1,14,VAUXHALL AGILA,9,E01000831,0,-1
2023501271023,2023,501271023,2,9,0,17,19,3,1,0,0,0,1,0,0,0,3,1,1,1,2,30,6,1242,1,13,VAUXHALL AGILA,5,E01019066,0,-1
2023451308946,2023,451308946,1,9,0,9,9,7,2,0,0,0,0,0,0,0,3,1,2,2,2,53,8,1242,1,12,VAUXHALL AGILA,2,E01032744,0,-1
2023622301041,2023,622301041,2,9,0,4,4,2,6,0,0,0,0,0,0,0,2,1,6,6,2,39,7,996,1,8,VAUXHALL AGILA,9,W01000908,0,-1
2023161348766,2023,161348766,2,9,0,3,3,5,1,0,0,4,0,0,0,0,2,1,5,6,2,37,7,1242,1,15,VAUXHALL AGILA,-1,-1,0,-1
2023221294230,2023,221294230,1,9,0,2,2,0,0,0,0,8,0,0,0,0,3,1,5,6,2,83,11,1242,1,12,VAUXHALL AGILA,5,E01032328,0,-1
2023111316347,2023,111316347,1,9,0,4,4,5,1,0,0,0,2,0,2,6,4,1,5,6,1,48,8,1199,1,21,VAUXHALL AGILA,1,E01011950,0,-1
2023531313055,2023,531313055,1,9,0,18,19,5,1,0,0,0,0,0,7,3,1,1,5,6,2,76,11,1242,1,15,VAUXHALL AGILA,8,E01022385,0,-1
2023411278140,2023,411278140,1,9,0,4,4,2,6,0,0,8,0,0,0,0,1,1,5,6,1,17,4,1199,1,20,VAUXHALL AGILA,7,E01023602,0,-1
2023501377660,2023,501377660,2,9,0,9,9,7,4,0,0,1,0,0,0,0,3,1,6,6,2,63,9,1242,1,12,VAUXHALL AGILA,4,E01018914,0,-1
2023451309573,2023,451309573,2,9,0,18,19,3,7,0,0,8,0,0,0,0,4,1,6,6,2,33,6,1242,1,13,VAUXHALL AGILA,2,E01004083,0,-1
2023122300644,2023,122300644,2,9,0,18,19,7,3,0,0,1,0,0,0,0,1,1,6,6,1,47,8,1242,1,14,VAUXHALL AGILA,7,E01012969,0,-1
2023061355013,2023,061355013,2,9,0,18,19,2,6,0,0,1,0,0,0,0,1,1,6,6,1,-1,-1,998,1,17,VAUXHALL AGILA,3,E01005605,0,-1
2023430388207,2023,430388207,1,9,0,18,19,8,4,0,0,0,0,0,1,4,1,1,6,6,2,41,7,1242,1,14,VAUXHALL AGILA,9,E01033503,0,-1
2023351346408,2023,351346408,1,9,0,18,19,-1,-1,0,0,8,0,0,0,0,1,1,2,2,2,31,6,1242,1,11,VAUXHALL AGILA,5,E01023782,0,-1
2023501362317,2023,501362317,1,9,0,18,19,7,3,0,0,4,0,0,0,0,3,1,6,6,1,27,6,1242,1,14,VAUXHALL AGILA,8,E01020102,0,-1
2023421318066,2023,421318066,1,9,0,18,19,4,7,0,0,0,0,0,0,0,4,1,5,6,2,77,11,1242,1,12,VAUXHALL AGILA,6,E01021536,0,-1
2023440426586,2023,440426586,1,9,0,16,19,8,4,0,0,0,0,11,1,2,1,1,6,6,1,86,11,1242,1,11,VAUXHALL AGILA,3,E01022487,0,-1
2023361290403,2023,361290403,1,9,0,7,7,6,8,0,0,4,0,0,0,0,1,1,6,6,2,77,11,1242,1,14,VAUXHALL AGILA,2,E01026716,0,-1
2023440500244,2023,440500244,1,9,0,18,19,4,8,0,0,0,0,0,0,0,1,1,6,6,1,19,4,996,1,14,VAUXHALL AGILA,3,E01022959,0,-1
2023991287096,2023,991287096,1,9,0,5,5,7,3,0,0,0,0,0,0,0,3,1,5,6,1,36,7,996,1,9,VAUXHALL AGILA,9,-1,0,-1
2023520300947,2023,520300947,1,9,0,18,19,6,2,0,0,8,0,0,0,0,3,1,6,6,2,37,7,1242,1,14,VAUXHALL AGILA,4,E01029232,0,-1
2023361282686,2023,361282686,2,9,0,18,19,7,3,0,0,0,0,0,0,0,3,1,6,6,1,85,11,1242,1,12,VAUXHALL AGILA,6,E01026797,0,-1
2023010458267,2023,010458267,1,9,0,3,3,5,1,0,0,1,0,0,0,0,2,1,6,6,2,53,8,1242,1,15,VAUXHALL AGILA,4,E01003770,0,-1
2023201411332,2023,201411332,2,9,0,18,19,4,8,0,0,8,0,0,0,0,1,1,6,6,1,79,11,1199,1,19,VAUXHALL AGILA,-1,-1,0,-1
2023991329613,2023,991329613,2,9,0,18,19,7,3,0,0,1,0,0,7,10,4,1,5,6,1,88,11,1242,1,12,VAUXHALL AGILA,5,-1,0,-1
2023501352283,2023,501352283,1,9,0,16,19,2,6,0,0,0,0,0,0,0,4,1,6,6,1,81,11,1229,1,18,VAUXHALL AGILA,8,E01020051,0,-1
2023061358820,2023,061358820,1,9,-1,-1,-1,-1,-1,-1,-1,0,-1,-1,-1,0,3,1,6,6,3,-1,-1,996,1,12,VAUXHALL AGILA,-1,-1,0,-1
202354C310923,2023,54C310923,2,9,0,2,2,0,0,0,0,0,0,0,0,0,2,1,6,6,1,-1,-1,1242,1,9,VAUXHALL AGILA,-1,-1,0,-1
2023161347683,2023,161347683,1,9,0,16,19,3,7,0,0,8,0,10,1,11,1,1,2,2,2,27,6,1242,1,12,VAUXHALL AGILA,-1,-1,0,-1
2023501384567,2023,501384567,1,9,0,18,19,2,6,0,0,0,0,0,0,0,1,1,2,2,2,20,4,996,1,14,VAUXHALL AGILA,3,E01015095,0,-1
2023451279029,2023,451279029,1,9,0,18,19,5,1,0,0,0,0,0,0,0,1,1,5,6,2,75,10,1242,1,14,VAUXHALL AGILA,1,E01024295,0,-1
2023440393141,2023,440393141,1,9,0,18,19,6,2,0,0,8,0,0,0,0,1,1,6,6,2,51,8,1242,1,14,VAUXHALL AGILA,10,E01022505,0,-1
2023070139849,2023,070139849,1,9,0,5,5,8,2,6,6,5,0,0,0,0,1,1,6,6,2,-1,-1,996,1,12,VAUXHALL AGILA,-1,-1,0,-1
2023461323869,2023,461323869,1,9,0,18,19,7,3,0,0,0,0,0,0,0,4,1,6,6,2,62,9,1242,1,9,VAUXHALL AGILA,2,E01016018,0,-1
2023471338975,2023,471338975,3,9,0,18,19,3,7,0,0,1,0,0,0,0,3,1,5,6,1,54,8,973,1,23,VAUXHALL AGILA,6,E01021118,0,-1
2023430066840,2023,430066840,1,9,0,18,19,1,0,0,0,0,0,0,0,0,0,1,6,6,1,73,10,1242,1,13,VAUXHALL AGILA,-1,-1,0,-1
2023421322998,2023,421322998,2,9,0,18,19,3,7,0,0,0,0,0,0,0,2,1,6,6,2,44,7,1242,1,13,VAUXHALL AGILA,5,E01015951,0,-1
2023332300882,2023,332300882,1,9,0,18,19,8,4,0,0,0,1,0,0,0,1,1,6,6,1,65,9,996,1,12,VAUXHALL AGILA,4,E01025957,0,-1
2023302301469,2023,302301469,1,9,0,4,4,6,2,0,0,0,0,0,0,0,2,1,6,6,2,23,5,1242,1,15,VAUXHALL AGILA,-1,-1,0,-1
2023540719923,2023,540719923,2,9,0,3,3,4,8,0,0,0,0,0,1,4,2,1,1,1,2,34,6,1242,1,15,VAUXHALL AGILA,9,E01031973,0,-1
2023221401747,2023,221401747,2,9,0,18,19,6,2,0,0,8,0,0,0,0,1,1,6,6,2,19,4,1242,1,11,VAUXHALL AGILA,1,W01001453,0,-1
2023440328469,2023,440328469,2,9,0,7,7,3,5,0,0,1,0,0,0,0,1,1,2,2,1,62,9,1242,1,14,VAUXHALL AGILA,6,E01017898,0,-1
2023421312418,2023,421312418,1,9,0,18,19,3,7,0,0,8,0,0,0,0,4,1,5,6,2,38,7,1242,1,15,VAUXHALL AGILA,1,E01022026,0,-1
2023471370940,2023,471370940,1,9,0,18,19,1,5,0,0,1,5,0,0,0,4,1,5,6,2,75,10,1242,1,10,VAUXHALL AGILA,2,E01020929,0,-1
2023221315830,2023,221315830,1,9,0,18,19,3,7,0,0,0,0,0,0,0,1,1,5,6,2,61,9,1242,1,14,VAUXHALL AGILA,5,E01032279,0,-1
2023520301270,2023,520301270,1,9,0,14,14,8,4,0,0,0,0,0,0,0,1,1,6,6,1,30,6,1199,1,19,VAUXHALL AGILA,5,E01029286,0,-1
202363C010023,2023,63C010023,3,9,0,18,19,2,6,0,0,8,0,0,0,0,3,1,6,6,2,66,10,1242,1,14,VAUXHALL AGILA,7,W01000565,0,-1
2023221317830,2023,221317830,1,9,0,17,19,1,5,0,0,0,2,0,7,0,1,1,5,6,2,23,5,996,1,12,VAUXHALL AGILA,2,W01001872,0,-1
2023302301527,2023,302301527,1,9,0,9,9,6,4,0,0,2,0,0,0,0,1,1,6,6,1,-1,-1,1242,1,9,VAUXHALL AGILA,3,E01019838,0,-1
2023440325072,2023,440325072,2,9,0,18,19,7,3,0,0,0,0,0,0,0,1,1,6,6,1,61,9,1248,2,13,VAUXHALL AGILA,8,E01023197,0,-1
2023122300708,2023,122300708,2,9,0,17,19,5,1,0,0,1,0,0,1,0,1,1,6,6,2,71,10,996,1,9,VAUXHALL AGILA,6,E01027622,0,-1
2023340NN4042,2023,340NN4042,3,9,0,18,19,2,6,0,0,0,0,0,0,0,1,1,6,6,1,57,9,1242,1,10,VAUXHALL AGILA,4,E01027315,0,-1
2023041359961,2023,041359961,1,9,0,18,19,3,7,0,0,1,0,0,0,0,1,1,6,6,1,73,10,1242,1,12,VAUXHALL AGILA,4,E01012714,0,-1
2023430111396,2023,430111396,2,9,0,18,19,8,4,0,0,8,0,0,0,0,1,1,6,6,1,42,7,1242,1,12,VAUXHALL AGILA,10,E01016425,0,-1
2023531322595,2023,531322595,1,9,0,18,19,5,1,0,0,0,0,0,5,0,1,1,5,6,1,24,5,996,1,15,VAUXHALL AGILA,5,E01025517,0,-1
2023031333344,2023,031333344,2,9,0,18,19,3,7,0,0,1,0,0,0,0,1,1,5,6,2,61,9,1242,1,11,VAUXHALL AGILA,-1,-1,0,-1
2023471273015,2023,471273015,1,9,0,18,19,1,5,0,0,0,0,0,0,0,1,1,5,6,2,62,9,1242,1,13,VAUXHALL AGILA,5,E01021001,0,-1
2023361320555,2023,361320555,1,9,0,18,19,3,7,0,0,1,0,0,0,0,1,1,5,6,1,83,11,1242,1,13,VAUXHALL AGILA,6,E01026900,0,-1
2023501374077,2023,501374077,1,9,0,18,19,7,3,0,0,0,0,0,0,0,1,1,5,6,2,86,11,1229,1,17,VAUXHALL AGILA,7,E01019960,0,-1
2023421263537,2023,421263537,1,9,0,18,19,7,3,0,0,0,0,0,0,0,3,1,6,6,2,83,11,1242,1,12,VAUXHALL AGILA,4,E01021707,0,-1
2023061358833,2023,061358833,1,9,0,9,9,3,1,0,0,8,0,0,0,0,4,1,6,6,2,74,10,1242,1,9,VAUXHALL AGILA,2,E01004881,0,-1
2023010445830,2023,010445830,2,9,9,99,99,9,9,99,99,9,9,99,9,99,9,9,6,6,3,60,9,1242,1,12,VAUXHALL AGILA,-1,-1,0,-1
2023010476703,2023,010476703,2,9,0,99,99,9,9,99,99,9,9,99,9,99,9,9,6,6,3,-1,-1,1242,1,12,VAUXHALL AGILA,-1,-1,0,-1
2023440381384,2023,440381384,1,9,0,18,19,1,5,0,0,8,0,0,0,0,1,1,6,6,2,73,10,1242,1,11,VAUXHALL AGILA,6,E01017026,0,-1
2023122301394,2023,122301394,2,9,0,10,10,3,1,0,0,5,0,0,0,0,3,1,6,6,1,81,11,1242,1,14,VAUXHALL AGILA,5,E01027590,0,-1
2023010468678,2023,010468678,2,9,0,9,9,1,7,0,0,8,0,0,0,0,3,1,6,6,1,37,7,1242,1,15,VAUXHALL AGILA,5,E01001168,0,-1
2023545653223,2023,545653223,1,9,0,5,5,3,7,0,0,6,0,0,0,0,1,1,6,6,2,25,5,996,1,9,VAUXHALL AGILA,7,E01032000,0,-1
2023451342538,2023,451342538,2,9,0,2,2,0,0,0,0,0,0,0,0,0,2,1,6,6,3,-1,-1,996,1,12,VAUXHALL AGILA,-1,-1,0,-1
2023461364078,2023,461364078,2,9,0,2,2,0,0,0,0,1,0,0,0,0,2,1,6,6,2,72,10,1242,1,11,VAUXHALL AGILA,9,E01024376,0,-1
2023131304890,2023,131304890,1,9,0,18,19,7,3,0,0,0,0,0,0,0,1,1,5,6,1,77,11,1242,1,13,VAUXHALL AGILA,4,E01010919,0,-1
2023052300987,2023,052300987,1,9,0,18,19,8,4,0,0,0,0,0,0,0,1,1,6,6,2,25,5,998,1,18,VAUXHALL AGILA,3,E01007178,0,-1
2023201416184,2023,201416184,2,9,0,18,19,8,4,0,0,0,0,0,0,0,4,1,6,6,2,49,8,1242,1,10,VAUXHALL AGILA,2,E01010071,0,-1
2023501367488,2023,501367488,2,9,0,18,19,7,3,0,0,6,0,0,0,0,1,1,6,6,2,63,9,1199,1,20,VAUXHALL AGILA,7,E01019892,0,-1
2023411394160,2023,411394160,1,9,0,18,19,1,5,0,0,0,0,0,0,0,3,1,6,6,1,24,5,996,1,12,VAUXHALL AGILA,1,E01023536,0,-1
2023010451535,2023,010451535,1,9,0,18,19,7,3,0,0,1,0,0,0,0,1,1,6,6,2,38,7,1242,1,9,VAUXHALL AGILA,5,E01033592,0,-1
2023302300894,2023,302300894,2,9,0,18,19,6,2,0,0,0,0,0,1,9,1,1,2,2,2,64,9,1242,1,12,VAUXHALL AGILA,7,E01019490,0,-1
2023302301777,2023,302301777,2,9,0,18,19,3,7,0,0,4,0,0,0,0,3,1,6,6,1,39,7,1199,1,21,VAUXHALL AGILA,3,E01019818,0,-1
2023501328789,2023,501328789,1,9,0,18,19,5,1,0,0,0,0,0,0,0,3,1,5,6,2,72,10,1242,1,9,VAUXHALL AGILA,7,E01018789,0,-1
2023471347957,2023,471347957,1,9,0,18,19,3,7,0,0,1,0,0,0,0,1,1,5,6,1,61,9,1242,1,9,VAUXHALL AGILA,8,E01024839,0,-1
2023101376320,2023,101376320,2,9,0,9,9,7,6,0,0,8,0,0,0,0,2,1,5,6,2,21,5,996,1,14,VAUXHALL AGILA,2,E01008341,0,-1
2023332300872,2023,332300872,1,9,0,3,3,2,4,0,0,8,0,0,0,0,2,1,6,6,2,21,5,1248,2,14,VAUXHALL AGILA,10,E01025800,0,-1
2023052300995,2023,052300995,1,9,0,18,19,5,1,0,0,6,0,0,7,0,1,1,6,6,2,65,9,1242,1,14,VAUXHALL AGILA,5,E01006997,0,-1
2023351383779,2023,351383779,2,9,0,18,19,6,2,0,0,0,0,0,1,0,2,1,5,6,2,-1,-1,1242,1,12,VAUXHALL AGILA,4,E01026499,0,-1
2023311314519,2023,311314519,1,9,0,9,9,1,5,0,0,1,0,0,1,10,2,1,6,6,1,62,9,1199,1,19,VAUXHALL AGILA,2,E01028223,0,-1
2023070828788,2023,070828788,1,9,0,18,19,8,4,0,0,0,0,0,0,0,2,1,6,6,2,32,6,1242,1,13,VAUXHALL AGILA,2,E01018551,0,-1
2023440452431,2023,440452431,1,9,0,3,3,6,2,0,0,1,0,0,0,0,2,1,6,6,2,60,9,1242,1,15,VAUXHALL AGILA,3,E01016505,0,-1
2023340NN0922,2023,340NN0922,2,9,0,18,19,6,2,0,0,0,0,0,0,0,1,1,2,2,2,41,7,1242,1,11,VAUXHALL AGILA,8,E01032975,0,-1
2023161328498,2023,161328498,3,9,0,3,3,2,6,0,0,0,0,0,0,0,2,1,6,6,1,45,7,1199,1,20,VAUXHALL AGILA,-1,-1,0,-1
2023361333745,2023,361333745,1,9,0,18,19,1,5,0,0,0,5,0,1,0,1,1,6,6,2,86,11,973,1,22,VAUXHALL AGILA,6,E01026678,0,-1
2023201320655,2023,201320655,1,9,0,6,6,6,6,0,0,1,0,0,0,0,3,1,6,6,2,71,10,1242,1,14,VAUXHALL AGILA,9,E01029677,0,-1
2023061351200,2023,061351200,2,9,0,18,19,4,8,0,0,8,0,0,0,0,1,1,6,6,1,27,6,1242,1,13,VAUXHALL AGILA,2,E01005487,0,-1
2023552301401,2023,552301401,1,9,0,18,19,3,7,0,0,0,0,0,0,0,1,1,6,6,2,26,6,996,1,11,VAUXHALL AGILA,9,E01020414,0,-1
2023320051043,2023,320051043,3,9,0,18,19,4,8,0,0,2,0,0,0,0,1,1,6,6,1,74,10,1199,1,20,VAUXHALL AGILA,7,E01026185,0,-1
2023991382028,2023,991382028,1,9,0,16,19,7,3,0,0,0,1,0,1,11,1,1,5,6,2,53,8,1242,1,15,VAUXHALL AGILA,-1,-1,0,-1
2023552300650,2023,552300650,1,9,0,18,19,5,1,0,0,0,0,0,0,0,1,1,6,6,1,23,5,1242,1,12,VAUXHALL AGILA,6,E01020516,0,-1
2023052302346,2023,052302346,2,9,0,4,4,7,3,0,0,0,0,0,0,0,2,1,6,6,2,31,6,1242,1,13,VAUXHALL AGILA,2,E01032510,0,-1
2023131383384,2023,131383384,1,9,0,17,19,1,5,0,0,1,5,4,0,0,1,1,5,6,2,78,11,1242,1,12,VAUXHALL AGILA,2,E01010981,0,-1
2023131358702,2023,131358702,1,9,0,18,19,2,2,0,0,2,0,0,0,0,4,1,5,6,2,34,6,973,1,19,VAUXHALL AGILA,3,E01010835,0,-1
2023010429771,2023,010429771,2,9,0,99,99,9,9,99,99,9,9,99,9,99,9,9,6,6,3,-1,-1,1242,1,11,VAUXHALL AGILA,4,E01004484,0,-1
2023010481109,2023,010481109,2,9,0,18,19,5,1,0,0,1,0,0,0,0,1,1,2,2,2,57,9,1242,1,15,VAUXHALL AGILA,7,E01004597,0,-1
2023041370052,2023,041370052,1,9,0,18,19,3,7,0,0,0,0,0,0,0,1,1,5,6,2,79,11,973,1,22,VAUXHALL AGILA,2,E01012728,0,-1
2023991295480,2023,991295480,2,9,0,18,19,1,5,0,0,0,0,0,0,0,2,1,5,6,2,58,9,996,1,12,VAUXHALL AGILA,8,-1,0,-1
2023122300374,2023,122300374,2,9,0,18,19,2,6,0,0,8,0,0,0,0,3,1,6,6,2,86,11,996,1,9,VAUXHALL AGILA,10,E01027730,0,-1