collision_index,collision_year,collision_ref_no,vehicle_reference,vehicle_type,towing_and_articulation,vehicle_manoeuvre_historic,vehicle_manoeuvre,vehicle_direction_from,vehicle_direction_to,vehicle_location_restricted_lane_historic,vehicle_location_restricted_lane,junction_location,skidding_and_overturning,hit_object_in_carriageway,vehicle_leaving_carriageway,hit_object_off_carriageway,first_point_of_impact,vehicle_left_hand_drive,journey_purpose_of_driver_historic,journey_purpose_of_driver,sex_of_driver,age_of_driver,age_band_of_driver,engine_capacity_cc,propulsion_code,age_of_vehicle,generic_make_model,driver_imd_decile,lsoa_of_driver,escooter_flag,driver_distance_banding
2023371331142,2023,371331142,1,9,0,18,19,1,5,0,0,0,0,0,0,0,1,1,5,6,1,74,10,1242,1,10,VAUXHALL AGILA,6,E01029956,0,-1
2023361350077,2023,361350077,1,9,0,18,19,1,5,0,0,0,0,0,1,0,1,1,5,6,2,87,11,1242,1,15,VAUXHALL AGILA,7,E01026539,0,-1
2023131367431,2023,131367431,2,9,0,15,15,3,7,0,0,0,0,0,0,0,2,1,6,6,1,36,7,1248,2,14,VAUXHALL AGILA,2,E01011813,0,-1
2023552300690,2023,552300690,2,9,0,18,19,6,2,0,0,0,0,0,0,0,1,1,6,6,2,50,8,1248,2,14,VAUXHALL AGILA,2,E01020553,0,-1
2023501346322,2023,501346322,1,9,0,18,19,5,1,0,0,0,0,0,0,0,1,1,2,2,1,64,9,1199,1,5,VAUXHALL GRANDLAND,6,E01019945,0,-1
2023302301528,2023,302301528,2,9,0,18,19,3,7,0,0,0,0,0,0,0,1,1,6,6,1,28,6,1199,1,4,VAUXHALL GRANDLAND,5,E01029425,0,-1
2023421311299,2023,421311299,1,9,0,18,19,7,3,0,0,0,0,0,0,0,1,1,2,2,2,37,7,1199,1,0,VAUXHALL GRANDLAND,3,E01015825,0,-1
2023430457041,2023,430457041,1,9,0,18,19,8,4,0,0,1,0,0,0,0,1,1,6,6,1,30,6,1199,1,1,VAUXHALL GRANDLAND,-1,-1,0,-1
2023552301381,2023,552301381,2,9,0,13,13,8,4,0,0,0,0,0,1,9,1,1,6,6,2,49,8,1499,2,0,VAUXHALL GRANDLAND,6,E01020452,0,-1
2023211272852,2023,211272852,5,9,0,2,2,0,0,9,9,1,0,0,0,0,3,1,5,6,1,72,10,1199,1,4,VAUXHALL GRANDLAND,9,E01029677,0,-1
2023010455831,2023,010455831,1,9,0,18,19,1,5,0,0,1,0,0,0,0,1,1,6,6,1,32,6,1199,1,4,VAUXHALL GRANDLAND,8,E01004081,0,-1
2023440068146,2023,440068146,1,9,0,3,3,7,4,0,0,8,0,0,0,0,2,1,6,6,2,58,9,1199,1,3,VAUXHALL GRANDLAND,10,E01022752,0,-1
2023411367605,2023,411367605,1,9,0,5,5,5,1,0,0,0,0,0,0,0,1,1,5,6,2,45,7,1199,1,5,VAUXHALL GRANDLAND,10,E01023911,0,-1
2023010476356,2023,010476356,2,9,0,6,6,4,4,0,0,6,0,0,0,0,1,1,6,6,1,25,5,1598,8,0,VAUXHALL GRANDLAND,5,E01033573,0,-1
2023501391392,2023,501391392,1,9,0,18,19,3,6,0,0,4,0,0,0,0,1,1,6,6,1,59,9,1199,1,0,VAUXHALL GRANDLAND,-1,-1,0,-1
2023411330672,2023,411330672,1,9,0,18,19,1,5,0,0,8,0,0,0,0,4,1,6,6,1,60,9,1199,1,5,VAUXHALL GRANDLAND,5,E01023529,0,-1
2023161321197,2023,161321197,1,9,0,18,19,3,7,0,0,1,0,0,0,0,1,1,5,6,2,58,9,1199,1,1,VAUXHALL GRANDLAND,3,E01013192,0,-1
2023141329849,2023,141329849,5,9,0,18,19,2,6,0,0,0,0,0,0,0,2,1,5,6,1,33,6,1499,2,1,VAUXHALL GRANDLAND,2,E01007497,0,-1
2023440258449,2023,440258449,1,9,0,18,19,3,7,0,0,1,0,0,0,0,1,1,6,6,2,54,8,1199,1,4,VAUXHALL GRANDLAND,9,E01022909,0,-1
2023122301399,2023,122301399,1,9,0,18,19,3,7,0,0,0,0,0,0,0,3,1,6,6,1,32,6,1199,1,4,VAUXHALL GRANDLAND,2,E01011274,0,-1
2023471302665,2023,471302665,3,9,0,2,2,0,0,0,0,0,0,0,0,0,4,1,6,6,3,-1,-1,1199,1,3,VAUXHALL GRANDLAND,-1,-1,0,-1
2023991265142,2023,991265142,2,9,0,18,19,7,3,0,0,1,0,0,0,0,1,1,2,2,1,58,9,1560,2,5,VAUXHALL GRANDLAND,-1,-1,0,-1
2023010486553,2023,010486553,1,9,0,18,19,1,5,0,0,0,5,4,0,0,4,1,6,6,2,66,10,1199,1,4,VAUXHALL GRANDLAND,7,E01003270,0,-1
2023421330369,2023,421330369,2,9,0,4,4,5,1,0,0,0,0,0,0,0,2,1,6,6,2,33,6,1199,1,5,VAUXHALL GRANDLAND,5,E01021732,0,-1
2023501341993,2023,501341993,1,9,0,9,9,7,4,0,0,5,0,0,0,0,3,1,5,6,2,30,6,1199,1,0,VAUXHALL GRANDLAND,6,E01014292,0,-1
2023141272560,2023,141272560,2,9,0,9,9,7,3,0,0,1,0,0,0,0,1,1,5,6,1,61,9,1199,1,1,VAUXHALL GRANDLAND,1,E01008054,0,-1
2023991391175,2023,991391175,1,9,0,9,9,4,3,0,0,5,0,0,0,0,4,1,5,6,1,40,7,1199,1,5,VAUXHALL GRANDLAND,4,-1,0,-1
2023111388922,2023,111388922,2,9,0,2,2,0,0,0,0,0,0,0,0,0,1,1,5,6,1,62,9,1199,1,4,VAUXHALL GRANDLAND,6,E01020822,0,-1
2023991400168,2023,991400168,2,9,0,12,12,3,8,0,0,3,0,0,0,0,2,1,5,6,1,50,8,1199,1,5,VAUXHALL GRANDLAND,-1,-1,0,-1
2023320355293,2023,320355293,1,9,0,18,19,4,8,0,0,1,0,0,0,0,4,2,6,6,1,34,6,1199,1,5,VAUXHALL GRANDLAND,-1,-1,0,-1
2023010474059,2023,010474059,1,9,0,99,99,9,9,99,99,0,9,99,9,99,1,9,6,6,2,40,7,1199,1,0,VAUXHALL GRANDLAND,4,E01003447,0,-1
2023421319157,2023,421319157,1,9,0,18,19,3,7,9,9,0,0,0,0,0,1,1,5,6,1,30,6,1199,1,3,VAUXHALL GRANDLAND,-1,-1,0,-1
2023440059930,2023,440059930,2,9,0,7,7,6,8,0,0,1,0,0,0,0,4,1,6,6,2,56,9,1199,1,1,VAUXHALL GRANDLAND,4,E01017277,0,-1
2023440438239,2023,440438239,1,9,0,18,19,4,8,0,0,8,0,0,0,0,1,1,6,6,1,58,9,1199,1,4,VAUXHALL GRANDLAND,4,E01017257,0,-1
202360A121342,2023,60A121342,1,9,0,18,19,7,3,0,0,0,0,0,0,0,4,1,6,6,3,-1,-1,1199,1,4,VAUXHALL GRANDLAND,-1,-1,0,-1
2023141390089,2023,141390089,2,9,0,4,4,1,5,0,0,0,0,0,0,0,2,1,5,6,1,40,7,1560,2,5,VAUXHALL GRANDLAND,1,E01007403,0,-1
2023101369217,2023,101369217,2,9,0,3,3,3,7,0,0,0,0,0,0,0,2,1,5,6,2,55,8,1199,1,5,VAUXHALL GRANDLAND,3,E01008576,0,-1
2023010457879,2023,010457879,3,9,0,4,4,3,7,0,0,0,0,0,0,0,1,1,6,6,1,54,8,1499,2,4,VAUXHALL GRANDLAND,3,E01003519,0,-1
2023311352590,2023,311352590,1,9,0,11,11,8,4,0,0,0,5,0,2,0,0,1,6,6,2,59,9,1199,1,3,VAUXHALL GRANDLAND,3,E01026353,0,-1
2023141305841,2023,141305841,2,9,0,4,4,8,6,0,0,2,0,0,0,0,2,1,5,6,1,63,9,1199,1,3,VAUXHALL GRANDLAND,7,E01007743,0,-1
2023501288090,2023,501288090,1,9,0,18,19,4,8,0,0,0,0,7,0,0,1,1,6,6,2,75,10,1199,1,2,VAUXHALL GRANDLAND,2,E01015086,0,-1
2023141286894,2023,141286894,1,9,0,2,2,1,5,0,0,0,0,0,0,0,2,1,6,6,2,29,6,1199,1,4,VAUXHALL GRANDLAND,9,E01027876,0,-1
2023131312623,2023,131312623,3,9,0,4,4,5,1,0,0,0,0,0,0,0,0,1,6,6,3,-1,-1,1560,2,5,VAUXHALL GRANDLAND,-1,-1,0,-1
2023221364105,2023,221364105,1,9,0,18,19,5,1,0,0,0,0,0,0,0,1,1,6,6,2,64,9,1199,1,4,VAUXHALL GRANDLAND,9,E01028932,0,-1
2023010465995,2023,010465995,1,9,0,18,19,1,5,0,0,8,5,7,0,0,4,1,2,2,2,24,5,1199,1,4,VAUXHALL GRANDLAND,-1,-1,0,-1
2023131302447,2023,131302447,1,9,0,9,9,1,3,0,0,5,0,0,7,0,3,1,6,6,2,56,9,1499,2,3,VAUXHALL GRANDLAND,8,E01011520,0,-1
2023010452878,2023,010452878,2,9,0,18,19,5,1,0,0,8,0,0,0,0,4,1,6,6,1,59,9,1199,1,4,VAUXHALL GRANDLAND,-1,-1,0,-1
2023010463827,2023,010463827,1,9,0,6,6,3,3,0,0,1,0,0,0,0,3,2,6,6,2,37,7,1199,1,3,VAUXHALL GRANDLAND,5,E01001473,0,-1
2023161265833,2023,161265833,1,9,0,7,7,7,1,0,0,2,0,0,0,0,1,2,6,6,2,32,6,1199,1,1,VAUXHALL GRANDLAND,4,E01013258,0,-1
2023430443462,2023,430443462,1,9,0,7,7,6,8,0,0,6,0,0,0,0,3,1,6,6,1,86,11,1499,2,1,VAUXHALL GRANDLAND,10,E01016702,0,-1
2023440286814,2023,440286814,1,9,0,18,19,5,1,0,0,0,0,0,1,4,1,1,6,6,1,42,7,1199,1,4,VAUXHALL GRANDLAND,5,E01032840,0,-1
2023461313646,2023,461313646,1,9,0,18,19,5,1,0,0,0,5,0,0,0,1,1,6,6,2,38,7,1199,1,4,VAUXHALL GRANDLAND,3,E01016171,0,-1
2023010475040,2023,010475040,1,9,0,18,19,5,1,0,0,8,0,0,0,0,1,1,6,6,1,51,8,1199,1,4,VAUXHALL GRANDLAND,6,E01030516,0,-1
2023421382596,2023,421382596,1,9,0,18,19,1,5,0,0,6,0,0,0,0,1,1,6,6,2,46,8,1199,1,3,VAUXHALL GRANDLAND,6,E01021723,0,-1
2023302301875,2023,302301875,2,9,0,18,19,3,7,0,0,8,0,0,0,0,1,1,6,6,1,65,9,1199,1,2,VAUXHALL GRANDLAND,-1,-1,0,-1
2023501327868,2023,501327868,2,9,0,5,5,6,3,0,0,6,0,0,0,0,3,1,2,2,2,48,8,1499,2,4,VAUXHALL GRANDLAND,2,E01019076,0,-1
2023201413571,2023,201413571,1,9,0,9,9,4,1,0,0,5,0,0,0,0,1,1,2,2,2,37,7,1199,1,4,VAUXHALL GRANDLAND,1,E01010401,0,-1
2023371344027,2023,371344027,1,9,0,2,2,0,0,9,9,3,0,0,0,0,4,1,5,6,1,69,10,1199,1,2,VAUXHALL GRANDLAND,6,E01029926,0,-1
2023351325135,2023,351325135,1,9,0,18,19,5,2,0,0,0,1,0,7,9,4,1,5,6,1,26,6,1199,1,5,VAUXHALL GRANDLAND,4,E01033430,0,-1
2023451334749,2023,451334749,2,9,0,17,19,1,5,0,0,0,0,0,0,0,1,1,5,6,1,52,8,1199,1,4,VAUXHALL GRANDLAND,3,E01004183,0,-1
2023170M11193,2023,170M11193,3,9,0,18,19,6,2,0,0,8,0,0,0,0,1,1,6,6,2,65,9,1499,2,5,VAUXHALL GRANDLAND,1,E01012021,0,-1
2023041309716,2023,041309716,1,9,0,18,19,5,1,0,0,0,0,0,0,0,1,1,5,6,1,84,11,1199,1,3,VAUXHALL GRANDLAND,5,E01025013,0,-1
2023440212509,2023,440212509,1,9,0,18,19,5,1,0,0,1,0,0,0,0,1,1,6,6,2,23,5,1199,1,5,VAUXHALL GRANDLAND,9,E01022699,0,-1
2023501388455,2023,501388455,1,9,0,16,19,4,8,0,0,0,1,0,1,10,3,1,5,6,1,42,7,1199,1,2,VAUXHALL GRANDLAND,4,E01020293,0,-1
2023461264115,2023,461264115,1,9,0,9,9,4,7,0,0,1,0,0,0,0,3,1,6,6,1,60,9,1199,1,1,VAUXHALL GRANDLAND,6,E01024367,0,-1
2023101338133,2023,101338133,1,9,0,18,19,3,7,0,0,1,0,0,0,0,1,1,6,6,1,58,9,1199,1,4,VAUXHALL GRANDLAND,3,E01008241,0,-1
2023201271293,2023,201271293,1,9,0,10,10,5,3,0,0,0,0,0,0,0,4,1,6,6,1,39,7,1499,2,2,VAUXHALL GRANDLAND,2,E01010535,0,-1
2023421274086,2023,421274086,1,9,0,4,4,6,8,0,0,0,0,0,0,0,1,1,6,6,2,31,6,1199,1,3,VAUXHALL GRANDLAND,6,E01021464,0,-1
2023131378253,2023,131378253,2,9,0,18,19,3,7,0,0,0,0,0,0,0,3,1,6,6,1,71,10,1499,2,4,VAUXHALL GRANDLAND,2,E01011220,0,-1
2023421393779,2023,421393779,1,9,0,18,19,7,3,0,0,1,0,0,0,0,3,1,6,6,1,77,11,1199,1,4,VAUXHALL GRANDLAND,10,E01021587,0,-1
2023221397258,2023,221397258,2,9,0,18,19,6,2,0,0,0,1,0,0,0,3,1,6,6,2,50,8,1199,1,3,VAUXHALL GRANDLAND,6,E01028888,0,-1
2023041292564,2023,041292564,1,9,0,18,19,1,5,0,0,1,0,0,0,0,1,1,5,6,1,55,8,1199,1,1,VAUXHALL GRANDLAND,2,-1,0,-1
2023440329100,2023,440329100,1,9,0,18,19,8,4,0,0,0,0,0,0,0,1,1,2,2,1,60,9,1199,1,3,VAUXHALL GRANDLAND,7,E01017256,0,-1
2023991276209,2023,991276209,1,9,0,16,19,3,7,0,0,5,0,0,3,0,1,1,2,2,1,49,8,1560,2,5,VAUXHALL GRANDLAND,-1,-1,0,-1
2023201450888,2023,201450888,2,9,0,5,5,2,4,0,0,6,0,0,0,0,1,1,6,6,1,64,9,1199,1,0,VAUXHALL GRANDLAND,1,E01010445,0,-1
2023340WN2882,2023,340WN2882,2,9,0,18,19,8,4,0,0,1,0,0,0,0,1,1,2,2,2,48,8,1199,1,4,VAUXHALL GRANDLAND,9,E01027264,0,-1
2023010449848,2023,010449848,1,9,0,11,11,7,3,0,0,0,0,0,0,0,4,1,6,6,2,34,6,1199,1,5,VAUXHALL GRANDLAND,4,E01003343,0,-1
2023010471471,2023,010471471,1,9,0,15,15,1,5,0,0,0,0,0,0,0,1,2,2,2,1,61,9,1199,1,4,VAUXHALL GRANDLAND,10,E01000357,0,-1
2023401289450,2023,401289450,2,9,0,4,4,3,7,0,0,0,0,0,0,0,1,1,6,6,1,56,9,1499,2,5,VAUXHALL GRANDLAND,1,E01015795,0,-1
2023010485457,2023,010485457,1,9,0,11,11,3,7,0,0,0,1,0,0,0,1,1,2,2,2,49,8,1199,1,5,VAUXHALL GRANDLAND,1,E01003511,0,-1
2023991296795,2023,991296795,2,9,0,18,19,5,1,0,0,0,0,0,0,0,1,1,2,2,1,52,8,1499,2,4,VAUXHALL GRANDLAND,1,-1,0,-1
2023221344076,2023,221344076,4,9,0,3,3,2,6,0,0,1,0,0,0,0,2,1,6,6,1,75,10,1199,1,5,VAUXHALL GRANDLAND,8,E01032420,0,-1
2023430094210,2023,430094210,1,9,0,9,9,1,7,0,0,8,0,0,0,0,4,1,6,6,2,30,6,1199,1,4,VAUXHALL GRANDLAND,9,E01017802,0,-1
2023471311895,2023,471311895,1,9,0,16,19,1,4,0,0,1,1,0,7,4,1,1,5,6,2,59,9,1199,1,3,VAUXHALL GRANDLAND,2,E01000781,0,-1
2023421379749,2023,421379749,2,9,0,18,19,3,7,0,0,0,0,0,2,0,3,1,6,6,2,27,6,1199,1,4,VAUXHALL GRANDLAND,8,E01021824,0,-1
2023440409327,2023,440409327,1,9,0,18,19,7,3,0,0,0,0,0,0,0,1,1,6,6,1,39,7,1199,1,5,VAUXHALL GRANDLAND,10,E01023072,0,-1
2023131297736,2023,131297736,1,9,0,18,19,5,1,0,0,0,0,0,0,0,1,1,2,2,1,59,9,1199,1,2,VAUXHALL GRANDLAND,5,E01010992,0,-1
2023161335566,2023,161335566,1,9,0,11,11,7,3,0,0,8,0,0,0,0,0,1,6,6,3,-1,-1,1199,1,3,VAUXHALL GRANDLAND,-1,-1,0,-1
2023161381143,2023,161381143,1,9,0,11,11,7,3,0,0,8,0,0,1,0,4,1,1,1,1,52,8,1499,2,3,VAUXHALL GRANDLAND,7,E01013224,0,-1
2023440485668,2023,440485668,2,9,0,4,4,2,6,0,0,0,0,0,0,0,2,1,6,6,1,29,6,1199,1,0,VAUXHALL GRANDLAND,6,E01022551,0,-1
2023531383190,2023,531383190,2,9,0,4,4,5,1,0,0,0,0,0,0,0,2,1,5,6,1,24,5,1199,1,4,VAUXHALL GRANDLAND,8,E01022280,0,-1
2023141317158,2023,141317158,2,9,0,18,19,3,7,0,0,0,0,0,0,0,2,1,5,6,1,40,7,1199,1,2,VAUXHALL GRANDLAND,2,E01007394,0,-1
2023320517619,2023,320517619,2,9,0,4,4,8,4,0,0,0,0,0,0,0,2,1,6,6,2,57,9,1499,2,3,VAUXHALL GRANDLAND,2,E01005514,0,-1
2023552301243,2023,552301243,2,9,0,4,4,2,6,0,0,0,0,0,0,0,2,1,6,6,1,50,8,1199,1,5,VAUXHALL GRANDLAND,5,E01015329,0,-1
2023201365661,2023,201365661,2,9,0,3,3,4,4,0,0,0,0,0,0,0,2,1,5,6,1,71,10,1499,2,2,VAUXHALL GRANDLAND,-1,-1,0,-1
2023622300862,2023,622300862,1,9,0,9,9,4,2,0,0,6,1,0,3,11,1,1,6,6,1,82,11,1199,1,1,VAUXHALL GRANDLAND,1,W01001207,0,-1
2023552300225,2023,552300225,2,9,0,18,19,2,6,0,0,8,0,0,0,0,4,1,6,6,2,31,6,1199,1,5,VAUXHALL GRANDLAND,2,E01020348,0,-1
2023320509871,2023,320509871,3,9,0,18,19,6,2,0,0,0,0,0,0,0,1,1,6,6,2,43,7,1199,1,5,VAUXHALL GRANDLAND,8,E01028288,0,-1
2023141369171,2023,141369171,2,9,0,18,19,1,5,0,0,0,0,0,0,0,1,1,6,6,2,49,8,1199,1,2,VAUXHALL GRANDLAND,7,E01007778,0,-1
2023010472016,2023,010472016,1,9,0,18,19,6,2,0,0,0,5,4,0,0,1,1,6,6,1,49,8,1199,1,4,VAUXHALL GRANDLAND,2,E01001698,0,-1
2023332300462,2023,332300462,4,9,0,4,4,1,5,0,0,0,0,0,0,0,2,1,6,6,1,42,7,1199,1,0,VAUXHALL GRANDLAND,-1,-1,0,-1
2023520300729,2023,520300729,2,9,0,18,19,1,7,0,0,8,0,0,0,0,1,1,6,6,1,29,6,1499,2,4,VAUXHALL GRANDLAND,5,E01029301,0,-1
2023991308120,2023,991308120,1,9,0,9,9,1,7,0,0,0,0,0,0,0,2,1,5,6,2,39,7,1499,2,2,VAUXHALL GRANDLAND,8,-1,0,-1
2023361314472,2023,361314472,2,9,0,-1,-1,-1,-1,-1,-1,-1,-1,-1,-1,0,-1,1,5,6,1,49,8,1199,1,4,VAUXHALL GRANDLAND,1,E01026868,0,-1
2023401271545,2023,401271545,2,9,0,4,4,5,1,0,0,0,1,0,0,0,2,1,5,6,1,33,6,1199,1,2,VAUXHALL GRANDLAND,5,E01017486,0,-1
2023010420848,2023,010420848,1,9,0,9,9,3,8,0,0,8,0,0,0,0,1,1,6,6,1,35,6,1199,1,3,VAUXHALL GRANDLAND,6,E01000232,0,-1
2023010459468,2023,010459468,1,9,0,9,9,5,3,0,0,6,0,0,0,0,3,1,6,6,1,49,8,1199,1,6,VAUXHALL GRANDLAND,3,E01000046,0,-1
2023552300619,2023,552300619,2,9,0,18,19,2,6,0,0,8,0,0,0,0,1,1,6,6,1,63,9,1199,1,3,VAUXHALL GRANDLAND,7,E01020436,0,-1
2023552300818,2023,552300818,1,9,0,18,19,6,2,0,0,0,0,0,0,0,1,1,1,1,1,37,7,1199,1,2,VAUXHALL GRANDLAND,5,E01015275,0,-1
2023440521669,2023,440521669,1,9,0,18,19,6,2,0,0,1,0,0,0,0,4,1,6,6,2,35,6,1499,2,2,VAUXHALL GRANDLAND,5,E01022832,0,-1
2023401358918,2023,401358918,1,9,0,5,5,8,4,0,0,8,0,0,0,0,1,1,6,6,2,30,6,1199,1,0,VAUXHALL GRANDLAND,5,E01015763,0,-1
2023010436275,2023,010436275,1,9,0,12,12,3,7,0,0,1,0,0,0,0,3,1,6,6,1,33,6,1199,1,3,VAUXHALL GRANDLAND,2,E01000007,0,-1
2023991269800,2023,991269800,1,9,0,18,19,7,3,0,0,0,0,0,0,0,1,1,5,6,1,71,10,1199,1,3,VAUXHALL GRANDLAND,4,-1,0,-1
2023041394685,2023,041394685,2,9,0,18,19,5,1,0,0,1,0,0,0,0,1,1,2,2,2,29,6,1199,1,3,VAUXHALL GRANDLAND,2,E01025072,0,-1
2023010463662,2023,010463662,2,9,0,18,19,8,4,0,0,8,0,0,0,0,1,1,6,6,2,44,7,1199,1,4,VAUXHALL GRANDLAND,4,E01000745,0,-1
2023161261312,2023,161261312,1,9,0,18,19,3,7,0,0,0,0,0,0,0,1,1,5,6,1,52,8,1199,1,4,VAUXHALL GRANDLAND,1,E01012786,0,-1
2023010432602,2023,010432602,1,9,0,9,9,1,7,0,0,6,0,0,0,0,1,1,6,6,2,29,6,1199,1,5,VAUXHALL GRANDLAND,5,E01001198,0,-1
2023991334401,2023,991334401,1,9,0,18,19,7,3,0,0,0,1,0,0,0,1,1,5,6,2,56,9,1199,1,2,VAUXHALL GRANDLAND,-1,-1,0,-1
2023361345082,2023,361345082,2,9,0,4,4,5,6,0,0,0,0,0,0,0,2,1,6,6,1,52,8,1997,2,4,VAUXHALL GRANDLAND,7,E01026432,0,-1
2023161342534,2023,161342534,2,9,0,18,19,4,8,0,0,0,0,0,0,0,2,1,6,6,1,40,7,1199,1,4,VAUXHALL GRANDLAND,5,E01013132,0,-1
2023010475194,2023,010475194,2,9,0,99,99,9,9,99,99,9,9,99,9,99,9,9,6,6,3,-1,-1,1199,1,2,VAUXHALL GRANDLAND,-1,-1,0,-1
2023101356936,2023,101356936,2,9,0,18,19,3,7,0,0,8,1,0,0,0,4,1,2,2,2,40,7,1199,1,0,VAUXHALL GRANDLAND,-1,-1,0,-1
2023052302769,2023,052302769,1,9,0,18,19,5,1,0,0,0,0,4,0,0,4,1,6,6,1,89,11,1199,1,3,VAUXHALL GRANDLAND,2,E01006536,0,-1
2023471263360,2023,471263360,1,9,0,18,19,8,3,0,0,1,0,0,0,0,4,1,5,6,1,55,8,1199,1,3,VAUXHALL GRANDLAND,9,E01003466,0,-1
2023421387813,2023,421387813,2,9,0,18,19,1,5,0,0,8,0,0,0,0,2,1,6,6,1,-1,-1,1560,2,5,VAUXHALL GRANDLAND,5,E01021297,0,-1
2023552301241,2023,552301241,1,9,0,9,9,3,1,0,0,5,0,0,0,0,1,1,1,1,1,59,9,1499,2,4,VAUXHALL GRANDLAND,9,E01020557,0,-1
2023320549670,2023,320549670,4,9,0,4,4,6,2,0,0,0,0,0,0,0,2,1,6,6,1,57,9,1199,1,2,VAUXHALL GRANDLAND,1,E01007416,0,-1
2023201376254,2023,201376254,2,9,0,9,9,1,6,0,0,1,0,0,0,0,2,1,6,6,1,64,9,1199,1,4,VAUXHALL GRANDLAND,2,E01009999,0,-1
2023311359934,2023,311359934,2,9,0,13,13,1,4,0,0,0,0,0,0,0,1,1,6,6,1,-1,-1,1499,2,0,VAUXHALL GRANDLAND,-1,-1,0,-1
2023440387464,2023,440387464,1,9,0,5,5,8,4,0,0,8,0,0,0,0,3,1,2,2,2,38,7,1199,1,4,VAUXHALL GRANDLAND,4,E01017278,0,-1
2023010468923,2023,010468923,2,9,0,99,99,9,9,99,99,9,9,99,9,99,1,9,6,6,3,49,8,1199,1,2,VAUXHALL GRANDLAND,-1,-1,0,-1
2023010421933,2023,010421933,2,9,0,99,99,9,9,99,99,0,9,99,9,99,3,9,6,6,3,-1,-1,1199,1,3,VAUXHALL GRANDLAND,-1,-1,0,-1
2023430190975,2023,430190975,2,9,0,18,19,4,8,0,0,6,0,0,0,0,3,1,6,6,1,37,7,1199,1,2,VAUXHALL GRANDLAND,2,E01016480,0,-1
2023451337633,2023,451337633,2,9,0,2,2,0,0,0,0,0,0,0,0,0,2,1,5,6,2,37,7,1199,1,4,VAUXHALL GRANDLAND,5,E01030787,0,-1
2023201328186,2023,201328186,2,9,0,18,19,3,7,0,0,0,0,0,0,0,3,1,6,6,3,35,6,1199,1,5,VAUXHALL GRANDLAND,1,E01010486,0,-1
2023010451030,2023,010451030,1,9,0,5,5,8,4,0,0,1,0,0,0,0,1,1,6,6,1,51,8,1499,2,3,VAUXHALL GRANDLAND,-1,-1,0,-1
2023991358829,2023,991358829,1,9,0,12,12,3,7,0,0,2,0,0,0,0,3,1,5,6,1,22,5,1199,1,5,VAUXHALL GRANDLAND,7,-1,0,-1
2023010447777,2023,010447777,2,9,0,16,19,3,7,0,0,1,0,0,0,0,3,1,6,6,1,50,8,1199,1,3,VAUXHALL GRANDLAND,2,E01001631,0,-1
2023061378682,2023,061378682,2,9,0,2,2,8,4,0,0,8,0,0,0,0,1,1,6,6,2,51,8,1199,1,1,VAUXHALL GRANDLAND,1,E01005539,0,-1
2023471392263,2023,471392263,1,9,0,18,19,7,3,0,0,1,2,0,2,2,1,1,5,6,1,30,6,1199,1,2,VAUXHALL GRANDLAND,1,E01022967,0,-1
2023302300569,2023,302300569,1,9,0,9,9,2,8,0,0,5,0,0,0,0,1,1,6,6,1,70,10,1499,2,3,VAUXHALL GRANDLAND,2,E01019497,0,-1
2023501286068,2023,501286068,1,9,0,16,19,4,7,0,0,0,0,0,0,0,1,1,5,6,1,53,8,1199,1,2,VAUXHALL GRANDLAND,2,E01018771,0,-1
2023531392168,2023,531392168,3,9,0,2,2,0,0,0,0,0,0,0,0,0,1,1,6,6,3,-1,-1,1199,1,4,VAUXHALL GRANDLAND,-1,-1,0,-1
2023010460370,2023,010460370,2,9,0,99,99,9,9,99,99,9,9,99,9,99,2,9,6,6,3,-1,-1,1199,1,3,VAUXHALL GRANDLAND,1,E01001178,0,-1
2023052301688,2023,052301688,2,9,0,3,3,3,7,0,0,0,0,0,0,0,2,1,6,6,1,68,10,1499,2,3,VAUXHALL GRANDLAND,1,E01006633,0,-1
2023631312542,2023,631312542,1,9,0,18,19,5,1,0,0,0,0,0,0,0,4,1,6,6,1,72,10,1499,2,1,VAUXHALL GRANDLAND,7,W01000492,0,-1
2023122301075,2023,122301075,1,9,0,18,19,1,5,0,0,0,5,0,7,7,1,1,6,6,1,72,10,1199,1,0,VAUXHALL GRANDLAND,9,E01010642,0,-1
2023010441583,2023,010441583,2,9,0,2,2,0,0,0,0,1,0,0,0,0,4,1,6,6,3,-1,-1,1199,1,3,VAUXHALL GRANDLAND,-1,-1,0,-1
2023991319517,2023,991319517,1,9,0,18,19,7,2,0,0,1,0,0,0,0,1,1,5,6,2,56,9,1199,1,0,VAUXHALL GRANDLAND,3,-1,0,-1
2023531364816,2023,531364816,2,9,0,18,19,2,6,0,0,0,1,0,0,0,1,1,1,1,1,66,10,1199,1,4,VAUXHALL GRANDLAND,9,E01022422,0,-1
2023131292740,2023,131292740,1,9,0,18,19,5,1,0,0,0,0,0,0,0,4,1,6,6,1,54,8,1199,1,2,VAUXHALL GRANDLAND,4,E01011794,0,-1
2023010476402,2023,010476402,1,9,0,18,19,5,1,0,0,1,0,0,0,0,3,1,3,7,1,39,7,1199,1,2,VAUXHALL GRANDLAND,1,E01001330,0,-1
2023430565794,2023,430565794,2,9,0,4,4,8,4,0,0,1,0,0,0,0,2,1,6,6,2,43,7,1199,1,4,VAUXHALL GRANDLAND,-1,-1,0,-1