collision_index,collision_year,collision_ref_no,vehicle_reference,vehicle_type,towing_and_articulation,vehicle_manoeuvre_historic,vehicle_manoeuvre,vehicle_direction_from,vehicle_direction_to,vehicle_location_restricted_lane_historic,vehicle_location_restricted_lane,junction_location,skidding_and_overturning,hit_object_in_carriageway,vehicle_leaving_carriageway,hit_object_off_carriageway,first_point_of_impact,vehicle_left_hand_drive,journey_purpose_of_driver_historic,journey_purpose_of_driver,sex_of_driver,age_of_driver,age_band_of_driver,engine_capacity_cc,propulsion_code,age_of_vehicle,generic_make_model,driver_imd_decile,lsoa_of_driver,escooter_flag,driver_distance_banding
2023552400221,2023,552400221,1,9,0,7,7,4,6,0,0,5,0,0,0,0,1,1,6,6,1,54,8,1199,1,4,VAUXHALL GRANDLAND,5,E01015275,0,-1
2023421292222,2023,421292222,6,9,0,18,19,5,1,0,0,0,0,0,0,0,2,1,1,1,2,31,6,1199,1,4,VAUXHALL GRANDLAND,2,E01021969,0,-1
2023211376401,2023,211376401,2,9,0,4,4,1,5,0,0,0,0,0,0,0,2,1,6,6,1,42,7,1199,1,0,VAUXHALL GRANDLAND,1,E01007290,0,-1
2023201296177,2023,201296177,1,9,0,4,4,7,3,0,0,2,0,0,0,0,1,1,1,1,1,40,7,1499,2,4,VAUXHALL GRANDLAND,-1,-1,0,-1
2023010456694,2023,010456694,2,9,0,99,99,9,9,99,99,9,9,99,9,99,9,9,6,6,3,-1,-1,1199,1,2,VAUXHALL GRANDLAND,-1,-1,0,-1
2023010474817,2023,010474817,1,9,0,99,99,9,9,99,99,9,9,99,9,99,9,9,6,6,2,39,7,1199,1,4,VAUXHALL GRANDLAND,3,E01003785,0,-1
2023440021116,2023,440021116,2,9,0,4,4,3,7,0,0,0,0,0,0,0,1,1,6,6,1,33,6,1199,1,2,VAUXHALL GRANDLAND,7,E01015348,0,-1
2023522300513,2023,522300513,1,9,0,18,19,6,2,0,0,8,0,0,0,0,1,1,6,6,1,81,11,1199,1,5,VAUXHALL GRANDLAND,8,E01014981,0,-1
2023351288625,2023,351288625,1,9,0,18,19,7,3,0,0,0,0,0,1,10,1,1,6,6,2,-1,-1,1499,2,4,VAUXHALL GRANDLAND,-1,-1,0,-1
2023201313329,2023,201313329,2,9,0,9,9,4,2,0,0,5,0,0,0,0,1,1,6,6,1,43,7,1199,1,2,VAUXHALL GRANDLAND,2,E01010204,0,-1
2023461358179,2023,461358179,1,9,0,3,3,5,1,0,0,1,0,0,0,0,2,1,6,6,2,45,7,1199,1,4,VAUXHALL GRANDLAND,1,E01024306,0,-1
2023041318022,2023,041318022,1,9,0,16,19,3,7,0,0,0,5,11,0,0,1,1,5,6,2,55,8,1199,1,4,VAUXHALL GRANDLAND,7,E01024962,0,-1
2023522300130,2023,522300130,1,9,0,18,19,2,6,0,0,0,0,0,0,0,3,1,6,6,1,-1,-1,1199,1,5,VAUXHALL GRANDLAND,-1,-1,0,-1
2023552300584,2023,552300584,1,9,0,18,19,8,6,0,0,1,0,0,0,0,1,1,2,2,2,47,8,1199,1,4,VAUXHALL GRANDLAND,2,E01022820,0,-1
2023010470361,2023,010470361,1,9,0,18,19,5,1,0,0,0,0,0,0,0,1,1,6,6,2,33,6,1199,1,2,VAUXHALL GRANDLAND,-1,-1,0,-1
2023141293799,2023,141293799,1,9,0,-1,-1,-1,-1,-1,-1,1,-1,-1,-1,0,-1,1,6,6,1,26,6,1199,1,3,VAUXHALL GRANDLAND,1,E01007719,0,-1
2023461333011,2023,461333011,2,9,0,4,4,1,5,0,0,0,0,0,0,0,1,1,6,6,2,41,7,1199,1,5,VAUXHALL GRANDLAND,7,E01024727,0,-1
2023211313512,2023,211313512,3,9,0,16,19,8,3,0,0,1,2,0,0,0,4,1,5,6,1,80,11,1499,2,3,VAUXHALL GRANDLAND,6,E01018472,0,-1
2023071099450,2023,071099450,2,9,0,5,5,3,7,0,0,8,1,0,0,0,3,1,6,6,2,57,9,1199,1,3,VAUXHALL GRANDLAND,9,E01018377,0,-1
2023401354093,2023,401354093,2,9,0,2,2,0,0,0,0,0,0,0,0,0,3,1,6,6,3,-1,-1,1199,1,1,VAUXHALL GRANDLAND,-1,-1,0,-1
2023041392930,2023,041392930,1,9,0,18,19,7,3,0,0,8,0,0,0,0,1,1,5,6,2,56,9,1199,1,0,VAUXHALL GRANDLAND,4,E01025267,0,-1
2023302301307,2023,302301307,1,9,0,9,9,2,1,0,0,8,0,0,0,0,3,1,6,6,2,27,6,1499,2,0,VAUXHALL GRANDLAND,8,E01019449,0,-1
2023991321613,2023,991321613,1,9,0,18,19,4,8,0,0,0,0,0,0,0,3,1,1,1,3,-1,-1,1499,2,1,VAUXHALL GRANDLAND,-1,-1,0,-1
2023141290060,2023,141290060,1,9,0,18,19,5,1,0,0,1,0,0,0,0,4,1,3,7,1,37,7,1199,1,1,VAUXHALL GRANDLAND,6,E01007640,0,-1
2023010452773,2023,010452773,1,9,0,4,4,3,7,0,0,1,0,0,0,0,1,1,6,6,2,61,9,1199,1,3,VAUXHALL GRANDLAND,2,E01003988,0,-1
2023052301704,2023,052301704,2,9,0,18,19,1,5,0,0,0,0,0,0,0,1,1,6,6,2,32,6,1499,2,4,VAUXHALL GRANDLAND,2,E01006910,0,-1
2023101264888,2023,101264888,2,9,0,18,19,1,5,0,0,0,0,0,0,0,2,1,6,6,1,43,7,1199,1,5,VAUXHALL GRANDLAND,10,E01027402,0,-1
2023141332539,2023,141332539,4,9,0,10,10,8,6,0,0,2,0,0,0,0,2,1,2,2,2,39,7,1199,1,1,VAUXHALL GRANDLAND,6,E01007424,0,-1
2023531360641,2023,531360641,2,9,0,18,19,2,6,0,0,0,0,0,0,0,1,1,5,6,2,58,9,1598,8,0,VAUXHALL GRANDLAND,9,E01022278,0,-1
2023131361250,2023,131361250,1,9,0,18,19,3,7,0,0,1,0,0,0,0,-1,1,6,6,1,65,9,1199,1,0,VAUXHALL GRANDLAND,1,E01010610,0,-1
2023141298918,2023,141298918,1,9,0,5,5,4,6,0,0,1,0,0,0,0,1,1,3,7,2,37,7,1199,1,1,VAUXHALL GRANDLAND,2,E01007796,0,-1
2023010426698,2023,010426698,2,9,0,16,19,5,1,0,0,0,0,0,0,0,1,1,6,6,3,-1,-1,1199,1,2,VAUXHALL GRANDLAND,-1,-1,0,-1
2023451287250,2023,451287250,2,9,0,18,19,5,1,0,0,0,0,0,0,0,3,1,6,6,1,24,5,1499,2,3,VAUXHALL GRANDLAND,10,E01030407,0,-1
2023010481623,2023,010481623,1,9,0,18,19,5,1,0,0,0,0,4,0,0,1,1,6,6,2,38,7,1199,1,0,VAUXHALL GRANDLAND,9,E01000831,0,-1
2023101338805,2023,101338805,1,9,0,18,19,2,6,0,0,0,0,0,7,3,3,1,6,6,3,-1,-1,1199,1,2,VAUXHALL GRANDLAND,-1,-1,0,-1
2023201297796,2023,201297796,1,9,0,18,19,4,6,0,0,3,0,7,7,7,1,1,6,6,1,77,11,1199,1,3,VAUXHALL GRANDLAND,6,E01010350,0,-1
2023131391451,2023,131391451,2,9,0,18,19,5,1,0,0,0,0,0,0,0,3,1,1,1,2,48,8,1199,1,1,VAUXHALL GRANDLAND,2,E01010781,0,-1
2023010454215,2023,010454215,2,9,0,18,19,5,1,0,0,0,0,0,0,0,3,1,6,6,1,33,6,1997,2,3,VAUXHALL GRANDLAND,-1,-1,0,-1
2023411344819,2023,411344819,1,9,0,13,13,1,2,0,0,0,0,0,0,0,3,1,5,6,1,48,8,1199,1,3,VAUXHALL GRANDLAND,9,E01023706,0,-1
2023430536458,2023,430536458,1,8,0,18,19,6,2,0,0,0,0,0,0,0,1,1,6,6,1,-1,-1,1598,8,3,-1,-1,-1,0,-1
2023552300933,2023,552300933,2,9,0,18,19,6,2,0,0,8,0,0,0,0,4,1,6,6,2,73,10,1199,1,3,VAUXHALL GRANDLAND,7,E01015408,0,-1
2023311389905,2023,311389905,1,9,0,18,19,7,3,0,0,0,0,0,0,0,1,1,5,6,1,65,9,1199,1,4,VAUXHALL GRANDLAND,8,E01023552,0,-1
2023141334956,2023,141334956,1,9,0,18,19,8,4,0,0,0,5,0,7,0,1,1,6,6,1,35,6,1199,1,1,VAUXHALL GRANDLAND,1,E01007857,0,-1
2023311390991,2023,311390991,1,9,0,9,9,8,6,0,0,4,0,0,3,4,1,1,5,6,1,65,9,1199,1,2,VAUXHALL GRANDLAND,5,E01028189,0,-1
2023461324398,2023,461324398,1,9,0,1,1,4,8,0,0,8,0,0,8,0,1,1,6,6,2,59,9,1598,8,3,VAUXHALL GRANDLAND,7,E01024637,0,-1
202360A142285,2023,60A142285,1,9,0,7,7,8,1,0,0,5,0,0,0,0,1,1,6,6,1,80,11,1199,1,3,VAUXHALL GRANDLAND,-1,-1,0,-1
2023991288782,2023,991288782,1,9,0,18,19,6,5,0,0,0,2,10,1,0,4,1,2,2,1,40,7,1199,1,1,VAUXHALL GRANDLAND,-1,-1,0,-1
2023461296158,2023,461296158,2,9,-1,-1,-1,-1,-1,-1,-1,0,-1,-1,-1,0,-1,1,6,6,1,66,10,1199,1,3,VAUXHALL GRANDLAND,4,E01016074,0,-1
2023221263040,2023,221263040,1,9,0,9,9,8,6,0,0,6,0,0,0,0,1,1,6,6,3,57,9,1499,2,4,VAUXHALL GRANDLAND,-1,-1,0,-1
2023542993223,2023,542993223,1,9,0,9,9,3,1,0,0,6,0,0,0,0,3,1,6,6,1,68,10,1560,2,5,VAUXHALL GRANDLAND,8,E01031910,0,-1
2023371349553,2023,371349553,1,9,0,18,19,5,1,0,0,0,0,0,7,0,1,1,6,6,2,59,9,1199,1,3,VAUXHALL GRANDLAND,8,E01033443,0,-1
2023201277845,2023,201277845,1,9,0,18,19,1,5,0,0,8,0,0,0,0,1,1,2,2,2,32,6,1199,1,4,VAUXHALL GRANDLAND,5,E01009248,0,-1
2023010465710,2023,010465710,1,9,0,18,19,5,1,0,0,0,1,0,0,0,3,1,6,6,1,53,8,1199,1,4,VAUXHALL GRANDLAND,2,E01003266,0,-1
2023332300443,2023,332300443,1,9,0,4,4,7,3,0,0,1,0,0,0,0,2,1,6,6,2,37,7,1199,1,3,VAUXHALL GRANDLAND,1,E01013637,0,-1
2023010474221,2023,010474221,1,9,0,99,99,9,9,99,99,9,9,99,9,99,9,9,6,6,2,55,8,1199,1,0,VAUXHALL GRANDLAND,1,E01001786,0,-1
2023201415120,2023,201415120,1,9,0,11,11,7,3,0,0,1,0,0,0,0,2,1,6,6,2,61,9,1499,2,4,VAUXHALL GRANDLAND,2,E01010447,0,-1
2023351330475,2023,351330475,2,9,-1,-1,-1,-1,-1,-1,-1,0,-1,-1,-1,0,-1,1,6,6,2,37,7,1499,2,3,VAUXHALL GRANDLAND,3,E01018092,0,-1
2023520400593,2023,520400593,1,9,0,4,4,3,7,0,0,1,0,0,0,0,1,1,6,6,1,60,9,1199,1,4,VAUXHALL GRANDLAND,5,E01029134,0,-1
2023010456761,2023,010456761,2,9,0,18,19,3,7,0,0,1,0,0,0,0,2,1,6,6,1,40,7,1199,1,4,VAUXHALL GRANDLAND,3,E01012510,0,-1
2023531289608,2023,531289608,1,9,0,15,15,1,5,0,0,8,0,0,0,0,1,1,5,6,1,64,9,1199,1,2,VAUXHALL GRANDLAND,7,E01022206,0,-1
2023010458677,2023,010458677,2,9,0,18,19,2,6,0,0,0,0,0,0,0,1,1,2,2,1,57,9,1199,1,5,VAUXHALL GRANDLAND,3,E01033209,0,-1
2023991379180,2023,991379180,3,9,0,18,19,7,3,0,0,1,0,0,0,0,3,1,5,6,2,49,8,1199,1,0,VAUXHALL GRANDLAND,-1,-1,0,-1
2023552300682,2023,552300682,1,9,0,16,19,2,5,0,0,0,0,0,0,0,1,1,6,6,1,72,10,1499,2,3,VAUXHALL GRANDLAND,1,E01013204,0,-1
2023351335872,2023,351335872,2,9,0,18,19,4,7,0,0,0,1,0,4,0,2,1,2,2,2,35,6,1560,2,5,VAUXHALL GRANDLAND,3,E01026455,0,-1
2023361366262,2023,361366262,1,9,0,7,7,5,7,0,0,1,0,0,0,0,4,1,5,6,2,54,8,1199,1,5,VAUXHALL GRANDLAND,10,E01026527,0,-1
2023041272562,2023,041272562,1,9,0,10,10,1,7,0,0,1,0,0,0,0,4,1,5,6,2,41,7,1499,2,5,VAUXHALL GRANDLAND,7,E01019357,0,-1
2023061317807,2023,061317807,3,9,0,2,2,0,0,0,0,0,0,0,0,0,3,1,6,6,3,-1,-1,1499,2,3,VAUXHALL GRANDLAND,-1,-1,0,-1
2023201377511,2023,201377511,1,9,0,14,14,6,2,0,0,2,0,0,0,0,1,1,6,6,1,37,7,1199,1,1,VAUXHALL GRANDLAND,2,E01010101,0,-1
2023440348059,2023,440348059,2,9,0,4,4,2,6,0,0,0,5,0,0,0,2,1,6,6,1,72,10,1199,1,2,VAUXHALL GRANDLAND,10,E01020559,0,-1
2023411375320,2023,411375320,1,9,0,9,9,5,3,0,0,1,0,0,0,0,1,1,6,6,2,36,7,1199,1,0,VAUXHALL GRANDLAND,5,E01023635,0,-1
2023010434932,2023,010434932,2,9,0,99,99,9,9,99,99,9,9,99,9,99,1,9,6,6,3,-1,-1,1199,1,2,VAUXHALL GRANDLAND,9,E01000344,0,-1
2023161346111,2023,161346111,1,9,0,5,5,5,2,0,0,0,0,0,0,0,2,1,5,6,1,45,7,1499,2,4,VAUXHALL GRANDLAND,3,E01012827,0,-1
2023430234914,2023,430234914,2,9,0,18,19,7,3,0,0,8,0,0,0,0,1,1,6,6,1,48,8,1199,1,4,VAUXHALL GRANDLAND,1,E01028576,0,-1
2023010434581,2023,010434581,1,9,0,18,19,1,5,0,0,1,0,0,0,0,1,1,6,6,3,-1,-1,1199,1,3,VAUXHALL GRANDLAND,-1,-1,0,-1
2023052301690,2023,052301690,1,9,0,18,19,5,1,0,0,2,0,0,0,0,3,1,6,6,3,-1,-1,1499,2,2,VAUXHALL GRANDLAND,-1,-1,0,-1
2023421355325,2023,421355325,1,9,0,18,19,4,8,0,0,0,0,0,0,0,1,1,2,2,2,49,8,1199,1,4,VAUXHALL GRANDLAND,2,E01021851,0,-1
2023010453327,2023,010453327,2,9,0,18,19,5,1,0,0,8,9,99,0,0,1,9,6,6,3,20,4,1199,1,3,VAUXHALL GRANDLAND,4,E01001061,0,-1
2023501274523,2023,501274523,2,9,0,5,5,5,1,0,0,1,0,0,0,0,3,1,5,6,1,67,10,1199,1,3,VAUXHALL GRANDLAND,4,E01020002,0,-1
2023041287561,2023,041287561,3,9,0,18,19,5,1,0,0,0,0,0,5,6,4,1,1,1,1,54,8,1199,1,4,VAUXHALL GRANDLAND,4,-1,0,-1
2023471297581,2023,471297581,3,9,0,18,19,2,6,0,0,0,0,0,1,0,1,1,5,6,2,56,9,1199,1,1,VAUXHALL GRANDLAND,3,E01020922,0,-1
2023010443506,2023,010443506,2,9,0,99,99,9,9,99,99,9,9,99,9,99,1,9,6,6,3,-1,-1,1199,1,4,VAUXHALL GRANDLAND,-1,-1,0,-1
2023041394446,2023,041394446,1,9,0,18,19,1,5,0,0,1,0,0,0,0,1,1,6,6,2,28,6,1199,1,5,VAUXHALL GRANDLAND,2,E01025369,0,-1
2023610013623,2023,610013623,1,9,0,18,19,5,1,0,0,3,0,0,0,0,3,1,6,6,2,53,8,1199,1,3,VAUXHALL GRANDLAND,1,W01001739,0,-1
2023201378757,2023,201378757,1,9,0,5,5,2,8,0,0,6,1,0,0,0,2,1,6,6,2,64,9,1199,1,4,VAUXHALL GRANDLAND,4,E01009250,0,-1
2023461272378,2023,461272378,2,9,0,-1,-1,-1,-1,-1,-1,0,-1,-1,-1,0,2,1,2,2,2,26,6,1199,1,4,VAUXHALL GRANDLAND,4,E01024197,0,-1
2023451259887,2023,451259887,2,9,0,17,19,1,6,0,0,0,0,0,0,0,4,1,3,7,2,38,7,1199,1,3,VAUXHALL GRANDLAND,9,E01030880,0,-1
2023421340442,2023,421340442,3,9,0,18,19,6,2,0,0,0,0,0,0,0,3,1,5,6,1,36,7,1560,2,5,VAUXHALL GRANDLAND,2,E01021278,0,-1
2023010444583,2023,010444583,1,9,0,3,3,5,1,99,99,9,9,99,9,99,2,9,1,1,2,38,7,1598,8,3,VAUXHALL GRANDLAND,5,E01000631,0,-1
2023351395747,2023,351395747,2,9,0,4,4,7,3,0,0,1,0,0,0,0,1,1,6,6,2,58,9,1199,1,3,VAUXHALL GRANDLAND,9,E01016201,0,-1
2023421368793,2023,421368793,1,9,0,4,4,3,7,0,0,0,0,0,0,0,2,1,1,1,1,32,6,1199,1,2,VAUXHALL GRANDLAND,6,E01021678,0,-1
2023552300397,2023,552300397,1,9,0,9,9,3,8,0,0,5,0,0,0,0,4,1,6,6,2,33,6,1499,2,4,VAUXHALL GRANDLAND,-1,-1,0,-1
2023101306980,2023,101306980,2,9,0,18,19,3,4,0,0,8,1,0,0,0,3,1,5,6,2,37,7,1199,1,5,VAUXHALL GRANDLAND,1,E01008793,0,-1
2023010431837,2023,010431837,1,9,0,18,19,7,3,0,0,1,0,0,0,0,3,1,6,6,2,46,8,1199,1,3,VAUXHALL GRANDLAND,4,E01002059,0,-1
2023991296990,2023,991296990,1,9,0,9,9,6,4,0,0,8,0,0,0,0,3,1,6,6,1,35,6,1499,2,2,VAUXHALL GRANDLAND,4,-1,0,-1
2023161351777,2023,161351777,1,9,0,18,19,5,1,0,0,0,0,0,0,0,4,1,6,6,1,47,8,1199,1,1,VAUXHALL GRANDLAND,1,E01012895,0,-1
2023231286043,2023,231286043,2,9,0,18,19,6,2,0,0,0,0,0,0,0,1,1,6,6,2,27,6,1199,1,4,VAUXHALL GRANDLAND,6,E01019871,0,-1
2023610017523,2023,610017523,1,9,0,18,19,5,1,0,0,0,5,0,0,0,1,1,1,1,1,22,5,1199,1,3,VAUXHALL GRANDLAND,2,W01001488,0,-1
2023010441135,2023,010441135,1,9,0,99,99,9,9,99,99,0,9,99,9,99,9,9,6,6,2,36,7,1199,1,2,VAUXHALL GRANDLAND,1,E01003065,0,-1
2023010454942,2023,010454942,1,9,0,18,19,1,5,0,0,0,0,0,0,0,1,1,2,2,1,51,8,1199,1,2,VAUXHALL GRANDLAND,7,E01021813,0,-1
2023440243744,2023,440243744,2,9,0,3,3,4,8,0,0,1,0,0,0,0,3,1,6,6,1,48,8,1560,2,5,VAUXHALL GRANDLAND,8,E01023149,0,-1
2023461323062,2023,461323062,2,9,0,18,19,5,1,0,0,1,0,0,0,0,2,1,6,6,1,65,9,1199,1,2,VAUXHALL GRANDLAND,7,E01024273,0,-1
2023041292729,2023,041292729,2,9,0,9,9,1,5,0,0,6,0,0,0,0,3,1,5,6,1,66,10,1199,1,1,VAUXHALL GRANDLAND,7,E01025557,0,-1
2023471276144,2023,471276144,1,9,0,18,19,4,8,0,0,1,0,11,7,1,1,1,5,6,1,43,7,1199,1,2,VAUXHALL GRANDLAND,-1,-1,0,-1
2023161271117,2023,161271117,2,9,0,6,6,6,6,0,0,0,0,0,0,0,4,1,5,6,2,35,6,1199,1,2,VAUXHALL GRANDLAND,1,E01013174,0,-1
2023010475137,2023,010475137,2,9,0,99,99,9,9,99,99,9,9,99,9,99,1,9,6,6,3,38,7,1499,2,4,VAUXHALL GRANDLAND,2,W01001243,0,-1
2023141378658,2023,141378658,1,9,0,9,9,3,1,0,0,8,0,0,0,0,3,1,5,6,1,50,8,1199,1,1,VAUXHALL GRANDLAND,1,E01007365,0,-1
2023302301322,2023,302301322,1,9,0,18,19,1,5,0,0,8,0,0,0,0,3,1,6,6,3,-1,-1,1199,1,2,VAUXHALL GRANDLAND,5,E01019456,0,-1
2023501296539,2023,501296539,1,9,0,18,19,6,2,0,0,0,2,0,1,0,1,1,6,6,1,36,7,1199,1,5,VAUXHALL GRANDLAND,6,E01020207,0,-1
2023201277440,2023,201277440,1,9,0,18,19,2,6,0,0,4,0,4,0,0,4,1,5,6,1,29,6,1598,8,3,VAUXHALL GRANDLAND,1,E01010483,0,-1
2023131350680,2023,131350680,2,9,0,18,19,5,1,0,0,0,0,0,0,0,2,1,6,6,1,66,10,1199,1,3,VAUXHALL GRANDLAND,2,E01011281,0,-1
2023010485550,2023,010485550,2,9,9,99,99,9,9,99,99,9,9,99,9,99,9,9,6,6,3,-1,-1,1199,1,4,VAUXHALL GRANDLAND,-1,-1,0,-1
2023991398132,2023,991398132,2,9,0,18,19,1,5,0,0,8,0,0,0,0,3,1,1,1,2,38,7,1199,1,1,VAUXHALL GRANDLAND,-1,-1,0,-1
2023010481796,2023,010481796,3,9,0,18,19,3,7,0,0,1,1,0,0,0,1,1,6,6,2,56,9,1199,1,3,VAUXHALL GRANDLAND,2,E01003726,0,-1
2023302301851,2023,302301851,1,9,0,7,7,8,4,0,0,8,0,0,0,0,1,1,6,6,1,-1,-1,1199,1,0,VAUXHALL GRANDLAND,2,E01006352,0,-1
20231700H1732,2023,1700H1732,3,9,0,2,2,0,0,0,0,2,0,0,0,0,0,1,6,6,2,-1,-1,1199,1,4,VAUXHALL GRANDLAND,8,E01011963,0,-1
2023052300203,2023,052300203,1,9,0,18,19,7,3,0,0,0,0,0,0,0,1,1,2,2,2,33,6,1199,1,4,VAUXHALL GRANDLAND,5,E01007143,0,-1
2023461290840,2023,461290840,1,9,0,11,11,7,3,0,0,8,0,0,0,0,1,1,6,6,2,-1,-1,1199,1,2,VAUXHALL GRANDLAND,-1,-1,0,-1
2023070655243,2023,070655243,1,4,0,16,19,5,1,0,0,0,0,0,0,0,1,1,6,6,1,63,9,348,1,-1,-1,-1,-1,0,-1
2023401314108,2023,401314108,2,9,0,5,5,1,5,0,0,1,1,0,1,0,1,1,2,2,1,22,5,4395,1,3,-1,3,E01015701,0,-1
2023010442291,2023,010442291,1,9,0,18,19,5,1,0,0,1,0,0,0,0,2,1,6,6,1,45,7,4395,1,1,-1,3,E01002731,0,-1
2023041361266,2023,041361266,1,9,0,18,19,4,8,0,0,0,5,0,0,0,1,1,2,2,1,40,7,4395,1,3,-1,7,-1,0,-1
2023501377019,2023,501377019,2,9,0,5,5,6,2,0,0,4,0,0,0,0,4,1,6,6,1,47,8,4395,1,0,-1,-1,-1,0,-1
2023201411202,2023,201411202,1,9,0,18,19,4,8,0,0,0,1,10,1,9,1,1,6,6,1,35,6,4395,1,2,-1,6,E01010969,0,-1
2023610002423,2023,610002423,1,9,0,17,19,1,6,0,0,0,5,10,1,2,1,1,6,6,1,47,8,4395,1,3,-1,4,W01001429,0,-1
2023052302672,2023,052302672,2,9,0,18,19,5,1,0,0,0,0,0,0,0,1,1,6,6,1,57,9,1998,2,12,CHEVROLET ORLANDO,1,E01007220,0,-1
2023361387782,2023,361387782,1,9,0,18,19,3,7,0,0,8,0,0,0,0,1,1,5,6,1,27,6,1796,1,12,CHEVROLET ORLANDO,1,E01026624,0,-1
2023520001032,2023,520001032,2,9,0,3,3,3,7,0,0,0,0,0,0,0,2,1,6,6,1,35,6,1998,2,11,CHEVROLET ORLANDO,1,E01014583,0,-1
2023010432193,2023,010432193,1,9,0,5,5,7,3,0,0,1,0,0,0,0,1,1,6,6,2,51,8,1796,1,11,CHEVROLET ORLANDO,7,E01002918,0,-1
2023201291328,2023,201291328,2,9,0,9,9,4,2,0,0,6,0,0,0,0,3,1,6,6,2,42,7,1998,2,9,CHEVROLET ORLANDO,1,E01010414,0,-1
2023131319847,2023,131319847,1,9,0,18,19,1,1,9,9,0,0,0,1,11,1,1,5,6,2,52,8,1796,1,12,CHEVROLET ORLANDO,5,E01010818,0,-1
2023461291206,2023,461291206,2,9,0,2,2,5,1,0,0,0,0,0,0,0,2,1,6,6,2,58,9,1998,2,10,CHEVROLET ORLANDO,6,E01032798,0,-1
2023302301516,2023,302301516,1,9,0,5,5,2,4,0,0,4,0,0,0,0,1,1,6,6,3,-1,-1,1998,2,10,CHEVROLET ORLANDO,5,E01019456,0,-1
2023340WN4482,2023,340WN4482,2,9,0,18,19,4,1,0,0,1,0,0,0,0,1,1,6,6,2,39,7,1796,1,12,CHEVROLET ORLANDO,3,E01027245,0,-1
2023010436779,2023,010436779,2,9,5,18,19,1,5,0,0,3,0,0,0,0,1,1,6,6,1,55,8,1796,1,12,CHEVROLET ORLANDO,2,E01001202,0,-1
2023461341726,2023,461341726,2,9,0,2,2,0,0,0,0,0,0,4,0,0,3,1,6,6,1,-1,-1,1796,1,12,CHEVROLET ORLANDO,7,E01024569,0,-1
2023461348865,2023,461348865,1,9,0,18,19,1,5,0,0,0,0,0,0,0,2,1,6,6,1,46,8,1796,1,11,CHEVROLET ORLANDO,1,E01000721,0,-1
2023061302746,2023,061302746,4,9,0,18,19,7,3,0,0,8,2,0,1,11,2,1,5,6,2,46,8,1998,2,10,CHEVROLET ORLANDO,1,E01005107,0,-1
2023010457160,2023,010457160,2,9,9,99,99,9,9,99,99,9,9,99,9,99,2,9,6,6,3,-1,-1,1796,1,11,CHEVROLET ORLANDO,-1,-1,0,-1
2023010469762,2023,010469762,2,9,0,6,6,5,5,0,0,1,0,0,0,0,1,1,4,7,1,50,8,1796,1,11,CHEVROLET ORLANDO,1,E01004449,0,-1
2023991354493,2023,991354493,2,9,0,2,2,0,0,6,6,0,0,0,0,0,2,1,6,6,3,-1,-1,1998,2,11,CHEVROLET ORLANDO,-1,-1,0,-1
2023471282856,2023,471282856,2,9,0,18,19,7,3,0,0,1,0,0,0,0,1,1,2,2,1,34,6,1998,2,11,CHEVROLET ORLANDO,1,E01014594,0,-1
2023010452831,2023,010452831,1,9,0,99,99,9,9,99,99,9,9,99,9,99,1,9,6,6,1,44,7,1796,1,10,CHEVROLET ORLANDO,3,E01000392,0,-1
2023010436121,2023,010436121,2,9,0,99,99,9,9,99,99,9,9,99,9,99,9,9,6,6,1,55,8,1796,1,12,CHEVROLET ORLANDO,2,E01001202,0,-1
2023031331932,2023,031331932,3,21,0,18,19,2,6,0,0,1,0,0,0,0,3,1,1,1,1,58,9,9200,2,19,-1,4,E01019252,0,-1
2023010458799,2023,010458799,2,90,0,2,2,0,0,0,0,2,0,4,0,0,2,1,6,6,3,-1,-1,2998,2,8,-1,-1,-1,0,-1
2023471276058,2023,471276058,1,9,0,3,3,4,1,0,0,0,0,0,0,0,1,1,6,6,1,-1,-1,2777,2,15,-1,-1,-1,0,-1
2023332300870,2023,332300870,2,9,0,18,19,3,7,0,0,2,0,0,0,0,1,1,6,6,1,-1,-1,2777,2,14,-1,-1,-1,0,-1
2023052302982,2023,052302982,1,9,0,9,9,1,5,0,0,6,0,0,0,0,3,1,6,6,1,44,7,2777,2,14,-1,1,E01006677,0,-1
2023411344320,2023,411344320,1,9,0,18,19,5,1,0,0,0,0,0,0,0,1,1,6,6,1,40,7,2777,2,16,-1,10,E01023577,0,-1
2023061302964,2023,061302964,2,9,0,18,19,8,4,0,0,2,0,0,0,0,4,1,2,2,1,60,9,2777,2,14,-1,6,E01004983,0,-1
2023010433421,2023,010433421,3,9,0,18,19,3,7,0,0,0,1,0,0,0,1,1,6,6,1,25,5,3700,1,15,-1,7,E01002366,0,-1
2023131279370,2023,131279370,1,9,0,-1,-1,-1,-1,-1,-1,8,-1,-1,-1,0,-1,1,6,6,3,-1,-1,2777,2,15,-1,-1,-1,0,-1
2023141377252,2023,141377252,1,9,0,18,19,2,6,0,0,1,0,0,0,0,1,1,5,6,1,82,11,2777,2,15,-1,3,E01007494,0,-1
2023311388838,2023,311388838,1,9,0,18,19,5,5,0,0,1,0,0,0,0,1,1,1,1,1,39,7,1910,2,18,-1,4,E01028294,0,-1
2023401344574,2023,401344574,2,9,0,3,3,3,7,0,0,1,0,0,0,0,2,1,5,6,1,69,10,2446,1,21,-1,9,E01023430,0,-1