collision_index,collision_year,collision_ref_no,vehicle_reference,vehicle_type,towing_and_articulation,vehicle_manoeuvre_historic,vehicle_manoeuvre,vehicle_direction_from,vehicle_direction_to,vehicle_location_restricted_lane_historic,vehicle_location_restricted_lane,junction_location,skidding_and_overturning,hit_object_in_carriageway,vehicle_leaving_carriageway,hit_object_off_carriageway,first_point_of_impact,vehicle_left_hand_drive,journey_purpose_of_driver_historic,journey_purpose_of_driver,sex_of_driver,age_of_driver,age_band_of_driver,engine_capacity_cc,propulsion_code,age_of_vehicle,generic_make_model,driver_imd_decile,lsoa_of_driver,escooter_flag,driver_distance_banding
2023332300824,2023,332300824,2,9,0,18,19,5,1,0,0,0,0,0,0,0,1,1,6,6,2,71,10,998,1,6,PEUGEOT 108,9,E01025619,0,-1
2023161301212,2023,161301212,1,9,0,5,5,1,5,0,0,1,0,0,0,0,2,1,2,2,2,28,6,1200,1,8,PEUGEOT 108,5,E01012773,0,-1
2023471300613,2023,471300613,2,9,0,3,3,7,3,0,0,0,0,0,0,0,2,1,5,6,2,64,9,998,1,5,PEUGEOT 108,4,E01031455,0,-1
2023430408378,2023,430408378,2,9,0,1,1,8,4,0,0,1,0,0,0,0,2,1,6,6,2,30,6,1997,2,20,PEUGEOT 307,-1,-1,0,-1
2023201325768,2023,201325768,2,9,0,5,5,2,8,0,0,6,0,0,0,0,2,1,6,6,1,52,8,1587,1,22,PEUGEOT 307,1,E01033632,0,-1
2023010469176,2023,010469176,4,9,0,2,2,0,0,0,0,8,0,0,0,0,2,1,6,6,3,-1,-1,1587,1,19,PEUGEOT 307,-1,-1,0,-1
2023010463312,2023,010463312,1,9,0,99,99,9,9,99,99,9,9,99,9,99,9,9,2,2,1,54,8,1997,1,18,PEUGEOT 307,1,E01000602,0,-1
2023010442354,2023,010442354,1,9,0,9,9,4,2,0,0,1,0,0,0,0,1,1,2,2,1,54,8,1587,1,17,PEUGEOT 307,3,E01001089,0,-1
2023141355178,2023,141355178,1,9,0,9,9,4,2,0,0,2,1,0,0,0,2,1,5,6,2,56,9,1997,1,18,PEUGEOT 307,3,E01007773,0,-1
2023010440423,2023,010440423,4,9,0,2,2,0,0,0,0,0,0,0,0,0,1,1,6,6,3,-1,-1,1997,1,15,PEUGEOT 307,-1,-1,0,-1
2023531381097,2023,531381097,1,9,0,18,19,6,2,0,0,0,0,0,0,0,1,1,2,2,1,64,9,1560,2,17,PEUGEOT 307,10,E01022431,0,-1
2023461396502,2023,461396502,2,9,0,18,19,5,1,0,0,0,0,0,0,0,3,1,6,6,2,50,8,1587,1,18,PEUGEOT 307,7,E01024422,0,-1
2023131353166,2023,131353166,1,9,0,6,6,3,7,0,0,8,0,0,0,0,0,1,5,6,1,53,8,1587,1,18,PEUGEOT 307,6,E01024870,0,-1
2023320291823,2023,320291823,2,9,0,9,9,7,5,0,0,5,0,0,0,0,2,1,6,6,2,31,6,1560,2,17,PEUGEOT 307,5,E01026133,0,-1
2023531389835,2023,531389835,2,9,0,18,19,1,5,0,0,0,0,0,0,0,1,1,1,1,2,43,7,1997,2,17,PEUGEOT 307,10,E01022354,0,-1
2023170M20473,2023,170M20473,1,9,0,18,19,1,5,0,0,0,0,0,0,0,1,1,6,6,1,30,6,1560,2,16,PEUGEOT 307,1,E01012082,0,-1
2023421401980,2023,421401980,2,9,0,7,7,5,3,0,0,8,1,0,0,0,4,1,5,6,1,35,6,1997,1,19,PEUGEOT 307,4,E01021265,0,-1
2023552300384,2023,552300384,1,9,0,18,19,1,5,0,0,0,2,0,7,0,1,1,6,6,1,25,5,1587,1,18,PEUGEOT 307,5,E01020459,0,-1
2023201412560,2023,201412560,2,9,0,9,9,6,4,0,0,5,0,0,0,0,2,1,1,1,2,32,6,1587,1,16,PEUGEOT 307,2,E01009890,0,-1
2023131355128,2023,131355128,2,9,0,18,19,5,1,0,0,8,0,0,0,0,1,1,3,7,2,30,6,1587,1,17,PEUGEOT 307,3,E01010993,0,-1
2023461337124,2023,461337124,2,9,0,18,19,3,7,0,0,8,0,0,0,0,1,1,6,6,2,83,11,1587,1,16,PEUGEOT 307,5,E01024638,0,-1
2023010433310,2023,010433310,2,9,0,99,99,9,9,99,99,9,9,99,9,99,9,9,6,6,1,-1,-1,1587,1,20,PEUGEOT 307,-1,-1,0,-1
2023141314380,2023,141314380,1,9,0,18,19,3,7,0,0,0,0,0,0,0,1,1,5,6,2,46,8,1360,1,20,PEUGEOT 307,1,E01007715,0,-1
2023631309385,2023,631309385,2,9,0,18,19,5,1,0,0,8,0,0,0,0,4,1,5,6,2,49,8,1587,1,21,PEUGEOT 307,1,E01014833,0,-1
2023520300728,2023,520300728,2,9,0,17,19,1,5,0,0,0,0,0,1,1,1,1,6,6,1,48,8,1587,1,20,PEUGEOT 307,6,E01029064,0,-1
2023010459428,2023,010459428,2,9,0,99,99,9,9,99,99,9,9,99,9,99,1,9,6,6,2,53,8,1587,1,19,PEUGEOT 307,3,E01003629,0,-1
2023041309770,2023,041309770,2,9,0,15,15,3,7,0,0,0,2,10,0,0,1,1,5,6,1,17,4,1587,1,18,PEUGEOT 307,1,E01012673,0,-1
2023052301084,2023,052301084,1,9,0,9,9,1,5,0,0,6,0,0,0,0,1,1,2,2,2,54,8,1560,2,16,PEUGEOT 307,1,E01006761,0,-1
2023340WN2502,2023,340WN2502,1,9,0,7,7,7,1,0,0,6,0,0,0,0,1,1,6,6,1,-1,-1,1997,1,22,PEUGEOT 307,-1,-1,0,-1
2023461364696,2023,461364696,1,9,0,9,9,6,2,0,0,1,0,0,0,0,4,1,6,6,2,41,7,1997,1,18,PEUGEOT 307,1,E01024615,0,-1
2023631356712,2023,631356712,2,9,0,3,3,5,1,0,0,0,0,0,0,0,2,1,5,6,1,24,5,1587,1,16,PEUGEOT 307,6,W01000579,0,-1
2023041329320,2023,041329320,3,9,0,2,2,0,0,0,0,0,0,0,0,0,0,1,6,6,3,-1,-1,1360,1,16,PEUGEOT 307,-1,-1,0,-1
2023201364153,2023,201364153,2,9,0,9,9,4,2,0,0,5,0,0,0,0,2,1,6,6,2,77,11,1587,1,18,PEUGEOT 307,6,E01009531,0,-1
2023361264793,2023,361264793,1,9,0,18,19,4,8,0,0,8,0,0,0,0,1,1,2,2,1,65,9,1587,1,22,PEUGEOT 307,2,E01026844,0,-1
2023010422998,2023,010422998,1,9,0,16,19,7,3,0,0,0,1,4,0,0,4,1,3,7,1,39,7,1587,1,18,PEUGEOT 307,2,E01002606,0,-1
2023010439984,2023,010439984,2,9,0,18,19,1,5,0,0,8,0,0,0,0,1,1,6,6,3,-1,-1,1587,1,17,PEUGEOT 307,-1,-1,0,-1
2023501354611,2023,501354611,3,9,0,9,9,6,2,0,0,0,1,0,7,3,3,1,5,6,1,42,7,1560,2,16,PEUGEOT 307,4,E01018954,0,-1
2023401393821,2023,401393821,1,9,0,9,9,5,3,0,0,1,0,0,0,0,3,1,6,6,2,69,10,1587,1,19,PEUGEOT 307,2,E01017433,0,-1
2023501345381,2023,501345381,2,9,0,18,19,4,8,0,0,0,0,0,0,0,1,1,6,6,1,32,6,1997,1,18,PEUGEOT 307,4,E01018784,0,-1
2023061332929,2023,061332929,1,9,0,5,5,2,6,0,0,3,0,0,0,0,1,1,5,6,1,62,9,1560,2,16,PEUGEOT 307,6,E01005054,0,-1
2023061340098,2023,061340098,2,9,0,9,9,4,1,0,0,1,0,0,0,0,4,1,2,2,1,65,9,1560,2,16,PEUGEOT 307,1,E01005313,0,-1
2023411295789,2023,411295789,1,9,0,3,3,-1,-1,0,0,1,0,0,0,0,1,1,2,2,2,44,7,1997,1,20,PEUGEOT 307,5,E01023411,0,-1
2023141383386,2023,141383386,1,9,0,18,19,2,6,0,0,0,0,0,0,0,2,1,5,6,1,41,7,1587,1,17,PEUGEOT 307,1,E01008124,0,-1
2023010432499,2023,010432499,1,9,0,18,19,5,1,0,0,5,0,0,0,0,1,1,2,2,2,68,10,1997,1,20,PEUGEOT 307,7,E01002136,0,-1
2023531323379,2023,531323379,2,9,0,18,19,7,3,0,0,0,0,0,0,0,3,1,2,2,2,37,7,1360,1,16,PEUGEOT 307,-1,-1,0,-1
2023010450197,2023,010450197,1,9,0,9,9,4,1,0,0,5,0,0,7,0,3,1,2,2,2,35,6,1587,1,19,PEUGEOT 307,5,E01000310,0,-1
2023440042407,2023,440042407,2,9,0,18,19,8,4,0,0,0,0,4,0,0,1,1,6,6,1,31,6,1997,2,16,PEUGEOT 307,6,E01023118,0,-1
2023010426907,2023,010426907,2,9,0,10,10,5,3,1,1,1,0,0,0,0,4,1,6,6,2,36,7,1587,1,17,PEUGEOT 307,2,E01004062,0,-1
2023041363324,2023,041363324,1,9,0,18,19,1,5,9,9,0,0,0,7,11,1,1,5,6,1,31,6,1997,2,20,PEUGEOT 307,1,E01025151,0,-1
2023501287147,2023,501287147,2,9,0,4,4,5,1,0,0,0,0,0,0,0,2,1,6,6,2,54,8,1997,1,19,PEUGEOT 307,6,E01020246,0,-1
2023471337292,2023,471337292,1,9,0,13,13,1,6,0,0,0,1,0,0,0,1,2,6,6,1,42,7,1997,1,15,PEUGEOT 307,3,E01016952,0,-1
2023010474897,2023,010474897,2,9,0,99,99,9,9,99,99,9,9,99,9,99,1,9,6,6,3,-1,-1,1587,1,16,PEUGEOT 307,-1,-1,0,-1
2023461289550,2023,461289550,2,9,0,5,5,1,5,0,0,1,1,10,0,0,1,1,6,6,2,86,11,1587,1,18,PEUGEOT 307,3,E01024656,0,-1
2023440203361,2023,440203361,2,9,0,7,7,1,3,0,0,5,0,0,0,0,4,1,6,6,1,73,10,1587,1,20,PEUGEOT 307,4,E01017081,0,-1
2023501331733,2023,501331733,2,9,0,3,3,8,4,0,0,1,0,0,0,0,1,1,5,6,1,43,7,1560,2,17,PEUGEOT 307,7,E01019892,0,-1
2023421305297,2023,421305297,1,9,0,7,7,5,7,0,0,0,0,0,0,0,1,1,6,6,1,24,5,1997,2,18,PEUGEOT 307,1,E01026624,0,-1
2023361286676,2023,361286676,1,9,0,17,19,4,8,0,0,0,0,0,0,0,1,1,5,6,1,27,6,1560,2,16,PEUGEOT 307,4,E01026646,0,-1
2023471312775,2023,471312775,1,9,0,18,19,7,3,0,0,0,0,0,0,0,3,1,2,2,2,43,7,1587,1,16,PEUGEOT 307,6,E01020960,0,-1
2023461338780,2023,461338780,2,9,0,2,2,0,0,0,0,0,0,0,0,0,3,1,6,6,3,-1,-1,1997,2,17,PEUGEOT 307,-1,-1,0,-1
2023201279052,2023,201279052,2,9,0,3,3,2,6,0,0,0,5,0,0,0,2,1,6,6,1,57,9,1587,1,17,PEUGEOT 307,2,E01010521,0,-1
2023451315237,2023,451315237,1,9,0,18,19,5,1,0,0,0,0,0,8,9,1,1,5,6,1,23,5,1560,2,17,PEUGEOT 307,5,E01030982,0,-1
2023471347701,2023,471347701,2,9,0,4,4,6,2,0,0,1,0,0,0,0,1,1,5,6,1,61,9,1997,1,19,PEUGEOT 307,5,E01031750,0,-1
2023170S11153,2023,170S11153,1,9,0,9,9,7,5,0,0,8,0,0,0,0,1,1,6,6,1,17,4,1997,2,19,PEUGEOT 307,8,E01012163,0,-1
2023122300711,2023,122300711,1,9,0,18,19,3,7,0,0,0,0,0,0,0,1,1,6,6,1,-1,-1,1997,2,21,PEUGEOT 307,-1,-1,0,-1
2023421363065,2023,421363065,2,9,0,3,3,1,3,0,0,0,0,0,0,0,2,1,6,6,2,61,9,1997,2,17,PEUGEOT 307,5,E01021089,0,-1
2023552300888,2023,552300888,1,9,0,18,19,3,7,0,0,1,0,0,0,0,1,1,6,6,1,24,5,1560,2,16,PEUGEOT 307,5,E01015393,0,-1
2023430548512,2023,430548512,3,9,0,10,10,2,8,0,0,1,0,0,0,0,2,1,6,6,1,23,5,1560,2,16,PEUGEOT 307,9,E01017877,0,-1
2023351321599,2023,351321599,2,9,0,9,9,1,7,0,0,8,0,0,0,0,1,1,5,6,1,42,7,1560,2,19,PEUGEOT 307,8,E01018039,0,-1
2023010449343,2023,010449343,1,9,0,18,19,7,3,0,0,0,0,0,1,0,2,1,6,6,1,44,7,1587,1,17,PEUGEOT 307,5,E01004654,0,-1
2023201315257,2023,201315257,2,9,0,2,2,0,0,0,0,1,0,0,0,0,3,1,6,6,1,-1,-1,1587,1,16,PEUGEOT 307,-1,-1,0,-1
2023520401044,2023,520401044,1,9,0,18,19,4,8,0,0,0,0,0,7,11,1,1,6,6,1,50,8,1997,2,21,PEUGEOT 307,7,E01029271,0,-1
2023421319217,2023,421319217,1,9,0,18,19,3,7,0,0,0,0,0,0,0,1,1,5,6,1,76,11,1587,1,20,PEUGEOT 307,1,E01013218,0,-1
2023361338511,2023,361338511,1,9,0,17,19,1,5,0,0,0,1,0,1,4,3,1,2,2,1,34,6,1587,1,17,PEUGEOT 307,7,E01026427,0,-1
2023201384776,2023,201384776,1,9,0,18,19,3,7,0,0,0,0,0,0,0,1,1,5,6,2,28,6,1587,1,19,PEUGEOT 307,1,E01027153,0,-1
2023332301178,2023,332301178,1,9,0,17,19,4,3,0,0,0,0,0,1,4,1,1,6,6,2,24,5,1360,1,21,PEUGEOT 307,8,E01025637,0,-1
2023501332760,2023,501332760,2,9,0,18,19,7,3,0,0,1,0,0,0,0,4,1,5,6,2,54,8,1587,1,17,PEUGEOT 307,6,E01019928,0,-1
2023501363566,2023,501363566,1,9,0,18,19,7,3,0,0,0,0,0,1,1,3,1,5,6,1,52,8,1997,1,16,PEUGEOT 307,3,E01018942,0,-1
2023340NN1952,2023,340NN1952,1,9,0,18,19,1,5,0,0,0,0,0,7,0,1,1,6,6,1,48,8,1560,2,17,PEUGEOT 307,9,E01027071,0,-1
2023010475888,2023,010475888,1,9,0,99,99,9,9,99,99,0,9,99,9,99,9,9,6,6,2,49,8,1997,1,19,PEUGEOT 307,2,E01001940,0,-1
2023131304944,2023,131304944,1,9,0,1,1,3,7,0,0,0,0,0,0,0,2,1,5,6,1,40,7,1560,2,16,PEUGEOT 307,7,E01010911,0,-1
2023122300722,2023,122300722,2,9,0,18,19,5,1,0,0,1,0,0,0,0,1,1,6,6,1,31,6,1587,1,16,PEUGEOT 307,7,E01027873,0,-1
2023471293910,2023,471293910,1,9,0,18,19,5,1,0,0,0,0,0,0,0,0,1,6,6,3,-1,-1,1587,1,18,PEUGEOT 307,7,E01032717,0,-1
2023361351693,2023,361351693,1,9,0,18,19,6,2,0,0,8,0,0,0,0,1,1,2,2,1,58,9,1587,1,16,PEUGEOT 307,3,E01026684,0,-1
2023141347868,2023,141347868,1,9,0,3,3,8,8,0,0,4,0,0,0,0,2,1,5,6,1,59,9,1997,1,16,PEUGEOT 307,6,E01007512,0,-1
2023340NN4482,2023,340NN4482,1,9,0,5,5,6,8,0,0,4,0,0,0,0,1,1,6,6,1,82,11,1997,2,19,PEUGEOT 307,9,E01025809,0,-1
2023631324438,2023,631324438,2,9,0,18,19,8,4,0,0,0,0,0,0,0,1,1,1,1,2,28,6,1587,1,17,PEUGEOT 307,8,W01000467,0,-1
2023332300687,2023,332300687,2,9,0,18,19,8,4,0,0,8,0,0,0,0,1,1,6,6,1,70,10,1997,1,18,PEUGEOT 307,4,E01025742,0,-1
2023501349253,2023,501349253,1,9,0,18,19,6,2,0,0,0,0,0,0,0,2,1,2,2,2,53,8,1560,2,16,PEUGEOT 307,2,E01019074,0,-1
2023371388782,2023,371388782,1,9,0,18,19,1,4,0,0,0,0,0,0,0,1,1,6,6,1,63,9,1997,1,16,PEUGEOT 307,4,E01029927,0,-1
2023010486042,2023,010486042,1,9,0,9,9,7,5,0,0,1,0,0,0,0,1,1,6,6,1,72,10,1587,1,16,PEUGEOT 307,4,E01001975,0,-1
2023061264042,2023,061264042,2,9,0,18,19,1,1,0,0,0,0,0,0,0,1,1,6,6,1,58,9,1997,1,17,PEUGEOT 307,-1,-1,0,-1
2023111343936,2023,111343936,1,9,0,16,19,7,3,0,0,4,2,0,0,0,1,1,6,6,1,18,4,1587,1,17,PEUGEOT 307,-1,-1,0,-1
2023221278585,2023,221278585,2,9,0,18,19,8,4,0,0,8,0,0,0,0,1,1,5,6,2,53,8,1997,1,16,PEUGEOT 307,1,E01014120,0,-1
2023010448285,2023,010448285,3,9,0,2,2,0,0,0,0,0,0,0,0,0,2,1,6,6,3,-1,-1,1587,1,16,PEUGEOT 307,-1,-1,0,-1
2023461341983,2023,461341983,1,9,0,17,19,7,5,0,0,1,1,0,1,0,4,1,6,6,2,71,10,1360,1,16,PEUGEOT 307,8,E01021134,0,-1
2023548766423,2023,548766423,1,9,0,4,4,4,8,0,0,1,0,0,0,0,2,1,6,6,1,28,6,1997,1,15,PEUGEOT 307,5,E01023201,0,-1
2023010439842,2023,010439842,2,9,0,99,99,9,9,99,99,9,9,99,9,99,9,9,6,6,3,-1,-1,1587,1,14,PEUGEOT 307,3,E01003269,0,-1
2023531311042,2023,531311042,1,9,0,18,19,6,2,0,0,0,5,10,6,0,3,1,6,6,2,31,6,1360,1,17,PEUGEOT 307,6,E01022227,0,-1
2023471279312,2023,471279312,1,9,0,18,19,2,6,0,0,1,0,4,8,0,1,1,6,6,2,77,11,1587,1,21,PEUGEOT 307,8,E01031617,0,-1
2023161277788,2023,161277788,1,9,0,7,7,1,3,0,0,8,0,11,0,0,1,1,6,6,1,42,7,1560,2,18,PEUGEOT 307,2,E01033104,0,-1
2023340WN2772,2023,340WN2772,1,9,0,9,9,2,8,0,0,8,0,0,0,0,1,1,6,6,1,60,9,1587,1,18,PEUGEOT 307,1,E01032979,0,-1
2023201351188,2023,201351188,2,9,0,2,2,0,0,0,0,2,0,4,0,0,1,1,6,6,1,-1,-1,1560,2,18,PEUGEOT 307,10,E01010210,0,-1
2023471289972,2023,471289972,3,9,0,2,2,0,0,0,0,0,0,0,0,0,3,1,1,1,2,33,6,1560,2,15,PEUGEOT 307,3,E01031559,0,-1
2023131318842,2023,131318842,1,9,0,18,19,1,5,0,0,8,0,0,0,0,1,1,2,2,1,38,7,1398,2,19,PEUGEOT 307,3,E01010794,0,-1
2023131348653,2023,131348653,1,9,0,5,5,7,3,0,0,8,0,0,0,0,1,1,6,6,2,32,6,1587,1,16,PEUGEOT 307,2,E01011943,0,-1
2023361313026,2023,361313026,1,9,0,16,19,3,7,0,0,0,0,0,0,0,1,1,5,6,2,68,10,1587,1,21,PEUGEOT 307,7,E01030224,0,-1
2023421342897,2023,421342897,3,9,0,2,2,0,0,9,9,0,0,0,0,0,0,1,6,6,3,-1,-1,1997,2,19,PEUGEOT 307,-1,-1,0,-1
2023320237818,2023,320237818,2,9,0,18,19,1,5,0,0,1,0,0,0,0,1,1,2,2,1,42,7,1360,1,17,PEUGEOT 307,7,E01026326,0,-1
2023451347821,2023,451347821,2,9,0,18,19,3,3,0,0,1,0,0,0,0,3,1,6,6,1,32,6,1587,1,19,PEUGEOT 307,-1,-1,0,-1
2023131294101,2023,131294101,2,9,0,18,19,5,1,0,0,0,0,0,0,0,1,1,5,6,2,38,7,1560,2,16,PEUGEOT 307,2,E01010718,0,-1
2023122301425,2023,122301425,1,9,0,18,19,1,5,0,0,0,5,0,1,0,4,1,6,6,2,76,11,1997,1,19,PEUGEOT 307,7,E01027766,0,-1
2023471367102,2023,471367102,2,9,0,16,19,1,5,0,0,0,0,0,0,0,1,1,1,1,2,21,5,1587,1,15,PEUGEOT 307,9,E01031693,0,-1
202360A095849,2023,60A095849,1,8,0,1,1,4,8,0,0,0,0,0,0,0,2,1,1,1,2,60,9,1560,2,15,-1,-1,-1,0,-1
2023320503795,2023,320503795,1,9,0,18,19,4,8,0,0,1,0,0,0,0,1,1,6,6,1,20,4,1997,2,14,PEUGEOT 307,2,E01019571,0,-1
2023351289081,2023,351289081,1,9,0,18,19,3,7,0,0,0,5,0,1,11,1,1,2,2,1,30,6,1560,2,16,PEUGEOT 307,8,E01018203,0,-1
2023320027082,2023,320027082,1,9,0,18,19,4,8,0,0,0,0,0,0,0,1,1,6,6,1,26,6,1997,1,18,PEUGEOT 307,-1,-1,0,-1
2023991373182,2023,991373182,2,9,0,18,19,6,2,0,0,0,0,0,0,0,3,1,6,6,2,51,8,1997,2,16,PEUGEOT 307,-1,-1,0,-1
2023991322007,2023,991322007,1,9,0,18,19,1,5,0,0,1,0,0,0,0,3,1,2,2,1,33,6,1587,1,17,PEUGEOT 307,7,-1,0,-1
2023421271444,2023,421271444,1,9,0,18,19,7,3,0,0,1,0,0,1,2,1,1,5,6,2,49,8,1587,1,16,PEUGEOT 307,2,E01022023,0,-1
2023010463054,2023,010463054,1,9,0,99,99,9,9,99,99,9,9,99,9,99,9,9,6,6,2,42,7,1587,1,19,PEUGEOT 307,2,E01000785,0,-1
2023461345100,2023,461345100,1,9,0,18,19,1,5,0,0,0,0,0,0,0,1,1,6,6,1,-1,-1,1587,1,19,PEUGEOT 307,3,E01024059,0,-1
202360A092202,2023,60A092202,1,9,0,16,19,2,5,0,0,0,5,6,0,0,1,1,6,6,2,49,8,1398,2,20,PEUGEOT 307,-1,-1,0,-1
2023320393556,2023,320393556,1,9,0,18,19,3,7,0,0,0,1,0,7,1,2,1,6,6,2,55,8,1587,1,17,PEUGEOT 307,6,E01026107,0,-1
2023471368034,2023,471368034,1,9,0,18,19,2,6,0,0,4,0,0,0,0,1,1,2,2,1,70,10,1587,1,16,PEUGEOT 307,5,E01031574,0,-1
2023320070724,2023,320070724,1,9,0,18,19,6,2,0,0,0,0,0,0,0,1,1,6,6,1,32,6,1997,2,16,PEUGEOT 307,7,E01028293,0,-1
2023451354182,2023,451354182,3,9,0,18,19,1,5,0,0,0,0,0,0,0,1,1,5,6,1,34,6,1587,1,16,PEUGEOT 307,-1,-1,0,-1
2023411404032,2023,411404032,3,9,0,18,19,4,8,0,0,1,0,11,0,0,1,1,5,6,1,76,11,1997,1,16,PEUGEOT 307,6,E01023970,0,-1
2023371375745,2023,371375745,2,9,0,9,9,1,5,0,0,1,1,0,0,0,3,1,5,6,1,40,7,1997,2,17,PEUGEOT 307,6,E01030134,0,-1
2023071050741,2023,071050741,1,9,0,6,6,7,3,0,0,0,0,0,0,0,4,1,6,6,1,61,9,1997,1,17,PEUGEOT 307,2,E01018645,0,-1
2023461394574,2023,461394574,2,9,0,2,2,0,0,0,0,0,0,0,0,0,1,1,6,6,3,-1,-1,1560,2,17,PEUGEOT 307,3,E01024083,0,-1
2023161335413,2023,161335413,1,9,0,18,19,1,5,0,0,0,0,0,7,2,1,1,6,6,1,37,7,1560,2,17,PEUGEOT 307,3,E01012757,0,-1
2023061323878,2023,061323878,1,9,0,4,4,5,1,0,0,0,0,0,0,0,1,1,6,6,1,55,8,1360,1,20,PEUGEOT 307,5,E01005254,0,-1
2023010450473,2023,010450473,2,9,9,99,99,9,9,99,99,9,9,99,9,99,9,9,6,6,3,-1,-1,1587,1,17,PEUGEOT 307,-1,-1,0,-1
2023411280881,2023,411280881,1,9,0,18,19,5,1,0,0,0,0,0,0,0,1,1,5,6,1,32,6,1587,1,19,PEUGEOT 307,7,E01017564,0,-1
2023201417762,2023,201417762,1,9,0,18,19,6,2,0,0,8,1,0,0,0,1,1,6,6,1,-1,-1,1398,2,22,PEUGEOT 307,1,E01008593,0,-1
2023411292017,2023,411292017,2,9,0,18,19,7,3,0,0,2,0,0,0,0,1,1,6,6,1,38,7,1560,2,16,PEUGEOT 307,7,E01023913,0,-1
2023302300041,2023,302300041,2,9,0,17,19,2,6,0,0,8,0,0,0,0,4,1,2,2,1,55,8,1587,1,17,PEUGEOT 307,3,E01025950,0,-1
2023170M10433,2023,170M10433,1,9,0,18,19,7,3,0,0,8,0,0,0,0,1,1,6,6,1,45,7,1997,2,20,PEUGEOT 307,-1,-1,0,-1
2023311362684,2023,311362684,1,9,0,5,5,1,1,0,0,0,0,0,0,0,1,1,5,6,1,21,5,1587,1,17,PEUGEOT 307,10,E01023822,0,-1
202360A071208,2023,60A071208,1,9,0,18,19,3,7,0,0,0,0,0,5,6,1,1,6,6,1,54,8,1560,2,16,PEUGEOT 307,-1,-1,0,-1
2023201327794,2023,201327794,2,9,0,7,7,8,2,0,0,5,0,0,0,0,4,1,1,1,2,69,10,1997,2,19,PEUGEOT 307,4,E01009231,0,-1
2023052300600,2023,052300600,1,9,0,5,5,3,7,0,0,1,0,0,0,0,3,1,6,6,1,39,7,2179,2,14,-1,2,E01006618,0,-1
2023122301245,2023,122301245,1,9,0,17,19,7,3,0,0,0,2,0,7,4,3,1,6,6,1,33,6,2179,2,14,-1,1,E01027804,0,-1
2023311353081,2023,311353081,1,9,0,18,19,2,6,0,0,0,0,0,0,0,1,1,6,6,2,54,8,2179,2,13,-1,1,E01013940,0,-1
2023501259664,2023,501259664,1,9,0,18,19,3,7,0,0,0,1,0,0,0,1,1,6,6,3,-1,-1,2179,2,15,-1,-1,-1,0,-1
2023531345891,2023,531345891,2,9,0,18,19,3,7,0,0,8,0,0,0,0,1,1,6,6,1,33,6,2179,2,14,-1,6,E01022201,0,-1
2023451384038,2023,451384038,2,9,0,7,7,5,3,0,0,4,0,0,0,0,3,1,6,6,1,23,5,1199,1,0,-1,6,E01023118,0,-1
2023401394646,2023,401394646,2,9,0,4,4,1,5,0,0,4,0,0,0,0,4,1,3,7,1,46,8,1199,1,0,-1,1,E01015773,0,-1
2023411347571,2023,411347571,1,9,0,4,4,4,8,0,0,1,0,0,0,0,2,1,1,1,1,63,9,1994,1,21,-1,7,E01002470,0,-1
2023430165840,2023,430165840,2,9,0,17,19,5,2,0,0,0,0,0,0,0,1,1,6,6,1,28,6,2000,1,26,-1,9,E01016432,0,-1
2023351268517,2023,351268517,1,9,0,18,19,7,3,0,0,0,0,0,0,0,3,1,6,6,1,-1,-1,2457,1,17,-1,-1,-1,0,-1
2023010439192,2023,010439192,2,9,0,99,99,9,9,99,99,9,9,99,9,99,9,9,6,6,2,46,8,1994,1,19,-1,9,E01000715,0,-1
2023501327336,2023,501327336,1,9,0,16,19,1,5,0,0,0,0,0,0,0,1,1,5,6,1,21,5,1994,1,23,-1,4,E01015247,0,-1
2023451355687,2023,451355687,1,5,0,16,19,8,4,0,0,0,2,0,1,0,3,1,5,6,1,19,4,600,1,20,SUZUKI GSF 600,6,E01023121,0,-1
2023340NN2222,2023,340NN2222,2,5,0,3,3,8,4,0,0,1,0,0,0,0,2,1,6,6,1,62,9,600,1,20,SUZUKI GSF 600,1,E01027131,0,-1
2023302300910,2023,302300910,1,5,0,13,13,4,8,0,0,0,1,0,0,0,0,1,6,6,1,30,6,600,1,23,SUZUKI GSF 600,4,E01013912,0,-1
2023131375910,2023,131375910,1,5,0,17,19,5,1,0,0,1,5,0,0,0,1,1,5,6,1,24,5,599,1,24,SUZUKI GSF 600,5,E01011435,0,-1
2023122300913,2023,122300913,1,5,0,13,13,4,8,0,0,1,0,0,0,0,1,1,6,6,1,50,8,600,1,20,SUZUKI GSF 600,7,E01011893,0,-1
2023461284122,2023,461284122,2,3,0,18,19,1,5,0,0,0,0,0,0,0,0,1,2,2,1,63,9,600,1,23,-1,4,E01024120,0,-1
2023471274193,2023,471274193,1,5,0,18,19,3,7,0,0,2,1,0,1,0,1,1,6,6,1,34,6,600,1,19,SUZUKI GSF 600,6,E01031669,0,-1
2023361294359,2023,361294359,1,5,0,18,19,5,1,0,0,1,2,0,0,0,1,1,5,6,1,25,5,600,1,23,SUZUKI GSF 600,2,E01026858,0,-1
2023340WN9092,2023,340WN9092,2,5,0,18,19,4,8,0,0,1,0,0,0,0,1,1,6,6,1,24,5,600,1,19,SUZUKI GSF 600,4,E01027012,0,-1