collision_index,collision_year,collision_ref_no,vehicle_reference,vehicle_type,towing_and_articulation,vehicle_manoeuvre_historic,vehicle_manoeuvre,vehicle_direction_from,vehicle_direction_to,vehicle_location_restricted_lane_historic,vehicle_location_restricted_lane,junction_location,skidding_and_overturning,hit_object_in_carriageway,vehicle_leaving_carriageway,hit_object_off_carriageway,first_point_of_impact,vehicle_left_hand_drive,journey_purpose_of_driver_historic,journey_purpose_of_driver,sex_of_driver,age_of_driver,age_band_of_driver,engine_capacity_cc,propulsion_code,age_of_vehicle,generic_make_model,driver_imd_decile,lsoa_of_driver,escooter_flag,driver_distance_banding
2023122300398,2023,122300398,1,5,0,16,19,7,3,0,0,0,0,0,1,11,1,1,6,6,1,54,8,600,1,22,SUZUKI GSF 600,3,E01012313,0,-1
2023610019223,2023,610019223,1,4,0,18,19,5,1,0,0,3,1,0,0,6,3,1,6,6,1,28,6,600,1,19,-1,1,W01001652,0,-1
2023501273619,2023,501273619,1,5,0,17,19,2,6,0,0,0,0,0,1,4,1,1,6,6,1,35,6,599,1,24,SUZUKI GSF 600,6,E01020059,0,-1
2023430404990,2023,430404990,1,5,0,18,19,6,2,0,0,6,0,0,0,0,1,1,6,6,1,20,4,600,1,23,SUZUKI GSF 600,6,E01032884,0,-1
2023440191381,2023,440191381,1,5,0,18,19,1,5,0,0,0,0,0,0,0,0,1,2,2,1,32,6,599,1,26,SUZUKI GSF 600,2,E01017202,0,-1
2023471326862,2023,471326862,1,5,0,18,19,4,8,0,0,0,0,0,0,0,3,1,2,2,1,36,7,600,1,19,SUZUKI GSF 600,1,E01020995,0,-1
2023311271653,2023,311271653,1,5,0,18,19,6,2,4,4,0,1,0,0,0,0,1,2,2,1,35,6,599,1,26,SUZUKI GSF 600,7,E01028005,0,-1
2023440441227,2023,440441227,1,5,0,3,3,5,1,0,0,1,0,0,0,0,2,1,2,2,2,26,6,600,1,19,SUZUKI GSF 600,8,E01017148,0,-1
2023122301094,2023,122301094,1,5,0,16,19,1,5,0,0,0,0,0,7,0,1,1,6,6,1,68,10,600,1,20,SUZUKI GSF 600,5,E01027870,0,-1
2023991319908,2023,991319908,2,5,0,18,19,8,4,0,0,1,0,0,0,0,1,1,6,6,1,47,8,600,1,21,SUZUKI GSF 600,2,-1,0,-1
2023101352075,2023,101352075,2,5,0,10,10,7,3,0,0,0,0,0,0,0,4,1,6,6,1,44,7,600,1,22,SUZUKI GSF 600,2,E01008377,0,-1
2023520400651,2023,520400651,1,5,0,18,19,5,1,0,0,0,0,0,1,0,1,1,6,6,1,40,7,599,1,24,SUZUKI GSF 600,6,E01029227,0,-1
2023991380107,2023,991380107,2,5,0,4,4,3,7,0,0,0,0,0,0,0,1,1,5,6,1,25,5,600,1,23,SUZUKI GSF 600,1,-1,0,-1
2023545582423,2023,545582423,1,5,0,5,5,2,6,0,0,8,0,0,0,0,2,1,6,6,1,39,7,600,1,23,SUZUKI GSF 600,2,E01015573,0,-1
2023461364488,2023,461364488,2,5,0,18,19,7,3,0,0,0,1,0,0,0,1,1,6,6,1,21,5,600,2,22,SUZUKI GSF 600,5,E01024654,0,-1
2023471392569,2023,471392569,2,5,0,4,4,5,1,0,0,0,0,0,0,0,2,1,5,6,1,37,7,600,1,19,SUZUKI GSF 600,1,E01020995,0,-1
2023061333331,2023,061333331,2,5,0,18,19,7,3,0,0,1,0,0,0,0,1,1,2,2,1,52,8,600,1,20,SUZUKI GSF 600,1,E01004823,0,-1
2023111264794,2023,111264794,2,2,0,18,19,7,3,0,0,3,0,0,0,0,4,1,5,6,1,54,8,600,1,22,-1,5,E01012310,0,-1
2023461320614,2023,461320614,1,5,0,14,14,4,8,0,0,8,1,0,0,0,1,1,6,6,1,34,6,600,1,18,SUZUKI GSF 600,6,E01024704,0,-1
2023421274569,2023,421274569,1,3,0,18,19,7,3,0,0,0,1,0,1,0,1,1,6,6,3,-1,-1,600,1,23,-1,-1,-1,0,-1
2023991373633,2023,991373633,2,5,0,3,3,8,4,0,0,8,0,0,0,0,1,1,6,6,1,21,5,600,1,23,SUZUKI GSF 600,5,-1,0,-1
2023221398912,2023,221398912,1,5,0,18,19,1,5,0,0,8,0,0,1,0,1,1,6,6,1,22,5,600,1,23,SUZUKI GSF 600,5,E01028869,0,-1
2023201349512,2023,201349512,1,4,0,17,19,8,5,0,0,0,0,0,0,0,1,1,6,6,1,27,6,599,1,24,-1,3,E01009256,0,-1
2023501284065,2023,501284065,1,5,0,18,19,3,7,0,0,0,2,0,1,0,4,1,6,6,1,21,5,600,1,22,SUZUKI GSF 600,1,E01015030,0,-1
2023320163747,2023,320163747,2,5,0,13,13,7,3,0,0,8,0,0,0,0,1,1,6,6,2,25,5,599,1,27,SUZUKI GSF 600,2,E01026050,0,-1
2023501346193,2023,501346193,1,4,0,18,19,2,7,0,0,0,0,0,2,10,4,1,5,6,1,62,9,600,1,21,-1,3,E01018950,0,-1
2023471264639,2023,471264639,1,4,0,18,19,6,2,0,0,0,1,0,0,0,0,1,5,6,1,20,4,600,1,23,-1,2,E01016969,0,-1
2023361346687,2023,361346687,1,5,0,18,19,5,7,0,0,4,0,0,0,0,3,1,2,2,1,29,6,599,1,26,SUZUKI GSF 600,3,E01026799,0,-1
2023221289852,2023,221289852,2,5,0,18,19,5,1,0,0,8,0,0,0,0,1,1,5,6,1,28,6,600,1,23,SUZUKI GSF 600,4,E01032157,0,-1
2023221374887,2023,221374887,2,5,0,18,19,3,7,0,0,8,0,0,0,0,1,1,6,6,1,36,7,599,1,26,SUZUKI GSF 600,8,E01032443,0,-1
2023522300517,2023,522300517,1,5,0,18,19,8,4,0,0,8,0,0,0,0,1,1,6,6,1,21,5,599,1,24,SUZUKI GSF 600,3,E01014674,0,-1
2023471294862,2023,471294862,2,5,0,13,13,7,3,0,0,0,0,0,0,0,1,1,2,2,1,42,7,600,1,22,SUZUKI GSF 600,3,E01031789,0,-1
2023211352768,2023,211352768,2,5,0,14,14,5,1,0,0,1,1,0,0,0,1,1,5,6,1,27,6,599,1,25,SUZUKI GSF 600,-1,-1,0,-1
2023302301811,2023,302301811,1,5,0,14,14,8,4,0,0,0,0,4,0,0,1,1,6,6,1,27,6,600,1,20,SUZUKI GSF 600,1,E01019566,0,-1
2023101304112,2023,101304112,2,5,0,18,19,2,6,0,0,8,0,0,0,0,3,1,6,6,1,26,6,599,1,25,SUZUKI GSF 600,2,E01020624,0,-1
2023501286260,2023,501286260,1,5,0,18,19,7,3,0,0,1,0,4,0,0,1,1,5,6,1,30,6,600,1,23,SUZUKI GSF 600,1,E01018767,0,-1
2023430238294,2023,430238294,2,4,0,7,7,4,8,0,0,6,0,0,0,0,1,1,2,2,1,24,5,600,1,19,-1,8,E01028610,0,-1
2023501367379,2023,501367379,1,5,0,14,14,5,1,0,0,1,0,0,0,0,4,1,2,2,1,23,5,599,1,26,SUZUKI GSF 600,1,E01020015,0,-1
2023451262539,2023,451262539,1,5,0,18,19,1,5,0,0,1,0,0,0,0,3,1,2,2,1,64,9,599,1,25,SUZUKI GSF 600,6,E01030995,0,-1
202360A139543,2023,60A139543,1,5,0,13,13,7,3,0,0,2,2,0,0,0,0,1,6,6,1,30,6,600,1,21,SUZUKI GSF 600,-1,-1,0,-1
2023351321902,2023,351321902,2,5,0,13,13,7,3,0,0,0,0,0,0,0,1,1,2,2,1,34,6,599,1,24,SUZUKI GSF 600,4,E01018046,0,-1
2023522301768,2023,522301768,1,5,0,18,19,6,2,0,0,8,0,0,0,0,1,1,6,6,1,67,10,599,1,23,SUZUKI GSF 600,8,E01014981,0,-1
2023421343260,2023,421343260,1,5,0,18,19,5,1,0,0,0,1,0,0,0,4,1,5,6,1,20,4,600,1,20,SUZUKI GSF 600,9,E01015995,0,-1
2023440198032,2023,440198032,2,5,0,18,19,4,8,0,0,1,0,0,0,0,1,1,6,6,1,63,9,600,1,23,SUZUKI GSF 600,3,E01017347,0,-1
2023471264541,2023,471264541,2,5,0,3,3,8,4,0,0,0,0,0,0,0,2,1,2,2,1,27,6,599,1,25,SUZUKI GSF 600,7,E01031462,0,-1
2023131368562,2023,131368562,1,5,0,18,19,3,7,0,0,0,0,0,0,0,1,1,6,6,1,37,7,599,1,26,SUZUKI GSF 600,7,E01011329,0,-1
2023520301015,2023,520301015,2,5,0,13,13,5,1,0,0,8,0,0,0,0,4,1,6,6,1,22,5,599,1,24,SUZUKI GSF 600,3,E01029233,0,-1
2023010426592,2023,010426592,1,3,0,99,99,9,9,99,99,9,9,99,9,99,2,1,6,6,1,63,9,125,1,7,-1,6,E01000232,0,-1
2023010466675,2023,010466675,1,4,0,18,19,7,3,0,0,8,0,0,0,0,1,1,6,6,1,37,7,125,1,9,-1,5,E01003772,0,-1
2023440047074,2023,440047074,2,3,0,18,19,6,2,0,0,0,0,0,0,0,1,1,1,1,1,36,7,125,1,7,-1,4,E01017159,0,-1
2023320489280,2023,320489280,2,3,0,18,19,2,6,0,0,1,2,0,0,0,3,1,6,6,1,55,8,125,1,9,-1,6,E01026147,0,-1
2023010447015,2023,010447015,1,3,0,18,19,4,8,0,0,2,0,0,0,0,3,1,6,6,1,38,7,125,1,7,-1,3,E01002808,0,-1
2023471277735,2023,471277735,2,3,0,18,19,5,1,0,0,1,0,0,0,0,2,1,5,6,1,45,7,125,1,9,-1,8,E01031491,0,-1
2023010430366,2023,010430366,1,3,0,99,99,9,9,99,99,9,9,99,9,99,1,1,6,6,1,45,7,125,1,8,-1,2,E01001982,0,-1
2023010449598,2023,010449598,2,3,0,13,13,1,5,0,0,8,1,0,0,0,1,1,6,6,1,38,7,125,1,7,-1,8,E01000411,0,-1
2023361294681,2023,361294681,2,9,0,18,19,1,5,0,0,0,0,0,0,0,1,1,5,6,2,21,5,1368,1,2,-1,8,E01026531,0,-1
2023991332059,2023,991332059,1,9,0,9,9,1,7,0,0,8,0,0,0,0,1,1,6,6,3,50,8,1368,1,1,-1,-1,-1,0,-1
2023010448693,2023,010448693,2,9,0,99,99,9,9,99,99,9,9,99,9,99,9,9,6,6,3,-1,-1,3179,1,18,-1,-1,-1,0,-1
2023545782223,2023,545782223,1,2,0,4,4,6,2,0,0,0,1,0,0,0,1,1,6,6,1,17,4,49,1,21,-1,8,E01031940,0,-1
2023451272481,2023,451272481,1,9,0,18,19,3,7,0,0,6,0,0,0,0,1,1,1,1,2,49,8,-1,3,2,AUDI Q4,10,E01030324,0,-1
2023421338940,2023,421338940,3,9,0,18,19,2,6,0,0,0,0,0,0,0,2,1,6,6,1,64,9,-1,3,2,AUDI Q4,6,E01030064,0,-1
2023141307682,2023,141307682,2,9,0,2,2,0,0,0,0,2,0,0,0,0,1,1,6,6,3,-1,-1,-1,3,1,AUDI Q4,-1,-1,0,-1
2023302300130,2023,302300130,1,9,0,4,4,6,8,0,0,1,0,0,0,0,1,1,6,6,2,-1,-1,-1,3,2,AUDI Q4,-1,-1,0,-1
2023052302788,2023,052302788,2,9,0,18,19,5,1,0,0,8,0,0,0,0,1,1,1,1,2,46,8,-1,3,0,AUDI Q4,1,E01007155,0,-1
2023361317446,2023,361317446,2,9,0,18,19,7,3,0,0,1,0,0,0,0,1,1,2,2,2,48,8,-1,3,1,AUDI Q4,6,E01026494,0,-1
2023010470847,2023,010470847,2,9,0,99,99,9,9,99,99,9,9,99,9,99,9,9,6,6,3,-1,-1,-1,3,1,AUDI Q4,-1,-1,0,-1
2023010440298,2023,010440298,6,9,0,18,19,3,7,0,0,0,0,0,0,0,2,1,6,6,1,33,6,-1,3,1,AUDI Q4,10,E01021249,0,-1
2023471382960,2023,471382960,2,9,-1,4,4,8,4,0,0,0,0,0,0,0,2,1,6,6,1,54,8,-1,3,0,AUDI Q4,5,E01031826,0,-1
2023531283531,2023,531283531,3,9,0,3,3,1,5,0,0,0,0,0,0,0,2,1,2,2,1,53,8,-1,3,1,AUDI Q4,7,W01001548,0,-1
2023052302050,2023,052302050,1,9,0,9,9,5,1,0,0,8,0,0,0,0,1,1,6,6,2,41,7,-1,3,0,AUDI Q4,3,E01006534,0,-1
2023122300376,2023,122300376,1,9,0,1,1,3,7,0,0,2,0,0,0,0,2,1,1,1,1,54,8,-1,3,1,AUDI Q4,5,E01027802,0,-1
2023461394177,2023,461394177,1,9,0,18,19,6,2,0,0,8,0,0,0,0,1,1,2,2,1,36,7,-1,3,0,AUDI Q4,8,E01016094,0,-1
2023332300133,2023,332300133,2,9,0,3,3,5,1,0,0,0,0,0,0,0,3,1,6,6,2,34,6,-1,3,1,AUDI Q4,10,E01025813,0,-1
2023302301365,2023,302301365,1,9,0,2,2,0,0,0,0,1,0,0,0,0,4,1,6,6,3,-1,-1,-1,3,0,AUDI Q4,-1,-1,0,-1
2023461330409,2023,461330409,1,9,0,18,19,1,5,0,0,1,0,0,0,0,1,1,3,7,2,59,9,-1,3,0,AUDI Q4,5,E01024319,0,-1
2023010449593,2023,010449593,1,9,0,7,7,1,3,0,0,8,0,0,0,0,4,1,6,6,2,33,6,-1,3,2,AUDI Q4,4,E01004015,0,-1
2023161385789,2023,161385789,2,9,0,18,19,5,1,0,0,8,0,0,0,0,1,1,1,1,1,30,6,-1,3,1,AUDI Q4,7,E01013039,0,-1
2023531370678,2023,531370678,1,9,0,13,13,5,1,0,0,0,1,0,0,0,2,1,5,6,1,40,7,-1,3,0,AUDI Q4,8,E01022280,0,-1
2023440120260,2023,440120260,1,9,0,18,19,8,4,0,0,0,0,0,0,0,1,1,6,6,1,24,5,-1,3,1,AUDI Q4,9,E01023217,0,-1
2023221273945,2023,221273945,2,9,0,11,11,2,6,0,0,0,0,0,0,0,4,1,5,6,1,34,6,-1,3,2,AUDI Q4,9,E01032362,0,-1
2023131294911,2023,131294911,2,9,0,2,2,0,0,0,0,0,0,0,0,0,2,1,6,6,3,-1,-1,-1,3,0,AUDI Q4,-1,-1,0,-1
2023231337356,2023,231337356,1,9,0,4,4,4,8,0,0,0,0,0,0,0,2,1,5,6,1,31,6,-1,3,0,AUDI Q4,7,E01029519,0,-1
2023010474298,2023,010474298,2,9,0,99,99,9,9,99,99,9,9,99,9,99,9,9,6,6,3,-1,-1,-1,3,2,AUDI Q4,-1,-1,0,-1
2023201343072,2023,201343072,2,9,0,18,19,6,2,0,0,8,0,0,0,0,4,1,6,6,2,37,7,-1,3,1,AUDI Q4,8,E01032126,0,-1
2023411367668,2023,411367668,2,9,0,18,19,3,7,0,0,0,0,0,0,0,3,1,6,6,1,52,8,-1,3,1,AUDI Q4,10,E01021284,0,-1
2023010479934,2023,010479934,1,9,0,4,4,1,5,0,0,2,0,0,0,0,1,1,3,7,1,50,8,-1,3,1,AUDI Q4,8,E01000913,0,-1
2023221371673,2023,221371673,2,9,0,9,9,7,5,0,0,5,0,0,0,0,3,1,6,6,1,48,8,-1,3,0,AUDI Q4,10,E01029674,0,-1
2023351288690,2023,351288690,2,9,0,7,7,1,5,0,0,3,0,0,0,0,4,1,5,6,1,45,7,-1,3,1,AUDI Q4,8,E01026350,0,-1
2023101366894,2023,101366894,1,9,0,5,5,7,3,0,0,8,0,0,0,0,1,1,6,6,1,53,8,-1,3,0,AUDI Q4,8,E01008862,0,-1
2023101286865,2023,101286865,1,9,0,18,19,5,1,0,0,0,1,0,0,0,1,1,6,6,1,37,7,-1,3,1,AUDI Q4,7,E01008850,0,-1
2023411318448,2023,411318448,1,9,0,18,19,-1,-1,0,0,0,0,0,0,0,1,1,6,6,1,31,6,-1,3,1,AUDI Q4,6,E01002258,0,-1
2023471360398,2023,471360398,2,9,0,4,4,1,5,0,0,0,0,0,0,0,2,1,2,2,1,59,9,-1,3,0,AUDI Q4,9,E01031756,0,-1
2023010469972,2023,010469972,2,9,0,16,19,3,5,0,0,2,0,0,1,0,1,1,6,6,3,-1,-1,-1,3,0,AUDI Q4,-1,-1,0,-1
2023141359837,2023,141359837,2,9,0,7,7,3,5,0,0,8,0,0,0,0,1,1,2,2,2,34,6,-1,3,2,AUDI Q4,7,E01028004,0,-1
2023451311154,2023,451311154,3,9,0,2,2,0,0,0,0,0,0,4,0,0,1,1,5,6,2,45,7,-1,3,0,AUDI Q4,8,E01030490,0,-1
2023411344651,2023,411344651,2,9,0,3,3,5,1,0,0,0,0,0,0,0,4,1,5,6,1,45,7,-1,3,1,AUDI Q4,9,E01023833,0,-1
2023221307474,2023,221307474,1,9,0,7,7,2,5,0,0,7,0,0,0,0,1,1,5,6,2,44,7,-1,3,1,AUDI Q4,7,E01032122,0,-1
2023010458767,2023,010458767,1,9,0,18,19,2,6,0,0,8,0,0,0,0,4,1,6,6,1,46,8,-1,3,2,AUDI Q4,9,E01020954,0,-1
2023440528162,2023,440528162,1,9,0,18,19,1,5,0,0,8,0,0,0,0,1,1,2,2,1,46,8,-1,3,0,AUDI Q4,4,E01017246,0,-1
2023351365961,2023,351365961,2,9,0,3,3,8,6,0,0,0,0,0,0,0,0,1,6,6,1,52,8,-1,3,1,AUDI Q4,7,E01018188,0,-1
2023010428036,2023,010428036,2,9,0,99,99,9,9,99,99,9,9,99,9,99,1,9,6,6,3,50,8,-1,3,1,AUDI Q4,10,E01030590,0,-1
2023010446476,2023,010446476,1,9,9,18,19,1,5,0,0,9,9,99,9,99,2,9,6,6,1,37,7,-1,3,0,AUDI Q4,9,E01030334,0,-1
2023610010223,2023,610010223,1,9,0,18,19,8,4,0,0,1,0,0,0,0,1,1,6,6,2,37,7,-1,3,1,AUDI Q4,2,W01001525,0,-1
2023332300510,2023,332300510,1,9,0,16,19,8,3,0,0,0,1,0,0,0,1,1,6,6,1,26,6,1275,1,44,-1,9,E01025947,0,-1
2023351337412,2023,351337412,1,19,0,18,19,4,8,0,0,0,0,0,0,0,1,1,6,6,1,-1,-1,1560,2,5,CITROEN BERLINGO,-1,-1,0,-1
2023052302024,2023,052302024,2,19,0,18,19,1,5,0,0,8,0,0,0,0,1,1,6,6,1,54,8,1560,2,10,CITROEN BERLINGO,2,E01006667,0,-1
2023461392616,2023,461392616,2,9,0,18,19,6,3,0,0,0,0,0,2,0,2,1,5,6,1,28,6,1560,2,15,CITROEN BERLINGO,1,E01015736,0,-1
2023320771973,2023,320771973,2,19,0,18,19,6,2,0,0,1,0,0,0,0,3,1,6,6,1,27,6,1560,2,5,CITROEN BERLINGO,10,E01026324,0,-1
2023332300207,2023,332300207,1,19,0,7,7,5,7,9,9,6,0,0,0,0,1,1,6,6,1,31,6,1500,2,2,CITROEN BERLINGO,1,E01013728,0,-1
2023351287414,2023,351287414,1,19,0,1,1,8,4,9,9,0,0,0,0,0,2,1,6,6,1,-1,-1,1560,2,9,CITROEN BERLINGO,-1,-1,0,-1
2023552301083,2023,552301083,2,9,0,17,19,2,7,0,0,0,0,0,1,4,1,1,6,6,1,46,8,1560,2,12,CITROEN BERLINGO,10,E01020383,0,-1
2023552300457,2023,552300457,1,9,0,18,19,1,5,0,0,8,0,0,0,0,1,1,6,6,2,78,11,1560,2,12,CITROEN BERLINGO,5,E01015334,0,-1
2023501335632,2023,501335632,1,19,0,18,19,5,1,0,0,0,1,0,0,0,1,1,6,6,1,54,8,1560,2,9,CITROEN BERLINGO,2,E01019074,0,-1
2023501304968,2023,501304968,2,19,0,18,19,4,8,0,0,0,0,0,0,0,1,1,6,6,1,53,8,1560,2,11,CITROEN BERLINGO,5,E01015179,0,-1
2023311332821,2023,311332821,2,19,0,4,4,7,2,0,0,1,0,0,0,0,1,1,5,6,1,39,7,1560,2,11,CITROEN BERLINGO,7,E01013902,0,-1
2023101267488,2023,101267488,2,9,0,2,2,0,0,0,0,0,0,0,0,0,2,1,6,6,3,-1,-1,1560,2,6,CITROEN BERLINGO,-1,-1,0,-1
2023552300019,2023,552300019,1,19,0,7,7,5,7,0,0,6,0,0,0,0,1,1,2,2,1,48,8,1560,2,6,CITROEN BERLINGO,2,E01015367,0,-1
2023622300808,2023,622300808,1,19,0,18,19,6,2,0,0,0,1,4,0,0,1,1,6,6,3,-1,-1,1560,2,12,CITROEN BERLINGO,-1,-1,0,-1
2023361311336,2023,361311336,1,19,0,18,19,6,7,0,0,0,0,0,1,0,1,1,1,1,1,28,6,1500,2,3,CITROEN BERLINGO,8,E01026840,0,-1
2023471380156,2023,471380156,3,19,0,18,19,8,4,0,0,0,0,0,0,0,2,1,6,6,1,36,7,1560,2,10,CITROEN BERLINGO,8,E01016956,0,-1
2023161390840,2023,161390840,2,19,0,9,9,3,1,0,0,8,0,0,0,0,1,1,2,2,1,66,10,1587,7,14,CITROEN BERLINGO,5,E01012769,0,-1
2023361316994,2023,361316994,1,19,0,18,19,7,3,0,0,0,0,0,0,0,1,1,1,1,1,27,6,1560,2,5,CITROEN BERLINGO,5,E01026591,0,-1
2023340WN3892,2023,340WN3892,2,9,0,18,19,1,6,0,0,1,0,0,0,0,1,1,1,1,1,37,7,1560,2,11,CITROEN BERLINGO,-1,-1,0,-1
2023010455340,2023,010455340,2,19,0,99,99,9,9,99,99,9,9,99,9,99,1,9,6,6,3,-1,-1,1560,2,4,CITROEN BERLINGO,-1,-1,0,-1
2023122301292,2023,122301292,1,19,0,7,7,7,3,0,0,1,0,0,0,0,3,1,6,6,1,80,11,1560,2,7,CITROEN BERLINGO,8,E01027635,0,-1
2023302300451,2023,302300451,1,9,0,18,19,8,4,0,0,8,0,0,0,0,1,1,6,6,2,-1,-1,1560,2,14,CITROEN BERLINGO,1,E01013820,0,-1
2023471332292,2023,471332292,2,19,0,7,7,6,2,0,0,8,0,0,1,0,1,1,1,1,1,44,7,1560,2,13,CITROEN BERLINGO,6,E01031449,0,-1
202360A090536,2023,60A090536,1,9,0,18,19,6,2,0,0,0,0,0,0,0,1,1,6,6,2,63,9,1560,2,11,CITROEN BERLINGO,-1,-1,0,-1
2023440147226,2023,440147226,3,90,0,3,3,2,6,0,0,0,0,0,0,0,2,1,6,6,1,69,10,1560,2,13,-1,10,E01023220,0,-1
2023131376771,2023,131376771,2,19,0,2,2,1,5,0,0,0,0,0,0,0,1,1,6,6,3,-1,-1,1997,2,21,CITROEN BERLINGO,-1,-1,0,-1
2023501324911,2023,501324911,3,19,0,18,19,2,5,0,0,0,0,0,0,0,1,1,5,6,1,41,7,1560,2,13,CITROEN BERLINGO,8,E01020270,0,-1
2023320231007,2023,320231007,1,9,0,18,19,8,4,0,0,5,5,0,1,0,3,1,1,1,1,20,4,1868,2,21,CITROEN BERLINGO,1,E01015603,0,-1
2023501371355,2023,501371355,1,19,0,18,19,3,1,0,0,8,0,0,0,0,1,1,6,6,1,21,5,1560,2,15,CITROEN BERLINGO,7,E01020150,0,-1
2023461299506,2023,461299506,2,9,0,7,7,1,5,0,0,0,5,0,0,0,0,1,6,6,1,34,6,-1,-1,-1,CITROEN BERLINGO,2,E01016068,0,-1
2023010425735,2023,010425735,1,19,0,99,99,9,9,99,99,5,9,99,9,99,1,9,6,6,3,-1,-1,1560,2,7,CITROEN BERLINGO,8,E01001402,0,-1
2023371382991,2023,371382991,1,19,-1,-1,-1,-1,-1,-1,-1,-1,-1,-1,-1,0,-1,1,6,6,1,15,3,1560,2,9,CITROEN BERLINGO,8,E01030121,0,-1
2023361394750,2023,361394750,2,9,0,18,19,3,7,0,0,1,0,0,0,0,1,1,2,2,1,36,7,1997,2,19,CITROEN BERLINGO,6,E01026722,0,-1
202363A016823,2023,63A016823,1,19,0,18,19,4,8,0,0,1,0,0,0,0,1,1,2,2,1,65,9,1598,2,16,CITROEN BERLINGO,5,W01001925,0,-1
2023010420714,2023,010420714,1,19,0,9,9,5,3,0,0,5,0,0,0,0,1,1,2,2,1,46,8,1560,2,9,CITROEN BERLINGO,2,E01003501,0,-1
2023302301904,2023,302301904,1,19,0,17,19,7,4,0,0,0,5,0,1,1,1,1,6,6,1,29,6,1560,2,15,CITROEN BERLINGO,3,E01019877,0,-1
2023201413731,2023,201413731,1,19,0,18,19,4,8,0,0,1,0,0,0,0,1,1,6,6,1,-1,-1,1500,2,2,CITROEN BERLINGO,-1,-1,0,-1
2023320767790,2023,320767790,2,9,0,2,2,0,0,9,9,0,0,0,0,0,1,1,6,6,3,-1,-1,1560,2,9,CITROEN BERLINGO,-1,-1,0,-1
2023361361357,2023,361361357,1,19,0,3,3,3,7,0,0,0,0,0,0,0,1,1,2,2,1,66,10,1499,2,2,CITROEN BERLINGO,5,E01018102,0,-1
2023471368719,2023,471368719,2,19,0,18,19,4,8,0,0,1,0,0,7,0,3,1,1,1,1,38,7,1560,2,8,CITROEN BERLINGO,9,E01031486,0,-1
2023041362955,2023,041362955,1,19,0,18,19,7,3,0,0,0,0,0,0,0,1,1,5,6,1,63,9,1868,2,21,CITROEN BERLINGO,9,E01025533,0,-1
2023631312159,2023,631312159,1,19,0,4,4,6,4,0,0,8,0,0,0,0,2,1,6,6,1,24,5,1560,2,14,CITROEN BERLINGO,6,W01000496,0,-1
2023201297749,2023,201297749,1,9,0,4,4,6,2,0,0,0,0,0,0,0,1,1,5,6,1,63,9,1560,2,9,CITROEN BERLINGO,5,E01009690,0,-1
2023622300341,2023,622300341,1,19,0,18,19,4,8,0,0,1,0,0,0,0,1,1,6,6,1,43,7,1560,2,5,CITROEN BERLINGO,4,W01001259,0,-1
2023320545315,2023,320545315,4,9,0,18,19,2,6,0,0,0,0,0,0,0,1,1,6,6,1,69,10,-1,-1,-1,CITROEN BERLINGO,4,E01026045,0,-1
2023501367033,2023,501367033,2,9,0,3,3,6,2,0,0,1,0,0,0,0,2,1,5,6,2,63,9,1997,2,20,CITROEN BERLINGO,4,E01009139,0,-1
2023421288159,2023,421288159,1,19,0,18,19,1,5,0,0,0,0,0,0,0,1,1,6,6,1,19,4,1560,2,10,CITROEN BERLINGO,4,E01015972,0,-1
2023010457063,2023,010457063,2,19,0,99,99,9,9,99,99,9,9,99,9,99,1,9,6,6,3,-1,-1,1500,2,3,CITROEN BERLINGO,-1,-1,0,-1
2023471333282,2023,471333282,1,19,0,7,7,3,6,0,0,8,0,0,1,1,2,1,1,1,1,43,7,1868,2,19,CITROEN BERLINGO,9,E01021026,0,-1
2023302300767,2023,302300767,1,9,0,18,19,1,6,0,0,8,0,0,0,0,4,1,6,6,1,59,9,1500,2,3,CITROEN BERLINGO,5,E01007823,0,-1
2023471392288,2023,471392288,1,19,0,17,19,6,2,0,0,1,5,0,1,0,1,1,1,1,2,73,10,1560,2,7,CITROEN BERLINGO,2,E01031808,0,-1
2023010464344,2023,010464344,1,19,0,5,5,3,7,0,0,0,0,0,0,0,4,1,6,6,1,47,8,1560,2,9,CITROEN BERLINGO,3,E01017400,0,-1
2023161311778,2023,161311778,2,19,0,7,7,4,7,0,0,8,0,0,0,0,3,1,1,1,1,21,5,1500,2,4,CITROEN BERLINGO,2,E01010889,0,-1
2023622300431,2023,622300431,4,9,0,2,2,0,0,0,0,1,0,0,0,0,2,1,6,6,3,-1,-1,1360,1,22,CITROEN BERLINGO,-1,-1,0,-1
2023451287912,2023,451287912,1,19,0,18,19,7,7,0,0,0,0,0,0,0,1,1,1,1,1,37,7,1560,2,4,CITROEN BERLINGO,6,E01030721,0,-1
2023231298198,2023,231298198,2,19,0,18,19,8,4,0,0,6,0,0,0,0,1,1,1,1,2,50,8,1560,2,9,CITROEN BERLINGO,3,E01031332,0,-1
2023010462701,2023,010462701,2,19,0,18,19,7,3,0,0,2,0,0,0,0,1,1,6,6,1,38,7,1500,2,3,CITROEN BERLINGO,6,E01001679,0,-1
2023320032517,2023,320032517,1,19,0,4,4,4,8,0,0,1,1,0,0,0,1,1,1,1,1,27,6,1560,2,4,CITROEN BERLINGO,7,E01018058,0,-1