collision_index,collision_year,collision_ref_no,vehicle_reference,vehicle_type,towing_and_articulation,vehicle_manoeuvre_historic,vehicle_manoeuvre,vehicle_direction_from,vehicle_direction_to,vehicle_location_restricted_lane_historic,vehicle_location_restricted_lane,junction_location,skidding_and_overturning,hit_object_in_carriageway,vehicle_leaving_carriageway,hit_object_off_carriageway,first_point_of_impact,vehicle_left_hand_drive,journey_purpose_of_driver_historic,journey_purpose_of_driver,sex_of_driver,age_of_driver,age_band_of_driver,engine_capacity_cc,propulsion_code,age_of_vehicle,generic_make_model,driver_imd_decile,lsoa_of_driver,escooter_flag,driver_distance_banding
2023361353057,2023,361353057,2,9,0,2,2,0,0,0,0,0,0,0,0,0,3,1,5,6,2,48,8,1499,2,3,CITROEN BERLINGO,6,E01026534,0,-1
2023131334704,2023,131334704,2,19,0,8,8,7,3,0,0,1,0,0,0,0,2,1,2,2,2,53,8,1560,2,13,CITROEN BERLINGO,4,E01011165,0,-1
2023010461146,2023,010461146,1,19,0,7,7,1,3,0,0,2,0,0,0,0,4,1,1,1,3,61,9,1500,2,4,CITROEN BERLINGO,4,E01001148,0,-1
2023411276129,2023,411276129,2,19,0,4,4,3,1,0,0,0,0,0,0,0,1,1,2,2,1,31,6,1560,2,8,CITROEN BERLINGO,5,E01017615,0,-1
202360A005388,2023,60A005388,2,9,0,4,4,6,2,0,0,0,0,0,0,0,2,1,6,6,1,68,10,1560,2,14,CITROEN BERLINGO,-1,-1,0,-1
2023010480051,2023,010480051,4,19,0,2,2,0,0,0,0,0,0,4,0,0,3,1,6,6,3,-1,-1,1560,2,5,CITROEN BERLINGO,-1,-1,0,-1
2023471355956,2023,471355956,2,9,0,18,19,2,6,0,0,1,0,0,0,0,1,1,6,6,1,51,8,-1,3,0,CITROEN BERLINGO,9,E01031714,0,-1
2023010483519,2023,010483519,2,19,0,4,4,1,5,0,0,0,0,0,0,0,2,1,2,2,1,25,5,1560,2,6,CITROEN BERLINGO,2,E01001735,0,-1
2023141280667,2023,141280667,1,9,0,18,19,1,3,0,0,1,0,0,0,0,2,1,6,6,3,-1,-1,-1,-1,-1,CITROEN BERLINGO,-1,-1,0,-1
2023430272933,2023,430272933,3,19,0,18,19,6,1,0,0,0,0,0,0,0,1,1,6,6,1,-1,-1,1500,2,4,CITROEN BERLINGO,-1,-1,0,-1
2023622300863,2023,622300863,1,9,0,5,5,8,4,0,0,4,0,0,0,0,1,1,6,6,2,71,10,-1,3,2,CITROEN BERLINGO,4,W01000760,0,-1
202363A019023,2023,63A019023,2,19,0,4,4,1,5,0,0,8,0,0,0,0,2,1,2,2,1,32,6,1560,2,6,CITROEN BERLINGO,2,W01000756,0,-1
2023211332256,2023,211332256,1,9,0,4,4,1,1,0,0,2,0,0,0,0,1,1,6,6,2,50,8,1360,1,16,CITROEN BERLINGO,1,E01014250,0,-1
2023010462060,2023,010462060,2,9,9,12,12,3,7,0,0,0,9,99,9,0,4,9,6,6,3,-1,-1,1587,1,13,CITROEN BERLINGO,-1,-1,0,-1
2023122300158,2023,122300158,2,9,0,18,19,3,7,0,0,0,0,0,0,0,3,1,6,6,1,74,10,1500,2,1,CITROEN BERLINGO,8,E01027631,0,-1
2023991280674,2023,991280674,1,19,0,18,19,6,2,0,0,0,0,0,0,0,1,1,5,6,1,32,6,1560,2,5,CITROEN BERLINGO,8,-1,0,-1
2023340WN3582,2023,340WN3582,2,19,0,4,4,6,2,0,0,1,0,0,1,0,2,1,1,1,1,52,8,1500,2,3,CITROEN BERLINGO,8,E01027181,0,-1
2023461281149,2023,461281149,2,19,0,3,3,3,7,0,0,0,0,0,0,0,2,1,6,6,1,56,9,1560,2,6,CITROEN BERLINGO,8,E01024414,0,-1
2023411266949,2023,411266949,1,9,0,5,5,3,7,0,0,0,0,0,0,0,3,1,5,6,1,75,10,1200,1,2,CITROEN BERLINGO,2,E01023750,0,-1
2023451302624,2023,451302624,2,19,0,18,19,3,7,0,0,1,0,0,1,11,4,1,1,1,1,27,6,1500,2,1,CITROEN BERLINGO,4,E01030551,0,-1
2023010458344,2023,010458344,2,9,0,99,99,9,9,99,99,9,9,99,9,99,1,9,6,6,3,-1,-1,1587,1,19,CITROEN BERLINGO,2,E01001054,0,-1
2023361359076,2023,361359076,2,19,0,7,7,5,6,9,9,0,0,0,0,0,4,1,5,6,1,39,7,1500,2,2,CITROEN BERLINGO,7,E01026669,0,-1
2023010433698,2023,010433698,1,19,0,7,7,7,8,5,5,5,0,0,0,0,4,1,2,2,1,65,9,1500,2,3,CITROEN BERLINGO,7,E01021264,0,-1
2023010451366,2023,010451366,1,19,0,18,19,7,3,0,0,0,0,0,0,0,2,1,1,1,1,55,8,1500,2,2,CITROEN BERLINGO,2,E01000019,0,-1
2023131381825,2023,131381825,1,19,0,5,5,4,5,0,0,0,0,0,0,0,1,1,5,6,1,53,8,1868,2,17,CITROEN BERLINGO,-1,-1,0,-1
2023170L30083,2023,170L30083,2,19,0,9,9,4,2,0,0,8,0,0,0,0,1,1,1,1,1,40,7,1560,2,8,CITROEN BERLINGO,7,E01012244,0,-1
2023501333932,2023,501333932,2,19,0,10,10,7,3,0,0,6,0,0,0,0,2,1,1,1,2,50,8,1598,2,16,CITROEN BERLINGO,5,E01019904,0,-1
2023161323294,2023,161323294,2,9,0,16,19,4,7,0,0,8,0,0,0,0,1,1,6,6,1,75,10,1560,2,9,CITROEN BERLINGO,3,E01027846,0,-1
2023440424124,2023,440424124,1,9,0,9,9,4,2,0,0,6,0,0,0,0,1,1,6,6,1,46,8,1560,2,11,CITROEN BERLINGO,8,E01017057,0,-1
2023131356583,2023,131356583,1,19,0,4,4,7,3,0,0,0,0,0,0,0,2,1,1,1,1,32,6,1499,2,1,CITROEN BERLINGO,2,E01005502,0,-1
2023361351693,2023,361351693,2,19,0,3,3,6,2,0,0,4,0,0,0,0,2,1,1,1,1,25,5,1560,2,10,CITROEN BERLINGO,3,E01018066,0,-1
2023471260735,2023,471260735,1,19,0,18,19,1,5,0,0,0,0,0,0,0,4,1,5,6,1,26,6,1560,2,6,CITROEN BERLINGO,5,E01031442,0,-1
2023501341671,2023,501341671,2,19,0,18,19,5,1,0,0,1,1,0,7,4,4,1,6,6,1,63,9,1560,2,6,CITROEN BERLINGO,4,E01018969,0,-1
2023421308611,2023,421308611,2,19,0,16,19,1,4,0,0,0,0,0,0,0,1,1,5,6,1,56,9,1868,2,22,CITROEN BERLINGO,7,E01021993,0,-1
2023141363039,2023,141363039,2,19,0,-1,-1,-1,-1,0,0,1,0,0,0,0,-1,1,6,6,3,-1,-1,1560,2,6,CITROEN BERLINGO,-1,-1,0,-1
2023311305722,2023,311305722,2,19,0,18,19,3,7,0,0,1,0,0,0,0,2,1,6,6,1,59,9,1499,2,1,CITROEN BERLINGO,5,E01028286,0,-1
2023221295639,2023,221295639,1,19,0,9,9,2,8,0,0,5,0,0,0,0,4,1,1,1,2,52,8,1500,2,1,CITROEN BERLINGO,-1,-1,0,-1
2023430189318,2023,430189318,1,9,0,18,19,5,1,0,0,0,0,0,0,0,1,1,6,6,2,83,11,1598,2,15,CITROEN BERLINGO,9,E01016424,0,-1
2023010457204,2023,010457204,2,19,0,3,3,8,4,0,0,1,0,0,0,0,2,1,6,6,1,31,6,1560,2,6,CITROEN BERLINGO,2,E01024477,0,-1
2023622300335,2023,622300335,1,19,0,17,19,7,3,0,0,0,5,0,1,4,1,1,1,1,1,40,7,1560,2,5,CITROEN BERLINGO,2,W01001872,0,-1
2023161378054,2023,161378054,2,9,0,18,19,5,1,0,0,0,0,0,0,0,1,1,6,6,1,29,6,1560,2,15,CITROEN BERLINGO,1,E01012857,0,-1
2023010437553,2023,010437553,1,19,0,18,19,5,1,0,0,1,0,4,0,0,1,1,6,6,1,35,6,1560,2,5,CITROEN BERLINGO,8,W01000130,0,-1
2023440277654,2023,440277654,1,19,0,18,19,6,2,0,0,0,0,0,0,0,1,1,1,1,1,20,4,1598,2,16,CITROEN BERLINGO,10,E01022752,0,-1
2023302300547,2023,302300547,1,19,0,18,19,8,4,0,0,2,0,0,0,0,1,1,6,6,1,37,7,1560,2,13,CITROEN BERLINGO,5,E01028114,0,-1
2023131348638,2023,131348638,2,19,0,7,7,3,7,0,0,8,0,0,0,0,4,1,2,2,1,37,7,1560,2,7,CITROEN BERLINGO,3,E01010810,0,-1
2023320435109,2023,320435109,2,9,0,3,3,2,6,0,0,1,0,0,0,0,4,1,6,6,1,64,9,-1,3,0,CITROEN BERLINGO,6,E01026331,0,-1
2023461341319,2023,461341319,2,19,0,12,12,5,1,0,0,0,0,0,0,0,2,1,6,6,1,45,7,1500,2,1,CITROEN BERLINGO,3,E01001668,0,-1
2023991297021,2023,991297021,3,19,0,18,19,8,3,0,0,6,0,0,0,0,1,1,1,1,1,37,7,1560,2,8,CITROEN BERLINGO,4,E01008961,0,-1
2023302300098,2023,302300098,1,9,0,2,2,0,0,0,0,0,0,0,0,0,3,1,6,6,1,45,7,1499,2,5,CITROEN BERLINGO,4,E01019538,0,-1
2023451351793,2023,451351793,1,9,0,3,3,5,1,0,0,0,0,0,0,0,2,1,6,6,1,64,9,1360,1,21,CITROEN BERLINGO,10,E01030535,0,-1
2023010455953,2023,010455953,1,9,0,99,99,9,9,99,99,9,9,99,9,99,2,9,6,6,1,60,9,1560,2,8,CITROEN BERLINGO,9,E01024299,0,-1
2023421350161,2023,421350161,1,19,0,16,19,7,3,0,0,0,0,0,0,0,1,1,6,6,2,59,9,1560,2,12,CITROEN BERLINGO,6,E01030827,0,-1
2023010477986,2023,010477986,2,9,0,3,3,7,3,0,0,1,0,4,0,0,2,1,6,6,1,41,7,1360,1,20,CITROEN BERLINGO,9,E01001453,0,-1
202360A091311,2023,60A091311,1,19,0,7,7,6,8,0,0,2,0,0,0,0,1,1,6,6,1,32,6,1560,2,11,CITROEN BERLINGO,-1,-1,0,-1
2023010468159,2023,010468159,1,19,0,18,19,7,3,0,0,8,5,0,1,1,3,1,1,1,1,53,8,1560,2,6,CITROEN BERLINGO,-1,-1,0,-1
2023070282111,2023,070282111,2,9,0,3,3,8,4,0,0,0,0,0,0,0,3,1,6,6,1,60,9,-1,-1,-1,CITROEN BERLINGO,2,E01005548,0,-1
2023461356302,2023,461356302,1,9,0,18,19,3,7,0,0,0,0,0,0,0,0,1,6,6,1,36,7,-1,-1,-1,CITROEN BERLINGO,3,E01024480,0,-1
2023010462900,2023,010462900,2,9,0,18,19,6,2,0,0,0,0,0,0,0,1,1,6,6,1,39,7,1360,1,17,CITROEN BERLINGO,4,E01000134,0,-1
2023010460637,2023,010460637,1,20,0,99,99,9,9,99,99,9,9,99,9,99,2,9,6,6,3,66,10,-1,-1,-1,-1,6,E01000487,0,-1
2023552301377,2023,552301377,1,19,0,18,19,2,6,0,0,0,0,0,0,0,4,1,6,6,1,47,8,1560,2,13,CITROEN BERLINGO,8,E01020400,0,-1
2023411345078,2023,411345078,1,19,0,18,19,5,1,0,0,4,0,0,0,0,1,1,2,2,1,62,9,1560,2,8,CITROEN BERLINGO,8,E01033028,0,-1
2023361273969,2023,361273969,1,19,0,18,19,7,3,0,0,2,1,0,1,0,1,1,2,2,1,28,6,1560,2,13,CITROEN BERLINGO,4,E01026589,0,-1
2023421376261,2023,421376261,2,19,0,17,19,3,8,0,0,1,0,0,0,0,1,1,1,1,1,53,8,1500,2,3,CITROEN BERLINGO,6,E01021907,0,-1
2023302301405,2023,302301405,1,19,0,5,5,7,5,0,0,2,0,0,0,0,1,1,1,1,1,75,10,1560,2,10,CITROEN BERLINGO,7,E01019634,0,-1
2023031390415,2023,031390415,2,19,0,4,4,2,6,0,0,1,0,0,0,0,2,1,1,1,1,25,5,1560,2,7,CITROEN BERLINGO,8,E01019223,0,-1
2023010430465,2023,010430465,1,9,0,18,19,7,3,0,0,2,0,0,0,0,2,1,6,6,3,-1,-1,1997,2,18,CITROEN BERLINGO,-1,-1,0,-1
202354C905823,2023,54C905823,2,9,0,18,19,6,2,0,0,1,0,0,0,0,1,1,2,2,1,43,7,1560,2,13,CITROEN BERLINGO,7,E01015520,0,-1
2023010443051,2023,010443051,1,19,0,7,7,6,8,0,0,1,0,0,0,0,1,1,1,1,1,32,6,1499,2,0,CITROEN BERLINGO,5,E01001035,0,-1
2023531269465,2023,531269465,1,19,0,5,5,3,7,0,0,8,0,0,0,0,4,1,6,6,2,56,9,1560,2,8,CITROEN BERLINGO,5,E01022448,0,-1
2023430030118,2023,430030118,2,19,0,18,19,6,2,0,0,8,1,0,0,0,3,1,2,2,1,25,5,1560,2,8,CITROEN BERLINGO,1,E01015545,0,-1
2023440388870,2023,440388870,2,19,0,18,19,1,5,0,0,0,0,0,0,0,1,1,6,6,1,29,6,1560,2,8,CITROEN BERLINGO,1,E01032882,0,-1
2023501291441,2023,501291441,1,9,0,9,9,5,3,0,0,8,0,0,7,0,1,1,6,6,1,74,10,1997,2,18,CITROEN BERLINGO,10,E01020336,0,-1
2023991276802,2023,991276802,1,19,0,18,19,1,5,0,0,6,0,0,0,0,4,1,1,1,1,50,8,1499,2,3,CITROEN BERLINGO,9,-1,0,-1
2023010465020,2023,010465020,2,19,0,6,6,7,7,2,2,8,0,0,0,0,3,1,2,2,1,36,7,1500,2,2,CITROEN BERLINGO,2,E01004269,0,-1
2023471275841,2023,471275841,1,9,0,18,19,1,5,0,0,0,0,0,1,4,1,1,6,6,1,32,6,1360,1,18,CITROEN BERLINGO,9,E01023147,0,-1
2023320775270,2023,320775270,1,9,0,17,19,8,5,0,0,1,0,7,1,1,1,1,6,6,2,75,10,1499,2,4,CITROEN BERLINGO,3,E01026113,0,-1
2023471347037,2023,471347037,1,19,0,18,19,2,6,0,0,1,0,10,2,9,1,1,6,6,1,25,5,1560,2,12,CITROEN BERLINGO,5,E01031401,0,-1
2023501327541,2023,501327541,1,19,0,9,9,7,4,0,0,8,0,0,0,0,4,1,6,6,1,49,8,1560,2,11,CITROEN BERLINGO,7,E01018971,0,-1
2023520401073,2023,520401073,2,19,0,14,14,1,5,0,0,0,0,0,0,0,3,1,6,6,1,-1,-1,1560,2,5,CITROEN BERLINGO,-1,-1,0,-1
2023471386997,2023,471386997,2,9,0,18,19,1,5,0,0,0,0,0,0,0,3,1,6,6,1,59,9,1560,2,11,CITROEN BERLINGO,6,E01024340,0,-1
2023471337593,2023,471337593,2,9,0,18,19,2,6,0,0,8,0,0,0,0,1,1,1,1,2,49,8,1560,2,10,CITROEN BERLINGO,6,E01021154,0,-1
2023041278144,2023,041278144,2,19,0,11,11,7,6,0,0,1,0,0,0,0,3,1,6,6,1,45,7,1560,2,12,CITROEN BERLINGO,5,-1,0,-1
2023131382174,2023,131382174,1,19,0,9,9,4,8,0,0,8,0,0,0,0,1,1,2,2,1,58,9,1499,2,0,CITROEN BERLINGO,4,E01011546,0,-1
2023111263841,2023,111263841,1,19,0,18,19,5,1,0,0,1,0,0,0,0,1,1,6,6,1,43,7,1500,2,2,CITROEN BERLINGO,3,E01008349,0,-1
2023231393043,2023,231393043,2,19,0,3,3,5,1,0,0,0,0,0,0,0,2,1,1,1,1,43,7,1500,2,1,CITROEN BERLINGO,3,E01008930,0,-1
2023461346710,2023,461346710,2,19,0,18,19,3,7,0,0,8,0,0,0,0,1,1,6,6,1,22,5,1560,2,6,CITROEN BERLINGO,6,E01016142,0,-1
2023302300548,2023,302300548,2,19,0,18,19,6,2,0,0,1,0,0,0,0,1,1,6,6,1,73,10,1560,2,8,CITROEN BERLINGO,2,E01019817,0,-1
2023332300257,2023,332300257,1,19,0,18,19,7,3,0,0,0,0,0,0,0,1,1,1,1,1,52,8,1500,2,4,CITROEN BERLINGO,10,E01025650,0,-1
2023461262562,2023,461262562,1,19,0,-1,-1,-1,-1,-1,-1,0,-1,-1,-1,0,4,1,6,6,1,-1,-1,1500,2,3,CITROEN BERLINGO,-1,-1,0,-1
202360A100368,2023,60A100368,1,19,0,17,19,5,2,0,0,1,2,0,7,11,1,1,1,1,1,38,7,1868,2,17,CITROEN BERLINGO,-1,-1,0,-1
2023622300185,2023,622300185,1,19,0,5,5,4,8,0,0,0,0,0,0,0,1,1,2,2,1,35,6,1560,2,6,CITROEN BERLINGO,3,W01001205,0,-1
2023010430473,2023,010430473,2,19,0,99,99,9,9,0,0,1,0,0,0,0,9,9,6,6,3,-1,-1,1360,1,16,CITROEN BERLINGO,-1,-1,0,-1
2023411363337,2023,411363337,2,19,0,5,5,1,5,0,0,8,0,0,0,0,3,1,1,1,1,67,10,1560,2,7,CITROEN BERLINGO,9,E01023802,0,-1
2023461381161,2023,461381161,3,19,0,18,19,7,4,0,0,8,0,0,0,0,3,1,2,2,2,55,8,1499,2,0,CITROEN BERLINGO,2,E01016068,0,-1
2023501320944,2023,501320944,2,19,0,9,9,7,3,0,0,6,0,0,0,0,1,1,6,6,1,59,9,1560,2,16,CITROEN BERLINGO,6,E01015184,0,-1
2023371381605,2023,371381605,1,19,0,4,4,7,3,0,0,4,0,0,0,0,1,1,6,6,1,25,5,1560,2,8,CITROEN BERLINGO,6,E01032612,0,-1
2023401374242,2023,401374242,1,19,0,12,12,7,3,0,0,8,0,0,0,0,3,1,1,1,1,38,7,1560,2,14,CITROEN BERLINGO,4,E01017570,0,-1
2023161361126,2023,161361126,2,19,0,18,19,5,1,0,0,0,1,0,1,0,1,1,6,6,1,56,9,1560,2,9,CITROEN BERLINGO,10,E01013042,0,-1
2023421352351,2023,421352351,1,9,0,17,19,4,1,0,0,0,1,0,0,0,1,1,2,2,1,27,6,1868,2,20,CITROEN BERLINGO,4,E01021812,0,-1
2023031320091,2023,031320091,2,19,0,3,3,0,0,0,0,1,0,4,0,0,2,1,1,1,1,29,6,1560,2,14,CITROEN BERLINGO,4,E01019147,0,-1
2023221371653,2023,221371653,1,19,0,18,19,6,2,0,0,0,0,0,7,3,1,1,6,6,1,35,6,1868,2,17,CITROEN BERLINGO,5,E01029005,0,-1
2023371330302,2023,371330302,1,19,0,5,5,1,4,0,0,6,0,0,0,0,1,1,2,2,1,57,9,1500,2,3,CITROEN BERLINGO,10,E01030085,0,-1
2023010472347,2023,010472347,3,19,0,11,11,7,3,0,0,0,0,0,0,0,4,1,6,6,1,20,4,1560,2,6,CITROEN BERLINGO,10,E01023452,0,-1
2023340NN0892,2023,340NN0892,1,19,0,9,9,2,8,0,0,6,0,0,0,0,1,1,6,6,1,74,10,1598,2,16,CITROEN BERLINGO,8,E01027337,0,-1
2023010444940,2023,010444940,2,19,0,9,9,1,7,0,0,2,0,0,0,0,0,1,6,6,1,22,5,1500,2,2,CITROEN BERLINGO,6,E01003657,0,-1
2023461265170,2023,461265170,1,9,0,17,19,1,6,0,0,0,0,10,1,0,1,1,6,6,3,-1,-1,1560,2,17,CITROEN BERLINGO,-1,-1,0,-1
2023531316866,2023,531316866,2,9,0,18,19,1,5,0,0,1,0,0,0,0,1,1,6,6,2,34,6,1587,1,19,CITROEN BERLINGO,2,E01022288,0,-1
2023131381443,2023,131381443,2,19,0,18,19,3,7,0,0,0,0,0,0,0,2,1,2,2,2,38,7,1500,2,3,CITROEN BERLINGO,3,E01010864,0,-1
2023440320366,2023,440320366,2,19,0,18,19,3,7,0,0,4,0,0,0,0,1,1,6,6,1,-1,-1,1560,2,7,CITROEN BERLINGO,-1,-1,0,-1
2023052301143,2023,052301143,3,9,0,18,19,3,7,0,0,8,0,0,0,0,1,1,6,6,1,73,10,1560,2,17,CITROEN BERLINGO,2,E01006667,0,-1
2023471335614,2023,471335614,1,19,0,18,19,3,7,0,0,0,0,0,7,0,1,1,2,2,1,56,9,1560,2,6,CITROEN BERLINGO,7,E01021098,0,-1
2023501265876,2023,501265876,1,19,-1,-1,-1,-1,-1,-1,-1,0,-1,-1,-1,0,-1,1,6,6,1,-1,-1,1560,2,4,CITROEN BERLINGO,-1,-1,0,-1
2023221288941,2023,221288941,2,19,0,18,19,1,5,0,0,3,0,0,0,0,1,1,1,1,1,62,9,1868,2,17,CITROEN BERLINGO,8,E01032427,0,-1
2023461320154,2023,461320154,1,19,0,18,19,2,4,7,6,1,0,0,0,0,1,1,6,6,1,32,6,1560,2,12,CITROEN BERLINGO,3,E01020996,0,-1
2023501359059,2023,501359059,1,9,0,18,19,5,1,0,0,0,0,0,0,0,1,1,5,6,1,83,11,1560,2,13,CITROEN BERLINGO,8,E01020080,0,-1
2023471340482,2023,471340482,1,19,0,9,9,8,6,0,0,0,0,0,0,0,1,1,6,6,1,39,7,1560,2,13,CITROEN BERLINGO,3,E01031444,0,-1
2023052300474,2023,052300474,1,19,0,16,19,1,5,0,0,0,0,0,0,0,1,1,6,6,1,20,4,1560,2,10,CITROEN BERLINGO,2,E01006456,0,-1
2023401288537,2023,401288537,3,19,0,2,2,0,0,0,0,1,0,0,0,0,2,1,6,6,3,-1,-1,1560,2,6,CITROEN BERLINGO,-1,-1,0,-1
2023461347859,2023,461347859,1,19,0,9,9,5,3,0,0,5,0,0,0,0,3,1,5,6,1,40,7,1560,2,6,CITROEN BERLINGO,-1,-1,0,-1
2023552301055,2023,552301055,1,9,0,5,5,2,6,0,0,4,0,0,0,0,1,1,6,6,2,76,11,-1,3,0,CITROEN BERLINGO,1,E01015282,0,-1
2023440136270,2023,440136270,2,19,0,18,19,4,1,0,0,1,0,0,0,0,1,1,6,6,1,24,5,1560,2,11,CITROEN BERLINGO,7,E01031490,0,-1
2023221285265,2023,221285265,1,9,0,18,19,4,8,0,0,0,0,0,0,0,1,1,5,6,1,61,9,1499,2,4,CITROEN BERLINGO,1,E01032424,0,-1
2023522300589,2023,522300589,2,19,0,7,7,8,1,0,0,6,0,0,0,0,1,1,6,6,3,-1,-1,1868,2,21,CITROEN BERLINGO,-1,-1,0,-1
2023010422985,2023,010422985,1,19,0,18,19,3,7,0,0,2,0,0,0,0,1,1,1,1,1,54,8,1500,2,1,CITROEN BERLINGO,3,E01004452,0,-1
2023522400652,2023,522400652,1,9,0,16,19,2,5,0,0,0,0,0,0,0,1,1,6,6,2,57,9,1360,1,14,CITROEN BERLINGO,1,E01014658,0,-1
202360A065742,2023,60A065742,3,9,0,18,19,8,4,0,0,0,0,0,0,0,3,1,6,6,1,66,10,1560,2,13,CITROEN BERLINGO,-1,-1,0,-1
2023622300708,2023,622300708,2,9,0,18,19,6,2,0,0,1,0,0,0,0,1,1,6,6,2,67,10,1560,2,5,CITROEN BERLINGO,9,W01001115,0,-1
2023622300109,2023,622300109,3,19,0,3,3,7,4,0,0,0,0,0,0,0,2,1,6,6,1,62,9,1560,2,12,CITROEN BERLINGO,4,W01001168,0,-1
2023122300314,2023,122300314,1,19,0,18,19,4,1,0,0,0,0,0,0,0,1,1,6,6,1,60,9,1360,1,14,CITROEN BERLINGO,6,E01027637,0,-1
2023991307511,2023,991307511,1,19,0,18,19,7,2,0,0,6,5,0,0,0,4,1,1,1,1,39,7,1560,2,9,CITROEN BERLINGO,-1,-1,0,-1
2023161364446,2023,161364446,1,19,0,17,19,1,5,0,0,4,0,0,0,0,3,1,6,6,1,25,5,1868,2,18,CITROEN BERLINGO,1,E01013330,0,-1
2023010434103,2023,010434103,2,19,0,99,99,9,9,99,99,9,9,99,9,99,9,9,6,6,1,55,8,1560,2,6,CITROEN BERLINGO,7,E01001071,0,-1
2023101278199,2023,101278199,2,19,0,18,19,5,1,0,0,1,0,0,0,0,1,1,2,2,1,33,6,1560,2,7,CITROEN BERLINGO,6,E01027488,0,-1
2023401369060,2023,401369060,5,19,0,18,19,1,5,0,0,0,0,0,0,0,1,1,6,6,1,28,6,1560,2,10,CITROEN BERLINGO,10,E01023684,0,-1
2023461301252,2023,461301252,1,9,0,5,5,7,3,0,0,1,0,0,0,0,1,1,6,6,1,73,10,1560,2,14,CITROEN BERLINGO,2,E01024192,0,-1
2023501279023,2023,501279023,1,9,0,18,19,4,3,0,0,0,0,10,0,0,1,1,6,6,2,65,9,1560,2,12,CITROEN BERLINGO,8,E01015230,0,-1
2023131378004,2023,131378004,3,19,0,10,10,8,4,0,0,5,0,0,0,0,2,1,1,1,1,39,7,1560,2,6,CITROEN BERLINGO,1,E01010817,0,-1
2023061270681,2023,061270681,1,19,0,18,19,3,7,0,0,1,0,0,0,0,1,1,6,6,1,30,6,1360,7,15,CITROEN BERLINGO,-1,-1,0,-1
2023320621184,2023,320621184,2,9,0,18,19,8,4,0,0,8,0,0,0,0,1,1,6,6,2,69,10,1499,2,3,CITROEN BERLINGO,7,E01007400,0,-1
2023041350361,2023,041350361,2,19,0,18,19,1,5,0,0,1,0,0,0,0,1,1,1,1,1,30,6,1499,2,0,CITROEN BERLINGO,5,E01024989,0,-1
2023041329512,2023,041329512,2,19,0,18,19,1,5,0,0,1,0,0,0,0,4,1,1,1,1,36,7,1560,2,7,CITROEN BERLINGO,6,E01025265,0,-1
2023131384969,2023,131384969,1,19,0,7,7,6,2,0,0,3,0,0,0,0,4,1,5,6,1,45,7,1560,2,6,CITROEN BERLINGO,2,E01010682,0,-1
2023221331293,2023,221331293,1,19,0,4,4,4,8,0,0,1,0,0,0,0,1,1,6,6,1,51,8,1560,2,6,CITROEN BERLINGO,10,E01014090,0,-1
2023991305293,2023,991305293,3,19,0,18,19,5,1,0,0,4,0,0,1,0,3,1,1,1,1,36,7,1500,2,3,CITROEN BERLINGO,2,-1,0,-1
2023430213483,2023,430213483,1,19,0,18,19,5,1,0,0,0,0,0,0,0,3,1,6,6,1,29,6,1500,2,3,CITROEN BERLINGO,9,E01017920,0,-1
2023501367203,2023,501367203,2,9,0,18,19,1,5,0,0,1,1,0,0,0,1,1,6,6,1,43,7,-1,-1,-1,CITROEN BERLINGO,4,E01019006,0,-1
2023451305004,2023,451305004,1,19,0,18,19,3,7,9,9,2,0,0,7,3,1,1,5,6,1,76,11,1560,2,11,CITROEN BERLINGO,10,E01030695,0,-1
2023522400623,2023,522400623,5,19,0,2,2,0,0,0,0,0,0,0,0,0,2,1,6,6,3,-1,-1,1560,2,13,CITROEN BERLINGO,-1,-1,0,-1
2023061291902,2023,061291902,1,19,0,4,4,1,5,0,0,1,0,0,0,0,1,1,1,1,1,60,9,1500,2,2,CITROEN BERLINGO,1,E01004979,0,-1
2023010435893,2023,010435893,2,19,0,99,99,9,9,99,99,9,9,99,9,99,9,9,6,6,3,-1,-1,1500,2,3,CITROEN BERLINGO,9,E01031588,0,-1
2023010432868,2023,010432868,2,19,0,9,9,8,6,0,0,1,0,0,0,0,0,1,6,6,1,28,6,1500,2,1,CITROEN BERLINGO,5,E01004579,0,-1
2023520300053,2023,520300053,1,9,0,18,19,2,6,0,0,8,0,0,0,0,1,1,6,6,1,73,10,1360,1,15,CITROEN BERLINGO,5,E01029102,0,-1
2023991345573,2023,991345573,1,19,0,5,5,1,5,9,9,0,0,0,0,0,1,1,6,6,2,64,9,1868,2,20,CITROEN BERLINGO,3,-1,0,-1
2023421331315,2023,421331315,1,19,0,18,19,4,8,0,0,0,0,0,0,0,1,1,6,6,1,-1,-1,1560,2,6,CITROEN BERLINGO,-1,-1,0,-1