collision_index,collision_year,collision_ref_no,vehicle_reference,vehicle_type,towing_and_articulation,vehicle_manoeuvre_historic,vehicle_manoeuvre,vehicle_direction_from,vehicle_direction_to,vehicle_location_restricted_lane_historic,vehicle_location_restricted_lane,junction_location,skidding_and_overturning,hit_object_in_carriageway,vehicle_leaving_carriageway,hit_object_off_carriageway,first_point_of_impact,vehicle_left_hand_drive,journey_purpose_of_driver_historic,journey_purpose_of_driver,sex_of_driver,age_of_driver,age_band_of_driver,engine_capacity_cc,propulsion_code,age_of_vehicle,generic_make_model,driver_imd_decile,lsoa_of_driver,escooter_flag,driver_distance_banding
2023991331274,2023,991331274,1,19,0,18,19,7,3,0,0,0,0,0,2,0,1,1,1,1,1,43,7,1560,2,14,CITROEN BERLINGO,2,-1,0,-1
2023052302533,2023,052302533,1,19,0,5,5,1,5,0,0,4,0,0,0,0,4,1,2,2,1,48,8,1499,2,0,CITROEN BERLINGO,9,W01000403,0,-1
2023131382755,2023,131382755,1,9,0,7,7,5,7,0,0,0,0,0,0,0,1,1,2,2,1,71,10,-1,-1,-1,CITROEN BERLINGO,1,E01011362,0,-1
2023351316447,2023,351316447,1,19,0,18,19,-1,-1,0,0,0,0,0,0,0,3,1,6,6,1,-1,-1,1499,2,0,CITROEN BERLINGO,-1,-1,0,-1
2023010469945,2023,010469945,2,19,0,99,99,9,9,99,99,9,9,99,9,99,1,9,6,6,3,-1,-1,1560,2,7,CITROEN BERLINGO,-1,-1,0,-1
2023501352505,2023,501352505,2,8,0,18,19,7,3,0,0,0,0,0,0,0,2,1,2,2,1,42,7,1560,2,10,-1,7,E01020538,0,-1
2023052301067,2023,052301067,3,19,0,3,3,1,5,0,0,8,0,0,0,0,1,1,1,1,1,73,10,1560,2,5,CITROEN BERLINGO,-1,-1,0,-1
2023522301453,2023,522301453,3,9,0,18,19,3,7,0,0,2,0,0,0,0,1,1,6,6,2,59,9,1997,2,18,CITROEN BERLINGO,-1,-1,0,-1
2023320503558,2023,320503558,1,19,0,7,7,1,3,0,0,5,0,0,0,0,0,1,6,6,1,-1,-1,1500,2,2,CITROEN BERLINGO,-1,-1,0,-1
2023991292633,2023,991292633,1,19,0,18,19,4,8,0,0,2,0,0,0,0,1,1,6,6,1,24,5,1560,2,11,CITROEN BERLINGO,8,-1,0,-1
2023622300872,2023,622300872,2,19,0,18,19,1,5,0,0,0,0,0,0,0,3,1,6,6,1,30,6,1560,2,9,CITROEN BERLINGO,6,E01022400,0,-1
2023501366606,2023,501366606,1,9,0,9,9,5,3,0,0,1,0,0,0,0,1,1,1,1,2,29,6,1500,2,4,CITROEN BERLINGO,2,E01015081,0,-1
2023201382032,2023,201382032,2,19,0,18,19,6,2,0,0,4,0,0,0,0,1,1,5,6,1,49,8,1560,2,9,CITROEN BERLINGO,6,E01031153,0,-1
2023010456052,2023,010456052,2,19,0,99,99,9,9,99,99,9,9,99,9,99,9,9,6,6,3,-1,-1,1500,2,2,CITROEN BERLINGO,-1,-1,0,-1
2023332301241,2023,332301241,2,19,0,1,1,9,9,0,0,1,0,0,0,0,2,1,6,6,1,23,5,1560,2,13,CITROEN BERLINGO,5,E01025842,0,-1
2023141391798,2023,141391798,1,19,0,18,19,4,8,0,0,0,1,0,0,0,1,1,1,1,1,49,8,1560,2,14,CITROEN BERLINGO,1,E01007333,0,-1
2023471277559,2023,471277559,2,9,0,9,9,1,7,0,0,1,0,0,7,0,3,1,1,1,1,61,9,1997,2,22,CITROEN BERLINGO,7,E01031406,0,-1
2023332301033,2023,332301033,2,19,0,18,19,8,4,0,0,0,0,0,0,0,1,1,6,6,1,24,5,1560,2,8,CITROEN BERLINGO,10,E01025835,0,-1
2023991311533,2023,991311533,2,19,0,18,19,7,3,0,0,0,0,0,1,0,3,1,2,2,1,44,7,1560,2,6,CITROEN BERLINGO,8,-1,0,-1
2023122301092,2023,122301092,1,19,0,9,9,2,8,0,0,4,0,4,0,0,1,1,6,6,1,33,6,1560,2,6,CITROEN BERLINGO,4,E01027906,0,-1
2023451283694,2023,451283694,1,19,0,18,19,3,7,0,0,0,0,0,0,0,1,1,2,2,1,37,7,1560,2,11,CITROEN BERLINGO,6,E01030618,0,-1
2023041307716,2023,041307716,1,19,0,5,5,3,7,0,0,1,0,0,0,0,1,1,5,6,1,38,7,1560,2,10,CITROEN BERLINGO,5,E01025144,0,-1
2023061309285,2023,061309285,2,19,0,18,19,7,3,0,0,0,0,0,0,0,1,1,1,1,1,41,7,1500,2,1,CITROEN BERLINGO,-1,-1,0,-1
2023010460719,2023,010460719,1,19,0,18,19,7,3,0,0,1,0,0,0,0,1,1,2,2,1,42,7,1500,2,2,CITROEN BERLINGO,7,E01004159,0,-1
2023010469570,2023,010469570,4,19,0,18,19,3,7,0,0,2,0,0,0,0,1,1,6,6,1,21,5,1560,2,10,CITROEN BERLINGO,2,E01001082,0,-1
2023131300844,2023,131300844,1,19,0,18,19,3,7,0,0,8,0,0,0,0,1,1,5,6,1,43,7,1560,2,11,CITROEN BERLINGO,2,E01011450,0,-1
2023522300147,2023,522300147,2,20,0,4,4,4,2,0,0,0,0,0,0,0,1,1,6,6,3,-1,-1,-1,-1,-1,-1,-1,-1,0,-1
2023161325729,2023,161325729,2,19,0,18,19,1,5,0,0,8,0,0,0,0,2,1,6,6,1,66,10,1560,2,5,CITROEN BERLINGO,-1,-1,0,-1
2023170L40333,2023,170L40333,2,9,0,18,19,8,3,0,0,8,0,0,0,0,3,1,6,6,1,69,10,1560,2,14,CITROEN BERLINGO,-1,-1,0,-1
2023010444242,2023,010444242,4,19,0,18,19,8,4,0,0,0,0,0,0,0,2,1,6,6,1,33,6,1500,2,2,CITROEN BERLINGO,2,E01003551,0,-1
2023131349546,2023,131349546,1,20,0,18,19,1,5,0,0,1,0,0,0,0,1,1,6,6,1,-1,-1,-1,-1,-1,-1,-1,-1,0,-1
2023320617065,2023,320617065,2,9,0,18,19,8,4,0,0,0,0,0,0,0,4,1,2,2,2,54,8,1560,2,14,CITROEN BERLINGO,10,E01026294,0,-1
2023211271637,2023,211271637,1,8,0,4,4,5,1,0,0,0,1,4,1,0,3,1,1,1,1,59,9,1560,2,10,-1,-1,-1,0,-1
2023221341449,2023,221341449,1,19,0,9,9,8,6,0,0,5,0,0,0,0,1,1,5,6,1,88,11,1560,2,12,CITROEN BERLINGO,4,E01029010,0,-1
2023440202327,2023,440202327,1,19,0,18,19,5,1,0,0,2,0,0,0,0,4,1,2,2,1,30,6,1560,2,6,CITROEN BERLINGO,4,E01017093,0,-1
2023221366103,2023,221366103,1,8,0,17,19,4,2,0,0,0,0,0,0,0,1,1,1,1,1,56,9,1560,2,8,-1,5,E01032305,0,-1
2023131359548,2023,131359548,3,19,0,4,4,3,7,0,0,0,1,0,0,0,3,1,5,6,1,72,10,1868,2,18,CITROEN BERLINGO,1,E01011695,0,-1
2023991346243,2023,991346243,2,9,0,2,2,0,0,0,0,0,0,0,0,0,1,1,6,6,3,-1,-1,1560,2,16,CITROEN BERLINGO,-1,-1,0,-1
2023430463768,2023,430463768,1,9,0,18,19,6,2,0,0,0,0,0,0,0,1,1,1,1,1,33,6,1560,2,9,CITROEN BERLINGO,3,E01033422,0,-1
2023522301346,2023,522301346,2,19,0,9,9,7,5,0,0,6,0,0,0,0,1,1,6,6,1,-1,-1,1500,2,3,CITROEN BERLINGO,-1,-1,0,-1
2023440094204,2023,440094204,1,19,0,17,19,2,7,0,0,0,1,0,1,4,1,1,2,2,1,61,9,1560,2,14,CITROEN BERLINGO,10,E01022898,0,-1
2023991341115,2023,991341115,3,19,0,2,2,0,0,0,0,0,0,4,0,0,1,1,6,6,3,-1,-1,1500,2,2,CITROEN BERLINGO,-1,-1,0,-1
2023311380844,2023,311380844,1,19,0,18,19,6,2,0,0,2,0,0,0,0,4,1,6,6,2,53,8,1560,2,7,CITROEN BERLINGO,4,E01028302,0,-1
2023052301930,2023,052301930,1,19,0,18,19,1,5,0,0,8,0,0,0,0,1,1,2,2,1,44,7,1560,2,13,CITROEN BERLINGO,6,E01006576,0,-1
2023010436508,2023,010436508,1,19,0,9,9,7,5,0,0,8,0,0,0,0,4,1,2,2,1,36,7,1560,2,10,CITROEN BERLINGO,-1,-1,0,-1
2023430247885,2023,430247885,1,19,0,18,19,1,5,0,0,0,0,4,0,0,1,1,1,1,1,51,8,1560,2,8,CITROEN BERLINGO,7,E01022506,0,-1
2023010465558,2023,010465558,1,19,0,3,3,1,5,0,0,0,0,0,0,0,2,1,1,1,1,47,8,1499,2,0,CITROEN BERLINGO,2,E01003253,0,-1
2023991261290,2023,991261290,1,19,0,18,19,1,7,0,0,1,0,0,0,0,1,1,5,6,1,41,7,1560,2,13,CITROEN BERLINGO,3,-1,0,-1
2023501305053,2023,501305053,1,19,0,9,9,3,1,0,0,6,0,0,0,0,1,1,6,6,1,28,6,1560,2,14,CITROEN BERLINGO,1,E01018997,0,-1
2023010456725,2023,010456725,1,19,0,99,99,9,9,99,99,0,9,99,9,99,2,9,6,6,3,-1,-1,1500,2,2,CITROEN BERLINGO,8,E01030529,0,-1
2023522400734,2023,522400734,3,9,0,3,3,1,5,0,0,1,0,0,0,0,2,1,6,6,1,45,7,1598,1,6,CITROEN BERLINGO,1,E01033356,0,-1
2023461283554,2023,461283554,2,19,0,18,19,5,1,0,0,0,0,0,0,0,2,1,6,6,1,32,6,1560,2,8,CITROEN BERLINGO,4,E01024702,0,-1
2023010427650,2023,010427650,1,19,0,18,19,1,5,9,9,4,0,10,3,11,1,1,6,6,1,58,9,1598,2,15,CITROEN BERLINGO,2,E01002604,0,-1
2023501283520,2023,501283520,3,9,0,2,2,0,0,0,0,0,0,0,0,0,1,1,5,6,1,55,8,-1,-1,-1,CITROEN BERLINGO,5,E01018779,0,-1
2023231341723,2023,231341723,1,19,0,18,19,7,3,0,0,0,0,0,0,0,2,1,6,6,1,60,9,1560,2,12,CITROEN BERLINGO,-1,-1,0,-1
2023010475177,2023,010475177,1,19,0,1,1,8,4,9,9,0,0,0,7,0,2,1,1,1,1,42,7,1499,2,2,CITROEN BERLINGO,2,E01001021,0,-1
2023302300326,2023,302300326,2,9,0,18,19,3,7,0,0,8,1,0,1,9,0,1,6,6,1,-1,-1,1560,2,14,CITROEN BERLINGO,8,E01019616,0,-1
2023231278285,2023,231278285,2,19,0,9,9,6,4,0,0,8,0,0,0,0,3,1,6,6,1,54,8,1500,2,1,CITROEN BERLINGO,3,E01031172,0,-1
2023061384711,2023,061384711,1,9,0,18,19,6,2,0,0,0,1,0,0,0,1,1,6,6,1,51,8,1560,2,17,CITROEN BERLINGO,1,E01005240,0,-1
2023440507228,2023,440507228,2,19,0,9,9,4,8,0,0,1,0,0,0,0,4,1,6,6,2,27,6,1560,2,16,CITROEN BERLINGO,9,E01022525,0,-1
2023991322565,2023,991322565,2,9,0,18,19,2,6,0,0,0,0,0,0,0,1,1,1,1,2,60,9,1560,2,17,CITROEN BERLINGO,7,-1,0,-1
2023430363170,2023,430363170,2,19,0,18,19,3,7,0,0,8,0,0,0,0,1,1,6,6,1,40,7,1499,2,0,CITROEN BERLINGO,5,E01017699,0,-1
2023031338319,2023,031338319,3,9,-1,-1,-1,-1,-1,-1,-1,0,-1,-1,-1,0,3,1,6,6,1,71,10,1560,2,7,CITROEN BERLINGO,-1,-1,0,-1
2023411275591,2023,411275591,1,19,0,18,19,-1,-1,0,0,0,0,0,0,0,1,1,6,6,1,-1,-1,1500,2,4,CITROEN BERLINGO,-1,-1,0,-1
2023451285690,2023,451285690,2,19,0,17,19,6,2,0,0,1,0,0,7,11,1,1,5,6,1,31,6,1560,2,9,CITROEN BERLINGO,6,E01030411,0,-1
2023311305971,2023,311305971,3,19,0,18,19,1,1,0,0,8,0,0,0,0,1,1,5,6,1,34,6,1560,2,15,CITROEN BERLINGO,2,E01028275,0,-1
2023010439969,2023,010439969,2,9,0,99,99,9,9,99,99,9,9,99,9,99,9,9,6,6,3,48,8,-1,-1,-1,CITROEN BERLINGO,2,E01003258,0,-1
2023501360095,2023,501360095,2,9,0,18,19,5,1,0,0,0,0,0,0,0,1,1,5,6,2,42,7,1560,2,16,CITROEN BERLINGO,4,E01015177,0,-1
2023010464231,2023,010464231,1,9,0,99,99,9,9,99,99,9,9,99,9,99,9,1,6,6,2,32,6,1587,1,14,CITROEN BERLINGO,8,E01024527,0,-1
2023161326307,2023,161326307,1,9,0,4,4,2,6,0,0,0,0,0,0,0,2,1,1,1,2,52,8,1560,2,7,CITROEN BERLINGO,9,E01013216,0,-1
2023101295883,2023,101295883,1,19,0,18,19,5,2,0,0,4,0,0,0,0,1,1,1,1,1,55,8,1500,2,2,CITROEN BERLINGO,8,E01008725,0,-1
2023071087136,2023,071087136,2,9,0,18,19,5,1,0,0,0,0,0,0,0,1,1,1,1,1,81,11,-1,-1,-1,CITROEN BERLINGO,8,E01012550,0,-1
2023320062991,2023,320062991,1,9,0,12,12,4,8,0,0,1,0,0,0,0,1,1,2,2,1,44,7,1560,2,13,CITROEN BERLINGO,7,E01000438,0,-1
2023991387444,2023,991387444,1,19,0,18,19,7,3,0,0,8,0,0,0,0,1,1,2,2,1,25,5,1560,2,7,CITROEN BERLINGO,6,-1,0,-1
2023170S12253,2023,170S12253,1,9,0,18,19,2,6,0,0,4,0,0,0,0,2,1,6,6,1,68,10,1587,1,18,CITROEN BERLINGO,7,E01012209,0,-1
2023010448457,2023,010448457,2,19,0,1,1,1,5,0,0,0,0,0,0,0,2,1,6,6,3,58,9,1560,2,4,CITROEN BERLINGO,-1,-1,0,-1
2023122300871,2023,122300871,2,9,0,2,2,0,0,0,0,0,0,0,0,0,2,1,1,1,1,51,8,1560,2,12,CITROEN BERLINGO,5,E01027636,0,-1
2023361292567,2023,361292567,1,9,0,18,19,2,5,0,0,0,2,0,0,0,1,1,5,6,2,80,11,1560,2,7,CITROEN BERLINGO,5,E01026767,0,-1
2023161390178,2023,161390178,1,9,0,18,19,2,6,0,0,0,0,0,0,0,1,1,5,6,3,-1,-1,1499,2,3,CITROEN BERLINGO,-1,-1,0,-1
2023471304534,2023,471304534,4,9,0,2,2,0,0,0,0,0,0,0,0,0,3,1,6,6,3,-1,-1,1560,2,11,CITROEN BERLINGO,-1,-1,0,-1
202360A049273,2023,60A049273,2,19,0,18,19,5,1,0,0,1,0,0,0,0,1,1,6,6,1,53,8,1560,2,8,CITROEN BERLINGO,-1,-1,0,-1
2023010455985,2023,010455985,1,9,0,99,99,9,9,99,99,9,9,99,9,99,9,9,2,2,1,44,7,1587,1,15,CITROEN BERLINGO,5,E01004523,0,-1
2023010440298,2023,010440298,2,19,0,18,19,3,7,0,0,0,0,0,0,0,1,1,1,1,1,51,8,1500,2,1,CITROEN BERLINGO,3,E01002375,0,-1
202360A071083,2023,60A071083,2,9,0,17,19,5,2,0,0,0,0,0,0,0,1,1,6,6,1,54,8,1997,2,19,CITROEN BERLINGO,-1,-1,0,-1
2023221281296,2023,221281296,1,19,0,1,1,1,5,0,0,5,0,0,0,0,4,1,2,2,1,63,9,1560,2,12,CITROEN BERLINGO,2,E01014047,0,-1
2023041377607,2023,041377607,2,19,0,18,19,1,1,0,0,8,1,11,0,0,1,1,1,1,1,28,6,1500,2,1,CITROEN BERLINGO,2,E01005279,0,-1
2023231318431,2023,231318431,2,19,0,6,6,6,6,0,0,8,0,0,0,0,4,1,5,6,1,33,6,1560,2,5,CITROEN BERLINGO,6,E01031051,0,-1
2023161317819,2023,161317819,1,19,0,18,19,6,2,0,0,0,0,4,0,0,1,1,6,6,1,53,8,1500,2,4,CITROEN BERLINGO,9,E01012957,0,-1
2023061366610,2023,061366610,1,9,0,18,19,7,4,0,0,0,0,7,1,0,1,1,5,6,1,75,10,-1,-1,-1,CITROEN BERLINGO,8,E01006210,0,-1
2023340WN3422,2023,340WN3422,1,9,0,5,5,5,1,0,0,4,0,0,0,0,1,1,6,6,2,78,11,1560,2,12,CITROEN BERLINGO,9,E01027254,0,-1
2023461368741,2023,461368741,1,20,0,18,19,5,1,0,0,1,0,0,0,0,2,1,1,1,1,33,6,-1,-1,-1,-1,2,E01016040,0,-1
2023421377890,2023,421377890,3,19,0,18,19,5,1,0,0,0,0,0,0,0,1,1,5,6,1,54,8,1560,2,15,CITROEN BERLINGO,9,E01021526,0,-1
2023131291088,2023,131291088,1,19,0,5,5,1,1,0,0,8,0,0,0,0,3,1,2,2,1,25,5,1500,2,2,CITROEN BERLINGO,9,E01011580,0,-1
2023320405284,2023,320405284,2,19,0,18,19,8,4,0,0,8,0,0,0,0,3,1,6,6,1,70,10,1560,2,12,CITROEN BERLINGO,1,E01028301,0,-1
2023131367828,2023,131367828,2,19,0,2,2,0,0,0,0,2,0,0,1,0,2,2,6,6,3,-1,-1,1500,2,1,CITROEN BERLINGO,-1,-1,0,-1
2023440505763,2023,440505763,1,19,0,18,19,2,6,0,0,0,0,0,0,0,1,1,1,1,1,34,6,1598,2,15,CITROEN BERLINGO,9,E01022654,0,-1
2023161287641,2023,161287641,3,19,0,18,19,7,3,0,0,0,0,0,0,0,2,1,1,1,1,39,7,1560,2,8,CITROEN BERLINGO,1,E01012852,0,-1
2023201378548,2023,201378548,2,9,0,18,19,4,8,0,0,0,0,6,0,0,1,1,6,6,1,82,11,1500,2,3,CITROEN BERLINGO,1,E01009215,0,-1
2023411322774,2023,411322774,1,19,0,3,3,5,7,0,0,4,0,0,0,0,2,1,5,6,1,34,6,1560,2,7,CITROEN BERLINGO,10,E01017393,0,-1
2023520300076,2023,520300076,2,9,9,13,13,9,9,0,0,0,0,0,0,0,1,9,6,6,1,-1,-1,1868,2,18,CITROEN BERLINGO,7,E01029250,0,-1
2023010452837,2023,010452837,2,19,0,18,19,5,1,0,0,1,0,0,0,0,1,1,1,1,1,41,7,1560,2,8,CITROEN BERLINGO,3,E01024608,0,-1
2023440340099,2023,440340099,1,19,0,18,19,3,7,0,0,4,0,0,0,0,1,1,1,1,1,51,8,1560,2,6,CITROEN BERLINGO,9,E01023254,0,-1
2023461374766,2023,461374766,2,19,0,2,2,0,0,0,0,0,0,0,0,0,2,1,6,6,3,-1,-1,1560,2,7,CITROEN BERLINGO,-1,-1,0,-1
2023501362765,2023,501362765,1,19,0,17,19,2,6,0,0,0,5,0,0,0,1,1,5,6,2,22,5,1868,2,20,CITROEN BERLINGO,4,E01020189,0,-1
2023471382076,2023,471382076,2,19,0,18,19,7,3,0,0,8,0,0,0,0,1,1,5,6,1,40,7,1560,2,8,CITROEN BERLINGO,6,E01021058,0,-1
2023501307100,2023,501307100,1,9,0,1,1,3,7,0,0,0,0,0,0,0,2,1,6,6,2,56,9,1560,2,8,CITROEN BERLINGO,4,E01018784,0,-1
2023161320291,2023,161320291,2,19,0,7,7,3,5,0,0,5,0,0,0,0,4,1,6,6,1,-1,-1,1560,2,7,CITROEN BERLINGO,-1,-1,0,-1
2023221396205,2023,221396205,1,9,0,18,19,4,8,0,0,8,0,0,0,0,1,1,6,6,1,42,7,1560,2,12,CITROEN BERLINGO,2,E01014193,0,-1
2023501301477,2023,501301477,1,9,0,18,19,4,8,0,0,1,0,0,0,0,4,1,1,1,2,35,6,1560,2,13,CITROEN BERLINGO,8,E01020080,0,-1
2023010463303,2023,010463303,2,19,0,11,11,7,3,0,0,0,0,0,0,0,4,1,6,6,3,-1,-1,1560,2,12,CITROEN BERLINGO,-1,-1,0,-1
2023520400490,2023,520400490,1,19,0,15,15,1,5,0,0,0,0,0,0,0,1,1,6,6,1,32,6,1560,2,13,CITROEN BERLINGO,6,E01029138,0,-1
2023430234598,2023,430234598,2,19,0,17,19,8,5,0,0,0,0,0,1,0,0,1,6,6,1,59,9,1868,2,18,CITROEN BERLINGO,8,E01031223,0,-1
2023131367978,2023,131367978,1,9,0,7,7,2,4,0,0,8,0,0,0,0,-1,1,6,6,3,-1,-1,1560,2,14,CITROEN BERLINGO,-1,-1,0,-1
2023010461052,2023,010461052,1,19,0,7,7,5,6,0,0,8,0,0,0,0,3,1,6,6,1,62,9,1500,2,2,CITROEN BERLINGO,5,E01021741,0,-1
2023010483365,2023,010483365,2,9,0,12,12,8,4,0,0,0,0,0,0,0,3,1,6,6,1,54,8,1587,1,14,CITROEN BERLINGO,7,E01014007,0,-1
2023052300569,2023,052300569,1,19,0,9,9,3,2,0,0,8,0,0,0,0,1,1,1,1,1,19,4,1560,2,12,CITROEN BERLINGO,7,E01006266,0,-1
2023451338546,2023,451338546,1,19,0,9,9,1,5,0,0,5,0,0,0,0,1,1,5,6,1,61,9,1560,2,13,CITROEN BERLINGO,7,E01030515,0,-1
2023131294567,2023,131294567,1,9,0,5,5,5,1,0,0,4,0,0,0,0,3,1,2,2,1,57,9,1560,2,14,CITROEN BERLINGO,1,E01011492,0,-1
2023440426640,2023,440426640,1,19,0,18,19,2,6,0,0,0,0,0,0,0,1,1,6,6,2,27,6,993,1,26,-1,5,E01015444,0,-1
2023991308669,2023,991308669,1,21,0,18,19,7,3,0,0,3,5,0,1,0,4,1,1,1,1,56,9,11000,2,23,-1,4,-1,0,-1
2023131361621,2023,131361621,1,19,0,-1,-1,-1,-1,-1,-1,-1,-1,-1,-1,0,-1,1,6,6,3,-1,-1,-1,2,-1,-1,-1,-1,0,-1
2023520400601,2023,520400601,1,3,0,9,9,3,1,0,0,8,0,0,0,0,1,1,6,6,2,55,8,125,1,1,-1,1,E01029132,0,-1
2023010484829,2023,010484829,1,4,0,18,19,5,1,0,0,2,1,0,0,0,4,1,6,6,1,34,6,125,1,1,-1,5,E01000285,0,-1
2023131320935,2023,131320935,1,3,0,13,13,3,7,0,0,8,1,0,0,0,1,1,1,1,1,39,7,125,1,10,-1,1,E01011623,0,-1
2023161289210,2023,161289210,1,3,0,18,19,4,8,0,0,1,0,0,0,0,4,1,6,6,1,57,9,125,1,10,-1,-1,-1,0,-1
2023501320123,2023,501320123,2,3,0,5,5,3,7,0,0,8,0,0,0,0,1,1,6,6,1,19,4,125,1,10,-1,5,E01018833,0,-1
2023351287826,2023,351287826,2,3,0,18,19,3,7,0,0,0,2,0,0,0,1,1,2,2,2,26,6,125,1,12,-1,6,E01018101,0,-1
2023070433034,2023,070433034,1,2,0,16,19,7,3,0,0,3,0,0,0,0,3,1,2,2,1,17,4,49,1,0,LEXMOTO ECHO,1,E01012480,0,-1
2023161293218,2023,161293218,1,2,0,18,19,7,3,2,2,8,0,0,0,0,3,1,6,6,1,17,4,50,1,4,LEXMOTO ECHO,4,E01012901,0,-1
2023471373204,2023,471373204,1,3,0,18,19,8,4,0,0,0,0,0,0,0,1,1,5,6,1,23,5,-1,-1,-1,-1,-1,-1,0,-1
2023320163429,2023,320163429,1,2,0,16,19,2,6,0,0,2,0,0,0,0,4,1,4,7,1,16,4,50,1,1,LEXMOTO ECHO,3,E01026174,0,-1
2023411325782,2023,411325782,1,2,0,18,19,4,8,0,0,0,0,0,0,0,1,1,6,6,1,16,4,49,1,2,LEXMOTO ECHO,7,E01023504,0,-1
2023461290845,2023,461290845,1,2,0,5,5,7,3,9,9,0,0,0,0,0,4,1,1,1,2,16,4,49,1,1,LEXMOTO ECHO,7,E01024554,0,-1
2023061382578,2023,061382578,1,2,0,15,15,2,6,0,0,1,0,0,0,0,1,1,5,6,1,16,4,49,1,0,LEXMOTO ECHO,2,E01005279,0,-1
2023471322699,2023,471322699,1,2,0,18,19,2,6,0,0,1,0,0,0,0,1,1,6,6,1,16,4,49,1,2,LEXMOTO ECHO,2,E01031341,0,-1
2023461382234,2023,461382234,2,2,0,7,7,6,2,0,0,6,0,0,0,0,2,1,2,2,1,36,7,50,1,3,LEXMOTO ECHO,1,E01024177,0,-1
2023440358596,2023,440358596,2,3,0,18,19,2,6,0,0,1,0,0,0,0,1,1,1,1,2,20,4,-1,-1,-1,-1,9,E01022494,0,-1
2023320272376,2023,320272376,2,2,0,18,19,8,4,0,0,0,1,0,0,0,1,1,4,7,1,17,4,49,1,3,LEXMOTO ECHO,-1,-1,0,-1
2023161310292,2023,161310292,1,3,0,9,9,7,3,0,0,1,0,0,0,0,1,1,5,6,1,16,4,-1,-1,-1,-1,3,E01013045,0,-1
2023622400032,2023,622400032,1,2,0,18,19,8,4,0,0,0,0,0,0,0,1,1,6,6,1,16,4,49,1,3,LEXMOTO ECHO,3,W01001137,0,-1
2023161335585,2023,161335585,2,2,0,18,19,1,5,0,0,1,0,0,0,0,1,1,6,6,2,30,6,50,1,4,LEXMOTO ECHO,-1,-1,0,-1
2023522400109,2023,522400109,2,2,0,18,19,7,4,0,0,8,0,0,0,0,1,1,6,6,1,37,7,50,1,4,LEXMOTO ECHO,6,E01014769,0,-1
2023010455619,2023,010455619,1,2,5,18,19,1,5,99,99,1,9,99,9,99,9,1,6,6,1,31,6,50,1,4,LEXMOTO ECHO,4,E01001396,0,-1
2023332300307,2023,332300307,2,2,0,18,19,5,1,0,0,8,0,0,0,0,1,1,6,6,1,16,4,49,1,3,LEXMOTO ECHO,6,E01025995,0,-1
2023221320403,2023,221320403,2,2,0,18,19,5,1,0,0,8,0,0,0,0,1,1,1,1,1,43,7,49,1,3,LEXMOTO ECHO,5,E01032330,0,-1
2023302300477,2023,302300477,1,2,0,18,19,8,4,0,0,0,0,0,0,0,2,1,6,6,1,43,7,50,1,1,LEXMOTO ECHO,5,E01013551,0,-1
2023440126741,2023,440126741,1,2,0,18,19,2,6,0,0,1,0,0,0,0,4,1,6,6,1,16,4,50,1,3,LEXMOTO ECHO,9,E01023064,0,-1
2023631339812,2023,631339812,1,2,0,3,3,2,5,0,0,8,0,0,0,0,2,1,5,6,1,74,10,50,1,4,LEXMOTO ECHO,4,W01000586,0,-1
2023161303279,2023,161303279,2,2,0,18,19,6,2,0,0,1,0,0,0,0,1,1,6,6,1,17,4,49,1,3,LEXMOTO ECHO,2,E01012821,0,-1
2023302300650,2023,302300650,1,2,0,17,19,8,4,0,0,1,1,0,0,0,0,1,6,6,1,25,5,49,1,1,LEXMOTO ECHO,3,E01013455,0,-1
2023070849144,2023,070849144,1,2,0,15,15,3,7,0,0,8,0,0,0,0,1,1,6,6,1,16,4,49,1,3,LEXMOTO ECHO,8,E01018703,0,-1
2023141295977,2023,141295977,3,9,0,18,19,3,7,0,0,0,0,0,0,0,1,1,5,6,1,78,11,3456,8,10,LEXUS GS 450,7,E01007621,0,-1
2023010438453,2023,010438453,4,9,9,99,99,9,9,99,99,9,9,99,9,99,9,9,6,6,3,-1,-1,3456,8,17,LEXUS GS 450,-1,-1,0,-1
2023201339762,2023,201339762,2,9,0,3,3,7,3,0,0,0,0,0,0,0,2,1,6,6,1,32,6,3456,8,16,LEXUS GS 450,3,E01009992,0,-1
2023461366743,2023,461366743,2,9,0,18,19,3,7,0,0,0,0,0,7,6,3,1,2,2,1,33,6,3456,8,17,LEXUS GS 450,4,E01024176,0,-1
2023451293775,2023,451293775,1,9,0,18,19,6,2,0,0,8,1,7,0,0,3,1,6,6,1,26,6,3456,8,7,LEXUS GS 450,8,E01023907,0,-1
2023010492473,2023,010492473,1,9,0,99,99,9,9,99,99,9,9,99,9,99,2,9,6,6,3,34,6,3456,8,17,LEXUS GS 450,5,E01001350,0,-1
2023010423788,2023,010423788,1,9,0,9,9,5,3,0,0,6,0,0,7,11,4,1,3,7,2,35,6,3456,8,10,LEXUS GS 450,1,E01004449,0,-1
2023131311440,2023,131311440,1,9,0,-1,-1,-1,-1,-1,-1,-1,-1,-1,-1,-1,-1,1,6,6,3,-1,-1,3456,8,11,LEXUS GS 450,-1,-1,0,-1