collision_index,collision_year,collision_ref_no,vehicle_reference,vehicle_type,towing_and_articulation,vehicle_manoeuvre_historic,vehicle_manoeuvre,vehicle_direction_from,vehicle_direction_to,vehicle_location_restricted_lane_historic,vehicle_location_restricted_lane,junction_location,skidding_and_overturning,hit_object_in_carriageway,vehicle_leaving_carriageway,hit_object_off_carriageway,first_point_of_impact,vehicle_left_hand_drive,journey_purpose_of_driver_historic,journey_purpose_of_driver,sex_of_driver,age_of_driver,age_band_of_driver,engine_capacity_cc,propulsion_code,age_of_vehicle,generic_make_model,driver_imd_decile,lsoa_of_driver,escooter_flag,driver_distance_banding
2023201285330,2023,201285330,2,9,0,18,19,6,2,0,0,8,0,0,0,0,4,1,6,6,1,30,6,3456,8,11,LEXUS GS 450,4,E01009162,0,-1
2023010435569,2023,010435569,1,9,0,18,19,1,5,0,0,2,1,0,2,3,1,1,6,6,1,27,6,3456,8,17,LEXUS GS 450,1,E01002074,0,-1
2023010479392,2023,010479392,2,9,0,13,13,1,5,0,0,0,0,0,0,0,2,1,6,6,1,30,6,3456,8,17,LEXUS GS 450,-1,-1,0,-1
2023311373550,2023,311373550,3,9,0,4,4,1,5,0,0,0,0,4,1,0,2,1,6,6,2,52,8,3311,8,17,LEXUS RX 400,2,E01013888,0,-1
2023451394126,2023,451394126,2,9,0,18,19,3,7,0,0,0,5,7,0,0,1,1,6,6,1,59,9,3311,8,14,LEXUS RX 400,6,E01003954,0,-1
2023231291952,2023,231291952,2,9,0,10,10,3,1,0,0,1,0,0,0,0,2,1,2,2,1,50,8,3311,8,16,LEXUS RX 400,10,E01031201,0,-1
2023430013222,2023,430013222,2,9,0,18,19,6,2,0,0,0,0,0,0,0,1,1,6,6,1,-1,-1,3311,8,17,LEXUS RX 400,-1,-1,0,-1
2023010452456,2023,010452456,2,9,0,18,19,3,7,0,0,0,0,0,0,0,1,1,6,6,1,62,9,3311,8,15,LEXUS RX 400,4,E01001325,0,-1
2023461344278,2023,461344278,2,9,0,18,19,4,8,0,0,1,0,0,0,0,2,1,6,6,1,58,9,3311,8,17,LEXUS RX 400,8,E01024271,0,-1
2023010423968,2023,010423968,3,9,0,2,2,0,0,0,0,0,0,0,0,0,2,1,6,6,3,-1,-1,3311,8,16,LEXUS RX 400,-1,-1,0,-1
2023010419189,2023,010419189,1,9,0,18,19,7,3,0,0,3,0,0,0,0,4,1,6,6,1,50,8,3311,8,16,LEXUS RX 400,5,E01002443,0,-1
2023041376800,2023,041376800,3,9,0,2,2,0,0,0,0,0,0,0,0,0,3,1,6,6,3,-1,-1,3311,8,16,LEXUS RX 400,-1,-1,0,-1
2023421267717,2023,421267717,1,9,0,18,19,8,5,0,0,4,0,0,0,0,1,1,6,6,1,83,11,3311,8,14,LEXUS RX 400,5,E01021680,0,-1
2023010419622,2023,010419622,1,9,0,9,9,2,7,0,0,6,0,0,0,0,1,1,6,6,2,58,9,3311,8,14,LEXUS RX 400,-1,-1,0,-1
2023221382868,2023,221382868,1,9,0,18,19,5,1,9,9,0,0,10,0,0,4,1,6,6,3,45,7,3311,8,17,LEXUS RX 400,-1,-1,0,-1
2023010446847,2023,010446847,1,9,0,18,19,7,3,0,0,0,0,0,0,0,1,1,6,6,3,-1,-1,3311,8,15,LEXUS RX 400,3,E01003113,0,-1
2023010474085,2023,010474085,2,9,0,2,2,0,0,0,0,1,0,0,9,0,9,1,6,6,3,-1,-1,3311,8,15,LEXUS RX 400,-1,-1,0,-1
2023531330185,2023,531330185,1,9,0,2,2,0,0,0,0,0,0,0,0,0,3,1,5,6,1,55,8,3311,8,15,LEXUS RX 400,3,E01022153,0,-1
2023010460454,2023,010460454,1,9,0,3,3,1,5,0,0,1,0,0,0,0,1,1,6,6,2,49,8,3311,8,16,LEXUS RX 400,6,E01001207,0,-1
2023340WN6942,2023,340WN6942,2,9,0,2,2,0,0,0,0,0,0,0,0,0,4,1,6,6,3,-1,-1,3311,8,17,LEXUS RX 400,-1,-1,0,-1
2023010479634,2023,010479634,1,9,0,13,13,7,3,0,0,8,0,0,0,0,4,1,6,6,1,43,7,3311,8,16,LEXUS RX 400,1,E01004309,0,-1
2023010485170,2023,010485170,1,9,0,9,9,1,7,0,0,1,0,0,0,0,1,1,6,6,2,64,9,3311,8,16,LEXUS RX 400,8,E01004707,0,-1
2023320428630,2023,320428630,1,9,0,1,1,5,1,9,9,0,0,0,0,0,4,1,6,6,2,49,8,3311,8,17,LEXUS RX 400,7,E01026275,0,-1
2023010424539,2023,010424539,2,9,0,99,99,9,9,99,99,9,9,99,9,99,2,9,6,6,3,-1,-1,3311,8,18,LEXUS RX 400,-1,-1,0,-1
2023440530917,2023,440530917,2,9,0,4,4,3,7,0,0,1,0,0,0,0,2,1,6,6,1,52,8,3311,8,16,LEXUS RX 400,7,E01017041,0,-1
2023401349543,2023,401349543,1,9,0,9,9,1,6,0,0,1,0,0,0,0,3,1,5,6,2,41,7,3311,8,14,LEXUS RX 400,7,E01002177,0,-1
2023010446039,2023,010446039,1,9,9,99,99,9,9,0,0,1,9,0,0,0,9,9,6,6,1,62,9,3311,8,14,LEXUS RX 400,4,E01001666,0,-1
2023010467294,2023,010467294,1,9,0,4,4,3,7,0,0,0,0,0,0,0,1,1,1,1,1,53,8,3311,8,15,LEXUS RX 400,3,E01003145,0,-1
2023411388582,2023,411388582,1,9,0,1,1,6,8,0,0,5,0,0,0,0,2,1,6,6,2,61,9,3311,8,16,LEXUS RX 400,5,E01023542,0,-1
2023211335569,2023,211335569,1,9,0,6,6,7,3,0,0,6,0,0,0,0,1,1,5,6,1,79,11,3311,8,16,LEXUS RX 400,1,E01033637,0,-1
2023991260508,2023,991260508,1,9,0,9,9,1,7,0,0,6,0,0,0,0,1,1,5,6,1,35,6,3311,8,14,LEXUS RX 400,9,-1,0,-1
2023010440288,2023,010440288,2,9,0,2,2,0,0,0,0,0,0,4,0,0,1,1,6,6,3,-1,-1,3311,8,16,LEXUS RX 400,-1,-1,0,-1
2023010448703,2023,010448703,2,9,0,99,99,9,9,99,99,0,9,99,9,99,2,9,6,6,1,73,10,3311,8,17,LEXUS RX 400,5,E01004641,0,-1
2023010443303,2023,010443303,1,9,0,4,4,1,5,0,0,8,0,0,0,0,1,1,6,6,2,66,10,3311,8,15,LEXUS RX 400,9,E01000991,0,-1
2023430512386,2023,430512386,1,9,0,3,3,6,2,0,0,0,0,0,0,0,2,1,3,7,2,48,8,3311,8,15,LEXUS RX 400,10,E01016602,0,-1
2023010466623,2023,010466623,3,9,0,17,19,5,2,0,0,0,0,11,0,0,3,1,6,6,1,57,9,3311,8,16,LEXUS RX 400,4,E01002719,0,-1
2023451376838,2023,451376838,2,9,0,3,3,2,6,0,0,0,0,0,0,0,2,1,5,6,2,75,10,3311,8,16,LEXUS RX 400,9,E01030309,0,-1
2023010483616,2023,010483616,1,9,0,9,9,5,2,0,0,1,0,0,0,0,1,1,6,6,1,56,9,3311,8,17,LEXUS RX 400,2,E01002056,0,-1
2023411394266,2023,411394266,3,9,0,18,19,1,5,0,0,0,0,0,0,0,2,1,5,6,2,46,8,3311,8,15,LEXUS RX 400,6,E01001270,0,-1
2023010432981,2023,010432981,2,9,0,18,19,4,8,0,0,0,0,0,6,0,2,1,6,6,1,54,8,3311,8,15,LEXUS RX 400,1,E01001013,0,-1
2023010473879,2023,010473879,1,9,0,9,9,5,3,0,0,6,0,0,0,0,1,1,6,6,1,76,11,3311,8,17,LEXUS RX 400,4,E01002055,0,-1
2023010473151,2023,010473151,1,9,0,17,19,1,5,0,0,0,0,0,0,0,1,1,2,2,1,38,7,3311,8,16,LEXUS RX 400,3,E01003639,0,-1
2023451373506,2023,451373506,2,9,0,18,19,1,5,0,0,0,0,0,0,0,1,1,5,6,1,50,8,3311,8,16,LEXUS RX 400,8,E01031506,0,-1
2023010423723,2023,010423723,1,9,0,18,19,5,1,0,0,1,0,4,0,0,1,1,1,1,1,54,8,3311,8,17,LEXUS RX 400,4,E01000406,0,-1
2023471360720,2023,471360720,2,9,0,18,19,3,7,0,0,0,0,0,0,0,4,1,5,6,1,-1,-1,3311,8,16,LEXUS RX 400,4,E01031786,0,-1
2023421311628,2023,421311628,1,9,0,18,19,1,5,0,0,0,0,0,0,0,1,1,6,6,2,29,6,3311,8,17,LEXUS RX 400,3,E01004337,0,-1
2023010470945,2023,010470945,1,9,0,9,9,1,7,0,0,5,0,0,0,0,4,1,1,1,1,30,6,3311,8,15,LEXUS RX 400,2,E01004720,0,-1
2023201389994,2023,201389994,1,9,0,2,2,0,0,0,0,0,0,10,1,0,2,1,6,6,2,57,9,3311,8,16,LEXUS RX 400,2,E01009064,0,-1
2023201309218,2023,201309218,1,9,0,5,5,6,2,0,0,4,0,0,0,0,1,1,1,1,1,45,7,3311,8,17,LEXUS RX 400,9,E01029631,0,-1
2023351395833,2023,351395833,3,9,0,3,3,5,1,0,0,2,0,0,0,0,2,1,2,2,2,39,7,3311,8,16,LEXUS RX 400,6,E01015671,0,-1
2023010428630,2023,010428630,2,9,0,99,99,9,9,99,99,9,9,99,9,99,2,9,6,6,3,-1,-1,3311,8,18,LEXUS RX 400,-1,-1,0,-1
2023421377578,2023,421377578,2,9,0,4,4,5,1,0,0,0,0,0,0,0,2,1,2,2,1,25,5,3311,8,16,LEXUS RX 400,7,E01021914,0,-1
2023010430630,2023,010430630,1,9,0,4,4,5,1,0,0,4,0,0,0,0,1,1,6,6,1,41,7,3311,8,15,LEXUS RX 400,6,E01004485,0,-1
2023010425701,2023,010425701,1,9,0,4,4,3,7,0,0,1,0,0,0,0,1,1,6,6,1,32,6,3311,8,17,LEXUS RX 400,2,E01002051,0,-1
2023010422875,2023,010422875,4,9,0,3,3,1,5,0,0,6,0,0,0,0,2,1,6,6,1,62,9,3311,8,17,LEXUS RX 400,3,E01001465,0,-1
2023010478149,2023,010478149,2,9,0,2,2,0,0,0,0,0,0,0,0,0,3,1,6,6,3,-1,-1,3311,8,16,LEXUS RX 400,-1,-1,0,-1
2023010449952,2023,010449952,2,9,0,2,2,0,0,0,0,0,0,0,0,0,2,1,6,6,3,-1,-1,3311,8,18,LEXUS RX 400,-1,-1,0,-1
2023131304637,2023,131304637,1,9,0,1,1,2,6,9,9,0,0,4,0,0,2,1,5,6,2,46,8,3311,8,15,LEXUS RX 400,8,E01011459,0,-1
2023010481145,2023,010481145,1,9,0,99,99,9,9,99,99,9,9,99,9,99,9,9,2,2,1,45,7,3311,8,18,LEXUS RX 400,6,E01002919,0,-1
2023010422367,2023,010422367,2,9,0,5,5,1,5,0,0,1,0,0,3,0,0,1,6,6,1,60,9,3311,8,16,LEXUS RX 400,3,E01003841,0,-1
2023010450955,2023,010450955,1,9,0,18,19,1,5,9,9,1,1,0,1,0,3,1,1,1,2,64,9,3311,8,15,LEXUS RX 400,3,E01001930,0,-1
2023122300285,2023,122300285,1,9,0,4,4,1,5,0,0,1,0,0,0,0,4,1,6,6,2,58,9,3311,8,16,LEXUS RX 400,7,E01027657,0,-1
2023451292930,2023,451292930,1,19,0,4,4,1,5,0,0,0,0,0,0,0,2,1,2,2,1,54,8,1461,2,6,MERCEDES CITAN,10,E01030507,0,-1
2023010430873,2023,010430873,1,19,0,1,1,1,5,0,0,1,0,0,0,0,0,1,6,6,3,-1,-1,1461,2,7,MERCEDES CITAN,-1,-1,0,-1
202360A061109,2023,60A061109,1,19,0,18,19,1,5,0,0,8,0,0,0,0,1,1,6,6,1,58,9,1461,2,7,MERCEDES CITAN,-1,-1,0,-1
2023010419952,2023,010419952,1,19,0,9,9,5,3,0,0,6,0,0,0,0,1,1,1,1,1,31,6,1461,2,7,MERCEDES CITAN,3,E01033583,0,-1
2023522300669,2023,522300669,1,19,0,18,19,5,7,0,0,0,0,0,0,0,1,1,6,6,1,58,9,1461,2,3,MERCEDES CITAN,-1,-1,0,-1
2023320716822,2023,320716822,1,19,0,18,19,5,1,0,0,8,0,0,0,0,1,1,2,2,1,32,6,1461,2,7,MERCEDES CITAN,1,E01013162,0,-1
2023471305968,2023,471305968,2,19,0,18,19,4,8,0,0,8,0,0,0,0,1,1,2,2,1,35,6,1461,2,6,MERCEDES CITAN,10,E01021052,0,-1
2023201360135,2023,201360135,2,19,0,18,19,8,4,0,0,8,0,4,1,11,1,1,6,6,1,19,4,1461,2,10,MERCEDES CITAN,3,E01009221,0,-1
2023991307185,2023,991307185,1,8,0,6,6,4,4,0,0,8,0,0,0,0,4,1,1,1,1,40,7,1461,2,4,-1,1,-1,0,-1
2023041389250,2023,041389250,2,19,0,18,19,7,3,0,0,1,0,0,0,0,1,1,6,6,3,-1,-1,1461,2,4,MERCEDES CITAN,-1,-1,0,-1
2023141359525,2023,141359525,1,19,0,1,1,5,7,0,0,0,0,0,0,0,3,1,1,1,2,42,7,1461,2,8,MERCEDES CITAN,7,E01007860,0,-1
2023131272187,2023,131272187,2,19,0,18,19,3,7,0,0,0,1,0,0,0,3,1,5,6,1,36,7,1461,2,7,MERCEDES CITAN,1,E01010814,0,-1
2023991379162,2023,991379162,1,8,0,9,9,5,3,0,0,6,0,0,0,0,1,1,1,1,1,60,9,1461,2,4,-1,-1,-1,0,-1
2023522301215,2023,522301215,1,19,0,9,9,8,6,0,0,6,0,0,0,0,1,1,6,6,1,59,9,1461,2,7,MERCEDES CITAN,6,E01032222,0,-1
2023451266348,2023,451266348,2,19,0,18,19,1,3,0,0,0,0,0,0,0,1,1,6,6,1,27,6,1461,2,5,MERCEDES CITAN,-1,-1,0,-1
2023440021379,2023,440021379,3,19,0,17,19,6,2,0,0,0,0,0,0,0,1,1,1,1,1,35,6,1461,2,2,MERCEDES CITAN,9,E01017178,0,-1
2023010484221,2023,010484221,2,19,0,99,99,9,9,99,99,0,9,99,9,99,2,9,6,6,1,29,6,1461,2,6,MERCEDES CITAN,1,E01000508,0,-1
2023311285497,2023,311285497,3,19,0,4,4,6,6,0,0,1,0,0,0,0,1,1,5,6,1,35,6,1461,2,5,MERCEDES CITAN,7,E01028411,0,-1
2023201379542,2023,201379542,1,19,0,18,19,1,5,0,0,1,0,0,0,0,1,1,6,6,1,33,6,1461,2,7,MERCEDES CITAN,-1,-1,0,-1
2023201400848,2023,201400848,1,19,0,18,19,3,7,0,0,0,0,0,0,0,1,1,6,6,1,30,6,1461,2,5,MERCEDES CITAN,1,E01009056,0,-1
2023451302435,2023,451302435,1,19,0,18,19,8,4,0,0,0,0,0,0,0,1,1,5,6,1,30,6,1461,2,6,MERCEDES CITAN,9,E01030844,0,-1
2023010472020,2023,010472020,1,19,0,10,10,3,1,0,0,1,0,0,0,0,3,1,6,6,1,50,8,1461,2,2,MERCEDES CITAN,2,E01000856,0,-1
2023430230400,2023,430230400,1,19,0,3,3,3,7,0,0,1,0,0,0,0,2,1,1,1,1,64,9,1197,1,5,MERCEDES CITAN,10,E01017749,0,-1
2023010450641,2023,010450641,3,19,0,18,19,3,7,0,0,0,0,0,0,0,0,1,1,1,1,45,7,1461,2,9,MERCEDES CITAN,5,E01029946,0,-1
2023411313446,2023,411313446,1,19,0,12,12,6,2,0,0,0,0,0,0,0,3,1,1,1,1,23,5,1461,2,6,MERCEDES CITAN,4,E01001174,0,-1
2023361347181,2023,361347181,2,19,0,4,4,8,4,0,0,0,0,0,0,0,2,1,2,2,1,40,7,1461,2,5,MERCEDES CITAN,7,E01026240,0,-1
2023010469602,2023,010469602,3,19,0,99,99,9,9,99,99,0,9,99,9,99,2,9,6,6,3,33,6,1461,2,6,MERCEDES CITAN,-1,-1,0,-1
2023991328695,2023,991328695,1,19,0,10,10,8,5,0,0,1,0,0,0,0,1,1,1,1,1,34,6,1461,2,5,MERCEDES CITAN,-1,-1,0,-1
2023332300425,2023,332300425,1,19,0,5,5,1,5,0,0,6,0,0,0,0,1,1,2,2,1,27,6,1461,2,3,MERCEDES CITAN,8,E01032966,0,-1
2023302301672,2023,302301672,4,19,0,5,5,4,8,0,0,0,0,0,0,0,1,1,2,2,1,34,6,1461,2,7,MERCEDES CITAN,3,E01025949,0,-1
2023991287893,2023,991287893,1,8,0,9,9,5,2,0,0,6,0,0,0,0,3,1,1,1,1,58,9,1461,2,6,-1,6,-1,0,-1
2023010429629,2023,010429629,1,19,0,1,1,1,5,0,0,8,0,0,0,0,2,1,1,1,1,36,7,1461,2,2,MERCEDES CITAN,3,E01021888,0,-1
2023991307149,2023,991307149,3,19,0,16,19,6,2,0,0,0,0,0,0,0,2,1,5,6,1,31,6,1461,2,3,MERCEDES CITAN,1,-1,0,-1
2023201416162,2023,201416162,1,19,0,3,3,7,3,0,0,1,0,0,0,0,2,1,6,6,3,-1,-1,1461,2,9,MERCEDES CITAN,-1,-1,0,-1
2023010468158,2023,010468158,2,19,0,18,19,7,3,0,0,8,0,0,0,0,1,1,6,6,1,36,7,1461,2,9,MERCEDES CITAN,8,E01016808,0,-1
2023332300204,2023,332300204,1,19,0,18,19,4,8,0,0,0,0,0,0,0,1,1,6,6,1,-1,-1,1461,2,8,MERCEDES CITAN,-1,-1,0,-1
2023211388160,2023,211388160,2,19,0,18,19,7,3,0,0,0,0,0,0,0,2,1,1,1,1,74,10,1461,2,5,MERCEDES CITAN,8,E01014157,0,-1
2023320181957,2023,320181957,3,9,0,18,19,8,4,0,0,0,0,0,0,0,2,1,6,6,1,50,8,1461,2,3,-1,7,E01026096,0,-1
2023991349002,2023,991349002,1,8,0,4,4,2,6,0,0,1,0,0,0,0,1,1,6,6,1,65,9,1461,2,4,-1,1,-1,0,-1
2023111356829,2023,111356829,1,19,0,1,1,8,4,0,0,0,0,0,0,0,2,1,6,6,1,45,7,1461,2,6,MERCEDES CITAN,2,E01020838,0,-1
2023170L30173,2023,170L30173,2,19,0,2,2,0,0,0,0,2,0,0,0,0,2,1,6,6,1,-1,-1,1461,2,7,MERCEDES CITAN,-1,-1,0,-1
2023052301106,2023,052301106,1,19,0,18,19,5,1,0,0,0,0,0,0,0,0,1,6,6,1,-1,-1,1461,2,9,MERCEDES CITAN,-1,-1,0,-1
2023991287886,2023,991287886,1,8,0,1,1,1,5,3,2,0,0,0,0,0,2,1,6,6,1,63,9,1461,2,4,-1,1,-1,0,-1
2023451260747,2023,451260747,1,19,0,18,19,3,7,0,0,0,0,0,0,0,4,1,2,2,1,59,9,1461,2,3,MERCEDES CITAN,6,E01004145,0,-1
2023161269349,2023,161269349,2,19,0,2,2,1,5,0,0,1,0,0,0,0,1,1,5,6,3,-1,-1,1461,2,2,MERCEDES CITAN,-1,-1,0,-1
2023211264742,2023,211264742,1,19,0,17,19,7,4,0,0,8,0,0,0,0,3,1,2,2,1,34,6,1461,2,8,MERCEDES CITAN,7,E01029480,0,-1
2023131278970,2023,131278970,1,19,0,18,19,3,7,0,0,8,0,0,0,0,-1,1,6,6,3,-1,-1,1461,2,6,MERCEDES CITAN,-1,-1,0,-1
2023461346936,2023,461346936,2,19,0,18,19,2,6,0,0,8,5,0,2,0,3,1,2,2,1,39,7,1461,2,3,MERCEDES CITAN,2,E01024677,0,-1
2023471287936,2023,471287936,2,19,0,18,19,3,7,0,0,1,0,0,0,0,1,1,1,1,1,35,6,1461,2,5,MERCEDES CITAN,2,E01022969,0,-1
2023501292937,2023,501292937,2,19,0,8,8,5,1,0,0,8,0,0,0,0,4,1,1,1,1,55,8,1461,2,6,MERCEDES CITAN,4,E01015169,0,-1
2023522324524,2023,522324524,2,19,0,18,19,4,8,0,0,8,0,0,0,0,1,1,1,1,3,-1,-1,1461,2,4,MERCEDES CITAN,5,E01014524,0,-1
2023131262176,2023,131262176,2,19,0,18,19,7,3,0,0,0,0,0,0,0,3,1,1,1,1,59,9,1461,2,4,MERCEDES CITAN,8,E01006859,0,-1
2023052300819,2023,052300819,2,19,0,18,19,2,8,0,0,1,0,0,0,0,1,1,1,1,1,53,8,1461,2,6,MERCEDES CITAN,6,E01012540,0,-1
2023211287214,2023,211287214,1,19,0,18,19,4,8,0,0,0,0,0,0,0,1,1,5,6,1,38,7,1461,2,7,MERCEDES CITAN,3,E01014257,0,-1
2023622300738,2023,622300738,1,19,0,18,19,1,5,0,0,1,0,0,0,0,1,1,1,1,1,66,10,1461,2,7,MERCEDES CITAN,1,W01001703,0,-1
2023991317473,2023,991317473,1,19,0,3,3,4,8,0,0,0,0,0,0,0,3,1,1,1,1,63,9,2143,2,2,MERCEDES SPRINTER,8,-1,0,-1
2023010445399,2023,010445399,1,19,0,5,5,0,5,2,2,0,0,11,0,0,1,2,6,6,3,-1,-1,2143,2,5,MERCEDES SPRINTER,-1,-1,0,-1
2023421366810,2023,421366810,2,98,0,9,9,5,1,0,0,1,0,0,0,0,2,1,1,1,1,-1,-1,2143,2,4,-1,-1,-1,0,-1
2023471269164,2023,471269164,1,19,0,5,5,5,1,9,9,1,0,0,0,0,4,1,6,6,1,-1,-1,2143,2,9,MERCEDES SPRINTER,-1,-1,0,-1
2023122300752,2023,122300752,3,19,0,4,4,8,4,0,0,1,0,0,0,0,2,1,1,1,1,52,8,2143,2,8,MERCEDES SPRINTER,8,E01027836,0,-1
2023061355388,2023,061355388,1,19,0,18,19,3,7,0,0,0,0,0,0,0,1,1,6,6,1,45,7,2143,2,13,MERCEDES SPRINTER,10,E01004844,0,-1
2023131373626,2023,131373626,1,19,0,7,7,7,1,0,0,6,0,0,0,0,1,2,1,1,1,57,9,2143,2,2,MERCEDES SPRINTER,5,E01011215,0,-1
2023010475057,2023,010475057,1,20,0,99,99,9,9,99,99,9,9,99,9,99,9,9,1,1,1,35,6,2143,2,6,MERCEDES SPRINTER,4,E01003530,0,-1
2023461341149,2023,461341149,4,20,0,18,19,7,3,0,0,0,1,0,0,0,1,1,6,6,1,54,8,-1,-1,-1,MERCEDES SPRINTER,1,E01009212,0,-1
2023010479577,2023,010479577,1,19,0,7,7,3,5,0,0,2,0,0,0,0,1,1,1,1,1,32,6,2143,2,2,MERCEDES SPRINTER,2,E01001218,0,-1
2023421323341,2023,421323341,1,19,0,18,19,3,7,0,0,3,1,0,0,0,3,1,1,1,1,20,4,2143,2,2,MERCEDES SPRINTER,3,E01016014,0,-1
202360A122036,2023,60A122036,2,19,0,4,4,5,1,0,0,1,0,0,0,0,2,1,6,6,1,60,9,2143,2,2,MERCEDES SPRINTER,-1,-1,0,-1
2023070635857,2023,070635857,2,19,0,4,4,4,8,0,0,1,0,0,0,0,2,1,1,1,1,30,6,2143,2,3,MERCEDES SPRINTER,-1,-1,0,-1
2023421353728,2023,421353728,2,19,0,4,4,7,4,0,0,0,0,0,0,0,2,1,6,6,1,55,8,1950,2,1,MERCEDES SPRINTER,1,E01003515,0,-1
2023010423289,2023,010423289,2,19,0,99,99,9,9,99,99,9,9,99,9,99,1,9,6,6,3,-1,-1,2143,2,2,MERCEDES SPRINTER,-1,-1,0,-1
2023451389123,2023,451389123,1,19,0,2,2,1,3,0,0,0,0,0,0,0,0,1,5,6,1,28,6,2143,2,10,MERCEDES SPRINTER,10,E01029576,0,-1
2023451351563,2023,451351563,2,19,0,18,19,4,8,0,0,4,0,0,0,0,1,1,6,6,1,30,6,2143,2,9,MERCEDES SPRINTER,-1,-1,0,-1
2023071052538,2023,071052538,1,19,0,4,4,6,2,0,0,0,1,0,0,0,1,1,1,1,1,36,7,2143,2,9,MERCEDES SPRINTER,5,E01028909,0,-1
2023101382064,2023,101382064,1,19,0,9,9,5,3,0,0,2,0,0,0,0,3,1,1,1,1,27,6,1950,2,0,MERCEDES SPRINTER,2,E01008301,0,-1
2023421339894,2023,421339894,2,19,0,4,4,3,7,0,0,0,0,0,0,0,1,1,1,1,1,36,7,1950,2,2,MERCEDES SPRINTER,8,E01015836,0,-1
202354A629423,2023,54A629423,1,19,0,18,19,3,7,0,0,1,0,0,0,0,1,1,1,1,2,-1,-1,2143,2,3,MERCEDES SPRINTER,-1,-1,0,-1
2023311292942,2023,311292942,1,19,0,10,10,1,2,0,0,1,0,0,0,0,1,1,1,1,3,-1,-1,-1,3,2,MERCEDES SPRINTER,-1,-1,0,-1
2023041274988,2023,041274988,1,19,0,9,9,1,7,0,0,6,0,0,0,0,1,1,1,1,1,31,6,2143,2,4,MERCEDES SPRINTER,2,E01012742,0,-1
2023010443162,2023,010443162,1,19,0,7,7,2,4,0,0,5,0,0,0,0,2,1,1,1,1,25,5,2143,2,3,MERCEDES SPRINTER,2,E01004444,0,-1
2023141311259,2023,141311259,2,19,0,18,19,1,5,0,0,0,0,0,0,0,1,1,1,1,1,45,7,2148,2,14,MERCEDES SPRINTER,9,E01002468,0,-1
2023451260678,2023,451260678,2,19,0,7,7,6,1,0,0,1,0,0,0,0,3,1,2,2,1,28,6,2143,2,11,MERCEDES SPRINTER,4,E01024262,0,-1
2023421361113,2023,421361113,3,19,0,4,4,5,1,0,0,0,0,0,0,0,2,1,1,1,1,40,7,2143,2,3,MERCEDES SPRINTER,10,E01018284,0,-1
2023010473321,2023,010473321,1,19,0,17,19,1,5,0,0,0,0,0,1,1,1,1,6,6,1,46,8,2143,2,6,MERCEDES SPRINTER,4,E01003743,0,-1
2023451368326,2023,451368326,2,19,0,18,19,1,5,0,0,8,0,0,0,0,3,1,1,1,1,59,9,1950,2,2,MERCEDES SPRINTER,10,E01022470,0,-1
2023141280470,2023,141280470,2,19,0,18,19,2,4,0,0,0,0,0,0,0,4,1,1,1,1,44,7,2143,2,10,MERCEDES SPRINTER,3,E01007488,0,-1
2023221388234,2023,221388234,1,19,0,14,14,1,5,0,0,0,0,0,0,0,1,1,1,1,1,27,6,2143,2,5,MERCEDES SPRINTER,2,E01010449,0,-1
202363C021423,2023,63C021423,2,19,0,4,4,8,4,0,0,0,0,0,0,0,2,1,6,6,1,32,6,2143,2,7,MERCEDES SPRINTER,7,W01000572,0,-1
2023421388235,2023,421388235,4,19,0,18,19,3,7,0,0,0,0,0,0,0,2,1,6,6,1,37,7,2143,2,4,MERCEDES SPRINTER,-1,-1,0,-1
2023543197423,2023,543197423,1,19,0,18,19,3,7,0,0,1,0,0,0,0,1,1,1,1,1,25,5,2143,2,9,MERCEDES SPRINTER,4,E01031980,0,-1
2023421320879,2023,421320879,1,19,0,18,19,7,3,0,0,0,0,5,0,0,0,1,1,1,1,31,6,2143,2,2,MERCEDES SPRINTER,8,E01025679,0,-1
2023991280483,2023,991280483,1,11,0,3,3,3,1,0,0,1,0,0,0,0,1,1,1,1,1,56,9,2143,2,6,-1,4,-1,0,-1
2023501333725,2023,501333725,1,19,0,13,13,3,7,0,0,0,0,0,1,1,1,1,6,6,1,20,4,2143,2,9,MERCEDES SPRINTER,3,E01014493,0,-1
2023041317953,2023,041317953,2,19,0,12,12,3,7,0,0,0,0,0,7,11,3,1,1,1,1,39,7,2143,2,3,MERCEDES SPRINTER,1,E01007325,0,-1
2023010426897,2023,010426897,1,19,0,9,9,3,2,0,0,1,0,0,0,0,1,1,1,1,1,48,8,2143,2,2,MERCEDES SPRINTER,3,E01003588,0,-1
2023131361172,2023,131361172,1,19,0,2,2,1,5,0,0,1,0,0,0,0,2,1,1,1,1,74,10,2143,2,3,MERCEDES SPRINTER,4,E01011909,0,-1
2023411356408,2023,411356408,1,19,0,1,1,-1,-1,0,0,0,0,0,0,0,2,1,6,6,1,-1,-1,2143,2,4,MERCEDES SPRINTER,-1,-1,0,-1
2023010436154,2023,010436154,1,19,0,10,10,8,7,0,0,5,0,0,0,0,1,1,1,1,1,58,9,2143,2,5,MERCEDES SPRINTER,3,E01033464,0,-1