collision_index,collision_year,collision_ref_no,vehicle_reference,vehicle_type,towing_and_articulation,vehicle_manoeuvre_historic,vehicle_manoeuvre,vehicle_direction_from,vehicle_direction_to,vehicle_location_restricted_lane_historic,vehicle_location_restricted_lane,junction_location,skidding_and_overturning,hit_object_in_carriageway,vehicle_leaving_carriageway,hit_object_off_carriageway,first_point_of_impact,vehicle_left_hand_drive,journey_purpose_of_driver_historic,journey_purpose_of_driver,sex_of_driver,age_of_driver,age_band_of_driver,engine_capacity_cc,propulsion_code,age_of_vehicle,generic_make_model,driver_imd_decile,lsoa_of_driver,escooter_flag,driver_distance_banding
2023471388984,2023,471388984,1,19,0,18,19,4,8,0,0,1,1,0,0,0,1,1,6,6,1,49,8,2143,2,6,MERCEDES SPRINTER,3,E01020913,0,-1
2023461388145,2023,461388145,1,19,0,8,8,1,5,0,0,1,0,0,0,0,1,1,1,1,1,25,5,1950,2,3,MERCEDES SPRINTER,2,E01032799,0,-1
2023101401973,2023,101401973,2,90,0,18,19,5,1,0,0,8,0,0,0,0,1,1,1,1,2,45,7,2987,2,6,MERCEDES SPRINTER,2,E01008590,0,-1
2023010483959,2023,010483959,2,90,9,99,99,9,9,99,99,0,9,99,9,99,9,9,6,6,3,-1,-1,2987,2,4,MERCEDES SPRINTER,-1,-1,0,-1
2023041286810,2023,041286810,1,19,0,11,11,1,5,0,0,2,0,0,0,0,4,1,1,1,1,25,5,2143,2,3,MERCEDES SPRINTER,3,E01025492,0,-1
2023010432032,2023,010432032,2,19,0,4,4,6,2,0,0,0,0,0,0,0,1,1,1,1,1,30,6,2143,2,6,MERCEDES SPRINTER,4,E01002665,0,-1
2023340NN0292,2023,340NN0292,2,19,0,18,19,5,1,0,0,8,0,0,0,0,1,1,2,2,1,34,6,2143,2,8,MERCEDES SPRINTER,2,E01027330,0,-1
2023010453316,2023,010453316,1,19,0,1,1,5,1,0,0,1,0,0,0,0,2,1,1,1,1,46,8,2143,2,4,MERCEDES SPRINTER,7,E01002577,0,-1
2023221387919,2023,221387919,2,19,0,18,19,4,8,0,0,0,0,0,0,0,1,1,1,1,1,23,5,2143,2,3,MERCEDES SPRINTER,8,E01032053,0,-1
2023010461415,2023,010461415,1,19,0,9,9,1,7,0,0,3,0,0,0,0,4,1,1,1,2,39,7,-1,-1,-1,MERCEDES SPRINTER,3,E01000432,0,-1
2023531295782,2023,531295782,1,19,0,9,9,1,7,0,0,1,0,0,0,0,3,1,1,1,1,59,9,2143,2,8,MERCEDES SPRINTER,5,W01001096,0,-1
2023010469040,2023,010469040,1,19,0,5,5,1,5,0,0,0,0,0,0,0,4,1,1,1,1,66,10,2143,2,4,MERCEDES SPRINTER,3,E01027319,0,-1
2023320558780,2023,320558780,2,20,0,18,19,6,2,0,0,0,0,0,0,0,2,1,1,1,1,21,5,-1,-1,-1,MERCEDES SPRINTER,2,E01026177,0,-1
2023061297156,2023,061297156,2,19,0,4,4,4,4,0,0,0,0,0,0,0,2,1,1,1,1,56,9,2143,2,1,MERCEDES SPRINTER,1,E01013722,0,-1
2023221334410,2023,221334410,2,19,0,18,19,2,6,0,0,0,0,0,0,0,1,1,1,1,1,58,9,2143,2,4,MERCEDES SPRINTER,10,E01032337,0,-1
2023440096008,2023,440096008,2,20,0,18,19,0,0,0,0,2,0,0,0,0,2,1,6,6,1,54,8,-1,-1,-1,MERCEDES SPRINTER,-1,-1,0,-1
2023052300575,2023,052300575,1,19,0,14,14,3,7,0,0,1,0,0,0,0,3,1,1,1,1,62,9,2143,2,10,MERCEDES SPRINTER,5,E01007041,0,-1
2023610029123,2023,610029123,2,19,0,2,2,0,0,0,0,0,0,0,0,0,0,1,1,1,1,38,7,2143,2,9,MERCEDES SPRINTER,7,W01001407,0,-1
2023501290966,2023,501290966,1,9,0,18,19,8,4,0,0,0,0,0,8,4,1,1,1,1,1,47,8,2143,2,4,-1,4,E01020131,0,-1
2023010431058,2023,010431058,2,19,0,99,99,9,9,99,99,9,9,99,9,99,1,9,6,6,3,-1,-1,-1,3,3,MERCEDES SPRINTER,-1,-1,0,-1
2023161302819,2023,161302819,1,19,0,3,3,3,7,0,0,1,0,0,0,0,2,1,1,1,1,30,6,2143,2,6,MERCEDES SPRINTER,1,E01012788,0,-1
2023610014123,2023,610014123,2,19,0,9,9,5,2,0,0,8,0,0,0,0,4,1,1,1,1,59,9,2143,2,8,MERCEDES SPRINTER,2,W01001352,0,-1
2023052301168,2023,052301168,1,19,0,18,19,7,3,0,0,0,0,0,7,0,1,1,6,6,1,37,7,2143,2,10,MERCEDES SPRINTER,2,E01032506,0,-1
2023061335773,2023,061335773,1,19,0,1,1,5,1,0,0,0,0,0,0,0,2,1,1,1,1,-1,-1,2143,2,3,MERCEDES SPRINTER,-1,-1,0,-1
2023471313486,2023,471313486,1,19,0,18,19,4,8,0,0,0,0,0,0,0,1,1,1,1,1,42,7,2143,2,2,MERCEDES SPRINTER,4,E01019844,0,-1
2023320652562,2023,320652562,1,19,0,1,1,3,7,9,9,0,0,0,0,0,2,1,6,6,1,41,7,2143,2,3,MERCEDES SPRINTER,2,E01026172,0,-1
2023010451861,2023,010451861,1,19,9,99,99,9,9,99,99,9,9,99,9,99,9,9,6,6,3,-1,-1,2143,2,4,MERCEDES SPRINTER,-1,-1,0,-1
2023440190742,2023,440190742,1,19,0,18,19,5,1,0,0,0,0,0,0,0,1,1,1,1,1,57,9,2143,2,5,MERCEDES SPRINTER,5,E01028441,0,-1
2023010421021,2023,010421021,2,19,0,99,99,9,9,99,99,9,9,99,9,99,1,9,6,6,3,-1,-1,2143,2,5,MERCEDES SPRINTER,-1,-1,0,-1
2023411282646,2023,411282646,2,19,0,2,2,0,0,0,0,0,0,0,0,0,2,1,2,2,1,62,9,1950,2,1,MERCEDES SPRINTER,9,E01023103,0,-1
2023010456515,2023,010456515,2,20,0,99,99,9,9,99,99,9,9,99,9,99,2,9,6,6,3,-1,-1,2143,2,5,MERCEDES SPRINTER,3,E01004562,0,-1
2023010483542,2023,010483542,1,19,0,99,99,9,9,99,99,9,9,99,9,99,1,9,6,6,1,62,9,2143,2,3,MERCEDES SPRINTER,1,E01033602,0,-1
2023991260655,2023,991260655,2,19,0,18,19,2,2,0,0,1,0,0,0,0,1,1,1,1,1,49,8,2143,2,4,MERCEDES SPRINTER,4,-1,0,-1
2023430572015,2023,430572015,2,19,0,18,19,2,6,0,0,1,0,0,0,0,4,1,6,6,1,30,6,2143,2,6,MERCEDES SPRINTER,-1,-1,0,-1
2023421390592,2023,421390592,1,19,0,18,19,5,1,0,0,0,0,0,0,0,1,1,6,6,1,48,8,2143,2,13,MERCEDES SPRINTER,8,E01021257,0,-1
2023052300457,2023,052300457,2,19,0,18,19,5,1,0,0,1,0,0,0,0,2,1,1,1,1,51,8,2143,2,3,MERCEDES SPRINTER,2,E01006723,0,-1
2023991310289,2023,991310289,1,19,0,1,1,1,1,5,5,0,0,0,1,0,4,1,1,1,1,35,6,2143,2,4,MERCEDES SPRINTER,1,-1,0,-1
2023161354769,2023,161354769,2,19,0,9,9,3,1,0,0,3,0,0,0,0,4,1,1,1,1,55,8,1950,2,0,MERCEDES SPRINTER,-1,-1,0,-1
2023041388846,2023,041388846,5,19,0,18,19,7,3,0,0,0,1,0,0,0,1,1,1,1,1,25,5,2143,2,11,MERCEDES SPRINTER,1,E01005227,0,-1
2023070044524,2023,070044524,1,19,0,9,9,6,2,0,0,6,0,0,0,0,3,1,1,1,2,23,5,1950,2,2,MERCEDES SPRINTER,8,E01006131,0,-1
2023010459787,2023,010459787,2,19,0,4,4,5,1,0,0,0,0,0,0,0,2,1,2,2,1,56,9,2148,2,15,MERCEDES SPRINTER,5,E01003224,0,-1
2023320049998,2023,320049998,1,19,0,18,19,5,1,0,0,0,0,0,1,0,1,1,1,1,1,33,6,2143,2,9,MERCEDES SPRINTER,1,E01013959,0,-1
2023010443809,2023,010443809,4,19,0,18,19,4,8,0,0,0,0,0,0,0,1,1,2,2,1,44,7,2143,2,4,MERCEDES SPRINTER,1,E01002713,0,-1
2023531367853,2023,531367853,1,19,0,18,19,8,4,0,0,8,0,0,7,1,4,1,1,1,1,23,5,1950,2,0,MERCEDES SPRINTER,4,E01015494,0,-1
2023010451513,2023,010451513,2,19,0,13,13,1,5,0,0,8,0,0,0,0,0,1,1,1,1,51,8,2143,2,5,MERCEDES SPRINTER,4,E01023785,0,-1
2023430526950,2023,430526950,2,19,0,4,4,8,4,0,0,1,0,0,0,0,2,1,6,6,1,50,8,2143,2,11,MERCEDES SPRINTER,9,E01030705,0,-1
2023041333302,2023,041333302,1,19,0,18,19,8,4,0,0,8,0,0,0,0,3,1,1,1,1,57,9,2148,2,14,MERCEDES SPRINTER,5,E01012645,0,-1
2023552300607,2023,552300607,1,19,0,18,19,4,8,0,0,8,0,0,0,0,1,1,2,2,1,22,5,2151,2,21,MERCEDES SPRINTER,1,E01009361,0,-1
2023052302323,2023,052302323,1,19,0,1,1,6,2,0,0,8,0,0,0,0,2,1,1,1,1,51,8,2143,2,11,MERCEDES SPRINTER,4,E01007229,0,-1
202354B747323,2023,54B747323,2,19,0,16,19,1,5,0,0,0,0,0,0,0,1,1,1,1,2,49,8,2143,2,3,MERCEDES SPRINTER,6,E01032051,0,-1
2023010482345,2023,010482345,2,19,0,5,5,1,5,0,0,2,0,0,0,0,3,2,6,6,1,24,5,2143,2,6,MERCEDES SPRINTER,7,E01002427,0,-1
2023010447956,2023,010447956,2,19,0,18,19,3,7,0,0,6,0,0,3,0,4,1,1,1,1,29,6,1950,2,2,MERCEDES SPRINTER,4,E01016129,0,-1
2023311341068,2023,311341068,1,19,0,9,9,8,4,0,0,8,0,0,0,0,4,1,1,1,1,21,5,-1,3,2,MERCEDES SPRINTER,4,E01033404,0,-1
2023010433930,2023,010433930,2,19,0,99,99,9,9,99,99,9,9,99,9,99,2,9,6,6,3,-1,-1,2151,2,22,MERCEDES SPRINTER,-1,-1,0,-1
2023010428342,2023,010428342,1,20,0,99,99,9,9,99,99,1,0,0,0,0,2,1,6,6,3,-1,-1,-1,-1,-1,MERCEDES SPRINTER,6,E01004174,0,-1
2023141331861,2023,141331861,2,19,0,18,19,8,4,0,0,1,0,0,0,0,1,2,1,1,1,24,5,2143,2,9,MERCEDES SPRINTER,-1,-1,0,-1
2023461286131,2023,461286131,1,19,0,18,19,8,4,0,0,1,0,0,0,0,1,1,1,1,1,50,8,2143,2,4,MERCEDES SPRINTER,6,E01024301,0,-1
2023010450335,2023,010450335,2,19,0,3,3,6,2,0,0,1,0,0,0,0,1,1,1,1,1,22,5,-1,3,3,MERCEDES SPRINTER,1,E01000552,0,-1
2023991279858,2023,991279858,1,19,0,5,5,1,5,9,9,0,0,0,0,0,1,1,1,1,1,27,6,1950,2,0,MERCEDES SPRINTER,9,-1,0,-1
2023522300690,2023,522300690,2,19,0,2,2,0,0,0,0,0,0,0,0,0,1,1,6,6,3,-1,-1,2143,2,9,MERCEDES SPRINTER,-1,-1,0,-1
2023010438405,2023,010438405,1,19,0,9,9,7,5,0,0,5,0,0,0,0,1,1,6,6,1,24,5,2143,2,3,MERCEDES SPRINTER,2,E01002786,0,-1
2023340WN9012,2023,340WN9012,2,19,0,18,19,1,5,0,0,1,0,0,1,0,1,1,1,1,1,20,4,1950,2,1,MERCEDES SPRINTER,7,E01017545,0,-1
2023231405537,2023,231405537,2,20,0,4,4,7,3,0,0,0,0,0,0,0,1,1,6,6,2,44,7,-1,-1,-1,MERCEDES SPRINTER,6,E01014006,0,-1
2023622300548,2023,622300548,1,19,0,9,9,4,2,0,0,0,0,0,0,0,0,1,1,1,1,33,6,2143,2,7,MERCEDES SPRINTER,5,W01001068,0,-1
2023010462176,2023,010462176,1,20,0,9,9,3,2,0,0,1,0,0,0,0,1,1,6,6,1,52,8,2143,2,3,MERCEDES SPRINTER,2,E01003066,0,-1
2023622300155,2023,622300155,2,19,0,18,19,8,4,0,0,0,0,0,0,0,3,1,1,1,1,33,6,1950,2,1,MERCEDES SPRINTER,10,W01001915,0,-1
2023231345113,2023,231345113,2,19,0,18,19,2,6,0,0,8,0,0,0,0,1,1,6,6,1,43,7,1950,2,1,MERCEDES SPRINTER,6,E01031049,0,-1
2023320033321,2023,320033321,2,19,0,18,19,6,2,0,0,0,0,0,1,0,1,1,1,1,1,34,6,1950,2,1,MERCEDES SPRINTER,1,E01026149,0,-1
2023501381383,2023,501381383,2,19,0,18,19,3,7,0,0,0,0,0,0,0,1,1,6,6,1,41,7,2143,2,10,MERCEDES SPRINTER,3,E01015093,0,-1
2023461367306,2023,461367306,3,19,0,2,2,0,0,0,0,0,0,0,0,0,1,1,6,6,3,-1,-1,2148,2,14,MERCEDES SPRINTER,-1,-1,0,-1
2023340WN4572,2023,340WN4572,3,19,0,2,2,0,0,0,0,2,0,0,0,0,2,1,6,6,3,-1,-1,2143,2,10,MERCEDES SPRINTER,-1,-1,0,-1
2023522300424,2023,522300424,1,19,0,18,19,3,7,9,9,0,0,0,7,99,1,1,1,1,1,-1,-1,2143,2,4,MERCEDES SPRINTER,-1,-1,0,-1
2023221308806,2023,221308806,1,19,0,1,1,4,1,0,0,0,0,0,0,0,2,1,1,1,1,23,5,1950,2,2,MERCEDES SPRINTER,5,E01010337,0,-1
2023010424888,2023,010424888,1,19,0,7,7,7,1,0,0,8,0,0,0,0,1,1,6,6,1,21,5,2143,2,2,MERCEDES SPRINTER,2,E01002506,0,-1
2023131321324,2023,131321324,3,19,0,18,19,7,3,0,0,0,0,0,0,0,0,1,1,1,1,41,7,2143,2,9,MERCEDES SPRINTER,1,E01011910,0,-1
2023070498752,2023,070498752,3,19,0,10,10,3,1,0,0,1,0,0,0,0,2,1,1,1,1,63,9,2143,2,5,MERCEDES SPRINTER,8,E01012652,0,-1
2023991286740,2023,991286740,1,19,0,18,19,3,7,0,0,0,0,0,0,0,1,1,1,1,1,30,6,2143,2,2,MERCEDES SPRINTER,-1,-1,0,-1
2023451321920,2023,451321920,1,19,0,11,11,1,5,0,0,0,0,0,0,0,4,1,1,1,1,34,6,1950,2,1,MERCEDES SPRINTER,6,E01009778,0,-1
2023542022723,2023,542022723,3,19,0,18,19,1,5,0,0,0,0,0,0,0,3,1,6,6,1,30,6,2143,2,11,MERCEDES SPRINTER,6,E01032696,0,-1
2023010452647,2023,010452647,1,19,0,5,5,3,7,0,0,1,0,0,0,0,1,1,2,2,1,58,9,2143,2,6,MERCEDES SPRINTER,3,E01003728,0,-1
2023440205004,2023,440205004,2,19,0,18,19,2,6,0,0,1,0,0,0,0,3,1,1,1,1,23,5,1950,2,2,MERCEDES SPRINTER,10,E01022595,0,-1
2023411274299,2023,411274299,2,19,0,18,19,5,1,0,0,0,0,0,0,0,2,1,6,6,1,22,5,2143,2,8,MERCEDES SPRINTER,8,E01016797,0,-1
2023010477297,2023,010477297,2,19,0,18,19,5,1,0,0,1,0,0,0,0,4,1,1,1,1,41,7,2143,2,5,MERCEDES SPRINTER,1,E01004273,0,-1
2023111353509,2023,111353509,2,19,0,18,19,7,3,0,0,0,0,0,0,0,1,1,1,1,1,52,8,1950,2,1,MERCEDES SPRINTER,5,E01020890,0,-1
2023010485436,2023,010485436,1,19,0,1,1,3,7,0,0,0,0,0,0,0,2,1,6,6,1,60,9,2143,2,6,MERCEDES SPRINTER,5,E01016015,0,-1
2023501301696,2023,501301696,2,19,0,2,2,0,0,0,0,0,0,0,0,0,1,1,1,1,1,54,8,2143,2,5,MERCEDES SPRINTER,3,E01020228,0,-1
2023471266563,2023,471266563,1,19,0,9,9,5,3,0,0,6,0,0,0,0,1,1,1,1,1,47,8,2143,2,3,MERCEDES SPRINTER,2,E01016975,0,-1
2023131349566,2023,131349566,1,9,0,16,19,3,7,0,0,0,0,0,8,11,3,1,5,6,1,58,9,2143,2,4,-1,1,W01001400,0,-1
2023010434801,2023,010434801,2,19,0,7,7,3,6,0,0,1,0,0,0,0,1,1,1,1,1,47,8,2148,2,15,MERCEDES SPRINTER,3,E01003629,0,-1
2023411308824,2023,411308824,1,19,-1,-1,-1,-1,-1,-1,-1,0,-1,-1,-1,0,-1,1,6,6,1,54,8,2143,2,9,MERCEDES SPRINTER,3,E01017609,0,-1
2023501283006,2023,501283006,1,19,0,4,4,7,3,0,0,0,0,0,0,0,1,1,1,1,1,59,9,2143,2,4,MERCEDES SPRINTER,1,E01018997,0,-1
2023010426461,2023,010426461,2,10,0,18,19,4,8,0,0,8,0,0,0,0,1,1,1,1,1,50,8,2143,2,3,MERCEDES SPRINTER,2,E01003237,0,-1
2023311375617,2023,311375617,2,20,0,18,19,8,3,0,0,6,0,0,0,0,2,1,1,1,1,42,7,-1,-1,-1,MERCEDES SPRINTER,1,E01007768,0,-1
2023141273983,2023,141273983,2,19,0,18,19,8,4,0,0,1,0,0,0,0,1,1,1,1,1,32,6,2143,2,8,MERCEDES SPRINTER,1,E01007729,0,-1
2023041344429,2023,041344429,2,19,0,18,19,5,1,0,0,0,2,0,5,6,4,1,1,1,1,34,6,1950,2,1,MERCEDES SPRINTER,1,E01019174,0,-1
2023010428683,2023,010428683,2,19,0,9,9,7,5,0,0,1,0,0,0,0,4,2,6,6,1,33,6,2143,2,6,MERCEDES SPRINTER,7,E01003709,0,-1
2023010480018,2023,010480018,1,19,0,18,19,7,3,0,0,1,0,0,0,0,0,1,1,1,1,29,6,2987,2,2,MERCEDES SPRINTER,3,E01003221,0,-1
2023552300863,2023,552300863,1,19,0,1,1,1,5,0,0,0,0,0,0,0,2,1,1,1,1,39,7,2143,2,9,MERCEDES SPRINTER,2,E01017219,0,-1
2023031326555,2023,031326555,1,19,0,18,19,5,1,0,0,0,0,7,0,0,1,1,1,1,1,57,9,2143,2,12,MERCEDES SPRINTER,1,E01008223,0,-1
2023421299035,2023,421299035,1,19,0,18,19,7,3,0,0,0,0,0,0,0,1,1,1,1,1,56,9,2143,2,5,MERCEDES SPRINTER,3,E01023343,0,-1
2023211319639,2023,211319639,2,19,0,18,19,5,1,0,0,0,1,1,0,0,1,1,1,1,1,37,7,2143,2,3,MERCEDES SPRINTER,3,E01025997,0,-1
2023131285599,2023,131285599,1,19,0,1,1,7,3,0,0,2,0,0,0,0,2,1,1,1,1,29,6,2143,2,5,MERCEDES SPRINTER,1,E01011863,0,-1
2023010437306,2023,010437306,1,20,0,99,99,9,9,99,99,9,9,99,9,99,4,9,1,1,1,36,7,-1,-1,-1,MERCEDES SPRINTER,4,E01023681,0,-1
2023010432013,2023,010432013,1,19,0,99,99,9,9,99,99,9,9,99,9,99,1,9,6,6,3,-1,-1,2143,2,4,MERCEDES SPRINTER,-1,-1,0,-1
2023451320671,2023,451320671,1,19,0,5,5,1,5,0,0,0,0,0,0,0,3,1,1,1,1,42,7,2143,2,7,MERCEDES SPRINTER,3,E01002595,0,-1
2023131341978,2023,131341978,3,19,0,18,19,3,7,0,0,8,0,0,0,0,2,1,1,1,1,50,8,2143,2,4,MERCEDES SPRINTER,1,E01005112,0,-1
2023340NN1622,2023,340NN1622,1,19,0,1,1,5,1,0,0,5,0,0,0,0,2,1,1,1,3,-1,-1,2143,2,5,MERCEDES SPRINTER,-1,-1,0,-1
2023451412246,2023,451412246,1,19,0,18,19,5,1,0,0,1,0,7,8,0,1,1,1,1,1,25,5,2143,2,7,MERCEDES SPRINTER,6,E01016469,0,-1
2023010465308,2023,010465308,1,19,0,2,2,0,0,0,0,1,1,0,0,0,2,1,6,6,3,-1,-1,2143,2,5,MERCEDES SPRINTER,-1,-1,0,-1
2023361354832,2023,361354832,1,19,0,10,10,7,3,0,0,1,0,0,0,0,3,1,1,1,1,51,8,1950,2,1,MERCEDES SPRINTER,6,E01018207,0,-1
2023010473580,2023,010473580,1,19,0,18,19,3,7,0,0,3,0,0,0,0,4,1,1,1,1,62,9,1950,2,1,MERCEDES SPRINTER,10,E01029662,0,-1
2023311381059,2023,311381059,1,19,0,9,9,1,7,0,0,5,0,0,0,0,1,1,1,1,1,20,4,-1,3,2,MERCEDES SPRINTER,1,E01013954,0,-1
2023101309779,2023,101309779,1,19,0,18,19,5,1,0,0,8,0,0,0,0,1,1,1,1,1,32,6,2143,2,8,MERCEDES SPRINTER,9,E01020605,0,-1
2023430493385,2023,430493385,1,19,0,18,19,4,8,0,0,4,0,0,0,0,4,1,1,1,1,31,6,2143,2,8,MERCEDES SPRINTER,3,E01016511,0,-1
2023010440580,2023,010440580,1,19,0,3,3,7,3,0,0,1,0,0,0,0,2,1,2,2,1,35,6,2143,2,7,MERCEDES SPRINTER,4,E01003684,0,-1
2023122300271,2023,122300271,2,19,0,18,19,2,6,0,0,1,0,4,0,0,4,1,1,1,1,19,4,2143,2,4,MERCEDES SPRINTER,3,E01011594,0,-1
2023522301854,2023,522301854,3,90,0,7,7,2,4,0,0,1,0,0,0,0,0,1,6,6,1,31,6,2987,2,9,MERCEDES SPRINTER,9,E01014863,0,-1
2023141331135,2023,141331135,4,19,0,4,4,8,4,0,0,6,0,0,0,0,4,1,1,1,1,46,8,2143,2,9,MERCEDES SPRINTER,9,E01025538,0,-1
2023440259274,2023,440259274,2,19,0,18,19,5,1,0,0,0,0,0,0,0,4,1,6,6,3,-1,-1,2143,2,4,MERCEDES SPRINTER,-1,-1,0,-1
2023421370071,2023,421370071,3,19,0,17,19,4,8,0,0,8,0,0,0,0,1,1,1,1,1,32,6,2143,2,3,MERCEDES SPRINTER,5,E01021732,0,-1
2023471329143,2023,471329143,1,19,0,18,19,3,7,0,0,1,0,0,0,0,1,1,6,6,1,35,6,2143,2,5,MERCEDES SPRINTER,3,E01000094,0,-1
202360A089801,2023,60A089801,2,90,0,18,19,6,2,0,0,0,0,0,0,0,3,1,6,6,2,28,6,2987,2,10,MERCEDES SPRINTER,-1,-1,0,-1
2023161349379,2023,161349379,2,19,0,9,9,3,1,0,0,1,0,0,0,0,3,1,6,6,2,-1,-1,2143,2,10,MERCEDES SPRINTER,-1,-1,0,-1
2023421316932,2023,421316932,2,20,0,4,4,7,3,0,0,1,0,0,0,0,2,1,1,1,1,25,5,-1,-1,-1,MERCEDES SPRINTER,2,E01033122,0,-1
2023010465370,2023,010465370,2,19,0,99,99,9,9,99,99,0,9,99,9,99,9,9,6,6,3,-1,-1,2143,2,3,MERCEDES SPRINTER,-1,-1,0,-1
2023991289154,2023,991289154,1,19,0,18,19,2,6,0,0,1,0,0,1,1,1,1,1,1,1,40,7,2143,2,6,MERCEDES SPRINTER,5,-1,0,-1
2023311371941,2023,311371941,1,19,0,18,19,8,4,0,0,0,0,0,0,0,2,1,1,1,1,30,6,2143,2,3,MERCEDES SPRINTER,-1,-1,0,-1
2023461347420,2023,461347420,2,19,0,3,3,2,6,0,0,0,0,0,0,0,2,1,6,6,1,38,7,2143,2,2,MERCEDES SPRINTER,9,E01032735,0,-1
2023170S12073,2023,170S12073,2,19,0,18,19,1,5,0,0,0,0,0,0,0,1,1,6,6,1,-1,-1,2143,2,3,MERCEDES SPRINTER,-1,-1,0,-1
2023411315523,2023,411315523,1,19,0,18,19,7,3,0,0,1,0,0,0,0,1,1,1,1,1,25,5,2143,2,5,MERCEDES SPRINTER,6,E01033308,0,-1
2023461295682,2023,461295682,1,19,0,18,19,7,3,0,0,0,0,0,0,0,0,1,6,6,1,39,7,2143,2,4,MERCEDES SPRINTER,3,E01024684,0,-1
2023221369143,2023,221369143,2,19,0,13,13,3,7,0,0,8,0,0,0,0,4,1,6,6,1,32,6,1950,2,0,MERCEDES SPRINTER,5,E01032280,0,-1
2023221323251,2023,221323251,2,19,0,18,19,6,2,0,0,8,0,0,0,0,4,1,1,1,1,40,7,1950,2,3,MERCEDES SPRINTER,1,E01010039,0,-1
2023010474899,2023,010474899,2,19,0,99,99,9,9,99,99,9,9,99,9,99,1,9,6,6,3,-1,-1,1950,2,2,MERCEDES SPRINTER,5,E01000571,0,-1
2023501337732,2023,501337732,1,19,0,17,19,1,5,0,0,0,1,0,0,0,1,1,1,1,1,30,6,2143,2,7,MERCEDES SPRINTER,3,E01028064,0,-1
2023010445551,2023,010445551,1,19,0,4,4,1,5,0,0,2,0,0,0,0,1,1,1,1,1,48,8,2143,2,14,MERCEDES SPRINTER,7,E01002654,0,-1
2023141301752,2023,141301752,1,19,0,9,9,4,2,0,0,1,0,0,0,0,3,1,1,1,1,24,5,1950,2,2,MERCEDES SPRINTER,1,E01007341,0,-1
2023520400235,2023,520400235,2,19,0,18,19,1,6,0,0,8,0,0,0,0,1,1,6,6,1,38,7,2143,2,5,MERCEDES SPRINTER,-1,-1,0,-1
2023361364997,2023,361364997,2,19,0,18,19,4,8,0,0,1,0,0,0,0,1,1,1,1,1,74,10,2148,2,15,MERCEDES SPRINTER,5,E01026702,0,-1
2023010445614,2023,010445614,1,19,0,1,1,7,3,0,0,0,0,0,0,0,0,1,6,6,1,35,6,2148,2,15,MERCEDES SPRINTER,4,E01004569,0,-1
2023440192336,2023,440192336,2,20,4,18,19,6,2,0,0,0,0,4,0,0,1,1,1,1,1,38,7,2143,2,4,MERCEDES SPRINTER,1,E01010316,0,-1
2023010438786,2023,010438786,2,20,0,99,99,9,9,99,99,9,9,99,9,99,1,9,6,6,3,-1,-1,2148,2,15,MERCEDES SPRINTER,-1,-1,0,-1
2023010451856,2023,010451856,2,19,9,99,99,9,9,99,99,9,9,99,9,99,9,9,6,6,3,-1,-1,2143,2,8,MERCEDES SPRINTER,1,E01005948,0,-1
2023041272531,2023,041272531,1,19,0,18,19,7,7,0,0,0,0,0,0,0,0,1,6,6,1,59,9,2143,2,6,MERCEDES SPRINTER,2,E01006415,0,-1
2023461378340,2023,461378340,1,19,0,5,5,7,3,0,0,0,0,0,0,0,1,1,6,6,3,27,6,2143,2,4,MERCEDES SPRINTER,4,E01024624,0,-1
2023131341015,2023,131341015,2,10,0,7,7,1,7,0,0,1,0,0,0,0,4,1,1,1,1,59,9,2143,2,5,MERCEDES SPRINTER,4,E01011499,0,-1
2023302301749,2023,302301749,1,19,0,3,3,8,3,0,0,2,0,0,0,0,2,1,6,6,2,37,7,2143,2,12,MERCEDES SPRINTER,8,E01019630,0,-1
2023010472001,2023,010472001,1,19,9,99,99,9,9,99,99,9,9,99,9,99,9,9,1,1,1,36,7,2143,2,5,MERCEDES SPRINTER,1,E01001358,0,-1
2023440227412,2023,440227412,1,20,0,3,3,3,7,0,0,1,0,0,0,0,2,1,1,1,1,57,9,2143,2,3,MERCEDES SPRINTER,8,E01031543,0,-1
2023161362463,2023,161362463,1,19,0,9,9,5,3,0,0,6,0,0,0,0,1,1,6,6,1,-1,-1,2143,2,4,MERCEDES SPRINTER,-1,-1,0,-1
2023101328825,2023,101328825,1,19,0,9,9,3,1,0,0,6,0,0,0,0,1,1,6,6,1,42,7,2143,2,2,MERCEDES SPRINTER,-1,-1,0,-1
2023010475831,2023,010475831,2,19,0,3,3,3,7,0,0,8,0,0,0,0,2,1,1,1,1,44,7,2143,2,3,MERCEDES SPRINTER,5,E01033708,0,-1
2023411373019,2023,411373019,3,19,0,5,5,8,4,0,0,0,0,0,0,0,2,1,1,1,1,45,7,2143,2,2,MERCEDES SPRINTER,6,E01002169,0,-1