collision_index,collision_year,collision_ref_no,vehicle_reference,vehicle_type,towing_and_articulation,vehicle_manoeuvre_historic,vehicle_manoeuvre,vehicle_direction_from,vehicle_direction_to,vehicle_location_restricted_lane_historic,vehicle_location_restricted_lane,junction_location,skidding_and_overturning,hit_object_in_carriageway,vehicle_leaving_carriageway,hit_object_off_carriageway,first_point_of_impact,vehicle_left_hand_drive,journey_purpose_of_driver_historic,journey_purpose_of_driver,sex_of_driver,age_of_driver,age_band_of_driver,engine_capacity_cc,propulsion_code,age_of_vehicle,generic_make_model,driver_imd_decile,lsoa_of_driver,escooter_flag,driver_distance_banding
2023161286619,2023,161286619,2,19,0,2,2,0,0,0,0,0,0,0,0,0,0,1,6,6,3,-1,-1,2143,2,4,MERCEDES SPRINTER,-1,-1,0,-1
2023010473546,2023,010473546,2,19,0,99,99,9,9,99,99,9,9,99,9,99,2,9,6,6,3,-1,-1,2143,2,7,MERCEDES SPRINTER,-1,-1,0,-1
2023522301257,2023,522301257,1,19,4,18,19,5,1,0,0,0,0,0,0,0,1,1,6,6,1,40,7,2143,2,4,MERCEDES SPRINTER,7,E01029270,0,-1
2023010433757,2023,010433757,2,19,0,10,10,1,7,0,0,7,0,0,0,0,1,1,6,6,1,58,9,1950,2,2,MERCEDES SPRINTER,4,E01000475,0,-1
2023471283436,2023,471283436,1,19,0,18,19,1,5,0,0,7,0,0,0,0,1,1,1,1,1,36,7,2143,2,2,MERCEDES SPRINTER,5,E01031771,0,-1
2023201386043,2023,201386043,3,19,0,18,19,6,2,0,0,0,0,0,0,0,4,1,1,1,1,20,4,2143,2,7,MERCEDES SPRINTER,7,E01029673,0,-1
202360A117683,2023,60A117683,1,19,0,1,1,4,8,0,0,2,0,0,0,0,2,1,1,1,1,30,6,2143,2,4,MERCEDES SPRINTER,-1,-1,0,-1
2023201393303,2023,201393303,2,19,0,18,19,3,7,0,0,3,0,0,0,0,3,1,1,1,1,35,6,1950,2,2,MERCEDES SPRINTER,2,E01009753,0,-1
2023302301159,2023,302301159,1,19,0,7,7,3,5,0,0,6,0,0,0,0,3,1,1,1,1,28,6,2143,2,2,MERCEDES SPRINTER,6,E01019421,0,-1
2023010465897,2023,010465897,1,19,0,18,19,5,1,6,6,0,0,0,0,0,1,1,1,1,1,24,5,2143,2,3,MERCEDES SPRINTER,5,E01003935,0,-1
2023010434843,2023,010434843,1,19,0,18,19,7,3,0,0,8,0,0,1,0,1,1,1,1,1,64,9,2143,2,4,MERCEDES SPRINTER,1,E01001427,0,-1
2023010453429,2023,010453429,2,20,0,11,11,5,1,0,0,8,0,0,0,0,1,1,6,6,3,-1,-1,2143,2,4,MERCEDES SPRINTER,-1,-1,0,-1
2023221361659,2023,221361659,2,19,0,7,7,6,8,0,0,5,0,0,0,0,2,1,1,1,1,34,6,2143,2,2,MERCEDES SPRINTER,4,E01022161,0,-1
2023991358438,2023,991358438,1,19,0,18,19,5,8,0,0,1,0,0,0,0,1,1,1,1,2,41,7,1950,2,0,MERCEDES SPRINTER,4,E01032489,0,-1
2023421309323,2023,421309323,1,19,0,18,19,2,6,0,0,1,0,0,0,0,1,1,1,1,1,21,5,2143,2,6,MERCEDES SPRINTER,6,E01027323,0,-1
2023122300399,2023,122300399,1,19,0,18,19,1,5,0,0,0,0,0,0,0,1,1,1,1,1,37,7,2143,2,8,MERCEDES SPRINTER,1,E01020844,0,-1
2023451366313,2023,451366313,2,19,0,18,19,1,5,0,0,8,0,0,0,0,4,1,1,1,3,30,6,-1,-1,-1,MERCEDES SPRINTER,-1,-1,0,-1
2023010451051,2023,010451051,2,19,0,5,5,1,5,0,0,0,0,0,0,0,1,1,2,2,1,45,7,2151,2,22,MERCEDES SPRINTER,4,E01003441,0,-1
2023451324070,2023,451324070,1,19,0,17,19,7,6,0,0,0,0,0,0,0,3,1,1,1,1,21,5,2143,2,5,MERCEDES SPRINTER,6,E01023804,0,-1
2023041342818,2023,041342818,1,19,0,18,19,1,5,0,0,1,0,0,0,0,1,1,1,1,1,35,6,1950,2,0,MERCEDES SPRINTER,1,E01025297,0,-1
2023131393302,2023,131393302,1,19,0,2,2,3,7,9,9,0,0,0,0,0,0,1,6,6,3,-1,-1,2143,2,3,MERCEDES SPRINTER,-1,-1,0,-1
2023010447251,2023,010447251,2,19,0,7,7,7,1,0,0,6,0,0,0,0,1,1,6,6,1,42,7,1950,2,1,MERCEDES SPRINTER,6,E01000244,0,-1
2023471291429,2023,471291429,1,19,0,18,19,7,3,0,0,0,0,0,0,0,1,1,6,6,1,62,9,2148,2,14,MERCEDES SPRINTER,9,E01020933,0,-1
2023010422396,2023,010422396,2,19,0,2,2,0,0,0,0,1,0,0,0,0,4,1,6,6,3,-1,-1,2143,2,12,MERCEDES SPRINTER,-1,-1,0,-1
2023461328445,2023,461328445,1,90,0,3,3,2,4,0,0,0,0,0,0,0,1,1,6,6,1,-1,-1,-1,-1,-1,MERCEDES SPRINTER,7,E01024347,0,-1
2023111360640,2023,111360640,1,90,0,15,15,3,7,0,0,1,0,0,7,11,1,1,5,6,2,32,6,2987,2,8,MERCEDES SPRINTER,3,E01020868,0,-1
2023361333590,2023,361333590,1,19,0,18,19,8,4,0,0,0,0,0,0,0,1,1,5,6,1,46,8,2143,2,8,MERCEDES SPRINTER,9,E01026571,0,-1
2023501336435,2023,501336435,2,19,0,18,19,1,5,0,0,0,0,0,0,0,1,1,6,6,1,24,5,2143,2,3,MERCEDES SPRINTER,2,E01015170,0,-1
2023010461696,2023,010461696,2,19,0,7,7,7,2,0,0,8,0,0,0,0,4,9,1,1,1,-1,-1,2143,2,6,MERCEDES SPRINTER,-1,-1,0,-1
2023471263946,2023,471263946,3,20,0,2,2,0,0,6,6,0,0,4,0,0,2,1,6,6,3,-1,-1,2143,2,7,MERCEDES SPRINTER,-1,-1,0,-1
2023991360115,2023,991360115,1,19,0,18,19,5,1,0,0,0,1,0,4,6,1,1,1,1,1,37,7,2143,2,5,MERCEDES SPRINTER,2,-1,0,-1
2023411356850,2023,411356850,1,19,0,10,10,3,8,0,0,2,0,0,0,0,4,1,1,1,1,41,7,2143,2,8,MERCEDES SPRINTER,3,E01016444,0,-1
2023501331047,2023,501331047,2,19,0,10,10,4,8,0,0,1,0,0,0,0,2,1,1,1,1,39,7,1950,2,2,MERCEDES SPRINTER,2,E01020297,0,-1
2023991303371,2023,991303371,1,19,0,11,11,2,6,0,0,0,0,0,1,10,1,1,1,1,1,38,7,1950,2,2,MERCEDES SPRINTER,1,-1,0,-1
2023421387498,2023,421387498,1,19,0,18,19,8,4,0,0,0,0,0,0,0,1,1,6,6,1,30,6,2143,2,8,MERCEDES SPRINTER,-1,-1,0,-1
2023071244123,2023,071244123,2,19,0,17,19,8,4,0,0,0,0,0,0,0,0,1,1,1,1,26,6,2143,2,8,MERCEDES SPRINTER,6,E01018689,0,-1
2023461366166,2023,461366166,1,19,0,16,19,2,6,0,0,0,0,0,0,0,1,1,1,1,1,37,7,2143,2,3,MERCEDES SPRINTER,9,E01021259,0,-1
2023221372654,2023,221372654,1,19,0,18,19,7,3,0,0,0,0,0,1,11,4,1,1,1,1,61,9,1950,2,2,MERCEDES SPRINTER,10,E01006085,0,-1
2023471379351,2023,471379351,2,19,0,18,19,4,8,0,0,1,0,0,0,0,1,1,1,1,1,38,7,2143,2,4,MERCEDES SPRINTER,9,E01030582,0,-1
2023991304517,2023,991304517,1,19,4,1,1,1,5,0,0,1,0,0,0,0,2,1,6,6,1,38,7,2143,2,8,MERCEDES SPRINTER,5,-1,0,-1
2023010474456,2023,010474456,2,19,0,2,2,0,0,0,0,1,0,0,1,0,1,1,6,6,3,-1,-1,2148,2,17,MERCEDES SPRINTER,-1,-1,0,-1
2023010446152,2023,010446152,1,20,0,1,1,1,5,0,0,0,0,0,0,0,2,1,1,1,1,30,6,2143,2,8,MERCEDES SPRINTER,5,E01003019,0,-1
2023010462385,2023,010462385,2,19,0,4,4,7,3,0,0,8,0,0,0,0,0,2,1,1,1,56,9,2143,2,7,MERCEDES SPRINTER,7,E01003270,0,-1
2023201373962,2023,201373962,1,19,0,1,1,8,4,8,6,0,0,0,0,0,2,1,1,1,3,-1,-1,2143,2,5,MERCEDES SPRINTER,-1,-1,0,-1
2023010462816,2023,010462816,2,19,0,2,2,0,0,2,2,1,0,0,0,0,1,1,6,6,1,55,8,2143,2,3,MERCEDES SPRINTER,-1,-1,0,-1
2023421273506,2023,421273506,2,19,0,18,19,2,6,0,0,4,0,0,0,0,4,1,1,1,1,50,8,2143,2,6,MERCEDES SPRINTER,-1,-1,0,-1
2023010458697,2023,010458697,1,19,0,9,9,7,5,0,0,8,0,0,0,0,1,1,6,6,1,45,7,1950,2,3,MERCEDES SPRINTER,1,E01002073,0,-1
2023010454084,2023,010454084,2,90,0,99,99,9,9,99,99,9,9,99,9,99,9,9,6,6,3,45,7,2987,2,3,MERCEDES SPRINTER,7,E01000362,0,-1
2023161388833,2023,161388833,2,19,0,18,19,7,3,0,0,0,0,0,0,0,2,1,1,1,1,64,9,2143,2,10,MERCEDES SPRINTER,4,E01009867,0,-1
2023010441139,2023,010441139,1,19,0,99,99,9,9,99,99,9,9,99,9,99,9,9,6,6,1,61,9,-1,-1,-1,MERCEDES SPRINTER,8,E01002265,0,-1
2023010428546,2023,010428546,2,19,0,99,99,9,9,99,99,9,9,99,9,99,9,9,6,6,3,48,8,2143,2,6,MERCEDES SPRINTER,1,E01015773,0,-1
2023010425928,2023,010425928,2,19,0,99,99,9,9,99,99,9,9,99,9,99,9,9,6,6,3,-1,-1,2143,2,5,MERCEDES SPRINTER,4,E01003448,0,-1
2023520301023,2023,520301023,3,19,0,4,4,1,5,0,0,5,0,0,0,0,4,1,6,6,1,30,6,2143,2,7,MERCEDES SPRINTER,9,E01029294,0,-1
2023010477255,2023,010477255,1,19,0,9,9,2,7,0,0,1,0,0,0,0,3,1,1,1,1,40,7,2143,2,3,MERCEDES SPRINTER,6,E01002129,0,-1
2023552301422,2023,552301422,2,19,0,9,9,2,8,0,0,6,0,0,0,0,4,1,2,2,1,56,9,2143,2,7,MERCEDES SPRINTER,7,E01020360,0,-1
2023061302332,2023,061302332,1,19,0,5,5,6,3,9,9,0,0,0,0,0,1,1,5,6,1,31,6,2148,2,16,MERCEDES SPRINTER,2,E01005438,0,-1
2023131286550,2023,131286550,3,19,0,4,4,3,7,0,0,0,0,0,0,0,2,1,1,1,1,40,7,2143,2,5,MERCEDES SPRINTER,2,E01010605,0,-1
2023991387259,2023,991387259,1,19,0,18,19,1,5,0,0,0,0,0,0,0,1,1,1,1,1,31,6,1950,2,3,MERCEDES SPRINTER,4,-1,0,-1
202360A106708,2023,60A106708,1,19,0,18,19,4,8,0,0,0,1,0,0,0,1,1,1,1,1,18,4,2143,2,3,MERCEDES SPRINTER,-1,-1,0,-1
2023471328752,2023,471328752,2,19,0,2,2,0,0,0,0,1,0,4,0,0,2,1,1,1,1,40,7,2143,2,6,MERCEDES SPRINTER,2,E01033146,0,-1
2023340WN4132,2023,340WN4132,2,19,0,18,19,5,1,0,0,1,0,0,0,0,1,1,1,1,1,48,8,2143,2,14,MERCEDES SPRINTER,2,E01010778,0,-1
2023010454628,2023,010454628,1,19,0,4,4,1,5,0,0,0,0,0,0,0,2,1,1,1,1,62,9,2143,2,5,MERCEDES SPRINTER,1,E01024177,0,-1
2023991385625,2023,991385625,1,19,0,18,19,6,2,0,0,0,0,11,0,0,1,1,1,1,1,48,8,1950,2,1,MERCEDES SPRINTER,6,-1,0,-1
2023131324735,2023,131324735,1,19,0,-1,-1,-1,-1,-1,-1,-1,-1,-1,-1,-1,-1,1,5,6,3,-1,-1,2143,2,4,MERCEDES SPRINTER,-1,-1,0,-1
2023622300271,2023,622300271,2,90,0,18,19,3,7,0,0,1,0,0,0,0,1,1,1,1,1,57,9,2987,2,1,MERCEDES SPRINTER,3,W01001154,0,-1
2023311309491,2023,311309491,1,19,0,13,13,7,3,0,0,0,0,0,0,0,2,1,1,1,1,33,6,2143,2,13,MERCEDES SPRINTER,2,E01013856,0,-1
2023061335541,2023,061335541,8,19,0,2,2,0,0,0,0,0,0,0,0,0,3,1,6,6,3,-1,-1,-1,-1,-1,MERCEDES SPRINTER,-1,-1,0,-1
2023141279815,2023,141279815,1,19,0,5,5,3,7,0,0,0,0,0,0,0,1,1,1,1,1,55,8,2143,2,2,MERCEDES SPRINTER,6,E01007319,0,-1
2023041367409,2023,041367409,1,19,0,17,19,8,4,0,0,0,0,4,0,0,1,1,1,1,1,43,7,2143,2,9,MERCEDES SPRINTER,3,E01024959,0,-1
2023010483329,2023,010483329,2,19,0,99,99,9,9,99,99,9,9,99,9,99,1,9,6,6,1,59,9,2143,2,6,MERCEDES SPRINTER,7,E01002222,0,-1
2023010426017,2023,010426017,1,19,0,8,8,1,4,0,0,5,0,0,0,0,4,1,1,1,1,44,7,2143,2,3,MERCEDES SPRINTER,6,E01003437,0,-1
2023131328196,2023,131328196,1,19,0,11,11,5,1,0,0,0,0,0,0,0,1,1,2,2,1,47,8,2143,2,4,MERCEDES SPRINTER,4,E01027892,0,-1
2023991384103,2023,991384103,1,19,0,4,4,6,2,0,0,0,0,0,0,0,4,1,1,1,1,67,10,2143,2,3,MERCEDES SPRINTER,2,-1,0,-1
2023010452832,2023,010452832,2,19,9,18,19,1,5,99,99,0,9,99,9,99,9,9,1,1,1,-1,-1,1950,2,1,MERCEDES SPRINTER,-1,-1,0,-1
2023211383965,2023,211383965,1,19,0,18,19,1,5,0,0,0,0,0,0,0,1,1,1,1,1,19,4,1950,2,2,MERCEDES SPRINTER,9,E01006331,0,-1
2023010464751,2023,010464751,2,19,0,99,99,9,9,99,99,9,9,99,9,99,2,9,6,6,3,-1,-1,1950,2,1,MERCEDES SPRINTER,-1,-1,0,-1
2023411307478,2023,411307478,1,19,0,1,1,-1,-1,0,0,0,0,0,0,0,2,1,6,6,1,62,9,1950,2,1,MERCEDES SPRINTER,6,E01023762,0,-1
2023430148236,2023,430148236,2,19,0,18,19,6,2,0,0,0,0,0,0,0,1,1,6,6,1,-1,-1,2148,2,16,MERCEDES SPRINTER,-1,-1,0,-1
2023531310869,2023,531310869,1,19,0,6,6,5,1,0,0,5,0,0,0,0,4,1,1,1,1,30,6,1950,2,2,MERCEDES SPRINTER,5,E01029059,0,-1
2023161289429,2023,161289429,1,19,0,18,19,1,5,0,0,0,0,0,0,0,1,1,1,1,1,36,7,1950,2,1,MERCEDES SPRINTER,1,E01012786,0,-1
2023332300284,2023,332300284,1,19,0,18,19,7,3,0,0,4,0,0,0,0,1,1,6,6,1,26,6,2143,2,5,MERCEDES SPRINTER,3,E01013765,0,-1
2023501327333,2023,501327333,1,19,0,17,19,3,7,9,9,8,0,0,1,11,1,1,1,1,1,40,7,2143,2,7,MERCEDES SPRINTER,8,E01031535,0,-1
2023501348620,2023,501348620,1,19,0,10,10,5,1,0,0,1,0,0,0,0,1,1,1,1,1,27,6,2143,2,3,MERCEDES SPRINTER,2,E01018897,0,-1
2023451388089,2023,451388089,1,19,0,9,9,7,3,0,0,0,0,0,1,4,1,1,1,1,1,21,5,2143,2,2,MERCEDES SPRINTER,6,E01023118,0,-1
2023010428633,2023,010428633,2,19,0,99,99,9,9,99,99,9,9,99,9,99,9,9,6,6,1,43,7,2143,2,6,MERCEDES SPRINTER,4,E01004419,0,-1
2023471329769,2023,471329769,2,19,0,18,19,3,7,0,0,0,0,0,0,0,4,1,1,1,1,51,8,1950,2,1,MERCEDES SPRINTER,8,E01022918,0,-1
2023161360409,2023,161360409,3,98,0,2,2,0,0,6,6,8,0,0,0,0,1,1,6,6,3,-1,-1,1950,2,3,-1,-1,-1,0,-1
2023211292469,2023,211292469,1,20,0,1,1,5,1,0,0,0,0,0,0,0,4,1,1,1,1,52,8,-1,-1,-1,MERCEDES SPRINTER,-1,-1,0,-1
2023481356446,2023,481356446,1,19,0,9,9,7,5,0,0,8,0,0,0,0,4,1,1,1,1,64,9,2143,2,7,MERCEDES SPRINTER,-1,-1,0,-1
2023520001018,2023,520001018,2,21,0,18,19,7,3,0,0,0,0,0,0,0,1,1,6,6,1,56,9,-1,-1,-1,-1,5,E01014524,0,-1
2023421296413,2023,421296413,1,19,0,18,19,5,1,0,0,0,0,0,0,0,1,1,1,1,1,35,6,2143,2,6,MERCEDES SPRINTER,5,E01001677,0,-1
2023401354093,2023,401354093,1,19,0,1,1,3,1,0,0,0,0,0,0,0,4,1,6,6,1,52,8,2143,2,3,MERCEDES SPRINTER,8,E01027089,0,-1
2023141295935,2023,141295935,2,19,0,17,19,7,3,0,0,0,0,0,0,0,1,1,6,6,1,42,7,1950,2,0,MERCEDES SPRINTER,2,E01007448,0,-1
2023041386980,2023,041386980,1,19,0,18,19,5,1,0,0,0,0,0,1,4,1,1,2,2,1,55,8,1950,2,3,MERCEDES SPRINTER,7,E01006368,0,-1
2023010475466,2023,010475466,1,19,0,18,19,1,5,0,0,8,0,0,7,7,4,1,1,1,1,38,7,2987,2,8,MERCEDES SPRINTER,3,E01002030,0,-1
2023311316490,2023,311316490,1,10,0,3,3,7,3,0,0,1,0,0,0,0,4,1,1,1,2,53,8,-1,-1,-1,MERCEDES SPRINTER,1,E01013849,0,-1
2023010473001,2023,010473001,1,19,0,9,9,5,2,0,0,5,0,0,0,0,1,1,1,1,1,39,7,2143,2,5,MERCEDES SPRINTER,2,E01033705,0,-1
2023101317260,2023,101317260,1,10,0,18,19,2,6,0,0,8,0,0,0,0,1,1,1,1,1,63,9,2143,2,2,MERCEDES SPRINTER,1,E01008348,0,-1
2023010459704,2023,010459704,3,90,0,3,3,5,1,0,0,4,0,0,0,0,0,1,1,1,2,29,6,2987,2,8,MERCEDES SPRINTER,2,E01004129,0,-1
2023061370452,2023,061370452,1,19,0,18,19,6,2,0,0,8,0,0,0,0,1,1,5,6,1,27,6,-1,3,2,MERCEDES SPRINTER,2,E01006323,0,-1
2023010450807,2023,010450807,2,19,0,18,19,2,6,0,0,0,0,0,0,0,1,1,1,1,1,33,6,2143,2,4,MERCEDES SPRINTER,1,E01001080,0,-1
2023320483001,2023,320483001,1,19,0,13,13,4,8,0,0,0,2,0,7,0,4,1,6,6,1,46,8,2148,2,15,MERCEDES SPRINTER,4,E01013207,0,-1
2023010454018,2023,010454018,1,19,0,7,7,1,3,9,9,2,0,0,0,0,1,1,1,1,1,49,8,2143,2,5,MERCEDES SPRINTER,2,E01001940,0,-1
2023481406852,2023,481406852,2,19,0,9,9,5,1,0,0,0,0,0,0,0,3,1,1,1,1,40,7,1950,2,2,MERCEDES SPRINTER,-1,-1,0,-1
2023010488146,2023,010488146,2,19,9,99,99,9,9,99,99,9,9,99,9,99,1,9,6,6,3,-1,-1,2143,2,2,MERCEDES SPRINTER,-1,-1,0,-1
2023010471735,2023,010471735,2,90,0,18,19,7,3,0,0,8,0,0,0,0,3,1,1,1,1,61,9,2987,2,5,MERCEDES SPRINTER,2,E01004010,0,-1
2023411288547,2023,411288547,1,19,-1,-1,-1,-1,-1,-1,-1,-1,-1,-1,-1,0,-1,1,6,6,3,-1,-1,2143,2,14,MERCEDES SPRINTER,-1,-1,0,-1
2023351320712,2023,351320712,3,19,0,18,19,7,3,0,0,0,0,10,1,0,1,1,6,6,1,56,9,2143,2,2,MERCEDES SPRINTER,1,E01015664,0,-1
2023131373169,2023,131373169,2,19,0,18,19,2,6,0,0,0,0,0,0,0,2,1,1,1,1,50,8,2143,2,4,MERCEDES SPRINTER,1,E01008914,0,-1
2023041359865,2023,041359865,1,19,0,18,19,3,7,0,0,0,0,0,0,0,1,1,1,1,1,24,5,2143,2,5,MERCEDES SPRINTER,2,E01010718,0,-1
2023461347834,2023,461347834,1,19,0,18,19,2,6,0,0,0,0,0,0,0,2,1,1,1,1,28,6,2143,2,4,MERCEDES SPRINTER,2,E01024165,0,-1
2023010434482,2023,010434482,1,90,0,15,15,1,5,0,0,1,0,0,7,0,1,1,1,1,1,65,9,2987,2,3,MERCEDES SPRINTER,8,E01000451,0,-1
2023201282085,2023,201282085,2,19,0,2,2,0,0,0,0,2,0,0,0,0,2,1,6,6,3,-1,-1,2143,2,9,MERCEDES SPRINTER,-1,-1,0,-1
2023461331839,2023,461331839,1,19,0,18,19,1,2,0,0,1,0,0,0,0,1,1,6,6,1,40,7,2143,2,3,MERCEDES SPRINTER,3,E01033150,0,-1
2023401276559,2023,401276559,1,19,0,18,19,6,2,0,0,0,0,0,0,0,4,1,6,6,1,-1,-1,2148,2,18,MERCEDES SPRINTER,-1,-1,0,-1
2023031298147,2023,031298147,2,19,0,18,19,1,5,0,0,0,0,0,0,0,1,1,1,1,1,64,9,-1,-1,-1,MERCEDES SPRINTER,9,-1,0,-1
2023010449277,2023,010449277,2,10,0,99,99,9,9,99,99,9,9,99,9,99,9,9,6,6,3,-1,-1,2143,2,4,MERCEDES SPRINTER,5,E01003110,0,-1
2023320629317,2023,320629317,1,20,0,9,9,2,8,0,0,8,0,0,0,0,4,1,6,6,1,22,5,-1,-1,-1,MERCEDES SPRINTER,7,E01007755,0,-1
2023010460963,2023,010460963,1,19,0,7,7,1,3,0,0,1,0,0,0,0,1,1,6,6,1,38,7,2143,2,3,MERCEDES SPRINTER,3,E01021845,0,-1
2023010436204,2023,010436204,1,19,0,99,99,9,9,99,99,0,9,99,9,99,2,9,1,1,1,46,8,1950,2,1,MERCEDES SPRINTER,3,E01000637,0,-1
2023451389444,2023,451389444,2,19,0,12,12,6,2,0,0,0,0,0,0,0,3,1,1,1,1,27,6,1950,2,2,MERCEDES SPRINTER,8,E01016319,0,-1
2023991336252,2023,991336252,2,10,0,17,19,3,6,0,0,0,0,0,0,0,1,1,1,1,2,45,7,-1,-1,-1,MERCEDES SPRINTER,-1,-1,0,-1
2023010485552,2023,010485552,1,19,0,1,1,1,5,0,0,0,0,0,0,0,0,1,1,1,1,36,7,2143,2,6,MERCEDES SPRINTER,8,E01023872,0,-1
2023531275379,2023,531275379,2,19,0,18,19,3,7,0,0,1,0,0,0,0,2,1,1,1,2,40,7,2143,2,2,MERCEDES SPRINTER,4,E01022331,0,-1
2023141292119,2023,141292119,1,19,0,18,19,5,1,0,0,0,0,0,0,0,4,2,1,1,1,58,9,2143,2,3,MERCEDES SPRINTER,10,E01007928,0,-1
2023131313485,2023,131313485,3,19,0,18,19,3,7,0,0,0,0,0,0,0,2,1,6,6,1,36,7,2143,2,6,MERCEDES SPRINTER,9,E01012566,0,-1
2023221367040,2023,221367040,1,19,0,18,19,6,2,0,0,0,0,0,7,4,1,1,1,1,1,58,9,1950,2,3,MERCEDES SPRINTER,1,E01013995,0,-1
2023471324276,2023,471324276,2,20,0,9,9,3,1,0,0,8,1,0,1,0,3,1,5,6,2,39,7,-1,-1,-1,MERCEDES SPRINTER,7,W01000523,0,-1
2023010454405,2023,010454405,2,19,9,99,99,9,9,99,99,9,9,99,9,99,1,9,6,6,3,-1,-1,2143,2,12,MERCEDES SPRINTER,-1,-1,0,-1
2023010450078,2023,010450078,2,19,0,99,99,9,9,99,99,9,9,99,9,99,2,9,6,6,3,-1,-1,2143,2,2,MERCEDES SPRINTER,-1,-1,0,-1
2023101286865,2023,101286865,2,19,0,2,2,0,0,0,0,0,0,0,0,0,1,1,6,6,3,-1,-1,2143,2,6,MERCEDES SPRINTER,-1,-1,0,-1
2023545829823,2023,545829823,2,19,0,2,2,0,0,0,0,0,0,0,0,0,2,1,1,1,1,56,9,1950,2,3,MERCEDES SPRINTER,8,E01015498,0,-1
2023010462234,2023,010462234,1,20,0,99,99,9,9,99,99,9,9,99,9,99,9,9,1,1,1,31,6,2143,2,3,MERCEDES SPRINTER,4,E01003448,0,-1
2023461307253,2023,461307253,7,19,0,2,2,0,0,0,0,8,0,0,0,0,2,1,6,6,1,47,8,2143,2,9,MERCEDES SPRINTER,1,E01016031,0,-1
2023411335789,2023,411335789,3,19,0,18,19,5,1,0,0,0,0,0,0,0,1,1,1,1,1,69,10,2143,2,11,MERCEDES SPRINTER,2,E01015601,0,-1
2023991263960,2023,991263960,1,19,0,18,19,6,2,0,0,0,0,0,0,0,1,1,1,1,1,27,6,1950,2,1,MERCEDES SPRINTER,2,-1,0,-1
2023520400626,2023,520400626,2,19,0,18,19,7,6,0,0,1,0,0,0,0,1,1,6,6,1,43,7,2143,2,4,MERCEDES SPRINTER,5,E01029066,0,-1
2023340WN2312,2023,340WN2312,1,19,0,11,11,4,8,0,0,8,0,0,1,7,4,1,1,1,1,49,8,2143,2,4,MERCEDES SPRINTER,1,E01004236,0,-1
2023471353365,2023,471353365,2,19,0,18,19,1,5,0,0,1,0,0,0,0,1,1,2,2,1,59,9,2143,2,8,MERCEDES SPRINTER,10,E01021234,0,-1
2023430041576,2023,430041576,2,19,0,18,19,4,8,0,0,8,0,0,0,0,1,1,1,1,1,22,5,2143,2,8,MERCEDES SPRINTER,2,E01022292,0,-1
202354A064923,2023,54A064923,1,19,0,5,5,3,1,0,0,6,0,0,1,0,1,1,1,1,1,41,7,1950,2,2,MERCEDES SPRINTER,4,E01015480,0,-1
2023991380772,2023,991380772,2,19,0,17,19,1,5,0,0,0,0,0,0,0,1,1,5,6,1,35,6,1950,2,2,MERCEDES SPRINTER,1,-1,0,-1
2023991282740,2023,991282740,1,19,0,18,19,4,8,0,0,0,0,0,7,10,1,1,1,1,1,20,4,1950,2,1,MERCEDES SPRINTER,6,-1,0,-1
2023161365253,2023,161365253,1,19,0,18,19,3,7,0,0,0,0,0,0,0,1,1,1,1,1,21,5,2143,2,6,MERCEDES SPRINTER,1,E01010416,0,-1
2023991355502,2023,991355502,1,19,0,18,19,7,3,0,0,2,0,7,0,0,1,1,1,1,1,23,5,2143,2,4,MERCEDES SPRINTER,2,-1,0,-1
2023340NN4152,2023,340NN4152,1,19,0,18,19,1,5,0,0,1,0,0,0,1,1,1,1,1,1,36,7,2143,2,4,MERCEDES SPRINTER,4,E01026972,0,-1
2023010451506,2023,010451506,1,19,0,7,7,3,5,0,0,0,0,0,0,0,9,1,6,6,3,-1,-1,2143,2,8,MERCEDES SPRINTER,-1,-1,0,-1
2023010478606,2023,010478606,1,19,0,99,99,9,9,99,99,0,9,99,9,99,2,1,1,1,1,32,6,2143,2,4,MERCEDES SPRINTER,6,E01024079,0,-1
2023010452280,2023,010452280,1,19,0,99,99,9,9,99,99,9,9,99,9,99,0,9,6,6,3,-1,-1,2143,2,5,MERCEDES SPRINTER,-1,-1,0,-1
2023461394312,2023,461394312,1,19,-1,18,19,7,3,0,0,0,1,0,8,9,1,1,1,1,1,-1,-1,1950,2,3,MERCEDES SPRINTER,2,E01000431,0,-1
2023421387215,2023,421387215,1,19,0,18,19,2,6,0,0,0,0,0,0,0,1,1,1,1,1,24,5,2143,2,13,MERCEDES SPRINTER,2,E01029988,0,-1
2023010429139,2023,010429139,2,19,9,99,99,9,9,99,99,9,9,99,9,99,9,1,6,6,1,28,6,2143,2,3,MERCEDES SPRINTER,6,E01003657,0,-1
2023010473273,2023,010473273,1,90,0,18,19,5,1,0,0,4,0,0,0,0,0,1,1,1,1,35,6,2987,2,2,MERCEDES SPRINTER,7,E01023871,0,-1