collision_index,collision_year,collision_ref_no,vehicle_reference,vehicle_type,towing_and_articulation,vehicle_manoeuvre_historic,vehicle_manoeuvre,vehicle_direction_from,vehicle_direction_to,vehicle_location_restricted_lane_historic,vehicle_location_restricted_lane,junction_location,skidding_and_overturning,hit_object_in_carriageway,vehicle_leaving_carriageway,hit_object_off_carriageway,first_point_of_impact,vehicle_left_hand_drive,journey_purpose_of_driver_historic,journey_purpose_of_driver,sex_of_driver,age_of_driver,age_band_of_driver,engine_capacity_cc,propulsion_code,age_of_vehicle,generic_make_model,driver_imd_decile,lsoa_of_driver,escooter_flag,driver_distance_banding
2023010443809,2023,010443809,2,19,0,18,19,4,8,0,0,0,0,0,0,0,1,1,2,2,1,56,9,2143,2,4,MERCEDES SPRINTER,3,E01016037,0,-1
2023622300195,2023,622300195,1,19,0,9,9,7,5,0,0,8,0,0,0,0,3,1,1,1,1,59,9,1950,2,2,MERCEDES SPRINTER,9,E01014757,0,-1
2023991371676,2023,991371676,1,19,0,18,19,5,1,0,0,0,0,1,0,0,3,1,1,1,1,64,9,2143,2,8,MERCEDES SPRINTER,-1,-1,0,-1
2023340WN5332,2023,340WN5332,2,19,0,9,9,4,8,0,0,6,0,0,0,0,3,1,1,1,1,37,7,2143,2,2,MERCEDES SPRINTER,1,E01013811,0,-1
2023351338236,2023,351338236,2,19,0,18,19,7,3,0,0,8,0,0,1,9,1,1,5,6,1,42,7,2143,2,6,MERCEDES SPRINTER,4,E01027315,0,-1
2023501364544,2023,501364544,1,19,0,1,1,1,5,0,0,0,0,0,0,0,2,1,1,1,3,-1,-1,2143,2,3,MERCEDES SPRINTER,-1,-1,0,-1
2023340WN3672,2023,340WN3672,1,19,0,17,19,5,1,0,0,0,0,0,0,0,4,1,6,6,1,-1,-1,2143,2,8,MERCEDES SPRINTER,-1,-1,0,-1
2023430010947,2023,430010947,1,19,0,7,7,8,2,0,0,5,0,0,0,0,4,1,1,1,1,45,7,1950,2,1,MERCEDES SPRINTER,-1,-1,0,-1
2023451335957,2023,451335957,1,19,0,18,19,1,5,0,0,1,0,0,0,0,2,1,1,1,1,64,9,1950,2,3,MERCEDES SPRINTER,10,E01030903,0,-1
2023440431329,2023,440431329,1,19,0,18,19,8,4,0,0,1,1,0,1,11,1,1,6,6,1,78,11,2689,2,22,MERCEDES SPRINTER,10,E01023020,0,-1
2023440525690,2023,440525690,2,19,0,9,9,3,2,0,0,5,0,0,0,0,4,1,6,6,1,-1,-1,2143,2,4,MERCEDES SPRINTER,-1,-1,0,-1
2023161392024,2023,161392024,2,19,0,16,19,6,2,0,0,1,0,0,0,0,1,2,1,1,1,53,8,1950,2,3,MERCEDES SPRINTER,1,E01013084,0,-1
2023311372524,2023,311372524,2,19,0,4,4,5,1,0,0,0,0,0,0,0,2,1,2,2,1,34,6,2143,2,9,MERCEDES SPRINTER,-1,-1,0,-1
2023071079416,2023,071079416,1,19,0,18,19,1,5,0,0,0,0,0,0,0,4,1,6,6,3,-1,-1,2143,2,8,MERCEDES SPRINTER,-1,-1,0,-1
2023010476687,2023,010476687,1,19,0,99,99,9,9,99,99,9,9,99,9,99,1,9,6,6,1,-1,-1,2143,2,4,MERCEDES SPRINTER,3,E01001177,0,-1
2023010432152,2023,010432152,1,19,0,9,9,3,2,0,0,8,0,0,0,0,1,1,1,1,1,56,9,2143,2,3,MERCEDES SPRINTER,6,E01004726,0,-1
2023010471016,2023,010471016,2,19,0,99,99,9,9,0,0,0,0,99,9,0,9,9,6,6,3,-1,-1,2143,2,6,MERCEDES SPRINTER,-1,-1,0,-1
2023141384572,2023,141384572,1,19,0,18,19,5,1,0,0,8,0,0,0,0,1,1,5,6,1,36,7,2143,2,13,MERCEDES SPRINTER,8,E01009668,0,-1
2023201279113,2023,201279113,2,19,0,2,2,0,0,0,0,0,0,0,0,0,3,1,6,6,3,-1,-1,1950,2,1,MERCEDES SPRINTER,3,E01023142,0,-1
2023622300958,2023,622300958,3,10,0,16,19,4,8,0,0,0,0,0,0,0,3,1,1,1,1,23,5,2987,2,9,MERCEDES SPRINTER,1,W01001179,0,-1
2023010472637,2023,010472637,1,19,0,5,5,7,3,0,0,0,0,0,0,0,3,1,6,6,3,-1,-1,-1,3,3,MERCEDES SPRINTER,-1,-1,0,-1
2023201413534,2023,201413534,1,19,0,7,7,8,2,0,0,6,0,0,0,0,3,1,1,1,1,63,9,1950,2,1,MERCEDES SPRINTER,4,E01010120,0,-1
2023531337552,2023,531337552,1,19,0,16,19,7,3,0,0,0,0,0,0,0,1,1,1,1,1,25,5,2143,2,9,MERCEDES SPRINTER,3,E01022284,0,-1
2023991293925,2023,991293925,1,19,4,18,19,8,4,0,0,2,0,0,0,0,4,1,1,1,1,37,7,2143,2,3,MERCEDES SPRINTER,2,-1,0,-1
2023471271173,2023,471271173,2,90,0,18,19,8,5,0,0,8,0,0,0,0,3,1,1,1,2,34,6,2987,2,5,MERCEDES SPRINTER,7,E01031539,0,-1
2023471383337,2023,471383337,2,19,0,13,13,7,3,0,0,1,0,0,0,0,4,1,1,1,1,23,5,1950,2,2,MERCEDES SPRINTER,10,E01031681,0,-1
2023010477731,2023,010477731,1,19,0,6,6,1,1,0,0,0,0,0,0,0,4,1,1,1,1,29,6,-1,3,3,MERCEDES SPRINTER,7,E01023345,0,-1
2023061314677,2023,061314677,2,19,0,18,19,1,5,0,0,8,0,0,0,0,4,1,1,1,1,31,6,2143,2,4,MERCEDES SPRINTER,1,E01024898,0,-1
2023010450775,2023,010450775,2,19,0,99,99,9,9,99,99,9,9,99,9,99,1,9,6,6,3,-1,-1,2143,2,5,MERCEDES SPRINTER,6,E01002544,0,-1
2023101329602,2023,101329602,2,19,0,18,19,3,7,0,0,8,5,0,0,0,1,1,1,1,1,60,9,2143,2,8,MERCEDES SPRINTER,5,E01008244,0,-1
2023451333134,2023,451333134,2,19,0,18,19,5,1,0,0,0,0,0,0,0,2,1,1,1,1,52,8,2143,2,2,MERCEDES SPRINTER,10,E01016289,0,-1
2023471368400,2023,471368400,2,19,0,9,9,1,7,0,0,1,0,0,0,0,3,1,1,1,1,50,8,2143,2,5,MERCEDES SPRINTER,7,E01031632,0,-1
2023010455517,2023,010455517,2,19,1,99,99,9,9,99,99,9,9,99,9,99,9,9,6,6,3,-1,-1,2143,2,3,MERCEDES SPRINTER,-1,-1,0,-1
2023131380971,2023,131380971,1,19,0,5,5,3,7,0,0,6,0,0,0,0,3,1,1,1,1,26,6,2143,2,3,MERCEDES SPRINTER,3,E01011242,0,-1
2023061284063,2023,061284063,1,19,0,9,9,7,5,0,0,8,0,0,0,0,3,1,1,1,1,28,6,2143,2,7,MERCEDES SPRINTER,1,E01004957,0,-1
2023131302751,2023,131302751,1,19,0,18,19,7,3,0,0,0,0,0,0,0,3,1,1,1,1,24,5,1950,2,3,MERCEDES SPRINTER,1,E01011375,0,-1
2023111380087,2023,111380087,1,19,0,18,19,1,5,0,0,0,0,0,0,0,1,1,1,1,1,65,9,1950,2,3,MERCEDES SPRINTER,2,E01020743,0,-1
2023010425405,2023,010425405,1,19,0,18,19,1,5,0,0,2,0,0,0,0,1,1,1,1,1,29,6,2148,2,16,MERCEDES SPRINTER,5,E01003756,0,-1
2023041376100,2023,041376100,1,19,0,5,5,5,3,0,0,6,0,0,0,0,3,1,1,1,1,40,7,2143,2,13,MERCEDES SPRINTER,-1,-1,0,-1
2023031375748,2023,031375748,1,19,0,7,7,7,2,0,0,0,0,0,0,0,1,1,1,1,1,36,7,2143,2,8,MERCEDES SPRINTER,2,E01019294,0,-1
2023010445381,2023,010445381,1,19,0,18,19,1,5,0,0,0,0,0,0,0,1,1,1,1,1,26,6,2143,2,10,MERCEDES SPRINTER,-1,-1,0,-1
2023010454682,2023,010454682,2,19,9,99,99,9,9,99,99,9,9,99,9,99,9,9,6,6,3,43,7,2143,2,6,MERCEDES SPRINTER,-1,-1,0,-1
2023231387090,2023,231387090,1,19,0,18,19,4,8,0,0,0,0,0,0,0,1,1,6,6,1,42,7,2143,2,10,MERCEDES SPRINTER,-1,-1,0,-1
2023440361934,2023,440361934,2,19,0,2,2,0,0,6,6,0,0,0,0,0,1,1,6,6,3,-1,-1,2143,2,8,MERCEDES SPRINTER,-1,-1,0,-1
2023031293712,2023,031293712,1,20,0,18,19,4,8,0,0,0,0,0,0,0,0,1,6,6,3,50,8,2143,2,6,MERCEDES SPRINTER,-1,-1,0,-1
2023211325508,2023,211325508,1,19,0,18,19,5,1,0,0,0,0,0,1,0,1,1,1,1,1,57,9,2143,2,7,MERCEDES SPRINTER,3,E01029701,0,-1
2023401372512,2023,401372512,1,19,0,1,1,-1,-1,0,0,0,0,0,0,0,2,1,5,6,1,33,6,2143,2,11,MERCEDES SPRINTER,2,E01015733,0,-1
2023131372481,2023,131372481,1,19,0,2,2,0,0,9,9,0,0,0,0,0,2,1,1,1,1,59,9,2143,2,1,MERCEDES SPRINTER,5,E01010992,0,-1
2023010465290,2023,010465290,1,19,5,14,14,1,5,0,0,0,0,0,0,0,4,1,1,1,1,39,7,2143,2,4,MERCEDES SPRINTER,-1,-1,0,-1
2023041367409,2023,041367409,3,19,0,2,2,8,4,0,0,0,0,0,0,0,2,1,6,6,3,-1,-1,1950,2,1,MERCEDES SPRINTER,-1,-1,0,-1
2023991388175,2023,991388175,1,19,0,18,19,3,7,0,0,1,1,0,0,0,1,1,1,1,1,37,7,1950,2,2,MERCEDES SPRINTER,6,-1,0,-1
2023010471802,2023,010471802,2,10,0,18,19,5,1,0,0,0,0,0,0,0,2,1,1,1,3,-1,-1,2143,2,5,MERCEDES SPRINTER,4,E01001512,0,-1
2023991340851,2023,991340851,2,90,0,7,7,5,8,0,0,1,0,0,0,0,1,1,1,1,2,35,6,1950,2,1,MERCEDES SPRINTER,3,-1,0,-1
2023141318072,2023,141318072,2,19,0,18,19,3,3,0,0,0,0,0,0,0,3,2,1,1,1,31,6,2143,2,6,MERCEDES SPRINTER,3,E01007571,0,-1
2023131293729,2023,131293729,1,19,0,13,13,3,7,0,0,8,0,0,0,0,1,1,6,6,3,-1,-1,2143,2,10,MERCEDES SPRINTER,1,E01010826,0,-1
2023131302130,2023,131302130,1,19,0,18,19,3,7,0,0,1,0,0,0,0,1,1,1,1,1,42,7,2143,2,12,MERCEDES SPRINTER,4,E01010902,0,-1
2023401269616,2023,401269616,2,19,0,3,3,4,8,0,0,1,0,0,0,0,2,1,1,1,1,41,7,1950,2,2,MERCEDES SPRINTER,1,E01013000,0,-1
2023131274789,2023,131274789,1,19,0,16,19,1,5,0,0,0,0,0,0,0,4,1,1,1,1,47,8,1950,2,1,MERCEDES SPRINTER,3,E01011240,0,-1
2023221316407,2023,221316407,1,19,0,18,19,3,7,0,0,0,0,0,0,0,1,1,6,6,1,58,9,2143,2,11,MERCEDES SPRINTER,5,E01014056,0,-1
2023052302531,2023,052302531,1,19,0,18,19,5,1,0,0,0,0,0,0,0,1,1,6,6,1,40,7,2143,2,11,MERCEDES SPRINTER,2,E01007130,0,-1
2023010433433,2023,010433433,1,19,0,7,7,7,2,0,0,5,0,0,0,0,4,1,1,1,1,39,7,1950,2,1,MERCEDES SPRINTER,5,E01002488,0,-1
2023421308111,2023,421308111,1,19,0,16,19,2,5,0,0,0,2,0,0,0,1,1,1,1,1,21,5,2143,2,12,MERCEDES SPRINTER,1,E01033130,0,-1
2023010420066,2023,010420066,2,19,0,11,11,3,7,0,0,0,0,0,0,0,1,1,1,1,1,24,5,2143,2,8,MERCEDES SPRINTER,2,E01015929,0,-1
2023440487842,2023,440487842,2,19,0,18,19,4,8,0,0,0,0,0,0,0,1,1,1,1,1,40,7,-1,-1,-1,MERCEDES SPRINTER,8,E01023004,0,-1
2023991264397,2023,991264397,2,19,0,17,19,1,5,0,0,0,1,0,0,0,1,1,1,1,1,31,6,2143,2,2,MERCEDES SPRINTER,1,-1,0,-1
2023131348580,2023,131348580,2,19,0,9,9,1,3,0,0,8,0,0,0,0,1,1,1,1,1,44,7,2143,2,6,MERCEDES SPRINTER,2,E01011000,0,-1
2023461338395,2023,461338395,2,19,0,18,19,2,6,0,0,1,0,0,0,0,1,1,2,2,1,26,6,1950,2,1,MERCEDES SPRINTER,5,E01024594,0,-1
2023302300819,2023,302300819,1,19,0,7,7,8,2,0,0,1,0,0,0,0,4,1,1,1,1,37,7,2143,2,5,MERCEDES SPRINTER,8,E01019535,0,-1
2023421307283,2023,421307283,1,19,0,18,19,6,8,0,0,0,0,0,0,0,1,1,1,1,1,62,9,2143,2,6,MERCEDES SPRINTER,2,E01003523,0,-1
2023421339629,2023,421339629,5,19,0,2,2,0,0,0,0,0,0,0,0,0,3,1,6,6,3,-1,-1,2143,2,2,MERCEDES SPRINTER,-1,-1,0,-1
2023501355319,2023,501355319,1,19,0,18,19,1,5,0,0,1,0,0,0,0,1,1,6,6,1,30,6,2143,2,7,MERCEDES SPRINTER,6,E01015220,0,-1
2023544606723,2023,544606723,1,19,0,18,19,7,3,0,0,1,0,0,0,0,1,1,6,6,1,60,9,1950,2,1,MERCEDES SPRINTER,7,E01032003,0,-1
2023552300475,2023,552300475,1,3,0,9,9,7,5,0,0,5,0,0,0,0,1,1,2,2,1,30,6,125,1,1,-1,6,E01015392,0,-1
2023061323152,2023,061323152,2,2,0,14,14,8,4,0,0,0,0,0,0,0,4,1,5,6,1,16,4,50,1,1,-1,9,E01033218,0,-1
2023061340490,2023,061340490,2,3,0,18,19,3,7,0,0,1,0,0,0,0,2,1,2,2,1,20,4,125,1,0,-1,5,E01005006,0,-1
2023211350118,2023,211350118,1,2,0,9,9,1,6,0,0,1,0,0,0,0,1,1,6,6,2,35,6,125,1,1,-1,-1,-1,0,-1
2023991394699,2023,991394699,1,3,0,14,14,7,3,0,0,1,5,0,0,0,0,1,5,6,1,27,6,125,1,1,-1,2,-1,0,-1
2023520301838,2023,520301838,1,5,0,16,19,1,4,0,0,0,0,0,7,10,3,1,6,6,1,54,8,1151,1,8,-1,8,E01002495,0,-1
2023010427917,2023,010427917,2,9,0,99,99,9,9,0,0,0,0,0,0,0,1,1,6,6,1,-1,-1,1997,8,8,-1,-1,-1,0,-1
2023231379771,2023,231379771,1,9,0,16,19,3,5,0,0,8,1,0,0,0,1,1,6,6,1,18,4,1769,2,34,-1,10,E01031134,0,-1
2023440155052,2023,440155052,1,9,0,13,13,1,5,0,0,0,0,0,0,0,1,1,6,6,1,41,7,1580,1,33,-1,9,E01022496,0,-1
2023131314279,2023,131314279,2,9,0,2,2,5,1,0,0,2,0,0,0,0,4,1,5,6,1,27,6,1500,2,1,PEUGEOT 308,9,E01011880,0,-1
2023461383300,2023,461383300,1,9,0,5,5,5,1,0,0,0,0,0,0,0,0,1,1,1,1,27,6,1500,2,1,PEUGEOT 308,5,E01024281,0,-1
2023131321199,2023,131321199,1,9,0,18,19,4,8,0,0,1,0,0,0,0,4,1,2,2,1,37,7,1560,2,8,PEUGEOT 308,8,E01011217,0,-1
2023061389656,2023,061389656,2,9,-1,-1,-1,-1,-1,-1,-1,-1,-1,-1,-1,0,-1,1,6,6,1,36,7,1560,2,9,PEUGEOT 308,6,E01006595,0,-1
2023548702523,2023,548702523,2,9,0,18,19,5,1,0,0,0,0,0,0,0,3,1,6,6,1,76,11,1560,2,14,PEUGEOT 308,6,E01032065,0,-1
2023141341057,2023,141341057,1,9,0,18,19,7,3,0,0,0,0,0,0,0,1,1,5,6,2,50,8,1560,2,11,PEUGEOT 308,3,E01007632,0,-1
2023351374510,2023,351374510,1,9,0,16,19,7,3,0,0,1,0,0,1,0,4,1,1,1,1,24,5,1500,2,2,PEUGEOT 308,9,E01033433,0,-1
2023440284069,2023,440284069,1,9,0,17,19,8,5,0,0,2,0,0,1,11,1,1,6,6,1,25,5,1598,8,0,PEUGEOT 308,5,E01023258,0,-1
2023201313797,2023,201313797,1,9,0,5,5,2,4,0,0,6,0,0,0,0,2,1,6,6,2,31,6,1560,2,8,PEUGEOT 308,4,E01009894,0,-1
2023451297572,2023,451297572,1,9,0,18,19,5,1,0,0,0,0,0,7,6,1,1,3,7,2,44,7,1560,2,9,PEUGEOT 308,5,E01030484,0,-1
2023991298035,2023,991298035,1,9,0,18,19,3,7,0,0,1,0,0,0,0,1,1,5,6,1,22,5,1560,2,5,PEUGEOT 308,2,-1,0,-1
2023122301325,2023,122301325,1,9,0,9,9,1,5,0,0,1,0,0,0,0,1,1,6,6,2,54,8,1560,2,10,PEUGEOT 308,3,E01011834,0,-1
2023010465650,2023,010465650,3,9,0,2,2,0,0,0,0,1,0,0,0,0,2,1,6,6,3,-1,-1,1200,1,3,PEUGEOT 308,-1,-1,0,-1
2023061302112,2023,061302112,1,9,0,18,19,5,1,0,0,1,0,0,0,0,0,1,5,6,1,31,6,1200,1,3,PEUGEOT 308,-1,-1,0,-1
2023010437145,2023,010437145,1,9,9,18,19,5,1,99,99,0,9,99,9,99,9,9,6,6,1,80,11,1598,1,11,PEUGEOT 308,7,E01001593,0,-1
2023411337924,2023,411337924,1,9,0,5,5,8,4,0,0,1,0,0,0,0,0,1,1,1,1,27,6,1500,2,2,PEUGEOT 308,5,E01023792,0,-1
2023461382332,2023,461382332,2,9,0,18,19,3,7,0,0,0,0,0,0,0,1,1,5,6,2,30,6,1500,2,1,PEUGEOT 308,6,E01032798,0,-1
2023052301926,2023,052301926,2,9,0,18,19,6,2,0,0,1,0,0,0,0,0,1,1,1,1,-1,-1,1560,2,5,PEUGEOT 308,-1,-1,0,-1
2023471355855,2023,471355855,2,9,0,8,8,1,7,0,0,4,0,0,0,0,2,1,5,6,2,69,10,1200,1,7,PEUGEOT 308,9,E01031413,0,-1
2023231329300,2023,231329300,1,9,0,18,19,4,8,0,0,0,0,0,0,0,1,1,5,6,2,44,7,1598,1,13,PEUGEOT 308,7,E01009474,0,-1
2023061318518,2023,061318518,1,9,-1,7,7,5,7,0,0,8,0,0,0,0,4,1,6,6,3,30,6,1560,2,15,PEUGEOT 308,-1,-1,0,-1
2023440061895,2023,440061895,1,9,0,18,19,3,7,0,0,0,0,0,0,0,1,1,2,2,1,49,8,1200,1,7,PEUGEOT 308,1,E01022933,0,-1
2023010420481,2023,010420481,1,9,0,18,19,4,8,0,0,2,0,0,1,10,3,1,6,6,2,67,10,1200,1,7,PEUGEOT 308,3,E01002079,0,-1
2023201285217,2023,201285217,1,9,0,16,19,4,1,0,0,0,0,0,0,0,1,1,1,1,1,-1,-1,1500,2,2,PEUGEOT 308,1,E01008910,0,-1
2023221310088,2023,221310088,2,9,0,7,7,8,2,0,0,5,0,0,0,0,2,1,5,6,2,44,7,1560,2,5,PEUGEOT 308,5,E01014078,0,-1
2023221339922,2023,221339922,2,9,0,9,9,8,6,0,0,5,0,0,0,0,3,1,6,6,2,81,11,1200,1,6,PEUGEOT 308,4,E01014009,0,-1
2023010425758,2023,010425758,1,9,0,5,5,3,7,0,0,0,0,0,0,0,1,1,2,2,1,28,6,1997,2,8,PEUGEOT 308,2,E01003390,0,-1
2023622300352,2023,622300352,1,9,0,18,19,4,8,0,0,8,0,0,0,0,1,1,6,6,2,61,9,1560,2,15,PEUGEOT 308,1,W01001221,0,-1
2023201277380,2023,201277380,1,9,0,18,19,4,8,0,0,8,0,0,0,0,1,1,1,1,1,-1,-1,1500,2,2,PEUGEOT 308,-1,-1,0,-1
2023520300813,2023,520300813,1,9,0,10,10,9,9,0,0,1,0,0,0,0,2,1,6,6,2,62,9,1560,2,9,PEUGEOT 308,8,E01029114,0,-1
2023010473398,2023,010473398,1,9,0,18,19,3,7,0,0,1,0,0,0,0,3,2,6,6,2,65,9,1200,1,1,PEUGEOT 308,3,E01002846,0,-1
2023401311671,2023,401311671,2,9,0,18,19,5,7,0,0,2,1,0,3,0,1,1,6,6,1,24,5,1560,2,15,PEUGEOT 308,7,E01015694,0,-1
2023010436903,2023,010436903,2,9,0,2,2,0,0,0,0,2,0,0,0,0,2,1,6,6,3,-1,-1,1498,2,4,PEUGEOT 308,-1,-1,0,-1
2023991313604,2023,991313604,2,9,0,18,19,8,4,0,0,1,0,0,0,0,1,1,2,2,2,53,8,1560,2,11,PEUGEOT 308,-1,-1,0,-1
2023501344506,2023,501344506,1,9,0,16,19,1,5,0,0,0,5,0,7,10,3,1,5,6,2,40,7,1560,2,15,PEUGEOT 308,3,E01018974,0,-1
2023201389487,2023,201389487,3,9,0,2,2,0,0,0,0,2,0,0,0,0,1,1,6,6,1,-1,-1,1397,1,14,PEUGEOT 308,1,E01009507,0,-1
2023361341752,2023,361341752,6,9,0,18,19,3,7,0,0,0,0,0,0,0,0,1,1,1,1,27,6,1500,2,2,PEUGEOT 308,3,E01026631,0,-1
202360A177008,2023,60A177008,2,9,0,4,4,8,4,0,0,0,0,0,0,0,1,1,1,1,2,-1,-1,1500,2,2,PEUGEOT 308,-1,-1,0,-1
2023541061323,2023,541061323,2,9,0,10,10,1,6,0,0,1,0,0,0,0,2,1,6,6,2,35,6,1560,2,13,PEUGEOT 308,6,E01032037,0,-1
2023451378981,2023,451378981,1,9,0,18,19,6,2,0,0,0,0,0,0,0,1,1,5,6,1,83,11,1560,2,11,PEUGEOT 308,10,E01030351,0,-1
2023451300786,2023,451300786,2,9,0,4,4,1,5,0,0,1,0,0,0,0,1,1,6,6,1,50,8,1560,2,13,PEUGEOT 308,9,E01030916,0,-1
2023131324874,2023,131324874,2,9,0,18,19,1,1,0,0,8,0,0,0,0,2,1,1,1,2,27,6,1500,2,1,PEUGEOT 308,3,E01011229,0,-1
2023052300198,2023,052300198,2,9,0,2,2,0,0,0,0,0,0,0,0,0,2,1,1,1,1,-1,-1,1500,2,3,PEUGEOT 308,1,E01006678,0,-1
2023010472787,2023,010472787,1,9,0,7,7,7,8,0,0,6,0,0,0,0,3,1,6,6,1,42,7,1500,2,5,PEUGEOT 308,7,E01002142,0,-1
2023010439116,2023,010439116,2,9,0,99,99,9,9,99,99,0,9,99,9,99,9,9,6,6,3,-1,-1,1397,1,14,PEUGEOT 308,-1,-1,0,-1
2023161391545,2023,161391545,1,9,0,18,19,3,7,0,0,0,5,4,0,0,1,1,5,6,1,62,9,1200,1,8,PEUGEOT 308,9,E01012996,0,-1
2023141285528,2023,141285528,1,9,0,13,13,2,6,0,0,0,2,0,7,0,4,1,6,6,1,80,11,1560,2,13,PEUGEOT 308,-1,-1,0,-1
2023052302527,2023,052302527,1,9,0,9,9,6,4,0,0,8,0,0,0,0,1,1,1,1,2,-1,-1,1500,2,3,PEUGEOT 308,-1,-1,0,-1
2023161296523,2023,161296523,1,9,0,5,5,8,4,0,0,6,0,0,0,0,1,1,1,1,1,54,8,1560,2,11,PEUGEOT 308,5,E01012773,0,-1
2023302300758,2023,302300758,2,9,0,2,2,0,0,5,5,0,0,0,0,0,2,1,6,6,3,-1,-1,1200,1,7,PEUGEOT 308,-1,-1,0,-1
2023131300380,2023,131300380,1,9,0,18,19,3,7,0,0,0,0,10,1,11,1,1,2,2,2,44,7,1560,2,13,PEUGEOT 308,3,E01011936,0,-1
2023041393374,2023,041393374,1,9,0,18,19,7,3,0,0,8,0,0,0,0,3,1,5,6,1,55,8,1560,2,11,PEUGEOT 308,10,E01018656,0,-1
2023201322016,2023,201322016,1,9,0,9,9,1,7,0,0,5,0,0,0,0,1,1,6,6,2,-1,-1,1560,2,15,PEUGEOT 308,-1,-1,0,-1
2023401376533,2023,401376533,2,9,0,18,19,4,8,0,0,0,0,10,1,0,3,1,3,7,2,60,9,1598,1,15,PEUGEOT 308,9,E01017422,0,-1
2023311393104,2023,311393104,1,9,0,5,5,6,2,0,0,8,0,0,0,0,1,1,5,6,1,29,6,1200,1,8,PEUGEOT 308,4,E01027929,0,-1
2023061344855,2023,061344855,3,9,0,18,19,8,4,0,0,0,0,0,0,0,0,1,1,1,1,28,6,1200,1,4,PEUGEOT 308,4,E01005730,0,-1
202360A007748,2023,60A007748,2,9,0,3,3,6,2,0,0,2,0,0,0,0,2,1,6,6,2,75,10,1200,1,4,PEUGEOT 308,-1,-1,0,-1
2023010451031,2023,010451031,2,9,0,3,3,3,7,0,0,0,0,0,0,0,3,1,6,6,1,52,8,1997,2,7,PEUGEOT 308,-1,-1,0,-1
2023461287661,2023,461287661,1,9,0,1,1,3,7,0,0,0,0,0,0,0,2,1,6,6,1,-1,-1,1560,2,15,PEUGEOT 308,-1,-1,0,-1
2023061269094,2023,061269094,2,9,0,18,19,3,7,0,0,0,0,0,0,0,1,1,1,1,1,26,6,1200,1,2,PEUGEOT 308,1,E01005202,0,-1
2023010473454,2023,010473454,1,9,0,18,19,3,7,9,9,0,0,10,1,2,1,1,6,6,1,22,5,1200,1,8,PEUGEOT 308,4,E01001276,0,-1
2023141367282,2023,141367282,1,9,0,-1,-1,-1,-1,-1,-1,1,-1,-1,-1,0,-1,1,6,6,1,32,6,1560,2,13,PEUGEOT 308,1,E01007779,0,-1
2023531263143,2023,531263143,5,9,0,18,19,2,6,0,0,0,0,0,0,0,0,1,6,6,2,53,8,1560,2,9,PEUGEOT 308,7,E01022274,0,-1
2023141319803,2023,141319803,2,9,0,18,19,7,3,0,0,0,0,0,0,0,1,1,6,6,1,38,7,1560,2,11,PEUGEOT 308,6,E01007598,0,-1
2023231388494,2023,231388494,1,9,0,13,13,4,8,0,0,0,0,7,0,0,4,1,1,1,1,48,8,1500,2,3,PEUGEOT 308,3,E01031064,0,-1
2023401316721,2023,401316721,3,9,0,18,19,6,2,0,0,1,0,0,0,0,0,1,1,1,1,31,6,1500,2,2,PEUGEOT 308,-1,-1,0,-1
2023371278941,2023,371278941,1,9,0,5,5,7,3,0,0,4,0,0,0,0,1,1,5,6,2,77,11,1200,1,4,PEUGEOT 308,10,E01030011,0,-1
2023010448584,2023,010448584,2,9,0,99,99,9,9,99,99,9,9,99,9,99,1,9,6,6,3,42,7,1598,1,15,PEUGEOT 308,-1,-1,0,-1
2023552300853,2023,552300853,1,9,0,18,19,7,3,0,0,0,0,0,0,0,1,1,6,6,3,-1,-1,1997,2,15,PEUGEOT 308,-1,-1,0,-1
202360A112647,2023,60A112647,2,9,0,9,9,5,3,0,0,5,0,0,0,0,3,1,1,1,1,32,6,1500,2,3,PEUGEOT 308,-1,-1,0,-1
2023122300710,2023,122300710,2,9,0,13,13,1,5,0,0,1,0,0,1,0,1,1,1,1,2,27,6,1560,2,5,PEUGEOT 308,4,E01027608,0,-1
2023351265414,2023,351265414,2,9,0,16,19,5,1,0,0,0,0,0,0,0,0,1,1,1,1,38,7,1500,2,2,PEUGEOT 308,-1,-1,0,-1
2023010457816,2023,010457816,1,9,0,18,19,5,1,0,0,0,0,10,7,4,1,1,6,6,1,34,6,1560,2,7,PEUGEOT 308,5,E01001524,0,-1
2023461326582,2023,461326582,2,9,0,18,19,3,7,0,0,0,0,0,0,0,3,1,3,7,2,47,8,1560,2,11,PEUGEOT 308,4,E01024566,0,-1
2023201400692,2023,201400692,2,9,0,2,2,0,0,0,0,0,0,0,0,0,3,1,5,6,3,26,6,1200,1,8,PEUGEOT 308,1,E01032887,0,-1
2023061399387,2023,061399387,1,9,0,7,7,3,5,0,0,1,0,0,0,0,1,1,6,6,3,-1,-1,1199,1,0,PEUGEOT 308,-1,-1,0,-1
2023610014523,2023,610014523,1,9,0,1,1,1,5,0,0,0,0,0,0,0,2,1,6,6,2,32,6,1560,2,5,PEUGEOT 308,-1,-1,0,-1
2023010429319,2023,010429319,1,9,0,3,3,5,1,0,0,1,0,0,0,0,2,1,6,6,1,47,8,1598,1,13,PEUGEOT 308,9,E01021826,0,-1