collision_index,collision_year,collision_ref_no,vehicle_reference,vehicle_type,towing_and_articulation,vehicle_manoeuvre_historic,vehicle_manoeuvre,vehicle_direction_from,vehicle_direction_to,vehicle_location_restricted_lane_historic,vehicle_location_restricted_lane,junction_location,skidding_and_overturning,hit_object_in_carriageway,vehicle_leaving_carriageway,hit_object_off_carriageway,first_point_of_impact,vehicle_left_hand_drive,journey_purpose_of_driver_historic,journey_purpose_of_driver,sex_of_driver,age_of_driver,age_band_of_driver,engine_capacity_cc,propulsion_code,age_of_vehicle,generic_make_model,driver_imd_decile,lsoa_of_driver,escooter_flag,driver_distance_banding
2023041370825,2023,041370825,2,9,0,5,5,5,1,0,0,0,0,0,1,0,2,1,2,2,1,57,9,1598,1,13,PEUGEOT 308,-1,-1,0,-1
2023451364387,2023,451364387,1,9,0,17,19,8,5,0,0,0,0,0,0,0,4,1,5,6,1,38,7,1200,1,7,PEUGEOT 308,10,E01030486,0,-1
2023421269422,2023,421269422,1,9,0,18,19,5,8,0,0,0,5,10,0,0,1,1,6,6,1,63,9,1560,2,12,PEUGEOT 308,5,E01015818,0,-1
2023131310726,2023,131310726,3,9,0,18,19,3,7,0,0,1,0,0,0,0,0,1,1,1,1,22,5,1498,2,2,PEUGEOT 308,2,E01011370,0,-1
2023061379686,2023,061379686,1,9,0,18,19,1,7,0,0,1,0,0,0,0,0,1,5,6,1,23,5,1200,1,3,PEUGEOT 308,1,E01005484,0,-1
2023302301189,2023,302301189,2,9,0,16,19,6,1,0,0,0,0,0,0,0,1,1,6,6,1,71,10,1200,1,3,PEUGEOT 308,5,E01019605,0,-1
2023141285154,2023,141285154,1,9,0,18,19,5,8,0,0,1,2,10,0,0,4,2,1,1,1,42,7,1500,2,1,PEUGEOT 308,7,E01008033,0,-1
2023010429464,2023,010429464,1,9,0,99,99,9,9,99,99,0,9,99,9,99,9,9,6,6,1,23,5,1200,1,9,PEUGEOT 308,4,E01004495,0,-1
2023131348504,2023,131348504,1,9,0,16,19,8,4,0,0,1,0,0,0,0,0,1,1,1,1,39,7,1500,2,2,PEUGEOT 308,1,E01010994,0,-1
2023141391429,2023,141391429,3,9,0,18,19,6,1,0,0,1,0,0,0,0,0,1,1,1,1,34,6,1500,2,1,PEUGEOT 308,6,E01007586,0,-1
2023522400766,2023,522400766,1,9,0,18,19,8,4,0,0,0,0,4,0,0,1,1,6,6,1,60,9,1560,2,6,PEUGEOT 308,10,E01014987,0,-1
2023332300063,2023,332300063,3,9,0,16,19,4,8,0,0,1,1,0,1,0,1,1,1,1,1,63,9,1560,2,7,PEUGEOT 308,5,E01013766,0,-1
2023141277981,2023,141277981,1,9,0,18,19,2,6,0,0,0,0,0,0,0,1,1,6,6,1,52,8,1560,2,9,PEUGEOT 308,2,E01007976,0,-1
2023471338310,2023,471338310,2,9,0,3,3,7,3,0,0,1,0,0,0,0,2,1,6,6,2,55,8,1560,2,14,PEUGEOT 308,7,E01031508,0,-1
2023461320126,2023,461320126,2,9,0,9,9,3,1,0,0,1,0,0,0,0,0,1,1,1,1,41,7,1500,2,1,PEUGEOT 308,2,E01024477,0,-1
202360A134056,2023,60A134056,2,9,0,18,19,6,2,0,0,8,0,0,0,0,4,1,6,6,1,40,7,1560,2,11,PEUGEOT 308,-1,-1,0,-1
2023201395961,2023,201395961,1,9,0,18,19,3,7,0,0,1,0,10,1,0,1,1,6,6,1,67,10,1560,2,8,PEUGEOT 308,3,E01010320,0,-1
2023201322654,2023,201322654,1,9,0,18,19,2,6,0,0,8,0,10,1,0,1,1,6,6,2,68,10,1200,1,3,PEUGEOT 308,7,E01031166,0,-1
2023351350368,2023,351350368,2,9,0,4,4,2,6,0,0,0,0,0,0,0,2,1,2,2,2,58,9,1997,2,6,PEUGEOT 308,7,E01018185,0,-1
2023201372028,2023,201372028,3,9,0,4,4,-1,-1,0,0,1,0,0,0,0,0,1,5,6,3,-1,-1,1500,2,2,PEUGEOT 308,-1,-1,0,-1
2023421358656,2023,421358656,3,9,0,18,19,7,3,0,0,0,0,0,0,0,1,1,5,6,2,39,7,1560,2,7,PEUGEOT 308,2,W01001387,0,-1
2023302300208,2023,302300208,2,9,0,18,19,2,6,0,0,8,0,0,0,0,4,1,3,7,1,32,6,1200,1,5,PEUGEOT 308,6,E01019617,0,-1
2023161297570,2023,161297570,2,9,0,18,19,4,8,0,0,0,0,0,0,0,1,1,1,1,1,53,8,1560,2,5,PEUGEOT 308,-1,-1,0,-1
2023131376856,2023,131376856,1,9,0,7,7,7,3,0,0,0,0,0,0,0,1,1,2,2,1,24,5,1560,2,8,PEUGEOT 308,3,E01010629,0,-1
2023161320917,2023,161320917,2,9,0,2,2,0,0,0,0,0,0,0,0,0,2,1,5,6,1,-1,-1,1560,2,11,PEUGEOT 308,-1,-1,0,-1
2023010456850,2023,010456850,1,9,0,3,3,8,4,0,0,0,0,0,0,0,1,1,6,6,1,31,6,1200,1,4,PEUGEOT 308,-1,-1,0,-1
2023122301386,2023,122301386,1,9,0,18,19,3,7,0,0,0,0,0,0,0,1,1,1,1,1,44,7,1560,2,12,PEUGEOT 308,5,E01027613,0,-1
2023061332298,2023,061332298,2,9,0,18,19,8,1,0,0,1,0,0,0,0,0,1,1,1,1,24,5,1200,1,2,PEUGEOT 308,1,E01005202,0,-1
2023221324296,2023,221324296,2,9,0,2,2,0,0,0,0,0,0,0,0,0,2,1,5,6,2,42,7,1200,1,4,PEUGEOT 308,9,E01028986,0,-1
2023010462084,2023,010462084,1,9,0,18,19,3,7,0,0,1,0,0,0,0,1,1,6,6,1,48,8,1598,1,14,PEUGEOT 308,5,E01002446,0,-1
2023141286333,2023,141286333,1,9,0,16,19,2,4,0,0,0,0,0,0,0,3,1,1,1,1,29,6,1500,2,2,PEUGEOT 308,1,E01007714,0,-1
2023451325298,2023,451325298,2,9,0,6,6,5,1,0,0,3,0,0,0,0,0,1,2,2,1,49,8,1560,2,6,PEUGEOT 308,9,E01030688,0,-1
2023010451287,2023,010451287,1,9,0,9,9,2,7,0,0,7,0,0,0,0,1,1,1,1,1,23,5,1200,1,5,PEUGEOT 308,4,E01004142,0,-1
2023430424823,2023,430424823,2,9,0,9,9,6,4,0,0,5,0,0,0,0,3,1,6,6,1,26,6,1997,2,6,PEUGEOT 308,2,E01028569,0,-1
2023471324866,2023,471324866,2,9,0,18,19,5,1,0,0,4,0,0,0,0,2,1,5,6,1,23,5,1397,1,15,PEUGEOT 308,7,E01016903,0,-1
2023031384102,2023,031384102,2,9,0,3,3,1,5,0,0,2,0,0,0,0,2,1,5,6,1,22,5,1500,2,2,PEUGEOT 308,7,E01019258,0,-1
2023461306438,2023,461306438,3,9,0,2,2,0,0,0,0,0,0,0,0,0,1,1,6,6,1,25,5,1560,2,8,PEUGEOT 308,2,E01016110,0,-1
2023031369100,2023,031369100,1,9,0,18,19,5,5,0,0,0,0,0,0,0,1,1,2,2,1,32,6,1560,2,13,PEUGEOT 308,2,E01019227,0,-1
2023332300245,2023,332300245,1,9,0,18,19,7,3,0,0,8,0,0,0,0,1,1,1,1,1,29,6,1560,2,10,PEUGEOT 308,7,E01031033,0,-1
2023631351333,2023,631351333,1,9,0,15,15,3,7,0,0,0,0,0,0,0,0,1,6,6,1,30,6,1560,2,5,PEUGEOT 308,4,W01000602,0,-1
2023531339033,2023,531339033,2,9,0,4,4,6,2,0,0,0,0,0,0,0,2,1,6,6,1,39,7,1560,2,7,PEUGEOT 308,8,E01022257,0,-1
2023361284600,2023,361284600,1,9,0,4,4,5,1,0,0,0,0,0,0,0,2,1,5,6,1,77,11,1560,2,10,PEUGEOT 308,3,E01026621,0,-1
2023201416297,2023,201416297,2,9,0,18,19,8,4,0,0,8,0,0,0,0,3,1,1,1,1,-1,-1,1499,2,0,PEUGEOT 308,2,E01010521,0,-1
2023201448222,2023,201448222,2,9,0,18,19,8,4,0,0,2,0,0,0,0,0,1,6,6,3,39,7,1500,2,2,PEUGEOT 308,7,E01010034,0,-1
2023430470862,2023,430470862,1,9,0,9,9,6,4,0,0,8,0,0,0,0,4,1,6,6,2,50,8,1598,1,13,PEUGEOT 308,7,E01016739,0,-1
2023501306376,2023,501306376,2,9,0,18,19,7,4,0,0,0,0,0,0,0,2,1,6,6,1,33,6,1560,2,14,PEUGEOT 308,1,E01019020,0,-1
2023531322336,2023,531322336,1,9,0,18,19,5,1,0,0,8,0,0,0,0,1,1,1,1,1,44,7,1500,2,2,PEUGEOT 308,-1,-1,0,-1
2023361357989,2023,361357989,3,9,0,10,10,6,7,0,0,1,0,0,0,0,3,1,5,6,2,55,8,1560,2,7,PEUGEOT 308,4,E01026695,0,-1
2023440528021,2023,440528021,2,9,0,4,4,2,6,0,0,0,0,0,0,0,2,1,6,6,1,42,7,1200,1,9,PEUGEOT 308,2,E01016110,0,-1
2023031311550,2023,031311550,1,9,0,7,7,3,7,0,0,5,0,0,0,0,4,1,5,6,2,54,8,1560,2,14,PEUGEOT 308,1,E01019193,0,-1
2023131279500,2023,131279500,2,9,0,18,19,5,1,0,0,1,0,0,0,0,0,1,1,1,1,-1,-1,1500,2,2,PEUGEOT 308,7,E01011775,0,-1
2023031302971,2023,031302971,1,9,0,18,19,2,6,0,0,7,0,0,0,0,4,1,5,6,1,85,11,1199,1,0,PEUGEOT 308,4,E01020818,0,-1
2023010445634,2023,010445634,2,9,0,99,99,9,9,99,99,9,9,99,9,99,0,9,6,6,3,-1,-1,1200,1,8,PEUGEOT 308,-1,-1,0,-1
2023141313560,2023,141313560,2,9,0,4,4,3,7,0,0,0,0,0,0,0,0,1,1,1,1,26,6,1498,2,2,PEUGEOT 308,2,E01007578,0,-1
2023010482503,2023,010482503,1,9,9,8,8,3,6,99,99,8,9,99,9,99,1,9,6,6,2,42,7,1598,1,9,PEUGEOT 308,4,E01003441,0,-1
2023201341378,2023,201341378,2,9,0,18,19,5,1,0,0,0,0,0,0,0,0,1,1,1,1,36,7,1500,2,3,PEUGEOT 308,-1,-1,0,-1
2023440376861,2023,440376861,2,9,0,9,9,2,7,0,0,1,0,0,0,0,2,1,1,1,1,58,9,1560,2,6,PEUGEOT 308,8,E01020425,0,-1
2023161361631,2023,161361631,1,9,0,18,19,8,4,0,0,1,1,0,0,0,1,1,5,6,2,27,6,1560,2,8,PEUGEOT 308,5,E01012824,0,-1
2023122300840,2023,122300840,2,9,0,15,15,5,1,0,0,0,0,0,1,11,4,1,6,6,1,42,7,1997,2,14,PEUGEOT 308,1,E01027804,0,-1
2023440061455,2023,440061455,1,9,0,18,19,5,8,0,0,1,1,0,7,11,1,1,1,1,2,45,7,1560,2,11,PEUGEOT 308,6,E01032697,0,-1
2023991381907,2023,991381907,1,9,0,18,19,3,7,0,0,0,1,0,0,0,1,1,5,6,1,29,6,1560,2,14,PEUGEOT 308,1,-1,0,-1
2023411296143,2023,411296143,2,9,0,9,9,-1,-1,0,0,0,0,0,0,0,3,1,6,6,1,24,5,1560,2,13,PEUGEOT 308,2,E01015727,0,-1
2023010440422,2023,010440422,1,9,0,10,10,1,6,0,0,6,0,0,0,0,1,1,6,6,2,37,7,1598,1,11,PEUGEOT 308,4,E01016457,0,-1
2023201298890,2023,201298890,1,9,0,18,19,6,2,0,0,1,0,0,0,0,1,1,6,6,1,-1,-1,1560,2,6,PEUGEOT 308,-1,-1,0,-1
2023461305124,2023,461305124,1,9,0,18,19,1,7,0,0,0,0,0,0,0,1,1,6,6,2,84,11,1200,1,7,PEUGEOT 308,4,E01024086,0,-1
2023061329805,2023,061329805,1,9,0,18,19,8,4,0,0,1,0,0,0,0,1,1,1,1,2,32,6,1200,1,6,PEUGEOT 308,1,E01005202,0,-1
2023461303734,2023,461303734,1,9,0,17,19,6,2,0,0,8,2,0,0,0,1,1,6,6,1,23,5,1500,2,1,PEUGEOT 308,2,E01033090,0,-1
2023552300676,2023,552300676,1,9,0,18,19,8,4,0,0,0,0,0,0,0,1,1,6,6,1,74,10,1397,1,12,PEUGEOT 308,1,E01015281,0,-1
2023451360610,2023,451360610,2,9,0,12,12,1,5,0,0,0,0,0,0,0,3,1,5,6,1,77,11,1200,1,3,PEUGEOT 308,3,E01003841,0,-1
2023461371911,2023,461371911,1,9,0,18,19,7,3,0,0,0,1,0,5,0,4,1,6,6,2,30,6,1560,2,8,PEUGEOT 308,3,E01024715,0,-1
2023131280267,2023,131280267,2,9,0,5,5,7,3,0,0,6,0,0,0,0,1,1,6,6,3,-1,-1,1997,2,13,PEUGEOT 308,-1,-1,0,-1
2023552301453,2023,552301453,1,9,5,18,19,6,2,0,0,0,0,4,0,0,1,1,6,6,1,42,7,1598,1,13,PEUGEOT 308,3,E01015308,0,-1
2023141319102,2023,141319102,3,9,0,2,2,0,0,0,0,1,0,0,0,0,4,1,2,2,1,37,7,1560,2,7,PEUGEOT 308,3,E01007449,0,-1
2023131322577,2023,131322577,1,9,0,-1,-1,-1,-1,-1,-1,0,-1,-1,-1,-1,-1,1,6,6,1,23,5,1560,2,10,PEUGEOT 308,1,E01010809,0,-1
2023421365696,2023,421365696,1,9,0,7,7,2,4,0,0,8,0,0,0,0,1,1,5,6,1,56,9,1560,2,12,PEUGEOT 308,2,E01021977,0,-1
2023471277260,2023,471277260,1,9,0,7,7,1,3,0,0,6,0,10,1,0,1,2,1,1,1,53,8,1598,8,1,PEUGEOT 308,7,E01031349,0,-1
2023101391918,2023,101391918,1,9,0,1,1,1,5,0,0,0,0,0,0,0,3,1,6,6,1,84,11,1560,2,15,PEUGEOT 308,3,E01032483,0,-1
2023991313939,2023,991313939,1,9,0,18,19,6,2,0,0,0,0,0,1,0,1,1,6,6,1,37,7,1560,2,6,PEUGEOT 308,6,-1,0,-1
2023131262690,2023,131262690,1,9,0,5,5,3,7,0,0,0,0,0,0,0,2,1,5,6,1,71,10,1560,2,11,PEUGEOT 308,1,E01011764,0,-1
2023141308149,2023,141308149,2,9,0,18,19,1,5,0,0,0,0,0,0,0,0,1,1,1,1,31,6,1500,2,1,PEUGEOT 308,9,E01007581,0,-1
2023141364002,2023,141364002,1,9,0,18,19,2,6,0,0,1,0,0,0,0,1,1,6,6,1,45,7,1560,2,11,PEUGEOT 308,8,E01007801,0,-1
2023501324527,2023,501324527,1,9,0,16,19,6,2,0,0,0,2,0,8,0,3,1,2,2,2,19,4,1560,2,8,PEUGEOT 308,5,E01020147,0,-1
2023461354506,2023,461354506,1,9,0,13,13,3,7,0,0,0,0,0,0,0,1,1,1,1,1,-1,-1,1500,2,1,PEUGEOT 308,3,E01024508,0,-1
2023471351821,2023,471351821,1,9,0,18,19,3,7,0,0,1,0,0,0,0,2,1,5,6,1,75,10,1997,2,6,PEUGEOT 308,6,E01031591,0,-1
202360A188766,2023,60A188766,2,9,0,10,10,8,4,0,0,0,0,0,0,0,2,1,6,6,1,-1,-1,1560,2,14,PEUGEOT 308,-1,-1,0,-1
2023131384591,2023,131384591,2,9,0,18,19,7,3,0,0,0,0,0,0,0,1,1,1,1,1,29,6,1500,2,1,PEUGEOT 308,6,E01011599,0,-1
2023451352645,2023,451352645,3,9,0,2,2,0,0,0,0,1,0,0,0,0,3,1,6,6,3,-1,-1,1200,1,7,PEUGEOT 308,-1,-1,0,-1
2023141317451,2023,141317451,1,9,0,18,19,1,5,0,0,1,0,0,0,0,0,1,1,1,1,30,6,1500,2,1,PEUGEOT 308,2,E01007336,0,-1
2023131320912,2023,131320912,1,9,0,18,19,2,4,0,0,1,0,0,0,0,1,1,1,1,1,25,5,1560,2,4,PEUGEOT 308,2,E01011370,0,-1
2023991334764,2023,991334764,1,9,0,18,19,8,4,0,0,8,0,0,0,0,1,1,1,1,1,46,8,1499,2,0,PEUGEOT 308,7,-1,0,-1
2023141341108,2023,141341108,2,9,0,9,9,1,5,0,0,8,0,0,0,0,2,1,6,6,1,25,5,1560,2,13,PEUGEOT 308,5,E01007785,0,-1
2023141345172,2023,141345172,1,9,0,9,9,1,5,0,0,8,0,0,0,0,1,1,1,1,1,25,5,1500,2,1,PEUGEOT 308,2,E01007336,0,-1
2023131309604,2023,131309604,2,9,0,4,4,1,5,0,0,1,0,0,0,0,0,1,1,1,1,27,6,1498,2,3,PEUGEOT 308,1,E01010842,0,-1
2023010420897,2023,010420897,1,9,0,9,9,8,6,0,0,1,0,0,0,0,1,1,1,1,1,23,5,1200,1,5,PEUGEOT 308,4,E01001898,0,-1
2023332301159,2023,332301159,2,9,0,2,2,0,0,0,0,0,0,0,0,0,2,1,6,6,3,-1,-1,1997,2,14,PEUGEOT 308,-1,-1,0,-1
2023531285122,2023,531285122,1,9,0,18,19,1,5,0,0,8,0,0,0,0,1,1,2,2,1,35,6,1560,2,10,PEUGEOT 308,4,E01009625,0,-1
2023122301358,2023,122301358,2,9,0,18,19,2,6,0,0,0,0,0,2,11,1,1,1,1,1,33,6,1598,1,4,PEUGEOT 308,6,E01025202,0,-1
2023201416141,2023,201416141,1,9,0,18,19,8,4,0,0,0,0,4,0,0,1,1,6,6,1,46,8,1598,1,15,PEUGEOT 308,3,E01009552,0,-1
2023451379144,2023,451379144,1,9,0,18,19,1,5,0,0,1,0,0,0,0,3,1,5,6,1,78,11,1200,1,4,PEUGEOT 308,10,E01030590,0,-1
2023371380498,2023,371380498,1,9,0,18,19,7,3,0,0,2,0,0,0,0,3,1,1,1,1,32,6,1500,2,2,PEUGEOT 308,7,E01030243,0,-1
2023520400142,2023,520400142,1,9,0,5,5,3,7,0,0,8,0,0,0,0,3,1,6,6,2,44,7,1560,2,9,PEUGEOT 308,4,E01015236,0,-1
202363D001123,2023,63D001123,2,9,0,5,5,2,5,0,0,6,0,0,0,0,2,1,2,2,2,54,8,1200,1,4,PEUGEOT 308,5,E01033530,0,-1
2023622300368,2023,622300368,3,9,0,4,4,6,2,0,0,0,0,0,0,0,2,1,6,6,1,35,6,1500,2,4,PEUGEOT 308,7,W01001146,0,-1
2023401279722,2023,401279722,2,9,0,5,5,5,1,0,0,8,0,0,0,0,4,1,1,1,1,24,5,1500,2,2,PEUGEOT 308,-1,-1,0,-1
2023461373482,2023,461373482,1,9,0,4,4,3,1,0,0,0,0,0,0,0,0,1,5,6,1,41,7,1560,2,11,PEUGEOT 308,1,E01024667,0,-1
2023531342973,2023,531342973,1,9,0,9,9,5,1,0,0,2,0,0,0,0,1,1,5,6,2,72,10,1560,2,15,PEUGEOT 308,10,E01022465,0,-1
2023131348927,2023,131348927,1,9,0,4,4,3,7,0,0,2,0,0,0,0,1,1,1,1,1,41,7,1499,2,0,PEUGEOT 308,5,E01010604,0,-1
2023101341187,2023,101341187,2,9,0,7,7,3,7,0,0,1,0,0,0,0,0,1,1,1,1,43,7,1200,1,3,PEUGEOT 308,-1,-1,0,-1
2023221363966,2023,221363966,2,9,0,4,4,5,1,0,0,1,0,0,0,0,2,1,6,6,1,42,7,1560,2,12,PEUGEOT 308,8,E01032463,0,-1
2023522401077,2023,522401077,1,9,0,4,4,6,2,0,0,1,0,0,0,0,2,1,6,6,1,-1,-1,1500,2,2,PEUGEOT 308,10,E01014793,0,-1
2023991332790,2023,991332790,2,9,0,18,19,1,5,0,0,4,0,0,0,0,1,1,5,6,1,20,4,1560,2,14,PEUGEOT 308,6,-1,0,-1
2023010455047,2023,010455047,1,9,0,4,4,5,1,0,0,0,0,0,0,0,4,1,6,6,1,74,10,1560,2,13,PEUGEOT 308,7,E01002654,0,-1
2023131286801,2023,131286801,1,9,0,9,9,3,1,0,0,6,0,0,0,0,0,1,1,1,1,26,6,1500,2,2,PEUGEOT 308,-1,-1,0,-1
2023311392517,2023,311392517,1,9,0,9,9,5,3,0,0,2,0,0,0,0,1,1,2,2,2,28,6,1560,2,8,PEUGEOT 308,-1,-1,0,-1
2023052300667,2023,052300667,2,9,0,12,12,1,5,0,0,0,0,0,0,0,3,1,1,1,1,47,8,1560,2,6,PEUGEOT 308,2,E01025292,0,-1
2023131358629,2023,131358629,5,9,0,18,19,8,4,0,0,0,0,0,0,0,0,1,6,6,3,-1,-1,1498,2,3,PEUGEOT 308,-1,-1,0,-1
2023501364337,2023,501364337,1,9,0,7,7,6,8,0,0,8,0,0,0,0,1,1,6,6,1,24,5,1500,2,5,PEUGEOT 308,2,E01020141,0,-1
2023421275278,2023,421275278,1,9,0,18,19,5,8,0,0,4,0,0,0,0,1,1,5,6,1,63,9,1560,2,10,PEUGEOT 308,8,E01021578,0,-1
2023501317406,2023,501317406,1,9,0,18,19,1,5,0,0,0,0,0,7,4,1,1,5,6,1,62,9,1560,2,9,PEUGEOT 308,4,E01019072,0,-1
2023520301432,2023,520301432,1,9,0,18,19,2,6,0,0,0,0,0,0,0,1,1,6,6,1,49,8,1560,2,6,PEUGEOT 308,4,W01000605,0,-1
2023010430225,2023,010430225,1,9,0,5,5,7,3,0,0,0,0,0,0,0,1,1,3,7,2,31,6,1997,2,6,PEUGEOT 308,7,E01001918,0,-1
2023010432747,2023,010432747,1,9,0,18,19,8,4,0,0,2,0,11,0,0,1,1,1,1,1,25,5,1200,1,6,PEUGEOT 308,7,E01000675,0,-1
202360A046829,2023,60A046829,1,9,0,11,11,2,6,0,0,3,0,0,0,0,4,1,6,6,2,45,7,1560,2,11,PEUGEOT 308,-1,-1,0,-1
2023371372387,2023,371372387,1,9,0,18,19,5,1,0,0,0,0,0,0,0,3,1,1,1,1,26,6,1500,2,2,PEUGEOT 308,2,E01029988,0,-1
2023302300870,2023,302300870,2,9,0,18,19,2,6,0,0,1,0,0,0,0,2,1,1,1,1,-1,-1,1498,2,4,PEUGEOT 308,5,E01019456,0,-1
2023061370352,2023,061370352,2,9,0,18,19,1,6,0,0,8,0,0,0,0,0,1,1,1,1,24,5,1200,1,2,PEUGEOT 308,1,E01005202,0,-1
2023141327250,2023,141327250,1,9,0,4,4,1,5,0,0,0,0,0,0,0,2,1,5,6,2,34,6,1560,2,10,PEUGEOT 308,4,E01007572,0,-1
2023131343376,2023,131343376,5,9,0,4,4,1,5,0,0,1,0,0,0,0,3,1,5,6,1,32,6,1500,2,1,PEUGEOT 308,-1,-1,0,-1
2023411337510,2023,411337510,3,9,0,18,19,5,1,0,0,0,0,0,0,0,0,1,1,1,1,30,6,1500,2,2,PEUGEOT 308,4,E01023301,0,-1
2023552300678,2023,552300678,2,9,0,18,19,8,4,0,0,8,0,0,0,0,1,1,6,6,1,54,8,1560,2,7,PEUGEOT 308,7,E01015446,0,-1
2023141360744,2023,141360744,1,9,0,18,19,8,4,0,0,0,0,11,0,0,1,1,5,6,1,21,5,1397,1,15,PEUGEOT 308,5,E01027975,0,-1
2023351354552,2023,351354552,1,9,0,5,5,6,2,0,0,1,0,0,0,0,3,1,6,6,1,83,11,1560,2,15,PEUGEOT 308,7,E01018023,0,-1
2023351393808,2023,351393808,3,9,0,4,4,3,7,0,0,0,0,0,0,0,3,1,5,6,2,48,8,1560,2,12,PEUGEOT 308,6,E01030112,0,-1
2023302301684,2023,302301684,1,9,0,18,19,4,8,0,0,8,0,0,0,0,1,1,1,1,2,-1,-1,1498,2,2,PEUGEOT 308,1,E01013472,0,-1
2023201370554,2023,201370554,1,9,0,14,14,5,1,0,0,0,0,0,0,0,1,1,5,6,1,30,6,1560,2,14,PEUGEOT 308,4,E01009894,0,-1
2023070590907,2023,070590907,1,9,0,18,19,7,5,0,0,8,0,0,0,0,4,1,1,1,1,29,6,1498,2,3,PEUGEOT 308,-1,-1,0,-1
2023991339612,2023,991339612,1,9,0,5,5,1,3,0,0,4,0,0,0,0,1,1,1,1,2,30,6,1498,2,2,PEUGEOT 308,4,-1,0,-1
2023451308006,2023,451308006,1,9,0,9,9,8,4,9,9,0,1,0,7,11,4,1,6,6,1,92,11,1200,1,8,PEUGEOT 308,-1,-1,0,-1
2023131326150,2023,131326150,2,9,0,7,7,7,3,0,0,1,0,0,0,0,1,1,1,1,1,30,6,1498,2,3,PEUGEOT 308,2,E01011370,0,-1
2023302301640,2023,302301640,1,9,0,18,19,5,1,0,0,0,0,0,0,0,1,1,6,6,2,64,9,1598,1,14,PEUGEOT 308,1,E01019578,0,-1
2023010454546,2023,010454546,1,9,0,18,19,5,1,0,0,2,0,0,0,0,1,1,6,6,2,31,6,1598,1,14,PEUGEOT 308,4,E01000588,0,-1
2023031288135,2023,031288135,1,9,0,18,19,6,2,0,0,0,0,0,0,0,1,1,5,6,1,70,10,1560,2,10,PEUGEOT 308,6,E01007455,0,-1
2023141269482,2023,141269482,1,9,0,13,13,1,5,0,0,0,0,0,0,0,1,1,1,1,1,37,7,1500,2,1,PEUGEOT 308,7,E01008033,0,-1
2023991272606,2023,991272606,2,9,0,9,9,4,6,0,0,2,1,10,1,0,1,1,1,1,1,24,5,1498,2,2,PEUGEOT 308,7,-1,0,-1
2023411379551,2023,411379551,2,9,0,18,19,4,8,0,0,1,0,0,0,0,1,1,5,6,1,70,10,1200,1,5,PEUGEOT 308,10,E01023718,0,-1
2023471392812,2023,471392812,1,9,0,18,19,5,1,0,0,0,0,0,0,0,1,1,5,6,1,74,10,1500,2,4,PEUGEOT 308,6,E01020960,0,-1
2023311312376,2023,311312376,1,9,0,18,19,7,3,0,0,0,0,0,0,0,4,1,6,6,1,66,10,1997,2,7,PEUGEOT 308,8,E01028206,0,-1
2023340WN4952,2023,340WN4952,2,9,0,18,19,1,5,0,0,8,1,7,5,6,4,1,2,2,1,29,6,1560,2,9,PEUGEOT 308,4,E01027142,0,-1
2023451345656,2023,451345656,2,9,0,18,19,5,1,0,0,1,0,0,0,0,1,1,2,2,1,52,8,1200,1,7,PEUGEOT 308,7,E01030741,0,-1
2023461348826,2023,461348826,2,9,0,18,19,3,7,0,0,0,0,0,0,0,0,1,1,1,1,-1,-1,1500,2,1,PEUGEOT 308,-1,-1,0,-1
2023201279575,2023,201279575,1,9,0,18,19,7,3,0,0,1,0,0,0,0,4,1,1,1,1,33,6,1500,2,2,PEUGEOT 308,-1,-1,0,-1
2023061378526,2023,061378526,3,9,0,18,19,1,1,0,0,1,0,0,0,0,0,1,5,6,1,28,6,1200,1,5,PEUGEOT 308,-1,-1,0,-1
2023010450400,2023,010450400,2,9,0,18,19,6,2,0,0,1,0,0,0,0,0,1,1,1,1,36,7,1200,1,5,PEUGEOT 308,4,E01004142,0,-1
2023061314633,2023,061314633,2,9,0,18,19,7,3,0,0,6,0,0,0,0,1,1,1,1,1,27,6,1200,1,3,PEUGEOT 308,1,E01006563,0,-1
2023991295569,2023,991295569,2,9,0,10,10,1,7,0,0,1,0,0,0,0,2,1,5,6,1,35,6,1598,1,11,PEUGEOT 308,7,-1,0,-1
202354C763123,2023,54C763123,3,9,0,18,19,8,4,0,0,2,0,0,0,0,0,1,1,1,1,-1,-1,1499,2,0,PEUGEOT 308,9,E01015473,0,-1
2023010483956,2023,010483956,2,8,0,99,99,9,9,99,99,9,9,99,9,99,1,9,6,6,3,-1,-1,1560,2,8,-1,-1,-1,0,-1
2023231337343,2023,231337343,1,9,0,18,19,7,3,0,0,0,0,0,0,0,1,1,5,6,1,30,6,1560,2,7,PEUGEOT 308,-1,-1,0,-1
2023061345645,2023,061345645,2,9,0,18,19,5,2,0,0,1,0,0,0,0,0,1,1,1,1,30,6,1200,1,6,PEUGEOT 308,2,E01005950,0,-1
2023501374250,2023,501374250,2,9,0,18,19,2,5,0,0,8,0,0,0,0,1,1,1,1,1,35,6,1199,1,0,PEUGEOT 308,3,E01020225,0,-1
2023421288115,2023,421288115,2,9,0,18,19,3,3,0,0,4,0,0,0,0,0,1,1,1,1,42,7,1500,2,2,PEUGEOT 308,3,E01015956,0,-1
2023010466874,2023,010466874,1,9,9,99,99,9,9,99,99,9,9,99,9,99,2,9,6,6,2,47,8,1560,2,7,PEUGEOT 308,2,E01003197,0,-1
2023991352633,2023,991352633,1,9,0,9,9,6,4,0,0,6,0,11,0,0,4,1,1,1,2,56,9,1499,2,0,PEUGEOT 308,3,E01008344,0,-1