collision_index,collision_year,collision_ref_no,vehicle_reference,vehicle_type,towing_and_articulation,vehicle_manoeuvre_historic,vehicle_manoeuvre,vehicle_direction_from,vehicle_direction_to,vehicle_location_restricted_lane_historic,vehicle_location_restricted_lane,junction_location,skidding_and_overturning,hit_object_in_carriageway,vehicle_leaving_carriageway,hit_object_off_carriageway,first_point_of_impact,vehicle_left_hand_drive,journey_purpose_of_driver_historic,journey_purpose_of_driver,sex_of_driver,age_of_driver,age_band_of_driver,engine_capacity_cc,propulsion_code,age_of_vehicle,generic_make_model,driver_imd_decile,lsoa_of_driver,escooter_flag,driver_distance_banding
2023302300519,2023,302300519,1,9,0,7,7,6,8,0,0,5,0,0,0,0,1,1,6,6,1,49,8,1560,2,12,PEUGEOT 308,7,E01013558,0,-1
2023131304998,2023,131304998,2,9,0,18,19,3,7,0,0,0,0,0,0,0,1,1,1,1,1,27,6,1499,2,0,PEUGEOT 308,1,E01010777,0,-1
2023031350782,2023,031350782,2,9,0,9,9,6,4,0,0,1,0,0,0,0,2,1,1,1,2,47,8,1560,2,7,PEUGEOT 308,2,E01033160,0,-1
2023061276234,2023,061276234,2,9,0,18,19,3,7,0,0,8,0,0,0,0,0,1,1,1,1,26,6,1200,1,6,PEUGEOT 308,1,E01005202,0,-1
2023061374615,2023,061374615,2,9,0,18,19,1,5,0,0,0,0,0,0,0,0,1,1,1,1,27,6,1200,1,2,PEUGEOT 308,-1,-1,0,-1
2023461382639,2023,461382639,3,9,0,18,19,4,8,0,0,0,0,0,0,0,0,1,1,1,1,48,8,1500,2,1,PEUGEOT 308,7,E01024388,0,-1
2023501301599,2023,501301599,1,9,0,-1,-1,-1,-1,0,0,8,0,0,-1,0,-1,1,6,6,2,41,7,1997,2,12,PEUGEOT 308,3,E01018918,0,-1
2023421289018,2023,421289018,2,9,0,4,4,3,1,0,0,0,0,0,0,0,1,1,1,1,1,23,5,1500,2,2,PEUGEOT 308,-1,-1,0,-1
2023451330296,2023,451330296,2,9,0,17,19,1,5,0,0,0,0,0,0,0,1,1,1,1,2,49,8,1500,2,4,PEUGEOT 308,4,E01031980,0,-1
2023991380158,2023,991380158,2,9,0,9,9,3,8,0,0,5,0,0,0,0,3,1,6,6,2,59,9,1560,2,8,PEUGEOT 308,-1,-1,0,-1
2023211354637,2023,211354637,1,9,0,5,5,5,1,9,9,0,0,0,1,0,3,1,3,7,1,56,9,1598,1,13,PEUGEOT 308,2,E01029564,0,-1
2023141285053,2023,141285053,2,9,0,5,5,7,3,0,0,6,0,0,0,0,1,1,5,6,1,77,11,1598,1,14,PEUGEOT 308,1,E01007729,0,-1
2023421381660,2023,421381660,1,9,0,18,19,1,5,0,0,8,0,0,0,0,1,1,1,1,1,24,5,1499,2,1,PEUGEOT 308,-1,-1,0,-1
2023440179344,2023,440179344,1,9,0,18,19,7,3,0,0,0,5,0,1,4,4,1,6,6,2,50,8,1200,1,9,PEUGEOT 308,7,E01022597,0,-1
2023201393307,2023,201393307,1,9,0,14,14,6,8,0,0,0,0,4,0,0,1,1,6,6,1,25,5,1598,1,15,PEUGEOT 308,2,E01008919,0,-1
2023031340425,2023,031340425,2,9,0,18,19,8,4,0,0,1,0,0,0,0,0,1,1,1,1,30,6,1500,2,2,PEUGEOT 308,2,E01019116,0,-1
202360A085919,2023,60A085919,1,9,0,18,19,6,2,0,0,0,0,0,0,0,1,1,6,6,2,61,9,1560,2,13,PEUGEOT 308,-1,-1,0,-1
2023522301517,2023,522301517,1,9,0,18,19,2,6,0,0,0,0,0,0,0,1,1,6,6,1,36,7,1560,2,8,PEUGEOT 308,4,E01014570,0,-1
2023101354605,2023,101354605,1,9,0,18,19,2,6,0,0,8,0,0,7,0,1,1,1,1,2,30,6,1200,1,3,PEUGEOT 308,-1,-1,0,-1
2023520300467,2023,520300467,2,9,0,16,19,1,5,0,0,0,0,0,0,0,3,1,6,6,2,83,11,1560,2,12,PEUGEOT 308,5,E01020512,0,-1
2023440479965,2023,440479965,1,9,0,1,1,4,8,9,9,0,0,0,0,0,2,1,6,6,1,57,9,1560,2,6,PEUGEOT 308,8,E01023282,0,-1
2023041296348,2023,041296348,1,9,0,9,9,7,1,0,0,5,0,0,0,0,1,1,6,6,2,33,6,1997,2,7,PEUGEOT 308,3,E01012676,0,-1
2023501294854,2023,501294854,3,9,0,5,5,5,6,0,0,0,0,0,0,0,3,1,5,6,1,57,9,1200,1,9,PEUGEOT 308,8,E01018823,0,-1
2023122300913,2023,122300913,2,9,0,9,9,4,2,0,0,5,0,0,0,0,3,1,6,6,2,76,11,1200,1,5,PEUGEOT 308,8,E01024861,0,-1
2023141280385,2023,141280385,1,9,0,2,2,0,0,0,0,0,0,0,0,0,1,1,6,6,3,-1,-1,1498,2,4,PEUGEOT 308,-1,-1,0,-1
2023451373619,2023,451373619,2,9,0,18,19,5,1,0,0,1,0,0,0,0,1,2,2,2,1,34,6,1598,1,14,PEUGEOT 308,10,E01030308,0,-1
2023131260539,2023,131260539,1,9,0,9,9,7,5,0,0,6,0,0,0,0,3,1,1,1,2,23,5,1498,2,4,PEUGEOT 308,5,E01011065,0,-1
2023520301631,2023,520301631,3,9,0,18,19,7,3,0,0,0,0,0,0,0,1,1,6,6,1,75,10,1560,2,10,PEUGEOT 308,6,E01029064,0,-1
2023131389172,2023,131389172,1,9,0,9,9,3,3,0,0,0,0,0,0,0,3,1,5,6,1,52,8,1200,1,5,PEUGEOT 308,7,E01010879,0,-1
2023991293329,2023,991293329,1,9,0,18,19,1,5,0,0,0,0,4,0,0,1,1,6,6,1,79,11,1560,2,9,PEUGEOT 308,6,-1,0,-1
2023061373658,2023,061373658,2,9,0,3,3,5,8,0,0,1,0,0,0,0,0,1,5,6,1,30,6,1200,1,2,PEUGEOT 308,1,E01005108,0,-1
2023461387102,2023,461387102,1,9,0,18,19,1,5,0,0,6,0,0,0,0,1,1,5,6,2,40,7,1199,1,0,PEUGEOT 308,9,E01000751,0,-1
2023440006939,2023,440006939,1,9,0,18,19,1,5,0,0,0,0,0,0,0,1,1,6,6,2,81,11,1560,2,8,PEUGEOT 308,10,E01017063,0,-1
2023302301000,2023,302301000,1,9,0,18,19,6,8,0,0,6,0,0,0,0,1,1,6,6,2,53,8,1560,2,12,PEUGEOT 308,6,E01019608,0,-1
2023440442856,2023,440442856,1,9,0,9,9,8,6,0,0,5,0,0,0,0,4,1,6,6,2,40,7,1397,1,14,PEUGEOT 308,5,E01017027,0,-1
2023340WN0662,2023,340WN0662,2,9,0,18,19,5,1,0,0,8,0,0,0,0,3,1,6,6,1,24,5,1560,2,7,PEUGEOT 308,7,E01027338,0,-1
2023552301550,2023,552301550,1,9,0,9,9,5,3,0,0,5,0,0,0,0,1,1,6,6,1,35,6,1560,2,14,PEUGEOT 308,5,E01020577,0,-1
2023440075626,2023,440075626,1,9,0,18,19,1,5,0,0,4,0,0,0,0,1,1,6,6,2,62,9,1560,2,12,PEUGEOT 308,2,E01017133,0,-1
2023522300428,2023,522300428,2,9,0,18,19,4,8,0,0,1,0,0,0,0,1,1,6,6,3,-1,-1,1560,2,11,PEUGEOT 308,-1,-1,0,-1
2023440236339,2023,440236339,2,9,0,4,4,6,2,0,0,0,0,0,0,0,2,1,1,1,1,70,10,1560,2,11,PEUGEOT 308,2,E01022900,0,-1
2023461275930,2023,461275930,2,9,0,4,4,5,1,0,0,1,0,0,0,0,1,1,5,6,1,-1,-1,1500,2,2,PEUGEOT 308,7,E01024388,0,-1
2023411335732,2023,411335732,2,9,0,18,19,1,6,0,0,5,0,0,0,0,0,1,1,1,2,25,5,1500,2,2,PEUGEOT 308,4,E01023301,0,-1
202354A905423,2023,54A905423,2,9,0,4,4,6,2,0,0,0,0,0,0,0,2,1,6,6,1,21,5,1598,1,15,PEUGEOT 308,8,E01029035,0,-1
2023302300880,2023,302300880,2,9,0,9,9,8,6,0,0,1,0,0,0,0,1,1,6,6,1,21,5,1560,2,11,PEUGEOT 308,6,E01013491,0,-1
2023440143533,2023,440143533,1,9,0,18,19,6,2,0,0,0,0,0,0,0,1,1,2,2,1,44,7,1598,1,13,PEUGEOT 308,4,E01032847,0,-1
2023471354583,2023,471354583,2,9,0,2,2,0,0,0,0,0,0,0,0,0,1,1,6,6,3,-1,-1,1560,2,8,PEUGEOT 308,-1,-1,0,-1
2023010456389,2023,010456389,1,9,0,13,13,1,5,0,0,2,0,0,0,0,0,1,6,6,1,27,6,1200,1,5,PEUGEOT 308,8,E01003897,0,-1
2023111358309,2023,111358309,2,9,0,18,19,5,1,0,0,0,0,0,0,0,0,1,1,1,1,32,6,1500,2,1,PEUGEOT 308,9,E01020702,0,-1
2023351284082,2023,351284082,1,9,0,16,19,2,6,0,0,0,0,0,0,0,1,1,5,6,1,73,10,1997,2,12,PEUGEOT 308,9,E01018296,0,-1
2023231368766,2023,231368766,1,9,0,18,19,5,1,0,0,0,0,7,8,2,4,1,6,6,2,33,6,1560,2,15,PEUGEOT 308,4,E01031109,0,-1
2023041341129,2023,041341129,1,9,0,18,19,3,7,0,0,0,0,0,0,0,1,1,6,6,2,57,9,1598,1,13,PEUGEOT 308,3,E01025577,0,-1
2023543923023,2023,543923023,2,9,0,18,19,2,6,0,0,1,0,0,0,0,1,1,6,6,2,69,10,1598,1,15,PEUGEOT 308,9,E01015501,0,-1
2023041303708,2023,041303708,1,9,0,1,1,1,3,0,0,6,0,0,0,0,2,1,1,1,2,25,5,1560,2,5,PEUGEOT 308,8,E01025420,0,-1
2023052300441,2023,052300441,1,9,0,4,4,6,2,0,0,0,0,4,0,0,4,1,6,6,2,75,10,1500,2,3,PEUGEOT 308,5,E01006687,0,-1
2023131381488,2023,131381488,3,9,0,2,2,0,0,0,0,8,0,4,0,0,1,1,6,6,3,-1,-1,1560,2,11,PEUGEOT 308,-1,-1,0,-1
2023141359128,2023,141359128,2,9,0,17,19,8,6,0,0,1,0,0,0,0,1,1,1,1,1,29,6,1499,2,0,PEUGEOT 308,7,E01008033,0,-1
2023052301602,2023,052301602,1,9,0,18,19,5,1,0,0,2,0,10,0,0,1,1,1,1,1,-1,-1,1560,2,5,PEUGEOT 308,-1,-1,0,-1
2023531273124,2023,531273124,3,9,0,2,2,0,0,0,0,0,0,0,0,0,1,1,6,6,3,-1,-1,1500,2,2,PEUGEOT 308,-1,-1,0,-1
2023131384072,2023,131384072,2,9,0,9,9,1,2,0,0,1,0,0,7,0,1,1,3,7,2,29,6,1560,2,9,PEUGEOT 308,5,E01033695,0,-1
2023991266062,2023,991266062,1,9,0,1,1,1,5,0,0,1,0,0,0,0,2,1,6,6,1,34,6,1200,1,5,PEUGEOT 308,3,-1,0,-1
2023010456257,2023,010456257,1,9,0,10,10,3,1,0,0,6,0,0,0,0,1,1,2,2,2,34,6,1200,1,4,PEUGEOT 308,2,E01002767,0,-1
2023061360622,2023,061360622,3,9,0,18,19,1,5,0,0,8,0,0,0,0,0,1,5,6,1,35,6,1200,1,4,PEUGEOT 308,-1,-1,0,-1
2023421366935,2023,421366935,1,9,0,15,15,2,7,0,0,0,1,0,0,0,1,1,5,6,1,21,5,1200,1,8,PEUGEOT 308,1,E01002852,0,-1
2023070419390,2023,070419390,3,9,0,4,4,2,6,0,0,0,0,0,0,0,2,1,2,2,1,60,9,1200,1,4,PEUGEOT 308,1,E01007179,0,-1
2023041392189,2023,041392189,1,9,0,16,19,3,5,0,0,4,0,0,0,0,1,1,5,6,1,38,7,1500,2,4,PEUGEOT 308,4,E01033072,0,-1
2023122300192,2023,122300192,1,9,0,5,5,5,3,0,0,8,0,0,7,0,1,1,6,6,2,41,7,1560,2,14,PEUGEOT 308,7,E01011571,0,-1
2023010470520,2023,010470520,2,9,0,5,5,3,7,0,0,8,1,0,0,0,1,1,1,1,1,25,5,1500,2,1,PEUGEOT 308,-1,-1,0,-1
2023170L20213,2023,170L20213,1,9,0,10,10,8,6,0,0,1,0,0,0,0,2,1,6,6,2,48,8,1560,2,6,PEUGEOT 308,7,E01012178,0,-1
2023052300832,2023,052300832,1,9,0,18,19,3,7,0,0,8,0,0,7,11,1,1,1,1,1,-1,-1,1560,2,5,PEUGEOT 308,-1,-1,0,-1
2023061445144,2023,061445144,3,9,0,5,5,3,7,0,0,1,0,0,0,0,0,1,1,1,1,30,6,1200,1,3,PEUGEOT 308,-1,-1,0,-1
2023101293005,2023,101293005,1,9,0,13,13,8,4,0,0,1,0,0,7,0,4,1,1,1,2,44,7,1200,1,3,PEUGEOT 308,2,E01008575,0,-1
2023311317842,2023,311317842,1,9,0,18,19,7,3,0,0,8,0,0,7,0,1,1,5,6,1,72,10,1560,2,14,PEUGEOT 308,9,E01028180,0,-1
2023991284225,2023,991284225,2,9,0,4,4,5,1,0,0,1,0,0,0,0,1,1,6,6,2,42,7,1200,1,6,PEUGEOT 308,8,-1,0,-1
2023131373023,2023,131373023,2,9,0,18,19,1,1,0,0,1,0,7,0,0,4,1,1,1,1,31,6,1560,2,5,PEUGEOT 308,7,E01011775,0,-1
2023320716102,2023,320716102,1,9,0,18,19,6,2,0,0,0,0,4,0,0,1,1,6,6,1,34,6,1560,2,14,PEUGEOT 308,9,E01026304,0,-1
2023161311417,2023,161311417,1,9,-1,7,7,3,5,0,0,8,0,0,0,0,1,1,5,6,1,51,8,1560,2,6,PEUGEOT 308,9,E01013243,0,-1
2023010473224,2023,010473224,2,9,0,99,99,9,9,99,99,5,9,99,9,99,1,9,6,6,3,-1,-1,1200,1,4,PEUGEOT 308,3,E01004217,0,-1
2023411368971,2023,411368971,4,9,0,18,19,3,7,0,0,0,0,0,0,0,4,1,1,1,1,-1,-1,1499,2,0,PEUGEOT 308,-1,-1,0,-1
2023421359278,2023,421359278,1,9,0,18,19,2,6,0,0,0,0,0,0,0,1,1,5,6,1,-1,-1,1560,2,10,PEUGEOT 308,4,E01021999,0,-1
2023471297581,2023,471297581,2,9,0,18,19,2,6,0,0,0,0,0,1,0,1,1,5,6,2,45,7,1200,1,6,PEUGEOT 308,9,E01020954,0,-1
2023440168266,2023,440168266,1,9,0,9,9,2,8,0,0,5,0,0,0,0,4,1,6,6,2,30,6,1560,2,15,PEUGEOT 308,10,E01023180,0,-1
2023131320895,2023,131320895,2,9,0,18,19,8,4,0,0,0,0,0,1,1,3,1,1,1,1,31,6,1498,2,3,PEUGEOT 308,2,E01011370,0,-1
2023052300740,2023,052300740,3,9,0,2,2,0,0,0,0,0,0,0,0,0,0,1,1,1,1,-1,-1,1500,2,4,PEUGEOT 308,-1,-1,0,-1
2023332300190,2023,332300190,2,9,0,16,19,2,5,0,0,0,0,0,1,11,1,1,1,1,1,31,6,1200,1,3,PEUGEOT 308,4,E01025742,0,-1
2023161359069,2023,161359069,1,9,0,16,19,6,2,0,0,0,5,0,7,0,1,1,5,6,1,24,5,1598,1,6,PEUGEOT 308,4,E01013146,0,-1
2023302300889,2023,302300889,2,9,0,11,11,2,6,0,0,0,0,0,0,0,4,1,6,6,1,58,9,1397,1,15,PEUGEOT 308,1,E01013533,0,-1
2023041381887,2023,041381887,1,9,0,18,19,7,3,0,0,1,0,4,0,0,1,1,6,6,1,32,6,1560,2,14,PEUGEOT 308,2,E01012745,0,-1
2023131295836,2023,131295836,3,9,0,18,19,5,1,0,0,1,0,0,0,0,0,1,1,1,1,-1,-1,1498,2,2,PEUGEOT 308,-1,-1,0,-1
2023471284524,2023,471284524,1,9,0,16,19,6,1,0,0,0,0,0,0,0,3,1,5,6,2,75,10,1560,2,14,PEUGEOT 308,9,E01021115,0,-1
2023131323210,2023,131323210,1,9,0,13,13,8,8,0,0,1,0,0,0,0,4,1,1,1,1,34,6,1500,2,1,PEUGEOT 308,6,E01011599,0,-1
2023371394291,2023,371394291,2,9,0,4,4,1,5,0,0,0,0,0,0,0,2,1,5,6,2,33,6,1560,2,9,PEUGEOT 308,5,E01030281,0,-1
2023501374077,2023,501374077,2,9,0,18,19,4,8,0,0,0,0,0,0,0,1,1,5,6,2,51,8,1560,2,11,PEUGEOT 308,4,E01020138,0,-1
2023010427112,2023,010427112,1,9,0,99,99,9,9,0,0,8,0,0,0,0,2,9,6,6,1,75,10,1200,1,9,PEUGEOT 308,4,E01002487,0,-1
2023991289273,2023,991289273,2,9,0,18,19,7,3,0,0,1,0,0,0,0,4,1,5,6,1,63,9,1560,2,8,PEUGEOT 308,10,-1,0,-1
2023201443145,2023,201443145,1,9,0,7,7,6,8,0,0,6,0,0,0,0,4,1,6,6,2,-1,-1,1500,2,2,PEUGEOT 308,-1,-1,0,-1
2023302300985,2023,302300985,2,9,0,18,19,6,2,0,0,0,0,0,0,0,1,1,6,6,1,23,5,1560,2,9,PEUGEOT 308,8,E01013546,0,-1
2023471363090,2023,471363090,1,9,0,9,9,7,3,0,0,0,0,0,0,0,3,1,5,6,2,53,8,1560,2,8,PEUGEOT 308,8,E01021041,0,-1
2023211297308,2023,211297308,1,9,0,9,9,1,6,0,0,0,0,0,0,0,3,1,2,2,1,46,8,1560,2,14,PEUGEOT 308,-1,-1,0,-1
2023052301878,2023,052301878,2,9,0,18,19,8,2,0,0,1,0,0,0,0,1,1,1,1,1,-1,-1,1500,2,3,PEUGEOT 308,2,E01007218,0,-1
2023332300525,2023,332300525,1,9,0,3,3,5,1,0,0,0,0,0,0,0,2,1,6,6,1,39,7,1560,2,8,PEUGEOT 308,6,E01028416,0,-1
202360A109273,2023,60A109273,2,9,0,18,19,6,2,0,0,8,1,0,0,0,4,1,6,6,2,78,11,1560,2,11,PEUGEOT 308,-1,-1,0,-1
2023061360065,2023,061360065,1,9,0,18,19,2,6,0,0,1,0,0,0,0,1,1,1,1,1,25,5,1200,1,6,PEUGEOT 308,-1,-1,0,-1
2023052302066,2023,052302066,1,9,0,18,19,5,1,0,0,8,0,0,0,0,1,1,1,1,1,-1,-1,1500,2,3,PEUGEOT 308,-1,-1,0,-1
2023131306845,2023,131306845,1,9,0,18,19,1,5,0,0,2,0,0,0,0,0,1,1,1,3,30,6,1498,2,3,PEUGEOT 308,1,E01010730,0,-1
2023101341609,2023,101341609,2,9,0,-1,-1,4,8,-1,-1,0,-1,-1,-1,0,2,1,6,6,1,43,7,1560,2,11,PEUGEOT 308,3,E01008318,0,-1
2023320567201,2023,320567201,1,9,0,16,19,4,8,0,0,1,0,0,0,0,1,1,6,6,1,50,8,1560,2,11,PEUGEOT 308,-1,-1,0,-1
2023010457437,2023,010457437,1,9,0,17,19,7,3,0,0,1,0,0,0,0,3,1,1,1,1,29,6,1200,1,6,PEUGEOT 308,4,E01001247,0,-1
2023010477596,2023,010477596,1,9,0,3,3,3,7,0,0,0,0,4,0,0,1,1,6,6,1,34,6,1200,1,8,PEUGEOT 308,2,E01001257,0,-1
2023531283411,2023,531283411,3,9,0,4,4,2,6,0,0,0,0,0,0,0,1,1,5,6,1,43,7,1500,2,2,PEUGEOT 308,10,E01022135,0,-1
2023131272489,2023,131272489,2,9,0,9,9,6,8,0,0,0,0,0,0,0,1,1,1,1,1,-1,-1,1560,2,5,PEUGEOT 308,1,E01010807,0,-1
2023340WN5922,2023,340WN5922,1,9,0,5,5,6,2,0,0,4,0,0,0,0,1,1,6,6,2,39,7,1200,1,3,PEUGEOT 308,5,E01027179,0,-1
2023501383374,2023,501383374,1,9,0,9,9,3,1,0,0,1,1,0,0,0,1,1,6,6,1,66,10,1560,2,10,PEUGEOT 308,7,E01020511,0,-1
2023131344420,2023,131344420,3,9,0,18,19,5,1,0,0,1,0,0,0,0,0,1,1,1,1,47,8,1498,2,3,PEUGEOT 308,7,E01011569,0,-1
2023010432384,2023,010432384,1,9,0,3,3,7,3,0,0,0,0,0,0,0,1,1,1,1,1,38,7,1200,1,5,PEUGEOT 308,7,E01000675,0,-1
2023991375468,2023,991375468,1,9,0,5,5,5,1,0,0,4,0,0,0,0,1,1,6,6,1,57,9,1560,2,11,PEUGEOT 308,1,-1,0,-1
2023010431714,2023,010431714,3,9,0,18,19,6,2,0,0,0,0,0,0,0,1,1,6,6,3,-1,-1,1200,1,6,PEUGEOT 308,-1,-1,0,-1
2023052302836,2023,052302836,2,9,0,4,4,7,3,0,0,0,0,0,0,0,2,1,6,6,1,67,10,1397,1,12,PEUGEOT 308,3,E01006575,0,-1
2023421375805,2023,421375805,3,9,0,9,9,5,3,0,0,0,0,0,0,0,0,1,1,1,1,28,6,1500,2,2,PEUGEOT 308,8,E01021544,0,-1
2023461355880,2023,461355880,1,9,0,9,9,7,5,0,0,1,0,0,0,0,1,1,3,7,2,35,6,1598,1,14,PEUGEOT 308,4,E01024694,0,-1
2023010467882,2023,010467882,3,9,0,18,19,3,7,0,0,1,0,0,0,0,0,1,6,6,1,29,6,1200,1,1,PEUGEOT 308,6,E01024783,0,-1
2023010436642,2023,010436642,2,9,0,99,99,9,9,99,99,9,9,99,9,99,1,9,6,6,3,-1,-1,1397,1,12,PEUGEOT 308,-1,-1,0,-1
2023421344897,2023,421344897,3,9,0,3,3,7,3,0,0,0,0,0,0,0,0,1,1,1,1,32,6,1499,2,1,PEUGEOT 308,5,E01033141,0,-1
2023522301137,2023,522301137,1,9,0,99,99,3,7,0,0,0,0,99,0,0,1,1,6,6,1,55,8,1200,1,4,PEUGEOT 308,10,E01014885,0,-1
2023622300451,2023,622300451,1,9,0,9,9,2,8,0,0,5,0,0,0,0,1,1,6,6,1,63,9,1598,1,12,PEUGEOT 308,3,W01001066,0,-1
2023461284677,2023,461284677,1,9,0,18,19,3,7,0,0,0,1,0,0,0,3,1,1,1,1,26,6,1500,2,1,PEUGEOT 308,-1,-1,0,-1
2023041311586,2023,041311586,1,9,0,18,19,1,5,0,0,8,1,7,0,0,1,1,1,1,1,22,5,1560,2,6,PEUGEOT 308,7,E01025169,0,-1
2023351392977,2023,351392977,2,9,0,18,19,5,1,0,0,1,0,0,0,0,1,1,6,6,1,58,9,1560,2,10,PEUGEOT 308,8,E01013450,0,-1
2023031345300,2023,031345300,1,9,0,9,9,4,1,0,0,3,1,10,7,0,1,1,1,1,1,34,6,1500,2,2,PEUGEOT 308,1,E01019280,0,-1
2023320150553,2023,320150553,2,9,0,18,19,2,6,0,0,8,0,0,0,0,1,1,6,6,2,31,6,1598,1,13,PEUGEOT 308,7,E01026029,0,-1
2023411344804,2023,411344804,2,9,0,9,9,8,4,0,0,4,0,0,0,0,4,1,2,2,1,30,6,1560,2,11,PEUGEOT 308,8,E01023729,0,-1
2023520400965,2023,520400965,2,9,0,18,19,2,6,0,0,0,0,0,0,0,1,1,6,6,1,79,11,1560,2,8,PEUGEOT 308,7,E01029130,0,-1
2023351305718,2023,351305718,2,9,0,10,10,1,7,0,0,0,0,0,0,0,2,1,5,6,2,54,8,1598,1,9,PEUGEOT 308,8,E01018152,0,-1
2023211278567,2023,211278567,1,9,0,4,4,7,3,9,9,8,0,7,0,0,1,1,1,1,1,28,6,1560,2,5,PEUGEOT 308,2,E01014302,0,-1
2023131322238,2023,131322238,1,9,0,5,5,3,1,0,0,0,0,0,0,0,1,1,6,6,3,-1,-1,1499,2,0,PEUGEOT 308,-1,-1,0,-1
2023471351679,2023,471351679,1,9,0,18,19,7,3,0,0,0,0,0,0,0,4,2,1,1,1,38,7,1598,1,12,PEUGEOT 308,8,E01032838,0,-1
2023545781223,2023,545781223,1,9,0,18,19,7,3,0,0,0,0,0,0,0,1,1,6,6,1,-1,-1,1560,2,10,PEUGEOT 308,-1,-1,0,-1
2023141280667,2023,141280667,2,9,0,18,19,1,3,0,0,1,0,0,0,0,1,1,1,1,2,50,8,1560,2,4,PEUGEOT 308,2,E01007451,0,-1
2023041271999,2023,041271999,3,9,0,3,3,5,1,0,0,1,0,0,0,0,2,1,6,6,1,70,10,1560,2,10,PEUGEOT 308,7,E01012727,0,-1
2023401291304,2023,401291304,3,9,0,18,19,3,7,0,0,0,0,0,0,0,0,1,1,1,1,27,6,1500,2,2,PEUGEOT 308,-1,-1,0,-1
2023141339175,2023,141339175,1,9,0,4,4,8,4,0,0,0,0,0,0,0,1,1,1,1,1,22,5,1498,2,4,PEUGEOT 308,2,E01007336,0,-1
2023991295073,2023,991295073,2,9,0,2,2,0,0,0,0,0,1,0,1,0,2,1,6,6,3,-1,-1,1500,2,2,PEUGEOT 308,-1,-1,0,-1
2023061297278,2023,061297278,1,9,0,18,19,5,1,0,0,1,0,0,0,0,1,1,6,6,3,30,6,1200,1,7,PEUGEOT 308,-1,-1,0,-1
2023101375996,2023,101375996,1,9,0,18,19,2,4,0,0,0,0,0,8,11,3,1,1,1,2,35,6,1200,1,2,PEUGEOT 308,-1,-1,0,-1
2023101324312,2023,101324312,2,9,0,7,7,3,7,0,0,0,0,0,0,0,2,1,5,6,2,34,6,1200,1,7,PEUGEOT 308,4,E01008247,0,-1
2023201453252,2023,201453252,2,9,0,18,19,3,7,0,0,1,0,0,0,0,0,1,1,1,2,25,5,1500,2,2,PEUGEOT 308,3,E01008950,0,-1
2023461274336,2023,461274336,2,9,0,18,19,4,8,0,0,0,0,0,0,0,2,1,6,6,2,38,7,1200,1,2,PEUGEOT 308,6,E01024096,0,-1
2023461340157,2023,461340157,3,9,0,18,19,1,5,0,0,0,0,0,0,0,2,1,5,6,2,48,8,1560,2,7,PEUGEOT 308,6,E01032817,0,-1
2023131317903,2023,131317903,2,9,0,17,19,7,3,0,0,0,0,0,0,0,3,1,6,6,1,57,9,1560,2,14,PEUGEOT 308,6,E01010922,0,-1
2023501391434,2023,501391434,2,9,0,18,19,7,3,0,0,0,0,0,0,0,1,1,2,2,1,62,9,1560,2,8,PEUGEOT 308,4,E01018862,0,-1
2023461348770,2023,461348770,2,9,0,18,19,3,7,0,0,1,0,0,0,0,1,1,1,1,1,-1,-1,1500,2,2,PEUGEOT 308,-1,-1,0,-1
2023010447697,2023,010447697,2,9,0,99,99,9,9,99,99,9,9,99,9,99,2,9,6,6,2,-1,-1,1560,2,8,PEUGEOT 308,3,E01015666,0,-1
2023131379593,2023,131379593,6,9,0,18,19,7,3,0,0,0,0,0,0,0,0,1,1,1,1,25,5,1499,2,0,PEUGEOT 308,-1,-1,0,-1
2023201395961,2023,201395961,3,9,0,18,19,7,3,0,0,8,0,10,7,0,3,1,6,6,1,76,11,1200,1,4,PEUGEOT 308,3,E01010496,0,-1
2023991314332,2023,991314332,1,9,0,18,19,8,4,0,0,0,0,0,0,0,1,1,1,1,1,45,7,1560,2,15,PEUGEOT 308,2,-1,0,-1
2023401349155,2023,401349155,2,9,0,13,13,4,8,0,0,0,0,0,0,0,1,1,1,1,1,22,5,1499,2,0,PEUGEOT 308,2,E01015794,0,-1
2023461369038,2023,461369038,1,9,0,18,19,4,8,0,0,0,1,0,0,0,1,1,6,6,1,48,8,1200,1,7,PEUGEOT 308,3,E01024529,0,-1
2023161284091,2023,161284091,1,9,0,3,3,1,5,0,0,1,0,0,0,0,2,1,2,2,1,46,8,1560,2,9,PEUGEOT 308,3,E01013282,0,-1
2023131289208,2023,131289208,3,9,0,18,19,8,4,0,0,1,0,0,0,0,0,1,5,6,1,28,6,1498,2,3,PEUGEOT 308,5,E01010604,0,-1
2023141280217,2023,141280217,2,9,0,2,2,0,0,0,0,0,0,0,0,0,3,1,1,1,1,30,6,1500,2,1,PEUGEOT 308,1,E01007645,0,-1
2023010475977,2023,010475977,1,9,0,18,19,6,2,0,0,8,0,10,0,0,1,1,6,6,2,44,7,1200,1,4,PEUGEOT 308,4,E01033589,0,-1
2023141305508,2023,141305508,2,9,0,13,13,3,7,0,0,8,0,0,0,0,1,1,1,1,2,25,5,1500,2,2,PEUGEOT 308,8,E01007994,0,-1
2023010480146,2023,010480146,3,9,0,14,14,4,8,0,0,6,0,0,0,0,0,1,6,6,1,34,6,1200,1,5,PEUGEOT 308,7,E01000675,0,-1
2023061368304,2023,061368304,5,9,0,2,2,0,0,0,0,0,0,0,0,0,4,1,6,6,3,-1,-1,1200,1,3,PEUGEOT 308,-1,-1,0,-1