collision_index,collision_year,collision_ref_no,vehicle_reference,vehicle_type,towing_and_articulation,vehicle_manoeuvre_historic,vehicle_manoeuvre,vehicle_direction_from,vehicle_direction_to,vehicle_location_restricted_lane_historic,vehicle_location_restricted_lane,junction_location,skidding_and_overturning,hit_object_in_carriageway,vehicle_leaving_carriageway,hit_object_off_carriageway,first_point_of_impact,vehicle_left_hand_drive,journey_purpose_of_driver_historic,journey_purpose_of_driver,sex_of_driver,age_of_driver,age_band_of_driver,engine_capacity_cc,propulsion_code,age_of_vehicle,generic_make_model,driver_imd_decile,lsoa_of_driver,escooter_flag,driver_distance_banding
2023061395066,2023,061395066,2,9,0,9,9,6,4,0,0,1,1,0,0,0,2,1,6,6,1,27,6,998,1,8,CITROEN C1,3,E01006272,0,-1
2023471269002,2023,471269002,1,9,0,9,9,1,5,0,0,0,0,0,0,0,1,1,4,7,2,18,4,998,1,14,CITROEN C1,5,E01021195,0,-1
2023010463077,2023,010463077,3,9,0,2,2,0,0,0,0,0,0,0,0,0,4,1,6,6,3,-1,-1,998,1,14,CITROEN C1,-1,-1,0,-1
2023041340273,2023,041340273,1,9,0,18,19,1,5,0,0,1,0,0,0,0,1,1,6,6,1,40,7,998,1,17,CITROEN C1,1,E01012736,0,-1
2023471345292,2023,471345292,1,9,0,7,7,7,2,0,0,2,0,0,0,0,1,1,5,6,1,18,4,998,1,13,CITROEN C1,9,E01021156,0,-1
2023501392836,2023,501392836,4,9,0,18,19,6,2,0,0,1,0,0,0,0,1,1,6,6,1,41,7,998,1,16,CITROEN C1,6,E01018845,0,-1
2023201300734,2023,201300734,1,9,0,9,9,3,1,0,0,8,1,10,0,0,4,1,6,6,2,21,5,998,1,13,CITROEN C1,1,E01006950,0,-1
2023031381461,2023,031381461,1,9,0,9,9,8,5,0,0,6,0,0,0,0,1,1,6,6,1,89,11,1398,2,14,CITROEN C1,6,E01019131,0,-1
2023440030446,2023,440030446,2,9,0,18,19,5,1,0,0,1,0,0,0,0,1,1,6,6,2,76,11,998,1,7,CITROEN C1,7,E01017367,0,-1
2023111286538,2023,111286538,2,9,0,10,10,4,6,0,0,1,0,0,0,0,2,1,3,7,2,26,6,998,1,8,CITROEN C1,6,E01020642,0,-1
2023440524493,2023,440524493,1,9,0,18,19,5,1,0,0,2,0,0,0,0,1,1,6,6,2,84,11,998,1,7,CITROEN C1,7,E01022561,0,-1
2023010439006,2023,010439006,2,9,0,99,99,9,9,99,99,9,9,99,9,99,1,9,6,6,2,-1,-1,998,1,12,CITROEN C1,-1,-1,0,-1
202363D009923,2023,63D009923,2,9,0,17,19,4,1,0,0,0,0,0,0,0,1,1,6,6,1,18,4,998,1,9,CITROEN C1,6,W01000647,0,-1
2023201284731,2023,201284731,1,9,0,9,9,1,7,0,0,5,0,0,0,0,3,1,6,6,1,19,4,998,1,16,CITROEN C1,1,E01010367,0,-1
2023361322062,2023,361322062,2,9,0,18,19,7,3,0,0,2,0,0,0,0,1,1,6,6,2,19,4,998,1,10,CITROEN C1,4,E01016784,0,-1
2023010458767,2023,010458767,2,9,0,9,9,3,8,0,0,6,0,0,0,0,1,1,6,6,1,28,6,998,1,13,CITROEN C1,9,E01000751,0,-1
2023451281699,2023,451281699,1,9,0,18,19,1,5,0,0,4,0,0,0,0,1,1,3,7,2,39,7,998,1,8,CITROEN C1,10,E01030777,0,-1
2023041376848,2023,041376848,1,9,0,17,19,1,3,0,0,1,0,0,0,0,1,1,5,6,2,48,8,1200,1,7,CITROEN C1,8,E01024978,0,-1
2023622300773,2023,622300773,1,9,0,18,19,4,8,0,0,2,0,0,0,0,1,1,6,6,2,23,5,998,1,15,CITROEN C1,5,W01001033,0,-1
2023221294902,2023,221294902,1,9,0,17,19,6,2,0,0,1,0,0,1,2,1,1,5,6,2,18,4,998,1,11,CITROEN C1,4,E01005850,0,-1
2023041337959,2023,041337959,1,9,0,1,1,7,3,0,0,1,0,0,0,0,2,1,5,6,1,46,8,1200,1,5,CITROEN C1,5,E01025050,0,-1
2023211295787,2023,211295787,1,9,0,11,11,3,7,0,0,0,0,0,0,0,2,1,2,2,2,24,5,998,1,8,CITROEN C1,3,E01029850,0,-1
2023221276130,2023,221276130,1,9,0,5,5,2,6,0,0,8,0,0,0,0,1,1,6,6,1,49,8,1200,1,6,CITROEN C1,5,E01032295,0,-1
2023440303934,2023,440303934,2,9,0,13,13,1,5,0,0,0,0,0,0,0,1,1,6,6,1,-1,-1,998,1,8,CITROEN C1,-1,-1,0,-1
2023631375047,2023,631375047,1,9,0,18,19,7,3,0,0,0,0,0,1,10,1,1,5,6,2,81,11,998,1,2,CITROEN C1,5,W01000696,0,-1
2023201356118,2023,201356118,1,9,0,18,19,8,4,0,0,0,2,10,1,3,1,1,2,2,2,22,5,998,1,2,CITROEN C1,1,E01009503,0,-1
2023552301173,2023,552301173,1,9,0,9,9,3,1,5,5,6,0,0,0,0,4,1,6,6,2,23,5,998,1,16,CITROEN C1,9,E01020385,0,-1
2023201405859,2023,201405859,1,9,0,18,19,1,5,0,0,0,1,7,0,0,1,1,6,6,2,29,6,998,1,14,CITROEN C1,8,E01029844,0,-1
2023430165106,2023,430165106,2,9,0,18,19,7,3,0,0,8,0,0,0,0,3,1,6,6,2,50,8,998,1,8,CITROEN C1,10,E01028741,0,-1
2023501355715,2023,501355715,2,9,0,2,2,0,0,0,0,0,0,0,0,0,2,1,6,6,3,-1,-1,998,1,14,CITROEN C1,-1,-1,0,-1
2023061388737,2023,061388737,1,9,0,18,19,7,3,0,0,8,0,0,0,0,1,1,2,2,2,58,9,998,1,11,CITROEN C1,8,E01004892,0,-1
2023461372734,2023,461372734,1,9,0,18,19,3,7,0,0,1,1,0,7,0,1,1,6,6,1,40,7,998,1,8,CITROEN C1,8,E01024158,0,-1
2023340WN2482,2023,340WN2482,2,9,0,18,19,1,5,0,0,0,5,0,2,0,2,1,6,6,1,23,5,998,1,12,CITROEN C1,1,E01013942,0,-1
2023170L21253,2023,170L21253,4,9,0,2,2,0,0,0,0,0,0,0,0,0,2,1,6,6,1,-1,-1,998,1,7,CITROEN C1,-1,-1,0,-1
2023201327637,2023,201327637,1,9,0,18,19,4,8,0,0,6,1,0,0,0,1,1,6,6,1,18,4,998,1,15,CITROEN C1,1,E01009182,0,-1
2023211334607,2023,211334607,1,9,-1,-1,-1,6,2,-1,-1,0,-1,-1,-1,0,-1,1,6,6,2,-1,-1,998,1,13,CITROEN C1,-1,-1,0,-1
2023061284859,2023,061284859,1,9,0,18,19,6,3,0,0,1,0,0,0,0,2,1,6,6,3,30,6,998,1,8,CITROEN C1,6,E01025122,0,-1
2023302301352,2023,302301352,1,9,0,16,19,4,6,0,0,2,0,0,7,11,1,1,6,6,2,23,5,998,1,16,CITROEN C1,-1,-1,0,-1
2023531273797,2023,531273797,2,9,0,18,19,1,5,0,0,1,0,0,0,0,1,1,5,6,1,27,6,1200,1,6,CITROEN C1,3,E01022121,0,-1
2023131311501,2023,131311501,1,9,0,18,19,4,1,0,0,0,0,0,0,0,1,1,6,6,1,23,5,1199,1,8,CITROEN C1,6,E01010956,0,-1
2023451384061,2023,451384061,1,9,0,18,19,3,7,0,0,2,0,0,0,0,4,1,6,6,2,18,4,998,1,14,CITROEN C1,9,E01030644,0,-1
2023201418203,2023,201418203,1,9,0,18,19,5,1,0,0,0,0,0,0,0,1,1,6,6,2,45,7,998,1,10,CITROEN C1,2,E01010270,0,-1
2023070250651,2023,070250651,1,9,0,5,5,7,3,0,0,5,0,0,0,0,1,1,6,6,2,51,8,998,1,12,CITROEN C1,1,E01018476,0,-1
2023371337910,2023,371337910,1,9,0,18,19,1,5,0,0,8,0,0,0,0,3,1,5,6,2,20,4,998,1,15,CITROEN C1,5,E01004343,0,-1
2023451324755,2023,451324755,1,9,0,18,19,5,1,0,0,0,0,0,0,0,4,1,5,6,1,31,6,998,1,7,CITROEN C1,7,E01030938,0,-1
202363C008523,2023,63C008523,1,9,0,18,19,2,6,0,0,0,0,0,2,10,4,1,6,6,2,18,4,998,1,16,CITROEN C1,6,W01000571,0,-1
2023061318417,2023,061318417,2,9,0,3,3,1,6,0,0,1,0,0,0,0,1,1,6,6,2,30,6,998,1,14,CITROEN C1,5,E01025030,0,-1
2023201338836,2023,201338836,2,9,0,18,19,5,1,0,0,8,0,0,0,0,3,1,6,6,2,27,6,1200,1,6,CITROEN C1,4,E01009423,0,-1
2023471351027,2023,471351027,1,9,0,18,19,2,6,0,0,2,0,0,0,0,1,2,2,2,2,22,5,998,1,8,CITROEN C1,10,E01031666,0,-1
2023161262702,2023,161262702,1,9,0,4,4,5,1,0,0,1,0,0,0,0,1,1,5,6,2,57,9,1200,1,7,CITROEN C1,6,E01012982,0,-1
2023302301091,2023,302301091,1,9,0,16,19,6,8,0,0,8,0,0,0,0,1,1,6,6,2,67,10,998,1,10,CITROEN C1,10,E01029770,0,-1
2023610001923,2023,610001923,3,9,0,16,19,6,1,0,0,0,0,0,0,0,1,1,1,1,1,50,8,998,1,13,CITROEN C1,1,W01001334,0,-1
2023471260045,2023,471260045,2,9,0,3,3,3,7,0,0,1,0,0,0,0,2,1,6,6,2,60,9,1200,1,6,CITROEN C1,8,E01016962,0,-1
2023122301050,2023,122301050,2,9,0,18,19,5,8,0,0,4,0,0,0,0,1,1,6,6,2,17,4,998,1,15,CITROEN C1,7,E01027761,0,-1
2023461338120,2023,461338120,1,9,0,18,19,1,7,0,0,0,0,0,0,0,4,1,5,6,2,48,8,998,1,15,CITROEN C1,3,E01024001,0,-1
2023201314947,2023,201314947,1,9,0,18,19,6,2,0,0,0,0,0,0,0,1,1,5,6,1,28,6,998,1,14,CITROEN C1,1,E01009889,0,-1
2023041322207,2023,041322207,1,9,0,9,9,1,7,0,0,0,0,0,0,0,1,1,5,6,2,42,7,998,1,13,CITROEN C1,6,E01025265,0,-1
2023041316048,2023,041316048,2,9,0,3,3,1,5,0,0,0,0,0,0,0,2,1,5,6,2,24,5,998,1,15,CITROEN C1,8,E01025411,0,-1
2023131290489,2023,131290489,3,9,0,18,19,6,2,0,0,8,0,0,0,0,0,2,6,6,2,64,9,998,1,13,CITROEN C1,9,E01011508,0,-1
2023440181800,2023,440181800,2,9,0,2,2,0,0,0,0,0,0,0,0,0,2,1,6,6,3,-1,-1,998,1,15,CITROEN C1,-1,-1,0,-1
2023131281575,2023,131281575,1,9,0,7,7,1,1,0,0,8,1,0,0,0,1,1,5,6,2,19,4,998,1,11,CITROEN C1,8,E01011187,0,-1
2023101307626,2023,101307626,2,9,0,4,4,3,7,0,0,0,0,0,0,0,2,1,2,2,1,31,6,998,1,14,CITROEN C1,2,E01008481,0,-1
2023141270956,2023,141270956,1,9,0,1,1,8,4,0,0,8,0,0,0,0,3,1,5,6,2,59,9,998,1,9,CITROEN C1,2,E01007395,0,-1
2023170L40133,2023,170L40133,1,9,0,18,19,5,1,0,0,4,0,0,0,0,1,1,6,6,2,56,9,998,1,2,CITROEN C1,6,E01012098,0,-1
2023522400384,2023,522400384,1,9,0,9,9,7,5,0,0,8,5,0,0,0,4,1,6,6,2,20,4,998,1,11,CITROEN C1,9,E01014993,0,-1
2023122300322,2023,122300322,1,9,0,9,9,7,5,0,0,8,0,0,0,0,4,1,6,6,2,29,6,1200,1,7,CITROEN C1,6,E01027684,0,-1
2023540495223,2023,540495223,1,9,0,7,7,5,8,0,0,8,1,0,7,4,1,1,6,6,2,19,4,998,1,11,CITROEN C1,6,E01032011,0,-1
2023311282660,2023,311282660,2,9,0,9,9,7,5,0,0,6,0,0,0,0,1,1,5,6,1,22,5,998,1,8,CITROEN C1,8,E01028178,0,-1
2023522400106,2023,522400106,2,9,0,17,19,7,5,0,0,0,0,0,0,0,3,1,6,6,2,32,6,998,1,14,CITROEN C1,8,E01014854,0,-1
2023471286411,2023,471286411,1,9,0,18,19,7,3,0,0,1,0,0,0,0,1,1,2,2,1,19,4,998,1,17,CITROEN C1,9,E01020954,0,-1
2023361333670,2023,361333670,2,9,0,4,4,7,3,0,0,0,0,0,0,0,2,1,6,6,1,49,8,998,1,9,CITROEN C1,10,E01026815,0,-1
2023231274249,2023,231274249,1,9,0,9,9,8,6,0,0,6,0,0,0,0,3,1,6,6,2,42,7,998,1,3,CITROEN C1,4,E01031045,0,-1
2023111376181,2023,111376181,1,9,0,18,19,3,7,0,0,0,0,0,0,0,1,1,5,6,2,26,6,998,1,2,CITROEN C1,-1,-1,0,-1
2023421354345,2023,421354345,2,9,0,8,8,8,1,0,0,1,0,0,0,0,2,1,5,6,2,46,8,998,1,3,CITROEN C1,6,E01021917,0,-1
2023131348942,2023,131348942,2,9,0,18,19,7,3,0,0,0,5,6,0,0,3,1,5,6,2,28,6,1200,1,7,CITROEN C1,6,E01011446,0,-1
2023501371521,2023,501371521,1,9,-1,9,9,5,3,0,0,1,0,0,0,0,4,1,1,1,1,26,6,998,1,14,CITROEN C1,8,E01014797,0,-1
2023461332982,2023,461332982,1,9,0,9,9,1,5,0,0,6,1,0,0,0,1,1,5,6,1,-1,-1,998,1,15,CITROEN C1,8,E01024024,0,-1
2023461351660,2023,461351660,2,9,0,5,5,3,7,0,0,8,0,0,0,0,1,1,6,6,2,28,6,998,1,2,CITROEN C1,4,E01016177,0,-1
2023231321865,2023,231321865,1,9,0,9,9,3,1,0,0,6,0,10,0,0,1,1,5,6,2,94,11,998,1,16,CITROEN C1,10,E01031100,0,-1
2023122400264,2023,122400264,1,9,0,18,19,2,6,0,0,0,0,0,0,0,3,1,6,6,2,17,4,998,1,13,CITROEN C1,10,E01013371,0,-1
2023010460538,2023,010460538,1,9,0,18,19,3,7,0,0,1,0,0,0,0,4,9,6,6,3,-1,-1,998,1,11,CITROEN C1,-1,-1,0,-1
2023471338318,2023,471338318,2,9,0,4,4,2,6,0,0,1,0,0,0,0,2,1,5,6,2,20,4,998,1,17,CITROEN C1,8,E01031542,0,-1
2023610013923,2023,610013923,1,9,0,9,9,2,8,0,0,8,0,0,0,0,3,1,6,6,1,23,5,998,1,12,CITROEN C1,2,W01001079,0,-1
2023141261785,2023,141261785,2,9,0,18,19,5,1,0,0,0,0,0,0,0,1,1,2,2,1,20,4,1199,1,8,CITROEN C1,3,E01007971,0,-1
2023501355661,2023,501355661,1,9,0,18,19,7,3,0,0,0,0,0,7,11,3,1,6,6,2,20,4,998,1,18,CITROEN C1,-1,-1,0,-1
2023471370468,2023,471370468,1,9,0,18,19,5,1,0,0,1,0,0,0,0,3,1,3,7,2,51,8,998,1,15,CITROEN C1,8,E01021214,0,-1
2023221286448,2023,221286448,1,9,0,18,19,1,5,0,0,8,2,10,7,1,4,1,2,2,1,22,5,998,1,10,CITROEN C1,8,E01014061,0,-1
2023411298468,2023,411298468,2,9,0,17,19,8,4,0,0,0,0,0,1,0,1,1,5,6,1,-1,-1,998,1,12,CITROEN C1,-1,-1,0,-1
2023311275364,2023,311275364,1,9,0,9,9,7,3,0,0,5,0,0,0,0,1,1,5,6,2,18,4,998,1,9,CITROEN C1,5,E01027998,0,-1
2023010435526,2023,010435526,1,9,0,1,1,5,1,0,0,1,0,0,0,0,2,1,6,6,2,62,9,998,1,8,CITROEN C1,9,E01002535,0,-1
2023041288002,2023,041288002,1,9,0,5,5,5,1,0,0,3,0,0,0,0,4,1,5,6,2,30,6,998,1,7,CITROEN C1,2,E01012640,0,-1
2023101367956,2023,101367956,1,9,0,18,19,8,4,0,0,8,0,0,0,0,1,1,6,6,2,23,5,998,1,16,CITROEN C1,-1,-1,0,-1
2023010451647,2023,010451647,2,9,0,99,99,9,9,99,99,0,9,99,9,99,1,9,6,6,3,-1,-1,998,1,11,CITROEN C1,-1,-1,0,-1
2023221324810,2023,221324810,1,9,0,9,9,7,5,0,0,6,0,0,0,0,3,1,5,6,2,17,4,998,1,14,CITROEN C1,3,E01022320,0,-1
2023421362273,2023,421362273,1,9,0,5,5,7,3,0,0,0,0,0,0,0,4,1,5,6,1,79,11,998,1,8,CITROEN C1,7,E01021722,0,-1
2023622300326,2023,622300326,1,9,0,18,19,2,6,0,0,0,0,0,0,0,1,1,6,6,1,18,4,998,1,9,CITROEN C1,4,W01000891,0,-1
2023201287018,2023,201287018,2,9,0,18,19,4,6,0,0,3,0,0,0,0,4,1,6,6,2,41,7,998,1,15,CITROEN C1,7,E01009645,0,-1
2023361344537,2023,361344537,1,9,0,18,19,5,3,0,0,2,0,0,1,0,1,1,5,6,2,22,5,998,1,14,CITROEN C1,8,E01026517,0,-1
2023461392931,2023,461392931,1,9,0,18,19,5,3,0,0,1,0,0,0,0,4,1,6,6,1,19,4,998,1,15,CITROEN C1,6,E01016142,0,-1
2023041363156,2023,041363156,1,9,0,6,6,1,3,0,0,2,0,0,0,0,2,1,5,6,2,26,6,998,1,7,CITROEN C1,1,E01025389,0,-1
2023311307711,2023,311307711,1,9,0,18,19,7,3,0,0,0,0,0,0,0,1,1,6,6,1,31,6,998,1,5,CITROEN C1,-1,-1,0,-1
2023411352738,2023,411352738,1,9,0,3,3,2,6,0,0,0,0,0,0,0,2,1,6,6,1,18,4,998,1,9,CITROEN C1,1,E01023536,0,-1
2023440132096,2023,440132096,1,9,0,9,9,1,7,0,0,8,0,0,0,0,4,1,6,6,2,19,4,998,1,10,CITROEN C1,6,E01022761,0,-1
2023522300566,2023,522300566,1,9,0,18,19,6,2,0,0,2,0,0,0,0,1,1,6,6,1,25,5,998,1,15,CITROEN C1,1,E01014654,0,-1
2023461318676,2023,461318676,1,9,0,18,19,1,5,0,0,1,0,0,0,0,1,1,6,6,2,19,4,998,1,17,CITROEN C1,1,E01024504,0,-1
2023440022995,2023,440022995,1,9,0,18,19,5,1,0,0,0,1,0,7,0,1,1,2,2,2,32,6,998,1,12,CITROEN C1,10,E01022860,0,-1
2023070104172,2023,070104172,1,9,0,9,9,5,3,0,0,6,0,1,0,0,1,1,6,6,1,27,6,998,1,11,CITROEN C1,10,E01012517,0,-1
2023041302302,2023,041302302,1,9,0,9,9,7,3,0,0,5,0,0,0,0,1,1,5,6,2,34,6,998,1,10,CITROEN C1,1,E01012735,0,-1
2023161320167,2023,161320167,1,9,0,9,9,6,4,0,0,4,0,0,0,0,3,1,3,7,2,24,5,998,1,12,CITROEN C1,1,E01012783,0,-1
2023010454227,2023,010454227,2,9,0,99,99,9,9,99,99,9,9,99,9,99,2,9,6,6,3,42,7,998,1,4,CITROEN C1,8,E01004110,0,-1
2023122300229,2023,122300229,2,9,0,5,5,8,4,0,0,6,0,0,0,0,3,1,6,6,2,30,6,998,1,3,CITROEN C1,4,E01004978,0,-1
2023440311701,2023,440311701,1,9,0,3,3,7,3,0,0,1,0,0,0,0,2,1,6,6,2,24,5,998,1,16,CITROEN C1,9,E01031973,0,-1
2023111261895,2023,111261895,1,9,0,18,19,1,5,0,0,0,0,0,0,0,1,1,6,6,2,60,9,998,1,7,CITROEN C1,5,E01020810,0,-1
2023440176656,2023,440176656,1,9,0,18,19,8,4,0,0,0,0,0,0,0,2,1,6,6,2,47,8,998,1,11,CITROEN C1,2,E01033237,0,-1
2023471362831,2023,471362831,1,9,0,18,19,8,4,0,0,0,0,0,0,0,1,1,5,6,2,84,11,998,1,16,CITROEN C1,4,E01021045,0,-1
2023320373249,2023,320373249,1,9,0,18,19,4,8,0,0,0,0,0,0,4,4,1,1,1,1,30,6,998,1,11,CITROEN C1,2,E01026177,0,-1
2023201400569,2023,201400569,2,9,0,5,5,4,8,0,0,6,0,0,0,0,3,1,6,6,1,21,5,998,1,4,CITROEN C1,9,E01016814,0,-1
2023141299955,2023,141299955,1,9,0,18,19,4,8,0,0,1,0,0,0,0,1,2,5,6,2,72,10,998,1,3,CITROEN C1,3,E01007800,0,-1
2023041334531,2023,041334531,1,9,0,9,9,3,5,0,0,8,0,0,0,0,4,1,5,6,1,27,6,998,1,11,CITROEN C1,-1,-1,0,-1
2023361329054,2023,361329054,2,9,0,5,5,5,1,0,0,1,0,0,0,0,1,1,1,1,2,64,9,998,1,4,CITROEN C1,6,E01026769,0,-1
2023451385752,2023,451385752,1,9,0,18,19,3,7,0,0,3,0,0,0,0,2,1,6,6,2,33,6,998,1,13,CITROEN C1,9,E01030673,0,-1
2023430038171,2023,430038171,1,9,0,17,19,1,6,0,0,0,0,0,1,4,1,1,2,2,2,22,5,998,1,11,CITROEN C1,7,E01032960,0,-1
2023552301278,2023,552301278,2,9,0,18,19,6,2,0,0,8,0,0,0,0,1,1,1,1,1,40,7,998,1,16,CITROEN C1,3,E01015285,0,-1
2023010485214,2023,010485214,1,9,0,9,9,7,5,0,0,8,0,0,0,0,1,1,2,2,2,18,4,998,1,15,CITROEN C1,-1,-1,0,-1
2023471291478,2023,471291478,1,9,0,18,19,3,7,0,0,0,0,10,1,10,4,1,2,2,2,59,9,998,1,6,CITROEN C1,8,E01021197,0,-1
2023471338324,2023,471338324,1,9,0,9,9,1,7,0,0,5,0,0,0,0,4,1,6,6,1,83,11,998,1,12,CITROEN C1,8,E01031542,0,-1
2023421392832,2023,421392832,2,9,0,18,19,5,1,0,0,8,0,0,0,0,3,1,5,6,1,44,7,998,1,14,CITROEN C1,8,E01021735,0,-1
2023622300100,2023,622300100,1,9,0,18,19,2,6,0,0,0,0,4,0,0,0,1,6,6,1,41,7,998,1,14,CITROEN C1,10,W01001100,0,-1
2023421261704,2023,421261704,2,9,0,5,5,7,2,0,0,8,0,0,0,0,1,1,6,6,2,18,4,998,1,15,CITROEN C1,7,E01029875,0,-1
2023010432696,2023,010432696,2,9,0,2,2,0,0,0,0,0,0,0,1,0,3,1,6,6,3,-1,-1,998,1,11,CITROEN C1,-1,-1,0,-1
2023010445300,2023,010445300,2,9,0,99,99,9,9,99,99,0,9,99,9,99,9,9,6,6,3,-1,-1,1200,1,8,CITROEN C1,9,E01001018,0,-1
2023451302788,2023,451302788,1,9,0,3,3,1,5,0,0,0,1,0,0,0,2,1,6,6,3,35,6,998,1,17,CITROEN C1,4,E01003231,0,-1
2023131348932,2023,131348932,2,9,0,9,9,3,1,0,0,8,0,0,0,0,3,1,2,2,1,26,6,998,1,5,CITROEN C1,1,E01011321,0,-1
2023545782223,2023,545782223,2,9,0,3,3,6,2,0,0,0,0,0,0,0,2,1,6,6,2,41,7,998,1,10,CITROEN C1,5,E01031901,0,-1
2023052301768,2023,052301768,1,9,0,5,5,5,1,0,0,0,0,0,0,0,1,1,6,6,2,28,6,1199,1,9,CITROEN C1,5,E01007299,0,-1
2023141331204,2023,141331204,1,9,0,7,7,5,1,0,0,0,1,0,8,0,1,1,5,6,1,18,4,998,1,7,CITROEN C1,1,E01028268,0,-1
2023471351158,2023,471351158,3,9,0,8,8,8,2,0,0,6,0,0,0,0,1,1,5,6,2,71,10,1200,1,6,CITROEN C1,4,E01031386,0,-1
2023061334296,2023,061334296,2,9,0,18,19,5,1,0,0,0,0,0,0,0,2,1,2,2,2,28,6,1199,1,8,CITROEN C1,3,E01032917,0,-1
2023552301426,2023,552301426,2,9,0,18,19,5,1,0,0,8,0,0,0,0,3,1,6,6,2,19,4,998,1,16,CITROEN C1,7,E01020498,0,-1
2023552300166,2023,552300166,1,9,0,18,19,4,8,0,0,0,0,0,0,0,1,1,6,6,2,21,5,998,1,5,CITROEN C1,10,E01020382,0,-1
2023440170480,2023,440170480,1,9,0,18,19,2,8,0,0,5,0,0,0,0,3,1,6,6,2,60,9,1200,1,7,CITROEN C1,2,E01022949,0,-1
2023421264081,2023,421264081,2,9,0,18,19,1,5,0,0,0,0,0,0,0,2,1,6,6,2,23,5,998,1,8,CITROEN C1,9,E01021479,0,-1
2023501398874,2023,501398874,2,9,0,18,19,5,1,0,0,6,0,0,0,0,1,1,6,6,1,92,11,998,1,14,CITROEN C1,4,E01019918,0,-1
2023340NN9122,2023,340NN9122,3,9,0,17,19,6,2,0,0,0,1,0,1,10,1,1,6,6,2,23,5,998,1,17,CITROEN C1,9,E01027042,0,-1
2023471328815,2023,471328815,1,9,0,18,19,3,7,0,0,1,0,0,1,0,3,1,5,6,2,21,5,998,1,16,CITROEN C1,8,E01024043,0,-1
2023411311402,2023,411311402,2,9,0,4,4,3,7,0,0,0,0,0,0,0,2,1,6,6,1,27,6,1200,1,7,CITROEN C1,6,E01029925,0,-1
2023440237835,2023,440237835,1,9,0,18,19,4,8,0,0,1,0,0,0,0,3,1,6,6,2,38,7,1200,1,7,CITROEN C1,-1,-1,0,-1
2023010466385,2023,010466385,2,9,9,99,99,9,9,99,99,9,9,99,9,99,9,9,6,6,1,-1,-1,998,1,12,CITROEN C1,4,E01002398,0,-1
2023031370871,2023,031370871,1,9,0,13,13,3,7,0,0,0,2,0,0,0,1,1,6,6,2,64,9,1199,1,8,CITROEN C1,8,E01019119,0,-1
2023421388380,2023,421388380,1,9,0,18,19,2,6,9,9,3,0,10,3,1,1,1,6,6,2,79,11,998,1,9,CITROEN C1,4,E01021529,0,-1
2023501327445,2023,501327445,1,9,0,9,9,8,6,0,0,6,0,0,0,0,3,1,2,2,1,29,6,998,1,12,CITROEN C1,3,E01015209,0,-1
2023101381575,2023,101381575,4,9,0,2,2,0,0,6,6,0,0,0,0,0,2,1,6,6,3,-1,-1,998,1,15,CITROEN C1,-1,-1,0,-1
2023501287683,2023,501287683,2,9,0,18,19,2,6,0,0,0,0,0,0,0,3,1,6,6,2,31,6,998,1,17,CITROEN C1,1,E01015045,0,-1
2023471288412,2023,471288412,1,9,0,18,19,3,7,0,0,0,0,0,7,3,1,1,5,6,2,76,11,998,1,11,CITROEN C1,10,E01031755,0,-1
2023522301129,2023,522301129,2,9,0,5,5,7,3,0,0,8,0,0,0,0,1,1,6,6,2,24,5,998,1,11,CITROEN C1,7,E01014905,0,-1
2023552300919,2023,552300919,2,9,0,18,19,8,4,0,0,8,0,0,0,0,1,1,2,2,1,21,5,998,1,8,CITROEN C1,5,E01015329,0,-1
2023061296841,2023,061296841,1,9,0,18,19,2,7,0,0,8,2,10,1,10,4,1,5,6,1,18,4,998,1,13,CITROEN C1,10,E01005786,0,-1
2023052300267,2023,052300267,2,9,0,8,8,5,7,0,0,6,0,0,0,0,4,1,6,6,2,23,5,998,1,11,CITROEN C1,1,E01006768,0,-1
2023501282361,2023,501282361,1,9,0,18,19,4,8,0,0,0,1,0,7,0,1,1,2,2,2,21,5,998,1,16,CITROEN C1,4,E01018881,0,-1
2023170M11703,2023,170M11703,1,9,0,18,19,2,6,0,0,0,0,0,0,0,4,1,2,2,2,36,7,998,1,12,CITROEN C1,4,E01012056,0,-1
2023161392752,2023,161392752,1,9,0,4,4,1,5,0,0,1,0,0,0,0,2,1,1,1,2,43,7,998,1,7,CITROEN C1,1,E01012858,0,-1
2023440038751,2023,440038751,1,9,0,12,12,7,3,0,0,0,1,0,4,6,2,1,6,6,2,89,11,998,1,11,CITROEN C1,5,E01017136,0,-1
2023070107496,2023,070107496,1,9,0,14,14,1,5,0,0,2,0,0,0,0,3,1,6,6,2,84,11,998,1,11,CITROEN C1,7,E01012527,0,-1
2023052301571,2023,052301571,1,9,0,16,19,3,7,0,0,0,2,0,7,10,1,1,6,6,1,17,4,998,1,14,CITROEN C1,10,E01025478,0,-1