collision_index,collision_year,collision_ref_no,vehicle_reference,vehicle_type,towing_and_articulation,vehicle_manoeuvre_historic,vehicle_manoeuvre,vehicle_direction_from,vehicle_direction_to,vehicle_location_restricted_lane_historic,vehicle_location_restricted_lane,junction_location,skidding_and_overturning,hit_object_in_carriageway,vehicle_leaving_carriageway,hit_object_off_carriageway,first_point_of_impact,vehicle_left_hand_drive,journey_purpose_of_driver_historic,journey_purpose_of_driver,sex_of_driver,age_of_driver,age_band_of_driver,engine_capacity_cc,propulsion_code,age_of_vehicle,generic_make_model,driver_imd_decile,lsoa_of_driver,escooter_flag,driver_distance_banding
2023461351753,2023,461351753,3,9,0,18,19,3,7,0,0,1,0,0,0,0,1,1,6,6,1,58,9,3456,8,1,LEXUS RX 450,3,E01000441,0,-1
2023501299763,2023,501299763,1,9,0,18,19,3,5,0,0,7,0,0,0,0,1,1,6,6,1,79,11,3456,8,6,LEXUS RX 450,6,E01020231,0,-1
2023010457447,2023,010457447,2,9,0,18,19,5,1,0,0,8,0,0,0,0,1,1,6,6,1,58,9,3456,8,11,LEXUS RX 450,6,E01003223,0,-1
2023010451445,2023,010451445,1,9,9,99,99,9,9,99,99,9,9,99,9,99,9,9,6,6,3,-1,-1,3456,8,13,LEXUS RX 450,-1,-1,0,-1
2023010451905,2023,010451905,3,9,0,2,2,0,0,0,0,1,0,0,0,0,4,1,6,6,3,-1,-1,3456,8,14,LEXUS RX 450,-1,-1,0,-1
2023371310516,2023,371310516,1,9,0,18,19,8,4,0,0,0,0,2,0,0,4,1,6,6,1,80,11,3456,8,5,LEXUS RX 450,5,E01030151,0,-1
2023451358049,2023,451358049,1,9,0,9,9,5,3,0,0,1,0,0,0,0,1,1,6,6,2,56,9,3456,8,10,LEXUS RX 450,9,E01030492,0,-1
2023010476578,2023,010476578,2,9,0,7,7,7,8,0,0,8,0,0,0,0,4,1,6,6,3,-1,-1,3456,8,5,LEXUS RX 450,-1,-1,0,-1
2023522400635,2023,522400635,1,9,0,18,19,6,2,0,0,1,0,0,0,0,1,1,6,6,1,50,8,3456,8,12,LEXUS RX 450,7,E01032677,0,-1
2023010432988,2023,010432988,2,9,0,3,3,1,5,0,0,0,0,0,0,0,2,1,6,6,1,57,9,3456,8,13,LEXUS RX 450,3,E01000336,0,-1
2023010434349,2023,010434349,2,9,0,18,19,3,7,0,0,0,0,0,0,0,1,1,6,6,1,56,9,3456,8,11,LEXUS RX 450,3,E01003496,0,-1
2023549707023,2023,549707023,1,9,0,18,19,5,1,0,0,1,0,10,7,11,1,1,6,6,1,49,8,2487,8,0,LEXUS RX 450,3,E01010810,0,-1
2023010470808,2023,010470808,2,9,0,99,99,9,9,99,99,9,9,99,9,99,9,9,6,6,3,-1,-1,3456,8,9,LEXUS RX 450,5,E01002184,0,-1
2023332300229,2023,332300229,2,9,0,18,19,4,8,0,0,8,0,0,0,0,1,1,6,6,1,51,8,3456,8,11,LEXUS RX 450,9,E01013703,0,-1
2023401337081,2023,401337081,1,9,0,18,19,3,7,0,0,2,0,0,0,0,1,1,5,6,1,23,5,3456,8,8,LEXUS RX 450,5,E01017525,0,-1
2023010433842,2023,010433842,2,9,0,18,19,1,5,0,0,2,0,0,0,0,4,1,2,2,1,68,10,3456,8,2,LEXUS RX 450,6,E01030363,0,-1
2023010438305,2023,010438305,1,9,0,18,19,4,8,0,0,1,0,0,0,0,4,1,6,6,1,50,8,3456,8,12,LEXUS RX 450,3,E01003493,0,-1
2023010436250,2023,010436250,1,9,0,18,19,3,7,0,0,0,0,4,0,0,1,1,6,6,1,61,9,3456,8,12,LEXUS RX 450,10,E01000836,0,-1
2023401307965,2023,401307965,2,9,0,18,19,1,5,0,0,0,0,0,0,0,2,1,6,6,2,48,8,3456,8,7,LEXUS RX 450,7,E01023347,0,-1
2023451371304,2023,451371304,2,9,0,7,7,3,5,0,0,3,0,0,0,0,3,1,5,6,1,66,10,3456,8,7,LEXUS RX 450,9,E01030690,0,-1
2023010451542,2023,010451542,2,9,0,6,6,1,1,0,0,8,0,0,0,0,9,9,6,6,3,47,8,3456,8,14,LEXUS RX 450,-1,-1,0,-1
2023501292575,2023,501292575,1,9,0,18,19,4,8,0,0,0,0,0,0,0,1,1,5,6,2,37,7,3456,8,3,LEXUS RX 450,10,E01026574,0,-1
2023010431714,2023,010431714,2,9,0,3,3,6,2,0,0,0,0,0,0,0,2,1,6,6,1,31,6,3456,8,7,LEXUS RX 450,4,E01004376,0,-1
2023010453892,2023,010453892,1,9,0,4,4,3,7,0,0,1,0,0,0,0,2,1,6,6,1,47,8,3456,8,8,LEXUS RX 450,4,E01001739,0,-1
202354A072623,2023,54A072623,2,9,0,4,4,7,3,0,0,0,0,0,0,0,2,1,6,6,2,65,9,3456,8,6,LEXUS RX 450,-1,-1,0,-1
2023451359763,2023,451359763,1,9,0,18,19,5,1,0,0,0,0,0,0,0,1,1,3,7,2,36,7,3456,8,13,LEXUS RX 450,6,E01030681,0,-1
2023010423963,2023,010423963,1,9,0,18,19,1,5,0,0,1,0,10,0,0,1,1,6,6,1,39,7,3456,8,11,LEXUS RX 450,2,E01004011,0,-1
2023522300784,2023,522300784,2,9,0,9,9,7,5,0,0,5,0,0,0,0,3,1,6,6,1,50,8,3456,8,14,LEXUS RX 450,4,E01014786,0,-1
2023010439083,2023,010439083,2,9,0,3,3,5,1,0,0,1,0,0,0,0,3,1,2,2,1,35,6,3456,8,13,LEXUS RX 450,5,E01003484,0,-1
2023471338196,2023,471338196,3,9,0,18,19,7,3,0,0,0,0,0,0,0,2,1,1,1,1,64,9,3456,8,8,LEXUS RX 450,6,E01031452,0,-1
2023451266067,2023,451266067,5,9,0,18,19,7,3,0,0,0,0,0,0,0,1,1,1,1,1,52,8,3456,8,14,LEXUS RX 450,2,E01002045,0,-1
2023010444706,2023,010444706,2,9,0,99,99,9,9,99,99,9,9,99,9,99,1,9,6,6,1,-1,-1,3456,8,12,LEXUS RX 450,-1,-1,0,-1
2023547998023,2023,547998023,4,9,0,18,19,8,4,0,0,0,0,0,0,0,1,1,6,6,1,40,7,3456,8,7,LEXUS RX 450,10,E01022698,0,-1
2023010431845,2023,010431845,1,9,0,18,19,1,5,0,0,2,0,0,0,0,1,1,6,6,1,59,9,3456,8,7,LEXUS RX 450,3,E01001725,0,-1
2023010465689,2023,010465689,2,9,0,99,99,9,9,99,99,9,9,99,9,99,9,9,6,6,3,-1,-1,3456,8,12,LEXUS RX 450,-1,-1,0,-1
2023411292124,2023,411292124,1,9,0,18,19,1,5,0,0,0,0,0,0,0,1,1,6,6,1,66,10,3456,8,13,LEXUS RX 450,5,W01000650,0,-1
2023061271496,2023,061271496,1,9,0,12,12,5,1,0,0,0,0,0,0,0,3,1,6,6,3,30,6,3456,8,6,LEXUS RX 450,-1,-1,0,-1
2023010422538,2023,010422538,2,9,0,99,99,9,9,99,99,9,9,99,9,99,1,9,6,6,1,71,10,3456,8,7,LEXUS RX 450,3,E01000245,0,-1
2023430032575,2023,430032575,2,9,0,18,19,6,2,0,0,0,0,0,0,0,3,1,6,6,1,-1,-1,3456,8,13,LEXUS RX 450,-1,-1,0,-1
2023010468381,2023,010468381,1,9,0,9,9,1,7,0,0,5,0,0,0,0,1,1,2,2,1,58,9,3456,8,9,LEXUS RX 450,4,E01001041,0,-1
2023010441755,2023,010441755,2,9,0,99,99,9,9,99,99,9,9,99,9,99,1,9,6,6,3,-1,-1,3456,8,13,LEXUS RX 450,-1,-1,0,-1
2023010466202,2023,010466202,1,9,0,9,9,5,3,0,0,6,0,0,0,0,1,1,6,6,2,44,7,3456,8,10,LEXUS RX 450,5,E01003307,0,-1
2023010480259,2023,010480259,2,9,0,99,99,9,9,99,99,9,9,99,9,99,1,9,6,6,1,60,9,3456,8,11,LEXUS RX 450,6,E01001648,0,-1
2023010428113,2023,010428113,1,9,0,99,99,9,9,99,99,9,9,99,9,99,2,9,6,6,1,58,9,3456,8,13,LEXUS RX 450,3,E01004756,0,-1
2023411318634,2023,411318634,2,9,0,4,4,5,1,0,0,0,0,0,0,0,2,1,6,6,2,40,7,3456,8,5,LEXUS RX 450,7,E01015627,0,-1
2023471361006,2023,471361006,1,9,0,18,19,3,7,0,0,0,0,0,0,0,4,1,5,6,1,76,11,3456,8,3,LEXUS RX 450,9,E01031458,0,-1
2023471387988,2023,471387988,1,9,0,5,5,3,7,0,0,6,0,0,0,0,1,1,2,2,2,60,9,3456,8,2,LEXUS RX 450,3,E01031556,0,-1
2023010440235,2023,010440235,1,9,0,7,7,7,1,7,6,8,0,0,0,0,1,1,6,6,1,53,8,3456,8,14,LEXUS RX 450,3,E01003583,0,-1
2023552301242,2023,552301242,2,9,0,18,19,5,1,0,0,0,0,0,1,0,3,1,6,6,2,74,10,3456,8,7,LEXUS RX 450,9,E01032035,0,-1
2023010425124,2023,010425124,1,9,0,7,7,7,1,0,0,5,0,0,0,0,4,1,2,2,1,61,9,3456,8,8,LEXUS RX 450,3,E01004212,0,-1
2023010471549,2023,010471549,1,9,9,99,99,9,9,99,99,0,9,99,9,99,9,9,6,6,2,42,7,3456,8,3,LEXUS RX 450,5,E01002347,0,-1
2023201295834,2023,201295834,1,9,0,18,19,7,4,0,0,6,0,0,0,0,4,1,6,6,1,68,10,3456,8,11,LEXUS RX 450,5,E01010488,0,-1
2023411324362,2023,411324362,1,9,0,9,9,-1,-1,0,0,8,0,0,0,0,2,1,6,6,1,37,7,3456,8,8,LEXUS RX 450,5,E01023542,0,-1
2023131375679,2023,131375679,1,9,0,-1,-1,-1,-1,-1,-1,0,-1,-1,-1,-1,-1,1,6,6,3,-1,-1,3456,8,11,LEXUS RX 450,-1,-1,0,-1
2023471262398,2023,471262398,2,9,0,18,19,5,1,0,0,0,2,0,1,9,1,1,2,2,1,52,8,3456,8,10,LEXUS RX 450,6,E01021104,0,-1
2023010450422,2023,010450422,2,9,0,18,19,7,3,0,0,0,0,0,0,0,1,1,6,6,3,-1,-1,3456,8,12,LEXUS RX 450,-1,-1,0,-1
2023010431836,2023,010431836,1,9,0,2,2,0,0,9,9,2,0,0,0,0,2,1,6,6,3,-1,-1,3456,8,6,LEXUS RX 450,-1,-1,0,-1
2023010428641,2023,010428641,2,9,0,3,3,5,1,0,0,1,0,0,0,0,2,1,6,6,2,50,8,3456,8,2,LEXUS RX 450,5,E01004483,0,-1
2023451387917,2023,451387917,2,9,0,18,19,1,5,0,0,0,0,0,0,0,1,1,6,6,2,37,7,3456,8,11,LEXUS RX 450,10,E01016606,0,-1
2023451384134,2023,451384134,2,9,0,9,9,2,4,0,0,6,0,0,0,0,3,1,6,6,2,58,9,3456,8,11,LEXUS RX 450,9,E01000775,0,-1
2023010440689,2023,010440689,1,9,0,18,19,3,7,0,0,2,0,0,0,0,4,1,6,6,2,52,8,3456,8,2,LEXUS RX 450,8,E01003897,0,-1
2023411291617,2023,411291617,1,9,0,4,4,4,8,0,0,4,0,0,0,0,1,1,6,6,2,56,9,3456,8,5,LEXUS RX 450,3,E01023954,0,-1
2023010469612,2023,010469612,1,9,0,5,5,1,5,0,0,3,0,0,0,0,1,1,2,2,1,65,9,3456,8,6,LEXUS RX 450,3,E01000735,0,-1
2023401332085,2023,401332085,5,9,0,2,2,3,3,0,0,0,0,0,0,0,3,1,6,6,3,-1,-1,3456,8,5,LEXUS RX 450,-1,-1,0,-1
2023010436411,2023,010436411,1,9,0,99,99,9,9,99,99,9,9,99,9,99,9,9,6,6,1,48,8,3456,8,7,LEXUS RX 450,9,E01000455,0,-1
2023131300685,2023,131300685,1,9,0,-1,-1,-1,-1,-1,-1,-1,-1,-1,-1,-1,-1,1,6,6,3,-1,-1,3456,8,9,LEXUS RX 450,-1,-1,0,-1
2023451325464,2023,451325464,2,9,0,18,19,7,3,0,0,0,0,0,0,0,2,1,5,6,2,51,8,3456,8,4,LEXUS RX 450,10,E01030626,0,-1
2023010484318,2023,010484318,4,9,0,18,19,3,7,0,0,0,0,0,0,0,2,1,2,2,1,55,8,1998,1,2,MAZDA CX-30,7,E01031665,0,-1
2023991313274,2023,991313274,2,9,0,18,19,2,6,0,0,8,0,0,0,0,4,1,5,6,2,43,7,1998,1,2,MAZDA CX-30,-1,-1,0,-1
2023340NN4362,2023,340NN4362,1,9,0,17,19,3,7,0,0,0,1,0,1,4,1,1,2,2,2,54,8,1998,1,0,MAZDA CX-30,7,E01026978,0,-1
2023122301162,2023,122301162,2,9,0,4,4,6,2,0,0,0,1,0,0,0,2,1,6,6,2,59,9,1998,1,1,MAZDA CX-30,6,E01031159,0,-1
2023440128191,2023,440128191,2,9,0,9,9,6,4,0,0,5,0,0,0,0,3,1,6,6,2,57,9,1998,1,2,MAZDA CX-30,8,E01017069,0,-1
2023122301020,2023,122301020,3,9,0,2,2,0,0,0,0,0,0,0,0,0,2,1,6,6,3,-1,-1,1998,1,1,MAZDA CX-30,-1,-1,0,-1
2023421331188,2023,421331188,1,9,0,18,19,6,2,0,0,0,0,0,0,0,1,1,6,6,2,57,9,1998,1,2,MAZDA CX-30,9,E01021256,0,-1
2023052300381,2023,052300381,2,9,0,4,4,3,7,0,0,1,0,0,0,0,3,1,6,6,2,40,7,1998,1,1,MAZDA CX-30,1,E01006603,0,-1
2023070751481,2023,070751481,2,9,0,3,3,6,2,0,0,1,0,0,0,0,2,1,6,6,2,61,9,1998,1,3,MAZDA CX-30,10,E01018350,0,-1
2023421264469,2023,421264469,1,9,0,18,19,2,6,0,0,0,1,0,1,7,4,1,5,6,1,61,9,1998,1,2,MAZDA CX-30,6,E01021589,0,-1
2023161322622,2023,161322622,2,9,0,18,19,7,3,0,0,0,0,0,0,0,1,1,5,6,2,38,7,1998,1,1,MAZDA CX-30,7,E01013032,0,-1
2023211436634,2023,211436634,2,9,0,18,19,6,2,0,0,4,0,0,0,0,2,1,5,6,1,54,8,1998,1,0,MAZDA CX-30,-1,-1,0,-1
2023201295719,2023,201295719,2,9,0,18,19,6,2,0,0,0,0,0,0,0,1,1,2,2,2,42,7,1998,1,3,MAZDA CX-30,7,E01009116,0,-1
2023201379072,2023,201379072,1,9,0,11,11,1,5,0,0,8,0,0,0,0,3,1,6,6,1,70,10,1998,1,0,MAZDA CX-30,-1,-1,0,-1
2023421361783,2023,421361783,1,9,0,18,19,1,5,0,0,0,0,0,0,0,1,1,5,6,1,75,10,1998,1,3,MAZDA CX-30,6,E01021733,0,-1
2023041390345,2023,041390345,1,9,0,18,19,8,4,0,0,0,0,11,0,0,1,1,5,6,1,81,11,1998,1,1,MAZDA CX-30,8,E01025519,0,-1
2023122300467,2023,122300467,2,9,0,18,19,4,8,0,0,8,0,0,7,10,4,1,6,6,2,42,7,1998,1,3,MAZDA CX-30,10,E01011376,0,-1
2023211323740,2023,211323740,1,9,0,5,5,3,7,0,0,0,0,0,0,0,3,1,6,6,1,50,8,1998,1,3,MAZDA CX-30,-1,-1,0,-1
2023991290248,2023,991290248,5,9,0,18,19,1,5,0,0,1,1,0,0,0,1,1,6,6,1,75,10,1998,1,1,MAZDA CX-30,7,-1,0,-1
2023552301332,2023,552301332,1,9,0,18,19,7,3,0,0,6,0,0,0,0,1,1,6,6,1,41,7,1998,1,2,MAZDA CX-30,10,E01020426,0,-1
2023010448717,2023,010448717,2,9,0,18,19,4,8,0,0,0,0,0,0,0,1,1,6,6,2,45,7,1998,1,0,MAZDA CX-30,2,E01001575,0,-1
2023041393321,2023,041393321,3,9,0,2,2,0,0,9,9,2,0,0,0,0,1,1,6,6,3,-1,-1,1998,1,3,MAZDA CX-30,-1,-1,0,-1
2023010454943,2023,010454943,2,9,0,99,99,9,9,99,99,9,9,99,9,99,1,9,6,6,3,-1,-1,1998,1,2,MAZDA CX-30,2,E01000189,0,-1
2023320056173,2023,320056173,1,9,0,16,19,8,2,0,0,2,0,0,7,4,1,1,6,6,1,42,7,1998,1,0,MAZDA CX-30,-1,-1,0,-1
2023421290101,2023,421290101,1,9,0,5,5,7,5,0,0,8,0,0,0,0,3,1,5,6,1,62,9,1998,1,1,MAZDA CX-30,4,E01021648,0,-1
2023411390685,2023,411390685,2,9,0,4,4,1,5,0,0,0,0,0,0,0,2,1,2,2,1,37,7,1998,1,1,MAZDA CX-30,2,E01004686,0,-1
2023101272096,2023,101272096,1,9,0,12,12,1,6,0,0,1,0,0,0,0,4,1,5,6,1,63,9,1998,1,1,MAZDA CX-30,2,E01008377,0,-1
2023991316864,2023,991316864,1,9,0,9,9,6,4,0,0,8,0,0,0,0,4,1,2,2,2,54,8,1998,1,2,MAZDA CX-30,10,-1,0,-1
2023991350598,2023,991350598,1,9,0,16,19,2,6,0,0,0,5,0,7,0,1,1,5,6,1,90,11,1998,1,3,MAZDA CX-30,10,-1,0,-1
2023052302912,2023,052302912,1,9,0,18,19,6,2,0,0,8,0,0,0,0,3,1,6,6,2,46,8,1998,1,1,MAZDA CX-30,1,E01006478,0,-1
2023991304431,2023,991304431,2,9,0,9,9,7,4,0,0,0,0,0,0,0,2,1,2,2,2,57,9,1998,1,2,MAZDA CX-30,8,-1,0,-1
2023141273507,2023,141273507,2,9,0,18,19,5,1,0,0,1,0,2,0,0,1,2,5,6,2,76,11,1998,1,2,MAZDA CX-30,9,E01007825,0,-1
2023122400130,2023,122400130,2,9,0,9,9,7,5,0,0,6,0,0,0,0,1,1,6,6,2,40,7,1998,1,1,MAZDA CX-30,10,E01027717,0,-1
2023332300084,2023,332300084,2,9,0,18,19,4,8,0,0,0,0,0,0,0,1,1,2,2,1,64,9,1998,1,1,MAZDA CX-30,5,E01025897,0,-1
2023440230889,2023,440230889,2,9,0,9,9,5,3,0,0,8,0,0,0,0,1,1,6,6,1,54,8,1998,1,3,MAZDA CX-30,3,E01017079,0,-1
2023131346518,2023,131346518,1,9,0,18,19,1,5,0,0,0,0,0,0,0,1,1,6,6,3,-1,-1,1998,1,1,MAZDA CX-30,-1,-1,0,-1
2023320737858,2023,320737858,1,9,0,4,4,1,5,0,0,0,1,4,0,0,1,1,6,6,1,74,10,1998,1,3,MAZDA CX-30,-1,-1,0,-1
2023430500556,2023,430500556,1,9,0,9,9,1,7,0,0,6,0,0,1,0,3,1,6,6,2,49,8,1998,1,2,MAZDA CX-30,1,E01033616,0,-1
2023520301682,2023,520301682,3,9,0,8,8,1,4,0,0,1,0,0,0,0,1,1,6,6,2,62,9,1998,1,0,MAZDA CX-30,5,E01029059,0,-1
2023201290768,2023,201290768,2,9,0,18,19,2,6,0,0,0,0,0,0,0,4,1,6,6,2,57,9,1998,1,3,MAZDA CX-30,10,E01032144,0,-1
2023101311790,2023,101311790,2,9,0,18,19,1,5,0,0,0,0,0,0,0,2,1,5,6,2,50,8,1998,1,0,MAZDA CX-30,7,E01008797,0,-1
2023201341468,2023,201341468,2,9,0,16,19,6,2,0,0,0,0,10,0,0,1,1,2,2,2,68,10,1998,1,2,MAZDA CX-30,10,E01010108,0,-1
2023461391273,2023,461391273,1,9,0,18,19,1,5,0,0,8,0,0,0,0,4,1,6,6,2,42,7,1998,1,1,MAZDA CX-30,10,E01024272,0,-1
2023041380560,2023,041380560,1,9,0,18,19,7,7,0,0,0,0,0,0,0,1,1,5,6,1,56,9,1998,1,2,MAZDA CX-30,5,E01025543,0,-1
2023010463579,2023,010463579,2,9,0,2,2,0,0,9,9,5,0,0,0,0,0,1,6,6,3,-1,-1,1998,1,3,MAZDA CX-30,-1,-1,0,-1
2023070174029,2023,070174029,1,9,0,14,14,6,2,0,0,8,0,0,0,0,4,1,6,6,1,86,11,1998,1,1,MAZDA CX-30,4,E01006537,0,-1
2023302301640,2023,302301640,2,9,0,3,3,5,1,0,0,0,0,0,0,0,2,1,6,6,2,32,6,1998,1,2,MAZDA CX-30,4,E01019824,0,-1
2023302300038,2023,302300038,1,9,0,18,19,8,4,0,0,0,0,0,1,4,4,1,6,6,2,62,9,1998,1,1,MAZDA CX-30,8,E01019872,0,-1
2023201373951,2023,201373951,1,9,0,7,7,4,6,0,0,6,0,0,0,0,3,1,5,6,2,41,7,1998,1,3,MAZDA CX-30,4,E01010072,0,-1
2023552300316,2023,552300316,1,9,0,18,19,4,8,0,0,0,0,0,0,0,1,1,6,6,1,71,10,1998,1,2,MAZDA CX-30,10,E01020559,0,-1
2023201365230,2023,201365230,2,9,0,10,10,6,3,0,0,1,0,0,0,0,1,1,6,6,1,32,6,1998,1,3,MAZDA CX-30,1,E01032889,0,-1
2023991430919,2023,991430919,1,9,0,9,9,3,1,0,0,5,0,0,0,0,1,2,5,6,1,19,4,1998,1,3,MAZDA CX-30,7,-1,0,-1
2023461297329,2023,461297329,2,9,0,18,19,8,4,0,0,8,5,0,0,0,4,1,5,6,2,27,6,1998,1,2,MAZDA CX-30,6,E01032817,0,-1
2023041371715,2023,041371715,3,9,0,18,19,5,1,0,0,0,0,0,0,0,2,1,2,2,1,33,6,1998,1,2,MAZDA CX-30,5,E01004779,0,-1
2023010465161,2023,010465161,1,9,0,10,10,6,3,0,0,0,0,0,0,0,2,1,6,6,2,59,9,1998,1,2,MAZDA CX-30,3,E01001501,0,-1
2023440470910,2023,440470910,2,9,0,4,4,2,6,0,0,0,0,0,0,0,4,1,2,2,2,32,6,1998,1,0,MAZDA CX-30,9,E01022496,0,-1
2023991264163,2023,991264163,1,9,0,2,2,0,0,0,0,0,0,0,0,0,3,1,6,6,3,-1,-1,1998,1,2,MAZDA CX-30,-1,-1,0,-1
2023010466862,2023,010466862,1,9,0,8,8,5,6,0,0,1,0,0,0,0,2,1,2,2,2,64,9,1998,1,2,MAZDA CX-30,8,E01001024,0,-1
2023101367566,2023,101367566,2,9,0,18,19,2,6,0,0,1,0,0,0,0,1,1,5,6,1,74,10,1998,1,1,MAZDA CX-30,-1,-1,0,-1
2023010476833,2023,010476833,1,9,0,8,8,1,3,0,0,1,0,0,0,0,3,1,6,6,2,40,7,1998,1,2,MAZDA CX-30,3,E01003264,0,-1
2023991306793,2023,991306793,2,9,0,17,19,7,3,0,0,0,0,0,1,1,1,1,6,6,2,26,6,1998,1,2,MAZDA CX-30,-1,-1,0,-1
2023501393510,2023,501393510,1,9,0,18,19,8,4,0,0,1,0,0,0,0,1,1,5,6,1,63,9,1998,1,2,MAZDA CX-30,9,E01020173,0,-1
2023351306033,2023,351306033,1,9,0,18,19,3,7,0,0,1,1,0,0,0,1,1,5,6,1,30,6,3799,1,9,-1,2,E01015633,0,-1
2023430385440,2023,430385440,1,9,0,18,19,4,8,0,0,3,0,0,0,0,4,1,6,6,3,-1,-1,3799,1,8,-1,-1,-1,0,-1
2023041381062,2023,041381062,1,2,0,18,19,5,2,6,6,0,1,0,0,0,1,1,5,6,1,16,4,49,1,0,-1,2,E01024926,0,-1
2023440209077,2023,440209077,1,2,0,7,7,1,3,0,0,5,0,0,0,0,4,1,6,6,1,16,4,49,1,0,-1,9,E01020399,0,-1
2023161382713,2023,161382713,2,2,0,18,19,1,5,0,0,8,0,0,0,0,2,1,5,6,1,16,4,49,1,4,-1,-1,-1,0,-1
2023010431010,2023,010431010,2,4,0,13,13,5,1,0,0,2,0,0,0,0,1,1,6,6,2,59,9,124,1,15,-1,3,E01004006,0,-1
2023010474895,2023,010474895,1,3,0,99,99,9,9,99,99,9,9,99,9,99,1,1,6,6,1,31,6,124,1,1,PIAGGIO LIBERTY,5,E01000224,0,-1
2023461323244,2023,461323244,1,3,0,16,19,4,7,0,0,8,0,11,0,0,0,1,1,1,2,24,5,124,1,2,PIAGGIO LIBERTY,10,E01024336,0,-1
2023010443184,2023,010443184,1,3,9,99,99,9,9,99,99,9,9,99,9,99,9,1,6,6,1,36,7,124,1,6,PIAGGIO LIBERTY,2,E01001246,0,-1
2023052302164,2023,052302164,2,3,0,18,19,2,4,0,0,8,0,0,0,0,1,1,1,1,2,27,6,124,1,2,PIAGGIO LIBERTY,1,E01006549,0,-1
2023471320039,2023,471320039,1,3,0,18,19,4,8,0,0,1,0,0,0,0,1,1,1,1,1,28,6,124,1,2,PIAGGIO LIBERTY,2,E01016945,0,-1
2023010441189,2023,010441189,1,3,0,18,19,5,1,0,0,2,0,0,0,0,3,1,6,6,1,26,6,124,1,3,PIAGGIO LIBERTY,1,E01001885,0,-1
2023010459798,2023,010459798,1,3,0,99,99,9,9,99,99,0,9,99,9,99,9,1,1,1,1,23,5,124,1,4,PIAGGIO LIBERTY,5,E01002143,0,-1
2023010423802,2023,010423802,1,3,9,99,99,9,9,99,99,9,9,99,0,0,9,1,6,6,1,58,9,124,1,6,PIAGGIO LIBERTY,3,E01002772,0,-1
2023010450070,2023,010450070,1,3,0,99,99,9,9,99,99,9,9,99,9,99,1,1,2,2,1,30,6,124,1,6,PIAGGIO LIBERTY,10,E01002155,0,-1
2023411322878,2023,411322878,2,3,0,18,19,4,2,0,0,3,0,0,0,0,2,1,5,6,1,37,7,124,1,19,PIAGGIO LIBERTY,5,E01023772,0,-1
2023071040676,2023,071040676,1,3,0,5,5,1,6,0,0,1,0,0,1,0,1,1,6,6,2,54,8,124,1,3,PIAGGIO LIBERTY,9,E01005925,0,-1
2023471363134,2023,471363134,1,3,0,18,19,8,4,0,0,0,0,0,0,0,1,1,2,2,1,25,5,124,1,6,PIAGGIO LIBERTY,1,E01020979,0,-1
2023010419403,2023,010419403,2,3,0,9,9,1,6,0,0,0,0,0,0,0,1,1,6,6,3,-1,-1,124,1,5,PIAGGIO LIBERTY,-1,-1,0,-1
2023010435509,2023,010435509,1,3,0,99,99,9,9,99,99,9,9,99,9,99,1,1,1,1,1,30,6,124,1,4,PIAGGIO LIBERTY,3,E01003564,0,-1
2023010453239,2023,010453239,1,3,0,4,4,7,3,4,4,1,0,8,0,0,1,1,1,1,1,39,7,124,1,5,PIAGGIO LIBERTY,5,E01004695,0,-1
2023440106531,2023,440106531,1,2,0,18,19,5,1,0,0,8,0,0,0,0,1,1,6,6,2,17,4,49,1,14,PIAGGIO LIBERTY,6,E01022925,0,-1
2023461387992,2023,461387992,2,3,0,18,19,1,5,0,0,8,5,0,0,0,3,1,6,6,1,31,6,124,1,1,PIAGGIO LIBERTY,6,E01024357,0,-1
2023010427947,2023,010427947,1,3,0,5,5,4,8,0,0,1,0,0,0,0,1,1,1,1,1,22,5,124,1,3,PIAGGIO LIBERTY,4,E01003129,0,-1
2023010475221,2023,010475221,1,3,0,18,19,7,3,0,0,2,0,10,0,0,1,1,6,6,1,29,6,124,1,5,PIAGGIO LIBERTY,-1,-1,0,-1
2023010445348,2023,010445348,1,3,0,8,8,7,1,0,0,1,0,0,0,0,1,1,1,1,1,39,7,124,1,6,PIAGGIO LIBERTY,7,E01002171,0,-1
2023451343200,2023,451343200,1,3,0,18,19,7,3,0,0,0,0,10,0,0,4,1,1,1,1,22,5,124,1,0,PIAGGIO LIBERTY,9,E01030712,0,-1
2023010485570,2023,010485570,1,3,0,99,99,9,9,99,99,9,9,99,9,99,1,1,6,6,1,32,6,124,1,1,PIAGGIO LIBERTY,4,E01001276,0,-1
2023010456699,2023,010456699,1,3,0,99,99,9,9,99,99,9,9,99,9,99,1,1,1,1,2,37,7,124,1,3,PIAGGIO LIBERTY,8,E01002975,0,-1
2023010470006,2023,010470006,1,3,0,18,19,1,5,0,0,0,0,0,0,0,1,1,6,6,1,20,4,124,1,6,PIAGGIO LIBERTY,6,E01004108,0,-1
2023061368479,2023,061368479,2,3,0,18,19,4,8,0,0,0,5,0,0,0,3,1,2,2,1,48,8,124,1,1,PIAGGIO LIBERTY,1,E01005103,0,-1
2023010444817,2023,010444817,1,3,0,99,99,9,9,99,99,9,9,99,9,99,1,9,1,1,1,37,7,124,1,3,PIAGGIO LIBERTY,6,E01001253,0,-1