collision_index,collision_year,collision_ref_no,vehicle_reference,vehicle_type,towing_and_articulation,vehicle_manoeuvre_historic,vehicle_manoeuvre,vehicle_direction_from,vehicle_direction_to,vehicle_location_restricted_lane_historic,vehicle_location_restricted_lane,junction_location,skidding_and_overturning,hit_object_in_carriageway,vehicle_leaving_carriageway,hit_object_off_carriageway,first_point_of_impact,vehicle_left_hand_drive,journey_purpose_of_driver_historic,journey_purpose_of_driver,sex_of_driver,age_of_driver,age_band_of_driver,engine_capacity_cc,propulsion_code,age_of_vehicle,generic_make_model,driver_imd_decile,lsoa_of_driver,escooter_flag,driver_distance_banding
2023010422310,2023,010422310,2,3,0,14,14,3,7,0,0,0,0,0,0,0,4,1,1,1,1,36,7,124,1,3,PIAGGIO LIBERTY,2,E01000078,0,-1
2023010429656,2023,010429656,1,3,0,18,19,1,5,0,0,8,0,0,0,0,4,1,6,6,1,42,7,124,1,6,PIAGGIO LIBERTY,1,E01004040,0,-1
2023010424324,2023,010424324,1,3,0,99,99,9,9,99,99,9,9,99,9,99,1,1,6,6,1,41,7,124,1,4,PIAGGIO LIBERTY,2,E01000525,0,-1
2023451310153,2023,451310153,1,3,0,18,19,2,6,0,0,1,1,0,0,0,1,1,5,6,1,19,4,124,1,1,PIAGGIO LIBERTY,10,E01030307,0,-1
2023010443562,2023,010443562,1,3,0,18,19,6,2,0,0,8,0,0,0,0,1,1,6,6,1,22,5,124,1,4,PIAGGIO LIBERTY,-1,-1,0,-1
2023010458577,2023,010458577,1,3,0,18,19,1,5,0,0,1,0,0,0,0,1,1,2,2,1,24,5,124,1,1,PIAGGIO LIBERTY,2,E01000544,0,-1
2023010429092,2023,010429092,1,3,0,99,99,9,9,99,99,9,9,99,9,99,1,1,1,1,1,34,6,124,1,6,PIAGGIO LIBERTY,4,E01032566,0,-1
2023010427106,2023,010427106,1,3,0,99,99,9,9,99,99,9,9,99,9,99,1,1,1,1,1,37,7,124,1,5,PIAGGIO LIBERTY,5,E01002232,0,-1
2023010427458,2023,010427458,1,3,0,99,99,9,9,99,99,9,9,99,9,99,1,1,2,2,2,54,8,124,1,19,PIAGGIO LIBERTY,3,E01003406,0,-1
2023010433119,2023,010433119,1,3,0,18,19,7,3,0,0,0,0,8,0,0,4,1,6,6,1,33,6,124,1,7,PIAGGIO LIBERTY,-1,-1,0,-1
2023471296609,2023,471296609,2,3,0,5,5,2,6,0,0,0,0,0,0,0,2,1,2,2,1,28,6,124,1,1,PIAGGIO LIBERTY,2,E01001118,0,-1
2023010427939,2023,010427939,1,3,0,14,14,1,5,0,0,1,0,0,0,0,0,1,1,1,1,28,6,124,1,4,PIAGGIO LIBERTY,4,E01003317,0,-1
2023010450634,2023,010450634,1,3,0,18,19,4,8,0,0,1,0,0,0,0,1,1,1,1,1,35,6,124,1,3,PIAGGIO LIBERTY,3,E01002585,0,-1
2023010483920,2023,010483920,2,3,0,99,99,9,9,99,99,9,9,99,9,99,1,1,6,6,3,-1,-1,124,1,2,PIAGGIO LIBERTY,-1,-1,0,-1
2023010447781,2023,010447781,1,3,0,99,99,9,9,99,99,9,9,99,9,99,1,9,2,2,1,29,6,124,1,1,PIAGGIO LIBERTY,2,E01002877,0,-1
2023010475593,2023,010475593,2,3,0,18,19,7,3,0,0,8,0,0,0,0,2,1,6,6,2,52,8,-1,-1,-1,PIAGGIO LIBERTY,6,E01002789,0,-1
2023010424335,2023,010424335,1,3,0,99,99,9,9,99,99,9,9,99,9,99,1,1,6,6,1,35,6,124,1,3,PIAGGIO LIBERTY,3,E01000531,0,-1
2023010425813,2023,010425813,1,3,0,99,99,9,9,99,99,9,9,99,9,99,9,1,1,1,1,29,6,124,1,1,PIAGGIO LIBERTY,2,E01003980,0,-1
2023010475568,2023,010475568,2,2,9,99,99,9,9,99,99,9,9,99,9,99,9,1,6,6,3,-1,-1,124,1,6,PIAGGIO LIBERTY,5,E01016374,0,-1
2023010459704,2023,010459704,2,3,0,8,8,5,7,0,0,3,0,0,0,0,2,1,2,2,1,31,6,124,1,2,PIAGGIO LIBERTY,4,E01001007,0,-1
2023131321281,2023,131321281,2,3,0,18,19,1,5,0,0,1,0,0,0,0,4,1,1,1,1,34,6,124,1,0,PIAGGIO LIBERTY,6,E01011480,0,-1
2023010445053,2023,010445053,1,3,0,99,99,9,9,99,99,9,9,99,9,99,2,1,1,1,1,23,5,124,1,3,PIAGGIO LIBERTY,5,E01003435,0,-1
2023010464394,2023,010464394,1,3,0,99,99,9,9,99,99,9,9,99,9,99,2,1,2,2,1,37,7,124,1,3,PIAGGIO LIBERTY,4,E01002607,0,-1
2023440462804,2023,440462804,1,3,0,4,4,4,8,0,0,1,0,0,0,0,2,1,1,1,1,41,7,124,1,6,PIAGGIO LIBERTY,1,E01017336,0,-1
2023010425665,2023,010425665,1,3,0,99,99,9,9,99,99,9,9,99,9,99,1,1,2,2,1,40,7,124,1,7,PIAGGIO LIBERTY,4,E01000504,0,-1
2023010434616,2023,010434616,1,3,0,99,99,9,9,99,99,9,9,99,9,99,1,1,6,6,1,38,7,124,1,6,PIAGGIO LIBERTY,5,E01000512,0,-1
2023430278418,2023,430278418,2,3,0,3,3,4,8,0,0,1,0,0,0,0,2,1,6,6,1,30,6,124,1,6,PIAGGIO LIBERTY,3,E01016804,0,-1
2023010458753,2023,010458753,1,3,0,18,19,1,5,0,0,8,0,0,0,0,1,1,6,6,1,17,4,124,1,1,PIAGGIO LIBERTY,4,E01001087,0,-1
2023302300751,2023,302300751,1,3,0,9,9,2,6,0,0,8,1,0,0,0,2,1,2,2,1,55,8,124,1,1,PIAGGIO LIBERTY,10,E01007932,0,-1
2023010482779,2023,010482779,1,3,0,99,99,9,9,99,99,9,9,99,9,99,1,1,1,1,1,26,6,124,1,0,PIAGGIO LIBERTY,1,E01000524,0,-1
2023522400979,2023,522400979,1,2,0,18,19,7,3,0,0,0,0,0,0,0,0,1,6,6,2,17,4,49,1,1,PIAGGIO LIBERTY,10,E01014966,0,-1
2023010486497,2023,010486497,1,3,0,99,99,9,9,99,99,9,9,99,9,99,2,1,6,6,1,31,6,124,1,3,PIAGGIO LIBERTY,4,E01000588,0,-1
2023010449472,2023,010449472,1,3,0,99,99,9,9,99,99,9,9,99,9,99,9,1,6,6,3,19,4,124,1,2,PIAGGIO LIBERTY,5,E01000505,0,-1
2023161352998,2023,161352998,2,3,0,18,19,3,7,0,0,1,5,0,0,0,1,1,5,6,1,49,8,124,1,2,PIAGGIO LIBERTY,2,E01012763,0,-1
2023010446842,2023,010446842,1,2,0,18,19,5,1,0,0,1,0,0,0,0,1,1,1,1,1,37,7,124,1,1,PIAGGIO LIBERTY,7,E01001346,0,-1
202360A063999,2023,60A063999,1,3,0,17,19,3,1,0,0,0,2,0,0,0,3,1,6,6,1,19,4,124,1,1,PIAGGIO LIBERTY,-1,-1,0,-1
2023010422496,2023,010422496,1,3,0,99,99,9,9,99,99,9,9,99,9,99,1,1,6,6,1,22,5,124,1,6,PIAGGIO LIBERTY,1,E01002071,0,-1
2023010420914,2023,010420914,1,3,0,99,99,9,9,99,99,9,9,99,9,99,1,1,6,6,1,25,5,124,1,4,PIAGGIO LIBERTY,2,E01003634,0,-1
2023411328155,2023,411328155,2,3,0,-1,-1,-1,-1,-1,-1,0,-1,-1,-1,0,-1,1,5,6,1,27,6,124,1,4,PIAGGIO LIBERTY,4,E01023857,0,-1
2023010423931,2023,010423931,1,3,0,18,19,4,8,0,0,0,0,0,0,0,3,1,1,1,1,42,7,124,1,3,PIAGGIO LIBERTY,4,E01002014,0,-1
2023010465272,2023,010465272,1,3,0,99,99,9,9,99,99,0,9,99,9,99,9,1,6,6,1,-1,-1,124,1,1,PIAGGIO LIBERTY,6,E01001269,0,-1
2023010419403,2023,010419403,1,3,0,18,19,5,1,0,0,0,0,0,0,0,1,1,1,1,1,22,5,124,1,2,PIAGGIO LIBERTY,2,E01002003,0,-1
2023471331958,2023,471331958,2,3,0,18,19,5,1,0,0,1,0,0,0,0,1,1,6,6,1,26,6,124,1,0,PIAGGIO LIBERTY,1,E01016904,0,-1
2023010446526,2023,010446526,1,3,0,99,99,9,9,99,99,9,9,99,9,99,2,1,1,1,1,26,6,124,1,6,PIAGGIO LIBERTY,4,E01004142,0,-1
2023522400756,2023,522400756,3,3,0,4,4,2,6,0,0,0,0,0,0,0,1,1,6,6,1,29,6,124,1,0,PIAGGIO LIBERTY,10,E01015001,0,-1
2023010423067,2023,010423067,1,3,0,99,99,9,9,99,99,9,9,99,9,99,1,1,6,6,1,28,6,124,1,6,PIAGGIO LIBERTY,2,E01000525,0,-1
2023010447603,2023,010447603,1,3,0,99,99,9,9,99,99,9,9,99,9,99,1,1,6,6,1,23,5,124,1,3,PIAGGIO LIBERTY,4,E01000570,0,-1
2023010440106,2023,010440106,1,3,0,18,19,1,5,0,0,8,0,0,0,0,3,1,1,1,1,49,8,124,1,5,PIAGGIO LIBERTY,1,E01001196,0,-1
2023320075319,2023,320075319,1,2,0,14,14,8,4,0,0,1,1,0,0,0,1,1,1,1,1,24,5,124,1,2,PIAGGIO LIBERTY,4,E01026366,0,-1
2023430332673,2023,430332673,1,3,0,3,3,1,5,0,0,1,0,0,0,0,2,1,6,6,2,19,4,124,1,7,PIAGGIO LIBERTY,10,E01028654,0,-1
2023010445869,2023,010445869,2,3,0,18,19,1,5,0,0,1,0,0,0,0,1,1,6,6,1,23,5,124,1,2,PIAGGIO LIBERTY,3,E01003388,0,-1
2023010425291,2023,010425291,1,3,0,99,99,9,9,99,99,9,9,99,9,99,9,1,1,1,1,34,6,124,1,6,PIAGGIO LIBERTY,4,E01032566,0,-1
2023010437366,2023,010437366,1,3,0,99,99,9,9,99,99,9,9,99,9,99,1,9,6,6,1,43,7,124,1,2,PIAGGIO LIBERTY,5,E01001271,0,-1
2023010434361,2023,010434361,1,3,0,7,7,3,5,0,0,1,0,0,0,0,3,1,1,1,1,25,5,124,1,3,PIAGGIO LIBERTY,7,E01001204,0,-1
2023371389938,2023,371389938,1,2,0,18,19,6,2,0,0,0,2,0,0,0,1,1,5,6,1,16,4,49,1,0,PIAGGIO LIBERTY,6,E01030040,0,-1
2023101295622,2023,101295622,2,3,0,18,19,1,3,0,0,3,0,0,0,0,4,1,1,1,1,34,6,124,1,2,PIAGGIO LIBERTY,2,E01008334,0,-1
2023010434092,2023,010434092,1,3,0,99,99,9,9,99,99,9,9,99,9,99,9,1,2,2,1,25,5,124,1,2,PIAGGIO LIBERTY,3,E01002647,0,-1
2023010447819,2023,010447819,1,3,0,4,4,5,1,0,0,0,0,0,0,0,1,1,1,1,1,23,5,124,1,2,PIAGGIO LIBERTY,3,E01002623,0,-1
2023010476196,2023,010476196,1,3,0,99,99,9,9,0,0,8,0,0,0,0,1,1,6,6,1,23,5,124,1,6,PIAGGIO LIBERTY,4,E01000611,0,-1
2023010458168,2023,010458168,2,3,3,18,19,7,3,0,0,0,1,0,0,0,0,1,1,1,1,49,8,124,1,1,PIAGGIO LIBERTY,6,E01004497,0,-1
2023522301152,2023,522301152,2,3,0,12,12,6,2,0,0,0,0,0,0,0,1,1,6,6,1,30,6,124,1,6,PIAGGIO LIBERTY,6,E01014399,0,-1
2023430180081,2023,430180081,2,3,0,18,19,2,6,0,0,8,0,0,0,0,1,1,1,1,1,26,6,124,1,5,PIAGGIO LIBERTY,4,E01032961,0,-1
2023471387799,2023,471387799,2,3,0,14,14,3,7,0,0,2,0,0,0,0,1,1,1,1,2,31,6,124,1,0,PIAGGIO LIBERTY,3,E01017007,0,-1
2023311328176,2023,311328176,2,3,0,3,3,2,6,0,0,6,1,0,0,0,0,1,6,6,1,24,5,124,1,3,PIAGGIO LIBERTY,5,E01013840,0,-1
2023501305637,2023,501305637,1,3,0,17,19,8,4,0,0,8,2,0,0,0,1,1,6,6,2,50,8,124,1,0,PIAGGIO LIBERTY,4,E01020055,0,-1
2023211438502,2023,211438502,1,3,0,18,19,1,5,0,0,0,0,0,0,0,1,1,6,6,1,23,5,124,1,1,PIAGGIO LIBERTY,-1,-1,0,-1
2023411330127,2023,411330127,1,3,0,18,19,2,6,0,0,2,0,0,0,0,1,1,6,6,1,26,6,124,1,5,PIAGGIO LIBERTY,2,E01023860,0,-1
2023440372320,2023,440372320,1,2,0,18,19,1,5,0,0,1,0,0,0,0,1,1,6,6,2,20,4,124,1,0,PIAGGIO LIBERTY,4,E01022805,0,-1
2023010420306,2023,010420306,1,3,0,13,13,5,1,0,0,2,2,0,0,0,0,1,6,6,1,28,6,124,1,7,PIAGGIO LIBERTY,4,E01000475,0,-1
2023101298961,2023,101298961,2,3,0,4,4,7,4,0,0,1,0,0,0,0,4,1,5,6,1,37,7,124,1,1,PIAGGIO LIBERTY,3,E01008395,0,-1
2023010449147,2023,010449147,1,3,0,99,99,9,9,99,99,9,9,99,9,99,1,1,1,1,1,26,6,124,1,1,PIAGGIO LIBERTY,1,E01000601,0,-1
2023010449991,2023,010449991,1,3,0,99,99,9,9,99,99,9,9,99,9,99,1,1,6,6,1,31,6,124,1,1,PIAGGIO LIBERTY,3,E01002878,0,-1
2023010445816,2023,010445816,2,3,0,16,19,1,5,0,0,6,0,0,0,0,3,1,6,6,1,33,6,124,1,3,PIAGGIO LIBERTY,6,E01002124,0,-1
2023010485439,2023,010485439,1,4,0,18,19,1,5,0,0,2,0,0,0,0,1,1,6,6,1,32,6,124,1,6,-1,1,E01023844,0,-1
2023010423276,2023,010423276,1,3,0,99,99,9,9,99,99,1,9,99,9,99,9,1,2,2,1,27,6,124,1,3,PIAGGIO LIBERTY,5,E01023843,0,-1
2023131365376,2023,131365376,2,2,0,18,19,1,5,0,0,8,0,0,0,0,4,1,5,6,2,17,4,49,1,1,PIAGGIO LIBERTY,5,E01011733,0,-1
2023010474620,2023,010474620,1,3,0,18,19,3,7,0,0,1,1,0,0,0,1,1,2,2,1,37,7,124,1,2,PIAGGIO LIBERTY,7,E01001346,0,-1
2023010452926,2023,010452926,1,3,0,99,99,9,9,99,99,9,9,99,9,99,1,1,1,1,1,37,7,124,1,3,PIAGGIO LIBERTY,2,E01000603,0,-1
2023101317226,2023,101317226,2,3,0,18,19,1,5,0,0,0,0,0,0,0,4,1,1,1,1,29,6,124,1,2,PIAGGIO LIBERTY,-1,-1,0,-1
2023010476551,2023,010476551,2,3,0,5,5,0,5,0,0,6,0,0,0,10,4,1,6,6,1,24,5,124,1,5,PIAGGIO LIBERTY,7,E01002835,0,-1
2023010457659,2023,010457659,1,3,0,18,19,6,2,0,0,1,1,0,1,0,3,1,6,6,1,27,6,124,1,2,PIAGGIO LIBERTY,4,E01001037,0,-1
2023421329181,2023,421329181,1,3,0,9,9,8,4,0,0,1,5,10,1,0,1,1,6,6,1,23,5,124,1,19,PIAGGIO LIBERTY,1,E01016006,0,-1
2023010456191,2023,010456191,1,3,0,5,5,1,5,0,0,8,5,0,0,0,3,1,1,1,1,54,8,124,1,2,PIAGGIO LIBERTY,3,E01004698,0,-1
2023010476781,2023,010476781,1,3,0,18,19,7,3,0,0,8,0,0,0,0,1,1,2,2,1,35,6,124,1,1,PIAGGIO LIBERTY,5,E01003314,0,-1
2023501292742,2023,501292742,2,3,0,3,3,1,5,0,0,0,5,0,0,0,2,1,5,6,1,24,5,124,1,1,PIAGGIO LIBERTY,5,E01015225,0,-1
2023471384518,2023,471384518,2,3,0,18,19,6,2,0,0,1,0,0,0,0,0,1,5,6,2,25,5,124,1,3,PIAGGIO LIBERTY,1,E01020912,0,-1
2023430034304,2023,430034304,2,2,0,18,19,1,5,0,0,8,0,0,0,0,1,1,1,1,1,34,6,124,1,6,PIAGGIO LIBERTY,4,E01028532,0,-1
2023010464868,2023,010464868,1,3,0,9,9,3,1,0,0,1,0,0,0,0,4,1,6,6,1,17,4,124,1,2,PIAGGIO LIBERTY,3,E01001779,0,-1
2023010482687,2023,010482687,1,3,0,99,99,9,9,99,99,9,9,99,9,99,2,1,1,1,1,28,6,124,1,3,PIAGGIO LIBERTY,3,E01000718,0,-1
2023010471377,2023,010471377,1,3,0,99,99,9,9,99,99,9,9,99,9,99,1,1,1,1,1,53,8,124,1,2,PIAGGIO LIBERTY,5,E01004275,0,-1
2023311374190,2023,311374190,1,3,0,18,19,8,5,0,0,1,1,0,0,0,4,1,2,2,1,29,6,124,1,2,PIAGGIO LIBERTY,7,E01028298,0,-1
2023461328704,2023,461328704,2,3,0,18,19,1,5,0,0,0,0,0,0,0,4,1,6,6,1,28,6,124,1,3,PIAGGIO LIBERTY,1,E01024306,0,-1
2023010459649,2023,010459649,1,3,0,99,99,9,9,99,99,9,9,99,9,99,1,1,6,6,1,33,6,124,1,5,PIAGGIO LIBERTY,6,E01033457,0,-1
2023010431530,2023,010431530,1,3,9,99,99,9,9,99,99,9,9,99,9,99,9,1,6,6,3,33,6,124,1,6,PIAGGIO LIBERTY,3,E01000499,0,-1
2023430230280,2023,430230280,1,3,0,18,19,1,5,0,0,0,0,0,0,0,1,1,6,6,1,33,6,124,1,1,PIAGGIO LIBERTY,4,E01017850,0,-1
2023010446682,2023,010446682,1,3,0,99,99,9,9,99,99,9,9,99,9,99,9,1,2,2,1,39,7,124,1,2,PIAGGIO LIBERTY,-1,-1,0,-1
2023010432027,2023,010432027,2,3,0,7,7,6,1,0,0,1,0,0,0,0,1,1,6,6,1,24,5,124,1,1,PIAGGIO LIBERTY,3,E01003562,0,-1
2023010476091,2023,010476091,2,4,0,15,15,1,5,0,0,8,5,0,0,0,1,1,6,6,1,41,7,124,1,4,-1,2,E01001875,0,-1
2023010450210,2023,010450210,1,3,0,99,99,9,9,99,99,9,9,99,9,99,1,1,6,6,3,20,4,124,1,3,PIAGGIO LIBERTY,1,E01000521,0,-1
2023010479579,2023,010479579,1,3,0,99,99,9,9,99,99,9,9,99,9,99,1,1,1,1,1,28,6,124,1,4,PIAGGIO LIBERTY,6,E01033457,0,-1
2023010452698,2023,010452698,2,4,0,18,19,3,7,0,0,8,0,0,0,0,3,1,1,1,1,50,8,124,1,0,-1,1,E01033605,0,-1
2023010440599,2023,010440599,2,4,0,5,5,7,3,0,0,8,0,0,0,0,2,1,6,6,1,27,6,124,1,1,-1,5,E01004523,0,-1
2023101266143,2023,101266143,2,3,0,17,19,1,5,0,0,0,1,0,0,0,3,1,6,6,1,32,6,124,1,1,PIAGGIO LIBERTY,2,E01008301,0,-1
2023010433590,2023,010433590,1,3,0,99,99,9,9,99,99,9,9,99,9,99,0,1,6,6,1,31,6,124,1,6,PIAGGIO LIBERTY,1,E01002852,0,-1
2023010419333,2023,010419333,1,3,0,13,13,1,5,0,0,0,0,0,0,0,1,1,1,1,1,32,6,124,1,5,PIAGGIO LIBERTY,6,E01003386,0,-1
2023010456110,2023,010456110,1,3,0,99,99,9,9,99,99,9,9,99,9,99,9,1,6,6,1,28,6,124,1,1,PIAGGIO LIBERTY,4,E01003573,0,-1
2023010459782,2023,010459782,1,3,0,16,19,4,8,0,0,0,0,0,0,0,2,1,2,2,1,29,6,124,1,6,PIAGGIO LIBERTY,4,E01003684,0,-1
2023010458209,2023,010458209,1,3,0,99,99,9,9,99,99,9,9,99,9,99,1,1,2,2,1,23,5,124,1,6,PIAGGIO LIBERTY,2,E01004392,0,-1
2023010480099,2023,010480099,1,3,0,99,99,9,9,99,99,9,9,99,9,99,1,1,2,2,2,44,7,124,1,0,PIAGGIO LIBERTY,6,E01004513,0,-1
2023010477097,2023,010477097,1,3,0,99,99,9,9,99,99,9,9,99,9,99,9,1,2,2,2,34,6,124,1,3,PIAGGIO LIBERTY,3,E01004228,0,-1
2023010423868,2023,010423868,2,2,0,99,99,9,9,99,99,9,9,99,9,99,9,1,6,6,3,-1,-1,124,1,6,PIAGGIO LIBERTY,-1,-1,0,-1
2023010471149,2023,010471149,2,3,0,99,99,9,9,99,99,9,9,99,9,99,9,1,6,6,3,-1,-1,124,1,4,PIAGGIO LIBERTY,-1,-1,0,-1
2023010438673,2023,010438673,2,3,0,18,19,1,5,0,0,0,0,4,0,0,1,1,6,6,1,30,6,124,1,3,PIAGGIO LIBERTY,-1,-1,0,-1
2023010470055,2023,010470055,2,2,0,18,19,5,1,0,0,1,0,0,0,0,1,1,2,2,2,21,5,124,1,6,PIAGGIO LIBERTY,-1,-1,0,-1
2023010484470,2023,010484470,2,97,0,99,99,9,9,99,99,9,9,99,9,99,2,9,6,6,3,24,5,124,1,2,-1,4,E01004376,0,-1
2023010444438,2023,010444438,1,3,0,18,19,5,1,0,0,8,9,0,0,0,2,1,1,1,1,26,6,124,1,2,PIAGGIO LIBERTY,3,E01001154,0,-1
2023010454886,2023,010454886,2,3,0,18,19,1,5,0,0,0,0,0,0,0,3,1,6,6,1,20,4,124,1,1,PIAGGIO LIBERTY,1,E01033598,0,-1
2023010429253,2023,010429253,1,3,0,13,13,1,5,0,0,0,0,0,0,0,1,1,6,6,1,19,4,124,1,6,PIAGGIO LIBERTY,2,E01001191,0,-1
2023010437850,2023,010437850,1,3,0,99,99,9,9,99,99,9,9,99,9,99,1,1,6,6,1,26,6,124,1,1,PIAGGIO LIBERTY,1,E01000528,0,-1
2023430466061,2023,430466061,2,3,0,10,10,2,8,0,0,8,0,0,0,0,3,1,6,6,1,30,6,124,1,1,PIAGGIO LIBERTY,4,E01016725,0,-1
2023010420779,2023,010420779,1,3,0,99,99,9,9,99,99,9,9,99,9,99,1,1,1,1,1,27,6,124,1,3,PIAGGIO LIBERTY,5,E01002446,0,-1
2023010464767,2023,010464767,1,3,0,99,99,9,9,99,99,1,9,99,9,99,9,1,6,6,2,29,6,124,1,1,PIAGGIO LIBERTY,4,E01002964,0,-1
2023010475713,2023,010475713,1,3,0,99,99,9,9,99,99,9,9,99,9,99,1,1,6,6,1,33,6,124,1,1,PIAGGIO LIBERTY,4,E01000618,0,-1
2023430285951,2023,430285951,2,3,0,18,19,8,4,0,0,0,0,0,0,0,3,1,6,6,1,24,5,124,1,1,PIAGGIO LIBERTY,-1,-1,0,-1
2023010476468,2023,010476468,2,3,0,18,19,5,1,0,0,2,2,0,0,0,0,1,1,1,1,43,7,124,1,6,PIAGGIO LIBERTY,2,E01002053,0,-1
2023411417517,2023,411417517,2,3,0,18,19,7,3,0,0,0,0,0,0,0,1,1,2,2,1,36,7,124,1,18,PIAGGIO LIBERTY,2,E01021816,0,-1
2023311289022,2023,311289022,2,3,0,4,4,8,4,0,0,0,0,0,0,0,1,1,6,6,1,22,5,124,1,6,PIAGGIO LIBERTY,1,E01013882,0,-1
2023010441911,2023,010441911,1,3,0,99,99,9,9,99,99,9,9,99,9,99,9,1,1,1,1,23,5,124,1,3,PIAGGIO LIBERTY,2,E01003556,0,-1
2023010480948,2023,010480948,2,3,0,6,6,7,7,0,0,2,0,0,0,0,0,1,6,6,1,22,5,124,1,1,PIAGGIO LIBERTY,4,E01001222,0,-1
2023010467888,2023,010467888,2,4,0,18,19,5,1,0,0,1,0,0,0,0,1,1,2,2,1,21,5,124,1,5,-1,2,E01001702,0,-1
2023010423687,2023,010423687,1,3,0,99,99,9,9,99,99,9,9,99,9,99,1,1,2,2,1,37,7,124,1,2,PIAGGIO LIBERTY,7,E01000295,0,-1
2023351288643,2023,351288643,1,3,0,5,5,2,6,0,0,0,0,0,0,0,2,1,6,6,1,56,9,124,1,2,PIAGGIO LIBERTY,6,E01017973,0,-1
2023010437226,2023,010437226,1,3,0,99,99,9,9,99,99,9,9,99,9,99,1,1,6,6,1,38,7,124,1,3,PIAGGIO LIBERTY,5,E01000505,0,-1
2023010445049,2023,010445049,1,3,0,99,99,9,9,99,99,9,9,99,9,99,1,1,6,6,1,23,5,124,1,3,PIAGGIO LIBERTY,4,E01000570,0,-1
2023010469048,2023,010469048,1,3,0,4,4,5,1,9,9,0,1,0,1,11,1,1,6,6,1,22,5,124,1,2,PIAGGIO LIBERTY,-1,-1,0,-1
2023461355121,2023,461355121,1,3,0,16,19,5,1,0,0,0,0,0,0,0,1,1,6,6,1,27,6,124,1,16,PIAGGIO LIBERTY,1,E01024667,0,-1
2023010439147,2023,010439147,1,3,0,99,99,9,9,99,99,9,9,99,9,99,9,1,1,1,1,21,5,124,1,3,PIAGGIO LIBERTY,6,E01003152,0,-1
2023010419795,2023,010419795,2,3,0,18,19,5,1,0,0,1,0,0,0,0,1,1,6,6,1,19,4,124,1,2,PIAGGIO LIBERTY,-1,-1,0,-1
2023010452418,2023,010452418,1,3,0,99,99,9,9,99,99,9,9,99,9,99,9,1,1,1,1,34,6,124,1,6,PIAGGIO LIBERTY,2,E01000603,0,-1
2023131366653,2023,131366653,2,3,0,18,19,4,8,0,0,0,0,0,0,0,4,1,1,1,1,46,8,124,1,3,PIAGGIO LIBERTY,1,E01011348,0,-1
2023010427494,2023,010427494,1,3,0,18,19,3,7,0,0,0,0,0,0,0,1,1,1,1,1,53,8,124,1,4,PIAGGIO LIBERTY,3,E01000613,0,-1
2023010444152,2023,010444152,1,2,0,3,3,4,8,0,0,1,0,0,0,0,2,1,1,1,1,26,6,124,1,1,PIAGGIO LIBERTY,1,E01000601,0,-1
2023010461458,2023,010461458,2,4,0,18,19,7,3,0,0,1,1,0,0,0,1,1,6,6,1,23,5,124,1,1,-1,7,E01001343,0,-1
2023010448935,2023,010448935,1,3,0,99,99,9,9,99,99,9,9,99,9,99,1,1,1,1,1,26,6,124,1,6,PIAGGIO LIBERTY,4,E01004142,0,-1
2023411302739,2023,411302739,2,3,0,9,9,-1,-1,0,0,0,0,0,0,0,2,1,5,6,2,27,6,124,1,2,PIAGGIO LIBERTY,7,E01023901,0,-1
2023010425741,2023,010425741,1,3,0,99,99,9,9,99,99,9,9,99,9,99,2,1,1,1,1,39,7,124,1,6,PIAGGIO LIBERTY,2,E01001783,0,-1
2023010421132,2023,010421132,1,3,0,99,99,9,9,99,99,9,9,99,9,99,9,1,6,6,1,46,8,124,1,2,PIAGGIO LIBERTY,5,E01002660,0,-1
2023320490551,2023,320490551,2,9,0,18,19,5,1,0,0,0,0,0,0,0,4,1,6,6,2,74,10,1332,1,15,-1,5,E01026284,0,-1
2023311282024,2023,311282024,1,9,0,18,19,1,7,0,0,0,0,11,0,0,1,1,6,6,1,20,4,1597,1,16,-1,2,E01013947,0,-1
2023010429673,2023,010429673,2,9,0,5,5,1,5,0,0,0,0,4,0,0,1,1,6,6,1,81,11,1597,1,16,-1,8,E01002322,0,-1
2023010423956,2023,010423956,1,9,0,3,3,1,5,1,1,1,0,0,0,0,1,1,6,6,1,37,7,1597,1,15,-1,4,E01003282,0,-1
2023501272580,2023,501272580,1,9,0,4,4,4,8,0,0,0,0,0,0,0,2,1,5,6,1,84,11,1995,1,7,SUBARU XV,5,E01018765,0,-1
2023440175013,2023,440175013,1,9,0,9,9,6,4,0,0,8,0,0,0,0,1,1,6,6,1,64,9,1995,1,5,SUBARU XV,10,E01022987,0,-1
2023031304840,2023,031304840,1,9,0,4,4,6,3,0,0,0,0,0,0,0,1,1,6,6,1,76,11,1998,2,8,SUBARU XV,7,E01019395,0,-1
2023401380931,2023,401380931,2,9,0,7,7,1,5,0,0,0,1,0,0,0,4,1,6,6,2,44,7,1998,2,9,SUBARU XV,7,E01017382,0,-1
2023131313567,2023,131313567,1,9,0,12,12,5,1,0,0,0,0,0,0,0,4,1,5,6,1,40,7,1998,2,10,SUBARU XV,4,E01007434,0,-1