collision_index,collision_year,collision_ref_no,vehicle_reference,vehicle_type,towing_and_articulation,vehicle_manoeuvre_historic,vehicle_manoeuvre,vehicle_direction_from,vehicle_direction_to,vehicle_location_restricted_lane_historic,vehicle_location_restricted_lane,junction_location,skidding_and_overturning,hit_object_in_carriageway,vehicle_leaving_carriageway,hit_object_off_carriageway,first_point_of_impact,vehicle_left_hand_drive,journey_purpose_of_driver_historic,journey_purpose_of_driver,sex_of_driver,age_of_driver,age_band_of_driver,engine_capacity_cc,propulsion_code,age_of_vehicle,generic_make_model,driver_imd_decile,lsoa_of_driver,escooter_flag,driver_distance_banding
2023141383082,2023,141383082,4,9,0,2,2,1,1,0,0,2,0,0,0,0,2,1,6,6,3,-1,-1,1995,8,0,SUBARU XV,-1,-1,0,-1
2023122300039,2023,122300039,1,9,0,18,19,7,3,0,0,1,0,0,0,0,1,1,6,6,1,87,11,1600,1,5,SUBARU XV,7,E01027653,0,-1
2023010454719,2023,010454719,2,9,0,99,99,9,9,99,99,9,9,99,9,99,9,9,6,6,3,-1,-1,1995,1,10,SUBARU XV,8,E01004074,0,-1
2023991322298,2023,991322298,1,9,0,5,5,7,3,0,0,8,0,0,0,0,1,1,5,6,2,80,11,1995,1,5,SUBARU XV,10,-1,0,-1
2023010481010,2023,010481010,14,9,0,2,2,0,0,0,0,0,0,0,0,0,2,1,6,6,3,-1,-1,1998,2,10,SUBARU XV,-1,-1,0,-1
2023461304241,2023,461304241,1,9,0,4,4,3,7,0,0,0,0,0,0,0,4,1,6,6,2,54,8,1998,1,8,SUBARU XV,4,E01024377,0,-1
2023340WN4892,2023,340WN4892,2,11,0,4,4,6,2,0,0,2,0,0,0,0,2,1,1,1,1,44,7,8268,2,19,-1,1,E01027153,0,-1
2023440428845,2023,440428845,1,11,0,16,19,2,6,0,0,0,0,0,0,0,3,1,1,1,1,31,6,8268,2,19,-1,4,E01023202,0,-1
2023311294975,2023,311294975,1,11,0,4,4,1,5,0,0,0,0,0,0,0,0,1,1,1,1,40,7,8268,2,19,-1,-1,-1,0,-1
2023010464523,2023,010464523,1,3,0,13,13,3,7,0,0,1,0,0,0,0,4,1,1,1,1,39,7,125,1,3,YAMAHA MWS,5,E01003155,0,-1
2023471318968,2023,471318968,2,3,0,3,3,0,0,0,0,0,0,0,0,0,4,1,1,1,1,34,6,125,1,4,YAMAHA MWS,6,E01031586,0,-1
2023311357823,2023,311357823,1,2,0,18,19,8,4,0,0,2,0,0,0,0,1,1,1,1,1,29,6,125,1,5,-1,1,E01013846,0,-1
2023430079978,2023,430079978,1,3,0,18,19,4,8,0,0,2,0,0,0,0,4,1,1,1,1,51,8,125,1,1,YAMAHA MWS,9,E01016345,0,-1
2023010431105,2023,010431105,2,3,0,18,19,3,7,0,0,1,2,0,0,0,4,1,6,6,1,25,5,125,1,1,YAMAHA MWS,9,E01004604,0,-1
2023010471417,2023,010471417,1,2,0,18,19,1,5,0,0,5,0,0,0,0,0,1,6,6,1,31,6,125,1,1,-1,2,E01000126,0,-1
2023010453519,2023,010453519,1,3,0,99,99,9,9,99,99,0,9,99,9,99,2,1,1,1,1,37,7,125,1,5,YAMAHA MWS,2,E01004246,0,-1
2023010459586,2023,010459586,1,3,0,18,19,3,7,0,0,1,1,0,0,0,0,1,6,6,1,38,7,125,1,5,YAMAHA MWS,3,E01002701,0,-1
2023430201293,2023,430201293,1,3,0,18,19,7,3,0,0,8,0,0,0,0,1,1,6,6,1,45,7,125,1,5,YAMAHA MWS,4,E01017850,0,-1
2023201415964,2023,201415964,2,2,0,14,14,1,5,0,0,8,0,0,0,0,1,1,1,1,2,52,8,125,1,4,-1,1,E01009153,0,-1
2023471297212,2023,471297212,1,3,0,18,19,7,3,0,0,8,0,0,0,0,1,1,5,6,1,30,6,125,1,3,YAMAHA MWS,4,E01016856,0,-1
2023010483347,2023,010483347,1,3,0,99,99,9,9,99,99,9,9,99,9,99,1,1,1,1,1,20,4,125,1,6,YAMAHA MWS,2,E01003063,0,-1
2023010434139,2023,010434139,2,3,0,9,9,3,1,0,0,3,5,0,1,0,1,1,6,6,1,35,6,125,1,3,YAMAHA MWS,5,E01001217,0,-1
2023340WN6142,2023,340WN6142,1,3,0,18,19,5,1,0,0,0,0,0,0,0,1,1,2,2,1,57,9,125,1,5,YAMAHA MWS,3,E01027175,0,-1
2023010450339,2023,010450339,1,3,0,18,19,5,1,0,0,0,0,0,0,0,1,1,6,6,1,19,4,125,1,0,YAMAHA MWS,1,E01002905,0,-1
2023451396179,2023,451396179,1,3,0,18,19,1,5,0,0,0,0,0,0,0,4,1,2,2,1,47,8,125,1,0,YAMAHA MWS,8,E01030552,0,-1
2023010429081,2023,010429081,1,3,0,99,99,9,9,99,99,9,9,99,9,99,1,1,1,1,1,32,6,125,1,5,YAMAHA MWS,9,E01003381,0,-1
2023010437398,2023,010437398,1,3,0,99,99,9,9,99,99,0,9,99,9,99,9,1,2,2,1,56,9,125,1,3,YAMAHA MWS,7,E01000748,0,-1
2023231347072,2023,231347072,1,3,0,18,19,4,8,0,0,0,0,0,1,0,1,1,6,6,1,45,7,125,1,0,YAMAHA MWS,5,E01031141,0,-1
2023371407264,2023,371407264,1,2,0,9,9,5,3,0,0,0,2,0,0,0,-1,1,5,6,1,16,4,48,1,1,-1,8,E01033443,0,-1
2023332300936,2023,332300936,1,2,0,18,19,8,4,0,0,8,0,0,0,0,4,1,6,6,2,16,4,48,1,2,-1,8,E01025748,0,-1
2023061334655,2023,061334655,1,3,0,12,12,3,7,0,0,0,0,0,0,0,3,1,5,6,1,33,6,125,1,7,-1,1,E01004861,0,-1
2023010481293,2023,010481293,1,9,0,4,4,1,5,0,0,1,0,0,0,0,2,1,6,6,1,73,10,-1,3,0,-1,7,E01002228,0,-1
2023471353322,2023,471353322,1,9,0,18,19,6,2,0,0,0,0,0,0,0,1,1,5,6,2,25,5,796,1,15,CHEVROLET MATIZ,7,E01021146,0,-1
2023552300837,2023,552300837,1,9,0,18,19,1,5,0,0,0,0,0,0,0,4,1,6,6,2,62,9,796,1,17,CHEVROLET MATIZ,5,E01015377,0,-1
2023010426548,2023,010426548,1,9,0,18,19,7,3,0,0,1,0,0,0,0,1,1,6,6,3,-1,-1,995,1,16,CHEVROLET MATIZ,-1,-1,0,-1
2023541259823,2023,541259823,1,9,0,7,7,6,7,0,0,5,0,0,7,2,1,1,2,2,2,43,7,995,1,18,CHEVROLET MATIZ,9,E01032112,0,-1
2023131357826,2023,131357826,1,9,0,18,19,7,3,0,0,0,0,0,0,0,1,1,5,6,2,18,4,796,1,16,CHEVROLET MATIZ,2,E01011324,0,-1
2023531392168,2023,531392168,1,9,0,16,19,5,1,0,0,0,0,4,7,0,1,1,5,6,2,17,4,995,1,16,CHEVROLET MATIZ,5,E01022358,0,-1
2023622300731,2023,622300731,2,9,0,4,4,7,4,0,0,1,0,0,0,0,1,1,6,6,1,25,5,995,1,17,CHEVROLET MATIZ,10,W01001795,0,-1
2023451331196,2023,451331196,2,9,0,11,11,8,4,0,0,8,0,0,0,0,4,1,6,6,2,32,6,796,1,18,CHEVROLET MATIZ,6,E01030600,0,-1
2023371388140,2023,371388140,2,9,0,3,3,5,-1,0,0,1,0,0,0,0,2,1,6,6,2,17,4,796,1,14,CHEVROLET MATIZ,7,E01030184,0,-1
2023170M11873,2023,170M11873,1,9,0,18,19,7,3,0,0,8,0,0,0,0,0,1,6,6,2,68,10,995,1,15,CHEVROLET MATIZ,1,E01012019,0,-1
2023302301937,2023,302301937,1,9,0,7,7,8,2,0,0,6,0,0,0,0,1,1,6,6,2,38,7,995,1,16,CHEVROLET MATIZ,2,E01019453,0,-1
2023332300196,2023,332300196,3,9,0,2,2,0,0,0,0,2,0,0,0,0,2,1,6,6,1,32,6,796,1,18,CHEVROLET MATIZ,9,E01025921,0,-1
2023122300235,2023,122300235,2,9,0,18,19,3,7,0,0,8,0,0,0,0,1,1,6,6,1,71,10,796,1,14,CHEVROLET MATIZ,6,E01027834,0,-1
2023340WN4932,2023,340WN4932,1,9,0,5,5,6,2,0,0,2,0,7,1,0,1,1,6,6,2,80,11,995,1,14,CHEVROLET MATIZ,2,E01027243,0,-1
2023440531763,2023,440531763,1,9,0,18,19,7,3,0,0,1,5,0,1,0,1,1,6,6,1,19,4,995,1,14,CHEVROLET MATIZ,2,E01017322,0,-1
2023221356289,2023,221356289,2,9,0,18,19,7,3,0,0,0,5,0,4,2,4,1,6,6,1,50,8,995,1,14,CHEVROLET MATIZ,1,E01032225,0,-1
2023430255038,2023,430255038,1,9,0,9,9,6,4,0,0,5,0,0,0,0,4,1,6,6,2,39,7,796,1,14,CHEVROLET MATIZ,2,E01016443,0,-1
2023061376994,2023,061376994,2,9,0,18,19,1,5,0,0,0,0,0,0,0,3,1,6,6,2,61,9,796,1,15,CHEVROLET MATIZ,2,E01004795,0,-1
2023501359551,2023,501359551,1,9,0,17,19,2,7,0,0,2,0,0,0,0,3,1,1,1,2,49,8,995,1,15,CHEVROLET MATIZ,3,E01019038,0,-1
2023552300938,2023,552300938,2,9,0,18,19,6,2,0,0,8,0,0,0,0,1,1,6,6,2,77,11,995,1,18,CHEVROLET MATIZ,5,E01020472,0,-1
2023320244000,2023,320244000,1,9,0,18,19,2,6,0,0,1,0,4,0,0,1,1,6,6,1,75,10,995,1,13,CHEVROLET MATIZ,-1,-1,0,-1
2023440336092,2023,440336092,1,9,0,18,19,6,2,0,0,1,0,0,1,10,1,1,2,2,2,22,5,995,1,16,CHEVROLET MATIZ,2,E01017032,0,-1
2023440381659,2023,440381659,2,9,0,16,19,5,7,0,0,1,0,0,0,0,1,1,6,6,1,30,6,796,1,16,CHEVROLET MATIZ,7,E01020357,0,-1
2023141345221,2023,141345221,1,9,0,4,4,1,6,0,0,1,0,0,0,0,2,1,5,6,2,66,10,796,1,15,CHEVROLET MATIZ,1,E01007339,0,-1
2023401314983,2023,401314983,1,9,0,16,19,5,7,0,0,0,1,0,1,0,1,1,3,7,2,33,6,796,1,14,CHEVROLET MATIZ,10,E01017438,0,-1
2023041318214,2023,041318214,1,9,0,7,7,1,7,0,0,5,0,10,7,0,1,1,6,6,3,-1,-1,995,1,14,CHEVROLET MATIZ,-1,-1,0,-1
2023461271220,2023,461271220,1,9,0,4,4,8,4,0,0,0,1,0,0,0,1,1,6,6,2,64,9,995,1,14,CHEVROLET MATIZ,8,E01024448,0,-1
2023461314232,2023,461314232,1,9,0,18,19,6,2,0,0,0,0,0,0,0,1,1,6,6,1,30,6,796,1,17,CHEVROLET MATIZ,1,E01024667,0,-1
2023461353794,2023,461353794,1,9,0,7,7,3,7,0,0,5,0,0,1,0,1,1,6,6,2,47,8,796,1,14,CHEVROLET MATIZ,3,E01001589,0,-1
2023041287240,2023,041287240,1,9,0,14,14,5,1,0,0,1,0,0,0,0,1,1,5,6,2,81,11,995,1,15,CHEVROLET MATIZ,9,E01025512,0,-1
2023430106788,2023,430106788,1,9,0,9,9,6,4,0,0,6,0,0,0,0,1,1,6,6,2,61,9,995,1,14,CHEVROLET MATIZ,-1,-1,0,-1
2023201367225,2023,201367225,2,9,0,18,19,4,8,0,0,8,0,0,0,0,1,1,6,6,1,77,11,995,1,15,CHEVROLET MATIZ,3,E01009587,0,-1
2023201389392,2023,201389392,2,9,0,18,19,5,1,0,0,8,0,0,0,0,1,1,6,6,2,32,6,995,1,15,CHEVROLET MATIZ,1,E01010374,0,-1
2023041381581,2023,041381581,1,9,0,18,19,3,7,0,0,2,0,0,0,0,1,1,2,2,1,53,8,995,1,16,CHEVROLET MATIZ,2,E01012629,0,-1
2023451289217,2023,451289217,2,9,0,13,13,7,3,0,0,0,0,0,0,0,1,1,6,6,1,62,9,995,1,15,CHEVROLET MATIZ,5,E01030310,0,-1
2023361319357,2023,361319357,1,9,0,18,19,6,2,0,0,2,0,0,0,0,1,1,2,2,1,45,7,995,1,16,CHEVROLET MATIZ,8,E01026518,0,-1
2023421287647,2023,421287647,2,9,0,3,3,7,8,0,0,0,0,0,0,0,3,1,5,6,1,52,8,796,1,15,CHEVROLET MATIZ,-1,-1,0,-1
2023010467264,2023,010467264,1,9,0,18,19,3,7,0,0,1,0,0,0,0,1,1,6,6,2,-1,-1,796,1,16,CHEVROLET MATIZ,-1,-1,0,-1
2023070187369,2023,070187369,2,9,0,3,3,7,2,0,0,0,0,0,0,0,2,1,6,6,1,51,8,995,1,14,CHEVROLET MATIZ,6,E01018679,0,-1
2023552400148,2023,552400148,1,9,0,18,19,2,7,0,0,8,0,0,0,0,1,1,6,6,1,40,7,995,1,16,CHEVROLET MATIZ,7,E01015424,0,-1
2023471341721,2023,471341721,2,9,0,18,19,2,6,0,0,8,5,0,0,0,4,1,2,2,1,65,9,995,1,17,CHEVROLET MATIZ,1,E01020920,0,-1
2023522301417,2023,522301417,1,9,0,9,9,1,7,0,0,6,0,0,0,0,1,1,6,6,1,18,4,995,1,18,CHEVROLET MATIZ,-1,-1,0,-1
2023131384515,2023,131384515,1,9,0,18,19,5,1,0,0,0,0,0,0,0,1,1,5,6,1,22,5,796,1,14,CHEVROLET MATIZ,1,E01010809,0,-1
2023522400916,2023,522400916,1,9,0,18,19,5,1,0,0,8,0,0,0,0,4,1,6,6,2,53,8,995,1,17,CHEVROLET MATIZ,9,E01014819,0,-1
2023141354192,2023,141354192,2,9,0,4,4,1,5,0,0,0,0,0,0,0,2,1,5,6,1,22,5,995,1,17,CHEVROLET MATIZ,5,E01007388,0,-1
2023622300182,2023,622300182,1,9,0,18,19,8,4,0,0,1,0,0,0,0,1,1,6,6,2,76,11,995,1,15,CHEVROLET MATIZ,5,W01001161,0,-1
2023332300560,2023,332300560,1,9,0,18,19,2,6,0,0,1,0,0,2,10,1,1,6,6,1,58,9,995,1,14,CHEVROLET MATIZ,3,E01013718,0,-1
2023320261604,2023,320261604,1,9,0,16,19,4,8,0,0,0,5,0,7,11,1,1,2,2,1,26,6,995,1,14,CHEVROLET MATIZ,-1,-1,0,-1
2023991299183,2023,991299183,2,9,0,18,19,6,3,0,0,8,0,0,0,0,3,1,5,6,2,43,7,796,1,16,CHEVROLET MATIZ,-1,-1,0,-1
2023371317308,2023,371317308,1,9,-1,-1,-1,-1,-1,-1,-1,0,-1,-1,-1,0,-1,1,5,6,1,23,5,995,1,17,CHEVROLET MATIZ,6,E01021406,0,-1
2023201284544,2023,201284544,1,9,0,18,19,3,7,0,0,4,0,0,0,0,1,1,6,6,3,-1,-1,796,1,14,CHEVROLET MATIZ,-1,-1,0,-1
2023302300315,2023,302300315,2,9,0,16,19,2,6,0,0,1,0,0,0,0,1,1,6,6,2,81,11,796,1,14,CHEVROLET MATIZ,9,E01019632,0,-1
2023401309148,2023,401309148,3,9,0,2,2,0,0,0,0,1,0,0,0,0,4,1,6,6,3,-1,-1,995,1,14,CHEVROLET MATIZ,-1,-1,0,-1
2023461354242,2023,461354242,1,9,0,1,1,8,4,9,9,0,0,0,0,0,2,1,6,6,2,87,11,995,1,16,CHEVROLET MATIZ,9,E01024298,0,-1
2023311334059,2023,311334059,1,9,0,18,19,5,1,0,0,8,0,0,0,0,1,1,6,6,1,64,9,995,1,14,CHEVROLET MATIZ,10,E01028412,0,-1
2023010467747,2023,010467747,1,9,0,3,3,5,1,0,0,1,0,4,0,0,1,1,6,6,2,20,4,995,1,16,CHEVROLET MATIZ,-1,-1,0,-1
2023501341435,2023,501341435,2,9,0,2,2,0,0,0,0,1,0,4,0,0,2,1,5,6,1,40,7,995,1,17,CHEVROLET MATIZ,1,E01015078,0,-1
2023221300220,2023,221300220,1,9,0,18,19,5,1,0,0,0,1,0,7,11,1,1,5,6,2,49,8,995,1,18,CHEVROLET MATIZ,5,E01014001,0,-1
2023201284796,2023,201284796,2,9,0,17,19,8,4,0,0,8,1,0,0,0,4,1,6,6,1,45,7,995,1,16,CHEVROLET MATIZ,3,E01009006,0,-1
2023552300759,2023,552300759,2,9,0,18,19,2,6,0,0,8,1,0,0,0,4,1,6,6,1,68,10,995,1,16,CHEVROLET MATIZ,4,E01020394,0,-1
2023052301573,2023,052301573,1,9,0,17,19,5,1,0,0,0,0,0,0,0,1,1,6,6,1,35,6,796,1,17,CHEVROLET MATIZ,1,E01006720,0,-1
2023070054562,2023,070054562,1,9,0,17,19,2,6,0,0,0,5,0,1,0,4,1,2,2,1,22,5,796,1,16,CHEVROLET MATIZ,2,E01018716,0,-1
2023161351773,2023,161351773,2,9,0,18,19,3,7,0,0,1,0,0,0,0,1,1,5,6,2,33,6,995,1,15,CHEVROLET MATIZ,2,E01012821,0,-1
2023361272259,2023,361272259,1,9,0,17,19,7,3,0,0,0,1,0,1,4,1,1,5,6,2,24,5,796,1,14,CHEVROLET MATIZ,4,E01026739,0,-1
2023122300654,2023,122300654,2,2,0,4,4,3,7,0,0,1,1,0,0,0,1,1,2,2,2,30,6,583,1,21,-1,7,E01027705,0,-1
2023010448629,2023,010448629,1,3,0,3,3,5,1,0,0,1,0,0,0,0,1,1,6,6,1,35,6,108,1,13,HONDA NHX110WH,8,E01000311,0,-1
2023411303584,2023,411303584,2,3,0,18,19,3,7,0,0,1,0,0,0,0,3,1,6,6,1,28,6,108,1,12,HONDA NHX110WH,5,E01023727,0,-1
2023010427855,2023,010427855,1,3,0,99,99,9,9,99,99,9,9,99,9,99,1,1,1,1,1,26,6,108,1,12,HONDA NHX110WH,3,E01000506,0,-1
2023547822323,2023,547822323,2,3,0,18,19,7,3,0,0,3,0,0,0,0,0,1,6,6,1,32,6,108,1,14,HONDA NHX110WH,6,E01015497,0,-1
2023010423265,2023,010423265,1,3,0,99,99,9,9,99,99,9,9,99,9,99,9,1,6,6,1,34,6,108,1,15,HONDA NHX110WH,4,E01004368,0,-1
2023010447888,2023,010447888,1,3,0,99,99,9,9,99,99,9,9,99,9,99,1,1,6,6,1,23,5,108,1,12,HONDA NHX110WH,5,E01000474,0,-1
2023010424969,2023,010424969,1,3,0,99,99,9,9,99,99,9,9,99,9,99,9,1,6,6,1,28,6,108,1,14,HONDA NHX110WH,3,E01003015,0,-1
2023010457636,2023,010457636,2,3,0,5,5,7,3,0,0,0,2,10,0,0,1,1,6,6,1,20,4,108,1,15,HONDA NHX110WH,-1,-1,0,-1
2023361283560,2023,361283560,2,3,0,18,19,1,5,0,0,1,1,0,0,0,3,1,1,1,1,32,6,108,1,14,HONDA NHX110WH,1,E01026634,0,-1
2023010435086,2023,010435086,2,3,0,17,19,1,5,0,0,0,0,4,0,0,1,1,6,6,1,14,3,108,1,14,HONDA NHX110WH,2,E01003175,0,-1
2023010444235,2023,010444235,1,3,0,18,19,6,2,0,0,1,0,0,0,0,1,1,2,2,1,20,4,108,1,13,HONDA NHX110WH,5,E01004601,0,-1
2023010482278,2023,010482278,1,3,9,99,99,9,9,99,99,9,9,99,9,99,9,1,1,1,1,33,6,108,1,12,HONDA NHX110WH,1,E01004304,0,-1
2023010428807,2023,010428807,1,3,0,99,99,9,9,99,99,9,9,99,9,99,1,1,1,1,1,26,6,108,1,12,HONDA NHX110WH,3,E01000506,0,-1
2023010473774,2023,010473774,1,3,0,18,19,3,7,0,0,1,0,0,0,0,1,1,2,2,1,55,8,108,1,12,HONDA NHX110WH,2,E01003351,0,-1
2023141266313,2023,141266313,2,9,0,18,19,4,8,0,0,1,0,0,0,0,1,1,5,6,2,23,5,998,8,1,HYUNDAI I20,-1,-1,0,-1
2023991323809,2023,991323809,1,9,0,18,19,2,7,0,0,0,0,0,0,0,4,1,5,6,1,29,6,1248,1,9,HYUNDAI I20,1,-1,0,-1
2023351272930,2023,351272930,1,9,0,18,19,5,1,0,0,1,0,0,0,0,1,1,6,6,1,67,10,1248,1,10,HYUNDAI I20,9,E01018136,0,-1
2023131301351,2023,131301351,2,9,0,5,5,1,5,0,0,8,0,0,0,0,1,1,5,6,1,77,11,1248,1,6,HYUNDAI I20,9,E01010913,0,-1
2023421323586,2023,421323586,1,9,0,4,4,4,8,0,0,1,0,0,0,0,1,1,6,6,2,41,7,1248,1,12,HYUNDAI I20,6,E01021448,0,-1
2023552300746,2023,552300746,2,9,0,9,9,5,3,0,0,5,0,0,0,0,3,1,6,6,1,60,9,998,1,7,HYUNDAI I20,10,E01015464,0,-1
2023440127759,2023,440127759,1,9,0,7,7,5,7,0,0,8,0,0,0,0,1,1,6,6,1,65,9,1396,1,13,HYUNDAI I20,9,E01022727,0,-1
2023471281195,2023,471281195,1,9,0,9,9,3,1,0,0,1,0,0,0,0,4,1,3,7,2,43,7,1248,1,7,HYUNDAI I20,8,E01016992,0,-1
2023501334180,2023,501334180,3,9,0,18,19,1,5,0,0,0,0,0,0,0,3,1,6,6,2,59,9,998,8,0,HYUNDAI I20,6,E01019011,0,-1
2023501359925,2023,501359925,1,9,0,18,19,8,4,0,0,0,5,0,7,4,1,1,6,6,1,63,9,998,8,0,HYUNDAI I20,4,E01015258,0,-1
2023451376363,2023,451376363,1,9,0,1,1,7,3,9,9,0,0,0,0,0,3,1,5,6,2,88,11,1396,1,13,HYUNDAI I20,9,E01030672,0,-1
2023991300624,2023,991300624,1,9,0,4,4,7,3,0,0,0,0,0,0,0,2,1,6,6,3,-1,-1,1248,1,5,HYUNDAI I20,-1,-1,0,-1
202354A016623,2023,54A016623,1,9,0,18,19,8,4,0,0,0,1,0,7,4,1,1,2,2,2,29,6,1598,1,1,HYUNDAI I20,6,E01031846,0,-1
2023041389845,2023,041389845,3,9,0,2,2,0,0,0,0,2,0,0,0,0,2,1,6,6,2,59,9,998,1,5,HYUNDAI I20,7,E01025033,0,-1
2023010482017,2023,010482017,1,9,0,99,99,9,9,99,99,9,9,99,9,99,2,9,2,2,1,55,8,1248,1,12,HYUNDAI I20,5,E01021241,0,-1
2023131298139,2023,131298139,1,9,0,18,19,1,5,0,0,0,0,0,7,9,1,1,6,6,1,65,9,1248,1,9,HYUNDAI I20,9,E01011189,0,-1
2023501301775,2023,501301775,1,9,0,18,19,7,3,0,0,0,0,0,0,0,1,1,5,6,2,33,6,1396,2,7,HYUNDAI I20,1,E01015075,0,-1
2023440441828,2023,440441828,2,9,0,18,19,3,7,0,0,8,0,0,0,0,4,1,6,6,1,49,8,998,8,2,HYUNDAI I20,6,E01017300,0,-1
2023501325662,2023,501325662,2,9,0,13,13,1,5,0,0,0,0,0,5,6,3,1,6,6,2,30,6,1248,1,10,HYUNDAI I20,3,E01020022,0,-1
2023010461894,2023,010461894,1,9,0,9,9,6,3,0,0,5,0,0,0,0,3,1,6,6,2,44,7,1368,1,8,HYUNDAI I20,9,E01030560,0,-1
2023201379328,2023,201379328,2,9,0,18,19,4,8,0,0,8,0,0,0,0,4,1,6,6,2,47,8,1396,1,11,HYUNDAI I20,3,E01032242,0,-1
2023451312075,2023,451312075,4,9,0,18,19,3,7,0,0,0,0,0,0,0,3,1,5,6,2,60,9,998,1,7,HYUNDAI I20,8,E01024519,0,-1
2023010439921,2023,010439921,1,9,0,99,99,9,9,99,99,9,9,99,9,99,9,9,6,6,1,63,9,1248,1,7,HYUNDAI I20,8,E01001413,0,-1
2023101289242,2023,101289242,2,9,0,5,5,3,3,0,0,4,0,0,0,0,3,1,5,6,1,20,4,1248,1,12,HYUNDAI I20,1,E01008327,0,-1
2023010468013,2023,010468013,1,9,0,18,19,3,7,0,0,1,0,0,0,0,1,1,6,6,1,23,5,1248,1,14,HYUNDAI I20,10,E01000813,0,-1
2023430343616,2023,430343616,1,9,0,7,7,4,6,0,0,6,0,0,0,0,1,1,6,6,1,35,6,998,1,7,HYUNDAI I20,3,E01032743,0,-1
2023411365092,2023,411365092,1,9,0,18,19,-1,-1,0,0,0,0,11,3,9,1,1,5,6,2,24,5,998,1,5,HYUNDAI I20,6,E01023622,0,-1
2023111264519,2023,111264519,1,9,0,18,19,2,6,0,0,0,0,0,0,0,4,1,5,6,2,22,5,1248,1,10,HYUNDAI I20,4,E01020783,0,-1
2023351287430,2023,351287430,2,9,0,4,4,1,2,0,0,1,0,0,0,0,2,1,5,6,1,63,9,1248,1,14,HYUNDAI I20,6,E01018061,0,-1
2023141267354,2023,141267354,2,9,0,5,5,4,8,0,0,0,0,0,0,0,1,2,2,2,1,36,7,1248,1,8,HYUNDAI I20,1,E01033269,0,-1
2023451383588,2023,451383588,3,9,0,18,19,1,5,0,0,0,0,0,0,0,1,1,5,6,1,60,9,1248,1,9,HYUNDAI I20,-1,-1,0,-1
2023501353457,2023,501353457,1,9,0,16,19,7,1,0,0,1,1,0,0,0,4,1,2,2,1,22,5,1598,1,0,HYUNDAI I20,4,E01018965,0,-1
2023131363087,2023,131363087,1,9,0,18,19,1,5,0,0,1,0,0,0,0,1,1,5,6,1,86,11,1248,1,6,HYUNDAI I20,8,E01011405,0,-1
2023010431119,2023,010431119,2,9,0,5,5,1,5,0,0,5,0,0,0,0,1,1,6,6,2,23,5,1248,1,14,HYUNDAI I20,-1,-1,0,-1
2023440155099,2023,440155099,1,9,0,18,19,6,2,0,0,0,0,0,0,0,1,1,6,6,2,18,4,998,8,0,HYUNDAI I20,4,E01022953,0,-1
2023520301629,2023,520301629,1,9,4,4,4,7,3,0,0,8,0,0,0,0,2,1,6,6,2,54,8,1248,1,9,HYUNDAI I20,7,E01029151,0,-1
2023311340912,2023,311340912,1,9,0,18,19,1,1,0,0,8,0,0,0,0,4,1,6,6,2,39,7,1248,1,10,HYUNDAI I20,2,E01013917,0,-1
2023122301043,2023,122301043,1,9,0,18,19,6,2,0,0,2,0,0,0,0,3,1,6,6,1,79,11,1248,1,8,HYUNDAI I20,1,E01027817,0,-1
2023010441286,2023,010441286,1,9,0,18,19,4,8,0,0,0,0,0,0,0,1,1,6,6,1,41,7,1248,1,9,HYUNDAI I20,4,E01000155,0,-1
2023991386671,2023,991386671,1,9,0,18,19,4,8,9,9,0,0,0,0,0,1,2,5,6,2,43,7,998,8,0,HYUNDAI I20,6,-1,0,-1
2023531305514,2023,531305514,1,9,0,18,19,1,5,0,0,0,0,0,1,4,1,2,5,6,1,45,7,1248,1,9,HYUNDAI I20,6,E01022187,0,-1
2023531391790,2023,531391790,1,9,0,9,9,3,7,0,0,6,0,0,0,0,1,1,5,6,2,54,8,1248,1,8,HYUNDAI I20,9,E01022278,0,-1
2023010422900,2023,010422900,2,9,0,13,13,5,1,0,0,0,0,0,0,0,1,1,6,6,1,51,8,998,8,2,HYUNDAI I20,9,E01022422,0,-1
2023131351576,2023,131351576,1,9,0,3,3,3,3,0,0,0,0,0,0,0,2,1,5,6,2,40,7,1248,7,6,HYUNDAI I20,2,E01011002,0,-1
2023010434754,2023,010434754,1,9,0,9,9,5,3,0,0,5,0,0,0,0,3,1,6,6,1,29,6,1248,1,11,HYUNDAI I20,7,E01000562,0,-1
2023161263129,2023,161263129,1,9,0,18,19,3,7,0,0,8,0,0,0,0,3,1,6,6,2,26,6,1248,1,11,HYUNDAI I20,1,E01013219,0,-1
2023311299950,2023,311299950,1,9,0,17,19,5,3,0,0,1,0,0,0,0,2,1,6,6,1,34,6,1248,1,9,HYUNDAI I20,1,E01013954,0,-1
2023161375591,2023,161375591,1,9,0,18,19,7,3,0,0,0,0,0,0,0,1,1,6,6,2,23,5,1248,1,7,HYUNDAI I20,1,E01007377,0,-1
2023430492330,2023,430492330,1,9,0,18,19,6,2,0,0,3,2,7,0,0,1,1,6,6,1,26,6,1248,1,8,HYUNDAI I20,6,E01016477,0,-1
2023302301908,2023,302301908,1,9,0,18,19,5,1,0,0,0,0,0,0,0,1,1,6,6,1,22,5,1248,1,7,HYUNDAI I20,3,E01008636,0,-1