collision_index,collision_year,collision_ref_no,vehicle_reference,vehicle_type,towing_and_articulation,vehicle_manoeuvre_historic,vehicle_manoeuvre,vehicle_direction_from,vehicle_direction_to,vehicle_location_restricted_lane_historic,vehicle_location_restricted_lane,junction_location,skidding_and_overturning,hit_object_in_carriageway,vehicle_leaving_carriageway,hit_object_off_carriageway,first_point_of_impact,vehicle_left_hand_drive,journey_purpose_of_driver_historic,journey_purpose_of_driver,sex_of_driver,age_of_driver,age_band_of_driver,engine_capacity_cc,propulsion_code,age_of_vehicle,generic_make_model,driver_imd_decile,lsoa_of_driver,escooter_flag,driver_distance_banding
2023440387030,2023,440387030,1,9,0,2,2,0,0,0,0,0,0,0,0,0,3,1,6,6,3,-1,-1,1498,1,0,VOLKSWAGEN T-ROC,-1,-1,0,-1
2023471369491,2023,471369491,2,9,0,9,9,7,3,0,0,0,0,0,0,0,3,1,5,6,1,47,8,1498,1,4,VOLKSWAGEN T-ROC,9,E01031384,0,-1
2023211326355,2023,211326355,1,9,0,18,19,8,4,0,0,1,0,0,0,0,1,1,3,7,1,45,7,999,1,2,VOLKSWAGEN T-ROC,5,E01029774,0,-1
2023320552269,2023,320552269,4,9,0,2,2,0,0,0,0,0,0,0,0,0,2,1,6,6,3,-1,-1,1498,1,4,VOLKSWAGEN T-ROC,-1,-1,0,-1
2023461286301,2023,461286301,2,9,0,18,19,5,1,0,0,0,0,0,0,0,1,1,5,6,2,34,6,1498,1,0,VOLKSWAGEN T-ROC,5,E01024562,0,-1
2023451303699,2023,451303699,2,9,0,2,2,0,0,9,9,0,0,0,0,0,3,1,6,6,3,-1,-1,1498,1,1,VOLKSWAGEN T-ROC,-1,-1,0,-1
2023631324273,2023,631324273,1,9,0,18,19,2,6,0,0,0,5,7,8,10,1,1,5,6,2,29,6,1498,1,3,VOLKSWAGEN T-ROC,2,W01000838,0,-1
2023371347833,2023,371347833,1,9,0,4,4,1,3,0,0,4,0,0,0,0,3,1,5,6,2,72,10,1498,1,2,VOLKSWAGEN T-ROC,9,E01033447,0,-1
2023131292836,2023,131292836,2,9,0,18,19,1,5,0,0,0,0,0,1,0,3,1,5,6,1,60,9,1498,1,1,VOLKSWAGEN T-ROC,6,E01010857,0,-1
2023440112030,2023,440112030,1,9,0,5,5,7,3,0,0,0,0,0,1,4,1,1,2,2,1,33,6,1498,1,1,VOLKSWAGEN T-ROC,-1,-1,0,-1
2023631319798,2023,631319798,1,9,0,4,4,5,8,0,0,1,0,0,0,0,2,1,5,6,1,25,5,1498,1,1,VOLKSWAGEN T-ROC,5,W01000706,0,-1
2023101330911,2023,101330911,1,9,0,14,14,5,1,0,0,0,0,0,0,0,1,1,1,1,1,52,8,1498,1,0,VOLKSWAGEN T-ROC,-1,-1,0,-1
2023320181946,2023,320181946,2,9,0,18,19,7,3,0,0,3,0,0,0,0,4,1,6,6,2,57,9,1498,1,3,VOLKSWAGEN T-ROC,7,E01025659,0,-1
2023361395328,2023,361395328,1,9,0,9,9,-1,-1,0,0,3,0,0,0,0,4,1,6,6,2,65,9,1498,1,2,VOLKSWAGEN T-ROC,3,E01026786,0,-1
2023411382858,2023,411382858,1,9,0,18,19,7,2,0,0,0,0,0,0,0,1,1,5,6,2,61,9,1498,1,4,VOLKSWAGEN T-ROC,9,E01023964,0,-1
2023052301653,2023,052301653,1,9,0,18,19,5,1,0,0,0,0,0,0,0,1,1,6,6,3,52,8,999,1,2,VOLKSWAGEN T-ROC,1,E01006478,0,-1
2023010445800,2023,010445800,2,9,0,99,99,9,9,99,99,9,9,99,9,99,1,9,6,6,3,-1,-1,1598,2,4,VOLKSWAGEN T-ROC,5,E01004579,0,-1
2023041318109,2023,041318109,2,9,0,17,19,5,6,0,0,1,0,0,0,0,1,1,2,2,2,35,6,1498,1,2,VOLKSWAGEN T-ROC,10,E01025552,0,-1
2023010431855,2023,010431855,1,9,0,99,99,9,9,99,99,9,9,99,9,99,1,9,6,6,1,23,5,999,1,0,VOLKSWAGEN T-ROC,1,E01001364,0,-1
2023451366298,2023,451366298,2,9,0,18,19,1,5,0,0,0,0,0,0,0,2,1,5,6,1,35,6,1984,1,2,VOLKSWAGEN T-ROC,5,E01000239,0,-1
2023371361606,2023,371361606,3,9,0,3,3,3,1,0,0,0,0,4,0,0,2,1,5,6,1,34,6,999,1,3,VOLKSWAGEN T-ROC,-1,-1,0,-1
2023991351467,2023,991351467,1,9,0,1,1,4,1,0,0,0,0,0,0,0,2,1,5,6,1,64,9,999,1,4,VOLKSWAGEN T-ROC,7,-1,0,-1
2023010436472,2023,010436472,1,9,0,9,9,3,8,0,0,8,0,0,0,0,1,1,6,6,1,32,6,1984,1,4,VOLKSWAGEN T-ROC,7,E01000389,0,-1
2023041346868,2023,041346868,1,9,0,18,19,2,6,0,0,0,2,0,1,4,3,1,5,6,1,30,6,1984,1,3,VOLKSWAGEN T-ROC,2,E01006492,0,-1
2023471321432,2023,471321432,1,9,0,18,19,5,1,0,0,4,0,0,0,0,3,1,6,6,1,76,11,1498,1,0,VOLKSWAGEN T-ROC,7,E01031781,0,-1
2023991343102,2023,991343102,1,9,0,18,19,2,5,0,0,5,0,0,0,0,4,1,6,6,1,29,6,999,1,5,VOLKSWAGEN T-ROC,6,-1,0,-1
2023320395962,2023,320395962,1,9,0,18,19,4,8,0,0,0,0,0,1,9,1,1,6,6,2,38,7,1498,1,2,VOLKSWAGEN T-ROC,2,E01012903,0,-1
2023471369841,2023,471369841,2,9,0,18,19,5,1,0,0,8,0,0,0,0,1,1,5,6,2,23,5,1498,1,4,VOLKSWAGEN T-ROC,10,E01031425,0,-1
2023340WN6992,2023,340WN6992,2,9,0,3,3,2,6,0,0,0,0,0,0,0,2,1,2,2,2,23,5,1498,1,2,VOLKSWAGEN T-ROC,6,E01027159,0,-1
2023531389675,2023,531389675,2,9,0,18,19,3,7,0,0,1,0,0,0,0,4,1,1,1,1,20,4,1598,2,4,VOLKSWAGEN T-ROC,10,E01022461,0,-1
2023231415275,2023,231415275,1,9,0,4,4,1,5,0,0,8,0,0,0,0,3,1,6,6,1,59,9,1968,2,2,VOLKSWAGEN T-ROC,3,E01024509,0,-1
2023131391477,2023,131391477,1,9,0,18,19,3,7,0,0,0,0,0,0,0,1,1,5,6,2,48,8,1498,1,2,VOLKSWAGEN T-ROC,6,E01032499,0,-1
2023010456759,2023,010456759,1,9,0,5,5,3,7,0,0,0,0,11,0,0,1,1,6,6,2,55,8,1498,1,2,VOLKSWAGEN T-ROC,2,E01004524,0,-1
2023411328204,2023,411328204,1,9,0,6,6,-1,-1,0,0,0,0,0,0,0,3,1,2,2,1,31,6,999,1,3,VOLKSWAGEN T-ROC,10,E01017749,0,-1
2023201295620,2023,201295620,1,9,0,18,19,7,3,0,0,0,0,4,0,0,4,1,6,6,1,-1,-1,999,1,1,VOLKSWAGEN T-ROC,-1,-1,0,-1
2023991388422,2023,991388422,3,9,0,18,19,7,3,0,0,0,0,0,0,0,2,1,1,1,1,53,8,999,1,1,VOLKSWAGEN T-ROC,6,-1,0,-1
2023010452746,2023,010452746,2,9,0,4,4,5,1,0,0,0,0,0,0,0,2,1,6,6,1,55,8,1498,1,1,VOLKSWAGEN T-ROC,7,E01000340,0,-1
2023631347578,2023,631347578,1,9,0,-1,-1,-1,-1,-1,-1,0,-1,-1,-1,0,-1,1,6,6,3,-1,-1,1498,1,3,VOLKSWAGEN T-ROC,8,W01000465,0,-1
2023010483124,2023,010483124,2,9,0,99,99,9,9,99,99,0,9,99,9,99,1,9,6,6,3,23,5,1498,1,1,VOLKSWAGEN T-ROC,5,E01002745,0,-1
2023041375285,2023,041375285,3,9,0,4,4,3,7,0,0,1,0,0,0,0,1,1,6,6,1,63,9,1498,1,0,VOLKSWAGEN T-ROC,8,E01025354,0,-1
2023170S41803,2023,170S41803,2,9,0,3,3,5,1,0,0,0,0,0,0,0,2,1,6,6,1,50,8,1498,1,1,VOLKSWAGEN T-ROC,9,E01012237,0,-1
2023461289826,2023,461289826,3,9,0,2,2,0,0,0,0,0,0,0,0,0,2,1,5,6,3,-1,-1,999,1,0,VOLKSWAGEN T-ROC,-1,-1,0,-1
2023161378662,2023,161378662,2,9,0,18,19,7,3,0,0,8,5,0,1,0,3,1,6,6,2,70,10,1498,1,0,VOLKSWAGEN T-ROC,8,E01012939,0,-1
2023552300096,2023,552300096,1,9,0,9,9,8,6,0,0,6,1,0,0,0,1,1,3,7,2,37,7,1598,2,4,VOLKSWAGEN T-ROC,6,E01020531,0,-1
2023010440368,2023,010440368,1,9,0,18,19,5,1,0,0,0,0,0,0,0,4,1,6,6,2,58,9,1498,1,2,VOLKSWAGEN T-ROC,4,E01000331,0,-1
2023101303735,2023,101303735,1,9,0,4,4,3,7,0,0,0,0,0,0,0,2,1,6,6,2,28,6,999,1,4,VOLKSWAGEN T-ROC,4,E01008308,0,-1
2023041297702,2023,041297702,2,9,0,9,9,5,3,0,0,1,0,0,0,0,2,1,5,6,1,31,6,999,1,5,VOLKSWAGEN T-ROC,4,E01010987,0,-1
2023010477492,2023,010477492,2,9,0,99,99,9,9,99,99,9,9,99,9,99,9,9,6,6,1,58,9,1498,1,5,VOLKSWAGEN T-ROC,1,E01002071,0,-1
2023071212441,2023,071212441,2,9,0,3,3,5,1,0,0,0,0,0,0,0,2,1,6,6,2,28,6,999,1,2,VOLKSWAGEN T-ROC,6,E01018617,0,-1
2023231281681,2023,231281681,2,9,0,18,19,8,4,0,0,8,0,0,0,0,3,1,5,6,1,59,9,1498,1,2,VOLKSWAGEN T-ROC,9,E01031082,0,-1
2023141314042,2023,141314042,3,9,0,18,19,7,3,0,0,0,0,0,0,0,1,1,5,6,2,26,6,1498,1,4,VOLKSWAGEN T-ROC,2,E01007881,0,-1
2023010441586,2023,010441586,2,9,0,18,19,2,6,0,0,1,0,0,0,0,3,1,6,6,1,27,6,1498,1,4,VOLKSWAGEN T-ROC,2,E01003336,0,-1
2023411266846,2023,411266846,2,9,0,18,19,7,3,0,0,0,0,0,0,0,1,1,6,6,2,67,10,1968,2,4,VOLKSWAGEN T-ROC,10,E01023497,0,-1
2023461289733,2023,461289733,1,9,-1,-1,-1,-1,-1,-1,-1,0,-1,-1,-1,0,3,1,6,6,1,75,10,1498,1,3,VOLKSWAGEN T-ROC,4,E01024487,0,-1
2023361381146,2023,361381146,1,9,0,18,19,3,5,0,0,1,5,0,0,0,4,1,6,6,1,57,9,1498,1,2,VOLKSWAGEN T-ROC,2,E01026834,0,-1
2023351382348,2023,351382348,1,9,0,17,19,6,2,0,0,0,0,0,7,9,3,1,5,6,1,74,10,1498,1,1,VOLKSWAGEN T-ROC,7,E01018127,0,-1
2023544326723,2023,544326723,3,9,0,4,4,4,8,0,0,1,0,0,0,0,2,1,2,2,2,62,9,1498,1,4,VOLKSWAGEN T-ROC,8,E01015487,0,-1
2023010434037,2023,010434037,2,9,0,9,9,3,1,0,0,4,0,0,0,0,3,1,1,1,2,32,6,999,1,2,VOLKSWAGEN T-ROC,4,E01023805,0,-1
2023991303057,2023,991303057,2,9,0,18,19,6,2,0,0,1,0,0,0,0,4,1,5,6,1,58,9,1498,1,5,VOLKSWAGEN T-ROC,10,-1,0,-1
2023052301650,2023,052301650,1,9,0,18,19,2,6,0,0,6,0,0,3,11,1,1,6,6,2,20,4,999,1,1,VOLKSWAGEN T-ROC,1,E01006699,0,-1
2023471294360,2023,471294360,3,9,0,9,9,5,7,0,0,8,0,0,0,0,0,1,5,6,2,62,9,1598,2,5,VOLKSWAGEN T-ROC,8,E01031694,0,-1
2023411388594,2023,411388594,1,9,0,18,19,7,3,0,0,4,0,11,1,0,1,1,6,6,1,28,6,999,1,4,VOLKSWAGEN T-ROC,7,E01000228,0,-1
2023131279011,2023,131279011,1,9,0,1,1,1,5,0,0,0,0,0,0,0,2,1,6,6,3,-1,-1,1498,1,4,VOLKSWAGEN T-ROC,-1,-1,0,-1
2023991351668,2023,991351668,2,9,0,18,19,1,5,0,0,0,0,0,0,0,2,1,2,2,2,46,8,999,1,1,VOLKSWAGEN T-ROC,7,-1,0,-1
2023991299971,2023,991299971,1,9,0,14,14,7,3,0,0,2,0,0,0,0,1,1,5,6,1,35,6,999,1,2,VOLKSWAGEN T-ROC,9,-1,0,-1
2023361389379,2023,361389379,1,9,0,9,9,7,5,0,0,6,0,0,0,0,3,1,5,6,1,75,10,1498,1,5,VOLKSWAGEN T-ROC,7,E01026856,0,-1
2023131301881,2023,131301881,1,9,0,18,19,3,7,0,0,0,0,0,0,0,1,1,2,2,2,31,6,1968,2,4,VOLKSWAGEN T-ROC,8,E01011406,0,-1
2023052301914,2023,052301914,2,9,0,4,4,1,5,0,0,4,0,0,0,0,2,1,6,6,2,61,9,1498,1,0,VOLKSWAGEN T-ROC,4,E01006584,0,-1
2023141361777,2023,141361777,1,9,0,1,1,7,3,0,0,0,0,0,0,0,1,1,5,6,1,81,11,1498,1,0,VOLKSWAGEN T-ROC,10,E01007955,0,-1
2023631378614,2023,631378614,2,9,0,4,4,1,5,0,0,0,1,0,0,0,2,1,5,6,2,69,10,1498,1,2,VOLKSWAGEN T-ROC,6,W01000575,0,-1
2023061368683,2023,061368683,2,9,0,7,7,7,3,0,0,6,0,0,3,0,3,1,6,6,2,42,7,1498,1,0,VOLKSWAGEN T-ROC,-1,-1,0,-1
2023430518239,2023,430518239,2,9,0,9,9,1,7,0,0,5,0,0,0,0,3,1,6,6,2,45,7,1968,2,2,VOLKSWAGEN T-ROC,10,E01016695,0,-1
2023320467234,2023,320467234,2,9,0,18,19,5,1,0,0,8,1,0,5,0,1,1,6,6,2,32,6,999,1,5,VOLKSWAGEN T-ROC,-1,-1,0,-1
2023461279497,2023,461279497,1,9,0,18,19,8,4,0,0,0,0,0,0,0,1,1,6,6,2,74,10,1498,1,5,VOLKSWAGEN T-ROC,8,E01024024,0,-1
2023231391400,2023,231391400,2,9,0,17,19,1,6,0,0,0,0,0,0,0,1,1,1,1,2,53,8,1968,2,2,VOLKSWAGEN T-ROC,4,E01031027,0,-1
2023302301119,2023,302301119,3,9,0,3,3,4,8,0,0,0,0,0,0,0,2,1,6,6,2,24,5,999,1,3,VOLKSWAGEN T-ROC,7,E01019770,0,-1
2023131362228,2023,131362228,1,9,0,18,19,4,8,0,0,0,0,0,0,0,2,1,2,2,2,39,7,1598,2,4,VOLKSWAGEN T-ROC,8,E01011769,0,-1
2023421285734,2023,421285734,1,9,0,3,3,1,6,0,0,0,0,0,0,0,2,1,6,6,2,25,5,1498,1,3,VOLKSWAGEN T-ROC,10,E01021787,0,-1
2023231377917,2023,231377917,2,9,0,18,19,5,1,0,0,0,0,0,0,0,1,1,6,6,2,32,6,1498,1,3,VOLKSWAGEN T-ROC,9,E01031147,0,-1
2023010481811,2023,010481811,1,9,0,16,19,1,2,0,0,1,0,0,0,0,4,1,2,2,1,69,10,1498,1,0,VOLKSWAGEN T-ROC,4,E01001618,0,-1
2023201412174,2023,201412174,1,9,0,18,19,7,4,0,0,0,0,0,0,0,1,2,1,1,3,29,6,1598,2,5,VOLKSWAGEN T-ROC,1,E01009361,0,-1
2023351305733,2023,351305733,2,9,0,3,3,5,1,0,0,0,0,0,0,0,2,1,5,6,1,57,9,1498,1,3,VOLKSWAGEN T-ROC,4,E01018046,0,-1
2023461346958,2023,461346958,2,9,0,5,5,7,5,0,0,1,0,0,0,0,4,1,6,6,2,65,9,1498,1,2,VOLKSWAGEN T-ROC,7,E01024522,0,-1
2023010454210,2023,010454210,1,9,0,99,99,9,9,99,99,0,9,99,9,99,2,9,6,6,1,24,5,1498,1,4,VOLKSWAGEN T-ROC,6,E01001678,0,-1
2023061355013,2023,061355013,1,9,0,9,9,6,4,0,0,5,0,0,0,0,4,1,5,6,2,73,10,1498,1,5,VOLKSWAGEN T-ROC,8,E01005837,0,-1
2023211279510,2023,211279510,1,9,0,9,9,7,4,0,0,8,0,0,0,0,4,1,2,2,1,32,6,1498,1,5,VOLKSWAGEN T-ROC,3,E01009777,0,-1
2023471290948,2023,471290948,1,9,0,18,19,5,1,0,0,1,0,0,0,0,1,1,5,6,2,68,10,1498,1,4,VOLKSWAGEN T-ROC,5,E01016851,0,-1
2023010444871,2023,010444871,1,9,0,6,6,8,8,0,0,0,0,0,0,0,3,1,6,6,2,30,6,1498,1,2,VOLKSWAGEN T-ROC,4,E01003095,0,-1
2023552300833,2023,552300833,1,9,0,9,9,4,2,0,0,6,0,0,0,0,4,1,6,6,2,57,9,1968,2,5,VOLKSWAGEN T-ROC,5,E01015421,0,-1
2023991363871,2023,991363871,1,9,0,5,5,4,8,0,0,0,0,0,0,0,1,1,6,6,1,42,7,1968,2,4,VOLKSWAGEN T-ROC,6,-1,0,-1
2023401388085,2023,401388085,2,9,0,18,19,5,1,0,0,1,0,0,0,0,4,1,2,2,2,22,5,999,1,1,VOLKSWAGEN T-ROC,7,E01017548,0,-1
2023041316615,2023,041316615,2,9,0,18,19,3,7,0,0,0,0,0,0,0,2,1,2,2,2,28,6,1498,1,1,VOLKSWAGEN T-ROC,9,E01012583,0,-1
2023122300669,2023,122300669,2,9,0,18,19,2,6,0,0,8,0,0,0,0,1,1,6,6,2,51,8,1498,1,5,VOLKSWAGEN T-ROC,7,E01027753,0,-1
2023543195123,2023,543195123,1,9,0,18,19,7,3,0,0,0,0,0,1,0,1,1,6,6,1,28,6,1498,1,1,VOLKSWAGEN T-ROC,1,E01008100,0,-1
2023161309330,2023,161309330,2,9,0,18,19,3,7,0,0,0,0,0,0,0,4,1,5,6,1,70,10,1498,1,1,VOLKSWAGEN T-ROC,8,E01005452,0,-1
2023052301730,2023,052301730,2,9,0,18,19,5,1,0,0,8,0,0,0,0,3,1,6,6,2,29,6,1598,2,4,VOLKSWAGEN T-ROC,5,E01006462,0,-1
2023622300788,2023,622300788,1,9,0,9,9,4,2,0,0,5,0,0,0,0,3,1,6,6,1,74,10,1498,1,5,VOLKSWAGEN T-ROC,-1,-1,0,-1
2023401337733,2023,401337733,2,9,0,18,19,-1,-1,0,0,1,0,0,0,0,1,1,3,7,2,35,6,1498,1,3,VOLKSWAGEN T-ROC,10,E01017607,0,-1
202354B149223,2023,54B149223,5,9,0,2,2,0,0,6,6,0,0,0,0,0,2,1,6,6,2,40,7,1498,1,0,VOLKSWAGEN T-ROC,4,W01001330,0,-1
2023622300634,2023,622300634,1,9,0,9,9,7,5,0,0,2,0,0,0,0,3,1,2,2,2,25,5,1598,2,4,VOLKSWAGEN T-ROC,1,W01000896,0,-1
2023010480437,2023,010480437,1,9,0,9,9,3,1,0,0,8,0,0,0,0,1,1,2,2,1,44,7,1498,1,3,VOLKSWAGEN T-ROC,2,E01003092,0,-1
2023520400915,2023,520400915,2,9,0,18,19,5,1,0,0,0,0,0,0,0,3,1,6,6,1,23,5,1598,2,3,VOLKSWAGEN T-ROC,9,E01014183,0,-1
2023311277374,2023,311277374,2,9,0,18,19,6,2,0,0,0,0,0,0,0,1,1,2,2,1,60,9,999,1,3,VOLKSWAGEN T-ROC,8,E01028168,0,-1
2023201378860,2023,201378860,1,9,0,18,19,7,3,0,0,0,0,0,0,0,1,1,6,6,1,38,7,1598,2,4,VOLKSWAGEN T-ROC,9,E01033250,0,-1
2023531341379,2023,531341379,1,9,0,9,9,8,6,0,0,2,0,0,0,0,1,1,5,6,2,27,6,999,1,0,VOLKSWAGEN T-ROC,6,E01031876,0,-1
202360A116004,2023,60A116004,3,9,0,2,2,0,0,0,0,0,0,0,0,0,1,1,6,6,3,-1,-1,1498,1,1,VOLKSWAGEN T-ROC,-1,-1,0,-1
2023010442964,2023,010442964,2,9,0,5,5,5,1,0,0,4,0,0,0,0,1,1,6,6,1,68,10,1498,1,1,VOLKSWAGEN T-ROC,-1,-1,0,-1
2023430118015,2023,430118015,2,9,0,18,19,6,2,0,0,0,0,0,0,0,2,1,6,6,2,20,4,999,1,0,VOLKSWAGEN T-ROC,6,E01030699,0,-1
2023052301426,2023,052301426,2,9,0,18,19,7,3,0,0,0,0,0,0,0,4,1,2,2,2,53,8,999,1,3,VOLKSWAGEN T-ROC,2,E01007249,0,-1
2023010426393,2023,010426393,1,9,0,7,7,5,7,0,0,8,0,0,0,0,1,1,6,6,3,-1,-1,1968,2,1,VOLKSWAGEN T-ROC,-1,-1,0,-1
2023031319951,2023,031319951,3,9,0,8,8,5,7,0,0,1,0,0,0,0,1,1,5,6,2,23,5,1598,2,5,VOLKSWAGEN T-ROC,1,E01019231,0,-1
2023421319546,2023,421319546,1,9,0,9,9,7,5,0,0,8,0,0,0,0,1,1,5,6,1,57,9,1498,1,1,VOLKSWAGEN T-ROC,6,E01021666,0,-1
2023131327686,2023,131327686,1,9,0,-1,-1,-1,-1,-1,-1,1,-1,-1,-1,-1,-1,1,6,6,1,39,7,1968,2,1,VOLKSWAGEN T-ROC,1,E01011473,0,-1
2023010424243,2023,010424243,1,9,0,18,19,1,5,9,9,2,1,0,7,11,1,1,6,6,1,76,11,1498,1,1,VOLKSWAGEN T-ROC,-1,-1,0,-1
2023461379076,2023,461379076,3,9,0,2,2,0,0,9,9,0,0,0,0,0,1,1,6,6,3,-1,-1,1498,1,5,VOLKSWAGEN T-ROC,-1,-1,0,-1
2023421341085,2023,421341085,3,9,0,18,19,7,3,0,0,0,0,0,0,0,2,1,6,6,2,32,6,999,1,3,VOLKSWAGEN T-ROC,-1,-1,0,-1
2023131292244,2023,131292244,2,9,0,18,19,1,5,0,0,0,0,0,0,0,2,1,5,6,2,47,8,1498,1,2,VOLKSWAGEN T-ROC,10,E01010586,0,-1
2023052302172,2023,052302172,1,9,0,18,19,5,7,0,0,0,0,0,0,0,1,1,6,6,1,31,6,1498,1,3,VOLKSWAGEN T-ROC,9,E01006148,0,-1
2023010478781,2023,010478781,1,9,0,18,19,5,1,0,0,0,0,0,0,0,1,1,6,6,2,34,6,1498,1,5,VOLKSWAGEN T-ROC,6,E01002670,0,-1
2023451345379,2023,451345379,2,9,0,18,19,7,3,0,0,0,0,0,0,0,3,1,6,6,1,33,6,1968,2,0,VOLKSWAGEN T-ROC,9,E01030683,0,-1
2023041353768,2023,041353768,3,9,0,2,2,0,0,0,0,2,0,0,0,0,3,1,6,6,3,-1,-1,999,1,5,VOLKSWAGEN T-ROC,-1,-1,0,-1
2023061306607,2023,061306607,2,9,0,18,19,1,1,0,0,0,0,0,0,0,2,1,1,1,1,30,6,1598,2,4,VOLKSWAGEN T-ROC,8,E01006161,0,-1
2023010421371,2023,010421371,1,9,0,3,3,5,1,0,0,3,0,0,0,0,2,1,6,6,1,29,6,999,1,1,VOLKSWAGEN T-ROC,2,E01003196,0,-1
2023461349864,2023,461349864,2,9,0,3,3,1,5,0,0,0,0,0,0,0,2,1,6,6,1,28,6,1498,1,2,VOLKSWAGEN T-ROC,3,E01000114,0,-1
2023520400577,2023,520400577,1,9,0,18,19,8,4,0,0,0,0,0,0,0,0,1,6,6,1,76,11,1498,1,0,VOLKSWAGEN T-ROC,6,W01000574,0,-1
2023320473898,2023,320473898,3,9,0,18,19,7,3,0,0,0,0,0,0,0,1,1,6,6,1,34,6,1498,1,2,VOLKSWAGEN T-ROC,10,E01029442,0,-1
2023991357629,2023,991357629,1,9,0,5,5,2,7,0,0,2,0,0,0,0,3,1,5,6,1,64,9,1598,2,4,VOLKSWAGEN T-ROC,-1,-1,0,-1
2023311262736,2023,311262736,1,9,0,18,19,2,6,0,0,0,0,0,0,0,1,1,5,6,2,38,7,1498,1,1,VOLKSWAGEN T-ROC,8,E01028195,0,-1
2023010428709,2023,010428709,2,9,0,9,9,7,5,0,0,6,0,0,0,0,1,1,6,6,2,21,5,1968,2,3,VOLKSWAGEN T-ROC,3,E01024149,0,-1
2023371325505,2023,371325505,2,9,0,4,4,3,7,0,0,0,0,0,0,0,3,1,5,6,2,63,9,1498,1,1,VOLKSWAGEN T-ROC,10,E01030192,0,-1
2023411293055,2023,411293055,1,9,0,5,5,8,4,0,0,4,0,0,0,0,1,1,6,6,1,48,8,1498,1,1,VOLKSWAGEN T-ROC,9,E01023676,0,-1
2023471319142,2023,471319142,3,9,0,4,4,6,2,0,0,4,0,0,0,0,1,1,6,6,2,51,8,1498,1,2,VOLKSWAGEN T-ROC,9,E01031590,0,-1
2023991374333,2023,991374333,1,9,0,18,19,4,8,0,0,0,0,4,0,0,4,1,5,6,2,75,10,1498,1,0,VOLKSWAGEN T-ROC,5,-1,0,-1
2023451381667,2023,451381667,2,9,0,2,2,0,0,0,0,0,0,0,0,0,1,1,6,6,3,-1,-1,1598,2,5,VOLKSWAGEN T-ROC,-1,-1,0,-1
2023221327816,2023,221327816,2,9,0,9,9,1,7,0,0,5,0,0,0,0,4,1,5,6,2,36,7,1498,1,3,VOLKSWAGEN T-ROC,3,E01014010,0,-1
2023010439443,2023,010439443,2,9,0,18,19,1,5,0,0,1,0,0,0,0,4,1,6,6,1,40,7,1984,1,1,VOLKSWAGEN T-ROC,4,E01003213,0,-1
2023010475793,2023,010475793,1,9,0,5,5,1,5,0,0,2,0,0,0,0,1,1,6,6,1,27,6,1498,1,0,VOLKSWAGEN T-ROC,4,E01009313,0,-1
2023451368019,2023,451368019,1,9,0,7,7,6,2,0,0,0,0,0,1,0,0,1,5,6,1,31,6,1598,2,4,VOLKSWAGEN T-ROC,8,E01019976,0,-1
2023010421860,2023,010421860,2,9,0,99,99,9,9,99,99,9,9,99,9,99,1,9,6,6,3,-1,-1,1498,1,3,VOLKSWAGEN T-ROC,-1,-1,0,-1
2023061365632,2023,061365632,2,9,0,8,8,7,3,0,0,6,0,0,0,0,3,1,5,6,2,26,6,1498,1,3,VOLKSWAGEN T-ROC,-1,-1,0,-1
2023622300902,2023,622300902,1,9,0,18,19,4,8,0,0,1,0,0,0,0,3,1,6,6,2,48,8,1498,1,1,VOLKSWAGEN T-ROC,1,W01001856,0,-1
2023010474267,2023,010474267,1,9,0,99,99,9,9,99,99,9,9,99,9,99,9,9,6,6,1,19,4,999,1,0,VOLKSWAGEN T-ROC,5,E01000398,0,-1
2023351315968,2023,351315968,1,9,0,18,19,7,3,0,0,0,0,0,0,0,1,1,2,2,2,23,5,1498,1,3,VOLKSWAGEN T-ROC,9,E01018278,0,-1
2023311358031,2023,311358031,1,9,0,9,9,4,1,0,0,6,0,0,0,0,1,1,6,6,1,26,6,1498,1,3,VOLKSWAGEN T-ROC,4,E01019431,0,-1
2023540229923,2023,540229923,2,9,0,4,4,2,6,0,0,0,0,0,0,0,2,1,6,6,2,53,8,1498,1,1,VOLKSWAGEN T-ROC,-1,-1,0,-1
2023052300166,2023,052300166,1,9,0,18,19,1,5,0,0,0,0,0,0,0,1,1,6,6,2,44,7,999,1,4,VOLKSWAGEN T-ROC,1,E01032509,0,-1
2023052300396,2023,052300396,2,9,0,18,19,1,5,0,0,0,0,0,0,0,3,1,6,6,2,60,9,1498,1,2,VOLKSWAGEN T-ROC,-1,-1,0,-1
2023010452967,2023,010452967,2,9,0,99,99,9,9,99,99,9,9,99,9,99,1,9,6,6,3,-1,-1,1498,1,4,VOLKSWAGEN T-ROC,-1,-1,0,-1
2023010454027,2023,010454027,1,9,0,99,99,9,9,99,99,9,9,99,9,99,2,1,6,6,1,35,6,1498,1,3,VOLKSWAGEN T-ROC,2,E01000101,0,-1
2023041290913,2023,041290913,2,9,0,4,4,5,1,0,0,8,0,0,0,0,1,1,1,1,2,43,7,1968,2,3,VOLKSWAGEN T-ROC,1,E01012650,0,-1
2023991387444,2023,991387444,2,9,0,18,19,3,7,0,0,8,0,0,1,0,1,1,2,2,2,59,9,1598,2,5,VOLKSWAGEN T-ROC,9,-1,0,-1
2023520000869,2023,520000869,1,9,0,18,19,4,8,0,0,8,0,0,0,0,3,1,1,1,2,42,7,1498,1,2,VOLKSWAGEN T-ROC,1,E01014729,0,-1
2023131389056,2023,131389056,1,9,0,18,19,6,2,0,0,1,0,0,0,0,1,1,5,6,1,79,11,1498,1,4,VOLKSWAGEN T-ROC,10,E01011570,0,-1
2023101311421,2023,101311421,2,9,0,18,19,7,2,0,0,0,0,0,0,0,3,1,5,6,2,77,11,1498,1,2,VOLKSWAGEN T-ROC,2,E01008840,0,-1
2023320121645,2023,320121645,2,9,0,2,2,0,0,0,0,0,0,0,0,0,2,1,6,6,1,48,8,1598,2,4,VOLKSWAGEN T-ROC,9,E01026263,0,-1
2023010466847,2023,010466847,2,9,0,99,99,9,9,99,99,9,9,99,9,99,1,9,6,6,3,-1,-1,1498,1,2,VOLKSWAGEN T-ROC,2,E01000018,0,-1