collision_index,collision_year,collision_ref_no,vehicle_reference,vehicle_type,towing_and_articulation,vehicle_manoeuvre_historic,vehicle_manoeuvre,vehicle_direction_from,vehicle_direction_to,vehicle_location_restricted_lane_historic,vehicle_location_restricted_lane,junction_location,skidding_and_overturning,hit_object_in_carriageway,vehicle_leaving_carriageway,hit_object_off_carriageway,first_point_of_impact,vehicle_left_hand_drive,journey_purpose_of_driver_historic,journey_purpose_of_driver,sex_of_driver,age_of_driver,age_band_of_driver,engine_capacity_cc,propulsion_code,age_of_vehicle,generic_make_model,driver_imd_decile,lsoa_of_driver,escooter_flag,driver_distance_banding
2023010462290,2023,010462290,1,3,9,99,99,9,9,99,99,9,9,99,9,99,1,1,6,6,1,32,6,125,1,2,HONDA NSS,3,E01001154,0,-1
2023010482573,2023,010482573,1,3,0,13,13,5,1,0,0,1,1,0,0,0,1,1,2,2,1,36,7,279,1,10,HONDA NSS,1,E01002870,0,-1
2023010428144,2023,010428144,1,3,0,99,99,9,9,99,99,9,9,99,9,99,1,1,6,6,1,28,6,125,1,3,HONDA NSS,1,E01000524,0,-1
2023010453383,2023,010453383,1,4,0,99,99,9,9,99,99,9,9,99,9,99,1,1,6,6,1,22,5,279,1,3,HONDA NSS,3,E01023650,0,-1
2023010436307,2023,010436307,1,3,0,99,99,9,9,99,99,9,9,99,9,99,1,1,1,1,1,31,6,125,1,2,HONDA NSS,4,E01002088,0,-1
2023010477177,2023,010477177,2,3,0,13,13,3,7,0,0,2,2,0,0,0,1,1,6,6,1,50,8,125,1,6,HONDA NSS,3,E01032784,0,-1
2023010473243,2023,010473243,1,3,9,99,99,9,9,99,99,9,9,99,9,99,9,1,6,6,2,31,6,125,1,3,HONDA NSS,6,E01023314,0,-1
2023010470499,2023,010470499,1,3,0,99,99,9,9,99,99,9,9,99,9,99,9,1,1,1,1,34,6,125,1,1,HONDA NSS,1,E01001155,0,-1
2023430436902,2023,430436902,2,4,0,3,3,4,8,0,0,1,0,0,0,0,2,1,1,1,1,32,6,125,1,1,HONDA NSS,3,E01016721,0,-1
2023552300374,2023,552300374,1,3,0,18,19,5,1,0,0,0,0,0,0,0,1,1,1,1,1,18,4,125,1,1,HONDA NSS,7,E01015330,0,-1
2023161388787,2023,161388787,2,5,0,18,19,5,1,0,0,8,0,0,0,0,4,1,2,2,1,36,7,125,1,1,-1,-1,-1,0,-1
2023010484095,2023,010484095,1,3,0,99,99,9,9,99,99,1,9,99,9,99,9,1,1,1,2,53,8,125,1,1,HONDA NSS,3,E01000961,0,-1
2023010460371,2023,010460371,1,3,0,99,99,9,9,99,99,9,9,99,9,99,2,1,6,6,1,30,6,125,1,3,HONDA NSS,4,E01001854,0,-1
2023010452796,2023,010452796,2,4,9,99,99,9,9,99,99,9,9,99,9,99,9,1,6,6,3,-1,-1,330,1,2,HONDA NSS,-1,-1,0,-1
2023010470079,2023,010470079,1,3,9,99,99,9,9,99,99,9,9,99,9,99,1,1,1,1,2,28,6,125,1,4,HONDA NSS,8,E01003876,0,-1
2023430303192,2023,430303192,2,3,0,18,19,4,8,0,0,4,0,0,0,0,1,1,6,6,1,54,8,125,1,1,HONDA NSS,6,E01017858,0,-1
2023411369807,2023,411369807,2,4,0,18,19,-1,-1,0,0,1,0,0,0,0,1,1,5,6,1,34,6,279,1,3,HONDA NSS,3,E01023650,0,-1
2023010460174,2023,010460174,2,3,0,14,14,5,1,0,0,1,0,0,0,0,1,1,6,6,1,36,7,125,1,2,HONDA NSS,3,E01001697,0,-1
2023052400343,2023,052400343,2,3,0,18,19,8,4,0,0,8,0,0,0,0,1,1,6,6,1,41,7,125,1,2,HONDA NSS,1,E01006549,0,-1
2023421328233,2023,421328233,2,3,0,14,14,7,3,0,0,0,1,0,0,0,1,1,1,1,1,22,5,125,1,5,HONDA NSS,5,E01003703,0,-1
2023430017432,2023,430017432,2,3,0,4,4,6,2,0,0,3,0,0,0,0,2,1,6,6,1,30,6,125,1,6,HONDA NSS,5,E01016577,0,-1
2023010465750,2023,010465750,1,3,9,99,99,9,9,99,99,9,9,99,9,99,1,1,6,6,1,26,6,279,1,3,HONDA NSS,2,E01003350,0,-1
2023061380584,2023,061380584,2,4,0,18,19,4,8,0,0,1,0,0,0,0,1,1,2,2,1,35,6,279,1,3,HONDA NSS,6,E01005397,0,-1
2023010463446,2023,010463446,1,3,0,99,99,9,9,99,99,9,9,99,9,99,2,1,1,1,1,33,6,125,1,6,HONDA NSS,8,E01003909,0,-1
2023010432827,2023,010432827,1,4,0,99,99,9,9,99,99,9,9,99,9,99,9,1,1,1,1,25,5,330,1,2,HONDA NSS,4,E01023681,0,-1
2023501285137,2023,501285137,2,4,0,18,19,2,6,0,0,0,0,0,1,11,3,1,6,6,1,56,9,279,1,10,HONDA NSS,5,E01019954,0,-1
2023010486319,2023,010486319,1,3,0,99,99,9,9,99,99,0,9,99,9,99,9,1,6,6,3,25,5,125,1,3,HONDA NSS,6,E01022551,0,-1
2023411358873,2023,411358873,2,3,0,3,3,2,5,0,0,4,0,0,0,0,2,1,6,6,2,29,6,125,1,2,HONDA NSS,7,E01023902,0,-1
2023351390664,2023,351390664,1,4,0,4,4,5,1,0,0,0,0,0,0,0,2,1,6,6,1,32,6,279,1,4,HONDA NSS,3,E01017979,0,-1
2023010459573,2023,010459573,1,2,0,14,14,3,7,9,9,1,1,0,0,0,1,1,6,6,1,35,6,125,1,2,HONDA NSS,9,E01021745,0,-1
2023010447402,2023,010447402,1,3,0,99,99,9,9,99,99,9,9,99,9,99,1,1,1,1,1,28,6,125,1,1,HONDA NSS,4,E01000995,0,-1
2023430427083,2023,430427083,1,3,0,3,3,7,3,0,0,1,0,0,0,0,1,1,1,1,1,34,6,125,1,0,HONDA NSS,5,E01017913,0,-1
2023010479020,2023,010479020,1,3,0,99,99,9,9,99,99,9,9,99,9,99,1,1,6,6,1,32,6,125,1,2,HONDA NSS,8,E01002941,0,-1
2023010419376,2023,010419376,2,3,0,3,3,1,5,0,0,1,0,0,0,0,1,1,1,1,1,34,6,125,1,2,HONDA NSS,3,E01001369,0,-1
2023010451543,2023,010451543,1,4,0,99,99,9,9,99,99,9,9,99,9,99,1,1,6,6,1,33,6,279,1,3,HONDA NSS,3,E01023650,0,-1
2023522300802,2023,522300802,1,4,0,18,19,7,3,0,0,0,0,0,0,0,1,1,6,6,1,35,6,279,1,4,HONDA NSS,4,E01014774,0,-1
2023010424431,2023,010424431,1,3,0,99,99,9,9,99,99,9,9,99,9,99,1,1,6,6,1,35,6,125,1,2,HONDA NSS,6,E01004636,0,-1
2023430580972,2023,430580972,1,3,0,18,19,4,8,0,0,1,0,7,0,0,1,1,6,6,1,24,5,125,1,3,HONDA NSS,4,E01002101,0,-1
2023010486286,2023,010486286,1,3,0,99,99,9,9,99,99,1,9,99,9,99,9,1,2,2,1,32,6,330,1,1,HONDA NSS,8,E01033027,0,-1
2023041281528,2023,041281528,1,3,0,18,19,5,1,0,0,0,0,0,0,0,1,1,5,6,1,38,7,125,1,2,HONDA NSS,4,E01025149,0,-1
2023010441862,2023,010441862,1,3,0,99,99,9,9,99,99,9,9,99,9,99,1,1,1,1,1,24,5,125,1,3,HONDA NSS,5,E01001473,0,-1
2023451350026,2023,451350026,2,4,0,18,19,5,5,0,0,0,0,0,0,0,2,1,6,6,1,30,6,279,1,3,HONDA NSS,-1,-1,0,-1
2023471359420,2023,471359420,1,3,0,3,3,7,3,0,0,8,0,0,0,0,1,1,2,2,1,44,7,125,1,3,HONDA NSS,2,E01031361,0,-1
2023010428603,2023,010428603,1,3,0,99,99,9,9,99,99,9,9,99,9,99,1,1,2,2,2,26,6,125,1,5,HONDA NSS,5,E01000994,0,-1
2023010454985,2023,010454985,1,4,0,18,19,1,5,2,2,1,0,0,0,0,3,1,6,6,1,30,6,125,1,1,HONDA NSS,1,E01002790,0,-1
2023010458776,2023,010458776,2,3,0,99,99,9,9,99,99,9,9,99,9,99,9,1,6,6,1,33,6,125,1,2,HONDA NSS,3,E01004676,0,-1
2023010474929,2023,010474929,1,3,0,99,99,9,9,99,99,9,9,99,9,99,9,1,6,6,3,48,8,125,1,4,HONDA NSS,5,E01003142,0,-1
2023311292727,2023,311292727,2,3,0,15,15,1,5,0,0,8,0,0,0,0,0,1,6,6,1,31,6,125,1,4,HONDA NSS,10,E01028181,0,-1
2023010446736,2023,010446736,1,3,0,99,99,9,9,99,99,0,9,99,9,99,1,1,6,6,1,51,8,125,1,5,HONDA NSS,3,E01003723,0,-1
2023622300613,2023,622300613,2,3,0,2,2,0,0,0,0,1,0,0,0,0,2,1,6,6,1,58,9,125,1,0,HONDA NSS,2,W01000790,0,-1
2023010449562,2023,010449562,2,3,0,18,19,5,1,0,0,1,0,0,0,0,4,1,6,6,1,31,6,125,1,8,HONDA NSS,7,E01002161,0,-1
2023010437678,2023,010437678,1,3,0,99,99,9,9,99,99,0,9,99,9,99,9,1,6,6,1,35,6,125,1,1,HONDA NSS,5,E01000705,0,-1
2023010476231,2023,010476231,1,3,0,99,99,9,9,99,99,9,9,99,9,99,1,1,2,2,1,38,7,125,1,5,HONDA NSS,10,E01030319,0,-1
2023010446123,2023,010446123,1,3,0,99,99,9,9,99,99,9,9,99,9,99,9,1,6,6,2,36,7,125,1,4,HONDA NSS,1,E01002040,0,-1
2023010470945,2023,010470945,2,3,0,18,19,5,1,0,0,8,1,0,0,0,1,1,6,6,1,24,5,125,1,4,HONDA NSS,6,E01004712,0,-1
2023010428220,2023,010428220,1,3,0,99,99,9,9,99,99,9,9,99,9,99,9,1,6,6,1,34,6,125,1,1,HONDA NSS,3,E01001578,0,-1
2023430096016,2023,430096016,1,3,4,18,19,8,4,0,0,0,0,0,0,0,2,1,1,1,1,29,6,125,1,2,HONDA NSS,5,E01016369,0,-1
2023010480432,2023,010480432,1,3,0,99,99,9,9,99,99,9,9,99,9,99,1,1,6,6,1,27,6,125,1,0,HONDA NSS,2,E01004024,0,-1
2023010449849,2023,010449849,2,2,0,6,6,7,7,0,0,6,0,0,0,0,1,1,2,2,1,29,6,125,1,2,HONDA NSS,3,E01001697,0,-1
2023010471206,2023,010471206,1,3,0,99,99,9,9,99,99,0,9,99,9,99,1,1,6,6,1,40,7,125,1,0,HONDA NSS,8,E01004193,0,-1
2023440017095,2023,440017095,2,3,0,3,3,5,1,0,0,1,0,0,0,0,2,1,1,1,1,24,5,125,1,8,HONDA NSS,4,E01017137,0,-1
2023010477129,2023,010477129,1,3,0,99,99,9,9,99,99,9,9,99,9,99,1,1,1,1,1,34,6,125,1,1,HONDA NSS,4,E01001174,0,-1
2023010474138,2023,010474138,1,4,0,9,9,3,8,9,9,5,0,7,0,0,1,1,1,1,1,21,5,330,1,2,HONDA NSS,1,E01004674,0,-1
2023010468617,2023,010468617,1,3,0,99,99,9,9,99,99,9,9,99,9,99,1,1,6,6,1,31,6,125,1,4,HONDA NSS,4,E01001247,0,-1
2023430464144,2023,430464144,1,3,0,17,19,7,3,0,0,8,1,0,0,0,0,1,6,6,1,26,6,125,1,5,HONDA NSS,5,E01002410,0,-1
2023010484331,2023,010484331,1,3,0,99,99,9,9,99,99,0,9,99,9,99,1,1,1,1,1,25,5,125,1,2,HONDA NSS,6,E01001607,0,-1
2023010453718,2023,010453718,1,3,0,99,99,9,9,99,99,9,9,99,9,99,9,1,6,6,1,43,7,125,1,1,HONDA NSS,7,E01003475,0,-1
2023411309881,2023,411309881,2,3,0,18,19,-1,-1,0,0,1,1,0,0,0,4,1,1,1,1,42,7,125,1,6,HONDA NSS,5,E01023827,0,-1
2023010446712,2023,010446712,1,3,0,99,99,9,9,99,99,0,9,99,9,99,1,1,1,1,1,37,7,125,1,4,HONDA NSS,2,E01000600,0,-1
2023991279502,2023,991279502,1,3,0,18,19,4,8,0,0,0,0,0,0,0,1,1,2,2,1,42,7,125,1,1,HONDA NSS,5,-1,0,-1
2023010420563,2023,010420563,1,3,9,99,99,9,9,99,99,9,9,99,9,99,1,1,2,2,1,27,6,125,1,8,HONDA NSS,5,E01004700,0,-1
2023430264309,2023,430264309,1,3,0,9,9,6,4,0,0,3,0,0,0,0,1,1,1,1,1,36,7,125,1,3,HONDA NSS,10,E01016246,0,-1
2023411354482,2023,411354482,2,3,0,9,9,7,5,0,0,1,0,0,0,0,2,1,2,2,1,59,9,125,1,1,HONDA NSS,5,E01001473,0,-1
2023010481031,2023,010481031,1,3,0,99,99,9,9,99,99,9,9,99,9,99,1,1,6,6,1,39,7,125,1,0,HONDA NSS,4,E01001329,0,-1
2023010473013,2023,010473013,1,3,0,18,19,5,1,2,2,0,1,0,0,0,1,1,6,6,1,39,7,125,1,6,HONDA NSS,2,E01001862,0,-1
2023010465528,2023,010465528,1,3,9,99,99,9,9,99,99,9,9,99,9,99,1,1,1,1,1,30,6,279,1,7,HONDA NSS,2,E01002080,0,-1
2023010458546,2023,010458546,1,3,0,99,99,9,9,99,99,9,9,99,9,99,9,1,1,1,1,46,8,125,1,8,HONDA NSS,2,E01004467,0,-1
2023010424235,2023,010424235,1,3,0,99,99,9,9,99,99,9,9,99,9,99,2,1,1,1,1,49,8,125,1,6,HONDA NSS,2,E01004067,0,-1
2023010472880,2023,010472880,2,3,0,15,15,3,7,0,0,0,0,0,0,0,4,1,6,6,2,23,5,125,1,7,HONDA NSS,-1,-1,0,-1
2023010426646,2023,010426646,1,3,0,99,99,9,9,99,99,9,9,99,9,99,0,1,6,6,1,34,6,125,1,4,HONDA NSS,1,E01002857,0,-1
2023010486548,2023,010486548,2,3,0,4,4,3,7,0,0,8,0,0,0,0,2,1,6,6,1,36,7,125,1,0,HONDA NSS,6,E01001292,0,-1
2023010450545,2023,010450545,2,4,0,13,13,5,1,0,0,8,0,0,0,0,1,1,1,1,1,41,7,330,1,2,HONDA NSS,6,E01023900,0,-1
2023430096024,2023,430096024,2,4,0,8,8,6,2,0,0,1,0,0,0,0,2,1,1,1,1,33,6,125,1,2,HONDA NSS,8,E01016775,0,-1
2023451392019,2023,451392019,2,3,0,18,19,2,6,0,0,0,0,0,0,0,1,1,2,2,1,30,6,125,1,2,HONDA NSS,10,E01030902,0,-1
2023010475497,2023,010475497,1,3,0,99,99,9,9,99,99,0,9,99,9,99,1,1,1,1,1,23,5,125,1,1,HONDA NSS,4,E01000498,0,-1
2023010434558,2023,010434558,2,3,9,99,99,9,9,99,99,9,9,99,9,99,9,1,6,6,3,-1,-1,125,1,2,HONDA NSS,-1,-1,0,-1
2023010442359,2023,010442359,2,3,0,18,19,1,5,0,0,1,5,0,0,0,1,1,6,6,1,37,7,125,1,2,HONDA NSS,2,E01001249,0,-1
2023010454446,2023,010454446,1,3,0,18,19,1,5,0,0,0,0,0,0,0,1,1,6,6,1,23,5,125,1,8,HONDA NSS,-1,-1,0,-1
2023010430054,2023,010430054,1,3,0,99,99,9,9,99,99,9,9,99,9,99,2,1,6,6,1,41,7,125,1,1,HONDA NSS,3,E01004333,0,-1
2023010441205,2023,010441205,1,3,0,18,19,1,5,0,0,0,0,0,0,0,1,1,2,2,1,28,6,125,1,0,HONDA NSS,-1,-1,0,-1
2023010449067,2023,010449067,1,3,0,18,19,1,5,0,0,1,0,0,0,0,1,1,2,2,1,28,6,125,1,6,HONDA NSS,5,E01004601,0,-1
2023010457684,2023,010457684,1,3,0,18,19,7,3,0,0,1,9,99,9,99,1,1,1,1,1,24,5,125,1,3,HONDA NSS,3,E01003250,0,-1
2023010479925,2023,010479925,1,3,0,99,99,9,9,99,99,9,9,99,9,99,9,1,1,1,1,44,7,125,1,0,HONDA NSS,1,E01002857,0,-1
2023010437566,2023,010437566,1,3,0,99,99,9,9,99,99,9,9,99,9,99,1,1,1,1,1,44,7,125,1,4,HONDA NSS,1,E01004309,0,-1
2023010479715,2023,010479715,1,3,0,99,99,9,9,99,99,9,9,99,9,99,1,1,6,6,1,25,5,125,1,2,HONDA NSS,9,E01004542,0,-1
2023010455914,2023,010455914,1,3,0,99,99,9,9,99,99,9,9,99,9,99,1,1,6,6,1,32,6,125,1,4,HONDA NSS,2,E01004036,0,-1
2023010453231,2023,010453231,1,3,0,5,5,3,7,0,0,1,0,0,0,0,1,1,1,1,1,29,6,125,1,2,HONDA NSS,6,E01002565,0,-1
2023010448055,2023,010448055,1,4,0,5,5,7,3,0,0,2,0,0,0,0,1,1,6,6,1,31,6,330,1,1,HONDA NSS,3,E01001578,0,-1
2023010461524,2023,010461524,1,3,9,99,99,9,9,99,99,9,9,99,9,99,1,1,1,1,1,40,7,125,1,3,HONDA NSS,6,E01001195,0,-1
2023010468635,2023,010468635,1,3,0,99,99,9,9,99,99,0,9,99,9,99,1,1,6,6,1,34,6,125,1,1,HONDA NSS,8,E01000393,0,-1
2023010428996,2023,010428996,2,3,0,14,14,4,8,0,0,0,0,0,0,0,4,1,6,6,1,33,6,125,1,8,HONDA NSS,1,E01002694,0,-1
2023010479628,2023,010479628,1,4,9,99,99,9,9,99,99,0,9,99,9,99,9,1,6,6,3,29,6,279,1,4,HONDA NSS,6,E01001245,0,-1
2023010434364,2023,010434364,1,4,0,18,19,7,3,0,0,8,0,0,0,0,1,1,1,1,1,32,6,330,1,1,HONDA NSS,5,E01002114,0,-1
2023010453075,2023,010453075,2,3,0,18,19,6,2,0,0,1,0,0,0,0,1,1,1,1,1,47,8,125,1,1,HONDA NSS,-1,-1,0,-1
2023471344724,2023,471344724,2,3,0,18,19,8,4,0,0,2,0,0,0,0,3,1,2,2,1,36,7,125,1,1,HONDA NSS,5,E01000747,0,-1
2023010438565,2023,010438565,1,3,0,99,99,9,9,99,99,9,9,99,9,99,1,1,1,1,1,43,7,125,1,2,HONDA NSS,8,E01023576,0,-1
2023010429880,2023,010429880,2,3,0,13,13,1,5,0,0,0,1,10,0,0,0,1,6,6,1,22,5,125,1,2,HONDA NSS,6,E01002943,0,-1
2023010460107,2023,010460107,1,3,0,99,99,9,9,99,99,9,9,99,9,99,1,1,2,2,1,47,8,125,1,4,HONDA NSS,8,E01000848,0,-1
2023010477193,2023,010477193,1,3,0,99,99,9,9,99,99,1,9,99,9,99,9,1,1,1,3,34,6,125,1,1,HONDA NSS,8,E01000393,0,-1
2023471317182,2023,471317182,1,3,0,18,19,6,2,0,0,1,0,0,0,0,1,1,1,1,2,46,8,125,1,1,HONDA NSS,7,E01031677,0,-1
2023010448465,2023,010448465,1,3,0,99,99,9,9,99,99,9,9,99,9,99,1,1,6,6,1,37,7,125,1,3,HONDA NSS,3,E01001109,0,-1
2023010442080,2023,010442080,2,4,0,18,19,7,3,0,0,8,0,0,0,0,4,1,6,6,1,34,6,279,1,8,HONDA NSS,6,E01001540,0,-1
2023010446233,2023,010446233,2,4,0,4,4,3,7,2,2,1,0,0,0,0,3,1,2,2,1,33,6,279,1,7,HONDA NSS,2,E01003483,0,-1
2023010432835,2023,010432835,1,4,0,99,99,9,9,99,99,9,9,99,9,99,9,1,1,1,1,46,8,279,1,4,HONDA NSS,5,E01003314,0,-1
2023161327030,2023,161327030,1,2,0,4,4,1,1,0,0,0,5,0,0,0,2,1,2,2,1,19,4,125,1,6,HONDA NSS,8,E01013035,0,-1
2023010486654,2023,010486654,1,3,0,7,7,3,6,0,0,3,5,0,0,0,2,1,1,1,1,26,6,125,1,3,HONDA NSS,8,E01002206,0,-1
2023552400237,2023,552400237,2,3,0,18,19,7,3,0,0,8,0,0,0,0,1,1,1,1,1,34,6,125,1,1,HONDA NSS,3,E01033285,0,-1
2023501324747,2023,501324747,1,3,0,18,19,5,1,0,0,0,0,0,0,0,1,1,6,6,1,69,10,125,1,0,HONDA NSS,2,E01015156,0,-1
2023010430306,2023,010430306,2,3,0,9,9,1,7,0,0,8,2,0,0,0,3,1,6,6,1,18,4,125,1,3,HONDA NSS,8,E01002238,0,-1
2023010439787,2023,010439787,1,3,0,99,99,9,9,99,99,9,9,99,9,99,1,1,1,1,1,31,6,125,1,2,HONDA NSS,3,E01023891,0,-1
2023010432034,2023,010432034,1,2,0,17,19,5,3,0,0,8,0,0,0,0,1,1,6,6,3,-1,-1,125,1,5,HONDA NSS,-1,-1,0,-1
2023052301136,2023,052301136,1,3,0,18,19,4,8,0,0,0,0,0,0,0,1,1,2,2,1,40,7,125,1,1,HONDA NSS,2,E01006653,0,-1
2023010449217,2023,010449217,1,97,0,3,3,8,4,0,0,6,0,0,0,0,1,1,1,1,1,28,6,125,1,4,-1,3,E01000578,0,-1
2023010462256,2023,010462256,2,3,0,5,5,7,3,0,0,8,0,0,0,0,3,1,1,1,1,22,5,125,1,4,HONDA NSS,7,E01002198,0,-1
2023010479339,2023,010479339,2,4,0,4,4,1,5,0,0,0,0,0,0,0,2,1,2,2,1,35,6,125,1,1,HONDA NSS,3,E01003145,0,-1
2023010429452,2023,010429452,1,3,0,99,99,9,9,99,99,9,9,99,9,99,9,1,6,6,3,35,6,125,1,4,HONDA NSS,2,E01000141,0,-1
2023010438687,2023,010438687,1,3,0,99,99,9,9,0,0,8,0,0,0,0,1,1,1,1,2,38,7,125,1,1,HONDA NSS,8,E01004593,0,-1
2023010462770,2023,010462770,1,3,0,99,99,9,9,99,99,9,9,99,9,99,1,1,6,6,1,37,7,125,1,0,HONDA NSS,7,E01000675,0,-1
2023010427470,2023,010427470,1,3,0,99,99,9,9,99,99,9,9,99,9,99,1,1,1,1,1,29,6,125,1,2,HONDA NSS,2,E01002033,0,-1
2023440275760,2023,440275760,2,3,0,18,19,5,1,0,0,8,0,0,0,0,1,1,1,1,1,37,7,125,1,6,HONDA NSS,2,E01017139,0,-1
2023471268936,2023,471268936,2,3,0,3,3,3,7,0,0,0,0,0,0,0,1,1,5,6,1,27,6,125,1,4,HONDA NSS,2,E01016978,0,-1
2023471302362,2023,471302362,2,3,0,18,19,3,7,0,0,8,5,0,0,0,3,1,1,1,1,42,7,125,1,3,HONDA NSS,4,E01016890,0,-1
2023430208559,2023,430208559,2,3,0,18,19,8,4,0,0,8,0,0,0,0,1,1,6,6,1,26,6,125,1,8,HONDA NSS,3,E01028552,0,-1
2023010424967,2023,010424967,1,3,0,99,99,9,9,0,0,0,0,0,0,0,2,1,6,6,3,40,7,125,1,6,HONDA NSS,2,E01000083,0,-1
2023010474312,2023,010474312,1,3,0,99,99,9,9,99,99,9,9,99,9,99,9,1,6,6,1,31,6,125,1,3,HONDA NSS,2,E01000223,0,-1
2023010481491,2023,010481491,2,3,0,3,3,3,7,0,0,1,0,0,0,0,2,1,2,2,1,31,6,125,1,1,HONDA NSS,3,E01002841,0,-1
2023430275354,2023,430275354,1,3,0,3,3,6,2,0,0,1,0,0,0,0,2,1,1,1,1,30,6,125,1,2,HONDA NSS,7,E01017851,0,-1
2023010437004,2023,010437004,1,97,0,99,99,9,9,99,99,9,9,99,9,99,1,9,6,6,1,32,6,279,1,4,-1,4,E01002762,0,-1
2023010429829,2023,010429829,1,3,0,99,99,9,9,99,99,9,9,99,9,99,9,1,6,6,1,25,5,125,1,5,HONDA NSS,5,E01004521,0,-1
2023010458278,2023,010458278,1,4,0,18,19,7,3,0,0,1,0,0,0,0,1,1,2,2,1,62,9,330,1,0,HONDA NSS,9,E01030564,0,-1
2023430320439,2023,430320439,2,10,0,9,9,6,4,0,0,8,0,0,0,0,3,1,6,6,2,84,11,2998,2,10,-1,10,E01016187,0,-1
2023010443206,2023,010443206,2,19,0,99,99,9,9,99,99,9,9,99,9,99,1,9,6,6,3,-1,-1,2287,2,1,IVECO DAILY,-1,-1,0,-1
2023061352741,2023,061352741,1,20,0,1,1,7,3,0,0,1,0,0,0,0,2,1,1,1,1,-1,-1,2998,2,1,IVECO DAILY,-1,-1,0,-1
2023501331047,2023,501331047,1,19,0,10,10,4,8,0,0,1,0,0,0,0,2,1,1,1,1,46,8,2287,2,1,IVECO DAILY,7,E01020105,0,-1
2023320755427,2023,320755427,1,20,0,16,19,8,4,0,0,8,0,0,0,0,1,1,6,6,1,22,5,-1,-1,-1,IVECO DAILY,9,E01007889,0,-1
2023010459414,2023,010459414,2,19,0,18,19,7,3,0,0,1,0,0,0,0,1,1,1,1,1,37,7,2287,2,3,IVECO DAILY,3,E01002560,0,-1
2023332300041,2023,332300041,1,19,4,7,7,1,3,0,0,5,0,0,7,0,2,1,2,2,1,65,9,2287,2,9,IVECO DAILY,4,E01013662,0,-1
2023061305542,2023,061305542,2,19,0,18,19,1,5,0,0,1,0,0,0,0,2,1,5,6,1,59,9,2287,2,8,IVECO DAILY,1,E01006283,0,-1
2023411393908,2023,411393908,1,19,0,4,4,7,5,0,0,0,0,0,0,0,1,1,6,6,1,63,9,2287,2,4,IVECO DAILY,10,E01017438,0,-1
2023332301032,2023,332301032,2,19,0,18,19,6,2,0,0,0,0,0,0,0,3,1,1,1,1,35,6,2287,2,2,IVECO DAILY,5,E01025884,0,-1
2023141381795,2023,141381795,1,20,0,5,5,4,8,0,0,1,0,0,0,0,3,1,2,2,1,30,6,-1,-1,-1,IVECO DAILY,7,E01027727,0,-1
2023421337922,2023,421337922,2,19,4,16,19,1,3,0,0,1,0,0,0,0,1,1,5,6,1,59,9,2998,2,6,IVECO DAILY,-1,-1,0,-1
2023481359170,2023,481359170,1,19,0,9,9,7,5,0,0,8,0,0,0,0,4,1,1,1,1,50,8,2998,2,7,IVECO DAILY,-1,-1,0,-1
2023010438681,2023,010438681,2,19,0,1,1,1,5,0,0,2,0,0,0,0,2,1,6,6,3,73,10,2287,2,15,IVECO DAILY,-1,-1,0,-1
2023010440866,2023,010440866,3,19,0,3,3,7,3,0,0,1,0,0,0,0,2,1,1,1,1,44,7,2287,2,7,IVECO DAILY,3,E01000435,0,-1
2023010480723,2023,010480723,1,20,9,99,99,9,9,99,99,9,9,99,9,99,9,9,6,6,3,60,9,2287,2,0,IVECO DAILY,3,E01030901,0,-1
2023010447731,2023,010447731,1,20,0,18,19,3,7,0,0,0,0,0,0,0,2,1,6,6,1,43,7,2287,2,6,IVECO DAILY,2,E01003337,0,-1
2023010475572,2023,010475572,1,19,0,9,9,3,1,0,0,6,0,0,0,0,3,1,6,6,1,52,8,2287,2,9,IVECO DAILY,3,E01000736,0,-1
2023221365986,2023,221365986,2,19,4,4,4,6,2,0,0,8,0,0,0,0,2,1,1,1,1,18,4,2287,2,2,IVECO DAILY,6,E01009878,0,-1
2023010468558,2023,010468558,1,19,0,5,5,0,5,0,0,1,0,0,0,0,2,1,1,1,1,61,9,2998,2,6,IVECO DAILY,8,E01031977,0,-1
2023201385471,2023,201385471,2,90,0,18,19,5,1,0,0,1,0,0,0,0,1,1,1,1,1,62,9,2998,2,0,-1,4,E01029648,0,-1
2023440268077,2023,440268077,2,19,0,14,14,2,6,0,0,1,0,0,0,0,4,1,1,1,1,35,6,2287,2,2,IVECO DAILY,1,E01017163,0,-1
2023010460885,2023,010460885,1,19,0,3,3,7,3,0,0,2,0,0,0,0,4,1,1,1,1,39,7,2998,2,1,IVECO DAILY,10,E01024146,0,-1