collision_index,collision_year,collision_ref_no,vehicle_reference,vehicle_type,towing_and_articulation,vehicle_manoeuvre_historic,vehicle_manoeuvre,vehicle_direction_from,vehicle_direction_to,vehicle_location_restricted_lane_historic,vehicle_location_restricted_lane,junction_location,skidding_and_overturning,hit_object_in_carriageway,vehicle_leaving_carriageway,hit_object_off_carriageway,first_point_of_impact,vehicle_left_hand_drive,journey_purpose_of_driver_historic,journey_purpose_of_driver,sex_of_driver,age_of_driver,age_band_of_driver,engine_capacity_cc,propulsion_code,age_of_vehicle,generic_make_model,driver_imd_decile,lsoa_of_driver,escooter_flag,driver_distance_banding
2023052301611,2023,052301611,3,19,0,17,19,7,3,0,0,8,0,0,0,0,0,1,1,1,1,46,8,2287,2,15,IVECO DAILY,3,E01006906,0,-1
202360A033449,2023,60A033449,2,20,0,18,19,4,8,0,0,8,0,0,0,0,4,1,1,1,1,38,7,-1,-1,-1,IVECO DAILY,-1,-1,0,-1
2023010466675,2023,010466675,2,19,0,2,2,0,0,0,0,2,0,0,0,0,2,1,6,6,3,-1,-1,29980,2,12,IVECO DAILY,-1,-1,0,-1
2023991333200,2023,991333200,2,20,0,4,4,1,5,0,0,0,0,0,0,0,2,1,1,1,1,62,9,2998,2,8,IVECO DAILY,-1,-1,0,-1
2023010450795,2023,010450795,1,19,0,18,19,1,5,0,0,2,0,0,0,0,1,1,6,6,1,57,9,2998,2,6,IVECO DAILY,3,E01021811,0,-1
2023231369839,2023,231369839,1,19,0,18,19,5,1,0,0,0,0,0,0,0,1,1,1,1,2,28,6,2287,2,0,IVECO DAILY,8,E01025771,0,-1
2023320785136,2023,320785136,2,20,0,4,4,4,8,0,0,0,0,0,1,0,2,1,1,1,1,54,8,2287,2,16,IVECO DAILY,-1,-1,0,-1
2023010463270,2023,010463270,2,19,0,9,9,3,1,0,0,1,0,0,0,0,3,1,1,1,1,40,7,2287,2,2,IVECO DAILY,4,E01021837,0,-1
2023991321941,2023,991321941,1,19,0,18,19,5,1,0,0,1,0,0,0,0,1,1,1,1,3,23,5,2287,2,8,IVECO DAILY,2,-1,0,-1
2023501286378,2023,501286378,1,20,0,18,19,3,7,9,9,1,0,0,1,0,3,1,1,1,1,67,10,2998,2,14,IVECO DAILY,2,E01018984,0,-1
2023361374287,2023,361374287,2,19,0,2,2,0,0,0,0,0,0,4,0,0,2,1,6,6,3,-1,-1,2287,2,8,IVECO DAILY,-1,-1,0,-1
2023201372822,2023,201372822,1,20,4,4,4,8,4,0,0,2,0,0,0,0,4,1,1,1,1,36,7,2287,2,2,IVECO DAILY,2,E01010563,0,-1
2023471273941,2023,471273941,1,11,0,5,5,8,4,2,2,0,0,0,0,0,4,1,1,1,1,39,7,2998,2,2,-1,10,E01031718,0,-1
2023141374506,2023,141374506,2,19,0,4,4,1,5,0,0,1,0,0,0,0,1,1,1,1,1,57,9,2287,2,0,IVECO DAILY,4,E01007519,0,-1
2023010467897,2023,010467897,3,19,0,18,19,8,4,0,0,1,0,0,0,0,3,1,1,1,1,65,9,2287,2,2,IVECO DAILY,6,E01001662,0,-1
2023451264707,2023,451264707,1,19,0,1,1,5,1,0,0,2,0,0,0,0,2,1,6,6,1,36,7,2998,2,5,IVECO DAILY,2,E01001113,0,-1
2023010486104,2023,010486104,2,19,0,18,19,3,7,0,0,0,0,0,0,0,2,1,6,6,1,50,8,-1,-1,-1,IVECO DAILY,1,E01002588,0,-1
2023440507949,2023,440507949,2,19,0,2,2,0,0,0,0,0,0,0,0,0,3,1,1,1,1,40,7,2287,2,2,IVECO DAILY,-1,-1,0,-1
2023320186354,2023,320186354,3,19,0,2,2,0,0,9,9,0,0,0,0,0,2,1,6,6,3,-1,-1,2287,2,12,IVECO DAILY,-1,-1,0,-1
2023440172693,2023,440172693,1,19,0,5,5,3,7,0,0,4,0,0,0,0,2,1,2,2,1,34,6,2287,2,8,IVECO DAILY,5,E01017030,0,-1
2023122301018,2023,122301018,2,20,0,3,3,1,4,0,0,0,0,0,0,0,1,1,1,1,1,54,8,2998,2,1,IVECO DAILY,4,E01011858,0,-1
2023031277140,2023,031277140,2,20,0,4,4,3,7,0,0,1,0,0,0,0,2,1,1,1,1,28,6,2287,2,7,IVECO DAILY,3,E01019194,0,-1
2023401286164,2023,401286164,1,20,0,18,19,5,1,0,0,0,0,0,7,4,1,1,1,1,1,61,9,2287,2,4,IVECO DAILY,5,E01023782,0,-1
2023010486543,2023,010486543,3,19,0,2,2,0,0,0,0,1,0,0,0,0,1,1,6,6,3,-1,-1,2287,2,3,IVECO DAILY,-1,-1,0,-1
2023421378864,2023,421378864,2,19,0,2,2,0,0,0,0,0,0,0,1,11,2,1,6,6,3,-1,-1,2287,2,8,IVECO DAILY,-1,-1,0,-1
2023421384847,2023,421384847,1,19,4,18,19,3,7,0,0,0,0,0,7,0,1,1,6,6,1,71,10,2287,2,7,IVECO DAILY,4,E01021849,0,-1
2023332300427,2023,332300427,1,19,0,5,5,2,6,0,0,0,0,0,0,0,3,1,1,1,1,58,9,2287,2,7,IVECO DAILY,-1,-1,0,-1
2023320727937,2023,320727937,1,19,0,18,19,4,8,0,0,1,0,0,0,0,1,1,1,1,1,30,6,2998,2,11,IVECO DAILY,-1,-1,0,-1
2023010422034,2023,010422034,1,11,0,9,9,3,1,7,6,5,0,0,0,0,4,1,1,1,1,45,7,2998,2,3,-1,5,E01001278,0,-1
2023122300216,2023,122300216,1,20,0,9,9,6,4,0,0,8,0,0,0,0,4,1,1,1,1,47,8,2998,2,2,IVECO DAILY,7,E01031194,0,-1
2023041347504,2023,041347504,1,19,4,4,4,5,1,0,0,0,1,0,0,0,2,1,1,1,1,53,8,2287,2,0,IVECO DAILY,1,E01005087,0,-1
2023122301140,2023,122301140,3,19,0,18,19,8,4,0,0,8,0,0,0,0,1,1,1,1,1,20,4,2300,2,19,IVECO DAILY,7,E01013442,0,-1
2023451344896,2023,451344896,3,19,0,12,12,4,8,0,0,0,0,0,0,0,1,1,1,1,1,18,4,2287,2,1,IVECO DAILY,8,E01030654,0,-1
2023010446334,2023,010446334,2,19,0,9,9,3,1,0,0,6,0,0,0,0,3,1,1,1,1,-1,-1,2287,2,3,IVECO DAILY,6,E01023970,0,-1
2023451268001,2023,451268001,2,19,0,18,19,3,7,0,0,0,0,0,0,0,1,1,1,1,1,56,9,2998,2,6,IVECO DAILY,6,E01001254,0,-1
2023430269049,2023,430269049,2,20,0,18,19,2,6,0,0,0,0,0,0,0,2,1,1,1,2,34,6,2287,2,3,IVECO DAILY,2,E01028567,0,-1
2023231352376,2023,231352376,1,21,1,3,3,2,6,0,0,4,0,0,0,0,2,1,1,1,1,42,7,2998,2,1,-1,6,E01027159,0,-1
2023311378492,2023,311378492,1,19,0,10,10,5,1,0,0,1,0,0,0,0,3,1,1,1,1,40,7,2287,2,1,IVECO DAILY,2,E01028281,0,-1
2023421317918,2023,421317918,1,21,0,9,9,5,3,0,0,4,0,0,0,0,3,1,1,1,1,31,6,8710,2,3,-1,6,E01021430,0,-1
2023161324457,2023,161324457,2,19,0,18,19,8,4,0,0,0,0,11,0,0,0,1,1,1,3,-1,-1,2287,2,1,IVECO DAILY,-1,-1,0,-1
2023311361806,2023,311361806,2,19,0,18,19,1,5,0,0,0,1,0,0,0,1,1,1,1,1,25,5,2998,5,5,IVECO DAILY,-1,-1,0,-1
2023440369380,2023,440369380,2,20,0,2,2,0,0,0,0,0,0,0,0,0,2,1,6,6,3,-1,-1,2287,2,4,IVECO DAILY,-1,-1,0,-1
2023131324135,2023,131324135,2,20,0,18,19,6,2,0,0,1,0,0,0,0,4,1,1,1,1,61,9,2998,2,4,IVECO DAILY,5,E01010818,0,-1
2023421452697,2023,421452697,1,19,0,18,19,5,1,0,0,0,5,7,0,0,1,1,6,6,1,23,5,2287,2,9,IVECO DAILY,6,E01021460,0,-1
2023351373795,2023,351373795,1,21,0,9,9,7,3,0,0,1,0,0,0,0,1,1,1,1,1,51,8,2998,2,3,-1,1,E01015607,0,-1
2023421374253,2023,421374253,1,20,0,-1,-1,-1,-1,-1,-1,-1,-1,-1,-1,0,-1,1,1,1,1,65,9,2998,2,8,IVECO DAILY,6,E01021460,0,-1
2023471328229,2023,471328229,1,20,0,-1,-1,-1,-1,-1,-1,1,-1,-1,-1,0,-1,1,6,6,1,78,11,2998,2,8,IVECO DAILY,6,E01024363,0,-1
202363D002923,2023,63D002923,2,19,4,18,19,8,2,0,0,2,0,0,1,10,1,1,2,2,1,39,7,2998,2,2,IVECO DAILY,7,W01000486,0,-1
2023052302866,2023,052302866,1,10,0,18,19,5,1,0,0,1,0,0,0,0,1,1,6,6,1,-1,-1,2998,2,16,-1,-1,-1,0,-1
2023311274897,2023,311274897,1,19,0,18,19,1,5,0,0,0,0,0,0,0,1,1,1,1,1,58,9,2998,2,2,IVECO DAILY,5,E01028114,0,-1
2023520301635,2023,520301635,2,19,0,7,7,8,2,0,0,8,0,0,0,0,1,1,6,6,1,27,6,2287,2,2,IVECO DAILY,8,E01029019,0,-1
2023522400460,2023,522400460,2,19,0,18,19,7,3,0,0,0,0,0,0,0,1,1,6,6,3,-1,-1,2287,2,11,IVECO DAILY,-1,-1,0,-1
2023010426653,2023,010426653,2,19,0,99,99,9,9,99,99,9,9,99,9,99,2,9,6,6,1,63,9,2998,2,6,IVECO DAILY,8,E01017541,0,-1
2023401380390,2023,401380390,1,19,0,18,19,7,3,0,0,0,0,0,0,0,1,1,1,1,1,41,7,2287,2,3,IVECO DAILY,3,E01017568,0,-1
202363B023223,2023,63B023223,2,19,0,18,19,7,3,0,0,0,0,0,2,10,3,1,6,6,1,31,6,2287,2,8,IVECO DAILY,7,W01000486,0,-1
2023221282174,2023,221282174,2,20,0,18,19,6,2,0,0,0,1,0,0,0,3,1,1,1,1,38,7,2998,2,5,IVECO DAILY,9,E01028936,0,-1
2023531290005,2023,531290005,1,19,0,18,19,1,5,0,0,0,0,0,0,0,1,1,2,2,1,22,5,2287,2,3,IVECO DAILY,9,E01022278,0,-1
2023461381239,2023,461381239,1,19,0,18,19,6,2,0,0,0,1,0,0,0,3,1,1,1,1,37,7,2287,2,11,IVECO DAILY,7,E01032822,0,-1
2023320049998,2023,320049998,2,19,0,4,4,5,1,0,0,0,0,0,7,0,2,1,6,6,1,45,7,2287,2,7,IVECO DAILY,2,E01028311,0,-1
2023131322950,2023,131322950,3,19,0,10,10,4,2,0,0,6,0,0,0,0,3,1,1,1,1,47,8,2287,2,1,IVECO DAILY,1,E01011427,0,-1
2023010435266,2023,010435266,2,19,0,3,3,3,7,0,0,1,0,0,0,0,1,1,6,6,1,44,7,2287,2,12,IVECO DAILY,2,E01004264,0,-1
2023451316169,2023,451316169,1,19,0,18,19,7,3,9,9,0,0,0,0,0,1,1,6,6,1,60,9,2287,2,12,IVECO DAILY,7,E01030472,0,-1
2023010455014,2023,010455014,2,19,9,99,99,9,9,99,99,9,9,99,9,99,9,9,6,6,3,-1,-1,2287,2,2,IVECO DAILY,-1,-1,0,-1
2023010478651,2023,010478651,1,19,5,9,9,4,1,0,0,1,0,0,0,0,1,1,1,1,1,40,7,2287,2,9,IVECO DAILY,4,E01002211,0,-1
202360A003535,2023,60A003535,1,19,0,17,19,8,4,0,0,0,0,0,0,0,3,1,6,6,1,22,5,2287,2,1,IVECO DAILY,-1,-1,0,-1
2023061283730,2023,061283730,1,19,0,18,19,4,8,0,0,8,0,0,0,0,1,1,6,6,3,-1,-1,2998,2,5,IVECO DAILY,3,E01027240,0,-1
2023332300055,2023,332300055,3,19,0,2,2,0,0,0,0,0,0,0,0,0,2,1,1,1,1,38,7,2287,2,13,IVECO DAILY,-1,-1,0,-1
2023170M10443,2023,170M10443,2,19,0,14,14,7,3,0,0,1,0,0,0,0,4,1,1,1,1,-1,-1,2287,2,1,IVECO DAILY,-1,-1,0,-1
2023070151374,2023,070151374,2,20,0,13,13,4,8,0,0,1,0,0,0,0,1,1,1,1,1,26,6,2287,2,6,IVECO DAILY,2,E01033216,0,-1
2023201412161,2023,201412161,2,19,0,18,19,8,4,0,0,0,0,0,0,0,1,1,6,6,1,57,9,2287,2,13,IVECO DAILY,4,E01010009,0,-1
2023131301298,2023,131301298,2,19,0,2,2,0,0,0,0,0,0,0,0,0,2,1,6,6,3,-1,-1,2998,2,7,IVECO DAILY,-1,-1,0,-1
2023440266331,2023,440266331,2,20,0,4,4,1,5,0,0,0,0,0,0,0,2,1,1,1,1,28,6,2287,2,6,IVECO DAILY,5,E01023079,0,-1
2023010429816,2023,010429816,1,10,0,9,9,5,3,0,0,2,0,0,0,0,1,1,1,1,1,39,7,-1,-1,-1,-1,-1,-1,0,-1
2023340WN1962,2023,340WN1962,2,19,0,18,19,5,1,0,0,1,0,0,0,0,2,1,6,6,1,65,9,2287,2,1,IVECO DAILY,9,E01031082,0,-1
2023010445219,2023,010445219,1,19,0,17,19,3,7,0,0,0,0,0,0,0,1,1,2,2,1,24,5,2287,2,5,IVECO DAILY,6,E01000329,0,-1
2023131340396,2023,131340396,2,19,0,18,19,7,7,0,0,0,0,0,0,0,1,1,1,1,1,46,8,2287,2,4,IVECO DAILY,3,E01010986,0,-1
2023010479727,2023,010479727,1,20,0,18,19,1,5,0,0,8,0,0,0,0,3,1,1,1,1,29,6,2998,2,4,IVECO DAILY,2,E01004365,0,-1
2023501333775,2023,501333775,2,20,0,16,19,1,5,0,0,0,1,0,7,11,1,1,2,2,1,74,10,2998,2,9,IVECO DAILY,2,E01019076,0,-1
2023010424484,2023,010424484,1,19,0,18,19,1,5,0,0,8,0,0,0,0,1,1,1,1,1,51,8,2998,2,1,IVECO DAILY,8,E01021749,0,-1
202360A036927,2023,60A036927,2,20,4,2,2,0,0,0,0,0,0,0,0,0,2,1,1,1,1,44,7,2287,2,7,IVECO DAILY,-1,-1,0,-1
2023131324195,2023,131324195,2,19,0,18,19,1,5,0,0,8,0,0,0,0,1,1,1,1,1,35,6,2287,2,9,IVECO DAILY,8,E01011219,0,-1
2023131266201,2023,131266201,1,20,0,2,2,0,0,0,0,0,0,0,0,0,2,1,6,6,3,-1,-1,2287,2,3,IVECO DAILY,-1,-1,0,-1
2023041292508,2023,041292508,1,19,0,18,19,3,8,0,0,0,0,0,0,0,1,1,1,1,1,34,6,2998,2,5,IVECO DAILY,6,E01018845,0,-1
2023302301542,2023,302301542,2,19,0,18,19,2,6,0,0,0,0,0,0,0,3,1,6,6,1,53,8,2287,2,7,IVECO DAILY,1,E01013535,0,-1
2023201306871,2023,201306871,2,20,0,2,2,5,5,0,0,0,0,0,0,0,2,1,1,1,1,61,9,2998,2,0,IVECO DAILY,1,E01009129,0,-1
2023501402898,2023,501402898,1,19,0,7,7,7,1,0,0,8,0,0,0,0,4,1,6,6,3,-1,-1,2287,2,7,IVECO DAILY,-1,-1,0,-1
2023041342288,2023,041342288,1,20,0,18,19,1,5,0,0,0,0,0,1,2,1,1,1,1,1,59,9,2998,2,5,IVECO DAILY,7,E01025559,0,-1
2023440174630,2023,440174630,2,19,0,18,19,5,1,0,0,4,0,0,0,0,1,1,2,2,1,61,9,2300,2,18,IVECO DAILY,3,E01004125,0,-1
2023061379250,2023,061379250,2,19,0,18,19,7,2,0,0,0,0,0,0,0,3,1,1,1,1,43,7,2287,2,1,IVECO DAILY,2,E01028029,0,-1
2023430276672,2023,430276672,1,20,0,17,19,1,6,0,0,0,0,0,0,0,4,1,1,1,1,53,8,2287,2,3,IVECO DAILY,8,E01016558,0,-1
2023461276907,2023,461276907,2,20,0,2,2,0,0,0,0,0,0,0,0,0,2,1,6,6,1,40,7,-1,-1,-1,IVECO DAILY,5,E01022421,0,-1
2023552400124,2023,552400124,1,19,0,13,13,7,1,0,0,8,0,0,0,0,4,1,6,6,1,54,8,2287,2,11,IVECO DAILY,2,E01020575,0,-1
2023430433264,2023,430433264,1,10,0,18,19,2,6,0,0,8,1,0,1,10,1,1,6,6,1,75,10,2998,2,11,-1,5,E01017844,0,-1
2023461320106,2023,461320106,1,19,0,18,19,2,6,0,0,0,0,0,0,0,1,1,1,1,1,36,7,2998,2,1,IVECO DAILY,2,E01001113,0,-1
2023440276723,2023,440276723,2,19,0,18,19,5,1,0,0,1,1,0,0,0,1,1,1,1,1,57,9,2998,2,4,IVECO DAILY,10,E01022789,0,-1
2023552300068,2023,552300068,2,19,0,2,2,0,0,0,0,0,0,0,0,0,4,1,6,6,3,-1,-1,2287,2,4,IVECO DAILY,-1,-1,0,-1
2023010434398,2023,010434398,2,19,0,99,99,9,9,99,99,9,9,99,9,99,2,9,6,6,3,-1,-1,2287,2,2,IVECO DAILY,-1,-1,0,-1
2023552300640,2023,552300640,1,19,0,7,7,2,4,0,0,6,0,0,0,0,1,1,1,1,1,32,6,2998,2,7,IVECO DAILY,3,E01023058,0,-1
2023010434411,2023,010434411,2,20,0,2,2,0,0,0,0,2,0,0,0,0,1,1,6,6,3,-1,-1,-1,-1,-1,IVECO DAILY,-1,-1,0,-1
2023010450387,2023,010450387,1,19,0,18,19,5,1,0,0,0,0,0,0,0,0,1,6,6,1,44,7,2998,2,7,IVECO DAILY,3,E01011018,0,-1
2023010484240,2023,010484240,1,19,0,9,9,5,3,0,0,6,0,0,0,0,1,1,1,1,1,65,9,2287,2,0,IVECO DAILY,1,E01004399,0,-1
2023991307226,2023,991307226,2,19,0,18,19,7,3,0,0,0,0,0,0,0,3,1,1,1,1,24,5,2998,2,1,IVECO DAILY,3,-1,0,-1
2023131371604,2023,131371604,2,19,0,2,2,5,1,0,0,0,0,0,0,0,2,1,6,6,1,31,6,2287,2,10,IVECO DAILY,2,E01010619,0,-1
2023311332352,2023,311332352,1,19,0,18,19,1,3,0,0,0,0,0,0,0,0,1,6,6,1,52,8,2287,2,16,IVECO DAILY,2,E01027983,0,-1
2023421353728,2023,421353728,3,19,0,4,4,7,4,0,0,0,0,0,0,0,2,1,1,1,1,27,6,2287,2,0,IVECO DAILY,6,E01031712,0,-1
2023520301383,2023,520301383,2,19,0,18,19,3,6,0,0,0,1,0,0,0,1,1,6,6,1,28,6,2287,2,1,IVECO DAILY,5,E01029257,0,-1
2023070330053,2023,070330053,2,19,0,4,4,8,4,0,0,8,0,0,0,0,2,1,1,1,1,37,7,2287,2,2,IVECO DAILY,2,W01000184,0,-1
2023070289089,2023,070289089,1,20,0,4,4,0,0,0,0,2,0,0,0,0,3,1,1,1,1,28,6,-1,-1,-1,IVECO DAILY,4,E01018512,0,-1
2023010426981,2023,010426981,2,19,0,99,99,9,9,99,99,9,9,99,9,99,2,9,6,6,3,-1,-1,2287,2,1,IVECO DAILY,-1,-1,0,-1
2023231383872,2023,231383872,2,19,0,3,3,4,8,0,0,1,0,0,0,0,2,1,1,1,1,56,9,2287,2,2,IVECO DAILY,1,E01010416,0,-1
2023421376851,2023,421376851,4,19,0,3,3,7,3,0,0,0,0,0,0,0,2,1,6,6,1,38,7,2287,2,0,IVECO DAILY,2,E01021315,0,-1
2023320652539,2023,320652539,1,19,0,4,4,4,8,0,0,1,0,0,0,0,1,1,1,1,1,53,8,2287,2,2,IVECO DAILY,2,E01018063,0,-1
2023411374974,2023,411374974,1,19,0,18,19,3,7,0,0,4,0,0,0,0,1,1,1,1,1,58,9,2287,2,8,IVECO DAILY,2,E01023404,0,-1
2023010471737,2023,010471737,2,19,0,18,19,5,1,0,0,8,0,0,0,0,1,1,2,2,1,52,8,2287,2,6,IVECO DAILY,1,E01001545,0,-1
2023522300398,2023,522300398,2,19,0,18,19,6,2,0,0,0,0,0,0,0,2,1,1,1,1,56,9,2998,5,1,IVECO DAILY,7,E01022373,0,-1
2023010439375,2023,010439375,1,19,4,5,5,0,1,0,0,1,0,0,0,0,2,1,2,2,1,46,8,2287,2,8,IVECO DAILY,7,E01022481,0,-1
2023401307526,2023,401307526,1,19,0,18,19,3,7,0,0,0,0,0,0,0,1,1,1,1,2,55,8,2998,2,6,IVECO DAILY,8,E01016549,0,-1
2023501343412,2023,501343412,2,90,0,18,19,7,3,0,0,0,1,10,1,10,1,1,5,6,1,31,6,2300,2,18,-1,4,E01026697,0,-1
2023201381968,2023,201381968,1,19,0,7,7,3,6,0,0,3,0,0,0,0,1,1,6,6,1,-1,-1,2287,2,6,IVECO DAILY,-1,-1,0,-1
2023461289687,2023,461289687,1,19,0,18,19,3,7,0,0,1,0,0,0,0,4,1,6,6,1,26,6,2287,2,16,IVECO DAILY,8,E01024004,0,-1
2023131344833,2023,131344833,2,19,0,16,19,1,5,0,0,8,0,0,0,0,4,1,1,1,1,50,8,2287,2,1,IVECO DAILY,1,E01012284,0,-1
2023440495519,2023,440495519,1,19,0,7,7,7,1,0,0,3,1,11,7,1,1,1,6,6,1,32,6,2287,2,16,IVECO DAILY,7,E01023203,0,-1
2023411390124,2023,411390124,1,19,0,18,19,-1,-1,0,0,0,0,0,0,0,1,1,6,6,1,-1,-1,2287,2,0,IVECO DAILY,-1,-1,0,-1
2023451272822,2023,451272822,2,19,0,4,4,5,1,0,0,4,0,0,0,0,1,1,1,1,1,62,9,2998,2,7,IVECO DAILY,7,E01030502,0,-1
2023010438517,2023,010438517,2,20,0,99,99,9,9,99,99,9,9,99,9,99,9,9,6,6,1,34,6,2287,2,2,IVECO DAILY,4,E01001153,0,-1
2023201402847,2023,201402847,1,19,4,18,19,6,3,0,0,2,0,0,0,0,0,1,1,1,1,-1,-1,2287,2,7,IVECO DAILY,7,E01010518,0,-1
2023421318405,2023,421318405,1,19,0,18,19,3,7,0,0,0,0,0,0,0,1,1,6,6,3,-1,-1,2998,2,17,IVECO DAILY,-1,-1,0,-1
2023461325344,2023,461325344,2,19,0,18,19,3,7,0,0,0,0,0,0,0,1,1,6,6,1,37,7,2287,2,14,IVECO DAILY,1,E01024390,0,-1
2023991292491,2023,991292491,1,19,0,18,19,3,7,0,0,0,0,0,0,0,4,1,1,1,1,24,5,2287,2,2,IVECO DAILY,-1,-1,0,-1
2023552301441,2023,552301441,1,20,4,18,19,8,4,0,0,8,0,0,0,0,3,1,6,6,3,-1,-1,2998,2,1,IVECO DAILY,-1,-1,0,-1
2023211324644,2023,211324644,1,19,0,13,13,3,7,0,0,0,2,0,0,0,3,1,6,6,1,-1,-1,2287,2,10,IVECO DAILY,-1,-1,0,-1
2023461295869,2023,461295869,2,19,0,13,13,7,3,0,0,0,0,0,0,0,1,1,6,6,1,23,5,2998,2,12,IVECO DAILY,5,E01001556,0,-1
2023052300673,2023,052300673,1,19,0,12,12,7,3,0,0,0,0,0,0,0,2,1,6,6,1,-1,-1,2998,2,10,IVECO DAILY,-1,-1,0,-1
2023070751532,2023,070751532,2,20,0,4,4,1,5,0,0,0,0,0,0,0,0,1,1,1,1,61,9,2998,2,2,IVECO DAILY,5,-1,0,-1
2023411281227,2023,411281227,2,19,0,18,19,8,4,0,0,0,0,0,0,0,1,1,2,2,1,37,7,2287,2,5,IVECO DAILY,3,E01023958,0,-1
2023010461074,2023,010461074,1,19,0,14,14,1,5,0,0,0,0,0,0,0,4,1,1,1,1,62,9,11120,2,4,IVECO DAILY,3,E01004022,0,-1
2023201383412,2023,201383412,2,19,0,18,19,3,7,0,0,1,0,0,0,0,4,1,6,6,1,38,7,2287,2,4,IVECO DAILY,2,E01010093,0,-1
2023545170423,2023,545170423,2,19,0,4,4,5,1,0,0,0,0,0,0,0,2,1,1,1,1,24,5,2287,2,7,IVECO DAILY,5,E01022420,0,-1
2023461354810,2023,461354810,1,19,0,3,3,3,7,0,0,8,0,0,0,0,1,1,1,1,1,33,6,2287,2,15,IVECO DAILY,3,E01021326,0,-1
2023302301156,2023,302301156,1,19,0,18,19,2,6,0,0,0,0,0,0,0,1,1,6,6,1,-1,-1,2287,2,0,IVECO DAILY,-1,-1,0,-1
2023991346979,2023,991346979,1,19,0,18,19,1,5,0,0,0,0,0,0,0,1,1,2,2,1,28,6,2287,2,7,IVECO DAILY,-1,-1,0,-1
2023010423571,2023,010423571,4,19,0,18,19,3,7,0,0,1,0,0,0,0,2,1,1,1,1,65,9,2998,2,3,IVECO DAILY,7,E01024141,0,-1
2023440279833,2023,440279833,2,21,1,9,9,6,4,0,0,8,0,0,0,0,3,1,1,1,1,38,7,-1,-1,-1,-1,10,E01022504,0,-1
2023041344604,2023,041344604,1,19,0,18,19,5,1,0,0,1,0,0,0,0,1,1,1,1,1,51,8,2998,2,2,IVECO DAILY,1,E01004839,0,-1
2023371296845,2023,371296845,1,19,0,18,19,5,1,0,0,0,0,0,0,0,0,1,1,1,1,63,9,2287,2,1,IVECO DAILY,3,E01027317,0,-1
2023545837123,2023,545837123,3,19,0,13,13,7,3,0,0,0,1,0,0,0,1,1,1,1,1,31,6,2998,2,0,IVECO DAILY,3,E01014572,0,-1
2023471271620,2023,471271620,2,19,0,4,4,4,8,0,0,0,0,0,0,0,2,1,1,1,1,62,9,2287,2,3,IVECO DAILY,9,E01024297,0,-1
2023010438158,2023,010438158,2,19,9,99,99,9,9,99,99,9,9,99,9,99,1,9,6,6,3,-1,-1,2287,2,5,IVECO DAILY,2,E01003346,0,-1
2023351280065,2023,351280065,1,19,0,18,19,5,1,0,0,1,0,0,0,0,1,1,1,1,1,47,8,2287,2,1,IVECO DAILY,3,E01009783,0,-1
2023461286204,2023,461286204,1,19,0,10,10,8,4,0,0,0,0,0,0,0,1,1,1,1,1,62,9,2998,2,6,IVECO DAILY,3,E01024396,0,-1
2023340WN5822,2023,340WN5822,1,20,0,5,5,8,4,0,0,6,0,0,0,0,1,1,1,1,1,30,6,2287,2,2,IVECO DAILY,2,E01027248,0,-1
2023461300767,2023,461300767,1,19,0,13,13,6,2,0,0,0,0,0,0,0,2,1,1,1,1,62,9,2287,2,3,IVECO DAILY,4,E01032409,0,-1
2023440036107,2023,440036107,1,19,0,17,19,3,1,0,0,8,0,0,0,0,1,1,1,1,1,55,8,2998,2,6,IVECO DAILY,6,E01033239,0,-1
2023531365784,2023,531365784,2,19,0,2,2,0,0,9,9,0,0,0,0,0,2,1,6,6,3,-1,-1,2287,2,5,IVECO DAILY,-1,-1,0,-1
2023010465304,2023,010465304,1,20,9,99,99,9,9,99,99,9,9,99,9,99,9,9,6,6,1,59,9,2998,2,6,IVECO DAILY,7,E01002222,0,-1
2023991266445,2023,991266445,1,19,0,18,19,2,6,0,0,0,0,0,0,0,1,1,1,1,1,20,4,2287,2,3,IVECO DAILY,1,E01006239,0,-1
2023501327423,2023,501327423,1,19,0,16,19,2,6,0,0,0,1,0,0,0,1,1,1,1,1,22,5,2287,2,0,IVECO DAILY,-1,-1,0,-1
2023010435656,2023,010435656,3,19,0,11,11,7,3,0,0,0,0,0,0,0,1,1,1,1,1,35,6,2287,2,0,IVECO DAILY,10,E01023459,0,-1
2023311391941,2023,311391941,1,20,0,18,19,2,6,0,0,1,0,7,0,0,1,1,5,6,3,-1,-1,2287,2,8,IVECO DAILY,-1,-1,0,-1
2023141331507,2023,141331507,2,19,0,13,13,3,7,0,0,1,0,0,0,0,4,1,2,2,1,33,6,2287,2,8,IVECO DAILY,7,E01007798,0,-1
2023010424884,2023,010424884,1,19,0,1,1,3,7,0,0,0,0,0,0,0,2,1,1,1,1,55,8,2287,2,6,IVECO DAILY,2,E01000030,0,-1
2023010484837,2023,010484837,1,20,0,5,5,5,1,0,0,1,0,0,0,0,4,1,6,6,2,29,6,-1,-1,-1,IVECO DAILY,-1,-1,0,-1
2023361265168,2023,361265168,5,19,0,18,19,3,7,0,0,0,0,0,0,0,1,1,6,6,1,37,7,2998,2,1,IVECO DAILY,3,E01026717,0,-1