collision_index,collision_year,collision_ref_no,vehicle_reference,vehicle_type,towing_and_articulation,vehicle_manoeuvre_historic,vehicle_manoeuvre,vehicle_direction_from,vehicle_direction_to,vehicle_location_restricted_lane_historic,vehicle_location_restricted_lane,junction_location,skidding_and_overturning,hit_object_in_carriageway,vehicle_leaving_carriageway,hit_object_off_carriageway,first_point_of_impact,vehicle_left_hand_drive,journey_purpose_of_driver_historic,journey_purpose_of_driver,sex_of_driver,age_of_driver,age_band_of_driver,engine_capacity_cc,propulsion_code,age_of_vehicle,generic_make_model,driver_imd_decile,lsoa_of_driver,escooter_flag,driver_distance_banding
2023340NN1302,2023,340NN1302,1,9,0,18,19,6,2,0,0,2,0,0,0,0,4,1,6,6,1,44,7,1498,1,5,SKODA KAROQ,3,E01027058,0,-1
2023141289226,2023,141289226,3,9,0,18,19,2,6,0,0,1,0,0,0,0,1,1,1,1,1,39,7,1598,2,4,SKODA KAROQ,1,E01007869,0,-1
2023351303473,2023,351303473,1,9,0,18,19,7,3,0,0,2,0,0,0,0,1,1,6,6,1,69,10,1498,1,3,SKODA KAROQ,8,E01018206,0,-1
2023461375789,2023,461375789,1,9,0,14,14,4,4,0,0,0,0,0,0,0,1,1,6,6,2,38,7,999,1,0,SKODA KAROQ,3,E01016098,0,-1
2023351383404,2023,351383404,1,9,0,8,8,5,1,0,0,0,0,0,0,0,1,1,5,6,1,69,10,1598,2,4,SKODA KAROQ,4,E01015618,0,-1
2023041366645,2023,041366645,2,9,0,18,19,2,6,0,0,0,0,0,0,0,1,1,5,6,2,47,8,1498,1,1,SKODA KAROQ,8,E01025280,0,-1
2023131312206,2023,131312206,2,9,0,4,4,3,7,0,0,0,0,0,0,0,2,1,6,6,2,32,6,1498,1,1,SKODA KAROQ,7,E01032490,0,-1
2023041332828,2023,041332828,1,9,0,9,9,1,4,0,0,6,0,0,0,0,1,1,5,6,2,73,10,1498,1,1,SKODA KAROQ,5,E01025479,0,-1
2023031264390,2023,031264390,4,9,0,18,19,1,1,0,0,0,0,0,0,0,1,1,6,6,1,70,10,1498,1,1,SKODA KAROQ,-1,-1,0,-1
2023471332668,2023,471332668,1,9,0,13,13,2,6,0,0,0,0,0,0,0,4,1,5,6,1,79,11,1498,1,4,SKODA KAROQ,7,E01003789,0,-1
2023010484063,2023,010484063,2,9,0,18,19,5,1,0,0,0,0,0,0,0,1,1,3,7,2,60,9,1498,1,4,SKODA KAROQ,-1,-1,0,-1
2023010467538,2023,010467538,2,9,0,99,99,9,9,99,99,0,9,99,9,99,9,9,6,6,3,-1,-1,1598,2,5,SKODA KAROQ,-1,-1,0,-1
2023421305434,2023,421305434,1,9,0,18,19,7,1,0,0,6,0,0,0,0,1,1,6,6,2,37,7,999,1,3,SKODA KAROQ,8,E01022089,0,-1
2023411360058,2023,411360058,1,9,0,5,5,3,7,0,0,4,0,0,0,0,1,1,6,6,2,31,6,999,1,5,SKODA KAROQ,4,E01023395,0,-1
2023311343309,2023,311343309,2,9,0,9,9,1,7,0,0,5,0,0,0,0,3,1,1,1,1,51,8,1498,1,1,SKODA KAROQ,-1,-1,0,-1
2023351377472,2023,351377472,1,9,0,3,3,7,3,0,0,4,0,0,0,0,3,1,2,2,1,62,9,1498,1,3,SKODA KAROQ,4,E01026728,0,-1
2023311344252,2023,311344252,3,9,0,18,19,5,1,0,0,0,0,0,0,0,0,1,6,6,1,54,8,1498,1,1,SKODA KAROQ,2,E01013899,0,-1
2023101376789,2023,101376789,1,9,0,18,19,7,4,0,0,0,0,0,0,0,1,1,5,6,2,47,8,1498,1,0,SKODA KAROQ,9,E01020634,0,-1
2023371316740,2023,371316740,2,9,0,9,9,3,7,0,0,8,0,0,0,0,3,1,5,6,1,41,7,1498,1,2,SKODA KAROQ,1,E01030018,0,-1
2023170H10163,2023,170H10163,1,9,0,9,9,5,3,0,0,8,0,0,0,0,1,1,6,6,1,67,10,999,1,1,SKODA KAROQ,6,E01012242,0,-1
2023010481734,2023,010481734,1,9,0,99,99,9,9,99,99,9,9,99,9,99,2,9,6,6,1,29,6,1498,1,5,SKODA KAROQ,6,E01033742,0,-1
2023061330635,2023,061330635,2,9,0,7,7,1,6,0,0,0,0,0,0,0,2,1,6,6,2,26,6,1498,1,1,SKODA KAROQ,3,E01005524,0,-1
2023991286124,2023,991286124,1,9,0,3,3,3,1,0,0,0,0,0,0,0,1,1,6,6,1,36,7,1498,1,2,SKODA KAROQ,7,-1,0,-1
2023010454778,2023,010454778,2,9,0,99,99,9,9,99,99,9,9,99,9,99,1,9,6,6,3,37,7,1498,1,4,SKODA KAROQ,2,E01003194,0,-1
2023351284100,2023,351284100,1,9,0,18,19,4,8,0,0,1,0,0,0,0,1,1,6,6,2,24,5,1498,1,4,SKODA KAROQ,4,E01033178,0,-1
2023010421498,2023,010421498,2,9,0,18,19,7,3,0,0,2,0,0,0,0,1,1,6,6,2,73,10,1498,1,5,SKODA KAROQ,8,E01001470,0,-1
2023522400080,2023,522400080,1,9,0,17,19,1,7,0,0,8,0,0,0,0,3,1,6,6,2,64,9,1498,1,2,SKODA KAROQ,10,E01014980,0,-1
2023131267576,2023,131267576,2,9,0,18,19,3,7,0,0,0,0,0,0,0,1,1,5,6,1,36,7,1498,1,2,SKODA KAROQ,9,E01025501,0,-1
2023010482329,2023,010482329,1,9,0,99,99,9,9,99,99,9,9,99,9,99,9,9,1,1,1,49,8,1498,1,5,SKODA KAROQ,8,E01001541,0,-1
2023070751481,2023,070751481,1,9,0,18,19,6,2,0,0,1,0,0,0,0,1,1,6,6,2,-1,-1,1498,1,2,SKODA KAROQ,-1,-1,0,-1
2023351317685,2023,351317685,1,9,0,9,9,7,4,0,0,8,1,12,7,1,4,1,2,2,1,41,7,1498,1,0,SKODA KAROQ,6,E01018207,0,-1
2023549665323,2023,549665323,1,9,0,18,19,8,4,0,0,4,0,0,0,0,1,1,6,6,3,-1,-1,1498,1,1,SKODA KAROQ,-1,-1,0,-1
2023010452482,2023,010452482,1,9,0,18,19,1,5,0,0,0,0,0,0,0,2,1,6,6,1,76,11,1498,1,4,SKODA KAROQ,6,E01002789,0,-1
2023141383934,2023,141383934,1,9,0,18,19,2,6,0,0,1,0,0,0,0,2,1,6,6,2,54,8,999,1,2,SKODA KAROQ,8,E01007983,0,-1
2023101338189,2023,101338189,2,9,0,18,19,1,5,0,0,2,0,0,0,0,0,1,5,6,2,64,9,1498,1,3,SKODA KAROQ,5,E01027441,0,-1
2023111375287,2023,111375287,2,9,0,2,2,0,0,0,0,0,0,0,0,0,2,1,6,6,3,-1,-1,1498,1,5,SKODA KAROQ,-1,-1,0,-1
2023211344661,2023,211344661,1,9,0,5,5,8,5,0,0,0,0,0,0,0,1,1,5,6,1,68,10,1968,2,3,SKODA KAROQ,-1,-1,0,-1
2023522400776,2023,522400776,2,9,0,18,19,3,7,0,0,8,0,0,0,0,1,1,6,6,2,43,7,1498,1,3,SKODA KAROQ,10,E01031948,0,-1
2023451361650,2023,451361650,1,9,0,18,19,1,5,0,0,0,5,4,0,0,1,1,5,6,1,76,11,1498,1,5,SKODA KAROQ,9,E01030421,0,-1
2023430542678,2023,430542678,1,9,0,18,19,6,2,0,0,6,0,0,0,0,1,1,6,6,2,47,8,1498,1,4,SKODA KAROQ,10,E01028667,0,-1
2023010477367,2023,010477367,1,9,0,9,9,6,4,0,0,1,0,0,0,0,1,1,6,6,2,34,6,999,1,5,SKODA KAROQ,10,E01001124,0,-1
2023131303056,2023,131303056,1,9,0,9,9,5,2,0,0,8,0,0,0,0,1,1,5,6,1,70,10,1498,1,5,SKODA KAROQ,7,E01011053,0,-1
2023430204951,2023,430204951,1,9,0,18,19,3,1,0,0,5,0,0,0,0,3,1,6,6,1,69,10,1498,1,2,SKODA KAROQ,9,E01017693,0,-1
2023501371031,2023,501371031,2,9,0,3,3,7,3,0,0,0,0,0,0,0,2,1,5,6,1,63,9,1984,1,0,SKODA KAROQ,4,E01018892,0,-1
2023010430441,2023,010430441,1,9,0,7,7,3,5,0,0,6,0,0,0,0,3,1,6,6,1,48,8,999,1,5,SKODA KAROQ,3,E01001287,0,-1
2023552301357,2023,552301357,2,8,0,7,7,4,6,0,0,8,0,0,0,0,3,1,1,1,1,53,8,1498,1,2,-1,3,E01015294,0,-1
2023141345178,2023,141345178,1,9,0,18,19,4,8,0,0,0,0,4,0,0,1,1,5,6,1,71,10,999,1,5,SKODA KAROQ,6,E01007912,0,-1
2023991312531,2023,991312531,2,9,0,18,19,1,5,0,0,1,0,0,0,0,1,1,6,6,1,70,10,1498,1,0,SKODA KAROQ,6,-1,0,-1
2023041377343,2023,041377343,1,9,0,18,19,6,2,0,0,0,0,0,0,0,1,1,5,6,2,62,9,1498,1,1,SKODA KAROQ,5,E01025235,0,-1
2023631379698,2023,631379698,1,9,0,18,19,7,3,0,0,0,0,0,0,0,2,1,5,6,1,80,11,1598,2,4,SKODA KAROQ,6,W01001389,0,-1
2023991265727,2023,991265727,1,9,0,17,19,7,4,0,0,0,1,0,1,1,1,1,5,6,1,53,8,1598,2,5,SKODA KAROQ,5,-1,0,-1
2023471305788,2023,471305788,2,9,0,4,4,3,7,0,0,0,0,0,0,0,2,1,5,6,2,40,7,1498,1,2,SKODA KAROQ,10,E01031380,0,-1
2023501444190,2023,501444190,1,9,0,17,19,3,7,0,0,1,0,7,1,1,1,1,5,6,1,86,11,1498,1,4,SKODA KAROQ,3,E01018958,0,-1
2023451294617,2023,451294617,1,9,0,18,19,1,5,0,0,0,0,0,0,0,1,1,5,6,1,53,8,1498,1,5,SKODA KAROQ,10,E01030807,0,-1
2023010454966,2023,010454966,2,9,0,99,99,9,9,99,99,9,9,99,9,99,1,9,6,6,3,75,10,1498,1,2,SKODA KAROQ,6,E01002822,0,-1
2023430443257,2023,430443257,1,9,0,18,19,6,2,0,0,6,0,0,0,0,1,1,3,7,2,45,7,1498,1,2,SKODA KAROQ,10,E01032761,0,-1
2023101294648,2023,101294648,1,9,0,18,19,3,7,0,0,0,0,0,0,0,3,1,1,1,1,72,10,1498,1,0,SKODA KAROQ,10,E01027464,0,-1
2023411287396,2023,411287396,1,9,0,18,19,1,5,0,0,0,0,0,0,0,3,1,5,6,1,21,5,1498,1,4,SKODA KAROQ,8,E01003710,0,-1
2023520301031,2023,520301031,1,9,0,18,19,6,2,0,0,0,0,0,0,0,3,1,6,6,1,64,9,1498,1,5,SKODA KAROQ,4,E01029119,0,-1
2023430234294,2023,430234294,1,9,0,9,9,6,5,0,0,6,0,0,0,0,1,1,6,6,1,77,11,1498,1,5,SKODA KAROQ,7,E01016305,0,-1
2023332300899,2023,332300899,1,9,0,3,3,3,7,0,0,1,0,0,0,0,2,1,3,7,2,44,7,1498,1,0,SKODA KAROQ,9,E01025712,0,-1
2023131362090,2023,131362090,1,9,0,5,5,5,1,0,0,8,0,0,0,0,1,1,6,6,2,37,7,1498,1,2,SKODA KAROQ,2,E01010792,0,-1
2023991327400,2023,991327400,1,9,0,6,6,5,1,0,0,8,0,0,0,0,1,1,5,6,1,78,11,1498,1,3,SKODA KAROQ,-1,-1,0,-1
2023411351272,2023,411351272,2,9,0,7,7,3,5,0,0,4,0,0,0,0,4,1,2,2,2,48,8,1498,1,3,SKODA KAROQ,10,E01002155,0,-1
2023010456228,2023,010456228,1,9,0,9,9,3,1,0,0,1,0,0,0,0,1,1,6,6,1,62,9,1498,1,3,SKODA KAROQ,10,E01027464,0,-1
2023031387451,2023,031387451,1,9,0,13,13,2,5,0,0,1,0,0,0,0,1,1,1,1,2,29,6,1968,2,5,SKODA KAROQ,6,E01019189,0,-1
2023041279446,2023,041279446,1,9,0,6,6,8,4,0,0,1,0,0,7,10,1,1,6,6,1,68,10,1498,1,4,SKODA KAROQ,8,E01025416,0,-1
2023541894123,2023,541894123,3,9,0,2,2,0,0,0,0,0,0,0,0,0,2,1,6,6,1,-1,-1,1598,2,5,SKODA KAROQ,-1,-1,0,-1
2023549283123,2023,549283123,2,9,0,5,5,1,7,0,0,8,0,0,0,0,1,1,6,6,2,37,7,1498,1,4,SKODA KAROQ,8,E01015536,0,-1
2023622300777,2023,622300777,1,8,0,18,19,6,2,0,0,1,0,0,0,0,4,1,6,6,1,26,6,999,1,3,-1,1,W01000631,0,-1
2023991343464,2023,991343464,1,9,0,12,12,7,3,0,0,0,0,0,0,0,1,1,5,6,1,35,6,999,1,2,SKODA KAROQ,1,-1,0,-1
2023622300292,2023,622300292,1,9,0,18,19,8,4,0,0,0,0,0,0,0,1,1,6,6,1,33,6,1498,1,2,SKODA KAROQ,1,W01001203,0,-1
2023161341274,2023,161341274,2,9,0,4,4,5,1,0,0,1,0,0,0,0,2,1,5,6,1,40,7,1598,2,5,SKODA KAROQ,7,E01017329,0,-1
2023122300674,2023,122300674,2,9,0,13,13,7,3,0,0,0,0,0,0,0,4,1,6,6,2,60,9,1498,1,1,SKODA KAROQ,9,E01027921,0,-1
2023340NN2522,2023,340NN2522,3,9,0,18,19,7,3,0,0,0,0,0,0,0,1,1,3,7,1,45,7,1498,1,1,SKODA KAROQ,6,E01026953,0,-1
2023201316186,2023,201316186,1,9,0,18,19,2,6,0,0,4,0,0,0,0,3,1,6,6,2,28,6,1498,1,1,SKODA KAROQ,2,E01009121,0,-1
2023320688079,2023,320688079,2,9,0,18,19,6,2,0,0,8,0,0,0,0,1,1,1,1,1,51,8,1498,1,3,SKODA KAROQ,3,E01026017,0,-1
2023531294434,2023,531294434,1,9,0,12,12,5,1,0,0,0,1,0,0,0,1,1,5,6,1,72,10,1984,1,1,SKODA KAROQ,4,E01020292,0,-1
2023141373659,2023,141373659,2,9,0,9,9,5,1,0,0,5,0,0,1,0,1,1,2,2,1,62,9,1498,1,0,SKODA KAROQ,3,E01028056,0,-1
2023991347357,2023,991347357,1,9,0,4,4,6,2,0,0,1,0,0,0,0,2,1,6,6,1,26,6,1498,1,2,SKODA KAROQ,4,-1,0,-1
2023010425665,2023,010425665,2,9,0,99,99,9,9,99,99,9,9,99,9,99,9,9,6,6,2,58,9,1498,1,3,SKODA KAROQ,9,E01001992,0,-1
2023421384568,2023,421384568,1,9,0,9,9,5,3,0,0,8,0,0,0,0,1,1,2,2,2,51,8,1498,1,0,SKODA KAROQ,4,E01015872,0,-1
2023131305267,2023,131305267,1,9,0,-1,-1,-1,-1,-1,-1,-1,-1,-1,-1,-1,-1,1,6,6,3,99,11,1498,1,5,SKODA KAROQ,-1,-1,0,-1
2023131305881,2023,131305881,1,9,0,18,19,3,7,0,0,8,0,0,0,0,1,1,6,6,2,58,9,1498,1,1,SKODA KAROQ,6,E01010883,0,-1
2023471296734,2023,471296734,1,9,0,9,9,4,2,0,0,6,0,0,0,0,3,1,6,6,1,24,5,1598,2,5,SKODA KAROQ,10,E01031621,0,-1
2023070893934,2023,070893934,1,9,0,4,4,3,7,0,0,1,0,0,0,0,1,1,6,6,1,-1,-1,1598,2,5,SKODA KAROQ,7,E01012467,0,-1
2023041316048,2023,041316048,4,9,0,3,3,1,5,0,0,0,0,0,0,0,3,1,5,6,1,47,8,1598,2,5,SKODA KAROQ,8,E01025420,0,-1
2023371375259,2023,371375259,2,9,0,18,19,3,7,0,0,1,0,0,0,0,1,1,5,6,1,54,8,1968,2,4,SKODA KAROQ,9,E01032611,0,-1
2023430201795,2023,430201795,1,9,0,9,9,4,2,0,0,5,0,0,0,0,3,1,6,6,2,65,9,1984,1,4,SKODA KAROQ,7,E01016205,0,-1
2023131261279,2023,131261279,3,9,0,18,19,7,5,0,0,1,0,0,0,0,0,1,6,6,2,55,8,1968,2,1,SKODA KAROQ,10,E01011377,0,-1
2023211351944,2023,211351944,3,9,-1,-1,-1,-1,-1,-1,-1,0,-1,-1,-1,0,-1,1,6,6,1,55,8,1498,1,0,SKODA KAROQ,6,E01019146,0,-1
2023052302622,2023,052302622,3,9,0,18,19,5,1,0,0,0,0,0,0,0,2,1,6,6,3,-1,-1,1498,1,1,SKODA KAROQ,-1,-1,0,-1
2023421263155,2023,421263155,2,9,0,18,19,3,7,0,0,0,0,0,0,0,2,1,5,6,1,57,9,1968,2,1,SKODA KAROQ,3,E01015825,0,-1
2023122300612,2023,122300612,2,9,0,17,19,1,5,0,0,0,0,0,0,0,1,1,6,6,2,51,8,1968,2,3,SKODA KAROQ,6,E01027701,0,-1
2023302300121,2023,302300121,3,9,0,4,4,8,4,0,0,0,0,0,0,0,1,1,6,6,1,77,11,1498,1,3,SKODA KAROQ,10,E01019794,0,-1
2023332300609,2023,332300609,1,9,0,18,19,7,3,0,0,0,0,0,0,0,1,1,6,6,1,34,6,1598,2,5,SKODA KAROQ,9,E01025633,0,-1
2023010479434,2023,010479434,1,9,3,12,12,3,7,0,0,1,0,0,0,0,1,1,6,6,1,28,6,1968,2,0,SKODA KAROQ,2,E01003523,0,-1
2023991312128,2023,991312128,1,9,0,18,19,8,4,0,0,0,0,0,0,0,1,1,5,6,2,71,10,1598,2,4,SKODA KAROQ,8,-1,0,-1
2023340NN9032,2023,340NN9032,3,9,0,18,19,5,1,0,0,0,0,0,0,0,0,1,6,6,1,40,7,1984,1,4,SKODA KAROQ,6,E01027057,0,-1
2023451302264,2023,451302264,2,9,0,18,19,8,4,0,0,0,0,0,0,0,3,1,5,6,1,37,7,999,1,2,SKODA KAROQ,10,E01024825,0,-1
2023010474573,2023,010474573,2,9,0,5,5,3,7,0,0,6,0,0,0,0,1,1,6,6,1,26,6,1598,2,5,SKODA KAROQ,-1,-1,0,-1
2023451376250,2023,451376250,2,9,0,5,5,1,1,0,0,0,0,0,0,0,1,1,6,6,2,30,6,1968,2,4,SKODA KAROQ,-1,-1,0,-1
2023440389559,2023,440389559,1,9,0,2,2,2,6,0,0,0,0,8,0,0,4,1,6,6,3,-1,-1,1498,1,2,SKODA KAROQ,-1,-1,0,-1
2023141286262,2023,141286262,1,9,0,18,19,8,5,0,0,0,0,0,0,0,3,1,6,6,1,21,5,1986,1,12,TOYOTA RAV4,3,E01007680,0,-1
2023401343791,2023,401343791,1,9,0,7,7,1,5,0,0,5,0,7,2,7,2,1,6,6,2,49,8,2487,8,1,TOYOTA RAV4,6,E01023722,0,-1
2023311278384,2023,311278384,1,9,0,18,19,4,8,0,0,1,0,0,0,0,3,1,6,6,3,-1,-1,2487,8,3,TOYOTA RAV4,-1,-1,0,-1
2023131318433,2023,131318433,1,9,0,9,9,4,2,0,0,8,0,0,0,0,1,1,5,6,1,31,6,1998,1,18,TOYOTA RAV4,1,E01010828,0,-1
2023430053557,2023,430053557,2,9,0,18,19,5,1,0,0,0,0,0,0,0,1,1,6,6,2,39,7,2494,8,5,TOYOTA RAV4,10,E01028476,0,-1
2023010463755,2023,010463755,1,9,0,9,9,3,1,0,0,5,0,0,0,0,3,1,6,6,2,33,6,1998,1,18,TOYOTA RAV4,7,E01001580,0,-1
2023131269413,2023,131269413,1,9,0,9,9,1,5,0,0,8,0,0,0,0,1,1,6,6,2,32,6,2231,2,15,TOYOTA RAV4,6,E01010857,0,-1
2023201405904,2023,201405904,2,9,0,3,3,3,7,0,0,1,0,0,0,0,2,1,6,6,1,41,7,1998,2,8,TOYOTA RAV4,8,E01031655,0,-1
2023010424261,2023,010424261,1,9,0,99,99,9,9,99,99,0,9,99,9,99,9,9,2,2,1,54,8,2494,8,6,TOYOTA RAV4,1,E01004670,0,-1
202354B110023,2023,54B110023,2,9,0,18,19,3,7,0,0,1,0,0,0,0,1,1,6,6,2,74,10,2487,8,4,TOYOTA RAV4,9,E01032059,0,-1
2023471338404,2023,471338404,1,9,0,10,10,7,3,0,0,0,0,0,0,0,1,1,6,6,2,56,9,1998,1,18,TOYOTA RAV4,6,E01024425,0,-1
2023010437432,2023,010437432,1,9,0,99,99,9,9,99,99,9,9,99,9,99,2,9,6,6,2,38,7,2487,8,1,TOYOTA RAV4,6,E01002293,0,-1
2023201296175,2023,201296175,2,9,0,5,5,2,6,0,0,1,0,0,0,0,4,1,6,6,2,41,7,2494,8,6,TOYOTA RAV4,5,E01009791,0,-1
2023451294665,2023,451294665,1,9,0,18,19,6,2,0,0,0,2,0,0,0,3,1,5,6,1,36,7,1998,1,22,TOYOTA RAV4,8,E01030655,0,-1
2023010426092,2023,010426092,1,9,0,99,99,9,9,99,99,0,9,99,9,99,1,9,6,6,2,64,9,2487,8,1,TOYOTA RAV4,7,E01002366,0,-1
2023010469653,2023,010469653,1,9,0,99,99,9,9,99,99,9,9,99,9,99,9,9,6,6,3,-1,-1,2494,8,6,TOYOTA RAV4,4,E01001459,0,-1
2023440214775,2023,440214775,1,9,0,9,9,8,6,0,0,0,0,0,0,0,3,1,2,2,1,30,6,1995,2,19,TOYOTA RAV4,4,E01022723,0,-1
2023010474207,2023,010474207,2,9,0,18,19,2,6,0,0,1,0,0,0,0,1,1,6,6,2,57,9,2494,8,6,TOYOTA RAV4,3,E01000977,0,-1
2023471287608,2023,471287608,2,9,0,18,19,7,3,0,0,1,0,0,0,0,1,1,5,6,1,71,10,2487,8,2,TOYOTA RAV4,-1,-1,0,-1
2023201291229,2023,201291229,2,9,0,11,11,4,6,0,0,5,0,0,0,0,1,1,6,6,1,82,11,1998,1,19,TOYOTA RAV4,5,E01009764,0,-1
2023501314050,2023,501314050,3,9,0,18,19,1,5,0,0,8,0,0,0,0,2,1,6,6,1,77,11,2231,2,10,TOYOTA RAV4,6,E01020056,0,-1
2023010441886,2023,010441886,1,9,0,1,1,5,1,9,9,1,0,0,0,0,2,1,1,1,1,60,9,2487,8,1,TOYOTA RAV4,7,E01000364,0,-1
2023031348071,2023,031348071,2,9,0,18,19,1,4,0,0,0,0,0,0,0,3,1,5,6,1,53,8,2231,2,13,TOYOTA RAV4,2,E01020689,0,-1
2023471283201,2023,471283201,2,9,0,4,4,4,8,0,0,0,0,0,0,0,2,1,5,6,2,32,6,2487,8,1,TOYOTA RAV4,4,E01021013,0,-1
2023610013323,2023,610013323,2,9,0,4,4,3,7,0,0,0,0,0,0,0,2,1,6,6,1,71,10,2487,8,2,TOYOTA RAV4,6,E01024034,0,-1
2023010422936,2023,010422936,1,9,0,15,15,1,5,0,0,1,1,4,1,1,1,1,6,6,3,-1,-1,1998,1,13,TOYOTA RAV4,-1,-1,0,-1
2023371355954,2023,371355954,2,9,0,2,2,1,1,0,0,1,0,0,0,0,0,1,6,6,3,-1,-1,1995,2,18,TOYOTA RAV4,-1,-1,0,-1
2023122400151,2023,122400151,1,9,0,18,19,7,3,0,0,4,0,0,0,0,1,1,6,6,1,66,10,2231,2,16,TOYOTA RAV4,5,E01011648,0,-1
2023522400079,2023,522400079,2,9,0,18,19,9,9,0,0,4,0,0,0,0,1,1,6,6,3,-1,-1,1998,1,20,TOYOTA RAV4,-1,-1,0,-1
2023010472575,2023,010472575,1,9,9,99,99,9,9,99,99,9,9,99,9,99,9,1,6,6,3,-1,-1,2494,8,5,TOYOTA RAV4,-1,-1,0,-1
2023141287078,2023,141287078,2,9,0,18,19,4,8,0,0,1,0,0,0,0,1,1,6,6,3,-1,-1,2231,2,9,TOYOTA RAV4,-1,-1,0,-1
2023201379270,2023,201379270,4,9,0,18,19,2,6,0,0,1,0,0,0,0,2,1,2,2,1,67,10,2494,8,7,TOYOTA RAV4,2,E01009754,0,-1
2023061376660,2023,061376660,3,9,-1,4,4,-1,-1,0,0,0,0,0,0,0,-1,1,6,6,3,55,8,2231,2,15,TOYOTA RAV4,-1,-1,0,-1
2023461383240,2023,461383240,2,9,0,18,19,7,3,0,0,8,0,0,0,0,3,1,5,6,1,76,11,1998,1,17,TOYOTA RAV4,3,E01016102,0,-1
2023131375348,2023,131375348,1,9,0,18,19,1,5,0,0,0,0,0,0,0,1,1,6,6,3,-1,-1,1794,1,21,TOYOTA RAV4,-1,-1,0,-1
2023010440293,2023,010440293,4,9,0,2,2,0,0,6,6,1,1,0,0,0,1,1,6,6,3,-1,-1,1998,1,17,TOYOTA RAV4,-1,-1,0,-1
2023311274949,2023,311274949,1,9,0,6,6,1,1,1,1,0,0,0,0,0,1,1,6,6,2,48,8,2494,8,6,TOYOTA RAV4,2,E01019285,0,-1
2023231279150,2023,231279150,2,9,0,4,4,5,1,0,0,0,0,0,0,0,4,1,2,2,1,52,8,2487,8,3,TOYOTA RAV4,8,E01031272,0,-1
2023131344674,2023,131344674,2,9,0,18,19,1,5,0,0,0,0,0,0,0,4,1,6,6,2,30,6,1998,2,8,TOYOTA RAV4,3,E01010662,0,-1
2023411353948,2023,411353948,2,9,0,18,19,4,8,0,0,0,1,0,1,11,1,1,6,6,1,57,9,2487,8,4,TOYOTA RAV4,5,E01023643,0,-1
2023010475480,2023,010475480,1,9,0,7,7,8,3,0,0,0,0,0,0,0,4,1,1,1,1,56,9,2487,8,3,TOYOTA RAV4,4,E01000471,0,-1
2023320271458,2023,320271458,1,9,0,18,19,6,2,0,0,0,0,0,0,0,4,1,6,6,3,-1,-1,2231,2,14,TOYOTA RAV4,-1,-1,0,-1
2023451262179,2023,451262179,1,9,0,10,10,5,1,0,0,1,0,0,0,0,2,1,3,7,1,43,7,2494,8,5,TOYOTA RAV4,9,E01030715,0,-1
2023031342040,2023,031342040,1,9,0,18,19,5,5,0,0,1,0,0,2,0,1,1,5,6,2,84,11,2231,2,10,TOYOTA RAV4,8,E01019322,0,-1
2023122300507,2023,122300507,1,9,0,18,19,1,5,0,0,8,0,0,0,0,1,1,6,6,2,69,10,1998,2,8,TOYOTA RAV4,8,E01027886,0,-1
2023430325544,2023,430325544,2,9,0,4,4,6,2,0,0,2,0,0,0,0,2,1,6,6,2,51,8,2494,8,7,TOYOTA RAV4,4,E01016809,0,-1
2023610019523,2023,610019523,1,9,0,9,9,7,5,0,0,6,0,0,0,11,1,1,6,6,2,83,11,2494,8,5,TOYOTA RAV4,7,W01000430,0,-1
2023991372400,2023,991372400,2,9,0,4,4,8,4,0,0,0,0,0,0,0,2,1,6,6,1,53,8,1998,2,8,TOYOTA RAV4,9,-1,0,-1
2023201413830,2023,201413830,1,9,0,5,5,3,7,0,0,1,0,0,0,0,1,1,6,6,1,24,5,2231,2,16,TOYOTA RAV4,2,E01010533,0,-1
2023501317136,2023,501317136,2,9,0,4,4,5,1,0,0,0,0,0,0,0,1,1,5,6,2,57,9,1998,1,16,TOYOTA RAV4,4,E01020289,0,-1
2023041275254,2023,041275254,2,9,0,2,2,0,0,9,9,1,0,4,0,0,4,1,6,6,3,-1,-1,2487,8,4,TOYOTA RAV4,-1,-1,0,-1
2023010440921,2023,010440921,2,9,0,99,99,9,9,99,99,0,9,99,9,99,9,9,6,6,1,-1,-1,2487,8,3,TOYOTA RAV4,6,E01015950,0,-1
2023320409587,2023,320409587,1,9,0,18,19,8,4,0,0,1,0,0,0,7,1,1,2,2,2,60,9,1998,1,19,TOYOTA RAV4,-1,-1,0,-1
2023440516876,2023,440516876,1,9,0,5,5,2,6,0,0,0,0,0,0,0,0,1,6,6,1,39,7,1998,2,9,TOYOTA RAV4,6,E01022690,0,-1
2023552300810,2023,552300810,2,9,0,2,2,0,0,0,0,0,0,0,0,0,2,1,6,6,3,-1,-1,1998,1,16,TOYOTA RAV4,-1,-1,0,-1
2023471344407,2023,471344407,1,9,0,18,19,5,1,0,0,1,0,0,0,0,1,1,5,6,1,37,7,2231,2,14,TOYOTA RAV4,4,E01020971,0,-1
2023201278819,2023,201278819,2,9,0,18,19,2,6,0,0,8,0,0,0,0,1,1,6,6,1,49,8,2494,8,6,TOYOTA RAV4,5,E01009616,0,-1
2023430271714,2023,430271714,3,9,0,18,19,-1,-1,0,0,0,0,0,0,0,1,1,6,6,2,73,10,2231,2,14,TOYOTA RAV4,7,E01017705,0,-1
2023440511580,2023,440511580,1,9,0,4,4,5,1,0,0,1,0,0,0,0,1,1,6,6,1,45,7,2231,2,12,TOYOTA RAV4,3,E01017089,0,-1
2023131362126,2023,131362126,1,9,0,9,9,5,1,4,4,8,5,0,0,0,4,1,2,2,1,62,9,2494,8,5,TOYOTA RAV4,5,E01011415,0,-1