collision_index,collision_year,collision_ref_no,vehicle_reference,vehicle_type,towing_and_articulation,vehicle_manoeuvre_historic,vehicle_manoeuvre,vehicle_direction_from,vehicle_direction_to,vehicle_location_restricted_lane_historic,vehicle_location_restricted_lane,junction_location,skidding_and_overturning,hit_object_in_carriageway,vehicle_leaving_carriageway,hit_object_off_carriageway,first_point_of_impact,vehicle_left_hand_drive,journey_purpose_of_driver_historic,journey_purpose_of_driver,sex_of_driver,age_of_driver,age_band_of_driver,engine_capacity_cc,propulsion_code,age_of_vehicle,generic_make_model,driver_imd_decile,lsoa_of_driver,escooter_flag,driver_distance_banding
2023361339138,2023,361339138,2,9,0,5,5,5,1,0,0,1,1,0,0,0,3,1,5,6,1,71,10,2231,2,9,TOYOTA RAV4,7,E01026528,0,-1
2023031390492,2023,031390492,2,9,0,4,4,4,8,0,0,1,0,0,0,0,1,1,6,6,2,54,8,2487,8,4,TOYOTA RAV4,6,E01019324,0,-1
202360A014185,2023,60A014185,3,9,0,4,4,1,5,0,0,5,0,0,0,0,0,1,6,6,2,70,10,2231,2,9,TOYOTA RAV4,-1,-1,0,-1
2023440113775,2023,440113775,1,9,0,9,9,4,2,0,0,8,0,0,0,0,4,1,6,6,2,79,11,1998,1,20,TOYOTA RAV4,7,E01022948,0,-1
2023531419815,2023,531419815,1,9,0,18,19,2,6,0,0,8,0,0,0,0,1,2,6,6,2,46,8,1998,1,17,TOYOTA RAV4,6,E01022410,0,-1
2023421376307,2023,421376307,2,9,0,2,2,5,4,0,0,0,1,0,1,0,1,1,5,6,1,42,7,2487,8,3,TOYOTA RAV4,-1,-1,0,-1
2023031345296,2023,031345296,1,9,0,7,7,7,3,0,0,0,0,0,0,0,1,1,5,6,1,32,6,2231,2,15,TOYOTA RAV4,1,E01019193,0,-1
2023010449187,2023,010449187,2,9,0,99,99,9,9,99,99,9,9,99,9,99,1,9,6,6,3,-1,-1,1998,1,16,TOYOTA RAV4,-1,-1,0,-1
2023991262698,2023,991262698,1,9,0,16,19,2,5,0,0,1,0,0,0,0,1,1,5,6,1,75,10,1995,2,7,TOYOTA RAV4,4,-1,0,-1
2023421282093,2023,421282093,1,9,0,18,19,8,4,0,0,1,0,0,0,0,1,1,6,6,1,-1,-1,1998,1,24,TOYOTA RAV4,-1,-1,0,-1
2023010482777,2023,010482777,2,9,0,18,19,5,1,0,0,3,0,0,0,0,1,1,6,6,1,49,8,1998,1,17,TOYOTA RAV4,8,E01030655,0,-1
2023461268102,2023,461268102,3,9,0,3,3,4,8,0,0,1,0,0,0,0,1,1,5,6,1,51,8,1995,2,6,TOYOTA RAV4,6,E01024021,0,-1
2023522400483,2023,522400483,1,9,0,18,19,6,2,0,0,0,0,0,0,0,1,1,6,6,1,30,6,2231,2,8,TOYOTA RAV4,-1,-1,0,-1
2023520401067,2023,520401067,2,9,0,18,19,3,7,0,0,1,0,0,0,0,1,1,6,6,1,56,9,2494,8,6,TOYOTA RAV4,4,E01029238,0,-1
2023201413931,2023,201413931,1,9,0,18,19,8,4,0,0,0,0,0,0,0,1,1,6,6,2,-1,-1,2487,8,2,TOYOTA RAV4,-1,-1,0,-1
2023201380583,2023,201380583,1,9,0,18,19,7,3,0,0,0,1,10,7,11,1,1,6,6,1,48,8,1995,2,19,TOYOTA RAV4,6,E01010211,0,-1
202363A003923,2023,63A003923,2,9,0,17,19,1,6,0,0,0,0,0,0,0,1,1,6,6,2,67,10,2487,8,1,TOYOTA RAV4,5,W01000728,0,-1
2023501308721,2023,501308721,3,9,0,18,19,1,5,0,0,0,0,0,0,0,2,1,6,6,2,58,9,2487,8,1,TOYOTA RAV4,5,E01015037,0,-1
2023010425655,2023,010425655,2,9,0,1,1,1,5,0,0,0,0,0,0,0,2,1,6,6,1,67,10,2494,8,7,TOYOTA RAV4,6,E01001284,0,-1
202363C015423,2023,63C015423,2,9,0,3,3,2,6,0,0,0,0,0,0,0,3,1,6,6,1,37,7,1998,2,9,TOYOTA RAV4,2,W01000638,0,-1
2023501265709,2023,501265709,1,9,0,16,19,5,1,0,0,0,5,0,0,0,1,1,6,6,1,35,6,1995,2,22,TOYOTA RAV4,-1,-1,0,-1
2023461357606,2023,461357606,1,9,0,9,9,2,6,0,0,8,0,0,0,0,1,1,1,1,2,29,6,1998,1,18,TOYOTA RAV4,8,E01024328,0,-1
2023991358086,2023,991358086,1,9,0,18,19,4,8,0,0,0,1,0,0,0,3,1,5,6,1,47,8,1995,2,18,TOYOTA RAV4,7,-1,0,-1
2023991317825,2023,991317825,2,9,0,18,19,4,7,0,0,1,0,0,0,0,1,1,5,6,1,39,7,2231,2,12,TOYOTA RAV4,8,-1,0,-1
2023010442358,2023,010442358,1,9,0,4,4,7,3,0,0,5,0,0,0,0,2,1,6,6,1,53,8,2494,8,6,TOYOTA RAV4,9,E01023227,0,-1
2023170H10093,2023,170H10093,1,9,0,18,19,1,5,0,0,8,0,0,0,0,1,1,6,6,1,71,10,1998,1,19,TOYOTA RAV4,2,E01011962,0,-1
2023501361641,2023,501361641,3,9,0,18,19,3,7,0,0,8,1,0,0,0,1,1,5,6,1,46,8,2487,8,4,TOYOTA RAV4,1,E01006731,0,-1
2023461333479,2023,461333479,3,9,0,3,3,8,4,0,0,8,0,0,0,0,0,1,5,6,2,67,10,1986,1,11,TOYOTA RAV4,4,E01024620,0,-1
2023411280837,2023,411280837,1,9,0,18,19,5,1,0,0,0,0,0,0,0,1,1,6,6,2,-1,-1,2487,8,1,TOYOTA RAV4,-1,-1,0,-1
2023622300904,2023,622300904,1,9,0,18,19,2,6,0,0,0,0,0,0,0,1,1,6,6,1,56,9,1330,1,4,-1,3,W01000925,0,-1
2023070405261,2023,070405261,2,5,0,18,19,5,1,0,0,0,0,0,0,0,1,1,6,6,1,67,10,-1,-1,-1,-1,3,E01018732,0,-1
2023010420397,2023,010420397,2,3,0,7,7,5,8,0,0,8,2,10,0,0,3,1,6,6,1,29,6,125,1,3,-1,5,E01033577,0,-1
2023501353894,2023,501353894,2,9,0,3,3,2,6,0,0,1,0,0,0,0,2,1,5,6,1,67,10,4585,1,16,-1,-1,-1,0,-1
2023010451548,2023,010451548,1,5,0,13,13,3,7,0,0,0,0,0,0,0,1,1,6,6,1,42,7,670,1,11,-1,5,E01024134,0,-1
2023010439120,2023,010439120,2,9,0,5,5,0,1,0,0,6,0,0,0,0,1,1,6,6,2,50,8,2143,2,7,-1,10,E01023117,0,-1
2023332300348,2023,332300348,3,9,0,2,2,0,0,0,0,2,0,0,0,0,1,1,6,6,3,-1,-1,1991,1,7,-1,-1,-1,0,-1
2023131375735,2023,131375735,2,9,0,18,19,5,1,0,0,0,0,0,0,0,1,1,5,6,1,77,11,1991,1,7,-1,7,E01010639,0,-1
2023461394620,2023,461394620,2,9,0,4,4,7,3,0,0,1,0,0,0,0,4,1,6,6,1,70,10,2143,2,8,-1,2,E01024294,0,-1
2023461354459,2023,461354459,3,9,0,2,2,0,0,0,0,0,0,0,0,0,3,1,6,6,1,-1,-1,2143,2,6,-1,-1,-1,0,-1
2023161358783,2023,161358783,1,9,0,3,3,1,5,0,0,0,0,0,0,0,2,1,5,6,1,54,8,2143,2,7,-1,1,E01012892,0,-1
2023501345323,2023,501345323,2,11,0,18,19,1,6,0,0,1,0,0,0,0,4,1,1,1,1,71,10,12902,2,2,-1,5,E01031203,0,-1
2023231307865,2023,231307865,1,21,1,18,19,3,7,0,0,1,0,0,0,0,1,1,1,1,1,32,6,-1,-1,-1,-1,1,E01033187,0,-1
2023101313060,2023,101313060,2,3,0,14,14,2,6,0,0,0,0,0,7,0,1,1,5,6,1,33,6,125,1,-1,-1,1,E01008345,0,-1
2023122300681,2023,122300681,1,5,0,18,19,7,3,0,0,0,0,0,0,0,0,1,6,6,1,54,8,799,1,4,-1,7,E01025130,0,-1
2023122300363,2023,122300363,2,5,0,13,13,1,4,0,0,3,0,0,0,0,4,1,6,6,1,57,9,799,1,2,-1,4,E01012240,0,-1
2023031322894,2023,031322894,1,5,0,4,4,7,8,0,0,0,0,0,0,0,1,1,5,6,2,53,8,799,1,4,-1,6,E01019338,0,-1
2023401306620,2023,401306620,1,5,0,11,11,1,5,0,0,0,0,11,1,0,1,1,5,6,1,61,9,799,1,2,-1,5,E01017418,0,-1
2023221303875,2023,221303875,1,3,0,18,19,3,7,0,0,8,0,0,0,0,1,1,6,6,1,21,5,124,1,11,-1,7,E01032344,0,-1
2023131348505,2023,131348505,2,3,0,7,7,5,1,0,0,0,1,0,0,0,1,1,6,6,1,17,4,124,1,8,-1,6,E01005523,0,-1
2023070441338,2023,070441338,1,4,0,18,19,7,3,0,0,0,0,0,0,0,1,1,2,2,1,31,6,124,1,9,-1,3,E01012522,0,-1
2023440486181,2023,440486181,1,3,0,7,7,1,3,0,0,8,0,0,0,0,0,1,6,6,1,20,4,124,1,7,-1,4,E01017081,0,-1
2023320203281,2023,320203281,2,3,0,18,19,4,8,0,0,8,5,0,0,0,1,1,6,6,1,27,6,124,1,10,-1,2,E01018063,0,-1
2023471269957,2023,471269957,2,2,0,5,5,5,3,0,0,2,0,0,0,0,1,1,1,1,2,25,5,50,1,1,-1,3,E01021090,0,-1
2023010462239,2023,010462239,1,2,0,18,19,7,3,0,0,1,0,0,0,0,4,1,2,2,1,47,8,50,1,3,-1,5,E01033734,0,-1
2023471323784,2023,471323784,2,9,0,18,19,3,7,0,0,1,0,0,0,0,4,1,5,6,1,49,8,-1,3,2,MERCEDES EQA CLASS,9,E01020939,0,-1
2023010476385,2023,010476385,1,9,0,18,19,3,7,0,0,6,0,0,0,0,1,1,6,6,2,44,7,-1,3,1,MERCEDES EQA CLASS,8,E01003710,0,-1
2023991392113,2023,991392113,1,9,0,18,19,5,1,0,0,1,0,0,0,0,1,1,6,6,1,45,7,-1,3,1,MERCEDES EQA CLASS,1,-1,0,-1
2023010463254,2023,010463254,3,9,0,3,3,3,7,0,0,1,0,0,0,0,2,1,6,6,2,29,6,-1,3,2,MERCEDES EQA CLASS,3,E01001701,0,-1
2023351263940,2023,351263940,1,9,0,18,19,7,3,0,0,2,0,0,0,0,3,1,2,2,1,51,8,-1,3,1,MERCEDES EQA CLASS,7,E01018011,0,-1
2023010439074,2023,010439074,2,9,0,6,6,3,3,0,0,2,0,0,0,0,3,1,2,2,1,52,8,-1,3,1,MERCEDES EQA CLASS,4,E01001015,0,-1
2023471366214,2023,471366214,1,9,0,18,19,3,7,0,0,0,0,0,0,0,1,1,5,6,2,31,6,-1,3,0,MERCEDES EQA CLASS,10,E01021228,0,-1
2023311275061,2023,311275061,1,9,0,18,19,4,8,0,0,4,0,0,0,0,2,1,6,6,1,59,9,-1,3,2,MERCEDES EQA CLASS,-1,-1,0,-1
2023101371872,2023,101371872,3,9,0,18,19,5,1,0,0,0,0,0,0,0,1,1,2,2,2,48,8,-1,3,0,MERCEDES EQA CLASS,8,E01008529,0,-1
2023010419784,2023,010419784,1,9,0,9,9,3,8,0,0,4,0,0,0,0,1,1,2,2,2,57,9,-1,3,1,MERCEDES EQA CLASS,-1,-1,0,-1
2023430003914,2023,430003914,2,9,0,3,3,4,8,0,0,1,0,0,0,0,2,1,6,6,2,59,9,-1,3,0,MERCEDES EQA CLASS,7,E01016740,0,-1
2023141268951,2023,141268951,1,9,0,18,19,5,1,0,0,1,0,0,0,0,1,1,6,6,3,-1,-1,-1,3,1,MERCEDES EQA CLASS,-1,-1,0,-1
2023010455791,2023,010455791,1,9,0,13,13,1,5,0,0,1,0,7,0,0,1,1,6,6,1,53,8,-1,3,1,MERCEDES EQA CLASS,-1,-1,0,-1
2023991268940,2023,991268940,3,9,0,10,10,3,1,0,0,1,0,0,0,0,1,1,1,1,1,59,9,-1,3,1,MERCEDES EQA CLASS,3,-1,0,-1
2023221369853,2023,221369853,1,9,0,9,9,2,8,0,0,6,0,0,0,0,1,1,2,2,2,32,6,-1,3,2,MERCEDES EQA CLASS,6,E01028857,0,-1
2023010428899,2023,010428899,1,9,0,4,4,5,1,0,0,1,0,0,0,0,1,1,6,6,2,48,8,-1,3,2,MERCEDES EQA CLASS,8,E01000136,0,-1
2023320616900,2023,320616900,2,9,0,18,19,4,8,0,0,1,0,0,0,0,1,1,1,1,2,44,7,-1,3,2,MERCEDES EQA CLASS,10,E01028359,0,-1
2023351390442,2023,351390442,2,9,0,18,19,1,5,0,0,1,0,0,0,0,1,1,6,6,1,35,6,-1,3,2,MERCEDES EQA CLASS,4,E01015630,0,-1
2023461279981,2023,461279981,3,9,0,18,19,3,7,0,0,1,0,0,0,0,1,1,6,6,2,60,9,-1,3,1,MERCEDES EQA CLASS,9,E01030438,0,-1
2023411394237,2023,411394237,1,9,0,18,19,3,7,0,0,0,1,0,0,0,1,1,6,6,1,33,6,-1,3,0,MERCEDES EQA CLASS,3,E01023613,0,-1
2023070194956,2023,070194956,1,9,0,9,9,8,5,0,0,1,0,0,0,0,4,1,6,6,1,74,10,-1,3,1,MERCEDES EQA CLASS,8,E01012555,0,-1
2023041368031,2023,041368031,1,9,0,18,19,1,5,0,0,1,0,0,0,0,3,1,6,6,2,35,6,-1,3,2,MERCEDES EQA CLASS,8,E01024939,0,-1
2023010464089,2023,010464089,1,9,0,18,19,1,5,0,0,6,0,0,0,0,1,1,6,6,1,47,8,-1,3,1,MERCEDES EQA CLASS,-1,-1,0,-1
2023061388559,2023,061388559,2,9,-1,-1,-1,-1,-1,-1,-1,0,-1,-1,-1,0,-1,1,6,6,2,45,7,-1,3,1,MERCEDES EQA CLASS,10,E01004807,0,-1
2023471349949,2023,471349949,3,9,0,2,2,0,0,0,0,0,0,0,0,0,2,1,6,6,3,-1,-1,-1,3,2,MERCEDES EQA CLASS,-1,-1,0,-1
2023010452926,2023,010452926,2,9,0,99,99,9,9,99,99,9,9,99,9,99,9,9,6,6,3,-1,-1,-1,3,0,MERCEDES EQA CLASS,-1,-1,0,-1
2023522301590,2023,522301590,2,9,0,18,19,1,5,0,0,8,0,0,0,0,1,1,6,6,2,72,10,-1,3,2,MERCEDES EQA CLASS,7,E01014772,0,-1
2023010477023,2023,010477023,1,9,0,99,99,9,9,99,99,9,9,99,9,99,9,9,2,2,1,59,9,-1,3,1,MERCEDES EQA CLASS,4,E01015755,0,-1
2023440469516,2023,440469516,1,9,0,18,19,2,6,0,0,8,0,0,0,0,3,1,6,6,2,44,7,-1,3,2,MERCEDES EQA CLASS,10,E01022773,0,-1
2023010451737,2023,010451737,2,9,0,99,99,9,9,0,0,0,0,0,9,0,9,1,6,6,3,-1,-1,-1,3,2,MERCEDES EQA CLASS,-1,-1,0,-1
2023471376207,2023,471376207,2,9,0,2,2,0,0,0,0,1,0,0,0,0,2,1,6,6,3,-1,-1,-1,3,2,MERCEDES EQA CLASS,-1,-1,0,-1
2023141347455,2023,141347455,1,9,0,13,13,3,1,0,0,8,0,0,0,0,1,1,6,6,3,-1,-1,-1,3,0,MERCEDES EQA CLASS,-1,-1,0,-1
2023320446806,2023,320446806,1,9,0,4,4,5,1,0,0,0,0,0,0,0,1,1,1,1,1,44,7,-1,3,1,MERCEDES EQA CLASS,6,E01001254,0,-1
2023010437025,2023,010437025,1,9,0,18,19,3,7,0,0,1,0,0,0,0,1,1,1,1,1,39,7,-1,3,2,MERCEDES EQA CLASS,6,E01023900,0,-1
2023531260842,2023,531260842,2,9,0,18,19,6,2,0,0,1,0,0,7,0,1,1,5,6,2,30,6,-1,3,1,MERCEDES EQA CLASS,9,E01032099,0,-1
2023451274966,2023,451274966,2,9,0,18,19,8,4,0,0,0,0,0,0,0,2,1,2,2,2,53,8,-1,3,2,MERCEDES EQA CLASS,8,E01002979,0,-1
2023451301750,2023,451301750,1,9,0,4,4,0,0,0,0,0,0,0,0,0,2,1,5,6,2,58,9,-1,3,1,MERCEDES EQA CLASS,10,E01016214,0,-1
2023531375636,2023,531375636,1,9,0,10,10,1,7,0,0,1,0,0,0,0,1,1,6,6,2,-1,-1,-1,3,1,MERCEDES EQA CLASS,5,E01022420,0,-1
2023421305785,2023,421305785,1,9,0,18,19,7,3,0,0,1,0,0,0,0,4,1,6,6,1,35,6,1598,2,11,SEAT IBIZA,5,E01021498,0,-1
2023201323131,2023,201323131,1,9,0,9,9,6,3,0,0,5,0,0,0,0,1,1,6,6,1,24,5,1390,1,13,SEAT IBIZA,1,E01009331,0,-1
2023501328716,2023,501328716,1,9,0,18,19,3,7,0,0,0,0,0,0,0,1,1,5,6,1,17,4,1198,1,19,SEAT IBIZA,6,E01020338,0,-1
2023421334522,2023,421334522,1,9,0,18,19,4,8,0,0,0,0,0,7,0,1,1,6,6,1,18,4,1390,1,13,SEAT IBIZA,2,E01021311,0,-1
202360A181787,2023,60A181787,3,9,0,4,4,3,7,0,0,2,0,0,0,0,2,1,6,6,2,52,8,1390,1,11,SEAT IBIZA,-1,-1,0,-1
2023991265654,2023,991265654,2,9,0,13,13,1,5,0,0,0,1,0,0,0,3,1,6,6,1,28,6,999,1,1,SEAT IBIZA,-1,-1,0,-1
2023201303944,2023,201303944,2,9,0,18,19,7,3,0,0,1,0,0,0,0,1,1,6,6,1,-1,-1,1896,2,19,SEAT IBIZA,-1,-1,0,-1
2023522300677,2023,522300677,5,9,0,2,2,0,0,0,0,1,0,0,0,0,3,1,6,6,3,-1,-1,1197,1,9,SEAT IBIZA,-1,-1,0,-1
2023041392643,2023,041392643,2,9,0,18,19,2,6,0,0,0,0,0,0,0,2,1,6,6,1,-1,-1,1390,1,12,SEAT IBIZA,-1,-1,0,-1
2023122301093,2023,122301093,1,9,0,18,19,3,7,0,0,8,0,0,0,0,1,1,6,6,1,21,5,1197,1,6,SEAT IBIZA,7,E01027727,0,-1
2023131367783,2023,131367783,1,9,0,7,7,5,1,0,0,8,0,0,0,0,1,1,2,2,2,34,6,1390,1,9,SEAT IBIZA,1,E01011484,0,-1
2023031324199,2023,031324199,1,9,0,13,13,3,7,0,0,0,0,0,7,0,1,1,5,6,2,25,5,999,1,2,SEAT IBIZA,3,E01019089,0,-1
2023302300705,2023,302300705,1,9,0,18,19,8,4,0,0,0,0,0,0,0,4,1,6,6,3,-1,-1,1197,1,10,SEAT IBIZA,5,E01019456,0,-1
2023311385707,2023,311385707,2,9,0,18,19,2,7,0,0,1,0,0,3,3,3,1,5,6,1,18,4,1390,1,9,SEAT IBIZA,6,E01028413,0,-1
2023010469870,2023,010469870,1,9,9,99,99,9,9,99,99,9,9,99,9,99,9,9,2,2,1,24,5,1197,1,9,SEAT IBIZA,1,E01002067,0,-1
2023201292050,2023,201292050,2,9,0,18,19,1,5,0,0,1,0,0,0,0,4,1,6,6,2,38,7,1198,1,10,SEAT IBIZA,2,E01033635,0,-1
2023201444619,2023,201444619,1,9,0,18,19,2,6,0,0,1,0,0,0,0,1,1,6,6,1,19,4,1390,1,14,SEAT IBIZA,3,E01009077,0,-1
2023471266518,2023,471266518,2,9,0,2,2,0,0,9,9,0,0,0,0,0,3,1,6,6,3,-1,-1,999,1,7,SEAT IBIZA,-1,-1,0,-1
2023991334018,2023,991334018,1,9,0,5,5,7,3,0,0,2,0,0,0,0,1,2,6,6,2,26,6,999,1,0,SEAT IBIZA,8,-1,0,-1
2023501280753,2023,501280753,1,9,0,7,7,3,1,0,0,5,1,4,1,0,4,1,6,6,1,30,6,1390,1,13,SEAT IBIZA,5,E01020115,0,-1
2023161300579,2023,161300579,2,9,0,1,1,2,6,0,0,1,0,4,0,0,2,1,6,6,1,-1,-1,1390,1,14,SEAT IBIZA,-1,-1,0,-1
2023351367660,2023,351367660,2,9,0,18,19,7,3,0,0,0,0,0,0,0,4,1,5,6,1,19,4,1598,2,13,SEAT IBIZA,-1,-1,0,-1
2023201375233,2023,201375233,1,9,0,9,9,1,7,0,0,2,0,0,0,0,1,1,5,6,2,22,5,999,1,3,SEAT IBIZA,9,E01031019,0,-1
2023041305032,2023,041305032,2,9,0,7,7,5,1,0,0,0,0,0,1,0,2,1,6,6,2,19,4,1198,1,9,SEAT IBIZA,7,E01025609,0,-1
2023622300986,2023,622300986,1,9,0,18,19,3,7,0,0,0,0,0,0,0,1,1,6,6,1,27,6,1197,1,9,SEAT IBIZA,2,W01001474,0,-1
2023061283897,2023,061283897,1,9,-1,-1,-1,-1,-1,-1,-1,0,-1,-1,-1,0,-1,1,6,6,1,-1,-1,999,1,5,SEAT IBIZA,-1,-1,0,-1
2023622300202,2023,622300202,2,9,0,5,5,4,8,0,0,6,0,0,0,0,1,1,6,6,1,27,6,999,1,7,SEAT IBIZA,2,W01001952,0,-1
2023411440785,2023,411440785,1,9,0,18,19,5,1,0,0,0,0,0,0,0,3,1,6,6,2,29,6,1199,2,11,SEAT IBIZA,10,E01023464,0,-1
2023311306127,2023,311306127,2,9,0,5,5,3,6,6,6,0,0,0,0,0,3,1,2,2,1,29,6,1390,1,12,SEAT IBIZA,7,E01025967,0,-1
2023231296557,2023,231296557,1,9,0,18,19,2,6,0,0,0,2,10,1,1,1,1,6,6,1,18,4,1390,1,13,SEAT IBIZA,7,E01025882,0,-1
2023461394624,2023,461394624,1,9,0,99,99,7,3,0,0,0,0,0,0,0,9,1,6,6,2,39,7,1390,1,8,SEAT IBIZA,2,E01024775,0,-1
2023351319428,2023,351319428,1,9,0,5,5,1,3,0,0,1,0,0,0,0,1,1,6,6,3,-1,-1,1422,2,14,SEAT IBIZA,-1,-1,0,-1
2023451389444,2023,451389444,3,9,0,18,19,6,2,0,0,0,0,0,1,0,3,1,5,6,1,66,10,1598,2,12,SEAT IBIZA,4,E01003106,0,-1
2023031380149,2023,031380149,1,9,0,4,4,2,6,9,9,2,0,0,7,0,2,1,1,1,2,44,7,999,1,7,SEAT IBIZA,-1,-1,0,-1
2023622301050,2023,622301050,3,9,0,4,4,4,8,0,0,0,0,0,0,0,2,1,6,6,1,22,5,999,1,0,SEAT IBIZA,1,W01001209,0,-1
2023131382399,2023,131382399,2,9,0,18,19,2,6,0,0,1,0,0,0,0,4,1,6,6,1,19,4,1390,1,12,SEAT IBIZA,5,E01011218,0,-1
2023351282630,2023,351282630,2,9,0,4,4,-1,-1,0,0,0,0,0,0,0,2,1,5,6,1,29,6,1390,1,17,SEAT IBIZA,6,E01026239,0,-1
2023351352532,2023,351352532,1,9,0,18,19,1,5,0,0,1,5,4,0,0,1,1,6,6,2,74,10,999,1,2,SEAT IBIZA,10,E01018259,0,-1
2023131285069,2023,131285069,1,9,0,18,19,1,1,0,0,8,0,0,0,0,1,1,2,2,2,19,4,1199,2,12,SEAT IBIZA,2,E01011759,0,-1
2023991313925,2023,991313925,1,9,0,9,9,7,5,0,0,8,0,0,0,0,4,1,5,6,2,44,7,1390,1,10,SEAT IBIZA,4,-1,0,-1
2023421369360,2023,421369360,1,9,0,18,19,3,1,0,0,4,1,0,0,0,1,1,6,6,1,22,5,1197,1,10,SEAT IBIZA,1,E01001850,0,-1
2023211267021,2023,211267021,1,9,0,18,19,6,4,0,0,0,1,7,0,0,1,1,1,1,2,31,6,1390,1,8,SEAT IBIZA,1,E01033642,0,-1
2023101305183,2023,101305183,2,9,0,18,19,7,3,0,0,4,0,0,1,0,3,1,5,6,2,18,4,999,1,6,SEAT IBIZA,8,E01027425,0,-1
2023131311910,2023,131311910,1,9,0,15,15,1,5,0,0,8,0,0,0,0,1,1,6,6,1,20,4,1197,1,11,SEAT IBIZA,9,E01011353,0,-1
2023201393066,2023,201393066,1,9,0,18,19,2,6,0,0,0,0,0,0,0,4,1,6,6,1,21,5,1197,1,10,SEAT IBIZA,4,E01009663,0,-1
2023221369868,2023,221369868,1,9,0,13,13,8,4,0,0,1,0,0,0,0,1,1,2,2,1,34,6,999,1,6,SEAT IBIZA,8,E01028833,0,-1
2023201313184,2023,201313184,2,9,0,18,19,1,5,0,0,1,0,0,0,0,3,1,6,6,2,64,9,1390,1,14,SEAT IBIZA,6,E01009126,0,-1
2023541486123,2023,541486123,1,9,0,18,19,1,5,0,0,0,2,10,0,0,1,1,6,6,1,17,4,1199,2,11,SEAT IBIZA,10,E01015533,0,-1
2023991313137,2023,991313137,1,9,0,16,19,1,4,0,0,0,0,0,0,0,1,1,2,2,2,30,6,999,1,5,SEAT IBIZA,5,-1,0,-1
2023471329044,2023,471329044,1,9,0,4,4,7,3,0,0,0,0,0,0,0,4,1,6,6,1,-1,-1,1197,1,8,SEAT IBIZA,7,E01031423,0,-1
2023320490862,2023,320490862,2,9,0,4,4,6,2,0,0,1,0,0,0,0,2,1,2,2,2,59,9,999,1,3,SEAT IBIZA,6,E01026380,0,-1
2023141281493,2023,141281493,2,9,0,9,9,5,3,0,0,8,0,0,0,0,4,1,5,6,1,22,5,1390,1,13,SEAT IBIZA,1,E01008012,0,-1
2023501390599,2023,501390599,1,9,0,18,19,7,3,0,0,0,1,0,0,0,1,1,1,1,1,21,5,1896,2,17,SEAT IBIZA,5,E01020088,0,-1
2023351268357,2023,351268357,1,9,0,18,19,2,6,0,0,0,0,0,0,0,1,1,6,6,1,24,5,1390,1,16,SEAT IBIZA,6,E01032612,0,-1
2023501350178,2023,501350178,1,9,0,9,9,6,3,0,0,8,0,0,0,0,1,1,5,6,2,18,4,1197,1,10,SEAT IBIZA,4,E01019927,0,-1
2023991390719,2023,991390719,1,9,0,9,9,7,6,0,0,6,0,0,0,0,1,1,5,6,1,26,6,1197,1,9,SEAT IBIZA,1,-1,0,-1
2023201346327,2023,201346327,1,9,0,9,9,8,6,0,0,6,0,0,0,0,1,1,6,6,2,81,11,1199,2,12,SEAT IBIZA,10,E01010210,0,-1
2023201376310,2023,201376310,1,9,0,13,13,6,2,0,0,8,0,7,0,0,1,1,6,6,2,26,6,1390,1,11,SEAT IBIZA,1,E01009408,0,-1
2023161293024,2023,161293024,2,9,0,4,4,6,2,0,0,0,0,0,0,0,2,1,2,2,1,40,7,1197,1,10,SEAT IBIZA,10,E01013293,0,-1
2023010463443,2023,010463443,1,9,0,4,4,6,2,0,0,0,0,0,0,0,2,1,1,1,1,51,8,999,1,0,SEAT IBIZA,-1,-1,0,-1
2023071037316,2023,071037316,1,9,0,18,19,3,6,0,0,1,0,0,0,0,1,1,6,6,2,22,5,1197,1,7,SEAT IBIZA,1,E01018738,0,-1
2023311327044,2023,311327044,2,9,0,4,4,3,7,0,0,0,0,0,0,0,1,1,5,6,1,18,4,1390,1,13,SEAT IBIZA,3,E01007772,0,-1
2023122300157,2023,122300157,1,9,0,18,19,6,2,0,0,1,0,0,0,0,1,1,6,6,2,20,4,1390,1,9,SEAT IBIZA,-1,-1,0,-1
2023548179923,2023,548179923,1,9,0,18,19,8,4,0,0,0,0,0,0,0,1,1,6,6,2,-1,-1,1390,1,9,SEAT IBIZA,8,E01032100,0,-1
2023311373550,2023,311373550,6,9,0,2,2,1,5,0,0,0,0,0,0,0,2,1,6,6,2,35,6,999,1,6,SEAT IBIZA,1,E01013876,0,-1
2023010484481,2023,010484481,1,9,0,99,99,9,9,99,99,9,9,99,9,99,9,9,6,6,1,32,6,1390,1,17,SEAT IBIZA,3,E01002057,0,-1
2023221357297,2023,221357297,1,9,0,18,19,3,7,0,0,0,0,0,0,0,1,1,5,6,2,35,6,1197,1,8,SEAT IBIZA,2,E01009833,0,-1
2023201423731,2023,201423731,2,9,0,7,7,5,8,0,0,8,1,0,0,0,1,1,6,6,1,24,5,1390,1,10,SEAT IBIZA,1,E01009377,0,-1
2023501357461,2023,501357461,1,9,0,17,19,1,6,9,9,2,2,0,0,0,4,1,6,6,2,26,6,1390,1,15,SEAT IBIZA,6,E01018750,0,-1
2023211320957,2023,211320957,1,9,0,17,19,5,1,0,0,0,0,0,0,0,3,1,5,6,2,40,7,1197,1,6,SEAT IBIZA,-1,-1,0,-1
2023201287875,2023,201287875,2,9,0,3,3,4,2,0,0,8,0,0,0,0,3,1,1,1,2,29,6,1390,1,14,SEAT IBIZA,1,E01009364,0,-1
2023610005223,2023,610005223,1,9,0,17,19,5,2,0,0,8,0,0,0,0,3,1,6,6,2,19,4,999,1,5,SEAT IBIZA,3,W01001430,0,-1