collision_index,collision_year,collision_ref_no,vehicle_reference,vehicle_type,towing_and_articulation,vehicle_manoeuvre_historic,vehicle_manoeuvre,vehicle_direction_from,vehicle_direction_to,vehicle_location_restricted_lane_historic,vehicle_location_restricted_lane,junction_location,skidding_and_overturning,hit_object_in_carriageway,vehicle_leaving_carriageway,hit_object_off_carriageway,first_point_of_impact,vehicle_left_hand_drive,journey_purpose_of_driver_historic,journey_purpose_of_driver,sex_of_driver,age_of_driver,age_band_of_driver,engine_capacity_cc,propulsion_code,age_of_vehicle,generic_make_model,driver_imd_decile,lsoa_of_driver,escooter_flag,driver_distance_banding
2023131276225,2023,131276225,1,9,0,18,19,1,1,0,0,0,0,0,0,0,1,1,2,2,1,19,4,1390,1,13,SEAT IBIZA,8,E01011700,0,-1
2023141268017,2023,141268017,1,9,0,18,19,5,1,0,0,0,0,0,0,0,3,1,6,6,2,25,5,1390,1,8,SEAT IBIZA,4,E01007460,0,-1
2023991350922,2023,991350922,1,9,0,9,9,1,5,0,0,0,5,0,8,11,1,1,5,6,1,19,4,1197,1,9,SEAT IBIZA,-1,-1,0,-1
2023201432831,2023,201432831,2,9,0,3,3,4,8,0,0,0,0,0,0,0,2,1,6,6,1,45,7,1198,1,11,SEAT IBIZA,1,E01008882,0,-1
2023201303526,2023,201303526,1,9,0,18,19,1,5,0,0,1,0,0,0,0,1,1,6,6,1,19,4,1390,1,14,SEAT IBIZA,2,E01010258,0,-1
2023010453088,2023,010453088,2,9,0,99,99,9,9,99,99,9,9,99,9,99,1,9,6,6,3,49,8,999,1,7,SEAT IBIZA,10,E01031002,0,-1
2023411339971,2023,411339971,2,9,0,18,19,7,3,0,0,0,0,0,0,0,1,1,5,6,1,23,5,1390,1,9,SEAT IBIZA,8,E01033029,0,-1
2023061313308,2023,061313308,4,9,-1,-1,-1,-1,-1,-1,-1,0,-1,-1,-1,0,-1,1,6,6,1,30,6,999,1,7,SEAT IBIZA,3,E01006335,0,-1
2023440162448,2023,440162448,1,9,0,5,5,8,4,0,0,6,0,0,0,0,3,1,6,6,2,20,4,999,1,4,SEAT IBIZA,2,E01023108,0,-1
2023161285989,2023,161285989,2,9,0,5,5,7,3,0,0,1,0,0,0,0,4,1,6,6,1,32,6,1390,1,11,SEAT IBIZA,-1,-1,0,-1
2023340WN6802,2023,340WN6802,1,9,0,18,19,5,1,0,0,0,0,0,2,7,1,1,6,6,1,30,6,1199,2,10,SEAT IBIZA,10,E01025800,0,-1
2023122301331,2023,122301331,1,9,0,18,19,5,7,0,0,0,0,0,1,4,1,1,6,6,1,17,4,1198,1,15,SEAT IBIZA,4,E01027910,0,-1
2023991342937,2023,991342937,2,9,0,17,19,1,6,0,0,0,0,0,0,0,1,1,5,6,2,74,10,1422,2,16,SEAT IBIZA,4,-1,0,-1
2023131261299,2023,131261299,1,9,0,7,7,3,7,0,0,8,0,0,0,0,4,1,6,6,1,34,6,999,1,1,SEAT IBIZA,-1,-1,0,-1
2023440138577,2023,440138577,1,9,0,18,19,5,1,0,0,0,0,0,7,4,4,1,6,6,1,20,4,1390,1,12,SEAT IBIZA,5,E01017055,0,-1
2023421327141,2023,421327141,1,9,0,17,19,2,4,0,0,0,0,0,7,0,1,1,5,6,1,81,11,1390,1,14,SEAT IBIZA,8,E01021911,0,-1
2023211285086,2023,211285086,2,9,0,3,3,1,5,0,0,1,0,0,0,0,2,1,6,6,2,40,7,1598,2,10,SEAT IBIZA,8,E01018515,0,-1
2023231366829,2023,231366829,1,9,0,4,4,6,2,0,0,0,1,10,1,4,1,1,6,6,1,21,5,1390,1,12,SEAT IBIZA,4,E01031086,0,-1
2023131370083,2023,131370083,1,9,0,9,9,3,1,0,0,2,0,0,0,0,3,1,2,2,2,23,5,1197,1,7,SEAT IBIZA,3,E01007480,0,-1
2023211344088,2023,211344088,1,9,0,15,15,2,6,0,0,0,0,0,0,0,3,1,5,6,1,18,4,1390,1,12,SEAT IBIZA,-1,-1,0,-1
2023221348088,2023,221348088,1,9,0,4,4,2,6,0,0,8,0,0,0,0,1,1,1,1,1,20,4,1197,1,8,SEAT IBIZA,6,E01032353,0,-1
2023302301595,2023,302301595,3,9,0,18,19,4,8,0,0,0,0,0,0,0,1,1,6,6,1,40,7,999,1,6,SEAT IBIZA,9,E01018408,0,-1
2023351329453,2023,351329453,2,9,0,18,19,-1,-1,0,0,0,0,0,0,0,1,1,5,6,1,20,4,1197,1,12,SEAT IBIZA,7,E01017994,0,-1
2023131328333,2023,131328333,1,9,0,18,19,6,2,0,0,4,1,0,0,0,3,1,5,6,2,23,5,1598,2,12,SEAT IBIZA,1,E01010843,0,-1
2023201288442,2023,201288442,2,9,0,18,19,1,5,0,0,1,0,0,0,0,1,1,6,6,1,19,4,1198,1,15,SEAT IBIZA,5,E01009591,0,-1
2023991342593,2023,991342593,2,9,0,18,19,2,6,0,0,0,0,0,0,0,3,1,5,6,2,67,10,1390,1,12,SEAT IBIZA,7,-1,0,-1
2023451312057,2023,451312057,1,9,0,2,2,0,0,0,0,1,0,0,0,0,1,1,6,6,1,52,8,1390,1,9,SEAT IBIZA,5,E01030946,0,-1
2023131319258,2023,131319258,1,9,0,18,19,5,1,0,0,8,0,7,0,0,1,1,5,6,1,21,5,1199,2,11,SEAT IBIZA,1,E01032497,0,-1
2023201293783,2023,201293783,1,9,0,17,19,5,2,0,0,0,0,10,7,4,3,1,2,2,1,17,4,1390,1,11,SEAT IBIZA,1,E01009307,0,-1
2023141270319,2023,141270319,1,9,0,18,19,7,3,0,0,8,0,0,0,0,2,1,5,6,1,23,5,1390,1,8,SEAT IBIZA,7,E01007321,0,-1
2023371322747,2023,371322747,1,9,0,5,5,1,5,0,0,0,0,0,0,0,1,1,2,2,2,37,7,1197,1,10,SEAT IBIZA,8,E01030000,0,-1
2023311346467,2023,311346467,1,9,0,16,19,2,6,0,0,0,1,4,0,0,1,1,2,2,1,28,6,1198,1,17,SEAT IBIZA,3,E01028297,0,-1
2023201401820,2023,201401820,1,9,0,9,9,4,2,0,0,5,0,0,0,0,4,1,6,6,2,20,4,1390,1,13,SEAT IBIZA,4,E01009894,0,-1
2023440427378,2023,440427378,1,9,0,5,5,4,8,0,0,6,0,0,0,0,3,1,2,2,2,31,6,1197,1,10,SEAT IBIZA,8,E01022468,0,-1
2023201410522,2023,201410522,2,9,0,2,2,0,0,0,0,2,0,0,0,0,2,1,5,6,3,-1,-1,1390,1,14,SEAT IBIZA,-1,-1,0,-1
2023141325098,2023,141325098,1,9,0,18,19,3,7,9,9,0,5,11,8,1,1,1,2,2,1,20,4,1390,1,9,SEAT IBIZA,1,E01007735,0,-1
2023061327613,2023,061327613,1,9,0,18,19,1,5,0,0,0,0,0,7,4,1,1,6,6,1,31,6,1390,1,8,SEAT IBIZA,3,E01005332,0,-1
2023010475760,2023,010475760,2,9,0,18,19,5,1,0,0,0,0,0,0,0,1,1,6,6,1,19,4,1198,1,13,SEAT IBIZA,3,E01025703,0,-1
2023131381719,2023,131381719,1,9,0,18,19,1,5,0,0,1,0,0,1,0,1,1,6,6,1,24,5,999,1,6,SEAT IBIZA,1,E01005129,0,-1
2023141296970,2023,141296970,2,9,0,18,19,7,2,0,0,4,0,0,0,0,1,1,6,6,3,-1,-1,1390,1,8,SEAT IBIZA,-1,-1,0,-1
2023141347784,2023,141347784,2,9,0,18,19,1,5,8,6,0,1,0,7,0,1,1,6,6,2,31,6,1197,1,6,SEAT IBIZA,1,E01009572,0,-1
2023501279862,2023,501279862,2,9,0,2,2,0,0,0,0,0,0,0,0,0,3,1,5,6,2,27,6,1198,1,12,SEAT IBIZA,6,E01019971,0,-1
2023041345601,2023,041345601,2,9,0,18,19,5,1,0,0,8,0,0,0,0,1,1,5,6,2,20,4,1390,1,15,SEAT IBIZA,3,E01012726,0,-1
2023221348790,2023,221348790,1,9,0,9,9,6,4,0,0,7,0,0,0,0,1,1,6,6,1,18,4,999,1,5,SEAT IBIZA,10,E01032139,0,-1
2023332300849,2023,332300849,2,9,0,18,19,8,4,0,0,8,0,0,0,0,1,1,2,2,1,21,5,999,1,7,SEAT IBIZA,8,E01013704,0,-1
2023101325019,2023,101325019,1,9,0,18,19,3,7,0,0,8,0,0,0,0,1,1,6,6,1,-1,-1,1197,1,8,SEAT IBIZA,9,E01008617,0,-1
2023461263633,2023,461263633,2,9,0,4,4,5,1,0,0,0,0,0,0,0,2,1,6,6,2,28,6,1390,1,18,SEAT IBIZA,2,E01024248,0,-1
2023061388601,2023,061388601,2,9,-1,-1,-1,-1,-1,-1,-1,-1,-1,-1,-1,0,-1,1,6,6,2,21,5,1422,2,7,SEAT IBIZA,3,E01006126,0,-1
2023010487019,2023,010487019,2,9,0,99,99,9,9,99,99,9,9,99,9,99,1,9,6,6,3,-1,-1,999,1,5,SEAT IBIZA,8,E01002889,0,-1
2023411268239,2023,411268239,1,9,0,4,4,3,5,0,0,0,0,0,0,0,1,1,6,6,2,57,9,1197,1,9,SEAT IBIZA,6,E01023941,0,-1
2023302300297,2023,302300297,1,9,0,18,19,2,6,0,0,1,0,0,1,4,4,1,6,6,2,25,5,1390,1,13,SEAT IBIZA,6,E01019648,0,-1
2023101357514,2023,101357514,2,9,0,9,9,8,6,0,0,8,1,0,0,0,3,1,5,6,1,19,4,1390,1,10,SEAT IBIZA,7,E01008797,0,-1
2023010481110,2023,010481110,2,9,0,7,7,5,8,0,0,1,0,0,0,0,2,1,1,1,1,56,9,999,1,0,SEAT IBIZA,1,E01003060,0,-1
2023221323706,2023,221323706,1,9,0,17,19,4,1,0,0,0,1,10,7,10,1,1,2,2,1,17,4,1198,1,11,SEAT IBIZA,8,E01032197,0,-1
2023231319140,2023,231319140,2,9,0,3,3,4,8,0,0,0,0,0,0,0,2,1,5,6,2,42,7,999,1,2,SEAT IBIZA,7,E01031335,0,-1
2023201391206,2023,201391206,2,9,0,18,19,2,6,0,0,3,0,0,0,0,3,1,6,6,2,31,6,999,1,4,SEAT IBIZA,1,E01033636,0,-1
2023421324649,2023,421324649,1,9,0,18,19,3,7,9,9,0,5,0,1,10,0,1,6,6,1,24,5,1390,1,13,SEAT IBIZA,-1,-1,0,-1
2023231326509,2023,231326509,2,9,0,18,19,8,4,0,0,1,0,0,0,0,1,1,5,6,2,27,6,1390,1,15,SEAT IBIZA,5,E01031133,0,-1
2023101337309,2023,101337309,1,9,0,18,19,3,7,0,0,0,1,0,7,0,1,1,6,6,1,27,6,1390,1,14,SEAT IBIZA,10,E01027494,0,-1
2023061333606,2023,061333606,1,9,-1,-1,-1,-1,-1,-1,-1,-1,-1,-1,-1,0,-1,1,6,6,3,-1,-1,999,1,2,SEAT IBIZA,-1,-1,0,-1
2023101318718,2023,101318718,1,9,0,18,19,5,1,0,0,1,0,0,0,0,1,1,5,6,2,21,5,1197,1,9,SEAT IBIZA,2,E01008477,0,-1
2023131276308,2023,131276308,3,9,0,18,19,1,5,0,0,1,0,0,0,0,0,1,5,6,1,21,5,999,1,2,SEAT IBIZA,5,E01011218,0,-1
2023340WN0862,2023,340WN0862,2,9,0,18,19,7,3,0,0,8,0,0,0,0,4,1,6,6,1,22,5,999,1,7,SEAT IBIZA,6,E01032977,0,-1
2023010459321,2023,010459321,2,9,0,99,99,9,9,99,99,9,9,99,9,99,1,9,6,6,3,-1,-1,999,1,1,SEAT IBIZA,-1,-1,0,-1
2023522301822,2023,522301822,2,9,0,18,19,4,8,0,0,0,0,0,0,0,1,1,6,6,1,54,8,1896,2,17,SEAT IBIZA,5,E01020308,0,-1
2023371391485,2023,371391485,2,9,0,10,10,2,8,0,0,8,1,0,0,0,1,1,2,2,1,42,7,1598,2,11,SEAT IBIZA,1,E01030018,0,-1
2023320538224,2023,320538224,1,9,0,18,19,5,1,0,0,0,0,0,0,0,1,1,6,6,1,20,4,1390,1,9,SEAT IBIZA,7,E01026275,0,-1
2023320557553,2023,320557553,2,9,0,17,19,8,4,0,0,0,0,0,0,0,1,1,6,6,2,19,4,999,1,0,SEAT IBIZA,-1,-1,0,-1
2023440195216,2023,440195216,1,9,0,18,19,1,7,0,0,8,0,9,0,0,1,1,6,6,1,28,6,1198,1,15,SEAT IBIZA,5,E01033229,0,-1
2023161297435,2023,161297435,1,9,0,18,19,8,4,0,0,0,1,0,0,0,4,1,5,6,2,34,6,1390,1,12,SEAT IBIZA,1,E01012894,0,-1
2023041275254,2023,041275254,1,9,0,5,5,7,3,0,0,1,0,4,1,0,1,1,6,6,1,16,4,1198,1,14,SEAT IBIZA,1,E01024878,0,-1
2023302301632,2023,302301632,1,9,0,5,5,2,6,8,6,6,0,0,0,0,3,1,6,6,3,63,9,999,1,6,SEAT IBIZA,-1,-1,0,-1
2023411366112,2023,411366112,2,9,0,5,5,5,4,0,0,3,0,0,0,0,1,1,6,6,1,20,4,1198,1,10,SEAT IBIZA,6,E01023317,0,-1
2023052302223,2023,052302223,1,9,0,1,1,1,5,0,0,6,0,0,0,0,2,1,6,6,2,51,8,1197,1,12,SEAT IBIZA,4,E01033762,0,-1
2023131372210,2023,131372210,1,9,0,9,9,1,5,0,0,1,0,0,0,0,4,1,1,1,1,19,4,1390,1,9,SEAT IBIZA,3,E01011090,0,-1
2023501368848,2023,501368848,1,9,0,18,19,7,3,0,0,0,0,0,0,0,1,1,2,2,2,52,8,1197,1,7,SEAT IBIZA,4,E01018913,0,-1
2023141272082,2023,141272082,2,9,0,9,9,5,1,0,0,0,0,0,0,0,3,1,5,6,2,-1,-1,1390,1,13,SEAT IBIZA,-1,-1,0,-1
2023201400636,2023,201400636,1,9,0,18,19,3,7,0,0,6,0,0,0,0,1,1,6,6,1,18,4,1390,1,12,SEAT IBIZA,2,E01009395,0,-1
2023544479023,2023,544479023,3,9,0,4,4,2,6,0,0,1,0,0,0,0,1,1,6,6,1,27,6,1199,2,10,SEAT IBIZA,6,E01015587,0,-1
2023461358331,2023,461358331,3,9,0,2,2,0,0,0,0,8,0,0,0,0,1,1,6,6,1,-1,-1,1197,1,6,SEAT IBIZA,-1,-1,0,-1
2023311314228,2023,311314228,2,9,0,18,19,5,1,0,0,0,0,0,0,0,1,1,6,6,1,45,7,1598,1,14,SEAT IBIZA,3,E01028340,0,-1
2023451277599,2023,451277599,1,9,0,18,19,7,3,0,0,1,1,0,0,0,1,1,5,6,2,58,9,1390,1,18,SEAT IBIZA,10,E01031725,0,-1
2023052300833,2023,052300833,2,9,0,10,10,4,2,0,0,1,0,0,0,0,2,1,6,6,2,32,6,1390,1,10,SEAT IBIZA,1,E01006720,0,-1
2023131303874,2023,131303874,1,9,0,14,14,1,5,0,0,0,0,0,0,0,3,1,6,6,3,-1,-1,999,1,1,SEAT IBIZA,-1,-1,0,-1
2023141338539,2023,141338539,1,9,0,5,5,7,3,0,0,1,0,0,0,0,1,1,6,6,2,-1,-1,999,1,3,SEAT IBIZA,6,E01007771,0,-1
2023041353202,2023,041353202,1,9,0,18,19,3,7,0,0,1,0,0,0,0,3,1,5,6,2,19,4,1390,1,8,SEAT IBIZA,7,E01025109,0,-1
2023221330176,2023,221330176,1,9,0,18,19,4,8,0,0,8,0,0,0,0,3,1,5,6,2,21,5,999,1,3,SEAT IBIZA,6,E01014006,0,-1
2023041361643,2023,041361643,2,9,0,18,19,5,1,0,0,1,0,0,0,0,3,1,5,6,2,28,6,1197,1,9,SEAT IBIZA,3,E01025306,0,-1
2023991280145,2023,991280145,1,9,0,9,9,1,7,0,0,0,0,0,0,0,1,1,6,6,1,24,5,999,1,5,SEAT IBIZA,3,-1,0,-1
2023201377775,2023,201377775,1,9,0,18,19,2,6,2,2,8,1,0,0,0,1,1,6,6,1,24,5,1390,1,10,SEAT IBIZA,1,E01009475,0,-1
2023201305685,2023,201305685,2,9,0,18,19,4,8,0,0,8,1,10,1,10,3,1,5,6,1,24,5,1390,1,14,SEAT IBIZA,2,E01033627,0,-1
2023531307233,2023,531307233,1,9,0,9,9,2,7,0,0,2,0,0,0,0,3,1,5,6,2,22,5,1390,1,11,SEAT IBIZA,1,E01022289,0,-1
2023141355510,2023,141355510,1,9,0,7,7,5,7,0,0,6,0,0,0,0,1,1,6,6,1,-1,-1,1968,2,12,SEAT IBIZA,-1,-1,0,-1
2023031291107,2023,031291107,4,9,0,18,19,1,5,0,0,1,0,0,0,0,1,1,6,6,2,20,4,1197,1,6,SEAT IBIZA,1,E01019231,0,-1
2023061351392,2023,061351392,1,9,0,1,1,8,4,0,0,1,0,0,0,0,2,1,5,6,2,20,4,1390,1,11,SEAT IBIZA,2,E01005389,0,-1
2023161372505,2023,161372505,1,9,0,3,3,8,4,0,0,1,0,0,0,0,2,1,2,2,1,32,6,1390,1,14,SEAT IBIZA,9,E01013191,0,-1
2023161284203,2023,161284203,1,9,0,18,19,1,5,0,0,0,0,0,0,0,1,1,2,2,2,73,10,1390,1,9,SEAT IBIZA,-1,-1,0,-1
2023131347670,2023,131347670,1,9,0,16,19,4,2,0,0,0,0,0,0,0,1,2,5,6,1,82,11,1197,1,6,SEAT IBIZA,7,E01011119,0,-1
2023411289745,2023,411289745,1,9,0,18,19,4,1,0,0,0,2,0,0,0,4,1,2,2,2,28,6,999,1,5,SEAT IBIZA,5,E01023593,0,-1
2023302300982,2023,302300982,2,9,0,13,13,4,8,0,0,0,0,0,0,0,1,1,6,6,1,38,7,1199,2,8,SEAT IBIZA,7,E01019634,0,-1
2023141326227,2023,141326227,2,9,0,15,15,8,4,0,0,0,0,0,2,0,1,1,6,6,1,37,7,1598,2,13,SEAT IBIZA,1,E01007723,0,-1
2023631370819,2023,631370819,1,9,0,18,19,5,1,0,0,0,1,0,1,11,1,1,6,6,1,19,4,1390,1,14,SEAT IBIZA,4,W01000022,0,-1
2023332300217,2023,332300217,1,9,0,17,19,8,5,0,0,0,0,0,1,9,4,1,6,6,1,20,4,999,1,5,SEAT IBIZA,9,E01011046,0,-1
2023141380517,2023,141380517,2,9,0,18,19,3,7,0,0,8,0,0,0,0,1,1,6,6,3,-1,-1,1390,1,18,SEAT IBIZA,-1,-1,0,-1
2023520400666,2023,520400666,1,9,0,18,19,2,6,0,0,8,0,0,0,0,1,1,6,6,2,70,10,1390,1,11,SEAT IBIZA,7,E01029130,0,-1
2023211397660,2023,211397660,3,9,0,2,2,0,0,0,0,0,0,4,0,0,4,1,6,6,2,30,6,1390,1,8,SEAT IBIZA,7,E01029814,0,-1
2023010433580,2023,010433580,1,9,0,18,19,1,5,0,0,1,0,7,1,1,1,1,6,6,1,18,4,1197,1,11,SEAT IBIZA,5,E01003638,0,-1
2023440466423,2023,440466423,1,9,0,18,19,8,4,0,0,0,0,0,1,4,1,1,6,6,1,19,4,999,1,4,SEAT IBIZA,10,E01022581,0,-1
2023201286883,2023,201286883,2,9,0,18,19,1,5,0,0,1,0,0,0,0,1,1,5,6,2,24,5,1197,1,13,SEAT IBIZA,5,E01010431,0,-1
2023540754923,2023,540754923,1,9,0,18,19,2,6,0,0,1,0,0,1,0,4,1,6,6,1,27,6,1968,2,10,SEAT IBIZA,9,E01032060,0,-1
2023501281968,2023,501281968,2,9,0,18,19,7,1,0,0,1,0,0,0,0,2,1,6,6,2,61,9,1395,1,9,SEAT IBIZA,7,E01020156,0,-1
2023211303870,2023,211303870,1,9,-1,5,5,6,2,-1,-1,-1,-1,-1,-1,0,-1,1,6,6,1,-1,-1,1198,1,12,SEAT IBIZA,-1,-1,0,-1
2023631313509,2023,631313509,2,9,0,18,19,6,2,0,0,0,0,0,1,10,1,1,6,6,2,22,5,999,1,6,SEAT IBIZA,7,W01000623,0,-1
2023122301420,2023,122301420,1,9,0,9,9,3,1,0,0,8,0,0,0,0,1,1,6,6,1,19,4,1390,1,13,SEAT IBIZA,6,E01027868,0,-1
2023320493498,2023,320493498,1,9,0,9,9,6,4,0,0,8,0,0,0,0,1,1,2,2,2,24,5,1598,2,13,SEAT IBIZA,8,E01026258,0,-1
2023041346024,2023,041346024,1,9,0,18,19,7,3,0,0,0,5,10,7,0,3,1,5,6,1,25,5,1390,1,8,SEAT IBIZA,7,E01025559,0,-1
2023201297285,2023,201297285,1,9,0,18,19,1,5,0,0,3,5,9,1,0,1,1,5,6,1,-1,-1,1390,1,15,SEAT IBIZA,1,E01009638,0,-1
2023302301365,2023,302301365,2,9,0,5,5,1,5,0,0,1,0,0,0,0,3,1,6,6,2,23,5,999,1,5,SEAT IBIZA,2,E01033172,0,-1
2023010485573,2023,010485573,1,9,0,99,99,9,9,99,99,0,9,99,9,99,2,9,2,2,1,25,5,1390,1,9,SEAT IBIZA,9,E01016600,0,-1
2023340WN5662,2023,340WN5662,3,9,0,4,4,2,6,0,0,1,0,0,0,0,3,1,2,2,1,33,6,999,1,5,SEAT IBIZA,1,E01027013,0,-1
2023010453931,2023,010453931,1,9,0,99,99,9,9,99,99,9,9,99,9,99,1,9,6,6,2,29,6,1197,1,11,SEAT IBIZA,2,E01020016,0,-1
2023221341399,2023,221341399,1,9,0,7,7,1,2,0,0,6,0,0,0,0,1,1,6,6,1,20,4,999,1,5,SEAT IBIZA,9,W01000403,0,-1
2023061381508,2023,061381508,3,9,0,18,19,7,3,0,0,0,0,0,0,0,4,1,1,1,1,32,6,1390,1,12,SEAT IBIZA,2,E01005226,0,-1
2023201287699,2023,201287699,1,9,0,8,8,1,4,0,0,1,0,0,0,0,1,1,6,6,1,-1,-1,1390,1,14,SEAT IBIZA,1,E01009489,0,-1
2023111309971,2023,111309971,1,9,0,9,9,1,3,0,0,1,0,0,0,0,1,1,6,6,1,30,6,1197,1,7,SEAT IBIZA,-1,-1,0,-1
2023201392481,2023,201392481,1,9,0,18,19,1,5,0,0,2,1,10,4,0,3,1,5,6,2,27,6,1197,1,8,SEAT IBIZA,1,E01009124,0,-1
2023991388768,2023,991388768,2,9,0,2,2,4,8,0,0,0,0,0,0,0,2,1,6,6,3,-1,-1,1390,1,8,SEAT IBIZA,-1,-1,0,-1
2023131393072,2023,131393072,2,9,0,18,19,3,7,0,0,4,0,0,0,0,1,1,5,6,2,88,11,1390,1,10,SEAT IBIZA,10,E01010772,0,-1
2023041318955,2023,041318955,1,9,0,7,7,1,7,0,0,0,0,0,0,0,3,1,1,1,1,41,7,1498,1,5,SEAT IBIZA,9,E01012660,0,-1
2023522300717,2023,522300717,2,9,0,7,7,3,5,0,0,6,0,0,0,0,1,1,6,6,1,-1,-1,1390,1,14,SEAT IBIZA,-1,-1,0,-1
2023531374412,2023,531374412,1,9,0,18,19,5,1,0,0,4,0,0,0,0,1,1,2,2,2,29,6,1390,1,14,SEAT IBIZA,6,E01022335,0,-1
2023131330958,2023,131330958,2,9,0,18,19,4,8,0,0,8,0,0,0,0,1,1,5,6,2,23,5,1197,1,7,SEAT IBIZA,2,E01032502,0,-1
2023122301301,2023,122301301,2,9,0,2,2,0,0,0,0,1,0,0,1,2,2,1,6,6,3,-1,-1,999,1,5,SEAT IBIZA,-1,-1,0,-1
2023061294550,2023,061294550,1,9,0,17,19,3,3,9,9,0,1,10,3,0,1,1,6,6,1,20,4,1598,2,13,SEAT IBIZA,1,E01005427,0,-1
2023211344535,2023,211344535,2,9,0,18,19,8,4,0,0,0,0,0,0,0,1,1,5,6,2,77,11,1198,1,15,SEAT IBIZA,1,E01008896,0,-1
2023361279070,2023,361279070,1,9,0,15,15,3,7,0,0,0,0,0,1,0,1,1,5,6,1,23,5,1390,1,11,SEAT IBIZA,5,E01033435,0,-1
2023520400792,2023,520400792,1,9,0,18,19,1,5,0,0,0,0,0,0,0,1,1,6,6,1,18,4,1390,1,12,SEAT IBIZA,7,E01029278,0,-1
2023071069158,2023,071069158,1,9,0,16,19,5,1,0,0,0,0,0,1,3,1,1,6,6,1,19,4,1198,1,13,SEAT IBIZA,1,E01009073,0,-1
2023471370394,2023,471370394,1,9,0,7,7,2,1,0,0,4,1,10,7,2,1,1,2,2,1,18,4,1199,2,11,SEAT IBIZA,8,E01021147,0,-1
2023122301114,2023,122301114,1,9,0,1,1,5,1,0,0,0,0,0,0,0,0,1,6,6,1,71,10,1390,1,14,SEAT IBIZA,4,E01024871,0,-1
2023131360515,2023,131360515,1,9,0,2,2,1,5,0,0,1,0,0,0,0,4,1,5,6,1,25,5,1197,1,7,SEAT IBIZA,4,E01010989,0,-1
2023421342933,2023,421342933,1,9,0,16,19,5,1,0,0,0,0,0,0,0,1,1,5,6,2,40,7,1197,1,10,SEAT IBIZA,9,E01015984,0,-1
2023122301392,2023,122301392,2,9,0,1,1,5,1,0,0,0,0,0,0,0,2,1,6,6,1,21,5,1197,1,6,SEAT IBIZA,7,E01013400,0,-1
2023131379581,2023,131379581,1,9,0,11,11,8,4,0,0,1,5,0,0,0,1,1,5,6,1,21,5,999,1,4,SEAT IBIZA,8,E01010572,0,-1
2023131293948,2023,131293948,1,9,0,12,12,7,5,0,0,1,0,0,0,0,3,1,6,6,3,-1,-1,999,1,1,SEAT IBIZA,-1,-1,0,-1
2023421318547,2023,421318547,1,9,0,18,19,4,8,0,0,0,0,0,0,0,1,1,6,6,2,87,11,1390,1,11,SEAT IBIZA,5,E01021982,0,-1
2023531293012,2023,531293012,1,9,0,9,9,8,4,0,0,1,0,0,0,0,1,1,2,2,1,19,4,1598,1,13,SEAT IBIZA,9,E01022276,0,-1
2023161271121,2023,161271121,2,9,0,18,19,1,5,0,0,0,0,0,0,0,1,1,2,2,2,58,9,999,1,5,SEAT IBIZA,1,E01013229,0,-1
2023501324975,2023,501324975,1,9,0,18,19,5,1,0,0,0,0,0,0,0,1,1,6,6,1,24,5,999,1,6,SEAT IBIZA,7,E01019953,0,-1
2023471362232,2023,471362232,1,9,0,5,5,1,7,0,0,1,0,0,0,0,1,1,1,1,1,18,4,1390,1,14,SEAT IBIZA,10,E01031703,0,-1
2023221331387,2023,221331387,2,9,0,18,19,3,7,0,0,8,0,0,0,0,1,1,2,2,2,24,5,1390,1,14,SEAT IBIZA,5,E01032330,0,-1
2023141319596,2023,141319596,1,9,0,18,19,6,2,0,0,1,0,0,1,0,4,1,5,6,1,21,5,1197,1,10,SEAT IBIZA,1,E01007723,0,-1
2023041265146,2023,041265146,2,9,0,18,19,3,7,0,0,0,0,0,0,0,2,1,2,2,1,25,5,999,1,7,SEAT IBIZA,9,E01025451,0,-1
2023131385457,2023,131385457,1,9,0,9,9,4,5,0,0,8,0,0,0,0,3,1,6,6,2,22,5,1390,1,9,SEAT IBIZA,2,E01011235,0,-1
2023401344436,2023,401344436,1,9,0,9,9,1,7,0,0,5,0,0,0,0,1,1,5,6,2,21,5,1199,2,12,SEAT IBIZA,3,E01017514,0,-1
2023501335475,2023,501335475,1,9,0,18,19,4,8,0,0,1,1,0,0,0,1,1,2,2,2,18,4,1198,1,18,SEAT IBIZA,8,E01018855,0,-1
2023451327987,2023,451327987,1,9,0,7,7,5,1,0,0,0,5,0,8,9,1,1,2,2,1,33,6,999,1,4,SEAT IBIZA,6,E01003394,0,-1
2023170M11253,2023,170M11253,2,9,0,5,5,2,7,0,0,1,0,0,0,0,1,1,6,6,1,33,6,1390,1,14,SEAT IBIZA,5,E01012157,0,-1
2023451275675,2023,451275675,1,9,0,18,19,7,3,0,0,0,0,0,0,0,3,1,5,6,1,17,4,1390,1,14,SEAT IBIZA,6,E01030721,0,-1
2023070662291,2023,070662291,2,9,0,18,19,5,1,0,0,3,0,0,0,0,1,1,6,6,2,36,7,999,1,7,SEAT IBIZA,-1,-1,0,-1
2023201418329,2023,201418329,1,9,0,18,19,4,8,0,0,1,0,0,0,0,1,1,5,6,1,29,6,1390,1,8,SEAT IBIZA,4,E01010254,0,-1
2023131327468,2023,131327468,1,9,0,18,19,3,7,0,0,8,0,0,0,0,3,1,5,6,1,52,8,1796,1,18,SEAT IBIZA,6,E01011518,0,-1
2023622300402,2023,622300402,1,9,0,9,9,8,6,0,0,5,1,10,1,1,1,1,6,6,1,18,4,1390,1,15,SEAT IBIZA,4,W01001281,0,-1