collision_index,collision_year,collision_ref_no,vehicle_reference,vehicle_type,towing_and_articulation,vehicle_manoeuvre_historic,vehicle_manoeuvre,vehicle_direction_from,vehicle_direction_to,vehicle_location_restricted_lane_historic,vehicle_location_restricted_lane,junction_location,skidding_and_overturning,hit_object_in_carriageway,vehicle_leaving_carriageway,hit_object_off_carriageway,first_point_of_impact,vehicle_left_hand_drive,journey_purpose_of_driver_historic,journey_purpose_of_driver,sex_of_driver,age_of_driver,age_band_of_driver,engine_capacity_cc,propulsion_code,age_of_vehicle,generic_make_model,driver_imd_decile,lsoa_of_driver,escooter_flag,driver_distance_banding
2023361296230,2023,361296230,1,9,0,18,19,4,2,0,0,0,0,0,7,0,1,1,5,6,1,17,4,999,1,1,SEAT IBIZA,4,E01026679,0,-1
2023311265123,2023,311265123,1,9,0,4,4,5,1,0,0,0,0,0,0,0,1,1,2,2,2,20,4,1390,1,12,SEAT IBIZA,7,E01019479,0,-1
2023221331301,2023,221331301,1,9,0,5,5,3,7,0,0,4,0,0,0,0,1,1,5,6,1,20,4,999,1,1,SEAT IBIZA,10,E01033062,0,-1
2023401301661,2023,401301661,2,9,-1,-1,-1,-1,-1,-1,-1,0,-1,-1,-1,0,-1,1,6,6,1,18,4,1390,1,11,SEAT IBIZA,9,E01017558,0,-1
2023131384627,2023,131384627,2,9,0,2,2,0,0,0,0,0,0,0,0,0,1,1,6,6,3,-1,-1,999,1,5,SEAT IBIZA,-1,-1,0,-1
2023010461248,2023,010461248,1,9,0,99,99,9,9,99,99,9,9,99,9,99,1,9,6,6,2,59,9,999,1,0,SEAT IBIZA,1,E01002093,0,-1
2023430063223,2023,430063223,2,9,0,7,7,6,1,0,0,3,0,0,0,0,4,1,6,6,1,19,4,999,1,4,SEAT IBIZA,8,E01017480,0,-1
2023131261718,2023,131261718,2,9,0,9,9,7,7,0,0,8,0,0,0,0,4,1,5,6,2,22,5,1197,1,9,SEAT IBIZA,6,E01011861,0,-1
2023631341626,2023,631341626,1,9,0,16,19,5,8,0,0,0,1,0,0,0,3,1,5,6,2,18,4,1598,2,14,SEAT IBIZA,5,E01010517,0,-1
2023531292014,2023,531292014,2,9,0,9,9,7,3,0,0,2,0,0,0,0,3,1,6,6,1,24,5,1390,1,11,SEAT IBIZA,4,E01022428,0,-1
2023361309935,2023,361309935,1,9,0,7,7,1,3,0,0,0,0,0,0,0,1,1,5,6,1,20,4,1390,1,11,SEAT IBIZA,1,E01026690,0,-1
2023170L30443,2023,170L30443,1,9,0,18,19,6,2,0,0,0,0,0,0,0,1,1,2,2,1,18,4,1390,1,9,SEAT IBIZA,4,E01012105,0,-1
2023041302294,2023,041302294,1,9,0,9,9,4,2,0,0,8,0,0,0,0,4,1,6,6,1,50,8,1896,2,16,SEAT IBIZA,1,E01024940,0,-1
2023522401056,2023,522401056,2,9,0,18,19,3,7,0,0,8,0,0,0,0,1,1,6,6,1,18,4,1390,1,20,SEAT IBIZA,3,E01014827,0,-1
2023440056790,2023,440056790,2,9,0,7,7,1,3,0,0,8,0,0,0,0,1,1,6,6,1,45,7,1390,1,14,SEAT IBIZA,1,E01017040,0,-1
2023501318132,2023,501318132,1,9,0,18,19,8,3,0,0,0,0,0,0,0,1,1,6,6,1,25,5,1598,2,10,SEAT IBIZA,6,E01020145,0,-1
2023302300790,2023,302300790,2,9,0,18,19,2,6,0,0,1,0,0,0,0,1,1,6,6,1,76,11,999,1,5,SEAT IBIZA,10,E01019587,0,-1
2023061270090,2023,061270090,2,9,-1,4,4,3,7,0,0,0,0,0,0,0,2,1,6,6,1,59,9,999,1,1,SEAT IBIZA,2,E01005959,0,-1
2023430414386,2023,430414386,1,9,0,18,19,1,5,0,0,0,0,0,0,0,1,1,6,6,2,23,5,1197,1,8,SEAT IBIZA,7,E01016470,0,-1
2023201296056,2023,201296056,2,9,0,1,1,8,6,0,0,6,0,0,0,0,3,1,6,6,2,24,5,1198,1,14,SEAT IBIZA,4,E01024624,0,-1
2023070803613,2023,070803613,2,9,0,4,4,4,8,0,0,0,0,0,0,0,2,1,6,6,1,33,6,999,1,4,SEAT IBIZA,1,E01018520,0,-1
2023131389212,2023,131389212,1,9,0,16,19,1,5,0,0,1,5,4,7,0,1,1,6,6,2,21,5,1390,1,9,SEAT IBIZA,1,E01010677,0,-1
2023311325647,2023,311325647,1,9,0,18,19,4,8,0,0,0,0,0,0,0,1,1,6,6,1,-1,-1,1598,2,13,SEAT IBIZA,1,E01013862,0,-1
2023161316527,2023,161316527,2,9,0,18,19,2,6,0,0,0,0,0,0,0,4,1,6,6,2,31,6,1197,1,7,SEAT IBIZA,6,E01012953,0,-1
2023221326559,2023,221326559,1,9,0,16,19,4,7,0,0,8,0,0,0,0,1,1,6,6,1,21,5,1390,1,12,SEAT IBIZA,10,E01029678,0,-1
2023320406787,2023,320406787,1,9,0,1,1,1,5,0,0,0,0,4,0,0,2,1,6,6,2,26,6,999,1,1,SEAT IBIZA,5,E01026133,0,-1
2023302301426,2023,302301426,2,9,0,18,19,6,2,0,0,1,0,0,0,0,2,1,6,6,1,20,4,1390,1,11,SEAT IBIZA,2,E01019441,0,-1
2023070915420,2023,070915420,1,9,0,17,19,5,1,0,0,0,0,0,8,4,1,1,1,1,1,23,5,1598,2,11,SEAT IBIZA,2,E01028962,0,-1
2023451307186,2023,451307186,1,9,0,4,4,3,7,0,0,0,0,0,0,0,2,1,5,6,2,23,5,999,1,2,SEAT IBIZA,9,E01029816,0,-1
2023411330573,2023,411330573,1,9,0,18,19,4,8,0,0,0,0,0,0,0,1,1,6,6,2,24,5,1198,1,13,SEAT IBIZA,2,E01015791,0,-1
2023131263076,2023,131263076,1,9,0,18,19,2,4,0,0,0,0,0,0,0,4,1,2,2,1,21,5,999,1,8,SEAT IBIZA,7,E01011550,0,-1
2023070582817,2023,070582817,1,9,0,18,19,1,4,0,0,8,0,0,0,0,4,1,6,6,2,-1,-1,999,1,3,SEAT IBIZA,-1,-1,0,-1
2023552300542,2023,552300542,1,9,0,17,19,1,6,0,0,0,1,0,1,10,1,1,2,2,1,18,4,1390,1,12,SEAT IBIZA,6,E01020586,0,-1
2023201328487,2023,201328487,1,9,0,18,19,1,6,0,0,1,0,4,0,0,1,1,6,6,1,27,6,1197,1,10,SEAT IBIZA,4,E01009849,0,-1
2023340NN2842,2023,340NN2842,2,9,0,14,14,5,1,0,0,1,0,0,0,0,1,1,6,6,1,21,5,1199,2,12,SEAT IBIZA,7,E01027102,0,-1
2023221387861,2023,221387861,1,9,0,9,9,6,3,0,0,6,0,0,0,0,1,1,6,6,1,31,6,1598,2,12,SEAT IBIZA,1,E01032204,0,-1
2023010446728,2023,010446728,2,9,0,99,99,9,9,99,99,9,9,99,9,99,9,9,6,6,1,31,6,1197,1,12,SEAT IBIZA,5,E01001088,0,-1
2023440422460,2023,440422460,2,9,0,3,3,7,3,0,0,1,0,0,0,0,1,1,6,6,1,82,11,1198,1,19,SEAT IBIZA,10,E01017063,0,-1
2023170H10673,2023,170H10673,2,9,0,17,19,1,6,0,0,8,0,0,0,0,1,1,6,6,1,20,4,1390,1,13,SEAT IBIZA,1,E01012068,0,-1
2023430023609,2023,430023609,1,9,0,18,19,4,8,0,0,0,0,0,0,0,1,1,6,6,1,26,6,1390,1,14,SEAT IBIZA,6,E01016732,0,-1
2023991390804,2023,991390804,1,9,0,9,9,8,5,0,0,5,0,0,7,0,1,1,2,2,2,25,5,999,1,5,SEAT IBIZA,7,-1,0,-1
2023302300124,2023,302300124,1,9,0,14,14,6,2,0,0,0,0,4,0,0,3,1,6,6,1,22,5,1197,1,9,SEAT IBIZA,2,E01013483,0,-1
2023430009122,2023,430009122,1,9,0,10,10,2,8,0,0,1,0,0,0,0,2,1,2,2,1,30,6,999,1,6,SEAT IBIZA,9,E01017702,0,-1
2023522324524,2023,522324524,1,9,0,9,9,1,8,0,0,6,0,0,0,0,4,1,6,6,2,21,5,1198,1,16,SEAT IBIZA,10,E01014967,0,-1
2023631331627,2023,631331627,2,9,0,18,19,8,4,0,0,0,0,0,1,10,3,1,2,2,2,25,5,999,1,5,SEAT IBIZA,8,W01000609,0,-1
2023302400048,2023,302400048,2,9,0,-1,-1,3,7,0,0,0,0,0,0,0,1,1,6,6,2,20,4,1598,2,11,SEAT IBIZA,10,E01028382,0,-1
2023052302925,2023,052302925,1,9,0,18,19,2,6,0,0,8,0,0,0,0,1,1,6,6,2,22,5,999,1,5,SEAT IBIZA,5,E01006590,0,-1
2023351334502,2023,351334502,1,9,0,17,19,1,1,0,0,0,1,0,0,0,3,1,6,6,1,20,4,1390,1,8,SEAT IBIZA,7,E01018065,0,-1
2023052302504,2023,052302504,1,9,0,18,19,1,5,0,0,8,1,0,0,0,1,1,6,6,1,23,5,999,1,4,SEAT IBIZA,5,E01033095,0,-1
2023320776618,2023,320776618,1,9,0,16,19,5,8,0,0,0,0,0,7,9,1,1,6,6,1,17,4,1390,1,11,SEAT IBIZA,6,E01026020,0,-1
2023401351723,2023,401351723,2,9,0,17,19,5,1,0,0,2,0,0,0,0,4,1,6,6,1,22,5,1390,1,10,SEAT IBIZA,7,E01017584,0,-1
2023471292263,2023,471292263,1,9,0,18,19,7,3,0,0,0,0,0,0,0,1,1,1,1,1,85,11,1198,1,19,SEAT IBIZA,7,E01024809,0,-1
2023170M11583,2023,170M11583,2,9,0,18,19,5,1,0,0,1,0,0,0,0,1,1,6,6,1,21,5,999,1,4,SEAT IBIZA,-1,-1,0,-1
2023131280750,2023,131280750,1,9,0,9,9,7,3,0,0,6,0,0,1,0,4,1,2,2,2,27,6,1390,1,13,SEAT IBIZA,1,E01010840,0,-1
2023010474286,2023,010474286,2,9,0,99,99,9,9,99,99,9,9,99,9,99,9,9,6,6,3,-1,-1,1197,1,6,SEAT IBIZA,-1,-1,0,-1
2023991381206,2023,991381206,2,9,0,18,19,4,8,0,0,1,0,0,0,0,1,1,2,2,2,52,8,999,1,0,SEAT IBIZA,-1,-1,0,-1
2023201355976,2023,201355976,1,9,0,16,19,7,2,0,0,0,0,10,7,10,1,1,5,6,1,17,4,1390,1,13,SEAT IBIZA,1,E01010541,0,-1
2023201455468,2023,201455468,1,9,0,10,10,4,2,0,0,5,0,0,0,0,1,1,6,6,1,19,4,1197,1,7,SEAT IBIZA,2,E01009058,0,-1
2023401309198,2023,401309198,1,9,0,18,19,4,8,0,0,2,0,0,0,0,1,1,5,6,2,18,4,1199,2,12,SEAT IBIZA,10,E01017604,0,-1
2023131343043,2023,131343043,1,9,0,18,19,7,7,0,0,1,0,0,0,0,1,1,6,6,1,21,5,999,1,5,SEAT IBIZA,4,E01010919,0,-1
2023440474063,2023,440474063,2,9,0,18,19,7,3,0,0,0,0,0,0,0,2,1,6,6,1,36,7,1390,1,17,SEAT IBIZA,3,E01017089,0,-1
2023461360890,2023,461360890,2,9,0,18,19,7,3,0,0,0,0,0,0,0,1,1,6,6,1,-1,-1,1796,1,17,SEAT IBIZA,8,E01024763,0,-1
2023371355935,2023,371355935,1,9,0,9,9,4,7,0,0,8,0,0,0,0,1,1,5,6,2,32,6,1422,2,17,SEAT IBIZA,7,E01030153,0,-1
2023371373187,2023,371373187,1,9,0,17,19,8,5,0,0,3,0,0,1,0,3,1,5,6,1,18,4,1198,1,19,SEAT IBIZA,6,E01030041,0,-1
2023421355417,2023,421355417,1,9,0,17,19,7,3,0,0,0,5,0,0,0,1,1,5,6,1,18,4,1198,1,11,SEAT IBIZA,5,E01021814,0,-1
2023610013223,2023,610013223,1,9,0,18,19,1,0,0,0,0,0,0,1,11,1,1,6,6,2,24,5,999,1,7,SEAT IBIZA,2,W01001443,0,-1
2023411345161,2023,411345161,2,9,0,18,19,-1,-1,0,0,1,0,0,0,0,-1,1,2,2,2,27,6,999,1,5,SEAT IBIZA,7,E01023434,0,-1
2023141347349,2023,141347349,1,9,0,18,19,6,2,0,0,0,0,12,0,0,1,1,2,2,1,24,5,1198,1,12,SEAT IBIZA,4,E01008088,0,-1
2023061315283,2023,061315283,2,9,0,9,9,6,3,0,0,8,0,0,0,0,4,1,6,6,1,20,4,999,1,5,SEAT IBIZA,1,E01006305,0,-1
2023302301554,2023,302301554,2,9,0,18,19,8,4,0,0,2,1,0,0,0,3,1,2,2,2,35,6,1390,1,10,SEAT IBIZA,7,E01019443,0,-1
202360A135998,2023,60A135998,2,9,0,4,4,8,4,0,0,0,0,0,0,0,2,1,6,6,1,26,6,1390,1,9,SEAT IBIZA,-1,-1,0,-1
2023430155793,2023,430155793,1,9,0,18,19,2,6,0,0,3,0,0,0,0,4,1,6,6,2,22,5,999,1,4,SEAT IBIZA,6,E01016817,0,-1
2023061346185,2023,061346185,2,9,0,9,9,3,1,0,0,1,0,0,0,0,3,1,6,6,2,19,4,1390,1,10,SEAT IBIZA,1,E01005321,0,-1
2023361322871,2023,361322871,1,9,0,-1,-1,1,5,0,0,0,0,0,0,0,-1,1,6,6,2,36,7,1390,1,17,SEAT IBIZA,7,E01026885,0,-1
2023201358409,2023,201358409,1,9,0,18,19,8,4,0,0,2,0,0,0,0,1,1,6,6,1,19,4,1198,1,8,SEAT IBIZA,2,E01010300,0,-1
2023451304528,2023,451304528,1,9,0,18,19,7,3,0,0,0,0,0,0,0,1,1,5,6,1,20,4,1598,1,13,SEAT IBIZA,8,E01024763,0,-1
2023991351412,2023,991351412,1,9,0,18,19,1,5,0,0,0,0,0,0,0,1,1,6,6,1,23,5,1197,1,6,SEAT IBIZA,8,-1,0,-1
2023401356070,2023,401356070,2,9,0,18,19,8,4,0,0,8,0,0,0,0,1,1,6,6,2,37,7,1390,1,10,SEAT IBIZA,4,E01015723,0,-1
2023411330203,2023,411330203,1,9,0,7,7,5,1,9,9,1,0,0,1,11,1,1,5,6,1,22,5,1198,1,8,SEAT IBIZA,9,E01023964,0,-1
2023201363459,2023,201363459,1,9,0,18,19,5,1,0,0,8,0,0,0,0,1,1,6,6,2,19,4,1390,1,9,SEAT IBIZA,3,E01013455,0,-1
2023041284675,2023,041284675,1,9,0,9,9,5,3,0,0,1,0,11,0,0,1,1,5,6,1,22,5,999,1,5,SEAT IBIZA,6,E01025261,0,-1
2023991341115,2023,991341115,2,9,0,2,2,0,0,0,0,0,5,0,1,11,3,1,6,6,3,-1,-1,999,1,4,SEAT IBIZA,-1,-1,0,-1
2023631383008,2023,631383008,2,9,0,4,4,4,2,0,0,0,0,0,0,0,1,1,5,6,1,67,10,1390,1,10,SEAT IBIZA,6,W01000666,0,-1
2023332300732,2023,332300732,2,9,0,9,9,8,6,0,0,7,0,0,0,0,3,1,6,6,2,20,4,1390,1,10,SEAT IBIZA,8,E01025663,0,-1
2023101334664,2023,101334664,2,9,0,3,3,5,1,0,0,0,0,0,0,0,2,1,5,6,2,18,4,1198,1,11,SEAT IBIZA,5,E01009293,0,-1
2023122300358,2023,122300358,2,9,0,18,19,7,3,0,0,1,2,0,0,0,4,1,6,6,2,33,6,999,1,2,SEAT IBIZA,4,E01012990,0,-1
2023471334617,2023,471334617,1,9,0,14,14,5,1,0,0,2,0,0,0,0,3,1,1,1,2,21,5,999,1,4,SEAT IBIZA,4,E01031608,0,-1
2023991306805,2023,991306805,1,9,0,11,11,3,7,0,0,0,2,0,0,0,3,1,2,2,2,23,5,1390,1,8,SEAT IBIZA,7,-1,0,-1
2023231305175,2023,231305175,1,9,0,1,1,7,3,0,0,0,0,0,0,0,2,1,6,6,1,18,4,1390,1,14,SEAT IBIZA,10,E01031225,0,-1
2023131371738,2023,131371738,1,9,0,14,14,2,6,0,0,1,0,0,0,0,0,1,6,6,3,-1,-1,1390,1,14,SEAT IBIZA,-1,-1,0,-1
2023361283375,2023,361283375,2,9,0,4,4,7,3,0,0,0,0,0,0,0,2,1,6,6,1,55,8,1199,2,11,SEAT IBIZA,6,E01026737,0,-1
2023991282887,2023,991282887,2,9,0,18,19,7,3,0,0,0,0,0,0,0,2,1,5,6,2,22,5,999,1,2,SEAT IBIZA,5,-1,0,-1
2023991387923,2023,991387923,1,9,0,18,19,1,7,0,0,1,0,0,0,0,3,1,5,6,1,53,8,1390,1,12,SEAT IBIZA,1,-1,0,-1
2023451347122,2023,451347122,2,9,0,18,19,5,1,0,0,0,5,0,0,0,3,1,2,2,2,43,7,1390,1,9,SEAT IBIZA,10,E01031734,0,-1
2023131362395,2023,131362395,2,9,0,18,19,3,7,0,0,0,0,0,0,0,2,1,2,2,1,25,5,1390,1,8,SEAT IBIZA,3,E01011907,0,-1
2023201370813,2023,201370813,2,9,0,3,3,1,5,0,0,4,0,0,0,0,2,1,2,2,2,64,9,1390,1,12,SEAT IBIZA,9,E01010398,0,-1
2023221265467,2023,221265467,1,9,0,18,19,6,2,0,0,4,0,0,0,0,1,1,2,2,1,25,5,1198,1,13,SEAT IBIZA,8,E01032334,0,-1
2023320654308,2023,320654308,1,9,0,18,19,8,4,0,0,0,0,0,0,0,1,1,6,6,2,22,5,1390,1,13,SEAT IBIZA,4,E01026060,0,-1
202354D104923,2023,54D104923,1,9,0,18,19,1,5,0,0,0,0,0,7,1,1,1,1,1,2,18,4,999,1,3,SEAT IBIZA,8,E01014931,0,-1
2023101327593,2023,101327593,2,9,0,18,19,3,7,0,0,1,0,0,0,0,1,1,5,6,1,22,5,1968,2,11,SEAT IBIZA,8,E01027425,0,-1
2023430536693,2023,430536693,1,9,0,18,19,6,2,0,0,1,0,0,0,0,1,1,2,2,1,43,7,1197,1,11,SEAT IBIZA,10,E01028455,0,-1
2023131315642,2023,131315642,3,9,0,4,4,3,7,0,0,0,0,0,0,0,1,1,6,6,2,65,9,1197,1,8,SEAT IBIZA,10,E01011213,0,-1
2023430150559,2023,430150559,2,9,0,18,19,5,1,0,0,1,0,0,0,0,1,1,6,6,2,-1,-1,1198,1,16,SEAT IBIZA,-1,-1,0,-1
2023010462434,2023,010462434,1,9,0,99,99,9,9,99,99,9,9,99,9,99,2,9,6,6,1,41,7,999,1,5,SEAT IBIZA,2,E01003240,0,-1
2023170S10513,2023,170S10513,2,9,0,9,9,3,1,0,0,1,0,0,0,0,1,1,6,6,3,-1,-1,1198,1,15,SEAT IBIZA,-1,-1,0,-1
2023131379653,2023,131379653,2,9,0,18,19,1,5,0,0,1,0,0,0,0,4,1,6,6,2,26,6,1199,2,9,SEAT IBIZA,1,E01010868,0,-1
2023122301242,2023,122301242,1,9,0,17,19,8,4,0,0,0,1,0,7,0,3,1,6,6,1,20,4,1197,1,7,SEAT IBIZA,6,E01027622,0,-1
2023201301223,2023,201301223,1,9,0,1,1,2,6,0,0,6,0,0,0,0,2,1,6,6,1,-1,-1,1198,1,16,SEAT IBIZA,-1,-1,0,-1
2023131292777,2023,131292777,1,9,0,18,19,1,5,0,0,1,0,0,0,0,1,1,5,6,3,22,5,1197,1,11,SEAT IBIZA,4,E01010669,0,-1
2023201409119,2023,201409119,1,9,0,18,19,8,4,0,0,0,0,0,0,0,2,1,6,6,3,24,5,1390,1,10,SEAT IBIZA,2,E01010047,0,-1
2023111377482,2023,111377482,1,9,0,18,19,6,2,0,0,1,0,0,0,0,1,1,6,6,2,30,6,999,1,4,SEAT IBIZA,-1,-1,0,-1
2023201291586,2023,201291586,1,9,0,16,19,3,7,0,0,0,0,0,0,0,2,1,6,6,3,22,5,1197,1,12,SEAT IBIZA,1,E01009491,0,-1
2023010477066,2023,010477066,1,9,0,7,7,5,8,0,0,1,5,9,0,0,1,1,6,6,2,25,5,999,1,7,SEAT IBIZA,7,E01021439,0,-1
2023201291600,2023,201291600,1,9,0,18,19,4,8,0,0,8,0,0,0,0,1,1,6,6,1,22,5,1390,1,13,SEAT IBIZA,4,E01009894,0,-1
2023520000566,2023,520000566,2,9,0,9,9,-1,-1,0,0,8,0,0,0,0,3,1,6,6,1,18,4,1197,1,7,SEAT IBIZA,9,E01032099,0,-1
2023061332688,2023,061332688,2,9,0,18,19,6,2,0,0,0,0,0,0,0,2,1,5,6,1,57,9,1390,1,11,SEAT IBIZA,1,E01005009,0,-1
2023302301143,2023,302301143,2,9,0,10,10,4,3,0,0,0,0,0,0,0,2,1,6,6,1,28,6,1390,1,10,SEAT IBIZA,1,E01019625,0,-1
2023332300974,2023,332300974,1,9,0,5,5,1,5,0,0,4,0,0,0,0,2,1,2,2,1,65,9,999,1,1,SEAT IBIZA,10,E01025651,0,-1
2023041328006,2023,041328006,2,9,0,2,2,7,3,6,6,0,0,7,0,0,2,1,6,6,1,43,7,999,1,2,SEAT IBIZA,3,E01012741,0,-1
2023061307015,2023,061307015,1,9,0,6,6,3,2,0,0,1,0,0,0,0,1,1,6,6,1,30,6,1390,1,10,SEAT IBIZA,1,E01005433,0,-1
2023131314348,2023,131314348,3,9,0,13,13,5,1,0,0,1,0,0,7,1,1,1,5,6,2,32,6,1390,1,9,SEAT IBIZA,3,E01032923,0,-1
2023131278566,2023,131278566,2,9,0,16,19,1,5,0,0,8,0,0,0,0,0,1,6,6,3,-1,-1,1498,1,5,SEAT IBIZA,-1,-1,0,-1
2023332300263,2023,332300263,1,9,0,18,19,8,4,0,0,8,0,0,7,3,4,1,6,6,2,26,6,1199,2,11,SEAT IBIZA,1,E01013603,0,-1
2023010469432,2023,010469432,2,9,0,99,99,9,9,99,99,9,9,99,9,99,1,9,6,6,3,-1,-1,999,1,7,SEAT IBIZA,-1,-1,0,-1
2023201383268,2023,201383268,2,9,0,2,2,0,0,0,0,1,0,0,0,0,3,1,1,1,2,24,5,1197,1,7,SEAT IBIZA,-1,-1,0,-1
2023141365275,2023,141365275,3,9,0,18,19,7,3,0,0,0,0,0,0,0,1,1,5,6,2,24,5,1390,1,12,SEAT IBIZA,1,E01007779,0,-1
2023131276281,2023,131276281,2,9,0,11,11,1,5,0,0,1,0,0,0,0,4,2,5,6,2,21,5,1199,2,11,SEAT IBIZA,1,E01011316,0,-1
2023131312332,2023,131312332,1,9,0,9,9,1,3,0,0,8,0,0,0,0,1,1,5,6,2,21,5,999,1,5,SEAT IBIZA,2,E01010799,0,-1
2023991393117,2023,991393117,2,9,0,18,19,8,3,0,0,8,0,0,0,0,1,1,2,2,2,21,5,999,1,3,SEAT IBIZA,3,-1,0,-1
2023201316368,2023,201316368,1,9,0,18,19,7,3,0,0,8,0,0,0,0,1,1,6,6,1,21,5,999,1,4,SEAT IBIZA,7,E01009453,0,-1
2023421312100,2023,421312100,2,9,0,18,19,5,1,0,0,0,0,0,0,0,1,1,5,6,1,23,5,1197,1,8,SEAT IBIZA,7,E01021407,0,-1
2023302300096,2023,302300096,1,9,0,18,19,8,4,0,0,1,0,0,0,0,1,1,6,6,2,26,6,1197,1,8,SEAT IBIZA,2,E01019572,0,-1
2023161290235,2023,161290235,1,9,0,5,5,5,1,0,0,6,0,0,0,0,1,1,5,6,2,39,7,1390,1,10,SEAT IBIZA,1,E01012918,0,-1
2023471285087,2023,471285087,1,9,0,18,19,3,7,0,0,1,0,0,0,0,1,1,5,6,2,77,11,1198,1,12,SEAT IBIZA,6,E01030587,0,-1
2023231347302,2023,231347302,1,9,0,7,7,6,8,0,0,6,0,0,0,0,1,1,6,6,1,21,5,999,1,1,SEAT IBIZA,-1,-1,0,-1
2023471351710,2023,471351710,1,9,0,16,19,7,1,0,0,0,0,10,7,4,1,1,5,6,1,19,4,1390,1,11,SEAT IBIZA,6,E01021058,0,-1
2023111265854,2023,111265854,1,9,0,7,7,3,7,0,0,1,0,0,0,0,1,1,5,6,1,76,11,1390,1,15,SEAT IBIZA,2,E01020823,0,-1
2023041265572,2023,041265572,1,9,0,18,19,3,7,0,0,8,0,0,0,0,1,1,2,2,2,31,6,999,1,5,SEAT IBIZA,1,E01012679,0,-1
2023052303073,2023,052303073,1,9,0,18,19,1,5,0,0,1,0,0,0,0,1,1,6,6,1,-1,-1,1390,1,14,SEAT IBIZA,-1,-1,0,-1
2023131296840,2023,131296840,2,9,0,18,19,7,3,0,0,8,1,0,0,0,2,1,5,6,1,20,4,1422,2,14,SEAT IBIZA,7,E01012966,0,-1
2023161374182,2023,161374182,1,9,0,18,19,2,6,0,0,2,0,0,0,0,1,1,5,6,2,44,7,1390,1,16,SEAT IBIZA,1,E01012833,0,-1
2023221309136,2023,221309136,1,9,0,17,19,1,7,0,0,0,0,0,0,0,1,1,2,2,1,26,6,1390,1,15,SEAT IBIZA,5,E01029569,0,-1
2023461301807,2023,461301807,1,9,0,18,19,7,3,0,0,1,1,0,5,0,1,1,2,2,1,41,7,1197,1,8,SEAT IBIZA,5,E01024379,0,-1
2023451311535,2023,451311535,2,9,0,18,19,1,5,0,0,6,1,0,0,0,3,1,6,6,2,59,9,1390,1,17,SEAT IBIZA,8,E01030333,0,-1
2023170L30293,2023,170L30293,1,9,0,2,2,0,0,0,0,0,0,0,0,0,1,1,6,6,1,18,4,1968,2,9,SEAT IBIZA,2,E01012031,0,-1
2023440217416,2023,440217416,1,9,0,18,19,6,2,0,0,0,0,0,0,0,4,1,6,6,2,25,5,999,1,2,SEAT IBIZA,10,E01022748,0,-1
2023141275175,2023,141275175,1,9,0,4,4,5,1,0,0,0,0,0,0,0,2,1,6,6,1,25,5,1197,1,10,SEAT IBIZA,1,E01007372,0,-1
2023371291374,2023,371291374,2,9,0,18,19,1,5,0,0,0,0,0,4,0,2,1,5,6,2,21,5,1390,1,13,SEAT IBIZA,9,E01021740,0,-1
2023440211691,2023,440211691,2,9,0,18,19,3,7,0,0,1,0,0,1,2,1,1,2,2,1,19,4,1390,1,20,SEAT IBIZA,6,E01023017,0,-1
2023201431392,2023,201431392,1,9,0,18,19,3,7,0,0,8,0,0,0,0,4,1,6,6,1,-1,-1,1390,1,13,SEAT IBIZA,1,E01009269,0,-1
2023111349077,2023,111349077,3,9,0,18,19,6,2,0,0,0,0,0,0,0,1,1,2,2,2,26,6,999,1,2,SEAT IBIZA,5,E01020867,0,-1
2023411278803,2023,411278803,1,9,0,18,19,1,5,0,0,0,0,0,0,0,1,1,6,6,2,22,5,999,1,6,SEAT IBIZA,7,E01002111,0,-1
2023610026323,2023,610026323,2,9,0,5,5,5,3,0,0,8,0,0,0,0,4,1,6,6,1,23,5,1598,1,14,SEAT IBIZA,8,W01001677,0,-1
2023101392480,2023,101392480,2,9,0,18,19,6,2,0,0,8,0,0,0,0,4,1,2,2,2,30,6,999,1,1,SEAT IBIZA,4,E01020609,0,-1
2023201321914,2023,201321914,1,9,0,18,19,6,2,0,0,0,0,0,0,0,1,1,6,6,2,21,5,1390,1,8,SEAT IBIZA,1,E01009343,0,-1
2023061379387,2023,061379387,2,9,0,18,19,2,6,0,0,1,0,0,0,0,2,1,2,2,2,34,6,999,1,3,SEAT IBIZA,4,E01006158,0,-1
2023161281603,2023,161281603,1,9,0,18,19,4,8,0,0,0,0,0,0,0,1,1,2,2,2,18,4,999,1,4,SEAT IBIZA,7,E01007605,0,-1
2023421340944,2023,421340944,4,9,0,3,3,2,6,0,0,0,0,0,0,0,2,1,5,6,1,24,5,999,1,5,SEAT IBIZA,2,E01002310,0,-1
2023461336961,2023,461336961,1,9,0,18,19,5,1,0,0,0,1,0,4,0,4,1,6,6,1,17,4,1390,1,16,SEAT IBIZA,8,E01032818,0,-1
2023041267683,2023,041267683,2,9,0,18,19,1,5,0,0,0,0,0,0,0,1,1,2,2,1,40,7,1598,1,15,SEAT IBIZA,6,E01025002,0,-1
2023421291024,2023,421291024,2,9,0,18,19,8,4,0,0,0,0,0,4,0,3,1,6,6,1,25,5,1390,1,15,SEAT IBIZA,3,E01008108,0,-1
2023061386538,2023,061386538,2,9,0,18,19,4,8,0,0,1,0,0,0,0,4,1,3,7,1,20,4,999,1,3,SEAT IBIZA,8,E01004845,0,-1
2023421334194,2023,421334194,2,9,0,3,3,5,1,0,0,1,0,0,0,0,1,1,6,6,2,59,9,1390,1,15,SEAT IBIZA,10,E01015830,0,-1