collision_index,collision_year,collision_ref_no,vehicle_reference,vehicle_type,towing_and_articulation,vehicle_manoeuvre_historic,vehicle_manoeuvre,vehicle_direction_from,vehicle_direction_to,vehicle_location_restricted_lane_historic,vehicle_location_restricted_lane,junction_location,skidding_and_overturning,hit_object_in_carriageway,vehicle_leaving_carriageway,hit_object_off_carriageway,first_point_of_impact,vehicle_left_hand_drive,journey_purpose_of_driver_historic,journey_purpose_of_driver,sex_of_driver,age_of_driver,age_band_of_driver,engine_capacity_cc,propulsion_code,age_of_vehicle,generic_make_model,driver_imd_decile,lsoa_of_driver,escooter_flag,driver_distance_banding
2023311319938,2023,311319938,1,9,0,18,19,3,7,0,0,0,0,0,0,0,1,1,6,6,1,20,4,1390,1,13,SEAT IBIZA,1,E01013823,0,-1
2023522400051,2023,522400051,1,9,0,18,19,1,5,0,0,8,0,0,0,0,3,1,6,6,2,28,6,1390,1,10,SEAT IBIZA,6,E01014613,0,-1
2023131261738,2023,131261738,1,9,0,5,5,2,4,0,0,1,0,0,7,0,3,1,5,6,1,20,4,1197,1,7,SEAT IBIZA,2,E01011324,0,-1
2023622300148,2023,622300148,1,9,0,1,1,6,2,0,0,0,0,0,0,0,2,1,6,6,1,19,4,999,1,1,SEAT IBIZA,2,W01001020,0,-1
2023201292056,2023,201292056,2,9,0,9,9,6,4,0,0,5,0,0,0,0,4,1,1,1,1,18,4,1422,2,13,SEAT IBIZA,3,E01009587,0,-1
2023430323496,2023,430323496,1,9,0,4,4,8,4,0,0,0,0,0,0,0,3,1,6,6,1,20,4,1198,1,8,SEAT IBIZA,10,E01028780,0,-1
2023131391782,2023,131391782,2,9,0,9,9,1,5,0,0,6,0,0,0,0,3,1,2,2,1,20,4,1390,1,15,SEAT IBIZA,1,E01011620,0,-1
2023122301335,2023,122301335,1,9,0,16,19,5,3,0,0,0,0,0,0,0,1,1,6,6,1,24,5,1390,1,15,SEAT IBIZA,6,E01027834,0,-1
2023421284979,2023,421284979,2,9,0,3,3,1,5,0,0,0,0,0,0,0,3,1,6,6,2,39,7,1197,1,8,SEAT IBIZA,10,E01021605,0,-1
2023211337260,2023,211337260,1,9,0,7,7,4,5,0,0,5,0,0,0,0,4,1,5,6,2,31,6,1199,2,9,SEAT IBIZA,4,E01029603,0,-1
2023461311344,2023,461311344,1,9,0,3,3,3,7,0,0,1,1,0,0,0,1,1,6,6,2,61,9,1197,1,11,SEAT IBIZA,6,E01024456,0,-1
2023546483823,2023,546483823,1,9,0,18,19,6,2,0,0,1,5,4,0,0,1,1,6,6,1,18,4,999,1,2,SEAT IBIZA,7,E01031926,0,-1
2023231289264,2023,231289264,1,9,0,6,6,5,5,0,0,8,0,0,0,0,4,1,6,6,1,77,11,1390,1,12,SEAT IBIZA,9,E01031125,0,-1
2023161293666,2023,161293666,1,9,0,13,13,7,3,0,0,0,0,0,0,0,1,1,6,6,1,19,4,1598,2,13,SEAT IBIZA,7,E01013294,0,-1
2023332300991,2023,332300991,1,9,0,18,19,1,5,0,0,1,0,0,0,0,1,1,6,6,1,23,5,1198,1,14,SEAT IBIZA,3,E01013775,0,-1
2023552301091,2023,552301091,2,9,0,2,2,0,0,0,0,0,0,0,0,0,2,1,6,6,1,39,7,1896,2,14,SEAT IBIZA,10,E01020377,0,-1
2023332300187,2023,332300187,2,9,0,18,19,1,5,0,0,8,0,0,0,0,4,1,2,2,1,25,5,1197,1,12,SEAT IBIZA,6,E01025756,0,-1
2023131273356,2023,131273356,2,9,0,18,19,5,8,0,0,1,0,0,0,0,1,1,2,2,2,19,4,999,1,7,SEAT IBIZA,9,E01011565,0,-1
2023471347151,2023,471347151,1,9,0,17,19,2,6,0,0,0,0,0,0,0,1,1,5,6,1,20,4,999,1,6,SEAT IBIZA,6,E01031392,0,-1
2023451340065,2023,451340065,1,9,0,1,1,3,1,0,0,0,0,0,0,0,1,1,6,6,1,23,5,1198,1,16,SEAT IBIZA,5,E01030493,0,-1
2023311282786,2023,311282786,2,9,0,1,1,3,7,0,0,1,0,0,0,0,2,1,6,6,1,19,4,1390,1,14,SEAT IBIZA,7,E01013977,0,-1
2023211337610,2023,211337610,1,9,0,18,19,1,5,0,0,0,0,0,1,0,1,1,5,6,1,18,4,1390,1,13,SEAT IBIZA,7,E01029480,0,-1
2023111376651,2023,111376651,1,9,0,18,19,4,8,0,0,0,0,0,0,0,1,1,5,6,1,23,5,1390,1,9,SEAT IBIZA,2,E01008383,0,-1
2023411306559,2023,411306559,1,9,0,18,19,7,3,0,0,0,0,4,0,0,1,1,5,6,2,63,9,1197,1,6,SEAT IBIZA,5,E01023791,0,-1
2023071052538,2023,071052538,4,9,0,4,4,6,2,0,0,0,0,0,0,0,2,1,2,2,1,18,4,1598,2,12,SEAT IBIZA,8,W01000280,0,-1
2023170L21083,2023,170L21083,1,9,0,18,19,8,4,0,0,8,0,0,0,0,1,1,6,6,1,27,6,1390,1,17,SEAT IBIZA,1,E01033470,0,-1
2023332301265,2023,332301265,1,9,0,18,19,1,5,0,0,8,0,0,0,0,2,1,6,6,1,21,5,1390,1,9,SEAT IBIZA,8,E01032598,0,-1
2023041359967,2023,041359967,1,9,0,18,19,5,1,0,0,0,0,0,1,0,1,1,6,6,1,18,4,999,1,5,SEAT IBIZA,10,E01025316,0,-1
2023201322798,2023,201322798,3,9,0,18,19,4,6,0,0,0,0,0,0,0,3,1,6,6,1,48,8,999,1,2,SEAT IBIZA,8,E01031323,0,-1
2023201413746,2023,201413746,1,9,0,12,12,8,4,0,0,0,0,0,0,0,1,1,6,6,3,-1,-1,1390,1,11,SEAT IBIZA,-1,-1,0,-1
2023302301481,2023,302301481,2,9,0,17,19,4,1,0,0,0,0,0,0,0,1,1,6,6,2,17,4,999,1,8,SEAT IBIZA,7,E01019607,0,-1
2023041351316,2023,041351316,2,9,0,5,5,1,5,0,0,1,1,0,0,0,1,1,6,6,1,61,9,1198,1,16,SEAT IBIZA,10,E01025350,0,-1
2023201316266,2023,201316266,1,9,0,18,19,8,4,0,0,0,0,0,0,0,1,1,6,6,1,20,4,1390,1,14,SEAT IBIZA,1,E01033647,0,-1
2023471259748,2023,471259748,1,9,0,9,9,7,5,0,0,8,0,0,0,0,0,1,1,1,1,60,9,1199,2,13,SEAT IBIZA,3,E01021178,0,-1
2023010478245,2023,010478245,2,9,0,99,99,9,9,99,99,9,9,99,9,99,9,9,6,6,1,29,6,1390,1,11,SEAT IBIZA,4,E01000612,0,-1
2023471327587,2023,471327587,1,9,0,17,19,8,4,0,0,0,0,0,1,4,1,1,6,6,2,33,6,1390,1,14,SEAT IBIZA,5,E01031512,0,-1
2023631318731,2023,631318731,1,9,0,18,19,2,6,0,0,2,0,0,0,0,1,1,2,2,1,24,5,1395,1,9,SEAT IBIZA,5,W01000060,0,-1
2023231376948,2023,231376948,1,9,0,18,19,8,4,0,0,1,0,0,1,0,1,1,2,2,2,19,4,999,1,6,SEAT IBIZA,8,E01031230,0,-1
2023471387153,2023,471387153,1,9,0,18,19,3,7,0,0,0,0,0,0,0,1,1,5,6,2,22,5,1390,1,14,SEAT IBIZA,9,E01022929,0,-1
2023411263908,2023,411263908,1,9,0,14,14,8,4,0,0,0,0,4,0,0,4,1,6,6,1,22,5,1390,1,9,SEAT IBIZA,8,E01033029,0,-1
2023201276629,2023,201276629,2,9,0,18,19,8,4,0,0,0,0,0,0,0,1,1,6,6,1,-1,-1,1390,1,16,SEAT IBIZA,1,E01009300,0,-1
2023131373413,2023,131373413,3,9,0,2,2,0,0,0,0,8,0,4,0,0,3,1,6,6,3,-1,-1,999,1,2,SEAT IBIZA,-1,-1,0,-1
2023622300674,2023,622300674,1,9,0,7,7,7,1,0,0,6,1,0,0,0,1,1,6,6,3,-1,-1,1968,2,13,SEAT IBIZA,-1,-1,0,-1
2023471366217,2023,471366217,3,9,0,4,4,6,1,0,0,1,0,0,0,0,3,1,6,6,2,22,5,1197,1,7,SEAT IBIZA,10,E01031699,0,-1
2023531365496,2023,531365496,1,9,0,17,19,3,7,0,0,2,2,0,1,11,4,1,2,2,1,20,4,999,1,2,SEAT IBIZA,-1,-1,0,-1
2023401276620,2023,401276620,2,9,0,7,7,8,3,0,0,8,1,0,0,0,3,1,6,6,1,46,8,1390,1,12,SEAT IBIZA,8,E01017461,0,-1
2023071233718,2023,071233718,1,9,0,16,19,1,5,0,0,0,1,0,0,0,1,1,2,2,2,19,4,999,1,3,SEAT IBIZA,8,E01005791,0,-1
2023302300806,2023,302300806,1,9,0,18,19,2,6,0,0,0,0,0,0,0,1,1,6,6,1,21,5,1390,1,9,SEAT IBIZA,6,E01019873,0,-1
2023501301048,2023,501301048,1,9,0,18,19,1,5,0,0,0,0,0,0,0,1,1,6,6,1,22,5,1390,1,10,SEAT IBIZA,3,E01015248,0,-1
2023371430508,2023,371430508,1,9,0,18,19,2,6,0,0,0,0,0,7,4,1,1,6,6,2,20,4,1198,1,14,SEAT IBIZA,8,E01033443,0,-1
2023221379555,2023,221379555,1,9,0,9,9,4,3,0,0,0,0,0,0,0,1,1,6,6,1,53,8,999,1,1,SEAT IBIZA,-1,-1,0,-1
202363A014523,2023,63A014523,2,9,0,4,4,4,7,0,0,0,0,0,0,0,3,1,6,6,1,27,6,1390,1,10,SEAT IBIZA,3,W01000711,0,-1
2023141392532,2023,141392532,1,9,0,7,7,2,4,0,0,5,1,0,0,0,1,1,6,6,3,-1,-1,999,1,5,SEAT IBIZA,-1,-1,0,-1
2023421357531,2023,421357531,1,9,0,5,5,7,3,0,0,0,0,0,0,0,4,1,6,6,2,58,9,999,1,2,SEAT IBIZA,8,E01022091,0,-1
2023101343719,2023,101343719,2,9,0,18,19,3,7,0,0,4,0,0,0,0,1,1,6,6,1,21,5,1197,1,11,SEAT IBIZA,-1,-1,0,-1
2023131343969,2023,131343969,1,9,0,4,4,2,6,0,0,0,0,0,0,0,2,1,5,6,2,25,5,999,1,3,SEAT IBIZA,3,E01011333,0,-1
2023211353451,2023,211353451,2,9,0,3,3,-1,-1,0,0,4,1,0,0,0,-1,1,1,1,1,40,7,1198,1,11,SEAT IBIZA,-1,-1,0,-1
2023101261384,2023,101261384,2,9,0,4,4,1,1,0,0,4,0,0,0,0,2,1,5,6,1,48,8,1390,1,15,SEAT IBIZA,-1,-1,0,-1
2023631346189,2023,631346189,1,9,0,17,19,1,5,0,0,0,0,0,7,4,1,1,6,6,2,20,4,1197,1,11,SEAT IBIZA,5,W01000696,0,-1
2023501349151,2023,501349151,1,9,0,16,19,6,3,0,0,0,1,0,1,10,4,1,5,6,1,20,4,1390,1,17,SEAT IBIZA,4,E01018880,0,-1
2023061298734,2023,061298734,1,9,0,13,13,6,2,0,0,1,0,0,0,0,1,1,6,6,1,32,6,999,1,4,SEAT IBIZA,-1,-1,0,-1
2023351259287,2023,351259287,1,9,0,11,11,7,3,0,0,0,2,0,1,0,4,1,6,6,1,22,5,1896,2,18,SEAT IBIZA,9,E01018037,0,-1
2023371337901,2023,371337901,1,9,0,5,5,3,7,0,0,1,0,0,0,0,0,1,5,6,2,17,4,999,1,4,SEAT IBIZA,6,E01030063,0,-1
2023041392296,2023,041392296,2,9,0,18,19,7,3,0,0,0,1,0,2,7,2,1,5,6,1,30,6,1197,1,7,SEAT IBIZA,1,E01012601,0,-1
2023131298149,2023,131298149,3,9,0,4,4,3,7,0,0,0,0,0,0,0,2,1,5,6,2,33,6,1398,1,14,SEAT IBIZA,7,E01011410,0,-1
2023430331051,2023,430331051,1,9,0,9,9,8,6,0,0,5,0,0,7,2,1,1,6,6,1,21,5,1198,1,16,SEAT IBIZA,7,E01017925,0,-1
2023201337327,2023,201337327,2,9,0,18,19,1,5,0,0,8,0,0,0,0,3,1,6,6,1,28,6,1390,1,10,SEAT IBIZA,8,E01010507,0,-1
2023141284508,2023,141284508,2,9,0,18,19,1,6,0,0,1,0,10,0,0,3,1,5,6,1,53,8,1197,1,9,SEAT IBIZA,1,E01033269,0,-1
2023421402081,2023,421402081,2,9,0,18,19,7,1,0,0,3,1,10,7,0,4,1,5,6,2,27,6,1197,1,7,SEAT IBIZA,8,E01022091,0,-1
2023131333765,2023,131333765,1,9,0,9,9,5,2,0,0,4,0,0,0,0,1,1,5,6,1,27,6,1598,2,12,SEAT IBIZA,2,E01011235,0,-1
2023522400022,2023,522400022,2,9,0,5,5,4,2,0,0,0,0,0,0,0,1,1,6,6,2,-1,-1,1391,1,21,SEAT IBIZA,-1,-1,0,-1
2023141275175,2023,141275175,2,9,0,4,4,5,1,0,0,0,0,0,0,0,2,1,2,2,1,24,5,999,1,4,SEAT IBIZA,4,E01007445,0,-1
2023421305467,2023,421305467,1,9,0,5,5,4,2,0,0,6,0,0,0,0,1,1,5,6,2,32,6,999,1,6,SEAT IBIZA,9,E01021555,0,-1
2023031336225,2023,031336225,2,9,0,18,19,7,3,0,0,0,0,11,0,0,1,1,5,6,1,41,7,1197,1,7,SEAT IBIZA,5,E01027795,0,-1
2023101381435,2023,101381435,2,9,0,8,8,4,8,0,0,8,0,0,0,0,2,1,6,6,2,51,8,1390,1,9,SEAT IBIZA,10,E01008475,0,-1
2023061365452,2023,061365452,1,9,0,18,19,2,6,0,0,0,5,0,0,0,1,1,5,6,1,29,6,1197,1,7,SEAT IBIZA,-1,-1,0,-1
2023461375288,2023,461375288,1,9,0,9,9,2,1,0,0,1,0,0,0,0,1,1,6,6,2,66,10,1390,1,9,SEAT IBIZA,6,E01024428,0,-1
2023131326376,2023,131326376,1,9,0,18,19,5,1,0,0,1,0,0,0,0,1,1,5,6,1,18,4,999,1,1,SEAT IBIZA,6,E01027915,0,-1
2023101286282,2023,101286282,1,9,0,16,19,3,7,0,0,0,5,0,7,0,1,1,5,6,1,19,4,1197,1,7,SEAT IBIZA,7,E01027495,0,-1
2023010426396,2023,010426396,1,9,0,10,10,3,1,0,0,6,0,0,0,0,4,1,6,6,2,51,8,1395,1,8,SEAT IBIZA,9,E01003890,0,-1
2023041296016,2023,041296016,2,9,0,18,19,5,1,0,0,0,0,0,0,0,3,1,5,6,2,54,8,1896,2,18,SEAT IBIZA,7,E01025565,0,-1
2023122300164,2023,122300164,2,9,0,18,19,3,7,0,0,1,0,0,1,0,3,1,6,6,1,22,5,1197,1,6,SEAT IBIZA,8,E01012141,0,-1
2023631326463,2023,631326463,1,9,0,16,19,2,5,0,0,0,1,0,8,7,1,1,5,6,2,24,5,1390,1,13,SEAT IBIZA,7,W01000548,0,-1
2023161328498,2023,161328498,1,9,0,3,3,2,6,0,0,0,0,0,0,0,2,1,5,6,2,20,4,1198,1,8,SEAT IBIZA,7,E01013032,0,-1
2023070849144,2023,070849144,2,9,0,9,9,5,3,0,0,6,0,0,0,0,3,1,2,2,2,25,5,999,1,0,SEAT IBIZA,9,E01012503,0,-1
2023201311367,2023,201311367,1,9,0,7,7,5,7,0,0,5,0,0,0,0,1,1,4,7,1,18,4,999,1,4,SEAT IBIZA,10,E01010229,0,-1
2023161387585,2023,161387585,2,9,0,18,19,2,6,0,0,1,0,0,0,0,1,1,6,6,1,45,7,1197,1,7,SEAT IBIZA,-1,-1,0,-1
2023991291053,2023,991291053,1,9,0,9,9,8,6,0,0,6,0,0,0,0,1,1,5,6,1,19,4,1197,1,9,SEAT IBIZA,8,-1,0,-1
202360A151226,2023,60A151226,1,9,0,17,19,2,6,0,0,0,2,0,7,1,1,1,2,2,2,25,5,1198,1,11,SEAT IBIZA,-1,-1,0,-1
2023061351005,2023,061351005,1,9,0,17,19,1,5,0,0,1,0,0,0,0,1,1,6,6,2,22,5,999,1,4,SEAT IBIZA,-1,-1,0,-1
2023131358928,2023,131358928,2,9,0,9,9,7,5,0,0,2,0,0,0,0,1,1,5,6,1,18,4,999,1,0,SEAT IBIZA,8,E01011055,0,-1
2023131376235,2023,131376235,2,9,0,18,19,4,8,0,0,1,0,0,0,0,-1,1,5,6,1,18,4,1197,1,6,SEAT IBIZA,4,E01011839,0,-1
2023430580572,2023,430580572,1,9,0,16,19,2,5,0,0,0,1,0,7,0,1,1,6,6,1,20,4,1422,2,16,SEAT IBIZA,-1,-1,0,-1
2023131325058,2023,131325058,1,9,0,9,9,8,5,0,0,8,0,0,0,0,3,1,5,6,1,18,4,1199,2,12,SEAT IBIZA,2,E01007464,0,-1
2023440329847,2023,440329847,1,9,0,14,14,8,4,0,0,0,0,11,0,0,1,1,6,6,1,38,7,1390,1,16,SEAT IBIZA,-1,-1,0,-1
2023520301397,2023,520301397,3,9,0,18,19,8,5,0,0,0,0,0,0,0,3,1,6,6,1,23,5,1197,1,6,SEAT IBIZA,5,E01032089,0,-1
2023041274039,2023,041274039,1,9,0,18,19,3,7,0,0,8,0,0,0,0,1,1,5,6,1,26,6,999,1,4,SEAT IBIZA,1,E01012578,0,-1
2023440112961,2023,440112961,1,9,0,18,19,2,6,0,0,0,0,0,0,0,1,1,6,6,2,30,6,1422,2,16,SEAT IBIZA,5,E01033229,0,-1
2023201286158,2023,201286158,1,9,0,6,6,1,4,0,0,6,0,0,0,0,1,1,6,6,1,18,4,1390,1,11,SEAT IBIZA,1,E01009048,0,-1
2023131285972,2023,131285972,2,9,0,2,2,0,0,0,0,8,0,0,0,0,3,1,6,6,3,-1,-1,1598,2,10,SEAT IBIZA,-1,-1,0,-1
2023131295193,2023,131295193,1,9,0,18,19,1,5,0,0,8,0,0,0,0,3,1,5,6,2,26,6,1198,1,15,SEAT IBIZA,5,E01011883,0,-1
2023501274571,2023,501274571,1,9,0,16,19,7,2,0,0,0,0,6,7,11,3,1,6,6,1,22,5,1390,1,13,SEAT IBIZA,-1,-1,0,-1
2023122300726,2023,122300726,1,9,0,18,19,1,8,0,0,0,0,11,7,4,1,1,6,6,1,18,4,1390,1,9,SEAT IBIZA,10,E01013371,0,-1
2023471377336,2023,471377336,2,9,0,18,19,4,2,0,0,1,0,0,0,0,1,1,2,2,1,43,7,1598,2,13,SEAT IBIZA,5,E01021195,0,-1
2023201371918,2023,201371918,2,9,0,3,3,8,4,0,0,1,0,0,0,0,1,1,5,6,1,27,6,1968,2,10,SEAT IBIZA,1,E01009081,0,-1
2023131309369,2023,131309369,1,9,0,9,9,4,8,0,0,8,0,0,0,0,1,1,6,6,3,-1,-1,999,1,6,SEAT IBIZA,-1,-1,0,-1
2023141358090,2023,141358090,1,9,0,17,19,8,4,0,0,0,0,0,0,0,1,1,2,2,2,33,6,1422,2,13,SEAT IBIZA,5,E01007459,0,-1
2023622301060,2023,622301060,1,9,0,7,7,2,4,0,0,6,0,0,0,0,1,1,6,6,1,19,4,999,1,4,SEAT IBIZA,2,W01001765,0,-1
2023201396672,2023,201396672,1,9,0,18,19,5,1,0,0,8,0,0,0,0,4,1,6,6,1,23,5,999,1,1,SEAT IBIZA,2,E01009058,0,-1
2023522400273,2023,522400273,1,9,0,18,19,2,6,0,0,0,1,0,0,0,3,1,6,6,1,32,6,1390,1,9,SEAT IBIZA,7,E01014907,0,-1
2023010423627,2023,010423627,1,9,0,9,9,7,4,0,0,2,0,0,0,0,2,1,6,6,1,40,7,999,1,6,SEAT IBIZA,5,E01004503,0,-1
2023440284180,2023,440284180,1,9,0,16,19,5,8,0,0,1,0,0,1,11,1,1,6,6,1,34,6,1598,2,13,SEAT IBIZA,10,E01030434,0,-1
2023201283673,2023,201283673,1,9,0,18,19,6,2,0,0,0,0,0,0,0,1,1,6,6,2,19,4,999,1,5,SEAT IBIZA,4,E01009576,0,-1
2023010472661,2023,010472661,2,9,0,99,99,9,9,99,99,9,9,99,9,99,9,9,6,6,1,36,7,1198,1,17,SEAT IBIZA,-1,-1,0,-1
2023461273660,2023,461273660,1,9,0,7,7,5,7,0,0,1,0,0,0,0,3,1,6,6,1,17,4,1390,1,16,SEAT IBIZA,7,E01024691,0,-1
2023201323601,2023,201323601,4,9,0,4,4,8,4,0,0,1,0,0,0,0,2,1,6,6,2,22,5,1197,1,13,SEAT IBIZA,1,E01009489,0,-1
2023430415793,2023,430415793,1,9,0,18,19,7,3,0,0,8,2,9,0,0,1,1,2,2,1,38,7,1390,1,17,SEAT IBIZA,3,E01016846,0,-1
2023131304951,2023,131304951,1,9,0,18,19,7,3,0,0,8,0,0,0,0,1,1,6,6,1,19,4,999,1,5,SEAT IBIZA,6,E01010975,0,-1
2023010463226,2023,010463226,3,9,0,99,99,9,9,99,99,9,9,99,9,99,1,9,6,6,3,30,6,1197,1,11,SEAT IBIZA,4,E01003776,0,-1
2023201390733,2023,201390733,3,9,0,9,9,8,5,0,0,5,0,0,0,0,2,1,6,6,1,27,6,1197,1,12,SEAT IBIZA,2,E01009028,0,-1
2023221335925,2023,221335925,1,9,0,5,5,6,2,0,0,6,0,0,0,0,1,1,1,1,1,33,6,1390,1,14,SEAT IBIZA,-1,-1,0,-1
2023131365296,2023,131365296,1,9,0,16,19,1,5,0,0,0,0,0,7,11,1,1,6,6,1,19,4,1390,1,13,SEAT IBIZA,8,E01010758,0,-1
2023141354195,2023,141354195,1,9,0,16,19,1,5,0,0,0,5,0,0,0,1,1,5,6,1,21,5,1197,1,7,SEAT IBIZA,1,E01007332,0,-1
2023131339980,2023,131339980,2,9,0,4,4,1,1,0,0,1,0,0,0,0,1,1,2,2,1,19,4,1390,1,11,SEAT IBIZA,1,E01011336,0,-1
2023101367161,2023,101367161,2,9,0,4,4,8,4,0,0,0,0,0,0,0,2,1,6,6,1,17,4,1390,1,15,SEAT IBIZA,2,E01008335,0,-1
2023332300867,2023,332300867,1,9,0,18,19,3,7,0,0,0,2,0,0,0,1,1,2,2,2,18,4,1390,1,12,SEAT IBIZA,7,E01025889,0,-1
2023471369533,2023,471369533,1,9,0,5,5,5,1,0,0,6,0,0,0,0,3,1,5,6,2,20,4,1390,1,10,SEAT IBIZA,8,E01031535,0,-1
2023471283903,2023,471283903,3,9,0,3,3,4,8,0,0,4,0,0,0,0,2,1,2,2,2,23,5,999,1,4,SEAT IBIZA,5,E01021089,0,-1
2023430498051,2023,430498051,1,9,0,16,19,7,1,0,0,0,0,0,7,4,1,1,6,6,1,18,4,1198,1,13,SEAT IBIZA,8,E01017838,0,-1
2023031314816,2023,031314816,1,9,0,16,19,3,6,0,0,0,1,0,0,0,1,1,5,6,1,22,5,1390,1,10,SEAT IBIZA,7,E01019374,0,-1
2023541203023,2023,541203023,1,9,0,18,19,6,2,0,0,0,0,0,0,0,1,1,6,6,2,53,8,1197,1,7,SEAT IBIZA,6,E01031944,0,-1
2023131307030,2023,131307030,1,9,0,12,12,7,3,0,0,0,0,0,0,0,1,1,5,6,2,23,5,1390,1,13,SEAT IBIZA,2,E01011284,0,-1
2023421308021,2023,421308021,5,9,0,18,19,7,3,0,0,0,0,0,0,0,1,1,2,2,1,22,5,1390,1,9,SEAT IBIZA,5,E01002374,0,-1
2023131366951,2023,131366951,2,9,0,4,4,8,4,0,0,1,0,0,0,0,2,1,6,6,2,38,7,999,1,4,SEAT IBIZA,6,E01011645,0,-1
2023311291840,2023,311291840,1,9,0,18,19,3,3,0,0,0,0,0,0,0,4,1,2,2,1,30,6,1390,1,9,SEAT IBIZA,9,E01019588,0,-1
2023340WN6542,2023,340WN6542,1,9,0,18,19,6,2,0,0,1,1,10,1,3,4,1,6,6,1,20,4,1390,1,12,SEAT IBIZA,1,E01027013,0,-1
2023520301805,2023,520301805,1,9,0,18,19,8,4,0,0,1,0,0,0,0,1,1,6,6,2,53,8,1390,1,14,SEAT IBIZA,3,E01029096,0,-1
2023501366480,2023,501366480,2,9,0,17,19,7,3,0,0,1,0,0,0,0,1,1,6,6,2,20,4,1199,2,12,SEAT IBIZA,1,E01019056,0,-1
2023161296523,2023,161296523,2,9,0,18,19,6,2,0,0,1,0,0,5,0,4,1,1,1,1,18,4,1197,1,9,SEAT IBIZA,4,E01013106,0,-1
2023221354474,2023,221354474,1,9,0,18,19,6,2,0,0,0,0,4,0,0,1,1,6,6,2,74,10,1197,1,7,SEAT IBIZA,8,E01032400,0,-1
2023201323126,2023,201323126,1,9,0,11,11,8,4,0,0,0,0,0,0,0,1,1,6,6,2,37,7,999,1,4,SEAT IBIZA,3,E01010099,0,-1
2023451316876,2023,451316876,1,9,0,3,3,5,1,0,0,0,0,0,0,0,2,1,6,6,1,23,5,1197,1,8,SEAT IBIZA,10,E01030769,0,-1
2023141331507,2023,141331507,1,9,0,9,9,3,7,0,0,1,0,0,0,0,3,1,6,6,2,17,4,1390,1,10,SEAT IBIZA,1,E01007466,0,-1
2023010447048,2023,010447048,2,9,0,18,19,5,1,0,0,1,0,0,0,0,4,1,6,6,2,36,7,999,1,2,SEAT IBIZA,5,E01004488,0,-1
2023461371793,2023,461371793,1,9,0,18,19,5,1,0,0,0,0,0,0,0,1,1,2,2,1,22,5,1390,1,12,SEAT IBIZA,8,E01024362,0,-1
2023141308966,2023,141308966,1,9,0,7,7,2,4,0,0,1,0,0,0,0,1,1,6,6,3,-1,-1,1598,2,13,SEAT IBIZA,-1,-1,0,-1
2023221290387,2023,221290387,1,9,0,18,19,4,8,0,0,0,0,0,0,0,1,1,5,6,1,20,4,999,1,4,SEAT IBIZA,-1,-1,0,-1
2023141331038,2023,141331038,1,9,0,18,19,7,3,0,0,1,1,0,0,0,2,1,1,1,1,57,9,999,1,3,SEAT IBIZA,7,E01007605,0,-1
2023141317761,2023,141317761,1,9,0,16,19,3,7,0,0,0,1,0,1,2,1,1,5,6,1,17,4,1198,1,14,SEAT IBIZA,2,E01007590,0,-1
2023340WN0692,2023,340WN0692,1,9,0,11,11,2,6,0,0,0,0,0,0,0,1,1,6,6,1,39,7,1199,2,12,SEAT IBIZA,4,E01027069,0,-1
2023141307718,2023,141307718,1,9,0,18,19,8,4,0,0,0,0,6,0,0,1,2,5,6,2,21,5,999,1,7,SEAT IBIZA,1,E01007402,0,-1
2023501370876,2023,501370876,5,9,0,18,19,1,5,0,0,0,0,0,1,0,1,1,6,6,2,40,7,1197,1,10,SEAT IBIZA,3,E01018856,0,-1
2023070729650,2023,070729650,2,9,0,3,3,5,1,0,0,1,0,0,0,0,2,1,6,6,2,34,6,1198,1,8,SEAT IBIZA,7,E01018330,0,-1
2023991344902,2023,991344902,1,9,0,16,19,8,3,0,0,0,0,0,1,11,1,1,5,6,1,18,4,1390,1,17,SEAT IBIZA,6,-1,0,-1
2023231356752,2023,231356752,2,9,0,18,19,5,1,0,0,0,0,0,0,0,2,1,1,1,1,32,6,1390,1,13,SEAT IBIZA,4,E01031333,0,-1
2023131386895,2023,131386895,2,9,0,7,7,7,5,0,0,5,0,0,0,0,1,1,5,6,2,27,6,999,1,2,SEAT IBIZA,3,E01011944,0,-1
2023122300730,2023,122300730,1,9,0,18,19,3,7,0,0,1,0,0,0,0,1,1,6,6,2,63,9,1198,1,16,SEAT IBIZA,3,E01027651,0,-1
2023131388794,2023,131388794,1,9,0,14,14,1,5,0,0,0,0,4,0,0,1,2,6,6,1,80,11,1199,2,13,SEAT IBIZA,7,E01011013,0,-1
2023041373489,2023,041373489,1,9,0,17,19,7,1,0,0,0,0,0,1,0,3,1,5,6,1,20,4,1198,1,9,SEAT IBIZA,1,E01025236,0,-1
2023010461627,2023,010461627,2,9,0,18,19,1,5,9,9,0,0,0,7,2,1,2,6,6,1,20,4,1390,1,15,SEAT IBIZA,4,E01001674,0,-1
2023501370995,2023,501370995,1,9,0,18,19,3,7,0,0,0,2,0,0,0,1,1,5,6,1,21,5,1197,1,8,SEAT IBIZA,4,E01015236,0,-1
2023991370663,2023,991370663,1,9,0,18,19,6,2,0,0,1,0,0,0,0,2,1,5,6,2,23,5,999,1,4,SEAT IBIZA,-1,-1,0,-1
2023501309821,2023,501309821,1,9,0,18,19,1,4,0,0,0,2,0,0,0,1,1,6,6,1,18,4,1395,1,9,SEAT IBIZA,6,E01010200,0,-1