collision_index,collision_year,collision_ref_no,vehicle_reference,vehicle_type,towing_and_articulation,vehicle_manoeuvre_historic,vehicle_manoeuvre,vehicle_direction_from,vehicle_direction_to,vehicle_location_restricted_lane_historic,vehicle_location_restricted_lane,junction_location,skidding_and_overturning,hit_object_in_carriageway,vehicle_leaving_carriageway,hit_object_off_carriageway,first_point_of_impact,vehicle_left_hand_drive,journey_purpose_of_driver_historic,journey_purpose_of_driver,sex_of_driver,age_of_driver,age_band_of_driver,engine_capacity_cc,propulsion_code,age_of_vehicle,generic_make_model,driver_imd_decile,lsoa_of_driver,escooter_flag,driver_distance_banding
2023522300989,2023,522300989,1,9,0,2,2,0,0,0,0,0,0,0,0,0,4,1,6,6,1,35,6,1364,1,8,VAUXHALL ZAFIRA,9,E01014919,0,-1
2023461379048,2023,461379048,2,9,0,18,19,4,7,0,0,0,0,0,0,0,2,1,3,7,1,46,8,1686,2,10,VAUXHALL ZAFIRA,2,E01016159,0,-1
2023201330165,2023,201330165,2,9,0,3,3,4,8,0,0,1,0,0,0,0,1,1,6,6,1,29,6,1598,1,10,VAUXHALL ZAFIRA,5,E01031028,0,-1
2023131321760,2023,131321760,1,9,0,5,5,3,7,0,0,8,0,0,0,0,1,1,5,6,1,20,4,1910,2,15,VAUXHALL ZAFIRA,5,E01011748,0,-1
2023552300563,2023,552300563,2,9,0,4,4,4,8,0,0,0,0,0,0,0,1,1,6,6,2,46,8,1796,1,9,VAUXHALL ZAFIRA,10,E01015397,0,-1
2023440113675,2023,440113675,1,9,0,9,9,1,7,0,0,5,0,0,0,0,1,1,6,6,2,30,6,1796,1,9,VAUXHALL ZAFIRA,-1,-1,0,-1
2023440061413,2023,440061413,1,9,0,18,19,3,7,0,0,0,0,0,0,0,1,1,2,2,1,56,9,1598,1,13,VAUXHALL ZAFIRA,8,E01031977,0,-1
2023461265899,2023,461265899,3,8,0,2,2,3,7,0,0,0,0,0,0,0,0,1,6,6,2,59,9,1686,2,10,VAUXHALL ZAFIRA,7,E01024809,0,-1
2023522400489,2023,522400489,1,9,0,3,3,3,7,0,0,0,0,0,0,0,2,1,6,6,1,34,6,1796,1,14,VAUXHALL ZAFIRA,2,E01014834,0,-1
2023461269589,2023,461269589,1,9,0,18,19,-1,-1,0,0,0,0,0,0,0,1,1,6,6,1,46,8,1796,1,9,VAUXHALL ZAFIRA,8,E01016148,0,-1
2023101273682,2023,101273682,1,9,0,18,19,5,1,0,0,0,0,0,0,0,1,1,6,6,1,63,9,1796,1,11,VAUXHALL ZAFIRA,2,E01027552,0,-1
2023991283574,2023,991283574,2,9,0,18,19,7,3,0,0,0,0,0,0,0,1,1,5,6,1,50,8,1910,2,13,VAUXHALL ZAFIRA,2,-1,0,-1
2023010472830,2023,010472830,1,9,3,9,9,5,2,0,0,5,0,0,0,0,4,1,2,2,1,54,8,1796,1,12,VAUXHALL ZAFIRA,2,E01003726,0,-1
2023440401515,2023,440401515,1,9,0,18,19,8,4,0,0,2,0,0,0,0,1,1,1,1,2,64,9,1956,2,10,VAUXHALL ZAFIRA,9,E01022490,0,-1
2023461261789,2023,461261789,3,9,0,18,19,1,3,0,0,0,0,0,0,0,2,1,4,7,2,-1,-1,1598,1,13,VAUXHALL ZAFIRA,5,E01024226,0,-1
2023201301821,2023,201301821,1,9,0,9,9,7,5,0,0,5,0,0,0,0,3,1,6,6,1,61,9,1686,2,12,VAUXHALL ZAFIRA,1,E01009397,0,-1
2023010479193,2023,010479193,1,9,0,99,99,9,9,99,99,9,9,99,9,99,2,9,6,6,1,50,8,1598,1,11,VAUXHALL ZAFIRA,7,E01002171,0,-1
2023471389145,2023,471389145,1,9,0,16,19,7,3,0,0,0,0,0,0,0,2,1,5,6,2,48,8,1956,2,9,VAUXHALL ZAFIRA,7,E01020962,0,-1
2023552301418,2023,552301418,1,9,0,9,9,2,8,0,0,5,0,0,0,0,4,1,6,6,2,37,7,1796,1,9,VAUXHALL ZAFIRA,6,E01023063,0,-1
2023501319356,2023,501319356,2,9,0,3,3,5,1,0,0,0,0,0,0,0,4,1,5,6,1,44,7,1686,2,13,VAUXHALL ZAFIRA,5,E01015062,0,-1
2023201339205,2023,201339205,1,9,0,18,19,4,8,0,0,0,0,0,0,0,1,1,6,6,2,44,7,1598,1,10,VAUXHALL ZAFIRA,1,E01010413,0,-1
2023552400153,2023,552400153,2,9,0,2,2,0,0,0,0,0,0,0,0,0,2,1,6,6,2,24,5,1796,1,13,VAUXHALL ZAFIRA,9,E01015356,0,-1
2023351289572,2023,351289572,1,9,0,18,19,-1,-1,0,0,0,0,0,0,0,0,1,1,1,2,35,6,1598,1,15,VAUXHALL ZAFIRA,4,E01015614,0,-1
2023320686380,2023,320686380,2,9,0,3,3,4,8,0,0,2,0,0,0,0,2,1,6,6,2,58,9,1364,1,6,VAUXHALL ZAFIRA,2,E01026108,0,-1
2023430090431,2023,430090431,2,9,0,18,19,8,4,0,0,0,1,0,0,0,4,1,6,6,1,47,8,1598,1,17,VAUXHALL ZAFIRA,8,E01027217,0,-1
2023461328021,2023,461328021,1,9,0,5,5,7,3,0,0,0,0,0,0,0,4,1,6,6,2,-1,-1,1910,2,16,VAUXHALL ZAFIRA,-1,-1,0,-1
2023430359943,2023,430359943,2,9,0,18,19,4,8,0,0,0,0,0,0,0,3,1,6,6,2,28,6,1686,2,11,VAUXHALL ZAFIRA,9,E01028784,0,-1
2023010419678,2023,010419678,5,9,0,18,19,1,5,0,0,2,0,0,0,0,0,1,6,6,2,30,6,1598,1,18,VAUXHALL ZAFIRA,2,W01000914,0,-1
2023031308248,2023,031308248,2,9,-1,2,2,-1,-1,-1,-1,-1,-1,-1,-1,0,1,1,6,6,1,34,6,1796,1,17,VAUXHALL ZAFIRA,9,E01019191,0,-1
2023010430889,2023,010430889,2,9,0,18,19,3,7,0,0,3,0,0,0,0,1,1,6,6,2,52,8,1796,1,11,VAUXHALL ZAFIRA,4,E01000980,0,-1
2023201377016,2023,201377016,1,9,0,18,19,3,7,2,2,6,0,0,0,0,1,1,5,6,1,36,7,1796,1,8,VAUXHALL ZAFIRA,1,E01009480,0,-1
2023131322451,2023,131322451,1,9,0,17,19,6,2,0,0,2,0,0,1,11,1,1,6,6,1,42,7,1686,2,10,VAUXHALL ZAFIRA,10,E01011194,0,-1
2023201305128,2023,201305128,4,9,0,18,19,6,2,0,0,0,0,0,0,0,3,1,6,6,1,35,6,1598,1,10,VAUXHALL ZAFIRA,2,E01009029,0,-1
2023552301259,2023,552301259,2,9,0,18,19,2,6,0,0,0,0,0,0,0,1,1,6,6,1,47,8,1364,1,6,VAUXHALL ZAFIRA,2,E01004251,0,-1
2023010432753,2023,010432753,2,9,0,99,99,9,9,99,99,0,9,99,9,99,9,9,6,6,3,-1,-1,1598,1,15,VAUXHALL ZAFIRA,-1,-1,0,-1
2023101343899,2023,101343899,2,9,0,18,19,1,5,0,0,4,0,0,0,0,3,1,6,6,1,71,10,1364,1,9,VAUXHALL ZAFIRA,5,E01027387,0,-1
2023010441112,2023,010441112,1,9,0,3,3,5,1,0,0,4,0,0,0,0,1,1,6,6,1,73,10,1598,1,10,VAUXHALL ZAFIRA,5,E01001632,0,-1
2023170L31363,2023,170L31363,1,9,0,7,7,4,8,0,0,3,0,0,0,0,3,1,6,6,2,37,7,1598,2,8,VAUXHALL ZAFIRA,5,E01012129,0,-1
2023302301393,2023,302301393,1,9,0,13,13,4,8,0,0,1,0,0,7,0,1,1,6,6,1,44,7,1910,2,14,VAUXHALL ZAFIRA,1,E01013487,0,-1
2023440178672,2023,440178672,6,9,0,18,19,1,5,0,0,0,0,0,0,0,1,1,6,6,2,53,8,1598,2,8,VAUXHALL ZAFIRA,9,E01022796,0,-1
2023211376864,2023,211376864,3,9,-1,-1,-1,6,2,-1,-1,0,-1,-1,-1,0,2,1,6,6,1,75,10,1364,1,6,VAUXHALL ZAFIRA,3,E01014341,0,-1
2023340WN1302,2023,340WN1302,3,9,0,18,19,4,6,0,0,1,0,0,0,0,3,1,6,6,2,57,9,1796,1,16,VAUXHALL ZAFIRA,2,E01027229,0,-1
2023010432497,2023,010432497,1,9,0,18,19,7,3,0,0,1,0,0,0,0,1,1,2,2,1,41,7,1796,1,12,VAUXHALL ZAFIRA,5,E01004057,0,-1
2023061271446,2023,061271446,2,9,0,4,4,3,7,0,0,0,0,0,0,0,2,1,6,6,1,46,8,1910,2,13,VAUXHALL ZAFIRA,1,E01006386,0,-1
2023421268583,2023,421268583,1,9,0,16,19,1,4,0,0,1,0,0,0,0,1,1,6,6,1,41,7,1598,1,17,VAUXHALL ZAFIRA,1,E01016010,0,-1
2023010441963,2023,010441963,2,9,0,18,19,7,3,0,0,4,0,0,0,0,4,1,6,6,1,43,7,1598,1,16,VAUXHALL ZAFIRA,5,E01003773,0,-1
2023010427661,2023,010427661,1,9,0,14,14,3,7,0,0,0,0,0,0,0,1,1,6,6,1,33,6,1956,2,7,VAUXHALL ZAFIRA,7,E01002654,0,-1
2023522301026,2023,522301026,2,9,0,9,9,7,5,0,0,5,0,0,0,0,1,1,6,6,1,-1,-1,1686,2,14,VAUXHALL ZAFIRA,-1,-1,0,-1
2023201404352,2023,201404352,2,9,0,18,19,7,3,0,0,3,0,4,0,0,3,1,3,7,2,32,6,1598,1,11,VAUXHALL ZAFIRA,5,E01010351,0,-1
2023010438910,2023,010438910,1,8,0,5,5,1,5,0,0,1,0,7,0,0,1,1,1,1,1,43,7,1598,1,10,VAUXHALL ZAFIRA,3,E01002564,0,-1
2023411315799,2023,411315799,1,9,0,4,4,-1,-1,0,0,0,0,0,0,0,2,1,6,6,1,29,6,1598,1,15,VAUXHALL ZAFIRA,1,E01015789,0,-1
2023320516296,2023,320516296,2,9,0,18,19,6,2,0,0,0,0,0,1,2,1,1,6,6,2,42,7,1956,2,8,VAUXHALL ZAFIRA,2,E01013695,0,-1
2023461356307,2023,461356307,1,9,0,5,5,3,7,0,0,6,0,0,0,0,1,1,6,6,1,47,8,1598,1,13,VAUXHALL ZAFIRA,1,E01024670,0,-1
2023451282926,2023,451282926,1,9,0,7,7,1,5,0,0,0,0,7,0,0,1,1,6,6,1,32,6,1910,2,14,VAUXHALL ZAFIRA,-1,-1,0,-1
2023141267098,2023,141267098,1,9,0,16,19,6,1,0,0,0,1,0,2,0,3,1,6,6,1,48,8,1686,2,13,VAUXHALL ZAFIRA,1,E01007716,0,-1
2023451272415,2023,451272415,1,9,0,18,19,5,1,0,0,0,0,7,0,0,1,1,5,6,1,34,6,1995,2,23,VAUXHALL ZAFIRA,4,E01016512,0,-1
2023010472488,2023,010472488,1,9,0,4,4,6,2,0,0,8,0,0,0,0,2,1,6,6,1,51,8,1796,1,16,VAUXHALL ZAFIRA,-1,-1,0,-1
2023401344619,2023,401344619,1,9,0,9,9,1,3,0,0,8,0,0,0,0,1,1,5,6,2,44,7,1796,1,9,VAUXHALL ZAFIRA,6,E01017616,0,-1
2023010478009,2023,010478009,1,9,0,5,5,1,5,0,0,2,0,0,0,0,1,1,6,6,1,53,8,1796,1,15,VAUXHALL ZAFIRA,6,E01003754,0,-1
2023010428306,2023,010428306,2,9,9,99,99,9,9,99,99,9,9,99,9,99,9,9,6,6,1,-1,-1,1598,1,13,VAUXHALL ZAFIRA,5,E01002492,0,-1
2023010478836,2023,010478836,1,9,0,5,5,7,3,0,0,8,0,0,0,0,1,1,6,6,1,34,6,1598,1,10,VAUXHALL ZAFIRA,-1,-1,0,-1
2023411395002,2023,411395002,2,9,0,18,19,5,1,0,0,0,0,0,0,0,1,1,6,6,2,44,7,1364,1,5,VAUXHALL ZAFIRA,10,E01023735,0,-1
2023010477606,2023,010477606,2,9,0,2,2,0,0,0,0,1,0,0,0,0,1,1,6,6,3,-1,-1,1796,1,9,VAUXHALL ZAFIRA,-1,-1,0,-1
2023201339727,2023,201339727,2,9,0,9,9,6,5,0,0,6,0,0,0,0,3,1,1,1,2,38,7,1956,2,9,VAUXHALL ZAFIRA,-1,-1,0,-1
2023141280405,2023,141280405,3,9,0,2,2,0,0,0,0,0,0,0,0,0,2,1,6,6,3,-1,-1,1910,2,15,VAUXHALL ZAFIRA,-1,-1,0,-1
2023302301051,2023,302301051,1,9,0,5,5,7,5,0,0,8,0,0,0,0,3,1,6,6,1,24,5,1598,1,16,VAUXHALL ZAFIRA,3,E01019437,0,-1
2023461299184,2023,461299184,2,9,0,13,13,6,2,0,0,4,0,0,0,0,1,1,3,7,1,42,7,1598,1,11,VAUXHALL ZAFIRA,7,E01024635,0,-1
2023010452042,2023,010452042,2,9,0,99,99,9,9,99,99,0,9,99,9,99,2,9,6,6,3,-1,-1,1956,2,9,VAUXHALL ZAFIRA,5,E01004527,0,-1
2023991292656,2023,991292656,2,9,0,18,19,2,2,0,0,0,0,0,0,0,2,1,5,6,1,55,8,1956,2,9,VAUXHALL ZAFIRA,2,-1,0,-1
2023451365526,2023,451365526,1,9,0,18,19,1,4,0,0,1,0,0,0,0,1,1,6,6,3,55,8,1956,2,8,VAUXHALL ZAFIRA,-1,-1,0,-1
2023010466423,2023,010466423,2,9,0,99,99,9,9,99,99,9,9,99,9,99,1,9,6,6,3,-1,-1,1796,1,12,VAUXHALL ZAFIRA,-1,-1,0,-1
2023340NN1762,2023,340NN1762,1,9,0,18,19,3,7,0,0,8,0,0,3,0,1,1,6,6,2,65,9,1598,1,11,VAUXHALL ZAFIRA,3,E01026976,0,-1
2023471312981,2023,471312981,3,9,0,18,19,1,5,0,0,1,0,0,0,0,3,1,5,6,1,63,9,1910,2,17,VAUXHALL ZAFIRA,8,E01031629,0,-1
2023010429916,2023,010429916,2,9,0,9,9,8,6,0,0,8,0,0,0,0,1,1,6,6,2,36,7,1364,1,7,VAUXHALL ZAFIRA,3,E01000742,0,-1
2023302301382,2023,302301382,2,9,0,18,19,2,6,0,0,8,0,0,0,0,3,1,6,6,1,32,6,1956,2,11,VAUXHALL ZAFIRA,1,E01019625,0,-1
2023211383965,2023,211383965,2,9,0,3,3,8,5,0,0,0,0,0,0,0,2,1,5,6,1,48,8,1796,1,11,VAUXHALL ZAFIRA,1,E01006569,0,-1
2023010436642,2023,010436642,1,9,0,99,99,9,9,99,99,9,9,99,9,99,2,9,6,6,1,36,7,1796,1,9,VAUXHALL ZAFIRA,2,E01003551,0,-1
2023546233823,2023,546233823,2,9,0,18,19,1,5,0,0,0,0,0,0,0,1,1,3,7,1,62,9,1598,1,11,VAUXHALL ZAFIRA,5,E01031916,0,-1
2023610022123,2023,610022123,1,9,0,4,4,4,8,0,0,1,0,0,0,0,1,1,6,6,2,34,6,1364,1,7,VAUXHALL ZAFIRA,5,W01001611,0,-1
2023010422221,2023,010422221,1,9,0,18,19,7,3,0,0,1,0,0,0,0,1,1,1,1,1,33,6,1598,1,14,VAUXHALL ZAFIRA,5,E01002261,0,-1
2023501357046,2023,501357046,2,9,0,7,7,7,2,0,0,8,0,0,0,0,2,1,5,6,1,49,8,1956,2,9,VAUXHALL ZAFIRA,9,E01020026,0,-1
2023201382287,2023,201382287,2,9,0,18,19,1,5,0,0,4,0,0,0,0,1,1,6,6,3,-1,-1,1796,1,20,VAUXHALL ZAFIRA,-1,-1,0,-1
2023440363624,2023,440363624,2,9,0,18,19,7,3,0,0,1,0,0,0,0,1,1,6,6,2,70,10,1598,1,10,VAUXHALL ZAFIRA,-1,-1,0,-1
2023201373852,2023,201373852,3,9,0,2,2,0,0,0,0,0,0,0,0,0,1,1,5,6,1,75,10,1598,1,10,VAUXHALL ZAFIRA,3,E01009145,0,-1
2023231337462,2023,231337462,1,9,0,18,19,8,6,0,0,0,5,0,1,9,4,1,2,2,2,61,9,1686,2,9,VAUXHALL ZAFIRA,7,E01009562,0,-1
2023461303218,2023,461303218,3,9,0,18,19,7,3,0,0,8,0,0,0,0,1,1,6,6,1,46,8,1598,1,11,VAUXHALL ZAFIRA,8,E01003674,0,-1
2023361378773,2023,361378773,1,9,0,9,9,1,7,0,0,1,0,0,0,0,3,1,1,1,2,57,9,1598,1,10,VAUXHALL ZAFIRA,1,E01026467,0,-1
2023201314146,2023,201314146,2,9,0,6,6,6,6,0,0,0,1,0,0,0,3,1,1,1,1,28,6,1598,1,15,VAUXHALL ZAFIRA,3,E01009876,0,-1
2023201370261,2023,201370261,2,9,0,4,4,5,1,0,0,1,0,0,0,0,2,1,6,6,1,36,7,1598,1,10,VAUXHALL ZAFIRA,2,E01009414,0,-1
2023421269993,2023,421269993,1,9,0,18,19,5,1,0,0,0,0,0,0,0,1,1,6,6,1,38,7,1956,2,6,VAUXHALL ZAFIRA,3,E01001397,0,-1
2023010463646,2023,010463646,1,9,0,18,19,5,1,0,0,8,0,0,0,0,1,1,6,6,1,59,9,1796,1,15,VAUXHALL ZAFIRA,5,E01001708,0,-1
2023010440979,2023,010440979,1,9,0,99,99,9,9,99,99,9,9,99,9,99,2,9,6,6,1,63,9,1598,1,15,VAUXHALL ZAFIRA,3,E01002151,0,-1
2023161374256,2023,161374256,1,9,0,5,5,1,5,0,0,4,0,0,0,0,1,1,5,6,2,35,6,1598,1,16,VAUXHALL ZAFIRA,6,E01012765,0,-1
2023361328785,2023,361328785,1,9,0,18,19,8,4,0,0,0,2,0,0,0,1,1,5,6,2,35,6,1956,2,9,VAUXHALL ZAFIRA,4,E01026705,0,-1
2023451290522,2023,451290522,1,9,0,9,9,5,3,0,0,6,0,0,0,0,1,1,5,6,2,36,7,1598,1,11,VAUXHALL ZAFIRA,6,E01002614,0,-1
2023010465285,2023,010465285,2,9,0,5,5,5,1,0,0,6,0,0,0,0,4,1,1,1,1,54,8,1598,1,14,VAUXHALL ZAFIRA,4,E01001173,0,-1
2023471364684,2023,471364684,1,9,0,9,9,3,1,0,0,1,0,0,0,0,1,1,5,6,1,39,7,1598,1,18,VAUXHALL ZAFIRA,5,E01031826,0,-1
2023010482104,2023,010482104,2,8,0,99,99,9,9,0,0,8,0,0,0,0,1,9,6,6,3,-1,-1,1364,1,8,VAUXHALL ZAFIRA,-1,-1,0,-1
2023461368635,2023,461368635,2,9,0,5,5,7,3,0,0,0,0,0,0,0,2,1,6,6,2,48,8,1364,1,6,VAUXHALL ZAFIRA,2,E01016061,0,-1
2023471391087,2023,471391087,2,9,0,14,14,1,5,0,0,1,0,0,0,0,1,1,5,6,2,40,7,1796,1,10,VAUXHALL ZAFIRA,3,E01021044,0,-1
2023320459046,2023,320459046,1,9,0,18,19,4,8,0,0,0,0,0,0,0,1,1,6,6,1,-1,-1,1598,1,11,VAUXHALL ZAFIRA,-1,-1,0,-1
2023070901752,2023,070901752,1,9,0,18,19,1,5,0,0,0,0,0,7,0,1,1,6,6,1,58,9,1364,1,5,VAUXHALL ZAFIRA,8,E01012499,0,-1
2023161363083,2023,161363083,1,9,0,18,19,7,3,0,0,8,0,0,1,11,1,1,5,6,2,41,7,1598,1,20,VAUXHALL ZAFIRA,4,E01007584,0,-1
2023122300832,2023,122300832,2,9,0,18,19,1,5,0,0,0,0,0,0,0,1,1,6,6,2,53,8,1796,1,9,VAUXHALL ZAFIRA,4,E01027787,0,-1
2023520301314,2023,520301314,3,9,0,2,2,0,0,0,0,0,0,0,0,0,2,1,6,6,3,-1,-1,1598,1,14,VAUXHALL ZAFIRA,-1,-1,0,-1
2023311298795,2023,311298795,1,9,0,9,9,5,2,0,0,4,0,0,0,0,3,1,6,6,2,40,7,1796,1,17,VAUXHALL ZAFIRA,4,E01028017,0,-1
2023070445151,2023,070445151,1,9,0,5,5,1,5,0,0,0,0,0,0,0,1,1,6,6,1,-1,-1,1956,2,11,VAUXHALL ZAFIRA,-1,-1,0,-1
2023501391872,2023,501391872,1,9,0,18,19,1,5,6,6,0,1,0,1,0,1,1,6,6,2,29,6,1910,2,16,VAUXHALL ZAFIRA,-1,-1,0,-1
2023622400025,2023,622400025,2,9,0,18,19,3,7,0,0,0,0,0,0,0,1,1,6,6,1,41,7,1910,2,15,VAUXHALL ZAFIRA,5,E01029108,0,-1
2023461331330,2023,461331330,1,9,0,9,9,5,3,0,0,5,0,0,0,0,4,1,6,6,1,40,7,1598,2,7,VAUXHALL ZAFIRA,3,E01001369,0,-1
2023010437926,2023,010437926,2,9,0,99,99,9,9,99,99,9,9,99,9,99,9,9,6,6,3,58,9,1364,1,8,VAUXHALL ZAFIRA,2,E01004471,0,-1
2023461325099,2023,461325099,2,9,0,3,3,6,1,0,0,4,0,0,0,0,2,1,6,6,2,39,7,1364,1,8,VAUXHALL ZAFIRA,10,E01030514,0,-1
2023520300916,2023,520300916,3,9,0,18,19,7,3,0,0,0,0,0,0,0,1,1,6,6,1,42,7,1910,2,15,VAUXHALL ZAFIRA,5,E01014426,0,-1
2023411366440,2023,411366440,2,9,0,5,5,8,6,0,0,8,0,0,0,0,3,1,5,6,2,38,7,1364,1,9,VAUXHALL ZAFIRA,6,E01023941,0,-1
2023451262004,2023,451262004,1,9,0,12,12,7,3,0,0,1,0,0,0,0,4,1,5,6,2,39,7,1956,2,8,VAUXHALL ZAFIRA,4,E01030752,0,-1
2023430137997,2023,430137997,3,9,0,16,19,2,5,0,0,0,0,0,0,0,1,1,6,6,2,38,7,1364,1,6,VAUXHALL ZAFIRA,9,E01017744,0,-1
2023161308910,2023,161308910,4,9,0,2,2,0,0,0,0,0,0,0,0,0,2,1,6,6,3,-1,-1,1686,2,13,VAUXHALL ZAFIRA,-1,-1,0,-1
2023440369705,2023,440369705,2,9,0,9,9,2,6,0,0,1,0,0,0,0,4,1,6,6,2,37,7,1598,1,19,VAUXHALL ZAFIRA,4,E01017305,0,-1
2023622300550,2023,622300550,1,9,0,18,19,7,3,0,0,0,0,0,0,0,1,1,6,6,1,52,8,1364,1,6,VAUXHALL ZAFIRA,8,W01000843,0,-1
2023440132096,2023,440132096,2,9,0,18,19,5,1,0,0,8,0,0,0,0,1,1,6,6,1,55,8,1598,1,10,VAUXHALL ZAFIRA,4,E01017171,0,-1
2023440224829,2023,440224829,1,9,0,9,9,5,3,0,0,1,0,0,0,0,3,1,3,7,2,37,7,1910,2,18,VAUXHALL ZAFIRA,9,E01022490,0,-1
2023622300401,2023,622300401,2,9,0,18,19,3,7,0,0,0,0,0,0,0,1,1,1,1,1,66,10,1364,1,8,VAUXHALL ZAFIRA,3,W01000925,0,-1
2023010451332,2023,010451332,1,9,0,7,7,3,6,0,0,5,0,0,0,0,0,1,6,6,3,-1,-1,1598,1,10,VAUXHALL ZAFIRA,-1,-1,0,-1
2023010456291,2023,010456291,3,8,0,18,19,1,5,0,0,1,0,4,0,0,1,1,3,7,1,47,8,1956,2,7,VAUXHALL ZAFIRA,5,E01001088,0,-1
2023340NN0042,2023,340NN0042,2,9,0,3,3,5,1,0,0,4,0,0,0,0,2,1,6,6,2,43,7,1686,2,12,VAUXHALL ZAFIRA,1,E01027131,0,-1
2023201383715,2023,201383715,1,9,0,7,7,6,8,0,0,6,0,10,7,1,3,1,2,2,1,65,9,1598,1,12,VAUXHALL ZAFIRA,1,E01009073,0,-1
2023010429955,2023,010429955,2,9,0,99,99,9,9,99,99,9,9,99,9,99,1,9,6,6,3,-1,-1,1598,1,10,VAUXHALL ZAFIRA,2,E01003390,0,-1
2023332300842,2023,332300842,2,9,0,2,2,0,0,0,0,2,0,0,0,0,2,1,6,6,1,68,10,1598,2,7,VAUXHALL ZAFIRA,9,E01026582,0,-1
2023201414981,2023,201414981,1,9,0,18,19,2,6,0,0,0,0,4,0,0,1,1,6,6,1,43,7,1598,1,13,VAUXHALL ZAFIRA,1,E01009364,0,-1
2023131325026,2023,131325026,2,9,0,18,19,1,5,0,0,8,0,0,0,0,1,1,5,6,1,37,7,1686,2,10,VAUXHALL ZAFIRA,1,E01011838,0,-1
2023991302338,2023,991302338,1,9,0,18,19,2,6,0,0,2,0,0,0,0,1,1,5,6,2,33,6,1686,2,10,VAUXHALL ZAFIRA,2,-1,0,-1
2023141318298,2023,141318298,1,9,0,18,19,5,3,0,0,0,0,0,0,0,1,1,5,6,2,64,9,1910,2,15,VAUXHALL ZAFIRA,1,E01007577,0,-1
2023131310234,2023,131310234,3,9,0,10,10,1,5,0,0,8,0,0,0,0,2,1,6,6,2,59,9,1598,1,14,VAUXHALL ZAFIRA,2,E01011914,0,-1
2023471274994,2023,471274994,2,9,0,18,19,8,4,0,0,0,5,0,1,2,2,1,5,6,2,41,7,1686,2,9,VAUXHALL ZAFIRA,8,E01031892,0,-1
2023991288323,2023,991288323,2,9,0,16,19,8,4,0,0,0,2,0,2,10,3,1,5,6,2,33,6,1364,1,6,VAUXHALL ZAFIRA,3,-1,0,-1
2023522400656,2023,522400656,1,9,0,7,7,1,2,0,0,6,0,0,0,0,1,1,6,6,2,35,6,1598,1,14,VAUXHALL ZAFIRA,2,E01014630,0,-1
2023421271821,2023,421271821,2,9,0,7,7,2,4,0,0,3,0,0,0,0,4,1,5,6,2,68,10,1796,1,9,VAUXHALL ZAFIRA,7,E01015977,0,-1
2023010481843,2023,010481843,2,9,9,99,99,9,9,99,99,9,9,99,9,99,9,9,6,6,1,-1,-1,1598,1,17,VAUXHALL ZAFIRA,3,E01015613,0,-1
2023361369599,2023,361369599,2,9,0,2,2,0,0,0,0,0,0,4,0,0,3,1,6,6,3,-1,-1,1910,2,14,VAUXHALL ZAFIRA,-1,-1,0,-1
2023010475297,2023,010475297,2,9,9,99,99,9,9,99,99,9,9,99,9,99,9,9,6,6,3,-1,-1,1364,1,7,VAUXHALL ZAFIRA,-1,-1,0,-1
2023131357881,2023,131357881,2,9,0,16,19,2,4,0,0,8,0,0,0,0,2,1,6,6,1,36,7,1956,2,7,VAUXHALL ZAFIRA,2,E01010781,0,-1
2023161391546,2023,161391546,1,9,0,5,5,3,7,0,0,1,0,0,0,0,1,1,6,6,1,41,7,1796,1,9,VAUXHALL ZAFIRA,1,E01012894,0,-1
2023430145027,2023,430145027,2,9,0,2,2,0,0,0,0,2,0,0,0,0,3,1,6,6,1,43,7,1796,1,9,VAUXHALL ZAFIRA,-1,-1,0,-1
2023320013003,2023,320013003,2,9,0,18,19,7,3,0,0,0,0,0,1,0,0,1,6,6,1,50,8,1598,1,10,VAUXHALL ZAFIRA,5,E01033176,0,-1
2023411272032,2023,411272032,2,9,0,18,19,2,6,0,0,1,0,0,0,0,1,1,5,6,1,65,9,1598,1,16,VAUXHALL ZAFIRA,4,E01023883,0,-1
2023201453080,2023,201453080,2,9,0,18,19,6,2,0,0,8,0,0,0,0,3,1,1,1,1,52,8,1364,1,8,VAUXHALL ZAFIRA,1,E01009328,0,-1
2023430343616,2023,430343616,2,9,0,18,19,2,6,0,0,8,0,0,0,0,4,1,6,6,2,30,6,1956,2,9,VAUXHALL ZAFIRA,10,E01016638,0,-1
2023010437753,2023,010437753,2,9,0,99,99,9,9,99,99,9,9,99,9,99,1,9,6,6,3,-1,-1,1598,1,17,VAUXHALL ZAFIRA,1,E01003511,0,-1
2023411328329,2023,411328329,1,9,0,14,14,6,3,0,0,0,0,0,0,0,1,1,5,6,1,22,5,1686,2,12,VAUXHALL ZAFIRA,1,E01015729,0,-1
2023041326715,2023,041326715,1,9,0,18,19,5,8,0,0,3,0,0,1,0,1,1,5,6,2,85,11,1796,1,18,VAUXHALL ZAFIRA,2,E01024863,0,-1
2023471341405,2023,471341405,1,9,0,16,19,3,7,0,0,0,0,0,1,0,1,1,2,2,1,23,5,1686,2,9,VAUXHALL ZAFIRA,2,E01032799,0,-1
2023430245077,2023,430245077,3,9,0,18,19,4,7,0,0,0,0,0,0,0,1,1,6,6,1,33,6,1956,2,9,VAUXHALL ZAFIRA,-1,-1,0,-1
2023201420419,2023,201420419,3,9,0,2,2,0,0,0,0,0,0,0,0,0,1,1,6,6,1,-1,-1,1598,1,14,VAUXHALL ZAFIRA,-1,-1,0,-1
2023201339684,2023,201339684,1,9,0,18,19,5,2,0,0,4,0,0,0,0,1,1,6,6,1,-1,-1,1796,1,14,VAUXHALL ZAFIRA,-1,-1,0,-1
2023010441551,2023,010441551,2,9,0,99,99,9,9,99,99,9,9,99,9,99,1,9,6,6,3,-1,-1,1364,1,6,VAUXHALL ZAFIRA,5,E01000968,0,-1
2023401334390,2023,401334390,2,9,0,18,19,-1,-1,0,0,0,0,0,0,0,1,1,6,6,1,22,5,1598,1,15,VAUXHALL ZAFIRA,10,E01023911,0,-1