collision_index,collision_year,collision_ref_no,vehicle_reference,vehicle_type,towing_and_articulation,vehicle_manoeuvre_historic,vehicle_manoeuvre,vehicle_direction_from,vehicle_direction_to,vehicle_location_restricted_lane_historic,vehicle_location_restricted_lane,junction_location,skidding_and_overturning,hit_object_in_carriageway,vehicle_leaving_carriageway,hit_object_off_carriageway,first_point_of_impact,vehicle_left_hand_drive,journey_purpose_of_driver_historic,journey_purpose_of_driver,sex_of_driver,age_of_driver,age_band_of_driver,engine_capacity_cc,propulsion_code,age_of_vehicle,generic_make_model,driver_imd_decile,lsoa_of_driver,escooter_flag,driver_distance_banding
2023201408345,2023,201408345,3,9,0,2,2,0,0,0,0,0,0,0,0,0,4,1,6,6,1,55,8,1598,1,12,VAUXHALL ZAFIRA,2,E01033641,0,-1
2023010464746,2023,010464746,2,9,0,99,99,9,9,99,99,9,9,99,9,99,3,9,6,6,3,-1,-1,1598,1,10,VAUXHALL ZAFIRA,-1,-1,0,-1
2023101334400,2023,101334400,1,9,0,17,19,5,1,0,0,1,1,0,7,0,4,1,6,6,1,32,6,1998,1,17,VAUXHALL ZAFIRA,2,E01027398,0,-1
2023010424320,2023,010424320,4,9,0,2,2,0,0,9,9,0,0,0,0,0,3,1,6,6,3,-1,-1,1796,1,9,VAUXHALL ZAFIRA,-1,-1,0,-1
2023610016723,2023,610016723,1,9,0,13,13,5,1,0,0,0,5,0,1,9,1,1,2,2,1,41,7,1598,1,15,VAUXHALL ZAFIRA,2,W01001642,0,-1
2023010475860,2023,010475860,3,9,0,2,2,0,0,0,0,2,0,0,0,0,2,1,6,6,3,-1,-1,1364,1,8,VAUXHALL ZAFIRA,-1,-1,0,-1
202360A163567,2023,60A163567,1,9,0,18,19,5,1,0,0,1,0,0,0,0,1,1,6,6,2,-1,-1,1956,2,8,VAUXHALL ZAFIRA,-1,-1,0,-1
2023401356357,2023,401356357,1,9,0,18,19,2,6,0,0,0,0,0,2,9,0,1,6,6,2,31,6,1956,2,10,VAUXHALL ZAFIRA,-1,-1,0,-1
2023461368573,2023,461368573,3,9,0,2,2,0,0,0,0,0,0,0,0,0,1,1,6,6,1,64,9,1364,1,6,VAUXHALL ZAFIRA,7,E01024187,0,-1
2023471279251,2023,471279251,2,9,0,7,7,8,4,0,0,3,0,0,0,0,2,1,3,7,1,34,6,1598,1,18,VAUXHALL ZAFIRA,3,E01020941,0,-1
2023161276590,2023,161276590,2,9,0,18,19,7,3,0,0,8,0,0,0,0,3,1,5,6,2,33,6,1796,1,12,VAUXHALL ZAFIRA,3,E01013231,0,-1
2023201280804,2023,201280804,1,9,0,18,19,6,2,0,0,1,0,0,0,0,1,1,6,6,1,67,10,1910,2,15,VAUXHALL ZAFIRA,2,E01010476,0,-1
2023010432496,2023,010432496,2,9,0,18,19,3,7,0,0,8,0,0,0,0,4,1,6,6,1,72,10,1796,1,9,VAUXHALL ZAFIRA,3,E01003141,0,-1
2023041303398,2023,041303398,1,9,0,18,19,3,7,0,0,1,0,0,0,0,1,1,5,6,1,38,7,1910,2,15,VAUXHALL ZAFIRA,3,E01012753,0,-1
2023010484844,2023,010484844,1,9,0,99,99,9,9,99,99,9,9,99,9,99,2,9,6,6,2,55,8,1598,1,12,VAUXHALL ZAFIRA,2,E01016042,0,-1
2023520400321,2023,520400321,1,9,4,18,19,3,7,0,0,0,5,0,1,1,4,1,6,6,2,49,8,1796,1,15,VAUXHALL ZAFIRA,1,E01024697,0,-1
2023131345466,2023,131345466,2,9,0,7,7,3,7,0,0,6,0,0,0,0,3,1,5,6,1,55,8,1910,2,15,VAUXHALL ZAFIRA,1,E01011911,0,-1
2023401307334,2023,401307334,1,9,0,5,5,2,6,0,0,4,0,0,0,0,1,1,6,6,2,53,8,1598,1,14,VAUXHALL ZAFIRA,4,E01015723,0,-1
2023131378858,2023,131378858,2,9,0,5,5,7,1,0,0,8,0,0,0,0,1,1,5,6,2,44,7,1598,1,16,VAUXHALL ZAFIRA,1,E01009056,0,-1
2023131297736,2023,131297736,2,9,0,18,19,3,7,0,0,0,0,0,0,0,4,1,6,6,1,60,9,1598,1,17,VAUXHALL ZAFIRA,1,E01010677,0,-1
2023201397915,2023,201397915,2,9,0,18,19,4,8,0,0,8,0,0,0,0,0,1,6,6,2,34,6,1910,2,15,VAUXHALL ZAFIRA,3,E01010407,0,-1
2023991368750,2023,991368750,1,9,0,18,19,5,1,0,0,8,0,0,0,0,1,1,5,6,1,54,8,1686,2,10,VAUXHALL ZAFIRA,-1,-1,0,-1
2023010486783,2023,010486783,2,9,0,99,99,9,9,0,0,9,0,99,0,0,9,9,6,6,1,64,9,1598,1,15,VAUXHALL ZAFIRA,4,E01003259,0,-1
202360A162967,2023,60A162967,1,9,0,3,3,8,4,0,0,0,0,0,0,0,2,1,6,6,2,47,8,1796,1,16,VAUXHALL ZAFIRA,-1,-1,0,-1
202360A092352,2023,60A092352,1,9,0,18,19,3,7,0,0,0,0,0,1,3,1,1,6,6,1,75,10,1362,1,11,VAUXHALL ZAFIRA,-1,-1,0,-1
2023010474895,2023,010474895,2,9,0,99,99,9,9,99,99,9,9,99,9,99,9,9,6,6,3,-1,-1,1796,1,9,VAUXHALL ZAFIRA,4,E01000978,0,-1
2023440041873,2023,440041873,2,9,0,18,19,3,7,0,0,0,0,0,0,0,2,1,6,6,2,44,7,1956,2,8,VAUXHALL ZAFIRA,9,E01023182,0,-1
2023161351973,2023,161351973,2,9,0,5,5,3,1,0,0,0,0,0,0,0,4,1,6,6,1,34,6,1910,2,13,VAUXHALL ZAFIRA,4,E01012981,0,-1
2023010445739,2023,010445739,2,9,0,99,99,9,9,0,0,0,9,99,9,99,2,9,6,6,3,-1,-1,1364,1,6,VAUXHALL ZAFIRA,-1,-1,0,-1
2023430171921,2023,430171921,2,9,0,11,11,3,7,0,0,0,0,0,0,0,4,1,6,6,1,-1,-1,1796,1,15,VAUXHALL ZAFIRA,-1,-1,0,-1
2023122300397,2023,122300397,1,9,0,5,5,3,7,0,0,4,0,0,1,0,1,1,6,6,2,56,9,1598,1,11,VAUXHALL ZAFIRA,8,E01013430,0,-1
2023052301569,2023,052301569,1,9,0,18,19,1,5,0,0,8,0,0,0,0,1,1,6,6,1,36,7,1956,2,9,VAUXHALL ZAFIRA,1,E01007120,0,-1
2023131349814,2023,131349814,3,9,0,18,19,5,1,0,0,0,0,0,0,0,1,1,6,6,1,33,6,1796,1,13,VAUXHALL ZAFIRA,8,E01010977,0,-1
2023501363506,2023,501363506,1,9,0,18,19,5,1,0,0,8,0,0,0,0,4,1,6,6,1,66,10,1910,2,13,VAUXHALL ZAFIRA,1,E01015078,0,-1
2023221312834,2023,221312834,2,9,0,5,5,1,6,0,0,4,0,0,0,0,1,1,6,6,2,33,6,1686,2,12,VAUXHALL ZAFIRA,2,E01014071,0,-1
2023421355908,2023,421355908,1,9,0,9,9,1,7,0,0,0,0,0,0,0,1,1,6,6,1,53,8,1796,1,16,VAUXHALL ZAFIRA,2,E01015899,0,-1
2023010440658,2023,010440658,1,9,0,9,9,5,2,0,0,5,0,0,0,0,1,1,2,2,1,56,9,1598,1,13,VAUXHALL ZAFIRA,5,E01033494,0,-1
2023451268908,2023,451268908,1,9,0,5,5,1,5,0,0,1,0,0,0,0,1,1,6,6,1,33,6,1686,2,9,VAUXHALL ZAFIRA,5,E01030981,0,-1
2023010456646,2023,010456646,2,9,0,99,99,9,9,99,99,9,9,99,9,99,1,9,6,6,3,-1,-1,1598,1,10,VAUXHALL ZAFIRA,-1,-1,0,-1
2023201295311,2023,201295311,1,9,0,13,13,7,1,0,0,3,0,0,0,0,1,1,1,1,1,-1,-1,1598,1,10,VAUXHALL ZAFIRA,1,E01009574,0,-1
2023010481758,2023,010481758,1,9,0,9,9,3,1,0,0,5,0,0,0,0,1,1,6,6,1,60,9,1598,1,10,VAUXHALL ZAFIRA,8,E01002499,0,-1
2023010479695,2023,010479695,1,9,0,4,4,1,5,0,0,1,0,0,0,0,3,9,2,2,2,69,10,1598,1,10,VAUXHALL ZAFIRA,2,E01003330,0,-1
2023221376983,2023,221376983,2,9,0,18,19,1,7,0,0,0,0,0,0,0,1,1,6,6,2,40,7,1956,2,9,VAUXHALL ZAFIRA,1,E01014201,0,-1
2023010438772,2023,010438772,1,8,0,99,99,9,9,99,99,9,9,99,9,99,9,9,6,6,3,-1,-1,1956,2,6,VAUXHALL ZAFIRA,10,E01000458,0,-1
2023631365788,2023,631365788,1,9,0,18,19,1,5,0,0,0,0,0,0,0,1,1,5,6,1,36,7,1686,2,11,VAUXHALL ZAFIRA,5,W01000765,0,-1
2023010461126,2023,010461126,2,9,0,18,19,3,7,0,0,1,0,0,0,0,1,2,2,2,1,36,7,1910,2,16,VAUXHALL ZAFIRA,3,E01016012,0,-1
2023461381158,2023,461381158,1,9,0,5,5,3,7,0,0,1,0,0,0,0,1,1,6,6,3,-1,-1,1910,2,15,VAUXHALL ZAFIRA,-1,-1,0,-1
2023471269978,2023,471269978,1,9,0,18,19,1,5,0,0,0,0,0,0,0,1,1,5,6,1,76,11,1598,1,13,VAUXHALL ZAFIRA,6,E01031484,0,-1
2023221327909,2023,221327909,2,9,0,17,19,4,2,0,0,6,0,0,0,0,1,1,5,6,2,54,8,1598,1,11,VAUXHALL ZAFIRA,2,E01014144,0,-1
2023501343234,2023,501343234,1,9,0,17,19,5,2,0,0,0,0,0,0,0,3,1,6,6,1,58,9,1364,1,7,VAUXHALL ZAFIRA,6,E01020142,0,-1
2023522400258,2023,522400258,1,9,0,9,9,1,7,0,0,5,0,0,0,0,4,1,6,6,1,71,10,1598,1,14,VAUXHALL ZAFIRA,2,E01014664,0,-1
2023010443614,2023,010443614,2,9,9,9,9,7,5,0,0,6,9,0,0,0,1,9,6,6,3,-1,-1,1364,1,9,VAUXHALL ZAFIRA,-1,-1,0,-1
2023311365616,2023,311365616,2,9,0,15,15,7,3,0,0,0,0,0,0,0,1,1,5,6,1,61,9,1598,1,16,VAUXHALL ZAFIRA,4,E01027950,0,-1
2023010436059,2023,010436059,2,9,0,5,5,8,4,0,0,6,0,0,0,0,1,1,6,6,1,34,6,1598,1,12,VAUXHALL ZAFIRA,3,E01000022,0,-1
2023010443666,2023,010443666,1,9,0,1,1,5,1,0,0,0,0,0,0,0,2,1,6,6,1,61,9,1364,1,7,VAUXHALL ZAFIRA,3,E01003562,0,-1
2023010468055,2023,010468055,1,9,0,18,19,5,1,0,0,1,0,0,1,0,1,1,6,6,2,30,6,1598,1,11,VAUXHALL ZAFIRA,6,E01004530,0,-1
2023991338192,2023,991338192,1,9,0,18,19,1,5,0,0,2,0,0,0,0,1,1,5,6,2,43,7,1910,2,13,VAUXHALL ZAFIRA,-1,-1,0,-1
2023010439763,2023,010439763,2,9,0,99,99,9,9,99,99,0,9,99,9,99,2,9,6,6,3,-1,-1,1796,1,9,VAUXHALL ZAFIRA,4,E01001459,0,-1
2023010480613,2023,010480613,1,9,0,99,99,9,9,99,99,9,9,99,9,99,2,9,6,6,1,48,8,1598,1,10,VAUXHALL ZAFIRA,7,E01000190,0,-1
2023411374003,2023,411374003,1,9,0,10,10,5,3,0,0,1,0,0,0,0,1,1,6,6,2,56,9,1598,1,13,VAUXHALL ZAFIRA,4,E01023805,0,-1
2023052300919,2023,052300919,2,9,0,18,19,2,6,0,0,0,0,0,0,0,2,1,6,6,2,44,7,1686,2,11,VAUXHALL ZAFIRA,8,E01018567,0,-1
2023201293635,2023,201293635,2,9,0,18,19,2,6,0,0,8,0,0,0,0,4,1,6,6,1,58,9,1364,1,5,VAUXHALL ZAFIRA,1,E01009124,0,-1
2023461273950,2023,461273950,2,9,0,9,9,5,1,0,0,8,0,0,0,0,3,1,6,6,2,39,7,1686,2,9,VAUXHALL ZAFIRA,3,E01016022,0,-1
2023540767323,2023,540767323,1,9,0,18,19,2,6,0,0,0,0,0,0,0,1,1,6,6,1,34,6,1686,2,13,VAUXHALL ZAFIRA,2,E01015528,0,-1
2023440423358,2023,440423358,1,9,0,7,7,8,2,0,0,4,0,0,0,0,1,1,6,6,2,38,7,1796,1,9,VAUXHALL ZAFIRA,2,E01017202,0,-1
2023201423144,2023,201423144,1,9,0,18,19,7,3,0,0,0,0,0,0,0,4,1,2,2,1,35,6,1598,1,15,VAUXHALL ZAFIRA,3,E01009411,0,-1
2023010442362,2023,010442362,2,9,0,99,99,9,9,99,99,9,9,99,9,99,1,9,6,6,3,-1,-1,1796,1,9,VAUXHALL ZAFIRA,2,E01004036,0,-1
2023440392477,2023,440392477,2,9,0,5,5,6,2,0,0,6,0,0,0,0,3,1,6,6,1,34,6,1598,1,18,VAUXHALL ZAFIRA,3,E01022550,0,-1
2023010466379,2023,010466379,1,9,0,18,19,5,1,0,0,0,0,7,7,1,4,1,6,6,1,42,7,1956,2,7,VAUXHALL ZAFIRA,5,E01002950,0,-1
2023371307073,2023,371307073,2,9,0,4,4,1,3,0,0,0,0,0,0,0,4,1,5,6,1,42,7,1956,2,10,VAUXHALL ZAFIRA,4,E01017493,0,-1
2023141284496,2023,141284496,2,9,0,18,19,5,1,0,0,1,0,0,0,0,1,1,5,6,1,38,7,1598,1,16,VAUXHALL ZAFIRA,1,E01007732,0,-1
2023010459400,2023,010459400,1,9,0,18,19,7,3,0,0,1,0,0,0,0,1,1,6,6,1,24,5,1598,1,14,VAUXHALL ZAFIRA,5,E01002586,0,-1
2023010477416,2023,010477416,1,9,0,99,99,9,9,99,99,9,9,99,9,99,4,9,6,6,1,32,6,1598,1,16,VAUXHALL ZAFIRA,4,E01004258,0,-1
2023461383868,2023,461383868,2,9,0,2,2,0,0,9,9,0,0,0,0,0,2,1,6,6,3,-1,-1,1796,1,9,VAUXHALL ZAFIRA,-1,-1,0,-1
2023010422937,2023,010422937,1,9,0,99,99,9,9,99,99,9,9,99,9,99,1,9,6,6,1,47,8,1598,1,15,VAUXHALL ZAFIRA,2,E01004237,0,-1
2023010431701,2023,010431701,1,9,0,18,19,1,5,0,0,8,0,0,0,0,3,1,6,6,1,42,7,1364,1,5,VAUXHALL ZAFIRA,2,E01015716,0,-1
2023201372374,2023,201372374,1,9,0,3,3,6,2,0,0,0,0,0,0,0,2,1,5,6,1,31,6,1364,1,7,VAUXHALL ZAFIRA,3,E01010113,0,-1
2023010439963,2023,010439963,1,9,0,10,10,5,4,0,0,1,0,0,0,0,0,1,3,7,1,52,8,1686,2,11,VAUXHALL ZAFIRA,3,E01001190,0,-1
2023161368140,2023,161368140,1,9,0,18,19,7,3,0,0,0,5,0,1,0,1,1,6,6,1,43,7,1910,2,15,VAUXHALL ZAFIRA,5,E01033414,0,-1
2023231375243,2023,231375243,1,9,0,18,19,2,6,0,0,0,0,0,0,0,1,1,5,6,1,31,6,1598,1,13,VAUXHALL ZAFIRA,3,E01001004,0,-1
2023991376417,2023,991376417,2,9,0,18,19,8,4,0,0,8,0,0,0,0,1,1,5,6,2,39,7,1364,1,8,VAUXHALL ZAFIRA,2,-1,0,-1
2023451300358,2023,451300358,1,9,0,18,19,5,1,0,0,0,1,0,0,0,1,1,5,6,1,78,11,1910,2,14,VAUXHALL ZAFIRA,-1,-1,0,-1
2023351383452,2023,351383452,2,9,0,2,2,0,0,0,0,1,0,0,0,0,2,1,5,6,3,-1,-1,1598,1,17,VAUXHALL ZAFIRA,-1,-1,0,-1
2023041263729,2023,041263729,1,9,0,7,7,5,3,0,0,4,0,0,7,0,1,1,1,1,1,35,6,1796,1,18,VAUXHALL ZAFIRA,2,E01012629,0,-1
2023531390029,2023,531390029,4,9,0,3,3,4,8,0,0,0,0,0,0,0,2,1,5,6,2,22,5,1598,1,10,VAUXHALL ZAFIRA,-1,-1,0,-1
2023440450543,2023,440450543,4,9,0,2,2,0,0,0,0,0,0,0,0,0,1,1,6,6,3,-1,-1,1598,1,18,VAUXHALL ZAFIRA,-1,-1,0,-1
2023010455483,2023,010455483,2,9,0,2,2,0,0,0,0,0,0,4,0,0,0,1,6,6,3,-1,-1,1796,1,14,VAUXHALL ZAFIRA,-1,-1,0,-1
2023421299060,2023,421299060,1,9,0,18,19,3,7,0,0,0,0,0,0,0,1,1,3,7,1,46,8,1598,1,14,VAUXHALL ZAFIRA,4,E01015870,0,-1
2023541323323,2023,541323323,2,9,0,7,7,2,5,0,0,3,0,0,0,0,4,1,6,6,2,64,9,1910,2,13,VAUXHALL ZAFIRA,1,E01015507,0,-1
2023991306359,2023,991306359,3,8,0,3,3,7,3,0,0,0,0,0,0,0,2,1,1,1,1,59,9,1956,2,9,VAUXHALL ZAFIRA,5,-1,0,-1
2023340WN5932,2023,340WN5932,2,9,0,18,19,6,2,0,0,8,0,0,0,0,1,1,6,6,1,63,9,1998,1,16,VAUXHALL ZAFIRA,5,E01027237,0,-1
2023430316928,2023,430316928,1,9,0,9,9,7,5,0,0,6,0,0,0,0,1,1,3,7,2,47,8,1364,1,6,VAUXHALL ZAFIRA,10,E01017729,0,-1
2023451291131,2023,451291131,3,9,0,18,19,8,4,0,0,0,0,0,0,0,1,1,5,6,1,36,7,1364,1,6,VAUXHALL ZAFIRA,10,E01023180,0,-1
2023131284150,2023,131284150,2,9,0,9,9,5,5,0,0,1,0,0,7,0,4,1,5,6,1,37,7,1910,2,16,VAUXHALL ZAFIRA,3,E01010993,0,-1
2023371293944,2023,371293944,2,9,0,18,19,6,2,0,0,0,0,0,0,0,1,1,5,6,2,44,7,1956,2,9,VAUXHALL ZAFIRA,10,E01030045,0,-1
2023010447502,2023,010447502,1,9,0,9,9,5,2,0,0,8,1,4,0,0,1,1,6,6,2,49,8,1796,1,13,VAUXHALL ZAFIRA,5,E01003260,0,-1
2023061266786,2023,061266786,1,9,0,18,19,7,3,0,0,1,0,0,0,0,1,1,6,6,1,30,6,1598,1,17,VAUXHALL ZAFIRA,1,E01005195,0,-1
2023361318181,2023,361318181,1,9,0,5,5,6,2,0,0,1,0,0,0,0,3,1,5,6,1,87,11,1956,2,9,VAUXHALL ZAFIRA,4,E01026729,0,-1
2023010434412,2023,010434412,1,9,0,99,99,9,9,99,99,0,9,99,9,99,9,9,2,2,2,44,7,1598,1,21,VAUXHALL ZAFIRA,7,E01003419,0,-1
2023131301881,2023,131301881,3,9,0,18,19,3,7,0,0,0,0,0,0,0,2,1,5,6,1,67,10,1686,2,11,VAUXHALL ZAFIRA,1,E01011663,0,-1
2023471301766,2023,471301766,1,9,0,12,12,7,1,8,6,0,0,0,0,0,1,1,5,6,2,54,8,1598,1,13,VAUXHALL ZAFIRA,3,E01031350,0,-1
2023320230426,2023,320230426,2,9,0,4,4,4,8,0,0,0,0,0,0,0,2,1,6,6,1,49,8,1910,2,13,VAUXHALL ZAFIRA,1,E01026312,0,-1
2023401387100,2023,401387100,2,9,0,18,19,7,3,0,0,1,0,0,0,0,1,1,3,7,1,32,6,1364,1,6,VAUXHALL ZAFIRA,5,E01017569,0,-1
2023501263245,2023,501263245,1,9,0,18,19,-1,-1,0,0,0,0,0,0,0,1,1,6,6,1,82,11,1598,1,11,VAUXHALL ZAFIRA,6,E01015254,0,-1
2023161263641,2023,161263641,1,9,0,9,9,7,5,0,0,5,0,0,0,0,1,1,5,6,1,47,8,1598,1,14,VAUXHALL ZAFIRA,1,E01012855,0,-1
2023351366550,2023,351366550,1,9,0,2,2,0,0,0,0,0,0,0,0,0,0,1,6,6,2,44,7,1598,1,10,VAUXHALL ZAFIRA,6,E01033121,0,-1
2023991350490,2023,991350490,1,9,0,18,19,3,7,0,0,0,0,0,0,0,1,1,3,7,1,38,7,1598,2,8,VAUXHALL ZAFIRA,8,-1,0,-1
2023101259981,2023,101259981,2,9,0,6,6,5,1,0,0,8,0,0,0,0,3,1,1,1,1,46,8,1598,2,5,VAUXHALL ZAFIRA,7,E01008534,0,-1
2023010434196,2023,010434196,2,9,0,3,3,6,2,0,0,2,0,0,0,0,0,1,6,6,1,48,8,1796,1,9,VAUXHALL ZAFIRA,7,E01002182,0,-1
2023461374239,2023,461374239,1,9,0,15,15,3,7,0,0,0,0,0,0,0,1,1,6,6,2,63,9,1686,2,11,VAUXHALL ZAFIRA,1,E01024611,0,-1
2023421311299,2023,421311299,2,9,0,4,4,7,3,0,0,0,0,0,0,0,2,1,6,6,1,71,10,1598,1,15,VAUXHALL ZAFIRA,3,E01021320,0,-1
2023411292043,2023,411292043,1,9,0,9,9,7,3,0,0,0,0,0,0,0,1,1,1,1,1,43,7,1598,2,6,VAUXHALL ZAFIRA,5,E01023936,0,-1
2023221330533,2023,221330533,1,9,0,17,19,4,2,0,0,8,0,0,0,0,3,1,3,7,2,46,8,1686,2,9,VAUXHALL ZAFIRA,4,E01014072,0,-1
2023010474156,2023,010474156,1,9,0,99,99,9,9,99,99,9,9,99,9,99,2,9,6,6,1,53,8,1796,1,9,VAUXHALL ZAFIRA,3,E01001298,0,-1
2023201402278,2023,201402278,1,9,0,9,9,1,8,0,0,5,0,0,0,0,1,1,6,6,2,39,7,1796,1,13,VAUXHALL ZAFIRA,3,E01031077,0,-1
2023141261293,2023,141261293,1,9,0,18,19,6,2,0,0,0,2,0,7,11,1,1,5,6,1,26,6,1796,1,16,VAUXHALL ZAFIRA,1,E01007875,0,-1
2023520300177,2023,520300177,2,9,0,18,19,6,2,0,0,8,0,0,0,0,1,1,6,6,1,100,11,1910,2,16,VAUXHALL ZAFIRA,-1,-1,0,-1
2023302300685,2023,302300685,1,9,0,7,7,6,8,9,9,0,0,0,0,0,4,1,2,2,2,39,7,1796,1,9,VAUXHALL ZAFIRA,1,E01013533,0,-1
2023161314370,2023,161314370,1,9,0,9,9,7,5,0,0,6,0,0,0,0,1,1,2,2,2,24,5,1796,1,15,VAUXHALL ZAFIRA,2,E01013315,0,-1
2023421352078,2023,421352078,1,9,0,-1,-1,-1,-1,-1,-1,-1,-1,-1,-1,0,-1,1,6,6,2,32,6,1796,1,12,VAUXHALL ZAFIRA,7,E01015876,0,-1
2023070142127,2023,070142127,1,9,0,18,19,7,3,0,0,0,2,0,1,0,1,1,2,2,1,38,7,1598,1,20,VAUXHALL ZAFIRA,1,E01005065,0,-1
2023461330492,2023,461330492,3,9,0,2,2,0,0,0,0,1,0,0,0,0,4,1,6,6,3,-1,-1,1686,2,12,VAUXHALL ZAFIRA,-1,-1,0,-1
2023170S10773,2023,170S10773,1,9,0,17,19,8,4,0,0,0,0,0,1,9,1,1,6,6,2,40,7,1956,2,8,VAUXHALL ZAFIRA,1,E01012016,0,-1
2023430169186,2023,430169186,1,9,0,18,19,3,7,0,0,0,0,0,0,0,3,1,6,6,2,60,9,1796,1,9,VAUXHALL ZAFIRA,-1,-1,0,-1
2023010441841,2023,010441841,1,9,0,99,99,9,9,99,99,9,9,99,9,99,1,9,2,2,2,56,9,1910,2,14,VAUXHALL ZAFIRA,5,E01003415,0,-1
2023041358126,2023,041358126,1,9,0,16,19,2,2,0,0,1,0,0,0,0,1,1,6,6,1,45,7,1598,1,16,VAUXHALL ZAFIRA,8,E01025516,0,-1
2023371308499,2023,371308499,1,9,0,2,2,0,0,0,0,0,0,0,0,0,4,1,2,2,1,51,8,1796,1,12,VAUXHALL ZAFIRA,2,E01030024,0,-1
2023461317750,2023,461317750,2,9,0,1,1,2,6,9,9,0,0,0,0,0,0,1,6,6,1,60,9,1910,2,15,VAUXHALL ZAFIRA,1,E01016083,0,-1
2023371277237,2023,371277237,1,9,0,18,19,6,2,0,0,0,0,0,0,0,1,1,6,6,2,30,6,1598,1,17,VAUXHALL ZAFIRA,4,E01029892,0,-1
2023141389180,2023,141389180,1,9,0,18,19,5,1,0,0,8,1,4,0,0,4,1,5,6,1,37,7,1364,1,7,VAUXHALL ZAFIRA,1,E01033277,0,-1
2023010478797,2023,010478797,1,9,0,99,99,9,9,99,99,9,9,99,9,99,9,9,6,6,2,35,6,1364,1,5,VAUXHALL ZAFIRA,2,E01033702,0,-1
2023161349876,2023,161349876,2,9,0,9,9,3,7,0,0,0,0,0,0,0,2,1,5,6,1,27,6,1796,1,14,VAUXHALL ZAFIRA,1,E01012805,0,-1
2023332301053,2023,332301053,2,9,0,18,19,4,8,0,0,3,0,0,0,0,4,1,6,6,1,54,8,1796,1,8,VAUXHALL ZAFIRA,4,E01001444,0,-1
2023430056582,2023,430056582,2,9,0,18,19,4,8,0,0,4,0,0,0,0,3,1,6,6,2,41,7,2198,1,15,VAUXHALL ZAFIRA,9,E01028683,0,-1
2023010445582,2023,010445582,2,8,0,12,12,1,5,0,0,2,0,0,0,0,3,1,1,1,1,53,8,1364,1,6,VAUXHALL ZAFIRA,1,E01003047,0,-1
2023461376475,2023,461376475,2,9,0,4,4,5,1,0,0,0,0,0,0,0,2,1,5,6,2,50,8,2198,1,18,VAUXHALL ZAFIRA,3,E01016036,0,-1
2023010451260,2023,010451260,1,8,0,10,10,3,8,0,0,1,0,0,0,0,2,1,1,1,1,54,8,1598,1,11,VAUXHALL ZAFIRA,7,E01001308,0,-1
2023552300065,2023,552300065,2,9,0,3,3,7,3,0,0,0,0,0,0,0,3,1,3,7,1,41,7,1956,2,11,VAUXHALL ZAFIRA,9,E01020399,0,-1
2023471270980,2023,471270980,1,9,0,18,19,4,8,0,0,1,0,0,0,0,3,1,2,2,1,46,8,1364,1,7,VAUXHALL ZAFIRA,5,E01031595,0,-1
2023522301434,2023,522301434,1,9,0,7,7,3,5,0,0,6,0,0,0,0,1,1,6,6,2,29,6,1796,1,19,VAUXHALL ZAFIRA,-1,-1,0,-1
2023201296137,2023,201296137,2,9,0,3,3,1,4,0,0,1,0,0,0,0,2,1,6,6,1,37,7,1686,2,11,VAUXHALL ZAFIRA,2,E01010419,0,-1
2023010455678,2023,010455678,3,9,0,18,19,1,5,0,0,2,0,0,0,0,1,1,6,6,2,68,10,1598,1,10,VAUXHALL ZAFIRA,5,E01004450,0,-1
2023401302811,2023,401302811,2,9,-1,-1,-1,-1,-1,-1,-1,0,-1,-1,-1,0,-1,1,5,6,1,62,9,1796,1,9,VAUXHALL ZAFIRA,2,E01015702,0,-1
2023010437576,2023,010437576,2,9,0,99,99,9,9,99,99,9,9,99,9,99,9,9,6,6,3,55,8,1598,1,16,VAUXHALL ZAFIRA,-1,-1,0,-1
2023451260702,2023,451260702,1,9,0,18,19,5,1,0,0,1,0,0,0,0,3,1,5,6,1,74,10,1598,1,17,VAUXHALL ZAFIRA,9,E01030718,0,-1
2023440035827,2023,440035827,2,9,0,5,5,3,7,0,0,1,0,0,0,0,4,1,6,6,2,58,9,1796,1,18,VAUXHALL ZAFIRA,9,E01022560,0,-1
2023451321723,2023,451321723,1,9,0,17,19,3,7,0,0,0,0,0,1,4,1,1,3,7,1,60,9,1598,2,7,VAUXHALL ZAFIRA,8,E01002941,0,-1
2023010462117,2023,010462117,2,9,0,99,99,9,9,99,99,9,9,99,9,99,1,9,6,6,3,-1,-1,1362,1,11,VAUXHALL ZAFIRA,-1,-1,0,-1
2023440165444,2023,440165444,1,9,0,18,19,4,8,0,0,8,0,0,0,0,4,1,3,7,2,29,6,1598,1,15,VAUXHALL ZAFIRA,2,E01017241,0,-1
2023010468286,2023,010468286,1,9,0,18,19,1,5,0,0,0,0,0,0,0,1,1,6,6,1,50,8,1364,1,6,VAUXHALL ZAFIRA,3,E01002064,0,-1
2023010449296,2023,010449296,3,9,0,3,3,8,4,0,0,1,0,0,0,0,3,1,6,6,1,43,7,1364,1,7,VAUXHALL ZAFIRA,3,E01002605,0,-1
2023332300970,2023,332300970,1,9,0,5,5,1,5,0,0,8,0,0,0,0,1,1,6,6,2,49,8,1910,2,13,VAUXHALL ZAFIRA,1,E01013653,0,-1
2023520301480,2023,520301480,1,9,0,18,19,4,8,0,0,8,0,0,0,0,1,1,6,6,1,66,10,1364,1,9,VAUXHALL ZAFIRA,9,E01023254,0,-1
2023991260501,2023,991260501,1,9,0,18,19,6,2,0,0,8,0,0,0,0,1,1,5,6,2,35,6,1364,1,7,VAUXHALL ZAFIRA,3,-1,0,-1
2023041363164,2023,041363164,3,9,0,2,2,0,0,0,0,1,0,0,0,0,0,1,6,6,3,-1,-1,1598,1,23,VAUXHALL ZAFIRA,-1,-1,0,-1