collision_index,collision_year,collision_ref_no,vehicle_reference,vehicle_type,towing_and_articulation,vehicle_manoeuvre_historic,vehicle_manoeuvre,vehicle_direction_from,vehicle_direction_to,vehicle_location_restricted_lane_historic,vehicle_location_restricted_lane,junction_location,skidding_and_overturning,hit_object_in_carriageway,vehicle_leaving_carriageway,hit_object_off_carriageway,first_point_of_impact,vehicle_left_hand_drive,journey_purpose_of_driver_historic,journey_purpose_of_driver,sex_of_driver,age_of_driver,age_band_of_driver,engine_capacity_cc,propulsion_code,age_of_vehicle,generic_make_model,driver_imd_decile,lsoa_of_driver,escooter_flag,driver_distance_banding
2023010482232,2023,010482232,1,3,0,9,9,3,1,0,0,4,0,0,0,0,3,1,2,2,1,23,5,124,1,9,YAMAHA YZF,3,E01001504,0,-1
2023010451281,2023,010451281,2,3,0,18,19,1,5,0,0,8,0,0,0,0,0,1,6,6,1,21,5,124,1,15,YAMAHA YZF,2,E01001014,0,-1
2023522300913,2023,522300913,2,4,0,18,19,3,7,0,0,8,0,0,0,0,1,1,6,6,1,17,4,124,1,8,YAMAHA YZF,9,E01014852,0,-1
2023991350997,2023,991350997,1,5,0,18,19,3,7,0,0,1,1,0,0,0,1,1,5,6,2,33,6,689,1,1,YAMAHA YZF,8,-1,0,-1
2023471261249,2023,471261249,1,5,0,16,19,7,3,6,6,0,1,0,0,0,4,1,5,6,1,45,7,599,1,26,YAMAHA YZF,9,E01031593,0,-1
2023471324276,2023,471324276,1,5,0,18,19,3,7,0,0,1,0,0,7,0,1,1,5,6,1,25,5,998,1,4,YAMAHA YZF,6,E01031509,0,-1
2023122300490,2023,122300490,1,3,0,4,4,3,7,0,0,2,0,0,0,0,1,1,2,2,1,19,4,124,1,12,YAMAHA YZF,7,E01027726,0,-1
2023201348975,2023,201348975,2,3,0,9,9,8,5,0,0,5,5,0,0,0,1,1,6,6,1,19,4,124,1,7,YAMAHA YZF,5,E01014409,0,-1
2023440241135,2023,440241135,2,3,0,18,19,4,8,0,0,0,0,0,0,0,1,1,6,6,1,22,5,124,1,10,YAMAHA YZF,5,E01017090,0,-1
2023131293512,2023,131293512,1,3,0,18,19,5,1,0,0,2,1,0,7,0,4,1,2,2,1,26,6,124,1,14,YAMAHA YZF,2,E01011080,0,-1
2023531343186,2023,531343186,2,5,0,13,13,7,5,0,0,3,0,0,0,0,4,1,5,6,1,21,5,689,1,1,YAMAHA YZF,6,E01022341,0,-1
2023421324204,2023,421324204,1,3,0,18,19,6,2,0,0,0,0,0,0,0,1,1,2,2,1,25,5,124,1,9,YAMAHA YZF,7,E01021792,0,-1
2023221291720,2023,221291720,2,2,0,14,14,5,1,0,0,8,0,0,0,0,4,1,5,6,1,17,4,124,1,10,-1,5,E01014099,0,-1
2023010445261,2023,010445261,1,5,0,18,19,5,1,0,0,1,0,0,0,0,1,1,6,6,1,31,6,599,1,13,YAMAHA YZF,8,E01030595,0,-1
2023131348693,2023,131348693,1,3,0,13,13,7,3,0,0,8,2,0,1,2,1,1,2,2,3,18,4,124,1,13,YAMAHA YZF,6,E01011774,0,-1
2023421316921,2023,421316921,1,5,0,13,13,5,1,0,0,1,2,0,7,0,1,1,5,6,1,35,6,998,1,18,YAMAHA YZF,8,E01022079,0,-1
202360A075663,2023,60A075663,1,5,0,17,19,5,2,0,0,0,5,0,2,4,4,1,6,6,1,36,7,998,1,19,YAMAHA YZF,-1,-1,0,-1
2023471332524,2023,471332524,3,3,0,18,19,1,5,0,0,0,0,0,0,0,4,1,5,6,2,19,4,124,1,10,YAMAHA YZF,2,E01021135,0,-1
2023070922323,2023,070922323,1,3,0,18,19,5,1,0,0,0,2,0,0,0,0,1,6,6,1,23,5,124,1,5,YAMAHA YZF,3,E01018461,0,-1
2023010428601,2023,010428601,1,5,0,99,99,9,9,99,99,9,9,99,9,99,9,1,6,6,1,49,8,998,1,18,YAMAHA YZF,2,E01001800,0,-1
2023401325133,2023,401325133,1,3,0,18,19,3,7,0,0,0,0,0,0,0,1,1,6,6,1,17,4,124,1,10,YAMAHA YZF,7,E01033432,0,-1
2023991336242,2023,991336242,1,5,0,12,12,1,5,0,0,0,2,0,4,0,4,1,2,2,1,24,5,689,1,1,YAMAHA YZF,1,-1,0,-1
2023440289222,2023,440289222,2,3,0,18,19,7,3,0,0,4,0,0,0,0,1,1,6,6,1,20,4,124,1,14,YAMAHA YZF,3,E01030788,0,-1
2023440306350,2023,440306350,1,3,0,16,19,4,8,0,0,3,0,0,0,0,3,1,6,6,1,19,4,124,1,3,YAMAHA YZF,3,E01022904,0,-1
2023320575462,2023,320575462,1,4,0,17,19,3,7,0,0,0,2,0,1,0,1,1,6,6,1,22,5,124,1,10,YAMAHA YZF,4,E01013303,0,-1
2023461379709,2023,461379709,2,3,0,18,19,4,8,0,0,1,0,0,0,0,1,1,6,6,1,31,6,124,1,9,YAMAHA YZF,9,E01016081,0,-1
2023010428323,2023,010428323,1,5,0,18,19,1,5,0,0,8,0,0,0,0,1,1,6,6,2,34,6,689,1,1,YAMAHA YZF,5,E01000850,0,-1
2023351315788,2023,351315788,2,5,0,18,19,7,3,0,0,0,0,0,0,0,1,1,5,6,1,33,6,998,1,18,YAMAHA YZF,6,E01018186,0,-1
2023501341602,2023,501341602,1,5,0,18,19,6,2,0,0,0,2,0,0,0,1,1,6,6,1,30,6,599,1,24,YAMAHA YZF,5,E01020191,0,-1
2023332300316,2023,332300316,2,4,0,14,14,4,8,0,0,2,0,0,0,0,1,1,2,2,1,33,6,124,1,8,YAMAHA YZF,3,E01025976,0,-1
2023371337569,2023,371337569,2,5,0,18,19,1,5,0,0,1,0,0,0,0,3,1,5,6,1,34,6,599,1,17,YAMAHA YZF,3,E01030139,0,-1
2023401330536,2023,401330536,2,2,0,4,4,5,1,0,0,1,1,0,0,0,1,1,6,6,1,45,7,600,1,22,-1,2,E01017539,0,-1
2023320308868,2023,320308868,1,3,0,16,19,8,4,0,0,8,5,0,0,0,1,1,6,6,1,22,5,124,1,4,YAMAHA YZF,2,E01026049,0,-1
2023201315722,2023,201315722,1,3,0,18,19,7,3,0,0,8,0,0,0,0,1,1,6,6,1,22,5,124,1,5,YAMAHA YZF,2,E01033624,0,-1
2023471280492,2023,471280492,1,3,0,18,19,8,4,0,0,1,0,0,0,0,1,1,6,6,1,19,4,124,1,10,YAMAHA YZF,8,E01031620,0,-1
2023201416184,2023,201416184,1,3,0,10,10,1,2,0,0,0,0,0,0,0,1,1,6,6,1,26,6,124,1,4,YAMAHA YZF,1,E01010282,0,-1
2023461382535,2023,461382535,1,3,0,13,13,1,5,0,0,1,0,0,0,0,1,1,5,6,1,19,4,124,1,10,YAMAHA YZF,6,E01024363,0,-1
2023501282945,2023,501282945,2,3,0,3,3,1,6,0,0,1,5,0,0,0,2,1,2,2,1,27,6,125,1,5,YAMAHA YZF,2,E01020111,0,-1
2023471294749,2023,471294749,1,5,0,18,19,4,8,0,0,0,0,0,0,0,1,1,5,6,1,52,8,124,1,15,YAMAHA YZF,4,E01020997,0,-1
2023010466181,2023,010466181,2,3,0,14,14,3,7,0,0,1,0,0,0,0,3,1,6,6,1,19,4,124,1,8,YAMAHA YZF,10,E01030307,0,-1
2023320542093,2023,320542093,1,3,0,16,19,4,7,0,0,0,1,0,7,10,1,1,6,6,1,21,5,124,1,14,YAMAHA YZF,6,E01026021,0,-1
2023471333116,2023,471333116,1,3,0,13,13,3,7,0,0,0,1,0,0,0,1,1,5,6,1,18,4,124,1,10,YAMAHA YZF,10,E01021078,0,-1
2023361359097,2023,361359097,1,5,0,18,19,1,3,0,0,1,0,0,0,0,1,1,6,6,1,21,5,689,1,1,YAMAHA YZF,9,E01026544,0,-1
2023010434894,2023,010434894,1,3,0,99,99,9,9,99,99,9,9,99,9,99,1,1,6,6,1,18,4,124,1,10,YAMAHA YZF,2,E01004023,0,-1
2023610002823,2023,610002823,1,3,0,16,19,7,2,0,0,3,0,0,0,0,4,1,6,6,1,23,5,124,1,9,YAMAHA YZF,1,W01001687,0,-1
2023461300084,2023,461300084,2,3,0,18,19,3,7,0,0,0,0,0,0,0,1,1,6,6,1,33,6,124,1,8,YAMAHA YZF,1,E01021290,0,-1
2023440348499,2023,440348499,1,5,0,16,19,8,2,0,0,8,0,0,7,0,0,1,6,6,1,22,5,599,1,19,YAMAHA YZF,5,E01031401,0,-1
2023221367758,2023,221367758,1,5,0,18,19,2,6,0,0,0,0,0,1,10,4,1,5,6,1,53,8,998,1,24,YAMAHA YZF,3,E01032378,0,-1
2023440479514,2023,440479514,1,3,0,6,6,1,1,0,0,8,0,0,0,0,4,1,6,6,1,28,6,124,1,15,YAMAHA YZF,4,E01022523,0,-1
2023520300973,2023,520300973,1,4,0,18,19,5,1,0,0,8,0,0,0,0,4,1,6,6,1,18,4,124,1,10,YAMAHA YZF,4,E01032036,0,-1
2023461361546,2023,461361546,1,4,0,13,13,1,1,0,0,1,0,0,0,0,1,1,6,6,1,21,5,124,1,2,YAMAHA YZF,10,E01021132,0,-1
2023010421174,2023,010421174,1,3,0,99,99,9,9,99,99,9,9,99,9,99,2,1,6,6,2,29,6,124,1,14,YAMAHA YZF,4,E01001686,0,-1
2023221265295,2023,221265295,2,3,0,18,19,7,3,0,0,8,0,0,0,0,1,1,2,2,1,26,6,124,1,9,YAMAHA YZF,6,E01028943,0,-1
2023031263156,2023,031263156,1,3,0,18,19,5,1,0,0,0,0,0,0,0,0,1,5,6,1,18,4,124,1,15,YAMAHA YZF,-1,-1,0,-1
2023471352502,2023,471352502,1,3,0,18,19,6,2,0,0,0,0,0,0,0,4,1,6,6,1,-1,-1,124,1,-1,YAMAHA YZF,5,E01031614,0,-1
2023010445229,2023,010445229,2,5,0,18,19,3,7,4,4,1,5,0,1,0,1,1,6,6,1,40,7,124,1,5,YAMAHA YZF,10,E01030403,0,-1
2023430142580,2023,430142580,1,5,0,13,13,7,3,0,0,8,0,0,0,0,1,1,6,6,1,34,6,998,1,18,YAMAHA YZF,4,E01017850,0,-1
2023010474951,2023,010474951,1,3,0,99,99,9,9,99,99,9,9,99,9,99,9,1,2,2,1,23,5,124,1,9,YAMAHA YZF,2,E01000045,0,-1
2023131289658,2023,131289658,2,3,0,18,19,1,1,0,0,1,0,0,0,0,1,1,5,6,2,17,4,124,1,8,YAMAHA YZF,6,E01011574,0,-1
2023430009322,2023,430009322,2,5,0,18,19,2,6,0,0,8,0,0,2,11,1,1,6,6,1,50,8,1000,1,9,YAMAHA YZF,8,E01016674,0,-1
2023501372333,2023,501372333,1,4,0,13,13,7,3,0,0,0,1,0,0,0,3,1,6,6,1,19,4,124,1,9,YAMAHA YZF,5,E01020076,0,-1
2023451307868,2023,451307868,2,5,0,13,13,1,5,0,0,0,0,0,0,0,1,1,6,6,3,30,6,1000,1,8,YAMAHA YZF,-1,-1,0,-1
2023302300759,2023,302300759,1,5,0,17,19,4,8,0,0,2,0,0,1,11,4,1,6,6,2,42,7,321,1,6,YAMAHA YZF,4,E01019458,0,-1
2023201296554,2023,201296554,1,3,0,16,19,2,4,0,0,5,0,0,0,0,1,1,6,6,1,-1,-1,125,1,5,YAMAHA YZF,-1,-1,0,-1
2023131295374,2023,131295374,1,3,0,18,19,2,6,0,0,8,5,0,0,0,1,1,1,1,1,17,4,124,1,15,YAMAHA YZF,5,E01011798,0,-1
2023501381029,2023,501381029,1,4,0,5,5,2,7,0,0,1,0,0,0,0,1,1,6,6,1,19,4,124,1,11,YAMAHA YZF,2,E01015242,0,-1
2023610015023,2023,610015023,1,5,0,16,19,6,1,0,0,5,1,0,2,7,1,1,6,6,1,22,5,689,1,1,YAMAHA YZF,4,W01001071,0,-1
2023010435345,2023,010435345,2,3,0,18,19,4,8,0,0,8,0,0,0,0,0,1,1,1,1,29,6,124,1,9,YAMAHA YZF,-1,-1,0,-1
2023010475660,2023,010475660,1,3,9,99,99,9,9,99,99,0,9,99,9,99,9,1,1,1,1,24,5,124,1,2,YAMAHA YZF,4,E01023204,0,-1
2023332301281,2023,332301281,2,3,0,9,9,4,2,0,0,5,0,0,0,0,2,1,6,6,1,46,8,124,1,12,YAMAHA YZF,4,E01013711,0,-1
2023302301820,2023,302301820,1,4,0,14,14,1,5,0,0,0,0,0,1,0,3,1,2,2,1,19,4,124,1,14,YAMAHA YZF,4,E01033171,0,-1
2023421267691,2023,421267691,1,3,0,5,5,7,3,0,0,0,0,0,0,0,1,1,6,6,1,45,7,124,1,12,YAMAHA YZF,8,E01015974,0,-1
2023010454535,2023,010454535,1,3,0,99,99,9,9,99,99,9,9,99,9,99,1,1,6,6,1,22,5,124,1,15,YAMAHA YZF,2,E01033578,0,-1
2023411326079,2023,411326079,1,3,0,18,19,5,1,0,0,1,0,0,0,0,1,1,6,6,1,22,5,124,1,14,YAMAHA YZF,6,E01023413,0,-1
2023430054052,2023,430054052,2,4,0,18,19,6,2,0,0,8,0,0,0,0,1,1,6,6,1,21,5,124,1,11,YAMAHA YZF,8,E01033519,0,-1
2023101350834,2023,101350834,1,5,0,4,4,5,1,0,0,0,5,0,0,0,1,1,5,6,1,55,8,998,1,20,YAMAHA YZF,1,-1,0,-1
2023231303786,2023,231303786,2,5,0,18,19,5,1,0,0,8,0,0,0,0,1,1,6,6,1,36,7,689,1,1,YAMAHA YZF,1,E01010033,0,-1
2023451360561,2023,451360561,3,5,0,18,19,5,1,0,0,0,0,0,0,0,1,1,6,6,1,39,7,998,1,10,YAMAHA YZF,3,E01031441,0,-1
2023010444779,2023,010444779,2,4,0,18,19,1,5,0,0,8,0,0,0,0,3,1,2,2,1,23,5,124,1,9,YAMAHA YZF,3,E01001488,0,-1
2023451324631,2023,451324631,1,3,0,13,13,3,7,0,0,0,5,0,7,0,1,1,5,6,1,27,6,124,1,6,YAMAHA YZF,6,E01024428,0,-1
2023070339465,2023,070339465,2,5,0,5,5,4,8,0,0,1,2,0,7,0,1,1,6,6,1,35,6,998,1,12,YAMAHA YZF,-1,-1,0,-1
2023161314401,2023,161314401,1,3,0,13,13,8,4,0,0,8,0,0,0,0,3,1,2,2,1,24,5,124,1,4,YAMAHA YZF,1,E01012858,0,-1
2023221366973,2023,221366973,1,3,0,13,13,6,2,0,0,8,0,0,1,10,1,1,5,6,1,17,4,124,1,9,YAMAHA YZF,6,E01032436,0,-1
2023231302004,2023,231302004,2,5,0,18,19,6,1,0,0,8,0,0,0,0,0,1,6,6,1,26,6,599,1,13,YAMAHA YZF,9,E01032341,0,-1
2023552300766,2023,552300766,2,3,0,18,19,7,3,0,0,8,1,0,0,0,1,1,2,2,2,21,5,124,1,12,YAMAHA YZF,6,E01015383,0,-1
2023451262718,2023,451262718,1,3,0,18,19,3,7,0,0,1,1,0,0,0,1,1,2,2,1,27,6,124,1,9,YAMAHA YZF,10,E01016708,0,-1
2023010474003,2023,010474003,2,5,0,18,19,7,3,0,0,1,1,0,0,0,1,1,6,6,1,48,8,998,1,19,YAMAHA YZF,1,E01002853,0,-1
2023231299201,2023,231299201,1,5,0,18,19,1,5,0,0,0,1,0,0,0,1,1,5,6,1,27,6,599,1,17,YAMAHA YZF,8,E01032146,0,-1
2023991354577,2023,991354577,2,3,0,18,19,7,3,0,0,0,0,0,0,0,1,1,2,2,1,19,4,124,1,9,YAMAHA YZF,6,-1,0,-1
2023991379666,2023,991379666,1,3,0,17,19,6,2,0,0,0,1,0,0,0,1,1,2,2,1,26,6,124,1,3,YAMAHA YZF,8,-1,0,-1
2023161329038,2023,161329038,1,2,0,18,19,7,7,4,4,1,0,0,0,0,1,1,5,6,1,30,6,124,1,3,-1,1,E01012887,0,-1
2023311295990,2023,311295990,1,2,0,18,19,2,6,0,0,0,0,0,0,0,1,1,6,6,1,31,6,124,1,5,-1,2,E01027983,0,-1
2023201402263,2023,201402263,1,2,0,18,19,5,1,0,0,4,2,9,3,0,1,1,6,6,1,21,5,689,1,1,-1,2,E01010038,0,-1
2023340NN2522,2023,340NN2522,2,5,0,14,14,3,7,0,0,0,2,0,0,0,1,1,6,6,1,37,7,998,1,13,YAMAHA YZF,3,E01027081,0,-1
2023991332283,2023,991332283,1,5,0,16,19,5,8,0,0,0,2,0,1,0,1,1,5,6,1,30,6,600,1,9,YAMAHA YZF,3,E01025950,0,-1
2023421260106,2023,421260106,1,4,0,18,19,6,2,0,0,1,0,0,0,0,1,1,1,1,1,48,8,321,1,7,YAMAHA YZF,6,E01021714,0,-1
2023401316409,2023,401316409,2,5,0,18,19,5,1,0,0,8,5,0,0,0,1,1,6,6,1,41,7,998,1,19,YAMAHA YZF,-1,-1,0,-1
2023631346164,2023,631346164,2,3,0,16,19,4,8,0,0,0,0,0,7,0,4,1,5,6,1,18,4,124,1,14,YAMAHA YZF,5,W01000426,0,-1
2023010460222,2023,010460222,1,3,0,18,19,7,3,0,0,8,0,0,0,0,1,1,6,6,1,39,7,124,1,4,YAMAHA YZF,1,E01001847,0,-1
2023520301743,2023,520301743,1,5,0,18,19,5,2,0,0,0,0,0,0,0,1,1,6,6,1,42,7,998,1,21,YAMAHA YZF,10,E01029244,0,-1
2023531291064,2023,531291064,1,5,0,18,19,4,6,0,0,0,0,0,0,0,1,1,6,6,1,28,6,689,1,2,YAMAHA YZF,2,E01022292,0,-1
2023430216457,2023,430216457,1,3,0,13,13,1,5,0,0,8,0,0,0,0,1,1,6,6,2,18,4,124,1,5,YAMAHA YZF,9,E01028629,0,-1
2023531381087,2023,531381087,2,3,0,18,19,8,4,0,0,8,1,0,0,0,0,1,5,6,1,22,5,124,1,12,YAMAHA YZF,2,E01022160,0,-1
2023010461880,2023,010461880,2,4,0,18,19,7,3,0,0,6,0,0,0,0,1,1,2,2,1,21,5,321,1,3,YAMAHA YZF,2,E01002703,0,-1
2023010477992,2023,010477992,1,3,0,18,19,3,7,0,0,3,0,0,0,0,0,1,6,6,1,43,7,998,1,16,YAMAHA YZF,3,E01000081,0,-1
2023451313523,2023,451313523,1,3,0,13,13,3,7,0,0,1,0,0,0,0,1,1,5,6,1,18,4,124,1,12,YAMAHA YZF,10,E01030863,0,-1
2023201327794,2023,201327794,1,4,0,15,15,8,4,2,2,8,1,10,1,0,1,1,6,6,1,17,4,124,1,2,YAMAHA YZF,6,E01009968,0,-1
2023440328469,2023,440328469,1,3,0,18,19,5,1,0,0,2,1,0,0,0,2,1,2,2,1,19,4,124,1,8,YAMAHA YZF,3,E01032851,0,-1
2023010480602,2023,010480602,2,5,0,18,19,1,5,0,0,0,0,0,0,0,1,1,6,6,1,26,6,998,1,13,YAMAHA YZF,3,E01004064,0,-1
2023211307228,2023,211307228,1,5,0,13,13,5,1,0,0,0,0,0,0,0,1,1,5,6,1,33,6,998,1,13,YAMAHA YZF,-1,-1,0,-1
2023440466147,2023,440466147,1,3,0,14,14,3,7,0,0,0,0,0,0,0,1,1,6,6,1,17,4,124,1,13,YAMAHA YZF,10,E01022848,0,-1
2023320600088,2023,320600088,1,3,0,18,19,8,4,0,0,1,0,0,0,0,1,1,6,6,1,17,4,124,1,8,YAMAHA YZF,10,E01026198,0,-1
2023010436211,2023,010436211,1,3,0,99,99,9,9,99,99,9,9,99,9,99,1,1,6,6,2,25,5,124,1,2,YAMAHA YZF,2,E01002051,0,-1
2023471332571,2023,471332571,2,3,0,18,19,7,2,0,0,0,0,0,0,0,1,1,6,6,1,23,5,124,1,10,YAMAHA YZF,2,E01016909,0,-1
2023071115102,2023,071115102,3,3,0,18,19,6,2,0,0,0,0,0,0,0,1,1,6,6,1,23,5,124,1,4,YAMAHA YZF,1,E01007289,0,-1
2023351266806,2023,351266806,2,3,0,18,19,3,7,0,0,0,1,0,0,0,1,1,6,6,1,19,4,124,1,9,YAMAHA YZF,8,E01033116,0,-1
2023451360561,2023,451360561,2,5,0,18,19,5,1,0,0,0,0,0,0,0,0,1,6,6,3,45,7,998,1,4,YAMAHA YZF,-1,-1,0,-1
2023010432412,2023,010432412,2,3,0,16,19,3,7,0,0,0,0,0,0,0,1,1,6,6,1,24,5,124,1,12,YAMAHA YZF,2,E01000743,0,-1
2023122400096,2023,122400096,1,4,0,17,19,7,3,0,0,0,1,0,1,10,4,1,6,6,1,-1,-1,124,1,14,YAMAHA YZF,4,E01027830,0,-1
2023131391844,2023,131391844,1,5,0,18,19,8,4,0,0,0,5,0,2,9,4,1,5,6,2,20,4,689,1,2,YAMAHA YZF,5,E01008224,0,-1
2023010439890,2023,010439890,2,3,0,17,19,1,6,0,0,1,0,0,0,0,1,1,6,6,1,20,4,124,1,11,YAMAHA YZF,3,E01000642,0,-1
2023010458425,2023,010458425,1,3,0,7,7,1,4,0,0,8,0,0,0,0,1,1,2,2,1,26,6,124,1,4,YAMAHA YZF,4,E01001974,0,-1
2023161379885,2023,161379885,2,3,0,18,19,1,5,0,0,1,0,0,0,0,1,1,1,1,1,23,5,124,1,0,YAMAHA YZF,4,E01012830,0,-1
2023501388830,2023,501388830,2,3,0,18,19,1,5,0,0,8,0,0,0,0,1,1,6,6,1,32,6,124,1,14,YAMAHA YZF,3,E01015193,0,-1
2023461376719,2023,461376719,1,5,0,18,19,3,7,0,0,0,0,0,0,0,1,1,2,2,2,37,7,599,1,19,YAMAHA YZF,1,E01016069,0,-1
2023471297007,2023,471297007,3,5,0,18,19,6,2,0,0,0,0,0,0,0,0,1,5,6,1,28,6,689,1,0,YAMAHA YZF,6,E01031538,0,-1
2023061372685,2023,061372685,2,5,0,18,19,2,5,0,0,0,0,0,0,0,4,1,1,1,1,34,6,998,1,13,YAMAHA YZF,4,E01005996,0,-1
202363D023023,2023,63D023023,1,5,0,18,19,2,6,0,0,8,0,0,0,0,3,1,6,6,1,58,9,998,1,19,YAMAHA YZF,6,W01000628,0,-1
2023451340093,2023,451340093,1,5,0,18,19,1,5,0,0,0,5,10,0,0,3,1,5,6,1,36,7,998,1,6,YAMAHA YZF,5,E01016994,0,-1
2023421316735,2023,421316735,2,5,0,18,19,5,1,0,0,0,0,0,0,0,1,1,5,6,1,52,8,599,1,25,YAMAHA YZF,5,E01021491,0,-1
2023010463040,2023,010463040,1,5,0,18,19,1,5,0,0,1,0,0,0,0,2,1,6,6,1,41,7,1000,1,9,YAMAHA YZF,2,E01003128,0,-1
2023201274098,2023,201274098,3,3,0,18,19,3,8,0,0,0,0,0,7,0,1,1,6,6,3,-1,-1,124,1,10,YAMAHA YZF,-1,-1,0,-1
2023471392153,2023,471392153,1,3,0,18,19,8,4,0,0,0,0,0,0,0,1,1,6,6,1,21,5,124,1,15,YAMAHA YZF,6,E01032798,0,-1
2023430287623,2023,430287623,2,3,0,18,19,4,8,0,0,8,0,0,0,0,1,1,2,2,1,17,4,124,1,6,YAMAHA YZF,4,E01017926,0,-1
2023010477042,2023,010477042,1,4,0,18,19,5,1,0,0,1,0,0,0,0,1,1,2,2,1,22,5,689,1,0,YAMAHA YZF,5,E01030852,0,-1
2023320591443,2023,320591443,1,3,0,18,19,4,8,0,0,2,5,0,7,0,0,1,6,6,1,23,5,124,1,9,YAMAHA YZF,1,E01028055,0,-1
2023440059845,2023,440059845,1,5,0,18,19,6,2,0,0,0,1,0,7,0,3,1,2,2,1,29,6,599,1,9,YAMAHA YZF,8,E01017190,0,-1
2023201405858,2023,201405858,2,2,0,18,19,6,2,0,0,2,0,0,0,0,3,1,1,1,1,23,5,124,1,11,-1,4,E01008997,0,-1
2023440228891,2023,440228891,1,3,0,18,19,1,5,0,0,1,0,0,0,0,1,1,6,6,1,18,4,124,1,6,YAMAHA YZF,3,E01022801,0,-1
2023131353166,2023,131353166,2,3,0,18,19,7,3,0,0,8,0,0,0,0,3,1,5,6,1,17,4,124,1,6,YAMAHA YZF,4,E01010959,0,-1
2023991335499,2023,991335499,1,5,0,18,19,4,8,0,0,0,0,0,1,0,1,1,5,6,1,62,9,998,1,17,YAMAHA YZF,6,-1,0,-1
202354B494523,2023,54B494523,2,3,0,18,19,2,6,0,0,1,0,0,0,0,1,1,2,2,1,22,5,124,1,9,YAMAHA YZF,10,E01032080,0,-1
2023421350949,2023,421350949,2,3,0,18,19,4,8,0,0,0,2,0,0,0,1,1,5,6,1,26,6,124,1,4,YAMAHA YZF,7,E01021679,0,-1
2023361322505,2023,361322505,1,5,0,13,13,1,5,0,0,0,0,0,1,0,1,1,5,6,1,27,6,599,1,13,YAMAHA YZF,-1,-1,0,-1
2023010450881,2023,010450881,2,5,0,15,15,1,5,0,0,1,0,0,0,0,4,1,2,2,1,32,6,600,1,21,YAMAHA YZF,3,E01003135,0,-1
2023231264373,2023,231264373,2,3,0,18,19,4,8,0,0,8,0,0,1,0,3,1,2,2,1,27,6,124,1,9,YAMAHA YZF,4,E01031238,0,-1
2023430510829,2023,430510829,2,4,0,18,19,1,5,0,0,8,0,0,0,0,1,1,6,6,1,20,4,124,1,7,YAMAHA YZF,6,E01028771,0,-1
2023471347388,2023,471347388,1,3,0,18,19,4,8,0,0,0,0,4,0,0,1,1,5,6,1,17,4,124,1,9,YAMAHA YZF,2,E01021014,0,-1
2023161322769,2023,161322769,1,5,0,17,19,6,4,0,0,1,1,0,7,9,0,1,5,6,1,57,9,998,1,24,YAMAHA YZF,1,E01012838,0,-1
2023401321100,2023,401321100,2,4,0,9,9,8,5,0,0,0,0,0,0,0,1,1,6,6,1,41,7,998,1,16,YAMAHA YZF,2,E01015703,0,-1
2023351363719,2023,351363719,1,3,0,13,13,1,5,0,0,0,1,0,0,0,4,1,6,6,1,17,4,124,1,4,YAMAHA YZF,7,E01018227,0,-1
2023052301405,2023,052301405,2,3,0,14,14,3,7,0,0,1,0,0,0,0,4,1,6,6,1,22,5,124,1,8,YAMAHA YZF,4,E01006466,0,-1
2023211289705,2023,211289705,1,5,0,18,19,4,8,0,0,1,5,0,0,0,1,1,6,6,1,22,5,998,1,12,YAMAHA YZF,3,E01025987,0,-1
2023041290794,2023,041290794,1,3,0,18,19,5,1,0,0,1,1,9,3,0,4,1,2,2,1,24,5,124,1,2,YAMAHA YZF,2,E01012696,0,-1
2023501352279,2023,501352279,1,3,0,16,19,4,7,0,0,1,0,0,0,0,1,1,6,6,1,19,4,124,1,7,YAMAHA YZF,6,E01020244,0,-1
2023440113808,2023,440113808,2,3,0,13,13,1,5,0,0,1,0,0,0,0,1,1,2,2,1,48,8,124,1,11,YAMAHA YZF,9,E01023115,0,-1
2023010420644,2023,010420644,1,3,0,18,19,5,1,0,0,0,0,0,0,0,1,1,6,6,1,24,5,124,1,11,YAMAHA YZF,3,E01001263,0,-1
2023501314917,2023,501314917,1,5,0,18,19,2,6,0,0,8,5,0,0,0,1,1,5,6,1,21,5,689,1,0,YAMAHA YZF,5,E01019902,0,-1
2023201342968,2023,201342968,2,3,0,18,19,7,3,0,0,8,0,0,0,0,1,1,6,6,1,34,6,124,1,10,YAMAHA YZF,4,E01010426,0,-1
2023010447025,2023,010447025,2,3,0,18,19,1,5,0,0,6,0,0,0,0,1,1,6,6,1,28,6,124,1,4,YAMAHA YZF,6,E01001084,0,-1
2023421348836,2023,421348836,1,5,0,16,19,5,1,0,0,1,1,0,0,0,1,1,2,2,1,57,9,599,1,25,YAMAHA YZF,8,E01021347,0,-1
2023421309059,2023,421309059,1,3,0,7,7,7,1,0,0,1,1,0,0,0,2,1,5,6,1,23,5,124,1,3,YAMAHA YZF,-1,-1,0,-1
2023302301441,2023,302301441,2,3,0,18,19,8,4,0,0,0,0,0,0,0,1,1,6,6,1,18,4,124,1,9,YAMAHA YZF,6,E01019617,0,-1
2023010428009,2023,010428009,3,5,0,18,19,7,3,0,0,1,0,0,0,0,1,1,6,6,1,31,6,599,1,15,YAMAHA YZF,4,E01003062,0,-1