collision_index,collision_year,collision_ref_no,vehicle_reference,vehicle_type,towing_and_articulation,vehicle_manoeuvre_historic,vehicle_manoeuvre,vehicle_direction_from,vehicle_direction_to,vehicle_location_restricted_lane_historic,vehicle_location_restricted_lane,junction_location,skidding_and_overturning,hit_object_in_carriageway,vehicle_leaving_carriageway,hit_object_off_carriageway,first_point_of_impact,vehicle_left_hand_drive,journey_purpose_of_driver_historic,journey_purpose_of_driver,sex_of_driver,age_of_driver,age_band_of_driver,engine_capacity_cc,propulsion_code,age_of_vehicle,generic_make_model,driver_imd_decile,lsoa_of_driver,escooter_flag,driver_distance_banding
2023351335890,2023,351335890,1,3,0,4,4,5,1,0,0,1,0,0,0,0,1,1,2,2,1,19,4,124,1,15,YAMAHA YZF,8,E01032794,0,-1
2023010438501,2023,010438501,2,5,0,18,19,5,1,0,0,0,5,0,0,0,1,1,6,6,1,28,6,998,1,12,YAMAHA YZF,2,E01000087,0,-1
2023332300951,2023,332300951,2,3,0,18,19,3,7,0,0,8,1,0,0,0,2,1,6,6,1,17,4,124,1,7,YAMAHA YZF,6,E01025677,0,-1
2023471342357,2023,471342357,2,5,0,18,19,7,3,0,0,1,0,0,0,0,1,1,5,6,1,38,7,1000,1,8,YAMAHA YZF,9,E01022639,0,-1
2023421322359,2023,421322359,1,5,0,18,19,7,6,0,0,8,1,10,0,0,1,1,6,6,1,42,7,599,1,18,YAMAHA YZF,7,E01015964,0,-1
2023430186593,2023,430186593,1,3,0,18,19,2,6,0,0,1,0,0,0,0,1,1,6,6,1,23,5,124,1,11,YAMAHA YZF,9,E01032950,0,-1
2023421366128,2023,421366128,1,3,0,-1,-1,-1,-1,-1,-1,0,-1,-1,-1,0,-1,1,6,6,1,18,4,124,1,10,YAMAHA YZF,2,E01015879,0,-1
2023440523698,2023,440523698,2,4,0,18,19,3,7,0,0,8,0,0,0,0,1,1,6,6,1,18,4,124,1,6,YAMAHA YZF,2,E01022970,0,-1
2023421307221,2023,421307221,1,5,0,13,13,8,4,0,0,0,0,0,0,0,4,1,6,6,1,39,7,599,1,16,YAMAHA YZF,2,E01022039,0,-1
2023401362597,2023,401362597,2,4,0,13,13,1,5,0,0,8,0,0,0,0,1,1,5,6,1,19,4,321,1,8,YAMAHA YZF,2,E01015733,0,-1
2023010460140,2023,010460140,1,5,0,17,19,8,5,9,9,1,0,10,1,10,1,1,6,6,1,51,8,599,1,11,YAMAHA YZF,10,E01017756,0,-1
2023991309619,2023,991309619,1,3,0,7,7,5,8,0,0,0,0,0,7,0,1,1,5,6,1,18,4,124,1,5,YAMAHA YZF,1,E01008777,0,-1
2023320562577,2023,320562577,2,3,0,18,19,8,4,0,0,8,5,0,1,7,1,1,6,6,1,22,5,124,1,12,YAMAHA YZF,3,E01026124,0,-1
2023332300124,2023,332300124,2,3,0,13,13,2,6,0,0,8,0,0,0,0,1,1,6,6,1,17,4,124,1,11,YAMAHA YZF,5,E01025875,0,-1
2023340NN0552,2023,340NN0552,2,3,0,13,13,6,2,0,0,1,0,10,0,0,1,1,6,6,1,27,6,124,1,11,YAMAHA YZF,5,E01026970,0,-1
2023520400957,2023,520400957,2,5,0,18,19,5,1,0,0,0,0,0,0,0,1,1,6,6,1,62,9,599,1,10,YAMAHA YZF,1,E01029105,0,-1
2023522400431,2023,522400431,1,4,0,5,5,7,3,0,0,2,0,0,0,0,1,1,6,6,1,39,7,998,1,23,YAMAHA YZF,5,E01014820,0,-1
2023991367992,2023,991367992,1,5,0,13,13,7,3,0,0,1,2,0,0,0,1,1,6,6,1,57,9,998,1,21,YAMAHA YZF,3,-1,0,-1
2023501372587,2023,501372587,1,5,0,18,19,6,2,0,0,0,5,0,0,0,4,1,6,6,1,18,4,599,1,24,YAMAHA YZF,-1,-1,0,-1
2023010444231,2023,010444231,2,5,0,18,19,7,3,0,0,1,5,0,0,0,3,1,6,6,1,35,6,998,1,4,YAMAHA YZF,8,E01023486,0,-1
2023461359396,2023,461359396,1,5,0,18,19,5,1,0,0,1,2,0,0,0,0,1,6,6,1,55,8,599,1,25,YAMAHA YZF,9,E01024331,0,-1
2023211303023,2023,211303023,1,3,0,17,19,3,3,0,0,0,0,0,5,6,3,1,2,2,1,30,6,124,1,4,YAMAHA YZF,7,E01019612,0,-1
2023010450852,2023,010450852,1,4,0,18,19,3,7,0,0,8,0,0,0,0,1,1,6,6,1,24,5,321,1,4,YAMAHA YZF,6,E01001539,0,-1
2023131295065,2023,131295065,1,3,0,18,19,3,7,0,0,0,0,4,0,0,1,1,5,6,1,24,5,124,1,5,YAMAHA YZF,8,E01011929,0,-1
2023440211456,2023,440211456,1,3,0,7,7,2,3,0,0,5,0,0,0,0,2,1,6,6,1,18,4,124,1,15,YAMAHA YZF,1,E01017201,0,-1
2023531306999,2023,531306999,1,3,0,18,19,1,5,0,0,1,0,0,7,4,1,1,6,6,1,20,4,124,1,7,YAMAHA YZF,6,E01022341,0,-1
2023010472753,2023,010472753,2,3,0,15,15,3,7,0,0,8,0,0,0,0,1,1,6,6,1,36,7,124,1,5,YAMAHA YZF,6,E01030699,0,-1
2023122300778,2023,122300778,1,3,0,18,19,5,1,0,0,1,0,0,0,0,1,1,6,6,1,22,5,124,1,8,YAMAHA YZF,6,E01027916,0,-1
2023371320388,2023,371320388,1,5,0,17,19,3,8,5,5,0,1,10,1,0,4,1,5,6,1,36,7,599,1,13,YAMAHA YZF,1,E01029982,0,-1
2023440143695,2023,440143695,2,3,0,3,3,1,5,0,0,2,0,0,0,0,1,1,6,6,1,19,4,124,1,12,YAMAHA YZF,5,E01023262,0,-1
2023543491523,2023,543491523,1,5,0,13,13,2,6,0,0,1,0,0,0,0,1,1,6,6,2,19,4,689,1,1,YAMAHA YZF,-1,-1,0,-1
2023531326382,2023,531326382,3,5,0,13,13,3,7,0,0,2,1,0,0,0,4,1,5,6,1,30,6,599,1,10,YAMAHA YZF,1,E01022319,0,-1
2023010461297,2023,010461297,2,4,0,13,13,1,5,0,0,1,1,0,1,0,1,1,6,6,1,-1,-1,124,1,10,YAMAHA YZF,-1,-1,0,-1
2023221263709,2023,221263709,2,4,0,12,12,7,5,0,0,1,0,0,0,0,1,1,6,6,1,48,8,124,1,3,YAMAHA YZF,5,E01031242,0,-1
2023401347551,2023,401347551,1,5,0,17,19,4,8,0,0,0,0,0,1,10,1,1,5,6,1,59,9,998,1,23,YAMAHA YZF,4,E01017599,0,-1
2023031312120,2023,031312120,2,5,0,18,19,7,4,0,0,8,0,0,0,0,1,1,5,6,1,35,6,599,1,24,YAMAHA YZF,1,E01024878,0,-1
2023010453730,2023,010453730,1,5,5,14,14,5,1,6,6,0,0,0,0,0,1,1,6,6,1,31,6,599,1,12,YAMAHA YZF,6,E01002662,0,-1
2023440392422,2023,440392422,2,3,0,18,19,2,6,0,0,1,0,0,0,0,1,1,2,2,1,46,8,124,1,14,YAMAHA YZF,6,E01023252,0,-1
2023430507757,2023,430507757,2,3,0,18,19,3,6,0,0,8,0,0,0,0,1,1,2,2,1,33,6,124,1,6,YAMAHA YZF,2,E01028514,0,-1
2023010442317,2023,010442317,1,5,0,99,99,9,9,99,99,9,9,99,9,99,1,1,6,6,1,50,8,998,1,8,YAMAHA YZF,3,E01001326,0,-1
2023161329945,2023,161329945,2,3,0,18,19,7,3,0,0,1,0,0,0,0,1,1,6,6,1,21,5,124,1,12,YAMAHA YZF,3,E01013192,0,-1
2023421296364,2023,421296364,1,3,0,7,7,1,5,0,0,3,2,0,0,0,4,1,6,6,1,17,4,124,1,9,YAMAHA YZF,3,E01021391,0,-1
2023522300926,2023,522300926,1,5,0,9,9,5,3,0,0,8,0,0,0,0,1,1,6,6,1,34,6,599,1,22,YAMAHA YZF,7,E01014702,0,-1
2023010446260,2023,010446260,1,5,0,99,99,9,9,99,99,9,9,99,9,99,9,1,6,6,2,27,6,599,1,14,YAMAHA YZF,6,E01002170,0,-1
2023622300594,2023,622300594,1,5,0,18,19,6,2,0,0,0,1,0,0,0,1,1,6,6,1,42,7,998,1,20,YAMAHA YZF,5,W01000971,0,-1
2023141326667,2023,141326667,1,5,0,16,19,5,1,0,0,0,5,0,7,11,1,1,5,6,1,33,6,599,1,14,YAMAHA YZF,2,E01011043,0,-1
2023440444624,2023,440444624,1,5,0,18,19,1,5,0,0,4,0,0,0,0,1,1,6,6,1,35,6,998,1,13,YAMAHA YZF,-1,-1,0,-1
2023991358324,2023,991358324,1,5,0,16,19,3,7,0,0,0,2,10,0,0,2,1,6,6,1,29,6,998,1,18,YAMAHA YZF,2,-1,0,-1
2023461315946,2023,461315946,1,4,0,17,19,2,6,0,0,0,0,0,0,0,1,1,6,6,1,59,9,998,1,20,YAMAHA YZF,10,E01024725,0,-1
202360A141133,2023,60A141133,1,5,0,16,19,6,1,0,0,0,0,0,0,0,3,1,6,6,1,44,7,599,1,25,YAMAHA YZF,-1,-1,0,-1
2023161294151,2023,161294151,1,5,0,3,3,5,1,0,0,0,5,0,0,0,2,1,5,6,1,42,7,998,1,17,YAMAHA YZF,1,E01012854,0,-1
2023041376349,2023,041376349,1,3,0,13,13,5,1,0,0,0,0,0,7,11,3,1,2,2,1,19,4,124,1,10,YAMAHA YZF,8,E01025348,0,-1
2023421301414,2023,421301414,1,3,0,17,19,7,3,0,0,0,0,0,1,0,3,1,2,2,1,17,4,124,1,11,YAMAHA YZF,8,E01022093,0,-1
2023461334364,2023,461334364,2,5,0,18,19,4,8,0,0,0,0,0,0,0,1,1,2,2,1,34,6,599,1,17,YAMAHA YZF,9,E01024849,0,-1
2023010448670,2023,010448670,2,3,0,18,19,1,5,0,0,1,0,0,0,0,1,1,1,1,1,18,4,124,1,3,YAMAHA YZF,1,E01033456,0,-1
2023010460018,2023,010460018,1,5,0,4,4,5,1,0,0,0,2,0,0,0,1,1,6,6,1,55,8,599,1,14,YAMAHA YZF,10,E01024800,0,-1
2023302301324,2023,302301324,2,3,0,18,19,1,5,0,0,0,0,0,0,0,1,1,6,6,1,29,6,124,1,2,YAMAHA YZF,4,E01013555,0,-1
2023320663854,2023,320663854,2,3,0,18,19,6,2,0,0,0,0,0,0,0,4,1,6,6,1,17,4,124,1,9,YAMAHA YZF,8,E01026258,0,-1
2023211361917,2023,211361917,2,3,0,15,15,7,3,0,0,1,1,0,1,0,1,1,6,6,1,40,7,124,1,4,YAMAHA YZF,-1,-1,0,-1
2023461350016,2023,461350016,2,5,0,18,19,3,7,0,0,8,0,0,0,0,1,1,6,6,1,34,6,599,1,17,YAMAHA YZF,4,E01024591,0,-1
2023531392715,2023,531392715,2,3,0,18,19,7,3,0,0,1,0,0,0,0,1,1,5,6,1,17,4,124,1,8,YAMAHA YZF,8,E01022209,0,-1
2023201311347,2023,201311347,2,3,0,17,19,4,2,0,0,2,0,0,0,0,1,1,6,6,1,22,5,124,1,5,YAMAHA YZF,2,E01033624,0,-1
2023010469714,2023,010469714,1,3,0,3,3,3,7,2,2,2,0,0,0,0,4,1,6,6,1,17,4,124,1,7,YAMAHA YZF,9,E01002571,0,-1
2023991280500,2023,991280500,1,3,0,18,19,2,6,0,0,0,1,0,0,0,4,1,5,6,1,19,4,124,1,15,YAMAHA YZF,6,-1,0,-1
2023122301062,2023,122301062,2,3,0,18,19,6,2,0,0,8,0,0,0,0,1,1,6,6,1,18,4,124,1,10,YAMAHA YZF,8,E01027611,0,-1
2023520301655,2023,520301655,2,5,0,18,19,7,3,0,0,8,0,0,0,0,3,1,6,6,1,22,5,689,1,0,YAMAHA YZF,2,E01029248,0,-1
2023401338200,2023,401338200,2,5,0,18,19,1,1,0,0,2,0,0,0,0,4,1,6,6,1,26,6,600,1,5,YAMAHA YZF,7,E01017547,0,-1
2023991347498,2023,991347498,1,5,0,18,19,3,7,0,0,8,0,0,0,0,4,1,5,6,1,45,7,998,1,19,YAMAHA YZF,8,-1,0,-1
2023201365875,2023,201365875,1,5,0,18,19,1,5,0,0,0,0,0,0,0,1,1,6,6,1,26,6,998,1,9,YAMAHA YZF,1,E01009096,0,-1
2023440119316,2023,440119316,1,3,0,9,9,8,6,0,0,5,0,0,0,0,1,1,6,6,1,19,4,124,1,8,YAMAHA YZF,3,E01032851,0,-1
2023351284413,2023,351284413,2,5,0,18,19,5,7,0,0,7,0,0,0,0,1,1,1,1,1,23,5,689,1,1,YAMAHA YZF,7,E01018127,0,-1
2023070974453,2023,070974453,2,3,0,18,19,6,2,0,0,1,0,0,0,11,4,1,6,6,1,19,4,125,1,5,YAMAHA YZF,1,E01018476,0,-1
2023522301227,2023,522301227,2,5,0,18,19,8,4,0,0,8,0,0,0,0,1,1,6,6,1,18,4,599,1,26,YAMAHA YZF,4,E01014401,0,-1
2023070443542,2023,070443542,2,4,0,18,19,1,5,0,0,8,0,0,0,0,1,1,6,6,1,20,4,124,1,8,YAMAHA YZF,9,E01018737,0,-1
2023340WN5522,2023,340WN5522,1,4,0,16,19,6,2,0,0,0,1,0,0,0,1,1,2,2,1,17,4,124,1,14,YAMAHA YZF,9,E01027284,0,-1
2023221341559,2023,221341559,1,3,0,16,19,4,7,0,0,8,0,0,1,10,1,1,5,6,1,17,4,124,1,9,YAMAHA YZF,7,E01029012,0,-1
2023631337300,2023,631337300,1,4,0,18,19,4,8,0,0,8,1,0,0,0,1,1,2,2,1,29,6,124,1,10,YAMAHA YZF,6,W01000584,0,-1
2023501318250,2023,501318250,2,5,0,5,5,3,7,0,0,1,5,0,7,9,1,1,6,6,1,37,7,1000,1,9,YAMAHA YZF,4,E01019054,0,-1
2023041315587,2023,041315587,2,5,0,17,19,7,3,0,0,0,0,0,0,0,1,1,5,6,2,19,4,689,1,0,YAMAHA YZF,9,E01004803,0,-1
2023461328461,2023,461328461,1,5,0,16,19,5,8,0,0,0,0,0,0,0,1,1,5,6,1,19,4,689,1,1,YAMAHA YZF,8,E01033088,0,-1
2023221262421,2023,221262421,1,5,0,16,19,6,2,0,0,0,1,0,0,0,1,1,5,6,1,22,5,124,1,11,YAMAHA YZF,4,E01014192,0,-1
2023461361883,2023,461361883,2,3,0,14,14,1,3,0,0,4,0,0,1,0,2,1,6,6,1,18,4,124,1,8,YAMAHA YZF,5,E01024342,0,-1
2023031295185,2023,031295185,1,3,0,17,19,7,3,0,0,0,1,0,0,0,4,1,2,2,1,17,4,124,1,14,YAMAHA YZF,8,E01019366,0,-1
2023221291472,2023,221291472,1,3,0,18,19,5,1,0,0,8,0,0,0,0,1,1,5,6,1,18,4,124,1,2,YAMAHA YZF,4,E01014072,0,-1
2023361282627,2023,361282627,1,5,0,-1,-1,-1,-1,0,0,0,-1,-1,-1,0,-1,1,6,6,1,29,6,599,1,16,YAMAHA YZF,6,E01026675,0,-1
2023522300472,2023,522300472,1,3,0,18,19,6,2,0,0,0,0,0,0,0,1,1,6,6,1,18,4,124,1,6,YAMAHA YZF,4,E01014401,0,-1
2023340NN0412,2023,340NN0412,1,5,0,12,12,3,7,0,0,7,0,0,0,0,1,1,6,6,1,44,7,600,2,18,YAMAHA YZF,3,E01027060,0,-1
2023411362017,2023,411362017,1,3,0,18,19,5,1,0,0,0,0,0,0,0,1,1,1,1,1,28,6,124,1,7,YAMAHA YZF,6,E01023394,0,-1
2023302301049,2023,302301049,1,3,0,9,9,8,6,0,0,8,1,0,0,0,0,1,6,6,1,25,5,125,1,5,-1,2,E01019505,0,-1
2023451371322,2023,451371322,1,9,0,18,19,1,5,0,0,0,0,0,0,0,1,1,5,6,1,93,11,2226,1,33,-1,8,E01030592,0,-1
2023320386384,2023,320386384,1,9,0,12,12,8,4,0,0,0,0,0,0,0,3,1,6,6,1,26,6,3993,1,8,-1,3,E01026140,0,-1
2023451352997,2023,451352997,1,9,0,18,19,5,1,0,0,0,0,0,1,1,1,1,6,6,1,33,6,3993,1,8,-1,5,E01013689,0,-1
2023461370066,2023,461370066,2,9,0,18,19,3,7,0,0,1,-1,0,0,0,1,1,6,6,1,35,6,2967,2,3,-1,4,E01024002,0,-1
2023471310269,2023,471310269,1,21,4,2,2,0,0,0,0,0,0,0,0,0,2,1,6,6,1,37,7,12000,2,20,-1,10,E01022882,0,-1
2023451378432,2023,451378432,1,21,0,9,9,5,3,0,0,8,0,0,0,0,3,1,1,1,1,49,8,10500,2,25,-1,4,E01030816,0,-1
2023340NN1242,2023,340NN1242,1,9,0,9,9,1,6,0,0,8,0,0,0,0,1,1,6,6,2,50,8,1596,1,19,FORD FOCUS,8,E01027054,0,-1
2023451292160,2023,451292160,3,9,0,18,19,6,2,0,0,0,0,0,0,0,1,1,5,6,2,29,6,999,1,2,FORD FOCUS,9,E01030960,0,-1
2023111328728,2023,111328728,1,9,0,18,19,8,4,0,0,0,0,0,0,0,1,1,6,6,2,36,7,1997,2,14,FORD FOCUS,2,E01020727,0,-1
2023111294037,2023,111294037,2,9,0,18,19,5,1,0,0,3,0,0,0,0,4,1,6,6,2,28,6,1560,2,8,FORD FOCUS,9,E01008260,0,-1
2023610004423,2023,610004423,1,9,0,18,19,2,6,0,0,0,0,0,0,0,1,1,6,6,2,39,7,1997,2,7,FORD FOCUS,9,W01001518,0,-1
2023361263737,2023,361263737,2,9,0,18,19,5,1,0,0,0,5,0,1,0,4,1,5,6,2,53,8,999,1,4,FORD FOCUS,2,E01026633,0,-1
2023421320959,2023,421320959,2,9,0,1,1,2,6,0,0,2,0,0,0,0,1,1,5,6,1,28,6,999,1,0,FORD FOCUS,3,E01015956,0,-1
2023622300876,2023,622300876,4,9,0,2,2,0,0,0,0,0,0,0,0,0,2,1,6,6,3,-1,-1,1997,2,8,FORD FOCUS,-1,-1,0,-1
2023010461248,2023,010461248,2,9,0,99,99,9,9,99,99,9,9,99,9,99,0,9,6,6,1,40,7,1499,2,6,FORD FOCUS,1,E01002093,0,-1
2023111361151,2023,111361151,1,9,0,9,9,5,2,0,0,2,0,0,0,0,4,1,6,6,2,30,6,1753,2,16,FORD FOCUS,-1,-1,0,-1
2023010450036,2023,010450036,2,9,0,7,7,8,2,0,0,1,0,0,0,0,2,1,6,6,2,40,7,999,1,7,FORD FOCUS,8,E01030390,0,-1
2023421261097,2023,421261097,1,9,0,18,19,1,5,0,0,1,0,0,0,0,4,1,5,6,1,75,10,1753,2,16,FORD FOCUS,4,E01015972,0,-1
2023302300041,2023,302300041,1,9,0,9,9,4,2,0,0,2,0,0,0,0,1,1,2,2,1,61,9,1560,2,13,FORD FOCUS,5,E01019883,0,-1
2023010482818,2023,010482818,1,9,0,99,99,9,9,99,99,0,9,99,9,99,2,9,2,2,1,31,6,1596,1,14,FORD FOCUS,4,E01002244,0,-1
2023351270106,2023,351270106,1,9,0,18,19,3,7,0,0,0,2,0,1,0,1,1,5,6,2,57,9,1596,1,15,FORD FOCUS,8,E01017541,0,-1
2023320243083,2023,320243083,1,9,0,18,19,5,1,0,0,4,0,0,0,0,1,1,6,6,1,54,8,1560,2,11,FORD FOCUS,1,E01026152,0,-1
2023010476185,2023,010476185,1,9,0,16,19,1,5,0,0,0,0,0,0,0,1,1,6,6,2,22,5,998,1,10,FORD FOCUS,6,E01024174,0,-1
2023010486323,2023,010486323,1,9,0,16,19,7,3,0,0,1,0,0,0,0,1,1,6,6,1,61,9,999,1,1,FORD FOCUS,4,E01000497,0,-1
2023991347918,2023,991347918,1,9,0,18,19,1,5,0,0,1,0,0,1,0,1,1,5,6,1,64,9,1499,2,2,FORD FOCUS,6,-1,0,-1
2023010424826,2023,010424826,1,9,0,1,1,1,5,0,0,1,0,0,0,0,2,1,6,6,2,22,5,1388,1,17,FORD FOCUS,3,E01003606,0,-1
2023302300811,2023,302300811,1,9,0,18,19,6,2,0,0,0,0,0,0,0,1,1,6,6,1,47,8,999,1,6,FORD FOCUS,7,E01019832,0,-1
2023041347051,2023,041347051,2,9,0,7,7,5,3,0,0,8,0,0,0,0,2,1,2,2,1,39,7,999,1,5,FORD FOCUS,6,E01025418,0,-1
2023010429834,2023,010429834,2,9,0,99,99,9,9,99,99,9,9,99,9,99,1,9,6,6,3,-1,-1,1596,1,14,FORD FOCUS,2,E01004389,0,-1
2023101379245,2023,101379245,1,9,0,18,19,5,1,0,0,0,0,0,0,0,1,2,3,7,2,35,6,1596,1,11,FORD FOCUS,3,E01008751,0,-1
2023421273695,2023,421273695,3,9,0,4,4,2,6,0,0,0,0,0,7,0,2,1,2,2,1,39,7,1560,2,9,FORD FOCUS,9,E01029905,0,-1
2023311378049,2023,311378049,3,9,0,3,3,3,7,0,0,1,0,0,0,0,2,1,1,1,2,37,7,1499,2,5,FORD FOCUS,3,E01028224,0,-1
2023041285136,2023,041285136,2,9,0,7,7,3,1,0,0,7,0,0,0,0,4,1,6,6,1,65,9,1560,2,12,FORD FOCUS,10,E01025259,0,-1
2023041307705,2023,041307705,1,9,0,18,19,1,5,0,0,0,0,0,0,0,4,1,5,6,1,76,11,999,1,1,FORD FOCUS,-1,-1,0,-1
2023052301416,2023,052301416,1,9,0,5,5,3,7,0,0,0,0,0,0,0,3,1,6,6,2,51,8,1596,1,15,FORD FOCUS,1,E01006981,0,-1
2023332300612,2023,332300612,1,9,0,18,19,7,3,0,0,8,0,0,0,0,4,1,6,6,1,41,7,1596,1,14,FORD FOCUS,6,E01013737,0,-1
2023031391536,2023,031391536,2,9,0,5,5,7,1,0,0,6,0,0,0,0,3,1,2,2,2,36,7,1798,1,16,FORD FOCUS,-1,-1,0,-1
2023461282106,2023,461282106,2,9,0,18,19,6,1,0,0,1,0,0,0,0,3,1,6,6,1,56,9,998,1,10,FORD FOCUS,6,E01024807,0,-1
2023131347027,2023,131347027,2,9,0,9,9,7,3,0,0,0,0,0,0,0,1,1,2,2,1,52,8,2521,1,16,FORD FOCUS,2,E01011552,0,-1
2023010458298,2023,010458298,2,9,9,99,99,9,9,99,99,9,9,99,9,99,9,9,6,6,3,-1,-1,1596,1,14,FORD FOCUS,-1,-1,0,-1
2023430381201,2023,430381201,1,9,0,18,19,3,7,0,0,0,0,0,0,0,1,1,6,6,2,52,8,1560,2,9,FORD FOCUS,8,E01016296,0,-1
2023440097134,2023,440097134,1,9,0,4,4,5,1,0,0,1,0,0,0,0,2,1,6,6,1,40,7,1596,1,13,FORD FOCUS,6,E01022677,0,-1
2023010423918,2023,010423918,1,9,0,18,19,1,5,0,0,2,0,0,0,0,4,1,1,1,1,31,6,1596,1,10,FORD FOCUS,6,E01004379,0,-1
2023440369705,2023,440369705,1,9,0,18,19,6,4,0,0,1,0,0,0,0,1,1,6,6,1,42,7,998,1,10,FORD FOCUS,5,E01017283,0,-1
2023052302725,2023,052302725,2,9,0,18,19,5,1,0,0,0,0,0,0,0,1,1,6,6,1,73,10,999,1,1,FORD FOCUS,6,E01006487,0,-1
2023010464529,2023,010464529,1,9,0,5,5,1,5,0,0,0,0,0,0,0,1,1,6,6,2,60,9,1499,2,3,FORD FOCUS,3,E01000372,0,-1
2023522300682,2023,522300682,3,9,0,2,2,0,0,0,0,0,0,0,0,0,4,1,6,6,3,-1,-1,1596,1,19,FORD FOCUS,-1,-1,0,-1
2023451290283,2023,451290283,2,9,0,6,6,8,4,0,0,0,0,0,0,0,3,1,5,6,1,28,6,1596,1,19,FORD FOCUS,7,E01030858,0,-1
2023501348273,2023,501348273,1,9,0,18,19,7,5,0,0,0,0,0,0,0,1,1,2,2,1,19,4,2521,1,13,FORD FOCUS,8,E01020080,0,-1
2023010452259,2023,010452259,2,9,0,3,3,5,1,0,0,1,0,0,0,0,1,1,6,6,3,-1,-1,1999,1,6,FORD FOCUS,-1,-1,0,-1
2023141348035,2023,141348035,1,9,0,18,19,6,2,0,0,8,0,0,0,0,1,1,5,6,2,48,8,999,1,6,FORD FOCUS,7,E01007523,0,-1
2023440376790,2023,440376790,2,9,0,10,10,1,7,0,0,1,0,0,0,0,2,1,6,6,1,62,9,998,1,9,FORD FOCUS,4,E01022841,0,-1
2023010471915,2023,010471915,1,9,0,18,19,1,5,0,0,8,0,0,0,0,4,1,6,6,1,34,6,998,1,9,FORD FOCUS,6,E01004173,0,-1
2023170S11523,2023,170S11523,1,9,0,18,19,3,7,0,0,8,0,0,0,0,1,1,6,6,3,-1,-1,1596,1,14,FORD FOCUS,-1,-1,0,-1
2023061357449,2023,061357449,3,9,0,2,2,0,0,0,0,0,0,4,0,0,2,1,6,6,3,-1,-1,1596,1,16,FORD FOCUS,-1,-1,0,-1
2023531287986,2023,531287986,1,9,0,18,19,8,2,0,0,8,0,0,0,0,1,1,6,6,1,32,6,999,1,1,FORD FOCUS,9,E01021579,0,-1
2023421379822,2023,421379822,3,9,0,3,3,6,2,0,0,0,0,0,0,0,2,1,6,6,2,44,7,1499,2,8,FORD FOCUS,5,E01021664,0,-1
2023010442815,2023,010442815,1,9,0,99,99,9,9,99,99,0,9,99,9,99,2,9,6,6,1,30,6,998,1,9,FORD FOCUS,4,E01023296,0,-1
2023010460354,2023,010460354,1,9,0,99,99,9,9,99,99,9,9,99,9,99,2,9,6,6,1,57,9,1798,1,14,FORD FOCUS,6,E01004372,0,-1
2023451346242,2023,451346242,2,9,0,2,2,0,0,0,0,0,0,0,0,0,4,1,6,6,3,-1,-1,1798,1,15,FORD FOCUS,-1,-1,0,-1
2023302300684,2023,302300684,1,9,0,18,19,8,4,0,0,1,0,0,0,0,1,1,6,6,2,26,6,1560,2,8,FORD FOCUS,3,E01019775,0,-1
2023401414924,2023,401414924,2,9,0,18,19,1,5,0,0,0,0,0,0,0,4,1,6,6,1,-1,-1,1560,2,10,FORD FOCUS,3,E01017562,0,-1
2023122300258,2023,122300258,1,9,0,18,19,4,8,0,0,0,0,0,0,0,2,1,2,2,1,22,5,1560,2,10,FORD FOCUS,5,E01027857,0,-1
2023340WN0642,2023,340WN0642,1,9,0,18,19,1,5,0,0,0,1,0,2,7,1,1,6,6,1,79,11,1988,1,19,FORD FOCUS,9,E01020417,0,-1
2023471307625,2023,471307625,2,9,0,18,19,4,8,0,0,1,0,0,0,0,1,1,3,7,2,36,7,1596,1,19,FORD FOCUS,6,E01021068,0,-1
2023031276930,2023,031276930,2,9,0,18,19,1,5,0,0,0,0,0,0,0,1,1,6,6,1,53,8,1596,1,18,FORD FOCUS,7,E01019357,0,-1
2023141319531,2023,141319531,1,9,0,18,19,3,7,0,0,1,0,0,0,0,1,1,5,6,1,27,6,1596,1,12,FORD FOCUS,6,E01019815,0,-1
2023010453073,2023,010453073,1,9,0,10,10,2,1,0,0,6,0,0,0,0,4,1,6,6,2,77,11,1596,1,7,FORD FOCUS,5,E01000211,0,-1
2023052300287,2023,052300287,1,8,0,18,19,8,4,0,0,1,0,0,0,0,3,1,2,2,1,31,6,1499,2,7,FORD FOCUS,1,E01006630,0,-1
2023610039423,2023,610039423,2,9,0,9,9,3,1,0,0,6,0,0,0,0,3,1,3,7,2,36,7,1560,2,10,FORD FOCUS,4,W01001337,0,-1
2023131317286,2023,131317286,2,9,0,9,9,1,7,0,0,8,0,0,0,0,2,1,5,6,1,30,6,1560,2,13,FORD FOCUS,4,E01010848,0,-1
2023501391434,2023,501391434,1,9,0,13,13,3,7,0,0,0,0,0,0,0,1,1,2,2,2,58,9,1560,2,13,FORD FOCUS,4,E01018862,0,-1
2023461321817,2023,461321817,1,9,0,5,5,3,5,0,0,8,0,0,0,0,1,1,6,6,1,33,6,998,1,11,FORD FOCUS,7,E01024437,0,-1
2023321378615,2023,321378615,2,9,0,18,19,8,4,0,0,0,0,0,4,10,4,1,2,2,1,22,5,1997,2,5,FORD FOCUS,9,E01013194,0,-1
2023201378518,2023,201378518,2,9,0,5,5,8,4,0,0,8,0,0,0,0,4,1,5,6,2,68,10,999,1,4,FORD FOCUS,9,E01010334,0,-1