collision_index,collision_year,collision_ref_no,vehicle_reference,vehicle_type,towing_and_articulation,vehicle_manoeuvre_historic,vehicle_manoeuvre,vehicle_direction_from,vehicle_direction_to,vehicle_location_restricted_lane_historic,vehicle_location_restricted_lane,junction_location,skidding_and_overturning,hit_object_in_carriageway,vehicle_leaving_carriageway,hit_object_off_carriageway,first_point_of_impact,vehicle_left_hand_drive,journey_purpose_of_driver_historic,journey_purpose_of_driver,sex_of_driver,age_of_driver,age_band_of_driver,engine_capacity_cc,propulsion_code,age_of_vehicle,generic_make_model,driver_imd_decile,lsoa_of_driver,escooter_flag,driver_distance_banding
2023010433323,2023,010433323,1,9,0,5,5,1,5,0,0,2,0,10,0,0,4,1,6,6,1,30,6,1753,2,17,FORD FOCUS,2,E01003988,0,-1
2023340WN5882,2023,340WN5882,1,9,0,18,19,1,5,0,0,6,0,0,0,0,1,1,6,6,1,24,5,1997,2,5,FORD FOCUS,2,E01016729,0,-1
2023461352315,2023,461352315,2,9,0,10,10,7,3,0,0,8,0,0,0,0,2,1,6,6,1,40,7,1999,1,6,FORD FOCUS,5,E01024842,0,-1
2023451338239,2023,451338239,2,9,0,13,13,5,1,5,5,0,0,0,0,0,4,1,6,6,1,70,10,1798,1,14,FORD FOCUS,10,E01030350,0,-1
2023010453590,2023,010453590,2,9,0,99,99,9,9,99,99,9,9,99,9,99,9,9,6,6,3,-1,-1,999,1,3,FORD FOCUS,2,E01002097,0,-1
2023131355031,2023,131355031,2,9,0,9,9,4,1,0,0,6,0,0,1,0,1,1,6,6,2,23,5,1596,1,12,FORD FOCUS,2,E01010716,0,-1
2023371370814,2023,371370814,1,9,0,13,13,2,6,0,0,0,0,0,0,0,1,1,5,6,1,78,11,1560,2,10,FORD FOCUS,4,E01026891,0,-1
2023161363827,2023,161363827,3,9,0,3,3,7,3,0,0,0,0,0,0,0,2,1,6,6,1,-1,-1,1560,2,8,FORD FOCUS,-1,-1,0,-1
2023010449888,2023,010449888,2,9,0,3,3,2,6,0,0,0,0,0,0,0,2,1,6,6,1,32,6,998,1,11,FORD FOCUS,3,E01015619,0,-1
2023522400608,2023,522400608,2,9,0,12,12,6,2,2,2,0,0,0,0,0,3,1,6,6,2,73,10,1596,1,18,FORD FOCUS,7,E01014696,0,-1
2023141379199,2023,141379199,1,9,0,18,19,1,5,0,0,1,0,0,0,0,3,1,1,1,1,42,7,1596,1,17,FORD FOCUS,1,E01010743,0,-1
2023010471937,2023,010471937,2,9,0,99,99,9,9,99,99,9,9,99,9,99,9,9,6,6,3,-1,-1,999,1,6,FORD FOCUS,-1,-1,0,-1
2023421283691,2023,421283691,2,9,0,7,7,5,1,0,0,1,0,0,0,0,1,1,6,6,1,35,6,1560,2,14,FORD FOCUS,6,E01021855,0,-1
2023010467622,2023,010467622,2,9,0,99,99,9,9,99,99,9,9,99,9,99,9,9,6,6,3,-1,-1,998,1,10,FORD FOCUS,-1,-1,0,-1
2023010461137,2023,010461137,3,9,0,16,19,1,5,0,0,2,0,0,0,0,0,2,1,1,1,33,6,1496,1,2,FORD FOCUS,4,E01004401,0,-1
2023201400579,2023,201400579,2,9,0,12,12,6,2,0,0,2,0,7,4,0,4,1,6,6,2,38,7,999,1,6,FORD FOCUS,2,E01009499,0,-1
2023361347938,2023,361347938,1,9,0,4,4,5,1,0,0,0,0,0,0,0,2,1,5,6,1,67,10,999,1,4,FORD FOCUS,9,E01026550,0,-1
2023010432438,2023,010432438,2,9,0,5,5,0,6,0,0,0,0,0,0,0,2,1,2,2,2,29,6,1999,1,14,FORD FOCUS,3,E01001154,0,-1
2023371342746,2023,371342746,2,9,0,9,9,2,8,0,0,8,0,0,0,0,3,1,5,6,2,42,7,1997,2,15,FORD FOCUS,1,E01030018,0,-1
2023520300557,2023,520300557,2,9,0,18,19,2,6,0,0,0,0,0,0,0,1,1,6,6,1,33,6,1596,1,14,FORD FOCUS,6,E01029181,0,-1
2023501268450,2023,501268450,1,9,0,9,9,8,4,0,0,0,0,0,1,9,4,1,5,6,2,56,9,1596,1,12,FORD FOCUS,4,E01020334,0,-1
2023411315987,2023,411315987,1,9,0,18,19,3,2,0,0,8,0,0,7,0,1,1,6,6,2,45,7,1596,1,8,FORD FOCUS,7,E01023683,0,-1
2023501352480,2023,501352480,3,9,0,2,2,1,5,0,0,0,0,0,0,0,3,1,6,6,1,41,7,1560,2,10,FORD FOCUS,3,E01019922,0,-1
2023052300115,2023,052300115,1,9,0,18,19,6,2,0,0,0,0,0,0,0,2,1,1,1,1,50,8,1560,2,9,FORD FOCUS,1,E01006604,0,-1
2023141356688,2023,141356688,2,9,0,18,19,5,1,9,9,0,0,10,1,0,1,1,6,6,1,34,6,1499,2,1,FORD FOCUS,3,E01007900,0,-1
2023340WN4372,2023,340WN4372,2,9,0,4,4,5,1,0,0,1,0,0,0,0,2,1,2,2,1,29,6,999,1,4,FORD FOCUS,4,E01026962,0,-1
2023061277726,2023,061277726,1,9,0,18,19,7,3,0,0,8,0,0,0,0,1,1,1,1,2,39,7,1988,1,20,FORD FOCUS,2,E01006309,0,-1
2023471333261,2023,471333261,2,9,0,4,4,8,4,0,0,1,0,0,0,0,2,1,5,6,1,44,7,1753,2,15,FORD FOCUS,8,E01031620,0,-1
2023211289931,2023,211289931,1,9,0,18,19,2,5,0,0,0,0,0,8,6,4,1,6,6,1,76,11,999,1,7,FORD FOCUS,10,E01033533,0,-1
2023320011137,2023,320011137,1,9,0,6,6,4,4,0,0,8,0,0,0,0,1,1,6,6,1,54,8,1499,2,7,FORD FOCUS,4,E01026389,0,-1
2023430308109,2023,430308109,1,9,0,7,7,4,6,0,0,5,0,0,0,0,4,1,2,2,1,55,8,998,1,10,FORD FOCUS,10,E01016668,0,-1
2023991343251,2023,991343251,1,9,0,18,19,3,7,0,0,0,5,0,1,0,1,2,5,6,1,31,6,1997,2,7,FORD FOCUS,1,-1,0,-1
2023010474492,2023,010474492,1,9,0,1,1,1,5,9,9,1,0,10,7,0,1,1,6,6,3,-1,-1,999,1,6,FORD FOCUS,-1,-1,0,-1
2023440376298,2023,440376298,2,9,0,9,9,8,6,0,0,8,0,0,0,0,0,1,6,6,2,63,9,1596,1,15,FORD FOCUS,7,E01017094,0,-1
2023201411019,2023,201411019,2,9,0,17,19,2,8,0,0,3,0,0,0,0,4,1,6,6,2,35,6,1596,1,10,FORD FOCUS,1,E01010084,0,-1
2023101312572,2023,101312572,2,9,0,9,9,1,7,0,0,1,0,0,0,0,1,1,5,6,2,46,8,1560,2,12,FORD FOCUS,2,E01032650,0,-1
2023201295257,2023,201295257,1,9,5,14,14,2,6,0,0,1,0,0,0,0,1,1,6,6,1,-1,-1,1499,2,7,FORD FOCUS,-1,-1,0,-1
2023052302807,2023,052302807,1,8,0,7,7,3,5,0,0,6,0,0,0,0,2,1,1,1,3,-1,-1,1499,2,8,FORD FOCUS,-1,-1,0,-1
2023041321323,2023,041321323,2,9,0,10,10,1,5,0,0,0,0,0,0,0,2,1,5,6,2,33,6,1596,1,12,FORD FOCUS,1,E01010453,0,-1
2023451371265,2023,451371265,1,9,0,18,19,1,5,0,0,1,0,0,0,0,4,1,1,1,2,22,5,1499,2,7,FORD FOCUS,7,E01023131,0,-1
2023991382583,2023,991382583,1,9,0,18,19,2,5,0,0,0,1,0,7,9,3,1,2,2,1,62,9,1499,2,8,FORD FOCUS,1,-1,0,-1
2023010436187,2023,010436187,1,9,0,18,19,5,1,0,0,1,9,99,0,0,1,9,6,6,1,24,5,1596,1,21,FORD FOCUS,-1,-1,0,-1
2023061349401,2023,061349401,1,9,0,18,19,7,7,0,0,0,0,0,0,0,1,1,5,6,1,71,10,1596,1,14,FORD FOCUS,1,E01005165,0,-1
2023501363102,2023,501363102,1,9,0,18,19,6,4,0,0,1,0,0,0,0,3,1,6,6,1,36,7,1596,1,15,FORD FOCUS,2,E01018836,0,-1
2023052302869,2023,052302869,2,9,0,18,19,2,6,0,0,0,0,0,0,0,3,1,6,6,2,23,5,1560,2,12,FORD FOCUS,3,E01007058,0,-1
2023401383479,2023,401383479,1,9,0,18,19,6,2,0,0,0,1,0,0,0,1,1,6,6,1,63,9,999,1,3,FORD FOCUS,10,W01001780,0,-1
2023461264812,2023,461264812,1,9,0,18,19,3,7,0,0,0,2,0,0,0,3,1,6,6,1,40,7,1596,1,18,FORD FOCUS,6,E01024425,0,-1
2023311352215,2023,311352215,2,9,0,15,15,8,4,0,0,0,0,0,0,0,1,1,6,6,1,30,6,1798,1,19,FORD FOCUS,7,E01028293,0,-1
2023451373543,2023,451373543,2,9,0,1,1,1,1,0,0,0,0,0,0,0,2,1,6,6,2,30,6,1999,1,18,FORD FOCUS,-1,-1,0,-1
2023461325448,2023,461325448,1,9,0,13,13,6,2,0,0,1,0,0,0,0,4,1,6,6,1,59,9,1997,2,18,FORD FOCUS,3,E01024047,0,-1
2023010423478,2023,010423478,2,9,0,4,4,1,5,0,0,1,0,0,0,0,2,1,2,2,2,31,6,1596,1,20,FORD FOCUS,5,E01002363,0,-1
2023041298556,2023,041298556,1,9,0,5,5,2,6,0,0,4,0,0,0,0,1,1,5,6,1,66,10,1560,2,13,FORD FOCUS,3,E01025469,0,-1
2023010476874,2023,010476874,2,9,0,2,2,0,0,0,0,2,0,0,0,0,2,1,6,6,3,-1,-1,999,1,5,FORD FOCUS,-1,-1,0,-1
2023471352282,2023,471352282,1,9,0,9,9,8,7,0,0,1,0,0,1,0,1,1,5,6,2,42,7,1596,1,14,FORD FOCUS,6,E01031601,0,-1
2023010430527,2023,010430527,1,9,0,99,99,9,9,99,99,9,9,99,9,99,2,9,6,6,1,21,5,1596,1,11,FORD FOCUS,1,E01004222,0,-1
2023501317468,2023,501317468,1,9,0,9,9,1,3,0,0,1,0,11,0,0,1,1,5,6,1,52,8,1596,1,18,FORD FOCUS,3,E01015167,0,-1
2023991373101,2023,991373101,1,8,0,18,19,2,6,0,0,0,0,0,0,0,1,1,1,1,1,58,9,1499,2,7,FORD FOCUS,2,-1,0,-1
2023141271057,2023,141271057,2,9,0,9,9,6,6,0,0,1,0,0,0,0,1,1,6,6,3,-1,-1,999,1,4,FORD FOCUS,-1,-1,0,-1
2023311350809,2023,311350809,1,9,0,2,2,0,0,9,9,0,0,0,0,0,2,1,5,6,1,24,5,1596,1,14,FORD FOCUS,6,E01028050,0,-1
2023471346505,2023,471346505,1,9,0,18,19,1,5,0,0,0,0,0,0,0,1,1,2,2,2,32,6,1596,1,23,FORD FOCUS,5,E01021064,0,-1
2023501376072,2023,501376072,1,9,0,17,19,4,8,0,0,0,1,0,1,4,4,1,2,2,2,21,5,998,1,10,FORD FOCUS,8,E01020270,0,-1
2023041391984,2023,041391984,2,9,0,18,19,6,2,0,0,2,0,0,0,0,1,1,5,6,2,42,7,1596,1,12,FORD FOCUS,3,E01012708,0,-1
2023340NN2662,2023,340NN2662,1,9,0,17,19,7,3,0,0,0,0,0,0,0,1,1,6,6,1,39,7,1560,2,17,FORD FOCUS,3,E01027065,0,-1
2023332301164,2023,332301164,1,9,0,18,19,8,4,0,0,0,0,0,0,0,1,1,6,6,1,71,10,1798,1,16,FORD FOCUS,5,E01025858,0,-1
2023201377262,2023,201377262,1,9,0,5,5,5,1,9,9,0,0,0,0,0,1,1,5,6,1,79,11,1499,2,6,FORD FOCUS,2,E01009014,0,-1
2023361349111,2023,361349111,1,9,0,18,19,-1,-1,0,0,0,0,0,0,0,3,1,6,6,1,25,5,998,1,11,FORD FOCUS,3,E01026784,0,-1
2023010452701,2023,010452701,2,9,0,18,19,1,5,0,0,1,0,0,3,0,1,1,6,6,1,53,8,1596,1,14,FORD FOCUS,1,E01032512,0,-1
2023141381084,2023,141381084,2,9,0,5,5,1,5,0,0,8,0,0,0,0,4,1,5,6,2,28,6,1798,1,16,FORD FOCUS,1,E01007947,0,-1
2023421285089,2023,421285089,2,9,0,18,19,5,1,0,0,1,1,0,0,0,1,1,6,6,1,45,7,1499,2,3,FORD FOCUS,6,E01021656,0,-1
2023211314284,2023,211314284,1,9,-1,11,11,8,4,-1,-1,0,-1,-1,-1,0,-1,1,6,6,1,-1,-1,2521,1,16,FORD FOCUS,3,E01029434,0,-1
2023141334182,2023,141334182,1,9,0,18,19,4,1,0,0,1,1,10,0,0,1,1,6,6,1,28,6,1997,2,8,FORD FOCUS,2,E01007784,0,-1
2023461298043,2023,461298043,2,9,0,4,4,7,3,0,0,1,0,0,0,0,2,1,6,6,2,39,7,1596,1,17,FORD FOCUS,2,E01016061,0,-1
2023231367579,2023,231367579,1,9,0,16,19,3,6,0,0,0,0,0,3,0,1,1,6,6,2,36,7,1499,2,8,FORD FOCUS,8,E01031152,0,-1
2023461337092,2023,461337092,2,9,0,14,14,7,3,0,0,0,0,0,0,0,0,1,1,1,1,29,6,999,1,0,FORD FOCUS,3,E01024608,0,-1
2023361361357,2023,361361357,2,9,0,3,3,3,7,0,0,0,0,0,0,0,2,1,2,2,1,28,6,1999,1,6,FORD FOCUS,4,E01026445,0,-1
2023461315778,2023,461315778,4,9,0,3,3,-1,-1,0,0,0,0,0,0,0,2,1,6,6,1,55,8,1596,1,15,FORD FOCUS,9,E01024343,0,-1
2023061381408,2023,061381408,1,9,0,18,19,3,7,0,0,5,0,4,0,0,1,1,5,6,1,32,6,998,1,10,FORD FOCUS,3,E01005249,0,-1
2023311338722,2023,311338722,1,9,0,5,5,2,6,0,0,0,0,0,0,0,4,1,5,6,1,23,5,1997,2,8,FORD FOCUS,5,E01027972,0,-1
2023522400888,2023,522400888,1,9,0,18,19,6,2,0,0,8,0,0,0,0,2,1,6,6,1,37,7,1596,1,10,FORD FOCUS,2,E01002686,0,-1
2023991381539,2023,991381539,1,9,0,18,19,4,8,0,0,0,0,0,0,0,0,1,6,6,2,52,8,999,1,6,FORD FOCUS,4,-1,0,-1
2023141354671,2023,141354671,2,9,0,1,1,1,5,0,0,0,0,0,0,0,2,1,6,6,3,-1,-1,1560,2,9,FORD FOCUS,-1,-1,0,-1
2023501330257,2023,501330257,1,9,0,8,8,7,2,0,0,4,0,0,0,0,1,1,5,6,2,20,4,999,1,3,FORD FOCUS,3,E01019062,0,-1
2023010446559,2023,010446559,1,9,0,18,19,5,1,0,0,3,0,0,0,0,1,1,6,6,1,51,8,1596,1,11,FORD FOCUS,9,E01001127,0,-1
2023440334491,2023,440334491,2,9,0,4,4,2,6,0,0,0,0,0,0,0,2,1,6,6,1,46,8,1997,2,14,FORD FOCUS,7,E01022979,0,-1
2023131369956,2023,131369956,2,9,0,12,12,3,7,0,0,0,0,0,0,0,3,1,6,6,2,21,5,1499,2,8,FORD FOCUS,2,E01010852,0,-1
2023451303645,2023,451303645,3,9,0,2,2,0,0,0,0,0,0,0,0,0,2,1,6,6,1,32,6,1988,1,22,FORD FOCUS,9,E01030639,0,-1
2023411354667,2023,411354667,1,9,0,17,19,3,7,0,0,0,1,0,2,7,1,1,5,6,1,23,5,1596,1,17,FORD FOCUS,1,W01001857,0,-1
2023461366970,2023,461366970,1,9,0,16,19,5,1,0,0,0,2,0,2,0,1,1,6,6,1,23,5,2521,1,15,FORD FOCUS,10,E01016085,0,-1
2023061290466,2023,061290466,2,9,0,2,2,-1,-1,0,0,0,0,0,0,0,-1,1,6,6,1,36,7,999,1,1,FORD FOCUS,9,E01006394,0,-1
2023451305464,2023,451305464,1,9,0,18,19,5,1,0,0,0,0,0,0,0,3,1,5,6,1,45,7,1496,1,3,FORD FOCUS,4,E01016072,0,-1
2023311355948,2023,311355948,2,9,0,6,6,5,1,0,0,0,0,0,0,0,1,1,5,6,1,46,8,999,1,1,FORD FOCUS,6,E01027989,0,-1
2023201411253,2023,201411253,1,9,0,18,19,2,7,0,0,6,0,0,0,0,1,1,6,6,2,-1,-1,999,1,8,FORD FOCUS,4,E01010009,0,-1
2023010444899,2023,010444899,1,9,0,5,5,1,5,0,0,1,0,0,0,0,0,1,1,1,1,33,6,999,1,8,FORD FOCUS,4,E01003608,0,-1
2023071052538,2023,071052538,6,9,0,4,4,6,2,0,0,0,1,0,0,0,2,1,2,2,1,22,5,1596,1,12,FORD FOCUS,2,E01018327,0,-1
2023451306985,2023,451306985,2,9,0,18,19,3,7,0,0,1,0,0,0,0,3,1,5,6,2,59,9,1997,2,14,FORD FOCUS,3,E01030952,0,-1
2023231376437,2023,231376437,1,9,0,9,9,2,8,0,0,1,0,0,0,0,2,1,5,6,2,48,8,999,1,3,FORD FOCUS,10,E01029868,0,-1
2023302300245,2023,302300245,1,9,0,9,9,2,8,0,0,8,0,0,0,0,4,1,6,6,3,-1,-1,1596,1,12,FORD FOCUS,5,E01019456,0,-1
2023101320525,2023,101320525,1,9,0,18,19,3,7,0,0,1,0,0,0,0,1,1,5,6,2,78,11,1596,1,13,FORD FOCUS,3,E01027537,0,-1
2023221329218,2023,221329218,1,9,0,18,19,8,4,0,0,8,0,0,0,0,1,1,5,6,1,30,6,1560,2,11,FORD FOCUS,8,E01032334,0,-1
2023010459618,2023,010459618,2,9,0,18,19,7,3,0,0,8,0,0,0,0,0,1,6,6,1,25,5,998,1,9,FORD FOCUS,3,E01004217,0,-1
2023010446612,2023,010446612,1,9,0,18,19,3,7,0,0,0,0,0,0,0,2,1,6,6,2,64,9,1999,1,16,FORD FOCUS,3,E01000163,0,-1
2023052301302,2023,052301302,1,9,0,18,19,3,7,0,0,8,0,0,0,0,1,1,6,6,1,60,9,1596,1,19,FORD FOCUS,4,E01007053,0,-1
202360A066054,2023,60A066054,2,9,0,4,4,8,4,0,0,0,0,0,0,0,2,1,6,6,2,54,8,999,1,3,FORD FOCUS,-1,-1,0,-1
2023440462969,2023,440462969,2,9,0,18,19,5,1,0,0,0,0,0,0,0,1,1,6,6,1,64,9,999,1,2,FORD FOCUS,8,E01022975,0,-1
2023201293083,2023,201293083,1,9,0,4,4,6,2,0,0,0,0,0,0,0,1,1,1,1,1,26,6,1560,2,12,FORD FOCUS,1,E01009053,0,-1
2023101373593,2023,101373593,1,9,0,18,19,3,7,0,0,0,0,0,0,0,1,1,6,6,1,47,8,1753,2,18,FORD FOCUS,9,E01027535,0,-1
2023101335575,2023,101335575,2,9,0,18,19,5,1,0,0,8,0,0,0,0,3,1,5,6,1,39,7,1560,2,9,FORD FOCUS,1,E01008841,0,-1
2023421323415,2023,421323415,1,9,0,18,19,5,3,0,0,0,0,0,0,0,0,1,1,1,1,38,7,999,1,0,FORD FOCUS,4,E01022037,0,-1
2023351284977,2023,351284977,1,9,0,9,9,-1,-1,0,0,1,0,0,0,0,1,1,6,6,1,28,6,999,1,4,FORD FOCUS,3,E01015624,0,-1
2023340WN3452,2023,340WN3452,2,9,0,2,2,0,0,0,0,1,0,4,0,0,2,1,6,6,3,-1,-1,1560,2,13,FORD FOCUS,-1,-1,0,-1
2023552301267,2023,552301267,3,9,0,3,3,8,4,0,0,0,0,0,0,0,2,1,2,2,1,73,10,1999,1,15,FORD FOCUS,7,E01015330,0,-1
2023010473085,2023,010473085,2,9,0,5,5,1,5,0,0,8,0,0,0,0,3,1,6,6,3,-1,-1,1560,2,11,FORD FOCUS,-1,-1,0,-1
2023201367612,2023,201367612,1,9,0,9,9,1,7,0,0,5,0,0,0,0,1,1,6,6,1,18,4,998,1,9,FORD FOCUS,4,E01009824,0,-1
2023622300864,2023,622300864,2,9,0,9,9,4,3,0,0,1,0,0,0,0,1,1,2,2,1,25,5,1560,2,10,FORD FOCUS,5,W01001101,0,-1
2023201453239,2023,201453239,1,9,0,18,19,6,2,0,0,4,0,9,0,0,1,1,6,6,1,38,7,1560,2,11,FORD FOCUS,1,E01009048,0,-1
2023201410781,2023,201410781,1,9,0,18,19,5,1,0,0,0,0,0,0,0,1,1,6,6,1,-1,-1,1999,1,15,FORD FOCUS,-1,-1,0,-1
2023010485200,2023,010485200,2,9,0,7,7,5,7,0,0,5,0,0,0,0,4,1,2,2,1,33,6,1997,2,12,FORD FOCUS,2,E01001151,0,-1
2023010450381,2023,010450381,2,9,0,99,99,9,9,99,99,9,9,99,9,99,1,9,6,6,3,29,6,1596,1,13,FORD FOCUS,6,E01000219,0,-1
2023010459608,2023,010459608,2,9,0,5,5,3,7,0,0,1,0,0,1,0,1,1,6,6,1,38,7,998,1,9,FORD FOCUS,2,E01000018,0,-1
2023010430407,2023,010430407,2,9,0,7,7,3,5,0,0,1,0,0,0,0,1,1,6,6,1,55,8,1596,1,13,FORD FOCUS,6,E01004717,0,-1
2023161371919,2023,161371919,1,9,0,7,7,5,8,0,0,1,0,0,0,0,3,1,6,6,2,62,9,1596,1,16,FORD FOCUS,3,E01012825,0,-1
2023052300304,2023,052300304,2,9,0,4,4,3,7,0,0,0,0,0,0,0,3,1,2,2,1,46,8,1499,2,6,FORD FOCUS,4,E01006998,0,-1
2023010447504,2023,010447504,2,9,0,99,99,9,9,99,99,9,9,99,9,99,9,9,6,6,3,-1,-1,1499,2,4,FORD FOCUS,-1,-1,0,-1
2023010424514,2023,010424514,1,9,9,99,99,9,9,99,99,9,9,99,9,99,9,9,6,6,3,-1,-1,1499,2,1,FORD FOCUS,-1,-1,0,-1
2023201323022,2023,201323022,1,9,0,16,19,2,4,0,0,0,0,10,0,0,1,1,6,6,1,20,4,1753,2,14,FORD FOCUS,2,E01032481,0,-1
2023430513225,2023,430513225,1,9,0,16,19,7,2,0,0,3,0,0,0,0,3,1,6,6,1,53,8,998,1,11,FORD FOCUS,5,E01031952,0,-1
2023501352289,2023,501352289,1,9,0,18,19,2,6,0,0,0,0,0,0,0,1,1,2,2,2,37,7,1560,2,12,FORD FOCUS,-1,-1,0,-1
2023361282672,2023,361282672,2,9,0,18,19,8,4,0,0,8,0,0,0,0,4,1,5,6,1,28,6,1753,2,20,FORD FOCUS,4,E01026733,0,-1
2023070705784,2023,070705784,1,9,0,5,5,3,7,0,0,8,0,0,0,0,1,1,6,6,2,22,5,1997,2,6,FORD FOCUS,3,E01007322,0,-1
2023520400422,2023,520400422,2,9,0,18,19,1,5,0,0,0,0,0,0,0,1,1,6,6,3,-1,-1,999,1,4,FORD FOCUS,-1,-1,0,-1
2023440043774,2023,440043774,1,9,0,4,4,5,1,0,0,0,0,0,0,0,1,1,6,6,1,54,8,1596,1,14,FORD FOCUS,5,E01017025,0,-1
2023231271056,2023,231271056,1,9,0,18,19,2,6,0,0,1,0,0,0,0,1,1,5,6,1,43,7,1999,1,14,FORD FOCUS,1,E01031090,0,-1
2023421294823,2023,421294823,1,9,0,13,13,8,4,0,0,0,2,7,1,0,3,1,2,2,1,23,5,2521,1,16,FORD FOCUS,8,E01021671,0,-1
2023201386505,2023,201386505,2,9,0,1,1,1,2,9,9,0,0,0,0,0,2,1,6,6,1,40,7,1997,2,8,FORD FOCUS,-1,-1,0,-1
2023622300520,2023,622300520,2,9,0,2,2,0,0,0,0,8,0,0,0,0,3,1,6,6,3,-1,-1,1498,1,6,FORD FOCUS,-1,-1,0,-1
2023201356004,2023,201356004,3,9,0,2,2,0,0,0,0,2,0,0,0,0,3,1,5,6,1,32,6,999,1,4,FORD FOCUS,3,E01010244,0,-1
2023010475741,2023,010475741,1,9,0,5,5,7,3,0,0,1,0,0,0,0,1,1,2,2,1,49,8,1596,1,14,FORD FOCUS,-1,-1,0,-1
2023991365774,2023,991365774,1,9,0,18,19,1,5,0,0,0,0,0,0,0,1,1,6,6,1,41,7,1596,1,18,FORD FOCUS,2,-1,0,-1
2023131386947,2023,131386947,2,9,0,18,19,7,3,0,0,0,0,0,0,0,1,1,6,6,1,35,6,1499,2,7,FORD FOCUS,1,E01010614,0,-1
2023010484646,2023,010484646,1,9,0,99,99,9,9,99,99,1,9,0,0,0,2,9,6,6,1,-1,-1,1596,1,12,FORD FOCUS,-1,-1,0,-1
2023041351620,2023,041351620,1,9,0,18,19,5,1,0,0,0,0,0,0,0,1,1,6,6,3,50,8,998,1,9,FORD FOCUS,-1,-1,0,-1
2023061297026,2023,061297026,2,9,0,18,19,4,8,0,0,0,0,0,0,0,2,1,6,6,1,40,7,1596,1,14,FORD FOCUS,3,E01006359,0,-1
2023101372771,2023,101372771,2,9,0,2,2,1,5,0,0,0,0,0,0,0,2,1,6,6,2,56,9,998,1,10,FORD FOCUS,9,E01008207,0,-1
2023052300957,2023,052300957,2,9,0,18,19,7,3,0,0,1,0,0,0,0,3,1,6,6,1,37,7,1997,2,8,FORD FOCUS,4,E01025508,0,-1
2023131305909,2023,131305909,1,9,0,18,19,1,5,0,0,2,0,0,0,0,-1,1,6,6,3,-1,-1,1997,2,7,FORD FOCUS,-1,-1,0,-1
2023010466591,2023,010466591,2,9,0,18,19,7,3,99,99,9,0,99,0,0,9,9,6,6,1,25,5,1596,1,10,FORD FOCUS,3,E01004208,0,-1
2023010468845,2023,010468845,2,9,0,18,19,6,2,0,0,0,0,0,0,0,3,1,6,6,1,33,6,1499,2,8,FORD FOCUS,4,E01000113,0,-1
2023052300200,2023,052300200,3,9,0,18,19,3,7,0,0,0,0,0,0,0,1,1,6,6,1,63,9,1560,2,9,FORD FOCUS,10,E01012567,0,-1
2023610011523,2023,610011523,1,9,0,18,19,7,3,0,0,0,1,0,1,6,3,1,6,6,2,48,8,1499,2,2,FORD FOCUS,8,W01001553,0,-1
2023421394353,2023,421394353,1,9,0,9,9,8,4,0,0,4,0,0,0,0,0,1,1,1,1,22,5,999,1,0,FORD FOCUS,4,E01022037,0,-1
2023201304444,2023,201304444,1,9,0,18,19,-1,-1,0,0,0,0,0,0,0,4,1,6,6,1,-1,-1,1388,1,16,FORD FOCUS,-1,-1,0,-1
2023052302898,2023,052302898,3,9,0,4,4,7,3,0,0,0,0,0,4,0,2,1,1,1,1,54,8,1560,2,13,FORD FOCUS,3,E01006743,0,-1
2023332300358,2023,332300358,2,9,0,9,9,5,3,0,0,3,1,0,0,0,3,1,6,6,1,80,11,1596,1,10,FORD FOCUS,7,E01025985,0,-1
2023991269466,2023,991269466,1,9,0,18,19,5,8,0,0,8,0,0,1,11,1,1,6,6,1,52,8,1596,1,14,FORD FOCUS,9,-1,0,-1
2023010481028,2023,010481028,1,9,0,99,99,9,9,99,99,9,9,99,9,99,1,9,6,6,3,-1,-1,1596,1,13,FORD FOCUS,-1,-1,0,-1
2023552300557,2023,552300557,1,9,0,18,19,6,2,0,0,8,0,0,0,0,1,1,2,2,1,21,5,1796,1,21,FORD FOCUS,5,E01015302,0,-1
2023440055015,2023,440055015,1,9,0,4,4,1,5,0,0,1,1,0,0,0,1,1,6,6,1,26,6,1596,1,17,FORD FOCUS,1,E01017332,0,-1
2023011384235,2023,011384235,1,9,0,5,5,7,3,0,0,0,0,0,0,0,3,1,6,6,1,29,6,2261,1,1,FORD FOCUS,3,E01024717,0,-1
2023131348317,2023,131348317,1,9,0,18,19,7,3,0,0,0,0,0,0,0,1,1,5,6,2,20,4,1499,2,5,FORD FOCUS,6,E01011408,0,-1
2023041309801,2023,041309801,2,9,0,18,19,5,1,0,0,8,0,0,0,0,3,1,6,6,1,29,6,1596,1,15,FORD FOCUS,5,E01006489,0,-1
2023131286845,2023,131286845,1,9,0,18,19,3,7,0,0,1,0,0,0,0,1,1,6,6,1,33,6,1997,2,12,FORD FOCUS,3,E01010950,0,-1
2023451377795,2023,451377795,4,9,0,18,19,5,1,0,0,0,1,0,0,0,1,1,5,6,2,67,10,999,1,3,FORD FOCUS,7,E01030700,0,-1
2023010431537,2023,010431537,1,9,0,7,7,5,8,0,0,1,0,7,7,10,1,1,6,6,1,26,6,1596,1,9,FORD FOCUS,2,E01004444,0,-1