collision_index,collision_year,collision_ref_no,vehicle_reference,vehicle_type,towing_and_articulation,vehicle_manoeuvre_historic,vehicle_manoeuvre,vehicle_direction_from,vehicle_direction_to,vehicle_location_restricted_lane_historic,vehicle_location_restricted_lane,junction_location,skidding_and_overturning,hit_object_in_carriageway,vehicle_leaving_carriageway,hit_object_off_carriageway,first_point_of_impact,vehicle_left_hand_drive,journey_purpose_of_driver_historic,journey_purpose_of_driver,sex_of_driver,age_of_driver,age_band_of_driver,engine_capacity_cc,propulsion_code,age_of_vehicle,generic_make_model,driver_imd_decile,lsoa_of_driver,escooter_flag,driver_distance_banding
2023471292245,2023,471292245,4,9,0,2,2,0,0,0,0,0,0,0,0,0,3,2,6,6,3,-1,-1,1596,1,18,FORD FOCUS,-1,-1,0,-1
2023131304684,2023,131304684,1,9,0,18,19,2,6,0,0,0,0,0,1,11,1,1,5,6,1,33,6,1999,1,8,FORD FOCUS,6,E01011534,0,-1
2023991317846,2023,991317846,2,9,0,9,9,5,2,0,0,8,1,0,0,0,1,1,1,1,1,22,5,999,1,4,FORD FOCUS,2,-1,0,-1
2023631312193,2023,631312193,2,9,0,4,4,1,5,0,0,1,0,0,0,0,0,1,6,6,1,36,7,1560,2,13,FORD FOCUS,6,W01000455,0,-1
2023010426406,2023,010426406,2,9,0,99,99,9,9,99,99,9,9,99,9,99,1,9,6,6,3,-1,-1,1596,1,14,FORD FOCUS,9,E01003749,0,-1
2023010479390,2023,010479390,1,9,0,99,99,9,9,99,99,9,9,99,9,99,1,9,1,1,1,48,8,1596,1,12,FORD FOCUS,9,E01021526,0,-1
2023440469396,2023,440469396,1,9,0,9,9,6,4,0,0,6,0,0,0,0,3,1,6,6,2,41,7,1596,1,15,FORD FOCUS,1,E01022967,0,-1
2023010442330,2023,010442330,1,9,0,3,3,1,5,0,0,2,0,0,0,0,4,1,6,6,1,42,7,1596,1,12,FORD FOCUS,1,E01003487,0,-1
2023320471004,2023,320471004,1,9,0,18,19,4,8,0,0,0,0,0,1,10,1,1,6,6,1,76,11,1560,2,8,FORD FOCUS,3,E01013259,0,-1
2023161364909,2023,161364909,1,9,0,18,19,6,2,0,0,0,0,0,0,0,1,1,6,6,1,19,4,1596,1,17,FORD FOCUS,1,E01012874,0,-1
2023501372325,2023,501372325,1,9,0,5,5,6,2,0,0,4,0,0,0,0,1,1,5,6,1,56,9,999,1,0,FORD FOCUS,4,E01018820,0,-1
2023411306238,2023,411306238,2,9,0,9,9,1,7,0,0,8,0,0,0,0,4,1,5,6,2,56,9,1999,1,15,FORD FOCUS,3,E01023650,0,-1
2023411377595,2023,411377595,1,9,-1,-1,-1,-1,-1,-1,-1,-1,-1,-1,-1,0,-1,1,6,6,1,44,7,1997,2,7,FORD FOCUS,7,E01023579,0,-1
2023201319494,2023,201319494,1,9,0,12,12,8,4,0,0,0,0,0,0,0,1,1,1,1,1,32,6,1498,1,7,FORD FOCUS,4,E01031096,0,-1
2023101334706,2023,101334706,2,9,0,18,19,5,1,0,0,0,0,0,0,0,2,1,6,6,2,33,6,1499,2,8,FORD FOCUS,-1,-1,0,-1
2023471312427,2023,471312427,1,9,0,18,19,1,5,0,0,1,1,0,0,0,1,1,6,6,1,36,7,1560,2,9,FORD FOCUS,10,E01021192,0,-1
2023451320904,2023,451320904,1,9,0,18,19,1,1,0,0,1,0,0,0,0,3,1,6,6,1,80,11,1560,2,11,FORD FOCUS,8,E01030884,0,-1
2023052301039,2023,052301039,2,9,0,18,19,5,1,0,0,0,0,0,0,0,2,1,6,6,1,54,8,1560,2,13,FORD FOCUS,8,E01006230,0,-1
2023501285553,2023,501285553,2,9,0,18,19,4,8,0,0,1,0,0,0,0,2,1,2,2,1,34,6,1596,1,18,FORD FOCUS,3,E01020286,0,-1
2023170M10203,2023,170M10203,1,9,0,18,19,7,3,0,0,0,0,0,0,0,3,1,6,6,2,34,6,1560,2,12,FORD FOCUS,1,E01012021,0,-1
2023461352204,2023,461352204,2,9,0,4,4,6,2,0,0,0,0,0,0,0,0,1,6,6,2,42,7,1596,1,21,FORD FOCUS,1,E01024590,0,-1
2023010479454,2023,010479454,1,9,0,18,19,7,3,0,0,0,0,0,0,0,1,1,6,6,1,28,6,1596,1,16,FORD FOCUS,7,E01002966,0,-1
2023201356925,2023,201356925,1,9,0,18,19,4,2,0,0,2,0,0,0,0,4,1,6,6,1,21,5,1499,2,7,FORD FOCUS,1,E01033621,0,-1
2023440419039,2023,440419039,1,9,0,18,19,2,6,0,0,0,2,0,0,0,1,1,6,6,1,20,4,1560,2,12,FORD FOCUS,3,E01023142,0,-1
2023991308624,2023,991308624,1,9,0,13,13,2,6,0,0,0,0,0,0,0,1,1,6,6,1,76,11,998,1,11,FORD FOCUS,7,-1,0,-1
2023010468237,2023,010468237,1,9,0,18,19,5,1,0,0,1,0,0,0,0,0,1,1,1,1,35,6,1496,1,2,FORD FOCUS,3,E01000922,0,-1
2023552301107,2023,552301107,1,9,0,9,9,1,7,0,0,6,0,0,0,0,2,1,6,6,2,65,9,1999,1,5,FORD FOCUS,8,E01020376,0,-1
2023010437297,2023,010437297,3,9,0,99,99,9,9,99,99,9,9,99,9,99,9,9,6,6,3,-1,-1,1999,1,7,FORD FOCUS,-1,-1,0,-1
2023101289257,2023,101289257,2,9,0,9,9,5,2,0,0,8,0,0,0,0,1,1,6,6,2,57,9,999,1,5,FORD FOCUS,10,E01008563,0,-1
2023201417762,2023,201417762,2,9,0,18,19,8,6,0,0,6,0,0,0,0,1,1,6,6,2,30,6,999,1,7,FORD FOCUS,2,E01010277,0,-1
2023221395917,2023,221395917,2,9,0,18,19,7,3,0,0,0,0,0,0,0,3,1,5,6,1,34,6,1999,1,14,FORD FOCUS,-1,-1,0,-1
2023052301036,2023,052301036,1,9,0,18,19,7,3,0,0,1,0,0,1,11,1,1,6,6,1,42,7,1560,2,12,FORD FOCUS,1,E01006768,0,-1
2023411403721,2023,411403721,1,9,0,18,19,3,7,0,0,0,0,0,1,0,1,1,6,6,1,29,6,1596,1,20,FORD FOCUS,4,E01021837,0,-1
2023131311985,2023,131311985,4,9,0,4,4,3,7,0,0,0,0,0,0,0,2,1,5,6,1,26,6,1596,1,15,FORD FOCUS,6,E01011425,0,-1
2023520400012,2023,520400012,2,9,0,9,9,7,5,0,0,6,0,0,0,0,1,1,6,6,2,55,8,1596,1,12,FORD FOCUS,8,E01019961,0,-1
2023531309590,2023,531309590,1,9,0,9,9,8,6,0,0,5,0,0,0,0,1,1,6,6,1,33,6,1560,2,18,FORD FOCUS,1,E01022323,0,-1
2023401327869,2023,401327869,2,9,0,3,3,-1,-1,0,0,1,0,0,0,0,2,1,6,6,2,60,9,998,1,9,FORD FOCUS,9,E01017576,0,-1
2023401368899,2023,401368899,1,9,0,18,19,1,5,0,0,1,0,0,0,0,1,1,6,6,2,39,7,1560,2,13,FORD FOCUS,4,E01015776,0,-1
2023041449926,2023,041449926,1,9,0,18,19,1,5,0,0,1,0,0,0,0,0,1,6,6,1,-1,-1,1753,2,20,FORD FOCUS,4,E01024945,0,-1
2023131309723,2023,131309723,1,9,0,18,19,3,7,0,0,0,0,0,0,0,1,1,5,6,1,72,10,999,1,6,FORD FOCUS,7,E01010760,0,-1
2023351377559,2023,351377559,1,9,0,5,5,3,7,0,0,0,0,0,0,0,3,1,6,6,1,60,9,999,1,5,FORD FOCUS,2,E01015656,0,-1
2023061272646,2023,061272646,1,9,0,7,7,3,6,0,0,1,0,0,0,0,1,1,5,6,1,30,6,1596,1,19,FORD FOCUS,7,E01029223,0,-1
2023010430083,2023,010430083,1,9,0,99,99,9,9,99,99,9,9,99,9,99,9,9,6,6,1,32,6,1596,1,13,FORD FOCUS,8,E01002975,0,-1
2023340NN0062,2023,340NN0062,1,9,0,18,19,5,1,0,0,0,0,0,0,0,1,1,6,6,1,32,6,1798,1,16,FORD FOCUS,8,E01027337,0,-1
2023031343383,2023,031343383,2,9,0,2,2,0,0,6,6,0,0,0,0,0,2,1,5,6,2,73,10,999,1,5,FORD FOCUS,2,E01019175,0,-1
2023111299293,2023,111299293,1,9,0,16,19,7,3,0,0,0,0,0,7,0,1,1,5,6,1,44,7,1560,2,11,FORD FOCUS,5,E01020890,0,-1
2023501266575,2023,501266575,1,9,0,18,19,5,1,0,0,1,0,0,0,0,1,1,6,6,3,26,6,1560,2,19,FORD FOCUS,-1,-1,0,-1
2023501332686,2023,501332686,1,9,0,18,19,1,5,0,0,0,2,0,2,10,1,1,5,6,1,36,7,1753,2,20,FORD FOCUS,4,E01018757,0,-1
2023141379408,2023,141379408,2,9,0,2,2,0,0,0,0,2,0,0,0,0,3,1,6,6,3,-1,-1,1499,2,6,FORD FOCUS,-1,-1,0,-1
2023131389801,2023,131389801,1,9,0,-1,-1,-1,-1,-1,-1,0,-1,-1,-1,-1,-1,1,6,6,3,-1,-1,1596,1,13,FORD FOCUS,-1,-1,0,-1
2023211411769,2023,211411769,2,9,0,3,3,3,7,0,0,0,0,0,0,0,2,1,5,6,1,64,9,999,1,1,FORD FOCUS,7,E01029780,0,-1
2023201396897,2023,201396897,1,9,0,9,9,3,1,0,0,5,0,0,0,0,4,1,6,6,2,31,6,1596,1,13,FORD FOCUS,9,E01029686,0,-1
2023461286675,2023,461286675,2,9,0,5,5,5,1,0,0,0,0,0,0,0,3,1,6,6,1,39,7,1560,2,11,FORD FOCUS,3,E01024534,0,-1
2023101310818,2023,101310818,1,9,0,2,2,0,0,9,9,6,0,0,0,0,4,1,6,6,1,-1,-1,1499,2,3,FORD FOCUS,4,E01008445,0,-1
2023061355037,2023,061355037,1,9,0,9,9,6,2,0,0,6,0,0,0,0,3,1,5,6,2,40,7,1560,2,16,FORD FOCUS,-1,-1,0,-1
2023451291420,2023,451291420,2,9,0,18,19,1,5,0,0,1,0,0,7,0,1,1,6,6,2,35,6,999,1,8,FORD FOCUS,10,E01030773,0,-1
2023010468792,2023,010468792,2,9,0,99,99,9,9,99,99,9,9,99,9,99,0,9,6,6,3,-1,-1,1596,1,16,FORD FOCUS,5,E01003547,0,-1
2023061276746,2023,061276746,2,9,0,18,19,1,5,0,0,1,0,0,0,0,1,1,1,1,1,53,8,1499,2,6,FORD FOCUS,8,E01006299,0,-1
2023052300767,2023,052300767,2,9,0,18,19,5,1,0,0,8,0,0,0,0,1,1,6,6,1,35,6,1560,2,9,FORD FOCUS,1,E01006779,0,-1
2023101323430,2023,101323430,1,9,0,18,19,4,8,0,0,8,0,0,0,0,1,1,6,6,1,30,6,1499,2,8,FORD FOCUS,1,E01033547,0,-1
2023010469178,2023,010469178,1,9,0,18,19,4,8,0,0,0,5,4,0,0,1,1,6,6,1,20,4,998,1,10,FORD FOCUS,7,E01000362,0,-1
2023451333533,2023,451333533,3,9,0,2,2,0,0,0,0,0,0,0,0,0,1,1,6,6,3,-1,-1,1596,1,18,FORD FOCUS,-1,-1,0,-1
2023451304500,2023,451304500,1,9,0,2,2,7,3,0,0,0,0,0,0,0,2,1,6,6,1,53,8,2261,1,5,FORD FOCUS,5,E01030656,0,-1
2023061373546,2023,061373546,1,9,0,18,19,5,1,0,0,0,0,0,0,0,1,1,6,6,2,39,7,999,1,6,FORD FOCUS,8,E01005791,0,-1
2023201415319,2023,201415319,2,9,0,3,3,7,3,0,0,1,0,0,0,0,2,1,6,6,1,30,6,1596,1,13,FORD FOCUS,3,E01009629,0,-1
2023161296038,2023,161296038,2,9,0,18,19,3,7,0,0,2,0,0,0,0,1,1,1,1,1,36,7,999,1,1,FORD FOCUS,1,E01013221,0,-1
2023111328564,2023,111328564,2,9,0,12,12,1,1,0,0,1,0,0,0,0,1,1,2,2,1,35,6,999,1,5,FORD FOCUS,2,E01012318,0,-1
2023010440100,2023,010440100,2,9,9,1,1,5,1,99,99,9,9,99,9,99,2,9,6,6,2,36,7,1596,1,17,FORD FOCUS,2,E01001734,0,-1
2023041309397,2023,041309397,1,9,0,9,9,1,5,0,0,1,0,0,0,0,4,1,5,6,1,51,8,1499,2,6,FORD FOCUS,1,E01006458,0,-1
2023461344519,2023,461344519,2,9,0,18,19,7,3,0,0,0,0,0,0,0,0,1,1,1,1,-1,-1,999,1,0,FORD FOCUS,-1,-1,0,-1
2023010435109,2023,010435109,2,9,0,99,99,9,9,99,99,9,9,99,9,99,1,9,6,6,1,27,6,999,1,2,FORD FOCUS,7,E01021803,0,-1
2023440142524,2023,440142524,1,9,0,18,19,1,5,0,0,0,0,0,0,0,1,1,6,6,1,32,6,999,1,6,FORD FOCUS,9,E01022646,0,-1
2023221326529,2023,221326529,1,9,0,16,19,6,1,0,0,0,0,6,0,0,1,1,5,6,1,29,6,999,1,6,FORD FOCUS,1,E01010076,0,-1
2023440192049,2023,440192049,1,9,0,4,4,2,6,0,0,0,0,0,0,0,2,1,2,2,2,32,6,1596,1,14,FORD FOCUS,1,E01017040,0,-1
2023141297579,2023,141297579,1,9,0,5,5,3,7,0,0,6,0,0,0,0,4,1,5,6,1,78,11,1596,1,15,FORD FOCUS,5,E01008099,0,-1
2023010481979,2023,010481979,1,9,0,4,4,2,6,0,0,0,0,0,0,0,1,1,6,6,1,39,7,1596,1,18,FORD FOCUS,3,E01003609,0,-1
2023440109914,2023,440109914,1,9,0,18,19,6,2,0,0,2,0,0,0,0,1,1,6,6,1,74,10,1596,1,15,FORD FOCUS,10,E01023020,0,-1
2023371283873,2023,371283873,3,9,0,2,2,5,3,0,0,0,0,0,0,0,1,1,6,6,3,-1,-1,1596,1,16,FORD FOCUS,-1,-1,0,-1
2023131391900,2023,131391900,1,9,0,7,7,3,7,0,0,4,0,0,1,3,4,1,6,6,1,18,4,998,1,10,FORD FOCUS,5,E01011921,0,-1
2023141375994,2023,141375994,1,9,0,7,7,2,6,0,0,6,0,0,0,0,3,1,6,6,1,24,5,1596,1,19,FORD FOCUS,5,E01007644,0,-1
2023522301728,2023,522301728,2,9,0,4,4,6,2,0,0,1,0,0,0,0,2,1,6,6,1,29,6,1596,1,20,FORD FOCUS,2,E01014489,0,-1
2023311382589,2023,311382589,1,9,0,18,19,1,5,0,0,1,0,0,0,0,1,1,5,6,1,75,10,1997,2,7,FORD FOCUS,10,E01028215,0,-1
2023231348875,2023,231348875,1,9,0,9,9,7,4,0,0,6,0,4,0,0,1,1,6,6,1,33,6,1596,1,15,FORD FOCUS,-1,-1,0,-1
2023401313663,2023,401313663,2,9,0,2,2,0,0,0,0,0,0,0,0,0,2,1,6,6,1,63,9,1596,1,12,FORD FOCUS,10,E01017399,0,-1
2023010451827,2023,010451827,1,9,0,99,99,9,9,99,99,9,9,99,9,99,2,9,2,2,1,47,8,1596,1,11,FORD FOCUS,4,E01024132,0,-1
2023411308027,2023,411308027,3,9,0,18,19,5,1,0,0,0,0,0,0,0,2,1,5,6,2,43,7,1596,1,20,FORD FOCUS,6,E01001408,0,-1
2023010425220,2023,010425220,2,9,0,99,99,9,9,99,99,0,9,99,9,99,4,9,6,6,3,-1,-1,1596,1,16,FORD FOCUS,-1,-1,0,-1
2023471267902,2023,471267902,2,9,0,18,19,3,7,0,0,1,0,0,0,0,2,1,3,7,2,32,6,1560,2,9,FORD FOCUS,8,E01032838,0,-1
2023351305844,2023,351305844,1,9,0,18,19,3,7,0,0,0,2,0,1,0,1,1,5,6,1,20,4,1388,1,16,FORD FOCUS,7,E01018168,0,-1
2023991391789,2023,991391789,1,9,0,18,19,6,2,0,0,0,0,0,0,0,3,1,6,6,1,57,9,1596,1,19,FORD FOCUS,9,E01022727,0,-1
2023522301324,2023,522301324,2,9,0,9,9,7,5,0,0,6,0,0,0,0,1,1,6,6,1,84,11,1596,1,20,FORD FOCUS,10,E01014969,0,-1
2023311282024,2023,311282024,2,9,0,18,19,3,7,0,0,0,0,11,0,0,1,1,6,6,1,24,5,1596,1,17,FORD FOCUS,2,E01013945,0,-1
2023201304339,2023,201304339,1,9,0,18,19,2,6,0,0,1,0,0,1,10,1,1,6,6,1,25,5,1596,1,14,FORD FOCUS,1,E01009062,0,-1
2023471298421,2023,471298421,3,9,0,18,19,8,4,0,0,0,0,0,0,0,2,1,5,6,2,75,10,1988,1,21,FORD FOCUS,9,E01021208,0,-1
2023161305630,2023,161305630,1,9,0,18,19,3,7,0,0,2,0,0,0,0,1,1,1,1,1,30,6,1999,1,7,FORD FOCUS,5,E01012964,0,-1
2023340WN2182,2023,340WN2182,2,9,0,10,10,1,5,0,0,1,0,0,0,0,2,1,6,6,1,57,9,1997,2,15,FORD FOCUS,4,E01027012,0,-1
2023320044700,2023,320044700,2,9,0,2,2,0,0,0,0,0,0,0,0,0,2,1,6,6,3,-1,-1,1560,2,12,FORD FOCUS,-1,-1,0,-1
2023201417858,2023,201417858,2,9,0,9,9,4,2,0,0,5,0,0,0,0,1,1,6,6,2,62,9,1499,2,6,FORD FOCUS,3,E01009950,0,-1
2023010450907,2023,010450907,2,9,0,99,99,9,9,99,99,0,9,99,9,99,1,9,6,6,3,-1,-1,999,1,8,FORD FOCUS,-1,-1,0,-1
2023461382172,2023,461382172,1,9,0,18,19,3,7,0,0,0,1,0,2,0,3,1,1,1,1,44,7,999,1,0,FORD FOCUS,8,E01024779,0,-1
2023010436918,2023,010436918,2,9,0,99,99,9,9,99,99,9,9,99,9,99,9,9,6,6,3,24,5,1596,1,10,FORD FOCUS,-1,-1,0,-1
2023461330824,2023,461330824,2,9,0,16,19,3,7,0,0,8,0,0,1,0,2,1,6,6,1,71,10,1560,2,9,FORD FOCUS,7,E01024234,0,-1
2023052300909,2023,052300909,1,8,0,5,5,7,3,0,0,1,0,0,0,0,1,1,6,6,1,40,7,1499,2,7,FORD FOCUS,1,E01006702,0,-1
2023010443767,2023,010443767,2,9,9,99,99,9,9,99,99,9,9,99,9,99,9,9,6,6,3,-1,-1,1596,1,19,FORD FOCUS,-1,-1,0,-1
2023231374553,2023,231374553,1,9,0,11,11,4,8,0,0,0,0,0,0,0,4,1,6,6,1,25,5,999,1,0,FORD FOCUS,1,E01009359,0,-1
2023061384526,2023,061384526,2,9,0,18,19,8,4,0,0,2,0,0,0,0,1,1,2,2,1,53,8,1560,2,15,FORD FOCUS,1,E01006019,0,-1
2023010442727,2023,010442727,1,9,0,6,6,1,1,0,0,4,0,0,0,0,4,1,1,1,1,46,8,1499,2,5,FORD FOCUS,2,E01009573,0,-1
2023161272048,2023,161272048,1,9,0,18,19,3,7,0,0,6,0,0,0,0,1,1,6,6,2,-1,-1,1596,1,18,FORD FOCUS,-1,-1,0,-1
2023430348847,2023,430348847,2,9,0,18,19,-1,-1,0,0,8,0,0,0,0,4,1,6,6,2,50,8,1596,1,15,FORD FOCUS,-1,-1,0,-1
2023501392893,2023,501392893,1,9,0,5,5,5,1,0,0,0,0,0,0,0,3,1,6,6,2,33,6,1596,1,14,FORD FOCUS,-1,-1,0,-1
2023041367097,2023,041367097,2,9,0,18,19,1,5,0,0,1,0,0,0,0,1,1,5,6,1,26,6,1560,2,12,FORD FOCUS,1,E01012683,0,-1
2023991363554,2023,991363554,1,9,0,9,9,2,1,0,0,5,0,0,0,0,1,1,5,6,1,30,6,1997,2,7,FORD FOCUS,3,-1,0,-1
2023440319452,2023,440319452,4,9,0,18,19,3,7,0,0,8,0,0,0,0,3,1,6,6,1,73,10,1999,1,11,FORD FOCUS,5,E01023079,0,-1
2023122301384,2023,122301384,1,9,0,18,19,7,3,0,0,0,0,0,0,0,2,1,6,6,1,30,6,1499,2,6,FORD FOCUS,7,E01027645,0,-1
2023440293769,2023,440293769,1,9,0,13,13,4,8,0,0,0,0,0,0,0,1,1,6,6,3,-1,-1,1596,1,12,FORD FOCUS,-1,-1,0,-1
2023451342458,2023,451342458,2,9,0,10,10,5,2,0,0,6,0,0,0,0,3,1,5,6,1,38,7,1796,1,24,FORD FOCUS,10,E01030990,0,-1
2023201285374,2023,201285374,1,9,0,7,7,8,2,0,0,1,0,0,0,0,1,1,6,6,1,35,6,1596,1,15,FORD FOCUS,2,E01008883,0,-1
2023010486001,2023,010486001,2,9,0,99,99,9,9,99,99,9,9,99,9,99,1,9,6,6,3,-1,-1,1596,1,13,FORD FOCUS,2,E01000097,0,-1
2023010484692,2023,010484692,2,9,0,5,5,3,7,0,0,1,0,0,0,0,1,1,6,6,1,58,9,1999,1,16,FORD FOCUS,6,E01002260,0,-1
2023061349620,2023,061349620,1,9,0,13,13,1,5,0,0,1,0,0,0,0,1,1,6,6,2,36,7,1999,1,17,FORD FOCUS,1,E01005147,0,-1
2023340NN2032,2023,340NN2032,1,9,0,18,19,6,2,0,0,1,0,0,0,0,1,1,2,2,1,27,6,999,1,1,FORD FOCUS,5,E01027145,0,-1
2023141391953,2023,141391953,1,9,0,18,19,3,7,0,0,2,0,0,0,0,1,1,5,6,2,46,8,1499,2,8,FORD FOCUS,-1,-1,0,-1
2023010447447,2023,010447447,1,9,0,4,4,1,5,0,0,2,0,0,0,0,2,1,6,6,2,39,7,999,1,7,FORD FOCUS,6,E01000203,0,-1
2023461342312,2023,461342312,1,9,0,4,4,3,7,0,0,1,0,0,0,0,1,1,6,6,1,34,6,1798,1,16,FORD FOCUS,5,E01024205,0,-1
2023131364996,2023,131364996,1,9,0,18,19,3,7,0,0,0,0,0,0,0,1,1,1,1,1,46,8,1560,2,15,FORD FOCUS,6,E01026408,0,-1
2023070387372,2023,070387372,1,9,0,18,19,5,1,0,0,0,2,0,7,9,3,1,6,6,1,51,8,1596,1,23,FORD FOCUS,9,E01029815,0,-1
2023531373503,2023,531373503,2,9,0,9,9,7,5,0,0,8,0,0,0,0,3,1,5,6,1,34,6,1999,1,5,FORD FOCUS,10,E01022439,0,-1
2023461300753,2023,461300753,1,9,0,5,5,3,7,0,0,1,0,0,0,0,4,1,5,6,2,34,6,999,1,7,FORD FOCUS,-1,-1,0,-1
2023010424365,2023,010424365,1,9,0,5,5,1,5,0,0,1,0,0,0,0,1,1,2,2,1,39,7,1596,1,15,FORD FOCUS,2,E01032564,0,-1
2023010448986,2023,010448986,1,9,0,5,5,5,1,0,0,1,0,0,0,0,4,1,6,6,1,74,10,1798,1,15,FORD FOCUS,7,E01000427,0,-1
2023991404596,2023,991404596,1,9,0,18,19,6,2,0,0,5,0,0,0,0,4,1,5,6,1,52,8,1499,2,6,FORD FOCUS,10,-1,0,-1
2023440415793,2023,440415793,2,9,0,18,19,7,3,0,0,8,0,0,0,0,1,1,2,2,1,34,6,1596,1,22,FORD FOCUS,5,E01017221,0,-1
2023170S22023,2023,170S22023,1,9,0,3,3,3,7,0,0,1,0,0,0,0,2,1,2,2,1,33,6,999,1,3,FORD FOCUS,1,E01020790,0,-1
2023161285483,2023,161285483,3,9,0,18,19,5,1,0,0,0,1,0,1,0,1,1,2,2,1,55,8,1499,2,7,FORD FOCUS,9,E01012996,0,-1
2023010485938,2023,010485938,1,9,0,9,9,7,5,0,0,5,0,0,0,0,3,1,6,6,1,66,10,1596,1,13,FORD FOCUS,1,E01000528,0,-1
2023440215799,2023,440215799,1,9,0,18,19,1,4,0,0,5,5,0,0,0,1,1,6,6,2,18,4,999,1,7,FORD FOCUS,2,E01001550,0,-1
2023411344544,2023,411344544,1,9,0,18,19,2,6,0,0,1,0,0,0,0,3,1,5,6,2,59,9,1596,1,12,FORD FOCUS,5,E01023295,0,-1
2023411371761,2023,411371761,1,9,0,18,19,7,3,0,0,8,0,7,1,7,1,1,5,6,1,24,5,998,1,9,FORD FOCUS,7,E01023484,0,-1
2023631367403,2023,631367403,1,9,0,17,19,4,8,0,0,0,1,0,7,11,1,1,5,6,1,17,4,1596,1,18,FORD FOCUS,9,E01012514,0,-1
2023451323362,2023,451323362,2,9,0,18,19,8,8,0,0,0,0,0,0,0,1,1,6,6,1,60,9,1596,1,22,FORD FOCUS,1,E01002588,0,-1
2023501391007,2023,501391007,1,9,0,18,19,6,2,0,0,8,0,0,0,0,1,1,6,6,3,-1,-1,1596,1,18,FORD FOCUS,-1,-1,0,-1
2023320621054,2023,320621054,1,9,0,18,19,8,4,0,0,0,0,0,7,9,4,1,2,2,1,39,7,2521,1,14,FORD FOCUS,5,E01026414,0,-1
2023622300145,2023,622300145,1,9,0,18,19,8,4,0,0,0,1,10,0,0,1,1,6,6,1,28,6,1596,1,15,FORD FOCUS,1,W01001203,0,-1
2023351286585,2023,351286585,1,9,0,1,1,1,5,0,0,0,0,0,0,0,2,1,5,6,1,31,6,1997,2,13,FORD FOCUS,5,E01015688,0,-1
2023010454788,2023,010454788,1,9,0,4,4,3,7,0,0,1,0,0,0,0,4,1,6,6,1,31,6,1596,1,11,FORD FOCUS,4,E01000006,0,-1
2023451371134,2023,451371134,2,9,0,18,19,5,1,0,0,1,0,0,0,0,1,1,6,6,2,45,7,1596,1,20,FORD FOCUS,4,E01030749,0,-1
202360A017946,2023,60A017946,2,9,0,5,5,4,8,0,0,4,0,0,0,0,1,1,6,6,2,70,10,999,1,5,FORD FOCUS,-1,-1,0,-1
2023547997223,2023,547997223,2,9,0,3,3,5,1,0,0,1,0,0,0,0,4,1,6,6,1,74,10,1596,1,15,FORD FOCUS,8,E01031843,0,-1
2023211331993,2023,211331993,2,9,0,3,3,5,1,0,0,1,0,0,0,0,2,1,6,6,1,44,7,1596,1,9,FORD FOCUS,6,E01014338,0,-1
2023351343789,2023,351343789,1,9,0,18,19,-1,-1,0,0,2,0,0,0,0,1,1,6,6,1,71,10,1596,1,14,FORD FOCUS,9,E01015648,0,-1
2023522300077,2023,522300077,2,9,0,18,19,3,7,0,0,0,0,0,0,0,1,1,6,6,1,77,11,1596,1,12,FORD FOCUS,-1,-1,0,-1
2023451320870,2023,451320870,2,9,0,18,19,2,6,0,0,0,0,0,0,0,1,1,1,1,1,36,7,1596,1,17,FORD FOCUS,9,E01016237,0,-1
2023131367783,2023,131367783,2,9,0,1,1,1,5,0,0,1,0,0,0,0,3,1,2,2,2,38,7,1499,2,6,FORD FOCUS,4,E01011489,0,-1
2023991388290,2023,991388290,2,9,0,14,14,4,8,0,0,0,0,0,0,0,1,1,6,6,2,18,4,1499,2,8,FORD FOCUS,5,-1,0,-1
2023061317807,2023,061317807,2,9,0,18,19,7,3,0,0,0,0,0,0,0,1,1,6,6,1,36,7,1560,2,8,FORD FOCUS,2,E01005946,0,-1
2023991272437,2023,991272437,1,9,0,18,19,1,5,0,0,5,2,0,1,5,1,1,5,6,1,22,5,1999,1,8,FORD FOCUS,2,-1,0,-1
2023010449189,2023,010449189,2,9,0,99,99,9,9,99,99,9,9,0,0,0,1,9,6,6,3,-1,-1,1596,1,13,FORD FOCUS,-1,-1,0,-1
2023201278209,2023,201278209,1,9,0,18,19,2,6,0,0,8,0,0,0,0,1,1,6,6,1,41,7,1596,1,12,FORD FOCUS,1,E01009021,0,-1
2023549102323,2023,549102323,1,9,0,18,19,2,6,0,0,1,0,0,0,0,4,1,6,6,2,43,7,1753,2,16,FORD FOCUS,4,E01022711,0,-1
2023010436457,2023,010436457,2,9,9,99,99,9,9,99,99,0,9,99,9,99,9,9,6,6,1,31,6,1798,1,15,FORD FOCUS,7,E01002372,0,-1
2023231369282,2023,231369282,1,9,0,18,19,1,5,0,0,8,0,0,0,0,1,1,5,6,2,30,6,998,1,10,FORD FOCUS,2,E01031097,0,-1
2023041321232,2023,041321232,1,9,0,18,19,5,1,0,0,0,0,0,0,0,1,2,6,6,2,43,7,1596,1,12,FORD FOCUS,5,E01025080,0,-1
2023122300631,2023,122300631,1,9,0,18,19,3,7,0,0,0,0,0,0,0,1,1,6,6,1,20,4,1596,1,12,FORD FOCUS,10,E01027698,0,-1