collision_index,collision_year,collision_ref_no,vehicle_reference,vehicle_type,towing_and_articulation,vehicle_manoeuvre_historic,vehicle_manoeuvre,vehicle_direction_from,vehicle_direction_to,vehicle_location_restricted_lane_historic,vehicle_location_restricted_lane,junction_location,skidding_and_overturning,hit_object_in_carriageway,vehicle_leaving_carriageway,hit_object_off_carriageway,first_point_of_impact,vehicle_left_hand_drive,journey_purpose_of_driver_historic,journey_purpose_of_driver,sex_of_driver,age_of_driver,age_band_of_driver,engine_capacity_cc,propulsion_code,age_of_vehicle,generic_make_model,driver_imd_decile,lsoa_of_driver,escooter_flag,driver_distance_banding
2023010467087,2023,010467087,1,9,0,9,9,1,7,0,0,1,0,0,0,0,1,1,6,6,2,39,7,1596,1,11,FORD FOCUS,2,E01004392,0,-1
2023031360268,2023,031360268,1,9,0,5,5,1,1,0,0,0,0,0,0,0,1,1,6,6,1,20,4,1560,2,11,FORD FOCUS,-1,-1,0,-1
2023440045852,2023,440045852,1,9,0,18,19,6,2,0,0,0,0,4,0,0,1,1,2,2,1,60,9,1596,1,20,FORD FOCUS,-1,-1,0,-1
2023010437122,2023,010437122,1,9,0,16,19,5,1,0,0,0,0,10,0,0,4,1,2,2,2,36,7,999,1,3,FORD FOCUS,3,E01002350,0,-1
2023351346872,2023,351346872,2,9,0,18,19,1,5,0,0,0,0,0,0,0,1,1,5,6,1,51,8,1499,2,3,FORD FOCUS,1,E01017077,0,-1
2023501342423,2023,501342423,2,9,0,18,19,3,1,0,0,8,0,0,0,0,0,1,6,6,2,61,9,1596,1,11,FORD FOCUS,7,E01020085,0,-1
2023010460311,2023,010460311,2,9,0,3,3,6,2,0,0,0,0,0,0,0,2,1,6,6,2,37,7,1499,2,8,FORD FOCUS,5,E01002330,0,-1
2023052301481,2023,052301481,2,9,0,18,19,7,3,0,0,1,0,0,0,0,1,1,6,6,1,35,6,1499,2,7,FORD FOCUS,1,E01006505,0,-1
2023991266457,2023,991266457,1,9,0,5,5,4,7,0,0,1,0,0,0,0,1,1,6,6,1,70,10,999,1,8,FORD FOCUS,8,-1,0,-1
2023201390972,2023,201390972,2,9,0,4,4,6,2,0,0,1,0,0,0,0,2,1,6,6,1,38,7,1596,1,19,FORD FOCUS,4,E01009229,0,-1
2023010432412,2023,010432412,1,9,0,1,1,5,1,0,0,0,0,0,0,0,1,1,6,6,2,22,5,998,1,10,FORD FOCUS,-1,-1,0,-1
2023201397483,2023,201397483,1,9,0,9,9,4,2,0,0,6,0,0,0,0,1,1,6,6,1,24,5,999,1,4,FORD FOCUS,1,E01009124,0,-1
2023170H10603,2023,170H10603,1,9,0,18,19,8,4,0,0,0,0,0,1,1,1,1,2,2,1,35,6,1560,2,13,FORD FOCUS,-1,-1,0,-1
2023320446806,2023,320446806,4,9,0,5,5,5,1,0,0,0,0,0,0,0,2,1,6,6,1,61,9,999,1,5,FORD FOCUS,-1,-1,0,-1
2023421388435,2023,421388435,2,9,0,18,19,3,8,0,0,0,0,0,0,0,2,1,2,2,2,48,8,1997,2,15,FORD FOCUS,7,E01021679,0,-1
2023430098152,2023,430098152,1,9,0,18,19,2,6,0,0,0,0,0,0,0,1,1,6,6,1,58,9,1499,2,7,FORD FOCUS,9,E01017752,0,-1
2023161371668,2023,161371668,2,9,0,7,7,8,2,0,0,6,0,0,0,0,1,1,5,6,1,76,11,999,1,6,FORD FOCUS,8,E01013065,0,-1
2023161316119,2023,161316119,1,9,0,9,9,7,4,0,0,6,0,0,0,0,1,1,2,2,1,27,6,1596,1,17,FORD FOCUS,3,E01012759,0,-1
2023061352950,2023,061352950,3,9,0,3,3,7,7,0,0,0,0,0,0,0,2,1,5,6,1,46,8,1560,2,11,FORD FOCUS,3,E01006066,0,-1
2023622300106,2023,622300106,1,9,0,18,19,8,4,0,0,0,0,0,0,0,1,1,2,2,1,36,7,1560,2,11,FORD FOCUS,2,W01001282,0,-1
2023332300878,2023,332300878,1,9,0,7,7,8,2,0,0,6,0,0,0,0,1,1,2,2,1,27,6,1499,2,7,FORD FOCUS,10,E01025991,0,-1
2023061289232,2023,061289232,1,9,0,16,19,3,7,0,0,0,1,4,0,0,3,1,6,6,1,35,6,1997,2,7,FORD FOCUS,2,E01006297,0,-1
2023461372535,2023,461372535,2,9,0,10,10,7,3,0,0,1,0,0,0,0,4,1,5,6,2,69,10,1999,1,6,FORD FOCUS,1,E01024683,0,-1
2023451340689,2023,451340689,2,9,0,4,4,5,1,0,0,1,0,0,0,0,1,1,6,6,1,32,6,1496,1,4,FORD FOCUS,-1,-1,0,-1
2023332300135,2023,332300135,2,9,0,18,19,6,2,0,0,8,0,0,0,0,1,1,2,2,1,33,6,1560,2,14,FORD FOCUS,5,E01025610,0,-1
2023320386264,2023,320386264,1,9,0,13,13,6,2,0,0,0,0,0,0,0,2,1,6,6,1,55,8,1798,1,13,FORD FOCUS,7,E01026392,0,-1
2023061355079,2023,061355079,2,9,0,18,19,-1,-1,0,0,2,0,0,0,0,4,1,6,6,1,52,8,1560,2,10,FORD FOCUS,6,E01005973,0,-1
2023320646322,2023,320646322,1,9,0,18,19,2,6,0,0,0,0,0,0,0,4,1,6,6,1,68,10,1560,2,12,FORD FOCUS,5,E01026315,0,-1
2023401267194,2023,401267194,1,9,0,9,9,6,2,0,0,1,0,0,0,0,1,1,5,6,1,43,7,998,1,11,FORD FOCUS,7,E01023658,0,-1
2023122300445,2023,122300445,1,9,0,9,9,8,4,0,0,1,0,0,0,0,1,1,6,6,2,19,4,998,1,9,FORD FOCUS,6,E01012940,0,-1
2023440160792,2023,440160792,2,9,0,18,19,2,6,0,0,0,0,0,0,0,1,1,6,6,1,34,6,1560,2,9,FORD FOCUS,3,E01017251,0,-1
2023231370293,2023,231370293,3,9,0,18,19,4,8,0,0,0,0,0,0,0,1,1,6,6,2,25,5,1798,1,13,FORD FOCUS,7,E01031212,0,-1
2023320727828,2023,320727828,1,9,0,18,19,2,6,0,0,0,5,0,7,8,1,1,6,6,1,27,6,1596,1,21,FORD FOCUS,4,E01026259,0,-1
2023010468854,2023,010468854,1,9,0,9,9,4,2,0,0,5,0,0,0,0,0,1,6,6,1,49,8,1596,1,18,FORD FOCUS,7,E01000438,0,-1
2023101453166,2023,101453166,1,9,0,18,19,5,1,0,0,8,0,0,0,0,1,1,6,6,2,31,6,999,1,0,FORD FOCUS,1,E01027545,0,-1
2023161309598,2023,161309598,2,9,0,18,19,4,8,0,0,8,5,0,7,0,3,1,1,1,2,-1,-1,999,1,1,FORD FOCUS,9,E01012962,0,-1
2023471355506,2023,471355506,1,9,0,18,19,8,4,0,0,0,0,0,0,0,4,1,1,1,1,60,9,1596,1,22,FORD FOCUS,7,E01032717,0,-1
2023010477511,2023,010477511,1,9,0,18,19,5,1,0,0,5,0,0,0,0,0,1,6,6,1,40,7,1596,1,14,FORD FOCUS,2,E01002078,0,-1
2023201295691,2023,201295691,2,9,0,2,2,0,0,0,0,2,0,0,0,0,3,1,6,6,1,20,4,1999,1,15,FORD FOCUS,2,E01010529,0,-1
2023541720423,2023,541720423,1,9,0,18,19,5,1,0,0,0,5,0,7,9,1,1,2,2,1,22,5,1596,1,17,FORD FOCUS,7,E01032039,0,-1
2023340WN3992,2023,340WN3992,2,9,0,2,2,0,0,0,0,2,0,0,0,0,2,1,6,6,3,-1,-1,1999,1,6,FORD FOCUS,-1,-1,0,-1
2023451364773,2023,451364773,1,9,0,18,19,5,1,0,0,0,1,0,0,0,1,1,5,6,1,73,10,1596,1,11,FORD FOCUS,10,E01022854,0,-1
2023010427158,2023,010427158,2,9,0,18,19,5,1,0,0,1,0,0,0,0,3,1,6,6,1,60,9,1596,1,10,FORD FOCUS,6,E01000486,0,-1
2023320529532,2023,320529532,1,9,0,18,19,8,2,0,0,0,0,0,0,0,1,1,6,6,2,44,7,1596,1,16,FORD FOCUS,1,E01026093,0,-1
2023101357484,2023,101357484,1,9,0,18,19,3,3,0,0,0,0,0,0,0,1,1,5,6,1,69,10,1499,2,7,FORD FOCUS,3,E01008878,0,-1
2023451370016,2023,451370016,1,9,0,17,19,3,7,0,0,0,0,0,0,0,1,1,2,2,1,43,7,998,1,10,FORD FOCUS,8,E01030611,0,-1
2023340WN0152,2023,340WN0152,2,9,0,18,19,5,2,0,0,1,0,0,0,0,1,1,6,6,2,36,7,998,1,9,FORD FOCUS,10,E01027298,0,-1
2023991370889,2023,991370889,2,9,0,18,19,2,6,0,0,1,0,0,0,0,1,1,5,6,2,22,5,1499,2,4,FORD FOCUS,7,-1,0,-1
2023010420597,2023,010420597,1,9,0,9,9,8,6,0,0,1,0,0,0,0,3,1,6,6,1,24,5,1499,2,1,FORD FOCUS,2,E01003310,0,-1
2023351388154,2023,351388154,1,9,0,18,19,3,7,0,0,1,0,0,0,0,1,1,1,1,1,41,7,1596,1,15,FORD FOCUS,4,E01021260,0,-1
2023461355232,2023,461355232,2,9,0,3,3,2,6,0,0,0,0,0,0,0,2,1,6,6,1,38,7,1999,1,18,FORD FOCUS,2,E01023974,0,-1
2023010434860,2023,010434860,1,9,0,99,99,9,9,99,99,0,9,99,9,99,2,9,6,6,2,33,6,1388,1,23,FORD FOCUS,2,E01000724,0,-1
2023010430760,2023,010430760,2,9,0,4,4,3,7,0,0,0,0,0,0,0,2,1,2,2,1,39,7,998,1,9,FORD FOCUS,7,E01024437,0,-1
2023101316531,2023,101316531,2,9,0,17,19,1,5,0,0,0,0,0,0,0,3,1,5,6,1,64,9,1499,2,3,FORD FOCUS,-1,-1,0,-1
2023052301782,2023,052301782,1,9,0,9,9,7,1,0,0,8,0,0,0,0,1,1,6,6,1,55,8,1596,1,13,FORD FOCUS,2,E01006492,0,-1
2023101278090,2023,101278090,1,9,0,4,4,1,5,0,0,0,0,0,0,0,1,1,6,6,1,38,7,1997,2,11,FORD FOCUS,7,E01008465,0,-1
2023361334738,2023,361334738,1,9,0,18,19,3,6,0,0,0,0,0,0,0,1,1,5,6,1,34,6,1753,2,14,FORD FOCUS,3,E01026453,0,-1
2023401368932,2023,401368932,1,9,0,5,5,-1,-1,0,0,0,0,0,0,0,1,1,6,6,1,35,6,1596,1,16,FORD FOCUS,6,E01001040,0,-1
2023451317392,2023,451317392,2,9,0,18,19,1,5,0,0,1,0,0,0,0,3,1,6,6,2,35,6,1596,1,14,FORD FOCUS,5,E01003276,0,-1
2023440480998,2023,440480998,2,9,0,4,4,6,2,0,0,1,0,0,0,0,1,1,6,6,1,33,6,998,1,9,FORD FOCUS,-1,-1,0,-1
2023010443485,2023,010443485,1,9,0,4,4,5,1,0,0,1,0,0,0,0,0,1,3,7,2,31,6,1596,1,13,FORD FOCUS,3,E01000024,0,-1
2023430261677,2023,430261677,3,9,0,8,8,5,7,0,0,1,0,0,0,0,2,1,2,2,1,38,7,1560,2,18,FORD FOCUS,7,E01017803,0,-1
2023010434730,2023,010434730,2,9,0,10,10,6,3,0,0,8,0,0,0,0,1,1,6,6,1,67,10,1596,1,17,FORD FOCUS,2,E01000065,0,-1
2023052300702,2023,052300702,1,9,0,5,5,5,3,0,0,1,0,0,0,0,1,1,6,6,1,-1,-1,1596,1,14,FORD FOCUS,-1,-1,0,-1
2023991307338,2023,991307338,1,9,0,18,19,7,3,0,0,0,0,0,0,0,1,1,5,6,1,64,9,1753,2,15,FORD FOCUS,1,-1,0,-1
2023122400001,2023,122400001,2,9,0,17,19,8,5,0,0,0,0,0,0,0,3,1,2,2,1,63,9,1499,2,3,FORD FOCUS,9,E01027558,0,-1
2023991314378,2023,991314378,2,9,0,18,19,8,4,0,0,0,0,4,0,0,1,1,2,2,2,42,7,1596,1,13,FORD FOCUS,8,-1,0,-1
2023010454610,2023,010454610,2,9,0,99,99,9,9,99,99,9,9,99,9,99,9,9,6,6,3,-1,-1,1560,2,13,FORD FOCUS,-1,-1,0,-1
2023531295021,2023,531295021,2,9,0,18,19,3,7,0,0,4,0,0,0,0,2,1,5,6,1,49,8,998,1,10,FORD FOCUS,6,E01032935,0,-1
2023411356439,2023,411356439,1,9,0,18,19,-1,-1,0,0,1,0,0,0,0,1,1,6,6,3,-1,-1,1496,1,3,FORD FOCUS,-1,-1,0,-1
2023041285868,2023,041285868,1,9,0,9,9,0,0,0,0,0,0,0,0,0,1,1,6,6,2,58,9,999,1,3,FORD FOCUS,8,E01025354,0,-1
2023010470963,2023,010470963,2,9,0,18,19,3,7,0,0,1,1,0,0,0,3,1,6,6,1,30,6,1499,2,3,FORD FOCUS,10,E01025982,0,-1
2023471318007,2023,471318007,2,9,0,18,19,5,1,0,0,1,0,0,0,0,4,1,3,7,1,48,8,1997,2,15,FORD FOCUS,-1,-1,0,-1
2023302301922,2023,302301922,1,9,0,5,5,3,1,0,0,8,0,0,0,0,1,1,6,6,1,18,4,1499,2,6,FORD FOCUS,6,E01019798,0,-1
2023471388417,2023,471388417,2,9,0,18,19,1,4,0,0,1,0,0,0,0,1,1,2,2,1,43,7,1997,2,11,FORD FOCUS,6,E01031586,0,-1
2023010424233,2023,010424233,1,9,0,3,3,1,5,0,0,1,0,0,0,0,2,1,2,2,1,35,6,998,1,10,FORD FOCUS,2,E01002848,0,-1
2023201278312,2023,201278312,1,9,0,18,19,2,6,0,0,2,0,0,0,0,1,1,6,6,1,89,11,1796,1,23,FORD FOCUS,5,E01009042,0,-1
2023010472444,2023,010472444,1,9,0,99,99,9,9,99,99,9,9,99,9,99,2,9,6,6,1,51,8,1596,1,14,FORD FOCUS,1,E01004674,0,-1
2023010428524,2023,010428524,1,9,0,18,19,1,5,0,0,8,0,0,4,6,1,1,2,2,1,28,6,1999,1,15,FORD FOCUS,5,E01002004,0,-1
2023531341662,2023,531341662,1,9,0,18,19,1,5,0,0,1,0,0,0,0,1,1,6,6,3,-1,-1,1596,1,17,FORD FOCUS,-1,-1,0,-1
2023421384082,2023,421384082,1,9,0,18,19,7,3,0,0,8,0,0,0,0,1,1,5,6,2,72,10,999,1,5,FORD FOCUS,10,E01021558,0,-1
2023991340092,2023,991340092,1,9,0,17,19,4,1,0,0,1,0,0,0,0,1,1,6,6,2,66,10,1596,1,15,FORD FOCUS,8,-1,0,-1
2023501382147,2023,501382147,1,9,0,18,19,1,5,0,0,0,0,0,0,0,1,1,5,6,2,42,7,1560,2,10,FORD FOCUS,5,E01018903,0,-1
2023461320126,2023,461320126,1,9,0,9,9,3,1,0,0,1,0,0,1,4,1,1,6,6,1,20,4,998,1,11,FORD FOCUS,5,E01000664,0,-1
2023421339121,2023,421339121,1,9,0,18,19,7,2,0,0,1,0,0,0,0,3,1,6,6,1,44,7,1596,1,17,FORD FOCUS,1,E01015897,0,-1
2023461278317,2023,461278317,2,9,0,18,19,1,5,0,0,8,0,0,0,0,4,1,6,6,1,51,8,1560,2,10,FORD FOCUS,3,E01016911,0,-1
2023430131053,2023,430131053,2,9,0,18,19,4,8,0,0,8,0,0,0,0,1,1,3,7,1,57,9,2521,1,16,FORD FOCUS,2,E01016806,0,-1
2023161368930,2023,161368930,1,9,0,4,4,1,5,0,0,0,0,0,0,0,2,1,5,6,1,28,6,999,1,5,FORD FOCUS,10,E01013064,0,-1
2023131272992,2023,131272992,1,9,0,2,2,0,0,0,0,0,0,0,0,0,2,1,5,6,1,26,6,1499,2,2,FORD FOCUS,1,E01010666,0,-1
2023430301581,2023,430301581,1,9,0,1,1,3,1,0,0,5,0,0,0,0,4,1,6,6,1,40,7,998,1,10,FORD FOCUS,7,E01031708,0,-1
2023351374942,2023,351374942,1,9,-1,-1,-1,-1,-1,-1,-1,-1,-1,-1,-1,0,-1,1,6,6,1,-1,-1,1596,1,13,FORD FOCUS,-1,-1,0,-1
2023201315930,2023,201315930,2,9,0,18,19,7,3,0,0,8,0,0,0,0,1,1,6,6,1,44,7,1560,2,11,FORD FOCUS,6,E01009618,0,-1
2023430031664,2023,430031664,2,9,0,18,19,6,2,0,0,1,0,0,0,0,4,1,6,6,1,41,7,1560,2,9,FORD FOCUS,6,E01016615,0,-1
2023531272520,2023,531272520,1,9,0,18,19,8,4,0,0,4,0,9,0,0,1,1,5,6,1,57,9,1596,1,19,FORD FOCUS,8,E01022412,0,-1
2023010482927,2023,010482927,1,9,0,18,19,1,5,0,0,2,0,0,0,0,2,1,6,6,1,42,7,1596,1,15,FORD FOCUS,3,E01021859,0,-1
2023421394753,2023,421394753,2,9,0,4,4,6,2,0,0,1,0,0,0,0,2,1,5,6,1,30,6,1596,1,10,FORD FOCUS,1,E01022032,0,-1
2023041357364,2023,041357364,1,9,0,18,19,5,1,0,0,0,0,0,0,0,4,1,6,6,1,39,7,1499,2,7,FORD FOCUS,1,E01006979,0,-1
2023351438655,2023,351438655,2,9,0,4,4,5,7,0,0,0,0,0,0,0,2,1,6,6,1,38,7,1560,2,13,FORD FOCUS,6,E01015671,0,-1
2023010432714,2023,010432714,1,9,0,2,2,0,0,0,0,0,0,0,0,0,3,1,6,6,3,-1,-1,999,1,4,FORD FOCUS,-1,-1,0,-1
2023010478364,2023,010478364,2,9,0,99,99,9,9,99,99,9,9,99,9,99,2,9,6,6,3,-1,-1,1596,1,8,FORD FOCUS,-1,-1,0,-1
2023010458959,2023,010458959,1,9,0,18,19,1,5,0,0,1,0,0,0,0,1,1,6,6,1,22,5,999,1,7,FORD FOCUS,3,E01000335,0,-1
2023161354941,2023,161354941,2,9,0,6,6,7,7,0,0,1,0,0,0,0,-1,1,6,6,3,-1,-1,999,1,7,FORD FOCUS,-1,-1,0,-1
2023361289581,2023,361289581,1,9,0,18,19,4,2,0,0,0,0,0,0,0,1,1,1,1,1,70,10,1596,1,8,FORD FOCUS,10,E01026812,0,-1
2023031300880,2023,031300880,1,9,0,18,19,8,3,0,0,0,0,0,0,0,1,1,5,6,1,24,5,1596,1,10,FORD FOCUS,1,E01019248,0,-1
2023010431342,2023,010431342,2,9,0,99,99,9,9,99,99,0,9,99,9,99,9,9,6,6,3,-1,-1,1596,1,18,FORD FOCUS,-1,-1,0,-1
2023991349463,2023,991349463,2,9,0,3,3,2,6,0,0,0,0,0,0,0,2,1,5,6,1,33,6,999,1,6,FORD FOCUS,8,-1,0,-1
2023531374093,2023,531374093,3,9,0,18,19,1,5,0,0,4,0,0,0,0,0,2,5,6,1,21,5,1596,1,14,FORD FOCUS,5,E01022327,0,-1
2023141268533,2023,141268533,1,9,0,3,3,4,8,0,0,0,0,0,0,0,2,1,2,2,2,44,7,998,1,11,FORD FOCUS,9,E01008023,0,-1
2023451382112,2023,451382112,2,9,0,18,19,1,5,0,0,4,0,0,0,0,4,1,5,6,2,33,6,1999,1,16,FORD FOCUS,6,E01030618,0,-1
2023421288403,2023,421288403,2,9,0,18,19,3,7,0,0,0,0,0,0,0,4,1,6,6,1,46,8,2521,1,14,FORD FOCUS,8,E01021371,0,-1
2023061381833,2023,061381833,1,9,0,18,19,1,5,0,0,1,0,0,0,0,1,1,5,6,1,70,10,999,1,7,FORD FOCUS,2,E01004876,0,-1
2023010422774,2023,010422774,2,9,0,18,19,3,7,0,0,0,0,0,1,0,1,1,6,6,1,28,6,1596,1,9,FORD FOCUS,-1,-1,0,-1
2023451361940,2023,451361940,1,9,0,7,7,7,1,0,0,1,0,0,0,0,1,1,5,6,2,48,8,1997,2,15,FORD FOCUS,-1,-1,0,-1
2023010474524,2023,010474524,1,9,0,9,9,7,4,0,0,1,0,0,0,0,3,1,6,6,1,47,8,1596,1,11,FORD FOCUS,5,E01000738,0,-1
2023131330713,2023,131330713,1,9,0,18,19,3,7,0,0,8,0,0,0,0,1,1,6,6,1,82,11,1596,1,15,FORD FOCUS,8,E01011115,0,-1
2023411359648,2023,411359648,1,9,0,18,19,5,1,0,0,0,1,4,1,1,4,1,5,6,1,22,5,1596,1,17,FORD FOCUS,2,E01023404,0,-1
2023471307202,2023,471307202,3,9,0,2,2,0,0,0,0,0,0,0,0,0,0,1,6,6,3,-1,-1,1995,2,0,FORD FOCUS,-1,-1,0,-1
2023622300260,2023,622300260,1,9,0,18,19,2,6,0,0,3,5,10,7,7,1,1,1,1,1,44,7,1596,1,18,FORD FOCUS,5,W01001068,0,-1
2023371358466,2023,371358466,1,9,0,13,13,8,5,0,0,0,0,0,0,0,0,1,5,6,1,45,7,1798,1,14,FORD FOCUS,8,E01030046,0,-1
2023010474176,2023,010474176,1,9,0,18,19,3,7,0,0,8,0,0,0,0,1,1,1,1,1,41,7,1596,1,10,FORD FOCUS,4,E01003740,0,-1
2023201360870,2023,201360870,2,9,0,2,2,0,0,0,0,0,0,4,0,0,2,1,6,6,1,-1,-1,1596,1,11,FORD FOCUS,-1,-1,0,-1
2023351407172,2023,351407172,1,9,0,13,13,1,5,0,0,0,5,0,2,9,4,1,6,6,1,33,6,1798,1,14,FORD FOCUS,8,E01018050,0,-1
2023041356160,2023,041356160,1,9,0,18,19,6,2,0,0,0,0,0,0,0,4,1,6,6,3,-1,-1,1499,2,7,FORD FOCUS,-1,-1,0,-1
2023531421542,2023,531421542,1,9,0,18,19,1,5,0,0,0,0,0,0,0,1,1,2,2,1,25,5,998,1,10,FORD FOCUS,5,E01022154,0,-1
2023010433567,2023,010433567,1,9,0,5,5,1,5,0,0,0,0,0,0,0,1,1,6,6,1,55,8,999,1,1,FORD FOCUS,1,E01004722,0,-1
2023501360827,2023,501360827,2,9,0,18,19,7,3,0,0,1,0,0,0,0,1,1,5,6,1,20,4,999,1,8,FORD FOCUS,9,W01001227,0,-1
2023122300325,2023,122300325,3,9,0,2,2,0,0,9,9,1,0,0,0,0,0,1,6,6,1,61,9,1499,2,4,FORD FOCUS,8,E01013409,0,-1
2023041334576,2023,041334576,1,9,0,18,19,7,3,0,0,0,2,4,0,0,1,1,6,6,1,28,6,1560,2,14,FORD FOCUS,2,E01025140,0,-1
2023041304952,2023,041304952,2,9,0,2,2,5,1,0,0,0,0,0,0,0,2,1,6,6,3,-1,-1,1997,2,16,FORD FOCUS,-1,-1,0,-1
2023131302130,2023,131302130,3,9,0,3,3,3,7,0,0,1,0,0,0,0,2,1,5,6,1,48,8,1995,2,4,FORD FOCUS,6,E01010927,0,-1
2023221396261,2023,221396261,3,9,0,3,3,3,7,0,0,1,0,0,0,0,1,1,6,6,2,78,11,999,1,7,FORD FOCUS,10,E01031299,0,-1
2023141278135,2023,141278135,1,9,0,18,19,5,1,0,0,0,0,0,0,0,1,1,6,6,3,-1,-1,1596,1,11,FORD FOCUS,-1,-1,0,-1
2023451352111,2023,451352111,1,9,0,18,19,1,5,0,0,0,0,0,0,0,1,1,1,1,1,21,5,1596,1,11,FORD FOCUS,1,E01001206,0,-1
2023430219243,2023,430219243,1,9,0,18,19,2,5,0,0,6,1,10,7,0,1,1,6,6,1,46,8,1798,1,14,FORD FOCUS,10,E01031820,0,-1
2023451335445,2023,451335445,1,9,0,5,5,3,7,0,0,4,0,0,0,0,1,1,5,6,1,47,8,1798,1,17,FORD FOCUS,10,E01030434,0,-1
2023991352822,2023,991352822,2,9,0,3,3,3,6,0,0,4,0,0,0,0,2,1,5,6,1,40,7,1499,2,8,FORD FOCUS,3,-1,0,-1
2023421391224,2023,421391224,1,9,0,5,5,2,6,0,0,0,0,0,0,0,1,2,6,6,1,72,10,1560,2,11,FORD FOCUS,9,E01021908,0,-1
2023010452576,2023,010452576,2,9,0,99,99,9,9,99,99,9,9,99,9,99,2,9,6,6,3,-1,-1,1596,1,8,FORD FOCUS,3,E01003555,0,-1
2023531417850,2023,531417850,2,9,0,18,19,3,7,0,0,1,0,0,0,0,4,1,6,6,2,17,4,1499,2,2,FORD FOCUS,7,E01022411,0,-1
2023201410671,2023,201410671,2,9,0,18,19,5,1,0,0,8,0,0,0,0,1,1,6,6,1,30,6,1997,2,12,FORD FOCUS,10,E01029483,0,-1
2023201305128,2023,201305128,3,9,0,18,19,6,2,0,0,0,0,0,0,0,3,1,6,6,1,41,7,1596,1,10,FORD FOCUS,2,E01009100,0,-1
2023010474598,2023,010474598,1,9,0,4,4,5,1,0,0,1,0,0,0,0,1,1,6,6,1,20,4,1596,1,12,FORD FOCUS,-1,-1,0,-1
2023131302751,2023,131302751,2,9,0,18,19,5,1,0,0,0,0,0,0,0,1,1,2,2,2,32,6,1499,2,3,FORD FOCUS,9,E01025877,0,-1
2023070242578,2023,070242578,2,9,0,18,19,4,8,0,0,0,0,0,0,0,1,1,6,6,1,42,7,1596,1,16,FORD FOCUS,2,E01006175,0,-1
2023421269476,2023,421269476,1,9,0,4,4,3,7,0,0,0,0,0,0,0,1,1,6,6,1,81,11,1798,1,14,FORD FOCUS,9,E01021828,0,-1
2023421362482,2023,421362482,1,9,0,1,1,1,5,0,0,0,0,0,0,0,2,1,5,6,1,55,8,1499,2,5,FORD FOCUS,10,E01021739,0,-1
2023111297390,2023,111297390,1,9,0,9,9,7,3,0,0,1,0,0,0,0,1,1,6,6,3,30,6,1596,1,14,FORD FOCUS,-1,-1,0,-1
2023361331942,2023,361331942,2,9,0,14,14,7,7,0,0,1,0,0,0,0,1,1,6,6,2,35,6,1596,1,17,FORD FOCUS,4,E01026679,0,-1
2023440362889,2023,440362889,1,9,0,7,7,5,7,0,0,4,0,0,0,0,4,1,6,6,1,51,8,1596,1,14,FORD FOCUS,4,E01022841,0,-1
2023041298131,2023,041298131,1,9,0,1,1,7,3,0,0,6,0,0,0,0,2,1,6,6,1,68,10,1560,2,10,FORD FOCUS,4,E01012661,0,-1
2023141300587,2023,141300587,2,9,0,18,19,3,7,0,0,1,0,0,0,0,1,1,6,6,1,48,8,1560,2,8,FORD FOCUS,2,E01007806,0,-1
2023461323062,2023,461323062,1,9,0,3,3,5,1,0,0,1,0,0,0,0,1,1,6,6,1,50,8,1596,1,17,FORD FOCUS,7,E01024140,0,-1
2023430203474,2023,430203474,1,9,0,3,3,2,6,0,0,0,0,0,0,0,3,1,6,6,2,36,7,1596,1,12,FORD FOCUS,-1,-1,0,-1
2023010424078,2023,010424078,4,9,0,2,2,0,0,2,2,1,0,0,0,0,3,1,6,6,3,-1,-1,1596,1,15,FORD FOCUS,-1,-1,0,-1
2023302300797,2023,302300797,1,9,0,9,9,6,3,0,0,0,0,0,0,0,4,1,2,2,1,35,6,1560,2,13,FORD FOCUS,6,E01019594,0,-1
2023131326918,2023,131326918,2,9,0,4,4,3,7,0,0,8,0,0,0,0,2,1,5,6,2,24,5,999,1,7,FORD FOCUS,6,E01010816,0,-1
2023170S11663,2023,170S11663,1,9,0,18,19,2,6,0,0,2,0,0,0,0,1,1,6,6,1,69,10,1596,1,10,FORD FOCUS,4,E01012192,0,-1
2023101355845,2023,101355845,2,9,0,17,19,5,1,0,0,0,0,0,0,0,1,1,5,6,2,49,8,1596,1,13,FORD FOCUS,9,E01008799,0,-1
2023311276149,2023,311276149,1,9,0,18,19,7,3,0,0,1,0,0,0,0,1,1,5,6,1,57,9,1596,1,17,FORD FOCUS,7,E01028021,0,-1
2023201383412,2023,201383412,1,9,0,7,7,1,3,0,0,5,0,4,0,0,4,1,6,6,2,32,6,1596,1,14,FORD FOCUS,1,E01009270,0,-1
2023131348090,2023,131348090,2,9,0,3,3,1,3,0,0,1,0,0,0,0,2,1,1,1,1,48,8,1798,1,15,FORD FOCUS,3,E01011478,0,-1
2023991307035,2023,991307035,2,9,0,2,2,7,3,0,0,0,0,4,0,0,1,1,6,6,3,-1,-1,1499,2,8,FORD FOCUS,-1,-1,0,-1
2023421334543,2023,421334543,1,9,0,18,19,8,3,0,0,0,0,0,7,0,1,1,6,6,1,16,4,1560,2,14,FORD FOCUS,4,E01015958,0,-1
2023141295951,2023,141295951,1,9,0,3,3,2,8,0,0,6,0,0,0,0,2,1,6,6,1,20,4,1560,2,10,FORD FOCUS,8,E01008130,0,-1