collision_index,collision_year,collision_ref_no,vehicle_reference,vehicle_type,towing_and_articulation,vehicle_manoeuvre_historic,vehicle_manoeuvre,vehicle_direction_from,vehicle_direction_to,vehicle_location_restricted_lane_historic,vehicle_location_restricted_lane,junction_location,skidding_and_overturning,hit_object_in_carriageway,vehicle_leaving_carriageway,hit_object_off_carriageway,first_point_of_impact,vehicle_left_hand_drive,journey_purpose_of_driver_historic,journey_purpose_of_driver,sex_of_driver,age_of_driver,age_band_of_driver,engine_capacity_cc,propulsion_code,age_of_vehicle,generic_make_model,driver_imd_decile,lsoa_of_driver,escooter_flag,driver_distance_banding
2023221281543,2023,221281543,1,9,0,18,19,7,3,0,0,6,0,0,3,3,1,1,5,6,1,30,6,1997,2,8,FORD FOCUS,-1,-1,0,-1
2023010431254,2023,010431254,1,9,0,18,19,3,7,0,0,8,0,0,0,0,1,1,6,6,1,28,6,1499,2,3,FORD FOCUS,2,E01004306,0,-1
2023461382893,2023,461382893,2,9,0,7,7,8,4,0,0,1,0,0,0,0,3,1,6,6,2,24,5,1596,1,15,FORD FOCUS,3,E01016036,0,-1
2023070913300,2023,070913300,1,9,0,4,4,8,4,0,0,0,0,0,0,0,1,1,6,6,2,35,6,1560,2,10,FORD FOCUS,9,E01018474,0,-1
2023361269793,2023,361269793,1,9,0,18,19,7,3,0,0,0,0,0,1,11,1,1,5,6,1,25,5,1560,2,12,FORD FOCUS,3,E01026756,0,-1
2023010447864,2023,010447864,2,9,0,99,99,9,9,99,99,9,9,99,9,99,9,9,6,6,1,40,7,1596,1,14,FORD FOCUS,3,E01001000,0,-1
2023141306819,2023,141306819,1,9,0,9,9,8,5,0,0,2,0,0,0,0,3,1,5,6,1,59,9,1798,1,13,FORD FOCUS,3,E01007504,0,-1
2023122300295,2023,122300295,2,9,0,18,19,7,3,0,0,8,0,0,0,0,1,1,1,1,2,38,7,1596,1,18,FORD FOCUS,2,E01011502,0,-1
2023461325868,2023,461325868,3,9,0,17,19,1,5,0,0,0,0,0,0,0,1,1,2,2,1,67,10,1753,2,16,FORD FOCUS,5,E01024565,0,-1
2023052302109,2023,052302109,2,9,0,18,19,5,1,0,0,1,0,0,0,0,3,1,6,6,2,50,8,1499,2,8,FORD FOCUS,4,E01006982,0,-1
2023401388517,2023,401388517,1,9,0,3,3,3,7,0,0,0,0,0,0,0,2,1,6,6,1,17,4,1560,2,14,FORD FOCUS,4,E01015711,0,-1
2023010476204,2023,010476204,1,9,9,99,99,9,9,99,99,9,9,99,9,99,9,9,6,6,2,34,6,998,1,9,FORD FOCUS,7,E01033733,0,-1
2023010448858,2023,010448858,2,9,0,99,99,9,9,99,99,0,9,99,9,99,2,9,6,6,3,40,7,1999,1,16,FORD FOCUS,1,E01003070,0,-1
2023552300945,2023,552300945,1,9,0,18,19,8,4,0,0,8,0,0,1,10,1,1,6,6,1,79,11,999,1,8,FORD FOCUS,9,E01015451,0,-1
2023522300752,2023,522300752,1,9,9,18,19,1,5,0,0,1,0,0,0,0,1,1,6,6,2,56,9,1596,1,12,FORD FOCUS,3,E01014835,0,-1
2023061374218,2023,061374218,1,9,-1,-1,-1,-1,-1,-1,-1,0,-1,-1,-1,0,-1,1,6,6,1,-1,-1,1997,2,14,FORD FOCUS,5,E01006406,0,-1
2023052301935,2023,052301935,2,9,0,9,9,6,4,0,0,8,0,0,0,0,2,1,6,6,2,69,10,999,1,1,FORD FOCUS,-1,-1,0,-1
2023061379409,2023,061379409,1,9,-1,18,19,3,7,0,0,1,0,0,0,0,1,1,6,6,1,30,6,1560,2,11,FORD FOCUS,2,E01004812,0,-1
2023010435531,2023,010435531,2,9,0,18,19,5,1,0,0,0,0,0,0,0,1,1,6,6,3,-1,-1,1499,2,8,FORD FOCUS,-1,-1,0,-1
2023430118182,2023,430118182,1,9,0,18,19,1,5,0,0,8,0,0,0,0,3,1,2,2,2,28,6,1560,2,8,FORD FOCUS,5,E01016822,0,-1
2023371381003,2023,371381003,1,9,-1,-1,-1,-1,-1,-1,-1,1,-1,-1,-1,0,3,1,6,6,1,79,11,1997,2,7,FORD FOCUS,9,E01022094,0,-1
2023010432253,2023,010432253,1,9,0,18,19,7,3,0,0,1,0,0,0,0,3,1,6,6,2,58,9,1499,2,5,FORD FOCUS,9,E01000201,0,-1
2023101353004,2023,101353004,3,9,0,18,19,1,5,0,0,0,0,0,0,0,1,1,2,2,1,47,8,999,8,0,FORD FOCUS,2,E01008335,0,-1
2023501320020,2023,501320020,1,9,0,18,19,3,7,0,0,1,0,0,0,0,4,1,6,6,2,86,11,1499,2,5,FORD FOCUS,10,E01019894,0,-1
2023010424389,2023,010424389,1,9,0,1,1,1,3,0,0,1,0,0,0,0,2,1,3,7,1,31,6,999,1,3,FORD FOCUS,2,E01004044,0,-1
2023010437760,2023,010437760,2,9,0,9,9,3,1,0,0,1,0,0,0,0,3,1,6,6,1,20,4,1596,1,10,FORD FOCUS,4,E01021785,0,-1
2023141327382,2023,141327382,1,9,0,18,19,1,5,0,0,0,0,0,0,0,1,1,5,6,1,24,5,1596,1,16,FORD FOCUS,4,E01007653,0,-1
2023522300787,2023,522300787,1,9,0,18,19,7,3,0,0,1,0,0,0,0,1,1,6,6,1,40,7,1560,2,11,FORD FOCUS,5,W01001350,0,-1
2023371337482,2023,371337482,1,9,0,18,19,6,2,0,0,0,0,0,0,0,1,1,6,6,1,48,8,1997,2,17,FORD FOCUS,6,E01030091,0,-1
2023430385416,2023,430385416,2,9,0,2,2,0,0,0,0,0,0,0,0,0,2,1,6,6,3,-1,-1,1499,2,6,FORD FOCUS,-1,-1,0,-1
2023010440009,2023,010440009,1,9,0,5,5,7,3,0,0,1,0,0,0,0,1,1,6,6,1,34,6,998,1,10,FORD FOCUS,6,E01001073,0,-1
2023221302457,2023,221302457,1,9,0,1,1,6,2,0,0,6,0,0,0,0,2,1,5,6,2,69,10,1997,2,11,FORD FOCUS,6,E01032179,0,-1
2023161328082,2023,161328082,2,9,0,5,5,7,3,0,0,1,0,0,0,0,1,1,6,6,1,30,6,1596,1,13,FORD FOCUS,-1,-1,0,-1
2023041261728,2023,041261728,2,9,0,18,19,5,1,0,0,3,0,0,0,0,2,1,1,1,2,37,7,1498,1,7,FORD FOCUS,2,E01024890,0,-1
2023201290753,2023,201290753,2,9,0,7,7,8,2,0,0,5,0,0,0,0,1,1,6,6,3,-1,-1,998,1,9,FORD FOCUS,-1,-1,0,-1
2023010481587,2023,010481587,1,9,0,9,9,4,1,0,0,1,0,0,0,0,1,1,6,6,2,45,7,1796,1,19,FORD FOCUS,3,E01003136,0,-1
2023471345602,2023,471345602,1,9,0,4,4,5,1,0,0,0,0,0,0,0,2,1,2,2,1,27,6,1596,1,17,FORD FOCUS,8,E01030575,0,-1
2023061273582,2023,061273582,2,9,0,18,19,1,5,0,0,1,0,0,0,0,1,1,6,6,2,51,8,999,1,1,FORD FOCUS,2,E01005915,0,-1
2023430152516,2023,430152516,2,9,0,2,2,0,0,0,0,8,0,0,0,0,4,1,6,6,3,-1,-1,1753,2,14,FORD FOCUS,-1,-1,0,-1
2023461323871,2023,461323871,2,9,0,18,19,7,3,0,0,0,0,0,0,0,1,1,2,2,1,35,6,1560,2,13,FORD FOCUS,7,E01024375,0,-1
2023471299117,2023,471299117,2,9,0,17,19,1,5,0,0,0,0,0,0,0,0,1,1,1,1,41,7,1995,2,2,FORD FOCUS,4,E01021177,0,-1
2023471393567,2023,471393567,1,9,0,18,19,3,7,0,0,0,1,0,4,6,1,1,6,6,1,32,6,1997,2,16,FORD FOCUS,2,E01031361,0,-1
2023421264628,2023,421264628,1,9,0,4,4,2,6,0,0,0,0,0,0,0,2,1,6,6,1,84,11,1596,1,16,FORD FOCUS,9,E01021945,0,-1
2023461305843,2023,461305843,1,9,-1,18,19,5,1,0,0,4,0,11,0,0,1,1,6,6,1,-1,-1,1753,2,14,FORD FOCUS,3,E01024488,0,-1
2023161292259,2023,161292259,1,9,0,18,19,3,7,0,0,0,0,0,1,0,1,1,5,6,1,31,6,1596,1,15,FORD FOCUS,5,E01028003,0,-1
2023010479792,2023,010479792,1,9,0,18,19,5,1,0,0,0,0,0,0,0,1,1,6,6,1,31,6,1999,1,15,FORD FOCUS,8,E01002201,0,-1
2023332300388,2023,332300388,4,9,0,18,19,0,0,0,0,0,0,0,0,0,2,1,6,6,2,42,7,1596,1,10,FORD FOCUS,5,E01013680,0,-1
2023131371738,2023,131371738,2,9,0,18,19,6,2,0,0,2,0,0,0,0,0,1,3,7,2,40,7,1560,2,11,FORD FOCUS,3,E01011519,0,-1
2023302301727,2023,302301727,1,9,0,18,19,3,7,0,0,1,0,0,0,0,1,1,6,6,2,55,8,1997,2,6,FORD FOCUS,3,E01013547,0,-1
2023161282769,2023,161282769,3,9,0,3,3,6,4,0,0,1,0,0,0,0,4,1,6,6,1,86,11,1596,1,11,FORD FOCUS,7,E01013289,0,-1
2023421303700,2023,421303700,2,9,0,16,19,7,3,0,0,0,0,0,0,0,2,1,5,6,1,24,5,1798,1,16,FORD FOCUS,2,E01021685,0,-1
2023461303580,2023,461303580,1,9,0,18,19,7,3,0,0,1,0,0,0,0,1,1,6,6,1,36,7,1498,1,7,FORD FOCUS,7,E01024375,0,-1
2023201371742,2023,201371742,1,9,0,4,4,7,3,0,0,8,1,0,0,0,1,1,6,6,1,27,6,1596,1,14,FORD FOCUS,1,E01009881,0,-1
2023141314380,2023,141314380,3,9,0,2,2,0,0,9,9,0,0,0,0,0,3,1,6,6,3,-1,-1,1560,2,10,FORD FOCUS,-1,-1,0,-1
2023311331806,2023,311331806,2,9,0,9,9,1,7,0,0,3,0,0,0,0,4,1,6,6,2,31,6,1596,1,17,FORD FOCUS,1,E01013878,0,-1
2023520301472,2023,520301472,2,9,0,5,5,3,7,0,0,1,0,0,0,0,1,1,6,6,2,34,6,2521,1,12,FORD FOCUS,6,E01029180,0,-1
2023631341066,2023,631341066,1,9,0,18,19,5,1,0,0,0,1,0,1,4,4,1,6,6,1,24,5,999,1,7,FORD FOCUS,3,W01000480,0,-1
2023461374195,2023,461374195,1,9,0,9,9,3,7,0,0,3,0,0,0,0,3,1,6,6,1,74,10,1596,1,15,FORD FOCUS,7,E01024224,0,-1
2023320554038,2023,320554038,1,9,0,18,19,5,1,0,0,0,0,0,0,0,1,1,6,6,1,50,8,1560,2,12,FORD FOCUS,4,E01026144,0,-1
2023320524629,2023,320524629,3,9,0,3,3,8,4,0,0,0,0,0,0,0,2,1,6,6,2,25,5,1499,2,6,FORD FOCUS,10,E01026362,0,-1
2023161288401,2023,161288401,1,9,0,18,19,2,6,0,0,0,0,0,1,7,1,1,5,6,1,40,7,1560,2,10,FORD FOCUS,10,E01033495,0,-1
2023302301437,2023,302301437,1,9,0,18,19,4,8,0,0,0,0,0,0,0,4,1,6,6,2,34,6,1560,2,12,FORD FOCUS,3,E01013532,0,-1
2023010430971,2023,010430971,1,9,0,4,4,1,5,0,0,0,0,0,0,0,1,1,6,6,1,26,6,999,1,4,FORD FOCUS,3,E01016919,0,-1
2023131380635,2023,131380635,2,9,0,5,5,5,6,0,0,1,1,0,1,0,1,1,6,6,1,33,6,999,8,0,FORD FOCUS,1,E01010995,0,-1
2023340WN4272,2023,340WN4272,1,9,0,11,11,3,7,0,0,0,0,0,0,0,2,1,6,6,1,52,8,999,1,4,FORD FOCUS,7,E01027216,0,-1
2023471262590,2023,471262590,1,9,0,5,5,4,8,0,0,0,0,0,0,0,2,1,6,6,3,39,7,1560,2,10,FORD FOCUS,10,E01031717,0,-1
2023161290129,2023,161290129,1,9,0,5,5,2,6,0,0,1,0,0,0,0,1,1,2,2,2,68,10,1596,1,15,FORD FOCUS,1,E01012892,0,-1
2023010477508,2023,010477508,1,9,0,13,13,1,5,0,0,0,0,0,0,0,4,1,6,6,1,61,9,998,1,10,FORD FOCUS,3,E01002085,0,-1
2023351283536,2023,351283536,2,9,0,18,19,2,6,9,9,8,0,11,7,0,1,1,5,6,2,52,8,1560,2,14,FORD FOCUS,5,E01018187,0,-1
202354D401923,2023,54D401923,4,9,0,18,19,5,1,0,0,0,0,0,0,0,2,1,6,6,1,77,11,1499,2,8,FORD FOCUS,5,E01014063,0,-1
2023061331437,2023,061331437,1,9,-1,-1,-1,-1,-1,-1,-1,-1,-1,-1,-1,0,4,1,2,2,2,53,8,999,1,5,FORD FOCUS,-1,-1,0,-1
2023010486413,2023,010486413,3,9,0,5,5,1,5,0,0,8,0,0,0,0,1,1,6,6,1,22,5,1596,1,14,FORD FOCUS,3,E01023573,0,-1
2023311384325,2023,311384325,1,9,0,18,19,1,5,0,0,0,0,0,0,0,1,1,6,6,3,-1,-1,1560,2,13,FORD FOCUS,-1,-1,0,-1
2023052303087,2023,052303087,1,9,0,18,19,3,7,0,0,1,0,0,0,0,4,1,6,6,1,30,6,999,1,1,FORD FOCUS,2,E01006428,0,-1
2023461386611,2023,461386611,3,9,0,18,19,5,1,0,0,8,0,0,0,0,0,1,1,1,1,42,7,999,1,0,FORD FOCUS,5,E01024281,0,-1
2023340NN3442,2023,340NN3442,2,9,0,2,2,0,0,0,0,0,0,0,0,0,3,1,6,6,1,25,5,999,1,4,FORD FOCUS,2,E01026958,0,-1
2023471387956,2023,471387956,3,9,0,18,19,7,3,0,0,1,0,0,0,0,0,1,5,6,2,54,8,1596,1,15,FORD FOCUS,5,E01031826,0,-1
2023010472151,2023,010472151,2,9,0,11,11,7,3,0,0,8,0,0,0,0,0,1,6,6,1,31,6,1596,1,11,FORD FOCUS,6,E01003030,0,-1
2023501342817,2023,501342817,2,9,0,7,7,7,3,0,0,6,0,0,0,0,1,1,6,6,1,75,10,1596,1,19,FORD FOCUS,4,E01020041,0,-1
2023461353543,2023,461353543,1,9,0,7,7,3,5,0,0,0,0,11,1,3,1,1,5,6,1,18,4,1596,1,18,FORD FOCUS,6,E01024207,0,-1
2023430014793,2023,430014793,1,9,0,18,19,8,4,0,0,0,0,0,1,4,1,1,2,2,1,34,6,1753,2,16,FORD FOCUS,8,E01017627,0,-1
2023622300808,2023,622300808,2,9,0,2,2,0,0,0,0,0,0,0,0,0,2,1,6,6,2,38,7,1560,2,10,FORD FOCUS,1,W01001738,0,-1
2023430093749,2023,430093749,4,9,0,18,19,3,7,0,0,0,0,0,0,0,-1,1,6,6,1,45,7,999,1,6,FORD FOCUS,10,E01017785,0,-1
2023231375726,2023,231375726,2,9,0,18,19,4,8,0,0,8,0,0,0,0,4,1,5,6,1,48,8,998,1,10,FORD FOCUS,3,E01031261,0,-1
2023552301092,2023,552301092,2,9,0,4,4,8,4,0,0,1,0,0,0,0,1,1,2,2,1,57,9,1499,2,8,FORD FOCUS,4,E01015328,0,-1
2023522300516,2023,522300516,1,9,0,9,9,6,4,0,0,6,0,0,0,0,4,1,6,6,2,35,6,999,1,6,FORD FOCUS,5,E01014678,0,-1
2023430201293,2023,430201293,2,9,0,9,9,1,7,0,0,6,0,0,0,0,1,1,6,6,1,20,4,998,1,9,FORD FOCUS,-1,-1,0,-1
2023501360658,2023,501360658,1,9,0,9,9,2,7,0,0,8,0,0,0,0,4,1,6,6,1,55,8,1596,1,11,FORD FOCUS,7,E01032628,0,-1
2023201296606,2023,201296606,2,9,0,18,19,6,2,0,0,1,0,0,0,0,1,1,6,6,2,-1,-1,1596,1,14,FORD FOCUS,-1,-1,0,-1
2023031337638,2023,031337638,1,9,0,4,4,4,5,0,0,6,0,0,0,0,1,1,6,6,2,42,7,999,1,8,FORD FOCUS,1,E01019097,0,-1
2023991384531,2023,991384531,1,9,0,18,19,2,6,0,0,0,0,0,0,0,1,1,2,2,1,41,7,1560,2,11,FORD FOCUS,1,-1,0,-1
2023010433875,2023,010433875,1,9,0,18,19,5,1,0,0,8,0,0,0,0,2,1,6,6,1,41,7,1989,1,23,FORD FOCUS,9,E01002471,0,-1
2023131310716,2023,131310716,1,9,0,18,19,1,1,0,0,0,0,0,0,0,1,1,2,2,2,37,7,999,1,4,FORD FOCUS,8,E01010859,0,-1
2023311394232,2023,311394232,1,9,0,18,19,5,8,0,0,0,0,0,0,0,1,1,2,2,1,56,9,1560,2,10,FORD FOCUS,7,E01028323,0,-1
2023401272758,2023,401272758,2,9,0,18,19,6,2,0,0,0,0,0,0,0,2,1,5,6,2,26,6,1499,2,7,FORD FOCUS,4,E01017473,0,-1
2023131349702,2023,131349702,1,9,0,18,19,1,5,0,0,1,0,0,1,0,1,1,2,2,2,40,7,1596,1,11,FORD FOCUS,3,E01010864,0,-1
2023471368180,2023,471368180,1,9,0,18,19,6,2,0,0,8,0,0,0,0,1,1,6,6,1,45,7,1499,2,7,FORD FOCUS,3,E01031552,0,-1
2023052302847,2023,052302847,1,9,0,18,19,7,3,0,0,8,0,0,0,0,1,1,6,6,2,41,7,998,1,9,FORD FOCUS,1,E01006507,0,-1
2023421337960,2023,421337960,2,9,0,18,19,3,7,0,0,1,0,0,0,0,0,1,1,1,1,35,6,999,1,0,FORD FOCUS,4,E01021651,0,-1
2023440486292,2023,440486292,1,9,0,7,7,7,1,0,0,6,0,0,0,0,1,1,6,6,2,27,6,1560,2,12,FORD FOCUS,9,E01022692,0,-1
2023161392712,2023,161392712,1,9,0,2,2,0,0,0,0,0,0,0,0,0,1,1,6,6,1,24,5,1596,1,17,FORD FOCUS,3,E01012759,0,-1
2023010427261,2023,010427261,1,9,0,99,99,9,9,99,99,9,9,99,9,99,2,9,2,2,1,30,6,1596,1,16,FORD FOCUS,5,E01000251,0,-1
2023451297945,2023,451297945,1,9,0,18,19,1,5,0,0,0,1,0,0,0,2,1,5,6,2,19,4,1753,2,17,FORD FOCUS,10,E01030468,0,-1
2023131385385,2023,131385385,1,9,0,7,7,3,5,0,0,5,0,0,0,0,4,1,2,2,1,66,10,1596,1,12,FORD FOCUS,1,E01010817,0,-1
2023461367509,2023,461367509,2,9,0,5,5,5,1,0,0,0,0,0,7,0,3,1,6,6,2,42,7,1997,2,15,FORD FOCUS,7,E01024375,0,-1
2023311366695,2023,311366695,1,9,0,6,6,3,3,0,0,0,0,0,0,0,3,1,5,6,2,59,9,1560,2,12,FORD FOCUS,4,E01028103,0,-1
2023522401431,2023,522401431,1,9,0,10,10,6,4,0,0,8,0,0,0,0,2,1,6,6,2,17,4,998,1,11,FORD FOCUS,5,E01014518,0,-1
2023031308920,2023,031308920,3,9,0,9,9,4,5,0,0,5,0,0,0,0,0,1,2,2,2,22,5,999,1,4,FORD FOCUS,4,E01019186,0,-1
2023332300610,2023,332300610,2,9,0,18,19,4,8,0,0,8,1,0,0,0,1,1,6,6,1,20,4,1596,1,21,FORD FOCUS,2,E01013687,0,-1
2023010431344,2023,010431344,2,9,0,99,99,9,9,99,99,9,9,99,9,99,9,9,6,6,3,-1,-1,1596,1,19,FORD FOCUS,-1,-1,0,-1
2023201379742,2023,201379742,1,9,0,9,9,1,6,0,0,6,0,0,0,0,1,1,3,7,2,36,7,1499,2,8,FORD FOCUS,2,E01010400,0,-1
2023070202215,2023,070202215,1,9,0,18,19,1,5,0,0,0,5,0,7,11,1,1,1,1,1,59,9,1560,2,14,FORD FOCUS,-1,-1,0,-1
2023361341270,2023,361341270,1,9,0,18,19,4,8,0,0,1,0,0,0,0,1,1,6,6,2,43,7,999,1,0,FORD FOCUS,-1,-1,0,-1
2023221408129,2023,221408129,1,9,0,4,4,4,8,0,0,0,0,0,0,0,1,1,6,6,1,38,7,1560,2,9,FORD FOCUS,6,E01028868,0,-1
2023461379759,2023,461379759,1,9,0,18,19,4,8,0,0,0,0,0,0,0,1,1,2,2,2,42,7,1798,1,16,FORD FOCUS,7,E01024109,0,-1
2023141290364,2023,141290364,2,9,0,18,19,7,3,0,0,4,0,0,0,0,1,1,6,6,1,72,10,1499,2,8,FORD FOCUS,-1,-1,0,-1
2023010463265,2023,010463265,1,9,0,18,19,7,3,0,0,8,0,0,0,0,3,1,6,6,1,26,6,1596,1,16,FORD FOCUS,7,E01030700,0,-1
2023440171602,2023,440171602,1,9,0,4,4,2,6,0,0,4,0,0,0,0,2,1,6,6,1,58,9,1596,1,15,FORD FOCUS,4,E01022834,0,-1
2023320044700,2023,320044700,1,9,0,18,19,2,6,0,0,0,0,4,0,0,1,1,6,6,2,39,7,1596,1,14,FORD FOCUS,8,E01026313,0,-1
202360A002970,2023,60A002970,1,9,0,18,19,8,4,0,0,4,0,0,0,0,1,1,6,6,2,71,10,1596,1,10,FORD FOCUS,-1,-1,0,-1
2023401268104,2023,401268104,1,9,0,4,4,7,8,0,0,0,0,0,0,0,0,1,6,6,2,28,6,1999,1,16,FORD FOCUS,7,E01017491,0,-1
2023332300441,2023,332300441,1,9,0,12,12,8,2,0,0,0,0,0,0,0,1,1,6,6,1,37,7,1596,1,14,FORD FOCUS,6,E01013672,0,-1
2023332301194,2023,332301194,1,9,0,3,3,4,8,0,0,1,0,0,0,0,2,1,6,6,2,46,8,998,1,9,FORD FOCUS,5,E01019837,0,-1
2023451370662,2023,451370662,2,9,0,18,19,7,3,0,0,0,0,0,0,0,2,1,1,1,1,28,6,1995,2,2,FORD FOCUS,7,E01030621,0,-1
2023061265036,2023,061265036,1,9,0,9,9,1,3,0,0,1,0,0,1,0,2,1,6,6,1,20,4,1496,1,4,FORD FOCUS,4,E01005436,0,-1
2023010491698,2023,010491698,1,9,0,18,19,5,1,0,0,1,0,0,0,0,4,1,6,6,2,45,7,1596,1,16,FORD FOCUS,5,E01004056,0,-1
2023411296140,2023,411296140,1,9,0,18,19,1,5,0,0,0,0,0,0,0,4,1,6,6,2,-1,-1,1753,2,15,FORD FOCUS,-1,-1,0,-1
2023131266329,2023,131266329,1,9,0,4,4,1,5,0,0,8,0,0,0,0,2,1,5,6,1,35,6,1499,2,6,FORD FOCUS,3,E01007465,0,-1
2023501370810,2023,501370810,1,9,0,9,9,1,7,0,0,8,0,0,0,0,4,1,6,6,1,75,10,1596,1,19,FORD FOCUS,5,E01029143,0,-1
2023122301320,2023,122301320,1,9,0,18,19,1,5,0,0,8,5,9,3,1,1,1,6,6,2,40,7,999,8,0,FORD FOCUS,1,E01025083,0,-1
2023461311262,2023,461311262,7,9,0,2,2,0,0,0,0,0,0,0,0,0,1,1,6,6,3,-1,-1,1798,1,13,FORD FOCUS,-1,-1,0,-1
2023440318114,2023,440318114,1,9,0,18,19,3,7,0,0,1,0,0,0,0,1,1,6,6,1,25,5,1596,1,14,FORD FOCUS,7,E01032881,0,-1
2023041335508,2023,041335508,1,9,0,18,19,3,7,0,0,1,0,0,0,0,1,1,1,1,1,46,8,1596,1,18,FORD FOCUS,8,E01025052,0,-1
2023131292943,2023,131292943,1,9,0,9,9,5,7,0,0,1,0,0,0,0,1,1,5,6,1,32,6,1999,1,18,FORD FOCUS,2,E01010718,0,-1
2023451311445,2023,451311445,2,9,0,18,19,5,1,0,0,0,0,0,0,0,0,1,1,1,1,31,6,1995,2,1,FORD FOCUS,8,E01030450,0,-1
2023501269028,2023,501269028,2,9,0,2,2,0,0,0,0,1,0,0,0,0,1,1,1,1,1,29,6,1560,2,10,FORD FOCUS,6,E01020160,0,-1
2023052302155,2023,052302155,2,9,0,18,19,1,5,0,0,8,0,0,0,0,2,1,2,2,2,25,5,1596,1,18,FORD FOCUS,1,E01007090,0,-1
2023201365603,2023,201365603,1,9,0,18,19,1,5,0,0,1,0,0,0,0,1,1,5,6,1,19,4,999,1,5,FORD FOCUS,3,E01010451,0,-1
2023461377937,2023,461377937,1,9,0,18,19,3,7,0,0,0,0,0,0,0,3,1,6,6,3,-1,-1,1499,2,1,FORD FOCUS,-1,-1,0,-1
2023070663076,2023,070663076,1,9,0,9,9,8,4,0,0,8,0,0,0,0,1,1,2,2,2,19,4,999,1,3,FORD FOCUS,-1,-1,0,-1
2023991280990,2023,991280990,2,9,0,18,19,3,7,0,0,8,0,0,1,11,3,1,5,6,1,58,9,1596,1,10,FORD FOCUS,9,-1,0,-1
2023302301191,2023,302301191,2,9,0,18,19,6,2,0,0,8,0,0,0,0,1,1,6,6,1,69,10,1596,1,11,FORD FOCUS,8,E01019707,0,-1
2023010445343,2023,010445343,1,9,0,3,3,5,1,6,6,2,0,0,0,0,0,1,6,6,1,-1,-1,1596,1,18,FORD FOCUS,2,E01000938,0,-1
2023201296536,2023,201296536,1,9,0,18,19,6,2,0,0,0,0,0,0,0,1,1,6,6,1,-1,-1,999,1,8,FORD FOCUS,2,E01009998,0,-1
2023041288028,2023,041288028,2,9,0,18,19,2,8,0,0,1,0,0,0,0,3,1,5,6,1,41,7,1560,2,11,FORD FOCUS,3,E01024903,0,-1
2023991288711,2023,991288711,2,9,0,18,19,5,1,0,0,0,0,0,1,0,0,1,5,6,1,51,8,1560,2,10,FORD FOCUS,7,-1,0,-1
2023461333715,2023,461333715,1,9,0,18,19,7,3,0,0,4,0,0,0,0,1,1,6,6,1,-1,-1,1499,2,3,FORD FOCUS,3,E01026117,0,-1
2023071029006,2023,071029006,1,9,0,7,7,6,2,0,0,1,0,0,0,0,1,1,6,6,1,-1,-1,1596,1,15,FORD FOCUS,-1,-1,0,-1
2023501277308,2023,501277308,2,9,0,6,6,3,3,0,0,4,0,0,0,0,1,1,5,6,1,56,9,1560,2,12,FORD FOCUS,5,E01018798,0,-1
2023461353791,2023,461353791,2,9,0,7,7,3,7,0,0,0,0,0,0,0,3,1,6,6,1,30,6,999,1,7,FORD FOCUS,4,E01024694,0,-1
2023411359430,2023,411359430,1,9,0,5,5,1,5,0,0,4,0,0,0,0,1,1,5,6,1,49,8,999,1,4,FORD FOCUS,5,E01023790,0,-1
2023061270331,2023,061270331,1,9,0,5,5,1,5,0,0,1,0,0,0,0,1,1,5,6,1,30,6,1596,1,13,FORD FOCUS,2,E01033675,0,-1
2023430222395,2023,430222395,1,9,0,18,19,4,8,0,0,0,0,0,0,0,1,1,6,6,1,45,7,1596,1,14,FORD FOCUS,7,E01016307,0,-1
2023070198752,2023,070198752,1,9,0,5,5,8,4,0,0,0,0,0,0,0,1,1,6,6,1,75,10,1560,2,11,FORD FOCUS,4,E01018747,0,-1
2023201295240,2023,201295240,2,9,0,17,19,4,1,0,0,2,0,0,0,0,3,1,6,6,2,52,8,998,1,11,FORD FOCUS,4,E01009866,0,-1
2023010461431,2023,010461431,7,9,0,18,19,7,3,0,0,1,0,0,0,0,0,1,1,1,1,23,5,1496,1,2,FORD FOCUS,-1,-1,0,-1
2023991393154,2023,991393154,1,9,0,7,7,8,3,0,0,3,0,0,0,0,1,1,6,6,1,54,8,2261,1,3,FORD FOCUS,2,-1,0,-1
2023471355295,2023,471355295,2,9,0,17,19,8,5,0,0,0,0,0,0,0,1,1,2,2,2,47,8,999,1,8,FORD FOCUS,-1,-1,0,-1
2023221324582,2023,221324582,2,9,0,18,19,3,7,0,0,1,0,0,0,0,1,1,2,2,2,38,7,1596,1,12,FORD FOCUS,-1,-1,0,-1
2023010482534,2023,010482534,1,9,9,99,99,9,9,0,0,0,9,4,0,0,9,1,6,6,2,-1,-1,1596,1,16,FORD FOCUS,6,E01003254,0,-1
2023320544832,2023,320544832,1,9,0,18,19,3,7,0,0,1,0,0,0,0,1,1,2,2,1,34,6,1499,2,8,FORD FOCUS,7,E01026257,0,-1
2023610029023,2023,610029023,1,9,0,18,19,2,6,0,0,0,0,0,0,0,1,1,2,2,1,68,10,1560,2,10,FORD FOCUS,6,W01001593,0,-1
2023522400298,2023,522400298,1,9,0,18,19,4,8,0,0,8,0,0,0,0,1,1,6,6,1,56,9,1596,1,22,FORD FOCUS,8,E01014721,0,-1
2023451392465,2023,451392465,1,9,0,3,3,1,3,0,0,0,0,0,0,0,2,1,6,6,1,31,6,1499,2,4,FORD FOCUS,7,E01024790,0,-1