collision_index,collision_year,collision_ref_no,vehicle_reference,vehicle_type,towing_and_articulation,vehicle_manoeuvre_historic,vehicle_manoeuvre,vehicle_direction_from,vehicle_direction_to,vehicle_location_restricted_lane_historic,vehicle_location_restricted_lane,junction_location,skidding_and_overturning,hit_object_in_carriageway,vehicle_leaving_carriageway,hit_object_off_carriageway,first_point_of_impact,vehicle_left_hand_drive,journey_purpose_of_driver_historic,journey_purpose_of_driver,sex_of_driver,age_of_driver,age_band_of_driver,engine_capacity_cc,propulsion_code,age_of_vehicle,generic_make_model,driver_imd_decile,lsoa_of_driver,escooter_flag,driver_distance_banding
2023161344326,2023,161344326,1,9,0,9,9,8,6,0,0,6,0,0,0,0,3,1,5,6,1,87,11,998,1,9,FORD FOCUS,8,E01013226,0,-1
2023041366186,2023,041366186,2,9,0,9,9,3,7,0,0,0,0,0,0,0,1,1,5,6,1,41,7,1596,1,18,FORD FOCUS,1,E01012641,0,-1
2023141349273,2023,141349273,1,9,0,18,19,8,4,0,0,0,0,0,0,0,1,1,5,6,1,50,8,1499,2,6,FORD FOCUS,4,E01007788,0,-1
2023010429556,2023,010429556,1,9,0,9,9,4,1,0,0,1,0,0,3,0,4,1,6,6,1,58,9,999,1,1,FORD FOCUS,7,E01000714,0,-1
2023201277815,2023,201277815,2,9,0,18,19,8,4,0,0,8,0,0,0,0,4,1,6,6,1,42,7,1560,2,9,FORD FOCUS,1,E01010466,0,-1
2023221332567,2023,221332567,2,9,0,16,19,5,7,0,0,0,1,0,0,0,1,1,6,6,1,27,6,1596,1,15,FORD FOCUS,-1,-1,0,-1
2023201358378,2023,201358378,1,9,0,1,1,8,4,0,0,2,0,0,0,0,2,1,6,6,1,-1,-1,1560,2,11,FORD FOCUS,6,E01009737,0,-1
2023461398622,2023,461398622,1,9,0,4,4,4,8,0,0,0,0,0,0,0,1,1,6,6,1,37,7,1560,2,10,FORD FOCUS,6,E01024847,0,-1
2023161378723,2023,161378723,1,9,0,17,19,7,3,0,0,0,2,0,1,9,1,1,5,6,1,27,6,1997,2,6,FORD FOCUS,-1,-1,0,-1
2023440245788,2023,440245788,1,9,0,4,4,1,5,0,0,8,0,0,0,0,2,1,2,2,2,37,7,999,1,2,FORD FOCUS,5,E01017068,0,-1
2023201315104,2023,201315104,2,9,0,4,4,2,6,0,0,0,0,0,0,0,2,1,6,6,1,20,4,999,1,6,FORD FOCUS,5,E01031021,0,-1
2023010440814,2023,010440814,2,9,0,99,99,9,9,99,99,9,9,99,9,99,2,9,6,6,3,-1,-1,1596,1,14,FORD FOCUS,-1,-1,0,-1
2023010427150,2023,010427150,2,9,0,99,99,9,9,99,99,9,9,99,9,99,1,9,6,6,2,28,6,1596,1,10,FORD FOCUS,8,E01015551,0,-1
2023010440753,2023,010440753,1,9,0,99,99,9,9,99,99,0,9,99,9,99,9,9,6,6,2,29,6,1596,1,9,FORD FOCUS,1,E01000917,0,-1
2023010459687,2023,010459687,1,9,0,18,19,5,1,0,0,1,0,0,0,0,1,1,6,6,2,66,10,1596,1,15,FORD FOCUS,6,E01001539,0,-1
2023010455202,2023,010455202,1,9,0,18,19,3,7,9,9,1,0,0,1,10,1,1,6,6,1,-1,-1,1596,1,15,FORD FOCUS,-1,-1,0,-1
2023451363005,2023,451363005,1,9,0,16,19,7,3,0,0,0,0,0,0,0,4,1,5,6,1,25,5,1560,2,9,FORD FOCUS,8,E01030529,0,-1
2023451330769,2023,451330769,1,9,0,9,9,3,5,0,0,1,0,0,0,0,1,1,6,6,1,55,8,1560,2,10,FORD FOCUS,6,E01030586,0,-1
2023010477057,2023,010477057,2,9,0,5,5,0,2,0,0,0,0,0,0,0,1,1,3,7,1,43,7,998,1,10,FORD FOCUS,8,E01001544,0,-1
2023421354147,2023,421354147,1,9,0,4,4,5,1,0,0,0,0,0,0,0,1,1,5,6,1,29,6,1499,2,8,FORD FOCUS,1,E01015887,0,-1
2023471287657,2023,471287657,1,9,0,18,19,4,8,0,0,0,1,0,7,4,1,1,5,6,1,19,4,1596,1,18,FORD FOCUS,5,E01031401,0,-1
2023351272856,2023,351272856,2,9,0,4,4,8,4,0,0,8,0,0,0,0,1,1,3,7,1,33,6,1596,1,21,FORD FOCUS,5,E01018080,0,-1
2023520300492,2023,520300492,1,9,0,18,19,1,5,0,0,8,0,0,0,0,4,1,6,6,1,54,8,1999,1,14,FORD FOCUS,2,E01029236,0,-1
2023421284247,2023,421284247,2,9,0,7,7,1,3,0,0,5,1,0,0,0,3,1,5,6,1,31,6,2521,1,13,FORD FOCUS,3,E01015868,0,-1
2023010447357,2023,010447357,1,9,0,18,19,5,1,0,0,2,0,0,0,0,3,1,6,6,1,46,8,1596,1,9,FORD FOCUS,2,E01000992,0,-1
2023461377848,2023,461377848,1,9,0,18,19,3,7,0,0,0,0,0,0,0,1,1,3,7,2,34,6,1997,2,11,FORD FOCUS,5,E01024427,0,-1
2023010453653,2023,010453653,1,9,0,13,13,6,2,0,0,0,1,0,0,0,4,1,6,6,1,-1,-1,1596,1,15,FORD FOCUS,-1,-1,0,-1
2023070419436,2023,070419436,1,9,0,15,15,1,5,0,0,0,0,0,0,0,1,1,6,6,2,44,7,998,1,9,FORD FOCUS,9,E01018634,0,-1
2023111330564,2023,111330564,2,9,0,16,19,5,1,0,0,0,0,0,0,0,1,1,6,6,2,39,7,1560,2,10,FORD FOCUS,4,E01011990,0,-1
2023320722290,2023,320722290,1,9,0,9,9,6,4,0,0,6,0,0,0,0,1,1,6,6,1,23,5,1999,1,17,FORD FOCUS,-1,-1,0,-1
2023231277128,2023,231277128,1,9,0,5,5,8,4,0,0,0,0,0,1,10,1,1,5,6,1,33,6,1997,2,17,FORD FOCUS,3,E01015973,0,-1
2023010447265,2023,010447265,2,9,9,99,99,9,9,99,99,9,9,99,9,99,9,9,6,6,3,51,8,999,1,5,FORD FOCUS,6,E01004107,0,-1
2023451357277,2023,451357277,1,9,0,9,9,5,1,0,0,0,0,0,0,0,1,1,5,6,1,57,9,1560,2,11,FORD FOCUS,3,E01031791,0,-1
2023211375378,2023,211375378,1,9,0,18,19,4,7,0,0,0,5,0,0,0,1,1,2,2,1,47,8,1596,1,16,FORD FOCUS,2,E01014278,0,-1
2023401346356,2023,401346356,2,9,0,18,19,5,1,0,0,8,0,0,0,0,3,1,6,6,1,38,7,1596,1,16,FORD FOCUS,8,E01017583,0,-1
2023421305538,2023,421305538,1,9,0,18,19,1,7,0,0,0,0,0,0,0,4,1,6,6,1,75,10,1596,1,19,FORD FOCUS,3,E01021811,0,-1
2023501307679,2023,501307679,2,9,0,2,2,0,0,0,0,0,0,0,0,0,3,1,6,6,2,61,9,2261,1,1,FORD FOCUS,8,E01015211,0,-1
2023302301884,2023,302301884,1,9,0,5,5,3,7,0,0,2,0,0,0,0,3,1,6,6,2,29,6,1560,2,13,FORD FOCUS,9,E01019599,0,-1
2023010469570,2023,010469570,2,9,0,2,2,0,0,0,0,2,0,0,0,0,1,1,6,6,3,-1,-1,1798,1,16,FORD FOCUS,-1,-1,0,-1
2023421335512,2023,421335512,1,9,0,17,19,2,8,0,0,1,1,0,0,0,4,1,6,6,1,25,5,1596,1,17,FORD FOCUS,6,E01021879,0,-1
2023332301288,2023,332301288,1,9,0,18,19,1,5,0,0,8,0,0,0,0,3,1,6,6,1,68,10,1596,1,18,FORD FOCUS,3,E01013611,0,-1
2023501283600,2023,501283600,1,9,0,17,19,1,5,0,0,0,2,0,1,0,1,1,5,6,1,20,4,1999,1,6,FORD FOCUS,9,E01015126,0,-1
2023141288039,2023,141288039,1,9,0,7,7,6,1,0,0,1,1,0,0,0,1,1,5,6,2,52,8,999,1,2,FORD FOCUS,3,E01007966,0,-1
2023461323742,2023,461323742,1,9,0,13,13,5,1,0,0,0,0,0,0,0,1,1,6,6,1,43,7,1596,1,12,FORD FOCUS,4,E01024086,0,-1
2023052300812,2023,052300812,2,9,0,18,19,3,7,0,0,0,0,0,0,0,3,1,6,6,3,-1,-1,1496,1,4,FORD FOCUS,-1,-1,0,-1
2023201318990,2023,201318990,2,9,0,18,19,7,3,0,0,0,0,0,0,0,3,1,6,6,1,22,5,999,1,7,FORD FOCUS,1,E01009375,0,-1
2023010461326,2023,010461326,2,9,0,18,19,1,5,0,0,1,0,0,0,0,1,1,6,6,3,-1,-1,1596,1,8,FORD FOCUS,-1,-1,0,-1
2023041294427,2023,041294427,1,9,0,9,9,6,4,0,0,6,0,0,0,0,4,1,5,6,1,59,9,998,1,9,FORD FOCUS,4,E01012668,0,-1
2023302300338,2023,302300338,1,9,0,9,9,5,4,0,0,1,0,0,0,0,1,1,6,6,2,52,8,1499,2,3,FORD FOCUS,6,E01019651,0,-1
2023430124904,2023,430124904,1,9,0,9,9,7,5,0,0,7,0,0,0,0,1,1,6,6,1,30,6,1596,1,16,FORD FOCUS,-1,-1,0,-1
2023991378257,2023,991378257,2,9,0,7,7,1,4,0,0,6,0,0,0,0,1,1,6,6,1,52,8,1499,2,6,FORD FOCUS,1,-1,0,-1
2023010419625,2023,010419625,2,9,0,99,99,9,9,99,99,9,9,99,9,99,9,9,6,6,3,-1,-1,1596,1,10,FORD FOCUS,-1,-1,0,-1
2023351323239,2023,351323239,1,9,0,5,5,3,7,0,0,0,0,0,0,0,1,1,6,6,1,40,7,1997,2,16,FORD FOCUS,1,E01015616,0,-1
2023622300588,2023,622300588,2,9,0,9,9,2,8,0,0,8,0,0,0,0,1,1,6,6,1,36,7,1560,2,10,FORD FOCUS,2,W01000856,0,-1
2023461350329,2023,461350329,1,9,0,18,19,7,3,0,0,8,0,0,0,0,3,1,1,1,1,35,6,999,1,1,FORD FOCUS,-1,-1,0,-1
2023471360589,2023,471360589,3,9,0,2,2,0,0,0,0,0,0,0,0,0,3,1,6,6,3,-1,-1,1753,2,17,FORD FOCUS,-1,-1,0,-1
2023131304068,2023,131304068,2,9,0,18,19,3,7,0,0,2,0,0,0,0,1,1,5,6,1,48,8,1560,2,16,FORD FOCUS,9,E01011844,0,-1
2023991377845,2023,991377845,1,9,0,9,9,1,3,0,0,1,0,0,0,0,1,1,5,6,2,18,4,1499,2,2,FORD FOCUS,5,-1,0,-1
2023201307416,2023,201307416,1,9,0,10,10,8,6,0,0,8,0,0,0,0,1,1,6,6,2,38,7,999,1,5,FORD FOCUS,7,E01010246,0,-1
2023601067977,2023,601067977,1,9,0,18,19,5,1,0,0,0,0,0,1,10,1,1,6,6,1,21,5,999,1,7,FORD FOCUS,2,E01018314,0,-1
2023522301284,2023,522301284,2,9,0,1,1,5,1,0,0,0,0,0,0,0,2,1,6,6,1,30,6,1798,1,13,FORD FOCUS,2,E01014575,0,-1
2023332301215,2023,332301215,1,9,0,18,19,5,1,0,0,8,0,0,0,0,1,1,6,6,1,35,6,1499,2,7,FORD FOCUS,10,E01025649,0,-1
2023311348019,2023,311348019,2,9,0,2,2,0,0,0,0,1,0,0,0,0,2,1,6,6,3,-1,-1,1560,2,11,FORD FOCUS,-1,-1,0,-1
2023451316012,2023,451316012,2,9,0,18,19,2,6,0,0,0,0,0,0,0,2,1,5,6,2,70,10,998,1,9,FORD FOCUS,10,E01030871,0,-1
2023531276717,2023,531276717,1,9,0,18,19,7,3,0,0,0,0,0,0,0,1,1,5,6,2,76,11,1496,1,5,FORD FOCUS,6,E01022303,0,-1
2023041387810,2023,041387810,1,9,0,7,7,1,7,0,0,0,0,0,0,0,1,1,5,6,1,36,7,999,1,4,FORD FOCUS,2,E01025044,0,-1
2023052301558,2023,052301558,1,9,0,18,19,6,2,0,0,0,0,0,0,0,1,1,6,6,2,34,6,999,1,2,FORD FOCUS,4,E01006543,0,-1
2023231297377,2023,231297377,1,9,0,7,7,3,4,0,0,6,0,0,0,0,2,1,5,6,1,78,11,1596,1,14,FORD FOCUS,10,E01031296,0,-1
2023440394728,2023,440394728,1,9,0,16,19,8,4,0,0,8,0,0,0,0,1,1,2,2,1,32,6,1798,1,14,FORD FOCUS,4,E01022988,0,-1
2023031332338,2023,031332338,1,9,0,18,19,1,5,0,0,1,5,0,7,0,3,1,5,6,1,32,6,1560,2,15,FORD FOCUS,10,-1,0,-1
2023061272411,2023,061272411,3,9,0,4,4,4,4,0,0,0,0,0,0,0,1,1,6,6,1,47,8,999,1,4,FORD FOCUS,6,E01006143,0,-1
2023991387622,2023,991387622,3,9,0,18,19,3,7,0,0,0,0,0,0,0,2,1,6,6,1,49,8,1499,2,2,FORD FOCUS,9,-1,0,-1
2023211285570,2023,211285570,2,9,0,1,1,3,8,0,0,1,0,0,0,0,1,1,6,6,3,-1,-1,1753,2,15,FORD FOCUS,-1,-1,0,-1
2023052301380,2023,052301380,2,9,0,18,19,5,1,0,0,1,0,0,0,0,4,1,6,6,1,27,6,1596,1,13,FORD FOCUS,2,E01006726,0,-1
2023991352413,2023,991352413,3,9,0,18,19,7,2,0,0,0,0,0,0,0,2,1,2,2,1,23,5,999,1,4,FORD FOCUS,1,-1,0,-1
2023010465062,2023,010465062,1,9,0,5,5,0,5,0,0,6,0,0,0,0,1,1,6,6,1,39,7,1596,1,12,FORD FOCUS,-1,-1,0,-1
2023991363528,2023,991363528,1,9,0,16,19,7,2,0,0,0,1,0,7,4,3,1,1,1,1,37,7,999,1,1,FORD FOCUS,6,-1,0,-1
2023010437189,2023,010437189,2,9,0,99,99,9,9,99,99,9,0,0,9,0,0,9,6,6,3,-1,-1,1596,1,7,FORD FOCUS,-1,-1,0,-1
2023332300375,2023,332300375,3,9,0,18,19,5,1,0,0,2,0,0,0,0,3,1,2,2,1,39,7,1560,2,11,FORD FOCUS,9,E01025611,0,-1
2023122301244,2023,122301244,2,9,0,18,19,5,1,0,0,0,0,0,1,0,1,1,6,6,1,55,8,999,1,3,FORD FOCUS,7,E01027924,0,-1
2023552301250,2023,552301250,1,9,0,7,7,4,7,0,0,5,0,0,0,0,1,1,6,6,2,68,10,1596,1,18,FORD FOCUS,4,E01015339,0,-1
2023010465807,2023,010465807,2,9,9,99,99,9,9,99,99,9,9,99,9,99,9,9,6,6,3,-1,-1,999,1,0,FORD FOCUS,6,E01004164,0,-1
2023201328629,2023,201328629,1,9,0,18,19,4,8,0,0,1,0,0,0,0,3,1,6,6,1,39,7,999,1,3,FORD FOCUS,1,E01009375,0,-1
2023546269423,2023,546269423,3,9,0,4,4,2,6,0,0,2,0,0,0,0,2,1,6,6,1,41,7,1499,2,5,FORD FOCUS,10,E01022417,0,-1
2023070529734,2023,070529734,2,9,0,10,10,5,1,0,0,1,0,0,0,0,2,1,6,6,1,26,6,998,1,11,FORD FOCUS,5,E01012411,0,-1
2023320756583,2023,320756583,1,9,0,18,19,2,6,0,0,1,0,0,0,0,1,1,6,6,1,69,10,1596,1,20,FORD FOCUS,1,E01026073,0,-1
2023052300609,2023,052300609,2,9,0,18,19,4,8,0,0,8,0,0,4,0,4,1,6,6,2,40,7,1596,1,16,FORD FOCUS,5,E01006553,0,-1
2023201278592,2023,201278592,1,9,0,18,19,8,4,0,0,0,0,4,0,0,1,1,6,6,1,55,8,1596,1,16,FORD FOCUS,1,E01009048,0,-1
2023411297743,2023,411297743,1,9,0,13,13,2,6,0,0,0,0,0,0,0,0,1,6,6,1,49,8,998,1,10,FORD FOCUS,10,E01023432,0,-1
2023430283077,2023,430283077,1,9,0,18,19,8,4,0,0,0,1,0,7,9,3,1,6,6,1,46,8,1753,2,15,FORD FOCUS,7,W01000131,0,-1
2023340WN1132,2023,340WN1132,2,9,0,18,19,1,5,0,0,8,0,0,0,0,4,1,6,6,1,77,11,1499,2,8,FORD FOCUS,7,E01027129,0,-1
2023501377797,2023,501377797,1,9,0,18,19,6,2,0,0,0,0,0,0,0,2,1,5,6,2,33,6,998,1,9,FORD FOCUS,9,E01019017,0,-1
2023211322096,2023,211322096,1,9,-1,9,9,4,2,-1,-1,-1,-1,-1,-1,0,-1,1,6,6,2,64,9,1997,2,7,FORD FOCUS,6,E01029461,0,-1
2023052301137,2023,052301137,1,9,0,8,8,1,3,0,0,5,0,0,0,0,3,1,6,6,1,32,6,999,1,5,FORD FOCUS,1,E01006698,0,-1
2023141327323,2023,141327323,2,9,0,4,4,3,7,0,0,0,0,0,0,0,1,1,6,6,1,50,8,1499,2,1,FORD FOCUS,1,E01007341,0,-1
2023351377087,2023,351377087,1,9,0,18,19,3,7,0,0,1,0,0,0,0,1,1,5,6,1,82,11,1596,1,15,FORD FOCUS,2,E01018068,0,-1
2023440186616,2023,440186616,2,9,0,18,19,4,8,0,0,1,1,0,0,0,1,1,1,1,1,-1,-1,1498,1,6,FORD FOCUS,6,E01023143,0,-1
2023371278445,2023,371278445,2,9,0,18,19,4,8,0,0,2,0,0,0,0,3,1,5,6,1,18,4,1560,2,15,FORD FOCUS,2,E01030024,0,-1
2023471292871,2023,471292871,3,9,0,18,19,1,5,0,0,1,0,0,0,0,1,1,1,1,1,29,6,1560,2,15,FORD FOCUS,5,E01021084,0,-1
2023430505618,2023,430505618,2,9,0,17,19,5,2,0,0,0,0,0,1,0,1,1,2,2,1,43,7,1560,2,10,FORD FOCUS,-1,-1,0,-1
202360A120918,2023,60A120918,2,9,0,18,19,8,2,0,0,8,0,0,1,0,1,1,6,6,2,37,7,1560,2,10,FORD FOCUS,-1,-1,0,-1
2023302301870,2023,302301870,2,9,0,18,19,4,8,0,0,2,0,0,0,0,2,1,6,6,2,61,9,1499,2,8,FORD FOCUS,6,E01019654,0,-1
2023010444691,2023,010444691,1,9,0,3,3,8,4,0,0,0,0,0,0,0,2,1,1,1,2,62,9,998,1,9,FORD FOCUS,2,E01002637,0,-1
2023211340141,2023,211340141,2,9,0,18,19,4,8,0,0,1,0,0,0,0,2,1,6,6,1,57,9,1753,2,17,FORD FOCUS,-1,-1,0,-1
2023052301819,2023,052301819,1,9,0,12,12,2,6,0,0,1,0,0,0,0,2,1,6,6,1,52,8,1596,1,17,FORD FOCUS,1,E01006765,0,-1
2023131343169,2023,131343169,2,9,0,18,19,5,1,0,0,0,0,0,0,0,1,1,2,2,1,41,7,1596,1,19,FORD FOCUS,1,E01011973,0,-1
2023340NN3732,2023,340NN3732,1,9,0,16,19,4,8,0,0,1,0,0,0,10,1,1,6,6,2,42,7,1560,2,9,FORD FOCUS,7,E01027076,0,-1
2023010469338,2023,010469338,1,9,0,4,4,1,5,0,0,2,0,0,0,0,2,1,6,6,1,30,6,999,1,3,FORD FOCUS,2,E01003619,0,-1
2023010449888,2023,010449888,1,9,0,4,4,2,6,0,0,0,0,0,0,0,1,1,6,6,1,48,8,1596,1,16,FORD FOCUS,2,E01003501,0,-1
2023010480165,2023,010480165,6,9,0,2,2,0,0,0,0,1,0,0,0,0,3,1,6,6,3,-1,-1,1596,1,15,FORD FOCUS,-1,-1,0,-1
2023031266520,2023,031266520,1,9,0,7,7,5,1,0,0,3,0,0,0,0,1,1,5,6,2,52,8,999,1,7,FORD FOCUS,-1,-1,0,-1
2023010438213,2023,010438213,2,9,0,18,19,1,5,0,0,8,0,0,0,0,1,1,6,6,1,-1,-1,999,1,6,FORD FOCUS,-1,-1,0,-1
2023340NN1192,2023,340NN1192,2,9,0,18,19,3,6,0,0,2,0,0,0,0,2,1,6,6,1,57,9,1499,2,8,FORD FOCUS,10,E01027046,0,-1
2023010480494,2023,010480494,1,9,0,18,19,1,5,0,0,1,0,0,0,0,2,1,6,6,1,69,10,1596,1,13,FORD FOCUS,8,E01023486,0,-1
2023401388629,2023,401388629,1,9,0,-1,-1,-1,-1,0,0,0,0,0,0,0,1,1,6,6,2,33,6,1596,1,15,FORD FOCUS,8,E01027101,0,-1
2023052300145,2023,052300145,1,9,0,3,3,5,1,0,0,4,0,0,0,0,2,1,6,6,2,42,7,1753,2,15,FORD FOCUS,1,E01007048,0,-1
2023471298627,2023,471298627,1,9,0,6,6,6,6,0,0,0,0,0,0,0,3,1,1,1,2,55,8,1499,2,7,FORD FOCUS,3,E01031830,0,-1
2023201363364,2023,201363364,3,9,0,3,3,6,2,0,0,2,0,0,0,0,2,1,6,6,2,49,8,998,1,10,FORD FOCUS,1,E01010375,0,-1
2023421375849,2023,421375849,2,9,0,18,19,1,5,0,0,0,0,0,0,0,1,1,6,6,1,42,7,1999,1,17,FORD FOCUS,10,E01021519,0,-1
2023010454283,2023,010454283,2,9,0,99,99,9,9,99,99,9,9,99,9,99,1,9,6,6,3,-1,-1,1499,2,7,FORD FOCUS,-1,-1,0,-1
2023041306983,2023,041306983,1,9,0,9,9,3,1,9,9,0,0,0,0,0,1,1,5,6,2,42,7,1997,2,9,FORD FOCUS,6,E01025548,0,-1
2023070533871,2023,070533871,1,9,0,5,5,3,6,0,0,4,0,0,0,0,1,1,6,6,1,-1,-1,999,1,5,FORD FOCUS,10,E01018589,0,-1
2023161366175,2023,161366175,1,9,0,18,19,8,4,0,0,0,0,0,8,0,1,1,2,2,1,51,8,1753,2,16,FORD FOCUS,-1,-1,0,-1
202363D008223,2023,63D008223,1,9,0,18,19,8,4,0,0,0,1,4,0,0,1,1,6,6,1,30,6,2521,1,16,FORD FOCUS,3,W01000928,0,-1
2023041378893,2023,041378893,1,9,0,17,19,8,4,1,1,0,0,0,0,0,1,1,6,6,1,53,8,1999,1,8,FORD FOCUS,9,E01006319,0,-1
2023221352021,2023,221352021,2,9,0,10,10,3,1,0,0,1,0,10,1,2,3,1,6,6,1,70,10,1997,2,6,FORD FOCUS,6,E01028857,0,-1
2023221301124,2023,221301124,2,9,0,18,19,8,4,0,0,0,0,0,0,0,0,1,6,6,3,42,7,999,1,7,FORD FOCUS,-1,-1,0,-1
2023061312415,2023,061312415,1,9,0,18,19,1,1,0,0,8,0,0,0,0,2,1,5,6,1,29,6,999,1,1,FORD FOCUS,4,E01006332,0,-1
2023622300393,2023,622300393,1,9,0,17,19,4,8,0,0,0,1,0,0,0,1,1,6,6,2,34,6,1753,2,14,FORD FOCUS,3,W01001286,0,-1
2023161392478,2023,161392478,1,9,0,9,9,5,3,0,0,8,0,0,0,0,1,1,5,6,2,61,9,1997,2,17,FORD FOCUS,1,E01012858,0,-1
2023041340421,2023,041340421,1,9,0,18,19,5,1,0,0,0,0,0,0,0,4,1,1,1,1,37,7,1596,1,19,FORD FOCUS,3,E01025312,0,-1
2023101311993,2023,101311993,1,9,0,18,19,5,1,0,0,0,0,0,0,0,1,1,5,6,1,27,6,1596,1,11,FORD FOCUS,2,E01008477,0,-1
2023401347105,2023,401347105,2,9,0,2,2,0,0,0,0,0,0,0,7,0,1,1,5,6,1,39,7,1798,1,14,FORD FOCUS,8,E01017480,0,-1
2023471339077,2023,471339077,2,9,0,18,19,1,1,0,0,1,0,0,0,0,3,1,5,6,1,91,11,1798,1,13,FORD FOCUS,6,E01031827,0,-1
2023991337270,2023,991337270,2,9,0,18,19,3,7,0,0,8,0,0,0,0,4,1,2,2,2,48,8,998,1,9,FORD FOCUS,5,-1,0,-1
2023451276310,2023,451276310,2,9,0,11,11,4,8,0,0,0,0,0,0,0,2,1,5,6,1,56,9,1388,1,20,FORD FOCUS,7,E01002999,0,-1
202360A179634,2023,60A179634,1,9,0,18,19,2,6,0,0,8,0,0,0,0,1,1,6,6,1,24,5,1999,1,7,FORD FOCUS,-1,-1,0,-1
2023141375265,2023,141375265,2,9,0,18,19,2,6,0,0,0,0,0,0,0,2,1,5,6,2,34,6,999,1,2,FORD FOCUS,9,E01007709,0,-1
2023231307618,2023,231307618,1,9,0,9,9,2,8,0,0,6,0,0,7,0,4,1,5,6,1,30,6,1596,1,15,FORD FOCUS,5,E01031203,0,-1
2023471322478,2023,471322478,2,9,0,18,19,7,3,0,0,0,0,0,0,0,2,1,5,6,1,40,7,1560,2,12,FORD FOCUS,7,E01021181,0,-1
2023010456094,2023,010456094,2,9,0,18,19,5,1,0,0,8,0,0,0,0,1,1,6,6,1,24,5,999,1,2,FORD FOCUS,3,E01003586,0,-1
2023201416954,2023,201416954,1,9,0,18,19,4,8,2,2,8,0,0,0,0,1,1,6,6,1,21,5,1596,1,18,FORD FOCUS,10,E01010180,0,-1
2023061314293,2023,061314293,1,9,0,7,7,4,3,0,0,0,0,0,0,0,1,1,5,6,1,57,9,1560,2,10,FORD FOCUS,1,E01005709,0,-1
2023501320498,2023,501320498,1,9,0,18,19,6,2,0,0,0,1,7,0,0,3,1,2,2,2,35,6,1499,2,6,FORD FOCUS,4,E01018952,0,-1
2023371318133,2023,371318133,1,9,0,18,19,7,3,0,0,0,0,0,0,0,1,1,6,6,2,46,8,1596,1,19,FORD FOCUS,9,E01030127,0,-1
202360A082066,2023,60A082066,2,9,0,18,19,7,3,0,0,0,0,0,0,0,3,1,6,6,2,20,4,1999,1,8,FORD FOCUS,-1,-1,0,-1
2023440304847,2023,440304847,1,9,0,18,19,8,4,0,0,8,1,7,0,0,4,1,1,1,1,37,7,1496,1,3,FORD FOCUS,4,E01017235,0,-1
2023052300118,2023,052300118,2,9,0,18,19,1,5,0,0,8,0,0,0,0,1,1,6,6,2,41,7,999,1,6,FORD FOCUS,1,E01006436,0,-1
2023031341209,2023,031341209,2,9,0,13,13,4,8,0,0,0,0,0,0,0,4,1,6,6,2,-1,-1,1499,2,6,FORD FOCUS,-1,-1,0,-1
2023031344847,2023,031344847,2,9,0,18,19,2,3,0,0,0,0,0,0,0,3,1,6,6,1,40,7,1499,2,5,FORD FOCUS,9,E01019261,0,-1
2023141378703,2023,141378703,1,9,0,18,19,1,5,0,0,0,0,0,0,0,2,1,2,2,1,40,7,1560,2,9,FORD FOCUS,9,E01019804,0,-1
2023010462126,2023,010462126,3,9,0,18,19,1,5,0,0,1,0,0,0,0,0,1,1,1,1,28,6,1496,1,2,FORD FOCUS,5,E01000583,0,-1
2023411394622,2023,411394622,1,9,0,5,5,1,6,0,0,1,0,0,0,0,1,1,6,6,2,76,11,1596,1,18,FORD FOCUS,7,E01021792,0,-1
2023010439408,2023,010439408,1,9,0,4,4,1,5,0,0,0,0,0,0,0,1,2,6,6,2,48,8,1596,1,22,FORD FOCUS,6,E01004181,0,-1
2023141359468,2023,141359468,1,9,0,18,19,7,3,0,0,0,0,0,0,0,1,1,5,6,2,33,6,999,8,0,FORD FOCUS,1,E01007370,0,-1
2023131325462,2023,131325462,2,9,0,18,19,1,1,0,0,0,0,0,0,0,1,1,1,1,1,25,5,1596,1,15,FORD FOCUS,4,E01005440,0,-1
2023332300976,2023,332300976,1,9,0,6,6,1,1,0,0,0,0,0,1,2,1,1,6,6,1,87,11,1596,1,16,FORD FOCUS,8,E01025795,0,-1
2023010446283,2023,010446283,1,9,0,4,4,5,1,0,0,8,0,0,0,0,1,1,1,1,1,30,6,999,1,3,FORD FOCUS,4,E01001247,0,-1
2023041365700,2023,041365700,2,9,0,18,19,4,8,0,0,1,0,0,0,0,1,1,5,6,1,79,11,998,1,9,FORD FOCUS,5,E01024917,0,-1
2023461380652,2023,461380652,1,9,0,18,19,1,5,0,0,1,0,0,0,0,4,1,6,6,1,79,11,1596,1,20,FORD FOCUS,7,E01032619,0,-1
2023161304812,2023,161304812,1,9,0,18,19,6,2,0,0,0,5,0,7,4,1,1,6,6,1,24,5,999,1,1,FORD FOCUS,6,E01026387,0,-1
2023552300806,2023,552300806,3,9,0,18,19,7,4,0,0,0,0,0,1,0,1,1,6,6,1,56,9,1499,2,6,FORD FOCUS,4,E01032756,0,-1
2023451377835,2023,451377835,1,9,0,11,11,5,1,0,0,0,0,0,0,0,3,1,2,2,2,36,7,1560,2,9,FORD FOCUS,3,E01030793,0,-1
2023201380585,2023,201380585,3,9,0,2,2,0,0,0,0,0,0,0,0,0,2,1,6,6,3,-1,-1,1596,1,15,FORD FOCUS,-1,-1,0,-1