collision_index,collision_year,collision_ref_no,vehicle_reference,vehicle_type,towing_and_articulation,vehicle_manoeuvre_historic,vehicle_manoeuvre,vehicle_direction_from,vehicle_direction_to,vehicle_location_restricted_lane_historic,vehicle_location_restricted_lane,junction_location,skidding_and_overturning,hit_object_in_carriageway,vehicle_leaving_carriageway,hit_object_off_carriageway,first_point_of_impact,vehicle_left_hand_drive,journey_purpose_of_driver_historic,journey_purpose_of_driver,sex_of_driver,age_of_driver,age_band_of_driver,engine_capacity_cc,propulsion_code,age_of_vehicle,generic_make_model,driver_imd_decile,lsoa_of_driver,escooter_flag,driver_distance_banding
2023131265897,2023,131265897,2,9,0,18,19,5,1,0,0,0,0,0,0,0,2,1,5,6,1,78,11,999,1,6,FORD FOCUS,4,E01011634,0,-1
2023421378895,2023,421378895,1,9,0,18,19,3,4,0,0,3,0,0,0,0,4,1,5,6,1,32,6,1596,1,13,FORD FOCUS,8,E01021513,0,-1
2023161273560,2023,161273560,1,9,0,9,9,7,5,0,0,1,0,0,0,0,1,1,5,6,1,32,6,1596,1,15,FORD FOCUS,1,E01012806,0,-1
2023041273552,2023,041273552,1,9,0,5,5,3,7,0,0,4,0,0,0,0,3,1,5,6,2,36,7,1596,1,12,FORD FOCUS,3,E01012313,0,-1
2023201393339,2023,201393339,1,9,0,6,6,6,6,0,0,0,0,0,0,0,1,1,1,1,1,47,8,999,1,1,FORD FOCUS,2,E01010343,0,-1
2023501295424,2023,501295424,1,9,0,9,9,4,1,0,0,8,0,0,0,0,1,1,5,6,2,58,9,999,1,5,FORD FOCUS,9,E01014993,0,-1
2023320072257,2023,320072257,1,9,0,9,9,4,2,0,0,8,0,0,0,0,1,1,6,6,1,41,7,1560,2,10,FORD FOCUS,-1,-1,0,-1
2023430527599,2023,430527599,2,9,0,4,4,2,6,0,0,0,0,0,0,0,2,1,6,6,2,-1,-1,999,1,4,FORD FOCUS,9,E01016543,0,-1
2023471324498,2023,471324498,1,9,0,3,3,7,3,0,0,8,0,0,0,0,4,1,1,1,2,51,8,1995,2,1,FORD FOCUS,1,E01020992,0,-1
2023371313931,2023,371313931,1,9,0,15,15,5,1,0,0,0,0,0,0,0,1,1,6,6,1,39,7,1997,2,8,FORD FOCUS,7,E01016293,0,-1
2023122301308,2023,122301308,1,9,0,9,9,1,7,0,0,6,0,0,0,0,1,1,1,1,1,49,8,1596,1,16,FORD FOCUS,2,E01027864,0,-1
2023010470519,2023,010470519,1,9,0,18,19,1,5,0,0,0,0,0,0,0,1,1,6,6,1,47,8,999,1,4,FORD FOCUS,2,E01000025,0,-1
2023161383189,2023,161383189,3,9,0,18,19,3,7,0,0,0,0,0,0,0,0,1,6,6,2,38,7,1560,2,13,FORD FOCUS,-1,-1,0,-1
2023010444609,2023,010444609,1,9,0,18,19,7,3,0,0,3,0,0,0,0,4,1,6,6,2,45,7,999,1,3,FORD FOCUS,-1,-1,0,-1
2023351280137,2023,351280137,1,9,0,7,7,1,3,0,0,0,0,0,0,0,2,1,5,6,1,80,11,999,1,8,FORD FOCUS,5,E01018084,0,-1
2023991365208,2023,991365208,2,9,0,18,19,4,8,0,0,4,0,0,0,0,2,1,5,6,2,42,7,1596,1,13,FORD FOCUS,2,-1,0,-1
2023010466524,2023,010466524,2,9,0,18,19,7,3,0,0,6,9,0,0,0,1,9,6,6,3,-1,-1,1596,1,16,FORD FOCUS,5,E01004188,0,-1
2023131378597,2023,131378597,2,9,0,18,19,1,5,0,0,1,0,0,0,0,1,1,6,6,1,60,9,1560,2,12,FORD FOCUS,2,E01011121,0,-1
2023351316411,2023,351316411,2,9,0,3,3,-1,-1,0,0,1,0,0,0,0,2,1,5,6,1,-1,-1,999,1,4,FORD FOCUS,-1,-1,0,-1
2023010463139,2023,010463139,2,9,0,99,99,9,9,99,99,9,9,99,9,99,1,9,6,6,3,57,9,1596,1,13,FORD FOCUS,1,E01004005,0,-1
2023332300370,2023,332300370,1,9,0,9,9,3,1,0,0,6,0,0,0,0,1,1,6,6,1,47,8,1999,1,14,FORD FOCUS,5,E01013627,0,-1
2023302300915,2023,302300915,1,9,0,18,19,4,8,0,0,1,0,0,0,0,1,1,6,6,1,47,8,1499,2,3,FORD FOCUS,4,E01021802,0,-1
2023070434450,2023,070434450,2,9,0,2,2,1,5,0,0,0,0,0,0,0,0,1,6,6,1,-1,-1,998,1,10,FORD FOCUS,6,E01018331,0,-1
2023010439691,2023,010439691,2,9,9,99,99,9,9,99,99,9,9,99,9,99,9,9,6,6,3,-1,-1,999,1,7,FORD FOCUS,-1,-1,0,-1
2023010480805,2023,010480805,1,9,0,7,7,7,1,0,0,6,0,0,0,0,1,1,2,2,1,49,8,999,1,5,FORD FOCUS,7,E01000215,0,-1
2023201385943,2023,201385943,1,9,0,7,7,1,7,0,0,1,0,0,0,0,0,1,6,6,2,26,6,999,1,6,FORD FOCUS,1,E01010130,0,-1
2023991350164,2023,991350164,1,9,0,18,19,5,1,0,0,0,0,0,0,0,1,1,1,1,2,55,8,1499,2,4,FORD FOCUS,2,-1,0,-1
2023501281156,2023,501281156,1,9,0,-1,-1,-1,-1,-1,-1,4,-1,-1,-1,0,-1,1,6,6,1,76,11,1560,2,9,FORD FOCUS,6,E01020069,0,-1
2023340NN2812,2023,340NN2812,2,9,0,17,19,6,2,0,0,1,0,0,0,0,4,1,6,6,1,35,6,1997,2,17,FORD FOCUS,3,E01026967,0,-1
2023401364307,2023,401364307,1,9,0,18,19,6,2,0,0,1,0,0,0,0,1,1,3,7,2,41,7,1999,1,17,FORD FOCUS,4,E01017473,0,-1
2023332300679,2023,332300679,2,9,0,18,19,3,7,0,0,8,0,0,1,0,1,1,6,6,1,36,7,999,1,5,FORD FOCUS,3,E01032896,0,-1
2023221283988,2023,221283988,1,9,0,1,1,6,2,0,0,2,0,0,0,0,2,1,5,6,1,48,8,1499,2,2,FORD FOCUS,5,E01028928,0,-1
2023010454453,2023,010454453,1,9,0,9,9,3,8,0,0,6,0,0,0,0,1,2,6,6,1,21,5,1499,2,0,FORD FOCUS,3,E01003572,0,-1
2023031412238,2023,031412238,1,9,0,18,19,4,8,0,0,2,0,0,0,0,1,1,6,6,1,22,5,1560,2,13,FORD FOCUS,1,E01019142,0,-1
2023471324600,2023,471324600,1,9,0,15,15,4,8,0,0,1,0,0,0,0,3,1,5,6,1,23,5,999,1,8,FORD FOCUS,5,E01031373,0,-1
2023332300178,2023,332300178,1,9,0,14,14,2,6,0,0,0,5,0,1,0,1,1,6,6,1,41,7,1596,1,14,FORD FOCUS,10,E01025817,0,-1
2023451276187,2023,451276187,2,9,0,18,19,5,1,0,0,1,0,0,0,0,1,1,6,6,1,30,6,1596,1,14,FORD FOCUS,-1,-1,0,-1
2023522301111,2023,522301111,2,9,0,18,19,4,8,0,0,0,0,0,0,0,2,1,6,6,2,40,7,1596,1,14,FORD FOCUS,8,E01014955,0,-1
2023991392444,2023,991392444,1,9,0,18,19,1,5,0,0,0,0,0,0,0,1,1,6,6,2,24,5,1499,2,4,FORD FOCUS,7,-1,0,-1
2023430180936,2023,430180936,1,9,0,18,19,8,4,0,0,0,0,0,0,0,4,1,2,2,2,41,7,998,1,9,FORD FOCUS,4,E01032942,0,-1
2023421289901,2023,421289901,1,9,0,4,4,3,5,0,0,3,0,0,0,0,4,1,5,6,2,26,6,999,1,4,FORD FOCUS,10,E01021896,0,-1
2023501361223,2023,501361223,1,9,0,18,19,8,4,0,0,1,0,0,0,0,1,1,5,6,1,39,7,1596,1,11,FORD FOCUS,6,E01019061,0,-1
2023161360551,2023,161360551,3,9,0,2,2,0,0,0,0,1,0,0,1,0,1,2,6,6,3,-1,-1,999,1,7,FORD FOCUS,-1,-1,0,-1
2023010448134,2023,010448134,1,9,0,99,99,9,9,99,99,9,9,99,9,99,9,9,6,6,1,37,7,1596,1,10,FORD FOCUS,4,E01001945,0,-1
2023041368871,2023,041368871,2,9,0,18,19,3,7,0,0,0,0,0,0,0,2,1,5,6,2,37,7,998,1,9,FORD FOCUS,2,E01012608,0,-1
2023361293774,2023,361293774,1,9,0,16,19,4,7,0,0,0,2,10,0,0,3,1,6,6,1,29,6,1798,1,19,FORD FOCUS,-1,-1,0,-1
2023320055743,2023,320055743,2,9,0,3,3,8,4,0,0,1,0,0,0,0,2,1,6,6,2,21,5,1596,1,17,FORD FOCUS,8,E01026238,0,-1
2023010473457,2023,010473457,1,9,0,99,99,9,9,99,99,9,9,99,9,99,9,9,2,2,1,23,5,1596,1,21,FORD FOCUS,5,E01000224,0,-1
2023161259587,2023,161259587,1,9,0,9,9,3,1,0,0,5,0,0,0,0,1,1,5,6,1,60,9,1560,2,18,FORD FOCUS,1,E01012854,0,-1
2023471312409,2023,471312409,1,9,0,5,5,2,5,0,0,4,0,0,0,0,1,1,5,6,1,27,6,1560,2,11,FORD FOCUS,7,E01032943,0,-1
2023161378100,2023,161378100,1,9,0,1,1,1,5,0,0,2,0,0,0,0,2,1,6,6,2,27,6,1596,1,18,FORD FOCUS,1,E01013296,0,-1
2023411349122,2023,411349122,1,9,0,9,9,3,5,0,0,8,0,0,0,0,1,1,5,6,2,45,7,1596,1,16,FORD FOCUS,9,E01023665,0,-1
2023461291687,2023,461291687,1,9,0,18,19,6,2,0,0,0,0,0,0,0,1,1,5,6,1,62,9,1753,2,16,FORD FOCUS,1,E01016017,0,-1
2023451393365,2023,451393365,3,9,0,12,12,7,3,0,0,0,0,0,0,0,4,1,6,6,1,32,6,1596,1,12,FORD FOCUS,7,E01024137,0,-1
2023501285590,2023,501285590,1,9,0,9,9,7,5,0,0,1,0,0,0,0,4,1,2,2,1,49,8,1560,2,9,FORD FOCUS,9,E01020163,0,-1
2023991269299,2023,991269299,1,9,0,18,19,8,4,0,0,0,0,0,0,0,1,1,2,2,1,26,6,1596,1,13,FORD FOCUS,2,-1,0,-1
2023010421586,2023,010421586,1,9,0,18,19,7,3,0,0,8,0,0,0,0,1,1,6,6,1,37,7,1999,1,5,FORD FOCUS,3,E01003481,0,-1
2023421337596,2023,421337596,2,9,0,3,3,2,6,0,0,0,0,0,0,0,2,1,5,6,2,47,8,999,1,4,FORD FOCUS,10,E01023502,0,-1
2023010442887,2023,010442887,1,9,0,18,19,7,3,0,0,6,0,0,0,0,1,1,6,6,1,25,5,1596,1,8,FORD FOCUS,-1,-1,0,-1
2023010439127,2023,010439127,2,9,0,99,99,9,9,99,99,9,9,99,9,99,9,9,6,6,3,-1,-1,1596,1,15,FORD FOCUS,-1,-1,0,-1
2023131370723,2023,131370723,2,9,0,5,5,5,5,0,0,1,1,0,0,0,1,1,6,6,1,39,7,1560,2,9,FORD FOCUS,1,E01010880,0,-1
2023622300272,2023,622300272,2,9,0,4,4,4,8,0,0,0,0,0,0,0,2,1,1,1,1,40,7,1560,2,13,FORD FOCUS,2,W01001064,0,-1
2023501342781,2023,501342781,1,9,0,9,9,1,5,0,0,6,0,0,1,0,3,1,6,6,1,58,9,1560,2,12,FORD FOCUS,3,E01018937,0,-1
2023361281026,2023,361281026,3,9,0,18,19,5,1,0,0,1,0,0,0,0,0,1,6,6,2,24,5,2521,1,13,FORD FOCUS,2,E01026858,0,-1
2023411394222,2023,411394222,2,9,0,4,4,1,5,0,0,4,0,0,0,0,1,1,6,6,1,47,8,1999,1,8,FORD FOCUS,4,E01023785,0,-1
2023411308804,2023,411308804,2,9,0,5,5,5,1,0,0,2,0,0,0,0,2,1,6,6,1,48,8,1498,1,6,FORD FOCUS,6,E01023499,0,-1
2023052301370,2023,052301370,1,8,0,7,7,7,1,0,0,8,0,0,0,0,4,1,1,1,1,64,9,1560,2,9,FORD FOCUS,2,E01006727,0,-1
2023302301558,2023,302301558,1,9,0,9,9,4,2,0,0,8,0,0,0,0,1,1,6,6,1,42,7,1499,2,6,FORD FOCUS,3,E01013455,0,-1
2023010482211,2023,010482211,1,9,0,9,9,7,6,0,0,1,0,0,0,0,1,1,6,6,2,39,7,1596,1,8,FORD FOCUS,6,E01003386,0,-1
2023461317536,2023,461317536,2,9,0,18,19,5,1,0,0,4,0,0,0,0,1,1,5,6,1,22,5,1596,1,18,FORD FOCUS,7,E01024333,0,-1
2023141352244,2023,141352244,2,9,0,18,19,1,5,0,0,0,0,0,0,0,3,1,5,6,2,35,6,1498,1,8,FORD FOCUS,8,E01007712,0,-1
2023041261201,2023,041261201,1,9,0,18,19,1,5,0,0,1,0,0,0,0,2,1,6,6,1,28,6,1798,1,14,FORD FOCUS,8,E01024948,0,-1
2023332300724,2023,332300724,2,9,0,18,19,8,4,0,0,0,0,0,0,0,1,1,6,6,2,-1,-1,1560,2,11,FORD FOCUS,-1,-1,0,-1
2023471319182,2023,471319182,2,9,0,18,19,5,1,0,0,2,0,0,0,0,1,1,1,1,1,47,8,1995,2,2,FORD FOCUS,5,E01021084,0,-1
2023451263161,2023,451263161,2,9,0,18,19,5,1,0,0,8,0,0,0,0,1,1,5,6,1,25,5,1499,2,3,FORD FOCUS,6,E01030755,0,-1
2023052301204,2023,052301204,1,9,0,18,19,7,3,0,0,0,0,4,0,0,4,1,2,2,1,25,5,999,1,3,FORD FOCUS,2,E01007176,0,-1
2023991355730,2023,991355730,1,9,0,18,19,4,8,0,0,0,5,0,1,9,4,1,5,6,1,56,9,1560,2,16,FORD FOCUS,1,-1,0,-1
2023440314243,2023,440314243,2,9,0,18,19,3,7,0,0,0,0,0,0,0,1,1,6,6,2,59,9,1753,2,14,FORD FOCUS,3,E01022840,0,-1
2023991308627,2023,991308627,1,9,0,14,14,1,5,0,0,0,0,0,1,0,0,1,1,1,1,-1,-1,999,1,2,FORD FOCUS,-1,-1,0,-1
2023340WN5572,2023,340WN5572,2,9,0,10,10,1,5,0,0,1,0,0,0,0,2,1,6,6,1,55,8,1499,2,7,FORD FOCUS,3,E01006014,0,-1
2023401359203,2023,401359203,1,9,0,7,7,7,1,0,0,6,0,0,0,0,1,1,5,6,2,65,9,999,1,4,FORD FOCUS,9,E01016682,0,-1
2023451367968,2023,451367968,2,9,0,16,19,8,4,0,0,8,0,0,0,0,1,1,5,6,2,84,11,1596,1,14,FORD FOCUS,5,E01030310,0,-1
2023010460371,2023,010460371,2,9,0,99,99,9,9,99,99,9,9,99,9,99,1,9,6,6,3,-1,-1,1596,1,12,FORD FOCUS,-1,-1,0,-1
2023041301310,2023,041301310,1,9,0,18,19,7,3,0,0,0,0,0,0,0,3,1,2,2,1,59,9,1560,2,11,FORD FOCUS,7,E01012592,0,-1
2023991347762,2023,991347762,1,9,0,18,19,7,3,0,0,0,0,0,0,0,4,1,6,6,2,26,6,1499,2,6,FORD FOCUS,2,-1,0,-1
2023041260139,2023,041260139,1,9,0,18,19,1,5,0,0,0,1,0,1,7,1,1,5,6,1,63,9,999,1,4,FORD FOCUS,3,E01026976,0,-1
2023201364950,2023,201364950,1,9,0,16,19,6,2,0,0,8,0,0,0,0,1,1,6,6,1,34,6,1560,2,8,FORD FOCUS,1,E01010485,0,-1
2023631358033,2023,631358033,1,9,0,17,19,4,8,0,0,1,5,11,1,2,1,1,2,2,2,44,7,999,1,9,FORD FOCUS,10,W01001732,0,-1
2023010442332,2023,010442332,2,9,0,99,99,9,9,99,99,9,9,99,9,99,1,9,6,6,3,-1,-1,999,1,7,FORD FOCUS,5,E01004527,0,-1
2023010433549,2023,010433549,2,9,0,3,3,1,5,0,0,1,0,0,0,0,4,1,6,6,2,76,11,999,1,3,FORD FOCUS,4,E01004128,0,-1
2023430338502,2023,430338502,1,9,0,18,19,1,5,0,0,0,0,0,0,0,4,1,6,6,2,74,10,1498,1,8,FORD FOCUS,-1,-1,0,-1
2023101277684,2023,101277684,2,9,0,4,4,3,7,0,0,1,0,0,0,0,3,1,5,6,1,50,8,1596,1,12,FORD FOCUS,7,E01008876,0,-1
2023201371234,2023,201371234,2,9,0,18,19,7,2,0,0,0,0,0,0,0,3,1,2,2,1,60,9,1596,1,12,FORD FOCUS,9,E01009817,0,-1
2023411296246,2023,411296246,1,9,0,18,19,6,1,0,0,8,1,10,1,4,1,1,6,6,2,18,4,999,1,7,FORD FOCUS,5,E01027795,0,-1
2023991337982,2023,991337982,2,9,0,18,19,2,6,0,0,0,0,0,2,0,1,1,5,6,1,37,7,1560,2,13,FORD FOCUS,-1,-1,0,-1
2023070183364,2023,070183364,2,9,0,18,19,7,3,0,0,1,0,0,0,0,1,1,6,6,1,27,6,999,1,7,FORD FOCUS,1,E01005434,0,-1
2023010433776,2023,010433776,1,9,0,10,10,7,5,0,0,1,0,0,0,0,1,1,2,2,1,59,9,999,1,6,FORD FOCUS,2,E01000028,0,-1
2023430318065,2023,430318065,2,9,0,9,9,4,2,0,0,4,0,0,0,0,1,1,6,6,3,-1,-1,1596,1,13,FORD FOCUS,-1,-1,0,-1
2023361384662,2023,361384662,1,9,0,9,9,2,7,0,0,6,0,0,0,0,1,1,5,6,1,50,8,1596,1,20,FORD FOCUS,6,E01026797,0,-1
2023231321895,2023,231321895,1,9,0,17,19,8,4,0,0,0,2,0,7,9,3,1,5,6,1,29,6,1596,1,17,FORD FOCUS,6,E01031051,0,-1
2023010448994,2023,010448994,2,9,0,18,19,7,3,0,0,0,0,0,0,0,1,1,1,1,1,20,4,1596,1,14,FORD FOCUS,10,E01030324,0,-1
2023991303468,2023,991303468,1,9,0,18,19,3,7,0,0,1,0,0,0,0,4,1,5,6,1,27,6,1560,2,13,FORD FOCUS,8,-1,0,-1
2023421283687,2023,421283687,1,9,0,14,14,3,7,0,0,1,0,0,0,0,1,1,6,6,1,26,6,2521,1,18,FORD FOCUS,2,E01015851,0,-1
2023461366952,2023,461366952,1,9,0,18,19,3,7,0,0,0,1,11,1,0,3,1,6,6,1,19,4,2521,1,14,FORD FOCUS,4,E01024262,0,-1
2023161396723,2023,161396723,1,9,0,18,19,5,1,0,0,8,0,0,1,10,1,1,5,6,1,49,8,999,1,6,FORD FOCUS,4,E01027830,0,-1
2023451341529,2023,451341529,1,9,0,4,4,6,2,0,0,0,0,0,0,0,2,1,5,6,1,30,6,999,1,6,FORD FOCUS,2,E01017665,0,-1
2023411318156,2023,411318156,1,9,0,3,3,-1,-1,0,0,2,0,0,0,0,1,1,5,6,1,54,8,999,1,1,FORD FOCUS,7,E01023886,0,-1
2023010459064,2023,010459064,2,9,0,99,99,9,9,99,99,9,9,99,9,99,1,9,6,6,3,-1,-1,999,1,6,FORD FOCUS,-1,-1,0,-1
2023440077446,2023,440077446,1,9,0,18,19,5,1,0,0,3,1,10,2,4,1,1,6,6,1,46,8,1596,1,18,FORD FOCUS,3,E01017225,0,-1
2023010474479,2023,010474479,1,9,0,7,7,2,5,0,0,1,0,0,0,0,4,1,6,6,2,77,11,1596,1,14,FORD FOCUS,2,E01001976,0,-1
2023361324728,2023,361324728,1,9,0,7,7,6,2,0,0,0,0,0,0,0,1,1,6,6,2,23,5,1596,1,12,FORD FOCUS,3,E01033497,0,-1
2023031283110,2023,031283110,1,9,0,18,19,1,5,0,0,0,5,0,1,0,1,1,5,6,2,55,8,1596,1,16,FORD FOCUS,1,E01005068,0,-1
2023010437527,2023,010437527,4,9,0,18,19,7,3,0,0,1,0,0,0,0,1,1,6,6,1,28,6,1596,1,17,FORD FOCUS,5,E01004463,0,-1
2023501345244,2023,501345244,1,8,0,18,19,4,8,0,0,0,0,0,0,0,1,1,1,1,1,40,7,1560,2,9,FORD FOCUS,4,E01018758,0,-1
2023320636301,2023,320636301,2,9,0,2,2,0,0,0,0,2,0,0,0,0,2,1,6,6,2,37,7,999,1,6,FORD FOCUS,4,E01026250,0,-1
2023471318535,2023,471318535,2,9,0,18,19,3,7,0,0,0,0,0,0,0,4,1,2,2,2,52,8,999,1,5,FORD FOCUS,10,E01031645,0,-1
2023131267481,2023,131267481,1,9,0,9,9,7,5,0,0,8,0,0,0,0,1,1,5,6,1,25,5,1496,1,5,FORD FOCUS,6,E01010705,0,-1
2023052301600,2023,052301600,3,9,0,2,2,0,0,0,0,0,0,0,0,0,3,1,6,6,3,-1,-1,1596,1,12,FORD FOCUS,-1,-1,0,-1
2023471376596,2023,471376596,1,9,0,18,19,3,7,0,0,0,0,0,0,0,1,1,6,6,1,-1,-1,998,1,11,FORD FOCUS,4,E01031810,0,-1
2023041344167,2023,041344167,1,9,0,18,19,3,7,0,0,0,0,0,0,0,4,1,5,6,1,65,9,1560,2,11,FORD FOCUS,7,E01010908,0,-1
2023311311760,2023,311311760,1,9,0,5,5,7,3,0,0,4,0,0,0,0,1,1,6,6,1,45,7,1560,2,11,FORD FOCUS,1,E01013958,0,-1
2023430113644,2023,430113644,2,9,0,3,3,4,8,0,0,1,0,0,0,0,2,1,6,6,2,43,7,1995,2,3,FORD FOCUS,-1,-1,0,-1
2023440113681,2023,440113681,1,9,0,5,5,3,7,0,0,6,0,0,0,0,1,1,2,2,2,45,7,999,1,7,FORD FOCUS,8,E01031843,0,-1
2023052301320,2023,052301320,2,9,0,18,19,5,1,0,0,1,0,0,0,0,3,1,6,6,1,44,7,999,1,7,FORD FOCUS,1,E01006732,0,-1
2023401366520,2023,401366520,1,9,0,17,19,1,8,0,0,0,0,0,0,0,3,1,6,6,1,48,8,1560,2,9,FORD FOCUS,3,E01015751,0,-1
2023231316746,2023,231316746,1,9,0,7,7,2,4,0,0,6,0,0,0,0,4,1,5,6,2,49,8,1596,1,9,FORD FOCUS,8,E01033255,0,-1
2023101393453,2023,101393453,3,9,0,18,19,1,5,0,0,0,0,0,0,0,1,1,6,6,2,52,8,1560,2,11,FORD FOCUS,-1,-1,0,-1
2023010447893,2023,010447893,2,9,0,99,99,9,9,99,99,9,9,99,9,99,1,9,6,6,3,-1,-1,1753,2,17,FORD FOCUS,-1,-1,0,-1
2023351389769,2023,351389769,1,9,0,18,19,7,3,0,0,0,0,0,5,0,1,1,5,6,1,34,6,1388,1,19,FORD FOCUS,4,E01009111,0,-1
2023161383658,2023,161383658,1,9,0,17,19,4,1,0,0,0,2,0,1,0,1,1,5,6,1,27,6,1999,1,11,FORD FOCUS,1,E01027874,0,-1
2023440510706,2023,440510706,1,9,0,18,19,3,7,0,0,8,0,0,0,0,3,1,6,6,1,27,6,999,1,1,FORD FOCUS,4,E01017185,0,-1
2023161318941,2023,161318941,4,9,0,18,19,3,8,0,0,0,0,0,0,0,1,1,6,6,1,28,6,1596,1,20,FORD FOCUS,-1,-1,0,-1
2023610027623,2023,610027623,2,9,0,18,19,7,3,0,0,0,0,0,0,0,1,1,6,6,1,27,6,1798,1,13,FORD FOCUS,5,W01001016,0,-1
2023320799589,2023,320799589,1,9,0,18,19,2,6,0,0,8,0,0,0,0,1,1,6,6,1,50,8,1560,2,9,FORD FOCUS,5,E01026054,0,-1
2023440396504,2023,440396504,2,9,0,3,3,1,5,0,0,1,0,0,0,0,1,1,6,6,2,54,8,998,1,11,FORD FOCUS,7,E01017231,0,-1
2023131360782,2023,131360782,1,9,0,-1,-1,-1,-1,-1,-1,0,-1,-1,-1,0,-1,1,6,6,3,-1,-1,1596,1,18,FORD FOCUS,-1,-1,0,-1
2023361359929,2023,361359929,1,9,0,17,19,6,1,0,0,1,1,0,7,0,1,1,5,6,1,28,6,2521,1,16,FORD FOCUS,4,E01026750,0,-1
2023421312043,2023,421312043,1,9,0,3,3,3,7,0,0,6,0,0,0,0,4,1,1,1,1,60,9,1997,2,8,FORD FOCUS,7,E01015966,0,-1
2023351282665,2023,351282665,3,9,0,10,10,5,1,0,0,0,0,0,0,0,2,1,6,6,1,42,7,1596,1,15,FORD FOCUS,1,E01026010,0,-1
2023340NN1642,2023,340NN1642,1,9,0,17,19,5,3,0,0,1,0,0,0,0,1,1,2,2,2,48,8,1560,2,10,FORD FOCUS,8,E01027089,0,-1
2023520301218,2023,520301218,1,9,0,9,9,2,7,0,0,8,0,0,0,0,1,1,6,6,1,37,7,1560,2,10,FORD FOCUS,9,W01001640,0,-1
2023231298220,2023,231298220,2,9,0,10,10,2,6,0,0,1,0,0,0,0,2,1,5,6,1,70,10,1499,2,3,FORD FOCUS,6,E01012922,0,-1
2023421315017,2023,421315017,2,9,0,2,2,0,0,0,0,2,0,0,0,0,3,1,6,6,3,-1,-1,1753,2,19,FORD FOCUS,-1,-1,0,-1
2023430326801,2023,430326801,1,9,0,18,19,8,4,0,0,0,5,10,1,10,4,1,6,6,1,18,4,1596,1,17,FORD FOCUS,-1,-1,0,-1
2023461394129,2023,461394129,1,9,0,18,19,7,3,0,0,4,0,0,0,0,1,1,6,6,2,48,8,1596,1,17,FORD FOCUS,2,E01024604,0,-1
2023361351016,2023,361351016,1,9,0,3,3,2,6,0,0,0,0,0,0,0,3,1,5,6,1,58,9,2261,1,5,FORD FOCUS,3,E01018092,0,-1
2023010462686,2023,010462686,2,9,0,18,19,1,5,0,0,4,0,0,0,0,1,1,6,6,3,-1,-1,999,1,8,FORD FOCUS,-1,-1,0,-1
2023610021723,2023,610021723,1,9,0,18,19,2,6,0,0,8,0,0,0,0,1,1,1,1,2,-1,-1,999,1,1,FORD FOCUS,3,W01001338,0,-1
2023010462992,2023,010462992,1,9,0,99,99,9,9,99,99,9,9,99,9,99,2,9,6,6,1,33,6,1596,1,17,FORD FOCUS,6,E01023845,0,-1
2023122300915,2023,122300915,2,9,0,18,19,3,7,0,0,0,0,0,0,0,3,1,6,6,2,37,7,999,1,4,FORD FOCUS,5,E01027711,0,-1
2023101358568,2023,101358568,1,9,0,5,5,7,3,0,0,1,0,0,0,0,1,1,5,6,1,68,10,1596,1,14,FORD FOCUS,9,E01030149,0,-1
2023332300451,2023,332300451,1,9,0,14,14,1,5,0,0,0,0,0,1,11,1,1,6,6,1,28,6,1753,2,15,FORD FOCUS,8,E01025748,0,-1
2023041329155,2023,041329155,1,9,0,9,9,8,6,0,0,8,0,0,0,0,4,1,5,6,1,34,6,1560,2,11,FORD FOCUS,3,E01025294,0,-1
2023401354695,2023,401354695,1,9,0,9,9,7,3,0,0,8,0,0,0,0,3,1,6,6,1,74,10,1596,1,14,FORD FOCUS,4,E01017581,0,-1
2023122400055,2023,122400055,1,9,0,13,13,1,5,0,0,1,0,0,0,0,4,1,6,6,2,42,7,1596,1,10,FORD FOCUS,9,E01013431,0,-1
2023451386983,2023,451386983,1,9,0,9,9,3,2,0,0,0,0,10,0,0,1,1,5,6,1,79,11,999,1,5,FORD FOCUS,7,E01030361,0,-1
2023991355623,2023,991355623,1,9,0,18,19,4,8,0,0,0,1,0,0,0,1,1,5,6,2,38,7,1997,2,16,FORD FOCUS,8,-1,0,-1
2023010475854,2023,010475854,1,9,0,9,9,4,1,0,0,1,0,0,0,0,4,1,6,6,1,25,5,1596,1,10,FORD FOCUS,6,E01002919,0,-1
2023010448410,2023,010448410,3,9,0,18,19,2,6,0,0,1,0,0,0,0,1,1,6,6,1,46,8,998,1,11,FORD FOCUS,-1,-1,0,-1
2023440230231,2023,440230231,2,9,0,18,19,3,7,0,0,1,0,0,0,0,1,1,6,6,1,48,8,1596,1,21,FORD FOCUS,3,E01017315,0,-1
2023052302181,2023,052302181,1,9,0,18,19,3,7,0,0,0,0,0,0,0,1,1,6,6,1,37,7,1798,1,13,FORD FOCUS,4,E01006454,0,-1
2023501324875,2023,501324875,1,9,0,16,19,3,1,0,0,2,1,0,7,0,1,1,6,6,1,19,4,1560,2,9,FORD FOCUS,3,E01018893,0,-1
2023221284693,2023,221284693,1,9,0,18,19,7,3,0,0,0,0,0,3,0,1,1,6,6,1,21,5,2521,1,18,FORD FOCUS,9,E01032289,0,-1