collision_index,collision_year,collision_ref_no,vehicle_reference,vehicle_type,towing_and_articulation,vehicle_manoeuvre_historic,vehicle_manoeuvre,vehicle_direction_from,vehicle_direction_to,vehicle_location_restricted_lane_historic,vehicle_location_restricted_lane,junction_location,skidding_and_overturning,hit_object_in_carriageway,vehicle_leaving_carriageway,hit_object_off_carriageway,first_point_of_impact,vehicle_left_hand_drive,journey_purpose_of_driver_historic,journey_purpose_of_driver,sex_of_driver,age_of_driver,age_band_of_driver,engine_capacity_cc,propulsion_code,age_of_vehicle,generic_make_model,driver_imd_decile,lsoa_of_driver,escooter_flag,driver_distance_banding
2023131294410,2023,131294410,1,9,0,18,19,1,5,0,0,0,0,0,0,0,1,1,6,6,1,23,5,998,1,9,FORD FOCUS,4,E01032489,0,-1
2023552400153,2023,552400153,1,9,0,18,19,1,5,0,0,0,0,0,0,0,1,1,6,6,2,48,8,1596,1,17,FORD FOCUS,7,E01015352,0,-1
2023101353148,2023,101353148,1,9,0,16,19,6,1,0,0,0,5,0,1,0,1,1,5,6,1,23,5,1596,1,17,FORD FOCUS,4,E01027375,0,-1
2023320569914,2023,320569914,1,9,0,7,7,2,4,0,0,6,0,0,1,0,1,1,6,6,1,78,11,1560,2,8,FORD FOCUS,2,E01026277,0,-1
2023461291119,2023,461291119,2,9,0,9,9,5,3,0,0,0,0,0,0,0,1,1,6,6,1,53,8,998,1,11,FORD FOCUS,7,E01024405,0,-1
2023461298043,2023,461298043,1,9,0,4,4,7,3,0,0,1,0,0,0,0,1,1,6,6,1,33,6,999,1,2,FORD FOCUS,3,E01016016,0,-1
2023302300549,2023,302300549,3,9,0,4,4,4,8,0,0,0,0,0,0,0,2,1,6,6,2,32,6,1560,2,10,FORD FOCUS,4,E01019499,0,-1
2023520301475,2023,520301475,1,9,0,18,19,2,7,0,0,2,0,0,1,11,1,1,6,6,1,71,10,1596,1,14,FORD FOCUS,4,E01018925,0,-1
202363B005923,2023,63B005923,1,8,0,18,19,6,2,0,0,0,0,0,0,0,1,1,1,1,1,26,6,1499,2,8,FORD FOCUS,5,W01000117,0,-1
2023552300578,2023,552300578,2,9,0,3,3,3,7,0,0,2,0,0,0,0,2,1,6,6,2,36,7,999,1,1,FORD FOCUS,6,E01015440,0,-1
2023501348301,2023,501348301,1,9,0,18,19,6,2,0,0,1,0,0,0,0,-1,1,6,6,1,34,6,1596,1,15,FORD FOCUS,7,E01018970,0,-1
2023131276864,2023,131276864,2,9,0,18,19,5,1,0,0,0,0,0,0,0,1,1,5,6,1,47,8,1499,2,7,FORD FOCUS,1,E01010610,0,-1
2023320355178,2023,320355178,1,9,0,18,19,2,7,0,0,0,0,4,1,0,1,1,6,6,1,89,11,1796,1,20,FORD FOCUS,6,E01026058,0,-1
2023311259870,2023,311259870,1,9,0,9,9,1,7,0,0,8,0,0,0,0,3,1,6,6,1,34,6,1560,2,12,FORD FOCUS,6,E01027971,0,-1
2023471299864,2023,471299864,1,9,0,5,5,5,1,0,0,3,0,0,0,0,4,1,5,6,1,67,10,999,1,5,FORD FOCUS,4,E01016829,0,-1
2023010434552,2023,010434552,1,9,0,5,5,5,1,0,0,1,0,0,0,0,1,1,2,2,1,30,6,1496,1,4,FORD FOCUS,4,E01004487,0,-1
2023552300004,2023,552300004,1,9,0,9,9,6,5,0,0,5,0,0,0,0,4,1,6,6,1,84,11,1596,1,16,FORD FOCUS,5,E01020364,0,-1
2023010448417,2023,010448417,1,9,0,99,99,9,9,99,99,9,9,99,9,99,9,9,1,1,1,38,7,1596,1,13,FORD FOCUS,2,E01004067,0,-1
2023061366288,2023,061366288,1,9,0,-1,-1,-1,-1,0,0,0,0,0,0,0,0,1,6,6,3,-1,-1,999,1,4,FORD FOCUS,-1,-1,0,-1
2023010434998,2023,010434998,1,9,0,9,9,7,4,0,0,1,0,0,0,0,1,1,2,2,1,36,7,1499,2,6,FORD FOCUS,9,E01004632,0,-1
2023351359455,2023,351359455,4,9,0,16,19,3,7,0,0,0,0,0,0,0,1,1,2,2,1,45,7,1997,2,11,FORD FOCUS,3,E01027312,0,-1
2023161307087,2023,161307087,1,9,0,7,7,8,6,0,0,3,5,7,0,0,3,1,5,6,1,39,7,1596,1,18,FORD FOCUS,-1,-1,0,-1
2023221328319,2023,221328319,2,9,0,17,19,2,6,0,0,8,0,0,0,0,1,1,5,6,1,22,5,1560,2,12,FORD FOCUS,6,E01014080,0,-1
2023991358076,2023,991358076,2,9,0,13,13,5,1,0,0,0,5,0,1,0,4,1,5,6,1,49,8,2261,1,3,FORD FOCUS,6,-1,0,-1
2023451345636,2023,451345636,1,9,0,16,19,2,6,0,0,0,0,0,0,0,1,1,2,2,1,65,9,999,1,7,FORD FOCUS,7,E01016225,0,-1
2023501311164,2023,501311164,2,9,0,18,19,6,2,0,0,8,0,0,0,0,1,1,5,6,2,74,10,1596,1,22,FORD FOCUS,4,E01018754,0,-1
2023311378799,2023,311378799,1,9,0,9,9,2,7,0,0,6,0,0,0,0,1,1,6,6,1,47,8,1596,1,11,FORD FOCUS,2,E01013891,0,-1
2023520301356,2023,520301356,1,9,0,18,19,7,3,0,0,0,0,4,0,0,1,1,6,6,1,18,4,1596,1,18,FORD FOCUS,5,E01029134,0,-1
2023351340343,2023,351340343,1,9,0,9,9,6,4,0,0,1,0,0,0,0,1,1,6,6,2,60,9,1798,1,17,FORD FOCUS,2,E01017948,0,-1
2023131345262,2023,131345262,2,9,0,9,9,5,1,0,0,0,0,0,0,0,1,1,6,6,3,-1,-1,1997,2,17,FORD FOCUS,-1,-1,0,-1
2023332300120,2023,332300120,1,9,0,16,19,8,2,0,0,0,1,0,0,0,3,1,1,1,1,51,8,2261,1,4,FORD FOCUS,9,E01027164,0,-1
2023371290657,2023,371290657,1,9,0,18,19,1,5,0,0,0,5,0,0,0,1,1,5,6,1,59,9,1999,1,11,FORD FOCUS,6,E01029930,0,-1
2023041310747,2023,041310747,1,9,0,9,9,2,6,0,0,8,0,0,0,0,1,1,6,6,1,35,6,1999,1,7,FORD FOCUS,5,E01025013,0,-1
2023991278921,2023,991278921,1,9,0,18,19,5,1,0,0,2,0,0,0,0,1,1,2,2,1,55,8,1496,1,3,FORD FOCUS,9,-1,0,-1
2023471330826,2023,471330826,2,9,0,8,8,6,8,0,0,1,0,0,0,0,1,1,6,6,1,56,9,1596,1,9,FORD FOCUS,3,E01021185,0,-1
2023411285400,2023,411285400,1,9,0,5,5,3,6,0,0,0,0,0,0,0,1,1,5,6,1,84,11,1997,2,13,FORD FOCUS,5,E01023677,0,-1
2023122300523,2023,122300523,1,9,0,14,14,3,7,0,0,8,0,0,0,0,1,1,2,2,1,35,6,1596,1,13,FORD FOCUS,8,E01027668,0,-1
2023131350643,2023,131350643,1,9,0,18,19,5,1,0,0,0,0,0,0,0,1,1,6,6,3,-1,-1,1560,2,11,FORD FOCUS,-1,-1,0,-1
2023471384608,2023,471384608,2,9,0,18,19,5,1,0,0,1,0,0,0,0,2,1,5,6,2,-1,-1,1995,2,2,FORD FOCUS,5,E01031585,0,-1
2023471299023,2023,471299023,1,9,0,4,4,3,7,0,0,1,0,0,0,0,1,1,6,6,2,54,8,1999,1,16,FORD FOCUS,6,E01031408,0,-1
2023101332459,2023,101332459,1,9,0,5,5,4,5,0,0,8,0,0,1,1,3,1,5,6,1,38,7,1596,1,20,FORD FOCUS,2,E01008853,0,-1
2023101378325,2023,101378325,1,9,0,18,19,3,7,0,0,0,0,0,0,0,1,1,5,6,2,38,7,1560,2,12,FORD FOCUS,3,E01008185,0,-1
2023351342336,2023,351342336,1,9,0,7,7,8,4,0,0,1,0,0,0,0,4,1,6,6,2,68,10,1496,1,3,FORD FOCUS,9,E01018205,0,-1
2023501342613,2023,501342613,2,9,0,12,12,2,5,0,0,7,0,0,4,0,3,1,1,1,1,27,6,1499,2,4,FORD FOCUS,5,E01015092,0,-1
2023010473368,2023,010473368,1,9,0,7,7,3,4,0,0,1,0,0,7,10,1,1,6,6,1,29,6,1596,1,12,FORD FOCUS,6,E01000576,0,-1
2023461337687,2023,461337687,2,9,0,18,19,4,8,0,0,7,0,0,2,0,2,1,6,6,2,52,8,1499,2,7,FORD FOCUS,10,E01024324,0,-1
2023520300389,2023,520300389,1,9,0,18,19,3,8,0,0,0,1,0,0,0,3,1,6,6,1,61,9,1995,2,4,FORD FOCUS,5,E01029336,0,-1
2023211260060,2023,211260060,1,9,0,4,4,3,7,0,0,0,0,0,0,0,0,1,6,6,1,66,10,1499,2,2,FORD FOCUS,6,E01014289,0,-1
2023131277884,2023,131277884,2,9,0,18,19,1,5,0,0,0,0,0,0,0,3,1,5,6,2,52,8,998,1,9,FORD FOCUS,2,E01011030,0,-1
2023052303092,2023,052303092,2,9,0,2,2,0,0,0,0,0,0,0,0,0,4,1,6,6,3,-1,-1,1560,2,11,FORD FOCUS,-1,-1,0,-1
2023440062480,2023,440062480,1,9,0,18,19,1,5,0,0,8,0,0,0,0,1,1,6,6,1,78,11,1988,1,19,FORD FOCUS,6,E01017355,0,-1
2023010487189,2023,010487189,2,9,0,99,99,9,9,99,99,9,9,99,9,99,9,9,6,6,1,-1,-1,1798,1,15,FORD FOCUS,-1,-1,0,-1
2023461351218,2023,461351218,1,9,0,18,19,3,7,0,0,0,5,0,0,0,1,1,6,6,1,88,11,1498,1,6,FORD FOCUS,8,E01024011,0,-1
2023451357748,2023,451357748,2,9,0,5,5,3,7,0,0,6,0,0,0,0,1,1,5,6,3,32,6,1496,1,5,FORD FOCUS,-1,-1,0,-1
2023991361819,2023,991361819,1,9,0,18,19,7,2,0,0,0,0,0,0,0,1,1,6,6,2,41,7,1596,1,18,FORD FOCUS,3,-1,0,-1
2023070584329,2023,070584329,2,9,0,17,19,1,5,0,0,2,0,0,0,0,3,1,6,6,1,52,8,1560,2,10,FORD FOCUS,6,E01018689,0,-1
2023471308960,2023,471308960,2,9,0,7,7,3,6,4,4,8,0,0,0,0,4,1,1,1,1,50,8,1999,1,18,FORD FOCUS,2,E01016905,0,-1
2023631382437,2023,631382437,1,9,0,5,5,5,3,0,0,4,0,0,0,0,1,1,5,6,1,69,10,999,1,5,FORD FOCUS,5,W01001925,0,-1
2023010449651,2023,010449651,1,9,0,11,11,1,5,0,0,1,0,0,0,0,4,1,6,6,2,66,10,999,1,5,FORD FOCUS,4,E01001444,0,-1
2023631355595,2023,631355595,1,9,0,18,19,1,5,0,0,0,0,0,0,0,1,1,5,6,1,33,6,1560,2,9,FORD FOCUS,7,W01001891,0,-1
2023122300434,2023,122300434,1,9,0,17,19,7,3,0,0,5,0,0,1,0,1,1,6,6,1,26,6,1499,2,8,FORD FOCUS,1,E01011850,0,-1
2023010458232,2023,010458232,1,9,0,18,19,3,7,0,0,5,0,0,0,0,1,1,6,6,1,63,9,1596,1,22,FORD FOCUS,3,E01001465,0,-1
2023041322428,2023,041322428,1,9,0,18,19,4,6,0,0,1,0,0,0,0,1,1,5,6,1,24,5,1560,2,10,FORD FOCUS,3,E01025505,0,-1
2023131265999,2023,131265999,1,9,0,18,19,4,8,0,0,0,1,0,1,11,1,1,6,6,1,76,11,999,1,4,FORD FOCUS,9,E01011170,0,-1
2023010441395,2023,010441395,1,9,0,99,99,9,9,99,99,9,9,99,9,99,2,9,6,6,2,40,7,999,1,5,FORD FOCUS,2,E01003237,0,-1
2023991307970,2023,991307970,1,9,0,17,19,7,3,0,0,0,0,0,0,0,4,1,6,6,2,46,8,999,1,5,FORD FOCUS,7,-1,0,-1
2023201298303,2023,201298303,1,9,0,18,19,8,4,0,0,0,0,4,0,0,1,1,5,6,1,43,7,1560,2,9,FORD FOCUS,1,E01009309,0,-1
2023320440310,2023,320440310,1,9,0,18,19,7,3,0,0,8,0,0,0,0,4,1,6,6,2,58,9,999,1,8,FORD FOCUS,-1,-1,0,-1
2023421382470,2023,421382470,1,9,0,-1,-1,-1,-1,-1,-1,0,-1,-1,-1,0,-1,1,6,6,2,71,10,1596,1,10,FORD FOCUS,6,E01015821,0,-1
2023622300407,2023,622300407,1,9,0,17,19,6,2,0,0,0,1,0,1,4,1,1,1,1,1,50,8,1560,2,10,FORD FOCUS,3,W01000941,0,-1
2023440081953,2023,440081953,1,9,0,3,3,2,5,0,0,1,0,0,0,0,2,1,6,6,2,40,7,1999,1,18,FORD FOCUS,4,E01017341,0,-1
2023041382597,2023,041382597,1,9,0,18,19,1,5,0,0,1,0,0,0,0,1,1,5,6,1,18,4,1560,2,15,FORD FOCUS,8,E01025086,0,-1
2023340WN5592,2023,340WN5592,3,9,0,18,19,8,4,0,0,1,0,0,0,0,1,1,6,6,1,86,11,999,1,7,FORD FOCUS,8,E01025793,0,-1
2023471360402,2023,471360402,1,9,0,18,19,5,1,0,0,1,0,0,0,0,1,1,5,6,1,21,5,1560,2,11,FORD FOCUS,7,E01031701,0,-1
2023451275882,2023,451275882,2,9,0,18,19,7,3,0,0,0,0,0,0,0,1,1,5,6,1,54,8,999,1,2,FORD FOCUS,7,E01030905,0,-1
2023471356580,2023,471356580,2,9,0,10,10,7,5,0,0,8,0,0,0,0,4,1,5,6,2,42,7,1596,1,19,FORD FOCUS,3,E01020941,0,-1
2023061282078,2023,061282078,1,9,0,18,19,8,4,0,0,1,0,0,0,0,3,1,6,6,1,51,8,2261,1,2,FORD FOCUS,9,E01005357,0,-1
2023421355825,2023,421355825,1,9,0,18,19,7,3,0,0,0,0,0,0,0,1,1,5,6,2,60,9,999,1,1,FORD FOCUS,4,E01021658,0,-1
2023471350703,2023,471350703,1,9,0,18,19,2,6,0,0,4,0,0,0,0,1,1,6,6,1,-1,-1,999,1,6,FORD FOCUS,10,E01031654,0,-1
2023451309613,2023,451309613,2,9,0,2,2,0,0,0,0,0,0,0,0,0,4,1,6,6,3,-1,-1,1496,1,4,FORD FOCUS,-1,-1,0,-1
2023522301727,2023,522301727,1,9,0,3,3,4,8,0,0,1,0,0,0,0,2,1,6,6,2,48,8,999,1,8,FORD FOCUS,10,E01014995,0,-1
2023451354661,2023,451354661,2,9,0,18,19,7,3,0,0,0,0,0,0,0,3,1,6,6,3,31,6,1596,1,11,FORD FOCUS,6,E01030751,0,-1
2023332300435,2023,332300435,1,9,0,18,19,5,1,0,0,8,1,0,7,0,3,1,2,2,1,18,4,1596,1,22,FORD FOCUS,7,E01025911,0,-1
2023041276840,2023,041276840,2,9,0,10,10,5,4,0,0,1,0,0,7,0,2,2,6,6,2,43,7,999,1,6,FORD FOCUS,3,E01025087,0,-1
2023320574478,2023,320574478,2,9,0,18,19,2,6,0,0,1,0,0,1,0,1,1,6,6,1,57,9,1560,2,12,FORD FOCUS,1,E01026093,0,-1
2023122301239,2023,122301239,1,9,0,18,19,1,5,0,0,8,0,0,0,0,0,1,6,6,2,60,9,1499,2,8,FORD FOCUS,8,E01013342,0,-1
2023141390271,2023,141390271,2,9,0,9,9,7,1,0,0,1,0,0,0,0,1,1,5,6,1,78,11,999,1,7,FORD FOCUS,3,E01007437,0,-1
2023211355480,2023,211355480,1,9,0,9,9,3,7,0,0,1,0,0,1,0,4,1,5,6,1,54,8,999,1,4,FORD FOCUS,-1,-1,0,-1
2023131371822,2023,131371822,6,9,0,2,2,0,0,0,0,2,0,0,0,0,3,1,6,6,3,-1,-1,998,1,9,FORD FOCUS,-1,-1,0,-1
2023010419820,2023,010419820,2,9,0,99,99,9,9,99,99,9,9,99,9,99,9,9,6,6,3,-1,-1,1798,1,13,FORD FOCUS,-1,-1,0,-1
2023010425570,2023,010425570,1,9,0,18,19,1,5,0,0,1,0,0,0,0,1,1,2,2,2,31,6,999,1,7,FORD FOCUS,9,E01030519,0,-1
2023052301112,2023,052301112,2,9,0,18,19,5,1,0,0,4,0,4,0,0,1,1,6,6,1,67,10,1596,1,16,FORD FOCUS,1,E01012408,0,-1
2023010452769,2023,010452769,1,9,0,99,99,9,9,99,99,0,9,99,9,99,2,9,6,6,2,32,6,999,1,8,FORD FOCUS,3,E01015856,0,-1
2023041332495,2023,041332495,2,9,0,18,19,3,7,0,0,0,0,0,0,0,1,1,6,6,1,65,9,1560,2,11,FORD FOCUS,3,E01025058,0,-1
2023041329507,2023,041329507,2,9,0,9,9,8,4,0,0,1,0,0,0,0,2,1,6,6,1,24,5,999,1,5,FORD FOCUS,1,E01012735,0,-1
2023061366654,2023,061366654,2,9,0,18,19,1,5,0,0,1,0,0,0,0,1,1,6,6,2,77,11,1596,1,8,FORD FOCUS,4,E01006388,0,-1
2023471332050,2023,471332050,2,9,0,18,19,5,1,0,0,1,0,0,0,0,2,1,2,2,1,55,8,1560,2,12,FORD FOCUS,5,E01021216,0,-1
2023161281498,2023,161281498,2,9,0,18,19,7,3,0,0,0,0,0,0,0,4,1,5,6,1,43,7,1496,1,4,FORD FOCUS,6,E01012793,0,-1
2023052300235,2023,052300235,2,9,0,18,19,3,7,0,0,0,0,0,0,0,2,1,6,6,1,51,8,1596,1,11,FORD FOCUS,1,E01007003,0,-1
2023031317176,2023,031317176,1,9,0,18,19,1,5,0,0,0,0,0,0,0,4,1,2,2,2,40,7,1560,2,11,FORD FOCUS,4,E01019098,0,-1
2023141313059,2023,141313059,1,9,0,18,19,1,5,0,0,0,2,4,0,0,4,1,5,6,1,84,11,1560,2,11,FORD FOCUS,1,E01007543,0,-1
2023141347400,2023,141347400,1,9,0,18,19,5,1,0,0,0,0,0,0,0,1,1,5,6,1,21,5,1499,2,8,FORD FOCUS,2,E01007642,0,-1
2023052300062,2023,052300062,3,9,0,4,4,5,1,0,0,8,0,0,0,0,2,1,6,6,1,45,7,1499,2,7,FORD FOCUS,1,E01006981,0,-1
2023201306569,2023,201306569,1,9,0,9,9,8,5,0,0,5,0,0,0,0,1,1,6,6,3,-1,-1,1560,2,9,FORD FOCUS,-1,-1,0,-1
2023440200459,2023,440200459,1,9,0,1,1,8,4,0,0,0,0,0,0,0,2,1,6,6,1,32,6,1560,2,9,FORD FOCUS,7,E01023082,0,-1
2023010450276,2023,010450276,2,9,0,99,99,9,9,99,99,9,9,99,9,99,1,9,6,6,3,-1,-1,998,1,10,FORD FOCUS,3,E01000052,0,-1
2023010446939,2023,010446939,2,9,9,99,99,9,9,99,99,1,9,99,9,99,9,9,6,6,3,47,8,1596,1,17,FORD FOCUS,4,E01003683,0,-1
2023141355163,2023,141355163,1,9,0,9,9,7,3,0,0,0,0,0,0,0,1,1,2,2,1,53,8,1499,2,3,FORD FOCUS,1,E01008094,0,-1
2023411358535,2023,411358535,1,9,0,18,19,1,5,0,0,1,0,0,0,0,1,1,6,6,1,66,10,1498,1,8,FORD FOCUS,9,E01023748,0,-1
2023010423095,2023,010423095,2,9,0,99,99,9,9,99,99,9,9,99,9,99,1,9,6,6,3,-1,-1,1596,1,17,FORD FOCUS,-1,-1,0,-1
2023501370009,2023,501370009,1,9,0,18,19,6,2,0,0,0,0,0,0,0,1,1,6,6,1,34,6,1560,2,11,FORD FOCUS,5,E01018847,0,-1
2023451296009,2023,451296009,3,9,0,4,4,3,7,0,0,1,0,0,0,0,3,1,2,2,2,41,7,999,1,4,FORD FOCUS,9,E01030441,0,-1
2023052400640,2023,052400640,2,9,0,2,2,0,0,0,0,0,0,0,0,0,3,1,6,6,2,22,5,999,1,2,FORD FOCUS,3,E01007240,0,-1
2023061322585,2023,061322585,3,9,0,2,2,0,0,0,0,6,0,0,0,0,1,1,6,6,3,-1,-1,1499,2,8,FORD FOCUS,-1,-1,0,-1
2023141381075,2023,141381075,2,9,0,18,19,5,3,0,0,1,0,0,0,0,1,1,5,6,1,33,6,1596,1,17,FORD FOCUS,1,E01007544,0,-1
2023461298255,2023,461298255,2,9,0,4,4,1,5,0,0,1,0,0,0,0,2,1,5,6,1,43,7,1596,1,16,FORD FOCUS,4,E01024142,0,-1
2023201293804,2023,201293804,2,9,0,18,19,8,4,0,0,1,0,0,0,0,2,1,6,6,1,-1,-1,1560,2,10,FORD FOCUS,3,E01025844,0,-1
2023531270908,2023,531270908,1,9,0,9,9,1,7,0,0,8,0,0,0,0,1,1,6,6,2,32,6,1560,2,11,FORD FOCUS,8,E01022163,0,-1
2023141373310,2023,141373310,1,9,0,5,5,2,6,0,0,0,0,0,0,0,1,1,5,6,1,84,11,1798,1,18,FORD FOCUS,2,E01008016,0,-1
2023461288628,2023,461288628,1,9,0,18,19,3,7,0,0,0,0,0,0,0,1,1,6,6,1,-1,-1,1596,1,17,FORD FOCUS,9,E01016104,0,-1
2023340NN3682,2023,340NN3682,1,9,0,17,19,8,4,0,0,0,5,0,2,9,4,1,6,6,1,36,7,1999,1,7,FORD FOCUS,10,E01027077,0,-1
2023522400591,2023,522400591,1,9,0,1,1,3,7,0,0,8,0,0,0,0,2,1,6,6,3,-1,-1,999,1,8,FORD FOCUS,-1,-1,0,-1
2023440447917,2023,440447917,1,9,0,18,19,6,2,0,0,2,0,0,0,0,4,1,6,6,2,37,7,1596,1,14,FORD FOCUS,5,E01022539,0,-1
2023451344896,2023,451344896,4,9,0,18,19,4,8,0,0,0,0,0,0,0,2,1,5,6,1,31,6,1560,2,9,FORD FOCUS,1,E01000661,0,-1
2023991341661,2023,991341661,3,9,0,18,19,2,6,0,0,0,0,0,0,0,1,1,5,6,2,35,6,1560,2,11,FORD FOCUS,5,-1,0,-1
2023461345123,2023,461345123,2,9,0,18,19,7,3,0,0,0,0,0,0,0,2,1,6,6,1,25,5,1560,2,13,FORD FOCUS,4,E01024742,0,-1
2023461380754,2023,461380754,1,9,0,3,3,5,1,0,0,0,0,0,0,0,3,1,2,2,1,43,7,1596,1,15,FORD FOCUS,4,E01024142,0,-1
2023010470667,2023,010470667,1,9,0,9,9,3,1,0,0,6,0,0,0,0,1,1,6,6,1,27,6,1596,1,12,FORD FOCUS,5,E01002556,0,-1
2023101363842,2023,101363842,1,9,0,18,19,6,2,0,0,0,1,0,1,2,1,1,6,6,1,60,9,1560,2,13,FORD FOCUS,2,E01008480,0,-1
2023302300865,2023,302300865,2,9,0,2,2,0,0,9,9,0,0,0,0,0,2,1,6,6,3,-1,-1,1798,1,14,FORD FOCUS,-1,-1,0,-1
2023141280518,2023,141280518,1,9,0,4,4,4,8,0,0,1,0,0,0,0,4,1,2,2,1,40,7,1560,2,8,FORD FOCUS,2,E01007548,0,-1
2023201332652,2023,201332652,1,9,0,9,9,2,8,0,0,5,0,0,0,0,4,1,6,6,2,76,11,1796,1,18,FORD FOCUS,10,E01009807,0,-1
2023361325178,2023,361325178,2,9,0,18,19,5,1,0,0,8,0,0,0,0,1,1,5,6,2,87,11,1796,1,20,FORD FOCUS,9,E01026552,0,-1
2023332300499,2023,332300499,2,9,0,4,4,3,7,0,0,0,0,0,0,0,2,1,6,6,1,45,7,999,1,3,FORD FOCUS,5,E01025875,0,-1
2023010481656,2023,010481656,2,9,0,2,2,0,0,6,6,0,0,0,0,0,1,1,6,6,3,-1,-1,1596,1,13,FORD FOCUS,-1,-1,0,-1
2023141312180,2023,141312180,1,9,0,16,19,5,6,0,0,2,0,0,0,0,4,1,6,6,2,27,6,1596,1,14,FORD FOCUS,1,E01008009,0,-1
2023471338002,2023,471338002,1,9,0,18,19,6,2,0,0,1,0,0,0,0,1,2,5,6,1,25,5,1988,1,21,FORD FOCUS,4,E01020952,0,-1
2023361397142,2023,361397142,2,9,0,10,10,2,6,0,0,0,0,0,0,0,2,2,6,6,2,26,6,1596,1,19,FORD FOCUS,-1,-1,0,-1
2023421312906,2023,421312906,1,9,0,5,5,5,1,0,0,8,0,0,0,0,1,1,5,6,2,73,10,999,1,8,FORD FOCUS,9,E01015850,0,-1
2023010433946,2023,010433946,1,9,0,18,19,3,7,0,0,4,0,0,0,0,1,1,6,6,1,75,10,999,1,9,FORD FOCUS,8,E01003845,0,-1
2023161394337,2023,161394337,1,9,0,9,9,3,1,0,0,5,0,0,0,0,1,1,1,1,1,37,7,1499,2,8,FORD FOCUS,3,E01012963,0,-1
2023010427867,2023,010427867,2,9,0,18,19,1,5,0,0,9,0,0,0,0,9,1,6,6,1,49,8,1596,1,16,FORD FOCUS,3,E01003736,0,-1
2023520400522,2023,520400522,2,9,0,2,2,0,0,0,0,0,0,0,0,0,3,1,6,6,3,-1,-1,1596,1,12,FORD FOCUS,-1,-1,0,-1
2023201453260,2023,201453260,1,9,0,18,19,4,2,0,0,0,5,4,1,3,1,1,6,6,1,20,4,2521,1,15,FORD FOCUS,1,E01009323,0,-1
2023101355702,2023,101355702,1,9,0,18,19,2,6,0,0,8,0,0,0,0,1,1,6,6,1,43,7,1560,2,10,FORD FOCUS,3,E01008441,0,-1
2023351329543,2023,351329543,1,9,0,18,19,3,7,0,0,0,1,0,1,0,1,1,6,6,1,55,8,1496,1,4,FORD FOCUS,9,E01018171,0,-1
2023070355702,2023,070355702,1,9,0,4,4,3,7,0,0,0,0,0,0,0,2,1,6,6,2,31,6,999,1,4,FORD FOCUS,6,E01012416,0,-1
2023131319038,2023,131319038,1,9,0,2,2,1,5,0,0,0,0,0,0,0,2,1,5,6,1,41,7,1596,1,11,FORD FOCUS,1,E01011349,0,-1
2023320051043,2023,320051043,1,9,0,9,9,7,4,0,0,6,0,0,0,0,1,1,2,2,1,71,10,1499,2,7,FORD FOCUS,6,E01026213,0,-1
2023131262302,2023,131262302,1,9,0,9,9,5,3,0,0,8,0,0,0,0,1,1,5,6,1,17,4,2261,1,4,FORD FOCUS,10,E01011380,0,-1
2023302301016,2023,302301016,2,9,0,18,19,8,4,0,0,8,0,0,0,0,4,1,6,6,1,65,9,1999,1,6,FORD FOCUS,-1,-1,0,-1
2023440331576,2023,440331576,1,9,0,18,19,3,7,0,0,8,0,0,0,0,1,1,1,1,1,-1,-1,1496,1,3,FORD FOCUS,-1,-1,0,-1
2023111310598,2023,111310598,2,9,0,18,19,7,3,0,0,8,0,0,0,0,1,1,5,6,2,28,6,1560,2,11,FORD FOCUS,2,E01012357,0,-1
2023430443548,2023,430443548,2,9,0,18,19,4,8,0,0,8,0,0,0,0,4,1,6,6,1,21,5,1560,2,12,FORD FOCUS,5,E01016556,0,-1
2023351349960,2023,351349960,2,9,0,18,19,1,5,0,0,8,1,0,1,0,1,1,5,6,1,68,10,1560,2,9,FORD FOCUS,1,E01016810,0,-1
2023302300657,2023,302300657,1,9,0,18,19,6,2,0,0,1,0,0,2,10,1,1,6,6,1,45,7,1560,2,13,FORD FOCUS,2,E01019523,0,-1
2023320107339,2023,320107339,1,9,0,18,19,8,4,0,0,4,0,0,0,0,1,1,6,6,1,-1,-1,1560,2,13,FORD FOCUS,-1,-1,0,-1
2023440123176,2023,440123176,1,9,0,18,19,2,6,0,0,1,5,0,1,9,1,1,2,2,2,18,4,998,1,10,FORD FOCUS,10,E01023073,0,-1
2023461367512,2023,461367512,1,9,0,5,5,1,1,0,0,1,0,0,0,0,1,1,6,6,1,48,8,1596,1,18,FORD FOCUS,3,E01024684,0,-1
2023201379113,2023,201379113,1,9,0,18,19,2,6,0,0,0,0,0,0,0,1,1,6,6,1,-1,-1,1560,2,10,FORD FOCUS,3,E01009606,0,-1
2023351380231,2023,351380231,2,9,0,18,19,1,5,0,0,0,0,0,0,0,1,1,5,6,2,68,10,999,1,8,FORD FOCUS,4,E01018044,0,-1
2023522300942,2023,522300942,1,9,0,9,9,5,3,0,0,8,0,0,0,0,3,1,6,6,2,57,9,1560,2,10,FORD FOCUS,5,E01014886,0,-1
2023052301763,2023,052301763,1,9,0,1,1,5,1,0,0,0,0,0,0,0,3,1,6,6,1,46,8,1499,2,8,FORD FOCUS,2,E01006956,0,-1