collision_index,collision_year,collision_ref_no,vehicle_reference,vehicle_type,towing_and_articulation,vehicle_manoeuvre_historic,vehicle_manoeuvre,vehicle_direction_from,vehicle_direction_to,vehicle_location_restricted_lane_historic,vehicle_location_restricted_lane,junction_location,skidding_and_overturning,hit_object_in_carriageway,vehicle_leaving_carriageway,hit_object_off_carriageway,first_point_of_impact,vehicle_left_hand_drive,journey_purpose_of_driver_historic,journey_purpose_of_driver,sex_of_driver,age_of_driver,age_band_of_driver,engine_capacity_cc,propulsion_code,age_of_vehicle,generic_make_model,driver_imd_decile,lsoa_of_driver,escooter_flag,driver_distance_banding
2023461351427,2023,461351427,1,9,0,18,19,1,5,0,0,0,0,0,0,0,1,1,6,6,1,27,6,1999,1,17,FORD FOCUS,7,E01024288,0,-1
2023411287552,2023,411287552,4,9,0,18,19,3,7,0,0,0,0,8,2,0,1,1,2,2,1,31,6,1988,1,22,FORD FOCUS,7,E01002154,0,-1
2023201394704,2023,201394704,2,9,0,3,3,7,3,0,0,1,0,0,0,0,2,1,6,6,2,28,6,998,1,10,FORD FOCUS,2,E01009512,0,-1
2023010450999,2023,010450999,2,9,0,99,99,9,9,99,99,9,9,99,9,99,1,9,6,6,3,-1,-1,1596,1,15,FORD FOCUS,1,E01002778,0,-1
2023131311985,2023,131311985,5,9,0,4,4,7,3,0,0,0,0,0,0,0,2,1,5,6,1,33,6,1560,2,10,FORD FOCUS,1,E01011739,0,-1
2023451372300,2023,451372300,1,9,0,3,3,1,2,0,0,8,0,0,0,0,2,1,5,6,2,59,9,1999,1,16,FORD FOCUS,8,E01030602,0,-1
2023552301147,2023,552301147,2,9,0,18,19,3,7,0,0,8,0,0,0,0,3,1,6,6,1,48,8,1997,2,16,FORD FOCUS,6,E01020493,0,-1
2023401306213,2023,401306213,1,9,0,18,19,1,5,0,0,0,0,0,0,0,1,1,6,6,3,-1,-1,2521,1,16,FORD FOCUS,-1,-1,0,-1
2023010432435,2023,010432435,2,9,0,18,19,8,4,9,9,6,0,0,0,0,1,1,6,6,3,-1,-1,1999,1,8,FORD FOCUS,-1,-1,0,-1
2023161292338,2023,161292338,1,9,0,4,4,4,8,0,0,0,0,0,0,0,2,1,6,6,2,34,6,999,1,6,FORD FOCUS,7,E01033106,0,-1
2023122300976,2023,122300976,1,9,0,17,19,1,5,0,0,0,0,0,7,4,1,1,6,6,1,26,6,1753,2,15,FORD FOCUS,1,E01012059,0,-1
2023991282445,2023,991282445,2,9,0,18,19,3,7,0,0,0,0,0,0,0,1,1,2,2,1,50,8,1995,2,4,FORD FOCUS,4,-1,0,-1
2023471302071,2023,471302071,2,9,0,2,2,0,0,0,0,0,0,0,0,0,2,1,6,6,3,-1,-1,1596,1,13,FORD FOCUS,-1,-1,0,-1
2023471367777,2023,471367777,2,9,0,4,4,3,7,0,0,0,0,0,0,0,2,2,6,6,1,44,7,1596,1,16,FORD FOCUS,7,E01016961,0,-1
2023991284665,2023,991284665,1,9,0,12,12,5,1,0,0,0,0,0,0,0,3,1,5,6,2,40,7,1499,2,6,FORD FOCUS,5,-1,0,-1
2023471303524,2023,471303524,3,9,0,4,4,2,6,0,0,8,0,0,0,0,0,1,6,6,2,42,7,999,1,3,FORD FOCUS,10,E01024752,0,-1
2023010452718,2023,010452718,2,9,0,18,19,1,5,0,0,0,0,0,0,0,1,1,6,6,3,22,5,1999,1,5,FORD FOCUS,-1,-1,0,-1
2023501371739,2023,501371739,1,9,0,9,9,3,1,0,0,6,0,0,0,0,1,1,5,6,2,72,10,999,1,5,FORD FOCUS,5,E01020157,0,-1
2023052301482,2023,052301482,2,9,0,2,2,0,0,0,0,0,0,0,0,0,2,1,6,6,3,-1,-1,1997,2,9,FORD FOCUS,-1,-1,0,-1
2023991305497,2023,991305497,2,9,0,18,19,8,4,0,0,8,0,0,0,0,1,1,5,6,1,31,6,1560,2,10,FORD FOCUS,3,-1,0,-1
2023201325607,2023,201325607,1,9,0,9,9,2,8,0,0,5,0,0,0,0,1,1,6,6,1,26,6,998,1,10,FORD FOCUS,4,E01032359,0,-1
2023010461004,2023,010461004,1,9,0,18,19,3,7,0,0,8,0,0,0,0,1,1,6,6,1,25,5,1999,1,10,FORD FOCUS,3,E01002303,0,-1
2023311326932,2023,311326932,2,9,0,4,4,3,7,0,0,6,0,0,0,0,1,1,1,1,2,37,7,999,1,6,FORD FOCUS,5,E01028314,0,-1
2023430556792,2023,430556792,1,9,0,9,9,8,6,0,0,8,0,0,0,0,1,1,6,6,2,30,6,999,1,6,FORD FOCUS,-1,-1,0,-1
2023052301367,2023,052301367,1,9,0,18,19,1,5,0,0,0,0,0,0,0,1,1,6,6,3,-1,-1,999,1,4,FORD FOCUS,-1,-1,0,-1
2023052301665,2023,052301665,1,9,0,9,9,5,2,0,0,5,0,0,0,0,1,1,6,6,2,57,9,1997,2,18,FORD FOCUS,1,E01006980,0,-1
202360A183845,2023,60A183845,2,9,0,7,7,8,3,0,0,6,0,0,0,0,3,1,2,2,2,34,6,1997,2,7,FORD FOCUS,-1,-1,0,-1
2023010475337,2023,010475337,2,9,0,1,1,1,5,0,0,9,0,0,0,0,2,1,6,6,1,47,8,1596,1,8,FORD FOCUS,1,E01001634,0,-1
2023052300138,2023,052300138,2,9,0,18,19,3,7,0,0,0,0,0,0,0,2,1,6,6,2,37,7,999,1,7,FORD FOCUS,6,E01006227,0,-1
2023461316618,2023,461316618,3,9,0,2,2,0,0,0,0,2,0,0,0,0,2,1,6,6,1,-1,-1,1560,2,14,FORD FOCUS,4,E01024681,0,-1
2023311294011,2023,311294011,1,9,0,3,3,8,3,0,0,2,0,0,0,0,2,1,2,2,2,29,6,1999,1,7,FORD FOCUS,4,E01027985,0,-1
2023010422785,2023,010422785,1,9,5,17,19,2,6,9,9,1,1,10,1,11,1,1,6,6,2,24,5,998,1,10,FORD FOCUS,8,E01002291,0,-1
2023161285571,2023,161285571,1,9,0,2,2,0,0,0,0,0,0,0,4,6,2,1,5,6,2,34,6,1596,1,13,FORD FOCUS,2,E01013284,0,-1
2023221328335,2023,221328335,3,9,0,2,2,0,0,0,0,0,0,0,0,0,1,1,6,6,2,44,7,1560,2,12,FORD FOCUS,3,E01032422,0,-1
2023531303549,2023,531303549,2,9,0,4,4,8,2,0,0,3,0,0,0,0,2,1,1,1,1,32,6,1753,2,16,FORD FOCUS,7,E01022388,0,-1
2023201418170,2023,201418170,2,9,0,18,19,4,8,0,0,8,0,0,0,0,1,1,6,6,1,36,7,1499,2,6,FORD FOCUS,-1,-1,0,-1
2023622300716,2023,622300716,2,9,0,18,19,6,2,0,0,4,0,0,0,0,2,1,6,6,1,63,9,1499,2,3,FORD FOCUS,4,W01000750,0,-1
2023201292409,2023,201292409,1,9,0,18,19,4,8,0,0,8,0,0,0,0,1,1,6,6,1,27,6,999,1,7,FORD FOCUS,6,E01033618,0,-1
2023201393148,2023,201393148,1,9,0,18,19,5,1,0,0,4,0,0,0,0,1,1,6,6,2,89,11,999,1,5,FORD FOCUS,9,E01009692,0,-1
202360A128948,2023,60A128948,2,9,0,18,19,5,1,0,0,0,0,0,0,0,1,1,6,6,1,50,8,1995,2,4,FORD FOCUS,-1,-1,0,-1
2023031267910,2023,031267910,1,9,0,18,19,7,3,0,0,0,0,0,0,0,4,1,5,6,1,58,9,1499,2,3,FORD FOCUS,-1,-1,0,-1
2023411359615,2023,411359615,1,9,0,10,10,5,6,0,0,2,0,0,0,0,1,1,5,6,1,62,9,1596,1,12,FORD FOCUS,9,E01000358,0,-1
2023471315924,2023,471315924,2,9,0,18,19,7,3,0,0,1,0,0,0,0,4,1,5,6,2,88,11,998,1,9,FORD FOCUS,10,E01031820,0,-1
2023141274012,2023,141274012,1,9,0,18,19,2,6,0,0,0,0,0,0,0,4,1,5,6,1,37,7,1560,2,10,FORD FOCUS,6,E01007319,0,-1
2023461309171,2023,461309171,2,9,0,18,19,1,5,0,0,2,0,0,0,0,1,1,6,6,1,41,7,1796,1,20,FORD FOCUS,2,E01024135,0,-1
2023501351940,2023,501351940,2,9,0,2,2,0,0,0,0,0,0,0,0,0,1,1,5,6,1,47,8,1596,1,13,FORD FOCUS,4,E01015056,0,-1
2023421369988,2023,421369988,2,9,0,18,19,7,3,0,0,8,0,0,1,7,1,1,5,6,1,44,7,1753,2,16,FORD FOCUS,8,E01021341,0,-1
2023320697478,2023,320697478,2,9,0,4,4,8,4,0,0,1,0,0,0,0,1,1,6,6,2,28,6,1560,2,10,FORD FOCUS,3,E01012137,0,-1
2023421396275,2023,421396275,1,9,0,7,7,1,3,0,0,3,0,0,0,0,4,1,6,6,2,-1,-1,1596,1,11,FORD FOCUS,-1,-1,0,-1
2023440285773,2023,440285773,2,9,0,18,19,5,1,0,0,8,0,0,0,0,3,1,6,6,1,30,6,1596,1,18,FORD FOCUS,1,E01017077,0,-1
2023471272088,2023,471272088,1,9,0,18,19,7,3,0,0,0,0,0,0,0,1,1,6,6,1,30,6,1596,1,15,FORD FOCUS,5,E01031583,0,-1
2023461275098,2023,461275098,2,9,0,18,19,6,2,0,0,0,0,0,0,0,1,1,6,6,1,51,8,1753,2,16,FORD FOCUS,6,E01023985,0,-1
2023041363452,2023,041363452,1,9,0,5,5,8,2,0,0,6,0,0,0,0,1,1,5,6,1,82,11,999,1,0,FORD FOCUS,1,E01012724,0,-1
2023461320971,2023,461320971,1,9,0,13,13,2,6,0,0,0,5,0,1,10,1,1,6,6,1,38,7,1596,1,13,FORD FOCUS,6,E01024052,0,-1
2023540229923,2023,540229923,3,9,0,4,4,2,6,0,0,0,0,0,0,0,1,1,6,6,1,31,6,1596,1,16,FORD FOCUS,6,E01028717,0,-1
2023631335557,2023,631335557,2,9,0,18,19,3,7,0,0,1,0,0,7,7,3,1,6,6,2,25,5,1560,2,13,FORD FOCUS,-1,-1,0,-1
2023131372748,2023,131372748,1,9,0,18,19,3,7,0,0,2,0,0,0,0,3,1,2,2,1,49,8,1997,2,10,FORD FOCUS,1,E01010802,0,-1
2023411334043,2023,411334043,2,9,0,3,3,-1,-1,0,0,1,0,0,0,0,2,1,2,2,1,33,6,1997,2,8,FORD FOCUS,8,E01017736,0,-1
2023010467053,2023,010467053,1,9,0,7,7,5,7,0,0,1,0,0,8,4,1,1,6,6,1,20,4,999,1,3,FORD FOCUS,5,E01000892,0,-1
2023320096146,2023,320096146,1,9,0,7,7,6,8,0,0,6,0,0,0,0,1,1,6,6,2,32,6,2521,1,13,FORD FOCUS,3,E01026325,0,-1
2023320369535,2023,320369535,1,9,0,18,19,4,8,0,0,8,0,0,0,0,4,1,6,6,2,39,7,1496,1,4,FORD FOCUS,8,E01026289,0,-1
2023010474604,2023,010474604,1,9,0,17,19,3,7,0,0,8,0,0,0,0,1,1,6,6,1,69,10,1596,1,8,FORD FOCUS,5,E01002520,0,-1
2023131292853,2023,131292853,2,9,0,18,19,4,8,0,0,0,0,0,1,0,1,1,5,6,1,34,6,1999,1,7,FORD FOCUS,2,E01011758,0,-1
2023471338233,2023,471338233,3,9,0,18,19,3,7,0,0,0,0,0,1,0,1,1,2,2,1,62,9,1995,2,5,FORD FOCUS,6,E01021021,0,-1
2023201315742,2023,201315742,1,9,0,5,5,5,1,9,9,6,0,0,0,0,1,1,6,6,2,36,7,999,1,7,FORD FOCUS,2,E01010564,0,-1
2023451311786,2023,451311786,2,9,0,5,5,5,1,0,0,1,0,0,0,0,2,1,5,6,2,20,4,1499,2,3,FORD FOCUS,10,E01023189,0,-1
2023221368593,2023,221368593,1,9,0,7,7,2,4,0,0,5,0,0,0,0,1,1,6,6,1,59,9,1499,2,6,FORD FOCUS,10,E01032300,0,-1
2023531324987,2023,531324987,1,9,0,13,13,1,5,0,0,1,0,0,0,0,1,2,2,2,1,75,10,1596,1,16,FORD FOCUS,4,E01031895,0,-1
2023211337261,2023,211337261,2,9,0,18,19,5,1,0,0,8,0,0,0,0,4,1,6,6,1,68,10,1560,2,11,FORD FOCUS,10,E01009821,0,-1
2023010450781,2023,010450781,2,9,0,99,99,9,9,99,99,9,9,99,9,99,1,9,6,6,3,-1,-1,1560,2,15,FORD FOCUS,-1,-1,0,-1
2023010460614,2023,010460614,2,9,0,2,2,0,0,0,0,0,0,0,0,0,1,1,6,6,3,-1,-1,1596,1,16,FORD FOCUS,-1,-1,0,-1
2023141369094,2023,141369094,1,9,0,18,19,8,4,0,0,8,0,0,0,0,1,1,2,2,2,28,6,999,1,4,FORD FOCUS,5,E01007996,0,-1
2023461317960,2023,461317960,1,9,0,11,11,6,8,0,0,6,0,0,0,0,3,1,6,6,1,73,10,999,1,7,FORD FOCUS,8,E01016138,0,-1
2023010430759,2023,010430759,2,9,0,18,19,1,5,0,0,0,0,0,0,0,4,1,2,2,1,58,9,999,1,4,FORD FOCUS,-1,-1,0,-1
2023421355667,2023,421355667,1,9,0,17,19,7,1,0,0,8,0,0,0,0,1,1,6,6,1,20,4,1997,2,15,FORD FOCUS,6,E01026535,0,-1
2023010452276,2023,010452276,1,9,0,4,4,6,2,0,0,1,0,0,0,0,2,1,2,2,1,37,7,1499,2,6,FORD FOCUS,2,E01021771,0,-1
2023440453229,2023,440453229,2,9,0,17,19,3,8,0,0,0,0,0,0,0,1,1,6,6,2,44,7,1560,2,11,FORD FOCUS,10,E01030902,0,-1
2023320400176,2023,320400176,1,9,0,18,19,4,8,0,0,8,0,0,0,0,1,1,6,6,2,30,6,1596,1,12,FORD FOCUS,9,E01026320,0,-1
2023421368819,2023,421368819,2,9,0,2,2,0,0,0,0,2,0,0,0,0,2,1,5,6,2,63,9,1596,1,9,FORD FOCUS,10,E01021958,0,-1
2023543325023,2023,543325023,3,9,0,4,4,4,8,0,0,0,0,0,0,0,2,1,2,2,2,28,6,1560,2,10,FORD FOCUS,8,E01032050,0,-1
2023201313304,2023,201313304,1,9,0,1,1,7,3,9,9,8,0,0,0,0,2,1,5,6,1,-1,-1,1560,2,13,FORD FOCUS,5,E01009245,0,-1
2023070663460,2023,070663460,3,9,0,2,2,0,0,0,0,0,0,0,0,0,0,1,6,6,2,-1,-1,1560,2,11,FORD FOCUS,-1,-1,0,-1
2023302301787,2023,302301787,1,9,0,17,19,2,8,0,0,0,0,0,0,0,1,1,6,6,1,-1,-1,1596,1,19,FORD FOCUS,6,E01033671,0,-1
2023411353659,2023,411353659,1,9,0,18,19,3,6,0,0,4,0,0,0,0,1,1,6,6,1,41,7,1596,1,17,FORD FOCUS,6,E01023399,0,-1
2023161370156,2023,161370156,2,9,0,13,13,2,5,0,0,8,0,0,0,0,4,1,6,6,2,-1,-1,1560,2,9,FORD FOCUS,-1,-1,0,-1
2023010421829,2023,010421829,2,9,0,99,99,9,9,99,99,9,9,99,9,99,1,9,6,6,3,-1,-1,1596,1,20,FORD FOCUS,-1,-1,0,-1
2023421344472,2023,421344472,4,9,0,18,19,1,5,0,0,0,0,0,0,0,1,1,1,1,1,71,10,1999,1,18,FORD FOCUS,5,E01002363,0,-1
2023311283287,2023,311283287,2,9,0,9,9,1,5,0,0,1,0,0,0,0,3,1,5,6,1,30,6,1596,1,8,FORD FOCUS,4,E01028335,0,-1
2023461287716,2023,461287716,2,9,0,8,8,5,1,0,0,0,0,0,0,0,2,1,3,7,2,26,6,1596,1,15,FORD FOCUS,5,E01016116,0,-1
2023010446075,2023,010446075,2,9,0,99,99,9,9,99,99,9,9,99,9,99,1,9,6,6,3,-1,-1,1596,1,15,FORD FOCUS,-1,-1,0,-1
2023411398400,2023,411398400,2,9,0,5,5,3,5,0,0,1,0,0,0,0,1,1,5,6,1,33,6,1596,1,20,FORD FOCUS,5,E01023533,0,-1
2023501318603,2023,501318603,1,9,0,17,19,5,1,0,0,0,2,4,0,0,1,1,5,6,1,24,5,999,1,6,FORD FOCUS,8,E01015124,0,-1
2023231330139,2023,231330139,2,9,0,4,4,2,6,0,0,0,0,0,0,0,2,1,6,6,2,49,8,998,1,11,FORD FOCUS,2,E01009630,0,-1
2023061345268,2023,061345268,1,9,0,16,19,8,3,0,0,2,0,0,0,0,1,1,6,6,1,38,7,998,1,10,FORD FOCUS,-1,-1,0,-1
2023010455157,2023,010455157,1,9,0,99,99,9,9,99,99,0,9,99,9,99,3,9,6,6,1,38,7,1496,1,4,FORD FOCUS,4,E01003354,0,-1
2023421264284,2023,421264284,2,9,0,4,4,2,5,0,0,1,0,0,0,0,2,1,2,2,1,54,8,1560,2,13,FORD FOCUS,5,E01021715,0,-1
2023170S10843,2023,170S10843,2,9,0,18,19,6,2,0,0,0,0,0,0,0,1,1,2,2,2,32,6,999,1,6,FORD FOCUS,8,E01012309,0,-1
2023501346458,2023,501346458,3,9,0,2,2,0,0,0,0,1,0,0,0,0,2,1,6,6,1,61,9,1596,1,14,FORD FOCUS,6,E01018755,0,-1
2023421293477,2023,421293477,1,9,0,18,19,1,5,0,0,1,0,0,0,0,1,1,6,6,2,78,11,999,1,6,FORD FOCUS,6,E01015950,0,-1
2023201366967,2023,201366967,2,9,0,3,3,1,5,0,0,1,0,0,0,0,2,1,6,6,2,43,7,1596,1,17,FORD FOCUS,1,E01010273,0,-1
2023440413271,2023,440413271,2,9,0,18,19,8,4,0,0,8,0,0,0,0,2,1,6,6,2,28,6,999,1,1,FORD FOCUS,3,E01017107,0,-1
2023010458212,2023,010458212,2,9,0,18,19,3,7,0,0,1,0,0,0,0,2,1,2,2,2,36,7,1596,1,15,FORD FOCUS,2,E01003483,0,-1
2023010479669,2023,010479669,1,9,0,99,99,9,9,99,99,9,9,99,9,99,9,9,6,6,1,49,8,1498,1,8,FORD FOCUS,2,E01001055,0,-1
2023101309761,2023,101309761,2,9,0,3,3,5,1,0,0,4,0,0,0,0,2,1,5,6,2,36,7,1560,2,13,FORD FOCUS,-1,-1,0,-1
2023631337828,2023,631337828,1,9,0,18,19,8,4,0,0,0,0,0,0,0,4,1,5,6,1,42,7,998,1,10,FORD FOCUS,7,W01000445,0,-1
2023471350469,2023,471350469,2,9,0,18,19,5,1,0,0,2,0,0,0,0,1,1,5,6,1,25,5,999,1,8,FORD FOCUS,6,E01031604,0,-1
2023430096024,2023,430096024,1,9,0,18,19,6,2,0,0,1,0,0,0,0,1,1,6,6,1,-1,-1,1596,1,11,FORD FOCUS,-1,-1,0,-1
2023061338545,2023,061338545,2,9,0,18,19,1,5,0,0,1,0,0,0,0,1,1,5,6,2,35,6,1798,1,13,FORD FOCUS,3,E01004774,0,-1
2023461263901,2023,461263901,1,9,0,18,19,3,7,0,0,0,0,0,0,0,1,1,6,6,2,46,8,1596,1,17,FORD FOCUS,1,E01024155,0,-1
2023471324844,2023,471324844,1,9,0,9,9,3,1,0,0,8,0,4,0,0,1,1,5,6,1,20,4,999,1,2,FORD FOCUS,-1,-1,0,-1
2023161261309,2023,161261309,1,9,0,18,19,7,3,0,0,0,0,0,0,0,1,1,2,2,1,43,7,1496,1,4,FORD FOCUS,10,E01013114,0,-1
2023052301186,2023,052301186,1,9,0,18,19,1,5,0,0,1,0,0,0,0,1,1,6,6,1,31,6,1596,1,15,FORD FOCUS,1,E01006721,0,-1
2023991374165,2023,991374165,1,9,0,9,9,7,5,0,0,2,0,0,0,0,1,1,6,6,1,36,7,1560,2,10,FORD FOCUS,8,-1,0,-1
2023302301857,2023,302301857,2,9,0,16,19,8,4,0,0,0,0,0,0,0,1,1,1,1,1,62,9,1499,2,7,FORD FOCUS,2,E01013827,0,-1
2023041326255,2023,041326255,2,9,0,18,19,5,1,0,0,3,0,0,0,0,2,1,6,6,2,62,9,999,1,5,FORD FOCUS,9,E01025596,0,-1
2023052301101,2023,052301101,1,9,0,18,19,2,6,0,0,1,0,0,0,0,1,1,6,6,2,36,7,1560,2,9,FORD FOCUS,1,E01006706,0,-1
2023546194823,2023,546194823,1,9,0,18,19,3,7,0,0,0,5,4,0,0,1,1,6,6,1,44,7,2521,1,16,FORD FOCUS,9,E01015481,0,-1
2023522300961,2023,522300961,1,9,0,18,19,7,3,0,0,0,0,0,0,0,2,9,6,6,2,58,9,1596,1,13,FORD FOCUS,4,E01014623,0,-1
2023101304680,2023,101304680,1,9,-1,5,5,1,7,0,0,2,0,0,0,0,1,1,6,6,1,34,6,999,1,5,FORD FOCUS,7,E01008873,0,-1
2023221401747,2023,221401747,1,9,0,9,9,1,6,0,0,6,0,0,0,0,3,1,6,6,1,17,4,1798,1,14,FORD FOCUS,4,E01014011,0,-1
2023010426140,2023,010426140,2,9,0,99,99,9,9,99,99,9,9,99,9,99,1,9,6,6,3,-1,-1,1596,1,15,FORD FOCUS,-1,-1,0,-1
2023622300154,2023,622300154,1,9,0,18,19,3,7,0,0,4,0,0,0,0,3,1,6,6,1,58,9,999,1,8,FORD FOCUS,3,W01001153,0,-1
2023622300766,2023,622300766,1,9,0,18,19,8,4,0,0,0,0,0,0,0,1,1,6,6,2,50,8,999,1,2,FORD FOCUS,2,W01000900,0,-1
2023430225501,2023,430225501,2,9,0,11,11,4,8,0,0,2,0,0,0,0,4,1,2,2,1,39,7,1499,2,7,FORD FOCUS,3,E01016389,0,-1
2023371313707,2023,371313707,1,9,0,18,19,1,5,0,0,0,0,0,0,0,1,1,5,6,1,21,5,1596,1,14,FORD FOCUS,2,E01026821,0,-1
2023421363571,2023,421363571,1,9,0,7,7,7,2,0,0,3,0,0,0,0,3,1,2,2,1,23,5,1798,1,15,FORD FOCUS,2,E01022039,0,-1
2023201370114,2023,201370114,1,9,0,9,9,6,4,0,0,5,0,4,0,0,1,1,6,6,1,-1,-1,1560,2,10,FORD FOCUS,-1,-1,0,-1
2023070916386,2023,070916386,1,9,0,14,14,4,8,9,9,1,0,0,7,11,1,1,6,6,1,81,11,1499,2,5,FORD FOCUS,8,E01029767,0,-1
2023311303011,2023,311303011,3,9,0,2,2,0,0,0,0,0,0,0,0,0,3,1,6,6,1,34,6,2521,1,17,FORD FOCUS,-1,-1,0,-1
2023010429766,2023,010429766,1,9,9,99,99,9,9,99,99,0,9,99,9,99,3,9,2,2,1,33,6,1596,1,12,FORD FOCUS,4,E01001180,0,-1
2023041275005,2023,041275005,3,9,0,18,19,1,5,0,0,0,1,0,0,0,1,1,5,6,1,40,7,1596,1,13,FORD FOCUS,1,E01025293,0,-1
2023161378240,2023,161378240,1,9,0,9,9,3,1,0,0,6,0,0,0,0,1,1,5,6,2,19,4,1596,1,8,FORD FOCUS,6,E01012914,0,-1
2023010448612,2023,010448612,1,9,0,9,9,8,6,0,0,5,0,0,1,0,1,1,6,6,2,38,7,1596,1,19,FORD FOCUS,-1,-1,0,-1
2023471370382,2023,471370382,1,9,0,14,14,2,6,0,0,1,0,4,0,0,4,1,5,6,2,31,6,1596,1,9,FORD FOCUS,10,E01021228,0,-1
2023340WN6172,2023,340WN6172,2,9,0,18,19,6,2,0,0,1,0,0,0,0,1,1,6,6,1,48,8,1560,2,10,FORD FOCUS,9,E01027253,0,-1
2023010435968,2023,010435968,1,9,0,18,19,5,1,0,0,4,0,10,7,1,4,1,2,2,1,34,6,1499,2,6,FORD FOCUS,3,E01000689,0,-1
2023052300733,2023,052300733,1,9,0,5,5,6,2,0,0,6,0,0,0,0,3,1,6,6,1,56,9,1499,2,8,FORD FOCUS,7,E01006423,0,-1
2023351358441,2023,351358441,2,9,0,3,3,5,3,0,0,1,0,0,0,0,2,1,5,6,1,49,8,1596,1,18,FORD FOCUS,8,E01018021,0,-1
2023031334133,2023,031334133,1,9,0,-1,-1,-1,-1,-1,-1,0,-1,-1,-1,0,-1,1,6,6,1,43,7,1997,2,8,FORD FOCUS,-1,-1,0,-1
2023451371388,2023,451371388,2,9,0,18,19,3,7,0,0,4,0,0,0,0,1,1,5,6,2,34,6,1999,1,7,FORD FOCUS,7,E01030943,0,-1
2023481377636,2023,481377636,1,9,0,18,19,5,1,0,0,0,0,0,0,0,0,1,1,1,2,27,6,1995,2,2,FORD FOCUS,-1,-1,0,-1
2023041362370,2023,041362370,1,9,0,9,9,3,5,0,0,4,0,0,0,0,0,2,6,6,1,23,5,1499,2,8,FORD FOCUS,1,E01025189,0,-1
2023111348447,2023,111348447,2,9,0,3,3,1,3,0,0,1,0,0,0,0,2,1,6,6,1,30,6,999,1,7,FORD FOCUS,-1,-1,0,-1
2023101315561,2023,101315561,1,9,0,4,4,7,3,0,0,4,0,0,0,0,1,1,6,6,1,60,9,1560,2,12,FORD FOCUS,-1,-1,0,-1
2023522400141,2023,522400141,1,9,0,18,19,5,1,0,0,0,5,4,0,0,1,1,6,6,1,35,6,1560,2,11,FORD FOCUS,3,E01014807,0,-1
2023461359274,2023,461359274,2,9,0,3,3,5,1,0,0,0,0,0,0,0,2,1,5,6,2,27,6,1997,2,6,FORD FOCUS,6,E01032798,0,-1
2023010459068,2023,010459068,2,9,0,99,99,9,9,99,99,9,9,99,9,99,9,9,6,6,3,22,5,999,1,4,FORD FOCUS,7,E01003395,0,-1
2023231320608,2023,231320608,2,9,0,18,19,6,2,0,0,0,0,0,0,0,2,1,2,2,1,57,9,1753,2,15,FORD FOCUS,7,E01031055,0,-1
2023991315944,2023,991315944,1,9,0,10,10,4,2,0,0,0,0,0,0,0,4,1,5,6,2,69,10,999,1,4,FORD FOCUS,1,-1,0,-1
2023340WN6682,2023,340WN6682,2,9,0,2,2,0,0,0,0,2,0,4,0,0,3,1,6,6,3,-1,-1,1560,2,9,FORD FOCUS,-1,-1,0,-1
2023411359275,2023,411359275,1,9,0,3,3,8,4,0,0,0,0,0,0,0,2,1,6,6,1,48,8,999,1,7,FORD FOCUS,7,E01023398,0,-1
2023052300242,2023,052300242,1,8,0,13,13,5,1,0,0,0,0,0,0,0,1,1,6,6,1,-1,-1,1499,2,8,FORD FOCUS,-1,-1,0,-1
2023201415209,2023,201415209,1,9,0,9,9,6,4,0,0,5,0,0,0,0,1,1,2,2,1,75,10,1596,1,17,FORD FOCUS,2,E01008894,0,-1
2023622300307,2023,622300307,2,9,0,4,4,6,2,0,0,0,0,0,0,0,2,1,6,6,1,32,6,1499,2,2,FORD FOCUS,7,W01000664,0,-1
2023340NN0872,2023,340NN0872,1,9,0,18,19,3,7,0,0,1,0,0,0,0,1,1,6,6,1,26,6,1753,2,14,FORD FOCUS,3,E01027317,0,-1
2023610044123,2023,610044123,1,9,0,16,19,6,1,0,0,0,1,10,7,4,1,1,6,6,1,27,6,1753,2,16,FORD FOCUS,1,W01001396,0,-1
2023302300107,2023,302300107,2,9,0,9,9,2,8,0,0,0,0,0,0,0,2,1,6,6,1,38,7,998,1,11,FORD FOCUS,6,E01019405,0,-1
2023991325001,2023,991325001,2,9,0,16,19,1,4,0,0,0,0,0,0,0,1,1,2,2,2,20,4,1997,2,12,FORD FOCUS,9,-1,0,-1
2023311381802,2023,311381802,2,9,0,18,19,1,5,0,0,2,0,0,0,0,2,1,5,6,1,61,9,998,1,10,FORD FOCUS,10,E01029903,0,-1
2023052302151,2023,052302151,2,9,0,18,19,1,5,0,0,8,0,0,0,0,4,1,6,6,1,38,7,1596,1,15,FORD FOCUS,3,E01012369,0,-1
2023010421133,2023,010421133,1,9,0,18,19,7,3,0,0,0,0,0,0,0,1,1,6,6,1,26,6,1596,1,8,FORD FOCUS,3,E01003563,0,-1
2023411315883,2023,411315883,2,9,0,17,19,8,5,0,0,0,1,10,0,0,3,1,5,6,1,23,5,1596,1,17,FORD FOCUS,5,E01002212,0,-1
2023531261951,2023,531261951,1,9,0,5,5,2,6,0,0,0,0,0,0,0,4,1,6,6,1,59,9,1560,2,13,FORD FOCUS,2,E01022164,0,-1
2023010445965,2023,010445965,2,9,0,99,99,9,9,99,99,9,9,99,9,99,1,9,6,6,3,85,11,998,1,11,FORD FOCUS,6,E01004532,0,-1
2023501309965,2023,501309965,1,9,0,18,19,5,1,0,0,2,0,10,1,10,4,1,5,6,2,79,11,999,1,3,FORD FOCUS,6,E01020056,0,-1