collision_index,collision_year,collision_ref_no,vehicle_reference,vehicle_type,towing_and_articulation,vehicle_manoeuvre_historic,vehicle_manoeuvre,vehicle_direction_from,vehicle_direction_to,vehicle_location_restricted_lane_historic,vehicle_location_restricted_lane,junction_location,skidding_and_overturning,hit_object_in_carriageway,vehicle_leaving_carriageway,hit_object_off_carriageway,first_point_of_impact,vehicle_left_hand_drive,journey_purpose_of_driver_historic,journey_purpose_of_driver,sex_of_driver,age_of_driver,age_band_of_driver,engine_capacity_cc,propulsion_code,age_of_vehicle,generic_make_model,driver_imd_decile,lsoa_of_driver,escooter_flag,driver_distance_banding
2023221375366,2023,221375366,1,9,0,18,19,7,3,0,0,6,0,0,3,0,4,1,1,1,1,52,8,1198,1,9,NISSAN MICRA,5,E01032371,0,-1
2023531280521,2023,531280521,1,9,0,18,19,7,3,0,0,0,0,0,0,0,4,1,5,6,2,55,8,1240,1,19,NISSAN MICRA,8,E01022140,0,-1
2023332300051,2023,332300051,1,9,0,9,9,5,3,0,0,6,0,0,0,0,1,1,6,6,1,40,7,998,1,21,NISSAN MICRA,2,E01013667,0,-1
2023461321209,2023,461321209,2,9,0,10,10,1,3,0,0,0,0,0,0,0,1,1,6,6,1,37,7,1386,1,18,NISSAN MICRA,4,E01024293,0,-1
2023161392024,2023,161392024,1,9,0,12,12,4,6,0,0,8,0,0,0,0,1,2,6,6,1,35,6,1386,1,15,NISSAN MICRA,3,E01012866,0,-1
2023520400781,2023,520400781,2,9,0,18,19,1,5,0,0,8,0,0,0,0,4,1,6,6,2,51,8,1198,1,9,NISSAN MICRA,8,E01029024,0,-1
2023610008123,2023,610008123,2,9,0,9,9,4,1,0,0,8,0,0,0,0,1,1,6,6,2,89,11,1198,1,9,NISSAN MICRA,9,W01001494,0,-1
2023302300578,2023,302300578,1,9,0,18,19,8,4,0,0,0,0,0,0,0,1,1,6,6,2,30,6,898,1,6,NISSAN MICRA,6,E01013505,0,-1
2023421312420,2023,421312420,1,9,0,18,19,5,1,0,0,0,0,0,0,0,1,1,5,6,2,25,5,1240,1,15,NISSAN MICRA,3,E01004229,0,-1
2023141375265,2023,141375265,1,9,0,18,19,2,6,0,0,0,0,0,1,1,1,1,5,6,1,65,9,1240,1,20,NISSAN MICRA,1,E01007739,0,-1
2023131348787,2023,131348787,1,9,0,4,4,3,7,0,0,8,0,0,0,0,1,1,6,6,1,33,6,1240,1,14,NISSAN MICRA,1,E01011427,0,-1
2023041366096,2023,041366096,1,9,0,18,19,7,3,0,0,0,0,0,0,0,1,1,5,6,2,49,8,1240,1,14,NISSAN MICRA,9,E01025430,0,-1
2023031369515,2023,031369515,1,9,0,13,13,7,3,0,0,1,0,0,0,0,1,1,5,6,1,64,9,898,1,5,NISSAN MICRA,-1,-1,0,-1
2023061348308,2023,061348308,2,9,0,18,19,5,1,0,0,0,0,0,0,0,2,1,6,6,2,46,8,1198,1,9,NISSAN MICRA,1,E01032557,0,-1
2023461375833,2023,461375833,1,9,0,17,19,5,3,0,0,8,0,0,2,11,1,1,6,6,2,85,11,1198,1,10,NISSAN MICRA,8,E01024259,0,-1
2023411308927,2023,411308927,1,9,0,18,19,5,1,0,0,0,1,0,0,0,1,1,6,6,1,33,6,1240,1,16,NISSAN MICRA,8,E01023629,0,-1
2023010479156,2023,010479156,3,9,0,99,99,9,9,99,99,9,9,99,9,99,9,9,6,6,3,-1,-1,1198,1,8,NISSAN MICRA,-1,-1,0,-1
2023010421730,2023,010421730,1,9,0,9,9,7,4,0,0,8,0,0,0,0,2,1,6,6,2,67,10,1240,1,15,NISSAN MICRA,4,E01000780,0,-1
2023421344257,2023,421344257,1,9,0,6,6,4,4,0,0,0,0,0,0,0,3,1,6,6,1,72,10,998,1,22,NISSAN MICRA,6,E01021769,0,-1
2023991296795,2023,991296795,6,9,0,18,19,5,1,0,0,0,0,0,0,0,1,1,6,6,1,70,10,1198,1,9,NISSAN MICRA,2,-1,0,-1
2023411328285,2023,411328285,2,9,0,9,9,4,2,0,0,1,0,0,0,0,3,1,4,7,2,17,4,1198,1,12,NISSAN MICRA,7,E01023892,0,-1
2023411341303,2023,411341303,1,9,0,18,19,-1,-1,0,0,0,0,0,0,0,2,1,5,6,1,32,6,1240,1,15,NISSAN MICRA,8,E01023666,0,-1
2023451306353,2023,451306353,2,9,0,18,19,1,5,0,0,0,0,0,0,0,4,1,6,6,2,75,10,1198,1,9,NISSAN MICRA,10,E01030437,0,-1
2023421265949,2023,421265949,1,9,0,9,9,2,8,9,9,0,0,0,1,0,0,1,5,6,2,71,10,1198,1,6,NISSAN MICRA,4,E01021367,0,-1
2023122300945,2023,122300945,1,9,0,18,19,4,8,0,0,0,0,0,1,0,1,1,6,6,2,20,4,1240,1,17,NISSAN MICRA,7,E01027572,0,-1
2023440409258,2023,440409258,1,9,0,18,19,2,6,0,0,0,0,0,0,0,1,1,6,6,1,21,5,998,1,23,NISSAN MICRA,7,E01017893,0,-1
2023141306850,2023,141306850,2,9,0,18,19,7,3,0,0,2,0,0,0,0,1,1,5,6,1,24,5,1240,1,20,NISSAN MICRA,6,E01008046,0,-1
2023010434768,2023,010434768,1,9,0,18,19,5,1,0,0,8,0,0,7,1,4,1,2,2,1,23,5,1240,1,15,NISSAN MICRA,2,E01001709,0,-1
2023501371313,2023,501371313,1,9,0,9,9,8,6,0,0,1,0,0,0,0,1,1,6,6,2,31,6,1461,2,6,NISSAN MICRA,2,E01033292,0,-1
2023031308139,2023,031308139,2,9,0,18,19,4,8,0,0,8,0,0,0,0,3,1,6,6,1,17,4,998,1,22,NISSAN MICRA,-1,-1,0,-1
2023440523827,2023,440523827,1,9,0,18,19,8,4,0,0,0,1,0,1,4,4,1,2,2,1,18,4,1240,1,18,NISSAN MICRA,5,E01023201,0,-1
2023351283880,2023,351283880,1,9,0,18,19,5,7,0,0,0,0,0,0,0,1,1,5,6,2,79,11,1386,1,20,NISSAN MICRA,5,E01015688,0,-1
2023010473449,2023,010473449,1,9,0,99,99,9,9,99,99,9,9,99,9,99,2,9,6,6,1,38,7,1240,1,20,NISSAN MICRA,3,E01000637,0,-1
2023451374555,2023,451374555,1,9,0,14,14,1,5,0,0,1,0,0,0,0,4,1,1,1,2,29,6,1198,1,13,NISSAN MICRA,10,E01030883,0,-1
2023211393717,2023,211393717,2,9,0,18,19,5,1,0,0,1,0,0,0,0,4,1,5,6,2,44,7,999,1,6,NISSAN MICRA,5,E01029464,0,-1
2023552300474,2023,552300474,2,9,0,4,4,3,7,0,0,0,0,0,0,0,2,1,6,6,2,39,7,999,1,2,NISSAN MICRA,5,E01015286,0,-1
2023991260495,2023,991260495,1,9,0,6,6,3,3,0,0,2,0,0,0,0,1,1,5,6,1,28,6,898,1,5,NISSAN MICRA,1,-1,0,-1
2023430519345,2023,430519345,1,9,0,18,19,3,7,0,0,1,0,0,0,0,1,1,6,6,1,20,4,999,1,1,NISSAN MICRA,5,E01028446,0,-1
2023522300118,2023,522300118,2,9,0,99,99,9,9,0,0,0,0,0,0,0,9,1,6,6,3,-1,-1,1240,1,20,NISSAN MICRA,-1,-1,0,-1
2023520001099,2023,520001099,1,9,0,18,19,5,1,0,0,0,5,0,1,0,1,1,6,6,2,23,5,1198,1,7,NISSAN MICRA,7,E01014561,0,-1
2023010485948,2023,010485948,1,9,0,18,19,4,8,0,0,1,2,4,0,0,0,1,6,6,2,62,9,1240,1,14,NISSAN MICRA,6,E01002676,0,-1
2023201390931,2023,201390931,3,9,0,18,19,5,1,0,0,0,0,0,0,0,2,1,6,6,1,55,8,1198,1,8,NISSAN MICRA,2,E01010240,0,-1
2023547482623,2023,547482623,2,9,0,4,4,4,8,0,0,2,0,0,0,0,2,1,6,6,1,51,8,1240,1,17,NISSAN MICRA,6,E01015559,0,-1
2023101346292,2023,101346292,3,9,0,3,3,3,7,0,0,0,0,0,0,0,2,1,6,6,2,-1,-1,1240,1,13,NISSAN MICRA,7,E01008760,0,-1
2023131371461,2023,131371461,1,9,0,16,19,6,2,0,0,1,0,0,0,0,4,1,5,6,1,48,8,999,1,1,NISSAN MICRA,4,E01011794,0,-1
2023010485492,2023,010485492,2,9,0,99,99,9,9,99,99,9,9,99,9,99,9,9,6,6,3,-1,-1,1240,1,16,NISSAN MICRA,4,E01001153,0,-1
2023332301170,2023,332301170,1,9,0,9,9,7,5,0,0,5,0,0,1,0,3,1,6,6,2,45,7,1240,1,18,NISSAN MICRA,3,E01013660,0,-1
2023010425364,2023,010425364,1,9,0,5,5,3,7,0,0,8,0,11,0,0,1,1,6,6,1,64,9,998,1,22,NISSAN MICRA,8,E01004502,0,-1
2023471372335,2023,471372335,2,9,0,9,9,5,1,0,0,2,0,0,0,0,1,1,5,6,1,78,11,1386,1,16,NISSAN MICRA,7,E01031387,0,-1
2023451310491,2023,451310491,1,9,0,18,19,8,4,0,0,1,0,0,0,0,1,1,1,1,1,46,8,1598,1,15,NISSAN MICRA,10,E01002958,0,-1
2023522401075,2023,522401075,1,9,0,18,19,7,3,0,0,1,0,0,0,0,2,1,6,6,1,19,4,1348,1,21,NISSAN MICRA,4,E01015007,0,-1
2023010443248,2023,010443248,1,9,0,18,19,5,1,0,0,1,0,0,0,0,1,1,1,1,2,46,8,1240,1,16,NISSAN MICRA,-1,-1,0,-1
2023010478318,2023,010478318,2,9,0,99,99,9,9,99,99,9,9,99,9,99,9,9,6,6,3,-1,-1,1198,1,10,NISSAN MICRA,-1,-1,0,-1
2023041290913,2023,041290913,1,9,0,7,7,5,1,0,0,8,0,0,0,0,2,1,6,6,2,-1,-1,998,1,20,NISSAN MICRA,-1,-1,0,-1
2023010487854,2023,010487854,2,9,0,99,99,9,9,99,99,9,9,99,9,99,1,9,6,6,3,42,7,1240,1,18,NISSAN MICRA,6,E01000219,0,-1
2023421283663,2023,421283663,2,9,0,4,4,6,2,0,0,1,0,0,0,0,2,1,6,6,1,37,7,1198,1,9,NISSAN MICRA,4,E01021999,0,-1
2023010456132,2023,010456132,1,9,0,7,7,3,4,0,0,1,0,0,0,0,1,1,6,6,2,31,6,1240,1,18,NISSAN MICRA,3,E01002568,0,-1
2023061340457,2023,061340457,1,9,0,18,19,1,5,0,0,1,0,0,0,0,1,1,5,6,2,21,5,1240,1,13,NISSAN MICRA,6,E01005743,0,-1
2023531332058,2023,531332058,3,9,0,4,4,3,7,0,0,0,0,10,0,0,2,2,5,6,2,26,6,1198,1,10,NISSAN MICRA,-1,-1,0,-1
2023010457678,2023,010457678,2,9,0,99,99,9,9,99,99,9,9,99,9,99,1,9,6,6,3,-1,-1,1240,1,17,NISSAN MICRA,-1,-1,0,-1
2023010440957,2023,010440957,1,9,0,18,19,2,6,0,0,0,0,0,0,0,1,1,6,6,2,33,6,1240,1,13,NISSAN MICRA,2,E01000151,0,-1
2023421276747,2023,421276747,2,9,0,4,4,6,4,0,0,0,0,0,0,0,2,1,6,6,2,51,8,1461,2,14,NISSAN MICRA,2,E01015899,0,-1
2023010437479,2023,010437479,1,9,9,99,99,9,9,99,99,9,9,99,0,0,9,9,1,1,2,32,6,1386,1,17,NISSAN MICRA,2,E01003176,0,-1
2023421354158,2023,421354158,2,9,0,18,19,3,8,0,0,8,0,0,0,0,4,1,6,6,2,76,11,1240,1,14,NISSAN MICRA,9,E01015838,0,-1
2023471301506,2023,471301506,1,9,0,18,19,4,8,0,0,0,0,0,0,0,1,1,2,2,1,53,8,1240,1,18,NISSAN MICRA,5,E01031355,0,-1
2023010436775,2023,010436775,1,9,0,18,19,5,1,9,9,1,0,0,0,0,1,1,6,6,1,20,4,1240,1,15,NISSAN MICRA,-1,-1,0,-1
2023622300572,2023,622300572,3,9,0,2,2,0,0,0,0,1,0,0,0,0,2,1,6,6,3,-1,-1,999,1,1,NISSAN MICRA,-1,-1,0,-1
2023141332735,2023,141332735,2,9,0,17,19,2,6,0,0,0,0,0,0,0,1,1,6,6,2,58,9,1240,1,17,NISSAN MICRA,7,E01007596,0,-1
2023010446680,2023,010446680,2,9,0,12,12,1,5,0,0,0,0,0,0,0,1,1,6,6,1,27,6,1348,1,21,NISSAN MICRA,4,E01003672,0,-1
2023131327894,2023,131327894,2,9,0,18,19,1,1,0,0,8,0,0,0,0,4,1,6,6,2,39,7,1240,1,17,NISSAN MICRA,1,E01010731,0,-1
2023010467906,2023,010467906,2,9,0,2,2,0,0,0,0,0,0,0,0,0,1,2,6,6,3,-1,-1,1198,1,12,NISSAN MICRA,-1,-1,0,-1
2023010475092,2023,010475092,1,9,0,18,19,5,1,0,0,4,0,0,0,0,3,1,6,6,2,75,10,1198,1,9,NISSAN MICRA,2,E01001054,0,-1
2023010466314,2023,010466314,1,9,0,18,19,5,1,0,0,2,0,7,0,0,1,1,2,2,2,25,5,999,1,2,NISSAN MICRA,3,E01001701,0,-1
2023141359177,2023,141359177,1,9,0,18,19,8,4,0,0,1,0,0,0,0,1,1,1,1,1,33,6,999,1,6,NISSAN MICRA,5,E01032927,0,-1
2023461380724,2023,461380724,2,9,0,18,19,4,8,0,0,0,0,0,0,0,1,1,6,6,2,23,5,1240,1,16,NISSAN MICRA,7,E01024798,0,-1
2023461363669,2023,461363669,5,9,0,8,8,6,7,0,0,1,0,0,0,0,1,1,6,6,2,30,6,1198,1,8,NISSAN MICRA,7,E01021009,0,-1
2023041337077,2023,041337077,2,9,0,18,19,3,7,0,0,0,0,0,0,0,1,1,5,6,1,75,10,1198,1,10,NISSAN MICRA,4,E01033281,0,-1
2023430032953,2023,430032953,1,9,0,9,9,3,1,0,0,8,0,0,7,0,1,1,6,6,1,45,7,1461,2,13,NISSAN MICRA,6,E01028528,0,-1
202360A121518,2023,60A121518,2,9,0,17,19,3,7,0,0,0,0,0,0,0,3,1,6,6,1,29,6,1240,1,14,NISSAN MICRA,-1,-1,0,-1
2023461285021,2023,461285021,1,9,0,18,19,5,1,0,0,0,0,0,1,0,1,1,6,6,1,23,5,1240,1,18,NISSAN MICRA,4,E01016048,0,-1
2023451354348,2023,451354348,2,9,0,18,19,2,6,0,0,0,0,0,0,0,2,1,2,2,2,61,9,1198,1,10,NISSAN MICRA,10,E01030886,0,-1
2023520400345,2023,520400345,1,9,0,18,19,3,7,0,0,8,0,0,0,0,1,1,6,6,2,70,10,999,1,2,NISSAN MICRA,6,E01032652,0,-1
2023320260641,2023,320260641,1,9,0,9,9,5,3,0,0,8,0,0,0,0,1,1,6,6,1,35,6,1240,1,20,NISSAN MICRA,3,E01026123,0,-1
2023111292447,2023,111292447,2,9,0,2,2,0,0,0,0,1,0,0,0,0,2,1,6,6,2,26,6,1240,1,18,NISSAN MICRA,3,E01020845,0,-1
2023010458766,2023,010458766,3,9,0,2,2,0,0,0,0,1,0,0,0,0,2,1,6,6,3,-1,-1,1240,1,17,NISSAN MICRA,-1,-1,0,-1
2023161306773,2023,161306773,1,9,0,18,19,3,7,0,0,0,0,4,0,0,1,1,6,6,1,18,4,1240,1,14,NISSAN MICRA,-1,-1,0,-1
2023061286895,2023,061286895,1,9,0,18,19,-1,-1,0,0,1,0,4,0,0,1,1,6,6,2,29,6,1240,1,16,NISSAN MICRA,-1,-1,0,-1
2023131327413,2023,131327413,1,9,0,18,19,7,3,0,0,8,0,0,0,0,1,1,5,6,2,38,7,1240,1,15,NISSAN MICRA,7,E01011652,0,-1
2023052300335,2023,052300335,1,9,0,18,19,8,4,0,0,0,0,0,0,0,1,1,6,6,2,79,11,1240,1,15,NISSAN MICRA,9,E01006987,0,-1
2023461383561,2023,461383561,1,9,0,18,19,5,1,0,0,2,0,0,0,0,1,1,6,6,1,87,11,1240,1,18,NISSAN MICRA,2,E01016068,0,-1
2023371260739,2023,371260739,1,9,0,18,19,3,7,0,0,0,0,0,8,0,1,1,5,6,1,18,4,1198,1,9,NISSAN MICRA,2,E01030024,0,-1
2023010434590,2023,010434590,1,9,0,18,19,7,3,0,0,8,0,0,0,0,4,1,3,7,2,31,6,1240,1,18,NISSAN MICRA,5,E01002167,0,-1
2023332300062,2023,332300062,2,9,0,18,19,2,6,0,0,1,0,0,0,0,1,1,6,6,2,58,9,1240,1,14,NISSAN MICRA,6,E01013771,0,-1
2023010484418,2023,010484418,1,9,0,6,6,5,5,0,0,0,0,0,0,0,4,1,6,6,2,41,7,1198,1,9,NISSAN MICRA,8,E01000679,0,-1
2023991273050,2023,991273050,1,9,0,18,19,6,2,0,0,0,0,0,0,0,1,1,5,6,2,33,6,1461,2,6,NISSAN MICRA,5,-1,0,-1
2023549749223,2023,549749223,1,9,0,18,19,1,5,0,0,1,0,0,6,1,1,1,1,1,2,41,7,1348,1,23,NISSAN MICRA,6,E01032011,0,-1
2023501373348,2023,501373348,1,9,0,16,19,7,3,0,0,0,2,0,7,3,1,1,5,6,2,54,8,1386,1,14,NISSAN MICRA,4,E01029338,0,-1
2023991344158,2023,991344158,1,9,0,13,13,6,2,0,0,0,5,0,0,0,4,1,2,2,1,50,8,1240,1,13,NISSAN MICRA,7,-1,0,-1
2023061388867,2023,061388867,2,9,0,18,19,7,3,0,0,0,0,0,0,0,0,1,5,6,1,44,7,1240,1,14,NISSAN MICRA,1,E01005482,0,-1
2023991369776,2023,991369776,1,9,0,7,7,1,4,0,0,3,0,0,0,0,3,1,2,2,2,38,7,999,1,3,NISSAN MICRA,9,-1,0,-1
2023541958323,2023,541958323,1,9,0,18,19,3,7,0,0,6,0,0,0,0,1,1,6,6,2,46,8,1386,1,19,NISSAN MICRA,2,E01015476,0,-1
2023010431825,2023,010431825,1,9,0,99,99,9,9,99,99,9,9,99,9,99,9,9,6,6,2,43,7,1240,1,14,NISSAN MICRA,8,E01004179,0,-1
2023361274876,2023,361274876,1,9,0,16,19,7,3,0,0,0,5,0,7,0,1,1,5,6,2,88,11,998,1,22,NISSAN MICRA,5,E01026894,0,-1
2023010457204,2023,010457204,3,9,0,3,3,8,4,0,0,1,0,0,0,0,1,1,6,6,2,73,10,1240,1,15,NISSAN MICRA,9,E01000827,0,-1
2023010479997,2023,010479997,1,9,0,18,19,7,3,0,0,8,0,0,0,0,3,1,6,6,2,40,7,1198,1,11,NISSAN MICRA,6,E01000816,0,-1
2023010429768,2023,010429768,4,9,0,2,2,0,0,0,0,0,0,0,0,0,2,1,6,6,3,-1,-1,1198,1,10,NISSAN MICRA,-1,-1,0,-1
2023201289791,2023,201289791,1,9,0,9,9,1,7,0,0,5,0,0,0,0,1,1,6,6,1,59,9,1240,1,14,NISSAN MICRA,3,E01010458,0,-1
2023340NN1052,2023,340NN1052,2,9,0,17,19,8,5,0,0,1,0,0,7,0,1,1,6,6,1,73,10,1198,1,7,NISSAN MICRA,4,E01026982,0,-1
2023010448410,2023,010448410,1,9,0,9,9,8,6,0,0,6,0,0,0,0,4,1,6,6,2,56,9,1198,1,10,NISSAN MICRA,2,E01004185,0,-1
2023371342427,2023,371342427,1,9,0,13,13,1,4,0,0,0,0,0,0,0,1,1,5,6,2,80,11,1240,1,14,NISSAN MICRA,6,E01030150,0,-1
2023361333590,2023,361333590,4,9,0,4,4,8,4,0,0,0,0,0,0,0,2,1,5,6,2,70,10,1198,1,12,NISSAN MICRA,3,E01026853,0,-1
2023070300819,2023,070300819,1,9,0,16,19,3,7,0,0,0,0,0,1,1,1,1,6,6,1,86,11,1198,1,9,NISSAN MICRA,10,E01005849,0,-1
2023101385870,2023,101385870,2,9,0,18,19,5,1,0,0,1,0,0,0,0,1,1,6,6,2,70,10,1198,1,12,NISSAN MICRA,5,E01027441,0,-1
2023010456503,2023,010456503,1,9,0,99,99,9,9,99,99,9,9,99,9,99,0,1,6,6,1,51,8,1198,1,11,NISSAN MICRA,7,E01002222,0,-1
2023010479335,2023,010479335,1,9,0,9,9,8,5,0,0,1,0,0,0,0,1,1,6,6,1,29,6,999,1,2,NISSAN MICRA,3,E01033092,0,-1
2023340WN6312,2023,340WN6312,1,9,0,18,19,4,8,0,0,0,0,0,0,0,3,1,2,2,1,62,9,998,1,20,NISSAN MICRA,9,E01027144,0,-1
2023451313870,2023,451313870,2,9,0,7,7,4,8,0,0,6,0,0,0,0,1,1,5,6,2,77,11,1198,1,8,NISSAN MICRA,9,E01030715,0,-1
2023421341873,2023,421341873,3,9,0,18,19,1,5,0,0,1,1,0,0,0,1,1,5,6,1,74,10,998,1,22,NISSAN MICRA,5,E01021906,0,-1
2023141284508,2023,141284508,1,9,0,11,11,1,6,0,0,1,0,0,0,0,0,1,5,6,1,59,9,1240,1,19,NISSAN MICRA,1,E01033269,0,-1
2023221349901,2023,221349901,2,9,0,3,3,2,6,0,0,1,0,0,0,0,2,1,5,6,2,45,7,898,1,6,NISSAN MICRA,8,E01032329,0,-1
2023461327102,2023,461327102,2,9,0,18,19,7,4,0,0,1,0,0,0,0,1,1,5,6,1,20,4,1348,1,21,NISSAN MICRA,10,E01024820,0,-1
2023501305162,2023,501305162,1,9,0,18,19,3,3,0,0,0,0,0,0,0,4,1,5,6,2,83,11,1240,1,15,NISSAN MICRA,9,E01020058,0,-1
2023010475422,2023,010475422,2,9,0,99,99,9,9,99,99,9,9,99,9,99,9,9,6,6,3,-1,-1,1240,1,17,NISSAN MICRA,-1,-1,0,-1
2023141388112,2023,141388112,1,9,0,18,19,5,1,0,0,6,0,0,0,0,4,1,5,6,1,79,11,1198,1,11,NISSAN MICRA,10,E01007920,0,-1
2023520300895,2023,520300895,1,9,0,18,19,2,7,0,0,0,0,0,0,0,1,1,6,6,2,19,4,1198,1,12,NISSAN MICRA,10,E01029244,0,-1
2023131290707,2023,131290707,1,9,0,18,19,1,5,0,0,8,5,0,0,0,1,1,5,6,1,22,5,1240,1,15,NISSAN MICRA,2,E01011237,0,-1
2023361316595,2023,361316595,1,9,0,5,5,-1,-1,0,0,0,0,0,1,10,1,1,2,2,2,52,8,1240,1,17,NISSAN MICRA,1,E01026867,0,-1
2023221390571,2023,221390571,2,9,0,2,2,0,0,0,0,0,0,0,0,0,3,1,6,6,2,48,8,1240,1,14,NISSAN MICRA,4,E01014015,0,-1
2023010442817,2023,010442817,1,9,0,18,19,3,7,0,0,3,0,0,0,0,4,1,6,6,2,30,6,898,1,4,NISSAN MICRA,5,E01004086,0,-1
2023451368110,2023,451368110,2,9,0,18,19,5,1,0,0,1,0,0,0,0,1,1,5,6,1,19,4,999,1,3,NISSAN MICRA,1,E01001080,0,-1
2023131266480,2023,131266480,1,9,0,18,19,8,8,0,0,0,0,0,0,0,1,1,2,2,3,25,5,1598,1,17,NISSAN MICRA,2,E01011378,0,-1
2023131318331,2023,131318331,2,9,0,18,19,1,5,0,0,8,0,0,0,0,1,1,2,2,1,36,7,1240,1,14,NISSAN MICRA,2,E01011681,0,-1
2023501366532,2023,501366532,1,9,0,9,9,3,1,0,0,8,0,0,0,0,3,1,6,6,2,73,10,998,1,24,NISSAN MICRA,8,E01019910,0,-1
2023411344320,2023,411344320,2,9,0,18,19,6,2,0,0,0,0,0,0,0,2,1,5,6,1,53,8,1461,2,6,NISSAN MICRA,7,E01023913,0,-1
2023461379487,2023,461379487,1,9,0,18,19,7,3,0,0,6,0,0,0,0,1,1,5,6,2,72,10,1198,1,7,NISSAN MICRA,-1,-1,0,-1
2023010473081,2023,010473081,2,9,0,99,99,9,9,99,99,9,9,99,9,99,9,9,6,6,3,-1,-1,1240,1,18,NISSAN MICRA,-1,-1,0,-1
2023421322502,2023,421322502,1,9,0,18,19,5,1,0,0,1,0,0,0,0,1,1,5,6,2,86,11,1240,1,18,NISSAN MICRA,9,E01021940,0,-1
2023010468011,2023,010468011,1,9,0,11,11,7,3,0,0,0,0,0,0,0,2,1,6,6,1,65,9,1240,1,18,NISSAN MICRA,1,E01004273,0,-1
2023010424629,2023,010424629,1,9,0,99,99,9,9,99,99,9,9,99,9,99,2,9,6,6,2,40,7,1198,1,12,NISSAN MICRA,4,E01003412,0,-1
2023041292675,2023,041292675,1,9,0,6,6,5,1,0,0,0,0,0,0,0,3,1,5,6,2,64,9,1386,1,16,NISSAN MICRA,8,E01024948,0,-1
2023340WN6442,2023,340WN6442,1,9,0,18,19,4,8,0,0,8,0,0,0,0,1,1,6,6,2,37,7,1198,1,7,NISSAN MICRA,2,E01027178,0,-1
2023461394385,2023,461394385,2,9,0,18,19,3,7,0,0,0,0,0,0,0,1,1,2,2,2,32,6,1386,1,18,NISSAN MICRA,1,E01024660,0,-1
2023161347682,2023,161347682,1,9,0,7,7,7,1,0,0,8,0,0,0,0,2,1,2,2,1,63,9,1198,1,8,NISSAN MICRA,2,E01027909,0,-1
2023010454037,2023,010454037,1,9,0,9,9,8,7,0,0,5,0,0,0,0,1,1,6,6,2,23,5,1240,1,13,NISSAN MICRA,4,E01000722,0,-1
2023361278924,2023,361278924,3,9,0,16,19,8,3,0,0,0,0,0,0,0,1,1,5,6,1,75,10,1198,1,8,NISSAN MICRA,2,E01026734,0,-1
2023061372933,2023,061372933,1,9,0,5,5,2,7,0,0,6,0,0,0,0,1,1,2,2,2,65,9,999,1,2,NISSAN MICRA,8,E01032922,0,-1
2023552300525,2023,552300525,1,9,0,5,5,1,7,0,0,6,0,0,0,0,3,1,6,6,1,64,9,1240,1,18,NISSAN MICRA,5,E01015296,0,-1
2023010454067,2023,010454067,1,9,0,5,5,7,3,0,0,4,0,0,0,0,1,1,6,6,1,26,6,898,1,5,NISSAN MICRA,8,E01001614,0,-1
2023061351533,2023,061351533,1,9,0,5,5,-1,-1,0,0,0,0,0,0,0,4,1,6,6,3,-1,-1,1240,1,13,NISSAN MICRA,8,E01005862,0,-1
2023991275892,2023,991275892,1,9,0,18,19,5,1,0,0,0,0,0,0,0,2,1,6,6,1,86,11,1240,1,14,NISSAN MICRA,9,-1,0,-1
2023031309386,2023,031309386,2,9,0,4,4,6,2,0,0,0,0,0,0,0,2,1,5,6,2,32,6,999,1,4,NISSAN MICRA,5,E01019273,0,-1
2023471283518,2023,471283518,1,9,0,17,19,8,6,0,0,0,0,0,1,10,1,1,2,2,2,21,5,998,1,23,NISSAN MICRA,5,E01021100,0,-1
2023430102354,2023,430102354,1,9,0,9,9,7,5,0,0,6,0,0,0,0,3,1,6,6,2,77,11,1240,1,18,NISSAN MICRA,8,E01028510,0,-1
2023440422502,2023,440422502,1,9,0,9,9,3,1,0,0,8,0,10,1,2,1,1,6,6,2,84,11,1240,1,19,NISSAN MICRA,10,E01022531,0,-1
2023411339341,2023,411339341,2,9,0,18,19,5,1,0,0,0,0,0,1,0,1,1,5,6,1,29,6,1240,1,13,NISSAN MICRA,-1,-1,0,-1
2023411394223,2023,411394223,2,9,0,4,4,-1,-1,0,0,4,0,0,0,0,2,1,5,6,1,22,5,1240,1,18,NISSAN MICRA,8,E01023893,0,-1
2023010462150,2023,010462150,1,9,0,10,10,5,2,0,0,2,0,0,0,0,4,1,6,6,2,51,8,1240,1,20,NISSAN MICRA,3,E01000495,0,-1
2023031278506,2023,031278506,1,9,0,18,19,5,1,0,0,0,0,0,0,0,4,1,5,6,1,78,11,1198,1,6,NISSAN MICRA,-1,-1,0,-1
2023010436851,2023,010436851,1,9,0,9,9,5,3,0,0,1,0,0,0,0,3,1,1,1,1,31,6,1240,1,17,NISSAN MICRA,-1,-1,0,-1
2023471324498,2023,471324498,2,9,0,18,19,1,5,0,0,1,0,0,0,0,1,1,6,6,2,75,10,1386,1,15,NISSAN MICRA,5,E01021120,0,-1