collision_index,collision_year,collision_ref_no,vehicle_reference,vehicle_type,towing_and_articulation,vehicle_manoeuvre_historic,vehicle_manoeuvre,vehicle_direction_from,vehicle_direction_to,vehicle_location_restricted_lane_historic,vehicle_location_restricted_lane,junction_location,skidding_and_overturning,hit_object_in_carriageway,vehicle_leaving_carriageway,hit_object_off_carriageway,first_point_of_impact,vehicle_left_hand_drive,journey_purpose_of_driver_historic,journey_purpose_of_driver,sex_of_driver,age_of_driver,age_band_of_driver,engine_capacity_cc,propulsion_code,age_of_vehicle,generic_make_model,driver_imd_decile,lsoa_of_driver,escooter_flag,driver_distance_banding
2023411333990,2023,411333990,2,9,0,3,3,-1,-1,0,0,1,0,0,0,0,2,1,5,6,2,69,10,898,1,6,NISSAN MICRA,7,E01023598,0,-1
2023622300522,2023,622300522,1,9,0,18,19,5,1,0,0,0,0,0,0,0,1,1,6,6,1,35,6,1461,2,5,NISSAN MICRA,4,W01000966,0,-1
2023546892023,2023,546892023,1,9,0,16,19,2,4,0,0,1,0,10,7,10,4,1,6,6,2,80,11,1240,1,13,NISSAN MICRA,7,E01032699,0,-1
2023421310690,2023,421310690,1,9,0,9,9,1,7,0,0,1,0,0,0,0,4,1,5,6,2,83,11,1386,1,18,NISSAN MICRA,6,E01021903,0,-1
2023401341840,2023,401341840,1,9,0,9,9,5,3,0,0,8,0,0,0,0,1,1,6,6,2,26,6,1240,1,18,NISSAN MICRA,3,E01017501,0,-1
2023061323863,2023,061323863,1,9,0,-1,-1,-1,-1,-1,-1,-1,-1,-1,-1,0,-1,1,6,6,3,22,5,1240,1,14,NISSAN MICRA,1,E01005194,0,-1
2023221326568,2023,221326568,2,9,0,2,2,0,0,0,0,0,0,4,0,0,2,1,6,6,2,83,11,998,1,22,NISSAN MICRA,5,E01014055,0,-1
2023461331281,2023,461331281,1,9,0,9,9,6,2,0,0,5,0,0,0,0,0,1,5,6,1,81,11,1240,1,16,NISSAN MICRA,8,E01024259,0,-1
2023531357067,2023,531357067,3,9,0,4,4,6,2,0,0,0,0,0,0,0,2,1,6,6,1,37,7,1240,1,13,NISSAN MICRA,6,E01022260,0,-1
2023440462301,2023,440462301,2,9,0,18,19,4,8,0,0,0,0,0,0,0,1,1,6,6,2,20,4,1240,1,18,NISSAN MICRA,6,E01022940,0,-1
2023041267053,2023,041267053,1,9,0,9,9,1,6,0,0,8,0,0,0,0,3,1,5,6,2,80,11,1240,1,15,NISSAN MICRA,8,E01024935,0,-1
2023440287416,2023,440287416,2,9,0,18,19,7,3,0,0,1,0,0,0,0,3,1,6,6,2,70,10,1275,1,25,NISSAN MICRA,6,E01023028,0,-1
2023531312612,2023,531312612,1,9,0,18,19,5,5,0,0,4,0,0,3,0,1,1,6,6,2,27,6,1240,1,13,NISSAN MICRA,6,E01022377,0,-1
2023010446814,2023,010446814,1,9,0,9,9,7,6,0,0,6,0,0,0,0,3,1,6,6,2,65,9,1240,1,15,NISSAN MICRA,-1,-1,0,-1
2023501338987,2023,501338987,1,9,0,12,12,8,4,0,0,0,0,0,0,0,2,1,5,6,2,43,7,1198,1,6,NISSAN MICRA,1,E01001517,0,-1
2023111383873,2023,111383873,1,9,0,15,15,4,8,0,0,0,0,4,0,0,1,1,6,6,2,60,9,1240,1,14,NISSAN MICRA,8,E01020862,0,-1
2023010422197,2023,010422197,2,9,0,18,19,3,7,0,0,3,1,0,1,0,4,1,6,6,2,55,8,999,1,2,NISSAN MICRA,7,E01000818,0,-1
2023541285923,2023,541285923,1,9,0,18,19,6,3,0,0,0,0,0,7,4,1,1,6,6,1,17,4,1240,1,13,NISSAN MICRA,9,E01031929,0,-1
2023302301971,2023,302301971,2,9,0,18,19,4,7,0,0,8,0,0,0,0,3,1,6,6,2,25,5,1461,2,19,NISSAN MICRA,1,E01013456,0,-1
2023061278062,2023,061278062,2,9,0,2,2,0,0,0,0,0,0,0,0,0,2,1,6,6,3,-1,-1,1240,1,19,NISSAN MICRA,-1,-1,0,-1
2023201370567,2023,201370567,2,9,0,9,9,4,2,0,0,5,0,0,0,0,3,1,5,6,2,55,8,1198,1,7,NISSAN MICRA,2,E01009091,0,-1
2023201283339,2023,201283339,1,9,0,18,19,3,7,0,0,0,0,0,0,0,1,1,6,6,1,29,6,1198,1,11,NISSAN MICRA,1,E01009475,0,-1
2023461307882,2023,461307882,2,9,0,18,19,1,5,0,0,1,0,0,0,0,4,1,2,2,2,65,9,898,1,5,NISSAN MICRA,6,E01024700,0,-1
2023440293548,2023,440293548,1,9,0,7,7,7,2,0,0,4,0,0,0,0,4,1,6,6,2,51,8,898,1,5,NISSAN MICRA,1,E01004754,0,-1
2023141332535,2023,141332535,1,9,0,18,19,1,5,0,0,0,5,0,7,4,1,1,5,6,1,19,4,1461,2,20,NISSAN MICRA,8,E01026530,0,-1
2023440013058,2023,440013058,2,9,0,4,4,4,8,0,0,1,1,0,0,0,1,1,1,1,2,49,8,998,1,28,NISSAN MICRA,1,E01017332,0,-1
2023010472127,2023,010472127,1,9,0,18,19,2,6,0,0,1,0,0,0,0,1,1,6,6,1,18,4,998,1,21,NISSAN MICRA,8,E01001470,0,-1
2023101328421,2023,101328421,1,9,0,18,19,1,5,0,0,0,1,4,0,0,1,1,6,6,1,48,8,1240,1,14,NISSAN MICRA,8,E01033481,0,-1
2023101296489,2023,101296489,1,9,0,16,19,1,5,0,0,0,0,0,0,0,1,1,5,6,2,63,9,1198,1,11,NISSAN MICRA,7,E01027510,0,-1
2023421296798,2023,421296798,1,9,0,7,7,8,3,0,0,0,0,0,7,0,1,1,1,1,1,42,7,998,1,21,NISSAN MICRA,1,E01021703,0,-1
2023471277538,2023,471277538,1,9,0,18,19,2,6,0,0,6,0,0,0,0,1,1,6,6,1,91,11,1240,1,20,NISSAN MICRA,8,E01031491,0,-1
2023131360823,2023,131360823,1,9,0,7,7,3,5,0,0,1,0,0,0,0,1,1,5,6,2,63,9,1198,1,12,NISSAN MICRA,2,E01010715,0,-1
2023131311614,2023,131311614,1,9,0,18,19,1,5,0,0,8,0,0,0,0,1,1,5,6,2,82,11,1198,1,12,NISSAN MICRA,3,E01010810,0,-1
2023430315355,2023,430315355,3,9,0,4,4,4,8,0,0,0,0,0,0,0,2,1,6,6,2,29,6,1240,1,13,NISSAN MICRA,10,E01028606,0,-1
2023122300230,2023,122300230,2,9,0,9,9,1,7,0,0,8,1,0,0,0,4,2,1,1,1,51,8,1461,2,14,NISSAN MICRA,4,E01027861,0,-1
2023440459575,2023,440459575,1,9,0,18,19,7,3,0,0,1,0,0,0,0,1,1,6,6,1,20,4,1198,1,9,NISSAN MICRA,2,E01017169,0,-1
2023161280182,2023,161280182,1,9,0,3,3,1,5,0,0,8,0,0,0,0,1,1,5,6,2,61,9,1240,1,19,NISSAN MICRA,5,E01012772,0,-1
2023320118242,2023,320118242,2,9,0,18,19,6,2,0,0,0,0,0,0,0,3,1,2,2,1,19,4,998,1,24,NISSAN MICRA,-1,-1,0,-1
2023052302747,2023,052302747,2,9,0,18,19,5,1,0,0,8,0,0,0,0,3,1,6,6,1,72,10,999,1,3,NISSAN MICRA,7,E01006973,0,-1
2023211345496,2023,211345496,1,9,0,18,19,5,1,0,0,0,0,0,7,4,1,1,2,2,1,20,4,998,1,27,NISSAN MICRA,5,E01029689,0,-1
2023520301805,2023,520301805,2,9,0,4,4,8,4,0,0,1,0,0,0,0,2,1,6,6,2,26,6,1240,1,18,NISSAN MICRA,3,E01029112,0,-1
2023320745884,2023,320745884,1,9,0,9,9,1,7,0,0,6,0,0,0,0,1,1,1,1,2,61,9,999,1,4,NISSAN MICRA,2,E01026094,0,-1
2023221290317,2023,221290317,2,9,0,17,19,7,5,0,0,0,0,0,0,0,1,1,5,6,1,58,9,1240,1,13,NISSAN MICRA,5,E01014000,0,-1
2023101311098,2023,101311098,2,9,0,16,19,1,5,0,0,8,0,0,0,0,1,1,5,6,2,76,11,1240,1,15,NISSAN MICRA,-1,-1,0,-1
2023471292121,2023,471292121,2,9,0,18,19,7,3,0,0,8,1,0,0,0,1,1,2,2,1,53,8,1198,1,6,NISSAN MICRA,9,E01031422,0,-1
2023471306078,2023,471306078,3,9,0,18,19,2,6,0,0,0,0,0,0,0,1,1,2,2,1,29,6,1348,1,22,NISSAN MICRA,2,E01031341,0,-1
2023543147923,2023,543147923,2,9,0,2,2,0,0,6,6,0,0,0,0,0,1,1,6,6,1,32,6,999,1,1,NISSAN MICRA,10,E01001032,0,-1
2023161383627,2023,161383627,1,9,0,18,19,3,7,0,0,1,1,0,7,0,1,1,6,6,2,18,4,1240,1,14,NISSAN MICRA,7,E01012993,0,-1
2023161291223,2023,161291223,1,9,0,16,19,8,3,0,0,0,0,0,1,1,1,1,5,6,2,20,4,998,1,19,NISSAN MICRA,1,E01012847,0,-1
2023010448739,2023,010448739,1,9,0,99,99,9,9,99,99,9,9,99,9,99,2,9,6,6,2,56,9,1240,1,19,NISSAN MICRA,1,E01003516,0,-1
2023061341731,2023,061341731,2,9,0,10,10,5,3,0,0,1,0,0,0,0,3,1,5,6,2,19,4,999,1,5,NISSAN MICRA,10,E01019727,0,-1
2023131310234,2023,131310234,2,9,0,3,3,1,5,0,0,1,0,0,0,0,2,1,2,2,1,19,4,1198,1,12,NISSAN MICRA,2,E01011771,0,-1
2023461300536,2023,461300536,1,9,0,18,19,1,5,0,0,6,0,0,0,0,1,1,6,6,2,61,9,1240,1,13,NISSAN MICRA,4,E01024258,0,-1
2023320237818,2023,320237818,1,9,0,9,9,3,1,0,0,6,0,0,0,0,3,1,6,6,2,22,5,1386,1,16,NISSAN MICRA,10,E01026324,0,-1
2023531275321,2023,531275321,1,9,0,18,19,1,5,0,0,8,0,0,0,0,3,1,5,6,1,86,11,999,1,4,NISSAN MICRA,6,E01022348,0,-1
2023332301023,2023,332301023,2,9,0,5,5,5,1,0,0,1,0,0,0,0,1,1,6,6,1,35,6,1275,1,23,NISSAN MICRA,3,E01013763,0,-1
2023201260041,2023,201260041,4,9,0,2,2,0,0,0,0,0,0,0,0,0,0,1,6,6,3,-1,-1,898,1,6,NISSAN MICRA,-1,-1,0,-1
2023010474373,2023,010474373,2,9,0,99,99,9,9,99,99,9,9,99,9,99,9,9,6,6,3,-1,-1,1240,1,19,NISSAN MICRA,-1,-1,0,-1
2023131351882,2023,131351882,1,9,0,9,9,7,5,0,0,4,0,0,0,0,1,1,2,2,1,40,7,1461,2,4,NISSAN MICRA,-1,-1,0,-1
2023311294676,2023,311294676,2,9,0,18,19,1,5,0,0,0,0,0,0,0,1,1,5,6,2,58,9,1198,1,9,NISSAN MICRA,-1,-1,0,-1
2023010425788,2023,010425788,1,9,0,9,9,1,6,0,0,1,0,0,0,0,1,1,6,6,3,-1,-1,1198,1,12,NISSAN MICRA,2,E01003298,0,-1
2023545445823,2023,545445823,2,9,0,18,19,3,7,0,0,1,0,0,1,10,1,1,2,2,1,59,9,1240,1,18,NISSAN MICRA,5,E01031908,0,-1
2023430247095,2023,430247095,2,9,0,18,19,5,1,0,0,6,0,0,0,0,3,1,6,6,2,17,4,1240,1,18,NISSAN MICRA,-1,-1,0,-1
2023311282868,2023,311282868,2,9,0,9,9,4,1,0,0,8,1,0,0,0,1,1,6,6,1,64,9,1198,1,7,NISSAN MICRA,4,E01013903,0,-1
2023061371059,2023,061371059,1,9,0,5,5,1,5,0,0,0,0,0,0,0,4,1,6,6,3,30,6,1240,1,15,NISSAN MICRA,-1,-1,0,-1
2023471327063,2023,471327063,1,9,0,18,19,7,3,0,0,0,1,4,0,0,4,1,2,2,2,79,11,998,1,21,NISSAN MICRA,5,E01021120,0,-1
2023351293677,2023,351293677,2,9,0,7,7,1,5,0,0,2,0,0,0,0,3,1,6,6,2,33,6,1198,1,10,NISSAN MICRA,6,E01033121,0,-1
2023302301644,2023,302301644,1,9,0,5,5,4,8,0,0,0,0,0,0,0,1,1,6,6,2,70,10,1198,1,11,NISSAN MICRA,9,E01019694,0,-1
2023010422070,2023,010422070,1,9,0,5,5,0,1,0,0,0,0,0,0,0,3,1,2,2,1,63,9,898,1,6,NISSAN MICRA,4,E01002307,0,-1
2023340NN3552,2023,340NN3552,1,9,0,18,19,8,4,0,0,3,0,10,1,0,1,1,6,6,1,32,6,1598,1,15,NISSAN MICRA,7,E01026974,0,-1
2023010474206,2023,010474206,1,9,9,99,99,9,9,99,99,0,9,99,9,99,1,1,6,6,2,-1,-1,999,1,3,NISSAN MICRA,3,E01003585,0,-1
2023141286786,2023,141286786,1,9,0,10,10,2,7,0,0,2,0,0,0,0,1,1,5,6,2,61,9,1198,1,6,NISSAN MICRA,8,E01007678,0,-1
2023010480959,2023,010480959,1,9,0,99,99,9,9,99,99,9,9,99,9,99,2,9,6,6,2,27,6,1240,1,18,NISSAN MICRA,2,E01001775,0,-1
2023351334377,2023,351334377,1,9,0,18,19,7,3,0,0,0,1,11,1,4,1,1,6,6,1,17,4,999,1,1,NISSAN MICRA,8,E01018003,0,-1
2023211312038,2023,211312038,2,9,0,7,7,8,1,0,0,0,0,0,0,0,1,1,2,2,1,32,6,1240,1,17,NISSAN MICRA,-1,-1,0,-1
2023010455875,2023,010455875,1,9,0,99,99,9,9,99,99,0,9,99,9,99,2,9,2,2,1,29,6,1240,1,16,NISSAN MICRA,2,E01003993,0,-1
2023552300853,2023,552300853,3,9,0,3,3,7,3,0,0,0,0,0,0,0,3,1,6,6,2,71,10,1240,1,16,NISSAN MICRA,9,E01019124,0,-1
2023010452845,2023,010452845,2,9,0,7,7,1,3,0,0,1,0,0,0,0,1,1,6,6,3,-1,-1,999,1,2,NISSAN MICRA,-1,-1,0,-1
2023320255050,2023,320255050,1,9,0,18,19,4,8,0,0,0,1,0,1,4,2,1,6,6,1,46,8,1240,1,14,NISSAN MICRA,1,E01007406,0,-1
2023361337938,2023,361337938,1,9,0,10,10,2,6,0,0,0,0,0,0,0,2,1,6,6,1,63,9,1240,1,15,NISSAN MICRA,8,E01026551,0,-1
2023451262688,2023,451262688,1,9,0,1,1,6,2,0,0,0,0,0,0,0,2,1,5,6,2,70,10,1198,1,12,NISSAN MICRA,10,E01030540,0,-1
2023471311925,2023,471311925,3,9,0,3,3,3,7,0,0,1,0,0,0,0,2,1,6,6,2,20,4,1198,1,8,NISSAN MICRA,7,E01031351,0,-1
2023430083136,2023,430083136,1,9,0,18,19,8,4,0,0,0,0,0,0,0,1,1,6,6,1,-1,-1,1198,1,10,NISSAN MICRA,-1,-1,0,-1
2023010450460,2023,010450460,2,9,0,99,99,9,9,99,99,9,9,99,9,99,1,9,6,6,3,-1,-1,998,1,22,NISSAN MICRA,-1,-1,0,-1
2023501370996,2023,501370996,1,9,0,18,19,5,3,0,0,4,0,0,0,0,3,1,6,6,2,22,5,1240,1,18,NISSAN MICRA,2,E01015218,0,-1
2023552301404,2023,552301404,1,9,0,18,19,4,1,0,0,6,0,0,0,0,1,1,2,2,2,40,7,1240,1,20,NISSAN MICRA,2,E01015367,0,-1
2023041411847,2023,041411847,1,9,0,18,19,3,7,0,0,4,0,0,0,0,3,1,6,6,1,17,4,1461,2,6,NISSAN MICRA,2,E01025245,0,-1
2023031307240,2023,031307240,1,9,0,18,19,5,1,0,0,0,1,0,0,0,3,1,5,6,1,60,9,1198,1,9,NISSAN MICRA,3,E01012194,0,-1
2023010455419,2023,010455419,1,9,0,3,3,3,7,0,0,0,0,0,0,0,2,1,6,6,1,29,6,1198,1,9,NISSAN MICRA,10,E01023846,0,-1
2023101290319,2023,101290319,1,9,0,18,19,3,2,0,0,8,0,0,0,0,3,1,6,6,1,29,6,1240,1,16,NISSAN MICRA,1,E01008641,0,-1
2023010467188,2023,010467188,2,9,0,9,9,5,2,0,0,2,0,0,0,0,3,1,3,7,2,37,7,1240,1,15,NISSAN MICRA,-1,-1,0,-1
2023531281545,2023,531281545,1,9,0,5,5,1,5,0,0,8,0,0,0,0,4,1,4,7,2,28,6,1198,1,8,NISSAN MICRA,9,E01022443,0,-1
2023170S10663,2023,170S10663,2,9,0,4,4,2,4,0,0,7,0,0,0,0,2,1,6,6,2,29,6,1240,1,13,NISSAN MICRA,2,E01012031,0,-1
2023991324716,2023,991324716,2,9,0,18,19,5,3,0,0,3,0,0,0,0,3,1,5,6,2,30,6,898,1,6,NISSAN MICRA,3,-1,0,-1
2023201282085,2023,201282085,1,9,0,18,19,2,6,0,0,1,0,0,0,0,1,1,6,6,2,41,7,1240,1,16,NISSAN MICRA,2,E01010101,0,-1
2023010475887,2023,010475887,1,9,0,9,9,8,5,0,0,5,0,0,0,0,1,1,6,6,1,53,8,1348,1,21,NISSAN MICRA,3,E01000167,0,-1
2023131375061,2023,131375061,5,9,0,18,19,7,3,0,0,0,0,0,0,0,1,1,2,2,1,29,6,1240,1,15,NISSAN MICRA,3,E01010836,0,-1
2023122300309,2023,122300309,1,9,0,18,19,5,2,0,0,0,0,0,1,11,1,1,1,1,1,50,8,1240,1,17,NISSAN MICRA,1,E01012874,0,-1
2023332300887,2023,332300887,1,9,0,4,4,7,3,0,0,1,0,0,0,0,2,1,6,6,1,18,4,998,1,22,NISSAN MICRA,4,E01019689,0,-1
2023010472287,2023,010472287,3,9,0,2,2,0,0,0,0,1,0,0,0,0,2,1,6,6,3,-1,-1,1240,1,14,NISSAN MICRA,-1,-1,0,-1
2023340WN1862,2023,340WN1862,6,9,0,18,19,7,3,0,0,0,0,1,1,0,1,1,1,1,1,50,8,1240,1,15,NISSAN MICRA,9,E01033475,0,-1
2023471311411,2023,471311411,1,9,0,9,9,7,3,0,0,1,0,0,0,0,3,1,6,6,1,-1,-1,998,1,22,NISSAN MICRA,3,E01031752,0,-1
2023131346997,2023,131346997,1,9,0,9,9,2,1,0,0,8,0,0,0,0,4,1,5,6,1,31,6,1240,1,16,NISSAN MICRA,4,E01011546,0,-1
2023991342014,2023,991342014,1,9,0,18,19,3,7,0,0,0,0,0,0,0,1,1,5,6,2,26,6,1198,1,10,NISSAN MICRA,4,-1,0,-1
2023131318793,2023,131318793,1,9,0,3,3,3,7,0,0,0,0,0,0,0,2,1,5,6,2,43,7,999,1,4,NISSAN MICRA,4,E01011075,0,-1
2023161366839,2023,161366839,1,9,0,17,19,1,5,0,0,0,1,0,1,0,1,1,2,2,1,48,8,998,1,22,NISSAN MICRA,2,E01026378,0,-1
2023522300693,2023,522300693,1,9,0,14,14,8,4,0,0,0,0,0,0,0,1,1,6,6,1,80,11,999,1,4,NISSAN MICRA,7,E01014577,0,-1
2023622300732,2023,622300732,1,9,0,7,7,8,2,0,0,6,0,0,0,0,0,1,6,6,1,31,6,1461,2,5,NISSAN MICRA,6,W01001240,0,-1
2023320404262,2023,320404262,1,9,0,18,19,2,6,0,0,8,0,0,1,9,1,1,6,6,1,18,4,1240,1,20,NISSAN MICRA,8,E01032996,0,-1
2023461320614,2023,461320614,2,9,0,2,2,0,0,0,0,8,0,0,0,0,2,1,6,6,2,40,7,999,1,6,NISSAN MICRA,2,E01024686,0,-1
2023010435643,2023,010435643,2,9,0,99,99,9,9,99,99,9,9,99,9,99,1,9,6,6,3,-1,-1,1198,1,6,NISSAN MICRA,-1,-1,0,-1
2023522301569,2023,522301569,2,9,0,18,19,8,4,0,0,0,0,0,0,0,2,1,6,6,1,60,9,1198,1,8,NISSAN MICRA,6,E01022263,0,-1
2023010475291,2023,010475291,2,9,0,18,19,1,5,0,0,8,9,0,0,0,1,9,6,6,3,-1,-1,1198,1,12,NISSAN MICRA,-1,-1,0,-1
2023101372672,2023,101372672,1,9,0,18,19,3,7,0,0,0,0,11,0,0,1,1,5,6,2,21,5,998,1,4,NISSAN MICRA,2,E01027429,0,-1
2023010479299,2023,010479299,2,9,0,99,99,9,9,99,99,9,9,99,9,99,9,9,6,6,3,-1,-1,1240,1,16,NISSAN MICRA,-1,-1,0,-1
2023031305493,2023,031305493,1,9,0,18,19,7,3,0,0,8,0,0,0,0,3,1,3,7,2,66,10,999,1,3,NISSAN MICRA,3,E01019209,0,-1
2023131285972,2023,131285972,1,9,0,18,19,1,5,0,0,8,0,0,0,0,1,1,2,2,1,66,10,1198,1,12,NISSAN MICRA,6,E01019763,0,-1
2023131344421,2023,131344421,1,9,0,18,19,5,1,0,0,0,0,0,0,0,1,1,1,1,1,27,6,1198,1,11,NISSAN MICRA,4,E01011319,0,-1
2023122300786,2023,122300786,1,9,0,18,19,4,8,0,0,0,0,10,7,10,1,1,6,6,2,93,11,1348,1,21,NISSAN MICRA,3,E01027625,0,-1
2023361375729,2023,361375729,1,9,0,18,19,-1,3,0,0,5,0,0,0,0,4,1,6,6,2,17,4,998,1,20,NISSAN MICRA,4,E01026729,0,-1
2023201373316,2023,201373316,1,9,0,1,1,5,1,0,0,6,0,10,1,11,1,1,6,6,2,80,11,1198,1,11,NISSAN MICRA,10,E01009826,0,-1
2023991387465,2023,991387465,1,9,0,18,19,8,6,0,0,1,0,0,0,0,3,1,6,6,1,53,8,1198,1,9,NISSAN MICRA,-1,-1,0,-1
202354C905823,2023,54C905823,1,9,0,9,9,1,6,0,0,6,0,0,0,0,2,1,2,2,1,51,8,1386,1,14,NISSAN MICRA,8,E01015514,0,-1
2023041319585,2023,041319585,1,9,0,18,19,3,7,0,0,8,0,0,0,0,4,1,1,1,1,41,7,1240,1,19,NISSAN MICRA,1,E01025117,0,-1
2023320498215,2023,320498215,1,9,0,3,3,6,2,0,0,0,0,0,0,0,2,1,6,6,2,41,7,898,1,6,NISSAN MICRA,2,E01026049,0,-1
2023451356681,2023,451356681,1,9,0,9,9,1,1,0,0,0,0,4,0,0,1,1,5,6,2,78,11,999,1,2,NISSAN MICRA,3,E01030744,0,-1
2023421263184,2023,421263184,2,9,0,18,19,6,6,0,0,0,0,0,0,0,1,1,5,6,2,20,4,1461,2,13,NISSAN MICRA,5,E01021901,0,-1
2023010465207,2023,010465207,2,9,0,9,9,3,1,0,0,1,0,0,0,0,3,1,6,6,1,48,8,1240,1,19,NISSAN MICRA,6,E01003958,0,-1
2023010424487,2023,010424487,1,9,0,4,4,4,8,0,0,0,0,0,0,0,1,1,6,6,2,79,11,1198,1,11,NISSAN MICRA,8,E01003774,0,-1
2023010437199,2023,010437199,2,9,0,17,19,2,6,0,0,3,0,0,0,0,1,1,2,2,2,77,11,1240,1,13,NISSAN MICRA,7,E01002187,0,-1
2023461330109,2023,461330109,2,9,0,4,4,1,5,0,0,0,0,0,0,0,2,1,2,2,2,18,4,1461,2,13,NISSAN MICRA,8,E01032812,0,-1
2023010442594,2023,010442594,2,9,0,99,99,9,9,99,99,9,9,99,9,99,9,9,6,6,3,-1,-1,1198,1,8,NISSAN MICRA,7,E01021765,0,-1
2023061369152,2023,061369152,1,9,0,18,19,1,5,0,0,8,0,0,0,0,1,1,6,6,2,78,11,1198,1,12,NISSAN MICRA,4,E01006353,0,-1
2023361389426,2023,361389426,1,9,0,9,9,6,3,0,0,5,1,0,0,0,1,1,5,6,2,51,8,1240,1,15,NISSAN MICRA,6,E01026486,0,-1
2023221269048,2023,221269048,2,9,0,18,19,4,8,0,0,0,1,0,0,0,0,1,6,6,1,26,6,1198,1,12,NISSAN MICRA,-1,-1,0,-1
2023552300627,2023,552300627,1,9,0,9,9,4,1,0,0,5,1,0,0,0,1,1,6,6,2,50,8,1240,1,18,NISSAN MICRA,10,E01020402,0,-1
2023221349314,2023,221349314,2,9,0,18,19,1,5,0,0,0,0,0,0,0,2,1,5,6,2,38,7,1240,1,19,NISSAN MICRA,1,E01014729,0,-1
2023471339997,2023,471339997,2,9,0,2,2,0,0,0,0,0,0,0,0,0,2,1,6,6,3,-1,-1,1240,1,15,NISSAN MICRA,-1,-1,0,-1
2023440489094,2023,440489094,1,9,0,9,9,1,7,0,0,2,0,0,0,0,1,1,2,2,1,64,9,1198,1,9,NISSAN MICRA,5,E01017304,0,-1
2023401311319,2023,401311319,2,9,0,6,6,4,8,0,0,0,0,0,7,0,3,1,6,6,1,31,6,998,1,25,NISSAN MICRA,5,E01015763,0,-1
2023311374547,2023,311374547,1,9,0,10,10,5,3,0,0,1,0,0,0,0,0,1,6,6,1,74,10,1240,1,14,NISSAN MICRA,1,E01013878,0,-1
2023061326726,2023,061326726,1,9,0,4,4,5,1,0,0,0,0,0,0,0,1,1,5,6,2,82,11,1198,1,7,NISSAN MICRA,3,E01005505,0,-1
2023010472606,2023,010472606,1,9,0,9,9,7,5,0,0,8,0,0,0,0,2,1,2,2,1,42,7,998,1,21,NISSAN MICRA,7,E01003906,0,-1
2023201430169,2023,201430169,2,9,0,5,5,6,2,0,0,8,0,0,0,0,2,1,6,6,2,33,6,1240,1,17,NISSAN MICRA,2,E01010021,0,-1
2023201405803,2023,201405803,2,9,0,9,9,6,4,0,0,5,0,0,0,0,3,1,6,6,1,18,4,1198,1,7,NISSAN MICRA,10,E01010193,0,-1
2023010446768,2023,010446768,2,9,0,99,99,9,9,99,99,9,9,99,9,99,9,9,6,6,1,37,7,1198,1,9,NISSAN MICRA,3,E01001505,0,-1
2023010424349,2023,010424349,1,9,0,9,9,6,4,0,0,6,0,0,0,0,1,1,6,6,2,20,4,1240,1,13,NISSAN MICRA,3,E01002133,0,-1
2023170H10383,2023,170H10383,2,9,0,4,4,3,7,0,0,0,0,0,0,0,2,1,6,6,2,28,6,999,1,6,NISSAN MICRA,-1,-1,0,-1
2023520400164,2023,520400164,1,9,0,18,19,5,1,0,0,0,2,0,0,0,4,1,6,6,1,19,4,1240,1,18,NISSAN MICRA,5,E01029336,0,-1
2023991338548,2023,991338548,2,9,0,17,19,3,8,0,0,6,0,0,0,0,1,1,5,6,2,71,10,1198,1,8,NISSAN MICRA,3,-1,0,-1
2023010478104,2023,010478104,2,9,0,99,99,9,9,99,99,9,9,99,9,99,1,9,6,6,3,-1,-1,998,1,4,NISSAN MICRA,3,E01003122,0,-1
2023061301287,2023,061301287,1,9,-1,-1,-1,-1,-1,-1,-1,0,-1,-1,-1,0,-1,1,6,6,1,-1,-1,1240,1,18,NISSAN MICRA,2,E01005274,0,-1
2023041371191,2023,041371191,2,9,0,18,19,1,1,0,0,1,0,0,0,0,4,1,5,6,1,76,11,999,1,1,NISSAN MICRA,4,E01025405,0,-1
2023211262692,2023,211262692,1,9,0,4,4,2,6,0,0,6,0,0,0,0,1,1,6,6,1,42,7,1198,1,11,NISSAN MICRA,4,E01014271,0,-1
2023101347525,2023,101347525,1,9,0,15,15,3,3,0,0,8,0,0,0,0,1,1,2,2,1,52,8,1240,1,14,NISSAN MICRA,2,E01008744,0,-1
2023141283617,2023,141283617,1,9,0,15,15,1,1,0,0,0,0,0,0,0,1,1,5,6,1,43,7,1198,1,12,NISSAN MICRA,7,E01007741,0,-1
2023010451090,2023,010451090,1,9,0,18,19,2,6,0,0,1,0,7,7,0,1,1,6,6,1,19,4,1461,2,5,NISSAN MICRA,8,E01003004,0,-1
2023010440802,2023,010440802,1,9,0,9,9,3,8,0,0,8,0,0,0,0,1,1,6,6,1,25,5,898,1,5,NISSAN MICRA,2,E01003582,0,-1
2023010469160,2023,010469160,1,9,0,18,19,5,1,0,0,0,0,0,0,0,3,1,6,6,2,46,8,999,1,1,NISSAN MICRA,2,E01000075,0,-1
2023201276892,2023,201276892,1,9,0,18,19,-1,-1,0,0,0,0,0,0,0,1,1,6,6,2,-1,-1,1240,1,17,NISSAN MICRA,-1,-1,0,-1