collision_index,collision_year,collision_ref_no,vehicle_reference,vehicle_type,towing_and_articulation,vehicle_manoeuvre_historic,vehicle_manoeuvre,vehicle_direction_from,vehicle_direction_to,vehicle_location_restricted_lane_historic,vehicle_location_restricted_lane,junction_location,skidding_and_overturning,hit_object_in_carriageway,vehicle_leaving_carriageway,hit_object_off_carriageway,first_point_of_impact,vehicle_left_hand_drive,journey_purpose_of_driver_historic,journey_purpose_of_driver,sex_of_driver,age_of_driver,age_band_of_driver,engine_capacity_cc,propulsion_code,age_of_vehicle,generic_make_model,driver_imd_decile,lsoa_of_driver,escooter_flag,driver_distance_banding
2023430009656,2023,430009656,1,9,0,13,13,2,6,0,0,0,0,0,0,0,4,1,6,6,1,42,7,1198,1,11,NISSAN MICRA,8,E01016403,0,-1
2023131269458,2023,131269458,1,9,0,18,19,1,5,0,0,0,0,0,0,0,1,1,2,2,1,60,9,898,1,4,NISSAN MICRA,10,E01011845,0,-1
2023451341372,2023,451341372,2,9,0,2,2,0,0,0,0,0,0,0,0,0,3,1,6,6,2,37,7,1240,1,18,NISSAN MICRA,10,E01030388,0,-1
2023552400008,2023,552400008,1,9,0,9,9,4,2,0,0,5,0,0,0,0,1,1,2,2,2,52,8,1240,1,17,NISSAN MICRA,7,E01015348,0,-1
2023111312842,2023,111312842,1,9,0,9,9,4,1,0,0,2,0,0,0,0,1,1,6,6,1,52,8,1240,1,17,NISSAN MICRA,1,E01020841,0,-1
2023201281150,2023,201281150,2,9,0,9,9,7,3,0,0,6,0,0,0,0,1,1,6,6,2,-1,-1,1198,1,9,NISSAN MICRA,5,E01009031,0,-1
2023461351257,2023,461351257,2,9,0,18,19,7,3,0,0,8,0,0,0,0,1,1,6,6,2,84,11,1198,1,9,NISSAN MICRA,6,E01024079,0,-1
2023010425014,2023,010425014,2,9,0,99,99,9,9,99,99,9,9,99,9,99,9,9,6,6,3,-1,-1,1198,1,10,NISSAN MICRA,-1,-1,0,-1
2023401362447,2023,401362447,2,9,0,4,4,1,5,0,0,0,0,0,0,0,1,1,6,6,2,25,5,1240,1,19,NISSAN MICRA,8,E01017591,0,-1
2023101335815,2023,101335815,1,9,0,13,13,1,6,0,0,0,0,0,0,0,1,1,6,6,3,-1,-1,1240,1,19,NISSAN MICRA,-1,-1,0,-1
2023010485311,2023,010485311,2,9,9,99,99,9,9,99,99,9,9,99,9,99,9,9,6,6,3,-1,-1,1198,1,12,NISSAN MICRA,-1,-1,0,-1
2023371353767,2023,371353767,2,9,0,7,7,1,3,0,0,5,0,0,0,0,3,1,1,1,1,26,6,1240,1,14,NISSAN MICRA,1,E01033129,0,-1
2023351297919,2023,351297919,1,9,0,16,19,1,3,0,0,0,2,0,1,9,4,1,1,1,2,24,5,1240,1,15,NISSAN MICRA,6,E01018304,0,-1
2023010454299,2023,010454299,2,9,0,99,99,9,9,99,99,9,9,99,9,99,1,9,6,6,3,-1,-1,1240,1,20,NISSAN MICRA,-1,-1,0,-1
2023451282402,2023,451282402,1,9,0,5,5,3,7,0,0,4,0,0,0,0,3,1,3,7,1,24,5,1240,1,13,NISSAN MICRA,1,E01012093,0,-1
2023340WN9132,2023,340WN9132,1,9,0,18,19,5,1,0,0,1,1,0,7,4,0,1,6,6,1,22,5,1240,1,19,NISSAN MICRA,1,E01027168,0,-1
2023401339111,2023,401339111,2,9,0,18,19,2,6,0,0,3,0,0,0,0,4,1,6,6,1,49,8,1198,1,9,NISSAN MICRA,1,E01015795,0,-1
2023010439580,2023,010439580,2,9,0,99,99,9,9,99,99,0,9,99,9,99,9,9,6,6,3,-1,-1,1240,1,16,NISSAN MICRA,-1,-1,0,-1
2023201406928,2023,201406928,2,9,0,9,9,2,8,0,0,6,0,0,0,0,4,1,6,6,2,23,5,1198,1,9,NISSAN MICRA,8,E01009506,0,-1
2023010431661,2023,010431661,3,9,0,2,2,0,0,0,0,0,0,0,0,0,3,2,6,6,3,-1,-1,1240,1,14,NISSAN MICRA,-1,-1,0,-1
2023010440554,2023,010440554,2,9,0,2,2,0,0,0,0,1,0,0,0,0,2,1,6,6,3,-1,-1,1198,1,12,NISSAN MICRA,-1,-1,0,-1
2023430549432,2023,430549432,1,9,0,16,19,2,5,0,0,0,5,0,0,0,1,1,2,2,1,40,7,1240,1,20,NISSAN MICRA,-1,-1,0,-1
2023010447681,2023,010447681,1,9,0,9,9,3,1,0,0,8,0,0,0,0,1,1,6,6,2,77,11,1240,1,18,NISSAN MICRA,9,E01003363,0,-1
2023141291959,2023,141291959,2,9,0,4,4,4,8,0,0,0,0,0,0,0,1,1,6,6,1,-1,-1,1198,1,12,NISSAN MICRA,1,E01007332,0,-1
2023361383234,2023,361383234,1,9,0,18,19,4,2,0,0,0,2,0,1,0,1,1,2,2,2,26,6,1240,1,15,NISSAN MICRA,2,E01033040,0,-1
2023010421685,2023,010421685,2,9,0,11,11,5,1,2,2,0,0,0,0,0,4,1,6,6,2,22,5,999,1,2,NISSAN MICRA,2,E01001555,0,-1
2023161347477,2023,161347477,1,9,0,18,19,3,7,0,0,0,0,0,0,0,1,1,6,6,2,34,6,1598,1,17,NISSAN MICRA,-1,-1,0,-1
2023052300400,2023,052300400,1,9,0,5,5,5,1,0,0,0,0,0,0,0,0,1,6,6,1,62,9,998,1,22,NISSAN MICRA,1,E01006548,0,-1
2023471381685,2023,471381685,2,9,0,13,13,6,5,0,0,8,0,0,0,0,4,1,5,6,1,39,7,999,1,3,NISSAN MICRA,2,E01020910,0,-1
2023031324629,2023,031324629,3,9,0,18,19,5,8,0,0,3,0,0,0,0,3,1,5,6,2,17,4,1240,1,18,NISSAN MICRA,8,E01019223,0,-1
2023302300092,2023,302300092,2,9,0,17,19,6,2,0,0,0,5,0,0,0,1,1,6,6,1,27,6,999,1,3,NISSAN MICRA,-1,-1,0,-1
2023010454863,2023,010454863,1,9,0,2,2,0,0,0,0,1,0,0,0,0,4,1,6,6,3,-1,-1,1240,1,13,NISSAN MICRA,-1,-1,0,-1
2023201277438,2023,201277438,1,9,0,18,19,6,2,0,0,0,0,0,0,0,1,1,6,6,1,59,9,1240,1,18,NISSAN MICRA,1,E01009013,0,-1
2023231301200,2023,231301200,2,9,0,3,3,5,1,0,0,1,0,0,0,0,2,1,6,6,2,51,8,1240,1,20,NISSAN MICRA,7,E01032892,0,-1
2023421397013,2023,421397013,3,9,0,18,19,5,1,0,0,0,0,0,0,0,2,1,6,6,1,60,9,1198,1,10,NISSAN MICRA,6,E01021509,0,-1
2023041360620,2023,041360620,2,9,0,18,19,5,1,0,0,1,1,0,0,0,1,1,5,6,2,24,5,1198,1,9,NISSAN MICRA,1,E01025287,0,-1
2023010484064,2023,010484064,1,9,0,99,99,9,9,99,99,9,9,99,9,99,2,9,2,2,2,33,6,1198,1,9,NISSAN MICRA,2,E01003500,0,-1
2023471393402,2023,471393402,1,9,0,18,19,7,4,0,0,1,0,0,7,11,1,1,6,6,2,77,11,1386,1,14,NISSAN MICRA,6,E01031440,0,-1
2023131290264,2023,131290264,1,9,0,9,9,3,2,0,0,0,0,0,0,0,1,1,5,6,1,35,6,1240,1,20,NISSAN MICRA,2,E01011691,0,-1
2023010481158,2023,010481158,2,9,0,99,99,9,9,99,99,0,9,99,9,99,9,9,6,6,3,-1,-1,1240,1,17,NISSAN MICRA,-1,-1,0,-1
2023052302706,2023,052302706,1,9,0,18,19,1,5,0,0,0,0,0,0,0,4,1,2,2,1,61,9,1198,1,6,NISSAN MICRA,8,E01006683,0,-1
2023052301891,2023,052301891,2,9,0,18,19,3,7,0,0,8,0,0,0,0,3,1,2,2,2,25,5,998,1,5,NISSAN MICRA,8,E01007241,0,-1
2023471350928,2023,471350928,1,9,0,5,5,7,3,0,0,4,0,0,0,0,1,1,5,6,2,72,10,1198,1,7,NISSAN MICRA,9,E01031461,0,-1
2023302300167,2023,302300167,1,9,0,18,19,8,4,0,0,3,0,0,0,0,3,1,6,6,1,-1,-1,999,1,1,NISSAN MICRA,5,E01013595,0,-1
2023122300204,2023,122300204,1,9,0,3,3,1,3,0,0,1,0,0,0,0,2,1,6,6,2,36,7,1240,1,17,NISSAN MICRA,6,E01027878,0,-1
2023010426668,2023,010426668,1,9,0,4,4,3,7,0,0,1,0,0,0,0,1,1,6,6,2,30,6,1386,1,17,NISSAN MICRA,4,E01004526,0,-1
2023052301117,2023,052301117,2,9,0,18,19,1,5,0,0,1,0,0,0,0,3,1,6,6,3,-1,-1,998,1,22,NISSAN MICRA,-1,-1,0,-1
2023041317430,2023,041317430,4,9,0,2,2,0,0,0,0,0,0,0,0,0,2,1,5,6,1,70,10,999,1,4,NISSAN MICRA,2,E01024890,0,-1
2023320159928,2023,320159928,1,9,0,18,19,8,4,0,0,0,5,0,1,2,1,1,6,6,1,26,6,998,1,21,NISSAN MICRA,4,E01026044,0,-1
2023311387394,2023,311387394,1,9,0,9,9,5,1,0,0,2,0,0,0,0,4,1,5,6,1,60,9,1240,1,17,NISSAN MICRA,2,E01028274,0,-1
2023351335892,2023,351335892,1,9,0,15,15,8,4,0,0,0,5,4,0,0,4,1,5,6,1,62,9,1198,1,12,NISSAN MICRA,6,E01018016,0,-1
2023131301881,2023,131301881,2,9,0,18,19,3,7,0,0,0,0,0,0,0,2,1,5,6,1,30,6,1240,1,20,NISSAN MICRA,8,E01011406,0,-1
2023440462173,2023,440462173,1,9,0,17,19,2,8,0,0,0,0,0,0,0,1,1,2,2,1,18,4,1240,1,20,NISSAN MICRA,3,E01023055,0,-1
2023010422595,2023,010422595,2,9,0,9,9,5,3,0,0,5,0,0,0,0,1,2,6,6,1,29,6,1198,1,13,NISSAN MICRA,7,E01002187,0,-1
2023552301000,2023,552301000,2,9,0,18,19,5,1,0,0,0,2,0,1,4,2,1,6,6,2,33,6,1240,1,19,NISSAN MICRA,4,E01023068,0,-1
2023631316021,2023,631316021,2,9,0,17,19,3,8,0,0,0,1,0,1,10,1,1,5,6,2,26,6,1461,2,5,NISSAN MICRA,8,W01001569,0,-1
2023161393884,2023,161393884,1,9,0,18,19,3,7,0,0,3,0,0,0,0,3,1,2,2,2,51,8,1198,1,7,NISSAN MICRA,1,E01012906,0,-1
2023552300720,2023,552300720,1,9,0,7,7,1,2,0,0,5,0,0,0,0,1,1,6,6,2,24,5,1240,1,15,NISSAN MICRA,1,E01015290,0,-1
2023440383192,2023,440383192,1,9,0,18,19,3,7,0,0,0,1,0,0,0,1,1,6,6,2,18,4,1240,1,15,NISSAN MICRA,9,E01022618,0,-1
2023991389025,2023,991389025,1,9,0,3,3,3,1,0,0,1,0,0,1,0,1,1,5,6,1,23,5,1240,1,17,NISSAN MICRA,3,-1,0,-1
2023010448883,2023,010448883,1,9,0,3,3,3,7,0,0,1,0,0,0,0,1,1,6,6,1,32,6,1240,1,17,NISSAN MICRA,4,E01003147,0,-1
2023430163867,2023,430163867,2,9,0,18,19,6,2,0,0,8,0,0,0,0,1,1,6,6,2,-1,-1,1198,1,10,NISSAN MICRA,10,E01016653,0,-1
2023991394145,2023,991394145,2,9,0,18,19,7,3,0,0,0,0,0,0,0,2,1,6,6,2,26,6,999,1,5,NISSAN MICRA,-1,-1,0,-1
2023440308802,2023,440308802,3,9,0,2,2,0,0,0,0,0,0,0,0,0,2,1,6,6,3,-1,-1,1240,1,17,NISSAN MICRA,-1,-1,0,-1
2023131360776,2023,131360776,2,9,0,18,19,3,7,0,0,1,0,0,1,11,4,1,5,6,1,82,11,1198,1,9,NISSAN MICRA,8,E01011743,0,-1
2023061323507,2023,061323507,1,9,0,-1,-1,-1,-1,0,0,0,0,0,0,0,1,1,6,6,1,76,11,1386,1,18,NISSAN MICRA,7,E01004900,0,-1
2023361297737,2023,361297737,1,9,0,18,19,7,2,0,0,1,0,0,0,0,1,1,1,1,2,40,7,998,1,25,NISSAN MICRA,1,E01026662,0,-1
2023101377943,2023,101377943,2,9,0,18,19,2,6,0,0,1,0,0,0,0,2,1,5,6,1,21,5,1461,2,4,NISSAN MICRA,4,E01008568,0,-1
2023010483806,2023,010483806,2,9,0,18,19,7,3,0,0,8,0,0,0,0,1,1,6,6,1,40,7,1240,1,20,NISSAN MICRA,2,E01002633,0,-1
2023122301370,2023,122301370,1,9,0,17,19,5,1,0,0,0,1,0,1,11,1,1,6,6,1,17,4,1240,1,15,NISSAN MICRA,4,E01012240,0,-1
2023070388892,2023,070388892,1,9,0,5,5,4,1,0,0,1,0,0,0,0,4,1,6,6,2,35,6,1386,1,20,NISSAN MICRA,2,E01018467,0,-1
2023010423614,2023,010423614,2,9,0,18,19,1,5,0,0,9,0,0,0,0,1,1,6,6,2,58,9,1240,1,14,NISSAN MICRA,3,E01001434,0,-1
2023201281671,2023,201281671,2,9,0,3,3,4,8,0,0,0,0,0,0,0,2,1,6,6,1,48,8,1198,1,12,NISSAN MICRA,2,E01009758,0,-1
2023010444711,2023,010444711,2,9,0,99,99,9,9,99,99,9,9,99,9,99,9,9,6,6,1,48,8,1198,1,9,NISSAN MICRA,2,E01004255,0,-1
2023522300732,2023,522300732,3,9,0,17,19,6,4,0,0,0,0,0,0,0,1,1,6,6,1,27,6,1461,2,6,NISSAN MICRA,1,E01014596,0,-1
2023052301014,2023,052301014,2,9,0,18,19,1,5,0,0,0,0,0,7,9,3,1,6,6,2,20,4,1240,1,19,NISSAN MICRA,9,E01006936,0,-1
2023421350242,2023,421350242,1,9,0,14,14,5,1,0,0,0,0,0,0,0,1,1,2,2,2,19,4,1240,1,14,NISSAN MICRA,4,E01022028,0,-1
2023010483192,2023,010483192,2,9,0,99,99,9,9,99,99,9,9,99,9,99,1,9,6,6,1,58,9,1240,1,18,NISSAN MICRA,3,E01001742,0,-1
2023361269339,2023,361269339,1,9,0,18,19,2,6,0,0,0,0,0,0,0,1,1,5,6,2,29,6,1461,2,13,NISSAN MICRA,4,E01026806,0,-1
2023440142278,2023,440142278,1,9,0,18,19,6,2,0,0,0,0,0,1,2,1,1,6,6,1,66,10,998,1,21,NISSAN MICRA,4,E01023033,0,-1
2023010472274,2023,010472274,1,9,0,18,19,1,5,0,0,8,0,0,0,0,3,1,6,6,1,22,5,1240,1,15,NISSAN MICRA,2,E01004423,0,-1
2023010425160,2023,010425160,2,9,0,99,99,9,9,99,99,9,9,99,9,99,1,9,6,6,3,-1,-1,998,1,19,NISSAN MICRA,-1,-1,0,-1
2023501392135,2023,501392135,1,9,0,13,13,7,3,0,0,0,2,0,8,0,3,1,5,6,1,28,6,1461,2,13,NISSAN MICRA,4,E01018894,0,-1
2023010433671,2023,010433671,3,9,0,99,99,9,9,99,99,9,9,99,9,99,9,9,6,6,3,-1,-1,1386,1,17,NISSAN MICRA,-1,-1,0,-1
2023311361773,2023,311361773,1,9,0,18,19,5,1,0,0,0,0,0,0,0,1,1,6,6,1,47,8,1198,1,12,NISSAN MICRA,2,E01025700,0,-1
2023421366810,2023,421366810,1,9,0,18,19,1,5,0,0,1,1,0,1,0,1,1,2,2,1,22,5,1275,1,25,NISSAN MICRA,10,E01021466,0,-1
2023552300827,2023,552300827,1,9,0,18,19,4,8,0,0,0,0,0,1,5,1,1,6,6,2,80,11,1240,1,18,NISSAN MICRA,4,E01015326,0,-1
2023041330624,2023,041330624,3,9,0,2,2,0,0,0,0,0,0,0,0,0,2,1,6,6,3,-1,-1,1240,1,13,NISSAN MICRA,-1,-1,0,-1
2023201301878,2023,201301878,1,9,0,18,19,2,6,0,0,0,0,0,0,0,3,1,6,6,1,-1,-1,998,1,23,NISSAN MICRA,1,E01010052,0,-1
2023010479905,2023,010479905,1,9,0,9,9,1,7,9,9,5,1,0,1,10,1,1,6,6,1,80,11,1240,1,14,NISSAN MICRA,8,E01000540,0,-1
202363A010723,2023,63A010723,2,9,0,5,5,7,2,0,0,0,0,0,0,0,2,1,1,1,2,22,5,999,1,5,NISSAN MICRA,8,W01000649,0,-1
2023421312458,2023,421312458,1,9,0,9,9,3,8,0,0,3,0,0,0,0,4,1,5,6,2,52,8,1198,1,6,NISSAN MICRA,5,E01021982,0,-1
2023221283097,2023,221283097,1,9,0,7,7,6,8,0,0,5,0,0,1,9,1,1,5,6,2,42,7,1275,1,29,NISSAN MICRA,5,E01014063,0,-1
2023991344062,2023,991344062,1,9,0,9,9,8,6,0,0,8,0,0,0,0,4,1,6,6,2,28,6,1240,1,18,NISSAN MICRA,3,-1,0,-1
2023461297496,2023,461297496,2,9,0,18,19,3,7,0,0,1,0,0,0,0,4,1,6,6,2,62,9,999,1,0,NISSAN MICRA,5,E01024031,0,-1
2023031363053,2023,031363053,1,9,0,18,19,7,3,0,0,8,0,0,1,0,2,1,6,6,2,69,10,1198,1,7,NISSAN MICRA,-1,-1,0,-1
2023010426495,2023,010426495,2,9,9,99,99,9,9,99,99,9,9,99,9,99,1,9,6,6,3,33,6,1348,1,21,NISSAN MICRA,3,E01002598,0,-1
2023320281059,2023,320281059,2,9,0,2,2,0,0,0,0,0,0,0,0,0,4,1,6,6,3,-1,-1,1386,1,15,NISSAN MICRA,-1,-1,0,-1
2023101326037,2023,101326037,2,9,0,18,19,3,7,0,0,0,0,0,0,0,3,1,5,6,2,39,7,999,1,4,NISSAN MICRA,1,E01008389,0,-1
2023541303223,2023,541303223,1,9,0,9,9,1,7,0,0,1,0,0,0,0,1,1,6,6,2,24,5,1240,1,18,NISSAN MICRA,5,E01031986,0,-1
2023430355046,2023,430355046,1,9,0,18,19,6,2,0,0,0,0,0,0,0,1,1,6,6,1,27,6,1240,1,16,NISSAN MICRA,5,E01017907,0,-1
2023201390251,2023,201390251,2,9,0,18,19,4,8,0,0,2,0,0,0,0,1,1,5,6,3,40,7,1240,1,18,NISSAN MICRA,2,E01010268,0,-1
2023010473530,2023,010473530,2,9,0,99,99,9,9,99,99,9,9,99,9,99,9,9,6,6,3,-1,-1,1386,1,19,NISSAN MICRA,-1,-1,0,-1
2023411264979,2023,411264979,1,9,0,18,19,1,5,0,0,0,0,0,0,0,3,1,6,6,1,60,9,1240,1,14,NISSAN MICRA,1,E01033605,0,-1
2023010445194,2023,010445194,2,9,0,18,19,5,1,0,0,0,0,0,0,0,1,1,6,6,2,43,7,1198,1,12,NISSAN MICRA,7,E01002470,0,-1
2023010435236,2023,010435236,2,9,0,99,99,9,9,99,99,9,9,99,9,99,1,9,6,6,2,57,9,1386,1,18,NISSAN MICRA,1,E01002673,0,-1
2023010478426,2023,010478426,1,9,0,18,19,8,4,0,0,0,0,0,0,0,4,1,6,6,1,66,10,1240,1,17,NISSAN MICRA,5,E01001157,0,-1
2023071235225,2023,071235225,1,9,0,18,19,7,3,0,0,2,0,0,0,10,1,2,6,6,1,74,10,1198,1,11,NISSAN MICRA,8,E01018577,0,-1
2023540835523,2023,540835523,2,9,0,18,19,1,5,0,0,0,0,0,0,0,1,1,6,6,2,17,4,1461,2,6,NISSAN MICRA,8,E01032709,0,-1
2023131267527,2023,131267527,2,9,0,2,2,0,0,0,0,2,0,0,0,0,3,1,6,6,1,32,6,1240,1,14,NISSAN MICRA,1,E01011427,0,-1
2023201379503,2023,201379503,2,9,0,5,5,2,6,0,0,4,0,0,0,0,2,1,6,6,1,34,6,1198,1,11,NISSAN MICRA,6,E01009206,0,-1
2023031383820,2023,031383820,1,9,0,9,9,1,6,0,0,1,0,0,0,0,1,1,6,6,1,35,6,1240,1,14,NISSAN MICRA,4,E01019147,0,-1
2023201404627,2023,201404627,1,9,0,18,19,5,2,0,0,0,1,0,0,0,1,1,6,6,1,22,5,1198,1,12,NISSAN MICRA,4,E01009268,0,-1
2023010474135,2023,010474135,1,9,0,5,5,1,5,0,0,0,0,0,1,0,1,1,1,1,2,53,8,1240,1,20,NISSAN MICRA,6,E01002496,0,-1
2023340NN2742,2023,340NN2742,1,9,0,18,19,5,1,0,0,0,0,0,0,0,4,1,6,6,1,83,11,1198,1,7,NISSAN MICRA,7,E01027102,0,-1
2023010468299,2023,010468299,2,9,0,99,99,9,9,99,99,9,9,99,9,99,1,9,6,6,2,39,7,1198,1,12,NISSAN MICRA,2,E01000078,0,-1
2023302301037,2023,302301037,2,9,0,14,14,2,6,0,0,0,0,0,0,0,4,1,6,6,2,34,6,1386,1,17,NISSAN MICRA,3,E01019667,0,-1
2023351308944,2023,351308944,1,9,0,18,19,1,5,0,0,6,1,0,7,4,2,1,5,6,2,34,6,1240,1,13,NISSAN MICRA,-1,-1,0,-1
2023061371226,2023,061371226,1,9,-1,-1,-1,-1,-1,-1,-1,0,-1,-1,-1,0,-1,1,6,6,3,-1,-1,1461,2,5,NISSAN MICRA,3,E01004868,0,-1
2023061316928,2023,061316928,1,9,0,16,19,6,2,0,0,1,0,0,0,0,1,1,6,6,2,82,11,998,1,19,NISSAN MICRA,8,E01005791,0,-1
2023010441976,2023,010441976,3,9,0,3,3,1,5,0,0,0,0,0,0,0,3,1,2,2,2,62,9,999,1,4,NISSAN MICRA,-1,-1,0,-1
2023131295029,2023,131295029,1,9,0,18,19,7,3,0,0,6,0,0,0,0,1,1,6,6,3,-1,-1,1240,1,13,NISSAN MICRA,-1,-1,0,-1
2023161361975,2023,161361975,1,9,0,8,8,3,5,0,0,0,0,0,0,0,4,1,2,2,2,27,6,898,1,6,NISSAN MICRA,2,E01026382,0,-1
2023201372795,2023,201372795,1,9,0,9,9,6,4,0,0,5,0,0,0,0,1,1,6,6,2,-1,-1,1240,1,15,NISSAN MICRA,-1,-1,0,-1
2023440102014,2023,440102014,1,9,0,18,19,4,8,0,0,0,1,0,0,0,1,1,6,6,2,40,7,1461,2,14,NISSAN MICRA,9,E01022782,0,-1
2023010423166,2023,010423166,1,9,0,99,99,9,9,99,99,0,9,99,9,99,2,9,2,2,2,49,8,1240,1,20,NISSAN MICRA,5,E01003713,0,-1
2023461289944,2023,461289944,1,9,0,9,9,1,5,0,0,1,0,0,0,0,3,1,5,6,2,75,10,1386,1,18,NISSAN MICRA,6,E01024094,0,-1
2023311272593,2023,311272593,1,9,0,3,3,5,1,0,0,0,0,0,0,0,2,1,5,6,1,75,10,1386,1,17,NISSAN MICRA,5,E01027998,0,-1
2023141265494,2023,141265494,3,9,0,18,19,5,1,0,0,0,0,0,0,0,1,1,5,6,2,63,9,1198,1,9,NISSAN MICRA,2,E01008655,0,-1
2023421283157,2023,421283157,2,9,0,2,2,0,0,0,0,0,0,0,0,0,2,1,6,6,3,-1,-1,1240,1,14,NISSAN MICRA,-1,-1,0,-1
2023451386927,2023,451386927,1,9,0,18,19,5,1,0,0,4,0,0,1,0,1,1,5,6,1,72,10,1461,2,17,NISSAN MICRA,7,E01002927,0,-1
2023302300629,2023,302300629,2,9,0,18,19,3,7,0,0,1,0,0,0,0,1,1,6,6,1,64,9,1198,1,12,NISSAN MICRA,3,E01019487,0,-1
2023332301072,2023,332301072,1,9,0,3,3,3,7,0,0,0,0,0,0,0,2,1,6,6,1,36,7,998,1,19,NISSAN MICRA,7,E01027129,0,-1
2023351337772,2023,351337772,2,9,0,18,19,3,7,0,0,8,0,0,0,0,1,1,2,2,1,28,6,988,1,32,NISSAN MICRA,8,E01033116,0,-1
2023010468348,2023,010468348,2,9,0,99,99,9,9,99,99,9,9,99,9,99,9,9,6,6,3,-1,-1,898,1,6,NISSAN MICRA,-1,-1,0,-1
2023311292115,2023,311292115,1,9,0,18,19,4,4,0,0,0,0,0,0,0,1,1,5,6,2,24,5,1198,1,7,NISSAN MICRA,4,E01013936,0,-1
2023010442906,2023,010442906,1,9,0,18,19,7,3,0,0,2,0,0,0,0,1,1,6,6,1,75,10,1198,1,12,NISSAN MICRA,5,E01004548,0,-1
2023552300777,2023,552300777,1,9,0,18,19,7,3,0,0,0,0,0,0,0,1,1,6,6,2,58,9,1240,1,19,NISSAN MICRA,5,E01033283,0,-1
2023461353587,2023,461353587,1,9,0,18,19,7,3,0,0,1,0,0,1,0,4,1,6,6,1,27,6,1240,1,13,NISSAN MICRA,7,E01021803,0,-1
2023471303553,2023,471303553,1,9,0,18,19,6,2,0,0,1,0,0,0,0,1,1,2,2,2,48,8,999,1,2,NISSAN MICRA,6,E01024807,0,-1
2023010472577,2023,010472577,1,9,0,6,6,1,1,0,0,2,0,0,0,0,1,1,6,6,1,61,9,1386,1,19,NISSAN MICRA,5,E01000284,0,-1
2023522300991,2023,522300991,2,9,0,18,19,6,2,0,0,8,0,0,0,0,3,1,6,6,2,47,8,1198,1,7,NISSAN MICRA,4,E01014906,0,-1
2023010446411,2023,010446411,2,9,0,18,19,5,1,0,0,1,0,0,0,0,1,1,6,6,2,38,7,1240,1,18,NISSAN MICRA,6,E01004108,0,-1
2023010428115,2023,010428115,1,9,0,5,5,7,3,0,0,0,0,0,0,0,0,1,6,6,1,55,8,1240,1,18,NISSAN MICRA,2,E01001423,0,-1
2023361274731,2023,361274731,3,9,0,18,19,8,4,0,0,8,0,0,0,0,1,1,6,6,1,58,9,999,1,1,NISSAN MICRA,8,E01026577,0,-1
2023430507720,2023,430507720,1,9,0,9,9,7,5,0,0,5,0,0,0,0,3,1,6,6,1,78,11,1240,1,18,NISSAN MICRA,7,E01028750,0,-1
2023552301037,2023,552301037,1,9,0,4,4,2,6,0,0,0,0,0,0,0,4,1,6,6,2,61,9,1198,1,12,NISSAN MICRA,9,E01020414,0,-1
2023201294256,2023,201294256,1,9,0,9,9,3,1,0,0,2,0,0,0,0,3,1,6,6,2,84,11,1198,1,8,NISSAN MICRA,10,E01009826,0,-1
2023991332359,2023,991332359,2,9,0,17,19,7,3,0,0,0,0,0,0,0,1,1,6,6,2,24,5,999,1,2,NISSAN MICRA,8,-1,0,-1
2023631334012,2023,631334012,1,9,0,18,19,8,4,0,0,1,0,0,0,0,1,1,5,6,2,66,10,1240,1,13,NISSAN MICRA,7,W01001354,0,-1
2023451345656,2023,451345656,1,9,0,7,7,3,7,0,0,1,0,0,3,11,1,1,2,2,2,43,7,1240,1,16,NISSAN MICRA,10,E01030728,0,-1
2023010447636,2023,010447636,3,9,0,2,2,0,0,0,0,0,0,0,0,0,2,1,6,6,3,-1,-1,1198,1,11,NISSAN MICRA,-1,-1,0,-1
2023371354496,2023,371354496,1,9,0,9,9,7,5,0,0,1,0,0,0,0,1,1,5,6,1,74,10,1240,1,18,NISSAN MICRA,5,E01030027,0,-1
2023531361607,2023,531361607,1,9,0,18,19,1,5,0,0,0,0,0,0,0,1,1,1,1,1,60,9,1240,1,16,NISSAN MICRA,8,E01032050,0,-1
2023070380562,2023,070380562,2,9,0,3,3,6,1,0,0,1,0,0,0,0,2,1,6,6,2,55,8,1598,1,16,NISSAN MICRA,2,E01018701,0,-1
2023401267516,2023,401267516,1,9,0,17,19,2,6,0,0,0,1,0,2,4,1,1,6,6,1,23,5,999,1,2,NISSAN MICRA,6,E01015778,0,-1
2023010428255,2023,010428255,2,9,9,99,99,9,9,99,99,9,9,99,9,99,1,9,6,6,3,-1,-1,1240,1,13,NISSAN MICRA,-1,-1,0,-1
2023471263996,2023,471263996,1,9,0,9,9,1,6,0,0,8,0,0,0,0,1,1,6,6,2,82,11,1198,1,8,NISSAN MICRA,8,E01020988,0,-1
2023991316285,2023,991316285,1,9,0,18,19,4,8,0,0,1,0,0,1,0,1,1,6,6,1,69,10,1240,1,17,NISSAN MICRA,8,-1,0,-1
2023440063359,2023,440063359,2,9,0,18,19,4,8,0,0,8,0,0,0,0,1,1,6,6,1,19,4,1240,1,18,NISSAN MICRA,2,E01022655,0,-1