collision_index,collision_year,collision_ref_no,vehicle_reference,vehicle_type,towing_and_articulation,vehicle_manoeuvre_historic,vehicle_manoeuvre,vehicle_direction_from,vehicle_direction_to,vehicle_location_restricted_lane_historic,vehicle_location_restricted_lane,junction_location,skidding_and_overturning,hit_object_in_carriageway,vehicle_leaving_carriageway,hit_object_off_carriageway,first_point_of_impact,vehicle_left_hand_drive,journey_purpose_of_driver_historic,journey_purpose_of_driver,sex_of_driver,age_of_driver,age_band_of_driver,engine_capacity_cc,propulsion_code,age_of_vehicle,generic_make_model,driver_imd_decile,lsoa_of_driver,escooter_flag,driver_distance_banding
2023010447406,2023,010447406,1,9,0,18,19,5,1,0,0,4,0,0,0,0,1,1,3,7,1,53,8,1386,1,16,NISSAN MICRA,1,E01001655,0,-1
2023201340142,2023,201340142,1,9,0,18,19,1,5,0,0,2,0,0,0,0,4,1,6,6,1,22,5,1240,1,14,NISSAN MICRA,1,E01010061,0,-1
2023041390292,2023,041390292,1,9,0,18,19,5,3,0,0,1,0,0,0,0,1,1,5,6,2,85,11,1198,1,7,NISSAN MICRA,5,E01025009,0,-1
2023552300554,2023,552300554,2,9,0,18,19,1,5,0,0,0,0,0,1,0,1,1,6,6,2,88,11,1198,1,11,NISSAN MICRA,10,E01015458,0,-1
2023211376777,2023,211376777,1,9,0,9,9,1,5,9,9,0,0,0,0,0,1,1,6,6,2,76,11,1198,1,7,NISSAN MICRA,-1,-1,0,-1
2023010457259,2023,010457259,1,9,0,18,19,3,7,0,0,1,0,0,0,0,1,1,6,6,1,25,5,1240,1,18,NISSAN MICRA,2,E01003601,0,-1
2023101317880,2023,101317880,2,9,0,18,19,1,5,0,0,2,0,0,1,0,1,1,6,6,2,85,11,1198,1,12,NISSAN MICRA,3,-1,0,-1
2023010476335,2023,010476335,1,9,0,18,19,5,1,0,0,8,1,10,0,0,1,1,6,6,1,35,6,1386,1,16,NISSAN MICRA,1,E01001850,0,-1
2023010480903,2023,010480903,2,9,0,99,99,9,9,99,99,9,9,99,9,99,9,9,6,6,2,-1,-1,1240,1,15,NISSAN MICRA,-1,-1,0,-1
2023430354862,2023,430354862,2,9,0,18,19,2,6,0,0,8,0,0,7,0,3,1,6,6,2,51,8,1198,1,12,NISSAN MICRA,4,E01016457,0,-1
2023440389772,2023,440389772,2,9,0,18,19,6,2,0,0,2,0,0,0,0,1,1,6,6,2,80,11,1240,1,20,NISSAN MICRA,9,E01022496,0,-1
2023010423326,2023,010423326,2,9,9,99,99,9,9,99,99,9,9,99,9,99,9,9,6,6,1,36,7,1240,1,18,NISSAN MICRA,-1,-1,0,-1
2023440190971,2023,440190971,1,9,0,5,5,8,4,0,0,8,0,0,7,11,1,1,2,2,2,37,7,998,1,25,NISSAN MICRA,4,E01017327,0,-1
2023351284999,2023,351284999,2,9,0,18,19,6,2,0,0,0,0,0,0,0,1,1,3,7,2,40,7,1198,1,12,NISSAN MICRA,8,E01015690,0,-1
2023010436254,2023,010436254,1,9,0,9,9,7,4,0,0,1,0,0,0,0,4,1,6,6,2,83,11,1198,1,10,NISSAN MICRA,8,E01000651,0,-1
2023552301217,2023,552301217,2,9,0,9,9,7,4,0,0,6,0,0,0,0,4,1,3,7,1,79,11,998,1,24,NISSAN MICRA,3,E01015426,0,-1
2023010437402,2023,010437402,1,9,0,99,99,9,9,99,99,9,9,99,9,99,2,9,6,6,2,22,5,999,1,5,NISSAN MICRA,1,E01015639,0,-1
2023052300345,2023,052300345,1,9,0,18,19,3,7,0,0,0,0,0,0,0,1,1,6,6,2,91,11,1240,1,17,NISSAN MICRA,10,E01007199,0,-1
2023141382615,2023,141382615,1,9,0,17,19,7,3,0,0,1,1,0,0,0,1,1,6,6,1,26,6,1198,1,11,NISSAN MICRA,1,E01007870,0,-1
2023131294679,2023,131294679,2,9,0,6,6,7,3,0,0,0,0,0,0,0,1,1,5,6,1,78,11,1198,1,10,NISSAN MICRA,4,E01011153,0,-1
2023302300362,2023,302300362,1,9,0,9,9,8,6,0,0,2,0,0,0,0,1,1,6,6,1,81,11,999,1,5,NISSAN MICRA,8,E01013526,0,-1
2023131315226,2023,131315226,1,9,0,9,9,4,1,0,0,1,0,0,0,0,1,1,6,6,2,48,8,1240,1,18,NISSAN MICRA,8,E01011931,0,-1
2023351406794,2023,351406794,3,9,0,18,19,5,1,0,0,1,0,0,0,0,4,1,6,6,1,27,6,1598,1,16,NISSAN MICRA,4,E01004964,0,-1
2023520400575,2023,520400575,1,9,0,9,9,5,3,0,0,8,0,0,7,10,3,1,6,6,1,86,11,1386,1,17,NISSAN MICRA,3,E01029029,0,-1
2023010458781,2023,010458781,1,9,0,9,9,3,2,0,0,6,0,0,0,0,1,1,6,6,2,67,10,999,1,2,NISSAN MICRA,6,E01000816,0,-1
2023302300831,2023,302300831,1,9,0,9,9,8,6,0,0,8,0,0,0,0,3,1,6,6,2,31,6,1240,1,13,NISSAN MICRA,4,E01019715,0,-1
2023501295413,2023,501295413,2,9,0,17,19,6,3,0,0,0,0,11,0,0,1,1,2,2,1,39,7,1386,1,15,NISSAN MICRA,9,E01020086,0,-1
2023991283815,2023,991283815,2,9,0,10,10,4,2,0,0,0,0,0,0,0,2,1,5,6,2,36,7,1198,1,7,NISSAN MICRA,1,E01005133,0,-1
2023010475697,2023,010475697,2,9,0,5,5,1,5,0,0,8,0,0,0,0,0,1,6,6,2,64,9,1240,1,16,NISSAN MICRA,2,E01003920,0,-1
2023010466200,2023,010466200,2,9,0,99,99,9,9,99,99,0,9,99,9,99,9,9,6,6,3,-1,-1,1198,1,11,NISSAN MICRA,-1,-1,0,-1
2023010439771,2023,010439771,2,9,0,99,99,9,9,99,99,9,9,99,9,99,1,9,6,6,3,-1,-1,1198,1,7,NISSAN MICRA,-1,-1,0,-1
2023070693616,2023,070693616,5,9,0,2,2,0,0,0,0,0,0,0,0,0,1,1,6,6,1,32,6,1198,1,11,NISSAN MICRA,10,E01018632,0,-1
2023430576697,2023,430576697,2,9,0,18,19,6,2,0,0,8,0,0,0,0,3,1,6,6,1,68,10,999,1,3,NISSAN MICRA,10,E01016246,0,-1
2023010457562,2023,010457562,1,9,0,18,19,5,1,0,0,1,0,0,0,0,1,1,6,6,2,29,6,1240,1,13,NISSAN MICRA,3,E01000977,0,-1
2023101367526,2023,101367526,3,9,0,4,4,3,7,0,0,0,0,0,0,0,2,1,5,6,1,84,11,1198,1,10,NISSAN MICRA,9,E01008369,0,-1
2023161332347,2023,161332347,3,9,0,2,2,0,0,0,0,0,0,0,0,0,3,1,6,6,3,-1,-1,988,1,32,NISSAN MICRA,-1,-1,0,-1
2023010432782,2023,010432782,2,9,0,99,99,9,9,99,99,0,9,99,9,99,9,9,6,6,3,43,7,1386,1,17,NISSAN MICRA,-1,-1,0,-1
2023170S21843,2023,170S21843,1,9,0,18,19,8,4,0,0,0,0,0,0,0,4,1,6,6,2,22,5,1198,1,7,NISSAN MICRA,-1,-1,0,-1
2023041284444,2023,041284444,1,9,0,9,9,3,5,0,0,1,0,0,0,0,1,1,6,6,3,-1,-1,1240,1,13,NISSAN MICRA,1,E01025297,0,-1
2023010440514,2023,010440514,2,9,0,3,3,5,1,0,0,0,0,0,0,0,2,1,6,6,2,31,6,1240,1,17,NISSAN MICRA,9,E01002468,0,-1
2023010455494,2023,010455494,1,9,0,18,19,5,1,0,0,2,1,10,7,0,3,1,6,6,2,36,7,1240,1,17,NISSAN MICRA,3,E01000062,0,-1
2023221330519,2023,221330519,1,9,0,18,19,6,2,0,0,0,0,10,7,10,1,1,5,6,2,17,4,1386,1,17,NISSAN MICRA,8,E01032221,0,-1
2023131360523,2023,131360523,1,9,0,18,19,1,1,9,9,0,0,4,0,0,1,1,5,6,1,83,11,998,1,21,NISSAN MICRA,1,E01033693,0,-1
2023041302344,2023,041302344,1,9,0,18,19,3,7,0,0,0,0,0,0,0,1,1,2,2,1,27,6,999,1,2,NISSAN MICRA,2,E01024857,0,-1
2023061360741,2023,061360741,2,9,0,18,19,2,5,0,0,0,0,0,0,0,1,1,5,6,2,51,8,998,1,21,NISSAN MICRA,7,E01005780,0,-1
2023340WN3902,2023,340WN3902,1,9,0,9,9,1,5,0,0,6,0,0,0,0,1,1,6,6,2,19,4,998,1,23,NISSAN MICRA,5,E01016836,0,-1
2023351377220,2023,351377220,2,9,0,8,8,-1,-1,0,0,4,0,0,0,0,2,1,5,6,1,34,6,1386,1,17,NISSAN MICRA,2,E01015610,0,-1
2023010454896,2023,010454896,1,9,0,5,5,5,1,0,0,2,0,0,0,0,1,1,1,1,1,64,9,1198,1,10,NISSAN MICRA,2,E01003983,0,-1
2023122400126,2023,122400126,1,9,0,16,19,7,2,0,0,0,1,0,7,4,1,1,2,2,2,19,4,1275,1,27,NISSAN MICRA,7,E01027705,0,-1
2023122301001,2023,122301001,2,9,0,4,4,7,3,0,0,8,0,0,0,0,2,1,6,6,1,48,8,1461,2,5,NISSAN MICRA,7,E01027689,0,-1
2023622300585,2023,622300585,1,9,0,18,19,4,8,0,0,1,0,0,8,11,3,1,6,6,1,85,11,1198,1,10,NISSAN MICRA,7,W01001028,0,-1
2023010460347,2023,010460347,3,9,0,17,19,5,3,0,0,6,0,4,0,0,1,1,6,6,2,25,5,999,1,2,NISSAN MICRA,-1,-1,0,-1
2023010419338,2023,010419338,1,9,0,18,19,5,1,0,0,1,0,0,0,0,1,1,6,6,2,67,10,1240,1,16,NISSAN MICRA,4,E01001297,0,-1
2023440039858,2023,440039858,2,9,0,7,7,7,1,0,0,2,0,0,0,0,1,1,6,6,2,-1,-1,1240,1,13,NISSAN MICRA,7,E01023179,0,-1
2023361276065,2023,361276065,1,9,0,18,19,2,5,0,0,1,0,0,0,0,1,1,6,6,2,94,11,1240,1,18,NISSAN MICRA,6,E01026494,0,-1
2023221344322,2023,221344322,1,9,0,16,19,2,4,0,0,0,0,0,0,0,1,1,5,6,2,59,9,998,1,21,NISSAN MICRA,8,E01032171,0,-1
2023461377635,2023,461377635,1,9,0,18,19,3,7,0,0,0,0,0,1,3,1,1,5,6,2,79,11,1198,1,7,NISSAN MICRA,-1,-1,0,-1
2023010484288,2023,010484288,2,9,0,99,99,9,9,99,99,9,9,99,9,99,9,9,6,6,3,-1,-1,1198,1,12,NISSAN MICRA,-1,-1,0,-1
2023991371013,2023,991371013,2,9,0,9,9,7,5,0,0,1,0,0,0,0,0,1,2,2,1,51,8,1198,1,12,NISSAN MICRA,6,-1,0,-1
2023411372105,2023,411372105,2,9,0,5,5,-1,-1,0,0,3,0,0,0,0,2,1,5,6,2,41,7,1240,1,19,NISSAN MICRA,2,E01021872,0,-1
2023041378270,2023,041378270,2,9,0,18,19,7,3,0,0,8,1,0,0,0,4,1,2,2,2,53,8,999,1,3,NISSAN MICRA,6,E01025066,0,-1
2023231273382,2023,231273382,1,9,0,17,19,8,4,0,0,0,5,0,2,4,1,1,2,2,1,63,9,1240,1,14,NISSAN MICRA,6,E01029841,0,-1
2023371304157,2023,371304157,2,9,0,9,9,4,7,0,0,0,0,0,0,0,3,1,5,6,1,44,7,1240,1,15,NISSAN MICRA,2,E01033124,0,-1
2023531347711,2023,531347711,1,9,0,16,19,2,6,0,0,0,0,0,2,10,1,1,5,6,1,74,10,1198,1,9,NISSAN MICRA,3,E01008893,0,-1
2023541756823,2023,541756823,1,9,0,8,8,5,3,0,0,5,0,0,0,0,1,1,6,6,2,82,11,1240,1,18,NISSAN MICRA,2,E01031928,0,-1
2023010443545,2023,010443545,1,9,0,99,99,9,9,99,99,0,9,99,9,99,2,1,6,6,3,-1,-1,1198,1,12,NISSAN MICRA,-1,-1,0,-1
2023351378431,2023,351378431,1,9,0,18,19,3,7,0,0,1,0,0,0,0,4,1,6,6,1,19,4,998,1,21,NISSAN MICRA,2,E01015599,0,-1
2023010439428,2023,010439428,2,9,0,99,99,9,9,99,99,9,9,99,9,99,1,9,6,6,3,72,10,1198,1,10,NISSAN MICRA,2,E01001114,0,-1
2023471291367,2023,471291367,2,9,0,12,12,5,2,0,0,2,0,0,0,0,1,1,5,6,2,30,6,1240,1,20,NISSAN MICRA,3,E01021037,0,-1
2023010451244,2023,010451244,1,9,0,18,19,3,7,0,0,0,0,0,7,0,1,1,2,2,1,47,8,998,1,19,NISSAN MICRA,-1,-1,0,-1
2023451260416,2023,451260416,1,9,0,18,19,1,1,0,0,0,0,0,0,0,2,1,5,6,2,33,6,999,1,2,NISSAN MICRA,2,E01014298,0,-1
2023451340962,2023,451340962,1,9,0,18,19,5,1,0,0,1,0,0,2,0,1,1,2,2,2,59,9,1198,1,8,NISSAN MICRA,9,E01030406,0,-1
2023201337319,2023,201337319,1,9,0,17,19,5,2,0,0,1,0,7,1,1,1,1,6,6,2,51,8,1198,1,12,NISSAN MICRA,1,E01009110,0,-1
2023991353960,2023,991353960,1,9,0,16,19,3,7,0,0,2,1,0,2,0,4,1,5,6,2,45,7,1240,1,14,NISSAN MICRA,8,-1,0,-1
2023041359573,2023,041359573,2,9,0,9,9,1,5,0,0,8,0,0,0,0,2,1,6,6,1,30,6,1240,1,18,NISSAN MICRA,4,E01025309,0,-1
2023070050902,2023,070050902,1,9,0,17,19,8,4,0,0,0,1,0,1,4,1,1,6,6,1,38,7,1386,1,16,NISSAN MICRA,5,E01028989,0,-1
2023010471523,2023,010471523,1,9,0,99,99,9,9,99,99,0,9,99,9,99,2,9,6,6,1,35,6,1198,1,8,NISSAN MICRA,4,E01000746,0,-1
2023461303766,2023,461303766,1,9,0,4,4,7,3,0,0,0,0,0,0,0,1,1,6,6,2,29,6,1240,1,15,NISSAN MICRA,8,E01023415,0,-1
2023351380255,2023,351380255,2,9,0,18,19,5,1,0,0,0,0,0,0,0,2,1,1,1,2,49,8,1240,1,20,NISSAN MICRA,5,E01018214,0,-1
2023471321923,2023,471321923,1,9,0,11,11,3,7,0,0,8,0,0,2,0,4,1,5,6,1,36,7,1240,1,16,NISSAN MICRA,4,E01016974,0,-1
2023501317287,2023,501317287,2,9,0,14,14,7,3,0,0,0,1,4,0,0,4,1,2,2,1,62,9,998,1,21,NISSAN MICRA,7,E01015134,0,-1
2023010453029,2023,010453029,2,9,0,9,9,3,8,0,0,1,0,4,0,0,2,1,6,6,1,52,8,1198,1,9,NISSAN MICRA,2,E01002723,0,-1
2023471291794,2023,471291794,2,9,0,18,19,1,5,0,0,0,0,0,1,0,1,1,5,6,1,63,9,898,1,6,NISSAN MICRA,9,E01021168,0,-1
2023141281386,2023,141281386,2,9,0,18,19,2,7,0,0,8,0,0,0,0,1,1,5,6,2,48,8,1386,1,13,NISSAN MICRA,10,E01007619,0,-1
2023320495802,2023,320495802,4,9,0,17,19,2,6,0,0,1,0,0,0,0,1,1,2,2,1,24,5,999,1,2,NISSAN MICRA,10,E01026198,0,-1
2023101341275,2023,101341275,2,9,0,17,19,5,8,0,0,8,0,0,0,0,3,1,5,6,2,59,9,1198,1,10,NISSAN MICRA,6,E01027394,0,-1
2023052300800,2023,052300800,2,9,0,18,19,1,5,0,0,1,0,0,0,0,3,1,1,1,1,69,10,1240,1,18,NISSAN MICRA,7,E01006685,0,-1
2023061283477,2023,061283477,1,9,0,2,2,0,0,0,0,2,0,0,0,0,3,1,6,6,1,-1,-1,1240,1,20,NISSAN MICRA,-1,-1,0,-1
2023010442227,2023,010442227,2,9,0,9,9,5,2,0,0,1,0,0,0,0,1,1,6,6,1,38,7,1386,1,16,NISSAN MICRA,3,E01002540,0,-1
2023031341209,2023,031341209,1,9,0,18,19,4,8,0,0,0,0,0,0,0,3,1,5,6,1,23,5,1598,1,16,NISSAN MICRA,-1,-1,0,-1
2023061339879,2023,061339879,1,9,0,18,19,2,6,0,0,0,0,0,0,0,1,1,6,6,1,69,10,1198,1,12,NISSAN MICRA,1,E01005381,0,-1
2023631350985,2023,631350985,1,9,0,18,19,1,5,0,0,0,2,0,8,10,1,1,6,6,2,59,9,1240,1,15,NISSAN MICRA,6,W01000571,0,-1
2023501360773,2023,501360773,2,9,0,9,9,7,3,0,0,8,0,0,0,0,1,1,5,6,1,27,6,1240,1,17,NISSAN MICRA,9,E01024123,0,-1
2023071118431,2023,071118431,1,9,0,10,10,4,8,0,0,1,0,0,0,0,3,1,6,6,1,78,11,999,1,3,NISSAN MICRA,3,E01005524,0,-1
2023161285077,2023,161285077,2,9,0,18,19,6,2,0,0,0,0,0,1,9,1,1,2,2,1,60,9,999,1,3,NISSAN MICRA,10,E01013060,0,-1
2023401267844,2023,401267844,1,9,0,18,19,7,3,0,0,0,0,0,0,0,1,1,5,6,1,-1,-1,1240,1,16,NISSAN MICRA,10,E01017429,0,-1
2023440154896,2023,440154896,2,9,0,18,19,7,3,0,0,0,0,0,0,0,2,1,2,2,2,17,4,998,1,20,NISSAN MICRA,7,E01023159,0,-1
2023501286560,2023,501286560,1,9,0,18,19,7,4,0,0,8,0,0,0,0,3,1,2,2,2,42,7,1240,1,20,NISSAN MICRA,1,E01015057,0,-1
2023010457351,2023,010457351,2,9,0,99,99,9,9,99,99,9,9,99,9,99,9,9,6,6,3,-1,-1,998,1,20,NISSAN MICRA,-1,-1,0,-1
2023461294393,2023,461294393,2,9,0,17,19,7,3,0,0,1,0,0,0,0,1,1,1,1,1,28,6,1240,1,20,NISSAN MICRA,1,E01024666,0,-1
2023141325518,2023,141325518,1,9,0,4,4,1,1,0,0,0,0,0,0,0,2,1,1,1,2,45,7,1386,1,16,NISSAN MICRA,8,E01007983,0,-1
2023010449844,2023,010449844,1,9,0,18,19,5,1,0,0,2,0,0,0,0,4,1,6,6,1,70,10,1198,1,9,NISSAN MICRA,-1,-1,0,-1
2023041320440,2023,041320440,1,9,0,18,19,1,5,0,0,1,0,0,0,0,1,1,5,6,1,24,5,1461,2,6,NISSAN MICRA,2,E01025072,0,-1
2023201297336,2023,201297336,1,9,0,18,19,5,1,0,0,8,0,0,0,0,3,1,6,6,1,34,6,1348,1,22,NISSAN MICRA,9,E01009420,0,-1
2023010443888,2023,010443888,2,9,0,99,99,9,9,99,99,9,9,99,9,99,1,9,6,6,3,58,9,898,1,6,NISSAN MICRA,7,E01002013,0,-1
2023161325347,2023,161325347,2,9,0,7,7,7,1,0,0,8,0,0,0,0,1,1,6,6,1,47,8,1240,1,15,NISSAN MICRA,-1,-1,0,-1
2023461321274,2023,461321274,1,9,0,18,19,7,3,0,0,0,1,4,0,0,1,1,5,6,1,-1,-1,898,1,4,NISSAN MICRA,10,E01024150,0,-1
2023430127629,2023,430127629,1,9,0,18,19,3,7,0,0,0,0,0,0,0,1,1,6,6,2,49,8,898,1,5,NISSAN MICRA,7,E01016504,0,-1
2023161332233,2023,161332233,1,9,0,9,9,1,8,0,0,8,0,0,0,0,3,1,5,6,2,42,7,1386,1,17,NISSAN MICRA,1,E01012895,0,-1
2023421368618,2023,421368618,1,9,0,18,19,8,4,0,0,0,0,0,7,0,1,1,5,6,2,36,7,999,1,2,NISSAN MICRA,-1,-1,0,-1
2023451260378,2023,451260378,1,9,0,18,19,1,5,0,0,0,0,4,0,0,4,1,1,1,2,62,9,1240,1,18,NISSAN MICRA,8,E01001106,0,-1
2023010470081,2023,010470081,1,9,0,9,9,3,1,0,0,1,0,0,1,0,1,1,1,1,2,45,7,1386,1,15,NISSAN MICRA,4,E01001007,0,-1
2023501334150,2023,501334150,2,9,0,5,5,4,8,0,0,8,0,0,0,0,1,1,1,1,2,44,7,1240,1,17,NISSAN MICRA,1,E01018878,0,-1
2023052302633,2023,052302633,1,9,0,18,19,4,8,0,0,0,0,0,0,0,1,1,6,6,1,80,11,1198,1,6,NISSAN MICRA,1,E01006812,0,-1
2023010423652,2023,010423652,2,9,0,3,3,3,7,0,0,3,0,0,0,0,2,1,6,6,2,30,6,1386,1,15,NISSAN MICRA,3,E01001324,0,-1
2023111272233,2023,111272233,2,9,0,2,2,0,0,0,0,0,0,0,0,0,2,1,6,6,3,-1,-1,1461,2,13,NISSAN MICRA,-1,-1,0,-1
2023061322759,2023,061322759,2,9,0,18,19,6,2,0,0,1,0,0,0,0,1,1,5,6,2,28,6,1240,1,20,NISSAN MICRA,8,E01006067,0,-1
2023201379101,2023,201379101,1,9,0,1,1,6,2,0,0,0,0,0,0,0,2,1,6,6,2,31,6,1240,1,17,NISSAN MICRA,5,E01009863,0,-1
2023991315868,2023,991315868,1,9,0,9,9,2,6,0,0,1,0,0,0,0,2,1,5,6,2,31,6,1240,1,15,NISSAN MICRA,-1,-1,0,-1
2023421316533,2023,421316533,3,9,0,2,2,0,0,0,0,0,0,4,0,0,1,1,6,6,2,78,11,1598,1,15,NISSAN MICRA,8,E01021521,0,-1
2023070059025,2023,070059025,1,9,0,18,19,8,4,0,0,0,0,0,0,0,1,1,6,6,1,35,6,1461,2,5,NISSAN MICRA,3,E01012522,0,-1
2023010439903,2023,010439903,1,9,0,9,9,3,1,0,0,3,0,0,0,0,1,1,6,6,2,51,8,1240,1,14,NISSAN MICRA,8,E01001400,0,-1
2023010476211,2023,010476211,2,9,0,99,99,9,9,99,99,9,9,99,9,99,9,9,6,6,3,-1,-1,1240,1,18,NISSAN MICRA,-1,-1,0,-1
2023061359553,2023,061359553,2,9,0,18,19,3,7,0,0,8,0,0,0,0,1,1,1,1,2,44,7,1240,1,15,NISSAN MICRA,2,E01004813,0,-1
2023010445235,2023,010445235,2,9,0,99,99,9,9,99,99,0,9,99,9,99,1,9,6,6,3,54,8,998,1,23,NISSAN MICRA,3,E01001954,0,-1
2023101302798,2023,101302798,1,9,0,18,19,5,1,0,0,1,0,0,0,0,1,1,5,6,2,77,11,1386,1,14,NISSAN MICRA,9,E01008376,0,-1
2023440193198,2023,440193198,2,9,0,18,19,4,8,0,0,1,0,0,0,0,1,1,6,6,1,83,11,1198,1,8,NISSAN MICRA,10,E01032859,0,-1
2023531296389,2023,531296389,1,9,0,18,19,7,3,0,0,8,1,0,8,4,1,1,6,6,2,59,9,999,1,2,NISSAN MICRA,9,E01022207,0,-1
2023010432505,2023,010432505,1,9,0,99,99,9,9,99,99,9,9,99,9,99,9,9,6,6,2,70,10,1598,1,17,NISSAN MICRA,6,E01003429,0,-1
2023461351194,2023,461351194,2,9,0,4,4,5,1,0,0,0,0,0,0,0,2,1,6,6,1,68,10,1240,1,20,NISSAN MICRA,2,E01024374,0,-1
2023471349777,2023,471349777,2,9,0,9,9,3,1,0,0,5,0,0,7,0,3,1,5,6,1,37,7,1240,1,18,NISSAN MICRA,5,E01015904,0,-1
2023991383606,2023,991383606,2,9,0,3,3,7,3,0,0,0,0,0,0,0,1,1,5,6,1,77,11,1198,1,12,NISSAN MICRA,5,-1,0,-1
2023411344214,2023,411344214,1,9,0,12,12,1,7,0,0,0,1,0,0,0,2,1,6,6,2,22,5,1198,1,9,NISSAN MICRA,9,E01030389,0,-1
2023111269964,2023,111269964,3,9,0,18,19,1,5,0,0,0,0,0,0,0,3,1,5,6,1,21,5,1198,1,8,NISSAN MICRA,4,E01020808,0,-1
2023461354488,2023,461354488,2,9,0,18,19,3,7,0,0,0,0,0,0,0,3,1,6,6,2,19,4,1386,1,14,NISSAN MICRA,10,E01024272,0,-1
2023010430862,2023,010430862,2,9,0,99,99,9,9,99,99,9,9,99,9,99,1,9,6,6,3,-1,-1,1198,1,8,NISSAN MICRA,9,E01000761,0,-1
2023411357357,2023,411357357,2,9,0,18,19,5,1,0,0,8,0,0,0,0,1,1,5,6,1,47,8,1240,1,19,NISSAN MICRA,5,E01023737,0,-1
2023361370949,2023,361370949,1,9,0,9,9,2,7,0,0,8,0,0,0,0,3,1,6,6,2,41,7,1348,1,22,NISSAN MICRA,1,E01026819,0,-1
2023461293266,2023,461293266,2,9,0,7,7,3,7,0,0,0,0,0,0,0,2,1,6,6,2,48,8,1240,1,13,NISSAN MICRA,4,E01024312,0,-1
2023622300823,2023,622300823,2,9,0,18,19,4,8,0,0,0,0,0,0,0,1,1,6,6,1,83,11,1240,1,18,NISSAN MICRA,4,W01001749,0,-1
2023010444053,2023,010444053,1,9,0,7,7,2,3,0,0,1,0,0,0,0,1,1,6,6,2,57,9,1386,1,17,NISSAN MICRA,2,E01003093,0,-1
2023501265370,2023,501265370,1,9,0,18,19,1,5,0,0,1,0,0,0,0,4,1,5,6,1,85,11,1198,1,12,NISSAN MICRA,1,E01015255,0,-1
2023010450967,2023,010450967,2,9,0,99,99,9,9,99,99,0,9,99,9,99,9,9,6,6,3,44,7,1386,1,14,NISSAN MICRA,4,E01004614,0,-1
2023111344292,2023,111344292,2,9,0,9,9,5,2,0,0,8,0,0,0,0,4,1,6,6,2,27,6,998,1,20,NISSAN MICRA,4,E01012340,0,-1
2023430530778,2023,430530778,1,9,0,18,19,5,1,0,0,0,0,0,0,0,4,1,6,6,2,40,7,1348,1,23,NISSAN MICRA,-1,-1,0,-1
2023320351346,2023,320351346,1,9,0,18,19,4,8,0,0,0,0,0,0,2,1,1,6,6,1,18,4,1240,1,17,NISSAN MICRA,9,E01026226,0,-1
2023052302059,2023,052302059,3,9,0,18,19,3,7,0,0,0,0,0,0,0,1,1,1,1,3,-1,-1,1198,1,9,NISSAN MICRA,-1,-1,0,-1
2023461330261,2023,461330261,1,9,5,18,19,7,3,0,0,0,0,0,0,0,1,1,6,6,1,41,7,1240,1,15,NISSAN MICRA,1,E01016017,0,-1
2023010480570,2023,010480570,1,9,0,18,19,5,1,0,0,8,0,0,0,0,1,2,2,2,2,22,5,1198,1,12,NISSAN MICRA,1,E01004286,0,-1
2023471392395,2023,471392395,1,9,0,18,19,2,5,0,0,0,5,0,7,11,3,1,6,6,1,17,4,1240,1,13,NISSAN MICRA,7,E01021093,0,-1
2023340WN0122,2023,340WN0122,1,9,0,9,9,7,6,0,0,8,0,0,0,0,1,1,6,6,3,21,5,1240,1,17,NISSAN MICRA,-1,-1,0,-1
2023340WN3152,2023,340WN3152,1,9,0,9,9,7,5,0,0,6,0,0,0,0,1,1,6,6,2,53,8,1240,1,13,NISSAN MICRA,5,E01027158,0,-1
2023320334761,2023,320334761,1,9,0,7,7,3,5,0,0,6,1,0,1,10,1,1,6,6,2,78,11,1198,1,10,NISSAN MICRA,10,E01026206,0,-1
2023991344397,2023,991344397,2,9,0,18,19,7,3,0,0,0,0,0,7,4,2,1,5,6,2,36,7,1240,1,17,NISSAN MICRA,6,-1,0,-1
2023622300898,2023,622300898,2,9,0,5,5,4,8,0,0,1,0,0,0,0,1,1,6,6,2,36,7,1240,1,17,NISSAN MICRA,6,W01001718,0,-1
2023421296604,2023,421296604,1,9,0,18,19,2,6,0,0,0,0,0,0,0,4,1,6,6,1,57,9,1461,2,14,NISSAN MICRA,4,E01021266,0,-1
202354C903023,2023,54C903023,3,9,0,3,3,5,1,0,0,6,0,0,0,0,1,1,6,6,1,31,6,999,1,1,NISSAN MICRA,7,E01031942,0,-1
2023010449695,2023,010449695,2,9,0,99,99,9,9,99,99,9,9,99,9,99,1,9,6,6,3,-1,-1,1240,1,19,NISSAN MICRA,-1,-1,0,-1
2023461311263,2023,461311263,2,9,-1,-1,-1,-1,-1,-1,-1,0,-1,-1,-1,0,2,1,6,6,2,43,7,1240,1,16,NISSAN MICRA,7,E01024242,0,-1