collision_index,collision_year,collision_ref_no,vehicle_reference,vehicle_type,towing_and_articulation,vehicle_manoeuvre_historic,vehicle_manoeuvre,vehicle_direction_from,vehicle_direction_to,vehicle_location_restricted_lane_historic,vehicle_location_restricted_lane,junction_location,skidding_and_overturning,hit_object_in_carriageway,vehicle_leaving_carriageway,hit_object_off_carriageway,first_point_of_impact,vehicle_left_hand_drive,journey_purpose_of_driver_historic,journey_purpose_of_driver,sex_of_driver,age_of_driver,age_band_of_driver,engine_capacity_cc,propulsion_code,age_of_vehicle,generic_make_model,driver_imd_decile,lsoa_of_driver,escooter_flag,driver_distance_banding
2023161362085,2023,161362085,2,9,0,18,19,1,5,0,0,0,0,0,1,0,1,1,5,6,1,55,8,2995,8,3,AUDI Q7,10,E01013012,0,-1
2023451295439,2023,451295439,2,9,0,18,19,7,7,0,0,3,0,0,0,0,1,1,5,6,2,42,7,4163,2,16,AUDI Q7,10,E01030937,0,-1
2023131306931,2023,131306931,2,9,0,18,19,2,1,0,0,1,0,0,0,0,2,1,5,6,2,34,6,2967,2,7,AUDI Q7,6,E01010909,0,-1
2023010433965,2023,010433965,2,9,0,99,99,9,9,99,99,9,9,99,9,99,1,9,6,6,3,-1,-1,2967,2,7,AUDI Q7,-1,-1,0,-1
2023411383933,2023,411383933,2,9,0,18,19,5,1,0,0,0,0,0,0,0,2,1,6,6,2,-1,-1,2967,2,8,AUDI Q7,9,E01017441,0,-1
2023161303395,2023,161303395,2,9,0,7,7,5,7,0,0,8,0,0,0,0,0,1,6,6,1,-1,-1,2967,2,17,AUDI Q7,-1,-1,0,-1
2023451295469,2023,451295469,2,9,0,18,19,6,2,0,0,1,0,0,7,9,4,1,5,6,1,52,8,2967,2,15,AUDI Q7,10,E01030906,0,-1
2023010471062,2023,010471062,2,9,0,99,99,9,9,99,99,0,9,99,9,99,9,1,6,6,3,-1,-1,2967,2,7,AUDI Q7,-1,-1,0,-1
2023401270703,2023,401270703,2,9,0,2,2,-1,-1,0,0,2,0,0,0,0,2,1,6,6,1,40,7,2967,2,6,AUDI Q7,8,E01015693,0,-1
2023010440725,2023,010440725,2,9,0,3,3,7,3,0,0,1,0,0,0,0,1,1,6,6,1,47,8,2967,2,13,AUDI Q7,5,E01002446,0,-1
2023122400060,2023,122400060,1,9,0,17,19,2,6,0,0,0,0,0,0,0,1,1,6,6,2,53,8,2995,1,2,AUDI Q7,7,E01027653,0,-1
2023010435693,2023,010435693,2,9,0,99,99,9,9,99,99,9,9,99,9,99,1,9,6,6,3,-1,-1,2967,2,6,AUDI Q7,-1,-1,0,-1
2023401289967,2023,401289967,3,9,0,18,19,1,5,0,0,0,0,0,0,0,1,1,5,6,2,34,6,2967,2,16,AUDI Q7,2,E01027246,0,-1
2023010446033,2023,010446033,1,9,0,9,9,2,1,0,0,1,0,0,0,0,1,1,6,6,3,-1,-1,4134,2,11,AUDI Q7,-1,-1,0,-1
2023471332538,2023,471332538,1,9,0,18,19,4,8,0,0,8,0,0,0,0,1,1,5,6,2,48,8,2967,2,15,AUDI Q7,6,E01021149,0,-1
2023991325436,2023,991325436,2,9,0,4,4,1,8,0,0,1,0,0,0,0,2,1,5,6,2,50,8,2995,1,0,AUDI Q7,8,-1,0,-1
2023201360209,2023,201360209,1,9,0,18,19,2,6,0,0,1,0,0,0,0,1,1,6,6,1,-1,-1,2967,2,10,AUDI Q7,-1,-1,0,-1
2023440171589,2023,440171589,2,9,0,18,19,1,5,0,0,0,0,0,0,0,1,1,6,6,3,-1,-1,2967,2,11,AUDI Q7,-1,-1,0,-1
2023471372812,2023,471372812,1,9,0,9,9,3,1,0,0,4,0,0,0,0,1,1,2,2,2,39,7,2995,1,1,AUDI Q7,3,E01016951,0,-1
2023401274360,2023,401274360,1,9,0,18,19,8,4,0,0,0,0,0,0,0,4,1,6,6,2,52,8,2967,2,15,AUDI Q7,4,E01017521,0,-1
2023101295000,2023,101295000,2,9,0,18,19,3,7,0,0,1,0,0,1,9,1,1,5,6,1,39,7,2967,2,4,AUDI Q7,5,E01008306,0,-1
2023052302587,2023,052302587,2,9,0,4,4,7,1,0,0,5,0,0,0,0,2,1,6,6,1,32,6,2995,1,1,AUDI Q7,9,E01012393,0,-1
2023041260859,2023,041260859,4,9,0,18,19,1,5,0,0,1,0,0,0,0,1,1,5,6,2,40,7,2995,1,3,AUDI Q7,8,E01025348,0,-1
2023010435416,2023,010435416,1,9,0,9,9,7,5,0,0,1,0,0,0,0,4,1,6,6,2,32,6,2967,2,9,AUDI Q7,5,E01000037,0,-1
2023010469507,2023,010469507,3,9,0,4,4,7,3,0,0,0,0,0,0,0,1,1,6,6,1,34,6,2967,2,4,AUDI Q7,-1,-1,0,-1
2023501392250,2023,501392250,2,9,0,4,4,2,6,0,0,0,0,0,0,0,2,1,5,6,1,33,6,2967,2,17,AUDI Q7,8,E01018811,0,-1
2023010478085,2023,010478085,2,9,0,99,99,9,9,99,99,9,9,99,9,99,1,9,6,6,2,41,7,2967,2,3,AUDI Q7,7,E01000361,0,-1
2023070477844,2023,070477844,1,9,0,17,19,6,2,0,0,8,0,0,1,11,1,1,6,6,1,30,6,2967,2,7,AUDI Q7,2,E01012431,0,-1
2023041319518,2023,041319518,3,9,0,4,4,3,7,0,0,1,0,0,0,0,2,1,5,6,2,40,7,2967,2,7,AUDI Q7,8,E01012582,0,-1
2023461363235,2023,461363235,1,9,0,5,5,2,6,9,9,0,0,0,0,0,3,1,6,6,2,34,6,2967,2,4,AUDI Q7,7,E01024141,0,-1
2023546164623,2023,546164623,1,9,0,18,19,8,5,0,0,3,0,0,1,11,1,1,2,2,2,41,7,2967,2,9,AUDI Q7,1,E01015507,0,-1
2023041312580,2023,041312580,1,9,0,18,19,-1,-1,0,0,1,0,0,0,0,-1,1,6,6,1,26,6,2967,2,15,AUDI Q7,-1,-1,0,-1
2023201290820,2023,201290820,1,9,-1,18,19,-1,-1,0,0,1,0,0,0,0,1,1,6,6,1,26,6,2995,1,3,AUDI Q7,1,E01009365,0,-1
2023122400171,2023,122400171,1,9,0,4,4,5,1,0,0,1,0,0,0,0,2,1,6,6,2,39,7,2967,2,3,AUDI Q7,7,E01027646,0,-1
2023451287814,2023,451287814,2,9,0,18,19,6,2,0,0,0,0,0,0,0,1,1,6,6,1,33,6,2967,2,10,AUDI Q7,7,E01030865,0,-1
2023471381280,2023,471381280,1,9,0,18,19,4,8,0,0,8,0,0,0,0,1,1,6,6,1,44,7,2995,1,2,AUDI Q7,-1,-1,0,-1
2023010484003,2023,010484003,1,9,0,99,99,9,9,0,0,0,9,99,9,99,2,9,1,1,1,50,8,2967,2,5,AUDI Q7,8,W01000207,0,-1
2023430146870,2023,430146870,1,9,0,18,19,8,4,0,0,0,0,0,0,0,4,1,6,6,2,31,6,2967,2,5,AUDI Q7,7,E01016613,0,-1
2023430569500,2023,430569500,3,9,0,3,3,8,4,0,0,0,0,0,0,0,2,1,6,6,1,39,7,2967,2,5,AUDI Q7,3,E01017562,0,-1
2023451297123,2023,451297123,2,9,0,18,19,1,5,0,0,0,0,0,0,0,1,1,5,6,2,43,7,2967,2,11,AUDI Q7,9,E01030696,0,-1
2023161297254,2023,161297254,1,9,0,3,3,3,6,0,0,0,0,0,0,0,4,1,2,2,1,59,9,2967,2,14,AUDI Q7,3,E01013087,0,-1
2023991391789,2023,991391789,3,9,0,18,19,6,2,0,0,0,0,0,0,0,1,1,5,6,1,30,6,2967,2,0,AUDI Q7,8,-1,0,-1
2023010450524,2023,010450524,1,9,0,99,99,9,9,99,99,9,9,99,9,99,9,9,6,6,2,45,7,2967,2,7,AUDI Q7,6,E01002351,0,-1
2023440055810,2023,440055810,1,9,0,9,9,3,1,0,0,6,0,0,0,0,1,1,6,6,1,39,7,2967,2,6,AUDI Q7,10,E01022546,0,-1
2023451278064,2023,451278064,2,9,0,2,2,3,3,0,0,0,0,0,2,11,3,1,6,6,3,-1,-1,2967,2,13,AUDI Q7,-1,-1,0,-1
2023010480654,2023,010480654,1,9,0,5,5,1,5,0,0,8,0,0,0,0,4,1,3,7,1,34,6,2995,1,0,AUDI Q7,1,E01003246,0,-1
2023545279823,2023,545279823,1,9,0,5,5,6,4,0,0,6,0,0,0,0,1,1,6,6,1,43,7,2967,2,4,AUDI Q7,8,E01031964,0,-1
2023421271854,2023,421271854,1,9,0,13,13,1,3,0,0,0,0,0,0,0,1,1,6,6,2,49,8,2967,2,12,AUDI Q7,2,E01015934,0,-1
2023302301969,2023,302301969,1,9,0,13,13,7,1,0,0,0,0,0,0,0,1,1,6,6,3,-1,-1,2967,2,2,AUDI Q7,5,E01019456,0,-1
2023401329312,2023,401329312,3,9,0,4,4,5,1,0,0,6,0,0,0,0,1,1,3,7,2,45,7,2967,2,7,AUDI Q7,6,E01017481,0,-1
2023461334322,2023,461334322,1,9,0,9,9,7,5,0,0,6,0,0,0,0,3,1,6,6,1,42,7,2995,1,2,AUDI Q7,6,E01000691,0,-1
2023421384566,2023,421384566,2,9,0,5,5,1,5,0,0,6,0,0,0,0,3,1,6,6,1,39,7,2967,2,9,AUDI Q7,8,E01029921,0,-1
2023552300784,2023,552300784,1,9,0,1,1,8,4,0,0,0,0,0,0,0,1,1,6,6,2,33,6,4163,2,15,AUDI Q7,9,E01015451,0,-1
2023122300767,2023,122300767,2,9,0,3,3,3,7,0,0,1,0,0,0,0,2,1,6,6,1,61,9,2967,2,7,AUDI Q7,10,E01013375,0,-1
2023061363978,2023,061363978,1,9,0,5,5,5,1,0,0,6,0,0,0,0,1,1,5,6,1,29,6,2967,2,7,AUDI Q7,7,W01000128,0,-1
2023201374220,2023,201374220,3,9,0,18,19,2,6,0,0,8,0,0,0,0,4,1,5,6,1,49,8,2967,2,2,AUDI Q7,2,E01010508,0,-1
2023052300740,2023,052300740,2,9,0,2,2,0,0,0,0,0,0,0,0,0,4,1,6,6,1,32,6,2967,2,11,AUDI Q7,2,E01006898,0,-1
2023221291720,2023,221291720,1,9,0,9,9,7,5,0,0,6,0,0,0,0,1,1,5,6,1,47,8,2967,2,6,AUDI Q7,8,E01013997,0,-1
2023010440098,2023,010440098,1,9,0,18,19,7,3,0,0,0,0,0,0,0,1,1,6,6,1,40,7,2967,2,4,AUDI Q7,3,E01021871,0,-1
2023010425843,2023,010425843,1,9,0,9,9,7,5,0,0,8,0,0,0,0,1,1,1,1,1,57,9,2967,2,8,AUDI Q7,3,E01001242,0,-1
2023101344785,2023,101344785,1,9,0,4,4,-1,-1,0,0,0,0,0,0,0,-1,1,6,6,1,40,7,2967,2,3,AUDI Q7,-1,-1,0,-1
202360A046465,2023,60A046465,2,9,0,18,19,3,7,0,0,8,0,0,0,0,1,1,6,6,1,41,7,2967,2,3,AUDI Q7,-1,-1,0,-1
202354C015323,2023,54C015323,1,9,0,18,19,7,3,0,0,0,1,7,1,9,1,1,6,6,2,35,6,2967,2,6,AUDI Q7,6,E01032708,0,-1
2023440365583,2023,440365583,2,9,0,2,2,0,0,0,0,0,0,0,0,0,1,1,6,6,2,35,6,2967,2,2,AUDI Q7,-1,-1,0,-1
2023552301190,2023,552301190,1,9,0,18,19,8,4,0,0,0,0,0,0,0,3,1,6,6,3,-1,-1,2967,2,12,AUDI Q7,-1,-1,0,-1
2023010441274,2023,010441274,1,9,0,99,99,9,9,99,99,9,9,99,9,99,1,9,6,6,1,38,7,2967,2,6,AUDI Q7,3,E01001111,0,-1
2023231353644,2023,231353644,1,9,0,18,19,8,4,0,0,1,1,0,0,0,1,1,6,6,1,34,6,2967,2,15,AUDI Q7,5,E01031078,0,-1
2023010482285,2023,010482285,1,9,0,99,99,9,9,99,99,9,9,99,9,99,9,9,6,6,1,47,8,2967,2,2,AUDI Q7,2,E01001442,0,-1
2023010453027,2023,010453027,1,9,0,18,19,2,6,0,0,0,0,0,0,0,0,1,6,6,1,41,7,2967,2,0,AUDI Q7,5,E01002590,0,-1
2023421350912,2023,421350912,3,9,0,4,4,5,1,0,0,0,0,0,0,0,2,1,5,6,1,45,7,2967,2,11,AUDI Q7,3,E01000099,0,-1
2023221271294,2023,221271294,2,9,0,16,19,3,6,0,0,0,0,0,0,0,1,1,6,6,2,48,8,2967,2,2,AUDI Q7,9,E01029718,0,-1
2023010484078,2023,010484078,1,9,0,99,99,9,9,99,99,9,9,99,9,99,1,9,6,6,1,42,7,2967,2,4,AUDI Q7,2,E01003911,0,-1
2023010449333,2023,010449333,1,9,0,18,19,1,5,0,0,1,0,0,0,0,1,1,6,6,1,43,7,2967,2,7,AUDI Q7,2,E01004007,0,-1
2023451300314,2023,451300314,1,9,0,18,19,8,6,0,0,0,0,0,0,0,1,1,6,6,2,43,7,2967,2,9,AUDI Q7,8,E01030800,0,-1
2023520400020,2023,520400020,2,9,0,7,7,1,3,0,0,8,0,0,0,0,1,1,6,6,3,-1,-1,2967,2,5,AUDI Q7,-1,-1,0,-1
2023061307402,2023,061307402,1,9,0,18,19,8,2,0,0,0,0,0,0,0,1,1,6,6,3,30,6,2967,2,6,AUDI Q7,-1,-1,0,-1
2023131376179,2023,131376179,1,9,0,18,19,7,3,0,0,1,2,11,1,0,1,1,6,6,3,-1,-1,2967,2,6,AUDI Q7,-1,-1,0,-1
2023221389857,2023,221389857,1,9,0,9,9,3,8,0,0,6,0,0,0,0,1,1,5,6,1,57,9,2967,2,7,AUDI Q7,10,E01028831,0,-1
2023351347092,2023,351347092,1,9,0,18,19,3,7,0,0,0,0,10,1,0,1,1,5,6,1,46,8,2967,2,12,AUDI Q7,6,E01026535,0,-1
2023010422684,2023,010422684,2,9,0,17,19,7,3,0,0,2,0,0,0,0,1,1,6,6,2,54,8,2967,2,4,AUDI Q7,-1,-1,0,-1
2023131297358,2023,131297358,1,9,0,18,19,1,5,0,0,4,0,0,0,0,1,1,6,6,1,26,6,2995,1,1,AUDI Q7,4,E01010599,0,-1
2023401304038,2023,401304038,1,9,0,3,3,5,1,0,0,1,0,0,0,0,2,1,6,6,1,30,6,2967,2,16,AUDI Q7,1,E01015732,0,-1
2023522400034,2023,522400034,1,9,0,13,13,5,1,0,0,2,0,0,0,0,0,1,6,6,1,39,7,2967,2,12,AUDI Q7,9,E01014872,0,-1
2023070824565,2023,070824565,1,9,0,18,19,4,8,0,0,1,0,0,0,0,1,1,6,6,1,36,7,2967,2,2,AUDI Q7,9,E01006362,0,-1
2023131381027,2023,131381027,1,9,0,18,19,1,5,0,0,2,0,0,0,0,1,1,5,6,1,48,8,2967,2,7,AUDI Q7,1,E01011434,0,-1
2023332300423,2023,332300423,1,9,0,18,19,3,7,0,0,0,0,0,7,4,1,1,6,6,1,37,7,3996,1,2,-1,6,E01013737,0,-1
2023211313512,2023,211313512,1,9,0,16,19,8,3,0,0,1,0,0,0,0,1,1,6,6,1,32,6,3996,1,3,-1,1,E01014261,0,-1
2023010431850,2023,010431850,2,9,0,10,10,3,2,0,0,1,0,0,2,2,4,1,6,6,1,48,8,3996,1,3,-1,4,E01004357,0,-1
2023520301803,2023,520301803,2,4,0,9,9,1,7,0,0,1,0,0,0,0,3,1,6,6,1,82,11,250,1,48,-1,6,E01023986,0,-1
2023010446081,2023,010446081,2,9,0,18,19,3,7,0,0,1,0,0,0,0,1,1,6,6,1,35,6,2993,1,2,BMW M3,2,E01001477,0,-1
2023471345860,2023,471345860,2,9,0,4,4,8,4,0,0,1,0,0,0,0,4,1,1,1,1,28,6,2998,8,1,BMW M3,6,E01031709,0,-1
2023010483854,2023,010483854,1,9,0,18,19,5,1,0,0,8,0,0,0,0,1,1,6,6,1,33,6,3246,1,21,BMW M3,2,E01000021,0,-1
2023421384555,2023,421384555,2,9,0,10,10,8,4,0,0,1,0,0,0,0,3,1,6,6,1,34,6,2979,1,6,BMW M3,6,E01015821,0,-1
2023430034304,2023,430034304,1,9,0,9,9,7,5,0,0,6,0,0,0,0,1,1,2,2,1,33,6,2993,12,2,BMW M3,5,E01028538,0,-1
2023361291361,2023,361291361,1,9,0,5,5,8,8,0,0,0,0,0,0,0,1,1,5,6,1,26,6,2979,1,7,BMW M3,3,E01026799,0,-1
2023141324249,2023,141324249,2,9,0,18,19,7,3,0,0,0,0,0,0,0,0,1,1,1,1,37,7,2998,8,1,BMW M3,1,E01007902,0,-1
2023461337164,2023,461337164,1,9,0,18,19,5,1,0,0,0,0,0,0,0,2,1,6,6,1,32,6,2979,1,8,BMW M3,4,E01024395,0,-1
2023421355362,2023,421355362,1,9,0,7,7,1,3,0,0,0,5,0,7,1,3,1,5,6,1,20,4,2979,1,8,BMW M3,3,E01002243,0,-1
2023221305585,2023,221305585,1,9,0,18,19,6,2,0,0,0,0,0,1,0,1,1,5,6,1,46,8,2993,1,2,BMW M3,1,E01010364,0,-1
2023320617066,2023,320617066,1,9,0,14,14,2,6,0,0,0,0,0,0,0,4,1,6,6,2,34,6,2993,1,2,BMW M3,10,E01026215,0,-1
2023131361825,2023,131361825,2,9,0,16,19,7,3,0,0,0,0,0,0,0,1,1,6,6,3,25,5,2998,1,3,BMW M3,-1,-1,0,-1
2023991268393,2023,991268393,2,9,0,18,19,4,8,0,0,8,0,0,0,0,3,1,1,1,1,55,8,2993,12,2,BMW M3,6,-1,0,-1
2023201298684,2023,201298684,1,9,0,18,19,4,8,0,0,1,0,4,0,0,1,1,6,6,1,32,6,3999,1,13,BMW M3,4,E01009313,0,-1
2023461393767,2023,461393767,1,9,0,18,19,3,7,0,0,1,0,0,0,0,1,1,6,6,1,25,5,3246,1,21,BMW M3,3,E01016030,0,-1
2023010474229,2023,010474229,2,9,0,18,19,1,5,0,0,1,0,0,0,0,4,1,6,6,1,43,7,2993,1,0,BMW M3,9,E01001993,0,-1
2023010426277,2023,010426277,2,9,0,99,99,9,9,99,99,9,9,99,9,99,0,9,6,6,3,-1,-1,2979,1,5,BMW M3,-1,-1,0,-1
2023547998023,2023,547998023,1,9,0,18,19,4,8,0,0,0,0,0,1,4,4,1,6,6,1,42,7,2998,8,2,BMW M3,8,E01020475,0,-1
2023010454514,2023,010454514,5,9,0,18,19,4,8,0,0,8,0,0,0,0,2,1,6,6,1,28,6,3999,1,13,BMW M3,2,E01003729,0,-1
2023010423808,2023,010423808,2,9,0,99,99,9,9,99,99,9,9,99,9,99,9,9,6,6,3,60,9,2998,1,3,BMW M3,-1,-1,0,-1
2023451265927,2023,451265927,2,9,0,18,19,5,1,0,0,0,0,0,0,0,0,1,1,1,1,45,7,2998,8,2,BMW M3,10,E01030435,0,-1
2023332300595,2023,332300595,1,9,0,15,15,5,1,0,0,0,1,0,1,1,1,1,6,6,1,24,5,2993,1,2,BMW M3,2,E01027241,0,-1
2023010457971,2023,010457971,1,9,0,18,19,1,5,0,0,1,1,10,0,0,1,1,6,6,1,28,6,2998,8,2,BMW M3,3,E01000577,0,-1
2023010425585,2023,010425585,2,9,0,99,99,9,9,99,99,9,9,99,9,99,1,9,6,6,3,29,6,3999,1,14,BMW M3,-1,-1,0,-1
2023010473318,2023,010473318,2,9,0,18,19,7,3,0,0,0,0,0,0,0,1,1,6,6,1,30,6,2998,1,3,BMW M3,-1,-1,0,-1
2023471368102,2023,471368102,1,9,0,18,19,7,3,0,0,0,0,0,0,0,1,1,6,6,1,40,7,3246,1,20,BMW M3,3,E01031789,0,-1
2023440473141,2023,440473141,1,9,0,18,19,4,8,0,0,0,1,0,4,6,1,1,6,6,1,38,7,2979,1,6,BMW M3,10,E01022505,0,-1
2023010435724,2023,010435724,2,9,0,99,99,9,9,99,99,9,9,99,9,99,1,9,6,6,3,-1,-1,3999,1,10,BMW M3,-1,-1,0,-1
2023131319634,2023,131319634,1,9,0,18,19,3,7,0,0,0,0,0,0,0,1,1,6,6,1,29,6,2993,1,0,BMW M3,6,E01011460,0,-1
2023991309605,2023,991309605,1,9,0,17,19,4,8,0,0,0,0,0,0,0,2,1,5,6,1,37,7,2993,1,1,BMW M3,5,-1,0,-1
2023131340858,2023,131340858,3,9,0,16,19,4,8,0,0,0,0,4,8,0,2,1,6,6,1,21,5,2979,1,7,BMW M3,1,E01007715,0,-1
2023141318289,2023,141318289,1,9,0,18,19,3,7,0,0,8,1,10,8,0,4,1,5,6,1,18,4,2998,1,4,BMW M3,10,E01007929,0,-1
2023101284649,2023,101284649,1,9,0,18,19,5,1,0,0,0,1,10,1,2,3,1,2,2,1,33,6,3999,1,11,BMW M3,6,E01027394,0,-1
2023340NN1392,2023,340NN1392,2,9,0,3,3,3,7,0,0,1,0,0,0,0,3,1,6,6,1,52,8,2993,1,2,BMW M3,6,E01027045,0,-1
2023421329722,2023,421329722,1,9,0,17,19,3,7,0,0,0,1,0,7,0,4,1,5,6,1,45,7,3246,1,18,BMW M3,5,E01021800,0,-1
2023010470514,2023,010470514,1,9,0,15,15,5,1,0,0,4,0,0,0,0,3,1,6,6,1,30,6,3246,1,22,BMW M3,4,E01003784,0,-1
2023010467989,2023,010467989,1,9,0,17,19,7,3,0,0,2,0,0,0,0,1,1,6,6,1,46,8,2998,8,1,BMW M3,9,E01002386,0,-1
2023201426400,2023,201426400,1,9,0,5,5,5,5,0,0,6,0,10,1,11,1,1,6,6,3,-1,-1,2993,12,2,BMW M3,-1,-1,0,-1
2023421332475,2023,421332475,1,9,0,18,19,3,7,0,0,0,2,0,2,0,1,1,5,6,1,37,7,3246,1,21,BMW M3,5,E01021901,0,-1
2023421307189,2023,421307189,2,9,0,18,19,3,7,0,0,0,0,0,2,3,1,1,5,6,1,33,6,3999,1,13,BMW M3,-1,-1,0,-1
2023201377769,2023,201377769,2,9,0,3,3,6,2,0,0,1,0,0,0,0,2,1,6,6,2,32,6,2993,1,0,BMW M3,1,E01008896,0,-1
2023131325536,2023,131325536,1,9,0,18,19,3,3,0,0,8,0,0,0,0,2,1,6,6,3,-1,-1,2998,1,3,BMW M3,-1,-1,0,-1
2023311335906,2023,311335906,1,9,0,18,19,5,1,0,0,0,5,0,7,0,1,1,5,6,1,50,8,3246,1,18,BMW M3,-1,-1,0,-1
2023231279085,2023,231279085,2,9,0,16,19,2,7,0,0,0,0,0,0,0,1,1,6,6,2,66,10,2998,8,1,BMW M3,10,E01031201,0,-1
2023122300437,2023,122300437,1,9,0,18,19,7,3,0,0,0,0,0,0,0,1,1,6,6,1,40,7,2979,1,6,BMW M3,10,E01013420,0,-1
2023332300811,2023,332300811,1,9,0,18,19,6,2,0,0,0,0,0,0,0,1,1,6,6,1,-1,-1,3999,1,12,BMW M3,-1,-1,0,-1
2023131292997,2023,131292997,2,9,0,18,19,1,1,0,0,0,0,0,0,0,4,1,5,6,1,34,6,2993,1,1,BMW M3,3,E01011141,0,-1
2023991350499,2023,991350499,1,9,0,18,19,6,2,0,0,0,0,0,0,0,1,1,1,1,1,21,5,2993,12,0,BMW M3,8,-1,0,-1
2023041314339,2023,041314339,1,9,0,18,19,2,6,0,0,0,0,0,7,11,2,1,5,6,1,60,9,2993,1,1,BMW M3,6,E01025132,0,-1
2023131392859,2023,131392859,1,9,0,18,19,1,5,0,0,0,2,0,1,4,1,1,6,6,3,-1,-1,2998,8,3,BMW M3,-1,-1,0,-1
2023052300602,2023,052300602,2,9,0,4,4,1,5,0,0,0,0,0,0,0,2,1,6,6,1,45,7,2993,12,2,BMW M3,2,E01006785,0,-1
2023411278423,2023,411278423,1,9,0,18,19,1,5,0,0,0,0,0,0,0,4,1,3,7,1,40,7,3999,1,12,BMW M3,10,E01023949,0,-1
2023010464961,2023,010464961,1,9,0,18,19,1,5,0,0,2,0,0,0,0,2,1,6,6,1,31,6,2979,1,6,BMW M3,2,E01000103,0,-1
2023141318618,2023,141318618,1,9,0,18,19,7,3,0,0,6,0,0,0,0,1,1,6,6,1,28,6,2998,8,2,BMW M3,8,E01007524,0,-1
2023440217138,2023,440217138,2,9,0,18,19,6,2,0,0,8,0,0,0,0,3,1,2,2,1,23,5,2993,12,2,BMW M3,7,E01031951,0,-1
2023471349237,2023,471349237,1,9,0,18,19,8,4,0,0,0,0,0,7,0,1,1,6,6,1,67,10,2998,8,1,BMW M3,8,E01021129,0,-1
2023320746291,2023,320746291,1,9,0,18,19,3,7,0,0,0,0,0,1,9,1,1,6,6,1,42,7,2979,1,5,BMW M3,9,E01026370,0,-1
2023501317860,2023,501317860,3,9,0,18,19,3,7,0,0,0,0,0,0,0,0,1,1,1,1,32,6,2998,8,1,BMW M3,7,E01018934,0,-1
2023010461309,2023,010461309,1,9,0,7,7,3,5,0,0,4,0,0,0,0,1,1,6,6,2,51,8,3999,1,14,BMW M3,2,E01001746,0,-1
2023461355998,2023,461355998,1,9,0,18,19,5,1,0,0,1,0,0,7,4,1,1,5,6,1,27,6,2979,1,6,BMW M3,9,E01024818,0,-1
2023471302373,2023,471302373,2,9,0,16,19,4,8,0,0,0,0,0,0,0,2,1,5,6,1,24,5,2998,1,3,BMW M3,7,E01021088,0,-1
2023101319751,2023,101319751,1,9,0,17,19,3,7,9,9,0,2,0,0,0,1,1,6,6,2,43,7,2993,12,2,BMW M3,4,E01027362,0,-1
2023122301212,2023,122301212,1,9,0,18,19,1,5,0,0,1,0,0,7,11,1,1,1,1,1,54,8,2998,8,1,BMW M3,9,E01027596,0,-1
2023201344741,2023,201344741,1,9,0,12,12,7,3,0,0,2,0,0,0,0,1,1,6,6,1,32,6,2979,1,6,BMW M3,1,E01009322,0,-1
2023041301930,2023,041301930,2,9,0,18,19,2,6,0,0,0,0,0,0,0,1,1,6,6,2,44,7,2993,12,1,BMW M3,1,E01024895,0,-1
2023622301023,2023,622301023,2,9,0,18,19,1,6,0,0,0,0,0,0,0,2,1,6,6,1,39,7,2998,1,3,BMW M3,2,W01001885,0,-1
2023451299088,2023,451299088,1,9,0,18,19,3,7,0,0,0,0,0,0,0,3,1,5,6,1,34,6,2993,1,0,BMW M3,6,E01003755,0,-1
2023430031799,2023,430031799,1,9,0,18,19,3,7,0,0,0,1,10,0,0,1,1,6,6,1,24,5,3999,1,11,BMW M3,8,E01017498,0,-1
2023471299981,2023,471299981,1,9,0,18,19,5,1,0,0,0,5,0,0,0,1,1,5,6,1,43,7,3246,1,18,BMW M3,10,E01031699,0,-1
2023430375655,2023,430375655,2,9,0,18,19,1,5,0,0,0,0,0,0,0,0,1,6,6,1,-1,-1,2998,8,2,BMW M3,-1,-1,0,-1
2023010440795,2023,010440795,1,9,0,18,19,5,1,0,0,0,0,0,0,0,1,1,6,6,3,-1,-1,2993,1,2,BMW M3,9,E01022525,0,-1
2023411314130,2023,411314130,2,9,0,18,19,3,7,0,0,0,0,0,0,0,1,1,6,6,3,-1,-1,2998,1,3,BMW M3,-1,-1,0,-1
2023440475227,2023,440475227,1,9,0,18,19,3,7,0,0,8,1,0,7,1,4,1,1,1,1,-1,-1,2998,8,1,BMW M3,-1,-1,0,-1
2023101276323,2023,101276323,1,9,0,18,19,4,8,0,0,3,0,10,1,0,1,1,2,2,1,27,6,2993,1,1,BMW M3,4,E01008711,0,-1
2023010461893,2023,010461893,2,9,0,12,12,1,5,0,0,0,0,0,0,0,0,1,6,6,1,32,6,2998,1,3,BMW M3,5,E01003316,0,-1
2023531377843,2023,531377843,1,9,0,18,19,3,7,0,0,0,1,0,1,0,1,1,2,2,2,30,6,2979,1,7,BMW M3,7,E01022287,0,-1
2023010430327,2023,010430327,2,9,0,18,19,3,7,0,0,0,0,0,0,0,1,1,6,6,1,41,7,3999,1,10,BMW M3,9,E01001531,0,-1
2023440337702,2023,440337702,2,9,0,18,19,5,1,0,0,1,0,0,0,0,4,1,1,1,1,-1,-1,2998,1,3,BMW M3,-1,-1,0,-1
2023461377149,2023,461377149,1,9,0,18,19,7,3,0,0,0,0,0,0,0,2,1,6,6,1,31,6,2993,1,1,BMW M3,10,E01024146,0,-1
2023991369591,2023,991369591,1,9,0,18,19,2,6,0,0,0,5,0,1,4,1,1,5,6,1,22,5,2998,1,3,BMW M3,-1,-1,0,-1