collision_index,collision_year,collision_ref_no,vehicle_reference,vehicle_type,towing_and_articulation,vehicle_manoeuvre_historic,vehicle_manoeuvre,vehicle_direction_from,vehicle_direction_to,vehicle_location_restricted_lane_historic,vehicle_location_restricted_lane,junction_location,skidding_and_overturning,hit_object_in_carriageway,vehicle_leaving_carriageway,hit_object_off_carriageway,first_point_of_impact,vehicle_left_hand_drive,journey_purpose_of_driver_historic,journey_purpose_of_driver,sex_of_driver,age_of_driver,age_band_of_driver,engine_capacity_cc,propulsion_code,age_of_vehicle,generic_make_model,driver_imd_decile,lsoa_of_driver,escooter_flag,driver_distance_banding
2023441339789,2023,441339789,2,9,0,4,4,7,1,0,0,1,0,0,0,0,0,1,1,1,1,-1,-1,2998,8,1,BMW M3,9,E01031391,0,-1
2023451325471,2023,451325471,3,9,0,4,4,3,7,0,0,0,0,0,0,0,0,1,6,6,1,30,6,2979,1,6,BMW M3,-1,-1,0,-1
2023132301365,2023,132301365,1,9,0,3,3,4,8,0,0,2,0,0,0,0,1,1,1,1,1,48,8,2998,8,1,BMW M3,9,E01027575,0,-1
202360A106708,2023,60A106708,3,9,0,4,4,4,8,0,0,0,0,0,0,0,2,1,2,2,1,51,8,2993,12,1,BMW M3,-1,-1,0,-1
2023332300790,2023,332300790,1,9,0,7,7,2,4,0,0,5,0,0,0,0,1,1,3,7,1,56,9,3999,1,16,BMW M3,9,E01028421,0,-1
2023302300269,2023,302300269,1,9,0,18,19,5,1,0,0,0,0,0,7,4,1,1,2,2,1,38,7,2979,1,9,BMW M3,5,E01019883,0,-1
2023201364263,2023,201364263,1,9,0,18,19,3,7,0,0,0,2,10,1,4,4,1,6,6,1,29,6,2993,1,0,BMW M3,-1,-1,0,-1
2023461364617,2023,461364617,1,9,0,18,19,6,2,0,0,8,0,0,0,0,3,1,5,6,1,-1,-1,2998,1,3,BMW M3,-1,-1,0,-1
2023421276622,2023,421276622,1,9,0,18,19,6,5,0,0,0,1,0,1,0,1,1,6,6,1,24,5,2993,1,2,BMW M3,1,E01004245,0,-1
2023010425275,2023,010425275,2,9,0,18,19,3,7,0,0,1,0,0,0,0,1,1,6,6,1,41,7,3246,1,22,BMW M3,7,E01002269,0,-1
2023041325081,2023,041325081,2,9,0,18,19,5,8,0,0,1,0,0,1,0,1,1,5,6,1,21,5,2979,1,5,BMW M3,-1,-1,0,-1
2023201389873,2023,201389873,2,9,0,18,19,6,2,0,0,4,0,0,0,0,4,1,6,6,1,23,5,2979,1,8,BMW M3,7,E01010394,0,-1
2023302301414,2023,302301414,1,90,0,18,19,6,2,0,0,0,0,0,1,4,3,1,6,6,1,58,9,1000,1,1,-1,9,E01019589,0,-1
2023111352291,2023,111352291,1,17,0,18,19,5,1,9,9,0,1,4,0,0,1,1,6,6,1,-1,-1,570,1,5,-1,-1,-1,0,-1
2023371282238,2023,371282238,1,9,0,18,19,1,5,0,0,0,2,0,7,4,3,1,2,2,1,32,6,1206,1,13,CHEVROLET AVEO,2,E01029988,0,-1
2023302300698,2023,302300698,2,9,0,18,19,8,4,0,0,0,0,0,0,0,2,1,6,6,2,65,9,1399,1,14,CHEVROLET AVEO,3,E01019858,0,-1
2023991283539,2023,991283539,1,9,0,17,19,7,2,0,0,0,5,0,1,0,3,1,4,7,1,17,4,1206,1,12,CHEVROLET AVEO,-1,-1,0,-1
2023010476458,2023,010476458,1,9,0,99,99,9,9,99,99,9,9,99,9,99,2,9,2,2,1,51,8,1206,1,15,CHEVROLET AVEO,3,E01001764,0,-1
2023122300607,2023,122300607,2,9,0,18,19,6,2,0,0,1,0,0,0,0,1,1,6,6,2,34,6,1206,1,13,CHEVROLET AVEO,1,E01011326,0,-1
2023122300147,2023,122300147,1,9,0,18,19,5,1,0,0,0,0,0,0,0,1,1,6,6,2,55,8,1248,2,10,CHEVROLET AVEO,3,E01011851,0,-1
2023421350161,2023,421350161,2,9,0,16,19,7,3,0,0,0,0,0,0,0,1,1,6,6,2,23,5,1399,1,12,CHEVROLET AVEO,10,E01021754,0,-1
2023010433826,2023,010433826,2,9,0,18,19,3,7,0,0,1,0,0,0,0,1,1,1,1,1,22,5,1206,1,13,CHEVROLET AVEO,1,E01009364,0,-1
2023440373490,2023,440373490,2,9,0,9,9,4,2,0,0,8,0,0,0,0,4,1,6,6,3,-1,-1,1399,1,13,CHEVROLET AVEO,-1,-1,0,-1
2023010464019,2023,010464019,1,9,0,17,19,1,5,0,0,0,0,0,0,0,1,1,2,2,1,35,6,1206,1,14,CHEVROLET AVEO,5,E01003284,0,-1
2023361285411,2023,361285411,1,9,0,18,19,3,7,0,0,0,1,0,1,0,1,1,5,6,2,22,5,1206,1,13,CHEVROLET AVEO,3,E01026318,0,-1
2023010449106,2023,010449106,1,9,0,18,19,3,7,0,0,0,0,0,0,0,1,1,6,6,1,29,6,1206,1,12,CHEVROLET AVEO,3,E01001831,0,-1
2023440329037,2023,440329037,1,9,0,5,5,8,4,0,0,4,0,0,0,0,3,1,2,2,2,36,7,1398,1,11,CHEVROLET AVEO,3,E01023145,0,-1
2023991274034,2023,991274034,1,9,0,18,19,6,2,0,0,0,0,0,0,0,1,1,5,6,1,68,10,1206,1,12,CHEVROLET AVEO,7,-1,0,-1
2023461296359,2023,461296359,2,9,0,9,9,2,1,0,0,4,0,0,0,0,4,1,6,6,1,37,7,1206,1,15,CHEVROLET AVEO,3,E01024488,0,-1
2023401332085,2023,401332085,3,9,0,2,2,3,3,0,0,0,0,0,0,0,3,1,6,6,3,-1,-1,1206,1,15,CHEVROLET AVEO,-1,-1,0,-1
2023421333430,2023,421333430,2,9,0,18,19,1,5,0,0,2,0,0,0,0,4,1,6,6,1,51,8,1399,1,15,CHEVROLET AVEO,8,E01033142,0,-1
2023471358052,2023,471358052,1,9,0,9,9,8,5,0,0,1,0,0,0,0,3,1,5,6,1,53,8,1206,1,13,CHEVROLET AVEO,10,E01031725,0,-1
2023552300344,2023,552300344,2,9,0,18,19,2,6,0,0,1,0,0,0,0,2,1,6,6,1,28,6,1206,1,13,CHEVROLET AVEO,3,E01033285,0,-1
2023010484280,2023,010484280,3,9,0,18,19,3,7,0,0,0,0,0,0,0,1,1,6,6,1,36,7,1206,1,15,CHEVROLET AVEO,2,E01000059,0,-1
2023610035123,2023,610035123,1,9,0,8,8,5,7,0,0,1,0,0,0,0,3,1,6,6,2,46,8,1206,1,13,CHEVROLET AVEO,1,W01001643,0,-1
2023010474312,2023,010474312,2,9,0,99,99,9,9,99,99,9,9,99,9,99,1,9,6,6,3,-1,-1,1206,1,12,CHEVROLET AVEO,8,E01001925,0,-1
2023340NN1872,2023,340NN1872,1,9,0,9,9,8,6,0,0,6,0,0,0,0,0,1,2,2,1,56,9,1398,1,10,CHEVROLET AVEO,8,E01027040,0,-1
2023991349639,2023,991349639,2,9,0,3,3,8,5,0,0,4,0,0,0,0,2,1,5,6,2,55,8,1229,1,10,CHEVROLET AVEO,2,-1,0,-1
2023991278569,2023,991278569,1,9,0,1,1,2,7,0,0,5,0,0,0,0,2,1,1,1,1,21,5,1206,1,13,CHEVROLET AVEO,1,-1,0,-1
2023421274302,2023,421274302,1,9,0,18,19,5,1,0,0,0,0,0,0,0,4,1,5,6,1,23,5,1229,1,10,CHEVROLET AVEO,2,E01021311,0,-1
2023440385656,2023,440385656,2,9,0,9,9,1,7,0,0,8,0,0,0,0,4,1,6,6,2,24,5,1206,1,14,CHEVROLET AVEO,8,E01022952,0,-1
2023471300868,2023,471300868,1,9,0,16,19,8,4,0,0,0,2,0,1,4,3,1,2,2,1,20,4,1399,1,14,CHEVROLET AVEO,9,E01031612,0,-1
2023170S10603,2023,170S10603,1,9,0,18,19,1,5,0,0,0,0,0,0,0,1,1,6,6,1,24,5,1206,1,14,CHEVROLET AVEO,2,E01012249,0,-1
2023122300906,2023,122300906,1,9,0,18,19,5,2,0,0,0,1,0,1,9,4,1,2,2,1,39,7,1248,2,11,CHEVROLET AVEO,1,E01027907,0,-1
2023622300608,2023,622300608,2,9,0,9,9,1,7,0,0,6,0,0,0,0,1,1,6,6,3,-1,-1,1206,1,13,CHEVROLET AVEO,-1,-1,0,-1
2023010450979,2023,010450979,2,9,9,99,99,9,9,99,99,9,9,99,9,99,9,9,6,6,3,-1,-1,1229,1,9,CHEVROLET AVEO,7,E01001610,0,-1
2023061373705,2023,061373705,2,9,0,18,19,2,7,0,0,4,0,0,0,0,3,1,5,6,1,20,4,1206,1,12,CHEVROLET AVEO,9,E01006319,0,-1
2023991331629,2023,991331629,1,9,0,9,9,8,6,0,0,8,0,0,0,0,1,1,5,6,1,47,8,1398,1,10,CHEVROLET AVEO,5,-1,0,-1
2023201416738,2023,201416738,1,9,0,18,19,7,3,0,0,0,0,0,0,0,1,1,1,1,2,30,6,1399,1,15,CHEVROLET AVEO,-1,-1,0,-1
2023041333649,2023,041333649,3,9,0,2,2,0,0,0,0,1,0,0,0,0,4,1,6,6,3,-1,-1,1399,1,14,CHEVROLET AVEO,-1,-1,0,-1
2023522401060,2023,522401060,1,9,0,18,19,7,3,0,0,0,0,0,0,0,3,1,6,6,2,25,5,1206,1,12,CHEVROLET AVEO,1,E01014582,0,-1
2023131370033,2023,131370033,2,9,0,18,19,7,3,0,0,0,0,0,0,0,1,1,6,6,3,-1,-1,1984,1,1,-1,-1,-1,0,-1
2023131293758,2023,131293758,5,9,0,18,19,1,5,0,0,1,0,0,0,0,0,1,6,6,3,-1,-1,1984,1,1,-1,-1,-1,0,-1
2023131284233,2023,131284233,2,9,0,18,19,5,1,0,0,8,0,0,0,0,0,1,1,1,1,40,7,1984,1,1,-1,6,E01011885,0,-1
2023061333173,2023,061333173,2,9,0,10,10,5,3,0,0,1,0,0,0,0,3,1,5,6,1,53,8,1498,1,0,-1,3,E01005938,0,-1
2023141315246,2023,141315246,1,9,0,9,9,5,3,0,0,6,0,0,0,0,4,1,6,6,3,20,4,1984,1,0,-1,-1,-1,0,-1
2023340WN7042,2023,340WN7042,5,9,0,4,4,1,5,0,0,0,0,0,0,0,2,1,6,6,3,-1,-1,1984,1,0,-1,-1,-1,0,-1
2023461390406,2023,461390406,3,10,0,18,19,7,3,0,0,0,0,0,0,0,2,1,1,1,1,50,8,-1,-1,-1,FORD TOURNEO,9,E01024818,0,-1
2023501383417,2023,501383417,2,8,0,18,19,6,3,0,0,0,0,0,0,0,1,1,3,7,1,57,9,1995,2,5,FORD TOURNEO,1,E01029293,0,-1
2023070352403,2023,070352403,1,8,0,18,19,4,8,0,0,0,0,0,0,0,1,1,1,1,1,52,8,1995,2,6,FORD TOURNEO,2,E01018354,0,-1
2023061307898,2023,061307898,2,9,0,4,4,5,1,0,0,1,1,0,1,0,2,1,5,6,2,50,8,1995,2,1,FORD TOURNEO,1,E01004823,0,-1
2023010427061,2023,010427061,2,9,0,99,99,9,9,99,99,0,9,99,9,99,2,9,6,6,3,-1,-1,1995,2,1,FORD TOURNEO,6,E01015636,0,-1
2023010443420,2023,010443420,2,10,0,99,99,9,9,99,99,9,9,99,9,99,9,9,6,6,3,-1,-1,-1,-1,-1,FORD TOURNEO,-1,-1,0,-1
2023421328735,2023,421328735,2,8,0,18,19,8,4,0,0,0,0,0,0,0,2,1,1,1,2,34,6,1995,2,7,FORD TOURNEO,3,E01021300,0,-1
2023161294089,2023,161294089,1,9,0,9,9,1,7,0,0,6,0,0,0,0,1,1,5,6,1,39,7,1995,2,2,FORD TOURNEO,6,E01027472,0,-1
2023401276695,2023,401276695,2,8,0,10,10,5,1,0,0,1,0,0,0,0,2,1,6,6,1,57,9,1995,2,5,FORD TOURNEO,4,E01015786,0,-1
2023041280687,2023,041280687,2,9,0,2,2,0,0,9,9,0,0,0,0,0,3,1,6,6,3,-1,-1,1995,2,2,FORD TOURNEO,-1,-1,0,-1
202360A121400,2023,60A121400,2,9,0,3,3,4,8,0,0,2,0,0,0,0,2,1,6,6,1,-1,-1,1499,2,5,FORD TOURNEO,-1,-1,0,-1
2023991374638,2023,991374638,2,8,0,18,19,6,2,0,0,1,0,0,0,0,1,1,1,1,1,56,9,1499,2,6,FORD TOURNEO,9,-1,0,-1
2023351312823,2023,351312823,2,8,0,18,19,7,3,0,0,2,0,0,0,0,2,1,1,1,1,34,6,2198,2,8,FORD TOURNEO,8,E01018286,0,-1
2023141362132,2023,141362132,1,9,0,18,19,8,4,0,0,1,0,0,0,0,1,1,2,2,1,30,6,1995,2,3,FORD TOURNEO,3,E01007490,0,-1
2023320598991,2023,320598991,2,10,0,18,19,8,4,0,0,1,0,0,0,0,1,1,2,2,1,79,11,-1,-1,-1,FORD TOURNEO,-1,-1,0,-1
2023610005623,2023,610005623,1,9,0,3,3,1,5,0,0,0,0,0,0,0,2,1,6,6,1,32,6,1995,2,5,FORD TOURNEO,1,W01001659,0,-1
2023231297783,2023,231297783,3,9,0,18,19,4,8,0,0,0,0,0,0,0,1,1,6,6,2,40,7,1995,2,4,FORD TOURNEO,6,E01002601,0,-1
2023161298998,2023,161298998,2,9,0,9,9,3,1,0,0,0,0,0,0,0,2,1,5,6,1,72,10,1499,2,3,FORD TOURNEO,1,E01013278,0,-1
2023471259264,2023,471259264,1,9,0,9,9,3,5,0,0,1,0,0,0,0,1,1,6,6,1,47,8,1995,2,5,FORD TOURNEO,7,E01031534,0,-1
2023991317386,2023,991317386,1,8,0,18,19,8,4,0,0,0,0,0,0,0,1,1,1,1,1,46,8,1995,2,4,FORD TOURNEO,4,-1,0,-1
2023991295129,2023,991295129,3,9,0,2,2,0,0,0,0,2,0,4,0,0,2,1,6,6,3,-1,-1,1499,2,7,FORD TOURNEO,-1,-1,0,-1
2023161329718,2023,161329718,2,9,0,17,19,7,3,0,0,0,0,0,0,0,3,1,5,6,1,64,9,1499,2,7,FORD TOURNEO,8,E01013273,0,-1
2023141337630,2023,141337630,1,9,0,18,19,7,3,0,0,0,0,0,0,0,2,1,6,6,1,58,9,1995,2,4,FORD TOURNEO,7,E01008133,0,-1
2023461381147,2023,461381147,1,10,0,18,19,8,4,0,0,2,0,0,0,0,1,1,1,1,2,33,6,-1,-1,-1,FORD TOURNEO,1,E01024240,0,-1
2023302300698,2023,302300698,1,9,0,18,19,8,4,0,0,0,0,0,0,0,2,1,6,6,2,34,6,1499,2,1,FORD TOURNEO,2,E01019863,0,-1
2023010469626,2023,010469626,1,9,0,4,4,3,7,0,0,8,0,0,0,0,2,1,6,6,1,37,7,1995,2,1,FORD TOURNEO,6,E01021464,0,-1
2023520300852,2023,520300852,2,10,0,18,19,1,5,0,0,0,0,0,0,0,1,1,6,6,1,100,11,-1,-1,-1,FORD TOURNEO,-1,-1,0,-1
2023320091940,2023,320091940,1,9,0,18,19,4,8,0,0,0,0,4,0,0,1,1,1,1,1,56,9,1499,2,2,FORD TOURNEO,1,E01026073,0,-1
2023471321259,2023,471321259,1,10,0,18,19,7,3,0,0,8,0,0,1,11,1,1,5,6,2,47,8,-1,-1,-1,FORD TOURNEO,6,E01031449,0,-1
2023010474326,2023,010474326,1,9,0,5,5,3,7,0,0,6,0,0,0,0,0,1,6,6,2,67,10,1995,2,1,FORD TOURNEO,2,E01004729,0,-1
2023440158642,2023,440158642,1,9,0,18,19,8,4,0,0,0,0,0,7,11,1,1,6,6,2,60,9,1995,2,4,FORD TOURNEO,8,E01022570,0,-1
2023041316610,2023,041316610,1,9,0,18,19,5,1,0,0,0,0,0,0,0,0,1,1,1,1,35,6,1995,2,5,FORD TOURNEO,-1,-1,0,-1
2023332300267,2023,332300267,2,9,0,18,19,5,1,0,0,8,0,0,0,0,1,1,6,6,1,55,8,1499,2,8,FORD TOURNEO,9,E01013703,0,-1
2023522400987,2023,522400987,1,9,0,7,7,8,3,0,0,4,0,0,0,0,1,1,6,6,1,42,7,1499,2,6,FORD TOURNEO,4,E01014645,0,-1
2023371394372,2023,371394372,1,9,0,9,9,3,1,0,0,2,0,0,0,0,1,1,6,6,1,38,7,1995,2,0,FORD TOURNEO,-1,-1,0,-1
2023031391187,2023,031391187,2,9,0,9,9,2,6,0,0,1,0,0,0,0,4,1,1,1,1,76,11,1995,2,5,FORD TOURNEO,5,E01019278,0,-1
2023411286201,2023,411286201,1,9,0,18,19,3,7,0,0,8,0,0,1,10,1,1,1,1,1,56,9,1995,2,7,FORD TOURNEO,3,E01015788,0,-1
2023461275455,2023,461275455,1,9,0,4,4,6,3,0,0,1,0,0,0,0,1,1,1,1,1,-1,-1,1995,2,6,FORD TOURNEO,4,E01024027,0,-1
2023010467345,2023,010467345,2,9,9,1,1,5,1,0,0,9,9,99,9,99,9,9,6,6,1,29,6,1995,2,0,FORD TOURNEO,6,E01002140,0,-1
2023991285928,2023,991285928,1,9,0,10,10,4,1,0,0,8,0,0,0,0,1,1,5,6,1,39,7,1995,2,2,FORD TOURNEO,-1,-1,0,-1
2023461374195,2023,461374195,2,9,0,4,4,3,7,0,0,3,0,0,0,0,4,1,3,7,1,67,10,1995,2,3,FORD TOURNEO,6,E01024212,0,-1
2023430421278,2023,430421278,1,10,0,18,19,4,8,0,0,0,0,0,0,0,2,1,6,6,1,75,10,-1,-1,-1,FORD TOURNEO,7,E01002939,0,-1
2023041297516,2023,041297516,1,9,0,18,19,5,1,0,0,0,5,0,0,0,1,1,1,1,1,39,7,1499,2,4,FORD TOURNEO,1,E01005729,0,-1
2023010471734,2023,010471734,1,10,0,99,99,9,9,99,99,0,9,99,9,99,2,9,1,1,1,55,8,-1,-1,-1,FORD TOURNEO,2,E01003125,0,-1
202360A081073,2023,60A081073,1,9,0,5,5,6,2,0,0,6,0,0,0,0,1,1,6,6,2,35,6,996,8,1,FORD TOURNEO,-1,-1,0,-1
2023221441046,2023,221441046,1,8,0,18,19,4,8,0,0,0,1,0,7,0,1,1,1,1,2,39,7,996,8,3,FORD TOURNEO,-1,-1,0,-1
2023421392154,2023,421392154,2,8,0,18,19,1,5,0,0,0,0,0,0,0,1,1,1,1,1,56,9,2198,2,8,FORD TOURNEO,7,E01021950,0,-1
2023231345341,2023,231345341,1,9,0,18,19,4,8,0,0,0,0,0,0,0,1,1,1,1,1,38,7,1499,2,6,FORD TOURNEO,5,E01021866,0,-1
2023161370040,2023,161370040,2,9,0,9,9,3,8,0,0,0,0,0,0,0,1,1,5,6,1,31,6,1995,2,1,FORD TOURNEO,1,E01012881,0,-1
2023522400488,2023,522400488,1,9,0,4,4,6,2,0,0,0,0,0,0,0,3,1,6,6,1,52,8,1499,2,5,FORD TOURNEO,4,E01020180,0,-1
2023401328519,2023,401328519,2,9,0,16,19,3,7,0,0,0,0,0,0,0,2,1,6,6,1,28,6,1560,2,8,FORD TOURNEO,8,E01016775,0,-1
2023552300904,2023,552300904,2,9,3,18,19,6,2,0,0,0,0,0,0,0,3,1,6,6,1,46,8,1995,2,4,FORD TOURNEO,6,E01020547,0,-1
2023522300763,2023,522300763,1,9,0,2,2,0,0,0,0,0,0,0,0,0,2,1,6,6,1,52,8,1499,2,4,FORD TOURNEO,5,E01014915,0,-1
2023302300469,2023,302300469,1,8,0,17,19,3,1,0,0,1,0,0,0,0,1,1,1,1,1,58,9,1995,2,7,FORD TOURNEO,2,E01019542,0,-1
2023010427768,2023,010427768,2,8,0,99,99,9,9,99,99,9,9,99,9,99,9,9,6,6,3,-1,-1,1499,2,6,FORD TOURNEO,-1,-1,0,-1
2023010432106,2023,010432106,3,9,0,18,19,1,5,0,0,8,0,0,0,0,1,1,6,6,1,49,8,1995,2,1,FORD TOURNEO,5,E01002371,0,-1
2023430276759,2023,430276759,2,8,0,2,2,8,4,0,0,0,0,0,0,0,3,1,6,6,2,38,7,1499,2,2,FORD TOURNEO,-1,-1,0,-1
2023201424647,2023,201424647,1,9,0,4,4,7,3,0,0,1,0,10,1,4,1,1,6,6,1,76,11,1499,2,6,FORD TOURNEO,1,E01010464,0,-1
2023070518345,2023,070518345,2,8,0,18,19,1,5,0,0,0,0,0,0,0,2,1,1,1,1,50,8,1995,2,2,FORD TOURNEO,6,E01018728,0,-1
2023461278647,2023,461278647,2,9,0,18,19,5,1,0,0,0,0,0,0,0,2,1,6,6,2,39,7,1995,2,3,FORD TOURNEO,5,E01024033,0,-1
2023501338957,2023,501338957,2,9,0,9,9,3,8,0,0,8,0,0,0,0,3,1,2,2,2,29,6,1499,2,4,FORD TOURNEO,-1,-1,0,-1
2023622300800,2023,622300800,1,8,0,18,19,6,2,0,0,0,0,0,0,0,4,1,1,1,1,64,9,1995,2,7,FORD TOURNEO,6,W01000803,0,-1
2023111314625,2023,111314625,1,8,0,9,9,5,4,0,0,8,0,0,0,0,1,1,1,1,1,60,9,2198,2,8,FORD TOURNEO,5,E01020891,0,-1
2023501268280,2023,501268280,1,9,0,8,8,8,4,0,0,1,0,0,0,0,2,1,3,7,1,61,9,1995,2,2,FORD TOURNEO,2,E01018860,0,-1
2023421293957,2023,421293957,1,9,0,18,19,2,6,0,0,0,0,0,0,0,1,1,6,6,2,41,7,1995,2,0,FORD TOURNEO,6,E01018016,0,-1
2023631318684,2023,631318684,2,8,0,4,4,6,2,0,0,0,0,0,0,0,2,1,1,1,1,59,9,1499,2,3,FORD TOURNEO,6,W01000519,0,-1
2023201286906,2023,201286906,2,9,0,9,9,1,6,0,0,5,0,0,0,0,4,1,5,6,1,58,9,2198,2,9,FORD TOURNEO,5,E01010267,0,-1
2023122300232,2023,122300232,1,9,0,18,19,3,7,0,0,0,0,0,0,0,1,1,6,6,1,70,10,2198,2,7,FORD TOURNEO,4,E01027830,0,-1
2023052302748,2023,052302748,1,10,0,18,19,1,7,0,0,-1,0,0,0,0,1,1,2,2,1,54,8,-1,-1,-1,FORD TOURNEO,5,E01007312,0,-1
2023010481003,2023,010481003,2,10,9,99,99,9,9,99,99,9,9,99,9,99,9,9,6,6,3,-1,-1,-1,-1,-1,FORD TOURNEO,-1,-1,0,-1
2023201320206,2023,201320206,5,10,0,18,19,8,4,0,0,2,0,0,0,0,1,1,6,6,1,35,6,-1,-1,-1,FORD TOURNEO,-1,-1,0,-1
2023351310681,2023,351310681,2,9,0,4,4,4,8,0,0,1,0,0,0,0,2,1,1,1,1,43,7,-1,-1,-1,FORD TOURNEO,5,E01017954,0,-1
2023131272879,2023,131272879,2,9,0,18,19,1,1,0,0,1,0,0,1,0,4,1,1,1,1,65,9,1995,2,6,FORD TOURNEO,4,E01007398,0,-1
2023631328388,2023,631328388,2,9,0,3,3,6,1,0,0,0,0,0,0,0,4,1,5,6,1,57,9,1499,2,7,FORD TOURNEO,7,W01000428,0,-1
2023991290248,2023,991290248,3,9,0,18,19,1,5,0,0,1,1,0,0,0,1,1,6,6,1,40,7,1499,2,5,FORD TOURNEO,3,-1,0,-1
2023461265205,2023,461265205,2,9,0,18,19,3,1,0,0,0,0,0,0,0,1,1,6,6,1,51,8,1995,2,5,FORD TOURNEO,8,E01024828,0,-1
2023371314630,2023,371314630,1,9,0,-1,-1,-1,-1,-1,-1,-1,-1,-1,-1,0,-1,1,6,6,1,55,8,1499,2,3,FORD TOURNEO,6,E01030150,0,-1
2023411356422,2023,411356422,1,10,0,18,19,5,1,0,0,0,0,0,0,0,1,1,1,1,2,40,7,-1,-1,-1,FORD TOURNEO,7,E01023572,0,-1
2023471368691,2023,471368691,1,9,0,18,19,4,1,0,0,5,0,0,0,0,1,1,2,2,1,61,9,1499,2,7,FORD TOURNEO,7,E01016903,0,-1
2023010443504,2023,010443504,1,10,0,18,19,7,3,0,0,0,0,4,0,0,1,1,6,6,1,63,9,-1,-1,-1,FORD TOURNEO,6,E01002919,0,-1
2023010479473,2023,010479473,2,10,0,99,99,9,9,99,99,9,9,99,9,99,9,9,6,6,3,-1,-1,-1,-1,-1,FORD TOURNEO,1,E01003963,0,-1
2023161311507,2023,161311507,1,10,0,18,19,7,3,0,0,0,0,0,0,0,1,1,1,1,1,59,9,-1,-1,-1,FORD TOURNEO,9,E01012770,0,-1
2023351274851,2023,351274851,1,10,0,7,7,5,1,0,0,8,0,0,0,0,1,1,1,1,1,50,8,-1,-1,-1,FORD TOURNEO,7,E01018165,0,-1
2023141367377,2023,141367377,1,9,0,18,19,2,6,0,0,2,0,0,0,0,2,1,6,6,2,57,9,1995,2,5,FORD TOURNEO,8,E01007524,0,-1
2023010482831,2023,010482831,1,9,0,18,19,1,5,0,0,4,0,0,0,0,2,1,1,1,1,38,7,1995,2,1,FORD TOURNEO,3,E01003014,0,-1
2023421344016,2023,421344016,2,9,0,18,19,2,6,0,0,0,0,0,0,0,1,1,2,2,1,55,8,1499,2,3,FORD TOURNEO,6,E01021980,0,-1
2023430427119,2023,430427119,1,9,0,2,2,0,0,0,0,1,0,0,0,0,3,1,1,1,1,25,5,1499,2,7,FORD TOURNEO,4,E01016462,0,-1
2023351393006,2023,351393006,2,9,0,3,3,1,1,0,0,0,0,0,0,0,2,1,6,6,1,33,6,-1,-1,-1,FORD TOURNEO,7,E01018165,0,-1
2023010444368,2023,010444368,2,9,0,99,99,9,9,99,99,9,9,99,9,99,2,9,6,6,2,48,8,1995,2,4,FORD TOURNEO,9,E01000759,0,-1
2023010449522,2023,010449522,1,9,0,2,2,0,0,0,0,0,0,0,0,0,2,1,6,6,3,-1,-1,1995,2,2,FORD TOURNEO,-1,-1,0,-1
2023221296505,2023,221296505,3,9,0,4,4,3,7,0,0,1,0,0,0,0,0,1,5,6,1,39,7,2198,2,8,FORD TOURNEO,9,W01000482,0,-1
2023131388802,2023,131388802,2,8,0,9,9,1,7,0,0,1,0,0,0,0,1,1,1,1,1,48,8,1995,2,6,FORD TOURNEO,4,E01011098,0,-1
2023320042098,2023,320042098,1,8,0,9,9,4,2,0,0,6,0,0,0,0,1,1,1,1,1,43,7,1995,2,4,FORD TOURNEO,6,E01026047,0,-1
2023201291564,2023,201291564,3,9,0,3,3,6,2,0,0,0,0,0,0,0,2,1,6,6,2,-1,-1,1995,2,4,FORD TOURNEO,-1,-1,0,-1
2023041306432,2023,041306432,2,9,0,4,4,7,3,0,0,7,0,0,0,0,2,1,3,7,2,34,6,1995,2,1,FORD TOURNEO,4,E01025170,0,-1
2023371291374,2023,371291374,1,10,0,18,19,1,5,0,0,0,0,0,0,0,1,1,1,1,1,39,7,-1,-1,-1,FORD TOURNEO,8,E01033443,0,-1
2023131288030,2023,131288030,2,10,0,2,2,0,0,0,0,0,0,0,0,0,3,1,6,6,3,-1,-1,-1,-1,-1,FORD TOURNEO,-1,-1,0,-1
2023991280695,2023,991280695,3,8,0,16,19,3,7,0,0,0,0,0,0,0,1,1,5,6,1,38,7,1499,2,7,FORD TOURNEO,6,-1,0,-1
2023070067637,2023,070067637,1,9,0,4,4,4,7,0,0,1,0,0,0,0,1,1,6,6,1,55,8,1995,2,3,FORD TOURNEO,2,E01018739,0,-1
2023201390743,2023,201390743,1,9,0,18,19,2,6,0,0,8,0,0,0,0,1,1,6,6,2,43,7,1499,2,6,FORD TOURNEO,1,E01009097,0,-1
2023010484720,2023,010484720,2,9,0,99,99,9,9,99,99,9,9,99,9,99,1,9,6,6,3,-1,-1,1499,2,4,FORD TOURNEO,7,E01015803,0,-1
2023141341048,2023,141341048,1,9,0,18,19,1,5,0,0,0,0,0,1,0,1,1,6,6,2,61,9,1499,2,1,FORD TOURNEO,7,E01007616,0,-1
2023421390035,2023,421390035,3,9,0,2,2,0,0,0,0,0,0,0,0,0,2,1,6,6,3,-1,-1,1560,2,8,FORD TOURNEO,-1,-1,0,-1
2023201292431,2023,201292431,1,9,0,7,7,6,8,0,0,5,0,10,1,4,4,1,5,6,1,75,10,1499,2,3,FORD TOURNEO,1,E01010464,0,-1
2023231365880,2023,231365880,1,10,0,18,19,6,2,0,0,1,0,0,0,0,1,1,1,1,1,32,6,-1,-1,-1,FORD TOURNEO,3,E01009629,0,-1