collision_index,collision_year,collision_ref_no,vehicle_reference,vehicle_type,towing_and_articulation,vehicle_manoeuvre_historic,vehicle_manoeuvre,vehicle_direction_from,vehicle_direction_to,vehicle_location_restricted_lane_historic,vehicle_location_restricted_lane,junction_location,skidding_and_overturning,hit_object_in_carriageway,vehicle_leaving_carriageway,hit_object_off_carriageway,first_point_of_impact,vehicle_left_hand_drive,journey_purpose_of_driver_historic,journey_purpose_of_driver,sex_of_driver,age_of_driver,age_band_of_driver,engine_capacity_cc,propulsion_code,age_of_vehicle,generic_make_model,driver_imd_decile,lsoa_of_driver,escooter_flag,driver_distance_banding
2023332300430,2023,332300430,2,9,0,-1,-1,1,5,0,0,0,0,0,0,0,4,1,6,6,3,-1,-1,1398,1,8,VAUXHALL MERIVA,-1,-1,0,-1
2023201400885,2023,201400885,1,9,0,18,19,1,5,0,0,0,0,0,0,0,1,1,6,6,2,41,7,1364,1,16,VAUXHALL MERIVA,1,E01009579,0,-1
2023471354582,2023,471354582,1,9,0,7,7,7,1,0,0,8,0,0,0,0,2,1,2,2,1,50,8,1364,1,13,VAUXHALL MERIVA,6,E01016887,0,-1
2023010485151,2023,010485151,2,9,9,99,99,9,9,99,99,9,9,99,9,99,9,9,6,6,3,-1,-1,1364,1,14,VAUXHALL MERIVA,-1,-1,0,-1
2023211341035,2023,211341035,1,9,0,18,19,5,1,0,0,0,0,0,0,0,1,1,6,6,2,59,9,1398,1,12,VAUXHALL MERIVA,8,E01029688,0,-1
2023311300366,2023,311300366,2,9,0,2,2,2,2,9,9,0,0,0,0,0,1,1,6,6,3,-1,-1,1598,1,17,VAUXHALL MERIVA,-1,-1,0,-1
2023440392142,2023,440392142,1,9,0,9,9,5,3,0,0,6,0,0,0,0,1,1,6,6,2,49,8,1598,1,14,VAUXHALL MERIVA,8,E01022623,0,-1
2023010425743,2023,010425743,2,9,0,99,99,9,9,99,99,9,9,99,9,99,9,9,6,6,3,-1,-1,1398,1,12,VAUXHALL MERIVA,-1,-1,0,-1
2023131300077,2023,131300077,1,9,0,18,19,5,1,0,0,1,0,0,0,0,1,1,2,2,1,26,6,1398,1,12,VAUXHALL MERIVA,4,E01011529,0,-1
2023101286876,2023,101286876,1,9,0,15,15,7,3,0,0,8,1,0,0,0,1,1,5,6,2,56,9,1364,1,15,VAUXHALL MERIVA,3,E01008803,0,-1
2023010426847,2023,010426847,1,9,0,10,10,4,2,0,0,5,0,10,1,10,1,1,6,6,2,59,9,1364,1,16,VAUXHALL MERIVA,6,E01000700,0,-1
2023131326387,2023,131326387,2,9,0,10,10,4,8,0,0,8,0,0,0,0,3,1,5,6,1,75,10,1364,1,12,VAUXHALL MERIVA,1,E01011739,0,-1
202354A650923,2023,54A650923,2,9,0,18,19,5,1,0,0,1,0,0,1,0,1,1,6,6,2,72,10,1364,1,11,VAUXHALL MERIVA,8,E01018242,0,-1
2023211321021,2023,211321021,2,9,0,17,19,1,6,0,0,8,0,0,0,0,1,1,6,6,1,64,9,1398,1,10,VAUXHALL MERIVA,3,E01029397,0,-1
2023520000782,2023,520000782,2,9,0,3,3,4,8,0,0,0,0,0,0,0,2,1,6,6,2,32,6,1364,1,11,VAUXHALL MERIVA,8,E01014456,0,-1
202354A375823,2023,54A375823,1,9,0,18,19,8,4,0,0,0,0,0,0,0,1,1,6,6,2,69,10,1398,1,10,VAUXHALL MERIVA,10,E01032097,0,-1
2023332300710,2023,332300710,2,9,0,17,19,4,1,0,0,0,0,0,7,9,1,1,6,6,1,37,7,1248,2,12,VAUXHALL MERIVA,7,E01025874,0,-1
2023141264330,2023,141264330,1,9,0,4,4,1,1,0,0,0,0,0,0,0,2,1,6,6,2,55,8,1398,1,12,VAUXHALL MERIVA,2,E01007982,0,-1
2023361343846,2023,361343846,1,9,0,18,19,6,2,0,0,2,0,0,1,0,1,1,1,1,1,79,11,1364,1,15,VAUXHALL MERIVA,2,E01012314,0,-1
2023332300068,2023,332300068,1,9,0,2,2,0,0,0,0,0,0,0,0,0,2,1,6,6,2,52,8,1398,1,9,VAUXHALL MERIVA,8,E01013799,0,-1
2023010465499,2023,010465499,4,9,0,18,19,7,3,0,0,0,0,0,0,0,2,1,6,6,2,43,7,1686,2,13,VAUXHALL MERIVA,2,E01002561,0,-1
2023122301310,2023,122301310,1,9,0,18,19,1,5,0,0,0,0,0,0,0,1,1,6,6,2,35,6,1598,1,13,VAUXHALL MERIVA,4,E01027706,0,-1
2023461320885,2023,461320885,2,9,0,18,19,1,5,0,0,1,0,0,0,0,4,1,6,6,1,86,11,1364,1,16,VAUXHALL MERIVA,1,E01024498,0,-1
2023991295025,2023,991295025,2,9,0,18,19,5,1,0,0,0,2,0,1,11,1,1,2,2,1,28,6,1364,1,12,VAUXHALL MERIVA,5,-1,0,-1
2023141390769,2023,141390769,3,9,0,18,19,4,7,0,0,1,0,0,0,0,1,1,5,6,2,55,8,1686,2,12,VAUXHALL MERIVA,7,E01008134,0,-1
2023131307067,2023,131307067,5,9,0,18,19,4,2,0,0,8,0,0,0,0,0,1,5,6,1,17,4,1364,1,15,VAUXHALL MERIVA,2,E01011025,0,-1
2023010454564,2023,010454564,2,9,0,99,99,9,9,99,99,9,9,99,9,99,1,9,6,6,3,-1,-1,1398,1,6,VAUXHALL MERIVA,-1,-1,0,-1
2023311325071,2023,311325071,1,9,0,18,19,1,3,0,0,4,0,0,0,0,2,1,2,2,2,49,8,1398,1,13,VAUXHALL MERIVA,-1,-1,0,-1
2023552300328,2023,552300328,1,9,0,18,19,1,5,0,0,6,0,0,0,0,1,1,6,6,1,39,7,1598,1,18,VAUXHALL MERIVA,3,E01015292,0,-1
2023052400016,2023,052400016,1,9,0,9,9,7,3,0,0,8,0,0,0,0,1,1,6,6,1,84,11,1398,1,10,VAUXHALL MERIVA,9,E01007165,0,-1
2023041315683,2023,041315683,1,9,0,9,9,5,2,0,0,2,0,0,0,0,4,1,5,6,2,44,7,1364,1,12,VAUXHALL MERIVA,1,E01025295,0,-1
2023010471290,2023,010471290,2,9,0,99,99,9,9,99,99,9,9,99,9,99,9,9,6,6,3,-1,-1,1362,1,10,VAUXHALL MERIVA,-1,-1,0,-1
2023010446002,2023,010446002,2,9,0,99,99,9,9,99,99,9,9,99,9,99,9,9,6,6,3,-1,-1,1398,1,13,VAUXHALL MERIVA,5,E01002622,0,-1
2023411276967,2023,411276967,1,9,0,6,6,2,6,0,0,1,0,11,1,1,3,1,5,6,2,85,11,1364,1,14,VAUXHALL MERIVA,6,E01023804,0,-1
2023010458320,2023,010458320,2,9,0,99,99,9,9,99,99,9,9,99,9,99,1,9,6,6,1,32,6,1398,1,13,VAUXHALL MERIVA,3,E01003521,0,-1
2023531334653,2023,531334653,2,9,0,18,19,1,2,0,0,0,0,0,0,0,1,1,6,6,1,30,6,1686,2,12,VAUXHALL MERIVA,10,E01022316,0,-1
2023421324826,2023,421324826,3,9,0,2,2,0,0,0,0,0,0,0,0,0,1,1,6,6,1,72,10,1364,1,13,VAUXHALL MERIVA,1,E01021271,0,-1
2023501361864,2023,501361864,1,9,0,18,19,4,1,0,0,1,0,0,0,0,1,1,6,6,1,77,11,1364,1,16,VAUXHALL MERIVA,9,E01033233,0,-1
202360A077637,2023,60A077637,1,9,0,7,7,7,1,0,0,2,0,0,0,0,1,1,6,6,1,41,7,1598,1,17,VAUXHALL MERIVA,-1,-1,0,-1
2023332300366,2023,332300366,2,9,0,18,19,1,5,0,0,6,0,0,0,0,1,1,6,6,3,-1,-1,1598,1,16,VAUXHALL MERIVA,-1,-1,0,-1
2023031357463,2023,031357463,3,9,0,18,19,6,1,0,0,8,0,7,7,0,4,1,5,6,2,34,6,1598,1,13,VAUXHALL MERIVA,3,E01019114,0,-1
2023010466669,2023,010466669,2,9,0,18,19,7,3,0,0,2,0,0,0,0,3,1,6,6,1,21,5,1364,1,11,VAUXHALL MERIVA,5,E01000067,0,-1
2023440467389,2023,440467389,2,9,0,18,19,6,2,0,0,4,0,0,0,0,1,1,6,6,2,-1,-1,1686,2,12,VAUXHALL MERIVA,7,E01022634,0,-1
2023501371574,2023,501371574,1,9,0,18,19,3,7,0,0,0,5,10,8,10,3,1,5,6,2,87,11,1686,2,12,VAUXHALL MERIVA,4,E01020070,0,-1
2023411282671,2023,411282671,1,9,0,18,19,4,8,0,0,0,0,0,0,0,1,1,6,6,1,66,10,1686,2,10,VAUXHALL MERIVA,4,E01023951,0,-1
2023361359766,2023,361359766,1,9,0,4,4,7,3,0,0,0,0,0,0,0,1,1,2,2,1,50,8,1686,2,10,VAUXHALL MERIVA,3,E01026639,0,-1
2023311301245,2023,311301245,1,9,0,18,19,1,5,0,0,1,0,0,0,0,1,1,6,6,2,51,8,1686,2,12,VAUXHALL MERIVA,-1,-1,0,-1
2023221325415,2023,221325415,1,9,0,18,19,2,6,0,0,0,0,0,0,0,4,1,2,2,2,38,7,1364,1,15,VAUXHALL MERIVA,6,E01009847,0,-1
2023461363194,2023,461363194,1,9,0,18,19,7,3,0,0,1,0,0,0,0,1,1,6,6,2,-1,-1,1598,1,16,VAUXHALL MERIVA,-1,-1,0,-1
2023430183947,2023,430183947,1,9,0,9,9,2,8,0,0,5,0,0,0,0,4,1,6,6,2,74,10,1398,1,6,VAUXHALL MERIVA,10,E01016411,0,-1
2023351370148,2023,351370148,2,9,0,18,19,-1,-1,0,0,1,0,0,0,0,2,1,5,6,1,25,5,1364,1,17,VAUXHALL MERIVA,7,E01033177,0,-1
2023401328202,2023,401328202,3,9,0,2,2,0,0,0,0,0,0,4,0,0,2,1,6,6,3,-1,-1,1364,1,17,VAUXHALL MERIVA,-1,-1,0,-1
2023332300347,2023,332300347,5,9,0,2,2,0,0,0,0,0,0,0,0,0,2,1,6,6,3,-1,-1,1364,1,17,VAUXHALL MERIVA,-1,-1,0,-1
2023531352048,2023,531352048,1,9,0,5,5,5,1,0,0,8,0,0,0,0,1,1,5,6,1,31,6,1364,1,13,VAUXHALL MERIVA,5,E01022154,0,-1
2023351295856,2023,351295856,1,9,0,18,19,1,5,0,0,1,0,0,0,0,1,1,3,7,2,30,6,1248,2,11,VAUXHALL MERIVA,3,E01018087,0,-1
2023320599010,2023,320599010,2,9,0,18,19,7,3,0,0,1,0,11,0,0,4,1,6,6,2,58,9,1598,1,17,VAUXHALL MERIVA,-1,-1,0,-1
2023440021116,2023,440021116,3,9,0,4,4,3,7,0,0,0,0,0,0,0,4,1,6,6,1,28,6,1686,2,12,VAUXHALL MERIVA,2,E01017109,0,-1
2023070249200,2023,070249200,1,9,0,7,7,7,1,0,0,6,0,0,0,0,3,1,6,6,2,43,7,1598,1,17,VAUXHALL MERIVA,2,E01018312,0,-1
2023302301633,2023,302301633,1,9,0,12,12,4,8,0,0,0,0,0,0,0,3,1,6,6,2,41,7,1398,1,12,VAUXHALL MERIVA,9,E01019879,0,-1
2023010482525,2023,010482525,2,9,0,99,99,9,9,99,99,9,9,99,9,99,9,9,6,6,3,24,5,1364,1,13,VAUXHALL MERIVA,2,E01017601,0,-1
2023010481209,2023,010481209,1,9,0,18,19,6,2,0,0,0,0,0,0,0,3,1,6,6,1,31,6,1364,1,10,VAUXHALL MERIVA,4,E01002425,0,-1
2023010450760,2023,010450760,2,9,0,99,99,9,9,99,99,9,9,99,9,99,1,9,6,6,3,-1,-1,1364,1,12,VAUXHALL MERIVA,-1,-1,0,-1
2023471266547,2023,471266547,1,9,0,5,5,8,3,0,0,4,0,0,0,0,3,1,5,6,2,76,11,1364,1,8,VAUXHALL MERIVA,4,E01020927,0,-1
2023411339310,2023,411339310,1,9,0,4,4,2,4,0,0,1,0,0,0,0,1,1,6,6,1,66,10,1598,1,14,VAUXHALL MERIVA,2,E01023860,0,-1
2023052302314,2023,052302314,1,9,0,4,4,5,1,0,0,0,0,0,0,0,1,1,6,6,1,81,11,1398,1,7,VAUXHALL MERIVA,5,E01006946,0,-1
2023131348211,2023,131348211,2,9,0,2,2,0,0,0,0,0,0,10,0,0,3,1,6,6,3,-1,-1,1364,1,15,VAUXHALL MERIVA,-1,-1,0,-1
2023052300332,2023,052300332,1,9,0,5,5,0,6,0,0,2,0,0,7,0,3,1,6,6,1,83,11,1398,1,12,VAUXHALL MERIVA,3,E01006717,0,-1
2023161311054,2023,161311054,2,9,0,18,19,1,5,0,0,2,0,0,0,0,1,1,6,6,1,32,6,1598,2,9,VAUXHALL MERIVA,7,E01013008,0,-1
2023041351017,2023,041351017,1,9,0,18,19,7,3,0,0,2,0,11,2,3,1,1,5,6,2,80,11,1398,1,6,VAUXHALL MERIVA,8,E01025166,0,-1
2023361349660,2023,361349660,2,9,0,18,19,3,7,0,0,8,0,0,0,0,4,1,5,6,1,53,8,1598,1,14,VAUXHALL MERIVA,5,E01026481,0,-1
2023211340661,2023,211340661,2,9,0,4,4,4,8,0,0,0,1,0,0,0,2,1,5,6,2,41,7,1398,1,10,VAUXHALL MERIVA,9,E01010208,0,-1
2023332301299,2023,332301299,2,9,0,18,19,1,5,0,0,8,0,10,1,0,1,1,6,6,1,29,6,1364,1,18,VAUXHALL MERIVA,5,E01025763,0,-1
2023231328153,2023,231328153,2,9,0,18,19,1,5,0,0,0,1,0,0,0,1,1,5,6,2,48,8,1364,1,9,VAUXHALL MERIVA,9,E01031154,0,-1
2023052300108,2023,052300108,1,9,0,9,9,5,3,0,0,8,0,0,0,0,1,1,6,6,2,52,8,1598,1,13,VAUXHALL MERIVA,4,E01007169,0,-1
2023010428432,2023,010428432,2,9,0,99,99,9,9,99,99,9,9,99,9,99,1,9,6,6,3,38,7,1364,1,12,VAUXHALL MERIVA,2,E01001911,0,-1
2023471387930,2023,471387930,1,9,0,9,9,8,5,0,0,6,0,0,1,4,3,1,1,1,1,55,8,1364,1,12,VAUXHALL MERIVA,1,E01009057,0,-1
2023302300254,2023,302300254,1,9,0,4,4,4,8,0,0,4,0,0,0,0,1,1,6,6,1,45,7,1398,1,8,VAUXHALL MERIVA,2,E01013897,0,-1
2023052300057,2023,052300057,1,9,0,5,5,1,3,0,0,0,0,0,0,0,1,1,6,6,2,40,7,1398,1,13,VAUXHALL MERIVA,6,E01012414,0,-1
2023101321054,2023,101321054,1,9,0,5,5,7,1,0,0,1,0,0,0,0,1,1,6,6,2,57,9,1398,1,7,VAUXHALL MERIVA,-1,-1,0,-1
2023101370053,2023,101370053,2,9,0,18,19,3,7,0,0,8,0,0,3,0,3,1,6,6,1,85,11,1398,1,9,VAUXHALL MERIVA,9,E01027439,0,-1
2023440530104,2023,440530104,1,9,0,5,5,4,8,0,0,1,0,0,0,0,1,1,6,6,1,48,8,1364,1,16,VAUXHALL MERIVA,4,E01023105,0,-1
2023131352945,2023,131352945,2,9,0,9,9,3,7,0,0,0,0,0,0,0,4,1,6,6,2,62,9,1598,1,14,VAUXHALL MERIVA,3,E01010615,0,-1
2023041371423,2023,041371423,1,9,0,18,19,1,5,0,0,0,0,0,0,0,1,1,6,6,1,78,11,1398,1,8,VAUXHALL MERIVA,2,E01025115,0,-1
2023010428213,2023,010428213,2,9,0,99,99,9,9,99,99,0,9,99,9,99,9,9,6,6,3,62,9,1598,1,19,VAUXHALL MERIVA,2,E01000291,0,-1
2023041286793,2023,041286793,1,9,0,18,19,1,5,0,0,1,0,0,0,0,1,1,6,6,1,79,11,1364,1,14,VAUXHALL MERIVA,7,E01025362,0,-1
2023430050809,2023,430050809,3,9,0,16,19,1,4,0,0,0,0,0,0,0,2,1,6,6,1,43,7,1398,1,8,VAUXHALL MERIVA,6,E01030767,0,-1
2023501323645,2023,501323645,2,9,0,5,5,5,2,0,0,2,0,0,0,0,3,1,6,6,2,72,10,1398,1,6,VAUXHALL MERIVA,5,E01018912,0,-1
2023010446652,2023,010446652,1,9,0,18,19,3,7,0,0,1,0,0,0,0,4,1,6,6,2,51,8,1686,2,12,VAUXHALL MERIVA,-1,-1,0,-1
2023351274774,2023,351274774,1,9,-1,-1,-1,-1,-1,-1,-1,-1,-1,-1,-1,0,-1,1,6,6,1,36,7,1598,1,14,VAUXHALL MERIVA,6,E01021021,0,-1
2023320558780,2023,320558780,6,9,0,18,19,6,2,0,0,0,0,0,0,0,2,1,2,2,1,52,8,1362,1,10,VAUXHALL MERIVA,5,E01019428,0,-1
2023070563328,2023,070563328,2,9,0,18,19,2,6,0,0,8,0,0,0,0,1,1,6,6,1,72,10,1364,1,7,VAUXHALL MERIVA,10,E01018471,0,-1
2023411380937,2023,411380937,1,9,0,9,9,3,1,0,0,8,0,0,0,0,1,1,2,2,1,37,7,1598,1,14,VAUXHALL MERIVA,8,E01015805,0,-1
2023461332565,2023,461332565,2,9,0,3,3,0,0,0,0,1,0,0,0,0,1,1,6,6,1,50,8,1364,1,15,VAUXHALL MERIVA,5,E01024495,0,-1
2023010476373,2023,010476373,2,9,0,10,10,3,1,0,0,6,0,0,0,0,1,1,6,6,2,49,8,1364,1,16,VAUXHALL MERIVA,10,E01003671,0,-1
2023010466416,2023,010466416,2,9,0,5,5,3,7,0,0,0,0,0,0,0,1,1,6,6,2,50,8,1398,1,9,VAUXHALL MERIVA,4,E01030702,0,-1
2023332300962,2023,332300962,2,9,0,18,19,8,4,0,0,1,0,0,0,0,1,1,6,6,3,-1,-1,1364,1,16,VAUXHALL MERIVA,-1,-1,0,-1
2023010436705,2023,010436705,1,9,0,2,2,0,0,0,0,0,0,0,0,0,3,1,6,6,3,-1,-1,1598,1,17,VAUXHALL MERIVA,-1,-1,0,-1
2023161357592,2023,161357592,2,9,0,10,10,3,7,0,0,0,0,0,0,0,1,1,6,6,1,80,11,1364,1,13,VAUXHALL MERIVA,7,E01012815,0,-1
2023010444736,2023,010444736,2,9,0,2,2,0,0,0,0,0,1,0,0,0,2,1,6,6,3,-1,-1,1364,1,10,VAUXHALL MERIVA,-1,-1,0,-1
2023531268035,2023,531268035,2,9,0,4,4,5,1,0,0,0,0,4,0,0,1,1,5,6,1,84,11,1364,1,14,VAUXHALL MERIVA,7,E01022230,0,-1
2023552400009,2023,552400009,1,9,0,18,19,8,4,0,0,8,0,0,0,0,1,1,6,6,2,60,9,1686,2,16,VAUXHALL MERIVA,4,E01020438,0,-1
2023010435883,2023,010435883,1,9,0,18,19,3,7,0,0,2,0,0,0,0,2,1,6,6,1,42,7,1364,1,8,VAUXHALL MERIVA,2,E01003507,0,-1
2023471370474,2023,471370474,2,9,0,2,2,0,0,0,0,1,0,0,0,0,1,1,6,6,3,-1,-1,1398,1,10,VAUXHALL MERIVA,-1,-1,0,-1
2023361305720,2023,361305720,2,9,0,18,19,5,2,0,0,8,1,0,0,0,1,1,5,6,2,64,9,1598,2,9,VAUXHALL MERIVA,8,E01026450,0,-1
2023201325764,2023,201325764,2,9,0,3,3,1,5,0,0,1,0,0,0,0,2,1,6,6,2,-1,-1,1398,1,7,VAUXHALL MERIVA,2,E01010019,0,-1
2023010479384,2023,010479384,2,9,0,18,19,1,5,0,0,8,0,0,0,0,3,1,6,6,1,61,9,1364,1,13,VAUXHALL MERIVA,5,E01004644,0,-1
2023471267622,2023,471267622,2,9,0,18,19,6,1,0,0,2,0,0,7,1,1,1,2,2,1,26,6,1364,1,14,VAUXHALL MERIVA,6,E01031606,0,-1
2023991348133,2023,991348133,2,8,0,9,9,6,3,0,0,1,0,0,0,0,1,1,5,6,1,64,9,1598,2,7,-1,-1,-1,0,-1
2023461356338,2023,461356338,1,9,0,18,19,7,5,0,0,2,0,0,1,10,1,1,2,2,2,41,7,1598,1,19,VAUXHALL MERIVA,1,E01024507,0,-1
2023471335422,2023,471335422,1,9,0,9,9,4,3,0,0,6,0,0,0,0,1,1,5,6,1,86,11,1398,1,10,VAUXHALL MERIVA,10,E01021159,0,-1
2023131293732,2023,131293732,2,9,0,10,10,1,5,0,0,1,0,0,0,0,2,1,5,6,1,42,7,1686,2,12,VAUXHALL MERIVA,7,E01011604,0,-1
2023052302981,2023,052302981,2,9,0,18,19,7,3,0,0,1,0,0,0,0,3,1,6,6,1,71,10,1398,1,10,VAUXHALL MERIVA,6,E01006955,0,-1
2023311321298,2023,311321298,2,9,0,18,19,4,8,0,0,0,0,0,0,0,2,1,3,7,2,31,6,1686,2,11,VAUXHALL MERIVA,3,E01028127,0,-1
202354D749023,2023,54D749023,1,9,0,18,19,5,1,0,0,0,1,0,7,4,4,1,6,6,1,18,4,1598,1,16,VAUXHALL MERIVA,6,E01031971,0,-1
2023471342943,2023,471342943,1,9,0,9,9,5,7,0,0,2,0,0,0,0,1,1,2,2,1,39,7,1364,1,15,VAUXHALL MERIVA,4,E01031795,0,-1
2023421371352,2023,421371352,2,9,0,7,7,5,7,0,0,5,0,0,0,0,2,1,6,6,1,74,10,1364,1,13,VAUXHALL MERIVA,1,E01021990,0,-1
2023122301257,2023,122301257,1,9,0,18,19,5,1,0,0,0,0,0,0,0,1,1,6,6,2,21,5,1364,1,16,VAUXHALL MERIVA,5,E01027795,0,-1
2023340WN4392,2023,340WN4392,2,9,0,18,19,3,7,0,0,2,5,10,0,0,4,1,6,6,2,57,9,1398,1,9,VAUXHALL MERIVA,4,E01027252,0,-1
2023351356405,2023,351356405,1,9,0,18,19,-1,-1,0,0,1,0,0,0,0,1,1,5,6,1,34,6,1598,1,20,VAUXHALL MERIVA,1,E01015637,0,-1
2023991383091,2023,991383091,1,9,0,18,19,6,2,0,0,0,0,0,0,0,1,1,6,6,1,85,11,1364,1,8,VAUXHALL MERIVA,4,-1,0,-1
2023421262473,2023,421262473,1,9,0,9,9,5,1,0,0,6,1,10,0,0,1,1,5,6,1,80,11,1398,1,9,VAUXHALL MERIVA,8,E01021737,0,-1
2023471326554,2023,471326554,1,9,0,18,19,6,8,0,0,0,0,0,0,0,1,1,5,6,2,42,7,1398,1,13,VAUXHALL MERIVA,8,E01031821,0,-1
2023010481575,2023,010481575,1,9,0,9,9,3,1,0,0,8,0,0,0,0,1,1,6,6,1,85,11,1362,1,10,VAUXHALL MERIVA,3,E01001715,0,-1
2023010464581,2023,010464581,1,9,0,99,99,9,9,99,99,0,9,99,9,99,2,9,6,6,1,42,7,1398,1,13,VAUXHALL MERIVA,2,E01001716,0,-1
2023010451234,2023,010451234,1,9,0,18,19,3,7,0,0,6,0,0,0,0,1,1,6,6,1,46,8,1362,1,10,VAUXHALL MERIVA,2,E01022023,0,-1
2023052302401,2023,052302401,2,8,0,18,19,4,1,0,0,8,0,0,0,0,3,1,1,1,1,51,8,1398,1,10,-1,5,E01006526,0,-1
2023471258906,2023,471258906,2,9,0,18,19,2,6,0,0,8,0,0,1,0,1,1,2,2,1,39,7,1686,2,11,VAUXHALL MERIVA,2,E01031432,0,-1
2023320269767,2023,320269767,1,9,0,18,19,1,5,0,0,6,0,0,0,0,3,1,6,6,2,70,10,1686,2,18,VAUXHALL MERIVA,3,E01026325,0,-1
2023531300432,2023,531300432,1,9,0,18,19,1,5,0,0,0,0,0,0,0,1,1,5,6,1,87,11,1362,1,10,VAUXHALL MERIVA,10,E01013466,0,-1
202354D263323,2023,54D263323,2,9,0,9,9,8,6,0,0,4,0,0,0,0,4,1,6,6,1,35,6,1398,1,13,VAUXHALL MERIVA,7,E01015520,0,-1
2023010483959,2023,010483959,1,9,0,99,99,9,9,99,99,0,9,99,9,99,9,9,6,6,2,35,6,1364,1,10,VAUXHALL MERIVA,-1,-1,0,-1
2023361273028,2023,361273028,2,9,0,18,19,1,5,0,0,0,0,0,1,0,1,1,6,6,1,24,5,1364,1,13,VAUXHALL MERIVA,3,E01026782,0,-1
2023430532981,2023,430532981,1,9,0,18,19,5,1,0,0,1,0,0,0,0,1,1,6,6,2,38,7,1364,1,11,VAUXHALL MERIVA,2,E01028567,0,-1
2023531272587,2023,531272587,2,9,0,18,19,5,1,0,0,0,0,0,0,0,1,1,5,6,2,60,9,1598,2,8,VAUXHALL MERIVA,7,E01022302,0,-1
2023161271912,2023,161271912,4,9,0,2,2,0,0,9,9,0,0,0,0,0,2,1,5,6,2,46,8,1598,1,19,VAUXHALL MERIVA,-1,-1,0,-1
2023440278297,2023,440278297,1,9,0,18,19,6,2,0,0,1,0,0,0,0,1,1,6,6,2,35,6,1686,2,12,VAUXHALL MERIVA,6,E01022673,0,-1
2023041392580,2023,041392580,1,9,0,16,19,3,7,0,0,0,0,0,5,6,3,1,5,6,2,52,8,1686,2,18,VAUXHALL MERIVA,2,E01006309,0,-1
2023421269391,2023,421269391,2,9,0,4,4,7,3,0,0,0,0,0,0,0,2,1,5,6,1,37,7,1686,2,13,VAUXHALL MERIVA,1,E01021968,0,-1
2023131339408,2023,131339408,1,9,0,18,19,4,8,0,0,8,0,0,0,0,3,1,6,6,2,-1,-1,1364,1,14,VAUXHALL MERIVA,-1,-1,0,-1
2023061289038,2023,061289038,3,9,0,18,19,7,3,0,0,0,0,0,0,0,2,1,6,6,2,34,6,1364,1,7,VAUXHALL MERIVA,4,E01005036,0,-1
2023201378770,2023,201378770,1,9,0,18,19,8,4,0,0,0,0,0,0,0,1,1,6,6,1,-1,-1,1364,1,14,VAUXHALL MERIVA,-1,-1,0,-1
2023101338813,2023,101338813,2,9,0,5,5,7,3,0,0,4,0,0,0,0,2,1,5,6,2,33,6,1686,2,12,VAUXHALL MERIVA,7,E01008850,0,-1
2023010456957,2023,010456957,2,9,0,99,99,9,9,99,99,9,9,99,9,99,1,9,6,6,3,-1,-1,1364,1,10,VAUXHALL MERIVA,-1,-1,0,-1
2023010453758,2023,010453758,2,9,0,99,99,9,9,99,99,0,9,99,9,99,9,9,6,6,1,40,7,1398,1,12,VAUXHALL MERIVA,4,E01001896,0,-1
2023991265133,2023,991265133,1,9,0,18,19,4,8,0,0,2,0,0,0,0,1,1,6,6,1,88,11,1364,1,18,VAUXHALL MERIVA,9,-1,0,-1
2023552301386,2023,552301386,1,9,0,9,9,6,3,0,0,4,0,0,0,0,1,1,1,1,1,22,5,1364,1,15,VAUXHALL MERIVA,8,E01020379,0,-1
2023991345687,2023,991345687,1,9,0,1,1,5,1,0,0,0,0,0,1,0,1,1,6,6,1,90,11,1364,1,13,VAUXHALL MERIVA,3,-1,0,-1
2023461322783,2023,461322783,1,9,0,18,19,5,1,0,0,0,0,0,0,0,1,1,6,6,1,54,8,1598,1,13,VAUXHALL MERIVA,3,E01016171,0,-1
2023451306791,2023,451306791,1,9,0,4,4,3,7,0,0,0,0,0,0,0,2,1,6,6,2,45,7,1598,1,14,VAUXHALL MERIVA,8,E01028531,0,-1
2023471270570,2023,471270570,1,9,0,16,19,3,6,0,0,1,0,0,0,0,1,1,2,2,1,49,8,1364,1,15,VAUXHALL MERIVA,3,E01020941,0,-1
2023340NN1002,2023,340NN1002,1,9,0,7,7,3,5,0,0,6,0,0,0,0,3,1,6,6,2,77,11,1364,1,18,VAUXHALL MERIVA,2,E01027128,0,-1
2023302300274,2023,302300274,1,9,0,18,19,8,4,0,0,0,0,0,0,0,1,1,6,6,1,72,10,1364,1,12,VAUXHALL MERIVA,2,E01019507,0,-1
2023522400533,2023,522400533,1,9,0,18,19,1,5,0,0,8,0,0,0,0,1,1,6,6,1,39,7,1364,1,13,VAUXHALL MERIVA,2,E01014602,0,-1
2023071257081,2023,071257081,2,9,0,18,19,4,8,0,0,0,0,0,0,0,2,1,6,6,1,57,9,1248,2,9,VAUXHALL MERIVA,6,E01012512,0,-1
2023141292828,2023,141292828,1,9,0,16,19,7,3,0,0,0,0,0,0,0,1,1,5,6,1,25,5,1598,1,13,VAUXHALL MERIVA,3,E01007799,0,-1
2023332301088,2023,332301088,2,9,0,12,12,5,1,0,0,0,0,0,0,0,2,1,6,6,2,32,6,1598,2,9,VAUXHALL MERIVA,7,E01031471,0,-1