collision_index,collision_year,collision_ref_no,vehicle_reference,vehicle_type,towing_and_articulation,vehicle_manoeuvre_historic,vehicle_manoeuvre,vehicle_direction_from,vehicle_direction_to,vehicle_location_restricted_lane_historic,vehicle_location_restricted_lane,junction_location,skidding_and_overturning,hit_object_in_carriageway,vehicle_leaving_carriageway,hit_object_off_carriageway,first_point_of_impact,vehicle_left_hand_drive,journey_purpose_of_driver_historic,journey_purpose_of_driver,sex_of_driver,age_of_driver,age_band_of_driver,engine_capacity_cc,propulsion_code,age_of_vehicle,generic_make_model,driver_imd_decile,lsoa_of_driver,escooter_flag,driver_distance_banding
2023320573365,2023,320573365,2,19,0,4,4,2,6,0,0,0,0,0,0,0,2,1,6,6,1,-1,-1,1598,2,4,VAUXHALL VIVARO,-1,-1,0,-1
2023010464772,2023,010464772,1,19,0,10,10,7,5,0,0,5,0,0,0,0,3,1,1,1,1,57,9,1598,2,6,VAUXHALL VIVARO,6,E01015778,0,-1
2023101285402,2023,101285402,2,19,0,13,13,5,1,0,0,0,0,0,7,4,4,1,1,1,1,50,8,1499,2,1,VAUXHALL VIVARO,2,E01027534,0,-1
2023161370485,2023,161370485,2,19,0,16,19,1,5,0,0,0,0,0,1,0,3,1,2,2,1,46,8,1995,2,11,VAUXHALL VIVARO,2,E01013291,0,-1
2023010456146,2023,010456146,1,19,0,4,4,1,5,9,9,5,0,0,0,0,1,1,2,2,1,57,9,1598,2,6,VAUXHALL VIVARO,2,E01000223,0,-1
2023320679007,2023,320679007,1,19,0,18,19,5,1,0,0,1,0,0,0,0,1,1,6,6,1,34,6,1995,2,11,VAUXHALL VIVARO,9,-1,0,-1
2023041353180,2023,041353180,1,19,0,5,5,1,3,0,0,6,0,0,0,0,1,1,1,1,1,31,6,1870,2,19,VAUXHALL VIVARO,1,E01025296,0,-1
2023991285692,2023,991285692,1,19,0,9,9,1,6,0,0,8,0,0,0,0,1,1,5,6,1,52,8,1598,2,6,VAUXHALL VIVARO,6,-1,0,-1
2023440081889,2023,440081889,2,19,0,18,19,1,5,0,0,1,0,0,0,0,1,1,6,6,1,33,6,1997,2,3,VAUXHALL VIVARO,1,E01017240,0,-1
2023471304589,2023,471304589,2,19,0,17,19,8,4,0,0,1,0,0,0,0,1,1,1,1,1,28,6,1598,2,8,VAUXHALL VIVARO,7,E01031406,0,-1
202354C701723,2023,54C701723,1,19,0,5,5,0,8,0,0,2,0,0,0,0,0,1,1,1,1,49,8,1995,2,12,VAUXHALL VIVARO,7,E01032694,0,-1
2023421271654,2023,421271654,3,19,0,18,19,6,2,0,0,0,0,0,0,0,3,1,6,6,1,31,6,1598,2,8,VAUXHALL VIVARO,4,E01022050,0,-1
2023461265201,2023,461265201,2,19,0,7,7,3,5,0,0,0,0,0,0,0,1,1,5,6,1,29,6,1499,2,4,VAUXHALL VIVARO,10,E01016091,0,-1
2023061325241,2023,061325241,1,19,0,18,19,5,1,0,0,0,0,0,0,0,3,1,6,6,3,30,6,1995,2,10,VAUXHALL VIVARO,-1,-1,0,-1
2023101282624,2023,101282624,1,19,0,18,19,5,1,0,0,1,0,0,0,0,1,1,1,1,1,31,6,1499,2,1,VAUXHALL VIVARO,-1,-1,0,-1
2023622300995,2023,622300995,2,19,0,18,19,4,8,0,0,0,0,0,0,0,1,1,6,6,1,36,7,1870,2,19,VAUXHALL VIVARO,4,W01000656,0,-1
2023010437867,2023,010437867,1,19,0,99,99,9,9,99,99,9,9,99,9,99,2,9,2,2,1,64,9,1598,2,6,VAUXHALL VIVARO,2,E01000789,0,-1
2023421266621,2023,421266621,1,19,0,18,19,6,2,0,0,0,0,0,0,0,1,1,1,1,1,23,5,1997,2,2,VAUXHALL VIVARO,2,E01021270,0,-1
2023430432455,2023,430432455,1,19,0,18,19,1,5,0,0,6,0,0,0,0,4,1,1,1,2,34,6,1995,2,9,VAUXHALL VIVARO,10,E01028596,0,-1
2023052302898,2023,052302898,4,9,0,4,4,7,3,0,0,0,0,0,0,0,2,1,6,6,1,36,7,1598,2,8,VAUXHALL VIVARO,1,E01005219,0,-1
2023411338102,2023,411338102,1,19,0,9,9,7,3,0,0,1,0,0,0,0,1,1,1,1,1,69,10,1598,2,6,VAUXHALL VIVARO,6,E01023320,0,-1
2023052301943,2023,052301943,3,19,0,2,2,0,0,0,0,0,0,0,0,0,2,1,1,1,1,43,7,1499,2,3,VAUXHALL VIVARO,2,E01006308,0,-1
2023451345086,2023,451345086,1,19,0,18,19,5,1,0,0,0,0,0,0,0,4,1,6,6,1,52,8,1499,2,0,VAUXHALL VIVARO,8,E01001106,0,-1
2023440359344,2023,440359344,1,19,0,18,19,8,4,0,0,0,0,0,0,0,1,1,1,1,1,64,9,1997,2,1,VAUXHALL VIVARO,10,E01014878,0,-1
2023401325397,2023,401325397,3,8,0,18,19,1,5,0,0,2,0,0,0,0,1,1,1,1,1,40,7,1598,2,6,VAUXHALL VIVARO,2,E01015704,0,-1
2023531362314,2023,531362314,1,19,0,17,19,5,1,0,0,0,2,0,8,0,2,1,2,2,1,42,7,1995,2,10,VAUXHALL VIVARO,10,E01031966,0,-1
2023531309429,2023,531309429,1,19,0,9,9,6,2,0,0,8,0,0,0,0,3,1,6,6,1,36,7,1499,2,3,VAUXHALL VIVARO,-1,-1,0,-1
2023501343248,2023,501343248,1,19,0,4,4,5,1,0,0,0,1,0,0,0,1,1,1,1,2,26,6,1499,2,1,VAUXHALL VIVARO,4,E01018829,0,-1
2023161284153,2023,161284153,3,19,0,2,2,0,0,0,0,2,0,0,0,0,1,1,6,6,3,-1,-1,1598,2,8,VAUXHALL VIVARO,-1,-1,0,-1
2023161380093,2023,161380093,2,19,0,18,19,2,6,0,0,1,0,0,0,0,1,1,1,1,1,29,6,1997,2,0,VAUXHALL VIVARO,2,E01013331,0,-1
2023311370671,2023,311370671,1,19,0,7,7,3,5,0,0,6,0,0,0,0,1,1,2,2,1,33,6,1499,2,2,VAUXHALL VIVARO,3,E01028338,0,-1
2023221279936,2023,221279936,1,19,0,9,9,2,1,0,0,6,0,0,0,0,3,1,1,1,1,29,6,1499,2,4,VAUXHALL VIVARO,5,E01014046,0,-1
2023320509181,2023,320509181,2,19,0,18,19,6,2,0,0,8,0,0,0,0,1,1,6,6,1,60,9,1995,2,11,VAUXHALL VIVARO,-1,-1,0,-1
2023211306720,2023,211306720,1,19,0,18,19,6,2,0,0,0,0,0,0,0,1,1,6,6,1,-1,-1,1499,2,4,VAUXHALL VIVARO,-1,-1,0,-1
2023991352413,2023,991352413,1,19,0,18,19,6,2,0,0,0,0,0,0,0,1,1,1,1,1,30,6,1997,2,2,VAUXHALL VIVARO,1,-1,0,-1
2023461343907,2023,461343907,2,9,0,18,19,3,7,0,0,0,0,0,0,0,2,1,5,6,1,38,7,-1,3,0,VAUXHALL VIVARO,7,E01000413,0,-1
2023361312530,2023,361312530,3,19,0,18,19,3,7,0,0,0,0,0,0,0,2,1,2,2,1,33,6,1598,2,6,VAUXHALL VIVARO,1,E01026800,0,-1
2023991294124,2023,991294124,2,19,0,17,19,8,5,0,0,1,0,0,0,0,2,1,5,6,1,65,9,1995,2,9,VAUXHALL VIVARO,6,-1,0,-1
2023131309750,2023,131309750,1,19,0,18,19,7,3,0,0,1,0,0,0,0,1,1,1,1,1,38,7,1598,2,6,VAUXHALL VIVARO,4,E01011008,0,-1
2023411325156,2023,411325156,1,19,0,9,9,1,5,0,0,8,0,0,0,0,4,1,1,1,1,57,9,1995,2,12,VAUXHALL VIVARO,1,E01001517,0,-1
2023052301253,2023,052301253,1,19,0,18,19,1,5,0,0,0,0,0,0,0,1,1,6,6,3,-1,-1,1870,2,17,VAUXHALL VIVARO,-1,-1,0,-1
2023411367677,2023,411367677,1,19,0,18,19,1,5,0,0,0,0,0,0,0,1,1,6,6,1,24,5,1499,2,2,VAUXHALL VIVARO,-1,-1,0,-1
2023201377432,2023,201377432,2,19,0,9,9,8,6,0,0,5,0,0,0,0,2,1,6,6,2,48,8,1598,2,4,VAUXHALL VIVARO,8,E01031208,0,-1
2023010461985,2023,010461985,1,19,0,18,19,7,3,0,0,8,0,0,0,0,1,1,2,2,2,31,6,1997,2,0,VAUXHALL VIVARO,6,E01001570,0,-1
2023131310739,2023,131310739,2,20,0,9,9,5,5,0,0,1,1,0,0,0,4,1,1,1,1,33,6,-1,-1,-1,-1,6,E01010594,0,-1
2023320353274,2023,320353274,1,19,0,18,19,3,7,0,0,1,1,0,1,0,1,1,1,1,1,19,4,1598,2,6,VAUXHALL VIVARO,8,E01026296,0,-1
2023010477038,2023,010477038,1,19,0,18,19,1,5,0,0,8,0,0,0,0,1,2,6,6,1,45,7,1997,2,2,VAUXHALL VIVARO,8,E01004623,0,-1
2023440201857,2023,440201857,1,19,0,10,10,3,1,0,0,1,0,0,0,0,2,1,2,2,2,40,7,1995,2,15,VAUXHALL VIVARO,6,E01031533,0,-1
2023122301241,2023,122301241,1,9,0,7,7,3,7,0,0,8,0,0,0,0,2,1,1,1,1,55,8,1598,2,6,VAUXHALL VIVARO,7,E01027904,0,-1
2023211410679,2023,211410679,1,19,0,4,4,1,1,0,0,0,0,0,0,0,1,1,1,1,1,30,6,1499,2,4,VAUXHALL VIVARO,2,E01014278,0,-1
2023010445138,2023,010445138,2,19,0,3,3,3,7,0,0,0,0,0,0,0,3,1,1,1,1,21,5,1995,2,15,VAUXHALL VIVARO,4,E01004388,0,-1
2023122300196,2023,122300196,1,19,0,18,19,2,6,0,0,1,0,0,0,0,1,1,1,1,1,38,7,1995,2,9,VAUXHALL VIVARO,6,E01027669,0,-1
2023531327109,2023,531327109,2,19,0,18,19,5,1,0,0,0,0,0,0,0,1,1,6,6,3,42,7,1995,2,12,VAUXHALL VIVARO,7,E01014950,0,-1
2023302301248,2023,302301248,1,19,0,4,4,2,6,0,0,1,0,0,0,0,1,1,6,6,1,38,7,1598,2,8,VAUXHALL VIVARO,7,E01013511,0,-1
2023471348189,2023,471348189,1,19,0,1,1,2,4,0,0,0,0,0,0,0,2,1,6,6,3,47,8,1499,2,2,VAUXHALL VIVARO,4,E01024382,0,-1
2023610012523,2023,610012523,2,19,0,18,19,1,5,0,0,1,0,0,1,11,3,1,6,6,2,51,8,1499,2,2,VAUXHALL VIVARO,2,W01001368,0,-1
2023552300207,2023,552300207,1,19,0,18,19,2,6,0,0,0,0,0,1,2,1,1,6,6,1,45,7,1995,2,10,VAUXHALL VIVARO,6,E01023065,0,-1
2023122300999,2023,122300999,1,19,0,16,19,3,7,0,0,0,0,0,0,0,3,1,6,6,1,53,8,1598,2,8,VAUXHALL VIVARO,8,E01027568,0,-1
2023010440282,2023,010440282,2,19,0,99,99,9,9,99,99,0,9,99,9,99,2,9,6,6,3,-1,-1,1499,2,4,VAUXHALL VIVARO,-1,-1,0,-1
2023010449820,2023,010449820,1,19,0,99,99,9,9,99,99,9,9,99,9,99,2,9,6,6,3,-1,-1,1598,2,9,VAUXHALL VIVARO,-1,-1,0,-1
2023161321304,2023,161321304,1,19,0,18,19,3,7,0,0,0,0,10,4,10,1,1,1,1,1,22,5,1499,2,3,VAUXHALL VIVARO,10,E01017419,0,-1
2023201406719,2023,201406719,2,19,0,18,19,6,2,0,0,0,0,0,0,0,1,1,6,6,1,35,6,-1,3,1,VAUXHALL VIVARO,8,E01025861,0,-1
2023501332147,2023,501332147,1,19,0,9,9,6,4,0,0,0,0,0,0,0,4,1,1,1,1,26,6,1499,2,3,VAUXHALL VIVARO,-1,-1,0,-1
2023311355393,2023,311355393,2,19,0,18,19,4,8,0,0,8,0,0,0,0,1,1,2,2,1,31,6,1870,2,17,VAUXHALL VIVARO,-1,-1,0,-1
2023340WN1682,2023,340WN1682,1,10,0,18,19,1,5,0,0,1,0,0,0,0,1,1,6,6,1,51,8,-1,-1,-1,-1,6,E01027169,0,-1
2023622300172,2023,622300172,1,19,0,18,19,2,6,0,0,0,1,0,0,0,1,1,1,1,1,61,9,1598,2,8,VAUXHALL VIVARO,2,W01001097,0,-1
2023010430244,2023,010430244,2,19,0,99,99,9,9,99,99,9,9,99,9,99,9,9,6,6,1,57,9,1499,2,2,VAUXHALL VIVARO,3,E01000185,0,-1
2023991337494,2023,991337494,1,19,0,16,19,4,8,0,0,7,1,0,1,7,1,1,1,1,1,61,9,1499,2,2,VAUXHALL VIVARO,1,-1,0,-1
2023401313456,2023,401313456,1,19,0,18,19,7,3,0,0,1,0,0,0,0,1,1,2,2,1,26,6,1598,2,5,VAUXHALL VIVARO,10,E01017408,0,-1
2023010486421,2023,010486421,1,19,0,18,19,3,7,0,0,0,1,0,0,0,1,1,1,1,1,31,6,1997,2,1,VAUXHALL VIVARO,4,E01021688,0,-1
2023361274421,2023,361274421,1,9,0,18,19,6,2,0,0,8,0,0,0,0,1,1,5,6,1,36,7,1598,2,6,VAUXHALL VIVARO,4,E01026677,0,-1
2023531369096,2023,531369096,4,19,0,7,7,5,1,0,0,1,0,0,0,0,0,1,1,1,1,45,7,1598,2,6,VAUXHALL VIVARO,10,E01022439,0,-1
2023010484798,2023,010484798,1,19,0,14,14,5,1,0,0,1,0,0,0,0,1,1,1,1,1,18,4,1598,2,8,VAUXHALL VIVARO,9,E01000396,0,-1
2023131277470,2023,131277470,2,19,0,5,5,3,7,0,0,2,0,0,1,0,3,1,2,2,1,60,9,1598,2,4,VAUXHALL VIVARO,7,E01010573,0,-1
2023311341047,2023,311341047,2,20,0,16,19,3,7,0,0,0,0,0,0,0,1,1,1,1,1,54,8,-1,-1,-1,-1,1,E01007378,0,-1
2023041386886,2023,041386886,1,19,0,17,19,5,1,1,1,0,0,0,0,0,1,1,6,6,1,25,5,1870,2,18,VAUXHALL VIVARO,5,E01012690,0,-1
2023471279197,2023,471279197,1,19,0,1,1,5,1,0,0,0,0,0,0,0,2,1,1,1,2,58,9,-1,3,2,VAUXHALL VIVARO,7,E01031647,0,-1
2023461378434,2023,461378434,2,19,0,2,2,0,0,0,0,0,0,0,0,0,2,1,1,1,1,30,6,1995,2,10,VAUXHALL VIVARO,7,E01024388,0,-1
2023471294347,2023,471294347,1,19,0,18,19,8,4,0,0,0,0,0,0,0,2,1,1,1,1,26,6,1598,2,8,VAUXHALL VIVARO,4,E01020928,0,-1
2023991388373,2023,991388373,1,19,0,9,9,6,5,0,0,5,0,0,0,0,3,1,6,6,1,27,6,1499,2,2,VAUXHALL VIVARO,4,-1,0,-1
2023010439121,2023,010439121,2,19,0,7,7,8,2,0,0,6,0,0,0,0,1,1,1,1,1,49,8,1598,2,7,VAUXHALL VIVARO,1,E01002039,0,-1
2023231369645,2023,231369645,1,19,0,18,19,4,8,0,0,0,0,7,1,1,1,1,1,1,1,43,7,1598,2,5,VAUXHALL VIVARO,7,E01031164,0,-1
2023010444932,2023,010444932,1,19,0,99,99,9,9,0,0,9,0,99,0,0,1,9,6,6,1,57,9,1598,2,5,VAUXHALL VIVARO,5,E01004370,0,-1
2023991375080,2023,991375080,2,19,0,18,19,3,7,0,0,0,0,0,0,0,4,1,6,6,1,32,6,1499,2,3,VAUXHALL VIVARO,-1,-1,0,-1
2023552300244,2023,552300244,2,19,0,18,19,2,6,0,0,8,0,0,7,2,4,1,6,6,1,30,6,1870,2,18,VAUXHALL VIVARO,3,E01015289,0,-1
2023421359278,2023,421359278,2,19,0,10,10,2,6,0,0,0,0,0,0,0,2,1,5,6,1,37,7,1598,2,5,VAUXHALL VIVARO,3,E01022019,0,-1
2023010455710,2023,010455710,2,19,0,9,9,1,7,0,0,1,0,0,0,0,4,1,1,1,1,43,7,1598,2,5,VAUXHALL VIVARO,8,E01000539,0,-1
2023201327184,2023,201327184,1,19,0,18,19,4,8,0,0,0,0,0,5,6,1,1,1,1,1,26,6,1598,2,7,VAUXHALL VIVARO,2,E01010411,0,-1
2023131288410,2023,131288410,1,19,0,18,19,1,5,0,0,8,0,0,0,0,4,1,2,2,1,54,8,1499,2,1,VAUXHALL VIVARO,6,E01010915,0,-1
2023061338736,2023,061338736,2,19,0,3,3,3,7,0,0,0,0,0,0,0,2,1,1,1,1,37,7,1499,2,3,VAUXHALL VIVARO,8,E01006078,0,-1
2023010426400,2023,010426400,2,19,0,18,19,3,7,0,0,4,0,0,0,0,1,1,6,6,1,36,7,1995,2,9,VAUXHALL VIVARO,6,E01001619,0,-1
2023991307712,2023,991307712,2,19,0,18,19,2,6,0,0,2,0,0,0,0,4,1,1,1,1,30,6,1499,2,4,VAUXHALL VIVARO,-1,-1,0,-1
2023371338568,2023,371338568,2,19,0,2,2,0,0,0,0,0,0,0,0,0,3,1,6,6,3,-1,-1,1995,2,14,VAUXHALL VIVARO,-1,-1,0,-1
2023552300706,2023,552300706,1,19,0,9,9,3,1,0,0,0,0,0,0,0,1,1,6,6,3,-1,-1,1499,2,3,VAUXHALL VIVARO,-1,-1,0,-1
2023361303685,2023,361303685,1,19,0,-1,-1,5,3,0,0,0,-1,-1,0,0,4,1,6,6,3,-1,-1,1598,2,4,VAUXHALL VIVARO,-1,-1,0,-1
2023351339568,2023,351339568,2,19,0,18,19,3,7,0,0,8,0,0,0,0,4,1,1,1,1,45,7,1598,2,4,VAUXHALL VIVARO,6,E01017999,0,-1
2023501263282,2023,501263282,1,19,0,4,4,8,4,0,0,0,0,11,0,0,1,1,1,1,1,40,7,1598,2,8,VAUXHALL VIVARO,1,E01015144,0,-1
2023101366170,2023,101366170,2,19,0,18,19,5,1,0,0,0,0,0,0,0,1,1,6,6,1,37,7,1598,2,8,VAUXHALL VIVARO,6,E01027479,0,-1
2023622300624,2023,622300624,1,19,0,17,19,8,4,0,0,2,0,0,0,0,1,1,6,6,1,39,7,1995,2,12,VAUXHALL VIVARO,2,W01001210,0,-1
2023501331254,2023,501331254,1,19,0,17,19,5,1,0,0,0,0,10,1,10,1,1,5,6,1,30,6,1870,2,17,VAUXHALL VIVARO,8,E01019908,0,-1
2023501285044,2023,501285044,3,19,0,3,3,4,3,0,0,0,0,0,0,0,2,1,6,6,1,49,8,1995,2,12,VAUXHALL VIVARO,5,E01018835,0,-1
2023161267040,2023,161267040,2,19,0,18,19,8,4,0,0,0,0,0,0,0,1,1,1,1,1,24,5,1997,2,2,VAUXHALL VIVARO,3,E01011123,0,-1
2023461362013,2023,461362013,1,20,0,18,19,7,3,0,0,0,0,0,0,0,1,1,6,6,1,36,7,-1,-1,-1,-1,3,E01024688,0,-1
2023231331037,2023,231331037,1,19,0,9,9,4,1,0,0,5,0,0,0,0,1,1,1,1,1,58,9,1995,2,15,VAUXHALL VIVARO,10,E01031150,0,-1
2023991408898,2023,991408898,1,19,0,18,19,5,1,0,0,0,0,0,0,0,1,1,1,1,1,34,6,1499,2,2,VAUXHALL VIVARO,-1,-1,0,-1
2023622300705,2023,622300705,2,19,0,2,2,0,0,0,0,0,0,0,0,0,0,1,6,6,3,-1,-1,1499,2,1,VAUXHALL VIVARO,-1,-1,0,-1
2023401320636,2023,401320636,1,19,0,5,5,1,5,9,9,5,0,0,1,0,1,1,2,2,1,58,9,1598,2,7,VAUXHALL VIVARO,10,E01017534,0,-1
2023461302901,2023,461302901,3,19,0,3,3,6,2,0,0,0,0,0,0,0,2,1,1,1,1,35,6,1499,2,3,VAUXHALL VIVARO,1,E01024278,0,-1
2023320681287,2023,320681287,2,19,0,18,19,4,8,0,0,1,0,0,0,0,0,1,1,1,1,42,7,1598,2,6,VAUXHALL VIVARO,1,E01026072,0,-1
2023351290958,2023,351290958,1,19,0,8,8,5,7,0,0,4,0,0,0,0,1,1,6,6,3,-1,-1,1995,2,14,VAUXHALL VIVARO,-1,-1,0,-1
2023070439426,2023,070439426,2,19,0,3,3,3,7,0,0,1,0,0,0,0,2,1,6,6,1,41,7,1870,2,17,VAUXHALL VIVARO,1,E01012453,0,-1
2023201391452,2023,201391452,2,19,0,18,19,4,8,0,0,0,0,0,0,0,1,1,1,1,1,53,8,1995,2,9,VAUXHALL VIVARO,4,E01010457,0,-1
2023440214228,2023,440214228,1,19,0,18,19,8,4,0,0,1,0,0,0,0,1,1,1,1,1,29,6,1995,2,10,VAUXHALL VIVARO,7,E01017329,0,-1
2023161310152,2023,161310152,1,19,0,5,5,7,3,0,0,1,0,0,0,0,1,1,6,6,1,-1,-1,1995,2,13,VAUXHALL VIVARO,7,E01026185,0,-1
2023501339976,2023,501339976,2,19,0,18,19,1,5,0,0,1,0,0,0,0,4,1,6,6,1,62,9,1499,2,3,VAUXHALL VIVARO,9,E01015140,0,-1
2023320251995,2023,320251995,1,19,0,18,19,2,6,0,0,6,0,0,0,0,1,1,2,2,1,21,5,1598,2,5,VAUXHALL VIVARO,-1,-1,0,-1
2023010429404,2023,010429404,1,19,0,18,19,1,5,0,0,1,0,0,0,0,1,1,1,1,1,39,7,1499,2,4,VAUXHALL VIVARO,2,E01015720,0,-1
2023461270820,2023,461270820,1,19,0,1,1,3,7,0,0,0,0,0,0,0,2,1,5,6,1,-1,-1,1997,2,1,VAUXHALL VIVARO,3,E01024309,0,-1
2023211309968,2023,211309968,2,19,0,18,19,1,5,0,0,0,0,0,0,0,1,1,1,1,1,38,7,1997,2,1,VAUXHALL VIVARO,-1,-1,0,-1
2023471352944,2023,471352944,3,19,0,18,19,7,3,0,0,0,0,0,0,0,2,1,1,1,1,58,9,1995,2,10,VAUXHALL VIVARO,3,E01020930,0,-1
2023421358872,2023,421358872,1,19,0,5,5,6,1,0,0,4,0,0,0,0,1,1,6,6,1,-1,-1,1598,2,7,VAUXHALL VIVARO,5,E01021800,0,-1
2023131362276,2023,131362276,2,19,0,18,19,7,3,0,0,0,0,0,0,0,2,1,2,2,1,23,5,1499,2,3,VAUXHALL VIVARO,6,E01032551,0,-1
2023131329807,2023,131329807,2,19,0,3,3,7,3,0,0,8,0,0,0,0,2,1,6,6,1,28,6,1598,2,7,VAUXHALL VIVARO,5,E01011782,0,-1
2023622300469,2023,622300469,2,19,0,3,3,6,2,0,0,0,0,0,0,0,2,1,1,1,1,38,7,1598,2,7,VAUXHALL VIVARO,7,W01001882,0,-1
2023471290435,2023,471290435,1,19,0,12,12,3,7,0,0,0,0,0,0,0,3,1,6,6,1,29,6,1995,2,11,VAUXHALL VIVARO,1,E01016908,0,-1
2023991363349,2023,991363349,1,19,0,11,11,8,6,0,0,8,0,0,0,0,1,1,1,1,1,48,8,1995,2,16,VAUXHALL VIVARO,4,-1,0,-1
2023332300575,2023,332300575,2,19,0,18,19,7,3,0,0,1,0,0,1,1,1,1,1,1,1,26,6,1598,2,5,VAUXHALL VIVARO,10,E01025904,0,-1
2023201394488,2023,201394488,2,19,0,2,2,0,0,0,0,0,0,0,0,0,2,1,6,6,1,-1,-1,1499,2,3,VAUXHALL VIVARO,-1,-1,0,-1
2023221332534,2023,221332534,2,19,0,16,19,8,5,0,0,0,0,0,0,0,1,1,5,6,1,29,6,1598,2,7,VAUXHALL VIVARO,4,E01010457,0,-1
2023361335457,2023,361335457,1,19,0,18,19,2,4,0,0,0,0,0,0,0,1,1,1,1,1,21,5,1997,2,3,VAUXHALL VIVARO,8,E01026559,0,-1
2023010465777,2023,010465777,2,19,0,7,7,8,3,0,0,0,0,0,0,0,4,1,6,6,1,36,7,1598,2,5,VAUXHALL VIVARO,10,E01021918,0,-1
2023201373880,2023,201373880,2,19,0,7,7,7,2,0,0,8,0,0,0,0,3,1,2,2,1,36,7,1598,2,8,VAUXHALL VIVARO,1,E01033650,0,-1
2023991332172,2023,991332172,1,19,0,17,19,6,2,0,0,0,1,0,7,11,2,1,1,1,1,47,8,1995,2,9,VAUXHALL VIVARO,5,-1,0,-1
2023552300394,2023,552300394,1,19,0,18,19,8,6,0,0,8,0,0,0,0,3,1,2,2,1,40,7,1499,2,3,VAUXHALL VIVARO,3,E01015359,0,-1
2023010464170,2023,010464170,2,19,0,99,99,9,9,99,99,9,9,99,9,99,1,9,6,6,3,-1,-1,1499,2,3,VAUXHALL VIVARO,3,E01001516,0,-1
2023421297381,2023,421297381,1,19,0,7,7,3,7,0,0,0,0,0,0,0,1,1,1,1,1,-1,-1,-1,3,1,VAUXHALL VIVARO,-1,-1,0,-1
2023471383546,2023,471383546,2,19,0,18,19,5,1,0,0,1,0,0,0,0,1,1,1,1,1,45,7,-1,3,1,VAUXHALL VIVARO,4,E01001711,0,-1
2023361391575,2023,361391575,1,19,0,18,19,5,1,0,0,0,0,0,0,0,1,1,5,6,1,26,6,1598,2,8,VAUXHALL VIVARO,5,E01026745,0,-1
2023041343935,2023,041343935,3,19,0,18,19,4,3,0,0,0,0,0,0,0,1,1,1,1,1,29,6,-1,3,2,VAUXHALL VIVARO,10,E01025350,0,-1
2023320113634,2023,320113634,2,19,0,2,2,0,0,9,9,2,0,0,0,0,3,2,6,6,3,-1,-1,1499,2,3,VAUXHALL VIVARO,-1,-1,0,-1
2023421330156,2023,421330156,1,19,0,9,9,5,3,0,0,6,0,0,0,0,3,1,1,1,1,41,7,1997,2,3,VAUXHALL VIVARO,6,E01021705,0,-1
2023131362581,2023,131362581,1,9,0,9,9,7,3,0,0,1,0,0,0,0,1,1,1,1,1,50,8,1598,2,6,VAUXHALL VIVARO,4,E01011909,0,-1
2023201440157,2023,201440157,2,19,0,18,19,8,4,0,0,0,0,0,0,0,0,1,1,1,1,-1,-1,1997,2,3,VAUXHALL VIVARO,-1,-1,0,-1
2023371334090,2023,371334090,2,19,0,3,3,3,7,0,0,0,0,0,0,0,2,1,2,2,1,57,9,1995,2,10,VAUXHALL VIVARO,9,E01030191,0,-1
2023010477094,2023,010477094,1,19,0,99,99,9,9,99,99,9,9,99,9,99,9,9,2,2,1,33,6,1598,2,5,VAUXHALL VIVARO,2,E01032565,0,-1
2023061348242,2023,061348242,1,19,0,18,19,3,7,0,0,0,0,0,0,0,1,1,2,2,1,60,9,1995,2,9,VAUXHALL VIVARO,6,E01005018,0,-1
2023361332263,2023,361332263,1,19,0,7,7,7,3,0,0,6,0,0,0,0,1,1,1,1,1,22,5,1499,2,0,VAUXHALL VIVARO,6,E01026899,0,-1
2023501388821,2023,501388821,2,19,0,18,19,4,8,0,0,0,0,0,0,0,3,1,2,2,1,62,9,1598,2,6,VAUXHALL VIVARO,3,E01019916,0,-1
2023031381814,2023,031381814,1,19,0,3,3,5,1,0,0,0,0,0,0,0,1,1,1,1,3,30,6,1598,2,5,VAUXHALL VIVARO,-1,-1,0,-1
2023010459976,2023,010459976,2,19,0,99,99,9,9,99,99,9,9,99,9,99,9,9,6,6,3,-1,-1,1598,2,5,VAUXHALL VIVARO,-1,-1,0,-1
2023010477574,2023,010477574,2,19,0,2,2,0,0,0,0,0,0,0,0,0,0,1,6,6,3,-1,-1,1499,2,3,VAUXHALL VIVARO,-1,-1,0,-1
2023421326660,2023,421326660,2,20,0,18,19,4,8,0,0,3,0,0,0,0,4,1,1,1,1,53,8,-1,-1,-1,-1,6,E01021449,0,-1
2023531273002,2023,531273002,1,19,0,18,19,8,4,0,0,0,0,0,0,0,4,1,1,1,1,30,6,1995,2,13,VAUXHALL VIVARO,5,E01022242,0,-1
2023631314565,2023,631314565,2,19,0,4,4,4,8,0,0,8,0,0,0,0,2,1,6,6,1,58,9,1598,2,4,VAUXHALL VIVARO,6,W01000489,0,-1
202354B234023,2023,54B234023,1,19,0,18,19,3,7,0,0,4,0,0,0,0,1,1,2,2,1,35,6,1870,2,20,VAUXHALL VIVARO,8,E01032071,0,-1
2023501376165,2023,501376165,1,19,0,18,19,8,4,1,1,0,0,0,1,9,1,1,6,6,1,34,6,1870,2,18,VAUXHALL VIVARO,-1,-1,0,-1