collision_index,collision_year,collision_ref_no,vehicle_reference,vehicle_type,towing_and_articulation,vehicle_manoeuvre_historic,vehicle_manoeuvre,vehicle_direction_from,vehicle_direction_to,vehicle_location_restricted_lane_historic,vehicle_location_restricted_lane,junction_location,skidding_and_overturning,hit_object_in_carriageway,vehicle_leaving_carriageway,hit_object_off_carriageway,first_point_of_impact,vehicle_left_hand_drive,journey_purpose_of_driver_historic,journey_purpose_of_driver,sex_of_driver,age_of_driver,age_band_of_driver,engine_capacity_cc,propulsion_code,age_of_vehicle,generic_make_model,driver_imd_decile,lsoa_of_driver,escooter_flag,driver_distance_banding
2023471383486,2023,471383486,1,19,0,9,9,3,1,0,0,3,0,0,0,0,3,1,2,2,1,62,9,1598,2,5,VAUXHALL VIVARO,10,E01031754,0,-1
2023320025248,2023,320025248,2,19,0,18,19,4,8,0,0,8,0,0,7,4,1,1,2,2,1,25,5,1598,2,8,VAUXHALL VIVARO,4,E01013258,0,-1
2023361333484,2023,361333484,2,19,0,18,19,7,3,0,0,1,0,0,0,0,0,1,1,1,1,53,8,1499,2,2,VAUXHALL VIVARO,7,E01026932,0,-1
2023141325304,2023,141325304,2,19,0,18,19,5,1,0,0,0,0,0,0,0,1,1,6,6,1,48,8,1499,2,4,VAUXHALL VIVARO,2,E01007745,0,-1
2023430013719,2023,430013719,2,19,0,9,9,2,8,0,0,5,0,0,0,0,3,1,1,1,1,35,6,1598,2,9,VAUXHALL VIVARO,4,E01016360,0,-1
2023461261789,2023,461261789,1,19,0,18,19,1,3,0,0,0,0,0,0,0,1,1,6,6,1,-1,-1,1995,2,16,VAUXHALL VIVARO,8,E01024221,0,-1
2023061284795,2023,061284795,1,19,0,18,19,-1,-1,0,0,0,0,0,0,0,-1,1,6,6,3,44,7,1995,2,9,VAUXHALL VIVARO,4,E01004961,0,-1
2023340NN4352,2023,340NN4352,1,19,0,18,19,2,6,0,0,0,0,0,0,0,3,1,1,1,1,47,8,1598,2,6,VAUXHALL VIVARO,2,E01026949,0,-1
2023041304986,2023,041304986,2,19,0,18,19,3,7,0,0,1,1,0,0,0,1,1,1,1,1,30,6,1997,2,1,VAUXHALL VIVARO,2,E01025292,0,-1
2023401305653,2023,401305653,1,19,0,7,7,1,3,0,0,5,0,0,0,0,1,1,6,6,3,-1,-1,1995,2,11,VAUXHALL VIVARO,-1,-1,0,-1
2023010486632,2023,010486632,2,8,0,99,99,9,9,99,99,9,9,99,9,99,1,9,6,6,3,-1,-1,1598,2,7,VAUXHALL VIVARO,6,E01002138,0,-1
2023991366409,2023,991366409,2,19,0,16,19,7,3,0,0,0,0,0,7,0,4,1,5,6,1,32,6,1598,2,6,VAUXHALL VIVARO,-1,-1,0,-1
2023411365012,2023,411365012,1,19,0,8,8,1,3,0,0,4,0,0,0,0,1,1,2,2,1,31,6,1499,2,1,VAUXHALL VIVARO,-1,-1,0,-1
2023041341268,2023,041341268,2,19,0,4,4,7,3,0,0,0,0,0,0,0,2,1,6,6,1,32,6,1499,2,4,VAUXHALL VIVARO,3,E01024903,0,-1
2023231342237,2023,231342237,2,19,0,13,13,2,6,0,0,0,0,0,0,0,3,1,1,1,1,37,7,1598,2,7,VAUXHALL VIVARO,4,E01009658,0,-1
2023471297884,2023,471297884,1,19,0,18,19,8,4,0,0,0,0,0,0,0,3,1,1,1,1,27,6,1499,2,1,VAUXHALL VIVARO,8,E01031821,0,-1
2023131280267,2023,131280267,1,9,0,18,19,5,1,0,0,1,0,0,0,0,1,1,6,6,1,46,8,-1,3,2,VAUXHALL VIVARO,9,E01011713,0,-1
2023010427940,2023,010427940,2,8,0,99,99,9,9,99,99,0,9,99,9,99,0,9,6,6,3,-1,-1,1598,2,7,VAUXHALL VIVARO,-1,-1,0,-1
2023501371282,2023,501371282,1,19,0,18,19,3,7,0,0,8,2,10,2,11,4,1,6,6,1,36,7,1598,2,9,VAUXHALL VIVARO,2,E01015157,0,-1
2023010479878,2023,010479878,1,19,0,12,12,1,5,0,0,3,0,0,0,0,3,1,2,2,1,63,9,1598,2,6,VAUXHALL VIVARO,7,E01002154,0,-1
2023520400436,2023,520400436,2,19,0,18,19,2,6,0,0,8,0,0,0,0,1,1,6,6,1,64,9,1499,2,0,VAUXHALL VIVARO,6,E01029021,0,-1
2023991451985,2023,991451985,2,19,0,18,19,7,3,0,0,0,0,0,1,0,2,1,1,1,1,37,7,1598,2,9,VAUXHALL VIVARO,10,-1,0,-1
2023010480883,2023,010480883,2,19,0,18,19,7,3,0,0,8,0,0,0,0,3,1,6,6,1,24,5,1598,2,5,VAUXHALL VIVARO,-1,-1,0,-1
2023302301898,2023,302301898,2,19,0,4,4,8,4,0,0,0,1,0,1,9,1,1,2,2,1,42,7,1995,2,10,VAUXHALL VIVARO,8,E01019874,0,-1
2023430057044,2023,430057044,2,19,0,4,4,1,5,0,0,1,0,0,0,0,2,1,1,1,1,25,5,1598,2,6,VAUXHALL VIVARO,-1,-1,0,-1
2023430077063,2023,430077063,2,19,0,18,19,7,3,0,0,8,0,0,0,0,1,1,6,6,1,50,8,1997,2,1,VAUXHALL VIVARO,10,E01017785,0,-1
2023231331931,2023,231331931,1,19,0,18,19,2,6,0,0,0,0,0,0,0,1,1,1,1,1,40,7,1598,2,8,VAUXHALL VIVARO,-1,-1,0,-1
2023010447903,2023,010447903,1,19,0,9,9,1,6,0,0,3,0,0,0,0,4,1,1,1,1,55,8,1499,2,3,VAUXHALL VIVARO,3,E01003550,0,-1
2023440408858,2023,440408858,1,19,0,9,9,2,8,0,0,8,0,0,0,0,3,1,1,1,2,30,6,1995,2,9,VAUXHALL VIVARO,-1,-1,0,-1
2023421387215,2023,421387215,4,19,0,18,19,2,6,0,0,0,0,0,0,0,2,1,1,1,1,55,8,1997,2,1,VAUXHALL VIVARO,4,E01030201,0,-1
2023320068167,2023,320068167,1,19,0,9,9,6,4,0,0,6,0,0,0,0,4,1,1,1,1,40,7,1995,2,9,VAUXHALL VIVARO,-1,-1,0,-1
2023311329310,2023,311329310,1,19,0,18,19,1,5,0,0,0,0,0,7,0,1,1,5,6,1,31,6,1598,2,9,VAUXHALL VIVARO,-1,-1,0,-1
2023440444766,2023,440444766,4,19,0,18,19,7,3,0,0,0,0,0,0,0,2,1,6,6,1,38,7,1870,2,21,VAUXHALL VIVARO,6,E01023155,0,-1
2023991418531,2023,991418531,2,19,0,18,19,3,7,0,0,0,0,0,0,0,1,1,2,2,1,26,6,1598,2,4,VAUXHALL VIVARO,6,-1,0,-1
2023461337544,2023,461337544,3,19,0,3,3,3,7,0,0,0,0,0,0,0,2,1,6,6,1,41,7,1598,2,8,VAUXHALL VIVARO,6,E01024084,0,-1
2023201416062,2023,201416062,3,19,0,3,3,1,5,0,0,0,0,0,0,0,2,1,1,1,1,21,5,1997,2,2,VAUXHALL VIVARO,-1,-1,0,-1
2023332300633,2023,332300633,2,19,0,12,12,2,6,0,0,0,0,0,0,0,3,1,6,6,3,-1,-1,1995,2,10,VAUXHALL VIVARO,-1,-1,0,-1
2023010480016,2023,010480016,1,19,0,3,3,3,7,0,0,0,0,0,0,0,1,1,2,2,1,30,6,1997,2,2,VAUXHALL VIVARO,5,E01020891,0,-1
2023010457849,2023,010457849,1,19,0,6,6,1,1,0,0,1,0,0,0,0,4,1,6,6,1,25,5,1995,2,9,VAUXHALL VIVARO,1,E01009269,0,-1
2023991322553,2023,991322553,1,19,0,18,19,1,5,0,0,8,0,0,3,11,3,1,5,6,2,46,8,1995,2,12,VAUXHALL VIVARO,6,E01019320,0,-1
2023522301074,2023,522301074,1,19,0,2,2,0,0,9,9,2,0,0,0,0,3,1,6,6,1,27,6,1598,2,6,VAUXHALL VIVARO,1,E01014597,0,-1
2023371330693,2023,371330693,1,19,0,16,19,7,2,0,0,0,1,0,0,0,1,1,1,1,1,37,7,1995,2,10,VAUXHALL VIVARO,4,E01029922,0,-1
2023041329791,2023,041329791,2,19,0,16,19,1,5,0,0,1,0,0,1,0,3,1,1,1,1,34,6,1598,2,6,VAUXHALL VIVARO,1,E01025219,0,-1
2023610007323,2023,610007323,1,19,0,16,19,5,8,0,0,0,2,0,7,11,1,1,2,2,1,27,6,1995,2,12,VAUXHALL VIVARO,3,W01001293,0,-1
2023430173794,2023,430173794,1,19,0,18,19,4,8,0,0,0,0,0,0,0,1,1,2,2,1,44,7,1499,2,1,VAUXHALL VIVARO,-1,-1,0,-1
2023010449192,2023,010449192,1,19,0,9,9,8,6,0,0,1,0,0,0,0,1,1,1,1,1,60,9,1598,2,5,VAUXHALL VIVARO,3,E01000922,0,-1
2023221354809,2023,221354809,2,19,0,18,19,4,8,0,0,8,0,0,0,0,1,1,5,6,1,31,6,1598,2,8,VAUXHALL VIVARO,-1,-1,0,-1
2023520300649,2023,520300649,2,19,0,2,2,0,0,0,0,0,0,0,0,0,2,1,6,6,3,-1,-1,1870,2,18,VAUXHALL VIVARO,-1,-1,0,-1
2023302300820,2023,302300820,1,19,0,14,14,6,2,0,0,0,0,0,0,0,4,1,6,6,3,-1,-1,1995,2,15,VAUXHALL VIVARO,5,E01019456,0,-1
2023061374292,2023,061374292,1,19,0,18,19,3,7,0,0,0,0,0,0,0,1,1,6,6,1,30,6,1598,2,9,VAUXHALL VIVARO,-1,-1,0,-1
2023552300844,2023,552300844,1,19,0,18,19,6,2,0,0,0,0,0,0,0,1,1,1,1,1,25,5,1499,2,2,VAUXHALL VIVARO,3,E01015294,0,-1
2023101290179,2023,101290179,1,19,0,-1,-1,-1,-1,0,0,8,0,0,-1,0,-1,1,1,1,1,39,7,1598,2,8,VAUXHALL VIVARO,2,E01027429,0,-1
2023211370408,2023,211370408,2,19,0,3,3,1,5,0,0,1,1,0,0,0,1,1,6,6,1,30,6,1870,2,20,VAUXHALL VIVARO,3,E01014240,0,-1
2023131264817,2023,131264817,1,19,0,9,9,8,4,0,0,8,0,0,0,0,0,1,1,1,2,44,7,1995,2,12,VAUXHALL VIVARO,4,E01011669,0,-1
2023351394814,2023,351394814,2,19,0,4,4,5,1,0,0,4,0,0,0,0,2,1,1,1,1,31,6,1997,2,1,VAUXHALL VIVARO,-1,-1,0,-1
2023041279624,2023,041279624,2,19,0,18,19,5,1,0,0,0,0,0,0,0,2,1,2,2,1,32,6,1499,2,3,VAUXHALL VIVARO,1,E01005422,0,-1
2023351340725,2023,351340725,1,19,0,18,19,1,5,0,0,0,0,0,0,0,1,1,1,1,1,23,5,1598,2,7,VAUXHALL VIVARO,5,E01023661,0,-1
2023451376869,2023,451376869,1,19,0,17,19,6,2,0,0,0,5,0,1,11,1,1,6,6,1,28,6,1598,2,7,VAUXHALL VIVARO,7,E01030858,0,-1
2023311380169,2023,311380169,1,19,0,18,19,4,8,1,1,8,0,0,0,0,3,1,1,1,1,27,6,1598,2,4,VAUXHALL VIVARO,5,E01032522,0,-1
2023311324340,2023,311324340,1,19,0,13,13,1,5,0,0,0,5,10,1,9,4,1,1,1,1,31,6,1995,2,13,VAUXHALL VIVARO,3,E01007550,0,-1
2023991359767,2023,991359767,1,19,0,18,19,7,3,0,0,0,0,0,0,0,4,1,1,1,1,35,6,1995,2,9,VAUXHALL VIVARO,7,-1,0,-1
2023122301098,2023,122301098,1,19,0,18,19,5,1,0,0,8,0,0,0,0,1,1,1,1,1,28,6,1598,2,5,VAUXHALL VIVARO,6,E01013495,0,-1
2023520401004,2023,520401004,1,19,0,17,19,3,7,0,0,0,0,0,1,10,1,1,6,6,1,25,5,1995,2,15,VAUXHALL VIVARO,2,E01029236,0,-1
2023010470445,2023,010470445,3,19,0,2,2,0,0,0,0,8,0,0,0,0,1,1,6,6,3,-1,-1,1997,2,2,VAUXHALL VIVARO,-1,-1,0,-1
2023221303294,2023,221303294,2,19,0,2,2,0,0,0,0,2,0,0,0,0,0,1,1,1,1,45,7,1598,2,4,VAUXHALL VIVARO,3,E01032131,0,-1
2023141373538,2023,141373538,1,19,0,18,19,1,5,0,0,0,0,0,0,0,1,1,1,1,1,53,8,1598,2,8,VAUXHALL VIVARO,6,E01007613,0,-1
2023520400575,2023,520400575,2,19,0,18,19,7,3,0,0,8,1,0,0,0,1,1,6,6,1,35,6,1870,2,17,VAUXHALL VIVARO,8,E01029035,0,-1
2023010452192,2023,010452192,2,19,0,13,13,2,6,0,0,8,0,0,0,0,1,1,1,1,1,35,6,1598,2,5,VAUXHALL VIVARO,1,E01000782,0,-1
2023231376537,2023,231376537,1,19,0,18,19,6,2,0,0,8,1,0,0,0,1,1,1,1,1,58,9,1499,2,3,VAUXHALL VIVARO,4,E01032254,0,-1
2023302301209,2023,302301209,2,19,0,16,19,8,3,0,0,2,0,0,0,0,1,1,6,6,1,50,8,1995,2,9,VAUXHALL VIVARO,9,E01019845,0,-1
2023201392187,2023,201392187,1,19,0,18,19,1,5,0,0,8,0,0,0,0,1,1,6,6,1,32,6,1870,2,17,VAUXHALL VIVARO,8,E01009468,0,-1
2023451296681,2023,451296681,2,19,0,17,19,5,1,0,0,0,1,0,1,4,1,1,1,1,1,48,8,1995,2,10,VAUXHALL VIVARO,10,E01031695,0,-1
2023010452532,2023,010452532,1,19,0,18,19,1,5,0,0,1,0,0,0,0,1,1,6,6,1,51,8,1598,2,9,VAUXHALL VIVARO,-1,-1,0,-1
2023201390435,2023,201390435,1,19,0,9,9,6,4,0,0,5,0,0,0,0,4,1,2,2,1,31,6,1499,2,2,VAUXHALL VIVARO,1,E01032465,0,-1
2023311375331,2023,311375331,2,19,0,13,13,4,8,0,0,2,0,0,0,0,1,1,6,6,1,-1,-1,1870,2,18,VAUXHALL VIVARO,-1,-1,0,-1
2023010423061,2023,010423061,1,19,0,99,99,9,9,99,99,9,9,99,9,99,2,9,2,2,1,36,7,1499,2,1,VAUXHALL VIVARO,5,E01031731,0,-1
2023351375250,2023,351375250,2,19,0,5,5,3,1,0,0,0,0,0,0,0,1,1,6,6,1,46,8,1598,2,6,VAUXHALL VIVARO,1,E01033112,0,-1
2023451326148,2023,451326148,2,19,0,18,19,5,1,0,0,0,0,0,0,0,2,1,5,6,2,35,6,1995,2,11,VAUXHALL VIVARO,5,E01030719,0,-1
2023401305352,2023,401305352,3,19,0,2,2,0,0,0,0,1,0,0,0,0,3,1,6,6,3,-1,-1,1997,2,3,VAUXHALL VIVARO,-1,-1,0,-1
2023411303905,2023,411303905,1,19,0,18,19,-1,-1,0,0,8,0,0,0,0,1,1,1,1,1,55,8,1995,2,10,VAUXHALL VIVARO,7,E01023594,0,-1
2023131359164,2023,131359164,1,19,0,18,19,5,1,0,0,0,0,0,0,0,1,1,6,6,1,34,6,1598,2,8,VAUXHALL VIVARO,2,E01010930,0,-1
2023631341032,2023,631341032,1,19,0,9,9,1,7,0,0,5,0,0,0,0,3,1,5,6,1,70,10,1995,2,15,VAUXHALL VIVARO,10,W01000665,0,-1
2023302301809,2023,302301809,1,19,0,5,5,2,1,0,0,4,0,0,0,0,1,1,1,1,1,42,7,-1,3,1,VAUXHALL VIVARO,10,E01013465,0,-1
2023010455609,2023,010455609,2,19,0,99,99,9,9,99,99,9,9,99,9,99,1,9,6,6,3,-1,-1,1499,2,2,VAUXHALL VIVARO,6,E01003469,0,-1
2023332300085,2023,332300085,1,19,0,18,19,6,2,0,0,0,0,0,0,0,1,1,6,6,1,22,5,1997,2,1,VAUXHALL VIVARO,7,E01023649,0,-1
2023010425217,2023,010425217,1,19,0,18,19,7,3,0,0,1,0,0,0,0,1,1,1,1,1,60,9,-1,3,3,VAUXHALL VIVARO,5,E01000338,0,-1
2023522301490,2023,522301490,2,19,0,7,7,1,3,0,0,8,0,0,0,0,1,1,6,6,1,68,10,1870,2,17,VAUXHALL VIVARO,10,E01014933,0,-1
2023451359514,2023,451359514,2,19,0,9,9,1,5,0,0,8,0,0,0,0,1,1,5,6,1,72,10,1995,2,11,VAUXHALL VIVARO,8,E01030622,0,-1
2023501364581,2023,501364581,1,19,0,18,19,1,5,0,0,0,0,0,0,0,1,1,6,6,1,60,9,1995,2,16,VAUXHALL VIVARO,9,E01019925,0,-1
2023052300751,2023,052300751,2,19,0,18,19,7,3,0,0,8,0,0,0,0,1,1,1,1,1,41,7,1997,2,1,VAUXHALL VIVARO,4,E01011075,0,-1
2023531375869,2023,531375869,1,19,0,18,19,1,5,0,0,2,0,0,0,0,1,1,6,6,1,52,8,1995,2,14,VAUXHALL VIVARO,10,E01022339,0,-1
2023010429348,2023,010429348,1,19,0,7,7,3,6,0,0,5,0,0,0,0,1,1,1,1,1,57,9,1598,2,5,VAUXHALL VIVARO,2,E01003497,0,-1
2023451338320,2023,451338320,1,19,0,9,9,2,7,0,0,5,0,0,0,0,4,1,2,2,1,35,6,1598,2,6,VAUXHALL VIVARO,6,E01002919,0,-1
2023547487223,2023,547487223,1,19,0,5,5,2,6,0,0,1,0,0,0,0,3,1,1,1,1,57,9,1598,2,7,VAUXHALL VIVARO,5,E01032063,0,-1
2023411307971,2023,411307971,1,19,0,5,5,3,5,0,0,6,0,0,0,0,1,1,1,1,1,53,8,1995,2,16,VAUXHALL VIVARO,3,E01023343,0,-1
2023061353349,2023,061353349,1,19,0,18,19,3,1,0,0,8,0,0,0,0,1,1,6,6,1,44,7,1499,2,0,VAUXHALL VIVARO,5,E01005961,0,-1
2023461377466,2023,461377466,1,19,0,18,19,-1,-1,0,0,0,0,0,0,0,4,1,6,6,1,48,8,1598,2,9,VAUXHALL VIVARO,-1,-1,0,-1
2023010460772,2023,010460772,1,19,0,18,19,5,1,0,0,0,0,0,0,0,1,1,2,2,1,30,6,1598,2,8,VAUXHALL VIVARO,10,E01000353,0,-1
2023421263770,2023,421263770,3,19,0,18,19,3,7,0,0,0,0,0,0,0,2,1,1,1,1,27,6,1598,2,7,VAUXHALL VIVARO,-1,-1,0,-1
2023141310448,2023,141310448,2,19,0,13,13,5,1,0,0,0,0,0,0,0,4,1,6,6,1,23,5,1598,2,7,VAUXHALL VIVARO,3,E01007777,0,-1
2023371361606,2023,371361606,4,19,0,3,3,8,8,0,0,0,0,0,0,0,2,1,5,6,1,57,9,1598,2,8,VAUXHALL VIVARO,6,E01030037,0,-1
2023361377695,2023,361377695,2,19,0,2,2,0,0,0,0,0,0,4,0,0,2,1,6,6,3,-1,-1,1995,2,16,VAUXHALL VIVARO,-1,-1,0,-1
2023332301093,2023,332301093,1,19,0,9,9,8,4,0,0,6,0,0,0,0,1,1,6,6,1,42,7,1598,2,5,VAUXHALL VIVARO,2,E01013676,0,-1
2023411287761,2023,411287761,1,19,0,18,19,-1,-1,0,0,8,0,0,0,0,1,1,6,6,1,-1,-1,1995,2,13,VAUXHALL VIVARO,8,E01032176,0,-1
2023101258831,2023,101258831,1,19,0,18,19,5,1,0,0,4,0,0,0,0,1,1,5,6,1,40,7,1499,2,1,VAUXHALL VIVARO,4,E01008247,0,-1
2023451328521,2023,451328521,3,19,0,18,19,5,1,0,0,0,1,0,0,0,3,1,5,6,1,52,8,1499,2,2,VAUXHALL VIVARO,1,-1,0,-1
2023041275432,2023,041275432,1,19,0,9,9,5,3,0,0,5,0,0,0,0,3,1,6,6,1,24,5,1598,2,6,VAUXHALL VIVARO,5,E01025526,0,-1
2023201330562,2023,201330562,1,19,0,9,9,2,8,0,0,8,0,0,0,0,4,1,1,1,1,48,8,1598,2,7,VAUXHALL VIVARO,5,E01032426,0,-1
2023161314112,2023,161314112,2,19,0,18,19,1,5,0,0,0,0,0,0,0,1,1,2,2,1,24,5,1499,2,4,VAUXHALL VIVARO,-1,-1,0,-1
2023071288080,2023,071288080,1,19,0,18,19,8,4,0,0,0,0,0,0,0,1,1,1,1,1,33,6,1499,2,0,VAUXHALL VIVARO,-1,-1,0,-1
2023991366662,2023,991366662,2,19,0,18,19,4,8,0,0,1,0,0,0,0,3,1,2,2,2,51,8,1995,2,9,VAUXHALL VIVARO,10,-1,0,-1
2023548053923,2023,548053923,1,19,0,18,19,8,4,0,0,4,0,0,0,0,1,1,6,6,1,48,8,1870,2,19,VAUXHALL VIVARO,4,E01015492,0,-1
2023131350680,2023,131350680,1,19,0,18,19,5,1,0,0,0,0,0,0,0,1,1,6,6,1,54,8,1499,2,4,VAUXHALL VIVARO,7,E01011693,0,-1
2023052301334,2023,052301334,2,19,0,4,4,7,3,0,0,1,0,0,0,0,2,1,6,6,1,36,7,1995,2,10,VAUXHALL VIVARO,3,W01000292,0,-1
2023471270553,2023,471270553,2,19,0,18,19,3,7,0,0,0,0,0,0,0,0,1,6,6,1,61,9,1995,2,12,VAUXHALL VIVARO,7,E01031813,0,-1
2023010432265,2023,010432265,1,19,0,18,19,3,7,0,0,0,0,0,0,0,2,1,2,2,1,61,9,1997,2,1,VAUXHALL VIVARO,10,E01021442,0,-1
2023141311625,2023,141311625,2,19,0,18,19,6,2,0,0,0,1,0,0,0,1,1,2,2,1,37,7,1995,2,13,VAUXHALL VIVARO,6,E01007570,0,-1
2023141367187,2023,141367187,1,19,0,18,19,3,7,0,0,1,0,0,0,0,1,1,2,2,1,37,7,1870,2,17,VAUXHALL VIVARO,2,E01007326,0,-1
2023320730044,2023,320730044,1,19,0,16,19,8,4,0,0,0,0,0,7,9,1,1,6,6,1,33,6,1499,2,4,VAUXHALL VIVARO,3,E01026596,0,-1
2023440239367,2023,440239367,2,19,0,18,19,5,1,0,0,1,0,0,0,0,1,1,6,6,1,-1,-1,1997,2,3,VAUXHALL VIVARO,-1,-1,0,-1
2023010467403,2023,010467403,1,19,0,18,19,3,7,0,0,1,0,0,0,0,1,1,1,1,1,35,6,1499,2,0,VAUXHALL VIVARO,9,E01004136,0,-1
2023010429706,2023,010429706,1,19,0,9,9,8,5,0,0,5,0,4,0,0,1,1,1,1,1,37,7,1598,2,8,VAUXHALL VIVARO,5,E01003085,0,-1
2023010453606,2023,010453606,1,19,0,18,19,1,5,0,0,1,0,0,0,0,1,1,6,6,1,43,7,1598,2,5,VAUXHALL VIVARO,5,E01002118,0,-1
2023320550131,2023,320550131,1,20,0,18,19,2,6,9,9,1,0,0,1,1,1,1,6,6,1,28,6,-1,-1,-1,-1,8,E01013273,0,-1
2023111388025,2023,111388025,2,19,0,9,9,2,1,0,0,8,0,0,0,0,4,1,2,2,1,32,6,1598,2,6,VAUXHALL VIVARO,-1,-1,0,-1
2023522400390,2023,522400390,1,19,0,18,19,8,4,0,0,8,0,0,0,0,1,1,6,6,1,59,9,1598,2,6,VAUXHALL VIVARO,6,E01014531,0,-1
2023401276591,2023,401276591,2,19,0,18,19,8,4,0,0,0,0,0,0,0,1,1,1,1,1,39,7,1598,2,5,VAUXHALL VIVARO,2,E01027105,0,-1
2023122300782,2023,122300782,2,19,0,18,19,2,6,0,0,0,0,0,0,0,3,1,6,6,1,31,6,1870,2,17,VAUXHALL VIVARO,8,E01027586,0,-1
2023010445329,2023,010445329,1,19,0,12,12,7,3,0,0,2,0,0,0,0,1,1,2,2,1,64,9,1598,2,6,VAUXHALL VIVARO,2,E01001594,0,-1
2023471302459,2023,471302459,1,19,0,18,19,2,6,0,0,1,0,0,0,0,1,1,5,6,1,53,8,1870,2,19,VAUXHALL VIVARO,2,E01031450,0,-1
2023440262396,2023,440262396,1,19,0,18,19,6,2,0,0,0,5,0,1,9,0,1,2,2,1,50,8,1995,2,12,VAUXHALL VIVARO,10,E01023222,0,-1
2023371391331,2023,371391331,1,19,0,13,13,1,5,0,0,0,0,0,0,0,4,1,1,1,1,51,8,1598,2,5,VAUXHALL VIVARO,10,E01030292,0,-1
2023501272137,2023,501272137,2,19,0,16,19,3,6,0,0,0,0,0,0,0,1,1,1,1,1,29,6,1995,2,9,VAUXHALL VIVARO,1,E01015155,0,-1
2023531339108,2023,531339108,2,19,0,18,19,7,3,0,0,1,0,0,0,0,1,1,1,1,1,40,7,1995,2,10,VAUXHALL VIVARO,5,E01022330,0,-1
2023131286704,2023,131286704,2,19,0,18,19,5,1,0,0,1,0,0,0,0,4,1,6,6,1,65,9,1995,2,11,VAUXHALL VIVARO,4,E01011319,0,-1
2023481382685,2023,481382685,1,19,0,7,7,7,1,0,0,8,0,0,0,0,4,1,2,2,1,40,7,-1,3,2,VAUXHALL VIVARO,-1,-1,0,-1
2023622300930,2023,622300930,2,19,0,18,19,5,1,0,0,0,0,0,0,0,2,1,1,1,1,33,6,1995,2,10,VAUXHALL VIVARO,1,W01000864,0,-1
2023471326764,2023,471326764,2,19,0,18,19,5,1,0,0,1,0,0,0,0,3,1,2,2,1,57,9,1598,2,7,VAUXHALL VIVARO,8,E01021061,0,-1
2023052300915,2023,052300915,2,19,0,6,6,2,2,0,0,0,0,0,1,0,3,1,6,6,1,51,8,1995,2,15,VAUXHALL VIVARO,6,E01000203,0,-1
2023211293246,2023,211293246,2,19,0,7,7,7,1,0,0,0,0,0,0,0,2,1,2,2,1,28,6,1995,2,16,VAUXHALL VIVARO,-1,-1,0,-1
2023131290152,2023,131290152,1,19,0,-1,-1,-1,-1,-1,-1,-1,-1,-1,-1,-1,-1,1,6,6,3,-1,-1,1499,2,4,VAUXHALL VIVARO,-1,-1,0,-1
2023041378901,2023,041378901,1,19,0,11,11,1,5,0,0,0,0,0,0,0,4,1,5,6,1,38,7,1995,2,10,VAUXHALL VIVARO,2,E01025305,0,-1
202360A095426,2023,60A095426,1,19,0,18,19,4,8,0,0,1,0,0,0,0,1,1,6,6,1,43,7,1598,2,4,VAUXHALL VIVARO,-1,-1,0,-1
2023531375897,2023,531375897,1,19,0,5,5,1,5,0,0,0,0,0,0,0,1,1,2,2,1,64,9,1598,2,6,VAUXHALL VIVARO,8,E01022313,0,-1
2023201411230,2023,201411230,1,19,0,5,5,4,8,0,0,1,0,0,0,0,1,1,1,1,1,-1,-1,1598,2,4,VAUXHALL VIVARO,-1,-1,0,-1
2023320322490,2023,320322490,2,19,0,4,4,3,7,0,0,0,0,0,0,0,3,1,1,1,1,36,7,1598,2,5,VAUXHALL VIVARO,8,E01026022,0,-1
2023320181957,2023,320181957,2,9,0,18,19,8,4,0,0,0,0,0,0,0,2,1,6,6,1,52,8,1995,2,11,VAUXHALL VIVARO,4,E01026090,0,-1
2023501345675,2023,501345675,1,19,0,12,12,1,5,0,0,0,1,0,8,7,2,1,5,6,1,51,8,1870,2,18,VAUXHALL VIVARO,4,E01015183,0,-1
2023411367244,2023,411367244,2,19,0,18,19,7,3,0,0,0,0,0,0,0,4,1,1,1,1,63,9,1598,2,7,VAUXHALL VIVARO,10,E01027298,0,-1
2023041304986,2023,041304986,1,19,0,4,4,3,7,0,0,1,0,0,0,0,2,1,1,1,1,34,6,1997,2,1,VAUXHALL VIVARO,2,E01025292,0,-1
2023131357135,2023,131357135,1,19,0,18,19,5,1,0,0,0,5,0,7,4,1,1,1,1,1,57,9,1598,2,8,VAUXHALL VIVARO,2,E01011104,0,-1
2023070477558,2023,070477558,1,19,0,18,19,3,7,0,0,2,0,0,0,0,2,1,6,6,1,-1,-1,1598,2,7,VAUXHALL VIVARO,-1,-1,0,-1
202360A144954,2023,60A144954,1,19,0,2,2,0,0,0,0,0,0,0,0,0,2,1,6,6,1,51,8,1598,2,6,VAUXHALL VIVARO,-1,-1,0,-1
2023131286994,2023,131286994,9,10,0,18,19,5,1,0,0,0,0,0,0,0,2,1,1,1,1,38,7,-1,-1,-1,-1,3,E01007447,0,-1
2023552300674,2023,552300674,1,19,0,13,13,7,3,0,0,0,0,0,0,0,4,1,6,6,3,-1,-1,1598,2,6,VAUXHALL VIVARO,-1,-1,0,-1
2023320348147,2023,320348147,1,19,0,17,19,1,5,0,0,0,5,0,1,9,1,1,1,1,1,29,6,1598,2,7,VAUXHALL VIVARO,8,E01026229,0,-1