collision_index,collision_year,collision_ref_no,vehicle_reference,vehicle_type,towing_and_articulation,vehicle_manoeuvre_historic,vehicle_manoeuvre,vehicle_direction_from,vehicle_direction_to,vehicle_location_restricted_lane_historic,vehicle_location_restricted_lane,junction_location,skidding_and_overturning,hit_object_in_carriageway,vehicle_leaving_carriageway,hit_object_off_carriageway,first_point_of_impact,vehicle_left_hand_drive,journey_purpose_of_driver_historic,journey_purpose_of_driver,sex_of_driver,age_of_driver,age_band_of_driver,engine_capacity_cc,propulsion_code,age_of_vehicle,generic_make_model,driver_imd_decile,lsoa_of_driver,escooter_flag,driver_distance_banding
2023371361894,2023,371361894,1,19,0,18,19,3,7,0,0,0,1,0,0,0,1,1,1,1,1,22,5,1499,2,2,VAUXHALL VIVARO,2,E01029969,0,-1
2023471371410,2023,471371410,1,19,0,18,19,7,3,0,0,1,0,0,0,0,1,1,6,6,1,28,6,1499,2,3,VAUXHALL VIVARO,2,E01021179,0,-1
2023010479311,2023,010479311,1,19,0,99,99,9,9,99,99,0,9,99,9,99,2,9,1,1,1,30,6,-1,3,0,VAUXHALL VIVARO,3,E01000138,0,-1
2023440352540,2023,440352540,2,19,0,2,2,0,0,0,0,0,0,4,0,0,1,1,2,2,1,41,7,1598,2,9,VAUXHALL VIVARO,6,E01022716,0,-1
2023131271432,2023,131271432,1,19,0,18,19,7,3,0,0,1,0,0,0,0,1,1,1,1,1,40,7,1598,2,8,VAUXHALL VIVARO,5,E01011801,0,-1
2023361347639,2023,361347639,1,19,0,5,5,-1,-1,0,0,0,0,0,0,0,-1,1,6,6,2,40,7,1598,2,8,VAUXHALL VIVARO,5,E01026902,0,-1
2023010477381,2023,010477381,1,19,0,5,5,1,5,0,0,6,0,0,0,0,1,1,2,2,1,47,8,1598,2,5,VAUXHALL VIVARO,-1,-1,0,-1
2023010444564,2023,010444564,2,19,0,4,4,7,3,0,0,8,0,0,0,0,1,1,1,1,1,31,6,1598,2,5,VAUXHALL VIVARO,5,E01001498,0,-1
2023010456234,2023,010456234,1,19,0,18,19,5,1,0,0,8,0,0,0,0,1,1,1,1,1,32,6,1598,2,5,VAUXHALL VIVARO,3,E01001338,0,-1
2023421339915,2023,421339915,1,19,0,3,3,2,7,0,0,0,0,0,0,0,3,1,1,1,1,61,9,1499,2,2,VAUXHALL VIVARO,8,E01022064,0,-1
2023010453879,2023,010453879,2,19,0,99,99,9,9,99,99,9,9,99,9,99,2,9,6,6,3,-1,-1,1598,2,7,VAUXHALL VIVARO,8,E01023708,0,-1
2023520400095,2023,520400095,2,19,0,9,9,7,5,0,0,6,0,0,0,0,3,1,6,6,1,52,8,1995,2,11,VAUXHALL VIVARO,7,E01020392,0,-1
2023311363072,2023,311363072,2,19,0,18,19,4,8,0,0,0,1,0,1,0,3,1,6,6,1,34,6,1598,2,6,VAUXHALL VIVARO,-1,-1,0,-1
2023552300216,2023,552300216,2,19,0,1,1,7,5,0,0,5,0,0,0,0,3,1,2,2,1,32,6,1598,2,4,VAUXHALL VIVARO,3,E01015381,0,-1
2023430453528,2023,430453528,1,19,0,16,19,8,3,0,0,0,0,0,0,0,1,1,6,6,1,58,9,1995,2,10,VAUXHALL VIVARO,10,E01028613,0,-1
202354A869323,2023,54A869323,2,19,0,3,3,4,8,0,0,0,0,0,0,0,2,1,6,6,1,34,6,1995,2,10,VAUXHALL VIVARO,10,E01032012,0,-1
2023430434345,2023,430434345,1,19,0,13,13,7,3,0,0,8,0,0,0,0,4,1,1,1,1,42,7,1499,2,1,VAUXHALL VIVARO,10,E01017397,0,-1
2023201306687,2023,201306687,1,19,0,18,19,1,5,0,0,8,5,0,0,0,1,1,6,6,1,33,6,1995,2,9,VAUXHALL VIVARO,5,E01009032,0,-1
2023552300459,2023,552300459,3,19,0,3,3,3,7,0,0,0,0,0,0,0,2,1,1,1,1,34,6,1598,2,5,VAUXHALL VIVARO,8,E01020475,0,-1
2023010485128,2023,010485128,2,9,0,99,99,9,9,99,99,9,9,99,9,99,2,9,6,6,1,-1,-1,1997,2,2,VAUXHALL VIVARO,-1,-1,0,-1
2023421378648,2023,421378648,1,19,0,18,19,1,4,0,0,0,2,7,0,0,1,1,2,2,1,26,6,1499,2,1,VAUXHALL VIVARO,4,E01021802,0,-1
2023991332028,2023,991332028,2,19,0,2,2,7,3,9,9,0,0,0,0,0,1,1,2,2,1,46,8,1499,2,1,VAUXHALL VIVARO,7,-1,0,-1
2023340WN6172,2023,340WN6172,1,19,0,9,9,8,5,0,0,5,0,0,0,0,1,1,1,1,1,62,9,1499,2,4,VAUXHALL VIVARO,8,E01027282,0,-1
2023010458811,2023,010458811,1,19,0,99,99,9,9,99,99,6,9,99,9,99,9,9,2,2,1,25,5,1499,2,3,VAUXHALL VIVARO,7,E01024719,0,-1
2023141367772,2023,141367772,2,19,0,4,4,5,1,0,0,0,0,0,0,0,2,1,5,6,1,47,8,1995,2,16,VAUXHALL VIVARO,-1,-1,0,-1
2023991384531,2023,991384531,2,19,0,18,19,2,6,0,0,0,0,0,0,0,2,1,5,6,1,47,8,1598,2,8,VAUXHALL VIVARO,10,-1,0,-1
2023430001941,2023,430001941,2,19,0,18,19,4,8,0,0,0,0,0,0,0,1,1,6,6,1,47,8,1995,2,10,VAUXHALL VIVARO,8,E01028462,0,-1
2023070733769,2023,070733769,3,9,0,9,9,5,1,0,0,2,0,0,0,0,1,1,6,6,2,41,7,1997,2,1,VAUXHALL VIVARO,6,E01012554,0,-1
2023131320939,2023,131320939,1,19,0,17,19,1,7,0,0,0,0,0,1,11,4,1,5,6,1,27,6,1598,2,6,VAUXHALL VIVARO,2,E01010942,0,-1
2023302301274,2023,302301274,1,8,0,18,19,4,8,0,0,0,0,0,0,0,1,1,1,1,1,56,9,1499,2,2,VAUXHALL VIVARO,1,E01029427,0,-1
2023991346503,2023,991346503,2,19,0,18,19,4,2,0,0,4,0,0,0,0,4,1,2,2,1,43,7,1598,2,4,VAUXHALL VIVARO,7,-1,0,-1
2023430055454,2023,430055454,2,19,0,3,3,3,7,0,0,8,0,0,0,0,2,1,6,6,1,41,7,1499,2,1,VAUXHALL VIVARO,9,E01017637,0,-1
2023361389881,2023,361389881,1,19,0,4,4,5,6,0,0,0,0,0,0,0,2,1,1,1,1,44,7,1499,2,3,VAUXHALL VIVARO,7,E01026462,0,-1
2023547905523,2023,547905523,2,19,0,18,19,7,3,0,0,1,0,0,0,0,1,1,2,2,1,26,6,1598,2,8,VAUXHALL VIVARO,2,E01014602,0,-1
2023131376630,2023,131376630,2,8,0,18,19,3,7,0,0,8,0,0,0,0,1,1,1,1,1,59,9,1598,2,8,VAUXHALL VIVARO,4,E01011778,0,-1
2023631317856,2023,631317856,2,19,0,18,19,2,6,0,0,0,5,0,2,10,2,1,6,6,1,36,7,1995,2,9,VAUXHALL VIVARO,8,W01000609,0,-1
2023340NN0172,2023,340NN0172,1,19,0,18,19,4,8,0,0,0,5,0,0,0,1,1,6,6,1,79,11,1995,2,12,VAUXHALL VIVARO,8,E01013807,0,-1
2023061287390,2023,061287390,1,19,0,18,19,6,2,0,0,0,0,0,0,0,1,1,6,6,1,-1,-1,1995,2,9,VAUXHALL VIVARO,-1,-1,0,-1
2023451276223,2023,451276223,2,19,0,18,19,6,2,0,0,0,0,0,0,0,2,1,1,1,1,58,9,1598,2,7,VAUXHALL VIVARO,5,E01017908,0,-1
2023631434728,2023,631434728,1,19,0,18,19,5,1,0,0,0,0,0,1,10,4,1,1,1,1,29,6,1995,2,15,VAUXHALL VIVARO,1,E01012436,0,-1
2023211312271,2023,211312271,2,19,0,18,19,3,7,0,0,5,5,0,7,0,3,1,5,6,1,43,7,1870,2,20,VAUXHALL VIVARO,-1,-1,0,-1
2023361397046,2023,361397046,2,19,0,18,19,5,1,0,0,0,0,0,0,0,1,1,1,1,1,51,8,1995,2,16,VAUXHALL VIVARO,1,E01026603,0,-1
2023161391231,2023,161391231,1,19,0,18,19,5,1,0,0,1,0,0,0,0,4,1,1,1,1,45,7,1997,2,2,VAUXHALL VIVARO,2,E01033104,0,-1
2023991274559,2023,991274559,1,19,0,18,19,2,6,0,0,0,0,0,1,0,1,1,1,1,1,21,5,1499,2,2,VAUXHALL VIVARO,8,-1,0,-1
2023522301612,2023,522301612,2,19,0,7,7,1,3,0,0,6,0,0,0,0,1,1,6,6,1,-1,-1,1995,2,9,VAUXHALL VIVARO,-1,-1,0,-1
2023531327820,2023,531327820,1,19,0,18,19,1,5,0,0,0,0,0,0,0,1,1,2,2,1,59,9,1499,2,0,VAUXHALL VIVARO,5,E01032530,0,-1
2023451333987,2023,451333987,2,19,0,13,13,7,1,0,0,0,0,0,0,0,4,1,6,6,1,35,6,1598,2,4,VAUXHALL VIVARO,-1,-1,0,-1
2023451298672,2023,451298672,4,9,0,15,15,5,1,0,0,1,0,0,0,0,1,1,1,1,1,58,9,1995,2,10,VAUXHALL VIVARO,2,E01023990,0,-1
2023010438727,2023,010438727,2,19,0,99,99,9,9,99,99,9,9,99,9,99,1,9,6,6,3,-1,-1,1598,2,5,VAUXHALL VIVARO,10,E01000826,0,-1
2023522301357,2023,522301357,2,19,0,9,9,5,3,0,0,6,0,0,0,0,1,1,6,6,2,34,6,1995,2,10,VAUXHALL VIVARO,1,E01032514,0,-1
2023501331612,2023,501331612,3,19,0,12,12,1,5,0,0,0,0,0,0,0,1,1,5,6,1,58,9,1598,2,7,VAUXHALL VIVARO,5,E01031594,0,-1
2023010464126,2023,010464126,1,19,0,18,19,5,1,9,9,4,0,0,0,0,1,1,2,2,1,35,6,1997,2,3,VAUXHALL VIVARO,4,E01003718,0,-1
2023991375796,2023,991375796,2,19,0,18,19,7,3,0,0,0,0,0,0,0,2,1,2,2,1,57,9,1870,2,16,VAUXHALL VIVARO,8,-1,0,-1
2023302301769,2023,302301769,2,19,0,2,2,0,0,9,9,0,0,0,0,0,2,1,6,6,3,-1,-1,1598,2,7,VAUXHALL VIVARO,-1,-1,0,-1
2023201368824,2023,201368824,1,19,0,4,4,6,2,0,0,0,0,0,0,0,1,1,1,1,1,34,6,1499,2,4,VAUXHALL VIVARO,9,E01031113,0,-1
2023201422945,2023,201422945,1,19,0,11,11,2,6,0,0,1,0,0,0,0,1,1,2,2,2,54,8,1995,2,14,VAUXHALL VIVARO,1,E01028001,0,-1
2023461332771,2023,461332771,1,19,0,16,19,3,7,0,0,8,0,0,0,0,3,1,6,6,1,57,9,1995,2,9,VAUXHALL VIVARO,8,E01024077,0,-1
2023501413332,2023,501413332,1,19,0,4,4,1,5,0,0,1,0,0,0,0,1,1,6,6,2,32,6,1995,2,15,VAUXHALL VIVARO,4,E01018861,0,-1
2023010455618,2023,010455618,2,19,9,99,99,9,9,99,99,9,9,99,9,99,9,9,6,6,3,-1,-1,1499,2,4,VAUXHALL VIVARO,-1,-1,0,-1
2023340WN6032,2023,340WN6032,2,19,0,10,10,1,5,0,0,8,0,0,0,0,2,1,1,1,1,28,6,1997,2,3,VAUXHALL VIVARO,6,E01032970,0,-1
2023430149010,2023,430149010,1,19,0,3,3,8,4,0,0,0,0,0,0,0,2,1,2,2,1,51,8,1598,2,8,VAUXHALL VIVARO,5,E01017867,0,-1
2023311339655,2023,311339655,1,19,0,9,9,5,2,0,0,4,5,0,0,0,4,1,6,6,1,51,8,1995,2,16,VAUXHALL VIVARO,6,E01028006,0,-1
2023622300966,2023,622300966,1,19,0,18,19,2,6,0,0,0,0,0,0,0,1,1,6,6,1,31,6,1995,2,15,VAUXHALL VIVARO,1,W01001738,0,-1
2023141300382,2023,141300382,2,19,0,5,5,5,7,0,0,8,0,0,8,0,4,1,5,6,1,30,6,1598,2,9,VAUXHALL VIVARO,6,E01008152,0,-1
2023122400014,2023,122400014,1,19,0,4,4,7,3,0,0,1,0,0,0,0,2,1,6,6,2,55,8,-1,-1,-1,VAUXHALL VIVARO,2,E01006924,0,-1
2023311333073,2023,311333073,1,19,0,9,9,3,1,0,0,2,0,0,0,0,1,1,6,6,3,-1,-1,1598,2,6,VAUXHALL VIVARO,-1,-1,0,-1
2023010448503,2023,010448503,2,19,0,4,4,3,7,0,0,0,0,0,0,0,2,1,6,6,1,32,6,1598,2,6,VAUXHALL VIVARO,8,E01021755,0,-1
2023361388542,2023,361388542,2,19,0,4,4,5,4,0,0,0,0,0,0,0,2,1,1,1,1,37,7,1598,2,8,VAUXHALL VIVARO,7,E01026755,0,-1
202363A006023,2023,63A006023,2,19,0,4,4,4,8,0,0,1,0,0,0,0,2,1,1,1,1,48,8,1995,2,12,VAUXHALL VIVARO,3,W01000670,0,-1
2023010463311,2023,010463311,1,19,4,11,11,1,5,2,2,0,0,0,0,0,4,1,1,1,1,61,9,1598,2,4,VAUXHALL VIVARO,5,E01023584,0,-1
2023010435083,2023,010435083,1,19,0,18,19,5,1,9,9,6,0,0,0,0,1,1,2,2,1,53,8,1598,2,5,VAUXHALL VIVARO,3,E01004020,0,-1
2023522400042,2023,522400042,2,19,0,1,1,1,5,0,0,2,0,0,0,0,2,1,6,6,3,-1,-1,1995,2,16,VAUXHALL VIVARO,-1,-1,0,-1
2023131317864,2023,131317864,2,19,0,-1,-1,-1,-1,-1,-1,8,-1,-1,-1,0,-1,1,6,6,3,-1,-1,1870,2,17,VAUXHALL VIVARO,-1,-1,0,-1
2023371348461,2023,371348461,2,19,0,2,2,1,4,6,6,2,0,0,0,0,3,1,1,1,1,19,4,1598,2,7,VAUXHALL VIVARO,-1,-1,0,-1
2023010437308,2023,010437308,1,8,0,18,19,2,6,0,0,0,2,0,0,0,1,1,1,1,1,30,6,1598,2,7,VAUXHALL VIVARO,3,E01032568,0,-1
2023131302518,2023,131302518,1,19,0,12,12,3,7,0,0,0,0,0,0,0,4,1,1,1,1,51,8,1598,2,7,VAUXHALL VIVARO,3,E01010703,0,-1
2023010461730,2023,010461730,1,19,0,18,19,3,7,0,0,8,0,0,0,0,1,1,2,2,1,31,6,1499,2,4,VAUXHALL VIVARO,4,E01030645,0,-1
2023131288717,2023,131288717,2,19,0,2,2,0,0,0,0,0,0,0,0,0,2,1,6,6,3,-1,-1,1598,2,6,VAUXHALL VIVARO,-1,-1,0,-1
2023991346991,2023,991346991,2,19,0,18,19,7,3,0,0,0,2,0,2,11,1,1,1,1,1,38,7,1598,2,8,VAUXHALL VIVARO,5,-1,0,-1
2023401269563,2023,401269563,1,10,0,18,19,-1,-1,0,0,6,0,0,0,0,1,1,1,1,1,46,8,-1,-1,-1,-1,4,E01015784,0,-1
2023061339016,2023,061339016,1,19,0,18,19,7,-1,0,0,1,0,0,0,0,1,1,6,6,1,-1,-1,1997,2,3,VAUXHALL VIVARO,-1,-1,0,-1
2023631365773,2023,631365773,3,19,0,2,2,0,0,0,0,1,0,4,0,0,1,1,6,6,3,-1,-1,1995,2,13,VAUXHALL VIVARO,-1,-1,0,-1
2023501353382,2023,501353382,1,19,0,18,19,3,7,0,0,0,0,0,0,0,4,1,6,6,1,39,7,1598,2,6,VAUXHALL VIVARO,8,E01019968,0,-1
2023141384131,2023,141384131,2,19,0,18,19,5,2,0,0,1,0,0,0,0,1,1,6,6,1,54,8,1598,2,7,VAUXHALL VIVARO,2,E01007796,0,-1
2023501329531,2023,501329531,1,19,0,4,4,2,5,0,0,0,0,0,0,0,1,1,2,2,1,54,8,1499,2,4,VAUXHALL VIVARO,5,E01018904,0,-1
2023131290298,2023,131290298,1,19,0,9,9,7,5,0,0,8,0,0,0,0,1,1,2,2,1,54,8,1598,2,5,VAUXHALL VIVARO,4,E01010601,0,-1
2023552300951,2023,552300951,1,19,0,13,13,5,1,0,0,8,1,0,0,0,1,1,6,6,1,27,6,1870,2,20,VAUXHALL VIVARO,3,E01015306,0,-1
2023501318763,2023,501318763,3,19,0,3,3,6,8,0,0,0,0,0,0,0,4,1,6,6,2,27,6,1870,2,20,VAUXHALL VIVARO,9,E01019939,0,-1
2023311375597,2023,311375597,1,19,0,15,15,5,8,0,0,0,0,0,0,0,3,1,2,2,1,46,8,1598,2,8,VAUXHALL VIVARO,4,E01027928,0,-1
2023411354844,2023,411354844,1,19,0,18,19,-1,-1,0,0,0,0,0,0,0,1,1,6,6,3,-1,-1,1995,2,12,VAUXHALL VIVARO,-1,-1,0,-1
2023421297764,2023,421297764,2,19,0,11,11,3,7,0,0,3,0,0,0,0,4,1,5,6,1,43,7,1598,2,7,VAUXHALL VIVARO,2,E01021327,0,-1
2023052300470,2023,052300470,2,19,0,3,3,1,5,0,0,4,0,0,0,0,2,1,6,6,1,60,9,1598,2,8,VAUXHALL VIVARO,6,E01007287,0,-1
2023421289192,2023,421289192,1,19,0,9,9,6,8,0,0,6,0,0,0,0,1,1,6,6,1,53,8,1598,2,6,VAUXHALL VIVARO,10,E01021918,0,-1
2023421349630,2023,421349630,2,19,0,9,9,5,3,0,0,0,0,0,0,0,2,1,1,1,1,40,7,1598,2,8,VAUXHALL VIVARO,4,E01022049,0,-1
2023471393270,2023,471393270,2,19,0,18,19,8,3,0,0,0,0,0,0,0,2,1,6,6,2,32,6,1995,2,12,VAUXHALL VIVARO,9,E01031391,0,-1
2023161351965,2023,161351965,2,19,0,17,19,7,3,0,0,1,0,0,0,0,1,1,2,2,1,34,6,1995,2,11,VAUXHALL VIVARO,7,E01013124,0,-1
2023311373912,2023,311373912,2,19,0,18,19,3,7,0,0,1,0,0,0,0,1,1,1,1,1,24,5,1598,2,5,VAUXHALL VIVARO,5,E01019439,0,-1
2023531259198,2023,531259198,1,19,0,16,19,5,3,0,0,0,2,0,1,11,1,1,5,6,2,26,6,1997,2,3,VAUXHALL VIVARO,-1,-1,0,-1
2023010454589,2023,010454589,2,19,0,99,99,9,9,99,99,9,9,99,9,99,1,9,6,6,3,-1,-1,1997,2,1,VAUXHALL VIVARO,-1,-1,0,-1
2023221266710,2023,221266710,3,19,0,2,2,0,0,0,0,0,0,0,0,0,4,1,1,1,1,28,6,1598,2,7,VAUXHALL VIVARO,8,E01032400,0,-1
2023501339624,2023,501339624,1,19,0,4,4,1,5,0,0,0,1,0,0,0,1,1,1,1,1,41,7,1499,2,2,VAUXHALL VIVARO,6,E01018983,0,-1
2023231381929,2023,231381929,1,19,0,5,5,2,6,0,0,0,0,0,0,0,4,1,6,6,1,46,8,1995,2,10,VAUXHALL VIVARO,7,E01029856,0,-1
2023531310763,2023,531310763,1,19,0,18,19,3,7,0,0,0,0,12,0,0,1,1,1,1,1,29,6,1997,2,3,VAUXHALL VIVARO,4,E01022250,0,-1
2023351391358,2023,351391358,1,19,0,16,19,5,1,0,0,0,5,4,7,11,1,1,6,6,1,25,5,1598,2,8,VAUXHALL VIVARO,4,E01018024,0,-1
2023340NN4202,2023,340NN4202,1,19,0,18,19,2,6,0,0,0,0,0,0,0,1,1,1,1,1,34,6,1598,2,6,VAUXHALL VIVARO,7,E01013808,0,-1
2023411330215,2023,411330215,2,9,0,18,19,-1,-1,0,0,0,0,0,0,0,2,1,1,1,1,45,7,1598,2,8,VAUXHALL VIVARO,2,E01017539,0,-1
2023311290284,2023,311290284,2,19,0,18,19,3,7,0,0,1,0,0,0,0,1,1,5,6,2,55,8,1995,2,11,VAUXHALL VIVARO,6,E01019619,0,-1
2023461350203,2023,461350203,2,19,0,3,3,5,1,0,0,1,0,0,0,0,4,1,6,6,1,57,9,1995,2,13,VAUXHALL VIVARO,1,E01021136,0,-1
2023111334085,2023,111334085,1,19,0,16,19,4,4,0,0,0,0,0,0,0,1,1,1,1,1,35,6,1499,2,4,VAUXHALL VIVARO,2,E01020751,0,-1
202354C779023,2023,54C779023,1,19,0,18,19,1,5,0,0,2,1,0,7,3,4,1,1,1,1,51,8,1995,2,12,VAUXHALL VIVARO,4,E01031895,0,-1
2023131393513,2023,131393513,3,20,0,18,19,7,3,0,0,0,0,0,0,0,0,1,1,1,1,28,6,-1,-1,-1,-1,5,E01007331,0,-1
2023631349539,2023,631349539,2,19,0,18,19,3,7,0,0,0,0,0,0,0,1,1,1,1,1,32,6,1499,2,1,VAUXHALL VIVARO,4,W01001250,0,-1
2023201421684,2023,201421684,2,19,0,5,5,3,7,0,0,1,0,0,0,0,3,1,1,1,1,42,7,1598,2,9,VAUXHALL VIVARO,3,E01009954,0,-1
2023421295813,2023,421295813,1,19,0,18,19,7,3,0,0,0,0,0,1,7,1,1,1,1,1,63,9,1499,2,2,VAUXHALL VIVARO,3,E01033051,0,-1
2023041387953,2023,041387953,1,19,0,16,19,5,1,0,0,1,0,0,0,0,1,1,6,6,1,25,5,1870,2,18,VAUXHALL VIVARO,5,E01012690,0,-1
2023991314272,2023,991314272,1,9,0,18,19,8,4,0,0,1,0,0,0,0,1,1,6,6,2,41,7,1995,2,12,VAUXHALL VIVARO,5,-1,0,-1
2023531343528,2023,531343528,1,19,0,17,19,8,8,9,9,0,0,0,3,4,1,1,5,6,1,33,6,1995,2,10,VAUXHALL VIVARO,6,E01018819,0,-1
2023131311676,2023,131311676,2,8,0,18,19,3,3,0,0,0,5,0,0,0,1,1,1,1,1,25,5,1598,2,8,VAUXHALL VIVARO,3,E01007346,0,-1
2023122301421,2023,122301421,1,19,0,9,9,1,7,0,0,6,0,0,0,0,1,1,6,6,1,56,9,1598,2,7,VAUXHALL VIVARO,6,E01027881,0,-1
2023440142925,2023,440142925,1,19,0,17,19,4,1,0,0,0,0,0,0,0,1,1,1,1,1,25,5,1995,2,15,VAUXHALL VIVARO,9,E01022646,0,-1
2023141327185,2023,141327185,1,19,0,18,19,2,6,0,0,1,0,10,0,0,1,1,5,6,1,27,6,1499,2,3,VAUXHALL VIVARO,1,E01007333,0,-1
2023010454309,2023,010454309,2,19,0,5,5,1,5,8,6,1,0,4,7,0,1,1,1,1,1,51,8,1598,2,6,VAUXHALL VIVARO,1,E01002880,0,-1
2023070719532,2023,070719532,1,19,0,18,19,5,1,0,0,2,1,0,1,9,1,1,6,6,1,31,6,1995,2,15,VAUXHALL VIVARO,-1,-1,0,-1
2023361273649,2023,361273649,1,19,0,3,3,2,6,0,0,0,0,0,0,0,1,1,2,2,1,-1,-1,1598,2,9,VAUXHALL VIVARO,-1,-1,0,-1
2023211357967,2023,211357967,2,19,0,9,9,3,5,0,0,6,0,0,0,0,1,1,1,1,1,36,7,1598,2,5,VAUXHALL VIVARO,-1,-1,0,-1
2023131350547,2023,131350547,4,19,0,18,19,3,7,0,0,0,0,0,0,0,1,1,1,1,1,27,6,1598,2,7,VAUXHALL VIVARO,7,E01010999,0,-1
2023010485050,2023,010485050,2,19,0,18,19,3,7,0,0,0,0,0,0,0,2,1,1,1,1,51,8,1598,2,6,VAUXHALL VIVARO,10,E01017409,0,-1
2023071221621,2023,071221621,1,19,0,16,19,1,3,0,0,2,1,0,0,0,1,1,6,6,1,27,6,1499,2,3,VAUXHALL VIVARO,4,E01012481,0,-1
2023991325900,2023,991325900,1,19,0,18,19,5,8,0,0,2,0,0,0,0,1,1,1,1,1,54,8,1997,2,3,VAUXHALL VIVARO,7,-1,0,-1
2023010476449,2023,010476449,1,19,9,99,99,9,9,99,99,9,9,99,9,99,9,1,6,6,2,-1,-1,1997,2,2,VAUXHALL VIVARO,-1,-1,0,-1
2023440081745,2023,440081745,2,19,0,3,3,5,1,0,0,0,0,0,0,0,2,1,2,2,1,33,6,1995,2,11,VAUXHALL VIVARO,1,E01017250,0,-1
2023440244733,2023,440244733,2,19,0,4,4,3,7,0,0,8,0,0,0,0,2,1,6,6,1,50,8,1995,2,11,VAUXHALL VIVARO,8,E01032841,0,-1
2023411283610,2023,411283610,1,19,0,1,1,3,7,0,0,2,0,0,0,0,2,1,1,1,1,43,7,1598,2,5,VAUXHALL VIVARO,7,E01017451,0,-1
2023161337162,2023,161337162,1,19,0,18,19,4,8,0,0,0,0,0,0,0,4,1,6,6,1,36,7,1598,2,4,VAUXHALL VIVARO,7,E01013097,0,-1
2023552301079,2023,552301079,1,19,0,9,9,4,2,0,0,8,0,0,0,0,1,1,2,2,3,33,6,1995,2,13,VAUXHALL VIVARO,2,E01020499,0,-1
2023010447268,2023,010447268,1,19,0,9,9,3,1,0,0,6,0,0,0,0,3,1,6,6,1,25,5,1997,2,3,VAUXHALL VIVARO,4,E01024111,0,-1
2023010425379,2023,010425379,2,19,0,18,19,3,7,0,0,1,0,0,0,0,1,1,6,6,1,42,7,1598,2,6,VAUXHALL VIVARO,3,E01004266,0,-1
2023010440954,2023,010440954,2,19,0,4,4,6,2,0,0,0,0,0,0,0,2,1,1,1,1,48,8,-1,3,2,VAUXHALL VIVARO,2,E01000087,0,-1
2023351356875,2023,351356875,1,19,0,10,10,8,7,0,0,1,0,0,0,0,2,1,1,1,1,46,8,-1,3,2,VAUXHALL VIVARO,8,E01015631,0,-1
2023010468545,2023,010468545,1,10,0,1,1,7,3,2,2,1,0,0,0,0,2,1,1,1,1,32,6,-1,-1,-1,-1,3,E01032764,0,-1
2023010458953,2023,010458953,3,9,0,4,4,6,2,0,0,8,0,0,0,0,3,1,1,1,1,-1,-1,1499,2,1,VAUXHALL VIVARO,7,E01000675,0,-1
2023430047064,2023,430047064,1,19,0,18,19,4,8,0,0,0,5,10,0,0,4,1,2,2,1,30,6,1598,2,5,VAUXHALL VIVARO,-1,-1,0,-1
2023401316724,2023,401316724,2,19,0,18,19,6,2,0,0,1,0,0,0,0,1,1,2,2,1,38,7,1995,2,11,VAUXHALL VIVARO,3,E01015738,0,-1
2023501356669,2023,501356669,1,19,0,18,19,4,8,0,0,0,0,0,0,0,1,1,6,6,1,33,6,1598,2,6,VAUXHALL VIVARO,5,E01020256,0,-1
2023531278560,2023,531278560,1,19,0,18,19,5,1,0,0,8,0,0,0,0,1,1,1,1,1,32,6,1598,2,6,VAUXHALL VIVARO,6,E01032934,0,-1
2023311391438,2023,311391438,1,19,0,10,10,3,3,0,0,1,0,0,0,0,1,1,6,6,1,37,7,1598,2,8,VAUXHALL VIVARO,4,E01028291,0,-1
2023440442595,2023,440442595,1,19,0,9,9,7,5,0,0,8,0,0,0,0,1,1,6,6,1,29,6,1499,2,2,VAUXHALL VIVARO,2,E01022913,0,-1
2023010438289,2023,010438289,1,5,0,13,13,5,1,0,0,2,0,0,0,0,1,1,6,6,1,28,6,779,1,8,-1,4,E01003133,0,-1
2023131374394,2023,131374394,2,5,0,5,5,6,1,0,0,1,0,0,0,0,2,1,5,6,1,32,6,779,1,10,-1,3,E01007363,0,-1
2023440388489,2023,440388489,2,5,0,17,19,3,1,0,0,8,0,0,0,0,3,1,6,6,1,37,7,779,1,10,-1,10,E01022974,0,-1
2023061307260,2023,061307260,3,5,0,18,19,5,1,0,0,1,0,0,0,0,0,1,5,6,1,42,7,800,1,7,-1,5,E01005388,0,-1
2023010427772,2023,010427772,2,5,0,18,19,3,7,0,0,8,0,0,0,0,1,1,6,6,1,28,6,779,1,13,-1,2,E01004615,0,-1
2023010424828,2023,010424828,2,4,0,18,19,7,3,0,0,1,0,0,0,0,1,1,6,6,1,41,7,779,1,10,-1,3,E01001141,0,-1
2023451375619,2023,451375619,1,5,0,18,19,5,1,0,0,3,2,0,0,0,1,1,5,6,1,49,8,779,1,13,-1,8,E01030853,0,-1
2023010445554,2023,010445554,1,4,0,18,19,3,7,0,0,0,0,0,0,0,1,1,6,6,1,19,4,124,1,15,-1,1,E01002074,0,-1
2023010427859,2023,010427859,1,3,0,18,19,3,7,0,0,1,0,0,0,0,1,1,6,6,1,18,4,124,1,15,-1,1,E01002074,0,-1
2023010436292,2023,010436292,2,9,0,99,99,9,9,99,99,9,9,99,9,99,1,9,6,6,3,-1,-1,2967,2,5,AUDI A8,-1,-1,0,-1