collision_index,collision_year,collision_ref_no,vehicle_reference,vehicle_type,towing_and_articulation,vehicle_manoeuvre_historic,vehicle_manoeuvre,vehicle_direction_from,vehicle_direction_to,vehicle_location_restricted_lane_historic,vehicle_location_restricted_lane,junction_location,skidding_and_overturning,hit_object_in_carriageway,vehicle_leaving_carriageway,hit_object_off_carriageway,first_point_of_impact,vehicle_left_hand_drive,journey_purpose_of_driver_historic,journey_purpose_of_driver,sex_of_driver,age_of_driver,age_band_of_driver,engine_capacity_cc,propulsion_code,age_of_vehicle,generic_make_model,driver_imd_decile,lsoa_of_driver,escooter_flag,driver_distance_banding
2023070005051,2023,070005051,3,9,0,18,19,8,4,0,0,0,1,0,0,0,2,1,6,6,1,29,6,2967,2,14,AUDI A8,1,E01014305,0,-1
2023501332448,2023,501332448,1,9,0,18,19,6,2,0,0,1,0,0,0,0,1,1,5,6,1,38,7,2967,2,9,AUDI A8,4,E01026982,0,-1
2023461358321,2023,461358321,1,9,0,18,19,1,5,0,0,0,0,0,0,0,1,1,6,6,1,31,6,4134,2,13,AUDI A8,1,E01016031,0,-1
2023010466264,2023,010466264,2,9,0,99,99,9,9,99,99,9,9,99,9,99,2,9,6,6,3,-1,-1,4134,2,12,AUDI A8,1,E01001080,0,-1
2023221364921,2023,221364921,1,9,0,18,19,1,5,0,0,0,1,0,1,0,4,1,6,6,1,39,7,2967,2,15,AUDI A8,4,E01031087,0,-1
2023440282916,2023,440282916,1,9,0,18,19,2,6,0,0,0,0,0,5,6,2,1,6,6,1,73,10,4172,1,19,AUDI A8,8,E01023165,0,-1
2023201298405,2023,201298405,3,9,0,2,2,0,0,0,0,0,0,4,0,0,1,1,6,6,1,44,7,2967,2,9,AUDI A8,1,E01009194,0,-1
2023061332333,2023,061332333,1,9,0,18,19,6,2,0,0,0,0,0,0,0,3,1,5,6,1,36,7,2967,2,4,AUDI A8,-1,-1,0,-1
2023131362322,2023,131362322,2,9,0,2,2,0,0,9,9,0,0,0,0,0,1,1,6,6,3,-1,-1,2967,2,12,AUDI A8,-1,-1,0,-1
2023010432305,2023,010432305,5,8,0,2,2,0,0,0,0,2,0,0,0,0,2,1,6,6,3,-1,-1,2967,2,5,-1,-1,-1,0,-1
2023320155029,2023,320155029,1,9,0,18,19,8,4,0,0,0,0,0,7,0,1,1,6,6,1,34,6,2967,2,15,AUDI A8,3,E01026056,0,-1
2023010449960,2023,010449960,1,9,0,99,99,9,9,99,99,9,9,99,9,99,9,9,6,6,1,63,9,2967,2,5,AUDI A8,1,E01004285,0,-1
2023231379737,2023,231379737,1,9,0,18,19,2,6,0,0,3,1,7,4,0,1,1,6,6,1,36,7,2967,2,9,AUDI A8,3,E01031172,0,-1
2023061310387,2023,061310387,1,9,0,1,1,1,5,0,0,1,0,0,0,0,2,1,6,6,3,-1,-1,4172,1,27,AUDI A8,-1,-1,0,-1
2023010474509,2023,010474509,1,9,0,4,4,3,7,0,0,8,0,0,0,0,2,1,1,1,1,63,9,2967,2,3,AUDI A8,8,E01002334,0,-1
202360A112368,2023,60A112368,2,9,0,16,19,3,7,0,0,0,0,0,0,0,1,1,6,6,1,41,7,2967,2,11,AUDI A8,-1,-1,0,-1
2023010425056,2023,010425056,1,9,0,13,13,3,7,0,0,3,0,0,0,0,1,1,6,6,1,42,7,2967,2,6,AUDI A8,5,E01003697,0,-1
2023010452007,2023,010452007,3,9,0,99,99,9,9,99,99,0,9,99,9,99,2,9,6,6,1,-1,-1,2967,2,5,AUDI A8,-1,-1,0,-1
2023610036523,2023,610036523,1,9,0,12,12,3,8,0,0,0,0,0,0,0,2,1,6,6,1,52,8,4172,1,22,AUDI A8,8,W01001027,0,-1
2023461282373,2023,461282373,1,9,0,18,19,5,1,0,0,0,0,0,0,0,1,1,6,6,1,57,9,2967,2,5,AUDI A8,7,E01024378,0,-1
2023010451693,2023,010451693,4,9,0,4,4,7,3,0,0,0,0,0,0,0,2,1,6,6,1,48,8,2995,8,0,AUDI A8,5,E01000285,0,-1
2023010475233,2023,010475233,2,9,0,99,99,9,9,99,99,9,9,99,9,99,1,9,6,6,3,-1,-1,4163,1,15,AUDI A8,-1,-1,0,-1
2023141381894,2023,141381894,1,9,0,16,19,6,1,0,0,0,1,0,8,11,1,1,1,1,1,45,7,2967,2,18,AUDI A8,1,E01008123,0,-1
2023010474129,2023,010474129,1,9,0,99,99,9,9,99,99,9,9,99,9,99,2,9,6,6,1,46,8,2967,2,4,AUDI A8,4,E01002017,0,-1
2023010432120,2023,010432120,2,9,0,99,99,9,9,99,99,9,9,99,9,99,0,9,6,6,2,54,8,4134,2,6,AUDI A8,6,E01002124,0,-1
2023991298595,2023,991298595,4,9,0,18,19,5,1,0,0,0,0,0,0,0,2,1,6,6,1,40,7,2967,2,14,AUDI A8,2,-1,0,-1
2023461383596,2023,461383596,4,9,0,3,3,8,5,0,0,0,0,0,0,0,2,1,5,6,1,31,6,4134,2,13,AUDI A8,3,E01024352,0,-1
2023320778676,2023,320778676,2,9,0,18,19,6,2,0,0,8,0,0,0,0,1,1,6,6,1,63,9,2967,2,10,AUDI A8,-1,-1,0,-1
2023320439862,2023,320439862,2,9,0,2,2,0,0,0,0,0,0,0,0,0,2,1,6,6,3,-1,-1,2967,2,14,AUDI A8,-1,-1,0,-1
2023010450995,2023,010450995,2,9,0,99,99,9,9,99,99,9,9,99,9,99,1,9,6,6,3,-1,-1,2967,2,15,AUDI A8,-1,-1,0,-1
2023351358930,2023,351358930,1,9,0,18,19,7,2,0,0,1,0,0,7,10,1,1,5,6,1,71,10,2967,2,11,AUDI A8,9,E01021376,0,-1
2023010469827,2023,010469827,2,9,0,18,19,1,5,0,0,0,0,0,0,0,4,1,6,6,1,32,6,2967,2,4,AUDI A8,4,E01000634,0,-1
2023520400194,2023,520400194,2,9,0,4,4,8,3,0,0,0,0,0,0,0,2,1,6,6,1,71,10,2967,2,1,AUDI A8,5,E01029230,0,-1
2023122300920,2023,122300920,2,9,0,17,19,6,2,0,0,0,0,0,0,0,1,1,6,6,1,53,8,2967,2,2,AUDI A8,5,E01027798,0,-1
2023430486513,2023,430486513,1,9,0,18,19,8,4,0,0,1,0,0,0,0,1,1,6,6,1,-1,-1,2967,2,16,AUDI A8,-1,-1,0,-1
2023111322854,2023,111322854,3,9,0,18,19,1,4,0,0,0,0,0,0,0,1,1,6,6,3,30,6,2967,2,15,AUDI A8,-1,-1,0,-1
2023010459800,2023,010459800,3,9,0,18,19,3,7,0,0,1,0,0,0,0,2,1,6,6,2,40,7,2967,2,6,AUDI A8,3,E01004125,0,-1
2023461353871,2023,461353871,1,9,0,5,5,1,2,0,0,6,0,0,0,0,3,1,6,6,1,41,7,2967,2,7,AUDI A8,8,E01024184,0,-1
2023010475708,2023,010475708,1,9,0,99,99,9,9,99,99,9,9,99,9,99,2,9,6,6,2,43,7,2967,2,8,AUDI A8,1,E01001549,0,-1
2023161316510,2023,161316510,2,9,0,5,5,7,3,0,0,6,0,0,0,0,1,1,6,6,2,58,9,2995,1,5,AUDI A8,7,E01013011,0,-1
2023052301242,2023,052301242,1,9,0,4,4,5,1,0,0,1,0,0,0,0,1,1,6,6,1,39,7,2967,2,11,AUDI A8,-1,-1,0,-1
2023340WN0762,2023,340WN0762,1,9,0,18,19,1,5,0,0,1,0,0,0,0,1,1,6,6,1,27,6,2967,2,15,AUDI A8,1,E01027198,0,-1
2023010460910,2023,010460910,1,9,0,18,19,3,7,0,0,0,0,0,0,0,1,1,6,6,1,31,6,1984,1,3,AUDI S3,4,E01004215,0,-1
2023010450618,2023,010450618,1,9,0,15,15,1,5,0,0,1,0,0,0,0,1,1,6,6,1,25,5,1984,1,7,AUDI S3,1,E01002066,0,-1
2023061364463,2023,061364463,1,9,0,9,9,3,1,0,0,1,0,0,3,10,1,1,6,6,1,21,5,1984,1,6,AUDI S3,2,E01005199,0,-1
2023131309629,2023,131309629,2,9,0,2,2,0,0,0,0,0,0,0,0,0,4,1,6,6,3,-1,-1,1984,1,7,AUDI S3,-1,-1,0,-1
2023201320780,2023,201320780,1,9,0,13,13,8,4,0,0,0,2,0,0,0,1,1,6,6,1,41,7,1984,1,1,AUDI S3,1,E01008978,0,-1
2023302300683,2023,302300683,1,9,0,16,19,8,2,0,0,2,0,0,7,11,1,1,6,6,1,24,5,1984,1,14,AUDI S3,3,E01019541,0,-1
2023371290267,2023,371290267,3,9,0,18,19,6,3,0,0,0,0,0,0,0,4,1,6,6,1,28,6,1984,1,7,AUDI S3,4,E01030278,0,-1
2023010452249,2023,010452249,1,9,0,99,99,9,9,99,99,0,9,99,9,99,2,9,6,6,1,26,6,1984,1,5,AUDI S3,2,E01002664,0,-1
2023131348416,2023,131348416,2,9,0,-1,-1,-1,-1,-1,-1,8,-1,-1,-1,0,-1,1,6,6,3,-1,-1,1984,1,8,AUDI S3,-1,-1,0,-1
2023522301548,2023,522301548,1,9,0,3,3,1,4,0,0,1,0,0,0,0,2,1,6,6,1,66,10,1984,1,4,AUDI S3,3,E01014644,0,-1
2023131263927,2023,131263927,1,9,0,17,19,7,3,0,0,8,1,0,1,4,1,1,5,6,2,26,6,1984,1,4,AUDI S3,-1,-1,0,-1
2023991315688,2023,991315688,1,9,0,18,19,1,5,0,0,2,0,0,0,0,4,2,6,6,1,21,5,1984,1,7,AUDI S3,-1,-1,0,-1
2023061276437,2023,061276437,1,9,0,18,19,3,7,0,0,0,0,0,0,0,1,2,5,6,1,25,5,1984,1,4,AUDI S3,3,E01005215,0,-1
2023010472028,2023,010472028,1,9,0,18,19,5,1,0,0,0,0,0,0,0,1,1,6,6,1,26,6,1984,1,8,AUDI S3,2,E01001757,0,-1
2023122300761,2023,122300761,1,9,0,18,19,7,3,0,0,8,0,0,0,0,1,1,6,6,3,25,5,1984,1,4,AUDI S3,10,E01027704,0,-1
2023451306245,2023,451306245,1,9,0,18,19,3,7,0,0,0,0,0,0,0,3,1,5,6,1,23,5,1984,1,7,AUDI S3,9,E01030366,0,-1
2023010430841,2023,010430841,1,9,0,1,1,1,5,0,0,5,0,0,0,0,2,1,6,6,1,25,5,1984,1,14,AUDI S3,1,E01004248,0,-1
2023201312715,2023,201312715,1,9,0,15,15,2,6,0,0,0,0,0,0,0,1,1,6,6,1,29,6,1984,1,7,AUDI S3,2,E01009395,0,-1
2023041262224,2023,041262224,1,9,0,18,19,7,3,0,0,0,2,0,1,2,1,1,5,6,1,23,5,1984,1,2,AUDI S3,4,E01025187,0,-1
2023430157749,2023,430157749,1,9,0,18,19,2,6,0,0,0,0,0,0,0,3,1,6,6,1,21,5,1984,1,7,AUDI S3,7,E01017910,0,-1
2023010460457,2023,010460457,2,9,0,13,13,7,3,0,0,1,0,0,0,0,3,1,6,6,1,24,5,1984,1,8,AUDI S3,2,E01000064,0,-1
2023141371861,2023,141371861,1,9,0,9,9,7,5,0,0,5,0,0,0,0,1,1,6,6,3,-1,-1,1984,1,1,AUDI S3,-1,-1,0,-1
2023401283935,2023,401283935,1,9,-1,-1,-1,-1,-1,-1,-1,-1,-1,-1,-1,0,-1,1,6,6,3,-1,-1,1984,1,2,AUDI S3,-1,-1,0,-1
2023070170041,2023,070170041,1,9,0,15,15,7,6,0,0,0,0,0,0,0,4,2,6,6,3,-1,-1,1984,1,1,AUDI S3,3,E01008108,0,-1
2023141290116,2023,141290116,3,9,0,18,19,7,3,0,0,0,0,0,0,0,1,1,5,6,1,27,6,1984,1,17,AUDI S3,4,E01007788,0,-1
2023010438283,2023,010438283,1,9,0,4,4,1,5,0,0,0,0,0,0,0,1,1,6,6,1,32,6,1984,1,4,AUDI S3,3,E01004006,0,-1
2023332301009,2023,332301009,2,9,0,2,2,0,0,0,0,0,0,0,0,0,1,1,6,6,1,24,5,1984,1,13,AUDI S3,4,E01025933,0,-1
2023131391099,2023,131391099,1,9,0,18,19,7,3,0,0,1,0,0,0,0,1,1,6,6,1,31,6,1984,1,1,AUDI S3,6,E01011607,0,-1
2023451274966,2023,451274966,1,9,0,17,19,6,2,0,0,0,1,0,0,0,1,1,1,1,1,29,6,1984,1,2,AUDI S3,6,E01023140,0,-1
2023010425241,2023,010425241,2,9,0,13,13,4,8,9,9,2,0,0,7,10,1,1,6,6,1,25,5,1984,1,6,AUDI S3,4,E01001995,0,-1
2023052302039,2023,052302039,1,9,0,18,19,1,5,0,0,0,1,0,0,0,1,1,6,6,2,41,7,1984,1,3,AUDI S3,1,E01006739,0,-1
2023061293858,2023,061293858,1,9,0,-1,-1,-1,-1,-1,-1,0,-1,-1,-1,0,-1,1,6,6,3,30,6,1984,1,8,AUDI S3,2,E01005580,0,-1
2023302300733,2023,302300733,2,9,0,18,19,8,3,0,0,0,0,0,0,0,3,1,6,6,1,26,6,1984,1,4,AUDI S3,4,E01015957,0,-1
2023371317857,2023,371317857,1,9,-1,-1,-1,-1,-1,-1,-1,0,-1,-1,-1,0,-1,1,2,2,1,41,7,1984,1,15,AUDI S3,5,E01030219,0,-1
2023440015950,2023,440015950,1,9,0,18,19,1,7,0,0,4,1,0,2,2,4,1,6,6,1,22,5,1781,1,22,AUDI S3,5,E01031401,0,-1
2023340NN2072,2023,340NN2072,2,9,0,4,4,6,2,0,0,0,0,0,0,0,2,1,6,6,1,21,5,1781,1,24,AUDI S3,10,E01016767,0,-1
2023451269187,2023,451269187,1,9,0,17,19,7,5,0,0,1,0,0,0,0,1,1,6,6,2,62,9,1984,1,3,AUDI S3,10,E01031675,0,-1
2023332300557,2023,332300557,1,9,0,18,19,4,8,0,0,0,0,0,0,0,1,1,6,6,3,-1,-1,1984,1,14,AUDI S3,-1,-1,0,-1
2023401380358,2023,401380358,2,9,0,9,9,2,5,0,0,0,0,0,0,0,3,1,6,6,1,39,7,1984,1,12,AUDI S3,7,E01016827,0,-1
2023201309145,2023,201309145,2,9,0,18,19,6,2,0,0,1,0,0,0,0,1,1,6,6,1,26,6,1984,1,6,AUDI S3,8,E01010171,0,-1
2023501270986,2023,501270986,1,9,0,18,19,7,3,0,0,0,0,0,0,0,4,1,6,6,1,31,6,1984,1,7,AUDI S3,6,E01015009,0,-1
2023401345017,2023,401345017,1,9,0,5,5,-1,-1,0,0,6,0,0,0,0,1,1,6,6,3,-1,-1,1984,1,1,AUDI S3,-1,-1,0,-1
2023061383886,2023,061383886,2,9,0,18,19,3,7,0,0,8,0,0,0,0,1,1,2,2,1,32,6,1984,1,6,AUDI S3,1,E01004926,0,-1
2023471364902,2023,471364902,2,9,0,18,19,5,1,0,0,0,1,0,4,0,1,1,5,6,2,35,6,1984,1,5,AUDI S3,9,E01022894,0,-1
2023991285345,2023,991285345,2,9,0,16,19,2,5,0,0,0,0,0,0,0,1,1,6,6,2,60,9,1984,1,0,AUDI S3,8,-1,0,-1
2023451325065,2023,451325065,2,9,0,18,19,1,5,0,0,0,0,0,0,0,1,1,5,6,1,31,6,1984,1,9,AUDI S3,8,E01001924,0,-1
2023201277472,2023,201277472,2,9,0,18,19,4,8,0,0,8,0,0,0,0,1,1,6,6,1,29,6,1984,1,8,AUDI S3,4,E01009085,0,-1
2023421322539,2023,421322539,1,9,0,10,10,5,1,0,0,8,0,0,0,0,2,1,5,6,1,39,7,1984,1,8,AUDI S3,5,E01021664,0,-1
2023991316561,2023,991316561,2,9,0,18,19,3,7,0,0,0,0,0,0,0,1,1,6,6,1,23,5,1984,1,8,AUDI S3,-1,-1,0,-1
2023552300068,2023,552300068,1,9,0,18,19,2,6,0,0,0,2,4,0,0,1,1,6,6,2,34,6,1984,1,8,AUDI S3,6,E01015373,0,-1
2023010483598,2023,010483598,1,9,0,4,4,1,5,0,0,0,0,0,0,0,2,1,2,2,1,42,7,1984,1,8,AUDI S3,10,E01002952,0,-1
2023201413022,2023,201413022,1,9,0,18,19,6,8,0,0,0,0,0,0,0,1,1,6,6,1,36,7,1984,1,16,AUDI S3,2,E01009610,0,-1
2023461380091,2023,461380091,2,9,0,18,19,5,1,0,0,0,0,0,0,0,3,1,5,6,1,56,9,1984,1,9,AUDI S3,5,E01024010,0,-1
2023141322053,2023,141322053,2,9,0,13,13,1,5,0,0,0,0,0,0,0,1,1,6,6,3,-1,-1,1984,1,8,AUDI S3,-1,-1,0,-1
2023010446076,2023,010446076,1,9,0,18,19,1,5,0,0,1,0,0,0,0,1,1,6,6,3,23,5,1984,1,6,AUDI S3,-1,-1,0,-1
2023061263373,2023,061263373,1,9,0,18,19,5,1,0,0,8,0,0,0,0,1,1,6,6,1,42,7,1999,1,14,AUDI S3,6,E01006070,0,-1
202354A497223,2023,54A497223,2,9,0,18,19,8,4,0,0,0,0,0,0,0,1,1,2,2,1,26,6,1984,1,8,AUDI S3,3,E01017191,0,-1
2023501319210,2023,501319210,1,9,0,18,19,4,3,0,0,1,0,0,0,0,1,1,6,6,2,19,4,1984,1,10,AUDI S3,1,E01015149,0,-1
2023991329991,2023,991329991,1,9,0,13,13,1,5,0,0,1,0,0,7,0,1,1,5,6,1,24,5,1984,1,9,AUDI S3,5,-1,0,-1
2023010424461,2023,010424461,2,9,0,99,99,9,9,99,99,0,9,99,9,99,9,9,6,6,3,-1,-1,1984,1,8,AUDI S3,-1,-1,0,-1
2023131376445,2023,131376445,1,9,0,9,9,6,2,0,0,8,0,0,0,0,3,1,6,6,1,32,6,1984,1,16,AUDI S3,6,E01010975,0,-1
2023010461488,2023,010461488,1,9,0,9,9,1,6,0,0,1,0,0,0,0,1,1,6,6,1,21,5,1984,1,6,AUDI S3,3,E01004443,0,-1
2023131309604,2023,131309604,1,9,0,9,9,1,5,0,0,1,0,0,0,0,1,1,6,6,1,20,4,1984,1,9,AUDI S3,1,E01010712,0,-1
2023522301150,2023,522301150,2,9,0,2,2,0,0,0,0,0,0,0,0,0,1,1,6,6,3,-1,-1,1984,1,9,AUDI S3,-1,-1,0,-1
2023041293072,2023,041293072,3,9,0,4,4,8,7,0,0,1,0,0,0,0,0,1,1,1,2,30,6,1984,1,1,AUDI S3,-1,-1,0,-1
2023041329155,2023,041329155,2,9,0,18,19,4,8,0,0,8,0,0,0,0,1,1,5,6,1,21,5,1984,1,9,AUDI S3,2,E01025285,0,-1
2023471289706,2023,471289706,3,9,0,5,5,8,4,0,0,1,0,0,0,0,1,1,3,7,1,31,6,1984,1,4,AUDI S3,6,E01020950,0,-1
2023010442849,2023,010442849,2,9,9,18,19,1,5,0,0,9,9,0,0,0,9,9,6,6,3,-1,-1,1984,1,6,AUDI S3,-1,-1,0,-1
2023141376113,2023,141376113,2,9,0,18,19,8,4,0,0,0,0,0,0,0,1,1,6,6,1,35,6,1984,1,10,AUDI S3,2,E01008029,0,-1
2023430531001,2023,430531001,4,9,0,18,19,8,4,0,0,0,0,0,0,0,2,1,6,6,1,19,4,1984,1,6,AUDI S3,9,E01017840,0,-1
2023430005287,2023,430005287,1,9,0,7,7,8,3,0,0,1,0,0,8,2,1,1,6,6,1,25,5,1984,1,8,AUDI S3,-1,-1,0,-1
2023201323217,2023,201323217,1,9,0,16,19,8,2,0,0,4,0,10,3,10,1,1,6,6,1,-1,-1,1984,1,2,AUDI S3,-1,-1,0,-1
2023201402778,2023,201402778,1,9,0,12,12,4,8,0,0,1,0,0,0,0,1,1,5,6,1,-1,-1,1984,1,9,AUDI S3,-1,-1,0,-1
2023010441538,2023,010441538,2,9,0,18,19,7,3,0,0,1,0,0,0,0,1,1,6,6,1,19,4,1984,1,7,AUDI S3,3,E01004325,0,-1
2023041363067,2023,041363067,1,9,0,18,19,1,1,0,0,1,0,0,0,0,1,1,5,6,1,49,8,1984,1,6,AUDI S3,2,E01025032,0,-1
2023010434217,2023,010434217,2,9,0,99,99,9,9,99,99,9,9,99,9,99,9,9,6,6,2,35,6,1984,1,12,AUDI S3,9,E01004638,0,-1
2023131341109,2023,131341109,1,9,0,18,19,6,2,0,0,8,0,0,0,0,1,1,6,6,1,25,5,1984,1,13,AUDI S3,3,E01010714,0,-1
2023351356032,2023,351356032,2,9,0,18,19,-1,-1,0,0,1,0,0,0,0,4,1,2,2,1,33,6,1984,1,7,AUDI S3,5,E01018138,0,-1
2023991328427,2023,991328427,1,9,0,18,19,3,7,0,0,0,5,0,0,0,3,1,5,6,1,23,5,1984,1,15,AUDI S3,7,-1,0,-1
2023430020315,2023,430020315,2,9,0,17,19,7,4,0,0,0,0,0,0,0,3,1,6,6,1,67,10,1984,1,11,AUDI S3,9,E01017775,0,-1
2023231332979,2023,231332979,2,9,0,18,19,6,2,0,0,0,0,0,0,0,1,1,5,6,1,24,5,1984,1,5,AUDI S3,7,E01009693,0,-1
2023010444572,2023,010444572,2,9,0,18,19,5,1,0,0,1,0,0,0,0,1,1,6,6,1,34,6,1984,1,7,AUDI S3,4,E01003658,0,-1
2023231357631,2023,231357631,2,9,0,4,4,6,3,0,0,8,0,0,0,0,3,1,5,6,1,36,7,1984,1,7,AUDI S3,7,E01031212,0,-1
2023501273115,2023,501273115,2,9,0,2,2,1,1,0,0,0,0,0,0,0,2,1,5,6,1,29,6,1984,1,14,AUDI S3,5,E01015092,0,-1
2023041292829,2023,041292829,2,9,0,16,19,3,7,0,0,1,0,0,0,0,2,1,5,6,1,49,8,1984,1,13,AUDI S3,3,E01011141,0,-1
2023411301528,2023,411301528,2,9,0,18,19,-1,-1,0,0,8,0,0,0,0,4,1,5,6,1,24,5,1984,1,15,AUDI S3,4,E01023828,0,-1
2023170L21393,2023,170L21393,2,9,0,7,7,8,2,0,0,3,0,0,0,0,1,1,6,6,1,-1,-1,1984,1,9,AUDI S3,2,E01020797,0,-1
2023010432550,2023,010432550,2,9,0,99,99,9,9,99,99,9,9,99,9,99,9,9,6,6,2,44,7,1984,1,5,AUDI S3,7,E01016578,0,-1
2023501389387,2023,501389387,1,9,0,1,1,1,5,0,0,0,0,4,0,0,2,1,6,6,3,-1,-1,1984,1,17,AUDI S3,-1,-1,0,-1
2023010434525,2023,010434525,1,9,0,9,9,3,1,0,0,5,0,0,0,0,1,1,6,6,1,24,5,1984,1,8,AUDI S3,2,E01004036,0,-1
2023411280008,2023,411280008,2,9,0,17,19,3,7,0,0,8,0,0,0,0,2,1,2,2,1,49,8,1984,1,4,AUDI S3,10,E01023647,0,-1
2023010448009,2023,010448009,2,9,0,99,99,9,9,99,99,9,9,99,9,99,9,9,6,6,3,-1,-1,1984,1,2,AUDI S3,-1,-1,0,-1
2023131294485,2023,131294485,1,9,0,-1,-1,-1,-1,-1,-1,8,-1,-1,-1,0,-1,1,6,6,3,-1,-1,1984,1,13,AUDI S3,-1,-1,0,-1
2023461397021,2023,461397021,1,9,0,18,19,7,3,0,0,0,1,0,1,9,4,1,6,6,1,49,8,1984,1,9,AUDI S3,5,E01016149,0,-1
2023141334164,2023,141334164,2,9,0,18,19,4,8,0,0,0,0,0,0,0,1,1,5,6,1,32,6,1984,1,3,AUDI S3,3,E01008063,0,-1
2023131314572,2023,131314572,1,9,0,18,19,7,3,0,0,1,0,0,0,0,1,1,5,6,1,23,5,1984,1,12,AUDI S3,2,E01011913,0,-1
2023401345040,2023,401345040,3,9,0,18,19,1,5,0,0,0,0,0,0,0,1,1,6,6,1,32,6,1984,1,7,AUDI S3,10,E01017401,0,-1
2023332300211,2023,332300211,2,9,0,18,19,5,1,0,0,0,0,0,0,0,2,1,6,6,1,27,6,1984,1,12,AUDI S3,1,E01013480,0,-1
2023421356432,2023,421356432,2,9,0,4,4,1,1,0,0,0,0,0,0,0,2,1,6,6,2,20,4,1984,1,9,AUDI S3,7,E01021412,0,-1
2023211382061,2023,211382061,1,9,0,3,3,6,2,0,0,1,0,0,0,0,2,1,1,1,2,48,8,1984,1,2,AUDI S3,7,E01029505,0,-1
2023061311885,2023,061311885,2,9,0,18,19,1,5,0,0,0,0,0,0,0,4,1,2,2,2,26,6,1984,1,9,AUDI S3,5,E01012645,0,-1
2023010452245,2023,010452245,2,9,0,10,10,1,6,0,0,2,0,0,0,0,1,1,6,6,1,29,6,1984,1,3,AUDI S3,4,E01003106,0,-1
2023991318219,2023,991318219,1,9,0,18,19,5,8,0,0,0,1,7,0,0,3,1,6,6,1,31,6,1984,1,6,AUDI S3,1,-1,0,-1
2023451349415,2023,451349415,1,9,0,18,19,7,3,0,0,1,0,0,0,0,4,1,2,2,1,33,6,1984,1,3,AUDI S3,9,E01030492,0,-1
2023131290551,2023,131290551,1,9,0,18,19,3,7,0,0,1,0,0,1,2,3,1,6,6,1,23,5,1984,1,5,AUDI S3,1,E01010843,0,-1
2023421367974,2023,421367974,1,9,0,4,4,5,1,0,0,0,0,0,0,0,2,1,5,6,1,39,7,1984,1,9,AUDI S3,-1,-1,0,-1
2023201372807,2023,201372807,1,9,0,13,13,8,4,0,0,1,5,4,0,0,1,1,6,6,1,36,7,1984,1,7,AUDI S3,1,E01009310,0,-1
2023501265141,2023,501265141,1,9,0,17,19,7,3,0,0,0,0,0,0,0,1,1,5,6,1,49,8,1984,1,16,AUDI S3,5,E01020060,0,-1
2023201370182,2023,201370182,1,9,0,18,19,4,8,0,0,0,0,10,2,0,1,1,6,6,1,-1,-1,1984,1,9,AUDI S3,3,E01009221,0,-1
2023440042626,2023,440042626,2,9,0,9,9,6,3,0,0,5,0,0,0,0,1,1,6,6,2,-1,-1,1984,1,6,AUDI S3,-1,-1,0,-1
2023061326402,2023,061326402,1,9,0,17,19,2,7,0,0,0,1,10,1,4,4,1,5,6,1,19,4,1984,1,8,AUDI S3,1,E01010830,0,-1
2023311264643,2023,311264643,1,9,0,13,13,7,3,0,0,8,1,7,1,2,4,1,6,6,1,21,5,1984,1,12,AUDI S3,3,E01011018,0,-1
2023201284787,2023,201284787,2,9,0,16,19,7,3,0,0,0,2,4,0,0,1,1,6,6,1,32,6,1984,1,8,AUDI S3,1,E01009341,0,-1
2023991282932,2023,991282932,2,9,0,18,19,7,3,0,0,0,0,0,0,0,1,1,5,6,1,21,5,1984,1,7,AUDI S3,8,-1,0,-1
2023061273764,2023,061273764,1,9,0,18,19,6,2,0,0,1,0,0,0,0,1,1,6,6,1,20,4,1984,1,9,AUDI S3,8,E01004806,0,-1
2023122301001,2023,122301001,1,9,0,18,19,7,3,0,0,8,0,0,0,0,1,1,6,6,1,25,5,1984,1,4,AUDI S3,8,E01027714,0,-1
2023010462889,2023,010462889,1,9,0,9,9,8,5,0,0,1,0,0,0,0,2,1,6,6,1,48,8,1984,1,4,AUDI S3,10,E01004478,0,-1
2023141381525,2023,141381525,1,9,0,18,19,8,4,0,0,1,0,0,0,0,1,1,5,6,1,34,6,1984,1,5,AUDI S3,6,E01028050,0,-1
2023631324674,2023,631324674,2,9,0,16,19,5,8,0,0,0,0,0,1,10,1,1,1,1,1,28,6,1984,1,7,AUDI S3,6,W01000539,0,-1
2023170H10663,2023,170H10663,2,9,0,18,19,1,5,0,0,0,0,0,0,0,1,1,6,6,1,40,7,1984,1,2,AUDI S3,9,E01011983,0,-1
2023501293673,2023,501293673,1,9,0,18,19,1,5,0,0,0,0,0,0,0,4,1,5,6,1,24,5,1984,1,6,AUDI S3,5,E01018973,0,-1
202354B663723,2023,54B663723,2,9,0,10,10,5,3,0,0,1,0,0,1,0,2,1,6,6,1,58,9,1984,1,7,AUDI S3,7,E01031942,0,-1
2023170S21223,2023,170S21223,2,9,0,18,19,2,6,0,0,8,0,0,0,0,1,1,2,2,1,22,5,1984,1,8,AUDI S3,-1,-1,0,-1
2023061386027,2023,061386027,2,9,0,18,19,5,1,0,0,8,0,0,0,0,1,1,5,6,1,40,7,1984,1,13,AUDI S3,6,E01006198,0,-1
2023451364828,2023,451364828,1,9,0,18,19,5,1,0,0,0,0,0,0,0,4,1,5,6,1,37,7,1984,1,9,AUDI S3,7,E01001026,0,-1
2023302300413,2023,302300413,2,9,0,12,12,2,6,0,0,0,0,0,1,9,1,1,6,6,1,19,4,1984,1,6,AUDI S3,2,E01013918,0,-1