collision_index,collision_year,collision_ref_no,vehicle_reference,vehicle_type,towing_and_articulation,vehicle_manoeuvre_historic,vehicle_manoeuvre,vehicle_direction_from,vehicle_direction_to,vehicle_location_restricted_lane_historic,vehicle_location_restricted_lane,junction_location,skidding_and_overturning,hit_object_in_carriageway,vehicle_leaving_carriageway,hit_object_off_carriageway,first_point_of_impact,vehicle_left_hand_drive,journey_purpose_of_driver_historic,journey_purpose_of_driver,sex_of_driver,age_of_driver,age_band_of_driver,engine_capacity_cc,propulsion_code,age_of_vehicle,generic_make_model,driver_imd_decile,lsoa_of_driver,escooter_flag,driver_distance_banding
2023010472237,2023,010472237,1,3,0,99,99,9,9,99,99,9,9,99,9,99,9,1,6,6,3,28,6,125,1,1,HONDA WW125,6,E01000238,0,-1
2023010474125,2023,010474125,1,3,0,99,99,9,9,99,99,0,9,99,9,99,9,1,2,2,1,40,7,125,1,8,HONDA WW125,7,E01003396,0,-1
2023010442908,2023,010442908,1,3,0,99,99,9,9,99,99,0,9,99,9,99,2,1,6,6,1,20,4,125,1,5,HONDA WW125,6,E01002358,0,-1
2023010434320,2023,010434320,2,3,9,18,19,3,7,99,99,1,9,0,0,0,1,1,6,6,1,30,6,125,1,3,HONDA WW125,6,E01000576,0,-1
2023010452900,2023,010452900,1,3,0,99,99,9,9,99,99,9,9,99,9,99,1,1,1,1,1,32,6,125,1,2,HONDA WW125,2,E01003943,0,-1
2023052302649,2023,052302649,2,3,0,18,19,7,3,0,0,0,0,0,0,0,1,1,1,1,1,43,7,125,1,1,HONDA WW125,1,E01006754,0,-1
2023010455097,2023,010455097,1,3,0,99,99,9,9,99,99,9,9,99,9,99,9,1,1,1,1,35,6,125,1,0,HONDA WW125,4,E01001174,0,-1
2023010465322,2023,010465322,1,3,0,99,99,9,9,99,99,9,9,99,9,99,9,1,1,1,3,28,6,125,1,5,HONDA WW125,1,E01003291,0,-1
2023010482319,2023,010482319,1,3,0,99,99,9,9,99,99,9,9,99,9,99,1,1,1,1,1,34,6,125,1,1,HONDA WW125,2,E01000064,0,-1
2023010453543,2023,010453543,1,3,0,18,19,1,5,0,0,8,0,0,0,0,1,1,6,6,1,-1,-1,125,1,1,HONDA WW125,4,E01015326,0,-1
2023010479831,2023,010479831,2,3,0,18,19,8,4,0,0,8,0,0,0,0,1,1,6,6,1,50,8,125,1,5,HONDA WW125,9,E01000382,0,-1
2023332300588,2023,332300588,2,3,0,4,4,5,1,0,0,2,0,0,0,0,1,1,1,1,1,24,5,125,1,5,HONDA WW125,2,E01013682,0,-1
2023010421231,2023,010421231,1,3,0,99,99,9,9,99,99,9,9,99,9,99,1,1,6,6,1,31,6,125,1,2,HONDA WW125,7,E01003003,0,-1
2023010446243,2023,010446243,1,3,0,18,19,3,7,0,0,8,0,0,0,0,2,1,1,1,1,26,6,125,1,1,HONDA WW125,7,E01002165,0,-1
2023010429461,2023,010429461,1,3,0,99,99,9,9,99,99,9,9,99,9,99,1,1,6,6,1,29,6,125,1,7,HONDA WW125,5,E01003664,0,-1
2023451377324,2023,451377324,2,3,0,17,19,4,1,0,0,1,5,0,0,0,3,1,1,1,1,33,6,125,1,4,HONDA WW125,10,E01030382,0,-1
2023010419713,2023,010419713,1,3,0,99,99,9,9,99,99,9,9,99,9,99,9,1,6,6,1,39,7,125,1,12,HONDA WW125,3,E01003562,0,-1
2023010443026,2023,010443026,1,3,0,99,99,9,9,99,99,9,9,99,9,99,9,1,6,6,1,53,8,125,1,4,HONDA WW125,1,E01002041,0,-1
2023010465840,2023,010465840,1,3,0,18,19,8,4,0,0,1,0,0,0,0,2,1,6,6,1,17,4,125,1,1,HONDA WW125,4,E01001939,0,-1
2023010436470,2023,010436470,1,3,0,5,5,7,3,0,0,6,0,0,0,0,3,1,6,6,1,32,6,125,1,2,HONDA WW125,5,E01003140,0,-1
2023010476675,2023,010476675,1,3,0,99,99,9,9,99,99,9,9,99,9,99,1,1,2,2,1,32,6,125,1,7,HONDA WW125,3,E01004037,0,-1
2023010463301,2023,010463301,1,3,0,99,99,9,9,0,0,9,0,99,9,99,9,1,6,6,1,41,7,125,1,3,HONDA WW125,2,E01001152,0,-1
2023010438770,2023,010438770,1,3,0,99,99,9,9,99,99,9,9,99,9,99,1,1,1,1,1,32,6,125,1,3,HONDA WW125,7,E01000300,0,-1
2023010444819,2023,010444819,1,3,0,99,99,9,9,99,99,9,9,99,9,99,1,1,2,2,1,25,5,125,1,8,HONDA WW125,4,E01004612,0,-1
2023010481530,2023,010481530,2,3,0,18,19,3,7,0,0,1,0,0,0,0,0,1,6,6,1,21,5,125,1,0,HONDA WW125,7,E01003170,0,-1
2023010478269,2023,010478269,1,3,0,99,99,9,9,99,99,9,9,99,9,99,1,1,6,6,1,39,7,125,1,8,HONDA WW125,-1,-1,0,-1
2023411345447,2023,411345447,1,3,0,5,5,4,8,9,9,1,0,0,1,11,1,1,6,6,2,16,4,125,1,3,HONDA WW125,5,E01023936,0,-1
2023201269825,2023,201269825,2,3,-1,18,19,-1,-1,0,0,8,0,0,0,0,1,1,2,2,1,47,8,125,1,4,HONDA WW125,7,E01031024,0,-1
2023010423020,2023,010423020,1,3,0,99,99,9,9,99,99,9,9,99,9,99,1,1,6,6,1,35,6,125,1,3,HONDA WW125,3,E01002048,0,-1
2023010473525,2023,010473525,1,3,0,99,99,9,9,99,99,9,9,99,9,99,1,1,2,2,1,24,5,125,1,2,HONDA WW125,4,E01002754,0,-1
2023010440905,2023,010440905,1,3,0,99,99,9,9,99,99,9,9,99,9,99,9,1,6,6,3,27,6,125,1,1,HONDA WW125,3,E01003819,0,-1
2023451376138,2023,451376138,1,3,0,8,8,1,5,5,5,0,0,0,0,0,2,1,1,1,1,37,7,125,1,0,HONDA WW125,3,E01002559,0,-1
2023010439764,2023,010439764,1,3,0,99,99,9,9,99,99,0,9,99,9,99,2,1,6,6,1,31,6,125,1,3,HONDA WW125,3,E01003164,0,-1
2023010435297,2023,010435297,2,3,0,9,9,7,5,0,0,8,0,0,0,0,1,1,6,6,1,19,4,125,1,5,HONDA WW125,3,E01030744,0,-1
2023010437810,2023,010437810,1,3,0,99,99,9,9,99,99,9,9,99,9,99,9,1,6,6,1,23,5,125,1,1,HONDA WW125,3,E01003164,0,-1
2023522300642,2023,522300642,2,3,0,18,19,2,6,0,0,8,0,0,0,0,1,1,6,6,2,22,5,125,1,2,HONDA WW125,3,E01014695,0,-1
2023430516886,2023,430516886,2,3,0,18,19,8,4,0,0,8,0,0,0,0,1,1,1,1,1,31,6,125,1,1,HONDA WW125,5,E01016390,0,-1
2023010461804,2023,010461804,1,4,0,18,19,5,1,0,0,8,0,0,0,0,1,1,1,1,1,24,5,125,1,4,HONDA WW125,2,E01003243,0,-1
2023010462935,2023,010462935,1,3,0,99,99,9,9,99,99,9,9,99,9,99,9,1,6,6,1,36,7,125,1,0,HONDA WW125,1,E01000595,0,-1
2023010472268,2023,010472268,1,3,0,99,99,9,9,99,99,9,9,99,9,99,1,1,6,6,1,22,5,125,1,8,HONDA WW125,2,E01004321,0,-1
2023010460708,2023,010460708,1,3,0,99,99,9,9,99,99,9,9,99,9,99,2,1,6,6,2,31,6,125,1,7,HONDA WW125,5,E01001681,0,-1
2023010453552,2023,010453552,1,3,0,99,99,9,9,99,99,9,9,99,9,99,9,1,6,6,1,53,8,125,1,3,HONDA WW125,3,E01000640,0,-1
2023010440949,2023,010440949,1,4,0,5,5,1,5,0,0,1,0,0,0,0,4,1,6,6,1,20,4,125,1,4,HONDA WW125,3,E01001243,0,-1
2023010437836,2023,010437836,1,3,0,99,99,9,9,99,99,9,9,99,9,99,1,1,6,6,1,31,6,125,1,1,HONDA WW125,4,E01004049,0,-1
2023010448545,2023,010448545,2,2,0,18,19,7,3,0,0,8,0,0,0,0,1,1,6,6,1,23,5,125,1,0,HONDA WW125,6,E01002601,0,-1
2023010465140,2023,010465140,2,3,0,3,3,8,4,0,0,8,0,0,0,0,1,1,2,2,1,45,7,125,1,2,HONDA WW125,-1,-1,0,-1
2023010463640,2023,010463640,1,3,0,99,99,9,9,99,99,9,9,99,9,99,2,1,6,6,1,38,7,125,1,4,HONDA WW125,1,E01001178,0,-1
2023411270838,2023,411270838,2,3,0,18,19,7,3,0,0,8,0,0,0,0,1,1,5,6,1,40,7,125,1,2,HONDA WW125,5,E01023687,0,-1
2023010450423,2023,010450423,1,3,0,99,99,9,9,99,99,9,9,99,9,99,1,1,1,1,1,32,6,125,1,0,HONDA WW125,3,E01000638,0,-1
2023552300976,2023,552300976,2,3,0,3,3,6,2,0,0,1,0,0,0,0,2,1,6,6,1,26,6,125,1,5,HONDA WW125,2,E01015367,0,-1
2023010432120,2023,010432120,1,3,0,99,99,9,9,99,99,9,9,99,9,99,9,1,1,1,1,29,6,125,1,1,HONDA WW125,8,E01002178,0,-1
2023440482795,2023,440482795,2,3,0,14,14,1,5,0,0,1,0,0,0,0,1,1,1,1,1,24,5,125,1,3,HONDA WW125,6,E01017026,0,-1
2023461273597,2023,461273597,2,3,-1,-1,-1,-1,-1,-1,-1,0,-1,-1,-1,0,1,1,6,6,1,25,5,125,1,4,HONDA WW125,6,E01024180,0,-1
2023010439031,2023,010439031,1,3,0,18,19,3,7,0,0,1,0,0,0,0,1,1,6,6,2,21,5,125,1,2,HONDA WW125,4,E01023333,0,-1
2023451317811,2023,451317811,1,3,0,4,4,2,6,0,0,4,0,0,0,0,2,1,5,6,1,26,6,125,1,1,HONDA WW125,5,E01030982,0,-1
2023541958323,2023,541958323,2,3,0,17,19,7,5,0,0,1,0,0,0,0,4,1,6,6,1,59,9,125,1,1,HONDA WW125,7,E01015474,0,-1
2023010445466,2023,010445466,1,3,0,18,19,1,5,0,0,1,1,0,0,0,1,1,6,6,1,47,8,125,1,7,HONDA WW125,7,E01000791,0,-1
2023010473152,2023,010473152,1,3,0,18,19,8,4,0,0,8,0,0,0,0,4,1,6,6,1,23,5,125,1,3,HONDA WW125,9,E01004504,0,-1
2023010423048,2023,010423048,1,3,0,99,99,9,9,99,99,9,9,99,9,99,9,1,2,2,1,30,6,125,1,4,HONDA WW125,8,E01000679,0,-1
2023010439437,2023,010439437,1,3,0,99,99,9,9,99,99,9,9,99,9,99,1,1,1,1,1,35,6,125,1,2,HONDA WW125,3,E01015273,0,-1
2023461391354,2023,461391354,2,3,0,18,19,1,5,0,0,8,0,0,0,0,1,1,6,6,1,19,4,125,1,10,HONDA WW125,6,E01032798,0,-1
2023010482546,2023,010482546,1,3,0,99,99,9,9,99,99,9,9,99,9,99,2,1,1,1,2,31,6,125,1,3,HONDA WW125,4,E01001165,0,-1
2023411328204,2023,411328204,2,3,0,18,19,-1,-1,0,0,0,2,0,0,0,1,1,5,6,1,24,5,125,1,4,HONDA WW125,7,E01023902,0,-1
2023010424462,2023,010424462,2,3,0,99,99,9,9,99,99,9,9,99,9,99,1,1,6,6,3,-1,-1,125,1,3,HONDA WW125,-1,-1,0,-1
2023010445556,2023,010445556,1,4,0,18,19,3,7,0,0,1,0,0,0,0,0,1,6,6,1,41,7,125,1,5,HONDA WW125,6,E01033582,0,-1
2023010482380,2023,010482380,1,3,0,99,99,9,9,99,99,9,9,99,9,99,9,1,1,1,1,29,6,125,1,2,HONDA WW125,1,E01001978,0,-1
2023010477134,2023,010477134,1,3,0,99,99,9,9,99,99,9,9,99,9,99,1,1,1,1,2,31,6,125,1,0,HONDA WW125,3,E01001546,0,-1
2023010452967,2023,010452967,1,3,0,99,99,9,9,99,99,9,9,99,9,99,1,1,6,6,1,23,5,125,1,1,HONDA WW125,3,E01002079,0,-1
2023010470159,2023,010470159,1,3,0,99,99,9,9,99,99,9,9,99,9,99,1,1,6,6,1,33,6,125,1,0,HONDA WW125,3,E01004031,0,-1
2023010460553,2023,010460553,2,3,0,15,15,7,3,0,0,1,0,0,0,0,1,1,6,6,1,19,4,125,1,1,HONDA WW125,5,E01001381,0,-1
2023010458038,2023,010458038,1,3,0,18,19,1,5,0,0,8,0,0,0,0,4,1,1,1,1,28,6,125,1,2,HONDA WW125,3,E01003550,0,-1
2023531354674,2023,531354674,1,3,0,18,19,7,3,0,0,0,1,0,0,0,0,1,2,2,1,28,6,125,1,10,HONDA WW125,-1,-1,0,-1
2023471381599,2023,471381599,1,2,0,18,19,2,6,0,0,1,0,0,0,0,2,1,5,6,1,28,6,125,1,0,HONDA WW125,3,E01031791,0,-1
2023010425559,2023,010425559,1,3,0,18,19,5,1,0,0,0,1,0,0,0,1,1,6,6,1,21,5,125,1,9,HONDA WW125,3,E01001391,0,-1
2023430433336,2023,430433336,1,3,0,18,19,7,3,0,0,0,0,0,0,0,4,1,1,1,1,-1,-1,125,1,4,HONDA WW125,5,E01017837,0,-1
2023010484096,2023,010484096,1,3,0,99,99,9,9,99,99,9,9,99,9,99,9,1,6,6,1,35,6,125,1,3,HONDA WW125,2,E01003082,0,-1
2023010464819,2023,010464819,1,3,0,99,99,9,9,99,99,9,9,99,9,99,1,1,2,2,1,23,5,125,1,3,HONDA WW125,2,E01003338,0,-1
2023010471850,2023,010471850,1,3,0,99,99,9,9,99,99,0,9,99,9,99,2,1,1,1,1,46,8,125,1,0,HONDA WW125,1,E01001178,0,-1
2023010457687,2023,010457687,1,3,0,99,99,9,9,99,99,9,9,99,9,99,1,1,2,2,2,32,6,125,1,8,HONDA WW125,1,E01002039,0,-1
2023010467573,2023,010467573,1,3,0,99,99,9,9,99,99,9,9,99,9,99,9,1,1,1,1,20,4,125,1,4,HONDA WW125,6,E01000487,0,-1
2023430297482,2023,430297482,1,3,0,18,19,6,2,0,0,8,0,0,0,0,1,1,6,6,1,36,7,125,1,5,HONDA WW125,7,E01016402,0,-1
2023010426097,2023,010426097,1,3,0,99,99,9,9,99,99,0,9,99,9,99,1,1,1,1,1,38,7,125,1,1,HONDA WW125,5,E01004601,0,-1
2023010468946,2023,010468946,1,3,9,99,99,9,9,99,99,9,9,99,9,99,1,1,1,1,1,43,7,125,1,1,HONDA WW125,7,E01003270,0,-1
2023010436096,2023,010436096,2,3,0,18,19,1,5,2,2,0,0,0,0,0,1,1,6,6,1,23,5,125,1,7,HONDA WW125,2,E01004024,0,-1
2023010463379,2023,010463379,2,4,0,18,19,7,3,0,0,2,0,0,0,0,4,1,1,1,2,31,6,125,1,1,HONDA WW125,6,E01003219,0,-1
2023010440656,2023,010440656,1,3,0,99,99,9,9,99,99,9,9,99,9,99,9,1,1,1,1,39,7,125,1,2,HONDA WW125,2,E01004010,0,-1
2023010454279,2023,010454279,2,3,0,18,19,3,7,0,0,8,5,0,0,0,1,1,6,6,1,21,5,125,1,1,HONDA WW125,5,E01000639,0,-1
2023522400876,2023,522400876,2,3,0,18,19,2,6,0,0,0,0,0,0,0,2,1,6,6,1,34,6,125,1,0,HONDA WW125,3,E01014684,0,-1
2023010444793,2023,010444793,1,3,0,99,99,9,9,99,99,9,9,99,9,99,1,1,6,6,1,26,6,125,1,8,HONDA WW125,2,E01001486,0,-1
2023461390488,2023,461390488,2,3,0,18,19,3,7,0,0,1,0,0,0,0,1,1,2,2,1,20,4,125,1,3,HONDA WW125,6,E01024276,0,-1
2023010466291,2023,010466291,1,3,0,14,14,3,7,0,0,0,0,0,0,0,1,1,6,6,1,30,6,125,1,1,HONDA WW125,6,E01004218,0,-1
2023010448757,2023,010448757,1,3,0,99,99,9,9,99,99,9,9,99,9,99,1,1,6,6,1,33,6,125,1,8,HONDA WW125,3,E01001449,0,-1
2023010430146,2023,010430146,1,3,0,9,9,5,2,0,0,5,0,0,0,0,1,1,6,6,1,34,6,125,1,3,HONDA WW125,5,E01000174,0,-1
2023451376450,2023,451376450,1,3,0,4,4,1,1,0,0,0,0,0,0,0,1,1,1,1,1,37,7,125,1,2,HONDA WW125,5,E01002635,0,-1
2023010462358,2023,010462358,2,3,0,13,13,1,5,0,0,8,0,0,0,0,1,1,6,6,1,22,5,125,1,1,HONDA WW125,3,E01003730,0,-1
2023010468323,2023,010468323,1,3,0,18,19,1,5,0,0,8,9,0,0,0,2,1,6,6,1,43,7,125,1,1,HONDA WW125,1,E01000524,0,-1
2023010455962,2023,010455962,2,3,0,18,19,2,6,0,0,1,0,0,0,0,1,1,6,6,3,-1,-1,125,1,0,HONDA WW125,-1,-1,0,-1
2023010474924,2023,010474924,1,3,0,99,99,9,9,99,99,9,9,99,9,99,9,1,2,2,1,26,6,125,1,1,HONDA WW125,5,E01000606,0,-1
2023010462993,2023,010462993,1,3,0,99,99,9,9,99,99,9,9,99,9,99,1,1,2,2,1,40,7,125,1,8,HONDA WW125,8,E01000784,0,-1
2023010430569,2023,010430569,2,3,0,18,19,5,1,0,0,1,0,0,0,0,1,1,6,6,1,42,7,125,1,6,HONDA WW125,3,E01000640,0,-1
2023010455191,2023,010455191,1,3,0,99,99,9,9,99,99,0,9,99,9,99,9,1,1,1,1,41,7,125,1,5,HONDA WW125,1,E01033455,0,-1
2023010452825,2023,010452825,2,3,0,18,19,1,5,0,0,0,0,0,0,0,1,1,6,6,1,42,7,125,1,1,HONDA WW125,6,E01002135,0,-1
2023010464326,2023,010464326,2,3,0,99,99,9,9,99,99,9,9,99,9,99,1,1,6,6,3,-1,-1,125,1,1,HONDA WW125,3,E01003574,0,-1
2023010444106,2023,010444106,1,3,0,99,99,9,9,99,99,9,9,99,9,99,9,1,1,1,1,41,7,125,1,0,HONDA WW125,3,E01003998,0,-1
2023010457835,2023,010457835,1,3,0,99,99,9,9,99,99,9,9,99,9,99,1,1,6,6,1,36,7,125,1,3,HONDA WW125,3,E01015292,0,-1
2023411395002,2023,411395002,1,3,0,5,5,5,1,0,0,0,1,0,0,0,3,1,6,6,1,37,7,125,1,3,HONDA WW125,9,E01023674,0,-1
2023010436003,2023,010436003,1,3,0,99,99,9,9,99,99,0,9,99,9,99,1,1,1,1,2,28,6,125,1,6,HONDA WW125,2,E01000556,0,-1
2023010464097,2023,010464097,1,2,0,13,13,5,1,0,0,1,0,0,0,0,1,1,6,6,1,35,6,125,1,3,HONDA WW125,-1,-1,0,-1
2023010448693,2023,010448693,1,3,0,99,99,9,9,99,99,9,9,99,9,99,9,1,2,2,1,29,6,125,1,3,HONDA WW125,1,E01004209,0,-1
2023451391228,2023,451391228,2,3,0,18,19,7,3,0,0,1,0,0,0,0,2,1,1,1,1,25,5,125,1,0,HONDA WW125,3,E01000515,0,-1
2023430508656,2023,430508656,1,3,0,18,19,8,4,0,0,1,0,0,0,0,4,1,1,1,1,26,6,125,1,3,HONDA WW125,5,E01016500,0,-1
2023010465409,2023,010465409,2,3,0,5,5,7,3,0,0,1,0,0,0,0,1,1,1,1,1,33,6,125,1,3,HONDA WW125,2,E01002072,0,-1
2023010453391,2023,010453391,1,3,0,99,99,9,9,99,99,9,9,99,9,99,1,1,1,1,1,26,6,125,1,4,HONDA WW125,4,E01003695,0,-1
2023010478198,2023,010478198,2,3,0,18,19,7,3,0,0,8,0,0,0,0,4,1,1,1,1,49,8,125,1,3,HONDA WW125,2,E01004306,0,-1
2023411398442,2023,411398442,1,3,0,14,14,-1,-1,0,0,0,5,0,0,0,1,1,6,6,3,-1,-1,125,1,12,HONDA WW125,-1,-1,0,-1
2023010436721,2023,010436721,1,3,0,18,19,3,7,0,0,8,9,0,0,0,9,1,6,6,1,28,6,125,1,6,HONDA WW125,2,E01004090,0,-1
2023201363236,2023,201363236,2,3,0,13,13,8,4,0,0,8,0,0,0,0,1,1,6,6,1,18,4,125,1,2,HONDA WW125,6,E01029667,0,-1
2023010434703,2023,010434703,1,3,0,99,99,9,9,99,99,9,9,99,9,99,9,1,6,6,1,27,6,125,1,2,HONDA WW125,2,E01003920,0,-1
2023010443316,2023,010443316,1,3,0,99,99,9,9,99,99,9,9,99,9,99,1,1,2,2,1,21,5,125,1,7,HONDA WW125,4,E01001183,0,-1
2023010454989,2023,010454989,1,3,0,99,99,9,9,99,99,9,9,99,9,99,2,1,6,6,3,29,6,125,1,4,HONDA WW125,4,E01000621,0,-1
2023221351934,2023,221351934,1,3,0,18,19,4,8,0,0,8,0,0,0,0,1,1,2,2,1,19,4,125,1,1,HONDA WW125,4,E01032132,0,-1
2023010451131,2023,010451131,2,3,0,99,99,9,9,99,99,9,9,99,9,99,1,1,6,6,3,-1,-1,125,1,2,HONDA WW125,9,E01001905,0,-1
2023010462978,2023,010462978,1,3,0,99,99,9,9,99,99,9,9,99,9,99,1,1,6,6,3,33,6,125,1,0,HONDA WW125,5,E01000593,0,-1
2023010424755,2023,010424755,1,3,0,99,99,9,9,99,99,9,9,99,9,99,1,1,1,1,1,32,6,125,1,7,HONDA WW125,2,E01033148,0,-1
2023010420383,2023,010420383,1,3,0,99,99,9,9,99,99,9,9,99,9,99,1,1,1,1,1,48,8,125,1,6,HONDA WW125,1,E01000782,0,-1
2023010440177,2023,010440177,1,3,0,9,9,3,8,0,0,6,0,0,0,0,3,1,1,1,1,30,6,125,1,5,HONDA WW125,1,E01002907,0,-1
2023010484649,2023,010484649,1,3,0,99,99,9,9,99,99,9,9,99,9,99,9,1,2,2,1,28,6,125,1,4,HONDA WW125,2,E01004211,0,-1
2023010450248,2023,010450248,1,3,0,99,99,9,9,99,99,9,9,99,9,99,1,1,6,6,1,31,6,125,1,1,HONDA WW125,4,E01015326,0,-1
2023010480876,2023,010480876,3,3,0,18,19,3,7,0,0,1,0,0,0,0,3,1,1,1,1,35,6,125,1,1,HONDA WW125,4,E01000504,0,-1
2023010472069,2023,010472069,3,4,0,18,19,3,7,0,0,2,0,0,0,0,0,1,6,6,3,-1,-1,125,1,5,HONDA WW125,2,E01000126,0,-1
2023010427596,2023,010427596,1,3,0,4,4,6,2,0,0,1,0,0,0,0,2,1,1,1,1,30,6,125,1,2,HONDA WW125,7,E01033568,0,-1
2023010484153,2023,010484153,1,3,9,3,3,9,9,99,99,9,9,99,9,99,1,1,6,6,1,24,5,125,1,6,HONDA WW125,4,E01003608,0,-1
2023010441128,2023,010441128,1,3,0,99,99,9,9,99,99,9,9,99,9,99,9,1,6,6,1,18,4,125,1,5,HONDA WW125,1,E01002071,0,-1
2023010430928,2023,010430928,2,2,0,18,19,7,3,0,0,8,0,0,0,0,4,1,2,2,1,44,7,125,1,1,HONDA WW125,1,E01004340,0,-1
2023451340951,2023,451340951,1,3,0,17,19,5,1,0,0,0,0,0,0,0,1,1,6,6,1,22,5,125,1,0,HONDA WW125,4,E01030383,0,-1
2023010469584,2023,010469584,2,3,0,15,15,3,7,0,0,1,0,0,0,0,1,1,6,6,2,36,7,125,1,0,HONDA WW125,3,E01001547,0,-1
2023010439762,2023,010439762,1,3,0,99,99,9,9,99,99,9,9,99,9,99,1,1,1,1,1,39,7,125,1,3,HONDA WW125,8,E01004195,0,-1
2023430248426,2023,430248426,1,3,0,18,19,4,8,0,0,8,0,0,0,0,1,1,6,6,1,37,7,125,1,1,HONDA WW125,7,E01017828,0,-1
2023010441649,2023,010441649,2,3,0,18,19,7,3,0,0,1,0,0,0,0,1,1,1,1,1,38,7,125,1,1,HONDA WW125,4,E01001478,0,-1
2023351306697,2023,351306697,2,4,0,18,19,7,2,9,9,0,0,0,0,0,3,1,1,1,1,19,4,125,1,8,HONDA WW125,10,E01018007,0,-1
2023522400730,2023,522400730,1,3,0,18,19,3,7,2,2,0,0,10,0,0,4,1,6,6,1,21,5,125,1,4,HONDA WW125,4,E01033364,0,-1
2023052300665,2023,052300665,2,3,0,18,19,8,4,0,0,1,0,0,0,0,3,1,1,1,1,27,6,125,1,1,HONDA WW125,1,E01006703,0,-1
2023010471048,2023,010471048,1,3,0,18,19,5,1,0,0,8,1,0,0,0,1,1,6,6,2,22,5,125,1,0,HONDA WW125,3,E01001920,0,-1
2023201411287,2023,201411287,1,2,0,14,14,4,8,0,0,8,0,0,0,0,1,1,1,1,1,-1,-1,125,1,4,HONDA WW125,7,E01029618,0,-1
2023010482112,2023,010482112,1,3,0,99,99,9,9,99,99,0,9,99,9,99,2,1,1,1,1,32,6,125,1,0,HONDA WW125,3,E01003127,0,-1
2023531387397,2023,531387397,2,3,0,3,3,3,7,0,0,8,0,0,0,0,1,1,1,1,2,36,7,125,1,3,HONDA WW125,8,E01022313,0,-1
2023010450756,2023,010450756,1,4,0,18,19,6,2,0,0,1,1,0,0,0,4,1,6,6,1,33,6,125,1,10,HONDA WW125,6,E01003398,0,-1
2023010431684,2023,010431684,1,3,0,18,19,3,7,0,0,8,1,0,0,0,1,1,2,2,1,27,6,125,1,1,HONDA WW125,2,E01001113,0,-1
2023010472816,2023,010472816,2,3,0,8,8,3,5,0,0,1,0,0,0,0,2,1,1,1,1,32,6,125,1,2,HONDA WW125,2,E01002087,0,-1
2023010474850,2023,010474850,1,3,0,99,99,9,9,99,99,9,9,99,9,99,1,1,6,6,1,20,4,125,1,3,HONDA WW125,2,E01001911,0,-1
2023010449212,2023,010449212,2,3,0,13,13,5,1,0,0,1,0,0,0,0,4,1,2,2,1,23,5,125,1,7,HONDA WW125,7,E01000572,0,-1
2023010426981,2023,010426981,1,3,0,99,99,9,9,99,99,9,9,99,9,99,9,1,2,2,1,24,5,125,1,4,HONDA WW125,3,E01004453,0,-1
2023010427484,2023,010427484,1,2,0,18,19,3,7,0,0,8,0,0,0,0,3,1,6,6,1,25,5,125,1,5,HONDA WW125,9,E01003680,0,-1
2023451371097,2023,451371097,1,3,0,18,19,1,5,0,0,0,0,0,0,0,2,1,6,6,1,28,6,125,1,0,HONDA WW125,-1,-1,0,-1
2023451275777,2023,451275777,2,3,0,15,15,6,2,0,0,1,0,0,0,0,1,1,5,6,1,20,4,125,1,3,HONDA WW125,10,E01030323,0,-1
2023010471999,2023,010471999,2,3,0,18,19,3,7,0,0,1,0,0,0,0,1,1,6,6,1,31,6,125,1,1,HONDA WW125,4,E01003326,0,-1
2023010464731,2023,010464731,1,3,0,99,99,9,9,99,99,9,9,99,9,99,1,1,1,1,1,34,6,125,1,0,HONDA WW125,7,E01000573,0,-1
2023010449790,2023,010449790,1,3,0,18,19,3,7,0,0,0,0,10,0,0,1,1,6,6,1,24,5,125,1,5,HONDA WW125,4,E01000316,0,-1
2023010429020,2023,010429020,1,3,0,3,3,4,8,0,0,1,0,0,0,0,2,1,1,1,1,43,7,125,1,4,HONDA WW125,2,E01000482,0,-1
2023430258139,2023,430258139,1,3,0,9,9,8,6,0,0,8,0,0,0,0,1,1,6,6,1,42,7,125,1,5,HONDA WW125,10,E01016622,0,-1