collision_index,collision_year,collision_ref_no,vehicle_reference,vehicle_type,towing_and_articulation,vehicle_manoeuvre_historic,vehicle_manoeuvre,vehicle_direction_from,vehicle_direction_to,vehicle_location_restricted_lane_historic,vehicle_location_restricted_lane,junction_location,skidding_and_overturning,hit_object_in_carriageway,vehicle_leaving_carriageway,hit_object_off_carriageway,first_point_of_impact,vehicle_left_hand_drive,journey_purpose_of_driver_historic,journey_purpose_of_driver,sex_of_driver,age_of_driver,age_band_of_driver,engine_capacity_cc,propulsion_code,age_of_vehicle,generic_make_model,driver_imd_decile,lsoa_of_driver,escooter_flag,driver_distance_banding
2023010461640,2023,010461640,1,3,0,99,99,9,9,99,99,9,9,99,9,99,1,1,6,6,1,28,6,125,1,2,HONDA WW125,7,E01003270,0,-1
2023010481923,2023,010481923,1,3,0,99,99,9,9,99,99,9,9,99,9,99,2,1,1,1,1,42,7,125,1,6,HONDA WW125,2,E01003179,0,-1
2023010471400,2023,010471400,1,3,0,99,99,9,9,99,99,0,9,99,9,99,1,1,1,1,1,32,6,125,1,1,HONDA WW125,3,E01003146,0,-1
2023522301464,2023,522301464,2,4,0,18,19,6,8,0,0,1,0,0,0,0,1,1,6,6,2,28,6,125,1,2,HONDA WW125,-1,-1,0,-1
2023010457554,2023,010457554,1,3,0,99,99,9,9,99,99,9,9,99,9,99,1,1,6,6,3,29,6,125,1,3,HONDA WW125,4,E01001085,0,-1
2023010434499,2023,010434499,1,3,0,99,99,9,9,99,99,9,9,99,9,99,9,1,6,6,3,-1,-1,125,1,1,HONDA WW125,-1,-1,0,-1
2023010486664,2023,010486664,1,3,0,99,99,9,9,99,99,9,9,99,9,99,1,1,6,6,1,29,6,125,1,1,HONDA WW125,5,E01000512,0,-1
2023052301181,2023,052301181,2,3,0,18,19,5,1,0,0,8,0,0,0,0,1,1,6,6,1,30,6,125,1,11,HONDA WW125,1,E01006648,0,-1
2023010443175,2023,010443175,1,3,0,17,19,3,7,0,0,8,5,0,0,0,1,1,2,2,1,24,5,125,1,4,HONDA WW125,2,E01002086,0,-1
2023010439861,2023,010439861,2,4,0,18,19,7,3,0,0,8,0,0,0,0,1,1,6,6,1,20,4,125,1,3,HONDA WW125,3,E01002612,0,-1
2023010426029,2023,010426029,1,3,0,18,19,7,3,0,0,2,0,0,0,0,1,1,1,1,1,33,6,125,1,1,HONDA WW125,8,E01000878,0,-1
2023411316773,2023,411316773,2,3,0,18,19,-1,-1,0,0,1,0,0,0,0,1,1,1,1,1,29,6,125,1,13,HONDA WW125,6,E01004360,0,-1
2023010423195,2023,010423195,1,3,0,99,99,9,9,99,99,9,9,99,9,99,9,1,2,2,1,40,7,125,1,5,HONDA WW125,1,E01033455,0,-1
2023010448826,2023,010448826,1,3,0,99,99,9,9,99,99,9,9,99,9,99,1,1,2,2,1,40,7,125,1,4,HONDA WW125,5,E01030981,0,-1
2023010442567,2023,010442567,1,3,0,99,99,9,9,99,99,0,9,99,9,99,9,1,6,6,3,-1,-1,125,1,4,HONDA WW125,-1,-1,0,-1
2023991341600,2023,991341600,2,3,0,18,19,6,2,0,0,0,1,0,0,0,1,1,6,6,1,72,10,125,1,4,HONDA WW125,9,-1,0,-1
2023010471531,2023,010471531,2,3,0,4,4,1,5,0,0,0,0,0,0,0,1,1,6,6,2,42,7,125,1,1,HONDA WW125,3,E01000511,0,-1
2023010481582,2023,010481582,2,3,0,18,19,1,5,0,0,0,0,0,0,0,1,1,1,1,1,34,6,125,1,0,HONDA WW125,5,E01000571,0,-1
2023471279639,2023,471279639,2,3,0,18,19,7,3,0,0,1,5,0,0,0,4,1,5,6,1,30,6,125,1,4,HONDA WW125,2,E01016945,0,-1
2023010422028,2023,010422028,1,3,0,99,99,9,9,99,99,9,9,99,9,99,1,1,6,6,2,26,6,125,1,3,HONDA WW125,3,E01003296,0,-1
2023010426889,2023,010426889,1,3,0,99,99,9,9,99,99,9,9,99,9,99,1,1,1,1,1,24,5,125,1,2,HONDA WW125,9,E01016616,0,-1
2023010465987,2023,010465987,1,3,0,99,99,9,9,99,99,9,9,99,9,99,1,1,6,6,1,43,7,125,1,1,HONDA WW125,8,E01023576,0,-1
2023010435768,2023,010435768,1,3,0,99,99,9,9,99,99,0,9,99,9,99,1,1,6,6,1,26,6,125,1,1,HONDA WW125,2,E01003057,0,-1
2023010458266,2023,010458266,1,3,0,18,19,5,1,0,0,0,0,0,0,0,1,1,1,1,1,24,5,125,1,1,HONDA WW125,8,E01002238,0,-1
2023010458703,2023,010458703,1,3,0,99,99,9,9,99,99,9,9,99,9,99,1,1,6,6,1,34,6,125,1,3,HONDA WW125,2,E01003082,0,-1
2023052301379,2023,052301379,2,3,0,18,19,1,5,0,0,1,0,0,0,0,1,1,6,6,2,29,6,125,1,3,HONDA WW125,3,E01007216,0,-1
2023010445698,2023,010445698,1,3,0,18,19,3,7,0,0,1,5,0,0,0,1,1,1,1,1,37,7,125,1,1,HONDA WW125,3,E01003592,0,-1
2023340WN2712,2023,340WN2712,1,3,0,7,7,7,1,0,0,2,0,0,0,0,1,1,1,1,1,30,6,125,1,12,HONDA WW125,5,E01027176,0,-1
2023010440457,2023,010440457,1,3,0,18,19,5,1,0,0,1,0,0,0,0,1,1,6,6,1,15,3,125,1,7,HONDA WW125,4,E01003447,0,-1
2023010469659,2023,010469659,1,3,0,99,99,9,9,99,99,9,9,99,9,99,1,1,1,1,2,52,8,125,1,1,HONDA WW125,2,E01000743,0,-1
2023010468742,2023,010468742,1,3,9,99,99,9,9,99,99,9,9,99,9,99,1,1,1,1,1,26,6,125,1,1,HONDA WW125,3,E01000553,0,-1
2023010431022,2023,010431022,1,3,0,99,99,9,9,99,99,9,9,99,9,99,1,1,1,1,1,37,7,125,1,7,HONDA WW125,8,E01023576,0,-1
2023010422784,2023,010422784,1,2,0,18,19,4,8,0,0,1,0,0,0,0,1,1,6,6,3,-1,-1,125,1,7,HONDA WW125,-1,-1,0,-1
2023010430017,2023,010430017,1,3,0,99,99,9,9,99,99,9,9,99,9,99,1,1,1,1,1,27,6,125,1,1,HONDA WW125,4,E01000323,0,-1
2023552301490,2023,552301490,3,2,0,18,19,1,5,0,0,0,0,0,0,0,2,1,6,6,3,28,6,125,1,6,HONDA WW125,1,E01015282,0,-1
2023440518251,2023,440518251,2,3,0,4,4,7,3,0,0,1,0,0,0,0,2,1,2,2,1,41,7,125,1,3,HONDA WW125,2,E01022964,0,-1
2023010445082,2023,010445082,2,3,0,18,19,1,5,0,0,0,0,0,0,0,1,1,6,6,1,22,5,125,1,3,HONDA WW125,5,E01000615,0,-1
2023010434730,2023,010434730,1,3,0,18,19,3,7,0,0,2,1,0,0,0,1,1,6,6,1,20,4,125,1,2,HONDA WW125,3,E01003635,0,-1
2023010425242,2023,010425242,1,3,0,99,99,9,9,99,99,9,9,99,9,99,1,1,1,1,1,36,7,125,1,1,HONDA WW125,1,E01004710,0,-1
2023440102192,2023,440102192,1,3,0,18,19,6,2,0,0,1,1,0,0,0,0,1,1,1,1,46,8,125,1,12,HONDA WW125,1,E01032755,0,-1
2023371339718,2023,371339718,2,3,-1,2,2,0,0,-1,-1,0,-1,-1,-1,0,-1,1,1,1,1,35,6,125,1,0,HONDA WW125,5,E01029953,0,-1
2023451322551,2023,451322551,1,3,0,18,19,1,5,0,0,1,2,0,7,0,1,1,6,6,1,15,3,125,1,9,HONDA WW125,4,E01030710,0,-1
2023010452235,2023,010452235,1,3,0,99,99,9,9,99,99,9,9,99,9,99,1,1,6,6,1,18,4,125,1,1,HONDA WW125,3,E01001832,0,-1
2023010470129,2023,010470129,1,3,0,99,99,9,9,99,99,9,9,99,9,99,9,1,6,6,3,19,4,125,1,9,HONDA WW125,5,E01032779,0,-1
2023010444057,2023,010444057,1,3,0,99,99,9,9,99,99,9,9,99,9,99,1,1,1,1,2,31,6,125,1,3,HONDA WW125,4,E01003210,0,-1
2023522400446,2023,522400446,1,3,0,18,19,6,2,0,0,8,0,0,0,0,4,1,6,6,1,37,7,125,1,4,HONDA WW125,8,E01033338,0,-1
2023471346788,2023,471346788,2,3,0,18,19,5,1,0,0,8,0,0,0,0,2,1,5,6,1,33,6,125,1,0,HONDA WW125,4,E01004487,0,-1
2023430002180,2023,430002180,2,3,0,3,3,2,6,0,0,0,0,0,0,0,2,1,6,6,1,-1,-1,125,1,0,HONDA WW125,6,E01016434,0,-1
2023010483520,2023,010483520,2,3,5,3,3,1,5,0,0,1,0,0,0,0,0,1,1,1,1,40,7,125,1,1,HONDA WW125,4,E01003166,0,-1
2023411342003,2023,411342003,2,3,-1,-1,-1,-1,-1,-1,-1,-1,-1,-1,-1,0,-1,1,1,1,2,30,6,125,1,2,HONDA WW125,9,E01023428,0,-1
2023430292899,2023,430292899,1,4,0,18,19,8,4,0,0,1,0,0,0,0,3,1,6,6,1,16,4,125,1,12,HONDA WW125,7,E01017828,0,-1
2023010447265,2023,010447265,1,3,9,99,99,9,9,99,99,9,9,99,9,99,9,1,1,1,1,25,5,125,1,2,HONDA WW125,5,E01004086,0,-1
2023461307261,2023,461307261,2,3,0,18,19,7,3,0,0,0,5,0,0,0,3,1,6,6,1,33,6,125,1,2,HONDA WW125,4,E01024258,0,-1
2023010438926,2023,010438926,1,3,0,99,99,9,9,99,99,0,9,99,9,99,1,1,6,6,1,29,6,125,1,1,HONDA WW125,3,E01003730,0,-1
2023010473632,2023,010473632,1,3,0,99,99,9,9,99,99,9,9,99,9,99,1,1,1,1,1,40,7,125,1,0,HONDA WW125,3,E01004760,0,-1
2023010475536,2023,010475536,1,3,0,99,99,9,9,99,99,9,9,99,9,99,9,1,6,6,1,29,6,125,1,0,HONDA WW125,5,E01000593,0,-1
2023052300098,2023,052300098,2,3,0,18,19,4,8,0,0,1,0,0,0,0,1,1,1,1,1,31,6,125,1,12,HONDA WW125,1,E01006478,0,-1
2023010430910,2023,010430910,1,3,0,18,19,3,7,0,0,0,0,0,0,0,1,1,1,1,1,25,5,125,1,6,HONDA WW125,3,E01001338,0,-1
2023010437356,2023,010437356,1,2,0,99,99,9,9,99,99,9,9,99,9,99,1,1,2,2,1,20,4,125,1,3,HONDA WW125,1,E01002071,0,-1
2023010428570,2023,010428570,2,3,0,15,15,1,5,0,0,1,0,0,0,0,1,1,6,6,1,17,4,125,1,3,HONDA WW125,4,E01001216,0,-1
2023010431044,2023,010431044,2,3,0,99,99,9,9,99,99,0,9,99,9,99,9,1,6,6,3,-1,-1,125,1,2,HONDA WW125,-1,-1,0,-1
2023010473750,2023,010473750,1,4,0,99,99,9,9,99,99,9,9,99,9,99,9,1,2,2,1,24,5,125,1,0,HONDA WW125,10,E01023595,0,-1
2023010421123,2023,010421123,1,3,0,99,99,9,9,99,99,9,9,99,9,99,1,1,6,6,1,-1,-1,125,1,9,HONDA WW125,1,E01002071,0,-1
2023461295588,2023,461295588,2,3,0,18,19,8,4,0,0,1,0,0,0,0,1,1,5,6,1,23,5,125,1,7,HONDA WW125,1,E01016024,0,-1
2023552400001,2023,552400001,1,3,0,4,4,4,8,0,0,0,0,0,0,0,4,1,6,6,1,33,6,125,1,3,HONDA WW125,5,E01015375,0,-1
2023010483986,2023,010483986,1,3,0,99,99,9,9,99,99,9,9,99,9,99,9,1,2,2,1,28,6,125,1,4,HONDA WW125,2,E01001339,0,-1
2023010447480,2023,010447480,1,3,0,99,99,9,9,99,99,9,9,99,9,99,9,1,6,6,1,23,5,125,1,2,HONDA WW125,2,E01001448,0,-1
2023421265724,2023,421265724,2,3,0,5,5,2,8,0,0,4,0,0,0,0,1,1,1,1,1,26,6,125,1,3,HONDA WW125,6,E01015925,0,-1
2023010471064,2023,010471064,1,3,0,99,99,9,9,99,99,9,9,99,9,99,9,1,6,6,2,36,7,125,1,3,HONDA WW125,4,E01000498,0,-1
2023010460067,2023,010460067,1,3,0,99,99,9,9,99,99,9,9,99,9,99,2,1,2,2,1,19,4,125,1,1,HONDA WW125,2,E01002075,0,-1
2023010476601,2023,010476601,2,3,0,18,19,4,8,2,2,1,5,0,0,0,1,1,6,6,1,24,5,125,1,0,HONDA WW125,3,E01003328,0,-1
2023122300382,2023,122300382,1,4,0,2,2,0,0,0,0,0,0,0,0,0,0,1,1,1,1,33,6,125,1,8,HONDA WW125,3,E01013445,0,-1
2023010472504,2023,010472504,1,3,0,99,99,9,9,99,99,9,9,99,9,99,1,1,6,6,1,22,5,125,1,4,HONDA WW125,2,E01033146,0,-1
2023010473729,2023,010473729,1,3,0,99,99,9,9,99,99,9,9,99,9,99,9,1,2,2,1,27,6,125,1,1,HONDA WW125,2,E01001575,0,-1
2023010462122,2023,010462122,1,3,0,99,99,9,9,99,99,9,9,99,9,99,1,1,6,6,1,23,5,125,1,2,HONDA WW125,2,E01001448,0,-1
2023010422859,2023,010422859,1,3,0,99,99,9,9,99,99,9,9,99,9,99,1,1,2,2,1,21,5,125,1,1,HONDA WW125,2,E01002051,0,-1
2023421304256,2023,421304256,2,3,0,3,3,1,5,0,0,1,0,0,0,0,3,1,6,6,1,30,6,125,1,0,HONDA WW125,6,E01021597,0,-1
2023010469936,2023,010469936,1,3,9,99,99,9,9,99,99,9,9,99,9,99,1,1,1,1,1,32,6,125,1,3,HONDA WW125,2,E01003267,0,-1
2023340NN4062,2023,340NN4062,1,3,0,18,19,6,1,0,0,6,0,0,0,0,1,1,6,6,1,25,5,125,1,0,HONDA WW125,5,E01027130,0,-1
2023531387128,2023,531387128,1,4,0,13,13,2,6,0,0,8,0,0,0,0,2,1,2,2,1,48,8,125,1,0,HONDA WW125,4,E01022102,0,-1
2023010452538,2023,010452538,2,3,0,7,7,1,4,0,0,8,0,0,0,0,1,1,2,2,1,48,8,125,1,5,HONDA WW125,7,E01000214,0,-1
2023010484006,2023,010484006,2,3,0,18,19,5,1,0,0,2,1,0,0,0,3,1,3,7,1,50,8,125,1,1,HONDA WW125,6,E01003434,0,-1
2023411318492,2023,411318492,2,3,0,3,3,-1,-1,0,0,1,0,0,0,0,1,1,5,6,1,34,6,125,1,1,HONDA WW125,6,E01023570,0,-1
2023010468477,2023,010468477,1,3,0,18,19,5,1,0,0,1,0,0,0,0,3,1,1,1,1,49,8,125,1,0,HONDA WW125,6,E01002640,0,-1
2023010446144,2023,010446144,1,3,0,99,99,9,9,99,99,9,9,99,9,99,9,1,6,6,1,25,5,125,1,12,HONDA WW125,2,E01002049,0,-1
2023010461338,2023,010461338,1,3,0,99,99,9,9,99,99,9,9,99,9,99,1,1,6,6,1,35,6,125,1,1,HONDA WW125,3,E01000622,0,-1
2023010482911,2023,010482911,1,3,0,18,19,8,4,0,0,8,2,0,0,0,0,1,1,1,1,38,7,125,1,7,HONDA WW125,6,E01003386,0,-1
2023010447376,2023,010447376,1,3,0,3,3,5,1,0,0,1,0,11,0,0,1,1,6,6,1,29,6,125,1,12,HONDA WW125,3,E01000642,0,-1
2023010429044,2023,010429044,1,3,0,99,99,9,9,99,99,9,9,99,9,99,9,9,2,2,1,22,5,125,1,6,HONDA WW125,3,E01000473,0,-1
2023010444444,2023,010444444,1,3,0,99,99,9,9,99,99,9,9,99,9,99,1,1,6,6,1,20,4,125,1,2,HONDA WW125,6,E01001269,0,-1
2023010433474,2023,010433474,1,3,0,99,99,9,9,99,99,9,9,99,9,99,9,1,6,6,1,24,5,125,1,2,HONDA WW125,7,E01003709,0,-1
2023411398948,2023,411398948,3,3,0,2,2,0,0,9,9,0,0,0,0,0,1,1,1,1,3,-1,-1,125,1,1,HONDA WW125,-1,-1,0,-1
2023010450933,2023,010450933,1,3,0,99,99,9,9,99,99,9,9,99,9,99,1,1,1,1,1,39,7,125,1,6,HONDA WW125,4,E01001512,0,-1
2023411396337,2023,411396337,2,3,0,18,19,5,1,0,0,0,0,0,0,0,1,1,6,6,1,34,6,125,1,0,HONDA WW125,-1,-1,0,-1
2023461284744,2023,461284744,2,3,0,3,3,6,2,0,0,0,0,0,0,0,2,1,6,6,1,41,7,125,1,12,HONDA WW125,4,E01024296,0,-1
2023461313802,2023,461313802,2,3,0,18,19,2,4,0,0,0,0,0,0,0,3,1,6,6,2,23,5,125,1,7,HONDA WW125,2,E01024091,0,-1
2023010462342,2023,010462342,1,3,0,99,99,9,9,99,99,9,9,99,9,99,9,1,2,2,1,33,6,125,1,0,HONDA WW125,1,E01003060,0,-1
2023451315592,2023,451315592,1,3,0,18,19,6,2,0,0,0,0,0,0,0,0,1,2,2,1,18,4,125,1,4,HONDA WW125,8,E01003420,0,-1
2023010462637,2023,010462637,2,3,0,18,19,7,3,0,0,8,0,0,0,0,1,1,6,6,1,29,6,125,1,3,HONDA WW125,-1,-1,0,-1
2023010476019,2023,010476019,1,3,0,99,99,9,9,99,99,9,9,99,9,99,0,1,2,2,1,20,4,125,1,1,HONDA WW125,3,E01024279,0,-1
2023010455593,2023,010455593,1,3,0,99,99,9,9,99,99,9,9,99,9,99,9,1,6,6,1,35,6,125,1,1,HONDA WW125,8,E01000784,0,-1
2023501298136,2023,501298136,2,4,0,18,19,3,7,0,0,0,1,0,1,0,0,1,6,6,1,42,7,125,1,7,HONDA WW125,1,E01015048,0,-1
2023201316178,2023,201316178,1,3,0,18,19,4,8,0,0,8,0,0,0,0,3,1,6,6,1,39,7,125,1,8,HONDA WW125,1,E01009382,0,-1
2023010447018,2023,010447018,2,3,0,18,19,7,3,0,0,1,0,0,0,0,1,1,6,6,1,27,6,125,1,6,HONDA WW125,3,E01016012,0,-1
2023010445238,2023,010445238,1,3,9,99,99,9,9,99,99,9,9,99,9,99,1,1,6,6,1,43,7,125,1,6,HONDA WW125,2,E01001485,0,-1
2023010427140,2023,010427140,1,3,0,18,19,3,7,0,0,2,2,10,0,0,1,1,1,1,1,25,5,125,1,1,HONDA WW125,2,E01000129,0,-1
2023411390561,2023,411390561,1,3,0,18,19,4,8,0,0,8,0,0,0,0,1,1,5,6,1,28,6,125,1,0,HONDA WW125,9,E01023467,0,-1
2023522301163,2023,522301163,1,3,0,12,12,8,4,0,0,2,0,0,0,0,3,1,6,6,1,19,4,125,1,3,HONDA WW125,5,E01014732,0,-1
2023010421008,2023,010421008,1,3,0,99,99,9,9,99,99,0,9,99,9,99,2,1,1,1,1,30,6,125,1,2,HONDA WW125,6,E01003366,0,-1
2023010461098,2023,010461098,1,3,0,18,19,8,4,0,0,0,0,8,0,0,1,1,6,6,1,29,6,125,1,5,HONDA WW125,4,E01000307,0,-1
2023430306554,2023,430306554,2,3,0,3,3,6,2,0,0,1,0,0,0,0,2,1,1,1,1,24,5,125,1,7,HONDA WW125,6,E01028555,0,-1
2023010420552,2023,010420552,1,3,9,99,99,9,9,99,99,9,9,99,9,99,2,1,1,1,1,44,7,125,1,10,HONDA WW125,3,E01023323,0,-1
2023010440052,2023,010440052,1,3,0,18,19,5,1,0,0,0,5,0,0,0,2,1,1,1,1,36,7,125,1,1,HONDA WW125,8,E01002945,0,-1
2023010440907,2023,010440907,1,3,0,99,99,9,9,99,99,9,9,99,9,99,1,1,6,6,1,24,5,125,1,0,HONDA WW125,3,E01003146,0,-1
2023411322762,2023,411322762,2,3,0,4,4,5,1,0,0,0,0,0,1,0,3,1,5,6,1,38,7,125,1,7,HONDA WW125,7,E01023531,0,-1
2023010473838,2023,010473838,1,3,0,18,19,7,3,0,0,1,5,0,0,0,1,1,6,6,1,29,6,125,1,4,HONDA WW125,3,E01001806,0,-1
2023010478552,2023,010478552,1,3,0,3,3,6,2,0,0,0,0,0,1,0,2,1,1,1,1,25,5,125,1,4,HONDA WW125,5,E01002489,0,-1
2023440350065,2023,440350065,1,3,0,18,19,8,4,0,0,1,1,0,0,0,1,1,1,1,1,30,6,125,1,11,HONDA WW125,4,E01017137,0,-1
2023010441841,2023,010441841,2,3,0,99,99,9,9,99,99,9,9,99,9,99,1,1,6,6,3,35,6,125,1,2,HONDA WW125,4,E01003114,0,-1
2023540937623,2023,540937623,2,3,0,18,19,3,7,0,0,1,0,0,0,0,1,1,6,6,1,28,6,125,1,1,HONDA WW125,7,E01000493,0,-1
2023010465558,2023,010465558,2,4,0,18,19,1,5,0,0,0,0,0,0,0,1,1,6,6,1,25,5,125,1,8,HONDA WW125,2,E01003181,0,-1
2023010460220,2023,010460220,2,3,0,15,15,1,5,0,0,2,0,0,0,0,1,1,1,1,1,53,8,125,1,4,HONDA WW125,1,E01002773,0,-1
2023010486454,2023,010486454,1,3,0,99,99,9,9,99,99,9,9,99,9,99,9,1,6,6,1,31,6,125,1,1,HONDA WW125,6,E01001573,0,-1
2023010482121,2023,010482121,1,3,0,99,99,9,9,99,99,9,9,99,9,99,1,1,2,2,1,33,6,125,1,2,HONDA WW125,3,E01000872,0,-1
2023010466966,2023,010466966,1,2,0,18,19,1,5,0,0,1,0,0,0,0,1,1,6,6,1,23,5,125,1,2,HONDA WW125,2,E01003093,0,-1
2023411331835,2023,411331835,2,3,0,18,19,-1,-1,0,0,2,-1,0,0,0,1,1,5,6,2,35,6,125,1,4,HONDA WW125,3,E01033464,0,-1
2023010442587,2023,010442587,1,3,0,99,99,9,9,99,99,9,9,99,9,99,1,1,6,6,1,29,6,125,1,8,HONDA WW125,4,E01002088,0,-1
2023010447755,2023,010447755,2,4,0,5,5,1,5,0,0,8,0,0,0,0,1,1,6,6,1,30,6,125,1,6,HONDA WW125,-1,-1,0,-1
2023010470924,2023,010470924,1,3,0,99,99,9,9,99,99,9,9,99,9,99,1,1,6,6,1,43,7,125,1,3,HONDA WW125,3,E01001436,0,-1
2023010419937,2023,010419937,1,3,0,15,15,7,3,0,0,1,0,0,0,0,1,1,6,6,2,19,4,125,1,3,HONDA WW125,4,E01000162,0,-1
2023010454573,2023,010454573,1,3,0,99,99,9,9,99,99,0,9,99,9,99,9,1,6,6,1,47,8,125,1,10,HONDA WW125,3,E01004633,0,-1
2023010455121,2023,010455121,1,3,0,99,99,9,9,99,99,0,9,99,9,99,1,1,6,6,1,31,6,125,1,10,HONDA WW125,4,E01001087,0,-1
2023010423694,2023,010423694,1,3,0,4,4,5,1,0,0,1,0,0,0,0,2,1,1,1,1,26,6,125,1,0,HONDA WW125,4,E01001015,0,-1
2023010472866,2023,010472866,1,3,9,99,99,9,9,99,99,9,9,99,9,99,1,1,1,1,1,28,6,125,1,2,HONDA WW125,7,E01003270,0,-1
2023522300470,2023,522300470,1,3,0,18,19,3,8,0,0,8,0,0,0,0,4,1,6,6,1,52,8,125,1,1,HONDA WW125,9,E01014943,0,-1
2023010445364,2023,010445364,1,3,0,13,13,5,1,0,0,1,1,4,0,0,1,1,6,6,1,53,8,125,1,12,HONDA WW125,2,E01001943,0,-1
2023010437024,2023,010437024,1,3,0,18,19,1,5,0,0,8,9,0,0,0,2,1,1,1,1,27,6,125,1,1,HONDA WW125,1,E01001145,0,-1
2023010463792,2023,010463792,1,3,0,5,5,5,1,0,0,2,0,0,0,0,3,1,1,1,1,32,6,125,1,0,HONDA WW125,4,E01002762,0,-1
2023010468509,2023,010468509,1,97,0,99,99,9,9,99,99,9,9,99,9,99,1,9,2,2,2,27,6,125,1,3,HONDA WW125,3,E01001920,0,-1
2023010466282,2023,010466282,2,4,0,13,13,7,3,0,0,8,0,0,0,0,1,1,6,6,1,24,5,125,1,2,HONDA WW125,1,E01001978,0,-1
2023010425598,2023,010425598,1,3,0,99,99,9,9,99,99,9,9,99,9,99,9,1,6,6,1,25,5,125,1,6,HONDA WW125,3,E01003569,0,-1
2023010486087,2023,010486087,1,3,0,9,9,5,3,0,0,3,0,0,0,0,3,1,6,6,1,20,4,125,1,7,HONDA WW125,7,E01000347,0,-1
2023461271353,2023,461271353,2,3,0,9,9,2,6,0,0,5,0,0,0,0,4,1,1,1,1,47,8,125,1,6,HONDA WW125,2,E01024091,0,-1
2023010482872,2023,010482872,1,3,0,99,99,9,9,0,0,8,0,99,9,99,1,1,6,6,1,36,7,125,1,1,HONDA WW125,7,E01015474,0,-1
2023010435551,2023,010435551,2,2,0,13,13,7,3,0,0,8,0,0,0,0,1,1,1,1,1,28,6,125,1,3,HONDA WW125,3,E01000806,0,-1
2023010448824,2023,010448824,2,3,0,99,99,9,9,99,99,9,9,99,9,99,9,1,6,6,3,-1,-1,125,1,4,HONDA WW125,-1,-1,0,-1
2023010465758,2023,010465758,1,3,0,14,14,7,3,0,0,0,0,0,0,0,1,1,2,2,1,22,5,125,1,2,HONDA WW125,8,E01003845,0,-1
2023010442331,2023,010442331,1,3,9,99,99,9,9,99,99,9,9,99,9,99,9,1,1,1,1,29,6,125,1,1,HONDA WW125,5,E01003155,0,-1
2023010429864,2023,010429864,1,3,0,99,99,9,9,99,99,9,9,99,9,99,1,1,6,6,1,23,5,125,1,12,HONDA WW125,1,E01002073,0,-1
2023471278176,2023,471278176,1,3,0,18,19,8,4,0,0,0,0,0,0,0,1,1,6,6,1,33,6,125,1,5,HONDA WW125,9,E01030394,0,-1
2023010475517,2023,010475517,1,3,0,99,99,9,9,99,99,9,9,99,9,99,9,1,1,1,1,36,7,125,1,1,HONDA WW125,4,E01001252,0,-1
2023010472442,2023,010472442,1,3,0,99,99,9,9,99,99,9,9,99,9,99,2,1,1,1,1,55,8,125,1,6,HONDA WW125,3,E01003525,0,-1
2023010473986,2023,010473986,1,3,0,99,99,9,9,99,99,9,9,99,9,99,9,1,6,6,3,31,6,125,1,3,HONDA WW125,4,E01033725,0,-1
2023010427864,2023,010427864,1,3,0,99,99,9,9,99,99,9,9,99,9,99,1,1,6,6,3,-1,-1,125,1,3,HONDA WW125,-1,-1,0,-1
2023010432305,2023,010432305,2,3,0,4,4,3,7,0,0,2,0,0,0,0,1,1,6,6,1,24,5,125,1,3,HONDA WW125,3,E01003998,0,-1
2023010430168,2023,010430168,1,4,0,18,19,5,1,0,0,2,0,0,0,0,1,1,1,1,1,36,7,125,1,10,HONDA WW125,2,E01004302,0,-1
2023010467951,2023,010467951,1,3,0,18,19,7,3,0,0,6,0,0,0,0,1,1,1,1,1,24,5,125,1,9,HONDA WW125,-1,-1,0,-1
2023010484418,2023,010484418,2,3,0,18,19,5,1,0,0,0,0,0,0,0,1,1,6,6,1,34,6,125,1,5,HONDA WW125,5,E01000747,0,-1
2023010444581,2023,010444581,1,3,0,18,19,7,3,0,0,8,0,0,0,0,3,1,2,2,1,36,7,125,1,6,HONDA WW125,3,E01000499,0,-1
2023522301454,2023,522301454,2,2,0,14,14,2,6,0,0,8,0,0,0,0,1,1,6,6,1,42,7,125,1,4,HONDA WW125,1,E01033358,0,-1