collision_index,collision_year,collision_ref_no,vehicle_reference,vehicle_type,towing_and_articulation,vehicle_manoeuvre_historic,vehicle_manoeuvre,vehicle_direction_from,vehicle_direction_to,vehicle_location_restricted_lane_historic,vehicle_location_restricted_lane,junction_location,skidding_and_overturning,hit_object_in_carriageway,vehicle_leaving_carriageway,hit_object_off_carriageway,first_point_of_impact,vehicle_left_hand_drive,journey_purpose_of_driver_historic,journey_purpose_of_driver,sex_of_driver,age_of_driver,age_band_of_driver,engine_capacity_cc,propulsion_code,age_of_vehicle,generic_make_model,driver_imd_decile,lsoa_of_driver,escooter_flag,driver_distance_banding
2023010438148,2023,010438148,1,3,0,99,99,9,9,99,99,9,9,99,9,99,9,1,6,6,1,23,5,125,1,9,HONDA WW125,4,E01000570,0,-1
2023430427570,2023,430427570,2,3,0,3,3,8,4,0,0,8,0,0,0,0,1,1,2,2,1,43,7,125,1,0,HONDA WW125,3,E01028553,0,-1
2023010434007,2023,010434007,1,3,0,99,99,9,9,99,99,0,9,99,9,99,9,1,1,1,1,29,6,125,1,11,HONDA WW125,5,E01001644,0,-1
2023451384713,2023,451384713,2,3,0,14,14,5,1,0,0,1,0,0,0,0,1,1,5,6,1,33,6,125,1,5,HONDA WW125,-1,-1,0,-1
2023010447864,2023,010447864,1,3,0,99,99,9,9,99,99,9,9,99,9,99,9,1,6,6,1,32,6,125,1,3,HONDA WW125,4,E01004525,0,-1
2023010476653,2023,010476653,1,3,0,99,99,9,9,99,99,9,9,99,9,99,9,1,2,2,3,27,6,125,1,0,HONDA WW125,5,E01002004,0,-1
2023010486469,2023,010486469,1,3,0,99,99,9,9,99,99,9,9,99,9,99,9,1,6,6,3,22,5,125,1,11,HONDA WW125,4,E01001503,0,-1
2023010494682,2023,010494682,1,3,0,99,99,9,9,99,99,9,9,99,9,99,2,1,1,1,1,46,8,125,1,3,HONDA WW125,2,E01004219,0,-1
2023010473007,2023,010473007,1,3,0,18,19,5,1,0,0,8,1,0,1,0,1,1,6,6,1,18,4,125,1,4,HONDA WW125,5,E01000512,0,-1
2023010452955,2023,010452955,1,3,0,99,99,9,9,99,99,9,9,99,9,99,1,1,1,1,1,32,6,125,1,0,HONDA WW125,6,E01000487,0,-1
2023332300720,2023,332300720,1,3,0,3,3,1,5,0,0,1,0,0,0,0,2,1,1,1,1,22,5,125,1,0,HONDA WW125,5,E01013627,0,-1
2023010427928,2023,010427928,1,3,0,99,99,9,9,99,99,9,9,99,9,99,9,1,6,6,1,39,7,125,1,2,HONDA WW125,1,E01001714,0,-1
2023010474117,2023,010474117,1,3,9,99,99,9,9,99,99,9,9,99,9,99,1,1,1,1,1,26,6,125,1,6,HONDA WW125,5,E01000975,0,-1
2023010447500,2023,010447500,1,3,0,99,99,9,9,99,99,9,9,99,9,99,1,1,6,6,1,22,5,125,1,3,HONDA WW125,3,E01001449,0,-1
2023010429528,2023,010429528,2,3,0,18,19,3,7,2,2,1,0,0,0,0,1,1,1,1,1,22,5,125,1,9,HONDA WW125,2,E01001246,0,-1
2023010454781,2023,010454781,1,3,0,99,99,9,9,99,99,9,9,99,9,99,9,1,1,1,1,21,5,125,1,12,HONDA WW125,10,E01030403,0,-1
2023052301591,2023,052301591,1,3,0,18,19,8,4,0,0,8,0,0,1,11,1,1,6,6,1,31,6,125,1,4,HONDA WW125,1,E01006768,0,-1
2023010434920,2023,010434920,1,4,0,18,19,1,5,0,0,1,0,0,0,0,1,1,6,6,1,40,7,125,1,4,HONDA WW125,4,E01001150,0,-1
2023552300419,2023,552300419,2,4,0,18,19,4,8,0,0,8,0,0,0,0,4,1,2,2,1,24,5,125,1,1,HONDA WW125,7,E01015352,0,-1
2023451280271,2023,451280271,2,3,0,18,19,7,3,0,0,1,0,0,0,0,3,1,5,6,1,29,6,125,1,1,HONDA WW125,4,E01030710,0,-1
2023010433419,2023,010433419,1,3,0,99,99,9,9,0,0,9,9,99,9,99,9,1,2,2,1,40,7,125,1,7,HONDA WW125,4,E01000476,0,-1
2023010438047,2023,010438047,1,3,0,99,99,9,9,99,99,9,9,99,9,99,9,1,2,2,2,35,6,125,1,4,HONDA WW125,4,E01002042,0,-1
2023010453656,2023,010453656,2,3,0,99,99,9,9,99,99,9,9,99,9,99,9,1,6,6,3,22,5,125,1,1,HONDA WW125,5,E01004616,0,-1
2023501339151,2023,501339151,2,3,0,18,19,2,7,0,0,0,0,0,0,0,3,1,5,6,1,87,11,125,1,1,HONDA WW125,-1,-1,0,-1
2023411281408,2023,411281408,2,3,-1,-1,-1,-1,-1,-1,-1,-1,-1,-1,-1,0,-1,1,1,1,1,30,6,125,1,1,HONDA WW125,7,E01023871,0,-1
2023010456261,2023,010456261,1,3,0,99,99,9,9,99,99,9,9,99,9,99,9,1,1,1,1,29,6,125,1,5,HONDA WW125,3,E01001488,0,-1
2023010445800,2023,010445800,1,3,0,99,99,9,9,99,99,9,9,99,9,99,1,9,1,1,1,38,7,125,1,3,HONDA WW125,8,E01015534,0,-1
2023010466212,2023,010466212,1,3,9,99,99,9,9,99,99,9,9,99,9,99,9,1,6,6,1,31,6,125,1,1,HONDA WW125,5,E01001038,0,-1
2023010483464,2023,010483464,2,3,0,18,19,5,1,0,0,0,0,0,0,0,4,1,6,6,1,41,7,125,1,0,HONDA WW125,1,E01033455,0,-1
2023531374093,2023,531374093,1,3,0,18,19,3,7,0,0,4,0,0,0,0,0,1,2,2,1,23,5,125,1,0,HONDA WW125,2,E01022324,0,-1
2023010468176,2023,010468176,1,3,0,99,99,9,9,99,99,9,9,99,9,99,1,1,2,2,1,29,6,125,1,9,HONDA WW125,9,E01017821,0,-1
2023430552536,2023,430552536,2,3,0,18,19,6,2,0,0,8,0,0,0,0,4,1,6,6,1,36,7,125,1,0,HONDA WW125,5,E01017923,0,-1
2023010478672,2023,010478672,2,2,0,99,99,9,9,99,99,9,9,99,9,99,9,1,6,6,3,-1,-1,125,1,11,HONDA WW125,-1,-1,0,-1
2023010469068,2023,010469068,2,2,3,18,19,5,1,0,0,0,5,0,0,0,2,1,6,6,1,52,8,125,1,8,HONDA WW125,10,E01000841,0,-1
2023010446767,2023,010446767,1,3,9,18,19,1,5,99,99,9,0,0,0,0,3,1,6,6,1,23,5,125,1,4,HONDA WW125,1,E01003577,0,-1
2023010438414,2023,010438414,1,3,0,18,19,1,5,0,0,1,0,0,0,0,4,1,6,6,1,21,5,125,1,9,HONDA WW125,-1,-1,0,-1
2023522301231,2023,522301231,3,5,0,3,3,5,1,0,0,0,0,0,0,0,2,1,6,6,1,25,5,125,1,0,-1,1,E01014655,0,-1
2023010436272,2023,010436272,1,3,0,5,5,1,5,9,9,5,0,0,0,0,1,1,1,1,1,31,6,125,1,9,HONDA WW125,2,E01001491,0,-1
2023010446149,2023,010446149,1,3,0,99,99,9,9,99,99,9,9,99,9,99,1,1,1,1,1,32,6,125,1,1,HONDA WW125,4,E01002233,0,-1
2023522400733,2023,522400733,1,3,0,18,19,1,5,0,0,8,0,0,0,0,1,1,6,6,1,22,5,125,1,2,HONDA WW125,6,E01014900,0,-1
2023010441935,2023,010441935,2,3,0,18,19,3,7,0,0,1,0,0,0,0,1,1,1,1,1,34,6,125,1,1,HONDA WW125,2,E01004570,0,-1
2023010426229,2023,010426229,1,3,0,99,99,9,9,99,99,9,9,99,9,99,1,1,6,6,1,21,5,125,1,2,HONDA WW125,4,E01001183,0,-1
2023471306706,2023,471306706,2,3,0,18,19,1,5,0,0,4,0,0,0,0,2,1,6,6,2,63,9,125,1,0,HONDA WW125,-1,-1,0,-1
2023010454479,2023,010454479,1,3,0,99,99,9,9,99,99,9,9,99,9,99,9,1,6,6,1,31,6,125,1,3,HONDA WW125,6,E01000726,0,-1
2023010447556,2023,010447556,1,3,0,99,99,9,9,99,99,9,9,99,9,99,1,1,1,1,1,24,5,125,1,3,HONDA WW125,4,E01023333,0,-1
2023010441439,2023,010441439,2,2,0,5,5,7,3,0,0,2,0,0,0,0,1,1,6,6,1,37,7,125,1,4,HONDA WW125,5,E01001880,0,-1
2023010478364,2023,010478364,1,3,0,99,99,9,9,99,99,9,9,99,9,99,9,1,6,6,1,21,5,125,1,1,HONDA WW125,8,E01002181,0,-1
2023010448519,2023,010448519,1,3,0,99,99,9,9,99,99,9,9,99,9,99,9,1,6,6,1,22,5,125,1,1,HONDA WW125,8,E01004623,0,-1
2023010482373,2023,010482373,1,3,0,16,19,6,2,0,0,8,0,0,0,0,3,1,1,1,1,32,6,125,1,1,HONDA WW125,6,E01002135,0,-1
2023471380032,2023,471380032,1,3,0,11,11,6,2,0,0,8,5,0,0,0,4,1,1,1,1,38,7,125,1,0,HONDA WW125,4,E01031575,0,-1
2023010450521,2023,010450521,2,3,0,6,6,7,7,0,0,8,5,0,0,0,1,1,6,6,1,38,7,125,1,7,HONDA WW125,-1,-1,0,-1
2023010465466,2023,010465466,2,3,0,13,13,7,3,0,0,1,0,0,0,0,1,1,6,6,1,32,6,125,1,4,HONDA WW125,-1,-1,0,-1
2023471347142,2023,471347142,2,3,0,18,19,5,1,0,0,0,0,0,0,0,2,1,6,6,1,25,5,125,1,5,HONDA WW125,4,E01031608,0,-1
2023522300484,2023,522300484,1,3,0,18,19,2,6,0,0,8,0,0,0,0,2,1,6,6,2,38,7,125,1,5,HONDA WW125,1,E01014654,0,-1
2023010471207,2023,010471207,1,3,0,99,99,9,9,99,99,9,9,99,9,99,9,1,2,2,1,24,5,125,1,0,HONDA WW125,2,E01003159,0,-1
2023340WN6912,2023,340WN6912,2,3,0,18,19,4,8,0,0,1,0,0,0,0,1,1,1,1,1,23,5,125,1,0,HONDA WW125,3,E01027238,0,-1
2023010480568,2023,010480568,1,2,0,18,19,7,3,0,0,8,0,0,1,0,1,1,2,2,2,48,8,125,1,12,HONDA WW125,3,E01002645,0,-1
2023010435972,2023,010435972,2,3,0,9,9,3,8,0,0,5,0,0,0,0,1,1,2,2,1,40,7,125,1,7,HONDA WW125,4,E01000745,0,-1
2023010461190,2023,010461190,1,3,0,99,99,9,9,99,99,9,9,99,9,99,1,1,6,6,1,30,6,125,1,2,HONDA WW125,4,E01003034,0,-1
2023010472146,2023,010472146,1,2,0,9,9,3,8,0,0,6,0,0,1,0,3,1,6,6,1,22,5,125,1,1,HONDA WW125,1,E01003065,0,-1
2023522301174,2023,522301174,2,3,0,17,19,4,2,0,0,8,0,0,0,0,1,1,6,6,1,-1,-1,125,1,1,HONDA WW125,-1,-1,0,-1
2023522300442,2023,522300442,1,3,0,2,2,0,0,0,0,1,0,0,0,0,9,1,6,6,1,23,5,125,1,2,HONDA WW125,1,E01014658,0,-1
2023010436466,2023,010436466,2,3,0,18,19,1,5,0,0,1,0,0,0,0,1,1,1,1,1,24,5,125,1,0,HONDA WW125,3,E01003563,0,-1
2023010476315,2023,010476315,1,4,0,9,9,7,5,0,0,2,0,0,0,0,1,1,6,6,1,38,7,125,1,9,HONDA WW125,10,E01000756,0,-1
2023010429713,2023,010429713,1,3,0,99,99,9,9,99,99,9,9,99,9,99,1,1,6,6,1,28,6,125,1,7,HONDA WW125,3,E01000578,0,-1
2023010427574,2023,010427574,2,3,0,13,13,4,8,0,0,1,0,0,0,0,1,1,6,6,1,33,6,125,1,4,HONDA WW125,-1,-1,0,-1
2023010460186,2023,010460186,1,3,0,99,99,9,9,99,99,9,9,99,9,99,9,1,6,6,1,27,6,125,1,1,HONDA WW125,3,E01003819,0,-1
2023501284213,2023,501284213,1,3,0,13,13,6,3,0,0,2,1,0,0,0,0,1,6,6,1,36,7,125,1,1,HONDA WW125,2,E01015052,0,-1
2023010485326,2023,010485326,1,3,0,99,99,9,9,99,99,9,9,99,9,99,9,1,2,2,1,26,6,125,1,0,HONDA WW125,1,E01000521,0,-1
2023610017023,2023,610017023,2,3,0,18,19,7,3,0,0,8,0,0,0,0,1,1,6,6,1,51,8,125,1,11,HONDA WW125,5,W01001612,0,-1
2023522399999,2023,522399999,1,3,0,18,19,5,1,0,0,0,0,0,0,0,1,1,6,6,2,34,6,125,1,6,HONDA WW125,7,E01014520,0,-1
2023010478067,2023,010478067,1,2,0,99,99,9,9,99,99,9,9,99,9,99,1,1,2,2,1,23,5,125,1,3,HONDA WW125,3,E01002048,0,-1
2023531381867,2023,531381867,2,3,0,9,9,1,7,0,0,3,0,0,0,0,4,1,5,6,1,17,4,125,1,3,HONDA WW125,2,E01022324,0,-1
2023421344162,2023,421344162,2,4,0,3,3,7,3,0,0,1,0,0,0,0,1,1,6,6,2,35,6,125,1,3,HONDA WW125,6,E01015968,0,-1
2023010472069,2023,010472069,2,4,0,18,19,3,7,0,0,2,0,0,0,0,1,1,6,6,1,29,6,125,1,1,HONDA WW125,2,E01000126,0,-1
2023311357554,2023,311357554,1,2,0,18,19,2,6,0,0,1,0,0,0,0,4,1,2,2,1,37,7,125,1,2,HONDA WW125,3,E01028153,0,-1
2023010424511,2023,010424511,1,3,0,99,99,9,9,99,99,9,9,99,9,99,1,1,6,6,2,28,6,125,1,2,HONDA WW125,2,E01002051,0,-1
2023010453115,2023,010453115,1,3,0,99,99,9,9,99,99,9,9,99,9,99,1,1,1,1,1,35,6,125,1,3,HONDA WW125,2,E01002087,0,-1
2023010483764,2023,010483764,1,3,0,99,99,9,9,99,99,9,9,99,9,99,9,1,2,2,2,21,5,125,1,4,HONDA WW125,3,E01001446,0,-1
2023010436805,2023,010436805,1,97,0,18,19,5,1,0,0,8,9,0,0,0,9,9,2,2,1,18,4,125,1,2,HONDA WW125,4,E01001183,0,-1
2023010475954,2023,010475954,1,3,0,99,99,9,9,99,99,9,9,99,9,99,1,1,6,6,1,34,6,125,1,3,HONDA WW125,3,E01000545,0,-1
2023010457894,2023,010457894,1,3,0,18,19,7,3,0,0,8,0,0,0,0,1,1,1,1,1,19,4,125,1,4,HONDA WW125,6,E01001597,0,-1
2023010484705,2023,010484705,1,3,0,99,99,9,9,99,99,9,9,99,9,99,1,1,1,1,1,22,5,125,1,2,HONDA WW125,6,E01002170,0,-1
2023010479777,2023,010479777,1,3,0,18,19,7,3,2,2,1,0,0,0,0,1,1,2,2,1,25,5,125,1,1,HONDA WW125,4,E01004652,0,-1
2023010447695,2023,010447695,1,3,0,99,99,9,9,99,99,0,9,99,9,99,9,1,1,1,1,33,6,125,1,11,HONDA WW125,2,E01000073,0,-1
2023010441892,2023,010441892,1,3,0,99,99,9,9,99,99,9,9,99,9,99,1,1,2,2,1,27,6,125,1,3,HONDA WW125,2,E01003334,0,-1
2023320136216,2023,320136216,2,3,0,18,19,4,8,0,0,0,0,0,0,0,3,1,6,6,1,56,9,125,1,2,HONDA WW125,-1,-1,0,-1
2023471293956,2023,471293956,2,3,0,3,3,7,3,0,0,1,0,11,0,0,2,1,6,6,1,43,7,125,1,2,HONDA WW125,3,E01016881,0,-1
2023010466263,2023,010466263,1,3,0,18,19,8,4,0,0,1,0,0,0,0,0,1,6,6,1,16,4,125,1,11,HONDA WW125,-1,-1,0,-1
2023010454738,2023,010454738,1,3,0,99,99,9,9,99,99,9,9,99,9,99,1,1,6,6,1,32,6,125,1,11,HONDA WW125,5,E01003433,0,-1
2023010472950,2023,010472950,1,4,0,18,19,3,7,0,0,1,0,0,0,0,1,1,6,6,1,38,7,125,1,3,HONDA WW125,2,E01000950,0,-1
2023010436780,2023,010436780,1,3,0,18,19,5,1,0,0,2,1,0,0,0,1,1,6,6,3,-1,-1,125,1,1,HONDA WW125,-1,-1,0,-1
2023010430667,2023,010430667,1,3,0,99,99,9,9,99,99,9,9,99,9,99,9,1,6,6,1,33,6,125,1,8,HONDA WW125,2,E01003066,0,-1
2023461344517,2023,461344517,2,2,0,18,19,1,5,0,0,1,0,0,0,0,1,1,2,2,1,28,6,125,1,5,HONDA WW125,9,E01024821,0,-1
2023351301533,2023,351301533,1,3,0,7,7,7,1,0,0,0,5,0,0,0,4,1,2,2,1,19,4,125,1,2,HONDA WW125,8,E01018003,0,-1
2023201365798,2023,201365798,1,4,0,18,19,3,7,0,0,8,0,0,0,0,4,1,6,6,1,47,8,125,1,1,HONDA WW125,1,E01009502,0,-1
2023170S10953,2023,170S10953,2,3,0,18,19,2,6,0,0,0,0,0,0,0,2,1,6,6,1,58,9,125,1,8,HONDA WW125,7,E01012207,0,-1
2023010449567,2023,010449567,2,3,0,18,19,8,4,0,0,1,2,0,7,0,1,1,6,6,1,29,6,125,1,6,HONDA WW125,3,E01002610,0,-1
2023010446212,2023,010446212,2,4,0,99,99,9,9,99,99,9,9,99,9,99,1,1,6,6,3,-1,-1,125,1,2,HONDA WW125,-1,-1,0,-1
2023401313258,2023,401313258,2,2,0,18,19,6,2,0,0,1,1,0,0,0,1,1,6,6,2,40,7,125,1,12,HONDA WW125,9,E01033193,0,-1
2023451338678,2023,451338678,1,3,0,18,19,1,3,0,0,0,0,0,0,0,0,1,1,1,1,27,6,125,1,6,HONDA WW125,6,E01030649,0,-1
2023546198823,2023,546198823,1,4,0,18,19,5,1,0,0,3,0,10,1,11,1,1,6,6,1,22,5,125,1,3,HONDA WW125,7,E01015568,0,-1
2023522301816,2023,522301816,1,2,0,3,3,5,1,0,0,8,0,0,0,0,1,1,6,6,1,33,6,125,1,4,HONDA WW125,3,E01014673,0,-1
2023010450932,2023,010450932,1,3,0,99,99,9,9,99,99,9,9,99,9,99,1,1,6,6,2,27,6,125,1,2,HONDA WW125,2,E01003120,0,-1
2023010424053,2023,010424053,1,3,0,99,99,9,9,99,99,0,9,99,9,99,9,1,6,6,1,38,7,125,1,1,HONDA WW125,6,E01004474,0,-1
2023010474526,2023,010474526,2,2,0,4,4,5,1,0,0,0,1,0,0,0,1,1,2,2,1,18,4,125,1,2,HONDA WW125,4,E01002643,0,-1
2023010460751,2023,010460751,1,3,0,99,99,9,9,0,0,9,0,0,0,0,2,1,1,1,1,30,6,125,1,6,HONDA WW125,7,E01001314,0,-1
2023010434058,2023,010434058,2,3,0,18,19,3,7,0,0,1,0,0,0,0,1,1,1,1,1,32,6,125,1,5,HONDA WW125,3,E01002396,0,-1
2023622300233,2023,622300233,2,3,0,18,19,4,8,0,0,0,0,0,0,0,1,1,2,2,1,57,9,125,1,5,HONDA WW125,3,W01001042,0,-1
2023430228191,2023,430228191,2,4,0,9,9,8,6,0,0,8,0,0,0,0,4,1,6,6,1,18,4,125,1,10,HONDA WW125,4,E01016724,0,-1
2023010461163,2023,010461163,1,3,0,99,99,9,9,99,99,9,9,99,9,99,9,1,1,1,3,27,6,125,1,1,HONDA WW125,5,E01030980,0,-1
2023010477111,2023,010477111,2,2,9,99,99,9,9,99,99,9,9,99,9,99,9,1,6,6,3,-1,-1,125,1,8,HONDA WW125,-1,-1,0,-1
2023010440934,2023,010440934,1,3,0,99,99,9,9,99,99,9,9,99,9,99,1,1,1,1,1,23,5,125,1,4,HONDA WW125,3,E01001391,0,-1
2023010471094,2023,010471094,1,3,9,99,99,9,9,99,99,9,9,99,9,99,1,1,6,6,1,26,6,125,1,0,HONDA WW125,2,E01000931,0,-1
2023631316588,2023,631316588,2,3,0,18,19,6,3,0,0,8,1,0,0,0,4,1,5,6,1,17,4,125,1,0,HONDA WW125,6,W01000635,0,-1
2023010454122,2023,010454122,1,3,0,18,19,5,1,0,0,8,0,0,0,0,1,1,6,6,1,32,6,125,1,7,HONDA WW125,3,E01000499,0,-1
2023451375358,2023,451375358,1,3,0,18,19,6,4,0,0,0,0,0,0,0,3,1,1,1,1,24,5,125,1,3,HONDA WW125,6,E01030411,0,-1
2023010448741,2023,010448741,1,3,0,99,99,9,9,99,99,9,9,99,9,99,1,1,2,2,2,31,6,125,1,4,HONDA WW125,6,E01004108,0,-1
2023010482444,2023,010482444,1,3,0,4,4,5,1,0,0,1,0,0,0,0,2,1,1,1,1,31,6,125,1,5,HONDA WW125,5,E01002119,0,-1
2023010459689,2023,010459689,1,3,0,99,99,9,9,99,99,9,9,99,9,99,1,1,6,6,1,25,5,125,1,0,HONDA WW125,3,E01003431,0,-1
2023010434927,2023,010434927,2,3,0,18,19,8,4,6,6,1,2,0,0,0,3,1,6,6,2,29,6,125,1,8,HONDA WW125,4,E01003317,0,-1
2023010484686,2023,010484686,1,3,9,99,99,9,9,99,99,0,9,99,9,99,9,1,1,1,1,32,6,125,1,3,HONDA WW125,5,E01003140,0,-1
2023010428938,2023,010428938,1,3,0,99,99,9,9,99,99,0,9,99,9,99,9,1,2,2,1,32,6,125,1,5,HONDA WW125,2,E01003604,0,-1
2023010442117,2023,010442117,1,3,0,99,99,9,9,99,99,9,9,99,9,99,9,1,6,6,1,24,5,125,1,1,HONDA WW125,5,E01000994,0,-1
2023010453935,2023,010453935,1,3,0,99,99,9,9,99,99,9,9,99,9,99,1,1,6,6,1,26,6,125,1,0,HONDA WW125,4,E01003561,0,-1
2023451344679,2023,451344679,1,2,0,18,19,1,5,0,0,1,2,0,0,0,4,1,6,6,1,45,7,125,1,6,HONDA WW125,8,E01002941,0,-1
2023122300182,2023,122300182,2,3,0,18,19,4,8,0,0,0,1,0,1,0,3,1,6,6,1,61,9,125,1,6,HONDA WW125,-1,-1,0,-1
2023010421114,2023,010421114,1,97,0,99,99,9,9,99,99,9,9,99,9,99,1,9,2,2,1,35,6,125,1,4,HONDA WW125,2,E01002051,0,-1
2023461339749,2023,461339749,2,3,0,18,19,7,5,0,0,2,0,0,0,0,4,1,5,6,1,33,6,125,1,3,HONDA WW125,5,E01024831,0,-1
2023010423837,2023,010423837,1,3,0,99,99,9,9,99,99,9,9,99,9,99,2,1,1,1,1,19,4,125,1,5,HONDA WW125,5,E01002692,0,-1
2023010469233,2023,010469233,1,3,0,18,19,7,3,0,0,1,0,0,0,0,1,1,6,6,1,26,6,125,1,1,HONDA WW125,7,E01002223,0,-1
2023471290344,2023,471290344,1,3,0,18,19,5,1,0,0,0,0,0,0,0,1,1,5,6,1,59,9,125,1,1,HONDA WW125,8,E01031382,0,-1
2023010457614,2023,010457614,2,3,0,99,99,9,9,99,99,9,9,99,9,99,0,9,6,6,3,32,6,125,1,2,HONDA WW125,2,E01004246,0,-1
2023471383649,2023,471383649,1,3,0,7,7,3,5,9,9,1,1,0,0,0,2,1,6,6,1,39,7,125,1,11,HONDA WW125,6,E01031352,0,-1
2023010450240,2023,010450240,1,3,0,99,99,9,9,99,99,9,9,99,9,99,1,1,1,1,2,32,6,125,1,6,HONDA WW125,4,E01000980,0,-1
2023010472166,2023,010472166,1,3,0,18,19,5,1,0,0,6,0,0,0,0,3,1,6,6,1,25,5,125,1,1,HONDA WW125,2,E01000018,0,-1
2023010485905,2023,010485905,2,3,0,5,5,7,3,0,0,3,0,0,0,0,2,1,1,1,1,33,6,125,1,6,HONDA WW125,5,E01002234,0,-1
2023010450300,2023,010450300,1,3,0,99,99,9,9,99,99,9,9,99,9,99,9,1,2,2,1,21,5,125,1,1,HONDA WW125,8,E01021436,0,-1
2023010475675,2023,010475675,1,3,4,99,99,9,9,99,99,9,9,99,9,99,1,1,1,1,1,24,5,125,1,0,HONDA WW125,4,E01000999,0,-1
2023010485938,2023,010485938,2,3,0,14,14,7,3,0,0,1,0,0,0,0,1,1,6,6,1,23,5,125,1,0,HONDA WW125,-1,-1,0,-1
2023010453126,2023,010453126,1,3,0,99,99,9,9,99,99,0,9,99,9,99,1,1,2,2,1,37,7,125,1,8,HONDA WW125,10,E01004196,0,-1
2023010468293,2023,010468293,1,3,0,99,99,9,9,99,99,9,9,99,9,99,9,1,1,1,1,41,7,125,1,5,HONDA WW125,6,E01003394,0,-1
2023010467484,2023,010467484,1,3,0,99,99,9,9,99,99,9,9,99,9,99,1,1,1,1,1,27,6,125,1,6,HONDA WW125,6,E01002124,0,-1
2023010441637,2023,010441637,1,3,0,18,19,5,1,0,0,2,0,0,0,0,1,1,6,6,1,38,7,125,1,1,HONDA WW125,3,E01000522,0,-1
2023010459452,2023,010459452,1,3,0,99,99,9,9,99,99,9,9,99,9,99,2,1,2,2,1,43,7,125,1,1,HONDA WW125,7,E01000215,0,-1
2023010464002,2023,010464002,2,3,0,18,19,1,5,0,0,9,0,99,0,0,9,1,1,1,1,21,5,125,1,1,HONDA WW125,2,E01001152,0,-1
2023010486748,2023,010486748,1,4,9,99,99,9,9,99,99,9,9,99,9,99,9,1,1,1,1,22,5,125,1,6,HONDA WW125,2,E01001340,0,-1
2023010482983,2023,010482983,1,3,0,99,99,9,9,99,99,9,9,99,9,99,9,1,1,1,1,58,9,125,1,3,HONDA WW125,4,E01003210,0,-1
2023471278514,2023,471278514,1,3,0,18,19,1,5,0,0,0,0,0,0,0,1,1,5,6,1,27,6,125,1,3,HONDA WW125,4,E01016872,0,-1
2023010446514,2023,010446514,1,3,0,18,19,7,3,0,0,8,0,0,0,0,1,1,6,6,1,20,4,125,1,3,HONDA WW125,6,E01000160,0,-1
2023010437024,2023,010437024,2,3,9,18,19,1,5,0,0,8,0,0,0,0,1,1,6,6,3,33,6,125,1,4,HONDA WW125,-1,-1,0,-1
2023010444101,2023,010444101,2,3,0,18,19,7,3,0,0,8,0,0,0,0,1,1,2,2,1,49,8,125,1,1,HONDA WW125,6,E01002640,0,-1
2023010440776,2023,010440776,1,3,0,18,19,5,1,0,0,1,0,0,0,0,1,1,1,1,1,27,6,125,1,5,HONDA WW125,2,E01003598,0,-1
2023010474981,2023,010474981,1,3,0,99,99,9,9,99,99,0,9,99,0,99,9,1,6,6,3,-1,-1,125,1,5,HONDA WW125,5,E01002529,0,-1
2023010428584,2023,010428584,1,3,0,99,99,9,9,99,99,9,9,99,9,99,1,1,1,1,1,29,6,125,1,3,HONDA WW125,7,E01023508,0,-1
2023471330213,2023,471330213,1,3,0,18,19,7,3,0,0,0,5,0,0,0,1,1,2,2,1,20,4,125,1,10,HONDA WW125,3,E01031444,0,-1
2023010447966,2023,010447966,2,3,0,99,99,9,9,99,99,9,0,99,9,99,9,1,6,6,1,54,8,125,1,5,HONDA WW125,4,E01002103,0,-1
2023010427739,2023,010427739,1,3,0,99,99,9,9,99,99,9,9,99,9,99,9,1,6,6,1,40,7,125,1,1,HONDA WW125,10,E01000756,0,-1
2023010430801,2023,010430801,1,3,0,99,99,9,9,99,99,9,9,99,9,99,9,1,2,2,1,21,5,125,1,1,HONDA WW125,7,E01002197,0,-1
2023010447626,2023,010447626,1,3,0,18,19,7,3,0,0,8,2,0,0,0,1,1,6,6,1,21,5,125,1,8,HONDA WW125,7,E01003167,0,-1
2023010481500,2023,010481500,1,3,0,99,99,9,9,99,99,9,9,99,9,99,1,1,1,1,1,25,5,125,1,6,HONDA WW125,6,E01004216,0,-1