collision_index,collision_year,collision_ref_no,vehicle_reference,vehicle_type,towing_and_articulation,vehicle_manoeuvre_historic,vehicle_manoeuvre,vehicle_direction_from,vehicle_direction_to,vehicle_location_restricted_lane_historic,vehicle_location_restricted_lane,junction_location,skidding_and_overturning,hit_object_in_carriageway,vehicle_leaving_carriageway,hit_object_off_carriageway,first_point_of_impact,vehicle_left_hand_drive,journey_purpose_of_driver_historic,journey_purpose_of_driver,sex_of_driver,age_of_driver,age_band_of_driver,engine_capacity_cc,propulsion_code,age_of_vehicle,generic_make_model,driver_imd_decile,lsoa_of_driver,escooter_flag,driver_distance_banding
2023010468036,2023,010468036,1,4,0,5,5,1,5,0,0,1,0,0,0,0,1,1,2,2,1,32,6,125,1,2,HONDA WW125,5,E01015992,0,-1
2023471313714,2023,471313714,2,4,0,8,8,7,1,0,0,2,5,0,0,0,2,1,1,1,1,34,6,125,1,2,HONDA WW125,2,E01021135,0,-1
2023010466264,2023,010466264,1,3,0,99,99,9,9,99,99,9,9,99,9,99,2,1,1,1,1,33,6,125,1,11,HONDA WW125,4,E01000976,0,-1
2023411364548,2023,411364548,2,3,0,18,19,-1,-1,0,0,8,0,0,0,0,3,1,5,6,1,18,4,125,1,8,HONDA WW125,5,E01023400,0,-1
2023010424052,2023,010424052,1,3,0,99,99,9,9,99,99,9,9,99,9,99,2,1,1,1,2,28,6,125,1,6,HONDA WW125,2,E01002051,0,-1
2023010472945,2023,010472945,1,2,0,18,19,3,7,0,0,5,0,0,0,0,1,1,1,1,1,29,6,125,1,1,HONDA WW125,3,E01001688,0,-1
2023401390193,2023,401390193,1,4,0,18,19,3,7,0,0,8,0,0,0,0,1,1,5,6,1,68,10,125,1,0,HONDA WW125,3,E01015769,0,-1
2023010427891,2023,010427891,1,3,0,99,99,9,9,99,99,9,9,99,9,99,1,1,6,6,1,32,6,125,1,7,HONDA WW125,7,E01001411,0,-1
2023010482573,2023,010482573,2,3,0,9,9,5,2,0,0,1,0,0,0,0,2,1,1,1,1,30,6,125,1,6,HONDA WW125,6,E01001184,0,-1
2023010460578,2023,010460578,2,3,0,3,3,3,7,0,0,1,0,0,0,0,4,1,6,6,1,29,6,125,1,4,HONDA WW125,5,E01003415,0,-1
2023010466881,2023,010466881,2,3,0,15,15,5,1,0,0,1,0,0,0,0,4,1,1,1,1,29,6,125,1,4,HONDA WW125,5,E01000067,0,-1
2023010448371,2023,010448371,1,3,0,13,13,1,5,0,0,1,0,0,1,0,1,1,6,6,3,-1,-1,125,1,12,HONDA WW125,-1,-1,0,-1
2023010432387,2023,010432387,1,3,0,99,99,9,9,99,99,9,9,99,9,99,1,1,6,6,1,31,6,125,1,4,HONDA WW125,5,E01001973,0,-1
2023010455616,2023,010455616,1,3,0,99,99,9,9,99,99,9,9,99,9,99,1,1,6,6,2,39,7,125,1,3,HONDA WW125,3,E01003603,0,-1
2023010466306,2023,010466306,2,3,0,14,14,5,1,0,0,1,5,0,0,0,4,1,6,6,1,25,5,125,1,1,HONDA WW125,1,E01001558,0,-1
2023010460388,2023,010460388,1,3,0,99,99,9,9,99,99,9,9,99,9,99,9,1,6,6,3,24,5,125,1,0,HONDA WW125,3,E01001368,0,-1
2023201330512,2023,201330512,1,3,0,4,4,6,2,0,0,0,1,4,0,0,1,1,2,2,1,47,8,125,1,6,HONDA WW125,1,E01009886,0,-1
2023010439021,2023,010439021,1,3,0,99,99,9,9,99,99,9,9,99,9,99,9,1,6,6,1,20,4,125,1,5,HONDA WW125,1,E01002026,0,-1
2023010483313,2023,010483313,1,3,0,99,99,9,9,99,99,9,9,99,9,99,1,1,1,1,3,21,5,125,1,5,HONDA WW125,3,E01001445,0,-1
2023010476421,2023,010476421,1,3,0,99,99,9,9,99,99,9,9,99,9,99,1,1,1,1,1,37,7,125,1,1,HONDA WW125,3,E01001445,0,-1
2023010455924,2023,010455924,1,3,0,99,99,9,9,99,99,9,9,99,9,99,1,1,1,1,1,28,6,125,1,8,HONDA WW125,2,E01001977,0,-1
2023520300090,2023,520300090,2,3,0,18,19,3,7,0,0,8,0,0,0,0,1,1,6,6,1,18,4,125,1,8,HONDA WW125,5,E01029255,0,-1
2023010431248,2023,010431248,1,3,0,99,99,9,9,99,99,0,9,99,9,99,9,1,1,1,1,27,6,125,1,5,HONDA WW125,8,E01004072,0,-1
2023010422677,2023,010422677,1,3,0,99,99,9,9,99,99,9,9,99,9,99,9,1,2,2,1,27,6,125,1,6,HONDA WW125,1,E01002036,0,-1
2023010425311,2023,010425311,1,3,0,99,99,9,9,99,99,9,9,99,9,99,1,1,6,6,1,26,6,125,1,3,HONDA WW125,1,E01002094,0,-1
2023010428922,2023,010428922,1,3,9,99,99,9,9,99,99,0,9,99,9,99,9,1,6,6,1,24,5,125,1,4,HONDA WW125,5,E01001157,0,-1
2023010423735,2023,010423735,1,3,9,99,99,9,9,99,99,9,9,99,9,99,1,9,6,6,1,20,4,125,1,3,HONDA WW125,6,E01000160,0,-1
2023010437142,2023,010437142,1,3,0,99,99,9,9,99,99,9,9,99,9,99,1,1,2,2,1,27,6,125,1,3,HONDA WW125,3,E01003609,0,-1
2023010420180,2023,010420180,1,3,0,99,99,9,9,99,99,0,9,99,9,99,2,1,1,1,1,29,6,125,1,4,HONDA WW125,4,E01003447,0,-1
2023481371487,2023,481371487,2,3,0,14,14,3,7,0,0,8,0,0,0,0,1,1,5,6,1,38,7,125,1,1,HONDA WW125,-1,-1,0,-1
2023010468657,2023,010468657,1,3,0,99,99,9,9,99,99,9,9,99,9,99,9,1,6,6,1,20,4,125,1,0,HONDA WW125,7,E01002223,0,-1
2023010483370,2023,010483370,2,3,0,99,99,9,9,99,99,9,9,99,9,99,1,1,6,6,3,-1,-1,125,1,8,HONDA WW125,2,E01002076,0,-1
2023010465716,2023,010465716,1,3,0,99,99,9,9,99,99,0,9,99,9,99,9,1,1,1,3,29,6,125,1,7,HONDA WW125,4,E01001182,0,-1
2023010445405,2023,010445405,1,3,0,18,19,5,1,0,0,8,0,0,0,0,2,1,2,2,3,31,6,125,1,9,HONDA WW125,6,E01000232,0,-1
2023010483113,2023,010483113,2,3,0,18,19,7,3,0,0,1,0,0,0,0,1,1,2,2,1,34,6,125,1,3,HONDA WW125,2,E01000018,0,-1
2023201307499,2023,201307499,2,3,0,18,19,6,2,0,0,8,0,0,0,0,2,1,1,1,1,31,6,125,1,1,HONDA WW125,3,E01010055,0,-1
2023010473769,2023,010473769,1,3,9,99,99,9,9,99,99,9,9,99,9,99,9,1,1,1,2,23,5,125,1,1,HONDA WW125,2,E01004041,0,-1
2023361333057,2023,361333057,1,3,0,5,5,1,5,0,0,1,0,0,0,0,4,1,1,1,2,36,7,125,1,1,HONDA WW125,8,E01026849,0,-1
2023010434129,2023,010434129,1,3,0,99,99,9,9,99,99,9,9,99,9,99,1,1,2,2,1,23,5,125,1,3,HONDA WW125,8,E01003807,0,-1
2023010450623,2023,010450623,2,3,0,18,19,7,3,2,2,1,0,0,0,0,1,1,6,6,1,37,7,125,1,1,HONDA WW125,2,E01003594,0,-1
2023010470227,2023,010470227,2,3,0,15,15,1,5,0,0,1,0,0,0,0,4,1,6,6,1,32,6,125,1,2,HONDA WW125,5,E01003140,0,-1
2023010450988,2023,010450988,2,3,0,13,13,6,2,0,0,2,0,0,0,0,1,1,6,6,1,21,5,125,1,1,HONDA WW125,3,E01003635,0,-1
2023430529243,2023,430529243,1,3,0,18,19,4,8,0,0,8,0,0,0,0,1,1,6,6,1,21,5,125,1,1,HONDA WW125,9,E01017914,0,-1
2023302301926,2023,302301926,1,3,0,15,15,3,7,0,0,2,0,0,0,0,3,1,6,6,1,31,6,125,1,3,HONDA WW125,5,E01013587,0,-1
2023010451758,2023,010451758,1,3,0,99,99,9,9,99,99,9,9,99,9,99,1,1,6,6,1,33,6,125,1,2,HONDA WW125,6,E01000304,0,-1
2023010467226,2023,010467226,2,3,0,18,19,2,6,0,0,1,0,0,0,0,1,1,6,6,1,34,6,125,1,11,HONDA WW125,4,E01000799,0,-1
2023010441936,2023,010441936,1,3,0,99,99,9,9,99,99,9,9,99,9,99,9,1,6,6,1,26,6,125,1,8,HONDA WW125,2,E01001486,0,-1
2023010421543,2023,010421543,1,3,0,18,19,5,1,0,0,1,2,0,0,0,4,1,6,6,1,26,6,125,1,8,HONDA WW125,7,E01002972,0,-1
2023131298102,2023,131298102,1,4,0,13,13,6,1,0,0,8,0,0,0,0,1,1,6,6,1,20,4,125,1,8,HONDA WW125,7,E01011069,0,-1
2023010448105,2023,010448105,1,3,0,18,19,1,5,0,0,8,0,10,0,0,1,1,6,6,1,28,6,125,1,3,HONDA WW125,-1,-1,0,-1
2023461294738,2023,461294738,1,3,0,4,4,6,2,0,0,0,0,0,0,0,1,1,1,1,1,32,6,125,1,1,HONDA WW125,8,E01024044,0,-1
2023010439294,2023,010439294,1,97,0,99,99,9,9,99,99,9,9,99,9,99,1,9,2,2,1,24,5,125,1,4,HONDA WW125,4,E01001174,0,-1
2023522300486,2023,522300486,2,3,0,18,19,3,7,0,0,0,0,0,0,0,1,1,6,6,1,37,7,125,1,1,HONDA WW125,1,W01001643,0,-1
2023010432342,2023,010432342,1,4,0,18,19,1,5,0,0,2,0,0,0,0,4,1,6,6,1,33,6,125,1,2,HONDA WW125,7,E01002176,0,-1
2023010422296,2023,010422296,1,2,4,3,3,1,5,0,0,1,0,0,0,0,0,1,1,1,1,38,7,125,1,4,HONDA WW125,5,E01004494,0,-1
2023010473586,2023,010473586,1,3,0,99,99,9,9,99,99,9,9,99,9,99,9,1,1,1,1,23,5,125,1,10,HONDA WW125,1,E01004304,0,-1
2023471341387,2023,471341387,1,3,0,18,19,4,8,0,0,8,0,0,0,0,1,1,5,6,1,21,5,125,1,10,HONDA WW125,1,E01031454,0,-1
2023231308873,2023,231308873,1,3,0,18,19,3,7,0,0,6,0,0,0,0,1,1,5,6,1,18,4,125,1,12,HONDA WW125,1,E01009718,0,-1
2023451355263,2023,451355263,1,3,0,16,19,1,5,0,0,1,0,0,0,0,4,1,1,1,2,30,6,125,1,9,HONDA WW125,4,E01001009,0,-1
2023010427038,2023,010427038,2,3,0,18,19,5,1,0,0,0,0,0,0,0,3,1,1,1,1,22,5,125,1,8,HONDA WW125,2,E01001943,0,-1
2023320671723,2023,320671723,1,3,0,17,19,6,3,0,0,0,2,0,1,9,1,1,2,2,1,22,5,125,1,5,HONDA WW125,9,E01026301,0,-1
2023501349269,2023,501349269,1,3,0,5,5,4,8,0,0,0,5,10,1,0,3,1,6,6,1,18,4,125,1,6,HONDA WW125,-1,-1,0,-1
2023010429644,2023,010429644,1,97,0,99,99,9,9,99,99,9,9,99,9,99,1,9,2,2,1,19,4,125,1,1,HONDA WW125,2,E01000533,0,-1
2023010463111,2023,010463111,1,3,0,99,99,9,9,99,99,9,9,99,9,99,2,1,2,2,1,32,6,125,1,0,HONDA WW125,2,E01001770,0,-1
2023471388245,2023,471388245,1,3,0,18,19,7,3,0,0,8,0,0,0,0,1,1,4,7,1,18,4,125,1,6,HONDA WW125,3,E01016879,0,-1
2023411284585,2023,411284585,2,3,0,10,10,7,3,0,0,6,0,0,0,0,2,1,1,1,1,43,7,125,1,5,HONDA WW125,3,E01023343,0,-1
2023010450918,2023,010450918,1,3,0,99,99,9,9,99,99,9,9,99,9,99,9,1,6,6,1,27,6,125,1,10,HONDA WW125,6,E01000584,0,-1
2023430266725,2023,430266725,1,3,0,9,9,5,3,0,0,8,0,0,0,0,3,1,2,2,1,40,7,125,1,6,HONDA WW125,7,E01016401,0,-1
2023010435483,2023,010435483,1,3,0,99,99,9,9,99,99,9,9,99,9,99,2,1,2,2,1,30,6,125,1,1,HONDA WW125,5,E01000631,0,-1
2023010465009,2023,010465009,1,3,0,18,19,1,5,0,0,1,0,0,0,0,1,1,2,2,1,37,7,125,1,1,HONDA WW125,1,E01000508,0,-1
2023010455670,2023,010455670,1,3,0,99,99,9,9,99,99,9,9,99,9,99,1,1,1,1,1,36,7,125,1,6,HONDA WW125,3,E01000553,0,-1
2023522400536,2023,522400536,2,3,0,18,19,3,7,0,0,0,1,4,0,0,1,1,6,6,1,33,6,125,1,4,HONDA WW125,4,E01014686,0,-1
2023010468834,2023,010468834,1,3,0,18,19,5,1,0,0,1,5,0,0,0,3,1,1,1,1,37,7,125,1,4,HONDA WW125,4,E01003494,0,-1
2023411372826,2023,411372826,2,2,0,18,19,2,6,0,0,8,0,0,0,0,3,1,6,6,1,24,5,125,1,3,HONDA WW125,8,E01002499,0,-1
2023010441804,2023,010441804,2,3,0,18,19,7,3,0,0,1,0,0,0,0,1,1,1,1,1,34,6,125,1,10,HONDA WW125,2,E01000523,0,-1
2023010444576,2023,010444576,1,3,0,99,99,9,9,99,99,9,9,99,9,99,1,1,6,6,1,23,5,125,1,2,HONDA WW125,2,E01001448,0,-1
2023010428147,2023,010428147,1,3,9,99,99,9,9,99,99,9,9,99,9,99,9,1,6,6,1,-1,-1,125,1,9,HONDA WW125,1,E01000521,0,-1
2023010427847,2023,010427847,1,3,0,99,99,9,9,99,99,9,9,99,9,99,1,1,6,6,1,32,6,125,1,8,HONDA WW125,3,E01001547,0,-1
2023010459535,2023,010459535,1,3,0,5,5,3,7,0,0,1,0,4,0,0,1,1,1,1,1,28,6,125,1,1,HONDA WW125,6,E01001312,0,-1
2023010442632,2023,010442632,1,3,9,99,99,9,9,99,99,9,9,99,9,99,9,1,1,1,2,30,6,125,1,12,HONDA WW125,10,E01023595,0,-1
2023010473761,2023,010473761,1,3,0,99,99,9,9,99,99,9,9,99,9,99,1,1,1,1,1,29,6,125,1,4,HONDA WW125,10,E01000756,0,-1
2023010442503,2023,010442503,1,3,0,99,99,9,9,99,99,9,9,99,9,99,2,1,6,6,1,32,6,125,1,8,HONDA WW125,2,E01002049,0,-1
2023010486197,2023,010486197,1,3,0,3,3,4,8,0,0,1,0,0,0,0,2,1,6,6,1,26,6,125,1,12,HONDA WW125,4,E01003608,0,-1
2023010420752,2023,010420752,1,3,0,99,99,9,9,99,99,9,9,99,9,99,1,1,6,6,1,26,6,125,1,11,HONDA WW125,3,E01001391,0,-1
2023010464297,2023,010464297,1,3,9,99,99,9,9,99,99,0,9,99,9,99,1,1,6,6,1,21,5,125,1,7,HONDA WW125,10,E01016349,0,-1
2023010461320,2023,010461320,2,3,0,18,19,1,5,0,0,1,5,0,0,0,1,1,1,1,1,28,6,125,1,4,HONDA WW125,2,E01003512,0,-1
2023010434117,2023,010434117,1,3,0,99,99,9,9,99,99,9,9,99,9,99,9,1,6,6,1,25,5,125,1,1,HONDA WW125,6,E01001665,0,-1
2023522301846,2023,522301846,1,5,0,18,19,5,1,0,0,8,0,0,0,0,4,1,6,6,1,26,6,125,1,0,-1,4,E01014523,0,-1
2023010447601,2023,010447601,1,3,0,99,99,9,9,99,99,0,9,99,9,99,1,1,2,2,1,19,4,125,1,5,HONDA WW125,2,E01002077,0,-1
2023010448526,2023,010448526,1,3,0,99,99,9,9,99,99,9,9,99,9,99,1,1,1,1,1,30,6,125,1,3,HONDA WW125,4,E01004142,0,-1
2023010421837,2023,010421837,1,3,0,18,19,3,7,0,0,1,2,0,0,0,0,1,6,6,1,33,6,125,1,10,HONDA WW125,-1,-1,0,-1
2023010435327,2023,010435327,1,3,0,99,99,9,9,99,99,9,9,99,9,99,9,1,1,1,1,26,6,125,1,1,HONDA WW125,6,E01000513,0,-1
2023010444746,2023,010444746,1,3,0,4,4,1,5,0,0,1,9,0,0,0,2,1,1,1,1,30,6,125,1,3,HONDA WW125,4,E01004142,0,-1
2023131348572,2023,131348572,1,3,0,18,19,3,7,0,0,0,0,0,1,0,1,1,1,1,1,38,7,125,1,3,HONDA WW125,6,E01011480,0,-1
2023010441579,2023,010441579,1,3,0,6,6,1,1,0,0,8,0,0,0,0,1,1,6,6,1,30,6,125,1,1,HONDA WW125,2,E01001372,0,-1
2023522300705,2023,522300705,1,3,0,17,19,2,1,0,0,8,0,0,0,0,4,1,6,6,1,21,5,125,1,1,HONDA WW125,2,E01033361,0,-1
2023010421868,2023,010421868,1,3,0,99,99,9,9,99,99,9,9,99,9,99,2,1,6,6,1,26,6,125,1,1,HONDA WW125,4,E01000621,0,-1
2023010469018,2023,010469018,1,3,0,99,99,9,9,99,99,0,9,99,9,99,1,1,1,1,1,38,7,125,1,2,HONDA WW125,2,E01001651,0,-1
2023010460370,2023,010460370,1,3,0,99,99,9,9,99,99,9,9,99,9,99,9,1,6,6,1,30,6,125,1,1,HONDA WW125,3,E01000640,0,-1
2023010474896,2023,010474896,1,3,0,99,99,9,9,99,99,9,9,99,9,99,1,1,1,1,3,20,4,125,1,1,HONDA WW125,5,E01000243,0,-1
2023201323104,2023,201323104,2,3,0,15,15,3,7,0,0,8,0,0,0,0,1,1,6,6,1,30,6,125,1,6,HONDA WW125,3,E01008986,0,-1
2023010453355,2023,010453355,2,3,0,18,19,2,6,0,0,5,0,0,0,0,1,1,2,2,1,43,7,125,1,0,HONDA WW125,4,E01001613,0,-1
2023010446814,2023,010446814,2,3,0,18,19,6,2,0,0,1,0,0,0,0,1,1,6,6,1,33,6,125,1,3,HONDA WW125,7,E01000225,0,-1
2023552300595,2023,552300595,2,3,0,3,3,4,8,0,0,1,0,0,0,0,2,1,6,6,2,31,6,125,1,1,HONDA WW125,3,E01033242,0,-1
2023010454238,2023,010454238,2,3,0,13,13,7,3,0,0,0,9,0,0,0,1,1,6,6,3,-1,-1,125,1,1,HONDA WW125,-1,-1,0,-1
2023522301367,2023,522301367,2,4,0,13,13,6,2,0,0,8,1,0,0,0,1,1,6,6,1,17,4,125,1,3,HONDA WW125,8,E01033338,0,-1
2023010459252,2023,010459252,1,3,0,18,19,1,5,0,0,8,0,0,0,0,1,1,1,1,1,35,6,125,1,2,HONDA WW125,5,E01003638,0,-1
2023411275640,2023,411275640,2,3,0,18,19,7,3,0,0,0,0,0,0,0,1,1,6,6,1,39,7,125,1,0,HONDA WW125,8,E01023576,0,-1
2023010476130,2023,010476130,2,4,0,18,19,3,7,0,0,8,0,0,0,0,1,1,6,6,1,23,5,125,1,2,HONDA WW125,-1,-1,0,-1
2023010445966,2023,010445966,1,3,9,99,99,9,9,99,99,0,9,99,9,99,9,1,1,1,1,30,6,125,1,0,HONDA WW125,3,E01009701,0,-1
2023010432060,2023,010432060,1,3,0,99,99,9,9,99,99,9,9,99,9,99,9,1,1,1,1,34,6,125,1,1,HONDA WW125,1,E01001178,0,-1
2023010478821,2023,010478821,2,4,0,18,19,7,3,0,0,1,0,0,0,0,1,1,6,6,1,19,4,125,1,12,HONDA WW125,2,E01004014,0,-1
2023010484270,2023,010484270,1,3,0,18,19,5,1,0,0,1,5,0,0,0,4,1,6,6,1,31,6,125,1,2,HONDA WW125,-1,-1,0,-1
2023010427324,2023,010427324,1,2,0,2,2,0,0,0,0,0,0,0,0,0,2,1,6,6,3,-1,-1,125,1,6,HONDA WW125,-1,-1,0,-1
2023010434420,2023,010434420,1,3,9,99,99,9,9,99,99,9,9,99,9,99,9,1,1,1,1,32,6,125,1,4,HONDA WW125,2,E01000628,0,-1
2023010445805,2023,010445805,1,3,0,99,99,9,9,99,99,9,9,99,9,99,1,1,1,1,2,26,6,125,1,3,HONDA WW125,7,E01001411,0,-1
2023010472045,2023,010472045,2,3,0,9,9,5,2,0,0,1,0,0,0,0,1,1,6,6,1,30,6,125,1,1,HONDA WW125,4,E01001005,0,-1
2023010427788,2023,010427788,1,3,0,3,3,5,1,0,0,1,0,0,0,0,2,1,1,1,1,38,7,125,1,2,HONDA WW125,6,E01002640,0,-1
2023010454517,2023,010454517,1,3,0,99,99,9,9,99,99,9,9,99,9,99,1,1,2,2,1,38,7,125,1,2,HONDA WW125,7,E01001411,0,-1
2023440461905,2023,440461905,2,2,0,18,19,7,3,0,0,1,0,0,0,0,4,1,6,6,1,22,5,125,1,8,HONDA WW125,2,E01017133,0,-1
2023010485013,2023,010485013,1,4,0,18,19,7,3,0,0,8,0,0,0,0,1,1,1,1,1,24,5,125,1,6,HONDA WW125,4,E01001297,0,-1
2023522301129,2023,522301129,1,3,0,9,9,7,5,0,0,8,0,0,0,0,3,1,6,6,1,19,4,125,1,4,HONDA WW125,4,E01017071,0,-1
2023522300931,2023,522300931,1,5,0,3,3,3,7,0,0,1,0,0,0,0,1,1,6,6,1,47,8,125,1,2,-1,4,E01014523,0,-1
2023010482724,2023,010482724,1,4,0,3,3,7,3,0,0,1,0,0,0,0,2,1,1,1,1,28,6,125,1,3,HONDA WW125,4,E01001615,0,-1
2023010444613,2023,010444613,1,3,0,99,99,9,9,99,99,9,9,99,9,99,1,1,6,6,1,37,7,125,1,2,HONDA WW125,6,E01016492,0,-1
2023010478442,2023,010478442,1,3,0,99,99,9,9,99,99,9,9,99,9,99,1,1,1,1,1,36,7,125,1,6,HONDA WW125,6,E01003644,0,-1
2023010451625,2023,010451625,1,3,0,99,99,9,9,99,99,9,9,99,9,99,9,1,6,6,3,22,5,125,1,3,HONDA WW125,3,E01001449,0,-1
2023010454373,2023,010454373,1,3,0,99,99,9,9,99,99,9,9,99,9,99,1,1,6,6,1,26,6,125,1,4,HONDA WW125,6,E01001990,0,-1
2023471339474,2023,471339474,2,3,0,3,3,3,7,0,0,1,0,0,0,0,1,1,5,6,2,33,6,125,1,2,HONDA WW125,5,E01016994,0,-1
2023010449032,2023,010449032,2,4,0,18,19,7,3,0,0,1,0,0,0,0,1,1,6,6,1,29,6,125,1,12,HONDA WW125,3,E01000642,0,-1
2023010470883,2023,010470883,1,3,0,99,99,9,9,99,99,9,9,99,9,99,9,1,1,1,3,31,6,125,1,4,HONDA WW125,3,E01000510,0,-1
2023010442176,2023,010442176,2,3,0,9,9,5,3,0,0,1,0,0,0,0,3,1,1,1,1,28,6,125,1,3,HONDA WW125,9,E01004097,0,-1
2023010439858,2023,010439858,1,3,0,99,99,9,9,99,99,9,9,99,9,99,1,1,1,1,1,23,5,125,1,3,HONDA WW125,6,E01001393,0,-1
2023411268293,2023,411268293,2,3,0,18,19,-1,-1,0,0,1,0,0,0,0,4,1,2,2,1,22,5,125,1,4,HONDA WW125,6,E01023903,0,-1
2023201323134,2023,201323134,1,3,0,18,19,2,6,0,0,8,0,0,0,0,4,1,1,1,1,30,6,125,1,7,HONDA WW125,1,E01009117,0,-1
2023010422675,2023,010422675,2,2,0,18,19,1,5,0,0,2,0,0,0,0,3,1,1,1,2,43,7,125,1,3,HONDA WW125,3,E01004676,0,-1
2023010425296,2023,010425296,1,3,0,99,99,9,9,99,99,9,9,99,9,99,1,1,1,1,1,24,5,125,1,3,HONDA WW125,4,E01000171,0,-1
2023010435986,2023,010435986,3,3,0,3,3,7,3,0,0,2,0,0,0,0,1,1,1,1,1,26,6,125,1,2,HONDA WW125,3,E01003531,0,-1
2023430067949,2023,430067949,1,3,0,3,3,4,8,0,0,0,0,0,0,0,1,1,6,6,1,29,6,125,1,1,HONDA WW125,5,E01016479,0,-1
2023010473589,2023,010473589,1,3,0,99,99,9,9,99,99,0,9,99,9,99,1,1,1,1,1,24,5,125,1,3,HONDA WW125,3,E01003534,0,-1
2023010479620,2023,010479620,2,3,0,99,99,9,9,99,99,0,9,99,9,99,1,1,1,1,3,-1,-1,125,1,1,HONDA WW125,-1,-1,0,-1
2023010483393,2023,010483393,1,3,0,99,99,9,9,99,99,9,9,99,9,99,9,1,1,1,1,38,7,125,1,11,HONDA WW125,1,E01001425,0,-1
2023010452908,2023,010452908,2,3,0,99,99,9,9,99,99,9,9,99,9,99,9,9,6,6,3,31,6,125,1,8,HONDA WW125,4,E01015742,0,-1
2023010419625,2023,010419625,1,3,0,99,99,9,9,99,99,9,9,99,9,99,1,1,6,6,1,26,6,125,1,1,HONDA WW125,3,E01000578,0,-1
2023522300499,2023,522300499,2,3,0,18,19,6,2,0,0,0,0,0,0,0,1,1,6,6,1,21,5,125,1,2,HONDA WW125,8,E01033338,0,-1
2023522301849,2023,522301849,1,5,0,18,19,1,5,0,0,8,0,0,0,0,4,1,6,6,1,33,6,125,1,6,-1,6,E01014952,0,-1
2023010441289,2023,010441289,1,3,0,18,19,7,3,0,0,0,0,0,0,0,0,1,2,2,1,28,6,125,1,5,HONDA WW125,8,E01001544,0,-1
2023010453916,2023,010453916,1,3,0,99,99,9,9,99,99,9,9,99,9,99,2,1,1,1,1,30,6,125,1,5,HONDA WW125,3,E01001043,0,-1
2023010423297,2023,010423297,2,3,3,5,5,5,1,0,0,0,0,0,0,0,1,1,6,6,1,36,7,125,1,3,HONDA WW125,4,E01003077,0,-1
2023010468838,2023,010468838,1,3,0,99,99,9,9,99,99,9,9,99,9,99,1,1,6,6,2,21,5,125,1,1,HONDA WW125,4,E01001153,0,-1
2023131312611,2023,131312611,1,3,0,4,4,4,8,0,0,1,0,0,0,0,2,1,6,6,1,22,5,125,1,2,HONDA WW125,2,E01011080,0,-1
2023010478778,2023,010478778,1,3,0,99,99,9,9,99,99,9,9,99,9,99,9,1,1,1,2,31,6,125,1,1,HONDA WW125,2,E01002096,0,-1
2023302301966,2023,302301966,1,3,0,18,19,8,4,0,0,0,0,0,0,0,1,1,6,6,3,-1,-1,125,1,13,HONDA WW125,-1,-1,0,-1
2023010424413,2023,010424413,1,3,0,99,99,9,9,99,99,9,9,99,9,99,1,1,6,6,1,30,6,125,1,5,HONDA WW125,2,E01002077,0,-1
2023010428435,2023,010428435,1,3,0,99,99,9,9,99,99,9,9,99,9,99,9,1,1,1,1,22,5,125,1,5,HONDA WW125,2,E01001812,0,-1
2023010447297,2023,010447297,1,3,0,99,99,9,9,99,99,9,9,99,9,99,2,1,1,1,1,29,6,125,1,3,HONDA WW125,4,E01001185,0,-1
2023010462173,2023,010462173,1,3,0,99,99,9,9,99,99,9,9,99,9,99,1,1,1,1,1,28,6,125,1,6,HONDA WW125,4,E01003053,0,-1
2023430379835,2023,430379835,1,3,0,18,19,8,4,0,0,4,0,0,0,0,3,1,1,1,2,29,6,125,1,0,HONDA WW125,5,E01016419,0,-1
2023430216576,2023,430216576,1,3,0,18,19,4,8,0,0,2,0,0,0,0,4,1,2,2,1,24,5,125,1,0,HONDA WW125,7,E01016355,0,-1
2023010438647,2023,010438647,1,3,0,99,99,9,9,99,99,9,9,99,9,99,1,1,6,6,1,29,6,125,1,4,HONDA WW125,2,E01002076,0,-1
2023010422110,2023,010422110,1,3,0,18,19,5,1,0,0,8,0,10,1,10,3,1,1,1,1,25,5,125,1,2,HONDA WW125,2,E01001748,0,-1