collision_index,collision_year,collision_ref_no,vehicle_reference,vehicle_type,towing_and_articulation,vehicle_manoeuvre_historic,vehicle_manoeuvre,vehicle_direction_from,vehicle_direction_to,vehicle_location_restricted_lane_historic,vehicle_location_restricted_lane,junction_location,skidding_and_overturning,hit_object_in_carriageway,vehicle_leaving_carriageway,hit_object_off_carriageway,first_point_of_impact,vehicle_left_hand_drive,journey_purpose_of_driver_historic,journey_purpose_of_driver,sex_of_driver,age_of_driver,age_band_of_driver,engine_capacity_cc,propulsion_code,age_of_vehicle,generic_make_model,driver_imd_decile,lsoa_of_driver,escooter_flag,driver_distance_banding
2023430493493,2023,430493493,1,3,0,18,19,2,6,0,0,8,0,0,0,0,1,1,6,6,1,29,6,125,1,0,HONDA WW125,-1,-1,0,-1
2023010465407,2023,010465407,2,3,0,18,19,1,5,0,0,1,0,0,0,0,3,1,1,1,1,34,6,125,1,0,HONDA WW125,3,E01002548,0,-1
2023010430471,2023,010430471,2,3,0,15,15,3,7,0,0,1,2,0,0,0,4,1,2,2,1,23,5,125,1,1,HONDA WW125,4,E01003210,0,-1
2023010445125,2023,010445125,2,3,0,18,19,5,1,0,0,0,5,0,1,0,1,1,6,6,1,22,5,125,1,6,HONDA WW125,-1,-1,0,-1
2023430446066,2023,430446066,1,3,0,9,9,2,8,0,0,6,0,0,0,0,2,1,1,1,1,26,6,125,1,4,HONDA WW125,10,E01016335,0,-1
2023010445407,2023,010445407,1,3,0,99,99,9,9,99,99,9,9,99,9,99,1,1,1,1,2,42,7,125,1,2,HONDA WW125,3,E01000511,0,-1
202360A151117,2023,60A151117,2,3,0,4,4,6,4,0,0,8,0,0,0,0,2,1,1,1,1,30,6,125,1,0,HONDA WW125,-1,-1,0,-1
2023010443602,2023,010443602,1,3,0,99,99,9,9,99,99,9,9,99,9,99,1,1,6,6,1,21,5,125,1,11,HONDA WW125,4,E01001503,0,-1
2023070794236,2023,070794236,1,4,0,18,19,5,1,0,0,1,0,0,1,0,4,1,1,1,1,31,6,125,1,6,HONDA WW125,6,E01018331,0,-1
2023010464903,2023,010464903,1,3,0,5,5,7,3,0,0,0,0,0,0,0,1,1,6,6,1,23,5,125,1,8,HONDA WW125,3,E01000522,0,-1
2023461262774,2023,461262774,2,3,-1,-1,-1,-1,-1,-1,-1,-1,-1,-1,-1,0,4,1,6,6,1,46,8,125,1,2,HONDA WW125,5,E01003144,0,-1
2023010423000,2023,010423000,1,3,0,99,99,9,9,99,99,9,9,99,9,99,1,1,6,6,1,-1,-1,125,1,2,HONDA WW125,3,E01002105,0,-1
2023010463577,2023,010463577,2,3,0,18,19,7,3,2,2,1,0,0,0,0,1,1,6,6,1,61,9,125,1,7,HONDA WW125,5,E01001277,0,-1
2023501286559,2023,501286559,2,3,0,18,19,5,1,0,0,8,0,0,0,0,1,1,2,2,2,24,5,125,1,1,HONDA WW125,6,E01020083,0,-1
2023010453731,2023,010453731,1,3,0,99,99,9,9,99,99,9,9,99,9,99,9,1,6,6,1,35,6,125,1,2,HONDA WW125,4,E01003118,0,-1
2023010475422,2023,010475422,1,3,0,99,99,9,9,99,99,9,9,99,9,99,1,1,1,1,1,35,6,125,1,2,HONDA WW125,2,E01003509,0,-1
2023010454242,2023,010454242,1,3,0,99,99,9,9,99,99,9,9,99,9,99,1,1,6,6,1,26,6,125,1,7,HONDA WW125,1,E01000605,0,-1
2023010475824,2023,010475824,1,3,0,18,19,5,1,0,0,8,9,99,0,0,1,1,6,6,1,27,6,125,1,5,HONDA WW125,3,E01001154,0,-1
2023010422745,2023,010422745,1,3,0,7,7,6,1,0,0,1,0,0,0,0,1,1,1,1,1,34,6,125,1,1,HONDA WW125,2,E01001110,0,-1
2023461326413,2023,461326413,2,3,0,18,19,1,3,0,0,1,0,0,0,0,3,1,5,6,1,26,6,125,1,4,HONDA WW125,6,E01024180,0,-1
2023010453887,2023,010453887,2,4,0,13,13,3,7,0,0,1,0,0,0,0,1,1,6,6,1,31,6,125,1,9,HONDA WW125,2,E01003553,0,-1
2023010420663,2023,010420663,2,3,0,18,19,7,3,0,0,2,1,0,0,0,1,1,6,6,1,32,6,125,1,1,HONDA WW125,-1,-1,0,-1
2023311314824,2023,311314824,2,3,0,5,5,8,4,0,0,1,0,0,0,0,2,1,2,2,1,29,6,125,1,1,HONDA WW125,-1,-1,0,-1
2023010481787,2023,010481787,1,3,0,9,9,3,2,0,0,1,0,0,1,0,4,1,1,1,1,32,6,125,1,4,HONDA WW125,-1,-1,0,-1
2023010472138,2023,010472138,1,4,0,9,9,5,3,0,0,8,0,0,0,0,2,1,1,1,1,34,6,125,1,2,HONDA WW125,3,E01002084,0,-1
2023122400073,2023,122400073,1,3,0,18,19,5,1,0,0,8,0,0,0,0,3,1,6,6,1,28,6,125,1,1,HONDA WW125,5,E01013390,0,-1
2023010463169,2023,010463169,1,3,0,99,99,9,9,99,99,9,9,99,9,99,9,1,6,6,1,17,4,125,1,2,HONDA WW125,6,E01003386,0,-1
2023522301583,2023,522301583,2,3,0,12,12,1,5,0,0,0,0,0,0,0,1,1,6,6,1,19,4,125,1,4,HONDA WW125,1,E01033359,0,-1
2023010426193,2023,010426193,1,3,0,18,19,7,3,0,0,2,0,0,0,0,1,1,6,6,1,29,6,125,1,1,HONDA WW125,4,E01004642,0,-1
2023010456059,2023,010456059,1,3,0,99,99,9,9,99,99,9,9,99,9,99,1,1,6,6,1,27,6,125,1,1,HONDA WW125,3,E01000506,0,-1
2023052300314,2023,052300314,1,3,0,18,19,7,3,0,0,1,1,0,0,0,0,1,1,1,1,45,7,125,1,11,HONDA WW125,1,E01007008,0,-1
2023010430272,2023,010430272,1,3,0,99,99,9,9,99,99,9,9,99,9,99,1,1,2,2,2,30,6,125,1,9,HONDA WW125,3,E01001147,0,-1
2023010431902,2023,010431902,1,3,0,99,99,9,9,99,99,9,9,99,9,99,1,1,1,1,2,24,5,125,1,0,HONDA WW125,6,E01002204,0,-1
2023010428762,2023,010428762,1,3,0,99,99,9,9,99,99,9,9,99,9,99,1,1,6,6,1,29,6,125,1,8,HONDA WW125,4,E01002088,0,-1
2023010477051,2023,010477051,1,3,0,99,99,9,9,99,99,9,9,99,9,99,1,1,1,1,1,37,7,125,1,8,HONDA WW125,2,E01001151,0,-1
2023451373143,2023,451373143,1,3,0,13,13,1,3,0,0,8,0,0,0,0,0,1,2,2,1,37,7,125,1,1,HONDA WW125,7,E01017828,0,-1
2023010450063,2023,010450063,1,3,0,99,99,9,9,99,99,0,9,99,9,99,2,1,6,6,3,33,6,125,1,1,HONDA WW125,3,E01003586,0,-1
2023010477852,2023,010477852,1,3,0,99,99,9,9,99,99,9,9,99,9,99,1,1,2,2,1,29,6,125,1,3,HONDA WW125,3,E01001154,0,-1
2023461374484,2023,461374484,1,4,0,17,19,4,7,0,0,0,2,0,7,9,0,1,5,6,1,75,10,125,1,0,HONDA WW125,9,E01032813,0,-1
2023010456262,2023,010456262,1,3,0,99,99,9,9,99,99,9,9,99,9,99,9,1,1,1,1,46,8,125,1,2,HONDA WW125,2,E01004327,0,-1
2023010485433,2023,010485433,2,3,0,18,19,5,1,0,0,1,0,0,0,0,1,1,6,6,1,30,6,125,1,0,HONDA WW125,2,E01000126,0,-1
2023010473898,2023,010473898,1,3,0,18,19,5,1,0,0,8,9,0,0,0,1,1,6,6,1,40,7,125,1,5,HONDA WW125,5,E01003433,0,-1
2023010457503,2023,010457503,1,3,0,99,99,9,9,99,99,9,9,99,9,99,1,1,6,6,3,26,6,125,1,4,HONDA WW125,6,E01000981,0,-1
2023010447313,2023,010447313,1,3,0,99,99,9,9,0,0,1,0,0,0,0,9,1,6,6,1,25,5,125,1,4,HONDA WW125,3,E01000638,0,-1
2023010460475,2023,010460475,2,3,0,18,19,7,3,0,0,1,0,0,0,0,1,1,1,1,1,36,7,125,1,3,HONDA WW125,3,E01003565,0,-1
2023631338686,2023,631338686,1,3,0,18,19,6,2,0,0,0,1,0,0,0,1,1,2,2,1,31,6,125,1,9,HONDA WW125,3,W01001902,0,-1
2023010471038,2023,010471038,1,3,0,18,19,7,3,0,0,7,2,7,1,11,1,1,6,6,1,38,7,125,1,2,HONDA WW125,5,E01001803,0,-1
2023010485891,2023,010485891,2,4,0,3,3,7,3,0,0,4,1,0,0,0,2,1,1,1,1,34,6,125,1,1,HONDA WW125,6,E01002125,0,-1
2023010430204,2023,010430204,1,3,0,99,99,9,9,99,99,9,9,99,9,99,1,1,1,1,1,32,6,125,1,8,HONDA WW125,7,E01000300,0,-1
2023411296678,2023,411296678,2,3,0,15,15,-1,-1,0,0,8,0,0,0,0,4,1,6,6,1,29,6,125,1,7,HONDA WW125,4,E01023883,0,-1
2023010468766,2023,010468766,2,3,0,14,14,3,7,0,0,6,0,0,0,0,1,1,6,6,1,23,5,125,1,6,HONDA WW125,-1,-1,0,-1
2023010453255,2023,010453255,1,3,0,9,9,8,5,0,0,8,0,0,0,0,1,1,1,1,1,31,6,125,1,7,HONDA WW125,2,E01003191,0,-1
2023010428578,2023,010428578,1,3,0,99,99,9,9,99,99,9,9,99,9,99,9,1,1,1,1,52,8,125,1,9,HONDA WW125,5,E01004225,0,-1
2023010481838,2023,010481838,1,3,0,99,99,9,9,99,99,9,9,99,9,99,9,1,1,1,1,31,6,125,1,6,HONDA WW125,1,E01001517,0,-1
2023141280148,2023,141280148,1,3,0,10,10,5,3,0,0,1,0,0,0,0,1,1,2,2,1,42,7,125,1,3,HONDA WW125,4,E01007765,0,-1
2023010470487,2023,010470487,1,4,0,14,14,1,5,0,0,8,0,0,0,0,3,1,2,2,1,31,6,125,1,2,HONDA WW125,6,E01004077,0,-1
2023430177842,2023,430177842,1,3,0,18,19,1,5,0,0,0,0,0,0,0,1,1,1,1,1,24,5,125,1,1,HONDA WW125,7,E01016537,0,-1
2023010458481,2023,010458481,2,4,0,5,5,0,7,0,0,2,0,0,0,0,3,1,1,1,1,40,7,125,1,1,HONDA WW125,3,E01004031,0,-1
2023430533958,2023,430533958,1,3,0,3,3,2,6,0,0,1,0,0,0,0,1,1,6,6,1,37,7,125,1,0,HONDA WW125,5,E01016379,0,-1
2023010427892,2023,010427892,1,3,0,99,99,9,9,99,99,9,9,99,9,99,1,1,6,6,1,29,6,125,1,8,HONDA WW125,4,E01002000,0,-1
2023552300380,2023,552300380,2,3,0,18,19,2,6,0,0,8,0,0,0,0,1,1,6,6,1,22,5,125,1,0,HONDA WW125,6,E01015440,0,-1
2023010440919,2023,010440919,1,3,0,99,99,9,9,99,99,9,9,99,9,99,1,1,2,2,1,21,5,125,1,1,HONDA WW125,4,E01003210,0,-1
2023411344723,2023,411344723,2,3,-1,-1,-1,-1,-1,-1,-1,-1,-1,-1,-1,0,-1,1,5,6,1,34,6,125,1,1,HONDA WW125,8,E01002157,0,-1
2023010450324,2023,010450324,1,3,0,99,99,9,9,99,99,9,9,99,9,99,2,1,1,1,1,22,5,125,1,5,HONDA WW125,3,E01000637,0,-1
2023552400100,2023,552400100,1,3,0,18,19,2,6,0,0,0,0,0,0,0,1,1,1,1,1,20,4,125,1,3,HONDA WW125,5,E01015375,0,-1
2023010474080,2023,010474080,1,3,0,18,19,7,3,99,99,8,9,99,0,0,1,1,6,6,1,31,6,125,1,3,HONDA WW125,3,E01001445,0,-1
2023010437105,2023,010437105,2,2,0,99,99,9,9,99,99,0,9,99,9,99,1,1,6,6,3,-1,-1,125,1,10,HONDA WW125,-1,-1,0,-1
2023071002284,2023,071002284,1,3,0,9,9,3,1,0,0,8,1,0,0,0,0,1,2,2,1,21,5,125,1,9,HONDA WW125,3,E01018731,0,-1
2023201284797,2023,201284797,1,3,0,18,19,2,6,0,0,1,0,0,0,0,2,1,1,1,1,34,6,125,1,1,HONDA WW125,3,E01010105,0,-1
2023010469938,2023,010469938,1,3,0,99,99,9,9,99,99,9,9,99,9,99,1,1,6,6,1,45,7,125,1,1,HONDA WW125,8,E01004131,0,-1
2023010481803,2023,010481803,1,3,0,3,3,7,3,0,0,1,0,0,0,0,1,1,6,6,1,26,6,125,1,1,HONDA WW125,7,E01002127,0,-1
2023010461289,2023,010461289,1,3,0,7,7,1,4,0,0,8,0,0,1,0,1,1,6,6,1,27,6,125,1,1,HONDA WW125,5,E01004519,0,-1
2023010457638,2023,010457638,2,4,0,18,19,7,3,0,0,0,0,0,0,0,1,1,2,2,1,23,5,125,1,8,HONDA WW125,3,E01002044,0,-1
2023010466405,2023,010466405,1,3,0,99,99,9,9,99,99,9,9,99,9,99,1,1,6,6,1,38,7,125,1,7,HONDA WW125,2,E01032805,0,-1
2023010484170,2023,010484170,1,3,0,99,99,9,9,99,99,0,9,99,9,99,9,1,1,1,3,33,6,125,1,4,HONDA WW125,1,E01001559,0,-1
2023531339133,2023,531339133,2,3,0,18,19,5,5,0,0,2,0,0,0,0,1,1,1,1,1,20,4,125,1,5,HONDA WW125,9,E01022436,0,-1
2023010422535,2023,010422535,1,3,0,18,19,7,3,0,0,8,0,0,0,0,1,1,1,1,2,30,6,125,1,3,HONDA WW125,8,E01023576,0,-1
2023010472594,2023,010472594,1,3,0,4,4,1,5,0,0,1,0,0,1,0,2,1,1,1,1,37,7,125,1,1,HONDA WW125,2,E01000998,0,-1
2023010487583,2023,010487583,1,3,0,99,99,9,9,99,99,9,9,99,9,99,9,1,6,6,1,39,7,125,1,0,HONDA WW125,6,E01004474,0,-1
2023010443884,2023,010443884,1,3,0,99,99,9,9,99,99,0,9,99,9,99,9,1,1,1,1,38,7,125,1,3,HONDA WW125,6,E01033457,0,-1
2023991387089,2023,991387089,2,3,0,18,19,4,8,0,0,1,0,0,0,0,1,1,5,6,1,39,7,125,1,2,HONDA WW125,-1,-1,0,-1
2023010475142,2023,010475142,1,3,0,99,99,9,9,99,99,9,9,99,9,99,9,1,1,1,1,31,6,125,1,2,HONDA WW125,2,E01003925,0,-1
2023010441373,2023,010441373,1,3,0,99,99,9,9,99,99,9,9,99,9,99,1,1,6,6,1,34,6,125,1,0,HONDA WW125,3,E01000622,0,-1
2023131321786,2023,131321786,2,3,0,18,19,2,4,0,0,1,2,0,0,0,1,1,1,1,1,31,6,125,1,1,HONDA WW125,6,E01011802,0,-1
2023010461655,2023,010461655,1,3,0,18,19,3,7,0,0,1,0,0,0,0,4,1,1,1,1,37,7,125,1,6,HONDA WW125,4,E01001241,0,-1
2023010431044,2023,010431044,1,3,0,99,99,9,9,99,99,0,9,99,9,99,1,1,6,6,1,39,7,125,1,5,HONDA WW125,3,E01001715,0,-1
2023401311780,2023,401311780,2,3,0,14,14,5,1,0,0,1,0,0,0,0,1,1,1,1,1,30,6,125,1,3,HONDA WW125,3,E01015765,0,-1
2023010449986,2023,010449986,1,3,0,99,99,9,9,99,99,1,9,99,9,99,1,1,1,1,1,21,5,125,1,2,HONDA WW125,8,E01000447,0,-1
2023411427244,2023,411427244,2,5,0,7,7,7,1,0,0,6,0,0,0,0,2,1,6,6,1,31,6,125,1,0,-1,-1,-1,0,-1
2023461291772,2023,461291772,2,3,0,18,19,5,1,0,0,0,0,0,0,0,1,1,6,6,1,21,5,125,1,6,HONDA WW125,4,E01024029,0,-1
2023430348287,2023,430348287,1,3,0,5,5,8,4,9,9,1,0,0,0,0,4,1,2,2,1,30,6,125,1,1,HONDA WW125,4,E01016400,0,-1
2023010480111,2023,010480111,1,4,0,13,13,1,5,0,0,0,0,0,0,0,1,1,6,6,2,42,7,125,1,1,HONDA WW125,3,E01000511,0,-1
2023010462311,2023,010462311,1,3,0,18,19,8,4,0,0,6,1,0,0,0,4,1,6,6,1,28,6,125,1,10,HONDA WW125,-1,-1,0,-1
2023010477428,2023,010477428,1,3,0,99,99,9,9,99,99,9,9,99,9,99,1,1,1,1,1,28,6,125,1,8,HONDA WW125,2,E01004365,0,-1
2023010439618,2023,010439618,1,3,0,99,99,9,9,99,99,9,9,99,9,99,1,1,6,6,1,23,5,125,1,7,HONDA WW125,6,E01003149,0,-1
2023010481328,2023,010481328,1,3,0,99,99,9,9,99,99,9,9,99,9,99,9,1,1,1,1,46,8,125,1,1,HONDA WW125,5,E01004520,0,-1
2023010464719,2023,010464719,1,3,0,99,99,9,9,99,99,9,9,99,9,99,9,1,2,2,3,26,6,125,1,3,HONDA WW125,2,E01002049,0,-1
2023010470415,2023,010470415,1,3,0,99,99,9,9,99,99,9,9,99,9,99,9,1,6,6,3,31,6,125,1,1,HONDA WW125,5,E01000211,0,-1
2023010429388,2023,010429388,1,3,0,99,99,9,9,99,99,9,9,99,9,99,1,9,2,2,1,31,6,125,1,1,HONDA WW125,2,E01001433,0,-1
2023522400137,2023,522400137,1,3,0,18,19,1,5,0,0,8,0,0,0,0,1,1,6,6,1,28,6,125,1,0,HONDA WW125,7,E01014949,0,-1
2023010427201,2023,010427201,1,3,0,18,19,7,3,0,0,2,0,0,0,0,0,1,2,2,1,36,7,125,1,8,HONDA WW125,-1,-1,0,-1
2023010423636,2023,010423636,1,3,0,99,99,9,9,99,99,9,9,99,9,99,1,1,6,6,1,34,6,125,1,3,HONDA WW125,1,E01001559,0,-1
2023010459428,2023,010459428,1,3,0,99,99,9,9,99,99,9,9,99,9,99,1,1,2,2,1,28,6,125,1,2,HONDA WW125,3,E01003521,0,-1
2023010456644,2023,010456644,2,3,0,14,14,3,7,0,0,1,0,0,0,0,1,1,1,1,1,25,5,125,1,1,HONDA WW125,5,E01000383,0,-1
2023522400280,2023,522400280,1,3,0,3,3,7,3,0,0,1,0,0,0,0,1,1,6,6,1,37,7,125,1,4,HONDA WW125,2,E01033361,0,-1
2023451308422,2023,451308422,1,3,0,16,19,4,6,0,0,1,0,0,0,0,1,1,5,6,1,24,5,125,1,0,HONDA WW125,3,E01033285,0,-1
2023010479706,2023,010479706,1,3,0,99,99,9,9,99,99,9,9,99,9,99,1,1,1,1,1,29,6,125,1,7,HONDA WW125,5,E01000360,0,-1
2023010457076,2023,010457076,1,3,0,3,3,1,5,0,0,8,2,0,0,0,4,1,6,6,1,40,7,125,1,1,HONDA WW125,2,E01000935,0,-1
2023010463145,2023,010463145,2,3,0,15,15,5,1,0,0,2,0,0,0,0,1,1,2,2,1,29,6,125,1,12,HONDA WW125,4,E01002088,0,-1
2023430237106,2023,430237106,1,4,0,18,19,2,6,0,0,8,0,0,0,0,4,1,2,2,1,34,6,125,1,8,HONDA WW125,8,E01017838,0,-1
2023010428830,2023,010428830,1,3,0,99,99,9,9,99,99,9,9,99,9,99,1,1,2,2,1,25,5,125,1,3,HONDA WW125,3,E01001832,0,-1
2023440430629,2023,440430629,1,3,0,3,3,6,2,0,0,1,0,0,0,0,2,1,6,6,1,25,5,125,1,5,HONDA WW125,4,E01017159,0,-1
2023010419499,2023,010419499,2,2,0,18,19,3,7,0,0,1,0,0,0,0,2,1,6,6,1,33,6,125,1,1,HONDA WW125,4,E01001623,0,-1
2023010478613,2023,010478613,1,3,0,99,99,9,9,99,99,9,9,99,9,99,1,1,1,1,1,41,7,125,1,1,HONDA WW125,3,E01002047,0,-1
2023010441206,2023,010441206,2,3,0,18,19,6,2,0,0,0,0,0,0,0,1,1,1,1,1,22,5,125,1,9,HONDA WW125,3,E01000099,0,-1
2023010431534,2023,010431534,2,3,0,5,5,1,5,0,0,1,1,0,0,0,1,1,6,6,1,18,4,125,1,9,HONDA WW125,2,E01002002,0,-1
2023461285482,2023,461285482,2,3,0,7,7,8,4,0,0,3,0,0,0,0,3,1,6,6,1,26,6,125,1,3,HONDA WW125,3,E01016037,0,-1
2023421329932,2023,421329932,2,3,0,3,3,8,4,0,0,1,0,0,0,0,2,1,5,6,1,24,5,125,1,2,HONDA WW125,4,E01021835,0,-1
2023010457678,2023,010457678,1,3,0,99,99,9,9,99,99,9,9,99,9,99,2,1,2,2,1,30,6,125,1,0,HONDA WW125,3,E01001311,0,-1
2023010451624,2023,010451624,1,3,0,99,99,9,9,99,99,9,9,99,9,99,2,1,1,1,1,49,8,125,1,0,HONDA WW125,3,E01002130,0,-1
2023461264408,2023,461264408,2,3,0,18,19,8,4,0,0,8,0,0,0,0,4,1,1,1,1,30,6,125,1,8,HONDA WW125,7,E01024140,0,-1
2023411342253,2023,411342253,2,3,0,5,5,3,5,0,0,4,0,0,0,0,2,1,6,6,1,21,5,125,1,4,HONDA WW125,3,E01023650,0,-1
2023010421632,2023,010421632,1,3,0,99,99,9,9,99,99,9,9,99,9,99,1,1,6,6,2,31,6,125,1,12,HONDA WW125,2,E01001553,0,-1
2023010464991,2023,010464991,1,3,0,18,19,7,3,2,2,1,0,0,0,0,1,1,6,6,1,25,5,125,1,8,HONDA WW125,2,E01004238,0,-1
2023010425777,2023,010425777,2,3,0,18,19,5,1,0,0,2,0,0,0,0,1,1,6,6,1,27,6,125,1,3,HONDA WW125,1,E01002732,0,-1
2023010467359,2023,010467359,1,3,9,99,99,9,9,99,99,9,9,99,9,99,9,1,1,1,1,38,7,125,1,2,HONDA WW125,1,E01004541,0,-1
2023122300949,2023,122300949,2,4,0,18,19,7,3,0,0,8,0,0,0,0,1,1,1,1,1,24,5,125,1,1,HONDA WW125,9,E01013365,0,-1
2023010469067,2023,010469067,2,3,0,18,19,7,3,0,0,8,0,0,0,0,1,1,1,1,1,23,5,125,1,0,HONDA WW125,4,E01003608,0,-1
2023010453863,2023,010453863,1,3,0,13,13,6,2,0,0,1,0,0,0,0,4,1,1,1,1,21,5,125,1,5,HONDA WW125,1,E01000798,0,-1
2023010485146,2023,010485146,1,3,0,99,99,9,9,99,99,9,9,99,9,99,1,1,6,6,1,25,5,125,1,4,HONDA WW125,2,E01000527,0,-1
2023522301862,2023,522301862,1,3,0,18,19,7,3,0,0,8,0,0,0,0,1,1,6,6,1,32,6,125,1,1,HONDA WW125,3,E01014682,0,-1
2023311299812,2023,311299812,2,3,0,18,19,5,1,0,0,0,0,0,0,0,3,1,6,6,1,25,5,125,1,1,HONDA WW125,-1,-1,0,-1
2023522301510,2023,522301510,1,3,0,7,7,6,8,0,0,6,0,0,0,0,1,1,6,6,1,33,6,125,1,2,HONDA WW125,3,E01014569,0,-1
2023010485966,2023,010485966,1,3,0,99,99,9,9,99,99,9,9,99,9,99,9,1,6,6,1,18,4,125,1,2,HONDA WW125,1,E01002038,0,-1
2023522400500,2023,522400500,2,3,0,4,4,1,5,0,0,2,0,0,0,0,2,1,6,6,2,22,5,125,1,0,HONDA WW125,7,E01014950,0,-1
2023421362342,2023,421362342,1,2,0,18,19,1,5,0,0,0,0,0,0,0,1,1,2,2,1,34,6,125,1,5,HONDA WW125,6,E01015826,0,-1
2023010477878,2023,010477878,1,3,0,99,99,9,9,99,99,9,9,99,9,99,1,1,6,6,1,30,6,125,1,0,HONDA WW125,2,E01009630,0,-1
2023010466184,2023,010466184,2,3,0,10,10,3,8,0,0,0,0,0,0,0,2,1,6,6,1,30,6,125,1,9,HONDA WW125,7,E01003395,0,-1
2023010432039,2023,010432039,2,3,0,18,19,7,3,0,0,1,0,0,0,0,1,1,6,6,1,20,4,125,1,7,HONDA WW125,5,E01001086,0,-1
2023430580245,2023,430580245,1,3,0,18,19,4,8,0,0,8,0,0,0,0,3,1,1,1,1,28,6,125,1,3,HONDA WW125,3,E01016377,0,-1
2023010434014,2023,010434014,1,3,0,18,19,3,7,0,0,8,0,0,0,0,1,1,1,1,1,32,6,125,1,10,HONDA WW125,5,E01002682,0,-1
2023010448008,2023,010448008,1,3,0,99,99,9,9,99,99,9,9,99,9,99,1,9,6,6,1,19,4,125,1,1,HONDA WW125,2,E01033148,0,-1
2023411296109,2023,411296109,2,3,0,18,19,-1,-1,0,0,0,0,0,0,0,1,1,6,6,2,22,5,125,1,1,HONDA WW125,3,E01001547,0,-1
2023010420894,2023,010420894,1,4,0,15,15,3,7,0,0,2,0,7,0,0,1,1,6,6,1,22,5,125,1,9,HONDA WW125,-1,-1,0,-1
2023010477169,2023,010477169,1,3,0,99,99,9,9,99,99,9,9,99,9,99,9,1,2,2,3,41,7,125,1,4,HONDA WW125,1,E01001979,0,-1
2023501369679,2023,501369679,2,3,0,18,19,3,7,0,0,1,0,0,0,0,3,1,1,1,1,34,6,125,1,6,HONDA WW125,4,E01020328,0,-1
2023010457068,2023,010457068,2,3,0,18,19,1,5,0,0,1,0,0,0,0,1,1,6,6,1,18,4,125,1,3,HONDA WW125,3,E01000973,0,-1
2023010459423,2023,010459423,2,3,0,18,19,2,6,0,0,1,0,0,0,0,1,1,6,6,3,-1,-1,125,1,4,HONDA WW125,-1,-1,0,-1
2023010475158,2023,010475158,1,3,0,99,99,9,9,99,99,0,9,99,9,99,1,1,6,6,1,21,5,125,1,1,HONDA WW125,3,E01002839,0,-1
2023010484753,2023,010484753,1,3,0,99,99,9,9,99,99,9,9,99,9,99,1,1,1,1,1,40,7,125,1,0,HONDA WW125,6,E01017858,0,-1
2023531277300,2023,531277300,2,3,0,18,19,4,8,0,0,1,1,0,0,0,1,1,6,6,1,33,6,125,1,6,HONDA WW125,5,E01022325,0,-1
2023010446219,2023,010446219,1,3,0,99,99,9,9,99,99,9,9,99,9,99,1,1,6,6,3,25,5,125,1,4,HONDA WW125,6,E01001195,0,-1
2023440233167,2023,440233167,1,3,0,18,19,1,5,0,0,8,0,0,0,0,1,1,6,6,1,40,7,125,1,4,HONDA WW125,2,E01017076,0,-1
2023010462027,2023,010462027,1,3,0,99,99,9,9,99,99,9,9,99,9,99,1,1,6,6,1,25,5,125,1,8,HONDA WW125,4,E01001444,0,-1
2023522400072,2023,522400072,1,3,0,18,19,8,4,0,0,1,0,0,0,0,1,1,6,6,1,35,6,125,1,3,HONDA WW125,1,E01033358,0,-1
2023010463580,2023,010463580,3,3,0,18,19,3,7,0,0,0,5,0,0,0,1,1,2,2,1,23,5,125,1,4,HONDA WW125,-1,-1,0,-1
2023010425857,2023,010425857,2,2,0,18,19,5,1,0,0,0,0,0,0,0,4,1,6,6,1,46,8,125,1,2,HONDA WW125,6,E01001312,0,-1
2023430008625,2023,430008625,2,3,0,18,19,4,8,0,0,8,0,0,0,0,3,1,6,6,1,26,6,125,1,9,HONDA WW125,6,E01028528,0,-1
2023010475697,2023,010475697,1,3,0,13,13,1,5,0,0,1,0,0,0,0,4,1,6,6,1,20,4,125,1,1,HONDA WW125,2,E01001911,0,-1
2023430461810,2023,430461810,1,5,0,18,19,6,2,0,0,0,0,0,0,0,1,1,6,6,1,22,5,125,1,1,-1,8,E01017750,0,-1
2023010471072,2023,010471072,1,3,9,99,99,9,9,99,99,9,9,99,9,99,1,1,1,1,1,34,6,125,1,0,HONDA WW125,1,E01001517,0,-1