collision_index,collision_year,collision_ref_no,vehicle_reference,vehicle_type,towing_and_articulation,vehicle_manoeuvre_historic,vehicle_manoeuvre,vehicle_direction_from,vehicle_direction_to,vehicle_location_restricted_lane_historic,vehicle_location_restricted_lane,junction_location,skidding_and_overturning,hit_object_in_carriageway,vehicle_leaving_carriageway,hit_object_off_carriageway,first_point_of_impact,vehicle_left_hand_drive,journey_purpose_of_driver_historic,journey_purpose_of_driver,sex_of_driver,age_of_driver,age_band_of_driver,engine_capacity_cc,propulsion_code,age_of_vehicle,generic_make_model,driver_imd_decile,lsoa_of_driver,escooter_flag,driver_distance_banding
2023471387152,2023,471387152,1,4,0,6,6,6,4,0,0,2,0,0,0,0,3,1,6,6,1,30,6,125,1,0,HONDA WW125,6,E01016878,0,-1
2023010465542,2023,010465542,1,3,0,99,99,9,9,99,99,9,9,99,9,99,9,1,6,6,3,21,5,125,1,0,HONDA WW125,5,E01001086,0,-1
2023010443238,2023,010443238,1,3,0,99,99,9,9,99,99,9,9,99,9,99,9,1,6,6,2,25,5,125,1,1,HONDA WW125,4,E01001480,0,-1
2023211332864,2023,211332864,1,3,0,7,7,5,7,0,0,6,1,0,0,0,4,1,6,6,2,25,5,125,1,6,HONDA WW125,2,E01029842,0,-1
2023010437863,2023,010437863,1,3,0,99,99,9,9,0,0,8,0,0,0,0,3,1,2,2,1,34,6,125,1,6,HONDA WW125,4,E01000323,0,-1
2023010442520,2023,010442520,1,3,0,99,99,9,9,99,99,0,9,99,9,99,1,1,6,6,2,36,7,125,1,1,HONDA WW125,3,E01002105,0,-1
2023010462137,2023,010462137,1,3,0,3,3,5,1,0,0,1,0,0,0,0,4,1,6,6,2,54,8,125,1,1,HONDA WW125,-1,-1,0,-1
2023451260797,2023,451260797,1,3,0,13,13,1,3,0,0,1,0,0,0,0,4,1,1,1,1,23,5,125,1,1,HONDA WW125,8,E01030552,0,-1
2023010430242,2023,010430242,1,3,0,99,99,9,9,99,99,0,9,99,9,99,1,1,1,1,1,39,7,125,1,3,HONDA WW125,8,E01004195,0,-1
2023010463185,2023,010463185,1,3,0,99,99,9,9,99,99,9,9,99,9,99,9,1,6,6,1,23,5,125,1,4,HONDA WW125,3,E01001177,0,-1
2023101383582,2023,101383582,2,4,0,18,19,5,1,0,0,0,0,0,0,0,1,1,6,6,1,36,7,125,1,4,HONDA WW125,-1,-1,0,-1
2023010447354,2023,010447354,1,3,0,99,99,9,9,99,99,9,9,99,9,99,0,1,2,2,1,48,8,125,1,11,HONDA WW125,6,E01002124,0,-1
2023010447987,2023,010447987,1,3,0,99,99,9,9,99,99,9,9,99,9,99,1,1,2,2,2,32,6,125,1,6,HONDA WW125,4,E01000980,0,-1
2023010421271,2023,010421271,1,3,0,99,99,9,9,99,99,9,9,99,9,99,9,1,6,6,1,20,4,125,1,4,HONDA WW125,2,E01004308,0,-1
2023411366036,2023,411366036,1,4,0,17,19,5,1,0,0,0,0,0,7,9,1,1,5,6,1,19,4,125,1,2,HONDA WW125,6,E01026451,0,-1
2023010448328,2023,010448328,1,3,0,99,99,9,9,99,99,0,9,99,9,99,1,1,2,2,1,21,5,125,1,1,HONDA WW125,2,E01001976,0,-1
2023010477648,2023,010477648,1,3,0,99,99,9,9,99,99,9,9,99,9,99,1,1,2,2,2,23,5,125,1,6,HONDA WW125,1,E01003087,0,-1
2023010434535,2023,010434535,2,3,0,10,10,5,2,1,1,1,0,0,0,0,2,1,6,6,1,49,8,125,1,4,HONDA WW125,3,E01001116,0,-1
2023010474309,2023,010474309,2,3,0,18,19,5,1,1,1,1,0,4,0,0,1,1,1,1,1,30,6,125,1,2,HONDA WW125,6,E01000727,0,-1
2023010457843,2023,010457843,1,3,0,99,99,9,9,99,99,9,9,99,9,99,1,1,1,1,1,28,6,125,1,4,HONDA WW125,10,E01000756,0,-1
2023552300685,2023,552300685,2,3,0,14,14,2,6,0,0,8,0,0,0,0,4,1,6,6,1,35,6,125,1,1,HONDA WW125,3,E01015285,0,-1
2023010460119,2023,010460119,1,3,9,99,99,9,9,99,99,0,9,99,9,99,9,1,1,1,1,35,6,125,1,0,HONDA WW125,6,E01000726,0,-1
2023010434370,2023,010434370,2,3,0,18,19,1,5,0,0,1,0,0,0,0,1,1,6,6,1,18,4,125,1,12,HONDA WW125,1,E01001787,0,-1
2023052300849,2023,052300849,1,3,0,18,19,1,5,0,0,0,0,0,0,0,1,1,2,2,1,33,6,125,1,12,HONDA WW125,1,E01006778,0,-1
2023010420403,2023,010420403,1,3,0,99,99,9,9,99,99,9,9,99,9,99,9,1,6,6,2,27,6,125,1,6,HONDA WW125,7,E01003283,0,-1
2023440209050,2023,440209050,2,4,0,9,9,3,1,0,0,8,0,0,0,0,2,1,6,6,2,34,6,125,1,2,HONDA WW125,6,E01023118,0,-1
2023010481387,2023,010481387,1,3,0,99,99,9,9,99,99,9,9,99,9,99,1,1,1,1,2,31,6,125,1,2,HONDA WW125,2,E01002056,0,-1
2023440347408,2023,440347408,1,3,0,4,4,1,5,0,0,8,1,0,0,0,2,1,2,2,1,28,6,125,1,1,HONDA WW125,4,E01022524,0,-1
2023531372989,2023,531372989,2,3,0,18,19,4,8,0,0,0,2,0,0,0,4,1,5,6,1,61,9,125,1,5,HONDA WW125,9,E01022115,0,-1
2023546286723,2023,546286723,2,3,0,4,4,7,4,0,0,1,0,0,0,0,2,1,6,6,1,31,6,125,1,2,HONDA WW125,8,E01015536,0,-1
2023010453770,2023,010453770,1,3,0,18,19,1,5,99,99,0,9,0,0,0,2,1,6,6,1,25,5,125,1,1,HONDA WW125,4,E01003781,0,-1
2023411297356,2023,411297356,2,3,0,13,13,2,6,0,0,1,0,0,0,0,1,1,2,2,2,25,5,125,1,0,HONDA WW125,7,E01000710,0,-1
2023010483368,2023,010483368,1,3,0,4,4,1,5,0,0,2,0,0,0,0,0,1,1,1,2,26,6,125,1,0,HONDA WW125,4,E01003023,0,-1
2023471351821,2023,471351821,2,3,0,18,19,3,7,0,0,8,0,0,0,0,2,1,1,1,1,31,6,125,1,1,HONDA WW125,4,E01031610,0,-1
2023010437171,2023,010437171,1,3,0,18,19,4,8,0,0,0,0,0,0,0,0,1,1,1,1,35,6,125,1,12,HONDA WW125,5,E01002395,0,-1
2023010426532,2023,010426532,2,3,0,18,19,5,1,0,0,4,0,0,0,0,1,1,1,1,1,33,6,125,1,5,HONDA WW125,1,E01004241,0,-1
2023010457676,2023,010457676,1,3,0,99,99,9,9,99,99,9,9,99,9,99,9,1,6,6,1,32,6,125,1,10,HONDA WW125,6,E01000981,0,-1
2023010485068,2023,010485068,1,3,0,99,99,9,9,99,99,9,9,99,9,99,9,1,6,6,3,41,7,125,1,1,HONDA WW125,3,E01001154,0,-1
2023010427947,2023,010427947,2,3,0,5,5,0,4,0,0,6,0,0,0,0,1,1,6,6,1,43,7,125,1,8,HONDA WW125,-1,-1,0,-1
2023010462100,2023,010462100,1,3,0,13,13,1,5,0,0,1,0,10,0,0,1,1,6,6,1,18,4,125,1,6,HONDA WW125,3,E01004034,0,-1
2023010470942,2023,010470942,1,3,0,18,19,7,3,0,0,3,0,0,0,0,2,1,1,1,2,28,6,125,1,1,HONDA WW125,2,E01001372,0,-1
2023010436783,2023,010436783,1,3,0,9,9,6,4,0,0,1,0,0,0,0,1,1,6,6,1,27,6,125,1,6,HONDA WW125,3,E01003570,0,-1
2023010455710,2023,010455710,1,2,0,7,7,5,8,0,0,1,0,0,0,0,1,1,6,6,1,22,5,125,1,8,HONDA WW125,4,E01000846,0,-1
2023010427044,2023,010427044,1,4,0,99,99,9,9,99,99,9,9,99,9,99,1,1,2,2,1,29,6,125,1,8,HONDA WW125,4,E01002088,0,-1
2023451309439,2023,451309439,1,3,0,18,19,1,5,0,0,1,1,0,1,2,4,1,5,6,1,50,8,125,1,3,HONDA WW125,7,E01030613,0,-1
2023010422622,2023,010422622,1,3,0,18,19,5,1,0,0,0,0,0,0,0,4,1,6,6,1,21,5,125,1,5,HONDA WW125,3,E01003539,0,-1
2023010480528,2023,010480528,1,3,0,18,19,7,3,0,0,1,0,0,0,0,1,1,1,1,1,30,6,125,1,4,HONDA WW125,4,E01001674,0,-1
2023010431047,2023,010431047,1,3,0,99,99,9,9,99,99,9,9,99,9,99,9,1,6,6,3,54,8,125,1,4,HONDA WW125,2,E01000482,0,-1
2023010419532,2023,010419532,1,3,0,18,19,1,5,0,0,1,0,0,0,0,1,1,6,6,1,22,5,125,1,1,HONDA WW125,2,E01003297,0,-1
2023010435385,2023,010435385,1,3,0,99,99,9,9,99,99,9,9,99,9,99,1,1,2,2,1,23,5,125,1,11,HONDA WW125,4,E01002088,0,-1
2023010447818,2023,010447818,1,3,0,99,99,9,9,99,99,9,9,99,9,99,1,1,2,2,1,27,6,125,1,3,HONDA WW125,1,E01002036,0,-1
2023552300647,2023,552300647,2,4,0,4,4,4,8,0,0,0,0,0,0,0,2,1,1,1,1,30,6,125,1,4,HONDA WW125,6,E01015331,0,-1
2023010480324,2023,010480324,1,3,0,99,99,9,9,99,99,9,9,99,9,99,1,1,6,6,1,19,4,125,1,0,HONDA WW125,3,E01000872,0,-1
2023201339725,2023,201339725,1,3,0,15,15,6,2,0,0,0,0,0,0,0,4,1,6,6,1,-1,-1,125,1,9,HONDA WW125,-1,-1,0,-1
2023010475114,2023,010475114,1,3,0,99,99,9,9,99,99,9,9,99,9,99,1,1,6,6,1,26,6,125,1,8,HONDA WW125,3,E01002589,0,-1
2023010480559,2023,010480559,2,2,0,13,13,6,2,0,0,1,0,0,0,0,4,1,6,6,1,33,6,125,1,1,HONDA WW125,2,E01000955,0,-1
2023010448956,2023,010448956,1,3,9,99,99,9,9,99,99,9,9,99,9,99,9,1,1,1,1,32,6,125,1,1,HONDA WW125,3,E01003146,0,-1
2023010447717,2023,010447717,2,3,0,13,13,5,1,0,0,0,5,0,0,0,3,1,6,6,1,17,4,125,1,1,HONDA WW125,6,E01004653,0,-1
2023010444998,2023,010444998,1,3,0,99,99,9,9,99,99,9,9,99,9,99,1,1,6,6,1,32,6,125,1,1,HONDA WW125,5,E01000224,0,-1
2023010470141,2023,010470141,1,3,3,4,4,5,1,0,0,1,0,0,0,0,4,1,6,6,2,48,8,125,1,0,HONDA WW125,1,E01003291,0,-1
2023010427611,2023,010427611,1,3,0,99,99,9,9,0,0,9,0,0,0,0,9,1,1,1,1,25,5,125,1,5,HONDA WW125,2,E01004243,0,-1
2023010453629,2023,010453629,2,3,0,18,19,3,7,0,0,4,0,0,3,0,4,1,1,1,1,39,7,125,1,4,HONDA WW125,2,E01004467,0,-1
2023451296182,2023,451296182,1,3,0,5,5,1,5,0,0,0,1,0,0,0,4,1,5,6,1,28,6,125,1,8,HONDA WW125,7,E01002939,0,-1
2023440329847,2023,440329847,2,3,0,3,3,8,4,0,0,0,0,0,0,0,3,1,1,1,1,35,6,125,1,6,HONDA WW125,-1,-1,0,-1
2023010460786,2023,010460786,1,2,0,9,9,8,7,0,0,1,0,0,0,0,1,1,6,6,1,21,5,125,1,4,HONDA WW125,5,E01000150,0,-1
2023010485545,2023,010485545,1,3,0,99,99,9,9,99,99,9,9,99,9,99,9,1,2,2,1,28,6,125,1,5,HONDA WW125,2,E01003120,0,-1
2023010445531,2023,010445531,1,3,0,18,19,3,7,0,0,8,0,0,0,0,1,1,6,6,1,21,5,125,1,3,HONDA WW125,-1,-1,0,-1
2023010467972,2023,010467972,2,3,0,18,19,1,5,0,0,1,0,0,0,0,1,1,6,6,1,29,6,125,1,2,HONDA WW125,1,E01000891,0,-1
2023010429483,2023,010429483,1,3,0,99,99,9,9,99,99,9,9,99,9,99,2,1,2,2,1,31,6,125,1,12,HONDA WW125,3,E01003615,0,-1
2023010438994,2023,010438994,2,3,0,15,15,8,4,0,0,0,0,0,0,0,1,1,6,6,1,32,6,125,1,8,HONDA WW125,5,E01004347,0,-1
2023010476122,2023,010476122,1,3,0,18,19,3,7,0,0,8,0,0,0,0,1,1,6,6,1,28,6,125,1,10,HONDA WW125,-1,-1,0,-1
2023010484483,2023,010484483,1,3,0,9,9,5,3,0,0,1,0,0,0,0,3,1,1,1,2,41,7,125,1,7,HONDA WW125,5,E01001737,0,-1
2023010442172,2023,010442172,1,3,0,99,99,9,9,99,99,9,9,99,9,99,1,1,1,1,1,32,6,125,1,4,HONDA WW125,3,E01002027,0,-1
2023131290464,2023,131290464,2,3,0,18,19,7,3,0,0,1,0,0,0,0,1,1,5,6,1,18,4,125,1,11,HONDA WW125,1,E01010635,0,-1
2023531375387,2023,531375387,2,3,0,18,19,6,2,0,0,8,0,0,0,0,4,1,6,6,1,26,6,125,1,6,HONDA WW125,2,E01002506,0,-1
2023010441505,2023,010441505,2,3,0,18,19,7,3,0,0,2,0,0,0,0,3,1,6,6,1,39,7,125,1,7,HONDA WW125,1,E01004702,0,-1
2023010476631,2023,010476631,1,3,0,99,99,9,9,99,99,9,9,99,9,99,9,1,6,6,1,19,4,125,1,3,HONDA WW125,3,E01001938,0,-1
2023010457735,2023,010457735,1,3,0,99,99,9,9,99,99,9,9,99,9,99,1,1,6,6,1,23,5,125,1,9,HONDA WW125,2,E01002096,0,-1
2023010460842,2023,010460842,1,3,0,99,99,9,9,99,99,9,9,99,9,99,9,1,2,2,1,22,5,125,1,2,HONDA WW125,8,E01023576,0,-1
2023010430727,2023,010430727,1,3,0,99,99,9,9,99,99,1,9,99,9,99,9,1,1,1,1,28,6,125,1,9,HONDA WW125,2,E01004613,0,-1
2023010436034,2023,010436034,1,3,0,99,99,9,9,99,99,9,9,99,9,99,9,1,2,2,1,33,6,125,1,6,HONDA WW125,1,E01002073,0,-1
2023351301518,2023,351301518,2,4,0,3,3,-1,-1,0,0,0,0,0,0,0,2,1,1,1,1,33,6,125,1,6,HONDA WW125,6,E01018190,0,-1
2023430030064,2023,430030064,3,4,0,18,19,7,3,0,0,0,0,0,0,0,3,1,2,2,1,63,9,125,1,4,HONDA WW125,4,E01015511,0,-1
2023010459804,2023,010459804,1,3,0,99,99,9,9,99,99,9,9,99,9,99,1,1,1,1,1,46,8,125,1,6,HONDA WW125,-1,-1,0,-1
2023010471177,2023,010471177,1,3,0,18,19,1,5,0,0,8,9,0,0,0,4,1,1,1,2,28,6,125,1,4,HONDA WW125,5,E01000994,0,-1
2023010426564,2023,010426564,1,3,0,99,99,9,9,99,99,9,9,99,9,99,2,1,6,6,1,25,5,125,1,5,HONDA WW125,9,E01002239,0,-1
2023351307904,2023,351307904,1,3,0,10,10,5,1,0,0,1,0,0,0,0,4,1,1,1,1,33,6,125,1,0,HONDA WW125,2,E01015599,0,-1
2023010458202,2023,010458202,1,3,0,99,99,9,9,99,99,9,9,99,9,99,1,1,6,6,1,36,7,125,1,6,HONDA WW125,5,E01002123,0,-1
2023010423468,2023,010423468,1,3,0,99,99,9,9,99,99,9,9,99,9,99,1,1,6,6,1,30,6,125,1,7,HONDA WW125,3,E01000622,0,-1
2023302301949,2023,302301949,2,3,0,14,14,5,1,0,0,8,0,0,0,0,1,1,1,1,1,27,6,125,1,3,HONDA WW125,2,E01013569,0,-1
2023461354227,2023,461354227,1,4,0,18,19,7,3,0,0,0,2,0,0,0,1,1,6,6,1,38,7,125,1,8,HONDA WW125,7,E01024801,0,-1
2023010474827,2023,010474827,1,3,0,99,99,9,9,99,99,9,9,99,9,99,1,1,2,2,1,38,7,125,1,4,HONDA WW125,2,E01004238,0,-1
2023201349629,2023,201349629,1,3,0,4,4,2,6,0,0,0,1,0,0,0,1,1,6,6,1,28,6,125,1,13,HONDA WW125,1,E01009377,0,-1
2023430540755,2023,430540755,1,3,0,5,5,8,4,0,0,8,0,0,0,0,1,1,6,6,1,30,6,125,1,8,HONDA WW125,7,E01016680,0,-1
2023010467165,2023,010467165,1,3,0,99,99,9,9,99,99,9,9,99,9,99,1,1,6,6,3,23,5,125,1,1,HONDA WW125,3,E01003819,0,-1
2023440093148,2023,440093148,2,3,0,18,19,5,1,0,0,1,0,0,0,0,1,1,6,6,1,21,5,125,1,9,HONDA WW125,4,E01017192,0,-1
2023010467719,2023,010467719,2,3,0,99,99,9,9,99,99,9,9,99,9,99,1,1,6,6,3,-1,-1,125,1,1,HONDA WW125,4,E01033579,0,-1
2023010481821,2023,010481821,1,3,0,99,99,9,9,99,99,9,9,99,9,99,1,1,1,1,1,28,6,125,1,1,HONDA WW125,7,E01000573,0,-1
2023010472393,2023,010472393,2,3,0,3,3,5,1,0,0,3,0,0,0,0,3,1,6,6,1,27,6,125,1,5,HONDA WW125,4,E01000926,0,-1
2023010420423,2023,010420423,1,3,0,99,99,9,9,99,99,0,9,99,9,99,1,1,2,2,1,27,6,125,1,4,HONDA WW125,3,E01001449,0,-1
2023010429429,2023,010429429,1,3,0,99,99,9,9,99,99,0,9,99,9,99,1,1,2,2,1,21,5,125,1,1,HONDA WW125,2,E01004024,0,-1
2023451380566,2023,451380566,1,3,0,8,8,6,7,0,0,1,0,0,0,0,2,1,1,1,1,37,7,125,1,2,HONDA WW125,8,E01030450,0,-1
2023010441362,2023,010441362,1,2,0,99,99,9,9,99,99,9,9,99,9,99,1,1,6,6,3,55,8,125,1,2,HONDA WW125,2,E01003302,0,-1
2023010426688,2023,010426688,1,3,0,18,19,1,5,0,0,1,0,0,0,0,1,1,1,1,1,43,7,125,1,1,HONDA WW125,7,E01004134,0,-1
2023010482845,2023,010482845,1,3,0,99,99,9,9,99,99,9,9,99,9,99,1,1,2,2,1,37,7,125,1,11,HONDA WW125,1,E01003207,0,-1
2023010459522,2023,010459522,1,3,0,99,99,9,9,99,99,0,9,99,9,99,1,1,2,2,1,34,6,125,1,3,HONDA WW125,3,E01000082,0,-1
2023010474510,2023,010474510,1,3,0,99,99,9,9,99,99,9,9,99,9,99,1,1,1,1,1,37,7,125,1,1,HONDA WW125,6,E01002943,0,-1
2023440407699,2023,440407699,2,3,0,18,19,5,1,0,0,8,0,0,0,0,1,1,2,2,1,37,7,125,1,2,HONDA WW125,8,E01022660,0,-1
2023010440735,2023,010440735,1,3,0,18,19,5,1,0,0,0,9,0,0,0,1,1,6,6,1,23,5,125,1,4,HONDA WW125,4,E01003090,0,-1
2023430355325,2023,430355325,1,3,0,18,19,6,2,0,0,8,0,0,0,0,1,1,6,6,1,22,5,125,1,0,HONDA WW125,7,E01017851,0,-1
2023010460458,2023,010460458,2,3,0,18,19,7,3,0,0,2,0,0,0,0,1,1,6,6,1,38,7,125,1,7,HONDA WW125,3,E01001920,0,-1
2023522300522,2023,522300522,1,3,0,18,19,6,2,0,0,8,0,0,0,0,1,1,6,6,1,30,6,125,1,3,HONDA WW125,1,E01014654,0,-1
2023010459993,2023,010459993,1,4,0,3,3,5,1,0,0,4,0,0,0,0,2,1,6,6,1,19,4,125,1,4,HONDA WW125,6,E01001269,0,-1
2023010467690,2023,010467690,1,3,0,18,19,4,8,0,0,1,0,0,0,0,1,1,6,6,1,23,5,125,1,10,HONDA WW125,2,E01001893,0,-1
2023010432280,2023,010432280,1,3,0,18,19,1,5,0,0,0,0,0,0,0,3,1,1,1,1,30,6,125,1,0,HONDA WW125,5,E01000620,0,-1
2023451320444,2023,451320444,1,3,0,18,19,3,7,0,0,0,1,0,0,0,1,1,2,2,1,30,6,125,1,2,HONDA WW125,5,E01003139,0,-1
2023010471126,2023,010471126,1,3,0,99,99,9,9,99,99,9,9,99,9,99,1,1,1,1,1,31,6,125,1,1,HONDA WW125,5,E01004494,0,-1
2023010462451,2023,010462451,2,3,0,9,9,7,5,0,0,8,0,0,0,0,4,1,6,6,1,20,4,125,1,6,HONDA WW125,8,E01003004,0,-1
2023010468168,2023,010468168,1,3,0,18,19,1,5,0,0,8,9,0,0,0,4,1,1,1,1,42,7,125,1,7,HONDA WW125,5,E01000747,0,-1
2023010446310,2023,010446310,1,97,0,99,99,9,9,99,99,9,9,99,9,99,1,9,1,1,1,41,7,125,1,3,HONDA WW125,7,E01016613,0,-1
2023010430256,2023,010430256,1,3,0,99,99,9,9,99,99,9,9,99,9,99,1,1,6,6,1,39,7,125,1,3,HONDA WW125,1,E01002069,0,-1
2023010449559,2023,010449559,1,3,0,18,19,7,3,0,0,8,0,0,0,0,1,1,6,6,1,42,7,125,1,1,HONDA WW125,7,E01004500,0,-1
2023010444531,2023,010444531,1,3,0,99,99,9,9,99,99,9,9,99,9,99,9,1,6,6,1,22,5,125,1,0,HONDA WW125,5,E01003130,0,-1
2023010441475,2023,010441475,1,3,0,99,99,9,9,99,99,9,9,99,9,99,1,1,1,1,1,34,6,125,1,2,HONDA WW125,3,E01033464,0,-1
2023010458127,2023,010458127,1,3,0,99,99,9,9,99,99,9,9,99,9,99,9,1,6,6,1,39,7,125,1,4,HONDA WW125,5,E01004616,0,-1
2023010476283,2023,010476283,1,3,0,99,99,9,9,99,99,9,9,99,9,99,1,1,1,1,2,30,6,125,1,4,HONDA WW125,4,E01002315,0,-1
2023430332694,2023,430332694,1,3,0,18,19,2,6,0,0,0,0,0,0,0,1,1,6,6,2,36,7,125,1,1,HONDA WW125,5,E01016374,0,-1
2023010430812,2023,010430812,1,3,0,99,99,9,9,99,99,9,9,99,9,99,1,1,6,6,1,42,7,125,1,2,HONDA WW125,6,E01000192,0,-1
2023010444075,2023,010444075,1,3,0,99,99,9,9,99,99,9,9,99,9,99,1,1,6,6,1,35,6,125,1,2,HONDA WW125,4,E01001724,0,-1
2023010477646,2023,010477646,1,3,9,99,99,9,9,99,99,9,9,99,9,99,1,1,1,1,1,27,6,125,1,0,HONDA WW125,3,E01001154,0,-1
2023010473644,2023,010473644,1,3,0,18,19,3,7,0,0,1,0,0,0,0,1,1,6,6,3,22,5,125,1,0,HONDA WW125,9,E01030685,0,-1
2023010452386,2023,010452386,1,3,0,99,99,9,9,99,99,9,9,99,9,99,9,1,6,6,1,24,5,125,1,4,HONDA WW125,2,E01003128,0,-1
2023010452894,2023,010452894,1,3,0,99,99,9,9,99,99,0,9,99,9,99,1,1,6,6,1,37,7,125,1,4,HONDA WW125,2,E01000007,0,-1
2023010446442,2023,010446442,1,3,0,99,99,9,9,99,99,0,9,99,9,99,1,1,1,1,1,40,7,125,1,2,HONDA WW125,2,E01003607,0,-1
2023010422358,2023,010422358,1,3,0,3,3,5,1,0,0,1,0,0,0,0,2,1,6,6,1,17,4,125,1,2,HONDA WW125,3,E01001504,0,-1
2023010431023,2023,010431023,1,3,0,99,99,9,9,99,99,9,9,99,9,99,1,1,6,6,1,25,5,125,1,3,HONDA WW125,1,E01001155,0,-1
2023421284283,2023,421284283,1,3,0,18,19,7,3,0,0,0,0,7,0,0,3,1,2,2,1,25,5,125,1,4,HONDA WW125,10,E01023457,0,-1
2023471292627,2023,471292627,1,3,0,18,19,8,5,0,0,8,1,0,1,0,2,1,1,1,1,44,7,125,1,1,HONDA WW125,7,E01031677,0,-1
2023421384192,2023,421384192,2,4,0,13,13,1,5,0,0,0,0,0,0,0,1,1,2,2,1,40,7,125,1,1,HONDA WW125,7,E01021385,0,-1
2023010447691,2023,010447691,1,3,9,99,99,9,9,99,99,9,9,99,9,99,9,1,6,6,1,32,6,125,1,5,HONDA WW125,4,E01001975,0,-1
2023010439007,2023,010439007,1,2,0,18,19,1,5,0,0,1,0,0,0,0,1,1,6,6,1,19,4,125,1,10,HONDA WW125,2,E01003309,0,-1
2023622300865,2023,622300865,2,3,0,18,19,2,6,0,0,1,0,0,0,0,1,1,6,6,1,40,7,125,1,1,HONDA WW125,1,W01001266,0,-1
2023010438457,2023,010438457,1,3,0,18,19,5,1,0,0,3,0,0,0,0,4,1,6,6,1,18,4,125,1,2,HONDA WW125,5,E01002586,0,-1
2023010474398,2023,010474398,1,3,0,18,19,1,5,0,0,1,0,0,0,0,1,1,6,6,3,-1,-1,125,1,5,HONDA WW125,-1,-1,0,-1
2023522300731,2023,522300731,2,4,0,13,13,8,4,0,0,8,0,0,0,0,1,1,6,6,1,-1,-1,125,1,3,HONDA WW125,3,E01014499,0,-1
202354C048923,2023,54C048923,2,3,0,18,19,1,5,0,0,1,0,0,0,0,1,1,1,1,1,61,9,125,1,1,HONDA WW125,9,E01031909,0,-1
2023010460117,2023,010460117,2,3,0,18,19,1,5,0,0,5,0,0,0,0,1,1,6,6,1,23,5,125,1,4,HONDA WW125,2,E01001982,0,-1
2023010446324,2023,010446324,1,3,0,99,99,9,9,99,99,9,9,99,9,99,1,1,6,6,1,28,6,125,1,8,HONDA WW125,3,E01016353,0,-1
2023471264004,2023,471264004,2,3,0,4,4,3,7,0,0,0,0,0,0,0,2,1,1,1,2,25,5,125,1,8,HONDA WW125,4,E01016872,0,-1
2023010461362,2023,010461362,2,3,0,18,19,1,5,0,0,1,2,0,0,0,2,1,1,1,1,57,9,125,1,7,HONDA WW125,2,E01003506,0,-1
2023010436077,2023,010436077,1,3,0,18,19,1,5,0,0,8,0,0,0,0,1,1,6,6,1,31,6,125,1,10,HONDA WW125,4,E01004002,0,-1
2023010454825,2023,010454825,1,3,0,99,99,9,9,99,99,9,9,99,9,99,9,1,1,1,1,26,6,125,1,1,HONDA WW125,6,E01003367,0,-1
2023010425471,2023,010425471,1,3,0,99,99,9,9,99,99,9,9,99,9,99,2,1,6,6,1,40,7,125,1,2,HONDA WW125,3,E01002084,0,-1
2023010478939,2023,010478939,2,3,0,18,19,5,1,0,0,2,0,0,0,0,2,1,1,1,1,41,7,125,1,0,HONDA WW125,3,E01000052,0,-1
2023411384378,2023,411384378,2,3,0,7,7,-1,-1,0,0,0,5,0,0,0,2,1,2,2,1,34,6,125,1,3,HONDA WW125,7,E01023892,0,-1
2023201418451,2023,201418451,2,3,0,18,19,1,5,0,0,0,1,0,0,0,1,1,1,1,1,22,5,125,1,1,HONDA WW125,3,E01009232,0,-1
2023010465702,2023,010465702,1,3,0,99,99,9,9,99,99,9,9,99,9,99,9,1,1,1,1,32,6,125,1,11,HONDA WW125,2,E01003350,0,-1
2023010447957,2023,010447957,2,3,0,99,99,9,9,99,99,9,9,99,9,99,1,1,6,6,3,-1,-1,125,1,4,HONDA WW125,8,E01026577,0,-1
2023010468930,2023,010468930,1,3,0,99,99,9,9,99,99,9,9,99,9,99,9,1,2,2,2,35,6,125,1,3,HONDA WW125,3,E01001147,0,-1
2023371368668,2023,371368668,2,3,0,18,19,6,2,0,0,1,0,0,0,0,1,1,5,6,1,50,8,125,1,1,HONDA WW125,4,E01030236,0,-1