collision_index,collision_year,collision_ref_no,vehicle_reference,vehicle_type,towing_and_articulation,vehicle_manoeuvre_historic,vehicle_manoeuvre,vehicle_direction_from,vehicle_direction_to,vehicle_location_restricted_lane_historic,vehicle_location_restricted_lane,junction_location,skidding_and_overturning,hit_object_in_carriageway,vehicle_leaving_carriageway,hit_object_off_carriageway,first_point_of_impact,vehicle_left_hand_drive,journey_purpose_of_driver_historic,journey_purpose_of_driver,sex_of_driver,age_of_driver,age_band_of_driver,engine_capacity_cc,propulsion_code,age_of_vehicle,generic_make_model,driver_imd_decile,lsoa_of_driver,escooter_flag,driver_distance_banding
2023010466192,2023,010466192,1,3,0,99,99,9,9,99,99,9,9,99,9,99,1,1,1,1,1,34,6,125,1,9,HONDA WW125,3,E01001747,0,-1
2023010426466,2023,010426466,2,90,5,9,9,5,3,0,0,8,0,0,0,0,1,1,1,1,1,31,6,-1,-1,-1,-1,7,E01002171,0,-1
2023361299975,2023,361299975,1,98,0,9,9,6,4,0,0,8,0,0,0,0,1,1,1,1,1,54,8,5193,2,5,-1,4,E01026762,0,-1
2023471265126,2023,471265126,1,19,0,9,9,7,5,0,0,8,0,0,0,0,1,1,1,1,1,54,8,2999,2,8,ISUZU TRUCKS FORWARD,7,E01020961,0,-1
2023548473923,2023,548473923,3,20,0,18,19,7,3,0,0,1,0,0,0,0,3,1,1,1,1,49,8,5193,2,0,ISUZU TRUCKS FORWARD,1,E01014654,0,-1
2023061263889,2023,061263889,1,98,0,7,7,2,4,0,0,0,0,0,0,0,1,1,6,6,3,30,6,5193,2,7,-1,-1,-1,0,-1
2023471304026,2023,471304026,2,19,0,18,19,5,1,0,0,0,0,0,0,0,3,1,1,1,1,36,7,-1,-1,-1,ISUZU TRUCKS FORWARD,2,E01020955,0,-1
2023411354966,2023,411354966,2,21,0,18,19,1,5,0,0,0,0,0,0,0,3,1,6,6,1,32,6,5193,2,3,-1,3,E01017609,0,-1
2023161299619,2023,161299619,1,21,0,18,19,8,4,0,0,2,0,0,0,0,0,1,1,1,1,42,7,5193,2,9,-1,7,E01013046,0,-1
2023201276034,2023,201276034,1,90,0,18,19,4,8,0,0,0,1,2,2,2,1,1,1,1,1,67,10,5193,2,11,-1,-1,-1,0,-1
2023061259099,2023,061259099,1,20,0,4,4,7,3,0,0,1,0,0,0,0,1,1,1,1,1,54,8,-1,-1,-1,ISUZU TRUCKS FORWARD,1,E01005660,0,-1
2023361309169,2023,361309169,1,19,-1,5,5,2,6,0,0,0,0,11,0,0,3,1,1,1,1,56,9,-1,-1,-1,ISUZU TRUCKS FORWARD,5,E01026487,0,-1
2023471282639,2023,471282639,1,98,0,18,19,5,1,0,0,0,0,0,0,0,4,1,1,1,1,60,9,5193,2,8,-1,4,E01021127,0,-1
2023522301377,2023,522301377,2,98,0,18,19,7,3,0,0,0,0,0,0,0,2,1,6,6,1,54,8,5193,2,3,-1,1,W01000975,0,-1
2023991365442,2023,991365442,2,98,0,15,15,5,1,0,0,3,0,0,1,0,2,1,1,1,1,58,9,5193,2,3,-1,3,-1,0,-1
2023991328552,2023,991328552,1,20,0,18,19,7,3,0,0,1,0,0,0,0,3,1,1,1,1,50,8,5193,2,5,ISUZU TRUCKS FORWARD,-1,-1,0,-1
2023451350463,2023,451350463,1,98,4,18,19,5,1,0,0,8,0,0,0,0,1,1,1,1,1,51,8,5193,2,0,-1,-1,-1,0,-1
2023501296808,2023,501296808,3,20,0,4,4,4,8,0,0,1,0,0,0,0,2,1,6,6,1,54,8,5193,2,5,ISUZU TRUCKS FORWARD,5,E01019886,0,-1
2023411351149,2023,411351149,1,21,0,18,19,7,3,0,0,6,1,0,3,11,1,1,1,1,1,51,8,5193,2,0,-1,1,E01000891,0,-1
2023622300518,2023,622300518,3,19,0,4,4,6,2,0,0,0,0,0,0,0,2,1,1,1,1,55,8,5193,2,7,ISUZU TRUCKS FORWARD,3,W01001485,0,-1
2023440226654,2023,440226654,2,20,0,9,9,7,5,0,0,0,0,0,0,0,3,1,1,1,1,68,10,5193,2,5,ISUZU TRUCKS FORWARD,7,E01023066,0,-1
2023221368482,2023,221368482,2,20,0,4,4,2,6,0,0,1,0,0,0,0,2,1,1,1,1,51,8,5193,2,1,ISUZU TRUCKS FORWARD,7,E01028411,0,-1
2023451329616,2023,451329616,5,90,0,2,2,7,3,0,0,0,0,0,0,0,0,1,1,1,1,46,8,2999,2,1,-1,5,E01023129,0,-1
2023101273158,2023,101273158,1,21,1,4,4,3,7,0,0,0,0,0,0,0,2,1,2,2,1,46,8,5193,2,12,-1,2,-1,0,-1
2023411311330,2023,411311330,1,98,0,4,4,3,7,0,0,0,0,0,0,0,1,1,1,1,1,21,5,5193,2,3,-1,8,E01017461,0,-1
2023010476454,2023,010476454,1,20,0,7,7,5,6,0,0,8,0,0,0,0,1,1,1,1,1,41,7,5193,2,4,ISUZU TRUCKS FORWARD,8,E01016609,0,-1
2023010445987,2023,010445987,2,90,0,9,9,1,7,0,0,1,0,0,0,0,3,1,1,1,1,59,9,2999,2,1,-1,6,E01004509,0,-1
2023111349081,2023,111349081,1,20,0,18,19,5,1,0,0,0,0,0,0,0,4,1,6,6,3,30,6,2999,2,9,ISUZU TRUCKS FORWARD,-1,-1,0,-1
2023010454411,2023,010454411,2,19,9,99,99,9,9,99,99,9,9,99,9,99,9,9,6,6,1,58,9,2999,2,5,ISUZU TRUCKS FORWARD,4,E01000780,0,-1
2023010438549,2023,010438549,1,20,0,1,1,1,5,0,0,1,0,0,0,0,2,1,1,1,1,45,7,5193,2,5,ISUZU TRUCKS FORWARD,7,E01023901,0,-1
2023010476721,2023,010476721,2,19,0,18,19,3,7,0,0,1,0,0,0,0,4,1,1,1,1,59,9,5193,2,1,ISUZU TRUCKS FORWARD,3,E01000586,0,-1
2023010430998,2023,010430998,2,20,0,4,4,7,3,0,0,0,0,0,0,0,1,1,1,1,1,34,6,5193,2,5,ISUZU TRUCKS FORWARD,6,E01021807,0,-1
2023351267281,2023,351267281,5,98,0,2,2,0,0,0,0,0,0,0,0,0,0,1,1,1,1,-1,-1,5193,2,2,-1,1,E01015616,0,-1
2023991276048,2023,991276048,1,20,0,18,19,6,2,0,0,0,0,0,0,0,4,1,1,1,1,49,8,5193,2,2,ISUZU TRUCKS FORWARD,5,-1,0,-1
2023401318012,2023,401318012,1,19,0,18,19,4,8,0,0,0,0,0,0,0,1,1,1,1,1,29,6,-1,-1,-1,ISUZU TRUCKS FORWARD,3,E01000089,0,-1
2023340NN1632,2023,340NN1632,1,20,0,18,19,2,6,0,0,0,0,0,0,0,1,1,1,1,1,53,8,5193,2,6,ISUZU TRUCKS FORWARD,1,E01013604,0,-1
2023010485801,2023,010485801,2,19,0,18,19,3,7,0,0,8,0,0,0,0,1,1,1,1,1,53,8,5193,2,9,ISUZU TRUCKS FORWARD,1,E01003921,0,-1
2023501391053,2023,501391053,2,20,0,18,19,2,6,0,0,0,0,0,0,0,3,1,1,1,1,59,9,5193,2,8,ISUZU TRUCKS FORWARD,6,E01020059,0,-1
2023010479945,2023,010479945,2,21,5,9,9,5,2,0,0,2,0,0,0,0,4,2,1,1,1,55,8,5193,2,0,-1,10,E01000115,0,-1
2023351342235,2023,351342235,1,98,0,15,15,6,2,0,0,1,0,0,0,0,0,1,1,1,1,35,6,5193,2,10,-1,6,E01033179,0,-1
2023010483456,2023,010483456,1,19,0,4,4,1,5,0,0,0,0,0,0,0,2,1,1,1,1,50,8,2999,2,13,ISUZU TRUCKS FORWARD,1,E01020885,0,-1
2023010437834,2023,010437834,1,20,0,18,19,3,7,0,0,1,0,0,0,0,1,1,1,1,1,25,5,5193,2,8,ISUZU TRUCKS FORWARD,3,E01002043,0,-1
2023122300136,2023,122300136,1,19,0,18,19,3,1,0,0,1,0,0,0,0,1,1,1,1,1,53,8,-1,-1,-1,ISUZU TRUCKS FORWARD,2,E01027827,0,-1
2023451367967,2023,451367967,1,9,0,4,4,2,6,0,0,0,0,0,0,0,2,1,5,6,2,41,7,2494,8,2,LEXUS NX 300,6,E01030862,0,-1
2023531294206,2023,531294206,1,9,0,9,9,3,1,0,0,8,0,0,0,0,1,1,5,6,1,55,8,2494,8,2,LEXUS NX 300,10,E01022433,0,-1
2023010456234,2023,010456234,3,9,0,18,19,1,5,0,0,1,0,0,0,0,1,1,6,6,1,32,6,2494,8,4,LEXUS NX 300,4,E01001317,0,-1
2023010434175,2023,010434175,2,9,0,16,19,3,7,0,0,2,0,0,0,0,1,1,6,6,1,30,6,2494,8,6,LEXUS NX 300,5,E01010708,0,-1
2023010432553,2023,010432553,2,9,0,99,99,9,9,99,99,9,9,99,9,99,1,9,6,6,3,-1,-1,2494,8,5,LEXUS NX 300,-1,-1,0,-1
2023010470389,2023,010470389,2,9,0,16,19,5,1,0,0,8,0,0,0,0,3,1,2,2,1,48,8,2494,8,9,LEXUS NX 300,2,E01002053,0,-1
2023302300765,2023,302300765,1,9,0,8,8,8,2,0,0,0,0,0,0,0,4,1,6,6,3,-1,-1,2494,8,3,LEXUS NX 300,5,E01019456,0,-1
2023010442903,2023,010442903,1,9,0,99,99,9,9,99,99,0,9,99,9,99,2,9,6,6,1,62,9,2494,8,6,LEXUS NX 300,6,E01001869,0,-1
2023010468740,2023,010468740,1,9,0,1,1,1,5,0,0,1,0,0,0,0,2,1,6,6,2,60,9,2494,8,3,LEXUS NX 300,2,E01001660,0,-1
2023351308400,2023,351308400,1,9,0,7,7,5,3,0,0,2,0,0,0,0,2,1,5,6,2,41,7,2494,8,9,LEXUS NX 300,8,E01017987,0,-1
2023041281434,2023,041281434,1,9,0,18,19,3,7,0,0,1,0,0,0,0,4,1,6,6,2,83,11,2494,8,3,LEXUS NX 300,10,E01025316,0,-1
2023351388183,2023,351388183,2,9,0,18,19,2,6,0,0,0,0,0,7,0,1,1,6,6,1,33,6,2494,8,3,LEXUS NX 300,10,E01013215,0,-1
2023010472934,2023,010472934,1,9,0,5,5,7,3,0,0,8,0,0,0,0,4,1,6,6,3,70,10,2494,8,6,LEXUS NX 300,6,E01022520,0,-1
2023010430574,2023,010430574,1,9,0,9,9,5,3,0,0,6,0,0,0,0,3,1,6,6,1,38,7,2494,8,6,LEXUS NX 300,10,E01017459,0,-1
2023430518932,2023,430518932,2,9,0,18,19,2,6,0,0,8,0,0,7,4,4,1,6,6,1,77,11,2494,8,4,LEXUS NX 300,10,E01022208,0,-1
2023451303215,2023,451303215,2,9,0,18,19,3,7,0,0,0,0,0,0,0,4,1,5,6,1,66,10,2494,8,6,LEXUS NX 300,2,E01002664,0,-1
2023421334736,2023,421334736,2,9,0,2,2,1,5,0,0,0,0,4,0,0,2,1,6,6,3,-1,-1,2494,8,7,LEXUS NX 300,-1,-1,0,-1
2023010434969,2023,010434969,2,8,0,18,19,7,3,0,0,8,9,99,9,99,9,9,6,6,1,-1,-1,2494,8,2,-1,-1,-1,0,-1
2023161322530,2023,161322530,2,9,0,18,19,1,5,0,0,5,0,0,0,0,3,1,5,6,2,28,6,2494,8,4,LEXUS NX 300,1,E01012888,0,-1
2023010468867,2023,010468867,2,9,0,99,99,9,9,99,99,0,9,99,9,99,2,9,6,6,3,-1,-1,2494,8,8,LEXUS NX 300,-1,-1,0,-1
2023010458188,2023,010458188,1,9,4,99,99,9,9,99,99,9,9,99,9,99,2,9,2,2,1,50,8,2494,8,5,LEXUS NX 300,4,E01003249,0,-1
2023010459305,2023,010459305,1,9,0,7,7,4,6,0,0,8,0,0,0,0,3,1,6,6,3,-1,-1,2494,8,2,LEXUS NX 300,-1,-1,0,-1
2023070946161,2023,070946161,2,9,0,18,19,4,8,0,0,8,0,0,0,0,1,1,6,6,2,43,7,2494,8,6,LEXUS NX 300,9,E01018529,0,-1
2023010452999,2023,010452999,2,9,0,99,99,9,9,99,99,9,9,99,9,99,1,9,6,6,2,61,9,2494,8,7,LEXUS NX 300,1,E01001846,0,-1
2023101373593,2023,101373593,2,9,0,4,4,3,7,0,0,0,0,0,0,0,2,1,6,6,2,52,8,2494,8,6,LEXUS NX 300,10,E01027455,0,-1
2023010481184,2023,010481184,1,9,0,99,99,9,9,99,99,9,9,99,9,99,9,9,6,6,3,75,10,2494,8,5,LEXUS NX 300,6,E01002676,0,-1
2023010446994,2023,010446994,1,9,0,99,99,9,9,99,99,9,9,99,9,99,1,9,6,6,1,51,8,2494,8,6,LEXUS NX 300,8,E01001122,0,-1
2023451327871,2023,451327871,2,9,0,18,19,3,3,0,0,1,0,0,0,0,1,1,6,6,1,55,8,2494,8,5,LEXUS NX 300,4,E01030914,0,-1
2023461383255,2023,461383255,2,9,0,2,2,0,0,0,0,0,0,0,0,0,3,1,5,6,2,33,6,2494,8,8,LEXUS NX 300,5,E01024654,0,-1
2023401378062,2023,401378062,1,9,0,18,19,8,4,0,0,7,0,0,1,9,4,1,6,6,1,74,10,2494,8,5,LEXUS NX 300,6,E01000479,0,-1
2023010435674,2023,010435674,1,9,0,9,9,1,7,0,0,5,0,0,0,0,4,1,2,2,1,63,9,2494,8,4,LEXUS NX 300,6,E01002982,0,-1
2023010480000,2023,010480000,2,9,0,7,7,1,4,0,0,8,0,0,0,0,3,1,6,6,1,21,5,2494,8,3,LEXUS NX 300,6,E01002124,0,-1
2023461344557,2023,461344557,4,9,0,12,12,8,4,0,0,0,0,0,0,0,0,1,6,6,3,-1,-1,2494,8,7,LEXUS NX 300,-1,-1,0,-1
2023131260638,2023,131260638,1,9,0,18,19,3,7,0,0,0,1,0,0,0,3,1,5,6,1,60,9,2494,8,6,LEXUS NX 300,3,E01011851,0,-1
2023401289967,2023,401289967,2,9,0,18,19,1,5,0,0,0,0,0,0,0,2,1,5,6,1,63,9,2494,8,8,LEXUS NX 300,9,E01019597,0,-1
2023010434154,2023,010434154,2,9,0,2,2,0,0,0,0,0,0,0,0,0,3,1,6,6,3,-1,-1,2494,8,6,LEXUS NX 300,-1,-1,0,-1
2023131318902,2023,131318902,1,9,0,18,19,5,1,0,0,8,0,0,0,0,1,1,6,6,2,48,8,2494,8,4,LEXUS NX 300,2,E01011540,0,-1
2023451390795,2023,451390795,1,9,0,15,15,5,1,0,0,8,0,0,0,0,4,1,6,6,2,37,7,2494,8,3,LEXUS NX 300,8,E01030580,0,-1
2023061333026,2023,061333026,2,9,0,4,4,4,8,0,0,1,0,0,0,0,2,1,5,6,1,28,6,2494,8,2,LEXUS NX 300,-1,-1,0,-1
2023010424497,2023,010424497,1,9,0,5,5,3,7,0,0,8,0,0,0,0,1,1,6,6,2,40,7,2494,8,5,LEXUS NX 300,2,E01001940,0,-1
2023311363953,2023,311363953,1,9,0,7,7,8,2,0,0,1,0,0,0,0,1,1,6,6,1,65,9,2494,8,5,LEXUS NX 300,8,E01027944,0,-1
2023221378586,2023,221378586,1,9,0,9,9,5,4,0,0,5,0,0,0,0,1,1,6,6,1,57,9,2494,8,4,LEXUS NX 300,4,E01032397,0,-1
2023440508673,2023,440508673,1,9,0,18,19,4,8,0,0,1,0,0,0,0,1,1,6,6,2,63,9,2494,8,6,LEXUS NX 300,7,E01022724,0,-1
2023010468857,2023,010468857,1,9,0,9,9,4,2,0,0,1,0,0,0,0,4,1,2,2,1,67,10,2494,8,6,LEXUS NX 300,6,E01004481,0,-1
2023201384776,2023,201384776,4,9,0,18,19,3,7,0,0,0,0,0,0,0,2,1,5,6,1,20,4,2494,8,5,LEXUS NX 300,4,E01009229,0,-1
2023010451092,2023,010451092,2,9,0,5,5,5,1,0,0,0,0,0,0,0,3,1,6,6,2,27,6,2494,8,8,LEXUS NX 300,5,E01001658,0,-1
2023041365731,2023,041365731,2,9,0,18,19,5,1,0,0,0,0,0,0,0,3,1,5,6,2,54,8,2494,8,7,LEXUS NX 300,2,E01025055,0,-1
2023010446769,2023,010446769,1,9,0,99,99,9,9,99,99,9,9,0,0,0,0,9,6,6,2,39,7,2494,8,6,LEXUS NX 300,5,E01032789,0,-1
2023010437697,2023,010437697,1,9,0,7,7,1,3,0,0,1,0,0,0,0,3,1,3,7,2,39,7,2494,8,8,LEXUS NX 300,2,E01004251,0,-1
2023010467339,2023,010467339,1,9,0,18,19,7,3,0,0,4,0,0,0,0,1,1,3,7,2,40,7,2494,8,9,LEXUS NX 300,9,E01003799,0,-1
2023421382432,2023,421382432,1,9,0,18,19,7,3,0,0,0,0,0,0,0,1,1,6,6,2,49,8,2494,8,2,LEXUS NX 300,6,E01015915,0,-1
2023010429051,2023,010429051,2,9,9,99,99,9,9,99,99,9,9,99,9,99,1,9,6,6,2,41,7,2494,8,5,LEXUS NX 300,4,E01001934,0,-1
2023201413935,2023,201413935,1,9,0,18,19,8,4,0,0,8,0,0,0,0,3,1,1,1,1,53,8,2494,8,3,LEXUS NX 300,4,E01009226,0,-1
2023430085714,2023,430085714,2,9,0,18,19,6,2,0,0,1,0,0,0,0,1,1,6,6,1,-1,-1,2494,8,4,LEXUS NX 300,-1,-1,0,-1
2023010436055,2023,010436055,1,9,0,18,19,5,1,0,0,2,0,0,0,0,3,1,2,2,1,47,8,2494,8,4,LEXUS NX 300,7,E01001049,0,-1
2023461398397,2023,461398397,1,9,0,18,19,5,1,0,0,0,0,0,0,0,4,1,6,6,1,-1,-1,2494,8,6,LEXUS NX 300,4,E01000331,0,-1
2023010445052,2023,010445052,1,9,9,99,99,9,9,99,99,9,9,99,9,99,9,9,6,6,3,-1,-1,2494,8,5,LEXUS NX 300,-1,-1,0,-1
2023231279405,2023,231279405,1,9,0,1,1,3,7,0,0,0,0,0,0,0,2,1,5,6,1,54,8,2494,8,6,LEXUS NX 300,10,E01023581,0,-1
2023010480339,2023,010480339,2,9,0,9,9,7,4,0,0,8,0,0,0,0,4,1,6,6,2,30,6,2494,8,5,LEXUS NX 300,8,E01021528,0,-1
2023010471653,2023,010471653,2,9,0,9,9,7,5,0,0,8,0,0,0,0,1,1,6,6,2,42,7,2494,8,7,LEXUS NX 300,4,E01000029,0,-1
2023010425369,2023,010425369,1,9,0,99,99,9,9,99,99,9,9,99,9,99,2,9,6,6,1,34,6,2494,8,6,LEXUS NX 300,2,E01000126,0,-1
2023421284196,2023,421284196,1,9,0,2,2,5,1,9,9,0,0,0,0,0,3,1,5,6,1,76,11,2494,8,3,LEXUS NX 300,8,E01021371,0,-1
2023201376786,2023,201376786,1,9,0,13,13,7,3,0,0,2,0,0,0,0,1,1,6,6,1,71,10,2494,8,3,LEXUS NX 300,8,E01010226,0,-1
2023010425686,2023,010425686,1,9,0,15,15,1,5,0,0,0,0,0,0,0,4,1,6,6,2,62,9,2494,8,2,LEXUS NX 300,10,E01002978,0,-1
2023070901753,2023,070901753,1,9,0,5,5,1,5,0,0,1,0,0,0,0,3,1,2,2,1,76,11,1588,1,20,MG TF,8,E01018536,0,-1
2023361337489,2023,361337489,1,9,0,18,19,4,8,0,0,0,0,0,0,0,1,1,6,6,2,54,8,1796,1,18,MG TF,2,E01026803,0,-1
2023531308980,2023,531308980,1,9,0,7,7,3,1,0,0,6,0,0,0,0,1,1,5,6,1,68,10,1796,1,19,MG TF,7,E01022444,0,-1
2023122300932,2023,122300932,1,9,0,16,19,8,3,0,0,0,5,0,8,4,3,1,6,6,1,17,4,1796,1,20,MG TF,7,E01027585,0,-1
2023501301286,2023,501301286,1,9,0,18,19,8,4,0,0,0,0,0,7,11,1,1,5,6,1,55,8,1796,1,20,MG TF,7,E01019955,0,-1
2023201348726,2023,201348726,3,9,0,10,10,5,1,0,0,1,0,0,0,0,1,1,6,6,2,45,7,1796,1,19,MG TF,9,E01009456,0,-1
2023421263743,2023,421263743,2,9,0,18,19,5,1,0,0,0,0,0,0,0,1,1,6,6,1,35,6,1588,1,19,MG TF,7,E01021897,0,-1
2023461394281,2023,461394281,2,9,0,18,19,-1,-1,0,0,8,0,0,-1,0,1,1,6,6,2,31,6,1588,1,19,MG TF,8,E01025602,0,-1
2023531327503,2023,531327503,1,9,0,13,13,5,1,0,0,0,0,0,0,0,1,1,5,6,2,74,10,1796,1,19,MG TF,9,E01030582,0,-1
2023041371992,2023,041371992,2,9,0,18,19,1,5,0,0,1,0,0,0,0,2,1,6,6,1,34,6,1588,1,20,MG TF,3,E01025571,0,-1
2023461272971,2023,461272971,2,9,0,18,19,7,3,0,0,0,0,0,0,0,4,1,6,6,1,44,7,1588,1,20,MG TF,10,E01024326,0,-1
2023201291579,2023,201291579,2,9,0,18,19,-1,-1,0,0,4,0,0,0,0,1,1,1,1,1,44,7,1796,1,19,MG TF,3,E01010242,0,-1
2023461369066,2023,461369066,2,9,0,4,4,4,6,0,0,0,0,0,0,0,2,1,6,6,1,74,10,1796,1,19,MG TF,4,E01024533,0,-1
2023302300283,2023,302300283,1,9,0,18,19,4,8,0,0,0,0,0,5,6,3,1,6,6,2,34,6,1796,1,21,MG TF,7,E01011181,0,-1
2023111392254,2023,111392254,1,9,0,18,19,1,5,0,0,0,1,0,1,0,1,1,5,6,1,54,8,1796,1,20,MG TF,-1,-1,0,-1
2023451329984,2023,451329984,1,9,0,9,9,5,3,0,0,6,0,0,0,0,3,1,5,6,1,69,10,1796,1,18,MG TF,10,E01030926,0,-1
2023361335457,2023,361335457,2,9,0,9,9,2,4,0,0,0,0,0,0,0,2,1,5,6,1,31,6,2200,2,14,MITSUBISHI MODEL MISSING,7,E01026608,0,-1
2023141285887,2023,141285887,1,9,0,18,19,4,8,0,0,1,1,0,0,0,1,1,2,2,1,27,6,1996,1,20,MITSUBISHI MODEL MISSING,1,E01007677,0,-1
2023501353784,2023,501353784,1,9,0,3,3,1,5,0,0,1,0,0,0,0,1,1,6,6,1,60,9,3200,2,19,MITSUBISHI MODEL MISSING,1,E01015149,0,-1
2023031286795,2023,031286795,1,9,0,18,19,8,4,0,0,0,0,0,0,0,1,1,5,6,1,32,6,1990,1,28,MITSUBISHI MODEL MISSING,2,E01019246,0,-1
2023131276108,2023,131276108,1,9,0,9,9,1,7,0,0,6,0,0,0,0,3,1,6,6,2,43,7,2800,2,28,MITSUBISHI MODEL MISSING,1,E01010624,0,-1
2023010427437,2023,010427437,2,9,0,4,4,3,7,0,0,1,0,0,0,0,1,1,6,6,1,41,7,3490,1,22,MITSUBISHI MODEL MISSING,5,E01001198,0,-1
2023461358609,2023,461358609,3,9,0,3,3,5,3,0,0,8,0,0,0,0,1,1,6,6,1,38,7,1990,1,20,MITSUBISHI MODEL MISSING,9,E01024074,0,-1
2023991349109,2023,991349109,2,9,0,2,2,0,0,0,0,0,0,0,0,0,4,1,6,6,3,-1,-1,2350,1,15,MITSUBISHI MODEL MISSING,-1,-1,0,-1
2023320598886,2023,320598886,2,9,0,14,14,2,6,0,0,8,0,0,0,0,1,1,2,2,1,56,9,1990,1,10,MITSUBISHI MODEL MISSING,6,E01026021,0,-1
2023991305978,2023,991305978,1,9,0,13,13,7,3,6,6,0,0,0,7,4,1,1,6,6,1,50,8,2830,2,27,MITSUBISHI MODEL MISSING,5,-1,0,-1
2023332300059,2023,332300059,2,9,0,13,13,6,2,0,0,0,0,0,0,0,1,1,6,6,2,37,7,1798,1,13,MITSUBISHI MODEL MISSING,5,E01013764,0,-1
2023201363426,2023,201363426,1,9,0,9,9,8,6,0,0,5,1,0,0,0,2,1,5,6,1,43,7,2000,2,17,MITSUBISHI MODEL MISSING,2,E01022332,0,-1
2023131290276,2023,131290276,2,9,0,18,19,1,5,0,0,8,0,0,0,0,1,1,5,6,1,25,5,2830,2,30,MITSUBISHI MODEL MISSING,-1,-1,0,-1
2023991318240,2023,991318240,1,9,0,5,5,7,3,0,0,4,0,0,0,0,1,1,5,6,1,69,10,1460,1,14,MITSUBISHI MODEL MISSING,5,-1,0,-1
2023010455918,2023,010455918,2,9,0,18,19,5,1,0,0,4,0,0,0,0,1,9,6,6,3,-1,-1,1990,1,26,MITSUBISHI MODEL MISSING,9,E01002995,0,-1
2023211432881,2023,211432881,1,9,3,15,15,3,7,0,0,1,0,0,0,0,2,1,5,6,1,61,9,2477,2,19,MITSUBISHI MODEL MISSING,3,E01029499,0,-1
2023461391517,2023,461391517,2,4,0,18,19,5,1,0,0,8,1,0,0,0,1,1,6,6,1,54,8,151,1,7,-1,4,E01024541,0,-1
2023010423828,2023,010423828,6,9,0,3,3,5,1,0,0,1,0,0,0,0,1,1,6,6,1,58,9,6749,1,1,-1,3,E01002587,0,-1
2023421316942,2023,421316942,2,3,0,17,19,6,3,0,0,1,0,0,0,0,1,1,5,6,1,38,7,1255,1,12,-1,10,E01033053,0,-1
2023101378152,2023,101378152,2,5,0,18,19,7,3,0,0,1,0,0,0,0,1,1,6,6,1,51,8,1255,1,7,-1,5,E01027511,0,-1
2023471323285,2023,471323285,1,5,0,14,14,1,5,0,0,0,0,0,0,0,4,1,1,1,1,63,9,1255,1,13,-1,8,E01021041,0,-1
2023501311537,2023,501311537,2,5,0,13,13,2,6,0,0,0,0,0,0,0,4,1,5,6,1,45,7,1255,1,13,-1,6,E01020121,0,-1
2023351309943,2023,351309943,2,5,0,9,9,3,1,0,0,8,0,0,0,0,3,1,2,2,1,25,5,1255,1,11,-1,5,E01026249,0,-1
2023061345497,2023,061345497,2,5,0,18,19,3,7,0,0,1,2,0,0,0,2,1,6,6,1,52,8,1255,1,8,-1,8,E01005676,0,-1
2023351340288,2023,351340288,1,5,0,8,8,3,7,0,0,1,0,0,0,0,1,1,1,1,1,68,10,1255,1,8,-1,10,E01018116,0,-1
2023122301302,2023,122301302,2,5,0,4,4,7,3,0,0,0,0,0,0,0,1,1,6,6,1,62,9,1255,1,13,-1,4,E01025198,0,-1
2023622300269,2023,622300269,2,11,0,5,5,5,1,0,0,8,0,0,0,0,2,1,6,6,1,48,8,10837,2,8,-1,1,W01001180,0,-1
2023010420480,2023,010420480,3,9,0,2,2,0,0,0,0,1,0,0,0,0,1,1,6,6,3,-1,-1,1398,1,6,VAUXHALL CORSA,-1,-1,0,-1
2023101378152,2023,101378152,1,9,0,9,9,1,7,0,0,6,0,0,0,0,3,1,2,2,2,32,6,1398,1,4,VAUXHALL CORSA,5,E01027480,0,-1
202360A114998,2023,60A114998,2,9,0,18,19,6,2,0,0,8,0,0,0,0,4,1,6,6,1,17,4,1398,1,6,VAUXHALL CORSA,-1,-1,0,-1
2023010487033,2023,010487033,1,9,0,99,99,9,9,99,99,9,9,99,9,99,9,9,6,6,2,41,7,1398,1,6,VAUXHALL CORSA,1,E01032575,0,-1
2023622300513,2023,622300513,1,9,0,18,19,6,2,0,0,1,0,0,0,0,1,1,6,6,1,42,7,1248,2,11,VAUXHALL CORSA,9,W01001921,0,-1
2023411335895,2023,411335895,2,9,0,18,19,8,4,0,0,0,0,0,0,0,2,1,5,6,2,68,10,1199,1,3,VAUXHALL CORSA,5,E01023331,0,-1
2023320168632,2023,320168632,1,9,0,18,19,8,4,0,0,8,0,0,0,0,4,1,1,1,1,52,8,1398,1,6,VAUXHALL CORSA,6,E01026213,0,-1
2023010452226,2023,010452226,2,9,0,99,99,9,9,99,99,9,9,99,9,99,1,9,6,6,3,-1,-1,1199,1,1,VAUXHALL CORSA,2,E01003321,0,-1
2023010437661,2023,010437661,2,9,0,99,99,9,9,99,99,9,9,99,9,99,1,9,6,6,3,-1,-1,1229,1,15,VAUXHALL CORSA,-1,-1,0,-1
2023501354745,2023,501354745,1,9,0,18,19,6,2,0,0,0,0,0,0,0,4,1,2,2,2,30,6,1229,1,12,VAUXHALL CORSA,7,E01019045,0,-1