collision_index,collision_year,collision_ref_no,vehicle_reference,vehicle_type,towing_and_articulation,vehicle_manoeuvre_historic,vehicle_manoeuvre,vehicle_direction_from,vehicle_direction_to,vehicle_location_restricted_lane_historic,vehicle_location_restricted_lane,junction_location,skidding_and_overturning,hit_object_in_carriageway,vehicle_leaving_carriageway,hit_object_off_carriageway,first_point_of_impact,vehicle_left_hand_drive,journey_purpose_of_driver_historic,journey_purpose_of_driver,sex_of_driver,age_of_driver,age_band_of_driver,engine_capacity_cc,propulsion_code,age_of_vehicle,generic_make_model,driver_imd_decile,lsoa_of_driver,escooter_flag,driver_distance_banding
2023010475038,2023,010475038,1,9,0,9,9,8,7,0,0,5,0,0,0,0,1,1,2,2,2,28,6,1398,1,7,VAUXHALL CORSA,1,E01001427,0,-1
2023052300354,2023,052300354,1,9,0,18,19,2,6,0,0,1,0,0,0,0,1,1,6,6,2,37,7,1398,1,13,VAUXHALL CORSA,1,E01007124,0,-1
2023061382181,2023,061382181,1,9,0,18,19,5,8,0,0,1,0,0,0,0,1,1,6,6,3,30,6,1364,1,14,VAUXHALL CORSA,-1,-1,0,-1
2023401287032,2023,401287032,2,9,0,18,19,6,1,0,0,1,0,0,0,0,2,1,5,6,1,41,7,1398,1,11,VAUXHALL CORSA,10,E01017374,0,-1
2023451294592,2023,451294592,1,9,0,18,19,5,1,0,0,1,0,6,0,0,4,1,5,6,1,20,4,973,1,22,VAUXHALL CORSA,9,E01030539,0,-1
2023041321678,2023,041321678,2,9,0,5,5,7,3,0,0,0,0,0,0,0,1,1,3,7,2,30,6,1229,1,15,VAUXHALL CORSA,3,E01025237,0,-1
2023201398259,2023,201398259,2,9,0,10,10,3,8,0,0,1,0,0,0,0,4,1,6,6,2,61,9,1398,1,6,VAUXHALL CORSA,3,E01010092,0,-1
2023401308923,2023,401308923,1,9,0,7,7,3,7,0,0,0,0,4,0,0,1,1,5,6,2,85,11,1398,1,6,VAUXHALL CORSA,3,E01017515,0,-1
2023430015557,2023,430015557,1,9,0,18,19,8,4,0,0,0,0,0,0,0,1,1,6,6,1,17,4,1248,2,11,VAUXHALL CORSA,7,E01028509,0,-1
2023101349218,2023,101349218,1,9,0,18,19,4,7,0,0,0,0,0,0,0,1,1,6,6,1,23,5,1229,1,13,VAUXHALL CORSA,6,E01008574,0,-1
2023501268487,2023,501268487,1,9,0,18,19,7,3,0,0,1,2,0,1,10,1,1,1,1,2,34,6,1248,2,12,VAUXHALL CORSA,3,E01018950,0,-1
2023421316453,2023,421316453,1,9,0,1,1,1,5,0,0,0,0,0,0,0,2,1,5,6,1,60,9,1398,1,11,VAUXHALL CORSA,3,E01004630,0,-1
2023201297353,2023,201297353,1,9,0,4,4,6,2,0,0,0,0,4,0,0,1,1,2,2,1,49,8,1398,1,6,VAUXHALL CORSA,2,E01010266,0,-1
2023991313501,2023,991313501,1,9,0,18,19,1,5,0,0,0,1,0,0,0,3,1,5,6,2,30,6,1362,1,10,VAUXHALL CORSA,5,-1,0,-1
2023010422422,2023,010422422,2,9,0,99,99,9,9,99,99,9,9,99,9,99,2,9,6,6,3,-1,-1,1229,1,18,VAUXHALL CORSA,-1,-1,0,-1
2023501288437,2023,501288437,2,9,0,3,3,5,1,0,0,1,0,0,0,0,2,1,6,6,1,30,6,1199,1,3,VAUXHALL CORSA,1,E01015260,0,-1
2023201271213,2023,201271213,1,9,0,9,9,1,7,0,0,5,0,0,0,0,1,1,2,2,1,63,9,1229,1,12,VAUXHALL CORSA,6,E01009976,0,-1
2023010431415,2023,010431415,1,9,0,99,99,9,9,99,99,0,9,99,9,99,1,9,6,6,1,22,5,1398,1,13,VAUXHALL CORSA,1,E01001732,0,-1
2023201277796,2023,201277796,1,9,0,18,19,-1,-1,0,0,0,0,0,0,0,1,1,6,6,2,-1,-1,1229,1,10,VAUXHALL CORSA,-1,-1,0,-1
2023991374714,2023,991374714,1,9,0,18,19,7,3,0,0,2,1,0,7,7,4,1,2,2,1,24,5,1229,1,10,VAUXHALL CORSA,4,-1,0,-1
2023211309413,2023,211309413,1,9,0,3,3,5,1,0,0,1,0,0,0,0,1,1,2,2,1,21,5,1398,1,5,VAUXHALL CORSA,7,E01029772,0,-1
2023430062247,2023,430062247,1,9,0,18,19,5,1,0,0,0,1,0,0,0,1,1,1,1,1,45,7,1199,1,19,VAUXHALL CORSA,10,E01028694,0,-1
2023991300401,2023,991300401,1,9,0,12,12,7,4,0,0,0,0,0,0,0,1,1,2,2,1,28,6,1229,1,10,VAUXHALL CORSA,3,-1,0,-1
2023010430767,2023,010430767,2,9,9,99,99,9,9,99,99,9,9,99,9,99,9,9,6,6,3,-1,-1,1229,1,10,VAUXHALL CORSA,5,E01004096,0,-1
2023531327622,2023,531327622,1,9,0,18,19,5,1,0,0,0,2,0,1,0,1,1,5,6,1,22,5,998,1,14,VAUXHALL CORSA,2,E01013659,0,-1
2023471347741,2023,471347741,2,9,0,18,19,2,6,0,0,0,0,0,7,4,4,1,2,2,2,30,6,1398,1,11,VAUXHALL CORSA,7,E01031567,0,-1
2023471315208,2023,471315208,1,9,0,18,19,7,3,0,0,0,0,0,0,0,1,1,6,6,3,-1,-1,1199,1,21,VAUXHALL CORSA,-1,-1,0,-1
2023622300981,2023,622300981,1,9,0,18,19,2,6,0,0,1,0,7,0,0,1,1,6,6,1,76,11,1199,1,20,VAUXHALL CORSA,10,W01001843,0,-1
2023201347552,2023,201347552,1,9,0,7,7,8,2,0,0,5,0,10,1,10,1,1,6,6,2,75,10,1364,1,14,VAUXHALL CORSA,7,E01010355,0,-1
2023411296115,2023,411296115,1,9,0,9,9,1,7,0,0,8,0,0,0,0,1,1,2,2,1,31,6,998,1,9,VAUXHALL CORSA,5,E01001720,0,-1
2023471306078,2023,471306078,2,9,0,18,19,2,6,0,0,0,0,0,0,0,2,1,2,2,2,23,5,1229,1,12,VAUXHALL CORSA,7,E01021038,0,-1
2023440447736,2023,440447736,1,9,0,18,19,4,8,0,0,0,2,0,1,4,1,1,6,6,1,41,7,1364,1,7,VAUXHALL CORSA,9,E01031998,0,-1
2023531319619,2023,531319619,2,9,0,18,19,1,5,0,0,4,0,11,0,0,1,1,5,6,1,18,4,1398,1,12,VAUXHALL CORSA,10,E01022382,0,-1
2023471389944,2023,471389944,1,9,0,4,4,1,5,0,0,0,0,0,0,0,1,1,1,1,2,25,5,998,1,20,VAUXHALL CORSA,6,E01021133,0,-1
2023991326819,2023,991326819,1,9,0,17,19,6,2,0,0,0,1,0,7,4,4,1,1,1,1,24,5,1229,1,13,VAUXHALL CORSA,-1,-1,0,-1
2023201308762,2023,201308762,1,9,0,16,19,2,5,0,0,2,2,10,7,2,4,1,6,6,1,29,6,1229,1,10,VAUXHALL CORSA,1,E01033636,0,-1
2023010432038,2023,010432038,1,9,0,18,19,5,1,0,0,0,0,0,0,0,1,1,6,6,1,70,10,998,1,15,VAUXHALL CORSA,6,E01001527,0,-1
2023041282040,2023,041282040,2,9,0,18,19,7,3,0,0,8,0,0,0,0,1,1,1,1,2,28,6,1248,2,19,VAUXHALL CORSA,10,E01025466,0,-1
2023101328743,2023,101328743,1,9,0,4,4,1,5,0,0,0,0,0,0,0,3,1,6,6,1,19,4,998,1,13,VAUXHALL CORSA,10,E01008547,0,-1
2023531330913,2023,531330913,1,9,0,18,19,3,7,0,0,0,0,0,0,0,1,1,5,6,2,62,9,1229,1,12,VAUXHALL CORSA,4,E01022296,0,-1
2023501290254,2023,501290254,2,9,0,16,19,7,2,0,0,0,0,0,0,0,1,1,6,6,2,23,5,1229,1,15,VAUXHALL CORSA,6,E01020142,0,-1
2023161349783,2023,161349783,1,9,0,18,19,6,2,0,0,0,0,0,0,0,1,1,2,2,1,19,4,1229,1,10,VAUXHALL CORSA,4,E01013271,0,-1
2023231369001,2023,231369001,2,9,-1,-1,-1,-1,-1,-1,-1,0,-1,-1,-1,0,-1,1,6,6,2,64,9,1398,1,10,VAUXHALL CORSA,10,E01031250,0,-1
2023332300308,2023,332300308,1,9,0,18,19,3,7,0,0,1,0,0,1,2,1,1,6,6,1,53,8,1398,1,6,VAUXHALL CORSA,-1,-1,0,-1
2023421294353,2023,421294353,2,9,0,3,3,7,3,0,0,0,0,0,0,0,2,1,5,6,2,38,7,1398,1,5,VAUXHALL CORSA,3,E01021307,0,-1
2023461318360,2023,461318360,1,9,0,17,19,1,1,0,0,1,0,4,0,0,4,1,6,6,1,18,4,1229,1,11,VAUXHALL CORSA,5,E01024786,0,-1
2023041291978,2023,041291978,2,9,0,17,19,7,3,0,0,1,0,0,0,0,2,1,5,6,2,45,7,1398,1,7,VAUXHALL CORSA,2,E01025060,0,-1
2023201411325,2023,201411325,2,9,0,4,4,4,8,0,0,3,0,0,0,0,4,1,3,7,2,51,8,1398,1,13,VAUXHALL CORSA,6,E01009847,0,-1
2023071049996,2023,071049996,1,9,0,18,19,1,5,0,0,1,0,0,0,0,1,1,6,6,1,-1,-1,1398,1,7,VAUXHALL CORSA,-1,-1,0,-1
2023401331067,2023,401331067,2,9,0,18,19,8,6,0,0,8,0,0,0,0,1,1,6,6,1,44,7,1398,1,7,VAUXHALL CORSA,8,E01015745,0,-1
2023061388591,2023,061388591,2,9,-1,-1,-1,-1,-1,-1,-1,0,-1,-1,-1,0,-1,1,6,6,2,20,4,1229,1,8,VAUXHALL CORSA,6,E01028973,0,-1
2023622300826,2023,622300826,1,9,0,9,9,8,7,0,0,8,0,0,0,0,1,1,6,6,1,23,5,1229,1,10,VAUXHALL CORSA,5,W01001186,0,-1
2023622300867,2023,622300867,1,9,0,18,19,2,5,0,0,1,0,0,0,0,1,1,1,1,2,20,4,1398,1,10,VAUXHALL CORSA,7,W01000875,0,-1
2023411320209,2023,411320209,1,9,0,18,19,1,5,0,0,0,0,10,1,3,1,1,5,6,2,20,4,1229,1,14,VAUXHALL CORSA,2,E01017618,0,-1
2023010442074,2023,010442074,1,9,0,9,9,5,2,0,0,6,0,0,0,0,3,1,6,6,1,66,10,1398,1,6,VAUXHALL CORSA,-1,-1,0,-1
2023320040575,2023,320040575,2,9,0,18,19,8,4,0,0,8,1,0,0,0,1,1,6,6,1,34,6,1398,1,6,VAUXHALL CORSA,7,E01026179,0,-1
2023311378266,2023,311378266,1,9,0,18,19,7,3,0,0,0,2,0,1,4,1,1,5,6,1,17,4,1229,1,11,VAUXHALL CORSA,10,E01028361,0,-1
2023231299242,2023,231299242,2,9,0,18,19,1,5,0,0,8,0,0,1,0,3,1,6,6,1,47,8,1199,1,3,VAUXHALL CORSA,-1,-1,0,-1
2023411281253,2023,411281253,1,9,0,18,19,1,5,0,0,1,0,0,0,0,1,1,6,6,1,-1,-1,1199,1,3,VAUXHALL CORSA,10,E01023742,0,-1
2023320554797,2023,320554797,1,9,0,18,19,6,2,0,0,0,5,0,1,0,4,1,2,2,1,20,4,1229,1,15,VAUXHALL CORSA,7,E01026202,0,-1
2023421330303,2023,421330303,2,9,0,18,19,4,8,0,0,8,0,0,0,0,1,1,5,6,1,77,11,1364,1,14,VAUXHALL CORSA,3,E01015935,0,-1
2023041369510,2023,041369510,5,9,0,2,2,0,0,0,0,0,0,0,0,0,1,1,6,6,3,-1,-1,-1,3,1,VAUXHALL CORSA,-1,-1,0,-1
2023201390252,2023,201390252,2,9,0,18,19,6,2,0,0,8,0,7,0,0,1,1,6,6,2,23,5,1199,1,1,VAUXHALL CORSA,1,E01009489,0,-1
2023311358166,2023,311358166,1,9,0,3,3,4,8,0,0,1,0,0,0,0,2,1,5,6,1,18,4,1229,1,11,VAUXHALL CORSA,4,E01013912,0,-1
2023031343666,2023,031343666,1,9,0,17,19,1,4,0,0,0,2,0,7,9,4,1,5,6,2,20,4,1398,1,7,VAUXHALL CORSA,8,E01019383,0,-1
2023131343169,2023,131343169,3,9,0,18,19,5,1,0,0,0,0,0,0,0,1,1,5,6,1,19,4,1398,1,6,VAUXHALL CORSA,10,E01012183,0,-1
2023201315804,2023,201315804,1,9,0,10,10,4,2,0,0,8,0,0,0,0,3,1,6,6,1,20,4,1229,1,11,VAUXHALL CORSA,1,E01008914,0,-1
2023451302343,2023,451302343,1,9,0,18,19,5,1,0,0,0,0,0,0,0,1,1,5,6,1,33,6,973,1,22,VAUXHALL CORSA,8,E01030877,0,-1
2023520400154,2023,520400154,2,9,0,18,19,3,5,0,0,6,0,0,0,0,1,1,6,6,1,54,8,1229,1,15,VAUXHALL CORSA,5,E01029257,0,-1
2023302300086,2023,302300086,2,9,0,18,19,8,4,0,0,4,0,0,0,0,1,1,6,6,2,-1,-1,1199,1,1,VAUXHALL CORSA,9,E01019590,0,-1
2023201343057,2023,201343057,1,9,0,5,5,3,7,0,0,2,0,0,0,0,1,1,6,6,2,28,6,1229,1,8,VAUXHALL CORSA,1,E01010060,0,-1
2023061365185,2023,061365185,1,9,0,4,4,3,7,0,0,0,0,0,0,0,1,1,2,2,2,35,6,998,1,11,VAUXHALL CORSA,-1,-1,0,-1
2023430547675,2023,430547675,2,9,0,18,19,4,8,0,0,0,0,0,1,0,1,1,2,2,1,47,8,1364,1,8,VAUXHALL CORSA,9,E01016540,0,-1
2023471339558,2023,471339558,1,9,0,17,19,1,5,0,0,1,0,9,3,1,1,1,5,6,1,87,11,1398,1,6,VAUXHALL CORSA,6,E01020959,0,-1
2023231273735,2023,231273735,1,9,0,18,19,4,8,0,0,4,0,0,0,0,4,1,6,6,2,44,7,1398,1,8,VAUXHALL CORSA,9,E01031161,0,-1
2023471301506,2023,471301506,3,9,0,4,4,4,8,0,0,0,0,0,0,0,2,1,6,6,2,58,9,1398,1,7,VAUXHALL CORSA,6,E01021213,0,-1
2023122301166,2023,122301166,2,9,0,12,12,7,3,0,0,0,0,0,0,0,0,1,6,6,3,-1,-1,998,1,11,VAUXHALL CORSA,-1,-1,0,-1
2023010470633,2023,010470633,1,9,0,18,19,3,7,0,0,1,0,0,0,0,1,1,6,6,2,24,5,1398,1,11,VAUXHALL CORSA,1,E01002094,0,-1
2023010429195,2023,010429195,1,9,0,7,7,7,1,0,0,5,0,0,0,0,4,1,6,6,2,30,6,1229,1,10,VAUXHALL CORSA,4,E01033590,0,-1
2023231354218,2023,231354218,2,9,0,2,2,0,0,0,0,2,0,0,0,0,1,1,5,6,1,34,6,1229,1,14,VAUXHALL CORSA,4,E01031032,0,-1
2023052303089,2023,052303089,4,9,0,2,2,0,0,0,0,0,0,0,0,0,4,1,6,6,3,-1,-1,1229,1,8,VAUXHALL CORSA,-1,-1,0,-1
2023161352605,2023,161352605,2,9,0,18,19,5,1,0,0,1,0,0,0,0,1,1,2,2,2,26,6,1229,1,13,VAUXHALL CORSA,10,E01013354,0,-1
2023461347466,2023,461347466,2,9,0,-1,-1,-1,-1,-1,-1,-1,-1,-1,-1,0,-1,1,6,6,1,-1,-1,1229,1,10,VAUXHALL CORSA,2,E01016110,0,-1
2023501355448,2023,501355448,1,9,0,2,2,3,1,0,0,0,0,4,0,0,2,1,6,6,3,-1,-1,1229,1,11,VAUXHALL CORSA,-1,-1,0,-1
2023010439499,2023,010439499,2,9,0,13,13,1,5,0,0,1,0,0,7,10,3,1,2,2,1,51,8,1229,1,11,VAUXHALL CORSA,2,E01001433,0,-1
2023061339016,2023,061339016,2,9,0,3,3,7,-1,0,0,1,0,0,0,0,2,1,5,6,2,25,5,1398,1,5,VAUXHALL CORSA,4,E01005304,0,-1
2023010478396,2023,010478396,1,9,0,7,7,5,7,0,0,7,0,0,0,0,1,1,6,6,1,22,5,998,1,10,VAUXHALL CORSA,3,E01000578,0,-1
2023471405779,2023,471405779,2,9,0,18,19,7,3,0,0,8,0,0,0,0,1,1,5,6,2,59,9,1364,1,14,VAUXHALL CORSA,6,E01031362,0,-1
2023041296453,2023,041296453,1,9,0,5,5,3,1,0,0,6,0,0,0,0,1,1,6,6,1,19,4,1229,1,17,VAUXHALL CORSA,6,E01032928,0,-1
2023411380291,2023,411380291,1,9,0,4,4,5,7,0,0,1,0,0,0,0,1,1,6,6,1,56,9,1229,1,14,VAUXHALL CORSA,2,E01015726,0,-1
2023421352272,2023,421352272,2,9,0,2,2,0,0,0,0,2,0,0,0,0,2,1,5,6,1,43,7,-1,-1,-1,VAUXHALL CORSA,-1,-1,0,-1
2023991275309,2023,991275309,2,9,0,18,19,4,8,0,0,0,0,0,0,0,2,1,6,6,1,31,6,1199,1,1,VAUXHALL CORSA,2,-1,0,-1
2023440432534,2023,440432534,1,9,0,18,19,2,6,0,0,0,1,0,1,1,4,1,6,6,1,33,6,1229,1,16,VAUXHALL CORSA,3,E01022550,0,-1
2023471363748,2023,471363748,2,9,0,4,4,2,8,0,0,1,0,0,0,0,1,1,5,6,2,62,9,1398,1,9,VAUXHALL CORSA,9,E01021144,0,-1
2023440491863,2023,440491863,1,9,0,18,19,6,2,0,0,8,0,0,0,0,4,1,6,6,2,24,5,1199,1,20,VAUXHALL CORSA,3,E01032851,0,-1
2023052303091,2023,052303091,2,9,0,10,10,1,7,0,0,0,0,0,0,0,2,1,6,6,1,69,10,1229,1,17,VAUXHALL CORSA,4,E01007169,0,-1
2023010419651,2023,010419651,1,9,0,9,9,2,8,0,0,8,0,0,0,0,1,1,6,6,1,24,5,1199,1,2,VAUXHALL CORSA,2,E01003595,0,-1
2023101362899,2023,101362899,1,9,0,5,5,3,7,0,0,5,0,0,0,0,4,1,6,6,2,26,6,1229,1,7,VAUXHALL CORSA,-1,-1,0,-1
2023332301157,2023,332301157,1,9,0,18,19,7,3,0,0,0,0,0,0,0,1,1,6,6,2,19,4,1229,1,13,VAUXHALL CORSA,7,E01025825,0,-1
2023461349699,2023,461349699,1,9,0,9,9,8,6,0,0,0,0,0,0,0,4,1,6,6,1,80,11,1199,1,2,VAUXHALL CORSA,7,E01000693,0,-1
2023052300573,2023,052300573,1,9,0,5,5,3,7,0,0,0,0,0,0,0,4,1,4,7,2,44,7,1229,1,9,VAUXHALL CORSA,2,E01007168,0,-1
2023991328485,2023,991328485,2,9,0,9,9,7,5,0,0,6,0,0,7,0,3,1,2,2,1,37,7,1398,1,7,VAUXHALL CORSA,3,-1,0,-1
2023061363632,2023,061363632,1,9,0,18,19,3,7,0,0,0,0,0,0,0,1,1,5,6,1,18,4,1229,1,10,VAUXHALL CORSA,1,E01004797,0,-1
2023440247332,2023,440247332,1,9,0,7,7,7,5,5,5,6,0,0,0,0,1,1,2,2,1,19,4,1398,1,5,VAUXHALL CORSA,7,E01017049,0,-1
2023311378843,2023,311378843,1,9,0,18,19,2,6,0,0,0,0,0,4,0,1,1,6,6,1,75,10,1398,1,13,VAUXHALL CORSA,4,E01028077,0,-1
2023061372731,2023,061372731,1,9,0,5,5,7,2,0,0,5,0,0,0,0,3,1,6,6,2,20,4,1229,1,13,VAUXHALL CORSA,1,E01005124,0,-1
2023451344478,2023,451344478,1,9,0,18,19,1,5,0,0,1,5,11,0,0,1,1,2,2,2,21,5,1364,1,15,VAUXHALL CORSA,2,E01002316,0,-1
2023311267735,2023,311267735,1,9,0,18,19,1,1,0,0,1,0,0,0,0,3,1,6,6,1,39,7,1229,1,10,VAUXHALL CORSA,-1,-1,0,-1
2023401287009,2023,401287009,2,9,0,3,3,-1,-1,0,0,0,0,0,0,0,2,1,3,7,2,49,8,1199,1,3,VAUXHALL CORSA,-1,-1,0,-1
2023440187744,2023,440187744,1,9,0,18,19,7,3,0,0,0,0,0,0,0,1,1,6,6,2,47,8,1199,1,1,VAUXHALL CORSA,6,E01022700,0,-1
2023311292105,2023,311292105,1,9,0,18,19,3,7,0,0,8,0,0,0,0,1,1,5,6,2,20,4,1229,1,15,VAUXHALL CORSA,5,E01028003,0,-1
2023010464850,2023,010464850,1,9,0,18,19,7,3,0,0,8,0,0,0,0,2,1,6,6,2,26,6,1248,2,7,VAUXHALL CORSA,6,E01000180,0,-1
2023461369205,2023,461369205,2,9,0,18,19,7,3,0,0,1,0,0,0,0,2,1,6,6,2,65,9,1199,1,20,VAUXHALL CORSA,7,E01024812,0,-1
2023991358088,2023,991358088,2,9,0,2,2,0,0,0,0,8,0,0,0,0,3,1,6,6,3,-1,-1,1398,1,7,VAUXHALL CORSA,-1,-1,0,-1
2023221369048,2023,221369048,1,9,0,16,19,7,3,0,0,0,1,0,1,4,1,1,5,6,1,17,4,1248,2,13,VAUXHALL CORSA,5,E01029005,0,-1
2023461394581,2023,461394581,2,9,0,4,4,1,5,0,0,1,0,0,0,0,4,1,6,6,1,18,4,1398,1,4,VAUXHALL CORSA,10,E01024782,0,-1
2023101352588,2023,101352588,1,9,0,18,19,7,3,0,0,0,0,0,0,0,1,1,6,6,2,40,7,1229,1,11,VAUXHALL CORSA,6,E01020642,0,-1
2023440318701,2023,440318701,2,9,0,18,19,1,5,0,0,0,0,0,0,0,3,1,6,6,1,18,4,1398,1,10,VAUXHALL CORSA,10,E01022931,0,-1
2023421362952,2023,421362952,2,9,0,18,19,7,3,0,0,0,0,0,0,0,3,1,6,6,2,47,8,1398,1,4,VAUXHALL CORSA,1,E01021968,0,-1
2023201376998,2023,201376998,2,9,0,4,4,6,2,0,0,0,0,0,0,0,2,1,6,6,1,33,6,1398,1,9,VAUXHALL CORSA,6,E01014175,0,-1
2023141262113,2023,141262113,1,9,0,9,9,4,2,0,0,2,0,0,0,0,1,1,1,1,1,21,5,1229,1,17,VAUXHALL CORSA,1,E01007877,0,-1
2023531259752,2023,531259752,1,9,0,18,19,5,1,0,0,5,0,0,0,0,1,1,2,2,1,27,6,1398,1,7,VAUXHALL CORSA,7,E01024805,0,-1
2023052301250,2023,052301250,1,9,0,9,9,3,7,0,0,5,0,0,0,0,4,1,6,6,2,35,6,1199,1,3,VAUXHALL CORSA,1,E01006905,0,-1
2023201303833,2023,201303833,2,9,0,3,3,4,7,0,0,1,0,0,0,0,2,1,2,2,2,21,5,1398,1,6,VAUXHALL CORSA,2,E01009263,0,-1
2023010476672,2023,010476672,2,9,0,3,3,1,5,0,0,1,0,4,0,0,2,1,6,6,1,46,8,1229,1,12,VAUXHALL CORSA,4,E01001645,0,-1
2023461330016,2023,461330016,1,9,0,16,19,5,1,0,0,0,0,0,1,2,3,1,6,6,1,18,4,1229,1,17,VAUXHALL CORSA,4,E01024486,0,-1
2023122300340,2023,122300340,1,9,0,5,5,6,4,0,0,1,0,0,0,0,3,1,6,6,1,93,11,1398,1,13,VAUXHALL CORSA,7,E01027647,0,-1
2023401372624,2023,401372624,2,9,-1,-1,-1,-1,-1,-1,-1,0,-1,-1,-1,0,-1,1,6,6,2,21,5,1248,2,18,VAUXHALL CORSA,3,E01017609,0,-1
2023991292918,2023,991292918,1,9,0,12,12,3,7,0,0,4,0,0,0,0,3,1,5,6,1,40,7,1398,1,7,VAUXHALL CORSA,10,-1,0,-1
2023010442942,2023,010442942,2,9,0,13,13,1,5,0,0,4,0,0,0,0,1,1,6,6,1,18,4,1398,1,7,VAUXHALL CORSA,2,E01001603,0,-1
2023351307413,2023,351307413,1,9,0,4,4,8,4,0,0,0,5,0,0,0,1,1,6,6,1,19,4,998,1,16,VAUXHALL CORSA,6,E01029925,0,-1
2023052301539,2023,052301539,2,9,0,4,4,1,5,0,0,0,0,0,0,0,2,1,6,6,2,31,6,1398,1,6,VAUXHALL CORSA,3,E01007217,0,-1
2023010466401,2023,010466401,1,9,0,99,99,9,9,99,99,9,9,99,9,99,9,9,6,6,2,33,6,1398,1,8,VAUXHALL CORSA,3,E01003221,0,-1
2023041294674,2023,041294674,4,9,0,2,2,0,0,0,0,1,0,0,0,0,3,1,6,6,3,-1,-1,1199,1,3,VAUXHALL CORSA,-1,-1,0,-1
2023440290723,2023,440290723,1,9,0,17,19,3,1,0,0,8,0,0,0,0,4,1,6,6,1,63,9,1229,1,9,VAUXHALL CORSA,1,E01017332,0,-1
2023131290301,2023,131290301,1,9,0,18,19,6,2,0,0,8,0,0,0,0,3,1,2,2,1,18,4,1248,2,20,VAUXHALL CORSA,3,E01033005,0,-1
2023302301319,2023,302301319,1,9,0,18,19,6,2,0,0,0,5,0,2,11,4,1,6,6,2,41,7,1248,2,11,VAUXHALL CORSA,4,E01019742,0,-1
2023332300700,2023,332300700,2,9,0,18,19,7,3,0,0,8,0,0,0,0,1,1,2,2,1,28,6,1229,1,10,VAUXHALL CORSA,4,E01013756,0,-1
2023010466491,2023,010466491,5,9,0,3,3,5,1,0,0,2,0,0,0,0,4,1,6,6,2,32,6,1398,1,10,VAUXHALL CORSA,3,E01023326,0,-1
2023131329740,2023,131329740,1,9,0,18,19,2,6,0,0,4,0,0,0,0,1,1,6,6,3,-1,-1,1398,1,4,VAUXHALL CORSA,-1,-1,0,-1
2023991343700,2023,991343700,2,9,0,2,2,2,6,0,0,0,0,0,0,0,2,1,6,6,3,-1,-1,1229,1,12,VAUXHALL CORSA,-1,-1,0,-1
2023520301088,2023,520301088,2,9,0,7,7,1,2,0,0,8,0,0,0,0,3,1,6,6,1,22,5,1229,1,18,VAUXHALL CORSA,5,E01029283,0,-1
2023010479637,2023,010479637,1,9,0,18,19,3,7,0,0,0,0,4,0,0,1,1,6,6,1,31,6,1229,1,11,VAUXHALL CORSA,6,E01002170,0,-1
2023440470910,2023,440470910,1,9,0,18,19,2,6,0,0,0,0,0,0,0,3,1,2,2,1,23,5,-1,3,2,VAUXHALL CORSA,4,E01030805,0,-1
2023451268732,2023,451268732,1,9,0,5,5,5,1,0,0,1,0,0,0,0,4,1,3,7,2,39,7,1199,1,3,VAUXHALL CORSA,3,E01030354,0,-1
2023010427620,2023,010427620,1,9,0,9,9,7,5,0,0,8,0,0,0,0,1,1,2,2,2,57,9,1398,1,10,VAUXHALL CORSA,6,E01001258,0,-1
2023311289878,2023,311289878,1,9,0,18,19,8,4,0,0,0,0,0,1,0,1,1,5,6,2,23,5,1229,1,9,VAUXHALL CORSA,8,E01028104,0,-1
2023010447496,2023,010447496,1,9,9,99,99,9,9,99,99,9,9,99,9,99,2,9,6,6,2,42,7,1229,1,11,VAUXHALL CORSA,3,E01002028,0,-1
2023991352114,2023,991352114,1,9,0,18,19,8,4,0,0,2,0,0,0,0,1,1,2,2,1,23,5,1398,1,5,VAUXHALL CORSA,10,-1,0,-1
2023991324139,2023,991324139,1,9,0,18,19,1,5,0,0,1,0,0,7,2,1,1,5,6,1,89,11,1199,1,0,VAUXHALL CORSA,5,-1,0,-1
2023101289945,2023,101289945,1,9,0,1,1,1,5,0,0,0,0,0,0,0,0,1,3,7,1,27,6,1398,1,6,VAUXHALL CORSA,2,E01008477,0,-1
2023991291510,2023,991291510,1,9,0,18,19,5,2,0,0,3,0,10,0,0,3,1,5,6,1,74,10,1398,1,8,VAUXHALL CORSA,1,E01026960,0,-1
2023131341021,2023,131341021,2,9,0,18,19,6,2,0,0,0,0,0,0,0,4,1,6,6,2,27,6,1199,1,2,VAUXHALL CORSA,2,E01011284,0,-1
2023201301065,2023,201301065,1,9,0,18,19,7,3,0,0,4,0,0,0,0,1,1,6,6,1,54,8,1199,1,20,VAUXHALL CORSA,5,E01008959,0,-1
2023552300408,2023,552300408,2,9,0,10,10,2,6,0,0,0,0,0,0,0,2,1,6,6,2,24,5,1229,1,15,VAUXHALL CORSA,7,E01015446,0,-1
2023520301501,2023,520301501,1,9,0,3,3,9,9,0,0,0,0,0,0,0,1,1,6,6,2,19,4,1229,1,10,VAUXHALL CORSA,5,E01029230,0,-1
2023231392479,2023,231392479,1,9,0,18,19,8,4,0,0,0,0,0,0,0,1,1,6,6,2,52,8,1229,1,17,VAUXHALL CORSA,4,E01031060,0,-1
2023061392126,2023,061392126,2,9,0,18,19,5,1,0,0,1,0,0,1,0,1,1,6,6,1,32,6,1364,1,14,VAUXHALL CORSA,2,E01005369,0,-1