collision_index,collision_year,collision_ref_no,vehicle_reference,vehicle_type,towing_and_articulation,vehicle_manoeuvre_historic,vehicle_manoeuvre,vehicle_direction_from,vehicle_direction_to,vehicle_location_restricted_lane_historic,vehicle_location_restricted_lane,junction_location,skidding_and_overturning,hit_object_in_carriageway,vehicle_leaving_carriageway,hit_object_off_carriageway,first_point_of_impact,vehicle_left_hand_drive,journey_purpose_of_driver_historic,journey_purpose_of_driver,sex_of_driver,age_of_driver,age_band_of_driver,engine_capacity_cc,propulsion_code,age_of_vehicle,generic_make_model,driver_imd_decile,lsoa_of_driver,escooter_flag,driver_distance_banding
2023461357098,2023,461357098,1,9,0,11,11,1,5,0,0,0,0,0,0,0,1,1,6,6,2,-1,-1,1199,1,3,VAUXHALL CORSA,7,E01024809,0,-1
2023332301192,2023,332301192,1,9,0,11,11,7,3,2,2,1,0,0,0,0,4,1,6,6,3,-1,-1,1398,1,6,VAUXHALL CORSA,-1,-1,0,-1
2023461269848,2023,461269848,1,9,0,18,19,3,7,0,0,0,0,10,0,0,1,1,5,6,1,77,11,1398,1,5,VAUXHALL CORSA,8,E01020988,0,-1
202354D545623,2023,54D545623,3,9,0,2,2,0,0,0,0,2,0,0,0,0,1,1,6,6,3,-1,-1,1398,1,12,VAUXHALL CORSA,-1,-1,0,-1
2023501384089,2023,501384089,1,9,0,4,4,5,1,0,0,0,0,0,0,0,4,1,2,2,1,60,9,1199,1,2,VAUXHALL CORSA,3,E01020229,0,-1
2023010438130,2023,010438130,1,9,0,5,5,0,5,0,0,0,0,0,0,0,4,1,1,1,1,54,8,1199,1,1,VAUXHALL CORSA,7,E01015955,0,-1
2023991364048,2023,991364048,3,9,0,4,4,4,8,0,0,1,0,0,0,0,2,1,5,6,2,25,5,1398,1,5,VAUXHALL CORSA,7,-1,0,-1
2023991317240,2023,991317240,1,9,0,9,9,2,5,0,0,0,2,0,1,0,1,1,5,6,1,17,4,1229,1,15,VAUXHALL CORSA,1,-1,0,-1
2023361266616,2023,361266616,2,9,0,17,19,7,3,0,0,8,0,0,0,0,1,1,5,6,1,41,7,-1,3,1,VAUXHALL CORSA,8,E01033538,0,-1
2023471340843,2023,471340843,1,9,0,18,19,1,5,0,0,1,5,0,0,0,1,1,5,6,2,64,9,1199,1,3,VAUXHALL CORSA,3,E01021065,0,-1
2023320636000,2023,320636000,2,9,0,18,19,2,6,0,0,1,0,0,0,4,1,1,2,2,2,24,5,1364,1,8,VAUXHALL CORSA,6,E01026580,0,-1
2023430155251,2023,430155251,1,9,0,18,19,2,6,0,0,4,0,0,0,0,1,1,6,6,1,61,9,1364,1,8,VAUXHALL CORSA,-1,-1,0,-1
2023061366664,2023,061366664,1,9,0,18,19,1,5,0,0,1,0,0,0,0,1,1,6,6,1,34,6,1199,1,3,VAUXHALL CORSA,1,E01033679,0,-1
2023211342643,2023,211342643,1,9,0,5,5,3,1,0,0,6,0,0,0,0,0,1,6,6,2,40,7,1398,1,11,VAUXHALL CORSA,2,E01014285,0,-1
2023440502758,2023,440502758,1,9,0,18,19,7,3,0,0,1,0,11,0,0,1,1,6,6,2,73,10,1248,2,14,VAUXHALL CORSA,5,E01017354,0,-1
2023461333458,2023,461333458,1,9,0,18,19,2,6,0,0,8,0,0,0,0,4,1,5,6,1,27,6,1199,1,21,VAUXHALL CORSA,2,E01016159,0,-1
2023010471270,2023,010471270,1,9,0,18,19,1,5,0,0,1,0,10,1,10,1,1,6,6,2,21,5,1229,1,16,VAUXHALL CORSA,1,E01002094,0,-1
2023522300634,2023,522300634,2,9,0,3,3,9,9,0,0,0,0,0,0,0,2,1,6,6,2,25,5,1229,1,18,VAUXHALL CORSA,7,E01014702,0,-1
2023991340677,2023,991340677,1,9,0,18,19,3,7,0,0,0,0,0,0,0,1,1,2,2,2,26,6,1229,1,8,VAUXHALL CORSA,1,-1,0,-1
2023010465324,2023,010465324,1,9,0,3,3,1,5,0,0,1,0,0,0,0,2,1,6,6,2,30,6,1398,1,12,VAUXHALL CORSA,3,E01004536,0,-1
2023991313045,2023,991313045,3,9,0,18,19,1,5,0,0,0,0,0,0,0,1,1,5,6,1,40,7,1398,1,8,VAUXHALL CORSA,3,-1,0,-1
2023141259237,2023,141259237,1,9,0,10,10,5,1,0,0,1,0,0,0,0,2,1,5,6,1,19,4,1229,1,15,VAUXHALL CORSA,7,E01007658,0,-1
2023351318823,2023,351318823,1,9,0,18,19,3,7,0,0,1,0,0,0,0,3,1,5,6,1,34,6,1248,2,15,VAUXHALL CORSA,7,E01017980,0,-1
202360A066085,2023,60A066085,2,9,0,9,9,4,2,0,0,5,0,0,0,0,3,1,1,1,2,42,7,1398,1,5,VAUXHALL CORSA,-1,-1,0,-1
2023471393185,2023,471393185,2,9,0,4,4,6,2,0,0,0,0,0,0,0,2,1,5,6,2,34,6,1229,1,12,VAUXHALL CORSA,8,E01022623,0,-1
2023041332514,2023,041332514,1,9,0,16,19,3,7,0,0,0,0,0,0,0,1,1,6,6,2,17,4,1229,1,9,VAUXHALL CORSA,7,E01025448,0,-1
2023302301857,2023,302301857,1,9,0,14,14,4,8,0,0,0,0,0,0,0,1,1,6,6,2,67,10,1229,1,12,VAUXHALL CORSA,1,E01019452,0,-1
2023131376762,2023,131376762,2,9,0,9,9,2,8,0,0,5,0,0,0,0,4,1,5,6,2,20,4,1229,1,13,VAUXHALL CORSA,8,E01032945,0,-1
2023201294327,2023,201294327,1,9,0,18,19,2,6,0,0,1,0,0,0,0,1,1,6,6,3,-1,-1,1598,1,12,VAUXHALL CORSA,-1,-1,0,-1
2023440430995,2023,440430995,2,9,0,9,9,5,3,0,0,8,0,0,0,0,4,1,6,6,1,21,5,1229,1,15,VAUXHALL CORSA,5,E01022603,0,-1
2023131317311,2023,131317311,1,9,0,1,1,2,6,0,0,0,0,0,0,0,2,1,6,6,3,-1,-1,1229,1,16,VAUXHALL CORSA,-1,-1,0,-1
2023421267015,2023,421267015,1,9,0,18,19,5,7,0,0,0,0,0,0,0,1,1,6,6,2,75,10,1364,1,14,VAUXHALL CORSA,6,E01026424,0,-1
2023451350919,2023,451350919,3,9,0,18,19,5,1,0,0,8,0,0,0,0,3,1,6,6,2,19,4,1229,1,15,VAUXHALL CORSA,7,E01030577,0,-1
2023052300927,2023,052300927,1,9,0,18,19,1,5,0,0,1,0,0,0,0,1,1,2,2,2,25,5,1398,1,8,VAUXHALL CORSA,7,E01007066,0,-1
2023010478680,2023,010478680,2,9,0,99,99,9,9,99,99,9,9,99,9,99,9,9,6,6,3,31,6,1364,1,16,VAUXHALL CORSA,5,E01003547,0,-1
2023131280635,2023,131280635,2,9,0,2,2,0,0,0,0,8,0,0,0,0,3,1,6,6,3,-1,-1,1364,1,14,VAUXHALL CORSA,-1,-1,0,-1
2023421327977,2023,421327977,2,9,0,4,4,7,3,0,0,0,0,0,0,0,2,1,2,2,1,53,8,1248,2,8,VAUXHALL CORSA,2,E01022056,0,-1
2023421348062,2023,421348062,1,9,0,17,19,2,6,0,0,0,2,0,1,9,1,1,5,6,1,22,5,1229,1,8,VAUXHALL CORSA,9,E01022099,0,-1
2023010448560,2023,010448560,1,9,0,18,19,1,5,0,0,2,0,4,0,0,1,1,2,2,2,31,6,1199,1,3,VAUXHALL CORSA,3,E01003981,0,-1
2023010482445,2023,010482445,1,9,0,4,4,7,3,0,0,1,0,0,0,0,1,1,2,2,1,27,6,1398,1,9,VAUXHALL CORSA,9,E01030334,0,-1
2023070235396,2023,070235396,1,9,0,18,19,5,1,0,0,0,5,0,4,1,1,1,2,2,2,41,7,1229,1,7,VAUXHALL CORSA,8,E01018567,0,-1
2023552300094,2023,552300094,1,9,0,9,9,6,4,0,0,5,0,0,0,0,1,1,6,6,1,20,4,1229,1,13,VAUXHALL CORSA,2,E01020348,0,-1
2023010435189,2023,010435189,1,9,0,99,99,9,9,99,99,9,9,99,9,99,9,9,2,2,2,27,6,1364,1,13,VAUXHALL CORSA,2,E01004067,0,-1
2023520301200,2023,520301200,2,9,0,99,99,9,9,0,0,0,0,0,0,0,9,9,6,6,1,18,4,1248,2,14,VAUXHALL CORSA,5,E01029134,0,-1
2023351320840,2023,351320840,2,9,0,3,3,3,7,0,0,0,0,0,0,0,2,1,2,2,2,24,5,1199,1,19,VAUXHALL CORSA,9,E01015689,0,-1
2023401377028,2023,401377028,1,9,0,18,19,7,3,0,0,0,0,0,0,0,1,1,1,1,2,25,5,1398,1,4,VAUXHALL CORSA,2,E01015743,0,-1
2023061282083,2023,061282083,2,9,0,18,19,5,1,0,0,0,0,0,0,0,1,1,6,6,2,72,10,1398,1,4,VAUXHALL CORSA,5,E01004809,0,-1
2023101299928,2023,101299928,1,9,0,17,19,8,5,0,0,0,0,0,1,9,4,1,5,6,1,20,4,1229,1,9,VAUXHALL CORSA,9,E01008260,0,-1
2023311328368,2023,311328368,2,9,0,18,19,2,6,0,0,0,0,0,0,0,1,1,6,6,1,19,4,1398,1,13,VAUXHALL CORSA,9,E01007618,0,-1
2023211380357,2023,211380357,1,9,0,9,9,5,1,0,0,8,0,0,0,0,1,1,6,6,2,42,7,1199,1,2,VAUXHALL CORSA,6,E01003157,0,-1
2023991273047,2023,991273047,2,9,0,18,19,3,6,0,0,1,2,0,7,9,3,1,5,6,1,40,7,1364,1,18,VAUXHALL CORSA,5,-1,0,-1
2023141383971,2023,141383971,2,9,0,6,6,3,7,0,0,0,0,0,7,10,1,1,6,6,2,73,10,1398,1,7,VAUXHALL CORSA,5,E01007751,0,-1
2023351281906,2023,351281906,2,9,0,2,2,0,0,0,0,2,0,0,0,0,2,1,5,6,3,-1,-1,1398,1,4,VAUXHALL CORSA,-1,-1,0,-1
2023501373889,2023,501373889,1,9,0,4,4,7,4,0,0,0,0,0,0,0,1,1,6,6,1,17,4,1199,1,19,VAUXHALL CORSA,5,E01020093,0,-1
2023401390018,2023,401390018,1,9,0,17,19,6,2,0,0,0,2,0,1,0,1,1,6,6,2,58,9,1398,1,11,VAUXHALL CORSA,9,E01017372,0,-1
2023201312715,2023,201312715,2,9,0,18,19,2,6,0,0,0,0,0,0,0,2,1,6,6,1,-1,-1,1229,1,10,VAUXHALL CORSA,1,E01009362,0,-1
202360A107041,2023,60A107041,1,9,0,17,19,8,2,0,0,0,1,0,8,11,3,1,6,6,1,25,5,-1,-1,-1,VAUXHALL CORSA,-1,-1,0,-1
2023010444540,2023,010444540,2,9,0,99,99,9,9,99,99,9,9,99,9,99,9,9,6,6,3,30,6,1199,1,2,VAUXHALL CORSA,8,E01004623,0,-1
2023302301408,2023,302301408,1,9,0,9,9,6,4,0,0,5,0,0,0,0,4,1,6,6,2,80,11,1398,1,9,VAUXHALL CORSA,9,E01019721,0,-1
2023101279143,2023,101279143,1,9,0,18,19,3,7,0,0,8,0,10,0,0,1,1,6,6,1,22,5,1229,1,9,VAUXHALL CORSA,-1,-1,0,-1
2023421328233,2023,421328233,1,9,0,2,2,0,0,0,0,0,0,0,0,0,4,1,5,6,1,18,4,1229,1,10,VAUXHALL CORSA,10,E01021431,0,-1
2023471393598,2023,471393598,1,9,0,17,19,1,5,0,0,0,2,0,0,0,1,1,5,6,1,18,4,998,1,11,VAUXHALL CORSA,8,E01021086,0,-1
2023401279739,2023,401279739,1,9,0,4,4,2,6,0,0,0,0,0,0,0,1,1,6,6,2,28,6,1199,1,3,VAUXHALL CORSA,4,E01017595,0,-1
2023010427632,2023,010427632,1,9,0,18,19,8,4,0,0,0,0,0,0,0,0,1,2,2,1,22,5,1398,1,11,VAUXHALL CORSA,2,E01021998,0,-1
2023010429543,2023,010429543,2,9,0,99,99,9,9,99,99,9,9,99,9,99,9,9,6,6,3,33,6,1229,1,13,VAUXHALL CORSA,-1,-1,0,-1
2023201318112,2023,201318112,2,9,0,7,7,7,2,0,0,4,0,0,0,0,1,1,6,6,2,44,7,1229,1,10,VAUXHALL CORSA,1,E01009475,0,-1
2023201284362,2023,201284362,2,9,0,2,2,0,0,0,0,1,0,0,0,0,2,1,6,6,3,-1,-1,1229,1,9,VAUXHALL CORSA,-1,-1,0,-1
2023461338372,2023,461338372,1,9,0,18,19,5,1,9,9,2,0,10,1,0,1,1,5,6,1,17,4,1229,1,14,VAUXHALL CORSA,7,E01024573,0,-1
2023101342038,2023,101342038,1,9,0,18,19,7,3,0,0,0,0,0,1,0,1,1,6,6,2,18,4,1229,1,11,VAUXHALL CORSA,5,E01027447,0,-1
2023622301032,2023,622301032,2,9,0,2,2,0,0,0,0,0,0,0,0,0,2,1,6,6,3,-1,-1,1398,1,7,VAUXHALL CORSA,-1,-1,0,-1
2023070781186,2023,070781186,1,9,0,17,19,1,5,0,0,0,2,0,0,0,4,2,1,1,2,20,4,1248,2,13,VAUXHALL CORSA,2,E01018400,0,-1
2023131299325,2023,131299325,1,9,0,-1,-1,-1,-1,-1,-1,-1,-1,-1,-1,-1,-1,1,6,6,3,-1,-1,1398,1,4,VAUXHALL CORSA,-1,-1,0,-1
202354B092823,2023,54B092823,2,9,0,10,10,5,3,0,0,1,0,0,0,0,2,1,6,6,2,29,6,1199,1,3,VAUXHALL CORSA,4,E01032036,0,-1
2023440473100,2023,440473100,1,9,0,18,19,8,4,0,0,8,0,0,0,0,1,1,6,6,2,21,5,1199,1,3,VAUXHALL CORSA,7,E01022733,0,-1
2023131374483,2023,131374483,1,9,0,16,19,7,3,0,0,0,0,4,0,0,1,1,5,6,2,37,7,1398,1,7,VAUXHALL CORSA,1,E01005483,0,-1
2023010440991,2023,010440991,2,9,0,99,99,9,9,99,99,0,9,99,9,99,1,9,6,6,3,41,7,1229,1,10,VAUXHALL CORSA,9,E01030564,0,-1
2023361279303,2023,361279303,2,9,0,18,19,7,4,0,0,8,0,0,0,0,1,1,2,2,1,26,6,1229,1,17,VAUXHALL CORSA,8,E01026490,0,-1
202360A062112,2023,60A062112,2,9,0,18,19,2,6,0,0,0,0,0,0,0,1,1,6,6,1,18,4,1229,1,17,VAUXHALL CORSA,-1,-1,0,-1
2023041352212,2023,041352212,1,9,0,18,19,5,1,0,0,0,0,0,0,0,1,1,5,6,2,67,10,1398,1,11,VAUXHALL CORSA,8,E01024920,0,-1
2023361338128,2023,361338128,1,9,0,18,19,7,3,0,0,0,0,0,1,9,1,1,5,6,1,20,4,1248,2,15,VAUXHALL CORSA,1,E01026641,0,-1
2023141291078,2023,141291078,1,9,0,18,19,3,7,0,0,0,0,0,1,4,1,1,5,6,2,17,4,1229,1,16,VAUXHALL CORSA,8,E01007610,0,-1
2023991351010,2023,991351010,2,9,0,2,2,0,0,0,0,2,0,0,0,0,1,1,6,6,1,42,7,1398,1,5,VAUXHALL CORSA,-1,-1,0,-1
2023451373604,2023,451373604,2,9,0,5,5,6,2,0,0,0,0,0,7,11,1,1,5,6,2,38,7,1364,1,15,VAUXHALL CORSA,7,E01030594,0,-1
2023430014157,2023,430014157,2,9,0,3,3,6,2,0,0,1,0,0,0,0,2,1,6,6,2,63,9,1364,1,14,VAUXHALL CORSA,7,E01016739,0,-1
2023401300292,2023,401300292,1,9,0,18,19,7,3,0,0,0,1,0,8,4,1,1,6,6,1,42,7,1248,2,19,VAUXHALL CORSA,4,E01015756,0,-1
2023201298191,2023,201298191,1,9,0,18,19,5,1,0,0,0,0,0,0,0,1,1,6,6,1,49,8,1398,1,11,VAUXHALL CORSA,8,E01029649,0,-1
2023332300567,2023,332300567,1,9,0,4,4,6,2,0,0,0,0,0,1,0,2,1,3,7,2,70,10,1398,1,4,VAUXHALL CORSA,7,E01025855,0,-1
2023531422951,2023,531422951,2,9,0,4,4,1,5,0,0,0,0,0,0,0,2,1,5,6,1,65,9,1248,2,9,VAUXHALL CORSA,10,E01022170,0,-1
2023461346475,2023,461346475,2,9,0,4,4,7,3,0,0,1,0,0,1,0,2,1,5,6,2,48,8,1364,1,15,VAUXHALL CORSA,6,E01016178,0,-1
2023320263448,2023,320263448,1,9,0,9,9,2,8,0,0,5,0,0,0,0,4,1,6,6,1,18,4,1229,1,18,VAUXHALL CORSA,3,E01026116,0,-1
2023010444306,2023,010444306,3,9,0,18,19,5,1,0,0,0,0,0,0,0,0,1,1,1,1,41,7,-1,3,2,VAUXHALL CORSA,3,E01016720,0,-1
2023411337499,2023,411337499,4,9,0,18,19,1,5,0,0,0,0,0,0,0,1,1,6,6,2,21,5,1229,1,12,VAUXHALL CORSA,8,E01030951,0,-1
2023201394792,2023,201394792,2,9,0,5,5,3,1,0,0,6,0,0,0,0,1,1,1,1,2,31,6,1229,1,10,VAUXHALL CORSA,8,E01019872,0,-1
2023991294797,2023,991294797,3,9,0,18,19,4,8,0,0,0,0,0,0,0,2,1,5,6,2,36,7,1199,1,2,VAUXHALL CORSA,2,E01004413,0,-1
2023201413872,2023,201413872,2,9,0,13,13,4,8,0,0,8,0,0,0,0,3,1,6,6,2,-1,-1,1398,1,12,VAUXHALL CORSA,1,E01009311,0,-1
2023351338109,2023,351338109,1,9,0,7,7,-1,-1,0,0,0,0,0,0,0,1,1,6,6,2,-1,-1,1199,1,3,VAUXHALL CORSA,-1,-1,0,-1
2023991390161,2023,991390161,2,9,0,17,19,8,4,0,0,8,0,0,1,0,3,2,5,6,2,25,5,1199,1,3,VAUXHALL CORSA,-1,-1,0,-1
2023461267287,2023,461267287,1,9,0,18,19,5,3,0,0,0,0,0,0,0,1,1,6,6,1,-1,-1,1199,1,3,VAUXHALL CORSA,7,E01024274,0,-1
2023471334548,2023,471334548,1,9,0,18,19,7,3,0,0,0,0,0,0,0,4,1,5,6,1,22,5,1229,1,15,VAUXHALL CORSA,4,E01024002,0,-1
2023522300547,2023,522300547,3,9,0,18,19,1,5,0,0,1,0,0,0,0,1,1,6,6,2,66,10,1364,1,5,VAUXHALL CORSA,6,E01022351,0,-1
2023161301470,2023,161301470,1,9,0,3,3,8,4,0,0,1,0,0,0,0,2,1,5,6,2,17,4,998,1,13,VAUXHALL CORSA,1,E01013144,0,-1
2023041347977,2023,041347977,1,9,0,18,19,3,7,0,0,0,5,0,0,0,1,1,5,6,1,76,11,1398,1,5,VAUXHALL CORSA,2,E01025044,0,-1
2023471369496,2023,471369496,2,9,0,4,4,4,8,0,0,0,0,0,0,0,2,1,5,6,2,22,5,1229,1,9,VAUXHALL CORSA,7,E01029805,0,-1
2023041317430,2023,041317430,3,9,0,2,2,0,0,0,0,0,0,0,0,0,2,1,5,6,1,22,5,1229,1,14,VAUXHALL CORSA,9,E01025253,0,-1
2023610005023,2023,610005023,1,9,0,17,19,1,6,0,0,0,0,0,8,7,1,1,2,2,1,38,7,1229,1,14,VAUXHALL CORSA,4,W01001917,0,-1
2023201378639,2023,201378639,1,9,0,17,19,5,2,0,0,1,0,0,0,0,1,1,6,6,1,19,4,1364,1,15,VAUXHALL CORSA,9,E01009459,0,-1
2023010448412,2023,010448412,1,9,0,18,19,5,1,0,0,1,0,0,0,0,1,1,6,6,1,22,5,1199,1,3,VAUXHALL CORSA,9,E01030401,0,-1
2023991283942,2023,991283942,2,9,0,18,19,1,5,0,0,0,0,0,0,0,1,1,2,2,2,39,7,1248,2,10,VAUXHALL CORSA,-1,-1,0,-1
2023041385101,2023,041385101,1,9,0,5,5,7,3,0,0,6,0,0,0,0,1,1,2,2,1,18,4,1229,1,15,VAUXHALL CORSA,3,E01012732,0,-1
2023461381893,2023,461381893,4,9,0,18,19,3,7,0,0,0,0,1,0,0,1,1,5,6,2,17,4,1364,1,8,VAUXHALL CORSA,9,E01032821,0,-1
2023451366608,2023,451366608,2,9,0,18,19,1,4,0,0,1,0,0,0,0,1,1,6,6,1,45,7,1199,1,3,VAUXHALL CORSA,-1,-1,0,-1
2023010455192,2023,010455192,1,9,0,99,99,9,9,99,99,9,9,99,9,99,2,9,6,6,2,28,6,1199,1,2,VAUXHALL CORSA,8,E01001614,0,-1
2023131349284,2023,131349284,2,9,0,2,2,0,0,0,0,8,0,0,0,0,2,1,6,6,3,-1,-1,1229,1,13,VAUXHALL CORSA,-1,-1,0,-1
2023522301615,2023,522301615,3,9,0,18,19,8,4,0,0,1,0,0,0,0,1,1,6,6,1,24,5,1362,1,10,VAUXHALL CORSA,10,E01014944,0,-1
2023421364434,2023,421364434,2,9,0,18,19,3,7,0,0,0,0,0,0,0,1,1,5,6,2,23,5,1229,1,15,VAUXHALL CORSA,-1,-1,0,-1
2023010458188,2023,010458188,2,9,0,99,99,9,9,99,99,9,9,99,9,99,2,9,6,6,3,-1,-1,1364,1,16,VAUXHALL CORSA,-1,-1,0,-1
2023131312585,2023,131312585,1,9,0,18,19,6,2,0,0,3,0,0,0,0,3,1,5,6,1,52,8,1398,1,4,VAUXHALL CORSA,2,E01010682,0,-1
2023010424797,2023,010424797,1,9,9,99,99,9,9,99,99,9,9,99,9,99,9,9,6,6,2,22,5,1364,1,14,VAUXHALL CORSA,2,E01004239,0,-1
2023440081889,2023,440081889,3,9,0,3,3,3,7,0,0,1,0,0,0,0,1,1,6,6,1,70,10,1364,1,14,VAUXHALL CORSA,7,E01023271,0,-1
2023201423274,2023,201423274,1,9,0,18,19,4,7,0,0,1,0,0,0,0,1,1,6,6,2,23,5,1398,1,7,VAUXHALL CORSA,2,E01009782,0,-1
2023332300357,2023,332300357,1,9,0,9,9,8,4,0,0,6,0,0,0,0,3,1,3,7,1,64,9,1229,1,12,VAUXHALL CORSA,1,E01013761,0,-1
2023221402932,2023,221402932,1,9,0,18,19,6,2,0,0,0,0,0,0,0,1,1,6,6,2,34,6,1398,1,8,VAUXHALL CORSA,1,E01028957,0,-1
2023131261903,2023,131261903,1,9,0,18,19,1,5,0,0,0,0,0,0,0,1,2,2,2,1,19,4,1229,1,10,VAUXHALL CORSA,8,E01011297,0,-1
2023332300011,2023,332300011,1,9,0,18,19,7,3,0,0,6,0,0,0,0,4,1,6,6,1,20,4,1229,1,9,VAUXHALL CORSA,5,E01013680,0,-1
2023010474400,2023,010474400,1,9,0,9,9,1,6,9,9,5,0,0,0,0,2,1,6,6,1,73,10,1229,1,12,VAUXHALL CORSA,5,E01002347,0,-1
2023221284842,2023,221284842,2,9,0,4,4,2,5,0,0,1,0,0,0,0,2,1,6,6,2,26,6,1199,1,3,VAUXHALL CORSA,9,E01013987,0,-1
2023471375180,2023,471375180,3,9,0,4,4,3,7,0,0,0,0,0,0,0,2,1,6,6,2,35,6,1229,1,12,VAUXHALL CORSA,5,E01016877,0,-1
2023522300437,2023,522300437,2,9,0,18,19,4,7,0,0,8,1,0,7,9,3,1,6,6,1,36,7,1199,1,22,VAUXHALL CORSA,3,E01014566,0,-1
2023161351363,2023,161351363,2,9,0,18,19,5,1,0,0,1,0,0,0,0,1,1,6,6,2,32,6,1229,1,12,VAUXHALL CORSA,1,E01013311,0,-1
2023991305318,2023,991305318,1,9,0,18,19,1,5,9,9,1,0,7,7,0,1,1,5,6,1,70,10,1199,1,0,VAUXHALL CORSA,7,-1,0,-1
2023991316574,2023,991316574,2,9,0,18,19,4,8,0,0,8,0,0,0,0,1,1,5,6,2,32,6,1229,1,14,VAUXHALL CORSA,1,-1,0,-1
2023010467328,2023,010467328,1,9,0,5,5,7,3,0,0,2,0,0,0,0,4,1,2,2,1,41,7,1229,1,16,VAUXHALL CORSA,3,E01001362,0,-1
2023320788324,2023,320788324,1,9,0,15,15,5,1,0,0,1,0,0,0,0,1,1,6,6,2,-1,-1,1199,1,22,VAUXHALL CORSA,-1,-1,0,-1
2023622300441,2023,622300441,4,9,0,2,2,0,0,0,0,1,0,0,0,0,1,1,6,6,3,-1,-1,1398,1,7,VAUXHALL CORSA,-1,-1,0,-1
2023991272892,2023,991272892,2,9,0,9,9,1,6,0,0,8,0,0,0,0,1,1,5,6,2,74,10,1364,1,14,VAUXHALL CORSA,4,-1,0,-1
2023332301257,2023,332301257,1,9,0,18,19,4,8,0,0,0,0,0,0,0,1,1,6,6,1,17,4,1248,2,13,VAUXHALL CORSA,3,E01013697,0,-1
2023052301663,2023,052301663,2,9,0,10,10,3,1,0,0,8,0,0,0,0,2,1,6,6,2,47,8,1398,1,6,VAUXHALL CORSA,1,E01006050,0,-1
2023371341725,2023,371341725,1,9,0,6,6,6,2,0,0,0,0,0,0,0,3,1,5,6,1,20,4,1229,1,8,VAUXHALL CORSA,6,E01030071,0,-1
2023371309530,2023,371309530,1,9,0,16,19,3,4,0,0,0,1,0,2,4,4,1,5,6,1,17,4,1248,2,11,VAUXHALL CORSA,7,E01030055,0,-1
2023010459449,2023,010459449,2,9,0,99,99,9,9,99,99,9,9,99,9,99,1,9,6,6,3,-1,-1,1499,2,2,VAUXHALL CORSA,-1,-1,0,-1
2023522301705,2023,522301705,1,9,0,18,19,1,4,0,0,8,0,0,0,0,4,1,6,6,1,19,4,1229,1,13,VAUXHALL CORSA,10,E01029308,0,-1
2023545474023,2023,545474023,1,9,0,5,5,3,7,0,0,6,0,0,0,0,1,1,6,6,1,92,11,1199,1,19,VAUXHALL CORSA,7,E01031872,0,-1
2023451301750,2023,451301750,3,9,0,18,19,3,7,0,0,0,0,0,0,0,2,1,5,6,1,19,4,1229,1,16,VAUXHALL CORSA,10,E01030753,0,-1
2023111373686,2023,111373686,2,9,0,18,19,7,4,0,0,8,0,0,0,0,4,1,6,6,2,63,9,1398,1,7,VAUXHALL CORSA,3,E01020827,0,-1
2023302300912,2023,302300912,2,9,0,17,19,2,8,0,0,0,0,0,0,0,1,1,6,6,1,17,4,1229,1,12,VAUXHALL CORSA,9,E01019446,0,-1
2023010453479,2023,010453479,1,9,0,9,9,4,1,0,0,1,0,0,0,0,3,1,6,6,1,20,4,1398,1,5,VAUXHALL CORSA,6,E01003755,0,-1
2023991308592,2023,991308592,3,9,0,5,5,3,7,0,0,0,0,0,0,0,2,1,6,6,2,42,7,1229,1,14,VAUXHALL CORSA,-1,-1,0,-1
2023201375376,2023,201375376,1,9,0,18,19,7,3,0,0,2,0,0,0,0,1,1,5,6,3,-1,-1,1229,1,15,VAUXHALL CORSA,-1,-1,0,-1
2023461291764,2023,461291764,2,9,0,18,19,4,8,0,0,8,0,0,0,0,2,1,6,6,2,22,5,1398,1,6,VAUXHALL CORSA,4,E01032810,0,-1
2023010475736,2023,010475736,1,9,0,18,19,7,3,0,0,1,0,99,0,0,1,1,1,1,1,46,8,1199,1,1,VAUXHALL CORSA,8,E01002318,0,-1
2023332300917,2023,332300917,1,9,0,9,9,8,6,0,0,5,1,0,0,0,4,1,6,6,2,17,4,1229,1,8,VAUXHALL CORSA,9,E01025778,0,-1
2023421264629,2023,421264629,1,9,0,17,19,1,5,0,0,0,1,0,1,4,3,1,5,6,2,30,6,1229,1,9,VAUXHALL CORSA,7,E01021878,0,-1
2023201310496,2023,201310496,2,9,0,5,5,7,3,0,0,0,0,0,0,0,1,1,6,6,2,64,9,1199,1,3,VAUXHALL CORSA,10,E01010183,0,-1
2023320219681,2023,320219681,1,9,0,16,19,3,7,0,0,0,5,0,1,0,1,1,6,6,2,18,4,1398,1,11,VAUXHALL CORSA,6,E01026047,0,-1
2023311302106,2023,311302106,2,9,0,16,19,8,4,0,0,0,0,0,1,10,1,1,1,1,1,39,7,1199,1,3,VAUXHALL CORSA,5,E01019564,0,-1
2023122400105,2023,122400105,1,9,0,16,19,1,5,0,0,1,0,0,1,11,1,1,6,6,2,72,10,1398,1,6,VAUXHALL CORSA,3,E01026113,0,-1
2023302300526,2023,302300526,1,9,0,12,12,4,8,0,0,8,0,0,0,0,3,1,6,6,3,19,4,1398,1,9,VAUXHALL CORSA,7,E01029491,0,-1