collision_index,collision_year,collision_ref_no,vehicle_reference,vehicle_type,towing_and_articulation,vehicle_manoeuvre_historic,vehicle_manoeuvre,vehicle_direction_from,vehicle_direction_to,vehicle_location_restricted_lane_historic,vehicle_location_restricted_lane,junction_location,skidding_and_overturning,hit_object_in_carriageway,vehicle_leaving_carriageway,hit_object_off_carriageway,first_point_of_impact,vehicle_left_hand_drive,journey_purpose_of_driver_historic,journey_purpose_of_driver,sex_of_driver,age_of_driver,age_band_of_driver,engine_capacity_cc,propulsion_code,age_of_vehicle,generic_make_model,driver_imd_decile,lsoa_of_driver,escooter_flag,driver_distance_banding
2023161394075,2023,161394075,2,9,0,18,19,5,1,0,0,0,0,0,0,0,1,1,6,6,1,20,4,1199,1,20,VAUXHALL CORSA,2,E01033104,0,-1
2023061270898,2023,061270898,1,9,-1,-1,-1,-1,-1,-1,-1,0,-1,-1,-1,0,-1,1,6,6,3,-1,-1,1398,1,7,VAUXHALL CORSA,1,E01006865,0,-1
2023201387065,2023,201387065,2,9,0,18,19,7,3,0,0,8,0,0,0,0,1,1,6,6,2,52,8,998,1,12,VAUXHALL CORSA,-1,-1,0,-1
2023101329135,2023,101329135,1,9,0,7,7,1,3,0,0,1,0,0,0,0,1,1,6,6,1,20,4,1398,1,7,VAUXHALL CORSA,5,E01027376,0,-1
2023010431115,2023,010431115,1,9,0,18,19,6,2,0,0,1,0,10,0,0,1,1,6,6,1,24,5,1398,1,7,VAUXHALL CORSA,5,E01003697,0,-1
2023461353904,2023,461353904,1,9,0,13,13,5,1,0,0,3,0,0,0,0,1,1,6,6,1,23,5,-1,-1,-1,VAUXHALL CORSA,10,E01024824,0,-1
2023211278027,2023,211278027,1,9,-1,-1,-1,7,3,-1,-1,-1,-1,-1,-1,0,-1,1,5,6,2,-1,-1,1199,1,1,VAUXHALL CORSA,-1,-1,0,-1
2023131296840,2023,131296840,1,9,0,18,19,7,3,0,0,8,0,0,0,0,1,1,5,6,1,79,11,1398,1,7,VAUXHALL CORSA,1,E01011493,0,-1
2023041370015,2023,041370015,2,9,0,5,5,7,3,0,0,0,0,0,0,0,2,1,5,6,1,35,6,1398,1,4,VAUXHALL CORSA,5,E01012620,0,-1
2023451320520,2023,451320520,1,9,0,18,19,1,1,0,0,0,0,0,0,0,1,1,6,6,2,38,7,1229,1,9,VAUXHALL CORSA,3,E01030657,0,-1
2023201323189,2023,201323189,1,9,0,18,19,7,3,0,0,0,0,0,0,0,2,1,6,6,1,21,5,1229,1,10,VAUXHALL CORSA,1,E01009410,0,-1
2023010459326,2023,010459326,3,9,0,2,2,0,0,0,0,1,0,0,0,0,1,1,6,6,3,-1,-1,1398,1,11,VAUXHALL CORSA,-1,-1,0,-1
2023430152516,2023,430152516,1,9,0,18,19,2,6,0,0,8,5,0,0,0,3,1,6,6,2,81,11,1229,1,13,VAUXHALL CORSA,6,E01016574,0,-1
2023010463871,2023,010463871,1,9,0,9,9,5,2,0,0,5,0,0,0,0,4,1,6,6,1,35,6,1364,1,15,VAUXHALL CORSA,4,E01004576,0,-1
2023201297230,2023,201297230,1,9,0,18,19,6,2,0,0,1,0,0,0,0,1,1,6,6,2,23,5,1229,1,8,VAUXHALL CORSA,5,E01010118,0,-1
2023311375145,2023,311375145,2,9,0,18,19,5,1,0,0,0,0,0,0,0,2,1,5,6,1,19,4,1229,1,9,VAUXHALL CORSA,7,E01026412,0,-1
2023401315518,2023,401315518,1,9,0,5,5,1,5,0,0,8,0,0,2,0,3,1,5,6,1,90,11,1229,1,8,VAUXHALL CORSA,6,E01017616,0,-1
2023122300747,2023,122300747,1,9,0,17,19,5,2,0,0,0,1,0,1,4,1,1,6,6,1,17,4,1229,1,10,VAUXHALL CORSA,8,E01027635,0,-1
2023461271235,2023,461271235,1,9,0,-1,-1,-1,-1,-1,-1,0,-1,-1,-1,0,-1,1,6,6,1,23,5,1229,1,8,VAUXHALL CORSA,2,E01024049,0,-1
2023070093570,2023,070093570,1,9,0,18,19,2,6,0,0,0,0,0,0,0,1,1,6,6,2,64,9,1398,1,7,VAUXHALL CORSA,10,E01018325,0,-1
2023351287825,2023,351287825,2,9,0,9,9,7,5,0,0,2,0,0,0,0,3,1,2,2,2,19,4,1229,1,9,VAUXHALL CORSA,3,E01018092,0,-1
2023430533127,2023,430533127,2,9,0,18,19,1,5,0,0,1,0,0,0,0,2,1,6,6,2,22,5,1199,1,3,VAUXHALL CORSA,4,E01016485,0,-1
2023141280424,2023,141280424,2,9,0,18,19,5,1,0,0,1,0,0,0,0,1,1,6,6,1,58,9,-1,-1,-1,VAUXHALL CORSA,4,E01007557,0,-1
2023461328072,2023,461328072,3,9,0,2,2,5,1,0,0,8,0,0,0,0,2,1,6,6,2,64,9,1398,1,7,VAUXHALL CORSA,10,E01016091,0,-1
2023451382485,2023,451382485,1,9,0,18,19,1,1,0,0,0,0,0,0,0,1,1,1,1,1,31,6,1229,1,11,VAUXHALL CORSA,4,E01001285,0,-1
2023161276602,2023,161276602,2,9,0,9,9,6,8,0,0,8,0,0,0,0,1,1,6,6,2,47,8,1248,2,13,VAUXHALL CORSA,-1,-1,0,-1
2023052302714,2023,052302714,3,9,0,18,19,1,5,0,0,0,1,0,0,0,3,1,1,1,1,26,6,1398,1,6,VAUXHALL CORSA,5,E01033755,0,-1
2023111327561,2023,111327561,1,9,0,18,19,1,5,0,0,0,2,10,1,0,3,1,5,6,1,17,4,1229,1,11,VAUXHALL CORSA,8,E01020623,0,-1
2023031269950,2023,031269950,1,9,0,5,5,5,7,0,0,1,0,0,1,0,1,1,2,2,1,34,6,1229,1,10,VAUXHALL CORSA,6,E01019130,0,-1
2023471346899,2023,471346899,1,9,0,9,9,1,7,0,0,8,0,0,0,0,3,1,5,6,1,60,9,1398,1,11,VAUXHALL CORSA,3,E01016919,0,-1
2023531311510,2023,531311510,2,9,0,18,19,1,5,0,0,8,0,0,0,0,1,1,5,6,1,28,6,1199,1,1,VAUXHALL CORSA,1,E01022291,0,-1
2023131370726,2023,131370726,1,9,0,16,19,1,3,0,0,0,2,0,0,0,1,1,6,6,2,39,7,1398,1,10,VAUXHALL CORSA,1,E01010609,0,-1
2023991294704,2023,991294704,1,9,0,18,19,1,5,0,0,0,0,0,0,0,1,1,5,6,1,22,5,1598,1,7,VAUXHALL CORSA,8,-1,0,-1
2023161332903,2023,161332903,2,9,0,4,4,2,7,0,0,0,0,0,0,0,2,1,5,6,2,60,9,1398,1,5,VAUXHALL CORSA,9,E01027913,0,-1
2023401383306,2023,401383306,3,9,0,2,2,0,0,9,9,0,0,0,0,0,2,1,5,6,3,-1,-1,1229,1,9,VAUXHALL CORSA,-1,-1,0,-1
2023041343144,2023,041343144,1,9,0,18,19,1,5,0,0,8,1,0,0,0,4,1,5,6,1,18,4,1398,1,13,VAUXHALL CORSA,6,E01025598,0,-1
2023010458598,2023,010458598,2,9,0,99,99,9,9,99,99,9,9,99,9,99,9,9,6,6,1,64,9,1229,1,9,VAUXHALL CORSA,7,E01003839,0,-1
2023041347782,2023,041347782,2,9,0,18,19,8,4,0,0,1,0,0,0,0,1,1,5,6,2,19,4,1229,1,12,VAUXHALL CORSA,5,E01025360,0,-1
2023411335895,2023,411335895,1,9,0,18,19,4,8,0,0,0,0,0,0,0,1,1,1,1,1,29,6,1229,1,10,VAUXHALL CORSA,2,E01015698,0,-1
2023461383813,2023,461383813,2,9,0,9,9,5,3,0,0,8,0,0,0,0,3,1,5,6,2,29,6,1199,1,1,VAUXHALL CORSA,2,E01024108,0,-1
2023010473885,2023,010473885,2,9,0,99,99,9,9,99,99,9,9,99,9,99,9,9,6,6,3,-1,-1,1398,1,7,VAUXHALL CORSA,-1,-1,0,-1
2023311287994,2023,311287994,2,9,0,16,19,6,2,0,0,0,2,0,1,0,1,1,5,6,1,18,4,1398,1,5,VAUXHALL CORSA,2,E01027987,0,-1
2023991291869,2023,991291869,1,9,0,10,10,2,8,0,0,5,0,0,0,0,1,1,5,6,1,18,4,1229,1,9,VAUXHALL CORSA,3,-1,0,-1
2023161273387,2023,161273387,2,9,0,7,7,-1,-1,0,0,8,0,0,0,0,1,1,6,6,2,-1,-1,1229,1,17,VAUXHALL CORSA,-1,-1,0,-1
2023010424678,2023,010424678,1,9,0,99,99,9,9,99,99,9,9,99,9,99,2,9,6,6,2,39,7,1398,1,11,VAUXHALL CORSA,4,E01003702,0,-1
2023371317308,2023,371317308,3,9,-1,-1,-1,-1,-1,-1,-1,0,-1,-1,-1,0,-1,1,6,6,2,33,6,1229,1,14,VAUXHALL CORSA,7,E01030125,0,-1
2023161293024,2023,161293024,1,9,0,18,19,6,2,0,0,0,0,0,1,9,1,1,5,6,2,30,6,1199,1,3,VAUXHALL CORSA,-1,-1,0,-1
2023170M11913,2023,170M11913,1,9,0,18,19,7,5,0,0,2,0,0,0,0,1,1,6,6,2,47,8,1398,1,7,VAUXHALL CORSA,5,E01012295,0,-1
2023010436676,2023,010436676,2,9,0,9,9,6,3,0,0,8,0,0,0,0,4,1,2,2,1,24,5,1398,1,7,VAUXHALL CORSA,5,E01002529,0,-1
2023351363858,2023,351363858,1,9,0,17,19,5,1,0,0,0,2,0,0,0,1,1,2,2,1,18,4,1229,1,9,VAUXHALL CORSA,4,E01026695,0,-1
2023471282455,2023,471282455,2,9,0,18,19,4,8,0,0,8,0,0,0,0,1,1,6,6,1,71,10,1229,1,14,VAUXHALL CORSA,5,E01021000,0,-1
2023631338442,2023,631338442,1,9,0,18,19,8,4,0,0,0,2,0,2,9,1,1,5,6,1,21,5,1229,1,16,VAUXHALL CORSA,6,W01001520,0,-1
2023501307169,2023,501307169,1,9,0,17,19,5,2,0,0,0,2,10,0,0,1,1,5,6,1,39,7,1229,1,10,VAUXHALL CORSA,4,E01018863,0,-1
2023201310507,2023,201310507,1,9,0,3,3,3,7,0,0,4,0,0,0,0,2,1,6,6,1,34,6,1598,1,10,VAUXHALL CORSA,2,E01010564,0,-1
2023010422669,2023,010422669,2,9,0,99,99,9,9,99,99,0,9,99,9,99,1,9,6,6,3,-1,-1,1364,1,15,VAUXHALL CORSA,6,E01017810,0,-1
2023501394525,2023,501394525,3,9,0,18,19,5,1,0,0,8,1,0,0,0,3,1,2,2,2,39,7,1199,1,20,VAUXHALL CORSA,-1,-1,0,-1
2023010473851,2023,010473851,1,9,0,7,7,1,3,0,0,1,0,0,0,0,2,1,6,6,1,23,5,1229,1,9,VAUXHALL CORSA,-1,-1,0,-1
2023061365459,2023,061365459,1,9,0,18,19,3,7,0,0,0,0,0,0,0,2,1,6,6,1,25,5,1398,1,8,VAUXHALL CORSA,1,E01005595,0,-1
2023622300413,2023,622300413,1,9,0,18,19,6,2,0,0,0,2,0,1,11,1,1,6,6,1,17,4,1398,1,4,VAUXHALL CORSA,8,W01001012,0,-1
2023010480708,2023,010480708,1,9,0,9,9,3,1,0,0,2,0,0,3,10,1,1,6,6,2,88,11,1398,1,6,VAUXHALL CORSA,9,E01002976,0,-1
2023122301206,2023,122301206,1,9,0,9,9,1,3,0,0,5,0,0,0,0,3,1,6,6,2,76,11,1398,1,5,VAUXHALL CORSA,7,E01033065,0,-1
2023070102151,2023,070102151,2,9,0,4,4,1,5,0,0,1,0,0,0,0,2,1,1,1,1,34,6,1398,1,8,VAUXHALL CORSA,3,E01012417,0,-1
2023320406907,2023,320406907,1,9,0,18,19,8,4,0,0,8,1,0,7,9,3,1,6,6,1,23,5,1229,1,11,VAUXHALL CORSA,-1,-1,0,-1
2023161291563,2023,161291563,1,9,0,18,19,5,1,0,0,0,1,0,0,0,1,1,5,6,1,25,5,1229,1,15,VAUXHALL CORSA,2,E01013331,0,-1
2023549935323,2023,549935323,2,9,0,10,10,3,1,0,0,1,0,0,7,0,2,1,1,1,2,30,6,1248,2,6,VAUXHALL CORSA,4,E01032014,0,-1
2023401362408,2023,401362408,2,9,0,16,19,-1,-1,0,0,0,0,0,0,0,1,1,5,6,2,34,6,1199,1,2,VAUXHALL CORSA,2,E01016906,0,-1
2023111265610,2023,111265610,2,9,0,3,3,5,1,0,0,0,0,0,0,0,2,1,6,6,2,45,7,1199,1,2,VAUXHALL CORSA,4,E01008814,0,-1
2023302301913,2023,302301913,2,9,0,18,19,2,6,0,0,8,0,0,0,0,1,1,6,6,2,55,8,999,1,7,VAUXHALL CORSA,9,E01025951,0,-1
2023221361384,2023,221361384,2,9,0,3,3,1,5,0,0,1,0,0,0,0,2,1,2,2,2,23,5,1248,2,12,VAUXHALL CORSA,7,E01014137,0,-1
2023231274192,2023,231274192,3,9,0,2,2,0,0,0,0,0,0,0,0,0,3,1,6,6,1,32,6,1229,1,9,VAUXHALL CORSA,7,E01009446,0,-1
2023430279833,2023,430279833,1,9,0,9,9,5,3,0,0,5,0,0,0,0,1,1,6,6,1,-1,-1,999,1,8,VAUXHALL CORSA,-1,-1,0,-1
2023161301606,2023,161301606,2,9,0,5,5,6,2,0,0,6,0,0,0,0,1,1,6,6,1,-1,-1,1229,1,12,VAUXHALL CORSA,-1,-1,0,-1
2023522301299,2023,522301299,1,9,0,18,19,1,5,0,0,0,1,4,0,0,1,1,6,6,2,25,5,1229,1,18,VAUXHALL CORSA,7,E01015010,0,-1
2023501374397,2023,501374397,1,9,0,10,10,8,6,0,0,0,0,0,0,0,4,1,6,6,2,58,9,1248,2,16,VAUXHALL CORSA,1,E01018910,0,-1
2023471350128,2023,471350128,1,9,0,18,19,1,5,0,0,1,0,0,0,0,1,1,1,1,1,21,5,1199,1,1,VAUXHALL CORSA,8,E01016888,0,-1
2023201311480,2023,201311480,1,9,0,18,19,8,4,0,0,0,0,4,0,0,1,1,6,6,1,34,6,1199,1,3,VAUXHALL CORSA,1,E01010369,0,-1
2023010423323,2023,010423323,2,9,0,3,3,5,1,0,0,0,0,0,0,0,2,1,6,6,2,57,9,1398,1,7,VAUXHALL CORSA,4,E01000580,0,-1
2023340NN2452,2023,340NN2452,1,9,0,18,19,1,5,0,0,0,1,0,1,2,1,1,6,6,1,19,4,1229,1,18,VAUXHALL CORSA,9,E01027037,0,-1
2023010421493,2023,010421493,2,9,0,99,99,9,9,99,99,9,9,99,9,99,9,9,6,6,3,-1,-1,1229,1,14,VAUXHALL CORSA,8,E01023660,0,-1
2023351392986,2023,351392986,2,9,0,13,13,7,3,0,0,0,0,0,0,0,2,1,5,6,1,21,5,1398,1,9,VAUXHALL CORSA,6,E01018053,0,-1
2023552300355,2023,552300355,1,9,0,9,9,7,5,0,0,5,0,0,0,0,1,1,2,2,1,20,4,1398,1,12,VAUXHALL CORSA,8,E01020400,0,-1
2023361281518,2023,361281518,1,19,0,18,19,3,7,0,0,1,0,0,0,0,1,1,1,1,1,52,8,1248,2,9,-1,2,E01026711,0,-1
2023461288815,2023,461288815,1,9,0,4,4,1,5,0,0,1,0,0,0,0,1,1,6,6,2,59,9,1398,1,10,VAUXHALL CORSA,5,E01024551,0,-1
2023552300657,2023,552300657,2,9,0,4,4,7,3,0,0,0,0,0,0,0,2,1,3,7,2,29,6,1398,1,7,VAUXHALL CORSA,8,E01015389,0,-1
2023351388941,2023,351388941,1,9,0,18,19,7,3,0,0,2,1,0,1,0,3,1,2,2,2,24,5,998,1,12,VAUXHALL CORSA,7,E01018064,0,-1
2023111298447,2023,111298447,1,9,0,4,4,4,8,0,0,1,0,0,0,0,1,1,6,6,1,18,4,998,1,15,VAUXHALL CORSA,2,E01020686,0,-1
2023451278518,2023,451278518,2,9,0,18,19,5,1,0,0,0,0,0,0,0,4,1,1,1,2,29,6,1398,1,7,VAUXHALL CORSA,7,E01030647,0,-1
2023471266263,2023,471266263,1,9,0,7,7,-1,-1,0,0,7,0,0,0,0,1,1,6,6,3,-1,-1,1364,1,19,VAUXHALL CORSA,-1,-1,0,-1
2023361269826,2023,361269826,2,9,0,17,19,3,2,0,0,0,0,0,0,0,3,1,2,2,1,26,6,1598,1,15,VAUXHALL CORSA,8,E01026918,0,-1
2023010457289,2023,010457289,2,9,0,99,99,9,9,99,99,9,9,99,9,99,9,9,6,6,3,-1,-1,1398,1,6,VAUXHALL CORSA,2,E01032569,0,-1
2023548526423,2023,548526423,1,9,0,12,12,6,5,0,0,8,0,0,0,0,3,1,6,6,1,-1,-1,1398,1,7,VAUXHALL CORSA,10,E01015515,0,-1
2023131274939,2023,131274939,1,9,0,17,19,8,4,0,0,0,0,0,0,0,1,1,6,6,3,-1,-1,1229,1,13,VAUXHALL CORSA,-1,-1,0,-1
2023501383147,2023,501383147,1,9,0,18,19,6,2,0,0,0,1,11,0,0,1,1,1,1,1,22,5,1199,1,20,VAUXHALL CORSA,4,E01018829,0,-1
2023991290113,2023,991290113,3,9,0,2,2,0,0,0,0,1,0,0,0,0,4,1,6,6,3,-1,-1,1229,1,11,VAUXHALL CORSA,-1,-1,0,-1
2023991354604,2023,991354604,1,9,0,9,9,7,5,0,0,0,0,0,0,0,3,1,5,6,2,47,8,1398,1,11,VAUXHALL CORSA,7,-1,0,-1
2023991307717,2023,991307717,1,9,0,18,19,8,4,0,0,1,1,0,0,0,1,1,6,6,2,32,6,1398,1,7,VAUXHALL CORSA,-1,-1,0,-1
2023161282158,2023,161282158,1,9,0,9,9,2,8,0,0,1,0,0,0,0,1,1,5,6,1,19,4,1229,1,13,VAUXHALL CORSA,1,E01012841,0,-1
2023041295155,2023,041295155,1,9,0,18,19,4,8,0,0,8,0,0,0,0,1,2,6,6,1,21,5,1398,1,11,VAUXHALL CORSA,3,E01024887,0,-1
2023991358088,2023,991358088,1,9,0,18,19,6,2,0,0,1,1,4,0,0,1,1,6,6,1,27,6,1199,1,1,VAUXHALL CORSA,1,-1,0,-1
2023010457130,2023,010457130,2,9,0,99,99,9,9,99,99,5,9,99,9,99,9,9,6,6,3,-1,-1,1199,1,3,VAUXHALL CORSA,-1,-1,0,-1
2023061443105,2023,061443105,1,9,0,9,9,7,5,0,0,1,0,0,1,0,1,1,6,6,1,32,6,1248,2,13,VAUXHALL CORSA,-1,-1,0,-1
2023622300906,2023,622300906,2,9,0,18,19,8,4,0,0,1,0,0,0,0,4,1,6,6,2,25,5,1229,1,12,VAUXHALL CORSA,5,W01000761,0,-1
2023041371374,2023,041371374,2,9,0,18,19,4,8,0,0,8,0,0,7,0,4,1,2,2,2,54,8,1229,1,8,VAUXHALL CORSA,3,E01025399,0,-1
2023522300378,2023,522300378,2,9,0,2,2,0,0,0,0,8,0,0,0,0,1,1,6,6,3,-1,-1,1398,1,7,VAUXHALL CORSA,-1,-1,0,-1
2023161380570,2023,161380570,1,9,0,9,9,7,5,0,0,6,0,0,0,0,1,1,6,6,2,78,11,1398,1,9,VAUXHALL CORSA,3,E01012839,0,-1
2023061294379,2023,061294379,2,9,0,18,19,1,5,0,0,0,1,7,5,6,2,1,5,6,2,28,6,1398,1,13,VAUXHALL CORSA,7,E01025373,0,-1
2023201390199,2023,201390199,2,9,0,10,10,8,6,0,0,8,0,0,0,0,2,1,6,6,2,30,6,1398,1,7,VAUXHALL CORSA,4,E01009868,0,-1
2023201346316,2023,201346316,2,9,0,16,19,2,6,0,0,1,0,0,0,0,3,1,6,6,1,30,6,1199,1,3,VAUXHALL CORSA,7,E01010078,0,-1
2023131389618,2023,131389618,2,9,0,18,19,5,1,0,0,1,0,0,0,0,1,1,5,6,1,24,5,1398,1,5,VAUXHALL CORSA,1,E01008593,0,-1
2023201287308,2023,201287308,2,9,0,3,3,7,7,0,0,0,0,0,0,0,2,1,6,6,2,30,6,1229,1,11,VAUXHALL CORSA,2,E01009412,0,-1
2023131309897,2023,131309897,1,9,0,18,19,7,3,0,0,8,0,0,1,5,4,1,5,6,1,78,11,1364,1,5,VAUXHALL CORSA,2,E01032502,0,-1
2023061291849,2023,061291849,1,9,0,18,19,2,6,9,9,0,1,0,1,1,1,1,6,6,1,17,4,998,1,12,VAUXHALL CORSA,3,E01005536,0,-1
2023991375483,2023,991375483,1,9,0,18,19,5,1,0,0,0,0,0,0,0,4,1,2,2,2,65,9,1398,1,5,VAUXHALL CORSA,4,-1,0,-1
2023531369162,2023,531369162,2,9,0,18,19,1,5,0,0,1,0,0,0,0,3,1,6,6,2,60,9,1398,1,5,VAUXHALL CORSA,10,E01022172,0,-1
2023010461450,2023,010461450,2,9,0,4,4,7,3,0,0,1,0,0,0,0,2,1,6,6,1,27,6,1248,2,11,VAUXHALL CORSA,8,E01024839,0,-1
2023302300245,2023,302300245,2,9,0,18,19,6,2,0,0,8,0,0,0,0,1,1,6,6,1,31,6,1398,1,8,VAUXHALL CORSA,6,E01019669,0,-1
2023041392901,2023,041392901,1,9,0,17,19,7,3,0,0,1,0,0,0,0,1,1,6,6,1,23,5,1229,1,11,VAUXHALL CORSA,2,E01012605,0,-1
2023440017746,2023,440017746,1,9,0,17,19,8,4,0,0,8,1,0,0,0,4,1,6,6,1,20,4,1229,1,18,VAUXHALL CORSA,2,E01020348,0,-1
2023421376136,2023,421376136,2,9,0,18,19,4,7,0,0,0,0,0,0,0,1,1,5,6,1,49,8,1199,1,2,VAUXHALL CORSA,10,E01021622,0,-1
2023201286089,2023,201286089,1,9,0,18,19,4,8,0,0,0,0,0,0,0,1,1,6,6,2,41,7,1199,1,3,VAUXHALL CORSA,10,E01032886,0,-1
2023010444948,2023,010444948,1,9,0,3,3,1,5,0,0,1,0,0,0,0,2,1,2,2,2,56,9,1398,1,4,VAUXHALL CORSA,1,E01003487,0,-1
2023201320981,2023,201320981,2,9,0,18,19,4,8,0,0,8,0,0,0,0,3,1,6,6,2,59,9,1229,1,9,VAUXHALL CORSA,5,E01009774,0,-1
2023010475289,2023,010475289,4,9,0,2,2,0,0,0,0,2,0,4,1,1,1,1,6,6,3,-1,-1,1398,1,10,VAUXHALL CORSA,-1,-1,0,-1
2023440196281,2023,440196281,1,9,0,12,12,6,2,0,0,0,0,0,4,9,3,1,1,1,1,23,5,1199,1,1,VAUXHALL CORSA,10,E01030499,0,-1
2023401287016,2023,401287016,2,9,0,3,3,4,8,0,0,4,-1,0,0,0,2,1,5,6,1,39,7,1199,1,2,VAUXHALL CORSA,2,E01015720,0,-1
2023531283304,2023,531283304,1,9,0,18,19,1,5,0,0,0,1,0,1,7,1,1,2,2,1,23,5,1229,1,14,VAUXHALL CORSA,3,E01019221,0,-1
2023231375727,2023,231375727,1,9,0,12,12,7,3,0,0,0,0,0,0,0,3,1,6,6,1,25,5,1229,1,10,VAUXHALL CORSA,2,E01009609,0,-1
2023131354625,2023,131354625,2,9,0,11,11,5,3,0,0,1,0,0,0,0,1,1,6,6,2,21,5,1229,1,13,VAUXHALL CORSA,3,E01011341,0,-1
2023430284152,2023,430284152,1,9,0,9,9,8,6,0,0,8,0,0,0,0,4,1,6,6,2,51,8,1229,1,9,VAUXHALL CORSA,10,E01032761,0,-1
2023101263991,2023,101263991,1,9,0,2,2,3,7,0,0,0,0,0,1,0,1,1,2,2,2,49,8,1398,1,8,VAUXHALL CORSA,9,E01027367,0,-1
2023070679682,2023,070679682,1,9,0,18,19,5,1,0,0,2,0,0,0,0,1,1,6,6,1,17,4,1364,1,16,VAUXHALL CORSA,10,E01018471,0,-1
2023071025524,2023,071025524,1,9,0,4,4,8,4,0,0,1,0,0,0,0,2,1,3,7,1,18,4,1229,1,14,VAUXHALL CORSA,8,W01000457,0,-1
2023201318798,2023,201318798,1,9,0,9,9,6,4,0,0,6,0,0,0,0,3,1,6,6,1,41,7,1364,1,14,VAUXHALL CORSA,1,E01009382,0,-1
2023041337822,2023,041337822,1,9,0,1,1,8,1,9,9,0,0,0,1,11,1,1,5,6,2,86,11,1398,1,13,VAUXHALL CORSA,4,E01025001,0,-1
2023340WN1142,2023,340WN1142,1,9,0,18,19,1,5,0,0,0,0,0,0,0,1,1,6,6,1,19,4,1229,1,11,VAUXHALL CORSA,10,E01027206,0,-1
2023010484204,2023,010484204,1,9,0,99,99,9,9,99,99,9,9,99,9,99,1,9,2,2,2,28,6,1398,1,9,VAUXHALL CORSA,2,E01001283,0,-1
2023010436898,2023,010436898,1,9,0,10,10,5,3,0,0,6,0,0,0,0,1,1,2,2,1,37,7,1199,1,2,VAUXHALL CORSA,2,E01004384,0,-1
202360A085818,2023,60A085818,2,9,0,18,19,1,5,0,0,8,0,0,8,11,3,1,6,6,1,75,10,1398,1,12,VAUXHALL CORSA,-1,-1,0,-1
2023332300159,2023,332300159,2,9,0,18,19,1,5,0,0,8,0,0,0,0,1,1,6,6,2,21,5,999,1,8,VAUXHALL CORSA,6,E01013789,0,-1
2023332300599,2023,332300599,1,9,0,9,9,7,5,0,0,6,0,0,0,0,1,1,6,6,1,50,8,1229,1,10,VAUXHALL CORSA,3,E01013629,0,-1
2023430341116,2023,430341116,2,9,0,9,9,2,8,0,0,6,0,0,0,0,1,1,6,6,1,-1,-1,1398,1,5,VAUXHALL CORSA,-1,-1,0,-1
2023010441736,2023,010441736,2,9,0,2,2,0,0,0,0,0,0,4,0,0,1,1,6,6,3,-1,-1,1398,1,7,VAUXHALL CORSA,-1,-1,0,-1
2023991284679,2023,991284679,1,9,0,16,19,8,4,0,0,0,1,10,1,11,3,1,6,6,1,22,5,1398,1,9,VAUXHALL CORSA,6,-1,0,-1
2023031376200,2023,031376200,3,9,0,2,2,0,0,0,0,2,0,0,0,0,3,1,6,6,1,24,5,1229,1,13,VAUXHALL CORSA,4,E01019118,0,-1
2023201310807,2023,201310807,1,9,0,6,6,4,4,0,0,0,0,0,0,0,4,1,6,6,1,61,9,1398,1,6,VAUXHALL CORSA,5,E01009791,0,-1
2023430009575,2023,430009575,1,9,0,18,19,4,8,0,0,1,0,0,0,0,4,1,6,6,2,20,4,1398,1,8,VAUXHALL CORSA,9,E01016539,0,-1
2023041377100,2023,041377100,1,9,0,16,19,1,5,0,0,1,0,0,8,11,1,1,5,6,1,20,4,1248,2,9,VAUXHALL CORSA,4,E01025093,0,-1
2023221295657,2023,221295657,1,9,0,5,5,6,4,0,0,4,0,0,0,0,1,1,6,6,2,20,4,1398,1,13,VAUXHALL CORSA,7,E01031024,0,-1
2023430173807,2023,430173807,1,9,0,18,19,4,8,0,0,6,0,0,0,0,3,1,6,6,1,19,4,1229,1,14,VAUXHALL CORSA,8,E01016610,0,-1
2023221314977,2023,221314977,2,9,0,18,19,1,5,0,0,8,0,0,0,0,1,1,5,6,1,21,5,1364,1,15,VAUXHALL CORSA,1,E01014200,0,-1
2023991273585,2023,991273585,3,9,0,18,19,3,7,0,0,0,0,0,0,0,2,1,2,2,1,65,9,1248,2,9,VAUXHALL CORSA,3,-1,0,-1
2023411291617,2023,411291617,2,9,0,18,19,2,6,0,0,8,0,0,0,0,4,1,2,2,2,23,5,1199,1,3,VAUXHALL CORSA,3,E01015728,0,-1
2023540448623,2023,540448623,1,9,0,7,7,1,3,0,0,0,0,0,0,0,1,1,6,6,2,37,7,1229,1,12,VAUXHALL CORSA,9,E01031913,0,-1
2023101280972,2023,101280972,1,9,0,18,19,4,1,0,0,8,0,0,0,0,3,1,6,6,1,24,5,1398,1,7,VAUXHALL CORSA,4,E01027485,0,-1
2023052400061,2023,052400061,1,9,0,18,19,7,3,0,0,1,0,0,0,0,1,1,2,2,1,55,8,1229,1,11,VAUXHALL CORSA,1,E01006787,0,-1
2023471271034,2023,471271034,1,9,0,1,1,8,4,0,0,0,0,0,0,0,2,1,5,6,1,76,11,1229,1,15,VAUXHALL CORSA,1,E01020984,0,-1
2023552300013,2023,552300013,2,9,0,18,19,8,4,0,0,8,0,0,0,0,1,1,6,6,1,82,11,1398,1,13,VAUXHALL CORSA,6,E01020561,0,-1
2023131269954,2023,131269954,1,9,0,18,19,1,5,0,0,1,0,0,0,0,1,1,5,6,2,20,4,1229,1,11,VAUXHALL CORSA,4,E01011319,0,-1