collision_index,collision_year,collision_ref_no,vehicle_reference,vehicle_type,towing_and_articulation,vehicle_manoeuvre_historic,vehicle_manoeuvre,vehicle_direction_from,vehicle_direction_to,vehicle_location_restricted_lane_historic,vehicle_location_restricted_lane,junction_location,skidding_and_overturning,hit_object_in_carriageway,vehicle_leaving_carriageway,hit_object_off_carriageway,first_point_of_impact,vehicle_left_hand_drive,journey_purpose_of_driver_historic,journey_purpose_of_driver,sex_of_driver,age_of_driver,age_band_of_driver,engine_capacity_cc,propulsion_code,age_of_vehicle,generic_make_model,driver_imd_decile,lsoa_of_driver,escooter_flag,driver_distance_banding
2023010441911,2023,010441911,2,9,0,99,99,9,9,99,99,9,9,99,9,99,1,9,6,6,3,47,8,1199,1,19,VAUXHALL CORSA,2,E01004365,0,-1
2023161366175,2023,161366175,2,9,0,18,19,8,4,0,0,0,0,0,0,0,1,1,5,6,1,19,4,1229,1,13,VAUXHALL CORSA,10,E01013223,0,-1
2023010460132,2023,010460132,2,9,9,99,99,9,9,99,99,9,9,99,9,99,9,9,6,6,3,-1,-1,1229,1,15,VAUXHALL CORSA,1,E01001558,0,-1
2023010459888,2023,010459888,1,9,0,5,5,3,7,0,0,8,0,0,0,0,1,1,6,6,1,24,5,1398,1,5,VAUXHALL CORSA,4,E01004366,0,-1
2023320707054,2023,320707054,2,9,0,18,19,4,8,0,0,2,0,0,0,0,3,1,2,2,1,36,7,1398,1,10,VAUXHALL CORSA,1,E01026150,0,-1
2023010485249,2023,010485249,1,9,0,5,5,0,5,0,0,2,0,0,0,0,3,1,6,6,2,77,11,1229,1,13,VAUXHALL CORSA,6,E01001270,0,-1
2023131327260,2023,131327260,1,9,0,12,12,8,1,0,0,6,0,0,0,0,3,1,6,6,3,-1,-1,1199,1,1,VAUXHALL CORSA,-1,-1,0,-1
2023201379496,2023,201379496,3,9,0,5,5,7,3,0,0,1,0,0,0,0,2,1,5,6,1,19,4,1229,1,12,VAUXHALL CORSA,5,E01009267,0,-1
2023131386958,2023,131386958,2,9,0,18,19,7,3,0,0,0,0,0,0,0,2,1,6,6,2,22,5,1229,1,9,VAUXHALL CORSA,10,E01013092,0,-1
2023221339262,2023,221339262,1,9,0,18,19,2,6,0,0,8,0,0,0,0,1,1,6,6,2,39,7,1229,1,17,VAUXHALL CORSA,2,E01032224,0,-1
2023440428029,2023,440428029,1,9,0,18,19,8,4,0,0,2,0,0,0,0,4,1,6,6,2,26,6,1248,2,10,VAUXHALL CORSA,7,E01023124,0,-1
2023041271616,2023,041271616,1,9,0,18,19,5,1,0,0,1,0,0,0,0,3,1,5,6,1,20,4,1398,1,7,VAUXHALL CORSA,8,E01025420,0,-1
2023622300589,2023,622300589,1,9,0,18,19,4,8,0,0,0,0,0,0,0,1,1,6,6,1,21,5,1398,1,7,VAUXHALL CORSA,1,W01001222,0,-1
2023361270075,2023,361270075,1,9,0,18,19,2,5,0,0,8,0,0,0,0,1,1,6,6,1,18,4,1229,1,10,VAUXHALL CORSA,9,E01028673,0,-1
2023340WN6402,2023,340WN6402,2,9,0,18,19,2,6,0,0,8,0,0,0,0,1,1,6,6,1,52,8,1398,1,13,VAUXHALL CORSA,7,E01027172,0,-1
202360A161415,2023,60A161415,1,9,0,13,13,8,4,0,0,1,0,0,7,11,1,1,6,6,2,28,6,1398,1,5,VAUXHALL CORSA,-1,-1,0,-1
2023031291503,2023,031291503,2,9,0,18,19,5,1,0,0,0,0,0,0,0,2,1,5,6,2,40,7,1398,1,7,VAUXHALL CORSA,-1,-1,0,-1
2023010438695,2023,010438695,1,9,0,18,19,1,5,0,0,8,0,0,0,0,1,1,6,6,2,20,4,1229,1,12,VAUXHALL CORSA,2,E01001057,0,-1
2023991370403,2023,991370403,1,9,0,9,9,3,1,0,0,2,0,0,0,0,1,1,5,6,1,19,4,1229,1,14,VAUXHALL CORSA,1,-1,0,-1
2023161307698,2023,161307698,1,9,0,3,3,7,3,0,0,1,0,0,0,0,2,1,6,6,1,35,6,1398,1,4,VAUXHALL CORSA,6,E01012765,0,-1
2023520301520,2023,520301520,1,9,0,18,19,4,8,0,0,0,2,0,7,10,1,1,6,6,1,29,6,1229,1,9,VAUXHALL CORSA,5,E01032056,0,-1
2023131324941,2023,131324941,3,9,0,18,19,5,1,0,0,8,0,0,0,0,3,1,6,6,1,56,9,1398,1,9,VAUXHALL CORSA,5,E01011855,0,-1
2023991371830,2023,991371830,2,9,0,18,19,2,7,0,0,1,0,0,0,0,1,1,2,2,2,22,5,1398,1,5,VAUXHALL CORSA,8,-1,0,-1
2023461325557,2023,461325557,4,9,0,2,2,0,0,0,0,8,0,0,0,0,2,1,6,6,3,-1,-1,1229,1,12,VAUXHALL CORSA,-1,-1,0,-1
2023401303590,2023,401303590,1,9,0,18,19,5,1,0,0,0,0,0,0,0,1,1,6,6,3,-1,-1,1229,1,10,VAUXHALL CORSA,-1,-1,0,-1
2023411283865,2023,411283865,2,9,0,9,9,3,1,0,0,4,0,0,0,0,3,1,4,7,2,47,8,1229,1,17,VAUXHALL CORSA,5,E01023773,0,-1
2023302300293,2023,302300293,1,9,0,4,4,6,2,0,0,2,0,0,0,0,1,1,6,6,2,24,5,1364,1,14,VAUXHALL CORSA,8,E01033170,0,-1
2023991372809,2023,991372809,1,9,0,18,19,2,6,0,0,0,5,0,1,0,4,1,2,2,1,42,7,1229,1,10,VAUXHALL CORSA,4,-1,0,-1
2023302301240,2023,302301240,1,9,0,9,9,4,3,0,0,8,0,0,0,0,1,1,6,6,1,72,10,1398,1,6,VAUXHALL CORSA,4,E01019492,0,-1
2023170S41873,2023,170S41873,1,9,0,17,19,2,8,0,0,0,1,0,7,4,1,1,6,6,2,22,5,1248,2,12,VAUXHALL CORSA,7,E01012064,0,-1
2023451314698,2023,451314698,2,9,0,5,5,6,2,0,0,0,0,0,0,0,2,1,2,2,2,21,5,1229,1,10,VAUXHALL CORSA,5,E01023139,0,-1
2023010430746,2023,010430746,1,9,0,18,19,7,3,0,0,0,0,0,0,0,1,1,2,2,1,30,6,1499,2,1,VAUXHALL CORSA,4,E01001296,0,-1
2023401376669,2023,401376669,2,9,0,18,19,4,8,0,0,0,0,0,5,0,4,1,5,6,2,29,6,1398,1,4,VAUXHALL CORSA,4,E01009423,0,-1
2023552300828,2023,552300828,2,9,0,18,19,6,2,0,0,8,0,0,0,0,3,1,2,2,1,20,4,1364,1,16,VAUXHALL CORSA,4,E01015443,0,-1
2023170S12233,2023,170S12233,2,9,0,18,19,5,1,0,0,8,0,0,0,0,2,1,6,6,1,37,7,1199,1,0,VAUXHALL CORSA,5,E01020833,0,-1
2023041319758,2023,041319758,3,9,0,18,19,2,6,0,0,1,0,0,0,0,4,1,5,6,2,17,4,1229,1,12,VAUXHALL CORSA,9,E01025596,0,-1
2023010470546,2023,010470546,1,9,0,16,19,1,5,0,0,6,0,0,0,0,1,1,6,6,2,19,4,1398,1,5,VAUXHALL CORSA,3,E01001360,0,-1
2023131268782,2023,131268782,1,9,0,18,19,7,5,0,0,1,0,0,0,0,1,1,2,2,2,27,6,1398,1,5,VAUXHALL CORSA,7,E01007381,0,-1
2023401308923,2023,401308923,2,9,0,2,2,0,0,0,0,0,0,0,0,0,4,1,5,6,2,49,8,973,1,22,VAUXHALL CORSA,3,E01017515,0,-1
2023361334738,2023,361334738,2,9,0,18,19,0,0,0,0,0,0,0,0,0,1,1,5,6,2,34,6,1248,2,10,VAUXHALL CORSA,6,E01026547,0,-1
2023061325176,2023,061325176,1,9,0,18,19,7,3,0,0,0,0,0,0,0,1,1,6,6,3,30,6,1229,1,14,VAUXHALL CORSA,-1,-1,0,-1
2023010455045,2023,010455045,2,9,0,18,19,7,3,0,0,4,0,0,0,0,4,1,6,6,2,20,4,1364,1,16,VAUXHALL CORSA,5,E01002443,0,-1
2023320162089,2023,320162089,1,9,0,18,19,3,7,0,0,0,0,0,0,0,1,1,6,6,2,18,4,1229,1,12,VAUXHALL CORSA,4,E01026102,0,-1
2023471326609,2023,471326609,1,9,0,18,19,6,2,0,0,0,0,4,1,0,1,1,5,6,2,74,10,1248,2,9,VAUXHALL CORSA,6,E01021087,0,-1
2023501278695,2023,501278695,2,9,0,4,4,2,5,0,0,0,0,0,0,0,2,1,6,6,1,43,7,1398,1,8,VAUXHALL CORSA,-1,-1,0,-1
2023421290098,2023,421290098,2,9,0,4,4,7,3,0,0,1,0,0,0,0,2,1,1,1,2,37,7,1199,1,3,VAUXHALL CORSA,4,E01021868,0,-1
2023010435758,2023,010435758,1,9,3,18,19,3,7,0,0,2,5,4,0,0,1,1,6,6,2,26,6,1398,1,11,VAUXHALL CORSA,5,E01003664,0,-1
2023430273260,2023,430273260,2,9,0,18,19,2,6,0,0,8,0,0,0,0,1,1,6,6,1,68,10,1398,1,11,VAUXHALL CORSA,10,E01017745,0,-1
2023332300018,2023,332300018,1,9,0,18,19,2,6,0,0,8,1,0,0,0,4,1,6,6,2,25,5,1398,1,7,VAUXHALL CORSA,4,E01013614,0,-1
2023991379176,2023,991379176,4,9,0,4,4,6,2,0,0,0,0,0,0,0,1,1,6,6,2,22,5,1398,1,6,VAUXHALL CORSA,3,-1,0,-1
2023010485447,2023,010485447,3,9,0,18,19,2,6,0,0,2,5,4,0,0,1,1,2,2,2,31,6,1398,1,5,VAUXHALL CORSA,8,E01002178,0,-1
2023101398348,2023,101398348,1,9,0,18,19,6,2,0,0,0,0,0,1,0,1,1,5,6,1,22,5,1229,1,14,VAUXHALL CORSA,1,E01008297,0,-1
2023340NN1062,2023,340NN1062,2,9,0,17,19,5,1,0,0,0,0,0,2,9,1,1,2,2,1,22,5,1248,2,14,VAUXHALL CORSA,3,E01027124,0,-1
2023201310465,2023,201310465,2,9,0,18,19,5,1,0,0,0,0,0,0,0,2,1,6,6,1,64,9,1229,1,15,VAUXHALL CORSA,1,E01010234,0,-1
2023061291548,2023,061291548,2,9,0,18,19,3,7,0,0,0,0,0,0,0,2,1,5,6,1,49,8,1364,1,14,VAUXHALL CORSA,4,E01019364,0,-1
2023401293828,2023,401293828,1,9,0,7,7,1,3,0,0,1,0,0,0,0,1,1,6,6,1,21,5,1364,1,15,VAUXHALL CORSA,3,E01017536,0,-1
2023332300089,2023,332300089,2,9,0,18,19,1,5,0,0,0,0,0,1,9,1,1,6,6,1,25,5,1398,1,5,VAUXHALL CORSA,8,E01025810,0,-1
2023122300532,2023,122300532,1,9,0,9,9,7,5,0,0,6,0,0,0,0,3,1,1,1,1,18,4,1248,2,12,VAUXHALL CORSA,1,E01011293,0,-1
2023010484096,2023,010484096,2,9,0,99,99,9,9,99,99,9,9,99,9,99,9,9,6,6,3,-1,-1,1229,1,11,VAUXHALL CORSA,-1,-1,0,-1
2023451266265,2023,451266265,1,9,0,3,3,1,5,0,0,1,0,0,0,0,2,1,5,6,2,20,4,1398,1,4,VAUXHALL CORSA,3,E01030744,0,-1
2023201323601,2023,201323601,2,9,0,4,4,8,4,0,0,1,0,0,0,0,2,1,6,6,1,32,6,1398,1,12,VAUXHALL CORSA,3,E01009242,0,-1
2023061384203,2023,061384203,3,9,0,18,19,3,7,0,0,0,0,0,0,0,1,1,5,6,1,20,4,1398,1,7,VAUXHALL CORSA,4,E01004986,0,-1
2023991362717,2023,991362717,1,9,0,18,19,7,3,0,0,0,0,0,0,0,4,1,5,6,2,51,8,1398,1,7,VAUXHALL CORSA,-1,-1,0,-1
2023041330327,2023,041330327,5,9,0,2,2,0,0,0,0,2,0,0,0,0,1,1,6,6,3,-1,-1,1229,1,15,VAUXHALL CORSA,-1,-1,0,-1
2023320516185,2023,320516185,1,9,0,18,19,4,8,0,0,3,0,0,1,2,1,1,6,6,1,20,4,1229,1,14,VAUXHALL CORSA,8,E01026337,0,-1
2023161349139,2023,161349139,2,9,0,1,1,4,7,0,0,0,0,0,0,0,2,1,6,6,1,25,5,998,1,18,VAUXHALL CORSA,-1,-1,0,-1
2023010478540,2023,010478540,2,9,0,3,3,1,5,0,0,0,0,0,0,0,2,1,6,6,2,26,6,1364,1,16,VAUXHALL CORSA,2,E01001437,0,-1
2023010463218,2023,010463218,1,9,0,1,1,5,1,0,0,2,0,0,0,0,4,1,6,6,2,32,6,1398,1,6,VAUXHALL CORSA,7,E01001131,0,-1
2023430320439,2023,430320439,1,9,0,3,3,8,4,0,0,1,0,0,0,0,1,1,6,6,2,65,9,-1,3,0,VAUXHALL CORSA,7,E01016582,0,-1
2023201400852,2023,201400852,2,9,0,4,4,2,6,0,0,0,0,0,0,0,2,1,6,6,2,40,7,1398,1,9,VAUXHALL CORSA,5,E01009267,0,-1
2023371372245,2023,371372245,3,9,0,3,3,2,6,0,0,1,0,0,0,0,3,1,2,2,2,25,5,1398,1,13,VAUXHALL CORSA,9,E01030142,0,-1
2023522400599,2023,522400599,1,9,0,10,10,7,3,0,0,0,0,0,0,0,2,1,6,6,2,26,6,1398,1,4,VAUXHALL CORSA,9,E01014823,0,-1
2023061393925,2023,061393925,2,9,0,18,19,8,4,0,0,1,0,0,0,0,4,1,2,2,2,62,9,1398,1,9,VAUXHALL CORSA,1,E01005319,0,-1
2023411393885,2023,411393885,1,9,0,13,13,7,2,0,0,0,0,10,1,0,4,1,4,7,1,18,4,1229,1,11,VAUXHALL CORSA,7,E01023935,0,-1
2023131397877,2023,131397877,1,9,0,-1,-1,-1,-1,-1,-1,-1,-1,-1,-1,-1,-1,1,6,6,3,-1,-1,1362,1,9,VAUXHALL CORSA,-1,-1,0,-1
2023371347925,2023,371347925,1,9,0,18,19,2,6,0,0,1,0,0,0,0,1,1,1,1,1,51,8,1398,1,4,VAUXHALL CORSA,10,E01030203,0,-1
2023010477435,2023,010477435,1,9,0,5,5,7,3,0,0,0,0,0,0,0,3,1,6,6,3,23,5,-1,3,0,VAUXHALL CORSA,-1,-1,0,-1
2023010455263,2023,010455263,2,9,0,16,19,5,1,0,0,0,0,0,0,0,0,1,6,6,1,30,6,1199,1,3,VAUXHALL CORSA,4,E01004234,0,-1
2023552301432,2023,552301432,2,9,0,3,3,5,1,0,0,8,0,0,0,0,2,1,2,2,2,35,6,1398,1,4,VAUXHALL CORSA,2,E01015430,0,-1
2023311391779,2023,311391779,2,9,0,5,5,5,1,0,0,1,0,0,0,0,1,1,6,6,2,31,6,1199,1,1,VAUXHALL CORSA,8,E01028371,0,-1
2023010475415,2023,010475415,1,9,0,18,19,5,1,0,0,0,1,4,0,0,1,1,1,1,2,20,4,1398,1,13,VAUXHALL CORSA,9,E01004559,0,-1
2023010428117,2023,010428117,1,9,0,16,19,7,3,0,0,1,0,0,0,0,2,1,6,6,2,33,6,1199,1,2,VAUXHALL CORSA,-1,-1,0,-1
2023471320948,2023,471320948,2,9,0,18,19,4,8,0,0,1,0,0,0,0,1,1,2,2,2,42,7,1199,1,3,VAUXHALL CORSA,6,E01021148,0,-1
2023101322475,2023,101322475,2,9,0,3,3,1,5,0,0,1,0,0,0,0,2,1,6,6,2,29,6,1398,1,7,VAUXHALL CORSA,-1,-1,0,-1
2023440378856,2023,440378856,1,9,0,18,19,6,2,0,0,0,0,0,0,0,1,1,6,6,1,31,6,1398,1,6,VAUXHALL CORSA,3,E01017189,0,-1
2023351318855,2023,351318855,1,9,0,4,4,1,5,0,0,2,0,0,0,0,1,1,2,2,2,24,5,1229,1,16,VAUXHALL CORSA,2,E01018144,0,-1
2023041383459,2023,041383459,2,9,0,16,19,2,6,0,0,0,0,0,0,0,1,1,5,6,1,20,4,-1,-1,-1,VAUXHALL CORSA,2,E01012696,0,-1
2023421356860,2023,421356860,1,9,0,18,19,8,4,0,0,0,0,0,0,0,1,1,5,6,1,24,5,1364,1,14,VAUXHALL CORSA,-1,-1,0,-1
2023010449098,2023,010449098,1,9,0,18,19,1,5,0,0,8,0,0,0,0,1,1,6,6,2,28,6,1364,1,14,VAUXHALL CORSA,3,E01003105,0,-1
2023201345445,2023,201345445,1,9,0,16,19,1,4,0,0,3,5,10,1,1,1,1,1,1,2,26,6,1199,1,2,VAUXHALL CORSA,4,E01032370,0,-1
2023141281685,2023,141281685,1,9,0,12,12,4,2,0,0,8,0,0,0,0,1,1,6,6,2,41,7,1248,2,13,VAUXHALL CORSA,3,E01011936,0,-1
2023451374537,2023,451374537,1,9,0,6,6,1,5,0,0,0,0,0,0,0,4,1,6,6,2,48,8,1229,1,11,VAUXHALL CORSA,8,E01030302,0,-1
2023201396634,2023,201396634,1,9,0,18,19,5,1,0,0,0,0,0,0,0,1,1,6,6,1,42,7,998,1,16,VAUXHALL CORSA,2,E01010344,0,-1
2023531384640,2023,531384640,1,9,0,16,19,2,6,0,0,0,1,0,0,0,1,1,5,6,1,17,4,1248,2,13,VAUXHALL CORSA,7,E01022230,0,-1
2023041313977,2023,041313977,1,9,0,5,5,-1,-1,0,0,2,0,0,0,0,1,1,6,6,1,24,5,1199,1,4,VAUXHALL CORSA,1,E01024875,0,-1
2023061364922,2023,061364922,4,9,0,2,2,0,0,0,0,1,0,0,0,0,1,1,6,6,3,-1,-1,1398,1,4,VAUXHALL CORSA,-1,-1,0,-1
2023461359593,2023,461359593,1,9,0,13,13,2,4,0,0,0,0,0,0,0,1,1,5,6,1,44,7,1229,1,17,VAUXHALL CORSA,7,E01024073,0,-1
2023351315380,2023,351315380,3,9,0,8,8,3,5,0,0,2,0,0,0,0,3,1,2,2,2,26,6,1248,2,14,VAUXHALL CORSA,9,E01018154,0,-1
2023440131293,2023,440131293,2,9,0,18,19,3,5,0,0,6,0,0,0,0,1,1,6,6,1,18,4,1229,1,18,VAUXHALL CORSA,5,E01022800,0,-1
2023052302269,2023,052302269,3,9,0,18,19,7,3,0,0,0,0,0,0,0,3,1,6,6,1,44,7,1229,1,17,VAUXHALL CORSA,2,E01006899,0,-1
2023471368697,2023,471368697,2,9,0,18,19,1,5,0,0,0,0,0,0,0,2,1,2,2,1,36,7,1398,1,5,VAUXHALL CORSA,10,E01021158,0,-1
2023991384414,2023,991384414,5,9,0,18,19,8,4,0,0,0,0,4,0,0,1,1,2,2,2,28,6,1229,1,10,VAUXHALL CORSA,-1,-1,0,-1
2023070162015,2023,070162015,1,9,0,18,19,6,2,0,0,0,0,0,0,0,1,1,6,6,2,37,7,1398,1,5,VAUXHALL CORSA,-1,-1,0,-1
2023501280403,2023,501280403,1,9,0,8,8,7,1,0,0,1,0,0,0,0,1,1,6,6,1,52,8,1248,2,13,VAUXHALL CORSA,6,E01020136,0,-1
2023131362395,2023,131362395,1,9,0,18,19,3,7,0,0,0,0,0,0,0,1,1,2,2,2,25,5,1229,1,12,VAUXHALL CORSA,4,E01011876,0,-1
2023451296827,2023,451296827,1,9,0,9,9,6,8,0,0,6,0,0,0,0,1,1,2,2,1,64,9,1229,1,13,VAUXHALL CORSA,3,E01002560,0,-1
2023201351139,2023,201351139,1,9,0,18,19,6,2,0,0,8,0,0,0,0,4,1,2,2,2,24,5,999,1,8,VAUXHALL CORSA,2,E01010260,0,-1
2023101323826,2023,101323826,1,9,0,18,19,7,3,0,0,8,0,0,0,0,3,1,5,6,1,19,4,1229,1,10,VAUXHALL CORSA,8,E01008647,0,-1
2023131353756,2023,131353756,3,9,0,18,19,5,1,0,0,0,0,0,0,0,3,1,5,6,1,55,8,1199,1,3,VAUXHALL CORSA,5,E01011749,0,-1
2023451377338,2023,451377338,1,9,0,4,4,7,3,0,0,2,1,0,0,0,3,1,5,6,1,24,5,1398,1,11,VAUXHALL CORSA,6,E01023118,0,-1
2023061343734,2023,061343734,1,9,0,18,19,6,4,0,0,8,0,0,0,0,1,1,6,6,1,21,5,998,1,9,VAUXHALL CORSA,8,W01001914,0,-1
2023411338151,2023,411338151,2,9,0,16,19,-1,-1,0,0,1,0,0,0,0,1,1,2,2,2,52,8,1229,1,18,VAUXHALL CORSA,9,E01017445,0,-1
2023440501215,2023,440501215,2,9,0,10,10,4,8,0,0,1,0,0,0,0,2,1,6,6,2,71,10,1199,1,24,VAUXHALL CORSA,1,E01022917,0,-1
2023430392231,2023,430392231,2,9,0,18,19,6,2,0,0,8,0,0,0,0,3,1,6,6,2,70,10,1364,1,14,VAUXHALL CORSA,4,E01016716,0,-1
2023201391193,2023,201391193,2,9,0,12,12,4,8,0,0,1,0,0,0,0,2,1,6,6,1,23,5,1199,1,1,VAUXHALL CORSA,2,E01009839,0,-1
2023101326023,2023,101326023,1,9,0,18,19,6,1,0,0,8,0,0,1,0,3,1,6,6,1,72,10,1248,2,13,VAUXHALL CORSA,3,E01008163,0,-1
2023461301011,2023,461301011,1,9,0,7,7,7,3,0,0,5,0,0,1,0,1,1,2,2,1,24,5,1229,1,13,VAUXHALL CORSA,4,E01024486,0,-1
2023991367092,2023,991367092,2,9,0,9,9,1,3,8,6,1,0,0,0,0,1,1,6,6,1,36,7,1229,1,9,VAUXHALL CORSA,9,-1,0,-1
2023541151023,2023,541151023,2,9,0,4,4,2,6,0,0,1,0,0,0,0,2,1,6,6,1,30,6,1248,2,12,VAUXHALL CORSA,9,E01031880,0,-1
2023451325197,2023,451325197,1,9,0,5,5,0,1,0,0,0,0,0,0,0,1,1,1,1,1,22,5,1229,1,10,VAUXHALL CORSA,1,E01001220,0,-1
2023201390552,2023,201390552,1,9,0,5,5,2,8,0,0,6,0,0,0,0,1,1,5,6,2,37,7,1398,1,8,VAUXHALL CORSA,1,E01009769,0,-1
2023501301406,2023,501301406,2,9,0,18,19,3,7,0,0,0,0,0,0,0,2,1,6,6,2,20,4,1398,1,7,VAUXHALL CORSA,3,E01019042,0,-1
2023221374887,2023,221374887,1,9,0,9,9,5,3,0,0,6,0,0,0,0,3,1,6,6,1,51,8,1398,1,6,VAUXHALL CORSA,4,E01029002,0,-1
2023052300840,2023,052300840,1,9,0,9,9,1,5,0,0,8,0,0,0,0,3,1,6,6,2,69,10,998,1,9,VAUXHALL CORSA,4,E01006566,0,-1
2023101329135,2023,101329135,2,9,0,8,8,3,5,0,0,2,0,0,0,0,3,1,5,6,2,32,6,1229,1,13,VAUXHALL CORSA,5,E01027376,0,-1
2023311331161,2023,311331161,1,9,0,18,19,7,3,0,0,0,0,0,1,0,1,1,5,6,1,18,4,1229,1,12,VAUXHALL CORSA,6,E01028220,0,-1
2023421392040,2023,421392040,2,9,0,2,2,0,0,0,0,0,0,0,0,0,2,1,6,6,3,-1,-1,1362,1,11,VAUXHALL CORSA,-1,-1,0,-1
2023010448270,2023,010448270,1,9,0,2,2,0,0,0,0,0,0,4,0,0,3,1,6,6,3,-1,-1,-1,3,2,VAUXHALL CORSA,-1,-1,0,-1
2023451334303,2023,451334303,2,9,0,11,11,2,6,0,0,0,0,0,0,0,4,1,6,6,2,25,5,1199,1,3,VAUXHALL CORSA,-1,-1,0,-1
2023131350450,2023,131350450,5,9,0,2,2,5,1,0,0,0,0,0,0,0,3,1,6,6,3,-1,-1,1398,1,7,VAUXHALL CORSA,-1,-1,0,-1
2023461377749,2023,461377749,1,9,0,18,19,3,8,0,0,3,0,0,0,0,4,1,5,6,1,18,4,1229,1,10,VAUXHALL CORSA,8,E01000370,0,-1
2023461353631,2023,461353631,2,9,0,2,2,0,0,0,0,0,0,0,0,0,1,1,6,6,3,53,8,1199,1,2,VAUXHALL CORSA,2,E01001653,0,-1
2023070167664,2023,070167664,1,9,0,11,11,8,8,0,0,0,0,0,0,0,4,1,6,6,2,-1,-1,1398,1,13,VAUXHALL CORSA,-1,-1,0,-1
2023461372818,2023,461372818,1,9,0,15,15,8,6,0,0,1,1,0,3,0,1,1,6,6,1,29,6,1364,1,17,VAUXHALL CORSA,4,E01024290,0,-1
2023411307869,2023,411307869,1,9,0,16,19,2,6,0,0,0,1,0,0,0,1,1,5,6,2,28,6,1229,1,16,VAUXHALL CORSA,8,E01023692,0,-1
2023461383298,2023,461383298,1,9,0,10,10,7,3,0,0,1,0,0,0,0,1,1,2,2,1,36,7,1248,2,16,VAUXHALL CORSA,6,E01016134,0,-1
2023401271551,2023,401271551,2,9,0,3,3,4,8,0,0,1,1,0,1,11,2,1,2,2,1,38,7,1398,1,4,VAUXHALL CORSA,2,E01015702,0,-1
2023201372525,2023,201372525,2,9,0,5,5,4,8,0,0,0,0,0,0,0,1,1,1,1,2,30,6,1389,1,18,VAUXHALL CORSA,1,E01009577,0,-1
2023161338801,2023,161338801,1,9,0,3,3,3,7,0,0,0,1,0,0,0,2,1,5,6,1,21,5,1248,2,8,VAUXHALL CORSA,3,E01012839,0,-1
2023520000566,2023,520000566,1,9,0,9,9,-1,-1,0,0,8,0,0,0,0,3,1,6,6,1,19,4,1229,1,11,VAUXHALL CORSA,3,E01029038,0,-1
2023010462459,2023,010462459,1,9,0,9,9,1,7,0,0,2,5,10,0,0,4,1,6,6,2,30,6,998,1,15,VAUXHALL CORSA,3,E01000392,0,-1
2023010429657,2023,010429657,2,9,0,3,3,5,1,0,0,1,9,99,0,0,1,9,6,6,2,48,8,1229,1,16,VAUXHALL CORSA,-1,-1,0,-1
2023031277677,2023,031277677,2,9,0,18,19,1,5,0,0,0,0,0,0,0,2,1,6,6,1,46,8,1229,1,14,VAUXHALL CORSA,-1,-1,0,-1
2023010435746,2023,010435746,1,9,0,18,19,1,5,0,0,1,1,0,0,0,1,1,6,6,1,19,4,1199,1,3,VAUXHALL CORSA,1,E01003515,0,-1
2023010482103,2023,010482103,1,9,0,99,99,9,9,0,0,0,9,99,9,99,2,9,6,6,1,21,5,1229,1,12,VAUXHALL CORSA,5,E01021261,0,-1
2023010455288,2023,010455288,1,9,0,17,19,3,8,9,9,1,0,0,7,0,1,1,6,6,2,21,5,1229,1,10,VAUXHALL CORSA,6,E01002295,0,-1
2023991289555,2023,991289555,1,9,0,18,19,1,5,0,0,0,2,0,1,11,1,1,5,6,1,18,4,1248,2,10,VAUXHALL CORSA,3,-1,0,-1
2023340WN5792,2023,340WN5792,2,9,0,7,7,6,2,0,0,4,0,0,0,0,3,1,6,6,1,46,8,1248,2,11,VAUXHALL CORSA,3,E01027197,0,-1
2023320708130,2023,320708130,1,9,0,17,19,2,8,0,0,0,0,0,1,9,4,1,6,6,1,19,4,998,1,12,VAUXHALL CORSA,2,E01010102,0,-1
2023311381738,2023,311381738,2,9,0,4,4,4,7,0,0,2,0,0,0,0,1,1,5,6,1,32,6,1398,1,13,VAUXHALL CORSA,3,E01027964,0,-1
2023201370963,2023,201370963,1,9,0,7,7,7,2,0,0,0,0,0,0,0,1,1,6,6,2,31,6,1398,1,6,VAUXHALL CORSA,3,E01010509,0,-1
2023332300161,2023,332300161,1,9,0,18,19,8,4,0,0,0,1,10,1,11,1,1,6,6,2,20,4,1229,1,13,VAUXHALL CORSA,4,E01013648,0,-1
2023010462264,2023,010462264,1,9,0,18,19,3,7,0,0,0,0,0,0,0,1,1,6,6,1,25,5,1398,1,5,VAUXHALL CORSA,4,E01023538,0,-1
2023031383059,2023,031383059,1,9,0,18,19,4,2,0,0,1,0,0,0,0,1,1,6,6,1,84,11,1229,1,9,VAUXHALL CORSA,6,E01019350,0,-1
2023201339684,2023,201339684,2,9,0,4,4,5,8,0,0,4,0,0,0,0,2,1,6,6,1,19,4,1398,1,4,VAUXHALL CORSA,7,E01032590,0,-1
2023101271719,2023,101271719,2,9,0,18,19,8,4,0,0,1,0,0,0,0,1,1,5,6,2,61,9,1199,1,2,VAUXHALL CORSA,6,E01008740,0,-1
2023311325425,2023,311325425,1,9,0,3,3,1,5,0,0,0,0,0,0,0,1,1,6,6,2,36,7,1398,1,6,VAUXHALL CORSA,3,E01027931,0,-1
2023221281053,2023,221281053,3,9,0,2,2,0,0,0,0,0,0,0,0,0,2,1,5,6,1,53,8,1398,1,4,VAUXHALL CORSA,1,E01013995,0,-1