collision_index,collision_year,collision_ref_no,vehicle_reference,vehicle_type,towing_and_articulation,vehicle_manoeuvre_historic,vehicle_manoeuvre,vehicle_direction_from,vehicle_direction_to,vehicle_location_restricted_lane_historic,vehicle_location_restricted_lane,junction_location,skidding_and_overturning,hit_object_in_carriageway,vehicle_leaving_carriageway,hit_object_off_carriageway,first_point_of_impact,vehicle_left_hand_drive,journey_purpose_of_driver_historic,journey_purpose_of_driver,sex_of_driver,age_of_driver,age_band_of_driver,engine_capacity_cc,propulsion_code,age_of_vehicle,generic_make_model,driver_imd_decile,lsoa_of_driver,escooter_flag,driver_distance_banding
2023170M11663,2023,170M11663,2,9,0,12,12,0,2,0,0,0,0,0,0,0,3,1,6,6,2,21,5,1398,1,7,VAUXHALL CORSA,4,E01012277,0,-1
2023052300102,2023,052300102,2,9,0,16,19,3,7,0,0,4,0,0,3,0,4,1,2,2,1,17,4,1229,1,11,VAUXHALL CORSA,10,E01007186,0,-1
2023311285598,2023,311285598,1,9,0,18,19,6,1,0,0,0,1,0,1,0,1,1,5,6,1,24,5,1229,1,16,VAUXHALL CORSA,10,E01028414,0,-1
2023070999465,2023,070999465,1,9,0,5,5,8,4,0,0,2,0,0,0,0,1,1,2,2,1,29,6,1364,1,5,VAUXHALL CORSA,8,E01018493,0,-1
2023991331530,2023,991331530,1,9,0,13,13,6,2,0,0,0,0,0,0,0,4,1,6,6,1,26,6,1248,2,12,VAUXHALL CORSA,3,-1,0,-1
2023201396826,2023,201396826,2,9,0,18,19,8,4,0,0,6,0,0,0,0,1,1,2,2,3,28,6,1398,1,5,VAUXHALL CORSA,2,E01010059,0,-1
2023430568143,2023,430568143,1,9,0,18,19,8,4,0,0,8,0,0,0,0,1,1,6,6,1,24,5,1248,2,16,VAUXHALL CORSA,5,E01016762,0,-1
2023141390708,2023,141390708,1,9,0,9,9,2,8,0,0,6,0,0,0,0,1,1,2,2,2,23,5,999,1,6,VAUXHALL CORSA,3,E01007676,0,-1
2023522300926,2023,522300926,2,9,0,9,9,5,3,0,0,8,0,0,0,0,2,1,6,6,1,20,4,1229,1,16,VAUXHALL CORSA,10,E01014964,0,-1
2023122300544,2023,122300544,1,9,0,18,19,1,5,0,0,0,1,0,0,0,1,1,1,1,2,43,7,1398,1,10,VAUXHALL CORSA,1,E01012304,0,-1
2023061332304,2023,061332304,2,9,0,13,13,1,5,0,0,0,0,0,0,0,3,1,6,6,3,30,6,1229,1,10,VAUXHALL CORSA,-1,-1,0,-1
2023041390799,2023,041390799,2,9,0,8,8,5,1,0,0,0,0,0,0,0,1,1,6,6,1,37,7,1248,2,15,VAUXHALL CORSA,1,E01013296,0,-1
2023401359337,2023,401359337,1,9,0,5,5,-1,-1,0,0,1,0,0,0,0,1,1,6,6,1,50,8,1229,1,15,VAUXHALL CORSA,4,E01017487,0,-1
2023440441275,2023,440441275,1,9,0,18,19,1,5,0,0,0,1,10,7,4,1,1,6,6,1,43,7,1364,1,14,VAUXHALL CORSA,10,E01032870,0,-1
2023101391825,2023,101391825,1,9,0,9,9,8,5,0,0,8,0,0,0,0,4,1,5,6,2,49,8,1398,1,6,VAUXHALL CORSA,1,E01011981,0,-1
2023520301139,2023,520301139,2,9,0,18,19,8,4,0,0,8,0,0,0,0,1,1,6,6,1,20,4,1229,1,9,VAUXHALL CORSA,-1,-1,0,-1
2023440323265,2023,440323265,1,9,0,18,19,2,6,0,0,0,5,0,2,4,1,1,6,6,2,35,6,1199,1,2,VAUXHALL CORSA,6,E01020531,0,-1
2023010485503,2023,010485503,2,9,0,6,6,5,5,6,6,0,0,0,0,0,3,9,6,6,1,22,5,-1,-1,-1,VAUXHALL CORSA,8,E01004179,0,-1
2023141312503,2023,141312503,1,9,0,2,2,1,5,0,0,0,0,0,0,0,2,1,5,6,1,23,5,1199,1,3,VAUXHALL CORSA,2,E01013933,0,-1
2023501316387,2023,501316387,2,9,0,2,2,0,0,0,0,0,0,0,0,0,1,1,6,6,1,75,10,1398,1,11,VAUXHALL CORSA,1,E01015048,0,-1
2023440108349,2023,440108349,2,9,0,18,19,7,3,0,0,1,0,0,0,0,1,1,6,6,1,42,7,1389,1,22,VAUXHALL CORSA,3,E01017335,0,-1
2023311302421,2023,311302421,2,9,0,5,5,3,2,0,0,0,0,0,0,0,2,1,6,6,1,59,9,1398,1,6,VAUXHALL CORSA,1,E01013846,0,-1
2023141291082,2023,141291082,2,9,0,9,9,5,1,0,0,0,0,0,0,0,0,1,5,6,1,25,5,1398,1,6,VAUXHALL CORSA,2,E01008112,0,-1
2023010438749,2023,010438749,1,9,0,3,3,7,3,0,0,1,0,0,0,0,2,1,6,6,1,38,7,-1,3,1,VAUXHALL CORSA,2,E01002765,0,-1
2023461361444,2023,461361444,1,9,0,9,9,6,2,0,0,8,0,7,7,10,1,1,6,6,1,66,10,-1,3,1,VAUXHALL CORSA,4,E01016071,0,-1
2023991258992,2023,991258992,1,9,0,9,9,5,2,0,0,8,0,0,7,1,1,1,5,6,1,30,6,1199,1,1,VAUXHALL CORSA,-1,-1,0,-1
2023231329358,2023,231329358,2,9,0,3,3,6,2,0,0,1,0,0,0,0,2,1,6,6,1,23,5,1398,1,5,VAUXHALL CORSA,4,E01031073,0,-1
2023991314268,2023,991314268,1,9,0,18,19,6,2,0,0,1,0,0,0,0,4,1,2,2,1,18,4,1199,1,20,VAUXHALL CORSA,4,-1,0,-1
2023549255623,2023,549255623,1,9,0,18,19,6,2,0,0,1,0,0,0,0,1,1,6,6,2,20,4,1229,1,12,VAUXHALL CORSA,2,E01032062,0,-1
2023991304877,2023,991304877,1,9,0,1,1,3,7,0,0,0,0,0,0,0,2,1,5,6,1,39,7,-1,-1,-1,VAUXHALL CORSA,3,-1,0,-1
2023041319526,2023,041319526,2,9,0,18,19,5,3,0,0,1,0,1,0,0,2,1,5,6,2,34,6,1398,1,7,VAUXHALL CORSA,3,E01025232,0,-1
2023421323398,2023,421323398,1,9,0,13,13,1,5,0,0,0,0,0,0,0,3,1,6,6,1,-1,-1,1364,1,15,VAUXHALL CORSA,-1,-1,0,-1
2023010484537,2023,010484537,2,9,0,99,99,9,9,99,99,9,9,99,9,99,1,9,6,6,3,-1,-1,1229,1,15,VAUXHALL CORSA,4,E01002425,0,-1
2023421371198,2023,421371198,1,9,0,13,13,1,4,0,0,0,0,0,1,4,4,1,2,2,1,40,7,1398,1,5,VAUXHALL CORSA,3,E01021641,0,-1
2023501318272,2023,501318272,1,9,0,16,19,2,4,0,0,0,1,0,0,0,3,1,6,6,1,17,4,1398,1,7,VAUXHALL CORSA,4,E01018773,0,-1
2023302300542,2023,302300542,1,9,0,18,19,8,4,0,0,4,0,0,0,0,1,1,6,6,1,19,4,1199,1,0,VAUXHALL CORSA,1,E01013535,0,-1
2023041263118,2023,041263118,1,9,0,18,19,2,8,0,0,0,0,0,0,0,2,1,6,6,1,40,7,1229,1,15,VAUXHALL CORSA,9,E01025342,0,-1
2023531375761,2023,531375761,1,9,0,5,5,3,7,0,0,0,0,0,0,0,1,1,6,6,2,47,8,1398,1,5,VAUXHALL CORSA,3,E01022284,0,-1
2023010455840,2023,010455840,1,9,0,4,4,1,5,0,0,1,0,0,0,0,1,1,2,2,2,23,5,1398,1,10,VAUXHALL CORSA,2,E01001464,0,-1
2023010461073,2023,010461073,1,9,0,7,7,3,5,0,0,1,0,0,0,0,1,1,2,2,1,27,6,1199,1,3,VAUXHALL CORSA,2,E01001940,0,-1
2023131298084,2023,131298084,2,9,0,18,19,4,8,0,0,0,1,0,7,11,4,1,6,6,1,53,8,1398,1,4,VAUXHALL CORSA,4,E01011007,0,-1
2023430574799,2023,430574799,1,9,0,18,19,8,4,0,0,0,0,0,0,0,3,1,6,6,1,-1,-1,1199,1,4,VAUXHALL CORSA,10,E01016343,0,-1
2023371351671,2023,371351671,2,9,0,18,19,5,1,0,0,0,0,0,0,0,1,1,6,6,2,36,7,1229,1,14,VAUXHALL CORSA,6,E01030005,0,-1
2023531346935,2023,531346935,1,9,0,7,7,5,1,0,0,6,0,0,0,0,1,1,1,1,2,73,10,1248,2,14,VAUXHALL CORSA,3,E01022254,0,-1
2023311370976,2023,311370976,2,9,0,2,2,0,0,9,9,1,0,0,0,0,2,1,6,6,3,-1,-1,1364,1,5,VAUXHALL CORSA,-1,-1,0,-1
2023320179640,2023,320179640,1,9,0,18,19,6,2,0,0,1,0,0,0,0,1,1,6,6,1,63,9,973,1,20,VAUXHALL CORSA,1,E01026173,0,-1
2023440325781,2023,440325781,1,9,0,18,19,2,6,0,0,0,1,0,0,0,1,1,6,6,2,27,6,1364,1,16,VAUXHALL CORSA,5,E01022556,0,-1
2023440178672,2023,440178672,2,9,0,18,19,1,5,0,0,0,0,0,0,0,2,1,6,6,1,18,4,1229,1,16,VAUXHALL CORSA,10,E01032616,0,-1
2023010437949,2023,010437949,1,9,0,7,7,5,8,0,0,8,0,0,0,0,1,1,6,6,1,45,7,-1,3,2,VAUXHALL CORSA,5,E01003340,0,-1
2023461366365,2023,461366365,1,9,0,5,5,7,3,2,2,0,0,0,0,0,3,1,6,6,1,19,4,1364,1,4,VAUXHALL CORSA,6,E01024530,0,-1
2023311355938,2023,311355938,1,9,0,18,19,7,3,0,0,0,0,4,0,0,1,1,6,6,2,19,4,1199,1,2,VAUXHALL CORSA,5,E01026373,0,-1
2023170L21253,2023,170L21253,1,9,0,18,19,7,3,0,0,0,0,0,0,0,1,1,6,6,1,19,4,1199,1,1,VAUXHALL CORSA,1,E01012088,0,-1
2023061327940,2023,061327940,2,9,0,12,12,3,7,0,0,0,0,0,0,0,1,1,6,6,2,24,5,1398,1,6,VAUXHALL CORSA,3,W01000127,0,-1
2023052301220,2023,052301220,1,9,0,18,19,3,7,0,0,0,0,0,2,4,4,1,6,6,1,22,5,1229,1,8,VAUXHALL CORSA,1,E01006442,0,-1
2023010463815,2023,010463815,1,9,0,18,19,7,3,1,1,0,0,4,0,0,4,1,6,6,2,40,7,1364,1,15,VAUXHALL CORSA,2,E01003236,0,-1
2023351402897,2023,351402897,2,9,0,18,19,5,1,0,0,8,0,0,0,0,1,1,6,6,2,19,4,1364,1,15,VAUXHALL CORSA,5,E01018059,0,-1
2023010477094,2023,010477094,2,9,0,99,99,9,9,99,99,9,9,99,9,99,9,9,6,6,1,33,6,1229,1,15,VAUXHALL CORSA,-1,-1,0,-1
2023010484787,2023,010484787,1,9,0,99,99,9,9,99,99,9,9,99,9,99,2,9,6,6,1,34,6,1389,1,19,VAUXHALL CORSA,2,E01003501,0,-1
2023010441827,2023,010441827,2,9,0,99,99,9,9,99,99,9,9,99,9,99,1,9,6,6,3,-1,-1,1229,1,9,VAUXHALL CORSA,-1,-1,0,-1
2023302300551,2023,302300551,3,9,0,18,19,8,4,0,0,1,0,0,0,0,1,1,6,6,1,47,8,1229,1,17,VAUXHALL CORSA,9,E01019835,0,-1
2023201323154,2023,201323154,1,9,0,18,19,6,6,0,0,0,0,10,0,0,1,1,6,6,1,21,5,1199,1,2,VAUXHALL CORSA,1,E01009013,0,-1
2023010483939,2023,010483939,2,9,0,99,99,9,9,99,99,9,9,99,9,99,9,9,6,6,2,33,6,1199,1,3,VAUXHALL CORSA,4,E01001939,0,-1
2023631319130,2023,631319130,1,9,0,18,19,8,4,0,0,0,5,0,1,1,4,1,2,2,1,32,6,1199,1,1,VAUXHALL CORSA,8,W01001242,0,-1
2023351362149,2023,351362149,2,9,0,18,19,8,4,0,0,0,0,0,0,0,3,1,2,2,2,37,7,1229,1,9,VAUXHALL CORSA,8,E01026977,0,-1
2023440032798,2023,440032798,1,9,0,18,19,7,3,0,0,8,0,0,0,0,3,1,6,6,2,21,5,1364,1,15,VAUXHALL CORSA,1,E01017154,0,-1
2023430062450,2023,430062450,2,9,0,18,19,8,4,0,0,2,0,0,7,0,1,1,1,1,2,26,6,1229,1,14,VAUXHALL CORSA,5,E01016554,0,-1
2023631343468,2023,631343468,1,9,0,4,4,4,8,0,0,0,0,0,7,11,2,1,5,6,1,18,4,1229,1,17,VAUXHALL CORSA,8,W01000447,0,-1
2023421338356,2023,421338356,1,9,0,18,19,5,1,0,0,0,0,0,0,0,1,1,6,6,1,22,5,1364,1,15,VAUXHALL CORSA,5,E01015859,0,-1
2023552301193,2023,552301193,1,9,0,18,19,2,6,0,0,0,0,0,0,0,1,1,6,6,2,25,5,998,1,11,VAUXHALL CORSA,10,E01020384,0,-1
2023411414574,2023,411414574,2,9,0,3,3,8,4,0,0,0,0,0,0,0,2,1,6,6,1,53,8,1229,1,16,VAUXHALL CORSA,5,E01023788,0,-1
2023610004523,2023,610004523,1,9,0,4,4,5,1,0,0,0,0,0,0,0,2,1,6,6,2,29,6,1199,1,2,VAUXHALL CORSA,8,W01001517,0,-1
202360A087840,2023,60A087840,1,9,0,17,19,4,8,0,0,0,1,0,2,4,1,1,6,6,2,25,5,1398,1,6,VAUXHALL CORSA,-1,-1,0,-1
2023440244204,2023,440244204,2,9,0,3,3,2,6,0,0,1,0,0,0,0,3,1,6,6,1,53,8,1229,1,16,VAUXHALL CORSA,8,E01023215,0,-1
2023070473712,2023,070473712,1,9,0,18,19,5,1,0,0,4,0,0,0,0,3,1,6,6,2,29,6,1229,1,17,VAUXHALL CORSA,4,E01018647,0,-1
2023552301403,2023,552301403,2,9,0,18,19,8,4,0,0,0,0,0,0,0,4,1,6,6,2,42,7,1229,1,14,VAUXHALL CORSA,2,E01015304,0,-1
2023161382080,2023,161382080,2,9,0,18,19,5,2,0,0,0,0,0,0,0,1,1,6,6,1,34,6,1229,1,12,VAUXHALL CORSA,8,E01013033,0,-1
2023201385613,2023,201385613,1,9,0,3,3,5,6,0,0,1,0,0,0,0,2,1,6,6,2,53,8,1398,1,12,VAUXHALL CORSA,6,E01008925,0,-1
2023111348347,2023,111348347,1,9,0,18,19,2,6,0,0,2,0,0,0,0,4,1,6,6,2,50,8,1229,1,11,VAUXHALL CORSA,6,E01020619,0,-1
2023311305479,2023,311305479,1,9,0,7,7,5,1,0,0,5,0,0,0,0,2,1,5,6,2,19,4,1248,2,14,VAUXHALL CORSA,2,E01027958,0,-1
2023501342705,2023,501342705,1,9,0,10,10,5,1,0,0,1,0,0,0,0,4,1,6,6,2,18,4,1229,1,15,VAUXHALL CORSA,6,E01020142,0,-1
2023501326773,2023,501326773,3,9,0,2,2,0,0,0,0,0,0,0,0,0,0,1,6,6,3,30,6,1199,1,3,VAUXHALL CORSA,-1,-1,0,-1
2023991356208,2023,991356208,1,9,0,18,19,6,3,0,0,1,0,0,7,0,4,1,5,6,1,32,6,1199,1,0,VAUXHALL CORSA,-1,-1,0,-1
2023461348825,2023,461348825,1,9,0,18,19,5,7,0,0,0,5,11,1,0,1,1,6,6,1,18,4,1229,1,9,VAUXHALL CORSA,6,E01000329,0,-1
2023991380989,2023,991380989,1,9,0,17,19,5,1,0,0,0,0,0,0,0,3,1,6,6,2,21,5,1398,1,8,VAUXHALL CORSA,8,-1,0,-1
2023320470692,2023,320470692,1,9,0,9,9,4,2,0,0,5,1,0,8,0,4,1,6,6,2,41,7,1199,1,2,VAUXHALL CORSA,-1,-1,0,-1
2023101267801,2023,101267801,1,9,0,18,19,1,5,0,0,0,0,0,0,0,1,1,2,2,2,24,5,1364,1,7,VAUXHALL CORSA,6,E01008195,0,-1
2023332300360,2023,332300360,2,9,0,2,2,0,0,6,6,0,0,0,0,0,4,1,6,6,3,-1,-1,1199,1,2,VAUXHALL CORSA,-1,-1,0,-1
2023131286344,2023,131286344,2,9,0,18,19,7,7,0,0,8,0,0,0,0,1,1,5,6,1,19,4,1364,1,14,VAUXHALL CORSA,1,E01011559,0,-1
2023061274036,2023,061274036,2,9,0,9,9,2,1,0,0,1,0,0,0,0,2,1,2,2,2,46,8,1398,1,12,VAUXHALL CORSA,10,E01006347,0,-1
2023631313482,2023,631313482,1,9,0,9,9,6,4,0,0,5,5,4,7,0,4,1,1,1,2,17,4,1229,1,12,VAUXHALL CORSA,7,W01000507,0,-1
2023201277841,2023,201277841,2,9,0,7,7,4,6,0,0,6,0,0,0,0,1,1,6,6,2,21,5,1398,1,7,VAUXHALL CORSA,5,E01009248,0,-1
2023010486802,2023,010486802,2,9,0,18,19,1,5,0,0,1,0,0,0,0,2,1,6,6,2,47,8,1398,1,10,VAUXHALL CORSA,8,E01002210,0,-1
2023101290259,2023,101290259,1,9,0,18,19,7,3,0,0,0,1,7,5,0,3,1,2,2,2,37,7,1248,2,13,VAUXHALL CORSA,2,E01008324,0,-1
2023010427135,2023,010427135,2,9,0,99,99,9,9,99,99,9,9,99,9,99,2,9,6,6,3,-1,-1,-1,-1,-1,VAUXHALL CORSA,5,E01023303,0,-1
2023010432767,2023,010432767,1,9,0,99,99,9,9,99,99,9,9,99,9,99,2,9,6,6,2,29,6,1364,1,16,VAUXHALL CORSA,6,E01002485,0,-1
2023461339444,2023,461339444,1,9,0,18,19,6,1,0,0,0,5,0,0,0,3,1,6,6,1,18,4,1229,1,13,VAUXHALL CORSA,6,E01016113,0,-1
2023461360915,2023,461360915,1,9,0,18,19,8,4,0,0,0,0,0,0,0,1,1,2,2,1,-1,-1,1248,2,12,VAUXHALL CORSA,7,E01024252,0,-1
2023401394245,2023,401394245,1,9,0,18,19,7,3,0,0,8,0,0,0,0,1,1,5,6,1,22,5,1229,1,10,VAUXHALL CORSA,2,E01015704,0,-1
2023041373655,2023,041373655,2,9,0,18,19,3,7,0,0,8,1,0,1,11,1,1,1,1,1,43,7,1398,1,13,VAUXHALL CORSA,1,E01025287,0,-1
2023461290819,2023,461290819,1,9,0,18,19,3,7,0,0,8,0,0,0,0,2,1,6,6,1,18,4,1229,1,15,VAUXHALL CORSA,5,E01024503,0,-1
2023991292841,2023,991292841,1,9,0,16,19,5,3,0,0,1,0,0,0,0,1,1,5,6,1,30,6,1398,1,8,VAUXHALL CORSA,7,-1,0,-1
2023041271100,2023,041271100,1,9,0,12,12,6,2,8,6,0,0,0,2,0,1,1,5,6,1,18,4,1398,1,11,VAUXHALL CORSA,2,E01025229,0,-1
2023010484154,2023,010484154,1,9,0,11,11,8,4,0,0,0,0,0,2,7,4,1,6,6,1,22,5,1229,1,14,VAUXHALL CORSA,5,E01000240,0,-1
2023201384285,2023,201384285,1,9,0,18,19,6,2,0,0,0,0,4,0,0,1,1,6,6,1,22,5,1229,1,15,VAUXHALL CORSA,1,E01009128,0,-1
2023520400668,2023,520400668,1,9,0,16,19,5,1,0,0,0,5,0,7,9,1,1,6,6,2,22,5,1229,1,14,VAUXHALL CORSA,2,E01029311,0,-1
2023201277651,2023,201277651,2,9,0,5,5,7,3,0,0,8,0,0,0,0,1,1,6,6,2,40,7,1398,1,5,VAUXHALL CORSA,1,E01009475,0,-1
2023010473248,2023,010473248,1,9,0,18,19,7,3,0,0,2,0,0,0,0,1,1,6,6,1,37,7,1229,1,18,VAUXHALL CORSA,8,E01004160,0,-1
2023461376710,2023,461376710,1,9,0,18,19,2,1,0,0,3,1,0,1,10,1,1,5,6,2,34,6,1229,1,13,VAUXHALL CORSA,2,E01023975,0,-1
2023320581195,2023,320581195,1,9,0,18,19,8,4,0,0,2,0,0,1,4,3,1,6,6,1,51,8,1398,1,5,VAUXHALL CORSA,6,E01016312,0,-1
2023061321053,2023,061321053,1,9,0,9,9,1,1,0,0,1,0,7,1,10,1,1,5,6,2,19,4,1398,1,7,VAUXHALL CORSA,7,E01006252,0,-1
2023411306699,2023,411306699,1,9,0,18,19,1,5,0,0,0,1,0,0,0,1,1,6,6,1,62,9,1398,1,5,VAUXHALL CORSA,8,E01030698,0,-1
2023991349911,2023,991349911,1,9,0,5,5,2,7,0,0,0,0,0,0,0,1,1,2,2,1,35,6,1398,1,7,VAUXHALL CORSA,-1,-1,0,-1
2023010474612,2023,010474612,1,9,0,99,99,9,9,99,99,9,9,99,9,99,2,9,6,6,2,28,6,1229,1,10,VAUXHALL CORSA,4,E01003029,0,-1
2023440061263,2023,440061263,1,9,0,18,19,1,5,0,0,1,0,0,0,0,1,1,6,6,2,53,8,1229,1,14,VAUXHALL CORSA,10,E01022740,0,-1
2023131369927,2023,131369927,1,9,0,18,19,3,7,5,5,0,0,0,0,0,2,1,6,6,1,64,9,1199,1,4,VAUXHALL CORSA,1,E01011721,0,-1
2023421387367,2023,421387367,1,9,0,18,19,6,2,5,5,0,0,0,1,4,1,1,5,6,1,58,9,1398,1,6,VAUXHALL CORSA,3,E01021427,0,-1
2023471323230,2023,471323230,2,9,0,18,19,3,7,0,0,8,0,0,0,0,2,1,6,6,1,57,9,1229,1,10,VAUXHALL CORSA,6,E01020529,0,-1
2023161348285,2023,161348285,1,9,0,9,9,7,5,0,0,6,0,0,0,0,1,1,6,6,1,-1,-1,1229,1,11,VAUXHALL CORSA,4,E01013207,0,-1
2023451381667,2023,451381667,3,9,0,2,2,0,0,0,0,0,0,0,0,0,2,1,6,6,3,-1,-1,1229,1,12,VAUXHALL CORSA,-1,-1,0,-1
2023421291428,2023,421291428,2,9,0,4,4,3,7,0,0,1,0,0,7,0,2,1,5,6,1,55,8,998,1,10,VAUXHALL CORSA,6,E01021979,0,-1
2023141369328,2023,141369328,2,9,0,9,9,6,3,0,0,2,0,0,1,0,1,1,6,6,2,68,10,1398,1,13,VAUXHALL CORSA,1,E01007474,0,-1
2023052302981,2023,052302981,1,9,0,18,19,3,7,0,0,1,0,0,0,0,3,1,6,6,1,80,11,1229,1,10,VAUXHALL CORSA,7,E01006940,0,-1
2023052301134,2023,052301134,1,9,0,9,9,7,5,0,0,8,0,0,0,0,1,1,6,6,1,72,10,1364,1,14,VAUXHALL CORSA,1,E01007228,0,-1
2023371286045,2023,371286045,1,9,0,9,9,3,1,0,0,0,0,0,0,0,1,1,5,6,1,60,9,1199,1,19,VAUXHALL CORSA,10,E01030050,0,-1
2023131324234,2023,131324234,1,9,0,7,7,5,7,0,0,1,0,0,0,0,1,1,1,1,2,25,5,998,1,13,VAUXHALL CORSA,7,E01010976,0,-1
2023531353743,2023,531353743,2,9,0,18,19,1,5,0,0,0,0,0,0,0,3,1,6,6,1,29,6,1248,2,11,VAUXHALL CORSA,-1,-1,0,-1
2023991328761,2023,991328761,1,9,0,18,19,3,7,0,0,6,0,0,1,2,3,1,6,6,2,41,7,1398,1,4,VAUXHALL CORSA,-1,-1,0,-1
2023010450168,2023,010450168,1,9,0,18,19,4,8,0,0,2,0,0,0,0,3,1,6,6,1,21,5,1398,1,6,VAUXHALL CORSA,3,E01004020,0,-1
2023421398366,2023,421398366,2,9,0,3,3,-1,-1,0,0,0,0,0,0,0,1,1,6,6,2,18,4,1398,1,8,VAUXHALL CORSA,6,E01021313,0,-1
2023161364069,2023,161364069,1,9,0,18,19,7,3,0,0,0,0,0,0,0,3,1,6,6,2,46,8,1364,1,16,VAUXHALL CORSA,6,E01012922,0,-1
2023501345600,2023,501345600,1,9,0,11,11,3,7,0,0,0,1,0,0,0,1,1,5,6,2,20,4,1389,1,20,VAUXHALL CORSA,9,E01019906,0,-1
2023991300848,2023,991300848,2,9,0,18,19,7,3,0,0,8,0,0,0,0,1,1,6,6,1,63,9,1398,1,4,VAUXHALL CORSA,-1,-1,0,-1
2023351372897,2023,351372897,1,9,0,9,9,3,1,0,0,1,0,0,0,0,1,1,6,6,2,55,8,1398,1,5,VAUXHALL CORSA,8,E01018203,0,-1
2023401377616,2023,401377616,1,9,0,18,19,5,5,0,0,1,2,0,0,0,1,1,5,6,1,31,6,1229,1,19,VAUXHALL CORSA,4,E01002607,0,-1
2023041259721,2023,041259721,1,9,0,9,9,3,8,0,0,1,0,0,0,0,1,2,5,6,2,22,5,1398,1,7,VAUXHALL CORSA,9,E01025253,0,-1
2023101391813,2023,101391813,2,9,0,18,19,2,6,0,0,0,0,0,0,0,4,1,5,6,2,48,8,1398,1,7,VAUXHALL CORSA,1,E01008170,0,-1
2023161313431,2023,161313431,1,9,0,4,4,1,5,0,0,1,0,0,0,0,1,1,5,6,1,47,8,1229,1,10,VAUXHALL CORSA,6,E01013318,0,-1
2023201284731,2023,201284731,2,9,0,18,19,5,1,0,0,8,0,0,0,0,3,1,6,6,1,44,7,1364,1,16,VAUXHALL CORSA,2,E01009991,0,-1
2023131388392,2023,131388392,1,9,0,9,9,7,5,0,0,8,0,0,0,0,4,1,5,6,2,25,5,1364,1,15,VAUXHALL CORSA,1,E01010811,0,-1
2023991263477,2023,991263477,2,9,0,18,19,5,1,0,0,1,0,0,0,0,2,1,2,2,1,63,9,1398,1,8,VAUXHALL CORSA,6,-1,0,-1
2023101341272,2023,101341272,2,9,0,9,9,7,3,0,0,1,0,0,0,0,2,1,1,1,1,23,5,1248,2,8,VAUXHALL CORSA,3,E01008298,0,-1
2023231320871,2023,231320871,1,9,0,18,19,6,2,0,0,0,0,0,0,0,1,1,5,6,2,59,9,1398,1,8,VAUXHALL CORSA,5,E01031171,0,-1
2023546472923,2023,546472923,1,9,0,18,19,2,4,0,0,0,0,0,0,0,1,1,6,6,2,56,9,1398,1,13,VAUXHALL CORSA,6,E01032696,0,-1
2023061326859,2023,061326859,1,9,0,18,19,1,5,0,0,1,0,0,0,0,2,1,6,6,3,30,6,1398,1,4,VAUXHALL CORSA,-1,-1,0,-1
2023231275728,2023,231275728,1,9,0,18,19,3,7,0,0,0,5,0,1,9,1,1,5,6,1,32,6,1229,1,12,VAUXHALL CORSA,7,E01031038,0,-1
2023131320068,2023,131320068,1,9,0,18,19,1,5,0,0,1,0,0,0,0,1,1,5,6,1,20,4,1229,1,11,VAUXHALL CORSA,1,E01011340,0,-1
2023061340135,2023,061340135,2,9,0,3,3,4,8,0,0,1,0,0,0,0,2,1,2,2,2,19,4,1229,1,13,VAUXHALL CORSA,3,E01004766,0,-1
2023010431521,2023,010431521,1,9,0,18,19,4,8,0,0,1,0,7,0,0,1,1,6,6,1,33,6,1199,1,1,VAUXHALL CORSA,8,E01003138,0,-1
2023201371612,2023,201371612,1,9,0,12,12,4,8,0,0,0,0,0,0,0,1,1,6,6,1,32,6,1598,1,7,VAUXHALL CORSA,2,E01009265,0,-1
2023010462491,2023,010462491,2,9,0,99,99,9,9,99,99,9,9,99,9,99,9,9,6,6,1,-1,-1,1598,1,15,VAUXHALL CORSA,2,E01021322,0,-1
2023010436497,2023,010436497,1,9,0,18,19,3,7,0,0,0,5,0,1,2,1,1,6,6,1,47,8,1229,1,16,VAUXHALL CORSA,2,E01002608,0,-1
2023440387563,2023,440387563,2,9,0,18,19,6,2,0,0,0,0,0,0,0,1,1,6,6,1,36,7,1364,1,15,VAUXHALL CORSA,3,E01031444,0,-1
2023411294441,2023,411294441,2,9,0,3,3,5,7,0,0,4,0,0,0,0,2,1,2,2,2,22,5,1229,1,13,VAUXHALL CORSA,8,E01023639,0,-1
2023451370523,2023,451370523,2,9,0,9,9,7,3,0,0,1,0,0,0,0,4,1,3,7,2,42,7,1199,1,0,VAUXHALL CORSA,5,E01030572,0,-1
2023010475790,2023,010475790,1,9,0,99,99,9,9,99,99,0,9,99,9,99,9,9,2,2,2,23,5,1199,1,2,VAUXHALL CORSA,9,E01031714,0,-1
2023010422824,2023,010422824,1,9,0,18,19,4,8,0,0,0,0,0,0,0,1,1,6,6,1,25,5,1398,1,5,VAUXHALL CORSA,2,E01001361,0,-1
2023371370284,2023,371370284,1,9,0,18,19,5,1,0,0,1,0,0,0,0,1,1,6,6,1,29,6,1398,1,4,VAUXHALL CORSA,3,E01030025,0,-1