collision_index,collision_year,collision_ref_no,vehicle_reference,vehicle_type,towing_and_articulation,vehicle_manoeuvre_historic,vehicle_manoeuvre,vehicle_direction_from,vehicle_direction_to,vehicle_location_restricted_lane_historic,vehicle_location_restricted_lane,junction_location,skidding_and_overturning,hit_object_in_carriageway,vehicle_leaving_carriageway,hit_object_off_carriageway,first_point_of_impact,vehicle_left_hand_drive,journey_purpose_of_driver_historic,journey_purpose_of_driver,sex_of_driver,age_of_driver,age_band_of_driver,engine_capacity_cc,propulsion_code,age_of_vehicle,generic_make_model,driver_imd_decile,lsoa_of_driver,escooter_flag,driver_distance_banding
2023461286305,2023,461286305,1,9,0,16,19,5,1,0,0,1,1,11,3,0,1,1,5,6,1,29,6,1229,1,15,VAUXHALL CORSA,-1,-1,0,-1
2023421339826,2023,421339826,1,9,0,16,19,6,8,0,0,0,1,0,0,0,1,1,2,2,1,33,6,1362,1,10,VAUXHALL CORSA,3,E01021303,0,-1
2023231326509,2023,231326509,1,9,0,9,9,8,6,0,0,5,0,0,0,0,2,1,5,6,1,36,7,1364,1,15,VAUXHALL CORSA,4,E01009658,0,-1
2023351297498,2023,351297498,2,9,0,3,3,2,6,0,0,0,0,0,0,0,2,1,6,6,1,42,7,1199,1,1,VAUXHALL CORSA,5,E01033176,0,-1
2023131293016,2023,131293016,1,9,0,5,5,1,5,0,0,5,0,0,0,0,4,1,5,6,2,26,6,1248,2,11,VAUXHALL CORSA,4,E01010727,0,-1
2023430146825,2023,430146825,3,9,0,18,19,7,3,0,0,1,0,0,0,0,2,1,6,6,2,25,5,1398,1,7,VAUXHALL CORSA,7,E01016402,0,-1
2023461272970,2023,461272970,1,9,0,18,19,5,1,0,0,0,2,0,0,0,1,1,6,6,1,19,4,1229,1,10,VAUXHALL CORSA,6,E01020999,0,-1
2023161360306,2023,161360306,1,9,0,9,9,3,7,2,2,1,0,0,0,0,1,1,5,6,3,18,4,1229,1,11,VAUXHALL CORSA,3,E01012832,0,-1
2023991291349,2023,991291349,1,9,0,18,19,8,5,0,0,0,0,0,0,0,1,1,6,6,2,57,9,1398,1,9,VAUXHALL CORSA,2,-1,0,-1
2023201390261,2023,201390261,2,9,0,12,12,6,2,0,0,8,0,0,0,0,1,1,6,6,1,24,5,1199,1,1,VAUXHALL CORSA,-1,-1,0,-1
2023010439021,2023,010439021,2,9,0,99,99,9,9,99,99,9,9,99,9,99,9,9,6,6,3,-1,-1,1199,1,3,VAUXHALL CORSA,-1,-1,0,-1
2023101291834,2023,101291834,1,9,-1,18,19,2,6,0,0,6,0,0,0,0,1,1,6,6,1,-1,-1,1229,1,13,VAUXHALL CORSA,-1,-1,0,-1
2023430510692,2023,430510692,1,9,0,18,19,5,1,0,0,1,0,0,0,0,1,1,6,6,2,20,4,998,1,13,VAUXHALL CORSA,-1,-1,0,-1
2023041311504,2023,041311504,1,9,0,18,19,1,5,0,0,0,0,0,0,0,1,1,5,6,1,37,7,998,1,12,VAUXHALL CORSA,6,E01025401,0,-1
2023010450374,2023,010450374,2,9,0,1,1,7,3,0,0,1,0,0,0,0,1,1,6,6,1,18,4,1229,1,12,VAUXHALL CORSA,4,E01003353,0,-1
2023170L20493,2023,170L20493,1,9,0,3,3,6,2,0,0,1,0,0,0,0,2,1,6,6,2,27,6,1398,1,7,VAUXHALL CORSA,1,E01012112,0,-1
2023201387415,2023,201387415,2,9,0,4,4,3,7,0,0,0,0,0,0,0,2,1,6,6,2,26,6,1398,1,7,VAUXHALL CORSA,1,E01009483,0,-1
2023411395162,2023,411395162,2,9,0,18,19,3,7,0,0,0,0,0,0,0,1,1,6,6,1,53,8,998,1,12,VAUXHALL CORSA,10,E01023948,0,-1
2023161319162,2023,161319162,1,9,0,16,19,2,5,0,0,0,2,10,1,0,4,2,5,6,1,19,4,1398,1,11,VAUXHALL CORSA,6,E01013021,0,-1
2023221281738,2023,221281738,1,9,0,18,19,4,1,0,0,0,0,10,7,10,1,1,6,6,1,21,5,1229,1,14,VAUXHALL CORSA,4,E01014011,0,-1
2023221380366,2023,221380366,1,9,0,18,19,7,4,0,0,0,1,0,2,4,1,1,6,6,1,20,4,1398,1,10,VAUXHALL CORSA,5,E01028980,0,-1
2023170S12303,2023,170S12303,1,9,0,2,2,0,0,0,0,0,0,0,0,0,2,1,6,6,1,21,5,1229,1,14,VAUXHALL CORSA,2,E01012274,0,-1
2023161374342,2023,161374342,2,9,0,18,19,4,1,0,0,1,0,0,0,0,1,1,2,2,1,59,9,1229,1,11,VAUXHALL CORSA,3,E01012795,0,-1
2023332300500,2023,332300500,1,9,0,11,11,5,1,0,0,2,0,0,0,0,2,1,2,2,2,20,4,1229,1,17,VAUXHALL CORSA,1,E01013652,0,-1
2023320058351,2023,320058351,1,9,0,18,19,5,1,0,0,0,5,0,7,11,1,1,2,2,1,23,5,1229,1,16,VAUXHALL CORSA,3,E01026353,0,-1
2023070735284,2023,070735284,2,9,0,7,7,1,4,0,0,8,0,0,0,0,2,1,6,6,2,33,6,1199,1,1,VAUXHALL CORSA,4,E01018329,0,-1
2023421294775,2023,421294775,1,9,0,18,19,6,2,0,0,0,0,0,7,0,4,1,6,6,1,36,7,1229,1,17,VAUXHALL CORSA,5,E01021387,0,-1
2023440491679,2023,440491679,1,9,0,18,19,8,4,0,0,1,1,0,0,0,1,1,2,2,2,76,11,-1,3,3,VAUXHALL CORSA,10,E01022521,0,-1
2023010424950,2023,010424950,1,9,0,18,19,5,1,0,0,8,0,0,0,0,3,1,6,6,1,38,7,1199,1,3,VAUXHALL CORSA,4,E01002179,0,-1
2023991298913,2023,991298913,4,9,0,2,2,0,0,9,9,0,0,0,0,0,2,1,6,6,3,-1,-1,1199,1,3,VAUXHALL CORSA,-1,-1,0,-1
2023010473809,2023,010473809,1,9,0,99,99,9,9,99,99,9,9,99,9,99,2,9,6,6,2,25,5,1398,1,10,VAUXHALL CORSA,3,E01002526,0,-1
2023010427209,2023,010427209,1,9,0,18,19,2,6,0,0,0,5,4,0,0,1,1,2,2,1,22,5,1229,1,9,VAUXHALL CORSA,7,E01001027,0,-1
2023052302788,2023,052302788,1,9,0,10,10,5,6,0,0,8,0,0,0,0,1,1,6,6,2,64,9,1229,1,15,VAUXHALL CORSA,4,E01007302,0,-1
2023332300348,2023,332300348,1,9,0,18,19,4,8,0,0,8,0,0,0,0,1,1,6,6,3,-1,-1,1248,2,12,VAUXHALL CORSA,-1,-1,0,-1
2023070476444,2023,070476444,1,9,0,5,5,3,7,0,0,1,1,0,0,0,2,1,6,6,1,18,4,998,1,14,VAUXHALL CORSA,6,E01012423,0,-1
2023141376878,2023,141376878,2,9,0,9,9,1,5,0,0,1,0,0,0,0,3,1,5,6,1,23,5,1248,2,14,VAUXHALL CORSA,9,E01027882,0,-1
2023131348954,2023,131348954,1,9,0,17,19,6,6,0,0,0,2,0,7,0,3,1,6,6,1,42,7,998,1,12,VAUXHALL CORSA,3,E01007346,0,-1
2023010445618,2023,010445618,1,9,3,7,7,1,3,0,0,6,0,0,0,0,4,1,6,6,2,31,6,1199,1,3,VAUXHALL CORSA,7,E01017524,0,-1
2023430053884,2023,430053884,1,9,0,18,19,7,3,0,0,2,0,0,0,0,1,1,6,6,2,75,10,1398,1,9,VAUXHALL CORSA,9,E01028798,0,-1
2023070054936,2023,070054936,2,9,0,3,3,8,8,0,0,1,0,0,0,0,2,1,1,1,2,27,6,1398,1,7,VAUXHALL CORSA,6,E01006255,0,-1
2023461315430,2023,461315430,2,9,0,4,4,-1,-1,0,0,0,0,0,0,0,2,1,5,6,1,66,10,1199,1,2,VAUXHALL CORSA,6,E01024491,0,-1
2023501365311,2023,501365311,1,9,0,18,19,1,5,0,0,0,2,0,1,10,3,1,5,6,1,17,4,1362,1,9,VAUXHALL CORSA,9,E01020266,0,-1
2023131342861,2023,131342861,1,9,0,5,5,5,1,0,0,8,0,0,0,0,3,1,6,6,1,16,4,1364,1,16,VAUXHALL CORSA,1,E01010943,0,-1
2023461310781,2023,461310781,1,9,0,4,4,7,3,0,0,8,0,0,0,0,2,1,6,6,2,-1,-1,1389,1,19,VAUXHALL CORSA,4,E01016130,0,-1
2023340WN0612,2023,340WN0612,1,9,0,5,5,5,1,0,0,4,0,0,0,0,1,1,6,6,2,-1,-1,1199,1,3,VAUXHALL CORSA,10,E01023214,0,-1
2023131392039,2023,131392039,2,9,0,18,19,7,3,0,0,2,0,0,6,0,2,1,6,6,2,32,6,1398,1,4,VAUXHALL CORSA,2,E01011250,0,-1
2023461373046,2023,461373046,2,9,0,10,10,7,3,0,0,5,0,0,0,0,2,1,5,6,1,21,5,1398,1,5,VAUXHALL CORSA,3,E01024149,0,-1
2023061317318,2023,061317318,2,9,0,18,19,7,3,0,0,0,0,0,0,0,2,1,6,6,2,21,5,998,1,11,VAUXHALL CORSA,-1,-1,0,-1
2023991311888,2023,991311888,2,9,0,2,2,4,6,0,0,2,0,0,0,0,3,1,5,6,2,43,7,1398,1,4,VAUXHALL CORSA,2,-1,0,-1
2023610031423,2023,610031423,2,9,0,17,19,4,1,0,0,1,0,0,0,0,1,1,2,2,1,37,7,1199,1,2,VAUXHALL CORSA,-1,-1,0,-1
2023991377328,2023,991377328,2,9,0,18,19,3,7,0,0,0,0,0,0,0,1,1,5,6,2,43,7,1364,1,14,VAUXHALL CORSA,9,-1,0,-1
2023010482277,2023,010482277,3,9,0,99,99,9,9,99,99,0,9,99,9,99,2,9,6,6,3,-1,-1,1364,1,17,VAUXHALL CORSA,-1,-1,0,-1
2023131324327,2023,131324327,1,9,0,18,19,5,1,0,0,0,0,0,8,11,1,1,1,1,1,37,7,-1,3,1,VAUXHALL CORSA,7,E01011614,0,-1
2023631332309,2023,631332309,1,9,0,18,19,4,8,0,0,1,0,0,0,0,1,2,1,1,2,20,4,1229,1,11,VAUXHALL CORSA,4,W01000754,0,-1
2023131260280,2023,131260280,2,9,0,18,19,5,1,0,0,0,0,0,0,0,4,1,5,6,1,18,4,1229,1,10,VAUXHALL CORSA,2,E01011246,0,-1
2023461266917,2023,461266917,1,9,0,18,19,7,3,0,0,0,0,0,0,0,1,1,6,6,1,-1,-1,1364,1,14,VAUXHALL CORSA,3,E01024501,0,-1
2023201289828,2023,201289828,1,9,0,18,19,7,3,0,0,0,5,10,1,4,1,1,6,6,1,43,7,1229,1,15,VAUXHALL CORSA,4,E01010252,0,-1
2023461389469,2023,461389469,2,9,0,18,19,3,7,0,0,5,0,0,0,0,4,1,6,6,2,25,5,1389,1,19,VAUXHALL CORSA,5,E01024282,0,-1
2023010454876,2023,010454876,1,9,0,18,19,5,1,0,0,1,0,0,0,0,1,1,6,6,1,21,5,1398,1,5,VAUXHALL CORSA,7,E01002329,0,-1
2023131353863,2023,131353863,1,9,0,9,9,3,7,0,0,0,0,0,0,0,1,1,5,6,2,72,10,1199,1,3,VAUXHALL CORSA,3,E01010761,0,-1
2023461310352,2023,461310352,1,9,0,17,19,1,5,0,0,0,1,0,7,10,1,1,6,6,1,18,4,1398,1,9,VAUXHALL CORSA,4,E01024566,0,-1
2023211287957,2023,211287957,1,9,0,3,3,5,4,0,0,0,0,0,0,0,1,1,3,7,2,36,7,1229,1,9,VAUXHALL CORSA,6,E01029609,0,-1
2023501397533,2023,501397533,2,9,0,18,19,7,3,0,0,2,0,0,0,0,1,1,6,6,2,18,4,1199,1,20,VAUXHALL CORSA,4,E01020012,0,-1
2023451369045,2023,451369045,1,9,0,18,19,7,3,0,0,0,0,0,0,0,1,1,5,6,1,24,5,1364,1,14,VAUXHALL CORSA,4,E01033320,0,-1
2023522400130,2023,522400130,1,9,0,7,7,6,1,0,0,5,0,0,0,0,1,1,6,6,1,26,6,998,1,12,VAUXHALL CORSA,2,E01014575,0,-1
2023461369621,2023,461369621,1,9,0,17,19,4,6,0,0,0,0,0,0,0,1,1,5,6,1,17,4,1229,1,11,VAUXHALL CORSA,9,E01023993,0,-1
2023221350544,2023,221350544,2,9,0,18,19,7,3,0,0,0,0,0,0,0,1,1,6,6,1,22,5,1248,2,10,VAUXHALL CORSA,9,E01032173,0,-1
2023991338555,2023,991338555,1,9,0,9,9,7,4,0,0,1,0,0,0,0,4,1,6,6,1,56,9,1199,1,2,VAUXHALL CORSA,-1,-1,0,-1
2023201289832,2023,201289832,2,9,0,5,5,7,5,0,0,6,0,0,0,0,1,1,6,6,2,47,8,1398,1,10,VAUXHALL CORSA,3,E01008936,0,-1
2023471328337,2023,471328337,3,9,0,-1,-1,-1,-1,-1,-1,0,-1,-1,-1,0,0,1,6,6,3,-1,-1,999,1,7,VAUXHALL CORSA,-1,-1,0,-1
2023471343592,2023,471343592,1,9,0,12,12,2,6,0,0,0,1,0,6,1,1,1,2,2,1,33,6,1398,1,11,VAUXHALL CORSA,5,E01031574,0,-1
2023371276180,2023,371276180,2,9,0,18,19,2,6,0,0,0,0,0,0,0,2,1,5,6,1,49,8,1362,1,11,VAUXHALL CORSA,2,E01030248,0,-1
2023461375603,2023,461375603,1,9,0,5,5,5,3,0,0,1,0,0,0,0,1,1,6,6,2,50,8,1248,2,11,VAUXHALL CORSA,4,E01024179,0,-1
2023141358062,2023,141358062,1,9,0,18,19,7,3,0,0,8,0,0,0,0,1,1,5,6,1,27,6,1248,2,12,VAUXHALL CORSA,-1,-1,0,-1
2023010480815,2023,010480815,1,9,0,18,19,2,6,0,0,1,0,0,0,0,1,1,2,2,1,21,5,1398,1,11,VAUXHALL CORSA,7,E01002171,0,-1
2023041271419,2023,041271419,1,9,0,9,9,5,3,0,0,8,0,0,0,0,1,1,6,6,1,32,6,1248,2,13,VAUXHALL CORSA,2,E01012630,0,-1
2023371330302,2023,371330302,2,9,0,18,19,2,6,0,0,8,0,0,0,0,1,1,5,6,2,32,6,1398,1,10,VAUXHALL CORSA,4,E01030133,0,-1
2023221318937,2023,221318937,1,9,0,9,9,5,3,0,0,5,0,0,0,0,1,1,6,6,2,73,10,1229,1,9,VAUXHALL CORSA,7,E01010551,0,-1
2023451268908,2023,451268908,2,9,0,5,5,1,5,0,0,4,0,0,0,0,1,1,6,6,2,20,4,1229,1,14,VAUXHALL CORSA,8,E01030347,0,-1
2023351402897,2023,351402897,3,9,0,4,4,5,1,0,0,8,0,1,0,0,1,1,6,6,2,23,5,1362,1,9,VAUXHALL CORSA,8,E01028131,0,-1
2023320228004,2023,320228004,1,9,0,9,9,7,5,0,0,5,0,0,0,0,3,1,1,1,1,42,7,1199,1,20,VAUXHALL CORSA,1,E01026126,0,-1
2023161337845,2023,161337845,1,9,0,18,19,7,3,0,0,0,0,0,0,0,4,1,6,6,1,78,11,1199,1,2,VAUXHALL CORSA,5,E01013107,0,-1
2023451285757,2023,451285757,2,9,0,18,19,1,5,0,0,8,0,0,0,0,1,1,6,6,1,36,7,1229,1,13,VAUXHALL CORSA,3,E01030744,0,-1
2023010484318,2023,010484318,1,9,0,11,11,3,7,0,0,0,0,0,0,0,4,1,2,2,2,20,4,1398,1,12,VAUXHALL CORSA,8,E01002499,0,-1
2023010464862,2023,010464862,1,9,0,9,9,5,3,0,0,5,0,0,0,0,1,1,6,6,2,22,5,1229,1,15,VAUXHALL CORSA,1,E01004273,0,-1
2023461310551,2023,461310551,2,9,0,18,19,4,8,0,0,2,0,0,0,0,4,1,6,6,2,47,8,1229,1,11,VAUXHALL CORSA,6,E01024555,0,-1
2023311319857,2023,311319857,2,9,0,2,2,0,0,0,0,2,0,0,0,0,1,1,6,6,3,-1,-1,1398,1,8,VAUXHALL CORSA,-1,-1,0,-1
2023131269226,2023,131269226,1,9,0,-1,-1,-1,-1,-1,-1,-1,-1,-1,-1,-1,-1,1,6,6,3,-1,-1,998,1,12,VAUXHALL CORSA,-1,-1,0,-1
20231700H1732,2023,1700H1732,1,9,0,18,19,5,5,0,0,2,0,0,0,0,0,1,6,6,2,21,5,1398,1,5,VAUXHALL CORSA,5,E01011968,0,-1
2023440342450,2023,440342450,1,9,0,5,5,5,1,0,0,0,0,0,0,0,1,1,6,6,2,58,9,1199,1,1,VAUXHALL CORSA,8,E01016327,0,-1
2023991263411,2023,991263411,2,9,0,10,10,6,2,0,0,1,0,0,0,0,1,1,5,6,1,18,4,1398,1,4,VAUXHALL CORSA,5,-1,0,-1
2023010451415,2023,010451415,1,9,0,18,19,1,5,9,9,1,1,10,0,0,1,1,6,6,1,78,11,1398,1,11,VAUXHALL CORSA,2,E01003124,0,-1
2023010439861,2023,010439861,1,9,0,9,9,3,8,0,0,8,0,0,0,0,2,1,6,6,1,41,7,1229,1,15,VAUXHALL CORSA,3,E01002599,0,-1
2023461350564,2023,461350564,1,9,0,6,6,8,4,0,0,0,0,0,0,0,3,1,6,6,1,67,10,1199,1,1,VAUXHALL CORSA,6,E01024236,0,-1
2023421319173,2023,421319173,3,9,0,5,5,7,3,0,0,0,0,0,0,0,1,1,6,6,1,-1,-1,1398,1,11,VAUXHALL CORSA,6,E01015961,0,-1
2023401285391,2023,401285391,3,9,0,2,2,0,0,0,0,0,0,0,0,0,1,1,5,6,3,-1,-1,1364,1,14,VAUXHALL CORSA,-1,-1,0,-1
2023141272159,2023,141272159,2,9,0,18,19,4,8,0,0,0,0,0,0,0,3,1,2,2,2,27,6,1199,1,1,VAUXHALL CORSA,7,E01007582,0,-1
2023052300514,2023,052300514,1,9,0,18,19,1,5,0,0,0,0,0,0,0,4,1,6,6,2,52,8,1398,1,6,VAUXHALL CORSA,1,E01007129,0,-1
2023451392082,2023,451392082,1,9,0,18,19,3,7,0,0,0,0,0,0,0,1,1,5,6,2,42,7,1398,1,5,VAUXHALL CORSA,9,E01030916,0,-1
2023010433921,2023,010433921,1,9,0,1,1,5,1,0,0,1,0,0,0,0,2,1,6,6,2,24,5,1398,1,11,VAUXHALL CORSA,7,E01024417,0,-1
2023311316953,2023,311316953,1,9,0,18,19,7,3,0,0,0,5,0,0,0,1,1,5,6,2,40,7,1398,1,4,VAUXHALL CORSA,1,E01026150,0,-1
2023461314005,2023,461314005,2,9,0,18,19,3,2,0,0,0,0,0,1,4,2,1,6,6,1,89,11,1199,1,3,VAUXHALL CORSA,9,E01024275,0,-1
2023991302610,2023,991302610,1,9,0,11,11,5,3,0,0,3,5,0,1,0,4,1,5,6,2,38,7,1398,1,11,VAUXHALL CORSA,1,-1,0,-1
2023131375315,2023,131375315,1,9,0,17,19,1,1,0,0,8,0,0,0,0,1,1,5,6,1,82,11,1229,1,10,VAUXHALL CORSA,6,E01011228,0,-1
2023161358313,2023,161358313,1,9,0,18,19,8,4,0,0,2,0,10,8,11,1,1,5,6,1,18,4,1229,1,19,VAUXHALL CORSA,6,E01013072,0,-1
2023221301870,2023,221301870,2,9,0,3,3,5,8,0,0,1,0,0,0,0,2,1,5,6,2,53,8,1229,1,11,VAUXHALL CORSA,9,E01032125,0,-1
2023440429623,2023,440429623,1,9,0,7,7,3,5,0,0,5,0,0,0,0,1,1,2,2,2,20,4,1229,1,15,VAUXHALL CORSA,3,E01022899,0,-1
2023010430949,2023,010430949,1,9,0,2,2,0,0,9,9,1,0,0,0,0,2,1,6,6,3,-1,-1,1364,1,16,VAUXHALL CORSA,-1,-1,0,-1
2023010476091,2023,010476091,1,9,0,9,9,1,7,0,0,8,0,0,0,0,1,1,6,6,1,38,7,1229,1,12,VAUXHALL CORSA,2,E01002505,0,-1
2023122300946,2023,122300946,1,9,0,18,19,1,5,0,0,0,0,0,0,0,1,1,2,2,1,38,7,1398,1,5,VAUXHALL CORSA,8,E01027896,0,-1
2023430382930,2023,430382930,2,9,0,16,19,5,8,0,0,8,0,0,0,0,1,1,6,6,2,46,8,1199,1,0,VAUXHALL CORSA,2,E01010335,0,-1
2023451290624,2023,451290624,3,9,0,18,19,6,2,0,0,0,0,0,0,0,2,1,5,6,1,93,11,1199,1,19,VAUXHALL CORSA,8,E01024158,0,-1
2023010462787,2023,010462787,1,9,0,99,99,9,9,99,99,0,9,99,9,99,2,9,6,6,2,22,5,1229,1,11,VAUXHALL CORSA,4,E01001355,0,-1
2023991350699,2023,991350699,1,9,0,1,1,3,5,9,9,6,0,0,0,0,2,1,2,2,1,58,9,1229,1,15,VAUXHALL CORSA,4,-1,0,-1
2023201367917,2023,201367917,2,9,0,9,9,4,8,0,0,8,0,0,0,0,4,1,5,6,1,37,7,1364,1,14,VAUXHALL CORSA,2,E01010500,0,-1
2023010434164,2023,010434164,2,9,0,18,19,3,7,0,0,0,0,0,0,0,1,1,6,6,1,-1,-1,1229,1,16,VAUXHALL CORSA,-1,-1,0,-1
2023070276286,2023,070276286,2,9,0,2,2,7,3,0,0,1,0,0,0,0,2,1,6,6,1,19,4,1248,2,16,VAUXHALL CORSA,2,E01018484,0,-1
2023302301141,2023,302301141,1,9,0,18,19,5,1,0,0,0,0,0,0,0,1,1,6,6,1,34,6,1364,1,14,VAUXHALL CORSA,5,E01019733,0,-1
2023031291076,2023,031291076,1,9,0,18,19,5,1,0,0,0,0,0,0,0,1,1,2,2,2,39,7,1364,1,16,VAUXHALL CORSA,2,E01019246,0,-1
2023010485661,2023,010485661,2,9,0,18,19,5,1,0,0,0,0,0,0,0,1,1,6,6,1,23,5,998,1,12,VAUXHALL CORSA,2,E01001172,0,-1
2023421316534,2023,421316534,1,9,0,14,14,7,3,0,0,0,0,0,0,0,4,1,6,6,3,-1,-1,1398,1,8,VAUXHALL CORSA,-1,-1,0,-1
2023461270506,2023,461270506,1,9,0,18,19,1,5,0,0,0,0,0,0,0,1,1,6,6,1,20,4,1364,1,8,VAUXHALL CORSA,6,E01024432,0,-1
2023010485122,2023,010485122,2,9,0,99,99,9,9,99,99,9,9,99,9,99,9,9,6,6,3,-1,-1,1398,1,4,VAUXHALL CORSA,-1,-1,0,-1
2023461367550,2023,461367550,2,9,0,3,3,1,5,0,0,1,0,0,0,0,2,1,6,6,2,21,5,998,1,10,VAUXHALL CORSA,10,E01031734,0,-1
2023451327885,2023,451327885,2,9,0,9,9,7,5,0,0,1,0,0,0,0,1,1,2,2,1,18,4,1229,1,12,VAUXHALL CORSA,9,E01030488,0,-1
2023101260493,2023,101260493,1,9,-1,14,14,6,1,0,0,0,0,0,0,0,3,1,2,2,2,39,7,1398,1,9,VAUXHALL CORSA,9,E01027465,0,-1
2023991382581,2023,991382581,2,9,0,4,4,5,1,0,0,1,0,0,3,0,1,1,6,6,2,74,10,1398,1,8,VAUXHALL CORSA,4,-1,0,-1
2023010477436,2023,010477436,1,9,0,18,19,7,3,0,0,0,0,0,0,0,1,1,6,6,2,62,9,1362,1,8,VAUXHALL CORSA,6,E01001138,0,-1
2023411267944,2023,411267944,2,9,0,3,3,5,1,0,0,0,0,2,0,0,2,1,6,6,2,48,8,1362,1,10,VAUXHALL CORSA,6,E01023746,0,-1
2023411363773,2023,411363773,1,9,-1,-1,-1,-1,-1,-1,-1,-1,-1,-1,-1,0,-1,1,6,6,1,29,6,1364,1,14,VAUXHALL CORSA,5,E01023937,0,-1
2023131285753,2023,131285753,2,9,0,16,19,8,4,0,0,0,0,0,7,11,1,1,5,6,1,21,5,1229,1,18,VAUXHALL CORSA,5,E01011417,0,-1
2023041386886,2023,041386886,2,9,0,16,19,1,5,0,0,0,0,0,0,0,1,1,5,6,1,36,7,1199,1,3,VAUXHALL CORSA,3,E01012677,0,-1
2023010459763,2023,010459763,2,9,0,18,19,7,3,0,0,7,0,0,0,0,3,1,6,6,2,31,6,1199,1,3,VAUXHALL CORSA,2,E01000074,0,-1
2023471341387,2023,471341387,2,9,0,18,19,2,6,0,0,8,0,0,0,0,4,1,5,6,1,69,10,1398,1,8,VAUXHALL CORSA,9,E01031461,0,-1
2023471332626,2023,471332626,2,9,0,18,19,4,7,0,0,4,0,0,0,0,2,1,5,6,1,28,6,1229,1,9,VAUXHALL CORSA,-1,-1,0,-1
2023061266357,2023,061266357,2,9,0,17,19,7,3,0,0,0,0,7,0,0,2,1,6,6,1,19,4,1229,1,11,VAUXHALL CORSA,7,E01006303,0,-1
2023231311302,2023,231311302,1,9,0,18,19,5,1,0,0,1,0,0,0,0,2,1,6,6,2,40,7,1248,2,18,VAUXHALL CORSA,3,E01010055,0,-1
2023311342004,2023,311342004,2,9,0,18,19,3,7,0,0,0,0,0,0,0,1,1,5,6,1,29,6,1248,2,10,VAUXHALL CORSA,2,E01019682,0,-1
2023131273130,2023,131273130,1,9,0,18,19,5,1,0,0,0,0,0,0,0,1,1,2,2,1,24,5,1364,1,8,VAUXHALL CORSA,3,E01011940,0,-1
2023421340451,2023,421340451,4,9,0,18,19,4,8,0,0,0,0,0,0,0,1,1,6,6,1,35,6,1364,1,7,VAUXHALL CORSA,3,E01029968,0,-1
2023221326603,2023,221326603,1,9,0,17,19,1,6,0,0,1,0,0,0,0,1,1,6,6,1,26,6,1248,2,10,VAUXHALL CORSA,4,E01014121,0,-1
2023131378105,2023,131378105,2,9,0,18,19,7,3,0,0,0,0,0,0,0,1,1,6,6,1,24,5,998,1,10,VAUXHALL CORSA,4,E01011325,0,-1
2023010446485,2023,010446485,1,9,0,99,99,9,9,99,99,9,9,99,9,99,2,9,6,6,1,33,6,1398,1,6,VAUXHALL CORSA,5,E01004370,0,-1
2023631329235,2023,631329235,1,9,0,9,9,2,8,0,0,6,0,0,0,0,4,1,5,6,1,17,4,998,1,9,VAUXHALL CORSA,1,W01000601,0,-1
2023471348049,2023,471348049,1,9,0,16,19,3,6,0,0,0,1,0,7,4,3,1,6,6,1,19,4,1229,1,15,VAUXHALL CORSA,8,E01031765,0,-1
2023471331247,2023,471331247,3,9,0,18,19,1,5,0,0,0,0,0,0,0,0,1,5,6,1,18,4,1229,1,14,VAUXHALL CORSA,7,E01031527,0,-1
2023340WN4642,2023,340WN4642,1,9,0,18,19,6,2,0,0,1,0,0,0,0,1,1,2,2,1,23,5,1229,1,10,VAUXHALL CORSA,10,E01027266,0,-1
2023541603023,2023,541603023,2,9,0,9,9,1,7,0,0,8,0,0,0,0,3,1,6,6,2,24,5,1398,1,6,VAUXHALL CORSA,9,E01031880,0,-1
2023221284839,2023,221284839,1,9,0,18,19,6,2,0,0,0,0,0,0,0,3,1,2,2,1,34,6,1248,2,12,VAUXHALL CORSA,7,E01028950,0,-1
2023201292472,2023,201292472,1,9,0,18,19,-1,-1,0,0,0,0,0,0,0,1,1,1,1,1,-1,-1,1248,2,14,VAUXHALL CORSA,4,E01009927,0,-1
2023101270584,2023,101270584,1,9,0,13,13,5,1,0,0,0,0,0,0,0,4,1,5,6,1,-1,-1,998,1,12,VAUXHALL CORSA,-1,-1,0,-1
2023522301110,2023,522301110,1,9,0,18,19,5,1,0,0,8,0,0,0,0,1,1,6,6,2,47,8,1398,1,11,VAUXHALL CORSA,7,E01014949,0,-1
2023421272121,2023,421272121,2,9,0,4,4,2,5,0,0,0,1,0,0,0,2,1,5,6,1,30,6,1229,1,15,VAUXHALL CORSA,1,E01015842,0,-1
2023010466177,2023,010466177,2,9,0,99,99,9,9,99,99,9,9,99,9,99,9,9,6,6,2,21,5,1229,1,10,VAUXHALL CORSA,3,E01003431,0,-1
2023430539844,2023,430539844,1,9,0,14,14,1,5,0,0,0,0,0,0,0,4,1,6,6,1,-1,-1,1229,1,15,VAUXHALL CORSA,-1,-1,0,-1
2023320148208,2023,320148208,4,9,0,18,19,6,2,0,0,0,0,0,0,0,1,1,6,6,2,52,8,-1,-1,-1,VAUXHALL CORSA,5,E01026390,0,-1
2023052300097,2023,052300097,2,9,0,4,4,5,1,0,0,1,0,0,0,0,2,1,6,6,2,40,7,1229,1,16,VAUXHALL CORSA,1,E01007127,0,-1
2023010463927,2023,010463927,1,9,0,17,19,1,5,0,0,0,0,0,7,7,1,1,6,6,1,28,6,1364,1,14,VAUXHALL CORSA,6,E01002240,0,-1