collision_index,collision_year,collision_ref_no,vehicle_reference,vehicle_type,towing_and_articulation,vehicle_manoeuvre_historic,vehicle_manoeuvre,vehicle_direction_from,vehicle_direction_to,vehicle_location_restricted_lane_historic,vehicle_location_restricted_lane,junction_location,skidding_and_overturning,hit_object_in_carriageway,vehicle_leaving_carriageway,hit_object_off_carriageway,first_point_of_impact,vehicle_left_hand_drive,journey_purpose_of_driver_historic,journey_purpose_of_driver,sex_of_driver,age_of_driver,age_band_of_driver,engine_capacity_cc,propulsion_code,age_of_vehicle,generic_make_model,driver_imd_decile,lsoa_of_driver,escooter_flag,driver_distance_banding
2023461278602,2023,461278602,2,9,0,18,19,8,2,0,0,8,0,0,0,0,1,1,6,6,1,45,7,1364,1,18,VAUXHALL CORSA,6,E01016075,0,-1
2023010448757,2023,010448757,2,9,0,99,99,9,9,99,99,9,9,99,9,99,2,9,6,6,3,-1,-1,1229,1,9,VAUXHALL CORSA,-1,-1,0,-1
2023471333116,2023,471333116,2,9,0,9,9,7,5,0,0,0,0,0,7,0,1,1,6,6,1,19,4,1598,1,9,VAUXHALL CORSA,3,E01021050,0,-1
2023340WN2792,2023,340WN2792,2,9,0,3,3,3,6,0,0,1,0,0,0,0,2,1,6,6,2,19,4,998,1,15,VAUXHALL CORSA,7,E01027204,0,-1
2023221277482,2023,221277482,2,9,0,18,19,5,1,0,0,0,0,0,0,0,3,1,6,6,2,24,5,1229,1,16,VAUXHALL CORSA,3,E01001177,0,-1
2023440094132,2023,440094132,1,9,0,18,19,3,7,0,0,1,0,0,0,0,1,1,6,6,2,23,5,1364,1,14,VAUXHALL CORSA,6,E01017173,0,-1
2023471280893,2023,471280893,1,9,0,18,19,1,5,0,0,0,0,0,0,0,4,1,6,6,1,56,9,-1,3,1,VAUXHALL CORSA,2,E01017011,0,-1
2023401394713,2023,401394713,2,9,0,18,19,5,1,0,0,0,0,0,0,0,4,1,5,6,2,23,5,1398,1,7,VAUXHALL CORSA,4,E01015717,0,-1
2023131285936,2023,131285936,2,9,0,18,19,3,7,0,0,4,0,0,0,0,1,1,5,6,2,19,4,1229,1,12,VAUXHALL CORSA,1,E01011901,0,-1
2023061266682,2023,061266682,2,9,0,18,19,5,1,0,0,1,0,0,0,0,4,1,5,6,2,32,6,1398,1,5,VAUXHALL CORSA,8,E01032485,0,-1
2023070821127,2023,070821127,1,9,0,18,19,6,2,0,0,0,5,10,8,10,1,1,6,6,2,72,10,1199,1,2,VAUXHALL CORSA,9,E01018692,0,-1
2023302301588,2023,302301588,1,9,0,18,19,2,6,0,0,2,2,0,1,11,4,1,6,6,1,17,4,1229,1,12,VAUXHALL CORSA,9,E01019624,0,-1
2023041315239,2023,041315239,1,9,0,16,19,3,5,0,0,1,0,0,1,11,1,1,6,6,1,21,5,1248,2,15,VAUXHALL CORSA,1,E01012751,0,-1
2023440513122,2023,440513122,2,9,0,18,19,4,8,0,0,8,0,0,0,0,1,1,6,6,1,19,4,1248,2,15,VAUXHALL CORSA,4,E01017110,0,-1
2023221298314,2023,221298314,1,9,0,9,9,8,6,0,0,5,0,0,0,0,4,1,2,2,1,34,6,973,1,20,VAUXHALL CORSA,3,E01032241,0,-1
2023201347521,2023,201347521,1,9,0,18,19,8,4,0,0,6,0,0,0,0,1,1,6,6,1,61,9,1398,1,11,VAUXHALL CORSA,1,E01009489,0,-1
2023131327057,2023,131327057,1,9,0,9,9,5,3,0,0,6,0,0,0,0,1,1,5,6,1,21,5,1229,1,10,VAUXHALL CORSA,9,E01011146,0,-1
2023201279054,2023,201279054,2,9,0,7,7,4,6,0,0,5,0,0,0,0,2,1,1,1,1,37,7,1398,1,4,VAUXHALL CORSA,-1,-1,0,-1
2023440451652,2023,440451652,1,9,0,18,19,4,8,0,0,0,0,0,4,6,1,1,6,6,1,28,6,1364,1,14,VAUXHALL CORSA,3,E01022540,0,-1
2023501347785,2023,501347785,2,9,0,18,19,7,3,0,0,8,0,0,0,0,0,1,5,6,2,54,8,1398,1,6,VAUXHALL CORSA,4,E01018913,0,-1
2023010420735,2023,010420735,2,9,9,99,99,9,9,99,99,9,9,99,9,99,2,9,6,6,2,33,6,-1,3,2,VAUXHALL CORSA,2,E01004729,0,-1
2023141317284,2023,141317284,1,9,0,18,19,7,3,0,0,2,0,0,0,0,1,1,5,6,1,42,7,1199,1,2,VAUXHALL CORSA,1,E01007341,0,-1
2023061276386,2023,061276386,2,9,-1,-1,-1,-1,-1,-1,-1,0,-1,-1,-1,0,-1,1,6,6,2,-1,-1,1229,1,10,VAUXHALL CORSA,1,E01005068,0,-1
2023010457315,2023,010457315,1,9,0,99,99,9,9,99,99,9,9,99,9,99,2,9,6,6,2,26,6,1229,1,12,VAUXHALL CORSA,2,E01000012,0,-1
2023101291876,2023,101291876,1,9,0,18,19,3,7,0,0,0,1,0,1,4,4,1,5,6,1,19,4,1248,2,11,VAUXHALL CORSA,8,E01027425,0,-1
2023430132624,2023,430132624,2,9,0,18,19,3,7,0,0,0,0,8,0,0,3,1,6,6,1,75,10,1248,2,9,VAUXHALL CORSA,6,E01017781,0,-1
2023052302908,2023,052302908,1,9,0,5,5,1,5,0,0,0,0,4,0,0,4,1,6,6,2,80,11,1398,1,8,VAUXHALL CORSA,8,E01006809,0,-1
2023131297080,2023,131297080,2,9,0,9,9,4,1,0,0,1,0,0,0,0,1,1,5,6,1,18,4,1229,1,14,VAUXHALL CORSA,3,E01011267,0,-1
2023411405524,2023,411405524,2,9,0,9,9,7,5,0,0,8,0,0,1,0,4,1,6,6,2,34,6,1364,1,15,VAUXHALL CORSA,6,E01023645,0,-1
2023101295003,2023,101295003,2,9,0,4,4,1,5,0,0,1,0,0,0,0,4,1,6,6,2,71,10,1199,1,1,VAUXHALL CORSA,1,E01008295,0,-1
2023552301502,2023,552301502,2,9,0,18,19,4,8,0,0,8,0,0,0,0,1,1,6,6,2,47,8,1248,2,14,VAUXHALL CORSA,4,E01020438,0,-1
2023010420833,2023,010420833,1,9,0,7,7,7,1,0,0,4,0,0,0,0,1,1,6,6,2,46,8,1229,1,7,VAUXHALL CORSA,3,E01001501,0,-1
2023421286355,2023,421286355,1,9,0,18,19,3,7,0,0,4,0,0,0,0,1,1,6,6,2,20,4,1229,1,9,VAUXHALL CORSA,7,E01021967,0,-1
2023332300782,2023,332300782,2,9,0,9,9,1,7,0,0,6,0,0,0,0,1,1,1,1,1,55,8,1229,1,9,VAUXHALL CORSA,6,E01025796,0,-1
2023211261662,2023,211261662,1,9,0,18,19,1,5,6,6,0,0,7,0,0,3,1,5,6,2,31,6,998,1,11,VAUXHALL CORSA,-1,-1,0,-1
2023141312543,2023,141312543,1,9,0,18,19,4,4,0,0,1,0,0,0,0,1,1,6,6,1,20,4,1199,1,3,VAUXHALL CORSA,1,E01007727,0,-1
2023131368181,2023,131368181,1,9,0,18,19,1,5,0,0,4,0,0,0,0,3,1,2,2,1,-1,-1,1398,1,7,VAUXHALL CORSA,5,E01010604,0,-1
2023320370558,2023,320370558,1,9,0,18,19,6,2,0,0,2,0,0,0,0,1,1,6,6,2,31,6,1398,1,4,VAUXHALL CORSA,-1,-1,0,-1
2023440469918,2023,440469918,1,9,0,17,19,6,2,0,0,0,5,10,7,1,1,1,6,6,2,18,4,1199,1,21,VAUXHALL CORSA,10,E01022759,0,-1
2023061358787,2023,061358787,1,9,0,7,7,1,4,0,0,2,0,0,0,0,1,1,2,2,2,30,6,-1,3,1,VAUXHALL CORSA,1,E01005679,0,-1
2023451334303,2023,451334303,1,9,0,18,19,2,6,0,0,0,0,0,0,0,3,1,5,6,2,29,6,1398,1,4,VAUXHALL CORSA,-1,-1,0,-1
2023421333395,2023,421333395,1,9,0,18,19,7,3,0,0,1,5,0,1,0,1,1,6,6,1,34,6,1398,1,10,VAUXHALL CORSA,6,E01017092,0,-1
2023010446534,2023,010446534,2,9,0,99,99,9,9,99,99,9,9,99,9,99,9,9,6,6,3,-1,-1,1364,1,14,VAUXHALL CORSA,2,E01003196,0,-1
2023010482277,2023,010482277,2,9,0,99,99,9,9,99,99,0,9,99,9,99,9,9,6,6,3,-1,-1,1398,1,10,VAUXHALL CORSA,-1,-1,0,-1
2023201345002,2023,201345002,2,9,0,9,9,4,2,0,0,6,0,0,0,0,1,1,6,6,1,23,5,1248,2,11,VAUXHALL CORSA,5,E01009582,0,-1
2023201379099,2023,201379099,2,9,0,5,5,6,2,0,0,8,0,0,0,0,1,1,6,6,2,34,6,1229,1,16,VAUXHALL CORSA,1,E01009351,0,-1
2023131327531,2023,131327531,2,9,0,18,19,7,3,0,0,1,0,0,0,0,1,1,6,6,2,22,5,1364,1,16,VAUXHALL CORSA,4,E01010669,0,-1
2023471268877,2023,471268877,1,9,0,18,19,6,2,0,0,1,0,0,0,0,1,1,5,6,2,75,10,1398,1,7,VAUXHALL CORSA,6,E01032833,0,-1
2023170S11913,2023,170S11913,1,9,0,18,19,8,4,0,0,3,0,0,0,0,1,1,6,6,2,20,4,1229,1,13,VAUXHALL CORSA,1,E01012273,0,-1
2023061337180,2023,061337180,2,9,0,3,3,1,5,0,0,2,0,0,0,0,2,1,2,2,1,31,6,1398,1,13,VAUXHALL CORSA,1,E01005473,0,-1
2023631307469,2023,631307469,2,9,0,18,19,6,2,0,0,1,0,0,1,10,1,1,5,6,1,57,9,1398,1,7,VAUXHALL CORSA,7,W01001937,0,-1
2023351305830,2023,351305830,1,9,0,5,5,2,6,0,0,8,0,0,0,0,1,1,6,6,2,19,4,998,1,9,VAUXHALL CORSA,8,E01030015,0,-1
2023461319322,2023,461319322,2,9,0,18,19,8,4,0,0,0,0,0,0,0,1,1,5,6,1,46,8,1248,2,9,VAUXHALL CORSA,7,E01024576,0,-1
2023991332019,2023,991332019,1,9,0,5,5,6,4,0,0,1,0,0,0,0,1,1,5,6,1,17,4,1364,1,14,VAUXHALL CORSA,1,-1,0,-1
2023401287534,2023,401287534,2,9,0,9,9,7,3,0,0,2,0,0,0,0,3,1,6,6,1,21,5,1398,1,7,VAUXHALL CORSA,7,E01015719,0,-1
2023010451543,2023,010451543,2,9,0,99,99,9,9,99,99,9,9,99,9,99,1,9,6,6,2,-1,-1,1398,1,5,VAUXHALL CORSA,3,E01004533,0,-1
2023010458766,2023,010458766,2,9,0,4,4,1,5,0,0,1,0,0,0,0,2,1,6,6,2,23,5,1229,1,12,VAUXHALL CORSA,2,E01001114,0,-1
2023070007798,2023,070007798,1,9,0,18,19,1,5,0,0,3,0,0,0,7,4,1,6,6,2,61,9,998,1,17,VAUXHALL CORSA,3,E01018347,0,-1
2023302301896,2023,302301896,1,9,0,18,19,4,8,0,0,0,0,0,1,0,1,1,2,2,2,57,9,1248,2,11,VAUXHALL CORSA,9,E01019409,0,-1
2023041393726,2023,041393726,1,9,0,18,19,7,3,0,0,4,0,0,0,0,1,1,6,6,1,40,7,1199,1,3,VAUXHALL CORSA,8,E01025321,0,-1
2023031291430,2023,031291430,2,9,0,2,2,8,8,0,0,1,0,0,0,0,3,1,6,6,3,-1,-1,-1,-1,-1,VAUXHALL CORSA,-1,-1,0,-1
2023622300287,2023,622300287,1,9,0,18,19,6,2,0,0,0,0,0,0,0,3,1,6,6,2,36,7,1389,1,18,VAUXHALL CORSA,1,W01001744,0,-1
2023071234158,2023,071234158,2,9,0,9,9,5,1,0,0,8,0,0,0,0,1,1,4,7,2,18,4,1364,1,14,VAUXHALL CORSA,4,E01018672,0,-1
2023320371852,2023,320371852,4,9,0,4,4,4,8,0,0,1,0,0,0,0,2,1,6,6,1,18,4,998,1,12,VAUXHALL CORSA,8,E01026191,0,-1
2023071169988,2023,071169988,1,9,0,18,19,6,2,6,6,0,5,0,1,7,1,1,6,6,2,28,6,1398,1,4,VAUXHALL CORSA,7,E01018429,0,-1
2023371264075,2023,371264075,1,9,0,18,19,5,8,0,0,0,1,0,0,0,1,1,5,6,1,18,4,1229,1,9,VAUXHALL CORSA,8,E01030065,0,-1
2023440522641,2023,440522641,3,9,0,3,3,4,8,0,0,1,0,0,0,0,2,1,6,6,2,18,4,1248,2,10,VAUXHALL CORSA,8,E01022628,0,-1
2023991378264,2023,991378264,1,9,0,18,19,6,2,0,0,0,0,12,0,0,1,1,5,6,2,28,6,998,1,12,VAUXHALL CORSA,4,-1,0,-1
2023991266572,2023,991266572,1,9,0,5,5,7,3,0,0,0,0,0,0,0,1,1,6,6,2,24,5,998,1,12,VAUXHALL CORSA,5,-1,0,-1
2023101389425,2023,101389425,2,9,0,18,19,3,7,0,0,4,1,0,0,0,1,1,6,6,3,-1,-1,1199,1,0,VAUXHALL CORSA,-1,-1,0,-1
2023010439270,2023,010439270,1,9,0,4,4,7,3,0,0,1,0,0,0,0,1,1,6,6,2,24,5,1398,1,8,VAUXHALL CORSA,3,E01000044,0,-1
2023010429988,2023,010429988,2,9,0,18,19,1,5,0,0,1,0,0,0,0,3,1,2,2,2,57,9,1229,1,13,VAUXHALL CORSA,2,E01004230,0,-1
2023131303664,2023,131303664,1,9,0,18,19,5,1,0,0,0,0,0,0,0,1,1,2,2,2,19,4,1398,1,4,VAUXHALL CORSA,8,E01010858,0,-1
2023461394146,2023,461394146,2,9,0,18,19,2,4,0,0,7,0,0,0,0,3,1,6,6,2,70,10,1229,1,10,VAUXHALL CORSA,7,E01024058,0,-1
2023991365084,2023,991365084,1,9,0,18,19,8,4,0,0,0,0,0,0,0,3,1,6,6,2,50,8,1229,1,9,VAUXHALL CORSA,10,-1,0,-1
2023010456998,2023,010456998,2,9,0,9,9,3,1,0,0,6,0,0,0,0,1,1,6,6,1,61,9,1229,1,9,VAUXHALL CORSA,3,E01003143,0,-1
2023111370958,2023,111370958,2,9,0,2,2,0,0,0,0,0,0,0,0,0,1,1,6,6,3,-1,-1,1398,1,9,VAUXHALL CORSA,-1,-1,0,-1
2023201289270,2023,201289270,1,9,0,18,19,5,1,0,0,0,0,4,0,0,1,1,5,6,1,31,6,1199,1,0,VAUXHALL CORSA,1,E01009146,0,-1
2023010465481,2023,010465481,2,9,0,9,9,5,2,0,0,8,0,0,0,0,1,1,6,6,2,29,6,1229,1,11,VAUXHALL CORSA,3,E01002401,0,-1
2023421274883,2023,421274883,3,9,0,3,3,3,7,0,0,0,0,0,0,0,2,1,5,6,1,71,10,1229,1,15,VAUXHALL CORSA,8,E01021931,0,-1
2023361282672,2023,361282672,1,9,0,5,5,1,3,0,0,4,0,0,0,0,1,1,2,2,2,18,4,1229,1,18,VAUXHALL CORSA,10,E01026562,0,-1
2023141389203,2023,141389203,1,9,0,16,19,1,3,0,0,0,0,0,1,0,1,1,5,6,1,21,5,1229,1,10,VAUXHALL CORSA,8,E01007524,0,-1
2023041278153,2023,041278153,1,9,0,9,9,1,3,0,0,2,0,0,0,0,1,1,5,6,1,20,4,1364,1,14,VAUXHALL CORSA,3,E01025366,0,-1
2023421377966,2023,421377966,2,9,0,18,19,2,6,0,0,3,0,0,0,0,2,1,6,6,2,25,5,1398,1,6,VAUXHALL CORSA,3,E01021563,0,-1
2023010435252,2023,010435252,1,9,0,1,1,5,1,0,0,0,0,0,0,0,1,1,6,6,2,20,4,1398,1,11,VAUXHALL CORSA,2,E01000189,0,-1
2023421379422,2023,421379422,1,9,0,9,9,7,5,0,0,0,0,0,0,0,1,1,5,6,1,73,10,1398,1,4,VAUXHALL CORSA,7,E01021878,0,-1
2023371303146,2023,371303146,1,9,0,5,5,3,3,8,6,0,0,0,0,0,3,1,5,6,1,74,10,1199,1,2,VAUXHALL CORSA,5,E01026648,0,-1
2023010420784,2023,010420784,1,9,0,18,19,7,3,0,0,1,0,7,0,0,3,1,6,6,2,84,11,1199,1,19,VAUXHALL CORSA,10,E01000766,0,-1
2023122300242,2023,122300242,2,9,0,13,13,7,3,0,0,0,1,0,0,0,1,1,6,6,1,34,6,-1,-1,-1,VAUXHALL CORSA,4,E01012947,0,-1
2023421350232,2023,421350232,2,9,0,4,4,3,5,0,0,1,0,0,0,0,2,1,6,6,2,28,6,1398,1,5,VAUXHALL CORSA,7,E01033057,0,-1
2023061362922,2023,061362922,1,9,0,9,9,5,1,0,0,1,0,0,0,0,3,1,2,2,1,27,6,998,1,10,VAUXHALL CORSA,1,E01005197,0,-1
2023371274035,2023,371274035,1,9,0,16,19,7,3,0,0,0,5,0,2,4,4,1,5,6,2,25,5,1229,1,13,VAUXHALL CORSA,6,E01030063,0,-1
2023010444917,2023,010444917,2,9,9,18,19,5,1,99,99,9,9,99,9,99,9,9,6,6,3,-1,-1,1364,1,15,VAUXHALL CORSA,-1,-1,0,-1
2023411340600,2023,411340600,2,9,0,18,19,-1,-1,0,0,3,0,0,0,0,4,1,5,6,2,21,5,1229,1,15,VAUXHALL CORSA,3,E01023437,0,-1
2023131311833,2023,131311833,2,9,0,2,2,0,0,0,0,0,0,0,0,0,4,1,6,6,3,-1,-1,1248,2,8,VAUXHALL CORSA,-1,-1,0,-1
2023041328291,2023,041328291,2,9,0,2,2,0,0,0,0,0,0,0,0,0,2,1,6,6,2,33,6,1199,1,2,VAUXHALL CORSA,1,E01004938,0,-1
2023161347150,2023,161347150,1,9,0,18,19,8,4,0,0,0,0,10,1,10,1,1,6,6,1,80,11,1199,1,2,VAUXHALL CORSA,-1,-1,0,-1
202360A034358,2023,60A034358,2,9,0,18,19,1,5,0,0,0,0,0,0,0,1,1,6,6,1,52,8,1229,1,10,VAUXHALL CORSA,-1,-1,0,-1
2023311378320,2023,311378320,2,9,0,18,19,8,4,0,0,8,0,0,0,0,1,1,1,1,2,18,4,1248,2,12,VAUXHALL CORSA,10,E01028136,0,-1
2023548213223,2023,548213223,1,9,0,18,19,3,7,0,0,1,1,0,0,0,1,1,6,6,2,20,4,1389,1,27,VAUXHALL CORSA,10,E01032018,0,-1
2023430242183,2023,430242183,1,9,0,18,19,2,6,0,0,1,0,0,0,0,1,1,6,6,1,20,4,1229,1,14,VAUXHALL CORSA,8,E01016468,0,-1
2023052301099,2023,052301099,1,9,0,5,5,7,3,0,0,1,0,0,0,0,1,1,2,2,1,38,7,1398,1,10,VAUXHALL CORSA,7,E01007225,0,-1
2023070292245,2023,070292245,2,9,0,18,19,5,1,0,0,0,1,0,0,0,2,1,2,2,1,20,4,1199,1,1,VAUXHALL CORSA,6,E01025421,0,-1
2023430139234,2023,430139234,1,9,0,7,7,4,2,0,0,6,0,0,0,0,3,1,6,6,1,21,5,1598,1,13,VAUXHALL CORSA,10,E01017636,0,-1
2023610018723,2023,610018723,2,9,0,18,19,8,4,0,0,0,0,0,0,0,1,1,6,6,2,41,7,1364,1,16,VAUXHALL CORSA,2,W01001371,0,-1
2023101270437,2023,101270437,1,9,0,3,3,7,1,0,0,4,0,0,0,0,1,1,6,6,1,39,7,1248,2,9,VAUXHALL CORSA,-1,-1,0,-1
2023010444915,2023,010444915,2,9,0,99,99,9,9,99,99,9,9,99,9,99,0,1,6,6,3,-1,-1,-1,3,1,VAUXHALL CORSA,-1,-1,0,-1
2023411319021,2023,411319021,1,9,0,18,19,1,5,0,0,0,0,4,0,0,1,1,6,6,1,36,7,1229,1,8,VAUXHALL CORSA,2,E01015794,0,-1
2023411345432,2023,411345432,1,9,0,18,19,4,1,0,0,3,0,0,0,0,4,1,6,6,2,31,6,1398,1,7,VAUXHALL CORSA,8,E01033029,0,-1
2023010471999,2023,010471999,1,9,0,9,9,5,3,0,0,2,1,0,0,0,1,1,6,6,1,55,8,1199,1,1,VAUXHALL CORSA,2,E01003297,0,-1
2023461274149,2023,461274149,1,9,0,9,9,7,5,0,0,1,0,0,0,0,4,1,5,6,1,18,4,1229,1,14,VAUXHALL CORSA,7,E01024141,0,-1
2023371320701,2023,371320701,2,9,0,16,19,5,1,0,0,0,0,0,0,0,3,1,5,6,2,19,4,1248,2,15,VAUXHALL CORSA,7,E01029947,0,-1
2023052301724,2023,052301724,1,9,0,9,9,6,3,0,0,8,0,0,0,0,1,1,6,6,1,19,4,1364,1,16,VAUXHALL CORSA,2,E01006751,0,-1
2023411349502,2023,411349502,2,9,0,18,19,2,6,0,0,1,0,0,0,0,1,1,5,6,2,71,10,1398,1,8,VAUXHALL CORSA,9,E01023717,0,-1
2023101297911,2023,101297911,1,9,0,18,19,7,7,0,0,4,0,0,0,0,1,1,5,6,1,74,10,1398,1,4,VAUXHALL CORSA,10,E01027520,0,-1
2023361393226,2023,361393226,2,9,0,2,2,0,0,0,0,0,0,0,0,0,2,1,5,6,1,47,8,1248,2,13,VAUXHALL CORSA,7,E01026556,0,-1
2023131355616,2023,131355616,1,9,0,4,4,1,5,0,0,0,0,0,0,0,1,1,6,6,3,-1,-1,1398,1,11,VAUXHALL CORSA,-1,-1,0,-1
2023320513555,2023,320513555,1,9,0,9,9,6,4,0,0,5,0,0,0,0,1,1,1,1,1,63,9,1398,1,10,VAUXHALL CORSA,7,E01026299,0,-1
202360A080254,2023,60A080254,1,9,0,18,19,6,2,0,0,0,1,4,0,0,4,1,6,6,1,38,7,1229,1,9,VAUXHALL CORSA,-1,-1,0,-1
2023501277419,2023,501277419,1,9,0,13,13,1,5,0,0,0,0,0,0,0,1,1,6,6,1,43,7,1199,1,1,VAUXHALL CORSA,8,E01019890,0,-1
2023101282446,2023,101282446,1,9,0,9,9,3,8,0,0,2,0,0,1,0,3,1,6,6,1,22,5,1398,1,9,VAUXHALL CORSA,3,E01027388,0,-1
2023401268373,2023,401268373,1,9,0,5,5,7,3,0,0,1,1,0,0,0,1,1,2,2,2,27,6,1199,1,3,VAUXHALL CORSA,9,E01015697,0,-1
2023221283092,2023,221283092,1,9,0,18,19,4,8,0,0,8,0,0,0,0,1,1,5,6,1,22,5,1199,1,2,VAUXHALL CORSA,10,E01032408,0,-1
2023061290713,2023,061290713,1,9,0,4,4,2,-1,0,0,0,0,0,0,0,1,1,6,6,1,23,5,1229,1,13,VAUXHALL CORSA,4,E01005892,0,-1
2023991325946,2023,991325946,2,9,0,4,4,4,8,0,0,1,0,0,0,0,2,1,5,6,1,19,4,1199,1,3,VAUXHALL CORSA,4,-1,0,-1
2023461288929,2023,461288929,2,9,0,2,2,0,0,6,6,1,0,0,0,0,2,1,6,6,1,-1,-1,1229,1,10,VAUXHALL CORSA,9,E01016172,0,-1
2023041267087,2023,041267087,1,9,0,18,19,7,3,0,0,1,0,0,0,0,1,1,6,6,2,37,7,1199,1,3,VAUXHALL CORSA,6,E01025562,0,-1
2023531373547,2023,531373547,1,9,0,16,19,7,3,0,0,0,2,0,8,11,3,1,6,6,1,50,8,1398,1,9,VAUXHALL CORSA,4,E01022251,0,-1
2023101378521,2023,101378521,2,9,0,18,19,6,1,0,0,0,0,0,0,0,2,1,6,6,2,32,6,1229,1,14,VAUXHALL CORSA,1,E01008214,0,-1
2023010444977,2023,010444977,2,9,0,99,99,9,9,99,99,9,9,99,9,99,1,9,6,6,2,-1,-1,1398,1,9,VAUXHALL CORSA,-1,-1,0,-1
2023061278392,2023,061278392,1,9,0,18,19,-1,-1,-1,-1,0,0,0,0,0,-1,1,6,6,3,37,7,1398,1,10,VAUXHALL CORSA,1,E01006599,0,-1
2023540872123,2023,540872123,1,9,0,18,19,3,7,0,0,1,0,0,0,0,1,1,2,2,1,38,7,1199,1,22,VAUXHALL CORSA,6,E01015008,0,-1
2023010446109,2023,010446109,2,9,9,99,99,9,9,99,99,9,9,99,9,99,9,9,6,6,3,-1,-1,1199,1,1,VAUXHALL CORSA,-1,-1,0,-1
2023401345518,2023,401345518,2,9,0,18,19,8,5,0,0,8,0,0,0,0,4,1,6,6,2,60,9,1364,1,16,VAUXHALL CORSA,3,E01017609,0,-1
2023141368297,2023,141368297,1,9,0,18,19,1,5,0,0,8,1,10,5,0,4,1,5,6,1,20,4,1248,2,7,VAUXHALL CORSA,9,E01007792,0,-1
2023010468677,2023,010468677,1,9,0,18,19,7,3,0,0,1,0,4,0,0,1,1,6,6,2,76,11,1229,1,18,VAUXHALL CORSA,6,E01000414,0,-1
2023421300867,2023,421300867,1,9,0,14,14,1,5,0,0,2,0,0,0,0,1,1,5,6,2,76,11,1398,1,5,VAUXHALL CORSA,10,E01021559,0,-1
2023631344641,2023,631344641,2,9,0,7,7,6,8,0,0,8,0,0,0,0,3,1,6,6,1,20,4,1248,2,11,VAUXHALL CORSA,4,W01000605,0,-1
2023010463886,2023,010463886,4,9,0,2,2,0,0,0,0,0,0,0,0,0,3,1,6,6,3,-1,-1,973,1,21,VAUXHALL CORSA,-1,-1,0,-1
2023451294933,2023,451294933,2,9,0,2,2,1,3,2,2,1,0,0,0,0,3,1,6,6,1,30,6,1398,1,8,VAUXHALL CORSA,5,E01030531,0,-1
2023522301507,2023,522301507,1,9,0,5,5,9,9,9,9,8,0,0,0,0,1,1,6,6,2,-1,-1,1199,1,3,VAUXHALL CORSA,10,E01014883,0,-1
2023201346288,2023,201346288,1,9,0,18,19,2,6,0,0,0,0,10,7,4,1,1,6,6,1,28,6,1229,1,16,VAUXHALL CORSA,1,E01033633,0,-1
2023461380508,2023,461380508,1,9,0,3,3,6,6,0,0,1,0,0,0,0,1,1,5,6,1,24,5,1229,1,9,VAUXHALL CORSA,7,E01024422,0,-1
2023122301192,2023,122301192,1,9,0,18,19,3,7,0,0,0,5,0,0,0,1,1,6,6,1,17,4,1229,1,13,VAUXHALL CORSA,8,E01027836,0,-1
2023411396337,2023,411396337,1,9,0,9,9,1,7,0,0,0,0,0,0,0,1,1,5,6,2,54,8,1229,1,11,VAUXHALL CORSA,8,E01023446,0,-1
2023361328079,2023,361328079,2,9,0,18,19,4,8,0,0,1,0,0,0,0,1,1,5,6,1,65,9,1199,1,19,VAUXHALL CORSA,1,E01026808,0,-1
2023991304431,2023,991304431,1,9,0,18,19,7,3,0,0,0,0,0,0,0,1,1,5,6,1,60,9,1398,1,4,VAUXHALL CORSA,9,-1,0,-1
2023010451741,2023,010451741,2,9,0,99,99,9,9,99,99,9,9,99,9,99,1,9,6,6,3,-1,-1,1229,1,12,VAUXHALL CORSA,-1,-1,0,-1
2023131330462,2023,131330462,1,9,0,7,7,1,1,0,0,8,0,0,0,0,1,1,2,2,1,71,10,1199,1,0,VAUXHALL CORSA,9,E01011179,0,-1
2023231374823,2023,231374823,1,9,0,18,19,6,2,0,0,0,1,0,7,3,3,1,6,6,1,42,7,998,1,19,VAUXHALL CORSA,7,E01031247,0,-1
2023991317341,2023,991317341,1,9,0,16,19,2,6,9,9,0,1,0,7,2,3,1,2,2,2,35,6,998,1,9,VAUXHALL CORSA,6,-1,0,-1
2023440234309,2023,440234309,2,9,0,18,19,6,2,0,0,1,0,0,0,0,1,1,6,6,1,80,11,1398,1,5,VAUXHALL CORSA,4,E01022552,0,-1
2023991387450,2023,991387450,1,9,0,9,9,4,2,0,0,2,0,0,0,0,1,1,5,6,1,35,6,1199,1,3,VAUXHALL CORSA,4,-1,0,-1
2023122301226,2023,122301226,1,9,0,7,7,1,3,0,0,1,0,0,0,0,3,1,6,6,1,24,5,1398,1,4,VAUXHALL CORSA,6,E01028312,0,-1
2023010444040,2023,010444040,1,9,0,99,99,9,9,99,99,9,9,99,9,99,9,9,6,6,1,21,5,1229,1,8,VAUXHALL CORSA,5,E01003139,0,-1
2023131326483,2023,131326483,1,9,0,7,7,4,5,9,9,2,0,0,1,3,1,1,2,2,1,22,5,1229,1,13,VAUXHALL CORSA,9,E01010687,0,-1
2023201312670,2023,201312670,1,9,0,18,19,2,6,0,0,2,0,4,0,0,1,1,6,6,3,-1,-1,1229,1,10,VAUXHALL CORSA,-1,-1,0,-1
2023010476800,2023,010476800,2,9,0,2,2,0,0,0,0,1,0,0,0,0,2,1,6,6,3,-1,-1,1398,1,6,VAUXHALL CORSA,-1,-1,0,-1