collision_index,collision_year,collision_ref_no,vehicle_reference,vehicle_type,towing_and_articulation,vehicle_manoeuvre_historic,vehicle_manoeuvre,vehicle_direction_from,vehicle_direction_to,vehicle_location_restricted_lane_historic,vehicle_location_restricted_lane,junction_location,skidding_and_overturning,hit_object_in_carriageway,vehicle_leaving_carriageway,hit_object_off_carriageway,first_point_of_impact,vehicle_left_hand_drive,journey_purpose_of_driver_historic,journey_purpose_of_driver,sex_of_driver,age_of_driver,age_band_of_driver,engine_capacity_cc,propulsion_code,age_of_vehicle,generic_make_model,driver_imd_decile,lsoa_of_driver,escooter_flag,driver_distance_banding
2023461333715,2023,461333715,2,9,0,9,9,7,1,0,0,3,1,0,1,0,4,1,6,6,1,18,4,1229,1,13,VAUXHALL CORSA,9,E01016147,0,-1
2023010451163,2023,010451163,2,9,0,99,99,9,9,99,99,0,9,99,9,99,2,9,6,6,3,-1,-1,1229,1,11,VAUXHALL CORSA,-1,-1,0,-1
2023531296823,2023,531296823,1,9,0,18,19,3,7,0,0,0,1,0,0,0,1,1,5,6,1,24,5,1686,2,10,VAUXHALL CORSA,4,E01022251,0,-1
2023010482604,2023,010482604,1,9,0,10,10,5,3,0,0,8,0,0,0,0,3,1,3,7,2,50,8,1398,1,12,VAUXHALL CORSA,4,E01000676,0,-1
2023010461730,2023,010461730,2,9,0,3,3,3,7,0,0,1,0,0,0,0,2,1,2,2,2,44,7,1364,1,14,VAUXHALL CORSA,4,E01002642,0,-1
2023430328873,2023,430328873,1,9,0,18,19,7,3,0,0,1,0,0,0,0,1,1,6,6,1,20,4,1229,1,11,VAUXHALL CORSA,-1,-1,0,-1
2023311375157,2023,311375157,3,9,0,18,19,5,1,0,0,0,1,0,0,0,2,1,5,6,1,43,7,1199,1,2,VAUXHALL CORSA,-1,-1,0,-1
2023501294689,2023,501294689,1,9,0,18,19,3,7,0,0,1,0,0,0,0,1,1,5,6,1,30,6,1398,1,5,VAUXHALL CORSA,6,E01015027,0,-1
2023010477894,2023,010477894,2,9,0,99,99,9,9,99,99,9,9,99,9,99,1,9,6,6,3,-1,-1,1229,1,12,VAUXHALL CORSA,-1,-1,0,-1
2023401262324,2023,401262324,1,9,0,18,19,-1,-1,0,0,0,0,0,0,0,1,1,6,6,1,24,5,1229,1,10,VAUXHALL CORSA,3,E01015769,0,-1
2023010478271,2023,010478271,2,9,0,99,99,9,9,99,99,9,9,99,9,99,9,9,6,6,3,-1,-1,1398,1,8,VAUXHALL CORSA,-1,-1,0,-1
2023010429876,2023,010429876,1,9,0,9,9,3,1,0,0,5,0,0,0,0,1,1,2,2,1,42,7,1398,1,5,VAUXHALL CORSA,1,E01004428,0,-1
2023201387941,2023,201387941,1,9,0,18,19,4,8,0,0,1,0,0,0,0,1,1,6,6,1,22,5,1398,1,4,VAUXHALL CORSA,2,E01009891,0,-1
2023340WN0672,2023,340WN0672,1,9,0,9,9,8,6,0,0,6,0,0,0,0,1,1,2,2,1,26,6,1229,1,13,VAUXHALL CORSA,2,E01027228,0,-1
2023201315969,2023,201315969,2,9,0,3,3,-1,-1,0,0,0,0,0,0,0,4,1,6,6,2,52,8,1199,1,1,VAUXHALL CORSA,1,E01009309,0,-1
2023440508452,2023,440508452,1,9,0,18,19,1,5,0,0,0,2,0,2,10,1,1,6,6,1,25,5,1229,1,10,VAUXHALL CORSA,10,E01023279,0,-1
202360A197295,2023,60A197295,2,9,0,9,9,1,7,0,0,6,0,0,0,0,3,1,6,6,2,65,9,1398,1,8,VAUXHALL CORSA,-1,-1,0,-1
2023991357180,2023,991357180,1,9,0,14,14,4,1,0,0,8,0,0,0,0,4,1,5,6,1,71,10,1364,1,7,VAUXHALL CORSA,2,-1,0,-1
2023461301540,2023,461301540,1,9,0,7,7,3,7,0,0,6,1,0,1,7,1,1,6,6,1,19,4,1229,1,18,VAUXHALL CORSA,8,E01032620,0,-1
2023522301457,2023,522301457,1,9,0,9,9,7,5,0,0,6,0,0,0,0,3,1,6,6,2,40,7,1398,1,7,VAUXHALL CORSA,1,E01014585,0,-1
2023131358565,2023,131358565,1,9,0,18,19,6,2,0,0,8,0,0,0,0,4,1,5,6,2,36,7,1364,1,16,VAUXHALL CORSA,1,E01011730,0,-1
2023302301566,2023,302301566,1,9,0,18,19,2,6,0,0,8,0,0,0,0,1,1,6,6,2,-1,-1,-1,3,2,VAUXHALL CORSA,-1,-1,0,-1
2023052301731,2023,052301731,2,9,0,18,19,5,1,0,0,0,0,0,0,0,2,1,6,6,1,77,11,1398,1,7,VAUXHALL CORSA,5,E01006848,0,-1
2023501309856,2023,501309856,1,9,0,4,4,6,2,0,0,1,0,0,0,0,1,1,6,6,2,21,5,1248,2,9,VAUXHALL CORSA,-1,-1,0,-1
2023991360021,2023,991360021,1,9,0,16,19,7,3,0,0,0,0,0,1,3,1,1,2,2,1,20,4,1229,1,11,VAUXHALL CORSA,3,-1,0,-1
2023141343627,2023,141343627,1,9,0,18,19,5,1,0,0,4,0,0,0,0,2,2,6,6,2,52,8,1199,1,3,VAUXHALL CORSA,7,E01007743,0,-1
2023991373730,2023,991373730,1,9,0,6,6,3,2,0,0,0,0,0,0,0,3,1,5,6,2,32,6,1398,1,5,VAUXHALL CORSA,-1,-1,0,-1
2023052300119,2023,052300119,1,9,0,18,19,5,1,0,0,8,0,0,3,1,1,1,6,6,2,48,8,1229,1,13,VAUXHALL CORSA,1,E01006721,0,-1
2023010442640,2023,010442640,1,9,0,18,19,1,5,0,0,1,0,0,7,11,1,1,2,2,2,26,6,1229,1,14,VAUXHALL CORSA,2,E01003553,0,-1
2023371313827,2023,371313827,3,9,0,18,19,2,5,0,0,8,0,0,0,0,0,1,5,6,2,18,4,1229,1,17,VAUXHALL CORSA,5,E01026894,0,-1
2023010434066,2023,010434066,2,9,0,99,99,9,9,99,99,0,9,99,9,99,9,9,6,6,3,-1,-1,1364,1,15,VAUXHALL CORSA,-1,-1,0,-1
2023010487975,2023,010487975,2,9,0,99,99,9,9,99,99,9,9,99,9,99,9,9,6,6,3,-1,-1,1229,1,8,VAUXHALL CORSA,-1,-1,0,-1
2023141279678,2023,141279678,1,9,0,2,2,0,0,0,0,0,0,0,0,0,3,1,6,6,1,46,8,1248,2,16,VAUXHALL CORSA,1,E01007944,0,-1
2023311337766,2023,311337766,2,9,0,4,4,6,2,0,0,1,0,0,0,0,1,1,5,6,2,20,4,1398,1,7,VAUXHALL CORSA,8,E01028168,0,-1
2023170H10063,2023,170H10063,1,9,0,18,19,4,8,0,0,0,0,0,0,0,1,1,2,2,1,17,4,1199,1,1,VAUXHALL CORSA,5,E01020772,0,-1
2023010457974,2023,010457974,1,9,0,5,5,3,7,0,0,6,0,0,0,0,1,1,6,6,1,21,5,1229,1,11,VAUXHALL CORSA,2,E01000033,0,-1
2023061283215,2023,061283215,1,9,0,13,13,3,7,0,0,0,2,0,0,0,4,1,5,6,1,19,4,1398,1,7,VAUXHALL CORSA,8,E01005503,0,-1
202354C492523,2023,54C492523,1,9,0,18,19,2,6,0,0,1,0,0,7,2,1,1,6,6,2,75,10,1398,1,7,VAUXHALL CORSA,8,E01031918,0,-1
2023061358790,2023,061358790,2,9,0,18,19,5,1,0,0,8,0,0,0,0,1,1,6,6,2,24,5,1199,1,3,VAUXHALL CORSA,2,E01005220,0,-1
2023010427870,2023,010427870,1,9,0,18,19,1,5,0,0,0,0,0,0,0,1,1,6,6,1,19,4,1398,1,7,VAUXHALL CORSA,-1,-1,0,-1
2023451260678,2023,451260678,3,9,0,2,2,0,0,0,0,1,0,0,0,0,3,1,6,6,3,-1,-1,1398,1,4,VAUXHALL CORSA,-1,-1,0,-1
2023531338210,2023,531338210,2,9,0,10,10,1,5,0,0,6,0,0,0,0,2,1,6,6,1,47,8,1364,1,6,VAUXHALL CORSA,4,E01018343,0,-1
2023010439320,2023,010439320,1,9,0,18,19,3,7,0,0,2,0,0,0,0,1,1,6,6,2,44,7,1389,1,17,VAUXHALL CORSA,1,E01033584,0,-1
2023221366274,2023,221366274,1,9,0,18,19,6,2,0,0,2,0,0,0,0,1,1,6,6,2,19,4,1229,1,10,VAUXHALL CORSA,3,E01014139,0,-1
2023010439648,2023,010439648,2,9,0,99,99,9,9,99,99,9,9,99,9,99,1,9,6,6,3,33,6,1248,2,11,VAUXHALL CORSA,8,E01017383,0,-1
2023531311944,2023,531311944,1,9,0,18,19,1,5,0,0,2,0,0,0,0,4,1,5,6,1,22,5,1248,2,12,VAUXHALL CORSA,5,E01022379,0,-1
2023411364320,2023,411364320,1,9,0,18,19,7,3,0,0,8,0,0,0,0,1,1,6,6,1,29,6,1398,1,13,VAUXHALL CORSA,4,E01023883,0,-1
2023991288788,2023,991288788,1,9,0,9,9,2,8,0,0,8,0,0,0,0,4,1,5,6,3,18,4,1398,1,5,VAUXHALL CORSA,9,-1,0,-1
2023131371567,2023,131371567,1,9,0,5,5,6,8,0,0,4,0,0,0,0,1,1,6,6,1,26,6,998,1,11,VAUXHALL CORSA,3,E01011478,0,-1
2023411334419,2023,411334419,2,9,0,12,12,5,1,0,0,1,0,0,0,0,1,1,5,6,2,46,8,1398,1,11,VAUXHALL CORSA,4,E01001478,0,-1
2023501288003,2023,501288003,2,9,0,2,2,0,0,0,0,0,0,0,1,0,2,1,6,6,3,43,7,1398,1,9,VAUXHALL CORSA,1,E01015256,0,-1
2023201276964,2023,201276964,2,9,0,18,19,3,7,0,0,0,1,10,7,1,2,1,6,6,2,-1,-1,1364,1,16,VAUXHALL CORSA,-1,-1,0,-1
2023631368284,2023,631368284,1,9,0,13,13,1,5,0,0,0,0,0,0,0,1,1,5,6,1,38,7,1229,1,12,VAUXHALL CORSA,3,W01001388,0,-1
2023501329255,2023,501329255,1,9,0,4,4,5,1,0,0,0,1,0,6,11,4,1,5,6,2,19,4,1398,1,5,VAUXHALL CORSA,4,E01020302,0,-1
2023421326485,2023,421326485,2,9,0,18,19,5,1,0,0,0,1,0,5,0,1,1,5,6,1,37,7,1398,1,6,VAUXHALL CORSA,6,E01023518,0,-1
2023010469178,2023,010469178,2,9,0,2,2,0,0,0,0,0,1,0,0,0,1,1,6,6,3,-1,-1,1398,1,6,VAUXHALL CORSA,-1,-1,0,-1
2023340NN2352,2023,340NN2352,1,9,0,18,19,4,8,0,0,0,0,0,0,0,1,1,6,6,1,-1,-1,1398,1,6,VAUXHALL CORSA,1,E01010125,0,-1
2023421318482,2023,421318482,2,9,0,9,9,8,6,0,0,1,0,0,0,0,3,1,6,6,1,29,6,1364,1,5,VAUXHALL CORSA,4,E01021287,0,-1
2023440427814,2023,440427814,1,9,0,18,19,7,3,0,0,8,0,0,0,0,4,1,6,6,1,34,6,1248,2,9,VAUXHALL CORSA,7,E01017048,0,-1
2023991374255,2023,991374255,1,9,0,18,19,7,2,0,0,0,0,0,0,0,1,1,2,2,1,53,8,1229,1,9,VAUXHALL CORSA,5,-1,0,-1
2023461394422,2023,461394422,1,9,0,7,7,3,7,0,0,1,0,0,0,0,3,1,6,6,2,22,5,1398,1,4,VAUXHALL CORSA,7,E01024804,0,-1
2023041350455,2023,041350455,2,9,0,2,2,1,5,0,0,0,0,0,0,0,2,1,6,6,1,32,6,1229,1,17,VAUXHALL CORSA,2,E01012746,0,-1
2023041335419,2023,041335419,1,9,0,18,19,7,3,0,0,8,0,0,0,0,1,1,5,6,1,27,6,1229,1,18,VAUXHALL CORSA,3,E01030026,0,-1
2023122301289,2023,122301289,1,9,0,13,13,8,4,0,0,0,0,0,0,0,1,1,2,2,1,17,4,1248,2,10,VAUXHALL CORSA,10,E01013452,0,-1
2023201411242,2023,201411242,1,9,0,16,19,4,7,0,0,2,0,0,0,0,4,1,5,6,1,30,6,1229,1,15,VAUXHALL CORSA,3,E01009392,0,-1
2023131261288,2023,131261288,1,9,0,18,19,1,5,0,0,1,0,0,0,0,1,1,2,2,2,44,7,1199,1,21,VAUXHALL CORSA,4,E01011098,0,-1
2023320267321,2023,320267321,2,9,0,18,19,8,2,0,0,1,0,0,0,0,1,1,6,6,1,58,9,1199,1,2,VAUXHALL CORSA,2,E01026277,0,-1
2023471302814,2023,471302814,1,9,0,18,19,5,1,0,0,0,0,0,0,0,1,1,6,6,1,30,6,1398,1,7,VAUXHALL CORSA,9,E01031588,0,-1
2023501333996,2023,501333996,2,9,0,4,4,8,4,0,0,0,0,0,0,0,2,1,5,6,2,28,6,1248,2,12,VAUXHALL CORSA,7,E01015127,0,-1
2023131387418,2023,131387418,1,9,0,7,7,7,3,0,0,2,0,0,0,0,1,1,5,6,2,22,5,998,1,14,VAUXHALL CORSA,5,E01011391,0,-1
2023122300253,2023,122300253,1,9,0,18,19,5,1,0,0,0,0,0,1,10,3,1,6,6,1,77,11,1229,1,15,VAUXHALL CORSA,4,E01008833,0,-1
2023340NN4072,2023,340NN4072,2,9,0,18,19,1,5,0,0,0,0,0,0,0,2,1,2,2,2,42,7,1398,1,7,VAUXHALL CORSA,4,E01026972,0,-1
2023061351811,2023,061351811,1,9,0,18,19,1,5,0,0,8,1,0,0,0,1,1,6,6,1,20,4,1398,1,12,VAUXHALL CORSA,1,E01005165,0,-1
2023991375273,2023,991375273,1,9,0,18,19,6,2,0,0,1,0,0,0,0,1,1,5,6,1,59,9,1364,1,5,VAUXHALL CORSA,6,-1,0,-1
2023440260394,2023,440260394,2,9,0,18,19,7,3,0,0,1,0,0,0,0,1,1,6,6,2,22,5,1229,1,15,VAUXHALL CORSA,5,E01017282,0,-1
2023201278616,2023,201278616,2,9,0,9,9,2,8,0,0,6,0,4,0,0,1,1,6,6,2,29,6,1398,1,10,VAUXHALL CORSA,2,E01010028,0,-1
2023041351135,2023,041351135,2,9,0,18,19,3,7,0,0,0,0,0,0,0,1,1,2,2,1,52,8,1199,1,24,VAUXHALL CORSA,7,E01025561,0,-1
2023622300822,2023,622300822,2,9,0,18,19,8,4,0,0,0,0,0,0,0,1,1,6,6,1,32,6,1248,2,16,VAUXHALL CORSA,1,W01001737,0,-1
2023010440833,2023,010440833,2,9,0,99,99,9,9,99,99,9,9,99,9,99,1,9,6,6,3,-1,-1,1364,1,14,VAUXHALL CORSA,-1,-1,0,-1
2023010420178,2023,010420178,2,9,0,99,99,9,9,99,99,9,9,99,9,99,9,9,6,6,3,-1,-1,1229,1,8,VAUXHALL CORSA,2,E01002087,0,-1
2023361329445,2023,361329445,2,9,0,18,19,2,5,0,0,8,0,0,0,0,3,1,5,6,2,28,6,1229,1,8,VAUXHALL CORSA,4,E01026602,0,-1
2023010450278,2023,010450278,2,9,0,99,99,9,9,99,99,9,9,99,9,99,9,9,6,6,1,28,6,1229,1,13,VAUXHALL CORSA,3,E01003135,0,-1
2023010458062,2023,010458062,1,9,0,5,5,7,3,0,0,1,0,0,0,0,2,1,2,2,1,50,8,1229,1,10,VAUXHALL CORSA,9,E01001606,0,-1
2023522324835,2023,522324835,1,9,0,3,3,4,8,0,0,0,0,0,0,0,2,1,6,6,1,19,4,1598,1,7,VAUXHALL CORSA,9,E01014796,0,-1
2023101354245,2023,101354245,1,9,0,18,19,2,6,0,0,0,0,0,0,0,3,1,6,6,2,67,10,1398,1,6,VAUXHALL CORSA,1,E01008305,0,-1
2023461274219,2023,461274219,3,9,0,2,2,0,0,0,0,0,0,0,0,0,1,1,6,6,3,-1,-1,1398,1,7,VAUXHALL CORSA,-1,-1,0,-1
2023440071424,2023,440071424,1,9,0,7,7,5,7,0,0,2,0,0,0,0,1,1,6,6,2,44,7,1229,1,12,VAUXHALL CORSA,4,E01022523,0,-1
2023061386412,2023,061386412,1,9,0,5,5,3,6,0,0,1,0,0,0,0,1,1,6,6,3,30,6,1199,1,1,VAUXHALL CORSA,-1,-1,0,-1
2023010439053,2023,010439053,2,9,0,4,4,6,2,0,0,1,0,0,0,0,2,1,6,6,1,23,5,1229,1,11,VAUXHALL CORSA,4,E01001023,0,-1
2023461277427,2023,461277427,2,9,0,18,19,1,5,0,0,0,0,0,0,0,2,1,5,6,2,20,4,1398,1,7,VAUXHALL CORSA,9,E01016112,0,-1
2023430356833,2023,430356833,1,9,0,18,19,6,2,0,0,8,0,0,0,0,1,1,6,6,2,74,10,1398,1,8,VAUXHALL CORSA,4,E01016400,0,-1
2023311353336,2023,311353336,1,9,0,18,19,2,7,1,1,1,0,0,0,0,1,1,5,6,1,56,9,1398,1,8,VAUXHALL CORSA,2,E01013933,0,-1
2023201340145,2023,201340145,1,9,0,11,11,4,8,0,0,0,5,10,2,7,1,1,6,6,2,24,5,1398,1,4,VAUXHALL CORSA,1,E01013811,0,-1
2023131371822,2023,131371822,4,9,0,2,2,0,0,0,0,2,0,0,0,0,3,1,6,6,3,-1,-1,1229,1,10,VAUXHALL CORSA,-1,-1,0,-1
2023361269044,2023,361269044,1,9,0,18,19,8,4,0,0,0,0,0,0,0,1,1,5,6,1,27,6,1598,1,5,VAUXHALL CORSA,2,E01011809,0,-1
2023421387426,2023,421387426,1,9,0,18,19,3,7,0,0,0,1,0,1,0,4,1,6,6,2,33,6,1229,1,13,VAUXHALL CORSA,6,E01021796,0,-1
2023061278732,2023,061278732,2,9,0,4,4,4,8,0,0,0,0,0,0,0,2,1,6,6,1,23,5,1398,1,8,VAUXHALL CORSA,5,E01032914,0,-1
2023041274749,2023,041274749,2,9,0,18,19,4,8,0,0,0,1,1,0,0,1,1,2,2,2,19,4,1229,1,10,VAUXHALL CORSA,4,E01006278,0,-1
2023401296310,2023,401296310,1,9,0,5,5,-1,-1,9,9,0,0,0,0,0,1,1,5,6,2,35,6,1199,1,2,VAUXHALL CORSA,4,E01026750,0,-1
2023141316828,2023,141316828,1,9,0,3,3,3,7,0,0,1,0,0,0,0,2,1,1,1,1,52,8,1499,2,1,VAUXHALL CORSA,1,E01007645,0,-1
2023221388146,2023,221388146,1,9,0,18,19,1,5,0,0,0,0,0,1,0,4,1,6,6,2,30,6,1229,1,12,VAUXHALL CORSA,1,E01010340,0,-1
2023161386940,2023,161386940,1,9,0,18,19,1,5,0,0,1,0,4,0,0,1,1,5,6,2,85,11,1229,1,16,VAUXHALL CORSA,3,E01013245,0,-1
2023520300689,2023,520300689,2,9,0,18,19,4,8,0,0,0,0,0,0,0,2,1,6,6,2,57,9,1398,1,8,VAUXHALL CORSA,5,E01029330,0,-1
2023061371408,2023,061371408,1,9,0,5,5,4,4,0,0,0,0,0,0,0,4,1,5,6,2,41,7,1229,1,9,VAUXHALL CORSA,2,E01005163,0,-1
2023010429130,2023,010429130,1,9,0,99,99,9,9,99,99,9,9,99,9,99,9,1,6,6,1,35,6,1248,2,15,VAUXHALL CORSA,3,E01001368,0,-1
2023010425913,2023,010425913,1,9,0,99,99,9,9,99,99,9,9,99,9,99,9,9,6,6,2,23,5,1364,1,14,VAUXHALL CORSA,2,E01001079,0,-1
2023041342878,2023,041342878,1,9,0,7,7,5,7,0,0,2,0,0,0,0,4,1,1,1,2,61,9,1248,2,7,VAUXHALL CORSA,5,E01025311,0,-1
2023161269349,2023,161269349,1,9,0,18,19,5,1,0,0,2,0,4,1,0,1,1,5,6,2,25,5,998,1,12,VAUXHALL CORSA,6,E01012923,0,-1
2023340NN3342,2023,340NN3342,2,9,0,18,19,4,8,0,0,4,0,0,0,0,2,1,6,6,2,19,4,1229,1,8,VAUXHALL CORSA,7,E01027309,0,-1
2023221373514,2023,221373514,2,9,0,18,19,6,2,0,0,1,0,0,0,0,1,1,5,6,1,19,4,1248,2,12,VAUXHALL CORSA,8,E01028887,0,-1
2023991298064,2023,991298064,1,9,0,14,14,2,6,0,0,1,0,0,0,0,4,1,5,6,2,29,6,998,1,12,VAUXHALL CORSA,3,-1,0,-1
2023411300646,2023,411300646,2,9,0,18,19,5,1,0,0,2,0,0,0,0,4,1,5,6,2,24,5,998,1,15,VAUXHALL CORSA,5,E01023867,0,-1
2023201311226,2023,201311226,2,9,0,18,19,7,3,0,0,0,0,10,7,4,2,1,6,6,1,21,5,1686,2,13,VAUXHALL CORSA,2,E01009840,0,-1
2023991284400,2023,991284400,1,9,0,16,19,1,5,0,0,0,1,0,1,0,3,1,5,6,1,47,8,1398,1,8,VAUXHALL CORSA,2,-1,0,-1
2023440420970,2023,440420970,1,9,0,9,9,8,6,0,0,1,0,0,0,0,3,1,6,6,2,18,4,1229,1,11,VAUXHALL CORSA,10,E01022517,0,-1
2023131339093,2023,131339093,1,9,0,18,19,3,1,0,0,0,0,0,1,0,1,1,5,6,1,23,5,1598,1,15,VAUXHALL CORSA,1,E01011345,0,-1
2023070654198,2023,070654198,1,9,0,9,9,7,3,0,0,8,0,0,0,0,3,1,6,6,2,63,9,1229,1,14,VAUXHALL CORSA,10,E01018632,0,-1
2023411288953,2023,411288953,2,9,0,18,19,7,3,0,0,0,1,0,0,0,4,1,5,6,1,70,10,1398,1,5,VAUXHALL CORSA,6,E01023900,0,-1
2023161356180,2023,161356180,1,9,0,12,12,1,5,0,0,1,0,0,0,0,3,1,5,6,1,52,8,1229,1,9,VAUXHALL CORSA,3,E01012795,0,-1
2023991373632,2023,991373632,3,9,0,9,9,7,3,0,0,1,0,0,0,0,1,1,5,6,2,57,9,1199,1,3,VAUXHALL CORSA,4,-1,0,-1
2023501341789,2023,501341789,1,9,5,17,19,6,3,0,0,0,0,0,1,4,1,1,5,6,1,17,4,1229,1,13,VAUXHALL CORSA,8,E01020520,0,-1
202354B095823,2023,54B095823,2,9,0,4,4,1,5,0,0,1,0,0,0,0,2,1,6,6,2,26,6,1199,1,3,VAUXHALL CORSA,4,E01031895,0,-1
2023430251815,2023,430251815,2,9,0,18,19,1,5,0,0,4,0,0,0,0,1,1,6,6,2,-1,-1,1398,1,5,VAUXHALL CORSA,-1,-1,0,-1
2023311279755,2023,311279755,1,9,0,14,14,5,1,0,0,0,0,0,0,0,1,1,5,6,1,18,4,1398,1,7,VAUXHALL CORSA,5,E01028314,0,-1
2023010429918,2023,010429918,2,9,0,9,9,2,8,0,0,1,0,0,0,0,1,1,6,6,2,26,6,1398,1,12,VAUXHALL CORSA,10,E01002435,0,-1
2023131381524,2023,131381524,2,9,0,18,19,1,5,0,0,1,0,0,0,0,3,1,5,6,3,64,9,1248,2,14,VAUXHALL CORSA,2,E01010605,0,-1
2023461375163,2023,461375163,1,9,0,9,9,1,7,0,0,6,0,0,0,0,4,1,6,6,2,32,6,1398,1,7,VAUXHALL CORSA,6,E01032807,0,-1
2023371371167,2023,371371167,2,9,0,3,3,1,5,0,0,0,0,0,0,0,2,1,5,6,2,17,4,1499,2,3,VAUXHALL CORSA,7,E01029945,0,-1
2023201330059,2023,201330059,1,9,0,5,5,6,2,0,0,6,0,0,0,0,4,1,6,6,1,26,6,1229,1,14,VAUXHALL CORSA,2,E01009391,0,-1
2023351282728,2023,351282728,1,9,0,18,19,5,1,0,0,0,0,0,1,1,4,1,6,6,3,-1,-1,1248,2,14,VAUXHALL CORSA,-1,-1,0,-1
2023430550163,2023,430550163,1,9,0,18,19,2,6,0,0,8,0,0,0,0,4,1,2,2,2,31,6,1364,1,14,VAUXHALL CORSA,8,E01016408,0,-1
2023052300737,2023,052300737,1,9,0,9,9,6,5,0,0,8,0,0,0,0,1,1,2,2,1,21,5,998,1,9,VAUXHALL CORSA,9,E01018381,0,-1
2023991362060,2023,991362060,1,9,0,16,19,5,8,0,0,0,0,0,0,0,1,1,6,6,2,86,11,1229,1,10,VAUXHALL CORSA,9,-1,0,-1
2023010460272,2023,010460272,1,9,0,4,4,5,1,0,0,0,0,0,0,0,2,1,6,6,1,28,6,1199,1,3,VAUXHALL CORSA,2,E01003594,0,-1
2023440260517,2023,440260517,2,9,0,18,19,7,3,0,0,1,0,0,0,0,1,1,6,6,2,19,4,1229,1,11,VAUXHALL CORSA,10,E01023220,0,-1
2023131362351,2023,131362351,1,9,0,7,7,5,3,0,0,8,0,0,0,0,1,1,2,2,1,40,7,1229,1,11,VAUXHALL CORSA,3,E01010793,0,-1
2023421299728,2023,421299728,1,9,0,9,9,1,7,0,0,6,0,0,0,0,4,1,2,2,2,21,5,1229,1,16,VAUXHALL CORSA,5,E01015989,0,-1
2023221333773,2023,221333773,1,9,0,9,9,5,2,0,0,6,0,0,1,0,3,1,2,2,2,25,5,1199,1,22,VAUXHALL CORSA,10,E01009859,0,-1
2023461364736,2023,461364736,1,9,0,13,13,1,5,0,0,0,0,0,0,0,4,1,6,6,2,81,11,1199,1,20,VAUXHALL CORSA,5,E01024393,0,-1
2023440350351,2023,440350351,1,9,0,16,19,2,4,0,0,0,0,0,7,11,1,1,6,6,2,17,4,999,1,8,VAUXHALL CORSA,10,E01032859,0,-1
2023010442358,2023,010442358,3,9,0,4,4,7,3,0,0,5,0,0,0,0,1,1,6,6,1,42,7,1229,1,8,VAUXHALL CORSA,7,E01016370,0,-1
2023991323799,2023,991323799,1,9,0,16,19,4,8,0,0,0,1,0,1,0,1,1,6,6,1,21,5,1398,1,8,VAUXHALL CORSA,7,-1,0,-1
2023991309036,2023,991309036,1,9,0,16,19,1,5,0,0,0,2,0,7,0,1,1,1,1,2,21,5,1229,1,9,VAUXHALL CORSA,8,-1,0,-1
2023302300747,2023,302300747,1,9,0,5,5,5,1,0,0,0,0,0,0,0,1,1,6,6,2,57,9,1398,1,11,VAUXHALL CORSA,6,E01013589,0,-1
2023552300160,2023,552300160,1,9,0,16,19,3,6,0,0,0,1,0,0,0,1,1,2,2,1,21,5,1229,1,14,VAUXHALL CORSA,5,E01032056,0,-1
2023501290513,2023,501290513,2,9,-1,-1,-1,8,4,-1,-1,-1,-1,-1,-1,0,-1,1,5,6,1,-1,-1,1199,1,1,VAUXHALL CORSA,-1,-1,0,-1
2023010442659,2023,010442659,1,9,0,9,9,4,1,2,2,5,0,0,0,0,3,1,6,6,1,42,7,1199,1,3,VAUXHALL CORSA,5,E01003953,0,-1
2023010443724,2023,010443724,2,9,0,99,99,9,9,99,99,9,9,99,9,99,1,9,6,6,3,-1,-1,1229,1,10,VAUXHALL CORSA,6,E01001138,0,-1
2023421303166,2023,421303166,2,9,0,2,2,0,0,9,9,1,0,0,0,0,3,1,6,6,3,-1,-1,1389,1,29,VAUXHALL CORSA,-1,-1,0,-1
2023631345668,2023,631345668,1,9,0,4,4,2,7,0,0,0,0,0,2,11,4,1,5,6,1,75,10,998,1,11,VAUXHALL CORSA,1,E01005657,0,-1
2023311325935,2023,311325935,1,9,0,18,19,6,2,0,0,1,0,0,0,0,2,1,1,1,2,48,8,1199,1,2,VAUXHALL CORSA,6,E01027997,0,-1
2023010426160,2023,010426160,1,9,0,18,19,1,5,0,0,3,1,10,0,0,1,1,6,6,2,22,5,1229,1,10,VAUXHALL CORSA,4,E01001183,0,-1
2023070719387,2023,070719387,1,9,0,18,19,4,8,0,0,0,0,0,0,0,1,1,6,6,1,21,5,1229,1,10,VAUXHALL CORSA,5,E01018480,0,-1
2023070509225,2023,070509225,3,9,0,2,2,0,0,0,0,0,0,0,0,0,3,1,6,6,2,-1,-1,973,1,20,VAUXHALL CORSA,1,E01018462,0,-1
2023031294537,2023,031294537,1,9,0,18,19,4,6,0,0,0,0,0,1,0,1,1,5,6,1,18,4,1229,1,18,VAUXHALL CORSA,5,E01006462,0,-1
2023610007823,2023,610007823,1,9,0,13,13,5,1,0,0,0,0,0,0,0,1,1,6,6,1,93,11,1199,1,3,VAUXHALL CORSA,-1,-1,0,-1
2023041355022,2023,041355022,2,9,0,3,3,7,3,0,0,1,0,2,0,0,4,1,2,2,2,58,9,998,1,16,VAUXHALL CORSA,1,E01025188,0,-1
2023461287690,2023,461287690,1,9,0,18,19,3,7,0,0,0,0,0,0,0,1,1,6,6,1,20,4,998,1,11,VAUXHALL CORSA,6,E01024674,0,-1