collision_index,collision_year,collision_ref_no,vehicle_reference,vehicle_type,towing_and_articulation,vehicle_manoeuvre_historic,vehicle_manoeuvre,vehicle_direction_from,vehicle_direction_to,vehicle_location_restricted_lane_historic,vehicle_location_restricted_lane,junction_location,skidding_and_overturning,hit_object_in_carriageway,vehicle_leaving_carriageway,hit_object_off_carriageway,first_point_of_impact,vehicle_left_hand_drive,journey_purpose_of_driver_historic,journey_purpose_of_driver,sex_of_driver,age_of_driver,age_band_of_driver,engine_capacity_cc,propulsion_code,age_of_vehicle,generic_make_model,driver_imd_decile,lsoa_of_driver,escooter_flag,driver_distance_banding
2023501322185,2023,501322185,1,9,0,5,5,2,6,0,0,5,0,0,3,11,1,1,6,6,1,71,10,-1,3,2,VAUXHALL CORSA,4,E01020100,0,-1
2023061285981,2023,061285981,3,9,0,3,3,8,3,0,0,6,0,0,0,0,3,1,5,6,1,33,6,1199,1,3,VAUXHALL CORSA,1,E01006031,0,-1
2023010428171,2023,010428171,3,9,0,2,2,0,0,0,0,1,0,4,0,0,1,1,6,6,3,-1,-1,1229,1,13,VAUXHALL CORSA,-1,-1,0,-1
2023010466868,2023,010466868,1,9,0,18,19,1,5,0,0,3,0,0,0,0,1,1,1,1,1,39,7,1398,1,7,VAUXHALL CORSA,-1,-1,0,-1
2023201283848,2023,201283848,1,9,0,18,19,4,8,0,0,0,0,0,0,0,3,1,6,6,2,31,6,1229,1,9,VAUXHALL CORSA,7,E01028941,0,-1
2023522300535,2023,522300535,3,9,0,3,3,3,7,0,0,1,0,0,0,0,2,1,6,6,1,32,6,1398,1,10,VAUXHALL CORSA,9,E01014943,0,-1
2023010442770,2023,010442770,2,9,0,99,99,9,9,99,99,9,9,99,9,99,1,9,6,6,3,-1,-1,1398,1,12,VAUXHALL CORSA,-1,-1,0,-1
2023440423358,2023,440423358,2,9,0,18,19,6,2,0,0,8,0,0,0,0,4,1,6,6,2,27,6,1398,1,6,VAUXHALL CORSA,10,E01023220,0,-1
2023552301372,2023,552301372,2,9,0,18,19,6,1,0,0,8,0,0,0,0,1,1,6,6,1,24,5,1364,1,15,VAUXHALL CORSA,5,E01020512,0,-1
2023070285708,2023,070285708,4,9,0,4,4,3,7,0,0,1,0,0,0,0,2,1,6,6,2,43,7,1199,1,1,VAUXHALL CORSA,3,E01018552,0,-1
2023101327548,2023,101327548,2,9,0,3,3,4,8,0,0,1,0,0,0,0,2,1,5,6,2,29,6,1199,1,1,VAUXHALL CORSA,3,E01008375,0,-1
2023991344497,2023,991344497,1,9,0,18,19,3,7,0,0,1,0,0,0,0,4,1,5,6,1,21,5,1598,1,16,VAUXHALL CORSA,6,-1,0,-1
2023340WN2122,2023,340WN2122,2,9,0,4,4,5,1,0,0,0,0,0,0,0,1,1,4,7,2,17,4,1229,1,15,VAUXHALL CORSA,6,E01026986,0,-1
2023221261170,2023,221261170,2,9,0,18,19,1,5,0,0,1,0,0,0,0,1,1,6,6,1,34,6,1364,1,14,VAUXHALL CORSA,5,E01032454,0,-1
2023320445602,2023,320445602,1,9,0,18,19,6,2,0,0,4,0,0,0,0,1,1,2,2,2,46,8,1398,1,5,VAUXHALL CORSA,5,E01026409,0,-1
2023302300981,2023,302300981,1,9,0,5,5,6,4,0,0,6,0,0,0,0,1,1,6,6,1,23,5,998,1,19,VAUXHALL CORSA,8,E01019867,0,-1
2023421361275,2023,421361275,2,9,0,10,10,2,1,0,0,1,0,0,0,0,2,1,6,6,2,61,9,1398,1,5,VAUXHALL CORSA,4,E01021636,0,-1
2023351296817,2023,351296817,2,9,0,18,19,4,8,0,0,0,2,10,1,4,2,1,6,6,1,44,7,1398,1,7,VAUXHALL CORSA,10,E01018274,0,-1
2023440042641,2023,440042641,1,9,0,18,19,4,8,0,0,0,0,0,0,0,1,1,2,2,2,40,7,1398,1,9,VAUXHALL CORSA,-1,-1,0,-1
2023052302085,2023,052302085,1,9,0,18,19,3,7,0,0,1,0,0,9,11,1,1,6,6,1,17,4,1199,1,3,VAUXHALL CORSA,9,E01012374,0,-1
2023041334744,2023,041334744,3,9,0,2,2,0,0,0,0,0,0,0,0,0,3,1,6,6,3,-1,-1,1248,2,14,VAUXHALL CORSA,-1,-1,0,-1
2023991321941,2023,991321941,2,9,0,18,19,5,1,0,0,1,0,0,0,0,2,1,2,2,2,28,6,1398,1,8,VAUXHALL CORSA,7,-1,0,-1
2023411329392,2023,411329392,2,9,0,2,2,-1,-1,0,0,0,0,0,0,0,2,1,6,6,3,-1,-1,1398,1,8,VAUXHALL CORSA,-1,-1,0,-1
2023351318447,2023,351318447,2,9,0,18,19,5,1,0,0,0,0,0,0,0,3,1,1,1,2,52,8,1398,1,11,VAUXHALL CORSA,8,E01018206,0,-1
2023320486893,2023,320486893,2,9,0,2,2,0,0,0,0,0,0,0,0,0,1,1,6,6,3,-1,-1,1199,1,1,VAUXHALL CORSA,-1,-1,0,-1
2023501355864,2023,501355864,1,9,0,9,9,4,2,0,0,8,1,0,1,10,1,1,5,6,2,20,4,1398,1,11,VAUXHALL CORSA,2,W01000379,0,-1
2023411287407,2023,411287407,1,9,0,1,1,-1,-1,0,0,0,0,0,0,0,3,1,6,6,1,26,6,1398,1,4,VAUXHALL CORSA,7,E01021902,0,-1
2023010424636,2023,010424636,1,9,5,5,5,6,2,0,0,0,0,0,0,0,1,1,6,6,1,31,6,1229,1,16,VAUXHALL CORSA,1,E01008929,0,-1
2023201345024,2023,201345024,1,9,0,18,19,5,1,0,0,0,0,0,0,0,1,1,6,6,2,18,4,1398,1,7,VAUXHALL CORSA,2,E01009029,0,-1
2023520301195,2023,520301195,1,9,0,18,19,6,1,0,0,0,0,0,0,0,3,1,6,6,2,36,7,1398,1,7,VAUXHALL CORSA,3,E01029284,0,-1
2023031324773,2023,031324773,1,9,0,5,5,1,5,0,0,2,0,0,0,0,1,1,5,6,2,17,4,1229,1,12,VAUXHALL CORSA,9,E01019124,0,-1
2023201375050,2023,201375050,2,9,0,18,19,3,7,0,0,8,0,0,0,0,3,1,6,6,2,20,4,1229,1,10,VAUXHALL CORSA,1,E01006981,0,-1
2023061325004,2023,061325004,1,9,0,5,5,3,7,0,0,0,0,0,0,0,3,1,5,6,2,21,5,1229,1,9,VAUXHALL CORSA,6,E01004999,0,-1
2023010445387,2023,010445387,1,9,0,9,9,5,3,0,0,6,0,0,2,4,3,1,2,2,2,62,9,1398,1,6,VAUXHALL CORSA,6,E01000487,0,-1
2023131302585,2023,131302585,1,9,0,5,5,7,1,0,0,6,0,0,0,0,1,1,6,6,2,36,7,1398,1,13,VAUXHALL CORSA,5,E01011870,0,-1
2023201298980,2023,201298980,2,9,0,18,19,8,4,0,0,8,0,0,0,0,3,1,6,6,1,59,9,1364,1,14,VAUXHALL CORSA,2,E01010535,0,-1
2023041311981,2023,041311981,1,9,0,10,10,3,7,0,0,8,0,0,0,0,3,1,2,2,2,27,6,1229,1,18,VAUXHALL CORSA,4,E01025099,0,-1
2023361380633,2023,361380633,1,9,0,4,4,1,5,6,6,0,2,10,1,0,4,1,1,1,1,56,9,1229,1,13,VAUXHALL CORSA,-1,-1,0,-1
2023010429016,2023,010429016,1,9,0,99,99,9,9,99,99,0,9,99,9,99,2,9,2,2,1,20,4,998,1,10,VAUXHALL CORSA,2,E01004400,0,-1
2023991383105,2023,991383105,1,9,0,9,9,7,5,0,0,2,1,0,0,0,1,1,5,6,1,26,6,1248,2,11,VAUXHALL CORSA,-1,-1,0,-1
2023010432222,2023,010432222,2,9,0,99,99,9,9,99,99,9,9,99,9,99,1,9,6,6,3,-1,-1,1398,1,10,VAUXHALL CORSA,-1,-1,0,-1
2023141299356,2023,141299356,2,9,0,18,19,4,8,0,0,0,0,0,0,0,1,1,6,6,3,25,5,1229,1,16,VAUXHALL CORSA,-1,-1,0,-1
2023221285998,2023,221285998,2,9,0,7,7,1,3,0,0,3,0,0,0,0,4,1,6,6,1,21,5,1598,1,16,VAUXHALL CORSA,4,W01000332,0,-1
2023010441742,2023,010441742,1,9,0,17,19,3,7,0,0,0,0,10,0,0,1,1,6,6,3,-1,-1,1229,1,17,VAUXHALL CORSA,-1,-1,0,-1
2023161274208,2023,161274208,1,9,0,18,19,8,4,0,0,8,0,0,0,0,1,1,5,6,1,17,4,1398,1,4,VAUXHALL CORSA,3,E01012759,0,-1
2023440293739,2023,440293739,1,9,0,9,9,7,5,0,0,8,5,0,0,0,4,1,6,6,1,25,5,1199,1,2,VAUXHALL CORSA,-1,-1,0,-1
2023010450262,2023,010450262,1,9,0,7,7,2,4,0,0,1,0,0,0,0,4,1,2,2,2,34,6,1398,1,7,VAUXHALL CORSA,5,E01001105,0,-1
2023131392145,2023,131392145,1,9,0,17,19,6,2,0,0,2,2,0,2,11,1,1,6,6,1,19,4,998,1,16,VAUXHALL CORSA,6,E01027560,0,-1
2023311327334,2023,311327334,1,9,0,18,19,5,1,0,0,0,0,0,0,0,1,1,5,6,2,27,6,1398,1,8,VAUXHALL CORSA,3,E01028258,0,-1
2023631342209,2023,631342209,1,9,0,18,19,4,8,0,0,0,0,0,0,0,1,1,1,1,2,19,4,998,1,10,VAUXHALL CORSA,6,W01000431,0,-1
2023991318923,2023,991318923,1,9,0,18,19,3,8,0,0,0,0,0,1,2,1,1,5,6,2,77,11,1398,1,5,VAUXHALL CORSA,2,-1,0,-1
2023522301729,2023,522301729,1,9,0,18,19,2,6,0,0,0,0,0,0,0,1,1,6,6,1,52,8,1398,1,10,VAUXHALL CORSA,3,E01014646,0,-1
2023311275313,2023,311275313,1,9,0,4,4,1,6,0,0,0,0,0,0,0,2,1,6,6,2,58,9,1398,1,8,VAUXHALL CORSA,3,E01013983,0,-1
2023231366129,2023,231366129,1,9,0,4,4,6,2,0,0,1,0,0,0,0,1,1,6,6,1,45,7,1364,1,15,VAUXHALL CORSA,4,E01031115,0,-1
2023411412783,2023,411412783,2,9,0,18,19,2,6,0,0,1,0,0,0,0,1,1,5,6,2,57,9,1199,1,1,VAUXHALL CORSA,7,E01027050,0,-1
2023401433323,2023,401433323,3,9,0,4,4,3,7,0,0,0,0,0,0,0,1,1,5,6,2,53,8,1229,1,9,VAUXHALL CORSA,9,E01017439,0,-1
2023201409584,2023,201409584,1,9,0,18,19,5,1,0,0,2,0,0,0,0,4,1,6,6,3,48,8,1229,1,12,VAUXHALL CORSA,8,E01009464,0,-1
2023552300375,2023,552300375,1,9,0,9,9,2,1,0,0,6,0,0,0,0,4,1,1,1,1,61,9,973,1,22,VAUXHALL CORSA,4,E01020578,0,-1
2023991259294,2023,991259294,1,9,0,18,19,4,8,0,0,0,5,0,1,2,1,1,5,6,1,20,4,1229,1,10,VAUXHALL CORSA,5,-1,0,-1
2023991297540,2023,991297540,2,9,0,18,19,6,2,0,0,8,0,0,0,0,1,1,5,6,1,61,9,1199,1,2,VAUXHALL CORSA,8,-1,0,-1
2023440367136,2023,440367136,2,9,0,18,19,6,2,0,0,0,0,0,0,0,1,1,6,6,2,21,5,1229,1,12,VAUXHALL CORSA,3,E01015386,0,-1
2023131355665,2023,131355665,1,9,0,18,19,5,1,0,0,0,0,4,0,0,1,1,2,2,1,26,6,1398,1,5,VAUXHALL CORSA,1,E01011295,0,-1
2023201400887,2023,201400887,1,9,0,18,19,6,2,0,0,8,0,0,0,0,1,1,6,6,1,24,5,1229,1,8,VAUXHALL CORSA,2,E01009788,0,-1
2023421308836,2023,421308836,1,9,0,18,19,1,5,0,0,0,0,0,0,0,1,1,6,6,1,20,4,1229,1,11,VAUXHALL CORSA,4,E01021636,0,-1
2023461320979,2023,461320979,1,9,0,17,19,5,1,0,0,0,1,0,7,0,1,1,6,6,1,18,4,1229,1,13,VAUXHALL CORSA,8,E01024158,0,-1
2023201281117,2023,201281117,2,9,0,8,8,4,7,0,0,1,0,0,0,0,2,1,5,6,2,26,6,998,1,14,VAUXHALL CORSA,5,E01010432,0,-1
2023440325515,2023,440325515,1,9,0,18,19,1,5,0,0,1,0,0,0,0,1,1,2,2,1,18,4,999,1,8,VAUXHALL CORSA,10,E01030774,0,-1
2023451366148,2023,451366148,1,9,0,18,19,5,1,0,0,0,2,0,0,0,1,1,2,2,1,25,5,1229,1,11,VAUXHALL CORSA,1,E01000744,0,-1
2023010448762,2023,010448762,2,9,0,5,5,1,5,9,9,1,1,0,0,0,3,2,2,2,1,25,5,1199,1,1,VAUXHALL CORSA,3,E01000638,0,-1
2023461394975,2023,461394975,2,9,0,4,4,1,5,0,0,1,1,0,0,0,2,1,6,6,2,24,5,1199,1,3,VAUXHALL CORSA,9,E01023993,0,-1
2023501380865,2023,501380865,1,9,0,17,19,5,1,0,0,0,2,0,1,10,4,1,2,2,2,24,5,1229,1,16,VAUXHALL CORSA,4,E01019024,0,-1
2023522301726,2023,522301726,2,9,0,17,19,3,8,0,0,3,0,0,0,0,2,1,6,6,1,31,6,1229,1,8,VAUXHALL CORSA,2,W01001496,0,-1
2023991378966,2023,991378966,1,9,0,18,19,8,4,0,0,0,0,0,0,0,1,1,5,6,2,20,4,998,1,10,VAUXHALL CORSA,5,-1,0,-1
2023522301621,2023,522301621,1,9,0,17,19,2,7,0,0,4,0,0,0,0,1,1,6,6,2,34,6,1398,1,8,VAUXHALL CORSA,7,E01014651,0,-1
2023411265920,2023,411265920,1,9,0,11,11,8,4,0,0,0,0,0,0,0,2,1,6,6,2,23,5,998,1,14,VAUXHALL CORSA,8,E01023311,0,-1
2023141355941,2023,141355941,1,9,0,18,19,3,7,0,0,0,0,0,0,0,1,1,1,1,1,27,6,1229,1,9,VAUXHALL CORSA,3,E01007800,0,-1
2023010459692,2023,010459692,2,9,0,99,99,9,9,99,99,9,9,99,9,99,9,9,6,6,1,53,8,1398,1,11,VAUXHALL CORSA,4,E01003529,0,-1
2023111360132,2023,111360132,1,9,0,18,19,1,5,0,0,0,0,0,0,0,1,1,5,6,1,46,8,1686,2,10,VAUXHALL CORSA,2,E01020805,0,-1
2023991303607,2023,991303607,1,9,0,4,4,1,8,0,0,1,0,0,0,0,1,1,6,6,2,53,8,1398,1,12,VAUXHALL CORSA,9,-1,0,-1
2023131314342,2023,131314342,2,9,0,2,2,1,5,0,0,1,0,0,0,0,2,1,6,6,1,26,6,1199,1,1,VAUXHALL CORSA,3,E01010835,0,-1
2023201398559,2023,201398559,1,9,0,3,3,1,1,0,0,1,0,0,0,0,2,1,5,6,1,33,6,1229,1,12,VAUXHALL CORSA,1,E01009640,0,-1
2023401330561,2023,401330561,2,9,0,12,12,7,3,0,0,1,0,0,0,0,3,1,5,6,2,19,4,1229,1,9,VAUXHALL CORSA,9,E01017585,0,-1
2023332300324,2023,332300324,2,9,0,5,5,4,8,0,0,0,0,0,0,0,1,1,6,6,1,25,5,1229,1,13,VAUXHALL CORSA,3,E01013713,0,-1
2023421274573,2023,421274573,2,9,0,4,4,5,1,0,0,0,0,0,0,0,2,1,6,6,1,28,6,1364,1,5,VAUXHALL CORSA,7,E01000326,0,-1
2023101334706,2023,101334706,5,9,0,18,19,5,1,0,0,0,0,0,0,0,2,1,6,6,2,25,5,1229,1,10,VAUXHALL CORSA,-1,-1,0,-1
2023010425315,2023,010425315,1,9,0,18,19,3,7,0,0,0,0,0,0,0,1,1,6,6,1,21,5,1229,1,11,VAUXHALL CORSA,5,E01003833,0,-1
2023161350960,2023,161350960,1,9,0,18,19,8,4,0,0,1,0,11,0,0,1,1,5,6,2,48,8,998,1,13,VAUXHALL CORSA,8,E01013226,0,-1
2023201384670,2023,201384670,2,9,0,18,19,6,4,0,0,8,0,0,0,0,1,1,6,6,2,53,8,1398,1,7,VAUXHALL CORSA,10,E01010191,0,-1
2023131318704,2023,131318704,2,9,0,9,9,3,5,0,0,6,0,0,0,0,1,1,2,2,1,59,9,1686,2,15,VAUXHALL CORSA,6,E01027918,0,-1
2023311299793,2023,311299793,1,9,0,18,19,2,6,0,0,2,0,0,0,0,3,1,1,1,2,46,8,1229,1,13,VAUXHALL CORSA,2,E01013827,0,-1
2023411283586,2023,411283586,1,9,0,18,19,-1,-1,0,0,0,0,0,0,0,1,1,6,6,1,32,6,1364,1,15,VAUXHALL CORSA,9,E01017417,0,-1
2023451316107,2023,451316107,2,9,0,9,9,3,1,0,0,8,0,0,0,0,3,1,2,2,1,19,4,1229,1,11,VAUXHALL CORSA,10,E01028664,0,-1
2023101366228,2023,101366228,1,9,0,7,7,1,5,0,0,3,1,0,0,0,1,1,5,6,2,23,5,1398,1,4,VAUXHALL CORSA,9,E01027549,0,-1
2023622300170,2023,622300170,1,9,0,18,19,8,4,0,0,0,0,0,0,0,1,1,2,2,1,44,7,1248,2,9,VAUXHALL CORSA,4,W01001270,0,-1
2023430290428,2023,430290428,1,9,0,11,11,1,5,0,0,0,1,0,1,9,3,1,6,6,2,19,4,1398,1,8,VAUXHALL CORSA,6,E01016306,0,-1
2023101288145,2023,101288145,2,9,0,3,3,5,1,0,0,1,0,0,0,0,2,1,6,6,2,35,6,1229,1,8,VAUXHALL CORSA,6,E01008577,0,-1
2023010481493,2023,010481493,2,9,0,99,99,9,9,99,99,0,9,99,9,99,2,9,6,6,3,-1,-1,1248,2,8,VAUXHALL CORSA,-1,-1,0,-1
2023031343221,2023,031343221,1,9,0,18,19,1,5,0,0,0,0,4,0,0,1,1,5,6,2,28,6,1398,1,7,VAUXHALL CORSA,5,E01019278,0,-1
2023131330956,2023,131330956,2,9,0,18,19,5,1,0,0,0,0,0,0,0,2,1,6,6,1,65,9,1199,1,22,VAUXHALL CORSA,2,E01007579,0,-1
2023471290196,2023,471290196,3,9,0,3,3,7,3,0,0,0,0,0,0,0,2,1,2,2,1,23,5,1362,1,10,VAUXHALL CORSA,9,E01031711,0,-1
2023622300457,2023,622300457,1,9,0,9,9,8,6,0,0,5,0,0,0,0,2,1,1,1,1,33,6,1364,1,17,VAUXHALL CORSA,3,W01001317,0,-1
2023201346761,2023,201346761,1,9,0,18,19,6,2,0,0,6,0,0,0,0,3,1,6,6,1,18,4,1229,1,15,VAUXHALL CORSA,1,E01009123,0,-1
2023501287469,2023,501287469,1,9,0,18,19,8,4,0,0,0,2,0,1,11,4,1,2,2,1,20,4,1248,2,15,VAUXHALL CORSA,-1,-1,0,-1
2023010453437,2023,010453437,3,9,0,2,2,0,0,0,0,0,0,0,0,0,4,1,6,6,3,-1,-1,-1,3,3,VAUXHALL CORSA,-1,-1,0,-1
202354A555823,2023,54A555823,2,9,0,18,19,8,4,0,0,1,0,0,0,0,1,1,6,6,2,35,6,1229,1,10,VAUXHALL CORSA,7,E01015526,0,-1
2023010419642,2023,010419642,1,9,0,18,19,3,7,0,0,0,0,0,0,0,1,1,1,1,1,35,6,1398,1,4,VAUXHALL CORSA,1,E01000721,0,-1
2023131316053,2023,131316053,1,9,0,18,19,7,3,0,0,1,0,0,0,0,1,1,2,2,1,31,6,1686,2,13,VAUXHALL CORSA,7,E01011350,0,-1
2023010430957,2023,010430957,2,9,0,99,99,9,9,99,99,9,9,99,9,99,9,9,6,6,1,37,7,1199,1,1,VAUXHALL CORSA,6,E01000946,0,-1
2023371346315,2023,371346315,1,9,0,18,19,3,7,0,0,0,0,0,0,0,3,1,5,6,1,44,7,1398,1,11,VAUXHALL CORSA,6,E01026748,0,-1
2023991372572,2023,991372572,2,9,0,8,8,8,1,0,0,0,0,0,0,0,2,1,6,6,1,32,6,1398,1,6,VAUXHALL CORSA,4,-1,0,-1
2023101322250,2023,101322250,1,9,0,5,5,7,3,0,0,0,0,0,0,0,1,1,5,6,2,22,5,1398,1,8,VAUXHALL CORSA,-1,-1,0,-1
2023061382154,2023,061382154,1,9,0,18,19,2,6,0,0,1,0,0,0,0,1,1,6,6,3,30,6,1229,1,16,VAUXHALL CORSA,-1,-1,0,-1
2023430175480,2023,430175480,1,9,0,7,7,1,3,0,0,6,0,0,0,0,0,1,1,1,1,-1,-1,1248,2,16,VAUXHALL CORSA,-1,-1,0,-1
2023221349171,2023,221349171,2,9,0,18,19,1,5,0,0,0,0,0,0,0,1,1,5,6,2,18,4,1229,1,16,VAUXHALL CORSA,7,E01014036,0,-1
2023471299133,2023,471299133,2,9,0,9,9,5,3,0,0,8,0,0,0,0,1,1,5,6,1,18,4,1229,1,16,VAUXHALL CORSA,10,E01021228,0,-1
2023211324240,2023,211324240,2,9,0,18,19,8,4,0,0,1,0,0,0,0,4,1,6,6,3,27,6,1398,1,5,VAUXHALL CORSA,-1,-1,0,-1
2023302301499,2023,302301499,1,9,0,18,19,2,6,0,0,0,0,4,0,0,1,1,6,6,1,20,4,1229,1,8,VAUXHALL CORSA,8,E01033535,0,-1
2023522300661,2023,522300661,2,9,0,18,19,2,6,0,0,0,0,0,0,0,2,1,6,6,1,23,5,1229,1,10,VAUXHALL CORSA,2,W01001465,0,-1
2023010454903,2023,010454903,2,9,0,99,99,9,9,99,99,9,9,99,9,99,1,9,6,6,3,-1,-1,998,1,13,VAUXHALL CORSA,-1,-1,0,-1
2023010422204,2023,010422204,1,9,9,99,99,9,9,99,99,9,9,99,9,99,9,9,6,6,1,32,6,1229,1,15,VAUXHALL CORSA,8,E01000371,0,-1
2023520400095,2023,520400095,1,9,0,18,19,6,2,0,0,1,0,0,0,0,1,1,6,6,1,18,4,1229,1,15,VAUXHALL CORSA,5,E01029167,0,-1
2023421279892,2023,421279892,2,9,0,9,9,6,3,0,0,1,0,0,0,0,1,1,1,1,2,45,7,1229,1,15,VAUXHALL CORSA,-1,-1,0,-1
2023010427316,2023,010427316,1,9,0,18,19,1,5,0,0,4,0,0,0,0,1,1,6,6,1,57,9,1364,1,15,VAUXHALL CORSA,3,E01003201,0,-1
2023010469543,2023,010469543,1,9,0,99,99,9,9,99,99,9,9,99,9,99,4,9,6,6,2,26,6,1364,1,14,VAUXHALL CORSA,4,E01032777,0,-1
2023411399538,2023,411399538,1,9,0,18,19,5,1,0,0,0,0,0,0,0,1,1,6,6,2,28,6,1398,1,7,VAUXHALL CORSA,2,E01000484,0,-1
2023991262661,2023,991262661,1,9,0,4,4,7,3,0,0,2,0,0,0,0,1,1,5,6,1,21,5,1199,1,3,VAUXHALL CORSA,1,-1,0,-1
2023052302759,2023,052302759,2,9,0,18,19,3,1,0,0,1,0,0,0,0,4,1,2,2,1,57,9,1398,1,7,VAUXHALL CORSA,2,E01007239,0,-1
2023131358525,2023,131358525,1,9,0,-1,-1,-1,-1,-1,-1,-1,-1,-1,-1,-1,-1,1,6,6,3,-1,-1,1248,2,11,VAUXHALL CORSA,-1,-1,0,-1
2023991346473,2023,991346473,1,9,0,9,9,2,8,0,0,2,0,0,0,0,4,1,5,6,1,36,7,1199,1,0,VAUXHALL CORSA,-1,-1,0,-1
2023010454296,2023,010454296,1,9,0,99,99,9,9,99,99,9,9,99,9,99,2,9,6,6,1,41,7,1229,1,8,VAUXHALL CORSA,1,E01002038,0,-1
202354D572023,2023,54D572023,2,9,0,18,19,6,2,0,0,1,0,7,0,0,1,1,6,6,1,32,6,1229,1,9,VAUXHALL CORSA,10,E01015518,0,-1
2023122301381,2023,122301381,1,9,0,18,19,3,7,0,0,1,0,0,0,0,1,1,6,6,1,23,5,1398,1,6,VAUXHALL CORSA,-1,-1,0,-1
2023361316139,2023,361316139,1,9,0,18,19,5,1,6,6,0,2,0,1,0,1,1,5,6,1,20,4,1248,2,15,VAUXHALL CORSA,4,E01026458,0,-1
2023201395938,2023,201395938,2,9,0,18,19,5,1,0,0,8,0,0,0,0,1,1,5,6,1,79,11,1199,1,0,VAUXHALL CORSA,1,E01009353,0,-1
2023440127788,2023,440127788,1,9,0,18,19,8,4,0,0,3,0,0,0,0,1,1,6,6,2,66,10,1598,1,12,VAUXHALL CORSA,10,E01022696,0,-1
2023622301035,2023,622301035,1,9,0,9,9,6,3,0,0,8,0,0,0,0,1,1,6,6,2,25,5,1364,1,16,VAUXHALL CORSA,7,W01001815,0,-1
2023371320361,2023,371320361,1,9,0,18,19,5,1,0,0,0,0,10,0,0,1,1,5,6,1,19,4,1398,1,7,VAUXHALL CORSA,-1,-1,0,-1
2023461366432,2023,461366432,1,9,0,9,9,6,8,0,0,6,0,0,3,0,3,1,6,6,2,45,7,1398,1,5,VAUXHALL CORSA,4,E01024197,0,-1
2023010474635,2023,010474635,2,9,0,2,2,0,0,0,0,0,0,0,0,0,4,1,6,6,3,-1,-1,1229,1,12,VAUXHALL CORSA,-1,-1,0,-1
2023101331150,2023,101331150,1,9,0,18,19,2,7,0,0,1,0,0,0,0,1,1,5,6,1,96,11,1199,1,0,VAUXHALL CORSA,4,E01008732,0,-1
2023351399529,2023,351399529,1,9,0,17,19,3,8,0,0,0,0,0,1,0,1,1,5,6,2,51,8,1229,1,13,VAUXHALL CORSA,9,E01017428,0,-1
2023340NN2032,2023,340NN2032,2,9,0,18,19,6,2,0,0,1,0,0,0,0,2,1,6,6,2,70,10,1389,1,18,VAUXHALL CORSA,7,E01027354,0,-1
2023201415193,2023,201415193,1,9,0,13,13,1,4,0,0,0,1,10,0,0,1,1,6,6,1,21,5,1398,1,6,VAUXHALL CORSA,2,E01009393,0,-1
2023401297900,2023,401297900,2,9,0,18,19,8,4,0,0,1,0,0,0,0,2,1,5,6,2,43,7,1398,1,4,VAUXHALL CORSA,3,E01015751,0,-1
2023401322892,2023,401322892,2,9,0,4,4,0,0,0,0,0,0,0,0,0,3,1,6,6,2,38,7,1229,1,12,VAUXHALL CORSA,9,E01017613,0,-1
2023332300563,2023,332300563,1,9,0,16,19,6,2,0,0,8,0,0,0,0,1,1,2,2,1,22,5,1229,1,10,VAUXHALL CORSA,8,E01025793,0,-1
2023052302038,2023,052302038,1,9,0,5,5,1,5,0,0,1,0,0,0,0,1,1,6,6,2,21,5,1229,1,10,VAUXHALL CORSA,2,E01006725,0,-1
2023231352750,2023,231352750,2,9,0,18,19,3,7,0,0,0,0,0,0,0,1,1,6,6,1,18,4,1398,1,7,VAUXHALL CORSA,10,E01027006,0,-1
2023471293556,2023,471293556,2,9,0,18,19,1,5,0,0,4,0,0,0,0,4,2,6,6,2,41,7,1229,1,12,VAUXHALL CORSA,9,E01020945,0,-1
2023041373756,2023,041373756,1,9,0,18,19,1,5,0,0,0,0,0,2,7,1,1,1,1,1,37,7,1229,1,9,VAUXHALL CORSA,9,E01025106,0,-1
2023411376731,2023,411376731,2,9,0,18,19,-1,-1,0,0,0,-1,0,1,10,2,1,3,7,2,50,8,1398,1,4,VAUXHALL CORSA,10,E01023567,0,-1
2023122300585,2023,122300585,1,9,0,18,19,7,3,0,0,0,0,0,1,11,1,1,1,1,1,24,5,1229,1,15,VAUXHALL CORSA,1,E01011372,0,-1
2023201422654,2023,201422654,1,9,0,9,9,3,5,0,0,5,0,4,7,10,1,1,6,6,2,60,9,1364,1,15,VAUXHALL CORSA,1,E01009073,0,-1
2023061350023,2023,061350023,2,9,0,3,3,4,8,0,0,1,0,0,0,0,2,1,2,2,2,28,6,1398,1,5,VAUXHALL CORSA,9,E01011887,0,-1
2023061292621,2023,061292621,1,9,0,18,19,3,7,0,0,0,0,0,0,0,1,1,5,6,1,26,6,1398,1,4,VAUXHALL CORSA,7,E01018711,0,-1
2023311345070,2023,311345070,1,9,0,9,9,7,5,0,0,8,0,0,0,0,3,1,1,1,2,51,8,1199,1,0,VAUXHALL CORSA,1,E01028318,0,-1
2023991380555,2023,991380555,1,9,0,18,19,2,7,0,0,1,0,0,0,0,1,1,2,2,1,17,4,1229,1,9,VAUXHALL CORSA,9,-1,0,-1
2023010481568,2023,010481568,1,9,0,9,9,5,3,0,0,3,0,0,0,0,1,1,6,6,1,27,6,998,1,10,VAUXHALL CORSA,4,E01003133,0,-1