collision_index,collision_year,collision_ref_no,vehicle_reference,vehicle_type,towing_and_articulation,vehicle_manoeuvre_historic,vehicle_manoeuvre,vehicle_direction_from,vehicle_direction_to,vehicle_location_restricted_lane_historic,vehicle_location_restricted_lane,junction_location,skidding_and_overturning,hit_object_in_carriageway,vehicle_leaving_carriageway,hit_object_off_carriageway,first_point_of_impact,vehicle_left_hand_drive,journey_purpose_of_driver_historic,journey_purpose_of_driver,sex_of_driver,age_of_driver,age_band_of_driver,engine_capacity_cc,propulsion_code,age_of_vehicle,generic_make_model,driver_imd_decile,lsoa_of_driver,escooter_flag,driver_distance_banding
2023010460484,2023,010460484,2,9,0,18,19,5,1,0,0,1,1,0,1,0,1,1,6,6,1,23,5,1398,1,5,VAUXHALL CORSA,-1,-1,0,-1
2023041285171,2023,041285171,2,9,0,18,19,5,1,0,0,1,0,0,0,0,1,1,5,6,2,26,6,1229,1,10,VAUXHALL CORSA,7,E01024999,0,-1
2023131350820,2023,131350820,1,9,0,9,9,1,3,0,0,8,0,0,0,0,1,1,6,6,3,-1,-1,1248,2,14,VAUXHALL CORSA,-1,-1,0,-1
2023010439648,2023,010439648,3,9,9,99,99,9,9,99,99,9,9,99,9,99,9,9,6,6,1,32,6,1199,1,1,VAUXHALL CORSA,4,E01023756,0,-1
2023430134701,2023,430134701,1,9,0,18,19,2,6,0,0,1,0,0,0,0,1,1,6,6,1,18,4,1229,1,8,VAUXHALL CORSA,7,E01016719,0,-1
2023991390804,2023,991390804,2,9,0,18,19,3,8,0,0,8,0,0,1,0,1,1,5,6,2,71,10,1229,1,8,VAUXHALL CORSA,3,-1,0,-1
2023351279333,2023,351279333,1,9,0,5,5,5,6,0,0,3,0,0,0,0,4,1,5,6,2,24,5,1229,1,17,VAUXHALL CORSA,8,E01021196,0,-1
2023041337077,2023,041337077,1,9,0,5,5,7,3,0,0,0,0,0,0,0,3,1,6,6,1,18,4,1398,1,6,VAUXHALL CORSA,2,E01004972,0,-1
2023061396242,2023,061396242,2,9,0,9,9,2,1,0,0,8,0,0,0,0,4,1,6,6,2,22,5,1398,1,6,VAUXHALL CORSA,3,E01005498,0,-1
2023070065303,2023,070065303,2,9,0,5,5,1,5,0,0,8,0,0,0,0,4,1,2,2,1,46,8,1229,1,18,VAUXHALL CORSA,4,E01018709,0,-1
2023501350996,2023,501350996,3,9,0,4,4,4,8,0,0,0,0,0,0,0,2,1,1,1,1,20,4,1229,1,16,VAUXHALL CORSA,6,E01015132,0,-1
2023122300410,2023,122300410,1,9,0,14,14,3,7,0,0,0,0,0,0,0,1,1,6,6,2,72,10,1229,1,14,VAUXHALL CORSA,9,E01027894,0,-1
2023041312022,2023,041312022,1,9,0,18,19,7,3,0,0,4,0,0,3,0,3,1,5,6,1,83,11,1364,1,14,VAUXHALL CORSA,3,E01012590,0,-1
2023520301426,2023,520301426,1,9,0,17,19,4,8,0,0,0,1,0,7,9,4,1,6,6,1,20,4,1229,1,11,VAUXHALL CORSA,6,E01032119,0,-1
2023052301296,2023,052301296,1,9,0,10,10,1,5,0,0,1,0,0,0,0,1,1,2,2,1,20,4,1398,1,6,VAUXHALL CORSA,2,E01006726,0,-1
2023421340475,2023,421340475,2,9,0,7,7,6,8,0,0,1,0,0,0,0,4,1,6,6,2,18,4,1398,1,7,VAUXHALL CORSA,5,E01021720,0,-1
2023461304629,2023,461304629,1,9,0,18,19,5,1,0,0,8,0,0,0,0,1,1,2,2,2,47,8,998,1,12,VAUXHALL CORSA,3,E01024641,0,-1
2023010452093,2023,010452093,1,9,0,99,99,9,9,99,99,9,9,99,9,99,2,9,6,6,1,18,4,1229,1,8,VAUXHALL CORSA,7,E01001120,0,-1
2023122300240,2023,122300240,1,9,0,9,9,1,7,0,0,5,0,0,0,0,1,1,6,6,1,23,5,1229,1,13,VAUXHALL CORSA,7,E01027705,0,-1
2023071034543,2023,071034543,1,9,0,16,19,5,1,0,0,0,0,0,0,0,1,1,6,6,1,20,4,1248,2,14,VAUXHALL CORSA,2,E01012433,0,-1
2023471264541,2023,471264541,1,9,0,17,19,7,4,0,0,0,1,0,0,0,1,1,2,2,2,29,6,1229,1,16,VAUXHALL CORSA,7,E01031387,0,-1
2023201377424,2023,201377424,1,9,0,18,19,6,2,0,0,1,0,0,0,0,1,1,5,6,1,-1,-1,1364,1,16,VAUXHALL CORSA,-1,-1,0,-1
2023052301716,2023,052301716,1,9,0,9,9,6,7,0,0,8,0,0,0,0,1,1,6,6,2,22,5,1229,1,14,VAUXHALL CORSA,8,E01006421,0,-1
2023520001032,2023,520001032,1,9,0,3,3,3,7,0,0,0,0,0,0,0,2,1,6,6,1,55,8,1364,1,16,VAUXHALL CORSA,3,E01014370,0,-1
2023411289344,2023,411289344,1,9,0,13,13,-1,-1,0,0,0,0,0,0,0,4,1,6,6,1,-1,-1,998,1,12,VAUXHALL CORSA,-1,-1,0,-1
2023201310128,2023,201310128,2,9,0,18,19,5,1,0,0,1,0,0,0,0,1,1,2,2,1,21,5,1229,1,12,VAUXHALL CORSA,9,E01009435,0,-1
2023010473019,2023,010473019,1,9,0,14,14,3,7,0,0,8,0,0,0,0,1,1,2,2,2,46,8,1398,1,6,VAUXHALL CORSA,4,E01000503,0,-1
2023991290248,2023,991290248,9,9,0,18,19,1,5,0,0,1,1,0,7,6,3,1,6,6,2,27,6,1398,1,6,VAUXHALL CORSA,5,-1,0,-1
2023010461493,2023,010461493,2,9,0,2,2,0,0,0,0,8,0,0,0,0,1,1,6,6,3,-1,-1,1398,1,4,VAUXHALL CORSA,-1,-1,0,-1
2023440436583,2023,440436583,1,9,0,17,19,6,2,0,0,0,0,0,0,0,3,1,6,6,2,23,5,1199,1,3,VAUXHALL CORSA,10,E01022684,0,-1
2023070470395,2023,070470395,1,9,0,18,19,5,1,0,0,0,0,7,0,2,1,1,6,6,2,28,6,1248,2,15,VAUXHALL CORSA,-1,-1,0,-1
2023320063525,2023,320063525,2,9,0,18,19,3,7,0,0,1,0,0,0,0,1,1,6,6,1,33,6,1229,1,17,VAUXHALL CORSA,5,E01026121,0,-1
2023991346982,2023,991346982,1,9,0,15,15,5,1,0,0,0,0,0,0,0,4,1,6,6,2,42,7,1229,1,8,VAUXHALL CORSA,7,-1,0,-1
2023471388697,2023,471388697,1,9,0,9,9,4,2,0,0,0,0,0,0,0,1,1,5,6,3,35,6,1229,1,12,VAUXHALL CORSA,9,E01021226,0,-1
2023010478766,2023,010478766,2,9,0,99,99,9,9,99,99,9,9,99,9,99,9,9,6,6,3,-1,-1,1229,1,12,VAUXHALL CORSA,-1,-1,0,-1
2023201293056,2023,201293056,2,9,0,18,19,4,8,0,0,8,0,0,0,0,1,1,6,6,1,26,6,1398,1,9,VAUXHALL CORSA,2,E01010059,0,-1
2023010456572,2023,010456572,1,9,0,17,19,2,6,0,0,3,1,0,0,0,4,1,6,6,1,27,6,1398,1,11,VAUXHALL CORSA,-1,-1,0,-1
2023991367999,2023,991367999,1,9,0,17,19,4,8,0,0,0,2,0,1,9,1,1,2,2,1,32,6,1398,1,6,VAUXHALL CORSA,3,-1,0,-1
2023471316872,2023,471316872,2,9,0,9,9,2,7,0,0,6,0,0,0,0,2,1,5,6,1,85,11,1398,1,7,VAUXHALL CORSA,8,E01021082,0,-1
2023430488869,2023,430488869,1,9,0,9,9,2,8,0,0,5,0,0,0,0,1,1,3,7,1,40,7,1398,1,13,VAUXHALL CORSA,9,E01017637,0,-1
2023340NN2632,2023,340NN2632,1,9,0,5,5,4,8,0,0,1,0,0,0,0,1,1,3,7,2,39,7,1229,1,14,VAUXHALL CORSA,6,E01032964,0,-1
2023041393472,2023,041393472,1,9,0,9,9,1,6,0,0,1,0,0,0,0,1,1,2,2,2,23,5,1229,1,10,VAUXHALL CORSA,1,E01012586,0,-1
2023010421836,2023,010421836,1,9,0,99,99,9,9,99,99,9,9,99,9,99,1,1,6,6,1,42,7,1364,1,16,VAUXHALL CORSA,3,E01003841,0,-1
2023461361355,2023,461361355,1,9,0,16,19,1,5,0,0,0,5,0,8,0,3,1,5,6,2,19,4,1229,1,14,VAUXHALL CORSA,4,E01024561,0,-1
2023531344800,2023,531344800,1,9,0,18,19,8,4,0,0,0,0,0,0,0,1,1,2,2,2,22,5,1398,1,6,VAUXHALL CORSA,7,E01022407,0,-1
2023061388609,2023,061388609,2,9,-1,-1,-1,-1,-1,-1,-1,0,-1,-1,-1,0,-1,1,6,6,3,30,6,1229,1,8,VAUXHALL CORSA,-1,-1,0,-1
2023522301444,2023,522301444,1,9,0,16,19,8,3,0,0,0,0,0,1,10,1,1,6,6,1,17,4,1229,1,8,VAUXHALL CORSA,9,E01014467,0,-1
2023543905623,2023,543905623,1,9,0,9,9,3,5,0,0,6,0,0,0,0,1,1,6,6,1,20,4,998,1,13,VAUXHALL CORSA,2,E01032118,0,-1
2023131310884,2023,131310884,2,9,0,4,4,3,7,0,0,0,0,0,0,0,2,1,3,7,2,46,8,1199,1,3,VAUXHALL CORSA,8,E01011716,0,-1
2023320294972,2023,320294972,2,9,0,4,4,5,1,0,0,0,0,0,0,0,2,1,2,2,1,31,6,998,1,9,VAUXHALL CORSA,7,E01026267,0,-1
2023052302990,2023,052302990,1,9,0,18,19,5,1,0,0,0,0,0,0,0,1,1,6,6,3,-1,-1,1229,1,13,VAUXHALL CORSA,-1,-1,0,-1
2023010444231,2023,010444231,1,9,0,9,9,3,1,0,0,8,0,0,0,0,1,1,6,6,2,36,7,1364,1,14,VAUXHALL CORSA,4,E01001435,0,-1
2023520301296,2023,520301296,1,9,0,3,3,5,1,0,0,0,0,0,0,0,2,1,6,6,2,31,6,1398,1,11,VAUXHALL CORSA,3,E01019404,0,-1
2023622300554,2023,622300554,1,9,0,18,19,6,2,0,0,0,0,0,0,0,4,1,2,2,1,28,6,1229,1,9,VAUXHALL CORSA,5,W01000719,0,-1
2023440003859,2023,440003859,1,9,0,18,19,8,4,0,0,0,0,0,0,0,1,1,6,6,2,38,7,1229,1,10,VAUXHALL CORSA,4,E01022845,0,-1
2023211397660,2023,211397660,5,9,0,2,2,0,0,0,0,0,0,4,0,0,4,1,6,6,2,42,7,1398,1,5,VAUXHALL CORSA,7,E01029814,0,-1
2023201308906,2023,201308906,1,9,0,6,6,6,2,0,0,0,1,0,0,0,4,1,6,6,2,22,5,1229,1,7,VAUXHALL CORSA,1,E01008896,0,-1
2023610043923,2023,610043923,1,9,0,16,19,2,5,0,0,0,1,0,1,4,1,1,6,6,1,19,4,1398,1,13,VAUXHALL CORSA,2,W01001333,0,-1
2023332300831,2023,332300831,1,9,0,18,19,7,3,0,0,0,2,0,7,4,1,1,6,6,2,20,4,1229,1,16,VAUXHALL CORSA,5,E01013699,0,-1
2023010481317,2023,010481317,1,9,0,13,13,1,5,0,0,2,0,0,0,0,1,1,6,6,1,47,8,1229,1,10,VAUXHALL CORSA,1,E01002094,0,-1
2023070342691,2023,070342691,1,9,0,5,5,5,1,0,0,0,0,0,1,4,3,1,6,6,2,74,10,1229,1,19,VAUXHALL CORSA,4,E01018535,0,-1
2023170L20883,2023,170L20883,2,9,0,18,19,7,2,0,0,4,0,0,0,0,1,1,6,6,2,36,7,1229,1,12,VAUXHALL CORSA,2,E01012276,0,-1
2023010431914,2023,010431914,1,9,0,5,5,6,2,0,0,0,0,0,0,0,1,1,4,7,1,21,5,1229,1,8,VAUXHALL CORSA,8,E01001596,0,-1
2023371318491,2023,371318491,1,9,0,18,19,1,5,0,0,2,0,0,0,0,4,1,5,6,1,18,4,1229,1,12,VAUXHALL CORSA,9,E01021376,0,-1
2023401318481,2023,401318481,2,9,0,4,4,-1,-1,0,0,1,0,0,0,0,2,1,5,6,1,17,4,998,1,10,VAUXHALL CORSA,9,E01017603,0,-1
2023311320820,2023,311320820,1,9,0,18,19,1,5,0,0,0,0,0,0,0,1,1,6,6,1,49,8,1199,1,3,VAUXHALL CORSA,4,E01013939,0,-1
2023010435189,2023,010435189,2,9,0,99,99,9,9,99,99,9,9,99,9,99,9,9,6,6,1,23,5,1229,1,12,VAUXHALL CORSA,3,E01024149,0,-1
2023311379953,2023,311379953,1,9,0,18,19,2,6,0,0,0,0,0,0,0,1,1,6,6,1,29,6,1229,1,12,VAUXHALL CORSA,2,E01013852,0,-1
2023471312536,2023,471312536,3,9,0,2,2,0,0,0,0,8,0,0,0,0,3,1,6,6,3,-1,-1,1398,1,7,VAUXHALL CORSA,-1,-1,0,-1
2023122300560,2023,122300560,1,9,0,18,19,7,3,0,0,1,0,0,0,0,1,1,6,6,1,78,11,1248,2,9,VAUXHALL CORSA,3,E01027651,0,-1
2023430448908,2023,430448908,1,9,0,18,19,2,6,0,0,0,0,0,0,0,1,1,6,6,1,50,8,1199,1,3,VAUXHALL CORSA,7,E01016383,0,-1
2023131282741,2023,131282741,1,9,0,18,19,8,4,0,0,1,0,0,0,0,1,1,6,6,1,20,4,1248,2,14,VAUXHALL CORSA,3,E01011234,0,-1
2023991329200,2023,991329200,1,9,0,18,19,1,5,0,0,0,5,0,7,0,1,1,6,6,2,43,7,1598,1,7,VAUXHALL CORSA,5,E01028134,0,-1
2023221298314,2023,221298314,2,9,0,18,19,4,8,0,0,8,0,0,0,0,1,1,2,2,1,26,6,1229,1,12,VAUXHALL CORSA,10,E01032243,0,-1
2023440040429,2023,440040429,1,9,0,7,7,7,1,0,0,8,0,0,0,0,4,1,1,1,2,52,8,1398,1,8,VAUXHALL CORSA,2,E01017032,0,-1
2023010421151,2023,010421151,2,9,9,99,99,9,9,0,0,0,9,99,0,0,9,9,6,6,2,-1,-1,1199,1,2,VAUXHALL CORSA,-1,-1,0,-1
2023991279536,2023,991279536,1,9,0,9,9,5,3,0,0,1,0,0,0,0,4,1,6,6,2,18,4,1199,1,0,VAUXHALL CORSA,8,-1,0,-1
2023010467951,2023,010467951,2,9,0,17,19,7,3,0,0,1,0,0,0,0,2,1,6,6,3,-1,-1,1398,1,7,VAUXHALL CORSA,-1,-1,0,-1
2023010437713,2023,010437713,3,9,0,2,2,0,0,0,0,1,0,0,0,0,2,1,6,6,3,-1,-1,1398,1,7,VAUXHALL CORSA,-1,-1,0,-1
2023311334718,2023,311334718,1,9,0,5,5,3,7,0,0,6,0,0,1,0,1,1,6,6,2,86,11,1229,1,18,VAUXHALL CORSA,6,E01028016,0,-1
2023010436558,2023,010436558,2,9,0,18,19,1,5,0,0,1,0,0,0,0,1,1,6,6,1,29,6,1364,1,16,VAUXHALL CORSA,1,E01001196,0,-1
2023320247077,2023,320247077,2,9,0,18,19,3,7,0,0,8,0,0,0,0,3,1,6,6,2,50,8,1398,1,4,VAUXHALL CORSA,6,E01026252,0,-1
2023311389958,2023,311389958,4,9,0,5,5,8,4,6,6,0,0,0,0,0,0,1,6,6,1,56,9,1229,1,9,VAUXHALL CORSA,-1,-1,0,-1
2023010458305,2023,010458305,2,9,0,99,99,9,9,99,99,9,9,99,9,99,1,9,6,6,1,35,6,1229,1,11,VAUXHALL CORSA,3,E01002350,0,-1
2023010445234,2023,010445234,1,9,0,5,5,3,7,0,0,3,0,0,0,0,1,1,6,6,1,20,4,1398,1,5,VAUXHALL CORSA,6,E01024703,0,-1
2023141330307,2023,141330307,1,9,0,9,9,2,6,0,0,2,0,0,0,0,1,1,5,6,2,19,4,1229,1,13,VAUXHALL CORSA,3,E01007473,0,-1
2023010428842,2023,010428842,1,9,0,9,9,7,5,0,0,8,0,0,0,0,3,1,6,6,1,26,6,1364,1,15,VAUXHALL CORSA,4,E01000476,0,-1
2023131324059,2023,131324059,2,9,0,18,19,1,5,0,0,1,0,0,0,0,1,1,6,6,2,24,5,1248,2,13,VAUXHALL CORSA,-1,-1,0,-1
2023501345107,2023,501345107,2,9,0,18,19,6,2,0,0,1,0,0,0,0,1,1,2,2,1,18,4,1229,1,9,VAUXHALL CORSA,3,E01020048,0,-1
2023010453536,2023,010453536,1,9,0,15,15,1,5,0,0,0,0,0,0,0,4,1,6,6,3,-1,-1,1398,1,4,VAUXHALL CORSA,-1,-1,0,-1
2023430021251,2023,430021251,2,9,0,18,19,5,1,0,0,0,0,0,0,0,1,1,6,6,2,55,8,998,1,14,VAUXHALL CORSA,10,E01016559,0,-1
2023010437004,2023,010437004,2,9,0,99,99,9,9,99,99,9,9,99,9,99,9,9,6,6,3,-1,-1,1364,1,8,VAUXHALL CORSA,-1,-1,0,-1
2023131390881,2023,131390881,1,9,0,18,19,3,7,0,0,1,0,0,0,0,1,1,1,1,1,18,4,1229,1,11,VAUXHALL CORSA,8,E01011244,0,-1
2023131308925,2023,131308925,2,9,0,3,3,7,3,0,0,8,0,0,0,0,2,1,5,6,2,52,8,1398,1,6,VAUXHALL CORSA,8,E01010860,0,-1
2023501291471,2023,501291471,1,9,0,18,19,8,3,0,0,1,1,0,1,10,4,1,6,6,1,17,4,1229,1,13,VAUXHALL CORSA,4,E01020279,0,-1
2023440231690,2023,440231690,1,9,0,18,19,2,6,0,0,1,0,0,0,0,1,1,6,6,1,19,4,1229,1,15,VAUXHALL CORSA,9,E01023115,0,-1
2023041319493,2023,041319493,2,9,0,2,2,5,1,0,0,1,0,0,0,0,3,1,5,6,2,22,5,1199,1,1,VAUXHALL CORSA,6,E01005636,0,-1
2023451327273,2023,451327273,2,9,0,18,19,7,3,0,0,0,0,0,7,0,1,1,2,2,1,32,6,1229,1,10,VAUXHALL CORSA,10,E01032857,0,-1
2023010446623,2023,010446623,1,9,0,5,5,3,7,0,0,8,0,0,0,0,4,1,6,6,1,20,4,1398,1,13,VAUXHALL CORSA,2,E01000079,0,-1
2023201391773,2023,201391773,1,9,0,18,19,8,4,0,0,0,0,0,0,0,1,1,6,6,2,73,10,1199,1,0,VAUXHALL CORSA,6,E01009909,0,-1
2023010425559,2023,010425559,3,9,0,2,2,0,0,0,0,0,0,0,0,0,2,1,6,6,3,-1,-1,1199,1,2,VAUXHALL CORSA,-1,-1,0,-1
2023010438314,2023,010438314,2,9,0,99,99,9,9,99,99,9,9,99,9,99,1,9,6,6,1,27,6,1229,1,11,VAUXHALL CORSA,4,E01000466,0,-1
2023201305247,2023,201305247,2,9,0,18,19,5,1,0,0,1,0,0,0,0,1,1,2,2,1,46,8,1398,1,4,VAUXHALL CORSA,6,E01009749,0,-1
2023302300322,2023,302300322,2,9,0,18,19,3,7,0,0,0,0,0,0,0,3,1,6,6,1,58,9,1364,1,14,VAUXHALL CORSA,1,E01013855,0,-1
2023332300537,2023,332300537,1,9,0,5,5,3,7,0,0,6,0,0,0,0,1,1,6,6,2,-1,-1,1364,1,15,VAUXHALL CORSA,-1,-1,0,-1
2023010456414,2023,010456414,1,9,0,18,19,7,3,0,0,8,0,10,0,0,4,1,6,6,2,22,5,1229,1,13,VAUXHALL CORSA,-1,-1,0,-1
2023991284225,2023,991284225,1,9,0,9,9,6,5,0,0,1,0,0,0,0,1,1,6,6,2,18,4,1398,1,8,VAUXHALL CORSA,7,-1,0,-1
2023010422452,2023,010422452,2,9,0,99,99,9,9,99,99,9,9,99,9,99,1,9,6,6,3,-1,-1,1398,1,13,VAUXHALL CORSA,-1,-1,0,-1
2023052300798,2023,052300798,2,9,0,2,2,0,0,0,0,0,0,0,0,0,2,1,6,6,3,-1,-1,1398,1,4,VAUXHALL CORSA,-1,-1,0,-1
2023361265341,2023,361265341,1,9,0,18,19,7,3,0,0,8,0,0,0,0,-1,1,6,6,1,28,6,1398,1,7,VAUXHALL CORSA,-1,-1,0,-1
2023430462672,2023,430462672,1,9,0,18,19,1,5,0,0,1,1,0,0,0,1,1,6,6,1,43,7,1199,1,2,VAUXHALL CORSA,8,E01028796,0,-1
2023340NN1522,2023,340NN1522,1,9,0,1,1,3,7,0,0,6,0,0,0,0,2,1,6,6,2,51,8,1398,1,9,VAUXHALL CORSA,8,E01027096,0,-1
2023421326691,2023,421326691,1,9,0,16,19,8,4,0,0,0,0,0,0,0,1,1,5,6,1,19,4,1398,1,12,VAUXHALL CORSA,8,E01021725,0,-1
2023221348250,2023,221348250,1,9,0,18,19,5,1,0,0,2,0,0,0,0,1,1,5,6,1,68,10,1229,1,12,VAUXHALL CORSA,2,E01010077,0,-1
2023991393192,2023,991393192,1,9,0,18,19,7,3,0,0,0,1,0,1,0,3,1,5,6,2,33,6,1229,1,13,VAUXHALL CORSA,6,-1,0,-1
2023440301034,2023,440301034,1,9,0,18,19,5,1,0,0,2,0,0,0,0,1,1,6,6,1,18,4,1398,1,10,VAUXHALL CORSA,2,E01017155,0,-1
2023170M11633,2023,170M11633,2,9,0,18,19,8,4,0,0,1,0,0,0,0,1,1,6,6,1,37,7,1229,1,16,VAUXHALL CORSA,-1,-1,0,-1
2023552301154,2023,552301154,1,9,0,18,19,2,6,0,0,8,0,0,0,0,1,1,6,6,1,26,6,1398,1,6,VAUXHALL CORSA,5,E01033283,0,-1
2023471286092,2023,471286092,1,9,0,14,14,7,3,0,0,0,0,0,0,0,4,1,6,6,2,68,10,1229,1,9,VAUXHALL CORSA,7,E01021080,0,-1
2023371361089,2023,371361089,3,9,0,4,4,7,3,0,0,0,0,0,0,0,2,1,1,1,2,28,6,1199,1,0,VAUXHALL CORSA,6,E01030057,0,-1
2023071268305,2023,071268305,2,9,0,4,4,8,4,0,0,1,0,0,0,0,2,1,1,1,2,26,6,1199,1,3,VAUXHALL CORSA,5,E01007235,0,-1
2023421271808,2023,421271808,1,9,0,18,19,7,3,0,0,1,0,4,1,0,1,1,5,6,1,70,10,1398,1,8,VAUXHALL CORSA,9,E01021477,0,-1
2023231378039,2023,231378039,1,9,0,18,19,1,5,0,0,0,0,0,0,0,1,1,6,6,3,30,6,1199,1,20,VAUXHALL CORSA,-1,-1,0,-1
2023302301418,2023,302301418,1,9,0,18,19,7,3,0,0,0,0,0,7,0,0,1,6,6,1,29,6,1229,1,14,VAUXHALL CORSA,6,E01004999,0,-1
2023311373671,2023,311373671,2,9,0,18,19,5,1,0,0,8,0,0,0,0,1,1,6,6,1,62,9,1398,1,9,VAUXHALL CORSA,4,E01028210,0,-1
2023010463639,2023,010463639,1,9,0,18,19,4,8,0,0,2,0,10,0,0,3,1,6,6,2,19,4,1398,1,11,VAUXHALL CORSA,8,E01004582,0,-1
2023221285780,2023,221285780,1,9,0,18,19,5,1,0,0,3,1,9,7,11,1,1,2,2,1,27,6,1598,1,9,VAUXHALL CORSA,7,E01014092,0,-1
2023461371420,2023,461371420,1,9,0,18,19,5,1,0,0,0,0,0,0,0,4,1,6,6,1,68,10,1199,1,3,VAUXHALL CORSA,-1,-1,0,-1
2023991351343,2023,991351343,1,9,0,16,19,8,5,0,0,7,0,10,7,7,1,1,5,6,1,38,7,1398,1,5,VAUXHALL CORSA,2,-1,0,-1
2023010426865,2023,010426865,1,9,0,18,19,3,7,0,0,1,9,99,0,0,1,9,6,6,2,20,4,1199,1,0,VAUXHALL CORSA,5,E01004451,0,-1
2023522301374,2023,522301374,2,9,0,18,19,4,8,0,0,0,0,0,0,0,1,1,3,7,2,34,6,1398,1,11,VAUXHALL CORSA,-1,-1,0,-1
2023141296977,2023,141296977,1,9,0,18,19,3,7,0,0,0,1,0,2,11,4,1,5,6,1,23,5,973,1,21,VAUXHALL CORSA,7,E01008140,0,-1
2023010474350,2023,010474350,2,9,9,99,99,9,9,99,99,9,9,99,9,99,1,9,6,6,3,-1,-1,1199,1,22,VAUXHALL CORSA,-1,-1,0,-1
2023041332313,2023,041332313,2,9,0,18,19,3,7,0,0,0,0,0,0,0,1,1,6,6,2,45,7,1364,1,16,VAUXHALL CORSA,2,E01006356,0,-1
2023170H10483,2023,170H10483,1,9,0,18,19,1,5,0,0,0,0,0,0,0,1,1,6,6,2,82,11,1229,1,17,VAUXHALL CORSA,8,E01011960,0,-1
2023361340491,2023,361340491,1,9,0,16,19,8,3,0,0,0,5,0,8,10,1,1,5,6,2,24,5,1398,1,4,VAUXHALL CORSA,-1,-1,0,-1
2023170S40893,2023,170S40893,2,9,0,18,19,2,6,0,0,8,0,0,0,0,1,1,6,6,2,41,7,1229,1,13,VAUXHALL CORSA,4,E01012264,0,-1
2023302301798,2023,302301798,2,9,0,9,9,8,6,0,0,1,0,0,0,0,3,1,6,6,2,48,8,1229,1,8,VAUXHALL CORSA,3,E01019792,0,-1
2023991389860,2023,991389860,1,9,0,4,4,8,4,0,0,0,0,0,0,0,1,1,6,6,1,71,10,1398,1,4,VAUXHALL CORSA,4,-1,0,-1
2023161291504,2023,161291504,2,9,0,18,19,3,7,0,0,0,0,12,0,0,1,1,6,6,1,40,7,1229,1,9,VAUXHALL CORSA,1,E01012809,0,-1
2023061291548,2023,061291548,1,9,0,7,7,1,7,0,0,0,0,0,0,0,1,1,6,6,2,30,6,1199,1,3,VAUXHALL CORSA,1,E01005638,0,-1
2023010466345,2023,010466345,1,9,0,18,19,7,3,0,0,1,0,4,0,0,1,1,6,6,1,19,4,1229,1,8,VAUXHALL CORSA,7,E01002111,0,-1
2023461382172,2023,461382172,2,9,0,18,19,3,7,0,0,0,0,0,2,0,1,1,6,6,3,-1,-1,1229,1,15,VAUXHALL CORSA,-1,-1,0,-1
2023461298787,2023,461298787,1,9,0,7,7,7,5,0,0,6,0,0,0,0,2,1,5,6,2,20,4,1389,1,22,VAUXHALL CORSA,4,E01024142,0,-1
2023010462002,2023,010462002,1,9,0,18,19,3,7,0,0,2,0,0,7,11,1,1,6,6,1,83,11,1199,1,2,VAUXHALL CORSA,3,E01002015,0,-1
2023411420291,2023,411420291,1,9,0,18,19,1,5,0,0,1,1,0,0,0,1,1,6,6,2,21,5,1398,1,6,VAUXHALL CORSA,9,E01023833,0,-1
2023991373763,2023,991373763,1,9,0,18,19,5,3,0,0,6,0,0,0,0,1,1,6,6,1,70,10,1364,1,5,VAUXHALL CORSA,4,-1,0,-1
2023361284336,2023,361284336,1,9,0,18,19,7,3,0,0,2,0,0,0,0,4,1,5,6,2,43,7,1199,1,2,VAUXHALL CORSA,1,E01030261,0,-1
2023430476191,2023,430476191,2,9,0,9,9,2,6,0,0,8,0,0,0,0,3,1,6,6,1,18,4,1229,1,10,VAUXHALL CORSA,-1,-1,0,-1
2023461328172,2023,461328172,1,9,0,4,4,3,7,0,0,1,1,0,0,0,1,1,5,6,2,28,6,1229,1,9,VAUXHALL CORSA,5,E01024191,0,-1
2023501378233,2023,501378233,2,9,0,4,4,7,3,0,0,0,0,0,0,0,1,1,2,2,2,27,6,1398,1,6,VAUXHALL CORSA,8,E01019929,0,-1
2023440287372,2023,440287372,2,9,0,3,3,6,2,0,0,2,0,0,0,0,2,1,3,7,2,33,6,999,1,7,VAUXHALL CORSA,3,E01017242,0,-1
2023991292835,2023,991292835,1,9,0,9,9,8,7,0,0,6,0,0,0,0,3,1,6,6,1,27,6,1398,1,4,VAUXHALL CORSA,10,-1,0,-1
2023421297881,2023,421297881,2,9,0,18,19,1,5,0,0,0,0,0,0,0,4,1,5,6,2,54,8,1364,1,16,VAUXHALL CORSA,5,E01021415,0,-1
2023340WN2902,2023,340WN2902,1,9,0,18,19,5,1,0,0,1,0,12,0,0,1,1,1,1,2,30,6,1248,2,7,VAUXHALL CORSA,7,E01027202,0,-1
2023451265081,2023,451265081,1,9,0,4,4,5,1,0,0,0,0,0,0,0,2,1,2,2,2,26,6,1398,1,7,VAUXHALL CORSA,10,E01022847,0,-1
2023311304899,2023,311304899,2,9,0,4,4,7,3,0,0,0,0,0,0,0,1,1,6,6,2,64,9,1199,1,3,VAUXHALL CORSA,5,E01013970,0,-1
2023061313120,2023,061313120,2,9,0,18,19,5,1,0,0,8,0,0,0,0,3,1,2,2,1,23,5,1199,1,3,VAUXHALL CORSA,5,E01032914,0,-1