collision_index,collision_year,collision_ref_no,vehicle_reference,vehicle_type,towing_and_articulation,vehicle_manoeuvre_historic,vehicle_manoeuvre,vehicle_direction_from,vehicle_direction_to,vehicle_location_restricted_lane_historic,vehicle_location_restricted_lane,junction_location,skidding_and_overturning,hit_object_in_carriageway,vehicle_leaving_carriageway,hit_object_off_carriageway,first_point_of_impact,vehicle_left_hand_drive,journey_purpose_of_driver_historic,journey_purpose_of_driver,sex_of_driver,age_of_driver,age_band_of_driver,engine_capacity_cc,propulsion_code,age_of_vehicle,generic_make_model,driver_imd_decile,lsoa_of_driver,escooter_flag,driver_distance_banding
2023991291051,2023,991291051,2,9,0,3,3,7,3,0,0,0,0,0,0,0,2,1,6,6,2,59,9,998,1,9,VAUXHALL CORSA,1,-1,0,-1
2023610008023,2023,610008023,1,9,0,17,19,1,7,0,0,0,1,0,0,0,1,1,6,6,1,26,6,1229,1,17,VAUXHALL CORSA,6,W01001599,0,-1
2023131351303,2023,131351303,1,9,0,18,19,3,7,0,0,8,0,0,0,0,1,1,6,6,2,43,7,1229,1,13,VAUXHALL CORSA,9,E01011302,0,-1
2023010482726,2023,010482726,3,9,0,15,15,1,5,0,0,0,5,4,0,0,2,1,6,6,1,27,6,1398,1,12,VAUXHALL CORSA,-1,-1,0,-1
2023041309457,2023,041309457,1,9,0,14,14,2,6,0,0,0,1,0,0,0,1,1,2,2,1,35,6,1229,1,11,VAUXHALL CORSA,6,E01006929,0,-1
2023471327365,2023,471327365,1,9,0,18,19,4,8,0,0,2,0,0,0,0,1,1,6,6,1,28,6,1248,2,15,VAUXHALL CORSA,7,E01031766,0,-1
2023122300923,2023,122300923,2,9,0,18,19,5,1,0,0,4,0,0,0,0,1,1,6,6,1,20,4,1229,1,16,VAUXHALL CORSA,6,E01027881,0,-1
2023440378564,2023,440378564,2,9,0,18,19,2,6,0,0,1,0,0,0,0,1,1,2,2,2,19,4,1199,1,3,VAUXHALL CORSA,4,E01022993,0,-1
2023340WN7242,2023,340WN7242,1,9,0,9,9,6,3,0,0,5,0,0,0,0,1,1,6,6,2,29,6,1229,1,10,VAUXHALL CORSA,5,E01027176,0,-1
2023201393331,2023,201393331,1,9,0,18,19,6,2,0,0,3,0,10,1,10,1,1,6,6,2,40,7,1229,1,10,VAUXHALL CORSA,7,E01010024,0,-1
2023320224515,2023,320224515,1,9,0,18,19,4,8,0,0,0,2,0,1,0,0,1,6,6,1,24,5,1229,1,10,VAUXHALL CORSA,9,E01027212,0,-1
2023041288398,2023,041288398,1,9,0,9,9,1,3,0,0,2,0,0,0,0,1,1,6,6,1,50,8,1199,1,1,VAUXHALL CORSA,5,E01025387,0,-1
2023421322144,2023,421322144,2,9,0,18,19,5,1,0,0,8,0,0,0,0,3,1,5,6,1,18,4,1398,1,12,VAUXHALL CORSA,7,E01022098,0,-1
2023351383286,2023,351383286,1,9,0,18,19,5,1,0,0,3,0,0,0,0,4,1,2,2,1,54,8,-1,-1,-1,VAUXHALL CORSA,8,E01015628,0,-1
2023041310010,2023,041310010,2,9,0,10,10,1,2,0,0,1,0,0,0,0,2,1,6,6,2,59,9,1398,1,7,VAUXHALL CORSA,6,E01012618,0,-1
2023991347341,2023,991347341,1,9,0,5,5,4,1,0,0,6,0,0,0,0,3,1,5,6,2,62,9,1199,1,0,VAUXHALL CORSA,-1,-1,0,-1
2023131302231,2023,131302231,1,9,0,18,19,5,1,0,0,0,0,0,0,0,1,1,5,6,1,19,4,1229,1,9,VAUXHALL CORSA,4,E01028239,0,-1
2023401380008,2023,401380008,2,9,0,18,19,-1,-1,0,0,0,0,0,0,0,1,1,5,6,2,21,5,1199,1,4,VAUXHALL CORSA,6,E01023754,0,-1
2023141393639,2023,141393639,2,9,0,4,4,5,1,0,0,1,0,0,0,0,2,1,5,6,1,21,5,1229,1,13,VAUXHALL CORSA,1,E01007870,0,-1
2023221369419,2023,221369419,1,9,0,18,19,7,3,0,0,1,0,0,0,0,3,1,5,6,1,22,5,1398,1,5,VAUXHALL CORSA,6,E01029482,0,-1
2023041275169,2023,041275169,2,9,0,10,10,5,1,0,0,0,0,0,0,0,2,1,6,6,2,34,6,1598,1,9,VAUXHALL CORSA,7,E01025561,0,-1
2023332300313,2023,332300313,1,9,0,17,19,2,7,0,0,0,5,0,1,4,1,1,6,6,1,23,5,1598,1,7,VAUXHALL CORSA,2,E01013657,0,-1
2023010467612,2023,010467612,1,9,0,6,6,6,6,0,0,1,0,0,0,0,3,1,2,2,1,23,5,1229,1,14,VAUXHALL CORSA,4,E01004439,0,-1
2023991349002,2023,991349002,2,9,0,4,4,2,6,0,0,1,0,0,0,0,2,1,6,6,1,31,6,1364,1,14,VAUXHALL CORSA,4,-1,0,-1
2023161355871,2023,161355871,3,9,0,2,2,0,0,0,0,0,0,0,0,0,0,1,6,6,3,-1,-1,1398,1,5,VAUXHALL CORSA,-1,-1,0,-1
2023311383383,2023,311383383,1,9,0,9,9,6,3,0,0,6,0,0,0,0,1,1,2,2,1,34,6,1229,1,10,VAUXHALL CORSA,-1,-1,0,-1
2023351349072,2023,351349072,1,9,0,18,19,3,7,0,0,0,0,0,0,0,1,1,2,2,1,39,7,1229,1,19,VAUXHALL CORSA,-1,-1,0,-1
2023201267414,2023,201267414,1,9,0,9,9,2,8,0,0,6,0,0,0,0,1,1,6,6,1,32,6,1229,1,9,VAUXHALL CORSA,4,E01009625,0,-1
2023101365839,2023,101365839,1,9,-1,18,19,2,6,0,0,8,0,0,0,0,-1,1,1,1,2,41,7,1398,1,7,VAUXHALL CORSA,-1,-1,0,-1
2023631356244,2023,631356244,2,9,0,18,19,7,3,0,0,0,0,0,0,0,1,1,6,6,2,56,9,1229,1,11,VAUXHALL CORSA,5,E01027017,0,-1
2023131286994,2023,131286994,1,9,0,18,19,5,1,0,0,0,0,0,0,0,1,1,5,6,1,36,7,-1,-1,-1,VAUXHALL CORSA,9,E01007951,0,-1
2023070370265,2023,070370265,1,9,0,5,5,1,5,0,0,6,0,0,0,0,1,1,6,6,1,-1,-1,1248,2,14,VAUXHALL CORSA,10,E01018490,0,-1
2023401333611,2023,401333611,2,9,0,18,19,1,5,0,0,1,0,0,1,11,4,1,5,6,2,21,5,1398,1,5,VAUXHALL CORSA,3,E01017453,0,-1
2023010486141,2023,010486141,1,9,0,8,8,7,1,0,0,6,0,0,0,0,1,2,6,6,2,26,6,1398,1,5,VAUXHALL CORSA,-1,-1,0,-1
2023231384347,2023,231384347,1,9,0,16,19,1,4,0,0,0,1,0,7,7,1,1,6,6,2,30,6,1229,1,14,VAUXHALL CORSA,6,E01031084,0,-1
2023552301078,2023,552301078,1,9,0,9,9,6,4,0,0,8,0,0,0,0,1,1,6,6,2,75,10,1199,1,2,VAUXHALL CORSA,1,E01020554,0,-1
2023552301274,2023,552301274,1,9,0,9,9,2,8,0,0,6,0,0,0,0,1,1,6,6,1,43,7,1398,1,13,VAUXHALL CORSA,7,E01015354,0,-1
2023231344225,2023,231344225,1,9,0,18,19,3,7,0,0,0,1,0,1,7,1,1,6,6,1,20,4,1229,1,11,VAUXHALL CORSA,2,E01010301,0,-1
2023141329770,2023,141329770,2,9,0,9,9,5,5,0,0,0,0,0,0,0,2,1,2,2,1,27,6,-1,-1,-1,VAUXHALL CORSA,9,E01007432,0,-1
2023401301513,2023,401301513,2,9,0,18,19,-1,-1,0,0,0,0,0,0,0,1,1,6,6,1,21,5,1364,1,15,VAUXHALL CORSA,3,E01015757,0,-1
2023461355222,2023,461355222,1,9,0,15,15,1,6,0,0,3,0,0,0,0,1,1,6,6,3,-1,-1,1364,1,14,VAUXHALL CORSA,-1,-1,0,-1
2023170M11073,2023,170M11073,1,9,0,3,3,2,6,0,0,1,0,0,0,0,2,1,6,6,1,25,5,1229,1,13,VAUXHALL CORSA,1,E01012061,0,-1
2023010450058,2023,010450058,2,9,0,99,99,9,9,99,99,9,9,99,9,99,9,9,6,6,3,-1,-1,1229,1,9,VAUXHALL CORSA,-1,-1,0,-1
2023991285345,2023,991285345,1,9,0,17,19,5,2,0,0,0,1,0,0,0,1,1,6,6,1,20,4,1229,1,10,VAUXHALL CORSA,9,-1,0,-1
2023131285763,2023,131285763,2,9,0,18,19,3,7,0,0,1,0,0,4,1,1,1,5,6,1,23,5,1229,1,15,VAUXHALL CORSA,3,E01011722,0,-1
2023101263990,2023,101263990,1,9,0,18,19,2,6,0,0,0,0,0,0,0,1,1,5,6,1,50,8,1229,1,14,VAUXHALL CORSA,-1,-1,0,-1
2023122300328,2023,122300328,2,9,0,18,19,7,3,0,0,0,0,0,0,0,1,1,1,1,1,32,6,-1,-1,-1,VAUXHALL CORSA,3,E01027625,0,-1
2023440158614,2023,440158614,2,9,0,18,19,4,8,0,0,1,0,0,0,0,1,1,6,6,2,-1,-1,1248,2,16,VAUXHALL CORSA,4,E01026057,0,-1
2023451325410,2023,451325410,2,9,0,18,19,1,5,0,0,0,0,0,1,4,1,1,5,6,2,20,4,1364,1,15,VAUXHALL CORSA,10,E01022883,0,-1
2023010479584,2023,010479584,2,9,0,18,19,7,3,0,0,1,0,0,7,4,4,1,6,6,1,64,9,1364,1,17,VAUXHALL CORSA,8,E01000120,0,-1
2023070781566,2023,070781566,1,9,0,9,9,4,2,0,0,6,0,0,0,0,3,1,6,6,1,21,5,1248,2,17,VAUXHALL CORSA,5,E01018418,0,-1
2023221301276,2023,221301276,1,9,0,13,13,2,4,0,0,6,0,0,0,0,1,1,6,6,1,59,9,-1,3,2,VAUXHALL CORSA,10,E01032137,0,-1
2023010420025,2023,010420025,1,9,0,17,19,3,1,0,0,2,0,0,0,0,3,1,2,2,2,47,8,1199,1,2,VAUXHALL CORSA,3,E01002401,0,-1
2023547792023,2023,547792023,1,9,0,16,19,2,5,0,0,1,0,0,7,9,1,1,6,6,1,17,4,1398,1,6,VAUXHALL CORSA,7,E01015474,0,-1
2023010452255,2023,010452255,1,9,0,99,99,9,9,99,99,9,9,99,9,99,2,9,6,6,2,30,6,1398,1,12,VAUXHALL CORSA,6,E01002022,0,-1
2023211364926,2023,211364926,1,9,0,2,2,0,0,6,6,0,0,0,0,0,2,1,5,6,2,66,10,1199,1,3,VAUXHALL CORSA,10,E01029760,0,-1
2023141392794,2023,141392794,2,9,0,18,19,5,1,0,0,0,0,0,0,0,1,1,5,6,1,66,10,1229,1,10,VAUXHALL CORSA,2,E01007349,0,-1
2023451299115,2023,451299115,1,9,0,18,19,7,3,0,0,0,0,0,0,0,1,1,5,6,2,78,11,1199,1,3,VAUXHALL CORSA,10,E01030691,0,-1
2023430157721,2023,430157721,2,9,0,3,3,1,5,0,0,0,0,0,0,0,2,1,6,6,3,66,10,1398,1,5,VAUXHALL CORSA,8,E01028578,0,-1
2023052302453,2023,052302453,1,9,0,18,19,4,8,0,0,1,0,0,0,0,1,1,1,1,1,30,6,1229,1,9,VAUXHALL CORSA,-1,-1,0,-1
2023010481272,2023,010481272,2,9,0,99,99,9,9,99,99,9,9,99,9,99,1,9,6,6,3,47,8,1398,1,8,VAUXHALL CORSA,6,E01002423,0,-1
2023471317395,2023,471317395,1,9,0,12,12,7,3,0,0,0,0,0,0,0,0,1,5,6,2,37,7,1398,1,8,VAUXHALL CORSA,2,E01031819,0,-1
2023070007834,2023,070007834,2,9,0,3,3,2,6,0,0,1,0,0,0,0,2,1,6,6,2,30,6,1398,1,8,VAUXHALL CORSA,9,E01018442,0,-1
2023231358962,2023,231358962,1,9,0,17,19,1,6,0,0,0,0,0,1,10,4,1,6,6,2,37,7,1398,1,11,VAUXHALL CORSA,7,E01031253,0,-1
2023302301104,2023,302301104,2,9,0,9,9,8,6,0,0,6,0,0,1,2,1,1,6,6,1,19,4,1398,1,6,VAUXHALL CORSA,10,E01019473,0,-1
2023122300759,2023,122300759,1,9,0,9,9,1,7,0,0,8,0,0,0,0,2,1,6,6,2,38,7,1229,1,16,VAUXHALL CORSA,1,E01027907,0,-1
2023501319161,2023,501319161,1,9,0,5,5,2,6,0,0,8,0,0,0,0,3,1,5,6,2,21,5,1199,1,20,VAUXHALL CORSA,7,E01018814,0,-1
2023070813362,2023,070813362,2,9,0,18,19,8,4,0,0,0,0,0,0,0,0,1,6,6,2,29,6,1364,1,14,VAUXHALL CORSA,3,E01018557,0,-1
2023501364502,2023,501364502,1,9,0,18,19,1,6,0,0,0,5,0,7,0,4,1,2,2,1,30,6,1199,1,3,VAUXHALL CORSA,6,E01018915,0,-1
2023520300852,2023,520300852,1,9,0,4,4,1,5,0,0,0,0,0,0,0,2,1,6,6,2,26,6,1229,1,13,VAUXHALL CORSA,6,E01014750,0,-1
202363D002923,2023,63D002923,3,9,0,2,2,0,0,0,0,2,0,0,0,0,0,1,6,6,1,22,5,1364,1,18,VAUXHALL CORSA,7,W01000449,0,-1
2023041380969,2023,041380969,1,9,0,4,4,1,5,0,0,0,0,0,0,0,1,1,5,6,1,37,7,1398,1,11,VAUXHALL CORSA,9,E01025533,0,-1
2023010469402,2023,010469402,1,9,0,7,7,7,1,0,0,1,0,0,0,0,4,1,6,6,1,21,5,1229,1,8,VAUXHALL CORSA,2,E01013240,0,-1
2023010438062,2023,010438062,2,9,0,15,15,3,7,0,0,0,0,4,0,0,1,1,6,6,1,49,8,1248,2,15,VAUXHALL CORSA,2,E01000941,0,-1
2023031285519,2023,031285519,2,9,0,5,5,3,6,0,0,1,1,0,0,0,1,1,5,6,1,18,4,1229,1,13,VAUXHALL CORSA,4,E01019229,0,-1
2023010424445,2023,010424445,1,9,0,18,19,7,3,0,0,0,5,10,0,0,1,1,6,6,3,22,5,998,1,15,VAUXHALL CORSA,-1,-1,0,-1
2023471275481,2023,471275481,2,9,0,18,19,6,2,0,0,0,0,7,8,0,4,1,2,2,1,20,4,1229,1,11,VAUXHALL CORSA,7,E01031626,0,-1
2023471327389,2023,471327389,1,9,0,18,19,7,3,0,0,0,0,0,0,0,1,1,5,6,1,32,6,1199,1,2,VAUXHALL CORSA,6,E01021213,0,-1
2023991388768,2023,991388768,1,9,0,18,19,4,8,0,0,0,0,0,0,0,3,1,6,6,1,76,11,1199,1,3,VAUXHALL CORSA,4,-1,0,-1
2023131346984,2023,131346984,2,9,0,18,19,5,1,0,0,0,1,0,0,0,2,1,5,6,1,77,11,1229,1,7,VAUXHALL CORSA,10,E01011894,0,-1
2023131384580,2023,131384580,1,9,0,7,7,5,1,0,0,3,0,0,0,0,1,1,5,6,1,28,6,1398,1,8,VAUXHALL CORSA,1,E01010994,0,-1
2023332300809,2023,332300809,1,9,0,18,19,2,6,0,0,0,0,0,0,0,1,1,6,6,2,84,11,1229,1,11,VAUXHALL CORSA,6,E01025986,0,-1
2023041332372,2023,041332372,3,9,0,18,19,5,1,0,0,0,0,0,0,0,2,1,5,6,1,22,5,1229,1,10,VAUXHALL CORSA,5,E01011215,0,-1
2023421362654,2023,421362654,2,9,0,18,19,7,3,0,0,0,0,0,0,0,2,1,6,6,1,27,6,1229,1,8,VAUXHALL CORSA,8,E01033461,0,-1
2023211375872,2023,211375872,2,9,0,18,19,6,3,0,0,8,0,0,0,0,3,1,6,6,1,18,4,998,1,13,VAUXHALL CORSA,9,E01029479,0,-1
2023071152356,2023,071152356,4,9,0,18,19,3,7,0,0,0,0,0,0,0,1,1,6,6,2,25,5,1229,1,10,VAUXHALL CORSA,9,E01018555,0,-1
2023041333363,2023,041333363,1,9,0,18,19,7,3,0,0,0,0,0,0,0,1,1,5,6,2,25,5,1398,1,7,VAUXHALL CORSA,8,E01025272,0,-1
2023122301346,2023,122301346,2,9,0,17,19,7,3,0,0,1,0,0,0,0,1,1,2,2,1,23,5,1229,1,10,VAUXHALL CORSA,9,E01027882,0,-1
2023991273551,2023,991273551,1,9,0,18,19,7,3,0,0,0,0,12,0,0,1,1,5,6,1,21,5,1229,1,13,VAUXHALL CORSA,4,-1,0,-1
2023991365652,2023,991365652,1,9,0,18,19,5,1,0,0,0,0,0,7,9,1,1,6,6,2,67,10,1199,1,0,VAUXHALL CORSA,8,-1,0,-1
2023461323594,2023,461323594,1,9,0,18,19,1,3,0,0,8,0,0,0,0,1,1,5,6,1,31,6,1248,2,9,VAUXHALL CORSA,5,E01024643,0,-1
2023991329152,2023,991329152,1,9,0,18,19,8,4,0,0,1,0,0,0,0,1,1,6,6,2,18,4,1398,1,7,VAUXHALL CORSA,8,-1,0,-1
2023122300100,2023,122300100,1,9,0,18,19,1,5,0,0,1,1,0,1,11,1,1,1,1,1,32,6,1229,1,8,VAUXHALL CORSA,8,E01027754,0,-1
2023041274866,2023,041274866,1,9,0,18,19,1,5,0,0,1,0,0,0,0,1,1,6,6,2,20,4,1199,1,2,VAUXHALL CORSA,7,E01025048,0,-1
2023471289660,2023,471289660,1,9,0,18,19,5,1,0,0,3,0,0,0,0,1,1,5,6,2,36,7,1398,1,11,VAUXHALL CORSA,5,E01031584,0,-1
2023471346489,2023,471346489,1,9,0,18,19,5,1,0,0,8,0,0,0,0,1,1,6,6,2,24,5,1199,1,3,VAUXHALL CORSA,10,E01017822,0,-1
2023101286816,2023,101286816,1,9,0,18,19,1,5,0,0,0,0,0,0,0,1,1,6,6,2,27,6,1398,1,8,VAUXHALL CORSA,5,E01008470,0,-1
2023311318804,2023,311318804,1,9,0,18,19,3,7,0,0,0,0,4,0,0,3,1,5,6,2,33,6,1229,1,15,VAUXHALL CORSA,1,E01013813,0,-1
2023010469382,2023,010469382,2,9,0,99,99,9,9,99,99,9,9,99,9,99,0,9,6,6,3,-1,-1,1364,1,15,VAUXHALL CORSA,-1,-1,0,-1
2023131285535,2023,131285535,1,9,0,18,19,1,1,0,0,8,0,0,0,0,3,1,1,1,1,34,6,1398,1,8,VAUXHALL CORSA,1,E01010995,0,-1
2023361294359,2023,361294359,2,9,0,18,19,5,1,0,0,1,0,0,0,0,1,1,5,6,1,21,5,1398,1,6,VAUXHALL CORSA,8,E01026860,0,-1
2023351405157,2023,351405157,1,9,0,4,4,5,1,0,0,0,0,11,0,0,1,1,5,6,1,21,5,1398,1,7,VAUXHALL CORSA,7,E01018227,0,-1
2023421367027,2023,421367027,2,9,0,10,10,5,5,0,0,2,0,0,1,0,3,1,5,6,1,57,9,1398,1,9,VAUXHALL CORSA,10,E01023456,0,-1
2023010448233,2023,010448233,1,9,0,99,99,9,9,99,99,9,9,99,9,99,9,9,6,6,2,25,5,1229,1,11,VAUXHALL CORSA,5,E01000927,0,-1
2023131373174,2023,131373174,1,9,0,18,19,2,6,0,0,0,0,0,0,0,3,1,5,6,1,46,8,1248,2,15,VAUXHALL CORSA,1,E01011695,0,-1
2023010458896,2023,010458896,1,9,0,18,19,1,5,9,9,0,0,10,1,1,1,1,6,6,2,26,6,1398,1,7,VAUXHALL CORSA,7,E01001996,0,-1
2023131373646,2023,131373646,2,9,0,18,19,2,8,0,0,0,0,0,0,0,1,1,5,6,2,27,6,1199,1,1,VAUXHALL CORSA,8,E01011210,0,-1
2023061381508,2023,061381508,4,9,0,18,19,7,3,0,0,0,0,0,0,0,2,1,1,1,2,32,6,1398,1,5,VAUXHALL CORSA,-1,-1,0,-1
2023991347638,2023,991347638,1,9,0,18,19,5,1,0,0,2,0,0,0,0,3,1,5,6,2,17,4,1398,1,6,VAUXHALL CORSA,-1,-1,0,-1
2023302301662,2023,302301662,2,9,0,18,19,2,6,0,0,0,0,0,0,0,3,2,2,2,1,35,6,998,1,9,VAUXHALL CORSA,4,E01019431,0,-1
2023461278873,2023,461278873,3,9,0,3,3,7,3,0,0,8,0,0,0,0,2,1,5,6,2,39,7,1398,1,13,VAUXHALL CORSA,3,E01024291,0,-1
2023010432111,2023,010432111,1,9,9,99,99,9,9,99,99,9,9,99,9,99,9,9,6,6,2,20,4,1398,1,7,VAUXHALL CORSA,6,E01000487,0,-1
2023010455159,2023,010455159,1,9,0,5,5,0,1,5,5,2,0,0,0,0,0,1,6,6,1,65,9,1364,1,15,VAUXHALL CORSA,4,E01001512,0,-1
2023211280159,2023,211280159,1,9,-1,17,19,4,3,-1,-1,0,-1,-1,-1,0,-1,1,6,6,1,18,4,1229,1,14,VAUXHALL CORSA,5,E01019613,0,-1
2023320628717,2023,320628717,1,9,0,18,19,2,4,0,0,4,1,9,1,1,4,1,6,6,1,18,4,1398,1,4,VAUXHALL CORSA,10,E01026139,0,-1
2023010475944,2023,010475944,1,9,0,99,99,9,9,99,99,9,9,99,9,99,2,9,6,6,1,43,7,999,1,8,VAUXHALL CORSA,9,E01002164,0,-1
2023320717772,2023,320717772,2,9,0,18,19,6,2,0,0,0,1,0,0,0,3,1,6,6,1,23,5,1398,1,5,VAUXHALL CORSA,-1,-1,0,-1
2023991383523,2023,991383523,1,9,0,9,9,2,7,0,0,8,1,0,7,11,1,1,5,6,1,28,6,1229,1,10,VAUXHALL CORSA,9,-1,0,-1
2023010476529,2023,010476529,2,9,0,9,9,1,6,0,0,1,0,0,0,0,2,1,6,6,1,23,5,1229,1,14,VAUXHALL CORSA,4,E01004124,0,-1
2023430201996,2023,430201996,1,9,0,16,19,5,2,0,0,0,0,0,0,0,1,1,6,6,1,20,4,1364,1,16,VAUXHALL CORSA,10,E01028782,0,-1
2023461284346,2023,461284346,1,9,0,9,9,7,5,0,0,8,0,0,7,0,1,1,6,6,1,75,10,1248,2,7,VAUXHALL CORSA,3,E01024548,0,-1
2023010460433,2023,010460433,1,9,0,13,13,5,1,0,0,6,0,0,0,0,1,1,6,6,3,30,6,1199,1,1,VAUXHALL CORSA,4,E01003685,0,-1
2023131383191,2023,131383191,1,9,0,17,19,4,7,0,0,0,1,0,1,2,1,1,6,6,2,33,6,1199,1,0,VAUXHALL CORSA,8,E01010683,0,-1
2023332300611,2023,332300611,1,9,0,11,11,8,4,0,0,0,0,0,1,0,4,1,6,6,1,19,4,1364,1,13,VAUXHALL CORSA,1,E01013679,0,-1
2023010424911,2023,010424911,1,9,0,9,9,1,6,0,0,7,0,0,0,0,1,1,6,6,1,34,6,1229,1,14,VAUXHALL CORSA,2,E01003267,0,-1
2023302301181,2023,302301181,1,9,0,3,3,2,8,0,0,8,0,0,0,0,3,1,6,6,2,36,7,1398,1,6,VAUXHALL CORSA,1,E01032561,0,-1
202363D018023,2023,63D018023,1,9,0,13,13,6,2,0,0,8,0,0,0,0,1,1,6,6,1,18,4,1229,1,13,VAUXHALL CORSA,3,W01000411,0,-1
2023522301181,2023,522301181,2,9,0,9,9,2,8,0,0,5,0,0,0,0,1,1,6,6,1,-1,-1,1398,1,6,VAUXHALL CORSA,-1,-1,0,-1
2023141393922,2023,141393922,1,9,0,3,3,6,2,0,0,1,0,0,0,0,2,1,5,6,2,26,6,1398,1,6,VAUXHALL CORSA,8,E01007868,0,-1
2023061290596,2023,061290596,1,9,0,18,19,5,1,0,0,0,0,0,6,0,1,1,5,6,1,18,4,1229,1,12,VAUXHALL CORSA,2,E01005182,0,-1
2023131293390,2023,131293390,1,9,0,18,19,3,7,0,0,8,0,0,0,0,4,1,6,6,3,-1,-1,1229,1,15,VAUXHALL CORSA,-1,-1,0,-1
2023201380788,2023,201380788,1,9,0,18,19,2,5,0,0,1,0,10,1,1,1,1,6,6,2,60,9,998,1,13,VAUXHALL CORSA,5,E01010402,0,-1
2023520301795,2023,520301795,2,9,0,18,19,2,6,0,0,0,0,0,0,0,1,1,6,6,2,28,6,1398,1,10,VAUXHALL CORSA,5,E01029208,0,-1
2023430253936,2023,430253936,1,9,0,18,19,4,8,0,0,1,0,0,0,0,1,1,6,6,1,30,6,1364,1,14,VAUXHALL CORSA,-1,-1,0,-1
2023371392328,2023,371392328,2,9,0,18,19,1,5,0,0,0,0,0,0,0,1,1,5,6,1,-1,-1,1199,1,0,VAUXHALL CORSA,-1,-1,0,-1
2023461364193,2023,461364193,2,9,0,12,12,5,1,0,0,0,0,0,1,0,2,1,6,6,1,63,9,1229,1,16,VAUXHALL CORSA,4,E01024510,0,-1
2023522400623,2023,522400623,4,9,0,2,2,0,0,0,0,0,0,0,0,0,2,1,6,6,1,43,7,1229,1,16,VAUXHALL CORSA,2,E01014536,0,-1
2023010463941,2023,010463941,1,9,0,99,99,9,9,99,99,9,9,99,9,99,1,9,2,2,2,27,6,1229,1,8,VAUXHALL CORSA,4,E01003204,0,-1
2023170M20143,2023,170M20143,1,9,0,14,14,2,6,0,0,8,0,0,0,0,1,1,6,6,1,71,10,1199,1,2,VAUXHALL CORSA,1,E01012091,0,-1
2023131280689,2023,131280689,1,9,0,18,19,5,1,0,0,8,1,0,7,11,1,1,6,6,2,23,5,1199,1,3,VAUXHALL CORSA,9,E01011641,0,-1
2023501315514,2023,501315514,1,9,0,6,6,5,2,0,0,1,0,0,0,0,3,1,6,6,1,20,4,1229,1,13,VAUXHALL CORSA,2,E01015052,0,-1
2023320148872,2023,320148872,2,9,0,2,2,0,0,0,0,1,0,0,0,0,2,1,6,6,2,27,6,1398,1,7,VAUXHALL CORSA,9,E01012974,0,-1
2023991341304,2023,991341304,2,9,0,4,4,1,5,0,0,0,0,0,0,0,2,1,5,6,2,20,4,1199,1,1,VAUXHALL CORSA,4,-1,0,-1
2023501350920,2023,501350920,2,19,0,4,4,6,2,0,0,0,0,0,0,0,0,1,6,6,1,51,8,1248,2,11,-1,3,E01020229,0,-1
2023411363699,2023,411363699,1,9,0,10,10,1,7,0,0,1,0,0,0,0,3,1,5,6,2,52,8,1229,1,11,VAUXHALL CORSA,2,E01023750,0,-1
2023351357339,2023,351357339,1,9,0,18,19,6,2,0,0,0,1,0,0,0,1,1,5,6,1,18,4,973,1,20,VAUXHALL CORSA,3,E01018160,0,-1
2023411292124,2023,411292124,2,9,0,3,3,1,5,0,0,0,0,0,0,0,2,1,5,6,1,23,5,1398,1,8,VAUXHALL CORSA,5,E01023293,0,-1
2023070088281,2023,070088281,1,9,0,18,19,8,3,0,0,0,0,10,7,11,1,1,1,1,1,29,6,1398,1,8,VAUXHALL CORSA,2,E01005566,0,-1
2023122300604,2023,122300604,2,9,0,17,19,8,1,0,0,0,0,0,0,0,3,1,6,6,1,78,11,1398,1,4,VAUXHALL CORSA,7,E01027585,0,-1
2023440110030,2023,440110030,1,9,0,18,19,8,4,0,0,0,0,4,0,0,1,1,1,1,2,55,8,1199,1,2,VAUXHALL CORSA,7,E01017048,0,-1
2023430520188,2023,430520188,1,9,0,18,19,4,8,0,0,0,0,0,0,0,4,1,2,2,2,23,5,1398,1,5,VAUXHALL CORSA,5,E01023829,0,-1
2023522400021,2023,522400021,2,9,0,7,7,3,5,0,0,5,0,0,0,0,4,1,6,6,1,78,11,1229,1,13,VAUXHALL CORSA,4,E01014576,0,-1
2023351342548,2023,351342548,1,9,0,5,5,5,1,0,0,6,0,0,0,0,3,1,2,2,2,61,9,1248,2,9,VAUXHALL CORSA,8,E01015589,0,-1
2023531365466,2023,531365466,1,9,0,9,9,6,4,0,0,0,0,0,0,0,1,1,5,6,1,19,4,1229,1,18,VAUXHALL CORSA,8,E01022313,0,-1
2023351382249,2023,351382249,1,9,0,18,19,3,4,0,0,0,0,0,1,9,1,1,5,6,2,65,9,1199,1,1,VAUXHALL CORSA,8,E01018197,0,-1
2023401374316,2023,401374316,1,9,0,18,19,2,6,0,0,0,0,0,0,0,1,1,6,6,1,19,4,1364,1,16,VAUXHALL CORSA,2,E01015802,0,-1
2023010420103,2023,010420103,1,9,0,7,7,5,7,0,0,5,0,0,0,0,3,1,6,6,1,39,7,-1,3,1,VAUXHALL CORSA,3,E01000381,0,-1