collision_index,collision_year,collision_ref_no,vehicle_reference,vehicle_type,towing_and_articulation,vehicle_manoeuvre_historic,vehicle_manoeuvre,vehicle_direction_from,vehicle_direction_to,vehicle_location_restricted_lane_historic,vehicle_location_restricted_lane,junction_location,skidding_and_overturning,hit_object_in_carriageway,vehicle_leaving_carriageway,hit_object_off_carriageway,first_point_of_impact,vehicle_left_hand_drive,journey_purpose_of_driver_historic,journey_purpose_of_driver,sex_of_driver,age_of_driver,age_band_of_driver,engine_capacity_cc,propulsion_code,age_of_vehicle,generic_make_model,driver_imd_decile,lsoa_of_driver,escooter_flag,driver_distance_banding
2023311384047,2023,311384047,1,9,0,18,19,3,8,0,0,8,0,0,0,0,0,1,6,6,1,59,9,1398,1,5,VAUXHALL CORSA,6,E01021430,0,-1
2023361306423,2023,361306423,1,9,0,18,19,1,5,0,0,0,0,0,0,0,4,1,6,6,1,33,6,1248,2,19,VAUXHALL CORSA,4,E01026864,0,-1
2023520301631,2023,520301631,2,9,0,18,19,7,3,0,0,0,0,0,1,11,1,1,6,6,2,21,5,1229,1,8,VAUXHALL CORSA,4,E01029050,0,-1
2023520400476,2023,520400476,1,9,0,18,19,2,6,0,0,8,0,0,0,0,1,1,6,6,1,20,4,1229,1,12,VAUXHALL CORSA,-1,-1,0,-1
2023201291218,2023,201291218,3,9,0,18,19,2,4,0,0,0,0,0,0,0,3,1,6,6,2,59,9,1398,1,11,VAUXHALL CORSA,5,E01009418,0,-1
202354C584723,2023,54C584723,4,9,0,18,19,3,7,0,0,0,0,0,0,0,4,1,6,6,2,29,6,1229,1,14,VAUXHALL CORSA,8,E01015534,0,-1
2023440475253,2023,440475253,2,9,0,18,19,3,7,0,0,1,0,0,0,0,1,1,6,6,3,-1,-1,1364,1,16,VAUXHALL CORSA,-1,-1,0,-1
2023461374886,2023,461374886,1,9,0,18,19,5,1,0,0,0,1,0,1,0,3,1,6,6,1,37,7,1229,1,15,VAUXHALL CORSA,9,E01024851,0,-1
2023101376888,2023,101376888,3,9,0,2,2,0,0,0,0,1,0,0,0,0,2,1,6,6,3,-1,-1,1398,1,5,VAUXHALL CORSA,-1,-1,0,-1
2023010437226,2023,010437226,2,9,0,99,99,9,9,99,99,9,9,99,9,99,9,9,6,6,3,-1,-1,1398,1,13,VAUXHALL CORSA,-1,-1,0,-1
2023631366658,2023,631366658,1,9,0,6,6,5,1,0,0,0,0,0,0,0,3,1,2,2,2,38,7,1248,2,7,VAUXHALL CORSA,6,W01000628,0,-1
2023041369640,2023,041369640,2,9,0,18,19,3,7,0,0,0,0,0,0,0,2,1,2,2,2,38,7,1199,1,1,VAUXHALL CORSA,6,E01032928,0,-1
2023430088008,2023,430088008,1,9,0,9,9,7,5,0,0,5,0,0,0,0,1,1,1,1,1,39,7,1229,1,10,VAUXHALL CORSA,5,E01017844,0,-1
2023311341047,2023,311341047,1,9,0,9,9,0,0,0,0,0,0,0,1,0,1,1,6,6,1,30,6,1229,1,16,VAUXHALL CORSA,3,E01033664,0,-1
2023010441506,2023,010441506,2,9,0,9,9,1,8,0,0,8,0,0,0,0,1,1,6,6,1,22,5,1229,1,12,VAUXHALL CORSA,5,E01002214,0,-1
2023520300829,2023,520300829,2,9,0,18,19,5,1,0,0,0,0,0,0,0,4,1,6,6,1,38,7,1199,1,21,VAUXHALL CORSA,4,E01014450,0,-1
2023991418762,2023,991418762,2,9,0,18,19,8,4,0,0,0,0,0,0,0,1,1,5,6,2,23,5,1398,1,4,VAUXHALL CORSA,-1,-1,0,-1
2023991307245,2023,991307245,2,9,0,2,2,0,0,9,9,0,0,0,0,0,1,1,6,6,3,-1,-1,1229,1,8,VAUXHALL CORSA,-1,-1,0,-1
2023201301875,2023,201301875,2,9,0,4,4,8,4,0,0,4,1,7,0,0,4,1,6,6,1,16,4,1398,1,11,VAUXHALL CORSA,2,E01010056,0,-1
2023231343151,2023,231343151,2,9,0,9,9,7,6,0,0,6,0,0,0,0,3,1,2,2,2,22,5,1229,1,9,VAUXHALL CORSA,8,E01031217,0,-1
2023010466236,2023,010466236,1,9,0,99,99,9,9,99,99,9,9,99,9,99,9,9,6,6,1,63,9,1398,1,12,VAUXHALL CORSA,2,E01000016,0,-1
2023010436546,2023,010436546,1,9,0,18,19,7,3,0,0,1,0,0,0,0,1,1,6,6,1,23,5,1229,1,14,VAUXHALL CORSA,5,E01000606,0,-1
2023461360056,2023,461360056,1,9,0,18,19,4,8,0,0,0,0,0,0,0,1,1,2,2,2,38,7,1389,1,20,VAUXHALL CORSA,4,E01032800,0,-1
2023052301612,2023,052301612,1,9,0,18,19,6,2,0,0,0,0,0,0,0,3,1,6,6,1,25,5,1199,1,2,VAUXHALL CORSA,6,E01006972,0,-1
2023411390126,2023,411390126,2,9,0,12,12,-1,-1,0,0,0,0,0,0,0,2,1,5,6,1,22,5,1199,1,3,VAUXHALL CORSA,9,E01014819,0,-1
2023141317243,2023,141317243,2,9,0,18,19,6,2,0,0,8,0,4,0,0,3,1,6,6,1,43,7,1229,1,13,VAUXHALL CORSA,2,E01008112,0,-1
2023421381315,2023,421381315,1,9,0,5,5,3,7,0,0,6,1,10,0,0,1,1,1,1,1,49,8,1229,1,10,VAUXHALL CORSA,1,E01015852,0,-1
2023332300725,2023,332300725,1,9,0,5,5,5,1,0,0,6,0,0,0,0,3,1,6,6,2,18,4,1229,1,10,VAUXHALL CORSA,9,E01013809,0,-1
2023122301282,2023,122301282,1,9,0,16,19,4,8,0,0,8,0,0,0,0,4,1,6,6,2,19,4,1229,1,9,VAUXHALL CORSA,3,E01008263,0,-1
2023141390277,2023,141390277,1,9,0,18,19,2,6,0,0,0,0,7,0,0,1,1,5,6,2,91,11,1398,1,10,VAUXHALL CORSA,6,E01008005,0,-1
2023991362083,2023,991362083,2,9,0,18,19,5,8,0,0,1,0,0,0,0,4,1,1,1,1,46,8,1199,1,3,VAUXHALL CORSA,7,-1,0,-1
2023371391309,2023,371391309,2,9,0,3,3,1,5,0,0,1,0,0,7,11,1,1,2,2,2,61,9,1398,1,7,VAUXHALL CORSA,5,E01030106,0,-1
2023461381831,2023,461381831,1,9,0,18,19,1,4,0,0,0,0,0,0,0,1,1,5,6,1,18,4,1229,1,9,VAUXHALL CORSA,6,E01024065,0,-1
2023052300272,2023,052300272,1,9,0,18,19,5,1,0,0,8,0,0,0,0,1,1,6,6,1,39,7,1229,1,11,VAUXHALL CORSA,2,E01006663,0,-1
2023141272529,2023,141272529,1,9,0,18,19,1,5,0,0,0,5,10,8,11,4,1,5,6,1,20,4,1229,1,11,VAUXHALL CORSA,1,E01007790,0,-1
2023340WN5992,2023,340WN5992,1,9,0,18,19,6,2,0,0,8,0,0,0,0,1,1,2,2,1,18,4,1229,1,18,VAUXHALL CORSA,1,E01027198,0,-1
2023111317927,2023,111317927,2,9,0,18,19,5,1,0,0,8,0,0,0,0,3,1,5,6,2,69,10,1398,1,6,VAUXHALL CORSA,3,E01020834,0,-1
2023361346345,2023,361346345,2,9,0,5,5,5,1,0,0,1,0,0,0,0,2,1,5,6,1,50,8,1398,1,8,VAUXHALL CORSA,4,E01029949,0,-1
2023440115464,2023,440115464,1,9,0,18,19,3,7,0,0,0,0,0,0,0,1,1,6,6,2,19,4,1229,1,13,VAUXHALL CORSA,8,E01022871,0,-1
2023991352449,2023,991352449,1,9,0,9,9,7,5,0,0,8,0,0,0,0,1,1,6,6,1,61,9,1199,1,1,VAUXHALL CORSA,8,E01020725,0,-1
2023141368114,2023,141368114,1,9,0,2,2,4,1,0,0,0,0,0,1,11,3,1,2,2,1,21,5,1229,1,15,VAUXHALL CORSA,1,E01007949,0,-1
2023231367724,2023,231367724,1,9,0,18,19,1,5,0,0,1,1,10,1,2,1,1,6,6,1,32,6,1398,1,8,VAUXHALL CORSA,10,E01031255,0,-1
2023631333822,2023,631333822,1,9,0,18,19,6,2,0,0,2,1,0,7,11,1,1,2,2,1,18,4,1229,1,10,VAUXHALL CORSA,6,W01000560,0,-1
2023122301290,2023,122301290,1,9,0,18,19,1,5,0,0,0,0,0,0,0,1,1,6,6,1,20,4,1229,1,12,VAUXHALL CORSA,7,E01027904,0,-1
2023170M20953,2023,170M20953,1,9,0,17,19,2,8,0,0,0,0,0,0,0,1,1,2,2,2,46,8,1199,1,1,VAUXHALL CORSA,3,E01012017,0,-1
2023461355889,2023,461355889,1,9,0,9,9,3,1,0,0,8,0,0,0,0,1,1,6,6,2,31,6,1229,1,9,VAUXHALL CORSA,5,E01024643,0,-1
2023332301185,2023,332301185,1,9,0,7,7,1,3,9,9,5,0,0,0,0,4,1,6,6,1,-1,-1,1229,1,17,VAUXHALL CORSA,-1,-1,0,-1
2023991339455,2023,991339455,2,9,0,18,19,3,7,0,0,1,0,0,0,0,4,1,5,6,2,29,6,1229,1,14,VAUXHALL CORSA,2,-1,0,-1
2023430433903,2023,430433903,1,9,0,16,19,2,5,0,0,0,0,0,0,0,3,1,6,6,2,75,10,1398,1,6,VAUXHALL CORSA,10,E01028711,0,-1
2023991284494,2023,991284494,6,9,0,18,19,3,7,0,0,0,0,0,0,0,1,1,6,6,2,32,6,1398,1,5,VAUXHALL CORSA,1,-1,0,-1
2023461277409,2023,461277409,1,9,0,9,9,2,6,0,0,5,0,0,0,0,1,1,6,6,2,32,6,1398,1,6,VAUXHALL CORSA,6,E01032814,0,-1
2023010458839,2023,010458839,1,9,0,99,99,9,9,99,99,9,9,99,9,99,2,9,6,6,3,-1,-1,1199,1,1,VAUXHALL CORSA,2,E01000990,0,-1
2023440081361,2023,440081361,1,9,0,4,4,6,2,0,0,1,0,0,0,0,2,1,6,6,1,21,5,1229,1,10,VAUXHALL CORSA,2,E01017337,0,-1
2023552301015,2023,552301015,1,9,0,18,19,2,6,9,9,0,0,0,1,3,1,1,6,6,1,19,4,1248,2,13,VAUXHALL CORSA,10,E01020395,0,-1
2023122300475,2023,122300475,1,9,0,16,19,4,7,0,0,0,0,0,7,0,4,1,1,1,1,65,9,1199,1,3,VAUXHALL CORSA,5,E01006669,0,-1
2023010438694,2023,010438694,2,9,0,6,6,1,1,0,0,0,0,0,0,0,4,1,6,6,1,32,6,1398,1,4,VAUXHALL CORSA,2,E01003578,0,-1
2023052301625,2023,052301625,1,9,0,9,9,5,3,0,0,8,0,0,0,0,1,1,6,6,1,31,6,1199,1,3,VAUXHALL CORSA,1,E01006821,0,-1
2023041332033,2023,041332033,2,9,0,17,19,1,5,0,0,1,0,0,0,0,4,1,5,6,2,55,8,1398,1,9,VAUXHALL CORSA,7,E01012610,0,-1
2023421386938,2023,421386938,1,9,0,18,19,6,4,0,0,1,0,0,0,0,1,1,6,6,1,30,6,1229,1,11,VAUXHALL CORSA,-1,-1,0,-1
2023522301446,2023,522301446,1,9,0,18,19,1,5,0,0,1,0,0,0,0,3,1,6,6,2,33,6,1364,1,16,VAUXHALL CORSA,4,E01014521,0,-1
2023991368007,2023,991368007,1,9,0,9,9,0,2,6,6,0,0,0,0,0,1,1,6,6,1,42,7,1398,1,5,VAUXHALL CORSA,-1,-1,0,-1
2023461330950,2023,461330950,1,9,0,18,19,1,5,0,0,8,1,0,7,0,1,1,6,6,1,19,4,1229,1,10,VAUXHALL CORSA,6,E01024807,0,-1
2023101314648,2023,101314648,1,9,0,16,19,1,5,0,0,0,1,0,1,0,1,1,5,6,1,17,4,1229,1,9,VAUXHALL CORSA,2,E01027429,0,-1
2023461332616,2023,461332616,1,9,0,3,3,-1,-1,0,0,6,0,0,0,0,4,1,5,6,1,37,7,1398,1,7,VAUXHALL CORSA,4,E01016164,0,-1
202360A019206,2023,60A019206,2,9,0,3,3,3,7,0,0,0,0,0,0,0,2,1,6,6,2,61,9,1229,1,10,VAUXHALL CORSA,-1,-1,0,-1
2023991262750,2023,991262750,1,9,0,9,9,5,2,0,0,1,0,0,0,0,4,1,1,1,2,42,7,1398,1,5,VAUXHALL CORSA,4,-1,0,-1
2023201389888,2023,201389888,1,9,0,9,9,3,8,0,0,1,0,0,0,0,1,1,6,6,2,21,5,1229,1,8,VAUXHALL CORSA,3,E01009294,0,-1
2023131289340,2023,131289340,2,9,0,18,19,5,1,0,0,1,0,0,0,0,2,1,6,6,2,38,7,1398,1,7,VAUXHALL CORSA,8,E01011825,0,-1
2023302300031,2023,302300031,2,9,0,18,19,4,8,0,0,1,0,0,0,0,2,1,6,6,2,33,6,1199,1,1,VAUXHALL CORSA,6,E01019866,0,-1
2023010451898,2023,010451898,1,9,0,18,19,3,7,0,0,1,0,4,0,0,4,1,6,6,3,-1,-1,1199,1,1,VAUXHALL CORSA,-1,-1,0,-1
2023010462375,2023,010462375,2,9,0,99,99,9,9,99,99,9,9,99,9,99,1,9,6,6,3,-1,-1,1364,1,15,VAUXHALL CORSA,1,E01001840,0,-1
2023010471849,2023,010471849,1,9,0,18,19,6,2,0,0,8,0,0,0,0,1,1,6,6,2,54,8,1229,1,9,VAUXHALL CORSA,9,E01031589,0,-1
2023141314777,2023,141314777,2,9,0,18,19,8,4,0,0,8,0,0,0,0,1,1,5,6,1,43,7,1686,2,16,VAUXHALL CORSA,1,E01013603,0,-1
2023052302970,2023,052302970,1,9,0,4,4,5,1,0,0,0,0,0,0,0,1,1,6,6,2,24,5,1398,1,9,VAUXHALL CORSA,1,E01007293,0,-1
2023991377705,2023,991377705,2,9,0,18,19,8,4,0,0,0,0,0,0,0,1,1,5,6,2,20,4,1229,1,11,VAUXHALL CORSA,5,-1,0,-1
2023461372434,2023,461372434,1,9,0,18,19,7,3,0,0,2,0,0,0,0,1,1,1,1,1,26,6,1398,1,8,VAUXHALL CORSA,1,E01024682,0,-1
2023201374444,2023,201374444,1,9,0,5,5,6,4,1,1,6,0,0,0,0,1,1,5,6,2,75,10,1398,1,11,VAUXHALL CORSA,2,E01010465,0,-1
2023031319951,2023,031319951,2,9,0,18,19,3,7,0,0,1,0,0,0,0,1,1,5,6,1,19,4,1229,1,16,VAUXHALL CORSA,2,E01019230,0,-1
2023010474251,2023,010474251,1,9,0,18,19,1,5,0,0,0,0,0,0,0,1,1,6,6,2,18,4,1364,1,15,VAUXHALL CORSA,4,E01000439,0,-1
2023131292995,2023,131292995,1,9,0,18,19,3,7,0,0,0,0,0,0,0,1,1,5,6,2,79,11,1364,1,14,VAUXHALL CORSA,10,E01011516,0,-1
2023010484002,2023,010484002,1,9,0,6,6,5,5,0,0,0,0,0,0,0,1,1,6,6,2,49,8,1398,1,6,VAUXHALL CORSA,8,E01003710,0,-1
2023010431804,2023,010431804,1,9,0,4,4,1,5,0,0,1,0,0,0,0,1,1,6,6,2,66,10,1229,1,9,VAUXHALL CORSA,5,E01004374,0,-1
2023041334163,2023,041334163,2,9,0,18,19,1,5,0,0,0,0,0,0,0,1,1,2,2,2,24,5,1398,1,5,VAUXHALL CORSA,8,E01004892,0,-1
2023201374319,2023,201374319,1,9,0,7,7,3,5,0,0,6,0,0,0,0,3,1,6,6,1,-1,-1,1229,1,13,VAUXHALL CORSA,-1,-1,0,-1
2023991284227,2023,991284227,2,9,0,18,19,8,3,0,0,1,1,0,0,0,1,1,5,6,1,28,6,1229,1,8,VAUXHALL CORSA,-1,-1,0,-1
2023991355818,2023,991355818,1,9,0,18,19,1,5,0,0,8,0,0,0,0,1,1,5,6,2,25,5,1398,1,7,VAUXHALL CORSA,3,-1,0,-1
2023041380894,2023,041380894,2,9,0,18,19,3,7,0,0,1,1,0,0,0,2,1,6,6,1,34,6,1199,1,2,VAUXHALL CORSA,5,E01025572,0,-1
2023340WN2282,2023,340WN2282,2,9,0,18,19,3,7,0,0,8,1,0,0,0,3,1,6,6,2,38,7,1229,1,9,VAUXHALL CORSA,-1,-1,0,-1
2023031322488,2023,031322488,1,9,-1,-1,-1,-1,-1,-1,-1,-1,-1,-1,-1,0,-1,1,2,2,2,19,4,1229,1,10,VAUXHALL CORSA,7,E01019316,0,-1
2023461358523,2023,461358523,2,9,0,2,2,0,0,0,0,0,0,0,0,0,1,1,6,6,3,-1,-1,1398,1,7,VAUXHALL CORSA,-1,-1,0,-1
2023471315169,2023,471315169,1,9,0,18,19,7,1,0,0,1,5,0,2,10,4,1,5,6,2,18,4,1229,1,18,VAUXHALL CORSA,3,E01023107,0,-1
2023201379057,2023,201379057,1,9,0,13,13,3,7,0,0,8,0,0,0,0,4,1,5,6,2,-1,-1,1248,2,14,VAUXHALL CORSA,-1,-1,0,-1
2023302300447,2023,302300447,2,9,0,18,19,2,6,0,0,0,0,0,0,0,2,1,6,6,2,29,6,1398,1,8,VAUXHALL CORSA,2,E01013522,0,-1
2023351336967,2023,351336967,1,9,0,18,19,2,6,0,0,1,0,0,0,0,1,1,5,6,1,53,8,1398,1,6,VAUXHALL CORSA,3,E01018180,0,-1
2023501373211,2023,501373211,1,9,0,13,13,7,3,0,0,0,1,0,0,0,4,1,6,6,2,24,5,-1,-1,-1,VAUXHALL CORSA,4,E01018924,0,-1
2023461265204,2023,461265204,1,9,0,9,9,1,7,0,0,0,0,0,0,0,4,1,6,6,2,17,4,1229,1,16,VAUXHALL CORSA,4,E01032823,0,-1
2023520301380,2023,520301380,2,9,0,18,19,8,4,0,0,8,0,0,0,0,1,1,6,6,1,17,4,998,1,19,VAUXHALL CORSA,4,E01029309,0,-1
2023010434411,2023,010434411,1,9,0,18,19,5,1,0,0,1,0,0,0,0,1,1,2,2,2,53,8,1229,1,10,VAUXHALL CORSA,1,E01001052,0,-1
2023461270753,2023,461270753,2,9,0,18,19,1,5,0,0,0,0,0,0,0,4,1,5,6,2,46,8,1398,1,9,VAUXHALL CORSA,7,E01024522,0,-1
2023991390811,2023,991390811,1,9,0,18,19,3,7,0,0,0,0,0,0,0,1,1,5,6,2,22,5,1398,1,4,VAUXHALL CORSA,5,-1,0,-1
2023161298639,2023,161298639,2,9,0,9,9,1,7,0,0,4,0,0,0,0,1,1,5,6,2,37,7,1364,1,16,VAUXHALL CORSA,1,E01013279,0,-1
2023411287860,2023,411287860,2,9,0,3,3,7,1,0,0,0,0,0,0,0,2,1,5,6,2,21,5,1229,1,9,VAUXHALL CORSA,5,E01023325,0,-1
2023332300530,2023,332300530,2,9,0,18,19,7,3,0,0,1,0,0,0,0,1,1,6,6,2,-1,-1,1389,1,17,VAUXHALL CORSA,-1,-1,0,-1
2023501292441,2023,501292441,1,9,0,18,19,6,2,0,0,0,0,0,8,6,3,1,5,6,1,19,4,1229,1,18,VAUXHALL CORSA,4,E01018948,0,-1
2023061308247,2023,061308247,1,9,0,18,19,-1,-1,0,0,0,0,0,0,0,0,1,6,6,3,30,6,1398,1,8,VAUXHALL CORSA,6,E01005711,0,-1
2023041268012,2023,041268012,1,9,0,18,19,3,7,0,0,0,0,0,0,0,1,1,3,7,2,49,8,1364,1,14,VAUXHALL CORSA,9,E01024970,0,-1
2023440007626,2023,440007626,1,9,0,18,19,7,1,0,0,5,0,0,0,0,1,1,1,1,1,60,9,1248,2,6,VAUXHALL CORSA,4,E01022723,0,-1
2023010443909,2023,010443909,1,9,0,5,5,5,1,0,0,2,0,0,0,0,1,1,2,2,2,34,6,1199,1,2,VAUXHALL CORSA,-1,-1,0,-1
2023631307469,2023,631307469,3,9,0,4,4,2,1,0,0,1,0,0,0,0,0,1,5,6,1,54,8,1248,2,10,VAUXHALL CORSA,9,W01000441,0,-1
2023531382067,2023,531382067,2,9,0,10,10,3,7,0,0,0,0,0,0,0,1,1,5,6,2,51,8,1248,2,10,VAUXHALL CORSA,2,E01022288,0,-1
2023501359895,2023,501359895,1,9,0,18,19,7,3,0,0,1,0,0,0,0,1,1,5,6,1,66,10,1398,1,13,VAUXHALL CORSA,7,E01007829,0,-1
2023101343978,2023,101343978,1,9,0,18,19,1,5,0,0,0,1,0,0,0,1,1,5,6,2,26,6,1229,1,11,VAUXHALL CORSA,2,E01027543,0,-1
2023371316364,2023,371316364,1,9,0,18,19,5,1,0,0,0,0,0,0,0,1,1,5,6,2,50,8,998,1,19,VAUXHALL CORSA,8,E01017747,0,-1
2023031288791,2023,031288791,1,9,0,5,5,4,6,0,0,1,0,0,0,0,1,1,5,6,1,19,4,1248,2,15,VAUXHALL CORSA,-1,-1,0,-1
2023122300064,2023,122300064,2,9,0,18,19,3,7,0,0,1,0,0,1,0,3,1,6,6,2,23,5,1248,2,13,VAUXHALL CORSA,5,E01027798,0,-1
2023371322188,2023,371322188,1,9,0,9,9,1,7,0,0,1,0,0,0,0,0,1,5,6,1,76,11,1398,1,11,VAUXHALL CORSA,7,E01029875,0,-1
2023451391454,2023,451391454,3,9,0,4,4,7,3,0,0,0,0,0,0,0,2,1,6,6,1,69,10,1229,1,11,VAUXHALL CORSA,2,E01032062,0,-1
2023010429447,2023,010429447,2,9,0,1,1,5,1,0,0,0,0,0,0,0,3,1,1,1,2,21,5,1229,1,13,VAUXHALL CORSA,4,E01001674,0,-1
2023010441114,2023,010441114,2,9,9,99,99,9,9,99,99,9,9,99,9,99,9,9,6,6,3,-1,-1,1398,1,13,VAUXHALL CORSA,-1,-1,0,-1
2023141266428,2023,141266428,1,9,0,18,19,1,1,0,0,0,0,0,0,0,1,1,6,6,1,35,6,1199,1,21,VAUXHALL CORSA,6,E01013250,0,-1
2023101305039,2023,101305039,3,9,0,18,19,3,7,0,0,1,0,0,0,0,1,1,5,6,1,31,6,1248,2,14,VAUXHALL CORSA,2,E01008754,0,-1
2023131305842,2023,131305842,1,9,0,7,7,0,0,9,9,6,0,0,0,0,1,1,5,6,1,31,6,1229,1,17,VAUXHALL CORSA,2,E01011105,0,-1
2023010451366,2023,010451366,3,9,0,18,19,7,3,0,0,0,0,4,0,0,1,1,2,2,1,25,5,1199,1,19,VAUXHALL CORSA,4,E01002342,0,-1
2023440045107,2023,440045107,1,9,0,5,5,1,7,0,0,6,0,7,1,0,1,1,6,6,1,19,4,1229,1,13,VAUXHALL CORSA,10,E01022683,0,-1
2023302301846,2023,302301846,1,9,0,16,19,8,4,0,0,0,1,0,1,2,1,1,6,6,1,18,4,1248,2,14,VAUXHALL CORSA,9,E01008023,0,-1
2023430582601,2023,430582601,1,9,0,18,19,2,6,0,0,1,0,0,0,0,1,9,6,6,3,-1,-1,1398,1,11,VAUXHALL CORSA,-1,-1,0,-1
2023161277747,2023,161277747,1,9,0,5,5,1,5,0,0,6,0,0,0,0,3,1,6,6,1,17,4,973,1,24,VAUXHALL CORSA,8,E01013264,0,-1
2023430547675,2023,430547675,1,9,0,13,13,8,4,0,0,0,0,0,0,0,1,1,6,6,2,20,4,1199,1,3,VAUXHALL CORSA,5,E01016580,0,-1
2023061318323,2023,061318323,1,9,0,2,2,3,7,0,0,0,0,4,0,0,3,1,1,1,1,47,8,1248,2,11,VAUXHALL CORSA,-1,-1,0,-1
2023501389287,2023,501389287,1,9,0,18,19,5,1,0,0,4,0,0,0,0,1,1,5,6,2,21,5,1398,1,8,VAUXHALL CORSA,4,E01018892,0,-1
2023070282338,2023,070282338,2,9,0,4,4,5,8,0,0,0,0,0,0,0,2,1,6,6,2,37,7,1199,1,3,VAUXHALL CORSA,6,E01031130,0,-1
2023361388158,2023,361388158,1,9,0,7,7,4,6,0,0,2,0,0,0,0,1,1,5,6,1,49,8,1398,1,10,VAUXHALL CORSA,2,E01026821,0,-1
2023991322721,2023,991322721,1,9,0,18,19,5,1,0,0,0,1,0,1,0,1,1,5,6,2,22,5,1398,1,5,VAUXHALL CORSA,6,-1,0,-1
2023340WN3552,2023,340WN3552,1,9,0,9,9,1,7,0,0,5,0,0,0,0,1,1,6,6,1,72,10,1398,1,8,VAUXHALL CORSA,7,E01027186,0,-1
2023440431792,2023,440431792,1,9,0,16,19,4,7,0,0,0,1,4,7,2,1,1,6,6,2,19,4,1398,1,12,VAUXHALL CORSA,8,E01022566,0,-1
2023201308832,2023,201308832,1,9,0,2,2,4,8,0,0,0,0,0,0,0,2,1,1,1,1,59,9,999,1,5,VAUXHALL CORSA,2,E01009509,0,-1
2023411382798,2023,411382798,2,9,0,10,10,4,8,0,0,1,0,0,1,0,1,1,6,6,1,21,5,1398,1,7,VAUXHALL CORSA,10,E01023668,0,-1
2023211331418,2023,211331418,2,9,0,18,19,5,8,0,0,8,0,0,0,0,2,1,6,6,2,45,7,1248,2,14,VAUXHALL CORSA,2,E01014236,0,-1
2023411295771,2023,411295771,1,9,0,18,19,7,3,0,0,0,0,0,0,0,2,1,6,6,1,59,9,1398,1,5,VAUXHALL CORSA,1,E01004222,0,-1
2023010486426,2023,010486426,1,9,0,18,19,5,1,0,0,1,1,0,0,0,1,1,6,6,2,20,4,1199,1,19,VAUXHALL CORSA,2,E01001130,0,-1
2023061278165,2023,061278165,1,9,0,18,19,3,7,0,0,0,0,10,7,4,3,1,6,6,1,20,4,1229,1,9,VAUXHALL CORSA,-1,-1,0,-1
2023201320177,2023,201320177,1,9,0,18,19,2,6,0,0,0,0,4,0,0,1,1,6,6,1,28,6,1248,2,15,VAUXHALL CORSA,4,E01009035,0,-1
2023211313011,2023,211313011,2,9,0,2,2,0,0,0,0,1,0,0,0,0,1,1,5,6,3,20,4,1398,1,5,VAUXHALL CORSA,-1,-1,0,-1
2023010428922,2023,010428922,2,9,9,99,99,9,9,99,99,0,9,99,9,99,9,9,6,6,3,-1,-1,1398,1,12,VAUXHALL CORSA,5,E01003080,0,-1
2023340WN0652,2023,340WN0652,1,9,0,9,9,7,5,0,0,4,0,0,0,0,1,1,2,2,1,25,5,1398,1,13,VAUXHALL CORSA,8,E01017480,0,-1
2023010461604,2023,010461604,2,9,0,99,99,9,9,99,99,9,9,99,9,99,1,9,6,6,2,28,6,1229,1,13,VAUXHALL CORSA,6,E01000726,0,-1
2023622300321,2023,622300321,1,9,0,18,19,2,6,0,0,0,0,0,0,0,3,1,6,6,1,17,4,998,1,11,VAUXHALL CORSA,2,W01000801,0,-1
2023010478287,2023,010478287,2,9,0,99,99,9,9,99,99,0,9,99,9,99,9,9,6,6,3,-1,-1,1364,1,16,VAUXHALL CORSA,-1,-1,0,-1
2023122300701,2023,122300701,1,9,0,9,9,1,7,0,0,0,0,6,0,0,1,1,6,6,2,19,4,1364,1,14,VAUXHALL CORSA,5,E01010598,0,-1
2023311258667,2023,311258667,1,9,0,17,19,1,5,0,0,0,0,0,0,0,1,1,2,2,1,38,7,1398,1,5,VAUXHALL CORSA,4,E01007330,0,-1
2023161289844,2023,161289844,1,9,0,16,19,6,1,0,0,0,1,10,5,6,3,1,6,6,1,21,5,998,1,16,VAUXHALL CORSA,5,E01013009,0,-1
2023552301427,2023,552301427,1,9,0,18,19,8,4,0,0,8,0,0,0,0,1,1,6,6,1,87,11,1229,1,14,VAUXHALL CORSA,6,E01020533,0,-1
2023340WN5422,2023,340WN5422,2,9,0,10,10,4,8,0,0,1,0,0,0,0,2,1,2,2,1,47,8,1398,1,7,VAUXHALL CORSA,4,E01032980,0,-1
2023061308247,2023,061308247,2,9,0,18,19,-1,-1,0,0,0,0,0,0,0,3,1,6,6,2,25,5,1199,1,3,VAUXHALL CORSA,4,E01005834,0,-1
2023041287564,2023,041287564,4,9,0,18,19,3,7,0,0,0,0,0,0,0,2,1,5,6,1,74,10,1199,1,2,VAUXHALL CORSA,1,E01025584,0,-1
2023501358923,2023,501358923,1,9,0,3,3,8,2,0,0,3,0,0,0,0,1,1,6,6,2,32,6,1398,1,9,VAUXHALL CORSA,4,E01019980,0,-1
2023320684813,2023,320684813,2,9,0,18,19,6,2,0,0,8,0,0,0,0,1,1,6,6,2,24,5,1199,1,2,VAUXHALL CORSA,8,E01013190,0,-1
2023052300388,2023,052300388,1,9,0,18,19,1,5,0,0,6,0,0,0,0,3,1,6,6,1,22,5,1398,1,8,VAUXHALL CORSA,6,E01006576,0,-1