collision_index,collision_year,collision_ref_no,vehicle_reference,vehicle_type,towing_and_articulation,vehicle_manoeuvre_historic,vehicle_manoeuvre,vehicle_direction_from,vehicle_direction_to,vehicle_location_restricted_lane_historic,vehicle_location_restricted_lane,junction_location,skidding_and_overturning,hit_object_in_carriageway,vehicle_leaving_carriageway,hit_object_off_carriageway,first_point_of_impact,vehicle_left_hand_drive,journey_purpose_of_driver_historic,journey_purpose_of_driver,sex_of_driver,age_of_driver,age_band_of_driver,engine_capacity_cc,propulsion_code,age_of_vehicle,generic_make_model,driver_imd_decile,lsoa_of_driver,escooter_flag,driver_distance_banding
2023332300086,2023,332300086,1,9,0,18,19,1,5,0,0,0,5,0,1,1,1,1,6,6,1,24,5,1229,1,13,VAUXHALL CORSA,1,E01013960,0,-1
2023361378863,2023,361378863,1,9,0,13,13,6,3,0,0,2,0,0,0,0,3,1,5,6,2,65,9,1229,1,10,VAUXHALL CORSA,6,E01026486,0,-1
2023111279848,2023,111279848,3,9,0,2,2,0,0,0,0,0,0,0,0,0,2,1,6,6,3,-1,-1,1398,1,5,VAUXHALL CORSA,-1,-1,0,-1
2023451382145,2023,451382145,1,9,0,9,9,7,3,0,0,8,0,0,0,0,1,1,5,6,2,29,6,1229,1,10,VAUXHALL CORSA,7,E01030851,0,-1
2023010425328,2023,010425328,1,9,0,18,19,1,5,0,0,8,0,0,0,0,3,1,6,6,1,63,9,1229,1,9,VAUXHALL CORSA,3,E01003916,0,-1
2023010420383,2023,010420383,2,9,0,99,99,9,9,99,99,9,9,99,9,99,9,9,6,6,1,79,11,1398,1,7,VAUXHALL CORSA,2,E01001621,0,-1
2023010499092,2023,010499092,1,9,0,99,99,9,9,99,99,9,9,99,9,99,9,9,6,6,1,30,6,1229,1,8,VAUXHALL CORSA,6,E01001160,0,-1
202363D010323,2023,63D010323,1,9,0,18,19,7,3,0,0,0,1,0,1,4,1,1,2,2,2,22,5,1229,1,9,VAUXHALL CORSA,9,W01000441,0,-1
2023543941823,2023,543941823,1,9,0,18,19,4,8,0,0,0,1,0,1,11,1,1,6,6,2,20,4,1229,1,16,VAUXHALL CORSA,8,E01018348,0,-1
2023991316574,2023,991316574,1,9,0,18,19,6,4,0,0,8,0,0,0,0,1,1,5,6,1,44,7,1229,1,14,VAUXHALL CORSA,2,-1,0,-1
2023430041579,2023,430041579,2,9,0,18,19,6,2,0,0,0,1,0,0,0,2,1,6,6,1,21,5,1229,1,19,VAUXHALL CORSA,6,E01022227,0,-1
2023161363308,2023,161363308,1,9,0,7,7,7,1,0,0,5,0,0,0,0,1,1,6,6,1,-1,-1,1398,1,8,VAUXHALL CORSA,-1,-1,0,-1
2023122300170,2023,122300170,1,9,0,18,19,2,6,0,0,0,2,0,0,0,0,1,6,6,1,31,6,1229,1,9,VAUXHALL CORSA,-1,-1,0,-1
2023111301657,2023,111301657,2,9,0,18,19,6,2,0,0,8,0,0,0,0,4,1,5,6,2,23,5,1199,1,3,VAUXHALL CORSA,2,E01020860,0,-1
2023010424320,2023,010424320,2,9,0,17,19,5,1,0,0,0,0,0,0,0,1,1,6,6,1,22,5,1398,1,8,VAUXHALL CORSA,4,E01001176,0,-1
2023991338484,2023,991338484,1,9,0,18,19,7,2,0,0,0,0,0,0,0,1,1,6,6,2,42,7,1398,1,8,VAUXHALL CORSA,5,-1,0,-1
2023631346073,2023,631346073,1,9,0,18,19,5,1,0,0,0,5,0,8,10,1,1,2,2,2,17,4,1229,1,15,VAUXHALL CORSA,4,W01000646,0,-1
2023131327985,2023,131327985,2,9,0,10,10,5,3,0,0,0,0,0,1,0,3,1,5,6,2,61,9,1398,1,13,VAUXHALL CORSA,1,E01011864,0,-1
2023610021923,2023,610021923,1,9,0,17,19,8,5,0,0,0,0,0,1,11,4,1,6,6,1,18,4,1229,1,15,VAUXHALL CORSA,1,W01001480,0,-1
2023991329685,2023,991329685,1,9,0,7,7,5,7,0,0,5,0,0,0,0,4,1,5,6,1,75,10,1229,1,9,VAUXHALL CORSA,8,-1,0,-1
2023631328755,2023,631328755,1,9,0,18,19,6,2,0,0,8,0,0,0,0,0,1,5,6,2,40,7,1364,1,16,VAUXHALL CORSA,1,W01000606,0,-1
2023161298182,2023,161298182,2,9,0,9,9,8,6,0,0,6,0,0,1,0,1,1,5,6,1,18,4,1398,1,8,VAUXHALL CORSA,3,E01012832,0,-1
2023461333033,2023,461333033,1,9,0,18,19,1,5,0,0,0,0,0,7,0,1,1,6,6,2,41,7,1389,1,18,VAUXHALL CORSA,4,E01032800,0,-1
2023010475203,2023,010475203,1,9,0,4,4,7,3,0,0,1,0,0,0,0,1,1,6,6,2,36,7,1398,1,10,VAUXHALL CORSA,5,E01000322,0,-1
2023320663569,2023,320663569,2,9,0,18,19,4,8,0,0,0,1,0,0,0,2,1,6,6,2,29,6,1248,2,9,VAUXHALL CORSA,8,E01026229,0,-1
2023141309496,2023,141309496,1,9,0,18,19,5,1,0,0,0,0,0,0,0,1,1,5,6,1,36,7,1398,1,5,VAUXHALL CORSA,10,E01007932,0,-1
2023451331786,2023,451331786,1,9,0,3,3,2,6,0,0,0,0,0,0,0,2,1,6,6,2,38,7,1199,1,1,VAUXHALL CORSA,9,E01030768,0,-1
2023010472740,2023,010472740,1,9,0,18,19,3,7,0,0,0,0,0,0,0,1,1,6,6,1,66,10,1229,1,15,VAUXHALL CORSA,9,E01000456,0,-1
2023461289970,2023,461289970,2,9,0,18,19,3,7,0,0,0,0,0,0,0,1,1,5,6,2,31,6,1229,1,11,VAUXHALL CORSA,5,E01021298,0,-1
2023440402674,2023,440402674,1,9,0,16,19,1,4,0,0,0,0,0,0,0,1,1,6,6,1,40,7,1598,1,12,VAUXHALL CORSA,7,E01022489,0,-1
2023221331671,2023,221331671,1,9,0,7,7,7,1,0,0,4,0,0,0,0,1,1,6,6,1,30,6,1598,1,11,VAUXHALL CORSA,9,E01014172,0,-1
2023471268992,2023,471268992,1,9,0,18,19,2,6,0,0,0,5,0,0,0,1,1,5,6,1,17,4,1229,1,14,VAUXHALL CORSA,3,E01016922,0,-1
2023401383306,2023,401383306,2,9,0,2,2,0,0,9,9,0,0,0,0,0,4,1,5,6,3,-1,-1,1229,1,15,VAUXHALL CORSA,-1,-1,0,-1
2023461285958,2023,461285958,2,9,0,18,19,4,8,0,0,8,1,0,0,0,1,1,6,6,2,57,9,-1,-1,-1,VAUXHALL CORSA,3,E01023972,0,-1
2023351272858,2023,351272858,2,9,0,18,19,3,7,0,0,2,0,0,0,0,1,1,6,6,1,29,6,1248,2,8,VAUXHALL CORSA,6,E01033453,0,-1
2023401396661,2023,401396661,1,9,0,3,3,5,1,0,0,1,0,0,0,0,2,1,1,1,1,39,7,1398,1,4,VAUXHALL CORSA,-1,-1,0,-1
2023010485426,2023,010485426,1,9,0,18,19,8,4,0,0,1,0,0,0,0,1,1,6,6,2,21,5,1229,1,12,VAUXHALL CORSA,2,E01003501,0,-1
2023201421354,2023,201421354,1,9,0,18,19,5,1,0,0,1,0,0,0,0,3,1,6,6,2,19,4,1398,1,4,VAUXHALL CORSA,4,E01010424,0,-1
2023522301189,2023,522301189,2,9,0,6,6,3,3,0,0,2,0,0,0,0,3,1,6,6,2,26,6,1598,1,16,VAUXHALL CORSA,2,E01014602,0,-1
2023531364141,2023,531364141,2,9,0,18,19,7,3,0,0,1,0,0,0,0,4,1,5,6,2,58,9,1398,1,5,VAUXHALL CORSA,9,E01022308,0,-1
2023421343698,2023,421343698,3,9,0,18,19,3,7,0,0,0,0,0,0,0,0,1,1,1,2,23,5,1398,1,4,VAUXHALL CORSA,5,E01033141,0,-1
2023520400697,2023,520400697,2,9,0,18,19,5,1,0,0,0,0,0,0,0,1,1,6,6,1,33,6,-1,3,1,VAUXHALL CORSA,10,E01014793,0,-1
2023991300847,2023,991300847,1,9,0,1,1,8,5,0,0,0,0,0,0,0,2,1,1,1,1,25,5,998,1,10,VAUXHALL CORSA,-1,-1,0,-1
2023461340275,2023,461340275,2,9,0,17,19,5,1,0,0,8,0,0,0,0,1,1,6,6,1,18,4,1229,1,11,VAUXHALL CORSA,7,E01024812,0,-1
2023549974423,2023,549974423,3,9,0,18,19,6,2,0,0,8,0,10,0,0,4,1,6,6,1,28,6,998,1,17,VAUXHALL CORSA,5,E01032048,0,-1
2023471264086,2023,471264086,1,9,0,18,19,1,5,0,0,0,0,0,0,0,1,1,2,2,2,23,5,998,1,11,VAUXHALL CORSA,7,E01021236,0,-1
2023041315174,2023,041315174,1,9,0,9,9,5,1,0,0,0,0,0,1,0,3,1,5,6,2,22,5,1398,1,6,VAUXHALL CORSA,7,E01025147,0,-1
2023010462821,2023,010462821,2,9,0,4,4,1,5,0,0,1,0,0,0,0,3,1,6,6,1,25,5,1229,1,15,VAUXHALL CORSA,1,E01003535,0,-1
2023201453357,2023,201453357,2,9,0,18,19,4,7,0,0,2,0,0,0,0,1,1,1,1,2,25,5,1229,1,10,VAUXHALL CORSA,5,E01010000,0,-1
2023991325842,2023,991325842,1,9,0,5,5,1,7,0,0,8,0,0,0,0,2,1,2,2,1,25,5,1229,1,16,VAUXHALL CORSA,-1,-1,0,-1
2023440081844,2023,440081844,1,9,0,18,19,4,8,0,0,8,0,0,0,0,4,1,6,6,2,72,10,1364,1,14,VAUXHALL CORSA,10,E01022860,0,-1
2023430183511,2023,430183511,1,9,0,7,7,4,6,0,0,6,0,0,0,0,1,1,6,6,1,30,6,1229,1,15,VAUXHALL CORSA,7,E01024540,0,-1
2023010424053,2023,010424053,2,9,0,99,99,9,9,99,99,0,9,99,9,99,1,9,6,6,3,-1,-1,1398,1,7,VAUXHALL CORSA,-1,-1,0,-1
2023991326641,2023,991326641,1,9,0,17,19,6,3,0,0,0,5,0,7,4,1,1,5,6,2,21,5,1248,2,11,VAUXHALL CORSA,1,-1,0,-1
2023010476636,2023,010476636,1,9,0,99,99,9,9,99,99,9,9,99,9,99,1,9,6,6,2,30,6,1229,1,17,VAUXHALL CORSA,5,E01003664,0,-1
2023440505898,2023,440505898,1,9,0,18,19,7,3,0,0,0,0,0,0,0,1,1,6,6,2,19,4,1248,2,6,VAUXHALL CORSA,2,E01017169,0,-1
2023161350136,2023,161350136,1,9,0,17,19,7,5,0,0,0,0,0,1,0,1,2,6,6,2,38,7,1199,1,3,VAUXHALL CORSA,3,E01013087,0,-1
2023371374331,2023,371374331,1,9,0,18,19,4,2,0,0,0,0,0,0,0,3,1,6,6,2,19,4,1229,1,11,VAUXHALL CORSA,4,E01030109,0,-1
2023302300914,2023,302300914,1,9,0,7,7,3,5,0,0,6,0,0,0,0,1,1,6,6,2,23,5,1229,1,9,VAUXHALL CORSA,2,E01008010,0,-1
2023991344497,2023,991344497,2,9,0,6,6,6,3,0,0,8,0,0,0,0,1,1,5,6,2,18,4,1229,1,11,VAUXHALL CORSA,4,-1,0,-1
2023010431965,2023,010431965,1,9,0,5,5,5,1,0,0,1,0,0,0,0,1,1,6,6,2,23,5,1398,1,7,VAUXHALL CORSA,1,E01002034,0,-1
2023070099880,2023,070099880,2,9,0,18,19,8,4,0,0,0,0,0,0,0,3,1,6,6,2,40,7,1229,1,10,VAUXHALL CORSA,10,E01018671,0,-1
2023122300364,2023,122300364,1,9,0,18,19,8,4,0,0,0,0,0,1,4,1,1,2,2,1,33,6,1199,1,19,VAUXHALL CORSA,6,E01027659,0,-1
2023501346975,2023,501346975,1,9,0,3,3,7,3,0,0,0,0,0,0,0,1,1,5,6,1,20,4,1398,1,9,VAUXHALL CORSA,7,E01019539,0,-1
2023471298083,2023,471298083,2,9,0,2,2,0,0,0,0,1,0,0,0,0,3,1,6,6,3,-1,-1,-1,-1,-1,VAUXHALL CORSA,-1,-1,0,-1
2023101390185,2023,101390185,2,9,-1,18,19,5,1,0,0,0,0,0,0,0,3,1,2,2,2,19,4,1229,1,17,VAUXHALL CORSA,4,E01008865,0,-1
2023010461830,2023,010461830,2,9,0,99,99,9,9,99,99,9,9,99,9,99,1,9,6,6,3,-1,-1,-1,3,2,VAUXHALL CORSA,-1,-1,0,-1
2023340WN1532,2023,340WN1532,2,9,0,18,19,5,1,0,0,8,0,0,0,0,1,1,6,6,1,21,5,1398,1,13,VAUXHALL CORSA,5,E01027134,0,-1
2023991378541,2023,991378541,3,9,0,10,10,6,3,0,0,1,0,0,0,0,2,1,6,6,1,59,9,1199,1,3,VAUXHALL CORSA,1,-1,0,-1
2023101367311,2023,101367311,1,9,0,18,19,1,5,0,0,1,0,0,0,0,1,1,6,6,2,74,10,1398,1,13,VAUXHALL CORSA,3,E01008217,0,-1
2023401390661,2023,401390661,1,9,0,18,19,5,1,0,0,8,0,0,0,0,4,1,5,6,2,19,4,1229,1,14,VAUXHALL CORSA,7,E01017527,0,-1
2023122300623,2023,122300623,1,9,0,18,19,3,7,0,0,0,0,0,0,0,1,1,6,6,1,69,10,1248,2,14,VAUXHALL CORSA,5,E01027789,0,-1
2023010424105,2023,010424105,1,9,0,4,4,6,2,0,0,2,0,0,0,0,1,1,6,6,1,29,6,1199,1,1,VAUXHALL CORSA,9,E01023557,0,-1
2023010472977,2023,010472977,1,9,0,18,19,5,1,0,0,0,1,0,0,0,1,1,6,6,1,24,5,1364,1,15,VAUXHALL CORSA,5,E01024478,0,-1
2023010451225,2023,010451225,2,9,0,99,99,9,9,99,99,9,9,99,9,99,9,9,6,6,3,-1,-1,1229,1,8,VAUXHALL CORSA,6,E01004029,0,-1
2023201320993,2023,201320993,1,9,0,18,19,8,4,0,0,0,0,0,0,0,3,1,2,2,1,18,4,1229,1,10,VAUXHALL CORSA,2,E01009809,0,-1
2023471383051,2023,471383051,1,9,0,17,19,4,1,0,0,8,0,0,0,0,1,1,2,2,1,59,9,1364,1,5,VAUXHALL CORSA,2,E01021179,0,-1
2023101265250,2023,101265250,1,9,0,18,19,7,3,0,0,0,0,0,0,0,1,1,6,6,2,22,5,1199,1,2,VAUXHALL CORSA,4,E01008308,0,-1
2023052301817,2023,052301817,1,9,0,18,19,1,5,0,0,0,0,0,1,0,1,1,6,6,2,95,11,1398,1,11,VAUXHALL CORSA,10,E01006926,0,-1
2023122300692,2023,122300692,1,9,0,18,19,7,4,0,0,0,0,0,1,4,1,1,6,6,2,17,4,1248,2,10,VAUXHALL CORSA,10,E01027674,0,-1
2023141309377,2023,141309377,1,9,0,4,4,4,8,0,0,1,0,0,0,0,3,1,5,6,1,64,9,1398,1,13,VAUXHALL CORSA,1,E01007791,0,-1
2023991280908,2023,991280908,1,9,0,17,19,3,7,0,0,1,2,0,2,11,4,1,5,6,1,17,4,1229,1,10,VAUXHALL CORSA,7,-1,0,-1
2023010433492,2023,010433492,1,9,0,99,99,9,9,99,99,9,9,99,9,99,2,9,6,6,2,45,7,1398,1,9,VAUXHALL CORSA,8,E01001398,0,-1
2023351321246,2023,351321246,1,9,0,15,15,5,1,0,0,0,0,0,0,0,1,1,5,6,1,26,6,-1,3,2,VAUXHALL CORSA,6,E01026020,0,-1
2023061395091,2023,061395091,2,9,0,18,19,2,6,0,0,1,0,0,0,0,2,1,6,6,2,40,7,1398,1,6,VAUXHALL CORSA,2,E01005886,0,-1
2023302301745,2023,302301745,1,9,0,9,9,4,1,0,0,1,0,0,0,0,1,1,6,6,1,81,11,1398,1,7,VAUXHALL CORSA,3,E01019777,0,-1
2023622300841,2023,622300841,1,9,0,9,9,2,8,0,0,8,0,0,0,0,1,1,6,6,1,18,4,1398,1,6,VAUXHALL CORSA,5,W01001269,0,-1
2023440474063,2023,440474063,3,9,0,18,19,7,3,0,0,0,0,0,0,0,2,1,6,6,2,56,9,1229,1,8,VAUXHALL CORSA,4,E01017122,0,-1
2023131312564,2023,131312564,3,9,0,2,2,0,0,0,0,0,0,0,0,0,2,1,6,6,3,-1,-1,1398,1,12,VAUXHALL CORSA,-1,-1,0,-1
2023010423779,2023,010423779,2,9,0,99,99,9,9,99,99,9,9,99,9,99,1,9,6,6,3,-1,-1,1364,1,14,VAUXHALL CORSA,-1,-1,0,-1
2023522301815,2023,522301815,1,9,0,18,19,2,6,0,0,0,0,0,0,0,1,1,6,6,2,63,9,1199,1,2,VAUXHALL CORSA,2,E01014608,0,-1
2023141388895,2023,141388895,1,9,0,18,19,2,6,0,0,8,0,0,1,1,1,1,2,2,1,52,8,1398,1,7,VAUXHALL CORSA,4,E01007623,0,-1
2023471261759,2023,471261759,1,9,0,16,19,1,5,0,0,1,1,0,7,0,1,1,1,1,2,27,6,1229,1,14,VAUXHALL CORSA,8,E01021233,0,-1
2023041392524,2023,041392524,1,9,0,12,12,5,1,0,0,0,0,0,5,0,4,2,5,6,1,27,6,1248,2,14,VAUXHALL CORSA,9,E01025273,0,-1
2023411344022,2023,411344022,1,9,0,4,4,8,4,0,0,0,0,0,0,0,0,1,5,6,2,18,4,999,1,7,VAUXHALL CORSA,10,E01023803,0,-1
2023471316584,2023,471316584,1,9,0,18,19,7,3,0,0,0,0,0,0,0,3,1,5,6,1,70,10,1199,1,2,VAUXHALL CORSA,-1,-1,0,-1
2023201400882,2023,201400882,1,9,0,18,19,6,2,0,0,0,1,0,0,0,1,1,6,6,1,-1,-1,1398,1,7,VAUXHALL CORSA,1,E01009025,0,-1
2023231349930,2023,231349930,1,9,0,7,7,4,6,0,0,4,0,0,0,0,3,1,2,2,2,31,6,1229,1,11,VAUXHALL CORSA,6,E01031144,0,-1
2023201384671,2023,201384671,2,9,0,5,5,2,6,0,0,0,0,0,0,0,3,1,6,6,2,38,7,1199,1,0,VAUXHALL CORSA,2,E01010265,0,-1
2023522301448,2023,522301448,1,9,0,17,19,5,1,0,0,0,0,0,0,0,1,1,6,6,2,38,7,1199,1,1,VAUXHALL CORSA,8,E01029206,0,-1
2023371262510,2023,371262510,1,9,0,18,19,-1,-1,-1,-1,-1,-1,-1,-1,0,-1,1,6,6,1,44,7,1229,1,11,VAUXHALL CORSA,4,E01026898,0,-1
2023052300548,2023,052300548,2,9,0,8,8,1,5,0,0,1,0,0,0,0,4,1,6,6,2,23,5,1199,1,2,VAUXHALL CORSA,7,E01007306,0,-1
2023461318432,2023,461318432,3,9,0,2,2,0,0,0,0,8,0,0,0,0,2,1,5,6,3,-1,-1,998,1,10,VAUXHALL CORSA,-1,-1,0,-1
2023622300084,2023,622300084,1,9,0,9,9,6,4,0,0,8,0,0,0,0,1,1,6,6,2,63,9,1229,1,13,VAUXHALL CORSA,10,W01001772,0,-1
2023010444069,2023,010444069,1,9,0,9,9,2,7,0,0,5,0,0,0,0,3,1,6,6,1,21,5,1364,1,18,VAUXHALL CORSA,2,E01001868,0,-1
2023131286269,2023,131286269,1,9,0,18,19,2,6,0,0,0,0,0,0,0,1,1,5,6,2,60,9,1398,1,4,VAUXHALL CORSA,8,E01011169,0,-1
2023421321725,2023,421321725,2,9,0,9,9,7,4,0,0,8,0,0,0,0,1,1,5,6,1,29,6,1229,1,12,VAUXHALL CORSA,4,E01033140,0,-1
2023010425941,2023,010425941,1,9,0,7,7,7,1,0,0,1,0,0,1,0,3,1,6,6,2,37,7,1398,1,8,VAUXHALL CORSA,1,E01001549,0,-1
2023010422173,2023,010422173,1,9,0,18,19,5,1,0,0,0,0,0,0,0,4,1,6,6,2,42,7,998,1,11,VAUXHALL CORSA,6,E01024152,0,-1
2023311294847,2023,311294847,1,9,0,18,19,1,5,0,0,8,0,0,0,0,1,1,6,6,2,18,4,1229,1,13,VAUXHALL CORSA,8,E01025892,0,-1
2023440150485,2023,440150485,1,9,0,17,19,4,1,0,0,0,0,0,1,4,1,1,6,6,2,33,6,1796,1,18,VAUXHALL CORSA,7,E01022990,0,-1
2023461349929,2023,461349929,2,9,0,3,3,5,1,0,0,4,0,0,0,0,2,1,6,6,1,39,7,1398,1,7,VAUXHALL CORSA,4,E01024561,0,-1
202360A012889,2023,60A012889,1,9,0,17,19,6,2,0,0,0,5,10,0,0,4,1,6,6,1,20,4,1364,1,16,VAUXHALL CORSA,-1,-1,0,-1
2023061305526,2023,061305526,1,9,0,17,19,3,7,0,0,8,1,0,1,5,4,1,5,6,1,21,5,1199,1,3,VAUXHALL CORSA,3,E01005726,0,-1
2023401379845,2023,401379845,1,9,0,9,9,2,6,0,0,5,0,0,0,0,4,1,6,6,3,-1,-1,1229,1,17,VAUXHALL CORSA,-1,-1,0,-1
2023170S11963,2023,170S11963,2,9,0,4,4,2,6,0,0,1,0,0,0,0,1,1,6,6,2,20,4,1229,1,8,VAUXHALL CORSA,6,E01012187,0,-1
2023622300394,2023,622300394,4,9,0,18,19,4,8,0,0,0,1,0,0,0,1,1,6,6,1,37,7,1229,1,11,VAUXHALL CORSA,8,W01000917,0,-1
2023010482199,2023,010482199,2,9,0,18,19,5,1,0,0,2,0,0,0,0,1,1,6,6,1,19,4,1229,1,7,VAUXHALL CORSA,4,E01002369,0,-1
2023440103545,2023,440103545,2,9,0,18,19,3,7,0,0,1,0,0,0,0,1,1,2,2,1,51,8,1229,1,11,VAUXHALL CORSA,10,E01023278,0,-1
2023421294775,2023,421294775,3,9,0,2,2,0,0,9,9,0,0,0,0,0,1,1,6,6,3,-1,-1,-1,-1,-1,VAUXHALL CORSA,-1,-1,0,-1
2023061298826,2023,061298826,2,9,0,18,19,1,5,0,0,0,0,0,0,0,2,1,2,2,1,40,7,1398,1,8,VAUXHALL CORSA,2,E01005238,0,-1
2023010482644,2023,010482644,2,9,0,18,19,5,1,0,0,8,0,0,0,0,3,1,6,6,2,27,6,1199,1,3,VAUXHALL CORSA,1,E01002040,0,-1
2023371365016,2023,371365016,2,9,0,4,4,1,6,0,0,0,0,0,0,0,2,1,5,6,2,49,8,1229,1,15,VAUXHALL CORSA,8,E01030043,0,-1
2023991331248,2023,991331248,1,9,0,18,19,7,3,0,0,0,0,0,0,0,3,1,2,2,1,27,6,1389,1,18,VAUXHALL CORSA,3,-1,0,-1
2023552300617,2023,552300617,2,9,0,4,4,4,8,0,0,0,0,0,0,0,2,1,6,6,2,24,5,1199,1,1,VAUXHALL CORSA,10,E01020420,0,-1
2023231377378,2023,231377378,1,9,0,18,19,8,4,0,0,1,0,0,7,2,1,1,5,6,1,18,4,1199,1,2,VAUXHALL CORSA,10,E01031250,0,-1
2023010438502,2023,010438502,2,9,0,99,99,9,9,99,99,9,9,99,9,99,2,9,6,6,3,-1,-1,1229,1,13,VAUXHALL CORSA,-1,-1,0,-1
2023131367357,2023,131367357,1,9,0,9,9,5,1,0,0,1,0,0,7,0,1,2,6,6,1,58,9,1248,2,12,VAUXHALL CORSA,1,E01010731,0,-1
2023332300222,2023,332300222,2,9,0,18,19,2,6,0,0,1,0,0,0,0,1,1,2,2,1,20,4,1398,1,7,VAUXHALL CORSA,3,E01025894,0,-1
2023461330492,2023,461330492,2,9,0,2,2,0,0,0,0,1,0,0,0,0,4,1,6,6,3,-1,-1,1364,1,15,VAUXHALL CORSA,-1,-1,0,-1
2023131270977,2023,131270977,2,9,0,18,19,8,4,0,0,1,0,0,0,0,4,1,5,6,2,31,6,998,1,15,VAUXHALL CORSA,3,E01011722,0,-1
2023461277392,2023,461277392,2,9,0,18,19,7,3,0,0,0,1,0,1,1,2,1,2,2,1,48,8,-1,3,2,VAUXHALL CORSA,1,E01024177,0,-1
2023622300516,2023,622300516,2,9,0,4,4,6,1,0,0,1,0,0,0,0,2,1,6,6,1,17,4,1199,1,1,VAUXHALL CORSA,2,W01001020,0,-1
2023440296200,2023,440296200,2,9,0,4,4,2,6,0,0,1,0,0,0,0,1,1,6,6,2,34,6,1398,1,4,VAUXHALL CORSA,2,E01017119,0,-1
2023461301615,2023,461301615,1,9,0,3,3,-1,-1,0,0,1,0,0,0,0,1,1,5,6,1,25,5,1229,1,10,VAUXHALL CORSA,9,E01024244,0,-1
2023221373993,2023,221373993,1,9,0,18,19,3,7,0,0,0,0,0,0,0,1,1,6,6,1,60,9,1248,2,13,VAUXHALL CORSA,5,E01014008,0,-1
2023622300151,2023,622300151,1,9,0,6,6,7,7,0,0,0,0,0,0,0,1,1,2,2,2,53,8,1229,1,12,VAUXHALL CORSA,10,W01000805,0,-1
2023991349798,2023,991349798,1,9,0,5,5,6,2,8,6,6,0,0,0,0,1,1,5,6,1,72,10,-1,-1,-1,VAUXHALL CORSA,6,-1,0,-1
2023430014741,2023,430014741,1,9,0,3,3,3,7,0,0,0,0,0,0,0,2,1,6,6,1,19,4,1398,1,7,VAUXHALL CORSA,8,E01016690,0,-1
2023421329127,2023,421329127,2,9,0,18,19,5,1,0,0,3,0,0,0,0,1,1,5,6,1,19,4,1364,1,15,VAUXHALL CORSA,7,E01021722,0,-1
2023440410200,2023,440410200,3,9,0,3,3,4,8,0,0,0,0,0,0,0,2,1,6,6,1,67,10,-1,-1,-1,VAUXHALL CORSA,10,E01032859,0,-1
2023010459619,2023,010459619,1,9,0,3,3,2,6,0,0,2,0,4,0,0,2,1,6,6,2,25,5,1229,1,15,VAUXHALL CORSA,4,E01002603,0,-1
2023201288530,2023,201288530,1,9,0,3,3,-1,-1,0,0,0,0,0,0,0,4,1,6,6,2,33,6,1248,2,14,VAUXHALL CORSA,4,E01009824,0,-1
2023320490862,2023,320490862,3,9,0,10,10,6,3,0,0,1,0,0,0,0,2,1,6,6,1,28,6,1229,1,9,VAUXHALL CORSA,4,E01026410,0,-1
2023031358532,2023,031358532,1,9,0,16,19,3,7,0,0,6,0,0,7,0,1,1,5,6,1,33,6,1398,1,7,VAUXHALL CORSA,-1,-1,0,-1
2023010472730,2023,010472730,2,9,0,99,99,9,9,99,99,9,9,99,9,99,9,9,6,6,3,-1,-1,1398,1,9,VAUXHALL CORSA,-1,-1,0,-1
2023161317828,2023,161317828,2,9,0,18,19,7,3,0,0,0,0,0,0,0,2,1,5,6,1,59,9,1248,2,15,VAUXHALL CORSA,2,E01012821,0,-1
2023211342417,2023,211342417,2,9,0,3,3,2,1,1,1,1,0,0,0,0,2,1,5,6,1,52,8,1398,1,6,VAUXHALL CORSA,7,E01029491,0,-1
2023531330318,2023,531330318,2,9,0,7,7,8,2,0,0,5,0,0,0,0,2,1,1,1,1,40,7,1229,1,19,VAUXHALL CORSA,5,E01032340,0,-1
2023010440725,2023,010440725,1,9,0,3,3,7,3,0,0,1,0,0,0,0,2,1,6,6,2,36,7,1398,1,7,VAUXHALL CORSA,5,E01030664,0,-1
2023010462231,2023,010462231,2,9,0,18,19,5,1,99,99,1,9,0,0,0,1,9,6,6,1,-1,-1,1199,1,3,VAUXHALL CORSA,-1,-1,0,-1
2023311342004,2023,311342004,1,9,0,13,13,3,7,0,0,0,0,0,1,0,2,1,5,6,1,26,6,1364,1,13,VAUXHALL CORSA,1,E01015795,0,-1
2023471280323,2023,471280323,1,9,0,17,19,6,3,0,0,1,0,0,0,0,1,1,5,6,1,30,6,1364,1,16,VAUXHALL CORSA,8,E01031707,0,-1
2023201315403,2023,201315403,1,9,0,5,5,-1,-1,0,0,8,0,0,0,0,1,1,6,6,3,-1,-1,1364,1,14,VAUXHALL CORSA,-1,-1,0,-1
2023461271220,2023,461271220,2,9,0,4,4,4,8,0,0,0,0,0,0,0,1,1,1,1,1,26,6,1248,2,5,VAUXHALL CORSA,-1,-1,0,-1
2023501301762,2023,501301762,2,9,0,18,19,5,1,0,0,0,0,0,0,0,1,2,6,6,2,17,4,1199,1,2,VAUXHALL CORSA,4,E01020328,0,-1
2023411383390,2023,411383390,1,9,0,18,19,8,2,0,0,0,0,0,0,0,3,1,5,6,1,26,6,998,1,13,VAUXHALL CORSA,5,E01017997,0,-1
2023631372675,2023,631372675,1,9,0,18,19,5,1,0,0,0,0,0,0,0,1,1,6,6,2,38,7,1248,2,12,VAUXHALL CORSA,5,W01000531,0,-1