collision_index,collision_year,collision_ref_no,vehicle_reference,vehicle_type,towing_and_articulation,vehicle_manoeuvre_historic,vehicle_manoeuvre,vehicle_direction_from,vehicle_direction_to,vehicle_location_restricted_lane_historic,vehicle_location_restricted_lane,junction_location,skidding_and_overturning,hit_object_in_carriageway,vehicle_leaving_carriageway,hit_object_off_carriageway,first_point_of_impact,vehicle_left_hand_drive,journey_purpose_of_driver_historic,journey_purpose_of_driver,sex_of_driver,age_of_driver,age_band_of_driver,engine_capacity_cc,propulsion_code,age_of_vehicle,generic_make_model,driver_imd_decile,lsoa_of_driver,escooter_flag,driver_distance_banding
2023361345689,2023,361345689,1,9,-1,-1,-1,-1,-1,-1,-1,-1,-1,-1,-1,0,-1,1,6,6,1,29,6,998,1,20,VAUXHALL CORSA,5,E01026428,0,-1
2023101287125,2023,101287125,1,9,0,9,9,5,3,0,0,8,0,0,0,0,1,1,6,6,1,22,5,1362,1,9,VAUXHALL CORSA,6,E01008196,0,-1
2023440454242,2023,440454242,3,9,0,18,19,3,7,0,0,0,0,0,0,0,1,1,6,6,1,25,5,1398,1,7,VAUXHALL CORSA,9,E01022583,0,-1
2023552300388,2023,552300388,1,9,0,9,9,5,3,0,0,5,0,0,0,0,4,1,6,6,3,-1,-1,1389,1,18,VAUXHALL CORSA,-1,-1,0,-1
2023010434395,2023,010434395,4,9,0,2,2,0,0,0,0,0,0,4,0,0,1,1,6,6,3,-1,-1,998,1,12,VAUXHALL CORSA,-1,-1,0,-1
2023101337713,2023,101337713,1,9,0,18,19,3,7,0,0,2,0,0,0,0,3,1,5,6,2,61,9,1199,1,2,VAUXHALL CORSA,-1,-1,0,-1
2023031378249,2023,031378249,2,9,0,18,19,2,6,0,0,0,0,0,0,0,1,1,5,6,2,23,5,1199,1,3,VAUXHALL CORSA,4,E01019147,0,-1
2023031322153,2023,031322153,1,9,0,17,19,8,3,0,0,0,5,10,0,0,1,1,6,6,2,32,6,1248,2,16,VAUXHALL CORSA,5,E01019388,0,-1
2023520301498,2023,520301498,1,9,0,18,19,6,2,0,0,8,2,10,0,0,1,1,6,6,1,21,5,1364,1,17,VAUXHALL CORSA,7,E01029224,0,-1
2023440062897,2023,440062897,1,9,0,14,14,6,2,0,0,0,0,4,0,0,1,1,6,6,2,26,6,1199,1,1,VAUXHALL CORSA,3,E01022803,0,-1
2023010431288,2023,010431288,2,9,0,4,4,2,6,0,0,4,0,0,0,0,1,1,6,6,3,-1,-1,1229,1,14,VAUXHALL CORSA,-1,-1,0,-1
2023201416249,2023,201416249,1,9,-1,-1,-1,-1,-1,-1,-1,0,-1,-1,-1,0,-1,1,6,6,3,-1,-1,1229,1,16,VAUXHALL CORSA,-1,-1,0,-1
2023071048366,2023,071048366,4,9,0,4,4,3,7,0,0,0,0,0,0,0,2,1,6,6,2,21,5,1229,1,9,VAUXHALL CORSA,7,W01000275,0,-1
2023101359554,2023,101359554,2,9,0,7,7,7,1,0,0,1,1,0,1,10,2,1,5,6,1,20,4,1229,1,11,VAUXHALL CORSA,1,E01011989,0,-1
2023520400831,2023,520400831,2,9,0,5,5,4,8,0,0,1,0,0,0,0,1,1,6,6,1,43,7,998,1,19,VAUXHALL CORSA,5,E01029081,0,-1
2023471368666,2023,471368666,1,9,0,18,19,5,1,0,0,1,0,0,0,0,1,1,5,6,2,26,6,1199,1,2,VAUXHALL CORSA,4,E01016974,0,-1
2023052300728,2023,052300728,2,9,0,4,4,1,5,0,0,1,0,0,0,0,1,1,6,6,2,19,4,1364,1,14,VAUXHALL CORSA,3,E01006784,0,-1
2023311319103,2023,311319103,1,9,0,12,12,2,6,0,0,8,0,0,0,0,1,1,6,6,2,28,6,1229,1,13,VAUXHALL CORSA,3,E01033407,0,-1
202354C948023,2023,54C948023,2,9,0,18,19,6,2,0,0,0,0,0,0,0,0,1,6,6,1,19,4,1248,2,13,VAUXHALL CORSA,8,E01032705,0,-1
2023610025623,2023,610025623,1,9,0,9,9,3,1,0,0,8,0,0,0,0,1,1,6,6,2,25,5,1229,1,8,VAUXHALL CORSA,5,W01001477,0,-1
2023010483411,2023,010483411,2,9,0,99,99,9,9,99,99,9,9,99,9,99,4,9,6,6,3,27,6,1398,1,7,VAUXHALL CORSA,2,E01000223,0,-1
2023440218486,2023,440218486,1,9,0,18,19,1,5,0,0,1,0,0,0,0,1,1,6,6,1,20,4,1229,1,10,VAUXHALL CORSA,2,E01022820,0,-1
202363A015323,2023,63A015323,1,9,0,18,19,4,8,0,0,8,0,0,2,10,1,1,6,6,1,46,8,1248,2,10,VAUXHALL CORSA,3,W01000670,0,-1
2023131359291,2023,131359291,2,9,0,5,5,5,5,0,0,6,0,0,7,0,3,1,6,6,1,42,7,1229,1,15,VAUXHALL CORSA,6,E01033696,0,-1
2023221391120,2023,221391120,1,9,0,4,4,1,5,0,0,1,0,0,0,0,1,1,6,6,1,22,5,1229,1,10,VAUXHALL CORSA,7,E01014204,0,-1
2023070089796,2023,070089796,2,9,0,18,19,2,4,0,0,3,0,0,0,0,3,1,2,2,2,21,5,998,1,9,VAUXHALL CORSA,9,E01033378,0,-1
2023201277479,2023,201277479,1,9,0,18,19,2,6,0,0,0,0,0,0,0,1,1,1,1,2,30,6,1248,2,9,VAUXHALL CORSA,4,E01033617,0,-1
2023221378151,2023,221378151,1,9,0,9,9,4,1,0,0,5,0,0,7,0,1,1,6,6,2,25,5,998,1,11,VAUXHALL CORSA,1,E01010414,0,-1
2023010457987,2023,010457987,2,9,0,5,5,3,7,0,0,1,0,0,0,0,1,1,6,6,2,25,5,1199,1,3,VAUXHALL CORSA,-1,-1,0,-1
202354A755423,2023,54A755423,1,9,0,18,19,2,6,0,0,1,0,0,0,0,1,1,6,6,2,76,11,1389,1,17,VAUXHALL CORSA,2,E01031928,0,-1
2023010442033,2023,010442033,3,9,0,2,2,0,0,0,0,0,0,0,0,0,2,1,6,6,3,-1,-1,-1,3,1,VAUXHALL CORSA,-1,-1,0,-1
2023010422679,2023,010422679,2,9,0,99,99,9,9,99,99,9,9,99,9,99,1,9,6,6,3,-1,-1,-1,3,1,VAUXHALL CORSA,1,E01004285,0,-1
2023010437713,2023,010437713,2,9,0,2,2,0,0,0,0,1,0,4,0,0,2,1,6,6,3,-1,-1,1398,1,8,VAUXHALL CORSA,-1,-1,0,-1
2023471266301,2023,471266301,2,9,0,18,19,1,5,0,0,8,0,0,0,0,1,1,5,6,2,27,6,1398,1,4,VAUXHALL CORSA,8,E01031664,0,-1
2023010475904,2023,010475904,6,9,0,2,2,0,0,0,0,1,0,0,0,0,3,1,6,6,3,-1,-1,1398,1,11,VAUXHALL CORSA,-1,-1,0,-1
2023010452796,2023,010452796,1,9,0,99,99,9,9,99,99,9,9,99,9,99,9,9,6,6,1,25,5,1398,1,11,VAUXHALL CORSA,3,E01003938,0,-1
2023302301902,2023,302301902,1,9,0,1,1,6,2,9,9,6,0,0,0,0,2,1,6,6,2,42,7,1398,1,6,VAUXHALL CORSA,6,E01019648,0,-1
2023052301897,2023,052301897,2,9,0,18,19,7,3,0,0,1,0,0,0,0,3,1,2,2,1,27,6,1229,1,10,VAUXHALL CORSA,1,E01006741,0,-1
2023461303609,2023,461303609,1,9,0,18,19,6,2,0,0,0,0,0,0,0,1,1,5,6,1,18,4,1229,1,16,VAUXHALL CORSA,6,E01024040,0,-1
2023010420194,2023,010420194,1,9,0,7,7,7,1,0,0,8,0,10,0,0,4,1,6,6,1,20,4,1364,1,15,VAUXHALL CORSA,3,E01004212,0,-1
2023010470329,2023,010470329,2,9,0,2,2,0,0,0,0,0,0,0,0,0,0,1,6,6,3,-1,-1,1364,1,14,VAUXHALL CORSA,-1,-1,0,-1
2023010457701,2023,010457701,1,9,0,18,19,5,1,0,0,1,0,0,0,0,1,1,6,6,2,24,5,1389,1,19,VAUXHALL CORSA,4,E01000471,0,-1
2023401362205,2023,401362205,1,9,0,18,19,4,8,0,0,0,0,0,0,0,1,1,5,6,2,20,4,1229,1,9,VAUXHALL CORSA,9,E01017585,0,-1
2023010427751,2023,010427751,2,9,0,13,13,1,5,0,0,0,0,0,0,0,1,1,6,6,1,25,5,1229,1,10,VAUXHALL CORSA,1,E01001554,0,-1
2023430023295,2023,430023295,1,9,0,18,19,6,2,0,0,0,0,0,0,0,1,1,6,6,2,76,11,1199,1,3,VAUXHALL CORSA,9,E01022533,0,-1
2023201378777,2023,201378777,2,9,0,4,4,4,8,0,0,2,0,0,0,0,2,1,6,6,2,25,5,1398,1,4,VAUXHALL CORSA,1,E01010274,0,-1
2023311291337,2023,311291337,1,9,0,18,19,1,5,0,0,8,0,0,0,0,1,1,1,1,2,28,6,1229,1,12,VAUXHALL CORSA,2,E01028279,0,-1
2023320798611,2023,320798611,1,9,0,16,19,2,4,0,0,0,0,0,1,9,4,1,6,6,2,39,7,1199,1,0,VAUXHALL CORSA,-1,-1,0,-1
2023451296978,2023,451296978,1,9,0,17,19,3,1,0,0,0,0,0,0,0,1,1,5,6,2,37,7,1398,1,11,VAUXHALL CORSA,8,E01030879,0,-1
2023451376234,2023,451376234,1,9,0,18,19,1,5,0,0,0,2,0,2,1,1,1,6,6,1,32,6,1229,1,14,VAUXHALL CORSA,4,E01030433,0,-1
2023041260841,2023,041260841,1,9,4,18,19,8,4,0,0,0,0,0,0,0,1,1,5,6,2,38,7,1398,1,7,VAUXHALL CORSA,6,E01025401,0,-1
2023122300102,2023,122300102,1,9,0,18,19,1,5,0,0,0,0,0,0,0,1,1,6,6,1,65,9,998,1,10,VAUXHALL CORSA,6,E01027578,0,-1
2023991314364,2023,991314364,1,9,0,9,9,1,6,0,0,8,0,0,0,0,3,1,6,6,2,19,4,1398,1,5,VAUXHALL CORSA,4,-1,0,-1
2023070586578,2023,070586578,1,9,0,9,9,7,5,0,0,4,0,2,0,0,1,1,2,2,1,27,6,1229,1,11,VAUXHALL CORSA,7,E01018372,0,-1
2023501312197,2023,501312197,1,9,0,18,19,1,5,0,0,0,5,4,0,0,3,1,5,6,1,44,7,1229,1,13,VAUXHALL CORSA,3,E01015063,0,-1
2023010433924,2023,010433924,2,9,0,18,19,1,5,0,0,9,0,0,9,0,1,9,6,6,1,19,4,1364,1,16,VAUXHALL CORSA,3,E01001440,0,-1
2023302301239,2023,302301239,1,9,0,13,13,5,1,0,0,0,5,0,1,0,3,1,6,6,1,38,7,1248,2,17,VAUXHALL CORSA,4,E01013967,0,-1
2023320574993,2023,320574993,1,9,0,4,4,6,2,0,0,1,0,0,0,0,1,1,6,6,2,24,5,1248,2,8,VAUXHALL CORSA,10,E01028383,0,-1
2023010463772,2023,010463772,2,9,0,99,99,9,9,99,99,9,9,99,9,99,1,9,6,6,3,-1,-1,1229,1,12,VAUXHALL CORSA,-1,-1,0,-1
2023991268213,2023,991268213,1,9,0,18,19,1,5,5,5,0,0,0,0,0,0,1,5,6,1,24,5,1199,1,2,VAUXHALL CORSA,10,-1,0,-1
2023302301791,2023,302301791,2,9,0,4,4,2,6,0,0,2,0,0,0,0,2,1,2,2,2,30,6,1398,1,4,VAUXHALL CORSA,8,E01019583,0,-1
2023471382838,2023,471382838,1,9,0,9,9,2,2,0,0,6,0,0,0,0,1,1,3,7,2,38,7,1229,1,15,VAUXHALL CORSA,4,E01021131,0,-1
2023471299877,2023,471299877,1,9,0,18,19,7,3,0,0,1,0,0,0,0,4,1,5,6,2,25,5,1229,1,10,VAUXHALL CORSA,10,E01031747,0,-1
2023991264163,2023,991264163,3,9,0,2,2,0,0,0,0,0,0,0,0,0,3,1,6,6,3,-1,-1,1398,1,5,VAUXHALL CORSA,-1,-1,0,-1
2023991373401,2023,991373401,1,9,0,9,9,2,8,0,0,1,0,0,0,0,1,1,5,6,2,19,4,1229,1,8,VAUXHALL CORSA,8,-1,0,-1
2023520401072,2023,520401072,2,9,0,18,19,1,5,0,0,8,0,0,0,0,3,1,6,6,2,68,10,1199,1,3,VAUXHALL CORSA,4,E01029050,0,-1
2023170M10793,2023,170M10793,2,9,0,12,12,3,4,0,0,6,0,0,0,0,2,1,6,6,1,29,6,1229,1,13,VAUXHALL CORSA,1,E01012011,0,-1
2023131384072,2023,131384072,1,9,0,18,19,1,1,0,0,1,0,0,0,0,3,1,3,7,2,34,6,1229,1,11,VAUXHALL CORSA,3,E01010747,0,-1
2023311267284,2023,311267284,2,9,0,3,3,2,2,0,0,0,0,0,0,0,2,1,5,6,2,29,6,1229,1,17,VAUXHALL CORSA,-1,-1,0,-1
2023141319679,2023,141319679,1,9,0,5,5,7,5,0,0,6,0,0,0,0,1,1,5,6,2,38,7,1199,1,2,VAUXHALL CORSA,3,E01007701,0,-1
2023501362982,2023,501362982,2,9,0,18,19,3,5,0,0,0,0,0,0,0,3,1,6,6,2,26,6,1398,1,6,VAUXHALL CORSA,4,E01019064,0,-1
2023302301831,2023,302301831,2,9,0,17,19,8,4,0,0,0,0,0,1,0,1,1,6,6,2,30,6,1398,1,8,VAUXHALL CORSA,7,E01008133,0,-1
2023302301223,2023,302301223,1,9,0,4,4,8,4,0,0,1,0,0,0,0,1,1,6,6,1,43,7,1364,1,9,VAUXHALL CORSA,6,E01019873,0,-1
2023461326645,2023,461326645,2,9,0,11,11,6,8,0,0,1,0,1,0,0,1,1,6,6,1,45,7,998,1,9,VAUXHALL CORSA,6,E01016075,0,-1
2023461268673,2023,461268673,2,9,0,3,3,7,3,0,0,0,0,0,0,0,2,1,6,6,2,64,9,1398,1,4,VAUXHALL CORSA,3,E01024713,0,-1
2023010464364,2023,010464364,1,9,0,18,19,1,5,0,0,0,0,0,0,0,2,1,2,2,2,61,9,1398,1,13,VAUXHALL CORSA,9,E01024431,0,-1
2023501283395,2023,501283395,1,9,0,18,19,6,2,0,0,0,0,0,0,0,1,1,6,6,1,44,7,1229,1,10,VAUXHALL CORSA,10,E01020185,0,-1
2023401406921,2023,401406921,3,9,0,2,2,0,0,0,0,1,0,0,0,0,2,1,6,6,1,-1,-1,1598,1,11,VAUXHALL CORSA,8,E01017731,0,-1
2023131305758,2023,131305758,1,9,0,18,19,3,7,0,0,3,0,0,0,0,1,1,2,2,2,37,7,1364,1,14,VAUXHALL CORSA,8,E01011714,0,-1
2023131312379,2023,131312379,2,9,0,18,19,1,5,0,0,0,0,0,0,0,0,1,6,6,1,20,4,1364,1,15,VAUXHALL CORSA,3,E01011670,0,-1
2023440439531,2023,440439531,1,9,0,18,19,2,6,0,0,0,5,10,0,0,3,1,6,6,1,17,4,1248,2,13,VAUXHALL CORSA,8,E01023221,0,-1
2023061316928,2023,061316928,2,9,0,9,9,1,3,0,0,6,0,0,0,0,1,1,2,2,2,19,4,1229,1,12,VAUXHALL CORSA,10,E01005815,0,-1
2023401366092,2023,401366092,2,9,0,4,4,5,1,0,0,0,0,0,0,0,2,1,2,2,2,37,7,1199,1,3,VAUXHALL CORSA,7,E01017437,0,-1
2023052303083,2023,052303083,1,9,0,9,9,1,5,0,0,8,0,0,0,0,1,1,6,6,1,35,6,1229,1,13,VAUXHALL CORSA,4,E01007001,0,-1
2023131348668,2023,131348668,1,9,0,-1,-1,-1,-1,-1,-1,-1,-1,-1,-1,-1,-1,1,6,6,3,-1,-1,1229,1,16,VAUXHALL CORSA,-1,-1,0,-1
2023101267568,2023,101267568,2,9,0,18,19,3,7,0,0,0,0,0,0,0,4,1,3,7,2,35,6,1398,1,10,VAUXHALL CORSA,5,E01008879,0,-1
2023531259217,2023,531259217,2,9,0,2,2,8,4,0,0,1,0,0,0,0,2,1,5,6,1,38,7,1199,1,1,VAUXHALL CORSA,9,E01022104,0,-1
2023451278275,2023,451278275,1,9,0,3,3,5,1,0,0,0,0,0,0,0,2,1,5,6,1,37,7,1598,1,16,VAUXHALL CORSA,5,E01001168,0,-1
2023101374832,2023,101374832,2,9,0,2,2,1,5,0,0,0,0,0,0,0,2,1,2,2,2,23,5,1229,1,11,VAUXHALL CORSA,5,E01033556,0,-1
2023122300472,2023,122300472,1,9,0,17,19,3,1,0,0,0,5,0,7,10,1,1,6,6,2,46,8,1364,1,16,VAUXHALL CORSA,5,E01027793,0,-1
2023211322193,2023,211322193,1,9,0,18,19,1,5,0,0,0,1,11,1,7,3,1,6,6,2,21,5,998,1,14,VAUXHALL CORSA,-1,-1,0,-1
2023231310595,2023,231310595,2,9,0,18,19,8,4,0,0,0,0,0,4,6,3,1,5,6,2,34,6,1398,1,7,VAUXHALL CORSA,4,E01018184,0,-1
2023332300503,2023,332300503,1,9,0,7,7,3,5,0,0,5,0,0,1,10,2,1,6,6,1,38,7,1199,1,3,VAUXHALL CORSA,9,E01025838,0,-1
2023320261353,2023,320261353,1,9,0,17,19,7,3,0,0,0,0,0,7,10,1,1,6,6,1,20,4,1229,1,13,VAUXHALL CORSA,9,E01026231,0,-1
2023201287493,2023,201287493,2,9,0,18,19,4,8,0,0,8,0,0,0,0,3,1,6,6,1,26,6,1398,1,9,VAUXHALL CORSA,2,E01010104,0,-1
2023552300582,2023,552300582,1,9,0,18,19,2,6,0,0,0,0,0,0,0,1,1,6,6,1,75,10,1364,1,5,VAUXHALL CORSA,6,E01020534,0,-1
2023622300714,2023,622300714,1,9,0,9,9,4,2,0,0,3,0,0,0,0,0,1,6,6,1,23,5,1199,1,4,VAUXHALL CORSA,1,W01001884,0,-1
2023501319900,2023,501319900,2,9,0,18,19,1,5,0,0,0,1,0,0,0,3,1,6,6,1,51,8,1398,1,8,VAUXHALL CORSA,2,E01020280,0,-1
2023302300537,2023,302300537,1,9,0,1,1,8,4,0,0,0,0,0,1,11,2,1,6,6,2,54,8,1229,1,13,VAUXHALL CORSA,2,E01019699,0,-1
2023010462393,2023,010462393,1,9,0,9,9,5,3,0,0,8,0,0,0,0,1,1,6,6,1,39,7,1229,1,16,VAUXHALL CORSA,1,E01002074,0,-1
2023991318334,2023,991318334,1,9,0,18,19,7,3,0,0,4,0,0,0,0,1,1,5,6,1,20,4,1229,1,12,VAUXHALL CORSA,10,-1,0,-1
2023451344432,2023,451344432,1,9,0,9,9,3,1,0,0,0,0,0,0,0,1,1,2,2,2,28,6,1229,1,8,VAUXHALL CORSA,10,E01030726,0,-1
2023522300468,2023,522300468,1,9,0,5,5,9,9,0,0,8,0,0,0,0,9,1,6,6,1,22,5,1389,1,20,VAUXHALL CORSA,8,E01014669,0,-1
2023361384626,2023,361384626,1,9,0,18,19,1,4,0,0,8,0,0,0,0,1,1,6,6,1,37,7,1229,1,10,VAUXHALL CORSA,10,E01026813,0,-1
2023201364106,2023,201364106,1,9,0,1,1,6,8,0,0,6,0,0,0,0,1,1,6,6,1,62,9,1398,1,6,VAUXHALL CORSA,3,E01009140,0,-1
2023052300349,2023,052300349,2,9,0,18,19,1,5,0,0,0,0,0,0,0,4,1,6,6,1,42,7,1248,2,15,VAUXHALL CORSA,1,E01007291,0,-1
2023430445987,2023,430445987,2,9,0,18,19,7,3,0,0,8,0,0,7,9,1,1,6,6,1,30,6,1229,1,17,VAUXHALL CORSA,10,E01017820,0,-1
2023041268036,2023,041268036,2,9,0,7,7,2,4,0,0,1,0,0,0,0,2,1,5,6,1,52,8,998,1,13,VAUXHALL CORSA,3,E01012585,0,-1
2023471386902,2023,471386902,1,9,0,18,19,5,1,0,0,0,0,0,0,0,1,1,6,6,2,26,6,1229,1,8,VAUXHALL CORSA,9,E01021144,0,-1
2023622300722,2023,622300722,1,9,0,18,19,2,6,0,0,0,2,0,1,4,0,1,6,6,1,19,4,1229,1,10,VAUXHALL CORSA,9,W01001191,0,-1
2023548507223,2023,548507223,1,9,0,18,19,3,7,0,0,1,0,0,0,0,1,1,6,6,2,26,6,1229,1,10,VAUXHALL CORSA,6,E01032074,0,-1
2023501292785,2023,501292785,1,9,0,18,19,5,1,0,0,0,0,0,0,0,3,1,5,6,2,19,4,1398,1,13,VAUXHALL CORSA,9,E01020162,0,-1
2023070898867,2023,070898867,2,9,0,18,19,3,7,0,0,0,0,0,0,0,2,1,6,6,2,20,4,1398,1,4,VAUXHALL CORSA,9,E01012488,0,-1
2023361308999,2023,361308999,1,9,0,18,19,2,6,0,0,0,1,0,0,0,1,1,5,6,1,22,5,1364,1,16,VAUXHALL CORSA,1,E01026819,0,-1
2023010445814,2023,010445814,1,9,0,7,7,1,3,0,0,1,0,0,1,0,1,1,6,6,1,34,6,1229,1,11,VAUXHALL CORSA,2,E01001332,0,-1
2023061366617,2023,061366617,1,9,0,7,7,5,7,0,0,1,0,0,0,0,1,1,1,1,1,24,5,1248,2,8,VAUXHALL CORSA,5,E01012411,0,-1
2023131297210,2023,131297210,1,9,0,18,19,5,1,0,0,0,2,10,7,1,3,1,5,6,1,53,8,1199,1,3,VAUXHALL CORSA,3,E01011532,0,-1
2023131390751,2023,131390751,1,9,0,18,19,6,2,0,0,0,0,0,0,0,1,1,6,6,2,78,11,1398,1,12,VAUXHALL CORSA,7,E01011890,0,-1
2023440484243,2023,440484243,1,9,0,18,19,5,1,0,0,1,0,0,0,0,1,1,2,2,1,28,6,1398,1,11,VAUXHALL CORSA,9,E01017352,0,-1
2023991334573,2023,991334573,1,9,0,12,12,1,3,0,0,2,0,0,7,0,3,1,5,6,2,18,4,1398,1,4,VAUXHALL CORSA,5,-1,0,-1
2023131283066,2023,131283066,1,9,0,9,9,1,3,0,0,6,0,0,0,0,1,1,6,6,3,-1,-1,1199,1,19,VAUXHALL CORSA,-1,-1,0,-1
2023201454041,2023,201454041,4,9,0,2,2,0,0,9,9,8,0,0,0,0,1,1,6,6,3,-1,-1,1229,1,17,VAUXHALL CORSA,-1,-1,0,-1
2023411382920,2023,411382920,1,9,0,5,5,4,1,0,0,8,0,0,0,0,1,1,6,6,1,60,9,1199,1,0,VAUXHALL CORSA,10,E01023380,0,-1
2023141316465,2023,141316465,2,9,0,18,19,5,1,0,0,8,0,0,0,0,1,1,6,6,2,22,5,1248,2,10,VAUXHALL CORSA,2,E01007717,0,-1
2023302301746,2023,302301746,1,9,0,18,19,4,8,0,0,0,1,0,1,10,4,1,6,6,1,21,5,1229,1,15,VAUXHALL CORSA,2,E01013565,0,-1
2023411305253,2023,411305253,2,9,0,18,19,5,1,0,0,3,0,0,0,0,4,1,5,6,1,18,4,1229,1,16,VAUXHALL CORSA,5,E01015746,0,-1
2023451380641,2023,451380641,1,9,0,16,19,1,2,9,9,0,1,4,7,2,4,1,1,1,1,35,6,1229,1,14,VAUXHALL CORSA,8,E01030668,0,-1
202360A088927,2023,60A088927,1,9,0,18,19,4,8,0,0,1,0,0,0,0,1,1,6,6,2,40,7,1229,1,9,VAUXHALL CORSA,-1,-1,0,-1
2023122300173,2023,122300173,2,9,0,18,19,1,5,0,0,8,0,0,0,0,1,1,6,6,1,80,11,998,1,10,VAUXHALL CORSA,7,E01027689,0,-1
2023070041463,2023,070041463,1,9,0,9,9,5,3,0,0,6,0,0,0,0,1,1,6,6,1,51,8,998,1,10,VAUXHALL CORSA,10,E01018590,0,-1
2023991300287,2023,991300287,1,9,0,18,19,3,7,0,0,0,2,0,7,11,1,1,5,6,2,17,4,1398,1,13,VAUXHALL CORSA,5,-1,0,-1
2023071023392,2023,071023392,2,9,0,9,9,2,6,0,0,1,0,0,0,0,2,1,1,1,2,57,9,1364,1,14,VAUXHALL CORSA,6,E01005790,0,-1
2023101374715,2023,101374715,2,9,0,9,9,5,1,0,0,2,0,0,0,0,1,1,6,6,2,30,6,1229,1,12,VAUXHALL CORSA,3,E01008739,0,-1
2023371272896,2023,371272896,1,9,0,7,7,5,1,0,0,8,0,0,0,0,3,1,6,6,2,78,11,1229,1,11,VAUXHALL CORSA,5,E01030185,0,-1
2023302301508,2023,302301508,2,9,0,18,19,5,1,0,0,1,0,0,1,0,1,1,2,2,1,27,6,1398,1,10,VAUXHALL CORSA,5,E01019529,0,-1
2023311318074,2023,311318074,1,9,0,2,2,3,7,0,0,1,0,0,0,0,2,1,6,6,2,60,9,1199,1,3,VAUXHALL CORSA,-1,-1,0,-1
202363A007923,2023,63A007923,1,9,0,13,13,7,3,0,0,0,0,0,5,6,3,1,6,6,1,32,6,1364,1,15,VAUXHALL CORSA,1,W01000742,0,-1
2023141363982,2023,141363982,1,9,0,18,19,4,8,0,0,1,0,0,0,0,1,1,1,1,1,28,6,1229,1,14,VAUXHALL CORSA,1,E01033269,0,-1
2023340WN3722,2023,340WN3722,2,9,0,3,3,2,6,0,0,1,0,0,0,0,2,1,6,6,2,39,7,1199,1,3,VAUXHALL CORSA,5,E01027145,0,-1
2023471384586,2023,471384586,2,9,0,2,2,0,0,0,0,0,0,4,1,0,1,1,6,6,3,-1,-1,1229,1,14,VAUXHALL CORSA,-1,-1,0,-1
2023451351014,2023,451351014,1,9,0,18,19,5,1,0,0,0,0,0,0,0,1,1,6,6,1,59,9,1398,1,13,VAUXHALL CORSA,10,E01030355,0,-1
2023430367993,2023,430367993,1,9,0,16,19,3,6,0,0,2,0,0,7,4,1,1,2,2,2,40,7,1199,1,0,VAUXHALL CORSA,-1,-1,0,-1
2023461297651,2023,461297651,1,9,0,18,19,7,3,0,0,4,0,0,0,0,1,1,6,6,2,21,5,1398,1,7,VAUXHALL CORSA,9,E01016090,0,-1
2023991353787,2023,991353787,1,9,0,18,19,2,6,0,0,0,0,4,0,0,1,1,5,6,1,30,6,1229,1,18,VAUXHALL CORSA,5,-1,0,-1
2023461387869,2023,461387869,8,9,0,18,19,8,4,0,0,0,1,0,0,0,1,1,6,6,1,20,4,998,1,17,VAUXHALL CORSA,4,E01024541,0,-1
2023622300656,2023,622300656,1,9,0,9,9,1,7,0,0,0,0,0,0,0,1,1,6,6,1,41,7,1229,1,10,VAUXHALL CORSA,9,W01000776,0,-1
2023010466593,2023,010466593,2,9,9,99,99,9,9,99,99,9,9,99,9,99,9,9,6,6,3,33,6,1364,1,14,VAUXHALL CORSA,-1,-1,0,-1
2023061298244,2023,061298244,1,9,0,18,19,1,1,0,0,1,0,10,0,0,1,1,6,6,1,19,4,1229,1,11,VAUXHALL CORSA,2,E01005470,0,-1
2023101393802,2023,101393802,2,9,0,2,2,3,7,0,0,0,0,0,0,0,2,1,5,6,2,17,4,1398,1,4,VAUXHALL CORSA,-1,-1,0,-1
2023010452862,2023,010452862,1,9,0,18,19,3,7,0,0,6,0,0,3,2,1,1,6,6,1,33,6,1199,1,1,VAUXHALL CORSA,-1,-1,0,-1
2023010449670,2023,010449670,1,9,0,4,4,3,7,0,0,3,0,0,0,0,2,1,6,6,1,44,7,1229,1,13,VAUXHALL CORSA,6,E01003653,0,-1
2023421357595,2023,421357595,2,9,0,18,19,1,5,0,0,0,0,0,0,0,3,1,5,6,2,19,4,1248,2,13,VAUXHALL CORSA,7,E01024013,0,-1
2023401339539,2023,401339539,2,9,0,18,19,3,7,0,0,8,1,0,1,10,4,1,6,6,1,22,5,1229,1,8,VAUXHALL CORSA,2,E01015703,0,-1
2023010430314,2023,010430314,1,9,0,9,9,7,5,0,0,4,0,0,0,0,1,1,6,6,1,26,6,1398,1,7,VAUXHALL CORSA,6,E01002380,0,-1
2023010438625,2023,010438625,2,9,9,99,99,9,9,99,99,9,9,99,9,99,1,9,6,6,3,-1,-1,1229,1,13,VAUXHALL CORSA,-1,-1,0,-1
2023061325659,2023,061325659,1,9,0,7,7,3,5,0,0,8,0,0,0,0,2,1,6,6,2,30,6,1199,1,3,VAUXHALL CORSA,1,E01005087,0,-1
2023101367526,2023,101367526,1,9,0,18,19,3,7,0,0,0,0,0,0,0,1,1,2,2,1,24,5,1229,1,13,VAUXHALL CORSA,9,E01008446,0,-1