collision_index,collision_year,collision_ref_no,vehicle_reference,vehicle_type,towing_and_articulation,vehicle_manoeuvre_historic,vehicle_manoeuvre,vehicle_direction_from,vehicle_direction_to,vehicle_location_restricted_lane_historic,vehicle_location_restricted_lane,junction_location,skidding_and_overturning,hit_object_in_carriageway,vehicle_leaving_carriageway,hit_object_off_carriageway,first_point_of_impact,vehicle_left_hand_drive,journey_purpose_of_driver_historic,journey_purpose_of_driver,sex_of_driver,age_of_driver,age_band_of_driver,engine_capacity_cc,propulsion_code,age_of_vehicle,generic_make_model,driver_imd_decile,lsoa_of_driver,escooter_flag,driver_distance_banding
2023320146213,2023,320146213,1,9,0,9,9,2,8,0,0,8,0,0,3,0,3,1,6,6,1,33,6,1398,1,6,VAUXHALL CORSA,-1,-1,0,-1
2023440378176,2023,440378176,1,9,0,18,19,1,5,0,0,0,0,0,7,0,1,1,6,6,2,20,4,1229,1,16,VAUXHALL CORSA,9,E01031995,0,-1
2023061364422,2023,061364422,2,9,0,17,19,2,6,0,0,0,0,0,1,0,1,1,6,6,2,31,6,1229,1,17,VAUXHALL CORSA,2,E01005368,0,-1
2023631344505,2023,631344505,1,9,0,12,12,1,5,0,0,0,0,0,7,10,1,1,2,2,1,32,6,1199,1,20,VAUXHALL CORSA,5,W01000617,0,-1
2023201337328,2023,201337328,2,9,0,9,9,3,1,0,0,5,0,0,0,0,3,1,6,6,2,64,9,1364,1,14,VAUXHALL CORSA,5,E01009882,0,-1
2023010466680,2023,010466680,1,9,0,1,1,5,1,0,0,1,0,0,0,0,1,1,6,6,2,71,10,1398,1,9,VAUXHALL CORSA,4,E01017475,0,-1
2023052302280,2023,052302280,1,9,0,5,5,7,3,0,0,1,0,0,0,0,3,1,6,6,2,43,7,1364,1,16,VAUXHALL CORSA,1,E01032903,0,-1
2023302301254,2023,302301254,1,9,0,18,19,8,4,0,0,1,0,0,0,0,1,1,6,6,2,24,5,1229,1,8,VAUXHALL CORSA,2,E01013497,0,-1
2023010440210,2023,010440210,1,9,0,18,19,1,5,0,0,0,5,4,1,0,1,1,6,6,1,45,7,1199,1,2,VAUXHALL CORSA,-1,-1,0,-1
2023201412618,2023,201412618,1,9,0,5,5,3,7,0,0,0,0,10,3,10,1,1,6,6,1,23,5,1398,1,10,VAUXHALL CORSA,2,E01009565,0,-1
2023070304047,2023,070304047,4,9,0,18,19,7,3,0,0,0,0,0,1,0,0,1,1,1,1,-1,-1,1398,1,11,VAUXHALL CORSA,-1,-1,0,-1
2023522400248,2023,522400248,2,9,0,18,19,4,8,0,0,8,0,0,0,0,1,1,6,6,1,22,5,1229,1,10,VAUXHALL CORSA,10,E01014995,0,-1
2023031294175,2023,031294175,1,9,0,18,19,5,1,0,0,0,0,0,0,0,1,1,5,6,1,38,7,1598,1,13,VAUXHALL CORSA,1,E01020880,0,-1
2023010431664,2023,010431664,2,9,0,5,5,7,3,0,0,4,0,0,0,0,4,1,6,6,2,80,11,1199,1,4,VAUXHALL CORSA,5,E01001099,0,-1
2023131388332,2023,131388332,1,9,0,9,9,5,1,0,0,1,0,0,0,0,1,1,5,6,2,21,5,1229,1,10,VAUXHALL CORSA,7,E01011442,0,-1
2023161276166,2023,161276166,1,9,0,9,9,6,4,0,0,0,0,7,7,10,1,2,5,6,1,18,4,1229,1,12,VAUXHALL CORSA,7,E01033108,0,-1
2023141290988,2023,141290988,2,9,0,18,19,6,2,0,0,0,0,0,0,0,1,1,6,6,3,-1,-1,1398,1,5,VAUXHALL CORSA,-1,-1,0,-1
2023010465084,2023,010465084,2,9,0,99,99,9,9,99,99,9,9,99,9,99,1,9,6,6,3,-1,-1,1398,1,11,VAUXHALL CORSA,-1,-1,0,-1
2023991363141,2023,991363141,1,9,0,18,19,5,1,0,0,0,0,0,0,0,4,1,5,6,2,40,7,1398,1,7,VAUXHALL CORSA,6,-1,0,-1
2023991287849,2023,991287849,1,9,0,13,13,1,5,0,0,1,0,0,0,0,1,1,5,6,1,63,9,1398,1,4,VAUXHALL CORSA,2,-1,0,-1
2023461312638,2023,461312638,1,9,0,18,19,7,3,0,0,0,1,0,0,0,1,1,1,1,2,18,4,1229,1,14,VAUXHALL CORSA,10,E01016092,0,-1
2023231301605,2023,231301605,2,9,0,18,19,4,8,0,0,0,0,0,0,0,1,1,6,6,1,54,8,1398,1,5,VAUXHALL CORSA,7,E01031091,0,-1
2023231317546,2023,231317546,1,9,0,16,19,1,6,0,0,0,5,0,8,10,1,1,5,6,1,20,4,1229,1,11,VAUXHALL CORSA,7,E01031297,0,-1
2023451264051,2023,451264051,1,9,0,17,19,7,3,0,0,0,1,0,1,4,3,1,5,6,1,20,4,1229,1,11,VAUXHALL CORSA,8,E01030622,0,-1
2023010470644,2023,010470644,2,9,0,18,19,3,7,0,0,1,0,0,0,0,2,1,6,6,2,26,6,1229,1,10,VAUXHALL CORSA,9,E01002535,0,-1
2023122301086,2023,122301086,2,9,0,4,4,7,3,0,0,0,0,0,0,0,2,1,6,6,2,28,6,1229,1,12,VAUXHALL CORSA,-1,-1,0,-1
2023451290412,2023,451290412,1,9,0,10,10,5,2,0,0,8,0,0,0,0,1,1,5,6,2,60,9,1398,1,8,VAUXHALL CORSA,9,E01031582,0,-1
202354A305823,2023,54A305823,1,9,0,2,2,0,0,9,9,0,0,0,0,0,3,1,6,6,2,42,7,1248,2,12,VAUXHALL CORSA,5,E01015529,0,-1
2023320591833,2023,320591833,1,9,0,16,19,8,4,0,0,0,0,6,7,10,1,1,6,6,1,29,6,-1,-1,-1,VAUXHALL CORSA,2,E01026378,0,-1
2023010455719,2023,010455719,2,9,0,3,3,5,1,0,0,0,0,0,0,0,2,1,6,6,1,20,4,1229,1,16,VAUXHALL CORSA,9,E01033614,0,-1
2023201364528,2023,201364528,1,9,0,14,14,4,8,0,0,0,0,0,0,0,1,1,6,6,1,23,5,1364,1,15,VAUXHALL CORSA,6,E01019873,0,-1
2023320450519,2023,320450519,1,9,0,13,13,5,1,0,0,0,0,0,0,0,1,1,6,6,2,25,5,1248,2,10,VAUXHALL CORSA,4,E01026067,0,-1
2023332300647,2023,332300647,1,9,0,8,8,5,7,0,0,1,0,0,0,0,2,1,6,6,2,21,5,1248,2,13,VAUXHALL CORSA,8,E01025730,0,-1
2023311376259,2023,311376259,3,9,0,4,4,1,5,0,0,0,0,0,0,0,2,2,6,6,2,45,7,1229,1,13,VAUXHALL CORSA,8,E01028094,0,-1
2023461378346,2023,461378346,1,9,0,18,19,5,1,0,0,0,0,0,0,0,3,1,6,6,1,19,4,1398,1,8,VAUXHALL CORSA,8,E01024475,0,-1
2023302300752,2023,302300752,2,9,0,17,19,6,2,0,0,1,0,0,0,0,1,1,6,6,1,70,10,1398,1,4,VAUXHALL CORSA,9,E01019635,0,-1
2023031302322,2023,031302322,1,9,0,18,19,4,8,0,0,0,5,0,0,0,1,1,2,2,1,23,5,1229,1,10,VAUXHALL CORSA,3,E01019228,0,-1
2023101308569,2023,101308569,1,9,0,18,19,5,1,0,0,1,0,0,0,0,1,1,6,6,2,55,8,1229,1,9,VAUXHALL CORSA,4,E01008578,0,-1
2023430497800,2023,430497800,1,9,0,18,19,2,6,0,0,0,1,0,0,0,4,1,6,6,1,51,8,1364,1,15,VAUXHALL CORSA,4,E01016325,0,-1
2023010457741,2023,010457741,2,9,0,18,19,2,6,0,0,1,0,0,0,0,1,1,6,6,3,-1,-1,1229,1,8,VAUXHALL CORSA,-1,-1,0,-1
2023010435117,2023,010435117,1,9,0,18,19,7,3,0,0,1,0,0,0,0,3,1,2,2,1,46,8,1229,1,13,VAUXHALL CORSA,6,E01002496,0,-1
2023340WN1052,2023,340WN1052,1,9,0,18,19,8,4,0,0,0,0,0,0,0,1,1,6,6,2,19,4,1398,1,4,VAUXHALL CORSA,10,E01027298,0,-1
2023522301427,2023,522301427,2,9,0,18,19,2,5,0,0,0,0,0,0,0,2,1,6,6,1,60,9,1229,1,11,VAUXHALL CORSA,8,E01014867,0,-1
2023332300544,2023,332300544,2,9,0,18,19,6,2,0,0,0,0,0,0,0,1,1,6,6,3,-1,-1,1229,1,11,VAUXHALL CORSA,-1,-1,0,-1
2023122301121,2023,122301121,1,9,0,4,4,1,5,0,0,2,0,0,0,0,2,1,1,1,1,48,8,998,1,11,VAUXHALL CORSA,8,E01012316,0,-1
2023010419523,2023,010419523,1,9,0,18,19,1,5,0,0,0,0,4,0,0,1,1,2,2,1,60,9,1199,1,3,VAUXHALL CORSA,5,E01001859,0,-1
2023471327304,2023,471327304,2,9,0,10,10,1,7,0,0,1,0,0,0,0,2,1,5,6,1,27,6,1199,1,1,VAUXHALL CORSA,-1,-1,0,-1
2023421365486,2023,421365486,3,9,0,2,2,0,0,0,0,2,0,4,0,0,2,1,6,6,3,-1,-1,1398,1,11,VAUXHALL CORSA,-1,-1,0,-1
2023631393258,2023,631393258,1,9,0,17,19,3,7,0,0,0,1,0,0,0,1,1,1,1,1,19,4,1229,1,9,VAUXHALL CORSA,4,W01000730,0,-1
2023371378077,2023,371378077,1,9,0,18,19,5,1,0,0,8,0,0,0,0,1,1,5,6,1,34,6,1229,1,18,VAUXHALL CORSA,5,E01030189,0,-1
2023461381213,2023,461381213,2,9,0,18,19,7,3,0,0,0,0,0,0,0,2,1,2,2,2,22,5,1398,1,5,VAUXHALL CORSA,6,E01024054,0,-1
2023440108532,2023,440108532,1,9,0,18,19,5,1,0,0,0,0,0,0,0,1,1,6,6,1,23,5,1229,1,13,VAUXHALL CORSA,1,E01017040,0,-1
2023340WN5022,2023,340WN5022,4,9,0,2,2,0,0,0,0,2,0,0,0,0,2,1,6,6,1,36,7,1398,1,9,VAUXHALL CORSA,-1,-1,0,-1
2023010452504,2023,010452504,2,9,0,2,2,0,0,9,9,0,0,0,0,0,2,2,6,6,3,-1,-1,1398,1,4,VAUXHALL CORSA,-1,-1,0,-1
2023440402857,2023,440402857,2,9,0,18,19,5,1,0,0,8,0,0,0,0,1,1,6,6,1,19,4,1598,1,16,VAUXHALL CORSA,2,E01017322,0,-1
2023170L20073,2023,170L20073,2,9,0,18,19,2,6,0,0,0,0,0,0,0,1,1,2,2,1,37,7,1364,1,16,VAUXHALL CORSA,7,E01012244,0,-1
2023520300996,2023,520300996,1,9,0,18,19,6,2,0,0,8,0,0,0,0,1,1,6,6,1,39,7,1199,1,20,VAUXHALL CORSA,7,E01029214,0,-1
2023052301203,2023,052301203,2,9,0,9,9,5,3,0,0,0,0,0,0,0,3,1,6,6,2,23,5,1229,1,9,VAUXHALL CORSA,1,E01032508,0,-1
2023211309526,2023,211309526,1,9,0,18,19,5,1,0,0,1,0,0,0,0,1,1,5,6,1,23,5,1398,1,4,VAUXHALL CORSA,-1,-1,0,-1
2023061345648,2023,061345648,5,9,0,18,19,5,1,0,0,0,0,0,0,0,1,1,5,6,2,28,6,1398,1,5,VAUXHALL CORSA,1,E01005586,0,-1
2023101294362,2023,101294362,2,9,0,10,10,5,2,0,0,8,0,0,0,0,2,1,6,6,2,49,8,1398,1,7,VAUXHALL CORSA,2,E01008482,0,-1
2023461358390,2023,461358390,2,9,0,18,19,6,2,0,0,1,0,0,0,0,3,1,6,6,1,22,5,1398,1,13,VAUXHALL CORSA,6,E01024460,0,-1
2023010425369,2023,010425369,2,9,0,99,99,9,9,99,99,9,9,99,9,99,1,9,6,6,3,-1,-1,1199,1,2,VAUXHALL CORSA,-1,-1,0,-1
2023070924865,2023,070924865,1,9,0,16,19,8,4,0,0,1,5,0,1,7,1,1,6,6,1,20,4,1398,1,10,VAUXHALL CORSA,6,E01029832,0,-1
2023131363728,2023,131363728,1,9,0,9,9,7,3,0,0,0,0,0,0,0,1,1,2,2,2,26,6,1398,1,12,VAUXHALL CORSA,3,E01011016,0,-1
2023010476515,2023,010476515,2,9,0,99,99,9,9,99,99,9,9,99,9,99,9,9,6,6,2,24,5,1248,2,15,VAUXHALL CORSA,3,E01030354,0,-1
2023061298735,2023,061298735,2,9,0,18,19,3,7,0,0,0,0,0,0,0,0,1,6,6,3,44,7,1229,1,9,VAUXHALL CORSA,8,E01005742,0,-1
2023101384742,2023,101384742,1,9,0,1,1,1,5,0,0,6,0,0,0,0,0,1,1,1,2,37,7,1398,1,6,VAUXHALL CORSA,6,E01008574,0,-1
2023401368991,2023,401368991,2,9,0,3,3,-1,-1,0,0,0,0,0,0,0,2,1,6,6,2,67,10,1248,2,17,VAUXHALL CORSA,9,E01017573,0,-1
2023010485569,2023,010485569,2,9,0,7,7,6,8,0,0,8,0,0,0,0,1,1,6,6,2,55,8,1229,1,9,VAUXHALL CORSA,5,E01000379,0,-1
2023161351584,2023,161351584,2,9,0,9,9,5,3,0,0,6,0,0,0,0,1,1,2,2,1,19,4,1229,1,9,VAUXHALL CORSA,6,E01012961,0,-1
2023991392398,2023,991392398,1,9,0,18,19,7,2,0,0,0,2,0,0,0,2,1,6,6,1,18,4,998,1,9,VAUXHALL CORSA,-1,-1,0,-1
2023471361476,2023,471361476,2,9,0,3,3,7,1,0,0,0,0,0,0,0,2,1,2,2,2,25,5,1398,1,13,VAUXHALL CORSA,4,E01031576,0,-1
2023471270374,2023,471270374,3,9,0,18,19,5,1,0,0,0,0,0,0,0,2,1,5,6,1,18,4,1248,2,15,VAUXHALL CORSA,8,E01020987,0,-1
2023010461131,2023,010461131,1,9,0,18,19,8,4,0,0,2,0,0,0,0,1,1,6,6,1,26,6,-1,3,1,VAUXHALL CORSA,3,E01003017,0,-1
2023041274504,2023,041274504,1,9,0,18,19,3,7,0,0,2,0,0,0,0,1,1,3,7,2,39,7,1398,1,7,VAUXHALL CORSA,2,E01012640,0,-1
2023131356696,2023,131356696,1,9,0,16,19,3,7,0,0,8,5,0,0,0,1,1,6,6,1,17,4,1229,1,8,VAUXHALL CORSA,6,E01011273,0,-1
2023010426811,2023,010426811,1,9,0,16,19,7,3,0,0,0,1,10,0,0,1,1,6,6,2,42,7,998,1,10,VAUXHALL CORSA,7,E01015969,0,-1
2023010486469,2023,010486469,2,9,0,99,99,9,9,99,99,9,9,99,9,99,9,9,6,6,3,-1,-1,1229,1,16,VAUXHALL CORSA,-1,-1,0,-1
2023161352580,2023,161352580,1,9,0,18,19,1,5,0,0,0,0,0,0,0,1,1,3,7,2,29,6,1229,1,9,VAUXHALL CORSA,3,E01013198,0,-1
2023340WN0352,2023,340WN0352,1,9,0,16,19,1,5,0,0,1,1,0,0,1,1,1,6,6,1,21,5,1229,1,16,VAUXHALL CORSA,9,E01027163,0,-1
2023070568735,2023,070568735,2,9,0,18,19,8,4,0,0,8,0,0,0,0,1,1,6,6,2,69,10,1398,1,7,VAUXHALL CORSA,5,E01018547,0,-1
2023991346972,2023,991346972,1,9,0,18,19,6,2,0,0,0,0,0,0,0,4,1,5,6,1,20,4,1199,1,3,VAUXHALL CORSA,2,-1,0,-1
2023311291846,2023,311291846,1,9,0,5,5,3,7,0,0,4,0,0,0,0,3,1,2,2,2,25,5,1199,1,3,VAUXHALL CORSA,10,E01025944,0,-1
2023302300494,2023,302300494,1,9,0,18,19,8,4,0,0,1,2,0,7,4,1,1,6,6,2,33,6,1398,1,5,VAUXHALL CORSA,7,E01019553,0,-1
2023991357995,2023,991357995,1,9,0,18,19,7,4,0,0,1,0,0,0,0,3,1,5,6,2,18,4,1229,1,12,VAUXHALL CORSA,2,-1,0,-1
2023010453616,2023,010453616,1,9,0,3,3,5,1,0,0,2,0,0,0,0,1,1,6,6,2,35,6,1229,1,16,VAUXHALL CORSA,4,E01001518,0,-1
2023010442521,2023,010442521,2,9,0,99,99,9,9,99,99,9,9,99,9,99,1,9,6,6,3,19,4,1364,1,14,VAUXHALL CORSA,5,E01002143,0,-1
2023320095672,2023,320095672,1,9,0,9,9,8,7,0,0,6,0,0,7,0,1,1,6,6,2,28,6,1364,1,14,VAUXHALL CORSA,1,E01026173,0,-1
2023161342000,2023,161342000,1,9,0,18,19,7,3,0,0,0,0,0,0,0,1,1,6,6,2,52,8,-1,3,2,VAUXHALL CORSA,8,E01013269,0,-1
2023201347210,2023,201347210,2,9,0,18,19,-1,-1,0,0,1,0,0,0,0,4,1,6,6,1,23,5,1229,1,10,VAUXHALL CORSA,7,E01009870,0,-1
2023231316181,2023,231316181,1,9,0,9,9,1,5,0,0,1,0,0,0,0,4,1,5,6,2,25,5,1398,1,8,VAUXHALL CORSA,1,E01009104,0,-1
2023201318926,2023,201318926,1,9,0,4,4,6,4,0,0,1,0,0,0,0,2,1,6,6,2,22,5,1248,2,13,VAUXHALL CORSA,2,E01009641,0,-1
2023332300499,2023,332300499,4,9,0,4,4,3,7,0,0,0,0,0,0,0,2,1,6,6,2,21,5,1398,1,6,VAUXHALL CORSA,-1,-1,0,-1
2023501373211,2023,501373211,2,9,0,18,19,4,7,0,0,0,1,0,0,0,3,1,6,6,1,20,4,1364,1,14,VAUXHALL CORSA,5,E01018973,0,-1
2023010420433,2023,010420433,2,9,0,9,9,7,5,0,0,6,0,0,0,0,1,1,6,6,2,26,6,1398,1,11,VAUXHALL CORSA,6,E01002381,0,-1
2023991331629,2023,991331629,2,9,0,18,19,4,8,0,0,8,0,0,0,0,1,1,5,6,2,26,6,1398,1,4,VAUXHALL CORSA,4,-1,0,-1
2023622300950,2023,622300950,1,9,0,4,4,8,4,0,0,0,2,0,5,6,3,1,6,6,1,18,4,1229,1,10,VAUXHALL CORSA,1,W01000832,0,-1
2023131283268,2023,131283268,1,9,0,18,19,6,2,0,0,1,0,0,0,0,1,1,2,2,2,60,9,1229,1,10,VAUXHALL CORSA,6,E01011505,0,-1
2023471298501,2023,471298501,2,9,0,18,19,1,5,0,0,0,1,10,1,0,4,1,2,2,1,24,5,1398,1,6,VAUXHALL CORSA,9,E01031532,0,-1
2023010443527,2023,010443527,1,9,0,99,99,9,9,99,99,9,9,99,9,99,2,9,6,6,2,21,5,1398,1,4,VAUXHALL CORSA,2,E01002096,0,-1
2023141310286,2023,141310286,2,9,0,18,19,4,8,0,0,8,1,0,1,5,4,1,5,6,1,19,4,1229,1,9,VAUXHALL CORSA,8,E01007801,0,-1
2023131318433,2023,131318433,2,9,0,18,19,1,5,0,0,8,0,0,2,11,4,1,5,6,2,31,6,1229,1,12,VAUXHALL CORSA,7,E01010726,0,-1
2023131397877,2023,131397877,2,9,0,8,8,7,1,0,0,1,0,0,0,0,2,2,6,6,1,30,6,1199,1,2,VAUXHALL CORSA,1,E01010755,0,-1
2023201413495,2023,201413495,1,9,0,9,9,1,7,0,0,6,0,0,0,0,1,1,6,6,1,20,4,1364,1,15,VAUXHALL CORSA,2,E01010240,0,-1
2023461383674,2023,461383674,1,9,0,18,19,4,8,0,0,0,0,0,0,0,1,1,6,6,1,51,8,1199,1,2,VAUXHALL CORSA,4,E01024087,0,-1
2023320706552,2023,320706552,2,9,0,4,4,7,3,0,0,1,0,0,0,0,2,1,2,2,1,52,8,1398,1,5,VAUXHALL CORSA,9,E01026320,0,-1
2023501370735,2023,501370735,1,9,0,18,19,8,4,0,0,0,5,0,1,0,1,1,6,6,2,24,5,1398,1,10,VAUXHALL CORSA,3,E01015061,0,-1
2023061263755,2023,061263755,2,9,0,18,19,6,2,0,0,1,0,0,0,0,2,1,5,6,1,28,6,1229,1,9,VAUXHALL CORSA,1,E01005321,0,-1
2023471290399,2023,471290399,1,9,0,9,9,8,4,0,0,8,0,0,7,10,1,1,5,6,2,17,4,1248,2,9,VAUXHALL CORSA,9,E01020954,0,-1
2023461338789,2023,461338789,1,9,0,7,7,7,3,0,0,1,0,0,0,0,1,1,6,6,1,-1,-1,1398,1,10,VAUXHALL CORSA,7,E01024802,0,-1
2023201346342,2023,201346342,2,9,0,2,2,0,0,0,0,2,0,0,0,0,2,1,6,6,1,-1,-1,1229,1,8,VAUXHALL CORSA,-1,-1,0,-1
2023131277795,2023,131277795,2,9,0,7,7,7,1,0,0,8,0,0,0,0,2,1,5,6,1,20,4,1398,1,7,VAUXHALL CORSA,2,E01011781,0,-1
2023461263861,2023,461263861,1,9,0,17,19,4,2,0,0,1,0,0,0,0,4,1,6,6,2,25,5,1398,1,6,VAUXHALL CORSA,3,E01000432,0,-1
2023010470911,2023,010470911,1,9,9,99,99,9,9,99,99,9,9,99,9,99,2,9,6,6,1,32,6,1398,1,6,VAUXHALL CORSA,6,E01003459,0,-1
2023141287624,2023,141287624,2,9,0,18,19,7,3,0,0,1,0,0,0,0,4,1,5,6,1,48,8,1199,1,2,VAUXHALL CORSA,1,E01007919,0,-1
2023010420950,2023,010420950,1,9,0,5,5,7,3,0,0,2,0,0,0,0,4,1,3,7,2,41,7,1229,1,12,VAUXHALL CORSA,3,E01003584,0,-1
2023451312186,2023,451312186,2,9,0,9,9,3,1,0,0,2,0,0,0,0,1,1,6,6,1,-1,-1,1229,1,17,VAUXHALL CORSA,6,E01017858,0,-1
2023161366201,2023,161366201,1,9,0,9,9,8,2,0,0,8,0,0,0,0,4,1,1,1,1,39,7,1248,2,15,VAUXHALL CORSA,1,E01013300,0,-1
2023531310744,2023,531310744,1,9,0,18,19,7,3,0,0,0,0,0,0,0,1,1,5,6,2,49,8,1398,1,4,VAUXHALL CORSA,10,E01022306,0,-1
2023010473303,2023,010473303,2,9,0,99,99,9,9,99,99,0,9,99,9,99,9,9,6,6,3,-1,-1,1398,1,4,VAUXHALL CORSA,-1,-1,0,-1
2023201328152,2023,201328152,1,9,0,4,4,8,4,0,0,2,0,0,0,0,3,1,6,6,2,24,5,1248,2,12,VAUXHALL CORSA,2,E01010102,0,-1
2023522400749,2023,522400749,1,9,0,18,19,4,8,0,0,8,0,0,0,0,4,1,6,6,2,23,5,1398,1,11,VAUXHALL CORSA,3,E01014572,0,-1
2023010419305,2023,010419305,2,9,0,8,8,6,7,0,0,7,0,0,0,0,1,1,6,6,1,23,5,1229,1,16,VAUXHALL CORSA,3,E01002605,0,-1
2023311381042,2023,311381042,1,9,0,4,4,1,4,0,0,0,0,0,0,0,1,1,5,6,2,66,10,1229,1,15,VAUXHALL CORSA,7,E01028406,0,-1
2023471375604,2023,471375604,1,9,0,18,19,3,7,0,0,2,5,0,7,4,1,1,5,6,1,19,4,1229,1,15,VAUXHALL CORSA,5,E01031394,0,-1
2023501299044,2023,501299044,1,9,0,18,19,5,2,0,0,1,0,0,0,0,1,1,6,6,2,25,5,1229,1,9,VAUXHALL CORSA,5,E01020332,0,-1
2023061388601,2023,061388601,1,9,-1,-1,-1,-1,-1,-1,-1,-1,-1,-1,-1,0,-1,1,6,6,1,-1,-1,1229,1,18,VAUXHALL CORSA,-1,-1,0,-1
2023471335408,2023,471335408,2,9,0,4,4,3,7,0,0,0,0,0,0,0,2,1,5,6,1,19,4,1229,1,14,VAUXHALL CORSA,8,E01031346,0,-1
2023451266385,2023,451266385,1,9,0,16,19,5,1,0,0,0,1,7,0,0,3,1,5,6,2,24,5,1364,1,14,VAUXHALL CORSA,2,E01001006,0,-1
2023101288208,2023,101288208,1,9,0,18,19,1,5,0,0,0,2,0,1,4,1,1,5,6,1,20,4,1364,1,16,VAUXHALL CORSA,1,E01027412,0,-1
2023361330647,2023,361330647,1,9,0,9,9,1,3,0,0,8,0,0,0,0,1,1,5,6,1,87,11,1199,1,20,VAUXHALL CORSA,4,E01026763,0,-1
2023991315577,2023,991315577,2,9,0,18,19,6,2,0,0,0,1,10,0,0,1,1,5,6,1,19,4,1248,2,8,VAUXHALL CORSA,3,-1,0,-1
2023451370037,2023,451370037,1,9,0,18,19,5,5,0,0,1,0,0,0,0,1,1,2,2,2,32,6,1398,1,7,VAUXHALL CORSA,9,E01030942,0,-1
2023421390878,2023,421390878,2,9,0,18,19,1,5,0,0,0,1,0,0,0,4,1,5,6,1,29,6,1398,1,5,VAUXHALL CORSA,4,E01021425,0,-1
2023332300463,2023,332300463,1,9,0,18,19,7,3,0,0,0,0,0,0,0,1,1,2,2,1,19,4,1248,2,12,VAUXHALL CORSA,2,E01016839,0,-1
2023041296826,2023,041296826,2,9,0,18,19,3,7,0,0,0,0,0,1,0,1,1,5,6,1,66,10,1398,1,4,VAUXHALL CORSA,5,E01012635,0,-1
202360A112732,2023,60A112732,1,9,0,16,19,2,5,0,0,0,1,0,0,0,3,1,6,6,1,18,4,1229,1,12,VAUXHALL CORSA,-1,-1,0,-1
2023622300999,2023,622300999,1,5,0,17,19,3,7,0,0,3,0,0,0,0,4,1,6,6,1,62,9,1634,1,17,-1,5,W01001304,0,-1
2023201287329,2023,201287329,1,9,0,5,5,8,4,0,0,0,0,0,0,0,3,1,6,6,1,-1,-1,2697,2,17,-1,-1,-1,0,-1
2023461354856,2023,461354856,1,9,0,18,19,4,8,0,0,0,0,0,0,0,1,1,6,6,3,-1,-1,2697,2,16,-1,-1,-1,0,-1
2023141340395,2023,141340395,1,9,0,10,10,8,5,0,0,8,0,0,0,0,1,1,5,6,1,63,9,1984,2,9,VOLVO S60,1,E01007563,0,-1
2023010448717,2023,010448717,1,9,0,18,19,8,4,0,0,0,0,0,0,0,1,1,6,6,1,75,10,1984,1,21,VOLVO S60,4,E01001674,0,-1
2023131366202,2023,131366202,1,9,0,14,14,1,5,9,9,1,0,0,7,0,1,1,6,6,3,25,5,2401,2,16,VOLVO S60,-1,-1,0,-1
2023010451312,2023,010451312,1,9,0,99,99,9,9,99,99,9,9,99,9,99,2,9,6,6,2,70,10,1984,1,18,VOLVO S60,4,E01021636,0,-1
2023010463639,2023,010463639,2,9,0,18,19,8,4,0,0,1,0,0,0,0,3,1,6,6,3,-1,-1,1984,2,12,VOLVO S60,-1,-1,0,-1
2023421388762,2023,421388762,2,9,0,9,9,6,4,0,0,1,0,0,0,0,1,1,1,1,1,78,11,1969,8,0,VOLVO S60,8,E01021444,0,-1
2023122300365,2023,122300365,1,9,0,18,19,5,1,0,0,2,0,0,0,0,1,1,6,6,1,43,7,2400,2,10,VOLVO S60,3,E01013386,0,-1
2023351322006,2023,351322006,2,9,0,3,3,4,6,0,0,1,0,0,0,0,2,1,2,2,2,49,8,1969,2,7,VOLVO S60,7,E01026978,0,-1
2023501337104,2023,501337104,1,9,0,18,19,5,1,0,0,0,0,0,0,0,1,1,6,6,1,40,7,1969,2,7,VOLVO S60,1,E01015078,0,-1
2023320686602,2023,320686602,1,9,0,13,13,7,3,0,0,0,0,0,0,0,1,1,1,1,1,43,7,1969,1,3,VOLVO S60,7,E01026267,0,-1
2023991363037,2023,991363037,3,9,0,18,19,8,2,0,0,1,0,0,1,0,1,1,6,6,1,57,9,1969,2,9,VOLVO S60,-1,-1,0,-1
2023501313778,2023,501313778,1,9,0,13,13,7,3,0,0,0,0,0,0,0,1,1,5,6,1,73,10,2401,2,15,VOLVO S60,2,E01016117,0,-1
2023471307028,2023,471307028,2,9,0,18,19,1,5,0,0,0,0,0,0,0,0,1,5,6,1,28,6,1969,1,3,VOLVO S60,-1,-1,0,-1
2023131320899,2023,131320899,1,9,0,18,19,5,1,0,0,0,1,0,0,0,4,1,5,6,1,29,6,2400,2,11,VOLVO S60,1,E01011473,0,-1
2023361358015,2023,361358015,1,9,0,18,19,3,7,0,0,0,0,0,2,4,4,1,5,6,1,22,5,2401,2,18,VOLVO S60,5,E01026435,0,-1
2023991258851,2023,991258851,1,9,0,13,13,4,8,0,0,0,1,0,7,0,1,1,5,6,1,78,11,1969,1,4,VOLVO S60,-1,-1,0,-1
2023221374396,2023,221374396,1,9,0,9,9,3,8,0,0,6,0,0,0,0,3,1,6,6,2,55,8,2401,2,15,VOLVO S60,7,E01032394,0,-1
2023361371996,2023,361371996,1,9,0,9,9,3,2,0,0,5,0,0,0,0,1,1,6,6,1,52,8,1969,2,9,VOLVO S60,4,E01026640,0,-1