collision_index,collision_year,collision_ref_no,vehicle_reference,vehicle_type,towing_and_articulation,vehicle_manoeuvre_historic,vehicle_manoeuvre,vehicle_direction_from,vehicle_direction_to,vehicle_location_restricted_lane_historic,vehicle_location_restricted_lane,junction_location,skidding_and_overturning,hit_object_in_carriageway,vehicle_leaving_carriageway,hit_object_off_carriageway,first_point_of_impact,vehicle_left_hand_drive,journey_purpose_of_driver_historic,journey_purpose_of_driver,sex_of_driver,age_of_driver,age_band_of_driver,engine_capacity_cc,propulsion_code,age_of_vehicle,generic_make_model,driver_imd_decile,lsoa_of_driver,escooter_flag,driver_distance_banding
2023071174985,2023,071174985,2,9,0,16,19,4,8,0,0,8,0,0,0,0,1,1,6,6,1,-1,-1,1984,2,12,VOLVO S60,-1,-1,0,-1
2023141317186,2023,141317186,1,9,0,18,19,3,7,0,0,0,5,10,1,0,1,1,6,6,2,24,5,1984,2,13,VOLVO S60,-1,-1,0,-1
2023991282326,2023,991282326,2,9,0,18,19,6,3,0,0,1,0,0,0,0,1,1,5,6,1,34,6,1969,2,7,VOLVO S60,1,-1,0,-1
2023991353177,2023,991353177,1,9,0,16,19,4,7,0,0,0,1,0,0,0,1,1,2,2,1,50,8,1969,2,6,VOLVO S60,4,-1,0,-1
2023421285503,2023,421285503,1,9,0,15,15,7,3,0,0,0,0,0,0,0,1,1,5,6,1,26,6,2401,2,17,VOLVO S60,7,E01021412,0,-1
2023131324846,2023,131324846,2,9,0,13,13,1,7,0,0,1,0,0,0,0,1,1,5,6,1,53,8,1560,2,9,VOLVO S60,1,E01011029,0,-1
2023041273955,2023,041273955,1,9,0,14,14,5,1,0,0,1,0,4,0,0,1,1,6,6,1,52,8,2400,2,9,VOLVO S60,6,E01025330,0,-1
2023371339499,2023,371339499,1,9,0,18,19,7,3,0,0,2,0,0,0,0,4,1,5,6,1,66,10,2401,1,17,VOLVO S60,6,E01030005,0,-1
2023131292240,2023,131292240,1,9,0,18,19,2,6,0,0,0,0,0,0,0,1,1,5,6,1,49,8,1984,1,18,VOLVO S60,10,E01011526,0,-1
2023010475548,2023,010475548,1,8,0,99,99,9,9,99,99,9,9,99,9,99,2,9,1,1,1,59,9,1969,2,8,-1,2,E01000087,0,-1
2023302301274,2023,302301274,3,9,0,4,4,4,8,0,0,0,0,0,0,0,2,1,6,6,3,52,8,1984,1,20,VOLVO S60,10,E01025968,0,-1
2023548436223,2023,548436223,3,9,0,4,4,3,7,0,0,1,0,0,0,0,2,1,6,6,1,82,11,1969,8,1,VOLVO S60,10,E01027006,0,-1
2023052302525,2023,052302525,4,9,0,4,4,5,1,0,0,0,0,0,0,0,2,1,6,6,2,59,9,1984,2,13,VOLVO S60,9,E01005882,0,-1
2023311361418,2023,311361418,4,9,0,2,2,0,0,9,9,0,1,0,0,0,2,1,6,6,3,-1,-1,1969,8,2,VOLVO S60,-1,-1,0,-1
2023311337398,2023,311337398,2,9,0,9,9,8,4,0,0,8,0,0,0,0,4,1,5,6,1,51,8,2319,1,21,VOLVO S60,-1,-1,0,-1
2023201312766,2023,201312766,1,8,0,18,19,6,2,0,0,0,0,0,0,0,3,1,1,1,1,55,8,1969,2,8,-1,1,E01009051,0,-1
2023061322986,2023,061322986,3,9,0,2,2,0,0,0,0,1,0,0,0,0,2,1,6,6,3,-1,-1,1984,2,11,VOLVO S60,-1,-1,0,-1
2023201381260,2023,201381260,1,9,0,9,9,3,1,0,0,1,0,0,0,0,4,1,5,6,3,-1,-1,1560,2,11,VOLVO S60,-1,-1,0,-1
2023061334655,2023,061334655,2,9,0,18,19,3,7,0,0,0,0,0,0,0,4,1,5,6,1,56,9,2400,2,12,VOLVO S60,8,E01004773,0,-1
2023111389223,2023,111389223,1,8,0,18,19,1,5,0,0,0,0,0,0,0,1,1,1,1,1,65,9,1984,2,10,-1,6,E01020619,0,-1
2023010452295,2023,010452295,1,9,0,2,2,0,0,0,0,2,0,0,0,0,0,1,6,6,3,-1,-1,1984,1,17,VOLVO S60,-1,-1,0,-1
2023122301383,2023,122301383,1,9,0,9,9,5,3,0,0,1,0,0,0,0,3,1,6,6,1,20,4,1984,2,12,VOLVO S60,2,E01033067,0,-1
2023411284585,2023,411284585,1,9,0,18,19,7,3,0,0,8,0,0,0,0,1,1,6,6,3,-1,-1,1595,1,11,VOLVO S60,-1,-1,0,-1
2023440096360,2023,440096360,1,9,0,11,11,3,7,0,0,0,0,0,0,0,2,1,6,6,1,28,6,1969,2,7,VOLVO S60,2,E01017106,0,-1
2023440127195,2023,440127195,1,9,0,4,4,3,7,0,0,1,0,0,0,0,2,1,2,2,2,60,9,1969,2,9,VOLVO S60,6,E01031860,0,-1
2023622300742,2023,622300742,1,9,0,16,19,4,8,0,0,0,0,0,0,0,1,1,6,6,1,52,8,1560,2,9,VOLVO S60,8,W01000759,0,-1
2023340WN5452,2023,340WN5452,1,9,0,1,1,5,1,0,0,0,0,4,0,0,2,1,6,6,1,-1,-1,1984,1,21,VOLVO S60,-1,-1,0,-1
2023371308517,2023,371308517,1,9,0,9,9,3,3,0,0,2,0,0,0,0,1,1,5,6,2,23,5,2435,1,20,VOLVO S60,6,E01032523,0,-1
2023501306833,2023,501306833,1,9,0,7,7,3,6,0,0,5,0,0,0,0,3,1,6,6,1,29,6,1969,2,9,VOLVO S60,2,E01018867,0,-1
2023311366465,2023,311366465,1,9,0,18,19,1,5,0,0,6,0,0,0,0,3,1,6,6,3,-1,-1,1984,2,12,VOLVO S60,-1,-1,0,-1
2023991373605,2023,991373605,1,9,0,5,5,3,1,6,6,0,0,0,0,0,0,1,6,6,1,19,4,1560,2,9,VOLVO S60,9,-1,0,-1
2023141265031,2023,141265031,2,9,0,18,19,1,5,0,0,0,0,0,0,0,1,1,6,6,3,-1,-1,1969,2,7,VOLVO S60,-1,-1,0,-1
2023131313499,2023,131313499,2,9,0,18,19,3,7,0,0,2,0,0,0,0,3,1,2,2,1,43,7,1969,8,3,VOLVO S60,10,E01012477,0,-1
2023061359950,2023,061359950,1,9,0,18,19,5,1,0,0,0,0,0,0,0,1,1,5,6,1,34,6,1560,2,10,VOLVO S60,4,E01005029,0,-1
2023531367853,2023,531367853,2,9,0,18,19,2,6,0,0,8,0,0,1,9,1,1,5,6,1,34,6,1969,8,3,VOLVO S60,7,E01028509,0,-1
2023430290714,2023,430290714,1,9,0,18,19,0,0,0,0,0,0,0,0,0,0,1,6,6,1,52,8,1969,2,7,VOLVO S60,10,E01016561,0,-1
2023010474328,2023,010474328,1,9,0,4,4,5,1,0,0,1,0,0,0,0,1,1,6,6,1,40,7,1969,2,9,VOLVO S60,2,E01001447,0,-1
2023311359237,2023,311359237,2,9,0,9,9,5,3,0,0,6,0,0,0,0,3,1,1,1,1,47,8,1984,2,11,VOLVO S60,6,E01028322,0,-1
2023610018523,2023,610018523,1,9,0,18,19,1,5,0,0,8,0,0,0,0,3,1,1,1,1,69,10,1984,1,22,VOLVO S60,1,W01001652,0,-1
2023320052946,2023,320052946,2,9,0,3,3,2,6,0,0,0,0,0,0,0,2,1,6,6,2,40,7,2401,2,19,VOLVO S60,10,E01032990,0,-1
2023101355845,2023,101355845,1,9,0,16,19,1,5,0,0,0,0,0,0,0,1,1,5,6,2,65,9,1984,2,10,VOLVO S60,5,E01011741,0,-1
2023161271912,2023,161271912,1,9,0,18,19,3,6,0,0,0,0,4,1,11,1,1,6,6,1,45,7,2401,2,20,VOLVO S60,2,E01012949,0,-1
2023031350104,2023,031350104,1,9,0,13,13,5,1,0,0,0,5,0,1,0,1,1,5,6,1,52,8,2401,2,20,VOLVO S60,1,E01005497,0,-1
2023161262364,2023,161262364,2,9,0,17,19,7,4,0,0,2,0,0,1,10,1,2,5,6,1,50,8,1969,1,4,VOLVO S60,4,E01013303,0,-1
2023211309485,2023,211309485,1,9,-1,18,19,5,1,-1,-1,-1,-1,-1,-1,0,-1,1,6,6,1,64,9,2401,2,19,VOLVO S60,5,E01029504,0,-1
2023061301001,2023,061301001,2,9,0,2,2,0,0,0,0,0,0,0,0,0,3,1,5,6,1,39,7,1592,1,11,VOLVO S60,2,E01005140,0,-1
2023170L20563,2023,170L20563,1,9,0,18,19,6,2,0,0,8,0,0,0,0,1,1,6,6,1,24,5,1560,2,12,VOLVO S60,4,E01012043,0,-1
2023201426702,2023,201426702,1,9,0,18,19,6,2,0,0,1,0,9,0,0,1,1,6,6,3,-1,-1,1984,2,11,VOLVO S60,-1,-1,0,-1
2023361280991,2023,361280991,1,9,0,18,19,3,7,0,0,2,0,0,0,0,1,1,5,6,1,50,8,1969,2,5,VOLVO S60,8,E01026860,0,-1
2023421360537,2023,421360537,1,9,0,18,19,6,2,0,0,0,0,0,0,0,3,1,6,6,1,63,9,1997,2,15,VOLVO V70,7,E01033052,0,-1
2023010451555,2023,010451555,2,9,0,1,1,7,3,0,0,0,0,0,0,0,2,1,6,6,3,-1,-1,2435,1,22,VOLVO V70,-1,-1,0,-1
2023991376858,2023,991376858,1,9,0,18,19,3,7,0,0,0,0,0,0,0,1,1,5,6,2,51,8,1984,2,13,VOLVO V70,9,-1,0,-1
2023430076926,2023,430076926,2,9,0,9,9,7,5,0,0,1,0,0,0,0,3,1,6,6,1,63,9,2401,2,20,VOLVO V70,7,E01028818,0,-1
2023631373701,2023,631373701,1,9,0,16,19,7,3,0,0,8,0,0,3,10,1,1,5,6,1,81,11,2435,1,22,VOLVO V70,2,W01000856,0,-1
2023501329271,2023,501329271,1,9,0,4,4,5,1,0,0,8,0,0,0,0,1,1,6,6,2,63,9,2400,2,14,VOLVO V70,4,E01020311,0,-1
2023010482870,2023,010482870,1,9,0,18,19,1,5,0,0,3,0,0,0,0,1,1,2,2,1,48,8,1969,2,9,VOLVO V70,5,E01002119,0,-1
2023131286994,2023,131286994,5,9,0,18,19,5,1,0,0,0,0,0,0,0,1,1,6,6,2,56,9,2400,2,8,VOLVO V70,8,E01011934,0,-1
2023131347075,2023,131347075,1,9,0,9,9,3,5,0,0,1,0,0,0,0,1,2,2,2,1,40,7,1984,2,10,VOLVO V70,10,E01010579,0,-1
2023401327822,2023,401327822,2,9,0,18,19,-1,-1,0,0,2,0,0,0,0,4,1,3,7,2,32,6,2401,2,21,VOLVO V70,7,E01017548,0,-1
202360A062092,2023,60A062092,2,9,0,18,19,6,2,0,0,0,0,0,0,0,4,1,6,6,2,51,8,2400,2,14,VOLVO V70,-1,-1,0,-1
2023361329611,2023,361329611,1,9,0,18,19,7,4,0,0,6,5,0,3,0,1,1,5,6,2,48,8,2401,2,19,VOLVO V70,-1,-1,0,-1
2023371323482,2023,371323482,1,9,0,18,19,8,5,0,0,8,0,0,0,0,1,1,5,6,1,37,7,2400,2,14,VOLVO V70,6,E01030068,0,-1
2023430034507,2023,430034507,2,9,0,18,19,6,2,0,0,8,0,0,0,0,1,1,6,6,1,50,8,2400,2,12,VOLVO V70,9,E01028422,0,-1
202360A128241,2023,60A128241,1,9,0,18,19,5,1,0,0,0,0,0,0,0,1,1,6,6,1,-1,-1,1997,2,14,VOLVO V70,-1,-1,0,-1
2023340NN4612,2023,340NN4612,1,9,0,9,9,1,7,0,0,6,0,0,0,0,3,1,2,2,1,57,9,2401,2,21,VOLVO V70,3,E01027112,0,-1
2023070729650,2023,070729650,1,9,0,3,3,5,1,0,0,1,0,0,0,0,1,1,6,6,1,-1,-1,2400,2,15,VOLVO V70,-1,-1,0,-1
2023201417670,2023,201417670,2,9,0,2,2,0,0,0,0,0,0,0,0,0,1,1,6,6,1,28,6,1984,2,9,VOLVO V70,2,E01009932,0,-1
2023451343444,2023,451343444,1,9,0,17,19,1,5,0,0,0,5,0,2,4,1,1,2,2,1,67,10,1969,2,8,VOLVO V70,5,E01031519,0,-1
2023501322651,2023,501322651,1,9,0,5,5,3,5,0,0,8,0,0,0,0,2,1,6,6,1,68,10,2401,2,18,VOLVO V70,9,E01019907,0,-1
2023552301219,2023,552301219,1,9,0,18,19,4,8,0,0,0,0,0,0,0,1,1,1,1,1,36,7,2400,2,17,VOLVO V70,3,E01020502,0,-1
2023631348119,2023,631348119,1,9,0,18,19,4,8,0,0,0,0,0,0,0,1,1,6,6,1,-1,-1,2435,1,16,VOLVO V70,6,E01032010,0,-1
2023471359722,2023,471359722,1,9,0,18,19,7,3,0,0,1,0,0,0,0,1,1,6,6,1,82,11,2435,1,25,VOLVO V70,9,E01020945,0,-1
2023141362720,2023,141362720,1,9,0,10,10,4,2,0,0,6,0,0,0,0,1,1,5,6,1,66,10,2400,2,15,VOLVO V70,7,E01007358,0,-1
2023471335614,2023,471335614,2,9,0,18,19,7,3,0,0,0,0,0,0,0,1,1,5,6,2,84,11,2401,2,21,VOLVO V70,9,E01021144,0,-1
2023552301276,2023,552301276,1,9,0,18,19,8,4,0,0,8,0,0,0,0,0,1,6,6,1,67,10,2319,1,21,VOLVO V70,10,E01015396,0,-1
2023131383421,2023,131383421,2,9,0,3,3,1,5,0,0,0,0,0,0,0,2,1,6,6,1,58,9,1984,2,12,VOLVO V70,10,E01010691,0,-1
2023520400143,2023,520400143,1,9,0,18,19,3,6,0,0,0,0,0,0,0,3,1,6,6,2,60,9,2401,2,17,VOLVO V70,5,E01029058,0,-1
2023201454051,2023,201454051,2,9,0,2,2,-1,-1,0,0,0,0,0,0,0,2,1,6,6,1,53,8,2319,1,26,VOLVO V70,2,E01008894,0,-1
2023531315303,2023,531315303,2,9,0,17,19,4,1,0,0,0,0,0,0,0,1,1,5,6,1,85,11,2435,1,26,VOLVO V70,6,E01022270,0,-1
2023520301356,2023,520301356,2,9,0,2,2,0,0,0,0,0,0,0,0,0,2,1,6,6,1,41,7,2435,1,25,VOLVO V70,9,E01029145,0,-1
2023122300963,2023,122300963,1,9,0,3,3,1,4,0,0,7,0,0,1,0,2,1,6,6,1,64,9,2400,2,16,VOLVO V70,9,E01011946,0,-1
2023471273890,2023,471273890,1,9,0,16,19,1,3,0,0,1,0,0,0,0,1,1,6,6,1,-1,-1,2435,1,21,VOLVO V70,-1,-1,0,-1
2023421305527,2023,421305527,1,9,0,18,19,7,3,0,0,1,0,0,0,0,3,1,6,6,1,56,9,2401,2,18,VOLVO V70,1,E01021290,0,-1
2023211378809,2023,211378809,1,9,0,18,19,2,6,0,0,1,0,0,0,0,1,1,5,6,2,-1,-1,1997,2,13,VOLVO V70,8,E01029704,0,-1
2023991314609,2023,991314609,1,9,0,18,19,3,7,0,0,0,0,0,1,0,1,1,6,6,1,68,10,2400,2,13,VOLVO V70,8,-1,0,-1
2023522300380,2023,522300380,1,9,0,18,19,2,6,0,0,0,0,0,0,0,4,1,6,6,1,74,10,2401,2,19,VOLVO V70,2,E01014626,0,-1
2023401337838,2023,401337838,2,9,0,4,4,3,6,7,6,0,0,0,1,4,2,1,5,6,2,46,8,2401,2,18,VOLVO V70,5,E01023611,0,-1
2023461359215,2023,461359215,2,9,0,2,2,0,0,0,0,1,0,0,0,0,3,1,6,6,3,-1,-1,2400,2,13,VOLVO V70,-1,-1,0,-1
2023161321272,2023,161321272,1,9,0,17,19,7,3,0,0,0,0,0,0,0,1,1,6,6,1,33,6,2401,2,20,VOLVO V70,7,E01012942,0,-1
2023052302395,2023,052302395,1,9,0,18,19,1,5,0,0,0,0,0,0,0,1,1,6,6,1,84,11,2401,2,19,VOLVO V70,6,E01007028,0,-1
2023430551681,2023,430551681,2,9,0,4,4,6,2,0,0,0,0,0,0,0,2,1,6,6,1,65,9,1560,2,12,VOLVO V70,8,E01014805,0,-1
2023501326939,2023,501326939,1,9,0,16,19,8,4,0,0,0,1,0,0,0,1,1,6,6,1,33,6,1560,2,11,VOLVO V70,6,E01020326,0,-1
2023231267937,2023,231267937,5,9,0,3,3,2,6,0,0,0,0,0,0,0,1,1,1,1,1,56,9,2319,1,19,VOLVO V70,1,E01029106,0,-1
2023231361094,2023,231361094,1,9,0,18,19,1,5,0,0,1,0,0,0,0,1,1,6,6,3,-1,-1,2400,2,14,VOLVO V70,-1,-1,0,-1
2023010447380,2023,010447380,2,9,0,99,99,9,9,99,99,0,9,99,9,99,1,9,6,6,3,-1,-1,1969,2,8,VOLVO V70,-1,-1,0,-1
2023440210109,2023,440210109,1,9,0,18,19,6,2,0,0,1,0,0,0,0,1,1,6,6,1,66,10,2401,2,20,VOLVO V70,4,E01017058,0,-1
2023411362388,2023,411362388,1,9,0,18,19,-1,-1,0,0,0,0,0,0,0,1,1,5,6,1,80,11,2435,1,20,VOLVO V70,7,E01021792,0,-1
2023531371850,2023,531371850,1,9,0,17,19,5,1,0,0,0,0,0,7,0,1,1,6,6,2,72,10,2401,2,19,VOLVO V70,2,E01022458,0,-1
2023471324182,2023,471324182,2,9,0,18,19,3,7,0,0,0,0,0,0,0,1,1,5,6,1,73,10,2401,2,17,VOLVO V70,5,E01014026,0,-1
2023451277600,2023,451277600,2,9,0,17,19,3,1,0,0,0,0,0,0,0,2,1,5,6,1,58,9,2435,1,16,VOLVO V70,5,E01030609,0,-1
2023161328063,2023,161328063,3,9,0,2,2,0,0,0,0,2,0,0,0,0,2,1,5,6,3,-1,-1,2435,1,22,VOLVO V70,-1,-1,0,-1
2023461289696,2023,461289696,2,9,0,4,4,8,4,0,0,0,0,0,0,0,3,1,6,6,1,37,7,1560,2,12,VOLVO V70,8,E01024414,0,-1
2023461303792,2023,461303792,1,9,0,7,7,8,1,0,0,3,0,0,5,0,1,1,6,6,1,81,11,2435,1,21,VOLVO V70,4,E01000722,0,-1
2023501361512,2023,501361512,2,9,0,2,2,0,0,0,0,0,0,4,0,0,1,1,5,6,2,46,8,2319,1,20,VOLVO V70,6,E01019938,0,-1
2023461287285,2023,461287285,2,9,0,18,19,3,7,0,0,0,0,0,0,0,4,1,6,6,1,49,8,2400,2,14,VOLVO V70,9,E01024331,0,-1
2023231357126,2023,231357126,2,9,0,10,10,4,2,0,0,5,0,0,0,0,2,1,5,6,1,38,7,2400,2,13,VOLVO V70,9,E01031306,0,-1
2023131314334,2023,131314334,1,9,0,13,13,1,5,0,0,0,0,0,0,0,4,1,6,6,1,71,10,2435,1,24,VOLVO V70,7,E01011768,0,-1
2023340WN6722,2023,340WN6722,6,9,0,18,19,3,7,0,0,0,5,0,5,0,1,1,2,2,1,27,6,2400,2,12,VOLVO V70,10,E01027115,0,-1
2023302300319,2023,302300319,1,9,0,9,9,2,1,0,0,8,0,0,0,0,1,1,6,6,1,75,10,2401,2,17,VOLVO V70,5,E01013509,0,-1
2023461352315,2023,461352315,1,9,0,10,10,7,3,0,0,8,0,0,0,0,1,1,6,6,2,80,11,2435,1,21,VOLVO V70,8,E01024839,0,-1
202354A718323,2023,54A718323,2,9,0,18,19,5,1,0,0,1,0,0,1,0,3,1,6,6,2,61,9,2435,1,22,VOLVO V70,-1,-1,0,-1
2023340WN2782,2023,340WN2782,2,9,0,3,3,4,8,0,0,8,0,0,0,0,2,1,6,6,2,58,9,1969,2,8,VOLVO V70,6,E01027326,0,-1
2023440244745,2023,440244745,2,9,0,18,19,1,5,0,0,4,0,0,0,0,1,1,6,6,2,-1,-1,2435,1,26,VOLVO V70,9,E01022577,0,-1
2023991296028,2023,991296028,1,9,0,16,19,6,2,0,0,0,2,10,0,0,3,1,5,6,1,37,7,2953,1,12,VOLVO V70,-1,-1,0,-1
2023471344816,2023,471344816,2,9,0,18,19,7,3,0,0,0,0,0,0,0,2,1,2,2,1,71,10,2400,2,16,VOLVO V70,10,E01018245,0,-1
2023311342470,2023,311342470,1,9,0,18,19,3,7,0,0,0,0,0,0,0,2,1,6,6,1,53,8,2400,2,15,VOLVO V70,3,E01013944,0,-1
2023520300833,2023,520300833,2,9,0,3,3,6,2,0,0,0,0,0,0,0,2,1,6,6,1,54,8,2400,2,14,VOLVO V70,2,E01029097,0,-1
2023421264275,2023,421264275,3,9,0,4,4,1,1,0,0,0,0,0,0,0,4,1,6,6,1,71,10,1969,2,8,VOLVO V70,8,E01022092,0,-1
2023010427184,2023,010427184,2,9,0,99,99,9,9,99,99,9,9,99,9,99,1,9,6,6,3,-1,-1,2435,1,21,VOLVO V70,-1,-1,0,-1
2023440441264,2023,440441264,2,9,0,4,4,2,6,0,0,7,0,0,0,0,2,1,6,6,2,66,10,2400,2,12,VOLVO V70,10,E01022585,0,-1
2023070152158,2023,070152158,1,9,0,16,19,3,7,0,0,1,0,0,0,0,1,1,6,6,1,40,7,2400,2,13,VOLVO V70,10,E01018490,0,-1
2023471323660,2023,471323660,1,9,0,18,19,8,5,0,0,0,0,0,0,0,1,1,6,6,1,61,9,2435,1,19,VOLVO V70,1,E01020985,0,-1
2023461345008,2023,461345008,2,9,0,18,19,7,3,0,0,0,0,0,0,0,1,1,5,6,1,71,10,2435,1,21,VOLVO V70,10,E01030821,0,-1
2023501340586,2023,501340586,1,9,0,18,19,5,2,0,0,0,0,0,0,0,1,1,6,6,2,51,8,2435,1,22,VOLVO V70,4,E01018825,0,-1
2023471345589,2023,471345589,1,9,0,9,9,7,5,0,0,5,0,0,0,0,1,1,5,6,1,64,9,2401,2,18,VOLVO V70,10,E01030620,0,-1
2023010483732,2023,010483732,2,9,0,99,99,9,9,99,99,9,9,99,9,99,2,9,6,6,3,-1,-1,2461,2,25,VOLVO V70,-1,-1,0,-1
2023371290044,2023,371290044,1,9,0,17,19,6,2,0,0,0,1,0,1,4,1,1,5,6,1,89,11,1984,2,10,VOLVO V70,6,E01030282,0,-1
2023520401072,2023,520401072,3,9,0,18,19,1,5,0,0,8,0,0,0,0,4,1,6,6,2,29,6,1997,2,14,VOLVO V70,2,E01029236,0,-1
2023320425342,2023,320425342,1,9,0,16,19,2,4,0,0,0,0,0,7,9,1,1,6,6,1,51,8,2401,2,17,VOLVO V70,1,E01007970,0,-1
2023552300371,2023,552300371,1,9,0,18,19,2,6,0,0,6,0,0,0,0,1,1,6,6,2,55,8,1969,2,9,VOLVO V70,6,E01020517,0,-1
2023052302613,2023,052302613,2,9,0,2,2,0,0,0,0,0,0,0,0,0,2,1,6,6,3,-1,-1,2435,1,17,VOLVO V70,-1,-1,0,-1
2023461325904,2023,461325904,1,5,0,13,13,2,5,0,0,0,5,0,7,0,1,1,6,6,1,32,6,989,1,35,-1,3,E01024482,0,-1
2023131329198,2023,131329198,1,5,0,13,13,8,4,0,0,0,5,0,7,0,2,1,5,6,1,49,8,999,1,11,-1,8,E01011829,0,-1
2023622300360,2023,622300360,1,5,0,4,4,4,8,0,0,4,0,9,3,0,1,1,6,6,1,51,8,1077,1,3,-1,7,W01000822,0,-1
2023501350739,2023,501350739,2,5,0,18,19,5,1,0,0,1,1,0,0,0,1,1,5,6,1,34,6,999,1,10,-1,4,E01018952,0,-1
2023430132465,2023,430132465,2,5,0,18,19,3,7,0,0,8,0,9,0,0,1,1,6,6,1,45,7,1099,1,1,-1,10,E01017375,0,-1
2023471350152,2023,471350152,2,5,0,8,8,4,8,0,0,0,0,0,0,0,2,1,5,6,1,27,6,1077,1,2,-1,9,E01021167,0,-1
202360A159423,2023,60A159423,2,5,0,13,13,2,6,0,0,5,0,0,0,0,1,1,6,6,1,60,9,999,1,5,-1,-1,-1,0,-1
2023531360845,2023,531360845,1,5,0,18,19,2,6,0,0,1,0,0,0,0,1,1,5,6,2,28,6,999,1,11,-1,7,E01015474,0,-1
2023401340802,2023,401340802,1,5,0,18,19,5,1,0,0,1,0,0,7,0,1,1,6,6,1,43,7,1077,1,4,-1,-1,-1,0,-1
2023221369392,2023,221369392,1,5,0,17,19,8,4,0,0,0,1,0,1,1,1,1,5,6,1,53,8,1099,1,1,-1,4,E01009750,0,-1
2023991373415,2023,991373415,2,5,0,15,15,4,8,0,0,0,0,0,0,0,1,1,5,6,1,62,9,996,1,23,-1,7,-1,0,-1
2023361378709,2023,361378709,1,19,0,18,19,7,5,0,0,6,0,0,1,0,1,1,5,6,1,37,7,1298,1,17,-1,3,E01026786,0,-1
2023010429501,2023,010429501,2,19,0,9,9,1,7,0,0,1,0,0,1,4,3,1,6,6,1,63,9,1298,1,17,-1,8,E01000969,0,-1
2023371371330,2023,371371330,2,5,0,2,2,5,1,0,0,0,0,0,0,0,3,1,6,6,1,35,6,749,1,19,-1,7,E01030007,0,-1
2023221376594,2023,221376594,1,9,0,9,9,8,6,0,0,6,0,0,0,0,1,1,6,6,1,78,11,1968,2,0,-1,3,E01028880,0,-1
2023440127186,2023,440127186,1,9,0,6,6,8,8,0,0,0,0,0,0,0,1,1,3,7,1,42,7,1498,1,0,-1,9,E01023182,0,-1
2023201416242,2023,201416242,2,9,0,18,19,7,3,0,0,4,0,0,0,0,3,1,6,6,2,40,7,1968,2,0,-1,1,E01009133,0,-1
2023221300574,2023,221300574,3,9,0,4,4,8,4,0,0,0,0,0,0,0,2,1,5,6,2,32,6,1498,1,0,-1,2,E01014152,0,-1
2023991317620,2023,991317620,3,9,0,2,2,1,5,9,9,0,0,0,0,0,1,1,6,6,3,-1,-1,1968,2,1,-1,-1,-1,0,-1
2023010461393,2023,010461393,2,5,0,16,19,5,1,0,0,1,2,0,7,0,1,1,2,2,1,26,6,748,1,26,-1,7,E01024318,0,-1
2023552301008,2023,552301008,2,5,0,18,19,4,8,0,0,1,1,0,0,0,4,1,6,6,1,29,6,748,1,26,-1,3,E01015426,0,-1
2023991400168,2023,991400168,1,5,0,12,12,3,8,0,0,3,1,0,0,0,1,1,5,6,1,55,8,748,1,35,-1,7,-1,0,-1
2023161331860,2023,161331860,1,5,0,18,19,3,7,0,0,0,0,12,0,0,3,1,5,6,1,60,9,748,1,26,-1,8,E01013073,0,-1
2023061330528,2023,061330528,1,5,-1,-1,-1,-1,-1,-1,-1,-1,-1,-1,-1,0,4,1,6,6,1,65,9,782,1,16,HONDA VFR800A,6,E01005420,0,-1
2023070099418,2023,070099418,2,5,0,18,19,8,4,0,0,1,0,0,0,0,1,1,6,6,1,70,10,782,1,17,HONDA VFR800A,9,E01014318,0,-1
2023522400395,2023,522400395,2,5,0,18,19,7,3,0,0,8,0,0,0,0,1,1,6,6,1,41,7,782,1,17,HONDA VFR800A,7,E01014649,0,-1
2023501335684,2023,501335684,2,3,0,9,9,7,3,0,0,1,0,0,0,0,1,1,2,2,1,50,8,781,1,19,-1,6,E01015102,0,-1
2023122400102,2023,122400102,2,5,0,10,10,5,3,0,0,1,0,0,0,0,2,1,6,6,1,29,6,782,1,16,HONDA VFR800A,8,E01027714,0,-1
2023010468512,2023,010468512,1,5,0,99,99,9,9,99,99,0,9,99,9,99,4,1,2,2,1,51,8,782,1,14,HONDA VFR800A,6,E01024830,0,-1
2023010435057,2023,010435057,1,4,0,5,5,1,5,0,0,2,0,0,3,0,1,1,6,6,1,38,7,782,1,17,-1,1,E01008913,0,-1
2023221282647,2023,221282647,2,5,0,18,19,1,5,0,0,8,0,0,0,0,1,1,5,6,1,48,8,781,1,20,HONDA VFR800A,9,E01032324,0,-1
2023302300907,2023,302300907,1,5,0,9,9,6,2,0,0,2,0,0,0,0,1,1,2,2,1,55,8,782,1,17,HONDA VFR800A,10,E01032614,0,-1
2023302300602,2023,302300602,2,5,0,18,19,2,6,0,0,0,0,0,0,0,1,1,6,6,1,43,7,782,1,14,HONDA VFR800A,6,E01019594,0,-1
2023010447386,2023,010447386,2,5,0,13,13,1,5,0,0,1,0,0,0,0,1,1,2,2,1,30,6,782,1,14,HONDA VFR800A,7,E01004605,0,-1
2023471301228,2023,471301228,2,5,0,18,19,5,1,0,0,1,5,0,1,0,4,1,5,6,1,89,11,782,1,15,HONDA VFR800A,9,E01021124,0,-1