collision_index,collision_year,collision_ref_no,vehicle_reference,vehicle_type,towing_and_articulation,vehicle_manoeuvre_historic,vehicle_manoeuvre,vehicle_direction_from,vehicle_direction_to,vehicle_location_restricted_lane_historic,vehicle_location_restricted_lane,junction_location,skidding_and_overturning,hit_object_in_carriageway,vehicle_leaving_carriageway,hit_object_off_carriageway,first_point_of_impact,vehicle_left_hand_drive,journey_purpose_of_driver_historic,journey_purpose_of_driver,sex_of_driver,age_of_driver,age_band_of_driver,engine_capacity_cc,propulsion_code,age_of_vehicle,generic_make_model,driver_imd_decile,lsoa_of_driver,escooter_flag,driver_distance_banding
2023340WN5562,2023,340WN5562,2,4,0,18,19,1,5,0,0,1,1,0,1,0,1,1,6,6,1,41,7,1085,1,29,-1,5,E01027100,0,-1
2023010429457,2023,010429457,1,5,0,18,19,7,3,2,2,2,0,0,0,0,3,1,2,2,1,59,9,1254,1,0,BMW R SERIES,9,E01003910,0,-1
2023221371673,2023,221371673,1,5,0,14,14,3,7,0,0,8,0,0,8,0,4,1,6,6,1,67,10,1254,1,2,BMW R SERIES,6,E01010350,0,-1
2023421305038,2023,421305038,1,5,0,18,19,8,3,0,0,1,0,0,0,0,1,1,1,1,1,45,7,1254,1,4,BMW R SERIES,8,E01021544,0,-1
2023311371485,2023,311371485,1,3,0,13,13,1,5,0,0,0,1,0,0,0,4,1,1,1,1,59,9,1170,1,18,-1,2,E01028067,0,-1
2023122300872,2023,122300872,1,5,0,18,19,3,1,0,0,0,1,0,1,0,4,1,6,6,1,64,9,1085,1,22,BMW R SERIES,5,E01027613,0,-1
2023430442469,2023,430442469,2,5,0,18,19,4,8,0,0,8,0,0,0,0,1,1,6,6,1,59,9,1170,1,10,BMW R SERIES,-1,-1,0,-1
2023549175123,2023,549175123,1,5,0,18,19,5,1,0,0,1,0,10,0,0,3,1,1,1,1,67,10,1254,1,1,BMW R SERIES,10,E01020418,0,-1
2023122300548,2023,122300548,2,5,0,18,19,5,1,0,0,8,0,0,0,0,1,1,6,6,1,63,9,1170,1,9,BMW R SERIES,-1,-1,0,-1
2023010468066,2023,010468066,3,5,0,18,19,5,1,0,0,1,0,0,0,0,0,1,6,6,1,23,5,1254,1,2,BMW R SERIES,-1,-1,0,-1
2023010457692,2023,010457692,2,5,0,4,4,3,7,0,0,1,0,0,0,0,1,1,6,6,1,58,9,1802,1,1,BMW R SERIES,3,E01004571,0,-1
2023010480970,2023,010480970,2,5,0,18,19,7,3,0,0,1,0,0,0,0,0,1,1,1,1,33,6,1170,1,6,BMW R SERIES,9,E01003356,0,-1
2023101363989,2023,101363989,1,5,0,16,19,2,1,0,0,1,0,0,0,0,1,1,5,6,1,71,10,1254,1,0,BMW R SERIES,3,E01008718,0,-1
2023010442188,2023,010442188,2,5,0,18,19,3,7,0,0,1,0,0,0,0,0,1,1,1,3,-1,-1,1170,1,5,BMW R SERIES,-1,-1,0,-1
2023631342756,2023,631342756,4,4,0,18,19,5,1,0,0,1,2,0,0,0,1,1,6,6,1,67,10,980,1,32,-1,3,E01003182,0,-1
2023471359015,2023,471359015,2,5,0,16,19,2,6,0,0,8,5,0,0,0,1,1,5,6,1,54,8,1170,1,5,BMW R SERIES,7,E01032820,0,-1
2023631331605,2023,631331605,2,5,0,18,19,7,3,0,0,8,0,0,7,10,4,1,6,6,1,62,9,1130,1,20,BMW R SERIES,5,W01000728,0,-1
2023421292792,2023,421292792,2,5,0,18,19,8,5,0,0,3,0,0,0,0,3,1,1,1,1,42,7,1170,1,3,BMW R SERIES,5,E01021720,0,-1
2023461334255,2023,461334255,1,5,0,13,13,-1,-1,0,0,8,0,0,0,0,1,1,5,6,1,80,11,1170,1,16,BMW R SERIES,7,E01003956,0,-1
2023131377043,2023,131377043,2,5,0,18,19,5,5,0,0,8,0,0,0,0,1,1,6,6,1,37,7,1170,1,16,BMW R SERIES,3,E01011331,0,-1
2023010429156,2023,010429156,4,5,0,18,19,7,3,2,2,2,0,0,0,0,0,1,6,6,1,28,6,1170,1,6,BMW R SERIES,9,E01003356,0,-1
2023371358810,2023,371358810,2,5,0,18,19,5,1,0,0,0,0,0,0,0,1,1,5,6,1,68,10,1085,1,26,BMW R SERIES,6,E01021398,0,-1
2023010444898,2023,010444898,3,5,0,18,19,2,6,0,0,0,0,0,0,0,1,1,6,6,1,46,8,1170,1,8,BMW R SERIES,2,E01001487,0,-1
2023471373362,2023,471373362,2,5,0,18,19,7,3,0,0,0,0,0,0,0,1,1,5,6,1,53,8,1254,1,3,BMW R SERIES,4,E01020919,0,-1
2023541324023,2023,541324023,2,5,0,9,9,3,1,0,0,5,0,0,0,0,3,1,6,6,1,42,7,1170,1,10,BMW R SERIES,7,E01032015,0,-1
2023461352094,2023,461352094,2,5,0,18,19,1,5,0,0,0,0,0,0,0,2,1,1,1,1,54,8,1170,1,6,BMW R SERIES,-1,-1,0,-1
2023421311897,2023,421311897,5,5,0,18,19,6,2,0,0,0,0,0,0,0,0,1,1,1,1,45,7,1254,1,2,BMW R SERIES,8,E01021544,0,-1
2023010438915,2023,010438915,1,5,0,18,19,1,5,0,0,3,0,0,0,0,0,1,1,1,1,44,7,1254,1,3,BMW R SERIES,4,E01003666,0,-1
2023010460934,2023,010460934,1,5,0,18,19,5,1,0,0,8,0,0,0,0,4,1,6,6,1,73,10,1254,1,0,BMW R SERIES,7,E01004619,0,-1
2023520301671,2023,520301671,2,4,0,18,19,2,6,0,0,8,0,0,0,0,4,1,6,6,1,68,10,1170,1,17,-1,7,E01025197,0,-1
2023351377550,2023,351377550,1,5,0,13,13,4,8,0,0,8,0,0,0,0,4,1,6,6,1,57,9,1170,1,9,BMW R SERIES,10,E01018303,0,-1
2023544556523,2023,544556523,4,5,0,18,19,6,2,0,0,0,0,0,0,0,0,1,6,6,1,42,7,1254,1,1,BMW R SERIES,9,E01032038,0,-1
2023302301551,2023,302301551,1,5,0,13,13,3,7,9,9,0,0,0,1,5,1,1,6,6,1,69,10,1170,1,16,BMW R SERIES,4,E01019492,0,-1
2023531319792,2023,531319792,1,5,0,18,19,1,5,0,0,0,0,0,1,0,1,1,5,6,1,68,10,1170,1,5,BMW R SERIES,-1,-1,0,-1
2023471287653,2023,471287653,5,4,0,18,19,8,4,0,0,0,0,0,0,0,0,1,1,1,1,-1,-1,1170,1,4,-1,3,E01021090,0,-1
2023010472651,2023,010472651,1,5,0,14,14,1,5,0,0,1,0,0,0,0,3,1,1,1,1,47,8,1170,1,5,BMW R SERIES,3,E01003976,0,-1
2023231320769,2023,231320769,2,5,0,18,19,2,6,0,0,8,0,0,0,0,4,1,5,6,1,39,7,1170,1,11,BMW R SERIES,10,E01022197,0,-1
2023010474124,2023,010474124,2,5,0,18,19,5,1,0,0,1,0,0,0,0,4,1,1,1,1,48,8,1170,1,5,BMW R SERIES,3,E01003976,0,-1
2023471327274,2023,471327274,1,5,0,13,13,5,1,0,0,0,0,0,0,0,4,1,6,6,1,58,9,1254,1,2,BMW R SERIES,7,E01031781,0,-1
2023320507681,2023,320507681,1,5,0,14,14,4,8,0,0,1,1,0,1,0,1,1,6,6,1,70,10,1130,1,23,BMW R SERIES,7,E01021910,0,-1
2023302301638,2023,302301638,1,5,0,14,14,4,8,0,0,1,0,0,0,0,1,1,1,1,1,41,7,1170,1,16,BMW R SERIES,8,E01025868,0,-1
2023991368829,2023,991368829,2,5,0,7,7,6,2,0,0,3,0,0,1,0,4,1,1,1,1,59,9,1170,1,10,BMW R SERIES,8,-1,0,-1
2023501379765,2023,501379765,2,5,-1,16,19,3,7,-1,-1,1,-1,-1,-1,0,3,1,6,6,1,60,9,1130,1,18,BMW R SERIES,5,E01015224,0,-1
2023061310528,2023,061310528,1,5,0,17,19,3,7,0,0,0,0,0,1,9,1,1,5,6,1,52,8,1170,1,6,BMW R SERIES,9,E01011174,0,-1
2023451347992,2023,451347992,3,2,0,18,19,1,5,0,0,8,2,0,0,0,1,1,6,6,1,27,6,1170,1,18,-1,6,E01021187,0,-1
2023471372544,2023,471372544,2,5,0,13,13,2,6,0,0,0,1,0,1,0,4,1,6,6,1,65,9,1170,1,18,BMW R SERIES,8,E01021155,0,-1
2023122300597,2023,122300597,1,5,0,7,7,7,3,0,0,8,1,0,0,0,4,1,6,6,1,55,8,1085,1,24,BMW R SERIES,6,E01027797,0,-1
2023010471211,2023,010471211,1,5,0,99,99,9,9,99,99,9,9,99,9,99,1,1,6,6,3,46,8,1254,1,0,BMW R SERIES,8,E01021169,0,-1
2023531341355,2023,531341355,1,5,0,16,19,5,1,0,0,0,5,0,7,4,1,1,5,6,1,55,8,1254,1,3,BMW R SERIES,10,E01010172,0,-1
2023131342861,2023,131342861,2,5,0,18,19,1,5,0,0,8,0,0,0,0,1,1,6,6,1,76,11,1170,1,18,BMW R SERIES,3,E01010891,0,-1
2023440203853,2023,440203853,1,5,0,3,3,5,1,0,0,0,0,0,0,0,2,1,6,6,1,66,10,1254,1,2,BMW R SERIES,10,E01016700,0,-1
2023211308969,2023,211308969,1,5,0,13,13,8,4,0,0,0,5,0,0,0,3,1,6,6,1,48,8,1254,1,5,BMW R SERIES,8,E01014203,0,-1
2023311321812,2023,311321812,2,5,0,14,14,2,6,0,0,0,0,0,7,0,4,1,5,6,1,42,7,1130,1,20,BMW R SERIES,4,E01007810,0,-1
2023991282131,2023,991282131,2,5,0,18,19,3,7,2,2,0,5,0,1,10,3,1,2,2,1,57,9,1254,1,2,BMW R SERIES,-1,-1,0,-1
2023471375818,2023,471375818,1,5,0,18,19,1,5,0,0,2,0,0,0,0,1,1,5,6,2,23,5,1170,1,14,BMW R SERIES,5,E01016994,0,-1
2023320483355,2023,320483355,2,5,0,4,4,4,8,0,0,1,5,0,1,0,2,1,6,6,1,67,10,1254,1,0,BMW R SERIES,4,E01026667,0,-1
2023531303641,2023,531303641,2,5,0,9,9,-1,-1,0,0,0,0,0,0,0,2,1,5,6,1,54,8,1254,1,0,BMW R SERIES,7,E01028509,0,-1
2023991329558,2023,991329558,1,5,0,16,19,3,7,0,0,0,5,0,1,0,1,1,5,6,1,50,8,1170,1,17,BMW R SERIES,5,-1,0,-1
2023461344927,2023,461344927,1,5,0,16,19,2,6,0,0,1,1,0,0,0,1,1,6,6,1,61,9,1170,1,19,BMW R SERIES,10,E01024441,0,-1
2023010472834,2023,010472834,1,5,0,4,4,7,3,0,0,0,0,0,0,0,2,1,6,6,1,49,8,1254,1,0,BMW R SERIES,-1,-1,0,-1
2023122300861,2023,122300861,2,5,0,18,19,7,3,0,0,0,0,0,0,0,1,1,6,6,1,54,8,1254,1,2,BMW R SERIES,5,E01025200,0,-1
2023991312434,2023,991312434,1,5,0,16,19,7,2,0,0,0,0,12,1,0,1,1,5,6,1,62,9,1254,1,5,BMW R SERIES,3,-1,0,-1
2023371294949,2023,371294949,2,5,0,18,19,5,3,0,0,0,0,0,0,0,1,1,6,6,1,71,10,1170,1,5,BMW R SERIES,6,E01032612,0,-1
2023451307695,2023,451307695,1,5,0,18,19,7,3,0,0,0,0,0,0,0,1,1,6,6,1,72,10,1130,1,21,BMW R SERIES,6,E01030041,0,-1
2023421355828,2023,421355828,1,5,0,5,5,3,7,0,0,0,0,0,0,0,1,1,6,6,1,58,9,1170,1,7,BMW R SERIES,1,E01015917,0,-1
2023070671687,2023,070671687,1,5,0,18,19,2,6,0,0,1,0,0,0,0,3,1,6,6,1,61,9,1170,1,3,BMW R SERIES,8,E01018677,0,-1
2023520400257,2023,520400257,1,5,0,18,19,8,4,0,0,0,0,0,0,0,1,1,6,6,1,71,10,1254,1,2,BMW R SERIES,5,E01009721,0,-1
2023231298220,2023,231298220,1,5,0,18,19,2,6,0,0,1,1,0,0,0,1,1,5,6,1,61,9,1130,1,16,BMW R SERIES,6,E01009531,0,-1
2023522301275,2023,522301275,1,4,0,4,4,6,2,0,0,8,0,0,0,0,2,1,6,6,1,37,7,1130,1,21,-1,7,E01014702,0,-1
2023421288455,2023,421288455,1,5,0,18,19,7,3,0,0,1,5,7,0,0,1,1,2,2,1,56,9,1254,1,2,BMW R SERIES,9,E01021893,0,-1
2023991263903,2023,991263903,2,5,0,2,2,5,1,0,0,0,0,0,0,0,4,1,1,1,1,51,8,1254,1,2,BMW R SERIES,1,-1,0,-1
2023522301101,2023,522301101,2,5,0,18,19,3,7,2,2,8,0,0,0,0,1,1,6,6,1,52,8,1170,1,8,BMW R SERIES,7,W01001893,0,-1
2023101343196,2023,101343196,1,5,0,13,13,3,7,0,0,0,0,0,7,0,4,1,5,6,1,73,10,1254,1,2,BMW R SERIES,-1,-1,0,-1
2023501306728,2023,501306728,1,5,0,18,19,3,8,0,0,4,0,0,0,0,3,1,5,6,1,58,9,1254,1,4,BMW R SERIES,5,E01018798,0,-1
2023351300569,2023,351300569,1,5,0,2,2,8,4,0,0,0,0,0,0,0,3,1,1,1,1,39,7,1254,1,3,BMW R SERIES,-1,-1,0,-1
2023141327061,2023,141327061,1,5,0,13,13,3,7,0,0,0,0,0,0,0,1,1,5,6,1,48,8,1130,1,21,BMW R SERIES,10,E01019731,0,-1
2023552300971,2023,552300971,1,5,0,13,13,8,4,0,0,0,1,0,0,0,4,1,2,2,1,37,7,1170,1,11,BMW R SERIES,6,E01020462,0,-1
2023010429061,2023,010429061,1,5,0,7,7,5,7,0,0,1,0,0,0,0,2,1,2,2,1,30,6,1170,1,5,BMW R SERIES,8,E01030734,0,-1
2023010469692,2023,010469692,1,5,0,18,19,3,7,0,0,2,0,0,0,0,4,1,6,6,1,53,8,1170,1,6,BMW R SERIES,5,E01004733,0,-1
2023440473161,2023,440473161,1,5,0,18,19,6,2,0,0,2,1,0,4,9,3,1,6,6,1,50,8,1170,1,2,BMW R SERIES,9,E01022633,0,-1
2023622300936,2023,622300936,1,5,0,18,19,2,6,0,0,8,1,0,0,0,1,1,6,6,1,62,9,1170,1,17,BMW R SERIES,7,W01001118,0,-1
2023211338268,2023,211338268,2,5,0,18,19,5,7,0,0,3,0,0,0,0,4,1,2,2,1,65,9,1170,1,15,BMW R SERIES,3,E01029602,0,-1
2023461312519,2023,461312519,1,5,0,9,9,3,1,0,0,6,2,0,1,0,3,1,5,6,1,76,11,1254,1,2,BMW R SERIES,4,E01022993,0,-1
2023122300884,2023,122300884,2,5,0,18,19,1,5,0,0,0,0,0,0,0,1,1,6,6,1,53,8,1254,1,0,BMW R SERIES,5,E01027582,0,-1
2023401335887,2023,401335887,2,5,0,14,14,8,4,0,0,0,0,0,0,0,1,1,1,1,1,40,7,1170,1,5,BMW R SERIES,3,E01017562,0,-1
2023991296991,2023,991296991,1,5,0,15,15,4,8,0,0,0,0,0,1,0,1,1,5,6,1,65,9,1254,1,2,BMW R SERIES,5,-1,0,-1
2023552300282,2023,552300282,2,5,0,2,2,0,0,0,0,0,0,0,0,0,4,1,1,1,1,33,6,1170,1,16,BMW R SERIES,5,E01015468,0,-1
2023451290283,2023,451290283,1,5,0,18,19,1,5,0,0,0,1,0,0,0,1,1,2,2,1,35,6,1254,1,0,BMW R SERIES,8,E01000655,0,-1
2023122300966,2023,122300966,3,5,0,17,19,6,3,0,0,0,0,0,0,0,0,1,1,1,1,38,7,1170,1,6,BMW R SERIES,7,E01010955,0,-1
2023010442188,2023,010442188,3,5,0,18,19,3,7,0,0,1,0,0,0,0,0,1,1,1,3,-1,-1,1170,1,5,BMW R SERIES,-1,-1,0,-1
2023010438915,2023,010438915,2,5,0,18,19,1,5,0,0,3,0,0,0,0,0,1,1,1,1,39,7,1254,1,3,BMW R SERIES,4,E01003666,0,-1
2023131320057,2023,131320057,2,5,0,13,13,3,7,0,0,0,0,0,0,0,4,1,6,6,1,60,9,1170,1,5,BMW R SERIES,6,E01010888,0,-1
2023010467142,2023,010467142,1,5,0,99,99,9,9,99,99,9,9,99,9,99,1,1,6,6,3,-1,-1,1170,1,4,BMW R SERIES,5,E01030151,0,-1
2023440001625,2023,440001625,1,5,0,18,19,1,5,0,0,0,0,12,0,0,1,1,6,6,1,57,9,1170,1,12,BMW R SERIES,10,E01022994,0,-1
2023421284179,2023,421284179,1,5,0,18,19,5,2,0,0,8,2,0,0,0,3,1,1,1,1,54,8,1170,1,5,BMW R SERIES,8,E01021544,0,-1
2023061333875,2023,061333875,3,5,0,18,19,3,7,0,0,0,0,0,0,0,0,1,1,1,1,45,7,1170,1,5,BMW R SERIES,9,E01024473,0,-1
2023552300846,2023,552300846,1,5,0,15,15,8,4,0,0,0,0,0,0,0,1,1,2,2,1,44,7,1170,1,15,BMW R SERIES,6,E01020488,0,-1
2023991308151,2023,991308151,1,5,0,18,19,6,2,0,0,0,0,11,0,0,1,1,5,6,1,52,8,1254,1,0,BMW R SERIES,6,-1,0,-1
2023501389387,2023,501389387,2,5,0,2,2,1,5,0,0,0,0,0,7,7,1,1,5,6,1,35,6,1254,1,3,BMW R SERIES,-1,-1,0,-1
2023122300564,2023,122300564,2,5,0,18,19,1,5,0,0,8,0,0,0,0,4,1,6,6,1,63,9,1170,1,9,BMW R SERIES,2,E01033067,0,-1
2023031302633,2023,031302633,2,5,0,16,19,3,7,0,0,1,0,0,0,0,3,1,5,6,1,30,6,1170,1,9,BMW R SERIES,-1,-1,0,-1
2023531375511,2023,531375511,1,5,0,18,19,5,1,0,0,0,2,0,0,0,0,1,5,6,1,62,9,1170,1,9,BMW R SERIES,8,E01022462,0,-1
2023430317264,2023,430317264,1,5,0,7,7,8,3,0,0,3,1,0,0,0,0,1,2,2,1,48,8,1254,1,4,BMW R SERIES,10,E01028599,0,-1
2023361305044,2023,361305044,2,5,0,18,19,5,1,0,0,1,5,0,1,0,1,1,5,6,2,51,8,1170,1,2,BMW R SERIES,6,E01026534,0,-1
2023161323674,2023,161323674,1,4,0,18,19,3,7,0,0,1,0,12,0,0,1,1,2,2,1,70,10,1254,1,5,-1,5,E01013274,0,-1
2023010452850,2023,010452850,1,5,0,18,19,1,5,0,0,8,0,0,0,0,4,1,6,6,1,50,8,1170,1,10,BMW R SERIES,4,E01001635,0,-1
2023471314820,2023,471314820,2,5,0,18,19,8,4,0,0,1,1,0,0,0,1,1,5,6,1,55,8,1170,1,13,BMW R SERIES,6,E01021113,0,-1
2023010439652,2023,010439652,2,5,0,18,19,3,7,0,0,0,0,0,1,0,3,1,2,2,1,50,8,1170,1,7,BMW R SERIES,10,E01022873,0,-1
2023471318764,2023,471318764,1,5,0,13,13,7,3,0,0,8,0,0,7,0,1,1,6,6,1,84,11,1170,1,7,BMW R SERIES,10,E01021067,0,-1
2023131291011,2023,131291011,2,5,0,18,19,1,5,0,0,0,0,0,0,0,1,1,6,6,1,63,9,1170,1,10,BMW R SERIES,10,E01011301,0,-1
2023122300966,2023,122300966,1,5,0,17,19,6,3,0,0,0,1,0,2,4,1,1,1,1,1,53,8,1170,1,6,BMW R SERIES,4,E01033651,0,-1
2023010455609,2023,010455609,1,5,0,99,99,9,9,99,99,9,9,99,9,99,2,1,1,1,3,52,8,1170,1,17,BMW R SERIES,1,E01004675,0,-1
2023221367048,2023,221367048,1,5,0,18,19,6,2,0,0,0,0,10,1,10,1,1,1,1,1,32,6,1254,1,1,BMW R SERIES,-1,-1,0,-1
2023501332478,2023,501332478,1,5,0,17,19,6,5,0,0,1,1,0,2,0,4,1,5,6,1,75,10,1170,1,6,BMW R SERIES,3,E01032635,0,-1
2023421326943,2023,421326943,2,5,0,15,15,4,8,0,0,0,0,0,0,0,1,1,1,1,1,49,8,1170,1,5,BMW R SERIES,4,E01003666,0,-1
2023061280554,2023,061280554,2,5,0,9,9,6,2,0,0,1,0,0,0,0,3,1,5,6,1,59,9,1254,1,3,BMW R SERIES,8,E01006243,0,-1
2023161319614,2023,161319614,2,5,0,18,19,4,8,0,0,0,0,0,0,0,1,1,2,2,1,50,8,1170,1,17,BMW R SERIES,4,E01013050,0,-1
2023531340463,2023,531340463,2,5,0,4,4,5,1,0,0,0,5,0,0,0,2,1,5,6,1,50,8,1170,1,7,BMW R SERIES,8,E01015550,0,-1
2023122300321,2023,122300321,2,5,0,13,13,9,9,0,0,0,0,0,7,0,0,1,6,6,1,43,7,1254,1,1,BMW R SERIES,8,E01013450,0,-1
2023471358038,2023,471358038,2,5,0,5,5,1,5,0,0,4,0,0,0,0,2,1,5,6,1,52,8,1254,1,0,BMW R SERIES,2,E01031819,0,-1
2023522301496,2023,522301496,1,5,0,18,19,2,6,0,0,8,0,0,0,0,4,1,6,6,1,58,9,1254,1,1,BMW R SERIES,9,E01014713,0,-1
2023552301200,2023,552301200,2,5,0,18,19,3,7,0,0,0,0,0,0,0,1,1,1,1,1,45,7,1254,1,3,BMW R SERIES,6,E01027213,0,-1
2023371297183,2023,371297183,2,5,0,7,7,5,7,0,0,0,5,0,0,0,2,1,5,6,1,71,10,980,2,33,BMW R SERIES,6,E01029876,0,-1
2023061318588,2023,061318588,2,5,0,14,14,5,1,0,0,0,0,0,0,0,1,1,6,6,1,38,7,1170,1,1,BMW R SERIES,7,E01005901,0,-1
2023631313745,2023,631313745,1,5,0,18,19,6,2,0,0,0,0,0,2,10,1,1,5,6,1,66,10,1170,1,11,BMW R SERIES,4,E01026183,0,-1
2023371361513,2023,371361513,1,5,0,15,15,3,7,0,0,0,2,0,0,0,2,1,5,6,1,63,9,1254,1,0,BMW R SERIES,-1,-1,0,-1
2023221390522,2023,221390522,1,5,0,18,19,6,2,0,0,1,0,10,0,0,1,1,5,6,1,72,10,1170,1,17,BMW R SERIES,1,E01033633,0,-1
2023371322974,2023,371322974,2,5,0,18,19,5,1,0,0,0,2,0,0,0,1,1,6,6,1,44,7,1130,1,20,BMW R SERIES,-1,-1,0,-1
2023421317106,2023,421317106,1,5,0,18,19,6,2,0,0,0,0,0,0,0,1,1,5,6,1,61,9,1170,1,6,BMW R SERIES,7,E01033143,0,-1
2023461311661,2023,461311661,2,5,0,7,7,3,7,0,0,3,0,0,0,0,3,1,6,6,1,63,9,1170,1,11,BMW R SERIES,7,E01024572,0,-1
2023991317855,2023,991317855,2,5,0,18,19,4,3,0,0,3,2,0,0,0,2,1,5,6,1,75,10,1170,1,9,BMW R SERIES,8,-1,0,-1
2023371317044,2023,371317044,1,5,0,13,13,7,3,0,0,1,0,0,7,0,1,1,1,1,1,53,8,1254,1,3,BMW R SERIES,-1,-1,0,-1
2023340WN2662,2023,340WN2662,1,5,0,18,19,5,1,0,0,2,0,0,0,0,1,1,6,6,1,-1,-1,1170,1,12,BMW R SERIES,7,E01027019,0,-1
2023010420110,2023,010420110,1,5,0,18,19,8,4,0,0,1,0,0,0,0,1,1,2,2,1,48,8,1170,1,17,BMW R SERIES,2,E01000603,0,-1
2023070586578,2023,070586578,2,5,0,18,19,5,1,0,0,1,0,2,0,0,1,1,6,6,1,53,8,1254,1,0,BMW R SERIES,4,E01018315,0,-1
202360A107845,2023,60A107845,2,5,0,7,7,1,3,0,0,6,0,0,0,0,3,1,6,6,1,-1,-1,1254,1,2,BMW R SERIES,-1,-1,0,-1
2023010433902,2023,010433902,2,5,0,15,15,3,7,0,0,0,0,0,0,0,3,1,6,6,1,56,9,1254,1,5,BMW R SERIES,10,E01030689,0,-1
2023501366736,2023,501366736,2,5,-1,18,19,8,4,0,0,0,0,0,0,0,4,1,6,6,1,55,8,1254,1,1,BMW R SERIES,6,E01014750,0,-1
2023991317424,2023,991317424,1,5,0,17,19,6,3,0,0,0,0,0,1,9,1,1,5,6,1,41,7,1254,1,1,BMW R SERIES,2,E01008296,0,-1
202360A063895,2023,60A063895,2,5,0,13,13,7,3,0,0,0,0,0,0,0,2,1,6,6,1,41,7,1170,1,8,BMW R SERIES,-1,-1,0,-1
2023010492924,2023,010492924,1,5,0,18,19,1,5,0,0,2,0,0,0,0,1,1,1,1,1,37,7,1254,1,0,BMW R SERIES,9,E01022565,0,-1
2023430430984,2023,430430984,2,3,0,4,4,3,7,0,0,1,0,0,0,0,2,1,2,2,1,30,6,1130,1,19,-1,10,E01022860,0,-1
2023122301268,2023,122301268,1,5,0,3,3,2,6,0,0,1,0,0,0,0,2,1,6,6,1,48,8,1254,1,1,BMW R SERIES,8,E01027666,0,-1
2023161319567,2023,161319567,1,5,0,18,19,5,1,0,0,0,0,0,0,0,1,1,5,6,1,74,10,1254,1,4,BMW R SERIES,6,E01021573,0,-1
2023061333875,2023,061333875,2,5,0,18,19,3,7,0,0,0,0,0,0,0,2,1,1,1,1,55,8,1170,1,5,BMW R SERIES,2,E01006344,0,-1
2023471359825,2023,471359825,2,5,0,18,19,3,7,0,0,1,2,0,0,0,2,1,6,6,1,52,8,1170,1,7,BMW R SERIES,9,E01021042,0,-1
2023361356153,2023,361356153,1,5,0,13,13,5,1,0,0,0,0,0,7,0,1,1,6,6,1,73,10,1170,1,5,BMW R SERIES,6,E01026686,0,-1
2023131258863,2023,131258863,1,5,0,18,19,7,3,0,0,0,0,0,0,0,4,1,2,2,1,67,10,1170,1,5,BMW R SERIES,10,E01011696,0,-1
2023991291053,2023,991291053,2,5,0,16,19,6,2,0,0,1,5,0,0,0,4,1,5,6,1,47,8,1170,1,6,BMW R SERIES,7,-1,0,-1
2023221399861,2023,221399861,2,5,0,18,19,6,2,0,0,8,0,0,0,0,1,1,6,6,1,60,9,1254,1,3,BMW R SERIES,9,E01028947,0,-1
202360A104754,2023,60A104754,2,5,0,18,19,8,4,0,0,8,0,0,1,0,3,1,2,2,1,46,8,1170,1,5,BMW R SERIES,-1,-1,0,-1
2023101318342,2023,101318342,1,5,0,18,19,5,1,0,0,0,2,0,0,0,0,1,6,6,1,58,9,1254,1,1,BMW R SERIES,2,E01008847,0,-1
2023010423344,2023,010423344,1,5,0,9,9,8,6,0,0,4,1,10,0,0,1,1,1,1,1,39,7,1254,1,2,BMW R SERIES,10,E01023567,0,-1
2023031353357,2023,031353357,2,3,0,16,19,5,1,0,0,3,0,0,0,0,1,1,5,6,1,58,9,1170,1,14,-1,3,E01010940,0,-1
2023351274401,2023,351274401,1,9,0,18,19,-1,-1,0,0,0,0,0,0,0,1,1,6,6,1,47,8,2993,2,8,BMW X5,5,E01026276,0,-1
2023311350867,2023,311350867,1,9,0,17,19,2,8,0,0,0,0,0,2,2,1,1,6,6,1,38,7,2993,2,9,BMW X5,8,E01033412,0,-1
2023131340858,2023,131340858,2,9,0,16,19,6,8,0,0,0,0,0,0,0,0,1,1,1,1,29,6,2993,2,3,BMW X5,6,E01011885,0,-1
2023070566718,2023,070566718,1,9,4,16,19,6,2,0,0,2,0,0,0,0,0,1,1,1,1,33,6,2993,2,17,BMW X5,2,E01025292,0,-1
2023351377456,2023,351377456,2,9,0,4,4,5,1,0,0,0,0,0,0,0,2,1,5,6,1,38,7,2993,12,2,BMW X5,-1,-1,0,-1
2023010462385,2023,010462385,3,9,0,18,19,7,3,0,0,2,0,0,0,0,0,1,1,1,1,35,6,2993,12,1,BMW X5,-1,-1,0,-1
2023320636289,2023,320636289,1,9,0,18,19,4,8,0,0,0,0,0,0,0,1,1,3,7,2,35,6,2993,2,18,BMW X5,7,E01026096,0,-1