collision_index,collision_year,collision_ref_no,vehicle_reference,vehicle_type,towing_and_articulation,vehicle_manoeuvre_historic,vehicle_manoeuvre,vehicle_direction_from,vehicle_direction_to,vehicle_location_restricted_lane_historic,vehicle_location_restricted_lane,junction_location,skidding_and_overturning,hit_object_in_carriageway,vehicle_leaving_carriageway,hit_object_off_carriageway,first_point_of_impact,vehicle_left_hand_drive,journey_purpose_of_driver_historic,journey_purpose_of_driver,sex_of_driver,age_of_driver,age_band_of_driver,engine_capacity_cc,propulsion_code,age_of_vehicle,generic_make_model,driver_imd_decile,lsoa_of_driver,escooter_flag,driver_distance_banding
202363C011723,2023,63C011723,3,9,0,2,2,0,0,0,0,2,0,0,0,0,2,1,6,6,2,37,7,2993,2,12,BMW X5,7,W01000583,0,-1
2023531370372,2023,531370372,1,9,0,17,19,1,5,0,0,0,1,0,1,0,1,1,6,6,1,48,8,2993,2,11,BMW X5,4,E01022251,0,-1
2023471304880,2023,471304880,2,9,0,18,19,1,5,0,0,0,0,0,0,0,1,1,5,6,1,57,9,2993,12,1,BMW X5,8,E01016962,0,-1
2023010423915,2023,010423915,4,9,0,18,19,7,3,0,0,0,0,0,0,0,1,1,1,1,1,33,6,2993,2,4,BMW X5,-1,-1,0,-1
2023061270123,2023,061270123,1,9,0,5,5,1,5,0,0,0,0,0,0,0,1,1,6,6,3,-1,-1,2993,2,6,BMW X5,-1,-1,0,-1
2023471318233,2023,471318233,2,9,0,18,19,3,7,0,0,1,0,0,0,0,2,1,2,2,2,51,8,2993,2,10,BMW X5,7,E01031781,0,-1
2023052302664,2023,052302664,1,9,0,18,19,4,1,0,0,0,0,0,0,0,1,1,6,6,1,33,6,2998,8,3,BMW X5,-1,-1,0,-1
2023010430568,2023,010430568,2,9,9,99,99,9,9,99,99,9,9,99,9,99,9,9,6,6,1,-1,-1,2979,1,20,BMW X5,3,E01000638,0,-1
2023440450170,2023,440450170,2,9,0,2,2,0,0,0,0,1,0,0,0,0,3,1,4,7,2,32,6,2993,2,14,BMW X5,10,E01022784,0,-1
2023061289232,2023,061289232,3,9,0,16,19,3,7,0,0,0,0,0,0,0,0,1,1,1,1,40,7,2993,2,4,BMW X5,4,E01005730,0,-1
2023131260046,2023,131260046,1,9,0,13,13,8,4,0,0,8,0,0,0,0,3,1,1,1,2,48,8,2993,2,8,BMW X5,7,E01011878,0,-1
2023631314619,2023,631314619,2,9,0,18,19,2,6,0,0,1,0,0,0,0,0,1,5,6,1,27,6,2993,2,5,BMW X5,8,W01000569,0,-1
2023010447695,2023,010447695,2,9,0,99,99,9,9,99,99,0,9,99,9,99,9,9,6,6,3,-1,-1,3000,2,14,BMW X5,-1,-1,0,-1
2023991288128,2023,991288128,1,9,0,2,2,0,0,0,0,1,0,0,0,0,0,1,5,6,1,43,7,2993,2,6,BMW X5,6,-1,0,-1
2023010472172,2023,010472172,1,9,0,18,19,5,1,0,0,0,0,0,0,0,1,1,6,6,1,32,6,4619,1,20,BMW X5,3,E01000092,0,-1
2023471358115,2023,471358115,1,9,0,18,19,3,7,0,0,0,2,0,6,0,1,1,6,6,1,49,8,2993,2,4,BMW X5,4,E01031657,0,-1
2023320362218,2023,320362218,1,9,0,18,19,6,2,0,0,1,0,1,0,0,3,1,6,6,1,70,10,2993,2,17,BMW X5,4,E01026105,0,-1
2023010433554,2023,010433554,1,9,0,5,5,1,5,0,0,4,0,0,0,0,1,1,3,7,2,65,9,2993,2,9,BMW X5,4,E01001150,0,-1
2023451359992,2023,451359992,2,9,0,4,4,7,3,0,0,1,0,0,0,0,3,1,1,1,1,34,6,2993,12,1,BMW X5,9,E01031561,0,-1
2023061316551,2023,061316551,2,9,0,18,19,3,7,0,0,1,0,0,0,0,0,1,1,1,3,-1,-1,2993,12,2,BMW X5,-1,-1,0,-1
2023131269745,2023,131269745,1,9,0,18,19,1,5,0,0,0,5,0,0,0,1,2,6,6,1,67,10,2993,2,3,BMW X5,2,E01011250,0,-1
2023052301550,2023,052301550,1,9,0,16,19,3,7,0,0,0,1,0,7,4,1,1,6,6,1,48,8,4395,1,2,BMW X5,8,E01007183,0,-1
2023461307734,2023,461307734,3,9,0,18,19,5,1,0,0,1,0,0,0,0,0,1,1,1,1,-1,-1,2993,2,3,BMW X5,3,E01024717,0,-1
2023991389150,2023,991389150,1,9,0,18,19,8,4,0,0,0,2,0,0,0,1,1,5,6,1,33,6,2993,2,17,BMW X5,1,-1,0,-1
2023201281641,2023,201281641,2,9,0,18,19,8,4,0,0,8,0,0,0,0,4,1,6,6,2,35,6,2993,12,2,BMW X5,2,E01008964,0,-1
2023010486409,2023,010486409,1,9,0,18,19,7,3,0,0,2,0,0,0,0,3,1,6,6,1,45,7,2979,7,21,BMW X5,5,E01001525,0,-1
2023010460339,2023,010460339,1,9,0,5,5,7,3,0,0,8,0,0,0,0,4,1,2,2,1,48,8,2993,2,8,BMW X5,4,E01001179,0,-1
2023041326371,2023,041326371,1,9,0,8,8,3,1,0,0,0,0,0,0,0,3,1,5,6,1,46,8,2993,2,10,BMW X5,7,E01025400,0,-1
2023471334741,2023,471334741,6,9,0,18,19,1,5,0,0,1,0,0,0,0,0,1,1,1,1,42,7,2993,2,3,BMW X5,6,E01021034,0,-1
2023451340444,2023,451340444,3,9,0,18,19,5,1,0,0,1,0,0,0,0,0,1,1,1,1,36,7,2993,12,2,BMW X5,-1,-1,0,-1
2023052301219,2023,052301219,2,9,0,18,19,7,3,0,0,0,0,0,0,0,2,1,1,1,1,33,6,2993,2,5,BMW X5,1,E01033764,0,-1
2023522400023,2023,522400023,2,9,0,18,19,2,6,0,0,0,0,0,0,0,1,1,6,6,3,-1,-1,2993,2,15,BMW X5,-1,-1,0,-1
2023411322690,2023,411322690,2,9,0,18,19,1,5,0,0,0,0,0,0,0,0,1,1,1,1,36,7,2993,2,3,BMW X5,2,E01023758,0,-1
2023010473193,2023,010473193,1,9,0,7,7,5,7,5,5,5,0,0,0,0,1,1,6,6,3,-1,-1,2993,2,14,BMW X5,-1,-1,0,-1
2023010424094,2023,010424094,2,9,0,18,19,1,5,9,9,5,0,0,0,0,1,1,1,1,1,41,7,2993,2,4,BMW X5,6,E01002293,0,-1
2023421318208,2023,421318208,1,9,0,18,19,7,3,0,0,0,0,0,0,0,1,1,5,6,1,35,6,2993,12,1,BMW X5,10,E01000833,0,-1
2023010446019,2023,010446019,2,9,9,99,99,9,9,99,99,9,9,99,0,0,4,9,6,6,2,41,7,2993,12,1,BMW X5,3,E01001650,0,-1
2023461382619,2023,461382619,2,9,0,18,19,6,2,0,0,0,0,0,0,0,2,1,1,1,1,36,7,2993,12,2,BMW X5,10,E01030435,0,-1
2023111384079,2023,111384079,1,9,0,18,19,3,7,0,0,0,0,0,0,0,4,1,1,1,1,32,6,2993,2,8,BMW X5,6,E01020821,0,-1
2023052300031,2023,052300031,1,9,0,18,19,1,5,0,0,1,0,0,0,0,1,1,1,1,1,48,8,2993,2,6,BMW X5,3,E01006743,0,-1
2023351345001,2023,351345001,1,9,0,7,7,4,8,0,0,6,0,0,0,0,1,1,6,6,1,48,8,2993,2,10,BMW X5,2,E01015634,0,-1
2023010420870,2023,010420870,2,9,0,99,99,9,9,0,0,8,0,0,0,0,3,1,6,6,3,-1,-1,2993,2,8,BMW X5,-1,-1,0,-1
2023010461848,2023,010461848,1,9,0,99,99,9,9,99,99,9,9,99,9,99,2,9,6,6,3,-1,-1,2993,2,18,BMW X5,4,E01000006,0,-1
2023141359525,2023,141359525,2,9,0,18,19,3,7,0,0,0,0,0,0,0,1,1,2,2,1,37,7,2497,2,16,BMW X5,1,E01007904,0,-1
2023071099450,2023,071099450,1,9,0,18,19,1,5,0,0,8,0,0,0,0,1,1,6,6,1,31,6,2993,2,15,BMW X5,2,E01018546,0,-1
2023461376221,2023,461376221,1,9,0,9,9,4,2,0,0,0,0,0,0,0,1,1,6,6,1,30,6,2993,2,4,BMW X5,-1,-1,0,-1
2023010459267,2023,010459267,1,9,0,9,9,4,1,0,0,1,0,0,0,0,3,1,6,6,1,35,6,4395,1,8,BMW X5,3,E01002598,0,-1
2023552400184,2023,552400184,1,9,0,18,19,8,4,0,0,8,0,0,1,4,1,1,6,6,1,40,7,2993,2,17,BMW X5,7,E01032641,0,-1
2023201391891,2023,201391891,4,9,0,18,19,7,3,0,0,8,0,0,0,0,0,1,1,1,1,-1,-1,2993,2,3,BMW X5,-1,-1,0,-1
2023010465448,2023,010465448,2,9,0,99,99,9,9,99,99,9,9,99,9,99,9,9,6,6,1,36,7,2993,2,4,BMW X5,3,E01032774,0,-1
2023991343635,2023,991343635,2,9,0,10,10,5,3,0,0,8,0,0,0,0,2,1,5,6,2,32,6,2993,2,16,BMW X5,5,-1,0,-1
2023320338838,2023,320338838,1,9,0,4,4,6,2,0,0,0,0,0,0,0,1,1,6,6,1,28,6,4799,1,17,BMW X5,5,E01026264,0,-1
2023302301604,2023,302301604,1,9,0,5,5,2,6,0,0,8,0,0,0,0,1,1,6,6,1,30,6,2993,2,7,BMW X5,4,E01019690,0,-1
2023131359077,2023,131359077,2,9,0,4,4,5,1,0,0,2,0,0,0,0,2,1,6,6,1,45,7,2993,2,6,BMW X5,8,E01011884,0,-1
2023061324610,2023,061324610,1,9,0,18,19,3,7,0,0,0,1,0,0,0,1,1,6,6,1,40,7,2926,2,20,BMW X5,-1,-1,0,-1
2023501297485,2023,501297485,1,21,-1,-1,-1,1,5,-1,-1,-1,-1,-1,-1,0,2,1,6,6,1,28,6,5880,2,17,-1,4,E01020254,0,-1
2023340NN3862,2023,340NN3862,1,21,0,5,5,3,7,0,0,6,0,0,0,0,1,1,1,1,1,57,9,3900,2,19,-1,1,E01021988,0,-1
2023471296262,2023,471296262,1,20,0,18,19,4,8,0,0,0,0,0,0,0,-1,1,6,6,1,32,6,3920,2,17,-1,5,E01027447,0,-1
2023631313670,2023,631313670,2,98,4,18,19,6,2,0,0,0,0,0,0,0,4,1,1,1,1,28,6,5880,2,19,-1,3,E01014010,0,-1
2023122300991,2023,122300991,3,21,0,16,19,5,1,0,0,0,0,0,0,0,2,1,1,1,1,43,7,5880,2,16,-1,8,E01027621,0,-1
2023141309184,2023,141309184,1,98,0,12,12,3,7,0,0,0,0,0,0,0,1,1,1,1,2,49,8,3920,2,18,-1,6,E01028006,0,-1
2023401308337,2023,401308337,1,98,0,13,13,1,5,0,0,1,0,0,0,0,1,1,1,1,1,47,8,3900,2,19,-1,4,E01017506,0,-1
2023451326127,2023,451326127,2,98,0,3,3,3,7,0,0,0,0,0,0,0,2,1,1,1,1,46,8,3920,2,19,-1,10,E01022846,0,-1
2023041315541,2023,041315541,1,98,0,2,2,0,0,0,0,0,0,0,0,0,3,1,1,1,1,36,7,3920,2,18,-1,7,E01024868,0,-1
2023122400085,2023,122400085,2,20,0,18,19,2,6,0,0,8,0,0,0,0,1,1,6,6,2,59,9,3920,2,16,-1,9,E01011302,0,-1
2023552300147,2023,552300147,2,21,1,2,2,0,0,0,0,2,0,0,0,0,2,1,1,1,1,52,8,3920,2,18,-1,10,E01020004,0,-1
2023332300082,2023,332300082,1,20,0,18,19,5,1,0,0,1,0,0,0,0,1,1,2,2,1,26,6,-1,-1,-1,-1,8,E01025679,0,-1
2023161291306,2023,161291306,2,9,0,4,4,4,8,0,0,0,0,0,0,0,1,1,5,6,1,60,9,2663,2,26,-1,6,E01013276,0,-1
2023991380989,2023,991380989,2,5,0,16,19,1,5,0,0,0,5,0,0,0,1,1,6,6,1,60,9,693,1,0,-1,7,-1,0,-1
2023520400900,2023,520400900,2,5,0,18,19,6,2,0,0,1,0,0,0,0,1,1,6,6,1,74,10,1261,1,5,-1,9,E01014816,0,-1
2023010439476,2023,010439476,1,5,0,18,19,3,7,0,0,1,0,0,0,0,1,1,2,2,1,64,9,1261,1,8,-1,9,E01004191,0,-1
2023421343698,2023,421343698,1,5,0,13,13,3,7,0,0,0,1,0,1,0,4,1,6,6,1,19,4,690,1,7,-1,1,E01021325,0,-1
2023461359633,2023,461359633,1,3,0,7,7,8,3,0,0,0,0,0,0,0,0,1,6,6,1,29,6,693,1,3,-1,2,E01024677,0,-1
2023332300771,2023,332300771,1,5,0,18,19,6,2,0,0,4,0,10,1,1,4,1,6,6,1,31,6,693,1,0,-1,3,E01013697,0,-1
2023451298628,2023,451298628,1,5,0,13,13,1,5,0,0,0,0,0,0,0,1,1,5,6,1,27,6,693,1,4,-1,10,E01030874,0,-1
2023131384446,2023,131384446,2,9,0,4,4,5,8,0,0,0,0,0,0,0,2,1,6,6,2,28,6,2497,2,12,HYUNDAI I800,1,E01011791,0,-1
2023430531515,2023,430531515,3,9,0,2,2,0,0,0,0,0,0,4,0,0,4,1,6,6,3,-1,-1,2497,2,5,HYUNDAI I800,-1,-1,0,-1
2023531287833,2023,531287833,1,9,0,18,19,1,5,0,0,0,0,0,0,0,3,1,1,1,1,64,9,2497,2,7,HYUNDAI I800,6,E01031322,0,-1
2023010421966,2023,010421966,2,9,0,18,19,7,3,0,0,8,0,0,0,0,1,1,6,6,1,58,9,2497,2,4,HYUNDAI I800,5,E01024198,0,-1
2023141275174,2023,141275174,3,9,0,18,19,7,3,0,0,0,0,0,0,0,1,1,5,6,1,48,8,2497,2,7,HYUNDAI I800,1,E01008007,0,-1
2023991363184,2023,991363184,1,9,0,18,19,6,2,0,0,0,0,0,4,6,1,1,2,2,1,47,8,2497,2,7,HYUNDAI I800,3,-1,0,-1
2023461315778,2023,461315778,1,9,0,3,3,-1,-1,0,0,0,0,0,0,0,1,1,5,6,2,42,7,2497,2,4,HYUNDAI I800,1,E01016006,0,-1
2023201379840,2023,201379840,1,9,0,18,19,4,8,0,0,1,0,0,0,0,1,1,6,6,1,39,7,2497,2,5,HYUNDAI I800,2,E01010056,0,-1
2023010476074,2023,010476074,2,9,0,99,99,9,9,99,99,9,9,99,9,99,9,9,6,6,3,-1,-1,2497,2,6,HYUNDAI I800,3,E01004708,0,-1
2023401320657,2023,401320657,2,9,0,5,5,3,7,0,0,1,0,0,0,0,1,1,6,6,2,31,6,2497,2,6,HYUNDAI I800,10,E01000186,0,-1
2023340WN0202,2023,340WN0202,1,8,0,18,19,4,8,0,0,0,0,0,0,0,4,1,6,6,1,-1,-1,2497,2,6,-1,-1,-1,0,-1
2023201365713,2023,201365713,1,9,0,18,19,2,6,0,0,1,0,0,0,0,1,1,6,6,1,47,8,2497,2,11,HYUNDAI I800,-1,-1,0,-1
2023461333924,2023,461333924,3,9,0,8,8,6,8,0,0,1,0,0,0,0,3,1,6,6,2,36,7,2497,2,5,HYUNDAI I800,2,E01016159,0,-1
2023430189435,2023,430189435,2,9,0,1,1,5,1,0,0,1,0,0,0,0,3,1,6,6,1,-1,-1,2497,2,4,HYUNDAI I800,-1,-1,0,-1
2023430262551,2023,430262551,2,9,0,18,19,2,6,0,0,8,0,0,0,0,3,1,2,2,1,39,7,2497,2,13,HYUNDAI I800,10,E01016282,0,-1
2023471315119,2023,471315119,1,9,0,7,7,1,3,0,0,5,0,0,0,0,4,1,6,6,1,52,8,2497,2,4,HYUNDAI I800,6,E01017012,0,-1
2023371407735,2023,371407735,1,9,0,5,5,5,1,0,0,0,0,0,0,0,3,1,6,6,2,42,7,2497,2,6,HYUNDAI I800,5,E01026493,0,-1
2023052300154,2023,052300154,2,10,0,7,7,2,4,0,0,1,1,0,0,0,1,1,2,2,2,45,7,-1,-1,-1,-1,7,E01006940,0,-1
2023061366610,2023,061366610,4,9,0,18,19,4,4,0,0,0,0,0,0,0,2,1,5,6,2,53,8,2497,2,7,HYUNDAI I800,2,E01005082,0,-1
2023122301299,2023,122301299,1,9,0,18,19,4,8,0,0,1,0,0,0,0,1,1,6,6,1,36,7,2497,2,11,HYUNDAI I800,5,E01027610,0,-1
2023221306164,2023,221306164,1,8,0,5,5,6,2,0,0,4,0,0,0,0,1,1,1,1,1,64,9,2497,2,6,-1,1,E01009059,0,-1
2023010454475,2023,010454475,2,19,0,18,19,1,5,0,0,0,0,0,0,0,1,1,1,1,1,32,6,-1,-1,-1,-1,6,E01030516,0,-1
2023542502123,2023,542502123,1,20,0,18,19,4,8,0,0,8,0,0,0,0,1,1,1,1,1,43,7,6728,2,8,-1,5,E01017152,0,-1
2023131280107,2023,131280107,2,21,0,4,4,5,5,0,0,0,0,0,0,0,2,1,6,6,1,21,5,6728,2,8,IVECO EUROCARGO,6,E01011728,0,-1
2023231405537,2023,231405537,1,21,1,4,4,7,3,0,0,0,0,0,0,0,2,1,1,1,1,68,10,6728,2,8,IVECO EUROCARGO,3,E01010895,0,-1
2023010421945,2023,010421945,1,21,0,18,19,5,1,0,0,8,0,0,0,0,4,1,2,2,1,34,6,4485,2,1,IVECO EUROCARGO,5,E01015992,0,-1
2023461279656,2023,461279656,4,20,0,8,8,3,8,0,0,2,0,0,0,0,3,1,1,1,1,41,7,4485,2,8,-1,5,E01024031,0,-1
2023311270984,2023,311270984,2,21,0,18,19,4,8,0,0,0,0,4,0,0,1,1,1,1,1,37,7,6728,2,7,IVECO EUROCARGO,5,E01028022,0,-1
2023131330103,2023,131330103,2,21,0,18,19,1,7,0,0,0,0,0,0,0,3,1,1,1,1,40,7,4485,2,2,IVECO EUROCARGO,3,E01028209,0,-1
2023221380936,2023,221380936,1,19,0,2,2,0,0,0,0,0,0,0,0,0,4,1,1,1,1,45,7,4485,2,5,-1,-1,-1,0,-1
2023461380397,2023,461380397,2,21,0,2,2,0,0,0,0,0,0,0,0,0,2,1,1,1,1,28,6,6728,2,6,IVECO EUROCARGO,7,E01024388,0,-1
2023340WN0322,2023,340WN0322,1,21,0,18,19,5,1,0,0,2,0,0,0,0,3,1,1,1,1,57,9,6728,2,2,IVECO EUROCARGO,10,E01025836,0,-1
2023610006523,2023,610006523,1,21,0,18,19,6,2,0,0,0,5,0,0,11,1,1,1,1,1,46,8,4485,2,9,IVECO EUROCARGO,9,W01001560,0,-1
2023421372352,2023,421372352,3,21,0,2,2,1,5,6,6,0,0,0,0,0,3,1,6,6,3,-1,-1,6728,2,4,IVECO EUROCARGO,-1,-1,0,-1
2023451282878,2023,451282878,2,98,0,17,19,1,5,0,0,0,0,0,0,0,1,1,1,1,1,44,7,4485,2,8,-1,4,E01001173,0,-1
2023991290639,2023,991290639,2,21,0,2,2,0,0,6,6,0,0,0,0,0,2,1,1,1,1,32,6,-1,-1,-1,IVECO EUROCARGO,-1,-1,0,-1
2023471353317,2023,471353317,1,98,0,18,19,7,3,0,0,0,0,0,1,0,1,1,1,1,1,49,8,4485,2,7,-1,2,E01022966,0,-1
2023361310810,2023,361310810,2,21,0,7,7,5,7,0,0,0,0,0,0,0,4,1,1,1,1,27,6,6728,2,8,IVECO EUROCARGO,3,E01033754,0,-1
2023141318411,2023,141318411,1,21,0,15,15,2,6,0,0,3,0,0,0,0,2,1,6,6,1,46,8,6728,2,1,IVECO EUROCARGO,-1,-1,0,-1
2023501361512,2023,501361512,3,21,0,18,19,5,1,0,0,0,0,0,0,0,0,1,5,6,1,43,7,-1,-1,-1,IVECO EUROCARGO,7,E01019948,0,-1
2023461315583,2023,461315583,2,19,0,18,19,6,2,0,0,1,0,0,0,0,1,1,1,1,1,28,6,-1,-1,-1,-1,9,E01016105,0,-1
2023131268424,2023,131268424,1,21,0,18,19,5,1,0,0,0,0,0,0,0,1,1,2,2,1,64,9,6728,2,1,IVECO EUROCARGO,9,E01010687,0,-1
2023010451720,2023,010451720,2,20,0,99,99,9,9,99,99,9,9,99,9,99,1,9,6,6,3,65,9,4485,2,8,-1,4,E01000588,0,-1
2023201320206,2023,201320206,1,21,4,18,19,4,8,0,0,1,0,0,0,0,1,1,1,1,1,59,9,4485,2,7,IVECO EUROCARGO,5,E01031028,0,-1
2023430424211,2023,430424211,2,20,0,4,4,6,2,0,0,0,0,0,0,0,2,1,1,1,1,57,9,4485,2,7,-1,9,E01017830,0,-1
2023010434394,2023,010434394,2,19,0,18,19,3,7,0,0,0,0,0,0,0,3,1,1,1,1,57,9,4485,2,3,-1,3,E01000020,0,-1
2023631326317,2023,631326317,1,19,4,18,19,1,5,0,0,0,0,0,1,4,1,1,1,1,1,34,6,4485,2,7,-1,2,E01014359,0,-1
2023411382490,2023,411382490,1,21,0,18,19,8,4,0,0,0,0,0,1,10,1,1,1,1,1,41,7,6728,2,2,IVECO EUROCARGO,4,E01023951,0,-1
2023520300611,2023,520300611,2,21,1,2,2,0,0,6,6,2,0,0,0,0,2,1,6,6,3,-1,-1,6728,2,2,IVECO EUROCARGO,-1,-1,0,-1
2023520300969,2023,520300969,1,21,0,2,2,0,0,0,0,0,0,0,0,0,2,1,1,1,1,30,6,4485,2,4,IVECO EUROCARGO,1,E01029292,0,-1
2023332300027,2023,332300027,1,21,0,18,19,1,5,0,0,1,0,0,0,0,1,1,1,1,1,29,6,4485,2,5,IVECO EUROCARGO,3,E01025717,0,-1
2023010477234,2023,010477234,2,19,9,99,99,9,9,99,99,9,9,99,9,99,9,9,6,6,3,-1,-1,4485,2,8,-1,4,E01001247,0,-1
2023201301095,2023,201301095,3,20,0,18,19,5,1,0,0,0,0,0,0,0,1,1,1,1,1,58,9,4485,2,9,-1,2,E01018498,0,-1
2023401355910,2023,401355910,2,98,0,18,19,4,6,0,0,0,0,0,0,0,4,1,6,6,1,23,5,4485,2,2,-1,2,E01017433,0,-1
2023070115257,2023,070115257,2,21,0,4,4,3,7,0,0,0,0,0,0,0,2,1,1,1,1,38,7,6728,2,7,IVECO EUROCARGO,-1,-1,0,-1
2023010468158,2023,010468158,1,19,0,7,7,7,8,0,0,8,0,0,0,0,0,1,2,2,1,57,9,4485,2,7,-1,7,E01004605,0,-1
2023061310087,2023,061310087,1,21,0,11,11,6,2,0,0,0,0,0,0,0,1,1,6,6,3,-1,-1,6728,2,5,IVECO EUROCARGO,-1,-1,0,-1
202360A118105,2023,60A118105,2,21,0,2,2,0,0,6,6,0,0,0,0,0,2,1,1,1,1,40,7,6728,2,2,IVECO EUROCARGO,-1,-1,0,-1
2023131262094,2023,131262094,1,21,0,2,2,0,0,0,0,0,0,0,0,0,3,1,5,6,1,48,8,4485,2,3,IVECO EUROCARGO,1,E01010659,0,-1
2023122300319,2023,122300319,2,20,0,18,19,6,2,0,0,0,0,0,0,0,1,1,1,1,1,57,9,4485,2,3,-1,9,E01011419,0,-1
2023471347221,2023,471347221,1,98,0,9,9,3,3,0,0,1,0,0,0,0,2,1,2,2,1,25,5,4485,2,9,-1,4,E01016855,0,-1
2023010453565,2023,010453565,2,21,0,99,99,9,9,99,99,9,9,99,9,99,9,9,6,6,3,-1,-1,6728,2,1,IVECO EUROCARGO,-1,-1,0,-1
2023061286583,2023,061286583,2,20,0,18,19,1,5,0,0,1,0,0,0,0,1,1,1,1,1,53,8,4485,2,6,-1,2,E01005188,0,-1
2023061276511,2023,061276511,2,20,0,2,2,1,5,0,0,0,0,0,0,0,2,1,1,1,1,56,9,6728,2,6,-1,10,E01027879,0,-1
2023351323186,2023,351323186,1,21,0,18,19,8,4,0,0,0,0,0,0,0,4,1,6,6,1,57,9,6728,2,1,IVECO EUROCARGO,10,E01016630,0,-1
2023421389993,2023,421389993,1,21,0,2,2,1,5,0,0,0,0,0,0,0,0,1,6,6,3,-1,-1,6728,2,2,IVECO EUROCARGO,-1,-1,0,-1
2023122301178,2023,122301178,1,2,0,5,5,5,1,0,0,8,0,0,0,0,1,1,6,6,2,17,4,-1,3,2,-1,5,E01027798,0,-1
2023061272667,2023,061272667,2,9,0,9,9,2,8,0,0,8,0,0,0,0,4,1,6,6,1,31,6,1582,2,6,KIA PRO CEED,3,E01006217,0,-1
2023010471980,2023,010471980,1,9,0,16,19,3,7,0,0,0,0,0,0,0,1,1,6,6,1,49,8,1591,1,14,KIA PRO CEED,4,E01001007,0,-1
2023161321176,2023,161321176,1,9,0,4,4,6,2,0,0,0,0,0,0,0,2,1,2,2,1,36,7,1591,1,4,KIA PRO CEED,9,E01013168,0,-1
2023440070169,2023,440070169,1,9,0,3,3,7,3,0,0,0,0,0,0,0,2,1,6,6,2,33,6,1582,2,13,KIA PRO CEED,9,E01030425,0,-1
2023010443421,2023,010443421,2,9,0,99,99,9,9,99,99,9,9,99,9,99,9,9,6,6,3,29,6,1396,1,13,KIA PRO CEED,5,E01004057,0,-1
2023461328263,2023,461328263,3,9,0,3,3,7,3,0,0,0,0,0,0,0,2,1,2,2,1,37,7,1482,1,1,KIA PRO CEED,8,E01016144,0,-1
2023991284184,2023,991284184,2,9,0,18,19,2,6,0,0,0,0,0,0,0,1,1,2,2,1,59,9,1582,2,12,KIA PRO CEED,-1,-1,0,-1
2023131272545,2023,131272545,1,9,0,9,9,1,5,0,0,8,0,0,0,0,4,1,5,6,2,44,7,1591,1,9,KIA PRO CEED,5,E01011388,0,-1
2023351287873,2023,351287873,1,9,0,18,19,3,7,0,0,0,1,0,5,6,1,1,6,6,2,66,10,1582,2,9,KIA PRO CEED,5,E01026210,0,-1
2023061309087,2023,061309087,2,9,0,18,19,1,5,0,0,8,0,0,0,0,4,1,6,6,1,23,5,1582,2,10,KIA PRO CEED,2,E01005250,0,-1
2023010470711,2023,010470711,1,9,0,99,99,9,9,99,99,0,9,99,9,99,2,9,6,6,1,41,7,1591,1,8,KIA PRO CEED,7,E01003456,0,-1
2023501333337,2023,501333337,2,9,0,4,4,7,3,0,0,0,0,0,0,0,2,1,5,6,2,39,7,1482,1,1,KIA PRO CEED,4,E01002792,0,-1
2023332301028,2023,332301028,1,9,0,16,19,5,8,0,0,0,0,0,0,0,1,1,6,6,1,37,7,1396,1,9,KIA PRO CEED,7,E01025969,0,-1
2023320470692,2023,320470692,2,9,0,18,19,8,4,0,0,8,1,0,0,10,1,1,6,6,1,40,7,1582,2,10,KIA PRO CEED,2,E01013933,0,-1
2023451292745,2023,451292745,1,9,0,4,4,5,1,0,0,0,0,0,0,0,2,1,1,1,1,60,9,1482,1,0,KIA PRO CEED,5,E01031426,0,-1
2023461344953,2023,461344953,1,9,0,9,9,7,3,0,0,1,0,0,0,0,1,1,6,6,1,-1,-1,1582,2,13,KIA PRO CEED,9,E01024708,0,-1
2023320315620,2023,320315620,1,9,0,9,9,1,7,0,0,0,0,0,7,0,3,1,6,6,1,41,7,1482,1,0,KIA PRO CEED,10,E01013223,0,-1
2023010451989,2023,010451989,3,9,9,2,2,0,0,99,99,9,9,99,9,99,9,9,6,6,3,-1,-1,1482,1,0,KIA PRO CEED,-1,-1,0,-1
2023131354939,2023,131354939,2,9,0,18,19,1,1,0,0,0,0,0,0,0,1,1,1,1,2,30,6,1591,1,9,KIA PRO CEED,1,E01010926,0,-1
2023201365623,2023,201365623,1,9,0,7,7,5,7,0,0,3,0,0,0,0,1,1,5,6,1,33,6,1582,2,10,KIA PRO CEED,1,E01009332,0,-1
2023471328815,2023,471328815,2,9,0,7,7,1,3,0,0,6,0,0,0,0,1,1,5,6,1,57,9,1482,1,1,KIA PRO CEED,2,E01016955,0,-1
2023440307217,2023,440307217,2,9,0,2,2,0,0,0,0,2,0,0,0,0,3,1,6,6,1,29,6,1582,2,11,KIA PRO CEED,5,E01022957,0,-1
2023461398622,2023,461398622,3,9,0,4,4,4,8,0,0,0,0,0,0,0,1,1,6,6,2,34,6,1482,1,1,KIA PRO CEED,5,W01000662,0,-1
2023991388422,2023,991388422,2,9,0,18,19,7,3,0,0,0,0,0,0,0,2,1,5,6,2,35,6,1582,2,10,KIA PRO CEED,5,-1,0,-1