collision_index,collision_year,collision_ref_no,vehicle_reference,vehicle_type,towing_and_articulation,vehicle_manoeuvre_historic,vehicle_manoeuvre,vehicle_direction_from,vehicle_direction_to,vehicle_location_restricted_lane_historic,vehicle_location_restricted_lane,junction_location,skidding_and_overturning,hit_object_in_carriageway,vehicle_leaving_carriageway,hit_object_off_carriageway,first_point_of_impact,vehicle_left_hand_drive,journey_purpose_of_driver_historic,journey_purpose_of_driver,sex_of_driver,age_of_driver,age_band_of_driver,engine_capacity_cc,propulsion_code,age_of_vehicle,generic_make_model,driver_imd_decile,lsoa_of_driver,escooter_flag,driver_distance_banding
2023141280140,2023,141280140,1,9,0,18,19,1,5,0,0,8,0,0,0,0,1,1,6,6,1,20,4,1582,2,7,KIA PRO CEED,3,-1,0,-1
2023371361372,2023,371361372,1,9,0,18,19,1,5,0,0,0,0,0,0,0,1,1,6,6,2,33,6,1591,1,13,KIA PRO CEED,1,E01030250,0,-1
2023010447578,2023,010447578,1,9,0,5,5,3,7,4,4,2,0,0,0,0,1,1,6,6,1,23,5,1396,1,13,KIA PRO CEED,-1,-1,0,-1
2023010431343,2023,010431343,1,9,0,99,99,9,9,99,99,0,9,99,9,99,2,9,6,6,3,-1,-1,1582,2,9,KIA PRO CEED,6,E01016467,0,-1
2023201411268,2023,201411268,1,9,0,18,19,8,4,0,0,8,0,0,0,0,1,1,6,6,3,-1,-1,1591,1,8,KIA PRO CEED,-1,-1,0,-1
2023501283244,2023,501283244,1,9,0,17,19,6,2,0,0,0,2,0,2,10,4,1,2,2,2,44,7,1591,1,12,KIA PRO CEED,4,E01018941,0,-1
2023131353189,2023,131353189,1,9,0,18,19,1,5,0,0,0,0,0,0,0,1,1,6,6,1,53,8,1582,2,11,KIA PRO CEED,9,E01011160,0,-1
2023141337636,2023,141337636,1,9,0,4,4,4,8,0,0,2,0,0,0,0,2,1,5,6,1,35,6,1591,1,9,KIA PRO CEED,2,E01007849,0,-1
2023501288733,2023,501288733,2,9,0,17,19,7,1,0,0,1,0,0,0,0,1,1,6,6,2,26,6,1582,2,7,KIA PRO CEED,3,E01018942,0,-1
2023451264398,2023,451264398,1,9,0,15,15,5,1,0,0,0,1,0,7,0,1,1,1,1,1,25,5,1396,1,12,KIA PRO CEED,10,E01030762,0,-1
2023231297753,2023,231297753,2,9,0,18,19,4,8,0,0,8,0,0,0,0,1,1,6,6,1,41,7,1591,1,10,KIA PRO CEED,9,E01029479,0,-1
2023052300123,2023,052300123,2,9,0,9,9,3,1,0,0,2,0,0,0,0,4,1,3,7,2,37,7,1353,1,4,KIA PRO CEED,7,E01006668,0,-1
2023541298123,2023,541298123,1,9,0,18,19,2,6,0,0,0,0,0,0,0,1,1,6,6,1,54,8,1591,1,8,KIA PRO CEED,8,E01014425,0,-1
2023101373609,2023,101373609,1,9,0,18,19,3,7,0,0,0,0,0,0,0,1,1,5,6,1,22,5,1582,2,7,KIA PRO CEED,2,E01020699,0,-1
2023461364237,2023,461364237,2,9,0,18,19,3,7,0,0,8,0,0,0,0,3,1,6,6,2,47,8,1353,1,4,KIA PRO CEED,9,E01024819,0,-1
2023141292463,2023,141292463,2,9,0,18,19,3,7,0,0,1,0,0,0,0,3,1,5,6,2,36,7,1582,2,10,KIA PRO CEED,4,E01007415,0,-1
2023311319251,2023,311319251,2,9,0,2,2,0,0,0,0,1,1,0,0,0,1,1,6,6,3,-1,-1,1482,1,0,KIA PRO CEED,-1,-1,0,-1
2023320227463,2023,320227463,1,9,0,9,9,8,6,0,0,8,0,0,0,0,4,1,6,6,1,27,6,1482,1,2,KIA PRO CEED,7,E01026314,0,-1
2023070932839,2023,070932839,2,9,0,5,5,5,1,0,0,8,0,0,0,0,1,1,1,1,1,38,7,1591,1,10,KIA PRO CEED,2,E01011253,0,-1
2023421303830,2023,421303830,1,9,0,18,19,4,8,0,0,0,0,0,0,0,4,1,5,6,2,53,8,1591,1,14,KIA SOUL,7,E01018220,0,-1
2023010422915,2023,010422915,2,9,0,99,99,9,9,99,99,9,9,99,9,99,1,9,6,6,3,-1,-1,1591,1,9,KIA SOUL,-1,-1,0,-1
2023991409632,2023,991409632,2,9,0,16,19,6,2,0,0,0,0,0,0,0,1,1,5,6,2,54,8,1582,2,7,KIA SOUL,-1,-1,0,-1
2023461320823,2023,461320823,1,9,0,18,19,3,7,0,0,1,2,0,0,0,3,1,6,6,2,47,8,1591,1,14,KIA SOUL,2,E01023975,0,-1
2023451292544,2023,451292544,2,9,0,10,10,8,4,0,0,1,0,0,0,0,4,1,6,6,1,45,7,1582,2,8,KIA SOUL,10,E01030387,0,-1
2023471292091,2023,471292091,2,9,0,18,19,3,7,0,0,1,0,0,0,0,3,1,5,6,1,54,8,1591,1,5,KIA SOUL,4,E01021045,0,-1
2023991291051,2023,991291051,1,9,0,18,19,7,3,0,0,0,0,0,0,0,1,1,6,6,1,85,11,1582,2,12,KIA SOUL,2,-1,0,-1
2023440251030,2023,440251030,2,9,0,2,2,0,0,0,0,0,0,0,0,0,3,1,6,6,3,-1,-1,1582,2,13,KIA SOUL,-1,-1,0,-1
2023010469514,2023,010469514,2,9,0,3,3,5,1,0,0,1,0,0,0,0,2,1,6,6,1,73,10,-1,3,1,KIA SOUL,4,E01002001,0,-1
2023451352570,2023,451352570,1,9,0,18,19,7,3,0,0,0,0,7,0,0,1,1,5,6,1,83,11,1582,2,9,KIA SOUL,6,E01030548,0,-1
2023421369509,2023,421369509,1,9,0,18,19,7,4,0,0,8,0,0,3,11,1,1,5,6,1,76,11,1582,2,7,KIA SOUL,3,E01021713,0,-1
2023440442595,2023,440442595,2,9,0,18,19,5,1,0,0,1,0,0,0,0,4,1,6,6,1,25,5,1582,2,12,KIA SOUL,2,E01032879,0,-1
2023471355051,2023,471355051,2,9,0,18,19,7,3,0,0,8,5,0,0,0,2,1,5,6,2,71,10,1591,1,14,KIA SOUL,6,E01021046,0,-1
2023501389931,2023,501389931,3,9,0,18,19,5,1,0,0,0,0,0,0,0,1,1,6,6,1,77,11,1582,2,14,KIA SOUL,4,E01018758,0,-1
2023332301201,2023,332301201,2,9,0,18,19,2,6,0,0,0,0,0,0,0,1,1,6,6,3,-1,-1,1582,2,11,KIA SOUL,-1,-1,0,-1
2023320042388,2023,320042388,2,9,0,4,4,6,2,0,0,1,0,0,1,2,2,1,6,6,1,79,11,-1,3,2,KIA SOUL,7,E01026319,0,-1
2023170M10923,2023,170M10923,1,9,0,17,19,5,3,0,0,0,0,0,0,0,1,1,6,6,1,65,9,1582,2,14,KIA SOUL,10,E01012348,0,-1
2023211391422,2023,211391422,2,9,0,18,19,8,3,0,0,1,0,0,0,0,1,1,6,6,1,71,10,1582,2,14,KIA SOUL,-1,-1,0,-1
2023041388246,2023,041388246,1,9,0,7,7,3,7,0,0,8,0,0,0,0,1,1,5,6,2,51,8,1582,2,13,KIA SOUL,5,E01025522,0,-1
2023411343127,2023,411343127,2,9,0,3,3,1,5,0,0,4,0,0,0,0,2,1,6,6,1,41,7,1591,1,14,KIA SOUL,8,E01023712,0,-1
2023141388408,2023,141388408,1,9,0,18,19,6,1,0,0,8,0,0,0,0,1,1,5,6,2,55,8,1582,2,9,KIA SOUL,4,E01007576,0,-1
2023221378094,2023,221378094,1,9,0,4,4,1,5,0,0,0,0,0,4,6,2,1,1,1,1,48,8,1591,1,14,KIA SOUL,9,E01032141,0,-1
2023501294680,2023,501294680,2,9,0,17,19,3,7,0,0,0,1,0,0,0,1,1,5,6,2,56,9,1591,1,12,KIA SOUL,4,E01018757,0,-1
2023411306559,2023,411306559,3,9,0,2,2,0,0,0,0,0,0,0,0,0,2,1,5,6,3,-1,-1,1591,1,10,KIA SOUL,-1,-1,0,-1
2023401365000,2023,401365000,1,9,0,7,7,7,5,0,0,1,0,0,0,0,1,1,5,6,1,51,8,-1,3,3,KIA SOUL,7,E01017564,0,-1
2023501332422,2023,501332422,2,9,0,9,9,3,1,0,0,6,0,0,0,0,3,1,6,6,1,54,8,-1,3,1,KIA SOUL,7,E01000714,0,-1
2023161322746,2023,161322746,2,9,0,18,19,3,7,0,0,0,0,0,0,0,3,1,5,6,1,71,10,1582,2,10,KIA SOUL,4,E01013049,0,-1
2023122300962,2023,122300962,2,9,0,9,9,7,3,0,0,1,0,0,0,0,3,1,6,6,1,74,10,-1,3,2,KIA SOUL,9,E01020664,0,-1
2023131343561,2023,131343561,1,9,0,5,5,4,2,0,0,8,0,0,0,0,3,1,5,6,2,60,9,1582,2,12,KIA SOUL,7,E01011394,0,-1
2023351391083,2023,351391083,2,9,0,3,3,6,2,0,0,0,0,0,0,0,2,1,6,6,2,53,8,1582,2,13,KIA SOUL,10,E01018232,0,-1
2023302300636,2023,302300636,1,9,0,18,19,2,6,0,0,1,0,0,1,2,1,1,6,6,2,75,10,1582,2,7,KIA SOUL,9,E01019635,0,-1
2023010426140,2023,010426140,1,9,0,5,5,5,1,99,99,9,9,99,9,99,1,9,6,6,2,40,7,-1,3,8,KIA SOUL,10,E01000423,0,-1
2023471376596,2023,471376596,2,9,0,4,4,3,7,0,0,0,0,0,0,0,2,1,5,6,1,55,8,1591,1,14,KIA SOUL,3,E01031787,0,-1
2023461317706,2023,461317706,2,9,0,9,9,1,5,0,0,8,0,0,0,0,1,1,6,6,1,58,9,1582,2,9,KIA SOUL,1,E01024710,0,-1
2023471331221,2023,471331221,1,9,0,18,19,5,1,0,0,8,0,0,0,0,1,1,5,6,2,70,10,1582,2,9,KIA SOUL,4,E01022552,0,-1
2023201409013,2023,201409013,2,9,0,18,19,8,4,0,0,8,0,0,0,0,4,1,6,6,3,47,8,1582,2,13,KIA SOUL,2,E01010074,0,-1
2023221300329,2023,221300329,2,9,0,18,19,2,6,0,0,0,0,0,0,0,2,1,6,6,2,52,8,1591,1,13,KIA SOUL,4,E01008920,0,-1
2023340NN0702,2023,340NN0702,2,9,0,18,19,6,2,0,0,8,0,0,0,0,4,1,6,6,2,31,6,1582,2,12,KIA SOUL,7,E01027309,0,-1
2023061359351,2023,061359351,1,9,0,18,19,6,1,0,0,1,0,0,0,0,2,1,6,6,2,82,11,1591,1,14,KIA SOUL,6,E01006375,0,-1
2023461303907,2023,461303907,1,9,0,18,19,6,2,0,0,0,0,0,0,0,1,1,6,6,2,26,6,1582,2,12,KIA SOUL,1,E01024240,0,-1
2023061374615,2023,061374615,5,9,0,2,2,0,0,0,0,0,0,0,0,0,1,1,6,6,3,-1,-1,-1,3,5,KIA SOUL,-1,-1,0,-1
2023440074503,2023,440074503,1,9,0,18,19,8,4,0,0,0,5,0,2,4,1,1,6,6,1,63,9,1591,1,5,KIA SOUL,7,E01017291,0,-1
2023631368029,2023,631368029,2,9,0,6,6,3,7,0,0,1,0,0,0,0,3,1,5,6,2,36,7,1591,1,12,KIA SOUL,3,W01000695,0,-1
2023010461840,2023,010461840,2,9,0,99,99,9,9,99,99,9,9,99,9,99,0,9,6,6,3,54,8,-1,3,5,KIA SOUL,5,E01001641,0,-1
2023161375162,2023,161375162,2,9,0,4,4,7,3,0,0,0,0,0,0,0,1,1,6,6,2,35,6,1582,2,7,KIA SOUL,-1,-1,0,-1
2023141303680,2023,141303680,4,9,0,18,19,7,3,0,0,0,0,0,0,0,2,1,5,6,1,36,7,1591,1,11,KIA SOUL,5,E01007478,0,-1
2023440391683,2023,440391683,1,9,0,4,4,6,2,0,0,0,0,0,0,0,2,1,2,2,2,41,7,1591,1,9,KIA SOUL,6,E01031796,0,-1
2023122300710,2023,122300710,1,9,0,5,5,1,7,0,0,1,0,0,1,11,3,1,6,6,2,54,8,1582,2,9,KIA SOUL,10,E01008422,0,-1
2023461320823,2023,461320823,2,9,0,18,19,1,5,0,0,1,1,0,0,0,1,1,6,6,2,52,8,1582,2,7,KIA SOUL,7,E01024013,0,-1
2023052302400,2023,052302400,1,9,0,18,19,2,6,0,0,4,0,0,0,0,3,1,6,6,1,77,11,1591,1,7,KIA SOUL,6,E01006935,0,-1
2023061318534,2023,061318534,2,9,-1,18,19,6,2,0,0,1,0,0,0,0,4,1,2,2,1,61,9,1582,2,12,KIA SOUL,4,E01005688,0,-1
2023041305671,2023,041305671,1,9,0,18,19,1,5,0,0,0,0,0,0,0,1,1,5,6,2,50,8,1582,2,9,KIA SOUL,7,E01019091,0,-1
2023070614971,2023,070614971,1,9,0,18,19,6,2,0,0,1,0,0,0,0,1,1,6,6,1,-1,-1,1582,2,7,KIA SOUL,-1,-1,0,-1
2023340NN3862,2023,340NN3862,2,9,0,18,19,2,6,0,0,8,1,0,7,9,1,1,6,6,2,47,8,1582,2,13,KIA SOUL,6,E01027119,0,-1
2023430063178,2023,430063178,1,9,0,5,5,1,5,0,0,0,0,0,0,0,2,1,6,6,1,21,5,1582,2,11,KIA SOUL,3,E01016353,0,-1
2023010479785,2023,010479785,1,9,0,9,9,5,2,0,0,1,0,0,0,0,1,1,6,6,1,83,11,-1,3,1,KIA SOUL,4,E01002611,0,-1
2023440196169,2023,440196169,1,9,0,18,19,3,7,0,0,4,0,0,0,0,1,1,6,6,2,62,9,-1,3,6,KIA SOUL,10,E01001129,0,-1
2023061339418,2023,061339418,1,9,0,18,19,-1,-1,1,1,0,1,0,2,0,3,1,2,2,1,51,8,1591,1,6,KIA SOUL,8,E01005390,0,-1
2023010422384,2023,010422384,3,3,0,99,99,9,9,99,99,9,9,99,9,99,2,9,6,6,3,-1,-1,124,1,8,-1,-1,-1,0,-1
2023430414831,2023,430414831,1,3,0,9,9,4,2,0,0,8,0,0,0,0,4,1,6,6,1,33,6,125,1,3,LEXMOTO AURA,5,E01016233,0,-1
2023361365834,2023,361365834,1,2,0,5,5,1,6,0,0,5,1,0,0,0,0,1,2,2,1,27,6,125,1,1,-1,1,E01026620,0,-1
2023201284758,2023,201284758,1,3,0,18,19,2,6,0,0,1,0,0,0,0,3,1,2,2,1,30,6,125,1,1,LEXMOTO AURA,5,E01009527,0,-1
2023131327098,2023,131327098,2,3,0,4,4,3,7,0,0,0,0,0,0,0,2,1,2,2,1,37,7,125,1,2,LEXMOTO AURA,1,E01011917,0,-1
2023010462171,2023,010462171,1,3,0,3,3,5,1,0,0,1,0,0,0,0,1,1,6,6,1,75,10,125,1,1,LEXMOTO AURA,-1,-1,0,-1
2023161345277,2023,161345277,2,3,0,15,15,8,8,0,0,1,0,0,0,0,1,1,6,6,1,22,5,125,1,3,LEXMOTO AURA,3,E01012777,0,-1
2023320498149,2023,320498149,1,3,0,18,19,2,6,0,0,0,5,0,0,0,0,1,6,6,1,33,6,125,1,0,LEXMOTO AURA,7,E01026372,0,-1
2023010463132,2023,010463132,1,3,0,99,99,9,9,99,99,9,9,99,9,99,2,1,1,1,1,36,7,125,1,2,LEXMOTO AURA,3,E01004563,0,-1
2023010425532,2023,010425532,1,4,0,18,19,6,2,0,0,1,2,0,0,0,1,1,6,6,1,20,4,125,1,3,-1,2,E01001112,0,-1
2023041281973,2023,041281973,2,3,0,18,19,5,1,0,0,4,0,0,0,0,1,1,2,2,1,24,5,125,1,0,LEXMOTO AURA,5,E01012633,0,-1
2023010464619,2023,010464619,2,3,0,13,13,1,5,0,0,1,2,0,0,0,1,1,6,6,1,30,6,125,1,1,LEXMOTO AURA,3,E01002100,0,-1
2023201341465,2023,201341465,1,3,0,13,13,5,1,0,0,8,0,0,0,0,1,1,5,6,1,21,5,125,1,0,LEXMOTO AURA,5,E01009710,0,-1
2023010461239,2023,010461239,2,3,0,5,5,1,5,0,0,1,0,0,0,0,3,1,6,6,1,25,5,125,1,0,LEXMOTO AURA,2,E01004201,0,-1
2023010464881,2023,010464881,1,3,0,99,99,9,9,99,99,9,9,99,9,99,1,1,1,1,1,18,4,125,1,3,LEXMOTO AURA,2,E01001439,0,-1
2023010485444,2023,010485444,1,3,0,14,14,6,2,0,0,0,1,0,7,0,1,1,6,6,1,19,4,125,1,3,LEXMOTO AURA,4,E01001015,0,-1
2023070446836,2023,070446836,2,3,0,18,19,2,6,0,0,3,0,0,0,0,2,1,6,6,1,18,4,125,1,1,LEXMOTO AURA,1,E01012526,0,-1
2023411391328,2023,411391328,1,3,0,18,19,5,1,0,0,1,1,0,0,0,0,1,6,6,1,28,6,125,1,1,LEXMOTO AURA,2,E01021816,0,-1
2023041319105,2023,041319105,1,3,0,16,19,7,3,0,0,0,0,0,0,0,1,1,6,6,1,55,8,125,1,0,LEXMOTO AURA,7,E01025609,0,-1
2023010461835,2023,010461835,2,3,0,99,99,9,9,99,99,9,9,99,9,99,9,1,6,6,3,-1,-1,125,1,1,LEXMOTO AURA,-1,-1,0,-1
2023440052692,2023,440052692,1,3,0,18,19,4,8,0,0,8,0,0,0,0,1,1,2,2,1,27,6,125,1,2,LEXMOTO AURA,4,E01017164,0,-1
2023010446922,2023,010446922,2,2,0,18,19,1,5,0,0,0,2,0,0,0,1,1,6,6,3,-1,-1,125,1,1,-1,-1,-1,0,-1
2023010478087,2023,010478087,1,3,0,99,99,9,9,99,99,9,9,99,9,99,9,1,2,2,3,27,6,125,1,1,LEXMOTO AURA,2,E01003159,0,-1
2023052302692,2023,052302692,2,3,0,13,13,1,5,0,0,1,0,0,0,0,1,1,2,2,1,37,7,125,1,2,LEXMOTO AURA,5,E01006833,0,-1
2023070656235,2023,070656235,2,3,0,18,19,8,4,0,0,0,0,0,0,0,1,1,6,6,1,-1,-1,125,1,3,LEXMOTO AURA,3,E01012470,0,-1
2023010454017,2023,010454017,1,3,0,18,19,6,2,0,0,1,0,0,0,0,4,1,6,6,1,32,6,125,1,3,LEXMOTO AURA,5,E01001168,0,-1
2023010442233,2023,010442233,1,3,0,99,99,9,9,99,99,9,9,99,9,99,9,1,2,2,1,49,8,125,1,1,LEXMOTO AURA,5,E01030743,0,-1
2023010421226,2023,010421226,1,2,0,18,19,7,3,0,0,6,0,10,0,0,1,1,2,2,1,27,6,125,1,1,-1,3,E01002527,0,-1
2023401309148,2023,401309148,2,9,0,2,2,0,0,0,0,1,0,0,0,0,3,1,6,6,3,-1,-1,2191,2,5,MAZDA CX-5,-1,-1,0,-1
2023622400003,2023,622400003,1,9,0,18,19,7,3,0,0,2,0,0,0,0,1,1,6,6,3,-1,-1,1998,1,0,MAZDA CX-5,-1,-1,0,-1
2023111277938,2023,111277938,1,9,0,18,19,7,3,0,0,0,5,0,7,4,1,1,5,6,1,48,8,2191,2,5,MAZDA CX-5,6,E01020619,0,-1
2023221306498,2023,221306498,1,9,0,9,9,2,8,0,0,5,0,0,0,0,3,1,5,6,1,33,6,2191,2,11,MAZDA CX-5,8,E01028981,0,-1
2023031367654,2023,031367654,2,9,0,18,19,5,1,0,0,1,0,0,0,0,0,1,5,6,1,72,10,1998,1,6,MAZDA CX-5,-1,-1,0,-1
2023522400884,2023,522400884,2,9,0,18,19,8,5,0,0,8,0,0,0,0,4,1,6,6,2,35,6,2191,2,7,MAZDA CX-5,7,E01014847,0,-1
2023471383645,2023,471383645,2,9,0,18,19,3,7,0,0,1,0,0,0,0,1,1,3,7,2,31,6,2191,2,8,MAZDA CX-5,9,E01022958,0,-1
2023991270654,2023,991270654,1,9,0,18,19,1,5,9,9,1,1,10,3,11,1,1,6,6,1,26,6,2191,2,9,MAZDA CX-5,2,-1,0,-1
2023231344347,2023,231344347,2,9,0,17,19,4,1,0,0,2,0,0,0,0,1,1,5,6,2,67,10,2191,2,7,MAZDA CX-5,7,E01031280,0,-1
2023471319539,2023,471319539,1,9,0,14,14,8,4,0,0,0,0,0,0,0,1,1,5,6,1,46,8,2191,2,10,MAZDA CX-5,6,E01004151,0,-1
2023421392051,2023,421392051,1,9,0,18,19,3,7,0,0,0,0,0,0,0,4,1,5,6,1,43,7,1998,1,7,MAZDA CX-5,3,E01021892,0,-1
2023471333821,2023,471333821,1,9,0,7,7,3,6,0,0,8,0,0,0,0,4,1,6,6,1,38,7,2191,2,5,MAZDA CX-5,6,E01022802,0,-1
2023320689580,2023,320689580,2,9,0,18,19,7,3,0,0,0,1,0,1,0,2,1,2,2,1,39,7,1998,1,11,MAZDA CX-5,2,E01028311,0,-1
2023131331319,2023,131331319,1,9,0,18,19,8,4,0,0,0,0,0,1,10,1,1,2,2,1,61,9,1998,1,8,MAZDA CX-5,7,E01025199,0,-1
2023131327327,2023,131327327,1,9,0,12,12,7,-1,0,0,0,0,0,0,0,3,1,6,6,3,-1,-1,2191,2,9,MAZDA CX-5,-1,-1,0,-1
2023461364078,2023,461364078,1,9,0,14,14,2,6,0,0,1,5,0,0,0,1,1,5,6,1,21,5,2191,2,9,MAZDA CX-5,5,E01024379,0,-1
2023211368853,2023,211368853,1,9,0,18,19,4,5,0,0,1,0,0,0,0,1,1,6,6,2,67,10,2488,1,1,MAZDA CX-5,-1,-1,0,-1
2023991301991,2023,991301991,2,9,0,18,19,5,1,0,0,0,0,0,7,11,4,1,2,2,1,55,8,2191,2,10,MAZDA CX-5,-1,-1,0,-1
2023522301699,2023,522301699,2,9,0,18,19,9,9,0,0,4,0,0,0,0,1,1,6,6,1,-1,-1,1998,1,4,MAZDA CX-5,5,E01014961,0,-1
2023201313266,2023,201313266,1,9,0,18,19,8,4,0,0,0,0,4,0,0,3,1,6,6,1,44,7,2191,2,9,MAZDA CX-5,2,E01009403,0,-1
2023622300639,2023,622300639,2,9,0,18,19,8,4,0,0,1,0,0,0,0,1,1,6,6,2,60,9,1998,1,4,MAZDA CX-5,2,W01001232,0,-1
2023070075286,2023,070075286,1,9,0,5,5,5,1,0,0,1,2,0,1,10,1,1,6,6,1,67,10,1998,1,2,MAZDA CX-5,7,E01018412,0,-1
2023061309002,2023,061309002,2,9,0,18,19,5,1,0,0,0,0,0,0,0,2,1,2,2,2,37,7,1998,1,1,MAZDA CX-5,6,E01025383,0,-1
2023141334666,2023,141334666,1,9,0,18,19,2,6,0,0,1,0,0,0,0,2,1,6,6,2,33,6,1998,1,5,MAZDA CX-5,9,E01007808,0,-1
2023411325791,2023,411325791,1,9,0,1,1,-1,-1,0,0,0,0,0,0,0,2,1,6,6,2,47,8,1998,1,10,MAZDA CX-5,4,E01023538,0,-1
2023991314378,2023,991314378,5,9,0,18,19,8,4,0,0,0,0,1,0,0,4,1,6,6,1,65,9,2191,2,6,MAZDA CX-5,6,-1,0,-1
2023541905023,2023,541905023,1,9,0,18,19,7,3,0,0,0,0,0,0,0,1,1,6,6,1,63,9,2191,2,8,MAZDA CX-5,5,E01031867,0,-1
2023302301092,2023,302301092,2,9,0,9,9,8,5,0,0,6,0,0,0,0,3,1,6,6,2,62,9,2191,2,9,MAZDA CX-5,10,E01011703,0,-1
2023471277650,2023,471277650,1,9,0,18,19,4,8,0,0,2,0,0,0,0,1,1,5,6,1,38,7,2191,2,7,MAZDA CX-5,5,E01031401,0,-1
2023461315340,2023,461315340,2,9,0,18,19,4,6,0,0,0,0,0,0,0,2,1,2,2,1,44,7,2191,2,6,MAZDA CX-5,3,E01016043,0,-1
2023552301321,2023,552301321,1,9,0,18,19,4,6,0,0,4,0,0,0,0,3,1,6,6,1,67,10,1998,1,3,MAZDA CX-5,-1,-1,0,-1
2023471265948,2023,471265948,1,9,0,9,9,7,1,0,0,3,0,0,0,0,1,1,6,6,1,74,10,1998,1,7,MAZDA CX-5,8,E01021170,0,-1
2023340WN6972,2023,340WN6972,2,9,0,18,19,1,5,0,0,1,0,0,0,0,4,1,6,6,1,69,10,1998,1,1,MAZDA CX-5,9,E01027167,0,-1
2023522301288,2023,522301288,1,9,0,18,19,5,1,0,0,0,0,0,1,10,1,1,6,6,1,71,10,2488,1,2,MAZDA CX-5,1,E01029132,0,-1
2023461385687,2023,461385687,3,9,0,4,4,4,8,0,0,0,0,0,0,0,2,1,6,6,1,56,9,1998,1,7,MAZDA CX-5,4,E01016100,0,-1
2023351380009,2023,351380009,2,9,0,18,19,2,6,0,0,8,0,0,0,0,1,1,2,2,1,46,8,2191,2,5,MAZDA CX-5,10,E01018239,0,-1
2023471272806,2023,471272806,1,9,0,18,19,1,5,0,0,1,0,0,0,0,1,1,6,6,1,29,6,2191,2,9,MAZDA CX-5,10,E01030499,0,-1
2023101330291,2023,101330291,2,9,-1,10,10,3,8,0,0,8,0,0,0,0,2,1,6,6,2,67,10,2191,2,5,MAZDA CX-5,-1,-1,0,-1
2023471392725,2023,471392725,2,9,0,3,3,2,5,0,0,0,0,0,0,0,2,1,5,6,2,57,9,1998,1,0,MAZDA CX-5,6,E01030557,0,-1
2023440423449,2023,440423449,2,9,0,3,3,2,6,0,0,1,0,0,0,0,2,1,6,6,1,55,8,1998,1,0,MAZDA CX-5,10,E01022512,0,-1
2023061376494,2023,061376494,2,9,0,18,19,1,5,0,0,0,0,0,0,0,2,1,6,6,1,38,7,1998,1,5,MAZDA CX-5,7,E01005920,0,-1
2023461380698,2023,461380698,2,9,0,3,3,5,1,0,0,0,0,0,0,0,2,1,6,6,1,46,8,1998,1,1,MAZDA CX-5,6,E01024704,0,-1
2023461317721,2023,461317721,4,9,0,18,19,5,1,0,0,1,0,0,0,0,1,1,6,6,2,32,6,1998,1,10,MAZDA CX-5,6,E01021113,0,-1
2023520301556,2023,520301556,1,9,0,18,19,6,2,0,0,0,0,0,0,0,1,1,6,6,2,47,8,2191,2,8,MAZDA CX-5,7,E01029130,0,-1
2023311296245,2023,311296245,2,9,0,18,19,7,5,0,0,3,5,0,6,0,4,1,5,6,1,52,8,2191,2,8,MAZDA CX-5,10,E01028407,0,-1
2023041332236,2023,041332236,2,9,0,2,2,3,7,0,0,0,0,0,0,0,2,1,6,6,1,40,7,1998,1,1,MAZDA CX-5,-1,-1,0,-1
2023411363259,2023,411363259,1,9,0,4,4,5,1,0,0,0,0,0,0,0,1,1,5,6,1,85,11,1998,1,2,MAZDA CX-5,8,E01018302,0,-1
2023010419810,2023,010419810,2,9,0,99,99,9,9,99,99,9,9,99,9,99,1,9,6,6,3,-1,-1,1998,1,5,MAZDA CX-5,-1,-1,0,-1
2023221349884,2023,221349884,1,9,0,18,19,7,3,0,0,0,0,0,0,0,1,1,5,6,1,56,9,2191,2,9,MAZDA CX-5,5,E01028890,0,-1
202363A015023,2023,63A015023,3,9,0,18,19,1,5,0,0,0,0,0,0,0,1,1,6,6,2,72,10,1998,1,2,MAZDA CX-5,6,W01000538,0,-1
2023161376597,2023,161376597,1,9,0,10,10,5,1,0,0,0,0,0,0,0,2,1,2,2,1,29,6,2191,2,9,MAZDA CX-5,8,E01013277,0,-1
202360A082066,2023,60A082066,1,9,3,17,19,3,7,0,0,0,0,0,0,0,2,1,6,6,1,62,9,2184,2,11,MAZDA CX-5,-1,-1,0,-1
2023361338517,2023,361338517,2,9,0,16,19,4,8,0,0,0,0,0,0,0,1,1,5,6,1,66,10,1998,1,7,MAZDA CX-5,7,E01030288,0,-1
2023101384358,2023,101384358,2,9,0,2,2,0,0,0,0,0,0,0,0,0,2,1,6,6,3,-1,-1,1998,1,5,MAZDA CX-5,-1,-1,0,-1
2023631383632,2023,631383632,1,9,0,17,19,2,7,0,0,0,5,0,1,10,1,1,5,6,1,18,4,1998,1,10,MAZDA CX-5,6,W01000455,0,-1
2023451388360,2023,451388360,2,9,0,4,4,3,7,0,0,0,0,0,0,0,1,1,6,6,1,45,7,2191,2,8,MAZDA CX-5,10,E01030606,0,-1
2023061277521,2023,061277521,1,9,-1,18,19,3,6,0,0,0,0,0,0,0,4,1,6,6,2,31,6,1998,1,4,MAZDA CX-5,6,E01032556,0,-1
2023221284839,2023,221284839,2,9,0,18,19,2,6,0,0,0,0,0,0,0,3,1,2,2,1,55,8,2191,2,8,MAZDA CX-5,4,E01014136,0,-1
2023170M10173,2023,170M10173,1,9,0,3,3,7,3,0,0,1,0,0,0,0,2,1,2,2,1,41,7,1998,1,4,MAZDA CX-5,8,E01012067,0,-1