collision_index,collision_year,collision_ref_no,vehicle_reference,vehicle_type,towing_and_articulation,vehicle_manoeuvre_historic,vehicle_manoeuvre,vehicle_direction_from,vehicle_direction_to,vehicle_location_restricted_lane_historic,vehicle_location_restricted_lane,junction_location,skidding_and_overturning,hit_object_in_carriageway,vehicle_leaving_carriageway,hit_object_off_carriageway,first_point_of_impact,vehicle_left_hand_drive,journey_purpose_of_driver_historic,journey_purpose_of_driver,sex_of_driver,age_of_driver,age_band_of_driver,engine_capacity_cc,propulsion_code,age_of_vehicle,generic_make_model,driver_imd_decile,lsoa_of_driver,escooter_flag,driver_distance_banding
2023501360471,2023,501360471,1,9,0,4,4,7,3,0,0,0,1,10,7,10,1,1,6,6,1,21,5,2188,2,16,HYUNDAI SANTA FE,5,E01020308,0,-1
2023440488567,2023,440488567,2,9,0,18,19,3,7,0,0,0,0,0,0,0,1,1,6,6,2,28,6,2199,2,12,HYUNDAI SANTA FE,7,E01022630,0,-1
2023471297025,2023,471297025,1,9,0,18,19,3,7,0,0,1,0,0,0,0,4,1,5,6,2,38,7,2188,2,15,HYUNDAI SANTA FE,9,E01021123,0,-1
2023211379762,2023,211379762,2,9,0,18,19,4,8,0,0,0,0,0,0,0,2,1,6,6,2,28,6,1598,8,0,HYUNDAI SANTA FE,2,E01010312,0,-1
2023131366202,2023,131366202,3,9,0,2,2,0,0,0,0,1,0,0,0,0,1,1,6,6,3,-1,-1,2199,2,9,HYUNDAI SANTA FE,-1,-1,0,-1
2023231382732,2023,231382732,2,9,0,18,19,6,2,0,0,0,0,0,0,0,1,1,1,1,1,46,8,1598,8,2,HYUNDAI SANTA FE,9,E01031136,0,-1
2023131321250,2023,131321250,1,9,0,18,19,1,5,0,0,0,0,0,0,0,2,1,2,2,1,41,7,2188,2,16,HYUNDAI SANTA FE,6,E01011005,0,-1
2023131324942,2023,131324942,1,9,0,18,19,3,7,0,0,6,0,0,0,0,1,1,5,6,1,32,6,2188,2,14,HYUNDAI SANTA FE,8,E01010997,0,-1
2023201283801,2023,201283801,2,9,0,14,14,7,3,0,0,1,0,0,0,0,3,1,6,6,1,71,10,2199,2,10,HYUNDAI SANTA FE,7,E01009446,0,-1
2023311384054,2023,311384054,1,9,0,7,7,3,5,0,0,5,0,0,0,0,1,1,2,2,2,44,7,2199,2,12,HYUNDAI SANTA FE,5,E01019402,0,-1
2023401354520,2023,401354520,2,9,0,4,4,8,4,0,0,0,0,0,0,0,1,1,2,2,1,42,7,2199,2,6,HYUNDAI SANTA FE,10,E01017647,0,-1
2023101273580,2023,101273580,2,9,0,3,3,6,2,0,0,0,0,0,0,0,2,1,5,6,1,35,6,1598,8,0,HYUNDAI SANTA FE,7,E01008315,0,-1
2023440393516,2023,440393516,2,9,0,9,9,8,6,0,0,1,0,0,0,0,3,1,6,6,2,45,7,2199,2,7,HYUNDAI SANTA FE,3,E01023058,0,-1
2023131380114,2023,131380114,1,9,0,18,19,3,7,0,0,8,0,0,7,0,1,1,5,6,2,56,9,2199,2,13,HYUNDAI SANTA FE,3,E01010776,0,-1
2023531327373,2023,531327373,2,9,0,4,4,1,5,0,0,0,0,0,0,0,2,1,5,6,1,27,6,2199,2,13,HYUNDAI SANTA FE,5,E01022459,0,-1
2023052301809,2023,052301809,2,9,0,18,19,6,8,0,0,8,0,0,0,0,1,1,6,6,1,29,6,2199,2,9,HYUNDAI SANTA FE,1,E01033228,0,-1
2023991356894,2023,991356894,1,9,0,18,19,8,3,0,0,0,0,0,7,4,1,1,5,6,2,37,7,2199,2,7,HYUNDAI SANTA FE,-1,-1,0,-1
2023549029223,2023,549029223,2,9,0,18,19,8,4,0,0,8,0,0,7,4,3,1,6,6,2,51,8,2199,2,6,HYUNDAI SANTA FE,10,E01028745,0,-1
2023061306080,2023,061306080,1,9,0,18,19,5,1,0,0,0,0,0,0,0,4,1,6,6,3,-1,-1,1598,8,2,HYUNDAI SANTA FE,-1,-1,0,-1
2023440256984,2023,440256984,2,9,0,18,19,4,8,0,0,0,0,0,0,0,1,1,6,6,2,68,10,2199,2,11,HYUNDAI SANTA FE,10,E01022596,0,-1
2023361314637,2023,361314637,1,9,0,11,11,2,1,0,0,3,0,0,0,0,4,1,5,6,1,62,9,1991,2,17,HYUNDAI SANTA FE,2,E01026802,0,-1
2023430268046,2023,430268046,1,9,0,18,19,4,8,0,0,0,0,0,0,0,1,1,1,1,2,26,6,2188,2,15,HYUNDAI SANTA FE,6,E01002485,0,-1
2023111277980,2023,111277980,1,9,0,18,19,2,5,0,0,0,1,0,7,4,1,1,6,6,1,31,6,2199,2,12,HYUNDAI SANTA FE,8,E01020731,0,-1
2023201284866,2023,201284866,2,9,0,3,3,2,6,0,0,0,0,0,0,0,2,1,6,6,2,56,9,2199,2,11,HYUNDAI SANTA FE,3,E01010396,0,-1
2023430303019,2023,430303019,2,9,0,18,19,3,7,0,0,8,0,0,0,0,1,1,6,6,1,75,10,2199,2,6,HYUNDAI SANTA FE,9,E01028785,0,-1
2023622300235,2023,622300235,1,9,0,18,19,6,2,0,0,0,0,0,0,0,1,1,6,6,2,41,7,2199,2,11,HYUNDAI SANTA FE,6,W01000496,0,-1
2023522401049,2023,522401049,1,9,0,9,9,5,4,0,0,6,0,0,0,0,3,1,6,6,1,60,9,1598,8,1,HYUNDAI SANTA FE,10,E01014873,0,-1
2023332300250,2023,332300250,1,9,0,18,19,1,5,0,0,4,0,9,3,2,1,1,6,6,1,33,6,2199,2,13,HYUNDAI SANTA FE,9,E01025728,0,-1
2023501329782,2023,501329782,1,9,0,16,19,5,1,0,0,0,1,0,0,0,1,1,5,6,1,71,10,2199,2,13,HYUNDAI SANTA FE,4,W01001270,0,-1
2023631311980,2023,631311980,2,9,0,17,19,5,2,0,0,0,0,0,1,10,1,1,5,6,1,66,10,2199,2,7,HYUNDAI SANTA FE,8,W01000485,0,-1
2023471386996,2023,471386996,2,9,0,18,19,7,3,0,0,0,0,0,0,0,2,1,5,6,1,30,6,2199,2,10,HYUNDAI SANTA FE,7,E01021029,0,-1
2023010467189,2023,010467189,2,9,0,1,1,3,7,0,0,1,0,0,0,0,2,1,6,6,3,-1,-1,2199,2,12,HYUNDAI SANTA FE,-1,-1,0,-1
2023010442042,2023,010442042,2,9,0,4,4,5,1,0,0,1,0,0,0,0,1,2,6,6,1,24,5,2188,2,16,HYUNDAI SANTA FE,7,E01003643,0,-1
2023461274585,2023,461274585,1,9,0,5,5,1,6,0,0,2,0,0,0,0,1,1,5,6,1,24,5,2199,2,4,HYUNDAI SANTA FE,2,E01024398,0,-1
202360A084749,2023,60A084749,1,9,0,18,19,1,5,0,0,1,0,0,0,0,1,1,6,6,1,54,8,1991,2,20,HYUNDAI SANTA FE,-1,-1,0,-1
2023451356194,2023,451356194,1,9,0,7,7,3,5,0,0,8,0,0,0,0,3,1,5,6,2,35,6,2188,2,16,HYUNDAI SANTA FE,3,E01030362,0,-1
2023041321278,2023,041321278,2,9,0,2,2,1,5,0,0,1,0,0,0,0,2,1,6,6,3,-1,-1,1991,2,18,HYUNDAI SANTA FE,-1,-1,0,-1
2023451324854,2023,451324854,4,9,0,18,19,3,6,0,0,0,0,0,0,0,2,1,5,6,2,52,8,2199,2,13,HYUNDAI SANTA FE,9,E01017888,0,-1
2023010478725,2023,010478725,1,9,0,18,19,5,1,0,0,7,0,0,1,0,2,2,6,6,2,40,7,2199,2,6,HYUNDAI SANTA FE,6,E01000487,0,-1
2023451263563,2023,451263563,2,9,0,18,19,1,5,0,0,0,0,0,0,0,4,1,6,6,3,35,6,2199,2,10,HYUNDAI SANTA FE,-1,-1,0,-1
2023061333331,2023,061333331,3,9,0,2,2,1,1,0,0,1,0,0,0,0,4,1,6,6,3,-1,-1,2199,2,6,HYUNDAI SANTA FE,-1,-1,0,-1
2023461262348,2023,461262348,2,9,0,18,19,7,3,0,0,3,0,0,0,0,2,1,6,6,2,39,7,2199,2,9,HYUNDAI SANTA FE,7,E01024375,0,-1
2023991276817,2023,991276817,2,9,0,5,5,2,6,0,0,0,0,0,0,0,2,1,6,6,1,38,7,2199,2,9,HYUNDAI SANTA FE,6,-1,0,-1
2023411362037,2023,411362037,1,9,0,18,19,8,4,0,0,0,0,0,0,0,1,1,3,7,2,51,8,2199,2,7,HYUNDAI SANTA FE,7,E01023886,0,-1
2023101375707,2023,101375707,1,9,0,18,19,5,1,0,0,0,0,0,0,0,1,1,6,6,2,40,7,2199,2,11,HYUNDAI SANTA FE,2,E01008450,0,-1
2023522300155,2023,522300155,2,9,0,18,19,8,4,0,0,1,0,0,0,0,1,1,6,6,2,74,10,2199,2,10,HYUNDAI SANTA FE,7,E01014905,0,-1
2023421338720,2023,421338720,2,9,0,2,2,2,6,0,0,0,0,0,1,0,3,1,6,6,3,-1,-1,2199,2,9,HYUNDAI SANTA FE,-1,-1,0,-1
2023451324119,2023,451324119,3,9,0,18,19,4,8,0,0,0,0,0,0,0,2,1,5,6,2,63,9,2188,2,17,HYUNDAI SANTA FE,8,E01030302,0,-1
2023501333774,2023,501333774,1,9,0,18,19,1,4,0,0,0,0,7,1,11,1,1,5,6,2,74,10,1991,2,18,HYUNDAI SANTA FE,2,E01018949,0,-1
2023141391687,2023,141391687,1,9,0,18,19,7,3,0,0,8,0,0,0,0,3,1,6,6,2,50,8,2199,2,6,HYUNDAI SANTA FE,3,E01007747,0,-1
2023101371710,2023,101371710,1,9,0,18,19,5,1,0,0,0,0,0,0,0,0,1,5,6,2,72,10,2199,2,10,HYUNDAI SANTA FE,10,E01008497,0,-1
2023231353873,2023,231353873,1,9,0,18,19,4,8,0,0,6,0,0,0,0,1,1,5,6,2,37,7,2199,2,9,HYUNDAI SANTA FE,5,E01031274,0,-1
2023531337272,2023,531337272,1,9,0,16,19,1,5,0,0,0,0,0,0,0,1,1,5,6,1,63,9,2199,2,12,HYUNDAI SANTA FE,10,E01022113,0,-1
2023101380141,2023,101380141,1,9,0,18,19,4,8,0,0,0,1,7,1,0,1,1,6,6,1,53,8,2656,1,19,HYUNDAI SANTA FE,4,E01020633,0,-1
2023361350601,2023,361350601,2,9,4,18,19,7,3,0,0,8,0,0,6,0,4,1,5,6,1,46,8,1991,2,18,HYUNDAI SANTA FE,4,E01026694,0,-1
2023010424894,2023,010424894,2,9,0,4,4,5,1,0,0,1,0,0,0,0,0,1,6,6,3,-1,-1,2199,2,7,HYUNDAI SANTA FE,-1,-1,0,-1
2023622301030,2023,622301030,1,9,0,18,19,6,2,0,0,1,0,0,0,0,4,1,6,6,1,67,10,2656,1,19,HYUNDAI SANTA FE,1,W01001070,0,-1
2023471362931,2023,471362931,1,9,0,9,9,8,6,0,0,8,0,0,0,0,1,1,6,6,1,32,6,1598,8,0,HYUNDAI SANTA FE,8,E01004074,0,-1
2023471358365,2023,471358365,2,9,0,18,19,7,3,0,0,0,0,0,0,0,1,1,1,1,1,59,9,2199,2,12,HYUNDAI SANTA FE,6,E01021152,0,-1
2023010461780,2023,010461780,2,9,0,7,7,1,3,0,0,6,0,0,0,0,3,1,6,6,1,39,7,2199,2,7,HYUNDAI SANTA FE,5,E01032741,0,-1
2023070433501,2023,070433501,2,9,0,2,2,0,0,0,0,0,0,0,0,0,1,1,6,6,2,22,5,2199,2,13,HYUNDAI SANTA FE,9,E01018339,0,-1
2023041316912,2023,041316912,1,9,0,18,19,2,6,0,0,0,0,0,0,0,0,1,6,6,3,73,10,2199,2,6,HYUNDAI SANTA FE,8,E01029844,0,-1
2023631339801,2023,631339801,2,9,0,18,19,3,7,0,0,0,0,0,0,0,1,1,5,6,1,33,6,2199,2,9,HYUNDAI SANTA FE,6,W01000691,0,-1
2023451392877,2023,451392877,1,9,0,18,19,1,5,0,0,0,0,0,0,0,2,1,5,6,1,59,9,2199,2,6,HYUNDAI SANTA FE,10,E01022606,0,-1
2023471259232,2023,471259232,1,9,0,18,19,3,7,0,0,0,0,0,0,0,1,1,6,6,2,40,7,2199,2,11,HYUNDAI SANTA FE,10,E01031828,0,-1
2023010482092,2023,010482092,1,9,0,99,99,9,9,99,99,9,9,99,9,99,9,9,6,6,1,54,8,2199,2,2,HYUNDAI SANTA FE,7,E01000118,0,-1
2023010478201,2023,010478201,2,9,0,99,99,9,9,99,99,9,9,99,9,99,1,9,6,6,3,-1,-1,1598,8,0,HYUNDAI SANTA FE,3,E01001213,0,-1
2023991262202,2023,991262202,3,9,0,2,2,0,0,6,6,0,0,0,0,0,2,1,6,6,3,-1,-1,2199,2,10,HYUNDAI SANTA FE,-1,-1,0,-1
2023440477822,2023,440477822,2,9,0,18,19,4,8,0,0,6,0,0,0,0,1,1,6,6,1,73,10,2188,2,16,HYUNDAI SANTA FE,9,E01017248,0,-1
2023461358390,2023,461358390,1,9,0,9,9,2,7,0,0,1,0,0,0,0,1,1,6,6,1,56,9,2199,2,7,HYUNDAI SANTA FE,10,E01024467,0,-1
2023501383417,2023,501383417,1,9,0,18,19,2,5,0,0,0,0,0,0,0,3,1,2,2,1,33,6,2199,2,8,HYUNDAI SANTA FE,3,E01029038,0,-1
2023141379583,2023,141379583,1,9,0,5,5,8,4,0,0,1,0,0,0,0,4,1,5,6,1,55,8,1991,2,18,HYUNDAI SANTA FE,2,E01007517,0,-1
2023430281991,2023,430281991,1,9,0,18,19,6,2,0,0,1,0,0,0,0,1,1,3,7,2,34,6,2199,2,5,HYUNDAI SANTA FE,10,E01028476,0,-1
2023122301065,2023,122301065,4,9,0,10,10,1,5,0,0,1,0,0,0,0,2,1,6,6,1,60,9,1991,2,19,HYUNDAI SANTA FE,1,E01033483,0,-1
2023461379286,2023,461379286,2,9,0,5,5,5,7,0,0,1,0,0,0,0,1,1,6,6,2,50,8,2199,2,3,HYUNDAI SANTA FE,2,E01000374,0,-1
2023351353537,2023,351353537,1,9,0,18,19,2,6,0,0,8,1,0,0,0,1,1,5,6,1,27,6,2199,2,12,HYUNDAI SANTA FE,8,E01018223,0,-1
2023122400071,2023,122400071,1,9,0,9,9,6,8,0,0,1,0,0,0,0,1,1,6,6,2,69,10,2199,2,12,HYUNDAI SANTA FE,9,E01033186,0,-1
2023111279225,2023,111279225,1,9,0,18,19,5,1,0,0,1,0,0,0,0,1,1,6,6,1,30,6,2199,2,12,HYUNDAI SANTA FE,-1,-1,0,-1
2023010445372,2023,010445372,1,9,0,4,4,3,7,0,0,2,0,0,0,0,3,1,6,6,1,38,7,2656,1,16,HYUNDAI SANTA FE,4,E01002684,0,-1
2023332300055,2023,332300055,2,9,0,2,2,0,0,0,0,0,0,0,0,0,2,1,6,6,1,-1,-1,1991,2,19,HYUNDAI SANTA FE,-1,-1,0,-1
2023531375139,2023,531375139,2,9,0,4,4,5,1,0,0,0,0,0,0,0,2,1,5,6,2,36,7,2199,2,6,HYUNDAI SANTA FE,2,E01022285,0,-1
2023221265186,2023,221265186,2,9,0,3,3,8,3,0,0,1,0,0,0,0,2,1,3,7,2,34,6,2199,2,10,HYUNDAI SANTA FE,9,E01032143,0,-1
2023320160532,2023,320160532,2,9,0,4,4,6,2,0,0,3,0,0,0,0,2,1,6,6,1,46,8,2188,2,15,HYUNDAI SANTA FE,6,E01026040,0,-1
2023991312433,2023,991312433,1,9,0,18,19,2,6,0,0,0,0,0,0,0,1,1,5,6,1,42,7,1598,8,1,HYUNDAI SANTA FE,10,-1,0,-1
2023520400615,2023,520400615,1,9,0,18,19,8,4,0,0,0,0,0,0,0,1,1,6,6,1,33,6,1991,2,18,HYUNDAI SANTA FE,2,E01032118,0,-1
2023201348975,2023,201348975,1,9,0,17,19,3,8,0,0,1,0,0,0,0,1,1,6,6,2,44,7,2199,2,6,HYUNDAI SANTA FE,6,E01031188,0,-1
2023451353796,2023,451353796,1,9,0,18,19,7,3,0,0,1,0,0,0,0,1,1,6,6,1,38,7,2199,2,9,HYUNDAI SANTA FE,8,E01030972,0,-1
2023991268570,2023,991268570,1,9,0,7,7,8,2,0,0,8,0,0,0,0,2,1,5,6,2,48,8,2199,2,7,HYUNDAI SANTA FE,10,-1,0,-1
2023201450749,2023,201450749,2,9,0,9,9,4,2,0,0,1,0,0,0,0,1,1,6,6,2,28,6,2199,2,7,HYUNDAI SANTA FE,10,E01009897,0,-1
2023131307974,2023,131307974,3,9,0,18,19,7,3,0,0,1,0,0,0,0,1,1,5,6,1,56,9,2199,2,8,HYUNDAI SANTA FE,6,E01010594,0,-1
2023161386626,2023,161386626,3,9,0,18,19,1,5,0,0,0,0,0,0,0,0,1,6,6,2,39,7,2199,2,6,HYUNDAI SANTA FE,8,E01013104,0,-1
2023010462707,2023,010462707,1,9,0,18,19,7,3,0,0,1,0,0,0,0,4,1,6,6,1,55,8,2199,2,13,HYUNDAI SANTA FE,3,E01002504,0,-1
2023010466306,2023,010466306,1,9,0,5,5,7,3,0,0,6,0,0,0,0,1,1,6,6,1,34,6,2360,1,5,-1,3,E01001492,0,-1
2023351282340,2023,351282340,1,9,0,18,19,6,2,0,0,0,5,0,1,0,3,1,5,6,1,25,5,2500,1,3,-1,5,E01018041,0,-1
2023010423361,2023,010423361,1,9,0,18,19,1,5,0,0,0,0,0,1,2,3,1,6,6,1,28,6,4973,1,34,-1,7,E01002349,0,-1
2023122300085,2023,122300085,2,9,0,18,19,1,5,0,0,8,1,0,7,3,3,1,6,6,2,62,9,-1,3,1,-1,6,E01027560,0,-1
2023010485124,2023,010485124,2,9,0,5,5,7,3,0,0,1,0,0,0,0,2,1,1,1,2,73,10,-1,3,0,-1,3,E01000689,0,-1
2023430204132,2023,430204132,1,9,0,18,19,2,6,0,0,0,0,0,0,0,1,1,6,6,1,50,8,-1,3,0,-1,-1,-1,0,-1
2023010474686,2023,010474686,1,9,0,3,3,6,2,0,0,2,0,0,0,0,2,1,6,6,1,36,7,-1,3,0,-1,3,E01000800,0,-1
2023010427833,2023,010427833,1,9,0,1,1,5,3,0,0,1,0,0,0,0,2,1,6,6,1,41,7,1332,1,1,MERCEDES GLB CLASS,5,E01000489,0,-1
2023311278558,2023,311278558,1,9,0,5,5,5,5,0,0,0,0,0,0,0,1,1,5,6,1,68,10,1950,2,2,MERCEDES GLB CLASS,3,E01013930,0,-1
2023010424563,2023,010424563,2,9,0,99,99,9,9,99,99,9,9,99,9,99,1,9,6,6,3,-1,-1,1950,2,2,MERCEDES GLB CLASS,-1,-1,0,-1
2023141292586,2023,141292586,2,9,0,18,19,2,6,0,0,0,0,4,0,0,1,1,6,6,2,64,9,1950,2,1,MERCEDES GLB CLASS,9,E01007808,0,-1
2023320183952,2023,320183952,2,9,0,13,13,8,4,0,0,0,5,0,7,4,1,1,6,6,1,37,7,1950,2,3,MERCEDES GLB CLASS,9,E01026301,0,-1
2023010424359,2023,010424359,2,9,0,11,11,1,5,0,0,8,9,0,0,0,1,9,6,6,3,-1,-1,1332,1,2,MERCEDES GLB CLASS,-1,-1,0,-1
2023010477894,2023,010477894,3,9,0,99,99,9,9,99,99,9,9,99,9,99,2,9,6,6,3,-1,-1,1332,1,1,MERCEDES GLB CLASS,3,E01023310,0,-1
2023131345276,2023,131345276,1,9,0,9,9,1,3,0,0,0,0,0,0,0,1,1,5,6,1,36,7,1950,2,1,MERCEDES GLB CLASS,10,E01011562,0,-1
2023010476582,2023,010476582,1,9,0,5,5,3,7,2,2,0,0,0,0,0,3,1,6,6,2,39,7,1950,2,1,MERCEDES GLB CLASS,4,E01000733,0,-1
2023010450169,2023,010450169,2,9,0,18,19,7,3,0,0,8,0,0,0,0,3,1,6,6,2,24,5,1332,1,0,MERCEDES GLB CLASS,2,E01003191,0,-1
2023201393396,2023,201393396,2,9,0,4,4,6,2,0,0,0,0,0,0,0,2,1,6,6,1,43,7,1332,1,0,MERCEDES GLB CLASS,10,E01010188,0,-1
2023141307630,2023,141307630,2,9,0,18,19,1,5,0,0,2,0,0,0,0,2,1,3,7,2,41,7,1332,1,1,MERCEDES GLB CLASS,3,E01007772,0,-1
2023010467850,2023,010467850,3,9,0,2,2,0,0,0,0,1,0,0,0,0,4,1,6,6,3,-1,-1,1950,2,3,MERCEDES GLB CLASS,-1,-1,0,-1
2023010439897,2023,010439897,1,9,0,18,19,1,5,0,0,6,0,0,0,0,3,1,6,6,1,43,7,1332,1,2,MERCEDES GLB CLASS,3,E01002707,0,-1
2023461344645,2023,461344645,1,9,0,18,19,5,1,0,0,0,0,0,0,0,3,1,6,6,1,72,10,1332,1,1,MERCEDES GLB CLASS,10,E01016054,0,-1
2023010464888,2023,010464888,2,9,0,99,99,9,9,99,99,9,9,99,9,99,1,9,6,6,3,26,6,1332,1,1,MERCEDES GLB CLASS,-1,-1,0,-1
2023302301258,2023,302301258,1,9,0,10,10,6,5,0,0,2,0,0,0,0,2,1,6,6,1,44,7,1332,1,1,MERCEDES GLB CLASS,7,E01019472,0,-1
2023010457601,2023,010457601,1,9,0,18,19,1,5,9,9,1,0,0,0,0,4,1,6,6,1,40,7,1332,1,2,MERCEDES GLB CLASS,5,E01000468,0,-1
2023340WN4792,2023,340WN4792,3,9,0,3,3,1,5,0,0,0,0,0,0,0,2,1,6,6,2,44,7,1950,2,0,MERCEDES GLB CLASS,10,E01027001,0,-1
2023010469078,2023,010469078,1,9,0,4,4,1,5,0,0,1,0,0,0,0,2,1,6,6,2,49,8,1950,2,2,MERCEDES GLB CLASS,2,E01024294,0,-1
2023052300071,2023,052300071,2,9,0,4,4,5,1,0,0,0,0,0,0,0,2,1,6,6,2,32,6,1332,1,1,MERCEDES GLB CLASS,9,E01007068,0,-1
2023010438028,2023,010438028,2,9,0,4,4,3,7,0,0,0,0,0,0,0,3,1,6,6,1,39,7,1332,1,2,MERCEDES GLB CLASS,2,E01004004,0,-1
2023010425221,2023,010425221,2,9,0,13,13,1,5,0,0,8,0,0,0,0,1,1,6,6,1,-1,-1,1332,1,1,MERCEDES GLB CLASS,-1,-1,0,-1
2023010468243,2023,010468243,1,9,0,15,15,7,3,0,0,2,0,0,0,0,4,1,6,6,1,43,7,1950,2,3,MERCEDES GLB CLASS,2,E01003267,0,-1
2023010482802,2023,010482802,2,9,0,99,99,9,9,99,99,9,9,99,9,99,9,9,6,6,3,-1,-1,1332,1,0,MERCEDES GLB CLASS,-1,-1,0,-1
2023332300658,2023,332300658,1,9,0,5,5,7,3,0,0,6,0,0,0,0,1,1,6,6,2,34,6,1332,1,1,MERCEDES GLB CLASS,10,E01032886,0,-1
2023340NN3432,2023,340NN3432,1,9,0,18,19,4,8,0,0,0,0,6,1,10,4,1,6,6,1,37,7,1950,2,3,MERCEDES GLB CLASS,7,E01027321,0,-1
2023440099948,2023,440099948,2,9,0,18,19,2,6,0,0,0,0,0,1,0,4,1,2,2,1,68,10,1950,2,1,MERCEDES GLB CLASS,10,E01023020,0,-1
2023540604023,2023,540604023,1,9,0,17,19,3,7,0,0,1,1,0,1,10,1,1,3,7,2,58,9,1332,1,2,MERCEDES GLB CLASS,8,E01032712,0,-1
2023421390982,2023,421390982,2,9,0,-1,-1,-1,-1,-1,-1,-1,-1,-1,-1,0,-1,1,6,6,1,41,7,1950,2,2,MERCEDES GLB CLASS,10,E01030166,0,-1
2023131347854,2023,131347854,1,9,0,17,19,7,3,0,0,1,0,0,0,0,1,1,5,6,1,34,6,1332,1,0,MERCEDES GLB CLASS,1,E01011143,0,-1
2023010458194,2023,010458194,2,9,0,99,99,9,9,99,99,9,9,99,9,99,1,9,6,6,3,38,7,1332,1,2,MERCEDES GLB CLASS,5,E01000285,0,-1
2023010477111,2023,010477111,1,9,0,99,99,9,9,99,99,9,9,99,9,99,2,9,6,6,2,32,6,1332,1,1,MERCEDES GLB CLASS,-1,-1,0,-1
2023010430738,2023,010430738,2,9,0,4,4,4,8,0,0,0,0,0,0,0,2,1,6,6,2,45,7,1332,1,1,MERCEDES GLB CLASS,9,E01000461,0,-1
2023010453465,2023,010453465,2,9,9,99,99,9,9,99,99,9,9,99,9,99,1,9,6,6,3,-1,-1,1332,1,3,MERCEDES GLB CLASS,3,E01000367,0,-1
2023010421626,2023,010421626,2,9,0,6,6,7,7,0,0,0,0,0,0,0,1,9,6,6,2,43,7,1332,1,2,MERCEDES GLB CLASS,10,E01030398,0,-1
2023421394139,2023,421394139,1,9,0,8,8,8,2,0,0,1,0,0,0,0,1,1,6,6,1,43,7,1332,1,1,MERCEDES GLB CLASS,-1,-1,0,-1
2023141323821,2023,141323821,1,9,0,18,19,5,1,0,0,0,0,0,0,0,2,1,6,6,1,40,7,1332,1,1,MERCEDES GLB CLASS,8,E01007712,0,-1
2023031288776,2023,031288776,2,9,0,18,19,3,7,0,0,1,0,0,0,0,1,1,5,6,1,29,6,1950,2,1,MERCEDES GLB CLASS,5,E01012343,0,-1
2023131277307,2023,131277307,2,9,0,2,2,0,0,0,0,2,0,0,0,0,2,1,6,6,3,-1,-1,1332,1,1,MERCEDES GLB CLASS,-1,-1,0,-1
2023010430002,2023,010430002,1,9,0,99,99,9,9,99,99,9,9,99,9,99,1,9,6,6,2,40,7,1332,1,2,MERCEDES GLB CLASS,5,E01000224,0,-1
2023201409746,2023,201409746,2,9,0,15,15,4,8,0,0,1,0,0,0,0,3,1,6,6,2,45,7,1332,1,0,MERCEDES GLB CLASS,8,E01009471,0,-1
2023522301325,2023,522301325,2,9,0,18,19,5,1,0,0,1,0,0,0,0,1,1,1,1,1,37,7,1332,1,1,MERCEDES GLB CLASS,7,E01028486,0,-1
2023311353264,2023,311353264,1,3,0,9,9,5,2,0,0,1,0,0,0,0,1,1,6,6,1,-1,-1,125,1,6,-1,-1,-1,0,-1
2023010468056,2023,010468056,1,9,0,18,19,4,8,0,0,0,0,4,0,0,1,1,6,6,1,29,6,3498,1,19,-1,4,E01001087,0,-1
2023531335503,2023,531335503,1,9,0,18,19,4,8,0,0,0,1,6,0,0,4,1,2,2,1,36,7,3490,1,21,-1,5,E01014062,0,-1
2023101350640,2023,101350640,2,9,0,18,19,5,1,0,0,5,0,7,0,0,1,1,2,2,1,34,6,3498,1,18,-1,2,E01020748,0,-1
2023311280954,2023,311280954,2,9,0,18,19,6,2,0,0,0,0,0,0,0,1,1,6,6,1,45,7,3498,1,17,-1,5,E01028078,0,-1
2023430125244,2023,430125244,1,9,0,18,19,2,6,0,0,3,1,0,4,2,1,1,2,2,1,37,7,3498,1,19,-1,5,E01016771,0,-1
2023461391368,2023,461391368,1,9,0,18,19,4,7,0,0,0,1,0,0,0,1,1,1,1,1,41,7,3498,1,14,-1,9,E01016052,0,-1
2023411359804,2023,411359804,2,9,0,9,9,3,1,0,0,4,0,0,0,0,3,1,5,6,1,27,6,3500,1,18,-1,8,E01017461,0,-1
2023501319641,2023,501319641,2,8,0,9,9,3,7,0,0,0,0,0,0,0,1,1,1,1,1,58,9,1997,2,11,PEUGEOT E7,2,E01015073,0,-1
2023332300862,2023,332300862,2,8,0,9,9,7,5,0,0,5,0,0,0,0,4,1,6,6,1,66,10,1997,2,9,PEUGEOT E7,2,E01013654,0,-1
2023522301861,2023,522301861,1,8,0,7,7,1,3,0,0,6,0,0,0,0,1,1,6,6,1,67,10,1997,2,9,PEUGEOT E7,10,E01014980,0,-1
2023361259829,2023,361259829,1,8,0,18,19,5,1,0,0,1,0,0,0,0,4,1,3,7,1,70,10,1997,2,9,PEUGEOT E7,2,E01026600,0,-1
2023041287338,2023,041287338,1,9,0,18,19,7,3,0,0,1,0,0,0,0,1,1,6,6,1,51,8,-1,-1,-1,-1,1,E01024909,0,-1
2023141387220,2023,141387220,1,8,0,5,5,6,2,0,0,0,0,0,0,0,0,1,6,6,3,-1,-1,1997,2,7,PEUGEOT E7,-1,-1,0,-1
2023201439351,2023,201439351,2,9,0,18,19,6,2,2,2,0,0,10,1,0,3,1,1,1,1,51,8,-1,-1,-1,-1,1,E01009079,0,-1