collision_index,collision_year,collision_ref_no,vehicle_reference,vehicle_type,towing_and_articulation,vehicle_manoeuvre_historic,vehicle_manoeuvre,vehicle_direction_from,vehicle_direction_to,vehicle_location_restricted_lane_historic,vehicle_location_restricted_lane,junction_location,skidding_and_overturning,hit_object_in_carriageway,vehicle_leaving_carriageway,hit_object_off_carriageway,first_point_of_impact,vehicle_left_hand_drive,journey_purpose_of_driver_historic,journey_purpose_of_driver,sex_of_driver,age_of_driver,age_band_of_driver,engine_capacity_cc,propulsion_code,age_of_vehicle,generic_make_model,driver_imd_decile,lsoa_of_driver,escooter_flag,driver_distance_banding
2023070278681,2023,070278681,2,8,0,4,4,4,6,0,0,8,0,0,0,0,2,1,6,6,1,-1,-1,1997,2,10,PEUGEOT E7,-1,-1,0,-1
2023141289226,2023,141289226,2,9,0,18,19,6,2,0,0,1,0,0,0,0,4,1,1,1,1,50,8,-1,-1,-1,-1,4,E01007882,0,-1
2023141262904,2023,141262904,1,8,0,4,4,6,2,0,0,0,0,0,0,0,0,1,6,6,3,-1,-1,1997,2,11,PEUGEOT E7,-1,-1,0,-1
2023440386055,2023,440386055,1,8,0,7,7,3,5,0,0,8,0,0,0,0,1,1,1,1,2,56,9,1997,2,8,PEUGEOT E7,10,E01032853,0,-1
2023549546523,2023,549546523,2,8,0,18,19,1,4,0,0,1,0,0,0,0,1,1,1,1,1,61,9,1997,2,8,PEUGEOT E7,7,E01015493,0,-1
2023991353583,2023,991353583,1,8,0,17,19,8,4,0,0,0,2,0,1,0,1,1,1,1,1,45,7,1997,2,9,PEUGEOT E7,2,-1,0,-1
2023061371812,2023,061371812,2,9,0,18,19,5,1,0,0,8,0,0,0,0,1,1,5,6,1,58,9,-1,3,1,SKODA ENYAQ,-1,-1,0,-1
2023010480379,2023,010480379,2,9,0,2,2,0,0,0,0,0,0,0,0,0,1,1,6,6,1,52,8,-1,3,1,SKODA ENYAQ,-1,-1,0,-1
2023311295874,2023,311295874,1,9,0,18,19,1,3,0,0,0,0,0,0,0,2,1,5,6,2,44,7,-1,3,1,SKODA ENYAQ,10,E01028401,0,-1
2023221314741,2023,221314741,1,9,0,18,19,5,1,0,0,8,0,0,0,0,1,1,6,6,1,53,8,-1,3,1,SKODA ENYAQ,6,E01032352,0,-1
2023131316803,2023,131316803,2,9,0,18,19,3,7,0,0,3,0,0,0,0,1,1,5,6,1,43,7,-1,3,0,SKODA ENYAQ,1,E01011901,0,-1
2023531311042,2023,531311042,2,9,0,18,19,2,6,0,0,0,0,0,0,0,1,1,1,1,1,43,7,-1,3,2,SKODA ENYAQ,6,E01022268,0,-1
2023501312619,2023,501312619,2,9,0,18,19,7,4,0,0,4,0,0,0,0,4,1,6,6,2,38,7,-1,3,1,SKODA ENYAQ,2,E01015210,0,-1
2023411295790,2023,411295790,1,9,0,13,13,4,8,0,0,1,0,0,0,0,1,1,1,1,1,46,8,-1,3,2,SKODA ENYAQ,1,E01023536,0,-1
2023361330043,2023,361330043,4,9,0,4,4,4,8,0,0,0,0,0,0,0,2,1,2,2,1,35,6,-1,3,2,SKODA ENYAQ,1,E01026626,0,-1
2023010448922,2023,010448922,1,9,0,99,99,9,9,99,99,0,9,99,9,99,9,9,6,6,3,-1,-1,-1,3,1,SKODA ENYAQ,-1,-1,0,-1
2023010467607,2023,010467607,1,9,0,10,10,7,5,0,0,1,0,0,0,0,3,1,1,1,1,46,8,-1,3,0,SKODA ENYAQ,3,E01016444,0,-1
2023451384437,2023,451384437,1,9,0,9,9,1,7,0,0,6,0,0,0,0,1,1,5,6,2,46,8,-1,3,0,SKODA ENYAQ,10,E01030626,0,-1
2023361260570,2023,361260570,1,9,0,1,1,1,5,0,0,0,0,0,0,0,1,1,5,6,1,75,10,-1,3,1,SKODA ENYAQ,9,E01026906,0,-1
2023201376021,2023,201376021,1,9,0,7,7,2,4,0,0,1,0,0,0,0,1,1,6,6,1,-1,-1,-1,3,1,SKODA ENYAQ,-1,-1,0,-1
2023520300601,2023,520300601,3,9,0,2,2,0,0,0,0,0,0,0,0,0,2,1,6,6,3,-1,-1,-1,3,2,SKODA ENYAQ,-1,-1,0,-1
2023221326934,2023,221326934,1,9,0,18,19,1,5,0,0,0,0,0,1,9,1,1,6,6,2,41,7,-1,3,0,SKODA ENYAQ,10,E01032419,0,-1
2023010468861,2023,010468861,2,9,0,2,2,0,0,0,0,2,0,0,0,0,3,1,6,6,3,-1,-1,-1,3,1,SKODA ENYAQ,-1,-1,0,-1
2023010462239,2023,010462239,2,9,0,18,19,7,3,0,0,1,0,0,0,0,3,1,1,1,1,59,9,-1,3,1,SKODA ENYAQ,2,E01000433,0,-1
2023361333590,2023,361333590,3,9,0,4,4,8,4,0,0,0,0,0,0,0,2,1,5,6,1,76,11,-1,3,2,SKODA ENYAQ,9,E01026906,0,-1
2023071141449,2023,071141449,2,9,0,4,4,5,8,0,0,0,0,0,0,0,2,1,6,6,2,52,8,-1,3,1,SKODA ENYAQ,10,E01018569,0,-1
2023461293117,2023,461293117,1,9,0,9,9,1,7,0,0,4,0,0,0,0,3,1,2,2,2,43,7,-1,3,1,SKODA ENYAQ,9,E01001067,0,-1
2023010446488,2023,010446488,1,9,0,5,5,1,5,0,0,8,0,0,0,0,1,1,2,2,1,50,8,-1,3,0,SKODA ENYAQ,4,E01003322,0,-1
2023320123541,2023,320123541,1,8,0,4,4,2,6,0,0,0,0,4,0,0,1,1,1,1,1,30,6,-1,3,1,-1,3,E01015652,0,-1
2023061335607,2023,061335607,2,9,0,18,19,3,7,0,0,8,0,0,0,0,4,1,5,6,1,57,9,-1,3,1,SKODA ENYAQ,8,E01005001,0,-1
2023010469271,2023,010469271,3,9,0,4,4,8,4,0,0,0,0,0,0,0,1,1,6,6,1,47,8,-1,3,1,SKODA ENYAQ,2,E01032564,0,-1
2023421386541,2023,421386541,1,9,0,9,9,8,6,0,0,5,0,0,0,0,1,1,1,1,2,60,9,-1,3,1,SKODA ENYAQ,9,E01021927,0,-1
2023552300763,2023,552300763,2,9,0,4,4,2,6,0,0,0,0,0,0,0,2,1,6,6,1,49,8,-1,3,0,SKODA ENYAQ,8,E01020583,0,-1
2023122300237,2023,122300237,1,9,0,18,19,7,3,0,0,0,0,0,0,0,4,1,6,6,1,80,11,-1,3,2,SKODA ENYAQ,5,E01027776,0,-1
2023122300865,2023,122300865,1,9,0,7,7,2,6,0,0,1,0,0,0,0,4,1,6,6,1,38,7,-1,3,0,SKODA ENYAQ,8,E01027586,0,-1
2023471268574,2023,471268574,1,9,0,9,9,7,5,0,0,2,0,0,0,0,1,1,5,6,1,64,9,-1,3,2,SKODA ENYAQ,6,E01021125,0,-1
2023421382536,2023,421382536,1,9,0,9,9,3,1,0,0,1,0,0,0,0,1,1,6,6,1,56,9,-1,3,1,SKODA ENYAQ,9,E01033613,0,-1
2023010424393,2023,010424393,2,9,0,99,99,9,9,99,99,9,9,99,9,99,1,9,6,6,3,62,9,-1,3,1,SKODA ENYAQ,2,E01000049,0,-1
2023501363198,2023,501363198,2,9,0,9,9,3,8,0,0,8,0,0,0,0,3,1,1,1,1,56,9,-1,3,0,SKODA ENYAQ,-1,-1,0,-1
2023201277812,2023,201277812,1,9,0,18,19,8,4,0,0,1,0,0,0,0,1,1,6,6,1,25,5,-1,3,1,SKODA ENYAQ,5,E01009774,0,-1
2023461391416,2023,461391416,2,3,0,8,8,3,7,0,0,1,0,0,0,0,2,1,2,2,1,30,6,124,1,0,-1,2,E01015934,0,-1
2023201376551,2023,201376551,1,3,0,18,19,3,7,0,0,4,1,10,1,0,1,1,2,2,1,46,8,124,1,0,-1,2,E01009075,0,-1
2023552300568,2023,552300568,1,2,0,18,19,5,1,0,0,0,0,0,0,0,1,1,6,6,1,16,4,49,1,6,-1,6,E01020493,0,-1
2023010423686,2023,010423686,1,90,0,99,99,9,9,99,99,9,9,99,9,99,2,9,6,6,1,40,7,2500,2,31,-1,3,E01000945,0,-1
2023520300531,2023,520300531,1,90,0,18,19,1,3,0,0,0,0,0,0,0,4,1,6,6,2,65,9,2500,2,30,-1,6,E01014764,0,-1
202360A006825,2023,60A006825,2,90,0,18,19,2,7,0,0,8,0,0,7,0,3,1,6,6,1,60,9,2500,2,32,-1,-1,-1,0,-1
2023461376697,2023,461376697,1,90,0,2,2,0,0,0,0,0,0,0,0,0,9,1,6,6,1,47,8,1971,1,34,-1,5,E01024692,0,-1
202360A042185,2023,60A042185,2,9,0,16,19,7,2,0,0,0,0,0,0,0,1,1,2,2,2,21,5,1598,2,9,VOLKSWAGEN BEETLE,-1,-1,0,-1
2023101331967,2023,101331967,1,9,0,18,19,1,5,0,0,0,0,0,0,0,1,1,6,6,2,31,6,1197,1,10,VOLKSWAGEN BEETLE,1,E01008170,0,-1
2023161352593,2023,161352593,3,9,0,2,2,0,0,0,0,0,0,0,0,0,3,1,6,6,3,-1,-1,1197,1,7,VOLKSWAGEN BEETLE,-1,-1,0,-1
2023501302662,2023,501302662,2,9,0,18,19,2,6,0,0,0,5,0,0,0,2,2,5,6,1,55,8,1131,1,74,VOLKSWAGEN BEETLE,4,E01018820,0,-1
2023311331771,2023,311331771,1,9,0,18,19,2,6,0,0,0,0,0,0,0,-1,1,6,6,2,64,9,1984,1,20,VOLKSWAGEN BEETLE,9,E01028099,0,-1
2023010480069,2023,010480069,1,9,0,18,19,1,5,0,0,8,0,0,1,0,3,1,6,6,1,51,8,1596,1,21,VOLKSWAGEN BEETLE,4,E01000134,0,-1
2023010462971,2023,010462971,2,9,0,4,4,4,8,0,0,0,0,0,0,0,0,1,6,6,2,34,6,1596,1,19,VOLKSWAGEN BEETLE,6,E01001033,0,-1
2023161386940,2023,161386940,3,9,0,2,2,0,0,0,0,2,0,0,0,0,2,1,6,6,3,-1,-1,1598,2,8,VOLKSWAGEN BEETLE,-1,-1,0,-1
2023991289520,2023,991289520,1,9,0,18,19,1,5,0,0,0,0,0,0,0,1,1,5,6,2,72,10,1595,1,12,VOLKSWAGEN BEETLE,2,-1,0,-1
2023401328202,2023,401328202,5,9,0,2,2,0,0,0,0,0,0,0,0,0,1,1,6,6,3,-1,-1,1596,1,17,VOLKSWAGEN BEETLE,-1,-1,0,-1
2023061384645,2023,061384645,2,9,0,18,19,8,4,0,0,0,0,0,0,0,3,1,5,6,2,43,7,1197,1,8,VOLKSWAGEN BEETLE,6,E01005625,0,-1
2023131304937,2023,131304937,2,9,0,18,19,3,7,0,0,0,0,0,0,0,4,1,5,6,2,36,7,1896,2,18,VOLKSWAGEN BEETLE,8,E01010858,0,-1
2023552300779,2023,552300779,1,9,0,18,19,7,3,0,0,0,0,0,0,0,1,1,6,6,2,58,9,1596,1,19,VOLKSWAGEN BEETLE,8,E01020475,0,-1
2023111342386,2023,111342386,2,9,0,18,19,8,4,0,0,1,0,0,0,0,3,1,6,6,1,25,5,1596,1,18,VOLKSWAGEN BEETLE,9,E01027275,0,-1
2023440325475,2023,440325475,2,9,0,7,7,4,6,0,0,6,0,0,0,0,1,1,6,6,2,25,5,1390,1,18,VOLKSWAGEN BEETLE,7,E01017285,0,-1
2023052302559,2023,052302559,1,9,0,5,5,2,6,0,0,6,0,0,0,0,1,1,6,6,2,57,9,1598,2,10,VOLKSWAGEN BEETLE,6,E01006972,0,-1
2023401303960,2023,401303960,1,9,0,17,19,3,7,0,0,1,0,0,1,0,1,1,5,6,2,18,4,1596,1,16,VOLKSWAGEN BEETLE,10,E01017413,0,-1
2023340WN4272,2023,340WN4272,2,9,0,18,19,3,7,0,0,0,0,0,0,0,1,1,1,1,2,45,7,1984,1,18,VOLKSWAGEN BEETLE,5,E01027179,0,-1
2023401396331,2023,401396331,2,9,0,18,19,5,1,0,0,1,0,0,0,0,1,1,6,6,1,26,6,1968,2,9,VOLKSWAGEN BEETLE,5,E01017418,0,-1
2023451321762,2023,451321762,1,9,0,18,19,7,3,0,0,0,0,0,0,0,4,2,5,6,2,53,8,1984,1,19,VOLKSWAGEN BEETLE,10,E01030566,0,-1
2023461323432,2023,461323432,1,9,0,13,13,1,5,0,0,0,5,10,0,0,1,1,6,6,1,47,8,1596,1,17,VOLKSWAGEN BEETLE,1,E01024148,0,-1
2023221362269,2023,221362269,1,9,0,18,19,5,1,0,0,0,0,0,0,0,3,1,6,6,2,56,9,1596,1,19,VOLKSWAGEN BEETLE,7,E01009870,0,-1
2023991389860,2023,991389860,2,9,0,18,19,8,4,0,0,0,0,0,0,0,2,1,6,6,2,74,10,1197,1,6,VOLKSWAGEN BEETLE,3,-1,0,-1
2023010428265,2023,010428265,1,9,0,18,19,3,7,0,0,4,0,0,0,0,3,1,2,2,1,57,9,1596,1,20,VOLKSWAGEN BEETLE,5,E01001644,0,-1
2023545433623,2023,545433623,1,9,0,18,19,6,2,0,0,0,0,0,0,0,3,1,6,6,1,30,6,1896,2,17,VOLKSWAGEN BEETLE,4,E01032087,0,-1
2023010422384,2023,010422384,1,9,0,99,99,9,9,99,99,9,9,99,9,99,2,9,2,2,2,34,6,1968,2,11,VOLKSWAGEN BEETLE,6,E01004029,0,-1
2023471273500,2023,471273500,1,9,0,7,7,3,5,0,0,0,0,0,0,0,4,1,6,6,3,-1,-1,1596,1,17,VOLKSWAGEN BEETLE,-1,-1,0,-1
2023122300390,2023,122300390,1,9,0,5,5,6,1,0,0,1,0,0,0,0,1,1,6,6,1,58,9,1896,2,16,VOLKSWAGEN BEETLE,5,E01005759,0,-1
2023430240744,2023,430240744,1,9,0,18,19,5,1,0,0,8,0,0,0,0,4,1,2,2,2,43,7,1968,2,10,VOLKSWAGEN BEETLE,6,E01017929,0,-1
2023421352533,2023,421352533,1,9,0,13,13,1,5,0,0,3,0,0,0,0,4,1,5,6,2,62,9,1596,1,17,VOLKSWAGEN BEETLE,-1,-1,0,-1
2023522301085,2023,522301085,1,9,0,18,19,2,6,0,0,8,0,0,0,0,1,1,6,6,1,28,6,1781,1,21,VOLKSWAGEN BEETLE,2,E01014536,0,-1
2023501345764,2023,501345764,3,9,0,2,2,0,0,0,0,1,0,0,0,0,4,1,6,6,1,45,7,1984,1,20,VOLKSWAGEN BEETLE,3,E01018982,0,-1
2023201301233,2023,201301233,1,9,0,16,19,5,8,0,0,0,0,10,7,1,3,1,6,6,2,29,6,1598,2,8,VOLKSWAGEN BEETLE,9,E01010116,0,-1
2023010449524,2023,010449524,2,9,0,18,19,3,7,0,0,1,0,0,0,0,2,1,6,6,2,65,9,1390,1,9,VOLKSWAGEN BEETLE,10,E01000767,0,-1
2023131375902,2023,131375902,2,9,0,18,19,5,1,0,0,8,0,0,0,0,1,1,5,6,2,28,6,1596,1,17,VOLKSWAGEN BEETLE,3,E01011322,0,-1
2023010470819,2023,010470819,1,9,0,9,9,1,7,0,0,3,0,0,0,0,4,1,6,6,2,32,6,1390,1,11,VOLKSWAGEN BEETLE,1,E01001787,0,-1
2023461352904,2023,461352904,3,9,0,18,19,5,1,0,0,0,0,0,0,0,3,1,6,6,1,38,7,1197,1,11,VOLKSWAGEN BEETLE,4,E01016130,0,-1
2023991325532,2023,991325532,3,9,0,18,19,7,2,0,0,1,0,0,0,0,0,1,6,6,2,34,6,1598,2,8,VOLKSWAGEN BEETLE,2,-1,0,-1
2023552400145,2023,552400145,1,9,0,18,19,4,8,0,0,0,0,0,0,0,1,1,6,6,2,47,8,1598,2,10,VOLKSWAGEN BEETLE,1,E01015307,0,-1
2023471318237,2023,471318237,1,9,0,18,19,2,7,0,0,2,0,0,1,5,1,1,5,6,2,76,11,1596,1,17,VOLKSWAGEN BEETLE,10,E01016984,0,-1
2023451300786,2023,451300786,1,9,0,4,4,1,5,0,0,1,0,0,0,0,2,1,5,6,2,49,8,1600,1,22,VOLKSWAGEN BEETLE,-1,-1,0,-1
2023440204701,2023,440204701,1,9,0,18,19,6,2,0,0,8,0,0,0,0,4,1,2,2,2,60,9,1968,2,9,VOLKSWAGEN BEETLE,2,E01017363,0,-1
2023411326079,2023,411326079,2,9,0,9,9,3,7,0,0,1,0,0,0,0,1,1,6,6,2,58,9,1197,1,7,VOLKSWAGEN BEETLE,6,E01023431,0,-1
2023211397660,2023,211397660,1,9,0,4,4,0,0,0,0,0,0,4,0,0,4,1,6,6,3,30,6,1596,1,17,VOLKSWAGEN BEETLE,-1,-1,0,-1
2023010460066,2023,010460066,1,9,0,16,19,1,5,0,0,0,0,0,0,0,1,1,6,6,2,50,8,1197,1,6,VOLKSWAGEN BEETLE,-1,-1,0,-1
2023010466654,2023,010466654,1,9,0,3,3,8,4,0,0,0,0,0,0,0,2,1,6,6,2,45,7,1197,1,10,VOLKSWAGEN BEETLE,-1,-1,0,-1
2023211367079,2023,211367079,1,9,0,1,1,1,5,0,0,0,0,0,0,0,3,1,3,7,2,47,8,1390,1,19,VOLKSWAGEN BEETLE,10,E01029854,0,-1
2023221356313,2023,221356313,1,9,0,18,19,5,1,0,0,0,1,0,0,0,1,1,5,6,2,33,6,1984,1,18,VOLKSWAGEN BEETLE,9,E01014176,0,-1
2023461345116,2023,461345116,1,9,0,18,19,3,7,0,0,8,0,0,0,0,1,1,6,6,2,25,5,1390,1,16,VOLKSWAGEN BEETLE,5,E01024033,0,-1
2023546698823,2023,546698823,2,9,0,2,2,0,0,0,0,1,0,0,0,0,1,1,6,6,1,56,9,1596,1,21,VOLKSWAGEN BEETLE,8,E01032712,0,-1
2023131364300,2023,131364300,1,9,0,9,9,8,7,0,0,8,0,0,0,0,3,1,6,6,2,21,5,1197,1,7,VOLKSWAGEN BEETLE,8,E01011690,0,-1
2023010422241,2023,010422241,2,9,0,18,19,5,1,0,0,8,0,0,0,0,1,1,6,6,1,42,7,1896,2,17,VOLKSWAGEN BEETLE,2,E01015976,0,-1
2023501373641,2023,501373641,2,9,0,2,2,0,0,0,0,1,0,4,0,0,2,1,6,6,3,-1,-1,1896,2,19,VOLKSWAGEN BEETLE,-1,-1,0,-1
2023461270519,2023,461270519,2,9,0,18,19,3,7,0,0,0,0,0,0,0,2,1,6,6,2,25,5,1390,1,19,VOLKSWAGEN BEETLE,3,E01024059,0,-1
2023332300660,2023,332300660,1,9,0,18,19,3,7,0,0,0,5,0,0,0,1,1,6,6,2,42,7,1390,1,11,VOLKSWAGEN BEETLE,9,E01025777,0,-1
2023461361879,2023,461361879,2,9,0,18,19,3,7,0,0,1,0,0,0,0,3,1,6,6,2,45,7,1984,1,19,VOLKSWAGEN BEETLE,6,E01024556,0,-1
2023071041529,2023,071041529,1,9,0,18,19,3,7,0,0,1,0,0,0,0,1,1,6,6,3,-1,-1,1398,1,17,VOLKSWAGEN BEETLE,-1,-1,0,-1
2023311292778,2023,311292778,1,9,0,18,19,6,8,0,0,0,0,0,0,0,1,1,6,6,2,29,6,1390,1,18,VOLKSWAGEN BEETLE,2,E01028231,0,-1
2023471305850,2023,471305850,1,9,0,11,11,1,5,0,0,0,0,0,0,0,4,1,6,6,2,24,5,1395,1,6,VOLKSWAGEN BEETLE,6,E01021145,0,-1
2023010432280,2023,010432280,2,9,0,18,19,1,5,0,0,0,0,0,0,0,4,1,2,2,2,57,9,1984,1,20,VOLKSWAGEN BEETLE,4,E01000235,0,-1
2023430521536,2023,430521536,1,9,0,9,9,7,5,0,0,5,0,0,0,0,1,1,2,2,1,63,9,1595,1,13,VOLKSWAGEN BEETLE,-1,-1,0,-1
2023501402924,2023,501402924,2,9,0,3,3,8,4,99,99,0,0,0,9,0,2,1,6,6,2,47,8,1390,1,15,VOLKSWAGEN BEETLE,5,E01020122,0,-1
2023421379273,2023,421379273,1,9,0,-1,-1,-1,-1,-1,-1,0,-1,-1,-1,0,-1,1,6,6,3,-1,-1,1398,1,17,VOLKSWAGEN BEETLE,6,E01021678,0,-1
2023311370950,2023,311370950,2,9,0,18,19,7,1,0,0,1,1,0,0,0,1,1,2,2,2,53,8,1197,1,8,VOLKSWAGEN BEETLE,10,E01028396,0,-1
2023531365110,2023,531365110,1,9,0,18,19,1,5,0,0,0,0,0,0,0,1,1,2,2,2,44,7,1598,2,10,VOLKSWAGEN BEETLE,8,E01031020,0,-1
2023201405144,2023,201405144,6,9,0,2,2,0,0,0,0,0,0,0,0,0,1,1,6,6,1,-1,-1,1595,1,22,VOLKSWAGEN BEETLE,-1,-1,0,-1
2023411300051,2023,411300051,1,9,0,18,19,3,6,0,0,0,0,0,0,0,1,1,5,6,2,56,9,1395,1,8,VOLKSWAGEN BEETLE,8,E01023627,0,-1
2023221346684,2023,221346684,1,9,0,3,3,5,1,0,0,0,0,0,0,0,3,1,5,6,2,35,6,1197,1,10,VOLKSWAGEN BEETLE,1,E01032232,0,-1
2023411308843,2023,411308843,1,9,0,18,19,3,7,0,0,1,0,0,0,0,1,1,6,6,1,47,8,1596,1,20,VOLKSWAGEN BEETLE,6,E01017929,0,-1
2023471351842,2023,471351842,2,9,0,2,2,0,0,9,9,2,0,0,0,0,3,1,6,6,3,-1,-1,1390,1,10,VOLKSWAGEN BEETLE,-1,-1,0,-1
2023461359607,2023,461359607,1,9,0,18,19,7,3,0,0,0,2,4,0,0,1,1,6,6,2,38,7,1596,1,18,VOLKSWAGEN BEETLE,3,E01024166,0,-1
2023332300390,2023,332300390,1,9,0,7,7,1,5,0,0,6,0,0,1,0,1,1,6,6,2,43,7,1968,2,8,VOLKSWAGEN BEETLE,5,E01013790,0,-1
2023010426604,2023,010426604,1,9,0,4,4,5,1,0,0,8,0,0,0,0,4,1,2,2,2,40,7,1596,1,14,VOLKSWAGEN BEETLE,3,E01002400,0,-1
2023010461015,2023,010461015,1,9,0,18,19,1,5,99,99,9,9,99,9,99,4,9,6,6,2,19,4,1390,1,13,VOLKSWAGEN BEETLE,7,E01002161,0,-1
2023010430985,2023,010430985,1,9,0,9,9,5,3,0,0,1,0,4,1,0,3,1,1,1,2,55,8,1390,1,14,VOLKSWAGEN BEETLE,5,E01000975,0,-1
2023471284692,2023,471284692,1,9,0,18,19,5,1,0,0,1,0,0,0,0,3,1,5,6,2,59,9,1197,1,8,VOLKSWAGEN BEETLE,4,E01031386,0,-1
2023522300838,2023,522300838,1,9,0,18,19,7,3,0,0,8,0,0,0,0,1,1,6,6,2,47,8,1197,1,11,VOLKSWAGEN BEETLE,4,E01032673,0,-1
2023361367095,2023,361367095,1,9,0,18,19,1,5,0,0,8,0,0,3,0,1,1,5,6,2,26,6,1596,1,16,VOLKSWAGEN BEETLE,-1,-1,0,-1
2023170S12293,2023,170S12293,1,9,0,18,19,4,8,0,0,0,0,0,0,0,1,1,6,6,2,20,4,1596,1,15,VOLKSWAGEN BEETLE,3,E01027625,0,-1
2023041275831,2023,041275831,2,9,0,18,19,1,5,0,0,0,0,0,0,0,3,1,5,6,2,21,5,1197,1,11,VOLKSWAGEN BEETLE,6,E01025433,0,-1
2023320482308,2023,320482308,1,9,0,9,9,4,2,0,0,6,2,0,0,0,1,1,6,6,1,45,7,1896,2,13,VOLKSWAGEN BEETLE,5,E01026315,0,-1
2023221359171,2023,221359171,1,9,0,17,19,3,1,0,0,0,0,0,0,0,1,1,5,6,2,49,8,1984,1,19,VOLKSWAGEN BEETLE,5,E01032156,0,-1
2023541925023,2023,541925023,2,9,0,18,19,8,4,0,0,0,0,0,0,0,2,1,6,6,1,36,7,1968,2,11,VOLKSWAGEN BEETLE,7,E01016293,0,-1
2023041378063,2023,041378063,1,9,0,9,9,1,7,0,0,6,0,0,0,0,1,1,5,6,2,40,7,1595,1,19,VOLKSWAGEN BEETLE,4,E01025093,0,-1
2023311311999,2023,311311999,3,9,0,2,2,0,0,9,9,0,0,0,0,0,1,1,6,6,3,-1,-1,1595,1,20,VOLKSWAGEN BEETLE,-1,-1,0,-1
2023010484330,2023,010484330,2,9,0,2,2,0,0,0,0,0,0,0,0,0,2,1,6,6,3,-1,-1,1596,1,15,VOLKSWAGEN BEETLE,-1,-1,0,-1
2023461305115,2023,461305115,1,9,0,5,5,5,1,0,0,8,0,0,0,0,1,1,6,6,1,25,5,1390,1,11,VOLKSWAGEN BEETLE,1,E01024278,0,-1
2023041366630,2023,041366630,1,9,0,18,19,5,1,0,0,0,0,0,0,0,1,1,5,6,2,17,4,1595,1,12,VOLKSWAGEN BEETLE,8,E01025012,0,-1
2023461351971,2023,461351971,2,9,0,3,3,3,7,0,0,0,0,0,0,0,2,1,6,6,2,56,9,1390,1,13,VOLKSWAGEN BEETLE,7,E01024435,0,-1
2023545977923,2023,545977923,2,9,0,4,4,3,7,0,0,4,0,0,0,0,2,1,6,6,2,56,9,1390,1,19,VOLKSWAGEN BEETLE,6,E01015579,0,-1
2023421355325,2023,421355325,3,9,0,18,19,4,8,0,0,0,0,0,0,0,2,1,6,6,2,30,6,1596,1,22,VOLKSWAGEN BEETLE,-1,-1,0,-1
2023421299583,2023,421299583,2,9,0,4,4,5,1,0,0,0,0,0,0,0,2,1,4,7,2,-1,-1,1395,1,7,VOLKSWAGEN BEETLE,-1,-1,0,-1
2023991366885,2023,991366885,1,9,0,18,19,6,2,0,0,0,1,0,0,0,1,1,5,6,1,36,7,1300,1,46,VOLKSWAGEN BEETLE,5,E01019128,0,-1
2023471312537,2023,471312537,1,9,0,2,2,2,6,0,0,0,0,0,6,10,2,1,2,2,2,60,9,1896,2,20,VOLKSWAGEN BEETLE,4,E01031628,0,-1
2023520301614,2023,520301614,2,9,0,18,19,8,4,0,0,8,0,0,0,0,1,1,6,6,2,29,6,1390,1,19,VOLKSWAGEN BEETLE,-1,-1,0,-1
2023552300334,2023,552300334,2,9,0,13,13,6,2,0,0,0,0,0,2,10,2,1,6,6,2,49,8,1390,1,10,VOLKSWAGEN BEETLE,9,E01015316,0,-1
2023010446307,2023,010446307,1,9,0,7,7,5,8,0,0,5,0,0,0,0,1,1,2,2,1,33,6,1596,1,18,VOLKSWAGEN BEETLE,2,E01000016,0,-1
2023052302975,2023,052302975,1,9,0,9,9,4,2,0,0,6,0,0,0,0,1,1,2,2,2,59,9,1596,1,17,VOLKSWAGEN BEETLE,8,E01007103,0,-1
2023070284611,2023,070284611,1,9,0,4,4,7,3,0,0,1,0,0,0,0,1,1,2,2,2,44,7,1197,1,9,VOLKSWAGEN BEETLE,-1,-1,0,-1
2023430334360,2023,430334360,1,9,0,6,6,4,4,0,0,1,0,0,0,0,3,1,6,6,2,31,6,1197,1,10,VOLKSWAGEN BEETLE,9,E01017813,0,-1
2023501260933,2023,501260933,2,9,0,18,19,7,3,0,0,1,1,0,0,0,1,1,5,6,1,32,6,1390,1,19,VOLKSWAGEN BEETLE,5,E01018839,0,-1
2023522300564,2023,522300564,1,9,0,9,9,6,4,0,0,5,0,0,0,0,3,1,6,6,2,46,8,1595,1,20,VOLKSWAGEN BEETLE,9,E01014398,0,-1
2023440329995,2023,440329995,1,9,0,4,4,1,5,0,0,2,0,0,0,0,2,1,6,6,2,45,7,1596,1,20,VOLKSWAGEN BEETLE,5,E01017358,0,-1
2023340NN3452,2023,340NN3452,1,9,0,9,9,2,6,0,0,4,0,9,3,1,1,1,6,6,1,50,8,1984,1,22,VOLKSWAGEN BEETLE,7,E01027338,0,-1
2023411277571,2023,411277571,2,9,0,3,3,7,3,0,0,1,0,0,0,0,1,1,2,2,2,30,6,1197,1,9,VOLKSWAGEN BEETLE,3,E01021806,0,-1
2023531288333,2023,531288333,2,9,0,5,5,6,2,0,0,0,0,0,0,0,2,1,5,6,2,56,9,1197,1,6,VOLKSWAGEN BEETLE,2,E01014042,0,-1
2023111280640,2023,111280640,2,9,0,18,19,5,1,0,0,8,0,0,0,0,1,1,6,6,2,56,9,1197,1,11,VOLKSWAGEN BEETLE,7,E01020726,0,-1
2023010478932,2023,010478932,1,9,0,5,5,7,3,0,0,4,0,0,0,0,1,1,6,6,1,53,8,1968,2,8,VOLKSWAGEN BEETLE,7,E01002888,0,-1
2023221316230,2023,221316230,2,9,0,18,19,4,8,0,0,8,0,0,0,0,1,1,6,6,2,64,9,1984,1,21,VOLKSWAGEN BEETLE,5,E01028864,0,-1
2023522301361,2023,522301361,2,9,0,2,2,0,0,0,0,0,0,4,0,0,2,1,6,6,2,63,9,1984,1,18,VOLKSWAGEN BEETLE,6,E01014891,0,-1