collision_index,collision_year,collision_ref_no,vehicle_reference,vehicle_type,towing_and_articulation,vehicle_manoeuvre_historic,vehicle_manoeuvre,vehicle_direction_from,vehicle_direction_to,vehicle_location_restricted_lane_historic,vehicle_location_restricted_lane,junction_location,skidding_and_overturning,hit_object_in_carriageway,vehicle_leaving_carriageway,hit_object_off_carriageway,first_point_of_impact,vehicle_left_hand_drive,journey_purpose_of_driver_historic,journey_purpose_of_driver,sex_of_driver,age_of_driver,age_band_of_driver,engine_capacity_cc,propulsion_code,age_of_vehicle,generic_make_model,driver_imd_decile,lsoa_of_driver,escooter_flag,driver_distance_banding
2023631383098,2023,631383098,1,9,0,9,9,1,5,0,0,6,0,0,0,0,1,1,6,6,2,18,4,1398,1,19,VOLKSWAGEN BEETLE,3,W01000655,0,-1
2023201287805,2023,201287805,3,9,0,3,3,8,4,0,0,1,0,0,0,0,0,1,6,6,2,28,6,1598,2,8,VOLKSWAGEN BEETLE,9,E01010116,0,-1
2023010450310,2023,010450310,2,9,0,99,99,9,9,99,99,9,9,99,9,99,9,9,6,6,1,-1,-1,1596,1,18,VOLKSWAGEN BEETLE,-1,-1,0,-1
2023131352500,2023,131352500,2,9,0,4,4,7,3,0,0,1,0,0,0,0,2,1,1,1,2,50,8,1596,1,15,VOLKSWAGEN BEETLE,8,E01010758,0,-1
2023501347326,2023,501347326,3,9,0,3,3,2,5,0,0,1,0,0,0,0,2,1,5,6,2,28,6,1984,1,20,VOLKSWAGEN BEETLE,4,E01029328,0,-1
2023371344591,2023,371344591,1,9,0,18,19,5,1,0,0,1,0,0,0,0,1,1,1,1,2,28,6,1968,2,10,VOLKSWAGEN BEETLE,10,E01029963,0,-1
2023501396051,2023,501396051,1,9,0,18,19,7,3,0,0,0,0,0,0,0,4,1,6,6,2,67,10,1984,1,23,VOLKSWAGEN BEETLE,6,E01018803,0,-1
2023302301712,2023,302301712,2,9,0,18,19,7,2,0,0,8,0,0,0,0,1,1,6,6,2,22,5,1197,1,10,VOLKSWAGEN BEETLE,7,E01019814,0,-1
2023430449122,2023,430449122,3,9,0,17,19,6,3,0,0,0,0,0,0,0,1,1,6,6,1,44,7,1596,1,18,VOLKSWAGEN BEETLE,9,E01028618,0,-1
2023010480803,2023,010480803,1,9,0,9,9,4,1,0,0,0,5,7,7,0,1,1,6,6,1,46,8,1596,1,20,VOLKSWAGEN BEETLE,3,E01003616,0,-1
2023340WN0092,2023,340WN0092,2,9,0,18,19,6,2,0,0,8,0,0,0,0,1,1,1,1,2,30,6,1596,1,18,VOLKSWAGEN BEETLE,6,E01027029,0,-1
2023101378997,2023,101378997,1,9,-1,-1,-1,-1,-1,-1,-1,0,-1,-1,-1,0,1,1,6,6,2,59,9,1197,1,6,VOLKSWAGEN BEETLE,10,E01006085,0,-1
202354A413523,2023,54A413523,1,9,0,18,19,3,7,0,0,1,0,0,0,0,1,1,6,6,2,33,6,1390,1,16,VOLKSWAGEN BEETLE,8,E01015552,0,-1
2023991337067,2023,991337067,2,9,0,18,19,6,2,0,0,0,0,0,0,0,1,1,2,2,2,59,9,1968,2,8,VOLKSWAGEN BEETLE,7,-1,0,-1
2023421264416,2023,421264416,1,9,0,8,8,3,4,0,0,1,0,0,0,0,3,1,5,6,2,27,6,1390,1,9,VOLKSWAGEN BEETLE,9,E01021789,0,-1
2023522301722,2023,522301722,1,9,0,11,11,2,5,0,0,3,0,0,0,0,4,1,6,6,2,53,8,1896,2,19,VOLKSWAGEN BEETLE,1,E01014582,0,-1
2023122300288,2023,122300288,1,2,0,17,19,5,1,0,0,0,0,0,0,0,1,1,2,2,1,16,4,49,1,7,APRILIA SR 50,8,E01013373,0,-1
2023332301144,2023,332301144,1,2,0,15,15,6,2,0,0,0,0,0,0,0,3,1,6,6,1,16,4,49,1,6,APRILIA SR 50,6,E01025840,0,-1
2023201378557,2023,201378557,1,2,0,14,14,2,6,0,0,0,0,0,0,0,1,1,4,7,1,16,4,49,1,7,APRILIA SR 50,3,E01009584,0,-1
2023122301067,2023,122301067,1,2,0,5,5,2,6,0,0,8,0,0,7,0,4,1,6,6,1,16,4,49,1,4,APRILIA SR 50,10,E01013420,0,-1
2023141325862,2023,141325862,2,97,0,17,19,5,1,0,0,1,1,0,0,0,1,1,5,6,1,16,4,49,1,16,-1,2,E01007497,0,-1
2023201313774,2023,201313774,1,2,0,18,19,7,3,0,0,8,0,0,0,0,1,1,6,6,1,16,4,49,1,10,APRILIA SR 50,4,E01010457,0,-1
2023031294692,2023,031294692,1,2,0,4,4,8,8,0,0,1,0,0,0,0,1,1,6,6,1,16,4,49,1,17,APRILIA SR 50,2,E01019165,0,-1
2023991377807,2023,991377807,2,2,0,18,19,3,7,0,0,8,0,0,0,0,4,1,2,2,1,16,4,49,1,3,APRILIA SR 50,4,-1,0,-1
2023141363549,2023,141363549,2,2,0,5,5,1,5,0,0,1,0,0,0,0,1,1,5,6,1,16,4,49,1,12,APRILIA SR 50,1,E01007472,0,-1
2023101287560,2023,101287560,4,2,0,18,19,5,1,0,0,1,0,0,0,0,1,1,5,6,1,16,4,49,1,2,APRILIA SR 50,10,E01027520,0,-1
2023161267926,2023,161267926,2,3,0,14,14,1,5,0,0,1,0,0,0,0,1,1,2,2,1,17,4,49,1,16,-1,-1,-1,0,-1
2023320089455,2023,320089455,1,2,0,16,19,5,8,0,0,0,2,0,7,0,3,1,6,6,1,16,4,49,1,8,APRILIA SR 50,4,E01026082,0,-1
2023430171892,2023,430171892,2,3,0,18,19,2,6,0,0,8,0,0,0,0,1,1,2,2,1,17,4,49,1,6,-1,6,E01016433,0,-1
2023041267053,2023,041267053,2,2,0,18,19,8,4,0,0,1,0,0,0,0,1,1,4,7,1,17,4,49,1,17,APRILIA SR 50,4,E01024945,0,-1
2023471321432,2023,471321432,2,3,0,18,19,3,7,0,0,8,0,0,0,0,1,1,5,6,1,18,4,124,1,4,APRILIA SX 125,7,E01031388,0,-1
2023302300912,2023,302300912,1,3,0,16,19,8,2,0,0,0,0,0,0,0,1,1,6,6,1,20,4,124,1,1,APRILIA SX 125,7,E01019472,0,-1
2023421342628,2023,421342628,1,3,0,18,19,5,5,6,6,0,1,4,0,0,2,1,5,6,1,27,6,124,1,2,APRILIA SX 125,-1,-1,0,-1
2023332300461,2023,332300461,2,3,0,15,15,2,6,0,0,8,0,0,7,0,1,1,6,6,1,17,4,124,1,0,APRILIA SX 125,10,E01025780,0,-1
2023141312114,2023,141312114,1,3,0,18,19,3,7,0,0,8,0,0,0,0,1,1,6,6,3,-1,-1,124,1,2,APRILIA SX 125,-1,-1,0,-1
2023440455861,2023,440455861,1,3,0,18,19,5,1,0,0,8,0,0,0,0,4,1,6,6,1,38,7,124,1,0,APRILIA SX 125,9,E01023103,0,-1
2023101387937,2023,101387937,2,3,0,18,19,5,1,0,0,1,5,0,0,0,1,1,6,6,1,49,8,124,1,0,APRILIA SX 125,2,E01008571,0,-1
2023361330326,2023,361330326,1,3,0,18,19,1,5,0,0,0,1,0,0,0,1,1,5,6,1,18,4,124,1,4,APRILIA SX 125,5,E01026726,0,-1
2023211362883,2023,211362883,1,3,0,18,19,8,4,0,0,0,2,0,0,0,1,1,6,6,1,17,4,124,1,5,APRILIA SX 125,3,E01029388,0,-1
2023501332369,2023,501332369,2,3,0,14,14,1,5,0,0,0,0,0,7,0,4,1,5,6,1,18,4,124,1,1,APRILIA SX 125,7,E01020064,0,-1
2023302300818,2023,302300818,2,3,0,18,19,2,6,0,0,8,0,0,0,0,1,1,6,6,1,41,7,124,1,1,APRILIA SX 125,3,E01019511,0,-1
2023010483630,2023,010483630,2,3,0,99,99,9,9,99,99,9,9,99,9,99,1,1,6,6,3,-1,-1,124,1,0,APRILIA SX 125,2,E01001051,0,-1
2023531345902,2023,531345902,2,3,0,18,19,8,4,0,0,1,0,0,0,0,4,1,2,2,1,17,4,124,1,1,APRILIA SX 125,5,E01022379,0,-1
2023421315205,2023,421315205,1,3,0,18,19,7,3,0,0,0,0,0,0,0,3,1,5,6,1,23,5,124,1,0,APRILIA SX 125,5,E01021905,0,-1
2023010477478,2023,010477478,2,3,0,99,99,9,9,99,99,9,9,99,9,99,9,1,6,6,1,21,5,124,1,3,APRILIA SX 125,4,E01002211,0,-1
2023461358562,2023,461358562,1,3,0,18,19,1,5,0,0,0,0,0,0,0,1,1,6,6,1,21,5,124,1,0,APRILIA SX 125,2,E01024699,0,-1
2023201340714,2023,201340714,2,3,0,9,9,8,6,0,0,5,0,0,0,0,3,1,2,2,1,26,6,124,1,1,APRILIA SX 125,2,E01010045,0,-1
2023010478869,2023,010478869,1,3,0,18,19,7,3,0,0,0,1,0,0,0,1,1,6,6,1,25,5,124,1,5,APRILIA SX 125,7,E01002228,0,-1
2023101320826,2023,101320826,1,3,0,18,19,4,8,0,0,3,0,0,0,0,4,1,5,6,1,17,4,124,1,1,APRILIA SX 125,2,E01020615,0,-1
2023430242496,2023,430242496,1,3,0,18,19,4,8,0,0,8,0,0,0,0,1,1,6,6,1,18,4,124,1,1,APRILIA SX 125,7,E01017878,0,-1
2023522300917,2023,522300917,1,3,0,18,19,6,2,0,0,8,0,0,0,0,1,1,6,6,1,41,7,124,1,1,APRILIA SX 125,10,E01014980,0,-1
2023231322891,2023,231322891,1,3,0,5,5,5,1,0,0,6,0,0,0,0,4,1,5,6,1,41,7,124,1,0,APRILIA SX 125,10,E01010227,0,-1
2023461358575,2023,461358575,2,3,0,18,19,1,5,0,0,0,0,0,0,0,1,1,6,6,1,24,5,124,1,0,APRILIA SX 125,3,E01016043,0,-1
2023545927023,2023,545927023,1,3,0,18,19,4,8,0,0,0,0,4,0,0,1,1,2,2,1,22,5,124,1,1,APRILIA SX 125,8,E01031910,0,-1
2023440259068,2023,440259068,1,3,0,18,19,7,3,0,0,0,0,0,0,0,1,1,6,6,1,18,4,124,1,3,APRILIA SX 125,10,E01023211,0,-1
2023041375874,2023,041375874,3,9,0,18,19,1,5,0,0,0,0,0,0,0,2,1,2,2,2,23,5,999,1,3,AUDI A1,10,E01006321,0,-1
2023010428435,2023,010428435,2,9,0,99,99,9,9,99,99,9,9,99,9,99,9,9,6,6,2,26,6,999,1,6,AUDI A1,8,E01001994,0,-1
2023061281396,2023,061281396,1,9,-1,-1,-1,-1,-1,-1,-1,-1,-1,-1,-1,0,-1,1,6,6,2,27,6,999,1,3,AUDI A1,2,E01032907,0,-1
2023471361471,2023,471361471,1,9,0,12,12,6,2,0,0,8,0,0,0,0,3,1,6,6,2,63,9,1395,1,9,AUDI A1,8,E01016981,0,-1
2023461388563,2023,461388563,2,9,0,1,1,4,8,0,0,0,0,0,0,0,4,1,3,7,2,41,7,999,1,8,AUDI A1,6,E01024171,0,-1
2023170S22333,2023,170S22333,3,9,0,3,3,4,8,0,0,1,0,0,0,0,2,1,2,2,1,57,9,1390,1,9,AUDI A1,9,E01012297,0,-1
2023461275438,2023,461275438,1,9,0,4,4,2,5,0,0,0,0,0,0,0,1,1,6,6,2,21,5,999,1,4,AUDI A1,4,E01024591,0,-1
2023131392234,2023,131392234,1,9,0,18,19,1,5,0,0,0,0,0,0,0,4,1,5,6,2,22,5,999,1,8,AUDI A1,4,E01011320,0,-1
2023311338828,2023,311338828,2,9,0,5,5,3,7,9,9,0,0,0,0,0,4,1,2,2,2,31,6,1395,1,6,AUDI A1,10,E01028365,0,-1
2023501294647,2023,501294647,1,9,0,5,5,2,6,0,0,6,0,0,0,0,1,1,6,6,2,53,8,1395,1,7,AUDI A1,5,E01018920,0,-1
2023010437961,2023,010437961,2,9,0,7,7,1,3,0,0,1,0,0,0,0,0,1,6,6,1,27,6,1395,1,10,AUDI A1,2,E01003305,0,-1
2023451383009,2023,451383009,1,9,0,12,12,3,7,0,0,0,0,0,0,0,3,1,5,6,2,77,11,999,1,1,AUDI A1,10,E01030808,0,-1
2023991381975,2023,991381975,1,9,0,9,9,7,5,0,0,8,0,0,0,0,1,1,6,6,2,22,5,1598,2,6,AUDI A1,-1,-1,0,-1
2023010466496,2023,010466496,1,9,0,99,99,9,9,99,99,9,9,99,9,99,9,9,6,6,2,61,9,1390,1,11,AUDI A1,7,E01000704,0,-1
2023201444957,2023,201444957,2,9,0,9,9,6,4,0,0,5,0,0,0,0,4,1,5,6,2,25,5,999,1,1,AUDI A1,7,E01032170,0,-1
2023131311185,2023,131311185,1,9,0,15,15,1,5,0,0,8,0,4,0,0,1,1,6,6,1,34,6,1390,1,10,AUDI A1,2,E01011251,0,-1
2023991291163,2023,991291163,2,9,0,18,19,4,8,0,0,0,0,0,0,0,2,1,2,2,2,49,8,1598,2,9,AUDI A1,5,-1,0,-1
2023010449572,2023,010449572,2,9,0,99,99,9,9,99,99,9,9,99,9,99,1,9,6,6,3,21,5,1197,1,11,AUDI A1,-1,-1,0,-1
2023501320277,2023,501320277,2,9,0,18,19,2,6,0,0,0,1,0,0,0,3,1,5,6,2,20,4,1598,2,9,AUDI A1,4,E01019002,0,-1
2023201307382,2023,201307382,1,9,0,18,19,4,8,0,0,1,0,0,0,0,3,1,1,1,2,21,5,1197,1,10,AUDI A1,3,E01029357,0,-1
2023411355170,2023,411355170,1,9,0,18,19,1,5,0,0,2,0,0,0,0,1,1,6,6,1,45,7,999,1,3,AUDI A1,9,E01023389,0,-1
2023211310907,2023,211310907,2,9,-1,3,3,6,2,-1,-1,0,-1,-1,-1,0,-1,1,5,6,2,25,5,1598,2,11,AUDI A1,-1,-1,0,-1
2023131309796,2023,131309796,2,9,0,9,9,7,5,0,0,8,0,0,0,0,3,1,5,6,2,42,7,1395,1,7,AUDI A1,8,E01011579,0,-1
2023161361188,2023,161361188,2,9,0,2,2,0,0,0,0,0,0,0,0,0,0,1,6,6,3,-1,-1,1598,2,8,AUDI A1,-1,-1,0,-1
2023991365442,2023,991365442,1,9,0,18,19,5,1,0,0,3,0,0,1,0,2,1,1,1,1,32,6,999,1,1,AUDI A1,6,-1,0,-1
2023010435043,2023,010435043,1,9,0,9,9,2,1,0,0,8,0,0,0,0,4,2,2,2,2,26,6,1390,1,9,AUDI A1,6,E01001342,0,-1
2023332300836,2023,332300836,1,9,0,18,19,2,6,0,0,0,0,0,0,0,1,1,6,6,1,19,4,1390,1,11,AUDI A1,4,E01013733,0,-1
2023440111448,2023,440111448,1,9,0,18,19,1,5,0,0,2,0,0,0,0,1,1,6,6,2,54,8,1395,1,5,AUDI A1,8,E01030422,0,-1
2023221369853,2023,221369853,2,9,0,18,19,8,4,0,0,8,0,0,0,0,4,1,3,7,2,42,7,999,1,0,AUDI A1,6,E01028857,0,-1
2023991288311,2023,991288311,2,9,0,18,19,2,6,0,0,0,0,0,1,0,2,1,5,6,1,65,9,1395,1,5,AUDI A1,6,-1,0,-1
2023340NN3662,2023,340NN3662,2,9,0,12,12,6,2,0,0,4,0,0,1,0,1,1,2,2,2,45,7,1395,1,5,AUDI A1,10,E01032973,0,-1
2023991366391,2023,991366391,1,9,0,13,13,6,2,0,0,1,0,0,4,0,1,1,6,6,2,27,6,1395,1,6,AUDI A1,1,-1,0,-1
2023101319825,2023,101319825,1,9,0,18,19,2,6,0,0,0,0,0,5,2,3,1,5,6,2,35,6,999,1,2,AUDI A1,7,E01020594,0,-1
2023010432978,2023,010432978,1,9,0,99,99,9,9,99,99,9,9,99,9,99,9,1,6,6,2,30,6,999,1,5,AUDI A1,2,E01003726,0,-1
2023122300705,2023,122300705,1,9,0,18,19,7,3,0,0,8,0,0,0,0,4,1,6,6,2,71,10,1390,1,10,AUDI A1,5,E01033069,0,-1
2023501321925,2023,501321925,1,9,0,9,9,7,5,0,0,1,0,0,0,0,1,1,6,6,1,51,8,1395,1,9,AUDI A1,6,E01020255,0,-1
2023411308761,2023,411308761,1,9,0,18,19,2,6,0,0,1,0,0,0,0,1,1,6,6,1,21,5,999,1,3,AUDI A1,3,E01023954,0,-1
2023061388466,2023,061388466,2,9,-1,-1,-1,-1,-1,-1,-1,0,-1,-1,-1,0,-1,1,2,2,2,27,6,1395,1,5,AUDI A1,5,E01004864,0,-1
2023471274474,2023,471274474,1,9,0,18,19,7,3,0,0,1,0,0,0,0,4,1,6,6,2,26,6,1390,1,12,AUDI A1,8,E01030384,0,-1
2023421373447,2023,421373447,2,9,0,18,19,6,2,0,0,8,0,0,0,0,1,1,6,6,1,21,5,999,1,3,AUDI A1,10,E01033053,0,-1
2023041322021,2023,041322021,2,9,0,18,19,6,2,0,0,8,0,0,0,0,1,1,1,1,2,42,7,1598,2,6,AUDI A1,3,E01024864,0,-1
2023320744732,2023,320744732,2,9,0,18,19,2,6,0,0,8,0,0,0,0,1,1,6,6,2,25,5,1598,2,11,AUDI A1,8,E01013805,0,-1
2023430190908,2023,430190908,1,9,0,9,9,1,7,0,0,6,0,0,0,0,1,1,2,2,2,25,5,1395,1,7,AUDI A1,4,E01033420,0,-1
2023070379904,2023,070379904,1,9,0,18,19,8,4,0,0,0,0,0,0,0,1,1,6,6,2,19,4,999,1,4,AUDI A1,9,E01006075,0,-1
2023361330157,2023,361330157,2,9,0,4,4,2,6,0,0,0,0,0,0,0,2,1,5,6,2,55,8,1197,1,9,AUDI A1,6,E01030135,0,-1
2023631376874,2023,631376874,3,9,0,4,4,0,0,0,0,0,0,0,0,0,3,1,6,6,3,-1,-1,1395,1,8,AUDI A1,-1,-1,0,-1
2023010448550,2023,010448550,2,9,0,99,99,9,9,99,99,9,9,99,9,99,9,9,6,6,3,-1,-1,999,1,2,AUDI A1,-1,-1,0,-1
2023131372134,2023,131372134,1,9,0,17,19,1,2,0,0,0,0,0,7,0,4,1,6,6,1,63,9,1598,2,10,AUDI A1,5,E01011741,0,-1
2023622300350,2023,622300350,1,9,0,18,19,4,8,0,0,0,0,0,0,0,1,1,4,7,1,18,4,1390,1,11,AUDI A1,7,W01001028,0,-1
2023461277130,2023,461277130,1,9,0,18,19,5,1,0,0,0,0,0,0,0,4,1,6,6,2,65,9,999,1,4,AUDI A1,8,E01000680,0,-1
2023522300391,2023,522300391,2,9,0,18,19,8,4,0,0,0,0,0,0,0,2,1,6,6,2,65,9,999,1,4,AUDI A1,7,E01032677,0,-1
2023201385471,2023,201385471,1,9,0,18,19,1,5,0,0,2,0,0,0,0,1,1,6,6,2,21,5,1395,1,5,AUDI A1,-1,-1,0,-1
2023101348060,2023,101348060,2,9,0,18,19,5,1,0,0,0,1,0,4,0,1,1,6,6,2,23,5,999,1,3,AUDI A1,10,E01012005,0,-1
2023061328033,2023,061328033,2,9,0,4,4,3,7,0,0,0,0,0,0,0,2,1,6,6,3,51,8,1390,1,9,AUDI A1,4,E01005299,0,-1
2023101293005,2023,101293005,2,9,0,9,9,8,5,0,0,5,0,0,0,0,3,1,6,6,2,59,9,999,1,1,AUDI A1,10,E01027471,0,-1
2023361302070,2023,361302070,2,9,0,18,19,3,7,0,0,2,0,0,1,9,1,1,2,2,2,35,6,999,1,2,AUDI A1,9,E01026938,0,-1
2023141270305,2023,141270305,1,9,0,18,19,1,5,0,0,1,0,0,0,0,1,1,6,6,2,45,7,1498,1,4,AUDI A1,-1,-1,0,-1
2023201453104,2023,201453104,1,9,0,18,19,6,2,0,0,8,0,10,1,0,4,1,6,6,3,42,7,1395,1,6,AUDI A1,7,E01009070,0,-1
2023622300970,2023,622300970,2,9,0,3,3,3,7,0,0,4,0,0,0,0,2,1,6,6,2,27,6,1598,2,10,AUDI A1,8,W01001540,0,-1
2023131375918,2023,131375918,2,9,0,18,19,1,5,0,0,8,1,0,0,0,3,1,5,6,1,23,5,1395,1,5,AUDI A1,1,E01010710,0,-1
2023461375136,2023,461375136,2,9,0,2,2,0,0,0,0,0,0,4,0,0,1,1,6,6,2,-1,-1,1598,2,9,AUDI A1,-1,-1,0,-1
2023010456855,2023,010456855,1,9,0,4,4,7,3,0,0,0,0,0,0,0,1,1,6,6,2,72,10,999,1,1,AUDI A1,2,E01000781,0,-1
2023421390187,2023,421390187,1,9,0,-1,-1,-1,-1,-1,-1,0,-1,-1,-1,0,-1,1,6,6,1,33,6,1598,2,10,AUDI A1,9,E01021682,0,-1
2023031341349,2023,031341349,3,9,0,2,2,0,0,0,0,0,0,0,0,0,1,1,6,6,3,-1,-1,1390,1,9,AUDI A1,-1,-1,0,-1
2023061395844,2023,061395844,1,9,0,7,7,2,3,0,0,0,0,0,0,0,1,1,6,6,2,43,7,1968,2,11,AUDI A1,3,E01005115,0,-1
2023131275791,2023,131275791,1,9,0,18,19,6,1,0,0,8,0,0,0,0,4,1,5,6,2,22,5,1598,2,12,AUDI A1,2,E01011020,0,-1
2023010439597,2023,010439597,2,9,0,18,19,7,3,0,0,8,0,0,0,0,4,1,6,6,2,18,4,1197,1,10,AUDI A1,2,E01001079,0,-1
2023010462708,2023,010462708,3,9,0,18,19,3,7,0,0,0,0,0,0,0,2,1,6,6,2,23,5,999,1,4,AUDI A1,3,E01016045,0,-1
2023610009923,2023,610009923,1,9,0,10,10,4,2,0,0,1,0,0,0,0,1,1,1,1,2,29,6,1598,2,10,AUDI A1,3,W01001676,0,-1
2023531343259,2023,531343259,1,9,0,18,19,8,4,0,0,0,0,0,0,0,1,1,6,6,2,21,5,1390,1,10,AUDI A1,6,E01022260,0,-1
2023010448132,2023,010448132,1,9,0,99,99,9,9,99,99,9,9,99,9,99,2,9,6,6,3,-1,-1,999,1,1,AUDI A1,-1,-1,0,-1
2023991320943,2023,991320943,1,9,0,9,9,4,1,0,0,5,0,0,0,0,1,1,6,6,1,24,5,1598,2,5,AUDI A1,9,-1,0,-1
2023471324129,2023,471324129,2,9,0,17,19,5,1,0,0,0,1,0,1,11,1,1,6,6,3,-1,-1,999,1,2,AUDI A1,-1,-1,0,-1
2023010481010,2023,010481010,6,9,0,2,2,0,0,0,0,0,0,0,7,4,2,1,6,6,3,-1,-1,1390,1,11,AUDI A1,-1,-1,0,-1
2023010440214,2023,010440214,1,9,0,18,19,7,3,0,0,1,0,0,0,0,1,1,6,6,1,77,11,1390,1,12,AUDI A1,9,E01002192,0,-1
2023461349380,2023,461349380,1,9,0,18,19,5,1,0,0,0,0,0,0,0,1,1,6,6,2,18,4,999,1,7,AUDI A1,1,E01024621,0,-1
2023351344996,2023,351344996,1,9,0,18,19,8,4,0,0,2,0,0,0,0,1,1,6,6,2,26,6,1390,1,10,AUDI A1,5,E01017960,0,-1
2023461271101,2023,461271101,1,9,0,7,7,3,7,0,0,0,0,0,0,0,1,1,6,6,2,-1,-1,1598,2,7,AUDI A1,10,E01024365,0,-1
2023302301777,2023,302301777,1,9,0,18,19,7,3,0,0,3,0,0,0,0,3,1,6,6,2,28,6,1598,2,9,AUDI A1,3,E01019484,0,-1
2023010482661,2023,010482661,1,9,0,8,8,5,8,0,0,1,0,0,0,0,1,1,6,6,2,42,7,1598,2,8,AUDI A1,5,E01002590,0,-1
2023552300875,2023,552300875,1,9,0,9,9,6,4,0,0,6,0,0,0,0,1,1,6,6,1,33,6,1598,2,9,AUDI A1,2,E01015341,0,-1
2023201380676,2023,201380676,2,9,0,18,19,5,1,0,0,0,0,0,0,0,2,1,1,1,2,32,6,1197,1,9,AUDI A1,9,E01031113,0,-1
2023010462513,2023,010462513,1,9,9,99,99,9,9,99,99,9,9,99,9,99,9,9,6,6,2,26,6,1598,2,8,AUDI A1,5,E01000927,0,-1
2023371329684,2023,371329684,2,9,0,18,19,1,6,0,0,3,0,0,0,0,4,1,5,6,2,22,5,999,1,3,AUDI A1,6,E01029880,0,-1
2023421377319,2023,421377319,1,9,0,15,15,7,3,0,0,0,0,0,0,0,1,1,5,6,2,23,5,1598,2,11,AUDI A1,5,E01021954,0,-1
2023320562865,2023,320562865,2,9,0,18,19,1,5,0,0,8,0,0,0,0,1,1,6,6,2,55,8,1395,1,6,AUDI A1,9,E01026160,0,-1
2023991375942,2023,991375942,1,9,0,18,19,7,3,0,0,0,2,0,7,10,1,1,5,6,2,18,4,1197,1,10,AUDI A1,10,-1,0,-1
2023201416774,2023,201416774,1,9,0,9,9,7,6,0,0,5,0,0,0,0,1,1,1,1,2,23,5,1395,1,7,AUDI A1,7,E01009931,0,-1
2023411341947,2023,411341947,1,9,0,9,9,5,1,0,0,0,0,0,0,0,3,1,5,6,2,49,8,1598,2,6,AUDI A1,10,E01023702,0,-1
2023071271632,2023,071271632,2,9,0,9,9,2,8,0,0,1,0,0,0,0,4,1,6,6,2,43,7,1598,2,10,AUDI A1,2,E01012482,0,-1
2023991334495,2023,991334495,2,9,0,9,9,1,6,0,0,8,0,0,0,0,1,1,5,6,2,19,4,1395,1,7,AUDI A1,8,-1,0,-1
2023302300810,2023,302300810,1,9,0,7,7,8,2,0,0,8,0,0,0,0,3,1,6,6,2,92,11,1390,1,10,AUDI A1,6,E01019866,0,-1
2023221298809,2023,221298809,2,9,0,18,19,3,7,0,0,0,0,0,5,6,3,1,6,6,1,32,6,1390,1,11,AUDI A1,2,E01032470,0,-1
2023991353107,2023,991353107,1,9,0,9,9,6,3,0,0,6,0,0,0,0,3,1,6,6,2,19,4,999,1,3,AUDI A1,8,-1,0,-1
2023010462539,2023,010462539,1,9,0,16,19,3,7,0,0,0,0,0,7,9,1,1,6,6,2,30,6,999,1,1,AUDI A1,-1,-1,0,-1
2023010456414,2023,010456414,2,9,0,18,19,1,5,0,0,8,0,0,0,0,1,1,2,2,1,31,6,1498,1,3,AUDI A1,7,E01004609,0,-1
2023211376401,2023,211376401,1,9,0,4,4,1,5,0,0,0,0,0,0,0,2,1,6,6,2,20,4,999,1,2,AUDI A1,3,E01010097,0,-1
2023221379364,2023,221379364,2,9,0,18,19,2,6,0,0,2,0,0,0,0,1,1,5,6,2,25,5,1390,1,9,AUDI A1,5,E01014149,0,-1
2023531290005,2023,531290005,2,9,0,3,3,1,5,0,0,0,0,0,0,0,2,1,5,6,2,31,6,1395,1,6,AUDI A1,4,E01032936,0,-1
2023552300187,2023,552300187,1,9,0,9,9,6,4,0,0,6,0,0,0,0,4,1,6,6,2,19,4,999,1,6,AUDI A1,5,E01015345,0,-1
2023340NN4442,2023,340NN4442,2,9,0,18,19,2,6,0,0,8,0,0,4,1,4,1,6,6,2,21,5,999,1,1,AUDI A1,-1,-1,0,-1
2023340NN1322,2023,340NN1322,1,9,0,18,19,1,5,0,0,0,5,0,2,4,4,1,2,2,2,33,6,1395,1,7,AUDI A1,6,E01026953,0,-1
2023061318385,2023,061318385,1,9,0,9,9,7,5,0,0,8,0,0,0,0,4,1,2,2,2,25,5,1395,1,7,AUDI A1,1,E01013819,0,-1
2023031335821,2023,031335821,6,9,0,2,2,0,0,0,0,0,0,4,0,0,3,1,6,6,3,-1,-1,1197,1,12,AUDI A1,-1,-1,0,-1
2023471262442,2023,471262442,2,9,0,18,19,2,6,0,0,0,0,0,0,0,2,1,2,2,2,46,8,1395,1,6,AUDI A1,8,E01032835,0,-1
2023520000140,2023,520000140,1,9,0,4,4,1,5,0,0,1,0,0,0,0,2,1,6,6,2,27,6,1598,2,7,AUDI A1,9,E01014382,0,-1
2023211379811,2023,211379811,2,9,0,18,19,8,4,0,0,1,0,0,0,0,1,1,2,2,2,44,7,1598,2,9,AUDI A1,-1,-1,0,-1
2023211340476,2023,211340476,1,9,0,9,9,8,5,0,0,0,0,0,0,0,2,1,5,6,2,20,4,999,1,1,AUDI A1,6,E01019871,0,-1
2023361355978,2023,361355978,1,9,0,18,19,5,1,0,0,0,0,0,0,0,1,1,2,2,1,28,6,999,1,7,AUDI A1,9,E01026938,0,-1
2023501333760,2023,501333760,3,9,0,10,10,4,2,0,0,1,0,0,0,0,1,1,5,6,2,17,4,999,1,0,AUDI A1,7,E01018827,0,-1