collision_index,collision_year,collision_ref_no,vehicle_reference,vehicle_type,towing_and_articulation,vehicle_manoeuvre_historic,vehicle_manoeuvre,vehicle_direction_from,vehicle_direction_to,vehicle_location_restricted_lane_historic,vehicle_location_restricted_lane,junction_location,skidding_and_overturning,hit_object_in_carriageway,vehicle_leaving_carriageway,hit_object_off_carriageway,first_point_of_impact,vehicle_left_hand_drive,journey_purpose_of_driver_historic,journey_purpose_of_driver,sex_of_driver,age_of_driver,age_band_of_driver,engine_capacity_cc,propulsion_code,age_of_vehicle,generic_make_model,driver_imd_decile,lsoa_of_driver,escooter_flag,driver_distance_banding
2023010464666,2023,010464666,1,9,0,99,99,9,9,99,99,9,9,99,9,99,9,9,6,6,2,21,5,1395,1,6,AUDI A1,2,E01000627,0,-1
2023041341800,2023,041341800,2,9,0,18,19,1,1,0,0,2,0,0,7,0,1,1,5,6,2,26,6,1390,1,10,AUDI A1,6,E01025325,0,-1
2023010480375,2023,010480375,2,9,0,2,2,0,0,0,0,0,0,0,0,0,1,1,6,6,3,-1,-1,999,1,0,AUDI A1,-1,-1,0,-1
2023070115257,2023,070115257,1,9,0,18,19,3,7,0,0,0,0,0,0,0,1,1,6,6,2,30,6,999,1,6,AUDI A1,6,E01006438,0,-1
2023471366183,2023,471366183,2,9,0,18,19,4,8,0,0,2,0,0,1,2,4,1,5,6,2,79,11,999,1,8,AUDI A1,5,E01020947,0,-1
2023010423357,2023,010423357,2,9,0,3,3,5,1,0,0,6,0,4,0,0,2,1,6,6,2,26,6,999,1,4,AUDI A1,5,E01002011,0,-1
2023311381453,2023,311381453,1,9,0,18,19,5,1,0,0,2,0,0,0,0,1,1,1,1,1,33,6,999,1,5,AUDI A1,1,E01013948,0,-1
2023991284181,2023,991284181,2,9,0,2,2,0,0,0,0,1,0,0,0,0,3,1,1,1,1,52,8,1395,1,6,AUDI A1,1,-1,0,-1
2023201320115,2023,201320115,2,9,0,18,19,6,2,0,0,8,0,0,0,0,1,1,6,6,2,21,5,1598,2,9,AUDI A1,4,E01009085,0,-1
2023201287805,2023,201287805,1,9,0,10,10,8,6,0,0,1,0,0,0,0,1,1,2,2,2,31,6,999,1,7,AUDI A1,6,E01010115,0,-1
2023320629408,2023,320629408,1,9,0,7,7,8,2,0,0,6,0,0,1,10,3,1,2,2,1,32,6,1395,1,8,AUDI A1,5,E01026018,0,-1
2023520301245,2023,520301245,1,9,0,18,19,4,3,0,0,1,0,0,0,0,1,1,6,6,2,24,5,1395,1,7,AUDI A1,5,E01032111,0,-1
2023440234752,2023,440234752,1,9,0,1,1,0,6,0,0,0,0,0,0,0,2,1,6,6,1,20,4,1395,1,10,AUDI A1,4,E01017125,0,-1
2023991304136,2023,991304136,2,9,0,18,19,3,7,0,0,1,0,0,0,0,1,1,5,6,2,57,9,999,1,3,AUDI A1,2,-1,0,-1
2023141338674,2023,141338674,1,9,0,18,19,1,5,0,0,0,0,0,0,0,1,1,5,6,1,29,6,1598,2,8,AUDI A1,8,E01007712,0,-1
2023010455016,2023,010455016,2,9,0,18,19,7,3,0,0,0,0,0,0,0,1,1,6,6,1,34,6,1390,1,10,AUDI A1,5,E01004370,0,-1
2023440128843,2023,440128843,2,9,0,18,19,5,1,0,0,0,0,0,0,0,1,1,6,6,1,-1,-1,999,1,3,AUDI A1,-1,-1,0,-1
2023131378919,2023,131378919,1,9,0,18,19,7,3,0,0,0,0,0,0,0,1,1,5,6,2,51,8,1598,2,11,AUDI A1,3,E01011125,0,-1
2023361363300,2023,361363300,1,9,0,10,10,5,1,0,0,0,0,0,0,0,1,1,1,1,1,20,4,1390,1,12,AUDI A1,6,E01026575,0,-1
2023451318008,2023,451318008,1,9,0,18,19,1,5,0,0,1,0,0,0,0,3,1,5,6,2,22,5,1197,1,10,AUDI A1,10,E01004114,0,-1
2023031369100,2023,031369100,2,9,0,18,19,5,5,0,0,0,0,0,0,0,1,1,2,2,2,31,6,999,1,6,AUDI A1,3,E01019126,0,-1
2023320298708,2023,320298708,1,9,0,18,19,1,5,0,0,1,0,0,0,0,1,1,1,1,1,35,6,1390,1,9,AUDI A1,9,E01026293,0,-1
2023471360838,2023,471360838,1,9,0,18,19,8,4,0,0,0,5,0,7,0,1,1,5,6,2,19,4,1390,1,10,AUDI A1,10,E01031686,0,-1
2023170S41183,2023,170S41183,2,9,0,18,19,4,8,0,0,0,0,0,0,0,1,1,6,6,2,30,6,999,1,3,AUDI A1,8,E01012235,0,-1
2023010485805,2023,010485805,2,9,0,17,19,6,2,0,0,1,0,0,7,0,1,1,6,6,2,26,6,999,1,6,AUDI A1,5,E01003083,0,-1
202363A007223,2023,63A007223,1,9,0,18,19,3,7,0,0,6,0,0,3,11,1,1,6,6,2,19,4,1390,1,10,AUDI A1,7,W01000642,0,-1
2023010472345,2023,010472345,1,9,9,99,99,9,9,99,99,9,9,99,9,99,9,9,6,6,2,26,6,999,1,1,AUDI A1,7,E01000457,0,-1
2023451344080,2023,451344080,2,9,0,3,3,2,6,0,0,0,0,0,0,0,3,1,5,6,2,57,9,1395,1,7,AUDI A1,8,E01030659,0,-1
2023010441316,2023,010441316,2,9,0,99,99,9,9,99,99,9,9,99,9,99,1,9,6,6,3,37,7,999,1,2,AUDI A1,3,E01002504,0,-1
2023131368653,2023,131368653,2,9,0,3,3,5,1,0,0,0,0,0,0,0,2,1,5,6,1,67,10,1395,1,5,AUDI A1,6,E01010640,0,-1
2023221289734,2023,221289734,1,9,0,17,19,7,4,0,0,0,5,0,2,0,4,1,5,6,2,33,6,999,1,4,AUDI A1,-1,-1,0,-1
2023421282461,2023,421282461,2,9,0,18,19,7,3,0,0,0,0,0,0,0,0,1,6,6,2,24,5,999,1,4,AUDI A1,4,E01021776,0,-1
2023031301592,2023,031301592,1,9,0,18,19,8,4,0,0,0,0,4,0,0,1,1,1,1,2,28,6,1598,2,7,AUDI A1,1,E01019231,0,-1
2023111278842,2023,111278842,2,9,0,18,19,8,4,0,0,0,0,0,0,0,2,1,6,6,2,30,6,999,1,4,AUDI A1,2,E01020788,0,-1
2023201385667,2023,201385667,1,9,0,18,19,4,8,0,0,8,0,0,0,0,1,1,5,6,1,22,5,1395,1,5,AUDI A1,8,E01009814,0,-1
2023070347474,2023,070347474,1,9,0,13,13,8,4,0,0,0,5,0,7,11,1,1,6,6,1,17,4,1390,1,11,AUDI A1,10,E01018700,0,-1
2023451325134,2023,451325134,2,9,0,18,19,5,1,0,0,1,0,0,0,0,1,1,6,6,1,28,6,1395,1,8,AUDI A1,10,E01030526,0,-1
2023070478818,2023,070478818,1,9,0,1,1,2,7,0,0,0,0,0,0,0,2,1,6,6,1,25,5,1968,2,9,AUDI A1,8,E01018465,0,-1
2023471313320,2023,471313320,1,9,0,3,3,5,1,0,0,0,0,0,0,0,3,1,1,1,1,35,6,1598,2,8,AUDI A1,4,E01016948,0,-1
2023411367581,2023,411367581,1,9,0,18,19,8,4,0,0,0,0,0,0,0,1,1,6,6,2,-1,-1,1395,1,9,AUDI A1,-1,-1,0,-1
2023411307861,2023,411307861,1,9,0,18,19,7,3,0,0,0,0,0,0,0,1,1,2,2,1,22,5,1390,1,12,AUDI A1,10,E01023501,0,-1
2023361300124,2023,361300124,2,9,0,18,19,6,2,0,0,0,0,0,0,0,1,1,5,6,2,43,7,1395,1,6,AUDI A1,8,E01026913,0,-1
2023061394149,2023,061394149,1,9,0,7,7,2,5,0,0,2,0,0,0,0,1,1,6,6,2,18,4,1197,1,10,AUDI A1,5,E01004934,0,-1
2023010476307,2023,010476307,1,9,0,18,19,5,1,0,0,1,0,0,0,0,1,1,2,2,2,21,5,1390,1,11,AUDI A1,9,E01000461,0,-1
2023421364152,2023,421364152,1,9,0,12,12,5,1,0,0,0,0,0,0,0,1,1,6,6,2,43,7,1598,2,9,AUDI A1,8,E01021347,0,-1
2023540622823,2023,540622823,1,9,0,18,19,3,7,0,0,0,0,0,0,0,1,1,6,6,2,76,11,1390,1,12,AUDI A1,10,E01032761,0,-1
2023451338103,2023,451338103,2,9,0,3,3,7,3,0,0,0,0,0,0,0,2,1,2,2,2,26,6,1498,1,4,AUDI A1,5,E01030786,0,-1
2023061371026,2023,061371026,1,9,0,18,19,3,7,0,0,1,0,0,0,0,1,1,6,6,3,30,6,999,1,2,AUDI A1,-1,-1,0,-1
2023302300385,2023,302300385,2,9,0,4,4,8,4,0,0,2,0,0,0,0,2,1,6,6,2,21,5,999,1,5,AUDI A1,6,E01019445,0,-1
2023520300934,2023,520300934,1,9,0,4,4,8,4,0,0,0,0,0,0,0,2,1,6,6,2,32,6,1395,1,6,AUDI A1,4,E01029335,0,-1
2023451313519,2023,451313519,2,9,0,9,9,7,4,0,0,8,0,0,0,0,4,1,5,6,1,41,7,1395,1,6,AUDI A1,8,E01030979,0,-1
2023401271040,2023,401271040,1,9,0,18,19,-1,-1,0,0,1,0,0,0,0,1,1,6,6,2,-1,-1,1390,1,11,AUDI A1,-1,-1,0,-1
2023201285262,2023,201285262,2,9,0,7,7,4,7,0,0,2,0,0,0,0,1,1,6,6,1,22,5,1390,1,10,AUDI A1,5,E01008959,0,-1
2023552300077,2023,552300077,2,9,0,18,19,3,7,0,0,0,0,0,0,0,2,1,6,6,2,28,6,1598,2,8,AUDI A1,4,E01020551,0,-1
2023010430949,2023,010430949,3,9,0,2,2,0,0,9,9,1,0,0,0,0,2,1,6,6,3,-1,-1,1390,1,10,AUDI A1,-1,-1,0,-1
2023010470122,2023,010470122,2,9,0,5,5,1,5,0,0,6,0,0,0,0,1,1,3,7,2,35,6,999,1,4,AUDI A1,9,E01002571,0,-1
2023221328496,2023,221328496,1,9,0,5,5,4,1,0,0,0,0,0,0,0,4,1,5,6,2,38,7,1598,2,10,AUDI A1,8,E01014157,0,-1
2023461274617,2023,461274617,2,9,0,18,19,5,1,0,0,8,0,0,0,0,1,1,2,2,2,22,5,1390,1,10,AUDI A1,9,E01032813,0,-1
2023010474578,2023,010474578,1,9,0,7,7,1,3,0,0,1,0,0,0,0,4,1,6,6,2,23,5,999,1,0,AUDI A1,1,E01002091,0,-1
2023101343547,2023,101343547,2,9,0,18,19,2,6,0,0,8,0,0,0,0,1,1,6,6,1,57,9,999,1,1,AUDI A1,5,E01008236,0,-1
2023010458249,2023,010458249,2,9,9,99,99,9,9,99,99,9,9,99,9,99,9,9,6,6,3,44,7,1390,1,12,AUDI A1,4,E01032778,0,-1
2023131320935,2023,131320935,2,9,0,4,4,3,7,0,0,8,0,0,0,0,4,1,2,2,2,26,6,999,1,1,AUDI A1,1,E01011348,0,-1
2023201349976,2023,201349976,1,9,0,18,19,6,2,0,0,0,0,10,1,4,1,1,6,6,1,53,8,1598,2,11,AUDI A1,2,E01009986,0,-1
2023131316599,2023,131316599,1,9,0,18,19,7,3,0,0,0,0,0,0,0,1,1,6,6,1,23,5,1197,1,11,AUDI A1,2,E01011032,0,-1
2023451273017,2023,451273017,1,9,0,8,8,1,3,0,0,1,0,0,0,0,0,1,1,1,2,37,7,1984,1,4,AUDI A1,7,E01030361,0,-1
2023522301217,2023,522301217,1,9,0,11,11,8,4,0,0,0,0,0,0,0,4,1,6,6,2,59,9,999,1,3,AUDI A1,5,E01014438,0,-1
2023071059086,2023,071059086,1,9,0,18,19,6,2,0,0,0,0,4,0,0,1,1,6,6,2,21,5,1395,1,6,AUDI A1,8,E01018681,0,-1
2023221309200,2023,221309200,2,9,0,14,14,1,5,0,0,0,0,0,0,0,3,1,3,7,2,29,6,1598,2,11,AUDI A1,2,E01014143,0,-1
2023451321731,2023,451321731,3,9,0,2,2,7,3,0,0,0,0,0,0,0,2,1,1,1,1,59,9,1390,1,11,AUDI A1,9,E01030720,0,-1
2023041370642,2023,041370642,2,9,0,5,5,7,3,0,0,6,0,0,0,0,1,1,5,6,2,54,8,1598,2,10,AUDI A1,3,E01025356,0,-1
2023461337799,2023,461337799,2,9,0,18,19,5,1,0,0,0,0,0,0,0,3,1,6,6,2,27,6,999,1,7,AUDI A1,9,E01024442,0,-1
2023161356893,2023,161356893,1,9,0,10,10,2,1,0,0,0,0,0,0,0,2,1,5,6,2,24,5,1598,2,9,AUDI A1,2,E01013284,0,-1
2023041357527,2023,041357527,1,9,0,16,19,7,3,0,0,0,0,0,0,0,1,1,6,6,1,53,8,1598,2,8,AUDI A1,9,E01025569,0,-1
2023440152384,2023,440152384,2,9,0,18,19,8,4,0,0,8,0,0,0,0,1,1,2,2,2,34,6,1390,1,9,AUDI A1,8,E01022889,0,-1
2023332300389,2023,332300389,1,9,0,18,19,4,8,0,0,0,0,0,0,0,2,1,6,6,2,33,6,999,1,1,AUDI A1,-1,-1,0,-1
2023161380592,2023,161380592,1,9,0,4,4,1,5,0,0,0,0,0,0,0,2,1,2,2,1,18,4,1390,1,10,AUDI A1,9,E01013152,0,-1
2023440291046,2023,440291046,2,9,0,18,19,2,6,0,0,1,0,0,0,0,1,1,6,6,2,19,4,1390,1,12,AUDI A1,10,E01016646,0,-1
2023010434530,2023,010434530,1,9,0,5,5,5,1,0,0,1,0,0,0,0,1,1,6,6,2,23,5,1395,1,5,AUDI A1,6,E01018356,0,-1
2023010482462,2023,010482462,2,9,0,9,9,5,4,0,0,3,0,0,0,0,1,1,6,6,2,22,5,1395,1,5,AUDI A1,3,E01001717,0,-1
2023010448962,2023,010448962,1,9,0,18,19,7,3,0,0,0,5,4,0,0,3,1,6,6,2,19,4,999,1,1,AUDI A1,9,E01002415,0,-1
2023231259351,2023,231259351,9,9,0,18,19,5,1,0,0,0,0,0,0,0,1,1,6,6,2,44,7,1598,2,8,AUDI A1,6,E01028878,0,-1
2023320676127,2023,320676127,3,9,0,4,4,6,2,0,0,0,0,0,0,0,1,1,6,6,2,89,11,1390,1,10,AUDI A1,10,E01026393,0,-1
2023010432642,2023,010432642,3,9,0,99,99,9,9,99,99,9,9,99,9,99,9,9,6,6,2,80,11,999,1,4,AUDI A1,10,E01000278,0,-1
2023201339241,2023,201339241,2,9,0,18,19,2,6,0,0,8,0,0,0,0,4,1,6,6,2,45,7,1598,2,11,AUDI A1,1,E01010271,0,-1
2023122301272,2023,122301272,1,9,0,18,19,2,6,0,0,0,0,0,0,0,1,1,6,6,2,21,5,999,1,3,AUDI A1,7,E01013400,0,-1
2023522400929,2023,522400929,2,9,0,7,7,5,7,0,0,6,0,0,0,0,4,1,6,6,2,28,6,1395,1,7,AUDI A1,2,E01014568,0,-1
2023070215608,2023,070215608,1,9,0,18,19,3,7,0,0,8,0,0,0,0,1,1,2,2,2,22,5,999,1,2,AUDI A1,10,E01005884,0,-1
2023010484480,2023,010484480,1,9,0,7,7,2,5,0,0,5,0,0,0,0,4,1,6,6,2,18,4,999,1,8,AUDI A1,5,E01021741,0,-1
2023991371356,2023,991371356,1,9,0,18,19,4,8,0,0,0,0,0,0,0,1,1,2,2,2,33,6,999,1,2,AUDI A1,-1,-1,0,-1
2023421353319,2023,421353319,1,9,0,18,19,1,1,0,0,8,0,0,0,0,1,1,5,6,2,18,4,999,1,2,AUDI A1,5,E01021741,0,-1
2023451282890,2023,451282890,1,9,0,16,19,4,8,0,0,2,0,0,1,4,1,1,1,1,2,66,10,1395,1,5,AUDI A1,6,E01031658,0,-1
2023991337051,2023,991337051,2,9,0,17,19,7,3,0,0,0,0,0,1,0,1,1,5,6,2,17,4,1598,2,8,AUDI A1,6,-1,0,-1
2023161273283,2023,161273283,2,9,0,7,7,7,1,0,0,5,0,0,0,0,1,1,1,1,2,52,8,999,1,7,AUDI A1,10,E01013063,0,-1
2023440157468,2023,440157468,1,9,0,18,19,7,3,0,0,1,0,0,0,0,1,1,6,6,2,60,9,1598,2,12,AUDI A1,6,E01022657,0,-1
2023311263033,2023,311263033,1,9,0,18,19,4,8,0,0,0,0,0,0,0,3,1,6,6,2,33,6,999,1,2,AUDI A1,2,E01008109,0,-1
2023041300816,2023,041300816,2,9,0,17,19,2,7,0,0,1,0,0,0,0,1,1,2,2,2,27,6,999,1,7,AUDI A1,1,E01025084,0,-1
2023361302957,2023,361302957,2,9,0,18,19,4,8,0,0,1,0,0,0,0,4,1,5,6,2,21,5,1598,2,9,AUDI A1,8,E01026531,0,-1
2023501304968,2023,501304968,1,9,0,2,2,0,0,0,0,0,0,0,0,0,2,1,6,6,2,20,4,1598,2,10,AUDI A1,1,E01015151,0,-1
2023131308002,2023,131308002,2,9,0,18,19,1,5,0,0,0,0,0,0,0,2,1,5,6,1,35,6,1598,2,7,AUDI A1,1,E01011729,0,-1
2023201300582,2023,201300582,2,9,0,18,19,5,8,0,0,0,0,0,0,0,1,1,6,6,1,26,6,1498,1,3,AUDI A1,8,E01010507,0,-1
2023010479637,2023,010479637,3,9,0,2,2,0,0,0,0,0,0,0,0,0,1,1,6,6,3,-1,-1,999,1,2,AUDI A1,-1,-1,0,-1
2023540539523,2023,540539523,2,9,0,18,19,8,4,0,0,0,1,0,0,0,1,1,6,6,1,34,6,1598,2,10,AUDI A1,7,E01031951,0,-1
2023101328446,2023,101328446,1,9,0,5,5,5,1,0,0,1,0,0,0,0,1,1,6,6,2,35,6,999,1,4,AUDI A1,3,E01008486,0,-1
2023201291266,2023,201291266,2,9,0,3,3,1,6,0,0,3,0,0,0,0,4,1,6,6,2,22,5,1390,1,12,AUDI A1,6,E01009319,0,-1
2023010439069,2023,010439069,1,9,9,99,99,9,9,0,0,9,9,99,9,99,4,9,6,6,2,30,6,1197,1,10,AUDI A1,9,E01031761,0,-1
2023320761339,2023,320761339,1,9,0,18,19,2,6,0,0,1,0,0,0,0,1,1,6,6,1,80,11,1395,1,7,AUDI A1,4,E01026148,0,-1
2023320079297,2023,320079297,2,9,0,18,19,4,8,0,0,8,0,0,0,0,1,1,6,6,2,52,8,1390,1,9,AUDI A1,2,E01026006,0,-1
2023451300358,2023,451300358,2,9,0,18,19,1,5,0,0,0,1,0,0,0,1,1,5,6,2,59,9,1498,1,1,AUDI A1,10,E01030442,0,-1
2023501355303,2023,501355303,1,9,0,18,19,3,7,0,0,0,0,0,0,0,1,1,6,6,2,19,4,1390,1,9,AUDI A1,5,E01020340,0,-1
2023010430727,2023,010430727,2,9,0,99,99,9,9,99,99,6,9,99,9,99,9,9,6,6,3,-1,-1,1598,2,10,AUDI A1,-1,-1,0,-1
2023421319971,2023,421319971,2,9,0,17,19,1,6,0,0,0,0,0,1,0,1,1,5,6,2,18,4,999,1,8,AUDI A1,5,E01021901,0,-1
2023461310365,2023,461310365,1,9,0,6,6,2,3,0,0,2,0,0,0,0,3,1,6,6,1,51,8,1498,1,2,AUDI A1,4,E01024560,0,-1
2023010440493,2023,010440493,1,9,0,99,99,9,9,99,99,9,9,99,9,99,1,9,6,6,1,27,6,1395,1,8,AUDI A1,8,E01004193,0,-1
2023070720576,2023,070720576,1,9,0,5,5,7,3,0,0,6,0,0,0,0,3,1,6,6,2,25,5,999,1,2,AUDI A1,10,E01018680,0,-1
2023010465929,2023,010465929,1,9,0,18,19,2,6,9,9,0,0,10,0,0,1,1,6,6,2,75,10,999,1,5,AUDI A1,-1,-1,0,-1
2023421275223,2023,421275223,4,9,0,3,3,5,1,0,0,0,0,0,0,0,2,1,6,6,3,-1,-1,1390,1,11,AUDI A1,-1,-1,0,-1
2023101383929,2023,101383929,2,9,0,2,2,0,0,0,0,8,0,0,0,0,1,1,6,6,2,30,6,1598,2,11,AUDI A1,2,E01008330,0,-1
2023010444680,2023,010444680,1,9,0,6,6,6,6,0,0,0,0,0,0,0,3,1,2,2,1,25,5,999,1,2,AUDI A1,2,E01002709,0,-1
2023991327106,2023,991327106,2,9,0,9,9,3,1,0,0,8,0,0,0,0,1,1,5,6,1,20,4,999,1,4,AUDI A1,7,-1,0,-1
2023031375016,2023,031375016,1,9,0,7,7,6,1,0,0,2,0,0,0,0,1,1,6,6,2,53,8,1498,1,3,AUDI A1,-1,-1,0,-1
2023010436701,2023,010436701,2,9,9,99,99,9,9,99,99,9,9,12,9,99,9,9,6,6,3,-1,-1,999,1,6,AUDI A1,-1,-1,0,-1
2023010486607,2023,010486607,1,9,0,99,99,9,9,99,99,9,9,99,9,99,2,9,2,2,2,37,7,1395,1,6,AUDI A1,-1,-1,0,-1
2023010439796,2023,010439796,1,9,0,99,99,9,9,99,99,9,9,99,9,99,9,9,6,6,2,21,5,999,1,3,AUDI A1,10,E01030408,0,-1
2023052301361,2023,052301361,2,9,0,18,19,7,3,0,0,0,0,0,0,0,2,1,6,6,2,25,5,1598,2,8,AUDI A1,5,E01006934,0,-1
2023201373859,2023,201373859,3,9,0,5,5,2,6,0,0,0,0,0,0,0,2,1,1,1,2,23,5,999,1,8,AUDI A1,8,E01029633,0,-1
2023320530452,2023,320530452,1,9,0,18,19,2,6,0,0,1,0,0,0,0,1,1,6,6,2,18,4,1598,2,8,AUDI A1,6,E01026047,0,-1
202363A013123,2023,63A013123,2,9,0,18,19,5,1,0,0,8,1,0,1,10,3,1,6,6,1,19,4,1598,2,11,AUDI A1,5,W01000698,0,-1
2023430471162,2023,430471162,1,9,0,9,9,3,8,0,0,2,0,0,0,0,1,1,6,6,2,49,8,1598,2,6,AUDI A1,6,E01016310,0,-1
2023041353185,2023,041353185,1,9,0,18,19,7,3,0,0,2,0,0,1,7,1,1,3,7,2,35,6,1598,2,12,AUDI A1,4,E01025249,0,-1
2023131375959,2023,131375959,1,9,0,18,19,1,5,0,0,0,2,0,2,4,1,1,5,6,1,47,8,1395,1,5,AUDI A1,5,E01033015,0,-1
2023010428805,2023,010428805,1,9,0,99,99,9,9,99,99,0,9,99,9,99,9,9,2,2,2,32,6,1395,1,6,AUDI A1,3,E01002605,0,-1
2023622300376,2023,622300376,1,9,0,18,19,7,3,0,0,0,0,0,1,1,4,1,6,6,2,22,5,1390,1,10,AUDI A1,3,W01001247,0,-1
2023531396441,2023,531396441,2,9,0,18,19,7,3,0,0,0,0,0,0,0,1,1,5,6,2,59,9,1197,1,12,AUDI A1,7,E01022392,0,-1
2023461354622,2023,461354622,2,9,0,13,13,5,3,0,0,1,0,0,0,0,2,1,6,6,2,31,6,999,1,8,AUDI A1,5,E01016118,0,-1
2023010422992,2023,010422992,1,9,0,18,19,1,5,0,0,0,0,0,1,0,1,1,6,6,2,52,8,999,1,4,AUDI A1,9,E01000327,0,-1
2023211318554,2023,211318554,2,9,0,3,3,6,2,0,0,1,0,0,0,0,2,1,5,6,2,21,5,999,1,2,AUDI A1,6,E01029837,0,-1
2023061399959,2023,061399959,2,9,-1,-1,-1,-1,-1,-1,-1,0,-1,-1,-1,0,-1,1,6,6,2,29,6,999,1,1,AUDI A1,4,E01005798,0,-1
2023552300595,2023,552300595,1,9,0,18,19,4,8,0,0,1,0,0,0,0,1,1,6,6,1,31,6,999,1,2,AUDI A1,3,E01015442,0,-1
2023361274731,2023,361274731,1,9,0,9,9,4,3,0,0,8,0,0,0,0,4,1,5,6,1,20,4,1390,1,11,AUDI A1,9,E01030072,0,-1
2023131287982,2023,131287982,2,9,0,5,5,5,5,0,0,2,0,0,0,0,3,1,2,2,1,26,6,1598,2,10,AUDI A1,1,E01011355,0,-1
2023131330347,2023,131330347,1,9,0,10,10,7,3,0,0,0,0,0,0,0,2,1,5,6,2,61,9,999,1,4,AUDI A1,9,E01011310,0,-1
2023440028394,2023,440028394,1,9,0,14,14,6,2,0,0,2,5,4,0,0,1,1,6,6,2,25,5,1390,1,9,AUDI A1,7,E01022526,0,-1
2023101338225,2023,101338225,1,9,0,16,19,5,1,0,0,0,5,0,0,0,2,1,5,6,2,18,4,1598,2,12,AUDI A1,6,E01027505,0,-1
2023010470194,2023,010470194,2,9,0,99,99,9,9,99,99,9,9,99,9,99,1,9,6,6,3,24,5,1390,1,11,AUDI A1,5,E01003640,0,-1
2023131374630,2023,131374630,2,9,0,18,19,1,5,0,0,8,0,0,0,0,3,1,5,6,2,20,4,1395,1,6,AUDI A1,5,E01011883,0,-1
2023131381037,2023,131381037,1,9,0,-1,-1,-1,-1,-1,-1,0,-1,-1,-1,0,-1,1,6,6,3,95,11,1598,2,9,AUDI A1,-1,-1,0,-1
2023531300367,2023,531300367,1,9,0,9,9,4,1,0,0,8,0,0,0,0,1,1,1,1,2,35,6,999,1,1,AUDI A1,8,E01022356,0,-1
2023111357111,2023,111357111,2,9,0,18,19,2,5,0,0,0,0,0,0,0,1,1,5,6,1,63,9,1598,2,12,AUDI A1,2,E01020802,0,-1
2023461330037,2023,461330037,1,9,0,18,19,5,1,0,0,0,0,0,0,0,1,1,1,1,1,30,6,999,1,3,AUDI A1,9,E01024442,0,-1
2023170M10833,2023,170M10833,2,9,0,18,19,2,7,0,0,0,0,0,0,0,1,1,2,2,1,-1,-1,1598,2,8,AUDI A1,-1,-1,0,-1
2023421391107,2023,421391107,1,9,0,18,19,-1,-1,0,0,0,0,0,0,0,1,1,6,6,3,-1,-1,1197,1,13,AUDI A1,-1,-1,0,-1
2023010440660,2023,010440660,1,9,0,4,4,3,7,9,9,1,0,0,0,0,3,1,6,6,1,28,6,999,1,4,AUDI A1,9,E01004542,0,-1
2023170S10963,2023,170S10963,2,9,0,4,4,1,5,0,0,0,0,0,0,0,2,1,6,6,2,25,5,999,1,3,AUDI A1,4,E01033467,0,-1
2023451358668,2023,451358668,1,9,0,5,5,3,7,0,0,0,0,0,0,0,2,1,2,2,2,23,5,999,1,2,AUDI A1,8,E01030384,0,-1
2023471286156,2023,471286156,2,9,0,2,2,0,0,0,0,0,0,0,0,0,2,1,6,6,3,-1,-1,1598,2,12,AUDI A1,-1,-1,0,-1
2023302300347,2023,302300347,1,9,0,18,19,8,4,0,0,0,0,0,0,0,2,1,6,6,2,20,4,1598,2,12,AUDI A1,3,E01019577,0,-1
2023351356956,2023,351356956,1,9,0,5,5,2,7,0,0,4,0,0,0,0,1,1,5,6,1,61,9,1598,2,10,AUDI A1,10,E01018244,0,-1
2023010480078,2023,010480078,1,9,0,99,99,9,9,99,99,9,9,99,9,99,2,9,6,6,2,36,7,1390,1,8,AUDI A1,5,E01001198,0,-1
2023440473584,2023,440473584,1,9,0,18,19,1,5,0,0,0,1,0,0,0,1,1,6,6,2,19,4,1390,1,12,AUDI A1,5,E01017279,0,-1
2023311290587,2023,311290587,3,9,0,10,10,3,1,0,0,1,0,0,0,0,3,1,6,6,2,54,8,999,1,0,AUDI A1,7,E01028411,0,-1
2023991269370,2023,991269370,1,9,0,7,7,1,5,0,0,8,0,0,0,0,3,1,5,6,1,56,9,999,1,4,AUDI A1,-1,-1,0,-1
2023430124958,2023,430124958,1,9,0,7,7,2,4,0,0,8,0,0,0,0,4,1,6,6,1,57,9,999,1,1,AUDI A1,-1,-1,0,-1
2023010484549,2023,010484549,2,9,0,99,99,9,9,99,99,9,9,99,9,99,1,9,6,6,3,-1,-1,1395,1,7,AUDI A1,-1,-1,0,-1
2023552300581,2023,552300581,1,9,0,18,19,5,1,0,0,8,0,0,0,0,1,1,6,6,1,18,4,1390,1,9,AUDI A1,6,E01015331,0,-1
2023311279859,2023,311279859,2,9,0,2,2,8,4,0,0,0,0,0,0,0,3,1,3,7,2,19,4,999,1,8,AUDI A1,6,E01028034,0,-1
2023010442471,2023,010442471,2,9,0,18,19,3,7,0,0,0,0,0,0,0,2,1,2,2,2,41,7,1395,1,5,AUDI A1,2,E01032772,0,-1
2023010484356,2023,010484356,1,9,0,5,5,1,5,0,0,0,0,0,0,0,1,2,6,6,2,22,5,1390,1,11,AUDI A1,5,E01033141,0,-1
2023471314397,2023,471314397,1,9,0,17,19,5,2,0,0,3,0,0,1,1,1,1,5,6,2,26,6,999,1,4,AUDI A1,7,E01021212,0,-1
2023461303218,2023,461303218,1,9,0,18,19,3,7,0,0,8,0,0,0,0,2,1,6,6,2,33,6,999,1,0,AUDI A1,5,E01024072,0,-1