collision_index,collision_year,collision_ref_no,vehicle_reference,vehicle_type,towing_and_articulation,vehicle_manoeuvre_historic,vehicle_manoeuvre,vehicle_direction_from,vehicle_direction_to,vehicle_location_restricted_lane_historic,vehicle_location_restricted_lane,junction_location,skidding_and_overturning,hit_object_in_carriageway,vehicle_leaving_carriageway,hit_object_off_carriageway,first_point_of_impact,vehicle_left_hand_drive,journey_purpose_of_driver_historic,journey_purpose_of_driver,sex_of_driver,age_of_driver,age_band_of_driver,engine_capacity_cc,propulsion_code,age_of_vehicle,generic_make_model,driver_imd_decile,lsoa_of_driver,escooter_flag,driver_distance_banding
2023201293116,2023,201293116,2,9,0,3,3,8,4,0,0,0,0,0,0,0,2,1,1,1,2,24,5,999,1,1,AUDI A1,9,E01029664,0,-1
2023010431543,2023,010431543,1,9,0,13,13,5,1,0,0,1,0,0,0,0,1,1,6,6,3,22,5,999,1,4,AUDI A1,-1,-1,0,-1
2023430391558,2023,430391558,1,9,0,18,19,8,4,0,0,4,0,0,0,0,1,1,6,6,2,67,10,999,1,4,AUDI A1,8,E01028641,0,-1
2023351293995,2023,351293995,2,9,0,9,9,6,2,0,0,8,0,0,0,0,1,1,5,6,2,20,4,1598,2,9,AUDI A1,6,E01029951,0,-1
2023041327415,2023,041327415,2,9,0,18,19,5,1,0,0,8,0,0,0,0,3,1,2,2,2,32,6,1598,2,8,AUDI A1,3,E01025310,0,-1
2023451290543,2023,451290543,1,9,0,12,12,6,2,0,0,0,2,0,5,6,1,1,5,6,2,30,6,999,1,2,AUDI A1,3,E01030483,0,-1
2023311353271,2023,311353271,1,9,0,4,4,2,8,0,0,3,0,0,0,0,2,1,6,6,1,20,4,1395,1,8,AUDI A1,4,E01013937,0,-1
2023351354115,2023,351354115,2,9,0,10,10,1,7,0,0,6,0,0,0,0,2,1,6,6,2,25,5,999,1,4,AUDI A1,5,E01018102,0,-1
2023010458144,2023,010458144,1,9,0,18,19,5,1,0,0,1,0,0,0,0,2,1,6,6,1,28,6,999,1,1,AUDI A1,2,E01003057,0,-1
2023221261008,2023,221261008,2,9,0,16,19,8,3,0,0,8,0,0,0,0,1,1,5,6,2,17,4,1395,1,6,AUDI A1,9,E01032231,0,-1
2023461299327,2023,461299327,1,9,0,18,19,4,8,0,0,0,0,0,0,0,4,1,2,2,2,47,8,1390,1,9,AUDI A1,2,E01024247,0,-1
2023302301731,2023,302301731,2,9,0,9,9,8,6,0,0,1,0,0,0,0,1,2,6,6,2,17,4,999,1,4,AUDI A1,7,E01028124,0,-1
2023421299319,2023,421299319,2,9,0,18,19,6,2,0,0,1,0,0,0,0,4,1,6,6,2,25,5,1598,2,9,AUDI A1,7,E01029875,0,-1
202360A179378,2023,60A179378,3,9,0,16,19,5,1,0,0,0,0,0,0,0,3,1,6,6,1,-1,-1,1197,1,12,AUDI A1,-1,-1,0,-1
2023131348300,2023,131348300,2,9,0,3,3,4,8,0,0,0,0,0,0,0,2,1,2,2,2,26,6,999,1,6,AUDI A1,3,E01011449,0,-1
2023461363285,2023,461363285,1,9,0,7,7,1,5,0,0,3,0,0,0,0,1,1,6,6,2,22,5,999,1,4,AUDI A1,5,E01000379,0,-1
2023070352403,2023,070352403,2,9,0,3,3,4,8,0,0,0,0,0,0,0,2,1,1,1,2,34,6,1598,2,11,AUDI A1,4,W01000330,0,-1
2023531309399,2023,531309399,3,9,0,18,19,7,3,0,0,1,0,0,0,0,2,1,5,6,1,62,9,1498,1,2,AUDI A1,8,E01022387,0,-1
2023421339894,2023,421339894,4,9,0,4,4,3,7,0,0,0,0,0,0,0,2,1,6,6,2,29,6,1395,1,5,AUDI A1,9,E01021255,0,-1
2023010425282,2023,010425282,2,9,0,99,99,9,9,99,99,9,9,99,9,99,1,9,6,6,2,81,11,1395,1,5,AUDI A1,8,E01003225,0,-1
2023302301221,2023,302301221,2,9,0,7,7,7,1,0,0,1,0,0,0,0,1,1,6,6,2,26,6,1390,1,10,AUDI A1,3,E01019531,0,-1
2023401305867,2023,401305867,1,9,0,7,7,1,3,0,0,2,0,0,0,0,1,1,6,6,1,-1,-1,1598,2,12,AUDI A1,-1,-1,0,-1
2023546319323,2023,546319323,2,9,0,18,19,8,4,0,0,1,0,0,0,0,1,1,6,6,2,23,5,999,1,2,AUDI A1,9,E01031858,0,-1
2023371361894,2023,371361894,2,9,0,18,19,3,7,0,0,0,1,0,0,0,1,1,2,2,1,23,5,1598,2,8,AUDI A1,8,E01030000,0,-1
2023430358891,2023,430358891,1,9,0,18,19,2,6,0,0,0,0,0,0,0,3,1,6,6,2,22,5,1390,1,12,AUDI A1,6,E01017698,0,-1
2023221295709,2023,221295709,2,9,0,17,19,1,6,0,0,0,0,0,0,0,1,1,5,6,2,24,5,1197,1,11,AUDI A1,7,E01028939,0,-1
2023471347760,2023,471347760,1,9,0,18,19,3,7,0,0,1,0,0,0,0,1,1,6,6,1,22,5,1390,1,11,AUDI A1,4,E01031835,0,-1
2023131367552,2023,131367552,2,9,0,18,19,3,7,0,0,0,0,0,0,0,2,1,2,2,2,28,6,999,1,4,AUDI A1,9,E01011887,0,-1
2023201382617,2023,201382617,2,9,0,9,9,5,2,0,0,8,0,0,0,0,4,1,5,6,2,36,7,1395,1,6,AUDI A1,2,E01010041,0,-1
2023421392018,2023,421392018,2,9,0,18,19,5,1,0,0,0,0,0,0,0,0,1,5,6,2,41,7,999,1,1,AUDI A1,2,E01021327,0,-1
2023231371599,2023,231371599,2,9,0,5,5,2,6,0,0,4,0,0,0,0,1,1,6,6,2,19,4,1598,2,11,AUDI A1,10,E01027027,0,-1
2023010445581,2023,010445581,1,9,0,11,11,6,2,0,0,0,0,0,0,0,1,1,6,6,1,24,5,999,1,4,AUDI A1,4,E01001582,0,-1
2023041317387,2023,041317387,2,9,0,3,3,5,1,0,0,1,0,0,0,0,2,1,2,2,2,22,5,1598,2,7,AUDI A1,10,E01024947,0,-1
2023351375200,2023,351375200,2,9,0,18,19,3,7,0,0,0,1,99,5,6,0,1,5,6,2,29,6,1598,2,9,AUDI A1,8,E01018224,0,-1
2023991296987,2023,991296987,1,9,0,18,19,4,8,0,0,0,0,0,0,0,1,1,6,6,2,22,5,1390,1,13,AUDI A1,-1,-1,0,-1
2023201408309,2023,201408309,1,9,0,3,3,5,1,0,0,0,0,0,0,0,3,1,6,6,3,50,8,1390,1,10,AUDI A1,5,E01009186,0,-1
2023010450348,2023,010450348,2,9,0,9,9,5,2,0,0,1,0,0,0,0,2,1,6,6,2,25,5,1395,1,8,AUDI A1,6,E01023932,0,-1
2023320373939,2023,320373939,1,9,0,18,19,4,8,0,0,0,0,0,7,2,1,1,6,6,2,28,6,1598,2,8,AUDI A1,3,E01026318,0,-1
2023052302929,2023,052302929,2,9,0,4,4,7,3,0,0,0,0,0,0,0,2,1,6,6,2,26,6,999,1,0,AUDI A1,4,E01006501,0,-1
2023401354281,2023,401354281,1,9,0,16,19,3,7,0,0,0,0,0,0,0,1,1,5,6,1,23,5,999,1,2,AUDI A1,9,E01018201,0,-1
2023231402522,2023,231402522,1,9,0,18,19,1,5,0,0,4,5,9,7,1,1,1,5,6,2,23,5,1598,2,12,AUDI A1,4,E01031176,0,-1
2023501362734,2023,501362734,2,9,0,2,2,0,0,0,0,2,0,0,0,0,4,1,6,6,2,20,4,1197,1,12,AUDI A1,5,E01015091,0,-1
2023010440079,2023,010440079,1,9,0,17,19,5,1,9,9,0,0,10,0,0,1,1,6,6,2,25,5,1598,2,8,AUDI A1,2,E01001448,0,-1
2023122300813,2023,122300813,1,9,0,18,19,5,1,0,0,8,0,0,7,0,1,1,1,1,2,65,9,999,1,4,AUDI A1,9,E01011641,0,-1
2023010421607,2023,010421607,1,9,0,9,9,5,2,0,0,8,0,0,0,0,3,1,6,6,2,22,5,1395,1,7,AUDI A1,3,E01001505,0,-1
2023131290311,2023,131290311,2,9,0,2,2,0,0,9,9,8,0,0,0,0,2,1,6,6,3,-1,-1,999,1,4,AUDI A1,-1,-1,0,-1
2023010430095,2023,010430095,1,9,0,11,11,5,1,0,0,0,0,0,0,0,3,1,6,6,2,25,5,999,1,1,AUDI A1,4,E01021818,0,-1
2023131377929,2023,131377929,1,9,0,-1,-1,-1,-1,-1,-1,4,-1,-1,-1,0,-1,1,6,6,1,29,6,999,1,4,AUDI A1,2,E01010837,0,-1
2023430118785,2023,430118785,1,9,0,18,19,7,3,0,0,4,0,0,0,0,3,1,2,2,2,57,9,1197,1,11,AUDI A1,10,E01022546,0,-1
2023041297092,2023,041297092,2,9,0,2,2,3,7,0,0,1,0,4,0,0,3,1,5,6,2,20,4,999,1,4,AUDI A1,6,E01025608,0,-1
2023071025610,2023,071025610,5,9,0,18,19,5,1,0,0,0,0,0,0,0,1,1,6,6,2,-1,-1,999,1,3,AUDI A1,2,E01015218,0,-1
2023131370426,2023,131370426,3,9,0,4,4,1,5,0,0,0,0,0,0,0,2,1,5,6,2,23,5,999,1,7,AUDI A1,6,W01000671,0,-1
2023201291947,2023,201291947,3,9,0,2,2,0,0,0,0,0,0,0,0,0,3,1,6,6,2,41,7,1390,1,11,AUDI A1,5,E01009023,0,-1
2023052302337,2023,052302337,1,9,0,18,19,1,5,0,0,4,0,0,1,11,1,1,6,6,2,28,6,1395,1,8,AUDI A1,1,E01006693,0,-1
2023401320723,2023,401320723,1,9,0,16,19,7,3,0,0,0,0,0,7,2,1,1,5,6,1,23,5,1390,1,9,AUDI A1,4,E01017542,0,-1
2023320019273,2023,320019273,2,9,0,4,4,4,8,0,0,0,1,0,0,0,1,1,1,1,2,20,4,1390,1,12,AUDI A1,8,E01026229,0,-1
2023440277344,2023,440277344,1,9,0,14,14,1,5,0,0,0,0,0,0,0,1,1,6,6,1,17,4,1598,2,11,AUDI A1,10,E01022587,0,-1
2023340WN3742,2023,340WN3742,1,9,0,9,9,6,4,0,0,6,0,0,0,0,1,1,6,6,2,21,5,1395,1,8,AUDI A1,8,E01033501,0,-1
20231700H1732,2023,1700H1732,2,9,0,2,2,0,0,0,0,2,0,0,0,0,0,1,6,6,2,37,7,1197,1,10,AUDI A1,9,E01011997,0,-1
2023411351281,2023,411351281,1,9,0,7,7,1,3,0,0,8,0,0,0,0,4,1,6,6,2,38,7,1197,1,9,AUDI A1,6,E01023845,0,-1
2023501403206,2023,501403206,1,9,0,18,19,7,3,0,0,8,0,0,0,0,1,1,6,6,2,22,5,1390,1,9,AUDI A1,7,E01020124,0,-1
2023411298884,2023,411298884,1,9,0,18,19,2,6,0,0,2,1,10,7,11,1,1,5,6,2,59,9,1390,1,10,AUDI A1,10,E01023562,0,-1
2023411268193,2023,411268193,1,9,0,11,11,1,5,0,0,0,0,0,0,0,1,1,6,6,1,24,5,1390,1,11,AUDI A1,7,E01002111,0,-1
2023430074573,2023,430074573,2,9,0,18,19,5,1,0,0,1,5,0,0,0,1,1,2,2,2,23,5,1390,1,11,AUDI A1,9,E01028642,0,-1
2023061329686,2023,061329686,2,9,0,3,3,3,7,0,0,0,0,0,0,0,2,1,6,6,1,40,7,999,1,0,AUDI A1,4,E01006047,0,-1
2023610000323,2023,610000323,1,9,0,18,19,7,3,0,0,8,0,0,0,0,3,1,6,6,2,44,7,1598,2,8,AUDI A1,2,W01001325,0,-1
2023101265208,2023,101265208,2,9,0,18,19,5,1,0,0,4,0,0,0,0,4,1,2,2,1,35,6,999,1,8,AUDI A1,3,E01008639,0,-1
2023421388541,2023,421388541,2,9,0,18,19,1,5,0,0,0,0,0,0,0,1,1,2,2,2,21,5,1390,1,9,AUDI A1,-1,-1,0,-1
2023332300958,2023,332300958,2,9,0,2,2,0,0,0,0,1,0,0,0,0,3,1,6,6,3,-1,-1,1390,1,10,AUDI A1,-1,-1,0,-1
2023430242138,2023,430242138,2,9,0,9,9,6,4,0,0,5,0,0,0,0,3,1,6,6,2,38,7,999,1,7,AUDI A1,9,E01016685,0,-1
2023622300696,2023,622300696,2,9,0,3,3,5,1,0,0,1,0,0,0,0,2,1,2,2,2,26,6,1598,2,7,AUDI A1,3,W01001812,0,-1
2023311372281,2023,311372281,1,9,0,9,9,2,7,0,0,0,0,0,1,0,1,1,6,6,1,18,4,1598,2,12,AUDI A1,9,E01028241,0,-1
2023011338534,2023,011338534,1,9,0,7,7,5,1,0,0,1,0,0,0,0,4,1,2,2,2,35,6,1395,1,7,AUDI A1,10,E01030753,0,-1
2023131351491,2023,131351491,1,9,0,18,19,5,1,0,0,1,0,0,0,0,1,1,2,2,1,20,4,1197,1,11,AUDI A1,8,E01011556,0,-1
2023522400922,2023,522400922,3,9,0,18,19,8,4,0,0,1,0,0,0,0,1,1,6,6,2,29,6,1598,2,6,AUDI A1,10,E01031949,0,-1
2023421365486,2023,421365486,1,9,0,10,10,7,3,0,0,2,0,0,0,0,1,1,2,2,2,27,6,1395,1,8,AUDI A1,7,E01021524,0,-1
2023221326510,2023,221326510,1,9,0,16,19,2,4,0,0,8,5,10,0,0,3,1,5,6,2,68,10,999,1,0,AUDI A1,5,E01028846,0,-1
2023430093444,2023,430093444,1,9,0,18,19,6,2,0,0,2,0,0,0,0,1,1,6,6,1,18,4,1498,1,4,AUDI A1,6,E01017793,0,-1
2023131355426,2023,131355426,1,9,0,18,19,7,3,0,0,0,2,0,0,0,1,1,5,6,2,22,5,1390,1,11,AUDI A1,3,E01011806,0,-1
2023332300746,2023,332300746,1,9,0,2,2,0,0,0,0,0,0,0,0,0,3,1,6,6,2,44,7,1390,1,12,AUDI A1,7,E01026005,0,-1
2023131294783,2023,131294783,1,9,0,18,19,5,1,0,0,0,0,0,0,0,1,1,6,6,2,24,5,999,1,3,AUDI A1,9,E01033475,0,-1
2023131348178,2023,131348178,1,9,0,17,19,7,8,0,0,8,0,10,1,0,1,1,5,6,1,23,5,999,1,4,AUDI A1,2,E01011943,0,-1
2023010440423,2023,010440423,3,9,0,2,2,0,0,2,2,0,0,4,0,0,1,1,6,6,3,-1,-1,1395,1,8,AUDI A1,-1,-1,0,-1
2023471382122,2023,471382122,7,9,0,16,19,7,3,0,0,0,0,0,0,0,2,1,5,6,1,17,4,1390,1,13,AUDI A1,8,E01016995,0,-1
2023471284448,2023,471284448,1,9,0,9,9,5,3,0,0,8,0,0,0,0,1,1,6,6,1,17,4,1395,1,8,AUDI A1,8,E01031382,0,-1
2023010436924,2023,010436924,1,9,0,5,5,3,7,0,0,3,2,10,1,11,1,1,6,6,2,19,4,1390,1,10,AUDI A1,2,E01023339,0,-1
2023320317426,2023,320317426,1,9,0,18,19,8,4,0,0,1,0,0,0,0,1,1,2,2,2,52,8,999,1,0,AUDI A1,4,E01026705,0,-1
2023201379898,2023,201379898,1,9,0,4,4,8,4,0,0,0,0,0,0,0,1,1,6,6,2,25,5,1968,2,11,AUDI A1,-1,-1,0,-1
2023991363272,2023,991363272,2,9,0,18,19,1,5,0,0,1,0,0,0,0,1,1,5,6,2,18,4,1598,2,7,AUDI A1,5,-1,0,-1
2023161313016,2023,161313016,1,9,0,18,19,5,8,0,0,2,0,0,0,0,1,1,6,6,2,51,8,999,1,6,AUDI A1,8,E01013094,0,-1
2023052300624,2023,052300624,2,9,0,4,4,3,7,0,0,0,0,0,0,0,2,1,6,6,2,19,4,999,1,1,AUDI A1,7,E01006580,0,-1
2023010456757,2023,010456757,1,9,0,16,19,5,1,0,0,8,1,0,3,1,1,1,6,6,2,22,5,999,1,5,AUDI A1,4,E01030634,0,-1
2023461396067,2023,461396067,1,9,0,4,4,3,7,0,0,1,0,0,0,0,1,1,6,6,1,17,4,1390,1,10,AUDI A1,9,E01024159,0,-1
2023010467016,2023,010467016,2,9,0,99,99,9,9,99,99,9,9,99,9,99,1,9,6,6,3,-1,-1,1395,1,5,AUDI A1,6,E01002360,0,-1
2023401267463,2023,401267463,1,9,0,11,11,3,7,0,0,8,0,0,0,0,4,1,6,6,1,65,9,1390,1,10,AUDI A1,10,E01023642,0,-1
2023451382610,2023,451382610,1,9,0,5,5,5,1,0,0,3,0,0,0,0,2,1,5,6,2,24,5,1395,1,5,AUDI A1,8,E01030666,0,-1
2023531325379,2023,531325379,1,9,0,12,12,7,3,0,0,0,0,0,1,0,1,1,5,6,2,67,10,1390,1,12,AUDI A1,5,E01014045,0,-1
2023991273877,2023,991273877,1,9,0,18,19,4,7,0,0,0,0,0,0,0,1,1,5,6,2,21,5,999,1,6,AUDI A1,7,-1,0,-1
2023010438672,2023,010438672,1,9,0,99,99,9,9,99,99,9,9,99,9,99,4,9,6,6,2,34,6,1498,1,2,AUDI A1,6,E01002327,0,-1
2023522301067,2023,522301067,2,9,0,18,19,5,1,0,0,8,0,0,0,0,3,1,6,6,2,28,6,1395,1,6,AUDI A1,7,E01014535,0,-1
2023010441373,2023,010441373,2,9,0,99,99,9,9,99,99,9,9,99,9,99,9,9,6,6,3,-1,-1,999,1,2,AUDI A1,-1,-1,0,-1
2023010431010,2023,010431010,1,9,0,6,6,5,5,0,0,2,0,0,0,0,1,1,6,6,1,60,9,999,1,4,AUDI A1,2,E01003932,0,-1
2023522400901,2023,522400901,3,9,0,2,2,0,0,0,0,2,0,0,0,0,2,1,6,6,2,32,6,1395,1,5,AUDI A1,3,E01014622,0,-1
2023010445513,2023,010445513,3,9,0,18,19,7,3,0,0,0,5,4,0,0,4,1,6,6,2,67,10,999,1,1,AUDI A1,10,E01030590,0,-1
2023361315034,2023,361315034,1,9,0,10,10,5,1,0,0,1,0,0,0,0,2,1,5,6,2,50,8,1395,1,5,AUDI A1,9,E01026871,0,-1
2023311371781,2023,311371781,2,9,0,18,19,5,1,0,0,4,0,0,0,0,1,1,6,6,2,19,4,1968,2,11,AUDI A1,1,E01019650,0,-1
2023311379789,2023,311379789,1,9,0,9,9,5,3,0,0,8,0,0,0,0,4,1,2,2,2,21,5,1598,2,12,AUDI A1,7,E01027961,0,-1
2023461383364,2023,461383364,6,9,0,4,4,5,1,0,0,0,0,0,0,0,1,1,5,6,2,19,4,1395,1,6,AUDI A1,7,E01000387,0,-1
2023161364900,2023,161364900,1,9,0,18,19,5,1,9,9,0,0,0,1,0,1,1,6,6,1,17,4,1390,1,10,AUDI A1,1,E01012787,0,-1
2023430336928,2023,430336928,1,9,0,18,19,1,5,0,0,8,0,0,0,0,3,1,6,6,1,59,9,1197,1,11,AUDI A1,-1,-1,0,-1
2023122300444,2023,122300444,2,9,0,9,9,1,7,0,0,6,0,0,0,0,1,1,6,6,2,42,7,999,1,1,AUDI A1,4,E01027810,0,-1
2023231341698,2023,231341698,2,9,0,18,19,3,7,0,0,0,0,0,0,0,0,1,6,6,2,20,4,999,1,4,AUDI A1,9,E01025661,0,-1
2023101415861,2023,101415861,1,9,0,18,19,2,6,0,0,1,2,0,0,0,1,1,6,6,1,22,5,1598,2,9,AUDI A1,6,E01027368,0,-1
2023141388599,2023,141388599,1,9,0,18,19,2,6,0,0,1,0,0,0,0,1,1,2,2,2,26,6,1598,2,11,AUDI A1,8,E01007811,0,-1
2023351388660,2023,351388660,1,9,0,9,9,7,3,0,0,0,0,0,0,0,3,1,6,6,2,35,6,1395,1,8,AUDI A1,8,E01018242,0,-1
2023221281185,2023,221281185,1,9,0,7,7,5,7,0,0,6,0,0,0,0,1,1,5,6,1,59,9,1968,2,10,AUDI A1,6,E01014030,0,-1
2023211376401,2023,211376401,6,9,0,4,4,1,5,0,0,0,0,0,0,0,2,1,6,6,2,26,6,1598,2,10,AUDI A1,10,E01033254,0,-1
2023401346826,2023,401346826,3,9,0,18,19,1,5,0,0,0,0,0,0,0,1,1,5,6,2,22,5,1395,1,6,AUDI A1,9,E01017585,0,-1
2023101266400,2023,101266400,1,9,0,3,3,6,2,0,0,1,0,0,0,0,2,1,5,6,1,48,8,999,1,3,AUDI A1,10,E01008549,0,-1
2023520301200,2023,520301200,1,9,0,99,99,9,9,0,0,0,9,0,0,0,9,1,6,6,1,52,8,1598,2,12,AUDI A1,7,E01029120,0,-1
2023161327030,2023,161327030,2,9,0,4,4,1,1,0,0,0,0,0,0,0,1,1,2,2,1,21,5,1390,1,12,AUDI A1,3,E01012832,0,-1
2023332300927,2023,332300927,2,9,0,5,5,5,1,0,0,6,0,0,1,10,1,1,1,1,1,-1,-1,1598,2,8,AUDI A1,-1,-1,0,-1
2023311345730,2023,311345730,1,9,0,3,3,1,1,0,0,1,0,4,0,0,1,1,6,6,2,24,5,999,1,6,AUDI A1,1,E01033411,0,-1
2023141289677,2023,141289677,1,9,0,18,19,1,5,0,0,2,0,0,0,0,1,1,5,6,1,19,4,1598,2,11,AUDI A1,6,E01032551,0,-1
2023332301094,2023,332301094,1,9,0,4,4,1,5,0,0,2,0,10,7,1,2,1,6,6,2,45,7,1598,2,7,AUDI A1,8,E01025612,0,-1
2023430263609,2023,430263609,1,9,0,9,9,1,6,0,0,5,0,0,0,0,4,1,6,6,1,32,6,1498,1,4,AUDI A1,8,E01016544,0,-1
2023221347161,2023,221347161,2,9,0,10,10,1,7,0,0,8,0,0,0,0,2,1,6,6,2,50,8,1197,1,12,AUDI A1,9,E01014083,0,-1
2023141362790,2023,141362790,2,9,0,18,19,3,7,0,0,0,0,0,0,0,4,1,6,6,3,25,5,999,1,4,AUDI A1,2,E01007784,0,-1
2023141305649,2023,141305649,2,9,0,9,9,7,1,0,0,0,0,0,0,0,1,1,2,2,1,31,6,1390,1,10,AUDI A1,8,E01007610,0,-1
2023010441078,2023,010441078,2,9,9,99,99,9,9,99,99,9,9,99,0,0,9,9,6,6,3,37,7,1390,1,11,AUDI A1,6,E01001093,0,-1
2023010467799,2023,010467799,1,9,0,99,99,9,9,99,99,0,9,99,9,99,1,9,6,6,1,47,8,999,1,3,AUDI A1,2,E01003497,0,-1
2023451304475,2023,451304475,1,9,0,12,12,3,7,0,0,1,0,0,0,0,3,1,1,1,2,50,8,1395,1,7,AUDI A1,6,E01030896,0,-1
2023311338282,2023,311338282,2,9,0,4,4,3,7,0,0,4,0,0,0,0,2,1,6,6,1,29,6,1395,1,6,AUDI A1,2,E01013829,0,-1
2023451345741,2023,451345741,1,9,0,5,5,7,5,0,0,3,0,0,0,0,3,1,2,2,2,19,4,999,1,4,AUDI A1,9,E01030394,0,-1
2023421310267,2023,421310267,3,9,0,18,19,6,2,0,0,8,0,0,0,0,1,1,6,6,1,61,9,1395,1,5,AUDI A1,6,E01021348,0,-1
2023201292270,2023,201292270,1,9,0,7,7,6,8,0,0,8,0,10,1,0,4,1,1,1,1,26,6,1395,1,5,AUDI A1,2,E01010372,0,-1
2023101352660,2023,101352660,1,9,0,17,19,5,1,0,0,0,0,0,2,0,4,1,5,6,1,67,10,1390,1,10,AUDI A1,9,E01027463,0,-1
2023201337549,2023,201337549,1,9,0,18,19,2,6,0,0,2,0,0,0,0,1,1,6,6,1,33,6,999,1,0,AUDI A1,1,E01009350,0,-1
2023311381042,2023,311381042,2,9,0,4,4,1,5,0,0,0,0,0,0,0,2,1,5,6,2,75,10,1395,1,6,AUDI A1,10,E01028400,0,-1
2023041367799,2023,041367799,2,9,0,18,19,5,1,0,0,0,0,0,0,0,3,1,5,6,2,54,8,999,1,0,AUDI A1,6,E01029778,0,-1
2023211269749,2023,211269749,1,9,0,12,12,5,1,0,0,2,0,0,0,0,1,1,6,6,2,56,9,999,1,3,AUDI A1,1,E01029548,0,-1
2023071288527,2023,071288527,2,9,0,4,4,7,3,0,0,0,0,0,0,0,2,1,6,6,1,35,6,1395,1,7,AUDI A1,9,E01018494,0,-1
2023201411251,2023,201411251,2,9,0,10,10,3,5,0,0,1,0,0,0,0,2,1,6,6,2,36,7,999,1,6,AUDI A1,1,E01009321,0,-1
2023211321632,2023,211321632,1,9,0,18,19,3,3,0,0,0,0,0,0,0,1,1,6,6,2,22,5,1390,1,9,AUDI A1,5,E01014319,0,-1
2023111296436,2023,111296436,1,9,0,18,19,8,4,0,0,0,1,0,2,3,1,1,5,6,2,21,5,1390,1,10,AUDI A1,6,E01020794,0,-1
2023471381668,2023,471381668,1,9,0,18,19,3,7,0,0,1,0,2,0,0,1,1,6,6,3,-1,-1,1598,2,12,AUDI A1,-1,-1,0,-1
2023131299074,2023,131299074,1,9,0,18,19,3,7,0,0,1,0,0,0,0,4,1,5,6,2,69,10,1390,1,11,AUDI A1,8,E01010709,0,-1
2023311332154,2023,311332154,1,9,0,18,19,2,6,0,0,0,0,0,0,0,1,1,5,6,1,17,4,999,1,1,AUDI A1,5,-1,0,-1
2023522400960,2023,522400960,1,9,0,8,8,6,2,0,0,1,0,0,0,0,2,1,6,6,2,42,7,1598,2,7,AUDI A1,8,E01014391,0,-1
2023221342343,2023,221342343,1,9,0,18,19,3,7,0,0,8,0,0,0,0,4,1,5,6,2,48,8,1598,2,11,AUDI A1,5,E01014053,0,-1
2023461393017,2023,461393017,1,9,0,18,19,6,2,0,0,4,5,10,3,0,1,1,6,6,1,18,4,999,1,4,AUDI A1,10,E01000666,0,-1
2023201285220,2023,201285220,2,9,0,3,3,1,5,0,0,1,0,0,0,0,2,1,2,2,2,40,7,1598,2,8,AUDI A1,1,E01033644,0,-1
2023010424424,2023,010424424,1,9,0,1,1,1,5,9,9,0,0,10,7,11,2,2,6,6,2,38,7,1390,1,10,AUDI A1,4,E01001956,0,-1
2023401317715,2023,401317715,1,9,0,1,1,3,7,0,0,1,0,0,0,0,2,1,6,6,3,-1,-1,999,1,1,AUDI A1,-1,-1,0,-1
2023401320776,2023,401320776,2,9,0,4,4,8,4,0,0,0,0,0,0,0,2,1,5,6,2,55,8,1498,1,1,AUDI A1,10,E01019787,0,-1
2023471289577,2023,471289577,2,9,0,18,19,3,7,0,0,8,0,0,7,4,3,1,2,2,2,19,4,999,1,4,AUDI A1,8,E01016958,0,-1
2023131286233,2023,131286233,1,9,0,18,19,1,5,0,0,1,0,0,0,0,0,1,1,1,2,24,5,999,1,5,AUDI A1,6,E01027573,0,-1
2023010440134,2023,010440134,2,9,0,99,99,9,9,99,99,9,9,99,9,99,9,9,6,6,3,-1,-1,1395,1,8,AUDI A1,-1,-1,0,-1
2023010433635,2023,010433635,1,9,0,9,9,2,8,0,0,2,0,0,0,0,1,1,6,6,2,77,11,1390,1,9,AUDI A1,9,E01000899,0,-1
2023430208594,2023,430208594,1,9,0,18,19,2,6,0,0,8,0,9,3,0,1,1,6,6,1,34,6,999,1,0,AUDI A1,9,E01016247,0,-1
2023401317964,2023,401317964,2,9,-1,-1,-1,-1,-1,-1,-1,0,-1,-1,-1,0,-1,1,6,6,1,42,7,999,1,0,AUDI A1,1,E01015773,0,-1
2023430231989,2023,430231989,4,9,0,18,19,3,7,0,0,0,0,0,0,0,1,1,6,6,1,31,6,1395,1,6,AUDI A1,8,E01021436,0,-1
2023440390763,2023,440390763,2,9,0,18,19,5,1,0,0,1,0,0,0,0,1,1,2,2,2,65,9,999,1,0,AUDI A1,10,E01022861,0,-1
2023061273622,2023,061273622,1,9,0,18,19,3,7,0,0,1,0,0,0,0,1,1,6,6,2,30,6,1598,2,12,AUDI A1,1,E01005061,0,-1
2023131319592,2023,131319592,1,9,0,9,9,7,3,0,0,0,0,4,0,0,2,1,5,6,1,40,7,1598,2,11,AUDI A1,2,E01011781,0,-1
2023332300381,2023,332300381,2,9,0,1,1,7,3,0,0,0,0,0,0,0,2,1,6,6,2,-1,-1,1598,2,11,AUDI A1,-1,-1,0,-1
2023440510603,2023,440510603,1,9,0,18,19,5,1,0,0,8,0,0,7,7,1,1,6,6,2,41,7,1395,1,8,AUDI A1,3,E01022901,0,-1
2023071088118,2023,071088118,2,9,0,10,10,5,1,0,0,8,0,0,0,0,4,1,6,6,2,20,4,999,1,5,AUDI A1,9,E01012374,0,-1