collision_index,collision_year,collision_ref_no,vehicle_reference,vehicle_type,towing_and_articulation,vehicle_manoeuvre_historic,vehicle_manoeuvre,vehicle_direction_from,vehicle_direction_to,vehicle_location_restricted_lane_historic,vehicle_location_restricted_lane,junction_location,skidding_and_overturning,hit_object_in_carriageway,vehicle_leaving_carriageway,hit_object_off_carriageway,first_point_of_impact,vehicle_left_hand_drive,journey_purpose_of_driver_historic,journey_purpose_of_driver,sex_of_driver,age_of_driver,age_band_of_driver,engine_capacity_cc,propulsion_code,age_of_vehicle,generic_make_model,driver_imd_decile,lsoa_of_driver,escooter_flag,driver_distance_banding
2023201341360,2023,201341360,1,9,0,11,11,7,3,2,2,0,0,0,0,0,2,1,6,6,2,21,5,999,1,4,AUDI A1,1,E01009198,0,-1
2023061267150,2023,061267150,2,9,0,9,9,4,2,0,0,1,0,0,0,0,2,1,6,6,2,34,6,1598,2,10,AUDI A1,9,E01024867,0,-1
2023010452359,2023,010452359,1,9,0,9,9,5,3,0,0,5,0,0,0,0,4,1,6,6,2,23,5,999,1,2,AUDI A1,4,E01003715,0,-1
2023031390492,2023,031390492,3,9,0,4,4,4,8,0,0,1,0,0,0,0,1,1,6,6,2,51,8,1598,2,5,AUDI A1,9,E01019255,0,-1
2023471383094,2023,471383094,1,9,0,7,7,6,8,0,0,6,0,0,0,0,1,1,2,2,2,23,5,1598,2,10,AUDI A1,7,E01021181,0,-1
2023440309419,2023,440309419,1,9,0,3,3,8,4,0,0,1,0,0,0,0,2,1,2,2,2,17,4,1390,1,10,AUDI A1,1,E01022843,0,-1
2023421301926,2023,421301926,2,9,0,18,19,3,7,0,0,1,0,0,0,0,3,1,6,6,2,29,6,1598,2,8,AUDI A1,10,E01021738,0,-1
2023041373112,2023,041373112,1,9,0,18,19,5,1,0,0,0,0,0,0,0,1,1,5,6,2,25,5,1598,2,9,AUDI A1,-1,-1,0,-1
2023041342438,2023,041342438,3,9,0,18,19,7,3,0,0,0,0,0,0,0,2,1,5,6,1,55,8,1598,2,11,AUDI A1,5,E01012633,0,-1
2023131350685,2023,131350685,2,9,0,4,4,1,1,0,0,0,0,0,0,0,2,1,6,6,2,29,6,1390,1,13,AUDI A1,-1,-1,0,-1
2023010465268,2023,010465268,2,9,0,99,99,9,9,99,99,9,9,99,9,99,1,9,6,6,3,-1,-1,999,1,4,AUDI A1,-1,-1,0,-1
2023010457342,2023,010457342,1,9,0,99,99,9,9,0,0,9,9,99,9,99,9,9,2,2,2,27,6,1598,2,6,AUDI A1,3,E01016499,0,-1
2023122300610,2023,122300610,2,9,0,12,12,3,7,0,0,0,0,0,0,0,0,1,6,6,2,28,6,999,1,5,AUDI A1,10,E01013355,0,-1
2023061389639,2023,061389639,2,9,-1,-1,-1,-1,-1,-1,-1,0,-1,-1,-1,0,-1,1,6,6,1,34,6,1197,1,11,AUDI A1,2,E01005233,0,-1
2023010451219,2023,010451219,1,9,0,13,13,5,1,0,0,1,0,0,0,0,1,1,6,6,2,23,5,999,1,0,AUDI A1,3,E01001983,0,-1
2023440440548,2023,440440548,1,9,0,17,19,4,2,0,0,0,0,0,1,2,1,1,6,6,1,17,4,1598,2,11,AUDI A1,3,E01017079,0,-1
2023161360571,2023,161360571,2,9,0,10,10,5,1,0,0,0,0,0,0,0,2,1,5,6,2,47,8,1598,2,9,AUDI A1,7,E01033105,0,-1
2023430352422,2023,430352422,1,9,0,16,19,7,2,0,0,7,0,0,0,0,1,1,6,6,1,62,9,999,1,2,AUDI A1,-1,-1,0,-1
2023201358473,2023,201358473,1,9,0,4,4,7,2,0,0,1,1,0,0,0,1,1,5,6,1,25,5,1390,1,10,AUDI A1,8,E01009687,0,-1
2023440234857,2023,440234857,1,9,0,18,19,7,3,0,0,0,0,0,0,0,1,1,6,6,2,20,4,1395,1,5,AUDI A1,9,E01022653,0,-1
2023052300814,2023,052300814,1,9,0,2,2,0,0,0,0,0,0,0,0,0,3,1,1,1,2,49,8,1598,2,7,AUDI A1,1,E01006630,0,-1
2023211356285,2023,211356285,2,9,0,12,12,3,3,0,0,0,0,0,0,0,2,1,5,6,1,57,9,999,1,6,AUDI A1,8,E01029790,0,-1
2023010486153,2023,010486153,4,9,0,2,2,0,0,0,0,0,0,0,0,0,2,1,6,6,3,-1,-1,1395,1,6,AUDI A1,-1,-1,0,-1
2023351432092,2023,351432092,1,9,0,5,5,4,8,0,0,1,0,0,0,0,1,1,6,6,3,-1,-1,1390,1,11,AUDI A1,-1,-1,0,-1
2023101298285,2023,101298285,2,9,0,17,19,7,3,0,0,0,0,0,0,0,3,1,5,6,2,24,5,999,1,1,AUDI A1,2,E01008330,0,-1
2023041363071,2023,041363071,1,9,0,9,9,3,6,0,0,5,0,0,0,0,1,1,2,2,2,24,5,1390,1,11,AUDI A1,9,E01025240,0,-1
2023131349603,2023,131349603,2,9,0,1,1,1,5,0,0,1,0,0,0,0,3,1,6,6,2,29,6,1395,1,8,AUDI A1,6,E01011517,0,-1
2023041367261,2023,041367261,1,9,0,18,19,1,5,0,0,2,0,0,0,0,1,1,5,6,2,19,4,999,1,4,AUDI A1,5,E01025080,0,-1
2023421326561,2023,421326561,1,9,0,18,19,5,1,0,0,0,0,0,0,0,1,1,6,6,2,29,6,999,1,6,AUDI A1,3,E01003295,0,-1
2023211362301,2023,211362301,1,9,0,17,19,1,5,0,0,0,5,0,1,0,1,1,1,1,2,23,5,999,1,5,AUDI A1,3,E01029812,0,-1
2023131340906,2023,131340906,2,9,0,4,4,5,1,0,0,0,0,0,0,0,1,1,1,1,3,20,4,1395,1,6,AUDI A1,9,E01011151,0,-1
2023622300838,2023,622300838,2,8,0,18,19,6,2,0,0,4,0,0,0,0,3,1,6,6,2,48,8,999,1,2,-1,2,W01001885,0,-1
2023552301087,2023,552301087,1,9,0,18,19,2,6,0,0,0,0,0,0,0,1,1,6,6,2,41,7,1598,2,10,AUDI A1,8,E01015332,0,-1
2023041269301,2023,041269301,3,9,0,18,19,6,8,0,0,1,0,0,0,0,0,1,2,2,2,20,4,1598,2,12,AUDI A1,1,E01012577,0,-1
2023010452957,2023,010452957,1,9,0,18,19,3,7,0,0,1,0,0,0,0,1,1,3,7,2,41,7,1395,1,8,AUDI A1,4,E01002684,0,-1
2023010479200,2023,010479200,2,9,0,2,2,0,0,0,0,0,0,0,0,0,1,1,6,6,3,-1,-1,1395,1,7,AUDI A1,-1,-1,0,-1
2023451375448,2023,451375448,1,9,0,8,8,7,3,0,0,1,0,0,0,0,2,1,2,2,1,20,4,999,1,4,AUDI A1,9,E01023115,0,-1
2023010465216,2023,010465216,1,9,0,18,19,1,5,0,0,1,0,7,2,1,1,1,6,6,2,24,5,999,1,2,AUDI A1,3,E01001844,0,-1
2023461367548,2023,461367548,1,9,0,18,19,5,3,0,0,0,0,0,0,0,3,1,6,6,1,36,7,1197,1,9,AUDI A1,-1,-1,0,-1
2023031362280,2023,031362280,3,9,0,3,3,7,3,0,0,0,0,0,0,0,2,1,5,6,2,22,5,1395,1,8,AUDI A1,3,E01024883,0,-1
2023311283195,2023,311283195,1,9,0,18,19,4,8,0,0,1,0,0,0,0,3,1,5,6,2,29,6,1598,2,11,AUDI A1,4,E01028165,0,-1
2023010422679,2023,010422679,1,9,0,99,99,9,9,99,99,9,9,99,9,99,2,9,6,6,2,26,6,1390,1,11,AUDI A1,2,E01001014,0,-1
2023031296438,2023,031296438,2,9,0,18,19,6,1,0,0,0,5,0,0,0,3,1,1,1,2,46,8,1598,2,5,AUDI A1,-1,-1,0,-1
2023221397266,2023,221397266,2,9,0,18,19,3,7,0,0,8,0,0,0,0,1,1,2,2,2,30,6,1598,2,12,AUDI A1,3,E01014010,0,-1
2023631382640,2023,631382640,1,9,0,16,19,5,1,0,0,0,0,0,0,0,3,1,6,6,1,18,4,999,1,2,AUDI A1,7,W01000532,0,-1
2023070860108,2023,070860108,2,9,0,3,3,1,4,0,0,0,0,2,0,0,2,1,6,6,2,44,7,999,1,0,AUDI A1,6,E01018612,0,-1
2023631364723,2023,631364723,2,9,0,2,2,6,2,0,0,0,0,0,0,0,2,1,5,6,1,70,10,1598,2,7,AUDI A1,8,W01000453,0,-1
2023351402897,2023,351402897,1,9,0,9,9,7,5,0,0,8,0,0,0,0,3,1,6,6,1,63,9,1598,2,9,AUDI A1,8,E01018194,0,-1
2023991318605,2023,991318605,1,9,0,18,19,6,2,0,0,1,0,7,0,0,4,1,2,2,2,19,4,999,1,4,AUDI A1,10,-1,0,-1
2023061351496,2023,061351496,3,9,-1,-1,-1,-1,-1,-1,-1,0,-1,-1,-1,0,1,1,6,6,2,-1,-1,999,1,7,AUDI A1,9,E01005334,0,-1
2023052302790,2023,052302790,1,9,0,9,9,1,7,0,0,6,0,0,0,0,3,1,6,6,2,21,5,999,1,3,AUDI A1,7,E01007203,0,-1
2023332300944,2023,332300944,1,9,0,7,7,3,6,0,0,3,0,0,0,0,4,1,6,6,2,62,9,1598,2,8,AUDI A1,7,E01025757,0,-1
2023371342810,2023,371342810,1,9,0,8,8,5,4,0,0,1,0,10,0,0,2,1,5,6,1,78,11,1197,1,11,AUDI A1,1,E01029994,0,-1
2023471387412,2023,471387412,1,9,0,4,4,3,7,0,0,0,0,0,0,0,1,1,5,6,2,23,5,999,1,0,AUDI A1,5,E01031585,0,-1
2023010459464,2023,010459464,1,9,0,99,99,9,9,99,99,9,9,99,9,99,9,9,6,6,2,26,6,1390,1,11,AUDI A1,5,E01033577,0,-1
2023131306422,2023,131306422,2,9,0,18,19,3,7,0,0,0,0,0,0,0,4,1,5,6,2,20,4,1598,2,11,AUDI A1,3,E01005297,0,-1
2023501347998,2023,501347998,1,9,0,18,19,1,5,0,0,1,0,0,0,0,1,1,5,6,2,25,5,999,1,2,AUDI A1,4,E01018965,0,-1
2023231295275,2023,231295275,2,9,0,9,9,2,1,0,0,5,0,0,1,0,3,1,6,6,2,82,11,1395,1,7,AUDI A1,10,E01031305,0,-1
2023401278266,2023,401278266,1,9,0,13,13,6,2,0,0,0,0,0,0,0,1,1,5,6,1,18,4,1598,2,12,AUDI A1,8,E01017591,0,-1
2023010469382,2023,010469382,1,9,0,99,99,9,9,99,99,9,9,99,9,99,2,9,6,6,2,22,5,999,1,2,AUDI A1,-1,-1,0,-1
2023440412486,2023,440412486,2,9,0,18,19,1,5,0,0,1,0,0,0,0,1,1,2,2,2,64,9,1395,1,7,AUDI A1,-1,-1,0,-1
2023991392494,2023,991392494,2,9,0,18,19,6,2,0,0,8,0,0,0,0,3,1,5,6,1,54,8,1598,2,7,AUDI A1,1,-1,0,-1
2023010450135,2023,010450135,1,9,0,7,7,8,2,0,0,1,0,0,0,0,4,1,6,6,2,21,5,999,1,3,AUDI A1,5,E01000450,0,-1
2023201419468,2023,201419468,1,9,0,6,6,3,3,0,0,0,0,4,0,0,1,1,6,6,2,20,4,999,1,0,AUDI A1,4,E01014034,0,-1
2023501399635,2023,501399635,1,9,0,5,5,7,3,0,0,0,0,0,0,0,3,1,6,6,2,42,7,1395,1,9,AUDI A1,9,E01020038,0,-1
2023131263629,2023,131263629,1,9,0,18,19,2,2,0,0,8,0,0,0,0,1,1,5,6,1,19,4,1598,2,6,AUDI A1,6,E01011156,0,-1
2023201298265,2023,201298265,2,9,0,3,3,4,8,0,0,0,0,0,0,0,2,1,6,6,1,54,8,1395,1,8,AUDI A1,1,E01009404,0,-1
2023231326218,2023,231326218,2,9,0,3,3,1,5,0,0,1,0,0,0,0,2,1,5,6,2,18,4,1197,1,10,AUDI A1,5,E01031203,0,-1
2023221318460,2023,221318460,1,9,0,9,9,7,6,0,0,6,0,0,0,0,3,1,6,6,2,59,9,999,1,2,AUDI A1,4,E01014025,0,-1
2023061377040,2023,061377040,1,9,0,9,9,3,1,0,0,5,0,0,0,0,1,1,1,1,2,25,5,999,1,2,AUDI A1,-1,-1,0,-1
2023351366461,2023,351366461,2,9,0,18,19,4,8,0,0,8,0,0,0,0,1,1,5,6,2,72,10,1395,1,7,AUDI A1,5,E01018214,0,-1
2023311347431,2023,311347431,2,9,0,18,19,8,4,0,0,0,0,4,0,0,4,1,2,2,2,37,7,1598,2,12,AUDI A1,1,E01013942,0,-1
2023141375650,2023,141375650,2,9,0,5,5,7,3,0,0,6,0,0,0,0,1,1,6,6,2,-1,-1,999,1,2,AUDI A1,-1,-1,0,-1
2023451283273,2023,451283273,4,9,0,4,4,1,5,0,0,0,0,0,0,0,2,1,1,1,2,22,5,1968,2,10,AUDI A1,9,E01022943,0,-1
2023141287859,2023,141287859,3,9,0,2,2,0,0,0,0,0,0,0,0,0,2,2,6,6,3,-1,-1,1598,2,12,AUDI A1,-1,-1,0,-1
2023010451977,2023,010451977,2,9,0,99,99,9,9,99,99,9,9,99,9,99,9,9,6,6,2,27,6,999,1,3,AUDI A1,8,E01030846,0,-1
2023471302362,2023,471302362,1,9,0,5,5,3,7,0,0,6,0,0,0,0,4,1,6,6,1,51,8,1598,2,12,AUDI A1,6,E01016874,0,-1
2023201294291,2023,201294291,2,9,0,18,19,4,8,0,0,1,0,0,0,0,1,1,6,6,2,35,6,1395,1,6,AUDI A1,10,E01029663,0,-1
2023141360631,2023,141360631,2,9,0,2,2,1,5,0,0,0,0,0,0,0,2,1,6,6,3,-1,-1,999,1,8,AUDI A1,-1,-1,0,-1
2023461364979,2023,461364979,2,9,0,4,4,5,1,0,0,0,0,0,0,0,2,1,5,6,2,47,8,999,1,1,AUDI A1,5,E01032654,0,-1
2023131296464,2023,131296464,1,9,0,18,19,6,2,0,0,1,0,0,0,0,1,1,6,6,2,24,5,1598,2,12,AUDI A1,9,E01011464,0,-1
2023461268028,2023,461268028,2,9,0,18,19,7,3,0,0,0,0,0,0,0,4,1,6,6,2,28,6,1598,2,10,AUDI A1,8,E01007705,0,-1
2023522400232,2023,522400232,2,9,0,10,10,4,2,0,0,1,0,0,0,0,3,1,6,6,1,57,9,1598,2,8,AUDI A1,10,E01014793,0,-1
2023461340909,2023,461340909,2,9,0,18,19,1,4,0,0,0,0,0,0,0,1,1,5,6,2,17,4,999,1,7,AUDI A1,5,E01024601,0,-1
2023010436204,2023,010436204,2,9,0,99,99,9,9,99,99,0,9,99,9,99,1,9,6,6,3,-1,-1,1390,1,10,AUDI A1,-1,-1,0,-1
2023122301239,2023,122301239,3,9,0,18,19,3,7,0,0,8,0,0,0,0,1,1,1,1,1,22,5,1598,2,6,AUDI A1,8,E01027875,0,-1
2023131262211,2023,131262211,1,9,0,18,19,1,5,0,0,8,0,0,0,0,1,1,5,6,2,55,8,999,1,1,AUDI A1,10,E01011461,0,-1
2023211271766,2023,211271766,1,9,0,9,9,7,3,0,0,8,0,0,0,0,1,1,2,2,2,28,6,999,1,6,AUDI A1,1,E01029828,0,-1
2023461353417,2023,461353417,1,9,0,18,19,7,3,0,0,1,0,0,0,0,4,1,6,6,1,55,8,1197,1,12,AUDI A1,4,E01024570,0,-1
2023131267352,2023,131267352,2,9,0,18,19,5,1,0,0,0,0,0,0,0,4,1,5,6,2,20,4,1598,2,11,AUDI A1,6,E01010705,0,-1
2023131348731,2023,131348731,4,9,0,18,19,1,5,0,0,0,0,0,0,0,1,1,6,6,1,27,6,1498,1,2,AUDI A1,9,E01027898,0,-1
2023031264624,2023,031264624,1,9,0,17,19,3,1,0,0,1,1,0,1,4,1,1,6,6,2,17,4,1598,2,9,AUDI A1,10,E01019393,0,-1
2023421362298,2023,421362298,2,9,0,10,10,1,3,0,0,8,0,0,0,0,3,1,6,6,2,36,7,1395,1,7,AUDI A1,6,E01015937,0,-1
2023361370147,2023,361370147,1,9,0,18,19,6,7,0,0,0,0,0,0,0,4,1,5,6,2,67,10,1598,2,8,AUDI A1,6,E01026919,0,-1
2023031322859,2023,031322859,1,9,0,4,4,5,1,0,0,0,0,0,0,0,2,1,1,1,1,28,6,1390,1,11,AUDI A1,-1,-1,0,-1
2023010436351,2023,010436351,1,9,0,11,11,3,7,0,0,0,0,0,0,0,4,1,6,6,1,20,4,999,1,4,AUDI A1,2,E01004390,0,-1
2023161379456,2023,161379456,1,9,0,9,9,3,7,0,0,8,0,0,0,0,1,1,2,2,1,21,5,999,1,7,AUDI A1,8,E01013189,0,-1
202354D708223,2023,54D708223,1,9,0,18,19,8,4,0,0,3,0,0,0,0,1,1,6,6,2,88,11,999,1,0,AUDI A1,8,E01022195,0,-1
2023131306307,2023,131306307,1,9,0,18,19,3,7,0,0,0,0,0,0,0,1,1,5,6,2,28,6,999,1,5,AUDI A1,5,E01006670,0,-1
2023201288491,2023,201288491,2,9,0,3,3,2,6,0,0,0,0,0,0,0,1,1,6,6,2,21,5,1197,1,9,AUDI A1,1,E01032887,0,-1
2023531325486,2023,531325486,1,9,0,13,13,1,5,0,0,1,0,0,1,0,1,1,6,6,1,38,7,1968,2,11,AUDI A1,4,E01015069,0,-1
2023501312669,2023,501312669,1,9,0,18,19,8,3,0,0,8,0,0,0,0,1,1,5,6,2,32,6,1968,2,11,AUDI A1,5,E01015215,0,-1
2023440144244,2023,440144244,1,9,0,9,9,5,3,0,0,5,0,0,0,0,4,1,6,6,2,21,5,999,1,1,AUDI A1,10,E01022882,0,-1
2023421293957,2023,421293957,2,9,0,4,4,2,6,0,0,0,0,0,0,0,2,1,5,6,2,28,6,999,1,3,AUDI A1,3,E01003552,0,-1
2023211357854,2023,211357854,1,9,0,18,19,2,6,0,0,0,0,0,0,0,1,1,5,6,2,18,4,1598,2,12,AUDI A1,5,E01029542,0,-1
2023440387310,2023,440387310,2,9,0,9,9,3,1,0,0,8,0,0,0,0,1,1,6,6,2,48,8,1395,1,6,AUDI A1,9,E01022947,0,-1
2023991346123,2023,991346123,1,9,0,7,7,7,1,5,5,8,0,0,0,0,3,1,2,2,2,27,6,999,1,5,AUDI A1,-1,-1,0,-1
2023071157769,2023,071157769,2,9,0,2,2,0,0,0,0,0,0,0,0,0,2,1,6,6,3,-1,-1,1598,2,11,AUDI A1,-1,-1,0,-1
2023522400461,2023,522400461,1,9,0,18,19,9,9,0,0,0,0,0,0,0,1,1,6,6,2,68,10,1984,1,4,AUDI A1,10,E01014767,0,-1
2023522400451,2023,522400451,1,9,0,7,7,4,6,0,0,5,0,0,0,0,3,1,6,6,2,33,6,1390,1,10,AUDI A1,3,E01014499,0,-1
2023340WN6842,2023,340WN6842,1,9,0,18,19,3,7,0,0,0,1,0,0,0,1,1,6,6,2,48,8,999,1,1,AUDI A1,8,E01027162,0,-1
2023161351363,2023,161351363,3,9,0,3,3,6,3,0,0,1,0,0,0,0,1,1,6,6,2,57,9,1598,2,10,AUDI A1,8,E01013273,0,-1
2023041260859,2023,041260859,2,9,0,9,9,1,5,0,0,1,0,0,0,0,1,1,5,6,2,68,10,999,1,4,AUDI A1,-1,-1,0,-1
2023131329183,2023,131329183,2,9,0,9,9,1,4,7,6,1,0,0,0,0,1,1,1,1,2,40,7,1395,1,7,AUDI A1,2,E01010619,0,-1
2023302300139,2023,302300139,2,9,0,2,2,0,0,0,0,1,0,0,0,0,3,1,6,6,2,43,7,1390,1,11,AUDI A1,7,E01019711,0,-1
2023101311040,2023,101311040,1,9,0,5,5,3,5,9,9,0,0,0,0,0,1,1,6,6,1,72,10,999,1,4,AUDI A1,5,E01008224,0,-1
2023311285617,2023,311285617,1,9,0,15,15,4,8,0,0,0,5,4,0,0,1,1,2,2,2,21,5,999,1,5,AUDI A1,2,E01013917,0,-1
2023052301863,2023,052301863,1,9,0,7,7,2,6,0,0,3,0,0,0,0,1,1,6,6,2,30,6,1598,2,10,AUDI A1,1,E01006753,0,-1
2023010447998,2023,010447998,1,9,0,4,4,5,1,0,0,1,0,0,0,0,4,1,1,1,2,27,6,1390,1,9,AUDI A1,2,E01003066,0,-1
2023430332674,2023,430332674,1,9,0,18,19,2,6,0,0,0,0,0,0,0,1,1,6,6,2,28,6,1197,1,12,AUDI A1,-1,-1,0,-1
2023010422042,2023,010422042,2,9,0,18,19,5,1,0,0,1,0,0,0,0,1,1,6,6,2,42,7,1395,1,6,AUDI A1,-1,-1,0,-1
2023010443464,2023,010443464,1,9,0,99,99,9,9,99,99,9,9,99,9,99,1,9,6,6,2,53,8,999,1,3,AUDI A1,2,E01004089,0,-1
2023991363991,2023,991363991,1,9,0,18,19,7,3,0,0,2,0,0,0,0,1,1,5,6,2,47,8,1498,1,2,AUDI A1,-1,-1,0,-1
2023371326553,2023,371326553,1,9,0,9,9,4,3,0,0,2,0,0,0,0,1,1,6,6,2,24,5,1598,2,12,AUDI A1,10,E01029895,0,-1
2023461379958,2023,461379958,1,9,0,13,13,5,1,0,0,1,0,0,0,0,4,1,6,6,1,47,8,1390,1,9,AUDI A1,4,E01032808,0,-1
2023061300878,2023,061300878,1,9,0,15,15,6,2,0,0,0,0,0,0,0,1,1,5,6,2,43,7,999,1,4,AUDI A1,2,E01006107,0,-1
2023351293918,2023,351293918,2,9,0,18,19,5,1,0,0,8,0,0,0,0,3,1,5,6,2,25,5,999,1,5,AUDI A1,-1,-1,0,-1
2023421323765,2023,421323765,1,9,0,18,19,5,1,0,0,1,0,0,0,0,4,1,2,2,1,28,6,1598,2,8,AUDI A1,3,E01003637,0,-1
2023440493666,2023,440493666,1,9,0,18,19,4,8,0,0,1,0,0,0,0,1,1,6,6,1,25,5,1395,1,6,AUDI A1,9,E01022983,0,-1
2023440177134,2023,440177134,2,9,0,16,19,8,3,0,0,1,0,0,0,0,1,1,6,6,1,32,6,1390,1,12,AUDI A1,7,E01016301,0,-1
2023041384428,2023,041384428,3,9,0,2,2,1,5,0,0,2,0,0,0,0,2,1,6,6,3,-1,-1,1598,2,11,AUDI A1,-1,-1,0,-1
2023991329537,2023,991329537,1,9,0,18,19,5,1,0,0,0,2,0,4,0,1,1,6,6,2,23,5,999,1,7,AUDI A1,-1,-1,0,-1
2023302301554,2023,302301554,3,9,0,7,7,2,4,0,0,1,0,0,0,0,3,2,2,2,2,50,8,1598,2,7,AUDI A1,3,E01019420,0,-1
2023010422843,2023,010422843,1,9,0,99,99,9,9,99,99,9,9,99,9,99,0,9,6,6,3,-1,-1,1395,1,8,AUDI A1,-1,-1,0,-1
2023332300827,2023,332300827,1,9,0,18,19,2,6,0,0,8,0,0,1,7,1,1,2,2,2,22,5,1395,1,7,AUDI A1,4,E01025689,0,-1
2023320641559,2023,320641559,1,9,0,18,19,2,6,0,0,0,0,0,1,4,1,1,6,6,2,29,6,1498,1,3,AUDI A1,4,E01026076,0,-1
2023552301170,2023,552301170,1,9,0,5,5,2,6,0,0,1,0,0,0,0,1,1,6,6,2,46,8,1395,1,5,AUDI A1,7,E01015297,0,-1
2023430281991,2023,430281991,2,9,0,18,19,6,3,0,0,1,0,0,0,0,2,1,2,2,2,23,5,1598,2,11,AUDI A1,7,E01028509,0,-1
202360A105446,2023,60A105446,1,9,0,12,12,2,6,0,0,0,0,0,0,0,2,1,2,2,1,23,5,1598,2,7,AUDI A1,-1,-1,0,-1
2023361302305,2023,361302305,1,9,0,9,9,7,1,0,0,1,0,0,0,0,1,1,2,2,2,65,9,1498,1,2,AUDI A1,3,E01026786,0,-1
2023231297801,2023,231297801,1,9,0,18,19,4,8,0,0,0,0,0,0,0,1,1,5,6,2,21,5,1968,2,9,AUDI A1,5,E01025842,0,-1
2023320545315,2023,320545315,2,9,0,18,19,2,6,0,0,0,0,0,0,0,1,1,6,6,1,37,7,1390,1,9,AUDI A1,8,E01026065,0,-1
2023010453891,2023,010453891,2,9,0,18,19,4,8,0,0,0,0,0,0,0,1,1,6,6,2,26,6,999,1,4,AUDI A1,8,E01001211,0,-1
2023010452947,2023,010452947,2,9,0,99,99,9,9,99,99,9,9,99,9,99,9,9,6,6,3,-1,-1,1390,1,12,AUDI A1,-1,-1,0,-1
2023161365560,2023,161365560,1,9,0,18,19,1,5,0,0,0,0,0,1,11,1,1,5,6,1,44,7,1390,1,10,AUDI A1,1,E01012787,0,-1
2023141313085,2023,141313085,2,9,0,9,9,1,7,0,0,6,0,0,0,0,3,1,5,6,2,18,4,999,1,3,AUDI A1,1,E01008009,0,-1
2023411284095,2023,411284095,1,9,-1,-1,-1,-1,-1,-1,-1,0,-1,-1,-1,0,-1,1,6,6,2,36,7,1395,1,8,AUDI A1,10,E01023464,0,-1
2023461331699,2023,461331699,2,9,0,18,19,5,1,0,0,0,0,0,0,0,4,1,2,2,2,25,5,999,1,7,AUDI A1,5,E01024229,0,-1
2023010433321,2023,010433321,2,9,0,18,19,4,8,0,0,2,0,0,0,0,1,1,6,6,2,29,6,1390,1,12,AUDI A1,3,E01004562,0,-1
2023430000421,2023,430000421,1,9,0,18,19,4,8,0,0,1,5,0,1,7,1,1,6,6,2,26,6,1390,1,9,AUDI A1,-1,-1,0,-1
2023052301234,2023,052301234,1,9,0,18,19,6,1,0,0,0,0,0,0,0,1,1,6,6,2,22,5,999,1,2,AUDI A1,7,E01007301,0,-1
2023170L20633,2023,170L20633,1,9,0,18,19,8,4,0,0,0,0,0,0,0,1,1,6,6,1,-1,-1,1197,1,10,AUDI A1,-1,-1,0,-1
2023451350822,2023,451350822,2,9,0,2,2,0,0,0,0,0,0,0,1,0,2,1,6,6,3,-1,-1,999,1,4,AUDI A1,-1,-1,0,-1
2023010447827,2023,010447827,1,9,0,18,19,1,5,0,0,1,0,0,0,0,4,1,6,6,1,57,9,999,1,2,AUDI A1,6,E01004550,0,-1
2023501279393,2023,501279393,1,9,0,16,19,3,7,0,0,0,0,4,0,0,4,1,5,6,2,90,11,1498,1,3,AUDI A1,6,E01015027,0,-1
2023161386522,2023,161386522,1,9,0,7,7,4,6,0,0,1,0,0,0,0,4,1,6,6,1,70,10,1598,2,10,AUDI A1,9,E01012957,0,-1
2023201413881,2023,201413881,2,9,0,3,3,3,7,0,0,1,0,0,0,0,2,1,6,6,2,19,4,1598,2,11,AUDI A1,5,E01009721,0,-1
2023010479616,2023,010479616,4,9,0,2,2,0,0,0,0,1,0,0,0,0,2,1,6,6,3,-1,-1,999,1,3,AUDI A1,-1,-1,0,-1
2023041329234,2023,041329234,2,9,0,18,19,8,8,0,0,1,0,0,0,0,4,1,5,6,2,24,5,1395,1,7,AUDI A1,1,E01024942,0,-1
2023461271762,2023,461271762,2,9,0,10,10,2,7,0,0,5,0,0,0,0,1,1,5,6,2,24,5,1395,1,5,AUDI A1,10,E01024139,0,-1
2023351351240,2023,351351240,1,9,0,18,19,2,6,0,0,2,0,0,1,1,1,1,6,6,1,19,4,999,1,0,AUDI A1,3,E01026721,0,-1
2023131277336,2023,131277336,1,9,0,7,7,1,5,9,9,6,1,7,1,11,1,1,6,6,1,38,7,1598,2,7,AUDI A1,3,E01011919,0,-1
2023131319521,2023,131319521,1,9,0,9,9,8,4,0,0,0,0,0,0,0,1,1,5,6,2,35,6,1395,1,6,AUDI A1,10,E01011649,0,-1
2023221296847,2023,221296847,1,9,0,16,19,1,4,0,0,0,0,0,7,11,1,1,5,6,2,20,4,1395,1,6,AUDI A1,-1,-1,0,-1
2023131327585,2023,131327585,2,9,0,9,9,5,3,0,0,1,0,0,0,0,4,1,6,6,1,19,4,999,1,2,AUDI A1,7,E01011013,0,-1
2023471290583,2023,471290583,1,9,0,18,19,7,3,0,0,0,0,4,0,0,4,1,6,6,1,20,4,999,1,1,AUDI A1,4,E01020966,0,-1
2023122300205,2023,122300205,2,9,0,7,7,7,1,0,0,3,0,0,0,0,2,1,2,2,2,20,4,999,1,3,AUDI A1,7,E01027585,0,-1
2023622300645,2023,622300645,2,9,0,18,19,8,4,0,0,0,0,0,0,0,0,1,6,6,1,30,6,1395,1,5,AUDI A1,2,W01001805,0,-1