collision_index,collision_year,collision_ref_no,vehicle_reference,vehicle_type,towing_and_articulation,vehicle_manoeuvre_historic,vehicle_manoeuvre,vehicle_direction_from,vehicle_direction_to,vehicle_location_restricted_lane_historic,vehicle_location_restricted_lane,junction_location,skidding_and_overturning,hit_object_in_carriageway,vehicle_leaving_carriageway,hit_object_off_carriageway,first_point_of_impact,vehicle_left_hand_drive,journey_purpose_of_driver_historic,journey_purpose_of_driver,sex_of_driver,age_of_driver,age_band_of_driver,engine_capacity_cc,propulsion_code,age_of_vehicle,generic_make_model,driver_imd_decile,lsoa_of_driver,escooter_flag,driver_distance_banding
2023991263137,2023,991263137,1,9,0,18,19,5,1,0,0,1,0,0,0,0,1,1,6,6,1,26,6,999,1,4,AUDI A1,2,-1,0,-1
2023141378824,2023,141378824,1,9,0,12,12,1,5,0,0,0,0,0,0,0,1,1,6,6,2,25,5,1598,2,6,AUDI A1,5,E01007588,0,-1
2023522301850,2023,522301850,1,9,0,4,4,7,3,0,0,0,0,0,0,0,2,1,6,6,2,28,6,999,1,4,AUDI A1,8,E01033338,0,-1
2023471391072,2023,471391072,1,9,0,9,9,7,3,0,0,1,0,0,0,0,1,1,1,1,2,21,5,1598,2,6,AUDI A1,10,E01031747,0,-1
2023351270748,2023,351270748,1,9,0,5,5,3,7,0,0,0,0,0,0,0,1,1,6,6,1,-1,-1,1390,1,11,AUDI A1,-1,-1,0,-1
2023421316533,2023,421316533,2,9,0,2,2,0,0,0,0,0,0,0,0,0,1,1,6,6,2,43,7,999,1,1,AUDI A1,8,E01021521,0,-1
2023411354393,2023,411354393,2,9,0,9,9,2,7,0,0,8,0,0,0,0,4,1,6,6,2,23,5,999,1,8,AUDI A1,7,E01023329,0,-1
2023311361806,2023,311361806,3,9,0,18,19,1,5,0,0,0,1,0,0,0,1,1,6,6,2,21,5,1498,1,3,AUDI A1,-1,-1,0,-1
2023302301077,2023,302301077,1,9,0,18,19,7,4,0,0,6,0,0,0,0,4,1,6,6,1,17,4,1197,1,11,AUDI A1,9,E01019627,0,-1
2023122300744,2023,122300744,1,9,0,10,10,1,7,0,0,1,0,0,0,0,2,1,6,6,2,21,5,999,1,5,AUDI A1,4,E01008150,0,-1
2023010452746,2023,010452746,3,9,0,4,4,5,1,0,0,0,0,0,0,0,2,1,6,6,2,28,6,999,1,6,AUDI A1,1,E01002715,0,-1
2023010455157,2023,010455157,2,9,0,99,99,9,9,99,99,0,9,99,9,99,1,9,6,6,3,-1,-1,1390,1,12,AUDI A1,2,E01015921,0,-1
2023311362449,2023,311362449,2,9,0,5,5,3,7,0,0,0,0,0,0,0,2,1,6,6,2,23,5,999,1,4,AUDI A1,-1,-1,0,-1
2023451345062,2023,451345062,2,9,0,7,7,5,5,0,0,0,0,0,0,0,3,1,6,6,3,30,6,1395,1,7,AUDI A1,-1,-1,0,-1
2023221319441,2023,221319441,2,9,0,18,19,8,4,0,0,0,1,0,1,4,1,1,5,6,2,78,11,999,1,0,AUDI A1,9,E01018365,0,-1
2023320720660,2023,320720660,1,9,0,9,9,8,6,0,0,5,0,0,0,0,3,1,2,2,2,26,6,1395,1,5,AUDI A1,9,E01026222,0,-1
2023010435961,2023,010435961,1,9,0,5,5,5,1,0,0,1,0,0,0,0,4,1,2,2,2,22,5,1390,1,10,AUDI A1,2,E01001113,0,-1
2023552300283,2023,552300283,1,9,0,9,9,4,1,0,0,5,0,0,7,0,4,1,6,6,1,18,4,1390,1,9,AUDI A1,6,E01015331,0,-1
2023401287892,2023,401287892,2,9,0,4,4,4,8,0,0,0,1,0,0,0,1,1,5,6,1,23,5,1390,1,10,AUDI A1,10,E01017572,0,-1
2023141393604,2023,141393604,2,9,0,15,15,3,7,0,0,0,0,0,0,0,2,1,5,6,1,39,7,1390,1,10,AUDI A1,1,E01007736,0,-1
2023010478582,2023,010478582,2,9,0,18,19,3,7,0,0,1,9,0,9,0,4,1,6,6,2,83,11,1390,1,11,AUDI A1,9,E01002225,0,-1
2023211364856,2023,211364856,1,9,0,16,19,7,3,0,0,0,0,0,0,0,1,1,5,6,2,18,4,1598,2,9,AUDI A1,9,E01029377,0,-1
2023351391257,2023,351391257,2,9,0,18,19,3,7,0,0,0,0,10,1,0,3,1,2,2,1,60,9,1395,1,5,AUDI A1,4,E01015622,0,-1
2023010455181,2023,010455181,1,9,0,3,3,5,1,0,0,1,0,0,0,0,2,1,2,2,1,21,5,999,1,2,AUDI A1,7,E01000665,0,-1
2023131291092,2023,131291092,1,9,0,18,19,5,1,0,0,4,0,0,0,0,1,1,5,6,2,21,5,999,1,2,AUDI A1,4,E01011597,0,-1
2023522400128,2023,522400128,1,9,0,18,19,2,6,0,0,8,0,0,1,3,1,1,6,6,2,32,6,1598,2,7,AUDI A1,4,E01014774,0,-1
2023010464797,2023,010464797,2,9,0,3,3,3,7,0,0,2,0,0,0,0,2,1,6,6,2,28,6,999,1,6,AUDI A1,1,E01001729,0,-1
2023211332784,2023,211332784,2,9,0,18,19,2,6,0,0,0,0,0,0,0,4,1,6,6,1,25,5,1598,2,7,AUDI A1,9,E01029518,0,-1
2023622301019,2023,622301019,2,9,0,18,19,5,1,0,0,0,0,0,0,0,1,1,6,6,2,64,9,1395,1,6,AUDI A1,10,W01001735,0,-1
2023010480872,2023,010480872,2,9,0,99,99,9,9,99,99,9,9,99,9,99,1,9,6,6,3,-1,-1,1498,1,4,AUDI A1,-1,-1,0,-1
2023131393538,2023,131393538,2,9,0,18,19,2,6,0,0,0,0,0,0,0,2,2,6,6,2,24,5,1395,1,6,AUDI A1,4,E01007434,0,-1
2023010465904,2023,010465904,1,9,0,18,19,7,3,0,0,2,0,0,0,0,3,1,6,6,2,32,6,1395,1,10,AUDI A1,8,E01002174,0,-1
2023052301834,2023,052301834,2,9,0,18,19,5,1,0,0,0,0,0,0,0,2,1,6,6,2,24,5,1395,1,7,AUDI A1,9,E01007023,0,-1
2023211376864,2023,211376864,1,9,-1,-1,-1,1,5,-1,-1,0,-1,-1,-1,0,1,1,6,6,1,44,7,999,1,4,AUDI A1,2,E01005340,0,-1
2023201366093,2023,201366093,2,9,0,4,4,6,2,0,0,0,0,0,0,0,3,1,6,6,2,28,6,1598,2,7,AUDI A1,1,E01009327,0,-1
2023201403508,2023,201403508,1,9,0,18,19,5,1,0,0,0,0,0,0,0,1,1,6,6,2,23,5,999,1,4,AUDI A1,4,E01009715,0,-1
2023461291312,2023,461291312,1,9,0,18,19,1,3,0,0,1,0,0,0,0,4,1,2,2,2,39,7,1395,1,5,AUDI A1,-1,-1,0,-1
2023010450127,2023,010450127,2,9,0,99,99,9,9,99,99,9,9,99,9,99,1,9,6,6,2,21,5,999,1,6,AUDI A1,2,E01000143,0,-1
2023101324965,2023,101324965,2,9,0,18,19,6,2,0,0,3,0,0,0,0,2,1,6,6,1,24,5,999,1,5,AUDI A1,2,E01008307,0,-1
2023031285519,2023,031285519,3,9,0,5,5,5,5,0,0,1,0,0,0,0,1,1,5,6,2,24,5,999,1,4,AUDI A1,-1,-1,0,-1
2023311350988,2023,311350988,2,9,0,4,4,7,1,0,0,8,0,0,0,0,2,1,6,6,2,38,7,1395,1,6,AUDI A1,8,E01033389,0,-1
2023061306607,2023,061306607,1,9,0,18,19,1,1,0,0,0,0,0,0,0,1,1,6,6,2,30,6,999,1,7,AUDI A1,-1,-1,0,-1
2023161352996,2023,161352996,2,9,0,4,4,3,7,0,0,0,0,0,0,0,2,1,6,6,2,24,5,999,1,2,AUDI A1,3,E01012832,0,-1
2023041297158,2023,041297158,1,9,0,16,19,6,2,0,0,0,0,0,7,4,3,1,6,6,1,20,4,1498,1,3,AUDI A1,2,E01006723,0,-1
2023010461306,2023,010461306,1,9,0,4,4,1,5,0,0,0,0,0,0,0,2,1,2,2,2,28,6,1395,1,8,AUDI A1,2,E01001702,0,-1
2023010420816,2023,010420816,1,9,0,99,99,9,9,99,99,0,9,99,9,99,2,9,6,6,2,34,6,1395,1,8,AUDI A1,2,E01000025,0,-1
2023401276591,2023,401276591,1,9,0,18,19,4,8,0,0,0,0,0,0,0,1,1,5,6,1,79,11,1395,1,5,AUDI A1,6,E01017481,0,-1
2023610027523,2023,610027523,2,9,0,18,19,2,6,0,0,8,1,0,0,0,1,1,6,6,1,32,6,1984,1,4,AUDI A1,2,W01001064,0,-1
2023421312281,2023,421312281,2,9,0,17,19,3,5,0,0,1,0,0,0,0,1,1,6,6,2,33,6,1390,1,9,AUDI A1,5,E01021865,0,-1
2023201277792,2023,201277792,2,9,0,18,19,2,6,0,0,8,0,0,0,0,1,1,2,2,2,20,4,1390,1,9,AUDI A1,1,E01008901,0,-1
2023052301595,2023,052301595,2,9,0,4,4,1,5,0,0,1,0,0,0,0,2,1,6,6,1,57,9,1395,1,7,AUDI A1,1,E01006711,0,-1
2023052302295,2023,052302295,1,9,0,4,4,3,7,0,0,1,0,0,0,0,1,1,6,6,2,20,4,1598,2,6,AUDI A1,1,E01005602,0,-1
2023544434823,2023,544434823,2,9,0,2,2,0,0,0,0,0,0,0,0,0,1,1,6,6,2,33,6,1395,1,6,AUDI A1,6,E01032708,0,-1
2023501330485,2023,501330485,3,9,0,2,2,0,0,0,0,8,0,0,0,0,3,1,6,6,3,-1,-1,1390,1,12,AUDI A1,-1,-1,0,-1
2023430194790,2023,430194790,1,9,0,18,19,1,5,0,0,8,0,0,0,0,4,1,6,6,2,28,6,1390,1,10,AUDI A1,7,E01016495,0,-1
2023522301150,2023,522301150,1,9,0,17,19,8,6,0,0,0,0,4,0,0,1,1,6,6,2,27,6,1598,2,8,AUDI A1,1,E01014689,0,-1
2023101335551,2023,101335551,2,9,0,3,3,7,2,0,0,0,0,0,0,0,2,1,5,6,2,24,5,999,1,2,AUDI A1,-1,-1,0,-1
2023221382225,2023,221382225,1,9,0,18,19,1,4,0,0,0,1,0,0,0,1,1,3,7,1,18,4,1598,2,9,AUDI A1,9,E01014168,0,-1
2023010453819,2023,010453819,2,9,0,99,99,9,9,99,99,9,9,99,9,99,9,9,6,6,3,-1,-1,1395,1,5,AUDI A1,-1,-1,0,-1
2023201420427,2023,201420427,1,9,0,18,19,1,5,0,0,6,0,0,0,0,1,1,6,6,1,-1,-1,1395,1,8,AUDI A1,1,E01009002,0,-1
2023010432974,2023,010432974,1,9,0,18,19,5,1,0,0,1,0,0,0,0,1,1,6,6,1,32,6,1984,1,4,AUDI A1,9,E01033313,0,-1
2023340WN5672,2023,340WN5672,1,9,0,9,9,6,3,0,0,5,0,0,1,10,4,1,6,6,2,31,6,1498,1,2,AUDI A1,1,E01032978,0,-1
2023061304095,2023,061304095,2,9,0,18,19,7,3,0,0,1,0,0,0,0,2,1,5,6,2,26,6,1598,2,12,AUDI A1,6,E01019732,0,-1
2023111322814,2023,111322814,2,9,0,3,3,8,1,0,0,0,0,0,0,0,2,1,5,6,2,19,4,999,1,5,AUDI A1,9,E01033478,0,-1
2023320619425,2023,320619425,1,9,0,18,19,2,6,0,0,1,0,0,0,0,1,1,6,6,1,81,11,1390,1,9,AUDI A1,3,E01026310,0,-1
2023061333009,2023,061333009,1,9,0,14,14,5,1,0,0,1,0,0,0,0,2,1,6,6,1,30,6,1395,1,8,AUDI A1,-1,-1,0,-1
2023061307336,2023,061307336,3,9,0,18,19,7,3,0,0,0,0,0,0,0,1,1,6,6,2,20,4,1197,1,11,AUDI A1,9,E01005903,0,-1
2023430563137,2023,430563137,1,9,0,18,19,6,2,0,0,8,0,0,1,9,1,1,6,6,2,24,5,999,1,1,AUDI A1,10,E01022893,0,-1
2023991286246,2023,991286246,1,9,0,17,19,1,5,0,0,0,5,0,1,1,1,1,5,6,2,20,4,999,1,4,AUDI A1,5,-1,0,-1
2023991349728,2023,991349728,2,9,0,18,19,2,6,0,0,0,0,0,0,0,1,1,6,6,2,61,9,1598,2,7,AUDI A1,4,-1,0,-1
2023332301279,2023,332301279,2,9,0,18,19,6,2,0,0,0,0,0,7,9,1,1,6,6,1,35,6,999,1,3,AUDI A1,8,E01025775,0,-1
2023201402163,2023,201402163,4,9,0,2,2,0,0,0,0,0,0,0,0,0,2,1,5,6,2,46,8,1395,1,5,AUDI A1,4,E01009229,0,-1
2023101286019,2023,101286019,2,9,0,5,5,3,7,0,0,8,0,0,0,0,3,1,2,2,2,44,7,999,1,3,AUDI A1,9,E01008783,0,-1
2023010434574,2023,010434574,2,9,0,99,99,9,9,99,99,9,9,99,9,99,1,9,6,6,3,22,5,1390,1,12,AUDI A1,8,E01030538,0,-1
2023141293384,2023,141293384,1,9,0,9,9,8,6,0,0,1,0,0,0,0,0,1,6,6,2,53,8,999,1,5,AUDI A1,4,E01007675,0,-1
2023340NN1452,2023,340NN1452,1,9,0,9,9,2,8,0,0,8,0,0,0,0,1,1,6,6,2,20,4,999,1,3,AUDI A1,4,E01026972,0,-1
2023010446857,2023,010446857,2,9,9,99,99,9,9,99,99,0,9,99,9,99,9,9,6,6,3,-1,-1,999,1,7,AUDI A1,7,E01004281,0,-1
2023010483251,2023,010483251,1,9,0,18,19,7,3,0,0,4,0,0,0,0,1,1,6,6,1,48,8,1395,1,6,AUDI A1,4,E01001167,0,-1
2023302300688,2023,302300688,2,9,0,18,19,2,6,0,0,1,0,0,0,0,4,1,2,2,1,59,9,1390,1,10,AUDI A1,-1,-1,0,-1
2023131375906,2023,131375906,1,9,0,18,19,8,4,0,0,1,0,0,0,0,1,1,6,6,1,19,4,999,1,0,AUDI A1,3,E01010986,0,-1
2023221267197,2023,221267197,2,9,0,2,2,0,0,0,0,0,0,0,0,0,1,1,5,6,2,45,7,1390,1,13,AUDI A1,3,E01014141,0,-1
2023461313616,2023,461313616,1,9,0,4,4,6,2,0,0,0,0,0,0,0,1,1,2,2,2,20,4,999,1,4,AUDI A1,9,E01016104,0,-1
2023411269879,2023,411269879,1,9,0,4,4,2,6,0,0,0,0,0,0,0,1,1,1,1,2,26,6,999,1,4,AUDI A1,2,E01013676,0,-1
2023451311154,2023,451311154,4,9,0,2,2,0,0,0,0,0,0,0,0,0,1,1,5,6,2,60,9,1390,1,9,AUDI A1,9,E01030539,0,-1
2023201409695,2023,201409695,1,9,0,9,9,8,6,0,0,5,0,0,0,0,1,1,6,6,1,32,6,1598,2,8,AUDI A1,4,E01009313,0,-1
2023302300128,2023,302300128,2,9,0,18,19,1,5,0,0,0,0,0,0,0,3,1,6,6,2,23,5,1390,1,10,AUDI A1,3,E01019400,0,-1
2023552300813,2023,552300813,2,9,0,10,10,2,8,0,0,1,0,0,0,0,2,1,6,6,1,25,5,1395,1,6,AUDI A1,4,E01015326,0,-1
2023471345678,2023,471345678,1,9,0,18,19,7,3,0,0,0,0,4,0,0,1,1,6,6,1,19,4,1390,1,10,AUDI A1,10,E01031737,0,-1
2023131300744,2023,131300744,1,9,0,17,19,1,5,0,0,8,1,0,0,0,1,1,5,6,2,57,9,1395,1,7,AUDI A1,3,E01011601,0,-1
2023540033823,2023,540033823,1,9,0,18,19,4,8,0,0,0,0,0,0,0,1,1,6,6,1,45,7,1395,1,7,AUDI A1,5,E01032089,0,-1
2023320046052,2023,320046052,2,9,0,18,19,3,7,0,0,8,0,0,0,0,1,1,6,6,1,30,6,999,1,4,AUDI A1,7,E01026369,0,-1
2023631333651,2023,631333651,4,9,0,18,19,2,6,0,0,2,0,0,0,0,3,1,6,6,3,-1,-1,1598,2,8,AUDI A1,-1,-1,0,-1
2023052302293,2023,052302293,1,9,0,18,19,5,1,0,0,1,0,0,0,0,1,1,6,6,2,21,5,999,1,7,AUDI A1,1,E01006648,0,-1
2023131295153,2023,131295153,1,9,0,17,19,1,1,9,9,0,2,11,0,0,1,1,6,6,1,27,6,999,1,7,AUDI A1,1,E01010622,0,-1
2023010453270,2023,010453270,1,9,0,9,9,7,4,0,0,8,0,0,0,0,1,1,1,1,2,26,6,1498,1,4,AUDI A1,7,E01033133,0,-1
2023010423709,2023,010423709,1,9,0,9,9,8,5,1,1,6,0,0,0,0,4,1,6,6,1,18,4,999,1,2,AUDI A1,1,E01000661,0,-1
2023411345209,2023,411345209,1,9,0,9,9,3,5,0,0,1,0,0,0,0,1,1,2,2,2,18,4,999,1,4,AUDI A1,5,E01023324,0,-1
2023622400011,2023,622400011,1,9,0,16,19,8,4,0,0,0,2,10,1,0,1,1,6,6,1,18,4,1197,1,9,AUDI A1,1,W01001219,0,-1
2023332300192,2023,332300192,1,9,0,12,12,2,6,0,0,8,0,0,7,0,1,1,6,6,2,28,6,1390,1,9,AUDI A1,2,E01009537,0,-1
2023031345554,2023,031345554,2,9,0,18,19,3,7,0,0,1,0,0,0,0,3,1,5,6,2,21,5,1598,2,12,AUDI A1,2,E01019109,0,-1
2023010433004,2023,010433004,3,9,0,2,2,0,0,0,0,1,0,0,0,0,1,1,6,6,3,-1,-1,999,1,8,AUDI A1,-1,-1,0,-1
2023991371324,2023,991371324,2,9,0,18,19,1,4,0,0,4,0,0,0,0,3,1,2,2,2,24,5,1598,2,8,AUDI A1,8,-1,0,-1
2023061329618,2023,061329618,2,9,0,9,9,1,3,0,0,5,0,0,0,0,1,1,6,6,2,20,4,1390,1,12,AUDI A1,4,E01005231,0,-1
2023421392768,2023,421392768,1,9,0,18,19,7,3,0,0,0,0,0,0,0,0,1,6,6,1,52,8,999,1,0,AUDI A1,-1,-1,0,-1
2023411363731,2023,411363731,1,9,0,1,1,5,1,0,0,0,0,0,0,0,4,1,6,6,3,17,4,999,1,4,AUDI A1,10,E01023566,0,-1
2023010465007,2023,010465007,1,9,0,99,99,9,9,99,99,9,9,99,9,99,2,9,6,6,1,40,7,1498,1,2,AUDI A1,4,E01001518,0,-1
2023522400532,2023,522400532,1,9,0,3,3,4,2,0,0,1,0,0,0,0,2,1,6,6,2,53,8,1395,1,5,AUDI A1,7,E01014847,0,-1
2023170M11973,2023,170M11973,4,9,0,4,4,0,0,0,0,1,0,0,0,0,1,1,6,6,2,25,5,999,1,7,AUDI A1,1,E01012268,0,-1
2023061371457,2023,061371457,2,9,0,18,19,7,3,0,0,8,0,0,0,0,3,1,6,6,2,59,9,1395,1,7,AUDI A1,8,E01005995,0,-1
2023991305791,2023,991305791,1,9,0,5,5,3,7,0,0,0,0,0,0,0,2,1,6,6,2,36,7,999,1,0,AUDI A1,2,E01004471,0,-1
2023122300587,2023,122300587,1,9,0,18,19,3,7,0,0,8,0,0,1,0,1,1,6,6,2,51,8,1598,2,10,AUDI A1,3,E01012350,0,-1
2023371353522,2023,371353522,1,9,0,7,7,3,5,0,0,8,0,0,0,0,4,1,5,6,2,49,8,1395,1,5,AUDI A1,6,E01030005,0,-1
2023131383624,2023,131383624,1,9,0,18,19,7,3,0,0,1,0,0,0,0,1,1,2,2,2,24,5,1598,2,11,AUDI A1,1,E01010655,0,-1
2023552300379,2023,552300379,2,9,0,3,3,1,5,0,0,1,0,0,0,0,2,1,6,6,2,26,6,999,1,3,AUDI A1,2,E01015338,0,-1
2023320750045,2023,320750045,1,9,0,18,19,2,6,0,0,0,0,0,0,0,1,1,6,6,2,21,5,1598,2,8,AUDI A1,9,E01026304,0,-1
2023461382658,2023,461382658,3,9,0,2,2,0,0,0,0,1,0,4,0,0,2,1,6,6,3,-1,-1,999,1,3,AUDI A1,-1,-1,0,-1
2023131382754,2023,131382754,1,9,0,18,19,3,7,0,0,0,0,0,1,0,1,1,5,6,1,17,4,999,1,0,AUDI A1,6,E01010592,0,-1
2023421339480,2023,421339480,2,9,0,3,3,4,8,0,0,4,0,0,0,0,2,1,5,6,2,28,6,1395,1,5,AUDI A1,8,E01021382,0,-1
2023501291099,2023,501291099,3,9,0,18,19,3,3,0,0,0,0,0,0,0,2,1,6,6,2,60,9,1197,1,9,AUDI A1,6,E01018763,0,-1
2023991329102,2023,991329102,1,9,0,6,6,6,6,0,0,1,0,0,0,0,3,1,6,6,1,19,4,1390,1,9,AUDI A1,9,-1,0,-1
2023010457242,2023,010457242,1,9,0,99,99,9,9,99,99,9,9,99,9,99,2,9,6,6,2,32,6,1390,1,12,AUDI A1,3,E01001111,0,-1
2023552300570,2023,552300570,1,9,0,9,9,4,2,0,0,6,0,0,0,0,4,1,6,6,2,20,4,999,1,3,AUDI A1,6,E01015373,0,-1
2023131313978,2023,131313978,2,9,0,18,19,5,1,0,0,1,1,0,0,0,3,1,6,6,2,30,6,1390,1,10,AUDI A1,8,E01011687,0,-1
2023440444766,2023,440444766,2,9,0,18,19,7,3,0,0,0,0,0,0,0,2,1,6,6,2,29,6,1390,1,10,AUDI A1,-1,-1,0,-1
2023991330759,2023,991330759,1,9,0,18,19,2,6,0,0,0,0,0,0,0,1,1,5,6,2,25,5,1395,1,8,AUDI A1,-1,-1,0,-1
2023461347081,2023,461347081,2,9,0,9,9,-1,-1,0,0,8,0,0,0,0,4,1,5,6,2,23,5,1598,2,13,AUDI A1,4,E01018077,0,-1
2023320678476,2023,320678476,2,9,0,18,19,8,4,0,0,0,0,0,0,0,1,1,6,6,1,59,9,999,1,4,AUDI A1,3,E01013641,0,-1
2023501362316,2023,501362316,1,9,0,18,19,6,2,0,0,6,0,0,0,0,1,1,5,6,2,18,4,1390,1,10,AUDI A1,5,E01020072,0,-1
2023311375157,2023,311375157,2,9,0,18,19,5,1,0,0,0,1,0,0,0,1,1,5,6,1,24,5,1598,2,8,AUDI A1,-1,-1,0,-1
2023302300725,2023,302300725,1,9,0,18,19,1,5,0,0,0,0,0,0,0,2,1,1,1,2,42,7,1598,2,10,AUDI A1,6,E01019815,0,-1
2023440417458,2023,440417458,1,9,0,18,19,1,5,0,0,4,0,0,0,0,1,1,2,2,2,53,8,1197,1,10,AUDI A1,4,E01017085,0,-1
2023101345577,2023,101345577,2,9,0,18,19,3,3,0,0,0,0,0,0,0,1,1,5,6,2,44,7,999,1,1,AUDI A1,-1,-1,0,-1
2023071138399,2023,071138399,1,9,0,16,19,1,6,0,0,0,0,0,0,0,3,1,2,2,1,41,7,2967,2,4,AUDI Q8,10,E01018643,0,-1
2023201419548,2023,201419548,2,9,0,2,2,0,0,0,0,2,0,0,0,0,0,1,6,6,1,47,8,2967,2,4,AUDI Q8,1,E01009987,0,-1
2023010487009,2023,010487009,1,9,0,99,99,9,9,99,99,9,9,99,9,99,2,9,6,6,1,41,7,2995,8,2,AUDI Q8,3,E01003348,0,-1
2023451376825,2023,451376825,3,9,0,18,19,1,1,0,0,0,0,0,0,0,1,1,6,6,1,30,6,-1,3,0,AUDI Q8,-1,-1,0,-1
2023010424452,2023,010424452,1,9,0,99,99,9,9,99,99,9,9,99,9,99,9,9,6,6,1,30,6,2967,2,3,AUDI Q8,2,E01000126,0,-1
2023101355682,2023,101355682,1,9,0,10,10,5,1,0,0,1,0,0,0,0,1,1,6,6,2,40,7,2967,2,4,AUDI Q8,2,E01008216,0,-1
2023451314526,2023,451314526,1,9,0,18,19,1,5,0,0,1,0,0,0,0,4,1,5,6,1,41,7,2995,1,2,AUDI Q8,10,E01030343,0,-1
2023010472276,2023,010472276,1,9,0,99,99,9,9,99,99,9,9,99,9,99,1,9,6,6,3,29,6,-1,3,0,AUDI Q8,3,E01000058,0,-1
2023522324527,2023,522324527,2,9,0,12,12,6,1,0,0,0,0,0,0,0,0,1,6,6,2,-1,-1,2967,2,4,AUDI Q8,-1,-1,0,-1
2023041341010,2023,041341010,1,9,0,18,19,3,7,0,0,2,0,0,0,0,4,1,6,6,3,-1,-1,2995,1,0,AUDI Q8,-1,-1,0,-1
2023010454322,2023,010454322,1,9,0,9,9,5,2,0,0,1,0,0,0,0,1,1,6,6,2,36,7,2995,1,1,AUDI Q8,7,E01004727,0,-1
2023401387623,2023,401387623,1,9,0,18,19,7,3,0,0,0,0,7,0,0,1,1,2,2,1,59,9,-1,3,0,AUDI Q8,10,E01017732,0,-1
2023010475489,2023,010475489,1,9,0,18,19,7,3,0,0,0,2,0,1,9,0,1,6,6,1,24,5,2967,2,4,AUDI Q8,5,E01003638,0,-1
2023010431060,2023,010431060,2,9,0,99,99,9,9,99,99,9,9,99,9,99,9,9,6,6,3,-1,-1,2967,2,1,AUDI Q8,-1,-1,0,-1
2023010433605,2023,010433605,2,9,0,99,99,9,9,99,99,9,9,99,9,99,9,9,6,6,3,-1,-1,2995,1,1,AUDI Q8,2,E01000972,0,-1
2023010461207,2023,010461207,1,9,0,7,7,3,5,0,0,2,0,0,0,0,4,1,2,2,1,58,9,2995,1,2,AUDI Q8,1,E01001838,0,-1
2023401323551,2023,401323551,1,9,-1,-1,-1,-1,-1,-1,-1,0,-1,-1,-1,0,-1,1,6,6,3,-1,-1,2995,1,1,AUDI Q8,-1,-1,0,-1
2023010420892,2023,010420892,1,9,0,99,99,9,9,99,99,9,9,99,9,99,9,9,6,6,2,39,7,2995,1,2,AUDI Q8,9,E01001382,0,-1
2023461297747,2023,461297747,2,9,0,18,19,1,5,0,0,8,1,0,0,0,1,1,6,6,2,30,6,2967,2,1,AUDI Q8,5,E01024031,0,-1
2023010482737,2023,010482737,2,9,0,18,19,5,1,0,0,1,1,0,0,0,1,1,6,6,1,29,6,2967,2,4,AUDI Q8,4,E01033727,0,-1
2023010432044,2023,010432044,1,9,0,3,3,3,7,0,0,1,0,0,0,0,2,1,6,6,1,52,8,2967,2,5,AUDI Q8,7,E01003709,0,-1
2023101351910,2023,101351910,1,9,0,17,19,3,7,0,0,2,2,10,1,0,1,1,5,6,1,53,8,-1,3,0,AUDI Q8,10,E01027494,0,-1
2023231367708,2023,231367708,1,9,0,18,19,7,3,0,0,0,0,0,0,0,1,1,1,1,1,45,7,2967,2,2,AUDI Q8,10,E01006990,0,-1
2023010454526,2023,010454526,2,9,0,99,99,9,9,0,0,9,0,99,9,99,9,9,6,6,3,-1,-1,2967,2,4,AUDI Q8,-1,-1,0,-1
2023451370836,2023,451370836,1,9,0,9,9,5,1,0,0,8,0,0,0,0,1,1,5,6,1,51,8,2967,2,3,AUDI Q8,-1,-1,0,-1
2023122400006,2023,122400006,1,9,0,9,9,5,3,0,0,8,0,0,0,0,3,1,6,6,2,50,8,-1,3,0,AUDI Q8,7,E01027647,0,-1
2023451324606,2023,451324606,1,9,0,2,2,7,3,0,0,1,0,0,0,0,2,1,5,6,1,44,7,2995,1,1,AUDI Q8,4,E01003277,0,-1
2023170S21063,2023,170S21063,2,9,0,17,19,7,5,0,0,8,0,0,0,0,1,1,6,6,2,49,8,2967,2,3,AUDI Q8,-1,-1,0,-1
2023010453052,2023,010453052,2,9,0,18,19,5,1,0,0,8,0,0,0,0,1,1,2,2,1,45,7,-1,3,0,AUDI Q8,7,E01004139,0,-1
2023010485047,2023,010485047,1,9,0,18,19,3,7,0,0,8,0,0,0,0,1,1,6,6,1,20,4,2967,2,4,AUDI Q8,-1,-1,0,-1
2023991387436,2023,991387436,2,9,0,18,19,5,1,0,0,3,0,0,0,0,2,1,5,6,2,37,7,2967,2,0,AUDI Q8,2,-1,0,-1
2023461297691,2023,461297691,1,9,0,18,19,7,3,0,0,0,0,0,0,0,3,1,6,6,2,-1,-1,2995,1,4,AUDI Q8,3,E01017712,0,-1
2023451268029,2023,451268029,2,9,0,17,19,5,1,0,0,0,0,0,0,0,4,1,2,2,2,44,7,2967,2,5,AUDI Q8,8,E01002925,0,-1
2023061275200,2023,061275200,1,9,0,18,19,7,3,0,0,2,0,0,0,0,-1,1,6,6,3,-1,-1,2967,2,5,AUDI Q8,-1,-1,0,-1
2023461359230,2023,461359230,1,5,0,13,13,5,1,0,0,1,0,0,0,0,1,1,6,6,1,70,10,853,1,2,-1,6,E01016075,0,-1
2023010468698,2023,010468698,2,5,0,18,19,1,5,0,0,1,0,0,0,0,1,1,6,6,1,40,7,853,1,1,-1,9,E01003884,0,-1
2023010457556,2023,010457556,1,5,9,99,99,9,9,99,99,0,9,99,9,99,9,1,6,6,3,44,7,853,1,0,-1,7,E01021212,0,-1