collision_index,collision_year,collision_ref_no,vehicle_reference,vehicle_type,towing_and_articulation,vehicle_manoeuvre_historic,vehicle_manoeuvre,vehicle_direction_from,vehicle_direction_to,vehicle_location_restricted_lane_historic,vehicle_location_restricted_lane,junction_location,skidding_and_overturning,hit_object_in_carriageway,vehicle_leaving_carriageway,hit_object_off_carriageway,first_point_of_impact,vehicle_left_hand_drive,journey_purpose_of_driver_historic,journey_purpose_of_driver,sex_of_driver,age_of_driver,age_band_of_driver,engine_capacity_cc,propulsion_code,age_of_vehicle,generic_make_model,driver_imd_decile,lsoa_of_driver,escooter_flag,driver_distance_banding
2023340NN2092,2023,340NN2092,2,9,0,18,19,2,6,0,0,4,0,0,0,0,4,1,6,6,1,76,11,-1,3,0,NISSAN ARIYA,9,E01027042,0,-1
2023201367521,2023,201367521,1,9,0,12,12,3,7,0,0,0,0,0,0,0,3,1,6,6,3,-1,-1,-1,3,0,NISSAN ARIYA,-1,-1,0,-1
2023411395162,2023,411395162,1,9,0,1,1,5,7,0,0,0,0,0,0,0,2,1,5,6,2,39,7,-1,3,0,NISSAN ARIYA,10,E01023313,0,-1
2023211427918,2023,211427918,1,9,0,9,9,3,1,0,0,0,0,4,0,0,1,1,5,6,1,65,9,-1,3,0,NISSAN ARIYA,-1,-1,0,-1
2023061303683,2023,061303683,1,9,0,16,19,6,2,0,0,0,0,0,1,4,1,1,6,6,2,30,6,-1,3,1,NISSAN ARIYA,1,E01006327,0,-1
2023201326118,2023,201326118,1,9,0,18,19,3,7,0,0,8,0,0,0,0,1,1,6,6,1,38,7,-1,3,0,NISSAN ARIYA,5,E01009253,0,-1
2023421348358,2023,421348358,3,9,0,4,4,4,8,0,0,0,0,0,0,0,2,1,1,1,1,63,9,-1,3,0,NISSAN ARIYA,6,E01015878,0,-1
2023340NN9072,2023,340NN9072,1,9,0,18,19,7,3,0,0,1,0,0,0,0,1,1,2,2,1,60,9,-1,3,1,NISSAN ARIYA,3,E01026735,0,-1
2023471382122,2023,471382122,2,9,0,16,19,7,3,0,0,0,0,0,0,0,3,1,5,6,1,43,7,-1,3,0,NISSAN ARIYA,6,E01017009,0,-1
2023552300463,2023,552300463,1,9,0,14,14,6,2,0,0,0,0,0,0,0,4,1,3,7,3,-1,-1,-1,3,0,NISSAN ARIYA,-1,-1,0,-1
2023161381128,2023,161381128,3,9,0,18,19,3,7,0,0,1,0,0,0,0,1,1,1,1,2,38,7,-1,3,1,NISSAN ARIYA,6,E01012771,0,-1
2023031359338,2023,031359338,1,17,0,9,9,7,3,0,0,1,0,0,0,0,1,1,1,1,1,72,10,898,2,4,-1,9,E01019085,0,-1
2023501320953,2023,501320953,2,5,0,4,4,6,2,0,0,1,1,11,7,0,1,1,6,6,1,69,10,745,1,11,-1,-1,-1,0,-1
2023520400786,2023,520400786,1,9,0,18,19,1,5,0,0,8,1,0,1,2,1,1,6,6,1,86,11,999,1,7,VAUXHALL VIVA,9,E01020532,0,-1
2023010457396,2023,010457396,1,9,0,18,19,1,5,0,0,4,2,0,0,0,4,1,6,6,1,33,6,999,1,7,VAUXHALL VIVA,2,E01022023,0,-1
2023461324318,2023,461324318,2,9,0,-1,-1,-1,-1,-1,-1,0,-1,-1,-1,0,2,1,6,6,1,39,7,1159,1,-1,VAUXHALL VIVA,8,E01024351,0,-1
2023302300340,2023,302300340,1,9,0,1,1,2,6,9,9,0,0,0,0,0,2,1,2,2,2,22,5,999,1,6,VAUXHALL VIVA,7,E01019537,0,-1
2023201314866,2023,201314866,3,9,0,3,3,3,7,0,0,1,0,0,0,0,2,1,2,2,2,55,8,999,1,7,VAUXHALL VIVA,3,E01010099,0,-1
2023991370079,2023,991370079,1,9,0,18,19,5,1,0,0,6,0,0,0,0,3,1,5,6,1,79,11,999,1,7,VAUXHALL VIVA,5,-1,0,-1
2023031356522,2023,031356522,1,9,0,18,19,2,7,0,0,0,0,0,1,10,4,1,5,6,2,76,11,999,1,6,VAUXHALL VIVA,-1,-1,0,-1
2023340NN2742,2023,340NN2742,2,9,0,2,2,0,0,0,0,0,0,0,0,0,3,1,6,6,2,46,8,999,1,6,VAUXHALL VIVA,5,E01027091,0,-1
2023471295014,2023,471295014,1,9,0,7,7,3,7,0,0,5,0,0,3,0,0,1,6,6,1,47,8,999,1,7,VAUXHALL VIVA,9,E01014183,0,-1
2023461276143,2023,461276143,2,9,0,3,3,3,7,0,0,0,0,0,0,0,2,1,6,6,2,63,9,999,1,8,VAUXHALL VIVA,4,E01024284,0,-1
2023161340369,2023,161340369,1,9,0,9,9,1,7,0,0,8,0,7,4,10,1,1,2,2,2,30,6,999,1,7,VAUXHALL VIVA,9,E01013052,0,-1
2023041356651,2023,041356651,2,9,0,2,2,0,0,9,9,0,1,0,0,0,1,1,6,6,3,-1,-1,999,1,8,VAUXHALL VIVA,-1,-1,0,-1
2023461318064,2023,461318064,1,9,0,18,19,8,1,0,0,0,0,4,0,0,1,1,5,6,1,92,11,999,1,5,VAUXHALL VIVA,3,E01024509,0,-1
2023101270584,2023,101270584,2,9,0,18,19,5,1,0,0,0,0,0,0,0,3,1,5,6,1,48,8,999,1,7,VAUXHALL VIVA,2,E01027422,0,-1
2023111298819,2023,111298819,1,9,0,1,1,4,8,9,9,0,0,0,0,0,2,1,6,6,1,64,9,999,1,7,VAUXHALL VIVA,10,E01020708,0,-1
2023061312674,2023,061312674,1,9,0,18,19,5,1,0,0,4,0,0,0,0,4,1,6,6,3,30,6,999,1,7,VAUXHALL VIVA,-1,-1,0,-1
2023421309587,2023,421309587,1,9,0,13,13,4,7,0,0,4,0,0,0,0,4,1,5,6,2,67,10,999,1,5,VAUXHALL VIVA,9,E01021908,0,-1
2023122301440,2023,122301440,1,9,0,9,9,4,6,0,0,8,0,0,0,0,1,1,1,1,2,57,9,999,1,6,VAUXHALL VIVA,2,E01027854,0,-1
2023501362985,2023,501362985,1,9,0,16,19,4,6,0,0,0,0,0,0,0,1,1,2,2,2,20,4,999,1,4,VAUXHALL VIVA,1,E01015267,0,-1
2023991272518,2023,991272518,2,9,0,10,10,1,5,0,0,0,0,0,0,0,2,1,5,6,2,52,8,999,1,5,VAUXHALL VIVA,1,-1,0,-1
2023131288014,2023,131288014,1,9,0,18,19,5,1,0,0,0,0,0,0,0,1,1,6,6,1,50,8,999,1,7,VAUXHALL VIVA,8,E01011243,0,-1
2023991282947,2023,991282947,1,9,0,9,9,8,5,0,0,1,0,0,0,0,1,1,2,2,2,39,7,999,1,7,VAUXHALL VIVA,2,-1,0,-1
2023332300363,2023,332300363,3,9,0,18,19,5,1,0,0,0,0,0,0,0,1,1,6,6,1,19,4,999,1,4,VAUXHALL VIVA,2,E01013667,0,-1
2023052302089,2023,052302089,1,9,0,7,7,1,3,0,0,6,0,0,0,0,3,1,6,6,3,-1,-1,999,1,8,VAUXHALL VIVA,-1,-1,0,-1
2023471361185,2023,471361185,1,9,0,18,19,8,4,0,0,0,0,0,0,0,1,1,5,6,1,76,11,999,1,7,VAUXHALL VIVA,4,E01021224,0,-1
2023401289497,2023,401289497,1,9,0,18,19,4,8,0,0,0,0,0,0,0,1,1,5,6,2,53,8,999,1,4,VAUXHALL VIVA,4,E01021127,0,-1
2023332300855,2023,332300855,2,9,0,9,9,6,4,0,0,6,1,0,0,0,1,1,6,6,2,23,5,999,1,6,VAUXHALL VIVA,10,E01028415,0,-1
2023041267544,2023,041267544,1,9,0,18,19,1,5,0,0,2,0,0,0,0,3,1,2,2,2,27,6,999,1,8,VAUXHALL VIVA,3,E01012617,0,-1
2023543626223,2023,543626223,1,9,0,18,19,6,2,0,0,0,0,0,0,0,1,1,2,2,2,29,6,999,1,8,VAUXHALL VIVA,8,E01015487,0,-1
2023401374431,2023,401374431,3,9,0,4,4,2,6,0,0,0,0,0,0,0,2,1,5,6,1,59,9,999,1,7,VAUXHALL VIVA,3,E01015813,0,-1
2023440200618,2023,440200618,1,9,0,17,19,7,4,0,0,8,0,0,0,0,3,1,6,6,2,17,4,999,1,5,VAUXHALL VIVA,6,E01017043,0,-1
2023332300806,2023,332300806,1,9,0,18,19,3,7,0,0,0,0,0,0,0,1,1,6,6,1,72,10,999,1,4,VAUXHALL VIVA,10,E01025632,0,-1
2023411294386,2023,411294386,2,9,0,8,8,0,0,0,0,0,0,0,0,0,2,1,6,6,2,37,7,999,1,7,VAUXHALL VIVA,9,E01023728,0,-1
2023622300478,2023,622300478,1,9,0,18,19,4,8,0,0,1,0,0,0,0,1,1,6,6,2,24,5,999,1,7,VAUXHALL VIVA,4,W01001148,0,-1
2023361322211,2023,361322211,2,9,0,18,19,5,1,0,0,1,0,0,0,0,2,1,5,6,1,62,9,999,1,5,VAUXHALL VIVA,5,E01026727,0,-1
2023221291783,2023,221291783,1,9,0,18,19,7,3,0,0,0,0,0,0,0,4,1,5,6,1,17,4,999,1,7,VAUXHALL VIVA,10,E01028953,0,-1
2023071118827,2023,071118827,2,9,0,3,3,8,2,0,0,1,0,0,0,0,2,1,6,6,2,22,5,999,1,8,VAUXHALL VIVA,10,E01018696,0,-1
202354A989223,2023,54A989223,2,9,0,18,19,6,2,0,0,2,0,0,0,0,4,1,2,2,1,38,7,999,1,8,VAUXHALL VIVA,8,E01032705,0,-1
2023451370453,2023,451370453,2,9,0,9,9,5,3,0,0,1,0,0,0,0,1,1,2,2,1,64,9,999,1,7,VAUXHALL VIVA,-1,-1,0,-1
2023522400837,2023,522400837,1,9,0,3,3,2,6,0,0,2,0,0,0,0,2,1,6,6,2,49,8,999,1,6,VAUXHALL VIVA,2,E01014489,0,-1
2023201404738,2023,201404738,1,9,0,9,9,3,1,0,0,5,0,0,0,0,3,1,6,6,1,76,11,999,1,6,VAUXHALL VIVA,2,E01009445,0,-1
2023471367129,2023,471367129,1,9,0,18,19,3,7,0,0,1,0,0,0,0,3,1,5,6,1,49,8,999,1,6,VAUXHALL VIVA,4,E01031806,0,-1
2023991342073,2023,991342073,2,9,0,7,7,5,6,0,0,8,1,0,0,0,3,1,5,6,2,51,8,999,1,7,VAUXHALL VIVA,2,-1,0,-1
2023421301700,2023,421301700,2,9,0,18,19,4,8,0,0,0,0,0,0,0,1,1,5,6,2,23,5,999,1,8,VAUXHALL VIVA,7,E01021978,0,-1
2023622300658,2023,622300658,1,9,0,18,19,8,4,0,0,8,0,0,0,0,1,1,6,6,1,46,8,999,1,5,VAUXHALL VIVA,1,W01001471,0,-1
2023141366475,2023,141366475,2,9,0,18,19,6,2,0,0,6,0,0,0,0,1,1,6,6,2,77,11,999,1,8,VAUXHALL VIVA,7,E01007814,0,-1
2023131285056,2023,131285056,1,9,0,18,19,1,5,0,0,2,0,0,0,0,1,1,6,6,2,21,5,999,1,7,VAUXHALL VIVA,3,E01011100,0,-1
2023041338257,2023,041338257,2,9,0,18,19,3,7,0,0,1,0,0,0,0,1,1,5,6,1,85,11,999,1,6,VAUXHALL VIVA,5,E01025053,0,-1
2023101278348,2023,101278348,1,9,0,18,19,1,5,0,0,0,0,0,0,0,1,1,6,6,1,66,10,999,1,8,VAUXHALL VIVA,4,E01033077,0,-1
2023141320860,2023,141320860,2,9,0,18,19,6,2,0,0,2,0,0,0,0,1,1,6,6,2,29,6,999,1,5,VAUXHALL VIVA,7,E01019553,0,-1
2023320369019,2023,320369019,1,9,0,9,9,3,1,0,0,4,0,0,0,0,3,1,6,6,1,58,9,999,1,7,VAUXHALL VIVA,1,E01026374,0,-1
2023320224180,2023,320224180,2,9,0,18,19,2,6,0,0,0,0,0,0,0,3,1,6,6,1,36,7,999,1,7,VAUXHALL VIVA,4,E01026253,0,-1
2023501332364,2023,501332364,3,9,0,2,2,0,0,9,9,0,0,4,0,0,1,1,6,6,3,-1,-1,999,1,8,VAUXHALL VIVA,-1,-1,0,-1
2023010436051,2023,010436051,1,9,0,18,19,5,1,0,0,0,0,0,0,0,2,1,6,6,1,44,7,999,1,6,VAUXHALL VIVA,3,E01000099,0,-1
2023991299102,2023,991299102,1,9,0,18,19,3,7,0,0,0,0,11,0,0,1,1,5,6,2,57,9,999,1,4,VAUXHALL VIVA,2,-1,0,-1
2023010469487,2023,010469487,2,9,0,99,99,9,9,99,99,9,9,99,9,99,1,9,6,6,2,-1,-1,999,1,8,VAUXHALL VIVA,1,E01016032,0,-1
2023461297248,2023,461297248,2,9,0,9,9,3,7,0,0,1,0,0,0,0,1,1,6,6,2,64,9,999,1,7,VAUXHALL VIVA,4,E01024048,0,-1
2023361308210,2023,361308210,1,9,0,9,9,7,3,0,0,8,0,0,0,0,3,1,5,6,2,30,6,999,1,7,VAUXHALL VIVA,8,E01026578,0,-1
2023461352380,2023,461352380,2,9,0,16,19,3,7,0,0,3,0,0,0,0,-1,1,5,6,2,34,6,999,1,7,VAUXHALL VIVA,6,E01030081,0,-1
2023421353676,2023,421353676,1,9,0,18,19,6,2,0,0,0,0,0,2,11,4,1,5,6,2,76,11,999,1,6,VAUXHALL VIVA,2,E01022006,0,-1
2023501356081,2023,501356081,2,9,0,4,4,1,6,0,0,8,0,0,0,0,2,1,2,2,2,51,8,999,1,7,VAUXHALL VIVA,5,E01015174,0,-1
2023231390213,2023,231390213,2,9,0,18,19,6,2,0,0,8,0,0,0,0,1,1,5,6,2,57,9,999,1,6,VAUXHALL VIVA,7,E01031166,0,-1
2023010426054,2023,010426054,1,9,0,99,99,9,9,99,99,9,9,99,9,99,1,9,6,6,1,33,6,999,1,5,VAUXHALL VIVA,3,E01001884,0,-1
2023101339571,2023,101339571,1,9,0,16,19,5,8,0,0,0,2,0,7,0,1,1,5,6,2,87,11,999,1,7,VAUXHALL VIVA,4,E01027382,0,-1
2023361285129,2023,361285129,1,9,0,18,19,2,7,0,0,8,0,0,0,0,1,1,6,6,1,27,6,999,1,5,VAUXHALL VIVA,4,E01026444,0,-1
2023211328775,2023,211328775,1,9,0,18,19,6,8,0,0,0,5,0,0,0,1,1,6,6,1,65,9,999,1,7,VAUXHALL VIVA,-1,-1,0,-1
2023461286129,2023,461286129,3,9,0,18,19,7,3,0,0,0,1,0,0,0,1,1,6,6,2,64,9,999,1,7,VAUXHALL VIVA,4,E01016120,0,-1
2023041280664,2023,041280664,1,9,0,18,19,7,3,0,0,1,0,0,0,0,1,2,5,6,1,19,4,999,1,4,VAUXHALL VIVA,10,E01025146,0,-1
2023340WN5862,2023,340WN5862,1,9,0,18,19,1,4,0,0,0,1,0,0,0,1,1,6,6,1,34,6,999,1,6,VAUXHALL VIVA,6,E01032977,0,-1
2023161362845,2023,161362845,2,9,0,18,19,5,1,0,0,4,0,0,0,0,3,1,5,6,2,23,5,999,1,6,VAUXHALL VIVA,1,E01033109,0,-1
2023221336993,2023,221336993,1,9,0,18,19,7,3,0,0,0,0,4,0,0,1,1,5,6,2,64,9,999,1,6,VAUXHALL VIVA,3,E01014141,0,-1
2023622300244,2023,622300244,1,9,0,18,19,7,3,0,0,0,0,0,0,0,1,1,2,2,2,21,5,999,1,4,VAUXHALL VIVA,3,W01001026,0,-1
2023122301347,2023,122301347,2,9,0,16,19,6,1,0,0,8,0,0,0,0,1,1,2,2,1,50,8,999,1,8,VAUXHALL VIVA,7,E01027657,0,-1
2023991320019,2023,991320019,1,9,0,9,9,3,2,0,0,8,5,0,7,0,4,1,5,6,2,27,6,999,1,4,VAUXHALL VIVA,-1,-1,0,-1
2023461382775,2023,461382775,1,9,0,18,19,1,4,0,0,0,0,0,0,0,1,1,6,6,1,59,9,999,1,4,VAUXHALL VIVA,2,E01024108,0,-1
2023010423574,2023,010423574,2,9,0,9,9,7,4,0,0,8,0,0,0,0,4,1,6,6,2,22,5,999,1,7,VAUXHALL VIVA,3,E01023157,0,-1
2023622300460,2023,622300460,1,9,0,18,19,2,6,0,0,2,0,0,1,11,1,1,2,2,1,18,4,999,1,6,VAUXHALL VIVA,2,W01001094,0,-1
2023461310342,2023,461310342,1,9,0,9,9,8,6,0,0,1,0,0,0,0,1,1,3,7,2,41,7,999,1,7,VAUXHALL VIVA,1,E01024612,0,-1
2023991312170,2023,991312170,1,9,0,18,19,7,3,0,0,0,0,0,1,0,1,1,5,6,2,27,6,999,1,7,VAUXHALL VIVA,4,-1,0,-1
2023522400433,2023,522400433,1,9,0,5,5,5,1,0,0,4,0,0,0,0,1,1,6,6,1,77,11,999,1,5,VAUXHALL VIVA,2,E01014810,0,-1
2023101352436,2023,101352436,2,9,0,18,19,7,3,0,0,0,0,0,1,0,1,1,6,6,2,64,9,999,1,7,VAUXHALL VIVA,4,E01008767,0,-1
2023161392383,2023,161392383,2,9,0,18,19,3,7,0,0,0,0,0,5,0,3,1,6,6,2,19,4,999,1,8,VAUXHALL VIVA,7,E01013018,0,-1
2023311360422,2023,311360422,1,9,0,4,4,7,3,0,0,4,0,0,0,0,1,1,5,6,1,67,10,999,1,8,VAUXHALL VIVA,1,E01013909,0,-1
2023122300635,2023,122300635,1,9,0,16,19,2,5,0,0,1,0,0,8,7,3,1,6,6,2,30,6,999,1,4,VAUXHALL VIVA,8,E01031954,0,-1
2023991268422,2023,991268422,2,9,0,18,19,2,6,0,0,1,0,0,0,0,4,1,5,6,2,62,9,999,1,7,VAUXHALL VIVA,2,-1,0,-1
2023471349183,2023,471349183,1,9,0,18,19,3,7,0,0,0,1,0,5,0,1,1,1,1,2,25,5,999,1,5,VAUXHALL VIVA,6,E01031468,0,-1
2023041329989,2023,041329989,2,9,0,18,19,3,7,0,0,8,0,0,0,0,3,1,5,6,2,78,11,999,1,7,VAUXHALL VIVA,4,E01025405,0,-1
2023010484685,2023,010484685,1,9,9,99,99,9,9,0,0,4,0,0,9,99,1,9,6,6,1,-1,-1,999,1,7,VAUXHALL VIVA,-1,-1,0,-1
2023991313505,2023,991313505,1,9,0,18,19,7,3,0,0,1,0,0,0,0,1,1,6,6,1,90,11,999,1,7,VAUXHALL VIVA,4,-1,0,-1
2023520301086,2023,520301086,2,9,0,18,19,4,8,0,0,8,0,0,0,0,1,1,2,2,2,49,8,999,1,5,VAUXHALL VIVA,5,E01029283,0,-1
2023131327065,2023,131327065,1,9,0,9,9,7,3,0,0,1,0,0,0,0,3,1,5,6,2,61,9,999,1,6,VAUXHALL VIVA,4,E01011165,0,-1
2023101335236,2023,101335236,2,9,0,4,4,7,4,0,0,1,0,0,0,0,4,1,5,6,2,33,6,999,1,7,VAUXHALL VIVA,1,E01012245,0,-1
2023991389057,2023,991389057,1,9,0,18,19,8,4,0,0,0,0,0,0,0,1,1,6,6,2,80,11,999,1,4,VAUXHALL VIVA,8,-1,0,-1
2023361371688,2023,361371688,1,9,0,18,19,8,4,0,0,8,0,0,0,0,1,1,5,6,2,75,10,999,1,6,VAUXHALL VIVA,9,E01026875,0,-1
2023991318970,2023,991318970,1,9,0,18,19,2,5,0,0,1,0,0,0,0,1,1,5,6,2,27,6,999,1,7,VAUXHALL VIVA,5,-1,0,-1
2023141320540,2023,141320540,2,9,0,7,7,3,7,0,0,0,0,0,0,0,1,1,5,6,1,76,11,999,1,6,VAUXHALL VIVA,9,E01007749,0,-1
2023421293739,2023,421293739,2,9,0,18,19,6,1,0,0,3,0,0,0,0,4,1,5,6,2,35,6,999,1,5,VAUXHALL VIVA,-1,-1,0,-1
2023122301100,2023,122301100,2,9,0,18,19,3,7,0,0,0,0,0,0,0,2,1,6,6,2,58,9,999,1,6,VAUXHALL VIVA,-1,-1,0,-1
2023221392960,2023,221392960,1,9,0,18,19,6,3,0,0,0,0,0,0,0,1,1,6,6,2,21,5,999,1,6,VAUXHALL VIVA,4,E01029000,0,-1
2023622300270,2023,622300270,2,9,0,3,3,5,1,0,0,0,0,0,0,0,1,1,6,6,3,-1,-1,999,1,6,VAUXHALL VIVA,-1,-1,0,-1
2023461299632,2023,461299632,1,5,0,18,19,3,7,0,0,0,1,0,0,0,1,1,5,6,1,68,10,1731,1,11,-1,9,E01000440,0,-1
2023461349380,2023,461349380,5,9,0,2,2,0,0,0,0,0,0,0,0,0,2,1,6,6,3,-1,-1,2316,1,25,-1,-1,-1,0,-1
2023440420775,2023,440420775,1,9,0,18,19,6,2,0,0,0,0,4,7,0,1,1,6,6,1,28,6,2316,1,27,-1,2,E01022964,0,-1
2023501353328,2023,501353328,1,9,0,17,19,1,5,0,0,0,1,0,1,9,1,1,5,6,1,70,10,2316,1,28,-1,9,E01020266,0,-1
2023361375883,2023,361375883,3,9,0,18,19,7,3,0,0,1,0,0,0,0,1,1,6,6,2,65,9,2316,1,26,-1,5,E01026727,0,-1
2023010463450,2023,010463450,5,9,0,2,2,0,0,0,0,0,0,0,0,0,2,1,6,6,3,-1,-1,2316,1,25,-1,-1,-1,0,-1
2023010463420,2023,010463420,2,9,0,18,19,2,6,0,0,1,0,0,0,0,4,1,6,6,3,-1,-1,2316,1,25,-1,-1,-1,0,-1
2023461365793,2023,461365793,1,9,0,18,19,7,3,0,0,0,0,0,0,0,1,1,6,6,1,25,5,2316,1,26,-1,5,E01024623,0,-1
2023430138212,2023,430138212,2,9,0,18,19,8,4,0,0,8,0,0,0,0,3,1,6,6,2,46,8,2400,2,11,VOLVO XC70,9,E01016308,0,-1
2023501356169,2023,501356169,1,9,0,7,7,5,7,0,0,1,0,0,1,2,4,1,6,6,1,59,9,2400,2,14,VOLVO XC70,8,E01019962,0,-1
2023221361939,2023,221361939,2,9,0,18,19,3,7,0,0,0,1,0,0,0,1,1,2,2,1,60,9,2400,2,13,VOLVO XC70,6,E01032179,0,-1
2023111275780,2023,111275780,2,9,0,18,19,7,3,0,0,8,0,0,1,0,3,1,5,6,2,71,10,2400,2,13,VOLVO XC70,5,E01020865,0,-1
2023471373443,2023,471373443,2,9,0,18,19,1,5,0,0,1,0,0,0,0,2,1,5,6,1,50,8,2400,2,14,VOLVO XC70,8,E01021176,0,-1
2023201314129,2023,201314129,2,9,0,10,10,1,5,0,0,1,0,0,0,0,1,1,6,6,1,60,9,2401,2,18,VOLVO XC70,2,E01009942,0,-1
2023501271910,2023,501271910,1,9,0,18,19,3,4,0,0,2,0,0,0,0,3,1,5,6,2,71,10,2400,2,11,VOLVO XC70,4,E01019072,0,-1
2023340WN0092,2023,340WN0092,1,9,0,9,9,8,4,0,0,8,0,0,0,0,1,1,1,1,1,58,9,2401,2,19,VOLVO XC70,7,E01027305,0,-1
2023041378899,2023,041378899,2,9,0,4,4,6,2,0,0,0,0,0,0,0,2,1,5,6,1,67,10,2400,2,11,VOLVO XC70,6,E01025383,0,-1
2023010476361,2023,010476361,4,9,0,4,4,7,3,0,0,2,0,0,0,0,1,1,6,6,1,46,8,2400,2,12,VOLVO XC70,2,E01029988,0,-1
2023320519352,2023,320519352,2,9,0,4,4,3,7,0,0,1,0,0,0,0,2,1,6,6,1,37,7,2401,2,20,VOLVO XC70,4,E01007434,0,-1
2023544520523,2023,544520523,1,9,0,5,5,2,6,0,0,1,0,0,0,0,1,1,6,6,2,51,8,2401,2,17,VOLVO XC70,8,E01032050,0,-1
2023501278377,2023,501278377,1,9,0,18,19,1,3,0,0,0,0,0,0,0,1,1,6,6,2,69,10,2400,2,11,VOLVO XC70,6,E01020136,0,-1
2023361362871,2023,361362871,1,9,0,7,7,3,6,0,0,4,0,0,0,0,0,1,5,6,1,54,8,2400,2,16,VOLVO XC70,6,E01026887,0,-1
2023311364081,2023,311364081,2,9,0,18,19,1,5,0,0,1,0,0,0,0,4,1,5,6,1,59,9,2400,2,10,VOLVO XC70,5,E01019512,0,-1
2023440022713,2023,440022713,1,9,0,18,19,3,7,0,0,0,0,0,0,0,1,1,2,2,1,23,5,2401,2,21,VOLVO XC70,2,E01022970,0,-1
202360A082878,2023,60A082878,2,9,0,10,10,7,5,0,0,8,0,0,0,0,2,1,6,6,2,65,9,2400,2,13,VOLVO XC70,-1,-1,0,-1
2023101299766,2023,101299766,1,9,0,18,19,2,8,0,0,0,0,0,0,0,1,1,6,6,1,25,5,2400,2,11,VOLVO XC70,-1,-1,0,-1
2023552301270,2023,552301270,1,9,0,5,5,4,8,0,0,0,0,2,0,0,1,1,6,6,1,59,9,2400,2,16,VOLVO XC70,9,E01020399,0,-1
2023070601595,2023,070601595,1,9,0,13,13,5,1,0,0,1,0,0,0,0,1,1,6,6,1,47,8,2400,2,9,VOLVO XC70,3,-1,0,-1
2023430094346,2023,430094346,3,9,0,18,19,7,4,0,0,8,0,0,0,0,1,1,6,6,1,52,8,2400,2,11,VOLVO XC70,10,E01031267,0,-1
2023161337039,2023,161337039,1,9,0,16,19,5,8,0,0,2,0,0,0,0,4,1,2,2,1,27,6,2400,2,14,VOLVO XC70,3,E01013158,0,-1
2023501378978,2023,501378978,1,9,0,18,19,8,3,0,0,8,1,10,0,0,1,1,6,6,1,25,5,2401,2,18,VOLVO XC70,8,E01019962,0,-1
2023991393436,2023,991393436,1,9,0,18,19,8,4,0,0,3,0,0,0,0,1,1,5,6,1,73,10,2401,2,18,VOLVO XC70,-1,-1,0,-1
2023061386511,2023,061386511,2,9,0,2,2,0,0,0,0,0,0,0,0,0,2,1,2,2,1,58,9,2401,2,19,VOLVO XC70,4,E01005476,0,-1
2023101388330,2023,101388330,2,9,0,5,5,1,5,0,0,0,0,0,0,0,3,1,6,6,1,57,9,2400,2,8,VOLVO XC70,-1,-1,0,-1
2023131310912,2023,131310912,2,9,0,18,19,7,3,0,0,0,0,0,0,0,1,1,1,1,1,38,7,2400,2,9,VOLVO XC70,8,E01027900,0,-1
2023471299379,2023,471299379,1,9,0,3,3,7,3,0,0,8,0,0,0,0,2,1,6,6,1,59,9,2400,2,11,VOLVO XC70,5,E01031807,0,-1
2023440326847,2023,440326847,2,9,0,3,3,6,2,0,0,0,0,0,0,0,2,1,6,6,1,69,10,2400,2,14,VOLVO XC70,7,E01023495,0,-1
2023461394581,2023,461394581,1,9,0,9,9,3,1,0,0,6,0,0,1,9,1,1,5,6,1,80,11,2400,2,8,VOLVO XC70,6,E01004518,0,-1
2023031277647,2023,031277647,1,9,0,4,4,8,4,0,0,0,0,0,0,0,1,1,2,2,1,67,10,2401,2,19,VOLVO XC70,-1,-1,0,-1
2023631391635,2023,631391635,1,9,0,18,19,2,6,0,0,0,0,0,0,0,1,1,2,2,1,38,7,2400,2,9,VOLVO XC70,7,W01000488,0,-1
202360A043605,2023,60A043605,1,9,0,13,13,8,4,0,0,0,1,0,7,11,1,1,6,6,1,77,11,2400,2,11,VOLVO XC70,-1,-1,0,-1
2023201366093,2023,201366093,1,9,0,18,19,6,2,0,0,0,0,0,0,0,1,1,6,6,3,-1,-1,2400,2,10,VOLVO XC70,-1,-1,0,-1
2023340WN1412,2023,340WN1412,1,9,0,18,19,3,7,0,0,0,0,0,0,0,1,1,6,6,1,32,6,2400,2,10,VOLVO XC70,2,E01027155,0,-1
2023440124218,2023,440124218,2,9,0,18,19,5,1,0,0,8,0,0,0,0,3,1,6,6,1,65,9,2400,2,8,VOLVO XC70,9,E01022642,0,-1
2023991282932,2023,991282932,3,9,0,18,19,7,3,0,0,0,0,0,0,0,1,1,6,6,2,44,7,2400,2,7,VOLVO XC70,5,-1,0,-1
2023991324520,2023,991324520,2,17,0,10,10,2,7,0,0,1,0,0,0,0,4,1,1,1,1,33,6,-1,-1,-1,-1,1,-1,0,-1
2023361298273,2023,361298273,2,3,0,18,19,7,3,0,0,0,5,0,0,0,1,1,2,2,1,34,6,124,1,2,-1,4,E01026743,0,-1
2023501375766,2023,501375766,1,3,0,13,13,4,8,0,0,0,0,0,0,0,4,1,6,6,1,17,4,124,1,0,-1,7,E01018971,0,-1
2023010473539,2023,010473539,2,3,0,18,19,7,3,0,0,4,0,0,0,0,1,1,6,6,1,21,5,125,1,2,BENELLI TORNADO,8,E01000669,0,-1
202360A164096,2023,60A164096,2,2,0,17,19,4,2,0,0,8,0,0,0,0,4,1,6,6,1,29,6,125,1,2,-1,-1,-1,0,-1