collision_index,collision_year,collision_ref_no,vehicle_reference,vehicle_type,towing_and_articulation,vehicle_manoeuvre_historic,vehicle_manoeuvre,vehicle_direction_from,vehicle_direction_to,vehicle_location_restricted_lane_historic,vehicle_location_restricted_lane,junction_location,skidding_and_overturning,hit_object_in_carriageway,vehicle_leaving_carriageway,hit_object_off_carriageway,first_point_of_impact,vehicle_left_hand_drive,journey_purpose_of_driver_historic,journey_purpose_of_driver,sex_of_driver,age_of_driver,age_band_of_driver,engine_capacity_cc,propulsion_code,age_of_vehicle,generic_make_model,driver_imd_decile,lsoa_of_driver,escooter_flag,driver_distance_banding
2023131371473,2023,131371473,2,3,0,18,19,7,3,0,0,8,2,0,0,0,4,1,2,2,1,29,6,125,1,6,BENELLI TORNADO,7,E01011755,0,-1
2023311259870,2023,311259870,2,3,0,18,19,7,4,0,0,8,0,0,0,0,4,1,6,6,1,18,4,125,1,2,BENELLI TORNADO,2,E01027980,0,-1
2023440393516,2023,440393516,1,3,0,7,7,6,8,0,0,1,0,0,0,0,1,1,6,6,1,21,5,125,1,1,BENELLI TORNADO,3,E01023058,0,-1
2023361347862,2023,361347862,1,3,0,2,2,0,0,0,0,0,1,0,0,0,1,1,5,6,1,35,6,125,1,1,BENELLI TORNADO,5,E01026789,0,-1
2023311345737,2023,311345737,2,3,0,18,19,5,1,0,0,1,0,0,0,0,4,1,6,6,1,31,6,125,1,1,BENELLI TORNADO,-1,-1,0,-1
2023421284947,2023,421284947,2,3,0,3,3,7,3,0,0,8,0,0,0,0,2,1,5,6,1,19,4,125,1,1,BENELLI TORNADO,8,E01021537,0,-1
2023061330821,2023,061330821,1,3,0,18,19,8,4,0,0,0,0,0,0,0,1,1,6,6,1,-1,-1,125,1,1,BENELLI TORNADO,1,E01006386,0,-1
2023070856650,2023,070856650,2,4,0,18,19,8,4,0,0,8,0,0,0,0,1,1,6,6,1,25,5,125,1,2,-1,6,E01012414,0,-1
2023211278969,2023,211278969,2,4,0,18,19,2,6,0,0,1,0,0,0,0,1,1,6,6,1,35,6,125,1,2,-1,6,E01029699,0,-1
2023440415442,2023,440415442,1,3,0,18,19,5,1,0,0,8,0,0,0,0,3,1,6,6,2,18,4,125,1,1,BENELLI TORNADO,3,E01022901,0,-1
2023201331681,2023,201331681,2,3,0,14,14,3,8,0,0,0,0,0,0,0,3,1,2,2,1,17,4,125,1,4,BENELLI TORNADO,2,E01009998,0,-1
2023430147317,2023,430147317,2,3,0,18,19,6,2,0,0,0,0,0,0,0,3,1,2,2,1,26,6,125,1,4,BENELLI TORNADO,7,E01016225,0,-1
2023061313983,2023,061313983,1,3,0,18,19,2,6,0,0,8,1,0,0,0,1,1,5,6,1,30,6,125,1,2,BENELLI TORNADO,2,E01005323,0,-1
2023501309807,2023,501309807,1,3,0,18,19,3,7,0,0,4,0,0,0,0,1,1,5,6,1,17,4,125,1,0,BENELLI TORNADO,6,E01019044,0,-1
2023031317261,2023,031317261,1,3,0,4,4,5,1,6,6,0,1,0,1,0,0,1,6,6,2,51,8,125,1,0,BENELLI TORNADO,-1,-1,0,-1
2023010476668,2023,010476668,2,3,0,18,19,5,1,2,2,1,0,0,0,0,3,1,6,6,1,60,9,125,1,3,BENELLI TORNADO,7,E01001204,0,-1
2023041304872,2023,041304872,2,3,0,14,14,5,1,0,0,1,0,0,0,0,1,1,6,6,1,53,8,125,1,2,BENELLI TORNADO,3,E01012669,0,-1
2023522301810,2023,522301810,1,3,0,18,19,2,6,0,0,0,0,0,0,0,1,1,6,6,1,27,6,125,1,2,BENELLI TORNADO,7,E01014856,0,-1
2023340NN9132,2023,340NN9132,2,3,0,18,19,8,4,0,0,8,0,0,0,0,1,1,6,6,1,20,4,125,1,3,BENELLI TORNADO,-1,-1,0,-1
2023101344914,2023,101344914,1,3,0,5,5,1,5,0,0,2,5,0,1,0,1,1,6,6,1,25,5,125,1,5,BENELLI TORNADO,-1,-1,0,-1
2023052301248,2023,052301248,1,3,0,18,19,5,1,0,0,0,0,0,0,0,1,1,2,2,1,22,5,125,1,5,BENELLI TORNADO,1,E01006739,0,-1
2023070976806,2023,070976806,1,4,0,16,19,4,8,0,0,1,0,0,0,0,1,1,6,6,1,19,4,125,1,5,-1,10,E01018490,0,-1
2023052301385,2023,052301385,1,3,0,18,19,1,5,0,0,0,0,4,0,0,1,1,6,6,2,25,5,125,1,2,BENELLI TORNADO,1,E01006905,0,-1
2023451311707,2023,451311707,1,3,0,18,19,5,1,0,0,0,5,0,0,0,4,1,2,2,1,28,6,125,1,1,BENELLI TORNADO,10,E01016198,0,-1
2023311283257,2023,311283257,2,3,0,18,19,3,1,0,0,0,0,0,0,0,3,1,5,6,1,19,4,125,1,2,BENELLI TORNADO,1,E01013825,0,-1
2023361302171,2023,361302171,2,3,0,18,19,5,1,0,0,1,0,0,0,0,4,1,5,6,2,18,4,125,1,6,BENELLI TORNADO,8,E01026558,0,-1
2023041299545,2023,041299545,1,3,0,18,19,3,7,0,0,0,1,0,1,0,1,1,5,6,1,27,6,125,1,2,BENELLI TORNADO,4,E01024945,0,-1
2023161377951,2023,161377951,2,3,0,15,15,4,1,0,0,1,2,4,0,0,1,1,6,6,1,18,4,125,1,3,BENELLI TORNADO,-1,-1,0,-1
2023302300911,2023,302300911,2,3,0,18,19,2,6,0,0,1,0,0,1,11,1,1,6,6,1,18,4,125,1,3,BENELLI TORNADO,5,E01019837,0,-1
2023501273643,2023,501273643,2,3,0,18,19,2,6,0,0,0,5,0,1,0,1,1,2,2,2,18,4,125,1,2,BENELLI TORNADO,4,E01018925,0,-1
2023451386918,2023,451386918,1,4,0,18,19,1,3,0,0,8,0,0,0,0,0,1,6,6,1,23,5,125,1,0,-1,4,E01030746,0,-1
2023010454537,2023,010454537,1,3,0,99,99,9,9,99,99,9,9,99,9,99,2,1,2,2,2,21,5,125,1,0,BENELLI TORNADO,7,E01003848,0,-1
2023501315176,2023,501315176,2,3,0,18,19,1,5,0,0,8,5,10,7,0,1,1,6,6,1,18,4,125,1,1,BENELLI TORNADO,5,E01020060,0,-1
2023010465760,2023,010465760,2,3,0,18,19,5,1,0,0,8,0,0,0,0,1,1,6,6,1,40,7,125,1,4,BENELLI TORNADO,7,E01000675,0,-1
2023471268610,2023,471268610,2,3,0,18,19,5,1,0,0,8,1,0,0,0,1,1,1,1,1,21,5,125,1,1,BENELLI TORNADO,8,E01031651,0,-1
2023010425871,2023,010425871,2,4,0,18,19,7,3,0,0,8,0,0,0,0,3,1,2,2,1,26,6,125,1,1,-1,2,E01004719,0,-1
2023041351878,2023,041351878,1,3,0,18,19,8,4,0,0,0,0,4,0,0,1,1,5,6,1,15,3,125,1,4,BENELLI TORNADO,2,E01025285,0,-1
2023332300610,2023,332300610,1,4,0,18,19,2,6,0,0,8,1,0,0,0,4,1,6,6,1,41,7,125,1,4,-1,1,E01013603,0,-1
2023991303057,2023,991303057,1,3,0,5,5,8,6,0,0,8,0,0,0,0,3,1,2,2,1,17,4,125,1,5,BENELLI TORNADO,7,-1,0,-1
2023170S40473,2023,170S40473,2,3,0,18,19,2,6,0,0,8,0,0,0,0,1,1,6,6,1,26,6,125,1,2,BENELLI TORNADO,-1,-1,0,-1
2023010451542,2023,010451542,1,3,0,18,19,1,5,0,0,8,9,0,0,0,1,1,6,6,1,27,6,125,1,3,BENELLI TORNADO,9,E01004097,0,-1
2023542921823,2023,542921823,1,3,0,17,19,6,2,0,0,0,1,0,0,0,1,1,6,6,1,40,7,125,1,2,BENELLI TORNADO,10,E01031972,0,-1
2023451371399,2023,451371399,1,3,0,18,19,7,3,0,0,0,0,0,0,0,1,1,5,6,1,20,4,125,1,3,BENELLI TORNADO,7,E01003839,0,-1
2023547171823,2023,547171823,1,3,0,17,19,4,8,0,0,1,0,0,0,0,1,1,2,2,2,23,5,125,1,2,BENELLI TORNADO,10,E01031923,0,-1
2023041372659,2023,041372659,1,3,0,16,19,1,5,0,0,0,0,0,0,0,1,1,5,6,1,19,4,125,1,1,BENELLI TORNADO,1,E01005496,0,-1
2023631341032,2023,631341032,2,3,0,13,13,1,5,0,0,8,5,0,7,10,1,1,5,6,1,47,8,125,1,4,BENELLI TORNADO,6,W01000628,0,-1
2023522400496,2023,522400496,1,3,0,18,19,3,7,0,0,8,0,0,0,0,1,1,6,6,1,21,5,125,1,0,BENELLI TORNADO,1,E01014829,0,-1
2023070263348,2023,070263348,1,3,0,18,19,5,3,0,0,8,0,0,0,0,1,1,6,6,1,22,5,125,1,4,BENELLI TORNADO,-1,-1,0,-1
2023041393551,2023,041393551,2,3,0,18,19,7,7,0,0,1,2,0,0,0,1,1,6,6,1,55,8,125,1,0,BENELLI TORNADO,1,E01025036,0,-1
2023302301137,2023,302301137,1,9,0,9,9,8,7,0,0,8,0,0,0,0,3,1,6,6,2,-1,-1,1598,1,19,-1,-1,-1,0,-1
2023061372967,2023,061372967,1,9,0,9,9,8,6,0,0,1,0,0,0,0,1,1,6,6,1,83,11,1598,1,18,-1,5,E01006208,0,-1
2023061361450,2023,061361450,2,21,1,18,19,6,2,0,0,0,0,0,0,0,1,1,6,6,1,35,6,1260,2,22,-1,2,E01004824,0,-1
2023622300539,2023,622300539,1,90,0,18,19,6,2,0,0,0,5,0,1,7,4,1,6,6,1,62,9,448,1,13,-1,6,W01000954,0,-1
2023340NN2272,2023,340NN2272,1,90,0,16,19,1,4,0,0,1,5,10,1,1,1,1,6,6,1,29,6,448,1,15,-1,5,E01026956,0,-1
2023131349546,2023,131349546,2,20,0,3,3,1,5,0,0,1,0,0,0,0,2,1,1,1,1,50,8,-1,-1,-1,-1,1,E01011474,0,-1
2023520400407,2023,520400407,1,9,0,18,19,2,6,0,0,0,5,0,0,0,1,1,6,6,1,64,9,-1,-1,-1,-1,3,E01020073,0,-1
2023041328536,2023,041328536,1,19,0,16,19,4,8,0,0,0,0,0,0,0,1,1,6,6,1,70,10,1248,2,9,FIAT FIORINO,6,E01025383,0,-1
2023430461543,2023,430461543,2,19,0,18,19,5,1,0,0,8,0,0,7,10,1,1,6,6,1,73,10,1248,2,2,FIAT FIORINO,10,E01017727,0,-1
2023010453300,2023,010453300,2,19,0,18,19,3,7,0,0,4,0,0,0,0,1,1,6,6,1,75,10,1248,2,12,FIAT FIORINO,7,E01002328,0,-1
2023131374483,2023,131374483,3,19,0,2,2,0,0,0,0,0,0,4,0,0,2,1,6,6,3,-1,-1,1248,2,8,FIAT FIORINO,-1,-1,0,-1
2023991372559,2023,991372559,1,9,0,18,19,7,3,0,0,0,0,0,0,0,1,1,1,1,1,19,4,-1,-1,-1,-1,4,-1,0,-1
2023010467869,2023,010467869,1,19,0,99,99,9,9,99,99,9,9,99,9,99,2,9,6,6,1,62,9,1368,1,4,FIAT FIORINO,3,E01001213,0,-1
2023101290501,2023,101290501,1,9,0,7,7,8,3,0,0,8,0,0,0,0,1,1,1,1,2,46,8,-1,-1,-1,-1,9,E01027526,0,-1
2023631352642,2023,631352642,2,19,0,15,15,1,5,0,0,0,2,0,0,0,2,1,2,2,1,49,8,1248,2,2,FIAT FIORINO,3,W01000478,0,-1
2023141340965,2023,141340965,3,9,0,18,19,3,7,0,0,0,0,0,0,0,2,1,1,1,1,25,5,-1,-1,-1,-1,10,E01012302,0,-1
2023471259593,2023,471259593,1,9,0,7,7,1,3,0,0,8,0,0,0,0,0,1,6,6,3,-1,-1,-1,-1,-1,-1,-1,-1,0,-1
2023131360128,2023,131360128,1,9,0,15,15,1,5,0,0,1,0,0,0,0,4,1,6,6,1,29,6,-1,-1,-1,-1,3,E01011125,0,-1
2023421279494,2023,421279494,1,19,0,5,5,1,6,0,0,2,0,0,0,0,1,1,2,2,1,46,8,1248,2,1,FIAT FIORINO,9,E01019349,0,-1
2023201281567,2023,201281567,2,19,0,18,19,7,3,0,0,8,0,10,1,11,3,1,1,1,1,30,6,1248,2,12,FIAT FIORINO,8,E01010395,0,-1
2023471314555,2023,471314555,2,19,0,18,19,4,8,0,0,0,0,0,0,0,1,1,5,6,1,77,11,1248,2,10,FIAT FIORINO,6,E01031825,0,-1
2023552300572,2023,552300572,1,9,0,18,19,6,2,0,0,0,0,0,0,0,1,1,6,6,1,49,8,-1,-1,-1,-1,9,E01015342,0,-1
2023501377849,2023,501377849,2,19,0,18,19,7,3,0,0,1,0,0,0,0,3,1,5,6,1,41,7,1248,2,15,FIAT FIORINO,-1,-1,0,-1
2023010466037,2023,010466037,1,19,0,16,19,1,5,0,0,1,0,0,0,0,3,1,1,1,2,65,9,1248,2,5,FIAT FIORINO,6,E01015925,0,-1
2023991365263,2023,991365263,1,90,0,18,19,6,2,0,0,0,0,4,7,0,4,1,5,6,1,36,7,2184,2,0,-1,-1,-1,0,-1
2023320409290,2023,320409290,2,9,0,17,19,2,8,0,0,8,0,0,0,0,1,1,6,6,1,65,9,1997,2,5,FORD EDGE,6,E01027926,0,-1
2023440080827,2023,440080827,1,9,0,18,19,8,4,0,0,1,0,0,0,0,4,1,6,6,2,83,11,1997,2,6,FORD EDGE,9,E01022522,0,-1
2023201374281,2023,201374281,2,9,0,18,19,6,2,0,0,8,0,0,0,0,1,1,5,6,1,68,10,1997,2,7,FORD EDGE,6,E01010082,0,-1
2023161285489,2023,161285489,2,9,0,18,19,3,7,0,0,1,0,0,0,0,1,1,5,6,2,58,9,1997,2,5,FORD EDGE,4,E01012990,0,-1
2023542727023,2023,542727023,2,9,0,4,4,5,1,0,0,0,0,0,0,0,2,1,6,6,1,36,7,1997,2,6,FORD EDGE,8,E01020514,0,-1
2023320500219,2023,320500219,2,9,0,18,19,6,2,0,0,8,0,0,1,4,1,1,6,6,2,46,8,1997,2,5,FORD EDGE,5,E01026409,0,-1
2023052301512,2023,052301512,2,9,0,4,4,1,5,0,0,0,0,0,0,0,2,1,6,6,1,60,9,1997,2,6,FORD EDGE,7,E01007071,0,-1
2023010479375,2023,010479375,1,9,0,7,7,7,2,0,0,5,0,0,1,0,4,2,6,6,1,33,6,1997,2,7,FORD EDGE,-1,-1,0,-1
2023302301073,2023,302301073,2,9,0,7,7,1,3,0,0,1,0,0,0,0,1,1,6,6,1,30,6,1997,2,7,FORD EDGE,2,E01019497,0,-1
2023010462063,2023,010462063,2,9,0,9,9,1,6,0,0,2,0,0,0,0,3,1,6,6,2,39,7,1995,2,4,FORD EDGE,4,E01000788,0,-1
2023351338114,2023,351338114,1,9,0,18,19,4,8,0,0,8,0,0,0,0,1,1,6,6,2,48,8,1997,2,7,FORD EDGE,6,E01018076,0,-1
2023311292778,2023,311292778,2,9,0,10,10,6,8,0,0,0,0,0,0,0,2,1,5,6,2,32,6,1997,2,7,FORD EDGE,2,E01027967,0,-1
2023201440549,2023,201440549,1,9,0,8,8,5,7,0,0,0,0,0,1,0,3,1,1,1,2,35,6,1997,2,5,FORD EDGE,5,E01009764,0,-1
2023010420753,2023,010420753,2,9,0,99,99,9,9,99,99,9,9,99,9,99,1,9,6,6,3,-1,-1,1997,2,6,FORD EDGE,-1,-1,0,-1
2023320783396,2023,320783396,1,9,0,18,19,8,4,0,0,1,0,0,0,0,1,1,6,6,1,-1,-1,1997,2,6,FORD EDGE,5,E01026245,0,-1
2023052300327,2023,052300327,1,9,0,9,9,7,5,0,0,8,0,0,0,0,4,1,2,2,1,67,10,1997,2,6,FORD EDGE,10,E01007199,0,-1
2023221369123,2023,221369123,2,9,0,4,4,8,4,0,0,1,0,0,0,0,3,1,6,6,1,59,9,1997,2,7,FORD EDGE,4,E01028958,0,-1
2023101304977,2023,101304977,4,9,0,18,19,1,5,0,0,0,0,0,0,0,0,1,5,6,1,50,8,1995,2,4,FORD EDGE,5,E01027529,0,-1
2023461355877,2023,461355877,3,9,0,10,10,6,1,0,0,5,0,0,0,0,2,1,6,6,2,35,6,1997,2,5,FORD EDGE,4,E01024747,0,-1
2023520301760,2023,520301760,1,9,0,13,13,7,3,0,0,0,0,0,0,0,4,1,6,6,1,43,7,1997,2,5,FORD EDGE,9,E01008580,0,-1
2023041353067,2023,041353067,1,9,0,18,19,3,7,0,0,1,0,0,0,0,4,1,5,6,1,67,10,1753,2,30,-1,5,E01012664,0,-1
2023170S10963,2023,170S10963,1,5,0,18,19,1,5,0,0,0,0,0,0,0,1,1,6,6,1,58,9,749,1,4,-1,5,E01027590,0,-1
2023101316531,2023,101316531,1,3,0,16,19,5,1,0,0,0,1,0,0,0,3,1,6,6,1,65,9,749,1,4,-1,8,E01008458,0,-1
2023411326029,2023,411326029,1,2,0,16,19,1,5,0,0,8,0,0,0,0,4,1,5,6,1,27,6,749,1,8,-1,7,E01023944,0,-1
2023311347946,2023,311347946,1,5,0,18,19,5,1,0,0,0,1,0,0,0,1,1,5,6,1,38,7,749,1,4,-1,3,E01028338,0,-1
2023461352035,2023,461352035,1,5,0,7,7,7,2,0,0,0,1,10,0,0,3,1,5,6,1,34,6,749,1,6,-1,3,E01024169,0,-1
2023451361820,2023,451361820,2,5,0,18,19,3,7,0,0,1,1,0,0,0,1,1,5,6,1,48,8,749,1,7,-1,10,E01031619,0,-1
2023052300472,2023,052300472,1,5,0,14,14,2,6,0,0,1,1,0,0,0,1,1,2,2,1,38,7,749,1,6,-1,8,E01007097,0,-1
2023201341335,2023,201341335,2,5,0,7,7,6,8,0,0,8,0,0,0,0,1,1,6,6,1,32,6,749,1,6,-1,3,E01009448,0,-1
2023041383966,2023,041383966,1,5,0,4,4,7,3,0,0,0,1,0,0,0,3,1,1,1,1,42,7,749,1,6,-1,4,E01025119,0,-1
2023461274241,2023,461274241,2,5,0,18,19,1,5,0,0,1,0,0,0,0,1,1,5,6,1,31,6,1585,1,10,-1,2,E01024500,0,-1
2023052302443,2023,052302443,2,3,0,18,19,8,4,0,0,2,0,0,0,0,1,1,1,1,1,27,6,125,1,6,HONDA ANC,1,E01006919,0,-1
2023010432285,2023,010432285,2,3,0,18,19,1,5,0,0,1,5,0,0,0,4,1,2,2,2,45,7,125,1,6,HONDA ANC,6,E01004176,0,-1
2023010464745,2023,010464745,1,3,0,99,99,9,9,99,99,0,9,99,9,99,1,1,1,1,1,30,6,125,1,6,HONDA ANC,2,E01001219,0,-1
2023010455342,2023,010455342,1,3,0,99,99,9,9,99,99,9,9,99,9,99,1,1,6,6,2,35,6,125,1,9,HONDA ANC,2,E01002080,0,-1
2023010480110,2023,010480110,2,3,0,18,19,7,3,0,0,1,0,0,0,0,1,1,2,2,1,29,6,125,1,6,HONDA ANC,6,E01003646,0,-1
2023010437360,2023,010437360,1,3,0,3,3,5,1,0,0,8,0,0,0,0,1,1,6,6,2,53,8,125,1,9,HONDA ANC,-1,-1,0,-1
2023010425187,2023,010425187,2,3,0,3,3,3,7,0,0,1,0,0,0,0,0,1,6,6,1,32,6,125,1,4,HONDA ANC,3,E01003572,0,-1
2023010466843,2023,010466843,1,3,0,18,19,5,1,0,0,0,1,10,1,2,4,1,6,6,1,18,4,125,1,8,HONDA ANC,3,E01004562,0,-1
2023010429710,2023,010429710,1,3,0,99,99,9,9,99,99,9,9,99,9,99,1,1,1,1,1,24,5,125,1,4,HONDA ANC,2,E01004723,0,-1
2023501341352,2023,501341352,1,3,0,4,4,7,3,0,0,0,1,11,0,0,1,1,6,6,1,25,5,125,1,6,HONDA ANC,3,E01015159,0,-1
2023010486246,2023,010486246,1,3,0,18,19,3,7,0,0,1,0,10,0,0,1,1,6,6,1,27,6,125,1,6,HONDA ANC,2,E01001246,0,-1
2023010447963,2023,010447963,1,97,0,99,99,9,9,99,99,9,9,99,9,99,1,9,1,1,1,31,6,125,1,5,-1,7,E01023495,0,-1
2023010435378,2023,010435378,1,3,0,99,99,9,9,99,99,9,9,99,9,99,1,1,1,1,1,24,5,125,1,3,HONDA ANC,6,E01002662,0,-1
2023010442125,2023,010442125,1,3,0,99,99,9,9,99,99,9,9,99,9,99,1,1,1,1,1,50,8,125,1,5,HONDA ANC,2,E01001010,0,-1
2023052302503,2023,052302503,2,3,0,18,19,4,1,0,0,0,0,0,0,0,1,1,1,1,2,56,9,125,1,6,HONDA ANC,2,E01006745,0,-1
2023010475596,2023,010475596,2,3,0,4,4,7,3,0,0,3,0,0,0,0,4,1,6,6,1,25,5,125,1,4,HONDA ANC,4,E01003661,0,-1
2023010428057,2023,010428057,1,3,9,99,99,9,9,99,99,9,9,99,9,99,9,1,6,6,3,23,5,125,1,8,HONDA ANC,3,E01000522,0,-1
2023010458581,2023,010458581,1,3,0,18,19,7,3,99,99,9,9,99,9,99,1,1,1,1,2,28,6,125,1,6,HONDA ANC,2,E01000600,0,-1
2023522300873,2023,522300873,1,3,0,3,3,4,8,0,0,2,0,0,0,0,1,1,6,6,2,29,6,125,1,4,HONDA ANC,1,E01014583,0,-1
2023010455552,2023,010455552,1,3,0,18,19,7,3,0,0,3,0,0,0,0,4,1,2,2,1,26,6,125,1,8,HONDA ANC,3,E01001365,0,-1
2023010481212,2023,010481212,2,3,0,18,19,1,5,0,0,1,0,0,0,0,1,1,1,1,1,21,5,125,1,3,HONDA ANC,5,E01001681,0,-1
2023421311125,2023,421311125,2,3,0,18,19,5,1,0,0,1,0,0,0,0,1,1,1,1,2,19,4,125,1,3,HONDA ANC,8,E01021424,0,-1
2023010452121,2023,010452121,1,3,0,18,19,5,1,0,0,0,0,0,0,0,1,1,6,6,1,34,6,125,1,6,HONDA ANC,-1,-1,0,-1
2023010420750,2023,010420750,1,3,0,99,99,9,9,99,99,9,9,99,9,99,1,1,6,6,1,27,6,125,1,4,HONDA ANC,3,E01001449,0,-1
2023451287109,2023,451287109,1,3,0,14,14,4,8,0,0,1,1,0,0,0,4,1,1,1,2,32,6,125,1,3,HONDA ANC,9,E01030696,0,-1
2023010445289,2023,010445289,2,3,0,5,5,6,2,0,0,1,0,0,0,0,1,1,2,2,1,31,6,125,1,4,HONDA ANC,2,E01032722,0,-1
2023010428213,2023,010428213,1,3,0,99,99,9,9,99,99,0,9,99,9,99,9,1,6,6,1,42,7,125,1,6,HONDA ANC,5,E01000299,0,-1
2023010475513,2023,010475513,1,3,0,99,99,9,9,99,99,9,9,99,9,99,9,1,2,2,3,37,7,125,1,6,HONDA ANC,5,E01002083,0,-1
2023010433538,2023,010433538,1,3,0,99,99,9,9,99,99,9,9,99,9,99,1,1,6,6,1,55,8,125,1,7,HONDA ANC,3,E01001048,0,-1
2023010484200,2023,010484200,1,3,0,99,99,9,9,99,99,9,9,99,9,99,1,1,1,1,1,23,5,125,1,6,HONDA ANC,5,E01002202,0,-1
2023010440056,2023,010440056,2,3,0,9,9,5,3,0,0,8,0,0,0,0,4,1,1,1,1,41,7,125,1,6,HONDA ANC,3,E01002491,0,-1
2023010485122,2023,010485122,1,3,0,99,99,9,9,99,99,9,9,99,9,99,9,1,6,6,3,29,6,125,1,3,HONDA ANC,4,E01003702,0,-1
2023010433866,2023,010433866,1,3,9,99,99,9,9,99,99,0,9,99,9,99,9,1,2,2,1,40,7,125,1,9,HONDA ANC,4,E01003203,0,-1
2023522301592,2023,522301592,1,3,0,9,9,2,7,0,0,6,0,0,0,0,1,1,6,6,2,49,8,125,1,7,HONDA ANC,8,E01014637,0,-1
2023010468237,2023,010468237,2,4,0,7,7,3,6,0,0,5,1,0,0,0,0,1,6,6,1,28,6,125,1,7,-1,1,E01000868,0,-1
2023440395618,2023,440395618,1,3,0,3,3,2,6,0,0,1,0,0,0,0,4,1,6,6,1,29,6,125,1,8,HONDA ANC,1,E01017154,0,-1
2023421306431,2023,421306431,2,4,0,13,13,6,2,0,0,0,0,0,0,0,4,1,1,1,1,24,5,125,1,3,-1,10,E01021244,0,-1
2023451357443,2023,451357443,2,3,0,18,19,5,1,0,0,8,5,0,0,0,3,1,1,1,1,21,5,125,1,9,HONDA ANC,8,E01030313,0,-1
2023010448209,2023,010448209,2,3,0,9,9,3,8,0,0,3,2,4,3,0,1,1,6,6,1,15,3,125,1,4,HONDA ANC,5,E01004644,0,-1
2023010462511,2023,010462511,1,3,0,99,99,9,9,99,99,9,9,99,9,99,1,1,6,6,1,22,5,125,1,3,HONDA ANC,6,E01001083,0,-1
2023231316847,2023,231316847,2,3,0,9,9,6,4,0,0,8,0,0,0,0,1,1,2,2,1,55,8,125,1,9,HONDA ANC,8,E01031180,0,-1
2023411358848,2023,411358848,2,3,0,18,19,-1,-1,0,0,0,0,0,0,0,4,1,6,6,1,48,8,125,1,8,HONDA ANC,4,E01023861,0,-1
2023010432553,2023,010432553,1,3,0,99,99,9,9,99,99,9,9,99,9,99,1,1,2,2,1,23,5,125,1,9,HONDA ANC,3,E01000499,0,-1
2023010440132,2023,010440132,1,3,0,99,99,9,9,99,99,9,9,99,9,99,1,1,1,1,1,27,6,125,1,4,HONDA ANC,1,E01002040,0,-1
2023010432184,2023,010432184,1,3,0,99,99,9,9,99,99,9,9,99,9,99,9,1,1,1,1,20,4,125,1,5,HONDA ANC,7,E01000314,0,-1
2023010436443,2023,010436443,1,3,0,99,99,9,9,99,99,9,9,99,9,99,2,1,6,6,1,38,7,125,1,8,HONDA ANC,5,E01002183,0,-1
2023010430314,2023,010430314,2,3,0,7,7,7,2,0,0,5,0,0,0,0,3,1,1,1,1,31,6,125,1,4,HONDA ANC,4,E01003543,0,-1
2023430183765,2023,430183765,1,3,0,18,19,8,2,0,0,3,0,0,0,0,1,1,6,6,1,36,7,125,1,5,HONDA ANC,5,E01016379,0,-1
2023010439782,2023,010439782,1,3,0,99,99,9,9,99,99,9,9,99,9,99,1,1,6,6,2,25,5,125,1,5,HONDA ANC,4,E01001503,0,-1
2023451259853,2023,451259853,1,3,0,5,5,4,1,0,0,4,0,0,0,0,2,1,6,6,2,50,8,125,1,4,HONDA ANC,9,E01022874,0,-1
2023010473577,2023,010473577,1,3,0,99,99,9,9,99,99,9,9,99,9,99,9,1,6,6,1,25,5,125,1,8,HONDA ANC,2,E01001112,0,-1
2023351378464,2023,351378464,1,3,0,14,14,1,5,0,0,0,0,0,0,0,1,1,2,2,1,18,4,125,1,6,HONDA ANC,8,E01033118,0,-1
2023010430614,2023,010430614,1,3,0,99,99,9,9,99,99,9,9,99,9,99,9,1,6,6,1,34,6,125,1,9,HONDA ANC,2,E01033485,0,-1
2023411344366,2023,411344366,2,3,0,3,3,4,8,0,0,2,0,0,0,0,2,1,2,2,1,22,5,125,1,7,HONDA ANC,6,E01023922,0,-1
2023010474214,2023,010474214,1,3,0,18,19,7,3,0,0,1,0,0,0,0,4,1,2,2,1,31,6,125,1,6,HONDA ANC,2,E01001219,0,-1
2023010445701,2023,010445701,1,3,0,4,4,1,5,6,6,1,0,0,0,0,2,1,6,6,1,29,6,125,1,8,HONDA ANC,5,E01002237,0,-1
2023010433284,2023,010433284,2,2,0,9,9,3,1,0,0,6,0,0,0,0,3,1,6,6,1,43,7,125,1,6,-1,3,E01002079,0,-1
2023010461829,2023,010461829,1,3,0,99,99,9,9,99,99,9,9,99,9,99,9,1,1,1,1,31,6,125,1,8,HONDA ANC,3,E01003352,0,-1
2023010477562,2023,010477562,2,3,0,4,4,1,5,0,0,1,0,0,0,0,2,1,1,1,2,40,7,125,1,8,HONDA ANC,5,E01002652,0,-1