collision_index,collision_year,collision_ref_no,vehicle_reference,vehicle_type,towing_and_articulation,vehicle_manoeuvre_historic,vehicle_manoeuvre,vehicle_direction_from,vehicle_direction_to,vehicle_location_restricted_lane_historic,vehicle_location_restricted_lane,junction_location,skidding_and_overturning,hit_object_in_carriageway,vehicle_leaving_carriageway,hit_object_off_carriageway,first_point_of_impact,vehicle_left_hand_drive,journey_purpose_of_driver_historic,journey_purpose_of_driver,sex_of_driver,age_of_driver,age_band_of_driver,engine_capacity_cc,propulsion_code,age_of_vehicle,generic_make_model,driver_imd_decile,lsoa_of_driver,escooter_flag,driver_distance_banding
2023131328410,2023,131328410,2,90,0,16,19,3,3,0,0,4,0,0,0,0,1,1,1,1,1,39,7,-1,-1,-1,-1,6,E01004983,0,-1
2023991390166,2023,991390166,2,21,1,18,19,6,2,0,0,0,0,0,1,0,1,1,1,1,1,66,10,12419,2,5,MAN MODEL MISSING,6,-1,0,-1
2023451321920,2023,451321920,2,19,0,18,19,1,5,0,0,0,0,0,0,0,3,1,6,6,1,45,7,-1,-1,-1,MAN MODEL MISSING,-1,-1,0,-1
2023201386998,2023,201386998,1,21,4,18,19,5,1,0,0,0,0,0,0,0,4,1,1,1,1,27,6,12419,2,0,MAN MODEL MISSING,6,E01023155,0,-1
2023122400129,2023,122400129,1,21,1,1,1,7,3,0,0,0,0,0,0,0,2,1,1,1,1,58,9,12419,2,5,MAN MODEL MISSING,1,E01006213,0,-1
2023501282394,2023,501282394,1,21,0,18,19,8,4,0,0,0,0,0,0,0,1,1,1,1,1,57,9,10518,2,7,MAN MODEL MISSING,4,E01018926,0,-1
2023010424325,2023,010424325,1,21,0,4,4,4,8,0,0,0,0,0,0,0,1,1,1,1,1,-1,-1,-1,-1,-1,MAN MODEL MISSING,7,E01002173,0,-1
2023411364656,2023,411364656,1,21,0,5,5,3,7,0,0,3,0,0,0,0,2,1,1,1,1,27,6,15256,2,3,MAN MODEL MISSING,3,E01023793,0,-1
2023351381445,2023,351381445,3,21,1,11,11,5,8,0,0,0,0,1,0,0,1,1,1,1,1,57,9,12419,2,6,MAN MODEL MISSING,2,E01019507,0,-1
2023361323503,2023,361323503,3,21,0,18,19,7,3,0,0,0,0,0,0,0,1,1,1,1,1,48,8,9037,2,3,MAN MODEL MISSING,4,E01026638,0,-1
2023340WN0472,2023,340WN0472,2,21,0,18,19,5,1,0,0,0,1,0,1,9,1,1,1,1,1,48,8,12419,2,4,MAN MODEL MISSING,4,E01032537,0,-1
2023010426148,2023,010426148,1,10,0,9,9,5,3,0,0,6,0,0,0,0,4,1,6,6,1,49,8,-1,-1,-1,-1,3,E01001436,0,-1
2023170S10673,2023,170S10673,1,11,0,18,19,3,7,0,0,0,0,0,0,0,0,1,1,1,2,50,8,6871,2,16,MAN MODEL MISSING,3,E01012181,0,-1
2023221332727,2023,221332727,2,21,0,4,4,7,3,0,0,0,1,0,0,0,1,1,1,1,1,64,9,6871,2,8,MAN MODEL MISSING,9,E01007280,0,-1
2023332300319,2023,332300319,1,21,0,18,19,3,7,0,0,0,0,0,0,0,4,1,1,1,1,49,8,6870,2,15,MAN MODEL MISSING,-1,-1,0,-1
2023070434566,2023,070434566,2,20,1,18,19,3,7,0,0,1,0,0,0,0,1,1,1,1,1,59,9,4580,2,5,MAN MODEL MISSING,8,E01029534,0,-1
2023522301726,2023,522301726,1,21,0,11,11,3,8,0,0,3,0,0,0,0,1,1,6,6,1,48,8,12419,2,5,MAN MODEL MISSING,10,E01014742,0,-1
2023010472467,2023,010472467,1,19,0,9,9,1,7,0,0,2,0,0,0,0,1,1,1,1,1,59,9,1968,2,2,MAN MODEL MISSING,3,E01002612,0,-1
2023440043205,2023,440043205,1,20,0,18,19,1,5,0,0,0,5,0,0,0,1,1,1,1,1,65,9,12419,2,3,MAN MODEL MISSING,10,E01029310,0,-1
2023311371412,2023,311371412,2,21,4,18,19,3,7,0,0,8,0,0,0,0,1,1,1,1,1,30,6,12419,2,1,MAN MODEL MISSING,1,E01015795,0,-1
2023041319852,2023,041319852,1,21,0,18,19,5,1,0,0,1,0,0,0,0,2,1,1,1,1,60,9,10518,2,9,MAN MODEL MISSING,10,E01005052,0,-1
2023440228756,2023,440228756,1,21,0,11,11,2,6,0,0,0,0,0,0,0,4,1,1,1,1,58,9,12419,2,5,MAN MODEL MISSING,2,E01020348,0,-1
2023201387730,2023,201387730,1,21,0,13,13,5,4,0,0,1,0,0,0,0,4,1,6,6,1,62,9,12419,2,3,MAN MODEL MISSING,6,E01020815,0,-1
2023010430880,2023,010430880,1,90,0,12,12,8,4,0,0,1,0,0,0,0,2,1,6,6,1,66,10,6871,2,4,-1,4,E01002603,0,-1
2023421386512,2023,421386512,1,21,1,4,4,3,1,0,0,0,0,0,0,0,2,1,1,1,1,34,6,12419,2,0,MAN MODEL MISSING,3,E01022007,0,-1
2023161353013,2023,161353013,3,21,1,18,19,3,7,0,0,0,0,0,0,0,1,1,1,1,1,71,10,12419,2,5,MAN MODEL MISSING,4,E01029561,0,-1
2023501279437,2023,501279437,1,20,0,4,4,2,6,0,0,0,0,0,0,0,2,1,1,1,1,47,8,4600,2,4,MAN MODEL MISSING,5,E01020339,0,-1
2023991323621,2023,991323621,2,21,0,11,11,1,7,0,0,0,0,0,0,0,1,1,1,1,1,55,8,6871,2,5,MAN MODEL MISSING,4,-1,0,-1
2023461381136,2023,461381136,1,19,0,5,5,1,3,0,0,0,0,0,1,0,-1,1,6,6,1,-1,-1,4580,2,4,MAN MODEL MISSING,3,E01024481,0,-1
2023401292372,2023,401292372,2,21,1,15,15,2,6,0,0,0,0,0,0,0,3,1,1,1,1,49,8,12419,2,3,MAN MODEL MISSING,3,E01023842,0,-1
2023411303532,2023,411303532,1,21,1,18,19,3,7,0,0,0,0,0,0,0,2,1,1,1,1,53,8,12419,2,3,MAN MODEL MISSING,6,E01024363,0,-1
2023351301989,2023,351301989,3,21,1,3,3,1,5,0,0,1,1,0,0,0,1,1,1,1,1,48,8,12419,2,1,MAN MODEL MISSING,7,E01010121,0,-1
2023101390185,2023,101390185,1,21,0,13,13,5,1,0,0,0,0,0,0,0,4,1,1,1,1,-1,-1,12419,2,5,MAN MODEL MISSING,-1,-1,0,-1
2023320546751,2023,320546751,2,21,0,18,19,8,4,0,0,0,5,0,0,0,1,1,1,1,1,52,8,12419,2,2,MAN MODEL MISSING,7,E01026137,0,-1
2023302301323,2023,302301323,1,21,0,17,19,8,4,0,0,0,0,0,7,4,1,1,6,6,1,42,7,12419,2,1,MAN MODEL MISSING,2,E01033400,0,-1
2023471319106,2023,471319106,3,20,0,18,19,7,3,0,0,0,0,0,0,0,0,1,6,6,3,-1,-1,4580,2,0,MAN MODEL MISSING,-1,-1,0,-1
2023522301636,2023,522301636,3,20,0,18,19,5,1,0,0,0,0,0,0,0,1,1,1,1,1,46,8,12419,2,4,MAN MODEL MISSING,7,E01014845,0,-1
2023520001032,2023,520001032,6,20,0,18,19,3,7,0,0,0,0,0,0,0,1,1,6,6,1,36,7,6871,2,5,MAN MODEL MISSING,6,E01014923,0,-1
2023161344426,2023,161344426,1,21,0,17,19,7,5,0,0,3,0,0,0,0,1,1,1,1,1,59,9,6871,2,9,MAN MODEL MISSING,5,E01029229,0,-1
2023131266174,2023,131266174,1,21,0,4,4,1,1,0,0,2,0,0,0,0,2,1,1,1,1,32,6,4580,2,24,MAN MODEL MISSING,8,E01010767,0,-1
2023010451482,2023,010451482,1,21,1,4,4,5,1,0,0,0,0,0,0,0,4,1,1,1,1,50,8,12419,2,0,MAN MODEL MISSING,6,E01021473,0,-1
2023141319548,2023,141319548,2,21,0,11,11,1,5,0,0,0,0,0,0,0,4,1,1,1,1,61,9,12419,2,1,MAN MODEL MISSING,3,E01032896,0,-1
2023421305771,2023,421305771,1,21,0,16,19,6,8,0,0,0,0,0,0,0,0,1,6,6,1,-1,-1,6870,2,16,MAN MODEL MISSING,-1,-1,0,-1
2023451279545,2023,451279545,1,21,0,18,19,5,1,0,0,1,0,0,0,0,1,1,1,1,1,59,9,12419,2,7,MAN MODEL MISSING,6,E01031448,0,-1
2023340WN9122,2023,340WN9122,3,21,0,18,19,8,4,0,0,1,0,0,0,0,1,1,6,6,1,59,9,12419,2,5,MAN MODEL MISSING,6,E01022679,0,-1
2023411273862,2023,411273862,1,21,0,18,19,2,6,0,0,1,0,0,0,0,1,1,1,1,1,33,6,6900,2,3,MAN MODEL MISSING,4,E01023646,0,-1
2023451369070,2023,451369070,2,21,0,18,19,5,1,0,0,0,0,0,0,0,2,1,6,6,1,41,7,12419,2,1,MAN MODEL MISSING,5,E01023327,0,-1
2023520301584,2023,520301584,2,21,1,18,19,5,1,0,0,0,0,0,0,0,1,1,1,1,1,59,9,12419,2,4,MAN MODEL MISSING,7,E01029278,0,-1
2023131265069,2023,131265069,2,21,1,18,19,5,1,0,0,0,0,0,0,0,2,1,1,1,1,30,6,12419,2,3,MAN MODEL MISSING,1,E01010777,0,-1
2023101353699,2023,101353699,1,21,1,18,19,1,5,0,0,2,0,0,0,0,1,1,1,1,1,43,7,12419,2,0,MAN MODEL MISSING,9,E01027367,0,-1
2023361294432,2023,361294432,1,21,0,18,19,6,2,0,0,0,0,0,7,0,1,1,1,1,1,49,8,12419,2,2,MAN MODEL MISSING,2,E01029938,0,-1
2023440107280,2023,440107280,2,21,1,11,11,3,7,0,0,0,0,0,0,0,4,1,6,6,1,-1,-1,15256,2,3,MAN MODEL MISSING,-1,-1,0,-1
2023340NN1942,2023,340NN1942,1,21,0,7,7,3,5,0,0,6,0,0,0,0,3,1,6,6,1,-1,-1,6870,2,17,MAN MODEL MISSING,-1,-1,0,-1
2023411306291,2023,411306291,1,21,1,11,11,5,1,0,0,0,0,0,0,0,3,1,6,6,1,31,6,12419,2,6,MAN MODEL MISSING,3,E01030163,0,-1
2023351301989,2023,351301989,2,21,1,3,3,1,5,0,0,1,1,0,0,0,1,1,1,1,1,44,7,12419,2,5,MAN MODEL MISSING,6,E01030080,0,-1
2023302300499,2023,302300499,1,21,1,18,19,6,1,0,0,0,0,0,0,0,3,1,1,1,1,32,6,12419,2,5,MAN MODEL MISSING,4,E01029611,0,-1
2023010468702,2023,010468702,1,19,0,18,19,7,3,0,0,0,0,0,0,0,1,1,1,1,1,64,9,4600,2,3,MAN MODEL MISSING,4,E01016484,0,-1
2023501331592,2023,501331592,2,21,1,18,19,8,4,0,0,1,0,0,0,0,1,1,1,1,1,64,9,12419,2,1,MAN MODEL MISSING,6,E01020209,0,-1
2023201427637,2023,201427637,2,21,0,3,3,5,1,0,0,0,0,0,0,0,1,1,1,1,1,-1,-1,12419,2,4,MAN MODEL MISSING,-1,-1,0,-1
2023421281978,2023,421281978,1,21,0,18,19,1,5,0,0,0,0,0,0,0,1,1,1,1,1,57,9,4600,2,4,MAN MODEL MISSING,3,E01021423,0,-1
2023421377890,2023,421377890,1,21,0,18,19,5,1,0,0,0,0,0,0,0,1,1,1,1,1,34,6,4580,2,6,MAN MODEL MISSING,4,E01021868,0,-1
2023041334765,2023,041334765,2,21,1,18,19,1,5,0,0,0,0,0,0,0,3,1,1,1,1,63,9,12419,2,1,MAN MODEL MISSING,3,-1,0,-1
2023451306391,2023,451306391,1,21,0,12,12,3,7,0,0,0,0,2,0,0,1,1,5,6,1,64,9,12419,2,3,MAN MODEL MISSING,7,E01024109,0,-1
2023131311107,2023,131311107,1,21,0,9,9,8,4,0,0,8,0,0,0,0,3,1,6,6,3,-1,-1,12419,2,3,MAN MODEL MISSING,-1,-1,0,-1
2023010462058,2023,010462058,1,21,1,18,19,7,3,0,0,0,0,0,0,0,1,1,1,1,1,62,9,12419,2,0,MAN MODEL MISSING,1,E01014110,0,-1
2023201321926,2023,201321926,1,21,0,7,7,2,5,0,0,5,0,0,0,0,4,1,1,1,1,46,8,12419,2,8,MAN MODEL MISSING,2,E01014048,0,-1
2023451313464,2023,451313464,2,98,0,5,5,5,1,0,0,0,0,0,0,0,1,1,1,1,1,50,8,4600,2,3,-1,6,E01032844,0,-1
2023461331683,2023,461331683,1,21,1,11,11,2,6,0,0,0,0,0,0,0,4,1,5,6,1,-1,-1,12419,2,9,MAN MODEL MISSING,-1,-1,0,-1
202360A008172,2023,60A008172,1,21,1,18,19,8,4,0,0,0,3,10,1,4,1,1,1,1,1,43,7,12419,2,2,MAN MODEL MISSING,-1,-1,0,-1
2023101373088,2023,101373088,1,21,0,18,19,1,5,0,0,0,0,0,0,0,1,1,2,2,1,47,8,10518,2,13,MAN MODEL MISSING,4,E01027524,0,-1
2023170S11133,2023,170S11133,1,11,0,4,4,6,2,0,0,0,0,0,0,0,0,1,1,1,1,56,9,6871,2,14,MAN MODEL MISSING,-1,-1,0,-1
2023070497967,2023,070497967,2,21,1,18,19,3,7,0,0,0,1,0,0,0,1,1,1,1,1,29,6,12419,2,7,MAN MODEL MISSING,2,E01018553,0,-1
2023141342850,2023,141342850,1,11,0,18,19,5,1,0,0,0,0,0,0,0,1,1,1,1,1,36,7,6871,2,13,MAN MODEL MISSING,6,E01007725,0,-1
2023031326831,2023,031326831,1,21,1,14,14,7,3,0,0,0,1,0,0,0,1,1,1,1,1,50,8,12419,2,1,MAN MODEL MISSING,8,E01011929,0,-1
2023440491058,2023,440491058,2,21,1,18,19,3,7,0,0,0,0,0,0,0,4,1,1,1,1,28,6,12419,2,12,MAN MODEL MISSING,5,E01032103,0,-1
2023031348456,2023,031348456,1,20,1,5,5,7,3,0,0,0,1,4,1,0,1,1,1,1,1,61,9,-1,-1,-1,MAN MODEL MISSING,3,E01012214,0,-1
2023471315467,2023,471315467,1,20,0,18,19,1,5,0,0,1,0,0,0,0,4,1,1,1,1,58,9,6871,2,0,MAN MODEL MISSING,3,E01000257,0,-1
2023170H10843,2023,170H10843,2,21,1,9,9,3,1,0,0,1,0,0,0,0,3,1,1,1,1,-1,-1,12419,2,4,MAN MODEL MISSING,-1,-1,0,-1
2023031362392,2023,031362392,1,21,1,18,19,4,8,0,0,0,0,4,0,0,1,1,1,1,1,68,10,12419,2,8,MAN MODEL MISSING,1,E01007055,0,-1
2023331294369,2023,331294369,2,21,1,2,2,0,0,0,0,1,0,0,0,0,2,1,1,1,1,30,6,4580,2,3,MAN MODEL MISSING,1,E01010286,0,-1
2023461323424,2023,461323424,2,21,1,18,19,7,3,0,0,1,0,0,0,0,1,1,2,2,1,36,7,12419,2,4,MAN MODEL MISSING,10,E01026507,0,-1
2023070917373,2023,070917373,2,21,1,18,19,8,4,0,0,8,0,0,0,0,1,1,1,1,1,48,8,12419,2,1,MAN MODEL MISSING,6,E01018728,0,-1
2023131302532,2023,131302532,2,21,0,18,19,3,7,0,0,0,0,0,0,0,1,1,1,1,1,57,9,12419,2,2,MAN MODEL MISSING,9,E01028865,0,-1
2023991278362,2023,991278362,2,21,0,18,19,2,5,0,0,0,0,0,0,0,1,1,1,1,1,61,9,12419,2,2,MAN MODEL MISSING,-1,-1,0,-1
2023332301230,2023,332301230,2,21,0,18,19,4,8,0,0,0,0,0,0,0,3,1,1,1,1,58,9,6871,2,3,MAN MODEL MISSING,5,E01025858,0,-1
2023010446161,2023,010446161,2,98,1,99,99,9,9,99,99,0,9,99,9,99,1,9,6,6,3,-1,-1,4580,2,1,-1,7,E01023902,0,-1
2023141264618,2023,141264618,1,21,0,18,19,1,5,0,0,0,0,0,0,0,1,1,1,1,1,36,7,12419,2,7,MAN MODEL MISSING,2,E01011926,0,-1
202360A078212,2023,60A078212,2,21,0,18,19,6,2,0,0,1,0,0,0,0,1,1,1,1,1,45,7,10518,2,11,MAN MODEL MISSING,-1,-1,0,-1
2023010482535,2023,010482535,5,21,0,18,19,1,5,0,0,0,0,0,0,0,2,1,1,1,1,41,7,12419,2,2,MAN MODEL MISSING,6,E01002200,0,-1
2023211357493,2023,211357493,2,21,4,12,12,4,8,0,0,0,0,0,0,0,3,1,1,1,1,59,9,12419,2,2,MAN MODEL MISSING,4,E01026060,0,-1
2023991278976,2023,991278976,1,21,1,18,19,8,4,0,0,8,0,0,0,0,3,1,1,1,1,76,11,12419,2,4,MAN MODEL MISSING,5,-1,0,-1
2023451272287,2023,451272287,2,21,1,18,19,8,4,0,0,0,0,0,0,0,1,1,6,6,1,34,6,12419,2,8,MAN MODEL MISSING,10,E01014937,0,-1
2023101367393,2023,101367393,2,21,0,18,19,1,5,0,0,1,0,0,1,0,1,1,1,1,1,56,9,4600,2,4,MAN MODEL MISSING,1,E01008730,0,-1
2023421379464,2023,421379464,1,21,1,11,11,5,5,0,0,0,0,0,0,0,3,1,1,1,1,53,8,12419,2,0,MAN MODEL MISSING,9,E01001606,0,-1
2023010442687,2023,010442687,1,21,1,18,19,7,3,0,0,0,0,4,1,11,1,1,6,6,1,41,7,15256,2,4,MAN MODEL MISSING,7,E01031213,0,-1
2023320461454,2023,320461454,2,21,0,18,19,5,1,0,0,0,0,0,0,0,2,1,1,1,1,34,6,12419,2,2,MAN MODEL MISSING,9,E01024213,0,-1
2023411271590,2023,411271590,1,21,1,18,19,5,1,0,0,0,0,11,4,0,1,1,1,1,1,72,10,12419,2,2,MAN MODEL MISSING,2,E01006953,0,-1
2023010451436,2023,010451436,2,21,9,99,99,9,9,99,99,9,9,99,9,99,9,9,6,6,1,49,8,12419,2,8,MAN MODEL MISSING,5,E01000592,0,-1
2023141322104,2023,141322104,1,21,0,12,12,8,4,0,0,0,0,0,0,0,1,1,1,1,1,41,7,12419,2,6,MAN MODEL MISSING,1,E01007534,0,-1
2023622300251,2023,622300251,3,21,0,18,19,8,4,0,0,0,0,0,0,0,3,1,1,1,1,41,7,12419,2,6,MAN MODEL MISSING,7,E01031926,0,-1
2023351354461,2023,351354461,1,21,1,4,4,6,2,0,0,0,0,0,0,0,2,1,1,1,1,65,9,12419,2,5,MAN MODEL MISSING,7,E01015627,0,-1
2023101302940,2023,101302940,2,21,1,18,19,5,1,0,0,1,0,0,0,0,3,1,1,1,1,48,8,10518,2,10,MAN MODEL MISSING,9,E01012568,0,-1
2023141345567,2023,141345567,1,21,1,3,3,1,5,0,0,6,0,0,0,0,1,1,1,1,2,39,7,12419,2,9,MAN MODEL MISSING,3,E01008032,0,-1
2023201380507,2023,201380507,1,21,1,11,11,8,4,0,0,0,0,0,0,0,4,1,1,1,1,25,5,12419,2,4,MAN MODEL MISSING,2,E01029359,0,-1
2023052300328,2023,052300328,2,21,1,18,19,1,5,0,0,0,0,0,0,0,2,1,1,1,1,42,7,12419,2,2,MAN MODEL MISSING,1,E01006548,0,-1
2023421294295,2023,421294295,3,21,1,10,10,5,5,0,0,8,0,0,0,0,1,1,1,1,1,34,6,12419,2,1,MAN MODEL MISSING,4,E01021984,0,-1
2023221284369,2023,221284369,1,21,0,18,19,3,7,0,0,0,0,0,0,0,4,1,1,1,1,39,7,4580,2,2,MAN MODEL MISSING,2,E01007942,0,-1
2023101299136,2023,101299136,2,20,0,18,19,6,2,0,0,0,0,0,0,0,3,1,6,6,1,55,8,4580,2,1,MAN MODEL MISSING,7,E01020654,0,-1
2023010466297,2023,010466297,1,20,0,18,19,5,1,0,0,1,0,0,0,0,1,1,1,1,1,33,6,4580,2,8,MAN MODEL MISSING,2,E01003190,0,-1
2023041300244,2023,041300244,2,98,0,16,19,5,1,0,0,0,0,0,0,0,1,1,5,6,1,57,9,4580,2,24,-1,10,E01024974,0,-1
2023010474294,2023,010474294,1,20,0,18,19,5,1,0,0,1,0,0,0,0,1,1,1,1,1,50,8,6871,2,3,MAN MODEL MISSING,3,E01016014,0,-1
2023161294526,2023,161294526,2,11,0,18,19,5,1,0,0,0,0,0,0,0,0,1,1,1,1,53,8,6871,2,13,MAN MODEL MISSING,1,E01012880,0,-1
2023991284621,2023,991284621,4,21,1,18,19,1,5,0,0,0,0,0,0,0,1,1,1,1,1,52,8,12419,2,3,MAN MODEL MISSING,8,-1,0,-1
2023201306610,2023,201306610,1,21,0,5,5,5,1,0,0,1,0,0,0,0,1,1,1,1,1,37,7,6871,2,8,MAN MODEL MISSING,3,E01009995,0,-1
2023010454970,2023,010454970,1,21,0,6,6,3,3,0,0,1,0,0,0,0,1,1,1,1,1,40,7,4600,2,3,MAN MODEL MISSING,7,E01030466,0,-1
2023131379639,2023,131379639,1,21,0,11,11,3,7,0,0,0,0,0,0,0,4,1,1,1,1,53,8,12419,2,1,MAN MODEL MISSING,8,E01011050,0,-1
2023122400120,2023,122400120,1,21,1,2,2,0,0,0,0,2,0,0,0,0,3,1,1,1,1,35,6,12419,2,9,MAN MODEL MISSING,8,E01012009,0,-1
2023991303617,2023,991303617,1,21,1,18,19,2,5,0,0,0,3,0,0,0,3,1,1,1,1,51,8,12419,2,8,MAN MODEL MISSING,5,-1,0,-1
2023221368482,2023,221368482,1,21,0,3,3,2,6,0,0,1,0,0,0,0,2,1,1,1,1,41,7,12419,2,4,MAN MODEL MISSING,4,E01032381,0,-1
2023101330704,2023,101330704,1,21,0,18,19,8,5,0,0,0,0,0,0,0,1,1,1,1,2,40,7,12419,2,1,MAN MODEL MISSING,4,E01033077,0,-1
2023411303532,2023,411303532,2,21,1,18,19,3,7,0,0,0,0,0,0,0,1,1,1,1,1,44,7,12419,2,2,MAN MODEL MISSING,5,E01024281,0,-1
2023361315455,2023,361315455,2,21,4,2,2,1,5,0,0,0,0,0,0,0,2,1,1,1,1,33,6,12419,2,5,MAN MODEL MISSING,4,E01016011,0,-1
2023440143855,2023,440143855,2,21,1,2,2,0,0,0,0,2,0,0,0,0,2,1,6,6,1,53,8,12419,2,2,MAN MODEL MISSING,-1,-1,0,-1
2023201411413,2023,201411413,2,20,0,9,9,2,1,0,0,6,0,0,0,0,1,1,6,6,1,62,9,-1,-1,-1,MAN MODEL MISSING,4,E01009970,0,-1
2023351364614,2023,351364614,1,21,0,18,19,3,7,0,0,0,0,0,0,0,1,1,1,1,1,38,7,12419,2,1,MAN MODEL MISSING,4,E01021374,0,-1
2023031333127,2023,031333127,2,20,0,18,19,3,7,0,0,8,0,0,0,0,1,1,1,1,1,55,8,4600,2,3,MAN MODEL MISSING,5,E01019325,0,-1
2023991343191,2023,991343191,2,21,0,4,4,6,2,0,0,2,0,0,0,0,1,1,1,1,1,39,7,-1,2,9,MAN MODEL MISSING,-1,-1,0,-1
2023340WN6382,2023,340WN6382,2,21,0,18,19,8,4,0,0,0,2,0,0,7,2,1,1,1,1,38,7,12419,2,6,MAN MODEL MISSING,2,E01028275,0,-1
2023461328876,2023,461328876,1,21,1,17,19,5,1,0,0,8,0,0,0,0,1,1,6,6,1,36,7,12419,2,3,MAN MODEL MISSING,7,E01032380,0,-1
2023421329333,2023,421329333,1,21,1,18,19,6,1,0,0,1,0,0,0,0,1,1,6,6,1,-1,-1,12419,2,4,MAN MODEL MISSING,-1,-1,0,-1
2023991326830,2023,991326830,1,20,0,7,7,3,7,0,0,3,0,0,0,0,4,1,1,1,1,49,8,10518,2,8,MAN MODEL MISSING,3,-1,0,-1
2023302301491,2023,302301491,3,21,1,18,19,8,4,0,0,0,0,0,0,0,3,1,1,1,1,51,8,12419,2,0,MAN MODEL MISSING,3,E01033388,0,-1
2023991300401,2023,991300401,3,20,0,18,19,7,4,0,0,0,0,0,0,0,4,1,1,1,1,36,7,-1,-1,-1,MAN MODEL MISSING,9,-1,0,-1
2023071083135,2023,071083135,1,21,1,11,11,3,7,0,0,0,0,0,0,0,4,1,1,1,1,-1,-1,12419,2,8,MAN MODEL MISSING,-1,-1,0,-1
2023071048366,2023,071048366,6,20,0,4,4,3,7,0,0,0,0,0,0,0,2,1,1,1,1,25,5,9037,2,0,MAN MODEL MISSING,-1,-1,0,-1
2023430380997,2023,430380997,1,21,0,9,9,7,5,0,0,8,5,0,0,1,4,1,1,1,1,43,7,-1,-1,-1,MAN MODEL MISSING,10,E01017677,0,-1
2023340WN1142,2023,340WN1142,2,21,0,3,3,1,5,0,0,0,0,0,0,0,2,1,1,1,1,48,8,4580,2,10,MAN MODEL MISSING,7,E01027076,0,-1
2023161353840,2023,161353840,1,21,0,18,19,8,4,0,0,0,5,0,1,0,4,1,1,1,1,26,6,12419,2,9,MAN MODEL MISSING,5,E01026052,0,-1
2023131344708,2023,131344708,3,20,0,2,2,0,0,0,0,0,0,0,0,0,0,1,1,1,1,33,6,6871,2,6,MAN MODEL MISSING,5,E01011788,0,-1
2023302301513,2023,302301513,2,11,0,4,4,7,3,0,0,2,0,0,0,0,1,1,1,1,1,58,9,6871,2,15,MAN MODEL MISSING,-1,-1,0,-1
2023451284388,2023,451284388,2,19,0,18,19,7,3,0,0,0,0,0,0,0,1,1,1,1,1,30,6,4600,2,4,MAN MODEL MISSING,10,E01030522,0,-1
2023430520949,2023,430520949,2,21,1,18,19,4,8,0,0,0,0,0,0,0,2,1,1,1,1,38,7,12419,2,3,MAN MODEL MISSING,8,E01016610,0,-1
2023031345546,2023,031345546,1,21,1,15,15,3,7,0,0,0,0,0,0,0,4,1,1,1,1,41,7,12419,2,6,MAN MODEL MISSING,-1,-1,0,-1
2023201305572,2023,201305572,1,21,0,11,11,-1,-1,0,0,0,0,0,0,0,1,1,1,1,1,-1,-1,15256,2,5,MAN MODEL MISSING,-1,-1,0,-1
2023991290248,2023,991290248,15,21,1,18,19,1,5,0,0,1,1,0,0,0,2,1,6,6,1,39,7,12419,2,4,MAN MODEL MISSING,1,-1,0,-1
2023631376426,2023,631376426,2,21,0,4,4,7,3,0,0,8,0,0,0,0,3,1,2,2,1,30,6,12419,2,1,MAN MODEL MISSING,5,W01000643,0,-1
2023010442815,2023,010442815,2,19,9,99,99,9,9,99,99,0,9,99,9,99,9,9,6,6,3,-1,-1,4580,2,2,MAN MODEL MISSING,-1,-1,0,-1
2023440208610,2023,440208610,1,21,0,12,12,6,2,0,0,0,0,0,0,0,2,1,1,1,1,32,6,12419,2,6,MAN MODEL MISSING,5,E01024776,0,-1
2023501342333,2023,501342333,2,21,1,13,13,2,6,0,0,0,0,0,0,0,2,1,1,1,1,62,9,6871,2,10,MAN MODEL MISSING,1,E01015155,0,-1
2023061377270,2023,061377270,2,21,0,18,19,6,2,0,0,1,0,0,0,0,4,1,1,1,1,42,7,12419,2,1,MAN MODEL MISSING,-1,-1,0,-1
2023501304182,2023,501304182,1,19,0,5,5,5,3,0,0,0,0,0,0,0,1,1,6,6,1,51,8,4600,2,4,MAN MODEL MISSING,9,E01019906,0,-1
2023991389057,2023,991389057,2,21,1,18,19,4,8,0,0,0,0,0,0,0,1,1,1,1,1,62,9,12419,2,1,MAN MODEL MISSING,1,E01008712,0,-1
2023010451772,2023,010451772,2,21,1,99,99,9,9,0,0,4,0,0,0,0,4,1,6,6,1,55,8,12419,2,5,MAN MODEL MISSING,3,E01001154,0,-1