collision_index,collision_year,collision_ref_no,vehicle_reference,vehicle_type,towing_and_articulation,vehicle_manoeuvre_historic,vehicle_manoeuvre,vehicle_direction_from,vehicle_direction_to,vehicle_location_restricted_lane_historic,vehicle_location_restricted_lane,junction_location,skidding_and_overturning,hit_object_in_carriageway,vehicle_leaving_carriageway,hit_object_off_carriageway,first_point_of_impact,vehicle_left_hand_drive,journey_purpose_of_driver_historic,journey_purpose_of_driver,sex_of_driver,age_of_driver,age_band_of_driver,engine_capacity_cc,propulsion_code,age_of_vehicle,generic_make_model,driver_imd_decile,lsoa_of_driver,escooter_flag,driver_distance_banding
2023421394961,2023,421394961,1,21,1,18,19,3,7,0,0,0,0,0,0,0,1,1,1,1,3,-1,-1,12419,2,8,MAN MODEL MISSING,-1,-1,0,-1
2023471340361,2023,471340361,1,20,0,18,19,3,7,0,0,0,0,0,0,0,3,1,6,6,1,56,9,4580,2,1,MAN MODEL MISSING,6,E01032462,0,-1
2023302300733,2023,302300733,1,21,1,18,19,8,3,0,0,0,0,0,0,0,4,1,1,1,2,51,8,12419,2,1,MAN MODEL MISSING,4,E01006242,0,-1
2023501339151,2023,501339151,1,21,1,11,11,2,7,0,0,0,0,0,0,0,4,1,1,1,1,40,7,12419,2,1,MAN MODEL MISSING,-1,-1,0,-1
2023332300893,2023,332300893,2,21,0,18,19,4,8,0,0,0,0,0,0,0,2,1,1,1,1,68,10,12419,2,4,MAN MODEL MISSING,-1,-1,0,-1
2023332301125,2023,332301125,7,21,0,18,19,1,5,0,0,0,0,0,0,0,1,1,1,1,1,41,7,12419,2,6,MAN MODEL MISSING,6,E01013495,0,-1
2023071027603,2023,071027603,2,20,0,18,19,7,3,0,0,0,0,0,0,0,1,1,1,1,1,43,7,6871,2,10,MAN MODEL MISSING,5,E01012542,0,-1
2023122301137,2023,122301137,2,21,1,18,19,4,8,0,0,3,0,0,0,0,3,1,1,1,1,50,8,12419,2,3,MAN MODEL MISSING,10,E01013337,0,-1
2023411428275,2023,411428275,2,21,1,18,19,5,1,0,0,0,0,4,0,0,1,1,1,1,1,56,9,12419,2,1,MAN MODEL MISSING,3,E01015738,0,-1
2023311344893,2023,311344893,2,21,4,3,3,3,1,0,0,0,0,0,0,0,2,1,1,1,1,56,9,12419,2,1,MAN MODEL MISSING,3,E01028297,0,-1
2023170M21833,2023,170M21833,1,11,0,18,19,1,5,0,0,0,0,0,0,0,0,1,1,1,1,-1,-1,6871,2,14,MAN MODEL MISSING,-1,-1,0,-1
2023061359039,2023,061359039,2,21,1,18,19,5,1,0,0,0,0,0,0,0,4,1,1,1,1,53,8,12419,2,2,MAN MODEL MISSING,2,E01025075,0,-1
2023221325775,2023,221325775,4,20,0,18,19,1,5,0,0,0,0,0,7,10,1,1,1,1,1,69,10,4580,2,6,MAN MODEL MISSING,1,E01010238,0,-1
2023131308491,2023,131308491,1,20,0,7,7,7,3,0,0,1,0,0,0,0,4,1,1,1,1,58,9,-1,-1,-1,MAN MODEL MISSING,6,E01007404,0,-1
2023010465183,2023,010465183,2,21,9,99,99,9,9,0,0,0,9,99,9,99,9,9,1,1,1,41,7,12419,2,1,MAN MODEL MISSING,5,E01014836,0,-1
2023302301883,2023,302301883,2,21,0,12,12,2,6,0,0,0,0,0,0,0,4,1,1,1,1,57,9,10518,2,7,MAN MODEL MISSING,3,E01007141,0,-1
2023010454426,2023,010454426,1,21,0,18,19,7,3,0,0,0,0,0,0,0,1,1,1,1,1,73,10,4580,2,2,MAN MODEL MISSING,1,E01015932,0,-1
2023548806923,2023,548806923,3,21,1,18,19,7,3,0,0,0,0,0,0,0,3,1,1,1,1,51,8,12419,2,6,MAN MODEL MISSING,4,E01003482,0,-1
2023411289802,2023,411289802,1,21,1,11,11,3,7,0,0,0,0,0,0,0,4,1,1,1,1,36,7,15256,2,1,MAN MODEL MISSING,10,E01018656,0,-1
2023461367509,2023,461367509,3,20,4,2,2,0,0,6,6,0,0,0,0,0,3,1,1,1,1,29,6,-1,-1,-1,MAN MODEL MISSING,9,E01000396,0,-1
2023991280004,2023,991280004,1,21,1,11,11,8,4,0,0,0,0,0,0,0,4,1,1,1,1,49,8,12419,2,6,MAN MODEL MISSING,2,-1,0,-1
2023101378894,2023,101378894,2,11,0,18,19,4,8,0,0,8,0,0,0,0,1,1,1,1,1,32,6,6871,2,13,MAN MODEL MISSING,3,E01008375,0,-1
2023010457393,2023,010457393,1,19,0,3,3,7,3,0,0,1,0,0,0,0,2,1,1,1,1,41,7,4600,2,3,MAN MODEL MISSING,4,E01003907,0,-1
2023231342254,2023,231342254,2,21,1,17,19,6,2,0,0,0,0,0,0,0,1,1,1,1,1,57,9,12419,2,3,MAN MODEL MISSING,-1,-1,0,-1
2023501349529,2023,501349529,4,21,1,18,19,7,3,0,0,0,0,0,0,0,1,1,1,1,1,31,6,12419,2,2,MAN MODEL MISSING,2,E01020039,0,-1
2023052301818,2023,052301818,1,11,0,18,19,5,1,0,0,0,0,0,0,0,1,1,1,1,1,32,6,6871,2,14,MAN MODEL MISSING,7,E01025499,0,-1
2023552300378,2023,552300378,2,21,0,18,19,2,6,0,0,8,0,0,0,0,2,1,1,1,1,77,11,10518,2,10,MAN MODEL MISSING,10,E01020418,0,-1
2023161354986,2023,161354986,2,11,0,18,19,1,5,3,2,0,0,0,0,0,1,1,6,6,3,-1,-1,6871,2,13,MAN MODEL MISSING,-1,-1,0,-1
2023501293010,2023,501293010,1,11,0,18,19,7,1,3,2,0,0,0,0,0,4,1,1,1,1,58,9,12816,5,10,MAN MODEL MISSING,1,E01015078,0,-1
2023221343350,2023,221343350,2,21,1,18,19,3,7,0,0,8,0,0,0,0,3,1,1,1,1,38,7,12419,2,4,MAN MODEL MISSING,4,E01012816,0,-1
2023131351715,2023,131351715,1,21,0,11,11,3,7,0,0,8,0,0,0,0,4,1,1,1,1,36,7,12419,2,3,MAN MODEL MISSING,1,E01005733,0,-1
2023041297516,2023,041297516,2,21,1,18,19,5,1,0,0,0,0,0,0,0,2,1,1,1,1,35,6,12419,2,4,MAN MODEL MISSING,7,E01025203,0,-1
2023010458219,2023,010458219,2,21,9,99,99,9,9,99,99,9,9,99,9,99,9,9,6,6,3,-1,-1,10518,2,10,MAN MODEL MISSING,-1,-1,0,-1
2023170S11483,2023,170S11483,1,21,1,18,19,6,2,0,0,0,0,0,0,0,3,1,1,1,1,62,9,12419,2,1,MAN MODEL MISSING,3,E01008288,0,-1
2023411377901,2023,411377901,1,21,4,18,19,-1,-1,0,0,0,0,0,0,0,1,1,6,6,3,-1,-1,12419,2,5,MAN MODEL MISSING,6,E01023807,0,-1
2023101398348,2023,101398348,2,11,0,9,9,4,2,0,0,0,0,0,0,0,3,1,1,1,1,61,9,6871,2,14,MAN MODEL MISSING,2,E01008460,0,-1
2023071052813,2023,071052813,1,21,1,18,19,3,7,0,0,0,0,0,0,0,4,1,1,1,1,58,9,12419,2,3,MAN MODEL MISSING,5,E01005520,0,-1
2023101374895,2023,101374895,1,11,0,4,4,5,1,0,0,0,0,0,0,0,0,1,1,1,1,49,8,6871,2,14,MAN MODEL MISSING,3,E01008258,0,-1
2023231298279,2023,231298279,2,21,1,7,7,8,1,0,0,5,0,0,0,0,0,1,1,1,1,61,9,12419,2,3,MAN MODEL MISSING,8,E01025692,0,-1
2023041365956,2023,041365956,1,21,0,18,19,7,3,0,0,0,0,0,0,0,1,2,1,1,1,40,7,9037,2,0,MAN MODEL MISSING,5,E01025050,0,-1
2023501328189,2023,501328189,1,21,1,18,19,2,6,0,0,0,2,0,0,0,1,1,1,1,1,49,8,9037,2,1,MAN MODEL MISSING,7,E01032892,0,-1
2023070077231,2023,070077231,1,21,1,18,19,5,1,0,0,8,1,0,4,6,1,1,1,1,1,32,6,12419,2,1,MAN MODEL MISSING,-1,-1,0,-1
2023010443701,2023,010443701,2,20,0,99,99,9,9,99,99,9,9,99,9,99,1,9,6,6,1,58,9,10518,2,4,MAN MODEL MISSING,9,E01002259,0,-1
2023440384466,2023,440384466,2,21,1,18,19,6,2,0,0,0,0,0,0,0,3,1,1,1,1,56,9,12419,2,2,MAN MODEL MISSING,10,E01017650,0,-1
2023430094346,2023,430094346,2,20,0,18,19,8,4,0,0,8,0,0,0,0,4,1,1,1,1,62,9,10518,2,14,MAN MODEL MISSING,6,E01032383,0,-1
2023231411829,2023,231411829,2,21,1,5,5,2,6,0,0,4,0,0,0,0,1,1,1,1,1,28,6,12419,2,4,MAN MODEL MISSING,5,E01013308,0,-1
2023411342184,2023,411342184,1,21,0,5,5,2,6,0,0,0,0,0,0,0,1,1,6,6,1,60,9,12419,2,2,MAN MODEL MISSING,5,E01013587,0,-1
2023061339952,2023,061339952,1,21,0,18,19,2,7,0,0,0,0,0,0,0,1,1,1,1,1,48,8,12419,2,6,MAN MODEL MISSING,2,E01012621,0,-1
2023010436140,2023,010436140,1,21,1,18,19,7,3,0,0,0,0,0,0,0,3,1,1,1,1,51,8,12419,2,6,MAN MODEL MISSING,4,E01029119,0,-1
2023031304163,2023,031304163,2,21,1,17,19,5,1,0,0,0,0,0,0,0,2,1,1,1,1,56,9,12419,2,2,MAN MODEL MISSING,1,-1,0,-1
2023430024312,2023,430024312,1,20,0,1,1,1,5,6,6,0,0,0,0,0,2,1,1,1,1,41,7,12800,2,19,MAN MODEL MISSING,2,E01015537,0,-1
2023070000398,2023,070000398,2,21,0,16,19,6,2,0,0,0,0,0,0,0,1,1,1,1,1,40,7,4580,2,4,MAN MODEL MISSING,1,E01006023,0,-1
2023461315952,2023,461315952,1,21,1,9,9,4,2,0,0,0,5,0,7,0,3,1,6,6,1,60,9,12419,2,2,MAN MODEL MISSING,4,E01024395,0,-1
2023061337730,2023,061337730,1,98,0,18,19,5,1,0,0,0,0,0,0,0,1,1,1,1,1,28,6,4580,2,2,-1,9,E01004971,0,-1
2023070089701,2023,070089701,3,21,1,5,5,2,4,0,0,2,0,0,0,0,2,1,1,1,1,23,5,12419,2,3,MAN MODEL MISSING,1,E01006361,0,-1
2023061272724,2023,061272724,1,98,0,18,19,1,5,0,0,0,0,0,0,0,1,1,1,1,3,30,6,4600,2,4,-1,9,E01015501,0,-1
2023170M11323,2023,170M11323,2,11,0,18,19,2,6,0,0,8,0,0,0,0,3,1,1,1,1,60,9,6871,2,14,MAN MODEL MISSING,-1,-1,0,-1
2023411310956,2023,411310956,1,21,1,11,11,-1,-1,0,0,0,0,0,0,0,4,1,1,1,1,70,10,12419,2,4,MAN MODEL MISSING,2,E01000079,0,-1
2023122300739,2023,122300739,2,21,4,2,2,0,0,6,6,0,0,0,0,0,2,1,1,1,1,48,8,12419,2,8,MAN MODEL MISSING,3,E01027385,0,-1
2023311305848,2023,311305848,1,21,1,18,19,4,8,0,0,3,0,0,0,0,4,1,6,6,3,-1,-1,12419,2,8,MAN MODEL MISSING,-1,-1,0,-1
2023371291244,2023,371291244,2,21,0,18,19,5,6,0,0,1,0,0,0,0,1,1,1,1,1,61,9,4580,2,2,MAN MODEL MISSING,9,E01021692,0,-1
2023520301008,2023,520301008,4,9,0,18,19,1,5,0,0,8,0,0,0,0,1,1,6,6,1,26,6,1598,1,10,-1,6,E01029077,0,-1
2023501312187,2023,501312187,2,9,0,18,19,8,4,0,0,8,0,0,0,0,1,1,5,6,2,62,9,1995,2,8,-1,7,E01019935,0,-1
2023361300611,2023,361300611,3,9,0,18,19,4,8,0,0,0,0,0,0,0,1,1,1,1,1,46,8,1598,1,11,-1,10,E01026543,0,-1
2023461382125,2023,461382125,1,9,0,18,19,2,5,0,0,0,5,7,0,0,1,1,5,6,2,40,7,1598,1,10,-1,1,E01024597,0,-1
2023010437486,2023,010437486,2,9,0,18,19,1,5,0,0,0,0,0,0,0,2,1,2,2,2,33,6,1598,1,10,-1,5,E01001652,0,-1
2023161273472,2023,161273472,1,9,0,3,3,6,2,0,0,4,0,0,0,0,2,1,2,2,2,34,6,1598,1,8,-1,2,E01013331,0,-1
2023201305654,2023,201305654,1,9,0,18,19,6,2,0,0,0,0,0,0,0,1,1,6,6,2,33,6,1598,1,10,-1,6,E01029398,0,-1
2023430275163,2023,430275163,1,9,0,18,19,1,5,0,0,1,0,0,0,0,1,1,6,6,2,57,9,1598,1,9,-1,3,E01016442,0,-1
2023401313837,2023,401313837,2,9,0,5,5,1,5,0,0,1,0,0,0,0,1,1,5,6,1,76,11,1598,1,10,-1,5,E01017525,0,-1
2023610038823,2023,610038823,1,9,0,18,19,2,6,0,0,0,0,11,0,0,4,1,6,6,2,28,6,1870,2,20,-1,2,W01001436,0,-1
2023161332414,2023,161332414,1,4,0,13,13,7,3,0,0,1,0,0,0,0,1,1,6,6,1,82,11,411,1,1,-1,8,E01027875,0,-1
2023430146538,2023,430146538,1,4,0,9,9,1,7,0,0,2,0,0,1,5,3,1,6,6,1,75,10,411,1,1,-1,9,E01028492,0,-1
2023430140675,2023,430140675,1,4,0,16,19,1,4,0,0,3,0,0,2,1,4,1,6,6,1,46,8,411,1,1,-1,8,E01016815,0,-1
2023471355324,2023,471355324,2,3,0,16,19,5,8,0,0,0,1,0,0,0,1,1,6,6,1,18,4,124,1,23,-1,6,E01021128,0,-1
2023547911523,2023,547911523,1,3,0,18,19,2,6,0,0,2,0,10,0,0,4,1,2,2,1,31,6,124,1,12,-1,1,E01015546,0,-1
2023122300498,2023,122300498,2,3,0,18,19,4,1,0,0,1,0,0,0,0,0,1,6,6,1,26,6,124,1,22,-1,3,E01027612,0,-1
2023501283529,2023,501283529,1,3,0,4,4,5,1,0,0,0,1,0,0,0,0,1,6,6,1,28,6,124,1,13,-1,1,E01015048,0,-1
2023111302649,2023,111302649,1,3,0,17,19,5,3,0,0,0,0,0,1,0,3,1,5,6,1,19,4,124,1,13,-1,1,E01020907,0,-1
2023421303086,2023,421303086,1,3,0,14,14,1,5,0,0,0,1,0,0,0,1,1,5,6,1,25,5,124,1,13,-1,6,E01021875,0,-1
2023201283423,2023,201283423,1,4,0,9,9,7,4,0,0,3,0,0,0,0,4,1,1,1,1,58,9,124,1,12,-1,8,E01009785,0,-1
2023340NN4012,2023,340NN4012,1,5,0,18,19,3,7,0,0,4,0,0,0,0,1,1,6,6,1,47,8,599,1,15,-1,10,E01027116,0,-1
2023622300500,2023,622300500,1,5,0,7,7,5,7,0,0,1,0,0,0,0,1,1,2,2,1,33,6,600,1,17,-1,1,W01000812,0,-1
2023991305977,2023,991305977,1,5,0,18,19,7,3,0,0,1,2,0,0,0,1,1,2,2,1,32,6,599,1,17,-1,4,-1,0,-1
2023052301386,2023,052301386,2,5,0,18,19,5,1,0,0,1,0,0,0,0,1,1,2,2,1,33,6,599,1,16,-1,1,E01006567,0,-1
2023461307652,2023,461307652,1,5,0,18,19,2,6,0,0,8,0,0,0,0,1,1,6,6,1,38,7,599,1,15,-1,6,E01024250,0,-1
2023041340458,2023,041340458,1,5,0,17,19,3,7,0,0,0,0,0,0,0,1,1,5,6,1,24,5,599,1,16,-1,3,E01012662,0,-1
2023070259506,2023,070259506,2,5,0,16,19,6,1,0,0,0,1,0,0,0,1,1,6,6,1,43,7,599,1,15,-1,-1,-1,0,-1
2023622300706,2023,622300706,2,5,0,5,5,4,8,0,0,4,0,0,0,0,2,1,2,2,1,49,8,599,1,15,-1,4,E01027935,0,-1
2023311361346,2023,311361346,1,9,0,2,2,8,4,0,0,2,0,0,0,0,3,1,6,6,3,-1,-1,2393,1,10,-1,-1,-1,0,-1
2023451361608,2023,451361608,2,9,0,5,5,4,8,0,0,3,0,0,0,0,2,1,6,6,2,30,6,1330,1,25,TOYOTA STARLET,5,E01030980,0,-1
2023351432973,2023,351432973,1,9,0,18,19,7,3,0,0,1,0,0,0,0,1,1,6,6,1,21,5,1332,1,25,TOYOTA STARLET,10,E01018176,0,-1
2023991366054,2023,991366054,1,9,0,5,5,3,7,0,0,6,0,0,0,0,4,1,6,6,2,57,9,1332,1,26,TOYOTA STARLET,2,-1,0,-1
2023440389211,2023,440389211,1,9,0,18,19,8,4,0,0,0,5,0,7,0,1,1,6,6,1,18,4,1332,1,25,TOYOTA STARLET,7,E01023179,0,-1
2023052300213,2023,052300213,1,9,0,4,4,3,7,0,0,1,0,0,0,0,2,1,1,1,1,23,5,1332,1,25,TOYOTA STARLET,7,E01006940,0,-1
2023361322261,2023,361322261,1,9,0,3,3,7,3,0,0,0,0,4,0,0,1,1,5,6,1,79,11,1332,1,25,TOYOTA STARLET,9,E01026931,0,-1
2023451354816,2023,451354816,1,9,0,18,19,5,1,0,0,0,1,0,0,0,0,1,5,6,2,33,6,1332,1,26,TOYOTA STARLET,9,E01030612,0,-1
2023302301807,2023,302301807,2,9,0,17,19,4,8,0,0,0,0,0,0,0,1,1,6,6,2,80,11,1450,2,29,TOYOTA STARLET,-1,-1,0,-1
2023161377452,2023,161377452,1,9,0,9,9,5,2,0,0,8,0,0,0,0,1,1,5,6,2,32,6,1300,1,29,TOYOTA STARLET,3,E01013099,0,-1
2023371358387,2023,371358387,1,9,0,18,19,3,7,0,0,0,0,0,0,0,1,1,6,6,1,33,6,1332,1,24,TOYOTA STARLET,5,E01030210,0,-1
2023311289649,2023,311289649,2,9,0,9,9,3,6,0,0,0,0,0,0,0,1,1,1,1,2,46,8,1332,1,26,TOYOTA STARLET,-1,-1,0,-1
2023461394173,2023,461394173,1,9,0,18,19,7,3,0,0,0,0,0,0,0,1,1,6,6,3,-1,-1,1332,1,26,TOYOTA STARLET,-1,-1,0,-1
2023501378746,2023,501378746,2,9,0,18,19,7,3,0,0,0,0,0,0,0,1,1,6,6,1,19,4,1332,1,26,TOYOTA STARLET,2,E01018984,0,-1
2023010463559,2023,010463559,1,9,0,18,19,3,7,0,0,5,0,0,0,0,1,1,6,6,2,45,7,1332,1,26,TOYOTA STARLET,5,E01001168,0,-1
2023522400497,2023,522400497,1,9,0,9,9,6,4,0,0,6,0,0,0,0,1,1,6,6,1,55,8,1332,1,27,TOYOTA STARLET,1,E01014574,0,-1
2023401324411,2023,401324411,1,9,0,18,19,1,5,0,0,0,0,0,0,0,1,1,1,1,1,25,5,1332,1,24,TOYOTA STARLET,7,E01016722,0,-1
2023010462708,2023,010462708,1,9,0,18,19,3,7,0,0,0,0,0,0,0,1,1,6,6,3,-1,-1,2998,1,4,-1,3,E01004684,0,-1
2023010424052,2023,010424052,2,9,0,99,99,9,9,99,99,9,9,99,9,99,2,9,6,6,3,-1,-1,2998,1,1,-1,6,E01021536,0,-1
2023522400598,2023,522400598,1,9,0,18,19,3,7,0,0,8,0,0,0,0,1,1,6,6,1,35,6,2998,1,1,-1,8,E01014755,0,-1
2023421326739,2023,421326739,1,9,0,15,15,5,1,0,0,0,1,7,1,0,1,1,5,6,1,23,5,2998,1,3,-1,6,E01015937,0,-1
2023501286275,2023,501286275,1,9,0,18,19,7,3,0,0,1,0,0,0,0,1,1,6,6,2,40,7,2998,1,3,-1,5,E01015092,0,-1
2023010434769,2023,010434769,1,9,0,16,19,5,1,0,0,0,1,0,1,0,1,1,6,6,1,24,5,2998,1,1,-1,6,E01002955,0,-1
2023211313810,2023,211313810,2,9,0,14,14,1,5,0,0,1,0,0,0,0,1,1,5,6,1,31,6,2999,1,28,-1,3,E01029437,0,-1
2023351322718,2023,351322718,2,3,-1,-1,-1,-1,-1,-1,-1,-1,-1,-1,-1,0,-1,1,5,6,1,56,9,1731,1,12,-1,9,E01018199,0,-1
2023340WN3812,2023,340WN3812,1,5,0,16,19,6,2,0,0,0,0,0,7,9,4,1,1,1,1,30,6,1298,1,3,YAMAHA FJR,8,E01027162,0,-1
2023332300023,2023,332300023,1,5,0,18,19,3,7,0,0,8,0,0,0,0,4,1,6,6,1,65,9,1298,1,20,YAMAHA FJR,6,E01013491,0,-1
2023201310994,2023,201310994,2,5,0,18,19,2,6,0,0,0,0,0,0,0,1,1,6,6,1,62,9,1298,1,20,YAMAHA FJR,8,E01010161,0,-1
2023010468699,2023,010468699,1,5,0,14,14,7,3,0,0,1,0,0,0,0,2,1,2,2,1,51,8,1298,1,5,YAMAHA FJR,10,E01024153,0,-1
2023631307390,2023,631307390,2,5,0,18,19,5,1,0,0,8,0,0,0,0,1,1,5,6,1,61,9,1299,1,19,YAMAHA FJR,5,E01006688,0,-1
2023161362839,2023,161362839,1,5,0,18,19,3,7,0,0,1,1,0,8,0,1,1,6,6,1,49,8,1298,1,21,YAMAHA FJR,5,E01027796,0,-1
2023471374911,2023,471374911,2,5,0,18,19,3,7,0,0,8,1,0,0,0,3,1,6,6,1,60,9,1298,1,18,YAMAHA FJR,6,E01031513,0,-1
2023461313155,2023,461313155,2,5,0,18,19,4,8,0,0,8,0,0,0,0,1,1,5,6,1,45,7,1298,1,10,YAMAHA FJR,4,E01023349,0,-1
2023052301185,2023,052301185,2,5,0,3,3,4,8,0,0,1,0,0,0,0,2,1,6,6,1,30,6,1298,1,14,YAMAHA FJR,1,E01006692,0,-1
2023320567981,2023,320567981,2,4,0,18,19,8,4,0,0,8,0,0,0,0,4,1,6,6,1,52,8,1298,1,11,-1,10,E01026413,0,-1
2023131373710,2023,131373710,2,5,0,4,4,8,4,0,0,0,1,0,0,0,1,1,2,2,1,25,5,1298,1,22,YAMAHA FJR,3,E01011786,0,-1
2023131357032,2023,131357032,2,5,0,15,15,1,1,0,0,1,0,0,0,0,1,1,2,2,1,63,9,1298,1,18,YAMAHA FJR,1,E01011107,0,-1
2023010484359,2023,010484359,2,5,0,13,13,7,3,0,0,0,0,0,0,0,1,1,6,6,1,85,11,1298,1,16,YAMAHA FJR,7,E01016221,0,-1
2023101277405,2023,101277405,2,5,0,5,5,1,2,0,0,8,0,0,0,0,2,1,6,6,1,63,9,1298,1,17,YAMAHA FJR,2,E01008754,0,-1
2023332300909,2023,332300909,1,5,0,4,4,3,7,0,0,2,0,0,0,0,2,1,6,6,1,34,6,1298,1,15,YAMAHA FJR,7,E01013685,0,-1
2023010463148,2023,010463148,1,5,0,18,19,5,1,0,0,1,0,0,0,0,1,1,1,1,1,51,8,1298,1,5,YAMAHA FJR,7,E01017925,0,-1
2023101381574,2023,101381574,2,5,0,7,7,3,6,0,0,3,1,0,0,0,4,1,5,6,1,50,8,1298,1,15,YAMAHA FJR,2,E01008341,0,-1
2023501347724,2023,501347724,2,3,0,18,19,3,7,0,0,8,0,0,0,0,1,1,5,6,1,25,5,125,1,8,-1,3,E01018809,0,-1
2023440324212,2023,440324212,1,5,0,17,19,5,1,0,0,0,0,0,1,10,1,1,6,6,1,32,6,998,1,20,-1,-1,-1,0,-1
2023991317301,2023,991317301,1,5,0,7,7,8,3,0,0,0,1,0,7,0,4,1,5,6,1,42,7,998,1,20,-1,2,-1,0,-1
2023122400066,2023,122400066,1,5,0,18,19,1,5,0,0,0,1,0,0,0,0,1,6,6,1,27,6,997,1,19,-1,8,E01013392,0,-1
2023631387976,2023,631387976,11,9,0,18,19,5,1,0,0,0,5,0,0,0,1,1,5,6,2,43,7,1796,1,15,-1,8,W01001905,0,-1
2023461305857,2023,461305857,3,9,0,18,19,5,1,0,0,0,0,0,0,0,2,1,6,6,1,33,6,5320,1,12,-1,3,E01001640,0,-1
2023471387356,2023,471387356,1,9,0,18,19,2,6,0,0,0,0,0,0,0,4,1,5,6,2,63,9,1560,2,10,CITROEN C3,3,E01031783,0,-1
2023061324453,2023,061324453,1,9,0,5,5,6,2,0,0,2,0,0,0,0,1,1,6,6,1,26,6,1200,1,7,CITROEN C3,-1,-1,0,-1
2023371344582,2023,371344582,1,9,0,9,9,8,4,0,0,8,0,0,0,0,4,1,5,6,1,74,10,1200,1,6,CITROEN C3,6,E01030044,0,-1
2023520300656,2023,520300656,1,9,0,4,4,5,1,0,0,0,0,0,0,0,1,1,6,6,2,54,8,1360,1,15,CITROEN C3,8,E01014449,0,-1
2023131327148,2023,131327148,1,9,0,18,19,5,1,0,0,8,0,0,0,0,3,1,5,6,1,33,6,1560,2,12,CITROEN C3,4,E01011876,0,-1
2023461335847,2023,461335847,1,9,0,18,19,1,5,0,0,0,0,0,0,0,1,1,6,6,2,-1,-1,1598,1,12,CITROEN C3,6,E01016056,0,-1
2023231369839,2023,231369839,2,9,0,4,4,5,1,0,0,0,0,0,0,0,2,1,6,6,2,30,6,1200,1,6,CITROEN C3,8,E01009578,0,-1
2023010444771,2023,010444771,2,9,0,99,99,9,9,99,99,9,9,99,9,99,9,9,6,6,3,58,9,1360,1,13,CITROEN C3,6,E01003038,0,-1
2023141366855,2023,141366855,2,9,0,7,7,8,3,0,0,0,0,0,0,0,1,1,6,6,3,-1,-1,1200,1,1,CITROEN C3,-1,-1,0,-1
2023161379332,2023,161379332,2,9,0,2,2,0,0,0,0,2,0,0,0,0,2,1,6,6,3,-1,-1,1560,2,11,CITROEN C3,-1,-1,0,-1
2023311352122,2023,311352122,1,9,0,17,19,1,5,0,0,0,1,0,7,2,4,1,6,6,2,69,10,1398,2,18,CITROEN C3,7,E01007664,0,-1
2023440334916,2023,440334916,1,9,0,5,5,3,7,0,0,4,0,0,0,0,1,1,6,6,2,39,7,1598,1,9,CITROEN C3,1,E01017118,0,-1
2023340WN5892,2023,340WN5892,2,9,0,4,4,3,7,0,0,0,0,0,0,0,2,1,6,6,1,55,8,1560,2,12,CITROEN C3,3,E01015619,0,-1
2023320564026,2023,320564026,2,9,0,18,19,4,8,0,0,8,0,0,0,0,1,1,6,6,2,52,8,1199,1,4,CITROEN C3,2,E01026095,0,-1
2023991317053,2023,991317053,2,9,0,18,19,7,4,0,0,1,0,0,0,0,4,1,5,6,2,43,7,1200,1,8,CITROEN C3,4,-1,0,-1
2023552301237,2023,552301237,1,9,0,9,9,3,8,0,0,6,0,0,0,0,1,1,6,6,1,43,7,1560,2,16,CITROEN C3,2,E01015379,0,-1
2023471319199,2023,471319199,1,9,0,18,19,6,2,0,0,0,0,0,0,0,1,1,6,6,2,25,5,1200,1,5,CITROEN C3,1,E01020978,0,-1
2023351301863,2023,351301863,2,9,0,3,3,-1,-1,0,0,0,0,0,0,0,3,1,5,6,2,52,8,1199,1,4,CITROEN C3,2,E01015610,0,-1
2023461286360,2023,461286360,1,9,0,18,19,7,3,0,0,0,0,0,0,0,1,1,1,1,2,43,7,1598,1,13,CITROEN C3,10,E01024765,0,-1
2023231327939,2023,231327939,2,9,0,18,19,6,2,0,0,8,0,0,0,0,1,1,2,2,2,72,10,1560,2,7,CITROEN C3,4,E01031073,0,-1
2023131325823,2023,131325823,1,9,0,18,19,2,6,0,0,0,0,0,7,11,1,1,6,6,1,62,9,1199,1,10,CITROEN C3,1,E01010807,0,-1
2023430514891,2023,430514891,1,9,0,18,19,4,8,0,0,0,5,0,0,0,1,1,6,6,1,46,8,1200,1,1,CITROEN C3,-1,-1,0,-1
2023061343709,2023,061343709,1,9,0,18,19,6,2,0,0,8,0,0,1,0,1,1,5,6,2,18,4,1200,1,8,CITROEN C3,8,E01006314,0,-1
2023421320205,2023,421320205,5,9,0,3,3,3,6,0,0,0,0,0,0,0,3,1,6,6,2,54,8,1200,1,5,CITROEN C3,7,E01021887,0,-1