collision_index,collision_year,collision_ref_no,vehicle_reference,vehicle_type,towing_and_articulation,vehicle_manoeuvre_historic,vehicle_manoeuvre,vehicle_direction_from,vehicle_direction_to,vehicle_location_restricted_lane_historic,vehicle_location_restricted_lane,junction_location,skidding_and_overturning,hit_object_in_carriageway,vehicle_leaving_carriageway,hit_object_off_carriageway,first_point_of_impact,vehicle_left_hand_drive,journey_purpose_of_driver_historic,journey_purpose_of_driver,sex_of_driver,age_of_driver,age_band_of_driver,engine_capacity_cc,propulsion_code,age_of_vehicle,generic_make_model,driver_imd_decile,lsoa_of_driver,escooter_flag,driver_distance_banding
2023430018130,2023,430018130,1,9,0,18,19,6,2,0,0,0,0,0,0,0,3,1,3,7,2,38,7,2179,2,8,JAGUAR XF SERIES,3,E01016486,0,-1
2023440009642,2023,440009642,2,9,0,7,7,2,6,0,0,8,1,0,7,1,1,1,6,6,2,48,8,1999,2,5,JAGUAR XF SERIES,4,E01017164,0,-1
2023061343319,2023,061343319,1,9,0,9,9,3,8,0,0,1,0,0,0,0,4,1,5,6,1,36,7,5000,1,13,JAGUAR XF SERIES,7,E01005701,0,-1
2023991303471,2023,991303471,2,9,0,18,19,1,5,0,0,8,0,0,0,0,1,1,1,1,1,35,6,2179,2,8,JAGUAR XF SERIES,7,-1,0,-1
2023010481975,2023,010481975,1,9,0,5,5,0,1,0,0,1,0,0,0,0,1,1,6,6,2,57,9,2993,2,14,JAGUAR XF SERIES,3,E01018097,0,-1
2023991269452,2023,991269452,1,9,0,18,19,5,1,0,0,8,0,0,7,11,1,1,5,6,2,31,6,1999,2,7,JAGUAR XF SERIES,5,-1,0,-1
202354C791223,2023,54C791223,1,9,0,5,5,3,7,0,0,1,0,0,0,0,2,1,6,6,1,36,7,1999,2,6,JAGUAR XF SERIES,8,E01015576,0,-1
202363A030723,2023,63A030723,1,9,0,18,19,1,5,0,0,0,0,0,0,0,0,1,6,6,1,55,8,2179,2,11,JAGUAR XF SERIES,-1,-1,0,-1
2023421285062,2023,421285062,2,9,0,5,5,1,5,0,0,8,0,0,0,0,3,1,2,2,2,23,5,1999,2,4,JAGUAR XF SERIES,10,E01021480,0,-1
2023461333924,2023,461333924,2,9,0,10,10,8,6,0,0,1,0,0,0,0,1,1,6,6,1,34,6,2179,2,9,JAGUAR XF SERIES,2,E01016160,0,-1
2023231349930,2023,231349930,2,9,0,18,19,2,6,0,0,8,0,0,0,0,4,1,2,2,1,28,6,2993,2,11,JAGUAR XF SERIES,5,E01031132,0,-1
2023440305057,2023,440305057,1,9,0,18,19,7,3,0,0,1,0,0,0,0,4,1,6,6,1,30,6,2179,2,12,JAGUAR XF SERIES,7,E01023014,0,-1
2023401301994,2023,401301994,2,9,0,10,10,1,5,0,0,0,0,0,0,0,2,1,6,6,1,35,6,2720,2,14,JAGUAR XF SERIES,7,E01017577,0,-1
2023302301002,2023,302301002,2,9,0,18,19,8,4,0,0,0,0,0,0,0,3,1,6,6,1,55,8,2179,2,8,JAGUAR XF SERIES,6,E01018186,0,-1
2023010484485,2023,010484485,2,9,0,9,9,5,3,0,0,1,0,0,0,0,4,1,6,6,1,34,6,2993,2,13,JAGUAR XF SERIES,4,E01021295,0,-1
2023320120441,2023,320120441,1,9,0,16,19,4,6,0,0,0,0,0,7,10,1,1,6,6,1,40,7,2993,2,14,JAGUAR XF SERIES,-1,-1,0,-1
2023010449105,2023,010449105,1,9,0,9,9,8,5,0,0,1,1,0,1,11,1,1,6,6,1,39,7,2993,2,7,JAGUAR XF SERIES,2,E01032722,0,-1
2023451378670,2023,451378670,1,9,0,18,19,7,3,0,0,0,1,0,0,0,1,1,1,1,1,41,7,2179,2,8,JAGUAR XF SERIES,8,E01030478,0,-1
2023320325280,2023,320325280,1,9,0,9,9,2,1,0,0,8,0,0,0,0,1,1,6,6,1,73,10,2993,2,14,JAGUAR XF SERIES,8,E01026368,0,-1
2023111379347,2023,111379347,2,9,0,18,19,5,6,0,0,1,0,0,0,0,2,1,6,6,2,28,6,2720,2,15,JAGUAR XF SERIES,3,E01020868,0,-1
2023052300537,2023,052300537,1,9,0,18,19,6,2,0,0,3,0,0,7,2,1,1,6,6,1,72,10,2993,2,14,JAGUAR XF SERIES,1,E01007293,0,-1
2023461301922,2023,461301922,2,9,0,18,19,3,7,0,0,0,0,0,0,0,3,1,6,6,1,65,9,1999,2,6,JAGUAR XF SERIES,9,E01024415,0,-1
2023440117605,2023,440117605,1,9,0,18,19,2,6,0,0,0,2,0,0,0,4,1,6,6,1,29,6,2993,2,14,JAGUAR XF SERIES,7,E01017367,0,-1
2023351302853,2023,351302853,1,9,0,13,13,2,6,0,0,0,0,0,0,0,3,1,6,6,1,36,7,1999,2,5,JAGUAR XF SERIES,8,E01018039,0,-1
2023332300807,2023,332300807,2,9,0,18,19,1,5,0,0,8,0,0,0,0,1,1,1,1,2,31,6,2179,2,10,JAGUAR XF SERIES,1,E01027199,0,-1
2023552301255,2023,552301255,1,9,0,9,9,4,2,0,0,6,0,0,0,0,3,1,6,6,1,85,11,2993,2,12,JAGUAR XF SERIES,10,E01015404,0,-1
2023411381229,2023,411381229,2,9,9,18,19,5,1,0,0,0,0,0,0,0,3,1,2,2,2,40,7,2179,2,8,JAGUAR XF SERIES,4,E01015755,0,-1
2023332300671,2023,332300671,1,9,0,18,19,1,5,0,0,0,1,7,5,6,4,1,6,6,1,39,7,2179,2,9,JAGUAR XF SERIES,4,E01013662,0,-1
2023221368426,2023,221368426,1,9,0,18,19,6,2,0,0,0,0,0,0,0,1,1,6,6,1,76,11,1999,2,6,JAGUAR XF SERIES,5,E01028864,0,-1
2023471346524,2023,471346524,1,9,0,9,9,3,1,0,0,8,0,0,0,0,1,1,5,6,1,38,7,2993,2,14,JAGUAR XF SERIES,5,E01031394,0,-1
2023340WN0712,2023,340WN0712,1,9,0,18,19,5,1,0,0,1,0,0,0,0,1,1,6,6,2,54,8,2179,2,10,JAGUAR XF SERIES,9,E01026998,0,-1
2023440280879,2023,440280879,1,9,0,7,7,8,2,0,0,5,5,0,1,1,1,1,6,6,3,-1,-1,2967,1,13,JAGUAR XF SERIES,-1,-1,0,-1
2023010432451,2023,010432451,1,9,0,5,5,7,3,0,0,8,0,0,0,0,3,1,2,2,1,28,6,2179,2,9,JAGUAR XF SERIES,7,E01002427,0,-1
2023031263740,2023,031263740,1,9,0,18,19,8,3,0,0,0,1,0,7,0,3,1,2,2,2,27,6,1997,1,4,JAGUAR XF SERIES,10,E01019087,0,-1
2023552400226,2023,552400226,1,9,0,18,19,2,6,0,0,8,0,0,0,0,1,1,1,1,1,33,6,2993,2,14,JAGUAR XF SERIES,6,E01015336,0,-1
2023041281163,2023,041281163,1,9,0,9,9,1,5,0,0,1,0,0,0,0,4,1,5,6,2,66,10,2179,2,9,JAGUAR XF SERIES,1,E01012680,0,-1
2023430369144,2023,430369144,1,9,0,8,8,3,5,0,0,1,0,0,0,0,1,1,6,6,1,20,4,1999,2,4,JAGUAR XF SERIES,-1,-1,0,-1
2023221278709,2023,221278709,2,9,0,13,13,2,6,0,0,0,0,0,0,0,3,1,5,6,2,70,10,1999,2,6,JAGUAR XF SERIES,9,E01028936,0,-1
2023351342384,2023,351342384,1,9,0,14,14,1,5,0,0,0,2,0,7,9,3,1,6,6,1,64,9,2179,2,8,JAGUAR XF SERIES,7,E01018125,0,-1
2023101320421,2023,101320421,1,9,0,4,4,5,2,0,0,1,0,0,0,0,1,1,6,6,1,57,9,2179,2,10,JAGUAR XF SERIES,9,E01008501,0,-1
2023320623195,2023,320623195,2,9,0,2,2,0,0,0,0,0,0,0,0,0,3,1,6,6,1,50,8,2179,2,8,JAGUAR XF SERIES,1,E01026109,0,-1
2023501342855,2023,501342855,2,9,0,4,4,6,2,0,0,0,0,0,1,0,2,1,6,6,1,38,7,1999,2,7,JAGUAR XF SERIES,4,E01017599,0,-1
2023052300158,2023,052300158,1,9,0,18,19,1,5,0,0,0,0,0,0,0,1,1,6,6,1,63,9,2179,2,11,JAGUAR XF SERIES,3,E01007038,0,-1
2023311308936,2023,311308936,1,9,0,18,19,7,3,0,0,8,0,0,3,0,3,1,5,6,2,34,6,1997,1,3,JAGUAR XF SERIES,2,E01013972,0,-1
2023543345323,2023,543345323,1,9,0,18,19,6,2,0,0,4,0,0,0,0,1,1,6,6,1,68,10,2993,2,13,JAGUAR XF SERIES,7,E01032108,0,-1
2023461268748,2023,461268748,1,9,0,18,19,5,1,0,0,0,0,0,0,0,4,1,6,6,2,53,8,2179,2,10,JAGUAR XF SERIES,4,E01016067,0,-1
2023131348945,2023,131348945,2,9,0,10,10,2,5,0,0,2,0,0,0,0,4,2,5,6,1,29,6,2993,2,14,JAGUAR XF SERIES,6,E01010643,0,-1
2023141300991,2023,141300991,2,9,0,5,5,8,4,0,0,1,0,0,0,0,1,1,6,6,3,-1,-1,2993,2,12,JAGUAR XF SERIES,-1,-1,0,-1
2023371348461,2023,371348461,1,9,0,4,4,1,4,0,0,5,0,4,0,0,4,1,5,6,1,28,6,2179,2,9,JAGUAR XF SERIES,-1,-1,0,-1
2023351300687,2023,351300687,1,9,0,18,19,5,5,0,0,0,0,0,0,0,1,1,6,6,1,51,8,2993,2,7,JAGUAR XF SERIES,10,E01031773,0,-1
2023311329604,2023,311329604,1,9,0,18,19,5,1,0,0,0,0,0,0,0,1,1,5,6,2,59,9,2720,2,15,JAGUAR XF SERIES,6,E01025747,0,-1
2023451331236,2023,451331236,1,9,0,4,4,6,4,0,0,0,0,0,0,0,3,1,5,6,1,64,9,2993,2,9,JAGUAR XF SERIES,4,E01020581,0,-1
2023501277228,2023,501277228,2,9,0,2,2,0,0,0,0,0,0,0,0,0,1,1,6,6,3,-1,-1,2993,2,10,JAGUAR XF SERIES,-1,-1,0,-1
2023440450338,2023,440450338,1,9,0,4,4,2,6,0,0,0,0,0,0,0,2,1,6,6,1,31,6,2179,2,10,JAGUAR XF SERIES,4,E01017034,0,-1
2023161351674,2023,161351674,2,9,0,9,9,7,5,0,0,1,0,0,0,0,1,1,6,6,1,35,6,2179,2,11,JAGUAR XF SERIES,6,E01012765,0,-1
2023411347255,2023,411347255,1,9,0,11,11,2,5,0,0,3,0,0,0,0,2,1,6,6,1,32,6,2720,2,15,JAGUAR XF SERIES,6,E01023600,0,-1
2023461379530,2023,461379530,1,9,0,18,19,7,3,0,0,0,1,0,1,0,1,1,6,6,1,59,9,2993,2,9,JAGUAR XF SERIES,5,E01024254,0,-1
2023542618423,2023,542618423,2,9,0,3,3,1,6,0,0,1,0,0,0,0,2,1,6,6,2,56,9,1999,2,4,JAGUAR XF SERIES,5,E01032054,0,-1
2023201382364,2023,201382364,1,9,0,18,19,4,8,0,0,0,0,0,0,0,2,1,5,6,1,-1,-1,2993,2,12,JAGUAR XF SERIES,-1,-1,0,-1
2023010424523,2023,010424523,2,9,0,99,99,9,9,99,99,9,9,99,9,99,1,9,6,6,3,-1,-1,2179,2,11,JAGUAR XF SERIES,2,E01000060,0,-1
2023522300405,2023,522300405,1,9,0,18,19,6,2,0,0,0,1,0,0,0,1,1,6,6,2,42,7,1999,2,6,JAGUAR XF SERIES,9,E01022418,0,-1
2023531387399,2023,531387399,2,9,0,18,19,5,1,0,0,8,0,0,0,0,1,1,2,2,1,44,7,2179,2,8,JAGUAR XF SERIES,8,E01022413,0,-1
2023631381478,2023,631381478,2,9,0,18,19,4,8,0,0,0,0,0,0,0,1,1,5,6,2,34,6,2179,2,11,JAGUAR XF SERIES,7,W01001907,0,-1
2023421339323,2023,421339323,2,9,0,-1,-1,-1,-1,-1,-1,0,-1,-1,-1,0,-1,1,6,6,1,39,7,1999,2,6,JAGUAR XF SERIES,9,E01021828,0,-1
2023461297329,2023,461297329,1,9,0,7,7,2,6,0,0,6,0,0,0,0,1,1,5,6,1,26,6,2993,2,14,JAGUAR XF SERIES,2,E01023973,0,-1
2023320499484,2023,320499484,2,9,0,3,3,6,2,0,0,0,0,0,0,0,2,1,6,6,2,75,10,2993,2,9,JAGUAR XF SERIES,-1,-1,0,-1
2023430124404,2023,430124404,1,9,0,18,19,8,4,0,0,8,0,0,0,0,1,1,6,6,1,48,8,2179,2,11,JAGUAR XF SERIES,8,E01016805,0,-1
2023991329609,2023,991329609,2,9,0,4,4,3,7,0,0,0,0,0,0,0,1,1,5,6,1,71,10,2179,2,9,JAGUAR XF SERIES,4,-1,0,-1
2023440409258,2023,440409258,3,9,0,3,3,2,6,0,0,0,0,0,0,0,2,1,6,6,1,31,6,1999,2,7,JAGUAR XF SERIES,3,E01022839,0,-1
2023010480154,2023,010480154,1,9,0,6,6,7,7,0,0,6,0,0,0,0,2,1,6,6,1,37,7,5204,1,5,-1,-1,-1,0,-1
2023522301173,2023,522301173,1,9,0,18,19,1,5,0,0,0,0,0,0,0,0,1,6,6,3,-1,-1,5204,1,4,-1,-1,-1,0,-1
2023031297162,2023,031297162,1,9,0,16,19,3,7,0,0,0,1,0,0,0,3,1,5,6,1,19,4,5204,1,5,-1,10,E01027464,0,-1
2023411291795,2023,411291795,1,19,0,1,1,3,7,0,0,6,0,0,0,0,2,1,6,6,1,-1,-1,2500,2,17,-1,-1,-1,0,-1
2023201343004,2023,201343004,1,19,0,11,11,1,4,0,0,8,0,0,0,0,1,1,6,6,1,56,9,2500,2,15,-1,3,E01010434,0,-1
2023131341225,2023,131341225,1,19,0,5,5,5,1,0,0,8,0,0,0,0,4,1,6,6,3,-1,-1,2500,2,15,-1,-1,-1,0,-1
2023332300276,2023,332300276,1,19,0,18,19,2,6,0,0,0,0,0,0,0,1,1,2,2,1,37,7,-1,-1,-1,-1,3,E01013630,0,-1
2023201343452,2023,201343452,1,19,0,18,19,5,1,0,0,0,0,0,0,0,2,1,1,1,1,53,8,2500,2,18,-1,-1,-1,0,-1
2023131308608,2023,131308608,2,19,0,2,2,0,0,0,0,0,0,0,0,0,2,1,6,6,3,-1,-1,2500,2,16,-1,-1,-1,0,-1
2023010455242,2023,010455242,1,10,0,17,19,7,3,0,0,0,1,0,0,0,4,1,6,6,1,44,7,2500,2,15,-1,-1,-1,0,-1
2023061358820,2023,061358820,2,10,-1,18,19,-1,-1,0,0,0,0,0,0,0,3,1,1,1,2,54,8,2500,2,16,-1,1,E01004839,0,-1
2023221308918,2023,221308918,2,19,0,18,19,3,7,0,0,0,0,0,0,0,1,1,1,1,1,47,8,2500,2,16,-1,8,E01031196,0,-1
2023440315125,2023,440315125,1,19,0,18,19,5,1,0,0,0,1,0,0,0,1,1,6,6,1,26,6,2500,2,17,-1,5,E01030484,0,-1
2023201338110,2023,201338110,1,19,0,14,14,4,8,0,0,0,0,0,0,0,1,1,6,6,3,-1,-1,2500,2,13,-1,-1,-1,0,-1
2023010448223,2023,010448223,1,3,0,18,19,7,3,0,0,0,1,0,0,0,2,1,1,1,1,27,6,125,1,6,-1,2,E01000600,0,-1
2023451285927,2023,451285927,2,3,0,9,9,1,7,0,0,2,5,0,0,0,1,1,5,6,2,18,4,125,1,5,-1,9,E01030766,0,-1
2023461316695,2023,461316695,3,9,0,18,19,1,5,0,0,0,0,0,0,0,1,1,5,6,1,79,11,948,1,-1,-1,8,E01000447,0,-1
2023010471582,2023,010471582,1,8,0,99,99,9,9,0,0,0,9,99,9,99,2,9,1,1,1,32,6,-1,3,0,-1,2,E01004251,0,-1
2023351318108,2023,351318108,1,9,0,18,19,6,1,0,0,0,5,0,7,4,1,1,6,6,1,45,7,-1,3,2,POLESTAR 2,6,E01030040,0,-1
2023332301241,2023,332301241,1,9,0,7,7,4,5,0,0,5,0,0,0,0,1,1,6,6,1,33,6,-1,3,0,POLESTAR 2,-1,-1,0,-1
2023351328538,2023,351328538,1,9,0,7,7,1,3,0,0,6,0,0,0,0,3,1,6,6,1,35,6,-1,3,3,POLESTAR 2,10,E01033425,0,-1
2023340NN2702,2023,340NN2702,1,9,0,9,9,1,6,0,0,6,0,0,0,0,1,1,6,6,1,51,8,-1,3,0,POLESTAR 2,-1,-1,0,-1
2023070204420,2023,070204420,2,9,0,18,19,8,4,0,0,8,0,0,0,0,4,1,1,1,1,39,7,-1,3,1,POLESTAR 2,7,E01012418,0,-1
2023101342648,2023,101342648,1,9,0,4,4,7,3,0,0,2,0,0,0,0,3,1,2,2,1,60,9,-1,3,2,POLESTAR 2,4,E01008759,0,-1
2023361388404,2023,361388404,2,9,0,2,2,0,0,0,0,0,0,0,0,0,2,1,6,6,1,58,9,-1,3,1,POLESTAR 2,-1,-1,0,-1
2023131365238,2023,131365238,1,9,0,18,19,5,1,9,9,2,0,0,0,0,1,1,5,6,1,54,8,-1,3,2,POLESTAR 2,4,E01011634,0,-1
2023052302644,2023,052302644,1,9,0,9,9,5,3,0,0,8,0,0,0,0,3,1,6,6,1,43,7,-1,3,1,POLESTAR 2,9,E01012562,0,-1
2023231342137,2023,231342137,2,9,0,4,4,6,2,0,0,0,0,0,0,0,2,1,6,6,1,31,6,-1,3,0,POLESTAR 2,9,E01032142,0,-1
2023010434424,2023,010434424,1,9,0,99,99,9,9,99,99,9,9,99,9,99,2,9,6,6,2,48,8,-1,3,2,POLESTAR 2,7,E01001965,0,-1
2023122300594,2023,122300594,2,9,0,3,3,5,1,0,0,1,0,0,0,0,2,1,6,6,2,46,8,-1,3,3,POLESTAR 2,10,E01027722,0,-1
2023101334443,2023,101334443,1,9,0,9,9,6,7,0,0,0,0,0,0,0,1,1,5,6,1,37,7,-1,3,0,POLESTAR 2,8,E01008452,0,-1
2023010462921,2023,010462921,1,9,0,12,12,3,7,0,0,0,0,0,0,0,3,2,1,1,1,28,6,-1,3,0,POLESTAR 2,1,E01016845,0,-1
2023131376157,2023,131376157,2,9,0,18,19,5,1,0,0,1,0,0,0,0,3,1,5,6,1,29,6,-1,3,1,POLESTAR 2,7,E01011442,0,-1
2023471306792,2023,471306792,1,9,0,18,19,8,4,0,0,1,0,0,0,0,4,1,5,6,2,39,7,-1,3,1,POLESTAR 2,5,E01016892,0,-1
2023421347392,2023,421347392,2,9,0,18,19,1,5,0,0,0,0,0,0,0,1,1,5,6,1,46,8,-1,3,3,POLESTAR 2,7,E01004508,0,-1
2023340NN0902,2023,340NN0902,2,9,0,17,19,8,4,0,0,1,0,0,0,0,1,1,1,1,1,57,9,-1,3,2,POLESTAR 2,7,E01027129,0,-1
2023131266404,2023,131266404,2,9,0,18,19,3,7,0,0,1,0,0,0,0,1,1,2,2,1,54,8,-1,3,2,POLESTAR 2,9,E01010764,0,-1
2023340WN0252,2023,340WN0252,3,9,0,3,3,5,1,0,0,0,0,0,0,0,2,1,2,2,1,53,8,-1,3,1,POLESTAR 2,7,E01027078,0,-1
2023041258776,2023,041258776,1,9,0,9,9,1,5,0,0,0,0,0,0,0,1,1,5,6,1,56,9,-1,3,2,POLESTAR 2,7,E01025014,0,-1
2023201405027,2023,201405027,2,9,0,3,3,6,2,0,0,1,0,0,0,0,2,1,6,6,1,29,6,-1,3,1,POLESTAR 2,2,E01009942,0,-1
2023471311036,2023,471311036,1,9,0,18,19,7,3,0,0,0,0,0,0,0,1,1,1,1,1,34,6,-1,3,0,POLESTAR 2,9,E01020954,0,-1
2023141341081,2023,141341081,1,9,0,18,19,8,2,0,0,8,0,0,0,0,3,1,5,6,1,39,7,-1,3,2,POLESTAR 2,5,E01013306,0,-1
2023010451467,2023,010451467,1,8,0,99,99,9,9,99,99,0,9,99,9,99,2,9,1,1,1,25,5,-1,3,1,-1,1,E01002773,0,-1
2023471322290,2023,471322290,2,9,0,2,2,0,0,0,0,2,0,0,0,0,2,2,6,6,3,-1,-1,-1,3,1,POLESTAR 2,-1,-1,0,-1
2023141333779,2023,141333779,1,9,0,9,9,5,3,0,0,8,0,0,0,0,1,1,5,6,1,52,8,-1,3,2,POLESTAR 2,4,E01007788,0,-1
2023221393825,2023,221393825,1,9,0,9,9,4,1,0,0,6,0,0,0,0,3,1,6,6,1,59,9,-1,3,1,POLESTAR 2,9,E01029022,0,-1
2023421339632,2023,421339632,1,9,0,18,19,1,6,0,0,0,0,0,0,0,1,1,5,6,1,27,6,-1,3,1,POLESTAR 2,-1,-1,0,-1
2023302301350,2023,302301350,2,9,0,15,15,7,3,0,0,0,0,0,0,0,1,1,6,6,1,39,7,-1,3,0,POLESTAR 2,8,E01013580,0,-1
2023461320234,2023,461320234,2,9,0,18,19,1,5,0,0,0,0,0,0,0,1,1,5,6,1,49,8,-1,3,1,POLESTAR 2,8,E01024451,0,-1
2023421362793,2023,421362793,2,9,0,18,19,6,2,0,0,8,1,0,7,0,4,1,6,6,1,57,9,-1,3,1,POLESTAR 2,8,E01022071,0,-1
2023320361643,2023,320361643,1,9,0,4,4,6,2,0,0,0,0,0,0,0,1,1,6,6,1,62,9,-1,3,1,POLESTAR 2,10,E01031318,0,-1
2023010456274,2023,010456274,1,9,0,3,3,5,1,0,0,1,0,0,0,0,1,1,6,6,1,45,7,-1,3,2,POLESTAR 2,9,E01002116,0,-1
2023010427375,2023,010427375,1,9,0,99,99,9,9,99,99,0,9,99,9,99,2,9,2,2,2,38,7,-1,3,1,POLESTAR 2,5,E01001200,0,-1
2023201379619,2023,201379619,1,9,0,13,13,4,2,0,0,6,0,0,0,0,3,1,6,6,1,-1,-1,-1,3,0,POLESTAR 2,-1,-1,0,-1
2023010469681,2023,010469681,1,9,0,5,5,7,3,0,0,1,0,0,0,0,1,1,6,6,1,34,6,-1,3,0,POLESTAR 2,-1,-1,0,-1
2023010433788,2023,010433788,2,9,0,10,10,4,2,0,0,8,0,0,0,0,2,1,6,6,1,40,7,-1,3,2,POLESTAR 2,9,E01003810,0,-1
2023411271756,2023,411271756,3,9,0,18,19,1,5,0,0,0,0,0,0,0,0,1,1,1,1,24,5,-1,3,2,POLESTAR 2,-1,-1,0,-1
2023332300314,2023,332300314,2,9,0,18,19,3,7,0,0,8,0,0,0,0,3,1,6,6,1,59,9,-1,3,1,POLESTAR 2,8,E01025637,0,-1
2023010451864,2023,010451864,1,9,0,18,19,7,3,0,0,2,0,0,0,0,1,1,2,2,2,47,8,-1,3,1,POLESTAR 2,3,E01000130,0,-1
2023201301205,2023,201301205,2,9,0,11,11,8,4,0,0,0,0,0,0,0,2,1,6,6,1,47,8,-1,3,2,POLESTAR 2,10,E01016603,0,-1
2023010431048,2023,010431048,1,8,0,99,99,9,9,99,99,0,9,99,9,99,9,9,6,6,3,-1,-1,-1,3,0,-1,3,E01002612,0,-1
2023061369436,2023,061369436,2,9,0,18,19,7,3,0,0,0,0,0,0,0,2,1,5,6,2,51,8,-1,3,0,POLESTAR 2,6,E01005078,0,-1
2023231368805,2023,231368805,2,9,0,18,19,7,4,0,0,8,0,0,0,0,1,1,6,6,2,42,7,-1,3,0,POLESTAR 2,7,E01031160,0,-1
2023361393200,2023,361393200,2,9,0,3,3,2,6,0,0,0,0,0,0,0,2,1,5,6,1,52,8,-1,3,0,POLESTAR 2,10,E01026521,0,-1
2023061376618,2023,061376618,1,9,0,18,19,5,1,0,0,8,0,0,0,0,1,1,6,6,1,46,8,-1,3,1,POLESTAR 2,-1,-1,0,-1
2023501332399,2023,501332399,1,9,0,18,19,3,7,0,0,0,1,0,0,0,1,1,5,6,1,41,7,-1,3,0,POLESTAR 2,6,E01019959,0,-1
2023991361258,2023,991361258,2,9,0,13,13,3,7,0,0,0,0,0,0,0,1,2,5,6,1,19,4,-1,3,0,POLESTAR 2,-1,-1,0,-1
2023101301939,2023,101301939,3,9,0,2,2,0,0,0,0,0,0,0,0,0,2,1,5,6,1,58,9,-1,3,0,POLESTAR 2,3,E01027359,0,-1
2023430371329,2023,430371329,1,9,0,9,9,3,8,0,0,6,0,0,0,0,3,1,6,6,2,53,8,-1,3,2,POLESTAR 2,9,E01028434,0,-1
2023547549623,2023,547549623,1,9,0,4,4,8,4,0,0,3,0,0,0,0,1,1,1,1,2,24,5,-1,3,1,POLESTAR 2,6,E01020443,0,-1
2023471261470,2023,471261470,1,9,0,7,7,1,3,0,0,5,0,0,0,0,2,1,6,6,3,-1,-1,-1,3,2,POLESTAR 2,5,E01016876,0,-1
2023052301072,2023,052301072,2,9,0,18,19,3,7,0,0,1,0,0,0,0,1,1,2,2,1,54,8,-1,3,1,POLESTAR 2,10,E01007262,0,-1
2023041376845,2023,041376845,1,9,0,18,19,1,7,0,0,4,0,0,0,0,1,1,6,6,1,42,7,-1,3,0,POLESTAR 2,4,E01025407,0,-1
2023320224181,2023,320224181,2,9,0,18,19,5,1,0,0,8,0,0,7,4,1,1,2,2,2,27,6,-1,3,2,POLESTAR 2,6,E01026329,0,-1
2023340WN2472,2023,340WN2472,5,9,0,18,19,5,1,0,0,0,1,0,0,0,1,1,2,2,2,25,5,1396,1,20,ROVER 25,1,E01027140,0,-1
2023461328190,2023,461328190,3,9,0,18,19,3,7,0,0,0,0,0,0,0,1,1,6,6,1,41,7,1396,1,20,ROVER 25,4,E01024665,0,-1
2023320203654,2023,320203654,1,9,0,18,19,5,1,0,0,2,1,4,0,0,1,1,6,6,2,79,11,1588,1,21,ROVER 25,10,E01026302,0,-1
2023461387986,2023,461387986,1,9,0,16,19,6,1,0,0,0,0,0,0,0,4,1,2,2,2,54,8,1396,1,20,ROVER 25,8,E01024077,0,-1
2023201318816,2023,201318816,3,9,0,3,3,7,3,0,0,0,0,0,7,0,2,1,2,2,1,26,6,1396,1,22,ROVER 25,4,E01010040,0,-1
2023041378881,2023,041378881,1,9,0,12,12,5,1,0,0,8,0,0,0,0,0,1,5,6,2,58,9,1588,1,22,ROVER 25,9,E01025453,0,-1
2023461369520,2023,461369520,1,9,0,18,19,5,1,0,0,0,0,0,0,0,1,1,6,6,1,48,8,1396,1,19,ROVER 25,6,E01024512,0,-1
2023430126963,2023,430126963,1,9,0,18,19,4,8,0,0,1,0,0,0,0,1,1,6,6,1,85,11,1396,1,20,ROVER 25,9,E01016616,0,-1
2023371375259,2023,371375259,1,9,0,5,5,1,5,0,0,2,0,0,0,0,4,1,6,6,1,18,4,1396,1,22,ROVER 25,-1,-1,0,-1
2023302300512,2023,302300512,2,9,0,18,19,6,2,0,0,1,0,0,0,0,1,1,6,6,1,65,9,1396,1,21,ROVER 25,3,E01013457,0,-1
2023991271669,2023,991271669,1,9,0,9,9,8,6,0,0,1,0,0,0,0,1,1,6,6,2,48,8,1586,1,18,-1,5,-1,0,-1
2023340WN0342,2023,340WN0342,2,9,0,3,3,7,3,0,0,0,0,0,0,0,2,1,2,2,2,57,9,1586,1,21,-1,8,E01018341,0,-1
2023440082839,2023,440082839,2,9,0,9,9,8,4,0,0,5,0,0,0,0,4,1,6,6,1,80,11,1586,1,19,-1,1,E01017332,0,-1
2023411364541,2023,411364541,1,9,0,18,19,1,5,0,0,2,1,7,4,6,3,1,6,6,1,31,6,1586,1,17,-1,1,E01020984,0,-1
2023991297076,2023,991297076,2,9,0,17,19,3,7,0,0,0,0,0,1,0,1,1,5,6,1,64,9,1586,1,17,-1,4,-1,0,-1
2023461369018,2023,461369018,1,9,0,13,13,2,6,0,0,0,0,0,6,0,1,1,6,6,1,61,9,1586,1,20,-1,2,E01024662,0,-1
2023010462954,2023,010462954,1,9,0,18,19,1,5,0,0,2,0,0,0,0,3,1,6,6,3,23,5,1586,1,20,-1,-1,-1,0,-1
2023501441014,2023,501441014,2,9,0,7,7,7,5,9,9,0,0,0,0,0,1,1,6,6,1,22,5,1229,1,16,SUZUKI WAGON R+,-1,-1,0,-1
2023440392367,2023,440392367,1,9,0,18,19,8,4,0,0,4,0,0,0,0,1,1,6,6,1,69,10,1298,1,22,SUZUKI WAGON R+,7,E01017285,0,-1
2023302301323,2023,302301323,2,9,0,16,19,4,8,0,0,0,1,10,1,0,1,1,6,6,1,36,7,1229,1,17,SUZUKI WAGON R+,7,E01019539,0,-1