collision_index,collision_year,collision_ref_no,vehicle_reference,vehicle_type,towing_and_articulation,vehicle_manoeuvre_historic,vehicle_manoeuvre,vehicle_direction_from,vehicle_direction_to,vehicle_location_restricted_lane_historic,vehicle_location_restricted_lane,junction_location,skidding_and_overturning,hit_object_in_carriageway,vehicle_leaving_carriageway,hit_object_off_carriageway,first_point_of_impact,vehicle_left_hand_drive,journey_purpose_of_driver_historic,journey_purpose_of_driver,sex_of_driver,age_of_driver,age_band_of_driver,engine_capacity_cc,propulsion_code,age_of_vehicle,generic_make_model,driver_imd_decile,lsoa_of_driver,escooter_flag,driver_distance_banding
2023552300900,2023,552300900,1,19,0,18,19,1,5,0,0,0,2,0,0,0,1,1,6,6,1,24,5,1997,2,15,CITROEN DISPATCH,7,E01014385,0,-1
2023302301495,2023,302301495,2,19,0,2,2,0,0,0,0,2,0,0,0,0,1,1,6,6,3,-1,-1,1560,2,7,CITROEN DISPATCH,-1,-1,0,-1
2023520400898,2023,520400898,1,19,0,18,19,4,8,0,0,0,0,0,0,0,1,1,6,6,1,63,9,1997,2,0,CITROEN DISPATCH,8,E01032121,0,-1
2023371292582,2023,371292582,3,19,0,4,4,7,3,0,0,0,0,0,0,0,2,1,1,1,1,53,8,1997,2,4,CITROEN DISPATCH,5,E01030027,0,-1
2023031380611,2023,031380611,1,19,0,18,19,1,5,9,9,0,0,0,7,0,1,1,5,6,1,68,10,1997,2,16,CITROEN DISPATCH,-1,-1,0,-1
2023231308007,2023,231308007,1,19,0,12,12,4,8,0,0,0,0,0,0,0,1,1,6,6,1,82,11,1997,2,5,CITROEN DISPATCH,4,E01018511,0,-1
2023031308788,2023,031308788,2,19,0,7,7,1,3,0,0,5,0,0,0,0,4,1,1,1,1,55,8,1560,2,7,CITROEN DISPATCH,8,E01019106,0,-1
2023221374855,2023,221374855,2,19,0,4,4,7,3,0,0,0,1,0,0,0,1,1,6,6,1,60,9,1997,2,7,CITROEN DISPATCH,7,E01014114,0,-1
2023010430520,2023,010430520,1,19,0,18,19,4,8,0,0,0,0,0,0,0,1,1,1,1,1,46,8,1997,2,7,CITROEN DISPATCH,9,E01017644,0,-1
2023471365334,2023,471365334,2,19,0,18,19,3,7,0,0,1,0,0,0,0,1,1,6,6,1,66,10,1560,2,10,CITROEN DISPATCH,-1,-1,0,-1
2023010464130,2023,010464130,1,19,0,9,9,6,3,0,0,0,0,0,0,0,1,1,2,2,1,49,8,1560,2,4,CITROEN DISPATCH,1,E01012546,0,-1
2023501385651,2023,501385651,2,19,0,3,3,6,2,0,0,0,0,0,0,0,2,1,5,6,1,54,8,1560,2,7,CITROEN DISPATCH,6,E01020161,0,-1
2023101361080,2023,101361080,2,19,0,18,19,2,6,0,0,8,0,0,0,0,4,1,6,6,1,35,6,1499,2,0,CITROEN DISPATCH,3,E01008672,0,-1
2023131373892,2023,131373892,1,19,0,18,19,5,1,0,0,8,0,0,0,0,1,1,6,6,1,26,6,1997,2,2,CITROEN DISPATCH,3,E01007591,0,-1
2023201376433,2023,201376433,1,19,0,18,19,3,7,0,0,8,0,0,0,0,3,1,1,1,1,45,7,1499,2,1,CITROEN DISPATCH,8,E01028977,0,-1
2023170S10453,2023,170S10453,2,19,0,18,19,1,5,0,0,1,0,0,0,0,1,1,1,1,1,-1,-1,1560,2,10,CITROEN DISPATCH,-1,-1,0,-1
2023351283470,2023,351283470,2,19,0,18,19,3,7,0,0,8,1,0,0,0,1,1,1,1,1,48,8,1500,2,2,CITROEN DISPATCH,2,E01018063,0,-1
2023440431715,2023,440431715,2,19,0,18,19,8,4,0,0,0,0,0,0,0,1,1,6,6,3,-1,-1,-1,3,1,CITROEN DISPATCH,-1,-1,0,-1
2023421312419,2023,421312419,1,19,0,18,19,4,6,0,0,8,1,0,0,0,1,1,6,6,1,65,9,1997,2,8,CITROEN DISPATCH,7,E01021515,0,-1
2023471347952,2023,471347952,1,19,0,5,5,2,1,0,0,6,0,0,0,0,1,1,6,6,1,51,8,1560,2,15,CITROEN DISPATCH,3,E01031444,0,-1
2023320170179,2023,320170179,2,19,0,18,19,8,4,0,0,1,0,0,0,0,1,1,1,1,1,24,5,1560,2,8,CITROEN DISPATCH,4,E01028291,0,-1
2023010424731,2023,010424731,1,19,0,4,4,5,1,0,0,1,0,0,0,0,1,1,1,1,1,26,6,1997,2,4,CITROEN DISPATCH,2,E01000154,0,-1
2023131308584,2023,131308584,1,19,0,3,3,1,5,0,0,0,0,0,0,0,1,1,5,6,1,45,7,1997,2,9,CITROEN DISPATCH,8,E01011769,0,-1
2023361384644,2023,361384644,1,19,0,1,1,5,1,0,0,1,0,0,0,0,3,1,1,1,1,34,6,1997,2,5,CITROEN DISPATCH,1,E01030249,0,-1
2023221326576,2023,221326576,2,19,0,18,19,2,6,0,0,3,0,0,0,0,4,1,2,2,1,43,7,1500,2,1,CITROEN DISPATCH,6,E01029708,0,-1
2023631320690,2023,631320690,3,19,0,4,4,1,5,0,0,0,0,0,0,0,2,1,5,6,1,54,8,1560,2,14,CITROEN DISPATCH,3,W01000604,0,-1
2023201348333,2023,201348333,1,9,0,18,19,8,4,0,0,1,0,0,0,0,0,1,6,6,1,-1,-1,1997,2,8,-1,-1,-1,0,-1
2023351301596,2023,351301596,1,19,0,18,19,2,6,0,0,0,0,0,0,0,1,1,6,6,1,52,8,1560,2,13,CITROEN DISPATCH,4,E01018104,0,-1
2023061289048,2023,061289048,1,19,0,14,14,8,3,0,0,2,0,0,0,0,4,1,6,6,1,30,6,1499,2,1,CITROEN DISPATCH,-1,-1,0,-1
2023010481394,2023,010481394,2,19,0,99,99,9,9,99,99,9,9,99,9,99,1,9,6,6,3,-1,-1,1499,2,0,CITROEN DISPATCH,-1,-1,0,-1
2023320694881,2023,320694881,1,19,0,18,19,7,3,0,0,8,0,0,0,0,1,1,6,6,1,65,9,1997,2,7,CITROEN DISPATCH,-1,-1,0,-1
2023010442437,2023,010442437,1,19,0,4,4,7,3,0,0,2,0,0,0,0,2,1,2,2,1,50,8,1997,2,2,CITROEN DISPATCH,1,E01004382,0,-1
2023522301625,2023,522301625,2,8,0,2,2,0,0,0,0,0,0,0,0,0,3,1,1,1,1,54,8,1997,2,8,-1,2,E01014565,0,-1
2023501260469,2023,501260469,1,19,0,18,19,7,3,0,0,0,5,0,2,7,4,1,1,1,1,30,6,1500,2,4,CITROEN DISPATCH,9,E01020086,0,-1
2023052301815,2023,052301815,1,19,0,18,19,7,3,0,0,1,0,0,0,0,1,1,1,1,3,-1,-1,1560,2,5,CITROEN DISPATCH,-1,-1,0,-1
2023471376047,2023,471376047,3,19,0,3,3,5,1,0,0,1,0,0,0,0,2,1,1,1,1,42,7,1997,2,6,CITROEN DISPATCH,8,E01031814,0,-1
2023161353640,2023,161353640,1,19,0,16,19,4,4,0,0,1,0,0,0,0,1,1,1,1,1,22,5,1499,2,1,CITROEN DISPATCH,3,E01011722,0,-1
2023010478357,2023,010478357,1,19,0,99,99,9,9,99,99,9,9,99,9,99,2,9,6,6,1,56,9,1997,2,12,CITROEN DISPATCH,4,E01000616,0,-1
2023010480861,2023,010480861,2,19,0,9,9,5,3,0,0,5,0,0,7,0,1,1,6,6,1,23,5,1997,2,1,CITROEN DISPATCH,5,E01024134,0,-1
2023031277647,2023,031277647,2,19,0,3,3,8,4,0,0,0,0,0,0,0,2,1,1,1,1,53,8,1997,2,4,CITROEN DISPATCH,-1,-1,0,-1
2023520300872,2023,520300872,1,19,0,6,6,5,5,8,6,6,0,0,0,0,1,1,6,6,1,45,7,2000,2,2,CITROEN DISPATCH,4,E01010323,0,-1
2023332300178,2023,332300178,2,19,4,2,2,0,0,0,0,0,0,0,0,0,2,1,6,6,3,-1,-1,1868,2,17,CITROEN DISPATCH,-1,-1,0,-1
2023061304296,2023,061304296,2,19,0,3,3,4,8,0,0,0,0,0,0,0,2,1,1,1,1,53,8,1997,2,0,CITROEN DISPATCH,2,E01020849,0,-1
2023201381963,2023,201381963,1,20,0,18,19,2,6,0,0,0,0,0,0,0,1,1,1,1,1,43,7,-1,-1,-1,-1,2,E01010533,0,-1
2023451377560,2023,451377560,1,19,0,18,19,7,3,0,0,6,1,0,1,10,1,1,6,6,1,30,6,1499,2,0,CITROEN DISPATCH,6,E01030300,0,-1
2023201298871,2023,201298871,1,19,0,18,19,8,5,0,0,0,0,0,0,0,1,1,6,6,1,-1,-1,1868,2,18,CITROEN DISPATCH,1,E01009136,0,-1
202360A166182,2023,60A166182,1,20,0,18,19,2,6,0,0,1,0,0,0,0,1,1,6,6,1,28,6,-1,-1,-1,-1,-1,-1,0,-1
202360A140739,2023,60A140739,1,19,0,16,19,8,3,0,0,0,0,0,0,0,3,1,6,6,1,37,7,1500,2,2,CITROEN DISPATCH,-1,-1,0,-1
2023471313714,2023,471313714,1,19,0,3,3,8,1,0,0,1,0,0,0,0,1,1,1,1,1,72,10,1560,2,8,CITROEN DISPATCH,8,E01020988,0,-1
2023421286523,2023,421286523,2,19,-1,2,2,1,5,0,0,0,0,0,0,0,1,1,6,6,3,-1,-1,1997,2,3,CITROEN DISPATCH,-1,-1,0,-1
2023501367068,2023,501367068,1,19,0,18,19,1,5,0,0,0,0,0,0,0,3,1,1,1,1,35,6,-1,3,2,CITROEN DISPATCH,5,E01019050,0,-1
202354A454323,2023,54A454323,1,19,0,18,19,8,4,0,0,0,1,0,1,4,4,1,1,1,1,29,6,1560,2,13,CITROEN DISPATCH,1,E01017207,0,-1
2023201375070,2023,201375070,2,19,0,4,4,5,1,0,0,0,0,0,0,0,2,1,6,6,1,26,6,-1,3,2,CITROEN DISPATCH,1,E01009212,0,-1
2023461320147,2023,461320147,1,19,0,13,13,4,8,0,0,0,0,0,0,0,3,1,6,6,1,35,6,1997,2,7,CITROEN DISPATCH,2,E01024374,0,-1
2023010481010,2023,010481010,4,19,0,2,2,0,0,0,0,0,0,0,0,0,3,1,6,6,3,-1,-1,1997,2,4,CITROEN DISPATCH,-1,-1,0,-1
2023010482373,2023,010482373,2,19,0,13,13,6,2,0,0,8,0,0,0,0,4,1,1,1,1,19,4,1500,2,2,CITROEN DISPATCH,5,E01000564,0,-1
2023430063366,2023,430063366,1,19,0,18,19,6,2,0,0,1,0,0,7,1,1,1,1,1,1,34,6,1997,2,1,CITROEN DISPATCH,7,E01016713,0,-1
2023631346164,2023,631346164,1,9,0,16,19,4,8,0,0,0,2,0,7,10,3,1,5,6,1,18,4,1349,1,23,-1,3,W01001900,0,-1
2023221319714,2023,221319714,1,9,0,17,19,8,5,0,0,0,1,0,1,10,1,1,5,6,2,32,6,1349,1,24,-1,7,E01029012,0,-1
2023501381836,2023,501381836,1,17,0,18,19,7,3,9,9,8,1,10,7,11,1,1,5,6,1,27,6,-1,2,-1,-1,3,E01018793,0,-1
2023471313882,2023,471313882,1,9,0,18,19,6,8,0,0,4,0,0,0,0,1,1,6,6,2,-1,-1,1368,1,5,-1,-1,-1,0,-1
2023010456759,2023,010456759,3,9,0,2,2,0,0,0,0,0,0,0,0,0,0,1,6,6,3,-1,-1,1368,1,6,-1,-1,-1,0,-1
2023141304756,2023,141304756,1,9,0,18,19,1,5,0,0,2,0,0,0,0,3,1,6,6,2,57,9,1368,1,6,-1,3,E01008063,0,-1
2023010458677,2023,010458677,1,9,0,18,19,6,2,0,0,0,1,0,2,10,1,1,6,6,2,44,7,2521,1,13,FORD KUGA,7,E01000734,0,-1
2023010460311,2023,010460311,1,9,0,3,3,6,2,0,0,0,0,0,0,0,2,1,6,6,2,36,7,1997,2,13,FORD KUGA,6,E01002336,0,-1
2023501304121,2023,501304121,2,9,0,18,19,4,8,0,0,8,0,0,1,0,1,1,6,6,1,69,10,1997,2,8,FORD KUGA,5,E01018896,0,-1
2023071032056,2023,071032056,1,9,0,5,5,4,8,0,0,0,0,0,0,0,1,1,6,6,2,70,10,1997,2,7,FORD KUGA,-1,-1,0,-1
2023071183540,2023,071183540,1,9,0,18,19,3,7,0,0,0,0,0,0,0,1,1,6,6,2,48,8,2488,8,0,FORD KUGA,5,E01028928,0,-1
2023010452138,2023,010452138,2,9,9,99,99,9,9,99,99,9,9,99,9,99,9,9,6,6,3,-1,-1,2488,8,0,FORD KUGA,-1,-1,0,-1
2023141317826,2023,141317826,3,9,0,18,19,5,1,0,0,0,0,0,0,0,1,1,5,6,1,66,10,2488,8,1,FORD KUGA,3,E01008138,0,-1
2023131357994,2023,131357994,1,9,0,9,9,7,3,0,0,8,0,0,0,0,4,1,6,6,3,-1,-1,1499,2,5,FORD KUGA,-1,-1,0,-1
2023131386427,2023,131386427,1,9,0,18,19,3,7,0,0,0,0,4,1,0,1,1,2,2,1,51,8,1997,2,5,FORD KUGA,6,E01010816,0,-1
2023141295223,2023,141295223,3,9,0,2,2,0,0,0,0,1,0,4,0,0,2,1,6,6,3,-1,-1,1997,2,8,FORD KUGA,-1,-1,0,-1
2023332300714,2023,332300714,2,9,0,18,19,6,2,0,0,0,0,0,0,0,2,1,6,6,2,39,7,1997,2,8,FORD KUGA,3,E01013611,0,-1
2023201356824,2023,201356824,1,9,0,5,5,2,6,9,9,2,5,10,1,0,4,1,5,6,1,60,9,1499,2,2,FORD KUGA,1,E01009347,0,-1
2023010430087,2023,010430087,1,9,0,9,9,3,1,0,0,8,0,0,0,0,1,1,6,6,2,41,7,2488,8,0,FORD KUGA,1,E01001772,0,-1
2023421370410,2023,421370410,3,9,0,8,8,7,1,0,0,1,0,0,0,0,3,1,2,2,1,31,6,1997,2,10,FORD KUGA,-1,-1,0,-1
2023440355390,2023,440355390,2,9,0,3,3,3,7,0,0,0,0,0,0,0,2,1,6,6,2,34,6,1498,1,7,FORD KUGA,2,E01028233,0,-1
2023131395682,2023,131395682,3,9,0,2,2,0,0,0,0,0,0,0,0,0,3,1,6,6,3,-1,-1,1498,1,5,FORD KUGA,-1,-1,0,-1
2023061457750,2023,061457750,1,9,0,18,19,5,1,0,0,0,0,0,0,0,1,1,6,6,3,40,7,1997,2,14,FORD KUGA,-1,-1,0,-1
2023131261247,2023,131261247,1,9,0,18,19,1,5,0,0,0,0,0,0,0,1,1,5,6,1,67,10,1997,2,8,FORD KUGA,7,E01011849,0,-1
2023531260867,2023,531260867,2,9,0,18,19,1,5,0,0,0,2,0,1,0,1,1,6,6,2,29,6,1997,2,6,FORD KUGA,-1,-1,0,-1
2023351339516,2023,351339516,1,9,0,7,7,1,5,0,0,2,0,0,0,0,1,1,2,2,1,33,6,1498,1,4,FORD KUGA,2,E01018075,0,-1
2023041337301,2023,041337301,2,9,0,18,19,5,1,0,0,0,1,0,2,7,2,1,5,6,1,61,9,1499,2,1,FORD KUGA,1,E01005101,0,-1
2023501309288,2023,501309288,1,9,0,18,19,5,1,0,0,8,0,0,0,0,2,1,6,6,2,56,9,1997,2,7,FORD KUGA,6,E01022186,0,-1
2023461331669,2023,461331669,2,9,0,4,4,7,3,0,0,0,0,0,0,0,2,1,5,6,1,69,10,1496,1,3,FORD KUGA,7,E01024137,0,-1
2023010453431,2023,010453431,1,9,0,99,99,9,9,99,99,9,9,99,9,99,2,9,6,6,2,55,8,1498,1,8,FORD KUGA,2,E01004010,0,-1
2023361347217,2023,361347217,3,9,0,4,4,4,8,0,0,1,0,0,0,0,2,1,2,2,2,57,9,1997,2,7,FORD KUGA,9,E01026497,0,-1
2023010427584,2023,010427584,1,9,0,18,19,7,3,0,0,1,0,0,0,0,3,1,1,1,1,43,7,2488,8,1,FORD KUGA,3,E01001887,0,-1
2023461295407,2023,461295407,2,9,0,2,2,0,0,0,0,0,0,0,0,0,4,1,5,6,3,-1,-1,1997,2,4,FORD KUGA,-1,-1,0,-1
2023052300903,2023,052300903,1,9,0,18,19,5,1,0,0,0,0,0,7,0,1,1,6,6,1,34,6,2488,8,0,FORD KUGA,1,E01006729,0,-1
2023231327024,2023,231327024,1,9,0,4,4,5,1,0,0,0,0,0,0,0,1,1,5,6,2,62,9,1997,2,9,FORD KUGA,5,E01031327,0,-1
2023501287147,2023,501287147,1,9,0,18,19,5,1,0,0,0,0,0,0,0,1,1,6,6,2,53,8,1997,2,6,FORD KUGA,-1,-1,0,-1
2023991280279,2023,991280279,1,9,0,13,13,5,1,0,0,0,5,10,1,11,4,1,5,6,1,68,10,1997,2,6,FORD KUGA,7,-1,0,-1
2023302301222,2023,302301222,4,9,0,3,3,3,7,0,0,0,0,0,0,0,2,1,2,2,1,43,7,1997,2,10,FORD KUGA,2,E01019799,0,-1
2023010477027,2023,010477027,1,9,0,9,9,3,1,9,9,2,0,0,1,2,1,1,6,6,1,31,6,1498,1,5,FORD KUGA,2,E01003990,0,-1
2023421371087,2023,421371087,2,9,0,11,11,5,1,0,0,4,0,0,0,0,3,1,6,6,1,44,7,1499,2,2,FORD KUGA,5,E01021922,0,-1
2023122300780,2023,122300780,1,9,0,9,9,9,9,0,0,3,0,0,0,0,4,1,6,6,2,24,5,1997,2,7,FORD KUGA,6,E01027842,0,-1
2023320712341,2023,320712341,1,9,0,7,7,7,8,0,0,8,0,0,0,0,1,1,6,6,2,57,9,1997,2,11,FORD KUGA,2,E01026006,0,-1
2023211388883,2023,211388883,1,9,0,18,19,6,8,0,0,0,0,0,0,0,1,1,6,6,2,57,9,1997,2,3,FORD KUGA,5,E01010552,0,-1
2023421371314,2023,421371314,2,9,0,9,9,8,6,0,0,6,0,0,0,0,4,1,5,6,2,37,7,1997,2,4,FORD KUGA,10,E01021938,0,-1
2023451287146,2023,451287146,2,9,0,10,10,1,5,0,0,0,0,0,0,0,2,1,5,6,1,28,6,1997,2,7,FORD KUGA,9,E01030605,0,-1
2023231351479,2023,231351479,2,9,0,18,19,2,6,0,0,8,1,0,1,2,4,1,5,6,2,33,6,1997,2,8,FORD KUGA,10,E01009560,0,-1
2023371353549,2023,371353549,2,9,0,2,2,0,0,0,0,2,0,0,0,0,4,1,6,6,3,-1,-1,1997,2,5,FORD KUGA,-1,-1,0,-1
2023610015323,2023,610015323,1,9,0,16,19,7,2,0,0,0,2,0,8,4,1,2,6,6,1,86,11,1997,2,10,FORD KUGA,9,W01001595,0,-1
2023010424413,2023,010424413,2,9,0,99,99,9,9,99,99,9,9,99,9,99,9,9,6,6,3,-1,-1,1997,2,5,FORD KUGA,8,E01000179,0,-1
2023311399352,2023,311399352,1,9,0,2,2,8,4,0,0,2,0,0,0,0,1,1,1,1,1,22,5,1995,2,1,FORD KUGA,-1,-1,0,-1
2023991376506,2023,991376506,1,9,0,18,19,7,3,0,0,2,0,0,0,0,1,1,5,6,2,37,7,1997,2,4,FORD KUGA,8,-1,0,-1
2023991353270,2023,991353270,2,9,0,18,19,8,4,0,0,1,0,0,0,0,2,1,6,6,2,47,8,1997,2,4,FORD KUGA,8,-1,0,-1
2023421316376,2023,421316376,1,9,0,6,6,7,3,0,0,0,0,0,0,0,3,1,5,6,1,18,4,1997,2,6,FORD KUGA,2,E01021686,0,-1
2023332300589,2023,332300589,1,9,0,18,19,6,2,0,0,8,0,0,0,0,1,1,6,6,1,26,6,1997,2,10,FORD KUGA,4,E01025930,0,-1
2023351390501,2023,351390501,1,9,0,15,15,7,3,0,0,1,1,4,0,0,1,1,2,2,1,27,6,1997,2,13,FORD KUGA,6,E01018169,0,-1
2023052300836,2023,052300836,2,9,0,18,19,8,4,0,0,1,0,0,0,0,1,1,2,2,1,32,6,1496,1,1,FORD KUGA,4,E01006681,0,-1
2023991350741,2023,991350741,2,9,0,4,4,6,1,0,0,0,0,0,1,0,3,1,6,6,2,31,6,2488,8,2,FORD KUGA,9,-1,0,-1
2023010450440,2023,010450440,2,9,0,99,99,9,9,99,99,9,9,99,9,99,9,9,6,6,1,18,4,1498,1,4,FORD KUGA,1,E01001822,0,-1
2023991381375,2023,991381375,2,9,0,18,19,1,5,0,0,0,0,0,0,0,2,1,6,6,1,61,9,1997,2,8,FORD KUGA,3,-1,0,-1
2023231354043,2023,231354043,2,9,0,9,9,7,5,0,0,1,0,0,0,0,2,1,6,6,2,38,7,1997,2,9,FORD KUGA,9,E01031328,0,-1
2023631351534,2023,631351534,3,9,0,18,19,1,5,0,0,0,0,0,0,0,1,1,2,2,1,46,8,1997,2,9,FORD KUGA,6,W01000500,0,-1
2023351267826,2023,351267826,1,9,0,16,19,7,3,0,0,0,1,0,7,0,1,1,5,6,2,81,11,1499,2,3,FORD KUGA,5,E01017543,0,-1
2023461277375,2023,461277375,2,9,0,4,4,3,7,0,0,0,0,0,0,0,1,1,5,6,2,36,7,1997,2,6,FORD KUGA,10,E01024632,0,-1
2023543353623,2023,543353623,1,9,0,18,19,4,8,0,0,0,5,0,1,4,1,1,6,6,1,34,6,1997,2,7,FORD KUGA,8,E01015552,0,-1
2023010474038,2023,010474038,2,9,0,1,1,3,7,0,0,6,0,0,0,0,2,1,6,6,3,-1,-1,1997,2,14,FORD KUGA,-1,-1,0,-1
2023531314316,2023,531314316,3,9,0,4,4,6,2,0,0,0,0,0,0,0,2,1,2,2,2,68,10,1997,2,11,FORD KUGA,8,E01022352,0,-1
2023052301034,2023,052301034,1,9,0,6,6,7,7,0,0,8,0,0,0,0,1,1,6,6,1,46,8,1498,1,4,FORD KUGA,1,E01006544,0,-1
2023101381139,2023,101381139,1,9,0,18,19,8,4,0,0,1,0,0,0,0,1,1,1,1,1,55,8,1496,1,0,FORD KUGA,3,E01008508,0,-1
2023461320354,2023,461320354,2,9,0,-1,-1,-1,-1,-1,-1,0,-1,-1,-1,0,2,1,2,2,2,53,8,1997,2,7,FORD KUGA,3,E01024583,0,-1
2023471360136,2023,471360136,1,9,0,18,19,4,8,0,0,1,0,0,0,0,1,1,3,7,2,31,6,1997,2,11,FORD KUGA,3,E01021044,0,-1
2023991275023,2023,991275023,1,9,0,18,19,7,3,0,0,1,0,0,0,0,1,1,5,6,1,84,11,1499,2,4,FORD KUGA,6,-1,0,-1
2023421303882,2023,421303882,1,9,0,4,4,3,7,0,0,0,0,0,0,0,4,1,6,6,2,66,10,1997,2,12,FORD KUGA,-1,-1,0,-1
2023411359648,2023,411359648,2,9,0,2,2,0,0,9,9,0,0,0,0,0,2,1,6,6,1,57,9,1997,2,9,FORD KUGA,4,E01023395,0,-1
2023131382007,2023,131382007,1,9,0,5,5,5,1,0,0,0,0,0,0,0,1,1,1,1,1,32,6,1995,2,1,FORD KUGA,10,E01011196,0,-1
2023052301086,2023,052301086,1,9,0,16,19,1,5,0,0,4,0,10,1,1,1,1,6,6,1,22,5,1499,2,5,FORD KUGA,4,E01006584,0,-1
2023991302648,2023,991302648,1,9,0,16,19,5,8,0,0,0,0,0,7,10,1,1,5,6,1,32,6,1997,2,7,FORD KUGA,2,-1,0,-1
2023461375215,2023,461375215,1,9,0,18,19,3,7,0,0,4,0,0,0,0,3,1,5,6,2,54,8,1499,2,1,FORD KUGA,6,E01024245,0,-1
2023340NN4302,2023,340NN4302,2,9,0,18,19,5,1,0,0,1,1,0,0,0,1,1,6,6,1,69,10,1997,2,8,FORD KUGA,6,E01027119,0,-1
2023421340592,2023,421340592,2,9,0,18,19,1,5,0,0,0,0,0,0,0,2,1,6,6,2,28,6,1498,1,4,FORD KUGA,1,E01015932,0,-1
2023211302030,2023,211302030,1,9,-1,-1,-1,-1,-1,-1,-1,-1,-1,-1,-1,0,-1,1,6,6,2,61,9,1499,2,3,FORD KUGA,2,E01029765,0,-1
2023461297496,2023,461297496,1,9,0,7,7,3,1,0,0,5,0,0,0,0,1,1,6,6,1,32,6,1499,2,6,FORD KUGA,1,E01024306,0,-1
2023052300377,2023,052300377,2,9,0,18,19,6,2,0,0,8,0,0,0,0,1,1,6,6,1,60,9,1997,2,14,FORD KUGA,1,E01006762,0,-1
2023211353770,2023,211353770,1,9,0,18,19,4,8,0,0,1,0,0,0,0,1,1,6,6,2,44,7,1499,2,1,FORD KUGA,7,E01029530,0,-1
2023070955835,2023,070955835,2,9,0,18,19,1,1,0,0,0,0,0,0,0,3,1,2,2,1,58,9,1499,2,6,FORD KUGA,10,E01018436,0,-1
2023471356646,2023,471356646,3,9,0,4,4,5,8,0,0,1,0,0,0,0,2,1,6,6,2,67,10,1498,1,4,FORD KUGA,4,E01031453,0,-1
2023332300449,2023,332300449,1,9,0,7,7,7,1,0,0,6,0,0,0,0,2,1,6,6,1,72,10,1997,2,4,FORD KUGA,3,E01025943,0,-1
2023501313358,2023,501313358,1,9,0,18,19,5,8,0,0,0,0,6,1,9,1,1,6,6,1,79,11,1997,2,9,FORD KUGA,5,E01020101,0,-1
2023111354750,2023,111354750,1,9,0,18,19,2,6,0,0,2,0,0,0,0,4,1,6,6,1,78,11,1498,1,4,FORD KUGA,2,E01020806,0,-1
2023421362824,2023,421362824,1,9,0,18,19,7,3,0,0,0,0,0,0,0,1,1,5,6,1,51,8,1997,2,7,FORD KUGA,4,E01021295,0,-1
2023520301766,2023,520301766,2,9,0,3,3,1,5,0,0,0,0,0,0,0,2,1,6,6,1,68,10,1496,1,3,FORD KUGA,4,E01029186,0,-1
2023211311481,2023,211311481,1,9,0,18,19,1,5,0,0,0,0,0,0,0,1,1,6,6,1,37,7,1997,2,10,FORD KUGA,2,E01014234,0,-1
2023471374106,2023,471374106,2,9,0,5,5,5,1,0,0,0,0,0,0,0,2,1,2,2,2,30,6,1499,2,6,FORD KUGA,8,E01031587,0,-1
2023101392460,2023,101392460,2,9,0,18,19,1,5,0,0,3,0,0,1,0,3,1,5,6,1,33,6,1997,2,9,FORD KUGA,-1,-1,0,-1
2023421340475,2023,421340475,3,9,0,2,2,0,0,9,9,1,0,0,0,0,4,1,6,6,2,39,7,2521,1,13,FORD KUGA,5,E01021720,0,-1
2023170M11253,2023,170M11253,1,9,0,5,5,2,7,0,0,1,0,0,0,0,2,1,6,6,2,27,6,1997,2,12,FORD KUGA,2,E01012168,0,-1
2023501378959,2023,501378959,2,9,0,2,2,0,0,0,0,0,0,0,0,0,2,1,6,6,3,-1,-1,1498,1,5,FORD KUGA,-1,-1,0,-1
2023552301012,2023,552301012,1,9,0,18,19,4,8,0,0,0,0,0,0,0,4,1,6,6,2,55,8,2488,8,3,FORD KUGA,8,E01020520,0,-1
2023371380044,2023,371380044,1,9,0,7,7,1,3,0,0,1,0,0,0,0,1,1,5,6,1,77,11,1498,1,4,FORD KUGA,2,E01030274,0,-1
2023211294096,2023,211294096,1,9,0,18,19,7,6,0,0,1,0,0,1,0,1,1,6,6,2,33,6,1499,2,5,FORD KUGA,9,E01014347,0,-1
2023540690323,2023,540690323,1,9,0,18,19,3,7,0,0,0,0,0,0,0,1,1,6,6,2,37,7,1997,2,7,FORD KUGA,4,E01031980,0,-1
2023421357100,2023,421357100,2,9,0,17,19,8,1,0,0,8,0,0,0,0,1,1,5,6,2,62,9,2488,8,2,FORD KUGA,10,E01002389,0,-1
2023631369687,2023,631369687,1,9,0,17,19,3,7,0,0,0,5,0,1,10,1,1,6,6,1,32,6,1997,2,7,FORD KUGA,6,E01029756,0,-1
2023461377936,2023,461377936,2,9,0,3,3,1,5,0,0,0,0,0,0,0,3,1,6,6,2,60,9,1496,1,0,FORD KUGA,7,E01024375,0,-1
2023351275537,2023,351275537,1,9,0,9,9,2,8,0,0,2,0,0,0,0,1,1,3,7,2,35,6,1997,2,8,FORD KUGA,7,E01018269,0,-1
2023010436629,2023,010436629,2,9,0,13,13,7,3,0,0,1,0,0,0,0,1,1,6,6,3,22,5,1499,2,3,FORD KUGA,-1,-1,0,-1