collision_index,collision_year,collision_ref_no,vehicle_reference,vehicle_type,towing_and_articulation,vehicle_manoeuvre_historic,vehicle_manoeuvre,vehicle_direction_from,vehicle_direction_to,vehicle_location_restricted_lane_historic,vehicle_location_restricted_lane,junction_location,skidding_and_overturning,hit_object_in_carriageway,vehicle_leaving_carriageway,hit_object_off_carriageway,first_point_of_impact,vehicle_left_hand_drive,journey_purpose_of_driver_historic,journey_purpose_of_driver,sex_of_driver,age_of_driver,age_band_of_driver,engine_capacity_cc,propulsion_code,age_of_vehicle,generic_make_model,driver_imd_decile,lsoa_of_driver,escooter_flag,driver_distance_banding
2023631354133,2023,631354133,2,9,0,9,9,1,5,0,0,5,0,0,0,0,3,1,6,6,2,37,7,1496,1,0,FORD KUGA,7,W01000460,0,-1
2023052301502,2023,052301502,2,9,0,18,19,3,1,0,0,8,0,0,0,0,1,1,6,6,2,39,7,1997,2,11,FORD KUGA,7,E01007066,0,-1
2023451380012,2023,451380012,2,9,0,18,19,6,2,0,0,0,0,0,0,0,2,1,5,6,2,40,7,1997,2,12,FORD KUGA,7,E01032728,0,-1
2023421267556,2023,421267556,1,9,0,9,9,5,3,0,0,8,0,0,0,0,1,1,5,6,2,52,8,1997,2,10,FORD KUGA,8,E01021395,0,-1
2023421353694,2023,421353694,1,9,0,18,19,1,5,0,0,5,0,0,0,0,3,1,2,2,2,45,7,1997,2,15,FORD KUGA,3,E01021563,0,-1
2023052400060,2023,052400060,1,9,0,16,19,5,1,0,0,0,2,0,5,11,1,1,6,6,1,28,6,1496,1,0,FORD KUGA,1,E01006437,0,-1
2023471263448,2023,471263448,2,9,0,2,2,0,0,0,0,2,0,10,0,0,4,1,6,6,3,-1,-1,1997,2,5,FORD KUGA,-1,-1,0,-1
2023411349650,2023,411349650,2,9,0,12,12,4,4,0,0,0,0,0,0,0,2,1,6,6,2,66,10,1997,2,4,FORD KUGA,10,E01023412,0,-1
2023421359383,2023,421359383,2,9,0,18,19,5,1,0,0,0,0,0,0,0,3,1,6,6,1,59,9,1498,1,5,FORD KUGA,10,E01023502,0,-1
2023991370730,2023,991370730,3,9,0,2,2,0,0,0,0,2,0,0,0,0,2,1,6,6,2,58,9,1496,1,0,FORD KUGA,3,-1,0,-1
2023141272082,2023,141272082,1,9,0,18,19,5,1,0,0,0,0,0,0,0,1,1,5,6,1,56,9,1997,2,8,FORD KUGA,2,E01008014,0,-1
2023631355775,2023,631355775,1,9,0,-1,-1,-1,-1,-1,-1,0,-1,-1,-1,0,-1,1,6,6,3,-1,-1,1997,2,12,FORD KUGA,-1,-1,0,-1
2023131289529,2023,131289529,1,9,0,5,5,7,1,0,0,6,0,0,0,0,4,1,6,6,1,24,5,1997,2,9,FORD KUGA,1,E01010700,0,-1
2023522301710,2023,522301710,2,9,0,3,3,3,1,0,0,0,0,0,0,0,4,1,6,6,1,63,9,1997,2,7,FORD KUGA,7,E01010123,0,-1
2023170H10983,2023,170H10983,2,9,0,18,19,5,1,0,0,1,0,0,0,0,1,1,6,6,1,30,6,1499,2,2,FORD KUGA,3,E01011987,0,-1
2023451311919,2023,451311919,1,9,0,18,19,1,5,0,0,0,0,0,0,0,4,1,5,6,2,37,7,1997,2,14,FORD KUGA,-1,-1,0,-1
2023061311138,2023,061311138,1,9,0,17,19,7,3,0,0,8,0,0,0,0,1,1,5,6,2,72,10,1997,2,8,FORD KUGA,10,E01004893,0,-1
2023430069568,2023,430069568,1,9,0,16,19,2,5,0,0,1,0,0,0,0,1,1,6,6,1,75,10,1498,1,7,FORD KUGA,10,E01017861,0,-1
2023991263552,2023,991263552,2,9,0,8,8,2,4,0,0,1,0,0,0,0,2,1,5,6,1,54,8,1498,1,6,FORD KUGA,9,-1,0,-1
2023631345915,2023,631345915,1,9,0,18,19,8,4,0,0,0,0,0,0,0,1,1,5,6,1,23,5,1498,1,4,FORD KUGA,6,W01000916,0,-1
2023430083136,2023,430083136,3,9,0,18,19,8,4,0,0,0,0,0,0,0,1,1,3,7,1,-1,-1,1997,2,14,FORD KUGA,-1,-1,0,-1
2023111285108,2023,111285108,2,9,0,3,3,3,7,0,0,0,0,0,0,0,1,1,6,6,2,30,6,1498,1,5,FORD KUGA,3,E01008717,0,-1
2023471371380,2023,471371380,2,9,0,18,19,5,1,0,0,8,0,0,0,0,1,1,5,6,2,58,9,1997,2,4,FORD KUGA,7,E01017451,0,-1
2023421362611,2023,421362611,2,9,0,18,19,5,8,0,0,0,0,0,0,0,0,1,2,2,2,56,9,1498,1,5,FORD KUGA,7,E01021913,0,-1
2023332300334,2023,332300334,1,9,0,18,19,2,6,0,0,1,0,0,0,0,4,1,6,6,1,35,6,1499,2,2,FORD KUGA,2,E01009592,0,-1
2023371371091,2023,371371091,4,9,0,18,19,8,4,0,0,0,0,0,0,0,2,1,5,6,2,27,6,1498,1,6,FORD KUGA,1,E01015852,0,-1
2023111321558,2023,111321558,1,9,0,9,9,3,7,0,0,1,0,0,0,0,3,1,6,6,1,53,8,1499,2,5,FORD KUGA,1,E01020724,0,-1
2023332300944,2023,332300944,2,9,0,18,19,4,8,0,0,4,0,0,0,0,1,1,6,6,1,80,11,1498,1,5,FORD KUGA,4,E01025766,0,-1
2023451320330,2023,451320330,2,9,0,2,2,0,0,9,9,0,0,0,0,0,1,1,6,6,3,-1,-1,1997,2,7,FORD KUGA,-1,-1,0,-1
2023010420044,2023,010420044,2,9,9,99,99,9,9,0,0,9,9,99,9,99,9,9,6,6,3,-1,-1,1997,2,15,FORD KUGA,-1,-1,0,-1
2023361367435,2023,361367435,2,9,0,18,19,2,8,0,0,0,0,11,0,0,1,1,5,6,2,57,9,1997,2,15,FORD KUGA,5,E01026487,0,-1
2023421263430,2023,421263430,1,9,0,13,13,1,5,0,0,0,1,0,0,0,1,1,2,2,2,27,6,1997,2,6,FORD KUGA,6,E01033145,0,-1
2023311285903,2023,311285903,2,9,0,2,2,0,0,0,0,0,0,0,0,0,2,1,6,6,3,-1,-1,1997,2,12,FORD KUGA,-1,-1,0,-1
2023421337956,2023,421337956,1,9,0,18,19,2,6,0,0,0,0,0,0,0,4,1,5,6,2,42,7,1997,2,8,FORD KUGA,7,E01021457,0,-1
2023070688496,2023,070688496,1,9,0,18,19,2,6,0,0,0,0,0,0,0,1,1,6,6,1,42,7,1499,2,5,FORD KUGA,6,E01025418,0,-1
2023010463209,2023,010463209,2,9,0,5,5,5,1,0,0,1,0,0,0,0,2,1,6,6,2,33,6,1499,2,5,FORD KUGA,2,E01001703,0,-1
2023332301063,2023,332301063,3,9,0,18,19,1,5,0,0,0,0,0,0,0,1,1,6,6,2,35,6,1997,2,9,FORD KUGA,1,E01013637,0,-1
2023545774823,2023,545774823,2,9,0,3,3,8,5,0,0,0,0,0,0,0,3,1,6,6,1,70,10,1997,2,12,FORD KUGA,9,E01032041,0,-1
2023461268110,2023,461268110,1,9,0,9,9,8,6,0,0,6,0,0,0,0,1,1,5,6,1,58,9,1997,2,5,FORD KUGA,9,E01016106,0,-1
2023471323351,2023,471323351,1,9,0,18,19,3,7,0,0,0,0,0,1,2,3,1,6,6,1,67,10,2488,8,0,FORD KUGA,5,E01031385,0,-1
2023421361564,2023,421361564,2,9,0,14,14,1,3,0,0,8,0,4,0,0,3,1,5,6,2,43,7,1997,2,10,FORD KUGA,5,E01021996,0,-1
2023061381132,2023,061381132,1,9,0,9,9,8,6,0,0,8,0,0,0,0,1,1,5,6,2,33,6,1496,1,0,FORD KUGA,1,E01006336,0,-1
2023311315152,2023,311315152,1,9,0,2,2,8,4,0,0,2,0,4,0,0,4,1,6,6,3,-1,-1,1997,2,10,FORD KUGA,-1,-1,0,-1
2023631372675,2023,631372675,2,9,0,4,4,5,1,0,0,0,0,0,0,0,2,1,6,6,2,37,7,1997,2,4,FORD KUGA,5,W01000685,0,-1
2023101364992,2023,101364992,1,9,0,18,19,1,3,0,0,0,0,0,0,0,1,1,5,6,2,35,6,1499,2,4,FORD KUGA,2,E01008477,0,-1
2023461349144,2023,461349144,1,9,0,4,4,3,7,0,0,0,0,0,0,0,1,1,6,6,1,91,11,1498,1,8,FORD KUGA,4,E01024539,0,-1
2023522400960,2023,522400960,2,9,0,18,19,6,2,0,0,1,0,0,0,0,1,1,6,6,2,50,8,1997,2,7,FORD KUGA,7,E01014945,0,-1
2023471334551,2023,471334551,1,9,0,3,3,5,1,0,0,0,0,0,0,0,2,1,6,6,2,37,7,1997,2,14,FORD KUGA,5,E01021195,0,-1
2023061309564,2023,061309564,4,9,0,18,19,3,7,0,0,0,0,0,7,0,3,1,6,6,2,54,8,1499,2,6,FORD KUGA,2,E01004814,0,-1
2023421350636,2023,421350636,1,9,0,10,10,5,1,0,0,0,0,0,0,0,1,1,5,6,1,51,8,1997,2,8,FORD KUGA,3,E01015987,0,-1
2023111264794,2023,111264794,1,9,0,9,9,7,5,0,0,3,0,0,0,0,3,1,6,6,2,72,10,1997,2,8,FORD KUGA,2,E01020842,0,-1
2023440149300,2023,440149300,2,9,0,4,4,2,6,0,0,2,0,0,0,0,2,1,6,6,2,29,6,1997,2,12,FORD KUGA,4,E01017187,0,-1
2023201410861,2023,201410861,1,9,0,1,1,2,6,9,9,6,0,0,0,0,3,1,6,6,2,80,11,1498,1,6,FORD KUGA,10,E01009670,0,-1
2023010484781,2023,010484781,3,9,0,5,5,3,7,0,0,4,0,0,0,0,1,1,6,6,1,71,10,1499,2,2,FORD KUGA,6,E01001419,0,-1
2023161387958,2023,161387958,1,9,0,9,9,1,7,9,9,0,0,0,0,0,1,1,5,6,1,41,7,1997,2,7,FORD KUGA,1,E01012928,0,-1
2023010479887,2023,010479887,1,9,9,99,99,9,9,99,99,9,9,99,9,99,9,9,6,6,1,65,9,1498,1,5,FORD KUGA,2,E01033146,0,-1
2023010430751,2023,010430751,1,9,0,99,99,9,9,0,0,1,0,0,0,0,1,1,6,6,1,52,8,1499,2,1,FORD KUGA,1,E01003515,0,-1
2023070620073,2023,070620073,3,9,0,10,10,3,7,0,0,1,0,0,0,0,2,1,6,6,2,29,6,1499,2,7,FORD KUGA,10,E01012567,0,-1
2023461336961,2023,461336961,2,9,0,18,19,5,1,0,0,0,2,0,4,0,3,1,6,6,1,62,9,1997,2,13,FORD KUGA,7,E01024727,0,-1
2023141341704,2023,141341704,3,9,0,2,2,0,0,0,0,0,0,0,0,0,4,1,6,6,3,-1,-1,1997,2,14,FORD KUGA,-1,-1,0,-1
2023131395630,2023,131395630,1,9,0,-1,-1,-1,-1,-1,-1,0,-1,-1,-1,-1,-1,1,6,6,3,-1,-1,1496,1,0,FORD KUGA,-1,-1,0,-1
2023371374765,2023,371374765,1,9,0,18,19,6,2,0,0,0,0,0,0,0,1,1,5,6,2,63,9,1997,2,4,FORD KUGA,7,E01030239,0,-1
202360A093991,2023,60A093991,2,9,0,7,7,5,8,0,0,1,0,0,0,0,2,1,6,6,1,72,10,2488,8,0,FORD KUGA,-1,-1,0,-1
2023221346516,2023,221346516,1,9,0,18,19,7,3,0,0,0,0,0,0,0,1,1,6,6,2,37,7,1997,2,9,FORD KUGA,-1,-1,0,-1
2023201410138,2023,201410138,3,9,0,18,19,8,4,0,0,1,0,0,0,0,1,1,6,6,1,58,9,1997,2,13,FORD KUGA,7,E01009975,0,-1
2023061345272,2023,061345272,3,9,0,16,19,1,6,0,0,0,0,0,0,0,0,1,1,1,1,30,6,1496,1,3,FORD KUGA,-1,-1,0,-1
2023991320949,2023,991320949,2,9,0,3,3,3,7,6,6,0,0,0,0,0,2,1,3,7,2,37,7,1997,2,13,FORD KUGA,3,E01024182,0,-1
2023211259371,2023,211259371,1,9,0,18,19,7,3,0,0,4,0,0,0,0,1,1,6,6,1,17,4,1997,2,8,FORD KUGA,-1,-1,0,-1
2023141346235,2023,141346235,1,9,0,18,19,1,5,0,0,8,5,0,1,10,3,1,1,1,1,30,6,1997,2,4,FORD KUGA,5,E01008139,0,-1
2023131354199,2023,131354199,2,9,0,7,7,6,1,0,0,0,0,0,0,0,0,1,1,1,1,30,6,1995,2,1,FORD KUGA,1,E01010994,0,-1
2023361310082,2023,361310082,1,9,0,18,19,2,6,0,0,0,1,0,7,0,1,1,2,2,1,26,6,1499,2,5,FORD KUGA,5,E01030267,0,-1
2023411322801,2023,411322801,1,9,0,16,19,1,5,0,0,0,1,11,7,1,1,1,2,2,1,57,9,1997,2,7,FORD KUGA,9,E01023467,0,-1
2023131260661,2023,131260661,1,9,0,18,19,1,1,0,0,8,0,0,0,0,0,1,5,6,1,32,6,1997,2,12,FORD KUGA,1,E01011911,0,-1
2023010439967,2023,010439967,2,9,0,99,99,9,9,99,99,0,9,99,9,99,1,9,6,6,3,-1,-1,1997,2,5,FORD KUGA,-1,-1,0,-1
2023411368486,2023,411368486,2,9,0,18,19,3,7,0,0,1,0,0,0,0,2,1,3,7,2,42,7,1997,2,5,FORD KUGA,6,E01023394,0,-1
2023421393794,2023,421393794,2,9,0,3,3,8,4,0,0,0,0,0,0,0,2,1,5,6,2,26,6,1997,2,8,FORD KUGA,3,E01021888,0,-1
2023101259150,2023,101259150,2,9,0,9,9,5,1,0,0,1,0,0,0,0,2,1,2,2,1,26,6,1997,2,10,FORD KUGA,1,E01008223,0,-1
2023041327544,2023,041327544,1,9,0,18,19,2,6,0,0,1,0,0,0,0,1,1,6,6,2,37,7,1997,2,7,FORD KUGA,4,E01025509,0,-1
2023161326805,2023,161326805,2,9,0,4,4,3,7,0,0,1,0,0,0,0,1,1,6,6,1,-1,-1,1997,2,14,FORD KUGA,-1,-1,0,-1
2023201339352,2023,201339352,1,9,0,12,12,6,2,0,0,0,0,0,0,0,4,1,6,6,2,28,6,1997,2,8,FORD KUGA,5,E01009654,0,-1
2023622300885,2023,622300885,1,9,0,18,19,8,4,0,0,1,0,0,0,0,1,1,6,6,2,28,6,1997,2,12,FORD KUGA,1,W01001740,0,-1
2023010481818,2023,010481818,1,9,0,99,99,9,9,99,99,5,9,99,9,99,9,9,6,6,1,49,8,1498,1,4,FORD KUGA,9,E01004606,0,-1
2023421328905,2023,421328905,1,9,0,18,19,6,2,0,0,0,0,0,0,0,4,1,6,6,1,73,10,1997,2,9,FORD KUGA,8,E01021885,0,-1
2023340NN4382,2023,340NN4382,1,9,0,18,19,5,1,0,0,6,5,0,0,0,1,1,6,6,1,73,10,1498,1,5,FORD KUGA,5,E01027091,0,-1
2023520301435,2023,520301435,2,9,0,18,19,5,1,0,0,0,0,0,0,0,2,1,6,6,1,48,8,1498,1,6,FORD KUGA,6,E01028703,0,-1
2023340NN2952,2023,340NN2952,1,9,0,18,19,6,2,0,0,1,0,0,0,0,1,1,6,6,3,-1,-1,1496,1,0,FORD KUGA,-1,-1,0,-1
2023211320590,2023,211320590,3,9,0,5,5,8,5,0,0,1,0,0,0,0,1,1,6,6,1,34,6,1997,2,6,FORD KUGA,-1,-1,0,-1
2023131286773,2023,131286773,1,9,0,-1,-1,-1,-1,-1,-1,-1,-1,-1,-1,-1,-1,1,6,6,1,67,10,1997,2,6,FORD KUGA,1,E01011746,0,-1
2023221364105,2023,221364105,3,9,0,18,19,5,1,0,0,0,0,0,1,0,1,1,6,6,1,37,7,1499,2,5,FORD KUGA,10,W01000307,0,-1
2023522301481,2023,522301481,2,9,0,7,7,6,1,0,0,6,0,0,0,0,1,1,6,6,1,70,10,1997,2,4,FORD KUGA,10,E01015455,0,-1
2023320669547,2023,320669547,1,9,0,18,19,2,6,0,0,1,0,0,0,0,1,1,6,6,2,79,11,1997,2,4,FORD KUGA,3,E01026046,0,-1
2023351265433,2023,351265433,2,9,0,18,19,-1,-1,0,0,1,0,1,0,0,1,1,6,6,1,34,6,1997,2,9,FORD KUGA,3,E01017978,0,-1
2023201382449,2023,201382449,2,9,0,2,2,0,0,0,0,1,0,0,0,0,1,1,1,1,1,50,8,1498,1,7,FORD KUGA,1,E01010430,0,-1
2023131346056,2023,131346056,1,9,0,7,7,7,3,0,0,6,0,0,0,0,3,1,5,6,2,51,8,1499,2,3,FORD KUGA,1,E01013841,0,-1
2023361260570,2023,361260570,5,9,0,2,2,0,0,0,0,0,0,0,0,0,1,1,6,6,2,54,8,1997,2,8,FORD KUGA,6,E01026842,0,-1
2023411279155,2023,411279155,2,9,0,9,9,1,5,0,0,8,0,0,0,0,1,1,6,6,2,37,7,1997,2,15,FORD KUGA,8,E01023552,0,-1
2023610010323,2023,610010323,2,9,0,18,19,3,7,0,0,0,0,0,0,0,1,1,6,6,1,-1,-1,1997,2,9,FORD KUGA,2,W01001693,0,-1
2023010434150,2023,010434150,2,9,0,99,99,9,9,99,99,9,9,99,9,99,1,9,6,6,3,-1,-1,2488,8,3,FORD KUGA,-1,-1,0,-1
2023340NN3292,2023,340NN3292,1,9,0,18,19,3,7,0,0,0,5,0,7,11,1,1,6,6,2,70,10,1499,2,1,FORD KUGA,10,E01025800,0,-1
2023131280162,2023,131280162,1,9,0,-1,-1,-1,-1,-1,-1,8,-1,-1,-1,0,-1,1,6,6,3,-1,-1,1997,2,10,FORD KUGA,-1,-1,0,-1
2023622301036,2023,622301036,1,9,0,18,19,6,2,0,0,3,0,0,0,0,1,1,2,2,1,56,9,1499,2,3,FORD KUGA,10,W01000791,0,-1
2023351379307,2023,351379307,1,9,0,18,19,2,6,0,0,1,0,0,1,0,3,1,5,6,1,74,10,1997,2,14,FORD KUGA,2,E01026716,0,-1
2023522300719,2023,522300719,1,9,0,1,1,6,2,0,0,0,0,0,0,0,2,1,6,6,3,-1,-1,1997,2,12,FORD KUGA,-1,-1,0,-1
2023552301059,2023,552301059,3,9,0,18,19,4,8,0,0,0,0,10,0,0,0,1,6,6,2,61,9,1499,2,5,FORD KUGA,1,E01020569,0,-1
2023141306747,2023,141306747,1,9,0,18,19,7,3,0,0,0,0,0,0,0,2,1,6,6,2,36,7,1997,2,4,FORD KUGA,-1,-1,0,-1
2023010476077,2023,010476077,1,9,0,18,19,2,6,0,0,8,0,0,0,0,1,1,6,6,1,39,7,1499,2,5,FORD KUGA,3,E01003609,0,-1
2023531259217,2023,531259217,1,9,0,18,19,8,4,0,0,1,5,0,0,0,1,1,2,2,1,57,9,1997,2,4,FORD KUGA,2,E01022160,0,-1
2023231356753,2023,231356753,2,9,0,5,5,8,4,0,0,3,0,0,0,0,1,1,5,6,1,20,4,1997,2,14,FORD KUGA,3,E01031059,0,-1
2023501326913,2023,501326913,2,9,0,18,19,3,7,0,0,1,1,0,1,11,1,1,6,6,1,53,8,1997,2,7,FORD KUGA,5,E01018785,0,-1
2023311258786,2023,311258786,1,9,0,17,19,7,3,0,0,0,0,0,1,4,1,1,5,6,1,71,10,1498,1,4,FORD KUGA,4,E01028302,0,-1
2023010451423,2023,010451423,1,9,0,4,4,5,1,0,0,1,0,0,0,0,1,1,6,6,2,53,8,1499,2,2,FORD KUGA,1,E01002852,0,-1
2023010471911,2023,010471911,1,9,0,99,99,9,9,99,99,9,9,99,9,99,2,9,1,1,2,54,8,1997,2,8,FORD KUGA,5,E01021810,0,-1
202354A490123,2023,54A490123,3,9,0,18,19,4,8,0,0,1,0,0,0,0,1,1,6,6,2,53,8,2488,8,1,FORD KUGA,7,E01031938,0,-1
2023371394279,2023,371394279,2,9,0,18,19,7,3,0,0,1,0,0,0,0,1,1,2,2,1,47,8,1997,2,10,FORD KUGA,2,E01026478,0,-1
2023101287671,2023,101287671,2,9,0,9,9,7,5,0,0,0,0,0,0,0,4,1,5,6,1,58,9,1997,2,9,FORD KUGA,2,E01008338,0,-1
2023131376189,2023,131376189,1,9,0,18,19,3,7,0,0,0,0,0,0,0,1,1,1,1,1,27,6,1995,2,1,FORD KUGA,10,E01010936,0,-1
2023131365187,2023,131365187,1,9,0,18,19,5,1,0,0,0,5,0,7,11,1,1,5,6,2,74,10,1995,2,3,FORD KUGA,8,E01010860,0,-1
2023631378614,2023,631378614,1,9,0,13,13,1,5,0,0,0,0,0,0,0,1,1,6,6,1,78,11,1997,2,9,FORD KUGA,4,W01000602,0,-1
2023010435426,2023,010435426,1,9,0,18,19,3,7,0,0,1,0,0,0,0,3,1,6,6,1,23,5,1499,2,1,FORD KUGA,5,E01000854,0,-1
2023371351926,2023,371351926,2,9,0,18,19,7,3,0,0,0,0,0,0,0,3,1,5,6,1,50,8,2488,8,0,FORD KUGA,3,E01021594,0,-1
2023010420826,2023,010420826,1,9,0,18,19,5,1,0,0,1,0,0,0,0,1,1,2,2,2,31,6,1997,2,8,FORD KUGA,8,E01002499,0,-1
2023302300930,2023,302300930,2,9,0,4,4,2,6,0,0,1,0,0,0,0,2,1,6,6,1,-1,-1,1997,2,11,FORD KUGA,6,E01019798,0,-1
2023311358273,2023,311358273,1,9,0,3,3,2,6,0,0,1,0,0,0,0,1,1,6,6,2,-1,-1,1997,2,12,FORD KUGA,-1,-1,0,-1
2023421320431,2023,421320431,2,9,0,3,3,8,4,0,0,0,0,0,0,0,2,1,5,6,2,28,6,1997,2,4,FORD KUGA,5,E01021976,0,-1
2023471331247,2023,471331247,1,9,0,13,13,1,5,0,0,0,0,0,0,0,1,1,6,6,1,17,4,1997,2,12,FORD KUGA,5,E01031526,0,-1
2023421303036,2023,421303036,2,9,0,9,9,6,4,0,0,8,0,0,0,0,0,1,5,6,1,33,6,1997,2,11,FORD KUGA,7,E01021344,0,-1
2023161311667,2023,161311667,2,9,0,1,1,5,1,0,0,1,0,0,0,0,2,1,6,6,1,-1,-1,1997,2,8,FORD KUGA,-1,-1,0,-1
2023061333994,2023,061333994,1,9,0,18,19,3,7,0,0,0,0,0,0,0,1,1,6,6,1,41,7,1498,1,7,FORD KUGA,1,E01033666,0,-1
2023340WN3882,2023,340WN3882,1,9,0,5,5,4,2,0,0,4,0,0,0,0,1,1,2,2,2,47,8,1997,2,8,FORD KUGA,6,E01027085,0,-1
2023052300537,2023,052300537,2,9,0,18,19,2,6,0,0,1,0,0,1,0,3,1,6,6,2,36,7,1997,2,9,FORD KUGA,10,E01007261,0,-1
2023131368015,2023,131368015,1,9,0,13,13,3,7,0,0,1,0,0,0,0,2,1,5,6,2,36,7,1499,2,1,FORD KUGA,1,E01010817,0,-1
2023101307576,2023,101307576,1,9,0,18,19,4,8,0,0,1,0,0,0,0,1,1,2,2,2,43,7,1499,2,3,FORD KUGA,-1,-1,0,-1
2023311351280,2023,311351280,1,9,0,18,19,2,6,0,0,1,0,0,3,0,1,1,6,6,2,72,10,2488,8,0,FORD KUGA,6,E01027926,0,-1
2023421374738,2023,421374738,2,9,0,5,5,5,1,0,0,0,0,0,0,0,3,1,2,2,1,31,6,1499,2,5,FORD KUGA,9,E01021940,0,-1
2023302300887,2023,302300887,1,9,0,18,19,2,6,0,0,0,0,0,0,0,4,1,6,6,2,73,10,1498,1,4,FORD KUGA,9,E01019850,0,-1
2023141260511,2023,141260511,2,9,0,18,19,2,7,0,0,4,0,0,0,0,1,1,5,6,1,53,8,2488,8,1,FORD KUGA,9,E01007899,0,-1
2023061332632,2023,061332632,1,9,-1,-1,-1,-1,-1,-1,-1,0,-1,-1,-1,0,2,1,5,6,2,39,7,1997,2,9,FORD KUGA,8,E01006263,0,-1
2023101334446,2023,101334446,1,9,0,18,19,1,5,0,0,8,0,0,0,0,1,1,6,6,1,20,4,1997,2,13,FORD KUGA,-1,-1,0,-1
2023991367080,2023,991367080,2,9,0,17,19,5,1,0,0,0,0,0,0,0,3,1,5,6,2,46,8,1995,2,1,FORD KUGA,7,E01024097,0,-1
2023311373550,2023,311373550,4,9,0,4,4,5,1,0,0,0,0,0,0,0,3,1,6,6,2,31,6,1498,1,4,FORD KUGA,1,E01013879,0,-1
2023031296270,2023,031296270,1,9,0,9,9,6,3,0,0,4,0,0,0,0,3,1,5,6,1,59,9,1498,1,4,FORD KUGA,-1,-1,0,-1
2023421368077,2023,421368077,2,9,0,18,19,5,3,0,0,0,0,0,0,0,1,1,6,6,1,51,8,1997,2,4,FORD KUGA,6,E01021761,0,-1
2023531358936,2023,531358936,2,9,0,18,19,7,3,0,0,8,0,0,0,0,1,1,5,6,1,81,11,1498,1,5,FORD KUGA,5,E01022321,0,-1
2023052301187,2023,052301187,1,9,0,18,19,4,8,0,0,1,0,0,0,0,1,1,6,6,2,33,6,1997,2,9,FORD KUGA,5,E01006669,0,-1
2023430551837,2023,430551837,1,9,0,4,4,3,7,0,0,0,0,0,0,0,2,1,6,6,1,64,9,1997,2,5,FORD KUGA,4,E01002409,0,-1
2023221284016,2023,221284016,2,9,0,18,19,6,2,0,0,8,0,0,0,0,3,1,3,7,2,37,7,1499,2,4,FORD KUGA,2,E01028967,0,-1
2023101312329,2023,101312329,1,9,0,-1,-1,6,2,-1,-1,0,-1,-1,-1,0,2,1,6,6,1,44,7,1499,2,2,FORD KUGA,1,E01008600,0,-1
2023501332364,2023,501332364,1,9,0,5,5,1,7,0,0,0,0,0,1,11,1,1,5,6,1,80,11,1499,2,6,FORD KUGA,3,E01015193,0,-1
2023461322626,2023,461322626,1,9,0,3,3,5,1,0,0,1,0,0,0,0,1,1,6,6,1,59,9,2488,8,1,FORD KUGA,9,E01024143,0,-1
2023411354855,2023,411354855,2,9,0,12,12,7,1,0,0,0,0,0,4,0,2,1,6,6,2,21,5,1997,2,12,FORD KUGA,10,E01023410,0,-1
2023471310865,2023,471310865,2,9,0,18,19,3,6,0,0,1,0,0,0,0,2,1,5,6,1,-1,-1,1498,1,5,FORD KUGA,4,E01021004,0,-1
2023161340437,2023,161340437,2,9,0,18,19,6,2,0,0,0,0,0,0,0,3,1,5,6,1,46,8,1997,2,8,FORD KUGA,8,E01026062,0,-1
2023201390521,2023,201390521,1,9,0,18,19,2,6,0,0,0,0,4,0,0,1,1,6,6,2,76,11,1997,2,4,FORD KUGA,2,E01009944,0,-1
2023401332742,2023,401332742,2,9,0,4,4,-1,-1,0,0,0,0,0,0,0,2,1,1,1,2,61,9,1997,2,8,FORD KUGA,3,E01015765,0,-1
2023471390372,2023,471390372,1,9,0,18,19,3,7,0,0,0,1,0,1,11,1,1,1,1,1,-1,-1,1997,2,4,FORD KUGA,2,E01016949,0,-1
2023010473000,2023,010473000,1,9,0,18,19,7,3,0,0,8,0,0,0,0,1,1,6,6,2,35,6,2488,8,1,FORD KUGA,6,E01002602,0,-1
2023991288577,2023,991288577,1,9,0,18,19,1,5,0,0,0,0,0,0,0,1,1,5,6,2,43,7,1997,2,8,FORD KUGA,5,-1,0,-1
2023430250142,2023,430250142,1,9,0,7,7,3,5,0,0,8,0,0,0,0,3,1,6,6,2,25,5,1499,2,5,FORD KUGA,3,E01016846,0,-1
2023302300276,2023,302300276,1,9,0,18,19,8,4,0,0,0,0,0,0,0,1,1,6,6,2,-1,-1,1498,1,7,FORD KUGA,4,E01019724,0,-1
2023311379789,2023,311379789,2,9,0,18,19,1,5,0,0,1,0,0,0,0,1,1,2,2,1,45,7,1995,2,3,FORD KUGA,6,E01028220,0,-1
2023421383906,2023,421383906,1,9,0,18,19,1,5,0,0,0,0,0,0,0,2,1,6,6,2,45,7,1596,1,10,FORD KUGA,-1,-1,0,-1
2023461298164,2023,461298164,1,9,0,18,19,6,2,0,0,0,0,0,0,0,1,1,6,6,2,41,7,1997,2,4,FORD KUGA,4,E01016143,0,-1
2023052301343,2023,052301343,2,9,0,18,19,3,7,0,0,1,5,0,0,0,4,1,2,2,2,41,7,1499,2,5,FORD KUGA,1,E01007017,0,-1
2023302301635,2023,302301635,4,9,0,18,19,3,7,0,0,1,0,0,0,0,1,1,2,2,1,64,9,1995,2,3,FORD KUGA,8,E01007891,0,-1
2023010443158,2023,010443158,1,9,0,18,19,5,1,9,9,0,0,10,1,2,4,1,1,1,1,59,9,2488,8,1,FORD KUGA,9,E01002354,0,-1