collision_index,collision_year,collision_ref_no,vehicle_reference,vehicle_type,towing_and_articulation,vehicle_manoeuvre_historic,vehicle_manoeuvre,vehicle_direction_from,vehicle_direction_to,vehicle_location_restricted_lane_historic,vehicle_location_restricted_lane,junction_location,skidding_and_overturning,hit_object_in_carriageway,vehicle_leaving_carriageway,hit_object_off_carriageway,first_point_of_impact,vehicle_left_hand_drive,journey_purpose_of_driver_historic,journey_purpose_of_driver,sex_of_driver,age_of_driver,age_band_of_driver,engine_capacity_cc,propulsion_code,age_of_vehicle,generic_make_model,driver_imd_decile,lsoa_of_driver,escooter_flag,driver_distance_banding
2023201413495,2023,201413495,3,9,0,18,19,7,3,0,0,8,0,0,0,0,1,1,6,6,2,29,6,1499,2,4,FORD KUGA,1,E01010235,0,-1
2023610028923,2023,610028923,1,9,0,18,19,1,5,0,0,0,0,0,0,0,1,1,1,1,2,33,6,1997,2,11,FORD KUGA,6,W01001556,0,-1
2023471370746,2023,471370746,2,9,0,18,19,4,8,0,0,8,0,0,0,0,4,1,5,6,1,40,7,1997,2,8,FORD KUGA,9,E01021208,0,-1
2023010485123,2023,010485123,2,9,0,18,19,3,7,0,0,1,1,0,0,0,3,1,6,6,2,26,6,2488,8,1,FORD KUGA,2,E01001439,0,-1
2023302300437,2023,302300437,2,9,0,9,9,3,1,0,0,0,0,0,0,0,4,1,6,6,1,56,9,1997,2,12,FORD KUGA,2,E01019563,0,-1
2023461289057,2023,461289057,1,9,0,5,5,1,2,9,9,0,0,11,0,0,1,1,5,6,1,79,11,1997,2,5,FORD KUGA,10,E01024320,0,-1
2023421315063,2023,421315063,1,9,0,18,19,7,3,0,0,0,0,0,0,0,4,1,6,6,1,-1,-1,1498,1,4,FORD KUGA,10,E01021787,0,-1
2023351365859,2023,351365859,1,9,0,18,19,7,3,0,0,0,0,7,0,0,4,1,3,7,2,38,7,1995,2,2,FORD KUGA,-1,-1,0,-1
202360A012328,2023,60A012328,1,9,0,9,9,3,1,0,0,6,0,0,0,0,3,1,6,6,1,69,10,1997,2,6,FORD KUGA,-1,-1,0,-1
2023041382716,2023,041382716,2,9,0,18,19,3,7,0,0,1,1,0,0,0,1,1,6,6,1,69,10,1499,2,5,FORD KUGA,-1,-1,0,-1
2023141325510,2023,141325510,1,9,0,3,3,3,7,0,0,0,0,0,0,0,2,1,6,6,2,24,5,1997,2,11,FORD KUGA,1,E01007727,0,-1
2023231377582,2023,231377582,1,9,0,14,14,6,2,0,0,1,0,0,7,0,4,1,1,1,2,28,6,1997,2,5,FORD KUGA,10,E01031318,0,-1
2023141371335,2023,141371335,2,9,0,1,1,2,5,0,0,0,0,0,0,0,2,1,5,6,1,52,8,1997,2,10,FORD KUGA,9,E01008137,0,-1
2023170H10703,2023,170H10703,1,9,0,18,19,5,1,0,0,0,0,0,0,0,1,1,6,6,1,60,9,1995,2,2,FORD KUGA,-1,-1,0,-1
2023010444138,2023,010444138,1,9,0,3,3,5,1,0,0,0,0,0,3,0,2,1,6,6,2,32,6,1997,2,9,FORD KUGA,-1,-1,0,-1
2023070843458,2023,070843458,1,9,0,9,9,1,5,0,0,1,0,0,0,0,1,1,2,2,1,51,8,1997,2,5,FORD KUGA,10,W01000285,0,-1
2023991387089,2023,991387089,1,9,0,18,19,6,2,0,0,8,0,0,0,0,3,1,5,6,1,32,6,1997,2,8,FORD KUGA,-1,-1,0,-1
2023052300660,2023,052300660,1,9,0,5,5,7,3,0,0,4,0,0,0,0,3,1,6,6,2,74,10,1499,2,4,FORD KUGA,2,E01006479,0,-1
2023501370876,2023,501370876,3,9,0,18,19,5,1,0,0,0,0,0,1,0,3,1,6,6,2,39,7,1997,2,7,FORD KUGA,3,E01018815,0,-1
2023421267763,2023,421267763,2,9,0,18,19,3,7,0,0,8,0,0,0,0,1,1,3,7,2,32,6,1997,2,5,FORD KUGA,4,E01016008,0,-1
2023141334633,2023,141334633,2,9,0,5,5,7,5,0,0,0,0,0,0,0,1,1,2,2,1,66,10,1496,1,2,FORD KUGA,7,E01007356,0,-1
2023302301940,2023,302301940,1,9,0,18,19,5,1,0,0,4,0,0,0,0,1,1,6,6,1,25,5,1997,2,7,FORD KUGA,8,E01033412,0,-1
2023161361830,2023,161361830,1,9,0,9,9,5,1,0,0,6,0,0,0,0,4,1,1,1,1,53,8,1997,2,7,FORD KUGA,1,E01012854,0,-1
2023501293745,2023,501293745,2,9,0,9,9,5,3,0,0,1,0,0,0,0,1,1,5,6,1,44,7,1997,2,14,FORD KUGA,2,E01020269,0,-1
2023201328048,2023,201328048,1,9,0,5,5,3,7,0,0,0,0,0,0,0,1,1,3,7,1,35,6,2488,8,3,FORD KUGA,4,E01009268,0,-1
202360A113063,2023,60A113063,1,9,0,9,9,8,5,0,0,5,0,0,0,0,4,1,6,6,1,80,11,1997,2,7,FORD KUGA,-1,-1,0,-1
2023421293130,2023,421293130,2,9,0,18,19,5,1,0,0,1,0,0,0,0,3,1,2,2,1,41,7,1499,2,5,FORD KUGA,-1,-1,0,-1
2023201310465,2023,201310465,1,9,0,18,19,1,5,0,0,0,0,0,0,0,1,1,6,6,3,-1,-1,1997,2,5,FORD KUGA,-1,-1,0,-1
2023061376332,2023,061376332,2,9,0,18,19,7,3,9,9,1,1,11,1,11,1,1,1,1,1,23,5,1496,1,3,FORD KUGA,-1,-1,0,-1
2023440232092,2023,440232092,1,9,0,3,3,7,3,0,0,0,0,0,0,0,2,1,2,2,2,31,6,1997,2,8,FORD KUGA,3,E01017242,0,-1
2023052300167,2023,052300167,1,9,0,9,9,3,1,0,0,1,0,0,0,0,1,1,6,6,3,-1,-1,1997,2,6,FORD KUGA,-1,-1,0,-1
2023320079660,2023,320079660,3,9,0,18,19,7,4,0,0,0,0,0,0,0,0,1,6,6,2,37,7,1997,2,6,FORD KUGA,8,E01026322,0,-1
2023622300596,2023,622300596,4,9,0,14,14,8,4,0,0,1,0,0,0,0,0,1,1,1,2,-1,-1,1499,2,1,FORD KUGA,1,W01000833,0,-1
2023531289588,2023,531289588,2,9,0,18,19,8,4,0,0,1,0,0,0,0,1,1,6,6,2,44,7,1997,2,14,FORD KUGA,6,E01022260,0,-1
2023991351388,2023,991351388,2,9,0,9,9,3,1,0,0,8,0,0,0,0,3,1,5,6,2,51,8,1997,2,8,FORD KUGA,2,-1,0,-1
2023201420312,2023,201420312,1,9,0,8,8,1,3,0,0,1,0,0,0,0,1,1,6,6,1,32,6,2488,8,0,FORD KUGA,1,E01009134,0,-1
2023161307210,2023,161307210,2,9,0,3,3,3,7,0,0,8,0,0,0,0,2,1,5,6,2,37,7,1997,2,7,FORD KUGA,1,E01012928,0,-1
2023111360982,2023,111360982,2,9,0,9,9,5,3,0,0,1,0,0,0,0,1,1,6,6,1,47,8,1997,2,11,FORD KUGA,2,E01020751,0,-1
2023311319953,2023,311319953,1,9,0,8,8,1,1,0,0,1,0,0,0,0,4,1,6,6,2,48,8,1498,1,4,FORD KUGA,9,E01013901,0,-1
2023610008023,2023,610008023,2,9,0,16,19,7,1,0,0,0,0,0,0,0,1,1,6,6,1,46,8,1997,2,9,FORD KUGA,9,W01001595,0,-1
2023421327700,2023,421327700,1,9,0,9,9,4,3,0,0,5,0,0,0,0,4,1,3,7,2,32,6,1496,1,3,FORD KUGA,8,E01021444,0,-1
2023170S30423,2023,170S30423,1,9,0,18,19,2,6,0,0,2,0,0,0,0,1,1,6,6,1,27,6,1997,2,6,FORD KUGA,-1,-1,0,-1
2023371262510,2023,371262510,2,9,0,4,4,-1,-1,0,0,1,0,0,0,0,2,1,5,6,2,57,9,1997,2,11,FORD KUGA,7,E01030228,0,-1
2023010460508,2023,010460508,2,9,0,9,9,7,5,99,99,9,9,99,9,99,1,9,6,6,2,60,9,1498,1,4,FORD KUGA,7,E01003395,0,-1
2023991359531,2023,991359531,1,9,0,18,19,4,8,0,0,0,0,0,1,0,4,1,1,1,2,50,8,1995,2,1,FORD KUGA,6,-1,0,-1
2023361336035,2023,361336035,3,9,0,18,19,5,1,0,0,1,0,0,0,0,1,1,6,6,1,66,10,1997,2,7,FORD KUGA,-1,-1,0,-1
2023991304830,2023,991304830,4,9,0,18,19,1,5,0,0,1,0,0,0,0,0,1,1,1,1,36,7,1997,2,5,FORD KUGA,-1,-1,0,-1
202360A043535,2023,60A043535,1,9,0,4,4,8,4,0,0,0,0,0,0,0,1,1,6,6,1,64,9,1997,2,8,FORD KUGA,-1,-1,0,-1
202360A158385,2023,60A158385,2,9,0,16,19,3,7,0,0,0,0,0,1,0,3,1,6,6,2,69,10,1997,2,4,FORD KUGA,-1,-1,0,-1
2023201420246,2023,201420246,1,9,0,9,9,1,7,0,0,6,0,0,0,0,1,1,6,6,2,50,8,1498,1,6,FORD KUGA,1,E01009307,0,-1
202360A072993,2023,60A072993,1,9,0,5,5,3,8,0,0,0,0,0,0,0,1,1,3,7,2,50,8,1997,2,15,FORD KUGA,-1,-1,0,-1
2023351394286,2023,351394286,2,9,0,18,19,-1,-1,0,0,1,0,0,0,0,1,1,6,6,2,51,8,1997,2,6,FORD KUGA,9,E01018307,0,-1
2023421366985,2023,421366985,2,9,0,16,19,3,3,0,0,0,0,0,0,0,1,1,6,6,2,33,6,1997,2,4,FORD KUGA,5,E01015926,0,-1
2023010483726,2023,010483726,2,9,9,99,99,9,9,99,99,9,9,99,9,99,4,9,6,6,3,-1,-1,1997,2,6,FORD KUGA,-1,-1,0,-1
2023991310587,2023,991310587,1,9,0,18,19,5,1,0,0,0,5,0,0,0,4,1,5,6,2,60,9,1997,2,6,FORD KUGA,6,-1,0,-1
2023320581195,2023,320581195,2,9,0,18,19,4,8,0,0,1,1,0,7,0,3,1,6,6,2,52,8,1997,2,8,FORD KUGA,8,E01027621,0,-1
2023161350209,2023,161350209,1,9,0,17,19,6,2,0,0,0,0,0,0,0,1,1,5,6,1,60,9,1499,2,5,FORD KUGA,1,E01012780,0,-1
2023131381818,2023,131381818,1,9,0,18,19,5,1,0,0,0,0,0,1,11,1,1,6,6,1,43,7,1997,2,7,FORD KUGA,5,E01010854,0,-1
2023211296446,2023,211296446,2,9,0,5,5,7,8,0,0,0,0,0,0,0,2,1,5,6,2,68,10,2488,8,1,FORD KUGA,-1,-1,0,-1
2023351389699,2023,351389699,1,9,0,7,7,-1,-1,0,0,1,0,0,0,0,1,1,6,6,2,-1,-1,1499,2,2,FORD KUGA,-1,-1,0,-1
2023141378269,2023,141378269,2,9,0,17,19,1,3,0,0,4,0,0,0,0,1,1,5,6,2,34,6,1997,2,6,FORD KUGA,3,E01007843,0,-1
2023631309385,2023,631309385,1,9,0,5,5,7,5,0,0,6,0,0,1,7,1,1,5,6,1,78,11,1997,2,7,FORD KUGA,9,W01001934,0,-1
2023052300299,2023,052300299,2,9,0,18,19,3,7,0,0,2,0,0,3,0,1,1,6,6,1,33,6,1997,2,8,FORD KUGA,7,E01007116,0,-1
2023061349068,2023,061349068,1,9,0,5,5,6,1,0,0,8,0,0,0,0,1,1,6,6,1,54,8,2488,8,0,FORD KUGA,3,E01004860,0,-1
2023421288279,2023,421288279,2,9,0,18,19,5,2,0,0,0,0,0,0,0,2,1,5,6,2,51,8,1997,2,8,FORD KUGA,7,E01021900,0,-1
2023101319183,2023,101319183,1,9,0,5,5,7,3,0,0,6,0,0,0,0,4,1,5,6,2,25,5,1499,2,5,FORD KUGA,3,E01027537,0,-1
2023071310481,2023,071310481,2,9,0,18,19,1,5,0,0,8,0,0,0,0,1,1,6,6,2,51,8,1498,1,4,FORD KUGA,7,E01018604,0,-1
2023501363047,2023,501363047,4,9,0,18,19,7,8,0,0,1,0,0,0,0,1,1,6,6,1,39,7,1997,2,9,FORD KUGA,5,E01020060,0,-1
2023411276592,2023,411276592,4,9,0,10,10,5,1,0,0,6,0,0,0,0,0,1,1,1,2,53,8,1997,2,9,FORD KUGA,10,E01023458,0,-1
2023501325885,2023,501325885,2,9,0,18,19,2,6,0,0,0,0,0,0,0,1,1,5,6,1,75,10,2488,8,0,FORD KUGA,4,E01019007,0,-1
2023221388079,2023,221388079,2,9,0,4,4,8,3,0,0,1,0,0,0,0,2,1,6,6,2,32,6,1997,2,6,FORD KUGA,5,E01014084,0,-1
2023061286528,2023,061286528,1,9,0,7,7,1,3,0,0,0,0,0,0,0,1,1,6,6,1,-1,-1,1997,2,7,FORD KUGA,6,E01005007,0,-1
2023311357119,2023,311357119,1,9,0,5,5,5,8,0,0,2,0,0,0,0,1,1,2,2,2,55,8,1997,2,7,FORD KUGA,7,E01028203,0,-1
2023231331501,2023,231331501,1,9,0,6,6,4,4,0,0,0,0,0,0,0,3,1,2,2,2,30,6,1997,2,4,FORD KUGA,-1,-1,0,-1
2023461275870,2023,461275870,1,9,0,18,19,8,4,0,0,0,0,0,0,0,1,1,5,6,1,-1,-1,1997,2,6,FORD KUGA,-1,-1,0,-1
2023541486623,2023,541486623,1,9,0,5,5,7,3,0,0,2,0,0,1,11,4,1,6,6,2,38,7,1997,2,7,FORD KUGA,10,E01015499,0,-1
2023061307336,2023,061307336,2,9,0,18,19,7,3,0,0,0,0,0,0,0,3,1,6,6,2,42,7,1499,2,2,FORD KUGA,9,E01012386,0,-1
2023201328565,2023,201328565,1,9,0,18,19,7,3,0,0,1,0,0,0,0,1,1,6,6,3,49,8,1499,2,2,FORD KUGA,2,E01009960,0,-1
2023351347050,2023,351347050,1,9,0,18,19,3,4,0,0,0,0,0,0,0,3,1,6,6,2,42,7,1997,2,7,FORD KUGA,4,E01017473,0,-1
2023461383674,2023,461383674,5,9,0,18,19,4,8,0,0,0,0,1,0,0,1,1,6,6,2,39,7,1498,1,6,FORD KUGA,3,E01016022,0,-1
2023010460906,2023,010460906,2,9,0,99,99,9,9,99,99,9,9,99,9,99,1,9,6,6,3,-1,-1,2488,8,0,FORD KUGA,-1,-1,0,-1
202360A181977,2023,60A181977,2,9,0,17,19,2,7,0,0,1,0,0,0,0,1,1,1,1,1,32,6,1499,2,1,FORD KUGA,-1,-1,0,-1
2023501319727,2023,501319727,1,9,0,16,19,3,7,0,0,0,1,0,0,0,1,1,2,2,1,25,5,1997,2,8,FORD KUGA,4,E01015029,0,-1
2023071182975,2023,071182975,2,9,0,18,19,5,1,0,0,0,1,10,1,0,3,1,6,6,2,41,7,1499,2,6,FORD KUGA,3,E01018720,0,-1
2023311392294,2023,311392294,1,9,0,18,19,3,7,0,0,0,0,0,0,0,3,1,6,6,2,45,7,1997,2,14,FORD KUGA,1,E01028276,0,-1
2023430238225,2023,430238225,1,9,0,18,19,6,2,0,0,1,0,0,0,0,1,1,6,6,3,-1,-1,1997,2,5,FORD KUGA,-1,-1,0,-1
2023471338622,2023,471338622,1,9,0,18,19,6,2,0,0,2,0,0,1,4,1,1,5,6,2,39,7,1498,1,4,FORD KUGA,3,E01024567,0,-1
2023991340851,2023,991340851,1,9,0,7,7,5,7,0,0,1,0,0,0,0,1,1,6,6,2,43,7,1496,1,0,FORD KUGA,3,-1,0,-1
2023461346954,2023,461346954,1,9,0,18,19,3,4,0,0,1,0,0,0,0,1,1,6,6,1,35,6,2488,8,2,FORD KUGA,3,E01024291,0,-1
2023991282032,2023,991282032,2,9,0,2,2,7,3,0,0,0,0,0,0,0,4,1,5,6,2,35,6,1997,2,12,FORD KUGA,3,-1,0,-1
2023052301958,2023,052301958,2,9,0,4,4,7,3,0,0,0,0,0,0,0,2,1,6,6,2,33,6,1997,2,4,FORD KUGA,6,E01025514,0,-1
2023421293323,2023,421293323,2,9,0,18,19,5,1,0,0,0,2,0,1,0,2,1,5,6,1,39,7,1498,1,5,FORD KUGA,7,E01002366,0,-1
2023201364139,2023,201364139,1,9,0,18,19,6,2,0,0,0,0,0,0,0,4,1,6,6,1,64,9,1997,2,8,FORD KUGA,5,E01009745,0,-1
2023552301278,2023,552301278,1,9,0,9,9,2,8,0,0,8,0,0,0,0,4,1,6,6,1,76,11,1997,2,6,FORD KUGA,5,E01020077,0,-1
2023421321603,2023,421321603,1,9,0,5,5,4,8,0,0,1,0,0,0,0,3,1,2,2,2,48,8,1997,2,14,FORD KUGA,3,E01021503,0,-1
2023361266166,2023,361266166,1,9,0,16,19,5,1,0,0,0,0,0,7,4,1,1,6,6,1,25,5,1997,2,12,FORD KUGA,7,E01026672,0,-1
2023161348388,2023,161348388,1,9,0,18,19,7,3,0,0,0,0,0,0,0,1,1,6,6,2,32,6,1997,2,13,FORD KUGA,1,E01013204,0,-1
2023351285281,2023,351285281,1,9,0,2,2,-1,-1,6,6,1,0,0,0,0,0,1,6,6,2,37,7,1997,2,9,FORD KUGA,6,E01018156,0,-1
2023361323515,2023,361323515,1,9,0,2,2,1,5,0,0,0,0,0,0,0,3,1,5,6,1,64,9,1997,2,10,FORD KUGA,6,E01026899,0,-1
2023070087004,2023,070087004,1,9,0,15,15,6,2,0,0,1,1,0,0,11,1,1,2,2,2,-1,-1,1997,2,6,FORD KUGA,-1,-1,0,-1
2023361368012,2023,361368012,1,9,0,3,3,5,1,0,0,1,0,0,0,0,1,1,5,6,2,63,9,1997,2,13,FORD KUGA,5,E01026785,0,-1
2023471293289,2023,471293289,3,9,0,4,4,3,7,0,0,0,0,0,0,0,2,1,6,6,2,34,6,2488,8,2,FORD KUGA,4,E01031833,0,-1
2023052302769,2023,052302769,2,9,0,2,2,0,0,0,0,0,0,0,0,0,3,1,6,6,3,-1,-1,2488,8,1,FORD KUGA,-1,-1,0,-1
2023131373528,2023,131373528,1,9,0,18,19,5,1,0,0,0,0,0,0,0,1,1,6,6,3,-1,-1,1997,2,10,FORD KUGA,-1,-1,0,-1
2023311330383,2023,311330383,2,9,0,2,2,0,0,0,0,0,0,0,0,0,1,1,5,6,1,56,9,1997,2,10,FORD KUGA,-1,-1,0,-1
2023401338187,2023,401338187,2,9,0,18,19,1,5,0,0,1,0,0,0,0,1,1,6,6,1,69,10,2488,8,2,FORD KUGA,7,E01018247,0,-1
2023201288479,2023,201288479,3,9,0,3,3,4,8,0,0,1,0,0,0,0,3,1,2,2,2,44,7,1997,2,9,FORD KUGA,9,E01031019,0,-1
2023332301155,2023,332301155,1,9,0,18,19,8,4,0,0,8,0,0,0,0,1,1,6,6,1,60,9,1498,1,3,FORD KUGA,10,E01025794,0,-1
2023010453383,2023,010453383,2,9,0,99,99,9,9,99,99,9,9,99,9,99,1,9,6,6,3,-1,-1,2488,8,1,FORD KUGA,-1,-1,0,-1
2023041280590,2023,041280590,2,9,0,18,19,3,7,0,0,0,1,7,0,0,1,1,6,6,1,47,8,1997,2,5,FORD KUGA,6,E01025402,0,-1
2023991318439,2023,991318439,1,9,0,18,19,7,3,0,0,0,0,0,0,0,1,1,5,6,1,49,8,1498,1,6,FORD KUGA,8,-1,0,-1
2023231345479,2023,231345479,2,9,0,3,3,6,2,0,0,0,0,0,0,0,2,1,6,6,2,33,6,1499,2,3,FORD KUGA,3,E01031065,0,-1
2023141330021,2023,141330021,1,9,0,3,3,4,8,0,0,0,0,0,0,0,2,1,5,6,1,56,9,1499,2,6,FORD KUGA,1,E01007886,0,-1
2023311358202,2023,311358202,1,9,3,18,19,6,1,0,0,0,0,0,0,0,0,1,5,6,1,64,9,1997,2,9,FORD KUGA,10,E01028368,0,-1
2023421359490,2023,421359490,2,9,0,2,2,0,0,9,9,0,0,0,0,0,2,1,6,6,3,-1,-1,1496,1,1,FORD KUGA,-1,-1,0,-1
2023520400145,2023,520400145,1,9,0,18,19,3,7,0,0,0,0,0,0,0,3,1,6,6,1,35,6,2488,8,1,FORD KUGA,1,E01006847,0,-1
2023101337174,2023,101337174,2,9,0,3,3,1,5,0,0,0,0,0,0,0,2,1,2,2,1,50,8,1997,2,12,FORD KUGA,1,E01008429,0,-1
2023052301578,2023,052301578,2,9,0,18,19,5,1,0,0,0,0,0,0,0,2,1,6,6,2,39,7,1997,2,11,FORD KUGA,2,E01006797,0,-1
2023461357094,2023,461357094,2,9,0,18,19,3,7,0,0,8,0,0,0,0,1,1,6,6,2,60,9,1498,1,4,FORD KUGA,6,E01024094,0,-1
2023010431783,2023,010431783,2,9,0,99,99,9,9,99,99,9,9,99,9,99,9,9,6,6,1,65,9,1997,2,11,FORD KUGA,2,E01001750,0,-1
2023401392751,2023,401392751,5,9,0,2,2,0,0,0,0,0,0,0,0,0,2,1,6,6,3,-1,-1,1997,2,10,FORD KUGA,-1,-1,0,-1
2023061280926,2023,061280926,3,9,0,18,19,6,2,0,0,0,0,0,0,0,2,1,2,2,2,43,7,1997,2,13,FORD KUGA,1,E01011371,0,-1
2023421279330,2023,421279330,2,9,0,10,10,7,5,0,0,1,0,0,0,0,2,1,6,6,2,37,7,1496,1,1,FORD KUGA,8,E01021341,0,-1
2023461262350,2023,461262350,2,9,-1,-1,-1,-1,-1,-1,-1,0,-1,-1,-1,0,1,1,6,6,2,30,6,1596,1,9,FORD KUGA,5,E01024342,0,-1
2023302301435,2023,302301435,2,9,0,9,9,3,1,0,0,8,0,0,0,0,1,1,1,1,1,-1,-1,1997,2,4,FORD KUGA,3,E01033387,0,-1
2023061334341,2023,061334341,1,9,0,4,4,4,8,0,0,0,0,0,0,0,1,1,1,1,2,50,8,1997,2,8,FORD KUGA,-1,-1,0,-1
2023421348822,2023,421348822,2,9,0,18,19,6,5,0,0,1,0,0,0,0,3,1,6,6,2,34,6,1496,1,2,FORD KUGA,2,E01021318,0,-1
2023461388579,2023,461388579,1,9,0,9,9,5,3,0,0,8,0,0,0,0,1,1,5,6,1,60,9,1496,1,0,FORD KUGA,8,E01024744,0,-1
2023421281755,2023,421281755,1,9,0,9,9,6,4,0,0,2,0,0,0,0,4,1,6,6,1,53,8,1997,2,4,FORD KUGA,4,E01022036,0,-1
2023161374182,2023,161374182,3,9,0,2,2,0,0,0,0,2,0,0,0,0,1,1,6,6,3,-1,-1,1995,2,3,FORD KUGA,-1,-1,0,-1
2023440101352,2023,440101352,1,9,0,14,14,5,1,0,0,1,0,0,0,0,4,1,6,6,1,20,4,1997,2,6,FORD KUGA,-1,-1,0,-1
2023411355986,2023,411355986,1,9,0,9,9,-1,-1,0,0,4,0,0,0,0,1,1,5,6,1,49,8,1997,2,8,FORD KUGA,5,E01005944,0,-1
2023201384033,2023,201384033,1,9,0,18,19,6,1,0,0,1,0,0,0,0,1,1,6,6,1,26,6,1499,2,6,FORD KUGA,4,E01009231,0,-1
2023552400160,2023,552400160,4,9,0,3,3,2,6,0,0,0,0,0,0,0,2,1,1,1,1,58,9,1995,2,3,FORD KUGA,8,E01015320,0,-1
2023471351850,2023,471351850,2,9,0,18,19,4,8,0,0,0,0,0,0,0,2,1,5,6,2,64,9,1498,1,6,FORD KUGA,7,E01031500,0,-1
2023361332806,2023,361332806,1,9,0,9,9,1,3,0,0,0,0,0,0,0,0,1,1,1,2,35,6,1997,2,8,FORD KUGA,1,E01026620,0,-1
2023010428606,2023,010428606,1,9,0,17,19,3,7,0,0,2,0,0,0,0,1,1,6,6,1,74,10,1496,1,1,FORD KUGA,-1,-1,0,-1
2023461279981,2023,461279981,2,9,0,18,19,3,7,0,0,1,0,0,0,0,1,1,6,6,1,65,9,1997,2,3,FORD KUGA,7,E01024518,0,-1
2023231320843,2023,231320843,1,9,0,14,14,1,5,0,0,0,0,0,0,0,1,1,3,7,1,70,10,1496,1,2,FORD KUGA,4,E01031176,0,-1
2023010455095,2023,010455095,1,9,0,7,7,5,7,0,0,5,0,0,7,0,0,1,6,6,1,80,11,1498,1,5,FORD KUGA,8,E01001126,0,-1
2023340WN7292,2023,340WN7292,2,9,0,18,19,1,5,0,0,0,0,0,0,0,1,1,6,6,2,34,6,1997,2,9,FORD KUGA,6,E01027092,0,-1
2023131332045,2023,131332045,1,9,0,18,19,5,1,0,0,1,0,0,1,0,4,1,6,6,3,24,5,1499,2,4,FORD KUGA,-1,-1,0,-1
2023131332861,2023,131332861,2,9,0,13,13,3,7,0,0,8,0,0,7,2,1,1,1,1,1,32,6,1995,2,1,FORD KUGA,7,E01011775,0,-1
2023320297644,2023,320297644,3,9,0,4,4,8,4,0,0,1,0,0,0,0,2,1,6,6,2,37,7,1997,2,5,FORD KUGA,-1,-1,0,-1
2023461337589,2023,461337589,3,9,0,2,2,0,0,0,0,0,0,0,0,0,2,1,6,6,3,-1,-1,1997,2,8,FORD KUGA,-1,-1,0,-1
2023052301680,2023,052301680,2,9,0,18,19,5,1,0,0,0,0,0,0,0,3,1,6,6,1,67,10,1496,1,0,FORD KUGA,1,E01006560,0,-1
2023211354991,2023,211354991,1,9,0,7,7,1,7,0,0,6,0,0,0,0,1,1,3,7,1,75,10,1997,2,8,FORD KUGA,-1,-1,0,-1
2023332301161,2023,332301161,1,9,0,18,19,5,1,0,0,0,0,0,0,0,1,1,3,7,2,69,10,1997,2,4,FORD KUGA,7,E01013787,0,-1
2023061308114,2023,061308114,1,9,0,18,19,3,7,0,0,0,0,0,0,0,4,1,5,6,2,62,9,1997,2,7,FORD KUGA,5,E01005269,0,-1
2023501380942,2023,501380942,2,9,0,18,19,2,7,0,0,1,0,0,0,0,1,1,3,7,2,37,7,1997,2,7,FORD KUGA,2,E01015023,0,-1
2023371307897,2023,371307897,2,9,0,18,19,1,5,0,0,8,0,0,0,0,1,1,5,6,2,48,8,1997,2,13,FORD KUGA,2,E01030170,0,-1
2023461293121,2023,461293121,1,9,0,9,9,7,5,0,0,6,0,0,0,0,4,1,5,6,2,45,7,1997,2,9,FORD KUGA,4,E01024681,0,-1
2023421387314,2023,421387314,2,9,0,15,15,7,3,0,0,0,0,0,0,0,4,1,5,6,2,74,10,1997,2,6,FORD KUGA,7,E01002301,0,-1
2023471393108,2023,471393108,2,9,0,18,19,5,1,0,0,0,0,0,0,0,1,1,5,6,1,74,10,1498,1,7,FORD KUGA,10,E01031681,0,-1
2023340WN0412,2023,340WN0412,2,9,0,3,3,6,2,0,0,0,0,0,0,0,2,1,6,6,2,25,5,1997,2,5,FORD KUGA,9,E01017417,0,-1
2023070289967,2023,070289967,1,9,0,9,9,1,7,0,0,5,0,0,0,0,0,1,6,6,2,49,8,1498,1,8,FORD KUGA,3,E01018446,0,-1
2023421292222,2023,421292222,5,9,0,4,4,5,1,0,0,0,0,0,0,0,2,1,6,6,2,66,10,1997,2,7,FORD KUGA,5,E01021732,0,-1
202360A070370,2023,60A070370,2,9,0,9,9,8,6,0,0,1,0,0,0,0,3,1,6,6,2,54,8,1498,1,5,FORD KUGA,-1,-1,0,-1
2023991383075,2023,991383075,2,9,0,18,19,6,2,0,0,2,0,0,0,0,1,1,6,6,1,36,7,1997,2,13,FORD KUGA,-1,-1,0,-1
2023161348604,2023,161348604,2,9,0,18,19,1,5,5,5,1,0,0,0,0,4,1,6,6,1,55,8,1499,2,3,FORD KUGA,-1,-1,0,-1
2023411382820,2023,411382820,2,9,-1,-1,-1,-1,-1,-1,-1,-1,-1,-1,-1,0,-1,1,6,6,1,43,7,1997,2,4,FORD KUGA,8,E01023596,0,-1
2023031299961,2023,031299961,1,9,0,18,19,3,7,0,0,8,0,0,0,0,1,1,5,6,1,83,11,2488,8,0,FORD KUGA,-1,-1,0,-1
2023991391551,2023,991391551,1,9,0,18,19,3,7,0,0,0,0,0,1,9,1,1,5,6,2,68,10,1997,2,9,FORD KUGA,-1,-1,0,-1
2023991379606,2023,991379606,1,9,0,18,19,3,7,0,0,0,0,0,0,0,4,1,6,6,1,61,9,1997,2,10,FORD KUGA,4,-1,0,-1
2023141392115,2023,141392115,1,9,0,18,19,3,8,9,9,1,0,0,1,0,1,1,6,6,1,17,4,1498,1,6,FORD KUGA,3,E01007591,0,-1
2023501306474,2023,501306474,1,9,0,18,19,7,2,0,0,0,0,0,0,0,3,2,5,6,1,53,8,1997,2,14,FORD KUGA,4,E01020328,0,-1