collision_index,collision_year,collision_ref_no,vehicle_reference,vehicle_type,towing_and_articulation,vehicle_manoeuvre_historic,vehicle_manoeuvre,vehicle_direction_from,vehicle_direction_to,vehicle_location_restricted_lane_historic,vehicle_location_restricted_lane,junction_location,skidding_and_overturning,hit_object_in_carriageway,vehicle_leaving_carriageway,hit_object_off_carriageway,first_point_of_impact,vehicle_left_hand_drive,journey_purpose_of_driver_historic,journey_purpose_of_driver,sex_of_driver,age_of_driver,age_band_of_driver,engine_capacity_cc,propulsion_code,age_of_vehicle,generic_make_model,driver_imd_decile,lsoa_of_driver,escooter_flag,driver_distance_banding
2023010423915,2023,010423915,3,9,0,18,19,7,3,0,0,0,0,0,0,0,1,1,6,6,3,-1,-1,1997,2,6,FORD KUGA,-1,-1,0,-1
2023631382965,2023,631382965,1,9,0,16,19,8,4,0,0,0,0,0,0,0,3,1,5,6,2,53,8,1997,2,6,FORD KUGA,5,W01000529,0,-1
2023552300579,2023,552300579,2,9,0,4,4,1,5,0,0,0,0,0,1,0,2,1,6,6,2,33,6,1997,2,14,FORD KUGA,7,E01020576,0,-1
2023371356502,2023,371356502,2,9,0,9,9,6,4,0,0,0,0,0,0,0,2,1,1,1,2,65,9,2488,8,3,FORD KUGA,7,E01030200,0,-1
2023052303059,2023,052303059,1,9,0,16,19,4,8,0,0,8,1,0,8,11,3,1,6,6,1,23,5,1997,2,7,FORD KUGA,1,E01007138,0,-1
2023010449548,2023,010449548,1,9,0,18,19,7,3,0,0,1,0,0,0,0,2,1,2,2,1,59,9,1995,2,3,FORD KUGA,3,E01002749,0,-1
2023332300964,2023,332300964,2,9,0,18,19,5,1,0,0,0,0,0,0,0,1,1,6,6,3,-1,-1,1997,2,10,FORD KUGA,-1,-1,0,-1
2023421260435,2023,421260435,2,9,0,2,2,0,0,0,0,0,0,0,0,0,1,1,1,1,1,32,6,1997,2,4,FORD KUGA,4,E01021651,0,-1
2023161371919,2023,161371919,2,9,0,18,19,4,8,0,0,1,0,0,0,0,1,1,6,6,1,37,7,1997,2,4,FORD KUGA,-1,-1,0,-1
2023041343424,2023,041343424,3,9,0,18,19,4,8,0,0,0,0,0,0,0,1,1,5,6,1,42,7,2488,8,0,FORD KUGA,8,E01006318,0,-1
2023991368189,2023,991368189,1,9,0,4,4,3,7,0,0,0,0,0,0,0,1,1,1,1,1,43,7,1997,2,6,FORD KUGA,3,-1,0,-1
2023421359345,2023,421359345,1,9,0,13,13,3,7,0,0,1,0,0,0,0,4,1,6,6,1,53,8,1499,2,2,FORD KUGA,4,E01015947,0,-1
2023991272393,2023,991272393,1,9,0,18,19,1,4,0,0,0,2,0,1,9,1,1,5,6,2,27,6,1997,2,9,FORD KUGA,6,-1,0,-1
2023141285138,2023,141285138,1,9,0,16,19,2,8,0,0,6,2,0,0,0,1,1,5,6,1,59,9,1997,2,6,FORD KUGA,2,E01007470,0,-1
2023141311064,2023,141311064,1,9,0,18,19,3,7,0,0,0,0,0,0,0,4,1,5,6,1,70,10,1499,2,5,FORD KUGA,7,E01007999,0,-1
2023010473410,2023,010473410,1,9,0,18,19,7,3,0,0,2,0,0,0,0,0,1,6,6,3,-1,-1,2488,8,2,FORD KUGA,-1,-1,0,-1
2023161368261,2023,161368261,2,9,0,4,4,6,2,0,0,0,0,0,0,0,1,1,6,6,2,72,10,1498,1,5,FORD KUGA,4,E01027853,0,-1
2023311340219,2023,311340219,1,9,0,18,19,5,1,0,0,8,0,0,0,0,3,1,6,6,1,57,9,1997,2,7,FORD KUGA,8,E01028235,0,-1
2023302301326,2023,302301326,1,9,0,9,9,4,2,0,0,1,0,0,0,0,3,1,2,2,2,38,7,1997,2,9,FORD KUGA,9,E01019643,0,-1
2023231283723,2023,231283723,1,9,0,17,19,2,6,0,0,0,5,0,0,0,3,1,6,6,1,38,7,1997,2,14,FORD KUGA,2,E01031010,0,-1
2023520400970,2023,520400970,2,9,0,9,9,7,5,0,0,5,0,0,0,0,4,1,6,6,2,61,9,1498,1,4,FORD KUGA,10,E01029160,0,-1
2023161324895,2023,161324895,2,9,0,2,2,0,0,0,0,0,0,0,0,0,3,1,6,6,3,-1,-1,1995,2,1,FORD KUGA,-1,-1,0,-1
2023543077223,2023,543077223,1,9,0,18,19,7,3,0,0,0,0,0,0,0,3,1,6,6,1,37,7,1997,2,7,FORD KUGA,8,E01031988,0,-1
2023543879223,2023,543879223,1,9,0,7,7,2,5,0,0,6,0,0,0,0,1,1,6,6,2,71,10,1498,1,5,FORD KUGA,6,E01020462,0,-1
2023010465659,2023,010465659,2,9,0,99,99,9,9,99,99,9,9,99,9,99,9,9,6,6,3,-1,-1,2488,8,1,FORD KUGA,-1,-1,0,-1
2023332300463,2023,332300463,2,9,0,4,4,7,3,0,0,0,0,0,0,0,2,1,6,6,2,36,7,1499,2,2,FORD KUGA,9,E01025951,0,-1
2023622301013,2023,622301013,2,9,0,18,19,1,5,0,0,0,0,0,0,0,1,1,6,6,1,66,10,1498,1,4,FORD KUGA,6,W01001076,0,-1
2023531280634,2023,531280634,2,9,0,18,19,1,5,0,0,8,5,0,7,1,4,1,5,6,1,47,8,1498,1,5,FORD KUGA,9,E01014898,0,-1
2023170S11813,2023,170S11813,2,9,0,18,19,2,6,0,0,8,0,0,0,0,1,1,6,6,1,52,8,1498,1,4,FORD KUGA,3,E01012206,0,-1
2023221306701,2023,221306701,6,9,0,2,2,0,0,0,0,2,0,0,0,0,2,1,6,6,3,-1,-1,1997,2,14,FORD KUGA,-1,-1,0,-1
2023631327428,2023,631327428,1,9,0,18,19,7,3,0,0,0,0,0,0,0,1,1,5,6,2,72,10,1997,2,6,FORD KUGA,8,W01000649,0,-1
2023520400804,2023,520400804,1,9,0,18,19,5,1,0,0,1,0,0,0,0,1,1,6,6,2,32,6,1997,2,9,FORD KUGA,3,E01029111,0,-1
2023471378210,2023,471378210,2,9,0,18,19,7,3,0,0,1,0,0,0,0,1,1,2,2,1,41,7,1997,2,10,FORD KUGA,8,E01021209,0,-1
2023545615523,2023,545615523,2,9,0,18,19,7,3,0,0,0,0,0,0,0,1,1,6,6,1,34,6,2488,8,0,FORD KUGA,9,E01027084,0,-1
2023552300885,2023,552300885,1,9,0,18,19,3,7,0,0,3,0,0,0,0,1,1,6,6,1,53,8,2488,8,0,FORD KUGA,5,E01020562,0,-1
2023622300453,2023,622300453,1,9,0,18,19,6,2,0,0,0,0,10,7,3,1,1,6,6,1,47,8,1997,2,8,FORD KUGA,9,W01001105,0,-1
2023101337957,2023,101337957,3,9,3,18,19,7,3,0,0,8,0,0,0,0,0,1,5,6,1,67,10,1997,2,8,FORD KUGA,9,E01020813,0,-1
2023161289897,2023,161289897,2,9,0,4,4,1,5,0,0,1,0,0,0,0,2,1,5,6,2,55,8,1499,2,3,FORD KUGA,10,E01027855,0,-1
2023010486735,2023,010486735,1,9,0,99,99,9,9,99,99,9,9,99,9,99,2,9,6,6,1,38,7,1997,2,7,FORD KUGA,3,W01001286,0,-1
2023430366624,2023,430366624,1,9,0,18,19,2,6,0,0,8,0,0,0,0,3,1,6,6,1,44,7,1498,1,7,FORD KUGA,1,E01010622,0,-1
2023401371181,2023,401371181,2,9,0,2,2,0,0,0,0,1,0,0,0,0,1,1,6,6,3,-1,-1,1997,2,4,FORD KUGA,-1,-1,0,-1
2023101369193,2023,101369193,1,9,0,9,9,4,5,0,0,1,0,0,0,0,1,1,2,2,2,27,6,1499,2,6,FORD KUGA,6,E01008177,0,-1
2023411348369,2023,411348369,1,9,0,11,11,6,2,0,0,0,1,0,5,6,1,1,6,6,1,46,8,1498,1,5,FORD KUGA,9,E01030683,0,-1
2023440071245,2023,440071245,2,9,0,18,19,4,8,0,0,0,0,0,1,3,1,1,1,1,1,22,5,1499,2,2,FORD KUGA,-1,-1,0,-1
2023541111123,2023,541111123,1,9,0,18,19,3,6,0,0,2,0,0,0,0,1,1,6,6,2,42,7,2488,8,1,FORD KUGA,7,E01015583,0,-1
2023501348094,2023,501348094,3,9,0,18,19,5,1,0,0,1,0,0,0,0,1,1,6,6,1,57,9,2488,8,1,FORD KUGA,5,E01020093,0,-1
2023141295532,2023,141295532,3,9,0,2,2,0,0,0,0,2,0,4,0,0,3,1,6,6,3,-1,-1,1995,2,3,FORD KUGA,-1,-1,0,-1
2023041323335,2023,041323335,1,9,0,4,4,6,2,0,0,0,0,0,0,0,1,1,5,6,2,31,6,1997,2,12,FORD KUGA,8,E01024924,0,-1
2023622300263,2023,622300263,3,9,0,4,4,1,5,0,0,0,0,0,0,0,2,1,6,6,2,34,6,1997,2,6,FORD KUGA,4,W01001013,0,-1
2023041294454,2023,041294454,1,9,0,9,9,1,7,0,0,3,0,0,0,0,1,1,5,6,1,53,8,1997,2,10,FORD KUGA,7,E01025339,0,-1
2023061391054,2023,061391054,1,9,0,18,19,2,6,0,0,0,0,0,0,0,1,1,1,1,2,23,5,1496,1,3,FORD KUGA,-1,-1,0,-1
2023320528611,2023,320528611,2,9,0,18,19,6,3,0,0,8,0,0,0,0,4,1,6,6,2,36,7,2488,8,2,FORD KUGA,4,E01026254,0,-1
2023010470690,2023,010470690,2,9,0,3,3,1,5,0,0,0,0,0,0,0,1,1,6,6,2,37,7,1499,2,1,FORD KUGA,7,E01002329,0,-1
2023201383426,2023,201383426,2,9,0,18,19,7,3,0,0,8,1,0,0,0,2,1,1,1,1,36,7,1995,2,1,FORD KUGA,5,E01009009,0,-1
2023471340878,2023,471340878,1,9,3,4,4,7,1,0,0,0,0,0,0,0,3,1,5,6,1,49,8,1997,2,8,FORD KUGA,3,E01031783,0,-1
2023451324631,2023,451324631,2,9,0,9,9,3,7,0,0,0,0,0,0,0,3,1,5,6,1,66,10,1997,2,4,FORD KUGA,5,E01032357,0,-1
2023101374294,2023,101374294,1,9,0,2,2,0,0,9,9,0,0,0,0,0,4,1,6,6,3,-1,-1,1997,2,8,FORD KUGA,-1,-1,0,-1
2023421342158,2023,421342158,2,9,0,10,10,8,6,0,0,1,0,0,0,0,2,1,5,6,2,36,7,1498,1,5,FORD KUGA,5,E01021680,0,-1
2023131393072,2023,131393072,1,9,0,9,9,7,5,0,0,3,0,0,0,0,4,1,5,6,1,37,7,2488,8,0,FORD KUGA,8,E01011276,0,-1
2023010440353,2023,010440353,2,9,0,99,99,9,9,99,99,0,9,99,9,99,1,9,6,6,2,40,7,1997,2,7,FORD KUGA,5,E01002347,0,-1
2023010446313,2023,010446313,1,9,0,99,99,9,9,99,99,9,9,99,9,99,1,9,2,2,2,45,7,1997,2,11,FORD KUGA,2,E01002314,0,-1
2023332300620,2023,332300620,1,9,0,10,10,1,7,0,0,8,0,0,0,0,2,1,6,6,1,73,10,1997,2,7,FORD KUGA,7,E01025882,0,-1
2023061390525,2023,061390525,1,9,-1,-1,-1,-1,-1,-1,-1,0,-1,-1,-1,0,-1,1,6,6,3,-1,-1,1997,2,7,FORD KUGA,3,E01005618,0,-1
2023010471273,2023,010471273,1,9,0,18,19,3,7,0,0,2,0,0,0,0,0,1,1,1,1,26,6,2488,8,2,FORD KUGA,3,E01002695,0,-1
2023161364119,2023,161364119,1,9,0,18,19,6,2,0,0,0,0,0,0,0,2,1,6,6,1,44,7,1997,2,10,FORD KUGA,10,E01012978,0,-1
2023340WN6152,2023,340WN6152,2,9,0,18,19,6,2,0,0,1,0,0,0,0,1,1,6,6,2,55,8,1498,1,5,FORD KUGA,8,E01027290,0,-1
2023332300105,2023,332300105,1,9,0,18,19,7,3,0,0,0,0,0,1,4,1,1,2,2,1,54,8,1997,2,8,FORD KUGA,3,E01028306,0,-1
2023010482737,2023,010482737,1,9,0,18,19,1,5,0,0,2,1,0,1,7,1,1,2,2,1,61,9,1498,1,6,FORD KUGA,5,E01021773,0,-1
2023991284020,2023,991284020,1,9,0,16,19,3,6,0,0,0,0,0,7,0,1,1,5,6,1,33,6,2261,1,5,FORD MUSTANG,2,-1,0,-1
2023440149475,2023,440149475,1,9,0,18,19,1,5,0,0,0,5,4,0,0,1,1,6,6,1,69,10,4951,1,6,FORD MUSTANG,6,E01023121,0,-1
2023131310444,2023,131310444,2,9,0,10,10,7,3,0,0,0,0,0,0,0,1,1,2,2,1,46,8,4951,1,5,FORD MUSTANG,8,E01011187,0,-1
2023302300395,2023,302300395,1,9,0,18,19,5,1,9,9,0,0,11,1,10,1,1,6,6,1,29,6,5038,1,3,FORD MUSTANG,4,E01019773,0,-1
2023071322096,2023,071322096,1,9,0,18,19,6,2,0,0,0,1,10,1,0,3,1,6,6,1,55,8,5038,1,4,FORD MUSTANG,5,E01012405,0,-1
2023010444172,2023,010444172,2,9,0,10,10,1,7,0,0,6,0,0,0,0,4,1,6,6,1,37,7,5038,1,3,FORD MUSTANG,-1,-1,0,-1
2023141376146,2023,141376146,2,9,0,2,2,0,0,9,9,1,0,0,0,0,2,1,6,6,3,-1,-1,2261,1,3,FORD MUSTANG,-1,-1,0,-1
2023141294020,2023,141294020,3,9,0,18,19,3,7,0,0,1,0,0,0,0,1,1,6,6,1,68,10,5038,1,3,FORD MUSTANG,9,E01008036,0,-1
2023332300891,2023,332300891,1,9,0,16,19,1,5,0,0,0,2,0,6,0,3,1,6,6,1,56,9,5038,1,5,FORD MUSTANG,1,E01013675,0,-1
2023421362377,2023,421362377,1,9,0,18,19,2,5,0,0,0,1,0,8,7,1,1,2,2,1,41,7,4951,1,5,FORD MUSTANG,7,E01021657,0,-1
2023361388674,2023,361388674,1,9,0,13,13,7,3,0,0,0,0,0,8,6,1,1,2,2,1,30,6,4951,1,6,FORD MUSTANG,9,E01026933,0,-1
2023161383189,2023,161383189,1,9,0,18,19,3,7,0,0,0,1,0,0,0,1,2,2,2,1,29,6,4600,1,18,FORD MUSTANG,7,E01013046,0,-1
2023461380741,2023,461380741,1,9,0,18,19,7,3,0,0,0,1,4,8,0,1,1,6,6,1,25,5,5038,1,4,FORD MUSTANG,7,E01024317,0,-1
2023471395540,2023,471395540,2,9,0,18,19,8,4,0,0,0,5,10,1,1,1,1,5,6,1,26,6,4951,1,6,FORD MUSTANG,10,E01031703,0,-1
2023302300496,2023,302300496,2,9,0,18,19,7,3,0,0,8,0,0,1,1,1,1,6,6,1,25,5,5038,1,3,FORD MUSTANG,8,E01028172,0,-1
2023010449801,2023,010449801,1,9,0,5,5,0,3,9,9,0,0,10,0,0,1,1,6,6,1,36,7,4951,1,5,FORD MUSTANG,9,E01002386,0,-1
2023461337798,2023,461337798,2,9,0,3,3,3,7,0,0,3,0,0,0,0,2,1,5,6,1,40,7,5038,1,4,FORD MUSTANG,6,E01024704,0,-1
2023122300182,2023,122300182,1,9,0,13,13,4,8,0,0,0,1,0,0,0,4,1,6,6,1,22,5,4951,1,5,FORD MUSTANG,6,E01027831,0,-1
2023430041867,2023,430041867,1,9,0,18,19,2,6,0,0,0,1,0,7,4,3,1,6,6,1,51,8,5038,1,1,FORD MUSTANG,5,E01017900,0,-1
2023061304154,2023,061304154,1,9,0,18,19,5,1,0,0,0,1,0,0,0,1,1,5,6,1,49,8,5038,1,5,FORD MUSTANG,-1,-1,0,-1
2023131365351,2023,131365351,1,9,0,-1,-1,-1,-1,-1,-1,-1,-1,-1,-1,0,-1,1,6,6,3,-1,-1,4951,1,6,FORD MUSTANG,-1,-1,0,-1
2023340WN4482,2023,340WN4482,1,9,0,9,9,7,5,0,0,6,0,0,0,0,3,1,6,6,2,60,9,2261,1,5,FORD MUSTANG,4,E01027252,0,-1
2023010451067,2023,010451067,2,9,0,9,9,1,7,0,0,5,0,0,0,0,4,2,6,6,1,58,9,3277,1,56,FORD MUSTANG,3,E01033100,0,-1
2023522400856,2023,522400856,1,9,0,18,19,5,1,0,0,0,1,10,1,2,1,1,6,6,1,20,4,4951,1,7,FORD MUSTANG,9,E01032034,0,-1
2023430470260,2023,430470260,2,4,0,18,19,4,8,0,0,8,0,0,0,0,3,1,6,6,1,73,10,124,1,31,-1,9,E01028792,0,-1
2023320561867,2023,320561867,1,3,0,18,19,6,3,0,0,3,0,0,0,0,1,1,6,6,2,45,7,124,1,38,-1,1,E01026173,0,-1
2023052300476,2023,052300476,1,3,0,18,19,1,5,0,0,1,1,0,0,0,1,1,6,6,1,64,9,124,1,7,-1,1,E01006753,0,-1
2023332300859,2023,332300859,1,3,0,16,19,6,1,0,0,0,0,0,0,0,1,1,6,6,1,34,6,125,1,0,-1,10,E01013793,0,-1
2023547997223,2023,547997223,1,3,0,18,19,7,3,0,0,1,0,0,0,0,1,1,6,6,1,36,7,125,1,1,-1,1,E01000605,0,-1
2023161351676,2023,161351676,1,3,0,18,19,7,3,0,0,0,2,0,0,0,1,1,6,6,1,34,6,125,1,0,-1,2,E01033104,0,-1
2023622300626,2023,622300626,1,4,0,5,5,4,8,0,0,8,0,0,0,0,1,1,6,6,1,27,6,125,1,0,-1,2,W01001142,0,-1
2023010444043,2023,010444043,1,3,0,99,99,9,9,99,99,0,9,99,9,99,9,1,6,6,1,55,8,125,1,16,-1,9,E01000344,0,-1
2023991373383,2023,991373383,1,3,0,18,19,2,6,0,0,1,1,0,0,0,3,1,5,6,1,23,5,125,1,2,-1,6,-1,0,-1
2023101364391,2023,101364391,1,10,-1,18,19,2,6,0,0,0,0,0,0,0,4,1,6,6,3,-1,-1,-1,-1,-1,-1,-1,-1,0,-1
2023520400098,2023,520400098,2,17,5,18,19,7,3,0,0,1,0,4,0,0,2,1,1,1,1,52,8,6596,2,2,-1,6,E01029125,0,-1
2023211339054,2023,211339054,1,17,4,2,2,0,0,0,0,2,0,0,0,0,2,1,1,1,1,19,4,6596,2,4,-1,-1,-1,0,-1
2023122400152,2023,122400152,2,17,4,18,19,3,7,0,0,2,0,0,0,0,1,1,1,1,1,24,5,6596,2,1,-1,5,E01027785,0,-1
2023991322200,2023,991322200,2,17,4,18,19,4,8,0,0,0,0,0,1,4,1,1,5,6,1,64,9,6596,2,0,-1,8,-1,0,-1
2023320498179,2023,320498179,2,17,0,18,19,8,4,0,0,0,0,0,0,0,3,1,1,1,1,68,10,6596,2,2,-1,-1,-1,0,-1
2023031317041,2023,031317041,1,17,4,7,7,3,1,0,0,0,0,0,0,0,1,1,1,1,1,21,5,6596,2,5,-1,8,E01019322,0,-1
2023311362858,2023,311362858,1,17,4,13,13,7,3,0,0,0,0,0,0,0,2,1,1,1,1,61,9,6596,2,4,-1,3,E01019484,0,-1
2023320558780,2023,320558780,1,90,0,18,19,6,2,0,0,0,0,0,1,1,1,1,2,2,1,17,4,6596,2,7,-1,5,E01026283,0,-1
2023461356735,2023,461356735,1,17,5,18,19,8,4,0,0,0,0,0,0,0,1,1,1,1,1,34,6,4800,2,0,-1,3,E01024549,0,-1
2023471265652,2023,471265652,1,5,0,17,19,3,8,0,0,0,1,0,0,0,3,1,5,6,1,37,7,649,1,10,KAWASAKI KLE,10,E01031645,0,-1
2023010482639,2023,010482639,2,5,0,18,19,1,5,0,0,0,0,0,0,0,1,1,6,6,1,43,7,649,1,13,KAWASAKI KLE,6,E01000623,0,-1
2023201344753,2023,201344753,2,4,0,18,19,2,6,0,0,8,0,0,0,0,4,1,6,6,1,63,9,296,1,6,-1,5,E01010285,0,-1
2023211320635,2023,211320635,1,3,0,13,13,4,8,0,0,0,0,0,0,0,1,1,5,6,1,60,9,649,1,7,-1,8,E01030538,0,-1
2023501398790,2023,501398790,2,5,0,18,19,3,1,0,0,8,5,0,0,0,3,1,6,6,1,53,8,649,1,15,KAWASAKI KLE,5,E01018975,0,-1
2023991280238,2023,991280238,1,5,0,18,19,6,3,0,0,4,2,0,0,0,4,1,6,6,1,52,8,649,1,16,KAWASAKI KLE,5,-1,0,-1
2023122400020,2023,122400020,1,4,0,18,19,5,1,0,0,8,0,0,0,0,4,1,2,2,1,44,7,498,1,15,-1,10,E01027719,0,-1
2023361263150,2023,361263150,2,5,0,18,19,4,8,0,0,8,0,0,0,0,1,1,6,6,1,36,7,649,1,9,KAWASAKI KLE,7,E01030288,0,-1
2023991345227,2023,991345227,2,5,0,14,14,8,4,0,0,1,5,0,0,0,1,1,5,6,1,54,8,649,1,16,KAWASAKI KLE,6,-1,0,-1
2023302300308,2023,302300308,1,4,0,17,19,1,5,0,0,8,0,0,0,0,1,1,6,6,1,59,9,296,1,5,-1,4,E01032613,0,-1
2023401366808,2023,401366808,2,5,0,18,19,1,8,0,0,1,0,0,0,0,3,1,6,6,1,63,9,649,1,16,KAWASAKI KLE,6,E01015775,0,-1
2023440292046,2023,440292046,2,5,0,18,19,8,4,0,0,0,1,0,0,0,1,1,2,2,1,30,6,649,1,13,KAWASAKI KLE,4,E01017074,0,-1
2023552300089,2023,552300089,1,5,0,13,13,2,8,0,0,0,1,0,0,0,1,1,6,6,2,44,7,649,1,14,KAWASAKI KLE,4,E01015321,0,-1
2023451294497,2023,451294497,2,5,0,18,19,1,5,0,0,3,1,0,3,0,1,1,2,2,1,37,7,649,1,10,KAWASAKI KLE,-1,-1,0,-1
2023041367625,2023,041367625,2,5,0,18,19,5,5,0,0,8,0,0,0,0,1,1,6,6,1,61,9,649,1,5,KAWASAKI KLE,3,E01025577,0,-1
2023010438157,2023,010438157,1,5,0,99,99,9,9,99,99,9,9,99,9,99,9,1,2,2,1,51,8,649,1,5,KAWASAKI KLE,10,E01023363,0,-1
2023501288984,2023,501288984,2,5,0,3,3,6,4,0,0,2,2,0,0,0,1,1,2,2,1,55,8,649,1,13,KAWASAKI KLE,3,E01015148,0,-1
2023101276974,2023,101276974,2,5,0,18,19,5,1,0,0,1,0,0,0,0,1,1,2,2,1,42,7,649,1,5,KAWASAKI KLE,3,E01008639,0,-1
2023122301404,2023,122301404,1,5,0,17,19,6,7,0,0,3,1,0,0,0,0,1,6,6,1,55,8,649,1,6,KAWASAKI KLE,-1,-1,0,-1
2023991334490,2023,991334490,1,5,0,17,19,1,5,0,0,0,0,0,2,7,4,1,5,6,1,22,5,649,1,15,KAWASAKI KLE,5,-1,0,-1
2023991299054,2023,991299054,2,5,0,18,19,5,1,0,0,8,0,0,0,0,1,1,5,6,1,46,8,649,1,11,KAWASAKI KLE,9,-1,0,-1
2023501387949,2023,501387949,2,5,0,18,19,5,1,0,0,1,1,0,0,0,1,1,5,6,1,28,6,649,1,16,KAWASAKI KLE,9,E01015208,0,-1
2023440095946,2023,440095946,2,5,0,18,19,8,4,0,0,0,0,0,0,0,1,1,6,6,1,26,6,649,1,17,KAWASAKI KLE,10,E01022921,0,-1
2023031297462,2023,031297462,2,5,0,18,19,7,3,0,0,0,0,0,0,0,1,1,6,6,1,76,11,649,1,6,KAWASAKI KLE,3,E01019184,0,-1
2023430108367,2023,430108367,1,5,0,18,19,6,2,0,0,0,0,0,0,0,0,1,6,6,1,50,8,649,1,16,KAWASAKI KLE,-1,-1,0,-1
2023161309584,2023,161309584,1,5,0,17,19,1,5,0,0,0,0,0,1,0,1,1,6,6,1,67,10,649,1,14,KAWASAKI KLE,8,E01011605,0,-1
2023122301108,2023,122301108,2,5,0,17,19,5,7,0,0,0,0,0,0,0,3,1,6,6,3,-1,-1,1352,1,7,-1,-1,-1,0,-1
202360A071192,2023,60A071192,1,5,0,13,13,1,5,0,0,1,5,0,7,0,1,1,6,6,1,48,8,1352,1,13,-1,-1,-1,0,-1
2023320636224,2023,320636224,1,5,0,16,19,3,6,0,0,0,1,0,7,0,1,1,2,2,1,53,8,1352,1,11,-1,-1,-1,0,-1
2023201291647,2023,201291647,1,5,0,17,19,3,8,0,0,0,1,0,0,0,3,1,1,1,1,40,7,1352,1,7,-1,8,E01031284,0,-1
2023302301217,2023,302301217,2,5,0,13,13,5,1,0,0,8,0,0,0,0,1,1,6,6,1,59,9,889,1,0,-1,6,E01028102,0,-1
2023421269984,2023,421269984,1,90,0,16,19,6,2,0,0,0,0,0,0,0,1,1,1,1,1,57,9,12820,2,9,-1,7,E01023771,0,-1
2023991319365,2023,991319365,2,17,0,18,19,4,8,0,0,0,0,0,0,0,2,1,1,1,1,27,6,4500,2,0,-1,8,-1,0,-1
2023131291841,2023,131291841,2,9,0,18,19,3,7,0,0,3,0,0,1,0,4,1,2,2,1,29,6,1905,1,33,-1,2,E01011481,0,-1
2023451367851,2023,451367851,1,9,0,18,19,5,1,0,0,2,0,0,0,0,1,1,5,6,2,64,9,1905,2,29,-1,5,E01030724,0,-1
2023010474800,2023,010474800,1,4,0,18,19,5,1,0,0,1,0,0,0,0,3,1,2,2,1,65,9,330,1,8,-1,7,E01000983,0,-1
2023010463042,2023,010463042,1,4,0,99,99,9,9,99,99,9,9,99,9,99,9,1,6,6,2,50,8,330,1,10,-1,3,E01003544,0,-1
2023010467011,2023,010467011,1,3,0,99,99,9,9,99,99,0,9,99,9,99,1,1,1,1,1,56,9,330,1,11,-1,7,E01003287,0,-1
2023461338470,2023,461338470,2,4,0,18,19,5,1,0,0,0,0,0,0,0,3,1,6,6,1,18,4,330,1,10,-1,2,E01001151,0,-1
2023010459400,2023,010459400,2,4,0,5,5,7,3,0,0,1,0,0,0,0,1,1,6,6,1,25,5,330,1,11,-1,4,E01002486,0,-1
2023501383068,2023,501383068,1,2,0,7,7,3,1,0,0,6,1,0,0,0,4,1,5,6,2,16,4,50,1,2,-1,3,E01015195,0,-1
2023501281516,2023,501281516,1,2,0,18,19,5,1,0,0,1,0,0,0,0,1,1,5,6,1,16,4,50,1,2,-1,6,E01015244,0,-1
2023411273934,2023,411273934,2,2,0,17,19,1,5,0,0,1,1,0,7,0,1,1,4,7,1,17,4,50,1,6,-1,1,E01015771,0,-1
2023122300762,2023,122300762,1,3,0,4,4,1,4,0,0,3,0,0,0,0,1,1,6,6,1,16,4,-1,-1,-1,-1,6,E01027871,0,-1
2023501352961,2023,501352961,1,3,0,17,19,5,1,0,0,0,0,0,0,0,4,1,5,6,1,16,4,-1,-1,-1,-1,8,E01018811,0,-1
2023010448694,2023,010448694,1,3,0,99,99,9,9,0,0,1,0,0,0,0,1,1,6,6,1,17,4,-1,-1,-1,-1,7,E01000748,0,-1
2023430318065,2023,430318065,1,2,0,18,19,6,2,0,0,8,0,0,0,0,3,1,6,6,1,29,6,125,1,0,-1,3,E01033421,0,-1
2023131319509,2023,131319509,2,2,0,18,19,1,5,0,0,8,0,0,0,0,1,1,5,6,1,16,4,50,1,0,-1,8,E01011066,0,-1
2023522301285,2023,522301285,1,3,0,14,14,1,5,0,0,8,0,0,0,0,4,1,6,6,1,17,4,-1,-1,-1,-1,7,E01014402,0,-1
2023461308719,2023,461308719,2,3,0,18,19,3,7,0,0,0,0,10,2,10,4,1,5,6,1,51,8,125,1,0,-1,4,E01024204,0,-1
2023361380069,2023,361380069,2,2,0,18,19,2,6,0,0,0,0,0,0,0,1,1,6,6,1,17,4,50,1,2,-1,6,E01026613,0,-1
2023010477057,2023,010477057,1,2,0,18,19,2,6,0,0,0,0,0,0,0,1,1,6,6,1,16,4,50,1,8,-1,10,E01023949,0,-1
2023041331947,2023,041331947,1,3,0,18,19,7,3,0,0,8,0,0,0,0,1,1,6,6,1,65,9,125,1,1,-1,2,E01012576,0,-1
2023041378881,2023,041378881,2,3,0,9,9,3,7,0,0,8,0,0,0,0,4,1,2,2,1,62,9,125,1,0,-1,7,E01006410,0,-1
2023361384644,2023,361384644,2,4,0,18,19,7,3,0,0,1,1,0,7,0,1,1,6,6,1,37,7,125,1,5,-1,4,E01026606,0,-1
2023471324828,2023,471324828,1,3,0,12,12,4,8,0,0,0,0,0,6,0,3,1,5,6,2,26,6,125,1,6,-1,9,E01021042,0,-1
2023520400545,2023,520400545,2,9,0,18,19,1,5,0,0,0,0,0,7,9,3,1,6,6,2,59,9,2157,2,7,-1,5,E01032629,0,-1