collision_index,collision_year,collision_ref_no,vehicle_reference,vehicle_type,towing_and_articulation,vehicle_manoeuvre_historic,vehicle_manoeuvre,vehicle_direction_from,vehicle_direction_to,vehicle_location_restricted_lane_historic,vehicle_location_restricted_lane,junction_location,skidding_and_overturning,hit_object_in_carriageway,vehicle_leaving_carriageway,hit_object_off_carriageway,first_point_of_impact,vehicle_left_hand_drive,journey_purpose_of_driver_historic,journey_purpose_of_driver,sex_of_driver,age_of_driver,age_band_of_driver,engine_capacity_cc,propulsion_code,age_of_vehicle,generic_make_model,driver_imd_decile,lsoa_of_driver,escooter_flag,driver_distance_banding
2023161365755,2023,161365755,1,9,0,9,9,5,3,0,0,8,0,0,0,0,4,1,2,2,2,61,9,995,1,10,CHEVROLET SPARK,1,E01012888,0,-1
2023061302834,2023,061302834,1,9,-1,-1,-1,-1,-1,-1,-1,-1,-1,-1,-1,0,-1,1,6,6,1,-1,-1,995,1,13,CHEVROLET SPARK,-1,-1,0,-1
2023061310717,2023,061310717,2,9,0,2,2,0,0,0,0,0,0,0,7,11,1,1,6,6,2,45,7,1206,1,12,CHEVROLET SPARK,6,E01004904,0,-1
2023101273697,2023,101273697,1,9,0,-1,-1,-1,-1,-1,-1,-1,0,0,0,0,-1,1,5,6,2,49,8,1206,1,13,CHEVROLET SPARK,-1,-1,0,-1
2023421299090,2023,421299090,1,9,0,18,19,6,2,0,0,0,0,4,0,0,1,1,5,6,1,18,4,995,1,12,CHEVROLET SPARK,9,E01021925,0,-1
2023041327125,2023,041327125,2,9,0,2,2,0,0,0,0,0,0,0,0,0,4,1,6,6,3,-1,-1,995,1,12,CHEVROLET SPARK,-1,-1,0,-1
2023161374612,2023,161374612,1,9,0,4,4,1,5,0,0,0,0,0,0,0,2,1,2,2,2,63,9,1206,1,11,CHEVROLET SPARK,7,E01013295,0,-1
2023041304459,2023,041304459,1,9,0,13,13,3,7,0,0,0,5,0,7,11,1,1,6,6,1,46,8,1206,1,10,CHEVROLET SPARK,1,E01025493,0,-1
2023010456894,2023,010456894,1,9,0,18,19,1,5,9,9,0,0,4,2,11,1,1,6,6,3,19,4,1206,1,10,CHEVROLET SPARK,-1,-1,0,-1
2023522301569,2023,522301569,1,9,0,11,11,8,3,0,0,0,0,0,0,0,1,1,6,6,1,26,6,995,1,11,CHEVROLET SPARK,4,E01022440,0,-1
2023332300134,2023,332300134,2,9,0,18,19,6,2,0,0,4,0,7,0,0,4,1,6,6,1,41,7,995,1,10,CHEVROLET SPARK,8,E01025972,0,-1
2023340WN2872,2023,340WN2872,2,9,0,9,9,8,5,0,0,5,0,0,0,0,3,1,6,6,2,56,9,1206,1,12,CHEVROLET SPARK,9,E01027022,0,-1
2023122301339,2023,122301339,1,9,0,9,9,8,7,0,0,5,0,0,0,0,1,1,1,1,1,38,7,1206,1,11,CHEVROLET SPARK,2,E01013349,0,-1
2023549707023,2023,549707023,3,9,0,2,2,0,0,0,0,2,0,0,0,0,1,1,6,6,3,-1,-1,995,1,10,CHEVROLET SPARK,-1,-1,0,-1
2023332301228,2023,332301228,1,9,0,18,19,8,4,0,0,0,5,0,1,0,1,1,6,6,2,60,9,905,1,10,CHEVROLET SPARK,8,E01025771,0,-1
2023471363038,2023,471363038,1,9,0,4,4,6,2,0,0,0,5,0,0,0,1,1,5,6,1,40,7,995,1,12,CHEVROLET SPARK,4,E01016967,0,-1
2023302300829,2023,302300829,2,9,0,9,9,8,6,0,0,2,0,0,0,0,3,1,6,6,1,82,11,905,1,10,CHEVROLET SPARK,3,E01033388,0,-1
2023010459696,2023,010459696,1,9,0,18,19,3,7,0,0,1,0,0,0,0,4,1,6,6,2,88,11,995,1,11,CHEVROLET SPARK,8,E01001614,0,-1
2023221298199,2023,221298199,2,9,0,17,19,7,4,0,0,0,0,0,0,0,1,1,5,6,2,50,8,905,1,10,CHEVROLET SPARK,1,E01009155,0,-1
2023501374478,2023,501374478,1,9,0,18,19,3,1,0,0,1,0,0,0,0,2,1,6,6,2,35,6,1206,1,13,CHEVROLET SPARK,4,E01018994,0,-1
2023070769766,2023,070769766,1,9,0,18,19,1,5,0,0,1,0,0,0,0,1,1,6,6,2,20,4,995,1,10,CHEVROLET SPARK,-1,-1,0,-1
2023061356994,2023,061356994,2,9,0,18,19,1,5,0,0,1,1,4,0,0,1,1,6,6,1,22,5,995,1,12,CHEVROLET SPARK,2,E01005163,0,-1
2023122300165,2023,122300165,1,9,0,18,19,5,1,0,0,2,0,0,0,0,1,1,6,6,2,56,9,1206,1,11,CHEVROLET SPARK,6,E01027681,0,-1
2023302301793,2023,302301793,1,9,0,16,19,1,4,0,0,2,0,0,0,0,1,1,2,2,1,18,4,995,1,13,CHEVROLET SPARK,4,E01019560,0,-1
2023052300529,2023,052300529,1,9,0,9,9,6,2,0,0,8,0,0,0,0,4,1,6,6,1,37,7,1206,1,10,CHEVROLET SPARK,6,E01006999,0,-1
2023211368720,2023,211368720,2,9,0,18,19,5,1,0,0,0,0,0,0,0,1,1,2,2,1,37,7,995,1,10,CHEVROLET SPARK,7,E01029498,0,-1
2023531283633,2023,531283633,1,9,0,18,19,7,3,0,0,0,5,0,0,0,1,1,2,2,1,33,6,995,1,11,CHEVROLET SPARK,3,E01030711,0,-1
2023991299903,2023,991299903,2,9,0,16,19,5,2,0,0,8,1,11,8,0,4,1,5,6,2,64,9,1206,1,10,CHEVROLET SPARK,4,-1,0,-1
2023531359518,2023,531359518,1,9,0,9,9,5,3,0,0,6,5,0,0,0,3,1,2,2,2,38,7,1206,1,10,CHEVROLET SPARK,3,E01022157,0,-1
2023501305272,2023,501305272,1,9,0,3,3,7,3,0,0,1,0,0,0,0,2,1,6,6,1,54,8,995,1,13,CHEVROLET SPARK,5,E01015215,0,-1
2023041434197,2023,041434197,2,9,0,4,4,7,3,0,0,1,0,0,0,0,2,1,5,6,1,34,6,995,1,12,CHEVROLET SPARK,1,E01025227,0,-1
2023201346300,2023,201346300,2,9,0,7,7,1,3,0,0,8,0,0,0,0,1,1,6,6,2,81,11,995,1,10,CHEVROLET SPARK,5,E01009798,0,-1
2023161299769,2023,161299769,2,9,0,10,10,4,8,0,0,0,0,0,0,0,2,1,5,6,1,69,10,1206,1,10,CHEVROLET SPARK,5,E01013313,0,-1
2023041325081,2023,041325081,1,9,0,9,9,1,5,0,0,8,0,0,0,0,1,1,5,6,2,33,6,1206,1,12,CHEVROLET SPARK,3,E01012632,0,-1
2023221374466,2023,221374466,2,9,0,3,3,8,1,0,0,1,0,0,0,0,2,1,6,6,2,49,8,995,1,10,CHEVROLET SPARK,6,E01014173,0,-1
2023401288613,2023,401288613,2,9,0,9,9,5,3,0,0,8,0,0,0,0,3,1,5,6,1,25,5,1206,1,10,CHEVROLET SPARK,4,E01015756,0,-1
2023622300632,2023,622300632,1,9,0,18,19,6,2,0,0,1,0,0,0,0,1,1,6,6,2,60,9,1206,1,10,CHEVROLET SPARK,6,W01001372,0,-1
2023010443253,2023,010443253,2,9,0,99,99,9,9,99,99,9,9,99,9,99,1,9,6,6,3,-1,-1,995,1,13,CHEVROLET SPARK,-1,-1,0,-1
2023421339536,2023,421339536,3,9,0,1,1,6,2,0,0,0,0,4,0,0,2,1,5,6,2,43,7,995,1,11,CHEVROLET SPARK,1,E01015880,0,-1
2023161322727,2023,161322727,1,9,0,9,9,5,7,0,0,8,0,0,0,0,2,1,5,6,2,27,6,995,1,11,CHEVROLET SPARK,1,E01012918,0,-1
2023041305892,2023,041305892,2,9,0,18,19,3,7,0,0,1,5,0,0,0,4,1,5,6,2,69,10,995,1,13,CHEVROLET SPARK,7,E01025029,0,-1
2023010425478,2023,010425478,1,9,0,18,19,5,1,0,0,0,0,0,0,0,1,1,6,6,2,59,9,995,1,12,CHEVROLET SPARK,4,E01033729,0,-1
2023061341189,2023,061341189,2,9,0,18,19,3,7,0,0,1,5,0,0,0,4,1,5,6,1,43,7,995,1,10,CHEVROLET SPARK,2,E01033657,0,-1
2023430165106,2023,430165106,1,9,0,6,6,3,3,0,0,8,0,10,0,0,4,1,6,6,1,25,5,1206,1,13,CHEVROLET SPARK,-1,-1,0,-1
2023991383512,2023,991383512,1,9,0,18,19,2,5,0,0,1,0,0,0,0,1,1,5,6,2,29,6,2204,2,16,HONDA ACCORD,2,-1,0,-1
2023052302671,2023,052302671,1,9,0,9,9,5,7,0,0,8,0,0,0,0,1,1,3,7,1,38,7,1998,1,15,HONDA ACCORD,1,E01006871,0,-1
2023122301332,2023,122301332,2,9,0,13,13,6,2,0,0,0,0,0,0,0,3,1,6,6,1,58,9,2199,2,14,HONDA ACCORD,8,E01010861,0,-1
2023361285659,2023,361285659,8,9,0,18,19,7,3,0,0,0,1,0,0,0,2,1,6,6,1,70,10,2354,1,18,HONDA ACCORD,6,E01026520,0,-1
2023461316191,2023,461316191,1,9,0,5,5,4,8,0,0,4,0,0,0,0,3,1,5,6,1,37,7,1998,1,17,HONDA ACCORD,9,E01032821,0,-1
2023531272594,2023,531272594,1,9,0,16,19,4,8,0,0,0,1,0,0,0,1,1,2,2,1,26,6,2157,1,23,HONDA ACCORD,5,E01014062,0,-1
2023430552687,2023,430552687,1,9,0,15,15,8,4,0,0,0,0,0,7,4,1,1,6,6,1,29,6,2997,1,24,HONDA ACCORD,7,E01028756,0,-1
2023010461920,2023,010461920,4,9,0,2,2,0,0,9,9,2,0,0,0,0,1,1,6,6,3,-1,-1,2300,1,25,HONDA ACCORD,-1,-1,0,-1
2023010473187,2023,010473187,4,9,0,2,2,0,0,9,9,0,0,0,0,0,4,1,6,6,3,-1,-1,1998,1,18,HONDA ACCORD,-1,-1,0,-1
2023361276766,2023,361276766,1,9,0,18,19,3,7,0,0,0,0,4,0,0,1,1,6,6,1,26,6,1996,1,26,HONDA ACCORD,-1,-1,0,-1
2023501367486,2023,501367486,2,9,0,18,19,8,4,0,0,1,0,0,0,0,2,1,6,6,1,30,6,2199,2,13,HONDA ACCORD,6,E01029906,0,-1
2023131354547,2023,131354547,1,9,0,2,2,0,0,0,0,8,0,0,0,0,2,1,6,6,3,-1,-1,2204,2,17,HONDA ACCORD,-1,-1,0,-1
2023201277412,2023,201277412,1,9,0,16,19,8,3,0,0,0,1,10,7,11,4,1,5,6,1,22,5,1997,1,15,HONDA ACCORD,2,E01010344,0,-1
2023471299141,2023,471299141,2,9,0,9,9,5,2,0,0,5,0,0,0,0,3,1,5,6,1,31,6,1998,1,20,HONDA ACCORD,9,E01031489,0,-1
2023070329237,2023,070329237,4,9,0,18,19,5,1,0,0,0,0,0,0,0,1,1,6,6,1,33,6,2358,1,18,HONDA ACCORD,1,E01014217,0,-1
2023411334281,2023,411334281,2,9,0,18,19,3,7,0,0,0,0,0,0,0,3,1,6,6,1,34,6,2204,2,15,HONDA ACCORD,6,E01033306,0,-1
2023052301764,2023,052301764,2,9,0,2,2,0,0,0,0,0,0,0,0,0,1,1,6,6,3,-1,-1,1997,1,19,HONDA ACCORD,-1,-1,0,-1
2023471261817,2023,471261817,1,9,0,17,19,6,2,0,0,0,0,0,1,0,1,1,6,6,2,55,8,2204,2,16,HONDA ACCORD,6,E01031538,0,-1
2023010458304,2023,010458304,2,9,0,99,99,9,9,99,99,9,9,99,9,99,1,9,6,6,1,-1,-1,1997,1,22,HONDA ACCORD,-1,-1,0,-1
2023221300329,2023,221300329,1,9,0,18,19,2,6,0,0,0,0,0,0,0,1,1,6,6,1,43,7,1998,1,16,HONDA ACCORD,6,E01032166,0,-1
2023161310274,2023,161310274,2,9,0,2,2,0,0,6,6,0,0,0,0,0,2,1,6,6,3,-1,-1,2204,2,16,HONDA ACCORD,-1,-1,0,-1
2023052302622,2023,052302622,1,9,0,18,19,5,1,0,0,0,0,0,0,0,1,1,2,2,1,47,8,2204,2,16,HONDA ACCORD,2,E01007136,0,-1
2023010424875,2023,010424875,2,9,0,99,99,9,9,99,99,9,9,99,9,99,2,9,6,6,3,-1,-1,1998,1,16,HONDA ACCORD,-1,-1,0,-1
2023302301771,2023,302301771,1,9,0,17,19,2,8,0,0,2,0,0,0,0,1,1,6,6,1,62,9,1998,1,18,HONDA ACCORD,4,E01013459,0,-1
2023010421510,2023,010421510,1,9,0,5,5,0,1,0,0,0,0,0,0,0,4,1,6,6,1,31,6,2354,1,12,HONDA ACCORD,7,E01000215,0,-1
2023461379518,2023,461379518,1,9,0,18,19,5,1,0,0,0,1,0,1,2,1,1,2,2,1,38,7,1998,1,17,HONDA ACCORD,9,E01032821,0,-1
2023131348916,2023,131348916,1,9,0,5,5,3,7,0,0,8,0,0,0,0,1,1,1,1,1,40,7,1997,7,12,HONDA ACCORD,1,E01010720,0,-1
2023401392742,2023,401392742,1,9,0,18,19,-1,-1,0,0,0,0,0,0,0,1,1,6,6,1,42,7,1998,1,17,HONDA ACCORD,2,E01015703,0,-1
2023201406141,2023,201406141,2,9,0,11,11,6,2,0,0,8,0,0,0,0,4,1,6,6,1,72,10,2354,1,19,HONDA ACCORD,9,E01031909,0,-1
2023320735703,2023,320735703,2,9,0,18,19,4,1,0,0,1,0,0,0,0,1,1,6,6,1,52,8,2199,2,15,HONDA ACCORD,5,E01026224,0,-1
2023991292626,2023,991292626,1,9,0,5,5,2,6,0,0,8,0,0,0,0,4,1,6,6,1,40,7,2204,2,16,HONDA ACCORD,7,-1,0,-1
2023221337066,2023,221337066,1,9,0,13,13,2,7,0,0,0,1,0,7,4,4,1,6,6,1,22,5,2204,2,16,HONDA ACCORD,9,E01018201,0,-1
2023411298887,2023,411298887,2,9,0,4,4,5,1,0,0,0,0,0,0,0,1,1,5,6,1,21,5,1998,1,20,HONDA ACCORD,-1,-1,0,-1
2023221308404,2023,221308404,1,9,0,9,9,8,6,0,0,5,0,0,0,0,1,1,5,6,1,54,8,2199,2,12,HONDA ACCORD,5,E01014050,0,-1
2023141324786,2023,141324786,2,9,0,7,7,4,4,0,0,1,0,0,0,0,2,1,5,6,1,56,9,1997,1,25,HONDA ACCORD,5,E01019525,0,-1
2023401300094,2023,401300094,1,9,0,18,19,8,6,0,0,1,0,0,0,0,4,1,6,6,1,28,6,1997,1,14,HONDA ACCORD,3,E01015715,0,-1
2023411293872,2023,411293872,2,9,0,4,4,-1,-1,0,0,1,0,0,0,0,2,1,5,6,2,38,7,1997,1,19,HONDA ACCORD,7,E01000169,0,-1
2023451275825,2023,451275825,2,9,0,2,2,5,1,0,0,3,0,0,7,0,2,1,6,6,3,-1,-1,2199,2,9,HONDA ACCORD,-1,-1,0,-1
2023010433325,2023,010433325,1,9,0,18,19,3,7,0,0,0,0,0,0,0,1,1,2,2,1,52,8,1998,1,18,HONDA ACCORD,6,E01002475,0,-1
2023061277399,2023,061277399,1,9,0,18,19,5,1,0,0,1,0,0,0,0,1,1,2,2,1,-1,-1,1998,1,18,HONDA ACCORD,7,E01006410,0,-1
2023010484713,2023,010484713,2,9,0,14,14,5,1,0,0,1,0,0,0,0,1,1,6,6,2,73,10,1998,1,19,HONDA ACCORD,4,E01001167,0,-1
2023471312615,2023,471312615,2,9,0,17,19,7,5,0,0,8,0,0,0,0,1,1,5,6,1,56,9,1997,1,14,HONDA ACCORD,7,E01031462,0,-1
2023541329423,2023,541329423,1,9,0,18,19,6,2,0,0,0,0,0,0,0,1,1,6,6,1,36,7,2204,2,18,HONDA ACCORD,2,E01029042,0,-1
2023430456303,2023,430456303,2,9,0,18,19,4,8,0,0,1,0,0,0,0,4,1,6,6,1,-1,-1,2199,2,14,HONDA ACCORD,8,E01016508,0,-1
2023471285500,2023,471285500,1,9,0,11,11,1,6,0,0,8,0,0,0,0,3,1,5,6,1,58,9,1998,1,16,HONDA ACCORD,3,E01020917,0,-1
2023101325046,2023,101325046,1,9,0,4,4,8,4,0,0,0,0,0,0,0,1,1,6,6,1,-1,-1,2199,2,12,HONDA ACCORD,-1,-1,0,-1
2023411357166,2023,411357166,1,9,0,18,19,3,7,0,0,4,0,0,0,0,3,1,6,6,2,47,8,1997,1,14,HONDA ACCORD,8,E01016758,0,-1
2023211306720,2023,211306720,2,9,0,3,3,6,2,0,0,0,0,0,0,0,3,1,6,6,1,48,8,2204,2,17,HONDA ACCORD,-1,-1,0,-1
2023052301447,2023,052301447,1,9,0,17,19,8,4,0,0,0,2,0,7,0,1,1,2,2,1,24,5,2204,2,19,HONDA ACCORD,5,E01007161,0,-1
2023461347640,2023,461347640,2,9,0,5,5,1,5,0,0,1,1,0,3,0,1,1,6,6,1,81,11,2204,2,16,HONDA ACCORD,8,E01016093,0,-1
2023061291849,2023,061291849,3,9,0,3,3,2,4,0,0,0,1,0,0,0,2,1,5,6,1,41,7,2199,2,12,HONDA ACCORD,1,E01032558,0,-1
2023543043123,2023,543043123,2,9,0,18,19,3,7,0,0,4,0,0,0,0,1,1,6,6,1,39,7,2204,2,18,HONDA ACCORD,7,E01031942,0,-1
2023010462122,2023,010462122,2,9,0,99,99,9,9,99,99,9,9,99,9,99,9,9,6,6,3,-1,-1,1998,1,15,HONDA ACCORD,-1,-1,0,-1
2023131369434,2023,131369434,2,9,0,7,7,5,7,0,0,8,0,0,1,0,1,1,5,6,1,69,10,1998,1,18,HONDA ACCORD,5,E01011031,0,-1
2023131311142,2023,131311142,2,9,0,18,19,5,1,0,0,0,0,0,0,0,1,1,6,6,2,43,7,2199,2,11,HONDA ACCORD,10,E01011196,0,-1
2023141283235,2023,141283235,2,9,0,18,19,5,5,0,0,0,0,0,0,0,1,1,5,6,1,56,9,1998,1,18,HONDA ACCORD,5,E01013107,0,-1
2023440450872,2023,440450872,1,9,0,18,19,8,4,0,0,0,0,0,0,0,1,1,1,1,1,46,8,2199,2,14,HONDA ACCORD,10,E01023073,0,-1
2023010427491,2023,010427491,1,9,0,2,2,0,0,0,0,0,0,4,0,0,3,1,6,6,3,-1,-1,1997,1,14,HONDA ACCORD,-1,-1,0,-1
2023991270625,2023,991270625,1,9,0,9,9,1,5,0,0,1,0,0,0,0,1,1,5,6,1,35,6,1998,1,18,HONDA ACCORD,-1,-1,0,-1
2023010460422,2023,010460422,1,9,0,18,19,7,3,0,0,2,0,0,0,0,1,1,6,6,1,30,6,1998,1,16,HONDA ACCORD,1,E01002069,0,-1
2023340WN0592,2023,340WN0592,1,9,0,9,9,7,5,0,0,5,0,0,0,0,4,1,6,6,2,22,5,1997,1,21,HONDA ACCORD,8,E01027290,0,-1
2023010484595,2023,010484595,1,9,0,1,1,5,1,9,9,6,0,10,0,0,0,1,6,6,2,86,11,2204,2,17,HONDA ACCORD,10,E01017756,0,-1
2023211425010,2023,211425010,2,9,0,2,2,0,0,0,0,0,0,4,1,0,2,1,6,6,3,-1,-1,1998,1,16,HONDA ACCORD,-1,-1,0,-1
2023010486166,2023,010486166,2,9,9,99,99,9,9,99,99,9,9,99,9,99,9,9,6,6,3,-1,-1,1997,1,15,HONDA ACCORD,2,E01033726,0,-1
2023010432027,2023,010432027,1,9,0,9,9,1,6,0,0,1,0,0,0,0,1,1,6,6,1,25,5,1998,1,17,HONDA ACCORD,4,E01003740,0,-1
2023361304753,2023,361304753,1,9,0,18,19,6,3,0,0,0,1,0,1,9,1,1,5,6,1,33,6,2354,1,20,HONDA ACCORD,4,E01029927,0,-1
2023543276223,2023,543276223,2,9,0,9,9,3,2,0,0,3,0,0,0,0,4,1,6,6,1,67,10,2204,2,19,HONDA ACCORD,8,E01015498,0,-1
2023131297180,2023,131297180,2,9,0,18,19,3,3,0,0,2,0,0,0,0,4,1,5,6,1,69,10,1998,1,15,HONDA ACCORD,7,E01011013,0,-1
2023522301335,2023,522301335,2,9,0,7,7,6,8,0,0,4,0,0,0,0,1,1,6,6,3,-1,-1,1998,1,16,HONDA ACCORD,-1,-1,0,-1
2023371319580,2023,371319580,1,9,0,5,5,7,3,0,0,6,0,0,0,0,3,1,5,6,1,18,4,1998,1,15,HONDA ACCORD,7,E01033451,0,-1
2023201371570,2023,201371570,1,9,0,18,19,2,5,0,0,1,0,7,7,1,1,1,5,6,1,28,6,1998,1,20,HONDA ACCORD,1,E01033621,0,-1
2023451361683,2023,451361683,2,9,0,9,9,7,3,0,0,1,0,0,0,0,1,1,6,6,1,37,7,2354,1,20,HONDA ACCORD,10,E01030948,0,-1
2023451369655,2023,451369655,1,9,0,13,13,2,6,0,0,0,5,0,0,0,1,1,5,6,2,40,7,2354,1,19,HONDA ACCORD,7,E01017256,0,-1
2023461279413,2023,461279413,1,9,0,9,9,2,8,0,0,1,0,0,0,0,1,1,5,6,2,83,11,1998,1,16,HONDA ACCORD,10,E01024632,0,-1
2023010419825,2023,010419825,1,9,0,18,19,1,5,0,0,2,0,0,0,0,0,1,2,2,1,68,10,1998,1,19,HONDA ACCORD,4,E01001296,0,-1
2023010467906,2023,010467906,1,9,0,17,19,4,8,0,0,0,5,4,0,0,1,2,6,6,1,32,6,1997,1,15,HONDA ACCORD,-1,-1,0,-1
2023201274703,2023,201274703,1,8,0,9,9,-1,-1,0,0,6,0,0,0,0,3,1,6,6,1,36,7,1997,7,14,-1,1,E01010342,0,-1
2023201396092,2023,201396092,2,9,0,18,19,5,8,0,0,0,0,0,0,0,1,1,6,6,1,31,6,1997,1,9,HONDA ACCORD,2,E01009986,0,-1
2023161338190,2023,161338190,1,9,0,18,19,7,3,0,0,0,0,0,0,0,4,1,6,6,1,23,5,2204,2,19,HONDA ACCORD,8,E01013035,0,-1
2023451362732,2023,451362732,2,9,0,6,6,3,7,0,0,6,0,0,0,0,4,1,6,6,1,39,7,2997,1,24,HONDA ACCORD,9,E01030742,0,-1
2023522401033,2023,522401033,1,9,0,18,19,7,3,0,0,8,1,0,0,0,1,1,6,6,1,35,6,2204,2,16,HONDA ACCORD,1,E01014829,0,-1
2023010464688,2023,010464688,2,9,0,99,99,9,9,99,99,9,9,99,9,99,1,9,6,6,1,-1,-1,1998,1,19,HONDA ACCORD,4,E01000875,0,-1
2023010486579,2023,010486579,3,9,0,2,2,0,0,0,0,8,0,0,0,0,2,1,6,6,3,-1,-1,1850,1,22,HONDA ACCORD,-1,-1,0,-1
2023052302780,2023,052302780,2,9,0,10,10,1,7,0,0,5,0,0,0,0,3,1,3,7,2,37,7,2199,2,14,HONDA ACCORD,1,E01006495,0,-1
2023421352604,2023,421352604,2,9,0,3,3,5,6,0,0,1,0,0,0,0,2,1,5,6,1,73,10,2354,1,18,HONDA ACCORD,7,E01021294,0,-1
2023332300898,2023,332300898,1,9,0,3,3,3,7,9,9,8,0,0,0,0,4,1,2,2,1,31,6,1998,1,18,HONDA ACCORD,9,E01025669,0,-1
2023201330970,2023,201330970,2,9,0,2,2,0,0,0,0,1,0,0,0,0,1,1,6,6,1,45,7,2199,2,11,HONDA ACCORD,2,E01010001,0,-1
2023461287664,2023,461287664,1,9,0,4,4,5,3,0,0,8,0,0,0,0,1,1,6,6,1,64,9,2204,2,17,HONDA ACCORD,2,E01024170,0,-1
2023201315325,2023,201315325,1,9,0,18,19,1,5,0,0,6,0,0,0,0,1,1,6,6,1,-1,-1,2199,2,14,HONDA ACCORD,-1,-1,0,-1
2023340NN2762,2023,340NN2762,1,9,0,18,19,1,5,0,0,0,0,0,0,0,1,1,6,6,1,38,7,1998,1,17,HONDA ACCORD,7,E01027078,0,-1
2023451340480,2023,451340480,1,9,0,7,7,7,3,0,0,8,1,0,7,0,1,1,6,6,3,29,6,2354,1,17,HONDA ACCORD,7,E01030872,0,-1
2023201381755,2023,201381755,1,9,0,18,19,2,6,0,0,2,0,0,0,0,1,1,6,6,1,-1,-1,1998,7,16,HONDA ACCORD,1,E01010067,0,-1
2023131300725,2023,131300725,1,9,0,18,19,5,1,0,0,0,0,0,0,0,3,1,5,6,2,28,6,2199,2,13,HONDA ACCORD,8,E01011276,0,-1
2023440073793,2023,440073793,2,9,0,4,4,4,8,0,0,0,0,0,0,0,1,1,6,6,1,52,8,2199,2,14,HONDA ACCORD,1,E01017039,0,-1
2023010431653,2023,010431653,1,9,0,11,11,5,1,0,0,0,0,0,0,0,4,1,6,6,1,27,6,2354,1,14,HONDA ACCORD,-1,-1,0,-1
2023131274414,2023,131274414,1,9,0,7,7,5,1,0,0,6,0,0,0,0,1,1,6,6,1,45,7,1997,7,11,HONDA ACCORD,1,E01010626,0,-1
2023332300830,2023,332300830,1,9,0,13,13,4,8,0,0,0,0,0,0,0,1,1,6,6,1,29,6,2199,2,9,HONDA ACCORD,3,E01013719,0,-1
2023501398874,2023,501398874,1,9,0,1,1,1,5,0,0,6,0,0,0,0,2,1,6,6,1,51,8,2199,2,11,HONDA ACCORD,9,E01019906,0,-1
2023411364707,2023,411364707,1,9,0,9,9,7,5,0,0,1,0,0,0,0,1,1,5,6,2,88,11,1998,1,16,HONDA ACCORD,10,E01023550,0,-1
2023371266994,2023,371266994,1,9,0,5,5,1,1,0,0,0,0,0,0,0,1,1,1,1,1,30,6,2204,2,17,HONDA ACCORD,-1,-1,0,-1
2023141328373,2023,141328373,2,9,0,16,19,1,5,0,0,0,0,0,0,0,1,1,5,6,1,41,7,2204,2,17,HONDA ACCORD,5,E01007650,0,-1
2023061331205,2023,061331205,1,9,0,9,9,2,8,0,0,1,0,0,0,0,4,1,2,2,2,51,8,1998,1,15,HONDA ACCORD,1,E01005272,0,-1
2023010424216,2023,010424216,1,9,0,99,99,9,9,0,0,9,0,99,0,0,9,9,6,6,2,37,7,1998,1,17,HONDA ACCORD,4,E01029929,0,-1
2023131302489,2023,131302489,1,9,0,5,5,1,5,9,9,8,0,0,0,0,3,1,6,6,1,71,10,2199,2,13,HONDA ACCORD,2,E01011128,0,-1
2023041343285,2023,041343285,1,9,0,9,9,3,1,0,0,8,0,0,0,0,1,1,2,2,1,43,7,2204,2,17,HONDA ACCORD,2,E01025238,0,-1
2023070685013,2023,070685013,1,9,0,18,19,2,6,0,0,0,0,0,1,0,1,1,6,6,2,79,11,1998,1,19,HONDA ACCORD,-1,-1,0,-1
2023010440735,2023,010440735,2,9,0,6,6,1,1,0,0,0,9,0,0,0,1,9,6,6,3,-1,-1,1998,1,16,HONDA ACCORD,-1,-1,0,-1
2023501302058,2023,501302058,2,9,0,4,4,2,6,0,0,0,0,0,0,0,1,1,6,6,1,63,9,2204,2,18,HONDA ACCORD,6,E01019888,0,-1
2023451337303,2023,451337303,3,9,0,2,2,0,0,0,0,0,0,0,0,0,2,1,6,6,3,-1,-1,2354,1,15,HONDA ACCORD,-1,-1,0,-1
2023201308394,2023,201308394,2,9,0,9,9,7,4,0,0,8,0,0,0,0,1,1,1,1,1,52,8,1997,1,12,HONDA ACCORD,3,E01010321,0,-1
2023010451834,2023,010451834,2,9,0,99,99,9,9,99,99,9,9,99,9,99,1,9,6,6,3,-1,-1,1997,1,12,HONDA ACCORD,-1,-1,0,-1
2023545440423,2023,545440423,1,9,0,7,7,7,5,0,0,5,0,0,0,0,1,1,6,6,1,67,10,1998,1,16,HONDA ACCORD,5,E01031982,0,-1
2023311287968,2023,311287968,1,9,0,17,19,5,5,0,0,0,0,0,7,0,1,1,5,6,2,88,11,1997,1,22,HONDA ACCORD,4,E01007788,0,-1
2023201448216,2023,201448216,2,9,0,2,2,0,0,0,0,0,0,0,0,0,2,1,6,6,1,-1,-1,2354,1,19,HONDA ACCORD,-1,-1,0,-1
2023161322361,2023,161322361,1,5,0,18,19,7,3,0,0,0,2,0,7,0,0,1,6,6,1,54,8,647,1,18,HONDA NT650V,4,E01012938,0,-1