collision_index,collision_year,collision_ref_no,vehicle_reference,vehicle_type,towing_and_articulation,vehicle_manoeuvre_historic,vehicle_manoeuvre,vehicle_direction_from,vehicle_direction_to,vehicle_location_restricted_lane_historic,vehicle_location_restricted_lane,junction_location,skidding_and_overturning,hit_object_in_carriageway,vehicle_leaving_carriageway,hit_object_off_carriageway,first_point_of_impact,vehicle_left_hand_drive,journey_purpose_of_driver_historic,journey_purpose_of_driver,sex_of_driver,age_of_driver,age_band_of_driver,engine_capacity_cc,propulsion_code,age_of_vehicle,generic_make_model,driver_imd_decile,lsoa_of_driver,escooter_flag,driver_distance_banding
2023471266182,2023,471266182,1,9,0,18,19,7,3,0,0,6,0,0,0,0,3,1,5,6,2,34,6,1390,1,18,RENAULT MODUS,7,E01016896,0,-1
2023221353483,2023,221353483,1,9,0,18,19,8,4,0,0,0,0,0,0,0,1,1,5,6,2,56,9,1461,2,18,RENAULT MODUS,2,E01028962,0,-1
2023552301474,2023,552301474,1,9,0,18,19,7,3,0,0,0,1,0,7,4,2,1,6,6,1,31,6,1598,1,15,RENAULT MODUS,6,E01020493,0,-1
2023031292897,2023,031292897,1,9,0,13,13,1,5,0,0,1,5,0,7,11,4,1,5,6,1,61,9,1149,1,16,RENAULT MODUS,-1,-1,0,-1
2023501349855,2023,501349855,1,9,0,18,19,3,7,0,0,2,0,0,0,0,4,1,5,6,2,66,10,1461,2,12,RENAULT MODUS,3,E01018990,0,-1
2023170L20213,2023,170L20213,2,9,0,18,19,8,4,0,0,1,0,0,0,0,1,1,6,6,1,74,10,1149,1,12,RENAULT MODUS,4,E01012105,0,-1
2023221277144,2023,221277144,2,9,0,18,19,7,3,0,0,8,0,0,0,0,1,1,5,6,1,37,7,1390,1,17,RENAULT MODUS,1,W01001883,0,-1
2023052302592,2023,052302592,1,19,0,18,19,7,1,0,0,8,0,0,0,0,1,1,1,1,1,23,5,1997,2,0,-1,1,E01007010,0,-1
2023351388092,2023,351388092,2,2,0,13,13,7,3,0,0,1,0,0,0,0,4,1,2,2,1,16,4,50,1,0,-1,7,E01018279,0,-1
2023010466324,2023,010466324,1,9,0,9,9,3,1,0,0,6,0,0,0,0,1,1,6,6,1,22,5,999,1,10,SMART FORTWO,3,E01001446,0,-1
2023543433123,2023,543433123,1,9,0,6,6,3,3,0,0,3,0,0,0,0,2,1,6,6,2,38,7,999,1,15,SMART FORTWO,10,E01032045,0,-1
2023010421213,2023,010421213,5,9,0,18,19,3,7,0,0,0,0,0,0,0,1,1,6,6,1,33,6,999,1,14,SMART FORTWO,-1,-1,0,-1
2023010421565,2023,010421565,2,9,0,99,99,9,9,0,0,8,0,0,0,0,1,9,6,6,3,-1,-1,999,1,12,SMART FORTWO,-1,-1,0,-1
2023061351496,2023,061351496,1,9,-1,-1,-1,-1,-1,-1,-1,0,-1,-1,-1,0,0,1,6,6,3,-1,-1,999,1,7,SMART FORTWO,-1,-1,0,-1
2023411352067,2023,411352067,2,9,0,7,7,2,6,0,0,6,0,0,0,0,3,1,5,6,2,56,9,999,1,16,SMART FORTWO,10,E01017443,0,-1
2023010477341,2023,010477341,2,9,0,99,99,9,9,99,99,9,9,99,9,99,9,9,6,6,3,-1,-1,999,1,11,SMART FORTWO,-1,-1,0,-1
2023010441179,2023,010441179,1,9,0,14,14,4,8,0,0,8,0,0,0,0,1,1,6,6,2,53,8,999,1,16,SMART FORTWO,9,E01030389,0,-1
2023070614161,2023,070614161,2,9,0,18,19,4,8,0,0,2,0,0,0,0,4,2,6,6,2,53,8,799,2,11,SMART FORTWO,8,E01018403,0,-1
2023501287441,2023,501287441,1,9,0,11,11,4,8,0,0,0,1,10,7,7,1,1,6,6,1,75,10,999,1,7,SMART FORTWO,7,E01015099,0,-1
2023010436284,2023,010436284,1,9,0,18,19,2,6,0,0,8,5,9,3,10,1,1,6,6,1,23,5,999,1,16,SMART FORTWO,2,E01001706,0,-1
2023430096553,2023,430096553,2,9,0,5,5,1,5,0,0,4,0,0,0,0,4,1,6,6,2,66,10,999,1,12,SMART FORTWO,7,E01028753,0,-1
2023010485099,2023,010485099,1,9,0,99,99,9,9,99,99,9,9,99,9,99,2,9,2,2,1,34,6,898,1,7,SMART FORTWO,7,E01000993,0,-1
2023461344765,2023,461344765,4,9,0,3,3,5,1,0,0,0,0,0,0,0,1,1,5,6,1,62,9,999,1,13,SMART FORTWO,7,E01024252,0,-1
2023010481505,2023,010481505,1,9,0,5,5,6,2,0,0,4,0,9,2,11,1,1,6,6,1,56,9,999,1,10,SMART FORTWO,1,E01000521,0,-1
2023351313428,2023,351313428,1,9,0,18,19,1,5,0,0,0,0,0,1,0,1,1,5,6,2,71,10,898,1,7,SMART FORTWO,9,E01023597,0,-1
2023010470412,2023,010470412,2,9,0,99,99,9,9,99,99,9,9,99,9,99,1,9,6,6,3,-1,-1,999,1,12,SMART FORTWO,4,E01031453,0,-1
2023010426037,2023,010426037,2,9,0,99,99,9,9,99,99,9,9,99,9,99,9,9,6,6,3,-1,-1,898,1,5,SMART FORTWO,9,E01000667,0,-1
2023010435275,2023,010435275,1,9,0,5,5,7,3,0,0,8,0,0,0,0,1,1,6,6,2,69,10,999,1,6,SMART FORTWO,8,E01002287,0,-1
2023411401704,2023,411401704,1,9,0,18,19,6,2,0,0,0,0,0,0,0,1,1,6,6,2,56,9,999,1,6,SMART FORTWO,6,E01023751,0,-1
2023371363089,2023,371363089,2,9,0,18,19,5,1,0,0,1,0,0,0,0,1,1,5,6,1,66,10,999,1,9,SMART FORTWO,4,E01026661,0,-1
2023201312704,2023,201312704,1,9,0,18,19,6,2,0,0,0,0,0,0,0,1,1,6,6,2,22,5,999,1,10,SMART FORTWO,1,E01009355,0,-1
2023471299810,2023,471299810,1,9,0,18,19,2,7,0,0,0,0,0,0,0,4,1,5,6,2,57,9,999,1,7,SMART FORTWO,5,E01020947,0,-1
2023010452982,2023,010452982,1,9,0,99,99,9,9,99,99,9,9,99,9,99,2,9,2,2,2,29,6,999,1,12,SMART FORTWO,3,E01001468,0,-1
2023010470686,2023,010470686,1,9,0,18,19,5,1,0,0,2,0,7,0,0,1,1,2,2,2,19,4,898,1,7,SMART FORTWO,4,E01021815,0,-1
2023010430815,2023,010430815,1,9,0,4,4,1,5,0,0,5,0,0,0,0,1,1,1,1,1,34,6,999,1,5,SMART FORTWO,7,E01002824,0,-1
2023440113681,2023,440113681,2,9,0,18,19,4,8,0,0,8,0,0,1,0,3,1,2,2,2,46,8,999,1,12,SMART FORTWO,10,E01023212,0,-1
2023471307158,2023,471307158,2,9,0,18,19,8,5,0,0,1,0,0,0,0,2,1,5,6,2,62,9,999,1,13,SMART FORTWO,7,E01031782,0,-1
2023471362742,2023,471362742,2,9,0,18,19,3,7,0,0,1,0,0,0,0,1,1,5,6,1,58,9,999,1,11,SMART FORTWO,6,E01031464,0,-1
2023010449755,2023,010449755,1,9,0,99,99,9,9,0,0,1,0,0,0,0,2,9,6,6,1,40,7,898,1,7,SMART FORTWO,5,E01004165,0,-1
2023052302903,2023,052302903,2,9,0,18,19,3,7,0,0,0,0,0,0,0,4,1,6,6,2,30,6,799,2,13,SMART FORTWO,7,E01007116,0,-1
2023010443340,2023,010443340,2,9,0,18,19,3,7,0,0,2,0,0,0,0,2,1,6,6,2,28,6,999,1,12,SMART FORTWO,8,E01002159,0,-1
2023010461667,2023,010461667,1,9,0,4,4,7,3,0,0,1,0,0,0,0,2,1,1,1,2,29,6,999,1,5,SMART FORTWO,10,E01021787,0,-1
2023010437308,2023,010437308,3,9,0,2,2,0,0,0,0,0,0,0,0,0,2,1,6,6,3,-1,-1,999,1,15,SMART FORTWO,-1,-1,0,-1
2023421346856,2023,421346856,2,9,0,9,9,5,3,0,0,0,0,0,0,0,3,1,2,2,1,27,6,999,1,10,SMART FORTWO,2,E01000053,0,-1
2023010420443,2023,010420443,1,9,0,99,99,9,9,0,0,0,9,99,9,99,1,9,6,6,2,31,6,999,1,6,SMART FORTWO,3,E01015963,0,-1
2023122301088,2023,122301088,2,9,0,18,19,1,5,0,0,8,0,0,0,0,2,1,6,6,2,23,5,999,1,13,SMART FORTWO,8,E01019367,0,-1
2023010442093,2023,010442093,1,9,0,18,19,7,3,0,0,1,0,0,0,0,4,1,2,2,1,42,7,999,1,14,SMART FORTWO,4,E01003757,0,-1
2023010435606,2023,010435606,1,9,0,18,19,5,1,0,0,8,0,0,0,0,1,1,6,6,2,84,11,999,1,6,SMART FORTWO,7,E01000387,0,-1
2023010426060,2023,010426060,1,9,0,18,19,1,5,0,0,2,0,0,0,0,1,1,6,6,3,-1,-1,999,1,14,SMART FORTWO,-1,-1,0,-1
2023010434561,2023,010434561,2,9,0,99,99,9,9,99,99,9,9,99,9,99,9,9,6,6,3,-1,-1,898,1,5,SMART FORTWO,-1,-1,0,-1
2023010420145,2023,010420145,2,9,0,18,19,4,8,0,0,1,0,0,0,0,2,1,6,6,2,29,6,898,1,5,SMART FORTWO,6,E01001678,0,-1
2023010451203,2023,010451203,2,9,0,18,19,1,5,0,0,1,0,0,0,0,4,1,6,6,1,35,6,999,1,7,SMART FORTWO,1,E01002853,0,-1
2023430551464,2023,430551464,1,9,0,18,19,8,4,0,0,0,0,0,0,0,1,1,6,6,1,45,7,698,1,18,SMART FORTWO,-1,-1,0,-1
2023010463615,2023,010463615,1,9,0,5,5,1,5,0,0,8,0,0,0,0,1,1,6,6,1,38,7,999,1,16,SMART FORTWO,-1,-1,0,-1
2023141272564,2023,141272564,1,9,0,16,19,5,1,0,0,0,0,0,6,4,1,1,5,6,1,68,10,999,1,16,SMART FORTWO,8,E01007418,0,-1
2023010472012,2023,010472012,2,9,0,99,99,9,9,99,99,9,9,99,9,99,1,9,6,6,3,-1,-1,999,1,16,SMART FORTWO,-1,-1,0,-1
2023010479610,2023,010479610,1,9,0,9,9,5,2,0,0,8,0,0,0,0,4,1,6,6,1,49,8,898,1,8,SMART FORTWO,8,E01000116,0,-1
2023010471416,2023,010471416,2,9,0,99,99,9,9,99,99,9,9,99,9,99,9,9,6,6,3,-1,-1,898,1,6,SMART FORTWO,-1,-1,0,-1
2023421303600,2023,421303600,2,9,0,18,19,5,1,0,0,1,0,0,0,0,1,1,5,6,2,18,4,999,1,15,SMART FORTWO,5,E01003724,0,-1
2023501366480,2023,501366480,1,9,0,9,9,7,6,0,0,6,1,0,0,0,1,1,6,6,1,62,9,799,2,13,SMART FORTWO,1,E01019041,0,-1
2023451362799,2023,451362799,1,9,0,5,5,7,7,6,6,0,0,4,0,0,1,1,5,6,1,88,11,999,1,6,SMART FORTWO,5,E01030814,0,-1
2023421368068,2023,421368068,1,9,0,9,9,5,3,0,0,8,0,0,0,0,1,1,2,2,1,22,5,999,1,15,SMART FORTWO,4,E01021648,0,-1
2023991384246,2023,991384246,2,9,0,3,3,7,2,0,0,8,0,0,0,0,2,1,5,6,1,67,10,-1,3,1,SMART FORTWO,-1,-1,0,-1
2023010450344,2023,010450344,1,9,0,18,19,7,3,0,0,8,0,0,0,0,1,2,6,6,2,77,11,999,1,11,SMART FORTWO,7,E01002679,0,-1
2023141272158,2023,141272158,1,9,0,18,19,1,5,0,0,0,0,0,0,0,2,1,5,6,2,54,8,898,1,6,SMART FORTWO,10,E01007619,0,-1
2023320111044,2023,320111044,2,9,0,18,19,4,8,0,0,8,0,0,0,0,1,1,2,2,2,44,7,698,1,18,SMART FORTWO,1,E01026010,0,-1
2023451268096,2023,451268096,2,9,0,10,10,5,1,0,0,0,0,0,0,0,3,1,5,6,2,70,10,999,1,6,SMART FORTWO,9,E01030823,0,-1
2023421397013,2023,421397013,2,9,0,18,19,5,1,0,0,0,0,0,0,0,0,1,6,6,1,-1,-1,799,2,14,SMART FORTWO,3,E01015902,0,-1
2023061305702,2023,061305702,2,9,0,3,3,-1,-1,0,0,1,0,0,0,0,2,1,5,6,1,31,6,999,1,14,SMART FORTWO,6,E01010885,0,-1
2023610021323,2023,610021323,1,9,0,3,3,1,5,0,0,0,0,0,0,0,3,1,6,6,2,36,7,898,1,7,SMART FORTWO,1,W01001884,0,-1
2023010470229,2023,010470229,2,9,0,7,7,1,3,0,0,0,0,0,0,0,4,1,6,6,1,74,10,999,1,15,SMART FORTWO,-1,-1,0,-1
2023471367090,2023,471367090,1,9,0,5,5,7,3,0,0,1,0,0,0,0,1,1,1,1,1,45,7,999,1,10,SMART FORTWO,8,E01021214,0,-1
2023451344403,2023,451344403,2,9,0,18,19,5,1,0,0,1,0,0,0,0,1,1,6,6,2,29,6,999,1,11,SMART FORTWO,-1,-1,0,-1
2023471305863,2023,471305863,1,9,0,18,19,5,1,0,0,0,0,0,0,0,3,1,6,6,2,-1,-1,999,1,6,SMART FORTWO,-1,-1,0,-1
2023010485209,2023,010485209,2,9,0,17,19,5,1,0,0,0,0,0,0,0,1,1,6,6,2,27,6,999,1,16,SMART FORTWO,3,E01003146,0,-1
2023421394725,2023,421394725,1,9,0,18,19,7,3,0,0,1,0,0,0,0,3,1,6,6,3,-1,-1,799,2,10,SMART FORTWO,-1,-1,0,-1
2023501362016,2023,501362016,1,9,0,17,19,1,6,0,0,0,0,0,0,0,1,1,6,6,2,67,10,-1,3,2,SMART FORTWO,9,E01020173,0,-1
2023421377017,2023,421377017,2,9,0,6,6,7,7,0,0,3,0,0,0,0,4,1,5,6,1,18,4,999,1,15,SMART FORTWO,4,E01021274,0,-1
2023520301573,2023,520301573,2,9,0,4,4,7,3,0,0,4,0,0,0,0,2,1,6,6,2,51,8,799,2,12,SMART FORTWO,4,E01032633,0,-1
2023122301125,2023,122301125,1,9,0,3,3,3,7,0,0,1,0,0,0,0,2,1,6,6,2,85,11,999,1,12,SMART FORTWO,5,E01027828,0,-1
2023010443169,2023,010443169,4,9,0,2,2,0,0,0,0,8,0,0,0,0,3,1,6,6,3,-1,-1,999,1,5,SMART FORTWO,-1,-1,0,-1
2023351409423,2023,351409423,2,9,0,2,2,0,0,0,0,0,0,0,0,0,3,1,6,6,3,-1,-1,999,1,15,SMART FORTWO,-1,-1,0,-1
2023440322588,2023,440322588,2,9,0,18,19,8,4,0,0,1,0,0,0,0,1,1,6,6,1,72,10,999,1,4,SMART FORTWO,9,E01023053,0,-1
2023501306235,2023,501306235,1,9,0,7,7,7,3,0,0,0,0,0,0,0,1,1,5,6,2,86,11,999,1,10,SMART FORTWO,2,E01018897,0,-1
2023552301177,2023,552301177,1,9,0,18,19,4,8,0,0,0,5,4,0,0,1,1,6,6,2,88,11,999,1,7,SMART FORTWO,6,E01015291,0,-1
2023010480016,2023,010480016,3,9,0,18,19,7,3,0,0,0,0,0,7,4,1,1,6,6,3,-1,-1,999,1,10,SMART FORTWO,-1,-1,0,-1
2023010483772,2023,010483772,1,9,0,99,99,9,9,99,99,0,9,99,9,99,1,9,6,6,3,-1,-1,999,1,7,SMART FORTWO,2,E01003265,0,-1
2023010480551,2023,010480551,1,9,0,18,19,7,3,0,0,0,0,0,0,0,1,1,6,6,2,32,6,999,1,13,SMART FORTWO,8,E01001390,0,-1
2023622301003,2023,622301003,2,9,0,7,7,8,2,0,0,1,0,0,0,0,3,1,6,6,2,70,10,999,1,12,SMART FORTWO,5,W01001373,0,-1
2023531366680,2023,531366680,2,9,0,11,11,3,7,0,0,8,1,0,1,0,4,1,6,6,2,31,6,999,1,13,SMART FORTWO,10,E01022168,0,-1
2023411390124,2023,411390124,2,9,0,3,3,-1,-1,0,0,0,0,0,0,0,2,1,2,2,1,36,7,999,1,13,SMART FORTWO,9,E01021781,0,-1
2023421271137,2023,421271137,1,9,0,18,19,0,0,0,0,0,5,0,0,0,0,1,6,6,3,-1,-1,799,2,14,SMART FORTWO,-1,-1,0,-1
2023111300212,2023,111300212,2,9,0,3,3,8,3,0,0,0,0,0,0,0,2,1,5,6,1,57,9,999,1,9,SMART FORTWO,3,E01020661,0,-1
2023471266454,2023,471266454,1,9,0,18,19,2,6,0,0,2,0,0,0,0,1,1,5,6,1,66,10,999,1,12,SMART FORTWO,9,E01021053,0,-1
2023552300377,2023,552300377,2,9,0,18,19,4,8,0,0,0,0,0,0,0,2,1,2,2,2,58,9,-1,3,2,SMART FORTWO,5,E01020577,0,-1
2023010424932,2023,010424932,1,9,0,5,5,3,7,0,0,3,0,0,7,0,1,1,2,2,1,52,8,898,1,5,SMART FORTWO,9,E01017829,0,-1
2023010471004,2023,010471004,1,9,0,5,5,1,5,0,0,6,0,0,0,0,1,1,6,6,1,21,5,698,1,16,SMART FORTWO,1,E01000528,0,-1
2023010441930,2023,010441930,1,9,0,18,19,7,3,9,9,3,5,7,1,10,1,1,6,6,1,20,4,698,1,17,SMART FORTWO,4,E01001353,0,-1
2023052300845,2023,052300845,1,9,0,18,19,7,3,0,0,6,0,0,0,0,3,1,6,6,1,86,11,999,1,15,SMART FORTWO,1,E01006830,0,-1
2023552300319,2023,552300319,2,9,0,18,19,8,4,0,0,0,0,0,0,0,4,1,6,6,1,73,10,999,1,9,SMART FORTWO,10,E01015401,0,-1
2023501326913,2023,501326913,1,9,0,9,9,7,5,0,0,8,0,0,0,0,4,1,6,6,2,76,11,698,1,17,SMART FORTWO,9,E01018796,0,-1
2023543325023,2023,543325023,1,9,0,18,19,4,8,0,0,0,0,0,0,0,1,1,2,2,2,53,8,799,2,13,SMART FORTWO,7,E01032067,0,-1
2023010446987,2023,010446987,2,9,9,99,99,9,9,99,99,9,9,99,9,99,9,9,6,6,3,-1,-1,999,1,8,SMART FORTWO,3,E01003728,0,-1
2023421285945,2023,421285945,1,9,0,18,19,2,6,0,0,8,0,0,0,0,1,1,6,6,1,23,5,999,1,5,SMART FORTWO,7,E01021803,0,-1
2023522400777,2023,522400777,1,9,0,5,5,8,4,0,0,4,0,0,0,0,3,1,6,6,1,58,9,999,1,5,SMART FORTWO,10,E01014850,0,-1
2023421279881,2023,421279881,2,9,0,18,19,7,2,0,0,0,0,0,0,0,4,1,5,6,2,37,7,898,1,4,SMART FORTWO,8,E01021299,0,-1
2023631345915,2023,631345915,2,9,0,3,3,8,4,0,0,0,0,0,0,0,2,1,5,6,2,52,8,999,1,13,SMART FORTWO,7,W01000822,0,-1
2023010439524,2023,010439524,1,9,0,11,11,5,1,0,0,0,0,0,0,0,0,1,2,2,2,27,6,999,1,4,SMART FORTWO,4,E01000331,0,-1
2023070140267,2023,070140267,1,9,0,18,19,6,3,9,9,2,0,0,1,3,1,1,6,6,2,86,11,999,1,10,SMART FORTWO,10,E01018554,0,-1
2023010459265,2023,010459265,1,9,0,99,99,9,9,99,99,9,9,99,9,99,2,9,2,2,1,35,6,999,1,13,SMART FORTWO,2,E01023338,0,-1
2023010451738,2023,010451738,2,9,0,18,19,3,7,0,0,8,0,0,0,0,1,1,6,6,1,45,7,698,1,19,SMART FORTWO,4,E01002018,0,-1
2023461326031,2023,461326031,1,9,0,17,19,2,6,0,0,0,0,6,1,9,4,1,6,6,1,30,6,999,1,13,SMART FORTWO,10,E01000425,0,-1
2023421289166,2023,421289166,2,9,0,18,19,6,2,0,0,0,0,0,0,0,2,1,6,6,1,29,6,898,1,5,SMART FORTWO,3,E01001409,0,-1
2023010470579,2023,010470579,1,9,0,18,19,4,8,0,0,0,0,0,0,0,1,1,6,6,1,74,10,-1,3,9,SMART FORTWO,9,E01001417,0,-1
2023552300323,2023,552300323,2,9,0,18,19,7,3,0,0,8,1,0,0,0,1,1,2,2,1,40,7,799,2,14,SMART FORTWO,1,E01015290,0,-1
2023010457579,2023,010457579,1,9,0,99,99,9,9,99,99,9,9,99,9,99,9,9,6,6,1,37,7,999,1,13,SMART FORTWO,3,E01000640,0,-1
2023461367649,2023,461367649,1,9,0,18,19,1,5,0,0,1,0,0,0,0,1,1,6,6,1,78,11,999,1,13,SMART FORTWO,7,E01024740,0,-1
2023631327069,2023,631327069,2,9,0,3,3,4,8,0,0,0,0,0,0,0,2,1,6,6,2,19,4,999,1,14,SMART FORTWO,6,W01000667,0,-1
2023010452066,2023,010452066,1,9,0,5,5,3,7,0,0,8,0,0,0,0,1,1,6,6,1,30,6,999,1,11,SMART FORTWO,3,E01004666,0,-1
2023421264609,2023,421264609,1,9,0,18,19,7,3,0,0,0,1,0,1,0,1,1,5,6,1,40,7,698,1,17,SMART FORTWO,6,E01022010,0,-1
2023010427623,2023,010427623,2,9,0,18,19,3,7,0,0,8,0,0,0,0,1,1,6,6,3,-1,-1,999,1,7,SMART FORTWO,-1,-1,0,-1
2023010470690,2023,010470690,1,9,0,18,19,5,1,0,0,0,0,0,0,0,1,1,6,6,1,43,7,999,1,14,SMART FORTWO,3,E01002283,0,-1
2023061268555,2023,061268555,1,9,0,5,5,5,1,0,0,0,0,0,0,0,1,1,6,6,1,41,7,999,1,15,SMART FORTWO,1,E01005615,0,-1
2023340WN4512,2023,340WN4512,1,9,0,18,19,2,6,0,0,0,1,0,0,0,1,1,6,6,2,51,8,999,1,14,SMART FORTWO,4,E01027061,0,-1
2023010430884,2023,010430884,1,9,0,99,99,9,9,99,99,9,9,99,9,99,9,9,6,6,2,37,7,999,1,15,SMART FORTWO,3,E01021806,0,-1
2023351284082,2023,351284082,2,9,0,17,19,6,2,0,0,0,0,0,1,4,1,1,5,6,1,56,9,999,1,10,SMART FORTWO,7,E01018011,0,-1
2023061373560,2023,061373560,1,9,0,18,19,7,3,0,0,0,1,0,1,1,1,1,6,6,1,41,7,999,1,15,SMART FORTWO,1,E01006612,0,-1
2023010447036,2023,010447036,2,9,0,99,99,9,9,99,99,9,9,99,9,99,9,9,6,6,3,51,8,999,1,9,SMART FORTWO,7,E01002836,0,-1
2023010437968,2023,010437968,2,9,9,99,99,9,9,99,99,9,9,99,9,99,9,9,6,6,3,-1,-1,999,1,14,SMART FORTWO,-1,-1,0,-1
2023471262613,2023,471262613,1,9,0,12,12,3,7,0,0,0,0,0,4,6,1,1,1,1,2,31,6,999,1,11,SMART FORTWO,10,E01030585,0,-1
2023122400045,2023,122400045,1,9,0,18,19,8,3,0,0,0,1,0,7,3,1,1,2,2,2,36,7,799,2,13,SMART FORTWO,5,E01027793,0,-1
2023010437553,2023,010437553,3,9,0,18,19,5,1,0,0,1,0,0,0,0,3,1,6,6,1,61,9,999,1,13,SMART FORTWO,-1,-1,0,-1
2023141316302,2023,141316302,2,9,0,13,13,1,-1,0,0,1,0,0,0,0,4,1,6,6,3,-1,-1,999,1,14,SMART FORTWO,-1,-1,0,-1
2023010425850,2023,010425850,1,9,0,18,19,1,5,0,0,2,0,0,0,0,3,1,6,6,3,72,10,999,1,15,SMART FORTWO,9,E01024440,0,-1
2023010461612,2023,010461612,1,9,0,9,9,5,2,0,0,7,0,0,0,0,1,1,6,6,3,-1,-1,999,1,12,SMART FORTWO,-1,-1,0,-1
2023010455191,2023,010455191,2,9,0,99,99,9,9,99,99,0,9,99,9,99,9,9,6,6,3,-1,-1,898,1,7,SMART FORTWO,-1,-1,0,-1
2023010429776,2023,010429776,1,9,0,18,19,3,7,0,0,1,5,10,0,0,1,1,6,6,1,32,6,999,1,14,SMART FORTWO,1,E01003070,0,-1
2023041384727,2023,041384727,1,9,0,18,19,6,2,0,0,0,0,4,0,0,1,1,5,6,1,89,11,799,2,14,SMART FORTWO,5,E01025017,0,-1
2023010470943,2023,010470943,1,9,0,99,99,9,9,99,99,0,9,99,9,99,2,9,2,2,2,24,5,898,1,7,SMART FORTWO,4,E01023333,0,-1
2023010423504,2023,010423504,1,9,0,99,99,9,9,99,99,9,9,99,9,99,1,9,6,6,1,73,10,898,1,6,SMART FORTWO,10,E01030322,0,-1
2023161388211,2023,161388211,2,9,0,18,19,1,5,0,0,1,0,0,0,0,4,1,6,6,2,50,8,999,1,7,SMART FORTWO,-1,-1,0,-1
2023010432437,2023,010432437,1,9,0,10,10,3,1,0,0,7,0,0,0,0,3,1,6,6,1,33,6,999,1,5,SMART FORTWO,3,E01004427,0,-1
2023010429667,2023,010429667,2,9,0,99,99,9,9,99,99,9,9,99,9,99,1,9,6,6,3,-1,-1,999,1,9,SMART FORTWO,-1,-1,0,-1
2023501294512,2023,501294512,1,9,0,1,1,1,1,0,0,0,0,0,1,9,2,1,6,6,2,40,7,799,2,10,SMART FORTWO,2,E01015218,0,-1
2023461351466,2023,461351466,2,9,0,18,19,5,1,0,0,0,0,0,0,0,1,1,5,6,2,55,8,999,1,6,SMART FORTWO,-1,-1,0,-1
2023010447660,2023,010447660,1,9,0,18,19,1,5,0,0,1,0,0,0,0,1,1,1,1,2,32,6,898,1,8,SMART FORTWO,9,E01000452,0,-1
2023131293512,2023,131293512,2,9,0,7,7,0,3,0,0,6,0,0,0,0,1,1,2,2,2,20,4,799,2,11,SMART FORTWO,8,E01010758,0,-1
2023451369965,2023,451369965,3,9,0,18,19,5,1,0,0,0,0,0,1,9,1,1,5,6,2,64,9,898,1,6,SMART FORTWO,6,E01030300,0,-1
2023461296075,2023,461296075,2,9,0,3,3,3,7,0,0,0,0,0,0,0,2,1,1,1,2,54,8,999,1,7,SMART FORTWO,5,E01024095,0,-1
2023501378959,2023,501378959,4,9,0,2,2,0,0,0,0,0,0,0,0,0,2,1,6,6,3,-1,-1,799,2,13,SMART FORTWO,-1,-1,0,-1
2023010424394,2023,010424394,1,9,0,99,99,9,9,99,99,9,9,99,9,99,9,9,6,6,1,40,7,999,1,13,SMART FORTWO,3,E01002407,0,-1
2023131258661,2023,131258661,1,9,0,18,19,2,6,0,0,4,5,0,3,4,1,1,6,6,1,49,8,698,1,16,SMART FORTWO,7,E01011067,0,-1
2023421373370,2023,421373370,2,9,0,18,19,5,1,0,0,8,0,0,7,0,1,1,5,6,1,61,9,-1,3,5,SMART FORTWO,7,E01021797,0,-1
2023010434023,2023,010434023,1,9,0,9,9,4,2,0,0,6,0,0,0,0,3,1,2,2,2,30,6,999,1,10,SMART FORTWO,2,E01003238,0,-1
2023451342463,2023,451342463,1,9,0,18,19,1,5,0,0,0,0,4,0,0,4,1,6,6,2,24,5,999,1,11,SMART FORTWO,5,E01017090,0,-1
2023010424574,2023,010424574,1,9,0,18,19,1,5,0,0,0,0,0,0,0,1,1,2,2,1,28,6,999,1,6,SMART FORTWO,9,E01000686,0,-1
2023010455225,2023,010455225,1,9,0,99,99,9,9,99,99,0,9,99,9,99,2,9,6,6,2,34,6,999,1,5,SMART FORTWO,2,E01003542,0,-1
2023010477274,2023,010477274,2,9,0,99,99,9,9,99,99,9,9,99,9,99,1,9,6,6,3,-1,-1,698,1,18,SMART FORTWO,2,E01002049,0,-1
2023631356837,2023,631356837,1,9,0,18,19,7,3,0,0,0,0,0,0,0,1,1,6,6,2,76,11,898,1,8,SMART FORTWO,7,W01000548,0,-1
2023451326316,2023,451326316,2,9,0,9,9,3,7,0,0,1,0,0,0,0,4,1,2,2,1,46,8,999,1,9,SMART FORTWO,9,E01030334,0,-1
2023520000604,2023,520000604,1,9,0,18,19,9,9,0,0,0,0,0,9,10,1,1,6,6,2,81,11,898,1,8,SMART FORTWO,9,E01014467,0,-1