collision_index,collision_year,collision_ref_no,vehicle_reference,vehicle_type,towing_and_articulation,vehicle_manoeuvre_historic,vehicle_manoeuvre,vehicle_direction_from,vehicle_direction_to,vehicle_location_restricted_lane_historic,vehicle_location_restricted_lane,junction_location,skidding_and_overturning,hit_object_in_carriageway,vehicle_leaving_carriageway,hit_object_off_carriageway,first_point_of_impact,vehicle_left_hand_drive,journey_purpose_of_driver_historic,journey_purpose_of_driver,sex_of_driver,age_of_driver,age_band_of_driver,engine_capacity_cc,propulsion_code,age_of_vehicle,generic_make_model,driver_imd_decile,lsoa_of_driver,escooter_flag,driver_distance_banding
2023531262857,2023,531262857,2,9,0,3,3,4,1,0,0,1,0,0,0,0,2,1,6,6,1,76,11,999,1,5,SMART FORTWO,9,W01001715,0,-1
2023010428285,2023,010428285,1,9,0,18,19,5,1,0,0,2,0,4,0,0,1,1,2,2,1,32,6,898,1,6,SMART FORTWO,7,E01000236,0,-1
2023010433511,2023,010433511,1,9,0,18,19,3,7,0,0,0,1,10,0,0,2,1,6,6,1,25,5,999,1,14,SMART FORTWO,7,E01000732,0,-1
2023010458424,2023,010458424,1,9,0,5,5,8,4,9,9,0,0,0,0,0,1,1,6,6,1,24,5,898,1,6,SMART FORTWO,7,E01003270,0,-1
2023471344097,2023,471344097,1,9,0,18,19,5,1,0,0,0,5,0,0,0,1,1,5,6,1,19,4,999,1,15,SMART FORTWO,4,E01021002,0,-1
2023421367476,2023,421367476,2,9,0,18,19,1,5,0,0,8,0,0,0,0,1,1,6,6,2,44,7,999,1,15,SMART FORTWO,5,E01003700,0,-1
2023531259752,2023,531259752,2,9,0,9,9,3,3,0,0,5,0,0,7,0,3,1,5,6,2,48,8,999,1,16,SMART FORTWO,3,E01009928,0,-1
2023010435630,2023,010435630,1,9,0,9,9,3,8,0,0,1,0,0,0,0,2,1,6,6,1,53,8,999,1,9,SMART FORTWO,8,E01001470,0,-1
2023010450061,2023,010450061,1,9,0,18,19,7,3,0,0,0,0,0,0,0,1,1,1,1,1,30,6,999,1,14,SMART FORTWO,7,E01000437,0,-1
2023451392107,2023,451392107,1,9,0,18,19,1,5,0,0,0,0,0,0,0,1,2,5,6,2,43,7,999,1,12,SMART FORTWO,10,E01030323,0,-1
2023010457068,2023,010457068,1,9,0,9,9,1,6,0,0,1,0,0,0,0,3,1,6,6,1,31,6,-1,3,3,SMART FORTWO,2,E01000931,0,-1
2023421304567,2023,421304567,2,9,0,10,10,7,5,0,0,8,0,0,0,0,2,1,6,6,1,35,6,799,2,14,SMART FORTWO,10,E01021938,0,-1
2023311374786,2023,311374786,1,9,0,2,2,0,0,0,0,0,0,0,0,0,3,1,6,6,1,34,6,999,1,12,SMART FORTWO,4,E01033404,0,-1
2023552400212,2023,552400212,1,9,0,18,19,1,5,0,0,0,0,0,0,0,3,1,6,6,2,41,7,999,1,15,SMART FORTWO,6,E01020433,0,-1
2023471351842,2023,471351842,1,9,0,16,19,1,6,0,0,1,1,0,8,0,4,1,2,2,2,65,9,999,1,13,SMART FORTWO,4,E01021045,0,-1
2023501318710,2023,501318710,2,9,0,18,19,8,4,0,0,0,0,0,4,6,2,1,6,6,1,39,7,999,1,10,SMART FORTWO,8,E01020261,0,-1
2023010428042,2023,010428042,1,9,0,5,5,0,1,99,99,9,0,11,0,0,4,1,6,6,1,22,5,999,1,16,SMART FORTWO,4,E01004658,0,-1
2023010458565,2023,010458565,4,9,0,2,2,0,0,9,9,8,0,0,0,0,3,1,6,6,3,-1,-1,999,1,15,SMART FORTWO,-1,-1,0,-1
2023421352482,2023,421352482,3,9,0,16,19,5,1,0,0,0,0,0,0,0,1,1,6,6,2,60,9,999,1,11,SMART FORTWO,7,E01022074,0,-1
2023430536384,2023,430536384,2,9,0,7,7,6,8,0,0,6,0,0,0,0,1,1,6,6,3,-1,-1,898,1,7,SMART FORTWO,-1,-1,0,-1
2023010428806,2023,010428806,2,9,0,99,99,9,9,99,99,9,9,99,9,99,9,9,6,6,1,29,6,898,1,6,SMART FORTWO,6,E01002126,0,-1
2023332300768,2023,332300768,2,9,0,18,19,6,2,0,0,8,0,0,0,0,1,1,6,6,1,63,9,999,1,7,SMART FORTWO,9,E01025639,0,-1
2023010478256,2023,010478256,1,9,0,18,19,1,5,0,0,2,0,0,0,0,1,1,6,6,3,-1,-1,898,1,5,SMART FORTWO,-1,-1,0,-1
2023052302508,2023,052302508,2,9,0,18,19,5,1,0,0,1,0,0,0,0,1,1,6,6,2,80,11,799,2,14,SMART FORTWO,7,E01007196,0,-1
2023010426435,2023,010426435,2,9,0,99,99,9,9,99,99,9,9,99,9,99,1,9,6,6,3,-1,-1,999,1,14,SMART FORTWO,-1,-1,0,-1
2023471364860,2023,471364860,1,9,0,18,19,6,2,0,0,0,1,11,0,0,1,1,5,6,2,57,9,999,1,15,SMART FORTWO,5,E01024010,0,-1
2023010485415,2023,010485415,1,9,0,99,99,9,9,99,99,0,9,99,9,99,2,9,2,2,2,44,7,799,2,14,SMART FORTWO,1,E01001634,0,-1
2023421279892,2023,421279892,1,9,0,18,19,3,6,0,0,1,5,0,0,0,4,1,5,6,1,21,5,999,1,16,SMART FORTWO,6,E01021794,0,-1
2023542308023,2023,542308023,1,9,0,5,5,7,8,0,0,6,0,0,0,0,3,1,6,6,2,44,7,999,1,13,SMART FORTWO,5,E01015554,0,-1
2023351344286,2023,351344286,1,9,0,18,19,7,3,0,0,8,0,0,0,0,1,1,5,6,1,44,7,999,1,9,SMART FORTWO,7,E01033177,0,-1
2023201403468,2023,201403468,1,9,0,7,7,2,4,0,0,6,0,0,0,0,1,1,6,6,1,53,8,799,2,14,SMART FORTWO,1,E01033187,0,-1
2023311269475,2023,311269475,1,9,0,5,5,6,1,0,0,3,0,0,0,0,3,1,1,1,2,33,6,799,2,11,SMART FORTWO,2,E01028233,0,-1
2023231270746,2023,231270746,1,9,0,18,19,1,5,0,0,1,0,0,0,0,1,1,6,6,2,54,8,999,1,9,SMART FORTWO,4,E01008947,0,-1
2023211335569,2023,211335569,2,9,0,18,19,7,3,0,0,8,0,0,1,0,3,1,5,6,1,75,10,999,1,15,SMART FORTWO,10,E01029710,0,-1
2023461333699,2023,461333699,2,9,0,5,5,8,4,0,0,4,0,0,0,0,1,1,6,6,1,24,5,999,1,14,SMART FORTWO,4,E01024132,0,-1
2023302301111,2023,302301111,2,9,0,18,19,1,5,0,0,0,0,0,0,0,2,1,6,6,1,58,9,999,1,15,SMART FORTWO,7,E01019711,0,-1
2023010442802,2023,010442802,2,9,0,18,19,3,7,0,0,8,0,0,0,0,1,1,6,6,1,69,10,999,1,15,SMART FORTWO,1,E01033153,0,-1
2023010424244,2023,010424244,3,9,0,2,2,0,0,0,0,2,0,0,0,0,1,1,6,6,3,-1,-1,999,1,6,SMART FORTWO,-1,-1,0,-1
2023010458505,2023,010458505,5,9,0,18,19,5,1,0,0,1,0,0,0,0,2,1,1,1,2,66,10,999,1,4,SMART FORTWO,9,E01000692,0,-1
2023451384631,2023,451384631,1,9,0,18,19,5,1,0,0,0,5,0,1,0,1,1,5,6,1,24,5,698,1,18,SMART FORTWO,6,E01030633,0,-1
2023010465564,2023,010465564,1,9,0,3,3,3,7,0,0,4,0,0,0,0,2,1,2,2,2,32,6,999,1,5,SMART FORTWO,6,E01004361,0,-1
2023211386950,2023,211386950,1,3,0,18,19,8,7,0,0,1,2,10,7,11,0,1,5,6,1,20,4,278,1,2,-1,-1,-1,0,-1
2023010422137,2023,010422137,1,3,0,14,14,3,7,0,0,0,1,0,0,0,0,1,6,6,2,34,6,125,1,7,-1,3,E01003101,0,-1
2023052302024,2023,052302024,1,4,0,18,19,6,2,0,0,8,0,0,0,0,4,1,6,6,1,20,4,278,1,2,-1,1,E01006659,0,-1
2023052302765,2023,052302765,2,3,0,18,19,6,2,0,0,8,0,0,0,0,1,1,6,6,1,44,7,124,1,5,-1,3,E01007208,0,-1
2023131348667,2023,131348667,1,9,0,2,2,7,3,0,0,8,0,0,0,0,3,1,6,6,3,-1,-1,1794,1,19,TOYOTA CELICA,-1,-1,0,-1
2023371302309,2023,371302309,1,9,0,5,5,3,7,0,0,0,0,0,0,0,1,1,5,6,1,29,6,1796,1,20,TOYOTA CELICA,10,E01030179,0,-1
2023041352106,2023,041352106,1,9,0,18,19,8,4,0,0,8,0,0,0,0,4,1,1,1,1,22,5,1794,1,19,TOYOTA CELICA,1,E01025068,0,-1
2023552300294,2023,552300294,2,9,0,18,19,7,3,0,0,8,0,0,0,0,4,1,6,6,2,59,9,1794,1,17,TOYOTA CELICA,9,E01015463,0,-1
2023161363083,2023,161363083,2,9,0,18,19,5,1,0,0,8,0,0,7,11,1,1,5,6,1,32,6,1794,1,23,TOYOTA CELICA,6,E01013250,0,-1
2023351304031,2023,351304031,1,9,0,1,1,5,1,0,0,0,0,11,0,0,2,1,6,6,2,86,11,1794,1,17,TOYOTA CELICA,10,E01018130,0,-1
2023501303776,2023,501303776,1,9,0,9,9,1,5,0,0,1,0,0,0,0,3,1,1,1,1,18,4,1998,1,32,TOYOTA CELICA,8,E01020190,0,-1
2023471268502,2023,471268502,1,9,0,18,19,5,1,0,0,8,0,0,0,0,1,1,1,1,1,35,6,1796,1,22,TOYOTA CELICA,8,E01031732,0,-1
2023522300655,2023,522300655,2,9,0,13,13,2,6,0,0,2,0,0,1,10,1,1,6,6,1,43,7,1796,1,20,TOYOTA CELICA,2,W01001691,0,-1
2023311316547,2023,311316547,1,9,0,9,9,4,8,0,0,0,0,0,0,0,1,2,5,6,1,25,5,1796,1,19,TOYOTA CELICA,10,E01028415,0,-1
2023622300218,2023,622300218,1,9,0,17,19,8,4,0,0,0,5,0,2,4,1,1,6,6,1,21,5,1794,1,19,TOYOTA CELICA,7,W01001228,0,-1
2023010447446,2023,010447446,2,9,0,99,99,9,9,99,99,9,9,99,9,99,1,9,6,6,3,-1,-1,1796,1,20,TOYOTA CELICA,-1,-1,0,-1
2023451352519,2023,451352519,2,9,0,18,19,5,1,0,0,0,0,0,0,0,1,1,4,7,1,50,8,1794,1,19,TOYOTA CELICA,8,E01030954,0,-1
2023522301173,2023,522301173,3,9,0,11,11,1,5,0,0,0,1,0,2,7,1,1,6,6,1,59,9,1796,1,17,TOYOTA CELICA,2,E01014595,0,-1
2023430251673,2023,430251673,1,9,0,13,13,2,6,0,0,0,0,0,0,0,1,1,6,6,1,76,11,1998,1,28,TOYOTA CELICA,10,E01016643,0,-1
2023430492264,2023,430492264,1,9,0,16,19,8,3,0,0,0,1,0,0,0,1,1,1,1,1,24,5,1794,1,21,TOYOTA CELICA,7,E01017919,0,-1
2023041322145,2023,041322145,1,9,0,18,19,3,7,0,0,0,5,0,0,0,4,1,1,1,1,27,6,1794,1,17,TOYOTA CELICA,2,E01019166,0,-1
2023351354266,2023,351354266,1,9,0,18,19,4,8,0,0,0,0,0,1,0,1,1,5,6,1,47,8,1794,1,20,TOYOTA CELICA,7,E01017963,0,-1
2023430325544,2023,430325544,1,9,0,18,19,6,2,0,0,2,0,0,0,0,1,1,6,6,2,30,6,1794,1,18,TOYOTA CELICA,3,E01016721,0,-1
2023122301076,2023,122301076,1,9,0,5,5,1,5,0,0,1,1,0,0,0,1,1,6,6,2,22,5,1794,1,22,TOYOTA CELICA,8,E01027634,0,-1
2023010420539,2023,010420539,2,9,0,99,99,9,9,0,0,5,0,0,0,0,4,1,6,6,2,-1,-1,1796,1,22,TOYOTA CELICA,-1,-1,0,-1
2023501304085,2023,501304085,2,9,0,18,19,6,2,0,0,0,0,0,0,0,1,1,6,6,1,31,6,1794,1,22,TOYOTA CELICA,9,E01030970,0,-1
2023991340879,2023,991340879,1,9,0,18,19,3,7,0,0,0,5,0,7,11,1,1,5,6,1,20,4,1762,1,28,TOYOTA CELICA,3,-1,0,-1
2023332300708,2023,332300708,1,9,0,18,19,3,7,0,0,8,0,0,0,0,1,1,6,6,1,48,8,1796,1,20,TOYOTA CELICA,3,E01013641,0,-1
2023170M10693,2023,170M10693,1,9,0,18,19,4,8,0,0,0,0,0,0,0,1,1,6,6,1,20,4,1998,1,27,TOYOTA CELICA,-1,-1,0,-1
2023010434341,2023,010434341,2,9,0,99,99,9,9,99,99,9,9,99,9,99,9,9,6,6,1,26,6,1794,1,22,TOYOTA CELICA,4,E01003029,0,-1
2023471313986,2023,471313986,1,9,0,9,9,2,1,0,0,1,0,0,0,0,1,1,5,6,1,20,4,1998,1,25,TOYOTA CELICA,10,E01031485,0,-1
2023471274033,2023,471274033,1,9,0,18,19,8,4,0,0,0,1,0,1,4,3,1,5,6,1,36,7,1796,1,19,TOYOTA CELICA,7,E01031607,0,-1
2023351367679,2023,351367679,1,9,0,9,9,1,5,0,0,1,0,0,0,0,4,1,5,6,2,21,5,1794,1,18,TOYOTA CELICA,10,E01018283,0,-1
2023122300648,2023,122300648,2,9,0,2,2,0,0,6,6,0,0,0,0,0,2,1,6,6,3,-1,-1,1794,1,20,TOYOTA CELICA,-1,-1,0,-1
2023548451923,2023,548451923,1,9,0,18,19,3,7,0,0,0,1,12,1,0,1,1,6,6,1,65,9,1794,1,22,TOYOTA CELICA,6,E01031845,0,-1
2023501347326,2023,501347326,1,9,0,18,19,2,6,0,0,1,0,0,0,0,1,1,5,6,1,50,8,1794,1,20,TOYOTA CELICA,2,E01020039,0,-1
2023010448953,2023,010448953,2,9,0,99,99,9,9,99,99,0,9,99,9,99,9,9,6,6,3,-1,-1,1990,1,29,TOYOTA CELICA,-1,-1,0,-1
2023461364696,2023,461364696,2,9,0,18,19,2,6,0,0,1,0,0,0,0,1,1,6,6,2,38,7,1794,1,21,TOYOTA CELICA,1,E01024621,0,-1
2023991343747,2023,991343747,3,9,0,4,4,1,7,0,0,0,0,0,0,0,3,1,5,6,1,52,8,1794,1,20,TOYOTA CELICA,4,-1,0,-1
2023461295869,2023,461295869,1,9,0,2,2,7,3,0,0,0,0,0,0,0,3,1,6,6,2,52,8,1794,1,18,TOYOTA CELICA,5,E01016158,0,-1
2023461387102,2023,461387102,2,9,0,18,19,7,3,0,0,1,0,0,0,0,4,1,2,2,1,28,6,1797,8,7,-1,1,E01024257,0,-1
2023552300859,2023,552300859,1,3,0,18,19,6,8,0,0,0,0,0,0,0,1,1,1,1,1,28,6,124,1,15,-1,9,E01032035,0,-1
2023131379670,2023,131379670,2,3,0,18,19,1,5,0,0,8,0,0,1,0,1,1,5,6,1,27,6,124,1,18,-1,5,E01033008,0,-1
202354C728923,2023,54C728923,1,9,0,18,19,7,3,0,0,0,0,0,0,0,1,1,6,6,1,70,10,-1,3,2,VOLKSWAGEN ID3,10,E01031874,0,-1
2023131315670,2023,131315670,3,9,0,18,19,3,7,0,0,0,0,0,0,0,2,1,6,6,1,29,6,-1,3,0,VOLKSWAGEN ID3,4,E01011008,0,-1
2023010451857,2023,010451857,2,9,0,18,19,5,1,0,0,1,0,0,0,0,3,1,6,6,1,53,8,-1,3,1,VOLKSWAGEN ID3,3,E01002728,0,-1
2023101304077,2023,101304077,1,9,0,5,5,7,5,0,0,2,1,0,0,0,4,1,5,6,2,44,7,-1,3,0,VOLKSWAGEN ID3,3,E01008282,0,-1
2023061381833,2023,061381833,2,9,0,3,3,1,5,0,0,1,0,0,0,0,1,1,5,6,1,63,9,-1,3,3,VOLKSWAGEN ID3,-1,-1,0,-1
2023010444470,2023,010444470,1,9,0,99,99,9,9,99,99,9,9,99,9,99,2,9,6,6,1,48,8,-1,3,0,VOLKSWAGEN ID3,10,E01024386,0,-1
2023461374163,2023,461374163,1,9,0,18,19,5,1,0,0,0,1,10,0,0,1,1,1,1,1,51,8,-1,3,1,VOLKSWAGEN ID3,-1,-1,0,-1
2023461316459,2023,461316459,1,9,0,18,19,5,1,0,0,3,0,0,0,0,4,1,3,7,2,38,7,-1,3,2,VOLKSWAGEN ID3,9,E01024056,0,-1
2023010433748,2023,010433748,1,9,0,5,5,0,7,0,0,8,0,0,0,0,1,1,1,1,1,39,7,-1,3,3,VOLKSWAGEN ID3,10,E01023685,0,-1
2023622300711,2023,622300711,2,9,0,4,4,4,8,0,0,0,0,0,0,0,2,1,6,6,2,35,6,-1,3,2,VOLKSWAGEN ID3,9,W01000825,0,-1
2023010467614,2023,010467614,2,9,0,99,99,9,9,99,99,9,9,99,9,99,9,9,6,6,3,33,6,-1,3,1,VOLKSWAGEN ID3,-1,-1,0,-1
2023010432956,2023,010432956,2,9,0,18,19,3,7,0,0,8,0,0,0,0,3,1,6,6,2,24,5,-1,3,3,VOLKSWAGEN ID3,-1,-1,0,-1
2023440199521,2023,440199521,1,9,0,4,4,6,2,0,0,1,0,0,0,0,2,1,6,6,1,31,6,-1,3,1,VOLKSWAGEN ID3,9,E01023170,0,-1
2023231293227,2023,231293227,1,9,0,4,4,6,2,0,0,1,0,0,0,0,1,1,1,1,1,38,7,-1,3,3,VOLKSWAGEN ID3,5,E01031171,0,-1
2023071233362,2023,071233362,2,9,0,17,19,6,2,0,0,0,0,0,0,0,1,1,6,6,1,57,9,-1,3,2,VOLKSWAGEN ID3,10,E01012452,0,-1
2023010466765,2023,010466765,1,9,0,99,99,9,9,99,99,0,9,99,9,99,2,9,6,6,1,37,7,-1,3,2,VOLKSWAGEN ID3,3,E01023793,0,-1
2023991293476,2023,991293476,1,9,0,1,1,5,1,9,9,0,0,0,0,0,3,1,5,6,2,63,9,-1,3,1,VOLKSWAGEN ID3,-1,-1,0,-1
2023010483176,2023,010483176,1,9,0,17,19,1,5,0,0,1,0,0,0,0,1,1,6,6,1,63,9,-1,3,0,VOLKSWAGEN ID3,6,E01021525,0,-1
2023440431730,2023,440431730,1,9,0,9,9,8,6,0,0,8,0,0,0,0,3,1,2,2,1,57,9,-1,3,1,VOLKSWAGEN ID3,6,E01022761,0,-1
2023221387821,2023,221387821,2,9,0,18,19,7,3,0,0,0,0,0,0,0,1,1,6,6,2,61,9,-1,3,2,VOLKSWAGEN ID3,10,E01014091,0,-1
2023552301161,2023,552301161,1,9,0,7,7,8,2,0,0,6,0,0,0,0,1,1,6,6,1,48,8,-1,3,0,VOLKSWAGEN ID3,8,E01020588,0,-1
2023461342318,2023,461342318,1,9,0,18,19,4,8,0,0,0,0,0,0,0,1,1,6,6,2,44,7,-1,3,1,VOLKSWAGEN ID3,10,E01016054,0,-1
2023451376479,2023,451376479,2,9,0,18,19,5,1,0,0,1,0,0,0,0,2,1,2,2,1,51,8,-1,3,1,VOLKSWAGEN ID3,10,E01030798,0,-1
2023010466491,2023,010466491,2,9,0,2,2,0,0,0,0,2,0,4,0,0,4,1,6,6,3,-1,-1,-1,3,1,VOLKSWAGEN ID3,-1,-1,0,-1
2023231396605,2023,231396605,2,9,0,2,2,0,0,0,0,0,0,0,0,0,3,1,5,6,1,-1,-1,-1,3,3,VOLKSWAGEN ID3,7,E01031297,0,-1
2023041275287,2023,041275287,1,9,0,18,19,7,3,0,0,4,0,0,0,0,1,1,5,6,1,75,10,-1,3,3,VOLKSWAGEN ID3,8,E01025603,0,-1
2023010425122,2023,010425122,2,9,0,99,99,9,9,99,99,9,9,99,9,99,1,9,6,6,3,-1,-1,-1,3,1,VOLKSWAGEN ID3,-1,-1,0,-1
2023991273812,2023,991273812,1,9,0,18,19,1,4,0,0,4,0,0,0,0,1,1,5,6,1,29,6,-1,3,0,VOLKSWAGEN ID3,6,-1,0,-1
2023010470733,2023,010470733,1,9,0,6,6,5,5,0,0,1,0,0,0,0,4,1,1,1,1,48,8,-1,3,1,VOLKSWAGEN ID3,4,E01000485,0,-1
2023520301812,2023,520301812,1,9,0,18,19,3,7,0,0,8,0,0,0,0,1,1,6,6,1,58,9,-1,3,0,VOLKSWAGEN ID3,5,E01029230,0,-1
2023010426610,2023,010426610,2,9,0,2,2,0,0,0,0,2,0,0,0,0,2,1,6,6,3,-1,-1,-1,3,3,VOLKSWAGEN ID3,-1,-1,0,-1
2023991328407,2023,991328407,1,9,0,17,19,3,7,0,0,0,0,0,7,0,4,1,6,6,1,80,11,-1,3,2,VOLKSWAGEN ID3,10,-1,0,-1
2023991291102,2023,991291102,1,9,0,5,5,5,1,0,0,6,0,0,0,0,3,1,2,2,1,51,8,-1,3,2,VOLKSWAGEN ID3,3,-1,0,-1
2023302300416,2023,302300416,2,9,0,18,19,2,6,0,0,1,0,0,0,0,4,1,6,6,1,76,11,-1,3,2,VOLKSWAGEN ID3,6,E01029424,0,-1
2023471382625,2023,471382625,1,9,0,18,19,8,4,0,0,0,0,0,1,4,1,1,5,6,1,37,7,-1,3,1,VOLKSWAGEN ID3,10,E01031644,0,-1
2023010452313,2023,010452313,2,8,0,9,9,8,5,0,0,8,0,0,0,0,1,1,1,1,1,41,7,-1,3,1,-1,4,E01003666,0,-1
2023141337326,2023,141337326,1,9,0,18,19,1,5,0,0,0,0,0,0,0,2,1,5,6,1,64,9,-1,3,0,VOLKSWAGEN ID3,7,E01009474,0,-1
2023010480767,2023,010480767,1,9,0,9,9,1,7,0,0,0,0,0,0,0,1,1,6,6,2,48,8,-1,3,1,VOLKSWAGEN ID3,7,E01001871,0,-1
2023991320042,2023,991320042,2,9,0,18,19,3,7,0,0,8,0,0,7,11,1,1,5,6,2,44,7,-1,3,1,VOLKSWAGEN ID3,-1,-1,0,-1
2023501355060,2023,501355060,1,9,0,17,19,2,7,0,0,0,0,11,0,0,4,1,5,6,1,53,8,-1,3,1,VOLKSWAGEN ID3,9,E01020266,0,-1
2023430505664,2023,430505664,1,9,0,18,19,3,7,0,0,0,0,0,0,0,1,1,6,6,1,54,8,-1,3,2,VOLKSWAGEN ID3,10,E01017782,0,-1
2023010468432,2023,010468432,4,9,0,18,19,1,5,0,0,0,0,0,0,0,1,1,6,6,1,39,7,-1,3,0,VOLKSWAGEN ID3,2,E01004404,0,-1
2023991409632,2023,991409632,3,9,0,16,19,6,2,0,0,0,0,0,0,0,1,1,5,6,2,65,9,-1,3,1,VOLKSWAGEN ID3,-1,-1,0,-1
2023010475583,2023,010475583,2,9,0,99,99,9,9,99,99,9,9,99,9,99,1,9,6,6,3,-1,-1,-1,3,2,VOLKSWAGEN ID3,6,E01000157,0,-1
2023421338140,2023,421338140,2,9,0,18,19,2,6,0,0,0,0,0,0,0,2,1,5,6,1,28,6,-1,3,2,VOLKSWAGEN ID3,9,E01022496,0,-1
2023332301051,2023,332301051,1,9,0,13,13,5,1,0,0,0,1,0,2,0,3,1,6,6,1,44,7,-1,3,0,VOLKSWAGEN ID3,6,E01031049,0,-1
2023421378782,2023,421378782,1,9,0,9,9,4,1,6,6,6,0,0,1,0,0,1,6,6,1,31,6,-1,3,0,VOLKSWAGEN ID3,3,E01015973,0,-1
2023131378918,2023,131378918,1,9,0,18,19,7,3,0,0,0,0,0,0,0,1,1,6,6,3,-1,-1,-1,3,2,VOLKSWAGEN ID3,-1,-1,0,-1
2023010481703,2023,010481703,3,9,0,18,19,5,1,0,0,1,0,0,0,0,1,1,6,6,2,68,10,-1,3,1,VOLKSWAGEN ID3,6,E01033600,0,-1
2023340NN4662,2023,340NN4662,2,9,0,18,19,3,8,0,0,8,1,0,7,0,4,1,6,6,1,27,6,-1,3,0,VOLKSWAGEN ID3,7,E01018192,0,-1
2023010436512,2023,010436512,1,9,0,99,99,9,9,99,99,9,9,99,9,99,9,9,6,6,1,-1,-1,-1,3,1,VOLKSWAGEN ID3,6,E01000514,0,-1
2023201320710,2023,201320710,2,9,0,18,19,2,6,0,0,8,0,0,0,0,3,1,1,1,1,54,8,-1,3,1,VOLKSWAGEN ID3,3,E01009732,0,-1
2023451359717,2023,451359717,2,9,0,18,19,5,1,0,0,4,0,0,0,0,1,1,6,6,1,34,6,-1,3,1,VOLKSWAGEN ID3,-1,-1,0,-1
2023010441828,2023,010441828,1,9,0,9,9,4,3,0,0,1,0,0,0,0,1,1,6,6,2,42,7,-1,3,3,VOLKSWAGEN ID3,-1,-1,0,-1
2023440510656,2023,440510656,1,9,0,9,9,8,6,0,0,6,0,0,0,0,3,1,6,6,2,53,8,-1,3,3,VOLKSWAGEN ID3,10,E01022869,0,-1
2023430317006,2023,430317006,1,9,0,9,9,7,5,0,0,6,0,0,0,0,1,1,6,6,2,20,4,-1,3,1,VOLKSWAGEN ID3,-1,-1,0,-1
2023131319228,2023,131319228,1,9,0,12,12,1,7,0,0,8,0,0,0,0,1,2,6,6,2,59,9,-1,3,2,VOLKSWAGEN ID3,7,E01011183,0,-1
2023411289299,2023,411289299,1,9,0,9,9,7,2,0,0,3,0,0,0,0,3,1,5,6,2,69,10,-1,3,2,VOLKSWAGEN ID3,10,E01017798,0,-1
2023501280974,2023,501280974,2,9,0,18,19,4,1,0,0,0,0,0,0,0,1,1,6,6,2,51,8,-1,3,3,VOLKSWAGEN ID3,5,E01018847,0,-1
2023371387180,2023,371387180,1,9,0,18,19,7,3,0,0,0,0,0,0,0,1,1,6,6,1,41,7,-1,3,2,VOLKSWAGEN ID3,7,E01030009,0,-1
2023010478234,2023,010478234,2,9,9,99,99,9,9,99,99,9,9,99,9,99,9,9,6,6,3,-1,-1,-1,3,1,VOLKSWAGEN ID3,6,E01004029,0,-1
2023010469313,2023,010469313,2,8,0,9,9,5,2,0,0,1,0,0,0,0,1,1,6,6,1,59,9,-1,3,2,-1,5,E01000284,0,-1
2023010477622,2023,010477622,1,9,0,18,19,7,3,0,0,8,0,0,0,0,2,1,1,1,1,44,7,-1,3,2,VOLKSWAGEN ID3,5,E01003276,0,-1
2023010433338,2023,010433338,1,9,0,4,4,5,1,0,0,1,0,8,0,0,4,1,3,7,2,45,7,-1,3,1,VOLKSWAGEN ID3,4,E01003740,0,-1
2023501335804,2023,501335804,1,9,0,9,9,5,3,0,0,5,0,0,0,0,1,1,6,6,1,85,11,-1,3,0,VOLKSWAGEN ID3,5,E01019887,0,-1
2023430154919,2023,430154919,1,9,0,9,9,8,5,0,0,6,0,0,0,0,1,1,1,1,1,49,8,-1,3,1,VOLKSWAGEN ID3,10,E01017606,0,-1
2023340WN3532,2023,340WN3532,1,9,0,18,19,2,6,0,0,6,0,0,0,0,3,1,6,6,1,44,7,-1,3,0,VOLKSWAGEN ID3,9,E01027016,0,-1
2023010431798,2023,010431798,1,8,0,18,19,5,1,0,0,1,0,0,0,0,0,1,6,6,1,56,9,-1,3,2,-1,3,E01000222,0,-1
2023430268585,2023,430268585,1,9,0,18,19,5,1,0,0,8,0,0,0,0,1,1,6,6,1,41,7,-1,3,1,VOLKSWAGEN ID3,4,E01016727,0,-1
2023411302695,2023,411302695,2,9,0,3,3,5,1,0,0,1,0,0,0,0,1,1,1,1,1,34,6,-1,3,1,VOLKSWAGEN ID3,9,E01023834,0,-1
2023010449326,2023,010449326,1,8,0,18,19,5,1,0,0,4,0,0,0,0,2,1,1,1,1,42,7,-1,3,0,-1,3,E01000257,0,-1
2023010479754,2023,010479754,1,9,0,3,3,3,7,0,0,0,0,0,0,0,2,1,6,6,2,39,7,-1,3,2,VOLKSWAGEN ID3,5,E01000398,0,-1
2023010469060,2023,010469060,1,9,0,99,99,9,9,99,99,9,9,99,9,99,1,9,2,2,1,43,7,-1,3,0,VOLKSWAGEN ID3,5,E01001933,0,-1
2023010430934,2023,010430934,1,9,0,5,5,5,1,0,0,1,0,0,0,0,3,1,2,2,2,28,6,-1,3,0,VOLKSWAGEN ID3,8,E01017215,0,-1
2023501367260,2023,501367260,2,9,0,-1,-1,-1,-1,-1,-1,-1,-1,-1,-1,0,-1,1,6,6,2,31,6,-1,3,2,VOLKSWAGEN ID3,3,E01018937,0,-1
2023010475915,2023,010475915,2,9,0,99,99,9,9,99,99,9,9,99,9,99,1,9,6,6,3,-1,-1,-1,3,1,VOLKSWAGEN ID3,1,E01002026,0,-1
2023010459582,2023,010459582,2,9,0,18,19,1,5,0,0,0,0,0,0,0,1,2,6,6,1,43,7,-1,3,2,VOLKSWAGEN ID3,3,E01002532,0,-1