collision_index,collision_year,collision_ref_no,vehicle_reference,vehicle_type,towing_and_articulation,vehicle_manoeuvre_historic,vehicle_manoeuvre,vehicle_direction_from,vehicle_direction_to,vehicle_location_restricted_lane_historic,vehicle_location_restricted_lane,junction_location,skidding_and_overturning,hit_object_in_carriageway,vehicle_leaving_carriageway,hit_object_off_carriageway,first_point_of_impact,vehicle_left_hand_drive,journey_purpose_of_driver_historic,journey_purpose_of_driver,sex_of_driver,age_of_driver,age_band_of_driver,engine_capacity_cc,propulsion_code,age_of_vehicle,generic_make_model,driver_imd_decile,lsoa_of_driver,escooter_flag,driver_distance_banding
2023010465552,2023,010465552,2,9,0,99,99,9,9,99,99,9,9,99,9,99,9,9,6,6,3,-1,-1,-1,3,1,VOLKSWAGEN ID3,-1,-1,0,-1
2023411306237,2023,411306237,1,9,0,18,19,5,1,0,0,0,1,0,1,0,1,1,5,6,1,26,6,-1,3,2,VOLKSWAGEN ID3,2,E01000189,0,-1
2023401371770,2023,401371770,3,9,0,4,4,4,2,0,0,0,0,0,0,0,2,1,1,1,1,33,6,-1,3,0,VOLKSWAGEN ID3,8,E01017468,0,-1
2023010444944,2023,010444944,1,9,0,9,9,7,4,0,0,1,0,0,0,0,3,1,2,2,2,40,7,-1,3,2,VOLKSWAGEN ID3,1,E01000551,0,-1
2023010476666,2023,010476666,1,9,0,9,9,1,7,0,0,2,1,0,1,0,1,1,6,6,1,78,11,-1,3,2,VOLKSWAGEN ID3,6,E01000871,0,-1
2023010443738,2023,010443738,2,9,0,17,19,5,1,0,0,0,0,0,0,0,4,1,6,6,1,37,7,-1,3,1,VOLKSWAGEN ID3,9,E01023680,0,-1
2023041381861,2023,041381861,2,9,0,18,19,3,7,0,0,8,0,0,0,0,1,1,5,6,1,51,8,-1,3,2,VOLKSWAGEN ID3,2,E01025290,0,-1
2023010432327,2023,010432327,1,9,0,9,9,7,4,0,0,8,0,0,0,0,3,1,6,6,2,63,9,-1,3,2,VOLKSWAGEN ID3,9,E01004559,0,-1
2023610010123,2023,610010123,2,9,0,4,4,7,3,0,0,0,0,0,0,0,2,1,6,6,1,53,8,-1,3,2,VOLKSWAGEN ID3,7,E01016923,0,-1
2023010468945,2023,010468945,2,9,0,99,99,9,9,99,99,0,9,99,9,99,9,9,6,6,3,-1,-1,-1,3,1,VOLKSWAGEN ID3,5,E01004610,0,-1
2023041391350,2023,041391350,1,9,0,18,19,5,1,0,0,2,0,0,0,0,0,1,5,6,1,33,6,-1,3,2,VOLKSWAGEN ID3,-1,-1,0,-1
2023070968694,2023,070968694,1,9,0,9,9,7,5,0,0,6,0,0,0,0,3,1,6,6,1,76,11,-1,3,1,VOLKSWAGEN ID3,9,E01006362,0,-1
2023231353839,2023,231353839,1,9,0,9,9,5,3,0,0,6,0,0,0,0,3,1,6,6,1,24,5,-1,3,1,VOLKSWAGEN ID3,7,E01031293,0,-1
2023991385828,2023,991385828,1,9,0,18,19,6,2,0,0,0,1,0,5,0,1,1,6,6,2,46,8,-1,3,1,VOLKSWAGEN ID3,9,-1,0,-1
2023010425040,2023,010425040,1,9,0,18,19,7,3,0,0,8,0,0,0,0,3,1,2,2,1,20,4,-1,3,2,VOLKSWAGEN ID3,2,E01002669,0,-1
2023010464438,2023,010464438,1,8,0,9,9,8,6,0,0,6,0,0,0,0,1,1,1,1,1,36,7,-1,3,1,-1,3,E01004562,0,-1
2023010480419,2023,010480419,2,9,0,99,99,9,9,99,99,9,9,99,9,99,1,9,6,6,3,-1,-1,-1,3,3,VOLKSWAGEN ID3,-1,-1,0,-1
2023471381598,2023,471381598,2,9,0,18,19,3,7,0,0,1,0,0,0,0,1,1,2,2,1,56,9,-1,3,0,VOLKSWAGEN ID3,4,E01021207,0,-1
2023131380751,2023,131380751,2,9,0,4,4,3,7,0,0,1,0,0,0,0,1,1,2,2,2,53,8,-1,3,2,VOLKSWAGEN ID3,9,E01011513,0,-1
2023010433909,2023,010433909,1,9,0,4,4,5,1,0,0,0,0,0,0,0,1,1,3,7,2,48,8,-1,3,2,VOLKSWAGEN ID3,5,E01003949,0,-1
2023061363998,2023,061363998,1,9,0,18,19,3,2,0,0,6,0,0,0,0,3,1,5,6,1,34,6,-1,3,2,VOLKSWAGEN ID3,-1,-1,0,-1
2023522300811,2023,522300811,1,9,0,8,8,1,3,0,0,1,0,0,0,0,2,1,6,6,2,37,7,-1,3,2,VOLKSWAGEN ID3,-1,-1,0,-1
2023010498038,2023,010498038,1,9,0,99,99,9,9,99,99,9,9,99,9,99,9,9,6,6,1,56,9,-1,3,0,VOLKSWAGEN ID3,3,E01003585,0,-1
2023351301955,2023,351301955,1,9,0,5,5,2,6,0,0,8,0,0,0,0,1,1,6,6,3,-1,-1,-1,3,1,-1,-1,-1,0,-1
2023211375492,2023,211375492,1,9,0,5,5,3,5,0,0,1,0,0,0,0,1,1,5,6,1,43,7,-1,3,1,-1,9,E01029506,0,-1
2023061274659,2023,061274659,1,9,0,18,19,7,3,0,0,1,0,0,0,0,1,1,6,6,2,30,6,-1,3,1,-1,-1,-1,0,-1
2023531319838,2023,531319838,2,9,0,5,5,1,3,0,0,4,0,0,0,0,2,1,6,6,1,66,10,-1,3,0,-1,10,E01015518,0,-1
2023010446672,2023,010446672,1,9,0,2,2,0,0,0,0,0,0,0,0,0,3,1,6,6,3,-1,-1,-1,3,1,-1,-1,-1,0,-1
2023131266369,2023,131266369,1,9,0,9,9,3,1,0,0,0,0,0,0,0,1,1,1,1,1,37,7,-1,3,1,-1,8,E01010683,0,-1
2023122300496,2023,122300496,2,9,0,18,19,7,3,0,0,8,0,0,0,0,1,1,2,2,1,37,7,-1,3,1,-1,8,E01027900,0,-1
2023131354165,2023,131354165,2,9,0,4,4,7,3,0,0,0,0,0,0,0,2,1,5,6,2,27,6,-1,3,0,-1,7,E01011635,0,-1
2023131345863,2023,131345863,2,9,0,2,2,0,0,0,0,0,0,0,0,0,3,1,6,6,3,-1,-1,1896,2,13,VOLKSWAGEN TOURAN,-1,-1,0,-1
2023430405762,2023,430405762,1,9,0,18,19,3,7,0,0,1,0,0,0,0,1,1,6,6,1,30,6,1896,2,19,VOLKSWAGEN TOURAN,7,E01023602,0,-1
2023141388710,2023,141388710,2,9,0,18,19,2,6,0,0,0,0,0,0,0,1,1,1,1,1,73,10,1598,2,8,VOLKSWAGEN TOURAN,7,E01007596,0,-1
2023440295301,2023,440295301,2,9,0,3,3,6,2,0,0,1,0,0,0,0,4,1,6,6,2,59,9,1896,2,17,VOLKSWAGEN TOURAN,10,E01022647,0,-1
2023101374542,2023,101374542,1,9,0,3,3,2,6,0,0,0,0,0,0,0,1,1,6,6,2,-1,-1,1896,2,16,VOLKSWAGEN TOURAN,-1,-1,0,-1
2023461383868,2023,461383868,1,9,0,1,1,1,5,0,0,0,0,0,1,11,1,1,6,6,1,67,10,1498,1,2,VOLKSWAGEN TOURAN,7,E01016123,0,-1
2023201287313,2023,201287313,2,9,0,18,19,4,8,0,0,8,0,0,0,0,4,1,6,6,1,21,5,1968,2,18,VOLKSWAGEN TOURAN,2,E01010525,0,-1
2023161357504,2023,161357504,1,9,0,3,3,7,4,0,0,1,0,0,0,0,3,1,2,2,1,62,9,1896,2,17,VOLKSWAGEN TOURAN,7,E01013333,0,-1
2023201295743,2023,201295743,1,9,0,3,3,6,2,0,0,0,0,0,0,0,1,1,6,6,1,51,8,1896,2,15,VOLKSWAGEN TOURAN,1,E01009298,0,-1
2023010423833,2023,010423833,1,9,0,99,99,9,9,99,99,9,9,99,9,99,2,9,6,6,2,40,7,1498,1,4,VOLKSWAGEN TOURAN,2,E01004308,0,-1
2023461293449,2023,461293449,3,9,0,18,19,8,3,0,0,0,0,0,0,0,3,1,6,6,1,84,11,1968,2,14,VOLKSWAGEN TOURAN,3,E01024263,0,-1
2023131300821,2023,131300821,1,9,0,18,19,5,8,0,0,0,0,0,0,0,4,1,6,6,3,-1,-1,1968,2,13,VOLKSWAGEN TOURAN,-1,-1,0,-1
2023131361676,2023,131361676,2,9,0,16,19,7,1,0,0,0,0,0,0,0,3,1,1,1,1,47,8,1896,2,13,VOLKSWAGEN TOURAN,3,E01011097,0,-1
2023401260299,2023,401260299,1,8,0,18,19,7,3,0,0,4,0,0,0,0,1,1,1,1,1,50,8,1598,2,11,VOLKSWAGEN TOURAN,4,E01015711,0,-1
2023010477667,2023,010477667,2,9,0,99,99,9,9,99,99,0,9,99,9,99,1,9,6,6,3,-1,-1,1968,2,11,VOLKSWAGEN TOURAN,-1,-1,0,-1
2023461270495,2023,461270495,2,9,0,3,3,7,3,0,0,0,0,0,0,0,2,1,6,6,1,30,6,1896,2,17,VOLKSWAGEN TOURAN,3,E01024372,0,-1
2023122300552,2023,122300552,1,9,0,18,19,1,5,0,0,2,0,0,0,0,1,1,6,6,2,31,6,1896,2,17,VOLKSWAGEN TOURAN,-1,-1,0,-1
2023471384488,2023,471384488,2,9,0,4,4,4,3,0,0,0,0,0,0,0,0,1,6,6,2,31,6,1598,2,13,VOLKSWAGEN TOURAN,6,E01021104,0,-1
2023010466898,2023,010466898,1,9,0,99,99,9,9,99,99,9,9,99,9,99,2,9,6,6,2,58,9,1498,1,3,VOLKSWAGEN TOURAN,10,E01002437,0,-1
2023141312513,2023,141312513,2,9,0,13,13,3,7,0,0,0,1,0,0,0,2,1,6,6,1,70,10,1598,2,10,VOLKSWAGEN TOURAN,7,E01007997,0,-1
2023340NN4002,2023,340NN4002,2,9,0,18,19,1,5,0,0,1,0,0,0,0,1,1,1,1,1,28,6,1598,2,7,VOLKSWAGEN TOURAN,6,E01027045,0,-1
2023430415491,2023,430415491,1,9,0,16,19,7,2,0,0,0,0,0,7,4,1,1,6,6,1,-1,-1,1598,2,8,VOLKSWAGEN TOURAN,-1,-1,0,-1
2023201405859,2023,201405859,4,9,0,18,19,1,5,0,0,0,1,0,0,0,1,1,6,6,1,31,6,1968,2,14,VOLKSWAGEN TOURAN,3,E01010566,0,-1
2023991381907,2023,991381907,3,8,0,6,6,7,7,0,0,0,0,0,0,0,3,1,1,1,1,60,9,1598,2,4,VOLKSWAGEN TOURAN,6,-1,0,-1
2023122300295,2023,122300295,1,9,0,9,9,1,7,0,0,6,0,0,0,0,3,1,1,1,2,37,7,1896,2,16,VOLKSWAGEN TOURAN,5,E01027785,0,-1
2023041313977,2023,041313977,2,9,0,5,5,3,3,0,0,1,0,0,0,0,2,1,6,6,1,20,4,1968,2,13,VOLKSWAGEN TOURAN,1,E01024875,0,-1
2023201276629,2023,201276629,4,9,0,2,2,0,0,0,0,0,0,0,0,0,4,1,6,6,2,-1,-1,1598,2,4,VOLKSWAGEN TOURAN,1,E01009123,0,-1
2023161296855,2023,161296855,2,9,0,18,19,3,7,0,0,2,0,0,0,0,3,1,6,6,1,33,6,1896,2,13,VOLKSWAGEN TOURAN,2,E01013038,0,-1
2023552301299,2023,552301299,1,9,0,18,19,2,6,0,0,0,0,0,0,0,1,1,2,2,1,39,7,1598,2,10,VOLKSWAGEN TOURAN,7,E01032007,0,-1
2023501314556,2023,501314556,1,9,0,10,10,2,4,0,0,1,0,0,0,0,2,1,6,6,2,42,7,1968,2,18,VOLKSWAGEN TOURAN,5,E01015174,0,-1
2023471315208,2023,471315208,3,9,0,4,4,7,3,0,0,0,0,0,0,0,2,1,5,6,1,49,8,1968,2,18,VOLKSWAGEN TOURAN,8,E01031698,0,-1
2023231330042,2023,231330042,1,9,0,4,4,6,2,0,0,1,0,0,0,0,3,1,5,6,2,43,7,1598,2,8,VOLKSWAGEN TOURAN,9,E01031329,0,-1
2023052301389,2023,052301389,3,9,0,5,5,3,7,0,0,4,0,0,0,0,2,1,6,6,3,-1,-1,1498,1,0,VOLKSWAGEN TOURAN,-1,-1,0,-1
2023371283334,2023,371283334,1,9,0,5,5,1,5,0,0,8,0,0,0,0,1,1,5,6,1,23,5,1968,2,16,VOLKSWAGEN TOURAN,5,E01029990,0,-1
2023201396789,2023,201396789,1,9,0,18,19,7,3,0,0,8,0,0,0,0,1,1,6,6,1,58,9,1896,2,16,VOLKSWAGEN TOURAN,1,E01009019,0,-1
2023131329970,2023,131329970,3,9,0,2,2,0,0,0,0,8,0,4,0,0,2,1,5,6,1,56,9,1896,2,14,VOLKSWAGEN TOURAN,1,E01010813,0,-1
2023461262246,2023,461262246,1,9,0,15,15,3,7,0,0,0,0,0,0,0,3,1,6,6,2,22,5,1896,2,13,VOLKSWAGEN TOURAN,2,E01024049,0,-1
2023430412328,2023,430412328,2,9,0,18,19,3,7,0,0,8,0,0,0,0,1,1,6,6,1,75,10,1390,1,15,VOLKSWAGEN TOURAN,-1,-1,0,-1
2023361265863,2023,361265863,1,9,0,13,13,1,5,0,0,0,0,0,0,0,4,1,5,6,2,51,8,1896,2,13,VOLKSWAGEN TOURAN,6,E01026899,0,-1
2023610014723,2023,610014723,1,9,0,2,2,0,0,0,0,0,0,0,3,11,2,1,6,6,2,61,9,1896,2,18,VOLKSWAGEN TOURAN,2,W01001660,0,-1
2023010430667,2023,010430667,2,9,0,99,99,9,9,99,99,9,9,99,9,99,2,9,6,6,3,-1,-1,1598,2,13,VOLKSWAGEN TOURAN,-1,-1,0,-1
2023041276585,2023,041276585,1,9,0,3,3,7,1,0,0,8,0,0,0,0,1,1,6,6,2,46,8,1968,2,7,VOLKSWAGEN TOURAN,5,E01012620,0,-1
2023010446787,2023,010446787,1,8,0,99,99,9,9,99,99,9,9,99,9,99,9,9,1,1,1,-1,-1,1598,2,6,VOLKSWAGEN TOURAN,3,E01001409,0,-1
2023351323612,2023,351323612,2,9,0,3,3,7,3,0,0,0,0,0,0,0,2,1,5,6,2,36,7,1968,2,15,VOLKSWAGEN TOURAN,8,E01018206,0,-1
2023531299146,2023,531299146,2,9,0,18,19,3,7,0,0,0,0,0,0,0,2,1,5,6,2,34,6,1598,2,8,VOLKSWAGEN TOURAN,6,E01022405,0,-1
2023361339996,2023,361339996,2,9,0,18,19,7,3,0,0,8,0,0,0,0,1,1,2,2,1,42,7,1598,2,12,VOLKSWAGEN TOURAN,9,E01026500,0,-1
2023440493956,2023,440493956,3,9,0,18,19,6,2,0,0,8,0,0,0,0,4,1,6,6,2,64,9,1598,2,10,VOLKSWAGEN TOURAN,8,E01020367,0,-1
2023201292065,2023,201292065,3,9,0,2,2,0,0,0,0,1,0,0,0,0,1,1,6,6,1,-1,-1,1598,2,11,VOLKSWAGEN TOURAN,-1,-1,0,-1
2023552301525,2023,552301525,1,9,0,7,7,3,5,0,0,6,0,0,0,0,3,1,6,6,2,37,7,1968,2,12,VOLKSWAGEN TOURAN,1,E01020552,0,-1
2023231279577,2023,231279577,1,9,0,18,19,3,7,0,0,6,0,0,0,0,1,1,6,6,1,85,11,1968,2,9,VOLKSWAGEN TOURAN,4,E01009524,0,-1
2023041316048,2023,041316048,1,9,0,4,4,5,1,0,0,0,0,0,0,0,1,1,5,6,2,61,9,1896,2,16,VOLKSWAGEN TOURAN,6,E01025418,0,-1
2023401369027,2023,401369027,1,9,0,3,3,3,8,0,0,3,0,0,0,0,2,1,5,6,1,43,7,1598,2,8,VOLKSWAGEN TOURAN,7,E01015695,0,-1
2023501314704,2023,501314704,2,9,0,18,19,7,3,0,0,0,0,0,0,0,1,1,5,6,1,33,6,1896,2,14,VOLKSWAGEN TOURAN,4,E01018863,0,-1
2023622300696,2023,622300696,3,9,0,3,3,5,1,0,0,1,0,0,0,0,2,1,6,6,1,47,8,1896,2,16,VOLKSWAGEN TOURAN,10,W01001771,0,-1
2023461280738,2023,461280738,2,9,0,18,19,2,6,0,0,1,1,10,0,0,1,1,5,6,1,46,8,1896,2,17,VOLKSWAGEN TOURAN,3,E01024218,0,-1
2023201313661,2023,201313661,1,9,0,18,19,5,1,0,0,0,0,4,0,0,1,1,1,1,1,45,7,1598,2,10,VOLKSWAGEN TOURAN,1,E01009572,0,-1
2023201414811,2023,201414811,1,9,0,1,1,4,8,0,0,5,0,0,0,0,3,1,6,6,2,46,8,1598,2,13,VOLKSWAGEN TOURAN,2,E01008919,0,-1
2023041452895,2023,041452895,3,9,0,2,2,0,0,0,0,0,0,0,0,0,2,1,6,6,3,-1,-1,1968,2,15,VOLKSWAGEN TOURAN,-1,-1,0,-1
2023010459800,2023,010459800,2,9,0,18,19,3,7,0,0,1,0,0,0,0,2,1,1,1,2,36,7,1390,1,14,VOLKSWAGEN TOURAN,2,E01001011,0,-1
2023541202923,2023,541202923,1,9,0,18,19,1,5,0,0,0,0,0,0,0,1,1,2,2,1,36,7,1595,1,15,VOLKSWAGEN TOURAN,5,E01032056,0,-1
2023052301956,2023,052301956,1,8,0,18,19,2,6,0,0,0,0,0,0,0,1,1,1,1,1,-1,-1,1598,2,8,VOLKSWAGEN TOURAN,1,E01006676,0,-1
2023991316774,2023,991316774,3,9,0,18,19,2,6,0,0,0,0,0,0,0,2,1,5,6,1,39,7,1896,2,13,VOLKSWAGEN TOURAN,7,-1,0,-1
2023131350485,2023,131350485,2,9,0,3,3,6,3,0,0,1,0,0,0,0,2,1,6,6,2,31,6,1598,2,9,VOLKSWAGEN TOURAN,1,E01010850,0,-1
2023440234857,2023,440234857,2,9,0,18,19,7,3,0,0,0,0,0,0,0,2,1,6,6,2,34,6,1598,2,13,VOLKSWAGEN TOURAN,6,E01017176,0,-1
2023451291816,2023,451291816,2,8,0,2,2,0,0,0,0,0,0,0,0,0,3,1,6,6,1,45,7,1598,2,4,VOLKSWAGEN TOURAN,3,E01001109,0,-1
2023201339340,2023,201339340,2,9,0,18,19,-1,-1,0,0,3,0,0,0,0,4,1,6,6,2,57,9,1896,2,16,VOLKSWAGEN TOURAN,4,E01010330,0,-1
2023461288546,2023,461288546,2,9,0,18,19,7,4,0,0,1,0,0,0,0,4,1,5,6,2,46,8,1598,2,10,VOLKSWAGEN TOURAN,6,E01024367,0,-1
2023010463001,2023,010463001,2,9,9,99,99,9,9,99,99,9,9,99,9,99,9,9,6,6,3,-1,-1,1968,2,16,VOLKSWAGEN TOURAN,-1,-1,0,-1
2023991381636,2023,991381636,1,9,0,4,4,5,1,0,0,1,0,0,0,0,1,1,6,6,1,45,7,1896,2,18,VOLKSWAGEN TOURAN,-1,-1,0,-1
2023010435526,2023,010435526,2,9,0,18,19,5,1,0,0,1,0,0,0,0,1,1,6,6,1,51,8,1498,1,4,VOLKSWAGEN TOURAN,9,E01002421,0,-1
2023131381791,2023,131381791,1,9,0,18,19,5,1,0,0,1,0,0,0,0,1,1,2,2,1,39,7,1968,2,16,VOLKSWAGEN TOURAN,1,E01010607,0,-1
2023991321370,2023,991321370,2,8,0,18,19,8,4,0,0,8,1,0,0,0,4,1,1,1,1,51,8,1598,2,6,VOLKSWAGEN TOURAN,-1,-1,0,-1
2023371392328,2023,371392328,1,9,0,18,19,1,5,0,0,0,0,0,0,0,1,1,6,6,1,61,9,1498,1,2,VOLKSWAGEN TOURAN,10,E01033442,0,-1
2023311385484,2023,311385484,1,9,0,18,19,5,1,0,0,1,0,0,0,0,4,1,5,6,1,21,5,1968,2,16,VOLKSWAGEN TOURAN,6,E01013837,0,-1
2023061351160,2023,061351160,2,9,0,18,19,1,5,0,0,0,1,10,5,7,4,1,1,1,1,49,8,1968,2,15,VOLKSWAGEN TOURAN,1,E01011899,0,-1
2023131350820,2023,131350820,2,9,0,10,10,3,7,0,0,8,0,0,0,0,1,1,2,2,1,47,8,1968,2,15,VOLKSWAGEN TOURAN,1,E01010833,0,-1
2023401356770,2023,401356770,2,9,0,2,2,0,0,0,0,0,0,0,0,0,1,1,6,6,1,41,7,1896,2,17,VOLKSWAGEN TOURAN,9,E01027325,0,-1
2023501372333,2023,501372333,3,9,0,18,19,7,3,0,0,0,0,0,0,0,3,1,2,2,1,49,8,1598,2,10,VOLKSWAGEN TOURAN,6,E01020326,0,-1
2023320440310,2023,320440310,2,9,0,18,19,1,5,0,0,6,0,0,0,0,1,1,1,1,1,72,10,1598,2,10,VOLKSWAGEN TOURAN,4,E01026071,0,-1
2023440272702,2023,440272702,3,9,0,18,19,2,6,0,0,0,0,0,0,0,1,1,2,2,1,29,6,1896,2,19,VOLKSWAGEN TOURAN,10,E01023238,0,-1
2023501290012,2023,501290012,2,9,0,18,19,7,4,0,0,0,1,0,0,0,1,1,3,7,1,32,6,1896,2,16,VOLKSWAGEN TOURAN,8,E01020110,0,-1
2023351390710,2023,351390710,1,9,0,16,19,7,3,0,0,0,0,0,0,0,1,1,5,6,1,82,11,1598,2,4,VOLKSWAGEN TOURAN,8,E01018152,0,-1
2023010473334,2023,010473334,1,9,0,7,7,1,4,0,0,1,0,0,0,0,0,1,6,6,2,54,8,1390,1,13,VOLKSWAGEN TOURAN,7,E01030850,0,-1
2023622300812,2023,622300812,1,9,0,4,4,3,7,0,0,1,0,0,0,0,2,1,2,2,1,36,7,1968,2,17,VOLKSWAGEN TOURAN,1,W01001881,0,-1
2023440299517,2023,440299517,2,9,0,18,19,3,7,0,0,1,0,0,0,0,1,1,6,6,2,41,7,1598,2,5,VOLKSWAGEN TOURAN,10,E01032017,0,-1
2023010437087,2023,010437087,1,9,0,9,9,5,3,0,0,8,0,0,0,0,3,1,6,6,1,38,7,1598,2,5,VOLKSWAGEN TOURAN,3,E01000948,0,-1
2023340WN1732,2023,340WN1732,1,9,0,18,19,3,7,0,0,1,0,0,0,0,1,1,6,6,2,-1,-1,1896,2,20,VOLKSWAGEN TOURAN,-1,-1,0,-1
2023501334574,2023,501334574,3,9,0,2,2,0,0,9,9,0,0,0,0,0,2,1,5,6,3,-1,-1,1968,2,17,VOLKSWAGEN TOURAN,-1,-1,0,-1
2023501375700,2023,501375700,3,9,0,3,3,4,8,0,0,0,0,0,0,0,2,1,6,6,2,32,6,1598,2,11,VOLKSWAGEN TOURAN,7,E01015134,0,-1
2023311358104,2023,311358104,2,9,0,18,19,5,7,0,0,1,0,0,0,0,1,1,2,2,2,35,6,1968,2,10,VOLKSWAGEN TOURAN,1,E01013817,0,-1
2023010421407,2023,010421407,1,9,0,14,14,3,7,0,0,2,0,4,0,0,4,1,6,6,1,66,10,1896,2,13,VOLKSWAGEN TOURAN,9,E01004082,0,-1
2023141331016,2023,141331016,2,9,0,18,19,2,5,0,0,4,0,0,0,0,1,1,5,6,1,72,10,1896,2,15,VOLKSWAGEN TOURAN,3,E01007540,0,-1
2023411340624,2023,411340624,2,9,0,3,3,5,1,0,0,0,0,0,0,0,2,1,6,6,1,33,6,1968,2,16,VOLKSWAGEN TOURAN,2,E01016726,0,-1
2023302300298,2023,302300298,1,9,0,9,9,6,4,0,0,6,0,0,0,0,4,1,3,7,2,38,7,1896,2,14,VOLKSWAGEN TOURAN,1,E01013487,0,-1
2023201293132,2023,201293132,2,9,0,18,19,4,8,0,0,8,0,0,0,0,4,1,1,1,1,55,8,1598,2,5,VOLKSWAGEN TOURAN,1,E01008909,0,-1
2023070093005,2023,070093005,1,8,0,18,19,4,7,0,0,1,0,0,0,0,1,1,1,1,1,40,7,1598,2,9,VOLKSWAGEN TOURAN,2,E01014355,0,-1
2023101323822,2023,101323822,1,9,0,9,9,7,1,0,0,1,0,0,0,0,1,1,6,6,1,41,7,1968,2,18,VOLKSWAGEN TOURAN,1,E01008743,0,-1
202363C010023,2023,63C010023,1,9,0,18,19,6,2,0,0,1,0,0,0,0,1,1,6,6,1,32,6,1598,2,12,VOLKSWAGEN TOURAN,4,W01000586,0,-1
2023302300646,2023,302300646,1,9,0,7,7,6,4,0,0,5,0,0,0,0,1,1,6,6,1,37,7,1968,2,15,VOLKSWAGEN TOURAN,1,E01013479,0,-1
2023411298727,2023,411298727,1,9,0,9,9,5,1,0,0,6,0,0,0,0,3,1,6,6,1,28,6,1896,2,14,VOLKSWAGEN TOURAN,10,E01023655,0,-1
2023351363457,2023,351363457,1,9,0,9,9,-1,-1,0,0,8,0,0,0,0,4,1,6,6,1,-1,-1,1968,2,14,VOLKSWAGEN TOURAN,6,E01033120,0,-1
2023471312076,2023,471312076,2,9,0,4,4,5,1,0,0,1,0,0,0,0,2,1,5,6,1,41,7,1598,2,9,VOLKSWAGEN TOURAN,5,E01031605,0,-1
2023332300422,2023,332300422,2,9,0,2,2,0,0,0,0,0,0,0,0,0,2,1,6,6,2,59,9,1896,2,14,VOLKSWAGEN TOURAN,8,E01025681,0,-1
2023201331427,2023,201331427,1,9,0,18,19,8,4,0,0,1,0,0,0,0,4,1,1,1,1,53,8,1598,2,7,VOLKSWAGEN TOURAN,5,E01009262,0,-1
2023440198032,2023,440198032,1,9,0,18,19,2,6,0,0,8,0,0,0,0,4,1,2,2,1,41,7,1968,2,16,VOLKSWAGEN TOURAN,3,E01017242,0,-1
2023421344750,2023,421344750,1,9,0,7,7,7,1,0,0,2,0,0,0,0,3,1,6,6,1,46,8,1896,2,16,VOLKSWAGEN TOURAN,4,E01001694,0,-1
2023302301872,2023,302301872,2,9,0,18,19,5,1,0,0,8,0,0,0,0,1,1,3,7,2,36,7,1968,2,12,VOLKSWAGEN TOURAN,7,E01019548,0,-1
202363C013923,2023,63C013923,1,9,0,18,19,3,7,0,0,0,5,0,8,10,1,1,6,6,1,18,4,1968,2,7,VOLKSWAGEN TOURAN,3,E01006722,0,-1
2023141277712,2023,141277712,2,9,0,2,2,0,0,0,0,1,0,0,0,0,2,1,6,6,3,-1,-1,1598,2,12,VOLKSWAGEN TOURAN,-1,-1,0,-1
2023201407976,2023,201407976,1,9,0,1,1,1,5,0,0,0,0,0,0,0,2,1,5,6,1,-1,-1,1598,2,5,VOLKSWAGEN TOURAN,-1,-1,0,-1
2023471268065,2023,471268065,1,9,0,4,4,4,1,0,0,0,0,0,0,0,2,1,5,6,1,48,8,1968,2,1,VOLKSWAGEN TOURAN,9,E01031733,0,-1
2023201313126,2023,201313126,2,9,0,9,9,4,2,0,0,1,0,0,0,0,1,1,6,6,1,43,7,1968,2,13,VOLKSWAGEN TOURAN,3,E01029643,0,-1
2023010472340,2023,010472340,2,9,0,7,7,5,7,2,2,1,0,0,0,0,2,1,6,6,1,33,6,1390,1,14,VOLKSWAGEN TOURAN,7,W01000822,0,-1
2023631393461,2023,631393461,1,9,0,4,4,5,1,0,0,2,0,0,0,0,1,1,5,6,1,38,7,1896,2,15,VOLKSWAGEN TOURAN,2,W01000788,0,-1
2023122301298,2023,122301298,1,9,0,17,19,1,5,0,0,0,0,0,7,0,1,1,6,6,1,19,4,1968,2,10,VOLKSWAGEN TOURAN,1,E01027806,0,-1
2023010442823,2023,010442823,1,9,0,18,19,3,7,0,0,0,0,0,0,0,1,1,6,6,1,70,10,1598,2,4,VOLKSWAGEN TOURAN,6,E01003427,0,-1
2023440026688,2023,440026688,1,9,0,18,19,2,6,0,0,1,0,0,0,0,1,1,6,6,2,29,6,1598,2,10,VOLKSWAGEN TOURAN,4,E01023033,0,-1
2023552300911,2023,552300911,1,9,0,18,19,2,6,0,0,3,0,0,0,0,1,1,2,2,2,43,7,1968,2,14,VOLKSWAGEN TOURAN,3,E01015409,0,-1
2023311323642,2023,311323642,1,9,0,4,4,1,5,0,0,1,0,0,0,0,1,1,1,1,1,39,7,1598,2,10,VOLKSWAGEN TOURAN,4,E01033404,0,-1
2023010441733,2023,010441733,1,9,0,99,99,9,9,99,99,0,9,99,9,99,2,9,2,2,1,53,8,1968,2,6,VOLKSWAGEN TOURAN,3,E01015956,0,-1
2023141325068,2023,141325068,1,9,0,18,19,1,5,0,0,0,0,0,0,0,2,1,5,6,1,27,6,1595,1,14,VOLKSWAGEN TOURAN,6,E01001342,0,-1
2023010447629,2023,010447629,1,8,0,99,99,9,9,99,99,0,9,99,9,99,3,9,1,1,1,54,8,1498,1,3,VOLKSWAGEN TOURAN,3,E01000610,0,-1
2023052302149,2023,052302149,1,9,0,9,9,3,5,0,0,1,0,0,0,0,1,1,2,2,1,45,7,1598,2,11,VOLKSWAGEN TOURAN,1,E01006676,0,-1
2023010444569,2023,010444569,1,9,0,99,99,9,9,99,99,0,9,99,9,99,9,9,6,6,1,30,6,1896,2,16,VOLKSWAGEN TOURAN,6,E01003665,0,-1
2023622300860,2023,622300860,1,9,0,18,19,6,2,0,0,1,0,0,0,0,0,1,6,6,1,40,7,1968,2,14,VOLKSWAGEN TOURAN,3,W01000767,0,-1