collision_index,collision_year,collision_ref_no,vehicle_reference,vehicle_type,towing_and_articulation,vehicle_manoeuvre_historic,vehicle_manoeuvre,vehicle_direction_from,vehicle_direction_to,vehicle_location_restricted_lane_historic,vehicle_location_restricted_lane,junction_location,skidding_and_overturning,hit_object_in_carriageway,vehicle_leaving_carriageway,hit_object_off_carriageway,first_point_of_impact,vehicle_left_hand_drive,journey_purpose_of_driver_historic,journey_purpose_of_driver,sex_of_driver,age_of_driver,age_band_of_driver,engine_capacity_cc,propulsion_code,age_of_vehicle,generic_make_model,driver_imd_decile,lsoa_of_driver,escooter_flag,driver_distance_banding
2023010442913,2023,010442913,2,9,0,18,19,8,4,0,0,0,0,0,0,0,2,1,6,6,2,49,8,1461,2,6,RENAULT GRAND SCENIC,1,E01015932,0,-1
2023461381641,2023,461381641,2,9,0,5,5,1,5,0,0,8,0,0,0,0,1,1,6,6,1,63,9,1598,2,6,RENAULT GRAND SCENIC,6,E01023977,0,-1
2023010457538,2023,010457538,1,9,0,18,19,7,3,0,0,0,0,0,0,0,1,1,6,6,2,38,7,1461,2,8,RENAULT GRAND SCENIC,1,E01001562,0,-1
202360A163567,2023,60A163567,2,9,0,4,4,5,1,0,0,1,0,0,0,0,2,1,6,6,1,45,7,1461,2,13,RENAULT GRAND SCENIC,-1,-1,0,-1
2023010472889,2023,010472889,2,9,0,99,99,9,9,99,99,9,9,99,9,99,9,9,6,6,3,-1,-1,1997,1,13,RENAULT GRAND SCENIC,-1,-1,0,-1
2023122300221,2023,122300221,1,9,0,9,9,5,3,0,0,1,0,11,0,0,1,1,6,6,1,76,11,1461,2,8,RENAULT GRAND SCENIC,5,E01010633,0,-1
2023302300533,2023,302300533,1,9,0,7,7,8,2,0,0,6,0,0,0,0,1,1,6,6,2,42,7,1998,1,16,RENAULT GRAND SCENIC,1,E01013533,0,-1
2023221365935,2023,221365935,2,9,0,13,13,7,3,0,0,0,0,0,0,0,0,1,5,6,1,70,10,1461,2,14,RENAULT GRAND SCENIC,4,E01014003,0,-1
2023201453378,2023,201453378,1,9,0,18,19,1,5,0,0,8,0,0,0,0,1,1,6,6,1,66,10,1998,1,16,RENAULT GRAND SCENIC,1,E01009113,0,-1
2023471262245,2023,471262245,2,9,0,18,19,8,5,0,0,0,0,0,0,0,2,1,5,6,1,52,8,1461,2,12,RENAULT GRAND SCENIC,4,E01031573,0,-1
2023070090454,2023,070090454,2,9,0,9,9,7,5,0,0,1,0,0,0,0,4,1,6,6,1,36,7,1598,1,16,RENAULT GRAND SCENIC,1,E01018476,0,-1
2023501276093,2023,501276093,2,9,0,18,19,1,5,0,0,0,0,0,0,0,3,1,5,6,1,36,7,1461,2,13,RENAULT GRAND SCENIC,-1,-1,0,-1
2023371377605,2023,371377605,1,9,0,7,7,7,3,0,0,8,0,0,0,0,4,1,5,6,2,39,7,1870,2,13,RENAULT GRAND SCENIC,2,E01029971,0,-1
2023501367141,2023,501367141,1,9,0,3,3,1,5,0,0,0,0,0,0,0,2,1,6,6,1,63,9,1995,2,16,RENAULT GRAND SCENIC,7,E01032628,0,-1
2023161382816,2023,161382816,3,9,0,4,4,1,5,0,0,1,0,0,0,0,2,1,6,6,2,60,9,1397,1,13,RENAULT GRAND SCENIC,1,E01013205,0,-1
2023221386923,2023,221386923,1,9,0,18,19,7,4,0,0,0,0,0,1,1,1,1,5,6,1,84,11,1461,2,9,RENAULT GRAND SCENIC,7,E01014028,0,-1
2023010426746,2023,010426746,2,9,0,99,99,9,9,99,99,9,9,99,9,99,9,9,6,6,3,36,7,1598,1,17,RENAULT GRAND SCENIC,3,E01003244,0,-1
2023531305305,2023,531305305,1,9,0,17,19,3,7,0,0,3,0,0,0,0,3,1,6,6,1,63,9,1461,2,6,RENAULT GRAND SCENIC,1,E01022291,0,-1
2023010475936,2023,010475936,3,9,0,18,19,1,5,0,0,0,0,0,0,0,1,1,6,6,1,55,8,1598,1,15,RENAULT GRAND SCENIC,6,E01030842,0,-1
2023101343796,2023,101343796,1,9,0,4,4,3,7,0,0,0,0,0,0,0,1,1,5,6,2,59,9,1397,1,13,RENAULT GRAND SCENIC,4,E01008779,0,-1
2023201378378,2023,201378378,1,9,0,18,19,6,2,0,0,1,0,0,0,0,1,1,5,6,1,37,7,1461,2,7,RENAULT GRAND SCENIC,5,E01033537,0,-1
2023320567981,2023,320567981,1,9,0,18,19,2,6,0,0,6,0,0,0,0,1,1,6,6,3,-1,-1,1461,2,12,RENAULT GRAND SCENIC,-1,-1,0,-1
2023631374652,2023,631374652,2,9,0,2,2,0,0,0,0,0,0,0,0,0,1,1,6,6,3,-1,-1,1870,2,13,RENAULT GRAND SCENIC,-1,-1,0,-1
2023461333734,2023,461333734,2,9,0,2,2,0,0,0,0,0,0,0,0,0,1,1,6,6,3,-1,-1,1461,2,12,RENAULT GRAND SCENIC,-1,-1,0,-1
2023320545315,2023,320545315,5,9,0,18,19,2,6,0,0,0,0,0,0,0,1,1,6,6,2,51,8,1461,2,9,RENAULT GRAND SCENIC,4,E01026105,0,-1
2023131284176,2023,131284176,2,9,0,11,11,3,3,2,2,8,0,0,0,0,2,1,6,6,1,34,6,1997,1,14,RENAULT GRAND SCENIC,1,E01011364,0,-1
2023101363418,2023,101363418,2,9,0,18,19,7,3,0,0,0,0,0,0,0,3,1,5,6,2,65,9,1461,2,6,RENAULT GRAND SCENIC,4,E01027413,0,-1
2023010438463,2023,010438463,1,9,0,12,12,3,7,0,0,0,0,0,0,0,1,1,2,2,1,40,7,1461,2,13,RENAULT GRAND SCENIC,7,E01016584,0,-1
2023131298149,2023,131298149,2,9,0,18,19,7,3,0,0,0,0,0,0,0,3,1,5,6,2,34,6,1461,2,13,RENAULT GRAND SCENIC,1,E01011624,0,-1
2023221330115,2023,221330115,2,9,0,18,19,2,6,0,0,8,0,0,0,0,4,1,5,6,2,41,7,1461,2,11,RENAULT GRAND SCENIC,5,E01032457,0,-1
2023522300563,2023,522300563,2,9,0,9,9,5,4,0,0,6,0,0,0,0,1,1,6,6,2,42,7,1598,1,15,RENAULT GRAND SCENIC,5,E01014534,0,-1
2023141351423,2023,141351423,3,9,0,2,2,0,0,0,0,2,0,0,0,0,2,1,6,6,3,-1,-1,1598,1,14,RENAULT GRAND SCENIC,-1,-1,0,-1
2023991389418,2023,991389418,2,9,0,18,19,5,1,0,0,0,0,0,0,0,1,1,5,6,1,34,6,1870,2,19,RENAULT GRAND SCENIC,1,-1,0,-1
2023545559823,2023,545559823,1,9,0,18,19,7,3,0,0,0,0,0,0,0,1,1,6,6,1,38,7,1598,1,13,RENAULT GRAND SCENIC,10,E01029160,0,-1
2023411364170,2023,411364170,2,9,0,4,4,3,7,0,0,1,0,0,0,0,2,1,2,2,1,44,7,1598,1,17,RENAULT GRAND SCENIC,2,E01001464,0,-1
2023991384576,2023,991384576,1,9,0,3,3,6,3,0,0,1,0,0,0,0,1,1,6,6,1,37,7,1461,2,14,RENAULT GRAND SCENIC,3,-1,0,-1
2023201403513,2023,201403513,1,9,0,18,19,7,3,0,0,1,0,0,0,0,1,1,6,6,2,37,7,1461,2,12,RENAULT GRAND SCENIC,3,E01010523,0,-1
2023320115312,2023,320115312,1,9,0,9,9,2,7,0,0,8,0,0,0,0,1,1,6,6,1,23,5,1598,1,17,RENAULT GRAND SCENIC,1,E01026010,0,-1
2023052300444,2023,052300444,2,9,0,5,5,1,5,0,0,1,0,0,0,0,2,1,2,2,2,44,7,1461,2,13,RENAULT GRAND SCENIC,1,E01006765,0,-1
2023010463289,2023,010463289,2,9,0,99,99,9,9,99,99,9,9,99,9,99,9,9,6,6,3,63,9,1998,1,15,RENAULT GRAND SCENIC,4,E01001672,0,-1
2023320232635,2023,320232635,2,9,0,3,3,8,4,0,0,1,0,0,0,0,2,1,6,6,1,38,7,1461,2,12,RENAULT GRAND SCENIC,9,E01026320,0,-1
2023161289897,2023,161289897,1,9,0,18,19,1,5,0,0,1,0,0,0,0,1,1,6,6,1,26,6,1461,2,16,RENAULT GRAND SCENIC,2,E01005960,0,-1
2023010450646,2023,010450646,1,9,0,18,19,5,1,0,0,0,5,10,4,4,1,1,2,2,2,41,7,1870,2,16,RENAULT GRAND SCENIC,2,E01001215,0,-1
2023221303571,2023,221303571,1,9,0,9,9,3,1,0,0,6,0,0,0,0,3,1,5,6,2,30,6,1461,2,12,RENAULT GRAND SCENIC,2,E01028934,0,-1
2023471264630,2023,471264630,2,9,0,2,2,3,7,0,0,2,0,0,0,0,2,1,6,6,3,-1,-1,1998,1,17,RENAULT GRAND SCENIC,-1,-1,0,-1
2023161367598,2023,161367598,1,9,0,9,9,3,7,0,0,1,0,0,0,0,3,1,5,6,2,29,6,1598,1,12,RENAULT GRAND SCENIC,1,E01013278,0,-1
2023041328798,2023,041328798,3,9,0,18,19,5,1,0,0,0,0,0,0,0,2,1,6,6,1,49,8,1461,2,13,RENAULT GRAND SCENIC,9,E01029419,0,-1
2023451272344,2023,451272344,1,9,0,9,9,4,2,0,0,0,0,0,0,0,3,1,5,6,1,66,10,1461,2,12,RENAULT GRAND SCENIC,10,E01030967,0,-1
2023991295028,2023,991295028,1,9,0,16,19,7,3,0,0,2,0,0,0,0,4,1,5,6,1,50,8,1598,2,11,RENAULT GRAND SCENIC,3,-1,0,-1
2023201377405,2023,201377405,1,9,0,9,9,4,2,0,0,6,0,0,0,0,1,1,5,6,1,-1,-1,1598,1,18,RENAULT GRAND SCENIC,-1,-1,0,-1
2023201293523,2023,201293523,2,9,0,18,19,7,3,0,0,8,0,0,0,0,1,1,6,6,1,60,9,1461,2,13,RENAULT GRAND SCENIC,2,E01010559,0,-1
2023201306519,2023,201306519,1,9,0,18,19,2,6,0,0,0,0,0,0,0,1,1,6,6,2,-1,-1,1461,2,5,RENAULT GRAND SCENIC,-1,-1,0,-1
2023061374327,2023,061374327,1,9,-1,-1,-1,-1,-1,-1,-1,-1,-1,-1,-1,0,-1,1,5,6,1,-1,-1,1870,2,16,RENAULT GRAND SCENIC,3,E01032919,0,-1
2023440367136,2023,440367136,3,9,0,18,19,6,2,0,0,0,0,0,0,0,1,1,6,6,1,58,9,1461,2,7,RENAULT GRAND SCENIC,6,E01020439,0,-1
2023332300410,2023,332300410,1,9,0,5,5,1,5,0,0,6,0,0,0,0,1,1,6,6,2,40,7,1461,2,8,RENAULT GRAND SCENIC,2,E01032528,0,-1
2023010433943,2023,010433943,1,9,0,4,4,8,4,0,0,2,0,0,0,0,1,1,6,6,2,55,8,1461,2,6,RENAULT GRAND SCENIC,3,E01001412,0,-1
2023131356571,2023,131356571,3,9,0,9,9,1,3,0,0,8,0,0,0,0,2,1,6,6,1,88,11,1461,2,13,RENAULT GRAND SCENIC,7,E01011531,0,-1
2023522300727,2023,522300727,1,9,0,3,3,5,1,0,0,8,0,0,0,0,2,1,6,6,2,34,6,1598,1,16,RENAULT GRAND SCENIC,3,E01014830,0,-1
2023170H10793,2023,170H10793,2,9,0,18,19,5,1,0,0,8,0,0,0,0,1,1,6,6,1,-1,-1,1461,2,12,RENAULT GRAND SCENIC,-1,-1,0,-1
2023311331180,2023,311331180,2,9,0,3,3,7,3,0,0,0,0,0,0,0,1,1,6,6,1,33,6,1461,2,13,RENAULT GRAND SCENIC,3,E01028229,0,-1
2023340WN0492,2023,340WN0492,2,9,0,3,3,8,4,0,0,0,0,0,0,0,2,1,3,7,2,39,7,1461,2,11,RENAULT GRAND SCENIC,9,E01027218,0,-1
2023010453428,2023,010453428,1,9,0,99,99,9,9,99,99,9,9,99,9,99,2,9,6,6,2,60,9,1461,2,13,RENAULT GRAND SCENIC,5,E01001074,0,-1
2023631391569,2023,631391569,2,9,0,18,19,7,3,0,0,0,0,0,0,0,4,1,5,6,1,26,6,1870,2,13,RENAULT GRAND SCENIC,5,W01001925,0,-1
2023131302122,2023,131302122,1,9,0,18,19,7,3,0,0,0,0,0,0,0,3,1,5,6,2,54,8,1998,1,16,RENAULT GRAND SCENIC,2,E01011235,0,-1
2023311343535,2023,311343535,1,9,0,18,19,1,5,0,0,0,0,0,1,0,1,1,6,6,1,37,7,1461,2,14,RENAULT GRAND SCENIC,2,E01033125,0,-1
2023010461275,2023,010461275,1,9,0,2,2,0,0,0,0,1,0,0,0,0,2,1,6,6,3,-1,-1,1330,1,4,RENAULT GRAND SCENIC,-1,-1,0,-1
2023461287311,2023,461287311,2,9,-1,-1,-1,-1,-1,-1,-1,0,-1,-1,-1,0,-1,1,6,6,2,46,8,1461,2,10,RENAULT GRAND SCENIC,8,E01024235,0,-1
2023311356416,2023,311356416,1,9,0,2,2,0,0,0,0,8,0,0,0,0,2,1,6,6,3,-1,-1,1461,2,7,RENAULT GRAND SCENIC,-1,-1,0,-1
2023522301247,2023,522301247,1,9,0,18,19,2,6,0,0,8,0,0,0,0,4,1,6,6,1,43,7,1461,2,13,RENAULT GRAND SCENIC,7,E01014950,0,-1
2023421390475,2023,421390475,1,9,0,18,19,6,3,9,9,0,0,0,1,0,1,1,3,7,2,38,7,1598,1,12,RENAULT GRAND SCENIC,7,E01021627,0,-1
2023451314812,2023,451314812,2,9,0,2,2,0,0,9,9,0,0,0,0,0,2,1,6,6,3,-1,-1,1998,1,16,RENAULT GRAND SCENIC,-1,-1,0,-1
2023041377716,2023,041377716,1,9,0,18,19,5,1,0,0,0,0,0,0,0,1,1,5,6,1,67,10,1461,2,12,RENAULT GRAND SCENIC,1,E01025574,0,-1
2023131355929,2023,131355929,2,9,0,18,19,5,1,0,0,0,0,0,0,0,1,1,3,7,1,49,8,1598,1,19,RENAULT GRAND SCENIC,3,E01011783,0,-1
2023471365260,2023,471365260,1,9,0,9,9,3,1,0,0,8,0,0,0,0,3,1,5,6,1,42,7,1598,2,9,RENAULT GRAND SCENIC,5,E01031373,0,-1
2023622300582,2023,622300582,1,9,0,18,19,5,1,0,0,0,0,0,0,0,1,1,6,6,2,31,6,1461,2,9,RENAULT GRAND SCENIC,2,W01001067,0,-1
2023061398540,2023,061398540,2,9,0,18,19,5,1,0,0,1,0,0,0,0,2,1,6,6,2,60,9,1461,2,13,RENAULT GRAND SCENIC,3,E01006217,0,-1
2023111326306,2023,111326306,2,9,0,18,19,3,7,0,0,0,0,0,0,0,2,1,6,6,2,49,8,1461,2,5,RENAULT GRAND SCENIC,-1,-1,0,-1
2023371288513,2023,371288513,1,8,0,9,9,7,5,0,0,8,0,0,0,0,1,1,1,1,1,59,9,1461,2,7,-1,2,E01030170,0,-1
2023411356784,2023,411356784,2,9,-1,-1,-1,-1,-1,-1,-1,-1,-1,-1,-1,0,-1,1,6,6,2,28,6,1461,2,13,RENAULT GRAND SCENIC,5,E01023560,0,-1
2023131376276,2023,131376276,2,9,0,18,19,6,2,0,0,0,0,0,0,0,0,1,5,6,1,38,7,1461,2,13,RENAULT GRAND SCENIC,1,E01011838,0,-1
2023430227327,2023,430227327,1,9,0,12,12,6,2,0,0,8,0,0,0,0,3,1,1,1,1,34,6,1997,1,13,RENAULT GRAND SCENIC,8,E01016775,0,-1
2023010464768,2023,010464768,2,9,0,99,99,9,9,99,99,9,9,99,9,99,1,9,6,6,3,-1,-1,1598,1,12,RENAULT GRAND SCENIC,-1,-1,0,-1
2023421387909,2023,421387909,2,9,0,18,19,1,1,0,0,0,0,0,0,0,3,1,6,6,2,53,8,1461,2,7,RENAULT GRAND SCENIC,4,E01021956,0,-1
2023430501073,2023,430501073,1,9,0,18,19,4,8,0,0,2,0,0,0,0,1,1,6,6,1,53,8,1998,1,15,RENAULT GRAND SCENIC,3,E01028524,0,-1
2023231264501,2023,231264501,1,9,0,18,19,5,1,0,0,0,0,12,0,0,1,1,5,6,1,51,8,1870,2,13,RENAULT GRAND SCENIC,10,E01031135,0,-1
2023311335910,2023,311335910,1,9,0,18,19,5,1,0,0,0,0,0,1,0,1,1,5,6,1,61,9,2497,1,27,-1,5,E01026403,0,-1
2023061325659,2023,061325659,2,2,0,15,15,3,3,0,0,8,0,0,0,0,1,1,6,6,1,37,7,-1,3,0,-1,1,E01005290,0,-1
2023161311176,2023,161311176,2,2,0,18,19,7,3,0,0,0,0,0,0,0,4,1,5,6,1,18,4,-1,3,2,-1,-1,-1,0,-1
2023552301063,2023,552301063,1,4,0,18,19,2,6,0,0,0,1,0,0,0,1,1,6,6,1,19,4,-1,-1,-1,-1,7,E01015428,0,-1
2023052301977,2023,052301977,1,9,0,9,9,1,3,0,0,8,0,0,0,0,1,1,6,6,2,37,7,-1,3,0,VOLKSWAGEN ID4,9,E01018528,0,-1
2023471360432,2023,471360432,2,9,0,4,4,2,5,0,0,0,0,0,0,0,2,1,2,2,1,48,8,-1,3,0,VOLKSWAGEN ID4,10,E01031619,0,-1
2023010473960,2023,010473960,2,9,9,99,99,9,9,99,99,9,9,99,9,99,1,9,6,6,3,47,8,-1,3,2,VOLKSWAGEN ID4,4,E01003211,0,-1
2023471375828,2023,471375828,1,9,0,18,19,2,5,0,0,6,0,0,0,0,1,1,6,6,1,43,7,-1,3,1,VOLKSWAGEN ID4,9,E01031711,0,-1
2023010433087,2023,010433087,1,8,0,5,5,1,5,0,0,0,0,0,0,0,1,1,1,1,1,68,10,-1,3,2,VOLKSWAGEN ID4,1,E01001730,0,-1
2023010476202,2023,010476202,2,9,9,99,99,9,9,99,99,0,9,99,9,99,9,9,6,6,3,53,8,-1,3,1,VOLKSWAGEN ID4,4,E01015923,0,-1
2023451301797,2023,451301797,1,9,0,4,4,1,1,0,0,4,0,0,4,4,1,1,2,2,1,37,7,-1,3,2,VOLKSWAGEN ID4,7,E01004018,0,-1
2023010485773,2023,010485773,1,8,0,18,19,5,1,0,0,1,0,0,0,0,3,1,1,1,1,62,9,-1,3,2,VOLKSWAGEN ID4,6,E01002567,0,-1
2023010460851,2023,010460851,1,8,0,5,5,7,3,0,0,8,0,0,0,0,1,1,1,1,1,43,7,-1,3,2,VOLKSWAGEN ID4,1,E01033455,0,-1
2023411311799,2023,411311799,1,9,0,4,4,6,2,0,0,0,0,0,0,0,1,1,1,1,2,50,8,-1,3,1,VOLKSWAGEN ID4,7,E01023886,0,-1
2023411397299,2023,411397299,2,9,0,2,2,0,0,0,0,0,0,0,0,0,4,1,6,6,3,-1,-1,-1,3,0,VOLKSWAGEN ID4,-1,-1,0,-1
2023041363180,2023,041363180,2,9,0,18,19,1,5,0,0,0,0,0,1,0,1,1,6,6,1,38,7,-1,3,1,VOLKSWAGEN ID4,10,E01018643,0,-1
2023010480176,2023,010480176,3,9,0,18,19,7,3,0,0,2,0,0,0,0,3,1,1,1,1,60,9,-1,3,1,VOLKSWAGEN ID4,3,E01017906,0,-1
2023101279143,2023,101279143,2,9,0,5,5,5,1,0,0,8,0,0,0,0,3,1,1,1,1,42,7,-1,3,1,VOLKSWAGEN ID4,5,E01008236,0,-1
2023991333798,2023,991333798,3,9,0,18,19,7,3,0,0,0,0,0,0,0,1,1,6,6,2,38,7,-1,3,0,VOLKSWAGEN ID4,6,-1,0,-1
2023481371679,2023,481371679,1,9,0,13,13,3,7,0,0,2,0,0,0,0,3,1,6,6,1,40,7,-1,3,2,VOLKSWAGEN ID4,-1,-1,0,-1
2023471347259,2023,471347259,1,9,0,5,5,0,1,0,0,0,0,0,0,0,3,1,6,6,1,64,9,-1,3,1,VOLKSWAGEN ID4,7,E01002653,0,-1
2023010465324,2023,010465324,2,9,0,18,19,1,5,0,0,1,0,0,0,0,1,1,6,6,1,38,7,-1,3,2,VOLKSWAGEN ID4,2,E01003150,0,-1
2023122400048,2023,122400048,1,9,0,12,12,5,2,0,0,0,0,0,0,0,1,1,6,6,2,31,6,-1,3,0,VOLKSWAGEN ID4,6,E01011480,0,-1
2023010466240,2023,010466240,2,9,0,99,99,9,9,99,99,9,9,99,9,99,1,9,6,6,3,-1,-1,-1,3,2,VOLKSWAGEN ID4,-1,-1,0,-1
2023010458846,2023,010458846,2,8,0,99,99,9,9,99,99,9,9,99,9,99,9,9,6,6,3,-1,-1,-1,3,0,VOLKSWAGEN ID4,-1,-1,0,-1
2023461331718,2023,461331718,1,9,0,4,4,1,5,0,0,0,0,0,0,0,4,1,3,7,2,48,8,-1,3,0,VOLKSWAGEN ID4,7,E01024740,0,-1
2023041393378,2023,041393378,1,9,0,18,19,3,7,0,0,8,0,0,0,0,1,1,5,6,1,45,7,-1,3,2,VOLKSWAGEN ID4,3,E01012732,0,-1
2023351383249,2023,351383249,1,9,0,7,7,-1,-1,99,99,0,0,0,0,0,1,1,6,6,1,39,7,-1,3,2,VOLKSWAGEN ID4,5,E01026905,0,-1
2023010472800,2023,010472800,1,8,0,18,19,3,7,0,0,2,0,0,0,0,3,1,1,1,1,56,9,-1,3,2,VOLKSWAGEN ID4,6,E01003653,0,-1
2023010444840,2023,010444840,1,8,0,18,19,3,7,0,0,0,0,0,0,0,2,1,1,1,1,52,8,-1,3,1,VOLKSWAGEN ID4,2,E01001761,0,-1
2023010451585,2023,010451585,1,9,0,18,19,1,5,0,0,1,0,0,0,0,4,1,1,1,1,46,8,-1,3,2,VOLKSWAGEN ID4,2,E01001477,0,-1
2023430311645,2023,430311645,1,8,0,18,19,4,8,0,0,8,0,0,0,0,4,1,6,6,1,34,6,-1,3,2,VOLKSWAGEN ID4,3,E01016445,0,-1
2023010430713,2023,010430713,1,9,0,18,19,5,1,0,0,4,0,0,0,0,1,1,1,1,1,60,9,-1,3,1,VOLKSWAGEN ID4,3,E01024309,0,-1
2023010446756,2023,010446756,1,8,0,10,10,1,6,0,0,1,0,0,0,0,4,1,1,1,1,52,8,-1,3,2,VOLKSWAGEN ID4,2,E01021322,0,-1
2023010443168,2023,010443168,1,8,0,5,5,7,3,0,0,6,0,0,0,0,3,1,1,1,1,57,9,-1,3,2,VOLKSWAGEN ID4,3,E01001981,0,-1
2023010456419,2023,010456419,1,9,0,3,3,5,1,0,0,1,1,0,0,0,1,1,6,6,1,61,9,-1,3,2,VOLKSWAGEN ID4,2,E01004008,0,-1
2023010458656,2023,010458656,1,9,0,4,4,5,1,0,0,8,0,0,0,0,1,1,6,6,1,40,7,-1,3,2,VOLKSWAGEN ID4,2,E01002722,0,-1
2023010450368,2023,010450368,1,9,0,1,1,7,5,6,6,2,0,0,0,0,3,1,6,6,1,49,8,-1,3,1,VOLKSWAGEN ID4,7,E01001231,0,-1
2023451290371,2023,451290371,1,9,0,2,2,0,0,0,0,0,0,0,0,0,1,1,6,6,1,42,7,-1,3,2,VOLKSWAGEN ID4,4,E01030601,0,-1
2023010448497,2023,010448497,2,9,0,3,3,5,1,0,0,1,0,0,0,0,3,1,2,2,1,41,7,-1,3,2,VOLKSWAGEN ID4,1,E01033207,0,-1
2023010484158,2023,010484158,1,8,9,18,19,1,5,99,99,9,9,99,9,99,9,9,6,6,1,43,7,-1,3,2,VOLKSWAGEN ID4,2,E01004231,0,-1
2023010468047,2023,010468047,1,9,0,5,5,1,5,0,0,8,0,0,0,0,1,1,6,6,1,25,5,-1,3,0,VOLKSWAGEN ID4,9,E01021560,0,-1
2023010428729,2023,010428729,1,9,0,5,5,1,5,0,0,0,0,0,0,0,0,1,3,7,1,60,9,-1,3,1,VOLKSWAGEN ID4,3,E01003730,0,-1
2023461281175,2023,461281175,1,9,0,18,19,3,7,0,0,0,0,0,0,0,1,1,6,6,2,36,7,-1,3,1,VOLKSWAGEN ID4,6,E01032798,0,-1
2023010449518,2023,010449518,2,9,0,7,7,7,1,0,0,8,0,0,0,0,2,2,6,6,1,55,8,-1,3,1,VOLKSWAGEN ID4,7,E01000797,0,-1
2023451300629,2023,451300629,2,9,0,4,4,7,3,0,0,0,0,0,0,0,2,1,1,1,1,51,8,-1,3,1,VOLKSWAGEN ID4,8,E01030347,0,-1
2023991347929,2023,991347929,1,9,0,5,5,1,5,9,9,6,0,0,0,0,1,2,5,6,2,36,7,-1,3,2,VOLKSWAGEN ID4,8,-1,0,-1
2023471303659,2023,471303659,1,9,0,9,9,2,8,0,0,1,0,0,0,0,4,1,5,6,1,46,8,-1,3,2,VOLKSWAGEN ID4,2,E01000952,0,-1
2023010481406,2023,010481406,1,9,0,4,4,7,3,9,9,0,0,0,3,11,1,1,6,6,1,57,9,-1,3,0,VOLKSWAGEN ID4,-1,-1,0,-1
2023471390376,2023,471390376,3,9,0,4,4,7,3,0,0,0,0,0,0,0,2,1,5,6,2,45,7,-1,3,0,VOLKSWAGEN ID4,9,E01031728,0,-1
2023070548103,2023,070548103,2,9,0,10,10,5,1,0,0,1,0,0,0,0,2,1,3,7,1,36,7,-1,3,1,VOLKSWAGEN ID4,9,E01018470,0,-1
2023311362084,2023,311362084,2,9,0,18,19,5,1,0,0,0,0,0,0,0,4,1,5,6,2,66,10,-1,3,1,VOLKSWAGEN ID4,-1,-1,0,-1
2023481382679,2023,481382679,2,9,0,5,5,3,7,0,0,8,0,0,0,0,3,1,6,6,1,52,8,-1,3,1,VOLKSWAGEN ID4,-1,-1,0,-1
2023010477960,2023,010477960,2,9,0,18,19,6,2,0,0,1,0,0,0,0,4,1,2,2,1,37,7,-1,3,0,VOLKSWAGEN ID4,4,E01033572,0,-1
2023010443858,2023,010443858,1,9,0,5,5,3,7,0,0,1,0,0,0,0,1,1,1,1,1,38,7,-1,3,1,VOLKSWAGEN ID4,3,E01000578,0,-1
2023010425247,2023,010425247,4,9,0,18,19,1,5,0,0,0,0,0,0,0,1,1,1,1,1,42,7,-1,3,2,VOLKSWAGEN ID4,5,E01033741,0,-1
2023010455124,2023,010455124,2,9,0,18,19,3,7,0,0,1,0,0,1,0,1,1,2,2,1,49,8,-1,3,0,VOLKSWAGEN ID4,-1,-1,0,-1
2023401362198,2023,401362198,1,9,-1,1,1,-1,-1,0,0,1,0,0,0,0,3,1,6,6,1,57,9,-1,3,0,VOLKSWAGEN ID4,10,E01017612,0,-1
2023101344756,2023,101344756,2,9,0,12,12,4,7,0,0,0,0,0,0,0,3,1,2,2,2,31,6,-1,3,0,VOLKSWAGEN ID4,-1,-1,0,-1
2023010487878,2023,010487878,1,9,9,99,99,9,9,99,99,9,9,99,9,99,9,9,6,6,1,48,8,1395,8,0,-1,5,E01000265,0,-1
2023010479756,2023,010479756,2,9,0,99,99,9,9,99,99,9,9,99,9,99,1,9,6,6,3,-1,-1,1395,8,0,-1,-1,-1,0,-1
2023411267825,2023,411267825,1,9,0,1,1,5,1,0,0,0,0,0,0,0,2,1,6,6,1,74,10,999,1,6,VOLKSWAGEN UP,8,E01023732,0,-1
2023531338429,2023,531338429,1,9,0,18,19,7,3,0,0,2,1,0,1,0,1,1,2,2,2,30,6,999,1,8,VOLKSWAGEN UP,1,E01032932,0,-1
2023501361427,2023,501361427,2,9,0,9,9,8,5,0,0,8,0,0,0,0,3,1,5,6,2,17,4,999,1,7,VOLKSWAGEN UP,10,E01020024,0,-1
2023461362026,2023,461362026,2,9,0,17,19,4,8,0,0,0,0,0,0,0,3,1,6,6,1,62,9,999,1,9,VOLKSWAGEN UP,9,E01016107,0,-1
2023101311098,2023,101311098,1,9,0,17,19,5,1,0,0,1,0,0,0,0,1,1,5,6,2,18,4,999,1,9,VOLKSWAGEN UP,9,E01027437,0,-1
2023332301013,2023,332301013,1,9,0,18,19,6,2,0,0,2,0,0,0,0,1,1,6,6,1,82,11,999,1,6,VOLKSWAGEN UP,10,E01025615,0,-1
2023122300561,2023,122300561,2,9,0,18,19,5,1,0,0,0,1,0,0,0,2,1,6,6,1,26,6,-1,3,2,VOLKSWAGEN UP,4,E01020667,0,-1
2023501343096,2023,501343096,1,9,0,18,19,6,2,0,0,0,0,0,0,0,1,1,2,2,2,19,4,999,1,11,VOLKSWAGEN UP,10,E01020242,0,-1
2023991316839,2023,991316839,1,9,0,15,15,4,8,0,0,0,0,0,0,0,1,1,5,6,2,55,8,999,1,5,VOLKSWAGEN UP,7,-1,0,-1