collision_index,collision_year,collision_ref_no,vehicle_reference,vehicle_type,towing_and_articulation,vehicle_manoeuvre_historic,vehicle_manoeuvre,vehicle_direction_from,vehicle_direction_to,vehicle_location_restricted_lane_historic,vehicle_location_restricted_lane,junction_location,skidding_and_overturning,hit_object_in_carriageway,vehicle_leaving_carriageway,hit_object_off_carriageway,first_point_of_impact,vehicle_left_hand_drive,journey_purpose_of_driver_historic,journey_purpose_of_driver,sex_of_driver,age_of_driver,age_band_of_driver,engine_capacity_cc,propulsion_code,age_of_vehicle,generic_make_model,driver_imd_decile,lsoa_of_driver,escooter_flag,driver_distance_banding
2023201393247,2023,201393247,2,9,0,5,5,3,7,0,0,6,0,0,0,0,3,1,6,6,2,31,6,999,1,11,VOLKSWAGEN UP,3,E01009887,0,-1
2023041292806,2023,041292806,2,9,0,2,2,0,0,9,9,1,0,0,0,0,1,1,6,6,3,-1,-1,999,1,4,VOLKSWAGEN UP,-1,-1,0,-1
2023010439525,2023,010439525,2,9,0,9,9,1,7,0,0,6,0,0,0,0,3,1,3,7,2,22,5,999,1,10,VOLKSWAGEN UP,10,E01022425,0,-1
2023451376188,2023,451376188,1,9,0,2,2,1,5,0,0,0,1,7,0,0,1,1,2,2,1,35,6,999,1,11,VOLKSWAGEN UP,4,E01033729,0,-1
2023302300714,2023,302300714,1,9,0,17,19,2,6,0,0,0,0,0,0,0,1,1,2,2,2,36,7,999,1,9,VOLKSWAGEN UP,2,E01008029,0,-1
2023991359260,2023,991359260,1,9,0,18,19,2,5,0,0,2,0,0,0,0,1,1,2,2,2,27,6,999,1,9,VOLKSWAGEN UP,10,-1,0,-1
2023351267847,2023,351267847,2,9,0,12,12,4,8,0,0,0,1,0,1,0,3,1,5,6,2,58,9,999,1,8,VOLKSWAGEN UP,10,E01026362,0,-1
2023010477801,2023,010477801,2,9,0,99,99,9,9,99,99,9,9,99,9,99,9,9,6,6,3,-1,-1,999,1,9,VOLKSWAGEN UP,-1,-1,0,-1
2023461266541,2023,461266541,2,9,0,9,9,1,5,0,0,2,0,0,0,0,1,1,5,6,1,51,8,999,1,9,VOLKSWAGEN UP,5,E01016116,0,-1
2023201279088,2023,201279088,2,9,0,3,3,4,8,0,0,0,0,0,0,0,2,1,6,6,1,89,11,999,1,8,VOLKSWAGEN UP,4,E01010467,0,-1
2023401300644,2023,401300644,1,9,0,7,7,4,6,0,0,8,1,0,1,4,2,1,6,6,1,43,7,999,1,10,VOLKSWAGEN UP,7,E01017564,0,-1
2023101283036,2023,101283036,1,9,0,5,5,3,7,0,0,0,0,0,0,0,1,1,6,6,2,23,5,999,1,7,VOLKSWAGEN UP,7,E01008360,0,-1
2023440211216,2023,440211216,2,9,0,4,4,1,5,0,0,0,0,0,0,0,2,1,6,6,2,19,4,999,1,5,VOLKSWAGEN UP,9,E01022469,0,-1
2023461346475,2023,461346475,3,9,0,4,4,7,3,0,0,1,0,0,0,0,2,1,5,6,2,46,8,999,1,10,VOLKSWAGEN UP,3,E01024291,0,-1
2023101296396,2023,101296396,2,9,0,4,4,7,3,0,0,0,0,0,0,0,2,1,5,6,1,62,9,999,1,6,VOLKSWAGEN UP,7,E01008197,0,-1
2023010456389,2023,010456389,2,9,0,14,14,1,5,0,0,2,0,0,0,0,1,1,6,6,2,80,11,999,1,8,VOLKSWAGEN UP,8,E01002925,0,-1
2023461357486,2023,461357486,2,9,0,3,3,1,5,0,0,0,0,0,0,0,2,1,6,6,2,34,6,999,1,11,VOLKSWAGEN UP,8,E01024106,0,-1
2023061334206,2023,061334206,1,9,0,9,9,5,3,0,0,8,0,0,0,0,4,1,6,6,2,24,5,999,1,11,VOLKSWAGEN UP,8,E01005697,0,-1
2023041320516,2023,041320516,1,9,0,14,14,7,3,0,0,1,0,0,0,0,1,1,5,6,2,60,9,999,1,11,VOLKSWAGEN UP,3,E01024891,0,-1
2023010478105,2023,010478105,1,9,0,99,99,9,9,99,99,9,9,99,9,99,9,9,2,2,2,52,8,-1,3,2,VOLKSWAGEN UP,5,E01023535,0,-1
2023501278377,2023,501278377,2,9,0,18,19,3,1,0,0,0,0,0,0,0,1,1,6,6,1,62,9,999,1,7,VOLKSWAGEN UP,5,E01020076,0,-1
2023131347665,2023,131347665,2,9,0,17,19,8,4,0,0,0,0,0,0,0,3,1,6,6,2,38,7,999,1,6,VOLKSWAGEN UP,10,E01008618,0,-1
2023131361574,2023,131361574,1,9,0,9,9,7,3,0,0,1,0,0,0,0,1,1,6,6,3,-1,-1,999,1,5,VOLKSWAGEN UP,-1,-1,0,-1
2023531350998,2023,531350998,2,9,0,9,9,5,1,0,0,4,0,0,0,0,1,2,5,6,2,30,6,999,1,10,VOLKSWAGEN UP,10,E01022406,0,-1
2023421285734,2023,421285734,2,9,0,5,5,2,6,0,0,0,0,0,0,0,1,1,6,6,1,31,6,999,1,7,VOLKSWAGEN UP,7,E01021791,0,-1
2023010470300,2023,010470300,1,9,0,2,2,0,0,99,99,1,0,99,0,0,1,9,6,6,3,-1,-1,999,1,6,VOLKSWAGEN UP,-1,-1,0,-1
2023461330062,2023,461330062,1,9,0,18,19,8,4,0,0,1,0,0,0,0,3,1,2,2,1,29,6,999,1,9,VOLKSWAGEN UP,3,E01024239,0,-1
2023201291560,2023,201291560,3,9,0,18,19,-1,-1,0,0,0,0,0,0,0,0,1,6,6,2,-1,-1,999,1,3,VOLKSWAGEN UP,2,E01009395,0,-1
2023302301488,2023,302301488,2,9,0,3,3,2,7,0,0,8,0,0,0,0,2,1,2,2,2,59,9,999,1,11,VOLKSWAGEN UP,-1,-1,0,-1
2023552300870,2023,552300870,2,9,0,18,19,7,3,0,0,0,0,0,0,0,1,1,1,1,2,51,8,999,1,9,VOLKSWAGEN UP,8,E01015364,0,-1
2023231279617,2023,231279617,2,9,0,18,19,4,8,0,0,8,0,0,0,0,1,1,1,1,1,30,6,999,1,11,VOLKSWAGEN UP,6,E01031188,0,-1
2023451312943,2023,451312943,1,9,0,9,9,2,6,0,0,0,0,0,0,0,1,1,5,6,2,69,10,-1,3,3,VOLKSWAGEN UP,8,E01004144,0,-1
2023302300244,2023,302300244,1,9,0,18,19,8,4,0,0,2,0,0,0,0,1,1,2,2,1,25,5,999,1,9,VOLKSWAGEN UP,5,E01019525,0,-1
2023010466142,2023,010466142,2,9,0,99,99,9,9,0,0,8,0,0,0,0,9,9,6,6,3,-1,-1,999,1,8,VOLKSWAGEN UP,-1,-1,0,-1
2023010460536,2023,010460536,3,9,0,4,4,5,1,0,0,0,0,4,0,0,1,1,6,6,2,75,10,999,1,10,VOLKSWAGEN UP,-1,-1,0,-1
2023031299782,2023,031299782,1,9,0,18,19,6,2,0,0,0,0,0,0,0,1,1,5,6,2,22,5,999,1,9,VOLKSWAGEN UP,-1,-1,0,-1
2023631365788,2023,631365788,2,9,0,18,19,1,5,0,0,0,0,0,0,0,1,1,1,1,2,20,4,999,1,5,VOLKSWAGEN UP,6,W01000701,0,-1
2023122300847,2023,122300847,1,9,0,9,9,5,3,0,0,1,0,0,1,0,1,1,6,6,1,18,4,999,1,11,VOLKSWAGEN UP,10,E01027716,0,-1
2023010472009,2023,010472009,2,9,9,99,99,9,9,99,99,0,9,99,9,99,9,9,6,6,2,-1,-1,-1,3,2,VOLKSWAGEN UP,-1,-1,0,-1
2023371277279,2023,371277279,2,9,0,-1,-1,5,5,-1,-1,-1,-1,-1,-1,0,-1,1,6,6,2,66,10,999,1,6,VOLKSWAGEN UP,6,E01030041,0,-1
2023991379216,2023,991379216,1,9,0,17,19,5,2,0,0,0,0,0,1,4,4,1,5,6,1,42,7,999,1,9,VOLKSWAGEN UP,2,-1,0,-1
2023461302212,2023,461302212,2,9,0,18,19,2,5,9,9,8,1,10,7,10,1,1,5,6,2,76,11,999,1,5,VOLKSWAGEN UP,5,E01024014,0,-1
2023010432584,2023,010432584,3,9,0,2,2,0,0,0,0,1,0,0,0,0,1,1,6,6,3,-1,-1,999,1,9,VOLKSWAGEN UP,-1,-1,0,-1
2023451314971,2023,451314971,2,9,0,5,5,3,4,0,0,4,0,0,0,0,1,1,2,2,2,29,6,999,1,7,VOLKSWAGEN UP,7,E01030502,0,-1
2023991343106,2023,991343106,1,9,0,18,19,7,3,0,0,1,0,0,0,0,1,1,6,6,1,66,10,999,1,6,VOLKSWAGEN UP,5,-1,0,-1
2023141325455,2023,141325455,1,9,0,18,19,5,8,0,0,8,0,0,0,0,1,1,5,6,2,55,8,999,1,7,VOLKSWAGEN UP,10,E01008132,0,-1
2023991316573,2023,991316573,2,9,0,18,19,4,8,0,0,8,0,0,1,2,2,1,5,6,1,79,11,999,1,4,VOLKSWAGEN UP,10,-1,0,-1
2023991305293,2023,991305293,2,9,0,18,19,3,7,0,0,4,0,10,0,0,2,1,5,6,1,58,9,999,1,8,VOLKSWAGEN UP,3,-1,0,-1
2023430511431,2023,430511431,1,9,0,7,7,2,4,0,0,6,0,0,0,0,4,1,2,2,1,33,6,999,1,10,VOLKSWAGEN UP,3,E01016456,0,-1
2023041426323,2023,041426323,1,9,0,5,5,3,7,9,9,2,0,0,0,0,2,1,5,6,2,83,11,999,1,9,VOLKSWAGEN UP,9,E01025468,0,-1
2023991329467,2023,991329467,1,9,0,9,9,3,1,0,0,5,0,0,0,0,1,1,5,6,2,58,9,999,1,5,VOLKSWAGEN UP,-1,-1,0,-1
2023010465212,2023,010465212,2,9,0,18,19,7,3,0,0,8,0,0,0,0,1,1,6,6,2,30,6,999,1,10,VOLKSWAGEN UP,2,E01000972,0,-1
2023161297445,2023,161297445,2,9,0,18,19,3,7,0,0,1,0,0,0,0,1,1,6,6,2,51,8,999,1,2,VOLKSWAGEN UP,2,E01013237,0,-1
2023311344870,2023,311344870,1,9,0,4,4,2,6,0,0,0,0,0,0,0,2,1,6,6,2,30,6,999,1,11,VOLKSWAGEN UP,7,E01028411,0,-1
2023520400996,2023,520400996,1,9,0,4,4,3,7,0,0,0,0,0,0,0,2,1,6,6,2,58,9,999,1,9,VOLKSWAGEN UP,6,E01020063,0,-1
2023231291907,2023,231291907,2,9,0,3,3,5,1,0,0,1,0,0,0,0,2,1,5,6,2,18,4,999,1,10,VOLKSWAGEN UP,4,E01032384,0,-1
2023122300124,2023,122300124,1,9,0,18,19,5,1,0,0,0,0,0,0,0,1,1,6,6,2,72,10,999,1,1,VOLKSWAGEN UP,8,E01027859,0,-1
2023302301086,2023,302301086,2,9,0,5,5,8,4,9,9,2,0,0,0,0,1,1,6,6,1,33,6,999,1,9,VOLKSWAGEN UP,3,E01019665,0,-1
2023421370439,2023,421370439,2,9,0,17,19,5,1,0,0,0,0,0,0,0,1,1,6,6,2,34,6,999,1,9,VOLKSWAGEN UP,9,E01029872,0,-1
2023451358283,2023,451358283,1,9,0,16,19,5,7,0,0,1,0,0,0,0,1,1,6,6,2,19,4,999,1,4,VOLKSWAGEN UP,10,E01030641,0,-1
2023010433051,2023,010433051,1,9,0,7,7,2,4,0,0,8,0,0,0,0,4,1,6,6,1,55,8,999,1,10,VOLKSWAGEN UP,7,E01027571,0,-1
2023311331128,2023,311331128,1,9,0,8,8,4,8,0,0,1,0,0,0,0,3,1,6,6,2,54,8,999,1,8,VOLKSWAGEN UP,2,E01027942,0,-1
2023302301503,2023,302301503,2,9,0,9,9,2,8,0,0,1,0,0,0,0,4,1,6,6,2,67,10,999,1,9,VOLKSWAGEN UP,7,E01013529,0,-1
2023520301616,2023,520301616,1,9,0,7,7,1,2,0,0,8,0,0,0,0,1,1,6,6,2,79,11,-1,3,2,VOLKSWAGEN UP,8,E01029296,0,-1
2023351358769,2023,351358769,1,9,0,18,19,1,5,0,0,1,0,0,1,0,3,1,6,6,1,72,10,999,1,5,VOLKSWAGEN UP,7,E01018026,0,-1
2023170L31203,2023,170L31203,1,9,0,1,1,0,1,0,0,0,0,0,0,0,2,1,6,6,2,29,6,999,1,11,VOLKSWAGEN UP,-1,-1,0,-1
2023552301327,2023,552301327,2,9,0,3,3,8,4,0,0,1,0,0,0,0,2,1,2,2,1,44,7,999,1,9,VOLKSWAGEN UP,10,E01015400,0,-1
2023552300464,2023,552300464,1,9,0,7,7,8,2,9,9,5,0,0,0,0,1,1,6,6,2,20,4,999,1,7,VOLKSWAGEN UP,3,E01015359,0,-1
2023421280662,2023,421280662,2,9,0,18,19,1,5,0,0,0,0,0,5,0,4,1,5,6,1,41,7,999,1,10,VOLKSWAGEN UP,5,E01023867,0,-1
2023070282111,2023,070282111,1,9,0,10,10,8,4,0,0,0,0,0,0,0,4,1,6,6,1,-1,-1,999,1,4,VOLKSWAGEN UP,7,E01018591,0,-1
2023010470568,2023,010470568,1,9,0,5,5,5,1,0,0,1,0,0,0,0,1,1,6,6,2,68,10,999,1,8,VOLKSWAGEN UP,2,E01002003,0,-1
2023421357453,2023,421357453,1,9,0,9,9,7,5,0,0,8,0,0,0,0,1,1,6,6,1,24,5,999,1,10,VOLKSWAGEN UP,6,E01033723,0,-1
2023991314501,2023,991314501,2,9,0,18,19,7,3,0,0,8,0,0,0,0,3,2,5,6,2,23,5,999,1,11,VOLKSWAGEN UP,9,-1,0,-1
2023430344544,2023,430344544,2,9,0,18,19,7,3,0,0,8,0,0,0,0,3,1,6,6,1,49,8,999,1,9,VOLKSWAGEN UP,7,E01028708,0,-1
2023041373708,2023,041373708,2,9,0,18,19,1,5,0,0,1,0,0,0,0,4,1,2,2,2,59,9,999,1,5,VOLKSWAGEN UP,5,E01025543,0,-1
2023451335445,2023,451335445,2,9,0,10,10,3,7,0,0,4,0,0,0,0,0,1,5,6,1,49,8,999,1,7,VOLKSWAGEN UP,10,E01030437,0,-1
2023440033847,2023,440033847,2,9,0,3,3,7,3,0,0,1,0,0,0,0,1,1,6,6,2,-1,-1,999,1,8,VOLKSWAGEN UP,-1,-1,0,-1
2023141380597,2023,141380597,1,9,0,7,7,5,7,0,0,6,0,0,0,0,1,1,6,6,2,76,11,999,1,10,VOLKSWAGEN UP,3,E01007447,0,-1
2023311278173,2023,311278173,3,9,0,18,19,1,5,0,0,0,1,0,0,0,1,1,5,6,2,52,8,999,1,7,VOLKSWAGEN UP,2,E01013836,0,-1
2023311355298,2023,311355298,1,9,0,9,9,1,6,0,0,8,0,0,0,0,4,1,5,6,1,50,8,999,1,11,VOLKSWAGEN UP,7,E01032520,0,-1
2023451341621,2023,451341621,2,9,0,3,3,5,1,0,0,0,0,0,0,0,3,1,5,6,1,22,5,999,1,10,VOLKSWAGEN UP,10,E01030965,0,-1
2023041301699,2023,041301699,1,9,0,9,9,7,4,0,0,0,0,0,0,0,3,1,5,6,1,23,5,999,1,10,VOLKSWAGEN UP,9,E01025558,0,-1
2023052301791,2023,052301791,1,9,0,18,19,3,7,0,0,0,0,0,7,2,1,1,6,6,2,89,11,999,1,10,VOLKSWAGEN UP,5,E01006420,0,-1
2023361314649,2023,361314649,1,9,0,18,19,6,1,0,0,0,0,0,0,0,4,1,6,6,2,73,10,-1,3,9,VOLKSWAGEN UP,9,E01026503,0,-1
2023010456814,2023,010456814,1,9,0,99,99,9,9,99,99,9,9,99,9,99,9,9,6,6,2,36,7,999,1,4,VOLKSWAGEN UP,1,E01004312,0,-1
2023010433125,2023,010433125,1,9,0,7,7,7,1,0,0,1,0,0,0,0,2,1,6,6,2,47,8,999,1,8,VOLKSWAGEN UP,3,E01003979,0,-1
2023531271177,2023,531271177,2,9,0,2,2,0,0,0,0,0,0,0,0,0,1,1,6,6,3,-1,-1,999,1,10,VOLKSWAGEN UP,-1,-1,0,-1
2023201277186,2023,201277186,5,9,0,2,2,0,0,0,0,0,0,0,0,0,0,1,6,6,2,-1,-1,999,1,6,VOLKSWAGEN UP,10,E01010176,0,-1
2023061349754,2023,061349754,2,9,0,4,4,4,8,0,0,1,0,0,0,0,2,1,6,6,1,31,6,999,1,7,VOLKSWAGEN UP,8,E01004918,0,-1
2023010457390,2023,010457390,1,9,0,18,19,2,6,0,0,2,0,0,0,0,4,1,6,6,2,54,8,999,1,10,VOLKSWAGEN UP,1,E01002720,0,-1
2023131348087,2023,131348087,1,9,0,1,1,1,1,9,9,8,0,0,0,0,2,1,6,6,3,99,11,999,1,10,VOLKSWAGEN UP,-1,-1,0,-1
2023371299059,2023,371299059,1,9,0,1,1,3,7,0,0,1,0,2,0,0,2,1,6,6,2,88,11,999,1,5,VOLKSWAGEN UP,8,E01030042,0,-1
2023170S42353,2023,170S42353,1,9,0,18,19,5,1,0,0,2,0,0,0,0,1,1,6,6,2,18,4,999,1,4,VOLKSWAGEN UP,7,E01012269,0,-1
2023622300356,2023,622300356,1,9,0,18,19,8,4,0,0,1,0,0,0,0,1,1,6,6,1,31,6,999,1,4,VOLKSWAGEN UP,6,W01000916,0,-1
2023451372534,2023,451372534,1,9,0,7,7,5,1,0,0,8,1,0,0,0,2,1,2,2,2,37,7,999,1,7,VOLKSWAGEN UP,5,E01031574,0,-1
2023451266067,2023,451266067,7,9,0,4,4,8,4,0,0,0,0,0,0,0,2,1,2,2,2,30,6,999,1,8,VOLKSWAGEN UP,7,-1,0,-1
2023411339396,2023,411339396,2,9,0,4,4,4,7,0,0,0,0,0,0,0,2,1,5,6,2,20,4,999,1,10,VOLKSWAGEN UP,8,E01000270,0,-1
2023552300079,2023,552300079,1,9,0,18,19,1,5,0,0,0,0,2,0,0,1,1,6,6,2,46,8,999,1,5,VOLKSWAGEN UP,7,E01015413,0,-1
2023552301259,2023,552301259,1,9,0,18,19,6,2,0,0,0,0,0,0,0,1,1,6,6,2,37,7,999,1,5,VOLKSWAGEN UP,10,E01020378,0,-1
2023031354166,2023,031354166,1,9,0,9,9,7,5,0,0,8,0,0,0,0,4,1,5,6,2,19,4,999,1,10,VOLKSWAGEN UP,10,E01019368,0,-1
2023411383341,2023,411383341,2,9,0,3,3,4,8,0,0,1,0,0,0,0,2,1,5,6,1,22,5,999,1,5,VOLKSWAGEN UP,7,E01023527,0,-1
2023041314455,2023,041314455,2,9,0,5,5,5,1,0,0,1,0,0,1,0,3,1,5,6,1,42,7,999,1,10,VOLKSWAGEN UP,4,E01005151,0,-1
2023332300050,2023,332300050,2,9,0,13,13,3,7,0,0,0,1,0,7,9,4,1,6,6,2,38,7,999,1,10,VOLKSWAGEN UP,5,E01000302,0,-1
2023010470739,2023,010470739,1,9,0,6,6,1,1,0,0,0,0,0,8,3,1,1,6,6,2,60,9,-1,3,3,VOLKSWAGEN UP,4,E01004631,0,-1
2023311292901,2023,311292901,1,9,0,18,19,3,7,0,0,0,0,0,0,0,1,1,2,2,1,53,8,999,1,8,VOLKSWAGEN UP,-1,-1,0,-1
2023221347270,2023,221347270,2,9,0,17,19,3,8,0,0,0,0,0,0,0,1,1,5,6,2,21,5,999,1,9,VOLKSWAGEN UP,7,E01032416,0,-1
2023311278056,2023,311278056,1,9,0,16,19,8,3,0,0,0,0,0,0,0,1,1,6,6,2,41,7,999,1,9,VOLKSWAGEN UP,4,E01013525,0,-1
2023061370861,2023,061370861,1,9,0,18,19,1,1,0,0,0,5,4,0,0,1,1,6,6,1,70,10,999,1,4,VOLKSWAGEN UP,10,E01006124,0,-1
2023631339150,2023,631339150,1,9,0,18,19,3,7,0,0,0,0,0,2,10,3,1,5,6,2,20,4,999,1,3,VOLKSWAGEN UP,10,W01000890,0,-1
2023052301417,2023,052301417,1,9,0,5,5,8,4,0,0,1,0,0,0,0,4,1,6,6,1,49,8,999,1,6,VOLKSWAGEN UP,1,E01007204,0,-1
2023131331921,2023,131331921,2,9,0,18,19,7,3,0,0,0,0,0,0,0,2,1,1,1,2,32,6,999,1,9,VOLKSWAGEN UP,9,E01010904,0,-1
2023552301160,2023,552301160,1,9,0,9,9,1,6,0,0,6,0,0,0,0,4,1,6,6,1,46,8,999,1,6,VOLKSWAGEN UP,-1,-1,0,-1
2023010480675,2023,010480675,1,9,0,18,19,1,5,0,0,1,0,0,0,0,0,1,6,6,1,71,10,-1,3,2,VOLKSWAGEN UP,4,E01000926,0,-1
2023351374305,2023,351374305,1,9,0,18,19,1,5,0,0,4,0,0,0,0,1,1,6,6,2,63,9,999,1,5,VOLKSWAGEN UP,7,E01017994,0,-1
2023010430847,2023,010430847,2,9,0,99,99,9,9,99,99,9,9,99,9,99,9,9,6,6,3,-1,-1,999,1,9,VOLKSWAGEN UP,-1,-1,0,-1
2023501378959,2023,501378959,1,9,0,18,19,3,1,0,0,0,0,4,0,0,1,1,6,6,1,20,4,999,1,9,VOLKSWAGEN UP,8,E01020170,0,-1
2023052300684,2023,052300684,1,9,0,18,19,3,7,0,0,0,0,0,0,0,1,1,6,6,3,-1,-1,999,1,5,VOLKSWAGEN UP,-1,-1,0,-1
2023061373658,2023,061373658,4,9,0,3,3,5,1,0,0,1,0,0,0,0,3,1,6,6,2,18,4,999,1,10,VOLKSWAGEN UP,8,E01005390,0,-1
2023501287598,2023,501287598,2,9,0,3,3,8,2,0,0,1,0,0,0,0,1,1,5,6,1,50,8,999,1,10,VOLKSWAGEN UP,6,E01015222,0,-1
2023010447415,2023,010447415,2,9,0,99,99,9,9,99,99,9,9,99,9,99,1,9,6,6,3,-1,-1,999,1,9,VOLKSWAGEN UP,-1,-1,0,-1
2023010472733,2023,010472733,1,9,0,4,4,1,5,0,0,1,0,0,0,0,1,1,6,6,2,84,11,999,1,9,VOLKSWAGEN UP,5,E01004560,0,-1
2023101371516,2023,101371516,1,9,0,18,19,3,7,0,0,2,0,0,0,0,1,1,6,6,2,30,6,999,1,9,VOLKSWAGEN UP,1,E01008333,0,-1
2023371347384,2023,371347384,2,9,0,18,19,1,4,0,0,1,0,0,7,0,1,1,2,2,1,48,8,999,1,9,VOLKSWAGEN UP,7,E01030055,0,-1
2023141318831,2023,141318831,1,9,0,12,12,3,8,0,0,8,0,0,0,0,4,1,5,6,1,61,9,999,1,8,VOLKSWAGEN UP,-1,-1,0,-1
2023471320074,2023,471320074,1,9,0,18,19,3,7,0,0,8,0,0,0,0,4,1,5,6,2,88,11,999,1,8,VOLKSWAGEN UP,9,E01031623,0,-1
2023170S10333,2023,170S10333,1,9,0,18,19,8,4,0,0,0,0,0,0,0,2,1,2,2,1,65,9,999,1,8,VOLKSWAGEN UP,3,E01033203,0,-1
2023440096360,2023,440096360,3,9,0,18,19,3,7,0,0,0,0,0,0,0,1,1,6,6,1,50,8,999,1,8,VOLKSWAGEN UP,7,E01017094,0,-1
2023440433115,2023,440433115,1,9,0,18,19,7,3,0,0,8,5,0,0,0,4,1,2,2,2,20,4,999,1,11,VOLKSWAGEN UP,4,E01017339,0,-1
2023471317354,2023,471317354,1,9,0,18,19,7,3,0,0,0,0,0,0,0,1,1,6,6,1,46,8,999,1,9,VOLKSWAGEN UP,9,E01030830,0,-1
2023471302639,2023,471302639,2,9,0,3,3,7,3,0,0,1,0,0,0,0,4,1,5,6,1,62,9,999,1,11,VOLKSWAGEN UP,4,E01016890,0,-1
2023320371852,2023,320371852,5,9,0,9,9,4,2,0,0,1,0,0,7,0,2,1,2,2,2,29,6,999,1,6,VOLKSWAGEN UP,7,E01026397,0,-1
2023010464537,2023,010464537,2,9,9,99,99,9,9,99,99,9,9,99,9,99,1,9,6,6,3,-1,-1,999,1,5,VOLKSWAGEN UP,-1,-1,0,-1
2023610023223,2023,610023223,2,9,0,18,19,7,3,0,0,0,0,0,0,0,1,1,6,6,2,37,7,999,1,7,VOLKSWAGEN UP,10,W01001948,0,-1
2023131343988,2023,131343988,1,9,0,9,9,3,5,0,0,6,0,0,0,0,1,1,6,6,2,26,6,999,1,9,VOLKSWAGEN UP,8,E01011825,0,-1
2023471311987,2023,471311987,2,9,0,2,2,0,0,0,0,0,0,0,0,0,3,1,6,6,3,-1,-1,999,1,7,VOLKSWAGEN UP,-1,-1,0,-1
2023461399092,2023,461399092,1,9,0,18,19,3,7,0,0,0,0,0,0,0,4,1,6,6,2,82,11,999,1,4,VOLKSWAGEN UP,10,E01024330,0,-1
2023461293619,2023,461293619,1,9,0,13,13,1,5,0,0,0,5,0,0,0,2,1,5,6,1,18,4,999,1,6,VOLKSWAGEN UP,6,E01024589,0,-1
2023010424818,2023,010424818,4,9,0,2,2,0,0,0,0,0,0,0,0,0,3,1,6,6,3,-1,-1,999,1,10,VOLKSWAGEN UP,-1,-1,0,-1
2023991373714,2023,991373714,1,9,0,18,19,7,2,0,0,0,0,0,0,0,1,1,5,6,2,72,10,999,1,4,VOLKSWAGEN UP,9,-1,0,-1
2023471345602,2023,471345602,3,9,0,4,4,5,1,0,0,0,0,0,0,0,2,1,6,6,2,-1,-1,999,1,8,VOLKSWAGEN UP,-1,-1,0,-1
2023401356401,2023,401356401,1,9,0,7,7,8,4,0,0,0,0,0,0,0,1,1,6,6,2,18,4,999,1,5,VOLKSWAGEN UP,8,E01023415,0,-1
2023010485534,2023,010485534,2,9,0,99,99,9,9,99,99,9,9,99,9,99,9,9,6,6,3,-1,-1,999,1,9,VOLKSWAGEN UP,-1,-1,0,-1
2023991271676,2023,991271676,1,9,0,18,19,4,8,0,0,8,0,0,0,0,1,1,1,1,1,61,9,-1,3,2,VOLKSWAGEN UP,2,-1,0,-1
2023170M11453,2023,170M11453,1,9,0,18,19,2,6,0,0,0,0,0,0,0,3,1,6,6,2,21,5,999,1,6,VOLKSWAGEN UP,3,E01012287,0,-1
2023061297087,2023,061297087,1,9,0,17,19,3,7,0,0,1,0,0,0,0,1,1,6,6,2,21,5,999,1,7,VOLKSWAGEN UP,1,E01005758,0,-1
2023010482495,2023,010482495,2,9,9,99,99,9,9,99,99,9,9,99,9,99,9,9,6,6,3,-1,-1,999,1,4,VOLKSWAGEN UP,-1,-1,0,-1
2023501286754,2023,501286754,2,9,0,18,19,1,5,0,0,1,1,0,0,0,1,1,1,1,2,25,5,999,1,6,VOLKSWAGEN UP,8,E01029220,0,-1
2023451372106,2023,451372106,1,9,0,9,9,1,7,0,0,1,0,0,0,0,1,1,5,6,2,84,11,999,1,8,VOLKSWAGEN UP,9,E01030639,0,-1
2023031338068,2023,031338068,1,9,0,18,19,1,1,0,0,1,0,10,0,0,4,1,5,6,2,74,10,999,1,8,VOLKSWAGEN UP,9,E01019361,0,-1
2023221375182,2023,221375182,1,9,0,9,9,7,5,0,0,5,0,0,0,0,4,1,6,6,2,39,7,999,1,8,VOLKSWAGEN UP,4,E01014044,0,-1
2023131294138,2023,131294138,2,9,0,18,19,4,8,0,0,0,0,0,0,0,1,1,5,6,2,46,8,999,1,10,VOLKSWAGEN UP,2,E01011760,0,-1
2023451283233,2023,451283233,1,9,0,18,19,8,4,0,0,0,0,0,0,0,3,1,5,6,1,18,4,999,1,10,VOLKSWAGEN UP,10,E01030319,0,-1
2023010476601,2023,010476601,1,9,0,7,7,3,6,2,2,5,0,0,0,0,2,1,6,6,1,26,6,999,1,9,VOLKSWAGEN UP,3,E01003182,0,-1
2023991351641,2023,991351641,1,9,0,4,4,3,8,0,0,1,0,0,0,0,1,1,5,6,2,18,4,999,1,4,VOLKSWAGEN UP,9,-1,0,-1
2023451355670,2023,451355670,1,9,0,16,19,2,6,0,0,0,1,0,0,0,1,1,5,6,1,25,5,999,1,9,VOLKSWAGEN UP,10,E01030965,0,-1
2023010466091,2023,010466091,1,9,0,16,19,5,8,0,0,8,0,0,0,0,1,1,6,6,2,50,8,999,1,10,VOLKSWAGEN UP,9,E01004490,0,-1
2023111263508,2023,111263508,3,9,0,9,9,3,1,0,0,1,0,0,1,0,1,1,5,6,2,52,8,999,1,11,VOLKSWAGEN UP,2,E01012357,0,-1
2023440270466,2023,440270466,2,9,0,2,2,0,0,0,0,0,0,0,1,11,2,1,6,6,1,-1,-1,999,1,9,VOLKSWAGEN UP,-1,-1,0,-1
2023411314994,2023,411314994,2,9,0,18,19,8,4,0,0,0,0,0,0,0,1,1,6,6,1,24,5,999,1,9,VOLKSWAGEN UP,10,E01023368,0,-1
2023451311497,2023,451311497,3,9,0,18,19,6,2,0,0,0,0,0,0,0,1,1,2,2,2,35,6,999,1,9,VOLKSWAGEN UP,7,E01030865,0,-1
2023461389369,2023,461389369,1,9,0,12,12,3,3,0,0,0,5,0,1,0,3,1,6,6,2,22,5,999,1,6,VOLKSWAGEN UP,7,E01024375,0,-1
2023161376872,2023,161376872,1,9,0,18,19,4,8,0,0,2,0,12,0,0,1,1,5,6,2,81,11,999,1,9,VOLKSWAGEN UP,6,E01012933,0,-1