collision_index,collision_year,collision_ref_no,vehicle_reference,vehicle_type,towing_and_articulation,vehicle_manoeuvre_historic,vehicle_manoeuvre,vehicle_direction_from,vehicle_direction_to,vehicle_location_restricted_lane_historic,vehicle_location_restricted_lane,junction_location,skidding_and_overturning,hit_object_in_carriageway,vehicle_leaving_carriageway,hit_object_off_carriageway,first_point_of_impact,vehicle_left_hand_drive,journey_purpose_of_driver_historic,journey_purpose_of_driver,sex_of_driver,age_of_driver,age_band_of_driver,engine_capacity_cc,propulsion_code,age_of_vehicle,generic_make_model,driver_imd_decile,lsoa_of_driver,escooter_flag,driver_distance_banding
2023302300745,2023,302300745,1,9,0,18,19,1,4,0,0,1,0,0,1,1,1,1,6,6,1,32,6,1984,1,11,AUDI TTS,8,E01013575,0,-1
2023440287624,2023,440287624,1,9,0,18,19,8,4,0,0,8,0,0,0,0,4,1,6,6,2,35,6,1984,1,8,AUDI TTS,10,E01022729,0,-1
2023471388984,2023,471388984,2,9,0,10,10,4,2,0,0,8,0,0,0,0,3,1,1,1,1,63,9,1984,1,13,AUDI TTS,8,E01021197,0,-1
2023031288222,2023,031288222,1,9,0,18,19,7,5,0,0,0,0,4,0,0,3,1,5,6,2,42,7,1968,2,10,AUDI TTS,-1,-1,0,-1
2023201390931,2023,201390931,2,9,0,18,19,5,1,0,0,0,0,0,0,0,2,1,6,6,2,21,5,1798,1,10,AUDI TTS,1,E01009404,0,-1
2023991284592,2023,991284592,1,9,0,16,19,7,2,0,0,1,0,0,0,0,1,1,5,6,2,47,8,1984,1,7,AUDI TTS,7,-1,0,-1
2023010462378,2023,010462378,3,9,0,8,8,7,2,0,0,1,0,0,0,0,1,1,6,6,2,45,7,1968,2,7,AUDI TTS,4,E01002244,0,-1
2023991297034,2023,991297034,1,9,0,16,19,6,8,0,0,0,0,0,0,0,1,1,6,6,1,31,6,1984,1,11,AUDI TTS,9,-1,0,-1
2023141367827,2023,141367827,2,9,0,9,9,3,8,0,0,1,0,0,0,0,3,1,5,6,1,53,8,1984,1,8,AUDI TTS,6,E01007725,0,-1
2023361345512,2023,361345512,1,9,0,18,19,4,8,0,0,1,0,0,0,0,1,1,5,6,2,34,6,1984,1,7,AUDI TTS,2,E01026844,0,-1
2023201373835,2023,201373835,1,9,0,18,19,5,2,0,0,8,0,0,0,0,4,1,5,6,1,49,8,1798,1,6,AUDI TTS,3,E01009237,0,-1
2023451269294,2023,451269294,2,9,0,4,4,1,5,0,0,0,0,0,0,0,2,1,5,6,1,52,8,1798,1,11,AUDI TTS,10,E01030931,0,-1
2023451350876,2023,451350876,2,9,0,5,5,7,5,0,0,8,0,0,4,0,4,1,5,6,2,42,7,1984,1,1,AUDI TTS,7,E01017527,0,-1
2023421326122,2023,421326122,2,9,0,3,3,7,3,0,0,1,0,0,0,0,2,1,5,6,1,53,8,1984,1,12,AUDI TTS,9,E01021517,0,-1
2023451276187,2023,451276187,1,9,0,3,3,5,1,0,0,1,0,0,0,0,2,1,3,7,1,21,5,1984,1,3,AUDI TTS,3,E01022811,0,-1
2023411278908,2023,411278908,2,9,0,3,3,-1,-1,0,0,2,0,0,-1,0,2,1,2,2,1,63,9,1984,1,3,AUDI TTS,8,E01023548,0,-1
2023201303878,2023,201303878,2,9,0,9,9,6,4,0,0,1,0,0,0,0,1,1,6,6,1,43,7,1984,1,8,AUDI TTS,3,E01009264,0,-1
2023522400493,2023,522400493,1,9,0,9,9,7,5,0,0,6,0,0,0,0,1,1,6,6,1,50,8,1984,1,4,AUDI TTS,6,E01014989,0,-1
2023320568271,2023,320568271,1,9,0,9,9,7,5,0,0,0,1,0,0,6,4,2,2,2,2,41,7,1984,1,4,AUDI TTS,-1,-1,0,-1
2023401353623,2023,401353623,1,9,0,3,3,5,1,0,0,0,0,0,0,0,1,1,5,6,2,28,6,1984,1,7,AUDI TTS,3,E01015788,0,-1
2023401328202,2023,401328202,4,9,0,2,2,0,0,0,0,0,0,4,0,0,1,1,6,6,3,-1,-1,1984,1,8,AUDI TTS,-1,-1,0,-1
2023461350017,2023,461350017,2,9,0,3,3,0,0,0,0,1,0,0,0,0,4,1,6,6,2,34,6,1984,1,11,AUDI TTS,6,E01024285,0,-1
2023010449057,2023,010449057,1,9,0,99,99,9,9,99,99,9,9,99,9,99,9,9,6,6,1,54,8,1984,1,13,AUDI TTS,1,E01001155,0,-1
2023010488214,2023,010488214,1,9,0,18,19,7,3,0,0,8,0,0,0,0,2,1,6,6,1,33,6,1984,1,7,AUDI TTS,6,E01000262,0,-1
2023201291555,2023,201291555,1,9,0,18,19,8,4,0,0,8,0,0,0,0,1,1,2,2,2,38,7,1968,2,12,AUDI TTS,2,E01010279,0,-1
2023531353169,2023,531353169,1,9,0,9,9,5,1,0,0,5,0,0,0,0,4,1,2,2,2,34,6,1968,2,7,AUDI TTS,2,E01022238,0,-1
2023010443512,2023,010443512,1,9,0,99,99,9,9,99,99,0,9,99,9,99,2,9,2,2,1,32,6,1984,1,4,AUDI TTS,3,E01002568,0,-1
2023351347471,2023,351347471,3,9,0,4,4,7,3,0,0,0,0,0,0,0,1,1,5,6,1,44,7,1968,2,12,AUDI TTS,5,E01028447,0,-1
2023231314033,2023,231314033,2,9,0,5,5,5,1,0,0,4,0,0,0,0,4,1,5,6,2,25,5,1798,1,6,AUDI TTS,8,E01025792,0,-1
2023401268411,2023,401268411,1,9,0,12,12,4,8,0,0,0,1,0,0,0,1,1,6,6,1,26,6,1984,1,7,AUDI TTS,9,E01017551,0,-1
2023221351957,2023,221351957,1,9,0,16,19,5,1,0,0,0,0,0,0,0,1,1,5,6,1,22,5,1984,1,7,AUDI TTS,2,E01010025,0,-1
2023010458829,2023,010458829,2,9,9,99,99,9,9,99,99,1,9,99,9,99,9,9,6,6,1,-1,-1,1984,1,8,AUDI TTS,-1,-1,0,-1
2023010428188,2023,010428188,1,9,0,99,99,9,9,99,99,9,9,99,9,99,2,9,6,6,2,34,6,1984,1,7,AUDI TTS,4,E01033725,0,-1
2023010432615,2023,010432615,1,9,0,9,9,3,1,0,0,2,0,0,0,0,3,1,6,6,2,59,9,1984,1,7,AUDI TTS,8,E01000672,0,-1
2023451312068,2023,451312068,2,9,0,-1,-1,-1,-1,-1,-1,-1,-1,-1,-1,0,-1,1,6,6,1,45,7,1968,2,12,AUDI TTS,10,E01030753,0,-1
2023501332364,2023,501332364,2,9,0,2,2,0,0,9,9,0,0,0,0,0,3,1,6,6,3,-1,-1,1968,2,13,AUDI TTS,-1,-1,0,-1
2023991280365,2023,991280365,2,9,0,9,9,1,7,0,0,8,0,0,0,0,0,1,2,2,2,28,6,1968,2,11,AUDI TTS,7,-1,0,-1
2023070951794,2023,070951794,2,9,0,5,5,7,3,0,0,0,0,0,0,0,1,1,6,6,1,33,6,1968,2,8,AUDI TTS,2,E01018564,0,-1
2023041379171,2023,041379171,2,9,0,18,19,1,5,0,0,4,0,0,0,0,1,1,5,6,1,59,9,1968,2,12,AUDI TTS,1,E01025583,0,-1
2023544685723,2023,544685723,2,9,0,4,4,5,1,0,0,4,0,0,0,0,2,1,6,6,2,32,6,1984,1,11,AUDI TTS,7,E01031865,0,-1
2023351284845,2023,351284845,1,9,0,18,19,3,7,0,0,3,0,0,0,0,1,1,1,1,1,-1,-1,1968,2,14,AUDI TTS,5,E01018102,0,-1
2023010457811,2023,010457811,2,9,0,5,5,3,7,0,0,8,0,0,0,0,1,1,6,6,1,32,6,1984,1,8,AUDI TTS,-1,-1,0,-1
2023010438088,2023,010438088,2,9,0,18,19,1,5,0,0,1,0,0,0,0,1,1,6,6,2,32,6,1984,1,8,AUDI TTS,4,E01003186,0,-1
2023161375501,2023,161375501,2,9,0,18,19,7,3,0,0,8,0,0,0,0,1,1,6,6,2,22,5,1968,2,9,AUDI TTS,2,E01013284,0,-1
2023340WN0772,2023,340WN0772,1,9,0,17,19,2,6,0,0,0,0,0,1,11,1,1,6,6,2,35,6,1984,1,7,AUDI TTS,2,E01027227,0,-1
2023010466012,2023,010466012,1,9,0,5,5,3,7,0,0,1,0,0,0,0,1,1,2,2,2,46,8,1984,1,3,AUDI TTS,5,E01001232,0,-1
2023010461303,2023,010461303,2,9,0,18,19,1,5,0,0,0,0,0,0,0,3,1,6,6,1,23,5,1984,1,13,AUDI TTS,-1,-1,0,-1
2023471289220,2023,471289220,1,9,0,4,4,3,7,0,0,0,0,0,0,0,1,1,5,6,2,38,7,1984,1,8,AUDI TTS,6,E01020960,0,-1
2023221330638,2023,221330638,2,9,0,18,19,5,1,0,0,2,0,0,1,0,1,1,5,6,2,56,9,1968,2,12,AUDI TTS,6,E01028878,0,-1
2023201323201,2023,201323201,2,9,0,18,19,5,1,0,0,4,0,0,0,0,1,1,6,6,1,37,7,1984,1,4,AUDI TTS,5,E01009939,0,-1
2023010419397,2023,010419397,1,9,0,17,19,6,2,0,0,2,0,0,0,0,1,1,2,2,2,54,8,1984,1,13,AUDI TTS,6,E01000329,0,-1
2023451263773,2023,451263773,1,9,0,18,19,2,6,0,0,0,0,0,0,0,1,1,2,2,1,20,4,1984,1,13,AUDI TTS,6,E01003394,0,-1
2023991384543,2023,991384543,1,9,0,2,2,0,0,0,0,0,0,0,0,0,4,1,5,6,2,20,4,1984,1,7,AUDI TTS,5,-1,0,-1
2023552300889,2023,552300889,2,9,0,18,19,8,4,0,0,8,0,0,0,0,1,1,6,6,1,34,6,1968,2,7,AUDI TTS,1,E01015309,0,-1
2023010466517,2023,010466517,1,9,0,18,19,1,5,9,9,8,1,10,1,11,1,1,6,6,1,23,5,1984,1,3,AUDI TTS,7,E01024405,0,-1
2023131311890,2023,131311890,2,9,0,2,2,3,7,0,0,0,0,0,0,0,3,1,5,6,2,28,6,1984,1,2,AUDI TTS,7,E01005856,0,-1
2023471392152,2023,471392152,2,9,0,18,19,7,3,0,0,1,0,0,0,0,1,1,5,6,1,26,6,1984,1,8,AUDI TTS,5,E01031577,0,-1
2023111274509,2023,111274509,1,9,0,18,19,5,1,0,0,0,0,0,0,0,1,1,2,2,1,49,8,1984,1,4,AUDI TTS,6,E01020794,0,-1
2023201409349,2023,201409349,1,9,0,18,19,8,3,0,0,8,1,0,0,0,1,1,6,6,1,53,8,1984,1,12,AUDI TTS,1,E01009957,0,-1
2023520400564,2023,520400564,1,9,0,8,8,7,8,0,0,4,0,0,0,0,3,1,6,6,2,42,7,1968,2,13,AUDI TTS,5,E01029051,0,-1
2023522300708,2023,522300708,1,9,0,18,19,5,1,0,0,0,0,0,0,0,1,1,6,6,1,30,6,1968,2,7,AUDI TTS,9,E01032674,0,-1
2023010482942,2023,010482942,1,9,0,99,99,9,9,99,99,9,9,99,9,99,9,9,6,6,1,27,6,1984,1,8,AUDI TTS,2,E01002002,0,-1
2023010420088,2023,010420088,1,9,0,18,19,1,5,0,0,2,0,0,0,0,1,1,6,6,1,41,7,1984,1,4,AUDI TTS,8,E01003674,0,-1
2023201415136,2023,201415136,2,9,0,18,19,6,2,0,0,8,0,7,7,11,1,1,6,6,2,55,8,1984,1,3,AUDI TTS,-1,-1,0,-1
2023421277247,2023,421277247,2,9,0,15,15,6,2,0,0,0,0,0,0,0,1,1,6,6,1,20,4,1984,1,8,AUDI TTS,6,E01021343,0,-1
2023351310681,2023,351310681,1,9,0,4,4,4,8,0,0,1,0,0,0,0,1,1,5,6,1,58,9,1984,1,3,AUDI TTS,8,E01018003,0,-1
2023411337488,2023,411337488,1,9,0,18,19,1,5,0,0,0,0,0,0,0,1,1,5,6,1,68,10,1984,1,6,AUDI TTS,10,E01023364,0,-1
2023010454939,2023,010454939,2,9,0,18,19,1,5,0,0,1,0,4,0,0,2,1,2,2,2,44,7,1798,1,9,AUDI TTS,1,E01000528,0,-1
2023010464853,2023,010464853,2,9,0,18,19,5,1,0,0,8,0,0,0,0,4,1,6,6,2,25,5,1798,1,5,AUDI TTS,9,E01023849,0,-1
2023421355401,2023,421355401,2,9,0,18,19,5,1,0,0,0,0,0,0,0,1,1,2,2,1,34,6,1968,2,13,AUDI TTS,6,E01021348,0,-1
2023010481500,2023,010481500,2,9,0,99,99,9,9,99,99,9,9,99,9,99,2,9,6,6,2,57,9,1984,1,7,AUDI TTS,4,E01015888,0,-1
2023302300233,2023,302300233,2,9,0,18,19,8,4,0,0,0,0,0,0,0,3,1,6,6,2,24,5,1968,2,7,AUDI TTS,5,E01019534,0,-1
2023010475902,2023,010475902,1,9,0,14,14,1,5,0,0,1,0,0,0,0,1,1,6,6,1,33,6,1798,1,6,AUDI TTS,5,E01003480,0,-1
2023371311635,2023,371311635,1,9,0,18,19,3,7,0,0,0,0,0,0,0,1,1,2,2,2,37,7,1968,2,14,AUDI TTS,8,E01030145,0,-1
2023332301090,2023,332301090,2,9,0,18,19,4,8,0,0,1,0,0,1,7,1,1,6,6,1,64,9,1984,1,7,AUDI TTS,6,E01025939,0,-1
2023471355956,2023,471355956,1,9,0,9,9,4,2,0,0,1,0,0,0,0,3,1,2,2,2,25,5,1984,1,4,AUDI TTS,-1,-1,0,-1
2023610007123,2023,610007123,2,9,0,18,19,3,7,0,0,0,0,0,0,0,1,1,6,6,2,26,6,1798,1,5,AUDI TTS,6,W01001511,0,-1
2023201311286,2023,201311286,2,9,0,18,19,1,5,0,0,1,0,0,0,0,4,1,2,2,2,49,8,1984,1,1,AUDI TTS,8,E01029652,0,-1
2023991280434,2023,991280434,1,9,0,18,19,1,5,0,0,6,0,0,3,0,1,1,6,6,1,50,8,1968,2,11,AUDI TTS,1,-1,0,-1
2023471337138,2023,471337138,2,9,0,7,7,8,2,0,0,1,0,0,0,0,4,1,6,6,2,59,9,1984,1,7,AUDI TTS,8,E01021214,0,-1
2023122300722,2023,122300722,1,9,0,9,9,1,7,0,0,8,0,0,0,0,2,1,6,6,1,20,4,1798,1,9,AUDI TTS,4,E01027803,0,-1
2023010484426,2023,010484426,2,9,0,99,99,9,9,99,99,9,9,99,9,99,9,9,6,6,3,-1,-1,1984,1,2,AUDI TTS,-1,-1,0,-1
2023340NN0902,2023,340NN0902,1,9,0,9,9,3,8,0,0,6,0,0,0,0,3,1,2,2,1,53,8,1984,1,3,AUDI TTS,9,E01025778,0,-1
2023430404062,2023,430404062,1,9,0,5,5,2,6,0,0,6,0,0,0,0,3,1,6,6,1,37,7,1798,1,5,AUDI TTS,10,E01017882,0,-1
2023401301638,2023,401301638,2,9,0,3,3,6,2,0,0,0,0,0,0,0,2,1,5,6,2,26,6,1984,1,8,AUDI TTS,4,E01015804,0,-1
2023471277986,2023,471277986,1,9,0,18,19,5,1,9,9,0,0,0,1,2,1,1,6,6,2,52,8,1798,1,5,AUDI TTS,8,E01016958,0,-1
2023440361468,2023,440361468,1,9,0,18,19,2,6,0,0,0,5,4,0,0,1,1,6,6,1,40,7,1984,1,12,AUDI TTS,1,E01017120,0,-1
2023451370836,2023,451370836,2,9,0,18,19,4,8,0,0,2,0,0,0,0,1,1,5,6,1,62,9,1968,2,13,AUDI TTS,10,E01030543,0,-1
2023991293401,2023,991293401,1,9,0,9,9,8,6,0,0,1,0,0,0,0,1,1,5,6,2,30,6,1984,1,8,AUDI TTS,2,-1,0,-1
2023201377775,2023,201377775,3,9,0,9,9,6,4,0,0,5,0,0,0,0,0,1,1,1,1,44,7,1984,1,6,AUDI TTS,6,E01010135,0,-1
2023010422346,2023,010422346,2,9,0,4,4,3,7,0,0,3,0,0,0,0,1,1,6,6,1,38,7,1984,1,14,AUDI TTS,5,E01001086,0,-1
2023211362693,2023,211362693,3,9,0,18,19,1,5,0,0,0,0,0,0,0,1,1,1,1,1,46,8,1798,1,9,AUDI TTS,7,E01006225,0,-1
2023201316178,2023,201316178,2,9,0,9,9,8,6,0,0,5,0,0,0,0,1,1,6,6,1,32,6,4398,1,19,BMW 6 SERIES,1,E01009363,0,-1
2023010468485,2023,010468485,1,9,0,15,15,6,2,0,0,1,0,0,0,0,0,1,6,6,1,35,6,2996,1,17,BMW 6 SERIES,3,E01000922,0,-1
2023471338662,2023,471338662,1,9,0,12,12,8,4,0,0,3,0,0,5,6,1,1,5,6,1,43,7,3430,1,37,BMW 6 SERIES,1,E01031404,0,-1
2023991269272,2023,991269272,2,9,0,18,19,2,6,0,0,0,0,0,0,0,1,1,5,6,1,56,9,2993,2,13,BMW 6 SERIES,8,-1,0,-1
2023440301138,2023,440301138,1,9,0,4,4,6,2,0,0,1,0,0,0,0,1,1,1,1,1,-1,-1,4799,1,18,BMW 6 SERIES,8,E01017215,0,-1
2023211304504,2023,211304504,1,9,0,16,19,2,6,0,0,0,0,0,0,0,1,1,5,6,1,39,7,2993,2,10,BMW 6 SERIES,9,E01010220,0,-1
2023141267522,2023,141267522,2,9,0,18,19,2,6,0,0,4,0,0,0,0,1,1,6,6,2,41,7,4398,1,18,BMW 6 SERIES,4,E01007436,0,-1
2023401380008,2023,401380008,1,9,0,4,4,-1,-1,0,0,0,0,0,0,0,2,1,2,2,1,58,9,2996,1,18,BMW 6 SERIES,8,E01017410,0,-1
2023501315038,2023,501315038,1,9,0,6,6,2,6,0,0,0,0,0,0,0,4,1,5,6,1,68,10,4395,1,7,BMW 6 SERIES,2,E01033353,0,-1
2023440196281,2023,440196281,2,9,0,13,13,6,2,0,0,0,0,0,4,9,1,1,1,1,1,33,6,2996,1,16,BMW 6 SERIES,9,E01023148,0,-1
2023010441732,2023,010441732,2,9,0,18,19,5,1,0,0,1,0,0,0,0,1,1,6,6,3,-1,-1,2993,2,6,BMW 6 SERIES,-1,-1,0,-1
2023010420068,2023,010420068,4,9,0,2,2,0,0,0,0,2,0,0,0,0,2,1,6,6,3,-1,-1,2993,2,8,BMW 6 SERIES,-1,-1,0,-1
2023061376224,2023,061376224,1,9,0,5,5,1,5,0,0,0,0,0,0,0,1,1,1,1,1,28,6,2993,2,10,BMW 6 SERIES,7,E01004781,0,-1
2023031392576,2023,031392576,2,9,0,2,2,1,5,6,6,0,0,0,1,0,1,1,5,6,1,37,7,2993,2,5,BMW 6 SERIES,5,-1,0,-1
2023041344383,2023,041344383,2,9,0,2,2,0,0,0,0,0,0,0,0,0,1,2,6,6,3,-1,-1,2996,1,18,BMW 6 SERIES,-1,-1,0,-1
2023501261462,2023,501261462,2,9,0,3,3,3,7,0,0,0,0,0,0,0,2,1,6,6,1,39,7,2993,2,6,BMW 6 SERIES,2,E01020016,0,-1
2023211332519,2023,211332519,1,9,0,3,3,5,4,0,0,0,0,0,0,0,2,1,2,2,2,39,7,2993,2,7,BMW 6 SERIES,9,E01013432,0,-1
2023010484479,2023,010484479,1,9,0,18,19,3,7,0,0,1,0,0,0,0,1,1,6,6,1,52,8,4398,1,19,BMW 6 SERIES,5,E01003756,0,-1
2023010476579,2023,010476579,2,9,0,5,5,5,1,0,0,1,0,0,0,0,3,1,6,6,1,48,8,2993,2,10,BMW 6 SERIES,4,E01001975,0,-1
2023010428085,2023,010428085,1,9,0,16,19,2,6,0,0,0,1,0,7,2,1,1,6,6,1,38,7,4398,1,19,BMW 6 SERIES,3,E01002120,0,-1
2023010448777,2023,010448777,1,9,0,2,2,0,0,99,99,9,9,99,9,99,3,9,6,6,1,64,9,2996,1,18,BMW 6 SERIES,-1,-1,0,-1
2023471358304,2023,471358304,1,9,0,9,9,5,2,0,0,0,5,10,0,0,1,1,5,6,1,34,6,2993,2,11,BMW 6 SERIES,9,E01031563,0,-1
2023302300945,2023,302300945,1,9,0,11,11,4,8,0,0,0,1,0,4,6,1,1,6,6,2,30,6,2993,2,7,BMW 6 SERIES,4,E01013964,0,-1
2023010476414,2023,010476414,2,9,0,99,99,9,9,99,99,9,9,99,9,99,2,9,6,6,3,-1,-1,1998,1,5,BMW 6 SERIES,-1,-1,0,-1
2023010444287,2023,010444287,1,9,0,7,7,5,6,4,4,1,0,0,0,0,1,1,6,6,3,-1,-1,2993,2,6,BMW 6 SERIES,-1,-1,0,-1
2023010429653,2023,010429653,2,9,0,99,99,9,9,99,99,9,9,99,9,99,1,9,6,6,3,-1,-1,2993,2,7,BMW 6 SERIES,4,E01003453,0,-1
2023552301145,2023,552301145,1,9,0,18,19,6,2,0,0,8,0,0,0,0,1,1,6,6,3,-1,-1,2993,2,9,BMW 6 SERIES,-1,-1,0,-1
2023010434162,2023,010434162,2,9,0,99,99,9,9,99,99,9,9,99,9,99,1,9,6,6,3,-1,-1,2993,2,11,BMW 6 SERIES,-1,-1,0,-1
2023461386686,2023,461386686,2,9,0,18,19,7,3,0,0,0,0,0,0,0,1,1,5,6,1,31,6,2993,2,11,BMW 6 SERIES,6,E01032798,0,-1
2023421341761,2023,421341761,1,9,0,18,19,7,3,0,0,0,0,11,0,0,1,1,6,6,1,32,6,4398,1,19,BMW 6 SERIES,-1,-1,0,-1
2023351306227,2023,351306227,2,9,0,18,19,3,7,0,0,0,0,0,0,0,1,1,5,6,1,-1,-1,2993,2,15,BMW 6 SERIES,5,E01018157,0,-1
2023010450056,2023,010450056,2,9,0,18,19,5,1,0,0,1,0,0,0,0,1,1,6,6,1,33,6,4799,1,14,BMW 6 SERIES,9,E01002518,0,-1
2023411291602,2023,411291602,3,9,-1,-1,-1,-1,-1,-1,-1,0,-1,-1,-1,0,-1,1,6,6,3,-1,-1,2996,1,14,BMW 6 SERIES,-1,-1,0,-1
2023010484794,2023,010484794,1,9,0,99,99,9,9,99,99,9,9,99,9,99,2,9,2,2,1,46,8,2996,1,18,BMW 6 SERIES,3,E01000062,0,-1
2023010463500,2023,010463500,2,9,0,4,4,1,5,0,0,1,0,0,0,0,1,1,6,6,1,51,8,4395,1,9,BMW 6 SERIES,2,E01004385,0,-1
2023411330622,2023,411330622,2,9,0,17,19,1,5,0,0,0,0,0,0,0,3,1,5,6,1,76,11,3430,1,35,BMW 6 SERIES,9,E01023854,0,-1
2023010423994,2023,010423994,2,9,0,99,99,9,9,99,99,0,9,99,9,99,1,9,6,6,3,-1,-1,2993,2,15,BMW 6 SERIES,-1,-1,0,-1
2023501387119,2023,501387119,1,9,0,9,9,3,8,0,0,6,0,0,0,0,3,1,6,6,1,65,9,2993,2,6,BMW 6 SERIES,4,E01018926,0,-1
2023010424078,2023,010424078,1,9,0,15,15,7,3,0,0,1,0,4,0,0,4,1,6,6,1,30,6,2996,1,18,BMW 6 SERIES,3,E01003571,0,-1
2023061300887,2023,061300887,1,9,0,7,7,2,1,0,0,0,1,4,6,11,1,2,6,6,1,36,7,2996,1,17,BMW 6 SERIES,-1,-1,0,-1
2023010445123,2023,010445123,2,9,0,13,13,6,2,0,0,0,0,0,0,0,0,1,6,6,1,34,6,2996,1,15,BMW 6 SERIES,2,E01000033,0,-1
2023010441860,2023,010441860,1,9,0,7,7,5,8,0,0,5,0,0,0,0,4,1,6,6,1,36,7,2979,1,18,BMW 6 SERIES,3,E01001089,0,-1
2023430470889,2023,430470889,1,9,0,16,19,1,4,0,0,0,1,0,1,0,1,1,6,6,1,49,8,2996,1,18,BMW 6 SERIES,10,E01016586,0,-1
2023041379579,2023,041379579,1,9,0,18,19,3,7,0,0,4,0,0,1,0,4,1,6,6,3,-1,-1,2993,2,13,BMW 6 SERIES,-1,-1,0,-1
2023111394240,2023,111394240,1,9,0,18,19,3,7,0,0,8,0,0,0,0,1,1,6,6,1,48,8,2993,2,7,BMW 6 SERIES,2,E01020897,0,-1
2023421356512,2023,421356512,2,9,0,4,4,3,7,0,0,0,0,1,0,0,2,1,2,2,1,40,7,2993,2,8,BMW 6 SERIES,6,E01001522,0,-1
202354B373023,2023,54B373023,2,9,0,18,19,8,3,0,0,0,0,0,0,0,1,1,1,1,1,64,9,2993,2,7,BMW 6 SERIES,5,E01032054,0,-1
2023010466527,2023,010466527,2,9,0,13,13,3,7,0,0,8,1,0,1,0,1,1,6,6,3,33,6,2996,1,18,BMW 6 SERIES,-1,-1,0,-1
2023010472033,2023,010472033,2,9,0,2,2,0,0,6,6,1,0,0,0,0,4,1,6,6,3,-1,-1,1995,2,4,BMW 6 SERIES,-1,-1,0,-1
2023421274694,2023,421274694,2,9,0,17,19,7,4,0,0,1,0,0,0,0,1,1,2,2,1,62,9,2996,1,16,BMW 6 SERIES,1,E01001840,0,-1
2023471281056,2023,471281056,1,9,0,18,19,7,4,0,0,0,5,10,0,0,1,1,6,6,1,28,6,2993,2,10,BMW 6 SERIES,5,E01031750,0,-1
2023101288745,2023,101288745,1,9,0,3,3,1,5,0,0,0,0,0,0,0,1,1,1,1,1,36,7,2993,2,10,BMW 6 SERIES,-1,-1,0,-1
2023131307161,2023,131307161,1,9,0,11,11,3,7,0,0,1,5,11,0,0,1,1,6,6,1,42,7,2993,2,8,BMW 6 SERIES,1,E01011348,0,-1
2023991317140,2023,991317140,2,9,0,4,4,1,6,0,0,4,0,0,0,0,1,1,6,6,1,24,5,4398,1,18,BMW 6 SERIES,-1,-1,0,-1
2023302301929,2023,302301929,1,9,0,18,19,3,7,0,0,0,0,0,0,0,4,1,6,6,1,72,10,1998,1,5,BMW 6 SERIES,8,E01019493,0,-1
2023231349451,2023,231349451,1,9,0,18,19,5,1,0,0,8,1,0,0,0,1,1,6,6,1,61,9,2996,1,18,BMW 6 SERIES,6,E01027234,0,-1
2023501367183,2023,501367183,1,9,0,2,2,3,7,0,0,0,0,0,0,0,4,1,6,6,1,49,8,1995,2,4,BMW 6 SERIES,4,E01019043,0,-1
2023201372458,2023,201372458,2,9,0,10,10,8,5,0,0,8,0,0,0,0,1,1,1,1,2,33,6,2993,2,8,BMW 6 SERIES,9,E01029523,0,-1
2023010481189,2023,010481189,1,9,0,9,9,7,5,0,0,2,0,0,0,0,1,1,6,6,1,36,7,2993,2,10,BMW 6 SERIES,2,E01000998,0,-1
2023010458734,2023,010458734,1,9,0,99,99,9,9,99,99,9,9,99,9,99,9,9,6,6,2,56,9,2998,1,5,BMW 6 SERIES,10,E01021751,0,-1
2023052300678,2023,052300678,1,9,0,18,19,8,4,0,0,0,0,0,0,0,1,1,6,6,1,58,9,2993,2,16,BMW 6 SERIES,8,E01006651,0,-1
2023061325924,2023,061325924,1,9,0,4,4,3,7,0,0,0,0,0,0,0,2,1,3,7,1,38,7,2993,2,15,BMW 6 SERIES,6,E01004998,0,-1
2023201413432,2023,201413432,1,9,0,7,7,8,7,0,0,5,0,0,0,0,3,1,6,6,2,26,6,2993,2,5,BMW 6 SERIES,2,E01009596,0,-1
2023010450086,2023,010450086,1,9,0,5,5,0,1,0,0,8,0,0,0,0,3,1,1,1,1,62,9,2996,1,17,BMW 6 SERIES,5,E01003276,0,-1
2023231381980,2023,231381980,2,9,0,18,19,6,2,0,0,0,0,0,0,0,0,1,2,2,1,46,8,2993,2,4,BMW 6 SERIES,10,E01031278,0,-1
2023010450780,2023,010450780,1,9,0,9,9,1,6,0,0,6,0,0,0,0,1,1,6,6,1,36,7,4398,1,19,BMW 6 SERIES,3,E01003533,0,-1
2023010455980,2023,010455980,2,9,0,4,4,1,5,0,0,0,0,0,0,0,2,1,6,6,1,44,7,2996,1,17,BMW 6 SERIES,2,E01000028,0,-1
2023461321146,2023,461321146,2,9,0,18,19,3,8,0,0,0,0,0,0,0,3,1,6,6,1,28,6,2993,2,7,BMW 6 SERIES,4,E01002346,0,-1
2023070049813,2023,070049813,1,9,0,18,19,2,6,0,0,1,0,0,0,0,1,1,6,6,1,23,5,2979,1,7,BMW 6 SERIES,4,E01012504,0,-1
2023440338206,2023,440338206,2,9,0,5,5,3,7,0,0,1,0,0,0,0,1,1,6,6,1,28,6,2993,2,13,BMW 6 SERIES,9,E01022998,0,-1
202360A112469,2023,60A112469,2,9,0,4,4,6,2,0,0,0,1,0,0,0,1,1,6,6,1,42,7,2993,2,15,BMW 6 SERIES,-1,-1,0,-1
2023520400439,2023,520400439,2,9,0,9,9,8,5,0,0,8,0,0,0,0,2,1,6,6,1,52,8,2998,1,4,BMW 6 SERIES,8,E01021760,0,-1