collision_index,collision_year,collision_ref_no,vehicle_reference,vehicle_type,towing_and_articulation,vehicle_manoeuvre_historic,vehicle_manoeuvre,vehicle_direction_from,vehicle_direction_to,vehicle_location_restricted_lane_historic,vehicle_location_restricted_lane,junction_location,skidding_and_overturning,hit_object_in_carriageway,vehicle_leaving_carriageway,hit_object_off_carriageway,first_point_of_impact,vehicle_left_hand_drive,journey_purpose_of_driver_historic,journey_purpose_of_driver,sex_of_driver,age_of_driver,age_band_of_driver,engine_capacity_cc,propulsion_code,age_of_vehicle,generic_make_model,driver_imd_decile,lsoa_of_driver,escooter_flag,driver_distance_banding
2023430540681,2023,430540681,2,9,0,2,2,0,0,0,0,0,0,0,0,0,2,1,6,6,3,-1,-1,2993,2,10,BMW 6 SERIES,-1,-1,0,-1
2023371425836,2023,371425836,1,9,0,18,19,6,2,0,0,8,0,0,0,0,1,1,6,6,2,42,7,1995,2,4,BMW 6 SERIES,3,E01029985,0,-1
2023041319590,2023,041319590,1,9,0,9,9,1,3,0,0,0,0,0,0,0,4,1,6,6,2,18,4,2998,1,4,BMW 6 SERIES,10,E01025510,0,-1
2023332301220,2023,332301220,1,9,0,18,19,2,6,0,0,1,0,0,0,0,1,1,6,6,1,-1,-1,3000,2,14,BMW 6 SERIES,-1,-1,0,-1
2023010434503,2023,010434503,2,9,0,18,19,5,1,0,0,1,0,0,0,0,1,1,6,6,1,32,6,4398,1,19,BMW 6 SERIES,4,E01001435,0,-1
2023052400041,2023,052400041,2,9,0,18,19,7,3,0,0,8,0,0,0,0,3,1,1,1,1,45,7,2993,2,11,BMW 6 SERIES,2,E01006966,0,-1
2023320635425,2023,320635425,2,19,0,18,19,7,3,0,0,4,0,0,0,0,1,1,2,2,1,32,6,3198,2,8,FORD RANGER,7,E01026267,0,-1
2023471266486,2023,471266486,7,19,0,2,2,0,0,0,0,0,0,0,0,0,1,1,6,6,3,-1,-1,2500,2,18,FORD RANGER,-1,-1,0,-1
2023461352168,2023,461352168,1,19,0,1,1,3,7,0,0,0,0,0,0,0,0,1,6,6,1,49,8,2198,2,7,FORD RANGER,9,E01033474,0,-1
2023471313869,2023,471313869,3,19,0,18,19,1,5,0,0,0,0,0,0,0,1,1,2,2,1,30,6,3198,2,4,FORD RANGER,8,E01031821,0,-1
2023311275300,2023,311275300,1,98,0,18,19,5,1,0,0,0,1,0,0,0,1,1,6,6,1,41,7,1996,2,2,-1,10,E01028181,0,-1
2023421349630,2023,421349630,3,19,0,18,19,1,4,0,0,0,0,0,0,0,3,1,1,1,1,43,7,1996,2,0,FORD RANGER,4,E01029927,0,-1
2023522301364,2023,522301364,1,19,0,18,19,5,1,0,0,8,0,0,0,0,1,1,6,6,1,34,6,1996,2,4,FORD RANGER,6,E01014954,0,-1
2023061303318,2023,061303318,3,19,0,17,19,-1,-1,0,0,0,0,0,0,0,0,1,6,6,3,36,7,3198,2,6,FORD RANGER,6,E01004998,0,-1
2023161352203,2023,161352203,5,19,0,18,19,3,7,0,0,0,0,0,0,0,2,1,1,1,1,48,8,1996,2,0,FORD RANGER,4,E01013303,0,-1
2023141357190,2023,141357190,1,19,0,9,9,7,5,0,0,8,0,0,0,0,3,2,1,1,1,68,10,3198,2,5,FORD RANGER,5,E01033260,0,-1
2023501357448,2023,501357448,1,19,0,9,9,7,5,0,0,8,0,0,0,0,1,1,6,6,1,67,10,2198,2,4,FORD RANGER,8,E01015227,0,-1
2023451265081,2023,451265081,2,19,0,18,19,5,1,0,0,0,1,0,0,0,1,1,6,6,1,55,8,2500,2,19,FORD RANGER,-1,-1,0,-1
2023622301065,2023,622301065,1,19,0,9,9,2,8,0,0,5,0,0,0,0,1,1,6,6,2,35,6,1996,2,0,FORD RANGER,2,W01001885,0,-1
2023430569500,2023,430569500,1,19,0,4,4,8,4,0,0,0,0,0,0,0,1,1,6,6,1,30,6,1996,2,2,FORD RANGER,-1,-1,0,-1
2023471285777,2023,471285777,1,19,0,18,19,5,1,0,0,4,1,10,3,1,1,1,2,2,1,49,8,1996,2,1,FORD RANGER,5,E01030241,0,-1
2023451350441,2023,451350441,3,19,0,4,4,5,1,0,0,0,0,0,0,0,2,1,6,6,1,39,7,1996,2,3,FORD RANGER,-1,-1,0,-1
2023411280916,2023,411280916,1,19,0,18,19,2,6,0,0,0,0,0,0,0,1,1,6,6,1,64,9,1996,2,2,FORD RANGER,4,E01023925,0,-1
2023141391455,2023,141391455,2,19,0,9,9,2,8,0,0,6,0,0,0,0,1,1,1,1,1,64,9,1996,2,1,FORD RANGER,-1,-1,0,-1
2023471302105,2023,471302105,1,19,0,9,9,6,4,0,0,6,0,0,0,0,3,1,1,1,1,57,9,3198,2,4,FORD RANGER,6,E01021021,0,-1
2023991293159,2023,991293159,1,19,4,18,19,4,8,0,0,0,0,0,1,0,1,1,1,1,1,59,9,1996,2,1,FORD RANGER,8,-1,0,-1
2023122301293,2023,122301293,3,19,0,18,19,6,2,0,0,0,0,0,0,0,0,1,6,6,2,44,7,2500,2,15,FORD RANGER,-1,-1,0,-1
2023522301146,2023,522301146,2,20,0,18,19,7,3,0,0,3,0,0,0,0,4,1,6,6,1,35,6,-1,-1,-1,-1,5,E01014861,0,-1
2023010463441,2023,010463441,2,9,0,18,19,3,7,0,0,4,0,0,0,0,0,1,1,1,1,43,7,1995,2,2,-1,-1,-1,0,-1
2023440155233,2023,440155233,2,19,0,18,19,1,5,0,0,0,0,0,0,0,1,1,6,6,1,-1,-1,1996,2,1,FORD RANGER,7,E01023031,0,-1
2023201342113,2023,201342113,2,19,0,9,9,4,2,0,0,6,0,0,0,0,1,1,2,2,1,30,6,2500,2,18,FORD RANGER,2,W01000942,0,-1
2023543282223,2023,543282223,1,19,0,18,19,2,6,0,0,1,0,0,0,0,1,1,6,6,3,-1,-1,2198,2,7,FORD RANGER,-1,-1,0,-1
2023401277517,2023,401277517,1,20,0,18,19,5,1,0,0,0,0,0,0,0,1,1,2,2,1,26,6,-1,-1,-1,-1,1,E01027140,0,-1
2023471365762,2023,471365762,1,19,0,18,19,2,6,0,0,0,0,0,0,0,1,1,6,6,1,54,8,3198,2,6,FORD RANGER,10,E01031682,0,-1
2023520400432,2023,520400432,1,19,0,18,19,6,2,0,0,0,0,0,8,4,3,1,6,6,1,30,6,2500,2,13,FORD RANGER,1,E01029046,0,-1
2023170M20313,2023,170M20313,2,19,0,12,12,7,3,0,0,0,0,0,0,0,3,1,6,6,1,-1,-1,1996,2,3,FORD RANGER,-1,-1,0,-1
2023991288018,2023,991288018,1,98,0,9,9,5,3,0,0,8,0,0,0,0,1,1,5,6,1,32,6,1996,2,1,-1,6,-1,0,-1
2023401391348,2023,401391348,1,19,0,18,19,8,4,0,0,1,0,0,0,0,1,1,2,2,1,76,11,2500,2,15,FORD RANGER,5,E01018179,0,-1
2023501286420,2023,501286420,1,19,0,5,5,6,3,0,0,0,0,0,0,0,1,1,1,1,1,59,9,1996,2,3,FORD RANGER,4,E01015077,0,-1
2023010444093,2023,010444093,1,19,0,99,99,9,9,99,99,9,9,99,9,99,2,9,2,2,1,57,9,3198,2,6,FORD RANGER,2,E01001861,0,-1
2023161349017,2023,161349017,1,19,0,18,19,6,2,0,0,0,0,0,0,0,2,1,6,6,2,49,8,1996,2,1,FORD RANGER,4,E01013076,0,-1
2023010466765,2023,010466765,2,19,9,99,99,9,9,99,99,0,9,99,9,99,1,9,6,6,3,36,7,1996,2,2,FORD RANGER,7,E01023663,0,-1
2023010441489,2023,010441489,2,19,0,4,4,5,1,0,0,5,0,0,0,0,1,1,6,6,1,60,9,1996,2,2,FORD RANGER,6,E01002674,0,-1
2023010443109,2023,010443109,2,19,4,99,99,9,9,99,99,9,9,99,9,99,9,9,6,6,1,42,7,3198,2,4,FORD RANGER,4,E01021296,0,-1
2023522300832,2023,522300832,2,19,0,10,10,6,4,0,0,1,0,0,0,0,2,1,6,6,1,36,7,1996,2,3,FORD RANGER,9,E01014421,0,-1
2023401366886,2023,401366886,2,19,0,4,4,5,1,0,0,0,0,0,0,0,2,1,2,2,1,41,7,3198,2,7,FORD RANGER,10,E01023767,0,-1
2023440012223,2023,440012223,3,20,0,18,19,2,6,0,0,0,2,0,1,9,1,1,2,2,1,34,6,-1,-1,-1,-1,3,E01016475,0,-1
2023430025020,2023,430025020,1,19,5,18,19,4,8,0,0,0,0,0,0,0,1,1,1,1,1,-1,-1,1996,2,1,FORD RANGER,-1,-1,0,-1
2023351390058,2023,351390058,1,19,0,18,19,4,3,0,0,0,0,0,0,0,1,1,1,1,1,54,8,1996,2,2,FORD RANGER,5,E01022008,0,-1
2023531310869,2023,531310869,2,19,0,18,19,1,5,0,0,1,0,0,0,0,1,1,6,6,1,74,10,2198,2,10,FORD RANGER,2,E01022133,0,-1
2023161376342,2023,161376342,1,19,0,9,9,1,5,0,0,5,0,0,0,0,1,2,5,6,1,39,7,1996,2,2,FORD RANGER,7,E01013039,0,-1
2023351345037,2023,351345037,2,19,0,1,1,1,3,0,0,8,0,0,0,0,2,1,1,1,1,45,7,1996,2,1,FORD RANGER,10,E01018259,0,-1
2023501375473,2023,501375473,2,19,4,18,19,4,8,0,0,0,0,0,0,0,3,1,6,6,2,82,11,1996,2,2,FORD RANGER,6,E01015252,0,-1
2023501295413,2023,501295413,1,19,0,16,19,2,5,0,0,0,0,0,0,0,0,1,6,6,1,48,8,1996,2,3,FORD RANGER,5,E01020088,0,-1
2023552300107,2023,552300107,1,19,0,18,19,8,4,0,0,1,0,0,0,0,1,1,6,6,2,38,7,2198,2,7,FORD RANGER,9,E01031995,0,-1
2023231326581,2023,231326581,1,5,0,4,4,2,6,0,0,0,0,0,0,0,0,1,5,6,2,41,7,1131,1,15,-1,8,E01025804,0,-1
2023010429287,2023,010429287,1,9,0,99,99,9,9,99,99,9,9,99,9,99,2,9,6,6,2,31,6,1997,1,6,HONDA CR-V,6,E01023858,0,-1
2023451269105,2023,451269105,1,9,0,8,8,1,3,0,0,0,0,0,0,0,0,1,6,6,1,36,7,1498,1,4,HONDA CR-V,3,E01030547,0,-1
2023440273939,2023,440273939,2,9,0,18,19,7,3,0,0,0,0,0,0,0,1,1,6,6,2,68,10,2204,2,14,HONDA CR-V,6,E01017355,0,-1
2023451323381,2023,451323381,1,9,0,18,19,7,3,0,0,0,0,4,0,0,1,1,5,6,1,67,10,2204,2,18,HONDA CR-V,6,E01002974,0,-1
2023451357402,2023,451357402,2,9,0,16,19,7,3,0,0,0,0,0,0,0,1,1,2,2,1,63,9,1993,8,4,HONDA CR-V,5,E01024427,0,-1
2023221390194,2023,221390194,1,9,0,9,9,6,2,0,0,4,0,0,0,0,1,1,6,6,1,45,7,1997,1,11,HONDA CR-V,5,E01014055,0,-1
2023052301966,2023,052301966,2,9,0,4,4,1,5,0,0,0,0,0,0,0,2,1,6,6,1,66,10,1997,1,8,HONDA CR-V,5,E01006933,0,-1
2023451321979,2023,451321979,3,9,0,18,19,5,1,0,0,0,0,0,0,0,1,1,5,6,1,58,9,2204,2,15,HONDA CR-V,9,E01032626,0,-1
2023010484842,2023,010484842,1,9,0,99,99,9,9,99,99,9,9,99,9,99,9,9,2,2,2,28,6,1998,1,19,HONDA CR-V,5,E01002492,0,-1
2023131374138,2023,131374138,4,9,0,18,19,1,5,0,0,0,0,0,0,0,2,1,5,6,2,43,7,1597,2,8,HONDA CR-V,10,-1,0,-1
2023010442138,2023,010442138,2,9,9,18,19,3,7,0,0,8,0,0,0,0,1,9,6,6,1,23,5,1997,1,15,HONDA CR-V,-1,-1,0,-1
2023361322116,2023,361322116,1,9,0,18,19,3,7,0,0,0,5,7,1,0,3,1,5,6,1,18,4,1998,1,21,HONDA CR-V,4,E01026522,0,-1
2023520300963,2023,520300963,1,9,0,18,19,3,7,0,0,0,0,0,7,10,1,1,6,6,2,78,11,1993,8,1,HONDA CR-V,9,E01029210,0,-1
2023430120042,2023,430120042,2,9,0,4,4,4,8,0,0,1,0,0,0,0,2,1,6,6,1,51,8,2204,2,14,HONDA CR-V,10,E01016625,0,-1
2023010473278,2023,010473278,1,9,0,99,99,9,9,99,99,9,9,99,9,99,9,9,6,6,2,24,5,1973,1,22,HONDA CR-V,5,E01003833,0,-1
2023440049938,2023,440049938,2,9,0,18,19,2,6,0,0,8,0,0,0,0,4,1,3,7,1,61,9,2199,2,9,HONDA CR-V,7,E01022514,0,-1
2023552300356,2023,552300356,2,9,0,4,4,3,7,0,0,0,0,0,0,0,2,1,6,6,2,52,8,1997,1,7,HONDA CR-V,5,E01029314,0,-1
2023201413917,2023,201413917,1,9,0,18,19,4,8,0,0,0,0,4,0,0,1,1,6,6,1,55,8,2204,2,17,HONDA CR-V,6,E01028896,0,-1
2023461396421,2023,461396421,1,9,0,9,9,1,3,0,0,0,0,0,0,0,1,1,6,6,1,80,11,1998,1,20,HONDA CR-V,5,E01024623,0,-1
2023361309194,2023,361309194,2,9,0,18,19,2,6,0,0,0,1,0,0,0,1,1,5,6,2,56,9,1993,8,1,HONDA CR-V,2,E01003987,0,-1
2023361391179,2023,361391179,2,9,0,18,19,3,7,0,0,1,0,0,0,0,1,1,5,6,1,72,10,1597,2,9,HONDA CR-V,4,E01026474,0,-1
2023471290163,2023,471290163,2,9,0,18,19,3,7,0,0,3,0,0,0,0,4,1,5,6,2,69,10,2199,2,11,HONDA CR-V,10,E01020942,0,-1
2023010455057,2023,010455057,2,9,0,99,99,9,9,99,99,9,9,99,9,99,1,9,6,6,3,-1,-1,1997,1,16,HONDA CR-V,-1,-1,0,-1
2023471265595,2023,471265595,1,9,0,18,19,3,7,0,0,6,0,0,0,0,1,1,5,6,2,29,6,1597,2,5,HONDA CR-V,3,E01031430,0,-1
2023471392876,2023,471392876,1,9,0,5,5,1,5,0,0,1,0,0,0,0,0,1,5,6,2,69,10,1998,1,16,HONDA CR-V,5,E01031376,0,-1
2023430419409,2023,430419409,2,9,0,18,19,1,5,0,0,8,2,0,2,1,3,1,2,2,1,25,5,2204,2,15,HONDA CR-V,8,E01016252,0,-1
2023010453300,2023,010453300,1,9,0,18,19,1,5,0,0,8,0,0,0,0,4,1,6,6,2,67,10,2199,2,12,HONDA CR-V,2,E01000033,0,-1
2023451314754,2023,451314754,1,9,0,17,19,3,7,0,0,0,0,7,0,0,4,1,5,6,1,83,11,2204,2,17,HONDA CR-V,6,E01030842,0,-1
2023061362857,2023,061362857,1,9,0,5,5,3,7,0,0,0,0,0,0,0,1,1,6,6,1,40,7,1997,1,15,HONDA CR-V,-1,-1,0,-1
2023101289800,2023,101289800,1,9,0,9,9,5,2,0,0,8,0,0,0,0,3,1,5,6,2,72,10,1498,1,5,HONDA CR-V,5,E01027366,0,-1
2023501330468,2023,501330468,2,9,0,3,3,3,7,0,0,1,0,0,0,0,2,1,2,2,1,37,7,1997,1,6,HONDA CR-V,3,E01019053,0,-1
2023010486429,2023,010486429,1,9,0,2,2,0,0,0,0,0,0,0,0,0,3,1,6,6,3,-1,-1,1997,1,12,HONDA CR-V,-1,-1,0,-1
2023451317034,2023,451317034,1,9,0,18,19,5,1,0,0,0,0,0,0,0,1,1,5,6,1,67,10,1997,1,12,HONDA CR-V,10,E01024820,0,-1
2023010436005,2023,010436005,2,9,9,99,99,9,9,99,99,9,9,99,9,99,9,9,6,6,3,40,7,1997,1,17,HONDA CR-V,2,E01001591,0,-1
2023430500712,2023,430500712,2,9,0,5,5,5,1,0,0,1,0,0,0,0,1,1,2,2,1,39,7,1998,1,21,HONDA CR-V,-1,-1,0,-1
2023421390349,2023,421390349,1,9,0,18,19,8,5,0,0,1,0,0,0,0,4,1,6,6,1,57,9,1597,2,7,HONDA CR-V,9,E01021547,0,-1
2023141330312,2023,141330312,1,9,0,18,19,3,7,0,0,0,0,0,1,0,3,1,5,6,1,61,9,1597,2,8,HONDA CR-V,6,E01007512,0,-1
2023010431664,2023,010431664,1,9,0,5,5,1,5,0,0,4,0,0,0,0,1,1,6,6,1,77,11,1997,1,5,HONDA CR-V,8,E01030847,0,-1
2023440235238,2023,440235238,1,9,0,4,4,4,8,0,0,0,0,0,0,0,2,1,2,2,2,51,8,1997,1,9,HONDA CR-V,8,E01023090,0,-1
2023320128526,2023,320128526,1,9,0,7,7,4,6,0,0,6,0,0,0,0,1,1,6,6,1,65,9,1998,1,16,HONDA CR-V,4,E01026090,0,-1
2023131296959,2023,131296959,1,9,0,7,7,6,2,0,0,2,0,0,0,0,3,1,6,6,1,46,8,1997,1,11,HONDA CR-V,9,E01011654,0,-1
2023631321700,2023,631321700,2,9,0,16,19,2,5,0,0,0,0,0,0,0,1,1,5,6,1,47,8,2204,2,15,HONDA CR-V,4,W01000688,0,-1
2023052302123,2023,052302123,2,9,0,2,2,0,0,0,0,0,0,0,0,0,2,1,6,6,3,-1,-1,2204,2,18,HONDA CR-V,-1,-1,0,-1
2023010451227,2023,010451227,1,9,0,4,4,3,7,0,0,8,0,0,0,0,2,1,6,6,1,37,7,1997,7,15,HONDA CR-V,9,E01002537,0,-1
2023451332273,2023,451332273,1,9,0,3,3,3,7,0,0,8,0,0,0,0,2,1,5,6,1,62,9,2199,2,12,HONDA CR-V,8,E01030537,0,-1
2023010445550,2023,010445550,1,9,0,5,5,1,5,0,0,1,0,0,0,0,4,1,6,6,1,28,6,1998,1,19,HONDA CR-V,2,E01002637,0,-1
2023461366003,2023,461366003,2,9,0,4,4,4,8,0,0,0,0,0,0,0,3,1,6,6,2,42,7,2204,2,16,HONDA CR-V,6,E01024360,0,-1
2023430396481,2023,430396481,1,9,0,18,19,6,2,0,0,8,0,0,0,0,3,1,6,6,2,26,6,1998,1,18,HONDA CR-V,7,E01000714,0,-1
2023631355644,2023,631355644,2,9,0,5,5,8,2,0,0,0,0,0,0,0,2,1,5,6,2,56,9,1998,1,16,HONDA CR-V,3,W01000510,0,-1
2023471316895,2023,471316895,2,9,0,18,19,3,7,0,0,0,0,0,0,0,0,1,6,6,1,42,7,1998,1,19,HONDA CR-V,9,E01031751,0,-1
2023552300337,2023,552300337,1,9,0,18,19,6,2,0,0,0,5,4,0,0,1,1,6,6,1,93,11,1998,1,18,HONDA CR-V,10,E01020559,0,-1
2023401321520,2023,401321520,2,9,0,18,19,1,5,0,0,0,2,12,2,7,2,1,6,6,2,70,10,1597,2,7,HONDA CR-V,7,E01023832,0,-1
2023991260426,2023,991260426,2,9,0,10,10,8,6,0,0,8,0,0,0,0,2,1,6,6,2,40,7,2204,2,17,HONDA CR-V,5,-1,0,-1
2023010476755,2023,010476755,1,9,0,99,99,9,9,99,99,9,9,99,9,99,2,9,6,6,1,50,8,1597,2,7,HONDA CR-V,2,E01001372,0,-1
2023451307036,2023,451307036,2,9,0,18,19,7,3,0,0,0,0,0,0,0,1,1,5,6,1,56,9,2199,2,9,HONDA CR-V,5,E01030484,0,-1
2023991313497,2023,991313497,2,9,0,18,19,4,8,0,0,0,0,0,0,0,2,1,5,6,2,37,7,1997,1,8,HONDA CR-V,9,-1,0,-1
2023010443686,2023,010443686,1,9,0,99,99,9,9,99,99,9,9,99,9,99,9,1,6,6,2,53,8,1997,1,11,HONDA CR-V,10,E01030323,0,-1
2023010471792,2023,010471792,2,9,0,4,4,8,4,0,0,8,0,0,0,0,2,1,6,6,2,44,7,1997,1,16,HONDA CR-V,6,E01004530,0,-1
2023010451408,2023,010451408,2,9,0,18,19,3,7,0,0,1,0,0,3,11,3,1,6,6,1,46,8,1997,1,15,HONDA CR-V,4,E01002233,0,-1
2023221295969,2023,221295969,3,9,0,18,19,3,7,0,0,0,0,0,0,0,1,1,6,6,2,57,9,1997,1,11,HONDA CR-V,6,E01022253,0,-1
2023010457931,2023,010457931,2,9,0,2,2,0,0,0,0,1,0,0,0,0,3,1,6,6,3,-1,-1,1997,1,8,HONDA CR-V,-1,-1,0,-1
2023161325456,2023,161325456,2,9,0,18,19,7,8,0,0,2,0,0,0,0,3,1,5,6,1,54,8,2199,2,12,HONDA CR-V,4,E01012990,0,-1
2023501384010,2023,501384010,1,9,0,16,19,7,3,0,0,0,0,0,0,0,4,1,5,6,1,66,10,1597,2,6,HONDA CR-V,5,E01015135,0,-1
2023522400928,2023,522400928,1,9,0,9,9,5,3,0,0,5,0,0,0,0,3,1,6,6,2,45,7,1498,1,4,HONDA CR-V,10,E01014875,0,-1
2023010484705,2023,010484705,2,9,0,99,99,9,9,99,99,9,9,99,9,99,2,9,6,6,3,-1,-1,1998,1,17,HONDA CR-V,-1,-1,0,-1
2023010456737,2023,010456737,1,9,0,18,19,3,7,0,0,1,0,0,7,10,3,1,6,6,1,69,10,1998,1,17,HONDA CR-V,3,E01000305,0,-1
2023141389535,2023,141389535,1,9,0,18,19,1,5,0,0,2,0,0,0,0,3,1,2,2,1,72,10,1998,1,18,HONDA CR-V,7,E01008052,0,-1
2023991339861,2023,991339861,1,9,0,18,19,7,3,0,0,1,1,0,7,3,1,1,5,6,1,73,10,1597,2,5,HONDA CR-V,6,-1,0,-1
2023010461471,2023,010461471,1,9,0,99,99,9,9,99,99,9,9,99,9,99,2,9,2,2,2,50,8,1997,1,16,HONDA CR-V,3,E01000441,0,-1
2023991349296,2023,991349296,2,9,0,18,19,2,6,0,0,0,0,0,0,0,1,1,6,6,1,50,8,1997,1,16,HONDA CR-V,-1,-1,0,-1
2023010463028,2023,010463028,2,9,0,16,19,1,5,0,0,1,0,0,0,0,1,1,6,6,2,39,7,1597,2,8,HONDA CR-V,5,E01002533,0,-1
2023122301321,2023,122301321,2,9,0,17,19,7,3,0,0,0,0,0,0,0,1,1,6,6,2,42,7,1993,8,2,HONDA CR-V,7,E01027753,0,-1
2023010424886,2023,010424886,1,9,0,99,99,9,9,99,99,9,9,99,9,99,4,9,6,6,2,45,7,1997,1,8,HONDA CR-V,3,E01001391,0,-1
2023520300934,2023,520300934,3,9,0,18,19,8,6,0,0,0,0,0,0,0,1,1,6,6,1,75,10,1997,1,16,HONDA CR-V,5,E01032636,0,-1
2023010470498,2023,010470498,1,9,0,99,99,9,9,99,99,9,9,99,9,99,2,9,6,6,1,47,8,1993,8,2,HONDA CR-V,1,E01001429,0,-1
2023991336183,2023,991336183,3,9,0,3,3,8,4,0,0,0,0,0,0,0,2,1,6,6,1,48,8,2204,2,16,HONDA CR-V,2,-1,0,-1
2023161339575,2023,161339575,1,9,0,9,9,8,5,0,0,1,0,0,0,0,2,1,2,2,1,46,8,2204,2,14,HONDA CR-V,5,E01013313,0,-1
2023070433501,2023,070433501,1,9,0,17,19,7,3,0,0,0,0,0,0,0,3,1,6,6,2,-1,-1,2204,2,16,HONDA CR-V,-1,-1,0,-1
2023401368499,2023,401368499,2,9,0,16,19,-1,-1,0,0,8,0,0,0,0,3,1,5,6,1,52,8,1997,1,16,HONDA CR-V,9,E01017398,0,-1
2023501290860,2023,501290860,1,9,0,18,19,4,7,0,0,2,5,0,8,10,3,1,5,6,1,76,11,1597,2,6,HONDA CR-V,6,E01020195,0,-1
2023471324853,2023,471324853,1,9,0,18,19,7,3,0,0,0,5,0,2,4,1,1,6,6,2,42,7,1998,1,21,HONDA CR-V,4,E01017125,0,-1
2023031282877,2023,031282877,4,9,0,2,2,0,0,6,6,0,0,0,0,0,2,1,5,6,1,78,11,1998,1,18,HONDA CR-V,4,E01019120,0,-1
2023320283468,2023,320283468,1,9,0,9,9,7,5,0,0,1,0,0,1,10,1,1,6,6,1,40,7,1498,1,4,HONDA CR-V,-1,-1,0,-1
2023991391869,2023,991391869,1,9,0,18,19,3,7,0,0,0,0,0,0,0,1,1,6,6,1,30,6,1997,1,13,HONDA CR-V,-1,-1,0,-1
2023340WN5402,2023,340WN5402,1,9,0,18,19,5,1,0,0,6,0,0,0,0,2,1,6,6,1,90,11,2199,2,10,HONDA CR-V,7,E01027292,0,-1
2023371266994,2023,371266994,2,9,0,3,3,1,1,0,0,0,0,0,0,0,2,1,2,2,1,-1,-1,1998,1,17,HONDA CR-V,-1,-1,0,-1
2023320746963,2023,320746963,2,9,0,8,8,8,2,0,0,1,0,0,0,0,2,1,3,7,1,56,9,2199,2,11,HONDA CR-V,5,E01026121,0,-1
2023010470595,2023,010470595,1,9,0,5,5,0,3,4,4,1,0,0,0,0,1,1,6,6,1,48,8,1498,1,4,HONDA CR-V,2,E01001437,0,-1
2023141315246,2023,141315246,3,9,0,2,2,0,0,0,0,1,0,0,0,0,3,1,6,6,3,-1,-1,2204,2,16,HONDA CR-V,-1,-1,0,-1
2023010452721,2023,010452721,1,9,0,18,19,5,1,0,0,2,9,0,0,0,2,9,6,6,1,-1,-1,1997,1,16,HONDA CR-V,-1,-1,0,-1
2023010455048,2023,010455048,1,9,0,18,19,5,1,9,9,1,5,0,7,4,1,2,1,1,1,59,9,1997,1,16,HONDA CR-V,2,E01001215,0,-1
2023320714838,2023,320714838,1,9,0,17,19,2,6,0,0,1,0,0,7,9,3,1,6,6,2,30,6,2199,2,10,HONDA CR-V,7,E01013228,0,-1
2023010473915,2023,010473915,2,9,0,99,99,9,9,99,99,9,9,99,9,99,1,9,6,6,3,-1,-1,1997,1,15,HONDA CR-V,-1,-1,0,-1
2023440262121,2023,440262121,2,9,0,18,19,1,5,0,0,8,0,0,0,0,4,1,6,6,1,-1,-1,1998,1,20,HONDA CR-V,-1,-1,0,-1
2023010463937,2023,010463937,2,9,0,99,99,9,9,0,0,4,0,0,0,0,1,9,6,6,1,-1,-1,2204,2,14,HONDA CR-V,-1,-1,0,-1
2023010475274,2023,010475274,2,9,0,99,99,9,9,99,99,9,9,99,9,99,9,9,6,6,3,-1,-1,1997,1,6,HONDA CR-V,-1,-1,0,-1
2023461303985,2023,461303985,1,9,0,16,19,5,7,0,0,5,1,0,7,0,1,1,1,1,2,42,7,1993,8,3,HONDA CR-V,4,E01024296,0,-1
2023411396620,2023,411396620,1,9,0,9,9,2,8,0,0,1,0,0,0,0,3,1,5,6,1,72,10,1997,1,7,HONDA CR-V,9,E01023461,0,-1
2023991266155,2023,991266155,2,9,0,5,5,3,7,0,0,0,0,0,0,0,2,1,6,6,1,39,7,1997,1,13,HONDA CR-V,7,-1,0,-1
2023041385039,2023,041385039,1,9,0,18,19,5,1,0,0,3,0,0,0,0,1,1,6,6,1,42,7,1597,2,9,HONDA CR-V,5,E01025522,0,-1
2023991343703,2023,991343703,2,9,0,16,19,1,5,0,0,0,0,0,1,0,1,1,5,6,2,68,10,1597,2,6,HONDA CR-V,6,-1,0,-1
2023010439975,2023,010439975,2,9,0,99,99,9,9,99,99,9,9,99,9,99,9,9,6,6,3,62,9,1997,1,11,HONDA CR-V,1,E01004005,0,-1
2023421319264,2023,421319264,1,9,0,12,12,1,5,0,0,3,0,0,0,0,1,1,6,6,1,52,8,1998,1,20,HONDA CR-V,8,E01021528,0,-1
2023010466110,2023,010466110,1,9,0,1,1,3,7,0,0,0,0,0,0,0,1,1,3,7,2,48,8,1997,1,13,HONDA CR-V,4,E01002168,0,-1
2023010466442,2023,010466442,1,9,0,7,7,5,8,0,0,6,0,0,0,0,1,1,6,6,1,52,8,1997,1,14,HONDA CR-V,1,E01002842,0,-1
2023610027623,2023,610027623,1,9,0,18,19,7,3,0,0,0,0,0,0,0,2,1,6,6,1,43,7,2199,2,9,HONDA CR-V,4,W01001671,0,-1
2023010455678,2023,010455678,2,9,3,3,3,5,1,0,0,2,0,0,0,0,2,1,6,6,2,47,8,1993,8,3,HONDA CR-V,3,E01004355,0,-1