collision_index,collision_year,collision_ref_no,vehicle_reference,vehicle_type,towing_and_articulation,vehicle_manoeuvre_historic,vehicle_manoeuvre,vehicle_direction_from,vehicle_direction_to,vehicle_location_restricted_lane_historic,vehicle_location_restricted_lane,junction_location,skidding_and_overturning,hit_object_in_carriageway,vehicle_leaving_carriageway,hit_object_off_carriageway,first_point_of_impact,vehicle_left_hand_drive,journey_purpose_of_driver_historic,journey_purpose_of_driver,sex_of_driver,age_of_driver,age_band_of_driver,engine_capacity_cc,propulsion_code,age_of_vehicle,generic_make_model,driver_imd_decile,lsoa_of_driver,escooter_flag,driver_distance_banding
2023461277435,2023,461277435,2,9,0,18,19,8,4,0,0,8,0,0,1,0,4,1,5,6,2,63,9,2199,2,12,HONDA CR-V,7,E01024188,0,-1
2023010422899,2023,010422899,1,9,0,18,19,8,4,0,0,1,0,0,0,0,1,2,2,2,1,55,8,1993,8,1,HONDA CR-V,7,E01000791,0,-1
2023541182023,2023,541182023,2,9,0,10,10,1,7,0,0,1,0,0,0,0,2,1,6,6,2,38,7,1998,1,19,HONDA CR-V,3,E01031911,0,-1
2023201399586,2023,201399586,1,9,0,12,12,5,1,0,0,0,0,0,0,0,2,1,6,6,2,46,8,1997,1,8,HONDA CR-V,2,E01032333,0,-1
2023401275511,2023,401275511,2,9,-1,18,19,1,5,0,0,2,0,0,0,0,3,1,2,2,2,33,6,1993,8,4,HONDA CR-V,5,E01017617,0,-1
2023070006917,2023,070006917,2,9,0,18,19,5,1,0,0,8,0,0,0,0,1,1,6,6,1,50,8,2199,2,7,HONDA CR-V,9,E01012514,0,-1
2023010430322,2023,010430322,1,9,0,9,9,6,4,0,0,8,0,0,3,0,4,1,2,2,1,64,9,1997,1,10,HONDA CR-V,7,E01003407,0,-1
2023531308928,2023,531308928,1,9,0,2,2,7,3,0,0,0,0,0,0,0,2,1,5,6,2,65,9,2199,2,9,HONDA CR-V,10,E01022219,0,-1
2023201311842,2023,201311842,2,9,0,18,19,1,5,0,0,0,0,0,0,0,3,1,6,6,2,72,10,1998,1,17,HONDA CR-V,10,E01009808,0,-1
2023421300747,2023,421300747,2,9,0,3,3,6,2,0,0,0,0,0,0,0,2,1,5,6,2,40,7,1997,1,13,HONDA CR-V,3,E01003788,0,-1
2023010458943,2023,010458943,2,9,0,99,99,9,9,99,99,0,9,99,9,99,9,9,6,6,1,43,7,1997,1,14,HONDA CR-V,1,E01002857,0,-1
2023421320959,2023,421320959,4,9,0,2,2,0,0,0,0,1,0,4,0,0,1,1,6,6,3,-1,-1,1997,1,7,HONDA CR-V,-1,-1,0,-1
2023531270563,2023,531270563,2,9,0,18,19,5,1,0,0,8,0,0,0,0,4,1,5,6,1,69,10,1998,1,18,HONDA CR-V,9,E01022396,0,-1
2023351270462,2023,351270462,1,9,0,18,19,2,7,0,0,0,0,0,0,0,1,1,3,7,1,41,7,1997,1,13,HONDA CR-V,2,E01015594,0,-1
2023101383864,2023,101383864,2,9,0,18,19,8,4,0,0,8,0,0,0,0,1,1,6,6,2,41,7,1597,2,6,HONDA CR-V,7,E01008313,0,-1
2023471270894,2023,471270894,1,9,0,5,5,7,3,0,0,0,0,0,0,0,0,1,2,2,2,61,9,1998,1,20,HONDA CR-V,6,E01021118,0,-1
2023991314378,2023,991314378,15,9,0,18,19,8,4,0,0,0,0,0,0,0,1,1,6,6,2,57,9,1993,8,1,HONDA CR-V,7,-1,0,-1
2023411345209,2023,411345209,5,9,0,2,2,0,0,0,0,1,0,0,0,0,2,1,6,6,1,31,6,2204,2,14,HONDA CR-V,9,E01023500,0,-1
202354B915223,2023,54B915223,1,9,0,18,19,6,2,0,0,0,0,0,0,0,4,1,6,6,1,-1,-1,1597,2,5,HONDA CR-V,8,E01018515,0,-1
2023052300513,2023,052300513,1,9,0,18,19,6,2,0,0,8,0,0,0,0,1,1,6,6,1,74,10,1997,1,8,HONDA CR-V,6,E01007029,0,-1
2023010463079,2023,010463079,5,9,0,2,2,0,0,0,0,0,0,0,0,0,2,1,6,6,3,-1,-1,1998,1,18,HONDA CR-V,-1,-1,0,-1
2023440505674,2023,440505674,2,9,0,18,19,8,4,0,0,0,0,0,0,0,1,1,6,6,2,39,7,2199,2,13,HONDA CR-V,7,E01022561,0,-1
2023440281935,2023,440281935,2,9,0,18,19,4,8,0,0,1,0,0,0,0,1,1,6,6,2,52,8,1997,1,9,HONDA CR-V,1,E01017205,0,-1
2023141264001,2023,141264001,1,9,0,18,19,7,3,0,0,2,0,0,0,0,1,1,5,6,2,33,6,1997,1,16,HONDA CR-V,-1,-1,0,-1
2023451347821,2023,451347821,1,9,0,18,19,3,3,0,0,1,0,0,0,0,3,1,6,6,1,32,6,1998,1,18,HONDA CR-V,6,E01030598,0,-1
2023440159640,2023,440159640,2,9,0,18,19,1,5,0,0,8,0,0,0,0,4,1,2,2,1,52,8,1597,2,6,HONDA CR-V,9,E01032625,0,-1
2023010426093,2023,010426093,2,9,0,99,99,9,9,99,99,9,9,99,9,99,9,9,6,6,3,-1,-1,1997,1,15,HONDA CR-V,-1,-1,0,-1
2023332300531,2023,332300531,1,9,0,6,6,1,1,0,0,0,0,0,0,0,1,1,6,6,1,78,11,1997,1,16,HONDA CR-V,5,E01025919,0,-1
2023221339234,2023,221339234,1,9,0,18,19,4,8,0,0,0,0,0,0,0,4,1,5,6,1,63,9,2204,2,17,HONDA CR-V,8,E01014157,0,-1
2023010438062,2023,010438062,3,9,0,1,1,3,7,0,0,0,0,0,0,0,3,1,3,7,1,42,7,1997,1,15,HONDA CR-V,3,E01003588,0,-1
2023552300687,2023,552300687,1,9,0,9,9,8,5,0,0,8,0,0,0,0,4,1,6,6,1,29,6,1998,1,21,HONDA CR-V,2,E01015384,0,-1
2023461397950,2023,461397950,2,9,0,4,4,3,7,0,0,1,0,0,0,0,2,1,5,6,2,34,6,1597,2,6,HONDA CR-V,10,E01024765,0,-1
2023070109790,2023,070109790,1,9,0,5,5,4,1,0,0,1,0,0,0,0,1,1,6,6,1,67,10,1597,2,8,HONDA CR-V,9,E01018544,0,-1
2023010446433,2023,010446433,1,9,0,18,19,3,7,0,0,5,5,10,0,0,1,1,6,6,1,43,7,1993,8,1,HONDA CR-V,4,E01015930,0,-1
2023461291591,2023,461291591,1,9,0,11,11,4,8,0,0,4,0,0,0,0,1,1,5,6,2,69,10,1998,1,19,HONDA CR-V,9,E01024773,0,-1
2023351384299,2023,351384299,1,9,0,7,7,1,5,0,0,0,0,0,0,0,3,1,6,6,1,66,10,1993,8,4,HONDA CR-V,9,E01018010,0,-1
2023052301430,2023,052301430,2,9,0,18,19,2,6,0,0,8,0,0,0,0,3,1,6,6,2,64,9,1997,1,6,HONDA CR-V,6,E01007164,0,-1
2023991319804,2023,991319804,2,9,0,18,19,3,7,0,0,8,0,0,0,0,1,1,5,6,1,51,8,1597,2,6,HONDA CR-V,7,-1,0,-1
2023061361282,2023,061361282,1,9,0,-1,-1,-1,-1,-1,-1,0,-1,-1,-1,0,-1,1,6,6,3,-1,-1,2204,2,16,HONDA CR-V,-1,-1,0,-1
2023520300867,2023,520300867,2,9,0,18,19,7,3,0,0,0,0,0,0,0,2,1,6,6,2,60,9,1597,2,7,HONDA CR-V,4,E01029343,0,-1
2023351330955,2023,351330955,2,9,0,3,3,4,8,0,0,2,0,0,0,0,3,1,6,6,1,81,11,1597,2,7,HONDA CR-V,4,E01026660,0,-1
2023010446226,2023,010446226,1,9,0,12,12,7,3,0,0,0,0,0,0,0,3,1,6,6,1,59,9,1997,1,13,HONDA CR-V,5,E01000036,0,-1
2023031263740,2023,031263740,2,9,0,18,19,5,7,0,0,0,1,0,1,0,4,1,1,1,1,58,9,2199,2,12,HONDA CR-V,7,E01028915,0,-1
2023311312573,2023,311312573,1,9,0,4,4,4,8,0,0,8,0,0,1,0,1,1,5,6,2,40,7,1998,1,18,HONDA CR-V,2,E01028271,0,-1
2023520400689,2023,520400689,2,9,0,11,11,1,5,0,0,8,0,0,0,0,4,1,6,6,1,-1,-1,2204,2,14,HONDA CR-V,10,W01001639,0,-1
2023461367160,2023,461367160,2,9,0,18,19,3,7,0,0,0,1,0,0,0,3,1,6,6,1,57,9,2204,2,18,HONDA CR-V,8,E01016095,0,-1
2023991381612,2023,991381612,2,9,0,7,7,1,5,0,0,1,1,11,1,11,2,1,5,6,1,79,11,2204,2,14,HONDA CR-V,6,-1,0,-1
2023451277850,2023,451277850,1,9,0,11,11,6,2,0,0,0,0,0,0,0,4,1,5,6,2,47,8,1993,8,2,HONDA CR-V,9,E01022615,0,-1
2023010484410,2023,010484410,2,9,0,99,99,9,9,99,99,6,9,99,9,99,9,9,6,6,3,-1,-1,1997,1,8,HONDA CR-V,10,E01030319,0,-1
2023522324535,2023,522324535,1,9,0,18,19,1,5,0,0,0,0,0,0,0,1,1,6,6,2,33,6,1998,1,19,HONDA CR-V,2,E01014624,0,-1
2023010471546,2023,010471546,1,9,0,9,9,5,3,0,0,1,0,0,0,0,4,1,6,6,1,69,10,1998,1,20,HONDA CR-V,7,E01003820,0,-1
2023332300425,2023,332300425,2,9,0,18,19,7,3,0,0,8,0,0,0,0,4,1,6,6,2,82,11,1998,1,19,HONDA CR-V,6,E01025815,0,-1
2023501382766,2023,501382766,3,9,0,18,19,7,3,0,0,0,0,0,0,0,1,1,2,2,1,62,9,1993,8,1,HONDA CR-V,3,E01018788,0,-1
2023041269400,2023,041269400,1,9,0,9,9,5,1,0,0,8,0,0,0,0,1,1,5,6,2,42,7,2204,2,16,HONDA CR-V,2,E01025115,0,-1
2023440243744,2023,440243744,4,9,0,3,3,4,8,0,0,1,0,0,0,0,1,1,6,6,1,57,9,1998,1,20,HONDA CR-V,9,E01016641,0,-1
2023010465480,2023,010465480,1,9,0,7,7,3,5,0,0,1,0,0,0,0,1,1,2,2,1,54,8,1997,1,7,HONDA CR-V,2,E01000049,0,-1
2023010472060,2023,010472060,2,9,0,7,7,5,8,0,0,1,0,0,0,0,1,1,6,6,3,-1,-1,1997,1,6,HONDA CR-V,-1,-1,0,-1
2023471296395,2023,471296395,1,9,0,18,19,4,7,0,0,8,0,0,0,0,1,1,5,6,2,44,7,2204,2,15,HONDA CR-V,9,E01031691,0,-1
2023552300529,2023,552300529,2,9,0,18,19,2,6,0,0,1,0,0,0,0,4,1,6,6,2,67,10,2204,2,17,HONDA CR-V,8,E01020450,0,-1
2023010469232,2023,010469232,1,9,0,5,5,0,1,8,6,0,0,0,0,0,3,1,6,6,2,47,8,1993,8,2,HONDA CR-V,5,E01002520,0,-1
2023552301476,2023,552301476,1,9,0,9,9,1,7,0,0,5,0,0,0,0,1,1,6,6,1,72,10,1998,1,16,HONDA CR-V,9,E01020580,0,-1
2023471316026,2023,471316026,1,9,0,18,19,1,5,0,0,2,0,0,0,0,1,1,1,1,1,62,9,1597,2,6,HONDA CR-V,10,E01002482,0,-1
2023451290634,2023,451290634,2,9,0,18,19,1,5,0,0,4,0,0,0,0,4,1,5,6,1,79,11,1993,8,1,HONDA CR-V,10,E01030395,0,-1
2023131389302,2023,131389302,2,9,0,2,2,5,1,0,0,0,0,4,0,0,2,1,6,6,3,-1,-1,1997,1,16,HONDA CR-V,-1,-1,0,-1
2023161371725,2023,161371725,1,9,0,6,6,1,5,0,0,1,0,0,0,0,3,1,5,6,2,76,11,1597,2,7,HONDA CR-V,9,E01012955,0,-1
2023302300781,2023,302300781,1,9,0,18,19,4,8,0,0,0,0,0,0,0,4,1,6,6,2,52,8,1998,1,18,HONDA CR-V,10,E01019727,0,-1
2023010461254,2023,010461254,2,9,0,99,99,9,9,99,99,9,9,99,9,99,9,9,6,6,3,-1,-1,1997,1,15,HONDA CR-V,-1,-1,0,-1
2023991325956,2023,991325956,2,9,0,13,13,1,5,0,0,1,0,0,7,2,4,1,6,6,1,47,8,2204,2,15,HONDA CR-V,3,-1,0,-1
2023010455275,2023,010455275,1,9,0,18,19,7,3,0,0,0,1,0,0,0,4,1,6,6,1,47,8,1997,1,11,HONDA CR-V,6,E01000555,0,-1
2023071109481,2023,071109481,1,9,0,5,5,2,6,0,0,6,0,0,0,0,1,1,3,7,2,51,8,1597,2,7,HONDA CR-V,9,E01019762,0,-1
2023522400094,2023,522400094,2,9,0,4,4,5,1,0,0,2,0,0,0,0,2,1,6,6,2,40,7,2204,2,16,HONDA CR-V,3,E01014674,0,-1
2023161262707,2023,161262707,2,9,0,3,3,3,7,0,0,0,0,0,0,0,2,1,6,6,1,65,9,2199,2,10,HONDA CR-V,3,E01012825,0,-1
2023010447788,2023,010447788,1,9,3,5,5,6,2,0,0,6,0,0,0,0,1,1,6,6,1,49,8,1997,1,10,HONDA CR-V,-1,-1,0,-1
2023471328730,2023,471328730,2,9,0,2,2,0,0,0,0,1,0,0,0,0,2,1,6,6,3,-1,-1,1998,1,20,HONDA CR-V,-1,-1,0,-1
2023302300691,2023,302300691,2,9,0,2,2,0,0,6,6,0,0,0,0,0,1,1,6,6,3,-1,-1,1597,2,7,HONDA CR-V,-1,-1,0,-1
2023421268821,2023,421268821,1,9,0,18,19,6,4,0,0,0,0,0,1,0,2,1,6,6,1,44,7,1998,1,19,HONDA CR-V,4,E01001015,0,-1
2023461310463,2023,461310463,2,9,0,18,19,1,5,0,0,0,0,0,0,0,2,1,5,6,1,54,8,1993,8,2,HONDA CR-V,9,E01024708,0,-1
2023991288821,2023,991288821,3,9,0,18,19,6,2,0,0,0,0,0,0,0,2,1,5,6,2,52,8,1597,2,5,HONDA CR-V,-1,-1,0,-1
2023451337302,2023,451337302,2,9,0,18,19,1,5,0,0,1,0,0,0,0,1,1,6,6,3,99,11,1973,1,25,HONDA CR-V,4,E01030745,0,-1
2023041383840,2023,041383840,4,9,0,2,2,0,0,0,0,0,0,0,0,0,2,1,6,6,3,-1,-1,2204,2,16,HONDA CR-V,-1,-1,0,-1
2023010437458,2023,010437458,1,9,0,5,5,5,1,0,0,6,0,0,0,0,4,1,6,6,1,50,8,1997,1,9,HONDA CR-V,2,E01003556,0,-1
2023991326379,2023,991326379,1,9,0,18,19,4,8,0,0,0,0,0,0,0,1,1,5,6,1,36,7,1998,1,17,HONDA CR-V,1,-1,0,-1
2023041426563,2023,041426563,3,9,0,18,19,2,5,0,0,0,1,0,0,0,1,1,6,6,2,35,6,1597,2,6,HONDA CR-V,10,E01025341,0,-1
2023041368260,2023,041368260,1,9,0,9,9,7,5,0,0,1,0,0,0,0,4,1,5,6,1,75,10,2204,2,16,HONDA CR-V,5,E01025428,0,-1
2023161308910,2023,161308910,5,9,0,2,2,1,1,0,0,0,0,0,0,0,1,1,6,6,3,-1,-1,1597,2,6,HONDA CR-V,-1,-1,0,-1
2023461333150,2023,461333150,1,9,0,12,12,5,1,0,0,0,0,0,0,0,1,1,3,7,1,67,10,1597,2,8,HONDA CR-V,1,E01016033,0,-1
2023041358676,2023,041358676,2,9,0,2,2,0,0,9,9,0,0,0,0,0,2,1,6,6,3,-1,-1,2199,2,9,HONDA CR-V,-1,-1,0,-1
2023451354544,2023,451354544,2,9,0,17,19,1,3,0,0,0,0,0,0,0,4,1,6,6,1,37,7,1997,1,6,HONDA CR-V,8,E01030950,0,-1
2023010459581,2023,010459581,1,9,0,9,9,5,3,0,0,1,0,0,0,0,3,1,2,2,1,40,7,1997,1,16,HONDA CR-V,6,E01000165,0,-1
2023201405503,2023,201405503,1,9,0,1,1,1,5,0,0,1,0,0,0,0,1,1,5,6,3,-1,-1,2204,2,16,HONDA CR-V,-1,-1,0,-1
2023101360860,2023,101360860,1,9,0,18,19,1,5,0,0,0,0,0,0,0,1,1,5,6,1,54,8,2199,2,10,HONDA CR-V,4,E01020696,0,-1
2023501348809,2023,501348809,2,9,0,6,6,8,4,0,0,0,0,0,0,0,4,1,5,6,2,59,9,1997,1,15,HONDA CR-V,4,E01018760,0,-1
2023010448138,2023,010448138,1,9,0,99,99,9,9,99,99,9,9,99,9,99,2,9,2,2,1,54,8,1997,1,10,HONDA CR-V,3,E01003588,0,-1
2023421282403,2023,421282403,1,9,0,18,19,6,2,0,0,0,0,0,0,0,3,1,5,6,1,88,11,1997,1,7,HONDA CR-V,-1,-1,0,-1
2023010439665,2023,010439665,2,9,0,99,99,9,9,99,99,9,9,99,9,99,9,9,6,6,3,-1,-1,1997,1,11,HONDA CR-V,-1,-1,0,-1
2023201280765,2023,201280765,2,9,0,2,2,0,0,0,0,0,0,0,0,0,2,1,6,6,1,47,8,1997,1,8,HONDA CR-V,2,E01010312,0,-1
2023440084903,2023,440084903,3,9,0,18,19,3,7,0,0,0,0,1,0,0,1,1,3,7,2,48,8,1997,1,10,HONDA CR-V,10,E01023000,0,-1
2023540604123,2023,540604123,1,9,0,18,19,8,4,0,0,0,2,0,7,4,1,1,1,1,1,34,6,1998,1,21,HONDA CR-V,10,E01028745,0,-1
2023461397598,2023,461397598,1,9,0,18,19,5,3,0,0,0,1,7,0,0,1,1,6,6,2,45,7,1998,1,17,HONDA CR-V,7,E01001125,0,-1
2023311363018,2023,311363018,1,9,0,14,14,7,3,0,0,0,0,0,0,0,4,1,6,6,2,62,9,1997,1,14,HONDA CR-V,5,E01028341,0,-1
2023101347034,2023,101347034,1,9,0,9,9,6,2,0,0,5,0,0,0,0,1,1,6,6,2,48,8,2204,2,14,HONDA CR-V,10,E01027460,0,-1
2023010431923,2023,010431923,1,9,0,9,9,1,7,0,0,8,0,0,0,0,3,1,2,2,2,38,7,1973,1,23,HONDA CR-V,-1,-1,0,-1
2023010443066,2023,010443066,1,9,4,7,7,7,1,0,0,1,0,0,0,0,4,1,2,2,1,35,6,1993,8,4,HONDA CR-V,6,E01002565,0,-1
2023061344141,2023,061344141,1,9,0,18,19,3,7,0,0,8,0,0,0,0,1,1,6,6,1,41,7,2199,2,11,HONDA CR-V,8,E01006119,0,-1
2023320213323,2023,320213323,2,9,0,17,19,6,2,0,0,0,0,0,0,0,3,1,6,6,1,42,7,1597,2,8,HONDA CR-V,-1,-1,0,-1
2023411328124,2023,411328124,3,9,0,2,2,0,0,0,0,1,0,0,0,0,4,1,6,6,3,-1,-1,1997,1,11,HONDA CR-V,-1,-1,0,-1
2023141290154,2023,141290154,1,9,0,9,9,1,5,0,0,8,0,0,0,0,1,1,5,6,1,71,10,1597,2,8,HONDA CR-V,4,E01007359,0,-1
2023041346173,2023,041346173,2,9,0,18,19,4,8,0,0,1,0,0,0,0,1,1,5,6,2,29,6,1998,1,18,HONDA CR-V,3,E01012623,0,-1
2023131259533,2023,131259533,1,9,0,5,5,1,5,0,0,8,0,0,0,0,1,1,6,6,1,78,11,2199,2,12,HONDA CR-V,7,E01010955,0,-1
2023552301161,2023,552301161,2,9,0,18,19,2,6,0,0,8,0,0,0,0,1,1,2,2,2,38,7,1998,1,20,HONDA CR-V,6,E01020561,0,-1
2023461306259,2023,461306259,2,9,0,3,3,2,5,0,0,2,0,0,0,0,2,1,6,6,1,49,8,1997,1,15,HONDA CR-V,-1,-1,0,-1
2023991369054,2023,991369054,1,9,0,18,19,1,5,0,0,0,0,0,0,0,3,1,5,6,1,57,9,1597,2,7,HONDA CR-V,5,-1,0,-1
2023041345629,2023,041345629,3,9,0,3,3,5,1,0,0,0,0,0,0,0,2,1,5,6,1,74,10,1998,1,21,HONDA CR-V,5,E01024989,0,-1
2023421292073,2023,421292073,2,9,0,5,5,1,5,0,0,0,0,0,0,0,2,1,5,6,2,40,7,1597,2,8,HONDA CR-V,4,E01015972,0,-1
2023501338285,2023,501338285,1,9,0,16,19,4,7,0,0,0,0,0,0,0,1,1,5,6,1,79,11,2204,2,15,HONDA CR-V,8,E01020061,0,-1
2023201386043,2023,201386043,2,9,0,2,2,0,0,0,0,0,0,0,0,0,2,1,2,2,2,44,7,1997,1,15,HONDA CR-V,1,E01009359,0,-1
2023010438387,2023,010438387,1,9,0,4,4,5,1,0,0,8,0,0,0,0,2,1,6,6,1,33,6,1498,1,4,HONDA CR-V,7,E01002675,0,-1
2023501272693,2023,501272693,2,9,0,4,4,2,6,0,0,0,0,0,0,0,2,1,5,6,2,35,6,2199,2,13,HONDA CR-V,3,E01018937,0,-1
2023302301053,2023,302301053,1,9,0,9,9,6,4,0,0,1,0,0,7,9,3,1,6,6,2,66,10,2204,2,18,HONDA CR-V,8,E01019609,0,-1
2023031294643,2023,031294643,1,9,0,18,19,5,1,0,0,1,0,0,0,0,1,1,5,6,1,61,9,2204,2,14,HONDA CR-V,2,E01019265,0,-1
2023010424344,2023,010424344,2,9,0,99,99,9,9,99,99,9,9,99,9,99,9,9,6,6,3,-1,-1,2204,2,16,HONDA CR-V,-1,-1,0,-1
2023141388302,2023,141388302,2,9,0,18,19,3,7,0,0,0,0,0,1,0,1,1,6,6,1,78,11,1993,8,1,HONDA CR-V,10,E01007430,0,-1
2023522401071,2023,522401071,4,9,0,4,4,5,1,0,0,0,0,0,0,0,2,1,6,6,2,76,11,1997,1,7,HONDA CR-V,8,E01028887,0,-1
2023991387435,2023,991387435,1,9,0,18,19,2,6,0,0,2,0,0,0,0,1,1,5,6,1,64,9,1997,1,10,HONDA CR-V,-1,-1,0,-1
2023010444553,2023,010444553,2,9,0,99,99,9,9,99,99,0,9,99,9,99,9,9,6,6,3,-1,-1,1997,1,5,HONDA CR-V,-1,-1,0,-1
2023451341110,2023,451341110,1,9,0,17,19,8,4,0,0,0,0,0,0,0,1,1,5,6,1,30,6,1997,1,6,HONDA CR-V,9,E01030453,0,-1
2023501296007,2023,501296007,2,9,0,4,4,2,6,0,0,1,0,0,0,0,2,1,6,6,2,25,5,2199,2,12,HONDA CR-V,4,E01018758,0,-1
2023461333190,2023,461333190,3,9,0,10,10,5,7,0,0,0,0,0,0,0,2,1,6,6,2,38,7,2199,2,13,HONDA CR-V,3,E01024717,0,-1
2023311328349,2023,311328349,1,9,0,9,9,1,3,0,0,8,0,0,0,0,1,1,6,6,1,36,7,1997,1,11,HONDA CR-V,4,E01013964,0,-1
2023610024523,2023,610024523,2,9,0,3,3,3,7,0,0,0,0,0,1,0,2,1,2,2,1,36,7,2204,2,17,HONDA CR-V,3,W01001290,0,-1
2023141299101,2023,141299101,1,9,0,4,4,8,4,0,0,0,0,0,0,0,2,1,2,2,2,47,8,1998,1,16,HONDA CR-V,3,E01007504,0,-1
2023361309931,2023,361309931,4,9,0,17,19,5,1,0,0,0,0,0,0,0,2,1,6,6,3,-1,-1,2204,2,16,HONDA CR-V,-1,-1,0,-1
2023430511418,2023,430511418,1,9,0,7,7,1,3,0,0,5,0,0,0,0,4,1,6,6,1,-1,-1,1998,1,18,HONDA CR-V,-1,-1,0,-1
2023610010323,2023,610010323,1,9,0,18,19,3,7,0,0,0,1,0,0,0,3,1,6,6,2,-1,-1,1998,1,18,HONDA CR-V,5,W01001647,0,-1
2023141296756,2023,141296756,2,9,0,5,5,7,3,0,0,6,1,0,7,0,3,1,5,6,1,81,11,2204,2,15,HONDA CR-V,1,E01007472,0,-1
2023421319217,2023,421319217,2,9,0,17,19,7,3,0,0,0,0,0,0,0,1,1,3,7,2,48,8,2204,2,16,HONDA CR-V,8,E01022092,0,-1
2023461301073,2023,461301073,1,9,0,18,19,6,2,0,0,0,0,0,0,0,1,1,5,6,2,53,8,1997,1,10,HONDA CR-V,5,E01000337,0,-1
2023991440315,2023,991440315,1,9,0,18,19,2,6,0,0,0,0,0,0,0,1,1,6,6,2,41,7,1597,2,6,HONDA CR-V,4,-1,0,-1
2023471309600,2023,471309600,1,9,0,17,19,7,3,0,0,0,0,0,7,4,4,1,5,6,1,78,11,1998,1,18,HONDA CR-V,4,E01031657,0,-1
2023010464532,2023,010464532,2,9,0,99,99,9,9,99,99,9,9,99,9,99,9,9,6,6,3,-1,-1,1998,1,18,HONDA CR-V,-1,-1,0,-1
2023520400596,2023,520400596,1,9,0,18,19,5,1,0,0,0,0,0,0,0,1,1,6,6,2,51,8,1993,8,1,HONDA CR-V,6,E01029227,0,-1
2023122300716,2023,122300716,1,9,0,18,19,3,7,0,0,0,0,11,0,0,1,1,6,6,1,91,11,1997,1,16,HONDA CR-V,10,E01013452,0,-1
2023010448064,2023,010448064,2,9,0,4,4,3,7,0,0,0,0,0,0,0,2,1,6,6,2,72,10,1998,1,21,HONDA CR-V,10,E01030324,0,-1
2023211343055,2023,211343055,1,9,0,5,5,6,2,0,0,8,0,0,0,0,4,1,5,6,1,54,8,1998,1,19,HONDA CR-V,9,E01025461,0,-1
2023430420278,2023,430420278,1,9,0,18,19,5,1,0,0,4,0,0,0,0,1,1,6,6,1,81,11,1997,1,7,HONDA CR-V,8,E01016567,0,-1
2023311378850,2023,311378850,2,9,0,2,2,0,0,0,0,0,0,0,0,0,0,1,6,6,3,-1,-1,1597,2,7,HONDA CR-V,-1,-1,0,-1
2023501341253,2023,501341253,1,9,0,18,19,2,6,0,0,1,0,11,0,0,3,1,6,6,1,35,6,2204,2,14,HONDA CR-V,3,E01018998,0,-1
2023451293357,2023,451293357,1,9,0,18,19,5,1,8,6,0,1,0,1,4,1,1,2,2,1,59,9,2204,2,15,HONDA CR-V,8,E01001024,0,-1
2023531400732,2023,531400732,1,9,0,18,19,5,1,0,0,0,0,0,0,0,1,1,5,6,1,78,11,1997,1,12,HONDA CR-V,6,E01014058,0,-1
2023351267281,2023,351267281,3,9,0,18,19,7,3,0,0,0,0,0,0,0,1,1,5,6,1,81,11,1998,1,19,HONDA CR-V,2,E01015610,0,-1
2023201319014,2023,201319014,1,9,0,9,9,2,8,0,0,6,0,0,0,0,3,1,1,1,2,39,7,1597,2,7,HONDA CR-V,1,E01010095,0,-1
2023501363102,2023,501363102,3,9,0,2,2,0,0,0,0,1,0,0,0,0,3,1,6,6,3,-1,-1,2199,2,9,HONDA CR-V,-1,-1,0,-1
2023010442939,2023,010442939,1,9,0,18,19,1,5,0,0,2,0,0,0,0,1,1,6,6,1,21,5,1597,2,8,HONDA CR-V,8,E01000282,0,-1
2023991276254,2023,991276254,2,9,0,9,9,7,5,0,0,5,0,0,0,0,3,1,5,6,2,36,7,1997,1,15,HONDA CR-V,4,-1,0,-1
2023461344602,2023,461344602,1,9,0,1,1,1,5,0,0,0,0,0,0,0,2,1,6,6,2,76,11,1997,1,7,HONDA CR-V,7,E01024131,0,-1
2023131320015,2023,131320015,1,9,0,18,19,1,5,0,0,0,0,0,0,0,1,1,6,6,3,-1,-1,2199,2,12,HONDA CR-V,-1,-1,0,-1
2023430496681,2023,430496681,1,9,0,3,3,1,5,0,0,1,0,0,0,0,2,1,6,6,2,36,7,2204,2,16,HONDA CR-V,10,E01016259,0,-1
202363D013823,2023,63D013823,2,9,0,4,4,1,5,0,0,0,0,0,0,0,2,1,6,6,1,65,9,2199,2,12,HONDA CR-V,-1,-1,0,-1
2023501367803,2023,501367803,2,9,0,18,19,7,3,0,0,1,0,0,0,0,1,1,5,6,2,58,9,2204,2,17,HONDA CR-V,8,E01019962,0,-1
2023430408025,2023,430408025,1,9,0,18,19,1,5,0,0,0,0,0,0,0,1,1,6,6,1,60,9,2199,2,13,HONDA CR-V,7,E01016293,0,-1
2023471287370,2023,471287370,2,9,0,10,10,1,5,0,0,0,0,0,0,0,2,1,6,6,1,65,9,1973,1,25,HONDA CR-V,8,E01031634,0,-1
2023471260099,2023,471260099,1,9,0,9,9,1,7,0,0,6,0,0,0,0,1,1,2,2,2,42,7,2204,2,16,HONDA CR-V,2,E01021135,0,-1
2023122300564,2023,122300564,1,9,0,18,19,3,7,0,0,6,1,0,0,0,1,1,6,6,1,77,11,2204,2,14,HONDA CR-V,8,E01023165,0,-1