collision_index,collision_year,collision_ref_no,vehicle_reference,vehicle_type,towing_and_articulation,vehicle_manoeuvre_historic,vehicle_manoeuvre,vehicle_direction_from,vehicle_direction_to,vehicle_location_restricted_lane_historic,vehicle_location_restricted_lane,junction_location,skidding_and_overturning,hit_object_in_carriageway,vehicle_leaving_carriageway,hit_object_off_carriageway,first_point_of_impact,vehicle_left_hand_drive,journey_purpose_of_driver_historic,journey_purpose_of_driver,sex_of_driver,age_of_driver,age_band_of_driver,engine_capacity_cc,propulsion_code,age_of_vehicle,generic_make_model,driver_imd_decile,lsoa_of_driver,escooter_flag,driver_distance_banding
2023122300963,2023,122300963,2,9,0,18,19,1,5,0,0,7,0,0,0,0,1,1,6,6,2,38,7,2204,2,15,HONDA CR-V,9,E01027919,0,-1
2023371313953,2023,371313953,1,9,0,9,9,3,6,0,0,1,0,0,0,0,1,1,2,2,1,23,5,1998,1,19,HONDA CR-V,6,E01033453,0,-1
2023552300853,2023,552300853,5,9,0,2,2,0,0,0,0,0,0,0,0,0,3,1,6,6,3,-1,-1,2199,2,11,HONDA CR-V,-1,-1,0,-1
2023501275136,2023,501275136,2,9,0,18,19,3,7,0,0,0,0,0,0,0,1,1,5,6,1,83,11,2204,2,17,HONDA CR-V,7,E01020273,0,-1
2023461387136,2023,461387136,1,9,0,18,19,3,7,0,0,0,0,0,0,0,1,1,6,6,1,38,7,1997,1,10,HONDA CR-V,4,E01024384,0,-1
2023010462022,2023,010462022,1,9,0,9,9,8,5,0,0,8,0,0,0,0,1,1,6,6,1,77,11,2204,2,17,HONDA CR-V,6,E01004706,0,-1
2023071086121,2023,071086121,3,9,0,2,2,0,0,0,0,0,0,0,0,0,2,1,6,6,3,-1,-1,1997,1,14,HONDA CR-V,-1,-1,0,-1
2023421367725,2023,421367725,1,9,0,18,19,2,6,0,0,0,0,0,7,0,3,1,5,6,1,79,11,1973,1,22,HONDA CR-V,7,E01021552,0,-1
2023411272946,2023,411272946,2,9,0,18,19,-1,-1,0,0,0,0,0,0,0,2,1,5,6,1,48,8,1993,8,2,HONDA CR-V,3,E01023310,0,-1
2023010454479,2023,010454479,2,9,0,99,99,9,9,99,99,9,9,99,9,99,1,9,6,6,3,-1,-1,1998,1,17,HONDA CR-V,-1,-1,0,-1
2023501290693,2023,501290693,1,9,0,18,19,2,6,0,0,0,0,0,1,1,1,1,5,6,1,72,10,2204,2,16,HONDA CR-V,4,E01020311,0,-1
2023010474023,2023,010474023,2,9,0,18,19,5,1,0,0,8,0,0,0,0,1,1,6,6,1,65,9,1997,1,15,HONDA CR-V,4,E01000634,0,-1
2023549707023,2023,549707023,2,9,0,2,2,0,0,0,0,2,0,0,0,0,1,1,6,6,3,-1,-1,1997,1,14,HONDA CR-V,-1,-1,0,-1
2023010462374,2023,010462374,1,9,0,7,7,8,2,0,0,1,0,0,7,1,1,1,6,6,2,73,10,1998,1,16,HONDA CR-V,4,E01001047,0,-1
2023141305265,2023,141305265,2,9,0,18,19,4,7,0,0,1,0,0,0,0,1,1,6,6,3,25,5,1998,1,20,HONDA CR-V,-1,-1,0,-1
2023071322096,2023,071322096,2,9,0,18,19,2,6,0,0,0,0,0,0,0,1,1,6,6,1,34,6,2199,2,8,HONDA CR-V,2,E01006869,0,-1
2023471287804,2023,471287804,1,9,0,16,19,5,7,0,0,0,5,0,7,4,1,1,5,6,2,57,9,2199,2,13,HONDA CR-V,7,E01021022,0,-1
2023010477276,2023,010477276,1,9,0,17,19,5,1,0,0,8,5,0,0,0,4,1,6,6,1,35,6,1997,1,10,HONDA CR-V,-1,-1,0,-1
2023161343273,2023,161343273,3,9,0,18,19,8,4,0,0,8,0,0,0,0,1,1,5,6,1,46,8,2204,2,15,HONDA CR-V,4,E01012762,0,-1
2023211437050,2023,211437050,2,9,-1,4,4,8,4,-1,-1,0,-1,-1,-1,0,-1,1,5,6,2,36,7,1998,1,20,HONDA CR-V,6,E01029756,0,-1
2023351289890,2023,351289890,1,9,0,3,3,7,3,0,0,1,0,0,0,0,1,1,5,6,2,34,6,1597,2,5,HONDA CR-V,6,E01015675,0,-1
2023552300215,2023,552300215,2,9,0,18,19,8,4,0,0,8,0,0,0,0,1,1,6,6,2,71,10,1998,1,16,HONDA CR-V,6,E01020453,0,-1
2023440220695,2023,440220695,2,9,0,4,4,6,2,0,0,1,0,0,0,0,1,1,6,6,1,70,10,1997,1,12,HONDA CR-V,2,E01017186,0,-1
2023401309903,2023,401309903,3,9,0,2,2,0,0,0,0,1,0,0,0,0,2,1,6,6,3,-1,-1,1998,1,20,HONDA CR-V,-1,-1,0,-1
2023311260801,2023,311260801,1,9,0,18,19,3,7,0,0,2,0,7,0,0,1,1,5,6,1,79,11,2199,2,13,HONDA CR-V,7,E01028290,0,-1
2023231268257,2023,231268257,2,9,0,9,9,6,4,0,0,6,0,0,3,0,2,1,5,6,1,80,11,1998,1,19,HONDA CR-V,6,E01009682,0,-1
2023010448232,2023,010448232,3,9,0,4,4,7,3,0,0,0,0,0,0,0,1,1,6,6,1,32,6,1498,1,4,HONDA CR-V,5,E01003953,0,-1
2023371387207,2023,371387207,1,9,0,5,5,7,3,0,0,0,0,0,0,0,2,1,6,6,2,29,6,1998,1,19,HONDA CR-V,3,E01029985,0,-1
2023430273683,2023,430273683,1,9,0,8,8,8,2,0,0,1,0,0,0,0,2,1,6,6,2,60,9,1998,1,20,HONDA CR-V,9,E01023419,0,-1
2023552300065,2023,552300065,6,9,0,10,10,7,3,0,0,0,0,0,0,0,2,1,3,7,2,50,8,1597,2,6,HONDA CR-V,8,E01020400,0,-1
2023522323000,2023,522323000,1,9,0,13,13,1,5,0,0,4,0,0,0,0,4,1,6,6,1,50,8,1998,1,21,HONDA CR-V,1,E01014497,0,-1
2023991347131,2023,991347131,1,9,0,1,1,3,7,0,0,1,0,0,0,0,2,1,6,6,1,56,9,1997,1,9,HONDA CR-V,8,-1,0,-1
2023461276167,2023,461276167,2,9,0,4,4,8,4,0,0,1,0,0,0,0,2,1,5,6,1,44,7,1597,2,6,HONDA CR-V,-1,-1,0,-1
2023552301515,2023,552301515,2,9,0,18,19,8,4,0,0,8,0,0,0,0,3,1,6,6,2,33,6,1997,1,15,HONDA CR-V,8,E01015333,0,-1
2023421263184,2023,421263184,1,9,0,13,13,2,2,0,0,0,0,0,0,0,1,1,5,6,1,48,8,2204,2,15,HONDA CR-V,1,E01015841,0,-1
2023991390210,2023,991390210,1,9,0,9,9,5,3,0,0,2,0,0,0,0,4,1,6,6,1,52,8,2204,2,14,HONDA CR-V,-1,-1,0,-1
2023231267937,2023,231267937,1,9,0,18,19,2,6,0,0,0,0,0,4,0,1,1,5,6,1,59,9,2199,2,13,HONDA CR-V,7,E01028329,0,-1
2023520000078,2023,520000078,1,9,0,18,19,8,4,0,0,8,0,0,0,0,4,1,6,6,1,40,7,2199,2,11,HONDA CR-V,7,E01014403,0,-1
2023122300489,2023,122300489,4,9,0,2,2,0,0,0,0,0,0,0,0,0,3,1,6,6,3,-1,-1,1997,1,7,HONDA CR-V,-1,-1,0,-1
2023010463450,2023,010463450,4,9,0,2,2,0,0,0,0,0,0,0,0,0,1,1,6,6,3,-1,-1,1998,1,20,HONDA CR-V,-1,-1,0,-1
2023471278806,2023,471278806,1,9,0,9,9,2,8,0,0,8,0,0,0,0,2,1,5,6,2,62,9,1998,1,17,HONDA CR-V,7,E01021164,0,-1
2023501266506,2023,501266506,1,9,0,18,19,4,8,0,0,0,2,0,0,0,1,1,6,6,1,61,9,1997,1,11,HONDA CR-V,4,E01020087,0,-1
2023411287784,2023,411287784,2,9,0,18,19,1,5,0,0,0,0,0,1,9,1,1,2,2,2,46,8,1597,2,7,HONDA CR-V,10,E01023505,0,-1
2023010422418,2023,010422418,2,9,0,9,9,5,3,0,0,8,0,0,0,0,4,1,6,6,2,55,8,1993,8,4,HONDA CR-V,2,E01001767,0,-1
2023122300148,2023,122300148,2,9,0,18,19,3,7,0,0,1,0,0,0,0,1,1,1,1,2,31,6,2204,2,14,HONDA CR-V,4,E01025554,0,-1
2023320598991,2023,320598991,1,9,0,9,9,4,2,0,0,5,5,0,0,0,4,1,2,2,2,69,10,1597,2,7,HONDA CR-V,-1,-1,0,-1
2023522301004,2023,522301004,1,9,0,1,1,1,5,0,0,0,0,0,0,0,2,1,6,6,1,61,9,1997,1,13,HONDA CR-V,9,E01014794,0,-1
2023302301332,2023,302301332,3,9,0,18,19,8,4,0,0,0,0,0,0,0,3,1,2,2,1,43,7,2199,2,10,HONDA CR-V,3,E01028248,0,-1
2023991392248,2023,991392248,1,9,0,18,19,7,3,0,0,0,1,0,0,0,1,1,5,6,2,58,9,1993,8,2,HONDA CR-V,5,-1,0,-1
2023451304866,2023,451304866,1,9,0,18,19,3,7,0,0,0,5,4,0,0,1,1,5,6,2,76,11,1597,2,5,HONDA CR-V,9,E01016679,0,-1
2023010465506,2023,010465506,1,9,0,9,9,7,5,0,0,8,0,0,0,0,4,1,6,6,1,47,8,1993,8,3,HONDA CR-V,3,E01023865,0,-1
2023440481634,2023,440481634,1,9,0,18,19,8,4,0,0,0,0,0,0,0,4,1,6,6,1,60,9,2199,2,10,HONDA CR-V,-1,-1,0,-1
2023141329837,2023,141329837,1,9,0,18,19,3,7,0,0,0,0,0,0,0,1,1,1,1,1,57,9,2199,2,12,HONDA CR-V,2,E01007323,0,-1
2023531320311,2023,531320311,2,9,0,4,4,5,1,0,0,0,0,0,0,0,2,1,3,7,2,32,6,2204,2,16,HONDA CR-V,4,E01022240,0,-1
2023131360722,2023,131360722,2,9,0,2,2,3,7,0,0,2,0,0,0,0,3,1,5,6,1,59,9,1997,1,15,HONDA CR-V,6,E01011518,0,-1
2023522301101,2023,522301101,1,9,0,9,9,7,5,0,0,5,0,0,0,0,3,1,6,6,2,45,7,1997,1,16,HONDA CR-V,6,E01014734,0,-1
2023991258773,2023,991258773,1,9,0,16,19,8,2,0,0,0,0,0,7,11,1,1,2,2,2,53,8,1993,8,1,HONDA CR-V,9,-1,0,-1
2023122301109,2023,122301109,2,9,0,13,13,5,2,0,0,0,0,0,0,0,4,1,6,6,2,86,11,1998,1,17,HONDA CR-V,10,E01013357,0,-1
2023031269918,2023,031269918,2,9,0,18,19,1,5,0,0,1,0,0,7,0,1,1,5,6,1,42,7,2204,2,17,HONDA CR-V,-1,-1,0,-1
2023531277447,2023,531277447,2,9,3,4,4,8,4,0,0,0,0,0,0,0,0,1,5,6,1,44,7,2204,2,16,HONDA CR-V,4,E01014500,0,-1
2023161346335,2023,161346335,2,9,0,18,19,8,1,0,0,0,0,0,0,0,4,1,6,6,3,45,7,2204,2,14,HONDA CR-V,-1,-1,0,-1
2023221301221,2023,221301221,1,9,0,18,19,7,3,0,0,0,2,0,1,4,1,1,6,6,2,53,8,2204,2,16,HONDA CR-V,4,E01014098,0,-1
2023340NN4102,2023,340NN4102,2,9,0,18,19,6,2,0,0,8,0,0,0,0,1,1,3,7,2,60,9,1597,2,10,HONDA CR-V,9,E01027346,0,-1
2023010469570,2023,010469570,1,9,0,2,2,0,0,0,0,2,0,0,0,0,1,1,6,6,3,-1,-1,1997,1,15,HONDA CR-V,-1,-1,0,-1
2023231277510,2023,231277510,1,9,0,18,19,5,1,0,0,0,0,0,0,0,1,1,2,2,1,60,9,1597,2,8,HONDA CR-V,2,E01009254,0,-1
2023440127195,2023,440127195,2,9,0,18,19,3,7,0,0,1,0,0,0,0,1,1,6,6,1,30,6,1998,1,20,HONDA CR-V,10,E01023187,0,-1
2023451317289,2023,451317289,1,9,0,18,19,7,3,0,0,0,0,0,0,0,1,1,5,6,1,40,7,1997,1,7,HONDA CR-V,6,E01004145,0,-1
2023461377866,2023,461377866,1,9,0,18,19,3,7,0,0,0,0,0,0,0,1,1,2,2,1,56,9,2199,2,11,HONDA CR-V,5,E01024304,0,-1
2023351363278,2023,351363278,1,9,0,18,19,1,5,0,0,8,0,0,0,0,1,1,6,6,1,41,7,1997,1,8,HONDA CR-V,7,E01032797,0,-1
2023371318256,2023,371318256,3,9,0,2,2,0,0,0,0,1,0,0,0,0,3,1,6,6,3,-1,-1,1973,1,22,HONDA CR-V,-1,-1,0,-1
2023101322676,2023,101322676,1,9,0,9,9,2,7,0,0,4,0,0,0,0,3,1,5,6,1,60,9,2204,2,14,HONDA CR-V,10,E01008517,0,-1
2023211341140,2023,211341140,1,9,0,11,11,4,8,0,0,0,0,0,0,0,1,1,6,6,1,33,6,1997,1,16,HONDA CR-V,1,E01009204,0,-1
2023501350119,2023,501350119,2,9,0,2,2,0,0,0,0,0,0,0,0,0,1,1,6,6,2,23,5,2199,2,12,HONDA CR-V,3,E01020294,0,-1
2023161355858,2023,161355858,3,9,0,18,19,3,7,0,0,0,0,0,0,0,2,1,5,6,1,51,8,1597,2,5,HONDA CR-V,8,E01027973,0,-1
2023371369104,2023,371369104,1,9,0,18,19,1,5,0,0,0,0,0,0,0,4,1,6,6,2,31,6,1998,1,19,HONDA CR-V,4,E01032524,0,-1
2023991324935,2023,991324935,1,9,0,13,13,1,5,0,0,0,0,0,0,0,0,1,6,6,1,74,10,2204,2,14,HONDA CR-V,5,-1,0,-1
2023041294477,2023,041294477,1,9,0,18,19,1,5,0,0,1,0,0,0,0,2,1,6,6,1,-1,-1,1998,1,18,HONDA CR-V,-1,-1,0,-1
2023161389417,2023,161389417,1,9,0,1,1,3,7,0,0,0,0,0,0,0,2,1,5,6,2,70,10,1998,1,21,HONDA CR-V,1,E01012836,0,-1
2023122300531,2023,122300531,2,9,0,18,19,7,3,0,0,0,0,0,0,0,2,1,1,1,2,52,8,1973,1,24,HONDA CR-V,7,E01027657,0,-1
2023010473276,2023,010473276,1,9,0,4,4,2,6,0,0,0,0,0,0,0,3,1,2,2,2,43,7,1993,8,0,HONDA CR-V,4,E01002874,0,-1
2023010452595,2023,010452595,2,9,0,4,4,7,3,0,0,0,0,0,0,0,2,1,6,6,1,41,7,1997,1,5,HONDA CR-V,3,E01002527,0,-1
2023131340055,2023,131340055,2,9,0,18,19,5,7,0,0,8,0,0,0,0,1,1,6,6,1,56,9,2199,2,13,HONDA CR-V,7,E01010641,0,-1
2023061260973,2023,061260973,1,9,0,3,3,3,7,0,0,0,0,0,0,0,1,1,6,6,1,55,8,1997,1,11,HONDA CR-V,-1,-1,0,-1
2023520000678,2023,520000678,1,9,0,9,9,1,6,0,0,5,0,0,0,0,3,1,6,6,2,38,7,1597,2,5,HONDA CR-V,9,E01031953,0,-1
2023351288690,2023,351288690,1,9,0,17,19,3,5,0,0,8,0,0,0,0,3,1,5,6,1,52,8,1597,2,10,HONDA CR-V,3,E01015615,0,-1
2023501337916,2023,501337916,1,9,0,18,19,5,1,0,0,0,0,0,2,11,4,1,5,6,2,52,8,1997,1,5,HONDA CR-V,10,E01020413,0,-1
2023010447861,2023,010447861,1,9,0,99,99,9,9,99,99,9,9,99,9,99,2,9,6,6,2,41,7,1997,1,13,HONDA CR-V,5,E01004461,0,-1
2023501379001,2023,501379001,1,9,0,9,9,4,2,0,0,8,0,0,0,0,4,1,6,6,1,77,11,2204,2,18,HONDA CR-V,3,E01019062,0,-1
2023131266174,2023,131266174,2,20,0,4,4,1,1,0,0,1,0,0,0,0,1,2,1,1,1,51,8,-1,-1,-1,-1,8,E01011418,0,-1
2023622300935,2023,622300935,1,90,0,5,5,2,6,0,0,8,0,0,0,0,1,2,1,1,1,42,7,2970,2,6,-1,8,W01001789,0,-1
2023332300322,2023,332300322,1,5,0,17,19,2,7,0,0,0,0,0,1,1,1,1,6,6,1,43,7,649,1,0,-1,6,E01026330,0,-1
2023351334361,2023,351334361,2,5,0,18,19,6,6,0,0,0,2,0,0,0,1,1,5,6,1,73,10,649,1,4,-1,9,E01018054,0,-1
2023302301304,2023,302301304,1,5,0,18,19,8,4,0,0,8,0,0,0,0,1,1,6,6,1,21,5,649,1,3,-1,10,E01019413,0,-1
2023010461204,2023,010461204,2,5,0,15,15,3,7,0,0,1,5,0,0,0,1,1,6,6,1,34,6,649,1,3,-1,2,E01000008,0,-1
2023501362648,2023,501362648,1,5,0,12,12,7,2,0,0,2,2,4,0,0,3,1,5,6,1,40,7,649,1,2,-1,5,E01018791,0,-1
2023991348771,2023,991348771,1,5,0,6,6,2,1,0,0,1,0,0,0,0,3,1,6,6,1,72,10,649,1,4,-1,2,E01027552,0,-1
2023991315888,2023,991315888,2,5,0,18,19,3,7,0,0,0,2,0,1,9,4,1,2,2,1,61,9,649,1,2,-1,-1,-1,0,-1
2023161364459,2023,161364459,1,9,0,18,19,2,6,0,0,4,1,10,1,9,1,1,2,2,1,22,5,2494,8,1,LEXUS ES 300,7,E01013034,0,-1
2023201298321,2023,201298321,1,9,0,10,10,4,2,0,0,8,0,0,0,0,1,1,6,6,1,23,5,2494,8,1,LEXUS ES 300,2,E01014281,0,-1
2023451355949,2023,451355949,1,9,0,18,19,3,1,0,0,1,0,0,0,0,2,1,6,6,2,50,8,2494,8,5,LEXUS ES 300,7,E01030402,0,-1
2023531317637,2023,531317637,1,9,0,18,19,3,7,0,0,0,5,0,0,0,3,1,2,2,1,29,6,2494,8,0,LEXUS ES 300,1,E01022152,0,-1
2023010484689,2023,010484689,1,9,0,99,99,9,9,99,99,0,9,99,9,99,2,9,6,6,1,53,8,2494,8,4,LEXUS ES 300,8,E01001062,0,-1
2023201339670,2023,201339670,1,9,0,18,19,6,2,0,0,0,0,0,0,0,2,1,6,6,2,70,10,2494,8,0,LEXUS ES 300,3,E01008950,0,-1
2023041329163,2023,041329163,1,9,0,18,19,5,2,0,0,0,5,0,2,11,1,1,6,6,1,60,9,2494,8,0,LEXUS ES 300,2,E01025060,0,-1
2023131328837,2023,131328837,1,9,0,18,19,5,1,0,0,0,0,0,0,0,3,1,5,6,1,90,11,2494,8,3,LEXUS ES 300,9,E01011568,0,-1
2023401289067,2023,401289067,1,9,0,4,4,5,1,0,0,0,0,0,0,0,4,1,1,1,1,62,9,2494,8,3,LEXUS ES 300,10,E01017604,0,-1
2023010453647,2023,010453647,1,9,0,5,5,5,1,0,0,6,0,0,0,0,1,1,2,2,1,76,11,2494,8,3,LEXUS ES 300,7,E01002228,0,-1
2023010478253,2023,010478253,2,9,0,99,99,9,9,99,99,9,9,99,9,99,1,9,6,6,3,-1,-1,2494,8,2,LEXUS ES 300,-1,-1,0,-1
2023991389892,2023,991389892,1,9,0,18,19,6,2,0,0,0,0,0,7,11,3,1,5,6,1,69,10,2494,8,2,LEXUS ES 300,10,-1,0,-1
2023451290126,2023,451290126,2,9,0,18,19,3,7,0,0,0,0,0,0,0,2,1,5,6,1,47,8,2494,8,4,LEXUS ES 300,8,E01000784,0,-1
2023401394224,2023,401394224,2,9,0,2,2,0,0,9,9,0,0,4,0,0,1,1,6,6,3,-1,-1,2494,8,3,LEXUS ES 300,-1,-1,0,-1
2023070952513,2023,070952513,1,9,0,18,19,7,3,0,0,0,0,0,1,2,3,1,6,6,1,57,9,2967,1,32,-1,6,E01025334,0,-1
2023010467800,2023,010467800,1,3,0,99,99,9,9,99,99,9,9,99,9,99,9,1,1,1,1,51,8,125,1,0,-1,1,E01002093,0,-1
2023451355033,2023,451355033,2,5,0,18,19,1,5,0,0,1,2,0,0,0,1,1,2,2,1,55,8,656,1,14,SUZUKI GSX 650,6,E01031669,0,-1
2023010443321,2023,010443321,3,5,0,18,19,5,1,0,0,1,0,0,0,0,1,1,6,6,1,37,7,656,1,8,SUZUKI GSX 650,-1,-1,0,-1
2023010465947,2023,010465947,1,5,0,99,99,9,9,99,99,0,9,99,9,99,2,1,2,2,2,37,7,656,1,8,SUZUKI GSX 650,2,E01015781,0,-1
2023461381663,2023,461381663,1,5,0,18,19,2,6,0,0,0,0,0,0,0,1,1,6,6,1,21,5,656,1,8,SUZUKI GSX 650,2,E01024249,0,-1
2023041306806,2023,041306806,2,5,0,18,19,3,7,0,0,1,0,0,0,0,1,1,2,2,1,25,5,656,1,11,SUZUKI GSX 650,3,E01024866,0,-1
2023440346983,2023,440346983,2,5,0,18,19,4,8,0,0,1,1,0,0,0,1,1,6,6,1,59,9,656,1,13,SUZUKI GSX 650,8,E01023208,0,-1
2023332301071,2023,332301071,1,5,0,13,13,1,5,0,0,8,1,0,0,0,3,1,2,2,1,20,4,644,1,15,SUZUKI GSX 650,1,E01025699,0,-1
2023320307040,2023,320307040,2,5,0,17,19,2,8,0,0,8,1,0,0,0,1,1,6,6,1,56,9,656,1,14,SUZUKI GSX 650,-1,-1,0,-1
2023031340736,2023,031340736,1,5,0,13,13,1,5,0,0,1,0,0,0,0,1,1,6,6,1,38,7,644,1,14,SUZUKI GSX 650,5,E01019196,0,-1
2023170S21603,2023,170S21603,1,5,0,13,13,5,1,0,0,1,0,0,0,0,1,1,1,1,1,56,9,656,1,14,SUZUKI GSX 650,-1,-1,0,-1
2023552300710,2023,552300710,2,5,0,18,19,1,5,0,0,8,0,0,0,0,1,1,6,6,1,29,6,644,1,15,SUZUKI GSX 650,5,E01015374,0,-1
2023010422166,2023,010422166,2,5,0,18,19,7,3,0,0,1,0,0,0,0,1,1,6,6,1,42,7,656,1,14,SUZUKI GSX 650,4,E01015952,0,-1
2023501322141,2023,501322141,1,5,0,13,13,8,4,0,0,0,2,0,0,0,3,1,6,6,1,32,6,644,1,14,SUZUKI GSX 650,6,E01020202,0,-1
2023461268009,2023,461268009,1,4,0,13,13,1,5,0,0,0,0,0,4,0,1,1,1,1,1,29,6,644,1,15,-1,2,E01016153,0,-1
2023061383612,2023,061383612,2,5,0,18,19,6,2,0,0,1,2,4,0,0,1,1,5,6,1,20,4,644,1,15,SUZUKI GSX 650,3,E01006014,0,-1
2023010474565,2023,010474565,1,5,0,7,7,5,7,0,0,8,5,0,0,0,1,1,2,2,1,43,7,644,1,16,SUZUKI GSX 650,2,E01000060,0,-1
2023010478201,2023,010478201,1,5,0,99,99,9,9,99,99,9,9,99,9,99,9,1,6,6,1,24,5,644,1,15,SUZUKI GSX 650,3,E01001369,0,-1
2023010434652,2023,010434652,1,5,0,18,19,7,3,0,0,1,0,0,0,0,1,1,1,1,1,29,6,644,1,15,SUZUKI GSX 650,3,E01001318,0,-1
2023531275416,2023,531275416,3,5,0,18,19,8,4,0,0,0,5,0,0,0,2,1,6,6,1,20,4,656,1,11,SUZUKI GSX 650,3,E01022159,0,-1
2023170M21053,2023,170M21053,2,2,0,8,8,6,8,0,0,1,0,0,0,0,2,1,6,6,1,16,4,49,1,3,-1,-1,-1,0,-1
2023461299291,2023,461299291,1,3,0,18,19,1,5,0,0,0,1,4,0,0,3,1,6,6,1,30,6,125,1,2,-1,3,E01024559,0,-1
2023461286679,2023,461286679,2,3,0,18,19,6,2,0,0,0,0,0,0,0,1,1,6,6,1,37,7,125,1,3,-1,4,E01024090,0,-1
2023552300577,2023,552300577,2,3,0,3,3,3,7,0,0,1,0,0,0,0,2,1,6,6,1,34,6,125,1,3,-1,3,E01033285,0,-1
2023501346048,2023,501346048,2,3,0,18,19,2,6,0,0,0,0,0,0,0,1,1,5,6,1,17,4,125,1,3,-1,1,E01020112,0,-1
2023302301687,2023,302301687,2,3,0,18,19,8,4,0,0,8,0,0,0,0,1,1,2,2,1,28,6,125,1,3,-1,-1,-1,0,-1
2023471356139,2023,471356139,1,3,0,9,9,2,4,0,0,6,5,4,0,0,4,1,2,2,1,16,4,49,1,2,-1,3,E01020941,0,-1
2023122300580,2023,122300580,1,3,0,4,4,7,3,0,0,0,0,0,0,0,0,1,6,6,2,41,7,125,1,3,-1,8,E01027888,0,-1
2023411365869,2023,411365869,2,3,0,3,3,1,5,0,0,1,0,0,0,0,2,1,2,2,1,33,6,125,1,3,-1,7,E01023517,0,-1
2023070471272,2023,070471272,1,4,0,16,19,5,1,0,0,0,0,0,0,0,2,1,6,6,1,43,7,49,1,0,-1,7,E01018353,0,-1
2023071084108,2023,071084108,2,5,0,18,19,7,3,0,0,1,0,0,0,0,1,1,2,2,1,57,9,900,1,0,-1,10,E01018468,0,-1
2023101319108,2023,101319108,2,5,0,18,19,8,4,0,0,0,0,2,0,0,3,1,2,2,1,52,8,1200,1,4,-1,6,E01008872,0,-1
2023070439833,2023,070439833,1,5,0,17,19,3,7,0,0,1,1,10,1,4,1,1,6,6,1,44,7,1200,1,4,-1,9,E01018365,0,-1
2023041373410,2023,041373410,1,5,0,16,19,1,5,0,0,1,1,0,0,0,1,1,5,6,1,29,6,900,1,0,-1,4,E01005705,0,-1
2023122301377,2023,122301377,1,5,0,5,5,1,7,0,0,2,0,0,0,0,4,1,6,6,1,61,9,765,1,0,TRIUMPH STREET TRIPLE,6,E01027681,0,-1
2023211331306,2023,211331306,1,5,0,14,14,8,4,0,0,1,0,0,0,0,4,1,6,6,1,30,6,765,1,6,TRIUMPH STREET TRIPLE,4,E01029646,0,-1
2023991363017,2023,991363017,1,5,0,4,4,5,1,0,0,0,0,0,0,0,1,1,5,6,1,35,6,765,1,0,TRIUMPH STREET TRIPLE,8,-1,0,-1
2023401346851,2023,401346851,1,5,0,5,5,2,3,0,0,1,0,0,0,0,4,1,5,6,1,35,6,675,1,11,TRIUMPH STREET TRIPLE,9,E01018278,0,-1
2023371361089,2023,371361089,1,5,0,18,19,7,3,0,0,0,0,0,0,0,1,1,5,6,1,57,9,675,1,11,TRIUMPH STREET TRIPLE,10,E01030075,0,-1
2023061357460,2023,061357460,1,5,0,16,19,3,8,0,0,1,0,0,0,0,1,1,5,6,1,49,8,765,1,5,TRIUMPH STREET TRIPLE,4,E01004777,0,-1
2023461380647,2023,461380647,2,5,0,17,19,3,7,0,0,8,5,0,0,0,1,1,6,6,1,35,6,765,1,5,TRIUMPH STREET TRIPLE,4,E01024535,0,-1
2023361372697,2023,361372697,1,4,0,18,19,4,8,0,0,0,0,0,0,0,1,1,6,6,1,32,6,675,1,6,-1,6,E01026919,0,-1
2023231352668,2023,231352668,1,5,0,18,19,1,5,0,0,0,0,0,0,0,1,1,2,2,1,24,5,675,1,12,TRIUMPH STREET TRIPLE,7,E01028995,0,-1
2023520001379,2023,520001379,1,5,0,3,3,8,4,0,0,0,0,0,0,0,1,1,6,6,1,63,9,765,1,2,TRIUMPH STREET TRIPLE,5,E01033339,0,-1
2023991339601,2023,991339601,1,5,0,16,19,5,8,0,0,0,0,0,0,0,4,1,5,6,1,42,7,765,1,0,TRIUMPH STREET TRIPLE,3,-1,0,-1
2023631307569,2023,631307569,1,5,0,18,19,4,8,0,0,1,0,0,0,0,1,1,5,6,2,50,8,765,1,5,TRIUMPH STREET TRIPLE,9,E01014819,0,-1
2023010428044,2023,010428044,2,5,0,18,19,7,3,0,0,1,2,11,7,2,1,1,6,6,1,29,6,675,1,8,TRIUMPH STREET TRIPLE,3,E01029912,0,-1
2023451326705,2023,451326705,2,5,0,10,10,3,5,0,0,6,0,0,0,0,2,1,5,6,1,73,10,765,1,4,TRIUMPH STREET TRIPLE,10,E01030443,0,-1
2023061333026,2023,061333026,1,5,0,18,19,4,8,0,0,1,0,0,0,0,1,1,6,6,3,30,6,675,1,7,TRIUMPH STREET TRIPLE,-1,-1,0,-1
2023440031179,2023,440031179,1,5,0,18,19,2,6,0,0,5,0,0,0,0,0,1,2,2,1,35,6,675,1,7,TRIUMPH STREET TRIPLE,4,E01017083,0,-1
2023311319620,2023,311319620,1,5,0,18,19,7,3,0,0,8,0,0,3,0,3,1,5,6,1,30,6,765,1,2,TRIUMPH STREET TRIPLE,3,E01013932,0,-1