collision_index,collision_year,collision_ref_no,vehicle_reference,vehicle_type,towing_and_articulation,vehicle_manoeuvre_historic,vehicle_manoeuvre,vehicle_direction_from,vehicle_direction_to,vehicle_location_restricted_lane_historic,vehicle_location_restricted_lane,junction_location,skidding_and_overturning,hit_object_in_carriageway,vehicle_leaving_carriageway,hit_object_off_carriageway,first_point_of_impact,vehicle_left_hand_drive,journey_purpose_of_driver_historic,journey_purpose_of_driver,sex_of_driver,age_of_driver,age_band_of_driver,engine_capacity_cc,propulsion_code,age_of_vehicle,generic_make_model,driver_imd_decile,lsoa_of_driver,escooter_flag,driver_distance_banding
2023361330140,2023,361330140,2,5,0,13,13,5,1,0,0,1,0,0,0,0,4,1,2,2,1,43,7,675,1,10,TRIUMPH STREET TRIPLE,1,E01026599,0,-1
2023010474081,2023,010474081,1,5,0,18,19,1,5,0,0,2,0,0,0,0,3,1,2,2,1,57,9,765,1,5,TRIUMPH STREET TRIPLE,8,E01001967,0,-1
2023440174054,2023,440174054,1,5,0,18,19,3,7,0,0,0,1,0,1,4,1,1,6,6,1,25,5,765,1,6,TRIUMPH STREET TRIPLE,6,E01015291,0,-1
2023041315587,2023,041315587,1,5,0,16,19,3,7,0,0,0,0,0,0,0,1,1,5,6,1,49,8,765,1,5,TRIUMPH STREET TRIPLE,10,E01024968,0,-1
2023122300663,2023,122300663,1,5,0,18,19,3,4,0,0,8,0,0,0,0,3,1,6,6,1,52,8,675,1,10,TRIUMPH STREET TRIPLE,2,E01007343,0,-1
2023101315733,2023,101315733,1,5,0,3,3,3,7,0,0,0,0,0,0,0,1,1,2,2,1,24,5,675,1,12,TRIUMPH STREET TRIPLE,3,E01008576,0,-1
2023440356914,2023,440356914,2,5,0,5,5,2,6,0,0,1,0,0,0,0,1,1,6,6,1,-1,-1,765,1,5,TRIUMPH STREET TRIPLE,3,E01017666,0,-1
2023332300911,2023,332300911,2,5,0,18,19,3,7,0,0,8,1,0,0,0,4,1,6,6,1,30,6,675,1,15,TRIUMPH STREET TRIPLE,4,E01025918,0,-1
2023010433752,2023,010433752,2,5,0,18,19,3,7,0,0,1,5,4,0,0,1,1,2,2,1,37,7,675,1,12,TRIUMPH STREET TRIPLE,6,E01024436,0,-1
202360A076646,2023,60A076646,1,5,0,13,13,4,8,0,0,0,0,0,0,0,1,1,6,6,2,29,6,675,1,9,TRIUMPH STREET TRIPLE,-1,-1,0,-1
2023461322301,2023,461322301,1,5,0,18,19,3,7,0,0,1,0,0,0,0,4,1,6,6,1,25,5,675,1,6,TRIUMPH STREET TRIPLE,4,E01024570,0,-1
2023430292132,2023,430292132,1,5,0,18,19,3,7,0,0,0,1,7,1,0,1,1,6,6,1,52,8,675,1,11,TRIUMPH STREET TRIPLE,9,E01027307,0,-1
2023421325307,2023,421325307,1,5,0,18,19,5,1,0,0,8,0,0,0,0,4,1,5,6,1,50,8,675,1,11,TRIUMPH STREET TRIPLE,10,E01021965,0,-1
2023401321066,2023,401321066,2,5,0,9,9,-1,-1,0,0,4,0,0,0,0,1,1,2,2,1,48,8,765,1,3,TRIUMPH STREET TRIPLE,8,E01027174,0,-1
2023451274918,2023,451274918,1,5,0,18,19,1,5,0,0,0,0,0,2,0,0,1,6,6,1,68,10,765,1,3,TRIUMPH STREET TRIPLE,1,E01004088,0,-1
2023010459737,2023,010459737,2,3,0,14,14,5,1,0,0,8,0,0,0,0,4,1,2,2,1,41,7,675,1,8,-1,8,E01030735,0,-1
2023421376261,2023,421376261,1,5,0,16,19,7,3,0,0,1,0,0,0,0,1,1,5,6,1,56,9,765,1,0,TRIUMPH STREET TRIPLE,10,E01021941,0,-1
2023231289302,2023,231289302,1,5,0,16,19,6,8,0,0,0,1,0,0,0,1,1,5,6,1,81,11,675,1,8,TRIUMPH STREET TRIPLE,7,E01031280,0,-1
2023411293138,2023,411293138,2,5,0,18,19,1,5,0,0,8,0,0,0,0,4,1,6,6,1,40,7,765,1,4,TRIUMPH STREET TRIPLE,10,E01023735,0,-1
2023161317368,2023,161317368,1,5,0,16,19,8,2,0,0,0,0,0,0,0,1,1,6,6,1,33,6,675,1,11,TRIUMPH STREET TRIPLE,4,E01013003,0,-1
2023451378370,2023,451378370,2,5,0,18,19,1,5,0,0,8,2,0,0,0,1,1,2,2,1,37,7,675,1,13,TRIUMPH STREET TRIPLE,9,E01030306,0,-1
2023461268852,2023,461268852,1,5,0,18,19,3,7,0,0,1,1,0,0,0,1,1,6,6,1,45,7,675,1,9,TRIUMPH STREET TRIPLE,4,E01024566,0,-1
2023141342459,2023,141342459,1,5,0,14,14,3,7,0,0,0,0,0,0,0,1,1,2,2,1,41,7,675,1,12,TRIUMPH STREET TRIPLE,4,E01008031,0,-1
2023122300477,2023,122300477,1,5,0,18,19,7,3,0,0,0,1,0,7,0,0,1,6,6,1,30,6,765,1,2,TRIUMPH STREET TRIPLE,6,E01025598,0,-1
2023440264258,2023,440264258,1,5,0,13,13,3,7,0,0,0,0,0,1,4,1,1,6,6,1,63,9,765,1,1,TRIUMPH STREET TRIPLE,10,E01016640,0,-1
2023122300591,2023,122300591,1,5,0,16,19,1,5,0,0,0,1,0,0,0,1,1,6,6,1,39,7,765,1,0,TRIUMPH STREET TRIPLE,2,E01012031,0,-1
2023010443182,2023,010443182,1,5,0,14,14,6,2,2,2,1,0,0,0,0,1,1,6,6,1,38,7,675,1,14,TRIUMPH STREET TRIPLE,3,E01033492,0,-1
2023061312515,2023,061312515,2,5,0,16,19,2,6,0,0,3,0,0,0,0,1,1,5,6,1,42,7,675,1,13,TRIUMPH STREET TRIPLE,2,E01004876,0,-1
2023520301570,2023,520301570,2,5,0,13,13,1,5,0,0,0,0,0,0,0,1,1,6,6,1,31,6,765,1,3,TRIUMPH STREET TRIPLE,7,E01029199,0,-1
2023440314144,2023,440314144,1,5,0,16,19,7,2,0,0,0,0,0,0,0,4,1,6,6,1,28,6,765,1,0,TRIUMPH STREET TRIPLE,9,E01015406,0,-1
2023122300540,2023,122300540,1,5,0,17,19,2,6,0,0,0,1,0,1,0,1,1,6,6,1,41,7,765,1,6,TRIUMPH STREET TRIPLE,3,E01024911,0,-1
2023461368809,2023,461368809,1,4,0,18,19,3,7,0,0,1,0,0,0,0,1,1,6,6,1,26,6,675,1,7,-1,3,E01016045,0,-1
2023111297114,2023,111297114,1,5,0,16,19,5,1,0,0,0,0,0,0,0,1,1,6,6,1,56,9,765,1,6,TRIUMPH STREET TRIPLE,9,E01020628,0,-1
2023471277798,2023,471277798,2,5,0,18,19,4,8,0,0,8,1,0,0,0,4,1,5,6,1,34,6,675,1,12,TRIUMPH STREET TRIPLE,1,E01020989,0,-1
2023461318163,2023,461318163,2,5,0,18,19,5,1,0,0,0,0,0,0,0,4,1,6,6,1,46,8,765,1,1,TRIUMPH STREET TRIPLE,-1,-1,0,-1
2023430421593,2023,430421593,2,5,0,3,3,3,7,0,0,1,0,0,0,0,2,1,2,2,1,43,7,675,1,15,TRIUMPH STREET TRIPLE,10,E01028815,0,-1
2023010438154,2023,010438154,2,5,0,5,5,3,7,0,0,1,0,0,0,0,1,1,2,2,1,37,7,675,1,13,TRIUMPH STREET TRIPLE,-1,-1,0,-1
2023461305640,2023,461305640,2,3,0,18,19,1,5,0,0,8,0,0,0,0,3,1,5,6,1,63,9,765,1,6,-1,2,E01024741,0,-1
2023111283426,2023,111283426,2,5,0,18,19,1,7,0,0,8,1,0,0,0,1,1,2,2,1,24,5,675,1,8,TRIUMPH STREET TRIPLE,3,E01020729,0,-1
2023471356008,2023,471356008,2,5,0,18,19,7,3,0,0,8,0,0,0,0,4,1,6,6,2,58,9,765,1,2,TRIUMPH STREET TRIPLE,8,E01021170,0,-1
2023546349423,2023,546349423,2,5,0,18,19,8,4,0,0,0,0,0,0,0,3,1,6,6,1,60,9,675,1,8,TRIUMPH STREET TRIPLE,6,E01032004,0,-1
2023052302047,2023,052302047,2,5,0,18,19,3,7,0,0,8,0,0,0,0,1,1,6,6,2,29,6,675,1,15,TRIUMPH STREET TRIPLE,3,E01006811,0,-1
2023122301157,2023,122301157,2,5,0,18,19,2,6,0,0,1,0,0,0,0,1,1,6,6,1,66,10,765,1,5,TRIUMPH STREET TRIPLE,6,E01027797,0,-1
2023622300956,2023,622300956,1,5,0,18,19,2,6,0,0,0,1,0,7,11,1,1,6,6,1,36,7,765,1,4,TRIUMPH STREET TRIPLE,4,W01001248,0,-1
2023201406363,2023,201406363,2,4,0,18,19,5,1,0,0,8,0,0,0,0,1,1,1,1,1,29,6,675,1,10,-1,4,E01029729,0,-1
2023010471629,2023,010471629,1,5,0,99,99,9,9,99,99,9,9,99,9,99,9,1,2,2,1,42,7,765,1,2,TRIUMPH STREET TRIPLE,9,E01000452,0,-1
2023010437258,2023,010437258,1,5,0,99,99,9,9,99,99,9,9,99,9,99,9,1,6,6,1,38,7,765,1,1,TRIUMPH STREET TRIPLE,1,E01004236,0,-1
2023552300788,2023,552300788,1,5,0,16,19,5,8,0,0,0,0,0,2,10,1,1,6,6,1,53,8,765,1,0,TRIUMPH STREET TRIPLE,5,E01020506,0,-1
2023430500366,2023,430500366,1,5,0,18,19,4,8,0,0,8,0,0,0,0,4,1,1,1,1,24,5,765,1,2,TRIUMPH STREET TRIPLE,-1,-1,0,-1
2023471370275,2023,471370275,2,5,0,18,19,7,3,0,0,1,1,0,0,0,1,1,2,2,1,35,6,675,1,13,TRIUMPH STREET TRIPLE,2,E01016854,0,-1
2023010434614,2023,010434614,1,5,0,18,19,7,3,0,0,2,5,0,0,0,1,1,6,6,1,48,8,765,1,5,TRIUMPH STREET TRIPLE,9,E01001132,0,-1
2023340WN5942,2023,340WN5942,2,5,0,18,19,5,1,0,0,3,0,0,0,0,4,1,6,6,1,35,6,765,1,0,TRIUMPH STREET TRIPLE,4,E01028466,0,-1
2023501300845,2023,501300845,2,5,0,18,19,6,3,2,2,0,2,0,0,0,3,1,2,2,1,33,6,675,1,13,TRIUMPH STREET TRIPLE,6,E01020145,0,-1
2023451334635,2023,451334635,2,5,0,18,19,1,5,0,0,3,1,0,0,0,4,1,5,6,1,42,7,765,1,0,TRIUMPH STREET TRIPLE,3,E01030793,0,-1
2023371354171,2023,371354171,2,3,0,15,15,5,8,0,0,1,0,0,0,0,4,1,2,2,1,45,7,675,1,7,-1,6,E01030003,0,-1
2023320323878,2023,320323878,2,5,0,13,13,8,4,0,0,1,0,0,0,0,4,1,6,6,2,42,7,765,1,3,TRIUMPH STREET TRIPLE,9,E01013265,0,-1
2023471278289,2023,471278289,1,5,0,18,19,3,7,0,0,0,0,0,0,0,3,1,2,2,1,30,6,675,1,11,TRIUMPH STREET TRIPLE,8,E01016901,0,-1
2023332300093,2023,332300093,1,5,0,7,7,2,4,0,0,6,1,10,0,0,1,1,6,6,1,44,7,675,1,11,TRIUMPH STREET TRIPLE,8,E01025698,0,-1
2023010457206,2023,010457206,2,5,0,9,9,7,4,0,0,1,1,0,0,0,1,1,2,2,1,57,9,675,1,13,TRIUMPH STREET TRIPLE,2,E01002831,0,-1
2023361330095,2023,361330095,2,5,0,3,3,7,3,0,0,0,0,0,0,0,1,1,6,6,1,64,9,675,1,7,TRIUMPH STREET TRIPLE,4,E01026898,0,-1
2023122400090,2023,122400090,2,5,0,5,5,1,5,0,0,4,1,0,0,0,1,1,6,6,2,56,9,765,1,1,TRIUMPH STREET TRIPLE,6,E01017674,0,-1
2023544810723,2023,544810723,2,5,0,18,19,3,7,0,0,1,0,0,0,0,1,1,6,6,1,36,7,675,1,9,TRIUMPH STREET TRIPLE,9,E01017150,0,-1
2023461348831,2023,461348831,2,5,0,18,19,6,2,0,0,0,5,0,0,0,4,1,6,6,1,30,6,765,1,2,TRIUMPH STREET TRIPLE,9,E01021026,0,-1
2023522400488,2023,522400488,2,5,0,13,13,6,2,0,0,0,0,0,0,0,1,1,6,6,1,35,6,765,1,5,TRIUMPH STREET TRIPLE,9,E01033333,0,-1
2023170S21623,2023,170S21623,1,5,0,18,19,4,8,0,0,3,1,0,0,0,3,1,6,6,1,42,7,765,1,4,TRIUMPH STREET TRIPLE,-1,-1,0,-1
2023421371231,2023,421371231,2,5,0,18,19,7,3,0,0,0,0,0,0,0,1,1,2,2,1,24,5,765,1,3,TRIUMPH STREET TRIPLE,9,E01021949,0,-1
2023361369182,2023,361369182,1,5,0,13,13,7,3,0,0,1,0,0,0,0,1,1,5,6,1,43,7,675,1,10,TRIUMPH STREET TRIPLE,7,E01026608,0,-1
2023010467377,2023,010467377,2,5,0,5,5,7,3,0,0,1,0,0,0,0,1,1,2,2,1,53,8,765,1,1,TRIUMPH STREET TRIPLE,10,E01030398,0,-1
2023440289665,2023,440289665,1,5,0,18,19,6,2,0,0,8,0,0,0,0,4,1,2,2,1,41,7,675,1,12,TRIUMPH STREET TRIPLE,4,E01023260,0,-1
2023041331940,2023,041331940,1,5,0,18,19,1,5,0,0,1,0,0,0,0,1,1,6,6,1,42,7,765,1,5,TRIUMPH STREET TRIPLE,2,E01025115,0,-1
2023440452173,2023,440452173,1,5,0,13,13,4,8,0,0,1,0,0,0,0,0,1,6,6,1,33,6,765,1,5,TRIUMPH STREET TRIPLE,10,E01022512,0,-1
2023501322061,2023,501322061,1,5,0,15,15,5,1,0,0,0,2,0,4,0,0,1,5,6,1,55,8,765,1,3,TRIUMPH STREET TRIPLE,10,E01019905,0,-1
2023221321547,2023,221321547,1,5,0,16,19,4,8,0,0,0,0,0,0,0,3,1,5,6,1,49,8,765,1,0,TRIUMPH STREET TRIPLE,9,E01032362,0,-1
2023070999465,2023,070999465,2,3,0,18,19,2,6,0,0,1,1,0,0,0,1,1,2,2,1,22,5,125,1,5,-1,1,E01018445,0,-1
2023201299240,2023,201299240,1,3,0,13,13,3,7,0,0,0,1,0,0,0,3,1,2,2,1,41,7,125,1,4,-1,3,E01008936,0,-1
2023010466442,2023,010466442,2,11,0,18,19,3,7,0,0,8,0,0,0,0,1,1,1,1,2,62,9,5132,2,6,WRIGHTBUS STREETLITE,2,E01001144,0,-1
2023421354156,2023,421354156,2,11,0,18,19,7,3,0,0,0,0,0,0,0,1,1,6,6,1,36,7,4461,2,9,WRIGHTBUS STREETLITE,5,E01021498,0,-1
2023141347400,2023,141347400,2,11,0,18,19,1,5,0,0,0,0,0,0,0,1,1,1,1,1,64,9,4461,2,9,WRIGHTBUS STREETLITE,1,E01007544,0,-1
2023010452762,2023,010452762,1,11,0,7,7,1,4,2,2,1,0,0,0,0,4,1,1,1,1,52,8,5132,2,4,WRIGHTBUS STREETLITE,3,E01001589,0,-1
2023461386387,2023,461386387,1,11,0,18,19,7,3,0,0,0,0,0,0,0,4,1,1,1,2,-1,-1,4461,2,9,WRIGHTBUS STREETLITE,4,E01016077,0,-1
2023221352374,2023,221352374,1,11,0,18,19,1,5,2,2,2,0,0,0,0,4,1,1,1,1,49,8,4461,2,8,WRIGHTBUS STREETLITE,3,E01014126,0,-1
2023010485121,2023,010485121,1,11,0,18,19,1,5,2,2,1,0,0,0,0,0,1,1,1,1,36,7,5132,2,7,WRIGHTBUS STREETLITE,3,E01001177,0,-1
2023010484607,2023,010484607,1,11,9,99,99,9,9,99,99,0,9,99,9,99,9,9,6,6,3,-1,-1,5132,2,4,WRIGHTBUS STREETLITE,-1,-1,0,-1
2023101349078,2023,101349078,1,11,0,4,4,2,6,0,0,1,0,0,0,0,1,1,1,1,2,45,7,4461,2,8,WRIGHTBUS STREETLITE,3,E01008649,0,-1
2023010481421,2023,010481421,1,11,0,11,11,1,5,0,0,0,0,0,0,0,3,1,1,1,1,21,5,5132,2,6,WRIGHTBUS STREETLITE,3,E01003331,0,-1
2023440340228,2023,440340228,1,11,0,5,5,3,7,0,0,0,0,0,0,0,1,1,1,1,1,56,9,4461,2,9,WRIGHTBUS STREETLITE,1,W01001643,0,-1
2023461330261,2023,461330261,2,11,5,18,19,3,7,0,0,0,0,0,0,0,1,1,3,7,1,46,8,4461,2,8,WRIGHTBUS STREETLITE,5,E01016151,0,-1
2023041352899,2023,041352899,2,11,0,18,19,3,7,6,6,0,0,0,0,0,1,1,1,1,1,55,8,4461,2,11,WRIGHTBUS STREETLITE,4,E01025119,0,-1
2023421299951,2023,421299951,3,11,0,18,19,4,8,0,0,0,0,0,0,0,1,1,1,1,1,38,7,5132,2,8,WRIGHTBUS STREETLITE,2,E01021685,0,-1
2023010455150,2023,010455150,1,11,0,5,5,1,5,0,0,0,0,0,0,0,0,1,1,1,1,59,9,5132,2,6,WRIGHTBUS STREETLITE,3,E01004183,0,-1
2023440435435,2023,440435435,1,11,0,18,19,3,7,0,0,2,0,0,0,0,3,1,1,1,1,63,9,5132,2,1,WRIGHTBUS STREETLITE,6,E01022824,0,-1
2023440188093,2023,440188093,2,11,0,18,19,3,7,0,0,1,0,0,0,0,1,1,1,1,1,-1,-1,4461,2,10,WRIGHTBUS STREETLITE,-1,-1,0,-1
2023141302350,2023,141302350,1,11,0,18,19,2,6,0,0,1,0,0,0,0,1,1,1,1,1,56,9,4461,2,10,WRIGHTBUS STREETLITE,1,E01007507,0,-1
2023361388799,2023,361388799,2,11,0,18,19,1,5,0,0,0,0,0,0,0,3,1,1,1,1,31,6,4461,2,9,WRIGHTBUS STREETLITE,8,E01026551,0,-1
2023010480305,2023,010480305,1,11,0,9,9,1,7,0,0,3,0,0,0,0,1,1,6,6,2,58,9,5132,2,6,WRIGHTBUS STREETLITE,2,E01001161,0,-1
2023622300504,2023,622300504,1,11,0,18,19,6,2,0,0,1,0,0,0,0,3,1,1,1,1,60,9,4461,2,10,WRIGHTBUS STREETLITE,5,W01000851,0,-1
2023302301042,2023,302301042,2,11,0,9,9,1,7,0,0,8,0,0,0,0,1,1,1,1,1,23,5,5132,2,4,WRIGHTBUS STREETLITE,8,E01033170,0,-1
2023461305492,2023,461305492,1,11,0,7,7,7,3,2,2,2,0,0,0,0,4,1,5,6,1,62,9,4461,2,9,WRIGHTBUS STREETLITE,3,E01016102,0,-1
2023010464996,2023,010464996,1,11,0,4,4,1,5,2,2,8,0,0,0,0,0,1,1,1,1,31,6,5132,2,6,WRIGHTBUS STREETLITE,5,E01003638,0,-1
2023170L20493,2023,170L20493,2,11,0,18,19,6,2,0,0,1,0,0,0,0,1,1,1,1,1,28,6,4461,2,9,WRIGHTBUS STREETLITE,-1,-1,0,-1
2023401383306,2023,401383306,1,11,0,17,19,7,3,0,0,0,0,0,0,0,1,1,1,1,1,26,6,4461,2,8,WRIGHTBUS STREETLITE,2,E01017601,0,-1
2023101270964,2023,101270964,1,11,0,4,4,8,4,0,0,0,0,0,0,0,4,1,1,1,1,30,6,4461,2,8,WRIGHTBUS STREETLITE,2,E01008867,0,-1
2023221313847,2023,221313847,1,11,0,18,19,8,4,0,0,0,0,0,0,0,4,1,1,1,1,65,9,5132,2,4,WRIGHTBUS STREETLITE,1,E01032469,0,-1
2023041363071,2023,041363071,2,11,0,18,19,7,7,0,0,1,0,0,0,0,1,1,1,1,1,48,8,4461,2,10,WRIGHTBUS STREETLITE,2,E01033223,0,-1
2023010463896,2023,010463896,1,11,0,5,5,7,3,0,0,0,0,0,0,0,1,1,1,1,1,39,7,5132,2,6,WRIGHTBUS STREETLITE,-1,-1,0,-1
2023421298957,2023,421298957,2,11,0,17,19,1,5,0,0,0,0,0,0,0,3,1,1,1,1,30,6,4461,2,9,WRIGHTBUS STREETLITE,8,E01021347,0,-1
2023010437033,2023,010437033,1,11,0,2,2,0,0,0,0,1,0,0,0,0,3,1,6,6,3,-1,-1,4500,2,8,WRIGHTBUS STREETLITE,-1,-1,0,-1
2023010449424,2023,010449424,2,11,0,4,4,4,8,3,2,0,0,0,0,0,2,1,6,6,1,53,8,5132,2,4,WRIGHTBUS STREETLITE,2,E01023119,0,-1
2023010447981,2023,010447981,1,11,0,5,5,3,7,0,0,0,0,0,0,0,0,1,1,1,1,49,8,5132,2,7,WRIGHTBUS STREETLITE,2,E01004574,0,-1
2023141271813,2023,141271813,2,11,0,2,2,0,0,0,0,2,0,0,0,0,2,1,1,1,1,34,6,4461,2,9,WRIGHTBUS STREETLITE,1,E01007760,0,-1
2023010474935,2023,010474935,2,11,0,99,99,9,9,99,99,0,9,99,9,99,1,9,6,6,3,-1,-1,5132,2,4,WRIGHTBUS STREETLITE,2,E01003194,0,-1
2023010451974,2023,010451974,1,11,0,5,5,5,1,0,0,1,0,0,0,0,0,1,1,1,2,58,9,5132,2,6,WRIGHTBUS STREETLITE,2,E01001161,0,-1
2023010436337,2023,010436337,1,11,0,5,5,1,5,0,0,2,0,0,0,0,0,1,1,1,1,43,7,-1,3,1,WRIGHTBUS STREETLITE,3,E01002393,0,-1
2023111308922,2023,111308922,1,11,0,7,7,3,4,0,0,3,0,0,0,0,1,1,1,1,1,53,8,4461,2,7,WRIGHTBUS STREETLITE,1,E01008836,0,-1
2023361388799,2023,361388799,1,11,0,18,19,5,1,0,0,0,0,0,0,0,3,1,1,1,1,57,9,4461,2,9,WRIGHTBUS STREETLITE,6,E01026431,0,-1
2023991362844,2023,991362844,2,11,0,18,19,3,7,2,2,1,0,0,0,0,1,1,1,1,1,57,9,4461,2,9,WRIGHTBUS STREETLITE,8,-1,0,-1
2023471354603,2023,471354603,2,11,0,2,2,0,0,0,0,0,0,0,0,0,2,1,1,1,1,48,8,5132,2,7,WRIGHTBUS STREETLITE,6,E01031554,0,-1
2023461363866,2023,461363866,1,11,0,18,19,5,1,0,0,0,0,0,0,0,1,1,1,1,1,62,9,4461,2,9,WRIGHTBUS STREETLITE,4,E01016128,0,-1
2023201309946,2023,201309946,2,11,0,18,19,8,4,0,0,8,1,0,0,0,1,1,1,1,1,54,8,5132,2,4,WRIGHTBUS STREETLITE,2,E01010077,0,-1
2023010456981,2023,010456981,1,11,0,5,5,5,1,0,0,8,0,0,0,0,0,1,1,1,2,50,8,5132,2,8,WRIGHTBUS STREETLITE,4,E01000787,0,-1
2023320181874,2023,320181874,1,11,0,18,19,2,6,0,0,0,0,0,0,0,1,1,1,1,1,62,9,4461,2,12,WRIGHTBUS STREETLITE,2,E01026175,0,-1
2023440402577,2023,440402577,1,11,0,9,9,6,4,0,0,6,0,0,0,0,4,1,1,1,3,-1,-1,4461,2,9,WRIGHTBUS STREETLITE,-1,-1,0,-1
2023061300496,2023,061300496,2,11,0,18,19,2,6,0,0,1,0,0,0,0,1,1,1,1,1,61,9,5132,2,7,WRIGHTBUS STREETLITE,3,E01006376,0,-1
2023141297555,2023,141297555,1,11,0,5,5,7,3,0,0,2,0,0,0,0,1,1,1,1,1,58,9,4461,2,10,WRIGHTBUS STREETLITE,1,E01007919,0,-1
2023622300215,2023,622300215,1,11,0,5,5,6,2,0,0,0,0,0,0,0,1,1,1,1,1,50,8,5132,2,8,WRIGHTBUS STREETLITE,1,W01000832,0,-1
2023101346150,2023,101346150,1,11,0,4,4,1,5,0,0,8,0,0,0,0,0,1,1,1,1,60,9,4461,2,8,WRIGHTBUS STREETLITE,1,E01008827,0,-1
2023101316822,2023,101316822,1,11,0,4,4,6,2,0,0,8,0,0,0,0,0,1,1,1,1,62,9,5132,2,6,WRIGHTBUS STREETLITE,9,E01027405,0,-1
2023010438221,2023,010438221,1,11,0,7,7,5,7,0,0,1,0,0,0,0,0,1,6,6,1,48,8,5132,2,4,WRIGHTBUS STREETLITE,1,E01002074,0,-1
2023010436116,2023,010436116,1,11,0,18,19,3,7,0,0,0,0,0,0,0,1,1,1,1,1,20,4,5132,2,4,WRIGHTBUS STREETLITE,3,E01002102,0,-1
2023010426507,2023,010426507,1,11,9,99,99,9,9,99,99,9,9,99,9,99,9,9,6,6,3,-1,-1,4461,2,9,WRIGHTBUS STREETLITE,-1,-1,0,-1
2023991272508,2023,991272508,1,11,0,18,19,2,6,0,0,0,0,0,0,0,1,1,1,1,1,33,6,5132,2,8,WRIGHTBUS STREETLITE,4,-1,0,-1
2023111328102,2023,111328102,2,11,0,18,19,3,6,0,0,8,0,0,0,0,3,1,1,1,1,36,7,4461,2,7,WRIGHTBUS STREETLITE,3,E01008826,0,-1
2023010442381,2023,010442381,1,11,0,18,19,1,5,0,0,4,0,0,0,0,0,1,1,1,1,51,8,4500,2,8,WRIGHTBUS STREETLITE,10,E01004093,0,-1
2023201291229,2023,201291229,1,11,0,5,5,4,6,0,0,4,0,0,0,0,1,1,1,1,1,56,9,5132,2,4,WRIGHTBUS STREETLITE,5,E01010393,0,-1
2023421331616,2023,421331616,1,11,0,18,19,3,7,0,0,0,0,4,0,0,1,1,1,1,1,50,8,5132,2,8,WRIGHTBUS STREETLITE,-1,-1,0,-1
2023201342635,2023,201342635,1,11,0,18,19,2,6,0,0,4,0,0,0,0,3,1,1,1,1,-1,-1,5132,2,4,WRIGHTBUS STREETLITE,-1,-1,0,-1
2023991328097,2023,991328097,1,11,0,9,9,6,3,0,0,6,0,11,0,0,1,1,1,1,1,25,5,4461,2,9,WRIGHTBUS STREETLITE,1,-1,0,-1
2023542545523,2023,542545523,1,11,0,5,5,2,6,8,6,0,0,0,0,0,0,1,1,1,1,54,8,4461,2,11,WRIGHTBUS STREETLITE,3,E01015530,0,-1
2023401283546,2023,401283546,1,11,0,14,14,1,5,0,0,1,0,4,0,0,1,1,1,1,1,57,9,4461,2,9,WRIGHTBUS STREETLITE,4,E01015722,0,-1
2023170L30383,2023,170L30383,1,11,0,18,19,1,5,0,0,1,0,0,0,0,0,1,1,1,1,37,7,4461,2,9,WRIGHTBUS STREETLITE,8,E01012154,0,-1
2023010479255,2023,010479255,1,11,0,5,5,2,6,2,2,1,0,0,0,0,0,1,1,1,1,60,9,5132,2,7,WRIGHTBUS STREETLITE,3,E01004571,0,-1
2023010477080,2023,010477080,1,11,0,5,5,5,1,0,0,1,0,0,0,0,4,1,1,1,1,69,10,5132,2,8,WRIGHTBUS STREETLITE,2,E01001331,0,-1
2023221301553,2023,221301553,2,11,0,18,19,8,4,0,0,8,0,0,0,0,3,1,1,1,2,48,8,4461,2,8,WRIGHTBUS STREETLITE,1,E01014113,0,-1
2023010439129,2023,010439129,1,11,0,18,19,7,3,2,2,1,0,0,0,0,0,1,1,1,1,56,9,5132,2,7,WRIGHTBUS STREETLITE,3,E01004528,0,-1
2023141380045,2023,141380045,1,11,0,2,2,5,1,2,2,2,0,0,0,0,3,1,1,1,1,52,8,5132,2,7,WRIGHTBUS STREETLITE,1,E01008096,0,-1
2023010466091,2023,010466091,2,11,0,17,19,7,3,0,0,8,0,0,0,0,3,1,1,1,1,52,8,4461,2,10,WRIGHTBUS STREETLITE,5,E01003368,0,-1
2023101272368,2023,101272368,1,11,0,17,19,1,5,0,0,0,0,0,0,0,0,1,1,1,1,47,8,4461,2,7,WRIGHTBUS STREETLITE,1,E01033075,0,-1
2023010463190,2023,010463190,1,11,0,4,4,5,1,0,0,1,0,0,0,0,0,1,1,1,1,47,8,5132,2,6,WRIGHTBUS STREETLITE,2,E01033713,0,-1
2023461295878,2023,461295878,1,11,0,4,4,4,7,0,0,0,0,0,0,0,4,1,6,6,1,59,9,4461,2,8,WRIGHTBUS STREETLITE,5,E01016156,0,-1
2023101338492,2023,101338492,2,11,0,18,19,1,2,0,0,0,0,0,0,0,0,1,1,1,1,55,8,5132,2,6,WRIGHTBUS STREETLITE,2,E01008489,0,-1