collision_index,collision_year,collision_ref_no,vehicle_reference,vehicle_type,towing_and_articulation,vehicle_manoeuvre_historic,vehicle_manoeuvre,vehicle_direction_from,vehicle_direction_to,vehicle_location_restricted_lane_historic,vehicle_location_restricted_lane,junction_location,skidding_and_overturning,hit_object_in_carriageway,vehicle_leaving_carriageway,hit_object_off_carriageway,first_point_of_impact,vehicle_left_hand_drive,journey_purpose_of_driver_historic,journey_purpose_of_driver,sex_of_driver,age_of_driver,age_band_of_driver,engine_capacity_cc,propulsion_code,age_of_vehicle,generic_make_model,driver_imd_decile,lsoa_of_driver,escooter_flag,driver_distance_banding
2023440137492,2023,440137492,1,11,0,18,19,1,5,0,0,0,0,0,0,0,1,1,1,1,1,55,8,5132,2,8,WRIGHTBUS STREETLITE,8,E01022825,0,-1
2023361322991,2023,361322991,1,5,0,13,13,8,4,0,0,0,0,0,0,0,4,1,5,6,1,19,4,599,1,13,YAMAHA XJ,5,E01026645,0,-1
2023361357054,2023,361357054,1,5,0,14,14,7,3,0,0,1,0,0,0,0,4,1,2,2,1,61,9,600,1,7,YAMAHA XJ,4,E01026665,0,-1
2023421356833,2023,421356833,1,4,0,5,5,5,1,2,2,0,5,0,0,0,1,1,2,2,1,32,6,599,1,13,-1,7,E01021385,0,-1
2023552300472,2023,552300472,2,5,0,18,19,2,6,0,0,8,0,0,0,0,1,1,2,2,1,58,9,598,1,26,YAMAHA XJ,5,E01020431,0,-1
2023351369817,2023,351369817,2,5,-1,-1,-1,-1,-1,-1,-1,-1,-1,-1,-1,0,-1,1,6,6,1,25,5,599,1,13,YAMAHA XJ,7,E01018082,0,-1
2023010448104,2023,010448104,2,5,0,15,15,5,1,2,2,8,5,0,0,0,1,1,6,6,1,24,5,599,1,14,YAMAHA XJ,3,E01000872,0,-1
2023010472340,2023,010472340,1,5,0,18,19,5,1,2,2,1,0,0,0,0,1,1,6,6,1,22,5,600,1,9,YAMAHA XJ,-1,-1,0,-1
2023010422767,2023,010422767,1,5,0,13,13,5,1,0,0,2,1,0,0,0,1,1,6,6,1,21,5,600,1,11,YAMAHA XJ,3,E01003630,0,-1
2023010480088,2023,010480088,1,5,0,99,99,9,9,99,99,9,9,99,9,99,2,1,6,6,1,45,7,600,1,10,YAMAHA XJ,8,E01003470,0,-1
2023531313998,2023,531313998,1,5,0,9,9,8,6,0,0,8,0,0,0,0,1,1,2,2,1,28,6,599,1,12,YAMAHA XJ,10,E01022172,0,-1
2023010483336,2023,010483336,1,5,0,99,99,9,9,99,99,9,9,8,9,99,9,1,2,2,1,41,7,599,1,14,YAMAHA XJ,6,E01002933,0,-1
2023361371652,2023,361371652,1,5,0,7,7,1,7,0,0,0,0,0,0,0,1,1,6,6,1,42,7,599,1,21,YAMAHA XJ,5,E01026866,0,-1
2023430536371,2023,430536371,1,5,0,18,19,2,6,0,0,0,1,0,0,0,0,1,6,6,1,21,5,600,1,12,YAMAHA XJ,7,E01028521,0,-1
2023141328731,2023,141328731,2,5,0,18,19,2,6,0,0,2,5,0,0,0,3,1,5,6,1,41,7,892,1,21,YAMAHA XJ,2,E01007495,0,-1
2023440403639,2023,440403639,1,5,0,18,19,1,5,0,0,1,1,0,0,0,0,1,1,1,1,32,6,598,1,23,YAMAHA XJ,9,E01023191,0,-1
2023451322326,2023,451322326,1,5,0,18,19,3,7,0,0,1,5,1,0,0,3,1,2,2,1,22,5,599,1,9,YAMAHA XJ,10,E01030607,0,-1
2023401389518,2023,401389518,2,2,0,15,15,1,5,2,2,0,0,0,0,0,1,1,6,6,1,24,5,600,1,10,-1,7,E01017527,0,-1
2023201310791,2023,201310791,1,5,0,18,19,2,6,0,0,8,1,0,0,0,1,1,6,6,1,21,5,600,1,8,YAMAHA XJ,2,E01009499,0,-1
2023010481571,2023,010481571,1,5,0,5,5,7,3,0,0,1,0,0,0,0,2,1,6,6,1,33,6,599,1,14,YAMAHA XJ,1,E01004035,0,-1
2023010454290,2023,010454290,2,5,0,16,19,5,1,0,0,0,0,0,0,0,1,1,6,6,1,26,6,600,1,11,YAMAHA XJ,2,E01003190,0,-1
2023010474008,2023,010474008,1,3,0,4,4,3,7,0,0,0,0,0,0,0,1,1,2,2,1,30,6,599,1,14,-1,3,E01004630,0,-1
2023471359083,2023,471359083,2,5,0,18,19,8,4,0,0,1,0,0,0,0,0,1,5,6,1,34,6,598,1,23,YAMAHA XJ,3,E01020996,0,-1
2023361272534,2023,361272534,2,5,0,18,19,4,8,0,0,1,5,0,0,0,4,1,6,6,1,31,6,599,1,13,YAMAHA XJ,5,E01026712,0,-1
2023401311726,2023,401311726,1,5,0,16,19,1,3,0,0,2,1,11,1,0,4,1,6,6,1,54,8,600,1,9,YAMAHA XJ,4,E01027059,0,-1
2023010467211,2023,010467211,2,5,0,18,19,1,5,0,0,0,0,0,0,0,1,1,6,6,1,33,6,599,1,13,YAMAHA XJ,2,E01002068,0,-1
2023010455686,2023,010455686,1,5,0,99,99,9,9,99,99,9,9,99,9,99,1,1,2,2,1,23,5,599,1,13,YAMAHA XJ,3,E01001175,0,-1
2023010470335,2023,010470335,1,5,0,99,99,9,9,99,99,9,9,99,9,99,9,1,6,6,1,29,6,599,1,12,YAMAHA XJ,2,E01003120,0,-1
2023010471355,2023,010471355,1,5,0,18,19,7,3,0,0,1,0,0,0,0,0,1,6,6,1,30,6,599,1,14,YAMAHA XJ,2,E01004238,0,-1
2023010438751,2023,010438751,4,5,0,2,2,0,0,0,0,2,0,0,0,0,2,1,6,6,3,-1,-1,600,1,10,YAMAHA XJ,-1,-1,0,-1
2023010466449,2023,010466449,2,5,0,15,15,7,3,0,0,1,2,0,0,0,1,1,6,6,1,59,9,600,1,11,YAMAHA XJ,4,E01004015,0,-1
2023061307942,2023,061307942,2,5,0,13,13,1,5,0,0,8,0,0,0,0,4,1,2,2,1,50,8,600,1,9,YAMAHA XJ,-1,-1,0,-1
2023440052583,2023,440052583,1,4,0,13,13,5,2,0,0,0,0,0,0,0,1,1,6,6,1,27,6,599,1,13,-1,3,E01017360,0,-1
2023010482526,2023,010482526,1,5,0,99,99,9,9,99,99,9,9,99,9,99,1,1,6,6,1,37,7,600,1,10,YAMAHA XJ,4,E01000171,0,-1
2023010478313,2023,010478313,2,5,0,18,19,3,7,0,0,1,0,0,0,0,1,1,1,1,1,29,6,600,1,8,YAMAHA XJ,9,E01000351,0,-1
2023131370227,2023,131370227,2,5,0,18,19,1,5,0,0,0,1,0,0,0,1,1,6,6,1,64,9,598,1,23,YAMAHA XJ,8,E01007379,0,-1
2023041319969,2023,041319969,1,5,0,18,19,5,1,0,0,0,0,0,0,0,1,1,5,6,1,60,9,599,1,21,YAMAHA XJ,1,E01025189,0,-1
2023622300745,2023,622300745,2,5,0,3,3,6,2,0,0,1,0,0,0,0,2,1,6,6,1,57,9,600,1,11,YAMAHA XJ,1,W01001873,0,-1
2023311317915,2023,311317915,1,5,0,17,19,3,7,0,0,0,5,10,2,0,1,1,6,6,1,21,5,599,1,13,YAMAHA XJ,-1,-1,0,-1
2023622300440,2023,622300440,2,5,0,18,19,6,2,0,0,8,0,0,0,0,1,1,6,6,1,28,6,599,1,13,YAMAHA XJ,3,W01001830,0,-1
202360A116417,2023,60A116417,1,5,0,18,19,3,7,0,0,0,2,11,0,11,4,1,2,2,1,21,5,599,1,13,YAMAHA XJ,-1,-1,0,-1
2023371340582,2023,371340582,1,5,0,18,19,7,3,0,0,0,0,0,0,0,3,1,5,6,1,22,5,892,1,25,YAMAHA XJ,6,E01029956,0,-1
2023010466409,2023,010466409,2,5,0,18,19,1,5,0,0,1,0,0,0,0,1,1,6,6,1,19,4,599,1,14,YAMAHA XJ,2,E01001152,0,-1
2023010484021,2023,010484021,1,5,0,99,99,9,9,99,99,0,9,99,9,99,9,1,1,1,1,38,7,892,1,24,YAMAHA XJ,4,E01015957,0,-1
2023461437896,2023,461437896,1,5,0,18,19,1,5,0,0,0,1,0,0,0,1,1,2,2,1,40,7,600,1,11,YAMAHA XJ,10,E01016145,0,-1
2023010458870,2023,010458870,2,5,0,9,9,1,7,0,0,8,0,0,0,0,1,1,1,1,1,41,7,599,1,12,YAMAHA XJ,2,E01003120,0,-1
2023552300423,2023,552300423,1,5,0,18,19,3,7,0,0,0,1,0,7,11,1,1,6,6,1,17,4,599,1,13,YAMAHA XJ,-1,-1,0,-1
2023471363090,2023,471363090,2,5,0,13,13,7,3,0,0,0,0,0,0,0,1,1,5,6,1,34,6,599,1,13,YAMAHA XJ,4,E01021002,0,-1
2023552300388,2023,552300388,2,5,0,18,19,1,5,0,0,8,0,0,0,0,1,1,6,6,1,27,6,599,1,13,YAMAHA XJ,4,E01015326,0,-1
202354A106723,2023,54A106723,2,5,0,13,13,4,8,0,0,0,1,0,0,0,1,1,6,6,1,20,4,599,1,12,YAMAHA XJ,10,E01032072,0,-1
2023010427703,2023,010427703,1,5,0,99,99,9,9,99,99,9,9,99,9,99,1,1,6,6,1,34,6,600,1,11,YAMAHA XJ,1,E01033455,0,-1
2023010435353,2023,010435353,2,3,0,4,4,1,5,0,0,0,0,0,1,0,2,1,6,6,1,29,6,600,1,11,-1,2,E01001912,0,-1
2023010453424,2023,010453424,2,4,0,18,19,7,3,0,0,3,1,0,0,0,4,1,2,2,1,36,7,600,1,10,-1,3,E01001629,0,-1
2023010479519,2023,010479519,1,5,0,13,13,7,3,0,0,0,1,0,4,6,4,1,6,6,1,31,6,599,1,13,YAMAHA XJ,4,E01002406,0,-1
2023010441230,2023,010441230,2,5,0,18,19,1,5,0,0,0,0,0,0,0,4,1,6,6,1,25,5,600,1,11,YAMAHA XJ,2,E01004287,0,-1
2023421286866,2023,421286866,2,4,0,18,19,5,1,0,0,3,0,0,0,0,3,1,2,2,1,58,9,459,1,18,-1,9,E01021943,0,-1
2023211397660,2023,211397660,7,17,5,18,19,8,4,0,0,0,0,4,0,0,2,1,1,1,1,20,4,6728,2,7,CASE IH MODEL MISSING,4,E01029797,0,-1
2023471308133,2023,471308133,2,17,5,18,19,6,2,0,0,0,0,0,1,0,3,1,1,1,1,33,6,-1,2,32,CASE IH MODEL MISSING,8,E01021147,0,-1
2023231342586,2023,231342586,2,17,0,9,9,6,3,0,0,5,0,0,0,0,0,1,1,1,1,25,5,6728,2,4,CASE IH MODEL MISSING,7,E01031212,0,-1
2023631383008,2023,631383008,1,17,0,18,19,8,4,0,0,0,0,0,0,0,1,1,1,1,1,71,10,3387,2,8,CASE IH MODEL MISSING,6,W01000687,0,-1
2023552301225,2023,552301225,2,17,4,17,19,4,2,0,0,0,0,0,0,0,1,1,1,1,1,63,9,6728,2,4,CASE IH MODEL MISSING,7,E01020430,0,-1
2023991350472,2023,991350472,2,17,0,3,3,8,4,0,0,0,0,0,0,0,2,1,1,1,1,21,5,6728,2,6,CASE IH MODEL MISSING,7,-1,0,-1
2023340WN4422,2023,340WN4422,2,17,0,7,7,6,8,0,0,5,0,0,0,0,4,1,1,1,1,21,5,6728,2,8,CASE IH MODEL MISSING,9,E01027286,0,-1
2023302301789,2023,302301789,1,17,0,18,19,8,2,0,0,2,0,0,0,0,3,1,1,1,1,18,4,-1,2,36,CASE IH MODEL MISSING,7,E01019769,0,-1
2023320570859,2023,320570859,1,17,0,9,9,8,6,0,0,6,0,0,0,0,1,1,1,1,1,51,8,6728,2,5,CASE IH MODEL MISSING,5,E01026052,0,-1
2023501304109,2023,501304109,1,17,4,9,9,8,6,0,0,0,0,0,0,0,1,1,6,6,1,44,7,6728,2,13,CASE IH MODEL MISSING,4,E01018881,0,-1
2023122301231,2023,122301231,1,17,5,18,19,5,1,0,0,0,0,0,0,0,2,1,1,1,1,45,7,14859,2,13,CASE IH MODEL MISSING,9,E01027920,0,-1
2023520301533,2023,520301533,2,17,5,9,9,6,4,0,0,8,0,0,0,0,1,1,6,6,1,28,6,6728,2,3,CASE IH MODEL MISSING,4,E01032627,0,-1
2023991356554,2023,991356554,2,17,0,18,19,7,3,0,0,0,0,0,0,0,2,1,1,1,1,17,4,-1,2,26,CASE IH MODEL MISSING,6,-1,0,-1
2023421339478,2023,421339478,2,17,5,18,19,3,7,0,0,0,0,0,0,0,3,1,1,1,1,54,8,6728,2,4,CASE IH MODEL MISSING,5,E01021550,0,-1
2023320747182,2023,320747182,2,17,0,10,10,4,2,0,0,1,0,0,0,0,2,1,1,1,1,36,7,-1,2,31,CASE IH MODEL MISSING,-1,-1,0,-1
2023991272854,2023,991272854,2,9,0,5,5,3,7,0,0,0,0,0,0,0,2,1,6,6,2,46,8,1997,2,10,CITROEN DS4,1,-1,0,-1
2023401368899,2023,401368899,3,9,0,18,19,1,5,0,0,1,0,0,0,0,2,1,6,6,1,21,5,1997,2,12,CITROEN DS4,2,E01015779,0,-1
2023161387822,2023,161387822,1,9,0,9,9,6,5,0,0,1,0,0,0,0,1,1,6,6,2,-1,-1,1560,2,10,CITROEN DS4,6,E01013176,0,-1
2023991320927,2023,991320927,2,9,0,16,19,2,6,0,0,1,5,0,7,11,1,1,2,2,1,65,9,1560,2,9,CITROEN DS4,9,-1,0,-1
2023401264309,2023,401264309,1,9,0,17,19,4,8,0,0,0,0,0,0,0,3,1,6,6,1,-1,-1,1560,2,12,CITROEN DS4,-1,-1,0,-1
2023332300837,2023,332300837,1,9,0,4,4,5,1,0,0,1,0,0,0,0,2,1,6,6,2,30,6,1560,2,10,CITROEN DS4,4,E01025900,0,-1
2023320133946,2023,320133946,1,9,0,18,19,6,2,0,0,8,0,0,0,0,1,1,6,6,2,37,7,1560,2,9,CITROEN DS4,4,E01026019,0,-1
2023010441182,2023,010441182,1,9,0,8,8,4,7,0,0,8,0,0,1,0,2,1,2,2,2,54,8,1560,2,8,CITROEN DS4,7,E01003682,0,-1
2023052302671,2023,052302671,2,9,0,18,19,7,3,0,0,8,0,0,0,0,1,1,1,1,2,28,6,1997,2,8,CITROEN DS4,2,E01006819,0,-1
2023544258523,2023,544258523,3,9,0,18,19,2,6,0,0,1,0,0,0,0,1,1,6,6,1,24,5,1997,2,10,CITROEN DS4,2,E01010449,0,-1
2023471350929,2023,471350929,1,9,0,18,19,4,8,0,0,0,0,0,0,0,1,1,5,6,2,35,6,1560,2,9,CITROEN DS4,8,E01021176,0,-1
2023161292598,2023,161292598,2,9,0,18,19,1,5,0,0,0,0,0,0,0,1,1,5,6,1,27,6,1997,2,10,CITROEN DS4,3,E01013158,0,-1
2023201273099,2023,201273099,1,9,0,18,19,6,2,0,0,2,0,0,0,0,1,1,6,6,3,-1,-1,1598,1,10,CITROEN DS4,-1,-1,0,-1
2023141309813,2023,141309813,2,9,0,2,2,0,0,0,0,0,0,0,0,0,2,1,6,6,1,31,6,1560,2,10,CITROEN DS4,8,E01033501,0,-1
2023111370525,2023,111370525,1,9,0,5,5,3,8,0,0,8,0,0,0,0,1,1,5,6,2,29,6,1560,2,11,CITROEN DS4,2,E01020838,0,-1
2023070627811,2023,070627811,1,9,0,17,19,7,3,0,0,1,1,0,1,4,1,1,6,6,2,21,5,1598,1,11,CITROEN DS4,4,E01018329,0,-1
2023631390356,2023,631390356,1,9,0,18,19,5,1,0,0,0,0,0,0,0,3,1,2,2,1,54,8,1560,2,10,CITROEN DS4,3,W01000732,0,-1
2023421323359,2023,421323359,1,9,0,18,19,3,7,0,0,8,0,0,0,0,1,1,2,2,2,44,7,1560,2,8,CITROEN DS4,4,E01021707,0,-1
2023501309426,2023,501309426,1,9,0,18,19,5,1,0,0,1,0,0,0,0,1,1,6,6,1,25,5,1560,2,10,CITROEN DS4,10,E01019905,0,-1
2023131263112,2023,131263112,2,9,0,-1,-1,-1,-1,-1,-1,-1,-1,-1,-1,-1,-1,1,6,6,3,-1,-1,1997,2,11,CITROEN DS4,-1,-1,0,-1
2023041285446,2023,041285446,2,9,0,18,19,5,1,0,0,4,0,0,0,0,2,1,5,6,2,34,6,1997,2,11,CITROEN DS4,7,E01012602,0,-1
2023161368037,2023,161368037,2,9,0,18,19,7,3,0,0,8,0,0,0,0,1,2,5,6,1,76,11,1560,2,9,CITROEN DS4,4,E01026377,0,-1
2023351388250,2023,351388250,1,9,0,1,1,-1,-1,0,0,0,0,4,0,0,2,1,6,6,2,53,8,1560,2,12,CITROEN DS4,1,E01033112,0,-1
2023131370866,2023,131370866,1,9,0,5,5,3,7,0,0,0,0,0,4,0,1,1,5,6,1,30,6,1560,2,11,CITROEN DS4,3,E01015292,0,-1
2023471368323,2023,471368323,1,9,0,18,19,1,5,0,0,0,0,0,0,0,4,1,6,6,1,33,6,1598,1,10,CITROEN DS4,5,E01031585,0,-1
2023461369021,2023,461369021,2,9,0,2,2,3,7,0,0,0,0,0,0,0,0,1,6,6,1,46,8,1560,2,9,CITROEN DS4,3,E01024481,0,-1
2023522400365,2023,522400365,2,9,0,7,7,1,3,0,0,8,0,0,0,0,1,1,6,6,1,-1,-1,1997,2,9,CITROEN DS4,-1,-1,0,-1
2023141304074,2023,141304074,2,9,0,4,4,7,3,0,0,0,0,0,0,0,2,1,6,6,2,29,6,1560,2,11,CITROEN DS4,9,E01007711,0,-1
2023991327629,2023,991327629,2,9,0,18,19,6,2,0,0,0,0,0,0,0,1,1,6,6,2,37,7,1997,2,9,CITROEN DS4,-1,-1,0,-1
2023071048366,2023,071048366,2,9,0,4,4,3,7,0,0,0,0,0,0,0,2,1,6,6,1,82,11,1997,2,9,CITROEN DS4,-1,-1,0,-1
2023631382129,2023,631382129,3,9,0,2,2,0,0,0,0,0,0,0,0,0,4,1,6,6,2,-1,-1,1560,2,9,CITROEN DS4,2,W01000705,0,-1
2023991343229,2023,991343229,2,9,0,6,6,7,3,0,0,8,0,0,0,0,3,2,5,6,1,40,7,1560,2,10,CITROEN DS4,3,-1,0,-1
2023361300630,2023,361300630,2,9,0,9,9,8,4,0,0,8,0,0,0,0,4,1,1,1,1,70,10,1495,1,15,-1,10,E01026507,0,-1
2023141280385,2023,141280385,2,9,0,18,19,8,4,0,0,0,0,4,0,0,1,1,6,6,1,26,6,1495,1,14,-1,5,E01008144,0,-1
2023010456261,2023,010456261,2,9,0,99,99,9,9,99,99,9,9,99,9,99,1,9,6,6,3,-1,-1,1495,1,14,-1,-1,-1,0,-1
2023401305352,2023,401305352,2,9,0,17,19,1,6,0,0,1,0,0,0,0,0,1,1,1,1,49,8,1995,2,3,FORD MONDEO,-1,-1,0,-1
2023111349622,2023,111349622,2,9,0,3,3,2,5,0,0,0,0,0,0,0,2,1,6,6,1,56,9,1997,2,7,FORD MONDEO,8,E01027589,0,-1
2023311353430,2023,311353430,2,9,0,2,2,7,6,0,0,1,0,0,0,0,2,1,5,6,1,78,11,1753,2,27,FORD MONDEO,2,E01028319,0,-1
2023010454780,2023,010454780,1,9,0,18,19,7,3,0,0,1,0,0,0,0,1,1,2,2,1,77,11,1596,1,9,FORD MONDEO,5,E01002183,0,-1
2023421316376,2023,421316376,3,9,0,18,19,3,7,0,0,0,0,0,0,0,0,1,1,1,1,29,6,1995,2,2,FORD MONDEO,7,E01021571,0,-1
2023052300808,2023,052300808,1,9,0,18,19,1,5,0,0,0,0,0,0,0,4,1,6,6,1,68,10,1798,1,18,FORD MONDEO,5,E01006490,0,-1
2023371374009,2023,371374009,2,9,0,4,4,0,0,0,0,0,0,0,0,0,2,1,5,6,1,67,10,1753,2,14,FORD MONDEO,7,E01029885,0,-1
2023320353344,2023,320353344,2,9,0,18,19,6,2,0,0,8,1,0,1,9,3,1,2,2,1,30,6,1997,2,12,FORD MONDEO,5,E01026276,0,-1
2023302300116,2023,302300116,1,9,0,16,19,7,2,0,0,8,0,0,0,0,1,1,6,6,1,37,7,1999,1,13,FORD MONDEO,5,E01019461,0,-1
2023440519692,2023,440519692,1,9,0,17,19,7,4,0,0,0,0,10,0,0,1,1,1,1,2,-1,-1,1995,2,3,FORD MONDEO,-1,-1,0,-1
2023991390157,2023,991390157,1,9,0,16,19,6,2,0,0,0,0,0,0,0,1,1,5,6,1,53,8,1560,2,11,FORD MONDEO,4,-1,0,-1
2023622300276,2023,622300276,1,9,0,18,19,4,8,0,0,0,0,0,0,0,1,1,6,6,1,54,8,999,1,6,FORD MONDEO,3,W01001145,0,-1
2023361352643,2023,361352643,1,9,0,18,19,7,3,0,0,0,5,0,1,0,3,1,6,6,2,29,6,1997,2,8,FORD MONDEO,4,E01026728,0,-1
2023351288548,2023,351288548,1,9,0,18,19,2,6,0,0,0,0,0,0,0,4,1,5,6,1,75,10,2179,2,14,FORD MONDEO,9,E01033433,0,-1
2023541539923,2023,541539923,2,9,0,18,19,3,7,0,0,1,0,0,0,0,4,1,6,6,1,75,10,1798,1,18,FORD MONDEO,5,E01031952,0,-1
2023430470652,2023,430470652,1,9,0,18,19,1,5,0,0,2,0,0,0,0,1,1,6,6,2,43,7,1498,1,7,FORD MONDEO,8,E01032758,0,-1
2023221276503,2023,221276503,1,9,0,13,13,6,2,0,0,0,0,0,7,0,1,1,6,6,1,28,6,1997,2,10,FORD MONDEO,-1,-1,0,-1
2023430028647,2023,430028647,1,9,0,9,9,5,3,0,0,8,0,0,0,0,1,1,6,6,1,45,7,1997,2,6,FORD MONDEO,-1,-1,0,-1
2023010427876,2023,010427876,2,9,0,99,99,9,9,99,99,9,9,99,9,99,1,9,6,6,3,-1,-1,1997,2,13,FORD MONDEO,-1,-1,0,-1
2023161360025,2023,161360025,2,9,0,9,9,5,3,0,0,0,0,0,0,0,2,1,6,6,2,35,6,1997,2,7,FORD MONDEO,5,E01013244,0,-1
2023052302957,2023,052302957,1,9,0,18,19,1,5,0,0,6,0,0,0,0,1,1,6,6,1,27,6,1997,2,13,FORD MONDEO,2,E01007125,0,-1
2023440523440,2023,440523440,2,9,0,5,5,6,2,0,0,0,0,0,0,0,1,1,6,6,1,46,8,1999,1,17,FORD MONDEO,2,E01017168,0,-1
2023332300593,2023,332300593,1,9,0,18,19,1,5,0,0,1,0,0,0,0,1,1,6,6,1,35,6,1999,1,8,FORD MONDEO,7,E01025627,0,-1
2023071048919,2023,071048919,2,9,0,18,19,8,4,0,0,8,0,0,0,0,1,1,1,1,1,31,6,2179,2,14,FORD MONDEO,4,E01018489,0,-1
2023501324747,2023,501324747,3,9,0,18,19,1,5,0,0,0,0,0,0,0,3,1,6,6,2,37,7,1997,2,15,FORD MONDEO,1,E01018933,0,-1
2023471305979,2023,471305979,1,9,0,5,5,1,5,0,0,0,0,0,0,0,4,1,5,6,1,48,8,1997,2,13,FORD MONDEO,5,E01031401,0,-1
2023010461102,2023,010461102,1,9,0,9,9,1,7,0,0,1,0,0,0,0,1,1,6,6,1,32,6,1753,2,13,FORD MONDEO,8,E01023478,0,-1
2023122301444,2023,122301444,1,9,0,17,19,5,7,0,0,0,1,0,1,9,1,1,6,6,1,29,6,1998,2,19,FORD MONDEO,5,E01027594,0,-1
2023052300223,2023,052300223,2,9,0,3,3,4,1,0,0,0,0,0,0,0,2,1,1,1,1,43,7,1997,2,8,FORD MONDEO,2,E01006660,0,-1
2023161389855,2023,161389855,2,9,0,9,9,7,3,0,0,3,0,0,7,0,3,1,2,2,1,56,9,1499,2,7,FORD MONDEO,3,E01013286,0,-1
2023221333940,2023,221333940,1,9,0,16,19,8,2,0,0,1,0,0,0,0,1,1,5,6,1,31,6,1997,2,13,FORD MONDEO,8,E01032438,0,-1
2023461294726,2023,461294726,1,9,0,18,19,4,8,0,0,0,0,0,0,0,1,1,5,6,1,42,7,1798,1,17,FORD MONDEO,4,E01024665,0,-1
2023451381667,2023,451381667,1,9,0,15,15,3,7,0,0,0,0,4,0,0,1,1,2,2,1,45,7,1999,1,12,FORD MONDEO,10,E01030518,0,-1
2023421345614,2023,421345614,2,9,0,18,19,4,8,0,0,0,0,0,0,0,0,1,1,1,1,50,8,1995,2,4,FORD MONDEO,8,E01021544,0,-1
2023221349868,2023,221349868,1,9,0,4,4,5,2,0,0,1,0,0,0,0,2,1,6,6,1,27,6,1997,2,8,FORD MONDEO,-1,-1,0,-1
2023201275476,2023,201275476,1,9,0,6,6,3,8,7,6,1,0,0,0,0,4,1,1,1,1,35,6,1998,2,18,FORD MONDEO,2,E01019842,0,-1
2023010430535,2023,010430535,2,9,0,18,19,5,1,0,0,0,0,0,7,0,1,1,6,6,1,58,9,1976,1,13,FORD MONDEO,6,E01001059,0,-1
2023141302484,2023,141302484,1,9,0,18,19,5,7,0,0,4,0,0,0,0,3,1,6,6,1,37,7,1997,2,15,FORD MONDEO,1,E01007878,0,-1
2023131347739,2023,131347739,4,9,0,18,19,7,3,0,0,1,0,0,0,0,0,1,5,6,1,55,8,1997,2,13,FORD MONDEO,9,E01011628,0,-1
2023451374445,2023,451374445,3,9,0,18,19,7,3,0,0,0,0,0,0,0,0,1,1,1,1,42,7,1997,2,7,FORD MONDEO,8,E01030478,0,-1
2023161311260,2023,161311260,2,9,0,18,19,7,3,0,0,8,0,0,0,0,1,1,6,6,3,-1,-1,1997,2,15,FORD MONDEO,-1,-1,0,-1
2023501383104,2023,501383104,1,9,0,7,7,3,1,0,0,8,0,0,0,0,1,1,6,6,3,-1,-1,1560,2,11,FORD MONDEO,-1,-1,0,-1
2023170S12313,2023,170S12313,2,9,0,18,19,2,6,0,0,8,0,0,0,0,1,1,6,6,1,51,8,1997,2,15,FORD MONDEO,1,E01012027,0,-1
2023061334258,2023,061334258,2,9,0,18,19,4,8,0,0,8,0,0,0,0,1,1,5,6,1,41,7,1997,2,14,FORD MONDEO,4,E01005710,0,-1
2023522301845,2023,522301845,1,9,0,17,19,3,8,0,0,0,0,0,0,0,4,1,6,6,1,61,9,1998,2,21,FORD MONDEO,2,E01014692,0,-1
2023302301921,2023,302301921,1,9,0,18,19,4,8,0,0,1,1,0,1,9,4,1,6,6,1,21,5,1999,1,12,FORD MONDEO,6,E01019660,0,-1
2023041360594,2023,041360594,2,9,0,18,19,3,7,0,0,2,0,0,0,0,3,1,5,6,1,59,9,1997,2,6,FORD MONDEO,2,E01025284,0,-1
2023461357470,2023,461357470,2,9,0,3,3,3,7,0,0,1,0,0,0,0,2,1,6,6,1,35,6,2179,2,14,FORD MONDEO,8,E01000447,0,-1
2023320495233,2023,320495233,1,9,0,18,19,2,6,0,0,4,0,0,0,0,1,1,6,6,1,54,8,1753,2,16,FORD MONDEO,3,E01028014,0,-1
2023451296022,2023,451296022,2,9,0,18,19,1,5,0,0,1,0,0,0,0,1,1,5,6,1,30,6,1997,2,13,FORD MONDEO,3,E01030788,0,-1
2023501308479,2023,501308479,2,9,0,18,19,1,5,0,0,0,1,0,0,0,3,1,5,6,1,80,11,1997,2,9,FORD MONDEO,10,E01020253,0,-1
2023221270312,2023,221270312,1,9,0,18,19,2,6,0,0,1,0,0,0,0,1,1,5,6,1,82,11,1999,1,17,FORD MONDEO,4,E01014068,0,-1
2023101349426,2023,101349426,1,9,0,7,7,3,1,0,0,4,0,0,0,0,3,1,2,2,1,54,8,1997,2,13,FORD MONDEO,2,E01008477,0,-1
2023010470711,2023,010470711,2,9,0,18,19,1,5,0,0,0,0,0,0,0,1,9,6,6,3,-1,-1,1997,2,15,FORD MONDEO,-1,-1,0,-1
2023161332251,2023,161332251,2,9,0,16,19,8,4,0,0,0,0,0,0,0,0,1,5,6,1,38,7,1997,2,7,FORD MONDEO,5,E01033414,0,-1
2023461396502,2023,461396502,1,9,0,13,13,1,5,0,0,0,0,0,0,0,3,1,6,6,1,44,7,1999,1,16,FORD MONDEO,6,E01024460,0,-1