collision_index,collision_year,collision_ref_no,vehicle_reference,vehicle_type,towing_and_articulation,vehicle_manoeuvre_historic,vehicle_manoeuvre,vehicle_direction_from,vehicle_direction_to,vehicle_location_restricted_lane_historic,vehicle_location_restricted_lane,junction_location,skidding_and_overturning,hit_object_in_carriageway,vehicle_leaving_carriageway,hit_object_off_carriageway,first_point_of_impact,vehicle_left_hand_drive,journey_purpose_of_driver_historic,journey_purpose_of_driver,sex_of_driver,age_of_driver,age_band_of_driver,engine_capacity_cc,propulsion_code,age_of_vehicle,generic_make_model,driver_imd_decile,lsoa_of_driver,escooter_flag,driver_distance_banding
2023320179860,2023,320179860,1,9,0,18,19,6,2,0,0,0,0,0,0,0,1,1,6,6,1,43,7,1997,2,15,FORD MONDEO,4,E01019218,0,-1
2023221299679,2023,221299679,1,9,0,9,9,7,4,0,0,6,0,0,0,0,1,1,5,6,1,85,11,1997,2,14,FORD MONDEO,8,E01032376,0,-1
2023201378791,2023,201378791,1,9,0,7,7,1,2,0,0,5,0,0,0,0,1,1,6,6,1,68,10,1997,2,3,FORD MONDEO,2,E01009213,0,-1
2023010440092,2023,010440092,2,9,0,99,99,9,9,99,99,9,9,99,9,99,9,9,6,6,1,62,9,1997,2,8,FORD MONDEO,5,E01003737,0,-1
2023061283118,2023,061283118,2,9,0,18,19,7,3,0,0,1,0,0,0,0,1,1,1,1,1,28,6,1498,1,4,FORD MONDEO,4,E01005730,0,-1
2023010425773,2023,010425773,1,9,0,9,9,5,2,0,0,1,0,0,0,0,1,1,6,6,1,53,8,1596,1,11,FORD MONDEO,-1,-1,0,-1
2023430121243,2023,430121243,1,9,0,18,19,4,8,0,0,0,0,0,1,4,1,1,6,6,1,41,7,1998,2,22,FORD MONDEO,1,E01001740,0,-1
2023520301836,2023,520301836,1,9,0,9,9,5,3,0,0,5,0,0,0,0,1,1,6,6,1,69,10,1997,2,15,FORD MONDEO,8,E01029319,0,-1
2023161292846,2023,161292846,2,9,0,9,9,3,1,0,0,8,0,0,0,0,1,1,5,6,1,22,5,1997,2,9,FORD MONDEO,3,E01013238,0,-1
2023111376745,2023,111376745,1,9,0,18,19,8,4,0,0,0,0,0,0,0,1,1,6,6,1,32,6,1997,2,13,FORD MONDEO,1,E01020724,0,-1
2023101374050,2023,101374050,1,9,0,18,19,3,7,0,0,0,0,4,0,0,1,1,6,6,1,54,8,1997,2,13,FORD MONDEO,5,E01008787,0,-1
2023631362942,2023,631362942,1,9,0,4,4,7,3,0,0,0,1,0,0,0,1,1,5,6,1,43,7,1753,2,14,FORD MONDEO,3,E01012997,0,-1
2023531351802,2023,531351802,1,9,0,18,19,8,4,0,0,0,1,0,8,4,1,1,5,6,1,34,6,1753,2,16,FORD MONDEO,10,E01022197,0,-1
2023161269446,2023,161269446,1,9,0,18,19,6,2,0,0,1,0,0,0,0,3,1,5,6,1,63,9,1997,2,7,FORD MONDEO,7,E01013150,0,-1
2023302301139,2023,302301139,1,9,0,9,9,1,5,0,0,6,0,0,0,0,1,1,6,6,1,69,10,1999,1,17,FORD MONDEO,10,E01013564,0,-1
2023131334519,2023,131334519,1,9,0,18,19,7,3,0,0,1,0,0,0,0,4,1,5,6,1,76,11,1596,1,10,FORD MONDEO,4,E01032498,0,-1
2023332300145,2023,332300145,2,9,0,5,5,7,5,0,0,6,0,0,0,0,1,1,6,6,1,54,8,1999,8,4,FORD MONDEO,10,E01028365,0,-1
202360A058968,2023,60A058968,1,9,0,18,19,1,5,0,0,1,0,0,0,0,1,1,6,6,1,51,8,1997,2,14,FORD MONDEO,-1,-1,0,-1
2023041342884,2023,041342884,1,9,0,18,19,5,1,0,0,0,0,0,0,0,1,1,6,6,1,42,7,1997,2,10,FORD MONDEO,1,E01025042,0,-1
2023451363121,2023,451363121,2,9,0,18,19,1,5,0,0,1,0,0,0,0,2,1,1,1,1,65,9,1560,2,12,FORD MONDEO,7,E01030858,0,-1
2023131314174,2023,131314174,2,9,0,18,19,7,3,0,0,0,0,0,0,0,2,1,6,6,2,52,8,1997,2,13,FORD MONDEO,7,E01011393,0,-1
2023141296342,2023,141296342,1,9,0,9,9,1,7,0,0,8,0,0,0,0,1,1,6,6,2,57,9,1560,2,9,FORD MONDEO,3,E01007473,0,-1
2023991260896,2023,991260896,1,9,0,5,5,2,7,0,0,2,0,0,0,0,3,1,5,6,1,59,9,1995,2,3,FORD MONDEO,10,-1,0,-1
2023131365589,2023,131365589,1,9,0,2,2,4,8,0,0,0,0,0,0,0,3,1,6,6,1,-1,-1,1997,2,14,FORD MONDEO,-1,-1,0,-1
2023061302769,2023,061302769,1,9,0,10,10,8,5,0,0,1,0,0,0,0,1,1,6,6,3,30,6,1753,2,13,FORD MONDEO,-1,-1,0,-1
2023041362579,2023,041362579,1,9,0,9,9,1,3,0,0,6,0,0,0,0,1,1,2,2,1,30,6,1997,2,13,FORD MONDEO,1,E01024899,0,-1
2023052302328,2023,052302328,2,9,0,5,5,1,5,0,0,2,0,0,0,0,1,1,1,1,1,47,8,1997,2,7,FORD MONDEO,1,E01007133,0,-1
2023311332192,2023,311332192,2,9,0,3,3,7,3,0,0,0,0,0,0,0,1,1,6,6,1,35,6,1499,2,7,FORD MONDEO,6,E01028162,0,-1
2023411333512,2023,411333512,2,9,0,18,19,5,1,0,0,0,0,0,0,0,2,1,2,2,1,32,6,1997,2,10,FORD MONDEO,3,E01012777,0,-1
2023461312650,2023,461312650,2,9,0,15,15,5,1,0,0,0,0,0,0,0,3,1,6,6,2,48,8,2179,2,11,FORD MONDEO,3,E01016030,0,-1
2023010466308,2023,010466308,1,9,0,18,19,7,3,0,0,0,0,0,0,0,1,1,1,1,1,35,6,1999,8,1,FORD MONDEO,2,E01001830,0,-1
2023531291070,2023,531291070,1,9,0,5,5,1,5,0,0,1,0,0,0,0,1,1,1,1,1,52,8,1997,2,7,FORD MONDEO,9,E01022357,0,-1
2023552301204,2023,552301204,1,9,0,4,4,2,6,0,0,0,0,0,0,0,1,1,6,6,1,17,4,1997,2,13,FORD MONDEO,10,E01020383,0,-1
2023161264484,2023,161264484,2,9,0,18,19,5,1,0,0,8,0,0,0,0,3,1,5,6,1,68,10,1997,2,13,FORD MONDEO,1,E01013279,0,-1
2023311392294,2023,311392294,2,9,0,18,19,5,1,0,0,0,0,0,0,0,1,1,6,6,1,64,9,1997,2,10,FORD MONDEO,4,E01028291,0,-1
2023141291638,2023,141291638,3,9,0,2,2,0,0,0,0,2,0,0,0,0,4,1,6,6,3,-1,-1,1997,2,14,FORD MONDEO,-1,-1,0,-1
2023991309545,2023,991309545,2,9,0,3,3,1,5,0,0,1,0,0,0,0,2,1,5,6,1,70,10,1997,2,8,FORD MONDEO,-1,-1,0,-1
2023461317258,2023,461317258,2,9,0,4,4,8,4,0,0,0,0,0,0,0,2,1,6,6,1,36,7,1997,2,14,FORD MONDEO,1,E01024278,0,-1
2023320067969,2023,320067969,3,9,0,9,9,4,2,0,0,5,0,0,0,0,2,1,1,1,1,37,7,1997,2,5,FORD MONDEO,10,E01026294,0,-1
2023101279119,2023,101279119,1,9,0,1,1,1,5,0,0,7,0,0,0,0,0,1,5,6,1,46,8,1997,2,12,FORD MONDEO,1,E01008345,0,-1
2023010436773,2023,010436773,1,9,0,1,1,5,1,0,0,1,0,0,0,0,2,1,6,6,1,-1,-1,1997,2,9,FORD MONDEO,-1,-1,0,-1
2023131378792,2023,131378792,1,9,0,9,9,5,1,0,0,0,0,0,0,0,1,1,5,6,1,62,9,1499,2,7,FORD MONDEO,1,E01011863,0,-1
2023552301008,2023,552301008,1,9,3,9,9,8,5,0,0,5,0,0,0,0,4,1,6,6,1,68,10,1997,2,14,FORD MONDEO,2,E01009082,0,-1
2023311348187,2023,311348187,2,9,0,4,4,8,1,0,0,1,0,0,0,0,2,1,6,6,1,50,8,1997,2,13,FORD MONDEO,5,E01013913,0,-1
2023311391548,2023,311391548,2,9,0,2,2,0,0,0,0,0,0,0,0,0,4,1,6,6,3,-1,-1,1997,2,13,FORD MONDEO,-1,-1,0,-1
2023061331386,2023,061331386,1,9,-1,-1,-1,-1,-1,-1,-1,0,-1,-1,-1,0,2,1,5,6,2,36,7,1499,2,6,FORD MONDEO,5,E01006268,0,-1
2023161308910,2023,161308910,2,9,0,18,19,4,8,0,0,0,0,0,0,0,1,1,5,6,1,25,5,1753,2,13,FORD MONDEO,1,E01013162,0,-1
2023010427870,2023,010427870,2,9,0,18,19,5,1,0,0,0,0,0,0,0,1,1,6,6,1,31,6,1997,2,6,FORD MONDEO,-1,-1,0,-1
2023010473864,2023,010473864,3,9,0,3,3,5,1,0,0,1,0,0,0,0,0,1,1,1,1,45,7,1995,2,2,FORD MONDEO,4,E01003666,0,-1
2023991361663,2023,991361663,2,9,0,18,19,4,8,0,0,0,0,0,0,0,1,1,5,6,1,46,8,1560,2,8,FORD MONDEO,4,-1,0,-1
2023122301390,2023,122301390,1,9,0,5,5,5,1,0,0,0,0,0,0,0,1,1,1,1,1,59,9,1997,2,9,FORD MONDEO,5,E01027822,0,-1
2023411388556,2023,411388556,1,9,0,7,7,6,7,9,9,0,0,0,0,0,3,1,5,6,1,86,11,1753,2,16,FORD MONDEO,6,E01000324,0,-1
2023131363521,2023,131363521,1,9,0,7,7,7,3,0,0,0,0,0,1,0,3,1,2,2,2,51,8,1997,2,8,FORD MONDEO,3,E01010980,0,-1
2023501302526,2023,501302526,1,9,0,18,19,2,6,0,0,0,1,0,8,6,3,1,5,6,1,38,7,1997,2,11,FORD MONDEO,2,E01018897,0,-1
2023201338914,2023,201338914,2,9,0,18,19,6,8,0,0,8,0,0,0,0,4,1,6,6,1,43,7,1999,1,6,FORD MONDEO,1,E01033187,0,-1
2023440500279,2023,440500279,1,9,0,18,19,2,6,0,0,8,0,0,0,0,1,1,1,1,1,29,6,-1,3,8,FORD MONDEO,4,E01017159,0,-1
2023471312981,2023,471312981,1,9,0,7,7,7,1,0,0,6,0,0,1,4,1,1,5,6,2,79,11,1997,2,11,FORD MONDEO,7,E01031536,0,-1
2023231369261,2023,231369261,1,9,0,18,19,8,4,0,0,3,0,7,0,0,1,1,6,6,1,47,8,1997,2,11,FORD MONDEO,2,E01031119,0,-1
2023501342914,2023,501342914,1,9,0,17,19,5,4,0,0,8,1,0,0,0,1,1,5,6,2,28,6,1997,2,12,FORD MONDEO,8,E01020333,0,-1
2023221340237,2023,221340237,1,9,0,9,9,2,1,0,0,5,0,0,0,0,3,1,5,6,1,75,10,1997,2,9,FORD MONDEO,4,E01032479,0,-1
2023010465161,2023,010465161,2,9,0,2,2,0,0,0,0,0,0,0,0,0,2,1,6,6,3,-1,-1,1997,2,8,FORD MONDEO,-1,-1,0,-1
2023991323042,2023,991323042,1,9,0,17,19,6,2,0,0,0,5,0,0,0,1,1,2,2,1,59,9,1997,2,10,FORD MONDEO,6,-1,0,-1
2023440014539,2023,440014539,1,9,0,9,9,2,6,0,0,5,0,0,0,0,1,1,6,6,1,64,9,1596,1,11,FORD MONDEO,5,E01017296,0,-1
2023041318057,2023,041318057,1,9,0,18,19,3,7,0,0,0,0,0,0,0,3,1,6,6,2,28,6,1997,2,9,FORD MONDEO,1,E01012748,0,-1
2023421322023,2023,421322023,1,9,0,17,19,1,5,0,0,0,1,0,7,0,1,1,5,6,1,20,4,1988,1,23,FORD MONDEO,-1,-1,0,-1
2023041385039,2023,041385039,2,9,0,18,19,1,5,0,0,4,0,0,0,0,1,1,1,1,1,52,8,1499,2,5,FORD MONDEO,9,E01025468,0,-1
2023010441396,2023,010441396,3,9,0,2,2,0,0,0,0,2,0,0,0,0,2,1,6,6,3,-1,-1,1596,1,11,FORD MONDEO,-1,-1,0,-1
2023052301645,2023,052301645,1,9,0,6,6,8,8,0,0,0,0,0,0,0,3,1,2,2,3,-1,-1,1997,2,12,FORD MONDEO,-1,-1,0,-1
2023041370987,2023,041370987,2,9,0,18,19,4,8,0,0,8,0,0,0,0,1,1,1,1,1,37,7,1999,8,7,FORD MONDEO,2,E01012608,0,-1
2023471324661,2023,471324661,1,9,0,18,19,3,7,0,0,4,0,0,0,0,1,1,2,2,1,68,10,1997,2,11,FORD MONDEO,1,E01031427,0,-1
2023451294577,2023,451294577,1,9,0,18,19,5,1,0,0,0,0,0,0,0,4,1,6,6,2,45,7,1976,1,13,FORD MONDEO,9,E01030545,0,-1
2023131296731,2023,131296731,2,9,0,5,5,7,3,0,0,0,0,0,0,0,1,1,5,6,1,67,10,1997,2,15,FORD MONDEO,8,E01011086,0,-1
2023631308068,2023,631308068,1,9,0,5,5,2,6,0,0,6,0,0,0,0,1,1,5,6,1,66,10,1999,1,12,FORD MONDEO,3,W01000480,0,-1
2023010419703,2023,010419703,1,9,0,18,19,1,5,0,0,4,0,0,0,0,2,1,6,6,1,35,6,1995,2,2,FORD MONDEO,4,E01003666,0,-1
2023411352458,2023,411352458,2,9,0,2,2,0,0,0,0,1,0,0,0,0,3,1,1,1,1,27,6,1995,2,3,FORD MONDEO,10,E01023505,0,-1
2023501267046,2023,501267046,1,9,0,18,19,3,8,0,0,1,0,0,0,0,1,1,6,6,1,41,7,1997,2,14,FORD MONDEO,4,E01019064,0,-1
2023320767074,2023,320767074,2,9,0,18,19,8,4,0,0,0,0,0,1,0,1,1,2,2,1,44,7,1997,2,11,FORD MONDEO,9,E01028360,0,-1
2023010454078,2023,010454078,2,9,0,18,19,4,8,0,0,0,0,0,0,0,0,1,1,1,3,23,5,1995,2,2,FORD MONDEO,3,E01003221,0,-1
2023332300767,2023,332300767,2,9,0,2,2,0,0,0,0,0,0,0,0,0,1,1,6,6,3,-1,-1,1999,1,12,FORD MONDEO,-1,-1,0,-1
2023552300482,2023,552300482,2,9,0,4,4,7,3,0,0,8,0,0,0,0,2,1,1,1,1,30,6,1997,2,11,FORD MONDEO,2,E01033200,0,-1
2023421323138,2023,421323138,1,9,0,7,7,7,1,0,0,8,0,0,0,0,4,1,5,6,1,70,10,1999,8,1,FORD MONDEO,9,E01021526,0,-1
2023141281041,2023,141281041,2,9,0,18,19,1,5,0,0,0,0,0,0,0,2,1,6,6,1,32,6,1997,2,10,FORD MONDEO,1,E01007402,0,-1
2023211332247,2023,211332247,2,9,0,7,7,5,1,0,0,1,0,0,0,0,1,1,6,6,3,40,7,1997,2,10,FORD MONDEO,-1,-1,0,-1
2023201276690,2023,201276690,2,9,0,2,2,0,0,9,9,0,0,0,0,0,2,1,6,6,3,-1,-1,1997,2,13,FORD MONDEO,-1,-1,0,-1
2023131260104,2023,131260104,1,9,0,18,19,7,3,0,0,0,0,0,0,0,1,1,5,6,1,81,11,1997,2,7,FORD MONDEO,8,E01011929,0,-1
2023361332457,2023,361332457,1,9,0,9,9,6,5,0,0,8,0,0,0,0,3,1,5,6,1,31,6,1997,2,13,FORD MONDEO,5,E01026831,0,-1
2023231377720,2023,231377720,1,8,0,9,9,5,3,0,0,4,0,0,0,0,4,1,2,2,1,38,7,1997,2,13,FORD MONDEO,3,E01031332,0,-1
2023501331100,2023,501331100,1,9,0,17,19,7,4,0,0,0,0,0,0,0,3,1,2,2,1,43,7,2179,2,14,FORD MONDEO,5,E01018837,0,-1
2023501357393,2023,501357393,2,9,0,9,9,4,1,0,0,1,0,0,0,0,2,1,1,1,1,47,8,1997,2,14,FORD MONDEO,3,E01018932,0,-1
2023201323944,2023,201323944,1,9,0,9,9,4,2,0,0,6,0,0,0,0,4,1,6,6,2,32,6,1560,2,8,FORD MONDEO,1,E01032889,0,-1
2023052301346,2023,052301346,1,9,0,18,19,2,3,0,0,0,0,0,0,0,1,1,1,1,1,53,8,1997,2,12,FORD MONDEO,1,E01033759,0,-1
2023361334472,2023,361334472,2,9,0,4,4,6,2,0,0,0,0,0,0,0,2,1,6,6,2,65,9,1997,2,10,FORD MONDEO,5,E01026724,0,-1
2023991388365,2023,991388365,3,9,0,18,19,4,8,0,0,0,0,0,0,0,2,1,2,2,1,36,7,1499,2,7,FORD MONDEO,10,-1,0,-1
2023052300850,2023,052300850,1,9,0,18,19,1,5,0,0,0,0,0,0,0,3,1,6,6,1,52,8,1499,2,7,FORD MONDEO,1,E01006967,0,-1
2023430375412,2023,430375412,2,9,0,18,19,2,5,0,0,8,0,0,0,0,4,1,6,6,2,69,10,1560,2,8,FORD MONDEO,-1,-1,0,-1
2023070959366,2023,070959366,3,9,0,18,19,2,6,0,0,0,1,0,0,0,1,1,6,6,1,28,6,1753,2,16,FORD MONDEO,6,W01000291,0,-1
2023161284965,2023,161284965,2,9,0,5,5,2,6,2,2,1,0,0,1,10,1,1,1,1,1,56,9,1997,2,9,FORD MONDEO,6,E01012771,0,-1
2023622300595,2023,622300595,1,9,0,18,19,3,7,0,0,2,0,0,0,0,2,1,6,6,1,34,6,1999,1,11,FORD MONDEO,1,W01001753,0,-1
2023161260192,2023,161260192,1,9,0,18,19,5,1,0,0,0,0,0,0,0,1,1,6,6,1,28,6,1997,2,8,FORD MONDEO,7,E01026080,0,-1
2023320146473,2023,320146473,1,9,0,18,19,6,2,0,0,0,0,4,0,0,1,1,1,1,1,46,8,1997,2,8,FORD MONDEO,1,E01026074,0,-1
2023041322146,2023,041322146,1,9,0,18,19,5,1,0,0,2,1,0,0,0,4,1,6,6,1,22,5,1560,2,12,FORD MONDEO,2,E01025274,0,-1
2023010480455,2023,010480455,1,9,0,18,19,5,1,0,0,4,0,0,0,0,1,1,6,6,1,69,10,1999,1,12,FORD MONDEO,4,E01002970,0,-1
2023631315508,2023,631315508,1,9,0,4,4,2,5,0,0,0,0,0,0,0,2,1,5,6,1,54,8,1997,2,5,FORD MONDEO,2,E01012433,0,-1
2023052300428,2023,052300428,2,9,0,18,19,3,7,0,0,0,0,0,0,0,2,1,6,6,1,37,7,1997,2,4,FORD MONDEO,1,E01006778,0,-1
2023141309460,2023,141309460,1,9,0,4,4,3,7,0,0,1,0,0,0,0,3,1,6,6,1,55,8,1997,2,12,FORD MONDEO,9,E01026301,0,-1
2023430090804,2023,430090804,2,9,0,4,4,2,6,0,0,0,0,0,0,0,2,1,2,2,1,58,9,2179,2,12,FORD MONDEO,5,E01016240,0,-1
2023461373843,2023,461373843,2,9,0,18,19,6,2,0,0,2,0,0,0,0,3,1,6,6,1,74,10,1998,2,17,FORD MONDEO,8,E01024652,0,-1
2023010425333,2023,010425333,1,9,0,99,99,9,9,99,99,9,9,99,9,99,9,1,6,6,1,52,8,1997,2,8,FORD MONDEO,3,E01001552,0,-1
2023461375276,2023,461375276,1,9,0,18,19,4,8,0,0,0,0,0,0,0,4,1,5,6,1,31,6,1560,2,12,FORD MONDEO,6,E01024571,0,-1
2023991364999,2023,991364999,1,9,0,18,19,8,4,0,0,1,0,0,0,0,1,1,6,6,1,44,7,1997,2,6,FORD MONDEO,-1,-1,0,-1
2023010431976,2023,010431976,2,9,0,99,99,9,9,99,99,9,9,99,9,99,2,9,6,6,3,-1,-1,1798,1,16,FORD MONDEO,-1,-1,0,-1
2023010481919,2023,010481919,1,9,0,99,99,9,9,99,99,0,9,99,9,99,9,9,6,6,2,56,9,-1,3,8,FORD MONDEO,6,E01002957,0,-1
2023061391240,2023,061391240,3,9,0,10,10,7,3,0,0,8,0,0,0,0,1,1,6,6,2,44,7,2198,2,17,FORD MONDEO,2,E01005526,0,-1
2023421301800,2023,421301800,1,9,0,18,19,7,7,0,0,0,0,0,0,0,1,1,1,1,1,52,8,1560,2,11,FORD MONDEO,7,E01021857,0,-1
2023052301586,2023,052301586,1,9,0,11,11,1,5,0,0,2,0,0,0,0,2,1,6,6,1,76,11,1997,2,13,FORD MONDEO,4,E01006501,0,-1
2023201416145,2023,201416145,1,9,0,2,2,0,0,0,0,0,0,0,0,0,0,1,6,6,1,-1,-1,1753,2,15,FORD MONDEO,-1,-1,0,-1
2023461286687,2023,461286687,3,9,0,8,8,7,3,0,0,1,0,0,1,0,3,1,6,6,2,46,8,1988,1,23,FORD MONDEO,8,E01024810,0,-1
2023302301940,2023,302301940,2,9,0,3,3,2,7,0,0,3,0,0,0,0,2,1,2,2,1,64,9,1997,2,14,FORD MONDEO,1,E01019664,0,-1
2023201365607,2023,201365607,1,9,0,7,7,1,4,0,0,3,0,0,0,0,4,1,6,6,1,44,7,1997,2,15,FORD MONDEO,2,E01009751,0,-1
2023631390067,2023,631390067,1,9,0,4,4,1,5,0,0,0,0,0,0,0,1,1,2,2,1,25,5,1753,2,14,FORD MONDEO,5,W01000522,0,-1
2023440378718,2023,440378718,1,9,0,18,19,2,6,0,0,0,0,0,0,0,1,1,6,6,1,23,5,1999,1,15,FORD MONDEO,7,E01030729,0,-1
2023631382129,2023,631382129,1,9,0,18,19,1,5,0,0,0,0,0,1,11,1,1,6,6,1,33,6,1798,1,16,FORD MONDEO,3,W01000767,0,-1
2023070263348,2023,070263348,2,9,0,9,9,5,1,0,0,8,0,0,0,0,3,1,2,2,1,53,8,1997,2,4,FORD MONDEO,-1,-1,0,-1
2023991303929,2023,991303929,1,9,0,18,19,4,1,0,0,1,0,0,1,0,1,1,5,6,1,54,8,1997,2,6,FORD MONDEO,4,-1,0,-1
2023991350080,2023,991350080,2,9,0,9,9,4,1,0,0,8,0,0,0,0,4,1,5,6,1,71,10,1997,2,11,FORD MONDEO,1,-1,0,-1
2023311278447,2023,311278447,1,9,0,18,19,1,5,0,0,0,0,0,1,0,1,1,6,6,1,44,7,1997,2,16,FORD MONDEO,4,E01019503,0,-1
2023451381650,2023,451381650,1,9,0,4,4,5,6,0,0,0,0,0,0,0,2,1,5,6,1,32,6,1997,2,6,FORD MONDEO,9,E01024754,0,-1
2023361368249,2023,361368249,1,9,0,9,9,2,6,0,0,0,0,0,1,0,1,1,5,6,1,23,5,1997,2,8,FORD MONDEO,5,E01026423,0,-1
2023010421493,2023,010421493,1,9,0,99,99,9,9,99,99,9,9,99,9,99,1,9,6,6,1,24,5,1997,2,16,FORD MONDEO,1,E01024710,0,-1
2023991352633,2023,991352633,2,9,0,18,19,8,4,0,0,8,0,0,2,0,3,1,5,6,1,28,6,1997,2,11,FORD MONDEO,3,-1,0,-1
2023041261733,2023,041261733,2,9,0,8,8,6,4,0,0,1,0,0,0,0,1,1,6,6,1,65,9,2179,2,9,FORD MONDEO,9,E01025472,0,-1
2023421378864,2023,421378864,1,9,0,4,4,2,6,0,0,0,0,4,0,0,1,1,6,6,1,82,11,1999,1,22,FORD MONDEO,5,E01021962,0,-1
2023052301083,2023,052301083,1,9,0,9,9,1,3,0,0,0,0,0,0,0,1,1,1,1,1,24,5,1560,2,8,FORD MONDEO,1,E01007179,0,-1
2023451316102,2023,451316102,1,9,0,18,19,8,4,0,0,0,0,0,0,0,2,1,2,2,1,55,8,1997,2,10,FORD MONDEO,9,E01016576,0,-1
2023531270579,2023,531270579,1,9,0,9,9,6,2,0,0,8,0,0,0,0,1,1,2,2,1,51,8,1997,2,6,FORD MONDEO,9,E01022456,0,-1
2023320515993,2023,320515993,2,9,0,18,19,5,1,0,0,0,0,0,1,0,3,1,6,6,1,29,6,1997,2,9,FORD MONDEO,9,E01026231,0,-1
2023351363416,2023,351363416,1,9,0,18,19,3,7,0,0,0,0,0,0,0,1,1,6,6,1,59,9,1999,1,18,FORD MONDEO,3,E01017971,0,-1
2023141293875,2023,141293875,2,9,0,18,19,5,1,0,0,0,0,0,0,0,4,1,2,2,1,40,7,1997,2,15,FORD MONDEO,1,E01007547,0,-1
2023421303112,2023,421303112,2,9,0,18,19,2,6,0,0,0,1,0,0,0,1,1,5,6,1,56,9,1997,2,8,FORD MONDEO,6,E01021907,0,-1
2023371313748,2023,371313748,2,9,0,3,3,5,1,0,0,0,0,0,0,0,2,1,5,6,1,50,8,1997,2,9,FORD MONDEO,7,E01030125,0,-1
2023141285577,2023,141285577,1,9,0,18,19,5,1,0,0,0,1,11,0,0,1,1,5,6,1,49,8,1753,2,12,FORD MONDEO,1,E01007729,0,-1
2023061377579,2023,061377579,2,9,0,18,19,6,2,0,0,0,0,0,0,0,1,1,5,6,1,72,10,1997,2,4,FORD MONDEO,10,E01006079,0,-1
2023052300663,2023,052300663,1,9,0,18,19,5,1,0,0,8,0,0,0,0,4,1,6,6,3,-1,-1,1999,1,15,FORD MONDEO,-1,-1,0,-1
2023440185560,2023,440185560,1,9,0,18,19,1,5,0,0,8,0,0,1,2,1,1,6,6,1,81,11,1499,2,8,FORD MONDEO,7,E01023166,0,-1
2023371293004,2023,371293004,2,9,0,18,19,1,5,0,0,0,0,0,0,0,0,1,6,6,2,32,6,1997,2,10,FORD MONDEO,-1,-1,0,-1
2023430015941,2023,430015941,2,9,0,18,19,3,7,0,0,8,0,0,0,0,1,1,6,6,2,75,10,1498,1,8,FORD MONDEO,9,E01028735,0,-1
2023320737858,2023,320737858,2,9,0,2,2,0,0,0,0,0,0,0,0,0,2,1,6,6,1,55,8,1999,1,15,FORD MONDEO,-1,-1,0,-1
2023340NN9122,2023,340NN9122,2,9,0,17,19,6,2,0,0,0,1,0,7,10,1,1,2,2,1,34,6,1499,2,7,FORD MONDEO,6,E01027051,0,-1
2023371393196,2023,371393196,2,9,0,2,2,0,0,9,9,0,0,0,0,0,3,1,6,6,3,-1,-1,2179,2,14,FORD MONDEO,-1,-1,0,-1
2023461354711,2023,461354711,1,9,0,9,9,3,1,0,0,5,0,0,0,0,3,1,5,6,1,43,7,1798,1,16,FORD MONDEO,4,E01024162,0,-1
2023101281189,2023,101281189,1,9,0,7,7,1,6,0,0,4,0,0,0,0,1,1,2,2,1,23,5,2198,2,17,FORD MONDEO,2,E01008569,0,-1
2023010476796,2023,010476796,2,9,0,99,99,9,9,99,99,9,9,99,9,99,9,9,6,6,3,-1,-1,1997,2,5,FORD MONDEO,-1,-1,0,-1
2023351341980,2023,351341980,2,8,0,5,5,7,3,0,0,8,0,0,0,0,0,1,1,1,1,52,8,1999,8,4,FORD MONDEO,7,E01018002,0,-1
2023161268958,2023,161268958,1,9,0,9,9,7,5,0,0,1,0,0,0,0,4,1,1,1,1,69,10,1997,2,6,FORD MONDEO,3,E01012907,0,-1
2023430506656,2023,430506656,1,9,0,18,19,8,4,0,0,8,1,0,1,0,1,1,6,6,1,40,7,1997,2,8,FORD MONDEO,10,E01028644,0,-1
2023201410407,2023,201410407,1,9,0,7,7,8,7,0,0,6,0,0,0,0,1,1,6,6,2,66,10,1997,2,10,FORD MONDEO,9,E01009724,0,-1
2023501280882,2023,501280882,2,9,0,9,9,0,0,0,0,7,0,0,0,0,2,1,1,1,1,39,7,1997,2,15,FORD MONDEO,5,E01015092,0,-1
2023231314953,2023,231314953,2,9,0,9,9,2,6,0,0,6,0,0,0,0,2,1,6,6,1,52,8,1997,2,9,FORD MONDEO,6,E01031107,0,-1
2023141367981,2023,141367981,1,9,0,9,9,6,4,0,0,5,0,0,0,0,1,1,1,1,1,42,7,1997,2,8,FORD MONDEO,8,E01007524,0,-1
2023531263630,2023,531263630,1,9,0,9,9,5,3,0,0,8,0,0,0,0,1,1,5,6,1,68,10,1997,2,8,FORD MONDEO,9,E01022136,0,-1
2023461307253,2023,461307253,5,9,0,2,2,0,0,0,0,8,0,0,0,0,2,1,6,6,3,-1,-1,1997,2,16,FORD MONDEO,-1,-1,0,-1
2023421290065,2023,421290065,1,9,0,4,4,3,7,0,0,1,0,0,0,0,1,1,6,6,1,22,5,1997,2,12,FORD MONDEO,4,E01015994,0,-1