collision_index,collision_year,collision_ref_no,vehicle_reference,vehicle_type,towing_and_articulation,vehicle_manoeuvre_historic,vehicle_manoeuvre,vehicle_direction_from,vehicle_direction_to,vehicle_location_restricted_lane_historic,vehicle_location_restricted_lane,junction_location,skidding_and_overturning,hit_object_in_carriageway,vehicle_leaving_carriageway,hit_object_off_carriageway,first_point_of_impact,vehicle_left_hand_drive,journey_purpose_of_driver_historic,journey_purpose_of_driver,sex_of_driver,age_of_driver,age_band_of_driver,engine_capacity_cc,propulsion_code,age_of_vehicle,generic_make_model,driver_imd_decile,lsoa_of_driver,escooter_flag,driver_distance_banding
2023201311295,2023,201311295,2,9,0,9,9,1,7,0,0,5,0,0,0,0,4,1,6,6,1,-1,-1,1997,2,14,FORD MONDEO,2,E01010429,0,-1
2023622300873,2023,622300873,1,9,0,9,9,4,2,0,0,1,0,0,0,0,1,1,6,6,1,49,8,1997,2,9,FORD MONDEO,3,W01001021,0,-1
2023052301694,2023,052301694,2,8,0,18,19,2,6,0,0,0,0,0,0,0,1,1,1,1,1,63,9,1997,2,11,FORD MONDEO,1,E01006436,0,-1
2023421289053,2023,421289053,2,9,0,7,7,7,1,0,0,3,0,0,0,0,3,1,5,6,2,48,8,2495,1,22,FORD MONDEO,5,E01021492,0,-1
2023991377097,2023,991377097,1,9,0,17,19,5,1,0,0,0,0,0,1,9,1,1,2,2,1,25,5,1798,1,22,FORD MONDEO,5,-1,0,-1
2023302300239,2023,302300239,1,9,0,9,9,8,7,0,0,1,0,0,0,0,4,1,6,6,1,46,8,1995,2,4,FORD MONDEO,10,E01032614,0,-1
2023522301583,2023,522301583,1,9,0,18,19,5,1,0,0,0,0,0,0,0,1,1,6,6,2,51,8,1999,1,17,FORD MONDEO,4,E01014704,0,-1
2023141275057,2023,141275057,1,9,0,18,19,8,4,1,1,1,0,0,0,0,1,1,6,6,1,19,4,2521,1,16,FORD MONDEO,6,E01007838,0,-1
2023302300884,2023,302300884,1,9,0,18,19,6,2,0,0,6,0,0,0,0,1,1,6,6,2,62,9,1997,2,6,FORD MONDEO,5,E01013509,0,-1
2023421340869,2023,421340869,3,9,0,18,19,4,4,0,0,1,0,0,0,0,0,1,1,1,1,49,8,1995,2,4,FORD MONDEO,8,E01021544,0,-1
2023010458561,2023,010458561,1,9,0,99,99,9,9,99,99,9,9,99,9,99,2,9,2,2,1,47,8,1997,2,8,FORD MONDEO,7,E01017437,0,-1
2023461334307,2023,461334307,2,9,0,4,4,6,1,0,0,0,0,0,0,0,2,1,1,1,2,38,7,1999,8,3,FORD MONDEO,7,E01032737,0,-1
2023231278186,2023,231278186,1,9,0,18,19,8,4,0,0,0,0,0,0,0,1,1,5,6,1,57,9,1997,2,11,FORD MONDEO,8,W01000517,0,-1
2023161290531,2023,161290531,1,9,0,18,19,7,3,2,2,0,0,0,0,0,1,1,6,6,3,-1,-1,1997,2,4,FORD MONDEO,-1,-1,0,-1
2023101327042,2023,101327042,1,9,0,18,19,1,5,0,0,1,0,0,0,0,4,1,5,6,1,70,10,1798,1,16,FORD MONDEO,-1,-1,0,-1
2023010484161,2023,010484161,2,9,0,9,9,3,1,0,0,8,0,0,0,0,1,1,6,6,2,53,8,1999,1,16,FORD MONDEO,9,E01000395,0,-1
2023440036139,2023,440036139,2,9,0,3,3,6,2,0,0,4,0,0,0,0,1,1,2,2,1,60,9,1997,2,8,FORD MONDEO,9,E01022796,0,-1
2023430194020,2023,430194020,1,9,0,9,9,3,7,0,0,5,0,0,0,0,1,1,6,6,1,29,6,2198,2,17,FORD MONDEO,9,E01017692,0,-1
2023052301494,2023,052301494,1,8,0,4,4,7,3,0,0,8,0,0,0,0,1,1,1,1,1,42,7,1997,2,7,FORD MONDEO,1,E01006614,0,-1
2023361329864,2023,361329864,1,9,0,18,19,3,7,0,0,0,5,10,0,0,4,1,2,2,1,33,6,1796,1,22,FORD MONDEO,2,E01026477,0,-1
2023610023223,2023,610023223,3,9,0,18,19,7,3,0,0,0,0,0,0,0,1,1,6,6,1,41,7,1499,2,8,FORD MONDEO,-1,-1,0,-1
2023101311813,2023,101311813,1,9,0,18,19,5,1,0,0,0,0,0,0,0,1,1,1,1,1,57,9,1499,2,5,FORD MONDEO,8,E01020659,0,-1
2023351358974,2023,351358974,2,9,0,4,4,1,5,0,0,0,0,0,0,0,2,1,2,2,1,32,6,1997,2,11,FORD MONDEO,7,E01028124,0,-1
2023421269951,2023,421269951,1,9,0,18,19,7,4,0,0,0,0,0,0,0,1,1,5,6,1,45,7,1753,2,13,FORD MONDEO,9,E01021736,0,-1
2023501309450,2023,501309450,2,9,0,18,19,1,5,0,0,0,0,0,0,0,2,1,6,6,1,54,8,1499,2,7,FORD MONDEO,8,E01020146,0,-1
2023141351054,2023,141351054,1,9,0,18,19,1,5,0,0,0,0,0,0,0,4,1,2,2,1,62,9,1997,2,12,FORD MONDEO,1,E01007496,0,-1
2023991270006,2023,991270006,2,9,0,5,5,5,1,0,0,2,0,0,0,0,3,1,5,6,2,27,6,1997,2,10,FORD MONDEO,2,-1,0,-1
2023131310173,2023,131310173,1,9,0,10,10,5,1,0,0,6,0,0,0,0,1,1,6,6,3,-1,-1,-1,3,7,FORD MONDEO,-1,-1,0,-1
2023101373685,2023,101373685,2,9,0,18,19,5,1,0,0,0,0,0,0,0,1,1,5,6,1,60,9,1997,2,11,FORD MONDEO,5,E01008844,0,-1
2023520301414,2023,520301414,3,9,0,4,4,1,5,0,0,0,0,0,0,0,2,1,6,6,2,34,6,1997,2,16,FORD MONDEO,-1,-1,0,-1
2023071080355,2023,071080355,1,9,0,18,19,2,6,0,0,0,0,0,0,0,1,1,6,6,1,29,6,1997,2,8,FORD MONDEO,10,E01018590,0,-1
2023161295036,2023,161295036,2,9,0,2,2,0,0,0,0,0,0,0,0,0,0,1,6,6,3,-1,-1,1997,2,4,FORD MONDEO,-1,-1,0,-1
2023501321404,2023,501321404,1,9,0,9,9,2,8,0,0,1,0,0,0,0,1,1,6,6,1,66,10,1798,1,18,FORD MONDEO,4,E01020196,0,-1
2023052302386,2023,052302386,1,9,0,18,19,3,7,0,0,8,1,0,0,0,4,1,1,1,1,43,7,1499,2,6,FORD MONDEO,3,E01007297,0,-1
2023411309953,2023,411309953,1,9,0,18,19,1,5,0,0,1,0,0,0,0,1,1,5,6,1,66,10,1997,2,10,FORD MONDEO,5,E01023829,0,-1
2023340WN5712,2023,340WN5712,1,9,0,2,2,0,0,0,0,0,0,0,0,0,3,1,6,6,1,48,8,2495,1,17,FORD MONDEO,3,E01027185,0,-1
2023440508895,2023,440508895,3,9,0,3,3,1,5,0,0,0,0,0,0,0,2,1,6,6,1,59,9,1997,2,15,FORD MONDEO,2,E01017216,0,-1
2023451360837,2023,451360837,1,9,0,12,12,4,4,0,0,0,1,0,0,0,4,1,5,6,1,17,4,1560,2,9,FORD MONDEO,9,E01031721,0,-1
2023010451555,2023,010451555,1,9,0,18,19,7,3,0,0,0,0,0,0,0,1,1,1,1,1,37,7,1995,2,2,FORD MONDEO,3,E01003221,0,-1
2023371356783,2023,371356783,1,9,0,9,9,3,7,0,0,1,0,0,0,0,4,1,5,6,1,67,10,1753,2,14,FORD MONDEO,7,E01029885,0,-1
2023361282204,2023,361282204,1,9,0,18,19,4,8,0,0,0,2,0,0,0,1,1,1,1,1,48,8,1997,2,13,FORD MONDEO,4,E01026445,0,-1
2023351409330,2023,351409330,2,9,0,4,4,4,8,0,0,0,0,0,0,0,2,1,6,6,1,60,9,1997,2,8,FORD MONDEO,1,-1,0,-1
2023991293795,2023,991293795,1,9,0,15,15,6,1,0,0,0,0,0,7,0,1,1,5,6,1,54,8,1997,2,14,FORD MONDEO,1,-1,0,-1
2023141330688,2023,141330688,1,9,0,17,19,5,1,0,0,8,0,0,0,0,3,1,5,6,2,28,6,1997,2,7,FORD MONDEO,3,E01007635,0,-1
2023401298522,2023,401298522,1,9,0,9,9,-1,-1,0,0,5,0,0,0,0,1,1,6,6,1,36,7,1997,2,14,FORD MONDEO,5,E01015753,0,-1
2023430538641,2023,430538641,1,9,0,18,19,6,2,0,0,0,0,0,0,0,1,1,6,6,1,58,9,1999,1,12,FORD MONDEO,-1,-1,0,-1
2023430499692,2023,430499692,1,9,0,18,19,7,3,0,0,2,0,0,0,0,1,1,2,2,1,60,9,1560,2,12,FORD MONDEO,5,E01016392,0,-1
2023361381793,2023,361381793,2,9,0,18,19,3,7,0,0,8,0,0,0,0,1,1,5,6,1,77,11,1997,2,13,FORD MONDEO,4,E01018095,0,-1
2023141341672,2023,141341672,3,9,0,18,19,1,5,0,0,0,0,0,0,0,1,1,1,1,1,57,9,1997,2,9,FORD MONDEO,4,E01007393,0,-1
2023401268365,2023,401268365,2,9,0,4,4,5,1,0,0,0,0,0,0,0,2,1,1,1,1,44,7,1997,2,8,FORD MONDEO,6,E01018150,0,-1
2023010452120,2023,010452120,1,9,0,18,19,2,6,0,0,0,0,0,0,0,1,1,6,6,3,-1,-1,1976,1,13,FORD MONDEO,-1,-1,0,-1
2023010442656,2023,010442656,1,9,0,5,5,5,1,0,0,2,0,0,3,0,4,1,2,2,1,54,8,1999,1,17,FORD MONDEO,2,E01003634,0,-1
2023451362943,2023,451362943,1,9,0,7,7,5,3,0,0,0,0,0,0,0,1,1,6,6,1,30,6,2967,1,17,FORD MONDEO,-1,-1,0,-1
2023010438842,2023,010438842,2,9,0,99,99,9,9,99,99,9,9,99,9,99,2,9,6,6,3,-1,-1,1997,2,14,FORD MONDEO,1,E01000105,0,-1
2023440517841,2023,440517841,2,9,0,9,9,6,4,0,0,8,0,0,0,0,4,1,2,2,2,31,6,1997,2,13,FORD MONDEO,8,E01022651,0,-1
2023471296262,2023,471296262,2,9,0,4,4,8,4,0,0,0,0,0,0,0,3,1,6,6,2,28,6,1560,2,11,FORD MONDEO,5,E01021001,0,-1
2023471367629,2023,471367629,2,9,0,18,19,3,7,0,0,0,0,0,0,0,-1,1,6,6,1,24,5,1753,2,15,FORD MONDEO,1,E01031429,0,-1
2023332300611,2023,332300611,2,9,0,18,19,8,4,0,0,0,0,0,0,0,1,1,6,6,1,35,6,1499,2,8,FORD MONDEO,2,E01013694,0,-1
2023131332324,2023,131332324,3,9,0,18,19,7,3,0,0,1,0,0,0,0,0,1,1,1,1,38,7,1995,2,1,FORD MONDEO,6,E01011885,0,-1
2023101383929,2023,101383929,1,9,0,1,1,3,7,0,0,8,0,0,0,0,2,1,6,6,2,53,8,1997,2,14,FORD MONDEO,3,E01008405,0,-1
2023461353486,2023,461353486,1,9,0,16,19,4,8,0,0,1,0,0,1,0,1,1,6,6,1,22,5,1997,2,15,FORD MONDEO,8,E01024575,0,-1
2023361402488,2023,361402488,2,9,0,9,9,4,1,0,0,0,0,0,0,0,4,1,5,6,2,46,8,1995,2,3,FORD MONDEO,9,E01026836,0,-1
2023545423423,2023,545423423,2,9,0,18,19,4,8,0,0,0,0,0,0,0,4,1,6,6,1,41,7,1997,2,13,FORD MONDEO,5,E01015554,0,-1
2023010433088,2023,010433088,1,9,0,99,99,9,9,99,99,9,9,99,9,99,9,9,6,6,1,26,6,1999,8,7,FORD MONDEO,5,E01016483,0,-1
2023302300478,2023,302300478,1,9,0,9,9,5,4,0,0,5,0,0,0,0,4,2,6,6,2,52,8,2179,2,14,FORD MONDEO,5,E01019534,0,-1
2023531338210,2023,531338210,1,9,0,18,19,1,5,0,0,1,0,0,0,0,1,1,6,6,2,-1,-1,1560,2,11,FORD MONDEO,-1,-1,0,-1
2023161331377,2023,161331377,1,9,0,18,19,3,7,0,0,4,0,0,0,0,4,1,6,6,1,20,4,1997,2,13,FORD MONDEO,-1,-1,0,-1
2023041352566,2023,041352566,2,9,0,2,2,1,5,1,1,1,0,0,0,0,3,1,5,6,1,50,8,1997,2,15,FORD MONDEO,1,E01025207,0,-1
2023302300480,2023,302300480,2,9,0,18,19,6,2,0,0,1,0,0,0,0,1,1,6,6,3,-1,-1,2198,2,16,FORD MONDEO,5,E01019456,0,-1
2023141262134,2023,141262134,2,9,0,5,5,2,6,0,0,4,0,0,0,0,4,1,6,6,1,40,7,1997,2,8,FORD MONDEO,1,E01007913,0,-1
2023141271678,2023,141271678,1,9,0,12,12,3,6,0,0,0,0,0,0,0,4,1,5,6,1,44,7,1997,2,16,FORD MONDEO,1,E01007946,0,-1
2023010436259,2023,010436259,1,9,0,5,5,3,7,0,0,1,0,0,0,0,1,1,2,2,2,54,8,1997,2,11,FORD MONDEO,-1,-1,0,-1
2023111297390,2023,111297390,2,8,0,18,19,1,5,0,0,1,0,0,0,0,3,1,1,1,1,57,9,1560,2,9,FORD MONDEO,3,E01020744,0,-1
2023991383625,2023,991383625,1,9,0,5,5,1,5,0,0,4,0,0,0,0,1,1,6,6,2,61,9,1560,2,11,FORD MONDEO,6,-1,0,-1
2023201414782,2023,201414782,1,9,0,10,10,7,3,0,0,1,0,0,0,0,0,1,6,6,1,56,9,1997,2,15,FORD MONDEO,2,E01010279,0,-1
2023161306773,2023,161306773,3,9,0,2,2,0,0,0,0,0,0,0,0,0,2,1,6,6,3,-1,-1,1997,2,12,FORD MONDEO,-1,-1,0,-1
2023332300363,2023,332300363,2,9,0,4,4,5,1,0,0,0,0,0,0,0,2,1,6,6,2,70,10,1798,1,17,FORD MONDEO,8,E01032865,0,-1
2023061305805,2023,061305805,1,9,0,18,19,1,5,0,0,0,0,0,0,0,1,1,6,6,3,30,6,1999,1,15,FORD MONDEO,9,E01005903,0,-1
2023052301918,2023,052301918,1,9,0,1,1,3,7,0,0,0,0,0,0,0,2,1,6,6,1,54,8,1997,2,13,FORD MONDEO,9,E01012392,0,-1
2023332301099,2023,332301099,2,9,0,18,19,3,7,0,0,0,0,0,6,4,1,1,2,2,1,46,8,1499,2,7,FORD MONDEO,4,E01025918,0,-1
2023010481951,2023,010481951,1,9,0,18,19,7,3,0,0,8,1,0,0,0,1,1,6,6,1,48,8,2261,1,15,FORD MONDEO,5,E01015926,0,-1
2023101384154,2023,101384154,2,9,0,13,13,8,4,0,0,1,1,0,0,0,1,1,5,6,1,85,11,1997,2,10,FORD MONDEO,6,-1,0,-1
2023340NN9032,2023,340NN9032,1,9,0,13,13,5,1,0,0,0,0,0,0,0,1,1,6,6,1,23,5,1997,2,11,FORD MONDEO,7,E01027216,0,-1
2023010461524,2023,010461524,2,9,9,99,99,9,9,99,99,9,9,99,9,99,1,9,6,6,3,-1,-1,2179,2,14,FORD MONDEO,-1,-1,0,-1
2023010484835,2023,010484835,3,9,0,2,2,0,0,0,0,1,0,4,0,0,1,1,6,6,3,-1,-1,1997,2,14,FORD MONDEO,-1,-1,0,-1
2023991308142,2023,991308142,1,9,0,18,19,6,2,0,0,0,0,0,0,0,1,1,6,6,1,82,11,1997,2,13,FORD MONDEO,8,-1,0,-1
2023471392364,2023,471392364,3,9,0,18,19,1,5,0,0,1,0,0,0,0,1,1,2,2,1,22,5,1753,2,13,FORD MONDEO,2,E01021119,0,-1
2023332300234,2023,332300234,1,9,0,18,19,2,6,0,0,0,0,11,1,0,1,1,6,6,1,39,7,1999,8,3,FORD MONDEO,6,E01025762,0,-1
2023991352918,2023,991352918,1,9,0,18,19,6,2,0,0,0,0,0,0,0,1,1,5,6,2,53,8,1997,2,15,FORD MONDEO,2,-1,0,-1
2023361286916,2023,361286916,1,9,0,9,9,1,7,0,0,0,0,0,0,0,0,1,2,2,1,67,10,1998,2,22,FORD MONDEO,4,E01026864,0,-1
2023520301617,2023,520301617,1,9,0,9,9,2,6,0,0,8,0,0,0,0,1,1,6,6,2,50,8,1999,1,17,FORD MONDEO,5,E01029279,0,-1
2023010462649,2023,010462649,2,9,0,18,19,5,1,0,0,1,0,0,0,0,1,2,6,6,1,43,7,1995,2,2,FORD MONDEO,5,E01001164,0,-1
2023361365032,2023,361365032,2,9,0,18,19,7,3,0,0,0,0,0,0,0,3,1,2,2,1,45,7,2179,2,14,FORD MONDEO,5,E01026435,0,-1
2023501281461,2023,501281461,1,9,-1,-1,-1,-1,-1,-1,-1,-1,-1,-1,-1,0,-1,1,6,6,1,61,9,1999,1,15,FORD MONDEO,5,E01015225,0,-1
2023401338121,2023,401338121,2,9,0,10,10,5,3,0,0,1,0,0,2,4,2,1,1,1,1,61,9,1796,1,28,FORD MONDEO,2,E01015781,0,-1
2023041377607,2023,041377607,1,9,0,17,19,7,5,0,0,8,0,11,0,0,1,1,5,6,1,62,9,1499,2,7,FORD MONDEO,5,E01025515,0,-1
2023401383455,2023,401383455,3,9,0,18,19,8,4,0,0,0,0,0,0,0,2,1,1,1,2,30,6,1997,2,15,FORD MONDEO,2,E01027156,0,-1
2023421360410,2023,421360410,1,5,0,18,19,2,7,0,0,1,0,0,0,0,1,1,6,6,1,49,8,998,1,7,HONDA CRF1000A,7,E01021722,0,-1
2023421372725,2023,421372725,2,5,0,18,19,6,3,0,0,0,0,0,0,0,3,1,2,2,1,37,7,998,1,4,HONDA CRF1000A,-1,-1,0,-1
2023201340191,2023,201340191,2,3,0,18,19,3,7,0,0,8,0,10,2,10,3,1,6,6,1,28,6,998,1,4,-1,6,E01010079,0,-1
2023070606472,2023,070606472,2,5,0,18,19,6,2,0,0,8,0,0,0,0,1,1,6,6,1,62,9,998,1,4,HONDA CRF1000A,1,E01018486,0,-1
2023461318200,2023,461318200,2,5,0,13,13,3,7,0,0,1,1,0,0,0,3,1,6,6,1,63,9,998,1,6,HONDA CRF1000A,-1,-1,0,-1
2023010440197,2023,010440197,1,5,9,99,99,9,9,99,99,9,9,99,9,99,9,1,6,6,3,59,9,998,1,6,HONDA CRF1000A,6,E01004653,0,-1
2023501329509,2023,501329509,2,5,0,18,19,1,5,0,0,8,0,0,0,0,4,1,2,2,1,35,6,998,1,5,HONDA CRF1000A,9,E01030823,0,-1
2023631312841,2023,631312841,2,5,0,18,19,6,2,0,0,8,0,0,0,0,1,1,5,6,1,63,9,998,1,4,HONDA CRF1000A,9,W01001198,0,-1
2023430057722,2023,430057722,1,3,0,17,19,5,2,0,0,0,1,0,0,0,4,1,6,6,2,39,7,998,1,7,-1,10,E01030790,0,-1
2023545279823,2023,545279823,2,3,0,4,4,4,8,0,0,1,0,0,0,0,1,1,6,6,1,55,8,998,1,5,-1,8,E01013368,0,-1
2023430147434,2023,430147434,1,5,0,17,19,6,3,0,0,0,1,0,0,0,0,1,2,2,1,44,7,998,1,5,HONDA CRF1000A,3,E01017906,0,-1
2023061376090,2023,061376090,2,5,0,18,19,3,7,0,0,6,0,0,0,0,1,1,5,6,1,45,7,998,1,7,HONDA CRF1000A,3,E01006811,0,-1
2023010446035,2023,010446035,1,5,0,17,19,7,3,0,0,1,0,0,0,0,2,1,6,6,1,51,8,998,1,6,HONDA CRF1000A,2,E01001202,0,-1
2023010449773,2023,010449773,1,5,0,18,19,5,1,0,0,0,0,0,0,0,3,1,6,6,1,43,7,782,1,4,HONDA VFR 800,3,E01023876,0,-1
2023111325468,2023,111325468,2,5,0,18,19,7,3,0,0,1,0,0,0,0,1,1,5,6,1,59,9,782,1,8,HONDA VFR 800,9,E01020600,0,-1
2023471314815,2023,471314815,2,5,0,5,5,7,3,0,0,0,0,0,0,0,4,1,5,6,1,32,6,782,1,6,HONDA VFR 800,6,E01031770,0,-1
2023461333036,2023,461333036,1,5,0,18,19,7,3,0,0,0,0,0,0,0,0,1,6,6,1,79,11,782,1,9,HONDA VFR 800,6,E01024679,0,-1
2023010453346,2023,010453346,1,5,0,18,19,1,5,9,9,1,2,0,1,11,4,1,2,2,1,36,7,782,1,11,HONDA VFR 800,5,E01000820,0,-1
2023010440700,2023,010440700,1,5,0,99,99,9,9,99,99,9,9,99,9,99,9,1,6,6,1,39,7,782,1,8,HONDA VFR 800,3,E01004125,0,-1
2023031350542,2023,031350542,1,5,0,3,3,4,8,0,0,1,0,0,0,0,1,1,5,6,1,53,8,782,1,7,HONDA VFR 800,-1,-1,0,-1
2023311368273,2023,311368273,2,5,0,18,19,7,3,0,0,1,0,0,0,0,1,1,6,6,1,42,7,782,1,5,HONDA VFR 800,1,E01013876,0,-1
2023411293304,2023,411293304,2,5,0,18,19,3,7,0,0,1,0,0,0,0,3,1,6,6,1,45,7,782,1,12,HONDA VFR 800,4,E01023861,0,-1
202360A172956,2023,60A172956,2,5,0,18,19,4,8,0,0,8,5,0,1,0,1,1,6,6,1,68,10,782,1,4,HONDA VFR 800,-1,-1,0,-1
2023461392907,2023,461392907,1,4,0,18,19,7,3,0,0,0,1,0,0,0,4,1,6,6,1,18,4,782,1,8,-1,2,E01000789,0,-1
2023471293080,2023,471293080,1,5,0,13,13,1,5,0,0,0,5,0,0,0,1,1,5,6,1,24,5,782,1,7,HONDA VFR 800,4,E01024560,0,-1
2023631341071,2023,631341071,1,5,0,16,19,7,2,0,0,0,1,0,0,0,1,1,6,6,1,44,7,782,1,4,HONDA VFR 800,6,E01016393,0,-1
2023421348286,2023,421348286,2,9,0,2,2,5,1,0,0,0,0,0,0,0,0,1,3,7,2,52,8,1599,1,16,HYUNDAI MATRIX,2,E01021327,0,-1
2023010444840,2023,010444840,2,9,0,18,19,3,7,0,0,0,0,0,0,0,1,1,6,6,1,46,8,1599,1,19,HYUNDAI MATRIX,6,E01000157,0,-1
2023010449636,2023,010449636,1,9,0,7,7,5,7,0,0,5,0,0,0,0,3,1,6,6,1,69,10,1599,1,14,HYUNDAI MATRIX,1,E01000782,0,-1
2023122300070,2023,122300070,1,9,0,1,1,4,8,0,0,0,0,0,7,11,2,1,3,7,1,80,11,1599,1,17,HYUNDAI MATRIX,5,E01027649,0,-1
2023010448671,2023,010448671,1,9,0,18,19,7,3,0,0,1,0,0,0,0,1,1,6,6,2,41,7,1599,1,18,HYUNDAI MATRIX,2,E01001066,0,-1
2023991311899,2023,991311899,3,9,0,2,2,0,0,6,6,0,0,0,0,0,2,1,6,6,3,-1,-1,1493,2,14,HYUNDAI MATRIX,-1,-1,0,-1
2023052300503,2023,052300503,2,9,0,18,19,1,5,0,0,3,0,0,0,0,4,1,6,6,3,-1,-1,1599,1,20,HYUNDAI MATRIX,-1,-1,0,-1
2023501304631,2023,501304631,1,9,0,18,19,1,5,0,0,0,0,0,1,9,4,1,6,6,1,30,6,1599,1,19,HYUNDAI MATRIX,5,E01018946,0,-1
2023010443861,2023,010443861,2,9,9,99,99,9,9,99,99,9,9,99,9,99,1,9,6,6,3,39,7,1795,1,17,HYUNDAI MATRIX,1,E01001178,0,-1
2023440376402,2023,440376402,1,9,0,9,9,6,4,0,0,6,0,0,0,0,3,1,6,6,2,79,11,1599,1,17,HYUNDAI MATRIX,4,E01017339,0,-1
2023548637223,2023,548637223,2,9,0,18,19,5,2,0,0,8,0,0,0,0,3,1,6,6,2,46,8,1599,1,16,HYUNDAI MATRIX,9,E01032038,0,-1
2023461373767,2023,461373767,2,9,0,16,19,2,6,0,0,0,1,0,0,0,1,1,6,6,1,47,8,1599,1,22,HYUNDAI MATRIX,3,E01024222,0,-1
2023101297044,2023,101297044,1,9,0,2,2,0,0,0,0,0,0,0,0,0,1,1,6,6,3,-1,-1,1599,1,19,HYUNDAI MATRIX,-1,-1,0,-1
2023421351361,2023,421351361,1,9,0,18,19,2,6,0,0,8,0,0,0,0,4,1,6,6,1,30,6,1599,1,19,HYUNDAI MATRIX,4,E01015831,0,-1
2023052300613,2023,052300613,1,9,0,3,3,7,3,0,0,1,0,0,0,0,1,1,6,6,1,83,11,1599,1,16,HYUNDAI MATRIX,8,E01007113,0,-1
2023010454417,2023,010454417,1,2,0,14,14,5,1,0,0,8,0,0,0,0,1,1,1,1,1,27,6,-1,3,2,-1,4,E01002663,0,-1
2023010431121,2023,010431121,1,2,0,18,19,3,7,0,0,0,0,0,0,0,1,1,1,1,1,18,4,-1,3,2,-1,4,E01000611,0,-1
2023010437457,2023,010437457,2,2,0,13,13,3,7,0,0,8,0,0,0,0,1,1,2,2,1,30,6,-1,3,2,-1,6,E01002124,0,-1
2023010435719,2023,010435719,2,3,0,18,19,3,7,0,0,0,0,0,0,0,1,1,1,1,1,21,5,-1,3,1,-1,7,E01002198,0,-1
2023010435281,2023,010435281,2,2,0,13,13,3,7,0,0,8,1,0,0,0,1,1,6,6,1,21,5,-1,3,1,-1,6,E01002125,0,-1
2023010476840,2023,010476840,1,2,0,14,14,5,1,0,0,1,0,0,0,0,1,1,2,2,1,33,6,-1,3,1,-1,6,E01001160,0,-1
2023010461243,2023,010461243,1,3,0,18,19,3,7,0,0,1,0,0,0,0,1,1,1,1,1,25,5,-1,3,2,-1,4,E01000611,0,-1
2023010440794,2023,010440794,1,3,0,99,99,9,9,99,99,9,9,99,9,99,9,1,1,1,1,26,6,-1,3,3,-1,4,E01000485,0,-1
2023010472970,2023,010472970,1,3,0,18,19,1,5,0,0,0,1,0,0,0,0,1,1,1,1,30,6,-1,3,1,-1,5,E01002202,0,-1
2023010486662,2023,010486662,2,4,0,4,4,1,5,0,0,1,0,0,0,0,0,1,1,1,1,20,4,-1,3,1,-1,7,E01002428,0,-1
2023231396504,2023,231396504,1,9,0,18,19,8,4,0,0,0,1,0,7,3,4,1,6,6,1,37,7,954,1,31,PEUGEOT 106,7,E01031224,0,-1
2023320078818,2023,320078818,1,9,0,18,19,4,8,0,0,0,5,0,1,2,4,1,6,6,2,38,7,1124,1,20,PEUGEOT 106,-1,-1,0,-1
2023031302524,2023,031302524,1,9,0,17,19,7,3,0,0,0,5,0,0,0,4,1,5,6,1,17,4,1124,1,27,PEUGEOT 106,10,E01019368,0,-1
2023411364633,2023,411364633,3,9,0,4,4,5,1,0,0,0,0,0,0,0,2,1,5,6,1,68,10,1124,1,21,PEUGEOT 106,5,E01002619,0,-1
2023430184318,2023,430184318,2,9,0,18,19,3,7,0,0,8,0,0,0,0,1,1,6,6,1,18,4,1124,1,22,PEUGEOT 106,8,E01027288,0,-1
2023061290633,2023,061290633,1,9,0,9,9,6,3,0,0,8,0,0,0,0,4,1,5,6,1,18,4,1124,1,23,PEUGEOT 106,5,W01000246,0,-1
2023461276577,2023,461276577,1,9,0,18,19,2,6,0,0,1,0,0,0,0,1,1,5,6,1,53,8,1124,1,22,PEUGEOT 106,6,E01024628,0,-1
2023461283453,2023,461283453,1,9,0,18,19,1,5,0,0,0,1,0,0,0,1,1,2,2,1,20,4,1124,1,22,PEUGEOT 106,4,E01024217,0,-1
2023122300210,2023,122300210,1,9,0,18,19,3,7,0,0,0,0,0,8,11,1,1,6,6,1,20,4,1124,1,23,PEUGEOT 106,9,E01027687,0,-1
2023471288503,2023,471288503,1,9,0,9,9,6,3,0,0,6,0,0,0,0,1,1,2,2,1,20,4,1124,1,21,PEUGEOT 106,6,E01031673,0,-1
2023501352509,2023,501352509,1,9,0,18,19,7,3,0,0,0,0,0,0,0,4,1,3,7,1,48,8,1124,1,22,PEUGEOT 106,5,E01020235,0,-1
2023401263039,2023,401263039,1,9,-1,-1,-1,-1,-1,-1,-1,0,-1,-1,-1,0,-1,1,5,6,1,74,10,1124,1,26,PEUGEOT 106,8,E01017480,0,-1
2023461274076,2023,461274076,2,9,0,7,7,6,4,0,0,8,0,0,0,0,3,1,6,6,1,52,8,1124,1,24,PEUGEOT 106,4,E01024665,0,-1
2023221392805,2023,221392805,1,9,0,18,19,4,6,0,0,2,1,0,1,1,1,1,6,6,1,19,4,1124,1,21,PEUGEOT 106,6,E01032213,0,-1