collision_index,collision_year,collision_ref_no,vehicle_reference,vehicle_type,towing_and_articulation,vehicle_manoeuvre_historic,vehicle_manoeuvre,vehicle_direction_from,vehicle_direction_to,vehicle_location_restricted_lane_historic,vehicle_location_restricted_lane,junction_location,skidding_and_overturning,hit_object_in_carriageway,vehicle_leaving_carriageway,hit_object_off_carriageway,first_point_of_impact,vehicle_left_hand_drive,journey_purpose_of_driver_historic,journey_purpose_of_driver,sex_of_driver,age_of_driver,age_band_of_driver,engine_capacity_cc,propulsion_code,age_of_vehicle,generic_make_model,driver_imd_decile,lsoa_of_driver,escooter_flag,driver_distance_banding
2023361277107,2023,361277107,2,9,0,18,19,8,4,0,0,1,0,0,0,0,1,1,1,1,1,32,6,1527,2,25,PEUGEOT 106,5,E01026720,0,-1
2023211443107,2023,211443107,1,9,0,7,7,6,5,0,0,0,0,0,1,0,1,1,5,6,1,76,11,1124,1,26,PEUGEOT 106,3,E01029388,0,-1
2023411364636,2023,411364636,1,9,0,3,3,6,2,0,0,3,0,0,0,0,2,1,5,6,1,27,6,1124,1,21,PEUGEOT 106,6,E01023918,0,-1
2023451354462,2023,451354462,2,9,0,18,19,8,2,0,0,2,0,0,0,0,1,1,5,6,1,28,6,1124,1,21,PEUGEOT 106,8,E01000655,0,-1
2023430350505,2023,430350505,1,9,0,4,4,6,2,0,0,0,0,0,0,0,1,1,6,6,1,20,4,1124,1,21,PEUGEOT 106,-1,-1,0,-1
2023031373518,2023,031373518,1,9,0,18,19,5,1,0,0,0,5,0,0,0,1,1,5,6,1,19,4,1124,1,25,PEUGEOT 106,6,E01019320,0,-1
2023430272001,2023,430272001,1,9,0,16,19,6,1,0,0,0,2,0,1,4,1,1,6,6,1,17,4,1124,1,27,PEUGEOT 106,3,E01016336,0,-1
2023231297688,2023,231297688,2,9,0,9,9,1,7,0,0,5,0,0,0,0,3,1,1,1,1,44,7,1527,2,27,PEUGEOT 106,4,E01031276,0,-1
2023501367015,2023,501367015,1,9,0,3,3,6,3,0,0,1,0,0,0,0,2,1,5,6,1,48,8,1124,1,20,PEUGEOT 106,1,E01015214,0,-1
2023010434959,2023,010434959,1,3,9,99,99,9,9,99,99,9,9,99,9,99,1,1,6,6,1,32,6,125,1,0,-1,1,E01033455,0,-1
2023010422470,2023,010422470,2,3,0,15,15,7,3,0,0,0,0,10,1,11,1,1,1,1,1,22,5,-1,3,1,-1,-1,-1,0,-1
2023221321641,2023,221321641,2,5,0,4,4,6,2,0,0,0,0,0,1,0,2,1,6,6,1,55,8,1200,1,2,-1,2,E01032470,0,-1
2023471279299,2023,471279299,1,4,0,9,9,2,6,0,0,1,0,0,0,0,3,1,5,6,1,39,7,1200,1,2,-1,5,E01020947,0,-1
2023010458478,2023,010458478,1,5,0,99,99,9,9,99,99,9,9,99,9,99,9,1,2,2,1,55,8,1200,1,2,-1,6,E01004359,0,-1
2023451373604,2023,451373604,1,5,0,18,19,2,6,0,0,0,1,0,0,0,1,1,5,6,1,60,9,1200,1,3,-1,7,E01030577,0,-1
2023311283187,2023,311283187,2,5,0,13,13,2,6,0,0,0,5,0,0,0,4,1,6,6,1,55,8,1200,1,2,-1,5,E01028042,0,-1
2023471374159,2023,471374159,1,5,0,18,19,6,2,0,0,0,0,11,1,1,1,1,5,6,1,71,10,1200,1,1,-1,10,E01022928,0,-1
2023122300952,2023,122300952,1,5,0,18,19,7,3,0,0,0,0,0,0,0,1,1,6,6,1,65,9,900,1,0,-1,6,E01013418,0,-1
2023320299630,2023,320299630,2,5,0,18,19,8,4,0,0,8,5,0,0,0,1,1,6,6,1,73,10,1200,1,2,-1,-1,-1,0,-1
2023061282042,2023,061282042,2,5,0,18,19,3,7,0,0,1,0,0,0,0,4,1,5,6,1,30,6,900,1,0,-1,2,E01006107,0,-1
2023211322276,2023,211322276,2,3,0,18,19,1,1,0,0,1,0,12,0,0,1,1,6,6,1,55,8,1200,1,0,-1,5,E01029365,0,-1
2023010477511,2023,010477511,2,4,0,18,19,1,5,0,0,1,1,0,0,0,0,1,6,6,1,60,9,125,1,54,-1,5,E01004346,0,-1
2023471299036,2023,471299036,1,9,0,18,19,1,5,0,0,1,0,0,0,0,3,1,6,6,1,89,11,1997,2,14,VOLVO V50,10,E01032839,0,-1
2023010449927,2023,010449927,1,9,0,7,7,3,5,0,0,5,0,0,0,0,1,1,6,6,1,51,8,1560,2,11,VOLVO V50,4,E01003074,0,-1
2023471263392,2023,471263392,3,9,0,18,19,1,5,0,0,0,0,11,0,0,1,1,5,6,1,35,6,1798,1,15,VOLVO V50,8,E01021176,0,-1
2023451393574,2023,451393574,2,9,0,18,19,1,5,0,0,1,0,0,0,0,1,1,6,6,1,84,11,1984,2,11,VOLVO V50,10,E01030454,0,-1
2023411288521,2023,411288521,2,9,-1,-1,-1,-1,-1,-1,-1,-1,-1,-1,-1,0,-1,1,2,2,1,63,9,1560,2,14,VOLVO V50,3,E01001229,0,-1
2023010476057,2023,010476057,1,9,0,18,19,7,3,0,0,8,0,0,0,0,1,1,6,6,1,38,7,1999,1,15,VOLVO V50,7,E01002013,0,-1
2023311356569,2023,311356569,1,9,0,18,19,8,4,0,0,1,0,0,0,0,1,1,2,2,1,24,5,1560,2,11,VOLVO V50,-1,-1,0,-1
202360A053977,2023,60A053977,2,9,0,17,19,3,7,0,0,0,0,0,0,0,1,1,6,6,2,46,8,1798,1,15,VOLVO V50,-1,-1,0,-1
2023010427829,2023,010427829,2,9,0,99,99,9,9,99,99,9,9,99,9,99,1,9,6,6,1,-1,-1,1998,2,17,VOLVO V50,-1,-1,0,-1
2023052301764,2023,052301764,3,9,0,2,2,0,0,0,0,0,0,0,0,0,1,1,6,6,3,-1,-1,1560,2,13,VOLVO V50,-1,-1,0,-1
2023501330780,2023,501330780,1,9,0,18,19,7,3,0,0,1,0,0,0,0,4,1,5,6,1,28,6,1798,1,17,VOLVO V50,4,E01033071,0,-1
2023061379387,2023,061379387,1,9,0,11,11,2,6,0,0,1,0,0,0,0,0,1,6,6,3,30,6,2400,2,14,VOLVO V50,-1,-1,0,-1
2023552300098,2023,552300098,1,9,0,18,19,6,2,0,0,0,2,0,7,10,3,1,2,2,2,25,5,1798,1,14,VOLVO V50,6,E01020541,0,-1
2023531271154,2023,531271154,1,9,0,18,19,4,8,0,0,0,1,0,1,0,1,1,6,6,1,34,6,2401,2,16,VOLVO V50,5,E01032385,0,-1
2023631342517,2023,631342517,2,9,0,17,19,6,3,0,0,8,1,0,0,0,1,1,5,6,2,22,5,1998,2,15,VOLVO V50,9,W01000482,0,-1
2023991288148,2023,991288148,4,9,0,4,4,2,6,0,0,1,0,0,0,0,2,1,5,6,1,62,9,1560,2,11,VOLVO V50,7,-1,0,-1
2023520400305,2023,520400305,1,9,0,9,9,3,1,0,0,8,0,0,0,0,4,1,6,6,2,43,7,2435,1,18,VOLVO V50,3,E01029036,0,-1
2023131262186,2023,131262186,1,9,0,4,4,1,6,0,0,1,0,0,0,0,1,1,2,2,1,23,5,1998,2,15,VOLVO V50,3,E01011141,0,-1
2023520301801,2023,520301801,1,9,0,18,19,6,2,0,0,0,0,0,0,0,1,1,6,6,2,37,7,1560,2,12,VOLVO V50,5,E01014961,0,-1
2023101352130,2023,101352130,2,9,0,18,19,2,8,0,0,0,0,0,0,0,3,1,6,6,1,52,8,1997,2,14,VOLVO V50,4,E01008565,0,-1
2023070118684,2023,070118684,2,9,0,9,9,5,3,0,0,2,0,0,0,0,3,1,6,6,1,63,9,1560,2,12,VOLVO V50,3,E01018464,0,-1
2023471273566,2023,471273566,1,9,0,18,19,1,5,0,0,0,0,0,7,9,1,1,2,2,2,44,7,1997,2,13,VOLVO V50,8,E01031767,0,-1
2023471297774,2023,471297774,2,9,0,18,19,5,1,0,0,0,0,0,0,0,4,1,6,6,2,48,8,1560,2,13,VOLVO V50,5,E01016884,0,-1
2023320731162,2023,320731162,3,9,0,10,10,2,8,0,0,6,0,0,0,0,1,1,6,6,1,72,10,1560,2,11,VOLVO V50,4,E01026207,0,-1
2023401346859,2023,401346859,2,9,0,18,19,-1,-1,0,0,1,1,0,0,0,4,1,5,6,1,41,7,1560,2,11,VOLVO V50,3,E01027038,0,-1
2023451343711,2023,451343711,1,9,0,9,9,7,3,0,0,8,0,0,0,0,1,1,5,6,1,66,10,1560,2,15,VOLVO V50,6,E01030555,0,-1
2023332300781,2023,332300781,1,9,0,18,19,6,2,0,0,6,0,0,3,0,4,1,6,6,1,34,6,1560,2,11,VOLVO V50,5,E01027763,0,-1
2023170M10023,2023,170M10023,1,9,0,6,6,0,1,0,0,0,0,0,0,0,3,1,6,6,1,21,5,2401,2,16,VOLVO V50,3,E01012057,0,-1
2023461363202,2023,461363202,1,9,0,3,3,2,4,0,0,4,0,0,0,0,1,1,6,6,2,56,9,1984,2,12,VOLVO V50,5,E01024588,0,-1
2023461296507,2023,461296507,2,9,0,18,19,7,3,0,0,0,0,0,0,0,2,1,2,2,1,37,7,1998,2,15,VOLVO V50,1,E01024611,0,-1
2023451339628,2023,451339628,1,9,0,14,14,6,2,0,0,0,0,0,0,0,3,1,5,6,1,65,9,1997,2,13,VOLVO V50,9,E01030978,0,-1
2023501377773,2023,501377773,2,9,0,18,19,3,1,0,0,0,0,0,0,0,2,1,2,2,2,42,7,1997,2,14,VOLVO V50,1,E01015028,0,-1
2023548075023,2023,548075023,1,9,0,9,9,1,4,0,0,1,0,0,7,9,1,1,6,6,2,67,10,1998,2,17,VOLVO V50,5,E01032048,0,-1
2023430148298,2023,430148298,1,9,0,7,7,4,6,0,0,6,0,0,0,0,3,1,6,6,2,81,11,1984,2,12,VOLVO V50,10,E01028722,0,-1
2023501275006,2023,501275006,1,9,0,7,7,1,1,0,0,0,0,0,0,0,4,1,2,2,1,35,6,1998,2,15,VOLVO V50,3,E01018869,0,-1
2023552301517,2023,552301517,2,9,0,18,19,6,2,0,0,8,0,0,0,0,1,1,2,2,1,59,9,1997,2,13,VOLVO V50,8,E01015436,0,-1
2023010448134,2023,010448134,2,9,9,1,1,1,5,0,0,2,0,0,0,0,2,9,6,6,3,-1,-1,1798,1,16,VOLVO V50,-1,-1,0,-1
202360A131395,2023,60A131395,2,9,0,18,19,5,1,0,0,0,0,0,0,0,1,1,6,6,1,62,9,1999,1,15,VOLVO V50,-1,-1,0,-1
2023010453674,2023,010453674,2,9,9,99,99,9,9,99,99,9,9,99,9,99,9,9,6,6,3,-1,-1,1798,1,17,VOLVO V50,-1,-1,0,-1
2023311423805,2023,311423805,1,9,0,9,9,3,1,0,0,0,0,0,0,0,3,1,6,6,1,44,7,1998,2,15,VOLVO V50,3,E01027931,0,-1
2023991351349,2023,991351349,1,9,0,18,19,7,3,0,0,0,0,0,8,0,1,1,5,6,1,55,8,1998,2,16,VOLVO V50,5,-1,0,-1
2023471319591,2023,471319591,3,9,0,18,19,7,3,0,0,0,0,0,0,0,0,1,6,6,1,77,11,1998,2,15,VOLVO V50,10,E01031644,0,-1
2023052301341,2023,052301341,1,9,0,18,19,7,3,0,0,8,0,10,1,1,1,1,6,6,1,40,7,1560,2,15,VOLVO V50,1,E01007293,0,-1
2023052300063,2023,052300063,2,9,0,18,19,5,1,0,0,0,0,0,0,0,1,1,6,6,1,37,7,1798,1,15,VOLVO V50,1,E01006678,0,-1
2023361306409,2023,361306409,2,9,0,7,7,8,3,0,0,8,0,0,0,0,1,1,5,6,1,54,8,1998,2,19,VOLVO V50,6,E01026494,0,-1
2023471271687,2023,471271687,1,9,0,18,19,4,8,0,0,0,0,0,0,0,1,1,6,6,1,46,8,1560,2,14,VOLVO V50,6,E01031604,0,-1
2023520400545,2023,520400545,3,9,0,18,19,1,5,0,0,0,0,0,0,0,3,1,6,6,1,55,8,1560,2,12,VOLVO V50,6,E01029054,0,-1
2023430206970,2023,430206970,2,9,0,9,9,4,2,0,0,6,0,0,0,0,4,1,6,6,2,30,6,1998,2,16,VOLVO V50,-1,-1,0,-1
2023320369616,2023,320369616,1,9,0,16,19,8,4,0,0,0,0,0,0,0,1,1,6,6,1,78,11,1997,2,14,VOLVO V50,-1,-1,0,-1
2023461371931,2023,461371931,3,9,0,2,2,0,0,9,9,0,0,0,0,0,1,1,6,6,3,-1,-1,1798,1,17,VOLVO V50,-1,-1,0,-1
2023041451568,2023,041451568,1,9,0,18,19,7,3,0,0,1,0,0,0,0,1,1,6,6,3,-1,-1,1984,2,12,VOLVO V50,-1,-1,0,-1
2023531306395,2023,531306395,1,9,0,9,9,7,3,0,0,0,0,0,0,0,1,1,5,6,1,71,10,1984,2,13,VOLVO V50,9,E01014963,0,-1
2023161307123,2023,161307123,1,9,0,9,9,4,2,0,0,6,0,0,0,0,1,1,6,6,1,75,10,1998,2,14,VOLVO V50,7,E01012815,0,-1
2023991363497,2023,991363497,1,9,0,17,19,3,8,0,0,0,0,0,0,0,3,1,5,6,2,38,7,1984,2,12,VOLVO V50,9,-1,0,-1
2023010454951,2023,010454951,3,9,0,18,19,1,5,0,0,8,0,0,0,0,0,1,1,1,2,62,9,2435,1,17,VOLVO V50,6,E01022096,0,-1
2023401382452,2023,401382452,1,9,0,3,3,6,2,0,0,0,0,0,0,0,1,1,6,6,1,57,9,1998,2,17,VOLVO V50,2,E01015779,0,-1
2023542058423,2023,542058423,1,9,0,9,9,3,1,0,0,6,0,0,0,0,1,1,6,6,1,67,10,1998,2,19,VOLVO V50,7,E01031891,0,-1
2023101350934,2023,101350934,1,9,0,12,12,4,8,0,0,0,0,0,0,0,3,1,6,6,3,-1,-1,2401,2,14,VOLVO V50,-1,-1,0,-1
2023501304109,2023,501304109,2,9,0,17,19,2,6,0,0,0,1,0,0,0,3,1,6,6,1,78,11,1998,2,14,VOLVO V50,4,E01018880,0,-1
2023161311556,2023,161311556,2,9,0,17,19,4,2,0,0,0,0,0,0,0,1,1,2,2,2,64,9,1560,2,14,VOLVO V50,4,E01012762,0,-1
2023311348019,2023,311348019,3,9,0,2,2,0,0,0,0,1,0,0,0,0,3,1,6,6,3,-1,-1,1560,2,12,VOLVO V50,-1,-1,0,-1
2023340NN0262,2023,340NN0262,1,9,0,18,19,5,1,0,0,8,0,0,0,0,1,1,6,6,1,42,7,1984,2,12,VOLVO V50,1,E01026965,0,-1
2023401395780,2023,401395780,3,9,0,5,5,3,7,0,0,0,0,0,0,0,1,1,6,6,1,40,7,1998,2,17,VOLVO V50,2,E01015743,0,-1
2023411320698,2023,411320698,2,9,0,18,19,7,3,0,0,3,0,0,0,0,1,1,5,6,2,54,8,1998,2,15,VOLVO V50,7,E01023594,0,-1
2023430026173,2023,430026173,2,9,0,9,9,5,3,0,0,6,0,0,0,0,3,1,6,6,2,29,6,1998,2,14,VOLVO V50,-1,-1,0,-1
2023461314024,2023,461314024,1,9,0,18,19,4,8,0,0,2,0,0,0,0,4,1,2,2,1,31,6,2400,2,15,VOLVO V50,8,E01024004,0,-1
2023221350252,2023,221350252,1,9,0,15,15,5,1,0,0,0,0,0,1,11,1,1,5,6,1,19,4,1997,2,13,VOLVO V50,10,E01014174,0,-1
2023501357801,2023,501357801,1,9,0,18,19,4,1,0,0,1,0,7,0,0,1,1,2,2,1,37,7,2521,1,14,VOLVO V50,5,E01019050,0,-1
2023471301778,2023,471301778,2,9,0,3,3,8,4,0,0,4,0,0,0,0,2,1,6,6,1,56,9,1560,2,12,VOLVO V50,5,E01031401,0,-1
202354C519423,2023,54C519423,2,9,0,18,19,6,2,0,0,3,0,0,0,0,3,1,6,6,1,60,9,1997,2,16,VOLVO V50,2,E01015506,0,-1
2023622300336,2023,622300336,3,9,0,2,2,0,0,0,0,1,0,0,0,0,1,1,6,6,3,-1,-1,1560,2,14,VOLVO V50,-1,-1,0,-1
2023451291552,2023,451291552,1,9,0,18,19,1,5,0,0,8,0,0,0,0,4,1,1,1,1,30,6,1560,2,13,VOLVO V50,6,E01002601,0,-1
2023361347446,2023,361347446,1,9,0,18,19,8,3,0,0,0,0,0,0,0,4,1,6,6,2,64,9,1998,2,18,VOLVO V50,5,E01026866,0,-1
2023221298796,2023,221298796,1,9,0,18,19,6,2,0,0,6,0,0,0,0,1,1,5,6,1,24,5,1998,2,18,VOLVO V50,2,E01032481,0,-1
2023070509505,2023,070509505,1,9,0,9,9,6,4,0,0,8,0,0,0,0,1,1,2,2,1,32,6,1560,2,14,VOLVO V50,9,E01018692,0,-1
2023520400609,2023,520400609,2,9,0,7,7,5,7,0,0,8,0,0,0,0,1,1,6,6,3,-1,-1,2435,1,18,VOLVO V50,-1,-1,0,-1
2023501353363,2023,501353363,1,9,0,18,19,7,3,0,0,0,0,10,1,2,1,1,5,6,2,20,4,1560,2,14,VOLVO V50,5,E01019923,0,-1
2023501399619,2023,501399619,1,9,0,5,5,6,2,0,0,1,0,0,0,0,1,1,6,6,1,44,7,1997,2,13,VOLVO V50,1,E01019995,0,-1
2023471345757,2023,471345757,1,9,0,18,19,2,6,0,0,0,0,0,0,0,1,1,6,6,1,-1,-1,1984,2,12,VOLVO V50,-1,-1,0,-1
2023522400234,2023,522400234,1,9,0,1,1,3,7,0,0,0,0,0,0,0,2,1,6,6,1,-1,-1,1560,2,15,VOLVO V50,4,E01014523,0,-1
2023501367176,2023,501367176,2,9,0,1,1,5,4,0,0,1,0,0,0,0,2,1,5,6,1,72,10,1999,1,14,VOLVO V50,5,E01019974,0,-1
2023991390729,2023,991390729,1,9,0,18,19,3,7,0,0,0,0,0,0,0,1,1,6,6,2,31,6,1998,2,17,VOLVO V50,-1,-1,0,-1
2023430356890,2023,430356890,2,9,0,16,19,8,3,0,0,0,0,0,0,0,3,1,6,6,1,53,8,1798,1,17,VOLVO V50,3,E01027191,0,-1
2023401321514,2023,401321514,2,9,0,4,4,4,8,0,0,0,0,0,0,0,2,1,2,2,1,57,9,1560,2,13,VOLVO V50,8,E01017561,0,-1
2023520301008,2023,520301008,6,9,0,18,19,1,5,0,0,8,0,0,0,0,1,1,6,6,2,48,8,1998,2,16,VOLVO V50,10,E01029168,0,-1
2023010451047,2023,010451047,1,9,0,18,19,4,8,0,0,1,0,0,0,0,1,1,6,6,1,27,6,1798,1,15,VOLVO V50,-1,-1,0,-1
2023440230147,2023,440230147,1,9,0,18,19,3,7,0,0,8,0,0,0,0,4,1,6,6,1,31,6,1560,2,14,VOLVO V50,7,E01023224,0,-1
2023991353354,2023,991353354,2,9,0,18,19,2,6,0,0,0,0,0,0,0,2,1,6,6,2,71,10,1596,1,13,VOLVO V50,9,-1,0,-1
2023052300656,2023,052300656,1,9,0,18,19,5,1,0,0,0,0,0,0,0,1,1,6,6,1,47,8,1998,2,16,VOLVO V50,4,-1,0,-1
2023501319538,2023,501319538,1,9,0,5,5,1,5,0,0,8,0,0,0,0,1,1,6,6,1,72,10,1798,1,15,VOLVO V50,4,E01018754,0,-1
2023421261263,2023,421261263,3,9,0,18,19,3,7,0,0,0,1,0,0,0,1,1,5,6,1,19,4,2401,2,15,VOLVO V50,2,E01021370,0,-1
2023061393368,2023,061393368,2,9,0,18,19,1,5,0,0,1,0,0,0,0,1,1,6,6,1,-1,-1,1560,2,15,VOLVO V50,5,E01018648,0,-1
2023440215306,2023,440215306,2,9,0,7,7,1,3,0,0,0,0,0,0,0,0,1,6,6,1,59,9,1999,1,15,VOLVO V50,8,E01023235,0,-1
2023361357367,2023,361357367,1,9,0,18,19,1,6,0,0,0,0,0,0,0,1,1,1,1,1,49,8,1560,2,12,VOLVO V50,5,E01026730,0,-1
2023471375868,2023,471375868,2,5,0,13,13,3,7,0,0,1,0,0,7,0,1,1,5,6,1,52,8,1199,1,12,-1,9,E01024835,0,-1
2023010422488,2023,010422488,1,3,0,18,19,7,3,4,4,0,0,0,0,0,1,1,6,6,1,18,4,124,1,16,-1,10,E01023810,0,-1
2023131388825,2023,131388825,2,4,0,18,19,3,7,0,0,8,0,0,0,0,2,1,5,6,1,57,9,659,1,16,-1,8,E01011118,0,-1
2023351339852,2023,351339852,1,2,0,18,19,1,5,0,0,5,0,0,0,0,3,1,5,6,1,43,7,659,1,14,-1,7,E01015686,0,-1
2023371341725,2023,371341725,2,4,0,18,19,6,2,0,0,0,0,0,0,0,1,1,6,6,1,29,6,124,1,14,-1,8,E01030847,0,-1
2023111323329,2023,111323329,1,4,0,18,19,5,1,0,0,1,2,0,0,0,4,1,6,6,1,18,4,124,1,12,-1,-1,-1,0,-1
2023141347804,2023,141347804,2,5,0,18,19,8,4,0,0,1,0,0,0,0,1,1,6,6,1,22,5,660,1,14,-1,2,E01007815,0,-1
2023552300022,2023,552300022,1,3,0,18,19,8,4,0,0,0,1,0,4,0,0,1,6,6,1,23,5,1199,1,4,-1,9,E01020372,0,-1
202360A056947,2023,60A056947,2,5,0,18,19,3,7,0,0,1,0,0,0,0,1,1,6,6,1,19,4,659,1,18,-1,-1,-1,0,-1
2023361311935,2023,361311935,1,5,0,15,15,5,1,0,0,0,2,10,1,11,4,1,2,2,1,24,5,659,1,17,-1,4,E01026776,0,-1
2023471312134,2023,471312134,1,5,0,18,19,5,1,0,0,0,0,0,0,0,1,1,1,1,1,57,9,1199,1,9,-1,4,E01021131,0,-1
2023010437968,2023,010437968,1,3,0,99,99,9,9,99,99,9,9,99,9,99,9,1,6,6,1,28,6,659,1,10,-1,1,E01002037,0,-1
2023991308667,2023,991308667,1,5,0,7,7,8,2,0,0,2,1,0,0,0,4,1,5,6,1,65,9,660,1,10,-1,2,-1,0,-1
2023010443416,2023,010443416,1,3,0,99,99,9,9,99,99,9,9,99,9,99,1,1,6,6,1,38,7,124,1,13,-1,2,E01004062,0,-1
2023430337766,2023,430337766,2,3,0,13,13,6,2,0,0,8,0,0,0,0,1,1,6,6,1,18,4,124,1,11,-1,9,E01017655,0,-1
2023991332297,2023,991332297,1,5,0,16,19,4,7,0,0,1,0,0,7,9,1,1,5,6,1,60,9,659,1,9,-1,7,-1,0,-1
2023991304853,2023,991304853,1,5,0,13,13,5,1,0,0,0,0,6,8,0,3,1,5,6,1,37,7,1199,1,10,-1,4,E01029729,0,-1
2023431344362,2023,431344362,1,5,0,18,19,3,7,0,0,0,0,0,0,0,4,1,5,6,1,20,4,659,1,12,-1,8,E01030734,0,-1
2023141352629,2023,141352629,1,3,0,18,19,3,7,0,0,2,0,0,1,10,1,1,2,2,1,19,4,124,1,15,-1,1,E01007466,0,-1
2023520300610,2023,520300610,3,11,0,16,19,4,1,0,0,0,1,1,0,0,1,1,1,1,1,54,8,10837,2,5,-1,7,E01029267,0,-1
2023451260980,2023,451260980,2,11,0,18,19,6,2,0,0,0,0,0,0,0,4,1,1,1,1,43,7,10837,2,7,-1,7,E01030700,0,-1
2023522300783,2023,522300783,3,11,0,18,19,1,5,0,0,8,0,0,0,0,1,1,6,6,1,64,9,10837,2,5,-1,8,E01029118,0,-1
2023101366894,2023,101366894,2,3,0,18,19,5,1,0,0,2,0,0,0,0,1,1,5,6,1,45,7,125,1,1,-1,1,E01008800,0,-1
2023411401746,2023,411401746,2,3,0,13,13,3,7,0,0,0,0,0,0,0,4,1,1,1,1,28,6,125,1,1,-1,4,E01023785,0,-1
2023311318446,2023,311318446,1,3,0,18,19,5,1,0,0,1,1,0,0,0,0,1,5,6,1,38,7,125,1,0,-1,2,E01032621,0,-1
2023332300654,2023,332300654,1,4,0,18,19,3,7,0,0,0,0,0,0,0,4,1,6,6,1,32,6,125,1,0,-1,4,E01031030,0,-1
2023041325973,2023,041325973,2,3,0,14,14,7,3,0,0,1,0,0,0,0,4,1,2,2,1,24,5,125,1,0,-1,6,E01007072,0,-1
2023501363796,2023,501363796,1,3,0,13,13,4,8,0,0,1,1,0,0,0,3,1,6,6,1,20,4,125,1,0,-1,9,E01019993,0,-1
2023131300995,2023,131300995,1,3,0,14,14,6,2,0,0,1,0,0,0,0,1,1,2,2,1,17,4,125,1,1,-1,7,E01010911,0,-1
202354A640123,2023,54A640123,1,3,0,17,19,5,1,0,0,0,1,0,1,11,1,1,6,6,1,21,5,125,1,0,-1,4,E01015580,0,-1
2023061364049,2023,061364049,1,4,0,18,19,7,3,0,0,0,5,10,0,0,4,1,6,6,1,71,10,500,1,2,-1,5,E01004785,0,-1
2023221317097,2023,221317097,1,4,0,9,9,5,3,0,0,5,0,0,0,0,3,1,6,6,1,57,9,500,1,4,-1,9,E01022453,0,-1
2023421304750,2023,421304750,1,9,0,18,19,3,7,0,0,0,0,4,0,0,1,1,5,6,2,45,7,1997,1,9,BMW 4 SERIES,2,E01015840,0,-1
2023010423981,2023,010423981,1,9,0,4,4,7,3,99,99,0,9,99,9,99,2,9,6,6,1,30,6,1997,1,10,BMW 4 SERIES,2,E01004296,0,-1
2023201330969,2023,201330969,2,9,0,2,2,0,0,0,0,1,0,0,0,0,3,1,6,6,2,26,6,1998,1,2,BMW 4 SERIES,1,E01009306,0,-1
2023052300335,2023,052300335,2,9,0,18,19,8,4,0,0,0,0,0,0,0,2,1,6,6,1,24,5,1998,1,6,BMW 4 SERIES,8,E01006992,0,-1
2023070271762,2023,070271762,4,9,0,4,4,5,1,0,0,0,0,0,0,0,2,1,6,6,1,33,6,1995,2,8,BMW 4 SERIES,10,E01025678,0,-1
2023010482654,2023,010482654,1,9,0,4,4,3,7,0,0,0,0,0,0,0,1,1,6,6,2,54,8,1998,1,4,BMW 4 SERIES,10,E01000755,0,-1
2023991375414,2023,991375414,1,9,0,10,10,3,5,0,0,6,0,0,0,0,1,1,6,6,1,22,5,1998,1,5,BMW 4 SERIES,-1,-1,0,-1
2023201278314,2023,201278314,1,9,0,12,12,3,7,0,0,0,5,10,1,2,1,1,6,6,1,29,6,2993,2,8,BMW 4 SERIES,4,E01009085,0,-1
2023161370966,2023,161370966,1,9,0,9,9,5,2,0,0,0,0,7,0,0,1,1,5,6,1,43,7,1995,2,10,BMW 4 SERIES,7,E01013034,0,-1
2023302301606,2023,302301606,2,9,0,7,7,8,2,0,0,0,0,0,0,0,0,1,1,1,2,25,5,1995,2,8,BMW 4 SERIES,1,E01013479,0,-1
2023440435163,2023,440435163,1,9,0,18,19,2,6,0,0,8,1,0,0,0,4,1,6,6,2,56,9,1995,12,1,BMW 4 SERIES,7,E01023271,0,-1
2023332300666,2023,332300666,1,9,0,18,19,3,7,0,0,0,0,0,7,4,1,1,6,6,1,65,9,1997,1,8,BMW 4 SERIES,9,E01025915,0,-1
2023320185385,2023,320185385,1,9,0,18,19,6,2,0,0,8,0,0,0,0,3,1,6,6,1,68,10,1998,1,5,BMW 4 SERIES,7,E01031423,0,-1
2023010427778,2023,010427778,2,9,0,99,99,9,9,99,99,0,9,99,9,99,1,9,6,6,3,-1,-1,1995,2,6,BMW 4 SERIES,-1,-1,0,-1
2023141352149,2023,141352149,2,9,0,18,19,8,4,0,0,0,1,0,7,9,1,1,6,6,1,21,5,1995,2,8,BMW 4 SERIES,5,E01007583,0,-1
2023231380411,2023,231380411,1,9,0,17,19,8,3,0,0,0,1,0,2,2,1,1,5,6,1,23,5,1998,1,4,BMW 4 SERIES,6,E01031106,0,-1
2023501329946,2023,501329946,1,9,0,18,19,5,8,0,0,0,0,0,0,0,1,1,6,6,1,47,8,2993,2,7,BMW 4 SERIES,5,E01015164,0,-1
2023201287777,2023,201287777,1,9,0,6,6,6,6,0,0,8,1,7,4,6,1,1,6,6,1,20,4,2993,2,9,BMW 4 SERIES,1,E01009360,0,-1
2023430361739,2023,430361739,1,9,0,18,19,4,8,0,0,1,0,9,3,0,1,1,6,6,1,30,6,1995,2,7,BMW 4 SERIES,6,E01016753,0,-1