collision_index,collision_year,collision_ref_no,vehicle_reference,vehicle_type,towing_and_articulation,vehicle_manoeuvre_historic,vehicle_manoeuvre,vehicle_direction_from,vehicle_direction_to,vehicle_location_restricted_lane_historic,vehicle_location_restricted_lane,junction_location,skidding_and_overturning,hit_object_in_carriageway,vehicle_leaving_carriageway,hit_object_off_carriageway,first_point_of_impact,vehicle_left_hand_drive,journey_purpose_of_driver_historic,journey_purpose_of_driver,sex_of_driver,age_of_driver,age_band_of_driver,engine_capacity_cc,propulsion_code,age_of_vehicle,generic_make_model,driver_imd_decile,lsoa_of_driver,escooter_flag,driver_distance_banding
2023311273829,2023,311273829,1,9,0,18,19,5,5,0,0,1,0,0,0,0,2,1,6,6,1,35,6,2993,2,6,BMW 4 SERIES,-1,-1,0,-1
2023440307688,2023,440307688,3,9,0,18,19,8,4,0,0,1,0,0,0,0,1,1,6,6,1,-1,-1,1995,2,9,BMW 4 SERIES,-1,-1,0,-1
2023201379182,2023,201379182,2,9,0,4,4,4,6,0,0,0,0,0,0,0,1,1,6,6,1,47,8,1998,1,4,BMW 4 SERIES,7,E01021344,0,-1
2023522301661,2023,522301661,3,9,0,3,3,7,3,0,0,0,0,0,0,0,2,1,6,6,1,57,9,1998,1,4,BMW 4 SERIES,8,E01014556,0,-1
2023010444382,2023,010444382,2,9,0,99,99,9,9,99,99,9,9,99,9,99,9,9,6,6,3,-1,-1,1995,2,7,BMW 4 SERIES,-1,-1,0,-1
2023351354266,2023,351354266,4,9,0,18,19,4,8,0,0,0,0,0,0,0,1,1,5,6,1,38,7,1995,2,4,BMW 4 SERIES,6,E01030112,0,-1
2023440125546,2023,440125546,1,9,0,16,19,1,7,0,0,2,0,0,0,0,3,1,2,2,1,42,7,2993,2,5,BMW 4 SERIES,10,E01022476,0,-1
2023471335411,2023,471335411,3,9,0,18,19,5,5,0,0,1,0,0,0,0,4,1,5,6,1,40,7,1995,2,7,BMW 4 SERIES,8,E01030528,0,-1
2023340NN0672,2023,340NN0672,1,9,0,18,19,1,5,0,0,0,5,0,0,0,1,1,6,6,1,35,6,1997,1,7,BMW 4 SERIES,6,E01027057,0,-1
2023041295180,2023,041295180,1,9,0,18,19,5,1,0,0,3,0,0,0,0,4,1,5,6,1,43,7,1995,2,7,BMW 4 SERIES,7,E01032989,0,-1
2023041318601,2023,041318601,1,9,0,17,19,5,1,0,0,0,0,0,0,0,1,1,6,6,2,57,9,1998,1,2,BMW 4 SERIES,2,E01012728,0,-1
2023622300616,2023,622300616,1,9,0,5,5,4,8,0,0,1,0,0,0,0,3,1,6,6,2,43,7,1998,1,1,BMW 4 SERIES,7,W01001889,0,-1
2023131302462,2023,131302462,2,9,0,13,13,5,5,0,0,0,0,0,0,0,1,1,6,6,3,99,11,2993,2,8,BMW 4 SERIES,-1,-1,0,-1
2023440004040,2023,440004040,1,9,0,18,19,7,3,0,0,8,0,0,0,0,1,1,6,6,2,89,11,2993,2,5,BMW 4 SERIES,4,E01017217,0,-1
2023501365811,2023,501365811,1,9,0,4,4,1,5,0,0,1,0,0,0,0,1,1,5,6,1,61,9,1995,12,2,BMW 4 SERIES,5,E01018946,0,-1
2023161269311,2023,161269311,3,9,0,3,3,7,3,0,0,0,0,0,0,0,2,1,6,6,1,28,6,1995,2,9,BMW 4 SERIES,2,E01013240,0,-1
2023547347623,2023,547347623,1,9,0,1,1,4,8,0,0,0,0,0,0,0,2,1,6,6,1,34,6,2993,2,7,BMW 4 SERIES,8,E01015549,0,-1
2023351292464,2023,351292464,1,9,0,10,10,6,2,0,0,1,0,0,0,0,3,1,6,6,1,51,8,1998,1,5,BMW 4 SERIES,-1,-1,0,-1
2023010458358,2023,010458358,2,9,0,16,19,5,1,0,0,0,0,0,0,0,3,1,6,6,1,58,9,1998,1,5,BMW 4 SERIES,6,E01000330,0,-1
2023401390647,2023,401390647,3,9,0,18,19,1,5,0,0,0,0,0,0,0,1,1,6,6,1,31,6,1995,2,4,BMW 4 SERIES,7,E01015659,0,-1
2023061375676,2023,061375676,2,9,0,4,4,8,4,0,0,0,0,0,0,0,2,1,6,6,1,40,7,1998,1,2,BMW 4 SERIES,3,E01024887,0,-1
2023010445242,2023,010445242,1,9,0,99,99,9,9,99,99,9,9,99,9,99,9,9,6,6,1,37,7,1998,1,4,BMW 4 SERIES,3,E01002043,0,-1
2023010427417,2023,010427417,2,9,0,99,99,9,9,99,99,9,9,99,9,99,1,9,6,6,3,-1,-1,1998,1,4,BMW 4 SERIES,-1,-1,0,-1
2023544812323,2023,544812323,1,9,0,18,19,5,1,0,0,1,0,0,0,0,1,1,6,6,1,33,6,1995,2,8,BMW 4 SERIES,9,E01031841,0,-1
2023451329883,2023,451329883,1,9,0,4,4,1,5,0,0,1,0,0,0,0,1,1,5,6,1,55,8,1995,2,6,BMW 4 SERIES,8,E01030534,0,-1
2023430053918,2023,430053918,1,9,0,16,19,2,5,0,0,0,2,0,7,11,1,1,6,6,1,30,6,1997,1,9,BMW 4 SERIES,9,E01028485,0,-1
2023440527330,2023,440527330,1,9,0,18,19,3,7,0,0,1,0,0,0,0,1,1,6,6,1,45,7,1995,2,7,BMW 4 SERIES,-1,-1,0,-1
2023311294517,2023,311294517,1,9,0,7,7,2,6,9,9,0,1,0,7,0,3,1,5,6,1,23,5,1995,2,8,BMW 4 SERIES,4,E01028211,0,-1
2023552301334,2023,552301334,2,9,0,18,19,3,7,0,0,1,0,0,0,0,1,1,6,6,2,79,11,1995,2,8,BMW 4 SERIES,7,E01015387,0,-1
2023010423692,2023,010423692,1,9,0,99,99,9,9,99,99,0,9,99,9,99,9,9,6,6,2,36,7,1997,1,9,BMW 4 SERIES,2,E01003187,0,-1
2023010441188,2023,010441188,1,9,0,10,10,7,4,0,0,1,0,0,0,0,3,1,1,1,1,37,7,1995,2,6,BMW 4 SERIES,8,E01002159,0,-1
2023440280970,2023,440280970,1,9,0,3,3,4,8,0,0,0,0,0,0,0,2,1,2,2,1,26,6,1998,1,5,BMW 4 SERIES,9,E01022874,0,-1
2023131302965,2023,131302965,2,9,0,4,4,3,7,0,0,8,0,0,0,0,2,1,5,6,1,38,7,1998,1,2,BMW 4 SERIES,7,E01032496,0,-1
2023010424647,2023,010424647,1,9,0,10,10,4,2,0,0,1,0,0,0,0,2,1,6,6,1,43,7,1995,2,5,BMW 4 SERIES,4,E01003216,0,-1
2023340WN0342,2023,340WN0342,1,9,0,18,19,7,3,0,0,0,0,0,0,0,1,1,6,6,1,-1,-1,1995,2,4,BMW 4 SERIES,-1,-1,0,-1
2023421261729,2023,421261729,1,9,0,18,19,7,3,0,0,0,0,0,1,4,1,1,6,6,1,27,6,1995,2,5,BMW 4 SERIES,3,E01021631,0,-1
2023201302716,2023,201302716,2,9,0,18,19,2,6,0,0,8,0,0,0,0,3,1,6,6,1,23,5,1995,2,4,BMW 4 SERIES,-1,-1,0,-1
2023361304893,2023,361304893,1,9,0,18,19,8,4,0,0,1,0,0,0,0,3,1,5,6,1,31,6,1995,2,10,BMW 4 SERIES,3,E01026630,0,-1
2023010452909,2023,010452909,1,9,0,2,2,0,0,6,6,1,0,8,7,0,3,1,6,6,3,-1,-1,1997,1,8,BMW 4 SERIES,-1,-1,0,-1
2023421258725,2023,421258725,1,9,0,9,9,4,4,0,0,8,0,0,0,0,1,1,6,6,1,46,8,2998,1,7,BMW 4 SERIES,-1,-1,0,-1
2023010470391,2023,010470391,1,9,0,99,99,9,9,99,99,9,9,99,9,99,9,9,6,6,2,63,9,1995,2,4,BMW 4 SERIES,10,E01023909,0,-1
2023471287615,2023,471287615,1,9,0,11,11,3,7,0,0,0,0,0,0,0,4,1,6,6,1,51,8,2998,1,6,BMW 4 SERIES,7,E01031423,0,-1
2023201339693,2023,201339693,1,9,0,7,7,8,1,0,0,6,0,0,0,0,1,1,6,6,1,46,8,1995,2,8,BMW 4 SERIES,4,E01009590,0,-1
2023010455566,2023,010455566,2,9,0,18,19,5,1,0,0,2,0,0,0,0,2,1,6,6,1,19,4,1995,2,6,BMW 4 SERIES,4,E01003684,0,-1
2023471318313,2023,471318313,3,9,0,2,2,0,0,9,9,1,0,0,0,0,1,1,6,6,3,-1,-1,1995,2,7,BMW 4 SERIES,-1,-1,0,-1
2023451345838,2023,451345838,1,9,0,16,19,1,5,0,0,0,5,0,0,0,1,1,5,6,2,27,6,1995,2,7,BMW 4 SERIES,10,E01030614,0,-1
2023010469810,2023,010469810,4,9,0,18,19,3,7,0,0,0,0,0,0,0,1,1,6,6,1,24,5,2998,1,5,BMW 4 SERIES,7,E01002972,0,-1
2023010434725,2023,010434725,1,9,0,99,99,9,9,99,99,9,9,99,9,99,1,9,2,2,1,39,7,1995,2,9,BMW 4 SERIES,6,E01002005,0,-1
2023010420756,2023,010420756,1,9,0,18,19,8,4,0,0,0,0,0,0,0,2,1,6,6,1,21,5,1995,2,7,BMW 4 SERIES,3,E01024497,0,-1
2023131280436,2023,131280436,2,9,0,3,3,5,1,0,0,0,0,0,0,0,3,1,6,6,3,-1,-1,1995,2,4,BMW 4 SERIES,-1,-1,0,-1
2023520300663,2023,520300663,2,9,0,2,2,0,0,0,0,0,0,4,0,0,2,1,6,6,3,-1,-1,1997,1,9,BMW 4 SERIES,-1,-1,0,-1
2023010478167,2023,010478167,2,9,0,99,99,9,9,99,99,0,9,99,9,99,9,9,6,6,3,-1,-1,2993,2,8,BMW 4 SERIES,-1,-1,0,-1
2023302301409,2023,302301409,1,9,4,4,4,4,8,0,0,0,0,0,0,0,1,1,6,6,1,33,6,1997,1,9,BMW 4 SERIES,2,E01010300,0,-1
2023141388953,2023,141388953,2,9,0,18,19,1,5,0,0,0,0,0,1,0,1,1,5,6,1,38,7,2993,2,5,BMW 4 SERIES,7,E01019812,0,-1
2023531300891,2023,531300891,1,9,0,18,19,7,3,0,0,0,1,0,4,1,1,1,5,6,1,24,5,1995,2,10,BMW 4 SERIES,1,E01032932,0,-1
2023991261536,2023,991261536,3,9,0,4,4,8,4,0,0,0,0,0,0,0,2,1,3,7,2,37,7,1995,2,5,BMW 4 SERIES,-1,-1,0,-1
2023302300813,2023,302300813,1,9,0,18,19,2,5,0,0,0,0,0,1,11,1,1,6,6,2,60,9,1998,1,4,BMW 4 SERIES,3,E01001298,0,-1
202360A186418,2023,60A186418,2,9,0,2,2,0,0,0,0,0,0,0,0,0,3,1,6,6,3,-1,-1,1995,2,6,BMW 4 SERIES,-1,-1,0,-1
2023430231049,2023,430231049,2,9,0,17,19,5,2,0,0,0,0,0,0,0,1,1,6,6,2,46,8,2979,1,9,BMW 4 SERIES,4,E01015712,0,-1
2023461317773,2023,461317773,2,9,0,18,19,6,2,0,0,1,0,0,0,0,3,1,6,6,1,43,7,2993,2,8,BMW 4 SERIES,9,E01021151,0,-1
2023461293481,2023,461293481,1,9,0,18,19,3,7,0,0,0,0,0,0,0,1,1,6,6,1,83,11,1995,2,4,BMW 4 SERIES,9,E01016112,0,-1
2023311379589,2023,311379589,4,9,0,2,2,0,0,0,0,0,0,4,0,0,1,2,6,6,3,-1,-1,1995,2,3,BMW 4 SERIES,-1,-1,0,-1
2023131277744,2023,131277744,2,9,0,3,3,7,3,0,0,0,0,0,0,0,2,1,6,6,1,33,6,2993,2,7,BMW 4 SERIES,4,E01011876,0,-1
2023411359613,2023,411359613,2,9,0,17,19,5,1,0,0,0,0,0,0,0,1,1,5,6,1,70,10,1995,2,4,BMW 4 SERIES,10,E01023451,0,-1
2023451269622,2023,451269622,1,9,0,9,9,4,6,0,0,5,0,0,0,0,3,1,5,6,2,59,9,1995,2,9,BMW 4 SERIES,9,E01016576,0,-1
2023010472271,2023,010472271,2,9,0,99,99,9,9,0,0,9,0,12,0,0,1,9,6,6,3,-1,-1,1995,2,7,BMW 4 SERIES,-1,-1,0,-1
2023010454704,2023,010454704,1,9,0,5,5,7,3,0,0,1,0,0,0,0,1,1,6,6,1,27,6,1995,2,6,BMW 4 SERIES,-1,-1,0,-1
2023010444016,2023,010444016,1,9,0,17,19,1,5,0,0,6,0,0,0,0,1,1,6,6,1,38,7,1998,1,1,BMW 4 SERIES,5,E01000705,0,-1
2023031324214,2023,031324214,2,9,0,18,19,2,6,0,0,1,0,0,0,0,0,1,6,6,1,23,5,1995,12,1,BMW 4 SERIES,10,E01019087,0,-1
2023010476465,2023,010476465,1,9,0,99,99,9,9,99,99,0,9,99,9,99,9,9,2,2,1,39,7,1995,2,6,BMW 4 SERIES,10,E01030820,0,-1
2023010457811,2023,010457811,1,9,0,5,5,0,3,0,0,8,0,0,0,0,1,1,6,6,1,22,5,1995,2,8,BMW 4 SERIES,2,E01004219,0,-1
2023552300345,2023,552300345,1,9,0,18,19,2,7,0,0,1,0,0,0,0,1,1,6,6,1,28,6,1998,1,4,BMW 4 SERIES,7,E01015408,0,-1
2023991282075,2023,991282075,1,9,0,18,19,7,3,0,0,0,0,0,0,0,4,1,1,1,1,52,8,2993,2,7,BMW 4 SERIES,8,-1,0,-1
2023332300582,2023,332300582,3,9,0,2,2,0,0,0,0,0,0,0,0,0,2,1,6,6,1,42,7,1995,2,9,BMW 4 SERIES,9,E01025728,0,-1
2023991334279,2023,991334279,1,9,0,18,19,8,4,0,0,0,0,0,0,0,1,1,6,6,1,28,6,1995,2,8,BMW 4 SERIES,10,-1,0,-1
2023401313652,2023,401313652,1,9,0,18,19,3,1,0,0,4,0,0,0,0,0,1,6,6,1,23,5,1995,2,5,BMW 4 SERIES,7,E01017464,0,-1
2023010430415,2023,010430415,1,9,0,99,99,9,9,99,99,0,9,99,9,99,2,9,6,6,1,27,6,1997,1,8,BMW 4 SERIES,7,E01000364,0,-1
2023131344674,2023,131344674,1,9,0,18,19,1,5,0,0,0,0,0,0,0,3,1,6,6,3,99,11,2993,2,7,BMW 4 SERIES,-1,-1,0,-1
2023461389918,2023,461389918,2,9,0,2,2,0,0,0,0,2,0,0,0,0,3,1,6,6,2,-1,-1,1995,12,1,BMW 4 SERIES,1,E01024590,0,-1
2023041269293,2023,041269293,2,9,0,18,19,5,1,0,0,2,0,0,1,11,3,1,5,6,1,53,8,1998,1,3,BMW 4 SERIES,10,E01025403,0,-1
2023041361677,2023,041361677,2,9,0,18,19,3,7,0,0,0,0,0,0,0,2,1,5,6,1,64,9,1998,1,7,BMW 4 SERIES,9,E01025364,0,-1
2023631311516,2023,631311516,1,9,0,2,2,0,0,0,0,0,0,0,0,0,3,1,6,6,1,30,6,2993,2,5,BMW 4 SERIES,6,W01000543,0,-1
2023010422358,2023,010422358,2,9,0,3,3,5,1,0,0,1,0,4,0,0,2,1,2,2,1,45,7,1998,1,2,BMW 4 SERIES,8,E01023315,0,-1
2023010480672,2023,010480672,1,9,9,99,99,9,9,99,99,0,9,99,9,99,9,9,6,6,3,-1,-1,1995,2,6,BMW 4 SERIES,-1,-1,0,-1
2023010470701,2023,010470701,2,9,0,18,19,6,2,0,0,8,0,4,7,11,1,1,6,6,1,22,5,1995,2,8,BMW 4 SERIES,4,E01002425,0,-1
2023141318249,2023,141318249,2,9,0,18,19,4,1,0,0,1,0,0,0,0,1,1,6,6,3,-1,-1,1995,2,8,BMW 4 SERIES,-1,-1,0,-1
2023451359958,2023,451359958,1,9,0,5,5,5,1,0,0,4,0,0,0,0,1,1,1,1,1,53,8,2993,2,8,BMW 4 SERIES,7,E01030851,0,-1
2023010482236,2023,010482236,1,9,0,9,9,1,6,0,0,2,1,0,0,0,4,1,6,6,1,24,5,1995,2,7,BMW 4 SERIES,2,E01004669,0,-1
2023052301153,2023,052301153,2,9,0,7,7,7,1,0,0,8,0,0,0,0,1,1,6,6,1,44,7,1998,1,2,BMW 4 SERIES,8,E01032904,0,-1
2023461320676,2023,461320676,1,9,0,9,9,6,4,0,0,8,0,0,0,0,1,1,6,6,2,42,7,1995,2,6,BMW 4 SERIES,2,E01024476,0,-1
2023531293115,2023,531293115,1,9,-1,9,9,2,6,0,0,2,0,0,0,0,1,1,6,6,1,25,5,1995,2,3,BMW 4 SERIES,3,E01022320,0,-1
2023010467912,2023,010467912,2,9,0,3,3,3,7,0,0,2,0,0,0,0,2,1,6,6,1,54,8,1998,1,7,BMW 4 SERIES,5,E01033741,0,-1
2023411276191,2023,411276191,2,9,0,18,19,-1,-1,0,0,4,0,0,0,0,1,1,6,6,2,47,8,1997,1,8,BMW 4 SERIES,5,E01023772,0,-1
2023010458083,2023,010458083,2,9,0,18,19,4,8,0,0,0,0,0,0,0,1,1,6,6,1,28,6,2993,2,7,BMW 4 SERIES,2,E01000184,0,-1
2023010444016,2023,010444016,2,9,0,18,19,1,5,0,0,1,0,0,0,0,1,1,6,6,1,28,6,2993,2,7,BMW 4 SERIES,3,E01001117,0,-1
2023061367841,2023,061367841,4,9,0,18,19,7,3,0,0,0,0,0,0,0,3,1,2,2,1,40,7,1995,2,7,BMW 4 SERIES,1,E01004996,0,-1
2023101325046,2023,101325046,2,9,0,4,4,8,4,0,0,0,0,0,0,0,2,1,5,6,1,54,8,1995,2,7,BMW 4 SERIES,3,E01008704,0,-1
2023141349890,2023,141349890,1,9,0,5,5,8,4,8,6,0,0,0,0,0,0,1,2,2,1,35,6,2993,2,9,BMW 4 SERIES,4,E01007536,0,-1
2023061348149,2023,061348149,1,9,0,18,19,5,1,0,0,1,0,0,0,0,1,1,5,6,1,37,7,2993,2,6,BMW 4 SERIES,5,E01004831,0,-1
2023010457630,2023,010457630,2,9,0,18,19,8,4,0,0,1,0,0,0,0,2,1,6,6,1,33,6,2993,2,5,BMW 4 SERIES,2,E01004230,0,-1
2023010486492,2023,010486492,2,9,0,13,13,9,9,99,99,0,9,99,9,99,9,9,6,6,3,-1,-1,1997,1,8,BMW 4 SERIES,-1,-1,0,-1
2023531337062,2023,531337062,2,9,0,18,19,5,1,0,0,1,0,0,0,0,0,1,5,6,1,23,5,2993,2,3,BMW 4 SERIES,8,E01022446,0,-1
2023545457223,2023,545457223,1,9,0,18,19,5,1,0,0,0,0,0,1,0,1,1,6,6,1,23,5,1995,2,9,BMW 4 SERIES,2,E01010265,0,-1
2023421263430,2023,421263430,3,9,0,18,19,5,1,0,0,0,0,0,0,0,1,1,2,2,1,54,8,1995,2,7,BMW 4 SERIES,10,E01021351,0,-1
2023070620073,2023,070620073,2,9,0,4,4,3,7,0,0,1,0,4,0,0,2,1,2,2,1,46,8,1998,1,1,BMW 4 SERIES,9,E01012568,0,-1
2023991304914,2023,991304914,2,9,0,17,19,3,7,0,0,0,1,0,0,0,1,1,6,6,2,65,9,1998,1,1,BMW 4 SERIES,10,-1,0,-1
2023010435255,2023,010435255,1,9,0,12,12,1,5,0,0,5,0,0,0,0,3,1,6,6,1,48,8,1998,1,6,BMW 4 SERIES,3,E01003286,0,-1
2023451369965,2023,451369965,1,9,0,18,19,1,1,0,0,0,0,0,2,0,1,1,5,6,1,27,6,1995,2,9,BMW 4 SERIES,7,E01023125,0,-1
2023010426534,2023,010426534,1,9,0,99,99,9,9,99,99,9,9,99,9,99,2,9,6,6,2,29,6,1995,2,6,BMW 4 SERIES,5,E01002443,0,-1
2023231296691,2023,231296691,2,9,0,7,7,8,2,0,0,6,0,0,0,0,2,1,6,6,2,60,9,1995,2,8,BMW 4 SERIES,7,E01031247,0,-1
2023201417837,2023,201417837,2,9,0,18,19,3,7,0,0,8,0,0,0,0,3,1,6,6,1,60,9,2993,2,8,BMW 4 SERIES,5,E01032428,0,-1
2023211263426,2023,211263426,4,9,0,4,4,1,5,0,0,1,0,0,0,0,1,1,5,6,1,27,6,2993,2,6,BMW 4 SERIES,-1,-1,0,-1
2023010475936,2023,010475936,1,9,0,18,19,1,5,0,0,0,0,0,0,0,1,1,6,6,1,47,8,1997,1,7,BMW 4 SERIES,10,E01000757,0,-1
2023340WN7232,2023,340WN7232,1,9,0,18,19,1,5,0,0,1,1,0,0,0,1,1,6,6,3,-1,-1,2993,2,7,BMW 4 SERIES,-1,-1,0,-1
2023332300551,2023,332300551,1,9,0,3,3,7,3,0,0,2,0,0,0,0,2,1,6,6,1,31,6,2993,2,7,BMW 4 SERIES,10,E01025772,0,-1
2023361297460,2023,361297460,1,9,0,18,19,-1,-1,0,0,4,0,0,0,0,1,1,6,6,2,47,8,2998,1,6,BMW 4 SERIES,8,E01026561,0,-1
2023302300992,2023,302300992,1,9,0,7,7,1,3,0,0,5,0,0,0,0,1,1,2,2,1,23,5,2993,2,6,BMW 4 SERIES,3,E01019657,0,-1
2023010427298,2023,010427298,1,9,0,99,99,9,9,99,99,0,9,99,9,99,1,9,6,6,1,58,9,2993,2,7,BMW 4 SERIES,3,E01033583,0,-1
2023010475478,2023,010475478,1,9,0,18,19,2,6,0,0,1,0,0,0,0,1,1,6,6,1,25,5,1998,1,1,BMW 4 SERIES,2,E01000016,0,-1
2023461344617,2023,461344617,1,9,0,18,19,6,2,0,0,1,0,10,1,1,1,1,6,6,1,33,6,2993,2,8,BMW 4 SERIES,1,E01024609,0,-1
2023010447030,2023,010447030,1,9,0,18,19,7,3,0,0,0,0,0,1,1,1,1,6,6,1,25,5,1995,2,7,BMW 4 SERIES,9,E01016096,0,-1
2023440295358,2023,440295358,1,9,0,18,19,6,2,0,0,1,2,0,1,0,0,1,2,2,1,25,5,2993,2,7,BMW 4 SERIES,6,E01015373,0,-1
2023401390483,2023,401390483,1,9,0,9,9,-1,-1,0,0,6,0,0,0,0,1,1,5,6,2,-1,-1,1995,2,7,BMW 4 SERIES,2,E01017433,0,-1
2023201299240,2023,201299240,2,9,0,18,19,3,7,0,0,0,0,0,0,0,4,1,6,6,1,21,5,2993,2,7,BMW 4 SERIES,1,E01009988,0,-1
2023010486568,2023,010486568,1,9,0,18,19,2,6,0,0,0,0,0,0,0,3,1,6,6,1,24,5,1995,2,7,BMW 4 SERIES,10,E01030434,0,-1
2023010459582,2023,010459582,1,9,0,18,19,5,1,0,0,0,0,0,0,0,1,2,6,6,1,30,6,1998,1,7,BMW 4 SERIES,-1,-1,0,-1
2023421352604,2023,421352604,1,9,0,5,5,2,6,0,0,1,0,0,0,0,1,1,6,6,2,47,8,2979,1,7,BMW 4 SERIES,6,E01003754,0,-1
2023461380551,2023,461380551,1,9,0,5,5,5,1,0,0,1,0,0,0,0,1,1,5,6,2,56,9,1995,2,6,BMW 4 SERIES,-1,-1,0,-1
2023061322590,2023,061322590,1,9,0,18,19,6,2,0,0,0,0,0,0,0,1,1,6,6,1,33,6,1995,12,1,BMW 4 SERIES,10,E01005803,0,-1
2023421311587,2023,421311587,1,9,0,16,19,8,4,0,0,2,2,0,7,11,1,1,5,6,1,56,9,2998,1,6,BMW 4 SERIES,3,E01021490,0,-1
2023061284876,2023,061284876,1,9,0,9,9,5,3,0,0,1,0,0,0,0,1,1,6,6,1,-1,-1,1998,1,1,BMW 4 SERIES,-1,-1,0,-1
2023471315221,2023,471315221,2,9,0,10,10,4,2,0,0,8,0,0,0,0,2,1,5,6,2,45,7,1995,2,4,BMW 4 SERIES,7,E01031405,0,-1
2023332300784,2023,332300784,3,9,0,3,3,5,1,0,0,0,0,0,0,0,2,1,2,2,1,31,6,1998,1,5,BMW 4 SERIES,7,E01013669,0,-1
2023010423326,2023,010423326,1,9,0,99,99,9,9,99,99,9,9,99,9,99,9,9,6,6,2,41,7,1995,2,6,BMW 4 SERIES,5,E01000285,0,-1
2023010429076,2023,010429076,1,9,0,18,19,5,1,9,9,1,0,4,1,11,4,1,6,6,2,42,7,1995,2,8,BMW 4 SERIES,3,E01004421,0,-1
2023351309162,2023,351309162,3,9,0,3,3,3,7,0,0,0,0,0,0,0,0,1,5,6,1,52,8,1995,2,6,BMW 4 SERIES,10,E01017806,0,-1
2023552301364,2023,552301364,2,9,0,18,19,8,4,0,0,0,0,0,0,0,1,1,6,6,1,28,6,1995,2,7,BMW 4 SERIES,6,E01015318,0,-1
2023010425639,2023,010425639,1,9,0,18,19,1,5,0,0,0,0,0,0,0,1,1,1,1,1,37,7,1998,1,3,BMW 4 SERIES,5,E01002213,0,-1
2023440270466,2023,440270466,1,9,0,18,19,6,2,0,0,0,0,0,0,0,1,1,6,6,1,42,7,2993,2,6,BMW 4 SERIES,10,E01023043,0,-1
2023991263790,2023,991263790,1,9,0,4,4,4,8,0,0,0,1,11,0,0,1,1,6,6,1,23,5,1995,2,6,BMW 4 SERIES,8,-1,0,-1
2023311330724,2023,311330724,1,9,0,13,13,5,1,0,0,0,2,0,7,0,4,1,6,6,1,37,7,1998,1,4,BMW 4 SERIES,6,E01013318,0,-1
2023361341757,2023,361341757,2,9,0,4,4,5,1,0,0,0,0,0,0,0,2,1,2,2,1,27,6,1995,2,8,BMW 4 SERIES,9,E01030268,0,-1
2023351344831,2023,351344831,1,9,0,13,13,7,3,0,0,0,1,0,7,4,1,1,2,2,1,35,6,1995,2,8,BMW 4 SERIES,6,E01033179,0,-1
2023201413707,2023,201413707,1,9,0,1,1,3,7,0,0,0,0,0,0,0,2,1,6,6,1,-1,-1,2993,2,8,BMW 4 SERIES,-1,-1,0,-1
2023010477269,2023,010477269,2,9,0,18,19,3,7,0,0,2,0,0,1,1,1,1,6,6,1,-1,-1,2993,2,8,BMW 4 SERIES,1,E01004273,0,-1
2023221273875,2023,221273875,1,9,0,18,19,2,6,0,0,0,0,0,0,0,1,1,5,6,1,31,6,2993,2,8,BMW 4 SERIES,5,E01014004,0,-1
2023122300140,2023,122300140,1,9,0,18,19,8,3,0,0,0,5,0,1,0,3,1,6,6,1,54,8,2993,2,9,BMW 4 SERIES,5,E01027775,0,-1
2023631350977,2023,631350977,2,9,0,18,19,3,7,0,0,0,0,0,0,0,1,1,5,6,1,39,7,2998,1,4,BMW 4 SERIES,4,W01000605,0,-1
2023231297377,2023,231297377,2,9,0,5,5,3,4,0,0,6,0,0,0,0,1,1,2,2,1,28,6,1998,1,0,BMW 4 SERIES,5,E01031327,0,-1
2023340WN2742,2023,340WN2742,1,9,0,16,19,1,4,0,0,0,5,0,7,11,1,1,6,6,1,30,6,1995,2,5,BMW 4 SERIES,-1,-1,0,-1
2023061358791,2023,061358791,1,9,-1,-1,-1,-1,-1,-1,-1,0,-1,-1,-1,0,-1,1,6,6,3,-1,-1,1995,2,7,BMW 4 SERIES,-1,-1,0,-1
2023131316494,2023,131316494,2,9,0,18,19,5,1,0,0,0,0,0,0,0,1,1,5,6,1,47,8,1995,2,7,BMW 4 SERIES,5,E01011731,0,-1
2023440036908,2023,440036908,1,9,0,9,9,2,8,0,0,6,0,0,0,0,2,1,6,6,1,48,8,1995,2,5,BMW 4 SERIES,7,E01022735,0,-1
2023061334190,2023,061334190,2,9,0,18,19,7,3,0,0,6,0,0,0,0,1,1,2,2,1,40,7,1995,2,5,BMW 4 SERIES,2,E01005887,0,-1
2023010457462,2023,010457462,1,9,0,17,19,1,5,0,0,0,1,10,2,2,4,1,6,6,1,19,4,1995,2,6,BMW 4 SERIES,4,E01003684,0,-1
2023311332558,2023,311332558,1,9,0,18,19,2,6,0,0,8,1,4,0,0,1,1,6,6,1,20,4,1995,2,9,BMW 4 SERIES,2,E01028334,0,-1
2023010481651,2023,010481651,1,9,0,18,19,7,3,0,0,1,0,0,0,0,1,1,6,6,1,41,7,1998,1,2,BMW 4 SERIES,5,E01000243,0,-1
2023340NN2722,2023,340NN2722,1,9,0,18,19,3,7,0,0,6,1,0,1,11,3,1,6,6,2,47,8,1998,1,4,BMW 4 SERIES,6,E01027119,0,-1
2023041329507,2023,041329507,1,9,0,18,19,8,4,0,0,1,0,0,0,0,1,1,2,2,1,30,6,1995,2,7,BMW 4 SERIES,1,E01012744,0,-1
2023440052570,2023,440052570,1,9,0,18,19,8,4,0,0,0,0,0,0,0,1,1,1,1,2,22,5,1995,2,7,BMW 4 SERIES,6,E01017212,0,-1
2023041334467,2023,041334467,1,9,0,18,19,3,6,0,0,1,0,7,0,0,1,1,6,6,2,31,6,1995,2,6,BMW 4 SERIES,2,E01007176,0,-1