collision_index,collision_year,collision_ref_no,vehicle_reference,vehicle_type,towing_and_articulation,vehicle_manoeuvre_historic,vehicle_manoeuvre,vehicle_direction_from,vehicle_direction_to,vehicle_location_restricted_lane_historic,vehicle_location_restricted_lane,junction_location,skidding_and_overturning,hit_object_in_carriageway,vehicle_leaving_carriageway,hit_object_off_carriageway,first_point_of_impact,vehicle_left_hand_drive,journey_purpose_of_driver_historic,journey_purpose_of_driver,sex_of_driver,age_of_driver,age_band_of_driver,engine_capacity_cc,propulsion_code,age_of_vehicle,generic_make_model,driver_imd_decile,lsoa_of_driver,escooter_flag,driver_distance_banding
2023201400641,2023,201400641,1,9,0,18,19,2,6,0,0,0,0,0,0,0,4,1,6,6,1,21,5,1995,2,8,BMW 4 SERIES,1,E01010471,0,-1
2023221281454,2023,221281454,2,9,0,4,4,6,2,0,0,0,0,0,0,0,1,1,6,6,1,39,7,1995,2,4,BMW 4 SERIES,-1,-1,0,-1
2023010464142,2023,010464142,2,9,0,99,99,9,9,99,99,9,9,99,9,99,1,9,6,6,3,-1,-1,1995,2,8,BMW 4 SERIES,-1,-1,0,-1
2023010433205,2023,010433205,4,9,0,4,4,3,7,0,0,0,0,0,0,0,1,1,6,6,1,38,7,1995,2,8,BMW 4 SERIES,1,E01000061,0,-1
2023010429095,2023,010429095,2,9,0,18,19,8,4,0,0,0,0,0,0,0,1,1,6,6,3,-1,-1,1995,2,7,BMW 4 SERIES,-1,-1,0,-1
2023101313764,2023,101313764,1,9,0,18,19,5,1,0,0,8,0,0,0,0,1,1,5,6,1,51,8,1997,1,9,BMW 4 SERIES,5,E01008679,0,-1
2023141270956,2023,141270956,2,9,0,18,19,8,4,0,0,1,0,0,0,0,1,1,5,6,2,36,7,2993,2,8,BMW 4 SERIES,1,E01007402,0,-1
2023070654827,2023,070654827,1,9,0,5,5,2,6,0,0,4,0,0,0,0,1,1,2,2,1,33,6,1995,12,2,BMW 4 SERIES,8,E01012471,0,-1
2023411339030,2023,411339030,2,9,0,4,4,4,8,0,0,0,0,0,0,0,1,1,5,6,1,47,8,2993,2,9,BMW 4 SERIES,10,E01003745,0,-1
2023131367746,2023,131367746,1,9,0,4,4,3,7,0,0,1,0,0,0,0,2,1,6,6,1,42,7,1995,2,8,BMW 4 SERIES,1,E01033688,0,-1
2023430231989,2023,430231989,1,9,0,4,4,3,7,0,0,0,0,0,0,0,2,1,6,6,1,26,6,1998,1,4,BMW 4 SERIES,7,E01016293,0,-1
2023101269150,2023,101269150,2,9,0,9,9,2,1,0,0,6,0,0,0,0,1,1,1,1,1,58,9,1995,2,7,BMW 4 SERIES,1,E01008712,0,-1
2023061335636,2023,061335636,1,9,0,18,19,5,1,0,0,0,0,4,1,11,1,1,5,6,2,22,5,1998,1,7,BMW 4 SERIES,2,E01005526,0,-1
2023311331133,2023,311331133,1,9,0,9,9,7,5,0,0,0,1,10,0,0,4,1,2,2,1,55,8,2993,2,5,BMW 4 SERIES,6,E01028162,0,-1
2023041277961,2023,041277961,2,9,0,17,19,5,1,0,0,0,0,0,0,0,3,1,5,6,1,50,8,1998,1,5,BMW 4 SERIES,2,E01012629,0,-1
2023461294025,2023,461294025,2,9,0,18,19,7,3,0,0,0,0,0,0,0,1,1,6,6,1,79,11,1998,1,4,BMW 4 SERIES,-1,-1,0,-1
2023131324941,2023,131324941,1,9,0,9,9,7,5,0,0,8,0,0,1,0,3,1,6,6,1,29,6,1995,2,3,BMW 4 SERIES,1,E01011916,0,-1
2023131361172,2023,131361172,2,9,0,2,2,0,0,0,0,1,0,0,0,0,4,1,6,6,3,-1,-1,1995,2,5,BMW 4 SERIES,-1,-1,0,-1
2023141308052,2023,141308052,1,9,0,9,9,8,6,0,0,5,0,0,0,0,1,1,5,6,1,23,5,1995,2,8,BMW 4 SERIES,1,E01008076,0,-1
2023552301046,2023,552301046,2,9,0,18,19,7,3,0,0,0,0,0,7,7,4,1,6,6,1,60,9,1998,1,5,BMW 4 SERIES,9,E01022982,0,-1
2023451280204,2023,451280204,1,9,0,5,5,6,8,0,0,6,0,0,0,0,1,1,5,6,1,44,7,2993,2,8,BMW 4 SERIES,10,E01030386,0,-1
2023411397511,2023,411397511,1,9,0,16,19,6,7,0,0,8,0,0,0,0,1,1,6,6,1,50,8,1995,2,6,BMW 4 SERIES,9,E01023308,0,-1
2023320411959,2023,320411959,1,9,0,18,19,6,2,0,0,8,0,0,0,0,1,1,6,6,1,30,6,1998,1,6,BMW 4 SERIES,6,E01026120,0,-1
2023201409104,2023,201409104,2,9,0,18,19,1,5,0,0,8,0,0,0,0,1,1,6,6,2,43,7,1998,1,6,BMW 4 SERIES,6,E01009676,0,-1
2023461359597,2023,461359597,1,9,0,18,19,4,8,0,0,0,0,0,0,0,1,1,6,6,1,36,7,1998,1,6,BMW 4 SERIES,5,E01023992,0,-1
2023010441310,2023,010441310,2,9,0,99,99,9,9,99,99,9,0,99,9,99,9,9,6,6,3,-1,-1,1995,2,9,BMW 4 SERIES,-1,-1,0,-1
2023201355924,2023,201355924,1,9,0,5,5,4,1,0,0,6,0,0,0,0,1,1,5,6,1,57,9,1995,2,7,BMW 4 SERIES,9,E01009528,0,-1
2023401270350,2023,401270350,1,9,0,14,14,-1,-1,0,0,0,0,0,0,0,1,1,6,6,1,25,5,2993,2,10,BMW 4 SERIES,4,E01003907,0,-1
2023052301330,2023,052301330,2,9,0,18,19,7,3,0,0,0,0,0,0,0,1,1,6,6,2,37,7,1995,2,6,BMW 4 SERIES,8,E01006524,0,-1
2023041286238,2023,041286238,1,9,0,17,19,7,3,0,0,0,0,0,0,0,1,1,2,2,1,53,8,1995,2,7,BMW 4 SERIES,9,E01007081,0,-1
2023401287466,2023,401287466,1,9,0,18,19,5,1,0,0,1,0,0,0,0,1,1,6,6,1,21,5,1995,2,8,BMW 4 SERIES,2,E01015720,0,-1
2023622300755,2023,622300755,1,9,0,17,19,5,2,0,0,2,1,0,1,1,1,1,6,6,1,28,6,1995,2,8,BMW 4 SERIES,5,W01000820,0,-1
2023451374658,2023,451374658,2,9,0,18,19,3,7,0,0,0,0,0,0,0,1,1,5,6,2,35,6,1998,1,3,BMW 4 SERIES,2,E01002608,0,-1
2023010467803,2023,010467803,2,9,0,99,99,9,9,99,99,9,9,99,9,99,9,9,6,6,3,26,6,1995,2,8,BMW 4 SERIES,3,E01000128,0,-1
2023421363727,2023,421363727,1,9,0,18,19,5,1,0,0,4,0,0,0,0,1,1,6,6,1,30,6,1995,2,9,BMW 4 SERIES,6,E01033137,0,-1
2023010477378,2023,010477378,1,9,0,99,99,9,9,99,99,9,9,99,9,99,2,9,6,6,1,44,7,1997,1,9,BMW 4 SERIES,4,E01003343,0,-1
2023010445406,2023,010445406,2,9,0,99,99,9,9,99,99,9,9,99,9,99,1,9,6,6,3,-1,-1,2993,2,9,BMW 4 SERIES,3,E01001043,0,-1
2023141371636,2023,141371636,2,9,0,18,19,4,1,0,0,0,0,0,0,0,1,1,6,6,3,-1,-1,2979,1,10,BMW 4 SERIES,-1,-1,0,-1
2023622300584,2023,622300584,1,9,0,18,19,8,4,0,0,2,0,4,0,0,4,1,2,2,1,66,10,1995,2,4,BMW 4 SERIES,-1,-1,0,-1
2023061360318,2023,061360318,5,9,0,2,2,7,7,9,9,0,0,0,0,0,2,1,6,6,3,-1,-1,1995,2,6,BMW 4 SERIES,-1,-1,0,-1
2023501314050,2023,501314050,2,9,0,18,19,1,5,0,0,8,0,0,0,0,2,1,6,6,1,44,7,2993,2,8,BMW 4 SERIES,3,E01020010,0,-1
2023010422674,2023,010422674,1,9,0,9,9,4,2,0,0,2,0,0,0,0,4,1,6,6,1,67,10,2993,12,2,BMW 4 SERIES,9,E01000696,0,-1
2023010472123,2023,010472123,4,9,0,4,4,3,7,0,0,1,0,0,0,0,1,1,6,6,1,47,8,1995,2,9,BMW 4 SERIES,4,E01001635,0,-1
2023010445749,2023,010445749,1,9,5,17,19,5,2,0,0,1,0,0,0,0,1,1,6,6,1,52,8,1998,1,2,BMW 4 SERIES,6,E01004173,0,-1
2023010426236,2023,010426236,1,9,0,9,9,5,4,6,6,6,0,0,0,0,2,1,6,6,2,32,6,1998,1,6,BMW 4 SERIES,10,E01032638,0,-1
2023010419867,2023,010419867,1,9,0,99,99,9,9,99,99,0,9,99,9,99,1,9,6,6,1,31,6,2993,2,4,BMW 4 SERIES,4,E01003704,0,-1
2023010484161,2023,010484161,1,9,0,18,19,7,3,0,0,1,0,0,0,0,1,1,3,7,1,48,8,1995,2,7,BMW 4 SERIES,7,E01024141,0,-1
2023421299319,2023,421299319,1,9,0,9,9,8,6,0,0,1,0,0,0,0,1,1,5,6,2,19,4,1995,2,7,BMW 4 SERIES,6,E01021406,0,-1
2023010459097,2023,010459097,1,9,0,4,4,1,5,0,0,4,0,0,0,0,1,1,6,6,1,22,5,1995,2,5,BMW 4 SERIES,4,E01003268,0,-1
2023471269309,2023,471269309,2,9,0,2,2,0,0,0,0,0,0,0,0,0,3,1,6,6,3,-1,-1,2993,2,8,BMW 4 SERIES,-1,-1,0,-1
2023991310821,2023,991310821,1,9,0,5,5,1,5,9,9,6,0,0,0,0,1,1,6,6,1,42,7,1995,2,5,BMW 4 SERIES,-1,-1,0,-1
2023430374487,2023,430374487,2,9,0,9,9,7,5,0,0,5,0,0,0,0,1,1,6,6,1,30,6,1997,1,9,BMW 4 SERIES,-1,-1,0,-1
2023440081361,2023,440081361,2,9,0,18,19,6,2,0,0,1,0,0,0,0,1,1,6,6,1,30,6,2993,2,8,BMW 4 SERIES,4,E01017312,0,-1
2023531391406,2023,531391406,2,9,0,3,3,3,7,0,0,1,0,0,0,0,2,1,5,6,1,58,9,1995,2,7,BMW 4 SERIES,8,E01000651,0,-1
2023351328268,2023,351328268,2,9,0,9,9,5,3,0,0,1,0,0,0,0,2,1,2,2,1,30,6,1995,2,4,BMW 4 SERIES,1,E01015602,0,-1
2023340WN4642,2023,340WN4642,2,9,0,4,4,6,2,0,0,1,0,0,0,0,2,1,2,2,1,52,8,2993,2,6,BMW 4 SERIES,10,E01027266,0,-1
2023440011154,2023,440011154,1,9,0,13,13,6,2,0,0,1,2,0,0,0,1,1,6,6,1,58,9,1995,2,8,BMW 4 SERIES,9,E01023036,0,-1
2023010477659,2023,010477659,1,9,0,9,9,3,2,0,0,4,0,0,0,0,1,1,2,2,2,23,5,1997,1,9,BMW 4 SERIES,6,E01002601,0,-1
2023010444333,2023,010444333,2,9,0,9,9,7,6,0,0,1,0,0,0,0,4,1,6,6,1,37,7,1997,1,8,BMW 4 SERIES,3,E01004422,0,-1
2023201305572,2023,201305572,2,9,5,18,19,-1,-1,0,0,0,3,0,0,0,2,1,6,6,1,44,7,1995,2,8,BMW 4 SERIES,7,E01009442,0,-1
2023010439483,2023,010439483,1,9,0,18,19,3,7,0,0,2,0,0,3,0,1,1,6,6,2,22,5,1995,12,2,BMW 4 SERIES,5,E01003703,0,-1
2023451294209,2023,451294209,1,9,0,3,3,4,8,0,0,1,0,0,0,0,2,1,5,6,1,24,5,2993,2,7,BMW 4 SERIES,9,E01030425,0,-1
2023451263300,2023,451263300,2,9,0,9,9,3,5,0,0,8,0,0,0,0,1,1,2,2,1,51,8,1995,2,7,BMW 4 SERIES,5,E01002529,0,-1
2023010475204,2023,010475204,1,9,0,18,19,1,5,0,0,1,2,10,0,0,1,1,6,6,1,18,4,2993,2,7,BMW 4 SERIES,8,E01003678,0,-1
2023010484479,2023,010484479,2,9,0,4,4,3,7,0,0,1,0,0,0,0,1,1,6,6,2,29,6,1995,2,4,BMW 4 SERIES,7,E01001405,0,-1
2023451282048,2023,451282048,3,9,0,18,19,3,7,0,0,0,0,0,0,0,2,1,2,2,1,63,9,1995,2,6,BMW 4 SERIES,8,E01030803,0,-1
2023061340135,2023,061340135,1,9,0,5,5,4,8,0,0,1,0,0,0,0,1,1,6,6,1,33,6,1995,2,6,BMW 4 SERIES,4,E01004993,0,-1
2023430077869,2023,430077869,4,9,0,3,3,2,6,0,0,0,0,0,0,0,2,1,2,2,1,40,7,2993,2,7,BMW 4 SERIES,10,E01016659,0,-1
2023461316630,2023,461316630,1,9,0,5,5,3,7,0,0,6,0,0,0,0,0,1,5,6,1,83,11,2979,1,8,BMW 4 SERIES,7,E01024232,0,-1
2023010475509,2023,010475509,1,9,0,99,99,9,9,99,99,9,9,99,9,99,2,9,2,2,2,39,7,1997,1,9,BMW 4 SERIES,3,E01023326,0,-1
2023010464282,2023,010464282,2,9,0,4,4,1,5,0,0,2,0,4,0,0,3,1,6,6,1,52,8,1998,1,7,BMW 4 SERIES,3,E01002738,0,-1
2023010448665,2023,010448665,3,9,0,2,2,0,0,0,0,1,0,0,0,0,2,1,6,6,3,-1,-1,2998,1,7,BMW 4 SERIES,-1,-1,0,-1
2023451393365,2023,451393365,1,9,0,18,19,5,1,0,0,0,0,0,0,0,1,1,5,6,1,32,6,1995,2,6,BMW 4 SERIES,9,E01002416,0,-1
2023610011323,2023,610011323,1,9,0,18,19,2,6,0,0,0,0,0,0,0,1,1,6,6,2,52,8,1995,2,6,BMW 4 SERIES,1,W01001326,0,-1
2023101296315,2023,101296315,2,9,0,3,3,5,1,0,0,0,0,0,0,0,2,1,6,6,1,54,8,1995,2,7,BMW 4 SERIES,7,E01008786,0,-1
2023401344574,2023,401344574,3,9,0,3,3,3,7,0,0,1,0,0,0,0,2,1,5,6,1,36,7,1995,2,5,BMW 4 SERIES,6,E01023431,0,-1
2023201362830,2023,201362830,3,9,0,4,4,8,8,0,0,1,0,0,0,0,1,1,5,6,1,54,8,2993,2,3,BMW 4 SERIES,5,E01032530,0,-1
2023010438751,2023,010438751,1,9,0,16,19,6,1,0,0,2,0,4,0,0,1,1,6,6,1,23,5,1995,2,8,BMW 4 SERIES,4,E01004215,0,-1
2023010486200,2023,010486200,2,9,0,99,99,9,9,99,99,6,9,99,9,99,2,9,6,6,3,-1,-1,1995,2,7,BMW 4 SERIES,-1,-1,0,-1
2023622300466,2023,622300466,2,9,0,18,19,2,6,0,0,8,0,0,0,0,1,1,6,6,1,48,8,2993,2,5,BMW 4 SERIES,10,W01001733,0,-1
2023471268679,2023,471268679,1,9,0,18,19,7,3,0,0,1,0,0,0,0,1,1,1,1,1,32,6,2993,2,8,BMW 4 SERIES,3,E01016861,0,-1
2023161321508,2023,161321508,2,9,0,18,19,1,5,0,0,2,0,0,0,0,4,1,5,6,2,32,6,1995,2,9,BMW 4 SERIES,6,E01012882,0,-1
2023010444893,2023,010444893,2,9,0,14,14,2,6,0,0,1,1,0,0,0,1,1,6,6,1,42,7,1995,2,7,BMW 4 SERIES,9,E01023275,0,-1
2023991298873,2023,991298873,2,9,0,18,19,2,6,0,0,0,0,0,0,0,2,1,2,2,1,59,9,1998,1,4,BMW 4 SERIES,9,-1,0,-1
2023010454034,2023,010454034,1,9,0,2,2,0,0,0,0,0,0,0,0,0,2,1,6,6,3,-1,-1,1995,2,6,BMW 4 SERIES,-1,-1,0,-1
2023461330908,2023,461330908,1,9,0,18,19,4,7,0,0,0,1,0,8,2,1,1,5,6,1,21,5,1995,2,6,BMW 4 SERIES,6,E01016057,0,-1
2023010452129,2023,010452129,1,9,9,99,99,9,9,99,99,9,9,99,9,99,9,9,6,6,2,56,9,1998,1,5,BMW 4 SERIES,2,E01002829,0,-1
2023041308396,2023,041308396,2,9,0,18,19,1,5,0,0,0,0,0,0,0,2,1,5,6,1,61,9,1998,1,1,BMW 4 SERIES,5,E01005520,0,-1
2023010472241,2023,010472241,2,9,0,99,99,9,9,99,99,9,9,99,9,99,1,9,6,6,3,-1,-1,1995,2,7,BMW 4 SERIES,-1,-1,0,-1
2023010464128,2023,010464128,3,9,0,99,99,9,9,99,99,9,9,99,9,99,9,9,6,6,3,-1,-1,1995,2,7,BMW 4 SERIES,-1,-1,0,-1
2023332300707,2023,332300707,1,9,0,16,19,2,5,0,0,0,5,0,1,4,1,1,6,6,1,36,7,1995,2,7,BMW 4 SERIES,1,E01013813,0,-1
2023010425593,2023,010425593,2,9,0,99,99,9,9,99,99,9,9,99,9,99,0,9,6,6,3,-1,-1,1995,2,9,BMW 4 SERIES,7,E01019753,0,-1
2023010486409,2023,010486409,2,9,0,7,7,5,7,0,0,6,0,0,0,0,1,1,6,6,1,58,9,1995,2,5,BMW 4 SERIES,2,E01004403,0,-1
2023101272955,2023,101272955,2,9,0,18,19,4,8,0,0,0,1,0,1,9,0,1,5,6,1,27,6,1998,1,3,BMW 4 SERIES,3,E01008715,0,-1
2023221278995,2023,221278995,1,9,0,9,9,3,1,0,0,5,0,0,0,0,1,1,2,2,1,61,9,1995,2,5,BMW 4 SERIES,10,E01032408,0,-1
2023231360871,2023,231360871,3,9,0,10,10,2,4,0,0,1,0,0,0,0,3,1,6,6,3,55,8,1995,12,2,BMW 4 SERIES,-1,-1,0,-1
2023340WN5172,2023,340WN5172,1,9,0,4,4,4,8,0,0,0,0,0,0,0,1,1,6,6,1,27,6,2993,2,8,BMW 4 SERIES,5,E01027134,0,-1
2023320631987,2023,320631987,1,9,0,18,19,8,4,0,0,1,1,0,0,0,1,1,6,6,1,45,7,2993,2,7,BMW 4 SERIES,7,E01026188,0,-1
2023070476173,2023,070476173,2,9,0,5,5,4,8,0,0,8,0,0,7,0,4,1,6,6,1,38,7,2998,1,5,BMW 4 SERIES,10,E01018491,0,-1
2023010481340,2023,010481340,1,9,0,18,19,5,1,9,9,3,1,10,1,0,1,1,6,6,1,26,6,1998,1,0,BMW 4 SERIES,2,E01001351,0,-1
2023010462696,2023,010462696,2,9,0,3,3,7,3,0,0,1,0,0,0,0,3,1,6,6,1,35,6,1997,1,8,BMW 4 SERIES,7,E01004496,0,-1
2023440416126,2023,440416126,1,9,0,3,3,3,7,0,0,1,0,0,0,0,2,1,6,6,2,44,7,1998,1,5,BMW 4 SERIES,5,E01023201,0,-1
2023201413900,2023,201413900,1,9,0,18,19,8,4,0,0,0,0,0,0,0,1,1,6,6,3,-1,-1,1995,2,6,BMW 4 SERIES,-1,-1,0,-1
2023201284312,2023,201284312,1,9,0,5,5,5,1,0,0,4,0,0,0,0,1,1,6,6,1,26,6,1995,2,8,BMW 4 SERIES,2,W01000333,0,-1
2023101345749,2023,101345749,2,9,0,3,3,1,5,0,0,0,0,0,0,0,2,1,2,2,2,32,6,1995,2,3,BMW 4 SERIES,10,E01008784,0,-1
2023421323079,2023,421323079,1,9,0,9,9,6,4,0,0,2,0,0,0,0,3,1,5,6,2,47,8,2993,2,7,BMW 4 SERIES,9,E01001567,0,-1
2023141362292,2023,141362292,1,9,0,9,9,7,5,0,0,6,0,0,0,0,3,1,5,6,1,33,6,1995,2,10,BMW 4 SERIES,1,E01010674,0,-1
2023461260258,2023,461260258,1,9,0,18,19,1,5,0,0,4,0,0,0,0,1,1,6,6,2,29,6,1995,2,8,BMW 4 SERIES,5,E01013671,0,-1
2023010460948,2023,010460948,2,9,0,99,99,9,9,0,0,9,9,99,9,99,1,9,6,6,3,-1,-1,1995,2,6,BMW 4 SERIES,-1,-1,0,-1
2023161375778,2023,161375778,2,9,0,18,19,5,1,0,0,0,0,0,0,0,1,1,6,6,1,54,8,1995,2,6,BMW 4 SERIES,7,E01026080,0,-1
2023622300821,2023,622300821,2,9,0,2,2,0,0,0,0,0,0,0,0,0,1,1,6,6,3,-1,-1,1995,2,9,BMW 4 SERIES,-1,-1,0,-1
2023131291910,2023,131291910,1,9,0,12,12,5,1,0,0,0,1,0,7,4,4,1,6,6,1,32,6,1998,1,4,BMW 4 SERIES,8,E01011418,0,-1
2023010465009,2023,010465009,3,9,0,18,19,3,7,0,0,1,0,0,0,0,1,1,6,6,1,61,9,1499,8,0,BMW X2,3,E01000531,0,-1
2023421366661,2023,421366661,1,9,0,18,19,5,7,9,9,1,0,0,1,0,1,1,6,6,3,30,6,1499,1,3,BMW X2,-1,-1,0,-1
2023332300894,2023,332300894,3,9,0,2,2,0,0,0,0,0,0,0,0,0,1,1,6,6,3,-1,-1,1995,2,4,BMW X2,-1,-1,0,-1
2023430000662,2023,430000662,2,9,0,18,19,6,2,0,0,1,0,0,0,0,1,1,6,6,2,-1,-1,1499,1,0,BMW X2,-1,-1,0,-1
2023201260730,2023,201260730,4,9,0,18,19,8,4,0,0,0,0,0,0,0,2,1,5,6,2,35,6,1998,1,4,BMW X2,1,E01009988,0,-1
2023201333478,2023,201333478,2,9,0,4,4,8,4,0,0,8,0,0,0,0,1,1,6,6,2,62,9,1995,2,5,BMW X2,6,E01010082,0,-1
2023010451982,2023,010451982,2,9,9,99,99,9,9,99,99,9,9,99,9,99,9,9,6,6,3,-1,-1,1995,2,4,BMW X2,-1,-1,0,-1
2023471383312,2023,471383312,1,9,0,-1,-1,-1,-1,0,0,1,0,0,0,0,1,1,6,6,2,44,7,1998,1,5,BMW X2,4,E01003282,0,-1
2023010439598,2023,010439598,1,9,0,16,19,1,5,0,0,1,0,0,0,0,0,1,1,1,1,-1,-1,1998,1,2,BMW X2,3,E01003221,0,-1
2023131276225,2023,131276225,2,9,0,18,19,5,5,0,0,0,0,0,0,0,1,1,5,6,2,52,8,1998,1,3,BMW X2,8,E01011700,0,-1
2023201339068,2023,201339068,2,9,0,5,5,6,2,0,0,0,2,0,0,0,3,1,6,6,2,26,6,1998,1,4,BMW X2,9,E01009851,0,-1
2023010425982,2023,010425982,2,9,0,18,19,7,3,0,0,0,0,0,0,0,0,1,1,1,1,39,7,1998,1,2,BMW X2,-1,-1,0,-1
2023131357445,2023,131357445,2,9,0,3,3,5,1,0,0,0,0,0,0,0,3,2,5,6,2,32,6,1995,2,2,BMW X2,2,E01011000,0,-1
2023010452273,2023,010452273,1,9,0,9,9,4,2,0,0,1,0,0,0,0,1,1,6,6,1,22,5,1995,2,5,BMW X2,3,E01003182,0,-1
2023411383848,2023,411383848,1,9,0,18,19,5,1,0,0,2,0,0,0,0,1,1,6,6,2,51,8,1998,1,5,BMW X2,8,E01017376,0,-1
2023010442632,2023,010442632,2,9,9,99,99,9,9,99,99,9,9,99,9,99,9,9,6,6,3,-1,-1,1499,1,4,BMW X2,-1,-1,0,-1
2023031264009,2023,031264009,1,9,0,18,19,7,5,0,0,0,1,10,0,0,3,1,6,6,2,51,8,1998,1,3,BMW X2,7,E01019390,0,-1
2023461265841,2023,461265841,2,9,0,18,19,1,5,0,0,0,0,0,1,0,1,1,2,2,1,64,9,1998,1,4,BMW X2,8,E01001680,0,-1
2023451353801,2023,451353801,2,9,0,18,19,1,5,0,0,1,0,0,0,0,3,1,5,6,2,33,6,1499,8,1,BMW X2,7,E01030577,0,-1
2023520400429,2023,520400429,1,9,0,13,13,2,6,0,0,0,0,0,0,0,3,1,6,6,2,44,7,1995,2,4,BMW X2,8,E01017215,0,-1
2023010441712,2023,010441712,2,9,0,2,2,0,0,0,0,1,0,0,0,0,2,1,6,6,3,-1,-1,1995,2,5,BMW X2,-1,-1,0,-1
2023411341428,2023,411341428,1,9,0,11,11,1,4,0,0,0,0,0,0,0,1,1,5,6,1,52,8,1499,1,2,BMW X2,10,E01033169,0,-1
2023010450518,2023,010450518,2,9,0,99,99,9,9,99,99,9,9,99,9,99,1,9,6,6,3,-1,-1,1995,2,5,BMW X2,6,E01024452,0,-1
2023010469396,2023,010469396,1,9,0,16,19,2,6,0,0,0,0,0,0,0,0,1,6,6,1,53,8,1998,1,4,BMW X2,1,E01004541,0,-1
2023010483497,2023,010483497,1,9,0,99,99,9,9,0,0,0,9,99,9,99,2,9,1,1,1,37,7,1998,1,4,BMW X2,5,E01026760,0,-1
2023010470342,2023,010470342,2,9,0,99,99,9,9,99,99,9,9,99,9,99,1,9,6,6,3,27,6,1995,2,5,BMW X2,4,E01000534,0,-1
2023371391410,2023,371391410,2,9,0,3,3,2,4,0,0,0,0,0,0,0,3,1,6,6,1,43,7,1499,8,2,BMW X2,9,E01030147,0,-1
2023010419514,2023,010419514,2,9,0,18,19,3,7,0,0,8,0,0,0,0,3,1,6,6,2,60,9,1998,1,4,BMW X2,3,E01003068,0,-1
2023010475820,2023,010475820,1,9,0,18,19,1,5,2,2,6,1,0,0,0,2,1,6,6,2,-1,-1,1998,1,3,BMW X2,2,E01001112,0,-1
2023631330986,2023,631330986,1,9,0,18,19,1,5,0,0,1,0,0,0,0,1,1,6,6,1,35,6,1998,1,2,BMW X2,-1,-1,0,-1
2023010484973,2023,010484973,1,9,9,99,99,9,9,99,99,9,9,99,9,99,2,9,6,6,2,35,6,1499,1,4,BMW X2,5,E01002213,0,-1
2023991284223,2023,991284223,2,9,0,18,19,7,2,0,0,1,0,0,0,0,1,1,5,6,1,67,10,1995,2,1,BMW X2,6,-1,0,-1
2023411368827,2023,411368827,2,9,-1,-1,-1,-1,-1,-1,-1,0,-1,-1,-1,0,-1,1,6,6,2,36,7,1998,1,5,BMW X2,4,E01023547,0,-1
2023991277907,2023,991277907,2,9,0,10,10,8,6,0,0,1,0,0,0,0,2,1,5,6,2,62,9,1998,1,1,BMW X2,10,-1,0,-1
2023010450995,2023,010450995,1,9,0,99,99,9,9,99,99,9,9,99,9,99,2,9,2,2,2,23,5,1995,2,4,BMW X2,1,E01002760,0,-1
2023411364257,2023,411364257,1,9,0,18,19,5,1,0,0,0,0,0,0,0,1,1,6,6,1,49,8,1499,1,1,BMW X2,10,E01023614,0,-1
2023622300308,2023,622300308,1,9,0,4,4,2,6,0,0,0,0,0,0,0,1,1,6,6,1,49,8,1998,1,4,BMW X2,9,W01001132,0,-1
2023010447630,2023,010447630,2,9,0,18,19,3,7,0,0,1,0,0,0,0,1,1,6,6,1,26,6,1998,1,2,BMW X2,3,E01002064,0,-1
2023320733239,2023,320733239,2,9,0,4,4,5,1,0,0,0,0,0,0,0,2,1,2,2,1,28,6,1499,8,0,BMW X2,10,E01026413,0,-1
2023010461588,2023,010461588,1,9,0,99,99,9,9,99,99,9,9,99,9,99,1,9,6,6,3,62,9,1499,1,4,BMW X2,7,E01003395,0,-1
2023010445514,2023,010445514,2,9,9,99,99,9,9,99,99,9,9,99,9,99,9,9,6,6,2,-1,-1,1499,1,4,BMW X2,-1,-1,0,-1
2023221310767,2023,221310767,1,9,0,17,19,6,2,9,9,0,2,10,1,11,1,1,6,6,2,43,7,1995,2,4,BMW X2,5,E01031242,0,-1
2023430284559,2023,430284559,2,9,0,3,3,8,4,0,0,1,0,0,0,0,2,1,2,2,1,56,9,1998,1,4,BMW X2,1,E01008935,0,-1
2023302301784,2023,302301784,1,9,0,18,19,6,2,0,0,0,0,0,0,0,1,1,6,6,3,-1,-1,1998,1,2,BMW X2,5,E01019456,0,-1
2023131382526,2023,131382526,2,9,0,12,12,3,7,0,0,8,0,0,0,0,1,1,5,6,1,47,8,1499,1,0,BMW X2,4,E01011489,0,-1
2023010440299,2023,010440299,3,9,0,18,19,1,5,0,0,1,0,0,0,0,0,1,6,6,1,31,6,1998,1,2,BMW X2,3,E01003221,0,-1
2023471309235,2023,471309235,2,9,0,18,19,7,3,0,0,8,0,0,0,0,1,1,5,6,1,66,10,1998,1,4,BMW X2,10,E01022602,0,-1
2023041370462,2023,041370462,2,9,0,18,19,2,6,0,0,1,0,0,1,0,1,1,5,6,1,60,9,1998,1,4,BMW X2,1,E01025298,0,-1
2023010430798,2023,010430798,2,9,9,99,99,9,9,99,99,9,9,99,9,99,9,9,6,6,3,-1,-1,1998,1,4,BMW X2,-1,-1,0,-1
2023010435437,2023,010435437,1,9,0,18,19,1,5,0,0,0,0,4,0,0,1,1,6,6,2,56,9,1998,1,1,BMW X2,9,E01000715,0,-1
2023451366167,2023,451366167,1,9,0,18,19,6,2,0,0,0,0,0,0,0,2,1,5,6,2,37,7,1499,1,2,BMW X2,6,E01030548,0,-1