collision_index,collision_year,collision_ref_no,vehicle_reference,vehicle_type,towing_and_articulation,vehicle_manoeuvre_historic,vehicle_manoeuvre,vehicle_direction_from,vehicle_direction_to,vehicle_location_restricted_lane_historic,vehicle_location_restricted_lane,junction_location,skidding_and_overturning,hit_object_in_carriageway,vehicle_leaving_carriageway,hit_object_off_carriageway,first_point_of_impact,vehicle_left_hand_drive,journey_purpose_of_driver_historic,journey_purpose_of_driver,sex_of_driver,age_of_driver,age_band_of_driver,engine_capacity_cc,propulsion_code,age_of_vehicle,generic_make_model,driver_imd_decile,lsoa_of_driver,escooter_flag,driver_distance_banding
2023451383448,2023,451383448,1,9,0,9,9,7,5,0,0,6,0,0,0,0,1,1,3,7,1,42,7,1998,1,4,BMW X2,10,E01030369,0,-1
2023131272099,2023,131272099,2,9,0,18,19,1,5,0,0,1,0,0,0,0,0,1,2,2,2,24,5,1998,1,4,BMW X2,9,E01011584,0,-1
2023991436088,2023,991436088,2,9,0,2,2,0,0,0,0,0,0,0,0,0,1,1,6,6,1,37,7,1499,1,4,BMW X2,-1,-1,0,-1
2023010456048,2023,010456048,1,9,0,17,19,5,3,0,0,0,0,0,0,0,3,1,1,1,2,31,6,1499,1,1,BMW X2,4,E01001418,0,-1
2023010480899,2023,010480899,1,9,0,99,99,9,9,99,99,9,9,99,9,99,2,1,6,6,1,70,10,1998,1,1,BMW X2,2,E01003512,0,-1
2023010447469,2023,010447469,1,9,0,99,99,9,9,99,99,0,9,99,9,99,2,9,2,2,2,28,6,1499,1,3,BMW X2,10,E01004122,0,-1
2023010470516,2023,010470516,2,9,0,18,19,5,1,0,0,0,0,0,0,0,0,1,1,1,1,30,6,1998,1,2,BMW X2,4,E01003666,0,-1
2023122301204,2023,122301204,1,9,0,5,5,8,3,0,0,3,0,0,0,0,1,1,6,6,2,34,6,1995,2,4,BMW X2,2,E01011274,0,-1
2023430048556,2023,430048556,1,9,0,9,9,6,4,0,0,6,0,0,0,0,3,1,6,6,2,52,8,1499,1,4,BMW X2,4,E01016484,0,-1
2023332300640,2023,332300640,2,9,0,18,19,3,7,0,0,8,0,0,0,0,1,1,6,6,3,-1,-1,1499,1,2,BMW X2,-1,-1,0,-1
2023411370513,2023,411370513,1,9,0,9,9,5,3,0,0,8,0,0,0,0,3,1,5,6,2,26,6,1998,1,4,BMW X2,10,E01003745,0,-1
2023061278089,2023,061278089,3,9,0,18,19,3,7,0,0,0,0,0,0,0,2,1,6,6,2,45,7,1995,2,5,BMW X2,10,E01019756,0,-1
2023010433946,2023,010433946,2,9,0,17,19,3,1,0,0,3,0,0,0,0,1,1,6,6,2,53,8,1995,2,4,BMW X2,10,E01030375,0,-1
2023131261744,2023,131261744,2,9,0,18,19,6,2,0,0,0,0,0,0,0,1,1,5,6,1,60,9,1499,8,3,BMW X2,7,E01011205,0,-1
2023131299935,2023,131299935,2,9,0,18,19,1,5,0,0,0,0,0,1,3,3,1,6,6,2,44,7,1998,1,4,BMW X2,5,E01011114,0,-1
2023991338362,2023,991338362,2,9,0,18,19,8,4,0,0,0,0,0,0,0,1,1,5,6,1,52,8,1995,2,5,BMW X2,6,-1,0,-1
2023010470516,2023,010470516,3,9,0,18,19,5,1,0,0,0,0,0,0,0,0,1,1,1,1,33,6,1998,1,2,BMW X2,-1,-1,0,-1
2023421286277,2023,421286277,1,9,0,7,7,2,5,0,0,0,0,0,0,0,0,1,5,6,1,74,10,3996,1,22,-1,8,E01021735,0,-1
2023991311572,2023,991311572,1,5,0,18,19,3,7,0,0,0,0,0,0,0,1,1,5,6,1,40,7,955,1,3,-1,2,-1,0,-1
2023122300733,2023,122300733,1,5,0,13,13,1,5,0,0,1,0,0,1,0,1,1,6,6,1,59,9,1103,1,5,-1,8,E01020731,0,-1
2023991337298,2023,991337298,1,5,0,17,19,8,4,0,0,0,2,0,1,11,1,1,5,6,1,33,6,1103,1,5,-1,7,-1,0,-1
2023440139451,2023,440139451,1,5,0,18,19,7,3,0,0,8,0,0,0,0,1,1,6,6,1,40,7,998,1,3,-1,-1,-1,0,-1
2023031332010,2023,031332010,2,5,0,11,11,7,7,0,0,0,5,0,0,0,1,1,6,6,1,59,9,1103,1,2,-1,6,E01019178,0,-1
2023991314842,2023,991314842,2,5,0,17,19,3,6,0,0,1,0,0,0,0,1,1,6,6,1,40,7,955,1,2,-1,6,-1,0,-1
2023010459990,2023,010459990,1,5,0,9,9,1,6,4,4,4,0,0,0,0,1,1,6,6,1,29,6,1103,1,4,-1,9,E01020945,0,-1
2023010485225,2023,010485225,1,5,0,3,3,5,1,0,0,0,0,0,0,0,4,1,6,6,1,52,8,1198,1,4,-1,7,E01002111,0,-1
2023631349722,2023,631349722,1,5,0,13,13,3,7,0,0,0,0,0,0,0,1,1,5,6,1,58,9,1198,1,6,-1,6,W01000487,0,-1
2023010462697,2023,010462697,1,5,0,99,99,9,9,99,99,9,9,99,9,99,9,1,6,6,1,39,7,1198,1,6,-1,6,E01017674,0,-1
2023122300834,2023,122300834,1,19,0,13,13,1,4,0,0,3,0,0,0,0,1,1,6,6,1,56,9,-1,-1,-1,-1,8,-1,0,-1
2023031311560,2023,031311560,2,5,0,18,19,7,3,0,0,0,0,0,0,0,1,1,5,6,1,53,8,1584,1,14,-1,-1,-1,0,-1
2023010455197,2023,010455197,1,3,0,18,19,8,4,0,0,8,0,0,0,0,1,1,6,6,3,-1,-1,125,1,17,MAKE AND MODEL REDACTED,-1,-1,0,-1
2023440354291,2023,440354291,1,3,0,18,19,4,8,0,0,0,0,0,0,0,1,1,6,6,1,21,5,125,1,15,MAKE AND MODEL REDACTED,2,E01017340,0,-1
2023010435775,2023,010435775,1,3,0,99,99,9,9,99,99,0,9,99,9,99,9,1,6,6,1,43,7,125,1,15,MAKE AND MODEL REDACTED,1,E01000601,0,-1
2023311396998,2023,311396998,1,3,0,18,19,3,7,0,0,0,1,7,0,0,1,1,2,2,1,19,4,125,1,16,MAKE AND MODEL REDACTED,8,E01026200,0,-1
2023501324401,2023,501324401,2,2,0,18,19,2,5,0,0,0,0,0,0,0,3,1,6,6,1,75,10,125,1,17,-1,8,E01020035,0,-1
2023552300667,2023,552300667,2,3,0,18,19,1,5,0,0,0,0,0,0,0,1,1,2,2,2,55,8,125,1,17,MAKE AND MODEL REDACTED,9,E01020580,0,-1
2023010431298,2023,010431298,2,3,0,18,19,7,3,0,0,0,0,0,0,0,1,1,1,1,1,38,7,125,1,16,MAKE AND MODEL REDACTED,2,E01002080,0,-1
2023371286683,2023,371286683,2,9,0,4,4,7,3,0,0,1,0,0,0,0,2,1,2,2,2,58,9,1999,2,3,JAGUAR E-PACE,6,E01030209,0,-1
2023010479609,2023,010479609,2,9,0,99,99,9,9,99,99,9,9,99,9,99,9,9,6,6,2,-1,-1,1999,2,5,JAGUAR E-PACE,-1,-1,0,-1
2023440019048,2023,440019048,1,9,0,18,19,7,2,0,0,1,1,0,0,0,1,1,6,6,1,19,4,1999,2,3,JAGUAR E-PACE,2,E01003057,0,-1
2023010434713,2023,010434713,2,9,0,99,99,9,9,99,99,0,9,99,9,99,9,9,6,6,3,-1,-1,1999,2,4,JAGUAR E-PACE,-1,-1,0,-1
2023010434560,2023,010434560,2,9,9,99,99,9,9,99,99,0,9,99,9,99,9,9,6,6,3,-1,-1,1999,2,4,JAGUAR E-PACE,-1,-1,0,-1
2023010426089,2023,010426089,1,9,0,99,99,9,9,99,99,9,9,99,9,99,2,9,6,6,3,-1,-1,1999,2,5,JAGUAR E-PACE,10,E01030303,0,-1
202354B509323,2023,54B509323,1,9,0,18,19,8,4,0,0,0,0,0,0,0,1,1,6,6,1,38,7,1999,2,5,JAGUAR E-PACE,7,E01015474,0,-1
2023361318181,2023,361318181,2,9,0,18,19,3,7,0,0,1,0,0,0,0,1,1,5,6,2,59,9,1999,2,4,JAGUAR E-PACE,4,E01026729,0,-1
2023320169938,2023,320169938,1,9,0,7,7,2,4,0,0,6,0,0,0,0,3,1,6,6,2,34,6,1999,2,4,JAGUAR E-PACE,9,E01026225,0,-1
2023231352373,2023,231352373,1,9,0,15,15,4,8,0,0,8,1,0,1,0,1,1,6,6,1,29,6,1999,2,4,JAGUAR E-PACE,4,E01031086,0,-1
2023010422875,2023,010422875,1,9,0,3,3,1,5,0,0,6,0,0,0,0,2,1,6,6,1,32,6,1999,2,4,JAGUAR E-PACE,5,E01002347,0,-1
2023471318079,2023,471318079,1,9,0,18,19,5,1,0,0,0,0,0,0,0,2,1,5,6,2,40,7,1999,2,4,JAGUAR E-PACE,6,E01030587,0,-1
2023340WN1702,2023,340WN1702,3,9,0,18,19,1,6,0,0,1,0,0,0,0,1,1,6,6,2,25,5,1999,2,4,JAGUAR E-PACE,-1,-1,0,-1
2023052300081,2023,052300081,1,9,0,9,9,3,1,0,0,1,0,0,0,0,1,1,6,6,3,-1,-1,1999,2,4,JAGUAR E-PACE,-1,-1,0,-1
2023451294497,2023,451294497,1,9,0,5,5,3,7,0,0,3,0,0,1,0,0,1,5,6,2,30,6,1998,2,2,JAGUAR E-PACE,10,E01030584,0,-1
2023071200407,2023,071200407,2,9,0,16,19,4,8,0,0,8,0,0,0,0,2,1,6,6,1,78,11,1999,2,5,JAGUAR E-PACE,10,E01018324,0,-1
2023991361651,2023,991361651,2,9,0,17,19,3,8,0,0,0,0,0,0,0,1,1,5,6,2,53,8,1998,2,2,JAGUAR E-PACE,-1,-1,0,-1
2023440178168,2023,440178168,1,9,0,18,19,1,5,0,0,8,0,0,0,0,3,1,6,6,2,30,6,1999,2,3,JAGUAR E-PACE,10,E01023229,0,-1
2023302300093,2023,302300093,2,9,0,18,19,2,6,0,0,1,0,0,0,0,1,1,6,6,2,39,7,1999,2,5,JAGUAR E-PACE,3,E01019730,0,-1
2023421305798,2023,421305798,2,9,0,4,4,3,7,0,0,1,0,0,0,0,2,1,5,6,2,34,6,1999,2,4,JAGUAR E-PACE,6,E01021930,0,-1
2023401352772,2023,401352772,2,9,0,2,2,0,0,0,0,2,0,4,0,0,1,1,6,6,3,-1,-1,1999,2,4,JAGUAR E-PACE,-1,-1,0,-1
2023201453073,2023,201453073,1,9,0,5,5,2,5,0,0,1,0,0,0,0,1,1,1,1,2,33,6,1999,2,5,JAGUAR E-PACE,1,E01009983,0,-1
2023461391386,2023,461391386,2,9,0,4,4,6,8,0,0,0,0,0,0,0,4,1,6,6,1,22,5,1498,8,1,JAGUAR E-PACE,9,E01024343,0,-1
2023411317599,2023,411317599,2,9,0,3,3,-1,-1,0,0,0,0,0,0,0,4,1,5,6,2,28,6,1999,2,5,JAGUAR E-PACE,7,E01023531,0,-1
2023451392021,2023,451392021,1,9,0,9,9,1,6,0,0,8,0,0,0,0,3,1,6,6,2,34,6,1997,1,4,JAGUAR E-PACE,3,E01000385,0,-1
2023351302775,2023,351302775,1,9,0,18,19,8,4,0,0,0,0,0,0,0,1,1,5,6,2,-1,-1,1999,2,3,JAGUAR E-PACE,9,E01015646,0,-1
2023161380529,2023,161380529,1,9,0,18,19,1,5,0,0,1,0,0,0,0,4,1,6,6,2,56,9,1999,2,5,JAGUAR E-PACE,8,E01013327,0,-1
2023421352257,2023,421352257,1,9,0,5,5,7,3,0,0,0,0,0,0,0,1,1,3,7,2,36,7,1999,2,4,JAGUAR E-PACE,1,E01015886,0,-1
2023201290954,2023,201290954,2,9,0,3,3,8,4,0,0,0,1,0,0,0,2,1,6,6,1,56,9,1999,2,3,JAGUAR E-PACE,6,E01009036,0,-1
2023131277877,2023,131277877,1,9,0,18,19,3,7,0,0,0,0,0,0,0,2,1,6,6,3,99,11,1997,1,4,JAGUAR E-PACE,-1,-1,0,-1
2023311359919,2023,311359919,3,9,0,18,19,5,1,0,0,0,0,0,0,0,4,1,5,6,1,71,10,1498,8,2,JAGUAR E-PACE,10,E01025774,0,-1
2023451329608,2023,451329608,1,9,0,18,19,6,2,0,0,0,0,0,0,0,4,1,5,6,1,25,5,1999,2,5,JAGUAR E-PACE,5,E01030913,0,-1
2023421296831,2023,421296831,1,9,0,18,19,7,4,0,0,0,0,0,7,4,1,1,5,6,2,31,6,1999,2,4,JAGUAR E-PACE,7,E01015849,0,-1
2023122301015,2023,122301015,1,9,0,4,4,8,4,0,0,1,0,0,0,0,1,1,6,6,2,65,9,1999,2,3,JAGUAR E-PACE,9,E01027919,0,-1
2023161274936,2023,161274936,1,9,0,4,4,6,2,8,6,0,0,0,1,0,1,1,5,6,1,74,10,1999,2,4,JAGUAR E-PACE,4,E01013003,0,-1
2023052300552,2023,052300552,3,9,0,4,4,3,7,0,0,0,0,0,0,0,2,1,6,6,2,34,6,1999,2,3,JAGUAR E-PACE,1,E01006567,0,-1
2023170S12313,2023,170S12313,1,9,0,9,9,4,2,0,0,8,0,0,0,0,3,1,6,6,2,60,9,1498,8,0,JAGUAR E-PACE,9,E01033480,0,-1
2023461347305,2023,461347305,3,9,0,4,4,6,2,0,0,8,0,0,0,0,2,1,6,6,2,50,8,1999,2,4,JAGUAR E-PACE,6,E01024568,0,-1
2023520301245,2023,520301245,3,9,0,3,3,4,3,0,0,1,0,0,0,0,2,1,6,6,1,51,8,1498,8,2,JAGUAR E-PACE,10,E01009821,0,-1
2023101354083,2023,101354083,1,9,0,18,19,6,2,0,0,8,0,0,0,0,1,1,6,6,2,70,10,1998,2,1,JAGUAR E-PACE,5,E01027366,0,-1
2023052302660,2023,052302660,1,9,0,7,7,1,3,0,0,1,0,0,0,0,4,1,6,6,1,71,10,1998,2,0,JAGUAR E-PACE,8,E01005530,0,-1
2023010445755,2023,010445755,1,9,0,9,9,7,5,0,0,8,0,0,0,0,1,1,6,6,2,56,9,1999,2,3,JAGUAR E-PACE,5,E01003392,0,-1
2023010462072,2023,010462072,2,9,0,18,19,3,7,0,0,1,0,0,0,0,2,1,6,6,2,47,8,1999,2,4,JAGUAR E-PACE,-1,-1,0,-1
2023010420328,2023,010420328,1,9,0,18,19,5,1,0,0,0,0,7,0,0,1,1,6,6,1,28,6,1997,1,4,JAGUAR E-PACE,-1,-1,0,-1
2023201425946,2023,201425946,2,9,0,18,19,2,6,0,0,0,0,0,0,0,3,1,6,6,1,45,7,1498,8,0,JAGUAR E-PACE,10,E01009852,0,-1
2023041318057,2023,041318057,2,9,0,2,2,0,0,0,0,0,0,0,0,0,4,1,6,6,1,28,6,1999,2,5,JAGUAR E-PACE,9,E01025566,0,-1
2023010482644,2023,010482644,3,9,0,2,2,0,0,0,0,1,0,0,0,0,3,1,6,6,3,-1,-1,1997,1,2,JAGUAR E-PACE,-1,-1,0,-1
2023170S30543,2023,170S30543,1,9,0,18,19,1,5,0,0,0,0,0,7,0,1,1,6,6,2,36,7,1999,2,5,JAGUAR E-PACE,4,E01012285,0,-1
2023052301391,2023,052301391,2,9,0,2,2,0,0,0,0,0,0,0,0,0,4,1,6,6,3,-1,-1,1999,2,4,JAGUAR E-PACE,-1,-1,0,-1
2023061345648,2023,061345648,6,9,0,18,19,5,1,0,0,0,0,0,0,0,1,1,5,6,2,59,9,1999,2,5,JAGUAR E-PACE,10,E01019756,0,-1
2023041292564,2023,041292564,2,9,0,18,19,1,5,0,0,2,0,0,0,0,2,1,5,6,1,39,7,1999,2,5,JAGUAR E-PACE,5,E01025329,0,-1
2023161321382,2023,161321382,1,9,0,9,9,7,5,0,0,5,0,0,0,0,3,1,6,6,2,35,6,1999,2,4,JAGUAR E-PACE,7,E01026397,0,-1
2023221272913,2023,221272913,2,9,0,10,10,7,4,0,0,1,0,0,0,0,2,1,5,6,1,58,9,1998,2,2,JAGUAR E-PACE,6,E01028888,0,-1
2023421317435,2023,421317435,2,9,0,2,2,0,0,0,0,0,0,0,0,0,2,1,6,6,1,27,6,1997,1,2,JAGUAR E-PACE,6,E01021258,0,-1
2023991285661,2023,991285661,1,9,0,1,1,5,1,0,0,0,0,4,0,0,2,1,5,6,1,60,9,1999,2,5,JAGUAR E-PACE,1,-1,0,-1
2023131273899,2023,131273899,1,9,0,18,19,1,5,0,0,2,0,0,0,0,4,1,5,6,2,49,8,1998,2,2,JAGUAR E-PACE,7,E01010760,0,-1
2023131260688,2023,131260688,1,9,0,4,4,5,1,7,6,0,0,7,1,0,1,1,5,6,2,61,9,1999,2,3,JAGUAR E-PACE,4,E01010595,0,-1
2023302301975,2023,302301975,1,9,0,18,19,1,5,0,0,0,0,0,0,0,1,1,6,6,3,-1,-1,1998,2,0,JAGUAR E-PACE,-1,-1,0,-1
2023302301229,2023,302301229,1,9,0,9,9,4,2,0,0,4,0,0,0,0,4,1,6,6,2,59,9,1999,2,5,JAGUAR E-PACE,8,E01013546,0,-1
2023631357407,2023,631357407,1,17,0,18,19,5,1,0,0,0,2,0,0,0,1,2,6,6,1,68,10,854,2,2,-1,7,W01000459,0,-1
2023332300398,2023,332300398,1,17,4,18,19,4,8,0,0,0,4,0,1,4,1,1,6,6,1,51,8,854,2,3,-1,8,E01025810,0,-1
2023501392630,2023,501392630,2,17,0,18,19,2,6,0,0,0,0,0,0,0,1,1,1,1,1,34,6,854,2,4,-1,6,E01018967,0,-1
2023161369598,2023,161369598,2,17,0,9,9,3,1,0,0,0,1,0,0,0,3,1,1,1,1,38,7,854,2,2,-1,5,E01013125,0,-1
2023631318666,2023,631318666,2,3,0,18,19,1,5,0,0,1,0,0,0,0,1,1,5,6,1,17,4,125,1,7,KTM RC 125,-1,-1,0,-1
2023991363303,2023,991363303,1,3,0,18,19,8,4,0,0,0,5,10,0,0,3,1,5,6,1,17,4,125,1,1,KTM RC 125,3,-1,0,-1
2023622300640,2023,622300640,2,5,0,13,13,2,6,0,0,0,0,0,7,10,1,1,6,6,1,17,4,125,1,8,-1,4,W01001092,0,-1
2023052302185,2023,052302185,2,3,0,14,14,3,7,0,0,1,0,0,0,0,1,1,6,6,1,17,4,125,1,0,KTM RC 125,1,E01007215,0,-1
2023111293456,2023,111293456,2,3,0,18,19,3,7,0,0,1,0,0,0,0,1,1,5,6,1,19,4,125,1,7,KTM RC 125,8,E01020862,0,-1
2023010437978,2023,010437978,1,3,0,99,99,9,9,99,99,9,9,99,9,99,9,1,2,2,1,37,7,125,1,7,KTM RC 125,5,E01002492,0,-1
2023070684453,2023,070684453,2,3,0,18,19,3,7,0,0,8,0,0,0,0,1,1,6,6,1,34,6,125,1,4,KTM RC 125,-1,-1,0,-1
202360A044929,2023,60A044929,2,3,0,3,3,2,6,0,0,1,0,0,0,0,1,1,6,6,1,27,6,125,1,7,KTM RC 125,-1,-1,0,-1
2023552300458,2023,552300458,1,3,0,18,19,4,8,0,0,8,0,0,0,0,3,1,6,6,1,36,7,125,1,6,KTM RC 125,3,E01015386,0,-1
2023010467594,2023,010467594,2,3,0,3,3,7,3,0,0,8,0,0,0,0,1,1,1,1,1,23,5,125,1,6,KTM RC 125,3,E01000553,0,-1
2023010455750,2023,010455750,2,3,0,99,99,9,9,99,99,9,9,99,9,99,1,1,6,6,3,-1,-1,125,1,7,KTM RC 125,-1,-1,0,-1
2023531375909,2023,531375909,2,3,0,18,19,1,5,0,0,8,0,0,0,0,1,1,5,6,1,18,4,125,1,4,KTM RC 125,2,E01022324,0,-1
2023302400003,2023,302400003,2,5,0,16,19,4,2,0,0,1,0,0,0,0,1,1,6,6,1,29,6,125,1,6,-1,6,E01019798,0,-1
2023320031463,2023,320031463,2,3,0,18,19,6,1,0,0,1,0,0,0,0,1,1,2,2,1,23,5,125,1,8,KTM RC 125,8,E01026289,0,-1
2023471326381,2023,471326381,1,3,0,14,14,5,1,0,0,8,1,0,0,0,1,1,6,6,1,59,9,125,1,8,KTM RC 125,6,E01016933,0,-1
2023531269229,2023,531269229,1,3,0,17,19,5,1,0,0,0,2,0,7,0,1,1,5,6,1,22,5,125,1,7,KTM RC 125,-1,-1,0,-1
2023411369423,2023,411369423,1,3,0,13,13,3,7,0,0,8,1,0,0,0,4,1,5,6,1,22,5,125,1,4,KTM RC 125,8,E01017376,0,-1
2023401330943,2023,401330943,1,3,0,4,4,5,1,0,0,0,0,0,0,0,1,1,6,6,1,39,7,125,1,5,KTM RC 125,3,E01017515,0,-1
2023101372369,2023,101372369,2,3,0,18,19,6,2,0,0,4,0,0,0,0,1,1,5,6,1,20,4,125,1,7,KTM RC 125,1,E01008290,0,-1
2023471310676,2023,471310676,1,3,0,18,19,8,4,0,0,1,0,0,0,0,1,1,5,6,1,20,4,125,1,4,KTM RC 125,-1,-1,0,-1
202354B104123,2023,54B104123,2,2,0,18,19,3,7,0,0,8,0,0,0,0,1,1,6,6,1,29,6,125,1,7,-1,6,E01023155,0,-1
2023351363408,2023,351363408,1,3,0,18,19,-1,-1,0,0,1,0,0,0,0,1,1,6,6,1,17,4,125,1,6,KTM RC 125,10,E01018267,0,-1
2023501391831,2023,501391831,2,3,0,18,19,7,3,0,0,8,0,0,0,0,1,1,6,6,1,17,4,125,1,0,KTM RC 125,4,E01015175,0,-1
2023430136396,2023,430136396,1,4,0,13,13,8,4,0,0,0,0,10,0,0,1,1,6,6,1,19,4,125,1,5,-1,7,E01016840,0,-1
202360A122403,2023,60A122403,1,3,0,16,19,8,4,0,0,1,1,0,0,0,1,1,6,6,1,20,4,125,1,7,KTM RC 125,-1,-1,0,-1
2023010471981,2023,010471981,1,4,0,15,15,1,5,0,0,0,0,0,0,0,1,1,6,6,1,26,6,125,1,5,-1,-1,-1,0,-1
2023361381082,2023,361381082,1,3,0,16,19,5,1,9,9,1,0,0,1,4,4,1,5,6,1,17,4,125,1,6,KTM RC 125,6,E01026430,0,-1
2023471268065,2023,471268065,2,3,0,18,19,4,1,0,0,0,0,0,0,0,1,1,5,6,1,18,4,125,1,3,KTM RC 125,7,E01031766,0,-1
2023421335431,2023,421335431,1,4,0,15,15,3,7,0,0,0,2,7,0,0,1,1,6,6,1,45,7,125,1,1,-1,2,E01022046,0,-1
2023161352979,2023,161352979,1,3,0,18,19,3,7,0,0,1,0,0,0,0,3,1,1,1,2,17,4,125,1,8,KTM RC 125,1,E01012779,0,-1
2023421304568,2023,421304568,2,3,0,18,19,1,5,0,0,8,2,0,0,0,1,1,1,1,1,30,6,125,1,8,KTM RC 125,2,E01022046,0,-1
2023161274950,2023,161274950,1,3,0,3,3,6,2,0,0,0,0,0,0,0,2,1,2,2,1,21,5,125,1,5,KTM RC 125,3,E01013231,0,-1
2023161271865,2023,161271865,1,3,0,18,19,1,5,0,0,0,0,0,0,0,1,1,5,6,1,43,7,125,1,4,KTM RC 125,7,E01013034,0,-1
2023131352013,2023,131352013,2,3,0,18,19,5,1,0,0,8,0,0,7,0,4,1,6,6,1,26,6,125,1,3,KTM RC 125,6,E01011425,0,-1
2023471318789,2023,471318789,2,3,0,3,3,4,8,0,0,0,0,0,0,0,4,1,1,1,1,25,5,125,1,5,KTM RC 125,3,E01031559,0,-1
2023010434261,2023,010434261,2,4,0,18,19,7,3,0,0,1,0,0,0,0,1,1,2,2,1,23,5,125,1,7,-1,3,E01003531,0,-1
2023320357505,2023,320357505,1,3,0,18,19,2,6,0,0,0,0,0,0,0,1,1,2,2,1,21,5,125,1,7,KTM RC 125,8,E01015628,0,-1
2023440426466,2023,440426466,2,4,0,3,3,8,4,0,0,1,0,0,0,0,2,1,6,6,1,58,9,124,1,0,-1,8,E01023080,0,-1
2023141330843,2023,141330843,2,3,0,18,19,5,1,0,0,8,0,0,0,0,1,1,2,2,2,19,4,124,1,1,-1,5,E01019827,0,-1
2023351330547,2023,351330547,2,3,0,18,19,1,5,0,0,1,5,0,1,0,1,1,1,1,1,21,5,124,1,0,-1,7,E01018210,0,-1
2023421389909,2023,421389909,1,3,0,18,19,4,1,0,0,4,1,0,0,0,4,1,6,6,1,18,4,124,1,1,-1,7,E01021413,0,-1
2023070982206,2023,070982206,2,3,0,18,19,3,7,0,0,8,0,0,0,0,1,1,1,1,1,17,4,124,1,1,-1,4,E01006104,0,-1
2023471377336,2023,471377336,1,3,0,16,19,1,4,0,0,2,5,0,0,0,1,1,6,6,1,39,7,124,1,1,-1,8,E01021223,0,-1
2023440506690,2023,440506690,1,3,0,18,19,3,7,0,0,0,1,4,2,11,1,1,1,1,1,24,5,124,1,2,-1,3,E01032738,0,-1
2023061331219,2023,061331219,2,3,0,18,19,8,5,0,0,1,0,0,0,0,1,1,5,6,1,22,5,124,1,0,-1,1,E01032557,0,-1
2023552300067,2023,552300067,2,4,0,18,19,7,3,0,0,8,0,0,0,0,1,1,2,2,1,26,6,125,1,7,-1,8,E01022997,0,-1
2023461297227,2023,461297227,2,4,0,18,19,5,1,0,0,0,0,0,0,0,1,1,6,6,1,25,5,125,1,7,-1,1,E01024678,0,-1
2023371305692,2023,371305692,1,3,0,18,19,5,1,0,0,8,0,0,0,0,4,1,6,6,1,17,4,125,1,7,-1,8,E01030086,0,-1
2023421359658,2023,421359658,2,3,0,18,19,6,2,0,0,1,0,0,0,0,1,1,5,6,1,19,4,125,1,7,-1,7,E01021857,0,-1
2023440108589,2023,440108589,1,3,0,18,19,6,2,0,0,2,0,0,0,0,1,1,6,6,1,17,4,125,1,7,-1,4,E01017171,0,-1
2023122300951,2023,122300951,1,3,0,7,7,5,7,0,0,5,0,0,0,0,3,1,6,6,1,18,4,124,1,7,-1,9,E01013365,0,-1
2023440078886,2023,440078886,2,3,0,18,19,2,6,0,0,1,0,0,0,0,1,1,6,6,1,22,5,124,1,8,-1,4,E01023204,0,-1
2023461285216,2023,461285216,2,3,0,18,19,1,5,9,9,8,1,0,3,0,1,1,6,6,1,15,3,124,1,7,-1,2,E01024741,0,-1
2023111339406,2023,111339406,1,4,0,13,13,6,3,0,0,1,0,0,0,0,1,1,6,6,1,39,7,124,1,8,-1,3,E01020616,0,-1
2023101261208,2023,101261208,2,3,0,18,19,2,6,-1,-1,0,1,0,0,0,1,1,5,6,1,30,6,124,1,7,-1,1,E01033547,0,-1
2023161342355,2023,161342355,1,3,0,18,19,3,7,0,0,0,0,0,0,0,1,1,2,2,1,30,6,124,1,9,-1,3,E01013086,0,-1
2023041282021,2023,041282021,1,3,0,14,14,1,1,0,0,1,0,0,0,0,1,1,5,6,1,19,4,124,1,8,-1,4,E01033072,0,-1
2023320677919,2023,320677919,2,3,0,18,19,4,8,0,0,1,1,0,0,11,1,1,6,6,1,30,6,124,1,6,-1,-1,-1,0,-1
2023141348788,2023,141348788,2,3,0,11,11,6,2,0,0,8,5,0,0,0,1,1,6,6,1,-1,-1,124,1,7,-1,6,E01013072,0,-1
2023501306376,2023,501306376,1,3,0,18,19,7,5,0,0,0,5,0,0,0,1,1,6,6,1,18,4,124,1,7,-1,3,E01019062,0,-1
2023541744123,2023,541744123,1,9,0,9,9,6,4,0,0,6,0,0,0,0,3,1,6,6,2,56,9,2488,1,7,MAZDA MODEL MISSING,8,E01032047,0,-1
2023531304847,2023,531304847,2,9,0,18,19,7,3,0,0,0,0,0,0,0,1,1,5,6,1,61,9,1590,1,33,MAZDA MODEL MISSING,1,E01022289,0,-1
2023471350666,2023,471350666,3,9,0,2,2,0,0,0,0,0,0,0,0,0,3,1,6,6,3,-1,-1,2191,2,6,MAZDA MODEL MISSING,-1,-1,0,-1
2023501341266,2023,501341266,1,9,5,18,19,2,6,0,0,0,2,11,0,0,1,1,5,6,2,49,8,2490,7,24,MAZDA MODEL MISSING,4,E01018895,0,-1
2023070016135,2023,070016135,1,9,0,16,19,7,1,0,0,3,1,0,0,1,1,1,6,6,2,19,4,1800,1,28,MAZDA MODEL MISSING,8,E01018465,0,-1
2023430400632,2023,430400632,1,9,0,9,9,2,7,0,0,6,0,0,0,0,1,1,6,6,2,20,4,1839,1,25,MAZDA MODEL MISSING,7,E01017673,0,-1