collision_index,collision_year,collision_ref_no,vehicle_reference,vehicle_type,towing_and_articulation,vehicle_manoeuvre_historic,vehicle_manoeuvre,vehicle_direction_from,vehicle_direction_to,vehicle_location_restricted_lane_historic,vehicle_location_restricted_lane,junction_location,skidding_and_overturning,hit_object_in_carriageway,vehicle_leaving_carriageway,hit_object_off_carriageway,first_point_of_impact,vehicle_left_hand_drive,journey_purpose_of_driver_historic,journey_purpose_of_driver,sex_of_driver,age_of_driver,age_band_of_driver,engine_capacity_cc,propulsion_code,age_of_vehicle,generic_make_model,driver_imd_decile,lsoa_of_driver,escooter_flag,driver_distance_banding
2023631342756,2023,631342756,1,9,0,9,9,1,6,0,0,5,0,0,0,0,4,1,5,6,1,72,10,2490,1,21,MAZDA MODEL MISSING,10,E01022315,0,-1
2023501347375,2023,501347375,1,9,0,16,19,6,2,0,0,1,5,0,2,10,4,1,5,6,1,27,6,1839,1,26,MAZDA MODEL MISSING,7,E01020106,0,-1
2023371389584,2023,371389584,2,9,0,18,19,5,1,0,0,0,0,0,0,0,0,1,1,1,1,30,6,1800,1,15,MAZDA MODEL MISSING,-1,-1,0,-1
2023440168276,2023,440168276,1,9,0,16,19,8,5,0,0,0,0,0,0,0,1,1,6,6,1,25,5,1597,1,30,MAZDA MODEL MISSING,7,E01023074,0,-1
2023991309608,2023,991309608,1,9,0,18,19,1,5,0,0,0,2,0,0,0,0,1,5,6,2,47,8,2000,1,19,MAZDA MODEL MISSING,10,-1,0,-1
2023010465870,2023,010465870,2,9,0,99,99,9,9,99,99,9,9,99,9,99,1,9,6,6,1,53,8,2191,2,7,MAZDA MODEL MISSING,6,E01002618,0,-1
2023351363934,2023,351363934,2,9,0,18,19,5,1,0,0,0,0,0,0,0,2,1,6,6,2,46,8,2490,2,27,MAZDA MODEL MISSING,10,E01027049,0,-1
2023302301219,2023,302301219,1,9,0,16,19,2,5,0,0,0,2,0,7,0,1,1,6,6,1,20,4,1800,1,30,MAZDA MODEL MISSING,6,E01008006,0,-1
2023231337204,2023,231337204,2,9,0,18,19,6,2,0,0,8,1,0,0,0,3,1,2,2,2,33,6,1800,1,29,MAZDA MODEL MISSING,7,E01031324,0,-1
2023461384163,2023,461384163,2,9,0,18,19,8,4,0,0,1,0,0,0,0,1,1,6,6,1,53,8,2191,2,9,MAZDA MODEL MISSING,8,E01024053,0,-1
2023501373210,2023,501373210,1,9,0,16,19,3,6,0,0,0,2,10,7,11,3,1,6,6,1,21,5,1590,1,31,MAZDA MODEL MISSING,5,E01020339,0,-1
2023471345589,2023,471345589,2,9,0,13,13,7,3,0,0,1,0,0,1,4,4,1,2,2,2,18,4,1590,1,32,MAZDA MODEL MISSING,6,E01030843,0,-1
2023451341258,2023,451341258,2,9,0,18,19,1,5,0,0,1,0,0,0,0,1,2,5,6,1,84,11,5100,1,64,-1,6,E01031709,0,-1
2023131328604,2023,131328604,1,2,0,18,19,3,7,0,0,0,0,0,0,0,0,1,6,6,1,17,4,49,1,9,PIAGGIO ZIP,1,E01011901,0,-1
2023421347207,2023,421347207,1,2,0,13,13,2,6,0,0,0,0,0,0,0,1,1,6,6,1,17,4,49,1,1,PIAGGIO ZIP,8,E01022052,0,-1
2023010446922,2023,010446922,1,2,0,4,4,5,1,0,0,0,2,0,0,0,2,1,1,1,1,55,8,49,1,1,PIAGGIO ZIP,2,E01000958,0,-1
2023122300050,2023,122300050,1,2,0,18,19,5,1,0,0,0,1,10,0,0,4,1,6,6,2,51,8,49,1,17,PIAGGIO ZIP,6,E01027842,0,-1
2023471317399,2023,471317399,1,2,0,18,19,6,2,0,0,1,0,0,0,0,1,1,6,6,1,18,4,49,1,10,PIAGGIO ZIP,6,E01020999,0,-1
2023411393881,2023,411393881,1,3,0,18,19,3,7,0,0,0,1,0,0,0,1,1,5,6,1,19,4,-1,-1,-1,-1,6,E01023570,0,-1
2023440076287,2023,440076287,2,2,0,18,19,7,3,0,0,0,0,0,0,0,2,1,6,6,1,17,4,96,1,16,PIAGGIO ZIP,7,E01032663,0,-1
2023311287349,2023,311287349,2,3,0,18,19,5,1,0,0,1,0,0,0,0,1,1,6,6,1,16,4,-1,-1,-1,-1,3,E01028297,0,-1
2023461310781,2023,461310781,2,2,0,18,19,7,3,0,0,8,0,0,0,0,1,1,6,6,1,16,4,49,1,5,PIAGGIO ZIP,9,E01016147,0,-1
2023101363443,2023,101363443,1,2,0,9,9,1,6,0,0,2,0,0,0,0,1,1,6,6,3,16,4,49,1,11,PIAGGIO ZIP,-1,-1,0,-1
2023131334501,2023,131334501,1,2,0,18,19,7,3,0,0,1,0,0,0,0,4,1,5,6,1,16,4,49,1,12,PIAGGIO ZIP,3,E01011060,0,-1
2023161381128,2023,161381128,1,2,0,18,19,7,3,2,2,8,0,0,0,0,1,1,2,2,1,39,7,50,1,17,PIAGGIO ZIP,1,E01012788,0,-1
2023010478431,2023,010478431,1,2,0,18,19,6,2,0,0,1,0,0,0,0,1,1,6,6,1,17,4,49,1,12,PIAGGIO ZIP,9,E01002956,0,-1
2023311263952,2023,311263952,1,3,0,18,19,7,3,0,0,0,0,0,0,0,1,1,2,2,1,30,6,-1,-1,-1,-1,3,E01028257,0,-1
2023161305442,2023,161305442,1,2,0,18,19,1,5,0,0,8,0,0,0,0,1,1,6,6,1,16,4,49,1,7,PIAGGIO ZIP,1,E01013000,0,-1
2023440025019,2023,440025019,1,2,0,9,9,3,5,0,0,6,0,0,0,0,3,1,2,2,2,63,9,50,1,4,PIAGGIO ZIP,2,E01022934,0,-1
2023461381311,2023,461381311,1,2,0,18,19,1,5,0,0,0,1,0,0,0,3,1,6,6,1,16,4,49,1,22,PIAGGIO ZIP,1,E01024666,0,-1
2023302301827,2023,302301827,2,3,0,17,19,5,4,0,0,8,0,0,0,0,3,1,1,1,1,16,4,-1,-1,-1,-1,5,E01019582,0,-1
2023522301222,2023,522301222,2,2,0,16,19,5,7,0,0,1,1,0,0,0,1,1,6,6,1,17,4,49,1,18,PIAGGIO ZIP,7,E01015017,0,-1
2023501324928,2023,501324928,1,2,0,9,9,2,7,0,0,3,5,0,1,0,4,1,5,6,2,16,4,49,1,21,PIAGGIO ZIP,3,E01020294,0,-1
2023471305850,2023,471305850,2,2,0,18,19,1,5,0,0,0,0,0,0,0,3,1,4,7,1,18,4,49,1,7,PIAGGIO ZIP,4,E01016925,0,-1
2023010466473,2023,010466473,1,2,0,18,19,3,7,0,0,2,0,0,0,0,2,1,6,6,1,56,9,49,1,2,PIAGGIO ZIP,-1,-1,0,-1
2023522300953,2023,522300953,2,4,0,18,19,5,1,0,0,0,0,0,0,0,1,1,6,6,1,21,5,-1,-1,-1,-1,5,E01014671,0,-1
2023320357795,2023,320357795,1,3,0,18,19,2,6,0,0,0,2,0,0,0,0,1,6,6,1,17,4,-1,-1,-1,-1,8,E01032996,0,-1
2023411394431,2023,411394431,2,9,0,4,4,4,8,0,0,2,0,0,0,0,1,1,5,6,1,77,11,1985,1,40,-1,5,E01001658,0,-1
2023421368902,2023,421368902,2,3,0,15,15,4,1,0,0,1,0,0,0,0,4,1,6,6,1,56,9,125,1,0,-1,3,E01015843,0,-1
2023041341654,2023,041341654,1,9,0,18,19,3,3,0,0,0,0,0,0,0,1,1,5,6,1,56,9,996,1,8,SUZUKI ALTO,1,E01024876,0,-1
2023201362077,2023,201362077,2,9,0,7,7,4,6,0,0,6,0,0,0,0,3,1,1,1,2,59,9,996,1,10,SUZUKI ALTO,2,E01010028,0,-1
2023552400034,2023,552400034,1,9,0,18,19,7,3,0,0,0,0,0,0,0,1,1,6,6,2,19,4,996,1,8,SUZUKI ALTO,8,E01020504,0,-1
2023061338090,2023,061338090,2,9,0,18,19,1,5,0,0,0,0,0,0,0,1,1,6,6,2,44,7,996,1,10,SUZUKI ALTO,5,E01006304,0,-1
2023201339291,2023,201339291,1,9,0,18,19,7,3,0,0,0,0,0,0,0,1,1,6,6,1,42,7,996,1,10,SUZUKI ALTO,4,E01009085,0,-1
2023421390904,2023,421390904,1,9,0,-1,-1,-1,-1,-1,-1,-1,-1,-1,-1,0,-1,1,6,6,1,-1,-1,996,1,12,SUZUKI ALTO,2,E01015844,0,-1
2023461394724,2023,461394724,5,9,0,18,19,3,7,0,0,0,0,0,0,0,3,1,6,6,1,52,8,996,1,12,SUZUKI ALTO,4,E01016074,0,-1
2023440225239,2023,440225239,1,9,0,9,9,8,6,0,0,8,1,0,0,0,4,1,6,6,1,18,4,996,1,14,SUZUKI ALTO,8,E01022604,0,-1
2023201274840,2023,201274840,1,9,0,18,19,3,7,0,0,2,0,0,0,0,1,1,6,6,1,24,5,996,1,9,SUZUKI ALTO,1,E01009194,0,-1
2023622300830,2023,622300830,4,9,0,2,2,0,0,0,0,0,0,0,0,0,2,1,6,6,3,-1,-1,996,1,9,SUZUKI ALTO,-1,-1,0,-1
2023131391582,2023,131391582,1,9,0,18,19,1,5,0,0,0,0,0,0,0,1,1,5,6,2,29,6,996,1,12,SUZUKI ALTO,5,E01011765,0,-1
2023070734834,2023,070734834,1,9,0,18,19,1,5,0,0,0,0,0,0,0,4,1,6,6,2,-1,-1,996,1,9,SUZUKI ALTO,7,E01012524,0,-1
2023141326414,2023,141326414,1,9,0,18,19,4,8,9,9,2,1,0,3,11,3,1,6,6,1,21,5,996,1,13,SUZUKI ALTO,2,E01008101,0,-1
2023041334305,2023,041334305,1,9,0,7,7,7,3,0,0,3,0,0,0,0,4,1,5,6,2,73,10,996,1,11,SUZUKI ALTO,2,E01025124,0,-1
2023430152486,2023,430152486,1,9,0,4,4,5,1,0,0,0,0,0,0,0,1,1,6,6,2,50,8,996,1,12,SUZUKI ALTO,-1,-1,0,-1
2023010447698,2023,010447698,2,9,0,99,99,9,9,99,99,9,9,99,9,99,9,9,6,6,3,-1,-1,996,1,14,SUZUKI ALTO,-1,-1,0,-1
2023131329069,2023,131329069,2,9,0,18,19,7,3,0,0,8,0,0,0,0,3,1,6,6,2,25,5,996,1,10,SUZUKI ALTO,6,E01011425,0,-1
2023052302158,2023,052302158,1,9,0,5,5,2,6,0,0,6,0,10,0,0,1,1,2,2,2,26,6,1061,1,19,SUZUKI ALTO,5,E01025243,0,-1
2023311342401,2023,311342401,1,9,0,9,9,7,4,0,0,8,0,0,0,0,3,1,5,6,1,21,5,996,1,14,SUZUKI ALTO,-1,-1,0,-1
2023361279688,2023,361279688,1,9,0,18,19,7,3,0,0,0,0,0,0,0,2,1,5,6,1,62,9,996,1,9,SUZUKI ALTO,2,E01015610,0,-1
2023302301898,2023,302301898,8,9,0,4,4,8,4,0,0,0,1,1,0,0,3,1,2,2,1,61,9,996,1,11,SUZUKI ALTO,4,E01013493,0,-1
2023531392000,2023,531392000,1,9,0,16,19,7,3,0,0,0,5,0,1,11,1,1,1,1,1,18,4,1061,1,19,SUZUKI ALTO,6,E01022253,0,-1
2023010457688,2023,010457688,1,9,0,18,19,5,1,0,0,0,0,0,0,0,2,1,6,6,2,36,7,996,1,9,SUZUKI ALTO,5,E01016392,0,-1
2023401311279,2023,401311279,1,9,0,5,5,5,1,0,0,1,0,0,0,0,1,1,5,6,2,56,9,996,1,11,SUZUKI ALTO,9,E01017414,0,-1
2023201438161,2023,201438161,2,9,0,18,19,2,6,0,0,8,0,0,0,0,1,1,1,1,1,24,5,996,1,12,SUZUKI ALTO,1,E01033648,0,-1
2023010482996,2023,010482996,2,9,0,99,99,9,9,99,99,9,9,99,9,99,1,9,6,6,3,43,7,996,1,10,SUZUKI ALTO,3,E01001969,0,-1
2023010481670,2023,010481670,1,9,0,3,3,1,5,0,0,4,0,0,0,0,2,1,6,6,2,21,5,996,1,13,SUZUKI ALTO,6,E01002126,0,-1
2023052300641,2023,052300641,2,9,0,18,19,3,7,0,0,0,0,0,0,0,3,1,6,6,1,27,6,996,1,9,SUZUKI ALTO,7,E01006885,0,-1
2023201314895,2023,201314895,1,9,0,9,9,6,4,0,0,6,0,0,0,0,3,1,6,6,2,19,4,996,1,10,SUZUKI ALTO,3,E01010538,0,-1
2023221323678,2023,221323678,1,9,0,9,9,4,2,0,0,5,0,0,0,0,1,1,1,1,2,24,5,996,1,10,SUZUKI ALTO,9,E01032183,0,-1
2023622300874,2023,622300874,1,9,0,18,19,8,4,0,0,0,2,0,0,0,4,1,2,2,2,43,7,996,1,10,SUZUKI ALTO,4,W01001899,0,-1
2023320576883,2023,320576883,1,9,0,18,19,2,6,0,0,8,0,0,0,0,4,1,6,6,1,40,7,996,1,14,SUZUKI ALTO,-1,-1,0,-1
2023991319766,2023,991319766,1,9,0,3,3,2,6,0,0,1,0,0,0,0,2,1,6,6,2,51,8,996,1,14,SUZUKI ALTO,-1,-1,0,-1
2023522400945,2023,522400945,1,9,0,18,19,1,5,0,0,0,0,0,0,0,1,1,6,6,1,61,9,996,1,10,SUZUKI ALTO,8,E01014981,0,-1
2023440216286,2023,440216286,1,9,0,9,9,1,7,0,0,6,0,0,0,0,3,1,6,6,2,19,4,996,1,9,SUZUKI ALTO,7,E01023196,0,-1
2023340NN0522,2023,340NN0522,1,9,0,6,6,4,4,0,0,0,0,0,0,0,3,1,2,2,2,56,9,996,1,10,SUZUKI ALTO,5,E01027062,0,-1
2023622300324,2023,622300324,2,9,0,18,19,1,5,0,0,1,0,0,1,1,4,1,6,6,2,49,8,1061,1,17,SUZUKI ALTO,2,W01001067,0,-1
2023440178157,2023,440178157,1,9,0,18,19,6,2,0,0,0,0,0,0,0,1,1,2,2,1,27,6,996,1,12,SUZUKI ALTO,10,E01023233,0,-1
2023131289221,2023,131289221,1,9,0,18,19,7,3,0,0,8,0,0,0,0,1,1,6,6,2,22,5,996,1,9,SUZUKI ALTO,3,E01011172,0,-1
2023421381123,2023,421381123,1,9,0,9,9,3,1,0,0,8,0,0,0,0,4,1,2,2,2,54,8,996,1,13,SUZUKI ALTO,2,E01021318,0,-1
2023071091382,2023,071091382,1,9,0,9,9,5,3,0,0,8,0,0,0,0,1,1,6,6,2,72,10,996,1,9,SUZUKI ALTO,3,E01012368,0,-1
2023471339506,2023,471339506,2,9,0,16,19,1,5,0,0,0,0,0,0,0,1,1,6,6,1,22,5,996,1,10,SUZUKI ALTO,4,E01016898,0,-1
2023141370964,2023,141370964,2,9,0,18,19,2,6,0,0,1,0,0,0,0,1,1,5,6,1,26,6,996,1,9,SUZUKI ALTO,2,E01007806,0,-1
2023221353458,2023,221353458,1,9,0,18,19,3,7,0,0,8,0,0,0,0,1,1,6,6,1,32,6,996,1,9,SUZUKI ALTO,5,E01014099,0,-1
2023201420436,2023,201420436,2,9,0,9,9,6,2,0,0,5,0,0,0,0,3,1,6,6,2,50,8,996,1,11,SUZUKI ALTO,2,E01009906,0,-1
2023440408645,2023,440408645,2,9,0,18,19,8,4,0,0,8,0,0,0,0,1,1,6,6,2,62,9,996,1,11,SUZUKI ALTO,4,E01022810,0,-1
2023061388467,2023,061388467,1,9,0,18,19,1,1,0,0,0,0,0,0,0,1,1,5,6,1,78,11,996,1,9,SUZUKI ALTO,2,E01006397,0,-1
2023101294649,2023,101294649,1,9,0,18,19,5,1,0,0,1,0,0,0,0,1,1,6,6,2,31,6,996,1,9,SUZUKI ALTO,6,E01008559,0,-1
2023201411342,2023,201411342,2,9,0,5,5,5,2,0,0,6,0,0,0,0,3,1,6,6,1,69,10,996,1,12,SUZUKI ALTO,6,E01010133,0,-1
2023010419718,2023,010419718,1,9,0,7,7,3,6,0,0,3,0,0,0,0,1,1,3,7,2,39,7,996,1,14,SUZUKI ALTO,4,E01001376,0,-1
2023351287375,2023,351287375,1,9,0,18,19,5,1,0,0,2,0,0,0,0,1,1,3,7,2,34,6,996,1,11,SUZUKI ALTO,2,E01015657,0,-1
2023552300436,2023,552300436,1,9,0,18,19,1,5,0,0,0,5,0,1,0,1,1,2,2,2,19,4,996,1,10,SUZUKI ALTO,7,E01029155,0,-1
2023991389510,2023,991389510,1,9,0,4,4,7,3,0,0,0,0,0,0,0,1,1,5,6,2,20,4,996,1,13,SUZUKI ALTO,4,-1,0,-1
2023131305043,2023,131305043,1,9,0,1,1,5,1,0,0,0,0,0,0,0,4,1,5,6,1,76,11,996,1,11,SUZUKI ALTO,1,E01011559,0,-1
2023991321802,2023,991321802,1,9,0,18,19,1,8,0,0,2,0,0,1,0,3,1,6,6,1,43,7,996,1,14,SUZUKI ALTO,3,-1,0,-1
2023471392833,2023,471392833,1,9,0,18,19,4,8,0,0,0,0,4,0,0,1,1,5,6,2,87,11,996,1,12,SUZUKI ALTO,5,E01021089,0,-1
2023541341123,2023,541341123,1,9,0,18,19,1,5,0,0,0,0,0,7,0,1,1,6,6,2,75,10,996,1,11,SUZUKI ALTO,6,E01032037,0,-1
2023010420779,2023,010420779,2,9,0,99,99,9,9,99,99,9,9,99,9,99,1,9,6,6,3,-1,-1,996,1,8,SUZUKI ALTO,-1,-1,0,-1
2023201400897,2023,201400897,1,9,0,18,19,7,3,0,0,6,0,10,7,11,1,1,6,6,1,34,6,996,1,12,SUZUKI ALTO,2,E01010521,0,-1
2023052300202,2023,052300202,1,9,0,9,9,5,3,0,0,6,0,0,0,0,1,1,6,6,2,68,10,996,1,13,SUZUKI ALTO,9,E01006886,0,-1
2023440190893,2023,440190893,1,9,0,18,19,4,8,0,0,0,5,0,5,6,3,1,2,2,2,32,6,996,1,9,SUZUKI ALTO,5,E01017254,0,-1
2023461280086,2023,461280086,1,9,0,9,9,1,7,0,0,5,0,0,0,0,3,1,5,6,2,35,6,996,1,13,SUZUKI ALTO,9,E01024835,0,-1
2023547487223,2023,547487223,2,9,0,18,19,8,4,0,0,1,0,0,0,0,1,1,6,6,2,29,6,996,1,9,SUZUKI ALTO,3,E01032094,0,-1
2023141379105,2023,141379105,2,9,0,12,12,1,5,0,0,0,0,0,0,0,1,1,5,6,1,69,10,996,1,12,SUZUKI ALTO,10,E01007896,0,-1
2023501359540,2023,501359540,1,9,0,9,9,4,1,0,0,0,0,0,0,0,1,1,6,6,1,27,6,996,1,14,SUZUKI ALTO,2,E01015210,0,-1
2023070300695,2023,070300695,1,9,0,6,6,7,3,0,0,2,0,0,0,0,3,1,6,6,1,36,7,996,1,14,SUZUKI ALTO,2,W01000029,0,-1
2023131388624,2023,131388624,1,9,0,7,7,4,3,0,0,0,0,0,0,0,1,1,6,6,3,-1,-1,996,1,11,SUZUKI ALTO,-1,-1,0,-1
2023010437417,2023,010437417,1,9,0,99,99,9,9,99,99,9,9,99,9,99,9,9,2,2,2,25,5,996,1,9,SUZUKI ALTO,2,E01003350,0,-1
2023131384001,2023,131384001,2,9,0,10,10,5,3,0,0,5,0,0,0,0,3,1,5,6,2,19,4,996,1,14,SUZUKI ALTO,1,E01011494,0,-1
2023101297861,2023,101297861,1,9,0,18,19,1,5,0,0,0,0,0,0,0,1,1,6,6,1,34,6,996,1,10,SUZUKI ALTO,2,E01008474,0,-1
2023141353754,2023,141353754,1,9,0,16,19,2,6,0,0,0,2,0,1,9,1,1,2,2,1,18,4,996,1,14,SUZUKI ALTO,1,E01007730,0,-1
2023471302463,2023,471302463,2,9,0,16,19,6,1,0,0,0,0,0,0,0,2,1,5,6,1,78,11,996,1,10,SUZUKI ALTO,8,E01021086,0,-1
2023541681123,2023,541681123,1,9,0,4,4,2,6,0,0,0,0,0,0,0,2,1,6,6,2,84,11,996,1,10,SUZUKI ALTO,3,E01020228,0,-1
2023471290526,2023,471290526,1,9,0,16,19,7,3,0,0,0,5,0,7,0,1,1,6,6,1,19,4,996,1,13,SUZUKI ALTO,4,E01004124,0,-1
2023010477237,2023,010477237,2,9,0,18,19,1,5,0,0,1,0,0,0,0,1,2,6,6,1,27,6,996,1,10,SUZUKI ALTO,10,E01002458,0,-1
2023531271177,2023,531271177,1,9,0,17,19,2,6,0,0,0,0,4,0,0,1,1,5,6,1,75,10,996,1,11,SUZUKI ALTO,10,E01022426,0,-1
2023010444139,2023,010444139,1,9,0,7,7,1,3,0,0,5,0,0,1,10,1,1,6,6,1,19,4,996,1,12,SUZUKI ALTO,3,E01004448,0,-1
2023451373191,2023,451373191,2,9,0,18,19,5,1,0,0,0,0,0,0,0,1,1,5,6,2,20,4,996,1,14,SUZUKI ALTO,3,E01004123,0,-1
2023991385719,2023,991385719,1,9,0,18,19,2,6,0,0,0,5,0,1,0,4,1,5,6,2,21,5,996,1,11,SUZUKI ALTO,4,-1,0,-1
2023201323440,2023,201323440,1,9,0,18,19,4,8,0,0,2,0,0,0,0,1,1,6,6,2,25,5,996,1,13,SUZUKI ALTO,1,E01009271,0,-1
2023131284146,2023,131284146,1,9,0,18,19,4,8,0,0,1,0,0,0,0,1,1,1,1,1,34,6,996,1,9,SUZUKI ALTO,2,E01011813,0,-1
2023052300351,2023,052300351,2,9,0,4,4,3,1,0,0,1,0,0,0,0,2,1,6,6,1,38,7,1061,1,17,SUZUKI ALTO,1,E01006771,0,-1
2023631318777,2023,631318777,1,9,0,18,19,3,7,0,0,8,1,0,3,10,1,1,5,6,1,19,4,996,1,10,SUZUKI ALTO,8,E01019908,0,-1
2023351383331,2023,351383331,1,9,0,18,19,2,6,0,0,0,0,0,0,0,1,1,6,6,3,-1,-1,996,1,10,SUZUKI ALTO,-1,-1,0,-1
2023471290875,2023,471290875,2,9,0,7,7,5,1,0,0,1,0,0,0,0,4,1,5,6,2,55,8,996,1,10,SUZUKI ALTO,-1,-1,0,-1
2023061396665,2023,061396665,1,9,-1,18,19,-1,-1,0,0,0,0,0,0,0,-1,1,6,6,3,-1,-1,996,1,10,SUZUKI ALTO,-1,-1,0,-1
2023991379421,2023,991379421,3,9,0,4,4,4,8,0,0,0,0,0,0,0,1,1,6,6,1,75,10,996,1,9,SUZUKI ALTO,4,-1,0,-1
2023010425598,2023,010425598,2,9,0,99,99,9,9,99,99,9,9,99,9,99,2,9,6,6,3,-1,-1,996,1,9,SUZUKI ALTO,-1,-1,0,-1
2023522300573,2023,522300573,1,9,0,9,9,4,1,0,0,5,0,0,0,0,4,1,6,6,2,44,7,996,1,14,SUZUKI ALTO,4,E01014567,0,-1
2023340WN0272,2023,340WN0272,1,9,0,17,19,6,2,0,0,0,1,0,2,4,1,1,6,6,2,18,4,996,1,14,SUZUKI ALTO,5,E01027091,0,-1
2023061267011,2023,061267011,2,9,0,4,4,8,4,0,0,1,0,0,0,0,2,1,6,6,2,51,8,996,1,8,SUZUKI ALTO,1,E01004827,0,-1
2023061306832,2023,061306832,3,9,0,2,2,0,0,9,9,2,0,0,0,0,1,1,6,6,3,-1,-1,1061,1,19,SUZUKI ALTO,-1,-1,0,-1
2023991295158,2023,991295158,1,9,0,12,12,5,1,0,0,0,0,0,0,0,1,1,6,6,2,82,11,996,1,10,SUZUKI ALTO,9,-1,0,-1
2023320451045,2023,320451045,1,9,0,18,19,2,4,0,0,1,0,0,0,0,1,1,6,6,1,-1,-1,1061,1,19,SUZUKI ALTO,-1,-1,0,-1
2023231298528,2023,231298528,1,9,0,18,19,4,8,0,0,1,0,0,0,0,1,1,5,6,2,75,10,996,1,10,SUZUKI ALTO,7,E01031137,0,-1
2023201277778,2023,201277778,3,9,0,3,3,1,5,0,0,1,0,0,0,0,2,1,6,6,2,-1,-1,996,1,9,SUZUKI ALTO,5,E01009248,0,-1
2023052301816,2023,052301816,1,9,0,18,19,1,5,0,0,0,0,0,0,0,1,1,6,6,2,55,8,1061,1,18,SUZUKI ALTO,3,E01007060,0,-1
2023340NN1532,2023,340NN1532,1,9,0,9,9,5,3,0,0,5,0,0,0,0,4,1,6,6,1,62,9,996,1,10,SUZUKI ALTO,9,E01025805,0,-1
202363C011723,2023,63C011723,1,9,0,18,19,5,1,0,0,2,0,4,0,0,1,1,6,6,1,86,11,996,1,10,SUZUKI ALTO,6,W01000560,0,-1
2023622300108,2023,622300108,2,9,0,4,4,8,4,0,0,1,0,0,0,0,2,1,6,6,2,22,5,996,1,12,SUZUKI ALTO,1,W01000866,0,-1
2023411393847,2023,411393847,1,9,0,11,11,6,2,0,0,0,1,0,0,0,3,1,2,2,1,36,7,996,1,14,SUZUKI ALTO,3,E01021641,0,-1
2023552300882,2023,552300882,1,9,0,18,19,7,3,0,0,0,0,0,0,0,1,1,6,6,2,84,11,996,1,13,SUZUKI ALTO,5,E01019947,0,-1
2023501316578,2023,501316578,1,9,0,17,19,1,5,0,0,0,5,0,2,10,1,1,5,6,2,88,11,996,1,9,SUZUKI ALTO,5,E01020331,0,-1
2023302300811,2023,302300811,3,9,0,18,19,2,6,0,0,0,0,0,0,0,1,1,6,6,2,23,5,996,1,12,SUZUKI ALTO,9,E01019678,0,-1
2023131380064,2023,131380064,1,9,0,13,13,3,7,0,0,1,0,0,0,0,1,1,6,6,2,-1,-1,996,1,11,SUZUKI ALTO,10,E01011380,0,-1
2023622301040,2023,622301040,2,9,0,18,19,4,8,0,0,0,0,0,0,0,1,1,6,6,1,38,7,996,1,10,SUZUKI ALTO,2,W01000831,0,-1
2023131353095,2023,131353095,1,9,0,9,9,5,3,0,0,2,0,0,0,0,1,1,5,6,1,88,11,996,1,9,SUZUKI ALTO,8,E01011191,0,-1
2023010434717,2023,010434717,2,9,0,18,19,7,3,0,0,1,1,4,7,11,3,1,6,6,2,21,5,996,1,11,SUZUKI ALTO,5,E01003751,0,-1
2023430440737,2023,430440737,2,9,0,16,19,6,2,0,0,0,0,0,0,0,1,1,6,6,2,59,9,996,1,9,SUZUKI ALTO,8,E01015364,0,-1
2023010460312,2023,010460312,1,9,0,18,19,7,3,9,9,1,5,0,7,0,1,1,6,6,1,24,5,996,1,13,SUZUKI ALTO,8,E01001402,0,-1
2023471347816,2023,471347816,2,9,0,18,19,4,8,0,0,2,5,0,0,0,3,1,5,6,2,41,7,996,1,13,SUZUKI ALTO,4,E01020928,0,-1
2023544226123,2023,544226123,1,9,0,18,19,4,8,0,0,2,0,0,0,0,4,1,6,6,2,77,11,996,1,10,SUZUKI ALTO,7,E01015524,0,-1
2023631330292,2023,631330292,2,9,0,18,19,8,4,0,0,8,0,0,0,0,4,1,6,6,2,82,11,996,1,11,SUZUKI ALTO,6,W01000673,0,-1
2023531278817,2023,531278817,1,9,0,9,9,3,7,0,0,8,0,10,0,0,1,1,3,7,2,18,4,996,1,14,SUZUKI ALTO,10,E01022307,0,-1
2023552300152,2023,552300152,3,9,0,18,19,8,4,0,0,0,0,0,7,9,1,1,6,6,1,66,10,996,1,13,SUZUKI ALTO,5,E01020512,0,-1
2023041301305,2023,041301305,1,9,0,18,19,1,5,0,0,1,5,0,1,10,4,1,2,2,2,32,6,996,1,9,SUZUKI ALTO,7,E01025125,0,-1
2023991297492,2023,991297492,2,9,0,18,19,5,1,0,0,0,0,0,0,0,1,1,6,6,2,40,7,996,1,10,SUZUKI ALTO,1,-1,0,-1
2023010447274,2023,010447274,2,9,0,99,99,9,9,99,99,9,9,99,9,99,9,9,6,6,3,-1,-1,996,1,14,SUZUKI ALTO,-1,-1,0,-1
2023461372322,2023,461372322,1,9,0,17,19,8,3,0,0,0,1,0,8,2,1,1,2,2,1,21,5,996,1,10,SUZUKI ALTO,6,E01024340,0,-1
2023371357423,2023,371357423,2,9,0,4,4,8,4,0,0,0,0,0,0,0,2,1,1,1,2,29,6,996,1,11,SUZUKI ALTO,4,E01026884,0,-1
2023361345512,2023,361345512,2,9,0,9,9,8,5,0,0,5,0,0,0,0,1,1,5,6,1,43,7,996,1,12,SUZUKI ALTO,1,E01026826,0,-1
2023131261701,2023,131261701,2,9,0,18,19,1,5,0,0,8,0,0,0,0,3,1,6,6,2,43,7,996,1,12,SUZUKI ALTO,9,E01011812,0,-1
2023131269420,2023,131269420,2,9,0,18,19,2,6,0,0,1,0,0,0,0,1,1,6,6,1,36,7,996,1,13,SUZUKI ALTO,4,E01010834,0,-1