collision_index,collision_year,collision_ref_no,vehicle_reference,vehicle_type,towing_and_articulation,vehicle_manoeuvre_historic,vehicle_manoeuvre,vehicle_direction_from,vehicle_direction_to,vehicle_location_restricted_lane_historic,vehicle_location_restricted_lane,junction_location,skidding_and_overturning,hit_object_in_carriageway,vehicle_leaving_carriageway,hit_object_off_carriageway,first_point_of_impact,vehicle_left_hand_drive,journey_purpose_of_driver_historic,journey_purpose_of_driver,sex_of_driver,age_of_driver,age_band_of_driver,engine_capacity_cc,propulsion_code,age_of_vehicle,generic_make_model,driver_imd_decile,lsoa_of_driver,escooter_flag,driver_distance_banding
2023131288418,2023,131288418,2,9,0,18,19,6,2,0,0,0,0,0,0,0,2,1,6,6,2,51,8,1368,1,4,FIAT TIPO,5,E01011218,0,-1
2023631348167,2023,631348167,1,9,0,18,19,3,7,0,0,0,1,0,2,2,4,1,5,6,1,27,6,1368,1,6,FIAT TIPO,6,W01000509,0,-1
2023471372329,2023,471372329,1,9,0,6,6,3,7,0,0,1,0,0,0,0,4,1,5,6,2,34,6,1368,1,5,FIAT TIPO,5,E01031373,0,-1
2023010426321,2023,010426321,1,2,0,18,19,6,2,0,0,0,2,4,0,0,3,1,6,6,1,19,4,125,1,7,-1,6,E01004518,0,-1
2023010435941,2023,010435941,2,3,0,13,13,5,1,0,0,1,1,0,0,0,4,1,6,6,1,28,6,125,1,6,HONDA GLR 125,-1,-1,0,-1
2023010454955,2023,010454955,1,3,0,99,99,9,9,99,99,9,9,99,9,99,9,1,2,2,1,25,5,125,1,3,HONDA GLR 125,7,E01000217,0,-1
2023451346096,2023,451346096,1,3,0,13,13,5,1,0,0,0,5,0,0,0,1,1,5,6,2,24,5,125,1,7,HONDA GLR 125,9,E01001067,0,-1
2023622300457,2023,622300457,2,3,0,18,19,4,8,0,0,1,0,0,0,0,1,1,6,6,1,37,7,125,1,6,HONDA GLR 125,1,W01001345,0,-1
2023010432522,2023,010432522,1,3,0,99,99,9,9,99,99,9,9,99,9,99,9,1,1,1,1,27,6,125,1,6,HONDA GLR 125,1,E01002066,0,-1
2023501311100,2023,501311100,1,2,0,16,19,1,3,0,0,3,0,0,0,0,4,1,2,2,1,19,4,125,1,6,-1,-1,-1,0,-1
2023461369425,2023,461369425,1,3,0,17,19,2,6,0,0,0,0,0,1,0,1,1,6,6,2,21,5,125,1,7,HONDA GLR 125,2,E01033212,0,-1
2023122300567,2023,122300567,1,4,0,7,7,3,5,0,0,1,1,0,0,0,0,1,6,6,2,19,4,125,1,5,HONDA GLR 125,10,E01013451,0,-1
2023520400307,2023,520400307,1,3,0,18,19,5,2,0,0,0,0,0,0,0,1,1,6,6,1,32,6,125,1,8,HONDA GLR 125,2,E01029098,0,-1
2023461377975,2023,461377975,2,2,0,5,5,7,3,0,0,0,0,10,1,0,4,1,6,6,1,19,4,125,1,5,-1,8,E01024575,0,-1
2023451354661,2023,451354661,1,3,0,7,7,7,3,0,0,0,0,0,0,0,4,1,6,6,1,43,7,125,1,7,HONDA GLR 125,10,E01030348,0,-1
2023221391809,2023,221391809,2,5,0,18,19,2,6,0,0,8,0,0,0,0,1,1,6,6,1,58,9,125,1,7,-1,1,E01009215,0,-1
2023010425867,2023,010425867,1,3,0,99,99,9,9,99,99,9,9,99,9,99,9,1,1,1,1,36,7,125,1,4,HONDA GLR 125,2,E01002046,0,-1
2023302301533,2023,302301533,2,3,0,5,5,1,5,0,0,4,0,0,0,0,2,1,2,2,2,29,6,125,1,4,HONDA GLR 125,1,E01013586,0,-1
2023010451998,2023,010451998,1,3,0,99,99,9,9,99,99,0,9,99,9,99,2,1,6,6,1,45,7,125,1,4,HONDA GLR 125,3,E01001465,0,-1
2023471287333,2023,471287333,1,3,0,18,19,5,1,0,0,0,0,0,0,0,0,1,2,2,1,23,5,125,1,7,HONDA GLR 125,2,E01020911,0,-1
2023471356249,2023,471356249,2,3,0,5,5,5,1,0,0,4,1,0,0,0,2,1,2,2,1,42,7,125,1,8,HONDA GLR 125,4,E01020957,0,-1
2023010437230,2023,010437230,1,3,0,18,19,7,3,0,0,2,2,0,1,11,1,1,2,2,1,24,5,125,1,6,HONDA GLR 125,3,E01021423,0,-1
2023471378015,2023,471378015,2,3,0,18,19,5,1,0,0,1,0,0,0,0,1,1,5,6,2,17,4,125,1,4,HONDA GLR 125,1,E01020995,0,-1
2023010455655,2023,010455655,1,3,0,99,99,9,9,99,99,9,9,99,9,99,1,1,6,6,1,42,7,125,1,5,HONDA GLR 125,2,E01001448,0,-1
2023501325898,2023,501325898,2,3,0,14,14,6,5,0,0,2,2,0,0,0,1,1,5,6,1,18,4,125,1,5,HONDA GLR 125,8,E01015068,0,-1
2023411370208,2023,411370208,2,3,0,18,19,1,5,0,0,0,5,0,0,0,4,1,1,1,1,20,4,125,1,7,HONDA GLR 125,3,E01001548,0,-1
2023501327108,2023,501327108,1,3,0,18,19,1,4,0,0,1,5,0,0,0,1,1,5,6,1,25,5,125,1,3,HONDA GLR 125,10,E01015033,0,-1
2023010479550,2023,010479550,1,3,0,99,99,9,9,99,99,9,0,99,0,0,9,1,6,6,1,44,7,125,1,6,HONDA GLR 125,8,E01000539,0,-1
2023320478272,2023,320478272,2,4,0,18,19,2,6,0,0,1,5,10,0,0,1,1,2,2,1,22,5,125,1,7,HONDA GLR 125,7,E01026185,0,-1
2023440196179,2023,440196179,1,3,0,9,9,1,7,0,0,8,1,10,0,0,1,1,6,6,1,53,8,125,1,8,HONDA GLR 125,10,E01022691,0,-1
2023340WN5932,2023,340WN5932,1,3,0,9,9,2,8,0,0,8,0,0,0,0,4,1,6,6,1,18,4,125,1,4,HONDA GLR 125,6,E01027213,0,-1
2023320688188,2023,320688188,1,3,0,16,19,2,5,0,0,0,1,0,7,10,3,1,6,6,1,18,4,125,1,5,HONDA GLR 125,-1,-1,0,-1
2023471374878,2023,471374878,2,3,0,17,19,1,5,0,0,0,5,0,1,0,4,1,2,2,1,39,7,125,1,6,HONDA GLR 125,6,E01031477,0,-1
2023010483971,2023,010483971,1,3,0,99,99,9,9,99,99,9,9,99,9,99,9,1,2,2,1,34,6,125,1,5,HONDA GLR 125,6,E01032567,0,-1
2023361333166,2023,361333166,2,3,0,18,19,5,1,0,0,1,0,0,0,0,3,1,6,6,2,35,6,125,1,7,HONDA GLR 125,1,E01026622,0,-1
2023421359217,2023,421359217,2,3,0,9,9,3,1,0,0,6,0,0,0,0,3,1,5,6,1,37,7,125,1,3,HONDA GLR 125,8,E01021717,0,-1
2023340WN1362,2023,340WN1362,1,3,0,11,11,8,4,0,0,0,1,10,1,0,4,1,2,2,1,52,8,125,1,4,HONDA GLR 125,2,E01027243,0,-1
2023010431565,2023,010431565,1,3,0,99,99,9,9,99,99,1,9,99,9,99,1,1,6,6,1,20,4,125,1,8,HONDA GLR 125,5,E01003415,0,-1
2023010433043,2023,010433043,2,3,0,9,9,7,4,0,0,6,0,0,0,0,2,1,6,6,1,48,8,125,1,6,HONDA GLR 125,9,E01003382,0,-1
2023552301078,2023,552301078,2,3,0,5,5,8,4,0,0,8,0,0,3,0,3,1,6,6,1,18,4,125,1,5,HONDA GLR 125,2,E01017276,0,-1
2023201313797,2023,201313797,2,3,0,18,19,8,4,0,0,8,0,0,0,0,1,1,6,6,1,46,8,125,1,8,HONDA GLR 125,1,E01009401,0,-1
2023141321687,2023,141321687,1,3,0,18,19,3,7,0,0,4,0,0,0,0,3,1,5,6,1,20,4,125,1,6,HONDA GLR 125,2,E01007326,0,-1
2023451340689,2023,451340689,1,3,0,3,3,5,1,0,0,1,0,0,0,0,2,1,6,6,1,36,7,125,1,5,HONDA GLR 125,6,E01023118,0,-1
2023421389404,2023,421389404,2,3,0,18,19,3,7,0,0,1,0,0,0,0,1,1,1,1,1,23,5,125,1,5,HONDA GLR 125,2,E01021685,0,-1
2023031345546,2023,031345546,2,3,0,18,19,3,7,0,0,0,0,0,1,0,3,1,1,1,1,53,8,125,1,7,HONDA GLR 125,6,E01019323,0,-1
2023010436796,2023,010436796,1,3,9,99,99,9,9,99,99,9,9,99,9,99,9,1,2,2,1,42,7,125,1,5,HONDA GLR 125,8,E01000261,0,-1
2023201396064,2023,201396064,1,4,0,18,19,8,4,0,0,8,0,0,0,0,1,1,5,6,1,25,5,125,1,6,HONDA GLR 125,1,E01009182,0,-1
2023010458879,2023,010458879,2,3,0,18,19,3,7,0,0,1,0,0,0,0,1,1,1,1,1,43,7,125,1,8,HONDA GLR 125,4,E01002973,0,-1
2023010436258,2023,010436258,1,3,0,18,19,4,8,0,0,1,0,0,0,0,1,1,6,6,1,18,4,125,1,8,HONDA GLR 125,6,E01002200,0,-1
2023010474591,2023,010474591,2,3,0,18,19,5,1,0,0,1,0,0,0,0,1,1,1,1,1,30,6,125,1,6,HONDA GLR 125,3,E01001190,0,-1
2023552400233,2023,552400233,2,3,0,18,19,5,1,0,0,8,0,0,0,0,3,1,1,1,1,19,4,125,1,6,HONDA GLR 125,3,E01015283,0,-1
2023451319691,2023,451319691,2,3,0,18,19,3,7,0,0,0,5,0,0,0,0,1,2,2,1,20,4,125,1,6,HONDA GLR 125,10,E01030499,0,-1
2023461277408,2023,461277408,1,4,0,14,14,1,7,0,0,0,0,0,0,0,3,1,5,6,1,18,4,125,1,7,HONDA GLR 125,4,E01024284,0,-1
2023471364303,2023,471364303,1,3,0,18,19,3,7,0,0,0,1,0,0,0,3,1,5,6,1,31,6,125,1,6,HONDA GLR 125,8,E01031617,0,-1
2023430512542,2023,430512542,2,3,0,18,19,2,6,0,0,8,1,0,0,0,1,1,1,1,1,18,4,125,1,4,HONDA GLR 125,-1,-1,0,-1
2023010438049,2023,010438049,1,3,0,99,99,9,9,99,99,9,9,99,9,99,1,1,6,6,1,23,5,125,1,7,HONDA GLR 125,2,E01001976,0,-1
2023041361216,2023,041361216,1,3,0,17,19,1,5,0,0,0,0,0,0,0,1,1,5,6,2,18,4,125,1,5,HONDA GLR 125,8,E01025105,0,-1
2023010462598,2023,010462598,2,3,0,18,19,7,3,0,0,1,1,0,0,0,1,1,1,1,1,26,6,125,1,3,HONDA GLR 125,5,E01002488,0,-1
2023010456416,2023,010456416,1,2,0,14,14,2,6,0,0,2,0,0,0,0,1,1,6,6,1,31,6,125,1,6,-1,3,E01000054,0,-1
2023361279511,2023,361279511,2,3,0,18,19,4,1,0,0,8,1,0,0,0,0,1,5,6,1,21,5,125,1,6,HONDA GLR 125,-1,-1,0,-1
2023010448004,2023,010448004,2,3,0,15,15,3,7,0,0,1,0,8,0,0,1,1,6,6,1,22,5,125,1,7,HONDA GLR 125,3,E01004573,0,-1
2023010456014,2023,010456014,1,3,0,99,99,9,9,99,99,1,9,99,9,99,9,1,2,2,1,41,7,125,1,2,HONDA GLR 125,2,E01015931,0,-1
2023010451997,2023,010451997,1,3,0,18,19,5,1,0,0,8,0,0,0,0,1,1,6,6,1,34,6,125,1,7,HONDA GLR 125,7,E01004508,0,-1
2023010458548,2023,010458548,1,3,0,18,19,5,1,0,0,0,0,0,0,0,0,1,2,2,2,39,7,125,1,3,HONDA GLR 125,5,E01003697,0,-1
2023141369082,2023,141369082,1,3,0,4,4,1,5,0,0,0,2,0,0,0,3,1,2,2,1,19,4,125,1,5,HONDA GLR 125,-1,-1,0,-1
2023010450225,2023,010450225,1,3,0,99,99,9,9,99,99,9,9,99,9,99,1,1,6,6,1,42,7,125,1,5,HONDA GLR 125,2,E01001448,0,-1
2023302301182,2023,302301182,1,3,0,4,4,5,1,0,0,1,1,0,0,0,0,1,6,6,2,17,4,125,1,3,HONDA GLR 125,7,E01019477,0,-1
2023010471305,2023,010471305,1,3,0,99,99,9,9,99,99,9,9,99,9,99,1,1,6,6,1,32,6,125,1,5,HONDA GLR 125,2,E01003041,0,-1
2023010479983,2023,010479983,1,3,0,18,19,5,1,2,2,1,0,0,0,0,1,1,2,2,1,37,7,125,1,3,HONDA GLR 125,6,E01023868,0,-1
2023430062219,2023,430062219,2,4,0,13,13,1,5,0,0,1,0,0,0,0,4,1,6,6,1,19,4,125,1,4,HONDA GLR 125,2,E01016741,0,-1
2023552300113,2023,552300113,2,3,0,18,19,1,5,0,0,0,0,0,0,0,3,1,6,6,1,17,4,125,1,5,HONDA GLR 125,6,E01020516,0,-1
2023451303967,2023,451303967,1,3,0,14,14,1,1,0,0,2,5,0,0,0,4,1,2,2,1,18,4,125,1,7,HONDA GLR 125,6,E01030426,0,-1
2023471261344,2023,471261344,1,4,0,18,19,7,3,0,0,0,0,10,1,0,1,1,5,6,1,45,7,125,1,6,HONDA GLR 125,6,E01021047,0,-1
2023010479656,2023,010479656,1,4,0,18,19,3,7,0,0,2,0,0,0,0,1,1,6,6,2,38,7,125,1,6,HONDA GLR 125,7,E01024141,0,-1
2023010447388,2023,010447388,1,3,0,14,14,7,3,0,0,0,0,0,0,0,1,1,1,1,1,29,6,125,1,4,HONDA GLR 125,3,E01003493,0,-1
2023522301142,2023,522301142,2,3,0,18,19,5,1,0,0,8,0,0,0,0,1,1,6,6,1,48,8,125,1,7,HONDA GLR 125,6,E01014648,0,-1
2023221349752,2023,221349752,1,4,0,18,19,6,2,0,0,0,0,0,1,10,4,1,6,6,1,63,9,125,1,8,HONDA GLR 125,5,E01014001,0,-1
2023440280915,2023,440280915,1,3,0,18,19,6,2,0,0,0,0,7,0,0,1,1,6,6,1,17,4,125,1,4,HONDA GLR 125,1,E01017154,0,-1
2023471294153,2023,471294153,2,3,0,18,19,4,8,0,0,3,1,4,0,0,2,1,2,2,1,23,5,125,1,3,HONDA GLR 125,3,E01031441,0,-1
2023161326451,2023,161326451,1,3,0,18,19,7,3,0,0,0,1,0,1,4,1,1,6,6,1,26,6,125,1,7,HONDA GLR 125,9,E01013031,0,-1
2023481363615,2023,481363615,2,3,0,14,14,5,1,0,0,2,0,0,0,0,1,1,1,1,1,25,5,125,1,3,HONDA GLR 125,-1,-1,0,-1
2023211331295,2023,211331295,1,3,0,4,4,2,6,0,0,0,1,0,1,0,0,1,2,2,1,30,6,125,1,6,HONDA GLR 125,7,E01029673,0,-1
2023311306455,2023,311306455,1,3,0,5,5,6,2,0,0,0,0,0,0,0,2,1,6,6,1,18,4,125,1,7,HONDA GLR 125,4,E01032769,0,-1
2023122301115,2023,122301115,1,3,0,17,19,3,8,0,0,0,1,0,0,0,0,1,6,6,2,17,4,125,1,4,HONDA GLR 125,2,E01013443,0,-1
2023471332286,2023,471332286,1,3,0,7,7,6,7,0,0,8,0,0,0,0,1,1,2,2,1,23,5,125,1,7,HONDA GLR 125,2,E01020911,0,-1
2023111310275,2023,111310275,1,3,0,18,19,1,5,0,0,0,5,7,1,1,1,1,5,6,1,36,7,125,1,4,HONDA GLR 125,2,E01020615,0,-1
2023131309277,2023,131309277,2,3,0,-1,-1,-1,-1,-1,-1,-1,-1,-1,-1,-1,-1,1,5,6,1,29,6,125,1,8,HONDA GLR 125,2,E01011082,0,-1
2023131297602,2023,131297602,2,3,0,18,19,6,2,9,9,1,0,0,0,0,1,1,6,6,1,17,4,125,1,4,HONDA GLR 125,8,E01010896,0,-1
2023421368789,2023,421368789,1,3,0,18,19,8,4,0,0,0,0,0,0,0,1,1,5,6,1,19,4,125,1,6,HONDA GLR 125,4,E01015972,0,-1
2023421285514,2023,421285514,1,4,0,3,3,1,5,0,0,2,0,0,0,0,2,1,2,2,1,21,5,125,1,7,HONDA GLR 125,7,E01021504,0,-1
2023010456404,2023,010456404,2,3,0,15,15,7,3,0,0,1,0,0,0,0,1,1,1,1,1,53,8,125,1,4,HONDA GLR 125,3,E01001981,0,-1
2023471269509,2023,471269509,1,3,0,18,19,1,5,0,0,1,0,0,0,0,1,1,6,6,1,32,6,125,1,7,HONDA GLR 125,6,E01021113,0,-1
2023010471585,2023,010471585,1,3,0,14,14,5,1,0,0,1,0,0,0,0,3,1,6,6,1,-1,-1,125,1,4,HONDA GLR 125,1,E01000521,0,-1
2023211340141,2023,211340141,1,3,0,4,4,4,8,0,0,1,1,0,0,0,1,1,6,6,1,36,7,125,1,4,HONDA GLR 125,-1,-1,0,-1
2023552300380,2023,552300380,1,3,0,9,9,5,2,0,0,6,0,0,0,0,1,1,6,6,1,17,4,125,1,7,HONDA GLR 125,8,E01003471,0,-1
2023461306492,2023,461306492,1,4,0,18,19,2,6,0,0,0,0,0,1,0,1,1,6,6,1,15,3,125,1,7,HONDA GLR 125,2,E01024477,0,-1
2023351267855,2023,351267855,2,3,0,18,19,6,4,0,0,1,2,0,1,0,1,1,6,6,1,19,4,125,1,8,HONDA GLR 125,9,E01018275,0,-1
2023461346954,2023,461346954,3,3,0,18,19,7,7,0,0,1,0,0,0,0,4,1,6,6,1,31,6,125,1,7,HONDA GLR 125,3,E01024291,0,-1
2023461379076,2023,461379076,2,4,0,18,19,1,5,0,0,0,1,0,1,5,1,1,1,1,1,20,4,125,1,5,HONDA GLR 125,9,E01024823,0,-1
2023010447479,2023,010447479,1,3,0,99,99,9,9,99,99,9,9,99,9,99,1,1,6,6,1,23,5,125,1,5,HONDA GLR 125,1,E01002041,0,-1
2023471311082,2023,471311082,1,3,0,18,19,2,6,0,0,0,0,0,0,0,1,1,5,6,1,12,3,125,1,7,HONDA GLR 125,1,E01020972,0,-1
2023031324829,2023,031324829,2,3,0,18,19,4,8,0,0,1,0,0,0,0,1,1,5,6,1,20,4,125,1,6,HONDA GLR 125,5,E01019363,0,-1
2023010462340,2023,010462340,1,3,0,99,99,9,9,99,99,9,9,99,9,99,1,1,2,2,1,39,7,125,1,5,HONDA GLR 125,4,E01003119,0,-1
2023471297774,2023,471297774,1,3,0,5,5,5,1,0,0,0,0,0,0,0,3,1,6,6,1,28,6,125,1,7,HONDA GLR 125,3,E01016919,0,-1
2023544451323,2023,544451323,1,3,0,17,19,8,4,0,0,0,0,0,1,10,4,1,6,6,1,22,5,125,1,4,HONDA GLR 125,3,E01012980,0,-1
2023451341394,2023,451341394,1,3,0,18,19,3,7,0,0,0,5,0,0,0,4,1,2,2,1,20,4,125,1,3,HONDA GLR 125,8,E01032571,0,-1
2023440404107,2023,440404107,2,3,0,18,19,8,4,0,0,1,0,0,7,10,1,1,6,6,1,23,5,125,1,7,HONDA GLR 125,10,E01030891,0,-1
2023010456578,2023,010456578,2,3,0,15,15,1,5,0,0,1,0,0,0,0,3,1,6,6,1,18,4,125,1,4,HONDA GLR 125,2,E01001152,0,-1
2023231380318,2023,231380318,1,3,0,9,9,8,5,0,0,5,0,0,0,0,4,1,1,1,2,17,4,125,1,7,HONDA GLR 125,8,E01019859,0,-1
2023010462921,2023,010462921,2,3,0,18,19,3,7,0,0,0,1,0,0,0,4,1,2,2,1,42,7,125,1,8,HONDA GLR 125,5,E01004127,0,-1
2023010431251,2023,010431251,1,3,0,99,99,9,9,99,99,9,9,99,9,99,9,1,6,6,2,21,5,125,1,7,HONDA GLR 125,3,E01002808,0,-1
2023531401189,2023,531401189,1,3,0,18,19,2,6,0,0,0,1,0,0,0,1,1,6,6,1,18,4,125,1,6,HONDA GLR 125,10,E01022434,0,-1
2023131326763,2023,131326763,2,3,0,18,19,7,3,0,0,8,0,0,0,0,1,1,2,2,1,32,6,125,1,3,HONDA GLR 125,6,E01010881,0,-1
2023010460634,2023,010460634,1,3,0,99,99,9,9,99,99,9,9,99,9,99,9,1,6,6,1,27,6,125,1,6,HONDA GLR 125,1,E01002066,0,-1
2023010433455,2023,010433455,1,3,0,99,99,9,9,99,99,9,9,99,9,99,1,1,6,6,1,19,4,125,1,7,HONDA GLR 125,5,E01001277,0,-1
2023010464595,2023,010464595,2,3,0,13,13,3,7,0,0,8,0,0,0,0,1,1,2,2,1,19,4,125,1,5,HONDA GLR 125,2,E01003267,0,-1
2023010481215,2023,010481215,1,3,0,18,19,5,1,0,0,1,0,0,0,0,1,1,6,6,1,56,9,125,1,3,HONDA GLR 125,4,E01001511,0,-1
2023131262716,2023,131262716,1,3,0,14,14,7,1,0,0,8,0,0,0,0,1,1,5,6,1,30,6,125,1,7,HONDA GLR 125,1,E01010821,0,-1
2023161280301,2023,161280301,2,3,0,18,19,3,7,0,0,1,0,0,1,0,1,1,5,6,1,61,9,125,1,4,HONDA GLR 125,7,E01012935,0,-1
2023061370864,2023,061370864,2,3,0,9,9,5,3,0,0,8,0,0,0,0,3,1,5,6,1,38,7,125,1,6,HONDA GLR 125,-1,-1,0,-1
2023010447065,2023,010447065,1,3,0,99,99,9,9,99,99,0,9,99,9,99,1,1,2,2,1,27,6,125,1,6,HONDA GLR 125,3,E01003374,0,-1
2023010481716,2023,010481716,1,3,0,16,19,1,5,0,0,3,1,0,0,0,3,1,6,6,1,45,7,125,1,3,HONDA GLR 125,5,E01003411,0,-1
2023010458479,2023,010458479,2,3,9,99,99,9,9,99,99,0,9,99,9,99,9,1,6,6,3,-1,-1,125,1,2,HONDA GLR 125,-1,-1,0,-1
2023440402691,2023,440402691,2,3,0,18,19,5,1,0,0,1,0,0,0,0,1,1,6,6,1,60,9,125,1,7,HONDA GLR 125,9,E01022685,0,-1
2023161378070,2023,161378070,1,3,0,18,19,5,1,0,0,2,0,0,0,0,0,1,6,6,1,18,4,125,1,5,HONDA GLR 125,2,E01013291,0,-1
2023010440498,2023,010440498,1,3,0,99,99,9,9,99,99,9,9,99,9,99,1,1,1,1,1,21,5,125,1,5,HONDA GLR 125,3,E01002731,0,-1
2023522324402,2023,522324402,1,3,0,13,13,5,2,9,9,0,0,0,0,0,1,1,6,6,1,-1,-1,125,1,3,HONDA GLR 125,-1,-1,0,-1
2023471316971,2023,471316971,1,3,0,17,19,8,5,0,0,3,1,0,0,0,3,1,2,2,2,18,4,125,1,5,HONDA GLR 125,8,E01032838,0,-1
2023010434810,2023,010434810,1,3,4,99,99,9,9,99,99,9,9,99,9,99,9,1,2,2,1,30,6,125,1,7,HONDA GLR 125,2,E01003059,0,-1
2023010473753,2023,010473753,1,3,0,18,19,5,1,0,0,1,2,0,0,0,1,1,2,2,1,42,7,125,1,4,HONDA GLR 125,10,E01030380,0,-1
2023122400157,2023,122400157,1,3,0,18,19,1,5,0,0,1,0,0,0,0,1,1,1,1,1,20,4,125,1,5,HONDA GLR 125,6,E01027889,0,-1
2023010481550,2023,010481550,2,3,0,18,19,1,5,0,0,0,0,4,0,0,1,1,6,6,1,33,6,125,1,5,HONDA GLR 125,3,E01003521,0,-1
2023471298112,2023,471298112,2,3,0,18,19,1,5,0,0,1,0,0,0,0,4,1,6,6,1,21,5,125,1,4,HONDA GLR 125,10,E01031619,0,-1
2023010453323,2023,010453323,1,3,0,99,99,9,9,99,99,9,9,99,9,99,9,1,6,6,1,39,7,125,1,5,HONDA GLR 125,4,E01003119,0,-1
2023010419304,2023,010419304,2,3,0,18,19,1,5,0,0,1,0,0,0,0,1,1,6,6,1,25,5,125,1,6,HONDA GLR 125,3,E01003596,0,-1
2023070139469,2023,070139469,1,3,0,11,11,1,5,0,0,6,2,0,1,1,1,1,6,6,1,51,8,125,1,3,HONDA GLR 125,1,E01006574,0,-1
2023161276517,2023,161276517,2,3,0,18,19,1,5,0,0,0,0,0,7,0,1,1,6,6,1,31,6,125,1,8,HONDA GLR 125,3,E01013192,0,-1
2023440510772,2023,440510772,2,3,0,4,4,6,2,0,0,1,0,0,0,0,2,1,1,1,1,33,6,125,1,6,HONDA GLR 125,5,E01017088,0,-1
2023010486864,2023,010486864,1,3,0,99,99,9,9,99,99,9,9,99,9,99,9,1,6,6,3,35,6,125,1,5,HONDA GLR 125,4,E01000608,0,-1
2023010419398,2023,010419398,1,3,0,99,99,9,9,99,99,9,9,99,9,99,1,1,2,2,1,37,7,125,1,4,HONDA GLR 125,2,E01001414,0,-1
2023010470100,2023,010470100,1,3,0,99,99,9,9,99,99,9,9,99,9,99,9,1,2,2,1,27,6,125,1,5,HONDA GLR 125,5,E01002394,0,-1
2023622300734,2023,622300734,1,3,0,18,19,6,2,0,0,0,0,0,0,0,1,1,6,6,1,21,5,125,1,8,HONDA GLR 125,3,W01001702,0,-1
2023451270132,2023,451270132,1,3,0,18,19,4,8,0,0,1,1,0,0,0,3,1,1,1,1,33,6,125,1,6,HONDA GLR 125,8,E01030393,0,-1
2023622300810,2023,622300810,1,3,0,4,4,8,4,0,0,2,1,0,0,0,2,1,2,2,1,23,5,125,1,3,HONDA GLR 125,-1,-1,0,-1
2023010447425,2023,010447425,1,3,0,99,99,9,9,99,99,9,9,99,9,99,1,1,6,6,1,27,6,125,1,6,HONDA GLR 125,4,E01000559,0,-1
2023070524979,2023,070524979,1,3,0,17,19,2,6,0,0,0,1,0,1,11,1,1,6,6,2,23,5,125,1,3,HONDA GLR 125,8,E01018424,0,-1
2023471322054,2023,471322054,2,3,0,8,8,3,7,0,0,1,5,0,0,0,2,1,1,1,1,28,6,125,1,7,HONDA GLR 125,3,E01031609,0,-1
2023201383357,2023,201383357,1,3,0,14,14,4,8,0,0,0,0,0,0,0,1,1,2,2,1,22,5,125,1,4,HONDA GLR 125,1,E01009092,0,-1
2023351375250,2023,351375250,1,3,0,18,19,6,2,0,0,0,2,0,0,0,1,1,6,6,1,27,6,125,1,6,HONDA GLR 125,5,E01018158,0,-1
2023010442582,2023,010442582,1,3,0,99,99,9,9,99,99,9,9,99,9,99,2,1,2,2,1,34,6,125,1,6,HONDA GLR 125,7,E01001455,0,-1
2023010426830,2023,010426830,2,3,0,18,19,3,7,0,0,1,0,0,0,0,1,1,1,1,1,20,4,125,1,6,HONDA GLR 125,-1,-1,0,-1
2023010420583,2023,010420583,1,3,0,99,99,9,9,99,99,9,9,99,9,99,1,1,2,2,1,26,6,125,1,5,HONDA GLR 125,7,E01002182,0,-1
2023010467913,2023,010467913,2,3,0,18,19,5,1,0,0,1,0,0,0,0,1,1,6,6,1,25,5,125,1,3,HONDA GLR 125,-1,-1,0,-1
2023010444561,2023,010444561,2,3,0,18,19,3,7,0,0,0,0,0,0,0,1,1,2,2,1,24,5,125,1,3,HONDA GLR 125,3,E01001589,0,-1
2023010460812,2023,010460812,1,3,0,18,19,5,1,0,0,8,0,0,0,0,1,1,6,6,1,19,4,125,1,7,HONDA GLR 125,5,E01000589,0,-1
2023010455173,2023,010455173,1,3,0,99,99,9,9,99,99,9,9,99,9,99,1,1,1,1,1,22,5,125,1,3,HONDA GLR 125,2,E01002049,0,-1
2023340WN2062,2023,340WN2062,2,3,0,18,19,1,6,0,0,8,0,0,0,0,4,1,6,6,1,26,6,125,1,6,HONDA GLR 125,8,E01027329,0,-1
2023421343235,2023,421343235,2,3,0,18,19,7,3,0,0,8,5,0,0,0,1,1,1,1,1,32,6,125,1,6,HONDA GLR 125,5,E01021443,0,-1
2023161271389,2023,161271389,2,3,0,18,19,2,6,0,0,8,0,10,4,0,3,1,1,1,1,20,4,125,1,8,HONDA GLR 125,8,E01026368,0,-1