collision_index,collision_year,collision_ref_no,vehicle_reference,vehicle_type,towing_and_articulation,vehicle_manoeuvre_historic,vehicle_manoeuvre,vehicle_direction_from,vehicle_direction_to,vehicle_location_restricted_lane_historic,vehicle_location_restricted_lane,junction_location,skidding_and_overturning,hit_object_in_carriageway,vehicle_leaving_carriageway,hit_object_off_carriageway,first_point_of_impact,vehicle_left_hand_drive,journey_purpose_of_driver_historic,journey_purpose_of_driver,sex_of_driver,age_of_driver,age_band_of_driver,engine_capacity_cc,propulsion_code,age_of_vehicle,generic_make_model,driver_imd_decile,lsoa_of_driver,escooter_flag,driver_distance_banding
2023010431923,2023,010431923,2,3,0,18,19,7,3,0,0,1,0,0,0,0,1,1,2,2,1,22,5,125,1,4,HONDA GLR 125,-1,-1,0,-1
2023501345764,2023,501345764,1,3,0,16,19,5,1,0,0,8,5,0,0,0,4,1,5,6,1,20,4,125,1,7,HONDA GLR 125,1,E01018997,0,-1
2023501373151,2023,501373151,2,3,0,18,19,4,1,0,0,2,2,0,0,0,0,1,6,6,2,56,9,125,1,3,HONDA GLR 125,3,E01018888,0,-1
2023010422162,2023,010422162,2,4,0,18,19,7,3,0,0,1,0,0,0,0,1,1,6,6,1,26,6,125,1,3,HONDA GLR 125,4,E01002406,0,-1
2023010429377,2023,010429377,1,3,0,99,99,9,9,99,99,9,9,99,9,99,1,1,6,6,1,27,6,125,1,4,HONDA GLR 125,3,E01002028,0,-1
2023010479005,2023,010479005,1,3,0,99,99,9,9,99,99,0,9,99,9,99,1,1,1,1,1,22,5,125,1,3,HONDA GLR 125,5,E01003368,0,-1
2023471290281,2023,471290281,1,3,0,14,14,1,5,0,0,1,0,0,0,0,1,1,6,6,3,-1,-1,125,1,7,HONDA GLR 125,-1,-1,0,-1
2023351319468,2023,351319468,1,3,0,17,19,6,2,0,0,0,0,0,1,10,1,1,6,6,1,18,4,125,1,4,HONDA GLR 125,4,E01029949,0,-1
2023430261848,2023,430261848,1,4,0,1,1,8,4,0,0,0,0,0,0,0,4,1,2,2,1,47,8,125,1,7,HONDA GLR 125,7,E01016205,0,-1
2023010438265,2023,010438265,1,3,9,99,99,9,9,99,99,9,9,99,9,99,9,1,6,6,1,24,5,125,1,6,HONDA GLR 125,1,E01000595,0,-1
2023461388164,2023,461388164,2,3,0,18,19,1,3,0,0,0,0,0,0,0,1,1,2,2,1,27,6,125,1,7,HONDA GLR 125,4,E01003447,0,-1
2023421380189,2023,421380189,2,3,0,18,19,6,2,0,0,0,0,0,0,0,2,1,1,1,1,34,6,125,1,7,HONDA GLR 125,6,E01002335,0,-1
2023061276372,2023,061276372,2,3,0,18,19,4,8,0,0,1,0,0,0,0,4,1,2,2,1,35,6,125,1,4,HONDA GLR 125,1,E01005746,0,-1
2023361279001,2023,361279001,1,3,0,14,14,7,3,0,0,0,0,12,0,0,4,1,6,6,1,19,4,125,1,6,HONDA GLR 125,4,E01026925,0,-1
2023361323828,2023,361323828,1,3,0,18,19,7,3,0,0,8,0,0,0,0,1,1,1,1,1,24,5,125,1,7,HONDA GLR 125,10,E01026882,0,-1
2023501362729,2023,501362729,1,3,0,16,19,7,3,0,0,8,5,0,0,0,1,1,6,6,1,20,4,125,1,6,HONDA GLR 125,5,E01020224,0,-1
2023430437968,2023,430437968,1,3,0,17,19,4,1,0,0,0,0,0,1,0,1,1,6,6,1,36,7,125,1,8,HONDA GLR 125,-1,-1,0,-1
2023122300938,2023,122300938,1,4,0,18,19,7,3,0,0,0,0,0,0,0,1,1,6,6,2,19,4,125,1,5,HONDA GLR 125,10,E01013451,0,-1
2023991306372,2023,991306372,2,3,0,18,19,3,8,0,0,1,0,0,0,0,0,1,2,2,1,20,4,125,1,5,HONDA GLR 125,7,-1,0,-1
2023111309062,2023,111309062,2,4,0,18,19,2,6,0,0,1,0,0,0,0,1,1,6,6,1,21,5,125,1,6,HONDA GLR 125,7,E01020714,0,-1
2023041350455,2023,041350455,3,3,0,3,3,1,5,0,0,0,0,0,0,0,2,1,6,6,1,24,5,125,1,6,HONDA GLR 125,7,E01025003,0,-1
2023461343572,2023,461343572,1,3,0,18,19,7,3,0,0,1,0,0,0,0,3,1,5,6,2,18,4,125,1,3,HONDA GLR 125,-1,-1,0,-1
2023461300048,2023,461300048,1,3,0,4,4,5,1,0,0,0,0,0,0,0,1,1,2,2,1,21,5,125,1,5,HONDA GLR 125,4,E01024535,0,-1
2023461331279,2023,461331279,2,3,0,18,19,7,3,0,0,0,0,0,0,0,1,1,6,6,2,29,6,125,1,7,HONDA GLR 125,2,E01024391,0,-1
2023070557404,2023,070557404,1,3,0,16,19,2,6,9,9,2,2,0,3,11,1,1,6,6,1,23,5,125,1,6,HONDA GLR 125,4,E01018549,0,-1
2023471311459,2023,471311459,2,3,0,7,7,5,1,0,0,3,1,0,0,0,4,1,5,6,1,74,10,125,1,4,HONDA GLR 125,10,E01031380,0,-1
2023010478818,2023,010478818,2,3,0,14,14,5,1,0,0,8,0,0,0,0,1,1,2,2,1,19,4,125,1,8,HONDA GLR 125,-1,-1,0,-1
2023010448942,2023,010448942,1,3,0,99,99,9,9,99,99,9,9,99,9,99,1,1,6,6,1,20,4,125,1,7,HONDA GLR 125,6,E01015496,0,-1
2023010473843,2023,010473843,2,3,0,18,19,1,5,0,0,0,0,0,0,0,1,1,1,1,1,29,6,125,1,3,HONDA GLR 125,6,E01030548,0,-1
2023010441055,2023,010441055,1,3,0,99,99,9,9,99,99,9,9,99,9,99,9,1,6,6,1,25,5,125,1,6,HONDA GLR 125,2,E01001912,0,-1
2023010422385,2023,010422385,1,3,0,99,99,9,9,99,99,9,9,99,9,99,1,1,6,6,1,21,5,125,1,8,HONDA GLR 125,2,E01002051,0,-1
2023161379456,2023,161379456,2,4,0,18,19,7,3,0,0,8,0,0,0,0,3,1,2,2,1,39,7,125,1,3,HONDA GLR 125,1,E01013210,0,-1
2023010459019,2023,010459019,1,3,0,18,19,5,1,0,0,5,5,0,0,0,1,1,2,2,1,24,5,125,1,6,HONDA GLR 125,5,E01000505,0,-1
2023141298183,2023,141298183,2,3,0,18,19,5,1,0,0,1,0,0,0,0,1,1,6,6,1,21,5,125,1,3,HONDA GLR 125,2,E01007414,0,-1
2023010449196,2023,010449196,1,3,0,99,99,9,9,99,99,9,9,99,9,99,1,1,6,6,1,40,7,125,1,7,HONDA GLR 125,8,E01000182,0,-1
2023010458003,2023,010458003,1,4,0,13,13,1,5,0,0,0,0,0,0,0,1,1,6,6,1,25,5,125,1,3,HONDA GLR 125,1,E01004304,0,-1
2023461348237,2023,461348237,2,9,0,9,9,3,5,0,0,5,0,0,0,0,3,1,5,6,1,76,11,3471,1,15,-1,7,E01024375,0,-1
2023520301555,2023,520301555,2,9,0,13,13,7,3,0,0,0,0,0,1,0,4,1,6,6,3,-1,-1,3470,1,19,-1,-1,-1,0,-1
202354B258123,2023,54B258123,1,4,0,18,19,1,5,0,0,0,1,0,0,0,0,1,2,2,1,48,8,234,1,14,-1,2,E01032062,0,-1
2023041337658,2023,041337658,2,17,4,18,19,1,5,0,0,0,0,0,0,0,3,1,1,1,1,22,5,6788,2,2,JOHN DEERE 6000 SERIES,6,E01025107,0,-1
2023522401568,2023,522401568,2,17,4,18,19,3,7,0,0,8,0,0,0,0,1,1,6,6,1,47,8,6800,2,11,JOHN DEERE 6000 SERIES,6,E01014929,0,-1
2023501303640,2023,501303640,2,17,0,9,9,2,7,0,0,0,0,0,0,0,3,1,1,1,1,18,4,6788,2,2,JOHN DEERE 6000 SERIES,-1,-1,0,-1
2023340WN4282,2023,340WN4282,1,17,0,14,14,5,1,0,0,1,0,0,0,0,1,1,1,1,1,23,5,6788,2,2,JOHN DEERE 6000 SERIES,8,E01027296,0,-1
2023501333366,2023,501333366,2,17,0,18,19,3,7,0,0,1,0,0,0,0,1,1,6,6,1,24,5,-1,2,11,JOHN DEERE 6000 SERIES,4,E01018778,0,-1
2023361340404,2023,361340404,1,17,4,18,19,5,1,0,0,0,1,0,1,0,0,1,1,1,1,18,4,6788,2,5,JOHN DEERE 6000 SERIES,3,E01026652,0,-1
2023070456298,2023,070456298,1,17,5,9,9,4,8,0,0,6,0,0,0,0,3,1,1,1,1,21,5,6788,2,5,JOHN DEERE 6000 SERIES,5,E01018444,0,-1
2023520300733,2023,520300733,2,17,0,9,9,3,7,0,0,8,0,0,0,0,3,1,6,6,1,30,6,6788,2,2,JOHN DEERE 6000 SERIES,6,E01029125,0,-1
2023371346471,2023,371346471,1,17,4,13,13,6,2,0,0,0,0,0,0,0,4,1,1,1,1,25,5,6788,2,2,JOHN DEERE 6000 SERIES,5,E01030187,0,-1
202360A160789,2023,60A160789,1,17,4,13,13,2,6,0,0,0,0,0,0,0,2,1,6,6,1,54,8,6788,2,1,JOHN DEERE 6000 SERIES,-1,-1,0,-1
2023122300615,2023,122300615,1,17,4,17,19,7,3,0,0,0,2,6,1,11,1,1,1,1,1,16,4,6788,2,8,JOHN DEERE 6000 SERIES,8,E01027634,0,-1
2023161332414,2023,161332414,2,17,4,9,9,7,5,0,0,5,0,0,0,0,2,1,1,1,1,19,4,6788,2,4,JOHN DEERE 6000 SERIES,3,E01012986,0,-1
2023544057223,2023,544057223,1,17,0,18,19,1,5,0,0,0,0,0,0,0,1,1,1,1,1,62,9,6788,2,3,JOHN DEERE 6000 SERIES,6,E01014891,0,-1
2023501347612,2023,501347612,1,17,0,9,9,1,7,0,0,1,0,0,0,0,3,1,1,1,1,35,6,4524,2,0,JOHN DEERE 6000 SERIES,4,E01020291,0,-1
2023501283296,2023,501283296,2,17,4,16,19,7,3,0,0,0,1,0,0,0,3,1,1,1,1,53,8,6788,2,3,JOHN DEERE 6000 SERIES,4,E01020288,0,-1
2023041315686,2023,041315686,2,17,0,8,8,5,1,0,0,6,0,0,0,0,1,1,5,6,1,60,9,4525,2,8,JOHN DEERE 6000 SERIES,8,E01024920,0,-1
2023430231090,2023,430231090,2,17,0,9,9,8,6,0,0,5,0,0,0,0,3,1,1,1,1,21,5,4525,2,6,JOHN DEERE 6000 SERIES,7,E01028474,0,-1
2023221377463,2023,221377463,1,17,4,18,19,6,1,0,0,4,0,0,0,0,1,1,1,1,1,31,6,6788,2,0,JOHN DEERE 6000 SERIES,3,E01028880,0,-1
2023401345338,2023,401345338,2,17,4,8,8,0,0,0,0,1,0,0,0,0,2,1,1,1,1,20,4,6788,2,1,JOHN DEERE 6000 SERIES,10,E01028606,0,-1
2023501314463,2023,501314463,1,17,4,7,7,5,8,0,0,0,5,0,0,0,3,1,1,1,1,24,5,6788,2,6,JOHN DEERE 6000 SERIES,5,E01019060,0,-1
2023552300954,2023,552300954,2,17,0,18,19,2,5,0,0,8,0,4,0,0,1,1,1,1,1,55,8,4525,2,10,JOHN DEERE 6000 SERIES,6,E01020508,0,-1
2023991355375,2023,991355375,1,17,0,5,5,4,8,0,0,8,0,0,0,0,3,1,1,1,1,20,4,6788,2,5,JOHN DEERE 6000 SERIES,7,-1,0,-1
2023991353720,2023,991353720,2,17,4,18,19,1,5,0,0,0,0,0,0,0,2,1,1,1,1,28,6,6788,2,3,JOHN DEERE 6000 SERIES,8,-1,0,-1
2023440278678,2023,440278678,1,17,0,5,5,7,4,0,0,0,0,0,0,0,1,1,1,1,2,50,8,6788,2,5,JOHN DEERE 6000 SERIES,6,E01023236,0,-1
2023440236506,2023,440236506,1,17,4,16,19,2,6,0,0,1,0,0,0,0,3,1,1,1,1,18,4,6788,2,2,JOHN DEERE 6000 SERIES,7,E01023025,0,-1
2023361372697,2023,361372697,2,17,0,7,7,6,8,0,0,0,0,0,0,0,2,1,1,1,1,65,9,6788,2,7,JOHN DEERE 6000 SERIES,8,E01026913,0,-1
2023501278751,2023,501278751,1,17,0,18,19,4,8,0,0,1,0,0,0,0,-1,1,1,1,1,41,7,6788,2,2,JOHN DEERE 6000 SERIES,4,E01020097,0,-1
2023421334405,2023,421334405,2,17,4,18,19,5,1,0,0,0,0,0,0,0,0,1,1,1,1,25,5,6788,2,4,JOHN DEERE 6000 SERIES,8,E01022092,0,-1
2023610006523,2023,610006523,2,17,4,18,19,2,6,0,0,0,0,0,0,0,0,1,1,1,1,43,7,6788,2,8,JOHN DEERE 6000 SERIES,9,W01001560,0,-1
2023041300788,2023,041300788,2,17,0,17,19,3,7,0,0,0,0,0,0,0,1,1,1,1,1,31,6,6788,2,2,JOHN DEERE 6000 SERIES,10,E01025414,0,-1
2023548429423,2023,548429423,2,17,0,9,9,3,1,0,0,5,0,0,0,0,3,1,1,1,2,25,5,6788,2,1,JOHN DEERE 6000 SERIES,6,E01031860,0,-1
2023221369868,2023,221369868,2,17,4,18,19,8,4,0,0,1,0,0,7,0,2,1,1,1,1,20,4,6788,2,2,JOHN DEERE 6000 SERIES,5,E01028843,0,-1
2023991352725,2023,991352725,2,17,0,18,19,6,3,0,0,0,0,0,0,0,1,1,1,1,1,26,6,4525,2,7,JOHN DEERE 6000 SERIES,2,-1,0,-1
2023371345412,2023,371345412,2,17,0,9,9,7,3,0,0,2,5,0,0,0,3,1,1,1,1,21,5,6788,2,1,JOHN DEERE 6000 SERIES,5,E01017972,0,-1
2023211319337,2023,211319337,1,17,4,4,4,5,2,0,0,1,1,0,0,0,1,1,1,1,1,24,5,6788,2,2,JOHN DEERE 6000 SERIES,5,E01029462,0,-1
2023010458245,2023,010458245,1,4,0,18,19,2,6,0,0,1,0,0,0,0,4,1,6,6,1,34,6,200,1,7,-1,4,E01001087,0,-1
2023320127271,2023,320127271,1,17,0,9,9,4,2,0,0,6,0,0,0,0,1,1,1,1,1,51,8,1123,2,2,-1,2,E01026375,0,-1
2023311376237,2023,311376237,2,19,0,12,12,6,1,0,0,0,1,0,0,0,3,1,6,6,1,27,6,1598,2,6,RENAULT TRAFIC,4,E01028305,0,-1
2023440434436,2023,440434436,2,19,0,18,19,2,6,0,0,8,0,0,0,0,1,1,1,1,1,49,8,1997,2,0,RENAULT TRAFIC,10,E01022747,0,-1
2023311374811,2023,311374811,1,19,0,18,19,4,8,0,0,0,0,0,0,0,1,1,1,1,1,31,6,1598,2,7,RENAULT TRAFIC,10,E01013520,0,-1
2023061323604,2023,061323604,1,19,0,-1,-1,-1,-1,-1,-1,-1,-1,-1,-1,0,-1,1,6,6,1,40,7,1598,2,7,RENAULT TRAFIC,6,E01005010,0,-1
2023161274255,2023,161274255,2,19,0,1,1,6,8,0,0,8,0,0,0,0,2,1,1,1,1,-1,-1,1598,2,7,RENAULT TRAFIC,-1,-1,0,-1
2023010453209,2023,010453209,1,20,0,99,99,9,9,99,99,9,9,99,9,99,2,9,6,6,3,-1,-1,-1,-1,-1,-1,4,E01000722,0,-1
2023461303226,2023,461303226,1,19,0,18,19,7,3,0,0,0,0,0,0,0,3,1,6,6,1,69,10,1598,2,7,RENAULT TRAFIC,8,E01024839,0,-1
2023302301478,2023,302301478,2,19,0,18,19,3,7,0,0,2,0,0,0,0,1,1,1,1,1,34,6,1598,2,8,RENAULT TRAFIC,4,E01014219,0,-1
2023340WN2682,2023,340WN2682,1,19,0,18,19,1,5,0,0,1,0,0,0,0,1,1,1,1,1,26,6,1598,2,6,RENAULT TRAFIC,4,E01027352,0,-1
2023501352973,2023,501352973,1,19,0,4,4,7,3,0,0,1,0,0,0,0,1,1,1,1,1,64,9,1996,2,13,RENAULT TRAFIC,4,E01020279,0,-1
2023361341752,2023,361341752,4,19,0,4,4,7,3,0,0,0,1,0,0,0,4,1,5,6,1,49,8,2464,2,18,RENAULT TRAFIC,1,E01030249,0,-1
2023411387295,2023,411387295,1,19,0,1,1,-1,-1,0,0,1,0,0,0,0,2,1,1,1,1,-1,-1,1997,2,1,RENAULT TRAFIC,-1,-1,0,-1
2023031374635,2023,031374635,2,19,0,17,19,6,3,0,0,0,5,0,0,0,4,1,5,6,1,30,6,1598,2,8,RENAULT TRAFIC,7,E01019357,0,-1
2023070434334,2023,070434334,2,19,0,8,8,5,7,0,0,4,0,0,0,0,2,1,1,1,1,49,8,1997,2,2,RENAULT TRAFIC,4,E01006805,0,-1
2023361319859,2023,361319859,1,19,0,18,19,7,3,9,9,1,0,0,1,0,1,1,6,6,1,44,7,1997,2,2,RENAULT TRAFIC,-1,-1,0,-1
2023430506204,2023,430506204,1,19,0,9,9,5,3,0,0,6,0,0,0,0,2,1,6,6,1,54,8,1997,2,2,RENAULT TRAFIC,7,E01028467,0,-1
2023311401560,2023,311401560,1,8,0,2,2,0,0,0,0,0,0,0,0,0,0,1,1,1,1,61,9,1995,2,9,RENAULT TRAFIC,-1,-1,0,-1
2023421393818,2023,421393818,2,19,0,3,3,1,5,0,0,4,0,0,0,0,2,1,2,2,2,36,7,1598,2,6,RENAULT TRAFIC,4,E01021808,0,-1
2023531361723,2023,531361723,1,19,0,13,13,6,2,0,0,1,0,0,0,0,1,1,2,2,1,57,9,1996,2,12,RENAULT TRAFIC,10,E01022433,0,-1
2023010444138,2023,010444138,2,19,0,5,5,5,1,0,0,0,0,0,0,0,1,1,6,6,1,17,4,1598,2,6,RENAULT TRAFIC,3,E01021312,0,-1
2023010484987,2023,010484987,1,19,0,9,9,1,6,0,0,1,0,0,0,0,0,1,1,1,1,19,4,1997,2,3,RENAULT TRAFIC,3,E01003122,0,-1
2023340WN7122,2023,340WN7122,1,19,0,14,14,0,0,0,0,8,0,0,0,0,4,1,6,6,1,-1,-1,1598,2,8,RENAULT TRAFIC,-1,-1,0,-1
2023311376605,2023,311376605,2,19,0,18,19,3,7,0,0,1,0,0,0,0,4,1,1,1,1,54,8,1997,2,3,RENAULT TRAFIC,4,E01012995,0,-1
2023010448762,2023,010448762,1,19,0,5,5,3,7,9,9,1,0,0,0,0,1,1,1,1,1,61,9,1997,2,0,RENAULT TRAFIC,10,E01030603,0,-1
2023440493956,2023,440493956,2,19,0,3,3,8,4,0,0,1,0,0,0,0,2,1,6,6,1,34,6,1598,2,5,RENAULT TRAFIC,7,E01017909,0,-1
2023461349174,2023,461349174,1,19,0,18,19,2,6,0,0,0,1,6,2,0,3,1,1,1,1,37,7,1996,2,13,RENAULT TRAFIC,8,E01024017,0,-1
2023010443048,2023,010443048,3,19,0,99,99,9,9,99,99,9,9,99,9,99,1,9,6,6,3,-1,-1,1598,2,4,RENAULT TRAFIC,-1,-1,0,-1
2023440160393,2023,440160393,1,19,0,18,19,4,8,0,0,0,0,0,7,4,3,1,1,1,1,67,10,1997,2,0,RENAULT TRAFIC,8,E01023249,0,-1
2023440074067,2023,440074067,1,19,0,9,9,3,1,0,0,6,0,0,0,0,3,1,1,1,1,-1,-1,1996,2,11,RENAULT TRAFIC,10,E01030959,0,-1
2023440084903,2023,440084903,1,19,0,18,19,7,3,0,0,0,0,0,0,0,3,1,1,1,1,67,10,1870,2,17,RENAULT TRAFIC,8,E01022984,0,-1
2023010433922,2023,010433922,1,19,0,7,7,5,7,0,0,1,0,0,0,0,4,2,1,1,1,30,6,1996,2,13,RENAULT TRAFIC,-1,-1,0,-1
2023451376121,2023,451376121,2,19,0,18,19,6,2,0,0,0,0,0,0,0,1,1,6,6,1,36,7,1598,2,9,RENAULT TRAFIC,9,E01031561,0,-1
2023622301051,2023,622301051,1,19,0,18,19,4,8,0,0,0,2,0,0,0,1,1,2,2,1,32,6,1996,2,11,RENAULT TRAFIC,8,W01001306,0,-1
2023501281848,2023,501281848,2,19,0,18,19,3,7,0,0,0,0,4,0,0,4,1,6,6,1,33,6,1870,2,18,RENAULT TRAFIC,3,E01018872,0,-1
2023141333782,2023,141333782,1,19,0,17,19,6,2,0,0,0,2,0,0,0,4,1,2,2,1,28,6,1996,2,9,RENAULT TRAFIC,1,E01028068,0,-1
2023010467295,2023,010467295,1,19,0,18,19,1,5,0,0,8,9,0,0,0,2,1,1,1,1,29,6,1997,2,0,RENAULT TRAFIC,4,E01023538,0,-1
2023501299199,2023,501299199,2,19,0,10,10,5,1,0,0,1,0,0,0,0,1,1,2,2,1,31,6,1598,2,5,RENAULT TRAFIC,2,E01019046,0,-1
2023122301314,2023,122301314,2,19,0,18,19,5,1,0,0,0,0,0,0,0,1,1,6,6,3,24,5,1870,2,20,RENAULT TRAFIC,5,E01011748,0,-1
2023991375006,2023,991375006,1,19,0,18,19,7,3,0,0,8,0,0,0,0,3,1,2,2,1,28,6,1598,2,5,RENAULT TRAFIC,10,-1,0,-1
2023010442636,2023,010442636,1,19,0,18,19,3,7,0,0,8,0,0,0,0,1,1,1,1,1,46,8,1598,2,6,RENAULT TRAFIC,9,E01004115,0,-1
2023501290540,2023,501290540,1,19,0,13,13,3,7,0,0,1,1,0,0,0,1,1,3,7,1,35,6,1996,2,13,RENAULT TRAFIC,5,E01018906,0,-1
2023430481333,2023,430481333,1,19,0,18,19,4,0,0,0,1,0,0,0,0,2,1,2,2,1,54,8,1995,2,9,RENAULT TRAFIC,10,E01028491,0,-1
2023522301512,2023,522301512,2,19,0,18,19,6,2,0,0,0,0,0,0,0,1,1,6,6,1,31,6,1996,2,12,RENAULT TRAFIC,1,E01014801,0,-1
2023471329015,2023,471329015,2,19,0,4,4,2,6,0,0,0,0,0,0,0,2,1,1,1,2,35,6,1997,2,1,RENAULT TRAFIC,3,E01020913,0,-1
2023010420572,2023,010420572,1,19,0,18,19,8,4,0,0,0,0,0,0,0,4,1,1,1,1,39,7,1598,2,7,RENAULT TRAFIC,9,E01000759,0,-1
2023010442670,2023,010442670,2,19,0,99,99,9,9,99,99,0,9,99,9,99,1,9,6,6,3,25,5,1598,2,7,RENAULT TRAFIC,5,E01000036,0,-1
2023052301517,2023,052301517,4,19,0,18,19,1,5,0,0,0,0,0,0,0,2,1,6,6,1,44,7,1598,2,6,RENAULT TRAFIC,8,E01006383,0,-1
2023430398109,2023,430398109,2,19,0,1,1,2,6,0,0,0,0,0,0,0,2,1,6,6,1,30,6,1995,2,15,RENAULT TRAFIC,-1,-1,0,-1
2023010454279,2023,010454279,1,19,0,9,9,1,7,0,0,8,0,0,0,0,4,1,1,1,1,22,5,1997,2,1,RENAULT TRAFIC,-1,-1,0,-1
2023122301029,2023,122301029,1,19,0,1,1,4,8,0,0,1,0,0,0,0,2,1,6,6,1,-1,-1,1996,2,11,RENAULT TRAFIC,1,E01007645,0,-1
2023471345909,2023,471345909,2,19,0,18,19,4,1,0,0,1,0,0,0,0,1,1,5,6,1,54,8,1870,2,21,RENAULT TRAFIC,10,E01031774,0,-1
2023440182842,2023,440182842,2,19,0,9,9,6,5,0,0,1,0,0,0,0,1,1,6,6,1,28,6,1598,2,5,RENAULT TRAFIC,-1,-1,0,-1
2023421313035,2023,421313035,1,19,0,13,13,6,2,0,0,0,0,0,0,0,4,1,5,6,1,27,6,1996,2,9,RENAULT TRAFIC,9,E01021397,0,-1
2023991350790,2023,991350790,2,19,0,10,10,8,6,0,0,1,0,0,0,0,2,1,5,6,1,64,9,1997,2,1,RENAULT TRAFIC,3,-1,0,-1
2023010442314,2023,010442314,2,19,0,99,99,9,9,99,99,9,9,99,9,99,1,9,6,6,3,-1,-1,1598,2,7,RENAULT TRAFIC,-1,-1,0,-1
2023547036023,2023,547036023,1,19,0,18,19,3,7,0,0,0,0,0,0,0,1,1,2,2,1,30,6,1995,2,16,RENAULT TRAFIC,8,E01015472,0,-1
2023522300575,2023,522300575,1,19,0,17,19,5,1,0,0,0,0,0,0,0,1,1,6,6,1,-1,-1,1598,2,4,RENAULT TRAFIC,-1,-1,0,-1
2023010475119,2023,010475119,1,19,0,14,14,3,7,0,0,8,0,0,0,0,4,1,1,1,1,30,6,1997,2,0,RENAULT TRAFIC,5,E01021680,0,-1
2023311277871,2023,311277871,1,19,0,6,6,1,5,0,0,0,0,0,0,0,4,1,1,1,1,43,7,1996,2,13,RENAULT TRAFIC,6,E01013837,0,-1
2023041332948,2023,041332948,3,19,0,9,9,3,3,0,0,8,0,0,0,0,4,1,1,1,1,45,7,1598,2,7,RENAULT TRAFIC,9,E01025553,0,-1
2023010460952,2023,010460952,1,19,0,1,1,7,3,0,0,0,0,0,0,0,2,1,1,1,1,43,7,1997,2,2,RENAULT TRAFIC,6,E01000330,0,-1
2023340WN6162,2023,340WN6162,1,19,0,9,9,6,4,0,0,5,0,0,0,0,1,1,1,1,1,40,7,1996,2,12,RENAULT TRAFIC,2,E01027228,0,-1
2023522400741,2023,522400741,1,19,0,4,4,8,4,0,0,0,0,0,0,0,2,1,6,6,1,45,7,1598,2,4,RENAULT TRAFIC,2,E01014842,0,-1
2023451343705,2023,451343705,1,19,0,18,19,2,6,0,0,2,0,0,0,0,3,1,5,6,1,36,7,1598,2,7,RENAULT TRAFIC,9,E01030875,0,-1
2023549262223,2023,549262223,2,19,0,18,19,2,6,0,0,1,0,0,0,0,4,1,1,1,1,37,7,1996,2,13,RENAULT TRAFIC,9,E01031878,0,-1
2023501352903,2023,501352903,2,10,0,9,9,4,3,0,0,1,0,0,0,0,3,1,6,6,1,54,8,-1,-1,-1,-1,5,E01015062,0,-1
2023052302112,2023,052302112,2,19,0,18,19,1,5,0,0,0,0,0,0,0,4,1,1,1,1,46,8,1996,2,11,RENAULT TRAFIC,2,E01006751,0,-1
2023351352496,2023,351352496,1,19,0,18,19,5,1,0,0,1,0,0,0,0,1,1,6,6,1,34,6,1997,2,2,RENAULT TRAFIC,3,E01018160,0,-1
2023201287287,2023,201287287,2,19,0,9,9,6,3,0,0,5,0,0,0,0,4,1,6,6,1,46,8,1870,2,20,RENAULT TRAFIC,7,E01009189,0,-1
2023401367245,2023,401367245,1,19,0,5,5,5,1,0,0,1,0,0,0,0,3,1,1,1,1,60,9,1997,2,3,RENAULT TRAFIC,10,E01017606,0,-1
2023010423896,2023,010423896,2,19,0,99,99,9,9,99,99,9,9,99,9,99,9,9,6,6,3,-1,-1,1995,2,16,RENAULT TRAFIC,7,E01002377,0,-1
2023101294830,2023,101294830,2,8,0,17,19,7,3,0,0,0,0,0,0,0,1,1,5,6,1,50,8,1598,2,7,RENAULT TRAFIC,8,E01033717,0,-1
2023161264582,2023,161264582,2,9,0,18,19,8,4,0,0,0,0,0,0,0,1,1,5,6,1,33,6,1997,2,3,-1,4,E01012981,0,-1
2023161364324,2023,161364324,1,19,0,18,19,7,3,0,0,1,0,0,0,0,3,1,6,6,1,38,7,1598,2,7,RENAULT TRAFIC,6,E01012922,0,-1
2023471349937,2023,471349937,1,19,0,1,1,3,7,0,0,0,0,0,0,0,2,1,1,1,1,34,6,1996,2,13,RENAULT TRAFIC,3,E01024352,0,-1
2023010485358,2023,010485358,1,19,0,9,9,5,2,0,0,1,0,0,0,0,1,1,2,2,1,38,7,1598,2,5,RENAULT TRAFIC,8,E01024434,0,-1
2023471296369,2023,471296369,1,19,0,18,19,4,8,0,0,1,0,0,0,0,1,1,6,6,1,28,6,1870,2,17,RENAULT TRAFIC,8,E01031545,0,-1
2023471350473,2023,471350473,1,19,0,18,19,6,2,0,0,8,0,0,0,0,4,1,1,1,1,21,5,1870,2,19,RENAULT TRAFIC,6,E01032833,0,-1
2023991281239,2023,991281239,1,19,0,18,19,3,7,0,0,3,0,0,0,0,1,1,1,1,1,54,8,1598,2,5,RENAULT TRAFIC,9,-1,0,-1
2023052300449,2023,052300449,1,19,0,18,19,3,7,0,0,6,0,0,0,0,1,1,1,1,1,50,8,1598,2,5,RENAULT TRAFIC,7,E01006801,0,-1