collision_index,collision_year,collision_ref_no,vehicle_reference,vehicle_type,towing_and_articulation,vehicle_manoeuvre_historic,vehicle_manoeuvre,vehicle_direction_from,vehicle_direction_to,vehicle_location_restricted_lane_historic,vehicle_location_restricted_lane,junction_location,skidding_and_overturning,hit_object_in_carriageway,vehicle_leaving_carriageway,hit_object_off_carriageway,first_point_of_impact,vehicle_left_hand_drive,journey_purpose_of_driver_historic,journey_purpose_of_driver,sex_of_driver,age_of_driver,age_band_of_driver,engine_capacity_cc,propulsion_code,age_of_vehicle,generic_make_model,driver_imd_decile,lsoa_of_driver,escooter_flag,driver_distance_banding
2023010428499,2023,010428499,3,19,0,2,2,0,0,0,0,1,0,0,0,0,0,1,6,6,3,-1,-1,1997,2,3,RENAULT TRAFIC,-1,-1,0,-1
2023461351566,2023,461351566,2,19,0,18,19,1,5,0,0,1,0,0,0,0,1,1,6,6,1,35,6,1996,2,9,RENAULT TRAFIC,5,E01021100,0,-1
2023041334156,2023,041334156,1,19,0,18,19,4,8,0,0,0,0,0,0,0,1,1,5,6,1,27,6,1870,2,18,RENAULT TRAFIC,2,E01012576,0,-1
2023421289432,2023,421289432,1,19,0,18,19,5,2,0,0,0,1,0,1,0,4,1,1,1,1,23,5,1995,2,16,RENAULT TRAFIC,2,E01001557,0,-1
2023991376857,2023,991376857,2,19,0,18,19,3,8,0,0,0,0,0,0,0,1,1,6,6,1,53,8,1995,2,15,RENAULT TRAFIC,-1,-1,0,-1
2023991298608,2023,991298608,3,19,0,3,3,5,1,0,0,0,0,0,0,0,2,1,2,2,1,36,7,1997,2,2,RENAULT TRAFIC,2,-1,0,-1
2023161351969,2023,161351969,2,19,0,18,19,7,3,0,0,0,0,0,0,0,1,1,6,6,3,39,7,1870,2,19,RENAULT TRAFIC,-1,-1,0,-1
2023061290262,2023,061290262,2,19,0,4,4,3,7,0,0,0,0,0,0,0,2,1,1,1,1,23,5,1598,2,4,RENAULT TRAFIC,1,E01006060,0,-1
2023211319949,2023,211319949,2,9,0,7,7,1,5,0,0,8,0,0,0,0,4,1,6,6,1,56,9,1995,2,11,-1,1,E01014210,0,-1
2023991277526,2023,991277526,1,19,0,9,9,8,7,0,0,8,0,0,0,0,1,1,1,1,1,39,7,1997,2,1,RENAULT TRAFIC,5,-1,0,-1
2023361339138,2023,361339138,1,19,0,5,5,4,8,0,0,2,0,0,0,0,4,1,6,6,1,60,9,1997,2,0,RENAULT TRAFIC,4,E01026925,0,-1
2023351374868,2023,351374868,1,19,0,99,99,-1,-1,0,0,0,0,0,0,0,1,1,6,6,1,31,6,1598,2,6,RENAULT TRAFIC,6,E01015675,0,-1
2023010419720,2023,010419720,2,10,0,99,99,9,9,99,99,9,9,99,9,99,4,9,6,6,1,52,8,-1,-1,-1,-1,1,E01003192,0,-1
2023010437302,2023,010437302,2,19,0,99,99,9,9,99,99,9,9,99,9,99,1,9,6,6,3,-1,-1,1997,2,3,RENAULT TRAFIC,-1,-1,0,-1
2023501290216,2023,501290216,1,8,0,17,19,6,2,0,0,0,0,0,8,7,3,1,3,7,1,44,7,1995,2,11,RENAULT TRAFIC,1,E01015145,0,-1
2023340WN2702,2023,340WN2702,2,19,0,18,19,1,5,0,0,0,1,0,0,0,1,1,6,6,1,61,9,1997,2,0,RENAULT TRAFIC,6,E01002485,0,-1
2023010492924,2023,010492924,2,19,0,9,9,3,1,0,0,8,0,0,0,0,4,1,1,1,1,35,6,1997,2,1,RENAULT TRAFIC,5,E01021241,0,-1
2023371363505,2023,371363505,1,19,0,13,13,2,6,0,0,0,0,0,0,0,3,1,1,1,1,45,7,1997,2,1,RENAULT TRAFIC,1,E01030249,0,-1
2023411352371,2023,411352371,2,19,-1,18,19,-1,-1,0,0,0,0,0,0,0,0,1,6,6,1,52,8,1997,2,0,RENAULT TRAFIC,-1,-1,0,-1
2023440184401,2023,440184401,1,8,0,9,9,5,2,0,0,1,0,0,0,0,3,1,1,1,1,70,10,1598,2,5,RENAULT TRAFIC,-1,-1,0,-1
2023501338691,2023,501338691,1,19,0,17,19,8,4,0,0,0,1,0,1,11,4,1,5,6,1,66,10,1995,2,16,RENAULT TRAFIC,5,E01020319,0,-1
2023010472317,2023,010472317,1,19,0,9,9,5,3,0,0,6,0,0,0,0,1,1,1,1,1,21,5,1598,2,7,RENAULT TRAFIC,5,E01000194,0,-1
2023010477369,2023,010477369,1,19,0,18,19,5,1,0,0,1,0,0,0,0,1,1,1,1,1,43,7,1598,2,7,RENAULT TRAFIC,6,E01016564,0,-1
2023320599049,2023,320599049,1,19,0,18,19,2,6,0,0,0,0,0,0,0,1,1,1,1,1,34,6,1598,2,7,RENAULT TRAFIC,-1,-1,0,-1
2023451308614,2023,451308614,1,19,0,14,14,7,3,0,0,0,0,0,0,0,1,1,2,2,1,37,7,1598,2,4,RENAULT TRAFIC,10,E01030526,0,-1
2023010459035,2023,010459035,1,19,0,2,2,0,0,0,0,0,1,0,0,0,2,1,6,6,3,-1,-1,1997,2,3,RENAULT TRAFIC,-1,-1,0,-1
2023010461141,2023,010461141,1,19,0,18,19,7,3,9,9,1,0,0,7,11,3,1,2,2,1,66,10,1598,2,4,RENAULT TRAFIC,3,E01004167,0,-1
2023552301274,2023,552301274,2,19,0,18,19,8,4,0,0,8,0,0,0,0,4,1,1,1,1,24,5,1598,2,6,RENAULT TRAFIC,7,E01020359,0,-1
2023221281449,2023,221281449,1,19,0,18,19,7,3,0,0,0,0,0,0,0,4,1,6,6,2,42,7,1598,2,8,RENAULT TRAFIC,6,E01028850,0,-1
2023010443229,2023,010443229,2,19,0,9,9,1,6,7,6,1,0,0,0,0,1,1,1,1,1,31,6,1997,2,1,RENAULT TRAFIC,-1,-1,0,-1
202354C402623,2023,54C402623,1,19,0,18,19,4,8,0,0,0,0,0,0,0,3,1,2,2,1,49,8,1598,2,8,RENAULT TRAFIC,8,E01032704,0,-1
2023052302732,2023,052302732,2,19,0,2,2,0,0,0,0,0,0,0,0,0,2,1,6,6,3,-1,-1,1598,2,8,RENAULT TRAFIC,-1,-1,0,-1
2023010438955,2023,010438955,1,19,0,5,5,5,1,0,0,1,0,0,0,0,1,1,2,2,1,61,9,1598,2,6,RENAULT TRAFIC,3,E01001844,0,-1
2023010478026,2023,010478026,1,19,0,9,9,5,3,0,0,8,0,0,0,0,3,1,2,2,1,33,6,1598,2,6,RENAULT TRAFIC,3,E01001229,0,-1
2023430218202,2023,430218202,1,19,0,11,11,5,1,0,0,0,0,0,0,0,1,1,6,6,1,31,6,1997,2,0,RENAULT TRAFIC,5,E01021741,0,-1
2023131348663,2023,131348663,1,19,0,18,19,1,6,0,0,1,0,7,7,10,3,1,5,6,1,70,10,1996,2,10,RENAULT TRAFIC,4,E01032498,0,-1
2023520300817,2023,520300817,1,19,0,18,19,7,3,0,0,0,0,0,0,0,4,1,6,6,3,-1,-1,1598,2,6,RENAULT TRAFIC,-1,-1,0,-1
2023010461679,2023,010461679,1,19,0,7,7,6,1,4,4,5,0,0,0,0,1,1,1,1,1,34,6,1598,2,5,RENAULT TRAFIC,3,E01003251,0,-1
202360A095905,2023,60A095905,1,19,0,18,19,5,1,0,0,0,0,0,0,0,4,1,6,6,1,64,9,1870,2,19,RENAULT TRAFIC,-1,-1,0,-1
2023991340086,2023,991340086,1,19,0,16,19,1,4,0,0,0,0,0,0,0,1,1,1,1,2,53,8,1598,2,7,RENAULT TRAFIC,1,-1,0,-1
2023461381161,2023,461381161,1,19,0,4,4,8,4,0,0,1,0,0,0,0,1,1,6,6,1,34,6,1598,2,6,RENAULT TRAFIC,7,E01024333,0,-1
2023440320611,2023,440320611,1,19,0,18,19,6,2,0,0,0,0,0,0,0,1,1,2,2,1,46,8,1997,2,0,RENAULT TRAFIC,7,E01022777,0,-1
2023010463398,2023,010463398,2,19,0,5,5,7,3,0,0,0,0,4,0,0,1,1,1,1,1,31,6,1598,2,6,RENAULT TRAFIC,2,E01002078,0,-1
202354C506923,2023,54C506923,2,19,0,10,10,5,3,0,0,1,0,0,0,0,2,1,6,6,1,41,7,1995,2,9,RENAULT TRAFIC,4,E01032070,0,-1
2023122300505,2023,122300505,2,20,0,18,19,5,7,0,0,4,0,0,0,0,1,1,6,6,1,18,4,-1,-1,-1,-1,9,E01027894,0,-1
2023010452215,2023,010452215,2,19,0,3,3,7,3,0,0,0,0,0,0,0,3,1,1,1,1,43,7,1996,2,12,RENAULT TRAFIC,6,E01001270,0,-1
2023440431432,2023,440431432,2,19,0,4,4,4,8,0,0,0,0,0,0,0,2,1,2,2,1,34,6,1997,2,0,RENAULT TRAFIC,8,E01016232,0,-1
2023501389283,2023,501389283,1,19,0,7,7,7,2,0,0,2,0,0,1,0,1,1,5,6,1,41,7,1995,2,10,RENAULT TRAFIC,4,E01018965,0,-1
2023371294652,2023,371294652,4,19,0,4,4,5,1,0,0,0,0,0,0,0,2,1,6,6,1,45,7,1997,2,1,RENAULT TRAFIC,5,E01026648,0,-1
2023010441190,2023,010441190,2,19,0,99,99,9,9,99,99,9,9,99,9,99,9,9,6,6,3,-1,-1,1997,2,0,RENAULT TRAFIC,-1,-1,0,-1
2023440486736,2023,440486736,1,19,0,1,1,5,1,0,0,6,0,0,0,0,2,1,6,6,1,64,9,1996,2,11,RENAULT TRAFIC,9,E01022930,0,-1
2023041317577,2023,041317577,1,19,0,12,12,1,5,0,0,0,2,0,5,4,1,1,1,1,1,31,6,1996,2,12,RENAULT TRAFIC,1,-1,0,-1
2023010427618,2023,010427618,1,19,0,5,5,1,5,0,0,0,0,10,0,0,1,1,1,1,1,47,8,1598,2,5,RENAULT TRAFIC,3,E01002048,0,-1
2023991316805,2023,991316805,1,19,0,18,19,5,1,0,0,0,0,0,0,0,1,1,1,1,1,62,9,1995,2,13,RENAULT TRAFIC,3,-1,0,-1
2023311386829,2023,311386829,2,19,0,18,19,8,5,0,0,0,0,0,0,0,1,1,6,6,1,57,9,1996,2,11,RENAULT TRAFIC,4,E01028225,0,-1
2023522401136,2023,522401136,1,19,0,18,19,6,2,0,0,6,0,0,0,0,3,1,6,6,1,24,5,1997,2,2,RENAULT TRAFIC,6,E01014734,0,-1
2023010480180,2023,010480180,1,19,0,9,9,2,7,0,0,5,0,0,0,0,3,1,6,6,1,52,8,1598,2,5,RENAULT TRAFIC,4,E01001087,0,-1
2023320512525,2023,320512525,1,19,0,16,19,4,7,0,0,0,0,0,0,0,1,1,1,1,1,22,5,1598,2,4,RENAULT TRAFIC,5,E01026201,0,-1
2023131387479,2023,131387479,2,10,0,11,11,1,5,0,0,0,1,0,0,0,1,1,1,1,1,23,5,-1,-1,-1,-1,1,E01010676,0,-1
2023010459823,2023,010459823,2,19,0,99,99,9,9,99,99,9,9,99,9,99,9,9,6,6,3,-1,-1,1598,2,7,RENAULT TRAFIC,-1,-1,0,-1
2023010459597,2023,010459597,1,19,0,99,99,9,9,99,99,0,9,99,9,99,2,1,6,6,3,-1,-1,1598,2,6,RENAULT TRAFIC,-1,-1,0,-1
2023141367269,2023,141367269,1,19,0,18,19,6,2,0,0,0,0,0,0,0,2,1,6,6,3,-1,-1,1997,2,1,RENAULT TRAFIC,-1,-1,0,-1
2023471352689,2023,471352689,2,19,0,2,2,0,0,0,0,2,0,4,0,0,2,1,6,6,3,-1,-1,1870,2,17,RENAULT TRAFIC,-1,-1,0,-1
2023131381490,2023,131381490,1,19,0,7,7,1,7,0,0,8,0,0,0,0,1,1,6,6,3,-1,-1,1997,2,1,RENAULT TRAFIC,-1,-1,0,-1
2023451317829,2023,451317829,2,19,0,18,19,8,8,0,0,1,0,0,0,0,1,1,2,2,1,37,7,1598,2,8,RENAULT TRAFIC,10,E01022898,0,-1
2023440390790,2023,440390790,2,19,0,18,19,6,2,0,0,8,0,0,0,0,1,1,1,1,1,28,6,1870,2,20,RENAULT TRAFIC,8,E01022991,0,-1
2023552300894,2023,552300894,1,19,0,9,9,4,2,0,0,6,0,0,0,0,1,1,1,1,1,33,6,1598,2,7,RENAULT TRAFIC,6,E01023056,0,-1
2023991305055,2023,991305055,1,19,0,9,9,3,1,0,0,5,0,0,0,0,1,1,1,1,1,45,7,1598,2,5,RENAULT TRAFIC,3,-1,0,-1
2023332300888,2023,332300888,1,19,0,18,19,3,7,0,0,0,1,0,1,9,2,1,2,2,1,36,7,1995,2,10,RENAULT TRAFIC,8,E01025743,0,-1
2023522301696,2023,522301696,2,19,0,1,1,1,5,0,0,6,0,0,0,0,4,1,1,1,1,-1,-1,1997,2,3,RENAULT TRAFIC,-1,-1,0,-1
2023421341576,2023,421341576,2,19,0,4,4,7,3,0,0,0,0,0,0,0,2,1,6,6,1,63,9,1598,2,4,RENAULT TRAFIC,2,E01021268,0,-1
2023131291986,2023,131291986,3,19,0,4,4,8,4,0,0,0,0,0,0,0,2,1,1,1,1,49,8,1598,2,4,RENAULT TRAFIC,9,E01011583,0,-1
2023221389248,2023,221389248,2,10,0,18,19,6,2,0,0,0,5,0,1,7,2,1,5,6,1,39,7,-1,-1,-1,-1,3,W01001898,0,-1
2023101320525,2023,101320525,2,19,0,2,2,0,0,9,9,1,0,0,0,0,2,1,6,6,3,-1,-1,1598,2,8,RENAULT TRAFIC,-1,-1,0,-1
2023131270607,2023,131270607,3,19,0,2,2,0,0,0,0,0,0,0,0,0,2,1,6,6,3,-1,-1,1997,2,3,RENAULT TRAFIC,-1,-1,0,-1
2023111360640,2023,111360640,2,19,0,9,9,3,7,0,0,1,0,0,7,11,3,1,6,6,1,37,7,1598,2,8,RENAULT TRAFIC,5,E01020858,0,-1
2023041363012,2023,041363012,1,19,0,18,19,1,5,0,0,0,0,0,0,0,1,1,6,6,3,-1,-1,1997,2,1,RENAULT TRAFIC,-1,-1,0,-1
2023501346180,2023,501346180,1,19,0,18,19,4,8,0,0,0,0,0,7,11,1,1,5,6,1,47,8,1598,2,6,RENAULT TRAFIC,-1,-1,0,-1
2023430127041,2023,430127041,2,19,0,18,19,2,6,0,0,8,0,0,0,0,4,1,1,1,1,67,10,1996,2,12,RENAULT TRAFIC,8,E01016320,0,-1
2023552300336,2023,552300336,1,19,0,18,19,7,3,0,0,8,0,0,0,0,1,1,1,1,1,31,6,1598,2,8,RENAULT TRAFIC,8,E01015447,0,-1
2023161376999,2023,161376999,1,19,0,18,19,7,3,0,0,1,0,0,0,0,3,1,2,2,1,34,6,1598,2,6,RENAULT TRAFIC,3,E01013135,0,-1
2023320412041,2023,320412041,2,19,0,17,19,8,4,0,0,0,0,0,0,0,1,1,1,1,1,28,6,1997,2,0,RENAULT TRAFIC,2,E01026108,0,-1
2023451362141,2023,451362141,2,19,0,18,19,1,5,0,0,0,1,6,0,0,1,1,1,1,1,33,6,1995,2,16,RENAULT TRAFIC,4,E01024429,0,-1
2023010456520,2023,010456520,2,10,0,4,4,1,5,0,0,3,0,0,0,0,0,1,6,6,1,67,10,-1,-1,-1,-1,8,E01002160,0,-1
2023010437249,2023,010437249,4,19,0,18,19,8,4,0,0,0,0,0,0,0,1,1,1,1,1,57,9,1995,2,11,RENAULT TRAFIC,6,E01024436,0,-1
2023010438749,2023,010438749,2,19,0,18,19,7,3,0,0,1,0,0,0,0,1,1,6,6,1,47,8,1598,2,6,RENAULT TRAFIC,2,E01032565,0,-1
2023471319872,2023,471319872,1,19,0,18,19,1,5,0,0,0,0,4,0,0,1,1,1,1,1,47,8,1997,2,1,RENAULT TRAFIC,7,E01021025,0,-1
2023421348358,2023,421348358,1,19,0,18,19,4,8,0,0,0,0,0,0,0,1,1,1,1,1,37,7,1997,2,1,RENAULT TRAFIC,-1,-1,0,-1
2023010419438,2023,010419438,2,19,0,99,99,9,9,99,99,0,9,99,9,99,9,9,6,6,3,-1,-1,1598,2,4,RENAULT TRAFIC,-1,-1,0,-1
2023221294277,2023,221294277,1,19,0,18,19,7,3,0,0,4,0,0,0,0,1,1,1,1,1,39,7,1598,2,8,RENAULT TRAFIC,10,E01029366,0,-1
2023161293850,2023,161293850,2,19,0,4,4,8,5,0,0,8,0,0,0,0,1,1,6,6,1,46,8,1598,2,8,RENAULT TRAFIC,-1,-1,0,-1
2023421359558,2023,421359558,1,19,0,18,19,6,2,0,0,1,5,0,1,0,1,1,5,6,1,29,6,1996,2,12,RENAULT TRAFIC,5,E01021410,0,-1
2023631381481,2023,631381481,2,19,0,18,19,8,4,0,0,0,0,0,0,0,3,1,2,2,1,37,7,1598,2,6,RENAULT TRAFIC,6,W01000433,0,-1
2023411300331,2023,411300331,1,19,0,18,19,5,1,0,0,0,0,0,0,0,1,1,1,1,1,30,6,1997,2,3,RENAULT TRAFIC,4,E01029363,0,-1
2023401371675,2023,401371675,1,19,0,18,19,6,2,0,0,1,0,0,0,0,1,1,1,1,1,27,6,1997,2,2,RENAULT TRAFIC,3,E01015785,0,-1
2023440176145,2023,440176145,2,19,0,3,3,4,8,0,0,0,0,0,0,0,2,1,6,6,1,56,9,1598,2,4,RENAULT TRAFIC,9,E01031995,0,-1
2023451281428,2023,451281428,1,19,0,18,19,1,5,0,0,1,0,0,0,0,4,1,1,1,1,31,6,1870,2,19,RENAULT TRAFIC,8,E01030485,0,-1
2023052303087,2023,052303087,2,19,0,2,2,0,0,0,0,1,0,0,0,0,3,1,6,6,3,-1,-1,1997,2,2,RENAULT TRAFIC,-1,-1,0,-1
2023340WN6562,2023,340WN6562,1,19,0,18,19,1,4,0,0,4,2,0,1,0,3,1,6,6,1,30,6,1598,2,8,RENAULT TRAFIC,10,E01027291,0,-1
2023211295787,2023,211295787,2,20,0,4,4,3,7,0,0,0,0,0,0,0,3,1,2,2,1,37,7,-1,-1,-1,-1,-1,-1,0,-1
2023010477791,2023,010477791,3,19,0,4,4,3,7,0,0,1,0,0,0,0,2,1,1,1,1,50,8,1997,2,0,RENAULT TRAFIC,2,E01003237,0,-1
2023471299864,2023,471299864,2,19,0,5,5,4,8,0,0,4,1,0,1,0,3,1,1,1,1,34,6,1598,2,7,RENAULT TRAFIC,9,E01031416,0,-1
202360A046829,2023,60A046829,2,20,0,18,19,2,7,0,0,8,0,0,0,0,1,1,6,6,1,56,9,-1,-1,-1,-1,-1,-1,0,-1
2023010436262,2023,010436262,2,19,0,99,99,9,9,99,99,9,9,99,9,99,1,9,6,6,1,-1,-1,1598,2,6,RENAULT TRAFIC,-1,-1,0,-1
2023440487298,2023,440487298,3,19,0,18,19,5,1,0,0,1,0,0,0,0,1,1,6,6,1,22,5,1995,2,13,RENAULT TRAFIC,1,E01017166,0,-1
2023010476732,2023,010476732,2,19,0,99,99,9,9,99,99,0,0,99,9,99,9,1,6,6,3,-1,-1,1598,2,7,RENAULT TRAFIC,-1,-1,0,-1
2023302301692,2023,302301692,1,19,0,9,9,8,6,0,0,8,0,0,0,0,4,1,1,1,1,26,6,1996,2,12,RENAULT TRAFIC,4,E01019555,0,-1
2023141356252,2023,141356252,2,19,0,18,19,2,5,0,0,1,0,0,0,0,1,1,1,1,1,39,7,1996,2,11,RENAULT TRAFIC,2,E01032920,0,-1
2023041377240,2023,041377240,2,9,0,18,19,7,3,0,0,0,0,0,0,0,2,1,1,1,1,44,7,1995,2,11,-1,5,E01025144,0,-1
2023451368649,2023,451368649,2,19,0,11,11,3,1,0,0,8,0,0,0,0,1,1,1,1,1,34,6,1997,2,1,RENAULT TRAFIC,9,E01016247,0,-1
2023061301787,2023,061301787,1,19,0,4,4,4,1,0,0,0,0,0,0,0,1,1,1,1,1,34,6,1598,2,6,RENAULT TRAFIC,-1,-1,0,-1
2023010476299,2023,010476299,1,19,0,5,5,3,7,0,0,2,0,0,0,0,3,1,1,1,1,56,9,1997,2,3,RENAULT TRAFIC,2,E01000523,0,-1
2023041338696,2023,041338696,1,19,0,18,19,-1,-1,0,0,2,0,0,0,0,1,1,6,6,1,32,6,1996,2,13,RENAULT TRAFIC,9,E01006365,0,-1
2023041393551,2023,041393551,3,19,0,2,2,0,0,0,0,1,0,0,0,0,0,1,6,6,3,-1,-1,1598,2,4,RENAULT TRAFIC,-1,-1,0,-1
2023501286672,2023,501286672,1,19,0,18,19,5,2,0,0,0,0,0,0,0,1,1,2,2,1,26,6,1997,2,2,RENAULT TRAFIC,6,E01019893,0,-1
2023471308335,2023,471308335,1,19,0,9,9,7,5,0,0,8,0,0,0,0,4,1,1,1,1,59,9,1598,2,8,RENAULT TRAFIC,8,E01016931,0,-1
2023461330109,2023,461330109,1,19,0,18,19,1,5,0,0,0,0,0,0,0,1,1,6,6,1,53,8,1996,2,13,RENAULT TRAFIC,-1,-1,0,-1
2023522301754,2023,522301754,4,20,0,2,2,0,0,0,0,2,0,0,0,0,3,1,6,6,3,-1,-1,1870,2,17,-1,-1,-1,0,-1
2023010429257,2023,010429257,1,19,0,4,4,4,8,0,0,1,0,0,0,0,2,1,6,6,1,33,6,1997,2,3,RENAULT TRAFIC,7,E01003831,0,-1
2023622300416,2023,622300416,1,19,0,14,14,2,6,0,0,1,0,0,0,0,4,1,2,2,1,31,6,1997,2,1,RENAULT TRAFIC,5,W01001938,0,-1
2023122400068,2023,122400068,2,19,0,18,19,3,7,0,0,0,0,0,0,0,1,1,6,6,1,57,9,1996,2,10,RENAULT TRAFIC,5,E01025200,0,-1
2023461368573,2023,461368573,1,19,0,18,19,6,2,0,0,0,0,4,0,0,4,1,6,6,2,35,6,1997,2,3,RENAULT TRAFIC,7,E01024479,0,-1
2023501312687,2023,501312687,1,19,0,18,19,8,4,0,0,0,0,0,0,0,3,1,6,6,1,42,7,1598,2,4,RENAULT TRAFIC,3,E01020294,0,-1
2023010455806,2023,010455806,2,19,0,1,1,1,5,0,0,1,0,4,0,0,2,1,2,2,1,37,7,1997,2,1,RENAULT TRAFIC,8,E01018670,0,-1
2023101340434,2023,101340434,1,19,-1,18,19,1,5,0,0,4,0,0,0,0,3,1,6,6,3,-1,-1,1598,2,9,RENAULT TRAFIC,-1,-1,0,-1
2023411279788,2023,411279788,2,19,0,3,3,5,1,0,0,0,0,0,0,0,2,1,6,6,1,45,7,1996,2,9,RENAULT TRAFIC,5,E01023304,0,-1
2023010423193,2023,010423193,1,19,0,7,7,5,7,0,0,5,0,0,0,0,1,1,2,2,1,51,8,1598,2,7,RENAULT TRAFIC,9,E01024269,0,-1
2023501399952,2023,501399952,1,19,0,18,19,1,5,0,0,1,0,0,0,0,1,1,6,6,1,56,9,1995,2,9,RENAULT TRAFIC,9,E01016641,0,-1
2023461382521,2023,461382521,1,19,0,5,5,0,7,0,0,0,0,0,0,0,2,1,1,1,1,37,7,1995,2,15,RENAULT TRAFIC,4,E01016011,0,-1
2023201408385,2023,201408385,2,19,0,4,4,8,4,0,0,1,0,0,0,0,1,1,6,6,1,-1,-1,1870,2,17,RENAULT TRAFIC,1,E01009962,0,-1
2023010476502,2023,010476502,1,19,0,18,19,7,3,0,0,0,0,0,0,0,1,1,1,1,1,34,6,1598,2,6,RENAULT TRAFIC,8,E01004193,0,-1
2023411396532,2023,411396532,1,20,0,18,19,7,5,0,0,3,0,0,0,0,1,1,1,1,1,23,5,-1,-1,-1,-1,8,E01023712,0,-1
2023622300343,2023,622300343,2,8,0,18,19,4,8,0,0,1,0,0,0,0,1,1,1,1,1,52,8,1997,2,1,RENAULT TRAFIC,5,W01000871,0,-1
2023131364917,2023,131364917,1,19,0,5,5,5,1,0,0,4,0,0,0,0,1,1,6,6,1,25,5,1598,2,4,RENAULT TRAFIC,1,-1,0,-1
2023010449646,2023,010449646,1,19,0,9,9,6,3,0,0,2,0,10,0,0,1,2,6,6,1,23,5,1997,2,3,RENAULT TRAFIC,6,E01002126,0,-1
2023010433540,2023,010433540,2,19,0,18,19,3,7,0,0,1,0,0,0,0,1,1,6,6,1,60,9,1598,2,6,RENAULT TRAFIC,3,E01004454,0,-1
2023010480634,2023,010480634,2,19,0,5,5,5,1,0,0,1,0,0,0,0,3,1,2,2,1,48,8,1598,2,7,RENAULT TRAFIC,6,E01004550,0,-1
2023531329518,2023,531329518,1,19,0,18,19,7,3,0,0,0,1,10,1,1,1,1,1,1,1,26,6,1995,2,16,RENAULT TRAFIC,3,E01022237,0,-1
2023461375776,2023,461375776,1,19,0,18,19,6,2,0,0,0,1,0,0,0,3,1,6,6,2,38,7,1997,2,1,RENAULT TRAFIC,4,E01024582,0,-1
2023122301241,2023,122301241,2,9,0,7,7,3,7,0,0,8,0,0,0,0,1,1,1,1,1,29,6,1598,2,6,-1,9,E01027922,0,-1
2023991314277,2023,991314277,1,19,0,18,19,1,5,0,0,0,0,0,0,0,1,1,5,6,1,62,9,1598,2,6,RENAULT TRAFIC,3,-1,0,-1
2023411358890,2023,411358890,1,19,0,12,12,8,4,0,0,0,0,0,0,0,3,1,6,6,1,44,7,1997,2,2,RENAULT TRAFIC,3,E01005872,0,-1
2023421308979,2023,421308979,2,19,0,4,4,7,3,0,0,0,0,0,0,0,2,1,1,1,2,52,8,1997,2,2,RENAULT TRAFIC,5,E01021906,0,-1
2023991289521,2023,991289521,1,19,0,9,9,5,3,0,0,2,0,0,0,0,3,1,1,1,1,52,8,1995,2,14,RENAULT TRAFIC,3,-1,0,-1
2023231285359,2023,231285359,2,19,0,4,4,8,4,0,0,0,0,0,0,0,2,1,1,1,1,32,6,1598,2,4,RENAULT TRAFIC,5,E01032371,0,-1
2023501287258,2023,501287258,1,19,0,5,5,5,3,0,0,2,0,0,0,0,3,1,1,1,1,38,7,1995,2,14,RENAULT TRAFIC,3,E01018982,0,-1
2023010423851,2023,010423851,2,19,9,99,99,9,9,99,99,9,9,99,9,99,1,9,6,6,3,-1,-1,1598,2,6,RENAULT TRAFIC,-1,-1,0,-1
2023461317465,2023,461317465,1,9,0,18,19,1,5,0,0,8,0,0,0,0,1,1,6,6,1,48,8,1996,2,14,-1,7,E01024131,0,-1
2023302300268,2023,302300268,2,19,0,11,11,6,2,0,0,0,0,0,0,0,1,1,1,1,1,50,8,1870,2,18,RENAULT TRAFIC,7,E01019422,0,-1
2023131341069,2023,131341069,2,19,0,5,5,3,6,0,0,0,0,0,0,0,1,1,2,2,1,22,5,1598,2,6,RENAULT TRAFIC,7,E01011193,0,-1
2023041310010,2023,041310010,3,19,0,2,2,1,2,0,0,1,0,0,0,0,2,1,6,6,3,-1,-1,1598,2,4,RENAULT TRAFIC,-1,-1,0,-1
2023041263062,2023,041263062,1,19,0,5,5,3,3,0,0,4,0,0,0,0,1,2,6,6,3,-1,-1,1997,2,2,RENAULT TRAFIC,-1,-1,0,-1
2023070161833,2023,070161833,2,19,0,18,19,3,7,0,0,0,0,0,7,0,4,1,2,2,1,23,5,1997,2,2,RENAULT TRAFIC,8,E01028875,0,-1
2023401374360,2023,401374360,1,19,0,99,99,6,2,0,0,0,0,0,0,0,3,1,6,6,1,57,9,1598,2,6,RENAULT TRAFIC,5,E01015767,0,-1
2023061328027,2023,061328027,3,19,0,18,19,7,7,0,0,0,1,0,0,0,1,1,1,1,2,49,8,1997,2,0,RENAULT TRAFIC,3,E01007701,0,-1
2023461399109,2023,461399109,1,19,0,9,9,5,1,0,0,2,0,0,0,0,1,1,6,6,1,37,7,1598,2,4,RENAULT TRAFIC,2,E01024080,0,-1
2023010437960,2023,010437960,1,19,0,7,7,7,2,0,0,8,0,0,0,0,4,1,1,1,1,41,7,1997,2,0,RENAULT TRAFIC,5,E01021426,0,-1
2023421387112,2023,421387112,2,19,0,5,5,8,4,0,0,8,0,0,0,0,1,1,1,1,1,25,5,1995,2,16,RENAULT TRAFIC,7,E01021344,0,-1
2023201277429,2023,201277429,1,19,0,18,19,3,7,0,0,2,0,0,0,0,1,1,6,6,1,39,7,1598,2,7,RENAULT TRAFIC,4,E01026410,0,-1