collision_index,collision_year,collision_ref_no,vehicle_reference,vehicle_type,towing_and_articulation,vehicle_manoeuvre_historic,vehicle_manoeuvre,vehicle_direction_from,vehicle_direction_to,vehicle_location_restricted_lane_historic,vehicle_location_restricted_lane,junction_location,skidding_and_overturning,hit_object_in_carriageway,vehicle_leaving_carriageway,hit_object_off_carriageway,first_point_of_impact,vehicle_left_hand_drive,journey_purpose_of_driver_historic,journey_purpose_of_driver,sex_of_driver,age_of_driver,age_band_of_driver,engine_capacity_cc,propulsion_code,age_of_vehicle,generic_make_model,driver_imd_decile,lsoa_of_driver,escooter_flag,driver_distance_banding
2023041379964,2023,041379964,1,9,0,18,19,2,6,0,0,0,0,4,0,0,1,1,6,6,2,88,11,1197,1,4,FORD KA+,8,E01025090,0,-1
2023070365095,2023,070365095,2,9,0,18,19,1,5,0,0,0,0,11,2,2,2,1,6,6,2,26,6,1197,1,5,FORD KA+,3,E01012427,0,-1
2023430395511,2023,430395511,1,9,0,9,9,4,2,0,0,5,0,0,0,0,3,1,6,6,1,20,4,1197,1,4,FORD KA+,-1,-1,0,-1
2023552300785,2023,552300785,3,9,0,18,19,6,2,0,0,0,0,0,0,0,1,1,6,6,1,81,11,1198,1,5,FORD KA+,4,E01015835,0,-1
2023311346520,2023,311346520,1,9,0,5,5,5,3,0,0,6,0,0,0,0,3,1,6,6,1,77,11,1198,1,5,FORD KA+,9,E01028419,0,-1
2023052302653,2023,052302653,1,9,0,18,19,3,7,0,0,6,0,0,0,0,1,1,6,6,1,67,10,1198,1,5,FORD KA+,1,E01006448,0,-1
2023361319660,2023,361319660,1,9,0,5,5,-1,-1,0,0,8,0,0,0,0,-1,1,6,6,2,52,8,1198,1,6,FORD KA+,8,E01026948,0,-1
2023010452548,2023,010452548,1,9,0,99,99,9,9,99,99,9,9,99,9,99,2,9,6,6,2,26,6,1198,1,6,FORD KA+,1,E01000868,0,-1
2023421322112,2023,421322112,2,9,0,3,3,3,7,0,0,0,0,0,0,0,2,1,2,2,2,53,8,1197,1,5,FORD KA+,8,E01021405,0,-1
202360A009774,2023,60A009774,1,9,0,3,3,4,8,0,0,0,0,0,0,0,2,1,6,6,1,74,10,1198,1,6,FORD KA+,-1,-1,0,-1
2023421349250,2023,421349250,1,9,0,18,19,3,7,0,0,1,0,0,0,0,4,1,5,6,2,49,8,1198,1,6,FORD KA+,9,E01023438,0,-1
2023421347168,2023,421347168,1,9,0,18,19,1,5,0,0,0,0,0,0,0,1,1,6,6,2,19,4,1197,1,5,FORD KA+,3,E01021870,0,-1
2023461310303,2023,461310303,3,9,0,2,2,0,0,0,0,0,0,0,0,0,3,1,6,6,3,-1,-1,1198,1,5,FORD KA+,-1,-1,0,-1
2023201279154,2023,201279154,2,9,0,2,2,0,0,0,0,0,0,0,0,0,2,1,6,6,2,57,9,1197,1,4,FORD KA+,3,E01009589,0,-1
2023622300187,2023,622300187,1,9,0,5,5,2,6,0,0,0,0,0,0,0,1,1,6,6,2,50,8,1198,1,5,FORD KA+,3,W01001145,0,-1
2023041262570,2023,041262570,2,9,0,18,19,7,3,0,0,0,0,0,0,0,2,1,5,6,1,80,11,1198,1,6,FORD KA+,7,E01024999,0,-1
2023451266084,2023,451266084,1,9,0,18,19,2,6,0,0,0,0,0,0,0,1,1,5,6,2,31,6,1197,1,4,FORD KA+,9,E01028502,0,-1
2023461386611,2023,461386611,1,9,0,18,19,1,5,0,0,8,1,0,0,0,1,1,2,2,2,18,4,1198,1,5,FORD KA+,8,E01024414,0,-1
2023471368469,2023,471368469,1,9,0,18,19,7,3,0,0,1,0,0,0,0,1,1,6,6,2,50,8,1197,1,5,FORD KA+,6,E01031408,0,-1
2023311370397,2023,311370397,1,9,0,7,7,4,1,0,0,3,0,0,0,0,1,1,5,6,2,78,11,1198,1,6,FORD KA+,10,E01028292,0,-1
2023061356578,2023,061356578,1,9,0,9,9,7,5,0,0,8,0,0,0,0,4,1,5,6,1,71,10,1197,1,4,FORD KA+,1,E01004857,0,-1
2023430157105,2023,430157105,1,9,0,7,7,6,8,0,0,4,0,0,0,0,1,1,1,1,1,31,6,1197,1,4,FORD KA+,5,E01016233,0,-1
2023101306337,2023,101306337,2,9,0,18,19,1,5,0,0,1,0,0,0,0,2,1,5,6,2,47,8,1198,1,6,FORD KA+,2,E01027534,0,-1
2023552300579,2023,552300579,3,9,0,18,19,1,5,0,0,0,0,0,0,0,1,1,6,6,2,35,6,1197,1,4,FORD KA+,-1,-1,0,-1
2023201410390,2023,201410390,2,9,0,18,19,6,2,0,0,1,0,0,0,0,1,1,6,6,2,43,7,1198,1,5,FORD KA+,4,E01013740,0,-1
202354C602323,2023,54C602323,2,9,0,4,4,5,1,0,0,1,0,0,0,0,2,1,2,2,2,52,8,1197,1,4,FORD KA+,5,E01032066,0,-1
2023440287468,2023,440287468,1,9,0,14,14,4,8,0,0,0,0,0,0,0,1,1,6,6,1,28,6,1198,1,7,FORD KA+,4,E01017278,0,-1
2023991335518,2023,991335518,1,9,0,9,9,1,6,0,0,8,0,0,0,0,1,1,6,6,2,75,10,1198,1,7,FORD KA+,10,-1,0,-1
2023211382387,2023,211382387,1,9,0,18,19,2,6,0,0,0,0,0,0,0,1,1,6,6,1,78,11,1198,1,6,FORD KA+,6,E01029753,0,-1
2023351344614,2023,351344614,1,9,0,18,19,2,6,0,0,0,0,0,0,0,1,1,6,6,1,64,9,1198,1,6,FORD KA+,6,E01018106,0,-1
2023320792512,2023,320792512,1,9,0,18,19,4,8,0,0,0,0,0,0,10,1,1,6,6,1,89,11,1197,1,5,FORD KA+,4,E01026060,0,-1
2023542704723,2023,542704723,1,9,0,18,19,3,7,0,0,0,0,0,0,0,4,1,2,2,2,61,9,1197,1,4,FORD KA+,10,E01031924,0,-1
2023991391769,2023,991391769,1,9,0,9,9,6,2,0,0,6,0,0,0,0,3,1,2,2,2,46,8,1198,1,6,FORD KA+,-1,-1,0,-1
2023131360801,2023,131360801,2,9,0,18,19,1,5,0,0,0,0,0,0,0,4,1,5,6,2,69,10,1198,1,5,FORD KA+,9,E01027794,0,-1
2023991307212,2023,991307212,1,9,0,13,13,2,6,0,0,0,0,0,7,0,1,1,6,6,2,85,11,1198,1,6,FORD KA+,7,-1,0,-1
2023332300835,2023,332300835,1,9,0,4,4,7,3,0,0,1,0,0,0,0,2,1,6,6,2,85,11,1198,1,7,FORD KA+,9,E01025998,0,-1
2023302301845,2023,302301845,1,9,0,18,19,1,5,0,0,1,0,0,0,0,1,1,6,6,2,74,10,1198,1,7,FORD KA+,8,E01025924,0,-1
202360A081268,2023,60A081268,2,9,0,18,19,3,7,0,0,6,0,0,1,0,3,1,6,6,1,69,10,1197,1,5,FORD KA+,-1,-1,0,-1
2023991335264,2023,991335264,5,9,0,2,2,0,0,0,0,2,0,0,0,0,2,1,6,6,3,-1,-1,1198,1,6,FORD KA+,-1,-1,0,-1
2023430500644,2023,430500644,1,9,0,9,9,8,6,0,0,5,0,0,0,0,1,1,6,6,1,76,11,1198,1,5,FORD KA+,10,E01022895,0,-1
2023991282142,2023,991282142,3,9,0,3,3,2,6,0,0,0,0,0,0,0,1,1,6,6,2,47,8,1198,1,6,FORD KA+,3,-1,0,-1
2023411366900,2023,411366900,1,9,0,18,19,5,1,0,0,1,0,0,0,0,1,1,5,6,1,73,10,1198,1,6,FORD KA+,8,E01021795,0,-1
2023430427523,2023,430427523,1,9,0,18,19,4,8,0,0,8,0,0,0,0,3,1,6,6,2,25,5,1197,1,4,FORD KA+,-1,-1,0,-1
2023421259116,2023,421259116,2,9,0,18,19,3,7,0,0,0,0,0,0,0,2,1,6,6,2,54,8,1197,1,5,FORD KA+,4,E01021774,0,-1
2023010483074,2023,010483074,1,9,0,99,99,9,9,99,99,9,9,99,9,99,2,9,1,1,2,39,7,1198,1,6,FORD KA+,5,E01000142,0,-1
2023041331220,2023,041331220,1,9,0,9,9,6,4,0,0,5,0,0,1,0,1,1,5,6,1,35,6,1198,1,6,FORD KA+,4,E01025054,0,-1
2023421346496,2023,421346496,2,9,0,4,4,7,3,0,0,0,1,0,0,0,2,1,5,6,2,21,5,1197,1,4,FORD KA+,7,E01002268,0,-1
2023010424596,2023,010424596,2,9,0,99,99,9,9,99,99,9,9,99,9,99,1,9,6,6,3,-1,-1,1198,1,6,FORD KA+,-1,-1,0,-1
2023522301661,2023,522301661,2,9,0,3,3,7,3,0,0,0,0,0,0,0,2,1,6,6,2,34,6,1198,1,5,FORD KA+,9,E01014853,0,-1
2023231354044,2023,231354044,1,9,0,5,5,4,8,0,0,6,0,0,0,0,3,1,5,6,2,48,8,1197,1,5,FORD KA+,9,E01031113,0,-1
2023041345148,2023,041345148,1,9,0,5,5,5,1,0,0,4,0,0,0,0,4,1,5,6,1,71,10,1197,1,5,FORD KA+,8,E01024861,0,-1
2023010462171,2023,010462171,2,9,0,1,1,5,1,0,0,1,0,0,0,0,3,1,6,6,2,33,6,1198,1,5,FORD KA+,5,E01017908,0,-1
2023501274407,2023,501274407,2,9,0,18,19,3,7,0,0,0,0,0,0,0,-1,1,6,6,1,20,4,1198,1,6,FORD KA+,3,E01019034,0,-1
2023201295769,2023,201295769,2,9,0,18,19,4,8,0,0,0,0,10,8,0,1,1,6,6,3,77,11,1198,1,7,FORD KA+,8,E01009919,0,-1
2023351279567,2023,351279567,1,9,0,18,19,-1,-1,0,0,1,0,0,0,0,1,1,6,6,3,-1,-1,2199,2,1,-1,-1,-1,0,-1
2023451325856,2023,451325856,1,9,0,16,19,6,2,0,0,0,0,0,0,0,4,1,5,6,1,64,9,1997,1,15,-1,10,E01030776,0,-1
2023302300562,2023,302300562,1,9,0,18,19,2,6,0,0,0,1,0,4,2,1,1,6,6,1,23,5,1997,1,21,-1,2,E01029350,0,-1
2023451298630,2023,451298630,2,9,0,2,2,0,0,0,0,0,0,0,0,0,4,1,6,6,2,41,7,1997,1,20,-1,10,E01030368,0,-1
2023471266661,2023,471266661,1,9,0,18,19,6,2,0,0,0,5,0,0,0,1,1,5,6,1,57,9,1997,1,16,-1,9,E01020558,0,-1
2023131275391,2023,131275391,2,9,0,2,2,0,0,0,0,0,0,0,0,0,2,1,6,6,3,-1,-1,1997,1,20,-1,-1,-1,0,-1
2023302300776,2023,302300776,1,9,0,16,19,2,6,0,0,1,2,0,3,1,1,1,6,6,1,25,5,1997,1,20,-1,-1,-1,0,-1
2023041305974,2023,041305974,2,5,0,18,19,4,1,0,0,8,0,0,0,0,4,1,5,6,1,65,9,1261,1,15,-1,2,E01025369,0,-1
2023161311753,2023,161311753,2,5,0,18,19,5,3,2,2,8,0,0,0,0,1,1,5,6,1,55,8,1261,1,19,-1,10,E01012924,0,-1
2023501300349,2023,501300349,1,5,-1,18,19,3,7,0,0,0,5,12,0,0,-1,1,6,6,1,60,9,1261,1,16,-1,9,E01020215,0,-1
2023421344844,2023,421344844,2,5,0,18,19,8,4,0,0,0,0,0,0,0,4,1,5,6,1,65,9,1261,1,15,-1,7,E01021832,0,-1
2023351329360,2023,351329360,2,4,0,5,5,-1,-1,0,0,3,0,0,0,0,1,1,5,6,1,40,7,1261,1,16,-1,6,E01026534,0,-1
2023421321799,2023,421321799,2,5,0,18,19,1,5,0,0,3,2,0,0,0,1,1,6,6,1,39,7,1042,1,0,-1,7,E01021792,0,-1
2023161340032,2023,161340032,1,17,0,7,7,3,5,0,0,0,0,0,0,0,1,1,1,1,1,23,5,6700,2,9,-1,4,E01013246,0,-1
2023421319149,2023,421319149,1,17,5,5,5,3,7,0,0,0,0,0,1,0,4,1,1,1,1,56,9,6128,2,19,-1,3,E01021974,0,-1
2023101326007,2023,101326007,2,17,0,18,19,3,7,0,0,0,5,0,0,0,2,1,1,1,1,26,6,6800,2,10,-1,5,E01020660,0,-1
2023522301020,2023,522301020,1,3,0,7,7,5,7,0,0,2,1,0,0,0,1,1,6,6,1,23,5,125,1,1,-1,3,E01014673,0,-1
2023401321565,2023,401321565,1,17,0,18,19,1,5,0,0,0,0,0,0,0,1,1,6,6,1,43,7,4000,2,5,-1,8,E01017411,0,-1
202363A003023,2023,63A003023,2,11,0,12,12,3,7,0,0,0,0,0,7,3,4,1,3,7,1,49,8,-1,2,14,-1,7,W01000651,0,-1
2023031345296,2023,031345296,2,17,0,17,19,3,7,0,0,0,0,0,0,0,1,1,5,6,1,17,4,-1,2,67,-1,5,E01019132,0,-1
2023471319872,2023,471319872,2,17,0,18,19,1,5,0,0,0,0,0,0,0,2,1,5,6,1,22,5,-1,-1,-1,-1,6,E01021186,0,-1
2023361348051,2023,361348051,1,90,0,13,13,7,3,0,0,0,0,0,0,0,2,1,6,6,1,34,6,-1,4,-1,-1,6,E01026494,0,-1
2023991333515,2023,991333515,1,9,0,18,19,7,3,9,9,0,0,0,7,11,2,1,5,6,1,37,7,1998,1,13,-1,5,-1,0,-1
2023211349094,2023,211349094,2,11,0,18,19,5,1,0,0,1,0,0,0,0,1,1,3,7,1,62,9,9186,2,11,-1,-1,-1,0,-1
2023201319022,2023,201319022,1,9,0,18,19,2,6,0,0,6,0,0,0,0,1,1,6,6,1,-1,-1,1097,1,95,-1,-1,-1,0,-1
2023461368573,2023,461368573,2,9,0,2,2,0,0,0,0,0,0,0,0,0,2,1,6,6,1,55,8,2295,1,24,-1,7,E01024302,0,-1
2023991292837,2023,991292837,2,10,0,5,5,1,5,0,0,1,0,0,0,0,4,1,1,1,1,61,9,6000,1,20,-1,5,-1,0,-1
2023052302572,2023,052302572,1,9,0,18,19,1,5,0,0,0,0,0,0,0,1,1,6,6,1,83,11,2397,1,24,-1,4,E01006528,0,-1
2023451338764,2023,451338764,1,9,0,18,19,3,7,0,0,0,0,0,7,4,1,1,6,6,3,-1,-1,2967,2,16,-1,-1,-1,0,-1
2023131391684,2023,131391684,1,3,0,17,19,5,1,0,0,2,0,0,1,4,1,1,6,6,1,21,5,125,1,5,-1,3,E01007345,0,-1
2023430566080,2023,430566080,1,2,0,18,19,2,6,0,0,8,0,0,0,0,1,1,6,6,2,16,4,50,1,0,-1,7,E01017909,0,-1
2023311294099,2023,311294099,2,90,0,5,5,5,8,0,0,0,0,0,0,0,3,2,1,1,1,51,8,7200,2,15,-1,4,E01027929,0,-1
2023471309412,2023,471309412,1,4,0,16,19,1,5,0,0,3,0,0,0,0,2,1,5,6,1,65,9,350,1,-1,-1,4,E01031786,0,-1
2023320614882,2023,320614882,1,9,0,16,19,6,8,0,0,2,0,0,7,10,1,1,6,6,1,45,7,2400,2,23,-1,-1,-1,0,-1
2023552300321,2023,552300321,1,11,0,2,2,0,0,0,0,0,0,0,0,0,0,1,1,1,1,56,9,7300,2,18,-1,5,E01015302,0,-1
202360A078590,2023,60A078590,1,9,0,16,19,8,3,0,0,0,1,0,0,0,1,1,6,6,1,58,9,6300,1,15,-1,-1,-1,0,-1
2023010452269,2023,010452269,1,11,0,9,9,1,7,0,0,6,0,0,0,0,3,1,6,6,1,61,9,2143,2,10,-1,2,E01000526,0,-1
2023430336928,2023,430336928,2,9,0,18,19,3,7,0,0,8,0,0,0,0,1,1,6,6,1,-1,-1,3100,2,25,-1,-1,-1,0,-1
202360A196782,2023,60A196782,1,9,0,18,19,5,1,0,0,1,0,0,0,0,1,1,6,6,1,89,11,1149,1,17,-1,-1,-1,0,-1
2023010486271,2023,010486271,1,11,0,18,19,2,6,0,0,1,0,0,0,0,1,1,1,1,1,54,8,6692,2,14,-1,7,E01030859,0,-1
2023421313935,2023,421313935,2,2,0,18,19,5,1,0,0,1,0,0,0,0,1,1,2,2,1,17,4,48,1,2,-1,9,E01021654,0,-1
2023071314757,2023,071314757,1,3,0,16,19,1,5,0,0,0,1,0,0,0,1,1,6,6,1,18,4,124,1,3,-1,3,E01018435,0,-1
2023991407682,2023,991407682,2,2,0,18,19,3,7,0,0,4,5,0,0,0,4,1,6,6,2,26,6,-1,3,2,-1,-1,-1,0,-1
2023041351444,2023,041351444,2,3,0,18,19,1,5,0,0,1,0,0,0,0,1,1,6,6,2,17,4,125,1,6,-1,8,E01025411,0,-1
2023501272693,2023,501272693,1,9,0,4,4,2,6,0,0,0,1,0,0,0,1,1,5,6,1,85,11,1498,1,22,-1,4,E01018951,0,-1
2023610016623,2023,610016623,1,3,0,16,19,2,4,0,0,0,0,0,0,0,1,1,6,6,1,76,11,500,1,93,-1,6,E01022249,0,-1
2023440413447,2023,440413447,1,9,0,18,19,2,6,0,0,8,0,0,0,0,4,1,6,6,1,31,6,3222,2,20,-1,3,E01022803,0,-1
2023421314755,2023,421314755,1,9,0,13,13,2,6,0,0,0,1,0,1,7,1,1,5,6,2,24,5,1700,1,-1,-1,6,E01021430,0,-1
2023421380545,2023,421380545,1,9,0,18,19,2,6,0,0,0,2,0,7,0,1,1,5,6,1,66,10,1988,1,19,-1,7,E01021910,0,-1
2023010433343,2023,010433343,2,90,0,99,99,9,9,99,99,9,9,99,9,99,2,9,6,6,3,-1,-1,-1,3,1,-1,7,E01002171,0,-1
2023201315962,2023,201315962,1,11,0,5,5,6,8,0,0,1,0,0,0,0,1,1,1,1,1,48,8,8268,2,19,-1,1,E01009365,0,-1
2023361362870,2023,361362870,1,90,0,4,4,5,1,0,0,0,0,0,0,0,1,1,6,6,1,22,5,652,1,17,-1,4,E01026731,0,-1
2023522300602,2023,522300602,2,9,0,18,19,5,1,0,0,0,0,0,0,0,1,1,6,6,2,32,6,2830,2,29,-1,4,E01015020,0,-1
2023320552232,2023,320552232,1,17,0,18,19,8,4,0,0,0,1,0,0,0,1,1,1,1,1,40,7,6800,2,6,-1,-1,-1,0,-1
2023010444274,2023,010444274,2,11,0,18,19,3,7,0,0,0,0,4,0,0,1,1,1,1,1,61,9,7698,2,7,-1,1,E01003052,0,-1
2023471358572,2023,471358572,1,9,0,16,19,8,3,0,0,0,0,0,1,9,1,1,5,6,1,83,11,1595,1,19,-1,7,E01021166,0,-1
2023010437486,2023,010437486,4,9,0,18,19,1,5,0,0,0,0,0,0,0,1,1,6,6,1,20,4,1390,2,19,-1,5,E01021491,0,-1
2023501307154,2023,501307154,2,90,0,9,9,7,1,0,0,0,1,0,0,0,3,1,6,6,1,64,9,2198,2,7,-1,10,E01013466,0,-1
2023552300836,2023,552300836,1,9,0,10,10,6,4,0,0,6,0,0,0,0,1,1,6,6,1,17,4,1590,1,31,-1,8,E01015335,0,-1
2023101356584,2023,101356584,1,11,0,4,4,5,1,0,0,0,0,0,0,0,0,1,1,1,1,58,9,6692,2,14,-1,3,E01008476,0,-1
2023010467734,2023,010467734,2,9,0,18,19,7,3,0,0,0,2,0,0,0,1,1,1,1,1,31,6,-1,3,1,-1,6,E01033308,0,-1
2023010439421,2023,010439421,1,11,0,5,5,1,5,0,0,0,0,0,0,0,0,1,6,6,1,42,7,-1,3,6,-1,7,E01001472,0,-1
2023221260865,2023,221260865,1,9,0,17,19,1,6,0,0,0,0,0,7,0,1,1,5,6,2,20,4,998,1,23,-1,10,E01022425,0,-1
2023440085790,2023,440085790,2,21,1,3,3,1,7,0,0,6,0,0,0,0,4,1,1,1,1,60,9,6700,2,9,-1,3,E01017129,0,-1
2023371313152,2023,371313152,1,90,0,18,19,1,5,0,0,0,0,4,0,0,1,1,5,6,1,50,8,-1,-1,-1,-1,5,E01029884,0,-1
2023161370766,2023,161370766,1,5,0,2,2,1,5,0,0,2,0,0,0,0,2,1,5,6,1,28,6,-1,-1,-1,-1,3,E01012817,0,-1
2023111366881,2023,111366881,2,3,0,18,19,1,5,0,0,0,0,0,0,0,1,1,2,2,1,17,4,124,1,15,-1,2,E01020797,0,-1
2023302300436,2023,302300436,1,90,0,18,19,3,6,0,0,0,0,0,0,0,3,1,6,6,1,65,9,2500,2,26,-1,1,E01013726,0,-1
2023231353436,2023,231353436,1,3,0,16,19,6,2,0,0,0,0,0,0,0,1,1,4,7,1,17,4,124,1,3,-1,6,E01031322,0,-1
2023231403667,2023,231403667,2,3,0,18,19,2,6,0,0,8,0,0,0,0,1,1,5,6,1,58,9,125,1,45,-1,9,E01031279,0,-1
2023501309317,2023,501309317,2,17,0,17,19,1,7,0,0,8,0,0,0,0,3,1,1,1,1,51,8,6800,2,7,-1,4,E01020287,0,-1
2023552301071,2023,552301071,1,9,0,9,9,1,7,0,0,8,0,0,0,0,0,1,6,6,1,49,8,1896,2,22,-1,9,E01015405,0,-1
2023461379493,2023,461379493,1,21,0,4,4,1,5,0,0,0,0,0,0,0,1,1,1,1,1,25,5,-1,-1,-1,-1,4,E01024566,0,-1
2023141285039,2023,141285039,2,17,0,17,19,1,5,0,0,0,0,0,0,0,3,1,2,2,1,32,6,12906,2,2,-1,5,E01007583,0,-1
202360A066745,2023,60A066745,1,9,0,18,19,5,1,0,0,0,2,0,4,6,1,1,6,6,1,23,5,1998,1,18,-1,-1,-1,0,-1
2023471362930,2023,471362930,1,2,0,18,19,4,8,0,0,0,1,4,0,0,4,1,5,6,1,16,4,49,1,24,-1,9,E01031727,0,-1
2023010465927,2023,010465927,1,11,0,18,19,5,1,0,0,2,0,0,0,0,0,1,1,1,2,29,6,6692,2,13,-1,1,E01024148,0,-1
2023201452231,2023,201452231,1,9,0,5,5,8,2,0,0,0,1,0,8,0,4,1,6,6,1,35,6,1993,1,-1,-1,1,E01009929,0,-1
2023122300672,2023,122300672,2,11,0,9,9,7,5,0,0,1,0,0,0,0,0,1,1,1,1,65,9,6692,2,14,-1,5,E01027822,0,-1
2023411369871,2023,411369871,2,9,-1,-1,-1,-1,-1,-1,-1,-1,-1,-1,-1,0,-1,1,2,2,2,36,7,1560,2,10,-1,7,E01017593,0,-1
202354B683023,2023,54B683023,1,9,0,18,19,5,1,0,0,1,0,0,0,0,1,1,6,6,1,46,8,1590,1,33,-1,3,E01027862,0,-1
2023440159226,2023,440159226,3,90,0,18,19,5,1,0,0,0,0,0,0,0,0,1,6,6,1,80,11,554,4,123,-1,10,E01023230,0,-1
2023430266467,2023,430266467,1,9,0,9,9,7,5,0,0,8,0,0,0,0,4,1,6,6,1,81,11,1753,2,22,-1,6,E01016803,0,-1
2023401369851,2023,401369851,2,9,0,14,14,8,4,0,0,8,0,4,0,0,3,1,6,6,2,23,5,998,1,21,-1,2,E01015759,0,-1
2023451304101,2023,451304101,2,3,0,18,19,3,7,0,0,0,0,0,0,0,1,1,2,2,1,27,6,125,1,2,-1,3,E01030711,0,-1
2023421393596,2023,421393596,2,11,0,9,9,7,5,0,0,8,0,0,0,0,4,1,1,1,1,57,9,6700,2,6,-1,3,E01015956,0,-1
2023010470152,2023,010470152,1,11,0,4,4,1,5,0,0,1,0,0,0,0,0,1,1,1,1,34,6,6692,2,14,-1,2,E01033587,0,-1
2023010444213,2023,010444213,2,90,9,99,99,9,9,99,99,0,9,99,9,99,2,9,6,6,3,-1,-1,3621,2,6,-1,-1,-1,0,-1
2023010459055,2023,010459055,2,9,0,18,19,3,7,0,0,0,0,0,0,0,1,1,6,6,1,67,10,1390,1,21,-1,2,E01015820,0,-1
2023010455349,2023,010455349,1,11,0,5,5,5,1,0,0,2,0,0,0,0,0,1,1,1,1,46,8,-1,3,6,-1,5,E01003359,0,-1
2023211387509,2023,211387509,1,2,0,18,19,2,5,9,9,0,1,0,0,0,1,1,5,6,1,32,6,125,1,0,-1,3,E01029849,0,-1
2023111334695,2023,111334695,2,17,4,18,19,4,8,0,0,0,0,0,0,0,0,1,1,1,1,28,6,6800,2,1,-1,5,E01020867,0,-1
2023131311837,2023,131311837,2,2,0,18,19,8,4,0,0,0,0,0,0,0,4,1,4,7,1,16,4,50,1,8,-1,8,E01011021,0,-1
2023010429008,2023,010429008,1,11,0,5,5,5,1,0,0,0,0,0,0,0,4,1,1,1,1,53,8,6692,2,14,-1,3,E01000088,0,-1
2023010482127,2023,010482127,1,11,0,4,4,5,1,0,0,1,0,0,0,0,0,1,1,1,2,24,5,-1,3,6,-1,2,E01003373,0,-1
2023351306222,2023,351306222,1,9,0,17,19,8,5,0,0,0,1,0,1,3,1,1,5,6,1,19,4,2490,1,31,-1,6,E01033453,0,-1
2023471292955,2023,471292955,1,5,0,4,4,1,4,0,0,0,1,0,7,0,1,1,5,6,1,25,5,599,1,18,-1,7,E01000837,0,-1
2023501384152,2023,501384152,1,2,0,18,19,1,5,0,0,1,0,0,0,0,1,1,5,6,1,16,4,49,1,0,-1,9,E01015199,0,-1
2023471381096,2023,471381096,2,9,0,2,2,0,0,6,6,0,0,0,0,0,2,1,6,6,3,-1,-1,2999,2,27,-1,-1,-1,0,-1
2023622300411,2023,622300411,3,4,0,18,19,6,2,0,0,0,0,0,0,0,1,1,6,6,1,55,8,500,1,38,-1,6,E01009685,0,-1
2023070145937,2023,070145937,1,9,0,18,19,4,8,0,0,0,2,10,7,4,1,1,6,6,1,39,7,1998,1,22,-1,9,E01018675,0,-1
2023522301373,2023,522301373,2,20,0,18,19,5,1,0,0,8,0,0,0,0,4,1,6,6,1,33,6,-1,-1,-1,-1,6,E01015008,0,-1
2023010477233,2023,010477233,1,3,0,18,19,1,5,0,0,8,0,0,0,0,1,1,1,1,1,31,6,-1,-1,-1,-1,5,E01001407,0,-1
2023430319308,2023,430319308,2,9,0,18,19,5,1,0,0,0,1,0,1,9,4,1,6,6,1,75,10,1600,1,31,-1,9,E01016303,0,-1
2023501370078,2023,501370078,1,90,0,18,19,7,3,0,0,0,2,0,0,0,4,1,1,1,1,36,7,1968,2,1,-1,8,E01019951,0,-1
2023481380226,2023,481380226,1,11,0,18,19,3,7,0,0,1,0,0,0,0,4,1,1,1,1,35,6,-1,3,4,-1,-1,-1,0,-1
2023471266518,2023,471266518,1,90,0,17,19,4,1,0,0,0,0,0,2,11,2,1,2,2,1,56,9,1800,1,-1,-1,2,E01015840,0,-1
2023320049965,2023,320049965,1,21,0,9,9,8,6,0,0,6,0,0,0,0,1,2,1,1,1,65,9,-1,-1,-1,-1,2,E01015656,0,-1
2023461325806,2023,461325806,2,5,0,5,5,7,4,0,0,8,0,0,0,0,2,1,6,6,1,62,9,998,1,-1,-1,10,E01024114,0,-1
2023320771807,2023,320771807,1,90,0,18,19,8,4,0,0,0,0,0,0,6,1,1,6,6,1,72,10,1800,1,20,-1,7,E01026066,0,-1
2023547274923,2023,547274923,1,9,0,7,7,7,2,0,0,3,1,0,1,4,1,1,6,6,1,39,7,1995,2,15,-1,2,E01015476,0,-1
2023010441143,2023,010441143,1,11,0,14,14,7,3,0,0,1,0,0,0,0,1,1,1,1,1,23,5,-1,3,5,-1,2,E01009782,0,-1
2023471304534,2023,471304534,2,9,0,2,2,0,0,0,0,0,0,0,0,0,3,1,6,6,3,-1,-1,1998,1,17,-1,-1,-1,0,-1
2023010462104,2023,010462104,1,19,0,17,19,1,5,0,0,1,0,11,0,0,4,2,2,2,1,45,7,-1,3,5,-1,1,E01001178,0,-1
2023141300858,2023,141300858,2,19,0,2,2,0,0,9,9,1,0,0,0,0,0,1,6,6,3,-1,-1,2402,2,22,-1,-1,-1,0,-1
2023010456679,2023,010456679,3,11,0,4,4,3,7,0,0,1,0,0,0,0,0,1,1,1,1,33,6,6692,2,14,-1,3,E01004189,0,-1
2023501314050,2023,501314050,1,9,0,18,19,1,5,0,0,8,0,0,0,0,1,1,6,6,1,28,6,2000,1,30,-1,6,E01019938,0,-1
2023340NN1972,2023,340NN1972,2,9,0,18,19,2,6,0,0,3,0,0,0,0,3,1,6,6,2,33,6,1796,1,23,-1,8,E01027101,0,-1