collision_index,collision_year,collision_ref_no,vehicle_reference,vehicle_type,towing_and_articulation,vehicle_manoeuvre_historic,vehicle_manoeuvre,vehicle_direction_from,vehicle_direction_to,vehicle_location_restricted_lane_historic,vehicle_location_restricted_lane,junction_location,skidding_and_overturning,hit_object_in_carriageway,vehicle_leaving_carriageway,hit_object_off_carriageway,first_point_of_impact,vehicle_left_hand_drive,journey_purpose_of_driver_historic,journey_purpose_of_driver,sex_of_driver,age_of_driver,age_band_of_driver,engine_capacity_cc,propulsion_code,age_of_vehicle,generic_make_model,driver_imd_decile,lsoa_of_driver,escooter_flag,driver_distance_banding
2023501338651,2023,501338651,1,4,0,18,19,1,5,0,0,1,1,0,0,0,1,1,6,6,1,53,8,500,1,38,-1,8,E01019930,0,-1
2023052300540,2023,052300540,1,8,0,18,19,1,5,0,0,1,0,0,0,0,1,1,1,1,1,60,9,2499,2,14,-1,1,E01006603,0,-1
2023311280904,2023,311280904,2,9,0,10,10,3,7,0,0,1,0,0,0,0,4,1,5,6,1,50,8,1390,1,21,-1,2,E01013917,0,-1
2023010444486,2023,010444486,1,11,0,5,5,5,1,0,0,1,0,0,0,0,1,1,1,1,1,48,8,-1,3,6,-1,2,E01003988,0,-1
2023552300479,2023,552300479,1,90,0,18,19,7,3,0,0,0,0,0,0,0,2,1,6,6,1,82,11,6200,2,40,-1,6,E01020449,0,-1
2023010431433,2023,010431433,1,11,0,3,3,1,5,3,2,2,0,0,0,0,0,1,1,1,1,63,9,-1,3,5,-1,3,E01001513,0,-1
2023461317077,2023,461317077,2,11,0,2,2,0,0,0,0,0,0,0,0,0,3,1,6,6,2,65,9,3900,2,19,-1,4,E01024702,0,-1
2023991365263,2023,991365263,2,90,0,2,2,0,0,6,6,0,0,0,1,0,1,1,6,6,3,-1,-1,1499,2,0,-1,-1,-1,0,-1
2023411293928,2023,411293928,2,2,-1,-1,-1,-1,-1,-1,-1,0,-1,-1,-1,0,-1,1,2,2,1,24,5,49,1,4,-1,5,E01023782,0,-1
2023430375412,2023,430375412,1,90,0,9,9,4,2,0,0,4,0,0,0,0,1,1,1,1,1,51,8,1968,2,3,-1,-1,-1,0,-1
2023041341268,2023,041341268,1,5,0,17,19,7,3,0,0,0,5,0,0,0,1,1,5,6,1,61,9,-1,-1,-1,-1,1,E01012702,0,-1
2023070274041,2023,070274041,2,2,0,18,19,6,2,0,0,0,0,0,0,0,2,1,6,6,1,29,6,49,1,6,-1,1,E01018445,0,-1
2023461318825,2023,461318825,1,9,0,18,19,7,3,0,0,0,0,0,0,0,0,1,6,6,3,-1,-1,4398,1,21,-1,-1,-1,0,-1
2023320196319,2023,320196319,2,9,0,18,19,5,1,0,0,0,5,0,1,9,2,1,6,6,1,65,9,1149,1,17,-1,4,E01026057,0,-1
2023211327143,2023,211327143,2,4,0,17,19,3,7,0,0,1,0,0,0,0,1,1,5,6,1,83,11,500,1,68,-1,-1,-1,0,-1
2023010461879,2023,010461879,1,11,0,5,5,1,5,0,0,0,0,0,0,0,4,1,1,1,1,58,9,6692,2,14,-1,8,E01021931,0,-1
2023010483874,2023,010483874,1,11,0,5,5,3,7,2,2,0,0,0,1,0,0,1,1,1,1,55,8,6692,2,14,-1,4,E01015971,0,-1
2023101354505,2023,101354505,2,11,0,18,19,5,1,0,0,0,0,0,0,0,0,1,1,1,1,52,8,6692,2,14,-1,4,E01020633,0,-1
2023401395894,2023,401395894,2,3,0,7,7,5,7,0,0,8,0,0,0,0,1,1,6,6,1,27,6,124,1,0,-1,9,E01017414,0,-1
2023052301318,2023,052301318,1,90,0,6,6,5,5,0,0,1,5,0,0,0,3,1,1,1,1,58,9,1642,2,0,-1,2,E01006966,0,-1
2023461289994,2023,461289994,2,9,0,17,19,3,7,0,0,0,1,0,0,0,3,1,6,6,2,48,8,1596,1,21,-1,2,E01016160,0,-1
2023161329180,2023,161329180,2,5,0,9,9,7,5,0,0,5,0,0,0,0,1,1,5,6,1,34,6,998,1,22,-1,7,E01013011,0,-1
2023471346737,2023,471346737,2,4,0,18,19,3,7,0,0,4,0,0,0,0,3,1,5,6,1,64,9,350,1,66,-1,8,E01002993,0,-1
2023010428825,2023,010428825,1,11,0,4,4,1,5,0,0,2,0,0,0,0,0,1,6,6,1,28,6,6692,2,14,-1,1,E01021301,0,-1
2023461309872,2023,461309872,3,5,0,18,19,7,3,0,0,0,0,0,0,0,1,1,6,6,1,41,7,1402,1,21,-1,4,E01024624,0,-1
2023991442031,2023,991442031,2,9,0,18,19,6,2,0,0,0,0,0,0,0,1,1,5,6,1,40,7,3000,2,28,-1,6,-1,0,-1
2023311374851,2023,311374851,2,90,0,2,2,0,0,0,0,0,0,0,0,0,1,2,6,6,1,35,6,7201,2,15,-1,7,E01028240,0,-1
2023010460756,2023,010460756,1,3,0,99,99,9,9,99,99,9,9,99,9,99,9,1,6,6,1,20,4,125,1,0,-1,5,E01003028,0,-1
2023320295085,2023,320295085,2,9,0,18,19,8,4,0,0,0,0,0,1,0,1,1,2,2,1,46,8,2982,2,21,-1,3,E01028306,0,-1
2023430482325,2023,430482325,2,9,0,18,19,2,6,0,0,6,0,0,0,0,1,1,6,6,1,-1,-1,2685,2,20,-1,-1,-1,0,-1
2023010471027,2023,010471027,1,11,0,5,5,0,1,2,2,2,0,0,0,0,0,1,1,1,1,64,9,-1,3,5,-1,8,E01002575,0,-1
2023481361893,2023,481361893,1,11,0,9,9,3,1,0,0,8,0,0,0,0,1,1,1,1,1,57,9,-1,3,7,-1,-1,-1,0,-1
2023201349512,2023,201349512,2,9,0,17,19,8,5,0,0,0,0,0,0,0,2,1,6,6,1,24,5,1993,1,-1,-1,1,E01009929,0,-1
2023010439111,2023,010439111,1,11,0,18,19,2,6,2,2,1,0,0,1,0,0,1,1,1,1,45,7,-1,3,4,-1,2,E01002051,0,-1
2023320085834,2023,320085834,1,9,0,16,19,5,2,0,0,1,0,0,1,4,1,1,1,1,2,24,5,-1,-1,-1,-1,6,E01028307,0,-1
2023010466646,2023,010466646,2,9,0,9,9,8,7,0,0,7,0,0,7,0,1,1,6,6,1,59,9,4200,1,17,-1,3,E01001188,0,-1
2023161335238,2023,161335238,1,5,0,18,19,6,2,0,0,1,0,4,0,0,3,1,5,6,1,22,5,650,1,65,-1,5,E01012756,0,-1
2023440244733,2023,440244733,1,9,0,5,5,3,7,0,0,4,0,0,0,0,1,1,2,2,1,41,7,1995,2,13,-1,10,E01016329,0,-1
2023010470490,2023,010470490,1,11,0,18,19,3,7,2,2,8,0,0,0,0,1,1,1,1,1,28,6,-1,3,5,-1,3,E01000499,0,-1
2023010439560,2023,010439560,1,11,0,5,5,7,3,0,0,1,0,0,0,0,0,1,1,1,1,50,8,6692,2,14,-1,3,E01015973,0,-1
2023461345930,2023,461345930,2,5,0,18,19,3,7,0,0,1,0,0,0,0,1,1,6,6,1,69,10,-1,-1,-1,-1,2,E01024091,0,-1
2023131343354,2023,131343354,2,3,0,18,19,7,3,0,0,1,2,0,0,0,4,1,5,6,1,29,6,125,1,5,-1,1,E01011368,0,-1
2023991368191,2023,991368191,1,3,0,18,19,7,3,0,0,8,0,0,0,0,3,1,1,1,1,17,4,125,1,0,-1,2,-1,0,-1
2023991311047,2023,991311047,2,17,0,18,19,5,1,0,0,0,0,0,0,0,2,1,1,1,1,74,10,6800,2,1,-1,4,-1,0,-1
2023421332530,2023,421332530,2,9,0,2,2,0,0,0,0,0,0,0,0,0,4,1,5,6,1,24,5,1988,1,21,-1,-1,-1,0,-1
2023440225239,2023,440225239,2,9,0,18,19,2,6,0,0,1,0,0,0,0,1,1,6,6,1,79,11,1991,1,89,-1,7,E01030423,0,-1
2023161291836,2023,161291836,2,2,0,18,19,2,6,0,0,1,0,0,0,0,1,1,6,6,1,16,4,49,1,4,-1,6,E01012922,0,-1
2023010482832,2023,010482832,1,11,0,7,7,7,1,0,0,5,0,0,0,0,0,1,6,6,1,61,9,6692,2,14,-1,4,E01016011,0,-1
2023552300237,2023,552300237,1,3,0,13,13,6,2,0,0,0,0,0,0,0,1,1,6,6,1,23,5,124,1,1,-1,5,E01015468,0,-1
2023451314526,2023,451314526,2,3,0,16,19,1,5,0,0,1,0,0,0,0,3,1,5,6,2,33,6,124,1,1,-1,1,E01001052,0,-1
2023351347543,2023,351347543,2,3,0,18,19,3,7,0,0,1,0,0,0,0,1,1,6,6,1,17,4,124,1,4,-1,8,E01033115,0,-1
2023010459986,2023,010459986,1,11,0,7,7,5,7,2,2,5,0,0,0,0,0,1,1,1,1,46,8,6692,2,14,-1,6,E01000726,0,-1
2023010462830,2023,010462830,2,9,9,99,99,9,9,99,99,9,9,99,9,99,1,9,6,6,1,74,10,4800,1,68,-1,3,E01032568,0,-1
2023461333532,2023,461333532,2,21,0,18,19,7,3,0,0,0,0,0,0,0,2,1,2,2,1,60,9,-1,-1,-1,-1,5,E01024156,0,-1
2023311393590,2023,311393590,2,90,1,18,19,7,3,0,0,1,5,0,0,0,4,1,1,1,1,61,9,-1,3,4,-1,2,E01013908,0,-1
2023522301448,2023,522301448,2,9,0,16,19,1,5,0,0,0,0,0,0,0,1,1,6,6,1,34,6,1600,1,31,-1,8,E01014672,0,-1
2023070945609,2023,070945609,2,3,0,2,2,0,0,6,6,0,1,0,0,0,2,1,6,6,1,-1,-1,125,1,48,-1,-1,-1,0,-1
2023010428953,2023,010428953,1,9,0,18,19,1,5,0,0,8,0,0,0,0,1,1,1,1,1,19,4,-1,3,1,-1,1,E01032512,0,-1
2023211295725,2023,211295725,1,9,0,-1,-1,-1,-1,-1,-1,0,-1,-1,-1,0,-1,1,5,6,1,-1,-1,2495,2,20,-1,-1,-1,0,-1
2023401316265,2023,401316265,2,9,0,4,4,1,6,0,0,3,0,0,0,0,2,1,6,6,2,57,9,1796,1,23,-1,4,E01017521,0,-1
2023302301957,2023,302301957,2,9,0,18,19,2,6,0,0,8,0,0,0,0,1,1,6,6,1,27,6,1998,1,5,-1,4,E01019519,0,-1
2023041307068,2023,041307068,1,3,0,17,19,5,1,0,0,0,2,0,1,2,1,1,6,6,1,54,8,125,1,42,-1,9,E01025364,0,-1
2023031317041,2023,031317041,2,4,0,18,19,5,1,0,0,0,0,0,0,0,1,1,5,6,1,56,9,200,1,42,-1,5,E01019327,0,-1
2023531288772,2023,531288772,3,5,0,18,19,2,6,0,0,0,1,0,0,0,0,1,5,6,1,50,8,1634,1,15,-1,5,E01032328,0,-1
2023010456448,2023,010456448,2,11,9,99,99,9,9,99,99,9,9,99,9,99,9,1,6,6,1,-1,-1,-1,3,5,-1,-1,-1,0,-1
2023311311144,2023,311311144,1,2,0,9,9,1,5,0,0,3,0,0,0,0,3,1,5,6,1,58,9,123,1,36,-1,1,E01013883,0,-1
2023351337098,2023,351337098,3,20,0,18,19,3,5,0,0,0,0,0,0,0,0,1,1,1,3,-1,-1,-1,-1,-1,-1,-1,-1,0,-1
2023421376307,2023,421376307,1,9,0,18,19,3,8,0,0,0,0,4,0,0,3,1,6,6,1,29,6,2295,1,22,-1,9,E01015857,0,-1
2023101389431,2023,101389431,1,90,0,18,19,1,5,0,0,0,0,0,0,0,1,1,2,2,1,57,9,2200,2,1,-1,8,E01019334,0,-1
2023141345529,2023,141345529,2,5,0,18,19,2,5,0,0,1,0,0,0,0,4,1,5,6,1,37,7,1200,1,80,-1,8,E01007983,0,-1
2023471297045,2023,471297045,3,9,0,18,19,7,3,0,0,1,0,0,0,0,2,1,1,1,1,26,6,1997,2,7,-1,5,E01031370,0,-1
2023141369858,2023,141369858,2,9,0,18,19,1,5,0,0,0,0,0,0,0,1,1,6,6,3,-1,-1,1997,2,7,-1,-1,-1,0,-1
2023311332365,2023,311332365,1,8,0,17,19,8,4,0,0,0,2,0,1,0,1,1,1,1,1,66,10,1997,2,10,-1,-1,-1,0,-1
2023401334278,2023,401334278,2,9,0,18,19,3,1,0,0,1,0,0,0,0,0,1,5,6,2,65,9,1997,2,7,-1,7,E01027321,0,-1
2023991392111,2023,991392111,1,9,0,18,19,4,8,0,0,0,2,0,7,4,1,1,1,1,2,35,6,1997,2,9,-1,5,-1,0,-1
2023031285624,2023,031285624,1,8,0,18,19,4,8,0,0,0,0,0,0,0,0,1,1,1,1,59,9,1997,2,9,-1,1,E01019295,0,-1
2023010472250,2023,010472250,2,9,0,99,99,9,9,99,99,9,9,99,9,99,2,9,6,6,3,-1,-1,-1,-1,-1,-1,-1,-1,0,-1
2023440160430,2023,440160430,1,3,0,18,19,3,7,0,0,2,0,0,0,0,4,1,2,2,1,21,5,124,1,9,-1,6,E01022802,0,-1
2023131348416,2023,131348416,1,3,0,18,19,1,5,0,0,8,1,0,1,10,4,1,5,6,1,18,4,125,1,12,-1,1,E01010614,0,-1
2023522400141,2023,522400141,2,9,0,2,2,0,0,0,0,0,0,0,0,0,3,1,6,6,3,-1,-1,2188,2,16,-1,-1,-1,0,-1
2023131314984,2023,131314984,1,9,0,18,19,1,5,0,0,0,0,4,0,0,1,1,6,6,1,32,6,1998,1,21,-1,1,E01011484,0,-1
2023201284499,2023,201284499,1,19,0,18,19,5,1,0,0,0,0,0,0,0,1,1,6,6,1,34,6,2463,2,18,-1,9,E01022223,0,-1
2023201293611,2023,201293611,1,21,5,5,5,2,5,0,0,0,0,0,0,0,1,1,1,1,1,33,6,6174,2,17,-1,1,E01010543,0,-1
2023501370429,2023,501370429,2,9,0,18,19,5,1,0,0,8,0,0,0,0,1,1,6,6,2,46,8,1783,1,22,-1,1,E01015217,0,-1
2023401261531,2023,401261531,1,20,0,5,5,3,7,9,9,0,0,0,0,0,4,1,1,1,1,32,6,2298,2,1,-1,4,E01017600,0,-1
2023440393872,2023,440393872,1,9,0,9,9,3,8,0,0,6,0,0,0,0,1,1,2,2,1,50,8,1390,1,17,-1,1,E01033383,0,-1
2023451327907,2023,451327907,1,19,0,9,9,7,3,0,0,0,0,0,0,0,3,1,2,2,1,37,7,2298,2,5,-1,4,E01022810,0,-1
2023631350606,2023,631350606,1,90,0,5,5,5,3,0,0,0,0,0,0,0,4,1,5,6,1,76,11,2299,2,8,-1,5,W01001359,0,-1
2023231393068,2023,231393068,3,90,0,2,2,0,0,0,0,0,0,0,0,0,0,1,1,1,3,45,7,4116,2,17,-1,-1,-1,0,-1
202354C788923,2023,54C788923,1,21,0,18,19,7,3,0,0,1,1,0,0,0,1,1,1,1,1,22,5,6174,2,17,-1,-1,-1,0,-1
2023631367122,2023,631367122,1,9,0,17,19,1,5,0,0,0,5,0,0,0,4,1,5,6,1,17,4,1461,2,16,-1,6,W01000509,0,-1
2023122301140,2023,122301140,2,21,0,18,19,4,8,0,0,8,0,0,0,0,4,1,1,1,1,62,9,6174,2,17,-1,5,E01013437,0,-1
2023501279664,2023,501279664,1,9,0,5,5,8,4,0,0,1,0,0,0,0,1,1,6,6,1,32,6,1870,2,18,-1,1,E01015217,0,-1
2023351394587,2023,351394587,1,19,-1,18,19,-1,-1,-1,-1,-1,-1,-1,-1,0,-1,1,6,6,1,-1,-1,2299,2,6,-1,-1,-1,0,-1
202363D023623,2023,63D023623,1,21,4,16,19,2,5,0,0,0,0,0,0,0,0,1,1,1,1,47,8,11116,2,17,-1,3,E01015922,0,-1
2023351271054,2023,351271054,2,20,0,3,3,5,1,0,0,0,0,0,0,0,2,1,1,1,1,56,9,-1,-1,-1,-1,3,E01017975,0,-1
2023351362564,2023,351362564,2,3,0,13,13,1,5,0,0,0,0,0,0,0,1,1,6,6,1,43,7,125,1,0,-1,7,E01032797,0,-1
2023471360506,2023,471360506,1,3,0,18,19,4,8,0,0,2,0,0,0,0,1,1,2,2,1,18,4,125,1,1,-1,10,E01031755,0,-1
2023451305966,2023,451305966,2,3,0,16,19,6,2,0,0,0,2,0,0,0,1,1,6,6,2,34,6,125,1,1,-1,9,E01030477,0,-1
2023302300299,2023,302300299,2,4,0,3,3,6,2,0,0,1,0,0,0,0,2,1,6,6,1,58,9,125,1,1,-1,5,E01019642,0,-1
2023430255792,2023,430255792,2,3,0,18,19,6,2,0,0,1,0,0,0,0,1,1,6,6,1,-1,-1,125,1,2,-1,-1,-1,0,-1
2023622300231,2023,622300231,2,3,0,18,19,2,6,0,0,8,0,0,0,0,1,1,6,6,1,18,4,125,1,1,-1,7,W01001017,0,-1
2023471318535,2023,471318535,1,4,0,13,13,4,7,0,0,0,0,0,0,0,3,1,6,6,1,-1,-1,125,1,1,-1,4,E01022841,0,-1
2023351303410,2023,351303410,2,3,0,18,19,4,8,0,0,1,0,0,0,0,1,1,2,2,1,27,6,125,1,2,-1,7,E01018023,0,-1
2023541151023,2023,541151023,1,4,0,18,19,2,6,0,0,1,0,0,0,0,4,1,6,6,1,25,5,125,1,1,-1,6,E01032697,0,-1
2023471327988,2023,471327988,2,3,0,18,19,4,1,0,0,0,0,0,0,0,0,1,6,6,2,23,5,125,1,2,-1,3,E01031400,0,-1
2023411324466,2023,411324466,1,9,0,18,19,8,4,0,0,1,0,0,0,0,1,1,6,6,2,40,7,1998,2,14,TOYOTA VERSO,4,E01023488,0,-1
2023201278720,2023,201278720,2,9,0,3,3,6,2,0,0,0,0,0,0,0,2,1,6,6,1,-1,-1,1596,7,9,TOYOTA VERSO,-1,-1,0,-1
2023332300108,2023,332300108,1,8,0,18,19,2,6,0,0,8,0,0,0,0,1,1,1,1,1,45,7,1998,2,11,TOYOTA VERSO,2,E01025705,0,-1
2023440272861,2023,440272861,1,9,0,18,19,6,2,0,0,1,0,0,0,0,3,1,6,6,1,50,8,1598,1,7,TOYOTA VERSO,4,E01022523,0,-1
2023332300491,2023,332300491,1,9,0,18,19,1,5,0,0,8,0,0,0,0,3,1,6,6,1,74,10,1798,1,12,TOYOTA VERSO,6,E01013737,0,-1
2023201378499,2023,201378499,2,9,0,18,19,4,8,0,0,0,0,0,0,0,2,1,6,6,1,46,8,1598,2,8,TOYOTA VERSO,1,E01009073,0,-1
2023010457918,2023,010457918,2,9,0,3,3,5,1,0,0,1,0,0,0,0,2,2,6,6,1,36,7,1797,1,7,TOYOTA VERSO,4,E01003492,0,-1
2023320061462,2023,320061462,1,9,0,18,19,2,6,0,0,0,0,0,0,0,1,1,2,2,2,70,10,1998,2,10,TOYOTA VERSO,10,E01026364,0,-1
2023041307830,2023,041307830,2,9,0,4,4,5,1,0,0,7,0,0,0,0,2,2,6,6,1,39,7,1598,2,7,TOYOTA VERSO,10,E01012567,0,-1
2023201295667,2023,201295667,1,9,0,18,19,-1,-1,0,0,1,0,0,0,0,1,1,6,6,1,-1,-1,1798,7,7,TOYOTA VERSO,-1,-1,0,-1
2023501332953,2023,501332953,2,9,0,3,3,3,7,0,0,0,0,0,0,0,2,1,5,6,2,44,7,1598,2,8,TOYOTA VERSO,8,E01018855,0,-1
2023991317813,2023,991317813,1,9,0,18,19,4,8,0,0,2,0,0,0,0,1,1,5,6,2,50,8,1598,1,7,TOYOTA VERSO,4,-1,0,-1
2023351386580,2023,351386580,1,8,0,5,5,-1,-1,0,0,1,0,0,0,0,1,1,6,6,1,49,8,1598,2,9,TOYOTA VERSO,9,E01018221,0,-1
2023131319405,2023,131319405,2,9,0,3,3,4,8,0,0,0,0,0,0,0,3,1,6,6,2,36,7,1998,2,13,TOYOTA VERSO,2,E01010722,0,-1
2023141345650,2023,141345650,4,9,0,2,2,0,0,0,0,2,0,0,0,0,2,1,6,6,3,-1,-1,1598,2,6,TOYOTA VERSO,-1,-1,0,-1
2023010443971,2023,010443971,2,9,0,99,99,9,9,99,99,9,9,99,9,99,1,9,6,6,1,62,9,1798,1,11,TOYOTA VERSO,6,E01003698,0,-1
2023010431101,2023,010431101,2,9,0,12,12,7,3,0,0,1,0,4,4,6,1,1,6,6,1,28,6,1798,1,12,TOYOTA VERSO,4,E01002641,0,-1
2023010454502,2023,010454502,2,9,0,99,99,9,9,99,99,0,9,99,9,99,1,9,6,6,3,-1,-1,1798,1,7,TOYOTA VERSO,-1,-1,0,-1
2023430055598,2023,430055598,1,8,0,5,5,6,2,0,0,8,0,0,0,0,1,1,1,1,1,58,9,1598,2,7,TOYOTA VERSO,3,E01015724,0,-1
2023201319036,2023,201319036,1,9,0,18,19,1,5,0,0,6,0,0,0,0,1,1,6,6,1,58,9,1998,2,14,TOYOTA VERSO,1,E01009376,0,-1
2023421382708,2023,421382708,2,9,0,18,19,1,3,0,0,6,1,0,0,0,3,1,2,2,2,37,7,1596,1,12,TOYOTA VERSO,8,E01021333,0,-1
2023010475109,2023,010475109,1,9,0,99,99,9,9,99,99,9,9,99,9,99,9,9,6,6,1,55,8,1596,1,8,TOYOTA VERSO,5,E01002426,0,-1
2023991303565,2023,991303565,2,9,0,18,19,7,3,0,0,1,0,0,0,0,4,1,5,6,2,50,8,1998,2,11,TOYOTA VERSO,6,-1,0,-1
2023311297541,2023,311297541,2,9,0,9,9,7,4,0,0,1,0,0,0,0,2,1,6,6,1,49,8,1998,2,12,TOYOTA VERSO,4,E01013941,0,-1
2023430531515,2023,430531515,7,9,0,2,2,0,0,0,0,0,0,4,0,0,-1,1,6,6,3,-1,-1,1598,2,7,TOYOTA VERSO,-1,-1,0,-1
2023201347524,2023,201347524,1,9,0,18,19,8,4,0,0,8,1,10,1,0,1,1,6,6,1,37,7,1596,1,10,TOYOTA VERSO,2,E01010025,0,-1
2023010480090,2023,010480090,1,8,0,99,99,9,9,99,99,9,0,99,9,99,9,1,1,1,1,51,8,1798,1,7,TOYOTA VERSO,-1,-1,0,-1
2023010470171,2023,010470171,1,9,0,3,3,5,1,0,0,0,9,0,0,0,1,9,6,6,2,33,6,1798,1,13,TOYOTA VERSO,6,E01024568,0,-1
2023010449697,2023,010449697,2,9,0,99,99,9,9,99,99,9,9,99,9,99,9,9,6,6,3,32,6,1798,1,13,TOYOTA VERSO,6,E01024568,0,-1
2023010445307,2023,010445307,1,9,0,9,9,1,6,0,0,1,0,0,0,0,1,1,6,6,1,48,8,2231,2,12,TOYOTA VERSO,2,E01001464,0,-1
2023010455436,2023,010455436,2,9,0,18,19,1,5,0,0,1,0,0,0,0,1,1,2,2,2,30,6,1798,1,8,TOYOTA VERSO,4,E01000498,0,-1
2023411343098,2023,411343098,1,9,0,18,19,3,7,0,0,0,0,12,0,0,1,1,1,1,1,45,7,1598,2,8,TOYOTA VERSO,4,E01017506,0,-1
2023041296429,2023,041296429,1,9,0,18,19,5,1,0,0,0,0,0,0,0,1,1,6,6,1,42,7,1596,1,12,TOYOTA VERSO,2,E01004828,0,-1
2023010432121,2023,010432121,1,9,0,9,9,7,4,0,0,1,0,0,0,0,3,1,3,7,1,39,7,1598,2,8,TOYOTA VERSO,-1,-1,0,-1
2023041380752,2023,041380752,2,9,0,18,19,5,1,0,0,0,0,0,0,0,3,1,3,7,2,46,8,1998,2,13,TOYOTA VERSO,2,E01012591,0,-1
2023421361113,2023,421361113,4,9,0,4,4,5,1,0,0,0,0,0,0,0,2,1,5,6,2,37,7,1998,2,14,TOYOTA VERSO,7,E01018022,0,-1
2023041288221,2023,041288221,1,9,0,18,19,3,7,0,0,2,0,0,0,0,0,1,6,6,1,42,7,1998,2,13,TOYOTA VERSO,1,E01024898,0,-1
2023010471802,2023,010471802,1,9,0,3,3,5,1,0,0,0,0,0,0,0,2,1,3,7,2,34,6,1798,1,13,TOYOTA VERSO,-1,-1,0,-1
2023010475771,2023,010475771,1,9,0,15,15,1,5,0,0,1,0,0,0,0,4,1,6,6,2,35,6,1598,1,6,TOYOTA VERSO,2,E01002080,0,-1
2023131286266,2023,131286266,1,9,0,1,1,-1,-1,0,0,1,-1,-1,-1,-1,2,1,6,6,3,-1,-1,1598,2,7,TOYOTA VERSO,-1,-1,0,-1
2023141264477,2023,141264477,1,9,0,18,19,4,8,0,0,0,0,0,0,0,3,1,5,6,2,26,6,1598,1,6,TOYOTA VERSO,2,E01028008,0,-1
2023361383356,2023,361383356,1,9,0,18,19,5,1,0,0,0,0,0,0,0,1,1,2,2,1,26,6,1998,2,10,TOYOTA VERSO,8,E01033538,0,-1
2023332301102,2023,332301102,4,8,0,4,4,7,3,0,0,0,1,0,7,0,1,1,1,1,1,57,9,1598,2,7,TOYOTA VERSO,3,E01025706,0,-1
2023430035730,2023,430035730,1,9,0,2,2,0,0,0,0,1,0,0,0,0,4,1,6,6,2,-1,-1,1998,2,11,TOYOTA VERSO,-1,-1,0,-1
2023440226604,2023,440226604,1,9,0,18,19,5,1,0,0,4,0,0,0,0,1,1,6,6,1,48,8,1598,2,7,TOYOTA VERSO,3,E01017123,0,-1
2023010421975,2023,010421975,1,9,0,99,99,9,9,99,99,0,9,99,9,99,1,9,6,6,2,43,7,1798,1,7,TOYOTA VERSO,5,E01002213,0,-1
2023302301519,2023,302301519,2,9,0,4,4,5,1,0,0,0,0,0,0,0,2,1,6,6,1,58,9,1998,2,10,TOYOTA VERSO,3,E01019797,0,-1
2023201413952,2023,201413952,2,9,0,3,3,5,1,0,0,1,0,0,0,0,2,1,6,6,2,35,6,1329,1,11,TOYOTA VERSO,1,E01033639,0,-1
2023010479289,2023,010479289,2,9,0,99,99,9,9,99,99,0,9,99,9,99,0,9,6,6,3,-1,-1,1798,1,7,TOYOTA VERSO,-1,-1,0,-1
2023010480711,2023,010480711,1,9,0,99,99,9,9,99,99,9,9,99,9,99,1,9,6,6,2,58,9,1798,1,7,TOYOTA VERSO,7,E01003839,0,-1
2023302300801,2023,302300801,2,9,0,3,3,8,6,0,0,8,0,0,0,0,2,1,6,6,1,-1,-1,1598,1,7,TOYOTA VERSO,7,E01019771,0,-1
2023201363667,2023,201363667,3,9,0,18,19,2,6,0,0,0,0,0,0,0,3,1,6,6,1,39,7,1798,7,14,TOYOTA VERSO,5,E01009293,0,-1
202354C208823,2023,54C208823,2,9,0,18,19,7,3,0,0,0,0,0,0,0,1,1,6,6,2,47,8,1798,1,6,TOYOTA VERSO,6,E01020445,0,-1
2023141334712,2023,141334712,2,9,0,4,4,5,1,0,0,4,0,0,0,0,1,1,5,6,2,74,10,1798,1,5,TOYOTA VERSO,7,E01007468,0,-1
2023231327939,2023,231327939,1,9,0,9,9,1,7,0,0,6,0,0,0,0,3,1,2,2,1,52,8,1598,2,8,TOYOTA VERSO,1,E01009566,0,-1
2023010423152,2023,010423152,2,9,0,99,99,9,9,99,99,9,9,99,9,99,9,9,6,6,3,-1,-1,1798,1,9,TOYOTA VERSO,3,E01004446,0,-1
2023010421749,2023,010421749,1,9,0,99,99,9,9,99,99,9,9,99,9,99,9,9,6,6,1,38,7,1998,2,14,TOYOTA VERSO,3,E01002598,0,-1
2023351315407,2023,351315407,1,9,0,7,7,1,3,0,0,5,0,0,0,0,4,1,6,6,1,42,7,1596,1,10,TOYOTA VERSO,7,E01017976,0,-1
2023201448450,2023,201448450,2,9,0,2,2,0,0,0,0,2,0,0,0,0,0,1,6,6,1,38,7,1998,2,14,TOYOTA VERSO,2,E01008919,0,-1
2023231389790,2023,231389790,1,9,0,18,19,-1,-1,0,0,0,0,0,0,0,3,1,6,6,2,30,6,1596,1,12,TOYOTA VERSO,10,E01031110,0,-1
2023201382074,2023,201382074,2,9,0,18,19,8,4,0,0,0,0,0,0,0,2,1,6,6,1,38,7,1798,1,13,TOYOTA VERSO,2,E01009944,0,-1
2023010479694,2023,010479694,1,9,0,18,19,3,7,0,0,0,0,0,0,0,0,1,2,2,2,55,8,1329,1,12,TOYOTA VERSO,7,E01000791,0,-1
2023010467389,2023,010467389,1,9,0,18,19,7,3,0,0,4,0,0,0,0,1,1,6,6,1,73,10,2231,2,13,TOYOTA VERSO,2,E01003634,0,-1
2023201373947,2023,201373947,1,9,0,18,19,4,8,0,0,1,0,10,7,4,1,1,5,6,2,57,9,1598,1,6,TOYOTA VERSO,2,E01009505,0,-1