collision_index,collision_year,collision_ref_no,vehicle_reference,vehicle_type,towing_and_articulation,vehicle_manoeuvre_historic,vehicle_manoeuvre,vehicle_direction_from,vehicle_direction_to,vehicle_location_restricted_lane_historic,vehicle_location_restricted_lane,junction_location,skidding_and_overturning,hit_object_in_carriageway,vehicle_leaving_carriageway,hit_object_off_carriageway,first_point_of_impact,vehicle_left_hand_drive,journey_purpose_of_driver_historic,journey_purpose_of_driver,sex_of_driver,age_of_driver,age_band_of_driver,engine_capacity_cc,propulsion_code,age_of_vehicle,generic_make_model,driver_imd_decile,lsoa_of_driver,escooter_flag,driver_distance_banding
2023010474896,2023,010474896,2,9,0,99,99,9,9,99,99,9,9,99,9,99,1,9,6,6,3,-1,-1,1798,1,12,TOYOTA VERSO,-1,-1,0,-1
2023340WN6902,2023,340WN6902,1,8,0,14,14,3,7,0,0,0,0,0,0,0,4,1,1,1,1,-1,-1,1798,1,6,TOYOTA VERSO,-1,-1,0,-1
2023010429710,2023,010429710,2,9,0,99,99,9,9,99,99,9,9,99,9,99,1,9,6,6,1,31,6,1798,1,13,TOYOTA VERSO,4,E01033725,0,-1
2023401402597,2023,401402597,1,9,0,9,9,8,4,0,0,3,0,0,0,0,1,1,6,6,1,39,7,1598,2,8,TOYOTA VERSO,3,E01015731,0,-1
2023411276935,2023,411276935,1,9,-1,-1,-1,-1,-1,-1,-1,0,-1,-1,-1,0,-1,1,6,6,2,32,6,1798,1,7,TOYOTA VERSO,7,E01023902,0,-1
2023010467943,2023,010467943,2,9,0,99,99,9,9,99,99,9,9,99,9,99,9,9,6,6,3,-1,-1,1798,1,13,TOYOTA VERSO,-1,-1,0,-1
2023430347644,2023,430347644,1,8,0,18,19,5,1,0,0,0,0,0,0,0,1,1,1,1,1,55,8,1798,1,6,TOYOTA VERSO,7,E01027281,0,-1
2023010452209,2023,010452209,2,9,0,99,99,9,9,99,99,9,9,99,9,99,9,9,6,6,3,-1,-1,2231,2,12,TOYOTA VERSO,-1,-1,0,-1
2023010478672,2023,010478672,1,9,0,99,99,9,9,99,99,9,9,99,9,99,9,9,6,6,1,47,8,1598,2,7,TOYOTA VERSO,3,E01003143,0,-1
2023061339688,2023,061339688,1,9,-1,-1,-1,-1,-1,-1,-1,-1,-1,-1,-1,0,-1,1,6,6,1,48,8,1598,2,9,TOYOTA VERSO,2,E01005105,0,-1
2023111267988,2023,111267988,1,9,0,18,19,1,5,0,0,1,0,0,0,0,4,1,5,6,1,34,6,1329,1,12,TOYOTA VERSO,3,E01027612,0,-1
2023201309243,2023,201309243,2,9,0,2,2,0,0,0,0,0,0,0,0,0,2,1,2,2,1,42,7,1598,2,8,TOYOTA VERSO,1,E01010029,0,-1
2023401379845,2023,401379845,2,9,0,18,19,6,2,0,0,1,0,0,0,0,1,1,5,6,2,23,5,1598,2,7,TOYOTA VERSO,2,E01015705,0,-1
2023552300606,2023,552300606,1,9,0,18,19,7,3,0,0,0,0,0,0,0,1,1,6,6,1,59,9,1598,2,6,TOYOTA VERSO,3,E01023300,0,-1
2023071069445,2023,071069445,2,9,0,5,5,1,5,0,0,1,0,0,0,0,1,1,1,1,2,29,6,1798,1,8,TOYOTA VERSO,-1,-1,0,-1
2023010432536,2023,010432536,2,9,0,99,99,9,9,99,99,9,9,99,9,99,1,9,6,6,3,-1,-1,1329,1,12,TOYOTA VERSO,6,E01004497,0,-1
2023010475289,2023,010475289,3,9,0,2,2,0,0,0,0,2,0,0,0,0,1,1,6,6,3,-1,-1,1598,1,7,TOYOTA VERSO,-1,-1,0,-1
2023052303072,2023,052303072,1,9,0,7,7,5,3,0,0,1,0,0,0,0,4,1,1,1,2,51,8,1598,1,6,TOYOTA VERSO,1,E01006614,0,-1
2023201291657,2023,201291657,2,9,0,18,19,3,7,0,0,4,0,0,0,0,2,1,6,6,1,-1,-1,1598,7,5,TOYOTA VERSO,1,E01033643,0,-1
2023010451896,2023,010451896,2,9,0,99,99,9,9,99,99,9,9,99,9,99,9,9,6,6,3,-1,-1,1596,1,12,TOYOTA VERSO,-1,-1,0,-1
2023010452419,2023,010452419,1,9,0,99,99,9,9,99,99,9,9,99,9,99,9,9,6,6,1,56,9,1596,1,12,TOYOTA VERSO,8,E01003422,0,-1
2023440148435,2023,440148435,1,9,0,18,19,7,3,0,0,1,0,0,0,0,4,1,6,6,2,50,8,1998,2,10,TOYOTA VERSO,5,E01017307,0,-1
2023201385563,2023,201385563,1,9,0,18,19,2,6,0,0,8,0,0,0,0,1,1,6,6,1,35,6,1798,7,9,TOYOTA VERSO,1,E01009026,0,-1
2023201377775,2023,201377775,2,8,0,7,7,4,6,0,0,6,0,0,0,0,3,1,1,1,1,39,7,1598,2,7,TOYOTA VERSO,1,E01009331,0,-1
2023440512850,2023,440512850,1,9,0,18,19,8,4,0,0,0,0,0,0,0,1,1,2,2,1,78,11,1596,1,10,TOYOTA VERSO,-1,-1,0,-1
2023061273610,2023,061273610,1,9,0,18,19,1,5,0,0,0,0,0,0,0,1,1,6,6,1,30,6,1596,1,13,TOYOTA VERSO,-1,-1,0,-1
2023010442887,2023,010442887,3,9,0,3,3,3,7,0,0,1,0,0,0,0,1,1,6,6,1,46,8,1798,1,6,TOYOTA VERSO,9,E01000461,0,-1
2023361315036,2023,361315036,1,9,-1,-1,-1,-1,-1,-1,-1,-1,-1,-1,-1,0,-1,1,5,6,2,36,7,1598,1,6,TOYOTA VERSO,9,E01018154,0,-1
2023332300031,2023,332300031,1,9,0,4,4,7,3,0,0,0,0,0,0,0,2,1,2,2,1,32,6,1998,2,13,TOYOTA VERSO,3,E01013630,0,-1
2023131299617,2023,131299617,2,9,0,16,19,5,1,0,0,0,0,0,0,0,3,1,1,1,1,55,8,1598,2,6,TOYOTA VERSO,1,E01010659,0,-1
2023520401040,2023,520401040,2,9,0,18,19,4,8,0,0,8,0,0,1,10,1,1,6,6,1,26,6,1998,2,14,TOYOTA VERSO,5,E01029268,0,-1
2023211277668,2023,211277668,1,8,0,4,4,6,1,0,0,0,0,0,0,0,4,1,1,1,1,-1,-1,1998,2,10,TOYOTA VERSO,4,E01014321,0,-1
2023332300300,2023,332300300,1,8,0,18,19,5,1,0,0,2,0,0,0,0,1,1,3,7,1,71,10,1598,2,6,TOYOTA VERSO,8,E01032601,0,-1
2023451367817,2023,451367817,1,9,0,11,11,5,1,0,0,0,0,0,0,0,3,1,5,6,1,44,7,1998,2,10,TOYOTA VERSO,8,E01030485,0,-1
2023010421072,2023,010421072,2,8,0,5,5,4,8,0,0,2,0,0,0,0,1,1,1,1,1,71,10,1798,1,7,TOYOTA VERSO,2,E01032579,0,-1
2023421362142,2023,421362142,2,9,0,7,7,1,7,0,0,3,0,0,0,0,4,1,6,6,1,67,10,1798,1,13,TOYOTA VERSO,9,E01021615,0,-1
2023010464809,2023,010464809,1,9,0,99,99,9,9,99,99,9,9,99,9,99,2,9,2,2,1,43,7,1798,1,12,TOYOTA VERSO,5,E01001473,0,-1
2023471302381,2023,471302381,2,9,0,17,19,4,8,0,0,0,0,0,0,0,1,1,1,1,1,53,8,1798,1,6,TOYOTA VERSO,4,E01031473,0,-1
202354B383423,2023,54B383423,2,9,0,18,19,6,2,0,0,1,0,7,1,0,4,1,6,6,2,38,7,1998,2,13,TOYOTA VERSO,9,E01031929,0,-1
2023332300338,2023,332300338,2,9,0,7,7,4,6,0,0,6,0,0,0,0,0,1,6,6,3,-1,-1,1798,1,13,TOYOTA VERSO,-1,-1,0,-1
2023332300828,2023,332300828,1,8,0,18,19,4,8,0,0,0,0,0,0,0,1,1,6,6,1,57,9,1598,2,8,TOYOTA VERSO,7,E01025682,0,-1
2023471305095,2023,471305095,3,9,0,4,4,3,7,0,0,0,0,0,0,0,2,1,5,6,1,67,10,1798,1,10,TOYOTA VERSO,10,E01031823,0,-1
2023010476163,2023,010476163,1,9,0,9,9,5,3,0,0,8,0,0,0,0,1,1,6,6,1,36,7,1596,1,12,TOYOTA VERSO,3,E01000510,0,-1
2023461294187,2023,461294187,1,9,0,18,19,8,4,0,0,0,0,0,0,0,4,1,6,6,2,70,10,1329,1,12,TOYOTA VERSO,3,E01024688,0,-1
2023010440534,2023,010440534,1,9,0,3,3,5,1,0,0,3,0,0,0,0,2,1,6,6,1,47,8,1598,2,6,TOYOTA VERSO,8,E01033724,0,-1
2023041375657,2023,041375657,1,9,0,10,10,3,7,0,0,1,0,0,0,0,4,1,6,6,1,43,7,1998,2,14,TOYOTA VERSO,3,E01004868,0,-1
2023411411681,2023,411411681,2,9,0,7,7,1,5,0,0,6,0,0,0,0,1,1,6,6,1,58,9,1797,1,7,TOYOTA VERSO,5,E01023780,0,-1
2023010430150,2023,010430150,2,9,0,99,99,9,9,99,99,9,9,99,9,99,1,9,6,6,3,-1,-1,1596,1,12,TOYOTA VERSO,-1,-1,0,-1
2023010460561,2023,010460561,1,9,0,4,4,6,2,0,0,0,0,0,0,0,3,1,6,6,1,54,8,1596,1,14,TOYOTA VERSO,6,E01003434,0,-1
2023221323892,2023,221323892,2,9,0,18,19,2,6,0,0,8,0,0,0,0,1,1,2,2,1,50,8,1998,2,14,TOYOTA VERSO,7,E01014007,0,-1
2023010466632,2023,010466632,1,9,0,12,12,7,3,0,0,6,0,0,0,0,3,1,6,6,2,48,8,1798,1,6,TOYOTA VERSO,2,E01002493,0,-1
2023010478248,2023,010478248,2,9,0,2,2,0,0,0,0,0,0,0,0,0,1,1,6,6,3,-1,-1,1798,1,12,TOYOTA VERSO,-1,-1,0,-1
2023131389670,2023,131389670,1,9,0,18,19,7,3,0,0,8,0,0,0,0,4,1,6,6,2,32,6,1598,1,6,TOYOTA VERSO,2,E01011785,0,-1
2023010462358,2023,010462358,1,9,0,10,10,1,7,6,6,1,0,0,0,0,3,1,6,6,2,22,5,1798,1,12,TOYOTA VERSO,3,E01003736,0,-1
2023201276892,2023,201276892,2,9,0,3,3,-1,-1,0,0,0,0,0,0,0,2,1,1,1,1,46,8,1798,7,8,TOYOTA VERSO,1,E01009057,0,-1
2023131281986,2023,131281986,2,9,0,18,19,1,5,0,0,8,0,0,0,0,2,1,6,6,1,50,8,1329,1,11,TOYOTA VERSO,1,E01011673,0,-1
2023440324322,2023,440324322,1,9,0,9,9,3,2,0,0,6,0,0,0,0,1,1,6,6,1,38,7,1329,1,12,TOYOTA VERSO,3,E01017020,0,-1
2023010486087,2023,010486087,2,9,0,9,9,3,2,0,0,4,0,0,0,0,1,1,6,6,1,48,8,1798,1,10,TOYOTA VERSO,4,E01032566,0,-1
2023421324280,2023,421324280,2,9,0,8,8,7,1,0,0,1,0,0,0,0,2,1,6,6,2,58,9,1998,2,12,TOYOTA VERSO,3,E01021276,0,-1
2023544023423,2023,544023423,1,9,0,9,9,6,4,0,0,4,0,0,0,0,4,1,6,6,2,38,7,1329,1,11,TOYOTA VERSO,4,E01015480,0,-1
2023451361644,2023,451361644,2,9,0,18,19,7,3,0,0,0,0,0,0,0,1,1,5,6,2,44,7,1329,1,12,TOYOTA VERSO,2,E01030599,0,-1
2023461309187,2023,461309187,2,9,0,10,10,1,3,0,0,0,0,0,0,0,2,1,5,6,1,21,5,1598,2,6,TOYOTA VERSO,1,E01024196,0,-1
2023430231870,2023,430231870,1,9,0,9,9,8,6,0,0,5,0,0,0,0,4,1,6,6,2,35,6,1596,1,9,TOYOTA VERSO,8,E01028539,0,-1
2023010444366,2023,010444366,1,11,0,4,4,2,6,0,0,1,0,0,0,0,1,1,1,1,2,51,8,4500,2,8,WRIGHTBUS NB4L,3,E01003734,0,-1
2023010423842,2023,010423842,2,11,9,99,99,9,9,99,99,0,9,99,9,99,1,9,6,6,3,62,9,4500,2,8,WRIGHTBUS NB4L,2,E01032579,0,-1
2023010455358,2023,010455358,1,11,0,18,19,4,8,2,2,2,0,0,0,0,0,1,1,1,1,49,8,4500,2,8,WRIGHTBUS NB4L,7,E01000883,0,-1
2023010469114,2023,010469114,2,11,0,18,19,1,5,0,0,1,0,0,0,0,1,1,1,1,1,71,10,4500,2,8,WRIGHTBUS NB4L,4,E01001511,0,-1
2023010459637,2023,010459637,1,11,0,4,4,5,1,2,2,0,0,0,0,0,4,1,1,1,1,65,9,4500,2,7,WRIGHTBUS NB4L,4,E01000792,0,-1
2023010436207,2023,010436207,1,11,0,3,3,3,7,2,2,0,0,0,0,0,2,1,1,1,1,54,8,4500,2,8,WRIGHTBUS NB4L,2,E01002730,0,-1
2023010470798,2023,010470798,1,11,0,4,4,5,1,2,2,1,0,0,0,0,0,1,1,1,1,40,7,4461,2,9,WRIGHTBUS NB4L,1,E01004249,0,-1
2023010451435,2023,010451435,1,11,0,18,19,1,5,0,0,0,0,0,0,0,0,1,1,1,1,53,8,4461,2,10,WRIGHTBUS NB4L,3,E01000973,0,-1
2023010463681,2023,010463681,1,11,0,4,4,5,1,0,0,2,0,0,0,0,0,1,1,1,2,52,8,4461,2,10,WRIGHTBUS NB4L,3,E01002711,0,-1
2023010469267,2023,010469267,1,11,0,18,19,1,5,0,0,1,0,0,1,0,1,1,1,1,1,61,9,4500,2,7,WRIGHTBUS NB4L,4,E01016003,0,-1
2023010483277,2023,010483277,1,11,0,18,19,7,3,0,0,1,0,0,0,0,0,1,1,1,1,59,9,4500,2,8,WRIGHTBUS NB4L,5,E01002625,0,-1
2023010471613,2023,010471613,1,11,0,18,19,1,5,0,0,1,0,0,0,0,0,1,1,1,1,32,6,4500,2,8,WRIGHTBUS NB4L,1,E01001847,0,-1
2023010434738,2023,010434738,1,11,0,3,3,7,3,2,2,2,0,0,0,0,0,1,6,6,1,41,7,4461,2,9,WRIGHTBUS NB4L,-1,-1,0,-1
2023010435639,2023,010435639,1,11,0,18,19,7,3,0,0,1,0,0,0,0,0,1,1,1,1,49,8,4500,2,6,WRIGHTBUS NB4L,2,E01004283,0,-1
2023010457295,2023,010457295,1,11,0,9,9,3,1,0,0,2,0,0,0,0,3,1,1,1,2,47,8,4461,2,10,WRIGHTBUS NB4L,5,E01015951,0,-1
2023010476521,2023,010476521,1,11,0,18,19,5,1,0,0,8,0,0,0,0,0,1,1,1,1,53,8,4500,2,8,WRIGHTBUS NB4L,6,E01003752,0,-1
2023010436038,2023,010436038,1,11,0,7,7,3,5,9,9,8,0,0,7,10,1,1,1,1,1,49,8,4461,2,9,WRIGHTBUS NB4L,2,E01001796,0,-1
2023010420457,2023,010420457,1,11,0,16,19,3,4,0,0,8,0,0,0,0,0,1,1,1,1,52,8,4500,2,7,WRIGHTBUS NB4L,2,E01002075,0,-1
2023010448464,2023,010448464,1,11,0,18,19,1,5,2,2,0,0,0,0,0,0,1,1,1,1,62,9,4500,2,7,WRIGHTBUS NB4L,2,E01001161,0,-1
2023010473180,2023,010473180,1,11,0,9,9,3,1,0,0,8,0,0,0,0,0,1,1,1,1,21,5,4461,2,9,WRIGHTBUS NB4L,9,E01016565,0,-1
2023010460100,2023,010460100,1,11,0,7,7,1,4,0,0,2,0,0,0,0,0,1,1,1,2,60,9,4461,2,10,WRIGHTBUS NB4L,2,E01003924,0,-1
2023010453940,2023,010453940,1,11,0,5,5,0,7,2,2,1,0,0,0,0,0,1,6,6,1,65,9,4461,2,10,WRIGHTBUS NB4L,1,E01003291,0,-1
2023010448022,2023,010448022,2,11,0,18,19,2,6,0,0,1,0,0,0,0,0,1,1,1,1,53,8,4500,2,7,WRIGHTBUS NB4L,2,E01000007,0,-1
2023010465462,2023,010465462,1,11,0,4,4,3,7,2,2,1,0,4,0,0,1,1,1,1,1,63,9,4461,2,9,WRIGHTBUS NB4L,1,E01001786,0,-1
2023010450115,2023,010450115,1,11,0,18,19,1,5,0,0,1,0,0,0,0,0,1,6,6,2,40,7,4500,2,6,WRIGHTBUS NB4L,3,E01000044,0,-1
2023010457060,2023,010457060,1,11,0,18,19,7,3,0,0,2,0,0,0,0,0,1,1,1,1,61,9,4500,2,7,WRIGHTBUS NB4L,2,E01001912,0,-1
2023010464856,2023,010464856,1,11,0,5,5,5,1,2,2,1,0,0,1,0,0,1,1,1,1,71,10,4500,2,7,WRIGHTBUS NB4L,3,E01003618,0,-1
2023010439477,2023,010439477,1,11,0,3,3,7,3,2,2,0,0,0,0,0,0,1,1,1,1,66,10,4500,2,7,WRIGHTBUS NB4L,4,E01003212,0,-1
2023010420974,2023,010420974,1,11,0,5,5,5,1,2,2,1,0,0,0,0,0,1,1,1,1,47,8,4500,2,7,WRIGHTBUS NB4L,2,E01001702,0,-1
2023010471562,2023,010471562,4,11,0,18,19,3,7,0,0,1,0,0,0,0,1,1,1,1,1,69,10,4500,2,9,WRIGHTBUS NB4L,2,E01003111,0,-1
2023010442851,2023,010442851,1,11,0,18,19,3,7,0,0,0,0,0,0,0,0,1,1,1,1,65,9,4500,2,6,WRIGHTBUS NB4L,6,E01002662,0,-1
2023010461984,2023,010461984,1,11,0,5,5,5,1,0,0,2,0,0,0,0,0,1,1,1,2,27,6,4500,2,7,WRIGHTBUS NB4L,7,E01000296,0,-1
2023010459513,2023,010459513,1,11,0,5,5,1,5,0,0,8,0,0,0,0,0,1,1,1,1,44,7,4500,2,7,WRIGHTBUS NB4L,2,E01000950,0,-1
2023010433972,2023,010433972,1,11,0,4,4,5,1,0,0,1,0,0,0,0,0,1,1,1,1,54,8,4461,2,10,WRIGHTBUS NB4L,2,E01004615,0,-1
2023010432187,2023,010432187,1,11,0,18,19,5,1,2,2,8,0,0,0,0,1,1,1,1,1,42,7,4500,2,8,WRIGHTBUS NB4L,2,E01001594,0,-1
2023010437216,2023,010437216,1,11,0,5,5,7,3,2,2,8,0,0,0,0,0,1,1,1,1,52,8,4461,2,9,WRIGHTBUS NB4L,2,E01003601,0,-1
2023010463233,2023,010463233,1,11,0,7,7,7,1,0,0,8,0,0,0,0,0,1,1,1,1,51,8,4461,2,10,WRIGHTBUS NB4L,-1,-1,0,-1
2023010440784,2023,010440784,1,11,0,4,4,5,1,0,0,2,0,0,0,0,0,1,1,1,1,54,8,4500,2,8,WRIGHTBUS NB4L,1,E01001979,0,-1
2023010441600,2023,010441600,2,11,0,18,19,3,7,0,0,1,0,0,0,0,1,1,6,6,3,30,6,4500,2,7,WRIGHTBUS NB4L,4,E01004258,0,-1
2023010448005,2023,010448005,1,11,0,5,5,2,6,2,2,1,0,4,0,0,1,1,1,1,1,41,7,4461,2,9,WRIGHTBUS NB4L,1,E01004205,0,-1
2023010427862,2023,010427862,1,11,0,4,4,1,5,0,0,8,0,0,0,0,0,2,6,6,1,52,8,4500,2,6,WRIGHTBUS NB4L,3,E01000092,0,-1
2023010442517,2023,010442517,1,11,0,9,9,7,5,0,0,8,0,0,0,0,0,1,1,1,1,58,9,4500,2,8,WRIGHTBUS NB4L,1,E01001206,0,-1
2023010465514,2023,010465514,1,11,0,18,19,5,1,0,0,1,0,0,0,0,0,2,1,1,2,26,6,4500,2,9,WRIGHTBUS NB4L,4,E01001476,0,-1
2023010478395,2023,010478395,3,11,0,5,5,1,5,0,0,8,0,0,0,0,1,1,1,1,1,54,8,4500,2,9,WRIGHTBUS NB4L,1,E01003246,0,-1
2023010450698,2023,010450698,1,11,0,9,9,5,4,0,0,8,0,0,0,0,0,1,1,1,1,64,9,4461,2,10,WRIGHTBUS NB4L,5,E01015904,0,-1
2023010477759,2023,010477759,1,11,0,18,19,5,1,0,0,2,0,0,0,0,0,1,6,6,3,-1,-1,4500,2,7,WRIGHTBUS NB4L,-1,-1,0,-1
2023010429867,2023,010429867,1,11,0,18,19,1,5,2,2,0,0,0,0,0,3,1,6,6,1,26,6,4500,2,8,WRIGHTBUS NB4L,-1,-1,0,-1
2023010436237,2023,010436237,1,11,0,18,19,1,5,2,2,0,0,0,0,0,0,1,1,1,1,48,8,4461,2,9,WRIGHTBUS NB4L,5,E01004564,0,-1
2023010457588,2023,010457588,1,11,0,5,5,3,7,0,0,2,0,0,0,0,0,1,1,1,1,54,8,4500,2,8,WRIGHTBUS NB4L,2,E01003912,0,-1
2023010428381,2023,010428381,1,11,0,4,4,5,1,0,0,1,0,0,0,0,0,1,1,1,1,54,8,4500,2,7,WRIGHTBUS NB4L,3,E01001190,0,-1
2023010436009,2023,010436009,1,11,0,5,5,5,1,2,2,1,0,0,0,0,0,1,1,1,1,49,8,4461,2,10,WRIGHTBUS NB4L,3,E01004667,0,-1
2023010444387,2023,010444387,1,11,0,5,5,2,6,0,0,1,0,0,0,0,0,1,1,1,1,55,8,4500,2,6,WRIGHTBUS NB4L,3,E01002568,0,-1
2023010467270,2023,010467270,1,11,0,5,5,5,1,0,0,2,0,0,0,0,0,1,1,1,1,63,9,4500,2,8,WRIGHTBUS NB4L,3,E01003978,0,-1
2023010483380,2023,010483380,1,11,0,4,4,1,5,2,2,1,0,0,0,0,1,1,1,1,1,43,7,4500,2,8,WRIGHTBUS NB4L,4,E01004576,0,-1
2023481356312,2023,481356312,1,11,0,18,19,3,7,0,0,2,0,0,0,0,0,1,1,1,1,55,8,4461,2,10,WRIGHTBUS NB4L,-1,-1,0,-1
2023010451196,2023,010451196,1,11,0,18,19,1,5,0,0,1,0,0,0,0,0,1,1,1,2,41,7,4500,2,6,WRIGHTBUS NB4L,1,E01002038,0,-1
2023010468618,2023,010468618,1,11,0,4,4,7,3,0,0,8,0,0,0,0,0,1,1,1,1,58,9,4500,2,7,WRIGHTBUS NB4L,-1,-1,0,-1
2023010428798,2023,010428798,2,11,0,9,9,3,1,0,0,2,0,0,0,0,1,1,1,1,1,53,8,4500,2,6,WRIGHTBUS NB4L,3,E01003405,0,-1
2023010469989,2023,010469989,1,11,0,18,19,5,1,2,2,1,0,0,0,0,0,1,1,1,2,40,7,4500,2,7,WRIGHTBUS NB4L,6,E01003163,0,-1
2023010427960,2023,010427960,4,11,0,3,3,3,7,0,0,4,0,0,0,0,2,1,1,1,1,26,6,4500,2,8,WRIGHTBUS NB4L,3,E01000092,0,-1
2023010455562,2023,010455562,1,11,0,18,19,1,5,0,0,3,0,0,0,0,0,1,1,1,2,47,8,4500,2,8,WRIGHTBUS NB4L,1,E01003045,0,-1
2023010456409,2023,010456409,1,11,0,9,9,3,1,0,0,2,0,0,0,0,1,1,6,6,1,34,6,4500,2,8,WRIGHTBUS NB4L,-1,-1,0,-1
2023010479888,2023,010479888,1,11,0,18,19,1,5,0,0,1,0,0,0,0,0,1,1,1,1,20,4,4500,2,8,WRIGHTBUS NB4L,2,E01001439,0,-1
2023010459713,2023,010459713,1,11,0,18,19,4,8,0,0,1,0,0,0,0,0,1,1,1,1,57,9,4500,2,7,WRIGHTBUS NB4L,2,E01001712,0,-1
2023010456199,2023,010456199,1,11,0,5,5,3,7,0,0,5,0,0,0,0,0,1,2,2,1,51,8,4500,2,8,WRIGHTBUS NB4L,4,E01003770,0,-1
2023010469138,2023,010469138,3,11,0,18,19,3,7,0,0,1,0,0,0,0,3,1,6,6,1,49,8,4461,2,9,WRIGHTBUS NB4L,-1,-1,0,-1
2023010456172,2023,010456172,1,11,0,18,19,5,1,2,2,1,0,0,0,0,1,1,1,1,1,50,8,4500,2,8,WRIGHTBUS NB4L,4,E01003529,0,-1
2023010479042,2023,010479042,1,11,9,99,99,9,9,99,99,9,9,99,9,99,9,9,6,6,3,-1,-1,4500,2,8,WRIGHTBUS NB4L,-1,-1,0,-1
2023481361907,2023,481361907,1,11,0,4,4,1,5,0,0,1,0,0,0,0,0,1,1,1,2,40,7,4500,2,7,WRIGHTBUS NB4L,-1,-1,0,-1
2023010424917,2023,010424917,1,11,0,18,19,5,1,2,2,1,0,0,0,0,3,1,1,1,1,43,7,4461,2,9,WRIGHTBUS NB4L,1,E01001732,0,-1
2023010424937,2023,010424937,1,11,0,4,4,5,1,0,0,0,0,0,0,0,0,1,1,1,1,56,9,4461,2,10,WRIGHTBUS NB4L,4,E01003211,0,-1
2023010461007,2023,010461007,1,11,0,9,9,1,6,0,0,8,0,0,0,0,0,1,1,1,2,41,7,4500,2,8,WRIGHTBUS NB4L,3,E01001479,0,-1
2023010450566,2023,010450566,2,11,0,99,99,9,9,99,99,9,9,99,9,99,9,9,6,6,3,-1,-1,4461,2,10,WRIGHTBUS NB4L,3,E01003122,0,-1
2023010463404,2023,010463404,1,11,0,5,5,0,7,2,2,1,0,0,0,0,0,1,1,1,1,56,9,4500,2,8,WRIGHTBUS NB4L,2,E01003633,0,-1
2023010472319,2023,010472319,1,11,0,5,5,5,1,2,2,8,0,0,0,0,0,1,1,1,1,63,9,4461,2,9,WRIGHTBUS NB4L,1,E01001839,0,-1
2023010424894,2023,010424894,1,11,0,18,19,5,1,2,2,1,0,0,0,0,0,1,1,1,3,46,8,4500,2,8,WRIGHTBUS NB4L,6,E01000161,0,-1
2023010446048,2023,010446048,1,11,0,4,4,8,4,0,0,1,0,0,0,0,0,1,1,1,1,60,9,4500,2,7,WRIGHTBUS NB4L,5,E01003247,0,-1
2023010441113,2023,010441113,1,11,0,18,19,5,1,0,0,5,0,0,0,0,0,1,6,6,1,28,6,4500,2,6,WRIGHTBUS NB4L,3,E01000092,0,-1
2023010435523,2023,010435523,1,11,0,18,19,6,2,3,2,1,0,0,0,0,0,1,6,6,1,30,6,4461,2,10,WRIGHTBUS NB4L,1,E01000551,0,-1
2023010462296,2023,010462296,1,11,0,18,19,1,5,0,0,1,0,0,0,0,0,1,1,1,1,60,9,4500,2,7,WRIGHTBUS NB4L,2,E01003265,0,-1
2023010431285,2023,010431285,1,11,0,5,5,0,3,2,2,1,0,0,0,0,3,1,1,1,2,44,7,4500,2,8,WRIGHTBUS NB4L,1,E01002880,0,-1
2023481380303,2023,481380303,1,11,0,18,19,3,7,0,0,0,0,0,0,0,0,1,1,1,1,46,8,4500,2,8,WRIGHTBUS NB4L,-1,-1,0,-1
2023010433858,2023,010433858,1,11,0,99,99,9,9,99,99,9,0,0,0,0,1,1,6,6,3,-1,-1,4461,2,10,WRIGHTBUS NB4L,-1,-1,0,-1
2023010446250,2023,010446250,2,11,0,18,19,7,3,2,2,1,0,0,0,0,1,1,1,1,1,42,7,4500,2,7,WRIGHTBUS NB4L,1,E01004005,0,-1
2023010469099,2023,010469099,1,11,0,7,7,1,2,0,0,2,0,0,0,0,0,1,1,1,1,44,7,4500,2,7,WRIGHTBUS NB4L,1,E01001364,0,-1
2023010457353,2023,010457353,1,11,0,18,19,5,1,0,0,1,0,0,0,0,1,1,1,1,1,34,6,4500,2,8,WRIGHTBUS NB4L,5,E01000892,0,-1
2023010481694,2023,010481694,1,11,0,5,5,3,7,0,0,1,0,0,0,0,0,1,6,6,1,50,8,4500,2,9,WRIGHTBUS NB4L,1,E01024148,0,-1
2023010446921,2023,010446921,1,11,0,18,19,1,5,0,0,1,0,0,0,0,0,1,1,1,1,46,8,4461,2,9,WRIGHTBUS NB4L,2,E01001250,0,-1
2023010484046,2023,010484046,1,11,0,18,19,5,1,0,0,1,0,0,0,0,0,1,1,1,1,30,6,4500,2,7,WRIGHTBUS NB4L,3,E01003017,0,-1
2023010422522,2023,010422522,1,11,0,18,19,3,7,2,2,2,0,7,0,0,1,1,1,1,1,22,5,4500,2,6,WRIGHTBUS NB4L,2,E01000091,0,-1
2023010469990,2023,010469990,1,11,0,4,4,1,5,0,0,0,0,0,0,0,0,1,6,6,1,30,6,4461,2,9,WRIGHTBUS NB4L,3,E01002052,0,-1
2023010433664,2023,010433664,1,11,0,5,5,5,1,0,0,6,0,0,0,0,0,1,1,1,1,25,5,4500,2,8,WRIGHTBUS NB4L,2,E01004471,0,-1
2023010473476,2023,010473476,1,11,0,18,19,2,6,2,2,2,0,0,0,0,0,1,1,1,1,58,9,4461,2,10,WRIGHTBUS NB4L,4,E01001142,0,-1
2023010476305,2023,010476305,1,11,0,5,5,1,5,0,0,8,0,0,0,0,0,1,1,1,1,51,8,4500,2,8,WRIGHTBUS NB4L,5,E01001737,0,-1
2023010454957,2023,010454957,1,11,0,5,5,7,3,0,0,1,0,0,0,0,4,1,1,1,1,53,8,4461,2,9,WRIGHTBUS NB4L,3,E01004445,0,-1