collision_index,collision_year,collision_ref_no,vehicle_reference,vehicle_type,towing_and_articulation,vehicle_manoeuvre_historic,vehicle_manoeuvre,vehicle_direction_from,vehicle_direction_to,vehicle_location_restricted_lane_historic,vehicle_location_restricted_lane,junction_location,skidding_and_overturning,hit_object_in_carriageway,vehicle_leaving_carriageway,hit_object_off_carriageway,first_point_of_impact,vehicle_left_hand_drive,journey_purpose_of_driver_historic,journey_purpose_of_driver,sex_of_driver,age_of_driver,age_band_of_driver,engine_capacity_cc,propulsion_code,age_of_vehicle,generic_make_model,driver_imd_decile,lsoa_of_driver,escooter_flag,driver_distance_banding
2023010474072,2023,010474072,1,11,0,5,5,5,1,0,0,0,0,0,0,0,1,1,6,6,1,61,9,4500,2,6,WRIGHTBUS NB4L,3,E01001324,0,-1
2023010443760,2023,010443760,1,11,0,99,99,9,9,99,99,9,9,99,9,99,9,9,6,6,3,-1,-1,4461,2,10,WRIGHTBUS NB4L,-1,-1,0,-1
2023010433579,2023,010433579,1,11,0,3,3,4,8,0,0,1,0,0,0,0,0,1,1,1,1,60,9,4500,2,7,WRIGHTBUS NB4L,2,E01003984,0,-1
2023481371531,2023,481371531,1,11,0,4,4,1,5,0,0,2,0,0,0,0,0,1,1,1,1,36,7,4500,2,8,WRIGHTBUS NB4L,-1,-1,0,-1
2023010422754,2023,010422754,1,11,0,5,5,3,7,2,2,2,0,0,0,0,0,1,1,1,1,49,8,4500,2,9,WRIGHTBUS NB4L,1,E01024148,0,-1
2023010462334,2023,010462334,1,11,0,4,4,1,5,2,2,1,0,0,0,0,0,1,1,1,1,50,8,4461,2,9,WRIGHTBUS NB4L,2,E01001432,0,-1
2023010453548,2023,010453548,1,11,0,18,19,7,3,0,0,2,0,10,1,11,1,1,6,6,1,21,5,4500,2,8,WRIGHTBUS NB4L,2,E01001791,0,-1
2023010471562,2023,010471562,1,11,0,3,3,3,7,0,0,1,0,0,0,0,2,1,1,1,1,57,9,4461,2,10,WRIGHTBUS NB4L,3,E01003136,0,-1
2023010431970,2023,010431970,2,11,0,99,99,9,9,99,99,9,9,99,9,99,0,9,6,6,1,37,7,4461,2,9,WRIGHTBUS NB4L,1,E01003516,0,-1
2023010455873,2023,010455873,1,11,0,18,19,3,7,0,0,8,0,0,0,0,0,1,1,1,1,57,9,4461,2,10,WRIGHTBUS NB4L,2,E01015931,0,-1
2023010433710,2023,010433710,1,11,9,99,99,9,9,99,99,9,9,99,9,99,9,1,6,6,3,-1,-1,4500,2,7,WRIGHTBUS NB4L,-1,-1,0,-1
2023010440878,2023,010440878,1,11,0,17,19,1,5,0,0,1,0,0,0,0,0,1,1,1,1,43,7,4500,2,7,WRIGHTBUS NB4L,3,E01002695,0,-1
2023010470992,2023,010470992,2,11,0,18,19,3,7,0,0,0,0,0,0,0,1,1,1,1,1,51,8,4461,2,9,WRIGHTBUS NB4L,3,E01000046,0,-1
2023010469091,2023,010469091,1,11,0,4,4,3,7,2,2,1,0,0,0,0,4,1,1,1,1,30,6,4500,2,7,WRIGHTBUS NB4L,3,E01001147,0,-1
2023010435511,2023,010435511,1,11,0,5,5,1,5,2,2,0,0,0,1,0,3,1,1,1,2,48,8,4461,2,9,WRIGHTBUS NB4L,4,E01002098,0,-1
2023010463447,2023,010463447,1,11,0,18,19,5,1,2,2,2,0,0,0,0,2,1,1,1,1,57,9,4461,2,9,WRIGHTBUS NB4L,5,E01004377,0,-1
2023010466846,2023,010466846,1,11,0,18,19,5,1,0,0,1,0,0,0,0,0,1,1,1,1,43,7,4500,2,6,WRIGHTBUS NB4L,2,E01016004,0,-1
2023010437258,2023,010437258,2,11,0,99,99,9,9,99,99,9,9,99,9,99,9,9,6,6,3,-1,-1,4500,2,8,WRIGHTBUS NB4L,3,E01004427,0,-1
2023010451257,2023,010451257,1,11,0,4,4,1,5,0,0,1,0,10,0,0,4,1,1,1,1,63,9,4461,2,9,WRIGHTBUS NB4L,2,E01000103,0,-1
2023010452375,2023,010452375,1,11,0,9,9,3,8,0,0,1,0,0,0,0,2,1,1,1,1,31,6,4500,2,8,WRIGHTBUS NB4L,3,E01003565,0,-1
2023010442974,2023,010442974,1,11,0,5,5,6,2,0,0,1,0,0,0,0,0,1,1,1,1,36,7,4500,2,8,WRIGHTBUS NB4L,3,E01001844,0,-1
2023010427782,2023,010427782,3,11,0,18,19,3,7,0,0,0,0,0,0,0,2,1,1,1,1,36,7,4500,2,6,WRIGHTBUS NB4L,3,E01000052,0,-1
2023010472248,2023,010472248,1,11,0,3,3,3,7,2,2,1,0,0,0,0,0,1,1,1,2,49,8,4500,2,9,WRIGHTBUS NB4L,6,E01000706,0,-1
2023010468366,2023,010468366,1,11,0,18,19,7,3,0,0,1,1,0,0,0,0,1,1,1,2,25,5,4500,2,8,WRIGHTBUS NB4L,5,E01003359,0,-1
2023010421936,2023,010421936,1,11,0,5,5,0,5,2,2,1,0,0,1,0,0,1,1,1,2,54,8,4461,2,9,WRIGHTBUS NB4L,1,E01002732,0,-1
2023010479712,2023,010479712,1,11,0,7,7,8,2,0,0,8,0,0,0,0,1,1,6,6,1,42,7,4500,2,7,WRIGHTBUS NB4L,1,E01000153,0,-1
2023010429859,2023,010429859,1,11,0,18,19,3,7,0,0,6,0,0,0,0,0,1,1,1,1,24,5,4500,2,6,WRIGHTBUS NB4L,2,E01000063,0,-1
2023010458932,2023,010458932,1,11,0,5,5,0,3,0,0,1,0,0,0,0,0,1,1,1,2,50,8,4500,2,8,WRIGHTBUS NB4L,-1,-1,0,-1
2023010433401,2023,010433401,1,11,0,5,5,1,5,0,0,0,0,0,0,0,0,1,1,1,1,53,8,4461,2,9,WRIGHTBUS NB4L,4,E01001873,0,-1
2023010470642,2023,010470642,2,11,0,18,19,5,1,0,0,0,0,0,0,0,1,1,1,1,1,20,4,4500,2,8,WRIGHTBUS NB4L,2,E01002767,0,-1
2023010432311,2023,010432311,1,11,0,18,19,1,5,0,0,1,0,0,0,0,1,1,1,1,1,60,9,4500,2,7,WRIGHTBUS NB4L,1,E01002099,0,-1
2023010484224,2023,010484224,1,11,0,18,19,7,3,0,0,1,0,0,0,0,0,1,1,1,2,47,8,4500,2,8,WRIGHTBUS NB4L,2,E01002316,0,-1
2023010455477,2023,010455477,1,11,0,18,19,7,3,0,0,8,0,0,0,0,3,1,6,6,3,-1,-1,4500,2,6,WRIGHTBUS NB4L,-1,-1,0,-1
2023010466748,2023,010466748,1,11,0,99,99,9,9,99,99,0,9,99,9,99,2,9,6,6,1,35,6,4500,2,6,WRIGHTBUS NB4L,2,E01003576,0,-1
2023010484455,2023,010484455,1,11,0,5,5,5,1,0,0,8,0,0,0,0,0,1,1,1,1,43,7,4500,2,8,WRIGHTBUS NB4L,10,E01032763,0,-1
2023010461312,2023,010461312,1,11,0,5,5,7,3,0,0,1,0,0,0,0,1,1,1,1,1,55,8,4500,2,7,WRIGHTBUS NB4L,4,E01003937,0,-1
2023010484793,2023,010484793,1,11,0,9,9,3,1,0,0,8,0,0,0,0,0,1,1,1,1,54,8,4461,2,10,WRIGHTBUS NB4L,1,E01002870,0,-1
2023010439866,2023,010439866,1,11,0,5,5,3,7,0,0,1,0,0,0,0,0,1,1,1,1,50,8,4500,2,7,WRIGHTBUS NB4L,1,E01001786,0,-1
2023010433398,2023,010433398,1,11,0,4,4,3,7,0,0,1,0,0,0,0,0,1,1,1,1,41,7,4500,2,8,WRIGHTBUS NB4L,8,E01003678,0,-1
2023010459031,2023,010459031,1,11,0,18,19,1,5,0,0,1,0,0,0,0,0,1,1,1,1,53,8,4500,2,8,WRIGHTBUS NB4L,1,E01001559,0,-1
2023010425216,2023,010425216,1,11,0,4,4,7,3,0,0,1,0,0,0,0,0,1,1,1,1,45,7,4500,2,8,WRIGHTBUS NB4L,3,E01003251,0,-1
2023010459733,2023,010459733,1,11,0,5,5,7,3,0,0,2,0,0,0,0,0,1,1,1,1,66,10,4461,2,9,WRIGHTBUS NB4L,3,E01000046,0,-1
2023010479412,2023,010479412,1,11,0,18,19,5,1,0,0,8,0,0,0,0,3,1,1,1,1,39,7,4500,2,8,WRIGHTBUS NB4L,5,E01000592,0,-1
2023010463737,2023,010463737,2,11,0,99,99,9,9,99,99,9,9,99,9,99,9,9,6,6,3,-1,-1,4500,2,8,WRIGHTBUS NB4L,-1,-1,0,-1
2023010466085,2023,010466085,1,11,0,4,4,7,3,0,0,1,0,0,0,0,0,1,1,1,1,45,7,4500,2,6,WRIGHTBUS NB4L,2,E01000053,0,-1
2023010483311,2023,010483311,1,11,0,2,2,0,0,2,2,0,0,0,0,0,2,1,6,6,3,-1,-1,4461,2,9,WRIGHTBUS NB4L,-1,-1,0,-1
2023010468226,2023,010468226,1,11,0,4,4,3,7,0,0,1,0,0,0,0,1,1,1,1,1,51,8,4500,2,8,WRIGHTBUS NB4L,2,E01003125,0,-1
2023010453650,2023,010453650,2,11,0,99,99,9,9,99,99,9,9,99,9,99,9,1,6,6,1,-1,-1,4500,2,9,WRIGHTBUS NB4L,1,E01007179,0,-1
2023010439983,2023,010439983,1,11,0,5,5,1,5,0,0,1,0,0,0,0,0,1,1,1,1,48,8,4500,2,7,WRIGHTBUS NB4L,1,E01033602,0,-1
2023010435454,2023,010435454,1,11,0,5,5,5,1,2,2,6,0,0,0,0,1,1,1,1,1,44,7,4500,2,7,WRIGHTBUS NB4L,4,E01003106,0,-1
2023010474763,2023,010474763,1,11,0,5,5,5,1,0,0,0,0,0,0,0,0,2,1,1,2,32,6,4500,2,8,WRIGHTBUS NB4L,1,E01032575,0,-1
2023010482228,2023,010482228,1,11,0,17,19,7,3,2,2,2,0,0,0,0,4,1,2,2,1,51,8,4500,2,7,WRIGHTBUS NB4L,2,E01001257,0,-1
2023010449504,2023,010449504,1,11,0,4,4,1,5,0,0,1,0,0,0,0,0,1,1,1,1,31,6,4500,2,7,WRIGHTBUS NB4L,2,E01000789,0,-1
2023010429917,2023,010429917,1,11,0,18,19,5,1,0,0,6,0,0,0,0,0,1,6,6,1,49,8,4500,2,6,WRIGHTBUS NB4L,3,E01000092,0,-1
2023010441589,2023,010441589,1,11,0,18,19,1,5,2,2,2,0,11,0,0,0,1,1,1,1,41,7,4500,2,7,WRIGHTBUS NB4L,2,E01004013,0,-1
2023010454619,2023,010454619,1,11,0,5,5,7,3,0,0,0,0,0,0,0,4,1,1,1,1,46,8,4500,2,6,WRIGHTBUS NB4L,2,E01033588,0,-1
2023010444876,2023,010444876,1,11,0,5,5,7,3,0,0,8,0,0,0,0,1,1,1,1,1,33,6,4461,2,9,WRIGHTBUS NB4L,2,E01001758,0,-1
2023010480327,2023,010480327,1,11,0,9,9,3,1,0,0,1,0,0,0,0,0,1,1,1,1,32,6,4500,2,9,WRIGHTBUS NB4L,2,E01004364,0,-1
2023481369648,2023,481369648,1,11,0,13,13,5,1,2,2,0,0,0,0,0,4,1,1,1,1,52,8,4500,2,7,WRIGHTBUS NB4L,-1,-1,0,-1
2023010431637,2023,010431637,1,11,0,5,5,0,1,2,2,0,0,0,0,0,0,1,1,1,1,54,8,4461,2,9,WRIGHTBUS NB4L,-1,-1,0,-1
2023010456103,2023,010456103,1,11,0,18,19,7,3,2,2,0,0,0,0,0,0,1,1,1,1,30,6,4500,2,6,WRIGHTBUS NB4L,-1,-1,0,-1
2023011367287,2023,011367287,2,11,0,4,4,1,5,0,0,0,0,0,0,0,2,1,1,1,1,50,8,4500,2,8,WRIGHTBUS NB4L,-1,-1,0,-1
2023010448375,2023,010448375,1,11,0,4,4,1,5,0,0,1,0,0,0,0,0,1,1,1,2,36,7,4500,2,7,WRIGHTBUS NB4L,1,E01024306,0,-1
2023010429428,2023,010429428,1,11,0,18,19,6,2,0,0,1,0,0,0,0,0,1,1,1,1,57,9,4500,2,9,WRIGHTBUS NB4L,2,E01003325,0,-1
2023010437872,2023,010437872,1,11,0,4,4,7,3,0,0,1,0,0,0,0,4,1,1,1,1,61,9,4461,2,9,WRIGHTBUS NB4L,2,E01004460,0,-1
2023010443813,2023,010443813,1,11,0,5,5,7,3,0,0,1,0,0,0,0,0,1,1,1,1,34,6,4461,2,10,WRIGHTBUS NB4L,3,E01002052,0,-1
2023010474024,2023,010474024,1,11,0,4,4,4,8,3,2,1,0,0,0,0,0,1,6,6,1,39,7,4500,2,6,WRIGHTBUS NB4L,1,E01003535,0,-1
2023010437285,2023,010437285,1,11,0,5,5,5,1,0,0,5,0,0,1,0,1,1,1,1,1,34,6,4500,2,7,WRIGHTBUS NB4L,2,E01003179,0,-1
2023010462969,2023,010462969,1,11,0,18,19,7,3,0,0,2,0,0,0,0,0,1,1,1,2,47,8,4461,2,9,WRIGHTBUS NB4L,2,E01001758,0,-1
2023010422092,2023,010422092,2,11,0,9,9,7,6,0,0,1,0,0,0,0,4,1,1,1,2,36,7,4500,2,8,WRIGHTBUS NB4L,4,E01004049,0,-1
2023010429158,2023,010429158,1,11,0,7,7,7,1,0,0,2,0,0,0,0,4,1,1,1,1,46,8,4500,2,8,WRIGHTBUS NB4L,3,E01004333,0,-1
2023010453609,2023,010453609,1,11,0,18,19,7,3,0,0,0,0,0,0,0,0,1,1,1,1,43,7,4461,2,10,WRIGHTBUS NB4L,4,E01002624,0,-1
2023010454703,2023,010454703,1,11,0,12,12,1,5,0,0,2,0,0,0,0,4,1,1,1,1,55,8,4461,2,10,WRIGHTBUS NB4L,1,E01000601,0,-1
2023010444701,2023,010444701,1,11,0,4,4,1,5,2,2,1,0,8,0,0,3,1,1,1,1,55,8,4500,2,8,WRIGHTBUS NB4L,-1,-1,0,-1
2023010440247,2023,010440247,1,11,0,3,3,7,3,0,0,1,0,0,0,0,1,1,1,1,1,63,9,4500,2,7,WRIGHTBUS NB4L,4,E01000497,0,-1
2023010478674,2023,010478674,1,11,0,18,19,3,7,0,0,0,0,11,0,0,1,1,1,1,1,49,8,4500,2,6,WRIGHTBUS NB4L,5,E01033030,0,-1
2023010437192,2023,010437192,1,11,0,4,4,1,5,2,2,1,0,0,0,0,0,1,1,1,1,31,6,4500,2,8,WRIGHTBUS NB4L,4,E01002014,0,-1
2023010457768,2023,010457768,1,11,0,18,19,5,1,0,0,1,0,0,0,0,1,1,1,1,2,39,7,4500,2,7,WRIGHTBUS NB4L,3,E01002909,0,-1
2023010443821,2023,010443821,2,11,0,10,10,5,2,2,2,6,0,0,0,0,0,1,1,1,1,61,9,4500,2,8,WRIGHTBUS NB4L,1,E01002066,0,-1
2023481356514,2023,481356514,1,11,0,18,19,3,7,0,0,2,0,0,0,0,1,1,1,1,1,36,7,4500,2,8,WRIGHTBUS NB4L,-1,-1,0,-1
2023010465249,2023,010465249,1,11,0,5,5,1,5,0,0,1,0,0,0,0,0,1,1,1,1,57,9,4461,2,9,WRIGHTBUS NB4L,5,E01004564,0,-1
2023010472662,2023,010472662,1,11,0,9,9,3,8,0,0,1,0,0,0,0,4,1,1,1,1,63,9,4461,2,10,WRIGHTBUS NB4L,3,E01001175,0,-1
2023010444100,2023,010444100,2,11,0,99,99,9,9,99,99,9,9,99,9,99,9,1,6,6,1,55,8,4461,2,9,WRIGHTBUS NB4L,6,E01016471,0,-1
2023010472999,2023,010472999,2,11,0,18,19,7,3,0,0,8,0,0,0,0,1,1,1,1,1,36,7,4500,2,9,WRIGHTBUS NB4L,2,E01033341,0,-1
2023010442010,2023,010442010,1,11,0,18,19,5,1,2,2,1,0,0,0,0,0,1,1,1,1,57,9,4500,2,7,WRIGHTBUS NB4L,4,E01000561,0,-1
2023010475373,2023,010475373,1,11,0,5,5,1,5,0,0,1,0,0,0,0,0,1,1,1,1,56,9,4461,2,9,WRIGHTBUS NB4L,3,E01001981,0,-1
2023010477422,2023,010477422,1,11,0,18,19,7,3,2,2,1,0,0,0,0,0,1,1,1,1,53,8,4461,2,9,WRIGHTBUS NB4L,2,E01000077,0,-1
2023010471238,2023,010471238,1,11,0,5,5,0,3,2,2,1,0,0,0,0,0,1,6,6,1,54,8,4500,2,8,WRIGHTBUS NB4L,7,E01033568,0,-1
2023010475127,2023,010475127,1,11,0,5,5,5,1,0,0,8,0,0,0,0,1,1,1,1,1,45,7,4461,2,9,WRIGHTBUS NB4L,4,E01004642,0,-1
2023010435002,2023,010435002,1,11,0,18,19,5,1,0,0,2,0,0,0,0,0,1,1,1,2,-1,-1,4500,2,7,WRIGHTBUS NB4L,-1,-1,0,-1
2023401270501,2023,401270501,3,9,0,2,2,0,0,0,0,1,0,0,0,0,4,1,5,6,1,36,7,1598,1,16,ALFA ROMEO 147,3,E01015783,0,-1
2023320177447,2023,320177447,1,9,0,4,4,4,8,0,0,0,0,0,0,0,1,1,2,2,1,24,5,1598,1,19,ALFA ROMEO 147,7,E01026202,0,-1
2023471311513,2023,471311513,1,9,0,4,4,1,5,0,0,0,0,0,0,0,1,1,5,6,2,58,9,1598,1,16,ALFA ROMEO 147,6,E01020999,0,-1
2023501294426,2023,501294426,1,9,0,4,4,7,3,0,0,0,0,0,0,0,2,1,6,6,2,46,8,1910,2,19,ALFA ROMEO 147,2,E01019069,0,-1
2023461306470,2023,461306470,1,9,0,5,5,7,3,0,0,4,0,0,0,0,2,1,6,6,2,24,5,1970,1,17,ALFA ROMEO 147,-1,-1,0,-1
2023531390174,2023,531390174,1,9,0,18,19,3,7,0,0,0,5,0,0,0,3,1,2,2,1,53,8,1910,2,15,ALFA ROMEO 147,6,E01022187,0,-1
2023221366560,2023,221366560,1,9,0,18,19,7,3,0,0,6,0,0,0,0,1,1,1,1,1,28,6,1910,2,16,ALFA ROMEO 147,9,E01032396,0,-1
2023440430664,2023,440430664,1,9,0,18,19,3,7,0,0,0,2,0,1,9,1,1,6,6,1,20,4,1598,1,14,ALFA ROMEO 147,6,E01032011,0,-1
2023421340797,2023,421340797,1,9,0,18,19,1,3,0,0,0,1,0,4,0,1,1,5,6,1,24,5,1598,1,14,ALFA ROMEO 147,10,E01033055,0,-1
2023471376192,2023,471376192,1,9,0,18,19,3,7,0,0,2,0,0,4,0,1,1,5,6,1,20,4,1910,2,15,ALFA ROMEO 147,4,E01031836,0,-1
2023221274501,2023,221274501,1,9,0,18,19,4,8,0,0,0,2,0,1,10,1,1,5,6,1,53,8,1598,1,17,ALFA ROMEO 147,5,E01020098,0,-1
2023340WN3242,2023,340WN3242,2,3,0,18,19,3,7,0,0,8,5,0,0,0,1,1,6,6,2,22,5,124,1,7,-1,3,E01027196,0,-1
2023361383663,2023,361383663,1,3,0,18,19,5,1,0,0,1,1,0,0,0,0,1,6,6,1,25,5,125,1,10,-1,2,E01030227,0,-1
2023361366289,2023,361366289,2,3,0,18,19,5,1,0,0,1,0,0,0,0,1,1,5,6,1,19,4,125,1,5,-1,1,E01026620,0,-1
2023461305127,2023,461305127,1,3,0,5,5,8,4,0,0,0,1,11,0,0,1,1,5,6,1,18,4,124,1,5,-1,5,E01024031,0,-1
2023361262288,2023,361262288,2,2,0,18,19,7,3,0,0,8,0,0,0,0,4,1,1,1,1,16,4,50,1,9,-1,8,E01026561,0,-1
2023461374222,2023,461374222,2,4,0,14,14,2,6,0,0,1,5,0,0,0,4,1,5,6,1,18,4,125,1,7,-1,1,E01024671,0,-1
2023161311680,2023,161311680,1,3,0,18,19,7,3,0,0,1,0,0,0,0,1,1,6,6,1,20,4,125,1,8,-1,8,E01013028,0,-1
2023141334633,2023,141334633,1,3,0,17,19,5,1,9,9,0,1,0,0,0,1,1,2,2,1,31,6,125,1,6,-1,3,E01032550,0,-1
2023320087137,2023,320087137,1,3,0,18,19,6,2,0,0,0,0,0,0,0,1,1,6,6,1,16,4,-1,-1,-1,-1,6,E01026040,0,-1
2023141332269,2023,141332269,1,9,0,18,19,7,3,0,0,0,1,0,0,0,1,2,5,6,1,42,7,5200,1,55,-1,10,E01007430,0,-1
2023543987223,2023,543987223,1,9,0,18,19,7,3,0,0,0,0,0,0,0,1,1,6,6,1,32,6,6200,1,7,-1,8,E01031873,0,-1
202360A093061,2023,60A093061,1,9,0,9,9,2,8,0,0,8,0,0,0,0,3,1,6,6,1,90,11,1596,1,10,FORD B-MAX,-1,-1,0,-1
2023522301337,2023,522301337,2,9,0,18,19,7,3,0,0,8,0,0,0,0,1,1,6,6,2,33,6,998,1,6,FORD B-MAX,10,W01001394,0,-1
2023531361191,2023,531361191,1,9,0,9,9,8,6,0,0,0,0,0,0,0,3,1,2,2,2,42,7,1499,2,8,FORD B-MAX,3,E01022237,0,-1
2023471285929,2023,471285929,1,9,0,18,19,1,5,0,0,2,0,0,0,0,1,1,5,6,2,66,10,1596,1,8,FORD B-MAX,5,E01031376,0,-1
2023010475621,2023,010475621,1,9,0,4,4,5,1,0,0,0,0,0,0,0,2,1,6,6,1,37,7,1596,1,10,FORD B-MAX,3,E01001188,0,-1
2023531371414,2023,531371414,2,9,0,4,4,6,3,0,0,1,0,0,0,0,2,1,1,1,2,54,8,1388,1,9,FORD B-MAX,6,E01022253,0,-1
2023201286017,2023,201286017,2,9,0,18,19,3,7,0,0,0,0,0,0,0,1,1,6,6,3,73,10,1388,1,9,FORD B-MAX,8,E01010514,0,-1
2023430240636,2023,430240636,1,9,0,18,19,6,2,0,0,0,0,0,0,0,1,1,6,6,2,72,10,998,1,6,FORD B-MAX,-1,-1,0,-1
2023471329769,2023,471329769,1,9,0,18,19,7,3,0,0,0,0,0,0,0,1,1,5,6,2,73,10,998,1,10,FORD B-MAX,8,E01031535,0,-1
2023991355792,2023,991355792,1,9,0,18,19,3,7,0,0,0,0,0,1,9,2,1,6,6,2,41,7,1596,1,9,FORD B-MAX,4,-1,0,-1
202354D375823,2023,54D375823,1,9,0,5,5,6,2,0,0,1,0,0,0,0,4,1,6,6,1,70,10,1388,1,9,FORD B-MAX,7,E01032067,0,-1
2023201416423,2023,201416423,1,9,0,18,19,2,8,0,0,6,0,0,0,0,1,1,6,6,2,37,7,1596,1,10,FORD B-MAX,-1,-1,0,-1
2023131319610,2023,131319610,2,9,0,18,19,7,3,0,0,0,5,0,0,0,1,1,6,6,2,70,10,998,1,5,FORD B-MAX,8,E01011520,0,-1
2023141377546,2023,141377546,1,9,0,18,19,5,1,0,0,4,0,0,0,0,2,1,5,6,2,44,7,1388,1,9,FORD B-MAX,4,E01028028,0,-1
2023471363138,2023,471363138,2,9,0,18,19,3,7,0,0,8,0,0,0,0,1,1,5,6,2,57,9,1499,2,5,FORD B-MAX,4,E01024587,0,-1
2023141264491,2023,141264491,1,9,0,7,7,3,5,0,0,8,0,0,3,0,1,1,5,6,1,88,11,1596,1,10,FORD B-MAX,-1,-1,0,-1
2023461383596,2023,461383596,2,9,0,3,3,8,5,0,0,0,0,0,0,0,2,1,5,6,2,37,7,998,1,7,FORD B-MAX,2,E01024616,0,-1
2023221271731,2023,221271731,3,9,0,10,10,3,1,0,0,1,0,0,0,0,1,1,5,6,1,60,9,1560,2,8,FORD B-MAX,6,W01000431,0,-1
2023421375849,2023,421375849,1,9,0,18,19,5,1,0,0,0,0,0,0,0,1,1,6,6,1,33,6,1596,1,9,FORD B-MAX,3,E01021312,0,-1
2023141320794,2023,141320794,1,9,0,5,5,1,5,0,0,2,0,0,0,0,1,1,6,6,2,39,7,1388,1,9,FORD B-MAX,2,E01008112,0,-1
2023101319416,2023,101319416,1,9,0,18,19,3,7,8,6,1,0,0,0,0,1,1,6,6,2,65,9,1596,1,8,FORD B-MAX,8,-1,0,-1
2023070000976,2023,070000976,1,9,0,18,19,7,6,0,0,1,0,0,0,0,3,1,6,6,1,50,8,1596,1,9,FORD B-MAX,1,E01014229,0,-1
2023201374319,2023,201374319,2,9,0,18,19,1,5,0,0,8,0,7,6,6,4,1,6,6,2,61,9,998,1,9,FORD B-MAX,6,E01009473,0,-1
2023010485010,2023,010485010,1,9,0,1,1,1,5,0,0,1,0,0,0,0,2,1,6,6,2,32,6,1596,1,10,FORD B-MAX,2,E01000152,0,-1
2023010441074,2023,010441074,1,9,0,18,19,3,7,0,0,1,5,0,1,2,1,1,6,6,1,42,7,1596,1,7,FORD B-MAX,6,E01033457,0,-1
2023010482179,2023,010482179,2,9,0,99,99,9,9,99,99,0,9,99,9,99,9,9,6,6,3,56,9,998,1,7,FORD B-MAX,9,E01003828,0,-1
2023041260740,2023,041260740,1,9,0,18,19,5,1,0,0,0,0,4,0,0,1,1,6,6,2,58,9,1388,1,7,FORD B-MAX,7,E01012592,0,-1
2023340WN2332,2023,340WN2332,1,9,0,9,9,2,8,0,0,6,0,0,0,0,1,1,6,6,1,83,11,998,1,9,FORD B-MAX,5,E01027302,0,-1
2023622300569,2023,622300569,1,9,0,18,19,4,8,0,0,0,0,0,0,0,1,1,6,6,2,43,7,998,1,8,FORD B-MAX,9,W01000983,0,-1
202360A041492,2023,60A041492,1,9,0,5,5,1,5,0,0,4,0,0,0,0,3,1,6,6,1,85,11,1596,1,6,FORD B-MAX,-1,-1,0,-1
2023411294226,2023,411294226,2,9,0,9,9,-1,-1,0,0,2,0,0,0,0,2,1,6,6,2,61,9,1596,1,8,FORD B-MAX,6,E01023306,0,-1
2023231381944,2023,231381944,1,9,0,18,19,2,6,0,0,0,0,0,0,0,1,1,3,7,2,50,8,1499,2,9,FORD B-MAX,7,E01031038,0,-1
2023211391801,2023,211391801,1,9,0,11,11,6,4,0,0,0,0,0,0,0,1,1,1,1,1,30,6,1388,1,10,FORD B-MAX,2,E01010508,0,-1
2023631312364,2023,631312364,2,9,0,18,19,7,3,0,0,0,0,0,0,0,3,1,5,6,2,30,6,1596,1,7,FORD B-MAX,8,W01000609,0,-1
2023622300927,2023,622300927,1,9,0,14,14,8,4,0,0,0,0,0,0,0,4,1,6,6,2,46,8,998,1,9,FORD B-MAX,9,W01001826,0,-1
2023991346991,2023,991346991,1,9,0,16,19,3,7,0,0,0,1,0,0,0,1,1,6,6,2,58,9,1560,2,10,FORD B-MAX,6,-1,0,-1
2023010486544,2023,010486544,4,9,0,4,4,1,5,0,0,1,0,0,0,0,2,1,6,6,1,52,8,998,1,9,FORD B-MAX,8,E01015894,0,-1
2023411346368,2023,411346368,1,9,0,6,6,5,1,0,0,0,0,0,0,0,4,1,6,6,1,36,7,1388,1,10,FORD B-MAX,7,E01021620,0,-1
2023991381636,2023,991381636,2,9,0,3,3,5,1,0,0,1,0,0,0,0,2,1,1,1,1,47,8,1596,1,9,FORD B-MAX,2,-1,0,-1
2023991282322,2023,991282322,2,9,0,18,19,2,6,0,0,0,0,0,0,0,2,1,5,6,1,79,11,998,1,9,FORD B-MAX,6,-1,0,-1
2023421390904,2023,421390904,2,9,0,-1,-1,-1,-1,-1,-1,-1,-1,-1,-1,0,-1,1,6,6,2,48,8,998,1,11,FORD B-MAX,9,E01021923,0,-1
2023471291856,2023,471291856,1,9,0,18,19,7,3,0,0,1,0,0,0,0,1,1,5,6,1,36,7,1596,1,8,FORD B-MAX,-1,-1,0,-1
2023010434134,2023,010434134,1,9,0,5,5,1,5,0,0,8,0,0,0,0,1,2,6,6,3,68,10,1596,1,10,FORD B-MAX,3,E01004337,0,-1
2023361266591,2023,361266591,1,9,0,5,5,3,1,0,0,6,0,0,7,0,1,1,5,6,2,86,11,1596,1,11,FORD B-MAX,6,E01026761,0,-1
2023340WN7282,2023,340WN7282,2,9,0,18,19,8,4,0,0,1,0,0,0,0,1,1,6,6,1,38,7,1596,1,10,FORD B-MAX,2,E01026954,0,-1
2023430095999,2023,430095999,1,9,0,18,19,6,2,0,0,1,0,0,0,0,1,1,6,6,1,45,7,1596,1,9,FORD B-MAX,-1,-1,0,-1
2023122300868,2023,122300868,1,9,0,3,3,2,6,0,0,0,0,0,0,0,4,1,6,6,2,18,4,1560,2,9,FORD B-MAX,8,E01027621,0,-1
2023302300845,2023,302300845,1,9,0,18,19,4,8,0,0,1,0,0,0,0,1,1,2,2,2,41,7,1499,2,8,FORD B-MAX,4,E01019800,0,-1