collision_index,collision_year,collision_ref_no,vehicle_reference,vehicle_type,towing_and_articulation,vehicle_manoeuvre_historic,vehicle_manoeuvre,vehicle_direction_from,vehicle_direction_to,vehicle_location_restricted_lane_historic,vehicle_location_restricted_lane,junction_location,skidding_and_overturning,hit_object_in_carriageway,vehicle_leaving_carriageway,hit_object_off_carriageway,first_point_of_impact,vehicle_left_hand_drive,journey_purpose_of_driver_historic,journey_purpose_of_driver,sex_of_driver,age_of_driver,age_band_of_driver,engine_capacity_cc,propulsion_code,age_of_vehicle,generic_make_model,driver_imd_decile,lsoa_of_driver,escooter_flag,driver_distance_banding
2023411273934,2023,411273934,1,9,0,9,9,1,7,0,0,1,0,0,0,0,3,1,6,6,1,34,6,2497,2,14,KIA SORENTO,-1,-1,0,-1
2023101352588,2023,101352588,2,9,0,3,3,7,3,0,0,0,0,0,0,0,2,1,5,6,2,50,8,2199,2,7,KIA SORENTO,9,E01027465,0,-1
2023991346455,2023,991346455,1,9,0,17,19,3,7,0,0,0,5,0,7,9,1,1,5,6,2,40,7,2199,2,4,KIA SORENTO,7,-1,0,-1
2023501315903,2023,501315903,1,9,0,7,7,1,3,9,9,8,0,0,0,0,2,1,2,2,2,45,7,2199,2,11,KIA SORENTO,2,E01018774,0,-1
2023101268684,2023,101268684,4,9,0,3,3,1,5,0,0,0,0,0,0,0,2,1,1,1,2,48,8,2199,2,9,KIA SORENTO,5,E01020891,0,-1
2023451370606,2023,451370606,2,9,0,18,19,1,5,0,0,0,0,0,0,0,2,1,1,1,2,64,9,2199,2,10,KIA SORENTO,9,E01030802,0,-1
2023010432039,2023,010432039,1,9,0,5,5,5,1,0,0,1,0,0,0,0,4,1,6,6,2,51,8,2199,2,4,KIA SORENTO,7,E01002986,0,-1
2023471264086,2023,471264086,2,9,0,18,19,1,5,0,0,0,0,0,0,0,2,1,2,2,2,42,7,2199,2,9,KIA SORENTO,2,E01020925,0,-1
2023311318427,2023,311318427,2,9,0,18,19,1,5,0,0,0,0,0,0,0,1,1,5,6,2,27,6,2497,2,18,KIA SORENTO,4,E01028278,0,-1
2023991418531,2023,991418531,3,9,0,18,19,3,7,0,0,0,0,0,0,0,4,1,5,6,2,30,6,2199,2,9,KIA SORENTO,6,-1,0,-1
2023501331100,2023,501331100,2,9,0,16,19,5,8,0,0,0,0,0,0,0,3,1,5,6,1,74,10,2199,2,4,KIA SORENTO,5,E01013306,0,-1
2023411325355,2023,411325355,1,9,-1,12,12,1,5,0,0,3,0,0,0,0,-1,1,5,6,2,51,8,1598,8,0,KIA SORENTO,10,E01023695,0,-1
2023231391400,2023,231391400,1,9,0,16,19,6,1,0,0,0,0,0,1,10,1,1,1,1,1,43,7,2151,2,0,KIA SORENTO,7,E01009558,0,-1
2023141314042,2023,141314042,2,9,0,13,13,3,7,0,0,0,0,0,0,0,1,1,5,6,2,56,9,2199,2,5,KIA SORENTO,3,E01007351,0,-1
2023311378049,2023,311378049,4,9,0,4,4,3,7,0,0,1,0,0,0,0,1,1,5,6,1,63,9,2199,2,5,KIA SORENTO,3,E01033392,0,-1
2023041307640,2023,041307640,6,9,0,2,2,3,7,9,9,0,0,0,0,0,2,1,6,6,3,-1,-1,2497,2,19,KIA SORENTO,-1,-1,0,-1
2023501360827,2023,501360827,1,9,0,3,3,7,3,0,0,1,0,0,0,0,2,1,6,6,2,52,8,2199,2,10,KIA SORENTO,10,E01019943,0,-1
2023610022323,2023,610022323,2,9,0,16,19,2,5,0,0,0,0,0,0,0,4,1,2,2,1,37,7,2199,2,12,KIA SORENTO,7,W01001357,0,-1
2023061378130,2023,061378130,1,9,0,18,19,1,5,0,0,2,0,0,0,0,1,1,6,6,1,43,7,2199,2,6,KIA SORENTO,3,E01007494,0,-1
2023531303762,2023,531303762,1,9,0,7,7,7,3,0,0,2,0,0,0,0,3,1,6,6,1,34,6,2199,2,4,KIA SORENTO,5,E01022150,0,-1
2023041352349,2023,041352349,2,9,0,18,19,7,3,0,0,2,0,0,0,0,1,1,5,6,1,63,9,2199,2,4,KIA SORENTO,8,E01012597,0,-1
2023201305783,2023,201305783,1,9,0,3,3,-1,-1,0,0,1,0,0,0,0,2,1,6,6,1,65,9,2199,2,7,KIA SORENTO,1,E01008907,0,-1
2023010475730,2023,010475730,1,9,0,99,99,9,9,99,99,9,9,99,9,99,1,9,2,2,1,38,7,2199,2,7,KIA SORENTO,8,E01002230,0,-1
2023430023432,2023,430023432,1,9,0,18,19,7,3,0,0,0,0,0,0,0,1,1,6,6,2,40,7,2199,2,7,KIA SORENTO,9,E01016799,0,-1
2023071183540,2023,071183540,2,9,0,18,19,3,7,0,0,0,0,0,0,0,2,1,6,6,2,47,8,2199,2,6,KIA SORENTO,5,E01006160,0,-1
2023371365016,2023,371365016,1,9,0,18,19,1,6,0,0,0,0,0,0,0,1,1,5,6,1,49,8,2199,2,6,KIA SORENTO,3,E01030025,0,-1
2023010449534,2023,010449534,1,9,0,18,19,8,4,0,0,0,0,0,0,0,1,1,6,6,3,-1,-1,2199,2,6,KIA SORENTO,-1,-1,0,-1
2023010470516,2023,010470516,5,9,0,18,19,5,1,0,0,0,1,7,7,11,1,1,6,6,1,36,7,1598,8,1,KIA SORENTO,4,E01003661,0,-1
2023161308389,2023,161308389,2,9,0,18,19,1,5,0,0,0,0,0,0,0,1,1,5,6,1,60,9,2199,2,10,KIA SORENTO,3,E01013286,0,-1
2023546059023,2023,546059023,1,9,0,18,19,5,1,0,0,0,0,0,0,0,1,1,6,6,2,37,7,2199,2,5,KIA SORENTO,7,E01031978,0,-1
2023471320768,2023,471320768,1,9,0,9,9,2,8,0,0,1,0,0,0,0,3,1,6,6,2,38,7,2199,2,5,KIA SORENTO,1,E01016900,0,-1
2023541905023,2023,541905023,2,9,0,4,4,7,3,0,0,0,0,0,0,0,2,1,6,6,2,44,7,2199,2,11,KIA SORENTO,7,E01031865,0,-1
2023351342013,2023,351342013,1,9,0,4,4,3,5,0,0,2,0,0,0,0,2,1,2,2,1,21,5,2497,2,16,KIA SORENTO,10,E01026305,0,-1
2023471313368,2023,471313368,2,9,0,18,19,2,6,0,0,1,0,0,0,0,1,1,5,6,2,50,8,1598,8,3,KIA SORENTO,-1,-1,0,-1
2023401380349,2023,401380349,1,9,0,18,19,8,4,0,0,8,0,0,1,4,1,1,5,6,2,26,6,2199,2,10,KIA SORENTO,6,E01017385,0,-1
2023320385104,2023,320385104,2,9,0,18,19,4,8,0,0,1,0,0,7,0,3,1,6,6,1,48,8,2497,2,16,KIA SORENTO,3,E01026033,0,-1
2023451361240,2023,451361240,2,9,0,9,9,7,3,0,0,1,0,0,0,0,1,1,2,2,2,21,5,1598,8,0,KIA SORENTO,10,E01030436,0,-1
2023430193177,2023,430193177,2,9,0,18,19,3,7,0,0,8,0,0,0,0,1,1,6,6,1,48,8,2199,2,11,KIA SORENTO,3,E01016375,0,-1
2023010479156,2023,010479156,1,9,0,99,99,9,9,99,99,9,9,99,9,99,9,9,2,2,2,38,7,1598,8,1,KIA SORENTO,8,E01030734,0,-1
2023061303990,2023,061303990,1,9,3,18,19,5,1,0,0,0,0,0,0,0,4,1,5,6,1,71,10,2497,2,17,KIA SORENTO,1,E01005941,0,-1
2023201277024,2023,201277024,1,9,0,18,19,8,4,0,0,0,1,7,6,2,1,1,6,6,2,55,8,2497,2,17,KIA SORENTO,2,E01010412,0,-1
2023361353145,2023,361353145,2,9,0,18,19,2,7,0,0,8,0,0,0,0,1,1,5,6,1,81,11,2497,2,16,KIA SORENTO,3,E01018094,0,-1
2023320556111,2023,320556111,1,9,0,4,4,3,7,0,0,0,0,0,0,0,1,1,2,2,1,54,8,2497,2,15,KIA SORENTO,3,E01026033,0,-1
2023010461158,2023,010461158,2,9,0,99,99,9,9,99,99,9,9,99,9,99,1,9,6,6,1,39,7,1598,8,1,KIA SORENTO,3,E01003555,0,-1
2023052302243,2023,052302243,1,9,0,5,5,7,3,0,0,1,0,0,0,0,1,1,6,6,1,-1,-1,2500,2,20,KIA SORENTO,8,E01007311,0,-1
2023320205642,2023,320205642,2,9,0,3,3,8,4,0,0,0,0,0,0,1,2,1,6,6,1,83,11,2497,2,16,KIA SORENTO,8,E01026022,0,-1
2023010444723,2023,010444723,1,9,0,99,99,9,9,0,0,8,0,0,0,0,3,9,6,6,2,37,7,1598,8,2,KIA SORENTO,8,E01000210,0,-1
2023351395271,2023,351395271,2,9,0,18,19,1,5,0,0,0,0,0,1,0,1,1,5,6,2,79,11,2497,2,15,KIA SORENTO,4,E01026259,0,-1
2023501343726,2023,501343726,2,9,0,2,2,0,0,0,0,1,0,0,0,0,1,1,6,6,3,-1,-1,2199,2,11,KIA SORENTO,-1,-1,0,-1
2023421284761,2023,421284761,1,9,0,18,19,4,8,0,0,0,0,0,0,0,1,1,6,6,1,56,9,2199,2,7,KIA SORENTO,9,E01021619,0,-1
2023531284661,2023,531284661,1,9,3,18,19,5,1,0,0,0,2,0,7,0,0,1,6,6,1,58,9,2497,2,17,KIA SORENTO,6,E01025939,0,-1
2023122301080,2023,122301080,1,9,0,14,14,7,3,0,0,0,0,0,0,0,3,1,1,1,3,78,11,2497,2,15,KIA SORENTO,5,E01027775,0,-1
2023520000510,2023,520000510,2,9,0,18,19,6,2,0,0,0,0,0,0,0,1,1,6,6,1,67,10,2497,2,14,KIA SORENTO,7,E01014446,0,-1
2023991389599,2023,991389599,2,9,0,2,2,3,7,0,0,0,0,0,0,0,2,1,2,2,2,41,7,2199,2,10,KIA SORENTO,-1,-1,0,-1
2023010455154,2023,010455154,3,9,0,4,4,5,1,0,0,0,0,0,0,0,2,1,1,1,2,40,7,2199,2,9,KIA SORENTO,3,E01024596,0,-1
2023010473213,2023,010473213,1,9,0,10,10,3,1,0,0,6,0,0,0,0,1,1,6,6,1,62,9,2199,2,7,KIA SORENTO,5,E01001168,0,-1
2023421264275,2023,421264275,1,9,0,18,19,1,1,0,0,0,1,0,0,0,1,1,6,6,2,45,7,2500,2,19,KIA SORENTO,9,E01022099,0,-1
2023221321462,2023,221321462,2,9,0,3,3,1,5,0,0,8,0,0,0,0,2,1,5,6,2,53,8,2151,2,2,KIA SORENTO,5,E01033529,0,-1
2023061326202,2023,061326202,3,9,0,18,19,6,2,0,0,0,0,0,0,0,2,1,6,6,1,68,10,2199,2,13,KIA SORENTO,3,E01005536,0,-1
2023622300583,2023,622300583,1,3,0,18,19,7,3,0,0,1,1,0,0,0,3,1,2,2,1,38,7,125,1,7,-1,2,W01001215,0,-1
2023101295604,2023,101295604,1,3,0,18,19,3,7,0,0,0,0,0,0,0,1,1,5,6,1,22,5,125,1,7,-1,-1,-1,0,-1
2023201351300,2023,201351300,2,3,0,13,13,4,8,0,0,8,0,0,0,0,1,1,6,6,1,-1,-1,125,1,7,-1,3,E01010491,0,-1
2023131269954,2023,131269954,2,3,0,18,19,3,7,0,0,6,0,0,0,0,1,1,6,6,1,17,4,125,1,7,-1,1,E01011321,0,-1
2023010461677,2023,010461677,1,4,0,18,19,5,1,0,0,0,5,0,0,0,0,1,6,6,1,41,7,125,1,5,-1,4,E01023337,0,-1
2023546051323,2023,546051323,2,3,0,18,19,4,8,0,0,1,0,0,0,0,1,1,6,6,1,49,8,125,1,7,-1,10,E01016349,0,-1
202360A114591,2023,60A114591,1,3,0,18,19,3,1,0,0,6,0,0,0,0,1,1,6,6,1,20,4,125,1,7,-1,-1,-1,0,-1
2023320428022,2023,320428022,2,5,0,13,13,5,1,0,0,0,5,0,7,0,4,1,6,6,1,26,6,1000,1,10,-1,6,E01026545,0,-1
2023061383886,2023,061383886,1,4,0,18,19,5,8,0,0,8,0,0,0,0,2,1,2,2,1,43,7,999,1,17,-1,9,E01018684,0,-1
2023010426969,2023,010426969,1,5,0,99,99,9,9,99,99,9,9,99,9,99,9,1,6,6,1,54,8,1000,1,11,-1,6,E01004017,0,-1
202360A113855,2023,60A113855,1,5,0,18,19,3,7,0,0,1,0,0,0,0,1,1,6,6,1,26,6,1000,1,11,-1,-1,-1,0,-1
2023010468378,2023,010468378,1,3,0,99,99,9,9,99,99,9,9,99,9,99,1,1,6,6,1,46,8,124,1,1,-1,3,E01001238,0,-1
2023010456411,2023,010456411,1,4,0,18,19,2,6,99,99,9,9,11,0,0,1,1,6,6,1,-1,-1,471,1,0,-1,4,E01002759,0,-1
2023010480903,2023,010480903,1,3,0,99,99,9,9,99,99,9,9,99,9,99,9,1,2,2,1,26,6,471,1,1,-1,3,E01000640,0,-1
2023010436114,2023,010436114,1,5,0,99,99,9,9,99,99,9,9,99,9,99,2,1,1,1,1,39,7,471,1,1,-1,5,E01000488,0,-1
2023010465499,2023,010465499,2,4,0,18,19,7,3,0,0,0,0,0,0,0,2,1,1,1,1,38,7,471,1,1,-1,4,E01004177,0,-1
2023070678670,2023,070678670,2,4,0,18,19,3,7,0,0,8,0,0,1,11,1,1,6,6,1,32,6,124,1,0,-1,2,E01012384,0,-1
2023451321388,2023,451321388,1,3,0,18,19,3,7,0,0,0,0,0,0,0,4,1,6,6,1,33,6,124,1,5,-1,10,E01030948,0,-1
2023010454653,2023,010454653,1,11,0,18,19,5,1,2,2,0,0,0,0,0,4,1,1,1,1,62,9,9640,2,-1,-1,9,E01015941,0,-1
2023010484277,2023,010484277,1,11,0,9,9,3,8,0,0,2,0,0,0,0,0,1,1,1,1,45,7,-1,2,57,-1,1,E01001206,0,-1
2023231383805,2023,231383805,1,9,0,18,19,8,4,0,0,8,0,0,0,0,1,1,6,6,2,69,10,1991,1,6,-1,8,E01031252,0,-1
2023302301431,2023,302301431,2,9,0,18,19,4,8,0,0,0,1,0,0,0,2,1,6,6,2,56,9,1595,1,4,-1,6,E01019821,0,-1
2023010477742,2023,010477742,1,9,0,18,19,1,5,0,0,2,0,0,0,0,3,1,6,6,2,64,9,2143,2,6,-1,5,E01004560,0,-1
2023010426212,2023,010426212,1,9,0,3,3,5,1,0,0,1,9,99,9,99,3,9,6,6,2,31,6,1595,1,6,-1,3,E01001003,0,-1
2023361276766,2023,361276766,2,9,0,3,3,3,7,0,0,0,0,0,0,0,2,1,5,6,1,77,11,1991,1,3,-1,6,E01026877,0,-1
2023010473589,2023,010473589,2,9,0,99,99,9,9,99,99,0,9,99,9,99,2,9,6,6,3,-1,-1,1991,1,7,-1,9,E01023299,0,-1
2023311339809,2023,311339809,2,9,0,10,10,7,3,0,0,2,0,0,0,0,2,1,6,6,2,32,6,1991,1,5,-1,10,E01028330,0,-1
2023430173807,2023,430173807,2,9,0,18,19,2,6,0,0,8,0,0,0,0,1,1,6,6,2,56,9,2143,2,6,-1,9,E01022493,0,-1
2023371364995,2023,371364995,1,9,0,18,19,3,7,0,0,0,0,0,0,0,1,1,5,6,1,64,9,1991,1,6,-1,10,E01030203,0,-1
2023231265437,2023,231265437,1,9,0,9,9,2,4,0,0,6,0,0,0,0,1,1,6,6,1,22,5,2972,1,24,-1,7,E01031215,0,-1
2023131318704,2023,131318704,1,3,0,16,19,1,1,0,0,1,0,0,0,0,4,1,5,6,1,20,4,125,1,1,-1,10,E01011696,0,-1
2023010445491,2023,010445491,1,3,0,99,99,9,9,99,99,9,9,99,9,99,1,1,6,6,1,17,4,125,1,0,-1,5,E01003144,0,-1
2023201418992,2023,201418992,1,3,0,18,19,8,4,0,0,1,1,0,0,0,1,1,6,6,1,-1,-1,125,1,2,-1,-1,-1,0,-1
2023461320586,2023,461320586,1,3,0,3,3,3,7,0,0,0,0,0,0,0,3,1,6,6,1,42,7,125,1,2,-1,4,E01024178,0,-1
2023501357501,2023,501357501,2,3,0,18,19,8,4,0,0,2,0,0,0,0,1,1,6,6,1,50,8,125,1,1,-1,6,E01015264,0,-1
2023010456161,2023,010456161,2,3,0,13,13,7,3,0,0,8,0,0,0,0,1,1,6,6,1,32,6,125,1,2,-1,10,E01016607,0,-1
2023010440921,2023,010440921,1,3,0,99,99,9,9,99,99,0,9,99,9,99,9,1,6,6,2,40,7,-1,3,3,-1,4,E01003482,0,-1
2023010460287,2023,010460287,2,3,0,5,5,4,8,0,0,2,5,0,0,0,4,1,6,6,1,23,5,-1,3,4,-1,1,E01004469,0,-1
2023991334541,2023,991334541,1,4,0,16,19,5,1,0,0,0,2,0,0,0,1,1,6,6,1,26,6,250,1,10,-1,1,-1,0,-1
2023320462815,2023,320462815,1,4,0,13,13,6,2,0,0,2,0,0,0,0,1,1,6,6,1,26,6,250,1,9,-1,1,E01012892,0,-1
2023421277658,2023,421277658,2,9,0,18,19,2,6,0,0,0,0,0,0,0,1,1,6,6,1,69,10,6749,1,0,-1,6,E01015937,0,-1
2023161324822,2023,161324822,1,9,0,18,19,1,3,0,0,0,0,11,0,0,1,1,5,6,2,54,8,1396,1,21,-1,1,E01012847,0,-1
2023501332364,2023,501332364,4,9,0,2,2,0,0,9,9,0,0,0,0,0,1,1,6,6,3,-1,-1,1396,1,22,-1,-1,-1,0,-1
2023010458703,2023,010458703,2,9,0,99,99,9,9,99,99,9,9,99,9,99,1,9,6,6,2,67,10,1796,1,22,-1,7,E01004516,0,-1
2023371308350,2023,371308350,1,9,0,18,19,4,8,0,0,0,0,0,0,0,3,1,5,6,2,64,9,1396,1,22,-1,9,E01030147,0,-1
2023421272487,2023,421272487,1,9,0,9,9,4,2,0,0,8,0,0,0,0,1,1,5,6,1,88,11,1396,1,23,-1,5,E01022014,0,-1
2023421370435,2023,421370435,2,9,0,18,19,5,8,0,0,0,0,0,0,0,1,1,5,6,1,32,6,998,1,33,-1,9,E01021923,0,-1
2023545306523,2023,545306523,2,9,0,4,4,2,6,0,0,1,0,0,0,0,2,1,1,1,1,17,4,1275,1,28,-1,10,E01031948,0,-1
2023411302771,2023,411302771,1,9,0,4,4,5,1,0,0,0,1,11,0,0,1,1,5,6,1,38,7,1275,1,25,-1,7,E01023663,0,-1
2023471353305,2023,471353305,1,9,0,9,9,5,3,0,0,8,1,0,0,0,1,1,5,6,1,76,11,1275,1,30,-1,10,E01031517,0,-1
2023010483048,2023,010483048,1,9,0,18,19,7,3,0,0,2,0,0,0,0,1,1,6,6,2,43,7,1275,1,25,-1,10,E01001108,0,-1
2023041349176,2023,041349176,1,9,0,17,19,1,5,0,0,1,1,0,0,0,1,1,5,6,1,17,4,998,1,33,-1,9,E01025346,0,-1
2023471351071,2023,471351071,1,9,0,5,5,5,1,0,0,4,0,0,0,0,1,1,2,2,2,19,4,998,1,31,-1,3,E01031482,0,-1
2023302300792,2023,302300792,2,9,0,18,19,4,8,0,0,1,0,0,0,0,1,1,6,6,1,66,10,2997,1,-1,-1,9,E01019446,0,-1
2023361324556,2023,361324556,2,9,0,18,19,1,5,0,0,1,0,0,7,0,1,1,5,6,1,68,10,2997,1,45,-1,4,E01026426,0,-1
2023351333205,2023,351333205,2,11,0,18,19,-1,-1,0,0,0,0,0,0,0,1,1,1,1,1,66,10,12902,2,5,-1,8,E01018302,0,-1
2023221273443,2023,221273443,1,2,0,18,19,8,4,0,0,0,1,0,0,0,3,1,5,6,1,16,4,50,1,3,-1,5,E01014018,0,-1
2023501334167,2023,501334167,1,2,0,18,19,1,5,0,0,1,0,0,0,0,1,1,6,6,1,17,4,50,1,19,-1,3,E01015249,0,-1
2023991332540,2023,991332540,1,2,0,18,19,3,7,0,0,8,0,0,0,0,1,1,6,6,1,16,4,50,1,20,-1,1,-1,0,-1
2023070942079,2023,070942079,1,2,0,18,19,3,7,0,0,1,2,0,0,0,4,1,6,6,1,25,5,50,1,14,-1,1,E01018740,0,-1
2023440258710,2023,440258710,1,2,0,18,19,7,3,0,0,2,0,0,0,0,1,1,6,6,1,16,4,50,1,3,-1,10,E01022714,0,-1
2023991360553,2023,991360553,1,2,0,7,7,6,8,0,0,1,1,0,0,0,4,1,4,7,1,16,4,50,1,4,-1,8,-1,0,-1
2023501304751,2023,501304751,2,2,0,4,4,5,1,0,0,0,1,0,0,0,1,1,5,6,1,16,4,50,1,19,-1,-1,-1,0,-1
2023471382838,2023,471382838,2,9,0,17,19,6,7,0,0,1,0,0,0,0,1,1,2,2,2,43,7,2179,2,13,-1,4,E01021131,0,-1
2023302300751,2023,302300751,2,9,0,18,19,2,6,0,0,4,0,0,0,0,1,1,6,6,2,52,8,2179,2,14,-1,10,E01019787,0,-1
202360A029207,2023,60A029207,2,3,0,18,19,6,2,0,0,0,0,0,0,0,2,1,6,6,1,17,4,-1,-1,-1,-1,-1,-1,0,-1
2023522401492,2023,522401492,1,5,0,18,19,7,3,0,0,8,0,0,0,0,1,1,6,6,1,57,9,1868,1,3,-1,7,E01014770,0,-1
2023471319198,2023,471319198,1,5,0,18,19,3,5,0,0,6,1,0,0,0,3,1,5,6,1,46,8,1868,1,3,-1,8,E01031418,0,-1
2023451308949,2023,451308949,3,5,0,5,5,8,4,0,0,4,5,0,0,0,1,1,5,6,1,51,8,999,1,23,-1,9,E01030413,0,-1
2023471296734,2023,471296734,2,5,0,5,5,2,6,0,0,1,2,0,0,0,1,1,6,6,1,42,7,996,1,22,-1,9,E01031561,0,-1
2023070282338,2023,070282338,1,3,0,18,19,5,8,0,0,0,0,0,0,0,1,1,6,6,1,55,8,680,1,10,-1,2,E01006858,0,-1
2023461283788,2023,461283788,2,5,0,12,12,5,1,0,0,0,0,0,0,0,1,1,6,6,1,72,10,680,1,12,-1,1,E01016019,0,-1
2023421320288,2023,421320288,2,3,0,18,19,3,1,0,0,4,0,0,0,0,4,1,6,6,1,75,10,680,1,13,-1,3,E01015819,0,-1
2023501337280,2023,501337280,2,5,0,14,14,2,4,0,0,0,0,0,0,0,1,1,5,6,1,68,10,680,1,15,-1,3,E01019008,0,-1
2023052302318,2023,052302318,2,5,0,18,19,5,1,0,0,0,0,0,0,0,4,1,6,6,1,41,7,680,1,12,-1,1,E01006847,0,-1
2023231347581,2023,231347581,2,2,0,4,4,1,5,0,0,8,0,0,0,0,1,1,6,6,1,16,4,49,1,3,-1,7,E01031253,0,-1
2023131273639,2023,131273639,1,4,0,16,19,8,4,0,0,1,1,0,0,0,3,1,2,2,2,29,6,125,1,9,-1,4,E01010959,0,-1
2023461330449,2023,461330449,2,2,0,18,19,3,7,0,0,1,0,0,0,0,1,1,6,6,1,16,4,49,1,8,-1,3,E01024529,0,-1
2023010437370,2023,010437370,1,3,0,99,99,9,9,99,99,0,9,99,9,99,9,1,6,6,1,26,6,125,1,7,-1,6,E01004151,0,-1
2023552300514,2023,552300514,2,2,0,18,19,8,4,0,0,8,0,0,0,0,3,1,6,6,1,17,4,49,1,4,-1,6,E01020471,0,-1
2023122300664,2023,122300664,1,9,0,18,19,2,6,0,0,0,0,0,7,9,3,1,6,6,1,76,11,1584,1,51,-1,7,E01027799,0,-1
202360A054062,2023,60A054062,1,4,0,18,19,1,5,0,0,0,1,0,0,0,1,1,6,6,1,18,4,124,1,1,-1,-1,-1,0,-1
2023361318297,2023,361318297,1,3,0,14,14,5,1,0,0,2,0,11,0,0,1,1,6,6,1,17,4,124,1,0,LEXMOTO TR,7,E01026903,0,-1
2023161359124,2023,161359124,2,3,0,13,13,1,5,0,0,1,1,0,0,0,4,1,6,6,1,28,6,124,1,0,LEXMOTO TR,1,E01012945,0,-1
2023320073992,2023,320073992,1,3,0,18,19,8,4,0,0,3,2,0,7,0,1,1,6,6,1,18,4,124,1,2,LEXMOTO TR,10,E01026189,0,-1
2023440441339,2023,440441339,2,3,0,18,19,5,1,0,0,0,0,0,0,0,3,1,6,6,1,20,4,124,1,1,LEXMOTO TR,9,E01022712,0,-1
2023430523225,2023,430523225,2,3,0,18,19,2,6,0,0,1,0,0,0,0,4,1,2,2,1,17,4,124,1,1,LEXMOTO TR,7,E01017527,0,-1
2023471325431,2023,471325431,1,3,0,18,19,3,7,0,0,4,0,0,0,0,1,1,6,6,1,17,4,124,1,2,LEXMOTO TR,9,E01031800,0,-1
2023070684838,2023,070684838,1,3,0,18,19,6,1,0,0,1,5,0,0,0,1,1,2,2,1,34,6,124,1,2,LEXMOTO TR,4,E01018512,0,-1
2023031327074,2023,031327074,2,3,0,18,19,2,5,0,0,1,5,0,0,0,1,1,2,2,1,32,6,124,1,1,LEXMOTO TR,1,E01019193,0,-1
2023010472455,2023,010472455,1,3,0,18,19,1,5,0,0,1,0,0,0,0,4,1,1,1,1,29,6,124,1,1,LEXMOTO TR,3,E01003135,0,-1
2023141303599,2023,141303599,2,3,0,18,19,7,3,0,0,1,0,0,0,0,1,1,5,6,1,33,6,124,1,1,LEXMOTO TR,6,E01007452,0,-1
2023320217183,2023,320217183,1,3,0,13,13,2,6,0,0,1,5,0,7,0,4,1,6,6,1,38,7,124,1,2,LEXMOTO TR,6,E01026282,0,-1
2023430279711,2023,430279711,1,3,0,18,19,7,3,0,0,8,0,9,0,0,1,1,2,2,1,20,4,124,1,2,LEXMOTO TR,10,E01017768,0,-1
2023010422155,2023,010422155,2,3,0,15,15,2,6,0,0,1,0,0,0,0,1,1,6,6,1,24,5,124,1,2,LEXMOTO TR,2,E01004255,0,-1
2023501283293,2023,501283293,1,3,0,16,19,5,1,0,0,0,2,0,0,0,4,1,5,6,1,20,4,124,1,1,LEXMOTO TR,4,E01020134,0,-1
2023430514182,2023,430514182,1,9,0,16,19,6,2,0,0,0,0,0,7,0,1,1,6,6,2,39,7,4691,1,8,-1,7,E01017646,0,-1
2023461390488,2023,461390488,1,9,0,7,7,3,7,0,0,1,0,0,0,0,4,1,2,2,2,-1,-1,4691,1,7,-1,4,E01032800,0,-1
2023991282124,2023,991282124,1,8,0,9,9,4,1,0,0,1,0,0,0,0,1,1,1,1,1,59,9,2143,2,4,-1,1,-1,0,-1
2023991373049,2023,991373049,1,8,0,18,19,1,5,0,0,0,0,0,0,0,1,1,1,1,1,59,9,2143,2,5,-1,4,-1,0,-1
2023311341249,2023,311341249,1,8,0,5,5,2,4,0,0,1,0,0,0,0,1,1,6,6,1,50,8,2143,2,6,-1,-1,-1,0,-1
2023461270728,2023,461270728,2,8,0,18,19,5,1,0,0,0,0,0,0,0,3,1,2,2,1,49,8,2143,2,6,-1,5,E01024082,0,-1
2023991314494,2023,991314494,1,9,0,9,9,5,2,0,0,8,0,0,0,0,1,1,1,1,1,55,8,-1,-1,-1,-1,7,-1,0,-1
2023991292860,2023,991292860,1,8,0,5,5,7,3,0,0,0,0,0,0,0,4,1,1,1,1,61,9,2143,2,4,-1,10,-1,0,-1
2023201292309,2023,201292309,2,9,0,7,7,5,7,0,0,4,0,0,0,0,4,1,1,1,1,69,10,-1,-1,-1,-1,2,E01009265,0,-1
2023991370197,2023,991370197,2,8,0,18,19,3,6,0,0,1,0,0,0,0,1,1,5,6,1,50,8,2143,2,7,-1,3,-1,0,-1
2023520400454,2023,520400454,1,3,0,3,3,8,4,0,0,0,0,0,0,0,3,9,6,6,1,17,4,50,1,3,-1,1,E01029247,0,-1
2023991382860,2023,991382860,1,2,0,18,19,1,5,0,0,1,1,0,0,0,4,1,6,6,1,18,4,50,1,0,-1,4,-1,0,-1
2023320750610,2023,320750610,1,3,0,17,19,4,1,0,0,1,2,0,0,0,0,1,6,6,2,17,4,50,1,1,-1,4,E01026016,0,-1
2023440261797,2023,440261797,1,3,0,14,14,1,5,0,0,1,0,0,0,0,1,1,6,6,1,23,5,125,1,2,-1,1,E01022905,0,-1
2023201296482,2023,201296482,1,3,0,14,14,4,8,0,0,8,0,0,0,0,1,1,6,6,1,-1,-1,125,1,1,-1,4,E01010072,0,-1