collision_index,collision_year,collision_ref_no,vehicle_reference,vehicle_type,towing_and_articulation,vehicle_manoeuvre_historic,vehicle_manoeuvre,vehicle_direction_from,vehicle_direction_to,vehicle_location_restricted_lane_historic,vehicle_location_restricted_lane,junction_location,skidding_and_overturning,hit_object_in_carriageway,vehicle_leaving_carriageway,hit_object_off_carriageway,first_point_of_impact,vehicle_left_hand_drive,journey_purpose_of_driver_historic,journey_purpose_of_driver,sex_of_driver,age_of_driver,age_band_of_driver,engine_capacity_cc,propulsion_code,age_of_vehicle,generic_make_model,driver_imd_decile,lsoa_of_driver,escooter_flag,driver_distance_banding
2023010479697,2023,010479697,1,9,0,14,14,1,5,0,0,1,0,0,0,0,2,1,6,6,1,26,6,1199,8,0,-1,4,E01003230,0,-1
2023991378244,2023,991378244,1,9,0,18,19,8,4,0,0,2,0,0,0,0,1,1,5,6,1,30,6,1199,8,0,-1,4,-1,0,-1
2023010485373,2023,010485373,1,9,0,18,19,1,5,0,0,8,0,0,0,0,1,1,6,6,1,67,10,1199,8,0,-1,7,E01002341,0,-1
2023340WN6672,2023,340WN6672,1,9,0,18,19,6,2,0,0,8,0,0,0,0,1,1,6,6,1,52,8,1498,1,0,SKODA SCALA,10,E01027298,0,-1
2023111325474,2023,111325474,4,9,0,3,3,1,5,0,0,0,0,0,0,0,2,1,1,1,2,37,7,999,1,2,SKODA SCALA,4,E01008659,0,-1
2023170L30603,2023,170L30603,2,9,0,9,9,6,4,0,0,8,0,0,0,0,1,1,6,6,2,41,7,999,1,1,SKODA SCALA,5,E01020650,0,-1
2023371273906,2023,371273906,1,9,0,18,19,1,5,0,0,0,0,0,0,0,-1,1,6,6,1,52,8,1498,1,2,SKODA SCALA,7,E01029966,0,-1
2023141384099,2023,141384099,1,9,0,18,19,7,3,0,0,0,0,0,0,0,4,1,3,7,1,71,10,1498,1,3,SKODA SCALA,9,E01007442,0,-1
2023991282007,2023,991282007,2,9,0,5,5,7,3,0,0,4,0,0,0,0,2,1,2,2,2,31,6,1498,1,1,SKODA SCALA,8,-1,0,-1
2023010419437,2023,010419437,1,9,0,9,9,4,1,0,0,1,0,0,0,0,3,1,6,6,1,26,6,1498,1,3,SKODA SCALA,2,E01000033,0,-1
2023131273000,2023,131273000,1,9,0,5,5,3,7,0,0,8,0,0,0,0,1,1,5,6,2,50,8,1498,1,3,SKODA SCALA,9,E01011381,0,-1
2023501443693,2023,501443693,1,9,0,18,19,2,6,0,0,0,0,0,0,0,1,1,5,6,1,55,8,999,1,0,SKODA SCALA,8,E01018810,0,-1
2023461267382,2023,461267382,1,9,0,18,19,4,8,0,0,0,2,0,0,0,1,1,2,2,1,31,6,1498,1,1,SKODA SCALA,1,E01024177,0,-1
2023122300531,2023,122300531,4,9,0,18,19,7,3,0,0,0,0,0,0,0,2,1,6,6,1,48,8,999,1,3,SKODA SCALA,9,E01011576,0,-1
2023010421298,2023,010421298,2,9,0,5,5,1,5,0,0,8,0,0,0,0,3,1,6,6,1,74,10,1498,1,1,SKODA SCALA,7,E01023947,0,-1
2023221326568,2023,221326568,1,9,0,18,19,7,4,0,0,0,0,4,0,0,1,1,1,1,2,54,8,999,1,1,SKODA SCALA,7,W01000449,0,-1
2023141346075,2023,141346075,1,9,0,18,19,2,6,0,0,0,0,4,0,0,1,1,5,6,1,62,9,999,1,4,SKODA SCALA,10,E01008043,0,-1
2023010473381,2023,010473381,1,9,0,99,99,9,9,99,99,0,9,99,9,99,2,1,6,6,1,41,7,1498,1,0,SKODA SCALA,3,E01003923,0,-1
2023371394291,2023,371394291,1,9,0,18,19,1,5,0,0,0,0,0,0,0,1,1,6,6,1,-1,-1,999,1,0,SKODA SCALA,7,E01033023,0,-1
2023531348746,2023,531348746,2,9,0,18,19,3,7,0,0,0,0,0,0,0,1,1,5,6,1,57,9,999,1,1,SKODA SCALA,6,E01022253,0,-1
2023501340083,2023,501340083,1,9,0,18,19,5,1,0,0,1,0,0,0,0,4,1,5,6,2,46,8,999,1,2,SKODA SCALA,2,E01002076,0,-1
2023531302659,2023,531302659,1,9,0,18,19,1,5,0,0,8,0,0,0,0,3,1,5,6,1,37,7,1498,1,4,SKODA SCALA,9,E01022279,0,-1
2023991329868,2023,991329868,1,9,0,17,19,6,2,0,0,0,0,0,1,0,4,1,6,6,2,75,10,999,1,1,SKODA SCALA,9,-1,0,-1
2023440446491,2023,440446491,2,9,0,17,19,5,2,0,0,0,0,0,0,0,1,1,6,6,2,65,9,1498,1,2,SKODA SCALA,10,E01023193,0,-1
2023161352593,2023,161352593,4,9,0,2,2,0,0,0,0,0,0,0,0,0,1,1,6,6,3,-1,-1,999,1,2,SKODA SCALA,-1,-1,0,-1
2023991318619,2023,991318619,2,9,0,18,19,5,2,0,0,0,0,0,0,0,2,1,5,6,2,33,6,999,1,2,SKODA SCALA,-1,-1,0,-1
2023161283284,2023,161283284,1,9,0,17,19,6,1,0,0,0,1,0,0,0,1,1,1,1,2,47,8,999,1,1,SKODA SCALA,1,E01013279,0,-1
2023991316099,2023,991316099,1,9,0,11,11,4,8,0,0,0,0,0,0,0,4,1,5,6,1,62,9,999,1,3,SKODA SCALA,9,-1,0,-1
2023471320527,2023,471320527,2,9,0,18,19,4,8,0,0,1,1,0,0,0,3,1,6,6,1,46,8,1498,1,3,SKODA SCALA,6,E01031801,0,-1
2023041388718,2023,041388718,2,9,0,2,2,0,0,0,0,0,0,0,0,0,1,1,6,6,3,-1,-1,999,1,1,SKODA SCALA,-1,-1,0,-1
2023041342025,2023,041342025,1,9,0,9,9,6,4,0,0,8,0,0,0,0,1,1,1,1,2,24,5,999,1,0,SKODA SCALA,10,E01019368,0,-1
2023361303642,2023,361303642,1,9,0,14,14,5,1,0,0,0,0,0,0,0,1,1,5,6,2,79,11,1498,1,4,SKODA SCALA,4,E01026713,0,-1
2023991380504,2023,991380504,3,8,0,2,2,0,0,0,0,1,0,0,0,0,2,2,6,6,1,50,8,1598,2,4,-1,1,-1,0,-1
2023501284907,2023,501284907,1,9,0,18,19,1,5,0,0,0,0,0,4,0,3,1,6,6,1,25,5,2457,1,10,-1,4,E01020287,0,-1
2023430121485,2023,430121485,1,9,0,13,13,4,8,0,0,1,0,0,0,0,0,1,6,6,1,45,7,2457,1,12,-1,-1,-1,0,-1
2023991290932,2023,991290932,3,9,0,18,19,5,1,0,0,0,0,0,0,0,2,1,6,6,1,34,6,2457,1,9,-1,2,-1,0,-1
2023111352648,2023,111352648,2,9,0,18,19,7,3,0,0,0,0,4,0,0,4,1,2,2,2,48,8,2457,1,7,-1,7,E01020859,0,-1
2023440178672,2023,440178672,4,9,0,18,19,1,5,0,0,0,0,0,0,0,2,1,6,6,1,50,8,2457,1,9,-1,3,E01022908,0,-1
2023041364638,2023,041364638,1,3,0,5,5,1,5,0,0,0,1,0,7,2,1,1,6,6,1,24,5,124,1,16,-1,4,E01025308,0,-1
2023340WN5952,2023,340WN5952,2,9,0,18,19,6,2,0,0,0,0,0,0,0,2,1,6,6,1,78,11,2993,2,9,-1,9,E01018470,0,-1
2023070216974,2023,070216974,1,9,0,18,19,3,7,0,0,0,2,0,1,9,1,1,6,6,1,-1,-1,3855,1,0,-1,-1,-1,0,-1
2023131314486,2023,131314486,3,9,0,2,2,0,0,0,0,8,0,0,0,0,4,1,6,6,3,-1,-1,3855,1,1,-1,-1,-1,0,-1
2023552301484,2023,552301484,2,9,0,3,3,7,3,0,0,0,0,0,0,0,2,1,6,6,2,51,8,1995,2,5,FORD INDEPENDENCE,5,E01015456,0,-1
2023340WN3852,2023,340WN3852,1,9,0,9,9,1,7,0,0,8,0,0,0,0,1,1,3,7,2,38,7,1995,2,5,FORD INDEPENDENCE,1,E01027239,0,-1
2023461347837,2023,461347837,1,9,0,5,5,1,5,0,0,0,0,0,0,0,2,1,5,6,2,43,7,1995,2,4,FORD INDEPENDENCE,6,E01024174,0,-1
2023991288407,2023,991288407,1,8,0,18,19,7,3,0,0,0,0,0,0,0,0,1,1,1,1,68,10,1995,2,6,-1,10,-1,0,-1
2023010432881,2023,010432881,1,9,0,5,5,2,6,0,0,1,0,0,0,0,1,1,6,6,1,60,9,1995,2,5,FORD INDEPENDENCE,4,E01003308,0,-1
2023010448434,2023,010448434,1,9,0,18,19,3,7,0,0,0,0,0,0,0,0,2,6,6,1,60,9,1995,2,3,FORD INDEPENDENCE,2,E01004226,0,-1
2023522300959,2023,522300959,1,9,0,5,5,2,6,0,0,4,0,0,0,0,3,1,6,6,2,52,8,1995,2,4,FORD INDEPENDENCE,1,E01014581,0,-1
2023201316317,2023,201316317,1,9,0,18,19,4,8,0,0,0,0,0,0,0,2,1,6,6,1,54,8,1995,2,4,FORD INDEPENDENCE,3,E01009995,0,-1
2023010427156,2023,010427156,1,9,0,5,5,0,3,0,0,5,0,0,0,0,1,1,6,6,1,49,8,1995,2,4,FORD INDEPENDENCE,5,E01003058,0,-1
2023991313496,2023,991313496,2,9,0,3,3,7,6,0,0,1,0,0,0,0,2,1,6,6,2,35,6,1995,2,2,FORD INDEPENDENCE,1,-1,0,-1
2023131309603,2023,131309603,2,9,0,3,3,5,1,0,0,1,0,0,0,0,3,1,6,6,2,59,9,1995,2,2,FORD INDEPENDENCE,6,E01010903,0,-1
2023201277393,2023,201277393,2,9,0,18,19,4,8,0,0,0,0,0,0,0,2,1,6,6,1,36,7,1995,2,5,FORD INDEPENDENCE,1,E01009406,0,-1
2023211304886,2023,211304886,1,9,0,18,19,1,5,0,0,1,0,4,0,0,1,1,5,6,2,62,9,1995,2,4,FORD INDEPENDENCE,4,E01029363,0,-1
2023421322302,2023,421322302,1,5,0,18,19,4,8,0,0,0,1,0,0,0,1,1,5,6,1,56,9,1084,1,22,-1,5,E01021572,0,-1
2023320505571,2023,320505571,2,5,0,5,5,8,5,0,0,4,0,0,0,0,4,1,6,6,1,60,9,1084,1,24,-1,6,E01026247,0,-1
2023461362586,2023,461362586,1,4,0,14,14,5,1,0,0,1,5,0,0,0,1,1,6,6,3,-1,-1,125,1,1,-1,-1,-1,0,-1
2023461359788,2023,461359788,1,3,0,13,13,3,7,0,0,1,0,0,0,0,1,1,6,6,1,-1,-1,125,1,1,-1,-1,-1,0,-1
2023451391115,2023,451391115,2,90,0,9,9,7,2,0,0,0,0,0,0,0,2,2,1,1,1,64,9,2970,2,5,-1,3,E01030657,0,-1
2023061355035,2023,061355035,2,9,0,3,3,6,2,0,0,0,0,0,0,0,2,1,5,6,1,43,7,-1,3,0,-1,4,E01005934,0,-1
2023631344492,2023,631344492,2,9,0,4,4,7,3,0,0,0,0,0,0,0,2,1,2,2,2,60,9,-1,3,2,-1,8,W01000715,0,-1
2023421319196,2023,421319196,2,9,0,18,19,6,1,0,0,0,0,0,0,0,3,1,5,6,2,44,7,-1,3,2,-1,4,E01003704,0,-1
2023131279870,2023,131279870,2,9,0,9,9,7,5,0,0,8,0,0,0,0,3,1,5,6,2,41,7,-1,3,1,-1,9,E01011411,0,-1
2023351354747,2023,351354747,3,9,0,18,19,2,6,0,0,0,0,0,0,0,3,1,5,6,1,43,7,-1,3,2,-1,3,E01017977,0,-1
2023421353976,2023,421353976,1,9,0,-1,-1,-1,-1,-1,-1,0,-1,-1,-1,0,-1,1,6,6,1,74,10,-1,3,2,-1,10,E01003746,0,-1
2023991303468,2023,991303468,2,9,0,9,9,1,3,0,0,8,0,0,0,0,1,1,1,1,1,40,7,-1,3,1,-1,9,-1,0,-1
2023010430830,2023,010430830,2,9,0,99,99,9,9,99,99,9,9,99,9,99,1,9,6,6,3,-1,-1,-1,3,2,-1,-1,-1,0,-1
2023440299669,2023,440299669,2,5,0,4,4,7,3,0,0,8,0,0,0,0,1,1,6,6,1,52,8,853,1,4,-1,4,E01022479,0,-1
202363A109624,2023,63A109624,1,4,0,18,19,5,1,0,0,0,5,12,0,0,1,1,6,6,1,57,9,853,1,3,-1,-1,-1,0,-1
2023052301842,2023,052301842,2,5,0,18,19,1,5,0,0,8,0,0,0,0,1,1,6,6,1,60,9,853,1,4,-1,9,E01007283,0,-1
2023991290248,2023,991290248,6,19,0,18,19,1,5,0,0,1,1,0,0,0,2,1,6,6,1,58,9,1997,2,1,NISSAN PRIMASTAR,6,-1,0,-1
2023461369478,2023,461369478,1,19,0,18,19,3,7,0,0,0,1,0,1,4,1,1,6,6,1,20,4,1997,2,0,NISSAN PRIMASTAR,6,E01024728,0,-1
2023231392797,2023,231392797,1,19,0,18,19,4,8,0,0,0,0,0,0,0,1,1,6,6,3,42,7,1997,2,1,NISSAN PRIMASTAR,-1,-1,0,-1
2023010471814,2023,010471814,2,19,0,1,1,7,3,0,0,0,0,0,0,0,2,1,1,1,1,31,6,1997,2,0,NISSAN PRIMASTAR,8,E01000774,0,-1
2023461337181,2023,461337181,1,19,0,4,4,6,2,0,0,0,0,0,0,0,3,1,1,1,1,35,6,1995,2,13,NISSAN PRIMASTAR,3,E01016016,0,-1
2023440459071,2023,440459071,2,19,0,9,9,8,6,0,0,8,0,0,0,0,1,1,6,6,2,75,10,-1,-1,-1,NISSAN PRIMASTAR,7,E01017223,0,-1
2023101341038,2023,101341038,3,19,0,4,4,1,5,0,0,1,0,0,0,0,1,1,1,1,1,36,7,1997,2,0,NISSAN PRIMASTAR,5,E01027374,0,-1
2023991341467,2023,991341467,1,19,0,18,19,4,8,0,0,0,0,0,0,0,1,1,2,2,1,29,6,1997,2,1,NISSAN PRIMASTAR,-1,-1,0,-1
2023430272698,2023,430272698,2,9,0,18,19,5,1,0,0,8,0,0,0,0,1,1,3,7,2,40,7,1870,2,17,-1,9,E01028759,0,-1
2023061349716,2023,061349716,2,19,5,5,5,7,7,0,0,0,0,0,0,0,1,1,2,2,1,19,4,1997,2,1,NISSAN PRIMASTAR,7,E01004995,0,-1
2023531381859,2023,531381859,1,19,0,18,19,5,1,0,0,0,0,0,0,0,1,1,2,2,1,44,7,1997,2,0,NISSAN PRIMASTAR,9,E01032361,0,-1
2023010429451,2023,010429451,1,19,0,8,8,5,7,0,0,6,0,0,0,0,1,1,6,6,1,41,7,1995,2,16,NISSAN PRIMASTAR,3,E01004123,0,-1
2023411274397,2023,411274397,1,19,0,18,19,3,7,0,0,0,2,0,1,0,4,1,5,6,1,54,8,1995,2,14,NISSAN PRIMASTAR,5,E01023643,0,-1
2023141287859,2023,141287859,2,19,0,18,19,3,7,0,0,0,0,0,0,0,1,1,6,6,3,-1,-1,1870,2,19,NISSAN PRIMASTAR,-1,-1,0,-1
2023010460397,2023,010460397,1,19,0,7,7,7,2,0,0,8,0,0,0,0,2,1,6,6,1,67,10,1995,2,12,NISSAN PRIMASTAR,3,E01001819,0,-1
2023440495519,2023,440495519,2,19,0,4,4,1,5,0,0,1,0,0,0,0,3,1,6,6,1,57,9,1997,2,0,NISSAN PRIMASTAR,-1,-1,0,-1
2023541106323,2023,541106323,2,19,0,2,2,0,0,0,0,0,0,0,0,0,3,1,1,1,1,30,6,1870,2,17,NISSAN PRIMASTAR,6,E01032708,0,-1
2023501365425,2023,501365425,1,19,0,18,19,1,5,0,0,0,2,0,0,0,3,1,6,6,1,55,8,1995,2,14,NISSAN PRIMASTAR,5,E01019924,0,-1
2023631344641,2023,631344641,3,19,0,2,2,0,0,0,0,1,0,0,0,0,0,1,6,6,3,-1,-1,1997,2,0,NISSAN PRIMASTAR,-1,-1,0,-1
2023541324023,2023,541324023,1,19,0,9,9,1,7,0,0,6,0,0,0,0,1,1,6,6,1,38,7,1997,2,1,NISSAN PRIMASTAR,4,E01032014,0,-1
2023461354923,2023,461354923,2,19,0,16,19,4,8,0,0,0,0,0,0,0,1,1,2,2,1,32,6,1995,2,11,NISSAN PRIMASTAR,5,E01016029,0,-1
2023320566271,2023,320566271,2,9,0,18,19,4,8,0,0,8,0,0,0,0,1,2,6,6,2,29,6,1198,1,7,NISSAN PULSAR,9,E01026301,0,-1
2023010485582,2023,010485582,1,9,0,5,5,7,3,0,0,6,0,0,0,0,1,1,2,2,1,33,6,1461,2,7,NISSAN PULSAR,-1,-1,0,-1
2023302301853,2023,302301853,2,9,0,18,19,6,2,0,0,8,0,0,0,0,1,1,6,6,1,40,7,1461,2,8,NISSAN PULSAR,7,E01013488,0,-1
2023552300186,2023,552300186,2,9,0,18,19,1,5,0,0,8,0,0,0,0,1,1,6,6,2,35,6,1198,1,8,NISSAN PULSAR,5,E01020530,0,-1
2023461320542,2023,461320542,2,9,0,18,19,3,7,0,0,1,0,0,0,0,2,1,6,6,1,37,7,1461,2,5,NISSAN PULSAR,6,E01024568,0,-1
2023461289465,2023,461289465,2,9,0,18,19,1,1,0,0,8,0,0,0,0,1,1,6,6,2,51,8,1198,1,5,NISSAN PULSAR,9,E01032816,0,-1
2023552301141,2023,552301141,1,9,0,9,9,4,2,0,0,6,0,0,0,0,1,1,6,6,2,40,7,1198,1,8,NISSAN PULSAR,7,E01020390,0,-1
2023131309702,2023,131309702,1,9,0,9,9,8,4,0,0,8,0,0,0,0,1,1,6,6,1,-1,-1,1198,1,9,NISSAN PULSAR,-1,-1,0,-1
2023361329136,2023,361329136,1,9,-1,-1,-1,4,3,-1,-1,-1,-1,-1,-1,0,-1,1,6,6,1,55,8,1198,1,8,NISSAN PULSAR,4,E01026667,0,-1
2023071088555,2023,071088555,2,9,0,18,19,5,1,0,0,8,0,0,0,0,1,1,6,6,2,63,9,1198,1,8,NISSAN PULSAR,8,E01012435,0,-1
2023010478867,2023,010478867,2,9,0,2,2,0,0,0,0,1,0,4,0,0,2,1,6,6,3,-1,-1,1198,1,8,NISSAN PULSAR,-1,-1,0,-1
2023201297451,2023,201297451,2,9,0,4,4,3,7,0,0,0,0,0,0,0,2,1,6,6,2,35,6,1198,1,6,NISSAN PULSAR,7,E01010164,0,-1
2023010426126,2023,010426126,1,9,0,99,99,9,9,99,99,9,9,99,9,99,3,9,6,6,2,62,9,1198,1,5,NISSAN PULSAR,4,E01001469,0,-1
2023552301335,2023,552301335,1,9,0,6,6,6,6,0,0,0,0,0,0,0,3,1,6,6,2,46,8,1198,1,8,NISSAN PULSAR,10,E01016290,0,-1
2023010444111,2023,010444111,1,9,0,18,19,5,1,0,0,1,0,0,1,3,1,1,6,6,1,52,8,1198,1,8,NISSAN PULSAR,6,E01004108,0,-1
2023010475717,2023,010475717,2,9,0,99,99,9,9,99,99,9,9,99,9,99,1,9,6,6,3,54,8,1461,2,7,NISSAN PULSAR,9,E01002376,0,-1
2023201394218,2023,201394218,1,9,0,18,19,2,6,0,0,4,0,0,0,0,3,1,5,6,2,-1,-1,1198,1,7,NISSAN PULSAR,6,E01009657,0,-1
2023622300808,2023,622300808,5,9,0,2,2,0,0,0,0,0,0,0,0,0,2,1,6,6,3,-1,-1,1198,1,8,NISSAN PULSAR,-1,-1,0,-1
2023010447076,2023,010447076,2,9,0,99,99,9,9,99,99,0,9,99,9,99,9,9,6,6,2,44,7,1198,1,5,NISSAN PULSAR,3,E01002627,0,-1
2023340WN1402,2023,340WN1402,1,9,0,17,19,3,8,0,0,0,0,0,1,4,1,1,6,6,1,41,7,1198,1,6,NISSAN PULSAR,4,E01016809,0,-1
2023010450158,2023,010450158,1,9,0,5,5,1,5,0,0,0,0,0,0,0,4,1,2,2,2,30,6,1618,1,7,NISSAN PULSAR,4,E01004631,0,-1
2023010439791,2023,010439791,1,9,0,9,9,2,8,0,0,8,0,0,0,0,0,1,6,6,1,31,6,1461,2,6,NISSAN PULSAR,2,E01004003,0,-1
2023421321130,2023,421321130,1,9,0,18,19,1,5,0,0,0,0,0,0,0,1,1,2,2,2,38,7,1198,1,8,NISSAN PULSAR,2,E01015899,0,-1
2023522300196,2023,522300196,1,9,0,9,9,2,8,0,0,5,0,0,0,0,1,1,6,6,1,60,9,1198,1,6,NISSAN PULSAR,7,E01014621,0,-1
2023440227412,2023,440227412,2,9,0,18,19,3,7,0,0,1,0,0,0,0,1,1,6,6,1,68,10,1198,1,5,NISSAN PULSAR,6,E01023288,0,-1
2023010469176,2023,010469176,2,9,0,11,11,5,1,0,0,8,0,0,0,0,4,1,6,6,1,56,9,1461,2,7,NISSAN PULSAR,3,E01002405,0,-1
2023471305994,2023,471305994,3,9,0,18,19,6,1,0,0,0,0,0,0,0,0,1,5,6,1,46,8,1461,2,6,NISSAN PULSAR,-1,-1,0,-1
2023531263292,2023,531263292,1,9,0,1,1,3,7,0,0,0,0,0,0,0,2,1,5,6,2,76,11,1461,2,7,NISSAN PULSAR,9,E01022129,0,-1
2023010449023,2023,010449023,2,9,0,99,99,9,9,99,99,9,9,99,0,0,9,9,6,6,1,56,9,1198,1,6,NISSAN PULSAR,5,E01003955,0,-1
2023101306446,2023,101306446,1,9,0,18,19,1,5,0,0,2,0,0,0,0,1,1,5,6,2,80,11,1198,1,6,NISSAN PULSAR,9,E01008782,0,-1
2023211265065,2023,211265065,2,9,-1,4,4,4,8,-1,-1,-1,-1,-1,-1,0,-1,1,6,6,1,59,9,1198,1,7,NISSAN PULSAR,6,E01029722,0,-1
2023440280505,2023,440280505,4,9,0,3,3,5,1,0,0,1,0,0,0,0,1,1,2,2,2,64,9,1198,1,8,NISSAN PULSAR,5,E01022480,0,-1
2023010429244,2023,010429244,2,9,9,99,99,9,9,99,99,9,9,99,9,99,9,9,6,6,3,-1,-1,1461,2,6,NISSAN PULSAR,-1,-1,0,-1
2023451322541,2023,451322541,1,9,0,18,19,1,5,0,0,1,0,11,0,0,1,1,5,6,2,77,11,1198,1,8,NISSAN PULSAR,9,E01030539,0,-1
2023061359422,2023,061359422,1,9,0,5,5,1,5,0,0,0,0,0,0,0,3,1,5,6,1,41,7,1198,1,7,NISSAN PULSAR,5,E01004899,0,-1
2023340WN6062,2023,340WN6062,1,9,0,14,14,8,4,0,0,2,0,0,0,0,1,1,3,7,1,46,8,1461,2,8,NISSAN PULSAR,5,E01027237,0,-1
2023440113440,2023,440113440,1,9,0,7,7,2,3,0,0,8,0,0,0,0,1,1,6,6,1,63,9,1198,1,6,NISSAN PULSAR,8,E01022651,0,-1
2023141309349,2023,141309349,2,9,0,9,9,1,1,0,0,1,0,0,0,0,4,1,5,6,1,82,11,1198,1,8,NISSAN PULSAR,7,E01007596,0,-1
2023170S30063,2023,170S30063,1,9,0,18,19,3,7,0,0,1,0,0,0,0,1,1,6,6,1,75,10,1198,1,8,NISSAN PULSAR,1,E01012238,0,-1
2023991389128,2023,991389128,1,9,0,18,19,7,3,0,0,0,0,0,0,0,1,1,5,6,2,67,10,1198,1,6,NISSAN PULSAR,10,E01016290,0,-1
2023332300195,2023,332300195,1,9,0,18,19,1,5,0,0,0,0,0,0,0,1,1,3,7,1,38,7,1461,2,7,NISSAN PULSAR,9,E01025737,0,-1
2023320354642,2023,320354642,1,9,0,18,19,2,6,0,0,0,5,0,1,10,4,1,6,6,2,76,11,1198,1,6,NISSAN PULSAR,-1,-1,0,-1
2023061301469,2023,061301469,1,9,0,-1,-1,-1,-1,0,0,0,0,11,0,0,1,1,6,6,3,30,6,1198,1,8,NISSAN PULSAR,1,E01005024,0,-1
2023010468373,2023,010468373,1,9,0,3,3,3,7,0,0,0,0,0,0,0,1,1,6,6,2,-1,-1,1198,1,7,NISSAN PULSAR,4,E01001259,0,-1
2023161310167,2023,161310167,2,9,0,2,2,0,0,0,0,8,0,0,0,0,2,1,6,6,3,-1,-1,1461,2,7,NISSAN PULSAR,-1,-1,0,-1
2023631342788,2023,631342788,2,9,0,17,19,1,6,0,0,8,0,0,0,0,4,1,5,6,1,75,10,1198,1,8,NISSAN PULSAR,9,W01000441,0,-1
2023231346444,2023,231346444,1,9,0,18,19,8,4,0,0,0,0,0,0,0,1,1,5,6,1,39,7,1198,1,8,NISSAN PULSAR,3,E01009629,0,-1
2023201291722,2023,201291722,2,9,0,18,19,4,8,0,0,6,0,0,0,0,1,1,6,6,1,64,9,1461,2,7,NISSAN PULSAR,5,E01009738,0,-1
2023041314527,2023,041314527,1,9,0,18,19,5,1,0,0,0,0,0,0,0,4,1,5,6,2,26,6,1461,2,8,NISSAN PULSAR,3,E01025294,0,-1
2023070426428,2023,070426428,2,9,0,18,19,7,3,0,0,8,0,0,0,0,1,1,6,6,1,40,7,1461,2,8,NISSAN PULSAR,1,E01012382,0,-1
2023010420451,2023,010420451,1,9,0,18,19,4,8,0,0,1,0,0,0,0,1,1,6,6,2,55,8,1198,1,8,NISSAN PULSAR,3,E01003406,0,-1
2023302301741,2023,302301741,1,9,0,18,19,8,4,0,0,0,0,0,0,0,3,1,6,6,1,31,6,1461,2,7,NISSAN PULSAR,5,E01019738,0,-1
2023461338386,2023,461338386,2,9,0,18,19,7,3,0,0,0,0,0,2,0,1,1,5,6,1,61,9,1198,1,7,NISSAN PULSAR,4,E01024493,0,-1
2023371391410,2023,371391410,1,9,0,18,19,5,1,0,0,0,0,0,0,0,1,1,6,6,1,86,11,1198,1,9,NISSAN PULSAR,9,E01030148,0,-1
2023010445289,2023,010445289,1,9,0,5,5,7,3,0,0,1,0,0,0,0,1,1,6,6,2,30,6,1198,1,8,NISSAN PULSAR,6,E01002943,0,-1
2023311367145,2023,311367145,1,3,0,3,3,3,7,0,0,5,1,0,7,0,1,1,2,2,1,19,4,124,1,5,SUZUKI GSXS,3,E01027954,0,-1
2023170S21583,2023,170S21583,1,3,0,12,12,4,8,0,0,3,0,0,0,0,3,1,6,6,1,20,4,125,1,4,SUZUKI GSXS,9,E01033163,0,-1
2023351315143,2023,351315143,1,4,0,18,19,1,5,0,0,3,1,10,8,7,1,1,5,6,1,42,7,999,1,6,-1,5,E01018157,0,-1
2023101268684,2023,101268684,1,3,0,18,19,1,5,0,0,0,0,0,0,0,1,1,2,2,1,37,7,749,1,4,SUZUKI GSXS,2,E01008834,0,-1
2023052302764,2023,052302764,2,5,0,18,19,1,8,0,0,0,0,0,0,0,3,1,2,2,1,34,6,999,1,5,SUZUKI GSXS,6,E01007065,0,-1
2023991309295,2023,991309295,1,2,0,7,7,4,5,0,0,0,1,0,7,11,0,1,6,6,1,29,6,999,1,1,-1,8,-1,0,-1
2023061350832,2023,061350832,1,3,0,17,19,7,3,0,0,1,0,0,0,0,1,1,6,6,1,35,6,124,1,5,SUZUKI GSXS,3,E01006106,0,-1
2023010435953,2023,010435953,1,4,0,99,99,9,9,99,99,9,9,99,9,99,1,1,1,1,1,41,7,749,1,4,-1,7,E01015272,0,-1
2023371363505,2023,371363505,2,5,0,13,13,2,6,0,0,0,1,0,7,0,4,1,5,6,1,50,8,999,1,5,SUZUKI GSXS,7,E01030186,0,-1
2023401308017,2023,401308017,2,3,0,16,19,7,2,0,0,3,0,0,0,0,1,1,5,6,1,26,6,124,1,5,SUZUKI GSXS,10,E01016736,0,-1
2023631332481,2023,631332481,1,5,0,13,13,2,6,0,0,1,0,0,0,0,1,1,6,6,2,55,8,749,1,4,SUZUKI GSXS,-1,-1,0,-1
2023201436291,2023,201436291,2,5,0,18,19,7,3,0,0,8,0,0,0,0,1,1,6,6,1,33,6,749,1,4,SUZUKI GSXS,-1,-1,0,-1
2023010424829,2023,010424829,1,5,3,18,19,3,7,0,0,8,1,0,0,0,1,1,6,6,1,42,7,999,1,7,SUZUKI GSXS,4,E01001623,0,-1
2023440322800,2023,440322800,1,5,0,17,19,6,3,0,0,1,0,0,0,0,1,1,2,2,1,51,8,999,1,0,SUZUKI GSXS,10,E01023169,0,-1
202360A190632,2023,60A190632,2,3,0,18,19,1,5,0,0,1,0,0,0,0,1,1,6,6,1,40,7,124,1,6,SUZUKI GSXS,-1,-1,0,-1
2023622300786,2023,622300786,1,3,0,18,19,4,8,0,0,1,0,0,0,0,1,1,6,6,1,28,6,125,1,4,SUZUKI GSXS,1,W01000866,0,-1