collision_index,collision_year,collision_ref_no,vehicle_reference,vehicle_type,towing_and_articulation,vehicle_manoeuvre_historic,vehicle_manoeuvre,vehicle_direction_from,vehicle_direction_to,vehicle_location_restricted_lane_historic,vehicle_location_restricted_lane,junction_location,skidding_and_overturning,hit_object_in_carriageway,vehicle_leaving_carriageway,hit_object_off_carriageway,first_point_of_impact,vehicle_left_hand_drive,journey_purpose_of_driver_historic,journey_purpose_of_driver,sex_of_driver,age_of_driver,age_band_of_driver,engine_capacity_cc,propulsion_code,age_of_vehicle,generic_make_model,driver_imd_decile,lsoa_of_driver,escooter_flag,driver_distance_banding
2023540792823,2023,540792823,2,5,0,18,19,7,3,0,0,1,0,0,7,0,1,1,6,6,1,24,5,999,1,5,SUZUKI GSXS,6,E01031884,0,-1
2023552300648,2023,552300648,2,5,0,18,19,2,6,0,0,8,0,0,0,0,1,1,2,2,1,38,7,749,1,5,SUZUKI GSXS,7,E01020537,0,-1
2023010476373,2023,010476373,1,5,0,18,19,1,5,0,0,1,0,0,0,0,1,1,6,6,1,59,9,749,1,4,SUZUKI GSXS,3,E01023343,0,-1
2023461325806,2023,461325806,4,5,0,5,5,7,4,0,0,8,0,0,0,0,4,1,6,6,2,44,7,999,1,5,SUZUKI GSXS,2,E01024247,0,-1
2023522300687,2023,522300687,1,5,0,18,19,8,4,0,0,0,0,0,0,0,1,1,6,6,1,29,6,749,1,2,SUZUKI GSXS,4,E01014958,0,-1
2023010469454,2023,010469454,1,4,0,18,19,1,5,0,0,2,0,0,0,0,1,1,6,6,1,61,9,999,1,8,-1,10,E01023693,0,-1
2023440225680,2023,440225680,1,4,0,17,19,4,1,0,0,0,0,0,0,0,1,1,6,6,1,44,7,124,1,3,-1,4,E01015321,0,-1
2023201330044,2023,201330044,2,2,0,18,19,4,8,0,0,1,0,0,0,0,0,1,6,6,1,25,5,749,1,3,-1,5,E01010026,0,-1
2023010464216,2023,010464216,2,5,0,18,19,3,7,0,0,1,0,0,0,0,4,1,1,1,1,39,7,749,1,2,SUZUKI GSXS,10,E01030324,0,-1
2023041340904,2023,041340904,1,5,0,13,13,1,5,0,0,1,0,0,7,4,1,1,5,6,1,52,8,749,1,2,SUZUKI GSXS,1,E01012702,0,-1
2023451304745,2023,451304745,3,5,0,18,19,3,7,0,0,0,5,0,4,6,1,1,1,1,1,37,7,999,1,4,SUZUKI GSXS,10,E01022888,0,-1
2023131363130,2023,131363130,1,4,0,18,19,5,1,0,0,0,1,10,1,0,1,1,1,1,1,33,6,124,1,3,-1,7,E01011056,0,-1
2023131346014,2023,131346014,2,5,0,13,13,7,7,0,0,8,0,0,0,0,1,1,5,6,1,41,7,999,1,3,SUZUKI GSXS,2,E01007348,0,-1
2023010474385,2023,010474385,1,5,0,14,14,7,3,0,0,0,0,0,0,0,1,1,6,6,1,39,7,749,1,5,SUZUKI GSXS,5,E01004461,0,-1
2023471349791,2023,471349791,1,5,0,18,19,2,6,0,0,1,2,0,7,1,3,1,5,6,1,52,8,999,1,7,SUZUKI GSXS,8,E01031560,0,-1
2023122400214,2023,122400214,1,4,0,3,3,1,5,0,0,0,0,0,0,0,2,1,2,2,1,47,8,125,1,4,-1,9,E01013061,0,-1
2023430327028,2023,430327028,2,5,0,18,19,4,8,0,0,8,0,0,0,0,1,1,6,6,1,39,7,999,1,7,SUZUKI GSXS,1,E01016842,0,-1
2023411334419,2023,411334419,1,3,0,9,9,5,1,0,0,1,0,0,0,0,1,1,2,2,1,17,4,124,1,3,SUZUKI GSXS,8,E01021793,0,-1
2023141344269,2023,141344269,2,5,0,11,11,7,3,0,0,8,5,7,0,0,1,1,5,6,1,72,10,999,1,1,SUZUKI GSXS,7,E01007911,0,-1
2023141307049,2023,141307049,2,5,0,13,13,8,4,0,0,0,0,0,7,0,4,1,5,6,1,31,6,999,1,7,SUZUKI GSXS,6,E01007319,0,-1
2023501313028,2023,501313028,2,5,0,18,19,7,3,0,0,1,5,0,0,0,1,1,6,6,1,43,7,999,1,3,SUZUKI GSXS,6,E01020223,0,-1
2023311301107,2023,311301107,1,3,0,18,19,3,7,0,0,1,1,0,0,0,1,1,2,2,1,19,4,124,1,3,SUZUKI GSXS,1,E01028301,0,-1
2023122300588,2023,122300588,1,5,0,5,5,3,7,0,0,6,1,0,0,0,0,1,6,6,1,50,8,999,1,6,SUZUKI GSXS,8,E01027586,0,-1
2023201363965,2023,201363965,1,3,0,12,12,4,8,0,0,1,0,0,0,0,3,1,2,2,1,30,6,124,1,5,SUZUKI GSXS,-1,-1,0,-1
2023320213368,2023,320213368,1,3,0,17,19,6,4,0,0,8,1,10,1,1,1,1,6,6,2,18,4,124,1,1,SUZUKI GSXS,10,E01026139,0,-1
2023440239409,2023,440239409,1,5,0,16,19,2,5,0,0,3,1,0,0,0,1,1,2,2,1,28,6,749,1,3,SUZUKI GSXS,10,E01022776,0,-1
2023552300947,2023,552300947,1,3,0,17,19,1,6,0,0,0,0,0,8,10,4,1,6,6,1,20,4,124,1,5,SUZUKI GSXS,8,E01019961,0,-1
2023451309660,2023,451309660,1,5,0,18,19,2,8,0,0,0,0,11,7,4,0,1,6,6,1,58,9,999,1,3,SUZUKI GSXS,8,E01030869,0,-1
2023010444197,2023,010444197,1,5,0,17,19,3,7,0,0,2,0,0,0,0,1,1,1,1,1,38,7,999,1,1,SUZUKI GSXS,2,E01003044,0,-1
2023061363500,2023,061363500,1,5,0,17,19,5,2,0,0,2,0,4,0,0,1,1,6,6,1,40,7,999,1,3,SUZUKI GSXS,3,E01006061,0,-1
2023351377459,2023,351377459,1,3,0,18,19,7,5,0,0,1,0,0,7,4,4,1,6,6,1,24,5,124,1,0,SUZUKI GSXS,8,E01033116,0,-1
2023351358567,2023,351358567,1,3,0,18,19,4,8,0,0,0,0,0,0,0,1,1,1,1,1,60,9,124,1,6,SUZUKI GSXS,5,E01026715,0,-1
2023421272219,2023,421272219,1,3,0,9,9,7,2,0,0,3,1,0,0,0,0,1,6,6,1,24,5,124,1,3,SUZUKI GSXS,2,E01015896,0,-1
2023501303841,2023,501303841,1,5,0,18,19,8,4,0,0,0,1,0,0,0,0,1,5,6,1,32,6,999,1,8,SUZUKI GSXS,3,E01018932,0,-1
2023411326535,2023,411326535,2,5,0,18,19,7,3,9,9,2,0,0,0,0,4,1,5,6,1,36,7,999,1,0,SUZUKI GSXS,5,E01023295,0,-1
2023991318619,2023,991318619,1,5,0,18,19,6,2,0,0,0,0,0,0,0,1,1,5,6,1,37,7,749,1,3,SUZUKI GSXS,-1,-1,0,-1
2023421374867,2023,421374867,1,3,0,9,9,4,1,0,0,0,0,0,0,0,0,1,5,6,1,18,4,124,1,5,SUZUKI GSXS,5,E01021694,0,-1
2023361315389,2023,361315389,2,5,0,3,3,5,1,0,0,1,0,0,0,0,1,1,2,2,1,31,6,749,1,2,SUZUKI GSXS,7,E01030288,0,-1
2023332300946,2023,332300946,2,3,0,17,19,7,4,0,0,8,0,0,0,0,1,1,6,6,1,18,4,125,1,4,SUZUKI GSXS,8,E01025942,0,-1
2023531393469,2023,531393469,1,3,0,13,13,1,5,0,0,1,0,0,0,0,1,1,1,1,1,21,5,124,1,0,SUZUKI GSXS,6,E01014641,0,-1
2023041360507,2023,041360507,1,5,0,16,19,1,5,0,0,0,0,0,0,0,1,1,5,6,1,56,9,749,1,4,SUZUKI GSXS,4,E01033281,0,-1
2023221327649,2023,221327649,1,5,0,16,19,2,5,0,0,0,0,0,0,0,1,1,5,6,1,42,7,999,1,6,SUZUKI GSXS,9,E01028821,0,-1
2023440309278,2023,440309278,1,5,0,16,19,8,4,0,0,0,0,0,0,0,1,1,6,6,1,38,7,999,1,0,SUZUKI GSXS,10,E01022518,0,-1
2023501339976,2023,501339976,1,3,0,12,12,1,5,0,0,1,2,0,0,0,3,1,6,6,1,22,5,124,1,0,SUZUKI GSXS,5,E01031512,0,-1
2023471332847,2023,471332847,1,3,0,7,7,5,1,8,6,8,1,0,1,0,1,1,5,6,1,28,6,124,1,6,SUZUKI GSXS,4,E01020974,0,-1
2023361385645,2023,361385645,2,3,0,7,7,7,3,0,0,6,0,0,0,0,1,1,6,6,1,22,5,124,1,3,SUZUKI GSXS,6,E01026642,0,-1
2023520400953,2023,520400953,2,3,0,4,4,7,1,0,0,8,0,0,0,0,2,1,6,6,1,23,5,124,1,5,SUZUKI GSXS,6,E01029285,0,-1
2023311317327,2023,311317327,2,5,0,9,9,4,2,0,0,4,0,0,0,0,0,1,1,1,1,52,8,749,1,2,SUZUKI GSXS,2,E01027942,0,-1
2023010450532,2023,010450532,2,5,0,3,3,7,3,0,0,1,0,0,0,0,1,1,2,2,1,57,9,999,1,2,SUZUKI GSXS,8,E01023315,0,-1
2023010448938,2023,010448938,2,3,0,99,99,9,9,99,99,9,9,99,9,99,1,1,6,6,3,-1,-1,125,1,4,SUZUKI GSXS,1,E01004247,0,-1
2023520300645,2023,520300645,1,5,0,16,19,3,6,0,0,0,0,0,0,0,1,1,6,6,1,58,9,749,1,6,SUZUKI GSXS,2,E01014692,0,-1
2023401270380,2023,401270380,1,3,0,18,19,1,5,0,0,0,0,7,1,10,3,1,5,6,1,31,6,124,1,3,SUZUKI GSXS,3,E01015765,0,-1
2023522400361,2023,522400361,1,5,0,18,19,8,4,2,2,8,0,0,1,0,3,1,6,6,1,47,8,999,1,0,SUZUKI GSXS,7,E01022248,0,-1
2023211326349,2023,211326349,2,5,-1,3,3,-1,-1,-1,-1,0,-1,-1,-1,0,-1,1,6,6,1,37,7,999,1,6,SUZUKI GSXS,4,E01029666,0,-1
2023552300345,2023,552300345,2,3,0,3,3,2,7,0,0,1,0,0,0,0,2,1,6,6,1,24,5,124,1,3,SUZUKI GSXS,5,E01015374,0,-1
2023052301160,2023,052301160,2,5,0,18,19,3,7,0,0,3,0,0,0,0,4,1,6,6,1,46,8,749,1,4,SUZUKI GSXS,1,E01006458,0,-1
2023501351011,2023,501351011,1,5,0,18,19,6,2,0,0,1,2,0,0,0,0,1,6,6,1,33,6,999,1,4,SUZUKI GSXS,1,E01015263,0,-1
2023201345002,2023,201345002,1,3,0,13,13,2,6,0,0,8,0,0,0,0,4,1,6,6,1,25,5,124,1,5,SUZUKI GSXS,3,E01009701,0,-1
2023351323199,2023,351323199,1,5,0,7,7,7,1,0,0,1,0,0,0,0,1,1,5,6,1,44,7,999,1,1,SUZUKI GSXS,8,E01017427,0,-1
2023141366855,2023,141366855,1,5,0,17,19,8,2,0,0,0,0,0,0,0,2,1,6,6,1,42,7,749,1,5,SUZUKI GSXS,1,E01007794,0,-1
2023161350176,2023,161350176,2,5,0,18,19,3,7,0,0,1,0,0,0,0,1,1,6,6,1,29,6,999,1,7,SUZUKI GSXS,1,E01012848,0,-1
2023430098152,2023,430098152,2,3,0,18,19,6,2,0,0,0,0,0,0,0,1,1,2,2,1,26,6,124,1,3,SUZUKI GSXS,-1,-1,0,-1
2023041280966,2023,041280966,1,5,0,5,5,5,1,0,0,2,1,4,0,0,1,1,5,6,1,54,8,999,1,1,SUZUKI GSXS,1,E01012683,0,-1
2023991363080,2023,991363080,1,5,0,16,19,7,3,0,0,0,1,0,0,0,4,1,6,6,1,58,9,999,1,1,SUZUKI GSXS,1,-1,0,-1
2023131330382,2023,131330382,4,9,0,2,2,0,0,0,0,0,0,0,0,0,2,1,6,6,3,-1,-1,1560,2,15,-1,-1,-1,0,-1
2023461320154,2023,461320154,2,9,0,3,3,2,4,8,6,1,0,0,0,0,2,1,5,6,2,67,10,1560,2,15,-1,7,E01024804,0,-1
2023302300517,2023,302300517,1,3,0,13,13,6,2,0,0,1,0,0,0,0,4,1,6,6,1,18,4,124,1,9,-1,3,E01013549,0,-1
2023451350222,2023,451350222,2,9,0,18,19,3,7,0,0,2,0,0,1,0,3,1,1,1,2,32,6,1969,2,4,VOLVO XC40,5,E01030913,0,-1
2023061351244,2023,061351244,2,9,0,16,19,3,2,0,0,1,0,0,0,0,1,1,5,6,2,43,7,1477,1,2,VOLVO XC40,9,E01005334,0,-1
2023010469843,2023,010469843,2,9,0,2,2,0,0,0,0,1,0,0,0,0,1,1,6,6,3,-1,-1,1969,8,0,VOLVO XC40,-1,-1,0,-1
2023522400016,2023,522400016,2,9,0,18,19,5,1,0,0,8,5,0,0,0,4,1,6,6,1,50,8,1969,8,1,VOLVO XC40,6,E01014846,0,-1
202360A192610,2023,60A192610,1,9,0,18,19,8,4,0,0,0,0,0,0,0,1,1,2,2,2,56,9,1477,1,2,VOLVO XC40,-1,-1,0,-1
2023991389128,2023,991389128,6,9,0,18,19,7,3,0,0,0,0,0,0,0,4,1,6,6,1,51,8,1477,1,3,VOLVO XC40,2,-1,0,-1
2023070780483,2023,070780483,2,9,0,3,3,5,1,0,0,1,0,0,0,0,2,1,6,6,2,58,9,1477,1,2,VOLVO XC40,6,E01018615,0,-1
2023430434641,2023,430434641,1,9,0,9,9,5,3,0,0,6,0,0,0,0,0,1,6,6,1,-1,-1,1969,2,4,VOLVO XC40,-1,-1,0,-1
2023421325891,2023,421325891,1,9,0,18,19,1,5,0,0,0,0,0,0,0,1,1,5,6,2,37,7,1969,1,4,VOLVO XC40,4,E01021820,0,-1
2023010456389,2023,010456389,3,9,0,2,2,0,0,0,0,1,0,0,0,0,1,1,6,6,1,51,8,1477,1,2,VOLVO XC40,-1,-1,0,-1
2023371280691,2023,371280691,1,9,0,7,7,1,4,0,0,2,1,0,0,0,3,1,5,6,1,56,9,1969,8,3,VOLVO XC40,10,E01033319,0,-1
2023122300738,2023,122300738,2,9,0,18,19,7,3,0,0,8,1,0,7,0,4,1,6,6,2,60,9,1969,8,1,VOLVO XC40,7,E01027788,0,-1
2023231360049,2023,231360049,3,9,0,4,4,2,6,0,0,0,0,0,0,0,2,1,5,6,2,37,7,1969,2,3,VOLVO XC40,7,E01028270,0,-1
2023010482236,2023,010482236,2,9,0,18,19,3,7,0,0,2,0,0,0,0,1,1,6,6,2,24,5,1969,8,0,VOLVO XC40,-1,-1,0,-1
2023101317814,2023,101317814,1,9,0,18,19,8,6,0,0,1,0,0,0,0,1,1,6,6,2,37,7,1477,1,3,VOLVO XC40,8,E01008525,0,-1
2023320783494,2023,320783494,1,9,0,18,19,6,2,0,0,1,0,0,0,0,1,1,6,6,1,42,7,1969,2,4,VOLVO XC40,1,E01026069,0,-1
2023332300010,2023,332300010,1,9,0,18,19,4,8,0,0,1,0,0,0,0,1,1,2,2,1,62,9,1969,2,4,VOLVO XC40,-1,-1,0,-1
2023161304896,2023,161304896,1,9,0,9,9,4,2,0,0,1,0,0,0,0,3,1,6,6,2,38,7,1969,1,4,VOLVO XC40,5,E01019723,0,-1
2023010427666,2023,010427666,1,9,0,5,5,0,2,0,0,6,0,0,0,0,1,1,6,6,2,43,7,1477,1,3,VOLVO XC40,-1,-1,0,-1
2023351396686,2023,351396686,2,9,0,3,3,7,4,0,0,0,0,0,0,0,4,1,5,6,1,74,10,1969,8,0,VOLVO XC40,9,E01022072,0,-1
2023622300286,2023,622300286,1,9,0,18,19,2,6,0,0,0,0,4,0,0,1,1,6,6,1,79,11,1969,8,2,VOLVO XC40,9,W01000910,0,-1
2023070410013,2023,070410013,1,9,0,18,19,1,5,0,0,0,0,0,0,0,1,1,6,6,2,65,9,-1,3,0,VOLVO XC40,5,E01018480,0,-1
2023440271260,2023,440271260,1,9,0,18,19,6,2,0,0,0,0,0,0,0,1,1,6,6,1,82,11,1969,2,4,VOLVO XC40,10,E01030898,0,-1
2023131290114,2023,131290114,1,9,0,18,19,6,2,0,0,8,0,0,0,0,1,1,5,6,2,32,6,1477,8,1,VOLVO XC40,1,E01011355,0,-1
2023122400273,2023,122400273,1,9,0,16,19,5,1,0,0,0,0,0,0,0,1,1,1,1,2,55,8,1477,1,2,VOLVO XC40,7,E01027821,0,-1
2023440438963,2023,440438963,1,9,0,18,19,7,3,0,0,2,0,0,0,0,2,1,6,6,1,81,11,1969,2,5,VOLVO XC40,7,E01023034,0,-1
2023991378575,2023,991378575,2,9,0,18,19,7,3,0,0,1,0,0,0,0,1,1,6,6,1,52,8,1969,2,4,VOLVO XC40,3,-1,0,-1
2023010423060,2023,010423060,1,9,0,99,99,9,9,99,99,9,9,99,9,99,9,9,6,6,1,35,6,1477,8,3,VOLVO XC40,2,E01001118,0,-1
2023411314178,2023,411314178,2,9,0,18,19,5,1,0,0,0,0,0,0,0,2,1,6,6,2,39,7,1969,2,3,VOLVO XC40,9,E01023747,0,-1
2023430509845,2023,430509845,1,9,0,18,19,6,2,0,0,4,0,0,0,0,1,1,2,2,2,61,9,1969,8,0,VOLVO XC40,10,E01016534,0,-1
2023101348118,2023,101348118,2,9,0,18,19,7,3,0,0,0,0,0,1,0,1,1,1,1,2,32,6,1477,1,2,VOLVO XC40,7,E01027510,0,-1
2023991399240,2023,991399240,2,9,0,18,19,2,6,0,0,2,1,10,1,7,3,1,5,6,1,54,8,1969,8,3,VOLVO XC40,-1,-1,0,-1
2023010459928,2023,010459928,1,9,0,18,19,5,1,0,0,1,0,0,0,0,1,1,2,2,2,30,6,-1,3,2,VOLVO XC40,-1,-1,0,-1
2023052300343,2023,052300343,1,9,0,9,9,2,6,0,0,6,0,0,7,0,1,1,6,6,1,44,7,1477,1,2,VOLVO XC40,2,E01006441,0,-1
2023201292021,2023,201292021,1,9,0,5,5,-1,-1,0,0,8,0,0,0,0,1,1,6,6,2,-1,-1,1477,1,2,VOLVO XC40,-1,-1,0,-1
2023041311611,2023,041311611,1,9,0,2,2,0,0,9,9,0,0,0,0,0,4,1,6,6,2,40,7,-1,3,2,VOLVO XC40,10,E01025258,0,-1
2023332300645,2023,332300645,1,9,0,18,19,1,5,0,0,0,1,0,0,0,1,1,2,2,1,28,6,1477,8,3,VOLVO XC40,7,E01025937,0,-1
2023471349237,2023,471349237,2,9,0,18,19,4,8,0,0,0,0,0,0,0,1,1,6,6,1,75,10,1477,8,1,VOLVO XC40,9,E01024792,0,-1
2023451259799,2023,451259799,2,9,0,18,19,5,1,0,0,0,0,0,0,0,2,1,1,1,2,36,7,1477,8,1,VOLVO XC40,7,E01017047,0,-1
2023522300454,2023,522300454,1,9,0,18,19,8,4,0,0,8,0,0,0,0,2,1,6,6,3,48,8,1477,1,3,VOLVO XC40,2,E01029100,0,-1
2023421350166,2023,421350166,1,9,0,18,19,7,3,0,0,0,0,0,0,0,1,1,5,6,2,52,8,-1,3,0,VOLVO XC40,-1,-1,0,-1
2023430553672,2023,430553672,1,9,0,18,19,4,8,0,0,8,0,0,0,0,1,1,6,6,1,65,9,1477,8,3,VOLVO XC40,5,E01023705,0,-1
2023010420765,2023,010420765,2,9,0,99,99,9,9,99,99,9,9,99,9,99,9,9,6,6,3,-1,-1,1477,1,4,VOLVO XC40,9,E01003799,0,-1
2023052301970,2023,052301970,1,9,0,4,4,1,5,0,0,0,0,0,0,0,3,1,6,6,2,58,9,1477,1,2,VOLVO XC40,3,E01006652,0,-1
2023991290248,2023,991290248,10,9,0,18,19,1,5,0,0,1,1,0,0,0,2,1,6,6,2,61,9,1969,2,5,VOLVO XC40,9,-1,0,-1
2023010432976,2023,010432976,1,9,0,7,7,4,6,0,0,1,0,0,0,0,4,1,2,2,2,40,7,1477,8,2,VOLVO XC40,6,E01015961,0,-1
2023440421694,2023,440421694,1,9,0,17,19,4,8,0,0,2,2,0,1,9,4,1,6,6,2,46,8,1969,8,2,VOLVO XC40,4,E01002576,0,-1
2023052300667,2023,052300667,1,9,0,11,11,1,5,0,0,0,0,0,0,0,4,1,2,2,2,38,7,1477,1,1,VOLVO XC40,8,E01025540,0,-1
2023041340456,2023,041340456,2,9,0,18,19,3,7,0,0,1,0,0,0,0,4,1,5,6,1,71,10,1969,2,4,VOLVO XC40,1,E01004960,0,-1
2023311330742,2023,311330742,2,9,0,18,19,4,7,0,0,1,0,0,0,0,1,1,5,6,2,41,7,1477,1,2,VOLVO XC40,9,E01028421,0,-1
2023440316513,2023,440316513,2,9,0,18,19,8,4,0,0,8,0,0,0,0,4,1,6,6,2,51,8,-1,3,2,VOLVO XC40,8,E01022829,0,-1
2023101386691,2023,101386691,1,9,0,9,9,5,7,0,0,6,0,0,0,0,1,1,6,6,2,36,7,1969,8,0,VOLVO XC40,3,E01008462,0,-1
2023010428869,2023,010428869,2,9,0,9,9,3,1,0,0,6,0,4,0,0,4,1,6,6,1,27,6,1477,1,3,VOLVO XC40,2,E01004308,0,-1
2023131270392,2023,131270392,2,9,0,4,4,7,3,0,0,2,0,0,0,0,2,1,6,6,2,52,8,1477,1,3,VOLVO XC40,8,E01011244,0,-1
2023430573875,2023,430573875,2,9,0,4,4,3,6,0,0,0,0,0,0,0,2,1,2,2,2,45,7,1477,8,0,VOLVO XC40,7,E01017645,0,-1
2023201399314,2023,201399314,1,9,0,18,19,2,7,0,0,1,0,0,0,0,1,1,6,6,2,60,9,1969,8,0,VOLVO XC40,8,E01009559,0,-1
2023010465285,2023,010465285,1,9,0,18,19,7,3,0,0,1,0,0,0,0,1,1,6,6,2,31,6,1969,8,0,VOLVO XC40,5,E01000747,0,-1
2023361391163,2023,361391163,1,9,0,18,19,5,1,0,0,6,0,0,0,0,3,1,2,2,1,36,7,-1,3,0,VOLVO XC40,7,E01026565,0,-1
2023122301032,2023,122301032,4,9,0,16,19,7,3,0,0,0,0,0,0,0,1,1,6,6,2,76,11,1969,1,5,VOLVO XC40,-1,-1,0,-1
2023010455621,2023,010455621,1,9,0,99,99,9,9,99,99,9,9,99,9,99,1,1,6,6,3,-1,-1,1969,1,5,VOLVO XC40,-1,-1,0,-1
2023131279370,2023,131279370,2,9,0,18,19,1,1,0,0,8,0,0,0,0,4,1,5,6,1,50,8,1477,1,2,VOLVO XC40,8,E01011514,0,-1
2023991320094,2023,991320094,2,9,0,18,19,7,2,0,0,0,0,0,0,0,3,1,5,6,1,66,10,1477,8,1,VOLVO XC40,10,-1,0,-1
2023430124247,2023,430124247,3,9,0,18,19,6,2,0,0,0,0,0,0,0,1,1,6,6,1,42,7,-1,3,2,VOLVO XC40,10,E01017650,0,-1
2023411354749,2023,411354749,2,9,0,18,19,8,2,0,0,1,0,0,1,0,1,1,6,6,1,66,10,1969,1,3,VOLVO XC40,8,E01002238,0,-1
2023411270381,2023,411270381,1,9,0,4,4,5,1,0,0,0,0,0,0,0,2,1,6,6,2,52,8,1477,1,2,VOLVO XC40,8,E01023732,0,-1
2023231347302,2023,231347302,2,9,0,18,19,3,8,0,0,8,0,0,0,0,1,1,2,2,2,30,6,1969,2,3,VOLVO XC40,8,E01031070,0,-1
2023471282761,2023,471282761,2,9,0,10,10,4,2,0,0,1,0,0,0,0,3,1,3,7,1,42,7,1969,8,2,VOLVO XC40,6,E01016953,0,-1
2023010477013,2023,010477013,1,9,0,6,6,5,5,0,0,0,0,0,0,0,3,1,6,6,1,55,8,-1,3,1,VOLVO XC40,5,E01001935,0,-1
2023411281400,2023,411281400,2,9,0,9,9,1,8,0,0,1,0,0,0,0,2,1,5,6,1,62,9,1477,8,0,VOLVO XC40,4,E01023925,0,-1
2023440075490,2023,440075490,1,9,0,18,19,5,1,0,0,1,0,0,8,10,1,1,6,6,1,35,6,1477,8,3,VOLVO XC40,5,E01023201,0,-1
2023131332917,2023,131332917,1,9,0,-1,-1,-1,-1,-1,-1,0,-1,-1,-1,-1,-1,1,6,6,2,48,8,1477,8,1,VOLVO XC40,9,E01011189,0,-1
2023440513172,2023,440513172,2,9,0,18,19,2,6,0,0,8,0,0,0,0,1,1,6,6,1,73,10,1477,8,2,VOLVO XC40,10,E01022531,0,-1
2023201372881,2023,201372881,3,9,0,18,19,4,1,0,0,0,0,0,0,0,1,1,1,1,2,48,8,-1,3,0,VOLVO XC40,1,E01010462,0,-1
2023161355900,2023,161355900,1,9,0,18,19,3,6,0,0,0,0,0,0,0,2,1,2,2,2,45,7,1477,1,1,VOLVO XC40,4,E01012904,0,-1
2023451344682,2023,451344682,2,9,0,9,9,1,5,0,0,1,0,0,0,0,2,1,2,2,2,51,8,1477,1,1,VOLVO XC40,9,E01030309,0,-1
2023610006623,2023,610006623,1,9,0,3,3,1,5,0,0,1,0,0,0,0,2,1,6,6,2,50,8,1477,1,3,VOLVO XC40,5,W01001603,0,-1
2023461271748,2023,461271748,2,9,0,18,19,3,7,0,0,0,0,0,0,0,1,1,6,6,1,70,10,1969,8,3,VOLVO XC40,9,E01021115,0,-1
2023010438213,2023,010438213,1,9,0,18,19,7,3,0,0,8,0,99,9,99,1,1,6,6,1,55,8,1969,8,3,VOLVO XC40,7,E01000295,0,-1
2023471371309,2023,471371309,2,9,0,18,19,3,7,0,0,1,5,0,7,0,4,1,5,6,1,70,10,1477,1,2,VOLVO XC40,10,E01021234,0,-1
2023320430711,2023,320430711,2,9,0,10,10,2,7,0,0,8,0,0,0,0,2,1,6,6,2,41,7,1969,2,5,VOLVO XC40,7,E01026029,0,-1
2023211272550,2023,211272550,2,9,-1,-1,-1,-1,-1,-1,-1,-1,-1,-1,-1,0,-1,1,6,6,1,43,7,1477,1,3,VOLVO XC40,5,E01019456,0,-1
2023421383906,2023,421383906,2,9,0,18,19,1,5,0,0,0,0,0,0,0,1,1,6,6,1,50,8,1969,8,0,VOLVO XC40,-1,-1,0,-1
2023461280891,2023,461280891,2,9,0,3,3,3,7,0,0,1,0,0,0,0,2,1,6,6,2,-1,-1,1477,8,3,VOLVO XC40,10,E01024631,0,-1
2023411269840,2023,411269840,2,9,0,4,4,6,2,0,0,0,1,0,0,0,1,1,1,1,1,49,8,1477,8,3,VOLVO XC40,10,E01023743,0,-1
2023430407852,2023,430407852,2,9,0,7,7,7,1,0,0,2,0,0,0,0,2,1,6,6,1,62,9,1477,8,1,VOLVO XC40,7,E01028713,0,-1
2023010484405,2023,010484405,1,9,0,99,99,9,9,99,99,9,9,99,9,99,9,9,6,6,3,-1,-1,1477,8,2,VOLVO XC40,-1,-1,0,-1
2023211313290,2023,211313290,1,9,0,18,19,2,6,0,0,0,0,0,0,0,4,1,6,6,1,67,10,1969,1,5,VOLVO XC40,8,E01029813,0,-1
2023010437403,2023,010437403,3,9,0,18,19,5,1,0,0,1,0,0,0,0,2,1,6,6,1,47,8,1969,8,2,VOLVO XC40,5,E01002897,0,-1
2023451328423,2023,451328423,1,9,0,18,19,1,5,0,0,8,0,12,0,0,1,1,5,6,2,49,8,1969,8,1,VOLVO XC40,8,E01004131,0,-1
2023471273942,2023,471273942,2,9,0,18,19,1,5,0,0,1,1,0,1,0,1,1,5,6,1,60,9,1477,8,3,VOLVO XC40,8,E01024448,0,-1
2023201418680,2023,201418680,1,9,0,18,19,5,1,0,0,0,0,0,0,0,1,1,6,6,1,71,10,-1,3,2,VOLVO XC40,4,E01008961,0,-1
2023421366686,2023,421366686,2,9,0,18,19,1,5,0,0,0,0,0,0,0,4,1,2,2,2,48,8,1969,1,3,VOLVO XC40,9,E01024440,0,-1
2023311280207,2023,311280207,2,9,0,18,19,7,3,0,0,0,0,0,0,0,3,1,5,6,1,29,6,1477,1,2,VOLVO XC40,6,E01027925,0,-1
2023010472074,2023,010472074,2,9,0,2,2,0,0,0,0,0,0,4,0,0,3,1,6,6,3,-1,-1,1969,8,1,VOLVO XC40,-1,-1,0,-1
202354A936023,2023,54A936023,1,9,0,7,7,3,6,9,9,6,0,0,0,0,4,1,6,6,1,81,11,1969,8,3,VOLVO XC40,8,E01032695,0,-1
2023010482953,2023,010482953,2,9,0,2,2,0,0,9,9,0,0,0,0,0,3,1,6,6,3,-1,-1,1969,8,2,VOLVO XC40,-1,-1,0,-1
2023101381305,2023,101381305,1,9,0,18,19,1,6,0,0,3,0,0,0,0,4,1,5,6,2,68,10,1969,8,2,VOLVO XC40,10,E01027471,0,-1