collision_index,collision_year,collision_ref_no,vehicle_reference,vehicle_type,towing_and_articulation,vehicle_manoeuvre_historic,vehicle_manoeuvre,vehicle_direction_from,vehicle_direction_to,vehicle_location_restricted_lane_historic,vehicle_location_restricted_lane,junction_location,skidding_and_overturning,hit_object_in_carriageway,vehicle_leaving_carriageway,hit_object_off_carriageway,first_point_of_impact,vehicle_left_hand_drive,journey_purpose_of_driver_historic,journey_purpose_of_driver,sex_of_driver,age_of_driver,age_band_of_driver,engine_capacity_cc,propulsion_code,age_of_vehicle,generic_make_model,driver_imd_decile,lsoa_of_driver,escooter_flag,driver_distance_banding
2023401367245,2023,401367245,2,9,0,3,3,5,1,0,0,1,0,0,0,0,2,1,5,6,2,54,8,1477,8,1,VOLVO XC40,9,E01033515,0,-1
2023522300381,2023,522300381,1,9,0,3,3,2,6,0,0,0,0,0,0,0,3,1,6,6,1,34,6,1969,8,2,VOLVO XC40,1,E01014583,0,-1
2023440361316,2023,440361316,1,9,0,4,4,4,2,0,0,8,0,0,0,0,2,1,6,6,2,41,7,1477,1,3,VOLVO XC40,9,E01022653,0,-1
2023610035223,2023,610035223,1,9,0,12,12,4,8,0,0,0,0,0,0,0,3,1,6,6,1,36,7,1969,8,1,VOLVO XC40,5,W01001347,0,-1
2023421350083,2023,421350083,2,9,0,4,4,5,1,0,0,0,0,0,0,0,2,1,1,1,1,38,7,-1,3,0,VOLVO XC40,10,E01021616,0,-1
2023010448085,2023,010448085,1,9,0,99,99,9,9,99,99,9,9,99,9,99,2,9,6,6,2,43,7,1477,1,1,VOLVO XC40,8,E01003876,0,-1
2023010440298,2023,010440298,5,9,0,18,19,3,7,0,0,0,0,0,0,0,2,1,6,6,1,37,7,-1,3,0,VOLVO XC40,3,E01004229,0,-1
2023131290243,2023,131290243,1,9,0,18,19,2,6,0,0,8,0,0,0,0,4,1,6,6,3,-1,-1,1969,2,3,VOLVO XC40,-1,-1,0,-1
2023440511994,2023,440511994,2,9,0,3,3,6,2,0,0,0,0,0,0,0,4,1,6,6,2,46,8,1969,8,0,VOLVO XC40,5,E01022488,0,-1
2023361302832,2023,361302832,1,9,0,18,19,5,1,0,0,1,0,0,0,0,1,1,5,6,1,84,11,1477,1,3,VOLVO XC40,3,E01026495,0,-1
2023122400100,2023,122400100,2,9,0,4,4,1,5,0,0,4,0,0,0,0,1,1,6,6,1,72,10,-1,3,0,VOLVO XC40,6,E01027736,0,-1
2023201372100,2023,201372100,1,9,0,18,19,-1,-1,0,0,0,0,0,0,0,1,1,5,6,1,33,6,-1,3,1,VOLVO XC40,3,E01010451,0,-1
2023411292364,2023,411292364,2,9,0,3,3,3,5,0,0,0,0,0,0,0,2,1,3,7,2,49,8,1477,8,2,VOLVO XC40,8,E01001544,0,-1
2023340NN1792,2023,340NN1792,2,9,0,18,19,5,1,0,0,8,0,0,1,9,3,1,3,7,2,35,6,1477,8,2,VOLVO XC40,7,E01027050,0,-1
2023010474157,2023,010474157,2,9,0,99,99,9,9,99,99,9,9,99,9,99,1,9,6,6,3,35,6,1969,8,0,VOLVO XC40,-1,-1,0,-1
2023340WN5152,2023,340WN5152,2,9,0,2,2,0,0,6,6,0,0,0,1,0,2,1,6,6,2,34,6,-1,3,1,VOLVO XC40,10,E01027266,0,-1
2023430051547,2023,430051547,2,9,0,2,2,0,0,0,0,8,0,0,0,0,3,1,6,6,1,68,10,1477,8,1,VOLVO XC40,6,E01017922,0,-1
2023031323751,2023,031323751,1,9,0,9,9,6,3,0,0,0,0,0,0,0,1,1,5,6,1,79,11,1969,2,3,VOLVO XC40,7,E01019387,0,-1
2023311321655,2023,311321655,2,9,0,17,19,7,3,0,0,0,0,0,0,0,1,1,6,6,1,50,8,1477,1,1,VOLVO XC40,-1,-1,0,-1
2023421353325,2023,421353325,2,9,0,18,19,2,6,0,0,0,0,0,1,3,3,1,6,6,1,76,11,1969,8,0,VOLVO XC40,6,E01004634,0,-1
2023302301802,2023,302301802,1,9,0,17,19,7,4,0,0,0,2,0,8,1,3,1,6,6,1,63,9,1969,8,1,VOLVO XC40,10,E01013465,0,-1
2023361363969,2023,361363969,2,9,0,18,19,2,6,0,0,0,0,0,0,0,1,1,5,6,2,52,8,-1,3,0,VOLVO XC40,6,E01033036,0,-1
2023991299443,2023,991299443,2,9,0,18,19,6,2,0,0,8,0,0,0,0,3,1,6,6,1,38,7,1969,8,0,VOLVO XC40,6,-1,0,-1
2023501272751,2023,501272751,2,9,0,18,19,7,3,0,0,1,0,0,0,0,2,1,6,6,1,49,8,1969,2,5,VOLVO XC40,4,E01018929,0,-1
2023070928946,2023,070928946,2,9,0,18,19,6,2,0,0,2,0,0,0,0,4,1,6,6,2,62,9,1969,2,3,VOLVO XC40,9,E01018531,0,-1
2023501396683,2023,501396683,2,9,0,3,3,1,5,0,0,0,0,0,1,0,3,1,6,6,2,61,9,1969,2,4,VOLVO XC40,8,E01019961,0,-1
2023010486408,2023,010486408,1,9,0,99,99,9,9,99,99,9,9,99,9,99,2,9,6,6,1,31,6,1477,8,2,VOLVO XC40,6,E01002353,0,-1
2023070768392,2023,070768392,3,9,0,4,4,1,5,0,0,0,0,0,0,0,2,1,6,6,1,33,6,1477,8,0,VOLVO XC40,-1,-1,0,-1
2023010486494,2023,010486494,2,9,9,99,99,9,9,99,99,9,9,99,9,99,9,9,6,6,3,-1,-1,1969,1,3,VOLVO XC40,-1,-1,0,-1
2023440520976,2023,440520976,3,9,0,2,2,0,0,0,0,2,0,0,0,0,2,1,6,6,3,-1,-1,1969,2,5,VOLVO XC40,-1,-1,0,-1
2023010461895,2023,010461895,1,9,0,18,19,1,5,9,9,1,0,0,2,11,1,1,6,6,1,69,10,1969,2,4,VOLVO XC40,3,E01004741,0,-1
2023631308497,2023,631308497,1,9,0,4,4,6,2,0,0,1,0,0,0,0,1,1,5,6,1,75,10,1969,8,3,VOLVO XC40,6,W01000560,0,-1
2023010454000,2023,010454000,2,9,0,16,19,3,7,0,0,2,5,0,0,0,4,1,6,6,1,54,8,1969,1,4,VOLVO XC40,7,E01000317,0,-1
2023231277150,2023,231277150,2,9,0,18,19,5,1,0,0,8,0,0,0,0,1,1,5,6,2,58,9,1477,1,2,VOLVO XC40,6,E01031025,0,-1
2023631344738,2023,631344738,2,9,0,4,4,4,8,0,0,0,0,0,0,0,1,1,5,6,1,52,8,1477,1,3,VOLVO XC40,-1,-1,0,-1
2023501381708,2023,501381708,2,9,0,18,19,3,6,0,0,0,0,0,0,0,1,1,6,6,1,77,11,1969,2,3,VOLVO XC40,6,E01020179,0,-1
2023451363689,2023,451363689,1,9,0,9,9,7,3,0,0,0,0,0,0,0,4,1,5,6,1,63,9,1969,2,4,VOLVO XC40,6,E01030721,0,-1
2023471310534,2023,471310534,2,9,0,3,3,1,5,0,0,8,0,0,0,0,4,1,3,7,2,43,7,1969,8,1,VOLVO XC40,5,E01031394,0,-1
2023461270519,2023,461270519,3,9,0,18,19,3,7,0,0,0,0,0,0,0,2,1,6,6,1,63,9,1477,8,2,VOLVO XC40,6,E01024557,0,-1
2023231337219,2023,231337219,3,9,0,2,2,0,0,0,0,0,0,0,0,0,2,1,6,6,1,48,8,1969,8,3,VOLVO XC40,-1,-1,0,-1
2023041374752,2023,041374752,4,9,0,2,2,0,0,0,0,0,0,0,0,0,2,1,6,6,3,-1,-1,1477,8,2,VOLVO XC40,-1,-1,0,-1
2023501361955,2023,501361955,1,9,0,18,19,3,5,0,0,1,0,0,0,0,4,1,5,6,2,51,8,1477,1,3,VOLVO XC40,9,E01023254,0,-1
2023010454425,2023,010454425,1,9,0,18,19,1,5,0,0,1,0,0,0,0,0,1,2,2,1,54,8,1969,8,2,VOLVO XC40,9,E01030731,0,-1
2023991360330,2023,991360330,2,9,0,17,19,4,8,0,0,0,0,0,0,0,1,1,6,6,2,42,7,1477,1,4,VOLVO XC40,-1,-1,0,-1
2023010470237,2023,010470237,2,9,0,3,3,7,3,0,0,1,0,0,0,0,2,1,6,6,2,53,8,-1,3,2,VOLVO XC40,8,E01000246,0,-1
2023461345442,2023,461345442,1,9,0,18,19,1,5,0,0,0,0,0,0,0,1,1,6,6,1,-1,-1,1477,1,2,VOLVO XC40,9,E01000667,0,-1
2023440096384,2023,440096384,1,9,0,18,19,8,4,0,0,0,0,0,0,0,1,1,6,6,1,45,7,1477,8,3,VOLVO XC40,10,E01022897,0,-1
2023440263159,2023,440263159,2,9,3,18,19,4,8,0,0,8,0,0,0,0,1,1,6,6,1,66,10,1969,8,3,VOLVO XC40,10,E01010586,0,-1
2023531287800,2023,531287800,3,9,0,4,4,2,3,0,0,4,0,0,0,0,3,1,5,6,2,54,8,1969,8,1,VOLVO XC40,7,E01022175,0,-1
2023320612297,2023,320612297,2,9,0,18,19,5,2,0,0,0,0,0,0,0,1,1,6,6,1,54,8,1969,2,5,VOLVO XC40,5,E01028155,0,-1
2023201287675,2023,201287675,2,9,0,18,19,4,8,0,0,0,0,0,0,0,1,1,6,6,1,68,10,1477,8,1,VOLVO XC40,-1,-1,0,-1
2023010443245,2023,010443245,2,9,0,10,10,4,1,0,0,5,0,0,0,0,3,2,3,7,2,56,9,1477,1,2,VOLVO XC40,10,E01030764,0,-1
2023471264062,2023,471264062,1,9,5,18,19,3,7,0,0,0,1,0,1,4,1,1,2,2,2,61,9,1969,1,5,VOLVO XC40,8,E01021140,0,-1
2023552301366,2023,552301366,2,9,0,18,19,6,2,0,0,0,1,0,0,0,1,1,1,1,1,44,7,1477,8,1,VOLVO XC40,5,E01032063,0,-1
2023451354348,2023,451354348,3,9,0,18,19,2,6,0,0,0,0,0,0,0,2,1,2,2,2,58,9,1477,1,2,VOLVO XC40,9,E01030425,0,-1
2023430017716,2023,430017716,1,9,0,7,7,3,6,0,0,4,0,0,0,0,1,1,2,2,1,53,8,-1,3,1,VOLVO XC40,-1,-1,0,-1
2023991307265,2023,991307265,2,9,0,7,7,4,7,0,0,1,0,0,0,0,2,1,5,6,1,52,8,1477,1,3,VOLVO XC40,10,-1,0,-1
2023141311493,2023,141311493,2,9,0,9,9,7,3,0,0,2,0,0,0,0,3,1,6,6,2,25,5,1969,8,1,VOLVO XC40,7,E01007552,0,-1
2023010446001,2023,010446001,2,9,0,99,99,9,9,99,99,9,9,99,9,99,9,9,6,6,2,34,6,1477,1,2,VOLVO XC40,6,E01023399,0,-1
2023010461952,2023,010461952,1,9,0,99,99,9,9,99,99,9,9,99,9,99,9,9,6,6,1,39,7,1477,8,2,VOLVO XC40,1,E01004248,0,-1
2023201298890,2023,201298890,2,9,0,4,4,6,2,0,0,1,0,0,0,0,2,1,6,6,2,28,6,1477,8,0,VOLVO XC40,3,E01009441,0,-1
2023440296557,2023,440296557,2,9,0,18,19,5,1,0,0,0,0,0,0,0,1,1,6,6,2,31,6,1969,8,2,VOLVO XC40,7,E01017094,0,-1
2023201306479,2023,201306479,3,9,0,3,3,2,6,0,0,1,0,0,0,0,3,1,5,6,1,66,10,1477,8,2,VOLVO XC40,8,E01009949,0,-1
2023371391962,2023,371391962,1,9,0,1,1,1,3,0,0,1,0,0,0,0,0,1,5,6,1,50,8,1477,1,2,VOLVO XC40,2,E01030013,0,-1
2023451331907,2023,451331907,2,9,0,18,19,5,1,0,0,0,0,0,0,0,4,1,5,6,1,50,8,1477,1,2,VOLVO XC40,9,E01030519,0,-1
2023010462390,2023,010462390,1,9,0,18,19,7,3,0,0,8,0,0,0,0,1,1,6,6,1,33,6,1477,8,0,VOLVO XC40,4,E01003249,0,-1
2023522301811,2023,522301811,2,9,0,18,19,7,1,0,0,8,0,0,0,0,1,1,6,6,3,-1,-1,1969,8,2,VOLVO XC40,-1,-1,0,-1
2023131358094,2023,131358094,1,9,0,18,19,1,5,0,0,8,0,0,0,0,1,1,1,1,1,40,7,1477,8,1,VOLVO XC40,8,E01010907,0,-1
2023131326030,2023,131326030,2,9,0,18,19,7,3,0,0,0,0,0,0,0,0,1,5,6,1,61,9,1969,8,1,VOLVO XC40,10,E01011380,0,-1
2023461374269,2023,461374269,1,9,0,18,19,4,8,0,0,0,0,12,0,0,1,1,6,6,1,54,8,1477,1,4,VOLVO XC40,5,E01024788,0,-1
2023201368202,2023,201368202,1,9,0,1,1,5,3,0,0,6,0,0,0,0,2,1,5,6,1,40,7,-1,3,1,VOLVO XC40,-1,-1,0,-1
2023501315176,2023,501315176,1,9,0,6,6,3,3,0,0,8,0,0,0,0,1,1,6,6,1,74,10,1477,1,2,VOLVO XC40,9,E01020001,0,-1
2023451370688,2023,451370688,1,9,0,4,4,1,5,0,0,0,0,0,0,0,2,1,6,6,1,64,9,-1,3,2,VOLVO XC40,10,E01002189,0,-1
2023411270771,2023,411270771,1,9,0,18,19,1,7,0,0,0,0,0,0,0,0,1,6,6,1,36,7,1969,2,3,VOLVO XC40,8,E01022081,0,-1
2023131331553,2023,131331553,1,9,0,9,9,2,6,0,0,1,0,0,0,0,3,1,5,6,2,45,7,1969,8,0,VOLVO XC40,7,E01011708,0,-1
2023531295577,2023,531295577,3,9,0,18,19,4,8,0,0,0,0,0,0,0,3,1,5,6,1,56,9,1477,8,2,VOLVO XC40,2,E01014047,0,-1
2023991357180,2023,991357180,2,9,0,18,19,7,4,0,0,1,0,0,0,0,1,1,5,6,2,42,7,1969,8,0,VOLVO XC40,9,-1,0,-1
2023361298110,2023,361298110,1,9,0,3,3,6,3,0,0,0,0,0,0,0,1,1,5,6,1,84,11,1969,2,4,VOLVO XC40,8,E01026881,0,-1
2023010423410,2023,010423410,2,9,0,99,99,9,9,99,99,9,9,99,9,99,1,9,6,6,3,-1,-1,1969,8,2,VOLVO XC40,-1,-1,0,-1
2023549904323,2023,549904323,2,9,0,18,19,1,5,0,0,1,0,0,0,0,4,1,6,6,1,63,9,1969,8,2,VOLVO XC40,-1,-1,0,-1
2023201420447,2023,201420447,2,9,0,3,3,8,4,0,0,8,0,0,0,0,1,1,6,6,1,62,9,1969,2,5,VOLVO XC40,5,E01010558,0,-1
2023421319834,2023,421319834,2,9,0,18,19,7,3,0,0,0,0,0,0,0,1,1,5,6,1,76,11,1477,1,3,VOLVO XC40,6,E01021907,0,-1
2023041349168,2023,041349168,1,9,0,5,5,1,5,0,0,6,0,0,0,0,1,1,6,6,2,40,7,1969,8,0,VOLVO XC40,-1,-1,0,-1
2023332300482,2023,332300482,1,9,0,9,9,1,7,0,0,5,0,0,0,0,4,1,1,1,2,25,5,1969,8,0,VOLVO XC40,4,E01013733,0,-1
2023401383487,2023,401383487,2,9,0,18,19,2,6,0,0,0,1,0,0,0,1,1,6,6,1,57,9,-1,3,1,VOLVO XC40,9,E01018136,0,-1
2023221301217,2023,221301217,2,9,0,18,19,4,8,0,0,0,0,0,0,0,1,1,2,2,1,38,7,1477,8,2,VOLVO XC40,4,E01028894,0,-1
2023052303024,2023,052303024,1,9,0,13,13,1,5,0,0,8,0,0,0,0,1,1,2,2,1,32,6,-1,3,1,VOLVO XC40,8,E01006808,0,-1
2023501389387,2023,501389387,3,9,0,18,19,5,1,0,0,0,0,0,0,0,1,1,6,6,2,43,7,1969,8,3,VOLVO XC40,6,E01020326,0,-1
2023471289978,2023,471289978,2,9,0,16,19,7,3,0,0,0,0,0,0,0,1,1,5,6,2,61,9,1969,1,3,VOLVO XC40,8,E01031518,0,-1
2023421340451,2023,421340451,3,9,0,11,11,1,4,0,0,0,0,0,4,0,4,1,6,6,1,35,6,1969,2,3,VOLVO XC40,8,E01003652,0,-1
2023430061712,2023,430061712,2,9,0,2,2,7,3,0,0,0,0,0,0,0,1,1,6,6,1,18,4,1969,8,1,VOLVO XC40,-1,-1,0,-1
2023031393181,2023,031393181,2,9,0,18,19,4,8,0,0,0,0,0,0,0,1,1,5,6,1,77,11,1477,8,1,VOLVO XC40,10,E01019341,0,-1
2023421290939,2023,421290939,2,9,0,17,19,3,8,0,0,1,0,0,0,0,3,1,1,1,1,33,6,-1,3,2,VOLVO XC40,6,E01015821,0,-1
2023122300429,2023,122300429,1,9,0,9,9,1,7,0,0,6,0,0,0,0,1,1,6,6,1,42,7,1477,8,1,VOLVO XC40,2,E01013443,0,-1
2023552301120,2023,552301120,1,9,0,18,19,6,2,0,0,8,0,0,1,11,1,1,6,6,1,33,6,1969,1,5,VOLVO XC40,6,E01020445,0,-1
202360A194726,2023,60A194726,2,9,0,18,19,6,2,0,0,1,0,0,0,0,4,1,6,6,2,31,6,1477,1,3,VOLVO XC40,-1,-1,0,-1
2023522301451,2023,522301451,1,9,0,7,7,8,2,0,0,8,0,0,0,0,3,1,6,6,2,31,6,1477,1,3,VOLVO XC40,9,E01014965,0,-1
2023131284690,2023,131284690,2,9,0,3,3,3,7,0,0,8,0,0,0,0,2,1,5,6,1,63,9,1477,1,3,VOLVO XC40,1,E01010868,0,-1
2023430311036,2023,430311036,1,9,0,18,19,4,8,0,0,2,0,0,0,0,3,1,2,2,1,51,8,1969,8,0,VOLVO XC40,4,E01016359,0,-1
2023010456900,2023,010456900,1,9,0,16,19,5,1,9,9,0,1,10,4,11,1,1,6,6,1,-1,-1,1477,8,2,VOLVO XC40,-1,-1,0,-1
2023010442908,2023,010442908,2,9,0,99,99,9,9,99,99,0,9,99,9,99,1,9,6,6,1,43,7,1477,1,4,VOLVO XC40,7,E01002328,0,-1
2023332300969,2023,332300969,2,9,0,4,4,5,1,0,0,1,0,0,0,0,2,1,3,7,2,49,8,1969,1,4,VOLVO XC40,7,E01026979,0,-1
2023122300650,2023,122300650,1,9,0,16,19,6,1,0,0,2,0,0,0,0,1,1,6,6,2,59,9,1969,2,5,VOLVO XC40,10,E01013439,0,-1
2023052300278,2023,052300278,2,9,0,18,19,6,2,0,0,0,0,0,0,0,1,1,6,6,1,36,7,1477,8,1,VOLVO XC40,9,E01007195,0,-1
2023302300707,2023,302300707,1,9,0,7,7,8,2,0,0,2,0,0,0,0,3,1,6,6,1,36,7,1969,2,4,VOLVO XC40,9,E01013559,0,-1
2023010429379,2023,010429379,1,9,0,13,13,7,3,0,0,1,0,7,8,3,1,1,6,6,2,50,8,1477,1,2,VOLVO XC40,9,E01031847,0,-1
2023010456370,2023,010456370,2,9,0,9,9,1,7,0,0,8,0,0,0,0,4,1,6,6,2,42,7,1477,8,3,VOLVO XC40,10,E01003846,0,-1
2023122301312,2023,122301312,1,9,0,18,19,1,5,0,0,0,0,0,0,0,1,1,6,6,1,61,9,1477,8,1,VOLVO XC40,6,E01011299,0,-1
2023302300433,2023,302300433,1,9,0,4,4,7,3,0,0,0,0,0,0,0,2,1,3,7,1,57,9,1969,2,4,VOLVO XC40,8,E01004780,0,-1
2023320283571,2023,320283571,2,9,0,7,7,5,8,0,0,6,0,0,0,0,3,1,3,7,2,49,8,1969,1,4,VOLVO XC40,2,E01026050,0,-1
2023622300294,2023,622300294,1,9,0,9,9,6,4,0,0,6,0,0,0,0,1,1,6,6,1,56,9,1477,8,3,VOLVO XC40,4,W01001259,0,-1
2023161365747,2023,161365747,1,9,0,18,19,5,1,0,0,2,0,0,0,0,1,1,6,6,1,81,11,1969,1,4,VOLVO XC40,6,E01027814,0,-1
2023010483353,2023,010483353,1,9,0,99,99,9,9,99,99,9,9,99,9,99,1,9,6,6,3,54,8,1477,1,1,VOLVO XC40,3,E01001243,0,-1
2023010486653,2023,010486653,1,9,0,18,19,2,6,0,0,8,0,0,0,0,4,1,6,6,2,39,7,1477,1,3,VOLVO XC40,8,E01003420,0,-1
2023010442443,2023,010442443,1,9,0,4,4,6,2,0,0,0,0,0,0,0,2,1,2,2,1,42,7,1969,8,2,VOLVO XC40,3,E01002311,0,-1
2023070768432,2023,070768432,3,9,0,2,2,0,0,0,0,1,0,0,0,0,3,1,6,6,1,36,7,1477,1,5,VOLVO XC40,8,E01018677,0,-1
2023161345553,2023,161345553,2,9,0,4,4,3,7,0,0,1,0,0,0,0,1,1,5,6,1,40,7,1477,1,2,VOLVO XC40,7,E01013069,0,-1
2023451273243,2023,451273243,1,9,0,4,4,7,3,0,0,0,0,0,0,0,0,1,1,1,1,62,9,1477,1,2,VOLVO XC40,7,E01015387,0,-1
2023141384125,2023,141384125,1,9,0,18,19,7,3,0,0,0,0,0,1,10,4,1,5,6,2,83,11,1477,1,4,VOLVO XC40,5,E01007609,0,-1
2023991386711,2023,991386711,2,9,0,18,19,5,1,0,0,0,0,0,0,0,3,1,2,2,2,59,9,1969,8,0,VOLVO XC40,6,-1,0,-1
2023440045852,2023,440045852,2,9,0,2,2,0,0,0,0,0,0,0,0,0,2,1,6,6,3,-1,-1,1969,8,2,VOLVO XC40,-1,-1,0,-1
2023010479289,2023,010479289,1,3,0,99,99,9,9,99,99,0,9,99,9,99,0,1,1,1,1,29,6,125,1,6,YAMAHA DELIGHT,6,E01002204,0,-1
2023010482857,2023,010482857,1,3,0,99,99,9,9,99,99,9,9,99,9,99,2,1,1,1,1,48,8,125,1,3,YAMAHA DELIGHT,4,E01003529,0,-1
2023010472594,2023,010472594,2,3,0,18,19,1,5,0,0,1,0,0,1,0,1,1,2,2,2,36,7,125,1,3,YAMAHA DELIGHT,2,E01000998,0,-1
2023010448653,2023,010448653,1,3,0,7,7,3,5,0,0,3,0,0,0,0,4,1,6,6,1,26,6,125,1,5,YAMAHA DELIGHT,2,E01015929,0,-1
2023421384483,2023,421384483,2,2,0,18,19,1,5,0,0,0,5,0,0,0,0,1,6,6,1,47,8,125,1,2,-1,8,E01021717,0,-1
2023471389158,2023,471389158,2,3,0,18,19,7,3,0,0,8,1,0,0,0,1,1,5,6,1,34,6,125,1,2,YAMAHA DELIGHT,4,E01016857,0,-1
2023161352203,2023,161352203,1,3,0,12,12,3,7,0,0,0,0,0,0,0,3,1,6,6,1,39,7,125,1,2,YAMAHA DELIGHT,10,E01013091,0,-1
2023010426037,2023,010426037,1,3,0,99,99,9,9,99,99,9,9,99,9,99,1,1,2,2,2,22,5,125,1,3,YAMAHA DELIGHT,3,E01004030,0,-1
2023010419611,2023,010419611,1,3,0,99,99,9,9,99,99,9,9,99,9,99,1,1,6,6,2,33,6,125,1,2,YAMAHA DELIGHT,8,E01001585,0,-1
2023010424726,2023,010424726,2,3,0,4,4,1,5,0,0,0,5,0,0,0,2,1,1,1,1,49,8,125,1,3,YAMAHA DELIGHT,3,E01004425,0,-1
2023010479336,2023,010479336,1,3,9,99,99,9,9,99,99,9,9,99,9,99,9,1,1,1,1,30,6,125,1,3,YAMAHA DELIGHT,5,E01001644,0,-1
2023010447698,2023,010447698,1,3,0,99,99,9,9,99,99,9,9,99,9,99,1,1,2,2,1,41,7,125,1,5,YAMAHA DELIGHT,2,E01001977,0,-1
2023010486167,2023,010486167,1,3,0,99,99,9,9,99,99,9,9,99,9,99,9,1,1,1,3,23,5,125,1,3,YAMAHA DELIGHT,2,E01003432,0,-1
2023010451852,2023,010451852,2,3,0,18,19,1,5,6,6,1,0,0,0,0,1,1,1,1,1,23,5,125,1,2,YAMAHA DELIGHT,3,E01004406,0,-1
2023010469312,2023,010469312,2,2,0,18,19,6,2,0,0,1,0,0,0,0,4,1,6,6,1,33,6,125,1,3,-1,7,E01003800,0,-1
2023010473526,2023,010473526,1,3,0,99,99,9,9,99,99,9,9,99,9,99,2,1,2,2,2,27,6,125,1,3,YAMAHA DELIGHT,2,E01003970,0,-1
2023451350557,2023,451350557,1,3,0,17,19,1,1,0,0,8,0,0,0,0,4,1,1,1,1,23,5,125,1,3,YAMAHA DELIGHT,6,E01002614,0,-1
2023122300547,2023,122300547,1,3,0,18,19,1,5,0,0,1,0,0,0,0,4,1,2,2,2,54,8,125,1,2,YAMAHA DELIGHT,10,E01027901,0,-1
2023201362193,2023,201362193,1,3,0,11,11,2,6,0,0,0,0,0,0,0,3,1,1,1,1,29,6,125,1,2,YAMAHA DELIGHT,-1,-1,0,-1
2023401280050,2023,401280050,2,3,0,18,19,5,8,0,0,8,0,0,0,0,1,1,6,6,2,47,8,125,1,3,YAMAHA DELIGHT,10,E01017402,0,-1
2023010427758,2023,010427758,1,3,0,14,14,7,3,0,0,1,1,0,0,0,0,1,2,2,1,27,6,125,1,2,YAMAHA DELIGHT,3,E01003164,0,-1
2023010471610,2023,010471610,2,3,0,18,19,7,3,0,0,8,0,0,0,0,1,1,6,6,1,29,6,125,1,3,YAMAHA DELIGHT,2,E01003066,0,-1
2023010433936,2023,010433936,1,3,0,99,99,9,9,99,99,9,9,99,9,99,1,1,2,2,2,29,6,125,1,3,YAMAHA DELIGHT,3,E01003141,0,-1
2023010434941,2023,010434941,1,3,0,13,13,5,1,0,0,1,0,0,0,0,1,1,1,1,1,21,5,125,1,2,YAMAHA DELIGHT,4,E01004538,0,-1
2023211339656,2023,211339656,2,3,4,14,14,2,6,0,0,0,0,0,0,0,1,1,6,6,1,35,6,125,1,2,YAMAHA DELIGHT,1,E01014286,0,-1
2023451264368,2023,451264368,1,3,0,18,19,1,5,0,0,1,1,0,0,0,3,1,1,1,2,35,6,125,1,2,YAMAHA DELIGHT,8,E01030954,0,-1
2023010422359,2023,010422359,2,3,0,18,19,1,5,0,0,1,1,0,0,0,1,1,6,6,1,27,6,125,1,3,YAMAHA DELIGHT,2,E01003920,0,-1
2023010467285,2023,010467285,2,3,0,13,13,5,1,0,0,0,5,0,0,0,3,1,1,1,1,22,5,125,1,2,YAMAHA DELIGHT,2,E01002049,0,-1
2023430096823,2023,430096823,2,3,0,13,13,3,7,0,0,0,0,0,0,0,1,1,1,1,2,40,7,125,1,1,YAMAHA DELIGHT,6,E01028558,0,-1
2023010452824,2023,010452824,1,3,0,18,19,1,5,0,0,1,0,0,0,0,3,1,6,6,1,18,4,125,1,4,YAMAHA DELIGHT,5,E01002950,0,-1
2023010447532,2023,010447532,1,3,0,99,99,9,9,99,99,9,9,99,9,99,1,1,6,6,1,23,5,125,1,1,YAMAHA DELIGHT,3,E01001446,0,-1
2023010433162,2023,010433162,1,3,0,99,99,9,9,99,99,9,9,99,9,99,0,1,6,6,3,42,7,125,1,3,YAMAHA DELIGHT,1,E01003087,0,-1
2023010447274,2023,010447274,1,3,0,99,99,9,9,99,99,9,9,99,9,99,1,1,6,6,1,41,7,125,1,5,YAMAHA DELIGHT,2,E01001977,0,-1
2023010479056,2023,010479056,2,3,0,18,19,5,1,0,0,1,1,0,0,0,4,1,1,1,1,48,8,125,1,5,YAMAHA DELIGHT,4,E01001247,0,-1
2023332300185,2023,332300185,2,4,0,18,19,5,1,0,0,8,0,0,0,0,1,1,2,2,2,47,8,125,1,3,-1,6,E01025767,0,-1
2023010453796,2023,010453796,2,3,0,18,19,7,3,0,0,8,0,0,0,0,3,1,1,1,1,27,6,125,1,3,YAMAHA DELIGHT,2,E01002608,0,-1
2023501296883,2023,501296883,1,3,0,18,19,4,7,0,0,0,2,0,0,0,1,1,2,2,1,28,6,125,1,3,YAMAHA DELIGHT,6,E01020172,0,-1
2023320553243,2023,320553243,1,3,0,3,3,2,6,0,0,1,5,0,0,0,2,1,6,6,1,70,10,125,1,4,YAMAHA DELIGHT,-1,-1,0,-1
2023501347340,2023,501347340,1,3,0,6,6,7,3,0,0,0,2,0,0,0,4,1,5,6,1,33,6,125,1,6,YAMAHA DELIGHT,4,E01015031,0,-1
2023010458328,2023,010458328,1,3,0,18,19,7,3,0,0,8,9,99,9,99,4,1,6,6,1,45,7,125,1,1,YAMAHA DELIGHT,3,E01003969,0,-1
2023440291832,2023,440291832,1,3,0,18,19,2,6,0,0,1,0,0,0,0,0,1,2,2,1,30,6,125,1,0,YAMAHA DELIGHT,7,E01022526,0,-1
2023451353137,2023,451353137,1,3,0,18,19,1,5,0,0,1,0,0,0,0,4,1,5,6,2,26,6,125,1,1,YAMAHA DELIGHT,10,E01030917,0,-1