collision_index,collision_year,collision_ref_no,vehicle_reference,vehicle_type,towing_and_articulation,vehicle_manoeuvre_historic,vehicle_manoeuvre,vehicle_direction_from,vehicle_direction_to,vehicle_location_restricted_lane_historic,vehicle_location_restricted_lane,junction_location,skidding_and_overturning,hit_object_in_carriageway,vehicle_leaving_carriageway,hit_object_off_carriageway,first_point_of_impact,vehicle_left_hand_drive,journey_purpose_of_driver_historic,journey_purpose_of_driver,sex_of_driver,age_of_driver,age_band_of_driver,engine_capacity_cc,propulsion_code,age_of_vehicle,generic_make_model,driver_imd_decile,lsoa_of_driver,escooter_flag,driver_distance_banding
2023010450649,2023,010450649,1,3,0,99,99,9,9,99,99,9,9,99,9,99,1,1,6,6,2,35,6,125,1,1,YAMAHA DELIGHT,4,E01023828,0,-1
2023010470766,2023,010470766,2,4,0,18,19,7,3,0,0,1,0,0,0,0,3,1,1,1,1,24,5,125,1,4,-1,3,E01001823,0,-1
2023201405833,2023,201405833,1,2,0,7,7,3,7,0,0,6,0,0,0,0,1,1,2,2,3,19,4,125,1,5,-1,3,E01009264,0,-1
2023451365509,2023,451365509,2,3,0,18,19,1,5,0,0,1,0,0,0,0,1,1,1,1,2,35,6,125,1,2,YAMAHA DELIGHT,8,E01030954,0,-1
2023010470989,2023,010470989,1,3,0,18,19,5,1,0,0,0,1,0,0,0,0,1,6,6,1,35,6,125,1,2,YAMAHA DELIGHT,-1,-1,0,-1
2023161340830,2023,161340830,2,3,0,18,19,8,4,0,0,0,0,0,0,0,1,1,6,6,1,24,5,124,1,20,-1,5,E01013313,0,-1
2023052300065,2023,052300065,1,3,0,16,19,5,8,0,0,8,1,0,0,0,3,1,6,6,1,39,7,124,1,16,-1,1,E01006847,0,-1
2023201282101,2023,201282101,1,3,0,18,19,6,2,0,0,1,0,0,0,0,1,1,2,2,1,28,6,124,1,18,-1,1,E01010456,0,-1
2023101360637,2023,101360637,2,3,0,18,19,5,1,0,0,0,1,0,0,0,2,1,5,6,1,44,7,124,1,18,-1,1,E01027527,0,-1
2023361355836,2023,361355836,1,2,0,18,19,7,3,0,0,0,0,0,1,0,3,1,5,6,1,16,4,49,1,17,-1,5,E01026442,0,-1
2023440253431,2023,440253431,2,3,0,18,19,5,1,0,0,1,0,0,0,0,1,1,6,6,1,60,9,123,1,41,-1,7,E01022962,0,-1
2023101378768,2023,101378768,1,3,0,18,19,2,6,9,9,1,0,11,0,0,1,1,6,6,1,28,6,124,1,21,-1,3,E01008217,0,-1
2023010448523,2023,010448523,1,3,0,18,19,3,7,0,0,0,0,0,0,0,1,1,6,6,1,40,7,124,1,21,-1,8,E01000270,0,-1
2023131376057,2023,131376057,2,3,0,18,19,7,3,0,0,0,5,0,0,0,1,1,6,6,1,17,4,124,1,20,-1,4,E01010798,0,-1
2023501309052,2023,501309052,2,9,0,18,19,2,6,0,0,1,0,0,0,0,1,1,5,6,1,69,10,2387,2,16,-1,7,E01018830,0,-1
2023010479704,2023,010479704,2,9,0,99,99,9,9,99,99,9,9,99,9,99,1,9,6,6,3,-1,-1,2198,1,16,-1,-1,-1,0,-1
2023122400061,2023,122400061,2,3,0,18,19,5,1,0,0,1,0,0,0,0,4,1,6,6,2,21,5,125,1,4,BENELLI BN,10,E01013357,0,-1
2023010461287,2023,010461287,1,3,0,4,4,1,5,0,0,8,0,0,0,0,3,1,6,6,1,37,7,125,1,1,BENELLI BN,3,E01004325,0,-1
2023131348575,2023,131348575,2,3,0,18,19,5,1,0,0,0,0,0,0,0,1,1,6,6,1,17,4,125,1,1,BENELLI BN,1,E01011730,0,-1
2023201403090,2023,201403090,1,2,0,18,19,2,6,0,0,0,0,0,0,0,2,1,6,6,1,-1,-1,125,1,1,-1,2,E01009746,0,-1
2023430420514,2023,430420514,1,2,0,18,19,7,3,0,0,4,0,0,0,0,1,1,6,6,1,17,4,125,1,0,-1,2,E01028514,0,-1
2023501274549,2023,501274549,1,3,0,13,13,7,3,0,0,1,5,0,0,0,1,1,6,6,1,18,4,125,1,1,BENELLI BN,9,E01020038,0,-1
2023052302736,2023,052302736,1,3,0,17,19,6,2,0,0,8,0,0,0,0,4,1,6,6,2,17,4,125,1,0,BENELLI BN,1,E01006830,0,-1
2023161338760,2023,161338760,1,3,0,6,6,1,5,0,0,3,5,0,0,0,4,1,6,6,1,17,4,125,1,0,BENELLI BN,1,E01012952,0,-1
2023401299326,2023,401299326,1,3,0,17,19,5,3,0,0,0,0,0,1,0,1,1,1,1,1,20,4,125,1,0,BENELLI BN,8,E01026977,0,-1
2023061345179,2023,061345179,1,3,0,16,19,7,3,0,0,5,1,10,8,11,3,1,5,6,1,32,6,125,1,0,BENELLI BN,-1,-1,0,-1
2023302300925,2023,302300925,1,4,0,18,19,2,6,0,0,1,0,0,0,0,3,1,6,6,1,19,4,125,1,0,-1,6,E01019465,0,-1
2023221332654,2023,221332654,1,3,0,4,4,7,2,0,0,0,1,0,0,0,4,1,5,6,2,25,5,125,1,4,BENELLI BN,6,E01009520,0,-1
2023061331845,2023,061331845,1,3,0,18,19,2,6,0,0,1,0,0,7,0,1,1,5,6,1,18,4,125,1,1,BENELLI BN,4,E01004961,0,-1
2023131348736,2023,131348736,1,3,0,18,19,4,8,9,9,0,0,0,0,0,1,1,5,6,1,19,4,125,1,4,BENELLI BN,1,E01010874,0,-1
2023421368439,2023,421368439,1,4,0,-1,-1,-1,-1,-1,-1,0,-1,-1,-1,0,-1,1,6,6,1,-1,-1,125,1,1,-1,5,E01021954,0,-1
2023440484225,2023,440484225,1,3,0,17,19,6,2,0,0,0,0,0,0,0,1,1,2,2,1,28,6,125,1,0,BENELLI BN,-1,-1,0,-1
2023302300239,2023,302300239,2,4,0,14,14,4,8,0,0,8,0,0,0,0,1,1,6,6,1,18,4,125,1,1,-1,4,E01027957,0,-1
2023311354981,2023,311354981,2,3,0,18,19,4,8,0,0,1,0,0,0,0,1,1,1,1,1,20,4,125,1,0,BENELLI BN,6,E01032551,0,-1
2023010458240,2023,010458240,2,3,0,18,19,3,7,0,0,0,0,0,0,0,1,1,1,1,1,21,5,125,1,2,BENELLI BN,3,E01001203,0,-1
202354D174723,2023,54D174723,1,3,0,18,19,5,1,0,0,0,1,0,1,9,4,1,6,6,1,19,4,125,1,1,BENELLI BN,4,E01031936,0,-1
2023522400859,2023,522400859,2,3,0,14,14,2,6,0,0,8,0,0,0,0,1,1,6,6,1,24,5,125,1,1,BENELLI BN,4,E01032673,0,-1
2023302300037,2023,302300037,1,3,0,16,19,1,5,0,0,0,1,0,0,0,1,1,6,6,1,36,7,125,1,1,BENELLI BN,5,E01019741,0,-1
2023461364480,2023,461364480,1,3,0,13,13,3,7,0,0,1,0,0,0,0,1,1,6,6,1,18,4,125,1,0,BENELLI BN,6,E01024363,0,-1
2023122301144,2023,122301144,1,3,0,7,7,6,7,0,0,3,0,0,0,0,3,1,6,6,2,18,4,125,1,2,BENELLI BN,-1,-1,0,-1
2023471327331,2023,471327331,2,3,0,17,19,6,3,0,0,0,0,0,0,0,1,1,6,6,1,18,4,125,1,3,BENELLI BN,10,E01031717,0,-1
2023302300615,2023,302300615,2,3,0,13,13,8,4,0,0,0,1,10,0,0,0,1,6,6,1,34,6,125,1,1,BENELLI BN,2,E01013571,0,-1
2023010434555,2023,010434555,2,4,0,13,13,3,7,0,0,1,1,0,0,0,4,1,6,6,1,59,9,125,1,1,-1,4,E01003410,0,-1
2023471390051,2023,471390051,1,3,0,18,19,4,8,0,0,8,2,0,1,0,1,1,2,2,1,18,4,125,1,0,BENELLI BN,7,E01021184,0,-1
2023401359828,2023,401359828,2,3,0,18,19,7,3,0,0,8,5,0,2,0,1,1,6,6,1,18,4,125,1,0,BENELLI BN,2,E01015807,0,-1
2023101339806,2023,101339806,1,3,0,18,19,5,1,0,0,1,1,0,0,0,4,1,5,6,1,25,5,125,1,0,BENELLI BN,-1,-1,0,-1
2023052300277,2023,052300277,1,3,0,9,9,1,6,0,0,8,0,0,1,10,3,1,6,6,2,41,7,125,1,1,BENELLI BN,3,E01025492,0,-1
2023101329563,2023,101329563,2,3,0,18,19,3,7,0,0,1,0,0,0,0,1,1,5,6,1,18,4,125,1,1,BENELLI BN,1,E01008391,0,-1
2023471344903,2023,471344903,1,3,0,18,19,3,8,0,0,1,0,0,0,0,1,1,2,2,1,17,4,125,1,3,BENELLI BN,6,E01031656,0,-1
2023421390805,2023,421390805,1,3,0,18,19,6,2,0,0,0,2,0,0,0,4,1,5,6,1,18,4,125,1,3,BENELLI BN,3,E01022055,0,-1
2023131301856,2023,131301856,1,3,0,16,19,5,1,0,0,0,1,0,1,11,1,1,5,6,1,25,5,125,1,1,BENELLI BN,1,E01010713,0,-1
2023010473951,2023,010473951,2,3,0,18,19,1,5,0,0,3,0,0,0,0,0,1,6,6,1,31,6,125,1,2,BENELLI BN,10,E01016591,0,-1
2023430462660,2023,430462660,1,3,0,16,19,1,4,0,0,0,0,0,0,0,3,1,6,6,1,26,6,125,1,1,BENELLI BN,8,E01017750,0,-1
2023010478167,2023,010478167,1,3,0,99,99,9,9,99,99,0,9,99,0,0,0,1,2,2,1,26,6,125,1,1,BENELLI BN,6,E01021743,0,-1
2023501348809,2023,501348809,1,3,0,18,19,4,8,0,0,0,0,0,0,0,1,1,6,6,1,20,4,125,1,1,BENELLI BN,4,E01018784,0,-1
2023061351824,2023,061351824,2,3,0,18,19,3,6,0,0,8,0,0,0,0,1,1,6,6,1,26,6,125,1,1,BENELLI BN,3,E01004854,0,-1
2023122300754,2023,122300754,1,3,0,17,19,7,3,0,0,0,1,0,0,0,3,1,6,6,2,41,7,125,1,2,BENELLI BN,4,E01005562,0,-1
2023991294591,2023,991294591,1,3,0,16,19,5,1,0,0,0,1,0,7,0,1,1,2,2,1,34,6,125,1,1,BENELLI BN,2,-1,0,-1
2023361384662,2023,361384662,2,3,0,18,19,7,3,0,0,1,5,0,0,0,1,1,6,6,1,19,4,125,1,1,BENELLI BN,7,E01026917,0,-1
2023101310974,2023,101310974,2,4,0,18,19,4,8,0,0,0,0,0,0,0,4,1,6,6,1,20,4,125,1,3,-1,4,E01008771,0,-1
2023041363885,2023,041363885,2,3,0,5,5,1,5,0,0,8,0,0,0,0,1,1,6,6,1,19,4,125,1,2,BENELLI BN,3,E01025289,0,-1
2023531369096,2023,531369096,1,3,0,7,7,5,1,0,0,8,2,0,0,0,3,1,6,6,1,20,4,125,1,3,BENELLI BN,3,E01022159,0,-1
2023340WN4042,2023,340WN4042,1,3,0,17,19,5,1,0,0,0,5,10,0,0,1,1,6,6,1,26,6,125,1,2,BENELLI BN,3,E01027154,0,-1
2023430383553,2023,430383553,1,3,0,18,19,5,1,0,0,1,1,0,0,0,4,1,6,6,1,24,5,125,1,1,BENELLI BN,7,E01017889,0,-1
2023041379928,2023,041379928,1,3,0,18,19,5,1,0,0,1,0,0,0,0,1,1,6,6,1,36,7,125,1,0,BENELLI BN,3,E01025069,0,-1
2023052301632,2023,052301632,2,4,0,18,19,5,1,0,0,1,0,0,0,0,3,1,2,2,1,22,5,125,1,2,-1,1,E01006756,0,-1
2023010421675,2023,010421675,1,3,0,18,19,5,1,0,0,1,0,0,0,0,1,1,6,6,1,27,6,125,1,2,BENELLI BN,4,E01001896,0,-1
2023071115102,2023,071115102,1,3,0,18,19,6,2,0,0,0,0,0,0,0,1,1,6,6,1,22,5,125,1,0,BENELLI BN,1,E01007293,0,-1
2023991273413,2023,991273413,1,3,0,18,19,1,6,0,0,0,1,10,0,0,0,1,2,2,1,22,5,125,1,2,BENELLI BN,-1,-1,0,-1
2023010448600,2023,010448600,2,3,0,18,19,3,7,0,0,8,0,0,0,0,0,1,1,1,1,27,6,125,1,2,BENELLI BN,4,E01001896,0,-1
2023101374763,2023,101374763,1,3,0,18,19,5,1,0,0,8,0,0,0,0,1,1,6,6,1,17,4,125,1,2,BENELLI BN,1,E01008201,0,-1
2023421352631,2023,421352631,2,3,0,18,19,7,3,0,0,0,0,0,0,0,1,1,5,6,2,29,6,125,1,0,BENELLI BN,2,E01015879,0,-1
2023430487327,2023,430487327,1,3,0,18,19,7,3,0,0,8,1,0,0,0,4,1,6,6,2,17,4,125,1,3,BENELLI BN,6,E01016588,0,-1
2023201289389,2023,201289389,2,3,0,13,13,4,8,0,0,8,0,0,0,0,1,1,2,2,1,33,6,125,1,1,BENELLI BN,1,E01033616,0,-1
2023161351745,2023,161351745,1,3,0,18,19,5,7,0,0,1,0,0,0,0,1,1,6,6,1,30,6,125,1,1,BENELLI BN,5,E01012796,0,-1
2023141328968,2023,141328968,2,4,0,13,13,8,4,0,0,1,2,0,0,0,1,1,6,6,1,-1,-1,125,1,1,-1,-1,-1,0,-1
2023991295480,2023,991295480,1,3,0,18,19,1,5,0,0,0,0,0,0,0,1,1,2,2,1,26,6,125,1,0,BENELLI BN,10,-1,0,-1
2023421347539,2023,421347539,1,3,0,18,19,6,8,0,0,0,2,0,1,0,1,1,1,1,2,25,5,125,1,1,BENELLI BN,6,E01022010,0,-1
2023471347771,2023,471347771,2,4,0,5,5,5,1,0,0,0,0,0,0,0,1,1,6,6,1,18,4,125,1,2,-1,9,E01031772,0,-1
2023070514020,2023,070514020,2,3,0,18,19,3,7,0,0,4,0,0,0,0,1,1,6,6,1,37,7,125,1,1,BENELLI BN,-1,-1,0,-1
2023461274219,2023,461274219,1,3,0,11,11,1,5,0,0,0,0,0,0,0,1,1,6,6,1,26,6,125,1,2,BENELLI BN,7,E01024067,0,-1
2023170H10363,2023,170H10363,2,3,0,18,19,5,1,0,0,1,0,0,0,0,1,1,6,6,1,21,5,125,1,1,BENELLI BN,1,E01011952,0,-1
2023070429211,2023,070429211,3,3,0,3,3,1,5,0,0,2,0,0,0,0,4,1,6,6,2,23,5,125,1,3,BENELLI BN,1,E01006700,0,-1
2023010420094,2023,010420094,1,3,0,18,19,5,1,0,0,0,0,12,0,0,1,1,6,6,1,36,7,125,1,1,BENELLI BN,1,E01002041,0,-1
2023161298700,2023,161298700,1,3,0,18,19,7,3,0,0,1,1,0,0,0,3,1,5,6,1,20,4,125,1,2,BENELLI BN,1,E01012790,0,-1
2023461367422,2023,461367422,1,3,0,18,19,3,7,0,0,0,0,0,0,0,4,1,6,6,1,23,5,125,1,0,BENELLI BN,2,E01024616,0,-1
2023544073523,2023,544073523,2,4,0,18,19,2,6,0,0,1,1,0,0,0,1,1,6,6,1,20,4,125,1,0,-1,1,E01015507,0,-1
202360A060376,2023,60A060376,2,3,0,4,4,4,8,0,0,0,0,0,0,0,2,1,2,2,1,19,4,125,1,2,BENELLI BN,-1,-1,0,-1
2023501261646,2023,501261646,1,3,0,16,19,1,3,0,0,8,2,0,0,0,0,1,5,6,1,22,5,125,1,2,BENELLI BN,4,E01020135,0,-1
2023622300495,2023,622300495,1,4,0,18,19,2,6,0,0,1,0,0,0,0,1,1,6,6,1,63,9,350,1,1,-1,7,W01001893,0,-1
2023471274352,2023,471274352,2,4,0,18,19,6,2,0,0,1,0,0,0,0,1,1,6,6,1,22,5,350,1,1,-1,9,E01031730,0,-1
2023010465023,2023,010465023,2,4,0,18,19,1,5,0,0,2,0,0,0,0,1,1,6,6,1,35,6,350,1,3,-1,2,E01003995,0,-1
2023461382388,2023,461382388,2,4,0,14,14,1,5,0,0,0,0,0,0,0,4,1,6,6,1,43,7,350,1,1,-1,-1,-1,0,-1
2023991322134,2023,991322134,1,5,0,16,19,3,7,0,0,0,2,0,0,0,3,1,2,2,1,60,9,1171,1,18,BMW K SERIES,9,-1,0,-1
2023052301586,2023,052301586,2,5,0,18,19,1,5,0,0,1,0,0,0,0,1,1,6,6,1,42,7,1293,1,13,BMW K SERIES,2,E01012482,0,-1
2023041330754,2023,041330754,2,5,0,18,19,5,1,0,0,0,0,0,5,0,4,1,5,6,1,52,8,1157,1,17,BMW K SERIES,8,E01025547,0,-1
2023991358112,2023,991358112,1,4,0,17,19,6,2,0,0,0,0,0,1,9,1,1,5,6,1,68,10,1649,1,4,-1,7,E01029660,0,-1
2023061372967,2023,061372967,2,5,0,18,19,4,8,0,0,1,0,0,0,0,1,1,2,2,1,43,7,1171,1,14,BMW K SERIES,4,E01018637,0,-1
2023231367595,2023,231367595,1,5,0,13,13,8,6,0,0,1,0,0,7,0,1,1,5,6,1,65,9,1649,1,4,BMW K SERIES,3,E01032527,0,-1
2023471393346,2023,471393346,1,5,0,13,13,8,4,0,0,1,0,0,0,0,4,1,5,6,1,61,9,1649,1,0,BMW K SERIES,10,E01031702,0,-1
2023122300707,2023,122300707,2,5,0,13,13,1,5,0,0,0,0,0,0,0,4,1,6,6,1,62,9,1649,1,1,BMW K SERIES,-1,-1,0,-1
2023440204686,2023,440204686,1,5,0,17,19,4,1,0,0,0,0,0,0,0,1,1,2,2,1,49,8,1649,1,12,BMW K SERIES,7,E01023177,0,-1
2023471322323,2023,471322323,2,5,0,9,9,2,4,0,0,6,0,0,0,0,4,1,6,6,1,53,8,1171,1,20,BMW K SERIES,3,E01016861,0,-1
2023471298641,2023,471298641,2,5,0,5,5,3,7,0,0,8,1,0,0,0,1,1,5,6,1,65,9,1649,1,3,BMW K SERIES,4,E01031628,0,-1
2023610022623,2023,610022623,2,5,0,18,19,5,1,0,0,1,0,0,0,0,1,1,6,6,1,48,8,1171,1,26,BMW K SERIES,5,W01001291,0,-1
2023411273177,2023,411273177,1,5,0,18,19,5,1,0,0,8,0,0,0,0,1,1,6,6,1,76,11,1293,1,11,BMW K SERIES,4,E01023447,0,-1
2023231311362,2023,231311362,2,5,0,18,19,6,2,0,0,0,1,0,0,0,1,1,5,6,1,54,8,1293,1,13,BMW K SERIES,8,E01032329,0,-1
2023531305243,2023,531305243,2,5,0,18,19,4,8,0,0,8,0,0,0,0,2,1,5,6,1,66,10,740,1,30,BMW K SERIES,5,E01028811,0,-1
2023131304849,2023,131304849,2,4,0,18,19,5,1,0,0,1,0,0,0,0,1,1,5,6,1,74,10,1290,1,14,-1,8,E01025868,0,-1
2023311328349,2023,311328349,2,5,0,5,5,1,5,0,0,8,0,0,0,0,3,1,6,6,1,42,7,1649,1,10,BMW K SERIES,2,E01013852,0,-1
2023461352094,2023,461352094,1,5,0,18,19,1,5,0,0,0,2,0,0,0,1,1,6,6,1,59,9,1171,1,19,BMW K SERIES,4,E01024587,0,-1
2023302301695,2023,302301695,1,5,0,18,19,6,2,0,0,0,1,0,0,0,1,1,6,6,1,41,7,1293,1,12,BMW K SERIES,3,E01019687,0,-1
2023231311303,2023,231311303,2,5,0,18,19,8,4,0,0,8,0,0,0,0,1,1,6,6,1,62,9,1649,1,12,BMW K SERIES,7,E01031194,0,-1
2023361355876,2023,361355876,2,5,0,5,5,2,4,0,0,4,0,0,1,0,1,1,6,6,1,50,8,1171,1,20,BMW K SERIES,1,E01026662,0,-1
2023461276107,2023,461276107,1,5,0,17,19,6,2,0,0,2,2,0,0,0,0,1,1,1,1,60,9,1157,1,17,BMW K SERIES,7,E01021146,0,-1
2023211345913,2023,211345913,1,5,0,4,4,6,1,0,0,0,0,0,0,0,1,1,5,6,1,48,8,1649,1,5,BMW K SERIES,8,-1,0,-1
2023471383094,2023,471383094,2,5,0,18,19,4,8,0,0,1,0,0,0,0,4,1,2,2,1,48,8,1157,1,16,BMW K SERIES,2,E01020923,0,-1
2023010430760,2023,010430760,1,5,0,14,14,3,7,0,0,0,5,0,0,0,1,1,2,2,1,35,6,1293,1,13,BMW K SERIES,-1,-1,0,-1
2023501341995,2023,501341995,1,5,0,9,9,4,2,6,6,0,2,0,7,0,0,1,5,6,1,63,9,1649,1,8,BMW K SERIES,7,E01029275,0,-1
2023430252928,2023,430252928,2,5,0,14,14,4,8,0,0,8,0,0,0,0,1,1,6,6,1,64,9,937,1,0,-1,10,E01022891,0,-1
2023231305239,2023,231305239,1,5,0,13,13,4,8,0,0,0,0,0,4,6,1,1,6,6,1,51,8,937,1,1,-1,7,E01003839,0,-1
2023461347067,2023,461347067,1,3,0,18,19,6,1,0,0,0,0,0,0,0,1,1,6,6,1,21,5,125,1,1,-1,8,E01024762,0,-1
2023010437546,2023,010437546,2,9,0,5,5,7,3,0,0,1,0,0,0,0,1,1,6,6,1,33,6,3902,1,6,-1,6,E01002818,0,-1
2023061285225,2023,061285225,1,9,0,18,19,-1,-1,0,0,0,0,0,0,0,1,1,6,6,3,30,6,3902,1,4,-1,-1,-1,0,-1
2023461321819,2023,461321819,1,9,0,17,19,7,3,0,0,4,0,0,0,0,3,1,6,6,1,53,8,3902,1,4,-1,8,E01016126,0,-1
2023131367709,2023,131367709,2,9,0,7,7,3,7,0,0,1,0,0,0,0,0,1,1,1,1,30,6,1242,1,12,FIAT 500,1,E01011130,0,-1
202363A024123,2023,63A024123,1,9,0,7,7,4,6,0,0,8,0,0,0,0,4,1,6,6,2,18,4,1242,1,9,FIAT 500,1,W01000734,0,-1
2023411356820,2023,411356820,1,9,0,9,9,4,8,0,0,3,1,0,1,1,1,1,2,2,2,19,4,1242,1,11,FIAT 500,6,E01023359,0,-1
2023522300388,2023,522300388,1,9,0,5,5,1,7,0,0,8,0,0,0,0,1,1,6,6,2,30,6,1242,1,9,FIAT 500,6,E01014882,0,-1
2023122301238,2023,122301238,1,9,0,2,2,0,0,0,0,2,0,0,0,0,2,1,6,6,2,46,8,1242,1,8,FIAT 500,-1,-1,0,-1
2023161383174,2023,161383174,1,9,0,18,19,5,1,0,0,0,2,0,7,8,1,1,6,6,1,48,8,1242,1,5,FIAT 500,6,E01026387,0,-1
2023522301401,2023,522301401,1,9,0,18,19,1,5,0,0,0,0,0,0,0,1,1,6,6,2,31,6,1242,1,14,FIAT 500,8,E01014921,0,-1
2023991275781,2023,991275781,1,9,0,16,19,4,8,0,0,0,1,0,7,11,2,1,2,2,2,17,4,1242,1,11,FIAT 500,7,-1,0,-1
2023201391452,2023,201391452,4,9,0,18,19,4,8,0,0,0,0,0,0,0,2,1,5,6,2,28,6,1242,1,9,FIAT 500,7,E01029613,0,-1
2023421350092,2023,421350092,1,9,0,17,19,5,1,0,0,0,2,0,1,0,1,1,5,6,2,18,4,1242,1,11,FIAT 500,4,E01021392,0,-1
2023010442350,2023,010442350,1,9,0,99,99,9,9,99,99,9,9,99,9,99,4,9,6,6,3,35,6,1368,1,8,FIAT 500,3,E01003015,0,-1
2023610018723,2023,610018723,1,9,0,4,4,8,4,0,0,0,0,0,0,0,2,1,6,6,2,21,5,1242,1,14,FIAT 500,4,W01001424,0,-1
2023131359412,2023,131359412,1,9,0,5,5,2,6,0,0,0,0,0,0,0,1,1,6,6,3,-1,-1,1598,1,7,FIAT 500,-1,-1,0,-1
2023010444794,2023,010444794,1,9,0,4,4,1,5,0,0,4,0,0,0,0,2,1,6,6,2,51,8,1242,1,5,FIAT 500,4,E01002326,0,-1
2023061360761,2023,061360761,2,9,0,18,19,2,6,0,0,0,1,7,0,0,1,1,5,6,2,24,5,1242,1,9,FIAT 500,2,E01011251,0,-1
2023371293428,2023,371293428,2,9,0,3,3,-1,-1,0,0,0,0,0,0,0,2,1,6,6,2,21,5,1242,1,10,FIAT 500,6,E01030120,0,-1
2023010430297,2023,010430297,1,9,0,7,7,2,4,0,0,1,0,0,0,0,2,1,2,2,1,55,8,1242,1,10,FIAT 500,5,E01000824,0,-1
2023111308361,2023,111308361,1,9,0,17,19,6,1,0,0,0,0,0,0,0,1,1,5,6,2,21,5,1242,1,4,FIAT 500,5,E01008587,0,-1
2023010461280,2023,010461280,1,9,0,18,19,3,7,0,0,1,0,7,0,0,1,1,6,6,2,54,8,999,1,3,FIAT 500,3,E01004666,0,-1
2023161295568,2023,161295568,1,9,0,5,5,1,2,0,0,5,0,0,3,0,1,1,5,6,2,17,4,1242,1,9,FIAT 500,3,E01013319,0,-1
2023070915742,2023,070915742,2,9,0,4,4,5,1,0,0,8,0,2,0,0,2,1,2,2,2,-1,-1,1242,1,6,FIAT 500,10,E01018346,0,-1
2023340WN4752,2023,340WN4752,2,9,0,18,19,2,6,0,0,4,0,0,0,0,2,1,6,6,2,20,4,875,1,10,FIAT 500,2,E01027161,0,-1
2023010442161,2023,010442161,2,9,0,99,99,9,9,99,99,9,9,99,9,99,1,9,6,6,3,-1,-1,1956,2,7,FIAT 500,-1,-1,0,-1
2023332300150,2023,332300150,1,9,0,6,6,2,2,0,0,0,0,0,0,0,1,1,6,6,2,62,9,1242,1,9,FIAT 500,8,E01025948,0,-1
2023010481188,2023,010481188,2,9,0,99,99,9,9,99,99,9,9,99,9,99,9,9,6,6,3,69,10,1242,1,13,FIAT 500,5,E01000140,0,-1
2023010429829,2023,010429829,2,9,0,99,99,9,9,99,99,9,9,99,9,99,9,9,6,6,3,-1,-1,1242,1,9,FIAT 500,3,E01002070,0,-1
2023440391683,2023,440391683,2,9,0,18,19,6,2,0,0,0,0,0,0,0,1,1,6,6,2,20,4,1242,1,9,FIAT 500,-1,-1,0,-1
2023361304754,2023,361304754,1,9,0,7,7,4,7,0,0,0,1,0,2,0,1,1,5,6,2,17,4,1248,2,15,FIAT 500,7,E01026723,0,-1
2023411298768,2023,411298768,1,9,0,5,5,5,3,0,0,8,0,0,0,0,4,1,6,6,2,22,5,1242,1,7,FIAT 500,10,E01023563,0,-1
2023101333388,2023,101333388,2,9,0,3,3,3,7,0,0,0,0,0,0,0,2,1,2,2,2,39,7,1242,1,8,FIAT 500,-1,-1,0,-1
2023221340171,2023,221340171,1,9,0,4,4,7,3,0,0,0,0,10,1,0,1,1,5,6,1,90,11,999,1,1,FIAT 500,7,E01014028,0,-1
2023522301712,2023,522301712,1,9,0,9,9,3,1,0,0,5,0,0,0,0,1,1,6,6,1,79,11,1242,1,8,FIAT 500,8,E01014938,0,-1
2023622300079,2023,622300079,1,9,0,18,19,4,8,0,0,0,1,0,1,11,1,1,6,6,2,73,10,1242,1,9,FIAT 500,5,W01001346,0,-1
2023991272565,2023,991272565,1,9,0,17,19,7,3,0,0,0,1,0,0,0,1,1,6,6,1,19,4,999,1,1,FIAT 500,-1,-1,0,-1
2023411293992,2023,411293992,2,9,0,9,9,7,5,0,0,1,0,0,0,0,1,1,6,6,2,32,6,1242,1,6,FIAT 500,10,E01023379,0,-1
2023421311864,2023,421311864,2,9,0,18,19,4,4,0,0,0,0,0,0,0,4,2,1,1,2,19,4,1242,1,11,FIAT 500,5,E01021426,0,-1
2023311342882,2023,311342882,2,9,0,10,10,4,2,0,0,1,0,0,0,0,2,1,1,1,2,64,9,875,1,8,FIAT 500,8,E01019659,0,-1
2023440051089,2023,440051089,1,9,0,18,19,6,2,0,0,0,0,0,0,0,1,1,6,6,2,45,7,1242,1,7,FIAT 500,-1,-1,0,-1
2023421384933,2023,421384933,1,9,0,18,19,7,3,0,0,1,0,4,0,0,1,1,5,6,2,25,5,1242,1,10,FIAT 500,7,E01021967,0,-1
2023231308681,2023,231308681,2,9,0,10,10,2,8,0,0,1,0,0,0,0,2,1,2,2,2,35,6,1242,1,13,FIAT 500,8,E01031294,0,-1
2023201377110,2023,201377110,2,9,0,2,2,0,0,0,0,0,0,0,0,0,2,1,1,1,2,25,5,1242,1,7,FIAT 500,3,E01009834,0,-1
2023461351187,2023,461351187,2,9,0,11,11,2,2,0,0,0,0,0,0,0,2,1,5,6,2,59,9,1242,1,5,FIAT 500,4,E01020936,0,-1