collision_index,collision_year,collision_ref_no,vehicle_reference,vehicle_type,towing_and_articulation,vehicle_manoeuvre_historic,vehicle_manoeuvre,vehicle_direction_from,vehicle_direction_to,vehicle_location_restricted_lane_historic,vehicle_location_restricted_lane,junction_location,skidding_and_overturning,hit_object_in_carriageway,vehicle_leaving_carriageway,hit_object_off_carriageway,first_point_of_impact,vehicle_left_hand_drive,journey_purpose_of_driver_historic,journey_purpose_of_driver,sex_of_driver,age_of_driver,age_band_of_driver,engine_capacity_cc,propulsion_code,age_of_vehicle,generic_make_model,driver_imd_decile,lsoa_of_driver,escooter_flag,driver_distance_banding
2023070046451,2023,070046451,2,9,0,10,10,3,7,0,0,1,0,0,0,0,4,1,6,6,2,71,10,1242,1,8,FIAT 500,10,E01018419,0,-1
2023221387187,2023,221387187,1,9,0,18,19,7,2,0,0,8,0,0,0,0,3,1,6,6,2,17,4,1242,1,6,FIAT 500,5,E01014065,0,-1
2023201422212,2023,201422212,2,9,0,18,19,1,5,0,0,3,0,0,0,0,1,1,6,6,2,22,5,1242,1,8,FIAT 500,1,E01009510,0,-1
2023010441871,2023,010441871,3,9,0,5,5,7,3,0,0,2,1,0,0,0,3,1,6,6,1,34,6,1242,1,14,FIAT 500,3,E01001243,0,-1
2023071212441,2023,071212441,1,9,0,18,19,5,1,0,0,0,0,0,0,0,1,1,6,6,2,-1,-1,1242,1,10,FIAT 500,-1,-1,0,-1
2023320030303,2023,320030303,1,9,0,18,19,5,1,0,0,0,1,0,1,9,4,1,2,2,2,23,5,1242,1,9,FIAT 500,1,E01026083,0,-1
2023010458185,2023,010458185,1,9,0,5,5,2,6,0,0,0,0,4,0,0,1,1,6,6,2,88,11,875,1,7,FIAT 500,2,E01002729,0,-1
2023010457310,2023,010457310,1,9,0,99,99,9,9,99,99,9,9,99,9,99,2,9,2,2,1,41,7,1242,1,10,FIAT 500,10,E01003747,0,-1
2023371353649,2023,371353649,1,9,0,18,19,4,8,0,0,0,0,0,0,0,1,1,1,1,2,38,7,1242,1,12,FIAT 500,8,E01030237,0,-1
2023010445193,2023,010445193,1,9,0,9,9,8,7,0,0,8,0,0,3,0,1,1,1,1,2,39,7,1242,1,12,FIAT 500,1,E01002852,0,-1
2023440457941,2023,440457941,1,9,0,5,5,0,7,0,0,0,0,0,0,0,3,1,3,7,2,54,8,999,1,0,FIAT 500,2,E01017265,0,-1
2023552300710,2023,552300710,1,9,0,9,9,4,1,0,0,6,0,0,0,0,3,1,6,6,2,24,5,1242,1,14,FIAT 500,6,E01015369,0,-1
2023041306816,2023,041306816,2,9,0,18,19,7,3,0,0,1,0,0,0,0,1,1,2,2,2,23,5,1242,1,6,FIAT 500,4,E01025474,0,-1
2023010448038,2023,010448038,1,9,0,18,19,5,1,0,0,6,1,7,0,0,1,1,6,6,2,22,5,1242,1,15,FIAT 500,3,E01002251,0,-1
2023221326471,2023,221326471,2,9,0,9,9,6,4,0,0,5,0,0,0,0,1,1,5,6,2,61,9,1242,1,15,FIAT 500,7,E01014070,0,-1
2023161318824,2023,161318824,1,9,0,13,13,2,6,0,0,8,0,0,0,0,1,1,5,6,1,67,10,999,1,1,FIAT 500,6,E01007640,0,-1
2023501376330,2023,501376330,1,9,0,18,19,1,3,0,0,0,0,0,0,0,4,1,5,6,2,77,11,875,1,12,FIAT 500,3,E01020228,0,-1
202360A071192,2023,60A071192,3,9,0,4,4,1,5,0,0,1,0,0,0,0,0,1,6,6,1,-1,-1,1248,2,7,FIAT 500,-1,-1,0,-1
202354C193723,2023,54C193723,1,9,0,18,19,6,2,0,0,1,0,0,0,0,1,1,6,6,2,71,10,1242,1,7,FIAT 500,3,E01015527,0,-1
2023401377093,2023,401377093,2,9,0,10,10,6,2,0,0,1,0,0,0,0,2,1,2,2,2,41,7,1242,1,7,FIAT 500,7,E01017577,0,-1
2023471333301,2023,471333301,2,9,0,18,19,4,8,0,0,1,1,7,4,6,4,1,6,6,1,60,9,1242,1,9,FIAT 500,6,E01021054,0,-1
2023101294155,2023,101294155,1,9,0,18,19,7,3,0,0,0,0,0,0,0,1,1,5,6,1,51,8,1242,1,9,FIAT 500,2,E01027551,0,-1
2023010480639,2023,010480639,1,8,0,10,10,3,2,0,0,6,0,0,0,0,1,1,1,1,1,44,7,1242,1,4,-1,2,E01001491,0,-1
2023221306224,2023,221306224,2,9,0,17,19,8,5,0,0,0,0,0,0,0,3,1,6,6,2,18,4,1242,1,12,FIAT 500,8,E01022452,0,-1
2023361367106,2023,361367106,1,9,0,5,5,1,5,0,0,4,0,0,0,0,0,1,5,6,2,63,9,999,1,2,FIAT 500,2,E01026711,0,-1
2023340WN5662,2023,340WN5662,1,9,0,18,19,6,2,0,0,8,5,0,0,0,4,1,6,6,2,21,5,1242,1,15,FIAT 500,1,E01027244,0,-1
2023041291115,2023,041291115,2,9,0,18,19,7,3,0,0,0,0,0,0,0,1,1,1,1,2,74,10,1242,1,9,FIAT 500,4,E01025119,0,-1
2023421356119,2023,421356119,1,9,0,9,9,7,5,0,0,8,0,0,1,4,1,1,6,6,2,60,9,1242,1,7,FIAT 500,-1,-1,0,-1
2023440235295,2023,440235295,2,9,0,18,19,3,7,0,0,1,0,0,1,4,1,1,6,6,2,18,4,1242,1,10,FIAT 500,-1,-1,0,-1
2023211316086,2023,211316086,1,9,0,18,19,4,8,0,0,0,0,0,0,0,4,1,6,6,2,17,4,1242,1,14,FIAT 500,5,E01029638,0,-1
2023351287419,2023,351287419,4,9,0,2,2,0,0,0,0,1,0,4,0,0,1,1,6,6,3,-1,-1,1242,1,5,FIAT 500,-1,-1,0,-1
2023461356378,2023,461356378,1,9,0,5,5,7,3,0,0,8,0,0,0,0,1,1,6,6,2,22,5,1242,1,8,FIAT 500,4,E01024560,0,-1
2023461270495,2023,461270495,1,9,0,18,19,7,3,0,0,0,0,0,0,0,1,1,6,6,2,30,6,-1,3,1,FIAT 500,7,E01024576,0,-1
2023440315127,2023,440315127,1,9,0,18,19,8,4,0,0,0,0,0,0,0,1,1,6,6,2,23,5,1242,1,10,FIAT 500,2,E01033347,0,-1
2023371283334,2023,371283334,2,9,0,18,19,3,7,0,0,8,0,0,0,0,1,1,5,6,2,33,6,1368,1,7,FIAT 500,4,E01033123,0,-1
2023010476827,2023,010476827,2,9,0,18,19,3,7,0,0,0,0,0,0,0,1,1,1,1,1,31,6,1242,1,7,FIAT 500,10,E01003425,0,-1
2023461333011,2023,461333011,1,9,0,4,4,5,8,0,0,0,0,0,0,0,1,1,6,6,1,80,11,-1,3,0,FIAT 500,8,E01016131,0,-1
2023461341137,2023,461341137,1,9,0,7,7,1,5,0,0,0,0,0,0,0,3,1,6,6,2,17,4,1242,1,9,FIAT 500,10,E01024463,0,-1
2023461380289,2023,461380289,1,9,0,17,19,4,8,0,0,0,1,0,0,0,1,1,2,2,2,18,4,875,1,12,FIAT 500,10,E01024781,0,-1
2023052302086,2023,052302086,2,9,0,18,19,1,5,0,0,0,0,0,0,0,4,1,6,6,2,18,4,1242,1,14,FIAT 500,9,E01006828,0,-1
2023141316582,2023,141316582,1,9,0,18,19,5,1,6,6,0,0,0,0,0,1,1,5,6,2,59,9,1956,2,7,FIAT 500,5,E01007438,0,-1
2023221349541,2023,221349541,2,9,0,17,19,5,2,0,0,0,0,0,0,0,4,1,5,6,2,20,4,1242,1,7,FIAT 500,2,E01007218,0,-1
2023311377958,2023,311377958,2,9,-1,-1,-1,3,7,0,0,0,0,0,0,0,2,1,1,1,2,65,9,875,1,7,FIAT 500,5,E01028036,0,-1
2023070663460,2023,070663460,1,9,0,16,19,7,3,0,0,0,1,4,7,10,1,1,6,6,2,18,4,1242,1,12,FIAT 500,10,E01033375,0,-1
2023131264000,2023,131264000,1,9,0,-1,-1,-1,-1,-1,-1,-1,-1,-1,-1,-1,-1,1,6,6,3,-1,-1,1242,1,7,FIAT 500,-1,-1,0,-1
2023320297644,2023,320297644,1,9,0,18,19,8,4,0,0,1,0,0,0,0,1,1,6,6,2,18,4,1242,1,12,FIAT 500,-1,-1,0,-1
2023501344858,2023,501344858,2,9,0,18,19,4,8,0,0,0,0,0,0,0,3,1,5,6,2,68,10,1242,1,3,FIAT 500,8,E01015165,0,-1
2023122301062,2023,122301062,1,9,0,9,9,2,6,0,0,8,0,0,0,0,4,1,6,6,2,18,4,1242,1,14,FIAT 500,8,E01012008,0,-1
2023122300950,2023,122300950,2,9,0,18,19,8,4,0,0,8,0,0,0,0,1,1,6,6,1,23,5,1242,1,9,FIAT 500,8,E01027621,0,-1
2023141270319,2023,141270319,2,9,0,9,9,3,1,0,0,8,0,0,0,0,2,2,5,6,2,27,6,1242,1,11,FIAT 500,2,E01007392,0,-1
2023141325442,2023,141325442,1,9,0,9,9,8,6,0,0,0,0,0,0,0,1,1,6,6,2,30,6,1368,1,7,FIAT 500,1,E01008103,0,-1
2023471329412,2023,471329412,1,9,0,9,9,1,7,0,0,8,0,0,0,0,4,1,6,6,2,61,9,999,1,2,FIAT 500,9,E01031670,0,-1
2023421325609,2023,421325609,2,9,0,3,3,4,8,0,0,1,0,0,0,0,2,1,5,6,1,50,8,1242,1,13,FIAT 500,6,E01015881,0,-1
2023991353340,2023,991353340,2,9,0,18,19,5,8,0,0,0,0,0,0,0,2,1,5,6,2,20,4,1242,1,6,FIAT 500,3,-1,0,-1
2023451268307,2023,451268307,2,9,0,18,19,7,3,0,0,6,0,0,0,0,1,1,6,6,1,60,9,1368,1,15,FIAT 500,-1,-1,0,-1
2023101374962,2023,101374962,4,9,0,18,19,5,1,0,0,0,0,0,0,0,1,1,2,2,2,32,6,1242,1,6,FIAT 500,-1,-1,0,-1
2023471289507,2023,471289507,1,9,0,18,19,3,7,0,0,1,0,0,0,0,3,1,6,6,2,62,9,1242,1,9,FIAT 500,7,E01020986,0,-1
2023430274972,2023,430274972,1,9,0,18,19,6,2,0,0,0,0,0,0,0,1,1,6,6,1,56,9,1242,1,7,FIAT 500,-1,-1,0,-1
2023471283256,2023,471283256,1,9,0,9,9,4,8,0,0,8,0,0,1,0,1,1,5,6,2,80,11,1242,1,6,FIAT 500,10,E01031748,0,-1
2023010439594,2023,010439594,2,9,0,3,3,1,5,0,0,2,0,0,0,0,2,1,6,6,1,55,8,1242,1,4,FIAT 500,8,E01000690,0,-1
2023340WN5972,2023,340WN5972,2,9,0,18,19,7,3,0,0,8,0,0,0,1,3,1,6,6,2,62,9,1242,1,7,FIAT 500,4,E01027132,0,-1
2023131345262,2023,131345262,1,9,0,-1,-1,-1,-1,-1,-1,0,-1,-1,-1,-1,1,1,5,6,2,32,6,1242,1,11,FIAT 500,4,E01011727,0,-1
2023451261703,2023,451261703,1,9,0,9,9,2,7,0,0,0,1,0,1,2,1,1,5,6,2,70,10,-1,3,1,FIAT 500,9,E01030704,0,-1
2023201411117,2023,201411117,1,9,0,18,19,6,2,0,0,0,0,0,0,0,4,1,2,2,2,45,7,999,1,1,FIAT 500,10,E01009815,0,-1
2023552300715,2023,552300715,2,9,0,18,19,8,4,0,0,0,0,0,0,0,4,1,6,6,2,25,5,1242,1,15,FIAT 500,8,E01015350,0,-1
2023991369650,2023,991369650,1,9,0,18,19,8,4,0,0,0,0,0,0,0,1,1,5,6,1,21,5,999,1,0,FIAT 500,6,-1,0,-1
2023061363234,2023,061363234,1,9,0,9,9,7,5,0,0,1,0,0,0,0,1,1,5,6,2,22,5,1242,1,4,FIAT 500,7,E01005847,0,-1
2023544402423,2023,544402423,3,9,0,2,2,0,0,0,0,0,0,0,0,0,1,1,6,6,2,-1,-1,1242,1,13,FIAT 500,-1,-1,0,-1
2023440204798,2023,440204798,1,9,0,5,5,1,5,0,0,8,0,0,0,0,1,1,6,6,1,40,7,1242,1,9,FIAT 500,7,E01023196,0,-1
2023440255455,2023,440255455,2,9,0,3,3,6,2,0,0,1,0,0,0,0,2,1,6,6,2,26,6,999,1,2,FIAT 500,-1,-1,0,-1
2023010434588,2023,010434588,1,9,9,99,99,9,9,9,9,9,9,99,9,99,9,9,6,6,3,42,7,1598,1,8,FIAT 500,1,E01004449,0,-1
2023451352645,2023,451352645,2,9,0,2,2,0,0,0,0,1,0,0,0,0,1,1,6,6,3,-1,-1,1242,1,4,FIAT 500,-1,-1,0,-1
2023221369056,2023,221369056,1,9,0,18,19,4,8,0,0,8,0,0,0,0,1,1,5,6,2,31,6,1242,1,8,FIAT 500,7,E01014037,0,-1
2023010420406,2023,010420406,1,9,0,99,99,9,9,0,0,8,0,0,0,0,4,1,6,6,2,53,8,1242,1,15,FIAT 500,5,E01004127,0,-1
2023552301171,2023,552301171,1,9,0,5,5,2,6,0,0,0,0,0,0,0,1,1,1,1,2,24,5,1242,1,12,FIAT 500,5,E01015421,0,-1
2023411370151,2023,411370151,1,9,0,9,9,7,3,0,0,2,0,0,0,0,1,1,2,2,2,23,5,1242,1,13,FIAT 500,5,E01023327,0,-1
2023552301111,2023,552301111,2,9,0,3,3,6,2,0,0,0,0,0,0,0,2,1,2,2,1,24,5,1242,1,8,FIAT 500,10,E01015399,0,-1
2023461320168,2023,461320168,1,9,0,18,19,5,1,0,0,0,0,0,2,7,1,1,5,6,2,21,5,1242,1,10,FIAT 500,8,E01024015,0,-1
2023421334715,2023,421334715,2,9,0,18,19,8,4,0,0,0,1,0,1,0,1,1,5,6,1,57,9,1242,1,14,FIAT 500,5,E01021415,0,-1
2023991378465,2023,991378465,2,9,0,18,19,5,1,0,0,0,0,0,0,0,2,1,5,6,2,54,8,1242,1,3,FIAT 500,-1,-1,0,-1
2023471349949,2023,471349949,2,9,0,2,2,0,0,0,0,0,0,0,1,4,2,1,6,6,3,-1,-1,1242,1,8,FIAT 500,-1,-1,0,-1
2023302301895,2023,302301895,1,9,0,18,19,2,6,0,0,0,0,0,0,0,1,1,6,6,1,60,9,1242,1,11,FIAT 500,10,E01019830,0,-1
2023461295881,2023,461295881,1,9,0,18,19,7,3,0,0,8,0,0,0,0,3,1,6,6,2,18,4,1242,1,8,FIAT 500,8,E01016126,0,-1
2023131373815,2023,131373815,2,9,0,9,9,5,7,0,0,8,0,0,0,0,1,1,2,2,2,23,5,1242,1,12,FIAT 500,1,E01011101,0,-1
2023361337628,2023,361337628,1,9,0,18,19,1,5,0,0,4,0,0,0,0,-1,1,5,6,1,72,10,1242,1,9,FIAT 500,5,E01026605,0,-1
2023010423265,2023,010423265,2,9,0,99,99,9,9,99,99,9,9,99,9,99,1,9,6,6,3,46,8,1368,1,7,FIAT 500,4,E01003169,0,-1
2023461387239,2023,461387239,2,9,0,3,3,1,5,0,0,2,0,0,0,0,2,1,6,6,2,29,6,1242,1,13,FIAT 500,7,E01000462,0,-1
202363D011823,2023,63D011823,1,9,0,9,9,6,4,0,0,6,0,0,0,0,4,1,1,1,2,35,6,875,1,9,FIAT 500,9,E01028932,0,-1
2023061294263,2023,061294263,1,9,0,18,19,1,1,0,0,0,0,0,0,0,1,1,6,6,2,30,6,1242,1,13,FIAT 500,2,E01006323,0,-1
2023010463179,2023,010463179,1,9,0,18,19,3,7,99,99,0,9,0,0,0,2,9,6,6,2,19,4,1242,1,13,FIAT 500,4,E01001150,0,-1
2023010446790,2023,010446790,1,9,9,99,99,9,9,99,99,9,9,99,9,99,9,9,6,6,3,32,6,875,1,10,FIAT 500,8,E01000848,0,-1
2023010431182,2023,010431182,2,9,0,99,99,9,9,99,99,9,9,99,9,99,1,9,6,6,3,-1,-1,1242,1,7,FIAT 500,-1,-1,0,-1
2023231259625,2023,231259625,1,9,0,18,19,4,8,0,0,0,1,0,8,4,1,1,6,6,2,18,4,875,1,11,FIAT 500,6,E01032968,0,-1
2023161315738,2023,161315738,1,9,0,5,5,7,3,0,0,8,0,0,0,0,1,1,6,6,2,34,6,1242,1,11,FIAT 500,7,E01013153,0,-1
2023471366223,2023,471366223,2,9,0,18,19,7,4,0,0,8,0,0,0,0,4,1,5,6,2,18,4,1242,1,8,FIAT 500,8,E01021163,0,-1
2023622300194,2023,622300194,2,9,0,18,19,8,4,0,0,1,0,0,0,0,1,1,6,6,2,22,5,1242,1,9,FIAT 500,3,W01000999,0,-1
2023161360551,2023,161360551,4,9,0,2,2,0,0,0,0,1,0,0,0,0,2,2,6,6,3,-1,-1,1242,1,10,FIAT 500,-1,-1,0,-1
2023010425155,2023,010425155,2,9,0,99,99,9,9,99,99,9,9,99,9,99,9,9,6,6,3,37,7,-1,3,1,FIAT 500,9,E01001993,0,-1
2023440432479,2023,440432479,1,9,0,16,19,8,3,0,0,7,0,0,4,0,2,1,6,6,2,67,10,875,1,12,FIAT 500,10,E01030883,0,-1
2023340WN4892,2023,340WN4892,1,9,0,18,19,6,2,0,0,2,0,0,0,0,1,1,1,1,2,27,6,999,1,0,FIAT 500,10,E01032984,0,-1
2023010453528,2023,010453528,2,9,0,99,99,9,9,99,99,9,9,99,9,99,1,9,6,6,3,-1,-1,1242,1,9,FIAT 500,-1,-1,0,-1
2023401262542,2023,401262542,1,9,0,14,14,1,5,0,0,0,5,0,0,0,1,1,6,6,2,78,11,1242,1,8,FIAT 500,10,E01017606,0,-1
2023440392642,2023,440392642,1,9,0,18,19,5,1,0,0,0,0,0,0,0,1,1,6,6,2,18,4,-1,3,2,FIAT 500,6,E01017298,0,-1
2023010444060,2023,010444060,1,9,0,18,19,3,7,0,0,2,0,0,0,0,4,1,6,6,1,51,8,1242,1,12,FIAT 500,9,E01000344,0,-1
2023543544323,2023,543544323,2,9,0,8,8,7,1,0,0,5,0,0,1,0,1,1,6,6,2,53,8,1242,1,13,FIAT 500,6,E01020456,0,-1
2023451308959,2023,451308959,2,9,0,3,3,1,5,0,0,1,0,0,0,0,1,1,6,6,2,48,8,1242,1,13,FIAT 500,9,E01031497,0,-1
2023010485986,2023,010485986,1,9,0,18,19,1,5,0,0,3,1,0,0,0,1,1,6,6,2,40,7,1242,1,7,FIAT 500,8,E01003471,0,-1
2023111347527,2023,111347527,2,9,0,3,3,8,3,0,0,4,0,0,0,0,2,1,5,6,2,21,5,1242,1,11,FIAT 500,5,E01020803,0,-1
2023010470415,2023,010470415,2,9,0,99,99,9,9,99,99,9,9,99,9,99,9,9,6,6,3,-1,-1,875,1,10,FIAT 500,-1,-1,0,-1
2023552300672,2023,552300672,2,9,0,18,19,6,2,0,0,8,0,0,0,0,1,1,6,6,2,35,6,1242,1,11,FIAT 500,1,E01015279,0,-1
2023041323673,2023,041323673,1,9,0,18,19,1,5,0,0,0,0,0,0,0,1,1,6,6,2,20,4,1242,1,5,FIAT 500,9,E01012598,0,-1
2023061282668,2023,061282668,2,9,0,9,9,5,3,0,0,6,0,0,0,0,4,1,1,1,2,30,6,1242,1,10,FIAT 500,2,E01004817,0,-1
2023440091688,2023,440091688,2,9,0,18,19,8,3,0,0,1,0,0,0,0,1,1,6,6,2,23,5,1242,1,12,FIAT 500,6,E01023002,0,-1
2023401342341,2023,401342341,2,9,0,18,19,-1,-1,0,0,0,0,0,0,0,4,1,5,6,2,25,5,1242,1,5,FIAT 500,9,E01033193,0,-1
2023430531059,2023,430531059,1,9,0,3,3,6,2,0,0,1,0,0,0,0,2,1,6,6,2,39,7,1242,1,7,FIAT 500,5,E01016203,0,-1
2023461359390,2023,461359390,2,9,0,4,4,5,1,0,0,8,0,0,0,0,2,1,6,6,2,57,9,1242,1,5,FIAT 500,7,E01024173,0,-1
2023221339007,2023,221339007,1,9,0,16,19,2,5,0,0,8,0,0,0,0,4,1,5,6,2,21,5,1242,1,10,FIAT 500,2,E01032262,0,-1
2023061363632,2023,061363632,2,9,0,18,19,3,7,0,0,0,0,0,0,0,1,1,5,6,2,42,7,1242,1,10,FIAT 500,1,E01004793,0,-1
2023122400038,2023,122400038,1,9,0,18,19,5,1,0,0,1,0,0,0,0,1,1,6,6,2,50,8,1242,1,10,FIAT 500,6,E01027884,0,-1
2023991284665,2023,991284665,2,9,0,18,19,5,1,0,0,0,5,0,5,0,4,1,5,6,2,24,5,999,1,2,FIAT 500,9,-1,0,-1
2023451267607,2023,451267607,2,9,0,18,19,6,2,0,0,0,0,0,0,0,4,1,5,6,2,29,6,1242,1,6,FIAT 500,9,E01030731,0,-1
2023421316113,2023,421316113,2,9,0,17,19,4,8,0,0,0,0,0,0,0,1,1,5,6,2,58,9,1242,1,9,FIAT 500,7,E01021803,0,-1
2023351318979,2023,351318979,1,9,0,9,9,-1,-1,0,0,6,0,0,0,0,3,1,6,6,2,21,5,1242,1,12,FIAT 500,6,E01018169,0,-1
2023461387483,2023,461387483,2,9,0,18,19,7,3,0,0,2,0,0,0,0,1,1,2,2,1,49,8,1242,1,9,FIAT 500,-1,-1,0,-1
2023411346430,2023,411346430,1,9,0,18,19,1,5,0,0,4,0,0,0,0,1,1,6,6,1,44,7,1368,1,15,FIAT 500,3,E01023323,0,-1
2023010422017,2023,010422017,1,9,0,18,19,1,5,0,0,1,0,0,0,0,1,1,2,2,2,28,6,999,1,2,FIAT 500,3,E01000535,0,-1
2023070053474,2023,070053474,3,9,0,4,4,7,3,0,0,0,0,0,0,0,2,1,6,6,1,55,8,999,1,1,FIAT 500,3,E01005363,0,-1
2023010421645,2023,010421645,2,9,0,18,19,5,1,0,0,4,0,0,0,0,1,1,2,2,2,18,4,1242,1,12,FIAT 500,5,E01004099,0,-1
2023010486534,2023,010486534,2,9,0,18,19,1,5,0,0,8,0,0,0,0,2,1,6,6,2,22,5,1242,1,13,FIAT 500,7,E01023334,0,-1
2023421301356,2023,421301356,1,9,0,18,19,5,1,0,0,2,0,0,0,0,1,1,5,6,2,20,4,1242,1,12,FIAT 500,4,E01015936,0,-1
2023440446063,2023,440446063,2,9,0,2,2,0,0,0,0,2,0,0,0,0,2,1,6,6,2,28,6,1242,1,10,FIAT 500,-1,-1,0,-1
2023201344587,2023,201344587,2,9,0,4,4,6,2,0,0,0,0,0,0,0,2,1,6,6,2,35,6,1242,1,14,FIAT 500,2,E01009445,0,-1
2023010427256,2023,010427256,2,9,0,2,2,0,0,0,0,0,1,0,0,0,2,1,6,6,3,-1,-1,1242,1,9,FIAT 500,-1,-1,0,-1
2023070292624,2023,070292624,2,9,0,18,19,6,2,0,0,8,0,0,0,0,1,1,2,2,2,29,6,1242,1,10,FIAT 500,9,E01018321,0,-1
2023061323052,2023,061323052,1,9,0,5,5,1,5,0,0,0,0,0,0,0,1,1,6,6,2,20,4,999,1,3,FIAT 500,2,E01005140,0,-1
2023471280283,2023,471280283,2,9,0,3,3,5,2,0,0,1,1,0,1,0,2,1,6,6,2,54,8,1242,1,10,FIAT 500,10,E01021159,0,-1
2023221285191,2023,221285191,1,9,0,4,4,2,6,0,0,1,0,0,0,0,2,1,5,6,2,53,8,1242,1,14,FIAT 500,7,E01032255,0,-1
202354A075223,2023,54A075223,1,9,0,5,5,2,6,0,0,6,0,0,0,0,1,1,6,6,2,27,6,1242,1,13,FIAT 500,5,E01031898,0,-1
2023010441633,2023,010441633,1,9,0,18,19,7,3,0,0,1,0,0,0,0,1,1,6,6,2,28,6,1242,1,7,FIAT 500,-1,-1,0,-1
2023052300069,2023,052300069,1,9,0,18,19,5,1,0,0,1,0,0,1,0,1,1,2,2,2,23,5,1598,2,7,FIAT 500,1,E01006645,0,-1
2023461354204,2023,461354204,1,9,0,9,9,5,4,0,0,8,0,0,1,0,4,1,6,6,1,73,10,1242,1,14,FIAT 500,5,E01024643,0,-1
2023141303333,2023,141303333,1,9,0,2,2,2,4,0,0,0,0,0,0,0,1,1,6,6,2,33,6,1368,1,8,FIAT 500,8,E01007606,0,-1
2023052301016,2023,052301016,1,9,0,18,19,1,5,0,0,0,0,0,0,0,4,1,2,2,2,20,4,1242,1,7,FIAT 500,1,E01006556,0,-1
2023622300165,2023,622300165,2,9,0,18,19,6,2,0,0,1,0,0,0,0,4,1,1,1,2,43,7,1242,1,13,FIAT 500,5,W01000764,0,-1
2023122301161,2023,122301161,1,9,0,18,19,7,3,0,0,8,5,0,0,0,4,1,6,6,1,29,6,1242,1,10,FIAT 500,-1,-1,0,-1
2023201426369,2023,201426369,2,9,0,9,9,6,4,0,0,6,0,0,0,0,1,1,2,2,1,70,10,999,1,1,FIAT 500,8,E01032439,0,-1
2023531381566,2023,531381566,1,9,0,9,9,1,5,0,0,1,0,0,0,0,1,1,6,6,2,18,4,1242,1,10,FIAT 500,4,E01022240,0,-1
2023411297313,2023,411297313,1,9,0,2,2,3,7,6,6,0,0,0,0,0,1,1,5,6,2,18,4,1368,1,14,FIAT 500,6,E01023722,0,-1
2023471351129,2023,471351129,1,9,-1,5,5,3,7,0,0,1,0,0,0,0,4,1,5,6,2,61,9,1242,1,4,FIAT 500,9,E01031489,0,-1
2023010469103,2023,010469103,2,9,0,18,19,3,7,0,0,0,0,4,0,0,3,1,6,6,1,34,6,1242,1,10,FIAT 500,4,E01021310,0,-1
2023211292608,2023,211292608,1,9,0,7,7,3,4,7,6,0,0,0,0,0,1,1,6,6,1,90,11,1242,1,9,FIAT 500,5,E01014360,0,-1
2023501369579,2023,501369579,2,9,0,7,7,6,5,0,0,1,0,0,0,0,1,1,6,6,2,54,8,1368,1,8,FIAT 500,5,E01015024,0,-1
2023440375611,2023,440375611,2,9,0,5,5,7,3,0,0,1,0,0,0,0,1,1,2,2,2,43,7,1242,1,10,FIAT 500,8,E01023141,0,-1
2023052302372,2023,052302372,2,9,0,2,2,0,0,0,0,0,0,0,0,0,2,1,6,6,3,-1,-1,1242,1,14,FIAT 500,-1,-1,0,-1
2023461365147,2023,461365147,1,9,0,4,4,5,1,0,0,1,0,0,0,0,1,1,6,6,1,27,6,1242,1,14,FIAT 500,7,E01024405,0,-1
2023451353792,2023,451353792,2,9,0,5,5,1,5,0,0,4,0,0,0,0,2,1,6,6,2,57,9,1242,1,3,FIAT 500,10,E01030891,0,-1
2023440036383,2023,440036383,1,9,0,5,5,1,5,0,0,4,0,0,0,0,3,1,2,2,2,50,8,1242,1,13,FIAT 500,7,E01022795,0,-1
2023501394608,2023,501394608,2,9,0,17,19,1,5,0,0,0,0,0,0,0,1,1,5,6,2,29,6,1242,1,6,FIAT 500,8,E01020066,0,-1
2023052300117,2023,052300117,1,9,0,18,19,3,7,0,0,8,0,0,0,0,3,1,6,6,2,18,4,875,1,11,FIAT 500,7,E01007267,0,-1
2023311389134,2023,311389134,2,9,0,18,19,8,4,0,0,0,5,0,0,0,1,1,5,6,2,17,4,1242,1,8,FIAT 500,8,E01007661,0,-1
2023052301039,2023,052301039,1,9,0,18,19,5,1,0,0,0,0,0,0,0,1,1,6,6,2,31,6,1242,1,12,FIAT 500,8,E01006243,0,-1
2023010469120,2023,010469120,1,9,0,9,9,7,5,0,0,1,0,0,0,0,1,1,1,1,1,36,7,1242,1,9,FIAT 500,6,E01003397,0,-1
2023430552232,2023,430552232,1,9,0,18,19,8,4,0,0,0,0,0,0,0,1,1,6,6,2,73,10,1242,1,7,FIAT 500,4,W01000996,0,-1
2023302300216,2023,302300216,1,9,0,14,14,4,8,0,0,0,5,4,0,0,4,1,6,6,2,33,6,1242,1,4,FIAT 500,5,E01019658,0,-1
2023440409116,2023,440409116,1,9,0,18,19,2,6,0,0,0,0,0,0,0,1,1,6,6,1,30,6,1242,1,6,FIAT 500,6,E01022700,0,-1
2023401270946,2023,401270946,4,9,0,18,19,4,8,0,0,8,0,0,0,0,2,1,5,6,2,21,5,1242,1,8,FIAT 500,6,E01016813,0,-1