collision_index,collision_year,collision_ref_no,vehicle_reference,vehicle_type,towing_and_articulation,vehicle_manoeuvre_historic,vehicle_manoeuvre,vehicle_direction_from,vehicle_direction_to,vehicle_location_restricted_lane_historic,vehicle_location_restricted_lane,junction_location,skidding_and_overturning,hit_object_in_carriageway,vehicle_leaving_carriageway,hit_object_off_carriageway,first_point_of_impact,vehicle_left_hand_drive,journey_purpose_of_driver_historic,journey_purpose_of_driver,sex_of_driver,age_of_driver,age_band_of_driver,engine_capacity_cc,propulsion_code,age_of_vehicle,generic_make_model,driver_imd_decile,lsoa_of_driver,escooter_flag,driver_distance_banding
2023451368322,2023,451368322,2,9,0,18,19,3,7,0,0,1,0,0,0,0,2,1,6,6,1,35,6,875,1,12,FIAT 500,10,E01030498,0,-1
2023531359464,2023,531359464,1,9,0,18,19,3,7,0,0,8,1,0,3,10,4,1,6,6,1,66,10,1242,1,3,FIAT 500,-1,-1,0,-1
2023461306103,2023,461306103,6,9,0,18,19,5,1,0,0,0,0,0,0,0,2,1,6,6,2,18,4,1242,1,13,FIAT 500,5,E01024711,0,-1
2023451369119,2023,451369119,1,9,0,18,19,7,3,0,0,4,0,0,0,0,3,1,5,6,2,73,10,-1,3,2,FIAT 500,10,E01030349,0,-1
2023061312723,2023,061312723,1,9,0,18,19,2,6,0,0,1,0,0,0,0,1,1,6,6,3,30,6,1242,1,8,FIAT 500,-1,-1,0,-1
2023471280247,2023,471280247,2,9,0,14,14,5,1,0,0,0,5,0,0,0,4,1,5,6,2,50,8,875,1,9,FIAT 500,3,E01020930,0,-1
2023061289646,2023,061289646,2,9,0,18,19,6,1,0,0,6,0,0,0,0,1,1,2,2,2,18,4,1242,1,7,FIAT 500,9,E01006381,0,-1
2023010480012,2023,010480012,2,9,0,18,19,7,3,0,0,0,0,0,0,0,3,1,6,6,2,38,7,1242,1,11,FIAT 500,4,E01001233,0,-1
2023451302254,2023,451302254,3,9,0,18,19,3,7,0,0,0,0,0,0,0,2,1,5,6,2,28,6,1242,1,5,FIAT 500,7,E01030993,0,-1
2023141266013,2023,141266013,1,9,0,4,4,5,1,0,0,0,0,0,0,0,0,1,1,1,2,24,5,1242,1,4,FIAT 500,4,E01013271,0,-1
2023221355389,2023,221355389,3,9,0,18,19,4,8,0,0,8,0,0,0,0,1,1,5,6,2,52,8,1242,1,6,FIAT 500,7,E01014202,0,-1
2023421276934,2023,421276934,2,9,0,3,3,1,4,0,0,1,0,0,0,0,2,1,6,6,2,31,6,1242,1,8,FIAT 500,6,E01022090,0,-1
2023201342982,2023,201342982,1,9,0,18,19,6,2,0,0,1,0,0,0,0,1,1,6,6,2,42,7,1242,1,9,FIAT 500,10,E01032700,0,-1
2023421314355,2023,421314355,4,9,0,18,19,1,6,0,0,1,0,0,0,0,0,1,5,6,2,41,7,1242,1,10,FIAT 500,2,E01021771,0,-1
2023461322766,2023,461322766,2,9,0,9,9,5,1,0,0,8,0,0,0,0,2,1,3,7,2,48,8,1242,1,13,FIAT 500,6,E01024704,0,-1
2023411275555,2023,411275555,1,9,0,7,7,3,5,0,0,6,0,0,0,0,1,1,6,6,1,46,8,875,1,12,FIAT 500,10,E01023724,0,-1
2023201277488,2023,201277488,1,9,0,11,11,4,8,0,0,0,0,7,0,0,2,1,1,1,2,76,11,1242,1,8,FIAT 500,5,E01033058,0,-1
2023421294042,2023,421294042,1,9,0,9,9,1,5,0,0,0,0,0,0,0,1,1,6,6,2,17,4,1242,1,12,FIAT 500,8,E01029887,0,-1
2023041268572,2023,041268572,1,9,0,5,5,1,5,0,0,0,0,0,0,0,1,1,2,2,2,20,4,1242,1,5,FIAT 500,8,E01024948,0,-1
2023471274722,2023,471274722,2,9,0,11,11,1,5,0,0,0,0,0,0,0,2,1,6,6,2,24,5,1248,2,14,FIAT 500,1,E01020912,0,-1
2023421331653,2023,421331653,2,9,0,5,5,2,3,0,0,4,0,0,0,0,1,1,6,6,2,25,5,1242,1,8,FIAT 500,10,E01021466,0,-1
2023610040623,2023,610040623,2,9,0,17,19,3,8,0,0,0,0,0,0,0,1,1,1,1,2,31,6,1242,1,14,FIAT 500,7,W01001882,0,-1
2023991356603,2023,991356603,4,9,0,18,19,6,2,0,0,0,0,0,0,0,1,1,6,6,2,37,7,1248,2,7,FIAT 500,2,-1,0,-1
2023461276727,2023,461276727,2,9,1,18,19,2,6,0,0,0,1,11,4,0,1,1,2,2,1,45,7,1242,1,9,FIAT 500,3,E01024567,0,-1
2023546601723,2023,546601723,1,9,0,18,19,2,6,0,0,1,1,0,0,0,1,1,2,2,2,17,4,1248,2,15,FIAT 500,10,E01020463,0,-1
2023302300108,2023,302300108,2,9,0,9,9,2,8,0,0,8,0,0,0,0,4,1,1,1,1,-1,-1,-1,3,2,FIAT 500,5,E01019456,0,-1
2023631347578,2023,631347578,2,9,0,-1,-1,-1,-1,-1,-1,0,-1,-1,-1,0,-1,1,6,6,1,74,10,1242,1,10,FIAT 500,8,W01000465,0,-1
2023052300935,2023,052300935,1,9,0,18,19,1,5,0,0,4,0,0,0,0,1,1,6,6,2,-1,-1,1242,1,11,FIAT 500,-1,-1,0,-1
2023461326293,2023,461326293,2,9,0,2,2,0,0,0,0,0,0,4,0,0,2,1,5,6,3,-1,-1,1598,2,7,FIAT 500,-1,-1,0,-1
2023320662364,2023,320662364,2,9,0,10,10,4,2,0,0,5,0,0,0,0,2,1,2,2,1,57,9,1248,2,14,FIAT 500,-1,-1,0,-1
2023471360469,2023,471360469,1,9,0,7,7,7,5,0,0,4,0,0,0,0,1,1,6,6,2,30,6,1242,1,7,FIAT 500,9,E01031704,0,-1
2023010430705,2023,010430705,2,9,0,16,19,5,1,0,0,1,5,0,0,0,1,1,6,6,1,57,9,999,1,2,FIAT 500,7,E01000457,0,-1
2023440296457,2023,440296457,2,9,0,18,19,1,5,0,0,0,0,0,0,0,1,1,6,6,2,28,6,1242,1,4,FIAT 500,3,E01022959,0,-1
2023071128272,2023,071128272,2,9,0,2,2,7,3,0,0,0,0,0,0,0,1,1,6,6,2,-1,-1,1242,1,12,FIAT 500,-1,-1,0,-1
2023401280950,2023,401280950,2,9,0,2,2,0,0,0,0,0,0,0,0,0,2,1,6,6,3,-1,-1,-1,3,1,FIAT 500,-1,-1,0,-1
2023221266710,2023,221266710,1,9,0,18,19,3,7,0,0,0,1,4,0,0,1,1,5,6,2,20,4,1242,1,8,FIAT 500,9,E01032396,0,-1
2023461375663,2023,461375663,2,9,0,4,4,1,3,0,0,1,0,0,0,0,1,1,5,6,2,46,8,1242,1,7,FIAT 500,8,E01000412,0,-1
2023440352297,2023,440352297,1,9,0,4,4,4,8,0,0,4,0,0,0,0,2,1,6,6,2,52,8,1242,1,10,FIAT 500,7,E01017048,0,-1
2023010431673,2023,010431673,3,9,0,18,19,1,5,0,0,0,0,0,0,0,2,1,6,6,2,34,6,1242,1,7,FIAT 500,6,E01004145,0,-1
2023461304235,2023,461304235,1,9,0,18,19,3,7,0,0,6,0,0,1,0,2,1,6,6,2,19,4,1242,1,11,FIAT 500,10,E01024724,0,-1
2023061379825,2023,061379825,1,9,0,9,9,8,6,0,0,8,0,0,0,0,3,1,6,6,3,30,6,1242,1,15,FIAT 500,-1,-1,0,-1
2023041332030,2023,041332030,1,9,0,18,19,5,1,0,0,1,0,0,0,0,4,1,5,6,2,30,6,1242,1,9,FIAT 500,9,E01025175,0,-1
2023351339346,2023,351339346,1,9,0,18,19,-1,-1,0,0,0,0,0,0,0,1,1,6,6,2,31,6,1242,1,9,FIAT 500,7,E01033177,0,-1
2023071299761,2023,071299761,2,9,0,18,19,7,3,0,0,2,0,4,0,0,4,1,2,2,1,48,8,1242,1,13,FIAT 500,6,E01018514,0,-1
2023302300909,2023,302300909,2,9,0,9,9,2,8,0,0,1,0,0,0,0,1,1,6,6,2,52,8,1242,1,5,FIAT 500,7,E01019769,0,-1
2023440329100,2023,440329100,2,9,0,18,19,8,4,0,0,0,0,0,0,0,2,1,6,6,2,54,8,-1,3,1,FIAT 500,-1,-1,0,-1
2023991275277,2023,991275277,2,9,0,4,4,1,4,0,0,1,0,0,0,0,2,1,5,6,2,23,5,1598,1,6,FIAT 500,1,-1,0,-1
2023302301007,2023,302301007,1,9,0,18,19,5,1,0,0,1,0,0,0,0,1,1,6,6,2,50,8,1242,1,5,FIAT 500,9,E01019784,0,-1
202354C768323,2023,54C768323,5,9,0,18,19,4,8,0,0,0,0,0,0,0,-1,1,6,6,2,27,6,1242,1,10,FIAT 500,8,E01031910,0,-1
2023440390770,2023,440390770,1,9,0,18,19,3,7,0,0,1,0,0,0,0,1,1,6,6,2,23,5,1242,1,12,FIAT 500,2,E01023156,0,-1
2023440027840,2023,440027840,2,9,0,4,4,2,6,0,0,0,0,0,0,0,1,1,6,6,2,22,5,875,1,10,FIAT 500,6,E01017298,0,-1
2023371395348,2023,371395348,1,9,0,9,9,3,1,0,0,1,0,0,0,0,1,1,6,6,2,86,11,1242,1,7,FIAT 500,9,E01033450,0,-1
2023471326297,2023,471326297,1,9,0,18,19,5,1,0,0,1,0,0,7,3,1,1,2,2,1,41,7,1242,1,9,FIAT 500,10,E01031758,0,-1
2023461395719,2023,461395719,2,9,0,2,2,0,0,0,0,0,0,0,0,0,3,1,6,6,3,-1,-1,1242,1,8,FIAT 500,-1,-1,0,-1
2023451353402,2023,451353402,1,9,0,18,19,5,1,0,0,0,0,11,0,0,2,1,1,1,2,28,6,1242,1,7,FIAT 500,8,E01030538,0,-1
2023010455696,2023,010455696,1,9,0,5,5,4,8,0,0,2,0,0,0,0,1,1,6,6,2,60,9,-1,3,1,FIAT 500,5,E01002700,0,-1
2023411325599,2023,411325599,2,9,0,18,19,1,5,0,0,4,0,0,0,0,0,1,2,2,2,51,8,1242,1,10,FIAT 500,4,E01023757,0,-1
2023421294775,2023,421294775,2,9,0,2,2,0,0,9,9,0,0,0,0,0,4,1,6,6,3,-1,-1,1242,1,7,FIAT 500,-1,-1,0,-1
2023052302621,2023,052302621,1,9,0,9,9,1,3,0,0,8,0,0,0,0,4,1,6,6,2,17,4,1242,1,6,FIAT 500,10,E01006991,0,-1
2023461352321,2023,461352321,2,9,0,4,4,1,5,0,0,0,0,0,0,0,2,1,5,6,2,57,9,1242,1,14,FIAT 500,5,E01030812,0,-1
2023010433642,2023,010433642,1,9,0,5,5,7,3,0,0,1,0,0,0,0,1,1,6,6,2,83,11,1242,1,9,FIAT 500,6,E01002928,0,-1
2023052302405,2023,052302405,2,9,0,18,19,5,1,0,0,1,0,0,0,0,1,1,6,6,2,41,7,1242,1,9,FIAT 500,1,E01006861,0,-1
2023340WN0892,2023,340WN0892,1,9,0,4,4,1,5,0,0,0,0,0,0,0,1,1,6,6,2,17,4,1242,1,13,FIAT 500,10,E01027001,0,-1
2023010431088,2023,010431088,2,9,0,99,99,9,9,99,99,9,9,99,9,99,9,9,6,6,3,-1,-1,1242,1,10,FIAT 500,-1,-1,0,-1
2023461265935,2023,461265935,1,9,0,7,7,5,7,0,0,8,1,0,1,0,1,1,2,2,2,21,5,1242,1,14,FIAT 500,7,E01024727,0,-1
2023010477012,2023,010477012,1,9,0,7,7,6,1,9,9,1,0,0,0,0,1,1,6,6,1,39,7,-1,3,1,FIAT 500,2,E01004535,0,-1
2023010443256,2023,010443256,1,9,0,5,5,0,1,0,0,1,0,4,0,0,3,1,6,6,2,44,7,1242,1,13,FIAT 500,10,E01003443,0,-1
2023411318520,2023,411318520,2,9,0,4,4,3,8,0,0,0,0,0,0,0,2,1,6,6,2,32,6,1242,1,5,FIAT 500,7,E01003659,0,-1
2023221332999,2023,221332999,1,9,0,17,19,7,4,0,0,0,2,0,7,10,2,1,5,6,2,21,5,1242,1,10,FIAT 500,5,E01032181,0,-1
2023461354296,2023,461354296,2,9,0,18,19,1,5,0,0,8,1,0,0,0,1,1,6,6,2,42,7,1242,1,6,FIAT 500,3,E01024715,0,-1
2023122301309,2023,122301309,2,9,0,16,19,7,3,0,0,0,1,0,0,0,1,1,6,6,2,55,8,1242,1,7,FIAT 500,8,E01027694,0,-1
2023231325964,2023,231325964,1,9,0,17,19,5,2,0,0,0,1,0,2,3,1,1,6,6,1,26,6,1242,1,13,FIAT 500,4,E01031005,0,-1
2023421285532,2023,421285532,4,9,0,4,4,4,6,0,0,0,0,0,0,0,2,1,6,6,2,61,9,1242,1,11,FIAT 500,2,E01015954,0,-1
2023041316267,2023,041316267,2,9,0,16,19,1,1,0,0,1,0,0,0,0,3,1,5,6,2,57,9,1242,1,11,FIAT 500,8,E01025597,0,-1
2023071212232,2023,071212232,1,8,0,7,7,8,4,9,9,0,1,0,3,11,1,1,1,1,1,32,6,1242,1,6,-1,-1,-1,0,-1
2023010463645,2023,010463645,2,9,0,99,99,9,9,99,99,0,9,99,9,99,1,9,6,6,3,-1,-1,1956,2,7,FIAT 500,-1,-1,0,-1
2023221352425,2023,221352425,1,9,0,17,19,8,6,0,0,0,5,10,7,10,1,1,1,1,2,26,6,1242,1,9,FIAT 500,8,E01028848,0,-1
2023361266382,2023,361266382,2,9,0,17,19,7,3,0,0,1,0,0,0,0,3,1,5,6,2,46,8,1242,1,8,FIAT 500,4,E01026429,0,-1
2023421387170,2023,421387170,1,9,0,9,9,7,5,0,0,6,0,0,0,0,1,1,6,6,2,38,7,1242,1,6,FIAT 500,4,E01015918,0,-1
2023131295670,2023,131295670,2,9,0,18,19,7,3,0,0,0,0,0,0,0,3,1,2,2,2,29,6,1242,1,4,FIAT 500,6,E01010816,0,-1
2023461341411,2023,461341411,2,9,0,4,4,5,1,0,0,0,0,0,0,0,3,1,6,6,2,23,5,1242,1,11,FIAT 500,6,E01024568,0,-1
2023340WN2692,2023,340WN2692,2,9,0,9,9,7,5,0,0,5,0,0,1,10,3,1,6,6,2,18,4,1242,1,6,FIAT 500,8,E01026990,0,-1
2023010484095,2023,010484095,2,9,0,99,99,9,9,99,99,5,9,99,9,99,1,9,6,6,3,-1,-1,1242,1,12,FIAT 500,-1,-1,0,-1
2023361367797,2023,361367797,2,9,0,18,19,2,6,0,0,0,0,0,0,0,1,1,5,6,2,64,9,1242,1,13,FIAT 500,10,E01026915,0,-1
2023201280041,2023,201280041,1,9,0,5,5,2,6,0,0,8,0,10,1,10,4,1,1,1,2,25,5,999,1,1,FIAT 500,2,E01010529,0,-1
2023991377325,2023,991377325,2,9,0,10,10,1,7,0,0,5,0,0,0,0,2,1,6,6,2,22,5,999,1,2,FIAT 500,-1,-1,0,-1
2023421309390,2023,421309390,1,9,0,16,19,1,3,0,0,0,0,0,0,0,1,1,6,6,1,81,11,1242,1,8,FIAT 500,-1,-1,0,-1
2023031287975,2023,031287975,2,9,0,8,8,1,3,0,0,8,0,0,0,0,1,1,5,6,2,21,5,1242,1,13,FIAT 500,6,E01019235,0,-1
2023010456331,2023,010456331,2,9,9,99,99,9,9,99,99,9,9,99,9,99,1,9,6,6,3,-1,-1,1242,1,15,FIAT 500,-1,-1,0,-1
2023010475763,2023,010475763,1,9,0,18,19,5,1,0,0,0,0,0,0,0,1,1,6,6,2,22,5,1242,1,4,FIAT 500,8,E01002333,0,-1
2023461293343,2023,461293343,2,9,0,18,19,6,2,0,0,0,0,11,0,0,2,1,6,6,2,64,9,1242,1,9,FIAT 500,8,E01032620,0,-1
2023361339071,2023,361339071,1,9,0,18,19,4,2,0,0,0,1,0,0,0,1,1,5,6,2,28,6,1242,1,11,FIAT 500,9,E01026448,0,-1
2023122300260,2023,122300260,1,9,0,7,7,6,7,0,0,8,0,0,0,0,1,1,6,6,2,20,4,1242,1,6,FIAT 500,4,E01013359,0,-1
2023340NN3652,2023,340NN3652,1,9,0,18,19,8,4,0,0,1,0,0,0,0,1,1,6,6,2,20,4,1242,1,15,FIAT 500,6,E01032970,0,-1
2023010425580,2023,010425580,2,9,0,4,4,3,7,0,0,1,0,0,0,0,2,1,2,2,1,42,7,-1,3,1,FIAT 500,8,E01000967,0,-1
2023461303890,2023,461303890,2,9,0,4,4,1,5,0,0,1,0,0,1,0,3,1,6,6,2,42,7,1242,1,8,FIAT 500,2,E01024165,0,-1
2023061312442,2023,061312442,1,9,0,18,19,7,3,0,0,0,0,0,0,0,1,1,5,6,2,25,5,1242,1,11,FIAT 500,5,E01033682,0,-1
2023052301862,2023,052301862,1,9,0,18,19,1,5,0,0,1,0,0,0,0,1,1,6,6,2,60,9,1242,1,14,FIAT 500,3,E01033760,0,-1
2023211342891,2023,211342891,1,9,0,5,5,8,4,0,0,0,0,0,0,0,2,1,5,6,1,31,6,1242,1,14,FIAT 500,8,E01029515,0,-1
2023501309458,2023,501309458,2,9,0,18,19,5,1,0,0,4,0,0,0,0,3,1,5,6,2,45,7,1242,1,9,FIAT 500,1,E01019029,0,-1
2023302301619,2023,302301619,1,9,0,18,19,6,2,0,0,0,0,0,0,0,1,1,6,6,2,33,6,1368,1,15,FIAT 500,9,E01007893,0,-1
2023471350646,2023,471350646,1,9,0,5,5,3,7,0,0,0,0,0,0,0,4,1,6,6,2,63,9,875,1,9,FIAT 500,10,E01031424,0,-1
2023201395573,2023,201395573,2,9,0,18,19,2,6,0,0,0,0,0,0,0,1,1,6,6,2,22,5,1242,1,9,FIAT 500,4,E01009750,0,-1
2023461354711,2023,461354711,2,9,0,18,19,7,3,0,0,8,0,0,0,0,1,1,5,6,2,20,4,1242,1,7,FIAT 500,5,E01024156,0,-1
2023010455203,2023,010455203,3,9,0,18,19,1,5,0,0,1,0,0,0,0,2,1,6,6,2,29,6,1242,1,14,FIAT 500,6,E01001070,0,-1
2023411317735,2023,411317735,1,9,0,18,19,4,8,0,0,0,1,7,8,1,1,1,2,2,2,21,5,1242,1,14,FIAT 500,8,E01023629,0,-1
2023351316340,2023,351316340,1,9,0,18,19,7,3,0,0,0,0,10,8,0,4,1,6,6,3,-1,-1,1242,1,10,FIAT 500,-1,-1,0,-1
2023010458282,2023,010458282,2,9,9,99,99,9,9,99,99,9,9,99,9,99,9,9,6,6,3,-1,-1,-1,3,0,FIAT 500,-1,-1,0,-1
2023461394593,2023,461394593,1,9,0,18,19,3,7,0,0,1,0,0,0,0,1,1,3,7,2,31,6,1368,1,7,FIAT 500,5,E01024485,0,-1
2023201391452,2023,201391452,5,9,0,18,19,4,8,0,0,0,0,0,0,0,2,1,5,6,2,27,6,1242,1,12,FIAT 500,1,E01027110,0,-1
2023622300965,2023,622300965,1,9,0,18,19,3,7,0,0,1,0,0,0,0,1,1,1,1,2,51,8,999,1,3,FIAT 500,3,W01001145,0,-1
2023141389177,2023,141389177,1,9,0,18,19,1,1,0,0,0,0,0,0,0,1,1,5,6,1,35,6,875,1,12,FIAT 500,4,E01007699,0,-1
2023531277915,2023,531277915,1,9,0,18,19,7,3,0,0,0,0,0,0,0,3,1,5,6,1,81,11,1242,1,14,FIAT 500,1,E01032932,0,-1
2023411269840,2023,411269840,1,9,0,4,4,2,6,0,0,0,0,0,0,0,1,1,2,2,2,37,7,1242,1,13,FIAT 500,10,E01023432,0,-1
2023041378272,2023,041378272,1,9,0,9,9,5,1,0,0,8,0,0,0,0,1,1,5,6,2,20,4,1242,1,6,FIAT 500,7,E01012602,0,-1
2023211362926,2023,211362926,2,9,0,13,13,6,2,0,0,0,0,0,0,0,1,1,5,6,2,18,4,1242,1,11,FIAT 500,7,E01029490,0,-1
2023501381471,2023,501381471,1,9,0,18,19,3,7,0,0,0,0,0,2,11,4,1,5,6,1,68,10,1242,1,10,FIAT 500,3,E01019034,0,-1
2023501344854,2023,501344854,2,9,0,16,19,5,1,0,0,1,0,0,1,10,1,1,2,2,2,33,6,1242,1,10,FIAT 500,3,E01018937,0,-1
2023111345739,2023,111345739,1,9,0,16,19,2,5,0,0,0,0,0,0,0,1,1,5,6,1,80,11,1242,1,5,FIAT 500,3,E01020662,0,-1
2023440436720,2023,440436720,2,9,0,18,19,3,7,0,0,0,0,0,0,0,1,1,6,6,2,-1,-1,1242,1,8,FIAT 500,-1,-1,0,-1
2023201391663,2023,201391663,1,9,0,3,3,8,4,0,0,1,0,0,0,0,2,1,6,6,2,49,8,999,1,3,FIAT 500,4,E01009628,0,-1
2023131348956,2023,131348956,1,9,0,7,7,3,1,0,0,0,5,10,2,10,1,2,5,6,2,22,5,1242,1,13,FIAT 500,1,E01011510,0,-1
2023522400434,2023,522400434,1,9,0,9,9,5,3,0,0,1,0,0,0,0,3,1,6,6,2,23,5,1242,1,10,FIAT 500,7,E01014763,0,-1
2023461375783,2023,461375783,1,9,0,17,19,3,7,0,0,1,0,0,0,0,1,1,6,6,2,-1,-1,875,1,12,FIAT 500,3,E01016173,0,-1
2023231329114,2023,231329114,1,9,0,18,19,3,7,0,0,0,0,0,0,0,1,1,2,2,2,60,9,1242,1,10,FIAT 500,7,E01031213,0,-1
2023461348827,2023,461348827,2,9,0,10,10,4,8,0,0,1,0,0,0,0,2,1,6,6,2,30,6,875,1,9,FIAT 500,3,E01024482,0,-1
2023471339548,2023,471339548,1,9,0,17,19,8,6,0,0,0,0,0,1,0,1,1,5,6,2,60,9,1242,1,8,FIAT 500,8,E01031613,0,-1
2023010442620,2023,010442620,1,9,0,3,3,5,1,0,0,0,0,0,0,0,4,1,1,1,2,61,9,1242,1,14,FIAT 500,1,E01002280,0,-1
2023401337081,2023,401337081,2,9,0,4,4,3,7,0,0,2,0,0,0,0,2,1,6,6,2,19,4,1242,1,12,FIAT 500,4,E01017487,0,-1
2023061270813,2023,061270813,1,9,0,18,19,1,5,0,0,1,0,0,0,0,1,1,5,6,2,30,6,1242,1,4,FIAT 500,-1,-1,0,-1
2023141322292,2023,141322292,2,9,0,18,19,3,7,0,0,0,0,0,0,0,1,1,5,6,2,58,9,1242,1,4,FIAT 500,7,E01008133,0,-1
2023991274190,2023,991274190,1,9,0,14,14,2,6,0,0,0,0,4,0,0,1,1,5,6,2,18,4,1242,1,4,FIAT 500,1,-1,0,-1
2023340NN3642,2023,340NN3642,1,9,0,10,10,8,2,0,0,1,0,0,0,0,1,1,6,6,2,27,6,1242,1,4,FIAT 500,9,E01027018,0,-1
2023471265422,2023,471265422,1,9,0,18,19,8,4,0,0,0,1,0,0,0,1,1,5,6,2,25,5,1242,1,13,FIAT 500,4,E01031435,0,-1
2023471375812,2023,471375812,1,9,0,18,19,5,1,0,0,0,0,0,0,0,1,1,6,6,2,18,4,1242,1,10,FIAT 500,6,E01031362,0,-1
2023430044976,2023,430044976,1,9,0,9,9,3,8,0,0,6,0,0,0,0,3,1,6,6,1,65,9,1242,1,10,FIAT 500,7,E01027305,0,-1
2023461381271,2023,461381271,1,9,0,18,19,4,8,0,0,0,0,0,1,3,1,1,6,6,1,22,5,875,1,6,FIAT 500,7,E01024809,0,-1
2023122300637,2023,122300637,2,9,0,9,9,3,1,0,0,8,0,0,0,0,3,1,6,6,1,64,9,1242,1,5,FIAT 500,6,E01027741,0,-1
2023311353421,2023,311353421,1,9,0,17,19,1,5,0,0,0,5,0,1,0,0,1,1,1,2,63,9,1242,1,13,FIAT 500,5,E01019494,0,-1
2023371349514,2023,371349514,1,9,0,18,19,1,5,0,0,0,0,0,0,0,1,1,5,6,2,73,10,1242,1,14,FIAT 500,6,E01029919,0,-1
2023440222685,2023,440222685,2,9,0,17,19,8,4,0,0,1,0,0,0,0,4,1,6,6,2,53,8,999,1,3,FIAT 500,10,E01032854,0,-1
2023471281530,2023,471281530,2,9,0,2,2,0,0,0,0,1,0,0,0,0,4,1,6,6,3,-1,-1,1242,1,10,FIAT 500,-1,-1,0,-1
2023421312218,2023,421312218,1,9,0,18,19,5,1,0,0,0,1,4,0,0,1,1,6,6,2,71,10,1368,1,14,FIAT 500,3,E01015986,0,-1
2023122300527,2023,122300527,1,9,0,9,9,8,4,0,0,1,1,0,0,0,3,1,1,1,2,57,9,1242,1,14,FIAT 500,-1,-1,0,-1
2023461394128,2023,461394128,2,9,0,18,19,1,5,0,0,0,0,0,0,0,1,1,6,6,2,17,4,1242,1,3,FIAT 500,5,E01024366,0,-1
2023421393129,2023,421393129,1,9,0,9,9,3,1,0,0,5,0,0,0,0,4,1,2,2,2,21,5,1242,1,8,FIAT 500,9,E01021383,0,-1
2023041281028,2023,041281028,1,9,0,18,19,7,3,0,0,1,0,0,0,0,4,1,5,6,2,18,4,1242,1,13,FIAT 500,4,E01025359,0,-1
2023010441396,2023,010441396,1,9,0,18,19,2,6,0,0,2,1,4,0,0,1,1,6,6,1,-1,-1,1242,1,6,FIAT 500,-1,-1,0,-1
2023052301234,2023,052301234,2,9,0,18,19,2,5,0,0,0,0,0,0,0,1,1,6,6,2,18,4,1242,1,11,FIAT 500,1,E01007272,0,-1
2023520000607,2023,520000607,1,9,0,9,9,5,3,0,0,8,0,0,0,0,1,2,6,6,2,18,4,1242,1,13,FIAT 500,4,E01029196,0,-1
2023501392909,2023,501392909,1,9,0,3,3,8,4,0,0,0,0,0,0,0,2,1,6,6,2,27,6,1242,1,14,FIAT 500,3,E01018978,0,-1
2023522301125,2023,522301125,1,9,0,18,19,7,3,0,0,0,0,4,7,0,4,1,6,6,2,28,6,1242,1,7,FIAT 500,8,E01014981,0,-1
2023421295507,2023,421295507,2,9,0,18,19,1,5,0,0,1,0,0,0,0,2,1,2,2,2,20,4,875,1,10,FIAT 500,6,E01021502,0,-1
2023211332942,2023,211332942,1,9,0,18,19,1,5,0,0,0,0,0,0,0,1,1,1,1,2,46,8,1242,1,13,FIAT 500,6,E01029699,0,-1
2023302300217,2023,302300217,2,9,0,4,4,8,4,0,0,1,1,0,0,0,2,1,2,2,2,26,6,1242,1,8,FIAT 500,9,E01019879,0,-1
2023451384168,2023,451384168,1,9,0,9,9,5,4,0,0,1,0,0,0,0,3,1,2,2,2,20,4,1242,1,6,FIAT 500,9,E01030672,0,-1
2023010449706,2023,010449706,1,9,0,99,99,9,9,99,99,0,9,99,9,99,2,9,6,6,2,56,9,875,1,12,FIAT 500,6,E01004164,0,-1
2023010465631,2023,010465631,2,9,0,9,9,7,4,0,0,5,0,0,7,0,2,1,6,6,1,45,7,1242,1,11,FIAT 500,2,E01002664,0,-1
2023421339521,2023,421339521,2,9,0,5,5,5,1,0,0,0,0,0,0,0,2,1,6,6,2,20,4,1242,1,9,FIAT 500,8,E01022083,0,-1
2023340WN2722,2023,340WN2722,2,9,0,18,19,6,1,0,0,4,0,0,0,0,3,1,6,6,1,37,7,-1,3,1,FIAT 500,10,E01032984,0,-1
2023061368484,2023,061368484,2,9,0,17,19,3,7,0,0,8,0,0,0,0,3,1,6,6,2,17,4,999,1,0,FIAT 500,6,E01005825,0,-1
2023501304598,2023,501304598,2,9,0,10,10,2,4,0,0,2,5,0,1,0,3,1,6,6,2,53,8,1242,1,8,FIAT 500,10,E01019905,0,-1
2023451363161,2023,451363161,1,9,0,9,9,3,1,0,0,8,0,0,0,0,1,1,4,7,2,18,4,1242,1,5,FIAT 500,10,E01030541,0,-1
2023302301595,2023,302301595,1,9,0,16,19,8,4,0,0,0,0,0,0,0,1,1,6,6,1,31,6,1242,1,9,FIAT 500,4,E01019724,0,-1
2023340WN1832,2023,340WN1832,2,9,0,10,10,5,1,0,0,0,0,4,0,0,2,1,6,6,2,40,7,999,1,2,FIAT 500,6,E01027979,0,-1
2023421332051,2023,421332051,1,9,0,18,19,7,3,0,0,0,0,0,0,0,4,1,2,2,2,47,8,1242,1,7,FIAT 500,8,E01021299,0,-1
2023170S31773,2023,170S31773,1,9,0,4,4,5,1,0,0,1,0,0,0,0,2,1,6,6,2,46,8,999,1,3,FIAT 500,9,E01012231,0,-1