collision_index,collision_year,collision_ref_no,vehicle_reference,vehicle_type,towing_and_articulation,vehicle_manoeuvre_historic,vehicle_manoeuvre,vehicle_direction_from,vehicle_direction_to,vehicle_location_restricted_lane_historic,vehicle_location_restricted_lane,junction_location,skidding_and_overturning,hit_object_in_carriageway,vehicle_leaving_carriageway,hit_object_off_carriageway,first_point_of_impact,vehicle_left_hand_drive,journey_purpose_of_driver_historic,journey_purpose_of_driver,sex_of_driver,age_of_driver,age_band_of_driver,engine_capacity_cc,propulsion_code,age_of_vehicle,generic_make_model,driver_imd_decile,lsoa_of_driver,escooter_flag,driver_distance_banding
2023461335611,2023,461335611,5,9,0,2,2,0,0,0,0,1,0,0,0,0,2,1,6,6,2,-1,-1,1242,1,13,FIAT 500,8,E01024650,0,-1
2023351364168,2023,351364168,1,9,0,7,7,-1,-1,0,0,0,0,0,0,0,4,1,6,6,2,25,5,999,1,1,FIAT 500,10,E01018251,0,-1
2023631323805,2023,631323805,1,9,0,9,9,7,5,0,0,6,0,0,0,0,3,1,5,6,2,59,9,999,1,2,FIAT 500,5,E01015479,0,-1
2023052302273,2023,052302273,1,9,0,18,19,5,1,0,0,1,0,0,0,0,1,1,6,6,2,40,7,1242,1,7,FIAT 500,4,E01007169,0,-1
2023531333071,2023,531333071,2,9,0,18,19,7,3,0,0,1,0,0,0,0,1,1,5,6,2,26,6,1242,1,12,FIAT 500,4,E01032516,0,-1
2023161332144,2023,161332144,1,9,0,17,19,7,3,0,0,0,2,0,1,0,1,2,5,6,2,53,8,1242,1,11,FIAT 500,8,E01018277,0,-1
2023401307425,2023,401307425,1,9,0,6,6,8,2,0,0,8,0,0,0,0,1,1,6,6,2,23,5,1242,1,7,FIAT 500,9,E01017549,0,-1
2023131348923,2023,131348923,1,9,0,8,8,5,1,9,9,6,0,0,0,0,1,1,5,6,1,66,10,1242,1,5,FIAT 500,8,E01010860,0,-1
2023010460867,2023,010460867,1,9,0,5,5,3,7,9,9,5,0,11,1,2,1,2,6,6,1,87,11,1242,1,11,FIAT 500,6,E01000324,0,-1
2023361290026,2023,361290026,1,9,0,18,19,3,7,0,0,0,5,7,0,0,4,1,5,6,2,17,4,1242,1,9,FIAT 500,7,E01026564,0,-1
2023522300975,2023,522300975,2,9,0,18,19,3,7,0,0,1,0,0,0,0,1,1,6,6,1,-1,-1,1242,1,12,FIAT 500,-1,-1,0,-1
2023552300063,2023,552300063,2,9,0,3,3,3,7,0,0,0,0,0,0,0,3,1,3,7,2,45,7,875,1,11,FIAT 500,9,E01015356,0,-1
2023421291009,2023,421291009,2,9,0,4,4,6,2,0,0,0,0,0,0,0,2,1,1,1,2,30,6,1368,1,15,FIAT 500,-1,-1,0,-1
2023531306300,2023,531306300,1,9,0,7,7,5,1,0,0,8,0,0,0,0,4,1,5,6,2,33,6,875,1,8,FIAT 500,4,E01022450,0,-1
2023411358908,2023,411358908,2,9,0,3,3,3,7,0,0,0,0,0,0,0,3,1,3,7,2,32,6,1242,1,8,FIAT 500,7,E01023663,0,-1
2023430486281,2023,430486281,4,9,0,3,3,4,8,0,0,8,0,0,0,0,2,1,6,6,2,17,4,1242,1,14,FIAT 500,7,E01028620,0,-1
2023401337245,2023,401337245,2,9,0,18,19,5,1,0,0,0,0,0,0,0,4,1,1,1,2,52,8,999,1,2,FIAT 500,10,E01017393,0,-1
2023031343718,2023,031343718,1,9,0,18,19,8,4,0,0,2,0,4,1,2,1,1,2,2,2,65,9,999,1,2,FIAT 500,-1,-1,0,-1
2023221370830,2023,221370830,1,9,0,4,4,1,5,0,0,1,1,10,7,10,1,1,6,6,2,25,5,1242,1,9,FIAT 500,5,E01014088,0,-1
2023321378615,2023,321378615,1,9,0,12,12,8,4,0,0,0,0,0,1,9,3,1,6,6,2,62,9,1242,1,9,FIAT 500,7,E01013270,0,-1
2023311298555,2023,311298555,2,9,0,16,19,3,7,0,0,0,1,0,0,0,3,1,5,6,2,48,8,1242,1,3,FIAT 500,4,E01019433,0,-1
2023302300914,2023,302300914,2,9,0,18,19,7,3,0,0,1,0,4,0,0,1,1,6,6,1,57,9,1242,1,15,FIAT 500,7,E01019771,0,-1
2023010420145,2023,010420145,1,9,0,18,19,4,8,0,0,1,0,0,0,0,2,1,6,6,2,66,10,1242,1,8,FIAT 500,-1,-1,0,-1
2023010475649,2023,010475649,2,9,0,99,99,9,9,99,99,9,9,99,9,99,9,9,6,6,2,24,5,1242,1,14,FIAT 500,2,E01023860,0,-1
2023461298049,2023,461298049,2,9,0,18,19,1,5,0,0,0,1,0,0,0,0,1,6,6,2,32,6,1242,1,7,FIAT 500,7,E01032656,0,-1
2023010432300,2023,010432300,1,9,0,9,9,5,3,0,0,2,0,0,0,0,1,1,6,6,2,78,11,-1,3,2,FIAT 500,4,E01001939,0,-1
2023631391202,2023,631391202,2,9,0,18,19,3,7,0,0,0,1,0,1,0,2,1,6,6,2,49,8,1242,1,4,FIAT 500,4,W01000586,0,-1
2023520301780,2023,520301780,1,9,0,3,3,1,5,0,0,8,0,0,0,0,2,1,6,6,1,72,10,1242,1,7,FIAT 500,6,E01029125,0,-1
2023451365766,2023,451365766,1,9,0,16,19,5,1,0,0,0,0,0,0,0,1,1,5,6,2,22,5,1242,1,10,FIAT 500,9,E01004111,0,-1
2023622300685,2023,622300685,1,9,0,16,19,2,5,0,0,0,0,0,0,0,1,1,6,6,2,19,4,1242,1,9,FIAT 500,1,W01001303,0,-1
2023340WN3942,2023,340WN3942,2,9,0,18,19,5,1,0,0,0,0,0,0,0,3,1,6,6,2,53,8,1242,1,7,FIAT 500,7,E01027010,0,-1
2023522301591,2023,522301591,2,9,0,4,4,6,2,0,0,0,0,0,0,0,2,1,6,6,2,22,5,875,1,11,FIAT 500,10,E01014453,0,-1
2023332300073,2023,332300073,1,9,0,3,3,8,4,0,0,1,0,0,0,0,2,1,6,6,2,54,8,1242,1,7,FIAT 500,8,E01025853,0,-1
2023231371632,2023,231371632,2,9,0,2,2,0,0,0,0,2,0,0,0,0,2,1,6,6,2,25,5,1242,1,5,FIAT 500,3,E01031058,0,-1
2023070804289,2023,070804289,2,9,0,9,9,1,5,0,0,1,0,0,0,0,2,1,6,6,2,25,5,1368,1,6,FIAT 500,8,E01012485,0,-1
2023471299972,2023,471299972,1,9,0,16,19,7,3,0,0,1,0,4,7,0,1,1,5,6,1,48,8,1242,1,12,FIAT 500,7,E01031438,0,-1
2023010468293,2023,010468293,2,9,0,99,99,9,9,99,99,9,9,99,9,99,1,9,6,6,3,-1,-1,875,1,10,FIAT 500,-1,-1,0,-1
2023451259017,2023,451259017,1,9,0,18,19,1,5,0,0,0,0,0,0,0,4,1,5,6,1,28,6,875,1,8,FIAT 500,5,E01003955,0,-1
2023411365082,2023,411365082,2,9,0,12,12,5,1,0,0,0,0,0,0,0,2,1,2,2,1,37,7,999,1,3,FIAT 500,10,E01023697,0,-1
2023421333829,2023,421333829,2,9,0,18,19,2,4,0,0,2,0,0,0,0,4,1,5,6,2,70,10,1242,1,10,FIAT 500,3,E01021594,0,-1
2023461381485,2023,461381485,1,9,0,13,13,3,3,0,0,8,0,10,0,0,4,1,6,6,2,52,8,1242,1,14,FIAT 500,8,E01024511,0,-1
2023041275693,2023,041275693,1,9,0,9,9,7,5,0,0,8,0,0,0,0,1,1,5,6,2,88,11,1242,1,6,FIAT 500,6,E01025591,0,-1
2023052302073,2023,052302073,3,9,0,18,19,6,2,0,0,0,0,0,0,0,3,1,2,2,2,27,6,1242,1,10,FIAT 500,5,E01006853,0,-1
2023302400056,2023,302400056,1,9,0,18,19,1,5,0,0,0,0,0,0,0,1,1,6,6,2,16,4,875,1,10,FIAT 500,2,E01019505,0,-1
2023221307317,2023,221307317,2,9,0,18,19,8,4,0,0,0,0,0,0,0,4,1,6,6,2,20,4,1242,1,10,FIAT 500,10,E01031250,0,-1
2023332301213,2023,332301213,1,9,0,9,9,1,7,2,2,5,0,0,0,0,4,1,6,6,2,25,5,1242,1,6,FIAT 500,6,E01025995,0,-1
2023461377540,2023,461377540,2,9,0,18,19,3,7,0,0,1,0,0,0,0,4,1,6,6,2,29,6,1956,2,8,FIAT 500,8,E01024259,0,-1
2023451362563,2023,451362563,2,9,0,18,19,1,5,0,0,8,0,0,0,0,1,1,2,2,1,51,8,875,1,11,FIAT 500,-1,-1,0,-1
2023010457670,2023,010457670,2,9,0,99,99,9,9,99,99,9,9,99,9,99,1,9,6,6,3,-1,-1,1242,1,10,FIAT 500,-1,-1,0,-1
2023340WN6962,2023,340WN6962,1,9,0,18,19,5,1,0,0,6,0,0,0,0,1,1,2,2,2,20,4,1242,1,4,FIAT 500,9,E01027022,0,-1
2023111369039,2023,111369039,2,9,0,3,3,8,3,0,0,0,0,0,0,0,2,1,6,6,2,28,6,1242,1,7,FIAT 500,-1,-1,0,-1
2023071277200,2023,071277200,1,9,0,9,9,3,1,9,9,6,0,0,0,0,3,1,6,6,2,20,4,1242,1,10,FIAT 500,4,E01018329,0,-1
2023131376403,2023,131376403,1,9,0,18,19,7,3,0,0,0,0,0,0,0,1,1,6,6,2,19,4,1242,1,8,FIAT 500,4,E01011668,0,-1
2023141393922,2023,141393922,3,9,0,9,9,6,8,0,0,1,0,0,0,0,1,1,6,6,3,-1,-1,1242,1,8,FIAT 500,-1,-1,0,-1
2023411393899,2023,411393899,1,9,0,5,5,3,7,0,0,6,0,0,0,0,4,1,3,7,2,23,5,1242,1,11,FIAT 500,10,E01023468,0,-1
202360A032132,2023,60A032132,2,9,0,18,19,5,1,0,0,8,0,0,0,0,1,1,6,6,2,27,6,1242,1,9,FIAT 500,-1,-1,0,-1
2023430251148,2023,430251148,1,9,0,9,9,5,4,0,0,6,0,0,0,0,1,1,2,2,2,26,6,1242,1,10,FIAT 500,10,E01017638,0,-1
2023332301093,2023,332301093,3,9,0,18,19,6,2,0,0,8,0,0,0,0,4,1,6,6,2,60,9,1242,1,5,FIAT 500,10,E01025847,0,-1
2023010481824,2023,010481824,2,9,0,99,99,9,9,99,99,9,9,99,9,99,1,9,6,6,3,-1,-1,1368,1,8,FIAT 500,-1,-1,0,-1
2023411380817,2023,411380817,1,9,0,3,3,-1,-1,0,0,4,0,0,0,0,2,1,2,2,2,25,5,875,1,11,FIAT 500,9,E01002147,0,-1
2023010440913,2023,010440913,2,9,0,99,99,9,9,99,99,9,9,99,9,99,1,9,6,6,3,-1,-1,1242,1,9,FIAT 500,-1,-1,0,-1
2023991378945,2023,991378945,2,9,0,18,19,7,3,0,0,0,0,0,0,0,2,1,2,2,2,19,4,1242,1,8,FIAT 500,4,-1,0,-1
2023440451697,2023,440451697,2,9,0,18,19,5,1,0,0,1,0,0,7,0,4,1,6,6,2,18,4,1242,1,8,FIAT 500,7,E01023271,0,-1
2023430153207,2023,430153207,1,9,0,18,19,8,4,0,0,0,0,0,0,0,1,1,2,2,2,21,5,1242,1,14,FIAT 500,10,E01017891,0,-1
2023010451740,2023,010451740,1,9,0,99,99,9,9,99,99,9,9,99,9,99,9,9,6,6,1,60,9,875,1,11,FIAT 500,6,E01001033,0,-1
2023440417222,2023,440417222,1,9,0,18,19,4,8,0,0,0,0,2,0,0,1,1,6,6,2,61,9,1242,1,9,FIAT 500,8,E01023049,0,-1
2023531353313,2023,531353313,1,9,0,18,19,6,2,0,0,0,1,11,7,9,1,1,5,6,2,20,4,875,1,10,FIAT 500,10,E01022220,0,-1
2023161363827,2023,161363827,1,9,0,18,19,7,3,0,0,0,0,0,0,0,2,1,6,6,2,42,7,1242,1,13,FIAT 500,2,E01026095,0,-1
2023411330429,2023,411330429,3,9,0,4,4,6,2,0,0,0,0,0,0,0,2,1,2,2,2,58,9,999,1,2,FIAT 500,7,E01017564,0,-1
2023371373419,2023,371373419,1,9,0,7,7,3,4,0,0,2,0,0,0,0,1,1,6,6,2,32,6,999,1,3,FIAT 500,7,E01030009,0,-1
2023371356127,2023,371356127,1,9,0,18,19,4,1,0,0,8,0,0,0,0,4,1,5,6,1,27,6,875,1,9,FIAT 500,7,E01030239,0,-1
2023010473560,2023,010473560,1,9,0,18,19,3,7,0,0,1,0,0,0,0,1,1,6,6,1,78,11,-1,3,2,FIAT 500,3,E01003609,0,-1
2023461348907,2023,461348907,2,9,0,3,3,-1,-1,0,0,0,0,0,0,0,2,1,5,6,2,32,6,1598,2,5,FIAT 500,5,E01033087,0,-1
2023122301387,2023,122301387,1,9,0,18,19,1,5,0,0,0,2,0,1,6,3,1,2,2,2,51,8,1242,1,6,FIAT 500,8,E01027750,0,-1
2023461382658,2023,461382658,2,9,0,2,2,0,0,0,0,1,0,4,0,0,2,1,6,6,3,-1,-1,1242,1,4,FIAT 500,-1,-1,0,-1
2023031390479,2023,031390479,2,9,0,18,19,1,5,0,0,1,0,0,0,0,1,1,6,6,2,21,5,1242,1,13,FIAT 500,8,E01019399,0,-1
2023010447816,2023,010447816,2,9,0,99,99,9,9,99,99,9,9,99,9,99,1,9,6,6,3,18,4,1242,1,13,FIAT 500,6,E01000330,0,-1
2023340WN0992,2023,340WN0992,2,9,0,18,19,5,1,0,0,8,0,0,7,0,1,1,6,6,2,25,5,999,1,1,FIAT 500,6,E01026986,0,-1
2023131376385,2023,131376385,2,9,0,18,19,4,8,0,0,0,0,0,0,0,1,1,2,2,2,22,5,999,1,2,FIAT 500,9,E01011880,0,-1
2023221374219,2023,221374219,1,9,0,18,19,7,3,0,0,8,0,0,0,0,1,1,6,6,2,19,4,1242,1,10,FIAT 500,4,E01014158,0,-1
2023131278365,2023,131278365,1,9,0,9,9,8,2,0,0,0,0,0,0,0,4,1,5,6,2,28,6,1242,1,5,FIAT 500,10,E01011554,0,-1
2023371393323,2023,371393323,2,9,0,18,19,2,6,0,0,0,0,0,0,0,1,1,6,6,1,76,11,999,1,1,FIAT 500,2,E01030227,0,-1
2023411301104,2023,411301104,1,9,0,18,19,5,1,0,0,0,0,0,0,0,2,1,5,6,1,42,7,1242,1,13,FIAT 500,9,E01021826,0,-1
2023170M20473,2023,170M20473,4,9,0,3,3,1,5,0,0,0,0,0,0,0,2,1,6,6,1,36,7,1242,1,8,FIAT 500,1,E01012150,0,-1
2023070945877,2023,070945877,2,9,0,4,4,1,5,0,0,4,0,0,0,0,4,1,6,6,2,54,8,1242,1,9,FIAT 500,9,E01018644,0,-1
2023122301407,2023,122301407,2,9,0,2,2,0,0,0,0,1,0,0,0,0,3,1,6,6,3,-1,-1,1242,1,5,FIAT 500,-1,-1,0,-1
2023041320062,2023,041320062,2,9,0,3,3,7,5,0,0,6,0,0,0,0,3,1,5,6,2,19,4,1242,1,10,FIAT 500,10,E01025466,0,-1
2023451272287,2023,451272287,1,9,0,18,19,8,4,0,0,0,0,0,0,0,2,1,2,2,1,65,9,1242,1,13,FIAT 500,9,E01030605,0,-1
2023010447001,2023,010447001,2,9,0,99,99,9,9,99,99,9,9,99,9,99,0,9,6,6,3,-1,-1,1242,1,12,FIAT 500,-1,-1,0,-1
2023991362305,2023,991362305,1,9,0,18,19,1,5,0,0,1,0,0,0,0,1,2,3,7,1,50,8,1242,1,10,FIAT 500,8,-1,0,-1
2023430057044,2023,430057044,1,9,0,18,19,1,5,0,0,1,0,0,0,0,1,1,1,1,2,36,7,1242,1,11,FIAT 500,-1,-1,0,-1
2023201417702,2023,201417702,1,9,0,9,9,6,4,0,0,2,0,0,0,0,3,1,1,1,2,38,7,1242,1,12,FIAT 500,3,E01009232,0,-1
2023451332938,2023,451332938,2,9,0,18,19,4,8,0,0,1,0,0,0,0,1,1,5,6,2,56,9,1242,1,13,FIAT 500,10,E01030883,0,-1
2023070329237,2023,070329237,2,9,0,18,19,5,1,0,0,0,1,0,0,0,3,1,6,6,1,35,6,1242,1,4,FIAT 500,-1,-1,0,-1
2023061339952,2023,061339952,2,9,0,18,19,2,7,0,0,0,0,0,1,11,2,1,5,6,2,67,10,999,1,2,FIAT 500,9,E01025553,0,-1
2023010471968,2023,010471968,1,9,0,99,99,9,9,0,0,1,0,0,0,0,1,1,2,2,2,51,8,1368,1,14,FIAT 500,3,E01002564,0,-1
2023351387304,2023,351387304,2,9,0,18,19,-1,-1,0,0,0,0,0,0,0,1,1,6,6,2,41,7,999,1,2,FIAT 500,5,E01033176,0,-1
2023111323972,2023,111323972,2,9,0,18,19,1,5,0,0,1,0,0,0,0,1,1,3,7,2,21,5,1242,1,11,FIAT 500,8,E01020623,0,-1
2023501266700,2023,501266700,1,9,0,18,19,2,6,0,0,0,1,0,1,4,1,1,2,2,2,26,6,1242,1,8,FIAT 500,7,E01020075,0,-1
2023471364314,2023,471364314,1,9,0,5,5,3,3,0,0,0,0,0,0,0,3,1,3,7,1,55,8,1598,2,7,FIAT 500,3,E01021090,0,-1
2023430131514,2023,430131514,2,9,0,10,10,1,7,0,0,1,0,0,0,0,2,1,6,6,2,40,7,1242,1,8,FIAT 500,3,E01016804,0,-1
2023543014323,2023,543014323,3,9,0,2,2,0,0,0,0,0,0,0,0,0,2,1,6,6,3,-1,-1,-1,3,1,FIAT 500,-1,-1,0,-1
2023320002379,2023,320002379,1,9,0,18,19,2,6,0,0,0,0,0,7,4,3,1,6,6,1,17,4,1242,1,5,FIAT 500,7,E01026053,0,-1
2023451365595,2023,451365595,1,9,0,18,19,5,1,0,0,0,0,0,0,0,2,1,2,2,2,18,4,1242,1,10,FIAT 500,5,E01030482,0,-1
2023421353662,2023,421353662,1,9,0,18,19,1,5,0,0,0,0,0,0,0,3,1,6,6,2,34,6,1368,1,6,FIAT 500,5,E01021770,0,-1
2023451299112,2023,451299112,3,9,0,18,19,5,1,0,0,0,0,0,0,0,2,1,5,6,2,20,4,1242,1,4,FIAT 500,9,E01029184,0,-1
2023010484744,2023,010484744,2,9,9,99,99,9,9,99,99,9,9,99,9,99,9,9,6,6,3,48,8,-1,3,1,FIAT 500,6,E01003254,0,-1
2023221383948,2023,221383948,1,9,0,18,19,4,7,0,0,0,1,0,1,4,1,1,2,2,2,29,6,1242,1,14,FIAT 500,9,E01032143,0,-1
2023411364547,2023,411364547,2,9,0,18,19,5,1,0,0,0,0,0,0,0,2,1,6,6,2,79,11,1242,1,9,FIAT 500,9,E01017495,0,-1
2023201280779,2023,201280779,1,9,0,9,9,5,3,0,0,5,0,0,0,0,4,1,6,6,2,-1,-1,1242,1,8,FIAT 500,5,E01009594,0,-1
2023320054924,2023,320054924,2,9,0,18,19,8,4,0,0,0,5,0,1,9,0,1,1,1,1,27,6,999,1,2,FIAT 500,-1,-1,0,-1
2023371349616,2023,371349616,1,9,0,18,19,7,3,0,0,0,0,0,0,0,1,1,5,6,2,20,4,1242,1,15,FIAT 500,5,E01030229,0,-1
2023421323390,2023,421323390,1,9,0,5,5,5,1,0,0,2,0,0,0,0,1,1,5,6,2,80,11,1242,1,12,FIAT 500,10,E01021580,0,-1
2023131265241,2023,131265241,1,9,0,12,12,8,1,0,0,1,0,0,0,0,3,1,5,6,2,23,5,1368,1,6,FIAT 500,10,E01011453,0,-1
2023311350147,2023,311350147,2,9,0,18,19,1,5,0,0,0,0,0,0,0,1,1,2,2,2,32,6,1242,1,12,FIAT 500,7,E01028250,0,-1
2023552300952,2023,552300952,1,9,0,9,9,8,6,0,0,5,0,0,0,0,1,1,6,6,1,60,9,999,1,2,FIAT 500,-1,-1,0,-1
2023340NN1142,2023,340NN1142,1,9,0,17,19,8,4,0,0,0,0,0,0,0,1,1,6,6,2,23,5,1242,1,11,FIAT 500,9,E01025798,0,-1
2023161379735,2023,161379735,1,9,0,3,3,6,2,0,0,8,0,0,0,0,2,1,5,6,2,23,5,1242,1,9,FIAT 500,5,E01013048,0,-1
2023131330000,2023,131330000,2,9,0,11,11,5,1,0,0,2,0,0,0,0,4,1,2,2,2,41,7,1242,1,8,FIAT 500,-1,-1,0,-1
2023421313032,2023,421313032,2,9,0,18,19,7,3,0,0,1,0,0,0,0,1,1,5,6,2,23,5,1242,1,10,FIAT 500,1,E01022027,0,-1
2023501322412,2023,501322412,1,9,0,11,11,6,2,0,0,8,2,10,0,0,4,1,6,6,2,53,8,1242,1,11,FIAT 500,5,E01020303,0,-1
2023052301201,2023,052301201,2,9,0,18,19,4,8,0,0,8,2,0,0,0,4,1,6,6,2,61,9,1242,1,5,FIAT 500,9,E01006597,0,-1
2023501375700,2023,501375700,2,9,0,3,3,4,8,0,0,0,0,0,0,0,2,1,6,6,1,38,7,1242,1,11,FIAT 500,5,E01015037,0,-1
2023501322426,2023,501322426,1,9,0,4,4,7,3,0,0,1,0,11,0,0,1,1,6,6,1,23,5,1368,1,12,FIAT 500,-1,-1,0,-1
2023170H10463,2023,170H10463,1,9,0,18,19,1,5,0,0,1,0,0,0,0,4,1,6,6,2,47,8,1242,1,9,FIAT 500,3,E01011987,0,-1
2023231313186,2023,231313186,1,9,0,18,19,8,4,0,0,0,0,0,0,0,1,1,5,6,2,33,6,1598,2,8,FIAT 500,9,E01027208,0,-1
2023010469405,2023,010469405,2,9,0,99,99,9,9,99,99,9,9,99,9,99,9,9,6,6,3,-1,-1,999,1,0,FIAT 500,2,E01002786,0,-1
2023041316785,2023,041316785,1,9,0,7,7,6,1,0,0,6,0,0,0,0,3,1,5,6,2,76,11,1242,1,11,FIAT 500,8,E01025090,0,-1
2023430345575,2023,430345575,1,9,0,18,19,1,5,0,0,2,0,0,0,0,4,1,6,6,1,-1,-1,-1,3,2,FIAT 500,-1,-1,0,-1
2023141322085,2023,141322085,1,9,0,9,9,3,1,0,0,6,0,0,0,0,1,1,6,6,2,24,5,1242,1,6,FIAT 500,7,E01007743,0,-1
2023421371912,2023,421371912,1,9,0,18,19,3,5,0,0,3,0,0,0,0,3,1,1,1,2,51,8,999,1,0,FIAT 500,7,E01021887,0,-1
2023161352859,2023,161352859,1,9,0,18,19,3,7,0,0,8,0,0,0,0,4,1,6,6,2,18,4,1242,1,12,FIAT 500,7,E01013289,0,-1
2023371322974,2023,371322974,1,9,0,18,19,3,7,0,0,0,0,0,0,0,4,1,6,6,2,65,9,1242,1,4,FIAT 500,8,E01030086,0,-1
2023010426991,2023,010426991,1,9,0,9,9,7,4,0,0,1,0,0,0,0,1,1,6,6,1,29,6,1242,1,13,FIAT 500,3,E01002612,0,-1
2023351355886,2023,351355886,1,9,0,17,19,5,1,0,0,0,0,0,1,4,4,1,2,2,2,22,5,1242,1,5,FIAT 500,7,E01018082,0,-1
2023320586850,2023,320586850,2,9,0,18,19,4,8,0,0,8,0,0,1,0,3,1,6,6,2,59,9,1242,1,11,FIAT 500,2,E01026277,0,-1
2023201340191,2023,201340191,1,9,0,5,5,3,7,0,0,8,0,0,0,0,4,1,6,6,2,44,7,999,1,2,FIAT 500,2,E01010003,0,-1
2023010437992,2023,010437992,1,9,0,9,9,4,1,0,0,1,0,0,0,0,1,1,1,1,1,41,7,1242,1,9,FIAT 500,10,E01016051,0,-1
2023010441844,2023,010441844,2,9,0,99,99,9,9,99,99,0,9,99,9,99,2,9,6,6,1,33,6,1242,1,14,FIAT 500,4,E01000780,0,-1
2023552300296,2023,552300296,1,9,0,18,19,5,1,0,0,0,0,0,0,0,1,1,6,6,2,18,4,1242,1,10,FIAT 500,-1,-1,0,-1
2023461298033,2023,461298033,2,9,0,3,3,7,3,0,0,0,0,0,0,0,2,1,6,6,3,19,4,1242,1,7,FIAT 500,2,E01024500,0,-1
2023351267219,2023,351267219,1,9,-1,17,19,-1,-1,0,0,0,1,10,7,9,4,1,5,6,2,18,4,1242,1,10,FIAT 500,9,E01018209,0,-1
2023531270159,2023,531270159,1,9,0,18,19,1,5,0,0,4,0,0,0,0,1,1,2,2,2,18,4,1242,1,15,FIAT 500,4,E01022156,0,-1
2023411365869,2023,411365869,1,9,0,18,19,1,5,0,0,1,0,0,0,0,1,1,2,2,1,51,8,999,1,3,FIAT 500,5,E01023475,0,-1
2023070731791,2023,070731791,2,9,0,9,9,7,5,0,0,8,0,0,0,0,3,1,6,6,2,34,6,1598,1,6,FIAT 500,2,E01012379,0,-1
2023141273978,2023,141273978,1,9,0,18,19,7,3,0,0,1,0,0,0,0,1,1,5,6,2,21,5,1242,1,13,FIAT 500,6,E01007771,0,-1
2023122300653,2023,122300653,2,9,0,9,9,7,5,0,0,8,0,0,0,0,1,1,6,6,2,18,4,1242,1,9,FIAT 500,10,E01013376,0,-1
2023010457529,2023,010457529,1,9,0,18,19,7,3,0,0,1,2,10,6,3,1,1,6,6,1,57,9,1242,1,9,FIAT 500,8,E01002322,0,-1
2023332300585,2023,332300585,2,9,0,18,19,1,5,0,0,0,0,0,1,0,1,1,6,6,1,61,9,-1,3,0,FIAT 500,7,E01025889,0,-1
2023161282034,2023,161282034,1,9,0,18,19,8,4,0,0,0,0,0,6,4,1,1,2,2,2,56,9,1242,1,10,FIAT 500,9,E01013115,0,-1
2023010428398,2023,010428398,2,9,0,99,99,9,9,99,99,9,9,99,9,99,9,9,6,6,3,-1,-1,1242,1,11,FIAT 500,2,E01001849,0,-1
2023411393954,2023,411393954,4,9,0,18,19,1,5,0,0,0,0,0,0,0,2,1,5,6,2,21,5,875,1,11,FIAT 500,8,E01023485,0,-1
2023552400128,2023,552400128,1,9,0,7,7,6,8,4,4,6,0,0,0,0,4,1,6,6,2,35,6,1242,1,10,FIAT 500,3,E01015381,0,-1
2023461369641,2023,461369641,1,9,0,18,19,7,3,0,0,0,0,0,0,0,1,1,6,6,1,34,6,1242,1,14,FIAT 500,2,E01024315,0,-1
2023622300228,2023,622300228,1,9,0,9,9,6,4,0,0,8,0,0,0,0,1,1,6,6,2,75,10,1242,1,11,FIAT 500,2,W01001064,0,-1
2023161323197,2023,161323197,1,9,0,16,19,2,6,0,0,8,0,0,0,0,2,1,6,6,2,48,8,1242,1,11,FIAT 500,4,E01012820,0,-1
2023522301089,2023,522301089,1,9,0,18,19,2,6,0,0,8,0,0,0,0,1,1,6,6,1,28,6,1242,1,13,FIAT 500,1,E01019280,0,-1
2023451329577,2023,451329577,1,9,0,18,19,1,5,0,0,0,0,0,1,4,1,1,6,6,2,20,4,875,1,10,FIAT 500,9,E01030976,0,-1
2023340NN0822,2023,340NN0822,2,9,0,18,19,5,8,0,0,8,0,0,1,11,3,1,6,6,3,-1,-1,1598,2,7,FIAT 500,-1,-1,0,-1
2023631368495,2023,631368495,2,9,0,18,19,5,1,0,0,1,5,0,0,0,3,1,5,6,2,73,10,999,1,0,FIAT 500,7,W01000083,0,-1
2023471334005,2023,471334005,1,9,0,18,19,6,3,0,0,0,0,0,0,0,1,1,5,6,1,79,11,875,1,7,FIAT 500,6,E01031770,0,-1
2023501331946,2023,501331946,1,9,0,18,19,2,6,0,0,1,5,4,0,0,1,1,5,6,2,57,9,1242,1,3,FIAT 500,-1,-1,0,-1
2023320177346,2023,320177346,1,9,0,9,9,6,4,0,0,8,0,0,0,0,1,1,6,6,2,54,8,1242,1,3,FIAT 500,7,E01026137,0,-1
2023401300227,2023,401300227,1,9,0,5,5,7,5,8,6,0,0,0,0,0,1,1,5,6,2,30,6,1242,1,15,FIAT 500,6,E01017554,0,-1
2023010453961,2023,010453961,1,9,0,14,14,1,5,0,0,3,0,0,0,0,1,1,6,6,2,27,6,1242,1,10,FIAT 500,9,E01023674,0,-1
2023332300360,2023,332300360,1,9,0,18,19,2,6,7,6,0,5,0,1,0,1,1,6,6,2,42,7,1242,1,14,FIAT 500,6,E01025740,0,-1