collision_index,collision_year,collision_ref_no,vehicle_reference,vehicle_type,towing_and_articulation,vehicle_manoeuvre_historic,vehicle_manoeuvre,vehicle_direction_from,vehicle_direction_to,vehicle_location_restricted_lane_historic,vehicle_location_restricted_lane,junction_location,skidding_and_overturning,hit_object_in_carriageway,vehicle_leaving_carriageway,hit_object_off_carriageway,first_point_of_impact,vehicle_left_hand_drive,journey_purpose_of_driver_historic,journey_purpose_of_driver,sex_of_driver,age_of_driver,age_band_of_driver,engine_capacity_cc,propulsion_code,age_of_vehicle,generic_make_model,driver_imd_decile,lsoa_of_driver,escooter_flag,driver_distance_banding
2023010463437,2023,010463437,3,9,0,99,99,9,9,99,99,9,9,99,9,99,0,9,6,6,2,-1,-1,1242,1,14,FIAT 500,-1,-1,0,-1
2023421331995,2023,421331995,2,9,0,4,4,3,6,0,0,0,0,0,0,0,2,1,5,6,2,20,4,1242,1,9,FIAT 500,7,E01021344,0,-1
2023221328964,2023,221328964,1,9,0,4,4,3,7,0,0,1,0,0,0,0,4,1,5,6,2,70,10,1368,1,8,FIAT 500,7,E01032459,0,-1
2023351409330,2023,351409330,1,9,0,18,19,4,8,0,0,0,0,0,0,0,1,1,6,6,2,39,7,999,1,1,FIAT 500,5,E01002261,0,-1
2023461374070,2023,461374070,1,9,0,18,19,7,3,0,0,0,1,0,7,0,2,1,6,6,1,29,6,1242,1,10,FIAT 500,4,E01024841,0,-1
2023010438236,2023,010438236,1,9,0,9,9,5,3,0,0,8,0,0,0,0,2,1,6,6,2,22,5,1242,1,15,FIAT 500,2,E01033726,0,-1
2023201387927,2023,201387927,2,9,0,18,19,2,6,0,0,8,0,0,0,0,3,1,2,2,2,25,5,999,1,1,FIAT 500,3,E01033565,0,-1
2023170H10763,2023,170H10763,1,9,0,9,9,7,5,0,0,8,0,0,0,0,1,1,6,6,1,90,11,1242,1,10,FIAT 500,-1,-1,0,-1
2023010460642,2023,010460642,1,9,0,7,7,7,2,0,0,1,0,0,0,0,4,1,6,6,2,34,6,1242,1,4,FIAT 500,2,E01004404,0,-1
2023161269311,2023,161269311,2,9,0,3,3,7,3,0,0,0,0,0,0,0,2,1,6,6,2,28,6,1242,1,5,FIAT 500,8,E01013033,0,-1
2023161317777,2023,161317777,1,9,0,18,19,6,2,0,0,1,0,0,0,0,1,1,5,6,2,17,4,1242,1,10,FIAT 500,10,E01012958,0,-1
2023302301330,2023,302301330,2,9,0,18,19,6,2,0,0,8,0,0,0,0,3,1,6,6,2,68,10,-1,3,0,FIAT 500,9,E01019624,0,-1
2023991317497,2023,991317497,1,9,0,18,19,3,7,0,0,0,0,0,0,0,1,1,2,2,2,20,4,1242,1,11,FIAT 500,10,-1,0,-1
2023010467514,2023,010467514,1,9,0,9,9,1,7,2,2,2,0,0,0,0,1,1,2,2,2,26,6,-1,3,1,FIAT 500,-1,-1,0,-1
2023545426123,2023,545426123,4,9,0,18,19,6,2,0,0,1,0,0,0,0,3,1,2,2,2,39,7,1242,1,4,FIAT 500,9,E01031878,0,-1
2023440194054,2023,440194054,2,9,0,18,19,1,5,0,0,8,0,0,0,0,1,1,6,6,2,20,4,1368,1,15,FIAT 500,3,E01017075,0,-1
2023041309387,2023,041309387,1,9,0,18,19,1,5,0,0,0,0,0,0,0,4,1,5,6,1,79,11,1598,1,7,FIAT 500,9,E01025303,0,-1
2023991316937,2023,991316937,3,9,0,18,19,3,6,0,0,0,0,0,0,0,1,1,6,6,2,52,8,999,1,1,FIAT 500,1,-1,0,-1
2023440444302,2023,440444302,2,9,0,13,13,7,3,0,0,0,0,0,0,0,4,1,6,6,1,51,8,1242,1,7,FIAT 500,10,E01023214,0,-1
2023211333319,2023,211333319,2,9,0,3,3,8,4,0,0,1,0,0,0,0,0,1,5,6,2,76,11,1242,1,4,FIAT 500,1,E01014328,0,-1
2023070533953,2023,070533953,1,9,0,17,19,8,4,0,0,0,2,0,0,0,4,1,6,6,2,29,6,1242,1,13,FIAT 500,-1,-1,0,-1
2023531381153,2023,531381153,1,9,0,9,9,8,4,0,0,8,0,0,0,0,3,1,5,6,2,18,4,1242,1,13,FIAT 500,10,E01022439,0,-1
2023010427867,2023,010427867,1,9,0,99,99,9,9,99,99,9,9,99,9,99,2,1,6,6,1,26,6,1248,2,7,FIAT 500,5,E01032783,0,-1
2023401372624,2023,401372624,1,9,-1,-1,-1,-1,-1,-1,-1,0,-1,-1,-1,0,-1,1,6,6,2,32,6,1242,1,14,FIAT 500,-1,-1,0,-1
2023430413018,2023,430413018,1,9,0,9,9,8,6,0,0,6,0,0,0,0,1,1,2,2,2,20,4,1242,1,10,FIAT 500,7,E01031508,0,-1
2023421326336,2023,421326336,1,9,0,4,4,7,3,0,0,0,0,0,0,0,1,1,5,6,2,18,4,1242,1,6,FIAT 500,7,E01021882,0,-1
2023451370972,2023,451370972,3,9,0,18,19,1,5,0,0,0,0,0,0,0,0,1,5,6,2,31,6,999,1,2,FIAT 500,5,E01031599,0,-1
2023501281480,2023,501281480,4,9,0,2,2,0,0,0,0,0,0,0,0,0,1,1,6,6,3,-1,-1,999,1,1,FIAT 500,-1,-1,0,-1
2023421291927,2023,421291927,2,9,0,18,19,8,6,0,0,8,0,0,0,0,3,1,2,2,2,49,8,1242,1,4,FIAT 500,4,E01021598,0,-1
2023440104667,2023,440104667,1,9,0,18,19,6,2,0,0,8,0,0,1,0,3,1,6,6,2,73,10,1242,1,8,FIAT 500,3,E01023055,0,-1
2023141362308,2023,141362308,2,9,0,2,2,0,0,9,9,8,0,0,0,0,1,1,6,6,3,-1,-1,1242,1,10,FIAT 500,-1,-1,0,-1
2023201444619,2023,201444619,2,9,0,3,3,2,6,0,0,1,0,0,0,0,2,1,6,6,2,30,6,1242,1,9,FIAT 500,3,E01009256,0,-1
2023010441843,2023,010441843,2,9,0,99,99,9,9,99,99,9,9,99,9,99,9,9,6,6,3,-1,-1,-1,3,1,FIAT 500,-1,-1,0,-1
2023440435341,2023,440435341,2,9,0,14,14,6,2,0,0,1,0,0,0,0,1,1,6,6,2,68,10,1242,1,10,FIAT 500,10,E01023005,0,-1
2023361341863,2023,361341863,2,9,0,10,10,1,6,0,0,1,0,0,0,0,1,1,5,6,2,53,8,1242,1,11,FIAT 500,6,E01026553,0,-1
2023201315852,2023,201315852,2,9,0,17,19,8,6,0,0,2,0,0,0,0,1,1,6,6,1,-1,-1,1242,1,10,FIAT 500,4,E01009590,0,-1
2023141316502,2023,141316502,2,9,0,3,3,7,4,0,0,1,0,0,0,0,3,1,5,6,2,22,5,1242,1,11,FIAT 500,1,E01007508,0,-1
2023540690323,2023,540690323,2,9,0,4,4,3,7,0,0,0,0,0,0,0,2,1,6,6,2,19,4,1242,1,11,FIAT 500,7,E01029060,0,-1
2023101282753,2023,101282753,2,9,0,3,3,1,5,0,0,0,0,0,0,0,2,1,6,6,2,62,9,1242,1,12,FIAT 500,10,E01008238,0,-1
2023421380901,2023,421380901,1,9,0,9,9,3,1,6,6,1,2,0,0,0,1,1,5,6,2,31,6,1242,1,11,FIAT 500,4,E01021451,0,-1
2023501357861,2023,501357861,1,9,0,7,7,5,7,0,0,0,5,10,0,0,4,1,6,6,1,38,7,1242,1,3,FIAT 500,-1,-1,0,-1
2023451306836,2023,451306836,1,9,0,3,3,1,5,0,0,0,0,0,0,0,2,1,2,2,1,51,8,1368,1,6,FIAT 500,8,E01030794,0,-1
2023231305266,2023,231305266,1,9,0,1,1,1,5,0,0,0,0,0,0,0,2,1,6,6,2,49,8,1242,1,4,FIAT 500,7,E01031248,0,-1
2023520301261,2023,520301261,2,9,0,18,19,4,8,0,0,0,0,0,0,0,1,1,6,6,2,62,9,1242,1,9,FIAT 500,6,E01020529,0,-1
2023461312802,2023,461312802,1,9,0,1,1,3,5,9,9,0,0,0,1,0,2,1,6,6,2,72,10,1242,1,12,FIAT 500,6,E01024456,0,-1
2023471330764,2023,471330764,1,9,0,18,19,1,5,0,0,0,0,0,0,0,3,1,3,7,2,50,8,-1,3,1,FIAT 500,4,E01031806,0,-1
2023141367703,2023,141367703,1,9,0,6,6,7,3,0,0,2,0,0,0,0,1,1,5,6,2,60,9,1242,1,12,FIAT 500,7,E01007985,0,-1
2023311314404,2023,311314404,1,9,0,4,4,8,5,0,0,1,0,0,0,0,1,1,6,6,2,18,4,1242,1,15,FIAT 500,8,E01026291,0,-1
2023010477541,2023,010477541,1,9,0,18,19,5,1,0,0,2,1,0,0,0,1,1,6,6,2,33,6,875,1,10,FIAT 500,7,E01000462,0,-1
2023201385992,2023,201385992,2,9,0,3,3,6,2,0,0,0,0,0,0,0,2,1,6,6,2,44,7,1242,1,4,FIAT 500,8,E01009814,0,-1
2023201408580,2023,201408580,1,9,0,18,19,2,6,0,0,1,0,0,0,0,4,1,6,6,2,27,6,1242,1,12,FIAT 500,2,E01009991,0,-1
2023541012223,2023,541012223,3,9,0,8,8,0,1,0,0,1,0,0,0,0,2,1,6,6,1,-1,-1,875,1,12,FIAT 500,6,E01014900,0,-1
2023531312391,2023,531312391,2,9,0,18,19,2,6,0,0,8,0,0,0,0,3,1,5,6,2,19,4,1242,1,12,FIAT 500,8,E01032712,0,-1
2023221297714,2023,221297714,3,9,0,4,4,1,5,0,0,1,0,0,0,0,2,1,5,6,2,20,4,1242,1,14,FIAT 500,7,E01028950,0,-1
2023141291160,2023,141291160,1,9,0,18,19,1,5,0,0,3,0,0,0,0,2,1,6,6,2,26,6,1242,1,10,FIAT 500,2,E01007697,0,-1
2023052301531,2023,052301531,1,9,0,9,9,1,7,0,0,8,0,0,0,0,4,1,6,6,1,24,5,1242,1,8,FIAT 500,6,E01006503,0,-1
2023221265282,2023,221265282,1,9,0,18,19,1,5,0,0,0,0,0,0,0,1,1,6,6,2,30,6,1598,1,8,FIAT 500,4,E01014073,0,-1
2023010471555,2023,010471555,1,9,0,18,19,7,3,0,0,2,0,0,0,0,1,1,2,2,2,58,9,875,1,6,FIAT 500,8,E01004623,0,-1
2023461323476,2023,461323476,1,9,0,9,9,3,7,0,0,2,0,0,0,0,3,1,6,6,2,17,4,1242,1,15,FIAT 500,3,E01024713,0,-1
2023041260024,2023,041260024,1,9,0,18,19,5,1,0,0,8,0,0,0,0,1,1,6,6,1,57,9,1242,1,10,FIAT 500,6,E01025514,0,-1
2023471305998,2023,471305998,2,9,0,17,19,8,2,0,0,0,1,0,1,9,1,1,5,6,2,20,4,1242,1,13,FIAT 500,9,E01021208,0,-1
2023421359684,2023,421359684,1,9,0,6,6,1,5,0,0,0,0,0,0,0,3,1,1,1,1,38,7,1242,1,9,FIAT 500,7,E01021538,0,-1
2023010452352,2023,010452352,2,9,0,99,99,9,9,99,99,9,9,99,9,99,1,9,6,6,3,49,8,-1,3,1,FIAT 500,8,E01002820,0,-1
2023041355843,2023,041355843,3,9,0,18,19,7,3,0,0,0,0,0,0,0,1,1,6,6,1,25,5,1368,1,7,FIAT 500,7,E01012592,0,-1
2023471365252,2023,471365252,1,9,0,18,19,1,5,0,0,0,5,0,1,4,1,1,2,2,2,20,4,875,1,12,FIAT 500,10,E01030941,0,-1
2023991273032,2023,991273032,1,9,0,18,19,7,3,0,0,0,0,0,5,6,1,1,5,6,2,18,4,1242,1,12,FIAT 500,7,-1,0,-1
2023991304185,2023,991304185,1,9,0,18,19,5,1,0,0,1,1,11,1,2,1,1,5,6,2,20,4,1242,1,8,FIAT 500,3,-1,0,-1
2023421382708,2023,421382708,1,9,0,11,11,7,3,0,0,2,1,0,0,0,4,1,2,2,2,18,4,1242,1,9,FIAT 500,2,E01021268,0,-1
2023501360819,2023,501360819,2,9,0,18,19,2,1,0,0,0,0,0,0,0,1,1,6,6,2,50,8,1242,1,14,FIAT 500,3,E01019005,0,-1
2023501324997,2023,501324997,4,9,0,4,4,2,6,0,0,2,0,0,0,0,2,1,6,6,2,23,5,999,1,1,FIAT 500,3,E01015162,0,-1
2023211299929,2023,211299929,2,9,0,18,19,6,2,0,0,1,0,0,0,0,3,1,6,6,2,30,6,1242,1,4,FIAT 500,3,E01029725,0,-1
2023991341106,2023,991341106,2,9,0,18,19,8,4,0,0,8,0,0,0,0,1,1,5,6,1,24,5,999,1,2,FIAT 500,5,-1,0,-1
2023421311670,2023,421311670,1,9,0,9,9,5,3,0,0,0,0,0,0,0,4,1,6,6,1,34,6,1242,1,8,FIAT 500,6,E01004351,0,-1
2023451318732,2023,451318732,2,9,0,18,19,7,3,0,0,1,0,0,0,0,2,1,5,6,2,29,6,1242,1,5,FIAT 500,5,E01030457,0,-1
2023131344668,2023,131344668,2,9,0,18,19,7,3,0,0,0,0,0,0,0,1,1,6,6,2,54,8,1242,1,7,FIAT 500,6,E01010882,0,-1
2023061388430,2023,061388430,3,9,0,18,19,3,8,0,0,2,0,0,1,11,2,1,5,6,2,41,7,999,1,2,FIAT 500,-1,-1,0,-1
2023461372180,2023,461372180,1,9,0,5,5,5,1,0,0,1,0,0,0,0,4,1,6,6,1,37,7,875,1,11,FIAT 500,3,E01000465,0,-1
2023332300735,2023,332300735,1,9,0,7,7,2,4,0,0,5,0,0,0,0,3,1,6,6,2,20,4,1242,1,10,FIAT 500,2,E01013676,0,-1
2023548976123,2023,548976123,2,9,0,4,4,2,7,0,0,0,0,0,0,0,4,1,6,6,2,17,4,875,1,11,FIAT 500,7,E01031891,0,-1
2023461369700,2023,461369700,1,9,0,9,9,2,8,0,0,2,0,0,0,0,1,1,3,7,2,40,7,-1,3,2,FIAT 500,-1,-1,0,-1
2023320716400,2023,320716400,2,9,0,18,19,8,4,0,0,1,0,0,0,0,4,1,2,2,2,22,5,1242,1,14,FIAT 500,4,E01026057,0,-1
2023991305022,2023,991305022,1,9,0,18,19,4,8,0,0,1,0,0,0,0,1,1,3,7,2,37,7,1242,1,11,FIAT 500,3,-1,0,-1
2023010469329,2023,010469329,2,9,0,18,19,3,7,0,0,8,0,0,0,0,3,1,6,6,2,22,5,1242,1,12,FIAT 500,7,E01030651,0,-1
202360A013263,2023,60A013263,2,9,0,4,4,2,6,0,0,1,0,0,0,0,1,1,4,7,2,18,4,1242,1,5,FIAT 500,-1,-1,0,-1
2023061357460,2023,061357460,2,9,0,9,9,8,6,0,0,1,0,0,0,0,1,1,6,6,3,45,7,1242,1,7,FIAT 500,-1,-1,0,-1
2023061373525,2023,061373525,2,9,0,3,3,5,1,0,0,0,0,0,0,0,2,1,5,6,2,18,4,1242,1,9,FIAT 500,4,E01028252,0,-1
2023340NN1352,2023,340NN1352,2,9,0,3,3,8,5,0,0,8,0,0,0,0,1,1,6,6,2,70,10,1598,2,8,FIAT 500,6,E01026953,0,-1
2023141288164,2023,141288164,2,9,0,2,2,0,0,6,6,0,0,0,0,0,2,1,6,6,3,-1,-1,1242,1,5,FIAT 500,-1,-1,0,-1
2023991317620,2023,991317620,2,9,0,2,2,5,1,0,0,0,0,0,1,0,2,1,5,6,2,19,4,1242,1,5,FIAT 500,-1,-1,0,-1
2023421267554,2023,421267554,1,9,0,14,14,7,3,0,0,0,0,0,0,0,4,1,5,6,1,50,8,1242,1,11,FIAT 500,8,E01021405,0,-1
2023451383607,2023,451383607,1,9,0,18,19,-1,-1,0,0,0,0,-1,-1,0,-1,1,6,6,3,-1,-1,1242,1,8,FIAT 500,-1,-1,0,-1
2023041318601,2023,041318601,2,9,0,16,19,1,5,0,0,0,0,0,1,11,3,1,5,6,2,27,6,1242,1,12,FIAT 500,7,E01025028,0,-1
2023552301290,2023,552301290,1,9,0,18,19,8,4,0,0,0,5,0,1,11,1,1,6,6,2,19,4,1242,1,8,FIAT 500,6,E01015355,0,-1
2023440165991,2023,440165991,2,9,0,18,19,1,5,0,0,0,0,4,0,0,3,1,2,2,2,21,5,1242,1,15,FIAT 500,2,E01022819,0,-1
2023141305841,2023,141305841,1,9,0,4,4,8,4,0,0,2,0,0,0,0,1,1,5,6,2,22,5,1242,1,13,FIAT 500,4,E01008000,0,-1
2023440089936,2023,440089936,2,9,0,17,19,5,1,0,0,1,0,0,0,0,1,1,6,6,2,40,7,1248,2,8,FIAT 500,3,E01023157,0,-1
2023010454451,2023,010454451,1,9,0,18,19,5,1,0,0,1,0,7,0,0,1,1,6,6,2,17,4,1242,1,13,FIAT 500,5,E01024156,0,-1
2023451294778,2023,451294778,1,9,0,3,3,1,3,0,0,1,0,0,0,0,0,1,5,6,2,30,6,1242,1,12,FIAT 500,9,E01002967,0,-1
2023131295692,2023,131295692,2,9,0,10,10,0,0,0,0,0,0,0,0,0,2,1,1,1,1,46,8,1242,1,6,FIAT 500,9,E01010769,0,-1
2023461287410,2023,461287410,2,9,0,4,4,3,7,0,0,8,0,0,0,0,2,1,6,6,2,33,6,1242,1,13,FIAT 500,6,E01021110,0,-1
2023501303287,2023,501303287,1,9,0,13,13,3,8,0,0,0,2,0,0,0,2,1,1,1,1,42,7,1242,1,6,FIAT 500,6,E01019971,0,-1
2023010422421,2023,010422421,2,9,0,99,99,9,9,99,99,9,9,99,9,99,2,9,6,6,3,-1,-1,1242,1,9,FIAT 500,-1,-1,0,-1
2023302301935,2023,302301935,1,9,0,16,19,4,7,0,0,0,2,0,7,11,3,1,6,6,2,18,4,1242,1,9,FIAT 500,9,E01029377,0,-1
2023451391533,2023,451391533,2,9,0,18,19,7,3,0,0,0,0,0,1,0,3,1,5,6,1,63,9,1242,1,11,FIAT 500,10,E01030878,0,-1
2023471374175,2023,471374175,1,9,0,18,19,1,5,0,0,0,0,0,0,0,1,1,5,6,2,63,9,999,1,2,FIAT 500,4,E01031788,0,-1
2023131302422,2023,131302422,1,9,0,18,19,3,7,0,0,0,0,0,0,0,4,1,5,6,2,23,5,1242,1,10,FIAT 500,4,E01011717,0,-1
2023461347850,2023,461347850,2,9,0,18,19,7,3,0,0,0,1,0,0,0,4,1,5,6,2,28,6,1242,1,9,FIAT 500,10,E01024782,0,-1
2023010449955,2023,010449955,1,9,0,18,19,1,5,0,0,4,0,0,0,0,1,1,6,6,2,39,7,999,1,2,FIAT 500,9,E01024821,0,-1
2023052301552,2023,052301552,1,9,0,18,19,6,2,0,0,2,0,0,0,0,4,1,6,6,2,50,8,1242,1,10,FIAT 500,1,E01006753,0,-1
2023440379745,2023,440379745,2,9,0,18,19,4,8,0,0,8,0,0,0,0,1,1,2,2,2,29,6,1242,1,9,FIAT 500,7,E01023168,0,-1
2023451290412,2023,451290412,2,9,0,18,19,5,5,0,0,1,0,0,0,0,1,1,5,6,2,83,11,875,1,10,FIAT 500,7,E01030583,0,-1
2023471368713,2023,471368713,1,9,0,6,6,7,7,0,0,0,0,0,0,0,4,1,5,6,2,32,6,1242,1,12,FIAT 500,3,E01020922,0,-1
2023010476529,2023,010476529,3,9,0,18,19,3,7,0,0,8,0,0,0,0,1,1,6,6,1,25,5,1242,1,10,FIAT 500,8,E01004135,0,-1
2023461354278,2023,461354278,1,9,0,7,7,4,7,0,0,0,0,0,2,0,1,1,5,6,2,17,4,1242,1,10,FIAT 500,10,E01016132,0,-1
2023010447074,2023,010447074,2,9,0,99,99,9,9,99,99,9,9,99,9,99,1,9,6,6,3,-1,-1,1242,1,5,FIAT 500,-1,-1,0,-1
2023041296435,2023,041296435,1,9,0,18,19,7,3,0,0,8,0,0,0,0,3,1,5,6,1,49,8,1598,2,8,FIAT 500,9,E01025451,0,-1
2023440206420,2023,440206420,1,9,0,18,19,7,3,0,0,1,0,0,0,0,1,1,6,6,2,28,6,1242,1,7,FIAT 500,10,E01023240,0,-1
2023010445205,2023,010445205,1,9,0,18,19,7,3,0,0,1,0,0,0,0,1,1,6,6,1,20,4,1242,1,14,FIAT 500,8,E01002383,0,-1
2023471382649,2023,471382649,1,9,0,17,19,7,3,0,0,0,0,0,1,11,1,1,5,6,2,22,5,1242,1,8,FIAT 500,5,E01016886,0,-1
2023010422344,2023,010422344,1,9,0,99,99,9,9,99,99,9,9,99,9,99,2,9,2,2,2,31,6,1242,1,6,FIAT 500,9,E01004080,0,-1
2023440368584,2023,440368584,3,9,0,3,3,2,6,0,0,0,0,0,0,0,2,1,6,6,2,-1,-1,1242,1,6,FIAT 500,-1,-1,0,-1
2023302301274,2023,302301274,2,9,0,4,4,4,8,0,0,0,0,0,0,0,2,1,6,6,2,19,4,1242,1,11,FIAT 500,9,E01019879,0,-1
2023471346813,2023,471346813,1,9,0,18,19,7,3,0,0,8,0,0,0,0,1,1,6,6,2,71,10,1242,1,8,FIAT 500,9,E01021056,0,-1
2023421284220,2023,421284220,2,9,0,2,2,3,7,0,0,0,0,4,0,0,1,1,6,6,3,-1,-1,1242,1,10,FIAT 500,-1,-1,0,-1
2023141325540,2023,141325540,1,9,0,7,7,1,2,0,0,1,0,0,0,0,1,1,6,6,2,79,11,999,1,0,FIAT 500,3,E01007375,0,-1
2023231283720,2023,231283720,3,9,0,4,4,6,2,0,0,1,0,0,0,0,3,1,1,1,1,45,7,1242,1,6,FIAT 500,7,E01032892,0,-1
2023340NN4642,2023,340NN4642,1,9,0,18,19,1,5,0,0,1,0,0,0,0,1,1,6,6,1,32,6,1242,1,9,FIAT 500,7,E01027090,0,-1
2023411312963,2023,411312963,1,9,0,5,5,1,5,0,0,4,0,0,0,0,1,1,2,2,1,33,6,875,1,12,FIAT 500,5,E01021741,0,-1
2023461387337,2023,461387337,1,9,0,18,19,1,5,0,0,0,1,0,0,0,1,1,6,6,2,68,10,1242,1,12,FIAT 500,3,E01024524,0,-1
2023010441528,2023,010441528,1,9,0,5,5,5,1,0,0,6,0,0,0,0,1,1,6,6,1,26,6,1242,1,14,FIAT 500,6,E01033570,0,-1
2023070803613,2023,070803613,1,9,0,4,4,4,8,0,0,0,0,0,0,0,1,1,6,6,2,21,5,1242,1,4,FIAT 500,7,E01018742,0,-1
2023052302055,2023,052302055,1,9,0,18,19,1,5,0,0,0,0,0,0,0,1,1,2,2,2,50,8,1242,1,11,FIAT 500,1,E01006957,0,-1
2023531378411,2023,531378411,1,9,0,16,19,5,8,0,0,8,0,0,0,0,4,1,5,6,2,21,5,1242,1,12,FIAT 500,4,E01022149,0,-1
2023546661823,2023,546661823,2,9,0,16,19,1,5,0,0,0,0,0,1,0,3,1,6,6,1,17,4,1242,1,13,FIAT 500,7,E01023196,0,-1
2023010471857,2023,010471857,1,9,0,18,19,3,7,0,0,0,0,0,0,0,3,1,6,6,2,24,5,1242,1,15,FIAT 500,10,E01030820,0,-1
2023361331473,2023,361331473,2,9,0,9,9,8,6,0,0,0,0,0,0,0,3,1,5,6,1,58,9,1242,1,4,FIAT 500,5,E01026892,0,-1
2023041392032,2023,041392032,2,9,0,18,19,7,3,0,0,0,0,0,0,0,3,1,6,6,2,44,7,1242,1,10,FIAT 500,9,E01024964,0,-1
2023451273536,2023,451273536,1,9,0,18,19,6,2,0,0,1,0,0,0,0,1,1,1,1,2,31,6,1242,1,4,FIAT 500,9,E01030477,0,-1
2023471307237,2023,471307237,2,9,0,18,19,4,8,0,0,1,0,0,1,0,1,1,6,6,1,53,8,999,1,2,FIAT 500,7,E01021146,0,-1
2023421276174,2023,421276174,1,9,0,18,19,5,1,0,0,1,0,0,0,0,4,1,5,6,1,36,7,1242,1,4,FIAT 500,4,E01021799,0,-1
2023451265683,2023,451265683,2,9,0,2,2,0,0,0,0,0,0,0,0,0,3,1,6,6,2,39,7,1242,1,4,FIAT 500,7,E01030621,0,-1
2023631340928,2023,631340928,1,9,0,18,19,4,8,0,0,0,1,0,2,10,1,1,2,2,2,18,4,1242,1,9,FIAT 500,4,W01000681,0,-1
2023320734640,2023,320734640,1,9,0,18,19,4,8,0,0,0,1,0,7,11,1,1,2,2,2,27,6,1242,1,8,FIAT 500,-1,-1,0,-1
2023471327274,2023,471327274,2,9,0,17,19,5,1,0,0,0,0,0,0,0,3,1,5,6,1,67,10,875,1,9,FIAT 500,4,E01031364,0,-1
2023141314607,2023,141314607,2,9,0,18,19,1,5,0,0,8,0,0,0,0,1,1,5,6,1,45,7,875,1,11,FIAT 500,8,E01007561,0,-1
2023520401037,2023,520401037,1,9,0,18,19,1,5,0,0,0,0,0,1,3,1,1,6,6,2,59,9,-1,3,1,FIAT 500,7,E01029086,0,-1
2023070007940,2023,070007940,3,9,0,18,19,1,5,0,0,0,0,11,0,0,0,1,2,2,2,35,6,-1,3,0,FIAT 500,1,E01014244,0,-1
2023421344472,2023,421344472,3,9,0,18,19,1,5,0,0,0,0,0,0,0,1,1,1,1,2,20,4,1242,1,9,FIAT 500,6,E01022095,0,-1
2023010446149,2023,010446149,2,9,0,99,99,9,9,99,99,9,9,99,9,99,2,9,6,6,3,-1,-1,1368,1,13,FIAT 500,-1,-1,0,-1
2023351372059,2023,351372059,4,9,0,3,3,5,1,0,0,0,0,0,0,0,2,1,1,1,1,51,8,999,1,2,FIAT 500,2,E01005633,0,-1
2023451343431,2023,451343431,1,9,0,3,3,7,1,0,0,4,0,0,0,0,2,1,5,6,2,27,6,1242,1,8,FIAT 500,6,E01023118,0,-1
2023041265824,2023,041265824,2,9,0,2,2,0,0,0,0,1,0,0,0,0,2,1,6,6,3,-1,-1,1242,1,4,FIAT 500,-1,-1,0,-1
2023440454242,2023,440454242,2,9,0,18,19,3,7,0,0,0,0,0,0,0,2,1,6,6,2,35,6,1242,1,4,FIAT 500,9,E01022922,0,-1
2023411315464,2023,411315464,1,9,0,18,19,-1,-1,0,0,4,0,0,0,0,1,1,3,7,3,-1,-1,999,1,2,FIAT 500,-1,-1,0,-1
2023401281303,2023,401281303,1,9,0,5,5,1,5,9,9,0,0,0,0,0,4,1,5,6,1,22,5,1368,1,13,FIAT 500,3,E01015752,0,-1
2023351313736,2023,351313736,2,9,0,7,7,8,7,0,0,8,0,0,0,0,3,1,6,6,1,44,7,1242,1,14,FIAT 500,2,E01003151,0,-1
2023991411592,2023,991411592,1,9,0,18,19,8,3,0,0,0,0,0,0,0,1,1,6,6,2,19,4,999,1,2,FIAT 500,8,-1,0,-1
2023141369136,2023,141369136,2,9,0,18,19,4,8,0,0,0,0,0,0,0,1,1,2,2,2,20,4,1242,1,7,FIAT 500,2,E01007636,0,-1
2023546361423,2023,546361423,3,9,0,2,2,0,0,0,0,0,0,0,0,0,2,1,6,6,3,-1,-1,1242,1,5,FIAT 500,-1,-1,0,-1
2023010460364,2023,010460364,2,9,0,99,99,9,9,99,99,9,9,99,9,99,9,9,6,6,2,41,7,999,1,0,FIAT 500,7,E01021791,0,-1
2023451275243,2023,451275243,2,9,0,18,19,4,1,0,0,1,0,0,0,0,0,1,5,6,2,60,9,1368,1,14,FIAT 500,9,E01001104,0,-1
2023010462460,2023,010462460,1,9,0,99,99,9,9,99,99,0,9,99,9,99,2,9,2,2,2,37,7,1242,1,12,FIAT 500,-1,-1,0,-1
2023361285037,2023,361285037,1,9,0,17,19,6,5,0,0,0,2,10,1,0,1,1,6,6,1,36,7,1242,1,13,FIAT 500,10,E01026815,0,-1
2023401280020,2023,401280020,1,9,0,5,5,3,7,0,0,0,0,0,0,0,4,1,5,6,2,19,4,1242,1,14,FIAT 500,5,E01015748,0,-1
2023411400048,2023,411400048,2,9,-1,99,99,5,1,0,0,1,0,0,0,0,2,1,5,6,2,34,6,1242,1,5,FIAT 500,4,E01021843,0,-1
2023311379792,2023,311379792,1,9,0,18,19,2,6,0,0,5,2,10,1,0,1,1,2,2,2,57,9,875,1,12,FIAT 500,7,E01028154,0,-1
2023010485232,2023,010485232,1,9,0,9,9,3,8,0,0,2,0,0,0,0,1,1,6,6,2,20,4,1242,1,12,FIAT 500,3,E01003280,0,-1