collision_index,collision_year,collision_ref_no,vehicle_reference,vehicle_type,towing_and_articulation,vehicle_manoeuvre_historic,vehicle_manoeuvre,vehicle_direction_from,vehicle_direction_to,vehicle_location_restricted_lane_historic,vehicle_location_restricted_lane,junction_location,skidding_and_overturning,hit_object_in_carriageway,vehicle_leaving_carriageway,hit_object_off_carriageway,first_point_of_impact,vehicle_left_hand_drive,journey_purpose_of_driver_historic,journey_purpose_of_driver,sex_of_driver,age_of_driver,age_band_of_driver,engine_capacity_cc,propulsion_code,age_of_vehicle,generic_make_model,driver_imd_decile,lsoa_of_driver,escooter_flag,driver_distance_banding
2023332300327,2023,332300327,1,9,0,18,19,1,5,0,0,8,0,0,0,0,1,1,6,6,2,38,7,1242,1,5,FIAT 500,10,E01025648,0,-1
2023421389404,2023,421389404,1,9,0,9,9,8,5,0,0,2,0,0,0,0,4,1,5,6,2,19,4,1242,1,5,FIAT 500,4,E01021707,0,-1
2023622300296,2023,622300296,1,9,0,15,15,6,2,0,0,0,2,0,1,4,1,1,6,6,1,20,4,1242,1,10,FIAT 500,4,W01001152,0,-1
2023061286859,2023,061286859,1,9,0,9,9,1,6,0,0,8,0,0,0,0,4,1,6,6,2,-1,-1,1242,1,14,FIAT 500,-1,-1,0,-1
2023010463399,2023,010463399,2,9,0,7,7,1,3,0,0,6,0,0,0,0,2,1,6,6,2,43,7,999,1,2,FIAT 500,8,E01001470,0,-1
2023351403929,2023,351403929,3,9,0,18,19,1,3,0,0,0,0,0,1,0,2,1,1,1,2,20,4,1242,1,10,FIAT 500,4,E01021670,0,-1
2023461334364,2023,461334364,1,9,0,9,9,1,6,0,0,0,0,0,0,0,4,1,5,6,1,30,6,1242,1,14,FIAT 500,10,E01024748,0,-1
2023991309518,2023,991309518,2,9,0,18,19,4,8,0,0,0,0,0,0,0,1,1,6,6,1,46,8,1242,1,10,FIAT 500,4,-1,0,-1
2023991319067,2023,991319067,1,9,0,9,9,7,5,0,0,0,0,0,0,0,4,1,5,6,2,30,6,1368,1,7,FIAT 500,1,-1,0,-1
2023461377139,2023,461377139,1,9,0,18,19,4,8,0,0,0,1,0,1,0,1,1,2,2,2,66,10,1242,1,5,FIAT 500,5,E01024206,0,-1
2023361347628,2023,361347628,1,9,0,17,19,4,2,0,0,0,0,0,1,0,1,1,5,6,2,20,4,1242,1,10,FIAT 500,4,E01026444,0,-1
2023401273691,2023,401273691,1,9,0,18,19,-1,-1,0,0,0,0,0,0,0,4,1,5,6,3,-1,-1,1242,1,7,FIAT 500,-1,-1,0,-1
2023101320421,2023,101320421,2,9,0,3,3,5,2,0,0,1,0,0,0,0,2,1,1,1,2,22,5,1242,1,13,FIAT 500,7,E01011193,0,-1
2023421384490,2023,421384490,2,9,0,18,19,1,5,0,0,0,0,0,0,0,1,1,6,6,2,20,4,1242,1,8,FIAT 500,3,E01021358,0,-1
2023461390212,2023,461390212,3,9,0,3,3,2,6,0,0,0,0,0,0,0,2,1,5,6,1,18,4,1242,1,6,FIAT 500,-1,-1,0,-1
2023340WN4812,2023,340WN4812,1,9,0,17,19,6,2,0,0,0,1,0,7,9,1,1,2,2,2,17,4,1242,1,9,FIAT 500,10,E01027027,0,-1
2023501390020,2023,501390020,1,9,0,9,9,4,2,0,0,1,0,0,0,0,3,2,2,2,2,19,4,1242,1,9,FIAT 500,9,E01015067,0,-1
2023501391383,2023,501391383,1,9,-1,5,5,4,6,0,0,8,0,0,0,0,1,1,6,6,1,85,11,-1,3,1,FIAT 500,4,E01015183,0,-1
2023351268872,2023,351268872,2,9,0,8,8,8,2,0,0,4,0,0,0,0,2,1,6,6,2,63,9,1242,1,5,FIAT 500,9,E01018200,0,-1
2023991269985,2023,991269985,2,9,0,9,9,5,3,0,0,3,0,0,0,0,1,1,5,6,1,48,8,1242,1,14,FIAT 500,4,-1,0,-1
2023461317794,2023,461317794,1,9,0,12,12,4,8,0,0,0,5,0,1,9,4,1,5,6,1,32,6,1242,1,14,FIAT 500,10,E01024820,0,-1
2023451367849,2023,451367849,2,9,0,18,19,8,4,0,0,0,0,0,0,0,1,1,5,6,1,58,9,1242,1,13,FIAT 500,9,E01030706,0,-1
2023161325146,2023,161325146,1,9,0,18,19,3,7,0,0,8,0,0,0,0,4,1,5,6,2,19,4,1242,1,3,FIAT 500,2,E01013195,0,-1
2023221299983,2023,221299983,1,9,0,18,19,2,6,0,0,0,0,0,1,4,1,1,5,6,2,27,6,1242,1,11,FIAT 500,8,E01032189,0,-1
2023010474137,2023,010474137,1,9,0,15,15,3,7,0,0,0,0,0,0,0,4,1,6,6,2,58,9,1242,1,3,FIAT 500,5,E01033141,0,-1
2023122300335,2023,122300335,1,9,0,18,19,5,1,0,0,0,0,0,5,6,1,1,6,6,1,67,10,999,1,1,FIAT 500,10,E01027607,0,-1
2023010441556,2023,010441556,2,9,0,99,99,9,9,99,99,9,9,99,9,99,9,9,6,6,3,-1,-1,1242,1,8,FIAT 500,-1,-1,0,-1
2023010470725,2023,010470725,2,9,0,99,99,9,9,99,99,9,9,99,9,99,9,9,6,6,2,30,6,1242,1,8,FIAT 500,4,E01003329,0,-1
2023421374107,2023,421374107,1,9,0,7,7,5,8,0,0,7,0,0,4,0,1,1,5,6,2,73,10,-1,3,2,FIAT 500,7,E01022067,0,-1
2023141375972,2023,141375972,2,9,0,18,19,6,1,0,0,0,0,0,0,0,4,1,5,6,1,54,8,1248,2,5,FIAT 500,9,E01006017,0,-1
2023131351769,2023,131351769,1,9,0,18,19,2,6,0,0,0,0,0,0,0,0,1,5,6,2,24,5,1242,1,14,FIAT 500,3,E01011328,0,-1
2023231351168,2023,231351168,2,9,0,3,3,6,2,0,0,1,0,0,0,0,2,1,6,6,2,31,6,1242,1,7,FIAT 500,2,E01031066,0,-1
2023543433123,2023,543433123,2,9,0,18,19,1,5,0,0,3,0,0,0,0,1,1,6,6,2,76,11,1242,1,8,FIAT 500,9,E01029022,0,-1
2023501278695,2023,501278695,1,9,0,18,19,2,5,0,0,0,0,0,0,0,1,1,6,6,2,63,9,1242,1,8,FIAT 500,10,E01020203,0,-1
2023170L40673,2023,170L40673,2,9,0,4,4,2,6,0,0,1,0,0,0,0,2,1,6,6,2,47,8,1242,1,9,FIAT 500,5,E01012140,0,-1
2023461375092,2023,461375092,1,9,0,9,9,3,1,0,0,8,0,0,0,0,4,1,6,6,2,50,8,1242,1,14,FIAT 500,-1,-1,0,-1
2023071232592,2023,071232592,1,9,0,5,5,7,3,0,0,0,2,10,8,1,1,1,2,2,1,62,9,1242,1,10,FIAT 500,5,E01018622,0,-1
2023131298635,2023,131298635,2,9,0,4,4,4,8,0,0,0,0,0,0,0,2,1,6,6,2,26,6,1242,1,7,FIAT 500,7,E01010917,0,-1
2023461411420,2023,461411420,2,9,0,18,19,3,7,0,0,0,0,0,0,0,1,1,6,6,1,55,8,1368,1,14,FIAT 500,9,E01021231,0,-1
2023311319561,2023,311319561,1,9,0,18,19,4,8,0,0,1,0,11,1,0,1,1,6,6,2,50,8,1242,1,4,FIAT 500,9,E01028214,0,-1
2023430268620,2023,430268620,1,9,0,16,19,-1,-1,0,0,0,2,10,1,3,1,1,2,2,2,20,4,1242,1,12,FIAT 500,9,E01017802,0,-1
2023311277346,2023,311277346,1,9,0,18,19,2,2,0,0,0,0,0,0,0,4,1,5,6,2,21,5,1242,1,12,FIAT 500,8,E01028303,0,-1
2023421331995,2023,421331995,1,9,0,3,3,3,6,0,0,0,0,0,0,0,1,1,5,6,2,22,5,1242,1,9,FIAT 500,7,E01021635,0,-1
2023991311850,2023,991311850,1,9,0,16,19,5,1,0,0,0,0,0,1,0,1,1,6,6,1,18,4,1242,1,4,FIAT 500,4,-1,0,-1
2023010443689,2023,010443689,1,9,0,99,99,9,9,99,99,9,9,99,9,99,9,9,2,2,2,39,7,999,1,0,FIAT 500,-1,-1,0,-1
2023451350610,2023,451350610,2,9,0,1,1,5,1,0,0,6,0,0,0,0,2,1,6,6,3,45,7,1242,1,8,FIAT 500,10,E01030945,0,-1
2023552300853,2023,552300853,2,9,0,3,3,7,3,0,0,0,0,0,0,0,2,1,6,6,1,70,10,1242,1,13,FIAT 500,7,E01020507,0,-1
2023010424960,2023,010424960,2,9,0,99,99,9,9,99,99,9,9,99,9,99,1,9,6,6,3,-1,-1,875,1,12,FIAT 500,-1,-1,0,-1
2023340WN5422,2023,340WN5422,3,9,0,10,10,4,8,0,0,1,0,0,0,0,2,1,2,2,2,27,6,1242,1,7,FIAT 500,9,E01027254,0,-1
2023052300751,2023,052300751,1,9,0,9,9,3,1,0,0,1,0,0,7,11,4,1,6,6,2,32,6,1242,1,14,FIAT 500,7,E01007077,0,-1
2023440345810,2023,440345810,2,9,0,18,19,2,6,0,0,4,0,0,0,0,1,1,6,6,2,-1,-1,1368,1,14,FIAT 500,-1,-1,0,-1
2023211294105,2023,211294105,3,9,0,18,19,2,6,0,0,0,0,0,0,0,1,1,6,6,2,28,6,1242,1,8,FIAT 500,3,E01014156,0,-1
2023552400233,2023,552400233,1,9,0,9,9,1,7,0,0,5,0,0,0,0,1,1,6,6,3,-1,-1,1242,1,6,FIAT 500,-1,-1,0,-1
2023071090895,2023,071090895,2,9,0,5,5,1,5,0,0,4,0,0,0,0,1,1,1,1,2,18,4,1242,1,8,FIAT 500,2,E01012536,0,-1
2023451261122,2023,451261122,1,9,0,3,3,1,5,0,0,1,0,0,0,0,2,1,6,6,2,37,7,1242,1,13,FIAT 500,6,E01030736,0,-1
2023131365763,2023,131365763,1,9,0,5,5,1,4,0,0,8,0,0,0,0,2,1,1,1,2,30,6,1242,1,11,FIAT 500,6,E01027622,0,-1
2023991354201,2023,991354201,1,9,0,18,19,1,5,0,0,0,0,11,0,0,4,1,6,6,2,26,6,1242,1,7,FIAT 500,9,-1,0,-1
2023010457644,2023,010457644,2,9,0,99,99,9,9,99,99,9,9,99,9,99,2,9,6,6,3,-1,-1,1242,1,3,FIAT 500,-1,-1,0,-1
2023421260805,2023,421260805,1,9,0,18,19,1,5,0,0,0,0,0,0,0,1,1,5,6,2,80,11,1242,1,6,FIAT 500,4,E01022018,0,-1
2023071306632,2023,071306632,1,9,0,18,19,4,8,0,0,0,0,0,0,0,1,1,3,7,2,40,7,999,1,0,FIAT 500,4,E01018639,0,-1
2023010463253,2023,010463253,1,9,0,5,5,7,3,0,0,1,0,0,0,0,2,1,6,6,2,22,5,1242,1,9,FIAT 500,3,E01001076,0,-1
2023052300746,2023,052300746,2,9,0,4,4,6,2,0,0,0,0,0,0,0,1,1,6,6,2,18,4,999,1,2,FIAT 500,1,E01007290,0,-1
2023221324810,2023,221324810,2,9,0,18,19,5,1,0,0,8,1,0,0,0,1,1,5,6,2,18,4,1242,1,11,FIAT 500,7,E01032366,0,-1
2023991321453,2023,991321453,2,9,0,3,3,4,7,0,0,0,0,0,0,0,2,1,2,2,2,23,5,1242,1,9,FIAT 500,5,-1,0,-1
2023430348534,2023,430348534,1,9,0,16,19,3,4,0,0,0,0,0,0,0,2,1,6,6,2,23,5,1242,1,5,FIAT 500,6,E01030653,0,-1
2023332300680,2023,332300680,1,9,0,12,12,2,6,0,0,0,0,0,0,0,0,1,6,6,3,-1,-1,1242,1,15,FIAT 500,-1,-1,0,-1
2023471320256,2023,471320256,1,9,0,18,19,4,8,0,0,0,5,0,7,0,1,1,2,2,2,31,6,999,1,0,FIAT 500,8,E01021180,0,-1
2023211302228,2023,211302228,2,9,0,9,9,3,7,0,0,0,0,0,0,0,0,1,5,6,2,18,4,875,1,8,FIAT 500,8,E01029562,0,-1
2023041292829,2023,041292829,1,9,0,18,19,3,7,0,0,8,0,0,0,0,1,1,6,6,2,18,4,1242,1,4,FIAT 500,3,E01012694,0,-1
202363A024223,2023,63A024223,2,9,0,18,19,8,4,0,0,0,0,0,0,0,1,1,1,1,2,26,6,875,1,8,FIAT 500,4,W01000718,0,-1
2023010435422,2023,010435422,2,9,0,99,99,9,9,99,99,9,9,99,9,99,1,9,6,6,2,50,8,-1,3,1,FIAT 500,7,E01004683,0,-1
2023461364216,2023,461364216,1,9,0,16,19,5,1,0,0,8,1,0,0,0,1,1,6,6,2,-1,-1,999,1,1,FIAT 500,5,E01024198,0,-1
2023320738864,2023,320738864,1,9,0,18,19,5,1,0,0,0,0,0,0,0,1,1,6,6,2,24,5,1242,1,12,FIAT 500,6,E01026021,0,-1
202360A158257,2023,60A158257,1,9,0,18,19,2,6,0,0,4,0,0,3,7,1,1,6,6,2,19,4,1242,1,10,FIAT 500,-1,-1,0,-1
2023211325443,2023,211325443,1,9,0,18,19,8,4,0,0,0,0,0,0,0,1,1,6,6,1,-1,-1,875,1,4,FIAT 500,3,E01029538,0,-1
2023461289944,2023,461289944,2,9,0,18,19,7,3,0,0,1,0,0,0,0,1,1,5,6,2,29,6,1368,1,8,FIAT 500,6,E01024094,0,-1
2023471310590,2023,471310590,1,9,0,9,9,6,4,0,0,2,1,0,1,10,3,1,5,6,2,20,4,1242,1,10,FIAT 500,10,E01031820,0,-1
2023071172405,2023,071172405,1,9,0,7,7,3,5,0,0,4,0,0,0,0,1,1,2,2,1,25,5,1242,1,11,FIAT 500,10,E01012447,0,-1
2023552301090,2023,552301090,3,9,0,10,10,4,2,0,0,1,0,0,0,0,2,1,6,6,2,33,6,1242,1,10,FIAT 500,-1,-1,0,-1
2023451322782,2023,451322782,2,9,0,18,19,1,5,0,0,0,0,0,0,0,1,1,5,6,2,21,5,1242,1,9,FIAT 500,10,E01030398,0,-1
2023501267996,2023,501267996,2,9,0,5,5,5,3,0,0,6,0,0,0,0,1,1,5,6,2,17,4,1242,1,15,FIAT 500,8,E01020260,0,-1
2023201412429,2023,201412429,1,9,0,7,7,1,4,0,0,6,0,0,0,0,1,1,5,6,2,21,5,1242,1,7,FIAT 500,2,E01010287,0,-1
2023361364710,2023,361364710,2,9,0,18,19,5,1,0,0,4,0,0,0,0,3,1,2,2,2,47,8,999,1,1,FIAT 500,5,E01026605,0,-1
202354A849823,2023,54A849823,2,9,0,3,3,1,5,0,0,0,0,0,0,0,2,1,6,6,2,55,8,1242,1,11,FIAT 500,10,E01031919,0,-1
2023421383141,2023,421383141,1,9,0,12,12,1,5,0,0,0,0,0,0,0,3,1,6,6,2,64,9,1242,1,4,FIAT 500,7,E01000362,0,-1
2023552301509,2023,552301509,1,9,0,18,19,3,7,0,0,0,0,0,0,0,1,1,6,6,2,37,7,1242,1,11,FIAT 500,-1,-1,0,-1
2023010455463,2023,010455463,1,9,0,99,99,9,9,99,99,9,9,99,9,99,4,9,6,6,2,26,6,1242,1,15,FIAT 500,6,E01002327,0,-1
2023552300128,2023,552300128,1,9,0,9,9,7,5,0,0,6,0,0,0,0,1,1,6,6,2,58,9,1242,1,10,FIAT 500,8,E01015394,0,-1
2023461263090,2023,461263090,2,9,0,9,9,5,2,0,0,0,0,0,0,0,4,1,6,6,2,49,8,1242,1,14,FIAT 500,4,E01024587,0,-1
2023471393298,2023,471393298,1,9,0,18,19,1,5,0,0,0,0,0,4,7,3,1,5,6,2,28,6,1242,1,5,FIAT 500,9,E01031672,0,-1
202360A175062,2023,60A175062,1,9,0,9,9,8,6,0,0,8,0,0,0,0,1,1,6,6,1,85,11,1242,1,10,FIAT 500,-1,-1,0,-1
2023461295625,2023,461295625,1,9,0,18,19,7,3,0,0,0,0,10,1,0,1,1,6,6,1,34,6,999,1,2,FIAT 500,2,E01024108,0,-1
2023332300515,2023,332300515,2,9,0,2,2,0,0,0,0,0,0,0,0,0,2,1,6,6,2,32,6,1368,1,7,FIAT 500,8,E01025754,0,-1
2023471310482,2023,471310482,1,9,0,-1,-1,-1,-1,-1,-1,0,-1,-1,-1,0,-1,1,6,6,2,-1,-1,1242,1,10,FIAT 500,8,E01031613,0,-1
2023161280538,2023,161280538,2,9,0,18,19,7,3,0,0,8,0,0,1,0,1,1,5,6,1,66,10,1242,1,7,FIAT 500,6,E01013250,0,-1
2023041322394,2023,041322394,1,9,0,18,19,3,7,0,0,8,2,9,0,0,1,1,5,6,2,18,4,875,1,11,FIAT 500,8,E01025266,0,-1
2023622300792,2023,622300792,1,9,0,9,9,2,7,0,0,5,0,0,0,0,3,1,2,2,2,33,6,1242,1,5,FIAT 500,6,W01001861,0,-1
2023471264630,2023,471264630,1,9,0,18,19,3,7,0,0,2,0,0,0,0,1,1,5,6,1,24,5,1242,1,10,FIAT 500,4,E01031786,0,-1
2023010482430,2023,010482430,1,9,0,18,19,1,5,0,0,2,0,0,0,0,1,1,6,6,1,20,4,999,1,0,FIAT 500,3,E01000127,0,-1
2023231380279,2023,231380279,1,9,0,18,19,8,2,0,0,0,0,0,7,9,1,1,5,6,2,18,4,1242,1,15,FIAT 500,9,E01009549,0,-1
2023061271716,2023,061271716,2,9,0,18,19,3,7,0,0,1,0,0,0,0,-1,2,2,2,2,40,7,1242,1,15,FIAT 500,3,E01005975,0,-1
2023010464258,2023,010464258,1,9,0,9,9,5,4,0,0,6,0,0,0,0,3,1,6,6,1,41,7,1242,1,11,FIAT 500,4,E01003278,0,-1
2023221291981,2023,221291981,1,9,0,9,9,4,2,0,0,6,0,0,0,0,4,1,5,6,1,80,11,1242,1,7,FIAT 500,6,E01032374,0,-1
2023361347938,2023,361347938,2,9,0,4,4,5,1,0,0,0,0,0,0,0,1,1,5,6,2,19,4,1242,1,10,FIAT 500,6,E01026547,0,-1
2023421379741,2023,421379741,2,9,0,18,19,7,3,0,0,2,1,0,0,0,4,2,5,6,2,32,6,1242,1,13,FIAT 500,9,E01015815,0,-1
2023522400779,2023,522400779,1,9,0,17,19,5,3,0,0,8,0,0,0,0,1,1,6,6,2,23,5,1242,1,12,FIAT 500,7,E01015004,0,-1
2023461286375,2023,461286375,1,9,0,18,19,1,5,0,0,0,0,0,0,0,1,1,6,6,2,27,6,1242,1,13,FIAT 500,5,E01024191,0,-1
2023131314678,2023,131314678,1,9,0,3,3,7,3,0,0,0,0,0,0,0,4,1,6,6,2,19,4,1242,1,14,FIAT 500,10,E01011280,0,-1
2023061352795,2023,061352795,1,9,0,7,7,1,3,0,0,8,0,0,0,0,1,1,6,6,2,21,5,1242,1,10,FIAT 500,-1,-1,0,-1
2023010456452,2023,010456452,2,9,0,99,99,9,9,99,99,9,9,99,9,99,1,9,6,6,3,-1,-1,1242,1,8,FIAT 500,4,E01026638,0,-1
2023440351084,2023,440351084,1,9,0,2,2,0,0,0,0,0,0,0,0,0,3,1,6,6,2,19,4,1242,1,15,FIAT 500,8,E01023080,0,-1
2023010453936,2023,010453936,2,9,0,99,99,9,9,99,99,9,9,99,9,99,9,9,6,6,3,-1,-1,1242,1,15,FIAT 500,-1,-1,0,-1
2023320545692,2023,320545692,2,9,0,18,19,3,7,0,0,8,0,0,0,0,1,1,6,6,2,77,11,1242,1,8,FIAT 500,5,E01026018,0,-1
2023061367841,2023,061367841,3,9,0,2,2,0,0,0,0,0,0,0,0,0,2,1,6,6,3,-1,-1,1242,1,6,FIAT 500,-1,-1,0,-1
2023320440816,2023,320440816,1,9,0,18,19,2,6,0,0,6,0,0,1,11,4,1,2,2,2,23,5,1242,1,13,FIAT 500,3,E01026017,0,-1
2023201333930,2023,201333930,2,9,0,2,2,0,0,0,0,2,0,0,0,0,2,1,6,6,1,72,10,999,1,0,FIAT 500,1,E01001155,0,-1
2023461388932,2023,461388932,2,9,0,18,19,2,6,0,0,0,0,0,1,11,1,1,5,6,2,34,6,1242,1,7,FIAT 500,1,E01024610,0,-1
2023041269548,2023,041269548,2,9,0,10,10,0,0,0,0,1,0,0,0,0,2,1,5,6,2,41,7,999,1,3,FIAT 500,8,E01025420,0,-1
2023545281023,2023,545281023,1,9,0,18,19,1,5,0,0,6,0,0,0,0,1,1,6,6,1,26,6,1368,1,7,FIAT 500,2,E01031983,0,-1
2023031360449,2023,031360449,1,9,0,5,5,1,5,0,0,0,0,0,0,0,1,1,2,2,1,53,8,1242,1,10,FIAT 500,-1,-1,0,-1
2023471266685,2023,471266685,1,9,0,18,19,7,3,0,0,0,0,0,0,0,1,1,5,6,2,17,4,1242,1,10,FIAT 500,8,E01022589,0,-1
2023010447684,2023,010447684,1,9,0,7,7,1,4,0,0,0,0,0,7,0,2,1,2,2,1,51,8,1242,1,15,FIAT 500,9,E01000647,0,-1
2023461394798,2023,461394798,1,9,0,5,5,5,1,0,0,0,0,4,7,11,1,1,2,2,2,59,9,1242,1,6,FIAT 500,7,E01024417,0,-1
2023430220126,2023,430220126,1,9,0,4,4,2,6,0,0,0,0,0,0,0,1,1,6,6,1,90,11,1242,1,14,FIAT 500,9,E01016543,0,-1
2023201347524,2023,201347524,2,9,0,7,7,2,4,0,0,6,1,0,0,0,3,1,6,6,2,76,11,1242,1,10,FIAT 500,6,E01009925,0,-1
2023052301014,2023,052301014,1,9,0,18,19,5,1,0,0,0,0,0,7,7,3,1,6,6,2,24,5,1242,1,11,FIAT 500,10,E01006926,0,-1
2023421270925,2023,421270925,2,9,0,17,19,1,5,0,0,8,0,0,0,0,4,1,6,6,2,21,5,1242,1,10,FIAT 500,3,E01021267,0,-1
2023461366358,2023,461366358,1,9,0,18,19,3,7,0,0,0,0,0,0,0,1,1,6,6,3,-1,-1,1242,1,12,FIAT 500,8,E01016175,0,-1
2023461325145,2023,461325145,2,9,0,18,19,7,3,0,0,1,1,0,0,0,4,1,6,6,2,19,4,1242,1,10,FIAT 500,8,E01024650,0,-1
2023520301824,2023,520301824,2,9,0,18,19,7,3,0,0,0,0,0,0,0,4,1,6,6,1,56,9,1242,1,11,FIAT 500,2,E01029237,0,-1
2023010460068,2023,010460068,1,9,0,7,7,2,5,4,4,1,0,0,1,0,4,1,2,2,1,38,7,-1,3,1,FIAT 500,8,E01001030,0,-1
2023010440346,2023,010440346,1,9,0,4,4,5,1,0,0,1,0,0,0,0,2,1,6,6,2,25,5,1242,1,7,FIAT 500,5,E01002801,0,-1
2023061331576,2023,061331576,1,9,0,18,19,1,5,0,0,0,0,0,0,0,4,1,3,7,2,36,7,1242,1,8,FIAT 500,9,E01033219,0,-1
2023061399795,2023,061399795,1,9,-1,18,19,-1,-1,0,0,0,1,7,1,11,1,1,2,2,2,19,4,1242,1,12,FIAT 500,4,E01005331,0,-1
2023161310876,2023,161310876,2,9,0,3,3,8,4,0,0,1,0,0,0,0,2,1,5,6,2,53,8,999,1,1,FIAT 500,-1,-1,0,-1
2023361297276,2023,361297276,2,9,0,18,19,8,4,0,0,0,0,4,0,0,3,1,5,6,2,24,5,1242,1,14,FIAT 500,4,E01026429,0,-1
2023201310921,2023,201310921,2,9,0,18,19,4,8,0,0,0,1,0,0,0,1,1,2,2,2,53,8,1242,1,3,FIAT 500,1,E01010141,0,-1
2023010463941,2023,010463941,2,9,9,99,99,9,9,99,99,9,9,99,9,99,9,9,6,6,3,-1,-1,1242,1,8,FIAT 500,6,E01024421,0,-1
2023010460829,2023,010460829,2,9,0,18,19,6,2,0,0,8,5,0,0,0,4,1,6,6,2,27,6,999,1,2,FIAT 500,8,E01000311,0,-1
2023421273065,2023,421273065,1,9,0,9,9,2,4,7,6,5,0,0,0,0,4,1,2,2,2,28,6,1242,1,6,FIAT 500,-1,-1,0,-1
2023052300127,2023,052300127,1,9,0,18,19,8,4,0,0,0,0,0,0,0,1,1,6,6,3,-1,-1,1242,1,4,FIAT 500,-1,-1,0,-1
2023461380508,2023,461380508,2,9,0,17,19,6,6,0,0,7,0,0,0,0,2,1,5,6,2,49,8,1242,1,5,FIAT 500,9,E01024832,0,-1
2023161291452,2023,161291452,3,9,0,18,19,2,6,0,0,8,0,0,0,0,1,1,5,6,1,50,8,999,1,2,FIAT 500,4,E01012990,0,-1
2023361315277,2023,361315277,1,9,0,13,13,5,1,0,0,0,0,0,0,0,3,1,2,2,2,52,8,1242,1,8,FIAT 500,9,E01026448,0,-1
2023351344761,2023,351344761,1,9,0,18,19,-1,-1,0,0,4,0,0,0,0,1,1,6,6,2,17,4,1242,1,12,FIAT 500,3,E01018083,0,-1
2023461315890,2023,461315890,1,9,0,18,19,3,7,0,0,0,0,0,0,0,1,1,6,6,2,72,10,1242,1,12,FIAT 500,7,E01024009,0,-1
2023061309159,2023,061309159,2,9,0,18,19,1,5,0,0,8,0,0,0,0,4,1,5,6,2,37,7,1242,1,5,FIAT 500,9,E01005508,0,-1
2023010441573,2023,010441573,2,9,0,99,99,9,9,99,99,9,9,99,9,99,9,9,6,6,3,-1,-1,1242,1,4,FIAT 500,-1,-1,0,-1
2023170S12083,2023,170S12083,1,9,0,9,9,5,3,0,0,8,0,0,0,0,1,1,6,6,2,29,6,1242,1,6,FIAT 500,-1,-1,0,-1
2023461284340,2023,461284340,2,9,0,3,3,4,8,0,0,0,0,0,0,0,2,1,6,6,2,22,5,1242,1,14,FIAT 500,4,E01016143,0,-1
2023010473293,2023,010473293,1,9,0,4,4,3,7,0,0,1,0,0,0,0,1,1,6,6,2,47,8,1242,1,3,FIAT 500,9,E01003808,0,-1
2023471343852,2023,471343852,2,9,0,18,19,7,3,0,0,8,1,0,7,0,4,1,2,2,2,30,6,1242,1,8,FIAT 500,6,E01031472,0,-1
2023531364598,2023,531364598,2,9,0,3,3,3,7,0,0,0,0,0,0,0,4,1,5,6,1,66,10,1242,1,12,FIAT 500,2,E01022160,0,-1
2023430324531,2023,430324531,1,9,0,18,19,4,2,0,0,6,0,0,0,0,4,1,2,2,2,43,7,1598,1,7,FIAT 500,8,E01016491,0,-1
2023010484178,2023,010484178,2,9,0,99,99,9,9,99,99,9,9,99,9,99,9,9,6,6,3,-1,-1,1242,1,11,FIAT 500,-1,-1,0,-1
2023501341143,2023,501341143,2,9,0,18,19,3,7,0,0,1,0,0,0,0,3,1,5,6,1,27,6,1598,2,7,FIAT 500,2,E01020216,0,-1
2023552300490,2023,552300490,1,9,0,18,19,2,6,0,0,0,0,0,0,0,1,1,6,6,2,19,4,1242,1,10,FIAT 500,8,E01020579,0,-1
2023122300480,2023,122300480,3,9,0,4,4,2,6,0,0,0,0,0,0,0,1,1,1,1,2,42,7,1242,1,8,FIAT 500,9,E01013414,0,-1
2023010475816,2023,010475816,1,9,0,18,19,2,6,0,0,0,0,10,1,10,1,1,6,6,1,19,4,1242,1,10,FIAT 500,2,E01004004,0,-1
2023211318787,2023,211318787,2,9,0,18,19,8,4,0,0,0,0,0,0,0,1,1,5,6,2,44,7,1248,2,7,FIAT 500,8,E01029636,0,-1
2023010433973,2023,010433973,2,9,0,99,99,9,9,99,99,9,9,99,9,99,9,9,6,6,3,-1,-1,1242,1,13,FIAT 500,6,E01022956,0,-1
2023471286411,2023,471286411,3,9,0,4,4,7,3,0,0,1,0,0,1,0,2,1,6,6,2,52,8,1242,1,14,FIAT 500,3,E01032832,0,-1
2023031320627,2023,031320627,1,9,0,18,19,0,5,8,6,4,0,0,0,0,1,1,2,2,2,27,6,-1,3,1,FIAT 500,8,E01019367,0,-1
2023401377644,2023,401377644,2,9,0,3,3,2,3,0,0,4,0,0,0,0,2,1,6,6,2,23,5,1242,1,4,FIAT 500,9,E01027303,0,-1
2023991358086,2023,991358086,2,9,0,18,19,8,4,0,0,0,1,0,7,11,3,1,5,6,1,60,9,1242,1,3,FIAT 500,9,-1,0,-1
2023440209395,2023,440209395,1,9,0,18,19,1,5,0,0,1,0,7,0,0,1,1,6,6,2,18,4,875,1,12,FIAT 500,1,E01022933,0,-1