collision_index,collision_year,collision_ref_no,vehicle_reference,vehicle_type,towing_and_articulation,vehicle_manoeuvre_historic,vehicle_manoeuvre,vehicle_direction_from,vehicle_direction_to,vehicle_location_restricted_lane_historic,vehicle_location_restricted_lane,junction_location,skidding_and_overturning,hit_object_in_carriageway,vehicle_leaving_carriageway,hit_object_off_carriageway,first_point_of_impact,vehicle_left_hand_drive,journey_purpose_of_driver_historic,journey_purpose_of_driver,sex_of_driver,age_of_driver,age_band_of_driver,engine_capacity_cc,propulsion_code,age_of_vehicle,generic_make_model,driver_imd_decile,lsoa_of_driver,escooter_flag,driver_distance_banding
2023010481843,2023,010481843,1,9,0,99,99,9,9,99,99,9,9,99,9,99,9,9,6,6,2,28,6,1332,1,3,MERCEDES CLA CLASS,4,E01000588,0,-1
2023440193099,2023,440193099,1,9,0,3,3,3,7,0,0,1,0,0,0,0,3,1,6,6,2,32,6,1332,1,0,MERCEDES CLA CLASS,3,E01017129,0,-1
2023131380524,2023,131380524,2,9,0,7,7,7,5,0,0,1,0,0,0,0,1,1,6,6,2,32,6,1332,1,3,MERCEDES CLA CLASS,1,E01011355,0,-1
2023440377002,2023,440377002,1,9,0,16,19,8,4,0,0,0,0,0,7,0,3,1,6,6,1,54,8,1332,8,1,MERCEDES CLA CLASS,5,E01022937,0,-1
2023461358575,2023,461358575,1,9,0,9,9,3,7,0,0,0,0,0,0,0,4,1,6,6,2,48,8,1332,1,0,MERCEDES CLA CLASS,3,E01016038,0,-1
2023461265185,2023,461265185,4,9,0,3,3,3,7,0,0,0,0,0,0,0,2,1,6,6,1,41,7,1595,1,4,MERCEDES CLA CLASS,5,E01016165,0,-1
2023471325066,2023,471325066,1,9,0,17,19,1,5,0,0,0,0,10,1,11,1,1,5,6,1,78,11,1332,1,0,MERCEDES CLA CLASS,10,E01031773,0,-1
2023070360265,2023,070360265,1,9,0,18,19,6,2,0,0,0,0,0,5,7,1,1,6,6,1,21,5,1595,1,7,MERCEDES CLA CLASS,3,E01007049,0,-1
2023010484069,2023,010484069,1,9,0,5,5,6,2,0,0,1,0,0,0,0,2,1,6,6,2,38,7,1332,1,2,MERCEDES CLA CLASS,5,E01000142,0,-1
2023201314185,2023,201314185,2,9,0,9,9,2,8,0,0,6,0,0,0,0,1,1,6,6,3,33,6,1332,1,3,MERCEDES CLA CLASS,2,E01010419,0,-1
2023311311630,2023,311311630,2,9,0,18,19,1,6,0,0,3,0,0,0,0,1,1,6,6,1,28,6,2143,2,8,MERCEDES CLA CLASS,4,E01027960,0,-1
2023010448221,2023,010448221,1,9,0,4,4,5,1,0,0,1,0,0,0,0,0,1,6,6,2,23,5,1332,1,4,MERCEDES CLA CLASS,5,E01001682,0,-1
2023501367033,2023,501367033,3,9,0,3,3,6,2,0,0,1,0,0,0,0,2,1,5,6,1,34,6,1950,2,1,MERCEDES CLA CLASS,4,E01018866,0,-1
2023201291542,2023,201291542,1,9,0,18,19,2,6,0,0,0,0,10,1,4,1,1,6,6,1,51,8,2143,2,7,MERCEDES CLA CLASS,8,E01010352,0,-1
2023010449400,2023,010449400,1,9,0,7,7,4,7,0,0,6,0,11,0,0,1,1,6,6,3,-1,-1,1332,1,2,MERCEDES CLA CLASS,-1,-1,0,-1
2023010449240,2023,010449240,2,9,0,99,99,9,9,99,99,9,9,99,9,99,1,9,6,6,1,31,6,1991,1,4,MERCEDES CLA CLASS,2,E01000527,0,-1
2023401341549,2023,401341549,2,9,0,18,19,3,7,0,0,8,0,0,0,0,4,1,5,6,2,34,6,1991,1,4,MERCEDES CLA CLASS,5,E01017388,0,-1
2023440175110,2023,440175110,2,9,0,18,19,7,3,0,0,1,0,0,0,0,1,1,6,6,3,-1,-1,2143,2,6,MERCEDES CLA CLASS,-1,-1,0,-1
2023161348255,2023,161348255,1,9,0,18,19,7,3,0,0,8,0,0,0,0,1,1,5,6,1,73,10,1950,2,1,MERCEDES CLA CLASS,4,E01012929,0,-1
2023131343738,2023,131343738,1,9,0,18,19,3,7,0,0,0,0,0,0,0,2,1,5,6,1,30,6,1332,1,3,MERCEDES CLA CLASS,6,E01011610,0,-1
2023010454207,2023,010454207,2,9,0,7,7,1,3,0,0,8,0,0,0,0,0,1,6,6,1,37,7,2143,2,9,MERCEDES CLA CLASS,6,E01004659,0,-1
2023041341437,2023,041341437,1,9,0,9,9,1,5,0,0,0,0,0,0,0,1,1,6,6,1,34,6,1595,1,6,MERCEDES CLA CLASS,3,E01012708,0,-1
2023041340085,2023,041340085,1,9,0,16,19,7,3,0,0,0,0,0,0,0,1,1,1,1,1,21,5,2143,2,5,MERCEDES CLA CLASS,3,E01012588,0,-1
2023061379803,2023,061379803,1,9,-1,9,9,-1,-1,0,0,-1,0,0,0,0,1,1,6,6,3,-1,-1,1332,1,0,MERCEDES CLA CLASS,-1,-1,0,-1
2023031340880,2023,031340880,2,9,0,2,2,0,0,0,0,6,0,0,0,0,2,1,6,6,3,-1,-1,2143,2,8,MERCEDES CLA CLASS,-1,-1,0,-1
2023052301216,2023,052301216,1,9,0,5,5,6,5,0,0,0,0,0,0,0,1,1,1,1,2,44,7,2143,2,7,MERCEDES CLA CLASS,6,E01006864,0,-1
2023061349401,2023,061349401,2,9,0,18,19,7,3,0,0,0,0,0,0,0,2,1,5,6,1,40,7,2143,2,7,MERCEDES CLA CLASS,2,E01006307,0,-1
2023451343286,2023,451343286,2,9,0,18,19,3,7,0,0,0,1,0,0,0,1,1,6,6,2,22,5,2143,2,10,MERCEDES CLA CLASS,-1,-1,0,-1
2023451278579,2023,451278579,1,9,0,17,19,5,1,0,0,0,5,0,1,9,1,1,6,6,1,30,6,1950,2,2,MERCEDES CLA CLASS,5,E01030579,0,-1
2023131361150,2023,131361150,1,9,0,18,19,8,4,0,0,8,0,0,0,0,1,1,5,6,1,25,5,2143,2,8,MERCEDES CLA CLASS,6,E01011586,0,-1
2023010428920,2023,010428920,2,9,0,9,9,5,2,0,0,1,0,0,0,0,0,1,6,6,1,79,11,1332,1,2,MERCEDES CLA CLASS,6,E01004634,0,-1
2023131308973,2023,131308973,1,9,0,18,19,7,3,0,0,0,0,0,0,0,2,1,6,6,3,-1,-1,2143,2,8,MERCEDES CLA CLASS,-1,-1,0,-1
2023111326069,2023,111326069,1,9,0,18,19,8,4,0,0,1,1,0,0,0,1,1,5,6,1,33,6,2143,2,8,MERCEDES CLA CLASS,2,E01020840,0,-1
2023061270074,2023,061270074,1,9,0,18,19,2,2,0,0,1,0,0,0,0,1,1,6,6,3,30,6,2143,2,5,MERCEDES CLA CLASS,2,E01005233,0,-1
2023461349380,2023,461349380,2,9,0,2,2,0,0,0,0,0,0,0,0,0,3,1,6,6,3,-1,-1,1332,1,1,MERCEDES CLA CLASS,-1,-1,0,-1
2023010431774,2023,010431774,2,9,0,99,99,9,9,99,99,9,9,99,9,99,1,9,6,6,3,-1,-1,1595,1,8,MERCEDES CLA CLASS,-1,-1,0,-1
2023061363578,2023,061363578,3,9,0,10,10,3,7,0,0,0,0,0,0,0,4,1,6,6,2,45,7,1595,1,5,MERCEDES CLA CLASS,1,E01006283,0,-1
2023401345407,2023,401345407,2,9,0,18,19,5,7,0,0,0,0,0,0,0,1,1,5,6,2,38,7,2143,2,8,MERCEDES CLA CLASS,3,E01012750,0,-1
2023061270967,2023,061270967,1,9,-1,-1,-1,-1,-1,-1,-1,-1,-1,-1,-1,0,-1,1,6,6,3,-1,-1,1332,1,3,MERCEDES CLA CLASS,-1,-1,0,-1
2023010468840,2023,010468840,2,9,0,99,99,9,9,99,99,9,9,99,9,99,1,9,6,6,3,-1,-1,2143,2,9,MERCEDES CLA CLASS,-1,-1,0,-1
2023131392758,2023,131392758,1,9,0,-1,-1,-1,-1,-1,-1,-1,-1,-1,-1,-1,-1,1,6,6,3,-1,-1,1991,1,8,MERCEDES CLA CLASS,-1,-1,0,-1
2023010486725,2023,010486725,2,9,0,99,99,9,9,99,99,6,9,99,9,99,1,9,6,6,3,-1,-1,1332,1,0,MERCEDES CLA CLASS,-1,-1,0,-1
2023010434535,2023,010434535,1,9,0,18,19,5,1,0,0,1,0,0,0,0,1,1,6,6,1,18,4,2143,2,10,MERCEDES CLA CLASS,4,E01001139,0,-1
2023991357086,2023,991357086,1,9,0,7,7,3,5,0,0,0,1,6,7,0,1,1,5,6,1,22,5,1332,1,3,MERCEDES CLA CLASS,4,-1,0,-1
2023201297426,2023,201297426,2,9,0,18,19,3,7,0,0,8,0,10,7,11,1,1,6,6,1,18,4,2143,2,7,MERCEDES CLA CLASS,2,E01010344,0,-1
2023010446797,2023,010446797,2,9,0,7,7,1,2,0,0,2,0,0,0,0,1,1,6,6,1,31,6,1991,1,7,MERCEDES CLA CLASS,3,E01003331,0,-1
2023041351985,2023,041351985,2,9,0,17,19,2,6,0,0,2,0,0,0,0,1,1,1,1,1,34,6,1950,2,4,MERCEDES CLA CLASS,7,E01006279,0,-1
2023451349157,2023,451349157,2,9,0,3,3,1,5,0,0,0,0,0,0,0,1,1,6,6,2,30,6,1332,1,3,MERCEDES CLA CLASS,-1,-1,0,-1
2023451350540,2023,451350540,2,9,0,4,4,5,1,0,0,0,0,0,0,0,0,1,6,6,3,35,6,1332,1,2,MERCEDES CLA CLASS,-1,-1,0,-1
2023411404774,2023,411404774,1,9,0,15,15,6,2,0,0,0,1,0,0,0,1,1,6,6,1,20,4,1991,1,2,MERCEDES CLA CLASS,10,E01023825,0,-1
2023010440786,2023,010440786,2,9,0,99,99,9,9,99,99,9,0,0,0,0,9,1,6,6,3,-1,-1,1332,1,1,MERCEDES CLA CLASS,-1,-1,0,-1
2023451331578,2023,451331578,2,9,0,18,19,1,5,0,0,0,0,0,0,0,1,1,6,6,2,45,7,1332,1,4,MERCEDES CLA CLASS,-1,-1,0,-1
2023201408566,2023,201408566,1,9,0,5,5,6,2,9,9,6,0,0,0,0,3,1,6,6,1,41,7,1950,2,2,MERCEDES CLA CLASS,3,E01010178,0,-1
2023010467909,2023,010467909,2,9,0,14,14,1,5,0,0,1,1,0,0,0,1,2,6,6,3,23,5,1332,1,4,MERCEDES CLA CLASS,-1,-1,0,-1
2023061346481,2023,061346481,2,9,0,18,19,2,6,0,0,2,0,0,0,0,2,1,5,6,1,22,5,2143,2,8,MERCEDES CLA CLASS,1,E01032558,0,-1
2023351287752,2023,351287752,2,9,0,4,4,1,5,0,0,0,0,0,0,0,2,1,2,2,2,39,7,1595,1,5,MERCEDES CLA CLASS,6,E01018208,0,-1
2023131293292,2023,131293292,4,9,0,2,2,0,0,0,0,8,0,0,0,0,3,1,5,6,1,38,7,1332,1,3,MERCEDES CLA CLASS,8,E01030860,0,-1
2023010463248,2023,010463248,2,9,0,2,2,0,0,0,0,8,0,0,0,0,2,1,6,6,3,-1,-1,1332,1,2,MERCEDES CLA CLASS,-1,-1,0,-1
2023010471794,2023,010471794,2,9,0,99,99,9,9,99,99,9,9,99,9,99,1,9,6,6,3,-1,-1,1332,1,1,MERCEDES CLA CLASS,-1,-1,0,-1
2023010480621,2023,010480621,1,9,9,1,1,5,7,0,0,0,9,99,9,0,2,9,6,6,1,28,6,1332,1,2,MERCEDES CLA CLASS,5,E01000468,0,-1
2023430036434,2023,430036434,1,9,0,18,19,5,1,0,0,0,0,0,0,0,1,1,6,6,1,24,5,2143,2,9,MERCEDES CLA CLASS,-1,-1,0,-1
2023501341811,2023,501341811,1,9,0,9,9,6,2,0,0,0,0,10,0,0,1,1,5,6,2,54,8,1332,1,2,MERCEDES CLA CLASS,-1,-1,0,-1
2023302301638,2023,302301638,2,9,0,3,3,4,8,0,0,1,0,0,0,0,3,1,1,1,1,57,9,1595,1,5,MERCEDES CLA CLASS,7,E01025952,0,-1
2023311343267,2023,311343267,1,9,0,15,15,5,8,0,0,0,5,7,0,0,1,1,6,6,1,52,8,1950,2,3,MERCEDES CLA CLASS,2,E01027937,0,-1
2023522300655,2023,522300655,1,9,0,18,19,2,6,0,0,2,0,4,7,10,3,1,6,6,1,36,7,1332,1,3,MERCEDES CLA CLASS,2,E01014643,0,-1
2023010484692,2023,010484692,1,9,0,3,3,3,7,0,0,8,0,0,0,0,2,1,6,6,1,54,8,1332,1,2,MERCEDES CLA CLASS,1,E01000106,0,-1
2023221345622,2023,221345622,1,9,0,18,19,3,7,0,0,0,0,0,0,0,1,1,5,6,1,42,7,2143,2,7,MERCEDES CLA CLASS,6,E01032407,0,-1
2023451366683,2023,451366683,3,9,0,18,19,3,7,0,0,0,0,0,0,0,0,1,6,6,1,30,6,1332,1,4,MERCEDES CLA CLASS,9,E01030785,0,-1
2023010474965,2023,010474965,1,9,0,18,19,2,6,0,0,1,0,0,0,0,1,1,6,6,2,23,5,1332,1,4,MERCEDES CLA CLASS,9,E01003356,0,-1
2023010468476,2023,010468476,2,9,0,99,99,9,9,99,99,9,9,99,9,99,9,9,6,6,3,-1,-1,2143,2,9,MERCEDES CLA CLASS,4,E01002014,0,-1
2023010440077,2023,010440077,1,9,0,7,7,1,4,0,0,8,0,0,0,0,4,1,6,6,1,33,6,1332,1,3,MERCEDES CLA CLASS,4,E01000916,0,-1
2023010446468,2023,010446468,1,9,0,4,4,1,5,0,0,2,0,10,1,11,3,1,2,2,1,25,5,1332,1,2,MERCEDES CLA CLASS,-1,-1,0,-1
2023401331460,2023,401331460,2,9,0,18,19,3,7,0,0,1,0,0,0,0,1,1,6,6,1,50,8,1595,1,4,MERCEDES CLA CLASS,3,E01015715,0,-1
2023010460644,2023,010460644,1,9,0,18,19,1,5,0,0,1,0,0,0,0,1,1,6,6,2,21,5,2143,2,6,MERCEDES CLA CLASS,7,E01016831,0,-1
2023501332360,2023,501332360,1,9,0,13,13,8,4,0,0,0,1,0,7,10,3,1,6,6,1,38,7,2143,2,8,MERCEDES CLA CLASS,9,E01030501,0,-1
2023622300330,2023,622300330,3,9,0,18,19,8,4,0,0,0,0,0,1,0,1,1,6,6,2,54,8,1950,2,2,MERCEDES CLA CLASS,10,W01001223,0,-1
2023010486067,2023,010486067,2,9,0,99,99,9,9,99,99,0,9,99,9,99,1,9,6,6,3,-1,-1,1595,1,8,MERCEDES CLA CLASS,2,E01001112,0,-1
2023440068552,2023,440068552,1,9,0,3,3,3,7,0,0,8,0,0,0,0,2,1,6,6,1,21,5,1332,1,1,MERCEDES CLA CLASS,7,E01022503,0,-1
2023010458565,2023,010458565,3,9,0,3,3,1,5,0,0,8,1,0,7,11,3,1,6,6,1,50,8,1332,1,2,MERCEDES CLA CLASS,-1,-1,0,-1
2023010420306,2023,010420306,2,9,0,18,19,5,1,0,0,2,0,0,0,0,0,2,6,6,2,46,8,1332,1,1,MERCEDES CLA CLASS,10,E01023565,0,-1
2023041289011,2023,041289011,1,9,0,18,19,3,7,0,0,1,0,0,0,0,1,2,6,6,1,20,4,1950,2,2,MERCEDES CLA CLASS,1,E01025584,0,-1
2023131351001,2023,131351001,3,9,0,2,2,0,0,0,0,0,0,0,0,0,4,1,6,6,3,-1,-1,1950,2,3,MERCEDES CLA CLASS,-1,-1,0,-1
2023201326898,2023,201326898,2,9,0,5,5,4,2,0,0,6,0,0,0,0,3,1,6,6,2,30,6,1595,1,8,MERCEDES CLA CLASS,1,E01009192,0,-1
2023061274985,2023,061274985,3,9,0,2,2,6,6,0,0,2,0,0,0,0,3,1,6,6,3,-1,-1,2143,2,8,MERCEDES CLA CLASS,-1,-1,0,-1
2023430241098,2023,430241098,1,9,0,18,19,8,4,0,0,8,0,0,0,0,1,1,6,6,2,41,7,1332,1,2,MERCEDES CLA CLASS,10,E01016663,0,-1
2023991277317,2023,991277317,1,9,0,5,5,5,1,9,9,4,0,7,0,0,1,1,6,6,3,-1,-1,1595,1,4,MERCEDES CLA CLASS,-1,-1,0,-1
2023421382117,2023,421382117,1,9,0,18,19,5,1,0,0,0,1,0,0,0,1,1,5,6,1,24,5,1332,1,1,MERCEDES CLA CLASS,4,E01021392,0,-1
2023010444659,2023,010444659,1,9,0,4,4,6,2,0,0,0,0,0,0,0,2,1,6,6,1,34,6,1950,2,3,MERCEDES CLA CLASS,3,E01000510,0,-1
2023440211250,2023,440211250,1,9,0,18,19,3,7,0,0,1,0,0,0,0,2,1,6,6,1,38,7,1332,1,1,MERCEDES CLA CLASS,10,E01030726,0,-1
2023221350010,2023,221350010,2,9,0,4,4,3,7,0,0,1,0,0,0,0,2,1,6,6,1,30,6,1332,1,3,MERCEDES CLA CLASS,1,E01010061,0,-1
2023421339152,2023,421339152,2,9,0,18,19,5,1,9,9,0,1,11,7,0,1,1,6,6,1,20,4,2143,2,5,MERCEDES CLA CLASS,3,E01021300,0,-1
2023320773907,2023,320773907,1,9,0,18,19,7,3,0,0,8,0,0,3,4,1,1,6,6,1,32,6,1332,1,3,MERCEDES CLA CLASS,-1,-1,0,-1
2023471302554,2023,471302554,1,9,0,1,1,2,6,0,0,1,0,0,7,11,2,1,6,6,1,81,11,1950,2,2,MERCEDES CLA CLASS,8,E01021150,0,-1
2023010422961,2023,010422961,1,9,3,99,99,9,9,0,0,8,0,0,0,0,2,1,1,1,1,29,6,2143,2,9,MERCEDES CLA CLASS,3,E01003405,0,-1
2023161329544,2023,161329544,1,9,0,7,7,2,2,0,0,6,0,0,0,0,1,1,2,2,1,42,7,1332,1,0,MERCEDES CLA CLASS,1,E01012895,0,-1
2023440442072,2023,440442072,1,9,0,18,19,1,5,0,0,0,0,0,5,6,1,1,6,6,1,30,6,2143,2,8,MERCEDES CLA CLASS,6,E01023199,0,-1
2023010466600,2023,010466600,2,9,0,99,99,9,9,99,99,9,9,99,9,99,9,9,6,6,3,28,6,1332,1,2,MERCEDES CLA CLASS,2,E01001441,0,-1
2023302301879,2023,302301879,1,9,0,18,19,5,1,0,0,0,0,0,0,0,1,1,6,6,1,37,7,1332,1,2,MERCEDES CLA CLASS,9,E01030975,0,-1
2023052301373,2023,052301373,1,9,0,7,7,2,6,0,0,6,0,0,0,0,3,1,6,6,1,29,6,1332,1,3,MERCEDES CLA CLASS,2,E01006523,0,-1
2023131319574,2023,131319574,1,9,0,9,9,7,3,9,9,2,0,0,1,0,4,1,6,6,2,25,5,1950,2,2,MERCEDES CLA CLASS,3,E01010665,0,-1
2023131319023,2023,131319023,3,9,0,7,7,5,1,0,0,0,0,0,0,0,1,1,1,1,1,30,6,1332,1,2,MERCEDES CLA CLASS,6,E01010969,0,-1
2023141346247,2023,141346247,1,9,0,7,7,2,6,0,0,8,0,0,7,4,1,1,5,6,2,19,4,1991,1,8,MERCEDES CLA CLASS,7,E01007860,0,-1
2023010457477,2023,010457477,2,9,0,99,99,9,9,99,99,9,9,99,9,99,9,9,6,6,2,27,6,2143,2,5,MERCEDES CLA CLASS,4,E01002369,0,-1
2023010467399,2023,010467399,2,9,0,99,99,9,9,99,99,9,9,99,9,99,1,9,6,6,3,-1,-1,1595,1,9,MERCEDES CLA CLASS,-1,-1,0,-1
2023161326651,2023,161326651,1,9,0,3,3,3,7,0,0,0,0,0,0,0,0,1,6,6,1,30,6,2143,2,7,MERCEDES CLA CLASS,1,E01013222,0,-1
2023161386434,2023,161386434,1,9,0,3,3,5,1,0,0,1,0,0,0,0,2,1,2,2,1,29,6,1332,8,0,MERCEDES CLA CLASS,9,E01013031,0,-1
2023010450496,2023,010450496,1,9,0,99,99,9,9,99,99,9,9,99,9,99,9,9,6,6,1,24,5,2143,2,10,MERCEDES CLA CLASS,2,E01004319,0,-1
2023041361684,2023,041361684,2,9,0,5,5,3,5,0,0,0,0,0,0,0,0,1,6,6,3,-1,-1,1332,8,0,MERCEDES CLA CLASS,-1,-1,0,-1
2023351281574,2023,351281574,1,9,0,18,19,2,6,0,0,3,0,0,1,0,1,1,6,6,1,39,7,1991,1,3,MERCEDES CLA CLASS,3,E01018090,0,-1
2023622300966,2023,622300966,2,9,0,18,19,2,6,0,0,0,0,0,0,0,2,1,6,6,2,32,6,2143,2,8,MERCEDES CLA CLASS,3,W01001767,0,-1
2023010426661,2023,010426661,2,9,0,99,99,9,9,99,99,9,9,99,9,99,1,9,6,6,1,38,7,1332,8,3,MERCEDES CLA CLASS,6,E01003311,0,-1
2023340NN0212,2023,340NN0212,3,9,0,3,3,7,3,0,0,1,0,0,0,0,2,1,6,6,2,33,6,1332,8,1,MERCEDES CLA CLASS,7,E01026978,0,-1
2023010462555,2023,010462555,1,9,0,99,99,9,9,99,99,9,9,99,9,99,1,9,6,6,1,48,8,1595,1,5,MERCEDES CLA CLASS,3,E01000094,0,-1
2023111330930,2023,111330930,1,9,0,17,19,6,1,0,0,0,0,10,1,4,1,1,5,6,1,21,5,1595,1,5,MERCEDES CLA CLASS,5,E01020660,0,-1
2023010460281,2023,010460281,2,9,0,9,9,3,1,0,0,2,0,0,0,0,1,1,6,6,1,22,5,2143,2,6,MERCEDES CLA CLASS,2,E01032787,0,-1
2023371311974,2023,371311974,2,9,0,18,19,3,7,0,0,0,0,11,0,0,1,1,5,6,1,22,5,1595,1,5,MERCEDES CLA CLASS,3,E01018073,0,-1
2023010459136,2023,010459136,2,9,0,4,4,7,3,0,0,4,0,0,0,0,1,1,6,6,1,39,7,1332,1,2,MERCEDES CLA CLASS,4,E01001165,0,-1
2023991343550,2023,991343550,2,9,0,18,19,2,6,0,0,0,0,0,0,0,3,1,5,6,2,31,6,2143,2,6,MERCEDES CLA CLASS,1,-1,0,-1
2023201377790,2023,201377790,2,9,0,3,3,4,8,0,0,1,0,10,0,0,1,1,6,6,1,23,5,1332,8,1,MERCEDES CLA CLASS,10,E01010193,0,-1
2023052400048,2023,052400048,1,9,0,5,5,1,4,0,0,0,0,0,0,0,4,1,6,6,1,53,8,1332,8,0,MERCEDES CLA CLASS,2,E01004928,0,-1
2023332300910,2023,332300910,1,9,0,18,19,1,3,0,0,3,0,0,0,0,3,1,6,6,1,31,6,2143,2,10,MERCEDES CLA CLASS,10,E01033390,0,-1
2023161305205,2023,161305205,1,9,0,5,5,1,5,0,0,0,0,0,0,0,4,1,5,6,2,37,7,1595,1,4,MERCEDES CLA CLASS,10,E01013116,0,-1
2023201389170,2023,201389170,1,9,0,18,19,5,1,0,0,0,0,0,0,0,1,1,6,6,1,-1,-1,1332,8,0,MERCEDES CLA CLASS,-1,-1,0,-1
2023010474414,2023,010474414,1,9,0,18,19,7,3,0,0,0,0,0,0,0,1,1,6,6,1,22,5,1991,1,9,MERCEDES CLA CLASS,3,E01009045,0,-1
2023161268564,2023,161268564,2,9,0,18,19,7,3,0,0,1,0,0,0,0,3,1,5,6,1,33,6,2143,2,8,MERCEDES CLA CLASS,4,E01012797,0,-1
2023131314659,2023,131314659,1,9,0,18,19,5,1,0,0,8,0,0,1,4,1,1,6,6,3,-1,-1,2143,2,10,MERCEDES CLA CLASS,-1,-1,0,-1
2023010481878,2023,010481878,2,9,0,99,99,9,9,99,99,9,9,99,9,99,0,9,6,6,3,32,6,1332,1,1,MERCEDES CLA CLASS,2,E01002608,0,-1
2023201278190,2023,201278190,1,9,0,18,19,7,3,0,0,0,0,0,0,0,1,1,6,6,1,51,8,1332,1,3,MERCEDES CLA CLASS,10,E01010198,0,-1
2023411292332,2023,411292332,2,9,0,18,19,3,7,0,0,0,0,0,0,0,1,1,1,1,1,35,6,1332,1,1,MERCEDES CLA CLASS,2,E01023758,0,-1
2023061290471,2023,061290471,2,9,0,9,9,-1,-1,0,0,2,0,0,0,0,1,1,6,6,3,-1,-1,1595,1,5,MERCEDES CLA CLASS,-1,-1,0,-1
2023302301698,2023,302301698,1,9,0,18,19,8,4,0,0,3,0,0,3,11,0,1,6,6,1,59,9,1332,1,1,MERCEDES CLA CLASS,8,E01019766,0,-1
2023201316271,2023,201316271,1,9,0,5,5,6,2,0,0,5,0,0,0,0,4,1,1,1,1,22,5,2143,2,6,MERCEDES CLA CLASS,1,E01033639,0,-1
2023010442983,2023,010442983,1,9,0,18,19,3,7,0,0,1,0,0,0,0,4,1,6,6,2,19,4,1595,1,5,MERCEDES CLA CLASS,9,E01000440,0,-1
2023351347092,2023,351347092,3,9,0,18,19,7,3,0,0,0,0,0,0,0,3,1,5,6,2,37,7,2143,2,6,MERCEDES CLA CLASS,10,E01017436,0,-1
2023631342513,2023,631342513,2,9,0,16,19,5,8,0,0,0,0,0,0,0,1,1,6,6,1,32,6,2143,2,8,MERCEDES CLA CLASS,3,W01000928,0,-1
2023041389171,2023,041389171,2,9,0,18,19,5,1,0,0,0,0,0,0,0,2,1,5,6,1,20,4,2143,2,10,MERCEDES CLA CLASS,2,E01005122,0,-1
2023361310810,2023,361310810,1,9,0,18,19,5,1,0,0,0,0,0,0,0,3,1,2,2,2,47,8,1950,2,0,MERCEDES CLA CLASS,8,E01026691,0,-1
2023311263494,2023,311263494,1,9,0,18,19,4,7,0,0,6,0,0,0,0,1,1,6,6,1,31,6,2143,2,8,MERCEDES CLA CLASS,3,E01013932,0,-1
2023991268422,2023,991268422,1,9,0,9,9,3,1,0,0,1,0,0,0,0,1,1,5,6,2,18,4,1332,1,2,MERCEDES CLA CLASS,9,-1,0,-1
2023010485957,2023,010485957,2,9,0,3,3,8,4,0,0,0,0,0,0,0,1,1,6,6,3,-1,-1,1332,1,3,MERCEDES CLA CLASS,-1,-1,0,-1
2023010478128,2023,010478128,2,9,9,99,99,9,9,99,99,9,9,99,9,99,2,9,6,6,3,-1,-1,1332,1,4,MERCEDES CLA CLASS,-1,-1,0,-1
2023440057171,2023,440057171,1,9,0,18,19,4,6,0,0,3,0,0,0,0,1,1,2,2,1,29,6,1332,8,0,MERCEDES CLA CLASS,9,E01028724,0,-1
2023010483539,2023,010483539,1,9,0,18,19,3,7,0,0,0,0,0,0,0,1,1,6,6,2,30,6,1332,1,2,MERCEDES CLA CLASS,3,E01004421,0,-1
2023061351797,2023,061351797,2,9,0,10,10,5,3,0,0,1,0,0,0,0,2,1,6,6,1,30,6,1332,1,3,MERCEDES CLA CLASS,10,E01005932,0,-1
2023371370202,2023,371370202,2,9,0,18,19,5,1,0,0,0,0,0,0,0,2,1,5,6,1,61,9,1332,8,2,MERCEDES CLA CLASS,8,E01027040,0,-1
2023991367480,2023,991367480,1,9,0,18,19,2,6,0,0,0,0,0,0,0,1,1,5,6,1,32,6,1595,1,5,MERCEDES CLA CLASS,1,-1,0,-1
2023421309721,2023,421309721,1,9,0,1,1,3,7,8,6,0,0,0,0,0,3,1,6,6,1,41,7,1332,1,0,MERCEDES CLA CLASS,4,E01001615,0,-1
2023041304541,2023,041304541,2,9,0,18,19,1,1,0,0,1,0,0,0,0,1,1,5,6,2,22,5,1332,1,1,MERCEDES CLA CLASS,9,E01025476,0,-1
2023141332336,2023,141332336,1,9,0,18,19,1,5,0,0,0,5,4,0,0,1,1,6,6,1,27,6,1332,1,3,MERCEDES CLA CLASS,1,E01008118,0,-1
2023061288846,2023,061288846,2,9,0,18,19,8,4,0,0,1,0,0,0,0,2,1,6,6,2,47,8,1950,2,3,MERCEDES CLA CLASS,1,E01005103,0,-1
2023010440282,2023,010440282,1,9,0,99,99,9,9,99,99,0,9,99,9,99,1,9,6,6,1,32,6,2143,2,6,MERCEDES CLA CLASS,1,E01004300,0,-1
2023010434285,2023,010434285,2,9,0,99,99,9,9,99,99,9,9,99,9,99,9,9,6,6,3,-1,-1,2143,2,7,MERCEDES CLA CLASS,-1,-1,0,-1
2023010425439,2023,010425439,2,9,0,99,99,9,9,99,99,9,9,99,9,99,1,9,6,6,3,-1,-1,1595,1,5,MERCEDES CLA CLASS,-1,-1,0,-1