collision_index,collision_year,collision_ref_no,vehicle_reference,vehicle_type,towing_and_articulation,vehicle_manoeuvre_historic,vehicle_manoeuvre,vehicle_direction_from,vehicle_direction_to,vehicle_location_restricted_lane_historic,vehicle_location_restricted_lane,junction_location,skidding_and_overturning,hit_object_in_carriageway,vehicle_leaving_carriageway,hit_object_off_carriageway,first_point_of_impact,vehicle_left_hand_drive,journey_purpose_of_driver_historic,journey_purpose_of_driver,sex_of_driver,age_of_driver,age_band_of_driver,engine_capacity_cc,propulsion_code,age_of_vehicle,generic_make_model,driver_imd_decile,lsoa_of_driver,escooter_flag,driver_distance_banding
2023041276585,2023,041276585,2,9,0,3,3,7,1,0,0,3,0,0,0,0,2,1,6,6,2,27,6,1332,1,2,MERCEDES CLA CLASS,8,E01012584,0,-1
2023010473150,2023,010473150,1,9,0,3,3,1,5,0,0,1,0,0,0,0,2,1,6,6,1,33,6,1332,1,2,MERCEDES CLA CLASS,10,E01017553,0,-1
2023010473743,2023,010473743,2,9,0,99,99,9,9,99,99,9,9,99,9,99,9,9,2,2,3,20,4,1332,1,3,MERCEDES CLA CLASS,9,E01001028,0,-1
2023041355843,2023,041355843,2,9,0,18,19,7,3,0,0,0,0,0,0,0,2,1,6,6,2,34,6,2143,2,8,MERCEDES CLA CLASS,1,E01005166,0,-1
2023201376301,2023,201376301,2,9,0,3,3,5,1,0,0,8,0,0,0,0,4,1,6,6,1,42,7,1950,2,1,MERCEDES CLA CLASS,3,E01010055,0,-1
2023552301115,2023,552301115,1,9,0,6,6,2,2,0,0,0,0,0,0,0,3,1,2,2,1,53,8,2143,2,6,MERCEDES CLA CLASS,7,E01020540,0,-1
2023161262164,2023,161262164,3,9,0,2,2,0,0,0,0,0,0,0,0,0,3,1,6,6,3,-1,-1,1332,8,2,MERCEDES CLA CLASS,-1,-1,0,-1
2023361321675,2023,361321675,1,9,0,18,19,5,1,0,0,0,0,0,0,0,1,1,2,2,2,44,7,2143,2,8,MERCEDES CLA CLASS,2,E01033040,0,-1
2023311374961,2023,311374961,2,9,0,4,4,5,1,0,0,0,0,0,0,0,2,1,6,6,2,37,7,1332,1,3,MERCEDES CLA CLASS,4,E01028305,0,-1
2023361372779,2023,361372779,1,9,0,18,19,3,7,0,0,0,0,0,0,0,1,1,5,6,1,21,5,1332,1,0,MERCEDES CLA CLASS,4,E01000029,0,-1
2023010456724,2023,010456724,4,9,0,2,2,0,0,0,0,0,0,0,0,0,1,1,6,6,3,-1,-1,1332,1,3,MERCEDES CLA CLASS,-1,-1,0,-1
2023010479602,2023,010479602,1,9,0,18,19,1,5,0,0,1,0,0,0,0,1,1,6,6,1,33,6,1332,1,3,MERCEDES CLA CLASS,3,E01003564,0,-1
2023010430241,2023,010430241,2,9,0,8,8,4,5,0,0,1,0,0,0,0,2,1,6,6,2,38,7,1332,1,3,MERCEDES CLA CLASS,2,E01001115,0,-1
2023461380368,2023,461380368,2,9,0,18,19,3,7,-1,-1,0,0,0,0,0,2,1,5,6,2,27,6,1595,1,8,MERCEDES CLA CLASS,6,E01024276,0,-1
2023041372235,2023,041372235,1,9,0,18,19,1,5,0,0,0,0,0,0,0,1,1,6,6,1,49,8,1332,1,3,MERCEDES CLA CLASS,1,E01006790,0,-1
2023052302801,2023,052302801,2,9,0,4,4,1,5,0,0,1,0,0,0,0,2,1,6,6,2,49,8,2143,2,6,MERCEDES CLA CLASS,7,E01006800,0,-1
2023010486153,2023,010486153,1,9,3,18,19,1,5,0,0,0,0,4,0,0,1,1,6,6,1,29,6,1595,1,5,MERCEDES CLA CLASS,5,E01000664,0,-1
2023531370498,2023,531370498,3,9,0,18,19,4,8,0,0,0,0,0,0,0,0,1,6,6,2,34,6,2143,2,5,MERCEDES CLA CLASS,2,E01022458,0,-1
2023061354095,2023,061354095,1,9,0,18,19,1,5,0,0,0,0,0,0,0,1,1,6,6,1,26,6,2143,2,5,MERCEDES CLA CLASS,5,E01033096,0,-1
2023101297115,2023,101297115,1,9,0,18,19,1,5,0,0,0,0,0,0,0,4,1,5,6,2,32,6,1595,1,8,MERCEDES CLA CLASS,2,E01033074,0,-1
2023421327171,2023,421327171,1,9,0,7,7,4,8,0,0,0,0,0,0,0,1,1,5,6,1,18,4,1332,1,2,MERCEDES CLA CLASS,6,E01023494,0,-1
2023010451890,2023,010451890,1,9,0,17,19,5,3,0,0,2,0,0,0,0,1,1,6,6,1,34,6,1595,1,5,MERCEDES CLA CLASS,2,E01003920,0,-1
2023010443137,2023,010443137,1,9,0,18,19,5,1,0,0,0,0,0,0,0,2,1,6,6,2,38,7,1332,1,3,MERCEDES CLA CLASS,6,E01000479,0,-1
2023010487154,2023,010487154,1,9,0,99,99,9,9,99,99,9,9,99,9,99,2,9,6,6,1,43,7,1332,1,1,MERCEDES CLA CLASS,6,E01001415,0,-1
2023401357006,2023,401357006,1,9,0,18,19,6,2,0,0,8,0,0,0,0,1,1,2,2,1,40,7,2143,2,5,MERCEDES CLA CLASS,3,E01015757,0,-1
2023320405853,2023,320405853,1,9,0,16,19,4,8,0,0,0,0,0,1,11,1,1,6,6,1,27,6,2143,2,6,MERCEDES CLA CLASS,3,E01026055,0,-1
2023041392175,2023,041392175,1,9,0,18,19,5,1,0,0,1,0,0,7,11,1,1,5,6,1,42,7,2143,2,7,MERCEDES CLA CLASS,3,E01024986,0,-1
2023111267870,2023,111267870,1,9,0,18,19,8,4,0,0,4,0,0,0,0,1,1,6,6,1,45,7,1595,1,9,MERCEDES CLA CLASS,1,E01033484,0,-1
2023010425901,2023,010425901,2,9,9,99,99,9,9,99,99,9,9,99,9,99,1,9,6,6,3,-1,-1,1332,1,1,MERCEDES CLA CLASS,-1,-1,0,-1
2023052300956,2023,052300956,1,9,0,18,19,1,5,0,0,6,0,0,0,0,4,1,6,6,2,63,9,1332,1,3,MERCEDES CLA CLASS,1,E01007291,0,-1
2023440215868,2023,440215868,2,9,0,18,19,8,4,0,0,1,0,0,0,0,3,1,6,6,1,31,6,2143,2,8,MERCEDES CLA CLASS,8,E01023049,0,-1
2023320643316,2023,320643316,1,9,0,9,9,4,2,0,0,5,0,0,0,0,4,1,6,6,2,33,6,1332,1,3,MERCEDES CLA CLASS,9,E01026186,0,-1
2023010444378,2023,010444378,1,9,0,99,99,9,9,99,99,9,9,99,9,99,2,9,6,6,2,32,6,1332,1,2,MERCEDES CLA CLASS,6,E01024180,0,-1
2023430249682,2023,430249682,3,9,0,18,19,3,7,0,0,8,0,0,0,0,3,1,6,6,2,34,6,1332,1,0,MERCEDES CLA CLASS,8,E01027296,0,-1
2023430426745,2023,430426745,1,9,0,18,19,5,1,0,0,0,0,0,0,0,3,1,6,6,1,40,7,1595,1,9,MERCEDES CLA CLASS,7,E01016840,0,-1
2023010449586,2023,010449586,2,9,0,99,99,9,9,99,99,9,9,99,9,99,1,9,6,6,1,30,6,1332,1,3,MERCEDES CLA CLASS,2,E01001716,0,-1
2023010469995,2023,010469995,1,9,0,9,9,8,7,0,0,8,0,0,0,0,1,1,6,6,2,33,6,1332,1,3,MERCEDES CLA CLASS,3,E01003617,0,-1
2023010423852,2023,010423852,2,9,0,9,9,1,6,0,0,1,0,0,0,0,2,1,2,2,2,54,8,1950,2,2,MERCEDES CLA CLASS,-1,-1,0,-1
2023311330552,2023,311330552,1,9,0,5,5,-1,-1,0,0,0,0,0,0,0,2,1,6,6,1,36,7,2143,2,9,MERCEDES CLA CLASS,2,E01019682,0,-1
2023461325800,2023,461325800,2,9,0,4,4,1,5,0,0,0,0,0,0,0,2,1,6,6,2,42,7,1332,1,2,MERCEDES CLA CLASS,5,E01016157,0,-1
2023421293714,2023,421293714,2,9,0,18,19,7,3,0,0,0,0,0,0,0,2,1,6,6,2,18,4,1332,1,2,MERCEDES CLA CLASS,9,E01015995,0,-1
2023010453262,2023,010453262,1,9,0,17,19,1,5,0,0,8,0,10,0,0,1,1,6,6,1,19,4,1950,2,3,MERCEDES CLA CLASS,2,E01001056,0,-1
2023201405797,2023,201405797,2,9,0,18,19,7,3,0,0,8,0,0,0,0,9,1,3,7,3,34,6,1595,1,8,MERCEDES CLA CLASS,2,E01010447,0,-1
2023991340094,2023,991340094,1,9,0,18,19,1,5,0,0,1,1,0,1,0,1,1,5,6,1,32,6,1595,1,6,MERCEDES CLA CLASS,4,-1,0,-1
2023131350378,2023,131350378,2,9,0,18,19,1,5,0,0,1,0,0,0,0,4,1,6,6,2,28,6,1332,1,1,MERCEDES CLA CLASS,1,E01010622,0,-1
2023411337499,2023,411337499,5,9,0,18,19,1,5,0,0,0,0,0,0,0,1,1,6,6,1,29,6,1332,1,1,MERCEDES CLA CLASS,7,E01016840,0,-1
2023340NN0382,2023,340NN0382,1,9,0,18,19,3,7,0,0,3,2,0,7,9,1,1,6,6,1,47,8,1595,1,8,MERCEDES CLA CLASS,3,E01027038,0,-1
2023302301141,2023,302301141,2,9,0,18,19,1,5,0,0,0,0,0,0,0,1,1,1,1,2,18,4,2143,2,7,MERCEDES CLA CLASS,10,E01019727,0,-1
2023451327004,2023,451327004,1,9,0,16,19,3,7,0,0,0,0,0,0,0,1,1,5,6,2,38,7,1950,2,2,MERCEDES CLA CLASS,5,E01030981,0,-1
2023221314672,2023,221314672,1,9,0,1,1,4,2,0,0,5,0,0,0,0,2,1,6,6,2,54,8,1332,8,2,MERCEDES CLA CLASS,6,E01032417,0,-1
2023461356105,2023,461356105,2,9,0,18,19,1,5,0,0,8,0,0,0,0,1,1,6,6,1,30,6,1595,1,6,MERCEDES CLA CLASS,1,E01024389,0,-1
2023131357314,2023,131357314,2,9,0,18,19,1,5,0,0,1,0,0,0,0,0,1,5,6,1,67,10,2143,2,5,MERCEDES CLA CLASS,6,E01010957,0,-1
2023010447093,2023,010447093,2,9,9,99,99,9,9,99,99,0,9,99,9,99,9,9,6,6,3,-1,-1,2143,2,8,MERCEDES CLA CLASS,-1,-1,0,-1
2023141311970,2023,141311970,1,9,0,7,7,1,5,0,0,0,0,0,0,0,2,1,5,6,1,19,4,1595,1,8,MERCEDES CLA CLASS,1,E01007413,0,-1
2023451351536,2023,451351536,1,9,0,5,5,1,7,0,0,6,0,0,0,0,1,1,3,7,2,46,8,1332,1,4,MERCEDES CLA CLASS,8,E01030393,0,-1
2023991384115,2023,991384115,1,9,0,9,9,4,1,0,0,2,0,0,0,0,1,1,5,6,1,23,5,1332,1,0,MERCEDES CLA CLASS,3,-1,0,-1
2023991284668,2023,991284668,1,9,0,18,19,3,7,0,0,8,0,0,0,0,1,1,2,2,1,23,5,1595,1,4,MERCEDES CLA CLASS,-1,-1,0,-1
2023010439050,2023,010439050,4,9,0,18,19,3,7,0,0,1,0,0,0,0,1,1,6,6,1,26,6,1332,1,2,MERCEDES CLA CLASS,5,E01002652,0,-1
2023101275181,2023,101275181,1,9,0,18,19,5,1,0,0,4,5,9,0,0,1,1,6,6,1,38,7,1332,1,1,MERCEDES CLA CLASS,7,E01008789,0,-1
2023991364036,2023,991364036,2,9,0,10,10,8,5,0,0,0,0,0,0,0,2,1,3,7,2,38,7,1332,1,0,MERCEDES CLA CLASS,6,-1,0,-1
2023010457894,2023,010457894,2,9,0,4,4,1,5,0,0,8,0,0,0,0,1,1,6,6,1,43,7,1950,2,2,MERCEDES CLA CLASS,3,E01004600,0,-1
2023141376822,2023,141376822,1,9,0,11,11,5,1,0,0,0,0,0,0,0,4,1,6,6,2,57,9,2143,2,5,MERCEDES CLA CLASS,3,E01007720,0,-1
2023010480324,2023,010480324,2,9,0,99,99,9,9,99,99,9,9,99,9,99,9,9,6,6,1,26,6,1595,1,8,MERCEDES CLA CLASS,4,E01033590,0,-1
2023010447820,2023,010447820,1,9,0,7,7,5,8,0,0,5,0,0,0,0,4,1,6,6,1,20,4,1332,1,2,MERCEDES CLA CLASS,2,E01032906,0,-1
2023201397923,2023,201397923,2,9,0,18,19,2,6,0,0,8,0,0,0,0,1,1,6,6,1,28,6,1332,1,3,MERCEDES CLA CLASS,1,E01009494,0,-1
2023061340026,2023,061340026,1,9,0,16,19,5,8,0,0,2,0,0,1,0,1,1,6,6,1,19,4,2143,2,8,MERCEDES CLA CLASS,2,E01005383,0,-1
2023041272539,2023,041272539,3,9,0,18,19,3,7,0,0,0,0,0,0,0,2,1,2,2,2,35,6,2143,2,7,MERCEDES CLA CLASS,2,E01025059,0,-1
2023041322917,2023,041322917,2,9,0,9,9,5,1,0,0,5,0,0,0,0,2,1,5,6,1,33,6,1332,1,3,MERCEDES CLA CLASS,3,E01025076,0,-1
2023552300582,2023,552300582,3,9,0,18,19,6,2,0,0,0,0,0,0,0,2,1,6,6,1,67,10,1595,1,6,MERCEDES CLA CLASS,5,E01020472,0,-1
2023010448594,2023,010448594,1,9,0,99,99,9,9,99,99,0,9,99,9,99,1,9,6,6,1,21,5,1595,1,4,MERCEDES CLA CLASS,4,E01003559,0,-1
2023010458967,2023,010458967,1,9,0,10,10,3,1,0,0,3,0,0,0,0,1,1,6,6,1,35,6,2143,2,7,MERCEDES CLA CLASS,7,E01002272,0,-1
2023010421405,2023,010421405,1,9,0,9,9,1,6,0,0,2,0,0,0,0,1,1,6,6,2,26,6,1332,1,1,MERCEDES CLA CLASS,6,E01023396,0,-1
2023320260670,2023,320260670,2,9,0,4,4,8,4,0,0,0,0,0,0,0,2,1,2,2,1,35,6,1332,8,1,MERCEDES CLA CLASS,2,E01026101,0,-1
2023041352407,2023,041352407,3,9,0,18,19,8,4,0,0,1,0,0,0,0,4,1,3,7,2,42,7,2143,2,7,MERCEDES CLA CLASS,10,E01025532,0,-1
2023131288044,2023,131288044,1,9,0,17,19,1,5,0,0,0,5,0,1,10,1,1,6,6,1,35,6,2143,2,7,MERCEDES CLA CLASS,3,E01011868,0,-1
2023302301855,2023,302301855,1,9,0,18,19,2,6,0,0,0,0,0,0,0,2,1,6,6,1,38,7,1332,8,1,MERCEDES CLA CLASS,10,E01027027,0,-1
2023201366794,2023,201366794,2,9,0,18,19,3,7,0,0,8,0,0,0,0,1,1,5,6,2,34,6,1332,8,0,MERCEDES CLA CLASS,5,E01009779,0,-1
2023061334399,2023,061334399,2,9,-1,-1,-1,-1,-1,-1,-1,-1,-1,-1,-1,0,-1,1,6,6,1,23,5,1595,1,8,MERCEDES CLA CLASS,5,E01024319,0,-1
2023010468078,2023,010468078,1,9,0,99,99,9,9,99,99,0,9,99,9,99,9,1,6,6,1,32,6,1950,2,3,MERCEDES CLA CLASS,4,E01027059,0,-1
2023991295427,2023,991295427,1,9,0,2,2,8,4,0,0,0,0,0,0,0,1,1,6,6,1,56,9,1332,1,4,MERCEDES CLA CLASS,-1,-1,0,-1
2023401289348,2023,401289348,2,9,0,9,9,1,1,0,0,1,0,0,0,0,4,1,6,6,1,21,5,1595,1,6,MERCEDES CLA CLASS,4,E01017535,0,-1
2023471365403,2023,471365403,1,9,0,18,19,3,7,0,0,1,0,0,0,0,1,1,6,6,2,28,6,2143,2,8,MERCEDES CLA CLASS,5,E01031807,0,-1
2023010434909,2023,010434909,2,9,0,99,99,9,9,99,99,9,9,99,9,99,1,9,6,6,3,-1,-1,2143,2,9,MERCEDES CLA CLASS,-1,-1,0,-1
2023231370088,2023,231370088,2,21,1,18,19,2,4,0,0,0,1,0,2,0,1,1,1,1,1,46,8,4950,2,13,-1,3,E01031080,0,-1
2023041353760,2023,041353760,3,98,0,18,19,1,5,0,0,2,0,0,0,0,3,1,1,1,1,70,10,4899,2,13,-1,6,E01025222,0,-1
2023302301133,2023,302301133,1,4,0,17,19,2,7,0,0,0,1,0,0,0,1,1,6,6,1,41,7,124,1,0,-1,6,E01005455,0,-1
2023131378403,2023,131378403,3,3,0,18,19,7,3,0,0,1,0,0,0,0,1,1,2,2,1,19,4,124,1,0,-1,3,E01010670,0,-1
2023070021824,2023,070021824,2,3,0,18,19,4,8,0,0,8,0,0,0,0,1,1,6,6,1,34,6,124,1,1,-1,7,E01018699,0,-1
2023070202119,2023,070202119,2,3,0,13,13,6,2,0,0,1,1,0,0,0,1,1,2,2,1,18,4,125,1,5,-1,10,E01018694,0,-1
2023332300114,2023,332300114,1,4,0,4,4,3,7,0,0,8,0,0,0,0,4,1,2,2,1,32,6,124,1,5,-1,1,E01013653,0,-1
2023052301844,2023,052301844,2,3,0,18,19,7,3,0,0,1,0,0,1,10,1,1,6,6,1,17,4,124,1,1,-1,6,E01007076,0,-1
2023010422506,2023,010422506,1,11,0,18,19,7,3,0,0,1,0,0,0,0,0,1,1,1,1,40,7,-1,3,2,OPTARE METRODECKER,1,E01004670,0,-1
2023010442826,2023,010442826,1,11,0,4,4,1,5,0,0,1,0,0,0,0,0,1,1,1,1,63,9,-1,3,2,OPTARE METRODECKER,7,E01003407,0,-1
2023010440704,2023,010440704,1,11,0,5,5,1,5,0,0,1,0,0,0,0,0,1,1,1,1,54,8,-1,3,4,OPTARE METRODECKER,3,E01001397,0,-1
2023010484829,2023,010484829,2,11,0,14,14,5,1,0,0,2,1,0,0,0,3,1,1,1,1,47,8,-1,3,4,OPTARE METRODECKER,5,E01023937,0,-1
2023010431200,2023,010431200,1,11,0,4,4,5,1,0,0,1,0,0,0,0,0,1,1,1,2,58,9,-1,3,3,OPTARE METRODECKER,7,E01002142,0,-1
2023010468808,2023,010468808,1,11,0,5,5,5,1,2,2,0,0,0,0,0,0,1,1,1,2,57,9,-1,3,4,OPTARE METRODECKER,6,E01001419,0,-1
2023010470035,2023,010470035,1,11,0,18,19,5,1,0,0,3,0,0,0,0,1,1,1,1,1,48,8,-1,3,2,OPTARE METRODECKER,2,E01001868,0,-1
2023010433950,2023,010433950,1,11,0,18,19,8,4,0,0,0,0,0,0,0,0,1,1,1,3,-1,-1,-1,3,2,OPTARE METRODECKER,-1,-1,0,-1
2023010455864,2023,010455864,2,11,0,99,99,9,9,99,99,9,9,99,9,99,9,9,6,6,1,35,6,-1,3,2,OPTARE METRODECKER,1,E01004675,0,-1
2023010430436,2023,010430436,3,11,0,2,2,0,0,0,0,1,0,0,0,0,1,1,6,6,3,-1,-1,-1,3,4,OPTARE METRODECKER,-1,-1,0,-1
2023010430214,2023,010430214,1,11,0,5,5,3,7,0,0,0,0,0,0,0,0,1,1,1,2,71,10,-1,3,2,OPTARE METRODECKER,7,E01001290,0,-1
2023440355320,2023,440355320,1,3,0,3,3,8,4,0,0,0,0,0,0,0,1,1,1,1,1,23,5,124,1,8,-1,1,E01023029,0,-1
2023041355782,2023,041355782,1,3,0,18,19,2,5,0,0,0,5,0,0,0,1,1,5,6,1,60,9,125,1,0,-1,10,E01019368,0,-1
2023010449585,2023,010449585,3,9,0,3,3,7,3,0,0,2,0,0,0,0,2,1,6,6,1,62,9,2995,1,-1,-1,8,E01004168,0,-1
2023461328481,2023,461328481,1,9,0,18,19,7,3,0,0,0,0,0,0,0,1,1,6,6,3,-1,-1,1405,1,18,-1,-1,-1,0,-1
2023141262816,2023,141262816,2,9,0,14,14,1,5,0,0,2,0,0,0,0,1,1,6,6,1,83,11,1405,1,19,-1,2,E01007804,0,-1
2023131285085,2023,131285085,1,3,0,4,4,1,5,0,0,0,1,0,0,0,3,1,2,2,1,32,6,124,1,17,-1,8,E01011527,0,-1
2023361345865,2023,361345865,1,3,0,2,2,0,0,0,0,0,1,0,0,0,1,1,2,2,2,22,5,124,1,12,-1,5,E01026940,0,-1
2023361319660,2023,361319660,2,3,0,18,19,7,3,0,0,8,0,0,0,0,4,1,2,2,1,30,6,124,1,24,-1,4,E01026814,0,-1
202360A132606,2023,60A132606,1,3,0,18,19,7,3,0,0,1,1,0,0,0,1,1,6,6,1,53,8,124,1,17,-1,-1,-1,0,-1
2023041334125,2023,041334125,1,3,0,18,19,4,8,0,0,2,0,0,0,0,1,1,5,6,2,22,5,124,1,19,-1,7,E01012614,0,-1
2023440299551,2023,440299551,2,3,0,16,19,4,7,0,0,1,0,0,0,0,1,1,2,2,1,65,9,124,1,12,-1,8,E01017302,0,-1
2023010444984,2023,010444984,2,3,0,4,4,7,3,0,0,8,0,0,0,0,2,1,2,2,1,36,7,124,1,17,-1,-1,-1,0,-1
2023221384196,2023,221384196,1,4,0,18,19,4,8,0,0,0,0,0,0,0,1,1,1,1,1,73,10,500,1,63,-1,8,E01028997,0,-1
2023440005700,2023,440005700,1,4,0,18,19,2,6,0,0,8,0,0,0,0,1,1,6,6,1,78,11,500,1,75,-1,8,E01022792,0,-1
2023041333806,2023,041333806,2,2,0,18,19,1,5,0,0,1,0,0,0,0,1,1,1,1,1,27,6,50,1,7,-1,4,E01025099,0,-1
2023122300859,2023,122300859,1,5,0,5,5,4,8,0,0,1,0,0,0,0,3,1,6,6,1,68,10,652,1,11,-1,9,E01019373,0,-1
2023041373322,2023,041373322,1,9,0,18,19,1,5,0,0,1,0,0,0,0,1,1,5,6,2,34,6,2993,2,14,BMW MODEL MISSING,3,E01012676,0,-1
2023421365486,2023,421365486,2,9,0,18,19,5,1,0,0,1,0,4,0,0,1,1,6,6,2,24,5,1990,1,11,BMW MODEL MISSING,8,E01021521,0,-1
2023471338975,2023,471338975,1,5,0,17,19,7,3,0,0,1,0,0,0,0,1,1,5,6,1,27,6,980,1,41,-1,6,E01021104,0,-1
2023332300145,2023,332300145,1,4,0,17,19,5,2,0,0,8,0,0,0,0,1,1,6,6,1,80,11,250,1,-1,-1,6,E01026330,0,-1
2023440011014,2023,440011014,2,5,0,18,19,8,4,0,0,0,0,0,0,0,3,1,6,6,1,66,10,980,1,45,-1,9,E01031251,0,-1
2023401364970,2023,401364970,2,9,0,5,5,-1,-1,0,0,4,0,0,0,0,1,1,6,6,3,-1,-1,2000,2,17,BMW MODEL MISSING,-1,-1,0,-1
2023010460389,2023,010460389,1,9,0,9,9,7,4,0,0,5,0,0,0,0,1,1,6,6,2,58,9,1990,1,48,BMW MODEL MISSING,3,E01001578,0,-1
2023451320680,2023,451320680,2,9,0,10,10,7,3,0,0,0,0,0,0,0,1,1,6,6,1,30,6,2926,2,20,BMW MODEL MISSING,-1,-1,0,-1
2023991362639,2023,991362639,1,5,0,18,19,8,3,0,0,0,0,0,0,0,3,1,5,6,1,69,10,980,1,45,-1,6,-1,0,-1
2023211289227,2023,211289227,1,5,0,18,19,8,4,0,0,0,5,0,1,0,1,1,6,6,1,59,9,740,1,30,-1,2,E01029359,0,-1
2023010452379,2023,010452379,2,9,0,9,9,1,7,0,0,1,0,0,0,0,1,1,6,6,1,30,6,2970,1,12,BMW MODEL MISSING,7,E01000218,0,-1
2023461338807,2023,461338807,1,9,0,18,19,7,3,0,0,1,0,0,0,0,1,1,6,6,1,24,5,1995,2,17,BMW MODEL MISSING,1,E01024615,0,-1
2023010429521,2023,010429521,3,9,0,18,19,7,3,0,0,1,0,0,0,0,2,1,6,6,2,48,8,1590,1,8,BMW MODEL MISSING,4,E01001595,0,-1
2023010459852,2023,010459852,2,9,0,99,99,9,9,99,99,9,9,99,9,99,9,9,6,6,3,-1,-1,1995,2,9,BMW MODEL MISSING,-1,-1,0,-1
2023071037259,2023,071037259,1,5,0,17,19,3,7,9,9,0,0,10,1,11,1,1,6,6,1,47,8,1171,1,24,-1,3,E01006743,0,-1
2023052300538,2023,052300538,1,9,0,18,19,2,6,0,0,2,0,0,0,0,1,2,6,6,3,-1,-1,4398,1,16,BMW MODEL MISSING,-1,-1,0,-1
2023010458999,2023,010458999,1,9,0,7,7,5,8,0,0,1,0,0,0,0,4,1,6,6,1,28,6,1590,1,11,BMW MODEL MISSING,1,E01002732,0,-1
2023440228940,2023,440228940,1,5,0,16,19,6,1,0,0,1,1,0,0,0,1,1,6,6,1,50,8,1083,1,24,-1,7,E01022561,0,-1
2023421390117,2023,421390117,1,3,0,3,3,1,5,0,0,0,0,0,0,0,1,1,5,6,1,56,9,980,1,45,-1,10,E01021787,0,-1
2023231326439,2023,231326439,2,5,0,18,19,8,4,0,0,8,1,0,0,0,1,1,5,6,1,68,10,980,1,47,-1,8,E01031205,0,-1
2023622300441,2023,622300441,5,9,0,2,2,0,0,0,0,1,0,0,0,0,1,1,6,6,3,-1,-1,1995,2,17,BMW MODEL MISSING,-1,-1,0,-1
2023371297301,2023,371297301,2,2,0,18,19,2,7,0,0,1,0,0,0,0,1,1,6,6,1,16,4,50,1,6,-1,10,E01030085,0,-1
2023361309935,2023,361309935,2,2,0,18,19,3,7,0,0,0,2,0,0,0,1,1,5,6,1,16,4,50,1,11,-1,3,E01026663,0,-1
2023411328715,2023,411328715,1,3,0,13,13,7,3,0,0,0,1,0,0,0,3,1,6,6,1,20,4,124,1,12,-1,6,E01023789,0,-1
2023501285911,2023,501285911,3,2,0,18,19,5,1,0,0,0,2,0,0,0,3,1,5,6,1,16,4,50,1,7,-1,4,E01018969,0,-1
2023052302129,2023,052302129,2,3,0,18,19,5,1,0,0,8,0,0,0,0,1,1,6,6,1,27,6,124,1,10,-1,3,E01012470,0,-1
2023122301207,2023,122301207,2,3,0,18,19,1,5,0,0,1,0,0,0,0,3,1,6,6,2,26,6,124,1,9,-1,4,E01027803,0,-1
2023451367057,2023,451367057,1,3,0,15,15,5,1,0,0,0,0,0,0,0,4,1,2,2,1,17,4,124,1,9,-1,8,E01030611,0,-1
2023451338445,2023,451338445,1,3,0,18,19,6,2,0,0,0,2,0,0,0,1,1,6,6,1,17,4,124,1,9,-1,8,E01030611,0,-1
2023430212515,2023,430212515,2,5,0,13,13,7,3,0,0,8,0,0,0,0,4,1,6,6,1,61,9,1450,1,21,-1,9,E01016256,0,-1
2023430455605,2023,430455605,1,5,0,4,4,6,2,0,0,1,1,0,0,0,0,1,6,6,1,68,10,1340,1,24,-1,-1,-1,0,-1
2023451294804,2023,451294804,1,5,0,7,7,8,4,0,0,1,2,0,0,0,2,1,6,6,3,45,7,1585,1,13,-1,-1,-1,0,-1
2023101263364,2023,101263364,1,5,0,18,19,7,3,0,0,3,0,0,0,0,1,1,5,6,1,45,7,1585,1,11,-1,-1,-1,0,-1
2023430279858,2023,430279858,1,5,0,18,19,5,1,0,0,4,0,0,0,0,3,1,6,6,1,68,10,1340,1,24,-1,7,E01016569,0,-1
2023031316869,2023,031316869,1,5,0,9,9,7,4,0,0,0,0,0,0,0,3,1,6,6,1,63,9,883,1,16,-1,8,E01019391,0,-1
2023201411069,2023,201411069,2,5,0,18,19,1,5,0,0,8,0,0,0,0,4,1,6,6,1,42,7,1202,1,5,-1,1,E01010129,0,-1
2023421322446,2023,421322446,1,4,0,18,19,7,3,0,0,0,0,0,1,0,1,1,5,6,1,19,4,125,1,10,-1,6,E01021907,0,-1
2023481398995,2023,481398995,1,3,0,18,19,5,1,0,0,2,0,0,0,0,2,1,1,1,1,25,5,125,1,8,-1,-1,-1,0,-1
2023440028304,2023,440028304,1,3,0,18,19,7,3,0,0,8,0,0,0,0,1,1,6,6,1,29,6,125,1,7,-1,1,E01032882,0,-1
2023332300338,2023,332300338,1,3,0,18,19,2,6,0,0,8,1,0,0,0,4,1,6,6,1,30,6,125,1,7,-1,3,E01025717,0,-1
2023231361477,2023,231361477,2,4,0,10,10,8,6,0,0,1,0,0,0,0,2,1,6,6,2,53,8,-1,-1,-1,-1,2,E01031075,0,-1
2023010456870,2023,010456870,2,2,0,18,19,1,5,0,0,0,5,0,0,0,1,1,6,6,1,38,7,49,1,16,-1,6,E01001237,0,-1