collision_index,collision_year,collision_ref_no,vehicle_reference,vehicle_type,towing_and_articulation,vehicle_manoeuvre_historic,vehicle_manoeuvre,vehicle_direction_from,vehicle_direction_to,vehicle_location_restricted_lane_historic,vehicle_location_restricted_lane,junction_location,skidding_and_overturning,hit_object_in_carriageway,vehicle_leaving_carriageway,hit_object_off_carriageway,first_point_of_impact,vehicle_left_hand_drive,journey_purpose_of_driver_historic,journey_purpose_of_driver,sex_of_driver,age_of_driver,age_band_of_driver,engine_capacity_cc,propulsion_code,age_of_vehicle,generic_make_model,driver_imd_decile,lsoa_of_driver,escooter_flag,driver_distance_banding
2023991359113,2023,991359113,1,5,0,18,19,7,3,0,0,0,0,0,0,0,4,1,6,6,1,32,6,1811,1,2,-1,-1,-1,0,-1
2023010437900,2023,010437900,1,5,0,10,10,2,1,0,0,2,0,0,0,0,4,1,6,6,1,42,7,1811,1,10,-1,2,E01003111,0,-1
2023610041223,2023,610041223,1,5,0,18,19,1,5,0,0,0,1,0,0,0,4,1,6,6,1,65,9,1811,1,4,-1,3,E01024695,0,-1
2023991346632,2023,991346632,1,9,0,9,9,5,1,0,0,5,0,0,0,0,4,1,5,6,2,75,10,998,1,4,KIA STONIC,-1,-1,0,-1
2023052300382,2023,052300382,2,9,0,5,5,1,5,0,0,0,0,0,0,0,2,1,6,6,2,26,6,998,8,1,KIA STONIC,2,E01006924,0,-1
2023421353116,2023,421353116,2,9,0,7,7,1,6,0,0,1,0,0,0,0,3,1,6,6,2,54,8,998,1,3,KIA STONIC,6,E01021980,0,-1
2023520400881,2023,520400881,2,9,0,18,19,1,5,0,0,0,0,0,0,0,1,1,6,6,1,27,6,998,1,3,KIA STONIC,5,E01029253,0,-1
2023440370603,2023,440370603,1,9,0,18,19,4,8,0,0,2,0,0,0,0,4,1,6,6,2,75,10,998,8,0,KIA STONIC,7,E01017344,0,-1
2023451266163,2023,451266163,1,9,0,9,9,3,2,0,0,1,0,0,0,0,1,1,5,6,2,43,7,998,1,5,KIA STONIC,9,E01030742,0,-1
2023010428145,2023,010428145,2,9,9,99,99,9,9,99,99,9,9,99,9,99,9,9,6,6,3,-1,-1,998,8,1,KIA STONIC,-1,-1,0,-1
2023421338328,2023,421338328,1,9,0,16,19,7,3,0,0,0,0,0,7,9,3,1,2,2,2,60,9,998,8,1,KIA STONIC,6,E01021380,0,-1
2023010473396,2023,010473396,1,9,0,7,7,3,5,0,0,6,0,0,0,0,4,1,6,6,2,43,7,998,1,4,KIA STONIC,9,E01003005,0,-1
2023010435972,2023,010435972,1,9,0,9,9,3,8,0,0,5,0,0,0,0,3,1,2,2,2,60,9,998,1,3,KIA STONIC,1,E01003047,0,-1
2023201396622,2023,201396622,1,9,0,18,19,2,6,0,0,1,0,0,0,0,1,1,6,6,2,-1,-1,1582,2,5,KIA STONIC,-1,-1,0,-1
2023451314779,2023,451314779,1,9,0,9,9,1,7,0,0,0,0,0,0,0,1,1,5,6,2,63,9,998,1,5,KIA STONIC,5,E01030815,0,-1
2023471338223,2023,471338223,2,9,0,3,3,7,3,0,0,4,0,0,0,0,2,1,5,6,2,66,10,998,1,6,KIA STONIC,5,E01031794,0,-1
2023131344872,2023,131344872,2,9,0,18,19,7,3,0,0,0,0,0,0,0,0,1,5,6,2,59,9,998,1,0,KIA STONIC,1,E01011138,0,-1
2023010431317,2023,010431317,2,9,0,4,4,3,7,0,0,0,0,0,0,0,0,1,6,6,2,58,9,998,1,5,KIA STONIC,6,E01000232,0,-1
2023061364922,2023,061364922,3,9,0,2,2,0,0,0,0,1,0,0,0,0,2,1,6,6,3,-1,-1,998,1,1,KIA STONIC,-1,-1,0,-1
2023101325401,2023,101325401,2,9,0,16,19,1,5,0,0,2,0,0,0,0,1,1,5,6,2,36,7,1368,1,4,KIA STONIC,4,E01008583,0,-1
2023061275510,2023,061275510,2,9,0,18,19,7,3,0,0,8,0,0,0,0,4,1,5,6,1,24,5,1582,2,5,KIA STONIC,7,E01005537,0,-1
2023311285170,2023,311285170,1,9,0,18,19,3,7,0,0,0,0,7,0,0,1,1,6,6,1,22,5,998,8,1,KIA STONIC,6,E01027989,0,-1
2023071157769,2023,071157769,1,9,0,18,19,6,2,0,0,0,0,4,1,0,1,1,6,6,1,76,11,998,1,1,KIA STONIC,2,E01012482,0,-1
2023320308868,2023,320308868,2,9,0,7,7,2,4,0,0,6,0,0,0,0,3,1,6,6,1,63,9,998,1,1,KIA STONIC,1,E01026069,0,-1
2023430282064,2023,430282064,2,9,0,18,19,4,8,0,0,1,5,0,0,0,1,1,6,6,2,-1,-1,998,1,3,KIA STONIC,8,E01021400,0,-1
2023421364003,2023,421364003,1,9,0,10,10,7,5,0,0,1,0,0,0,0,1,1,1,1,1,76,11,1368,1,4,KIA STONIC,6,E01021353,0,-1
2023010462000,2023,010462000,1,9,0,18,19,3,7,0,0,2,0,0,0,0,1,1,2,2,1,59,9,998,8,2,KIA STONIC,5,E01004343,0,-1
2023201291142,2023,201291142,1,9,0,5,5,6,2,0,0,6,0,0,0,0,1,1,1,1,1,48,8,998,1,2,KIA STONIC,2,E01009121,0,-1
2023010427703,2023,010427703,2,9,0,99,99,9,9,99,99,9,9,99,9,99,1,9,6,6,3,-1,-1,998,1,4,KIA STONIC,-1,-1,0,-1
2023471360325,2023,471360325,1,9,0,18,19,3,7,0,0,1,0,0,0,0,1,1,5,6,1,28,6,998,1,1,KIA STONIC,3,E01021178,0,-1
2023552400015,2023,552400015,2,9,0,18,19,4,8,0,0,8,0,0,1,11,4,1,6,6,2,71,10,998,1,4,KIA STONIC,4,E01015465,0,-1
2023041332056,2023,041332056,2,9,0,10,10,3,7,0,0,1,0,0,0,0,1,1,5,6,2,51,8,998,1,1,KIA STONIC,1,E01025283,0,-1
2023231278728,2023,231278728,1,9,0,7,7,8,2,0,0,6,0,0,0,0,1,1,2,2,2,48,8,998,8,2,KIA STONIC,8,E01022390,0,-1
2023522400024,2023,522400024,1,9,0,7,7,1,3,0,0,6,0,0,0,0,3,1,6,6,2,38,7,1598,2,4,KIA STONIC,4,E01014495,0,-1
2023461378112,2023,461378112,1,9,0,18,19,7,7,0,0,0,0,0,0,0,3,1,5,6,1,66,10,998,8,2,KIA STONIC,3,E01024508,0,-1
2023010462686,2023,010462686,1,9,0,99,99,9,9,99,99,9,9,99,9,99,2,9,6,6,1,30,6,1368,1,4,KIA STONIC,3,E01023954,0,-1
2023061370246,2023,061370246,2,9,0,2,2,0,0,0,0,0,0,0,0,0,0,1,6,6,3,-1,-1,998,1,4,KIA STONIC,-1,-1,0,-1
2023041311924,2023,041311924,1,9,0,11,11,5,1,0,0,3,0,0,7,0,1,1,5,6,2,51,8,998,1,2,KIA STONIC,8,E01005336,0,-1
2023161347995,2023,161347995,1,9,0,8,8,4,6,0,0,1,0,0,0,0,4,1,1,1,1,36,7,1582,2,5,KIA STONIC,3,E01012795,0,-1
2023061301319,2023,061301319,2,9,0,18,19,7,3,0,0,8,0,0,0,0,1,1,6,6,2,56,9,998,1,2,KIA STONIC,5,E01006013,0,-1
2023010483046,2023,010483046,2,9,0,18,19,5,1,0,0,1,0,0,0,0,1,1,6,6,2,24,5,998,8,0,KIA STONIC,1,E01004675,0,-1
2023451381541,2023,451381541,1,9,0,18,19,3,7,0,0,0,0,0,0,0,4,1,5,6,1,30,6,998,1,5,KIA STONIC,4,E01030752,0,-1
2023991358059,2023,991358059,2,9,0,18,19,6,1,0,0,8,0,0,0,0,1,1,6,6,2,40,7,998,1,0,KIA STONIC,1,-1,0,-1
2023430213842,2023,430213842,2,9,0,18,19,5,1,0,0,4,0,0,0,0,1,1,6,6,1,-1,-1,998,1,4,KIA STONIC,-1,-1,0,-1
2023211436359,2023,211436359,1,9,0,18,19,1,5,0,0,1,0,0,0,0,1,1,5,6,1,50,8,998,1,3,KIA STONIC,6,E01029522,0,-1
2023471349183,2023,471349183,2,9,0,2,2,0,0,0,0,0,1,0,1,4,2,1,5,6,2,78,11,998,1,5,KIA STONIC,10,E01031805,0,-1
2023302301806,2023,302301806,2,9,0,18,19,5,1,0,0,0,0,0,0,0,2,1,1,1,1,36,7,1368,1,4,KIA STONIC,4,E01013501,0,-1
2023520400858,2023,520400858,1,9,3,18,19,1,5,0,0,0,1,0,1,7,2,1,6,6,1,61,9,998,8,2,KIA STONIC,6,E01008386,0,-1
2023351352496,2023,351352496,3,9,0,9,9,1,7,0,0,1,0,0,0,0,4,1,6,6,1,45,7,998,1,1,KIA STONIC,6,E01018156,0,-1
2023010484489,2023,010484489,1,9,0,18,19,1,5,0,0,2,0,0,1,0,1,1,6,6,1,35,6,998,1,3,KIA STONIC,5,E01002213,0,-1
2023461320556,2023,461320556,2,9,0,4,4,5,1,0,0,0,0,0,0,0,2,1,6,6,1,41,7,998,1,5,KIA STONIC,2,E01001487,0,-1
2023991368911,2023,991368911,1,9,0,16,19,1,5,0,0,1,0,0,0,0,1,1,5,6,1,65,9,998,1,4,KIA STONIC,-1,-1,0,-1
2023501352480,2023,501352480,1,9,0,9,9,7,3,0,0,0,0,4,6,0,1,1,5,6,1,26,6,998,1,3,KIA STONIC,8,E01020260,0,-1
2023201346254,2023,201346254,2,9,0,17,19,6,8,0,0,0,0,0,0,0,1,1,6,6,1,67,10,1582,2,5,KIA STONIC,7,E01010164,0,-1
2023201315921,2023,201315921,1,9,0,18,19,7,3,0,0,8,0,0,0,0,1,1,6,6,2,33,6,998,1,2,KIA STONIC,3,E01009232,0,-1
2023501276807,2023,501276807,1,9,0,18,19,2,5,0,0,0,0,0,0,0,1,1,5,6,1,85,11,998,1,4,KIA STONIC,4,E01026654,0,-1
2023070150781,2023,070150781,2,9,0,10,10,3,1,0,0,1,0,0,0,0,1,1,6,6,2,-1,-1,998,1,3,KIA STONIC,-1,-1,0,-1
2023451278072,2023,451278072,2,9,0,9,9,1,5,0,0,2,0,0,0,0,4,1,6,6,2,87,11,998,1,1,KIA STONIC,10,E01030944,0,-1
2023332300681,2023,332300681,1,9,0,18,19,2,6,0,0,8,0,0,0,0,1,1,2,2,2,21,5,998,1,1,KIA STONIC,6,E01025655,0,-1
2023031387433,2023,031387433,1,9,0,3,3,5,1,0,0,1,0,0,0,0,4,1,5,6,2,63,9,998,8,0,KIA STONIC,4,E01019094,0,-1
2023131317291,2023,131317291,1,9,0,12,12,3,7,0,0,0,0,0,0,0,3,1,6,6,3,-1,-1,998,1,4,KIA STONIC,-1,-1,0,-1
2023131319967,2023,131319967,2,9,0,9,9,7,3,0,0,0,0,0,0,0,3,1,6,6,2,28,6,998,1,2,KIA STONIC,3,E01011722,0,-1
2023010423552,2023,010423552,1,9,0,99,99,9,9,99,99,5,9,99,9,99,9,9,6,6,1,29,6,998,8,1,KIA STONIC,3,E01004393,0,-1
2023440392982,2023,440392982,1,9,0,3,3,3,7,0,0,0,0,0,0,0,2,1,6,6,2,49,8,998,8,1,KIA STONIC,3,E01017350,0,-1
2023311359919,2023,311359919,2,9,0,18,19,5,1,0,0,0,0,0,0,0,3,1,2,2,2,28,6,998,1,4,KIA STONIC,2,E01019471,0,-1
2023522401007,2023,522401007,1,9,0,9,9,1,6,0,0,4,0,0,0,0,3,1,6,6,2,24,5,998,1,5,KIA STONIC,7,E01014826,0,-1
2023471275065,2023,471275065,2,9,0,2,2,0,0,0,0,0,0,0,0,0,1,1,6,6,3,-1,-1,998,1,3,KIA STONIC,-1,-1,0,-1
2023461270484,2023,461270484,1,9,0,16,19,3,7,0,0,0,0,0,0,0,1,1,6,6,1,56,9,998,1,4,KIA STONIC,2,E01003191,0,-1
2023320680707,2023,320680707,2,9,0,7,7,7,1,0,0,6,0,0,0,0,2,1,6,6,2,31,6,998,1,4,KIA STONIC,7,E01026397,0,-1
2023371358387,2023,371358387,3,9,0,18,19,3,7,0,0,0,0,0,0,0,4,1,5,6,2,17,4,998,8,1,KIA STONIC,5,E01030058,0,-1
2023440316282,2023,440316282,1,9,0,4,4,5,1,0,0,1,0,0,0,0,2,1,6,6,2,50,8,998,8,0,KIA STONIC,5,E01017021,0,-1
2023311359354,2023,311359354,2,9,0,18,19,6,2,0,0,1,0,0,0,0,1,1,5,6,2,52,8,998,8,2,KIA STONIC,2,E01013834,0,-1
2023461295335,2023,461295335,3,9,0,2,2,0,0,9,9,2,0,0,1,0,2,1,5,6,3,-1,-1,998,1,5,KIA STONIC,9,E01016053,0,-1
2023522400988,2023,522400988,1,9,0,3,3,8,4,0,0,8,0,0,0,0,2,1,6,6,2,24,5,1368,1,5,KIA STONIC,2,E01014626,0,-1
2023501300484,2023,501300484,1,9,0,2,2,0,0,0,0,1,0,0,0,0,3,1,6,6,1,69,10,998,8,2,KIA STONIC,4,E01020013,0,-1
2023991368549,2023,991368549,1,9,0,18,19,5,1,0,0,8,0,0,1,2,1,2,6,6,1,56,9,998,1,0,KIA STONIC,1,-1,0,-1
2023361306785,2023,361306785,1,9,0,1,1,6,2,0,0,0,0,0,1,0,2,1,6,6,1,19,4,998,1,4,KIA STONIC,3,E01026823,0,-1
2023522401056,2023,522401056,1,9,0,18,19,5,1,0,0,8,0,0,0,0,1,1,6,6,2,49,8,998,1,3,KIA STONIC,5,E01014679,0,-1
2023131384043,2023,131384043,2,9,0,18,19,1,5,0,0,0,0,0,0,0,2,1,6,6,2,25,5,998,8,2,KIA STONIC,6,E01011299,0,-1
2023061344513,2023,061344513,2,9,0,18,19,5,1,0,0,1,0,0,0,0,2,1,5,6,1,64,9,998,1,1,KIA STONIC,8,E01005493,0,-1
202363C006823,2023,63C006823,1,9,0,18,19,3,7,0,0,0,0,0,0,0,1,1,4,7,2,66,10,998,1,3,KIA STONIC,7,W01000585,0,-1
2023010451444,2023,010451444,1,9,0,9,9,7,5,0,0,6,0,0,0,0,1,1,6,6,2,47,8,998,8,1,KIA STONIC,3,E01000929,0,-1
2023061292882,2023,061292882,1,9,0,4,4,7,5,0,0,7,0,0,0,0,4,1,5,6,1,36,7,998,8,2,KIA STONIC,6,E01005693,0,-1
202360A036927,2023,60A036927,1,9,0,18,19,8,4,0,0,0,0,4,0,0,1,1,1,1,2,38,7,998,1,2,KIA STONIC,-1,-1,0,-1
2023471359358,2023,471359358,1,9,0,15,15,6,2,0,0,1,0,0,0,0,4,1,6,6,2,41,7,998,1,3,KIA STONIC,8,E01030575,0,-1
2023451322535,2023,451322535,1,9,0,5,5,2,6,0,0,0,0,0,0,0,1,1,5,6,2,51,8,998,1,5,KIA STONIC,8,E01030853,0,-1
2023320096146,2023,320096146,2,9,0,18,19,4,8,0,0,1,0,0,0,0,4,1,6,6,2,62,9,998,1,4,KIA STONIC,10,E01018554,0,-1
2023010455702,2023,010455702,2,9,0,99,99,9,9,99,99,9,9,99,9,99,1,9,6,6,3,-1,-1,998,1,0,KIA STONIC,-1,-1,0,-1
2023991385323,2023,991385323,1,9,0,9,9,2,7,0,0,5,0,0,0,0,3,1,6,6,1,60,9,998,1,1,KIA STONIC,-1,-1,0,-1
2023421371663,2023,421371663,1,9,0,4,4,3,7,0,0,1,0,0,0,0,1,1,6,6,3,-1,-1,1368,1,5,KIA STONIC,-1,-1,0,-1
2023320269767,2023,320269767,2,9,0,18,19,7,3,0,0,8,0,0,0,0,4,1,6,6,2,58,9,998,1,6,KIA STONIC,7,E01026326,0,-1
2023052302425,2023,052302425,2,9,0,17,19,7,4,0,0,1,0,0,0,0,2,1,6,6,3,-1,-1,998,1,5,KIA STONIC,-1,-1,0,-1
2023991328615,2023,991328615,1,9,0,16,19,3,7,0,0,0,0,0,0,0,2,1,6,6,2,35,6,998,8,0,KIA STONIC,5,-1,0,-1
2023371378211,2023,371378211,3,9,0,18,19,1,5,0,0,1,0,0,0,0,1,1,6,6,1,60,9,998,8,2,KIA STONIC,-1,-1,0,-1
2023302301861,2023,302301861,1,9,0,16,19,4,5,0,0,8,1,0,7,11,3,1,6,6,2,52,8,998,8,0,KIA STONIC,1,E01027965,0,-1
2023122300978,2023,122300978,1,9,0,18,19,1,5,0,0,0,0,0,1,11,1,1,6,6,2,66,10,998,1,1,KIA STONIC,10,E01010579,0,-1
2023052300819,2023,052300819,1,9,0,18,19,2,4,0,0,1,0,0,0,0,1,1,6,6,2,73,10,998,1,0,KIA STONIC,8,E01006931,0,-1
2023351358471,2023,351358471,1,9,0,18,19,1,5,0,0,0,5,0,0,0,1,1,5,6,1,56,9,998,1,4,KIA STONIC,3,E01015615,0,-1
2023201387492,2023,201387492,2,9,0,3,3,1,5,0,0,0,0,0,0,0,1,1,5,6,2,83,11,998,1,0,KIA STONIC,10,E01009845,0,-1
2023111300936,2023,111300936,2,9,0,18,19,2,7,0,0,1,0,0,0,0,3,1,6,6,2,54,8,998,8,2,KIA STONIC,8,E01012365,0,-1
2023101321346,2023,101321346,2,9,0,3,3,6,2,0,0,0,0,0,0,0,2,1,6,6,2,59,9,998,8,2,KIA STONIC,9,E01012234,0,-1
2023440279477,2023,440279477,2,9,0,18,19,8,4,0,0,1,0,0,0,0,1,1,6,6,2,-1,-1,998,8,2,KIA STONIC,-1,-1,0,-1
2023622300607,2023,622300607,1,5,0,18,19,8,4,0,0,2,1,0,0,0,1,1,6,6,1,31,6,1000,1,12,-1,2,W01000811,0,-1
2023231316754,2023,231316754,1,5,0,13,13,6,2,0,0,1,0,0,0,0,4,1,5,6,1,76,11,942,1,15,-1,10,E01009461,0,-1
2023471365497,2023,471365497,2,3,0,18,19,5,1,0,0,1,0,0,0,0,2,1,6,6,1,40,7,124,1,3,LEXMOTO ISCA 125,1,E01016865,0,-1
2023131306085,2023,131306085,1,3,0,4,4,6,2,0,0,8,0,0,0,0,1,1,5,6,1,52,8,124,1,4,LEXMOTO ISCA 125,1,E01011842,0,-1
2023991394065,2023,991394065,1,3,0,5,5,3,7,0,0,4,1,0,0,0,4,1,2,2,1,21,5,124,1,3,LEXMOTO ISCA 125,5,-1,0,-1
2023111304867,2023,111304867,1,3,0,15,15,1,5,0,0,0,0,0,0,0,1,1,5,6,1,17,4,124,1,3,LEXMOTO ISCA 125,1,E01020847,0,-1
2023461363614,2023,461363614,1,3,0,18,19,6,2,0,0,1,0,0,0,0,1,1,6,6,1,18,4,124,1,1,LEXMOTO ISCA 125,3,E01016037,0,-1
2023161324768,2023,161324768,2,3,0,5,5,7,1,0,0,1,0,0,0,0,1,1,6,6,1,19,4,124,1,1,LEXMOTO ISCA 125,10,E01013090,0,-1
2023461371517,2023,461371517,1,3,0,5,5,4,5,0,0,0,1,10,0,0,3,1,6,6,1,19,4,124,1,0,LEXMOTO ISCA 125,3,E01024696,0,-1
2023471275492,2023,471275492,2,3,0,18,19,7,3,0,0,2,0,0,0,0,0,1,6,6,1,34,6,124,1,3,LEXMOTO ISCA 125,1,E01016865,0,-1
2023010451826,2023,010451826,2,3,0,18,19,1,5,0,0,1,0,0,0,0,3,1,6,6,1,33,6,124,1,3,LEXMOTO ISCA 125,2,E01000033,0,-1
2023221281296,2023,221281296,2,4,0,18,19,7,3,0,0,8,0,0,0,0,1,1,2,2,1,26,6,124,1,1,-1,5,E01014046,0,-1
2023361397833,2023,361397833,2,3,0,3,3,6,-1,0,0,0,1,0,0,0,2,1,5,6,1,27,6,124,1,1,LEXMOTO ISCA 125,8,E01026530,0,-1
2023991348864,2023,991348864,1,4,0,12,12,6,3,0,0,4,0,0,0,0,4,1,5,6,1,33,6,124,1,3,-1,6,-1,0,-1
2023610037923,2023,610037923,2,3,0,18,19,1,5,0,0,8,0,0,0,0,4,1,2,2,1,37,7,124,1,4,LEXMOTO ISCA 125,3,W01001645,0,-1
2023440459035,2023,440459035,1,3,0,18,19,8,4,0,0,0,0,0,0,0,1,1,6,6,1,17,4,124,1,3,LEXMOTO ISCA 125,2,E01017265,0,-1
2023461267814,2023,461267814,2,3,0,17,19,1,6,0,0,8,2,0,0,0,4,1,6,6,1,17,4,124,1,1,LEXMOTO ISCA 125,8,E01024004,0,-1
2023010427019,2023,010427019,1,3,0,18,19,1,5,0,0,8,0,0,0,0,4,1,2,2,1,41,7,124,1,4,LEXMOTO ISCA 125,3,E01000010,0,-1
2023421387868,2023,421387868,1,3,0,15,15,6,3,0,0,2,0,0,0,0,1,1,6,6,1,22,5,124,1,3,LEXMOTO ISCA 125,4,E01016003,0,-1
2023440473537,2023,440473537,2,4,0,3,3,6,2,0,0,1,0,0,0,0,2,1,2,2,1,29,6,124,1,0,-1,3,E01022901,0,-1
2023131326150,2023,131326150,1,2,0,18,19,3,7,9,9,1,5,0,0,0,1,1,6,6,1,16,4,124,1,4,-1,2,E01011282,0,-1
2023311343309,2023,311343309,1,3,0,13,13,1,5,0,0,8,0,0,0,0,1,1,6,6,1,17,4,124,1,0,LEXMOTO ISCA 125,4,E01019645,0,-1
2023071074489,2023,071074489,1,4,0,18,19,3,7,0,0,1,1,0,0,0,4,1,6,6,1,35,6,124,1,1,-1,1,E01012508,0,-1
2023302300955,2023,302300955,1,3,0,16,19,6,2,0,0,0,1,0,7,9,1,1,6,6,2,19,4,124,1,3,LEXMOTO ISCA 125,3,E01007680,0,-1
2023221318460,2023,221318460,2,4,0,18,19,6,2,0,0,8,0,0,0,0,4,1,5,6,1,17,4,124,1,3,-1,3,E01014005,0,-1
2023421258719,2023,421258719,1,9,0,18,19,5,1,0,0,1,0,10,2,0,1,1,6,6,1,30,6,1598,1,19,MINI ONE,-1,-1,0,-1
2023991386976,2023,991386976,1,9,0,18,19,1,5,0,0,0,0,0,0,0,1,1,2,2,2,55,8,1198,1,6,MINI ONE,9,-1,0,-1
2023170S11353,2023,170S11353,1,9,0,7,7,1,3,0,0,8,0,0,0,0,4,1,6,6,2,65,9,1598,2,10,MINI ONE,2,E01012249,0,-1
2023131365291,2023,131365291,1,9,0,16,19,7,3,0,0,1,0,0,0,0,1,1,6,6,2,51,8,1598,1,11,MINI ONE,6,E01010957,0,-1
2023311269818,2023,311269818,1,9,0,5,5,1,5,0,0,2,0,0,0,0,1,1,6,6,1,35,6,1198,1,7,MINI ONE,2,E01013891,0,-1
2023302300032,2023,302300032,2,9,0,18,19,2,6,0,0,1,0,4,0,0,2,1,6,6,2,-1,-1,1598,1,11,MINI ONE,5,E01013582,0,-1
2023131301732,2023,131301732,2,9,0,18,19,7,3,0,0,2,0,0,0,0,3,1,5,6,2,36,7,1598,2,10,MINI ONE,1,E01011626,0,-1
2023501278552,2023,501278552,4,9,0,18,19,7,3,0,0,0,0,0,0,0,2,1,6,6,1,63,9,1496,2,8,MINI ONE,5,E01018853,0,-1
2023161316129,2023,161316129,3,9,0,18,19,6,2,0,0,0,0,0,0,0,3,1,5,6,2,40,7,1598,1,19,MINI ONE,6,E01012923,0,-1
2023141304749,2023,141304749,1,9,0,7,7,5,7,9,9,0,0,0,0,0,4,1,2,2,2,54,8,1598,1,18,MINI ONE,7,E01007503,0,-1
202360A134656,2023,60A134656,1,9,0,18,19,6,2,0,0,2,0,0,1,11,1,1,2,2,2,19,4,1598,1,19,MINI ONE,-1,-1,0,-1
2023991325072,2023,991325072,1,9,0,18,19,2,6,0,0,0,0,0,0,0,4,1,5,6,2,67,10,1598,1,18,MINI ONE,-1,-1,0,-1
2023041274415,2023,041274415,1,9,0,18,19,5,1,0,0,0,0,0,0,0,1,1,2,2,2,52,8,1598,1,17,MINI ONE,4,E01024919,0,-1
2023520400224,2023,520400224,1,9,0,18,19,5,1,0,0,0,0,0,7,0,1,1,6,6,2,18,4,1397,1,16,MINI ONE,6,E01029028,0,-1
2023141287078,2023,141287078,1,9,0,5,5,4,8,0,0,1,0,0,0,0,2,1,5,6,2,39,7,1598,2,10,MINI ONE,6,E01027780,0,-1
2023010426023,2023,010426023,1,9,0,3,3,5,1,0,0,1,0,0,0,0,2,1,6,6,1,61,9,1598,1,20,MINI ONE,3,E01024795,0,-1
2023461384167,2023,461384167,2,9,0,3,3,3,5,0,0,4,1,0,0,0,3,1,3,7,2,18,4,1198,1,9,MINI ONE,9,E01024256,0,-1
2023430571355,2023,430571355,4,9,0,18,19,0,0,0,0,0,0,0,0,0,-1,1,6,6,3,-1,-1,1598,1,11,MINI ONE,-1,-1,0,-1
2023052300165,2023,052300165,1,9,0,12,12,1,5,0,0,0,0,0,0,0,3,1,6,6,2,53,8,1598,2,10,MINI ONE,3,E01007234,0,-1
2023340WN0382,2023,340WN0382,2,9,0,3,3,7,3,0,0,1,0,0,0,0,2,1,2,2,2,47,8,1598,1,10,MINI ONE,9,E01027167,0,-1
2023311371111,2023,311371111,2,9,0,18,19,4,8,2,2,0,1,0,1,10,3,1,2,2,2,34,6,1598,1,17,MINI ONE,2,E01013900,0,-1
2023010422825,2023,010422825,2,9,9,99,99,9,9,99,99,9,9,99,9,99,1,9,6,6,3,-1,-1,1198,1,8,MINI ONE,4,E01003213,0,-1
2023361345019,2023,361345019,1,9,0,18,19,1,5,0,0,0,0,0,0,0,2,1,5,6,2,19,4,1598,1,13,MINI ONE,1,E01030249,0,-1
2023361293972,2023,361293972,2,9,0,2,2,0,0,0,0,0,0,4,0,0,2,1,6,6,3,-1,-1,1598,1,16,MINI ONE,-1,-1,0,-1
2023010457622,2023,010457622,2,9,0,99,99,9,9,99,99,9,9,99,9,99,9,9,6,6,2,24,5,1198,1,9,MINI ONE,1,E01004322,0,-1
2023361380935,2023,361380935,1,9,0,18,19,1,5,0,0,1,0,0,0,0,1,1,6,6,1,20,4,1598,1,19,MINI ONE,6,E01026549,0,-1
2023531344484,2023,531344484,1,9,0,13,13,4,8,0,0,0,1,0,0,0,1,1,5,6,2,50,8,1598,1,21,MINI ONE,8,E01022447,0,-1
2023401360183,2023,401360183,1,9,0,9,9,6,4,0,0,8,0,0,0,0,1,1,5,6,1,25,5,1598,1,18,MINI ONE,5,E01023593,0,-1
2023320441882,2023,320441882,2,9,0,18,19,2,6,0,0,8,0,0,0,0,1,1,6,6,1,20,4,1397,1,15,MINI ONE,9,E01013193,0,-1
2023471287131,2023,471287131,2,9,0,4,4,7,1,0,0,1,0,0,0,0,1,1,5,6,2,27,6,1598,1,13,MINI ONE,9,E01031769,0,-1
2023141298183,2023,141298183,1,9,0,18,19,1,5,0,0,2,0,0,0,0,1,1,1,1,2,21,5,1397,1,16,MINI ONE,5,E01007459,0,-1
2023010447987,2023,010447987,2,9,0,99,99,9,9,99,99,9,9,99,9,99,9,9,6,6,3,-1,-1,1198,1,6,MINI ONE,-1,-1,0,-1
2023552300597,2023,552300597,3,9,0,18,19,2,6,0,0,0,0,0,0,0,0,1,6,6,1,18,4,1598,1,15,MINI ONE,6,E01020433,0,-1
2023451345260,2023,451345260,1,9,0,9,9,1,5,0,0,2,0,0,0,0,2,1,6,6,2,20,4,1598,1,12,MINI ONE,10,E01022686,0,-1
2023010451396,2023,010451396,1,9,0,5,5,0,3,0,0,0,0,0,0,0,1,1,6,6,2,28,6,1598,1,9,MINI ONE,1,E01004244,0,-1
2023501307091,2023,501307091,2,9,0,9,9,2,6,0,0,0,0,0,0,0,3,1,5,6,2,21,5,1397,1,14,MINI ONE,4,E01018759,0,-1
2023471304682,2023,471304682,1,9,0,18,19,5,1,0,0,0,1,0,1,0,3,1,5,6,2,29,6,1600,1,12,MINI ONE,5,E01000920,0,-1
2023421311496,2023,421311496,1,9,0,18,19,6,2,0,0,0,0,0,0,0,1,1,2,2,1,67,10,1598,1,10,MINI ONE,9,E01023460,0,-1