collision_index,collision_year,collision_ref_no,vehicle_reference,vehicle_type,towing_and_articulation,vehicle_manoeuvre_historic,vehicle_manoeuvre,vehicle_direction_from,vehicle_direction_to,vehicle_location_restricted_lane_historic,vehicle_location_restricted_lane,junction_location,skidding_and_overturning,hit_object_in_carriageway,vehicle_leaving_carriageway,hit_object_off_carriageway,first_point_of_impact,vehicle_left_hand_drive,journey_purpose_of_driver_historic,journey_purpose_of_driver,sex_of_driver,age_of_driver,age_band_of_driver,engine_capacity_cc,propulsion_code,age_of_vehicle,generic_make_model,driver_imd_decile,lsoa_of_driver,escooter_flag,driver_distance_banding
2023421371198,2023,421371198,2,9,0,18,19,1,5,0,0,0,0,0,0,0,1,1,5,6,2,46,8,1598,1,15,MINI ONE,8,E01021885,0,-1
2023010482455,2023,010482455,2,9,0,99,99,9,9,99,99,1,9,99,9,99,1,9,6,6,1,47,8,1598,1,13,MINI ONE,7,E01002579,0,-1
2023101332808,2023,101332808,1,9,0,18,19,1,5,0,0,8,0,0,0,0,1,1,6,6,2,27,6,1496,2,9,MINI ONE,1,E01027527,0,-1
2023010482026,2023,010482026,2,9,0,99,99,9,9,99,99,9,9,99,9,99,4,9,6,6,3,33,6,1598,1,12,MINI ONE,6,E01003429,0,-1
2023010439257,2023,010439257,2,9,0,99,99,9,9,99,99,9,9,99,9,99,1,9,6,6,2,26,6,1198,1,8,MINI ONE,2,E01002615,0,-1
2023411349923,2023,411349923,2,9,0,18,19,-1,-1,0,0,0,0,0,0,0,1,1,5,6,2,52,8,1499,1,2,MINI ONE,6,E01023469,0,-1
2023440057171,2023,440057171,2,9,0,8,8,4,6,0,0,3,0,0,0,0,2,1,2,2,1,62,9,1600,2,12,MINI ONE,9,E01022496,0,-1
2023010438892,2023,010438892,2,9,0,4,4,5,1,0,0,0,0,0,0,0,3,1,6,6,1,18,4,1598,1,20,MINI ONE,4,E01001463,0,-1
2023421309170,2023,421309170,2,9,0,17,19,2,6,0,0,1,0,0,0,0,3,1,5,6,1,33,6,1600,2,12,MINI ONE,10,W01001509,0,-1
202360A156900,2023,60A156900,2,9,0,8,8,6,2,0,0,1,0,0,0,0,2,1,6,6,1,18,4,1598,1,20,MINI ONE,-1,-1,0,-1
2023201348387,2023,201348387,1,9,0,5,5,4,2,0,0,6,0,0,0,0,1,1,6,6,2,27,6,1598,1,12,MINI ONE,6,E01009278,0,-1
2023421377188,2023,421377188,1,9,0,18,19,7,3,0,0,0,0,0,0,0,4,1,6,6,1,49,8,1499,1,3,MINI ONE,5,E01021982,0,-1
2023471269885,2023,471269885,3,9,0,3,3,1,5,0,0,1,0,0,0,0,2,1,6,6,2,-1,-1,1364,2,19,MINI ONE,-1,-1,0,-1
2023041390739,2023,041390739,1,9,0,18,19,4,8,0,0,4,0,0,0,0,1,1,1,1,2,24,5,1598,1,20,MINI ONE,3,E01024959,0,-1
2023451313976,2023,451313976,2,9,0,4,4,1,5,0,0,1,0,0,0,0,2,1,2,2,1,27,6,1397,1,14,MINI ONE,10,E01031619,0,-1
2023546316523,2023,546316523,1,9,0,18,19,2,6,0,0,0,0,0,0,0,4,1,6,6,2,65,9,1397,1,15,MINI ONE,3,E01015488,0,-1
2023070352515,2023,070352515,1,9,0,3,3,4,7,0,0,1,0,0,0,0,1,1,6,6,1,19,4,1598,1,17,MINI ONE,10,E01018414,0,-1
2023471351666,2023,471351666,2,9,0,4,4,5,8,0,0,1,0,0,0,0,2,1,6,6,2,30,6,1496,2,9,MINI ONE,3,E01021016,0,-1
2023010449833,2023,010449833,2,9,0,14,14,1,5,0,0,0,0,0,0,0,3,1,6,6,1,44,7,1397,1,15,MINI ONE,1,E01004721,0,-1
2023340WN0822,2023,340WN0822,1,9,0,17,19,1,6,0,0,0,0,0,0,0,1,1,6,6,1,75,10,1364,2,20,MINI ONE,10,E01028476,0,-1
2023131305475,2023,131305475,1,9,0,18,19,3,7,0,0,0,0,0,0,0,4,1,5,6,2,51,8,1600,2,12,MINI ONE,8,E01011055,0,-1
2023010447765,2023,010447765,1,9,0,13,13,1,5,0,0,8,0,0,0,0,1,1,2,2,2,31,6,1198,1,8,MINI ONE,9,E01030856,0,-1
2023141410780,2023,141410780,1,9,0,18,19,3,7,0,0,0,5,4,0,0,1,1,6,6,1,64,9,1598,1,17,MINI ONE,3,E01033265,0,-1
2023041366801,2023,041366801,2,9,0,3,3,7,3,0,0,0,0,0,0,0,2,1,6,6,2,43,7,1598,1,18,MINI ONE,2,E01025092,0,-1
2023991289537,2023,991289537,1,9,0,18,19,7,3,0,0,0,0,0,0,0,1,1,6,6,2,30,6,1598,2,12,MINI ONE,-1,-1,0,-1
2023461316630,2023,461316630,2,9,0,18,19,2,6,0,0,1,0,0,0,0,1,1,5,6,2,44,7,1598,1,20,MINI ONE,3,E01024239,0,-1
2023010439052,2023,010439052,1,9,0,3,3,3,7,0,0,1,0,0,0,0,3,1,6,6,1,28,6,1598,2,13,MINI ONE,8,E01023879,0,-1
2023201367745,2023,201367745,1,9,0,18,19,6,2,0,0,6,0,0,0,0,1,1,2,2,1,46,8,1598,1,13,MINI ONE,5,E01009721,0,-1
2023041343365,2023,041343365,1,9,0,17,19,3,7,0,0,8,0,0,0,0,1,1,2,2,2,25,5,1598,1,11,MINI ONE,2,E01005640,0,-1
2023471317391,2023,471317391,4,9,0,2,2,0,0,0,0,2,0,0,0,0,3,1,6,6,3,-1,-1,1198,1,6,MINI ONE,-1,-1,0,-1
2023010423034,2023,010423034,2,9,0,99,99,9,9,99,99,9,9,99,9,99,1,9,6,6,2,22,5,1598,1,11,MINI ONE,8,E01000913,0,-1
2023351272972,2023,351272972,2,9,0,18,19,7,3,0,0,1,0,0,0,0,4,1,2,2,2,19,4,1397,1,16,MINI ONE,6,E01026282,0,-1
2023302300169,2023,302300169,1,9,0,10,10,8,6,0,0,1,0,0,0,0,2,1,6,6,2,27,6,1598,1,18,MINI ONE,2,E01019500,0,-1
2023041380616,2023,041380616,2,9,0,18,19,1,5,0,0,0,0,0,0,0,2,1,5,6,2,27,6,1397,1,15,MINI ONE,8,E01025550,0,-1
2023552301452,2023,552301452,2,9,0,18,19,6,2,0,0,0,0,0,2,10,3,1,6,6,2,69,10,1397,1,15,MINI ONE,7,E01032643,0,-1
2023101370802,2023,101370802,1,9,0,18,19,1,5,0,0,1,0,0,0,0,4,1,6,6,2,25,5,1496,2,7,MINI ONE,2,E01008575,0,-1
2023010478437,2023,010478437,2,9,0,2,2,0,0,0,0,0,0,0,0,0,3,1,6,6,3,-1,-1,1397,1,15,MINI ONE,-1,-1,0,-1
2023211276028,2023,211276028,1,9,0,5,5,8,4,0,0,1,0,0,0,0,1,1,6,6,2,-1,-1,1198,1,9,MINI ONE,-1,-1,0,-1
2023451295751,2023,451295751,2,9,0,18,19,5,5,0,0,3,0,0,0,0,1,1,6,6,2,75,10,1198,1,7,MINI ONE,8,E01030478,0,-1
2023010426388,2023,010426388,2,9,0,99,99,9,9,99,99,9,9,99,9,99,1,9,6,6,1,50,8,1496,2,6,MINI ONE,-1,-1,0,-1
2023010442736,2023,010442736,1,9,0,18,19,5,1,0,0,3,0,0,0,0,1,1,6,6,2,31,6,1600,1,12,MINI ONE,1,E01033701,0,-1
2023991367992,2023,991367992,2,9,0,9,9,7,5,0,0,1,0,0,0,0,3,1,5,6,2,54,8,1598,1,10,MINI ONE,-1,-1,0,-1
2023451319604,2023,451319604,2,9,0,18,19,1,5,0,0,2,0,0,0,0,3,1,5,6,2,66,10,1598,1,13,MINI ONE,6,E01030563,0,-1
2023221349760,2023,221349760,3,9,0,18,19,4,8,0,0,0,1,0,0,0,1,1,6,6,2,53,8,1598,1,10,MINI ONE,6,E01032200,0,-1
2023010441962,2023,010441962,1,9,0,1,1,1,5,0,0,1,1,0,0,0,2,1,3,7,1,42,7,1598,1,18,MINI ONE,5,E01000321,0,-1
2023010439227,2023,010439227,4,9,0,3,3,1,5,0,0,1,0,0,0,0,4,1,6,6,2,22,5,1598,1,11,MINI ONE,8,E01003896,0,-1
2023161360337,2023,161360337,1,9,0,15,15,7,3,0,0,1,0,0,0,0,1,1,5,6,2,56,9,1598,1,18,MINI ONE,7,E01013290,0,-1
2023501375845,2023,501375845,1,9,0,18,19,4,8,0,0,1,0,0,0,0,3,1,6,6,1,20,4,1496,2,6,MINI ONE,3,E01020022,0,-1
2023010469133,2023,010469133,2,9,0,99,99,9,9,99,99,9,9,99,9,99,1,9,6,6,3,-1,-1,1598,1,10,MINI ONE,-1,-1,0,-1
2023201344985,2023,201344985,2,9,0,18,19,5,2,0,0,8,0,0,0,0,1,1,6,6,1,31,6,1397,1,14,MINI ONE,2,E01009508,0,-1
2023302300689,2023,302300689,1,9,0,18,19,4,8,9,9,0,0,0,1,2,1,1,6,6,3,27,6,1364,2,18,MINI ONE,5,E01019402,0,-1
2023361366953,2023,361366953,2,9,0,4,4,5,1,0,0,1,0,0,0,0,2,1,5,6,2,37,7,1598,1,12,MINI ONE,5,E01026831,0,-1
2023471375415,2023,471375415,3,9,0,18,19,5,1,0,0,0,0,0,0,0,1,1,5,6,2,23,5,1198,1,8,MINI ONE,6,E01031392,0,-1
2023061316043,2023,061316043,1,9,0,7,7,7,1,0,0,0,0,0,0,0,4,1,6,6,1,30,6,1198,1,8,MINI ONE,3,E01033663,0,-1
2023351284868,2023,351284868,3,9,0,2,2,0,0,0,0,0,0,0,0,0,1,1,5,6,3,-1,-1,1397,1,15,MINI ONE,-1,-1,0,-1
2023010486384,2023,010486384,1,9,0,18,19,7,3,0,0,8,0,0,0,0,4,1,6,6,2,48,8,1397,1,16,MINI ONE,5,E01003741,0,-1
2023320601192,2023,320601192,1,9,0,18,19,4,8,0,0,2,0,0,0,0,4,1,3,7,2,26,6,1598,1,11,MINI ONE,8,E01026200,0,-1
2023221276379,2023,221276379,1,9,0,9,9,8,6,0,0,5,0,0,0,0,4,1,3,7,2,28,6,1598,1,12,MINI ONE,2,E01014105,0,-1
2023131359733,2023,131359733,1,9,0,9,9,7,3,4,4,1,0,0,0,0,1,1,6,6,3,-1,-1,1598,1,11,MINI ONE,-1,-1,0,-1
2023010473547,2023,010473547,1,9,0,99,99,9,9,99,99,9,9,99,9,99,2,9,6,6,2,52,8,1198,1,8,MINI ONE,10,E01005789,0,-1
2023052301006,2023,052301006,1,9,0,9,9,1,7,0,0,8,0,0,0,0,4,1,6,6,1,24,5,1600,2,12,MINI ONE,9,E01007151,0,-1
2023340NN0622,2023,340NN0622,1,9,0,16,19,1,5,0,0,1,1,7,0,3,3,1,6,6,1,19,4,1598,1,18,MINI ONE,3,E01027111,0,-1
2023361299978,2023,361299978,1,9,0,18,19,6,3,0,0,0,2,0,2,4,4,1,5,6,1,45,7,1598,1,19,MINI ONE,7,E01033540,0,-1
2023544804623,2023,544804623,2,9,0,4,4,6,1,0,0,1,0,0,0,0,2,1,6,6,1,44,7,1598,1,18,MINI ONE,5,E01015479,0,-1
2023531354194,2023,531354194,1,9,0,18,19,5,1,0,0,1,0,0,7,0,1,1,5,6,1,19,4,1598,1,16,MINI ONE,9,E01032341,0,-1
2023451325410,2023,451325410,1,9,0,16,19,5,1,0,0,0,1,0,0,0,1,1,1,1,2,19,4,1598,1,21,MINI ONE,7,E01030466,0,-1
2023122300177,2023,122300177,2,9,0,14,14,6,2,0,0,0,0,0,0,0,4,1,6,6,2,-1,-1,1499,1,3,MINI ONE,8,E01013344,0,-1
2023221294299,2023,221294299,1,9,0,13,13,6,2,0,0,0,0,0,0,0,4,1,6,6,1,19,4,1600,1,12,MINI ONE,8,E01032184,0,-1
2023320446256,2023,320446256,1,9,0,18,19,2,7,0,0,8,0,0,0,0,4,1,6,6,2,39,7,1598,1,19,MINI ONE,2,E01026006,0,-1
2023201312670,2023,201312670,3,9,0,2,2,0,0,0,0,1,0,0,0,0,2,1,6,6,2,25,5,1598,1,10,MINI ONE,1,E01009983,0,-1
2023201339726,2023,201339726,2,9,0,5,5,3,7,0,0,7,0,0,0,0,2,1,6,6,1,42,7,1198,1,6,MINI ONE,5,E01010110,0,-1
2023501334481,2023,501334481,1,9,-1,10,10,3,1,0,0,1,0,0,0,0,3,1,6,6,2,48,8,1198,1,8,MINI ONE,4,E01019013,0,-1
2023052300118,2023,052300118,1,9,0,9,9,3,7,0,0,8,0,0,0,0,4,1,6,6,2,50,8,1198,1,8,MINI ONE,8,E01025513,0,-1
2023991368986,2023,991368986,1,9,0,5,5,2,8,8,6,6,0,0,0,0,3,1,5,6,1,18,4,1598,1,18,MINI ONE,-1,-1,0,-1
2023471324385,2023,471324385,2,9,0,18,19,4,8,0,0,0,0,0,7,9,4,1,2,2,2,26,6,1598,1,20,MINI ONE,6,E01021068,0,-1
2023531291390,2023,531291390,2,9,0,18,19,3,7,0,0,0,0,0,0,0,3,1,1,1,2,47,8,1598,1,9,MINI ONE,9,E01022429,0,-1
2023010480041,2023,010480041,2,9,0,99,99,9,9,99,99,9,9,99,9,99,9,9,6,6,3,-1,-1,1598,1,18,MINI ONE,-1,-1,0,-1
2023131361697,2023,131361697,1,9,0,5,5,1,5,0,0,0,0,0,0,0,1,2,2,2,2,26,6,1198,1,9,MINI ONE,5,E01027649,0,-1
2023471376395,2023,471376395,2,9,0,4,4,2,6,0,0,1,0,0,0,0,3,1,5,6,2,38,7,1598,1,13,MINI ONE,5,E01031401,0,-1
2023131365407,2023,131365407,1,9,0,17,19,7,3,0,0,1,1,0,7,11,1,1,6,6,1,42,7,1364,2,20,MINI ONE,9,E01011168,0,-1
2023010432773,2023,010432773,2,9,0,18,19,1,5,0,0,2,0,0,0,0,1,1,6,6,2,23,5,1598,1,8,MINI ONE,2,E01001754,0,-1
2023201311765,2023,201311765,1,9,0,7,7,4,6,0,0,5,0,0,0,0,4,1,6,6,1,51,8,1598,1,17,MINI ONE,4,E01009894,0,-1
2023440124218,2023,440124218,1,9,0,18,19,3,7,0,0,8,0,0,0,0,1,1,6,6,2,18,4,1598,1,19,MINI ONE,8,E01022641,0,-1
2023461387522,2023,461387522,2,9,0,4,4,5,1,0,0,0,0,0,0,0,2,1,5,6,2,56,9,1598,1,17,MINI ONE,9,E01024851,0,-1
2023361381134,2023,361381134,1,9,0,18,19,4,4,0,0,0,2,0,0,0,4,1,2,2,1,31,6,1598,1,18,MINI ONE,2,E01026689,0,-1
2023010469946,2023,010469946,2,9,0,99,99,9,9,99,99,9,9,99,9,99,9,9,6,6,3,-1,-1,1598,1,13,MINI ONE,1,E01000953,0,-1
2023531300612,2023,531300612,1,9,0,5,5,4,8,0,0,8,0,0,0,0,3,1,6,6,2,20,4,1397,1,15,MINI ONE,3,E01022237,0,-1
2023010467509,2023,010467509,1,9,0,9,9,7,5,0,0,1,0,0,0,0,1,1,6,6,1,32,6,1198,1,8,MINI ONE,4,E01001903,0,-1
2023421343685,2023,421343685,1,9,0,18,19,7,5,0,0,8,1,0,0,0,1,1,5,6,1,36,7,1598,1,18,MINI ONE,9,E01021543,0,-1
2023631389070,2023,631389070,1,9,0,5,5,3,3,0,0,4,0,0,0,0,1,1,5,6,2,27,6,1598,1,10,MINI ONE,5,W01000971,0,-1
2023010482917,2023,010482917,2,9,0,5,5,0,3,0,0,0,0,0,0,0,4,1,6,6,2,45,7,1198,1,8,MINI ONE,3,E01003602,0,-1
2023622300633,2023,622300633,1,9,0,18,19,8,4,0,0,6,0,0,0,0,1,1,6,6,2,73,10,1598,1,10,MINI ONE,2,W01000762,0,-1
2023170S31283,2023,170S31283,1,9,0,18,19,6,2,0,0,0,0,0,0,0,4,1,6,6,1,48,8,1198,1,7,MINI ONE,9,E01033478,0,-1
2023440113709,2023,440113709,1,9,0,17,19,8,5,0,0,0,0,0,0,0,1,1,1,1,1,31,6,1598,1,11,MINI ONE,8,E01032845,0,-1
2023231277078,2023,231277078,1,9,0,18,19,2,6,0,0,0,0,0,1,9,2,1,6,6,1,62,9,1598,1,19,MINI ONE,9,E01009472,0,-1
2023111310413,2023,111310413,1,9,0,5,5,8,4,0,0,2,0,0,0,0,1,1,6,6,1,17,4,1397,1,16,MINI ONE,2,E01020699,0,-1
2023451302976,2023,451302976,1,9,0,18,19,1,5,0,0,0,5,0,1,11,1,1,5,6,1,73,10,1499,1,5,MINI ONE,4,-1,0,-1
2023332300709,2023,332300709,4,9,0,2,2,0,0,0,0,0,0,0,0,0,2,1,6,6,3,-1,-1,1598,2,10,MINI ONE,-1,-1,0,-1
2023010484319,2023,010484319,2,9,0,2,2,0,0,0,0,2,0,0,0,0,2,1,6,6,3,-1,-1,1598,1,19,MINI ONE,-1,-1,0,-1
2023010423012,2023,010423012,1,9,0,99,99,9,9,99,99,9,9,99,9,99,9,9,6,6,2,79,11,1397,1,16,MINI ONE,2,E01004067,0,-1
2023622300726,2023,622300726,1,9,0,18,19,6,2,0,0,0,0,0,0,0,1,1,6,6,1,64,9,1598,1,19,MINI ONE,4,W01001071,0,-1
2023061306141,2023,061306141,2,9,0,18,19,7,3,0,0,1,0,0,0,0,1,1,2,2,2,25,5,1198,1,7,MINI ONE,5,E01004864,0,-1
2023010445608,2023,010445608,2,9,0,99,99,9,9,0,0,0,0,0,0,0,9,1,6,6,3,-1,-1,1397,1,15,MINI ONE,-1,-1,0,-1
2023311339470,2023,311339470,1,9,0,5,5,1,3,0,0,0,0,0,0,0,1,1,5,6,1,59,9,1598,1,20,MINI ONE,1,E01033405,0,-1
2023411303974,2023,411303974,1,9,0,18,19,-1,-1,0,0,8,0,0,0,0,3,1,6,6,1,21,5,1598,1,18,MINI ONE,7,E01023961,0,-1
2023131348502,2023,131348502,2,9,0,7,7,1,5,0,0,0,0,0,0,0,4,1,6,6,2,27,6,1198,1,7,MINI ONE,1,E01011910,0,-1
2023302301252,2023,302301252,1,9,0,4,4,8,3,0,0,1,0,0,0,0,2,1,6,6,2,58,9,1198,1,7,MINI ONE,2,E01019842,0,-1
2023552300484,2023,552300484,2,9,0,18,19,4,8,0,0,8,0,0,0,0,1,1,6,6,2,49,8,1598,1,21,MINI ONE,10,E01022995,0,-1
2023332300845,2023,332300845,3,9,0,18,19,4,8,0,0,2,0,0,0,0,1,1,6,6,2,23,5,1397,1,14,MINI ONE,10,E01025834,0,-1
2023421380097,2023,421380097,3,9,0,2,2,3,3,0,0,0,0,0,0,0,3,1,6,6,3,-1,-1,1499,1,4,MINI ONE,-1,-1,0,-1
2023461352330,2023,461352330,2,9,0,9,9,5,1,0,0,8,1,0,7,0,2,1,6,6,2,23,5,1598,1,17,MINI ONE,6,E01024589,0,-1
2023221313264,2023,221313264,1,9,0,18,19,3,7,0,0,0,2,10,7,9,4,1,6,6,1,19,4,1397,1,16,MINI ONE,7,E01014012,0,-1
2023471308476,2023,471308476,1,9,0,18,19,5,3,0,0,4,0,0,3,1,1,1,2,2,1,18,4,1397,1,15,MINI ONE,4,E01024533,0,-1
2023430180408,2023,430180408,2,9,0,18,19,1,5,0,0,0,0,0,0,0,0,1,6,6,2,20,4,1499,1,3,MINI ONE,7,E01028795,0,-1
2023440167998,2023,440167998,1,9,0,3,3,3,7,0,0,8,0,0,0,0,2,1,6,6,1,25,5,1397,1,15,MINI ONE,6,E01032696,0,-1
2023161311778,2023,161311778,1,9,0,7,7,3,7,0,0,8,0,0,0,0,4,1,2,2,2,40,7,1397,1,13,MINI ONE,-1,-1,0,-1
2023461361312,2023,461361312,1,9,0,9,9,5,3,0,0,5,0,0,0,0,3,1,6,6,1,32,6,1598,1,11,MINI ONE,6,E01023977,0,-1
2023440379784,2023,440379784,1,9,0,18,19,2,6,0,0,1,0,0,0,0,3,1,6,6,2,23,5,1198,1,9,MINI ONE,10,E01016322,0,-1
2023552301024,2023,552301024,2,9,0,18,19,1,5,0,0,1,0,0,0,0,1,1,6,6,2,22,5,1598,1,19,MINI ONE,5,E01020489,0,-1
2023461269798,2023,461269798,1,9,0,4,4,3,7,0,0,1,0,0,0,0,1,1,6,6,2,55,8,1397,1,14,MINI ONE,9,E01024814,0,-1
2023070625485,2023,070625485,1,9,0,3,3,3,1,0,0,1,0,0,0,0,1,1,6,6,2,-1,-1,1198,1,9,MINI ONE,-1,-1,0,-1
2023010436648,2023,010436648,2,9,9,11,11,1,5,0,0,8,9,99,0,0,9,9,6,6,2,18,4,1598,1,11,MINI ONE,4,E01004418,0,-1
2023071259744,2023,071259744,2,9,0,18,19,4,2,0,0,6,0,0,0,0,3,1,6,6,2,25,5,1598,1,10,MINI ONE,8,E01018403,0,-1
2023461371170,2023,461371170,2,9,0,7,7,6,4,0,0,3,0,0,0,0,4,1,6,6,2,22,5,1598,1,18,MINI ONE,1,E01016024,0,-1
2023041304952,2023,041304952,1,9,0,18,19,5,1,0,0,0,0,4,0,0,1,1,5,6,2,23,5,1598,1,13,MINI ONE,9,E01012609,0,-1
2023430222840,2023,430222840,1,9,0,18,19,8,4,0,0,6,0,0,0,0,0,1,6,6,1,19,4,1598,1,19,MINI ONE,6,E01017858,0,-1
2023471350418,2023,471350418,2,9,0,10,10,3,7,0,0,1,0,0,0,0,2,1,2,2,2,22,5,1397,1,16,MINI ONE,8,E01016920,0,-1
2023201389327,2023,201389327,1,9,0,16,19,7,3,0,0,8,0,0,0,0,1,1,6,6,2,29,6,1598,1,12,MINI ONE,9,E01009804,0,-1
2023411343913,2023,411343913,1,9,0,9,9,3,7,0,0,2,0,0,0,0,1,1,5,6,2,33,6,1598,1,17,MINI ONE,7,E01023450,0,-1
2023131382349,2023,131382349,1,9,0,18,19,6,2,0,0,1,0,0,0,0,1,1,6,6,2,-1,-1,1198,1,7,MINI ONE,-1,-1,0,-1
2023320776943,2023,320776943,2,9,0,18,19,2,6,0,0,6,0,0,0,0,2,1,6,6,2,42,7,1198,1,8,MINI ONE,-1,-1,0,-1
2023201410781,2023,201410781,3,9,0,18,19,5,1,0,0,0,0,0,0,0,2,1,6,6,2,48,8,1598,1,12,MINI ONE,2,E01009342,0,-1
2023221402408,2023,221402408,1,9,0,9,9,4,2,0,0,5,0,0,0,0,3,1,1,1,1,30,6,1600,2,12,MINI ONE,9,W01000346,0,-1
2023461310048,2023,461310048,1,9,0,16,19,5,1,0,0,0,1,0,1,4,1,1,6,6,1,19,4,1397,1,15,MINI ONE,3,E01024149,0,-1
2023401279200,2023,401279200,1,9,0,18,19,4,8,0,0,0,0,0,0,0,1,1,5,6,2,57,9,1598,1,19,MINI ONE,6,E01023632,0,-1
2023430111396,2023,430111396,1,9,0,9,9,1,8,0,0,6,0,0,0,0,3,1,6,6,1,18,4,1598,1,19,MINI ONE,10,E01016427,0,-1
2023061283215,2023,061283215,2,9,0,18,19,3,7,0,0,0,0,0,0,0,3,1,5,6,2,41,7,1496,2,9,MINI ONE,4,E01004943,0,-1
2023010481317,2023,010481317,2,9,0,18,19,5,1,0,0,2,0,0,0,0,1,1,6,6,1,53,8,1598,1,8,MINI ONE,1,E01002074,0,-1
2023111322814,2023,111322814,3,9,0,3,3,6,1,0,0,0,0,0,0,0,2,1,6,6,2,40,7,1598,2,10,MINI ONE,1,E01020885,0,-1
2023440063727,2023,440063727,2,9,0,18,19,7,3,0,0,0,0,0,0,0,2,1,1,1,2,47,8,1198,1,8,MINI ONE,2,E01022818,0,-1
2023411374974,2023,411374974,2,9,0,9,9,7,3,0,0,3,0,0,0,0,1,1,6,6,2,22,5,1198,1,8,MINI ONE,8,E01017770,0,-1
2023010485452,2023,010485452,1,9,0,99,99,9,9,99,99,9,9,99,9,99,1,9,6,6,1,35,6,1598,1,18,MINI ONE,3,E01003296,0,-1
2023421346323,2023,421346323,2,9,0,3,3,1,5,0,0,0,0,0,0,0,2,1,5,6,2,50,8,1598,1,20,MINI ONE,7,E01021361,0,-1
2023302300511,2023,302300511,1,9,0,16,19,6,8,0,0,0,0,0,0,0,1,1,6,6,1,60,9,1598,1,13,MINI ONE,-1,-1,0,-1
2023430282777,2023,430282777,1,9,0,1,1,7,3,0,0,8,0,0,0,0,4,1,1,1,2,29,6,1598,1,19,MINI ONE,9,E01017716,0,-1
2023440397258,2023,440397258,2,9,0,2,2,0,0,0,0,0,0,0,0,0,2,1,6,6,2,20,4,1198,1,7,MINI ONE,-1,-1,0,-1
2023010421334,2023,010421334,2,9,0,99,99,9,9,99,99,9,9,99,9,99,1,9,6,6,3,-1,-1,1397,1,16,MINI ONE,-1,-1,0,-1
2023131279918,2023,131279918,1,9,0,18,19,5,1,0,0,4,0,0,0,0,1,1,6,6,1,29,6,1598,1,12,MINI ONE,7,E01011941,0,-1
2023991318681,2023,991318681,1,9,0,17,19,2,6,0,0,0,2,0,7,11,4,1,2,2,1,30,6,1397,1,14,MINI ONE,2,-1,0,-1
2023371307264,2023,371307264,1,9,0,17,19,1,6,0,0,0,0,0,1,1,1,1,5,6,1,84,11,1499,1,5,MINI ONE,5,E01030093,0,-1
2023991335407,2023,991335407,1,9,0,7,7,6,8,0,0,2,0,7,0,0,1,1,5,6,2,34,6,1397,1,14,MINI ONE,8,-1,0,-1
2023161362849,2023,161362849,1,9,0,18,19,5,1,0,0,0,0,0,0,0,1,1,6,6,2,25,5,1397,1,14,MINI ONE,1,E01013220,0,-1
2023411344393,2023,411344393,1,9,0,18,19,1,5,0,0,0,0,0,0,0,4,1,5,6,1,31,6,1198,1,8,MINI ONE,6,E01023600,0,-1
2023010455860,2023,010455860,2,9,9,99,99,9,9,99,99,9,9,99,9,99,9,9,6,6,3,-1,-1,1198,1,8,MINI ONE,-1,-1,0,-1
2023421307851,2023,421307851,2,9,0,16,19,6,2,0,0,0,0,0,0,0,2,1,5,6,1,56,9,1364,2,20,MINI ONE,7,E01021910,0,-1
2023440119323,2023,440119323,1,9,0,7,7,3,5,0,0,5,1,0,1,4,1,1,6,6,2,17,4,1397,1,15,MINI ONE,3,E01015381,0,-1
2023461279981,2023,461279981,1,9,0,18,19,1,5,0,0,1,5,0,0,0,4,1,6,6,2,35,6,1496,2,7,MINI ONE,5,E01024014,0,-1
2023161318526,2023,161318526,1,9,0,13,13,3,7,0,0,0,0,0,0,0,4,1,6,6,2,-1,-1,1598,2,10,MINI ONE,-1,-1,0,-1
2023302301842,2023,302301842,1,9,0,3,3,8,2,0,0,4,0,0,0,0,2,1,6,6,2,35,6,1598,1,9,MINI ONE,9,E01013556,0,-1
2023010452683,2023,010452683,1,9,0,18,19,3,7,0,0,2,0,0,0,0,1,1,6,6,1,59,9,1499,1,1,MINI ONE,7,E01002226,0,-1
2023340NN0032,2023,340NN0032,1,9,0,18,19,8,4,0,0,0,0,0,0,0,1,1,6,6,2,61,9,1598,2,11,MINI ONE,8,E01027094,0,-1
2023061348308,2023,061348308,1,9,0,18,19,5,1,0,0,0,0,0,0,0,1,1,6,6,2,-1,-1,1397,1,14,MINI ONE,-1,-1,0,-1
2023010477918,2023,010477918,1,9,0,99,99,9,9,99,99,9,9,99,9,99,2,9,6,6,2,32,6,1198,1,8,MINI ONE,3,E01000081,0,-1
2023991330938,2023,991330938,2,9,0,18,19,4,8,0,0,1,0,0,0,0,1,1,2,2,2,24,5,1598,1,11,MINI ONE,10,-1,0,-1
2023131377929,2023,131377929,2,9,0,9,9,5,5,0,0,4,0,0,0,0,1,1,6,6,2,60,9,1598,1,12,MINI ONE,1,E01010868,0,-1
2023461380681,2023,461380681,1,9,0,18,19,1,5,0,0,0,0,0,0,0,3,1,6,6,2,52,8,1598,1,12,MINI ONE,6,E01023978,0,-1