collision_index,collision_year,collision_ref_no,vehicle_reference,vehicle_type,towing_and_articulation,vehicle_manoeuvre_historic,vehicle_manoeuvre,vehicle_direction_from,vehicle_direction_to,vehicle_location_restricted_lane_historic,vehicle_location_restricted_lane,junction_location,skidding_and_overturning,hit_object_in_carriageway,vehicle_leaving_carriageway,hit_object_off_carriageway,first_point_of_impact,vehicle_left_hand_drive,journey_purpose_of_driver_historic,journey_purpose_of_driver,sex_of_driver,age_of_driver,age_band_of_driver,engine_capacity_cc,propulsion_code,age_of_vehicle,generic_make_model,driver_imd_decile,lsoa_of_driver,escooter_flag,driver_distance_banding
2023421383086,2023,421383086,1,9,0,9,9,6,7,0,0,4,0,0,0,0,1,1,6,6,2,30,6,1598,1,17,MINI ONE,-1,-1,0,-1
2023010447495,2023,010447495,2,9,0,99,99,9,9,99,99,9,9,99,9,99,1,9,6,6,3,-1,-1,1397,1,13,MINI ONE,-1,-1,0,-1
2023221319441,2023,221319441,3,9,0,18,19,4,8,0,0,0,0,0,0,0,3,1,5,6,1,61,9,1499,1,5,MINI ONE,7,E01007256,0,-1
2023451265094,2023,451265094,1,9,0,17,19,7,3,0,0,0,0,0,0,0,1,1,3,7,2,68,10,1198,1,7,MINI ONE,4,E01030816,0,-1
2023010458342,2023,010458342,1,9,0,9,9,7,6,0,0,5,0,0,0,0,1,1,6,6,2,47,8,1499,1,2,MINI ONE,9,E01001274,0,-1
2023010429307,2023,010429307,1,9,0,18,19,5,1,0,0,8,0,0,0,0,1,1,6,6,2,19,4,1598,1,10,MINI ONE,6,E01016000,0,-1
2023991304608,2023,991304608,1,9,0,17,19,8,4,0,0,0,0,0,0,0,1,1,2,2,2,20,4,1198,1,7,MINI ONE,8,-1,0,-1
2023501342750,2023,501342750,2,9,0,9,9,1,6,0,0,1,0,0,0,0,3,1,5,6,2,57,9,1598,1,10,MINI ONE,4,E01020320,0,-1
2023101299827,2023,101299827,2,9,0,18,19,7,3,0,0,0,0,0,0,0,1,1,6,6,1,36,7,1598,1,17,MINI ONE,2,E01008644,0,-1
2023320051043,2023,320051043,2,9,0,18,19,8,4,0,0,1,0,0,1,0,3,1,6,6,2,19,4,1598,1,18,MINI ONE,-1,-1,0,-1
2023421334194,2023,421334194,1,9,0,1,1,1,5,0,0,1,0,0,0,0,2,1,6,6,2,-1,-1,1397,1,16,MINI ONE,4,E01015901,0,-1
2023161381820,2023,161381820,1,9,5,2,2,0,0,0,0,2,0,0,0,0,2,1,5,6,1,20,4,1598,1,17,MINI ONE,1,E01012782,0,-1
2023545131223,2023,545131223,2,9,0,18,19,8,4,0,0,1,0,0,0,0,1,1,6,6,1,60,9,1598,1,11,MINI ONE,6,E01031996,0,-1
2023010471958,2023,010471958,2,9,0,18,19,5,1,0,0,1,0,0,0,0,1,1,6,6,2,62,9,1598,1,19,MINI ONE,3,E01002279,0,-1
2023440360207,2023,440360207,1,9,0,18,19,5,1,0,0,0,0,0,0,0,1,1,2,2,2,19,4,1598,2,11,MINI ONE,7,E01023012,0,-1
2023540835523,2023,540835523,1,9,0,18,19,5,1,0,0,0,1,0,1,0,2,1,6,6,1,18,4,1598,1,12,MINI ONE,9,E01032707,0,-1
2023161314001,2023,161314001,1,9,0,9,9,7,5,0,0,5,0,0,0,0,3,1,5,6,2,51,8,1598,1,19,MINI ONE,7,E01013307,0,-1
2023501340131,2023,501340131,1,9,0,17,19,1,4,0,0,0,0,0,1,3,1,1,5,6,1,19,4,1598,1,18,MINI ONE,2,E01018867,0,-1
2023531356987,2023,531356987,1,9,0,9,9,7,3,0,0,8,0,0,0,0,1,1,6,6,2,53,8,1598,2,9,MINI ONE,10,E01022114,0,-1
2023010452430,2023,010452430,2,9,0,99,99,9,9,99,99,0,9,99,9,99,0,9,6,6,3,-1,-1,1598,1,18,MINI ONE,-1,-1,0,-1
2023010456239,2023,010456239,1,9,0,99,99,9,9,99,99,9,9,99,9,99,2,9,2,2,2,38,7,1198,1,8,MINI ONE,4,E01003115,0,-1
2023010434021,2023,010434021,2,9,0,99,99,9,9,99,99,9,9,99,9,99,1,9,6,6,3,-1,-1,1598,1,13,MINI ONE,-1,-1,0,-1
2023430329260,2023,430329260,2,9,0,4,4,4,8,0,0,1,0,0,0,0,2,1,6,6,1,41,7,1598,1,9,MINI ONE,7,E01009427,0,-1
2023451305735,2023,451305735,1,9,0,18,19,7,5,0,0,0,0,0,0,0,1,1,6,6,2,57,9,1496,2,7,MINI ONE,3,E01023142,0,-1
202354D061423,2023,54D061423,1,9,0,18,19,1,5,0,0,0,0,0,0,0,1,1,6,6,1,76,11,1598,1,18,MINI ONE,3,E01031856,0,-1
2023430315976,2023,430315976,1,9,0,9,9,1,7,0,0,6,0,0,0,0,1,1,2,2,1,35,6,1364,2,18,MINI ONE,-1,-1,0,-1
2023991277950,2023,991277950,1,9,0,18,19,6,2,0,0,0,5,0,0,0,1,1,5,6,2,47,8,1598,1,11,MINI ONE,10,-1,0,-1
2023211376864,2023,211376864,2,9,-1,-1,-1,6,2,-1,-1,0,-1,-1,-1,0,1,1,6,6,2,30,6,1598,1,10,MINI ONE,9,E01029600,0,-1
2023430441545,2023,430441545,1,9,0,9,9,6,4,0,0,6,0,0,0,0,3,1,6,6,1,-1,-1,1496,2,6,MINI ONE,-1,-1,0,-1
2023991375414,2023,991375414,2,9,0,18,19,6,3,0,0,1,0,0,7,0,4,1,6,6,2,27,6,1198,1,8,MINI ONE,-1,-1,0,-1
2023041273549,2023,041273549,1,9,0,18,19,5,1,0,0,0,1,0,0,0,1,1,6,6,1,-1,-1,1397,1,13,MINI ONE,-1,-1,0,-1
2023461359230,2023,461359230,2,9,0,9,9,5,3,0,0,5,0,0,0,0,3,1,2,2,2,39,7,1598,1,10,MINI ONE,7,E01024274,0,-1
2023471280028,2023,471280028,1,9,0,10,10,3,7,0,0,8,0,0,0,0,2,1,6,6,2,85,11,1598,1,20,MINI ONE,3,E01020941,0,-1
2023411297785,2023,411297785,2,9,0,18,19,7,3,0,0,8,1,0,0,0,1,1,5,6,2,60,9,1598,1,19,MINI ONE,8,E01023837,0,-1
2023131269368,2023,131269368,1,9,0,-1,-1,-1,-1,-1,-1,-1,-1,-1,-1,-1,-1,1,6,6,3,-1,-1,1598,1,10,MINI ONE,-1,-1,0,-1
2023031392825,2023,031392825,1,9,0,18,19,1,5,0,0,0,1,0,0,0,1,1,5,6,2,21,5,1598,1,18,MINI ONE,2,E01019284,0,-1
2023131279838,2023,131279838,2,9,0,18,19,6,2,0,0,8,0,0,0,0,1,1,5,6,2,38,7,1598,1,10,MINI ONE,9,E01011054,0,-1
2023501384919,2023,501384919,1,9,0,7,7,6,2,0,0,5,5,0,1,1,1,1,2,2,2,19,4,1598,1,16,MINI ONE,8,E01015230,0,-1
2023471352900,2023,471352900,2,9,0,3,3,3,7,0,0,0,0,0,0,0,2,1,3,7,1,55,8,1499,1,1,MINI ONE,6,E01032833,0,-1
2023161374337,2023,161374337,2,9,0,3,3,7,3,0,0,0,0,0,0,0,1,1,6,6,1,-1,-1,1397,1,14,MINI ONE,-1,-1,0,-1
2023311293991,2023,311293991,1,9,0,5,5,2,6,0,0,1,1,0,0,0,1,1,5,6,2,26,6,1598,1,17,MINI ONE,3,E01019661,0,-1
2023501320259,2023,501320259,1,9,0,18,19,5,1,0,0,0,5,0,0,0,1,1,5,6,2,40,7,1598,1,17,MINI ONE,2,E01018860,0,-1
2023010425447,2023,010425447,2,9,0,16,19,3,7,0,0,0,0,0,0,0,2,1,6,6,1,62,9,1600,1,12,MINI ONE,6,E01000318,0,-1
2023131362893,2023,131362893,1,9,0,18,19,3,7,0,0,0,1,0,1,2,1,1,6,6,1,17,4,1598,1,21,MINI ONE,9,E01011773,0,-1
2023461289034,2023,461289034,1,9,0,18,19,1,5,0,0,4,0,0,0,0,1,1,6,6,2,45,7,1198,1,8,MINI ONE,5,E01024095,0,-1
2023401369222,2023,401369222,1,9,0,9,9,7,3,0,0,1,0,1,1,0,4,1,6,6,2,29,6,1198,1,7,MINI ONE,9,E01015710,0,-1
2023010475651,2023,010475651,2,9,9,99,99,9,9,99,99,9,9,99,9,99,9,9,6,6,3,-1,-1,1598,1,10,MINI ONE,6,E01030643,0,-1
2023461359173,2023,461359173,2,9,0,18,19,3,7,0,0,0,0,0,0,0,4,1,6,6,2,49,8,1499,1,6,MINI ONE,8,E01033088,0,-1
2023440361773,2023,440361773,1,9,0,18,19,2,6,0,0,0,0,0,1,4,1,1,1,1,1,24,5,1598,1,19,MINI ONE,3,E01017080,0,-1
2023421366042,2023,421366042,1,9,0,9,9,3,1,0,0,8,0,0,0,0,1,1,6,6,2,23,5,1598,1,12,MINI ONE,4,E01021802,0,-1
2023361369415,2023,361369415,2,9,0,18,19,4,8,0,0,0,0,0,0,0,1,1,6,6,2,48,8,1397,1,16,MINI ONE,10,E01026926,0,-1
2023501306981,2023,501306981,1,9,0,9,9,1,7,0,0,8,0,0,7,0,3,1,2,2,2,22,5,1397,1,14,MINI ONE,6,E01020007,0,-1
2023052301492,2023,052301492,2,9,0,4,4,1,5,0,0,0,0,0,0,0,2,1,6,6,2,34,6,1598,1,12,MINI ONE,1,E01006776,0,-1
2023061338882,2023,061338882,1,9,0,18,19,3,7,0,0,0,5,0,5,0,1,1,5,6,1,38,7,1598,1,18,MINI ONE,1,E01010966,0,-1
2023520300598,2023,520300598,1,9,0,18,19,7,3,0,0,0,2,0,7,4,3,1,6,6,2,33,6,1598,1,19,MINI ONE,8,E01029203,0,-1
2023070509225,2023,070509225,2,9,0,13,13,3,7,0,0,0,0,4,0,0,4,1,6,6,1,60,9,1598,1,11,MINI ONE,5,E01028898,0,-1
2023545222023,2023,545222023,2,9,0,3,3,5,1,0,0,0,0,0,0,0,2,1,2,2,1,50,8,1598,1,19,MINI ONE,1,E01015538,0,-1
2023201385992,2023,201385992,1,9,0,4,4,6,2,0,0,0,0,0,0,0,1,1,6,6,2,28,6,1598,1,17,MINI ONE,2,E01009885,0,-1
2023010462118,2023,010462118,2,9,0,99,99,9,9,99,99,9,9,99,9,99,1,9,6,6,3,-1,-1,1598,1,18,MINI ONE,-1,-1,0,-1
2023501315621,2023,501315621,1,9,0,18,19,3,1,0,0,0,1,0,0,0,1,1,6,6,2,59,9,1598,1,13,MINI ONE,3,E01015059,0,-1
2023351318866,2023,351318866,1,9,0,18,19,1,5,0,0,0,1,0,7,0,3,1,1,1,1,35,6,1598,1,13,MINI ONE,4,E01030115,0,-1
2023052300257,2023,052300257,2,9,0,18,19,7,3,0,0,0,0,0,0,0,1,1,2,2,2,40,7,1598,1,18,MINI ONE,3,E01007276,0,-1
2023010462561,2023,010462561,1,9,0,99,99,9,9,99,99,9,9,99,9,99,1,9,6,6,1,37,7,1598,1,18,MINI ONE,3,E01032574,0,-1
2023010449486,2023,010449486,1,9,0,18,19,1,5,0,0,0,1,10,1,11,1,1,6,6,1,35,6,1397,1,13,MINI ONE,2,E01004011,0,-1
2023451363121,2023,451363121,3,9,0,18,19,1,5,0,0,1,0,0,0,0,2,1,5,6,3,74,10,1499,1,4,MINI ONE,7,E01030851,0,-1
2023430154294,2023,430154294,1,9,0,9,9,7,5,0,0,5,0,0,0,0,1,1,6,6,2,25,5,1598,1,20,MINI ONE,10,E01028573,0,-1
2023311329781,2023,311329781,2,9,0,18,19,3,7,0,0,1,0,0,7,0,1,1,5,6,2,19,4,1598,1,19,MINI ONE,8,E01028168,0,-1
202354B543723,2023,54B543723,1,9,0,18,19,4,8,0,0,0,0,4,0,0,1,1,6,6,1,18,4,1598,1,11,MINI ONE,9,E01031863,0,-1
2023531344462,2023,531344462,1,9,0,17,19,5,1,0,0,0,0,0,1,4,3,1,6,6,1,47,8,1198,1,8,MINI ONE,10,E01032939,0,-1
2023311318804,2023,311318804,2,9,0,2,2,3,7,0,0,0,0,0,0,0,4,1,6,6,3,-1,-1,1600,1,12,MINI ONE,-1,-1,0,-1
2023451283116,2023,451283116,1,9,0,9,9,6,4,0,0,0,0,0,0,0,1,1,5,6,2,25,5,1397,1,14,MINI ONE,10,E01030691,0,-1
2023430021609,2023,430021609,3,9,0,2,2,0,0,0,0,0,0,0,1,0,2,1,6,6,3,-1,-1,1598,1,21,MINI ONE,-1,-1,0,-1
2023211352619,2023,211352619,3,9,0,2,2,0,0,0,0,0,0,0,0,0,3,1,6,6,2,56,9,1198,1,8,MINI ONE,4,E01010459,0,-1
2023221353175,2023,221353175,1,9,0,16,19,6,2,0,0,0,1,0,6,4,1,1,6,6,2,23,5,1598,1,17,MINI ONE,1,E01032331,0,-1
2023461293425,2023,461293425,1,9,0,4,4,3,7,0,0,2,0,0,0,0,1,1,6,6,2,-1,-1,1397,1,15,MINI ONE,1,E01024305,0,-1
2023531335511,2023,531335511,3,9,0,18,19,6,2,0,0,0,0,0,0,0,1,1,5,6,2,17,4,1598,1,11,MINI ONE,7,E01022206,0,-1
2023041363885,2023,041363885,1,9,0,18,19,3,7,0,0,8,0,0,0,0,1,1,6,6,3,-1,-1,1598,1,20,MINI ONE,-1,-1,0,-1
2023430548512,2023,430548512,2,9,0,17,19,5,2,0,0,1,0,0,0,0,1,1,6,6,2,37,7,1598,1,11,MINI ONE,8,E01017855,0,-1
2023010453014,2023,010453014,1,9,0,18,19,3,7,0,0,1,0,0,0,0,1,1,6,6,2,25,5,1598,1,12,MINI ONE,-1,-1,0,-1
2023141299513,2023,141299513,1,9,0,5,5,1,5,0,0,0,0,0,0,0,2,1,5,6,2,48,8,1598,1,18,MINI ONE,1,E01007406,0,-1
2023010483267,2023,010483267,1,9,0,9,9,5,3,0,0,8,0,0,0,0,3,1,6,6,1,37,7,1598,1,21,MINI ONE,2,E01004226,0,-1
2023461309127,2023,461309127,2,9,0,18,19,1,5,0,0,2,0,0,0,0,3,1,6,6,2,17,4,1598,1,10,MINI ONE,6,E01024830,0,-1
2023631371409,2023,631371409,1,9,0,18,19,4,8,0,0,0,0,0,7,11,1,1,5,6,1,41,7,1598,1,17,MINI ONE,5,W01000546,0,-1
2023221383263,2023,221383263,1,9,0,7,7,3,5,0,0,3,0,0,0,0,1,1,6,6,2,54,8,1598,1,17,MINI ONE,5,E01014171,0,-1
2023522300744,2023,522300744,1,9,0,9,9,8,6,0,0,5,0,0,0,0,3,1,6,6,2,32,6,1198,1,9,MINI ONE,4,E01033364,0,-1
2023061387213,2023,061387213,1,9,0,9,9,1,5,0,0,5,0,0,0,0,3,1,5,6,2,19,4,1598,1,11,MINI ONE,10,E01012517,0,-1
2023501336312,2023,501336312,1,9,0,4,4,4,8,0,0,0,0,0,0,0,1,1,6,6,2,32,6,1198,1,8,MINI ONE,3,E01033626,0,-1
2023131321335,2023,131321335,1,9,0,-1,-1,-1,-1,-1,-1,0,-1,-1,-1,-1,-1,1,6,6,3,-1,-1,1598,1,18,MINI ONE,-1,-1,0,-1
2023991289273,2023,991289273,1,9,0,9,9,1,7,0,0,6,0,0,0,0,1,1,5,6,2,26,6,1397,1,14,MINI ONE,9,-1,0,-1
2023411393954,2023,411393954,2,9,0,18,19,1,5,0,0,0,0,0,0,0,1,1,5,6,1,34,6,1198,1,8,MINI ONE,3,E01003544,0,-1
2023101363264,2023,101363264,1,9,0,9,9,4,8,0,0,8,0,0,0,0,1,1,6,6,1,-1,-1,1598,1,17,MINI ONE,-1,-1,0,-1
2023461301825,2023,461301825,1,9,0,11,11,7,3,0,0,4,0,10,1,0,3,1,6,6,1,23,5,1598,1,20,MINI ONE,4,E01024384,0,-1
2023131388414,2023,131388414,1,9,0,18,19,7,3,0,0,0,1,0,2,11,1,1,2,2,1,26,6,1598,1,18,MINI ONE,4,E01011238,0,-1
2023411362592,2023,411362592,2,9,0,4,4,5,3,0,0,4,0,0,0,0,2,1,2,2,2,43,7,1598,1,18,MINI ONE,5,E01023939,0,-1
2023101380621,2023,101380621,1,9,0,4,4,1,5,0,0,1,0,0,0,0,1,1,6,6,2,19,4,1499,1,1,MINI ONE,8,E01008507,0,-1
2023430348810,2023,430348810,1,9,0,18,19,6,2,0,0,2,0,0,0,0,3,1,6,6,2,-1,-1,1397,1,14,MINI ONE,-1,-1,0,-1
2023161329718,2023,161329718,1,9,0,16,19,3,7,0,0,0,0,0,0,0,1,1,5,6,1,19,4,1598,1,13,MINI ONE,8,E01027875,0,-1
2023610026223,2023,610026223,1,9,0,4,4,2,6,0,0,0,0,0,0,0,1,1,2,2,2,34,6,1598,1,16,MINI ONE,1,W01001666,0,-1
2023302300507,2023,302300507,1,9,0,18,19,4,8,0,0,0,0,0,0,0,2,1,6,6,1,24,5,1598,1,19,MINI ONE,9,E01030904,0,-1
2023547873023,2023,547873023,2,9,0,18,19,7,3,0,0,1,0,0,0,0,3,1,2,2,2,23,5,1598,1,18,MINI ONE,6,E01032114,0,-1
2023430489346,2023,430489346,2,9,0,18,19,4,8,0,0,8,0,0,0,0,1,1,6,6,1,23,5,1598,2,12,MINI ONE,4,E01024593,0,-1
2023031268056,2023,031268056,2,9,0,3,3,2,5,0,0,1,0,0,0,0,1,1,2,2,2,54,8,1397,1,14,MINI ONE,-1,-1,0,-1
2023430491539,2023,430491539,1,9,0,9,9,6,3,0,0,6,0,0,0,0,1,1,6,6,1,46,8,1598,1,19,MINI ONE,10,E01017740,0,-1
2023440220286,2023,440220286,2,9,0,16,19,5,1,0,0,0,0,0,0,0,1,1,6,6,2,32,6,1499,1,3,MINI ONE,8,E01014444,0,-1
2023552300186,2023,552300186,1,9,0,16,19,7,1,0,0,8,0,0,0,0,1,1,6,6,2,35,6,1598,1,21,MINI ONE,7,E01020440,0,-1
2023411298984,2023,411298984,1,9,0,1,1,-1,-1,0,0,0,0,0,0,0,2,1,1,1,2,-1,-1,1598,1,22,MINI ONE,-1,-1,0,-1
2023010457586,2023,010457586,2,9,0,18,19,7,3,0,0,8,0,0,0,0,1,1,6,6,2,39,7,1598,1,20,MINI ONE,6,E01004581,0,-1
2023122300464,2023,122300464,2,9,0,3,3,3,7,0,0,2,0,0,0,0,2,1,6,6,1,40,7,1598,2,10,MINI ONE,7,E01013062,0,-1
2023411334396,2023,411334396,1,9,0,18,19,2,6,0,0,1,0,0,0,0,1,1,6,6,2,89,11,1598,1,11,MINI ONE,5,E01002229,0,-1
2023302301199,2023,302301199,1,9,0,7,7,2,4,0,0,6,0,0,0,0,3,1,6,6,2,49,8,1598,1,12,MINI ONE,2,E01013504,0,-1
2023440220801,2023,440220801,1,9,0,2,2,0,0,0,0,2,0,0,0,0,3,1,6,6,3,-1,-1,1598,1,13,MINI ONE,-1,-1,0,-1
2023010451794,2023,010451794,2,9,0,2,2,0,0,9,9,1,0,0,0,0,2,1,6,6,3,-1,-1,1198,1,6,MINI ONE,-1,-1,0,-1
2023131354180,2023,131354180,2,9,0,9,9,1,7,0,0,0,0,0,0,0,1,1,6,6,2,18,4,1397,1,14,MINI ONE,4,E01011858,0,-1
2023501292284,2023,501292284,3,9,0,2,2,4,8,9,9,0,0,0,0,0,2,1,6,6,2,-1,-1,1598,1,10,MINI ONE,-1,-1,0,-1
202354D364723,2023,54D364723,2,9,0,2,2,0,0,0,0,2,0,0,0,0,3,1,6,6,3,-1,-1,1397,1,15,MINI ONE,-1,-1,0,-1
2023131331039,2023,131331039,2,9,0,9,9,1,5,0,0,4,0,0,0,0,2,1,5,6,2,19,4,1499,1,2,MINI ONE,10,E01011535,0,-1
2023031317037,2023,031317037,1,9,0,18,19,5,1,0,0,0,0,0,0,0,4,1,6,6,1,70,10,1397,1,16,MINI ONE,-1,-1,0,-1
2023430097579,2023,430097579,1,9,0,5,5,7,4,0,0,8,0,0,0,0,2,1,6,6,2,40,7,1397,1,15,MINI ONE,10,E01017870,0,-1
2023501264099,2023,501264099,2,9,0,18,19,8,5,0,0,1,0,0,0,0,1,1,5,6,2,49,8,1598,1,16,MINI ONE,4,E01020055,0,-1
2023131301496,2023,131301496,1,9,0,-1,-1,-1,-1,-1,-1,0,-1,-1,-1,-1,-1,1,6,6,3,-1,-1,1600,2,12,MINI ONE,-1,-1,0,-1
2023010477617,2023,010477617,1,9,0,18,19,1,5,9,9,8,0,0,0,0,1,1,6,6,2,21,5,1198,1,8,MINI ONE,3,E01004020,0,-1
2023141372048,2023,141372048,2,9,0,18,19,1,5,0,0,2,0,0,0,0,1,1,6,6,1,29,6,1598,2,12,MINI ONE,5,E01008136,0,-1
2023430432557,2023,430432557,2,9,0,18,19,6,4,0,0,7,0,0,0,0,3,1,6,6,2,32,6,1598,2,10,MINI ONE,10,E01016261,0,-1
2023361279648,2023,361279648,1,9,0,9,9,3,1,0,0,0,0,0,0,0,3,1,2,2,2,17,4,1598,2,11,MINI ONE,4,E01026874,0,-1
2023052300497,2023,052300497,1,9,0,12,12,5,1,0,0,0,0,0,0,0,3,1,6,6,2,-1,-1,1598,1,19,MINI ONE,-1,-1,0,-1
2023061291166,2023,061291166,2,9,0,3,3,1,5,0,0,0,0,7,0,0,2,1,2,2,1,21,5,1198,1,6,MINI ONE,5,E01005362,0,-1
2023010439052,2023,010439052,2,9,0,18,19,3,7,0,0,1,0,0,0,0,1,1,6,6,1,18,4,1600,1,12,MINI ONE,2,E01000221,0,-1
2023010461213,2023,010461213,2,9,0,7,7,1,4,0,0,5,0,0,0,0,3,1,2,2,2,22,5,1598,2,12,MINI ONE,7,E01016946,0,-1
2023221271903,2023,221271903,1,9,0,18,19,4,8,0,0,3,1,0,7,4,1,1,5,6,1,21,5,1598,1,21,MINI ONE,3,E01008957,0,-1
2023340NN1052,2023,340NN1052,1,9,0,16,19,5,8,0,0,2,1,0,1,0,1,1,6,6,1,18,4,1598,1,17,MINI ONE,4,E01026962,0,-1
2023041327107,2023,041327107,1,9,0,18,19,5,1,0,0,0,0,4,0,0,1,1,5,6,2,43,7,1598,1,12,MINI ONE,1,E01012754,0,-1
2023371384498,2023,371384498,1,9,0,16,19,2,5,0,0,0,2,0,0,0,4,1,6,6,2,48,8,1598,1,22,MINI ONE,10,E01029894,0,-1
2023421307042,2023,421307042,2,9,0,3,3,5,5,0,0,0,0,0,0,0,2,1,6,6,2,18,4,1598,1,12,MINI ONE,9,E01021828,0,-1
2023421363139,2023,421363139,1,9,0,17,19,4,8,0,0,0,2,0,1,0,1,1,5,6,1,41,7,1598,1,17,MINI ONE,7,E01021856,0,-1
2023471347127,2023,471347127,3,9,0,18,19,6,2,0,0,2,0,0,0,0,3,1,5,6,2,25,5,1598,1,11,MINI ONE,7,E01031660,0,-1
2023461271384,2023,461271384,2,9,0,9,9,7,3,0,0,1,0,0,0,0,2,1,5,6,1,29,6,1598,1,21,MINI ONE,4,E01024086,0,-1
2023201314084,2023,201314084,1,9,0,16,19,2,4,0,0,2,0,10,7,3,1,1,6,6,2,19,4,1496,2,6,MINI ONE,8,E01029493,0,-1
2023010459799,2023,010459799,2,9,0,7,7,3,5,0,0,0,0,0,0,0,0,1,6,6,2,59,9,1397,1,14,MINI ONE,3,E01000579,0,-1
2023131358114,2023,131358114,1,9,0,18,19,5,1,0,0,0,1,0,0,0,1,1,5,6,2,42,7,1598,1,17,MINI ONE,1,E01011362,0,-1
2023070991463,2023,070991463,1,9,0,18,19,7,3,0,0,1,0,0,0,0,4,1,1,1,1,29,6,1598,1,12,MINI ONE,9,E01018581,0,-1
2023471302077,2023,471302077,2,9,0,9,9,3,1,0,0,0,0,0,0,0,1,1,6,6,1,73,10,1598,1,17,MINI ONE,1,E01016908,0,-1
2023131289612,2023,131289612,1,9,0,18,19,1,1,0,0,8,0,0,0,0,2,1,5,6,2,40,7,1198,1,8,MINI ONE,7,E01011592,0,-1
2023010477599,2023,010477599,1,9,0,17,19,1,5,0,0,0,0,0,0,0,1,1,6,6,3,-1,-1,1397,1,15,MINI ONE,-1,-1,0,-1
2023161309860,2023,161309860,2,9,0,14,14,7,3,0,0,0,0,0,0,0,3,1,6,6,2,38,7,1198,1,6,MINI ONE,4,E01012801,0,-1
2023010459319,2023,010459319,1,9,0,99,99,9,9,99,99,9,9,99,9,99,2,9,2,2,2,50,8,1600,2,12,MINI ONE,4,E01021776,0,-1
2023542267023,2023,542267023,1,9,0,14,14,4,8,0,0,0,0,0,0,0,1,1,6,6,1,31,6,1598,1,18,MINI ONE,5,E01031916,0,-1
2023351324125,2023,351324125,2,9,0,17,19,7,3,0,0,0,1,1,0,0,1,1,6,6,2,66,10,1499,1,2,MINI ONE,10,E01018292,0,-1
2023131324871,2023,131324871,4,9,0,2,2,0,0,0,0,8,0,0,0,0,1,1,6,6,3,-1,-1,1397,1,15,MINI ONE,-1,-1,0,-1
2023543274923,2023,543274923,2,9,0,10,10,7,5,0,0,1,0,0,0,0,2,1,6,6,1,26,6,1198,1,7,MINI ONE,9,E01031886,0,-1
2023531353344,2023,531353344,1,9,0,9,9,3,7,0,0,0,0,0,0,0,4,1,5,6,2,31,6,1598,1,8,MINI ONE,4,E01002869,0,-1
2023351328463,2023,351328463,1,9,-1,-1,-1,1,3,-1,-1,0,-1,-1,-1,0,-1,1,6,6,2,-1,-1,1598,1,18,MINI ONE,-1,-1,0,-1
2023122300481,2023,122300481,2,9,0,18,19,1,5,0,0,1,0,0,1,10,3,1,6,6,2,69,10,1598,1,10,MINI ONE,7,E01027772,0,-1
2023201339288,2023,201339288,1,9,0,18,19,8,4,0,0,0,1,10,7,4,1,1,6,6,1,27,6,1598,1,22,MINI ONE,3,E01010396,0,-1
2023031343217,2023,031343217,1,9,0,18,19,1,5,0,0,1,0,0,0,0,4,1,2,2,2,62,9,1598,2,11,MINI ONE,-1,-1,0,-1
2023991372294,2023,991372294,1,9,0,18,19,5,1,0,0,0,0,0,0,0,1,1,5,6,2,26,6,1499,1,3,MINI ONE,3,-1,0,-1
2023010441681,2023,010441681,1,9,0,99,99,9,9,99,99,9,9,99,9,99,9,9,6,6,2,23,5,1397,1,16,MINI ONE,1,E01001427,0,-1
2023440089663,2023,440089663,1,9,0,5,5,4,8,0,0,8,0,0,0,0,3,1,6,6,1,61,9,1600,2,11,MINI ONE,8,E01023178,0,-1
2023010437536,2023,010437536,2,9,0,99,99,9,9,99,99,0,9,99,9,99,9,9,6,6,1,-1,-1,1598,1,17,MINI ONE,-1,-1,0,-1
2023010442437,2023,010442437,2,9,0,4,4,7,3,0,0,2,0,0,0,0,2,1,2,2,1,43,7,1397,1,15,MINI ONE,5,E01002249,0,-1
2023440350402,2023,440350402,1,9,0,18,19,4,8,0,0,0,0,0,7,4,3,1,2,2,1,19,4,1598,1,20,MINI ONE,10,E01022995,0,-1
2023543355523,2023,543355523,2,9,0,18,19,4,8,0,0,0,0,0,0,0,2,1,2,2,2,21,5,1598,1,11,MINI ONE,9,E01016292,0,-1
2023471355994,2023,471355994,1,9,0,16,19,6,1,0,0,8,0,0,0,0,1,1,5,6,2,83,11,1499,1,5,MINI ONE,10,E01031720,0,-1
2023461333673,2023,461333673,3,9,0,4,4,6,2,0,0,0,0,0,0,0,2,1,2,2,2,34,6,1598,1,12,MINI ONE,4,E01016070,0,-1
2023010436413,2023,010436413,2,9,0,2,2,0,0,0,0,1,0,0,0,0,3,1,6,6,3,-1,-1,1598,1,9,MINI ONE,-1,-1,0,-1
2023340WN3932,2023,340WN3932,3,9,0,2,2,0,0,9,9,0,0,0,0,0,3,1,6,6,3,-1,-1,1598,1,13,MINI ONE,-1,-1,0,-1
2023451309084,2023,451309084,2,9,0,7,7,1,3,0,0,2,0,0,0,0,3,1,5,6,1,30,6,1397,1,14,MINI ONE,-1,-1,0,-1