collision_index,collision_year,collision_ref_no,vehicle_reference,vehicle_type,towing_and_articulation,vehicle_manoeuvre_historic,vehicle_manoeuvre,vehicle_direction_from,vehicle_direction_to,vehicle_location_restricted_lane_historic,vehicle_location_restricted_lane,junction_location,skidding_and_overturning,hit_object_in_carriageway,vehicle_leaving_carriageway,hit_object_off_carriageway,first_point_of_impact,vehicle_left_hand_drive,journey_purpose_of_driver_historic,journey_purpose_of_driver,sex_of_driver,age_of_driver,age_band_of_driver,engine_capacity_cc,propulsion_code,age_of_vehicle,generic_make_model,driver_imd_decile,lsoa_of_driver,escooter_flag,driver_distance_banding
2023501263083,2023,501263083,1,9,0,18,19,3,7,0,0,0,5,11,0,0,1,1,1,1,2,32,6,-1,-1,-1,RENAULT KANGOO,6,E01018750,0,-1
2023440401057,2023,440401057,1,9,0,18,19,4,8,0,0,0,0,0,0,0,1,1,6,6,1,82,11,1598,1,17,RENAULT KANGOO,6,E01017072,0,-1
2023311386568,2023,311386568,1,9,0,18,19,3,7,0,0,1,1,0,0,0,1,1,6,6,3,21,5,1461,2,19,RENAULT KANGOO,-1,-1,0,-1
2023991308515,2023,991308515,1,9,0,18,19,3,7,0,0,0,0,0,1,0,4,1,1,1,1,63,9,-1,-1,-1,RENAULT KANGOO,-1,-1,0,-1
2023010458531,2023,010458531,2,9,0,9,9,2,1,0,0,6,0,0,0,0,3,1,6,6,1,57,9,1149,1,15,RENAULT KANGOO,4,E01000497,0,-1
2023010446348,2023,010446348,2,9,0,99,99,9,9,99,99,9,9,99,9,99,1,9,6,6,1,61,9,1390,1,22,RENAULT KANGOO,6,E01003227,0,-1
2023052301077,2023,052301077,1,19,0,18,19,3,7,0,0,0,0,0,0,0,1,1,1,1,1,29,6,1461,2,9,RENAULT KANGOO,1,E01006677,0,-1
2023061295325,2023,061295325,1,9,0,18,19,1,5,0,0,1,0,0,0,0,1,1,1,1,1,25,5,-1,-1,-1,RENAULT KANGOO,8,E01025463,0,-1
2023320524082,2023,320524082,1,9,0,18,19,7,3,0,0,0,0,4,0,0,1,1,6,6,1,81,11,1598,1,12,RENAULT KANGOO,8,E01026200,0,-1
2023991349744,2023,991349744,1,19,0,5,5,4,8,0,0,6,0,0,0,0,3,1,1,1,1,55,8,1461,2,3,RENAULT KANGOO,2,-1,0,-1
2023010435658,2023,010435658,2,19,0,99,99,9,9,99,99,9,9,99,9,99,9,9,6,6,3,-1,-1,1461,2,18,RENAULT KANGOO,4,E01000477,0,-1
2023010467792,2023,010467792,1,9,0,3,3,1,5,9,9,0,0,4,0,0,3,1,6,6,2,33,6,1598,1,18,RENAULT KANGOO,7,E01000347,0,-1
2023501313133,2023,501313133,2,9,0,6,6,6,3,0,0,8,0,0,0,0,3,1,5,6,2,79,11,1598,1,13,RENAULT KANGOO,5,E01020117,0,-1
2023991295103,2023,991295103,2,19,0,3,3,1,5,0,0,0,0,0,0,0,2,1,6,6,2,59,9,1461,2,1,RENAULT KANGOO,6,-1,0,-1
2023010482076,2023,010482076,2,9,0,3,3,5,1,0,0,1,0,0,0,0,2,1,6,6,1,43,7,1149,1,20,RENAULT KANGOO,2,E01001482,0,-1
2023430076895,2023,430076895,1,19,0,18,19,7,3,0,0,0,0,0,0,0,1,1,6,6,1,60,9,1461,2,12,RENAULT KANGOO,8,E01028431,0,-1
202360A046819,2023,60A046819,1,19,0,16,19,6,2,0,0,0,1,0,0,0,1,1,6,6,1,29,6,1461,2,9,RENAULT KANGOO,-1,-1,0,-1
2023991282457,2023,991282457,2,9,0,5,5,3,7,8,6,1,0,0,0,0,1,1,1,1,1,51,8,-1,-1,-1,RENAULT KANGOO,1,-1,0,-1
2023201328514,2023,201328514,2,19,0,18,19,7,3,0,0,8,5,0,0,0,3,1,1,1,1,67,10,1461,2,10,RENAULT KANGOO,7,E01029519,0,-1
2023471369451,2023,471369451,2,9,-1,18,19,7,3,0,0,0,0,0,0,0,1,1,5,6,2,57,9,1598,1,13,RENAULT KANGOO,4,E01016968,0,-1
2023131388794,2023,131388794,2,19,0,2,2,0,0,0,0,0,0,0,0,0,2,2,6,6,3,-1,-1,1461,2,7,RENAULT KANGOO,-1,-1,0,-1
2023991362767,2023,991362767,2,19,0,17,19,1,5,0,0,0,0,0,0,0,1,1,2,2,1,58,9,1461,2,11,RENAULT KANGOO,9,-1,0,-1
2023351299297,2023,351299297,1,19,0,18,19,1,5,0,0,0,1,0,0,0,1,1,1,1,1,21,5,1461,2,5,RENAULT KANGOO,9,E01027120,0,-1
2023221280851,2023,221280851,1,19,0,18,19,2,6,0,0,8,0,0,0,0,1,1,6,6,1,41,7,1461,2,8,RENAULT KANGOO,6,E01014146,0,-1
2023552300276,2023,552300276,2,19,0,3,3,2,6,0,0,1,0,0,0,0,2,1,6,6,1,52,8,1461,2,14,RENAULT KANGOO,7,E01020361,0,-1
2023010472239,2023,010472239,1,19,0,99,99,9,9,99,99,9,9,99,9,99,9,9,2,2,1,37,7,1461,2,5,RENAULT KANGOO,6,E01031085,0,-1
2023430328810,2023,430328810,1,9,0,9,9,7,5,0,0,6,0,0,0,0,1,1,2,2,1,69,10,-1,-1,-1,RENAULT KANGOO,-1,-1,0,-1
2023131331673,2023,131331673,1,19,0,18,19,3,7,0,0,8,5,4,1,0,1,1,6,6,1,24,5,1461,2,19,RENAULT KANGOO,1,E01011476,0,-1
2023991263605,2023,991263605,2,9,0,18,19,2,5,0,0,1,0,0,0,0,3,1,6,6,1,41,7,-1,-1,-1,RENAULT KANGOO,8,-1,0,-1
2023320696031,2023,320696031,1,19,0,18,19,6,2,0,0,0,0,0,1,0,1,1,6,6,1,28,6,1461,2,12,RENAULT KANGOO,6,E01026316,0,-1
2023010446278,2023,010446278,2,9,0,18,19,7,3,0,0,0,0,0,0,0,1,1,2,2,1,43,7,1598,1,19,RENAULT KANGOO,7,E01002679,0,-1
2023071160971,2023,071160971,1,9,0,18,19,1,5,0,0,0,0,0,0,0,1,1,6,6,2,23,5,1451,2,18,RENAULT KANGOO,9,E01007187,0,-1
2023010457072,2023,010457072,2,9,0,99,99,9,9,99,99,9,9,99,9,99,9,9,6,6,3,-1,-1,1598,1,15,RENAULT KANGOO,-1,-1,0,-1
2023430057651,2023,430057651,1,19,0,18,19,4,8,0,0,0,0,0,0,0,4,1,1,1,1,37,7,1461,2,5,RENAULT KANGOO,9,E01028652,0,-1
2023991366619,2023,991366619,1,9,0,9,9,7,5,0,0,8,0,0,0,0,1,1,1,1,1,52,8,-1,-1,-1,RENAULT KANGOO,10,-1,0,-1
2023461373923,2023,461373923,1,9,0,4,4,2,6,0,0,0,0,0,0,0,1,1,6,6,1,43,7,1149,1,16,RENAULT KANGOO,3,E01026717,0,-1
2023552300959,2023,552300959,2,19,0,18,19,3,7,0,0,0,5,0,0,0,3,1,1,1,1,74,10,1461,2,12,RENAULT KANGOO,5,E01015296,0,-1
2023461294196,2023,461294196,1,19,0,4,4,7,3,0,0,1,0,0,0,0,1,1,1,1,1,63,9,1461,2,6,RENAULT KANGOO,4,E01024624,0,-1
2023010455219,2023,010455219,1,19,0,18,19,1,5,0,0,1,0,0,0,0,1,1,6,6,1,34,6,1461,2,14,RENAULT KANGOO,3,E01003391,0,-1
2023302300263,2023,302300263,1,9,0,7,7,6,8,0,0,8,0,0,0,0,1,1,6,6,1,58,9,1598,1,18,RENAULT KANGOO,2,E01013565,0,-1
2023302300890,2023,302300890,2,9,0,9,9,8,6,1,1,1,0,0,0,0,4,1,6,6,1,28,6,-1,-1,-1,RENAULT KANGOO,8,E01013065,0,-1
2023101387659,2023,101387659,1,19,0,18,19,1,5,0,0,1,0,0,7,0,1,1,1,1,1,41,7,1461,2,11,RENAULT KANGOO,2,E01008512,0,-1
2023340WN3242,2023,340WN3242,1,19,0,5,5,5,2,0,0,6,0,0,0,0,3,1,2,2,1,67,10,1461,2,12,RENAULT KANGOO,6,E01027159,0,-1
2023991265115,2023,991265115,1,19,0,7,7,5,7,0,0,2,0,0,0,0,4,1,1,1,1,55,8,1461,2,5,RENAULT KANGOO,7,-1,0,-1
2023991387287,2023,991387287,1,9,0,9,9,6,3,0,0,1,0,0,0,0,1,1,2,2,1,23,5,-1,-1,-1,RENAULT KANGOO,-1,-1,0,-1
2023131340858,2023,131340858,5,19,0,2,2,0,0,6,6,0,0,0,0,0,1,1,6,6,3,-1,-1,1461,2,13,RENAULT KANGOO,-1,-1,0,-1
2023471307170,2023,471307170,1,9,0,5,5,5,1,0,0,8,0,0,0,0,1,1,5,6,2,73,10,1598,1,17,RENAULT KANGOO,9,E01031461,0,-1
2023501297485,2023,501297485,2,19,-1,-1,-1,1,6,-1,-1,-1,-1,-1,-1,0,2,1,6,6,1,54,8,1461,2,13,RENAULT KANGOO,6,E01020244,0,-1
2023010466618,2023,010466618,2,9,0,99,99,9,9,99,99,0,9,99,9,99,9,9,6,6,3,-1,-1,1598,1,16,RENAULT KANGOO,-1,-1,0,-1
2023302301450,2023,302301450,1,9,0,16,19,8,2,0,0,0,0,0,0,0,1,1,6,6,1,77,11,1149,1,17,RENAULT KANGOO,7,E01019711,0,-1
2023411349974,2023,411349974,1,19,0,18,19,5,1,0,0,0,0,0,1,3,1,1,6,6,1,37,7,1598,1,19,RENAULT KANGOO,5,E01002245,0,-1
2023211367940,2023,211367940,1,9,0,18,19,8,4,0,0,0,0,0,0,0,1,1,6,6,1,44,7,-1,-1,-1,RENAULT KANGOO,4,E01014245,0,-1
2023010472416,2023,010472416,2,9,0,2,2,0,0,0,0,2,0,4,0,0,2,1,6,6,3,-1,-1,1149,1,15,RENAULT KANGOO,-1,-1,0,-1
2023201383325,2023,201383325,1,9,0,9,9,6,4,0,0,5,0,0,0,0,1,1,5,6,1,69,10,-1,-1,-1,RENAULT KANGOO,4,E01010006,0,-1
2023501353279,2023,501353279,3,19,0,18,19,7,6,0,0,1,0,0,0,0,1,1,1,1,1,55,8,1461,2,4,RENAULT KANGOO,5,E01015129,0,-1
2023311269878,2023,311269878,1,9,0,18,19,7,3,0,0,0,0,0,0,0,1,1,6,6,2,57,9,1390,1,21,RENAULT KANGOO,-1,-1,0,-1
2023531339983,2023,531339983,1,19,0,9,9,3,7,0,0,5,0,0,0,0,4,1,2,2,1,33,6,1461,2,12,RENAULT KANGOO,1,E01022147,0,-1
2023440418394,2023,440418394,1,19,0,5,5,3,7,0,0,1,0,0,0,0,1,1,6,6,1,34,6,1461,2,5,RENAULT KANGOO,10,E01022587,0,-1
2023430035046,2023,430035046,3,19,0,18,19,3,7,0,0,1,0,0,0,0,1,1,6,6,1,54,8,1461,2,7,RENAULT KANGOO,8,E01028716,0,-1
2023141331135,2023,141331135,2,9,0,4,4,8,4,0,0,3,0,0,0,0,2,1,6,6,1,63,9,1149,1,17,RENAULT KANGOO,7,E01007743,0,-1
2023421327977,2023,421327977,1,19,0,4,4,7,3,0,0,0,0,0,0,0,2,1,2,2,1,47,8,1461,2,13,RENAULT KANGOO,1,E01022027,0,-1
2023471331215,2023,471331215,2,9,0,17,19,1,6,0,0,0,0,0,0,0,1,1,1,1,2,67,10,-1,-1,-1,RENAULT KANGOO,6,E01021629,0,-1
2023340WN1322,2023,340WN1322,2,9,0,3,3,8,4,0,0,1,0,0,0,0,2,1,2,2,2,57,9,1598,1,20,RENAULT KANGOO,10,E01027293,0,-1
2023131332471,2023,131332471,5,9,0,2,2,0,0,0,0,0,0,0,0,0,3,1,6,6,3,-1,-1,1598,1,14,RENAULT SCENIC,-1,-1,0,-1
2023361285691,2023,361285691,2,9,0,2,2,0,0,0,0,0,0,0,0,0,2,1,5,6,2,32,6,1598,1,12,RENAULT SCENIC,1,E01026662,0,-1
2023461333272,2023,461333272,1,9,0,9,9,5,2,0,0,6,0,0,0,0,1,1,6,6,1,76,11,1461,2,10,RENAULT SCENIC,7,E01024252,0,-1
2023520400370,2023,520400370,1,9,0,18,19,2,6,0,0,8,0,0,0,0,4,1,6,6,2,62,9,1390,1,18,RENAULT SCENIC,-1,-1,0,-1
2023161325779,2023,161325779,1,9,0,2,2,0,0,0,0,0,0,0,0,0,3,1,6,6,2,61,9,1461,2,13,RENAULT SCENIC,2,E01013443,0,-1
2023302301406,2023,302301406,1,9,0,18,19,1,5,0,0,8,0,0,0,0,4,1,6,6,1,90,11,1461,2,17,RENAULT SCENIC,6,E01019862,0,-1
2023141347893,2023,141347893,1,9,0,18,19,1,5,0,0,0,0,0,0,0,1,1,5,6,2,35,6,1461,2,14,RENAULT SCENIC,1,E01007737,0,-1
2023440291832,2023,440291832,2,9,0,9,9,8,6,0,0,6,0,0,0,0,0,1,6,6,2,89,11,1598,1,14,RENAULT SCENIC,10,E01022517,0,-1
2023371366786,2023,371366786,1,9,0,-1,-1,-1,-1,-1,-1,0,-1,-1,-1,0,-1,1,5,6,1,76,11,1461,2,9,RENAULT SCENIC,6,E01030240,0,-1
2023302301951,2023,302301951,1,9,0,16,19,6,2,0,0,2,0,4,0,0,1,1,6,6,1,34,6,1598,1,16,RENAULT SCENIC,1,E01013487,0,-1
2023461348770,2023,461348770,1,9,0,18,19,7,3,0,0,1,0,0,0,0,1,1,5,6,2,88,11,1598,1,16,RENAULT SCENIC,3,E01024641,0,-1
2023320290498,2023,320290498,1,9,0,18,19,5,1,0,0,4,0,0,0,0,3,1,6,6,1,34,6,1461,2,16,RENAULT SCENIC,1,E01026149,0,-1
2023221376953,2023,221376953,2,9,0,7,7,5,7,0,0,8,0,0,0,0,3,1,2,2,2,24,5,1461,2,6,RENAULT SCENIC,2,E01032470,0,-1
2023101330310,2023,101330310,1,9,0,18,19,7,3,0,0,1,0,0,0,0,4,1,5,6,1,73,10,1461,2,10,RENAULT SCENIC,10,E01008497,0,-1
2023471337593,2023,471337593,1,9,0,9,9,4,2,0,0,8,0,0,0,0,1,1,5,6,2,64,9,1598,1,15,RENAULT SCENIC,9,E01021231,0,-1
2023520000311,2023,520000311,1,9,0,18,19,4,8,0,0,0,0,0,1,10,1,1,6,6,1,64,9,1461,2,10,RENAULT SCENIC,9,E01014725,0,-1
2023231331697,2023,231331697,1,9,0,9,9,4,2,0,0,6,0,0,0,0,1,1,4,7,1,84,11,1598,1,18,RENAULT SCENIC,10,E01031202,0,-1
2023201388389,2023,201388389,1,9,0,2,2,0,0,0,0,0,0,0,0,0,2,1,6,6,1,53,8,1461,2,13,RENAULT SCENIC,2,E01010048,0,-1
2023041358934,2023,041358934,2,9,0,2,2,7,3,0,0,0,0,0,0,0,4,1,6,6,2,55,8,1598,1,12,RENAULT SCENIC,6,E01025338,0,-1
2023501345726,2023,501345726,1,9,0,18,19,1,5,0,0,1,1,0,0,0,1,1,6,6,1,58,9,1598,1,12,RENAULT SCENIC,2,E01018771,0,-1
2023052302833,2023,052302833,1,9,0,5,5,3,7,0,0,0,0,0,0,0,1,1,6,6,1,56,9,1598,1,17,RENAULT SCENIC,2,E01006545,0,-1
2023070265602,2023,070265602,1,9,0,5,5,8,4,0,0,1,0,0,0,0,1,1,6,6,2,57,9,1461,2,13,RENAULT SCENIC,4,E01018396,0,-1
2023061445144,2023,061445144,1,9,0,18,19,3,7,0,0,8,0,0,0,0,1,1,5,6,1,74,10,1598,1,17,RENAULT SCENIC,8,E01005452,0,-1
2023461389580,2023,461389580,1,9,0,9,9,3,6,0,0,6,0,0,0,0,3,1,2,2,2,59,9,1461,2,12,RENAULT SCENIC,6,E01024236,0,-1
2023041282793,2023,041282793,1,9,0,5,5,1,5,0,0,6,0,0,0,0,4,1,6,6,1,49,8,1461,2,17,RENAULT SCENIC,1,E01025582,0,-1
2023041383976,2023,041383976,7,9,0,2,2,0,0,0,0,2,0,4,0,0,3,1,6,6,3,-1,-1,1461,2,13,RENAULT SCENIC,-1,-1,0,-1
2023010433023,2023,010433023,1,9,0,99,99,9,9,99,99,0,9,99,9,99,1,9,6,6,3,-1,-1,1598,1,13,RENAULT SCENIC,1,E01001426,0,-1
2023010424527,2023,010424527,1,9,0,18,19,1,5,0,0,8,0,0,0,0,1,1,6,6,2,38,7,1598,1,18,RENAULT SCENIC,7,E01002187,0,-1
2023211368699,2023,211368699,2,9,0,18,19,3,7,0,0,1,0,0,0,0,4,1,6,6,1,18,4,1397,1,14,RENAULT SCENIC,4,E01029648,0,-1
2023211373239,2023,211373239,2,9,0,18,19,7,3,0,0,6,0,0,0,0,1,1,6,6,2,36,7,1461,2,12,RENAULT SCENIC,2,E01029824,0,-1
2023332300101,2023,332300101,2,9,0,18,19,4,8,0,0,8,0,0,0,0,1,1,6,6,1,23,5,1598,1,16,RENAULT SCENIC,1,E01015609,0,-1
2023010428869,2023,010428869,4,9,0,2,2,0,0,0,0,1,0,0,0,0,1,1,6,6,3,-1,-1,1598,1,16,RENAULT SCENIC,-1,-1,0,-1
2023520401026,2023,520401026,1,9,0,18,19,7,3,0,0,0,0,0,1,1,1,1,6,6,2,54,8,1461,2,9,RENAULT SCENIC,2,E01018770,0,-1
2023010480528,2023,010480528,2,9,0,9,9,1,7,0,0,6,0,0,0,0,1,1,6,6,1,48,8,1197,1,5,RENAULT SCENIC,9,E01000410,0,-1
2023991360600,2023,991360600,3,9,0,2,2,0,0,0,0,2,0,0,0,0,2,1,6,6,3,-1,-1,1461,2,9,RENAULT SCENIC,-1,-1,0,-1
2023320566576,2023,320566576,2,9,0,18,19,6,2,0,0,0,1,0,6,6,2,1,6,6,1,61,9,1461,2,13,RENAULT SCENIC,6,E01026247,0,-1
2023501333224,2023,501333224,1,9,0,18,19,7,3,0,0,1,0,0,0,0,1,1,5,6,1,77,11,1461,2,9,RENAULT SCENIC,5,E01018768,0,-1
2023010442215,2023,010442215,1,9,9,99,99,9,9,99,99,9,9,99,9,99,9,1,6,6,1,-1,-1,1598,1,15,RENAULT SCENIC,1,E01002089,0,-1
2023131319904,2023,131319904,1,9,0,18,19,1,1,0,0,0,0,0,0,0,1,1,6,6,2,34,6,1598,1,18,RENAULT SCENIC,1,E01011662,0,-1
2023052301649,2023,052301649,2,9,0,9,9,8,6,0,0,8,0,0,0,0,1,1,6,6,2,25,5,1598,7,13,RENAULT SCENIC,1,E01006692,0,-1
2023421292197,2023,421292197,1,9,0,16,19,5,1,0,0,0,0,0,0,0,1,1,6,6,1,23,5,1598,1,17,RENAULT SCENIC,-1,-1,0,-1
2023320789805,2023,320789805,2,9,0,2,2,0,0,0,0,0,0,4,0,0,2,1,6,6,3,-1,-1,1390,1,19,RENAULT SCENIC,-1,-1,0,-1
2023010457931,2023,010457931,1,9,0,18,19,1,5,0,0,1,5,4,0,0,1,1,6,6,1,69,10,1598,1,13,RENAULT SCENIC,7,E01000258,0,-1
2023101387014,2023,101387014,1,9,0,18,19,2,6,0,0,0,0,4,0,0,1,1,5,6,2,24,5,1461,2,9,RENAULT SCENIC,2,E01008430,0,-1
2023161379735,2023,161379735,2,9,0,9,9,2,8,0,0,1,0,0,0,0,3,1,6,6,3,-1,-1,1461,2,12,RENAULT SCENIC,-1,-1,0,-1
2023131306085,2023,131306085,2,9,0,4,4,5,1,0,0,8,0,0,0,0,2,2,5,6,2,59,9,1461,2,10,RENAULT SCENIC,3,E01011779,0,-1
2023201453267,2023,201453267,1,9,0,5,5,5,1,0,0,1,0,0,0,0,1,1,2,2,2,44,7,1461,2,11,RENAULT SCENIC,5,E01009561,0,-1
2023991355807,2023,991355807,2,9,0,18,19,2,6,0,0,0,0,0,1,0,1,1,5,6,1,72,10,1461,2,8,RENAULT SCENIC,4,-1,0,-1
2023201285296,2023,201285296,2,9,0,18,19,5,1,0,0,1,0,0,0,0,3,1,5,6,1,68,10,1598,1,16,RENAULT SCENIC,7,E01009645,0,-1
2023320366940,2023,320366940,2,9,0,18,19,8,4,0,0,8,1,0,0,0,4,1,6,6,1,73,10,1461,2,9,RENAULT SCENIC,10,E01026324,0,-1
2023320598295,2023,320598295,2,9,0,18,19,5,1,0,0,0,0,0,0,0,1,1,6,6,1,32,6,1461,2,9,RENAULT SCENIC,3,E01026036,0,-1
2023052302727,2023,052302727,1,9,0,18,19,8,4,0,0,0,0,0,0,0,1,1,6,6,2,84,11,1598,1,11,RENAULT SCENIC,6,E01007194,0,-1
2023501382520,2023,501382520,1,9,0,5,5,4,7,0,0,0,0,2,0,0,4,1,6,6,1,90,11,1598,1,15,RENAULT SCENIC,4,E01029328,0,-1
2023010447677,2023,010447677,1,9,0,17,19,1,5,0,0,0,0,0,0,0,1,1,2,2,2,55,8,1598,1,19,RENAULT SCENIC,4,E01003441,0,-1
2023471378832,2023,471378832,2,9,0,18,19,1,5,0,0,8,0,0,0,0,3,1,1,1,1,37,7,1461,2,13,RENAULT SCENIC,6,E01031676,0,-1
2023041322319,2023,041322319,2,9,0,2,2,0,0,9,9,0,0,4,0,0,3,2,6,6,3,-1,-1,1598,1,12,RENAULT SCENIC,-1,-1,0,-1
2023622300316,2023,622300316,3,9,0,2,2,0,0,0,0,1,0,0,0,0,3,1,6,6,3,-1,-1,1598,1,13,RENAULT SCENIC,-1,-1,0,-1
2023320371852,2023,320371852,6,9,0,18,19,8,4,0,0,1,0,0,0,0,0,2,2,2,2,42,7,1461,2,12,RENAULT SCENIC,7,E01026397,0,-1
2023451268732,2023,451268732,2,9,0,18,19,2,6,0,0,1,0,0,0,0,1,1,6,6,1,43,7,1598,1,15,RENAULT SCENIC,6,E01030311,0,-1
2023340NN1992,2023,340NN1992,2,9,0,17,19,5,1,0,0,0,0,0,0,0,3,1,2,2,1,59,9,1598,1,15,RENAULT SCENIC,9,E01013806,0,-1
2023361375343,2023,361375343,1,9,0,18,19,6,2,0,0,0,0,0,0,0,1,1,6,6,2,55,8,1461,2,12,RENAULT SCENIC,4,E01026466,0,-1
2023471368666,2023,471368666,2,9,0,9,9,4,1,0,0,8,0,0,0,0,2,1,2,2,2,37,7,1598,1,11,RENAULT SCENIC,9,E01021167,0,-1
2023131272379,2023,131272379,1,9,0,9,9,5,1,0,0,5,0,0,7,0,1,1,6,6,2,33,6,1461,2,14,RENAULT SCENIC,3,E01010794,0,-1
2023631361779,2023,631361779,2,9,0,18,19,1,5,0,0,0,0,0,0,0,4,1,5,6,1,30,6,1461,2,12,RENAULT SCENIC,8,W01000439,0,-1
2023010462946,2023,010462946,2,9,0,99,99,9,9,99,99,9,9,99,9,99,9,9,6,6,3,-1,-1,1330,1,4,RENAULT SCENIC,-1,-1,0,-1
2023991381586,2023,991381586,1,9,0,18,19,4,8,0,0,0,0,0,2,7,4,1,6,6,1,42,7,1598,1,18,RENAULT SCENIC,3,E01011897,0,-1
2023201289709,2023,201289709,2,9,0,5,5,8,8,0,0,1,0,0,0,0,3,1,5,6,2,30,6,1461,2,10,RENAULT SCENIC,3,E01010538,0,-1
2023361386516,2023,361386516,3,9,0,18,19,6,8,0,0,0,0,1,7,0,1,1,2,2,1,56,9,1461,2,11,RENAULT SCENIC,2,E01026700,0,-1
2023052301737,2023,052301737,2,9,0,2,2,0,0,0,0,0,0,0,0,0,2,1,6,6,3,-1,-1,1461,2,9,RENAULT SCENIC,-1,-1,0,-1
2023161350176,2023,161350176,1,9,0,9,9,7,3,0,0,1,0,0,0,0,3,1,6,6,1,45,7,1461,2,16,RENAULT SCENIC,1,E01012874,0,-1
2023141367477,2023,141367477,3,9,0,2,2,0,0,0,0,8,0,0,0,0,3,1,6,6,3,-1,-1,1461,2,12,RENAULT SCENIC,-1,-1,0,-1
2023451331687,2023,451331687,2,9,0,9,9,5,1,0,0,1,0,0,0,0,3,1,2,2,2,27,6,1598,1,13,RENAULT SCENIC,-1,-1,0,-1
2023320557671,2023,320557671,2,9,0,2,2,0,0,0,0,2,0,0,0,0,3,1,6,6,3,-1,-1,1461,2,9,RENAULT SCENIC,-1,-1,0,-1
2023061392285,2023,061392285,1,9,0,18,19,4,8,0,0,7,0,0,0,0,1,1,5,6,1,61,9,1995,2,16,RENAULT SCENIC,2,E01005263,0,-1
2023461386593,2023,461386593,1,9,0,9,9,8,6,0,0,0,0,0,0,0,3,1,6,6,2,55,8,1461,2,13,RENAULT SCENIC,6,E01024238,0,-1
2023401322892,2023,401322892,1,9,0,18,19,5,1,0,0,0,0,0,0,0,1,1,6,6,2,-1,-1,1997,1,13,RENAULT SCENIC,6,E01023431,0,-1
2023522400714,2023,522400714,2,9,0,18,19,1,5,0,0,8,0,0,0,0,3,1,6,6,1,82,11,1461,2,10,RENAULT SCENIC,7,E01014860,0,-1
2023421384847,2023,421384847,2,9,0,18,19,7,3,0,0,0,0,0,1,0,1,1,6,6,1,29,6,1598,1,16,RENAULT SCENIC,3,E01021860,0,-1
2023461274136,2023,461274136,1,9,-1,-1,-1,-1,-1,-1,-1,-1,-1,-1,-1,0,2,1,6,6,1,73,10,1598,2,11,RENAULT SCENIC,7,E01024691,0,-1
2023010440610,2023,010440610,1,9,0,99,99,9,9,99,99,9,9,99,9,99,2,9,6,6,2,41,7,1598,1,16,RENAULT SCENIC,3,E01000054,0,-1
2023010424890,2023,010424890,2,9,0,9,9,5,3,0,0,1,0,0,0,0,4,1,6,6,1,69,10,1598,1,17,RENAULT SCENIC,1,E01001358,0,-1
2023991373182,2023,991373182,1,9,0,18,19,2,6,0,0,0,1,0,0,0,1,1,6,6,2,73,10,1461,2,13,RENAULT SCENIC,-1,-1,0,-1
2023010466164,2023,010466164,2,9,0,99,99,9,9,99,99,0,9,99,9,99,9,9,6,6,3,-1,-1,1598,1,18,RENAULT SCENIC,-1,-1,0,-1
2023010477176,2023,010477176,1,9,0,99,99,9,9,99,99,9,9,99,9,99,9,9,2,2,1,38,7,1598,1,13,RENAULT SCENIC,5,E01023537,0,-1
2023541618023,2023,541618023,1,9,0,7,7,5,1,0,0,3,0,0,0,0,3,1,6,6,2,40,7,1598,1,19,RENAULT SCENIC,-1,-1,0,-1
2023311307572,2023,311307572,1,9,0,18,19,7,1,0,0,1,0,0,0,0,3,1,5,6,2,79,11,1461,2,16,RENAULT SCENIC,9,E01028151,0,-1
2023221399813,2023,221399813,1,9,0,13,13,4,8,0,0,0,0,0,0,0,1,1,5,6,1,79,11,1598,1,16,RENAULT SCENIC,2,E01009747,0,-1
2023010436127,2023,010436127,2,9,0,18,19,1,5,0,0,8,0,4,0,0,2,1,6,6,3,-1,-1,1598,1,16,RENAULT SCENIC,3,E01001000,0,-1
2023170S11373,2023,170S11373,1,9,0,9,9,2,8,0,0,8,0,0,0,0,3,1,6,6,1,56,9,1461,2,14,RENAULT SCENIC,5,E01012295,0,-1
2023231294265,2023,231294265,3,9,0,18,19,4,8,0,0,0,1,0,0,0,2,1,5,6,2,27,6,1390,1,15,RENAULT SCENIC,5,E01031078,0,-1
2023332300819,2023,332300819,2,9,0,18,19,2,6,0,0,0,0,0,0,0,1,1,6,6,1,72,10,1461,2,8,RENAULT SCENIC,6,E01032480,0,-1
2023320288753,2023,320288753,3,9,0,18,19,2,6,0,0,0,0,0,0,0,0,1,6,6,1,63,9,1461,2,13,RENAULT SCENIC,7,E01026556,0,-1
2023451267745,2023,451267745,2,9,0,18,19,1,5,0,0,1,0,0,0,0,1,1,6,6,1,60,9,1461,2,13,RENAULT SCENIC,-1,-1,0,-1
2023440046679,2023,440046679,2,9,0,18,19,6,1,0,0,1,0,0,0,0,1,1,6,6,1,42,7,1461,2,6,RENAULT SCENIC,6,E01032844,0,-1