collision_index,collision_year,collision_ref_no,vehicle_reference,vehicle_type,towing_and_articulation,vehicle_manoeuvre_historic,vehicle_manoeuvre,vehicle_direction_from,vehicle_direction_to,vehicle_location_restricted_lane_historic,vehicle_location_restricted_lane,junction_location,skidding_and_overturning,hit_object_in_carriageway,vehicle_leaving_carriageway,hit_object_off_carriageway,first_point_of_impact,vehicle_left_hand_drive,journey_purpose_of_driver_historic,journey_purpose_of_driver,sex_of_driver,age_of_driver,age_band_of_driver,engine_capacity_cc,propulsion_code,age_of_vehicle,generic_make_model,driver_imd_decile,lsoa_of_driver,escooter_flag,driver_distance_banding
2023371377949,2023,371377949,2,9,0,18,19,4,8,0,0,0,0,0,0,0,3,1,5,6,1,52,8,1461,2,9,RENAULT SCENIC,10,E01030181,0,-1
2023052300543,2023,052300543,2,9,0,4,4,1,5,0,0,1,0,0,0,0,2,1,6,6,2,34,6,1461,2,13,RENAULT SCENIC,2,E01007139,0,-1
2023131322950,2023,131322950,2,9,0,18,19,7,3,0,0,1,0,0,0,0,4,1,5,6,3,55,8,1461,2,13,RENAULT SCENIC,1,E01011361,0,-1
2023131383289,2023,131383289,2,9,0,18,19,3,7,0,0,0,0,0,0,0,4,1,5,6,2,60,9,1598,1,18,RENAULT SCENIC,4,E01011839,0,-1
2023010480876,2023,010480876,1,9,0,4,4,6,2,0,0,1,0,0,0,0,2,1,6,6,1,72,10,1598,1,13,RENAULT SCENIC,4,E01002681,0,-1
2023231348875,2023,231348875,4,9,0,17,19,4,1,0,0,8,0,0,0,0,3,1,1,1,1,33,6,1598,1,12,RENAULT SCENIC,-1,-1,0,-1
2023041320078,2023,041320078,2,9,0,18,19,6,6,0,0,1,0,0,0,0,2,1,6,6,2,42,7,1598,1,17,RENAULT SCENIC,5,E01025239,0,-1
2023351358506,2023,351358506,1,9,0,18,19,2,6,0,0,1,0,0,0,0,1,1,5,6,2,66,10,1598,1,13,RENAULT SCENIC,3,E01015619,0,-1
2023221301079,2023,221301079,2,9,0,18,19,6,2,0,0,0,0,0,0,0,1,1,6,6,2,48,8,1598,1,16,RENAULT SCENIC,5,E01014014,0,-1
2023161364460,2023,161364460,1,9,0,7,7,8,2,0,0,8,0,0,0,0,1,1,5,6,1,65,9,1598,1,17,RENAULT SCENIC,7,E01013011,0,-1
2023052302539,2023,052302539,2,9,0,18,19,1,5,0,0,1,0,0,0,0,4,1,6,6,2,69,10,1598,1,10,RENAULT SCENIC,4,E01006982,0,-1
2023101412549,2023,101412549,1,9,0,18,19,2,6,0,0,0,0,0,0,0,1,1,6,6,2,62,9,1598,1,17,RENAULT SCENIC,3,E01008576,0,-1
202360A143247,2023,60A143247,1,9,0,18,19,1,5,0,0,0,0,0,0,0,4,1,6,6,1,54,8,1461,2,20,RENAULT SCENIC,-1,-1,0,-1
2023131388798,2023,131388798,1,9,0,18,19,5,1,0,0,0,0,0,1,2,1,1,2,2,1,39,7,1598,1,15,RENAULT SCENIC,9,E01011565,0,-1
2023522301130,2023,522301130,1,9,0,18,19,8,3,0,0,2,0,0,0,0,1,1,6,6,1,48,8,1598,1,18,RENAULT SCENIC,-1,-1,0,-1
2023052300019,2023,052300019,2,9,0,17,19,5,1,0,0,0,0,0,0,0,1,1,6,6,1,64,9,1598,1,12,RENAULT SCENIC,1,E01006463,0,-1
2023552301430,2023,552301430,1,9,0,4,4,2,6,0,0,1,0,0,0,0,2,1,2,2,1,34,6,1998,1,17,RENAULT SCENIC,6,E01020397,0,-1
2023991327259,2023,991327259,1,9,0,17,19,6,2,0,0,0,0,0,0,0,3,1,5,6,1,60,9,1598,2,11,RENAULT SCENIC,-1,-1,0,-1
2023501338987,2023,501338987,3,9,0,4,4,8,4,0,0,0,0,0,0,0,1,1,5,6,1,68,10,2290,1,24,-1,4,E01018988,0,-1
2023340WN2352,2023,340WN2352,2,9,0,18,19,1,5,0,0,1,1,0,0,0,1,1,2,2,1,32,6,1289,1,24,-1,10,E01027266,0,-1
2023221273856,2023,221273856,1,9,0,17,19,8,5,0,0,0,1,0,7,10,3,1,5,6,1,53,8,1289,1,24,-1,6,W01001930,0,-1
2023471351850,2023,471351850,1,9,0,18,19,4,8,0,0,0,0,0,0,0,1,1,2,2,2,19,4,1289,1,26,-1,6,E01031419,0,-1
2023501268476,2023,501268476,1,9,0,7,7,5,4,9,9,2,0,10,3,11,1,1,2,2,2,34,6,698,1,17,SMART CITY,7,E01015203,0,-1
2023461295218,2023,461295218,2,9,0,18,19,1,5,0,0,8,0,0,0,0,3,1,6,6,1,72,10,698,1,18,SMART CITY,10,E01024323,0,-1
2023221298024,2023,221298024,1,9,0,18,19,2,6,0,0,8,0,0,0,0,1,1,1,1,2,37,7,698,1,18,SMART CITY,4,E01028944,0,-1
2023010463949,2023,010463949,2,9,0,9,9,7,5,0,0,6,0,0,0,0,1,1,1,1,2,23,5,698,1,20,SMART CITY,1,E01001013,0,-1
2023010485406,2023,010485406,1,9,0,4,4,7,3,0,0,7,0,0,0,0,2,1,2,2,2,45,7,698,1,19,SMART CITY,2,E01001785,0,-1
2023421384341,2023,421384341,2,9,0,18,19,3,7,0,0,1,0,0,0,0,1,1,5,6,1,34,6,698,1,17,SMART CITY,7,E01021463,0,-1
2023501392716,2023,501392716,2,9,0,18,19,1,4,0,0,8,0,0,0,0,1,1,5,6,2,56,9,698,1,20,SMART CITY,6,E01020142,0,-1
2023421334736,2023,421334736,1,9,0,18,19,1,5,0,0,0,0,4,0,0,1,1,5,6,2,61,9,698,1,17,SMART CITY,8,E01021411,0,-1
2023371303250,2023,371303250,1,9,0,18,19,1,5,0,0,0,0,0,0,0,4,1,5,6,2,81,11,698,1,18,SMART CITY,9,E01030116,0,-1
2023461358331,2023,461358331,4,9,0,2,2,0,0,0,0,8,0,0,0,0,2,1,6,6,1,-1,-1,698,1,17,SMART CITY,-1,-1,0,-1
2023531380558,2023,531380558,2,9,0,18,19,4,8,0,0,1,0,0,0,0,2,1,2,2,2,65,9,698,1,19,SMART CITY,7,E01022206,0,-1
2023221312769,2023,221312769,1,9,0,4,4,1,5,0,0,0,0,0,0,0,2,1,1,1,1,26,6,698,1,20,SMART CITY,7,E01014075,0,-1
2023340NN0392,2023,340NN0392,2,9,0,18,19,3,7,0,0,1,0,0,0,0,1,1,6,6,2,54,8,698,1,17,SMART CITY,10,E01026955,0,-1
2023421312043,2023,421312043,2,9,0,18,19,6,2,0,0,1,0,0,0,0,1,1,6,6,1,56,9,698,1,19,SMART CITY,6,E01021502,0,-1
2023010432613,2023,010432613,2,9,0,12,12,5,1,0,0,1,0,0,0,0,1,1,6,6,1,48,8,698,1,16,SMART CITY,1,E01001559,0,-1
2023421276934,2023,421276934,1,9,0,18,19,2,5,0,0,1,0,0,0,0,1,1,6,6,2,-1,-1,698,1,18,SMART CITY,10,E01022085,0,-1
2023010431151,2023,010431151,2,9,9,18,19,1,5,0,0,9,0,99,9,99,4,9,6,6,3,-1,-1,698,1,17,SMART CITY,-1,-1,0,-1
2023010481010,2023,010481010,15,9,0,2,2,0,0,0,0,0,0,0,0,0,3,1,6,6,3,-1,-1,698,1,16,SMART CITY,-1,-1,0,-1
2023461284149,2023,461284149,1,9,0,7,7,7,3,0,0,1,0,0,0,0,1,1,5,6,2,34,6,698,1,19,SMART CITY,1,E01024278,0,-1
2023411396326,2023,411396326,2,9,0,4,4,6,2,0,0,1,0,0,0,0,1,1,6,6,2,26,6,698,1,19,SMART CITY,8,E01023470,0,-1
2023010482561,2023,010482561,2,9,9,99,99,9,9,99,99,9,9,99,9,99,1,9,6,6,3,47,8,698,1,20,SMART CITY,8,E01000874,0,-1
2023522400219,2023,522400219,2,9,0,9,9,3,1,0,0,6,0,0,0,0,1,1,6,6,3,-1,-1,698,1,16,SMART CITY,-1,-1,0,-1
2023461386894,2023,461386894,3,9,0,18,19,7,3,0,0,0,0,0,0,0,1,2,5,6,1,80,11,2231,2,10,VAUXHALL ANTARA,1,E01024610,0,-1
2023111267873,2023,111267873,2,9,0,18,19,4,8,0,0,8,1,0,1,2,1,1,2,2,2,46,8,2231,2,10,VAUXHALL ANTARA,2,E01020618,0,-1
2023471377794,2023,471377794,3,9,0,14,14,4,8,0,0,0,0,0,0,0,0,1,2,2,1,37,7,2231,2,11,VAUXHALL ANTARA,5,E01024640,0,-1
2023610037723,2023,610037723,1,9,0,18,19,2,6,0,0,0,0,0,0,0,1,1,6,6,1,51,8,2231,2,10,VAUXHALL ANTARA,7,W01001354,0,-1
2023351287538,2023,351287538,1,9,0,14,14,-1,-1,0,0,0,0,0,0,0,1,1,6,6,2,37,7,2231,2,10,VAUXHALL ANTARA,-1,-1,0,-1
2023311358437,2023,311358437,2,9,0,15,15,3,7,0,0,0,0,4,0,0,1,1,6,6,2,35,6,2231,2,11,VAUXHALL ANTARA,5,E01028243,0,-1
2023320435846,2023,320435846,1,9,0,7,7,8,6,0,0,8,5,0,0,0,3,1,6,6,1,74,10,2231,2,9,VAUXHALL ANTARA,2,E01009656,0,-1
2023010469002,2023,010469002,2,9,9,99,99,9,9,99,99,0,9,99,9,99,9,9,6,6,1,65,9,2231,2,10,VAUXHALL ANTARA,8,E01002148,0,-1
2023231286404,2023,231286404,2,9,0,11,11,3,8,0,0,0,1,0,4,4,3,1,6,6,1,42,7,2231,2,12,VAUXHALL ANTARA,2,E01002637,0,-1
202363C008023,2023,63C008023,1,9,0,18,19,5,1,0,0,8,0,0,3,11,1,1,6,6,1,84,11,2231,2,11,VAUXHALL ANTARA,6,W01000595,0,-1
2023340NN3502,2023,340NN3502,1,9,0,15,15,8,4,0,0,0,0,0,0,0,3,1,6,6,1,-1,-1,2231,2,11,VAUXHALL ANTARA,-1,-1,0,-1
2023010443150,2023,010443150,1,9,0,10,10,7,4,0,0,6,0,0,0,0,3,1,6,6,2,58,9,2231,2,10,VAUXHALL ANTARA,7,E01000391,0,-1
2023471393185,2023,471393185,1,9,0,18,19,6,2,0,0,0,0,0,0,0,1,1,5,6,1,87,11,2231,2,9,VAUXHALL ANTARA,9,E01031662,0,-1
2023201296070,2023,201296070,1,9,0,9,9,6,4,0,0,6,0,4,0,0,3,1,6,6,3,-1,-1,2231,2,9,VAUXHALL ANTARA,-1,-1,0,-1
2023311322857,2023,311322857,1,9,0,9,9,1,7,0,0,2,0,0,0,0,1,1,6,6,1,58,9,2231,2,10,VAUXHALL ANTARA,3,E01028257,0,-1
2023991296729,2023,991296729,1,9,0,18,19,5,1,0,0,0,0,0,7,0,1,1,5,6,2,59,9,2231,2,11,VAUXHALL ANTARA,6,-1,0,-1
2023052300342,2023,052300342,2,9,0,4,4,3,7,0,0,1,0,0,0,0,4,1,6,6,1,55,8,2231,2,7,VAUXHALL ANTARA,1,E01007006,0,-1
2023531311317,2023,531311317,2,9,0,5,5,5,3,0,0,0,0,0,0,0,1,1,5,6,2,60,9,2231,2,11,VAUXHALL ANTARA,4,E01022161,0,-1
2023141287506,2023,141287506,1,9,0,18,19,1,5,0,0,0,0,0,0,0,1,1,5,6,2,37,7,2231,2,11,VAUXHALL ANTARA,1,E01007370,0,-1
2023041372683,2023,041372683,1,9,0,2,2,0,0,0,0,0,0,0,0,0,1,1,2,2,2,56,9,2231,2,9,VAUXHALL ANTARA,9,E01012598,0,-1
2023991317398,2023,991317398,1,9,0,5,5,3,7,0,0,0,0,0,0,0,1,1,6,6,3,40,7,2231,2,10,VAUXHALL ANTARA,-1,-1,0,-1
2023122300853,2023,122300853,1,9,0,1,1,1,5,0,0,1,0,0,0,0,2,1,6,6,2,38,7,2231,2,11,VAUXHALL ANTARA,5,E01013446,0,-1
2023131308737,2023,131308737,1,9,0,2,2,0,0,0,0,0,0,0,0,0,3,1,5,6,2,51,8,2231,2,10,VAUXHALL ANTARA,9,E01011887,0,-1
2023501393806,2023,501393806,1,9,0,18,19,5,8,0,0,8,0,0,0,0,4,1,6,6,1,33,6,2231,2,11,VAUXHALL ANTARA,4,E01020140,0,-1
2023141319770,2023,141319770,1,9,0,2,2,0,0,0,0,0,0,0,0,0,4,1,6,6,3,-1,-1,2231,2,8,VAUXHALL ANTARA,-1,-1,0,-1
2023991320490,2023,991320490,1,9,0,7,7,4,6,2,2,2,0,0,0,0,1,1,2,2,1,52,8,2231,2,10,VAUXHALL ANTARA,4,-1,0,-1
2023141275176,2023,141275176,2,9,0,18,19,1,5,0,0,0,0,0,0,0,1,1,5,6,2,35,6,2231,2,11,VAUXHALL ANTARA,4,E01007434,0,-1
2023991265990,2023,991265990,3,9,0,4,4,6,2,0,0,1,0,0,0,0,2,1,5,6,1,56,9,2231,2,11,VAUXHALL ANTARA,3,-1,0,-1
2023531292199,2023,531292199,3,9,0,8,8,1,5,0,0,8,0,0,0,0,3,1,5,6,2,40,7,2231,2,11,VAUXHALL ANTARA,5,E01032414,0,-1
2023302300419,2023,302300419,1,9,0,9,9,3,2,0,0,3,0,0,0,0,4,1,6,6,1,28,6,2231,2,11,VAUXHALL ANTARA,3,E01019577,0,-1
2023231363865,2023,231363865,2,9,3,18,19,6,2,0,0,8,0,0,7,11,4,1,1,1,2,44,7,2231,2,8,VAUXHALL ANTARA,9,E01026587,0,-1
2023041352924,2023,041352924,1,9,0,18,19,-1,-1,0,0,0,0,0,0,0,4,1,6,6,3,-1,-1,2231,2,10,VAUXHALL ANTARA,-1,-1,0,-1
2023471267573,2023,471267573,1,9,0,9,9,8,6,0,0,0,0,0,0,0,1,1,5,6,1,60,9,2231,2,10,VAUXHALL ANTARA,2,E01020929,0,-1
2023547786323,2023,547786323,1,9,0,18,19,6,2,0,0,1,0,0,0,0,1,1,2,2,1,47,8,2231,2,10,VAUXHALL ANTARA,8,E01015552,0,-1
2023531340230,2023,531340230,2,9,0,9,9,3,7,0,0,5,0,0,0,0,3,1,2,2,1,41,7,2231,2,9,VAUXHALL ANTARA,6,E01028717,0,-1
2023411362415,2023,411362415,1,9,0,18,19,-1,-1,0,0,0,0,0,0,0,1,1,6,6,3,-1,-1,2231,2,10,VAUXHALL ANTARA,-1,-1,0,-1
2023430492264,2023,430492264,2,9,0,17,19,3,8,0,0,0,0,0,0,0,1,1,1,1,1,36,7,2231,2,12,VAUXHALL ANTARA,4,E01017904,0,-1
2023320148208,2023,320148208,3,9,0,18,19,6,2,0,0,0,0,0,0,0,2,1,6,6,1,55,8,2231,2,11,VAUXHALL ANTARA,10,E01017939,0,-1
2023430006321,2023,430006321,4,9,0,3,3,8,4,0,0,1,0,0,0,0,2,1,6,6,1,47,8,2231,2,8,VAUXHALL ANTARA,-1,-1,0,-1
2023610004723,2023,610004723,2,9,0,1,1,8,4,0,0,0,0,0,0,0,2,1,3,7,1,34,6,2231,2,11,VAUXHALL ANTARA,6,W01001369,0,-1
2023141324237,2023,141324237,1,9,0,7,7,3,7,0,0,1,0,0,0,0,4,1,5,6,1,77,11,2231,2,10,VAUXHALL ANTARA,4,E01007852,0,-1
2023552300537,2023,552300537,3,9,0,18,19,7,3,0,0,0,0,0,0,0,1,1,6,6,2,33,6,2231,2,10,VAUXHALL ANTARA,6,E01023023,0,-1
2023622300471,2023,622300471,2,9,0,4,4,8,4,0,0,0,0,0,0,0,2,1,6,6,1,43,7,1991,2,14,VAUXHALL ANTARA,3,W01001816,0,-1
2023052300611,2023,052300611,1,9,0,18,19,6,2,0,0,0,0,0,0,0,1,1,6,6,1,44,7,2231,2,11,VAUXHALL ANTARA,7,E01007222,0,-1
2023411356080,2023,411356080,1,9,0,18,19,-1,-1,0,0,0,0,0,0,0,1,1,6,6,2,39,7,2231,2,8,VAUXHALL ANTARA,5,E01023427,0,-1
2023131293678,2023,131293678,2,9,0,18,19,5,1,0,0,4,0,0,0,0,2,1,5,6,2,31,6,2231,2,11,VAUXHALL ANTARA,7,E01011767,0,-1
2023221287337,2023,221287337,2,9,0,18,19,8,4,0,0,1,0,0,0,0,1,1,3,7,2,31,6,2231,2,11,VAUXHALL ANTARA,2,E01028962,0,-1
2023320574142,2023,320574142,1,9,0,5,5,6,4,0,0,0,0,0,0,0,3,1,6,6,1,33,6,2231,2,11,VAUXHALL ANTARA,-1,-1,0,-1
2023031369515,2023,031369515,2,9,0,18,19,3,6,0,0,8,0,0,7,0,1,1,5,6,1,69,10,2231,2,11,VAUXHALL ANTARA,6,E01019133,0,-1
2023471322883,2023,471322883,2,9,0,18,19,2,6,0,0,8,0,0,0,0,4,1,6,6,1,22,5,2231,2,11,VAUXHALL ANTARA,10,E01031619,0,-1
202360A185365,2023,60A185365,1,9,0,18,19,2,6,0,0,0,0,0,0,0,1,1,2,2,1,38,7,2231,2,9,VAUXHALL ANTARA,-1,-1,0,-1
2023311354340,2023,311354340,1,9,0,18,19,1,5,0,0,1,0,0,0,0,1,1,6,6,2,59,9,1991,2,14,VAUXHALL ANTARA,8,E01028182,0,-1
2023440061900,2023,440061900,3,9,0,4,4,1,5,0,0,1,0,0,0,0,2,1,6,6,1,-1,-1,2384,1,12,VAUXHALL ANTARA,3,E01001488,0,-1
2023141269376,2023,141269376,1,9,0,3,3,7,3,0,0,0,0,0,0,0,2,1,6,6,1,47,8,2231,2,10,VAUXHALL ANTARA,7,E01007553,0,-1
2023201311295,2023,201311295,1,9,0,7,7,7,1,0,0,1,0,0,0,0,1,1,6,6,2,40,7,2231,2,11,VAUXHALL ANTARA,2,E01010314,0,-1
2023041352162,2023,041352162,1,9,0,18,19,3,7,0,0,0,0,4,0,0,1,1,5,6,2,72,10,2231,2,7,VAUXHALL ANTARA,7,E01025123,0,-1
2023421361814,2023,421361814,1,9,0,7,7,3,5,0,0,8,0,0,0,0,1,1,5,6,1,54,8,2231,2,12,VAUXHALL ANTARA,3,E01015935,0,-1
2023131380807,2023,131380807,2,9,0,18,19,1,4,0,0,1,0,0,0,0,1,1,5,6,2,32,6,2231,2,9,VAUXHALL ANTARA,-1,-1,0,-1
2023991392170,2023,991392170,1,9,0,17,19,2,6,0,0,0,0,0,2,2,1,1,6,6,1,36,7,2231,2,10,VAUXHALL ANTARA,5,-1,0,-1
2023311332558,2023,311332558,3,9,0,2,2,0,0,0,0,1,0,0,0,0,3,1,6,6,3,-1,-1,1991,2,16,VAUXHALL ANTARA,-1,-1,0,-1
2023622300893,2023,622300893,2,9,0,18,19,6,2,0,0,0,0,0,0,0,2,1,3,7,2,37,7,2231,2,12,VAUXHALL ANTARA,5,W01000505,0,-1
2023461338807,2023,461338807,3,9,0,2,2,0,0,0,0,1,0,0,0,0,2,1,6,6,1,-1,-1,2231,2,11,VAUXHALL ANTARA,5,E01024595,0,-1
2023161367662,2023,161367662,1,9,0,5,5,3,7,0,0,8,0,0,0,0,1,1,5,6,2,73,10,2231,2,10,VAUXHALL ANTARA,3,E01013184,0,-1
2023991312201,2023,991312201,1,9,0,16,19,5,1,0,0,0,5,0,1,0,4,1,5,6,1,72,10,2231,2,10,VAUXHALL ANTARA,9,-1,0,-1
2023141262816,2023,141262816,1,9,0,2,2,0,0,0,0,2,0,0,0,0,3,1,6,6,2,34,6,2231,2,10,VAUXHALL ANTARA,2,E01007804,0,-1
2023201450843,2023,201450843,1,9,0,18,19,8,4,0,0,1,0,0,0,0,1,1,6,6,3,39,7,2231,2,10,VAUXHALL ANTARA,7,E01009805,0,-1
2023061328447,2023,061328447,1,9,0,9,9,8,6,0,0,1,0,0,0,0,1,1,6,6,3,-1,-1,2231,2,9,VAUXHALL ANTARA,-1,-1,0,-1
2023131281980,2023,131281980,1,11,0,9,9,1,3,9,9,2,1,10,0,0,1,1,1,1,1,63,9,6700,2,11,-1,2,E01011121,0,-1
2023430261405,2023,430261405,1,11,0,5,5,3,7,0,0,0,0,0,0,0,1,1,1,1,1,-1,-1,6700,2,9,-1,-1,-1,0,-1
2023211362883,2023,211362883,2,9,0,9,9,4,8,0,0,0,0,0,0,0,4,1,5,6,1,82,11,1870,2,19,-1,7,E01029395,0,-1
2023991296411,2023,991296411,1,5,0,4,4,7,3,0,0,1,2,0,0,0,4,1,5,6,1,25,5,649,1,20,YAMAHA XVS,10,-1,0,-1
2023211318532,2023,211318532,2,5,-1,-1,-1,-1,-1,-1,-1,0,-1,-1,-1,0,-1,1,5,6,1,20,4,649,1,20,YAMAHA XVS,-1,-1,0,-1
2023520300076,2023,520300076,1,4,0,13,13,9,9,0,0,0,0,0,0,0,1,9,6,6,1,46,8,942,1,9,-1,2,E01029237,0,-1
2023320521566,2023,320521566,1,5,0,16,19,4,8,0,0,0,2,0,7,0,1,1,6,6,1,72,10,1300,1,10,YAMAHA XVS,6,E01026047,0,-1
2023052300136,2023,052300136,2,5,0,18,19,1,5,0,0,1,0,0,0,0,1,1,6,6,1,26,6,649,1,25,YAMAHA XVS,4,E01007206,0,-1
2023010447816,2023,010447816,1,5,0,99,99,9,9,99,99,9,9,99,9,99,2,1,6,6,1,21,5,649,1,20,YAMAHA XVS,5,E01000360,0,-1
2023552301124,2023,552301124,2,5,0,18,19,3,8,0,0,8,0,0,0,0,1,1,6,6,1,53,8,1300,1,9,YAMAHA XVS,9,E01020001,0,-1
2023010455470,2023,010455470,2,5,0,18,19,5,1,0,0,1,2,0,0,0,1,1,6,6,1,44,7,942,1,12,YAMAHA XVS,-1,-1,0,-1
2023302300966,2023,302300966,2,4,0,13,13,5,1,0,0,0,0,0,0,0,1,1,6,6,1,70,10,649,1,24,-1,5,E01028092,0,-1
2023430174882,2023,430174882,2,5,0,18,19,8,4,0,0,0,0,0,0,0,1,1,6,6,1,67,10,1063,1,21,YAMAHA XVS,3,E01016389,0,-1
2023501390386,2023,501390386,1,5,0,13,13,6,2,0,0,1,0,0,0,0,1,1,6,6,1,68,10,649,1,17,YAMAHA XVS,4,E01015071,0,-1
2023501272751,2023,501272751,1,5,0,18,19,7,3,0,0,1,0,0,0,0,1,1,6,6,1,58,9,1063,1,24,YAMAHA XVS,1,E01018930,0,-1
2023131355567,2023,131355567,1,5,0,15,15,5,5,0,0,0,0,0,1,0,1,1,5,6,1,44,7,1300,1,10,YAMAHA XVS,5,E01007887,0,-1
2023010448250,2023,010448250,1,5,0,5,5,1,5,0,0,2,0,0,0,0,4,1,6,6,1,39,7,942,1,7,YAMAHA XVS,-1,-1,0,-1
2023131269991,2023,131269991,1,5,0,18,19,3,7,0,0,8,1,0,0,0,0,1,5,6,1,66,10,1300,1,14,YAMAHA XVS,3,E01010665,0,-1
2023351350380,2023,351350380,1,5,0,16,19,8,6,0,0,1,5,0,0,0,2,1,2,2,1,59,9,1300,1,16,YAMAHA XVS,5,E01018214,0,-1
2023041321741,2023,041321741,2,5,0,18,19,7,3,0,0,1,0,0,0,0,2,1,5,6,1,51,8,1063,1,21,YAMAHA XVS,9,E01024901,0,-1
2023340NN2002,2023,340NN2002,1,5,0,7,7,6,8,0,0,5,0,0,1,11,4,1,6,6,1,77,11,1063,1,20,YAMAHA XVS,7,E01026978,0,-1
2023141287422,2023,141287422,1,5,0,18,19,1,2,0,0,0,5,0,0,0,2,1,5,6,1,41,7,942,1,5,YAMAHA XVS,1,E01007721,0,-1
2023421279660,2023,421279660,1,5,0,15,15,1,5,0,0,0,0,0,0,0,1,1,6,6,1,39,7,649,1,16,YAMAHA XVS,3,E01004356,0,-1
2023161355405,2023,161355405,2,3,0,18,19,1,5,0,0,1,0,0,0,0,1,1,5,6,1,19,4,124,1,22,-1,1,E01013177,0,-1
2023010468857,2023,010468857,2,5,0,18,19,1,5,0,0,1,5,0,0,0,1,1,6,6,1,36,7,942,1,9,YAMAHA XVS,-1,-1,0,-1
2023520300892,2023,520300892,2,3,0,18,19,5,1,0,0,8,0,0,0,0,1,1,6,6,1,18,4,125,1,7,-1,6,E01029181,0,-1
2023631369122,2023,631369122,2,3,0,10,10,7,3,0,0,1,0,0,0,0,2,1,1,1,1,22,5,125,1,0,-1,8,W01000634,0,-1
2023552300918,2023,552300918,1,3,0,16,19,6,8,0,0,8,1,0,0,0,0,1,1,1,1,23,5,124,1,5,-1,7,E01020486,0,-1
2023141327765,2023,141327765,1,3,0,18,19,1,5,0,0,2,0,0,0,0,4,1,2,2,1,24,5,125,1,0,-1,3,E01007800,0,-1
2023501359398,2023,501359398,1,3,0,18,19,1,5,0,0,0,0,0,0,0,1,1,2,2,1,47,8,125,1,0,-1,5,E01029313,0,-1
2023552301494,2023,552301494,1,5,0,9,9,2,8,0,0,6,1,0,2,2,1,1,2,2,1,45,7,125,1,6,-1,9,E01015395,0,-1
2023991267154,2023,991267154,1,3,0,4,4,7,3,0,0,0,5,0,0,0,1,1,5,6,1,51,8,125,1,1,-1,1,-1,0,-1
2023122301419,2023,122301419,2,2,0,18,19,5,1,0,0,0,0,0,0,0,1,1,6,6,1,16,4,50,1,8,-1,-1,-1,0,-1
2023161295911,2023,161295911,2,2,0,3,3,8,4,0,0,1,0,0,0,0,1,1,6,6,2,43,7,49,1,14,-1,3,E01012825,0,-1
2023320530153,2023,320530153,1,2,0,18,19,1,5,0,0,0,5,0,1,0,0,1,6,6,1,78,11,49,1,15,-1,3,E01026059,0,-1
2023440176974,2023,440176974,2,2,0,18,19,4,8,0,0,1,0,0,0,0,1,1,6,6,1,16,4,49,1,16,-1,8,E01022815,0,-1
2023430219854,2023,430219854,1,5,0,18,19,1,5,0,0,0,0,0,0,0,1,1,6,6,1,36,7,999,1,5,BMW S 1000,4,E01026638,0,-1
2023440375712,2023,440375712,1,5,0,3,3,8,4,0,0,1,0,0,0,0,2,1,6,6,1,40,7,999,1,2,BMW S 1000,6,E01022761,0,-1
2023401361552,2023,401361552,1,5,0,14,14,2,6,0,0,0,1,0,1,0,0,1,6,6,1,29,6,999,1,5,BMW S 1000,8,E01017669,0,-1
2023991307482,2023,991307482,1,5,0,18,19,6,2,0,0,0,1,0,4,0,1,1,5,6,1,34,6,999,1,4,BMW S 1000,6,-1,0,-1
2023991363128,2023,991363128,1,5,0,18,19,2,6,0,0,0,0,0,0,0,1,1,6,6,1,56,9,999,1,0,BMW S 1000,-1,-1,0,-1
2023440348284,2023,440348284,1,5,0,18,19,8,4,0,0,1,0,0,0,0,1,1,6,6,1,52,8,999,1,4,BMW S 1000,7,E01023203,0,-1
2023211350488,2023,211350488,1,5,0,13,13,4,8,0,0,0,0,0,0,0,1,1,6,6,1,56,9,999,1,4,BMW S 1000,6,E01007665,0,-1
2023451272601,2023,451272601,1,5,0,18,19,3,7,0,0,0,5,0,0,0,1,1,5,6,1,31,6,999,1,5,BMW S 1000,6,E01030548,0,-1
2023122301039,2023,122301039,2,5,0,18,19,3,7,0,0,1,0,0,7,0,4,1,6,6,1,46,8,999,1,2,BMW S 1000,8,E01012212,0,-1
2023461318665,2023,461318665,2,5,0,18,19,7,3,0,0,0,0,0,1,0,4,1,6,6,1,47,8,999,1,2,BMW S 1000,1,E01024215,0,-1
2023052300883,2023,052300883,2,5,0,14,14,5,1,0,0,0,0,0,0,0,1,1,6,6,1,52,8,999,1,5,BMW S 1000,7,E01007301,0,-1
2023111390305,2023,111390305,2,5,0,18,19,6,2,0,0,8,0,0,0,0,1,1,6,6,1,50,8,999,1,5,BMW S 1000,4,E01008483,0,-1
2023411354048,2023,411354048,2,5,0,17,19,2,6,0,0,5,1,0,0,0,1,1,6,6,1,42,7,999,1,2,BMW S 1000,5,E01023411,0,-1
2023451300945,2023,451300945,1,5,0,18,19,7,3,0,0,0,2,0,0,0,4,1,1,1,1,32,6,999,1,4,BMW S 1000,10,E01030307,0,-1
2023141309787,2023,141309787,2,5,0,18,19,5,1,0,0,0,1,0,0,0,0,1,5,6,1,42,7,999,1,3,BMW S 1000,4,E01005217,0,-1