collision_index,collision_year,collision_ref_no,vehicle_reference,vehicle_type,towing_and_articulation,vehicle_manoeuvre_historic,vehicle_manoeuvre,vehicle_direction_from,vehicle_direction_to,vehicle_location_restricted_lane_historic,vehicle_location_restricted_lane,junction_location,skidding_and_overturning,hit_object_in_carriageway,vehicle_leaving_carriageway,hit_object_off_carriageway,first_point_of_impact,vehicle_left_hand_drive,journey_purpose_of_driver_historic,journey_purpose_of_driver,sex_of_driver,age_of_driver,age_band_of_driver,engine_capacity_cc,propulsion_code,age_of_vehicle,generic_make_model,driver_imd_decile,lsoa_of_driver,escooter_flag,driver_distance_banding
2023122300380,2023,122300380,1,5,0,3,3,5,3,0,0,1,0,0,0,0,4,1,6,6,1,48,8,999,1,2,BMW S 1000,5,E01027776,0,-1
2023122301372,2023,122301372,1,5,0,17,19,3,7,0,0,0,0,0,7,0,4,1,6,6,1,37,7,999,1,6,BMW S 1000,4,E01011286,0,-1
2023520400956,2023,520400956,1,5,0,18,19,1,5,0,0,1,1,0,0,0,0,1,6,6,1,57,9,999,1,7,BMW S 1000,6,E01029125,0,-1
2023320517239,2023,320517239,2,5,0,10,10,8,6,0,0,5,0,0,0,0,2,1,6,6,1,35,6,999,1,7,BMW S 1000,10,E01018266,0,-1
2023070559977,2023,070559977,1,5,0,14,14,7,3,0,0,1,0,0,0,0,1,1,6,6,1,33,6,999,1,8,BMW S 1000,5,E01029774,0,-1
2023991343594,2023,991343594,1,5,0,18,19,8,5,0,0,0,0,0,0,0,3,1,6,6,1,56,9,999,1,8,BMW S 1000,4,-1,0,-1
2023010419884,2023,010419884,2,5,0,18,19,7,3,0,0,0,2,0,1,0,3,1,6,6,1,47,8,999,1,5,BMW S 1000,5,E01015926,0,-1
2023101362935,2023,101362935,1,5,0,18,19,7,3,0,0,8,0,0,0,0,1,1,6,6,1,54,8,999,1,6,BMW S 1000,-1,-1,0,-1
202363C016223,2023,63C016223,1,5,0,18,19,6,2,0,0,0,0,0,1,9,4,1,6,6,1,27,6,999,1,2,BMW S 1000,4,W01000603,0,-1
2023461337221,2023,461337221,2,5,0,16,19,1,5,0,0,3,1,0,0,0,3,1,6,6,1,33,6,999,1,2,BMW S 1000,10,E01025632,0,-1
2023411340624,2023,411340624,1,3,0,18,19,5,1,0,0,0,0,0,0,0,1,1,6,6,1,36,7,999,1,5,-1,2,E01029426,0,-1
2023421304900,2023,421304900,2,5,0,18,19,5,1,0,0,0,0,0,0,0,1,1,6,6,1,55,8,999,1,2,BMW S 1000,10,E01023502,0,-1
2023010477931,2023,010477931,1,5,0,18,19,6,2,0,0,0,0,0,0,0,3,1,6,6,1,32,6,999,1,1,BMW S 1000,-1,-1,0,-1
2023421299756,2023,421299756,1,5,0,16,19,5,8,0,0,0,0,0,7,0,4,1,6,6,1,43,7,999,1,2,BMW S 1000,9,E01022082,0,-1
2023122300315,2023,122300315,1,5,0,13,13,1,5,0,0,0,0,0,0,0,1,1,6,6,1,27,6,999,1,2,BMW S 1000,5,E01027610,0,-1
2023161342151,2023,161342151,1,5,0,18,19,7,3,0,0,0,0,0,0,0,3,1,6,6,1,40,7,999,1,2,BMW S 1000,6,E01013309,0,-1
2023622300721,2023,622300721,2,5,0,18,19,2,6,0,0,0,0,0,0,0,1,1,6,6,1,53,8,999,1,7,BMW S 1000,1,W01001708,0,-1
2023421342471,2023,421342471,2,3,0,18,19,2,5,0,0,0,0,0,0,0,1,1,6,6,1,61,9,999,1,9,-1,9,E01002386,0,-1
2023131272367,2023,131272367,2,5,0,13,13,5,1,0,0,1,0,0,0,0,1,1,5,6,1,21,5,999,1,8,BMW S 1000,9,E01011195,0,-1
2023421309757,2023,421309757,1,5,0,18,19,3,7,0,0,0,0,0,0,0,4,1,5,6,1,50,8,999,1,2,BMW S 1000,6,E01018281,0,-1
2023440202865,2023,440202865,1,5,0,16,19,5,8,0,0,0,1,0,0,0,3,1,2,2,1,45,7,999,1,1,BMW S 1000,8,E01022798,0,-1
2023010456387,2023,010456387,3,4,0,18,19,6,2,0,0,1,0,0,0,0,1,1,6,6,1,37,7,999,1,3,-1,5,E01001973,0,-1
2023401313259,2023,401313259,2,4,0,4,4,-1,-1,0,0,0,5,0,0,0,4,1,5,6,1,57,9,999,1,4,-1,7,E01017577,0,-1
2023622300641,2023,622300641,1,5,0,18,19,1,5,0,0,1,0,0,1,2,1,1,2,2,1,42,7,999,1,0,BMW S 1000,1,W01001081,0,-1
2023101352085,2023,101352085,2,5,0,18,19,2,6,0,0,8,0,0,0,0,1,1,5,6,1,62,9,999,1,1,BMW S 1000,9,E01008526,0,-1
2023122300535,2023,122300535,1,5,0,16,19,2,6,0,0,0,1,0,0,0,1,1,6,6,1,55,8,999,1,4,BMW S 1000,2,E01007497,0,-1
2023211324644,2023,211324644,2,5,0,13,13,3,7,0,0,0,5,0,0,0,1,1,6,6,1,51,8,999,1,6,BMW S 1000,3,E01010458,0,-1
2023440312730,2023,440312730,1,5,0,18,19,8,4,0,0,0,1,0,1,10,1,1,6,6,1,33,6,999,1,2,BMW S 1000,2,E01022820,0,-1
2023361294603,2023,361294603,2,5,0,18,19,1,4,0,0,3,0,0,0,0,1,1,5,6,1,54,8,999,1,5,BMW S 1000,9,E01026560,0,-1
2023122300898,2023,122300898,2,5,0,3,3,1,5,0,0,8,0,0,0,0,1,1,2,2,1,27,6,999,1,1,BMW S 1000,5,E01027610,0,-1
2023991332528,2023,991332528,2,5,0,18,19,4,8,0,0,1,5,0,1,0,1,1,5,6,1,35,6,999,1,6,BMW S 1000,3,-1,0,-1
2023161340032,2023,161340032,2,5,0,16,19,5,8,0,0,0,0,0,1,10,1,1,6,6,1,52,8,999,1,13,BMW S 1000,1,E01013080,0,-1
2023332300282,2023,332300282,1,3,0,18,19,2,6,0,0,8,0,0,0,0,1,1,2,2,1,36,7,999,1,12,-1,6,E01025956,0,-1
2023991301426,2023,991301426,1,5,0,16,19,1,7,0,0,3,1,0,0,0,3,1,5,6,1,63,9,999,1,6,BMW S 1000,10,-1,0,-1
2023320509713,2023,320509713,1,5,0,16,19,8,4,0,0,0,0,0,7,0,1,1,6,6,1,50,8,999,1,8,BMW S 1000,2,E01026175,0,-1
2023320260612,2023,320260612,1,5,0,18,19,3,7,0,0,0,5,0,1,0,0,1,6,6,1,60,9,999,1,2,BMW S 1000,4,E01013146,0,-1
2023440422668,2023,440422668,1,5,0,17,19,6,2,0,0,0,0,0,1,0,4,1,6,6,1,41,7,999,1,1,BMW S 1000,6,E01023121,0,-1
2023010442524,2023,010442524,2,5,0,18,19,3,7,0,0,0,0,0,0,0,3,1,2,2,1,44,7,999,1,9,BMW S 1000,10,E01015890,0,-1
2023010446370,2023,010446370,1,5,0,4,4,1,5,0,0,1,0,0,0,0,1,1,2,2,1,30,6,999,1,1,BMW S 1000,4,E01002168,0,-1
2023010474964,2023,010474964,1,5,0,14,14,3,7,0,0,1,1,0,0,0,1,1,6,6,1,30,6,999,1,12,BMW S 1000,6,E01001566,0,-1
2023131352535,2023,131352535,2,5,0,18,19,3,7,0,0,1,0,0,0,0,4,1,6,6,1,38,7,999,1,0,BMW S 1000,8,E01011938,0,-1
2023101364954,2023,101364954,2,5,0,4,4,1,5,0,0,2,1,0,0,0,1,1,5,6,1,58,9,999,1,0,BMW S 1000,9,E01027405,0,-1
2023430210298,2023,430210298,2,5,0,14,14,7,3,0,0,0,0,0,0,0,1,1,6,6,1,49,8,999,1,9,BMW S 1000,7,E01028545,0,-1
2023302300874,2023,302300874,2,5,0,16,19,2,6,0,0,0,1,0,1,0,3,1,6,6,1,41,7,999,1,7,BMW S 1000,4,E01013617,0,-1
2023141357790,2023,141357790,1,5,0,18,19,5,1,0,0,8,2,0,0,0,2,1,1,1,1,53,8,999,1,3,BMW S 1000,7,E01007741,0,-1
2023461315300,2023,461315300,2,5,0,18,19,6,2,0,0,8,0,0,1,9,1,1,1,1,1,51,8,999,1,13,BMW S 1000,5,E01024010,0,-1
2023122300569,2023,122300569,2,5,0,18,19,5,1,0,0,3,0,0,0,0,4,1,6,6,1,74,10,999,1,2,BMW S 1000,10,E01005741,0,-1
2023201303454,2023,201303454,2,5,0,18,19,4,8,0,0,8,0,0,0,0,1,1,6,6,1,56,9,999,1,4,BMW S 1000,3,E01009941,0,-1
2023010476338,2023,010476338,2,5,0,18,19,1,5,0,0,1,0,0,0,0,1,1,2,2,1,60,9,999,1,2,BMW S 1000,7,E01001600,0,-1
2023421327217,2023,421327217,1,5,0,16,19,2,6,0,0,0,0,0,0,0,1,1,5,6,1,47,8,999,1,2,BMW S 1000,6,E01021714,0,-1
2023631334534,2023,631334534,1,5,0,17,19,7,4,0,0,0,0,0,0,0,0,1,5,6,1,67,10,999,1,2,BMW S 1000,6,E01028034,0,-1
2023421302328,2023,421302328,1,5,0,16,19,3,6,0,0,0,0,0,7,0,1,1,5,6,1,47,8,999,1,2,BMW S 1000,6,E01021879,0,-1
2023430371196,2023,430371196,1,5,0,17,19,4,1,0,0,0,0,0,7,9,0,1,6,6,1,30,6,999,1,9,BMW S 1000,-1,-1,0,-1
2023991320050,2023,991320050,2,5,0,18,19,2,6,0,0,0,0,0,0,0,1,1,5,6,1,40,7,999,1,2,BMW S 1000,5,-1,0,-1
2023471351102,2023,471351102,1,5,0,13,13,5,1,0,0,0,0,0,0,0,1,1,5,6,1,50,8,999,1,2,BMW S 1000,3,E01003829,0,-1
2023011368823,2023,011368823,1,5,0,18,19,1,5,0,0,0,0,0,0,0,0,1,5,6,1,33,6,999,1,5,BMW S 1000,-1,-1,0,-1
2023451272878,2023,451272878,1,3,0,18,19,5,1,0,0,1,0,0,0,0,1,1,5,6,1,36,7,999,1,7,-1,8,E01030405,0,-1
2023411357589,2023,411357589,2,4,0,18,19,8,2,0,0,8,0,0,0,0,1,1,5,6,1,50,8,999,1,2,-1,9,E01023378,0,-1
2023010474523,2023,010474523,3,5,0,16,19,5,1,0,0,4,0,0,0,0,2,1,6,6,1,51,8,999,1,6,BMW S 1000,10,E01024344,0,-1
2023131304937,2023,131304937,1,5,0,18,19,3,7,0,0,0,2,12,8,0,1,1,5,6,1,56,9,999,1,7,BMW S 1000,9,E01010706,0,-1
2023221325696,2023,221325696,1,5,0,17,19,5,2,0,0,0,1,10,1,10,1,1,5,6,1,41,7,999,1,13,BMW S 1000,10,E01032337,0,-1
2023340WN9072,2023,340WN9072,1,5,0,18,19,8,4,0,0,4,0,0,1,2,1,1,2,2,1,27,6,999,1,13,BMW S 1000,6,E01026986,0,-1
2023501361638,2023,501361638,3,5,0,18,19,1,5,0,0,0,0,0,0,0,1,1,6,6,1,71,10,999,1,6,BMW S 1000,4,E01020302,0,-1
2023332300858,2023,332300858,2,5,0,18,19,4,8,0,0,8,0,0,0,0,1,1,6,6,1,25,5,999,1,3,BMW S 1000,2,E01026175,0,-1
2023361315277,2023,361315277,2,3,0,10,10,5,3,0,0,0,0,0,0,0,1,1,5,6,1,56,9,999,1,1,-1,4,E01026884,0,-1
2023010432783,2023,010432783,1,5,0,12,12,5,1,0,0,6,0,0,0,0,1,1,6,6,1,33,6,999,1,2,BMW S 1000,5,E01001301,0,-1
2023010454436,2023,010454436,2,5,0,18,19,3,7,0,0,0,0,0,0,0,1,1,6,6,1,36,7,999,1,4,BMW S 1000,9,E01017641,0,-1
2023430452014,2023,430452014,2,5,0,18,19,3,7,0,0,0,0,0,1,0,1,1,6,6,1,49,8,999,1,5,BMW S 1000,8,E01030988,0,-1
2023010425360,2023,010425360,2,5,0,18,19,7,3,0,0,1,0,0,0,0,4,1,6,6,1,47,8,999,1,1,BMW S 1000,6,E01001648,0,-1
2023031318190,2023,031318190,2,5,0,13,13,8,4,0,0,8,0,0,0,0,4,1,5,6,1,46,8,999,1,4,BMW S 1000,6,E01025418,0,-1
2023631307569,2023,631307569,3,5,0,13,13,4,8,0,0,8,0,0,7,10,1,1,5,6,1,61,9,999,1,1,BMW S 1000,5,E01014812,0,-1
2023010435169,2023,010435169,1,5,0,16,19,5,1,0,0,0,0,0,0,0,3,1,6,6,1,27,6,999,1,6,BMW S 1000,8,E01002915,0,-1
2023101333191,2023,101333191,1,5,0,16,19,3,7,0,0,0,1,0,1,0,1,1,5,6,1,52,8,999,1,6,BMW S 1000,4,E01008308,0,-1
2023010438845,2023,010438845,2,5,0,99,99,9,9,99,99,9,9,99,9,99,1,1,6,6,3,-1,-1,999,1,0,BMW S 1000,-1,-1,0,-1
2023320534683,2023,320534683,1,5,0,13,13,8,4,0,0,0,0,0,0,0,3,1,6,6,2,53,8,999,1,2,BMW S 1000,6,E01019524,0,-1
2023991299620,2023,991299620,2,5,0,18,19,3,7,0,0,1,0,0,0,0,1,1,2,2,1,34,6,999,1,1,BMW S 1000,7,-1,0,-1
2023010479960,2023,010479960,1,5,0,9,9,1,6,0,0,8,2,0,0,0,2,1,6,6,1,24,5,999,1,6,BMW S 1000,10,E01013466,0,-1
2023231358895,2023,231358895,1,5,0,13,13,2,6,0,0,8,0,0,0,0,1,1,5,6,1,52,8,999,1,12,BMW S 1000,8,E01025841,0,-1
2023522300465,2023,522300465,1,5,0,18,19,6,2,0,0,8,1,0,1,99,3,1,6,6,1,29,6,999,1,10,BMW S 1000,1,E01014799,0,-1
2023052301732,2023,052301732,2,5,0,4,4,1,5,0,0,1,0,0,0,0,2,1,6,6,1,-1,-1,999,1,1,BMW S 1000,5,E01025517,0,-1
2023010429556,2023,010429556,2,5,0,18,19,8,4,0,0,1,0,0,0,0,1,1,6,6,1,28,6,999,1,8,BMW S 1000,1,E01007979,0,-1
2023101319027,2023,101319027,1,5,0,4,4,7,3,0,0,0,0,0,0,0,1,1,6,6,1,55,8,999,1,2,BMW S 1000,-1,-1,0,-1
2023411335860,2023,411335860,2,3,0,18,19,4,8,0,0,1,0,0,0,0,1,1,5,6,1,32,6,999,1,6,-1,8,E01023627,0,-1
2023010444944,2023,010444944,2,3,0,18,19,3,7,0,0,1,0,0,0,0,3,1,2,2,1,30,6,999,1,8,-1,6,E01000193,0,-1
2023201409117,2023,201409117,2,2,0,4,4,4,8,0,0,1,2,0,0,0,2,1,1,1,1,54,8,999,1,1,-1,5,E01009234,0,-1
2023010472546,2023,010472546,1,5,0,14,14,6,2,0,0,8,0,0,0,0,1,1,6,6,1,36,7,999,1,3,BMW S 1000,4,E01003784,0,-1
2023501306655,2023,501306655,1,5,0,18,19,7,3,0,0,8,1,0,0,0,1,1,1,1,1,28,6,999,1,4,BMW S 1000,-1,-1,0,-1
2023131366622,2023,131366622,1,5,0,18,19,7,3,0,0,8,0,0,0,0,4,1,5,6,1,43,7,999,1,0,BMW S 1000,1,E01010737,0,-1
2023031346031,2023,031346031,1,5,0,13,13,6,2,0,0,0,2,0,0,0,1,1,5,6,1,58,9,996,1,22,-1,4,E01005690,0,-1
2023061296199,2023,061296199,3,9,-1,-1,-1,-1,-1,-1,-1,0,-1,-1,-1,0,-1,1,6,6,3,30,6,999,1,2,DACIA DUSTER,6,-1,0,-1
2023545168923,2023,545168923,2,9,0,18,19,4,8,0,0,1,0,0,0,0,3,1,6,6,1,21,5,1461,2,10,DACIA DUSTER,9,E01031858,0,-1
2023010436701,2023,010436701,1,9,0,99,99,9,9,99,99,9,9,99,9,99,2,9,1,1,2,34,6,1330,1,4,DACIA DUSTER,2,E01001651,0,-1
2023991261245,2023,991261245,1,9,0,3,3,7,3,0,0,1,0,0,0,0,1,1,2,2,1,65,9,999,1,1,DACIA DUSTER,1,-1,0,-1
2023991270628,2023,991270628,1,9,0,4,4,1,5,0,0,0,0,0,0,0,1,1,5,6,2,56,9,999,1,0,DACIA DUSTER,8,-1,0,-1
2023122300293,2023,122300293,1,9,0,9,9,5,3,0,0,7,0,0,0,0,3,1,6,6,2,60,9,999,1,2,DACIA DUSTER,3,E01010717,0,-1
2023161265678,2023,161265678,1,9,0,17,19,6,4,0,0,0,2,0,1,0,1,1,1,1,1,45,7,1598,1,5,DACIA DUSTER,3,E01028259,0,-1
2023461358562,2023,461358562,2,9,0,4,4,1,5,0,0,0,0,0,0,0,2,1,6,6,1,29,6,1461,2,4,DACIA DUSTER,1,E01024683,0,-1
2023371262701,2023,371262701,1,9,-1,-1,-1,-1,-1,-1,-1,-1,-1,-1,-1,0,-1,1,6,6,2,47,8,1598,1,5,DACIA DUSTER,5,E01029990,0,-1
2023010470223,2023,010470223,1,9,0,18,19,1,5,0,0,4,0,0,0,0,1,1,2,2,1,49,8,1598,1,4,DACIA DUSTER,8,E01001122,0,-1
2023631365636,2023,631365636,1,9,0,18,19,6,2,0,0,1,0,0,0,0,1,1,6,6,2,36,7,1461,2,8,DACIA DUSTER,5,W01000643,0,-1
2023070401834,2023,070401834,1,9,0,7,7,2,6,0,0,0,0,0,0,0,1,1,3,7,1,41,7,1598,1,4,DACIA DUSTER,3,E01018347,0,-1
2023631372523,2023,631372523,1,9,0,9,9,5,3,0,0,6,0,0,0,0,3,1,6,6,1,60,9,1598,1,5,DACIA DUSTER,8,W01000634,0,-1
2023411295698,2023,411295698,2,9,0,4,4,-1,-1,0,0,3,1,0,0,0,1,1,5,6,2,60,9,999,1,1,DACIA DUSTER,6,E01023922,0,-1
2023531352494,2023,531352494,1,9,0,18,19,1,5,0,0,1,0,0,0,0,0,1,6,6,1,61,9,999,1,3,DACIA DUSTER,5,E01014836,0,-1
2023131327982,2023,131327982,1,9,0,2,2,1,1,0,0,2,0,0,0,0,3,1,5,6,1,56,9,1461,2,9,DACIA DUSTER,7,E01011578,0,-1
2023211311481,2023,211311481,2,9,0,7,7,3,7,0,0,0,0,0,0,0,1,1,6,6,1,28,6,1598,1,4,DACIA DUSTER,4,E01029783,0,-1
2023010471887,2023,010471887,2,9,0,18,19,7,3,0,0,0,0,0,0,0,0,1,6,6,1,64,9,1461,2,5,DACIA DUSTER,6,E01024071,0,-1
2023361365498,2023,361365498,3,9,0,18,19,2,6,0,0,1,0,0,0,0,3,1,5,6,1,75,10,1333,1,1,DACIA DUSTER,7,E01026669,0,-1
2023302301048,2023,302301048,1,9,0,18,19,3,7,0,0,0,5,0,1,4,1,1,6,6,1,42,7,1461,2,6,DACIA DUSTER,9,E01029465,0,-1
2023421347253,2023,421347253,2,9,0,3,3,0,0,0,0,1,0,0,0,0,1,1,6,6,1,34,6,1461,2,8,DACIA DUSTER,3,E01033051,0,-1
2023010436059,2023,010436059,1,9,0,18,19,2,6,0,0,8,1,0,0,0,3,1,6,6,1,24,5,1598,1,9,DACIA DUSTER,2,E01000098,0,-1
2023351356102,2023,351356102,2,9,0,2,2,0,0,0,0,0,0,0,0,0,3,1,6,6,3,-1,-1,999,7,1,DACIA DUSTER,-1,-1,0,-1
2023332300563,2023,332300563,2,9,0,18,19,2,6,0,0,8,0,0,0,0,3,1,6,6,1,37,7,1198,1,6,DACIA DUSTER,9,E01025778,0,-1
2023332300070,2023,332300070,3,9,0,4,4,6,2,0,0,0,0,0,0,0,2,1,6,6,1,40,7,1330,1,4,DACIA DUSTER,3,E01031264,0,-1
2023991388456,2023,991388456,1,9,0,18,19,1,5,0,0,0,0,0,0,0,4,2,6,6,2,56,9,1461,2,8,DACIA DUSTER,7,-1,0,-1
2023311363217,2023,311363217,1,9,0,5,5,8,4,0,0,4,0,0,0,0,4,1,1,1,1,59,9,1332,1,0,DACIA DUSTER,-1,-1,0,-1
2023052302054,2023,052302054,1,9,0,9,9,3,1,0,0,5,0,0,0,0,1,1,2,2,2,61,9,999,1,1,DACIA DUSTER,1,E01006874,0,-1
2023101361782,2023,101361782,2,9,0,18,19,1,5,0,0,8,0,0,0,0,4,1,6,6,1,51,8,1333,1,1,DACIA DUSTER,3,E01008803,0,-1
2023141294656,2023,141294656,1,9,0,18,19,8,4,0,0,0,0,0,0,0,2,1,5,6,1,37,7,999,1,3,DACIA DUSTER,-1,-1,0,-1
2023131298439,2023,131298439,2,9,0,18,19,5,1,0,0,0,0,0,0,0,4,1,6,6,1,39,7,1461,2,10,DACIA DUSTER,6,E01010594,0,-1
2023991273585,2023,991273585,2,9,0,4,4,3,7,0,0,0,0,0,0,0,1,1,1,1,1,34,6,999,1,1,DACIA DUSTER,4,-1,0,-1
2023010447196,2023,010447196,2,9,0,3,3,1,5,0,0,0,0,0,0,0,2,1,6,6,1,-1,-1,1598,1,5,DACIA DUSTER,5,E01002456,0,-1
2023111370958,2023,111370958,3,9,0,2,2,0,0,0,0,0,0,0,0,0,1,1,6,6,3,-1,-1,1598,1,4,DACIA DUSTER,-1,-1,0,-1
2023041321241,2023,041321241,2,9,0,18,19,1,5,0,0,0,0,0,0,0,3,1,6,6,1,56,9,1598,1,4,DACIA DUSTER,8,E01025406,0,-1
2023501359951,2023,501359951,1,9,0,18,19,3,8,0,0,1,0,0,0,0,4,1,5,6,1,57,9,1333,1,1,DACIA DUSTER,9,E01020038,0,-1
2023631373343,2023,631373343,2,9,0,18,19,1,5,0,0,0,0,0,0,0,1,1,5,6,1,65,9,1598,1,7,DACIA DUSTER,5,W01000537,0,-1
2023501263548,2023,501263548,1,9,0,2,2,6,1,0,0,1,0,0,0,0,3,1,2,2,2,38,7,1461,2,7,DACIA DUSTER,8,E01015098,0,-1
2023101341006,2023,101341006,2,9,0,4,4,1,5,0,0,0,0,0,0,0,2,1,5,6,1,37,7,1333,1,4,DACIA DUSTER,3,E01008262,0,-1
2023332301052,2023,332301052,2,9,0,18,19,8,4,0,0,1,0,0,0,0,1,1,3,7,2,45,7,1598,1,4,DACIA DUSTER,8,E01025959,0,-1
2023221381028,2023,221381028,3,9,0,3,3,2,6,0,0,0,0,0,0,0,2,1,6,6,1,86,11,1461,2,6,DACIA DUSTER,8,E01031239,0,-1
2023010457739,2023,010457739,2,9,0,9,9,4,1,2,2,0,0,0,0,0,4,1,6,6,1,38,7,1333,1,3,DACIA DUSTER,3,E01001156,0,-1
2023531384505,2023,531384505,1,9,0,18,19,1,5,0,0,0,0,11,0,0,1,1,6,6,2,31,6,999,1,1,DACIA DUSTER,6,E01022253,0,-1
2023041283365,2023,041283365,4,9,0,2,2,7,3,0,0,2,0,0,0,0,2,1,6,6,3,-1,-1,1598,1,10,DACIA DUSTER,-1,-1,0,-1
2023340NN4712,2023,340NN4712,1,9,0,1,1,3,7,0,0,6,0,0,0,0,3,1,6,6,2,35,6,1461,2,6,DACIA DUSTER,-1,-1,0,-1
2023041324222,2023,041324222,2,9,0,2,2,0,0,0,0,0,0,0,0,0,2,1,6,6,3,-1,-1,1332,1,0,DACIA DUSTER,-1,-1,0,-1
2023221348166,2023,221348166,2,9,0,18,19,8,4,0,0,8,0,0,7,0,4,1,5,6,1,39,7,1333,1,4,DACIA DUSTER,10,W01001915,0,-1
2023471266146,2023,471266146,2,9,0,16,19,1,5,0,0,8,0,0,0,0,1,1,1,1,2,27,6,1461,2,3,DACIA DUSTER,9,E01022613,0,-1
2023471370818,2023,471370818,1,9,0,18,19,6,1,0,0,0,0,0,7,0,3,1,5,6,1,63,9,1330,1,3,DACIA DUSTER,9,E01021072,0,-1
2023520301440,2023,520301440,2,9,0,18,19,6,2,0,0,8,0,0,0,0,1,1,6,6,1,27,6,1333,1,2,DACIA DUSTER,8,E01015407,0,-1
2023541106323,2023,541106323,1,9,0,14,14,2,6,0,0,0,0,0,0,0,4,1,6,6,1,80,11,1332,1,1,DACIA DUSTER,6,E01032078,0,-1
2023522301642,2023,522301642,4,9,0,2,2,0,0,0,0,0,0,0,0,0,3,1,6,6,3,-1,-1,1461,2,1,DACIA DUSTER,-1,-1,0,-1
2023010477323,2023,010477323,1,9,0,9,9,3,1,0,0,1,0,0,0,0,1,1,6,6,1,38,7,-1,-1,-1,DACIA DUSTER,3,E01002100,0,-1
2023461365793,2023,461365793,2,9,0,18,19,3,7,0,0,0,0,0,0,0,1,1,6,6,2,43,7,1461,2,7,DACIA DUSTER,7,E01024035,0,-1
2023501348279,2023,501348279,2,9,0,2,2,0,0,0,0,0,0,0,0,0,3,1,6,6,1,59,9,999,1,2,DACIA DUSTER,9,E01015104,0,-1
2023351264930,2023,351264930,1,8,0,18,19,4,8,0,0,1,0,0,0,0,1,1,1,1,1,45,7,1461,2,7,-1,3,E01018145,0,-1
2023311384145,2023,311384145,1,9,0,9,9,3,7,0,0,1,0,0,0,0,1,1,6,6,1,79,11,1461,2,5,DACIA DUSTER,5,E01027972,0,-1
2023520301707,2023,520301707,3,9,0,18,19,7,3,0,0,8,0,0,0,0,1,1,6,6,1,45,7,1461,2,8,DACIA DUSTER,8,E01029245,0,-1
2023622300213,2023,622300213,1,9,0,16,19,8,4,0,0,0,2,0,7,10,1,1,6,6,1,18,4,1461,2,10,DACIA DUSTER,6,W01001000,0,-1
2023451295396,2023,451295396,1,9,0,1,1,3,7,0,0,0,0,0,0,0,2,1,5,6,2,30,6,1198,1,6,DACIA DUSTER,4,E01030645,0,-1
2023221342260,2023,221342260,2,9,0,7,7,5,3,0,0,6,0,0,0,0,1,1,5,6,1,61,9,1461,2,9,DACIA DUSTER,7,W01000501,0,-1
2023211427918,2023,211427918,2,9,0,18,19,3,7,0,0,0,0,0,0,0,2,1,6,6,1,33,6,999,1,3,DACIA DUSTER,-1,-1,0,-1
2023531263025,2023,531263025,1,9,0,18,19,5,1,0,0,0,1,0,4,0,1,1,5,6,2,72,10,1332,1,1,DACIA DUSTER,4,E01018987,0,-1
2023461329057,2023,461329057,3,9,0,2,2,8,4,0,0,8,0,0,0,0,1,1,6,6,1,60,9,1330,1,4,DACIA DUSTER,5,E01024138,0,-1
2023131363524,2023,131363524,1,9,0,18,19,3,7,0,0,1,0,0,0,0,1,1,5,6,2,29,6,999,1,1,DACIA DUSTER,8,E01011412,0,-1
2023501324210,2023,501324210,1,9,0,18,19,2,6,0,0,0,0,0,0,0,1,1,6,6,1,-1,-1,999,1,2,DACIA DUSTER,4,E01015069,0,-1
2023471365497,2023,471365497,3,9,0,10,10,7,5,0,0,1,0,0,0,0,1,2,6,6,2,43,7,1461,2,7,DACIA DUSTER,1,E01016865,0,-1
2023991390161,2023,991390161,1,9,0,7,7,2,4,0,0,1,0,0,0,0,1,2,5,6,1,69,10,999,1,2,DACIA DUSTER,-1,-1,0,-1
2023161300428,2023,161300428,1,9,0,18,19,8,4,0,0,0,0,0,0,0,1,1,6,6,1,35,6,1461,2,5,DACIA DUSTER,1,E01013220,0,-1
2023131292943,2023,131292943,2,9,0,18,19,5,1,0,0,2,0,0,0,0,1,1,5,6,2,31,6,1461,2,7,DACIA DUSTER,8,E01010672,0,-1
2023991331618,2023,991331618,1,9,0,9,9,7,5,0,0,6,0,0,0,0,1,1,5,6,1,32,6,999,1,3,DACIA DUSTER,4,-1,0,-1
2023131316399,2023,131316399,4,9,0,18,19,1,1,0,0,1,0,0,0,0,1,1,6,6,3,35,6,1461,2,7,DACIA DUSTER,-1,-1,0,-1
2023991374729,2023,991374729,2,9,0,18,19,6,2,0,0,0,0,0,0,0,2,1,5,6,1,67,10,1333,1,3,DACIA DUSTER,1,-1,0,-1
2023461286057,2023,461286057,1,9,0,18,19,5,1,0,0,0,0,4,0,0,1,1,6,6,1,76,11,1598,1,4,DACIA DUSTER,4,E01001704,0,-1
2023430301213,2023,430301213,2,9,0,18,19,4,8,0,0,8,0,0,1,0,3,1,6,6,1,69,10,1461,2,7,DACIA DUSTER,9,E01032954,0,-1