collision_index,collision_year,collision_ref_no,vehicle_reference,vehicle_type,towing_and_articulation,vehicle_manoeuvre_historic,vehicle_manoeuvre,vehicle_direction_from,vehicle_direction_to,vehicle_location_restricted_lane_historic,vehicle_location_restricted_lane,junction_location,skidding_and_overturning,hit_object_in_carriageway,vehicle_leaving_carriageway,hit_object_off_carriageway,first_point_of_impact,vehicle_left_hand_drive,journey_purpose_of_driver_historic,journey_purpose_of_driver,sex_of_driver,age_of_driver,age_band_of_driver,engine_capacity_cc,propulsion_code,age_of_vehicle,generic_make_model,driver_imd_decile,lsoa_of_driver,escooter_flag,driver_distance_banding
2023401395841,2023,401395841,1,9,0,5,5,1,5,0,0,4,0,0,0,0,4,1,6,6,1,43,7,1333,1,1,DACIA DUSTER,3,E01017522,0,-1
2023461354632,2023,461354632,3,9,0,18,19,3,7,0,0,0,0,0,0,0,1,1,6,6,1,42,7,1333,1,1,DACIA DUSTER,2,E01016041,0,-1
2023201314129,2023,201314129,1,9,0,18,19,3,7,0,0,8,0,0,0,0,1,1,2,2,1,38,7,1197,1,6,DACIA DUSTER,8,E01009736,0,-1
2023131298439,2023,131298439,1,9,0,9,9,7,5,0,0,0,0,0,0,0,1,1,5,6,2,73,10,1332,1,1,DACIA DUSTER,8,E01011091,0,-1
2023622300070,2023,622300070,1,9,0,15,15,6,2,0,0,0,0,0,8,4,1,1,6,6,1,43,7,1461,2,8,DACIA DUSTER,6,W01001000,0,-1
2023302300079,2023,302300079,1,9,0,7,7,4,6,0,0,6,0,0,0,0,3,1,6,6,1,32,6,1333,1,1,DACIA DUSTER,6,E01019421,0,-1
2023622301041,2023,622301041,1,9,0,18,19,2,6,0,0,0,0,0,0,0,1,1,6,6,2,65,9,1461,2,7,DACIA DUSTER,4,W01000724,0,-1
2023440500299,2023,440500299,2,9,0,9,9,5,3,0,0,8,0,0,0,0,4,1,6,6,1,52,8,1461,2,6,DACIA DUSTER,2,E01017345,0,-1
2023991360386,2023,991360386,1,9,0,18,19,4,1,0,0,0,1,0,1,6,1,1,5,6,1,76,11,1461,2,5,DACIA DUSTER,4,E01026659,0,-1
2023111376993,2023,111376993,2,9,0,18,19,5,1,0,0,0,0,0,0,0,2,1,6,6,1,38,7,999,1,3,DACIA DUSTER,10,E01020870,0,-1
2023371303129,2023,371303129,2,9,0,17,19,4,8,0,0,0,1,0,0,0,3,1,5,6,2,54,8,1598,1,5,DACIA DUSTER,-1,-1,0,-1
2023041345988,2023,041345988,1,9,0,7,7,8,1,0,0,3,0,0,1,0,3,1,5,6,1,71,10,1598,1,4,DACIA DUSTER,8,E01025105,0,-1
2023461375998,2023,461375998,3,9,0,2,2,0,0,0,0,0,0,0,0,0,2,1,6,6,2,33,6,999,1,0,DACIA DUSTER,-1,-1,0,-1
2023052302468,2023,052302468,1,9,0,18,19,3,7,0,0,8,0,0,0,0,1,1,6,6,2,65,9,1332,1,0,DACIA DUSTER,3,E01006433,0,-1
2023631312867,2023,631312867,1,9,0,18,19,2,6,0,0,0,0,0,0,0,1,1,5,6,1,60,9,1461,2,10,DACIA DUSTER,4,W01000438,0,-1
2023440325475,2023,440325475,1,9,0,13,13,6,2,0,0,1,0,0,0,0,1,1,6,6,1,49,8,1598,1,4,DACIA DUSTER,5,E01017282,0,-1
2023991303462,2023,991303462,1,9,0,18,19,1,6,0,0,8,0,0,0,0,4,1,5,6,1,68,10,999,1,1,DACIA DUSTER,4,-1,0,-1
2023991309394,2023,991309394,2,9,0,16,19,6,2,0,0,0,0,0,1,11,1,1,1,1,1,34,6,1461,2,9,DACIA DUSTER,8,-1,0,-1
2023421291892,2023,421291892,2,9,0,18,19,6,2,0,0,0,0,0,0,0,0,1,5,6,1,71,10,1197,1,6,DACIA DUSTER,4,E01022011,0,-1
2023201301547,2023,201301547,1,9,0,3,3,1,5,0,0,2,0,0,0,0,2,1,2,2,1,48,8,999,1,1,DACIA DUSTER,7,E01010518,0,-1
2023991314475,2023,991314475,1,9,0,9,9,7,4,0,0,5,0,0,0,0,4,1,5,6,2,65,9,1461,2,10,DACIA DUSTER,8,-1,0,-1
2023010428201,2023,010428201,2,9,0,99,99,9,9,99,99,9,9,99,9,99,1,9,6,6,3,82,11,999,1,3,DACIA DUSTER,4,E01001934,0,-1
2023430294248,2023,430294248,1,9,0,9,9,1,7,0,0,5,0,0,0,0,1,1,6,6,1,32,6,1333,1,4,DACIA DUSTER,9,E01016345,0,-1
2023501399834,2023,501399834,2,8,0,3,3,1,5,0,0,0,0,0,0,0,3,1,1,1,1,33,6,1461,2,4,-1,9,E01020086,0,-1
2023430177756,2023,430177756,2,9,0,3,3,1,5,0,0,1,0,0,0,0,2,1,2,2,2,43,7,1461,2,7,DACIA DUSTER,5,E01016768,0,-1
2023061386511,2023,061386511,1,9,0,18,19,5,1,0,0,0,0,0,0,0,1,1,6,6,1,45,7,1461,2,5,DACIA DUSTER,-1,-1,0,-1
2023471313933,2023,471313933,2,9,0,10,10,8,5,0,0,6,0,0,0,0,2,1,6,6,1,50,8,1598,1,4,DACIA DUSTER,10,E01021132,0,-1
2023461348753,2023,461348753,2,9,0,16,19,4,8,0,0,3,0,0,0,0,4,1,5,6,1,44,7,1461,2,8,DACIA DUSTER,2,E01024686,0,-1
202360A044788,2023,60A044788,1,9,0,18,19,5,1,0,0,0,2,0,1,10,1,1,6,6,2,42,7,1461,2,8,DACIA DUSTER,-1,-1,0,-1
2023552400119,2023,552400119,1,9,0,18,19,4,8,0,0,0,1,0,0,0,1,1,2,2,1,29,6,1461,2,10,DACIA DUSTER,7,E01020375,0,-1
2023131282406,2023,131282406,1,9,0,9,9,1,7,0,0,8,0,0,0,0,4,1,5,6,1,64,9,999,7,1,DACIA DUSTER,5,E01010898,0,-1
2023991390956,2023,991390956,1,9,0,9,9,6,3,0,0,2,0,0,0,0,1,1,2,2,1,49,8,1333,1,2,DACIA DUSTER,9,-1,0,-1
2023991386800,2023,991386800,3,9,0,18,19,7,3,0,0,0,0,0,0,0,2,1,5,6,2,62,9,1461,2,2,DACIA DUSTER,-1,-1,0,-1
2023320615894,2023,320615894,2,9,0,3,3,3,7,0,0,0,0,0,0,0,4,1,6,6,1,54,8,1332,1,0,DACIA DUSTER,8,E01015690,0,-1
2023501274521,2023,501274521,2,9,0,2,2,1,1,0,0,1,0,0,0,0,3,1,6,6,1,44,7,1461,2,7,DACIA DUSTER,3,E01002695,0,-1
2023052300234,2023,052300234,2,9,0,2,2,0,0,0,0,0,0,0,0,0,1,1,6,6,1,48,8,999,1,2,DACIA DUSTER,2,E01007176,0,-1
2023471333625,2023,471333625,2,9,0,18,19,3,7,0,0,2,0,0,0,0,4,1,5,6,1,49,8,999,1,0,DACIA DUSTER,3,E01021037,0,-1
2023131275273,2023,131275273,2,9,0,18,19,3,7,0,0,1,0,0,0,0,1,1,5,6,2,45,7,1598,1,4,DACIA DUSTER,8,E01011413,0,-1
2023201380030,2023,201380030,1,9,0,1,1,6,2,0,0,8,0,0,0,0,4,1,6,6,1,65,9,999,1,1,DACIA DUSTER,-1,-1,0,-1
2023052301481,2023,052301481,1,9,0,9,9,3,7,0,0,1,0,0,0,0,1,1,6,6,1,33,6,999,1,2,DACIA DUSTER,1,E01012455,0,-1
2023430034098,2023,430034098,1,9,0,5,5,6,2,0,0,1,0,0,0,0,1,1,6,6,3,-1,-1,1598,1,4,DACIA DUSTER,-1,-1,0,-1
202354A544323,2023,54A544323,1,9,0,18,19,8,4,0,0,0,2,12,1,0,1,1,1,1,1,49,8,1461,2,10,DACIA DUSTER,10,E01022386,0,-1
2023071160244,2023,071160244,2,9,0,10,10,4,8,0,0,1,0,0,0,0,2,1,6,6,2,54,8,1461,2,5,DACIA DUSTER,6,E01018736,0,-1
2023201402160,2023,201402160,2,9,0,9,9,6,4,0,0,6,0,10,1,4,1,1,2,2,1,59,9,1598,1,4,DACIA DUSTER,9,E01009692,0,-1
2023231300024,2023,231300024,1,9,0,18,19,2,6,0,0,0,5,4,0,0,1,1,2,2,1,52,8,1461,2,1,DACIA DUSTER,9,E01031306,0,-1
2023461366946,2023,461366946,1,9,0,7,7,3,1,0,0,5,0,0,0,0,1,1,6,6,2,50,8,1598,1,4,DACIA DUSTER,9,E01024835,0,-1
2023010427183,2023,010427183,1,9,0,99,99,9,9,99,99,9,9,99,9,99,9,9,6,6,1,42,7,999,1,3,DACIA DUSTER,2,E01002606,0,-1
2023131274342,2023,131274342,1,9,0,9,9,4,7,0,0,8,0,0,0,0,1,1,5,6,1,59,9,1461,2,7,DACIA DUSTER,7,E01010933,0,-1
2023010424554,2023,010424554,1,9,0,18,19,5,1,0,0,1,0,0,0,0,4,1,6,6,2,58,9,1198,1,6,DACIA DUSTER,8,E01004119,0,-1
2023471266366,2023,471266366,3,9,0,18,19,3,7,0,0,0,0,0,0,0,3,1,2,2,1,58,9,1598,1,4,DACIA DUSTER,5,E01021120,0,-1
2023302300833,2023,302300833,1,9,0,7,7,6,1,0,0,2,0,0,0,0,1,1,6,6,2,40,7,1333,1,3,DACIA DUSTER,-1,-1,0,-1
2023010469391,2023,010469391,2,9,0,99,99,9,9,99,99,6,9,99,9,99,1,9,6,6,3,57,9,1598,1,4,DACIA DUSTER,2,E01000012,0,-1
2023351369061,2023,351369061,2,9,0,3,3,7,5,0,0,6,0,0,0,0,0,1,6,6,1,55,8,1461,2,1,DACIA DUSTER,9,E01022094,0,-1
2023010472977,2023,010472977,2,9,0,18,19,1,5,0,0,0,0,0,0,0,1,1,6,6,1,34,6,1332,1,0,DACIA DUSTER,2,E01001054,0,-1
2023302300426,2023,302300426,1,9,0,9,9,8,6,0,0,8,0,0,0,0,4,1,6,6,1,52,8,1461,2,5,DACIA DUSTER,9,E01019599,0,-1
2023471316945,2023,471316945,1,9,0,18,19,5,1,0,0,1,0,4,0,0,4,1,5,6,2,67,10,1461,2,7,DACIA DUSTER,9,E01030875,0,-1
2023547457523,2023,547457523,1,9,0,4,4,1,5,0,0,1,0,0,0,0,1,1,6,6,1,57,9,1461,2,10,DACIA DUSTER,6,E01022187,0,-1
2023161297812,2023,161297812,1,9,0,4,4,1,5,0,0,1,0,0,0,0,1,1,2,2,1,48,8,1461,2,6,DACIA DUSTER,10,E01013068,0,-1
2023371381618,2023,371381618,2,9,-1,18,19,-1,-1,0,0,3,0,0,0,0,1,1,5,6,2,44,7,999,7,1,DACIA DUSTER,7,E01029871,0,-1
2023010424326,2023,010424326,1,9,0,99,99,9,9,99,99,0,9,99,9,99,2,9,1,1,1,49,8,999,1,4,DACIA DUSTER,6,E01023932,0,-1
2023991352414,2023,991352414,1,9,0,18,19,7,2,0,0,0,0,0,0,0,1,1,2,2,1,29,6,999,1,3,DACIA DUSTER,4,-1,0,-1
2023430122191,2023,430122191,1,9,0,9,9,3,1,0,0,5,0,0,0,0,4,1,6,6,1,80,11,1461,2,5,DACIA DUSTER,7,E01028776,0,-1
2023070098652,2023,070098652,2,9,0,18,19,6,2,0,0,8,0,0,0,0,4,1,6,6,1,70,10,999,1,3,DACIA DUSTER,10,E01018439,0,-1
2023991313526,2023,991313526,2,9,0,18,19,3,7,0,0,0,5,0,0,0,2,1,2,2,1,64,9,1461,2,7,DACIA DUSTER,8,-1,0,-1
2023201363459,2023,201363459,2,9,0,18,19,3,7,0,0,8,0,10,1,10,3,1,6,6,1,62,9,1461,2,10,DACIA DUSTER,1,E01026115,0,-1
2023101390325,2023,101390325,1,9,0,18,19,3,7,0,0,0,0,0,0,0,1,1,5,6,1,56,9,1330,1,3,DACIA DUSTER,1,E01008165,0,-1
2023131299390,2023,131299390,1,9,0,1,1,1,1,0,0,0,0,0,0,0,2,2,5,6,1,69,10,1461,2,5,DACIA DUSTER,4,E01011325,0,-1
2023451352623,2023,451352623,1,9,0,18,19,1,5,0,0,2,0,0,0,0,1,1,5,6,1,28,6,1330,1,4,DACIA DUSTER,4,E01017339,0,-1
2023101302798,2023,101302798,2,9,0,18,19,3,7,0,0,2,1,0,0,0,2,1,5,6,1,44,7,999,7,2,DACIA DUSTER,3,E01019271,0,-1
2023522301538,2023,522301538,2,9,0,18,19,2,6,0,0,0,0,0,0,0,1,1,6,6,2,55,8,999,1,3,DACIA DUSTER,7,E01014959,0,-1
2023070725850,2023,070725850,3,9,0,3,3,1,5,0,0,1,0,0,0,0,2,1,6,6,1,31,6,1461,2,10,DACIA DUSTER,4,E01006854,0,-1
2023101388288,2023,101388288,2,9,0,3,3,6,2,0,0,8,0,0,0,0,2,1,6,6,2,33,6,1598,1,4,DACIA DUSTER,10,E01008551,0,-1
2023101375161,2023,101375161,3,9,0,2,2,1,1,0,0,0,0,0,0,0,2,1,2,2,2,42,7,1598,1,4,DACIA DUSTER,4,E01008614,0,-1
2023471320696,2023,471320696,1,9,0,11,11,3,7,0,0,0,0,0,0,0,1,1,6,6,2,-1,-1,999,7,2,DACIA DUSTER,3,E01031552,0,-1
2023131347708,2023,131347708,1,9,0,18,19,3,7,0,0,8,0,0,0,0,4,1,6,6,1,16,4,1461,2,10,DACIA DUSTER,1,E01010943,0,-1
2023440245655,2023,440245655,1,9,0,18,19,7,3,0,0,1,0,0,0,0,3,1,3,7,1,53,8,1333,1,0,DACIA DUSTER,7,E01023098,0,-1
2023622300040,2023,622300040,1,9,0,18,19,2,5,0,0,0,1,10,4,2,1,1,6,6,1,76,11,1598,1,4,DACIA DUSTER,9,W01001949,0,-1
2023041332236,2023,041332236,3,9,0,2,2,3,7,0,0,0,0,4,0,0,2,1,5,6,1,76,11,1332,1,0,DACIA DUSTER,8,E01024924,0,-1
2023421307911,2023,421307911,1,9,0,7,7,5,7,0,0,8,0,0,0,0,1,1,2,2,1,51,8,1461,2,10,DACIA DUSTER,9,E01015850,0,-1
2023061393232,2023,061393232,2,9,0,18,19,5,1,0,0,0,0,0,0,0,2,1,5,6,1,82,11,1461,2,7,DACIA DUSTER,1,E01005106,0,-1
2023061281035,2023,061281035,3,9,0,2,2,8,8,4,4,0,0,0,0,0,0,1,6,6,3,-1,-1,999,7,2,DACIA DUSTER,-1,-1,0,-1
2023622300161,2023,622300161,1,9,0,17,19,8,4,0,0,1,0,0,0,0,1,1,6,6,2,28,6,999,1,2,DACIA DUSTER,5,W01001033,0,-1
2023540746123,2023,540746123,1,9,0,9,9,7,4,0,0,1,0,0,0,0,1,1,6,6,2,39,7,1330,1,4,DACIA DUSTER,8,E01032690,0,-1
2023010440707,2023,010440707,2,9,0,99,99,9,9,99,99,9,9,99,9,99,1,9,6,6,3,-1,-1,1461,2,6,DACIA DUSTER,-1,-1,0,-1
2023361340387,2023,361340387,2,9,0,18,19,5,1,0,0,0,0,0,0,0,3,1,5,6,1,75,10,1198,1,6,DACIA DUSTER,7,E01026924,0,-1
2023131268459,2023,131268459,1,9,0,16,19,1,1,0,0,0,0,0,7,0,1,1,5,6,1,63,9,1461,2,10,DACIA DUSTER,7,E01011849,0,-1
2023010426035,2023,010426035,2,9,0,99,99,9,9,99,99,9,9,99,9,99,1,9,6,6,3,-1,-1,999,1,1,DACIA DUSTER,-1,-1,0,-1
2023311297577,2023,311297577,4,9,0,18,19,1,5,0,0,0,0,0,1,0,3,1,5,6,1,33,6,1598,1,4,DACIA DUSTER,8,E01028047,0,-1
2023340WN1862,2023,340WN1862,4,9,0,18,19,7,3,0,0,0,0,1,0,0,2,1,6,6,2,37,7,1461,2,4,DACIA DUSTER,8,-1,0,-1
2023201326252,2023,201326252,1,9,0,7,7,3,5,0,0,6,0,4,0,0,1,1,6,6,1,79,11,1598,1,8,DACIA DUSTER,1,E01010039,0,-1
2023501324681,2023,501324681,1,9,0,3,3,7,1,0,0,1,0,0,0,0,2,1,5,6,1,55,8,1461,2,9,DACIA DUSTER,3,E01015085,0,-1
2023010483201,2023,010483201,1,9,0,9,9,1,7,0,0,6,0,0,0,0,3,1,6,6,2,32,6,1333,1,1,DACIA DUSTER,10,E01030790,0,-1
2023131402698,2023,131402698,3,9,0,2,2,7,3,0,0,8,0,0,0,0,4,1,6,6,3,-1,-1,1598,1,4,DACIA DUSTER,-1,-1,0,-1
2023122300836,2023,122300836,1,9,0,18,19,5,1,0,0,0,0,0,0,0,1,1,6,6,2,68,10,1461,2,6,DACIA DUSTER,1,E01027847,0,-1
2023471339640,2023,471339640,3,9,0,2,2,0,0,0,0,2,0,0,0,0,4,1,6,6,3,-1,-1,1461,2,10,DACIA DUSTER,-1,-1,0,-1
2023141358231,2023,141358231,2,9,0,1,1,3,7,0,0,0,0,0,0,0,2,1,6,6,2,50,8,1461,2,10,DACIA DUSTER,2,E01007783,0,-1
2023421376602,2023,421376602,1,9,0,9,9,3,2,0,0,1,0,0,0,0,1,1,5,6,2,73,10,1332,1,0,DACIA DUSTER,9,E01021692,0,-1
2023052302634,2023,052302634,1,9,0,18,19,5,1,0,0,1,0,0,0,0,1,1,6,6,1,71,10,1461,2,1,DACIA DUSTER,6,E01014351,0,-1
2023991372698,2023,991372698,1,9,0,9,9,8,5,0,0,0,0,0,0,0,3,1,1,1,2,58,9,1461,2,1,DACIA DUSTER,8,-1,0,-1
2023552300692,2023,552300692,2,9,0,18,19,8,4,0,0,8,0,0,0,0,1,1,6,6,1,32,6,1333,1,1,DACIA DUSTER,10,E01020350,0,-1
2023451363997,2023,451363997,2,9,0,3,3,1,5,0,0,4,0,0,0,0,3,1,6,6,2,60,9,1598,1,4,DACIA DUSTER,-1,-1,0,-1
2023161350512,2023,161350512,2,9,0,9,9,1,5,0,0,4,0,0,0,0,4,1,5,6,1,77,11,1461,2,9,DACIA DUSTER,1,E01012905,0,-1
2023440125679,2023,440125679,1,9,0,9,9,2,8,0,0,8,0,0,0,0,3,1,6,6,1,44,7,1598,1,4,DACIA DUSTER,7,E01017367,0,-1
2023451329646,2023,451329646,1,9,0,17,19,5,1,0,0,0,5,10,2,10,1,1,6,6,1,30,6,1598,1,5,DACIA DUSTER,7,E01030583,0,-1
2023371326516,2023,371326516,2,9,0,18,19,1,5,0,0,1,0,0,0,0,1,1,5,6,2,72,10,1461,2,10,DACIA DUSTER,6,E01030194,0,-1
2023041293913,2023,041293913,1,9,0,3,3,7,3,0,0,1,0,0,0,0,1,1,5,6,1,70,10,999,1,1,DACIA DUSTER,4,E01024933,0,-1
2023451346553,2023,451346553,2,9,0,3,3,4,8,0,0,1,0,0,0,0,2,1,6,6,2,59,9,1333,1,1,DACIA DUSTER,8,E01030845,0,-1
2023010471411,2023,010471411,1,9,0,99,99,9,9,99,99,9,9,99,9,99,9,9,2,2,1,54,8,999,1,2,DACIA DUSTER,9,E01016513,0,-1
2023070654310,2023,070654310,2,9,0,9,9,3,7,0,0,0,0,0,0,0,3,1,6,6,1,58,9,1461,2,10,DACIA DUSTER,1,E01018459,0,-1
2023631354617,2023,631354617,2,9,0,2,2,0,0,0,0,0,0,0,0,0,4,1,5,6,2,34,6,1461,2,5,DACIA DUSTER,-1,-1,0,-1
2023991289206,2023,991289206,6,9,0,2,2,0,0,9,9,2,0,0,0,0,3,1,6,6,3,-1,-1,1461,2,6,DACIA DUSTER,-1,-1,0,-1
2023531375382,2023,531375382,1,9,0,5,5,1,5,0,0,1,0,0,0,0,1,1,6,6,2,68,10,1461,2,6,DACIA DUSTER,6,E01022233,0,-1
2023471274996,2023,471274996,1,9,0,2,2,0,0,0,0,1,0,0,0,0,4,1,5,6,2,52,8,1198,1,6,DACIA DUSTER,7,E01016979,0,-1
2023111263170,2023,111263170,2,9,0,18,19,1,5,0,0,1,0,0,1,0,1,1,5,6,2,50,8,1461,2,4,DACIA DUSTER,5,E01020810,0,-1
2023010473074,2023,010473074,1,9,0,4,4,1,5,0,0,1,0,0,0,0,3,1,6,6,1,46,8,1598,1,4,DACIA DUSTER,2,E01001339,0,-1
2023161355391,2023,161355391,1,9,0,18,19,3,7,0,0,0,0,0,0,0,1,1,6,6,1,82,11,1461,2,9,DACIA DUSTER,5,E01013119,0,-1
2023211331418,2023,211331418,1,9,0,18,19,5,8,0,0,8,0,0,0,0,1,1,6,6,1,-1,-1,1461,2,6,DACIA DUSTER,2,E01014236,0,-1
2023141354504,2023,141354504,1,9,0,18,19,6,2,0,0,1,0,0,0,0,1,1,2,2,2,32,6,1461,2,5,DACIA DUSTER,5,E01007644,0,-1
2023221276023,2023,221276023,3,9,0,18,19,6,2,0,0,0,0,0,0,0,1,1,5,6,1,51,8,1461,2,10,DACIA DUSTER,5,E01032357,0,-1
2023991313039,2023,991313039,1,9,0,12,12,4,1,0,0,1,0,0,0,0,1,1,5,6,1,37,7,999,1,3,DACIA DUSTER,5,-1,0,-1
2023991389448,2023,991389448,2,9,0,18,19,1,5,0,0,0,0,0,0,0,1,1,1,1,1,49,8,1461,2,8,DACIA DUSTER,4,-1,0,-1
2023041311943,2023,041311943,1,9,0,18,19,4,7,0,0,0,0,11,0,0,1,1,5,6,2,69,10,999,1,3,DACIA DUSTER,8,E01004918,0,-1
2023201287707,2023,201287707,2,9,0,2,2,0,0,0,0,0,0,0,0,0,2,1,2,2,1,54,8,1461,2,7,DACIA DUSTER,1,E01010484,0,-1
2023101267801,2023,101267801,3,9,0,18,19,1,5,0,0,0,0,0,0,0,2,1,6,6,2,32,6,1461,2,10,DACIA DUSTER,8,E01008188,0,-1
2023052302952,2023,052302952,2,9,0,18,19,5,1,0,0,4,0,0,0,0,3,1,6,6,2,26,6,999,1,0,DACIA DUSTER,4,E01006349,0,-1
2023041263303,2023,041263303,2,9,0,18,19,3,7,0,0,1,0,0,0,0,1,1,5,6,1,31,6,1461,2,9,DACIA DUSTER,3,E01012691,0,-1
2023991336183,2023,991336183,5,9,0,3,3,8,4,0,0,0,0,0,0,0,2,1,6,6,1,54,8,1598,1,4,DACIA DUSTER,1,-1,0,-1
2023010429096,2023,010429096,2,9,0,99,99,9,9,99,99,9,9,99,9,99,1,9,6,6,1,41,7,999,1,4,DACIA DUSTER,1,E01012624,0,-1
2023451294933,2023,451294933,3,9,0,18,19,1,3,0,0,1,0,0,0,0,2,1,6,6,3,30,6,1598,1,4,DACIA DUSTER,6,E01030546,0,-1
2023522300714,2023,522300714,2,8,0,6,6,4,4,0,0,2,0,0,0,0,1,1,1,1,1,-1,-1,1598,1,4,-1,-1,-1,0,-1
2023101404190,2023,101404190,2,9,0,3,3,3,7,0,0,0,0,0,0,0,2,1,5,6,1,85,11,999,7,2,DACIA DUSTER,1,E01008388,0,-1
2023430124271,2023,430124271,1,9,0,18,19,5,1,0,0,8,0,0,0,0,3,1,2,2,1,31,6,1461,2,10,DACIA DUSTER,5,E01021211,0,-1
2023461340157,2023,461340157,6,9,0,18,19,1,5,0,0,0,0,0,0,0,1,1,6,6,1,38,7,1198,1,5,DACIA DUSTER,5,E01024551,0,-1
2023320450519,2023,320450519,2,5,0,18,19,1,5,0,0,0,0,0,0,0,1,1,6,6,1,66,10,992,1,14,-1,7,E01032989,0,-1
2023052301516,2023,052301516,1,3,0,17,19,1,6,0,0,0,1,0,1,11,1,1,6,6,1,54,8,125,1,12,-1,1,E01007006,0,-1
2023531421091,2023,531421091,1,5,0,18,19,7,3,0,0,0,0,0,0,0,0,1,6,6,1,75,10,1585,1,13,-1,10,E01022170,0,-1
2023549357123,2023,549357123,2,5,0,18,19,7,3,0,0,8,0,0,0,0,1,1,6,6,1,55,8,1584,1,15,-1,8,E01031900,0,-1
2023440234463,2023,440234463,2,5,0,18,19,6,2,0,0,1,0,0,0,0,1,1,6,6,1,67,10,1584,1,15,-1,6,E01023081,0,-1
2023201366769,2023,201366769,2,5,0,14,14,6,2,0,0,8,0,0,0,0,4,1,2,2,1,64,9,1450,1,23,-1,5,E01009913,0,-1
2023501272152,2023,501272152,2,5,0,18,19,1,5,0,0,1,0,0,0,0,1,1,6,6,1,30,6,1450,1,18,-1,1,E01019033,0,-1
2023332300748,2023,332300748,1,5,0,4,4,4,8,0,0,0,1,0,0,0,1,1,6,6,1,70,10,1340,1,26,-1,10,E01025729,0,-1
2023440310134,2023,440310134,1,9,0,18,19,4,8,0,0,0,2,0,1,4,1,1,6,6,1,19,4,1997,1,23,-1,6,E01023199,0,-1
2023471380484,2023,471380484,2,9,0,17,19,7,3,0,0,4,0,0,0,0,4,1,2,2,1,26,6,1997,1,25,-1,5,E01031577,0,-1
2023340NN3412,2023,340NN3412,1,9,0,18,19,6,2,0,0,4,0,0,0,0,1,1,2,2,1,38,7,2157,1,23,-1,4,E01026972,0,-1
2023302301870,2023,302301870,1,9,0,18,19,4,8,0,0,2,0,0,0,0,1,1,6,6,1,21,5,1997,1,25,-1,8,E01013580,0,-1
2023010446650,2023,010446650,1,4,0,4,4,3,7,0,0,1,0,0,0,0,2,1,2,2,1,41,7,279,1,5,HONDA SH 300,6,E01003394,0,-1
2023010424285,2023,010424285,1,3,0,99,99,9,9,0,0,8,0,0,0,0,1,1,6,6,1,49,8,279,1,5,HONDA SH 300,2,E01002608,0,-1
2023010472444,2023,010472444,2,4,0,99,99,9,9,99,99,9,9,99,9,99,1,1,6,6,3,-1,-1,279,1,4,HONDA SH 300,-1,-1,0,-1
2023010458868,2023,010458868,1,4,0,99,99,9,9,99,99,9,9,99,9,99,1,1,6,6,1,23,5,279,1,4,HONDA SH 300,1,E01002040,0,-1
2023010476680,2023,010476680,2,3,0,99,99,9,9,99,99,9,9,99,9,99,1,1,6,6,3,-1,-1,279,1,4,HONDA SH 300,-1,-1,0,-1
2023010460129,2023,010460129,1,3,0,18,19,5,1,0,0,0,0,0,0,0,1,1,6,6,1,65,9,279,1,5,HONDA SH 300,10,E01001101,0,-1
2023010466537,2023,010466537,1,4,0,18,19,3,7,0,0,0,0,4,0,0,1,1,6,6,1,26,6,279,1,11,HONDA SH 300,9,E01000991,0,-1
2023010470544,2023,010470544,1,4,0,99,99,9,9,99,99,9,9,99,9,99,2,1,1,1,1,42,7,279,1,7,HONDA SH 300,3,E01001440,0,-1
2023010419810,2023,010419810,1,4,0,99,99,9,9,99,99,9,9,99,9,99,1,1,1,1,1,44,7,279,1,4,HONDA SH 300,4,E01000171,0,-1
2023010437455,2023,010437455,1,2,0,15,15,1,5,0,0,0,1,0,0,0,0,1,2,2,1,57,9,279,1,4,-1,7,E01004627,0,-1
2023451306595,2023,451306595,1,4,0,18,19,1,5,0,0,0,2,0,0,0,1,1,5,6,1,36,7,279,1,5,HONDA SH 300,8,E01030950,0,-1
2023010474132,2023,010474132,2,4,0,3,3,1,5,0,0,0,0,0,0,0,4,1,6,6,1,17,4,279,1,13,HONDA SH 300,2,E01002561,0,-1
2023010458447,2023,010458447,1,3,0,99,99,9,9,99,99,9,9,99,9,99,2,1,1,1,1,20,4,279,1,4,HONDA SH 300,3,E01002620,0,-1
2023010457530,2023,010457530,1,4,0,99,99,9,9,99,99,9,9,99,9,99,9,1,1,1,1,26,6,279,1,11,HONDA SH 300,2,E01002737,0,-1
2023010428756,2023,010428756,1,3,0,99,99,9,9,99,99,9,9,99,9,99,2,1,6,6,1,37,7,279,1,3,HONDA SH 300,6,E01004360,0,-1
2023170M11883,2023,170M11883,1,4,0,18,19,6,2,0,0,0,0,0,0,0,1,1,6,6,1,42,7,279,1,6,HONDA SH 300,1,E01012027,0,-1
2023010420978,2023,010420978,1,4,0,18,19,1,5,4,4,1,0,0,0,0,1,1,6,6,1,35,6,279,1,7,HONDA SH 300,4,E01003317,0,-1