collision_index,collision_year,collision_ref_no,vehicle_reference,vehicle_type,towing_and_articulation,vehicle_manoeuvre_historic,vehicle_manoeuvre,vehicle_direction_from,vehicle_direction_to,vehicle_location_restricted_lane_historic,vehicle_location_restricted_lane,junction_location,skidding_and_overturning,hit_object_in_carriageway,vehicle_leaving_carriageway,hit_object_off_carriageway,first_point_of_impact,vehicle_left_hand_drive,journey_purpose_of_driver_historic,journey_purpose_of_driver,sex_of_driver,age_of_driver,age_band_of_driver,engine_capacity_cc,propulsion_code,age_of_vehicle,generic_make_model,driver_imd_decile,lsoa_of_driver,escooter_flag,driver_distance_banding
2023552301090,2023,552301090,1,9,0,18,19,4,8,0,0,1,0,0,0,0,1,1,6,6,1,39,7,1968,2,16,VOLKSWAGEN PASSAT,3,E01015285,0,-1
2023131348665,2023,131348665,2,9,0,18,19,7,3,0,0,1,0,0,0,0,4,1,5,6,1,28,6,1968,2,12,VOLKSWAGEN PASSAT,1,E01010663,0,-1
2023461344241,2023,461344241,1,9,0,18,19,7,3,0,0,1,0,4,3,11,1,1,6,6,1,85,11,2000,2,17,VOLKSWAGEN PASSAT,9,E01024244,0,-1
2023461322017,2023,461322017,2,9,0,3,3,5,8,0,0,0,0,0,0,0,2,1,6,6,2,43,7,1968,2,13,VOLKSWAGEN PASSAT,10,E01024735,0,-1
2023010436415,2023,010436415,1,8,0,18,19,3,7,0,0,2,0,0,1,0,1,1,1,1,1,-1,-1,1395,8,6,VOLKSWAGEN PASSAT,6,E01003694,0,-1
2023041297594,2023,041297594,2,9,0,18,19,2,1,0,0,1,0,0,0,0,1,1,6,6,1,54,8,1968,2,3,VOLKSWAGEN PASSAT,1,E01025230,0,-1
2023991266508,2023,991266508,1,9,0,18,19,8,4,0,0,1,0,0,0,0,1,1,5,6,1,39,7,1968,2,6,VOLKSWAGEN PASSAT,2,-1,0,-1
2023201328090,2023,201328090,2,9,0,18,19,3,7,0,0,8,0,0,0,0,3,1,6,6,1,-1,-1,1968,2,15,VOLKSWAGEN PASSAT,2,E01009833,0,-1
2023421306406,2023,421306406,1,9,0,18,19,7,3,0,0,0,0,0,0,0,1,1,6,6,1,36,7,1968,2,7,VOLKSWAGEN PASSAT,4,E01023447,0,-1
2023302300296,2023,302300296,1,9,0,18,19,8,4,0,0,0,0,0,0,0,1,1,6,6,2,37,7,1598,2,12,VOLKSWAGEN PASSAT,-1,-1,0,-1
2023061370680,2023,061370680,1,9,0,9,9,7,4,0,0,2,0,0,0,0,1,1,5,6,1,45,7,1598,2,12,VOLKSWAGEN PASSAT,2,E01005471,0,-1
2023371366766,2023,371366766,1,9,0,18,19,4,8,0,0,0,0,0,0,0,1,1,5,6,1,72,10,1968,2,9,VOLKSWAGEN PASSAT,3,E01029918,0,-1
2023010423350,2023,010423350,1,9,0,18,19,1,5,0,0,1,0,0,0,0,1,1,2,2,1,36,7,1896,2,20,VOLKSWAGEN PASSAT,3,E01000432,0,-1
2023471380032,2023,471380032,2,9,0,18,19,8,6,0,0,8,0,0,0,0,3,1,5,6,1,75,10,1968,2,13,VOLKSWAGEN PASSAT,7,E01031414,0,-1
2023010479634,2023,010479634,2,9,0,4,4,1,5,0,0,2,0,0,0,0,4,1,6,6,1,40,7,1968,2,9,VOLKSWAGEN PASSAT,1,E01033584,0,-1
2023371356502,2023,371356502,1,9,0,18,19,6,2,0,0,0,0,0,0,0,1,1,3,7,2,34,6,1968,2,14,VOLKSWAGEN PASSAT,6,E01030212,0,-1
2023010484251,2023,010484251,1,9,0,18,19,5,1,0,0,0,0,10,0,0,1,1,6,6,1,75,10,1984,1,5,VOLKSWAGEN PASSAT,9,E01003467,0,-1
2023531401745,2023,531401745,2,9,0,3,3,5,1,0,0,0,0,0,0,0,2,1,2,2,1,39,7,1986,2,14,VOLKSWAGEN PASSAT,10,E01022438,0,-1
2023461380215,2023,461380215,1,9,0,18,19,3,7,0,0,0,0,0,0,0,4,1,6,6,2,-1,-1,1896,2,16,VOLKSWAGEN PASSAT,-1,-1,0,-1
2023552301176,2023,552301176,2,9,0,3,3,4,8,0,0,1,0,0,0,0,2,1,1,1,1,48,8,1395,8,0,VOLKSWAGEN PASSAT,2,E01015384,0,-1
2023411278803,2023,411278803,2,9,0,18,19,1,5,0,0,0,0,0,0,0,2,1,6,6,1,45,7,1968,2,11,VOLKSWAGEN PASSAT,6,E01023409,0,-1
2023451323700,2023,451323700,2,9,0,18,19,3,7,0,0,0,0,4,0,0,1,1,5,6,1,53,8,1896,2,20,VOLKSWAGEN PASSAT,10,E01030811,0,-1
2023041280791,2023,041280791,1,9,0,18,19,2,6,9,9,1,1,0,7,11,1,1,2,2,1,40,7,1968,2,14,VOLKSWAGEN PASSAT,6,E01025107,0,-1
2023371318953,2023,371318953,2,9,0,4,4,1,5,0,0,4,0,0,0,0,2,1,5,6,1,38,7,1968,2,15,VOLKSWAGEN PASSAT,6,E01029915,0,-1
2023201403232,2023,201403232,1,9,0,9,9,7,4,0,0,6,0,0,0,0,1,1,6,6,1,28,6,1968,2,13,VOLKSWAGEN PASSAT,3,E01010538,0,-1
2023201303516,2023,201303516,1,9,-1,5,5,-1,-1,0,0,0,0,0,0,0,3,1,6,6,3,-1,-1,1968,2,16,VOLKSWAGEN PASSAT,-1,-1,0,-1
2023411362160,2023,411362160,1,8,0,18,19,7,3,0,0,1,0,0,0,0,1,1,6,6,1,48,8,1598,2,8,VOLKSWAGEN PASSAT,4,E01015784,0,-1
2023141392468,2023,141392468,2,9,0,5,5,3,7,0,0,8,0,0,0,0,3,1,1,1,1,49,8,1968,2,5,VOLKSWAGEN PASSAT,-1,-1,0,-1
2023201283940,2023,201283940,2,9,0,9,9,3,1,0,0,6,0,0,0,0,1,1,6,6,1,42,7,1968,2,11,VOLKSWAGEN PASSAT,5,E01009873,0,-1
2023010419601,2023,010419601,1,9,0,1,1,5,1,7,6,7,0,11,0,0,2,1,1,1,1,62,9,1968,2,6,VOLKSWAGEN PASSAT,8,E01000412,0,-1
2023041306705,2023,041306705,2,9,0,9,9,1,5,0,0,0,0,0,0,0,2,1,5,6,2,59,9,1968,2,14,VOLKSWAGEN PASSAT,4,E01025335,0,-1
2023010458371,2023,010458371,2,9,0,99,99,9,9,99,99,9,9,99,9,99,9,9,6,6,3,-1,-1,1968,2,16,VOLKSWAGEN PASSAT,2,E01002281,0,-1
2023421386673,2023,421386673,2,8,0,18,19,5,1,0,0,0,0,0,0,0,3,1,1,1,1,55,8,1968,2,6,VOLKSWAGEN PASSAT,10,E01021244,0,-1
2023041319571,2023,041319571,1,9,0,6,6,2,6,0,0,0,0,0,0,0,1,1,6,6,1,22,5,1986,2,14,VOLKSWAGEN PASSAT,1,E01025584,0,-1
2023411301131,2023,411301131,2,9,0,1,1,2,6,9,9,0,5,0,0,0,2,1,6,6,2,-1,-1,1968,2,8,VOLKSWAGEN PASSAT,-1,-1,0,-1
2023231388150,2023,231388150,2,9,0,4,4,7,3,0,0,0,0,0,0,0,2,1,1,1,1,48,8,1968,2,5,VOLKSWAGEN PASSAT,4,E01009087,0,-1
2023141325477,2023,141325477,3,9,0,18,19,6,2,0,0,0,0,0,0,0,4,1,6,6,3,-1,-1,1968,2,5,VOLKSWAGEN PASSAT,-1,-1,0,-1
2023201288434,2023,201288434,2,8,0,4,4,7,3,0,0,0,0,0,0,0,0,1,1,1,1,37,7,1968,2,8,VOLKSWAGEN PASSAT,1,E01010541,0,-1
2023311363217,2023,311363217,2,9,0,5,5,8,5,0,0,4,0,0,0,0,1,1,5,6,1,64,9,2000,2,16,VOLKSWAGEN PASSAT,7,E01012794,0,-1
2023411364204,2023,411364204,1,9,0,18,19,1,5,0,0,8,0,0,0,0,1,1,6,6,3,-1,-1,1968,2,13,VOLKSWAGEN PASSAT,-1,-1,0,-1
2023010440461,2023,010440461,2,9,0,18,19,3,7,0,0,1,0,0,0,0,4,1,1,1,1,57,9,1598,2,3,VOLKSWAGEN PASSAT,1,E01004042,0,-1
2023231298336,2023,231298336,1,9,0,11,11,4,8,0,0,8,0,0,0,0,2,1,5,6,1,59,9,1968,2,7,VOLKSWAGEN PASSAT,1,E01028263,0,-1
2023221370128,2023,221370128,1,9,0,7,7,6,8,0,0,6,1,0,7,11,1,1,5,6,1,28,6,1968,2,16,VOLKSWAGEN PASSAT,7,E01032412,0,-1
2023320092158,2023,320092158,1,9,0,18,19,6,2,0,0,1,0,0,0,0,1,1,6,6,1,35,6,1968,2,11,VOLKSWAGEN PASSAT,3,E01026146,0,-1
2023531341678,2023,531341678,1,9,0,18,19,8,4,0,0,0,0,12,0,0,1,1,5,6,1,37,7,1900,2,24,VOLKSWAGEN PASSAT,7,E01022407,0,-1
2023101260085,2023,101260085,2,9,0,7,7,3,5,0,0,8,0,0,0,0,3,1,1,1,1,46,8,1598,2,9,VOLKSWAGEN PASSAT,4,E01008255,0,-1
2023010442093,2023,010442093,2,9,0,5,5,2,6,0,0,6,0,0,0,0,1,1,6,6,2,47,8,1968,2,6,VOLKSWAGEN PASSAT,2,E01000097,0,-1
2023610033123,2023,610033123,2,9,0,4,4,3,7,0,0,1,0,0,0,0,1,1,6,6,1,25,5,1968,2,11,VOLKSWAGEN PASSAT,7,W01001507,0,-1
2023501352505,2023,501352505,3,9,0,18,19,7,3,0,0,0,0,0,0,0,1,1,2,2,1,48,8,1968,2,14,VOLKSWAGEN PASSAT,8,E01020054,0,-1
2023010425579,2023,010425579,2,9,0,99,99,9,9,99,99,9,9,99,9,99,2,9,6,6,3,-1,-1,1968,2,14,VOLKSWAGEN PASSAT,-1,-1,0,-1
2023421373739,2023,421373739,2,9,0,18,19,7,3,0,0,1,0,0,0,0,1,1,5,6,1,75,10,1896,2,17,VOLKSWAGEN PASSAT,1,E01021703,0,-1
2023041262111,2023,041262111,2,9,0,18,19,1,5,0,0,0,0,0,0,0,3,2,5,6,1,42,7,1968,2,12,VOLKSWAGEN PASSAT,-1,-1,0,-1
2023061338504,2023,061338504,1,9,0,4,4,1,5,0,0,0,0,0,0,0,4,1,5,6,2,33,6,1968,2,15,VOLKSWAGEN PASSAT,1,E01005183,0,-1
2023991287110,2023,991287110,1,9,0,5,5,5,7,6,6,4,0,0,0,0,1,1,5,6,1,23,5,1598,2,11,VOLKSWAGEN PASSAT,-1,-1,0,-1
2023161369091,2023,161369091,1,9,0,4,4,3,7,0,0,0,0,0,0,0,3,1,1,1,1,43,7,1968,2,3,VOLKSWAGEN PASSAT,10,E01025478,0,-1
2023010441433,2023,010441433,3,9,0,2,2,0,0,0,0,2,0,0,0,0,2,1,6,6,3,-1,-1,1598,2,11,VOLKSWAGEN PASSAT,-1,-1,0,-1
2023131302657,2023,131302657,2,9,0,18,19,7,3,0,0,0,0,0,0,0,-1,1,6,6,3,-1,-1,1968,2,15,VOLKSWAGEN PASSAT,-1,-1,0,-1
202354A277223,2023,54A277223,3,9,0,10,10,7,5,0,0,1,0,0,0,0,2,1,3,7,2,49,8,1986,2,15,VOLKSWAGEN PASSAT,8,E01031868,0,-1
2023010426602,2023,010426602,1,9,0,9,9,5,2,0,0,1,0,0,0,0,3,1,6,6,1,55,8,1984,1,17,VOLKSWAGEN PASSAT,4,E01001180,0,-1
2023201446009,2023,201446009,3,9,0,18,19,5,1,0,0,1,0,0,0,0,1,1,5,6,1,36,7,1968,2,7,VOLKSWAGEN PASSAT,1,E01008931,0,-1
2023131366643,2023,131366643,1,9,0,-1,-1,-1,-1,-1,-1,0,-1,-1,-1,-1,4,1,6,6,3,-1,-1,1968,2,8,VOLKSWAGEN PASSAT,-1,-1,0,-1
2023541026623,2023,541026623,1,9,0,18,19,4,8,0,0,1,0,0,0,0,1,1,2,2,1,30,6,1968,2,16,VOLKSWAGEN PASSAT,5,E01032089,0,-1
2023471260921,2023,471260921,1,9,0,9,9,3,7,0,0,0,0,0,0,0,1,2,5,6,1,41,7,1968,2,10,VOLKSWAGEN PASSAT,4,E01031553,0,-1
2023131294971,2023,131294971,1,9,0,-1,-1,-1,-1,-1,-1,8,-1,-1,-1,0,-1,1,6,6,3,-1,-1,1968,2,13,VOLKSWAGEN PASSAT,-1,-1,0,-1
2023041315220,2023,041315220,2,9,0,5,5,1,5,0,0,2,0,0,0,0,3,1,6,6,1,37,7,1968,2,11,VOLKSWAGEN PASSAT,2,E01025075,0,-1
2023201418054,2023,201418054,1,9,0,18,19,4,8,0,0,0,0,4,0,0,1,1,6,6,1,41,7,1968,2,12,VOLKSWAGEN PASSAT,1,E01009889,0,-1
2023071293832,2023,071293832,2,9,0,18,19,2,6,0,0,1,0,0,0,0,3,1,2,2,1,23,5,1968,2,6,VOLKSWAGEN PASSAT,9,E01005738,0,-1
2023122300676,2023,122300676,2,9,0,18,19,1,5,0,0,8,1,0,7,9,1,1,2,2,1,53,8,1968,2,3,VOLKSWAGEN PASSAT,10,E01027641,0,-1
2023010422697,2023,010422697,2,9,0,99,99,9,9,99,99,9,9,99,9,99,9,9,6,6,3,-1,-1,1790,1,13,VOLKSWAGEN PASSAT,-1,-1,0,-1
2023311346002,2023,311346002,1,9,0,9,9,2,7,0,0,5,0,0,0,0,4,1,6,6,3,-1,-1,1968,2,13,VOLKSWAGEN PASSAT,-1,-1,0,-1
2023461373762,2023,461373762,1,9,0,4,4,4,8,0,0,2,0,0,0,0,2,1,5,6,2,50,8,1968,2,13,VOLKSWAGEN PASSAT,7,E01024719,0,-1
2023430002404,2023,430002404,1,9,0,16,19,6,1,0,0,0,0,0,1,4,1,1,6,6,1,28,6,1968,2,13,VOLKSWAGEN PASSAT,8,E01033724,0,-1
2023201397243,2023,201397243,1,9,0,18,19,2,6,0,0,0,0,0,0,0,1,1,6,6,3,-1,-1,1968,2,10,VOLKSWAGEN PASSAT,-1,-1,0,-1
2023549498323,2023,549498323,2,9,0,18,19,8,4,0,0,1,0,0,1,9,3,1,6,6,1,62,9,1598,2,12,VOLKSWAGEN PASSAT,7,E01031848,0,-1
2023471313238,2023,471313238,1,8,0,3,3,7,3,0,0,1,0,0,0,0,1,1,1,1,1,43,7,1968,2,4,VOLKSWAGEN PASSAT,2,E01016914,0,-1
2023231303843,2023,231303843,4,9,0,4,4,4,8,0,0,1,0,0,0,0,2,1,6,6,1,50,8,1395,1,6,VOLKSWAGEN PASSAT,1,E01009541,0,-1
2023320441845,2023,320441845,1,9,0,18,19,4,8,0,0,1,0,0,0,0,1,1,6,6,1,44,7,1968,2,14,VOLKSWAGEN PASSAT,3,E01026085,0,-1
2023501265584,2023,501265584,1,9,0,12,12,7,3,0,0,0,0,11,0,0,1,1,6,6,1,62,9,1896,2,19,VOLKSWAGEN PASSAT,8,E01020238,0,-1
2023991279273,2023,991279273,1,9,0,17,19,6,3,0,0,0,0,0,1,0,3,1,2,2,1,40,7,1968,2,5,VOLKSWAGEN PASSAT,7,-1,0,-1
2023101294362,2023,101294362,1,9,0,18,19,5,2,0,0,8,0,0,0,0,1,1,6,6,1,56,9,1986,2,14,VOLKSWAGEN PASSAT,4,E01008565,0,-1
2023052303043,2023,052303043,2,9,0,18,19,1,5,0,0,0,0,0,0,0,1,1,6,6,1,38,7,1968,2,13,VOLKSWAGEN PASSAT,6,E01007248,0,-1
2023471324385,2023,471324385,1,9,0,9,9,6,4,0,0,0,0,0,0,0,1,1,2,2,2,69,10,1968,2,17,VOLKSWAGEN PASSAT,9,E01020944,0,-1
2023141285563,2023,141285563,1,9,0,18,19,2,6,0,0,4,1,0,0,0,1,1,1,1,1,39,7,1968,2,7,VOLKSWAGEN PASSAT,5,E01007850,0,-1
2023311301757,2023,311301757,1,9,0,16,19,7,6,0,0,0,0,0,0,0,1,1,5,6,1,69,10,1395,1,5,VOLKSWAGEN PASSAT,8,E01007524,0,-1
2023411358890,2023,411358890,2,9,0,18,19,8,4,0,0,0,0,0,0,0,4,1,6,6,1,42,7,1968,2,7,VOLKSWAGEN PASSAT,8,E01033142,0,-1
2023141380769,2023,141380769,2,9,0,3,3,2,4,0,0,6,0,0,0,0,2,1,1,1,1,45,7,1968,2,9,VOLKSWAGEN PASSAT,1,E01007914,0,-1
2023351320391,2023,351320391,1,9,0,18,19,5,1,0,0,0,0,4,0,0,1,1,5,6,1,78,11,1896,2,21,VOLKSWAGEN PASSAT,8,E01018021,0,-1
2023141360805,2023,141360805,1,9,0,4,4,1,5,0,0,0,0,0,0,0,2,1,1,1,1,50,8,1968,2,5,VOLKSWAGEN PASSAT,10,E01013387,0,-1
2023440263369,2023,440263369,1,9,0,9,9,4,2,0,0,8,0,0,0,0,1,1,6,6,1,38,7,1395,8,1,VOLKSWAGEN PASSAT,4,E01022953,0,-1
2023201315018,2023,201315018,1,9,0,18,19,5,1,0,0,8,1,0,0,0,3,1,1,1,1,28,6,1968,2,1,VOLKSWAGEN PASSAT,3,E01010290,0,-1
2023010453705,2023,010453705,1,9,0,99,99,9,9,99,99,9,9,99,9,99,9,9,6,6,1,20,4,1896,2,17,VOLKSWAGEN PASSAT,1,E01004754,0,-1
2023622300201,2023,622300201,2,9,0,5,5,2,6,0,0,6,0,0,0,0,4,1,6,6,1,47,8,1968,2,16,VOLKSWAGEN PASSAT,1,W01001202,0,-1
2023430245077,2023,430245077,1,9,0,13,13,7,4,0,0,0,0,0,0,0,1,1,6,6,1,35,6,1598,2,13,VOLKSWAGEN PASSAT,5,E01023924,0,-1
2023131348030,2023,131348030,1,9,0,5,5,3,7,0,0,1,0,0,0,0,2,1,5,6,1,36,7,1968,2,12,VOLKSWAGEN PASSAT,3,E01010615,0,-1
2023131333740,2023,131333740,1,9,0,18,19,6,2,0,0,8,0,0,0,0,4,1,2,2,1,53,8,1395,8,0,VOLKSWAGEN PASSAT,10,E01011132,0,-1
2023211374937,2023,211374937,2,8,0,18,19,5,1,0,0,8,0,0,0,0,1,1,1,1,1,41,7,1968,2,7,VOLKSWAGEN PASSAT,-1,-1,0,-1
2023101340436,2023,101340436,2,8,0,18,19,6,2,0,0,0,0,0,0,0,1,1,1,1,1,43,7,1968,2,12,VOLKSWAGEN PASSAT,7,E01008465,0,-1
2023201415152,2023,201415152,2,9,-1,-1,-1,-1,-1,-1,-1,-1,-1,-1,-1,0,-1,1,6,6,1,43,7,1598,2,13,VOLKSWAGEN PASSAT,6,E01009731,0,-1
2023101334664,2023,101334664,1,9,0,18,19,5,1,0,0,0,0,0,0,0,1,1,6,6,1,40,7,1968,2,15,VOLKSWAGEN PASSAT,-1,-1,0,-1
2023311358734,2023,311358734,1,9,4,2,2,6,2,0,0,0,4,0,0,0,3,1,5,6,1,71,10,1968,2,7,VOLKSWAGEN PASSAT,9,E01028219,0,-1
2023430566715,2023,430566715,2,9,0,18,19,4,8,0,0,0,0,0,7,11,1,1,1,1,1,41,7,1968,2,17,VOLKSWAGEN PASSAT,6,E01031643,0,-1
2023122300391,2023,122300391,1,9,0,18,19,4,8,0,0,0,2,10,2,11,1,1,6,6,1,40,7,1968,2,16,VOLKSWAGEN PASSAT,5,E01027711,0,-1
2023461348258,2023,461348258,1,9,0,18,19,7,3,0,0,4,0,0,3,0,3,1,2,2,1,24,5,1896,2,18,VOLKSWAGEN PASSAT,8,E01024839,0,-1
2023101303150,2023,101303150,1,9,0,9,9,6,3,0,0,6,0,0,1,11,1,1,5,6,1,49,8,1968,2,15,VOLKSWAGEN PASSAT,-1,-1,0,-1
2023201402987,2023,201402987,1,9,0,18,19,7,3,0,0,8,0,0,0,0,1,1,5,6,2,64,9,1798,1,14,VOLKSWAGEN PASSAT,2,E01010429,0,-1
2023010438703,2023,010438703,2,9,9,99,99,9,9,99,99,9,9,99,9,99,2,9,6,6,3,-1,-1,1395,1,6,VOLKSWAGEN PASSAT,-1,-1,0,-1
2023440063781,2023,440063781,2,9,0,2,2,0,0,0,0,2,0,0,0,0,2,1,6,6,1,78,11,1968,2,9,VOLKSWAGEN PASSAT,-1,-1,0,-1
202360A055855,2023,60A055855,1,9,0,18,19,2,6,0,0,0,0,0,7,0,1,1,6,6,1,21,5,1968,2,14,VOLKSWAGEN PASSAT,-1,-1,0,-1
2023411368971,2023,411368971,1,9,0,18,19,3,7,0,0,0,0,0,0,0,1,1,6,6,3,-1,-1,1968,2,13,VOLKSWAGEN PASSAT,-1,-1,0,-1
2023351278810,2023,351278810,2,9,0,18,19,1,5,0,0,0,0,0,0,0,3,1,6,6,1,43,7,1968,2,17,VOLKSWAGEN PASSAT,3,E01012866,0,-1
2023070116144,2023,070116144,1,9,0,7,7,6,2,0,0,1,0,0,0,0,1,1,6,6,1,70,10,1968,2,11,VOLKSWAGEN PASSAT,7,E01018393,0,-1
2023010421023,2023,010421023,2,9,0,18,19,3,7,99,99,9,9,99,9,99,1,1,6,6,1,41,7,1968,2,4,VOLKSWAGEN PASSAT,2,E01000064,0,-1
2023522301013,2023,522301013,2,9,0,18,19,3,7,0,0,8,0,0,0,0,1,1,6,6,1,31,6,1968,2,8,VOLKSWAGEN PASSAT,1,E01014829,0,-1
2023440359657,2023,440359657,1,9,0,18,19,6,2,0,0,8,0,0,0,0,3,1,2,2,1,48,8,1968,2,15,VOLKSWAGEN PASSAT,7,E01017231,0,-1
2023471392211,2023,471392211,1,9,0,18,19,2,6,0,0,1,0,0,0,0,1,1,5,6,1,48,8,1984,1,18,VOLKSWAGEN PASSAT,8,E01022623,0,-1
2023440050593,2023,440050593,1,9,0,5,5,4,8,0,0,4,0,0,0,0,1,1,6,6,1,71,10,1968,2,14,VOLKSWAGEN PASSAT,5,E01022488,0,-1
2023061383731,2023,061383731,2,9,-1,-1,-1,-1,-1,-1,-1,0,-1,-1,-1,0,3,1,6,6,1,39,7,1968,2,16,VOLKSWAGEN PASSAT,4,E01005214,0,-1
2023411382464,2023,411382464,1,9,0,18,19,4,8,0,0,4,0,0,0,0,1,1,1,1,1,68,10,1598,2,6,VOLKSWAGEN PASSAT,8,E01013799,0,-1
2023991367650,2023,991367650,1,9,0,9,9,8,5,0,0,1,0,0,0,0,1,1,6,6,1,35,6,1598,2,6,VOLKSWAGEN PASSAT,7,-1,0,-1
2023552300821,2023,552300821,2,9,0,18,19,1,5,0,0,8,0,0,0,0,1,1,6,6,1,75,10,1984,1,29,VOLKSWAGEN PASSAT,8,E01015394,0,-1
202354A726023,2023,54A726023,2,9,0,18,19,6,2,0,0,1,0,0,0,0,1,1,1,1,1,55,8,1968,2,9,VOLKSWAGEN PASSAT,-1,-1,0,-1
2023332300772,2023,332300772,2,9,0,12,12,5,1,0,0,1,0,0,0,0,3,1,6,6,3,-1,-1,1968,2,15,VOLKSWAGEN PASSAT,-1,-1,0,-1
2023471316115,2023,471316115,1,9,0,18,19,5,1,0,0,0,0,11,0,0,1,1,5,6,1,44,7,1968,2,15,VOLKSWAGEN PASSAT,4,E01020965,0,-1
2023361319528,2023,361319528,2,9,0,3,3,2,4,0,0,2,0,0,0,0,2,1,5,6,2,36,7,1968,2,9,VOLKSWAGEN PASSAT,7,E01026941,0,-1
2023547718723,2023,547718723,1,9,0,18,19,5,8,0,0,0,2,0,1,11,1,1,6,6,1,43,7,1968,2,16,VOLKSWAGEN PASSAT,7,E01032694,0,-1
2023340NN4532,2023,340NN4532,1,9,0,9,9,1,6,0,0,5,0,0,0,0,1,1,6,6,1,43,7,1968,2,15,VOLKSWAGEN PASSAT,2,E01027128,0,-1
2023031320080,2023,031320080,2,9,0,2,2,0,0,0,0,0,0,0,0,0,2,1,6,6,3,-1,-1,1598,2,9,VOLKSWAGEN PASSAT,-1,-1,0,-1
2023471362252,2023,471362252,1,9,0,18,19,5,1,0,0,1,0,0,1,0,1,1,6,6,1,71,10,1968,2,11,VOLKSWAGEN PASSAT,6,E01031472,0,-1
2023201377538,2023,201377538,1,9,0,9,9,8,6,0,0,5,0,0,0,0,1,1,2,2,1,56,9,1968,2,16,VOLKSWAGEN PASSAT,2,E01010521,0,-1
2023010428422,2023,010428422,2,9,0,99,99,9,9,99,99,9,9,99,9,99,1,9,6,6,1,42,7,1896,2,19,VOLKSWAGEN PASSAT,2,E01000025,0,-1
2023332301196,2023,332301196,2,9,0,18,19,7,3,0,0,0,0,0,0,0,1,1,2,2,2,33,6,1598,2,8,VOLKSWAGEN PASSAT,8,E01032601,0,-1
2023311363992,2023,311363992,2,9,0,1,1,0,0,0,0,0,0,0,0,0,2,1,5,6,1,33,6,1968,2,11,VOLKSWAGEN PASSAT,2,E01013842,0,-1
2023010468575,2023,010468575,2,9,0,99,99,9,9,99,99,9,9,99,9,99,1,9,6,6,3,-1,-1,1968,2,7,VOLKSWAGEN PASSAT,-1,-1,0,-1
2023361265168,2023,361265168,4,9,0,18,19,3,7,0,0,0,0,0,0,0,3,1,1,1,1,36,7,1598,2,13,VOLKSWAGEN PASSAT,1,E01018107,0,-1
2023131382084,2023,131382084,2,9,0,18,19,3,7,0,0,8,0,0,1,0,1,1,5,6,1,28,6,1968,2,14,VOLKSWAGEN PASSAT,3,E01011212,0,-1
2023201412560,2023,201412560,3,9,0,2,2,0,0,0,0,2,0,0,0,0,2,1,6,6,1,43,7,1968,2,6,VOLKSWAGEN PASSAT,5,E01009888,0,-1
2023371269999,2023,371269999,1,9,0,7,7,4,8,0,0,0,2,0,7,0,4,1,5,6,1,63,9,1968,2,7,VOLKSWAGEN PASSAT,6,E01030064,0,-1
2023141310287,2023,141310287,1,9,0,18,19,3,7,0,0,1,0,0,0,0,3,1,1,1,1,43,7,1968,2,8,VOLKSWAGEN PASSAT,1,E01007652,0,-1
2023371383524,2023,371383524,2,9,0,18,19,8,4,0,0,8,0,0,0,0,3,1,5,6,2,63,9,1968,2,14,VOLKSWAGEN PASSAT,10,E01030172,0,-1
2023531280458,2023,531280458,2,9,0,9,9,7,3,0,0,0,1,0,0,0,2,1,5,6,2,68,10,1968,2,12,VOLKSWAGEN PASSAT,7,E01022221,0,-1
2023010450986,2023,010450986,1,9,0,5,5,5,1,0,0,0,0,0,0,0,3,1,6,6,1,33,6,1968,2,5,VOLKSWAGEN PASSAT,4,E01024387,0,-1
2023440258478,2023,440258478,1,9,0,18,19,1,5,0,0,0,0,0,0,0,1,1,6,6,2,56,9,1999,2,15,VOLKSWAGEN PASSAT,2,E01022970,0,-1
2023010458778,2023,010458778,2,9,0,9,9,5,3,0,0,4,0,0,0,0,1,1,6,6,1,42,7,3597,1,15,VOLKSWAGEN PASSAT,-1,-1,0,-1
2023052300201,2023,052300201,1,8,0,1,1,3,7,0,0,0,0,0,0,0,2,1,1,1,1,66,10,1968,2,6,VOLKSWAGEN PASSAT,1,E01006604,0,-1
2023010450585,2023,010450585,2,9,0,99,99,9,9,99,99,9,9,99,9,99,9,9,6,6,2,54,8,1968,2,12,VOLKSWAGEN PASSAT,7,E01000256,0,-1
2023461269906,2023,461269906,1,9,0,18,19,1,5,0,0,0,0,0,0,0,1,1,6,6,1,24,5,1968,2,16,VOLKSWAGEN PASSAT,5,E01024031,0,-1
2023052301450,2023,052301450,1,9,0,18,19,7,3,0,0,1,0,0,0,0,1,1,2,2,1,66,10,1968,2,11,VOLKSWAGEN PASSAT,9,E01025451,0,-1
2023991346967,2023,991346967,1,8,0,13,13,5,1,0,0,0,0,7,0,0,3,1,5,6,1,22,5,1968,2,6,VOLKSWAGEN PASSAT,1,-1,0,-1
2023010436064,2023,010436064,2,9,0,99,99,9,9,99,99,0,9,99,9,99,2,9,6,6,3,-1,-1,1986,2,15,VOLKSWAGEN PASSAT,-1,-1,0,-1
2023101359554,2023,101359554,1,9,0,18,19,7,3,0,0,2,0,0,0,0,1,1,6,6,1,49,8,1968,2,13,VOLKSWAGEN PASSAT,1,E01008729,0,-1
2023161345806,2023,161345806,2,9,0,2,2,0,0,9,9,0,0,0,0,0,1,1,6,6,3,-1,-1,1968,2,12,VOLKSWAGEN PASSAT,-1,-1,0,-1
2023421323415,2023,421323415,3,9,0,2,2,0,0,0,0,0,0,0,0,0,4,1,6,6,3,-1,-1,1896,2,19,VOLKSWAGEN PASSAT,-1,-1,0,-1
2023010458101,2023,010458101,2,9,0,18,19,7,3,0,0,0,0,0,0,0,0,9,6,6,3,-1,-1,1984,1,18,VOLKSWAGEN PASSAT,-1,-1,0,-1
2023411271590,2023,411271590,4,9,0,18,19,5,1,0,0,0,0,0,0,0,2,1,2,2,1,21,5,1968,2,7,VOLKSWAGEN PASSAT,-1,-1,0,-1