collision_index,collision_year,collision_ref_no,vehicle_reference,vehicle_type,towing_and_articulation,vehicle_manoeuvre_historic,vehicle_manoeuvre,vehicle_direction_from,vehicle_direction_to,vehicle_location_restricted_lane_historic,vehicle_location_restricted_lane,junction_location,skidding_and_overturning,hit_object_in_carriageway,vehicle_leaving_carriageway,hit_object_off_carriageway,first_point_of_impact,vehicle_left_hand_drive,journey_purpose_of_driver_historic,journey_purpose_of_driver,sex_of_driver,age_of_driver,age_band_of_driver,engine_capacity_cc,propulsion_code,age_of_vehicle,generic_make_model,driver_imd_decile,lsoa_of_driver,escooter_flag,driver_distance_banding
2023201383284,2023,201383284,2,9,0,18,19,7,3,0,0,8,0,0,0,0,1,1,5,6,1,41,7,1598,2,8,VOLKSWAGEN PASSAT,2,E01009018,0,-1
2023131343376,2023,131343376,1,9,0,1,1,2,6,0,0,1,0,0,0,0,1,1,6,6,3,-1,-1,1968,2,10,VOLKSWAGEN PASSAT,-1,-1,0,-1
2023440071482,2023,440071482,1,9,0,9,9,1,3,0,0,6,0,0,0,0,3,1,6,6,1,58,9,1968,2,9,VOLKSWAGEN PASSAT,9,E01023241,0,-1
2023061281100,2023,061281100,1,9,-1,18,19,-1,-1,0,0,0,0,0,0,0,-1,1,6,6,1,82,11,1598,2,9,VOLKSWAGEN PASSAT,10,E01006137,0,-1
2023231351189,2023,231351189,2,9,0,3,3,5,1,0,0,1,0,0,0,0,2,1,6,6,2,38,7,1598,2,12,VOLKSWAGEN PASSAT,2,E01031066,0,-1
2023161335585,2023,161335585,1,9,0,9,9,5,3,0,0,1,0,0,0,0,1,1,5,6,2,28,6,1968,2,15,VOLKSWAGEN PASSAT,1,E01013136,0,-1
202360A147772,2023,60A147772,2,9,0,18,19,5,1,0,0,8,0,10,0,0,3,1,2,2,2,50,8,1968,2,9,VOLKSWAGEN PASSAT,-1,-1,0,-1
2023302300557,2023,302300557,2,8,0,18,19,8,4,0,0,2,0,0,0,0,1,1,6,6,1,40,7,-1,-1,-1,VOLKSWAGEN PASSAT,4,E01019554,0,-1
2023520300914,2023,520300914,1,9,0,18,19,7,3,0,0,8,0,0,0,0,4,1,6,6,2,41,7,1968,2,10,VOLKSWAGEN PASSAT,9,E01022695,0,-1
2023221364203,2023,221364203,1,9,0,9,9,8,5,0,0,5,0,0,0,0,1,1,5,6,2,32,6,1968,2,4,VOLKSWAGEN PASSAT,6,E01032405,0,-1
2023231358812,2023,231358812,1,9,0,13,13,4,8,0,0,0,0,0,0,0,2,1,6,6,3,36,7,1598,2,8,VOLKSWAGEN PASSAT,5,E01009556,0,-1
2023421285075,2023,421285075,2,9,0,18,19,5,1,0,0,0,0,0,0,0,3,1,2,2,1,57,9,1598,2,12,VOLKSWAGEN PASSAT,4,E01024179,0,-1
2023351357651,2023,351357651,1,9,0,1,1,-1,-1,0,0,0,0,0,0,0,2,1,6,6,1,33,6,1968,2,9,VOLKSWAGEN PASSAT,6,E01018106,0,-1
2023471259660,2023,471259660,1,9,0,18,19,7,3,0,0,0,0,0,1,4,1,1,5,6,1,33,6,1968,2,3,VOLKSWAGEN PASSAT,9,E01021023,0,-1
2023131301215,2023,131301215,1,9,0,18,19,7,3,0,0,3,1,0,1,0,1,1,6,6,1,34,6,1968,2,10,VOLKSWAGEN PASSAT,6,E01010786,0,-1
2023141284190,2023,141284190,1,9,0,18,19,2,2,0,0,0,0,0,0,0,2,1,5,6,1,26,6,1498,1,4,VOLKSWAGEN PASSAT,6,E01026682,0,-1
2023201287709,2023,201287709,1,8,0,3,3,-1,-1,0,0,0,0,0,0,0,4,1,6,6,1,22,5,1968,2,7,VOLKSWAGEN PASSAT,1,E01009366,0,-1
2023201416037,2023,201416037,1,9,0,18,19,2,2,0,0,0,0,10,7,2,1,1,6,6,1,34,6,1598,2,10,VOLKSWAGEN PASSAT,1,E01013679,0,-1
2023010482431,2023,010482431,2,9,0,18,19,2,6,0,0,0,0,0,0,0,1,1,6,6,1,35,6,1896,2,16,VOLKSWAGEN PASSAT,4,E01002180,0,-1
2023451306940,2023,451306940,1,9,0,16,19,5,1,0,0,0,0,0,0,0,1,1,5,6,1,79,11,1968,2,11,VOLKSWAGEN PASSAT,9,E01030492,0,-1
2023221338717,2023,221338717,1,9,0,16,19,2,6,0,0,0,5,0,5,6,3,1,5,6,1,51,8,1968,2,11,VOLKSWAGEN PASSAT,10,E01031304,0,-1
2023201409992,2023,201409992,1,9,0,18,19,4,8,0,0,0,0,0,0,0,1,1,6,6,3,-1,-1,1968,2,6,VOLKSWAGEN PASSAT,-1,-1,0,-1
2023010465431,2023,010465431,1,9,0,18,19,3,7,0,0,1,0,0,0,0,1,1,1,1,1,55,8,1598,2,5,VOLKSWAGEN PASSAT,1,E01002071,0,-1
2023131266514,2023,131266514,3,9,0,9,9,5,3,0,0,0,0,0,0,0,3,1,5,6,1,67,10,1598,2,8,VOLKSWAGEN PASSAT,9,E01010764,0,-1
2023501304522,2023,501304522,2,9,0,10,10,6,7,0,0,0,0,0,0,0,2,1,6,6,1,58,9,1968,2,4,VOLKSWAGEN PASSAT,1,E01015217,0,-1
2023991343191,2023,991343191,1,9,0,18,19,2,6,0,0,8,0,0,0,0,1,1,2,2,1,66,10,1968,2,13,VOLKSWAGEN PASSAT,2,E01025115,0,-1
2023332301180,2023,332301180,3,9,0,2,2,0,0,0,0,8,0,0,0,0,3,1,6,6,3,-1,-1,1968,2,4,VOLKSWAGEN PASSAT,-1,-1,0,-1
2023141363912,2023,141363912,2,9,0,9,9,5,4,0,0,2,0,0,0,0,1,1,6,6,3,-1,-1,1968,2,7,VOLKSWAGEN PASSAT,-1,-1,0,-1
2023520400633,2023,520400633,1,9,0,18,19,7,3,0,0,8,0,0,0,0,1,1,6,6,1,68,10,1968,2,6,VOLKSWAGEN PASSAT,6,E01031990,0,-1
2023010433162,2023,010433162,2,9,0,99,99,9,9,99,99,9,9,99,9,99,0,9,6,6,3,-1,-1,1598,2,7,VOLKSWAGEN PASSAT,-1,-1,0,-1
2023451364803,2023,451364803,1,9,0,9,9,1,5,0,0,1,0,0,0,0,4,1,5,6,1,85,11,1968,2,11,VOLKSWAGEN PASSAT,10,E01030776,0,-1
2023991375000,2023,991375000,1,9,0,18,19,3,7,0,0,1,0,0,7,0,1,1,6,6,1,21,5,1896,2,18,VOLKSWAGEN PASSAT,8,-1,0,-1
2023622300417,2023,622300417,2,8,0,4,4,6,2,0,0,1,0,0,0,0,2,1,6,6,1,44,7,-1,-1,-1,VOLKSWAGEN PASSAT,3,W01001764,0,-1
2023221303038,2023,221303038,3,9,0,2,2,0,0,0,0,0,0,0,0,0,0,1,6,6,2,36,7,1968,2,11,VOLKSWAGEN PASSAT,4,E01031185,0,-1
2023401382771,2023,401382771,1,9,0,18,19,-1,-1,0,0,0,0,0,0,0,2,1,6,6,1,29,6,1968,2,8,VOLKSWAGEN PASSAT,-1,-1,0,-1
2023131379394,2023,131379394,1,9,0,-1,-1,-1,-1,-1,-1,-1,-1,-1,-1,0,-1,1,6,6,3,-1,-1,1598,2,10,VOLKSWAGEN PASSAT,-1,-1,0,-1
2023041353301,2023,041353301,1,9,0,18,19,1,3,0,0,1,0,0,0,0,2,1,6,6,3,-1,-1,1968,2,7,VOLKSWAGEN PASSAT,-1,-1,0,-1
2023631362979,2023,631362979,1,9,0,17,19,1,5,0,0,0,5,0,0,0,1,1,6,6,1,24,5,1896,2,18,VOLKSWAGEN PASSAT,5,W01000535,0,-1
2023131343049,2023,131343049,1,9,0,1,1,3,7,0,0,1,0,0,0,0,2,1,6,6,1,38,7,1395,8,6,VOLKSWAGEN PASSAT,8,E01010972,0,-1
2023010424574,2023,010424574,2,9,0,18,19,1,5,0,0,0,0,0,0,0,2,1,6,6,2,59,9,1968,2,14,VOLKSWAGEN PASSAT,7,E01000812,0,-1
2023170M11853,2023,170M11853,1,9,0,1,1,1,3,0,0,8,0,0,0,0,2,1,3,7,1,56,9,1896,2,18,VOLKSWAGEN PASSAT,4,E01012056,0,-1
2023320792512,2023,320792512,2,9,0,18,19,8,4,0,0,0,0,0,0,0,1,1,6,6,1,29,6,1999,2,16,VOLKSWAGEN PASSAT,-1,-1,0,-1
2023351351260,2023,351351260,2,9,0,18,19,-1,-1,0,0,4,0,0,3,0,4,1,2,2,1,26,6,1968,2,14,VOLKSWAGEN PASSAT,6,E01015653,0,-1
2023010433482,2023,010433482,1,9,0,18,19,5,1,0,0,2,0,0,0,0,1,1,6,6,1,27,6,1498,1,3,VOLKSWAGEN PASSAT,3,E01000372,0,-1
2023991355346,2023,991355346,1,9,0,18,19,3,7,0,0,0,1,10,1,7,3,1,5,6,1,51,8,1395,8,1,VOLKSWAGEN PASSAT,8,-1,0,-1
2023531364831,2023,531364831,1,9,0,13,13,7,3,0,0,0,0,0,0,0,4,1,6,6,1,45,7,1498,1,2,VOLKSWAGEN PASSAT,-1,-1,0,-1
2023411344285,2023,411344285,2,9,0,11,11,2,6,0,0,0,0,0,0,0,2,1,6,6,3,-1,-1,1896,2,17,VOLKSWAGEN PASSAT,-1,-1,0,-1
2023101361625,2023,101361625,6,9,0,18,19,3,7,0,0,0,0,0,0,0,-1,1,6,6,1,31,6,1598,2,7,VOLKSWAGEN PASSAT,10,E01027509,0,-1
2023332301134,2023,332301134,1,9,0,18,19,1,5,0,0,0,0,0,0,0,1,1,6,6,1,37,7,1395,8,3,VOLKSWAGEN PASSAT,9,E01028410,0,-1
2023010461289,2023,010461289,2,9,0,7,7,1,4,0,0,8,0,0,1,0,1,1,6,6,2,52,8,1598,1,17,VOLKSWAGEN PASSAT,-1,-1,0,-1
2023622300192,2023,622300192,2,9,0,18,19,5,1,0,0,8,0,0,0,0,4,1,1,1,1,33,6,1968,2,4,VOLKSWAGEN PASSAT,7,W01001357,0,-1
2023201277800,2023,201277800,3,9,0,2,2,-1,-1,0,0,0,0,0,0,0,1,1,6,6,3,-1,-1,1896,2,21,VOLKSWAGEN PASSAT,-1,-1,0,-1
2023401393959,2023,401393959,1,9,0,18,19,5,1,0,0,1,0,0,0,0,1,1,6,6,1,70,10,1968,2,11,VOLKSWAGEN PASSAT,5,E01017710,0,-1
2023201405797,2023,201405797,1,9,0,9,9,7,5,0,0,5,0,0,0,0,1,1,2,2,1,-1,-1,1968,2,8,VOLKSWAGEN PASSAT,4,E01029666,0,-1
2023501333383,2023,501333383,1,9,0,4,4,8,4,0,0,0,0,0,0,0,2,1,6,6,2,29,6,1968,2,5,VOLKSWAGEN PASSAT,-1,-1,0,-1
2023070045617,2023,070045617,2,9,0,18,19,1,6,0,0,0,0,0,0,0,2,1,2,2,1,36,7,1498,1,3,VOLKSWAGEN PASSAT,4,E01024960,0,-1
2023501313778,2023,501313778,6,9,0,3,3,6,2,0,0,0,0,0,0,0,2,1,5,6,1,76,11,1968,2,11,VOLKSWAGEN PASSAT,8,E01011553,0,-1
2023041329253,2023,041329253,1,9,0,18,19,5,1,0,0,0,0,0,0,0,1,1,5,6,1,86,11,1968,2,14,VOLKSWAGEN PASSAT,8,E01025550,0,-1
2023010480493,2023,010480493,2,9,0,99,99,9,9,99,99,9,9,99,9,99,1,9,6,6,3,-1,-1,1598,2,6,VOLKSWAGEN PASSAT,-1,-1,0,-1
2023361372403,2023,361372403,1,9,0,13,13,4,1,0,0,0,0,0,0,0,1,1,1,1,1,54,8,1999,2,15,VOLKSWAGEN PASSAT,8,E01033538,0,-1
2023531326779,2023,531326779,1,9,0,16,19,3,7,0,0,1,0,0,7,4,1,1,1,1,1,40,7,1968,2,8,VOLKSWAGEN PASSAT,2,E01015476,0,-1
2023522401015,2023,522401015,1,9,0,18,19,4,8,0,0,8,0,0,0,0,1,1,6,6,2,71,10,1896,2,18,VOLKSWAGEN PASSAT,7,E01014817,0,-1
2023201350381,2023,201350381,1,9,0,16,19,3,5,0,0,8,0,0,0,0,1,1,6,6,2,-1,-1,1968,2,14,VOLKSWAGEN PASSAT,3,E01009441,0,-1
2023031329016,2023,031329016,2,9,0,5,5,5,1,0,0,0,0,0,0,0,4,1,5,6,2,70,10,1598,2,10,VOLKSWAGEN PASSAT,5,E01019380,0,-1
2023101332801,2023,101332801,3,9,0,18,19,5,1,0,0,0,0,0,1,0,2,1,6,6,2,69,10,1968,2,13,VOLKSWAGEN PASSAT,9,E01008516,0,-1
2023201380105,2023,201380105,1,9,0,9,9,3,1,0,0,5,0,0,0,0,4,1,1,1,1,26,6,1598,2,10,VOLKSWAGEN PASSAT,2,E01009082,0,-1
2023401315856,2023,401315856,2,9,0,2,2,0,0,0,0,2,0,0,0,0,1,1,5,6,1,32,6,1968,2,11,VOLKSWAGEN PASSAT,1,E01026687,0,-1
2023451337980,2023,451337980,1,9,0,12,12,5,1,0,0,0,0,0,0,0,1,1,5,6,1,19,4,1968,2,15,VOLKSWAGEN PASSAT,10,E01016206,0,-1
2023531323463,2023,531323463,2,9,0,4,4,4,8,0,0,1,0,0,0,0,2,1,5,6,2,37,7,1968,2,13,VOLKSWAGEN PASSAT,-1,-1,0,-1
2023320789507,2023,320789507,1,9,0,18,19,1,5,0,0,4,0,0,1,9,1,1,6,6,2,67,10,1968,2,8,VOLKSWAGEN PASSAT,-1,-1,0,-1
2023430502683,2023,430502683,2,9,0,18,19,7,3,0,0,1,0,0,0,0,1,1,6,6,1,26,6,1968,2,12,VOLKSWAGEN PASSAT,-1,-1,0,-1
2023010424342,2023,010424342,2,9,0,5,5,7,3,0,0,1,0,0,0,0,2,1,1,1,1,58,9,1598,2,7,VOLKSWAGEN PASSAT,8,E01030630,0,-1
2023542102223,2023,542102223,1,9,0,13,13,4,8,0,0,0,0,0,7,11,1,1,6,6,1,39,7,1598,2,14,VOLKSWAGEN PASSAT,9,E01032061,0,-1
2023501269028,2023,501269028,1,9,0,18,19,8,6,0,0,1,0,4,0,0,1,1,5,6,1,49,8,1968,2,8,VOLKSWAGEN PASSAT,-1,-1,0,-1
2023411310011,2023,411310011,1,9,0,18,19,-1,-1,0,0,8,0,0,0,0,1,1,6,6,1,29,6,1968,2,14,VOLKSWAGEN PASSAT,7,E01002115,0,-1
2023070441437,2023,070441437,2,9,0,2,2,0,0,0,0,0,0,0,0,0,3,1,6,6,3,-1,-1,1968,2,13,VOLKSWAGEN PASSAT,-1,-1,0,-1
2023131391139,2023,131391139,1,9,0,4,4,5,1,0,0,0,0,0,0,0,2,1,5,6,2,50,8,1498,1,4,VOLKSWAGEN PASSAT,-1,-1,0,-1
2023101376888,2023,101376888,2,9,0,18,19,6,2,0,0,8,0,0,0,0,1,1,5,6,1,36,7,1968,2,5,VOLKSWAGEN PASSAT,4,E01008640,0,-1
2023010427323,2023,010427323,1,9,0,5,5,0,7,0,0,0,0,0,0,0,3,1,6,6,1,43,7,1968,2,6,VOLKSWAGEN PASSAT,4,E01021779,0,-1
2023010430410,2023,010430410,1,9,0,7,7,7,1,0,0,8,0,0,0,0,1,1,6,6,3,23,5,1968,2,16,VOLKSWAGEN PASSAT,-1,-1,0,-1
2023991350524,2023,991350524,1,9,0,4,4,3,7,0,0,0,0,0,0,0,1,1,6,6,2,42,7,1968,2,14,VOLKSWAGEN PASSAT,2,-1,0,-1
2023010432803,2023,010432803,2,9,0,99,99,9,9,99,99,9,9,99,9,99,1,9,6,6,3,-1,-1,1896,2,16,VOLKSWAGEN PASSAT,-1,-1,0,-1
2023531273069,2023,531273069,3,9,0,3,3,8,4,0,0,0,0,0,0,0,2,1,6,6,1,44,7,1968,2,17,VOLKSWAGEN PASSAT,2,E01014047,0,-1
2023401366834,2023,401366834,1,9,0,12,12,1,5,0,0,8,1,0,0,0,3,1,3,7,2,31,6,1968,2,10,VOLKSWAGEN PASSAT,-1,-1,0,-1
2023552301046,2023,552301046,3,9,0,18,19,7,3,0,0,0,0,0,0,0,0,1,6,6,1,63,9,1598,2,11,VOLKSWAGEN PASSAT,9,E01015316,0,-1
2023332300550,2023,332300550,2,9,0,18,19,7,3,0,0,0,0,0,1,0,4,1,6,6,1,49,8,1968,2,7,VOLKSWAGEN PASSAT,9,E01025617,0,-1
2023010421985,2023,010421985,2,9,0,5,5,3,7,0,0,2,0,0,0,0,2,1,2,2,1,38,7,1498,1,1,VOLKSWAGEN PASSAT,5,E01001248,0,-1
2023141301354,2023,141301354,2,9,0,18,19,6,2,0,0,1,0,0,0,0,1,1,1,1,1,-1,-1,1968,2,6,VOLKSWAGEN PASSAT,7,E01007985,0,-1
2023211316845,2023,211316845,2,9,0,7,7,3,7,0,0,1,0,0,0,0,1,1,1,1,1,74,10,1968,2,13,VOLKSWAGEN PASSAT,3,E01029408,0,-1
202360A074695,2023,60A074695,1,9,0,18,19,1,5,0,0,0,0,0,0,0,2,1,6,6,2,58,9,1968,2,15,VOLKSWAGEN PASSAT,-1,-1,0,-1
2023041269371,2023,041269371,2,9,0,9,9,3,3,0,0,8,0,0,0,0,3,1,1,1,1,46,8,1968,2,8,VOLKSWAGEN PASSAT,1,E01025184,0,-1
2023401289967,2023,401289967,1,8,0,18,19,1,5,0,0,0,0,0,0,0,1,1,1,1,1,32,6,1598,2,8,VOLKSWAGEN PASSAT,1,E01027168,0,-1
2023141327090,2023,141327090,1,9,0,18,19,5,1,0,0,0,0,0,0,0,4,1,5,6,1,50,8,1968,2,7,VOLKSWAGEN PASSAT,7,E01007689,0,-1
2023991268988,2023,991268988,1,9,0,18,19,2,6,0,0,0,0,0,0,0,1,1,6,6,1,55,8,1798,1,23,VOLKSWAGEN PASSAT,9,-1,0,-1
2023622300049,2023,622300049,1,9,0,18,19,6,2,0,0,0,0,0,0,0,1,1,6,6,1,23,5,1968,2,6,VOLKSWAGEN PASSAT,4,W01001487,0,-1
2023010459761,2023,010459761,1,9,0,9,9,1,7,0,0,8,0,0,0,0,0,1,6,6,2,22,5,1968,2,7,VOLKSWAGEN PASSAT,4,E01004526,0,-1
2023131373089,2023,131373089,1,9,0,-1,-1,-1,-1,-1,-1,-1,-1,-1,-1,0,-1,1,6,6,3,-1,-1,1968,2,16,VOLKSWAGEN PASSAT,-1,-1,0,-1
2023340NN3832,2023,340NN3832,1,9,0,18,19,2,6,0,0,6,0,0,0,0,1,1,3,7,1,33,6,1968,2,12,VOLKSWAGEN PASSAT,2,E01027105,0,-1
2023041269293,2023,041269293,1,9,0,18,19,3,7,0,0,5,0,0,0,0,1,1,6,6,1,27,6,1968,2,13,VOLKSWAGEN PASSAT,3,E01012587,0,-1
2023041332949,2023,041332949,1,9,0,18,19,3,7,0,0,4,0,0,0,0,1,1,1,1,1,31,6,1968,2,17,VOLKSWAGEN PASSAT,5,E01025243,0,-1
2023131282125,2023,131282125,1,9,0,4,4,1,1,0,0,8,0,0,0,0,3,1,5,6,1,26,6,1968,2,10,VOLKSWAGEN PASSAT,3,E01011369,0,-1
2023351394722,2023,351394722,1,9,0,18,19,8,4,0,0,0,0,0,0,0,0,1,5,6,1,28,6,1968,2,15,VOLKSWAGEN PASSAT,4,E01032995,0,-1
2023010422915,2023,010422915,1,9,0,99,99,9,9,99,99,9,9,99,9,99,2,9,6,6,1,39,7,1968,2,8,VOLKSWAGEN PASSAT,4,E01001613,0,-1
2023070812005,2023,070812005,1,9,0,5,5,7,3,0,0,0,0,0,0,0,0,1,1,1,1,-1,-1,1968,2,7,VOLKSWAGEN PASSAT,2,E01018314,0,-1
2023430450549,2023,430450549,1,9,0,18,19,4,8,0,0,1,0,0,0,0,1,1,6,6,1,37,7,1968,2,9,VOLKSWAGEN PASSAT,6,E01016309,0,-1
2023201387860,2023,201387860,1,9,0,4,4,2,6,0,0,6,0,10,7,11,1,1,6,6,1,27,6,1598,2,7,VOLKSWAGEN PASSAT,1,E01010054,0,-1
2023340WN4582,2023,340WN4582,1,9,0,18,19,1,5,0,0,6,0,0,0,0,1,1,6,6,1,32,6,1968,2,14,VOLKSWAGEN PASSAT,1,E01027177,0,-1
2023991396573,2023,991396573,1,9,0,18,19,2,6,0,0,0,1,0,0,0,3,1,5,6,1,32,6,1598,2,6,VOLKSWAGEN PASSAT,7,-1,0,-1
2023031274458,2023,031274458,2,9,-1,18,19,-1,-1,-1,-1,0,-1,-1,-1,0,1,1,6,6,1,48,8,1896,2,20,VOLKSWAGEN PASSAT,5,E01019259,0,-1
2023552400168,2023,552400168,2,9,0,2,2,0,0,6,6,0,0,0,0,0,2,1,6,6,3,-1,-1,1968,2,7,VOLKSWAGEN PASSAT,-1,-1,0,-1
2023311360602,2023,311360602,1,9,0,18,19,3,7,0,0,1,0,0,0,0,4,1,5,6,1,24,5,1968,2,13,VOLKSWAGEN PASSAT,9,E01013981,0,-1
2023052302826,2023,052302826,1,8,0,18,19,7,3,0,0,8,0,0,0,0,3,1,1,1,1,28,6,1598,2,7,VOLKSWAGEN PASSAT,2,E01025072,0,-1
2023111364157,2023,111364157,2,9,0,18,19,7,3,0,0,4,0,0,7,0,4,1,2,2,1,23,5,1598,2,13,VOLKSWAGEN PASSAT,4,E01020818,0,-1
2023070951794,2023,070951794,1,9,0,7,7,5,7,0,0,0,1,0,0,0,1,1,6,6,1,53,8,1984,1,18,VOLKSWAGEN PASSAT,3,E01018557,0,-1
2023111312371,2023,111312371,2,9,0,3,3,5,1,0,0,0,0,0,0,0,2,1,6,6,1,31,6,1968,2,10,VOLKSWAGEN PASSAT,2,E01020805,0,-1
2023340WN1142,2023,340WN1142,3,9,0,18,19,5,1,0,0,0,0,0,0,0,1,1,6,6,1,34,6,1598,2,11,VOLKSWAGEN PASSAT,9,E01027254,0,-1
2023340NN3182,2023,340NN3182,2,9,0,17,19,1,5,0,0,0,1,0,1,0,3,1,2,2,1,42,7,1968,2,12,VOLKSWAGEN PASSAT,2,E01015680,0,-1
2023201284429,2023,201284429,1,9,0,18,19,8,4,0,0,4,0,0,0,0,1,1,6,6,1,38,7,1968,2,16,VOLKSWAGEN PASSAT,10,E01010108,0,-1
2023440268066,2023,440268066,2,9,0,18,19,7,3,0,0,0,0,0,0,0,1,1,6,6,2,50,8,1898,2,24,VOLKSWAGEN PASSAT,9,E01022717,0,-1
2023041318429,2023,041318429,1,9,0,18,19,1,5,0,0,0,0,0,0,0,1,1,5,6,1,30,6,1968,2,16,VOLKSWAGEN PASSAT,5,W01000424,0,-1
2023141309361,2023,141309361,1,9,0,18,19,1,6,0,0,0,0,0,0,0,1,1,1,1,1,30,6,1968,2,5,VOLKSWAGEN PASSAT,2,E01008883,0,-1
2023531341662,2023,531341662,2,9,0,4,4,1,5,0,0,1,0,0,0,0,2,1,5,6,1,57,9,1896,2,18,VOLKSWAGEN PASSAT,7,E01022224,0,-1
2023201450762,2023,201450762,2,9,0,3,3,6,2,2,2,0,0,0,0,0,0,1,1,1,1,45,7,1968,2,8,VOLKSWAGEN PASSAT,5,E01009561,0,-1
2023131332547,2023,131332547,1,9,0,18,19,7,3,0,0,8,1,9,3,10,1,1,6,6,1,48,8,1968,2,14,VOLKSWAGEN PASSAT,-1,-1,0,-1
2023201321810,2023,201321810,1,9,0,18,19,3,7,0,0,0,0,0,0,0,1,1,6,6,1,40,7,1968,2,12,VOLKSWAGEN PASSAT,2,E01010293,0,-1
2023052301498,2023,052301498,3,9,0,2,2,0,0,0,0,0,0,0,0,0,2,1,6,6,3,-1,-1,1968,2,8,VOLKSWAGEN PASSAT,-1,-1,0,-1
2023471331624,2023,471331624,4,9,0,2,2,0,0,9,9,1,0,0,0,0,1,1,6,6,3,-1,-1,1968,2,12,VOLKSWAGEN PASSAT,-1,-1,0,-1
2023201287177,2023,201287177,1,9,0,18,19,4,8,0,0,4,0,0,0,0,1,1,6,6,3,-1,-1,1968,2,10,VOLKSWAGEN PASSAT,-1,-1,0,-1
2023201417858,2023,201417858,1,9,0,18,19,8,4,0,0,8,0,0,0,0,1,1,6,6,1,26,6,1968,2,2,VOLKSWAGEN PASSAT,2,E01010096,0,-1
2023131369524,2023,131369524,1,9,0,-1,-1,-1,-1,-1,-1,0,-1,-1,-1,-1,0,1,6,6,3,-1,-1,1968,2,11,VOLKSWAGEN PASSAT,-1,-1,0,-1
2023141379815,2023,141379815,2,8,0,18,19,7,3,0,0,8,0,0,0,0,3,1,1,1,1,31,6,1968,2,4,VOLKSWAGEN PASSAT,1,E01007877,0,-1
2023421324722,2023,421324722,1,9,0,18,19,7,3,0,0,1,0,0,0,0,3,1,6,6,1,30,6,1968,2,16,VOLKSWAGEN PASSAT,3,E01021687,0,-1
2023131288769,2023,131288769,1,9,0,9,9,1,2,0,0,6,0,0,0,0,1,1,6,6,2,49,8,1968,2,12,VOLKSWAGEN PASSAT,3,E01007488,0,-1
2023332300905,2023,332300905,2,8,0,18,19,8,4,0,0,0,0,0,0,0,1,1,1,1,1,68,10,1968,2,7,VOLKSWAGEN PASSAT,9,E01029414,0,-1
2023522300936,2023,522300936,3,9,0,18,19,7,3,0,0,0,0,0,0,0,2,1,6,6,1,43,7,1968,2,15,VOLKSWAGEN PASSAT,10,W01001585,0,-1
2023332300778,2023,332300778,2,9,0,5,5,5,1,0,0,0,0,0,1,2,3,1,6,6,1,43,7,1968,2,9,VOLKSWAGEN PASSAT,2,E01013676,0,-1
2023622300199,2023,622300199,1,9,0,18,19,3,7,0,0,1,0,0,0,0,1,1,6,6,1,21,5,1598,2,10,VOLKSWAGEN PASSAT,10,W01000736,0,-1
2023340WN3122,2023,340WN3122,2,9,0,4,4,3,7,0,0,0,0,0,0,0,2,1,6,6,1,58,9,1968,2,15,VOLKSWAGEN PASSAT,6,E01027169,0,-1
2023302301949,2023,302301949,1,9,0,9,9,7,5,0,0,1,0,0,0,0,1,1,1,1,1,37,7,1896,2,16,VOLKSWAGEN PASSAT,1,E01013573,0,-1
2023201425109,2023,201425109,1,9,0,12,12,5,1,0,0,0,0,0,0,0,2,1,6,6,1,65,9,1968,2,17,VOLKSWAGEN PASSAT,8,E01010151,0,-1
2023201395236,2023,201395236,1,9,0,5,5,2,5,0,0,4,0,0,0,0,1,1,6,6,1,61,9,1968,2,13,VOLKSWAGEN PASSAT,1,E01009194,0,-1
2023141379229,2023,141379229,1,9,0,18,19,4,8,0,0,0,5,4,0,0,1,1,6,6,1,25,5,1598,2,5,VOLKSWAGEN PASSAT,2,E01007815,0,-1
2023031391536,2023,031391536,1,9,0,18,19,1,5,0,0,8,0,0,0,0,1,1,6,6,1,38,7,1896,2,18,VOLKSWAGEN PASSAT,4,E01019257,0,-1
2023361260526,2023,361260526,1,9,0,18,19,3,7,0,0,0,0,0,1,0,1,1,5,6,2,25,5,1968,2,6,VOLKSWAGEN PASSAT,4,E01026656,0,-1
2023131372692,2023,131372692,1,9,0,2,2,8,4,0,0,2,0,0,0,0,3,1,6,6,3,-1,-1,1968,2,8,VOLKSWAGEN PASSAT,-1,-1,0,-1
2023041380031,2023,041380031,1,9,0,1,1,5,1,0,0,0,0,0,0,0,2,1,6,6,1,47,8,1968,2,14,VOLKSWAGEN PASSAT,1,E01012695,0,-1
2023231419665,2023,231419665,1,9,0,15,15,2,6,0,0,0,0,0,1,0,1,1,5,6,1,35,6,1968,2,17,VOLKSWAGEN PASSAT,3,E01031081,0,-1
2023320198704,2023,320198704,1,9,0,2,2,0,0,0,0,0,0,0,0,0,3,1,6,6,1,59,9,1896,2,17,VOLKSWAGEN PASSAT,2,E01026006,0,-1
2023548827723,2023,548827723,1,9,0,18,19,2,6,0,0,0,5,0,5,2,1,1,6,6,1,22,5,1984,1,22,VOLKSWAGEN PASSAT,7,E01032007,0,-1
2023131373721,2023,131373721,1,9,0,18,19,3,1,0,0,1,0,0,0,0,1,1,5,6,1,33,6,1968,2,12,VOLKSWAGEN PASSAT,2,E01032492,0,-1
2023141359813,2023,141359813,1,9,0,18,19,5,2,0,0,2,0,0,0,0,1,1,5,6,1,35,6,1968,2,16,VOLKSWAGEN PASSAT,1,E01007534,0,-1
2023141325451,2023,141325451,1,9,0,12,12,3,7,0,0,0,0,0,0,0,1,1,2,2,1,36,7,1896,2,21,VOLKSWAGEN PASSAT,1,E01007318,0,-1
2023201396649,2023,201396649,2,9,0,18,19,2,6,0,0,8,0,0,0,0,1,1,6,6,1,43,7,1968,2,8,VOLKSWAGEN PASSAT,-1,-1,0,-1