collision_index,collision_year,collision_ref_no,vehicle_reference,vehicle_type,towing_and_articulation,vehicle_manoeuvre_historic,vehicle_manoeuvre,vehicle_direction_from,vehicle_direction_to,vehicle_location_restricted_lane_historic,vehicle_location_restricted_lane,junction_location,skidding_and_overturning,hit_object_in_carriageway,vehicle_leaving_carriageway,hit_object_off_carriageway,first_point_of_impact,vehicle_left_hand_drive,journey_purpose_of_driver_historic,journey_purpose_of_driver,sex_of_driver,age_of_driver,age_band_of_driver,engine_capacity_cc,propulsion_code,age_of_vehicle,generic_make_model,driver_imd_decile,lsoa_of_driver,escooter_flag,driver_distance_banding
2023451330391,2023,451330391,1,9,0,16,19,5,1,0,0,8,5,0,0,0,1,1,2,2,1,32,6,1968,2,1,VOLKSWAGEN PASSAT,1,E01024390,0,-1
2023552300018,2023,552300018,1,9,0,18,19,2,6,0,0,0,0,0,0,0,1,1,6,6,2,33,6,1968,2,17,VOLKSWAGEN PASSAT,9,E01029207,0,-1
2023010467694,2023,010467694,4,9,0,4,4,1,5,0,0,1,0,0,0,0,0,1,1,1,1,28,6,1395,8,3,VOLKSWAGEN PASSAT,6,E01001592,0,-1
2023201337487,2023,201337487,1,9,0,7,7,6,8,0,0,4,0,0,0,0,3,1,2,2,1,62,9,1395,8,1,VOLKSWAGEN PASSAT,8,E01009846,0,-1
2023201416094,2023,201416094,1,9,0,18,19,8,4,0,0,0,0,0,0,0,1,1,6,6,1,-1,-1,1968,2,8,VOLKSWAGEN PASSAT,-1,-1,0,-1
2023201422212,2023,201422212,1,9,0,5,5,1,5,0,0,8,0,0,0,0,1,1,6,6,3,-1,-1,1968,2,14,VOLKSWAGEN PASSAT,-1,-1,0,-1
2023430334274,2023,430334274,1,9,0,18,19,7,3,0,0,0,0,0,0,0,1,1,6,6,2,71,10,1498,1,2,VOLKSWAGEN PASSAT,7,E01028484,0,-1
2023548469923,2023,548469923,1,9,0,18,19,7,3,0,0,2,0,0,0,0,1,1,1,1,1,69,10,1900,2,23,VOLKSWAGEN PASSAT,4,E01032627,0,-1
2023610016023,2023,610016023,2,9,0,18,19,8,4,0,0,0,0,0,0,0,3,1,6,6,1,72,10,1968,2,7,VOLKSWAGEN PASSAT,7,W01001442,0,-1
2023461339696,2023,461339696,2,9,0,18,19,7,5,0,0,3,0,0,0,0,1,1,6,6,2,31,6,1968,2,12,VOLKSWAGEN PASSAT,3,E01024291,0,-1
2023010477028,2023,010477028,1,9,0,1,1,1,5,9,9,1,0,0,0,0,2,1,1,1,1,33,6,1395,8,3,VOLKSWAGEN PASSAT,7,E01001343,0,-1
2023052301559,2023,052301559,1,9,0,6,6,8,8,0,0,8,0,0,0,0,3,1,6,6,2,35,6,1598,2,10,VOLKSWAGEN PASSAT,1,E01006739,0,-1
2023461278577,2023,461278577,2,9,0,7,7,5,7,0,0,0,0,0,0,0,0,1,6,6,1,88,11,1968,2,10,VOLKSWAGEN PASSAT,8,E01021141,0,-1
2023141287218,2023,141287218,2,9,0,18,19,3,7,0,0,0,0,0,0,0,4,1,5,6,1,65,9,1968,2,11,VOLKSWAGEN PASSAT,5,E01007366,0,-1
202360A015912,2023,60A015912,1,9,0,4,4,2,6,0,0,1,0,0,0,0,1,1,3,7,1,44,7,1598,2,13,VOLKSWAGEN PASSAT,-1,-1,0,-1
2023311356337,2023,311356337,1,9,0,10,10,4,2,0,0,1,0,0,0,0,2,1,5,6,1,34,6,1968,2,12,VOLKSWAGEN PASSAT,-1,-1,0,-1
2023471332049,2023,471332049,2,9,0,18,19,4,8,0,0,0,0,0,0,0,1,1,5,6,2,36,7,1968,2,7,VOLKSWAGEN PASSAT,4,E01031628,0,-1
202354C241823,2023,54C241823,1,8,0,18,19,1,5,0,0,1,0,7,0,0,1,1,1,1,1,58,9,1968,2,9,VOLKSWAGEN PASSAT,4,E01032090,0,-1
2023421304582,2023,421304582,2,9,0,18,19,1,5,0,0,1,0,0,0,0,1,1,1,1,1,36,7,1896,2,19,VOLKSWAGEN PASSAT,4,E01002248,0,-1
2023461353802,2023,461353802,1,9,0,18,19,6,2,0,0,6,0,0,0,0,1,1,2,2,1,51,8,1968,2,15,VOLKSWAGEN PASSAT,7,E01016089,0,-1
2023161332544,2023,161332544,1,9,0,18,19,5,1,0,0,8,0,0,0,0,1,1,6,6,1,43,7,1896,2,17,VOLKSWAGEN PASSAT,2,E01013332,0,-1
2023052302798,2023,052302798,1,9,0,7,7,5,1,0,0,8,0,0,0,0,4,1,6,6,3,-1,-1,1984,1,14,VOLKSWAGEN PASSAT,-1,-1,0,-1
2023010463187,2023,010463187,1,9,0,18,19,5,1,0,0,0,0,0,0,0,4,1,1,1,1,28,6,1395,8,3,VOLKSWAGEN PASSAT,6,E01001989,0,-1
2023543195123,2023,543195123,2,9,0,18,19,3,7,0,0,0,0,0,0,0,1,1,1,1,1,43,7,1598,2,5,VOLKSWAGEN PASSAT,6,E01032011,0,-1
2023461305130,2023,461305130,2,9,0,18,19,5,1,0,0,1,0,0,0,0,4,1,1,1,1,73,10,1968,2,6,VOLKSWAGEN PASSAT,1,E01024257,0,-1
2023041277084,2023,041277084,1,9,0,5,5,7,3,0,0,1,0,0,0,0,1,1,5,6,1,54,8,2496,2,19,VOLKSWAGEN PASSAT,4,E01025011,0,-1
2023010462508,2023,010462508,6,9,0,2,2,0,0,0,0,0,0,4,0,0,2,1,6,6,3,-1,-1,1968,2,4,VOLKSWAGEN PASSAT,-1,-1,0,-1
2023010480988,2023,010480988,1,9,0,4,4,1,5,9,9,0,0,0,0,0,2,1,6,6,1,96,11,1968,2,8,VOLKSWAGEN PASSAT,6,E01001138,0,-1
2023991288240,2023,991288240,1,8,0,18,19,8,4,0,0,0,0,0,0,0,3,1,1,1,1,44,7,1598,2,5,VOLKSWAGEN PASSAT,4,-1,0,-1
2023421263329,2023,421263329,1,9,0,18,19,5,1,9,9,0,0,0,5,6,1,1,6,6,1,63,9,1999,1,21,VOLKSWAGEN PASSAT,8,E01021395,0,-1
2023991372572,2023,991372572,3,8,0,8,8,8,8,0,0,0,0,0,0,0,2,1,1,1,1,67,10,1598,2,8,VOLKSWAGEN PASSAT,9,-1,0,-1
2023332301089,2023,332301089,2,9,0,16,19,8,2,0,0,0,1,0,1,9,3,1,6,6,1,62,9,1968,2,13,VOLKSWAGEN PASSAT,8,E01028375,0,-1
2023552300759,2023,552300759,1,9,0,7,7,4,6,0,0,6,0,0,0,0,1,1,1,1,1,50,8,1968,2,7,VOLKSWAGEN PASSAT,6,E01024005,0,-1
2023371368316,2023,371368316,1,9,0,16,19,5,6,0,0,4,5,9,1,0,4,1,5,6,1,21,5,1968,2,8,VOLKSWAGEN PASSAT,8,E01030197,0,-1
2023440344672,2023,440344672,2,9,0,18,19,7,3,0,0,2,0,0,0,0,1,1,6,6,1,33,6,1968,2,13,VOLKSWAGEN PASSAT,9,E01017914,0,-1
2023351334277,2023,351334277,2,9,0,18,19,0,0,0,0,0,0,0,0,0,2,1,1,1,1,50,8,1968,2,6,VOLKSWAGEN PASSAT,6,E01018169,0,-1
2023332301080,2023,332301080,2,8,0,18,19,8,4,0,0,0,0,0,0,0,1,1,2,2,1,48,8,1598,2,11,VOLKSWAGEN PASSAT,8,E01032865,0,-1
2023471291496,2023,471291496,1,9,0,18,19,5,1,0,0,1,0,0,0,0,1,1,5,6,1,57,9,1968,2,2,VOLKSWAGEN PASSAT,2,E01004129,0,-1
2023610003223,2023,610003223,1,8,0,9,9,5,3,0,0,8,0,0,0,0,1,1,6,6,3,-1,-1,1968,2,8,VOLKSWAGEN PASSAT,-1,-1,0,-1
2023430143690,2023,430143690,2,9,0,18,19,1,5,0,0,6,0,0,0,0,3,1,6,6,2,-1,-1,1968,2,16,VOLKSWAGEN PASSAT,-1,-1,0,-1
2023411391330,2023,411391330,1,8,0,5,5,0,1,0,0,0,0,0,0,0,0,1,1,1,1,-1,-1,1598,2,6,VOLKSWAGEN PASSAT,6,E01023868,0,-1
2023461271723,2023,461271723,1,9,0,18,19,4,8,0,0,0,0,0,0,0,1,1,6,6,1,34,6,1968,2,12,VOLKSWAGEN PASSAT,7,E01000190,0,-1
2023302300315,2023,302300315,1,9,0,18,19,7,4,0,0,1,0,0,0,0,4,1,6,6,1,65,9,1968,2,11,VOLKSWAGEN PASSAT,5,E01019642,0,-1
2023501308217,2023,501308217,1,9,0,18,19,6,4,0,0,1,0,0,0,0,2,1,6,6,1,67,10,1968,2,8,VOLKSWAGEN PASSAT,2,E01028275,0,-1
2023471319142,2023,471319142,1,9,0,18,19,6,2,0,0,4,0,0,0,0,1,1,6,6,1,32,6,1968,2,3,VOLKSWAGEN PASSAT,6,E01031676,0,-1
2023631360149,2023,631360149,1,9,0,18,19,7,3,0,0,0,5,0,1,9,4,1,5,6,1,20,4,1968,2,17,VOLKSWAGEN PASSAT,1,W01001687,0,-1
2023552301202,2023,552301202,1,9,0,18,19,7,3,0,0,8,0,10,1,0,3,1,6,6,3,-1,-1,1968,2,3,VOLKSWAGEN PASSAT,-1,-1,0,-1
2023471344489,2023,471344489,2,9,0,4,4,3,7,0,0,0,0,0,0,0,2,1,5,6,1,76,11,1968,2,15,VOLKSWAGEN PASSAT,10,E01030392,0,-1
2023531363511,2023,531363511,1,9,0,9,9,1,5,0,0,8,0,0,0,0,1,1,5,6,1,75,10,1968,2,13,VOLKSWAGEN PASSAT,8,E01031873,0,-1
2023631374647,2023,631374647,1,9,0,16,19,6,2,0,0,0,5,0,8,4,4,1,5,6,1,61,9,1968,2,12,VOLKSWAGEN PASSAT,5,W01000551,0,-1
2023010468695,2023,010468695,1,9,0,9,9,7,4,0,0,8,0,0,0,0,1,1,6,6,3,33,6,1968,2,11,VOLKSWAGEN PASSAT,-1,-1,0,-1
2023141395255,2023,141395255,1,9,0,18,19,3,7,0,0,0,0,0,0,0,1,1,5,6,1,40,7,1968,2,8,VOLKSWAGEN PASSAT,9,E01028009,0,-1
2023101349218,2023,101349218,2,9,0,3,3,8,8,0,0,0,0,0,0,0,2,1,5,6,1,25,5,1598,2,12,VOLKSWAGEN PASSAT,1,E01008303,0,-1
2023501302211,2023,501302211,1,9,0,18,19,5,1,0,0,1,0,0,0,0,1,1,6,6,2,49,8,1968,2,14,VOLKSWAGEN PASSAT,9,E01033233,0,-1
2023311391779,2023,311391779,1,8,0,8,8,5,7,0,0,1,0,0,1,0,2,1,6,6,1,43,7,1968,2,9,VOLKSWAGEN PASSAT,4,E01019679,0,-1
2023141340965,2023,141340965,1,9,0,18,19,3,7,0,0,0,0,0,0,0,1,1,2,2,1,41,7,1598,2,5,VOLKSWAGEN PASSAT,5,E01032927,0,-1
2023031368282,2023,031368282,1,9,0,18,19,4,7,0,0,1,0,0,0,0,1,1,6,6,1,37,7,1968,2,15,VOLKSWAGEN PASSAT,6,E01019235,0,-1
2023430336026,2023,430336026,1,9,0,4,4,2,6,0,0,1,0,0,0,0,2,1,2,2,1,39,7,1896,2,15,VOLKSWAGEN PASSAT,2,E01028692,0,-1
2023332300404,2023,332300404,1,9,0,18,19,4,8,0,0,0,0,0,0,0,1,1,1,1,1,74,10,1598,2,5,VOLKSWAGEN PASSAT,-1,-1,0,-1
2023010479081,2023,010479081,1,9,0,3,3,3,7,0,0,2,0,0,0,0,4,1,3,7,2,46,8,1598,2,8,VOLKSWAGEN PASSAT,6,E01002984,0,-1
2023461372025,2023,461372025,1,9,0,18,19,5,1,0,0,0,0,0,0,0,1,1,5,6,2,59,9,1984,1,14,VOLKSWAGEN PASSAT,6,E01023979,0,-1
2023371278538,2023,371278538,1,9,0,4,4,4,5,0,0,1,0,0,0,0,4,1,5,6,1,65,9,2496,2,20,VOLKSWAGEN PASSAT,7,E01029901,0,-1
2023131279743,2023,131279743,2,9,0,-1,-1,-1,-1,-1,-1,0,-1,-1,-1,0,-1,1,5,6,1,27,6,1896,2,15,VOLKSWAGEN PASSAT,3,E01011670,0,-1
2023340WN0792,2023,340WN0792,1,9,0,18,19,8,4,0,0,0,0,0,0,6,4,1,6,6,1,50,8,1968,2,6,VOLKSWAGEN PASSAT,5,E01019512,0,-1
2023401380313,2023,401380313,2,9,0,18,19,4,8,0,0,1,1,0,0,0,1,1,6,6,1,30,6,1598,2,5,VOLKSWAGEN PASSAT,8,E01027297,0,-1
2023070905108,2023,070905108,1,9,0,1,1,4,8,0,0,0,0,0,0,0,3,2,6,6,2,51,8,1968,2,7,VOLKSWAGEN PASSAT,8,E01018609,0,-1
2023141306924,2023,141306924,1,9,0,4,4,1,8,0,0,0,0,0,0,0,2,1,5,6,1,61,9,1968,2,10,VOLKSWAGEN PASSAT,1,E01007914,0,-1
2023061332298,2023,061332298,4,8,0,2,2,1,1,0,0,1,0,0,0,0,4,1,6,6,3,-1,-1,1968,2,9,VOLKSWAGEN PASSAT,-1,-1,0,-1
2023311374527,2023,311374527,2,9,0,8,8,3,7,0,0,1,0,0,0,0,2,1,6,6,2,57,9,1968,2,9,VOLKSWAGEN PASSAT,9,E01013985,0,-1
2023031373147,2023,031373147,2,9,0,2,2,0,0,0,0,2,0,0,0,0,2,1,6,6,1,60,9,1984,1,12,VOLKSWAGEN PASSAT,4,E01002576,0,-1
2023122300093,2023,122300093,1,9,0,9,9,3,7,0,0,2,0,0,0,0,3,1,6,6,2,55,8,1968,2,5,VOLKSWAGEN PASSAT,8,E01027765,0,-1
2023031339209,2023,031339209,1,8,0,8,8,1,3,0,0,1,0,0,3,0,2,1,1,1,1,46,8,1968,2,5,VOLKSWAGEN PASSAT,4,E01025172,0,-1
2023520400637,2023,520400637,2,9,0,18,19,8,4,0,0,0,0,0,0,0,3,1,6,6,1,39,7,1896,2,18,VOLKSWAGEN PASSAT,7,E01029151,0,-1
2023302300137,2023,302300137,1,9,0,18,19,8,4,0,0,7,0,0,0,0,0,1,6,6,1,52,8,1968,2,7,VOLKSWAGEN PASSAT,4,E01027928,0,-1
2023141310583,2023,141310583,1,9,0,5,5,2,6,0,0,2,0,0,3,0,3,1,1,1,1,35,6,1968,2,7,VOLKSWAGEN PASSAT,2,E01007654,0,-1
2023010444044,2023,010444044,1,9,0,4,4,8,4,0,0,1,0,0,0,0,1,1,6,6,1,34,6,1968,2,15,VOLKSWAGEN PASSAT,9,E01002164,0,-1
2023010472561,2023,010472561,3,9,0,4,4,1,5,0,0,1,0,0,0,0,2,1,6,6,1,30,6,1968,2,7,VOLKSWAGEN PASSAT,3,E01004045,0,-1
2023010476137,2023,010476137,1,9,0,15,15,3,7,0,0,0,0,0,0,0,4,1,2,2,1,72,10,1498,1,2,VOLKSWAGEN PASSAT,10,E01003472,0,-1
2023302300917,2023,302300917,1,9,0,4,4,1,5,0,0,0,0,0,0,0,1,1,6,6,1,56,9,1968,2,12,VOLKSWAGEN PASSAT,4,E01019522,0,-1
2023131292239,2023,131292239,1,9,0,18,19,3,7,0,0,0,0,0,0,0,1,1,3,7,1,51,8,1598,2,7,VOLKSWAGEN PASSAT,5,E01011801,0,-1
2023421287551,2023,421287551,1,9,0,7,7,7,2,0,0,6,0,0,0,0,1,1,6,6,2,37,7,1968,2,11,VOLKSWAGEN PASSAT,9,E01021825,0,-1
2023991282489,2023,991282489,1,9,0,18,19,6,2,0,0,0,1,0,6,0,1,1,5,6,1,19,4,1968,2,9,VOLKSWAGEN PASSAT,1,-1,0,-1
2023141272525,2023,141272525,1,9,0,4,4,3,5,0,0,1,0,0,0,0,1,1,2,2,1,39,7,1968,2,11,VOLKSWAGEN PASSAT,8,E01007705,0,-1
2023031340424,2023,031340424,1,9,0,10,10,5,1,0,0,1,0,0,1,0,2,1,6,6,3,-1,-1,1968,2,9,VOLKSWAGEN PASSAT,-1,-1,0,-1
2023131343041,2023,131343041,1,9,0,18,19,1,5,0,0,8,0,7,1,7,1,1,6,6,1,23,5,1968,2,9,VOLKSWAGEN PASSAT,1,E01011368,0,-1
2023131320960,2023,131320960,3,9,0,9,9,5,1,0,0,8,0,0,0,0,1,1,5,6,1,44,7,1968,2,14,VOLKSWAGEN PASSAT,1,E01011036,0,-1
2023010426304,2023,010426304,2,9,0,99,99,9,9,99,99,9,9,99,9,99,9,9,6,6,3,-1,-1,1968,2,3,VOLKSWAGEN PASSAT,-1,-1,0,-1
2023131364453,2023,131364453,2,9,0,18,19,0,1,0,0,1,0,0,0,0,1,1,5,6,1,50,8,1598,2,11,VOLKSWAGEN PASSAT,1,E01011375,0,-1
202354C061723,2023,54C061723,2,9,0,18,19,5,1,0,0,0,0,0,0,0,1,1,6,6,2,20,4,1968,2,12,VOLKSWAGEN PASSAT,3,E01015502,0,-1
2023201292437,2023,201292437,2,9,0,13,13,2,6,0,0,8,0,0,0,0,1,1,6,6,1,31,6,1968,2,3,VOLKSWAGEN PASSAT,1,E01009047,0,-1
2023141302493,2023,141302493,1,9,0,18,19,6,2,0,0,1,0,0,0,0,1,1,1,1,1,52,8,1968,2,5,VOLKSWAGEN PASSAT,4,E01007882,0,-1
2023161360337,2023,161360337,3,9,0,2,2,0,0,0,0,2,0,0,0,0,4,1,6,6,3,-1,-1,1896,2,18,VOLKSWAGEN PASSAT,-1,-1,0,-1
2023131262700,2023,131262700,1,9,0,16,19,5,1,0,0,8,0,0,0,0,1,1,6,6,1,58,9,1968,2,14,VOLKSWAGEN PASSAT,2,E01011754,0,-1
2023461321630,2023,461321630,2,9,0,18,19,4,8,0,0,1,0,0,0,0,1,1,5,6,1,33,6,1968,2,12,VOLKSWAGEN PASSAT,5,E01016157,0,-1
2023201330970,2023,201330970,1,9,0,14,14,3,6,0,0,1,1,4,7,0,1,1,6,6,1,-1,-1,2771,1,20,VOLKSWAGEN PASSAT,-1,-1,0,-1
2023131393422,2023,131393422,1,9,0,9,9,3,7,0,0,2,0,0,0,0,4,1,2,2,1,46,8,1968,2,13,VOLKSWAGEN PASSAT,3,E01010629,0,-1
2023411366504,2023,411366504,2,9,0,18,19,5,1,0,0,1,0,0,0,0,3,1,6,6,3,-1,-1,1968,2,3,VOLKSWAGEN PASSAT,-1,-1,0,-1
202360A122272,2023,60A122272,2,9,0,18,19,1,5,0,0,0,0,0,0,0,3,1,2,2,1,58,9,1968,2,16,VOLKSWAGEN PASSAT,-1,-1,0,-1
2023070660936,2023,070660936,1,9,0,9,9,5,3,0,0,8,0,0,7,0,1,1,6,6,2,37,7,1968,2,12,VOLKSWAGEN PASSAT,4,W01000273,0,-1
2023070601595,2023,070601595,2,9,0,7,7,5,7,0,0,5,0,0,0,0,2,1,1,1,1,42,7,1968,2,10,VOLKSWAGEN PASSAT,2,E01018467,0,-1
2023131317333,2023,131317333,2,9,0,5,5,1,1,0,0,1,0,0,0,0,1,1,5,6,1,32,6,1986,2,14,VOLKSWAGEN PASSAT,1,E01010606,0,-1
2023101339553,2023,101339553,2,9,0,18,19,7,3,0,0,0,0,0,0,0,0,1,5,6,2,50,8,1896,2,19,VOLKSWAGEN PASSAT,7,E01027495,0,-1
2023101319438,2023,101319438,1,9,-1,-1,-1,-1,-1,-1,-1,-1,-1,-1,-1,0,-1,1,1,1,1,40,7,1968,2,2,VOLKSWAGEN PASSAT,-1,-1,0,-1
2023061347814,2023,061347814,3,9,0,18,19,2,6,0,0,0,5,0,0,0,1,1,6,6,1,50,8,1498,1,3,VOLKSWAGEN PASSAT,6,E01004894,0,-1
2023170M10993,2023,170M10993,1,9,0,18,19,2,6,0,0,8,0,0,0,0,4,1,6,6,1,45,7,1968,2,4,VOLKSWAGEN PASSAT,6,E01012046,0,-1
2023991266484,2023,991266484,1,9,0,16,19,7,2,0,0,0,1,0,0,0,1,1,5,6,1,61,9,1598,2,10,VOLKSWAGEN PASSAT,2,-1,0,-1
2023010451185,2023,010451185,1,9,0,1,1,1,5,0,0,1,0,0,0,0,2,1,1,1,1,32,6,1790,1,14,VOLKSWAGEN PASSAT,3,E01003819,0,-1
2023421304844,2023,421304844,1,9,0,9,9,1,6,0,0,8,0,0,0,0,1,1,5,6,1,34,6,1968,2,9,VOLKSWAGEN PASSAT,6,E01021258,0,-1
2023991357866,2023,991357866,1,9,0,18,19,2,6,0,0,0,0,4,0,0,1,1,5,6,1,40,7,1968,2,12,VOLKSWAGEN PASSAT,4,-1,0,-1
2023061376994,2023,061376994,1,9,-1,18,19,5,1,0,0,0,0,0,0,0,1,1,6,6,1,30,6,1968,2,13,VOLKSWAGEN PASSAT,1,E01005483,0,-1
2023131356835,2023,131356835,2,9,0,18,19,1,5,0,0,0,1,0,4,0,1,1,5,6,1,61,9,1968,2,6,VOLKSWAGEN PASSAT,10,E01030796,0,-1
2023401380349,2023,401380349,2,9,0,18,19,2,6,0,0,8,0,0,0,0,3,1,5,6,2,45,7,1986,2,15,VOLKSWAGEN PASSAT,9,E01017415,0,-1
2023010467850,2023,010467850,2,9,0,18,19,1,5,0,0,1,0,0,1,11,1,1,6,6,1,17,4,1984,1,17,VOLKSWAGEN PASSAT,3,E01001394,0,-1
2023991388773,2023,991388773,1,9,0,18,19,5,1,0,0,0,0,0,0,0,1,1,2,2,1,33,6,1968,2,12,VOLKSWAGEN PASSAT,5,-1,0,-1
2023041314684,2023,041314684,2,9,0,17,19,3,1,0,0,1,0,0,0,0,3,1,2,2,1,62,9,1395,8,6,VOLKSWAGEN PASSAT,8,E01012611,0,-1
2023010441724,2023,010441724,2,9,0,2,2,0,0,0,0,0,0,0,0,0,3,1,6,6,3,-1,-1,1598,2,6,VOLKSWAGEN PASSAT,-1,-1,0,-1
2023131365094,2023,131365094,1,9,0,-1,-1,-1,-1,-1,-1,-1,-1,-1,-1,-1,-1,1,6,6,3,-1,-1,1968,2,15,VOLKSWAGEN PASSAT,-1,-1,0,-1
2023041291494,2023,041291494,3,9,0,2,2,0,0,0,0,1,0,0,0,0,1,1,6,6,1,27,6,1968,2,15,VOLKSWAGEN PASSAT,2,E01000628,0,-1
2023522301236,2023,522301236,2,9,0,1,1,4,8,0,0,1,0,0,0,0,2,1,6,6,1,64,9,1968,2,12,VOLKSWAGEN PASSAT,8,E01014721,0,-1
2023411399418,2023,411399418,2,9,0,4,4,2,6,0,0,0,0,0,0,0,2,1,6,6,2,68,10,1968,2,16,VOLKSWAGEN PASSAT,9,E01017701,0,-1
2023211381703,2023,211381703,1,9,0,18,19,4,8,0,0,1,0,0,0,0,1,1,6,6,1,40,7,1598,2,13,VOLKSWAGEN PASSAT,-1,-1,0,-1
2023010484563,2023,010484563,1,9,0,99,99,9,9,99,99,9,9,99,9,99,2,9,6,6,1,24,5,1968,2,8,VOLKSWAGEN PASSAT,4,E01015972,0,-1
2023430321307,2023,430321307,1,9,0,14,14,3,7,0,0,0,0,0,0,0,4,1,6,6,1,33,6,1598,2,8,VOLKSWAGEN PASSAT,4,E01016359,0,-1
2023211332247,2023,211332247,1,8,0,4,4,1,5,0,0,1,0,0,0,0,3,1,1,1,1,40,7,1968,2,9,VOLKSWAGEN PASSAT,-1,-1,0,-1
2023440068272,2023,440068272,1,9,0,18,19,6,2,0,0,1,0,0,0,0,1,1,2,2,1,34,6,1896,2,19,VOLKSWAGEN PASSAT,4,E01017172,0,-1
2023320663922,2023,320663922,1,9,0,18,19,2,6,0,0,2,0,0,0,0,1,1,6,6,2,24,5,1968,2,2,VOLKSWAGEN PASSAT,2,E01026094,0,-1
2023122301119,2023,122301119,1,9,0,18,19,7,4,0,0,0,0,0,0,0,1,1,6,6,1,30,6,1968,2,12,VOLKSWAGEN PASSAT,1,E01007566,0,-1
2023401346488,2023,401346488,1,9,0,18,19,2,6,0,0,1,0,0,0,0,1,1,6,6,1,48,8,1598,2,5,VOLKSWAGEN PASSAT,6,E01023624,0,-1
2023311286563,2023,311286563,1,8,0,17,19,2,8,0,0,1,0,0,0,0,2,1,1,1,1,31,6,1598,2,8,VOLKSWAGEN PASSAT,1,E01028268,0,-1
2023471353121,2023,471353121,1,9,0,9,9,3,1,0,0,6,0,0,0,0,4,1,5,6,1,61,9,1968,2,10,VOLKSWAGEN PASSAT,7,E01022574,0,-1
2023451360707,2023,451360707,2,9,0,18,19,5,1,0,0,0,1,0,7,0,4,1,2,2,1,38,7,1968,2,14,VOLKSWAGEN PASSAT,10,E01016596,0,-1
2023221295217,2023,221295217,3,8,0,17,19,5,2,0,0,8,0,0,0,0,1,1,1,1,1,48,8,1968,2,13,VOLKSWAGEN PASSAT,8,E01032329,0,-1
2023052301784,2023,052301784,2,9,0,18,19,3,7,0,0,8,0,0,0,0,1,1,2,2,1,57,9,1968,2,16,VOLKSWAGEN PASSAT,1,E01006950,0,-1
2023371270708,2023,371270708,2,9,0,18,19,7,8,0,0,0,0,0,0,0,2,1,2,2,1,26,6,1896,2,19,VOLKSWAGEN PASSAT,9,E01030216,0,-1
2023501317267,2023,501317267,1,9,0,9,9,8,6,0,0,6,0,0,0,0,1,1,6,6,2,63,9,1968,2,7,VOLKSWAGEN PASSAT,5,E01019039,0,-1
2023231325606,2023,231325606,1,9,0,9,9,5,2,0,0,6,0,0,0,0,1,1,5,6,1,34,6,1896,2,20,VOLKSWAGEN PASSAT,8,E01031042,0,-1
2023061339374,2023,061339374,1,9,0,7,7,1,3,0,0,0,0,0,0,0,1,1,6,6,1,44,7,1968,2,12,VOLKSWAGEN PASSAT,1,E01005257,0,-1
2023010439159,2023,010439159,1,9,0,99,99,9,9,99,99,9,9,99,9,99,2,9,6,6,2,38,7,1598,2,5,VOLKSWAGEN PASSAT,-1,-1,0,-1
2023471314650,2023,471314650,1,9,0,18,19,1,5,1,1,8,0,0,7,1,4,2,5,6,1,33,6,1968,2,11,VOLKSWAGEN PASSAT,6,E01030598,0,-1
2023010448209,2023,010448209,1,9,0,2,2,0,0,0,0,3,0,0,0,0,2,1,6,6,3,-1,-1,1968,2,8,VOLKSWAGEN PASSAT,-1,-1,0,-1
2023041271941,2023,041271941,2,9,0,2,2,0,0,9,9,0,0,0,0,0,4,1,6,6,3,-1,-1,1968,2,15,VOLKSWAGEN PASSAT,-1,-1,0,-1
2023201334379,2023,201334379,2,9,0,3,3,5,1,0,0,1,0,0,0,0,3,1,1,1,1,33,6,1598,2,7,VOLKSWAGEN PASSAT,2,E01009414,0,-1
2023131320085,2023,131320085,2,9,0,5,5,1,5,0,0,0,0,0,0,0,3,1,1,1,1,52,8,1968,2,6,VOLKSWAGEN PASSAT,5,E01011648,0,-1
2023430324785,2023,430324785,2,9,0,9,9,5,3,0,0,8,0,0,0,0,4,1,1,1,1,40,7,1598,2,9,VOLKSWAGEN PASSAT,1,E01016743,0,-1
2023421278994,2023,421278994,1,9,0,17,19,1,5,0,0,0,0,0,0,0,1,1,5,6,1,37,7,1598,2,8,VOLKSWAGEN PASSAT,3,E01002243,0,-1
2023161324962,2023,161324962,2,9,0,4,4,3,7,0,0,0,0,0,0,0,2,1,6,6,1,56,9,1598,2,9,VOLKSWAGEN PASSAT,4,E01026105,0,-1
2023010477773,2023,010477773,2,9,0,18,19,3,7,0,0,1,0,0,0,0,1,1,6,6,1,23,5,1968,2,13,VOLKSWAGEN PASSAT,-1,-1,0,-1
2023411266890,2023,411266890,1,9,0,7,7,3,5,0,0,1,0,0,0,0,1,1,6,6,1,73,10,1968,2,4,VOLKSWAGEN PASSAT,4,E01023877,0,-1
2023041291392,2023,041291392,3,9,0,18,19,3,7,0,0,4,0,0,0,0,4,1,5,6,2,22,5,1968,2,4,VOLKSWAGEN PASSAT,2,E01025115,0,-1
2023070604266,2023,070604266,1,9,0,18,19,4,8,0,0,1,0,10,1,1,1,1,6,6,1,34,6,1598,2,13,VOLKSWAGEN PASSAT,6,E01012378,0,-1
2023451377795,2023,451377795,1,9,0,4,4,5,1,0,0,0,0,0,0,0,2,1,2,2,1,38,7,1968,2,6,VOLKSWAGEN PASSAT,2,E01001012,0,-1
2023991363132,2023,991363132,2,9,0,18,19,3,8,0,0,8,0,0,0,0,1,1,5,6,1,71,10,1968,2,12,VOLKSWAGEN PASSAT,6,E01018126,0,-1
2023031320091,2023,031320091,3,9,0,3,3,0,0,0,0,1,0,0,0,0,2,1,1,1,1,49,8,1968,2,11,VOLKSWAGEN PASSAT,2,E01033160,0,-1
2023041305513,2023,041305513,3,9,0,18,19,5,1,0,0,0,0,0,0,0,4,1,5,6,1,36,7,1968,2,12,VOLKSWAGEN PASSAT,2,E01012696,0,-1