collision_index,collision_year,collision_ref_no,vehicle_reference,vehicle_type,towing_and_articulation,vehicle_manoeuvre_historic,vehicle_manoeuvre,vehicle_direction_from,vehicle_direction_to,vehicle_location_restricted_lane_historic,vehicle_location_restricted_lane,junction_location,skidding_and_overturning,hit_object_in_carriageway,vehicle_leaving_carriageway,hit_object_off_carriageway,first_point_of_impact,vehicle_left_hand_drive,journey_purpose_of_driver_historic,journey_purpose_of_driver,sex_of_driver,age_of_driver,age_band_of_driver,engine_capacity_cc,propulsion_code,age_of_vehicle,generic_make_model,driver_imd_decile,lsoa_of_driver,escooter_flag,driver_distance_banding
2023041434197,2023,041434197,1,9,0,18,19,-1,-1,0,0,1,0,0,0,0,1,1,6,6,3,-1,-1,1968,2,17,VOLKSWAGEN PASSAT,-1,-1,0,-1
2023351391016,2023,351391016,1,9,0,17,19,3,7,0,0,0,1,0,0,0,1,1,6,6,1,42,7,1598,2,8,VOLKSWAGEN PASSAT,6,E01018246,0,-1
2023451307059,2023,451307059,1,9,0,14,14,5,1,0,0,0,0,0,0,0,1,1,6,6,1,59,9,1968,2,15,VOLKSWAGEN PASSAT,9,E01030836,0,-1
2023010456358,2023,010456358,2,9,0,99,99,9,9,99,99,9,9,99,9,99,9,9,6,6,1,41,7,1984,1,16,VOLKSWAGEN PASSAT,5,E01001322,0,-1
2023461370084,2023,461370084,2,9,0,18,19,5,1,0,0,0,0,0,0,0,2,1,6,6,2,-1,-1,1984,1,16,VOLKSWAGEN PASSAT,7,E01024378,0,-1
2023991302423,2023,991302423,1,9,0,18,19,7,3,0,0,1,0,0,7,0,1,1,5,6,2,72,10,1498,1,3,VOLKSWAGEN PASSAT,5,-1,0,-1
2023501311280,2023,501311280,1,9,0,17,19,3,1,0,0,8,0,6,0,0,4,1,5,6,1,84,11,1968,2,8,VOLKSWAGEN PASSAT,5,E01020342,0,-1
2023201391995,2023,201391995,2,9,0,18,19,6,2,0,0,8,0,0,0,0,1,1,5,6,1,33,6,1598,2,3,VOLKSWAGEN PASSAT,5,E01009703,0,-1
2023031348071,2023,031348071,1,9,0,16,19,5,8,0,0,0,0,0,0,0,3,1,5,6,2,51,8,1968,2,8,VOLKSWAGEN PASSAT,7,-1,0,-1
2023052300781,2023,052300781,2,9,0,18,19,2,6,0,0,0,0,0,0,0,1,1,6,6,2,36,7,1968,2,4,VOLKSWAGEN PASSAT,1,E01007011,0,-1
2023401329075,2023,401329075,1,9,0,4,4,-1,-1,0,0,1,0,0,0,0,1,1,6,6,1,34,6,1968,2,9,VOLKSWAGEN PASSAT,7,E01017524,0,-1
2023141311141,2023,141311141,2,9,0,9,9,3,7,0,0,8,0,0,0,0,1,1,2,2,1,27,6,1968,2,9,VOLKSWAGEN PASSAT,1,E01007462,0,-1
2023401388681,2023,401388681,1,9,0,5,5,7,1,0,0,0,0,0,0,0,3,1,1,1,2,50,8,1598,2,9,VOLKSWAGEN PASSAT,5,E01015780,0,-1
2023520400381,2023,520400381,1,9,0,18,19,1,5,0,0,8,0,0,0,0,4,1,6,6,1,83,11,1968,2,8,VOLKSWAGEN PASSAT,6,E01032051,0,-1
2023201371020,2023,201371020,2,9,0,17,19,6,3,0,0,2,0,0,0,0,1,1,6,6,2,43,7,1999,1,20,VOLKSWAGEN PASSAT,8,E01032373,0,-1
2023440119271,2023,440119271,1,9,0,18,19,3,7,0,0,0,1,0,0,0,4,1,6,6,1,53,8,1968,2,14,VOLKSWAGEN PASSAT,7,E01032846,0,-1
2023141352992,2023,141352992,1,9,0,18,19,6,2,0,0,0,0,0,0,0,1,1,1,1,1,42,7,1968,2,10,VOLKSWAGEN PASSAT,1,E01008123,0,-1
2023161262364,2023,161262364,1,9,0,16,19,4,7,0,0,1,0,0,0,0,1,2,5,6,1,72,10,1896,2,18,VOLKSWAGEN PASSAT,4,E01013303,0,-1
2023440100246,2023,440100246,1,9,0,18,19,8,4,0,0,0,2,0,5,6,1,1,6,6,1,22,5,1968,2,7,VOLKSWAGEN PASSAT,1,E01001772,0,-1
2023471360243,2023,471360243,1,8,0,7,7,1,4,0,0,8,0,0,0,0,1,1,1,1,1,50,8,1968,2,5,VOLKSWAGEN PASSAT,4,E01031835,0,-1
2023340WN3522,2023,340WN3522,2,9,0,2,2,0,0,0,0,0,0,0,0,0,2,1,6,6,3,-1,-1,1968,2,7,VOLKSWAGEN PASSAT,-1,-1,0,-1
2023201297690,2023,201297690,1,9,0,7,7,3,6,0,0,2,0,0,0,0,2,1,6,6,1,36,7,1598,2,6,VOLKSWAGEN PASSAT,2,E01010363,0,-1
2023501388677,2023,501388677,1,9,-1,9,9,5,3,0,0,1,1,0,0,0,1,1,6,6,1,69,10,1598,2,12,VOLKSWAGEN PASSAT,1,E01015260,0,-1
2023531400732,2023,531400732,2,9,0,18,19,1,5,0,0,0,0,0,0,0,1,1,5,6,1,50,8,1968,2,16,VOLKSWAGEN PASSAT,6,E01022260,0,-1
2023361342156,2023,361342156,3,9,0,4,4,5,1,0,0,2,1,0,0,0,2,1,5,6,1,55,8,1968,2,16,VOLKSWAGEN PASSAT,9,E01018054,0,-1
2023131371771,2023,131371771,1,9,0,18,19,5,1,0,0,8,0,0,0,0,3,1,6,6,3,-1,-1,1968,2,11,VOLKSWAGEN PASSAT,-1,-1,0,-1
2023631323344,2023,631323344,3,9,0,18,19,3,7,0,0,1,0,0,0,0,2,1,5,6,2,56,9,1395,8,3,VOLKSWAGEN PASSAT,6,W01000666,0,-1
2023991287908,2023,991287908,1,9,0,18,19,7,3,0,0,1,0,0,1,0,1,1,5,6,2,29,6,1968,2,6,VOLKSWAGEN PASSAT,8,-1,0,-1
2023371313748,2023,371313748,4,9,0,3,3,5,1,0,0,0,0,0,0,0,2,1,5,6,1,25,5,1498,1,5,VOLKSWAGEN PASSAT,10,E01030129,0,-1
2023340WN5192,2023,340WN5192,2,9,0,18,19,3,7,0,0,8,0,0,0,0,1,1,6,6,1,53,8,1968,2,9,VOLKSWAGEN PASSAT,1,E01027153,0,-1
2023070103145,2023,070103145,2,8,0,9,9,5,3,0,0,8,1,0,1,0,4,1,1,1,1,40,7,1968,2,12,VOLKSWAGEN PASSAT,1,E01012453,0,-1
2023201380281,2023,201380281,1,9,0,5,5,4,8,0,0,0,0,0,0,0,1,1,5,6,1,-1,-1,1968,2,8,VOLKSWAGEN PASSAT,-1,-1,0,-1
2023131326377,2023,131326377,1,9,0,18,19,4,8,0,0,0,0,0,0,0,1,1,6,6,1,31,6,1968,2,3,VOLKSWAGEN PASSAT,10,E01010646,0,-1
2023991333029,2023,991333029,2,9,0,18,19,6,1,0,0,0,0,0,0,0,1,1,5,6,1,58,9,1968,2,9,VOLKSWAGEN PASSAT,9,-1,0,-1
2023010459836,2023,010459836,2,9,9,99,99,9,9,99,99,9,9,99,9,99,9,9,6,6,3,-1,-1,1968,2,2,VOLKSWAGEN PASSAT,-1,-1,0,-1
2023131381480,2023,131381480,2,9,0,4,4,1,5,0,0,0,0,0,0,0,2,1,2,2,2,34,6,1968,2,4,VOLKSWAGEN PASSAT,3,E01020737,0,-1
2023622300937,2023,622300937,1,9,0,5,5,2,6,0,0,4,0,0,0,0,1,1,6,6,3,-1,-1,1896,2,14,VOLKSWAGEN PASSAT,-1,-1,0,-1
2023141292148,2023,141292148,1,9,0,18,19,8,4,0,0,1,0,0,0,0,1,1,6,6,2,26,6,1896,2,18,VOLKSWAGEN PASSAT,1,E01007791,0,-1
2023131375906,2023,131375906,2,9,0,5,5,4,8,8,6,6,0,0,0,0,1,1,6,6,1,37,7,1968,2,13,VOLKSWAGEN PASSAT,3,E01010986,0,-1
2023340WN1722,2023,340WN1722,1,9,0,18,19,1,5,0,0,0,0,0,0,0,1,1,2,2,1,20,4,1968,2,11,VOLKSWAGEN PASSAT,2,E01027229,0,-1
2023451272337,2023,451272337,1,9,0,18,19,5,1,0,0,0,0,0,0,0,3,1,5,6,1,79,11,1498,1,2,VOLKSWAGEN PASSAT,8,E01002900,0,-1
2023451327142,2023,451327142,1,9,0,12,12,5,1,0,0,0,0,0,0,0,1,1,6,6,1,59,9,1968,2,12,VOLKSWAGEN PASSAT,8,E01030951,0,-1
2023522400279,2023,522400279,1,9,0,18,19,6,2,0,0,0,0,0,0,0,2,1,6,6,1,36,7,1968,2,13,VOLKSWAGEN PASSAT,1,E01005472,0,-1
2023302300919,2023,302300919,2,8,0,9,9,1,7,0,0,1,0,0,0,0,4,1,1,1,1,51,8,1968,2,9,VOLKSWAGEN PASSAT,2,E01033400,0,-1
2023231310825,2023,231310825,2,9,0,4,4,4,8,0,0,0,0,0,0,0,2,2,3,7,1,40,7,1968,2,6,VOLKSWAGEN PASSAT,4,E01031060,0,-1
2023371308598,2023,371308598,1,9,0,18,19,3,4,0,0,0,0,0,0,0,3,1,2,2,1,40,7,1598,2,12,VOLKSWAGEN PASSAT,8,E01029883,0,-1
2023440290640,2023,440290640,1,9,0,18,19,7,3,0,0,4,0,0,0,0,3,1,6,6,2,61,9,1390,1,15,VOLKSWAGEN PASSAT,8,E01023176,0,-1
2023361338271,2023,361338271,1,8,0,18,19,1,5,0,0,0,0,0,0,0,4,1,1,1,1,34,6,1598,2,5,VOLKSWAGEN PASSAT,6,E01026797,0,-1
2023471307596,2023,471307596,1,9,0,18,19,3,7,0,0,0,0,0,0,0,1,1,6,6,1,65,9,1968,2,9,VOLKSWAGEN PASSAT,7,E01031508,0,-1
2023131360378,2023,131360378,2,9,0,18,19,3,7,0,0,0,0,0,0,0,2,1,6,6,1,65,9,1968,2,11,VOLKSWAGEN PASSAT,2,E01011656,0,-1
2023010453545,2023,010453545,1,9,9,99,99,9,9,99,99,9,9,99,9,99,9,9,6,6,2,-1,-1,1968,2,6,VOLKSWAGEN PASSAT,3,E01003552,0,-1
2023332300703,2023,332300703,4,9,0,4,4,6,2,0,0,0,0,0,0,0,2,1,6,6,1,35,6,1968,2,5,VOLKSWAGEN PASSAT,4,E01010499,0,-1
2023451373491,2023,451373491,1,9,0,18,19,7,3,0,0,0,5,10,7,7,1,1,6,6,1,50,8,1968,2,11,VOLKSWAGEN PASSAT,10,E01030495,0,-1
2023170S12383,2023,170S12383,1,9,0,18,19,6,2,0,0,1,0,0,0,0,2,1,6,6,1,68,10,1968,2,13,VOLKSWAGEN PASSAT,6,E01012279,0,-1
2023430177031,2023,430177031,1,9,0,18,19,6,2,0,0,8,0,0,0,0,4,1,2,2,1,33,6,1598,2,13,VOLKSWAGEN PASSAT,5,E01016594,0,-1
2023170M11993,2023,170M11993,1,9,0,18,19,4,8,0,0,0,0,0,0,0,1,1,6,6,1,27,6,1968,2,5,VOLKSWAGEN PASSAT,1,E01012050,0,-1
2023131319040,2023,131319040,1,9,0,18,19,7,7,0,0,0,0,0,0,0,1,1,1,1,1,33,6,1968,2,5,VOLKSWAGEN PASSAT,9,E01006989,0,-1
2023010480853,2023,010480853,2,9,0,99,99,9,9,99,99,9,9,99,9,99,1,9,6,6,3,-1,-1,1968,2,16,VOLKSWAGEN PASSAT,-1,-1,0,-1
2023010462045,2023,010462045,1,9,0,18,19,7,3,0,0,2,0,0,0,0,1,1,1,1,1,28,6,1395,8,3,VOLKSWAGEN PASSAT,3,E01004489,0,-1
2023201289827,2023,201289827,1,8,0,18,19,6,2,0,0,0,0,0,0,0,1,1,1,1,1,37,7,1968,2,9,VOLKSWAGEN PASSAT,1,E01009353,0,-1
2023991369054,2023,991369054,2,9,0,12,12,1,5,0,0,0,0,0,7,0,1,1,5,6,1,36,7,1896,2,16,VOLKSWAGEN PASSAT,-1,-1,0,-1
2023141358643,2023,141358643,1,9,0,18,19,3,7,0,0,3,0,0,0,0,3,1,2,2,2,31,6,1968,2,12,VOLKSWAGEN PASSAT,3,E01007632,0,-1
2023141361911,2023,141361911,1,9,0,18,19,8,4,0,0,0,0,0,5,0,2,1,2,2,1,38,7,1968,2,14,VOLKSWAGEN PASSAT,2,E01007531,0,-1
2023010437467,2023,010437467,2,9,0,99,99,9,9,99,99,9,9,99,9,99,1,9,6,6,3,-1,-1,1968,2,8,VOLKSWAGEN PASSAT,-1,-1,0,-1
2023522300406,2023,522300406,2,8,0,14,14,4,8,0,0,0,0,0,0,0,1,1,1,1,1,-1,-1,1598,2,5,VOLKSWAGEN PASSAT,8,E01033331,0,-1
2023531307720,2023,531307720,1,9,0,9,9,5,3,0,0,8,0,0,0,0,1,1,5,6,1,23,5,1968,2,14,VOLKSWAGEN PASSAT,4,E01022450,0,-1
2023401338999,2023,401338999,2,9,0,18,19,-1,-1,0,0,0,0,0,0,0,4,1,5,6,1,65,9,1968,2,14,VOLKSWAGEN PASSAT,8,E01017468,0,-1
2023351359254,2023,351359254,2,9,0,17,19,6,2,0,0,0,0,0,0,0,1,1,6,6,2,48,8,1968,2,15,VOLKSWAGEN PASSAT,8,E01033117,0,-1
2023991339144,2023,991339144,2,9,0,17,19,6,2,0,0,0,0,0,0,0,1,1,5,6,1,61,9,1968,2,9,VOLKSWAGEN PASSAT,10,-1,0,-1
2023340WN6282,2023,340WN6282,1,9,0,9,9,2,8,0,0,5,0,0,0,0,1,1,2,2,1,51,8,1598,2,8,VOLKSWAGEN PASSAT,6,E01027220,0,-1
2023501283335,2023,501283335,1,9,0,4,4,4,8,0,0,1,0,0,0,0,1,1,6,6,2,57,9,1968,2,12,VOLKSWAGEN PASSAT,10,E01019894,0,-1
2023211269257,2023,211269257,2,9,0,3,3,8,4,0,0,1,0,0,0,0,2,1,5,6,1,61,9,1968,2,8,VOLKSWAGEN PASSAT,8,E01029624,0,-1
2023461288605,2023,461288605,1,9,0,18,19,5,1,0,0,0,0,0,0,0,1,1,6,6,3,-1,-1,1896,2,18,VOLKSWAGEN PASSAT,-1,-1,0,-1
2023461313767,2023,461313767,1,9,0,6,6,3,7,0,0,0,0,0,0,0,2,1,6,6,1,63,9,1968,2,12,VOLKSWAGEN PASSAT,2,E01024646,0,-1
2023052301549,2023,052301549,2,9,0,18,19,3,7,0,0,1,0,0,0,0,3,1,6,6,2,60,9,1968,2,3,VOLKSWAGEN PASSAT,4,E01007231,0,-1
2023351333580,2023,351333580,1,9,0,18,19,-1,-1,0,0,0,0,0,0,0,1,1,6,6,1,-1,-1,1598,2,6,VOLKSWAGEN PASSAT,6,E01015672,0,-1
2023461322874,2023,461322874,2,9,0,18,19,7,3,0,0,1,0,0,0,0,3,1,6,6,1,50,8,1968,2,17,VOLKSWAGEN PASSAT,3,E01024103,0,-1
2023201374910,2023,201374910,1,9,0,18,19,1,5,0,0,1,0,0,0,0,1,1,6,6,1,-1,-1,1968,2,15,VOLKSWAGEN PASSAT,-1,-1,0,-1
2023141353581,2023,141353581,1,9,0,18,19,5,1,0,0,0,0,0,0,0,4,1,5,6,1,24,5,1598,2,9,VOLKSWAGEN PASSAT,2,W01001768,0,-1
202360A112469,2023,60A112469,1,9,0,4,4,6,2,0,0,0,0,0,0,0,2,1,6,6,2,32,6,1968,2,14,VOLKSWAGEN PASSAT,-1,-1,0,-1
2023430219815,2023,430219815,1,9,0,5,5,4,8,0,0,6,0,0,0,0,4,1,1,1,2,40,7,1968,2,12,VOLKSWAGEN PASSAT,7,E01032960,0,-1
2023471307700,2023,471307700,1,9,0,11,11,1,5,0,0,0,1,0,1,9,4,1,5,6,1,22,5,1968,2,16,VOLKSWAGEN PASSAT,4,E01016521,0,-1
2023141295223,2023,141295223,2,9,0,2,2,0,0,0,0,2,0,0,0,0,3,1,6,6,3,-1,-1,1896,2,22,VOLKSWAGEN PASSAT,-1,-1,0,-1
2023141345829,2023,141345829,4,9,0,18,19,2,6,0,0,0,0,0,1,0,1,1,5,6,2,42,7,1968,2,14,VOLKSWAGEN PASSAT,10,E01008021,0,-1
2023010478149,2023,010478149,1,8,0,18,19,3,7,0,0,0,0,4,0,0,4,1,6,6,1,55,8,1598,2,4,VOLKSWAGEN PASSAT,3,E01004453,0,-1
2023131388083,2023,131388083,1,9,0,5,5,8,4,0,0,0,0,0,0,0,3,1,5,6,1,39,7,1598,2,8,VOLKSWAGEN PASSAT,2,E01011268,0,-1
2023141287422,2023,141287422,2,9,0,18,19,1,2,0,0,0,0,0,0,0,1,1,6,6,3,-1,-1,1896,2,18,VOLKSWAGEN PASSAT,-1,-1,0,-1
2023421328750,2023,421328750,1,9,0,9,9,8,6,0,0,6,0,0,0,0,1,1,6,6,2,45,7,1968,2,15,VOLKSWAGEN PASSAT,4,E01021833,0,-1
2023991351615,2023,991351615,2,9,0,18,19,6,2,0,0,0,0,0,0,0,1,1,2,2,2,32,6,1968,2,9,VOLKSWAGEN PASSAT,8,-1,0,-1
2023131269387,2023,131269387,1,9,0,5,5,1,3,0,0,6,0,0,0,0,3,1,5,6,1,28,6,1968,2,15,VOLKSWAGEN PASSAT,7,E01010573,0,-1
2023201418526,2023,201418526,2,9,0,18,19,6,2,0,0,1,0,0,0,0,2,1,6,6,1,40,7,1598,2,12,VOLKSWAGEN PASSAT,5,E01009244,0,-1
2023061290201,2023,061290201,2,9,0,9,9,1,7,0,0,6,0,0,0,0,4,1,1,1,1,36,7,1968,2,10,VOLKSWAGEN PASSAT,1,E01005206,0,-1
2023501338009,2023,501338009,1,9,0,18,19,1,5,0,0,0,0,0,0,0,1,1,5,6,1,47,8,1968,2,3,VOLKSWAGEN PASSAT,-1,-1,0,-1
2023451343486,2023,451343486,1,9,0,17,19,5,1,0,0,0,1,0,0,0,1,1,5,6,1,46,8,1896,2,19,VOLKSWAGEN PASSAT,8,E01030877,0,-1
2023221288567,2023,221288567,2,9,0,17,19,2,7,0,0,8,0,0,0,0,1,1,6,6,1,35,6,1598,2,12,VOLKSWAGEN PASSAT,10,E01032419,0,-1
2023221355239,2023,221355239,2,9,0,16,19,4,8,0,0,0,0,0,0,0,3,1,5,6,1,37,7,1968,2,8,VOLKSWAGEN PASSAT,5,E01014099,0,-1
2023161294089,2023,161294089,2,9,0,18,19,7,3,0,0,1,0,0,0,0,1,1,1,1,1,66,10,1968,2,4,VOLKSWAGEN PASSAT,6,E01013267,0,-1
2023991304441,2023,991304441,1,8,0,18,19,7,3,0,0,0,0,0,0,0,4,1,1,1,1,35,6,1968,2,7,VOLKSWAGEN PASSAT,-1,-1,0,-1
2023010432809,2023,010432809,1,9,0,3,3,5,1,0,0,4,0,0,0,0,3,1,6,6,1,21,5,1968,2,3,VOLKSWAGEN PASSAT,2,E01001706,0,-1
2023631356244,2023,631356244,1,9,0,5,5,6,2,0,0,0,0,11,0,0,3,1,1,1,1,43,7,1598,2,13,VOLKSWAGEN PASSAT,3,W01001764,0,-1
2023111315616,2023,111315616,1,8,0,18,19,5,1,0,0,0,0,0,0,0,3,1,6,6,1,53,8,1968,2,5,VOLKSWAGEN PASSAT,7,E01008843,0,-1
2023302300595,2023,302300595,1,9,0,18,19,7,3,0,0,1,0,0,0,0,4,1,6,6,1,87,11,1790,1,13,VOLKSWAGEN PASSAT,4,E01019822,0,-1
2023421304582,2023,421304582,1,9,0,5,5,7,3,0,0,1,5,0,0,0,4,1,5,6,2,80,11,1968,2,12,VOLKSWAGEN PASSAT,9,E01021479,0,-1
2023371304870,2023,371304870,1,9,0,18,19,3,7,0,0,0,0,0,0,0,1,1,5,6,1,21,5,1968,2,16,VOLKSWAGEN PASSAT,3,E01004422,0,-1
2023061387503,2023,061387503,1,9,0,18,19,3,7,0,0,0,1,0,5,0,1,1,6,6,3,-1,-1,1968,2,14,VOLKSWAGEN PASSAT,-1,-1,0,-1
2023201283345,2023,201283345,2,9,0,18,19,6,2,0,0,4,0,0,0,0,1,1,6,6,1,-1,-1,1968,2,16,VOLKSWAGEN PASSAT,3,E01009633,0,-1
2023451354709,2023,451354709,2,9,0,4,4,3,7,0,0,0,0,0,0,0,2,1,2,2,1,69,10,1968,2,5,VOLKSWAGEN PASSAT,7,E01023124,0,-1
2023101343498,2023,101343498,1,9,0,18,19,1,5,0,0,1,0,0,0,0,1,1,1,1,1,37,7,1598,2,7,VOLKSWAGEN PASSAT,5,E01008407,0,-1
2023332300744,2023,332300744,1,9,0,1,1,4,8,0,0,1,0,0,0,0,2,1,6,6,1,61,9,1968,2,8,VOLKSWAGEN PASSAT,5,E01013766,0,-1
2023340NN0642,2023,340NN0642,2,9,0,5,5,1,5,0,0,6,0,0,0,0,3,1,1,1,2,43,7,1968,2,6,VOLKSWAGEN PASSAT,9,E01013802,0,-1
2023010479554,2023,010479554,2,9,0,99,99,9,9,99,99,9,9,99,9,99,1,9,6,6,3,-1,-1,1968,2,16,VOLKSWAGEN PASSAT,-1,-1,0,-1
2023522400696,2023,522400696,2,9,0,18,19,7,3,0,0,1,0,0,0,0,1,1,1,1,1,37,7,1968,2,9,VOLKSWAGEN PASSAT,7,E01014712,0,-1
2023010446984,2023,010446984,2,9,0,2,2,0,0,0,0,0,0,0,0,0,3,1,6,6,3,-1,-1,1968,2,11,VOLKSWAGEN PASSAT,-1,-1,0,-1
2023010469719,2023,010469719,2,9,0,9,9,1,7,0,0,1,0,0,0,0,1,1,6,6,1,51,8,1598,2,7,VOLKSWAGEN PASSAT,3,E01001516,0,-1
2023332300709,2023,332300709,2,9,0,18,19,1,5,0,0,0,0,0,0,0,1,1,6,6,2,-1,-1,1598,2,7,VOLKSWAGEN PASSAT,4,E01029830,0,-1
2023451384437,2023,451384437,2,9,0,18,19,5,1,0,0,1,0,0,0,0,4,1,1,1,1,35,6,1395,8,1,VOLKSWAGEN PASSAT,10,E01031644,0,-1
2023131312623,2023,131312623,1,9,0,4,4,0,0,0,0,0,0,0,0,0,1,1,1,1,1,38,7,1598,2,8,VOLKSWAGEN PASSAT,2,E01011914,0,-1
2023411360084,2023,411360084,2,9,0,4,4,2,6,0,0,0,0,0,0,0,2,1,5,6,1,23,5,1395,8,5,VOLKSWAGEN PASSAT,5,E01002214,0,-1
2023201289700,2023,201289700,2,9,0,18,19,3,7,0,0,8,0,0,1,0,4,1,1,1,1,53,8,1968,2,8,VOLKSWAGEN PASSAT,1,E01009338,0,-1
2023311282692,2023,311282692,1,9,0,5,5,6,2,0,0,2,0,0,0,0,1,1,6,6,1,21,5,1968,2,13,VOLKSWAGEN PASSAT,3,E01010761,0,-1
2023401347199,2023,401347199,3,9,0,2,2,0,0,0,0,1,0,4,0,0,2,1,5,6,3,-1,-1,1968,2,8,VOLKSWAGEN PASSAT,-1,-1,0,-1
2023311299812,2023,311299812,1,9,0,5,5,8,3,0,0,0,0,0,0,0,1,1,6,6,1,22,5,1598,2,12,VOLKSWAGEN PASSAT,3,E01013932,0,-1
2023141352939,2023,141352939,2,9,0,18,19,4,8,0,0,0,1,4,0,0,2,1,5,6,2,37,7,1395,8,1,VOLKSWAGEN PASSAT,5,E01007828,0,-1
2023010446738,2023,010446738,2,9,0,18,19,7,3,0,0,2,0,0,0,0,1,1,6,6,1,20,4,1968,2,7,VOLKSWAGEN PASSAT,-1,-1,0,-1
2023061294666,2023,061294666,2,9,0,18,19,7,3,0,0,1,0,0,0,0,1,1,6,6,2,41,7,1598,2,9,VOLKSWAGEN PASSAT,5,E01004809,0,-1
2023548637223,2023,548637223,1,9,0,18,19,5,2,0,0,8,0,0,0,0,1,1,6,6,1,81,11,1798,1,5,VOLKSWAGEN PASSAT,-1,-1,0,-1
2023010421613,2023,010421613,2,9,0,99,99,9,9,99,99,9,9,99,9,99,9,9,6,6,1,38,7,1968,2,12,VOLKSWAGEN PASSAT,7,E01002203,0,-1
202360A119754,2023,60A119754,1,9,0,18,19,4,8,0,0,1,0,0,0,0,1,1,6,6,1,44,7,1896,2,14,VOLKSWAGEN PASSAT,-1,-1,0,-1
2023141391780,2023,141391780,1,9,0,18,19,7,3,0,0,3,0,0,0,0,1,1,5,6,1,26,6,1968,2,7,VOLKSWAGEN PASSAT,3,E01011920,0,-1
2023520401053,2023,520401053,1,9,0,3,3,2,6,0,0,1,0,0,0,0,2,1,6,6,2,35,6,1968,2,16,VOLKSWAGEN PASSAT,10,E01029104,0,-1
2023201363188,2023,201363188,2,9,0,18,19,2,6,0,0,8,0,10,7,10,4,1,6,6,1,52,8,1598,2,12,VOLKSWAGEN PASSAT,2,E01009495,0,-1
2023991293238,2023,991293238,2,9,0,18,19,4,7,0,0,8,0,0,0,0,3,1,5,6,1,25,5,1896,2,16,VOLKSWAGEN PASSAT,4,-1,0,-1
2023351285018,2023,351285018,2,9,0,18,19,5,2,0,0,8,0,0,1,4,3,1,5,6,1,38,7,1968,2,8,VOLKSWAGEN PASSAT,-1,-1,0,-1
2023010469053,2023,010469053,2,9,0,99,99,9,9,99,99,9,9,99,9,99,1,9,6,6,3,85,11,1395,8,5,VOLKSWAGEN PASSAT,7,E01003865,0,-1
202360A119573,2023,60A119573,3,9,0,3,3,3,7,0,0,1,0,0,0,0,2,1,6,6,1,25,5,1968,2,4,VOLKSWAGEN PASSAT,-1,-1,0,-1
2023071225776,2023,071225776,2,9,0,18,19,7,6,0,0,0,0,0,0,0,1,1,6,6,2,70,10,1896,2,18,VOLKSWAGEN PASSAT,-1,-1,0,-1
2023461314207,2023,461314207,2,8,0,18,19,5,1,0,0,3,0,0,0,0,4,1,1,1,1,39,7,1968,2,9,VOLKSWAGEN PASSAT,8,E01024385,0,-1
2023461377866,2023,461377866,3,9,0,18,19,3,7,0,0,0,0,0,0,0,1,1,2,2,1,37,7,1968,2,7,VOLKSWAGEN PASSAT,9,E01015998,0,-1
2023351286435,2023,351286435,1,9,0,5,5,4,1,0,0,0,0,0,0,0,1,1,2,2,1,31,6,1968,2,16,VOLKSWAGEN PASSAT,7,E01018026,0,-1
2023421325901,2023,421325901,1,9,0,16,19,8,2,0,0,0,0,0,0,0,1,1,5,6,1,25,5,1968,2,5,VOLKSWAGEN PASSAT,7,E01021613,0,-1
2023421370410,2023,421370410,1,9,0,9,9,1,7,0,0,8,0,0,0,0,1,1,2,2,1,49,8,1968,2,12,VOLKSWAGEN PASSAT,8,E01015974,0,-1
2023481398834,2023,481398834,1,9,0,9,9,1,7,0,0,8,0,0,0,0,3,1,2,2,1,40,7,1395,8,5,VOLKSWAGEN PASSAT,-1,-1,0,-1
2023010477957,2023,010477957,1,9,0,9,9,3,1,0,0,2,0,0,0,0,4,1,2,2,1,52,8,1968,2,6,VOLKSWAGEN PASSAT,10,E01000697,0,-1
2023010470591,2023,010470591,1,9,0,3,3,1,5,0,0,1,0,0,0,0,2,1,6,6,1,50,8,1968,2,6,VOLKSWAGEN PASSAT,4,E01000155,0,-1
2023471292245,2023,471292245,2,9,0,2,2,0,0,0,0,0,0,0,0,0,4,1,6,6,3,-1,-1,1984,1,17,VOLKSWAGEN PASSAT,-1,-1,0,-1
2023141304722,2023,141304722,2,9,0,18,19,2,6,0,0,1,0,0,0,0,1,1,3,7,1,30,6,1598,2,7,VOLKSWAGEN PASSAT,8,E01007527,0,-1
2023010461330,2023,010461330,2,9,0,99,99,9,9,99,99,9,9,99,9,99,1,9,6,6,3,-1,-1,1968,2,8,VOLKSWAGEN PASSAT,-1,-1,0,-1
2023340WN9082,2023,340WN9082,1,9,0,17,19,2,6,0,0,0,0,0,0,0,1,1,6,6,1,38,7,1896,2,19,VOLKSWAGEN PASSAT,2,E01016726,0,-1
2023041317383,2023,041317383,2,9,0,4,4,3,7,0,0,1,0,0,0,0,4,1,6,6,1,25,5,1968,2,9,VOLKSWAGEN PASSAT,-1,-1,0,-1
2023010471984,2023,010471984,2,9,0,4,4,3,7,0,0,0,0,0,0,0,2,1,6,6,1,32,6,1498,1,5,VOLKSWAGEN PASSAT,6,E01020453,0,-1
2023461369041,2023,461369041,2,9,0,18,19,7,3,0,0,0,0,0,0,0,2,1,6,6,1,52,8,1395,8,6,VOLKSWAGEN PASSAT,9,E01024626,0,-1
2023311284642,2023,311284642,1,9,0,18,19,1,5,0,0,0,0,0,0,0,1,1,6,6,1,19,4,1968,2,15,VOLKSWAGEN PASSAT,-1,-1,0,-1
2023552300224,2023,552300224,1,9,0,9,9,6,4,0,0,5,0,0,0,0,1,1,6,6,1,27,6,1896,2,15,VOLKSWAGEN PASSAT,4,E01015326,0,-1
2023501326046,2023,501326046,1,9,0,18,19,5,1,0,0,0,0,0,0,0,3,1,6,6,3,-1,-1,1968,2,17,VOLKSWAGEN PASSAT,-1,-1,0,-1