collision_index,collision_year,collision_ref_no,vehicle_reference,vehicle_type,towing_and_articulation,vehicle_manoeuvre_historic,vehicle_manoeuvre,vehicle_direction_from,vehicle_direction_to,vehicle_location_restricted_lane_historic,vehicle_location_restricted_lane,junction_location,skidding_and_overturning,hit_object_in_carriageway,vehicle_leaving_carriageway,hit_object_off_carriageway,first_point_of_impact,vehicle_left_hand_drive,journey_purpose_of_driver_historic,journey_purpose_of_driver,sex_of_driver,age_of_driver,age_band_of_driver,engine_capacity_cc,propulsion_code,age_of_vehicle,generic_make_model,driver_imd_decile,lsoa_of_driver,escooter_flag,driver_distance_banding
2023010424193,2023,010424193,2,9,0,18,19,7,3,0,0,1,0,0,0,0,1,1,6,6,1,24,5,1395,1,14,AUDI A3,5,E01003638,0,-1
2023430150800,2023,430150800,2,9,0,3,3,1,5,0,0,1,0,0,0,0,2,1,1,1,1,68,10,1498,1,2,AUDI A3,6,E01033525,0,-1
2023201296637,2023,201296637,1,9,0,13,13,-1,-1,0,0,0,0,0,0,0,3,1,6,6,2,45,7,1968,2,14,AUDI A3,2,E01010071,0,-1
2023430094346,2023,430094346,1,9,0,12,12,8,4,0,0,5,0,0,0,0,3,1,6,6,2,47,8,1498,1,1,AUDI A3,10,E01028476,0,-1
2023010477169,2023,010477169,2,9,0,99,99,9,9,99,99,9,9,99,9,99,9,9,6,6,3,-1,-1,1968,2,7,AUDI A3,-1,-1,0,-1
2023131379667,2023,131379667,1,9,0,9,9,1,5,0,0,0,0,0,0,0,1,1,6,6,2,36,7,1968,2,9,AUDI A3,1,E01011659,0,-1
2023471315588,2023,471315588,1,9,0,17,19,8,5,0,0,0,0,0,1,10,1,1,5,6,1,27,6,1968,2,17,AUDI A3,6,E01031784,0,-1
2023991337135,2023,991337135,1,9,0,5,5,5,1,0,0,0,0,0,0,0,3,1,2,2,1,24,5,1395,1,6,AUDI A3,9,-1,0,-1
2023010422346,2023,010422346,1,9,0,4,4,3,7,0,0,3,0,0,0,0,2,1,6,6,2,23,5,1595,1,14,AUDI A3,1,E01004198,0,-1
2023070756048,2023,070756048,1,9,0,5,5,6,2,0,0,7,0,0,0,0,3,1,6,6,2,50,8,1968,2,15,AUDI A3,9,E01018544,0,-1
2023991266250,2023,991266250,2,9,0,3,3,5,1,0,0,0,0,0,0,0,1,1,3,7,2,43,7,1498,1,4,AUDI A3,1,-1,0,-1
2023201380826,2023,201380826,1,9,0,9,9,5,3,0,0,6,0,0,0,0,1,1,5,6,2,-1,-1,1968,2,11,AUDI A3,3,E01010407,0,-1
2023010420840,2023,010420840,1,9,0,18,19,4,8,0,0,4,0,0,7,2,1,1,6,6,1,34,6,1197,1,12,AUDI A3,7,E01000369,0,-1
2023320464839,2023,320464839,1,9,0,18,19,6,2,0,0,1,0,0,0,0,1,1,6,6,3,-1,-1,1395,1,7,AUDI A3,-1,-1,0,-1
2023010473586,2023,010473586,2,9,0,99,99,9,9,99,99,9,9,99,9,99,9,9,6,6,1,60,9,1598,2,9,AUDI A3,3,E01003618,0,-1
2023461262755,2023,461262755,2,9,0,18,19,3,7,0,0,1,0,0,0,0,1,1,6,6,1,39,7,1395,8,2,AUDI A3,8,E01031732,0,-1
2023041335197,2023,041335197,1,9,0,18,19,3,7,0,0,0,5,0,0,0,1,1,5,6,1,21,5,1984,1,17,AUDI A3,2,E01012705,0,-1
2023471275000,2023,471275000,4,9,0,18,19,1,5,0,0,1,0,0,0,0,2,1,6,6,2,61,9,1395,1,9,AUDI A3,8,E01031765,0,-1
2023545555323,2023,545555323,1,9,0,17,19,6,5,0,0,8,0,0,0,0,4,1,6,6,2,31,6,1595,1,16,AUDI A3,8,E01015536,0,-1
2023542168423,2023,542168423,2,9,0,18,19,3,7,0,0,8,0,0,0,0,1,1,6,6,2,31,6,1598,2,8,AUDI A3,-1,-1,0,-1
2023141280396,2023,141280396,1,9,0,3,3,5,3,0,0,0,0,0,0,0,1,1,5,6,1,33,6,1968,2,12,AUDI A3,1,E01007892,0,-1
2023461380710,2023,461380710,2,9,0,2,2,4,7,0,0,0,0,0,0,0,2,1,6,6,2,33,6,1595,1,14,AUDI A3,9,E01024334,0,-1
2023031302108,2023,031302108,1,9,0,1,1,2,2,0,0,1,0,0,0,0,2,1,5,6,1,23,5,1595,1,14,AUDI A3,-1,-1,0,-1
2023991390874,2023,991390874,2,9,0,18,19,3,7,0,0,0,0,0,0,0,1,1,6,6,2,55,8,1598,2,9,AUDI A3,2,-1,0,-1
2023401313790,2023,401313790,2,9,0,18,19,4,8,0,0,0,0,0,0,0,4,1,5,6,1,33,6,1395,1,7,AUDI A3,5,E01017486,0,-1
2023311381835,2023,311381835,2,9,0,18,19,7,3,0,0,0,0,0,0,0,1,1,1,1,1,27,6,1498,1,4,AUDI A3,4,E01027985,0,-1
2023061331776,2023,061331776,1,9,0,18,19,5,2,0,0,0,0,0,0,0,3,1,5,6,1,26,6,1598,2,9,AUDI A3,3,E01005604,0,-1
2023451296009,2023,451296009,1,9,0,14,14,3,7,0,0,1,1,0,0,0,1,1,5,6,1,27,6,1390,1,15,AUDI A3,1,E01032518,0,-1
2023461320700,2023,461320700,1,9,0,9,9,8,2,0,0,2,0,0,0,0,1,1,5,6,1,53,8,999,1,3,AUDI A3,9,E01024213,0,-1
2023111298360,2023,111298360,1,9,0,13,13,8,4,0,0,1,0,0,0,0,1,1,6,6,3,30,6,1984,1,16,AUDI A3,-1,-1,0,-1
2023430430955,2023,430430955,1,9,0,8,8,4,8,0,0,1,0,0,0,0,2,1,1,1,2,64,9,1395,1,9,AUDI A3,7,E01023424,0,-1
2023161321508,2023,161321508,1,9,0,9,9,8,5,0,0,8,0,0,0,0,1,1,5,6,1,20,4,1598,2,9,AUDI A3,1,E01012847,0,-1
2023010428635,2023,010428635,2,9,0,7,7,7,1,0,0,6,0,0,0,0,1,1,6,6,1,27,6,1595,1,17,AUDI A3,5,E01000194,0,-1
2023010455399,2023,010455399,1,9,0,9,9,1,7,0,0,8,0,0,0,0,1,1,6,6,3,23,5,1595,1,15,AUDI A3,2,E01000781,0,-1
202360A000853,2023,60A000853,1,9,0,16,19,8,4,0,0,1,0,10,3,11,1,1,6,6,1,19,4,1595,1,17,AUDI A3,-1,-1,0,-1
2023440004065,2023,440004065,1,9,0,9,9,3,8,0,0,5,0,0,0,0,3,1,3,7,2,41,7,1896,2,17,AUDI A3,6,E01022679,0,-1
2023010453208,2023,010453208,1,9,4,99,99,9,9,99,99,9,9,99,9,99,9,9,2,2,1,34,6,1598,2,7,AUDI A3,8,E01002159,0,-1
2023430336265,2023,430336265,1,9,0,18,19,7,3,0,0,8,0,7,0,1,3,1,6,6,1,32,6,1395,1,8,AUDI A3,4,E01033420,0,-1
2023131324261,2023,131324261,2,9,0,18,19,1,5,0,0,8,0,0,0,0,1,1,5,6,2,29,6,1598,2,9,AUDI A3,4,E01010791,0,-1
2023311347439,2023,311347439,2,9,0,18,19,8,5,0,0,8,0,0,0,0,1,1,5,6,1,23,5,1390,1,13,AUDI A3,7,E01007664,0,-1
2023010459715,2023,010459715,1,9,0,18,19,4,8,0,0,0,0,0,0,0,2,1,6,6,2,22,5,1498,1,5,AUDI A3,7,E01001314,0,-1
2023340WN5642,2023,340WN5642,1,9,0,16,19,6,2,0,0,0,0,0,1,9,1,1,6,6,1,51,8,1395,1,10,AUDI A3,2,E01027155,0,-1
2023131302462,2023,131302462,1,9,0,18,19,5,5,0,0,0,0,0,0,0,1,1,5,6,1,55,8,1896,2,14,AUDI A3,3,E01010912,0,-1
2023010452095,2023,010452095,2,9,0,18,19,1,5,0,0,1,0,0,0,0,0,1,6,6,3,-1,-1,999,1,1,AUDI A3,-1,-1,0,-1
2023451319033,2023,451319033,3,9,0,2,2,0,0,0,0,0,0,0,0,0,4,1,6,6,3,-1,-1,1498,1,2,AUDI A3,-1,-1,0,-1
2023542453823,2023,542453823,2,9,0,4,4,7,3,0,0,4,0,0,0,0,2,1,6,6,1,27,6,1395,1,10,AUDI A3,6,E01031967,0,-1
2023302301179,2023,302301179,1,9,0,18,19,5,2,0,0,1,0,0,0,0,3,1,6,6,3,29,6,1968,2,8,AUDI A3,8,E01028206,0,-1
2023440472495,2023,440472495,1,9,0,18,19,5,1,0,0,1,0,0,1,4,1,1,6,6,2,20,4,1984,1,19,AUDI A3,6,E01031990,0,-1
2023991392827,2023,991392827,2,9,0,7,7,1,6,0,0,1,0,0,0,0,4,1,5,6,2,34,6,1968,2,8,AUDI A3,-1,-1,0,-1
2023311313650,2023,311313650,1,9,0,18,19,7,3,0,0,0,0,0,0,0,1,1,6,6,1,46,8,1595,1,13,AUDI A3,3,E01033392,0,-1
2023141322053,2023,141322053,1,9,0,18,19,1,5,0,0,0,0,4,0,0,3,1,5,6,2,23,5,1598,2,5,AUDI A3,1,E01007869,0,-1
2023531333847,2023,531333847,1,9,0,18,19,2,6,0,0,0,0,0,0,0,1,1,5,6,1,28,6,1968,2,10,AUDI A3,1,E01022347,0,-1
2023311361806,2023,311361806,1,9,0,18,19,1,5,0,0,0,1,0,0,0,2,1,6,6,2,65,9,1968,2,8,AUDI A3,-1,-1,0,-1
202363C006823,2023,63C006823,3,9,0,3,3,3,7,0,0,0,0,0,1,10,2,1,6,6,2,66,10,1598,2,11,AUDI A3,5,W01000621,0,-1
2023631308934,2023,631308934,2,9,0,2,2,0,0,9,9,2,0,0,1,10,3,1,6,6,3,-1,-1,1395,1,9,AUDI A3,-1,-1,0,-1
2023991389270,2023,991389270,1,9,0,18,19,6,1,0,0,0,0,0,0,0,1,1,5,6,1,62,9,1498,1,5,AUDI A3,10,-1,0,-1
2023161368261,2023,161368261,1,9,0,4,4,6,2,0,0,0,0,0,0,0,2,1,6,6,1,36,7,1498,1,0,AUDI A3,5,E01007476,0,-1
2023201294291,2023,201294291,1,9,0,5,5,2,8,0,0,6,0,7,7,1,1,1,6,6,2,28,6,1798,1,12,AUDI A3,1,E01010430,0,-1
2023320566576,2023,320566576,1,9,0,18,19,6,2,0,0,0,1,0,8,6,1,1,6,6,1,24,5,1968,2,10,AUDI A3,8,E01026193,0,-1
2023061341883,2023,061341883,1,9,0,5,5,-1,-1,0,0,1,0,0,0,0,1,1,6,6,3,-1,-1,1197,1,13,AUDI A3,-1,-1,0,-1
2023991375022,2023,991375022,1,9,0,14,14,3,7,0,0,0,0,0,0,0,1,1,5,6,2,31,6,1595,1,17,AUDI A3,3,-1,0,-1
2023010470904,2023,010470904,1,9,9,99,99,9,9,99,99,9,9,99,9,99,9,9,6,6,2,37,7,1598,2,7,AUDI A3,4,E01003282,0,-1
2023471350404,2023,471350404,2,9,0,9,9,7,5,0,0,8,0,0,1,0,4,1,3,7,2,39,7,1598,2,11,AUDI A3,2,E01021091,0,-1
2023311316552,2023,311316552,2,9,0,3,3,2,6,0,0,4,0,0,0,0,2,1,5,6,2,64,9,1968,2,18,AUDI A3,-1,-1,0,-1
2023041373247,2023,041373247,1,9,0,5,5,3,7,0,0,8,1,7,0,0,4,1,5,6,1,56,9,1968,2,15,AUDI A3,4,E01024960,0,-1
2023122300418,2023,122300418,2,9,0,16,19,1,5,0,0,0,0,0,0,0,1,1,6,6,1,70,10,1968,2,4,AUDI A3,6,E01013021,0,-1
2023010440513,2023,010440513,1,9,9,99,99,9,9,0,0,1,9,0,0,0,3,9,6,6,1,29,6,1395,1,6,AUDI A3,1,E01002091,0,-1
2023451378766,2023,451378766,2,9,0,18,19,2,6,0,0,0,1,0,1,7,3,1,5,6,1,34,6,1968,2,10,AUDI A3,6,E01024847,0,-1
2023131393367,2023,131393367,5,9,0,2,2,5,1,9,9,8,0,0,0,0,2,1,6,6,3,-1,-1,1598,2,8,AUDI A3,-1,-1,0,-1
2023201342583,2023,201342583,2,9,0,3,3,-1,-1,0,0,0,0,0,0,0,2,1,6,6,2,28,6,1498,1,6,AUDI A3,1,E01009375,0,-1
2023010462456,2023,010462456,2,9,0,99,99,9,9,99,99,9,9,99,9,99,1,9,6,6,3,-1,-1,1598,2,10,AUDI A3,-1,-1,0,-1
2023070467575,2023,070467575,1,9,0,12,12,3,7,0,0,0,0,0,0,0,0,1,6,6,1,24,5,1968,2,3,AUDI A3,2,E01006428,0,-1
2023010426230,2023,010426230,1,9,0,18,19,5,1,0,0,1,0,0,0,0,1,1,2,2,1,27,6,1595,1,19,AUDI A3,4,E01003029,0,-1
2023991326296,2023,991326296,2,9,0,18,19,5,1,1,1,0,0,0,0,0,1,1,6,6,1,42,7,1968,2,18,AUDI A3,5,-1,0,-1
2023201379107,2023,201379107,1,9,0,18,19,8,4,0,0,2,0,0,0,0,1,1,6,6,1,-1,-1,1896,2,20,AUDI A3,5,E01009936,0,-1
2023141387931,2023,141387931,1,9,0,18,19,1,5,0,0,0,0,0,1,2,1,1,5,6,1,34,6,1968,2,14,AUDI A3,1,E01007406,0,-1
2023101372711,2023,101372711,1,9,0,18,19,1,5,0,0,8,0,0,0,0,1,1,6,6,1,30,6,1896,2,15,AUDI A3,-1,-1,0,-1
2023201381417,2023,201381417,2,9,0,9,9,1,7,0,0,5,0,0,0,0,3,1,5,6,2,52,8,1598,2,7,AUDI A3,2,E01009630,0,-1
2023311287628,2023,311287628,2,9,0,14,14,1,4,0,0,0,1,4,7,0,1,1,6,6,1,18,4,1498,1,4,AUDI A3,-1,-1,0,-1
2023471317091,2023,471317091,2,9,0,7,7,7,5,0,0,1,0,0,0,0,1,1,3,7,2,41,7,1968,2,16,AUDI A3,8,E01021041,0,-1
2023461341485,2023,461341485,1,9,0,18,19,1,5,0,0,0,0,0,0,0,1,1,6,6,2,23,5,1968,2,18,AUDI A3,9,E01024808,0,-1
2023552300553,2023,552300553,2,9,0,18,19,6,2,0,0,0,0,0,0,0,2,1,1,1,1,55,8,1498,1,2,AUDI A3,7,E01020509,0,-1
2023041316927,2023,041316927,1,9,0,18,19,8,4,0,0,0,5,0,1,0,1,1,5,6,2,70,10,1395,8,2,AUDI A3,6,E01025315,0,-1
2023311347946,2023,311347946,2,9,0,18,19,5,1,0,0,0,0,0,0,0,2,1,5,6,1,19,4,1968,2,4,AUDI A3,10,-1,0,-1
2023061307361,2023,061307361,1,9,0,18,19,1,5,0,0,1,0,0,0,0,1,1,6,6,3,30,6,1968,2,10,AUDI A3,-1,-1,0,-1
2023131258672,2023,131258672,2,9,0,18,19,3,7,-1,-1,0,0,10,1,11,1,1,6,6,3,-1,-1,1498,1,4,AUDI A3,-1,-1,0,-1
2023141263305,2023,141263305,2,9,0,18,19,6,2,0,0,1,0,0,0,0,2,1,5,6,1,24,5,1968,2,10,AUDI A3,1,E01007566,0,-1
2023131307683,2023,131307683,1,9,0,9,9,7,1,0,0,8,0,0,0,0,1,1,6,6,1,20,4,1498,1,5,AUDI A3,8,E01011406,0,-1
2023421384566,2023,421384566,1,9,0,18,19,7,3,0,0,1,0,0,0,0,1,1,6,6,1,24,5,1595,1,16,AUDI A3,5,E01021388,0,-1
2023332300429,2023,332300429,1,9,0,18,19,1,5,0,0,8,0,0,0,0,3,1,6,6,1,24,5,999,1,4,AUDI A3,4,E01013741,0,-1
2023991373042,2023,991373042,1,9,0,9,9,5,2,0,0,2,5,0,2,11,1,1,6,6,1,32,6,1968,2,9,AUDI A3,4,-1,0,-1
2023461265818,2023,461265818,2,9,0,4,4,7,3,0,0,1,0,0,0,0,2,1,6,6,1,42,7,1896,2,15,AUDI A3,4,E01000722,0,-1
2023010453068,2023,010453068,2,9,0,7,7,8,3,0,0,5,0,0,0,0,4,1,6,6,1,22,5,1197,1,8,AUDI A3,3,E01001717,0,-1
2023010469746,2023,010469746,1,9,0,18,19,2,6,2,2,0,0,0,0,0,1,1,6,6,2,37,7,1395,1,9,AUDI A3,-1,-1,0,-1
2023010482243,2023,010482243,1,9,0,99,99,9,9,99,99,9,9,99,9,99,2,9,6,6,2,39,7,1595,1,12,AUDI A3,2,E01003325,0,-1
2023101315314,2023,101315314,2,9,0,3,3,7,5,0,0,1,0,0,0,0,2,1,5,6,1,70,10,1798,1,12,AUDI A3,2,E01008180,0,-1
2023010446091,2023,010446091,1,9,0,99,99,9,9,99,99,9,9,99,9,99,9,9,6,6,1,36,7,1595,1,15,AUDI A3,10,E01023563,0,-1
2023071239769,2023,071239769,2,9,0,18,19,4,8,0,0,2,0,0,0,0,3,1,6,6,1,39,7,1968,2,9,AUDI A3,1,E01018563,0,-1
2023122300928,2023,122300928,1,9,0,5,5,6,3,0,0,2,0,0,0,0,3,1,6,6,1,22,5,1595,1,15,AUDI A3,1,E01012862,0,-1
2023010472177,2023,010472177,2,9,0,9,9,5,3,0,0,1,0,0,0,0,1,1,6,6,1,19,4,999,1,4,AUDI A3,-1,-1,0,-1
2023122301176,2023,122301176,3,9,0,2,2,0,0,6,6,8,0,0,0,0,3,1,2,2,1,55,8,1968,2,14,AUDI A3,7,E01027781,0,-1
2023401298366,2023,401298366,2,9,0,3,3,1,5,0,0,3,0,0,0,0,1,1,5,6,1,42,7,1968,2,10,AUDI A3,1,E01017477,0,-1
2023041337658,2023,041337658,1,9,0,16,19,6,1,0,0,0,5,0,0,0,4,1,6,6,1,34,6,1968,2,15,AUDI A3,5,E01025100,0,-1
2023440029644,2023,440029644,2,9,0,18,19,8,2,0,0,1,0,0,0,0,1,1,6,6,2,43,7,1390,1,14,AUDI A3,10,E01022571,0,-1
2023311349064,2023,311349064,1,9,0,18,19,8,4,0,0,0,0,0,0,0,1,1,6,6,2,33,6,999,1,4,AUDI A3,5,E01013890,0,-1
2023010451899,2023,010451899,1,9,0,18,19,3,7,0,0,1,1,0,0,0,1,2,6,6,1,27,6,1598,2,7,AUDI A3,3,E01003146,0,-1
2023201366791,2023,201366791,1,9,0,18,19,7,3,0,0,1,0,0,0,0,1,1,6,6,2,74,10,1498,1,5,AUDI A3,8,E01032468,0,-1
2023010458503,2023,010458503,1,9,0,7,7,5,7,0,0,1,0,0,1,0,1,1,6,6,1,31,6,1968,2,11,AUDI A3,1,E01016842,0,-1
2023461348832,2023,461348832,3,9,0,18,19,5,1,0,0,0,0,0,0,0,3,1,6,6,1,26,6,1798,1,10,AUDI A3,5,E01024495,0,-1
2023010459669,2023,010459669,2,9,0,99,99,9,9,99,99,9,9,99,9,99,1,9,6,6,3,-1,-1,999,1,2,AUDI A3,3,E01000137,0,-1
2023170H10223,2023,170H10223,2,9,0,18,19,8,4,0,0,8,1,0,0,0,1,1,2,2,1,23,5,1598,2,6,AUDI A3,-1,-1,0,-1
2023010441626,2023,010441626,2,9,0,18,19,4,8,0,0,8,0,0,0,0,1,1,6,6,1,61,9,1395,1,8,AUDI A3,10,E01001101,0,-1
2023361330043,2023,361330043,2,9,0,4,4,4,8,0,0,0,0,0,0,0,2,1,5,6,1,40,7,1598,2,10,AUDI A3,9,E01026582,0,-1
2023010429186,2023,010429186,2,9,0,18,19,3,7,0,0,0,0,10,1,0,2,1,6,6,2,42,7,1598,2,10,AUDI A3,6,E01017898,0,-1
2023401300588,2023,401300588,2,9,0,3,3,-1,-1,0,0,0,0,0,0,0,2,1,1,1,2,51,8,1968,2,5,AUDI A3,4,E01015711,0,-1
2023122300757,2023,122300757,1,9,0,9,9,3,5,0,0,6,0,0,0,0,1,2,6,6,2,27,6,1968,2,6,AUDI A3,5,E01027564,0,-1
2023010479971,2023,010479971,1,9,0,99,99,9,9,99,99,9,9,99,9,99,2,9,6,6,1,42,7,1390,1,12,AUDI A3,4,E01003626,0,-1
2023010466924,2023,010466924,2,9,0,9,9,7,6,0,0,6,0,0,0,0,1,1,6,6,2,47,8,1798,1,15,AUDI A3,3,E01001816,0,-1
2023010445832,2023,010445832,3,9,0,2,2,0,0,0,0,2,0,0,0,0,0,1,6,6,3,-1,-1,1595,1,16,AUDI A3,-1,-1,0,-1
2023101323826,2023,101323826,2,9,0,18,19,3,7,0,0,8,0,0,0,0,1,1,6,6,3,18,4,1896,2,16,AUDI A3,-1,-1,0,-1
2023552400134,2023,552400134,1,9,0,18,19,8,4,0,0,0,0,0,0,0,3,1,6,6,3,-1,-1,1598,2,11,AUDI A3,-1,-1,0,-1
2023201370074,2023,201370074,1,9,0,18,19,8,4,0,0,0,0,0,0,0,1,1,6,6,3,30,6,1896,2,14,AUDI A3,-1,-1,0,-1
2023421377222,2023,421377222,2,9,0,2,2,5,5,0,0,2,0,0,0,0,1,1,6,6,3,-1,-1,1968,2,16,AUDI A3,-1,-1,0,-1
2023141325444,2023,141325444,2,9,0,18,19,8,4,0,0,1,0,0,7,0,1,1,6,6,1,54,8,1598,2,11,AUDI A3,3,E01027931,0,-1
2023061393368,2023,061393368,1,9,0,2,2,0,0,6,6,2,0,4,0,0,3,1,6,6,3,-1,-1,1498,1,2,AUDI A3,-1,-1,0,-1
2023501281539,2023,501281539,1,9,0,2,2,0,0,0,0,0,0,0,0,0,1,1,5,6,1,68,10,1498,1,3,AUDI A3,-1,-1,0,-1
2023131381570,2023,131381570,1,9,0,17,19,7,3,0,0,0,0,10,0,0,1,1,5,6,1,19,4,1598,2,9,AUDI A3,3,E01011260,0,-1
2023430228595,2023,430228595,2,9,0,18,19,8,4,0,0,0,0,0,0,0,1,1,6,6,1,30,6,1896,2,21,AUDI A3,-1,-1,0,-1
2023170M11753,2023,170M11753,2,9,0,18,19,6,2,0,0,8,0,0,0,0,1,1,2,2,1,26,6,1968,2,12,AUDI A3,2,E01012031,0,-1
2023440125312,2023,440125312,1,9,0,18,19,5,1,0,0,0,0,0,0,0,1,1,6,6,1,27,6,1197,1,7,AUDI A3,3,E01030793,0,-1
2023131341427,2023,131341427,2,9,0,18,19,1,5,0,0,1,0,0,0,0,1,1,5,6,2,38,7,1984,1,12,AUDI A3,4,E01011073,0,-1
2023221278926,2023,221278926,2,9,0,4,4,7,5,0,0,1,0,0,0,0,0,1,2,2,1,26,6,1968,2,9,AUDI A3,4,E01028944,0,-1
2023201416080,2023,201416080,2,9,0,10,10,2,8,0,0,1,0,0,0,0,2,1,6,6,1,23,5,999,1,2,AUDI A3,1,E01009104,0,-1
2023131295476,2023,131295476,2,9,0,18,19,5,1,0,0,1,0,0,0,0,1,1,5,6,1,20,4,1968,2,7,AUDI A3,1,E01010736,0,-1
2023231263808,2023,231263808,2,9,0,3,3,6,2,0,0,0,0,0,0,0,0,1,2,2,1,24,5,1968,2,10,AUDI A3,10,E01010197,0,-1
2023548613323,2023,548613323,3,9,0,2,2,0,0,0,0,0,0,0,0,0,0,1,6,6,2,50,8,1390,1,14,AUDI A3,9,E01031897,0,-1
2023461384202,2023,461384202,1,9,0,9,9,3,7,0,0,8,0,0,0,0,1,1,6,6,1,76,11,1968,2,10,AUDI A3,5,E01024364,0,-1
2023010435345,2023,010435345,1,9,0,10,10,6,3,0,0,6,0,0,0,0,0,1,2,2,1,35,6,1395,8,8,AUDI A3,3,E01003405,0,-1
2023543764523,2023,543764523,1,9,0,18,19,3,7,0,0,0,0,0,0,0,1,1,6,6,1,36,7,1498,1,6,AUDI A3,9,E01015481,0,-1
2023061275495,2023,061275495,2,9,0,18,19,8,4,0,0,0,0,0,0,0,3,1,6,6,1,52,8,1984,1,16,AUDI A3,4,E01005436,0,-1
2023010424679,2023,010424679,1,9,0,9,9,8,6,0,0,8,0,0,0,0,1,1,2,2,1,38,7,1498,1,3,AUDI A3,8,E01000679,0,-1
2023401369875,2023,401369875,2,9,-1,-1,-1,-1,-1,-1,-1,0,-1,-1,-1,0,-1,1,6,6,2,30,6,999,1,0,AUDI A3,7,E01017516,0,-1
2023010433523,2023,010433523,1,9,0,5,5,7,3,0,0,8,0,0,0,0,1,1,6,6,2,40,7,1395,1,6,AUDI A3,5,E01001859,0,-1
2023010430654,2023,010430654,2,9,0,99,99,9,9,99,99,9,9,99,9,99,1,9,6,6,3,-1,-1,999,1,5,AUDI A3,-1,-1,0,-1
2023471354089,2023,471354089,1,9,0,16,19,7,2,0,0,0,0,0,0,0,3,1,6,6,1,77,11,1595,1,16,AUDI A3,10,E01000793,0,-1
2023061294170,2023,061294170,1,9,0,18,19,1,5,0,0,2,0,0,0,0,1,1,5,6,1,26,6,1968,2,15,AUDI A3,10,E01006094,0,-1
2023471349272,2023,471349272,1,9,0,18,19,5,1,0,0,6,0,0,0,0,1,1,6,6,1,36,7,1896,2,14,AUDI A3,2,E01020929,0,-1
2023201416242,2023,201416242,1,9,0,9,9,5,3,0,0,4,0,0,0,0,1,1,6,6,1,41,7,1968,2,11,AUDI A3,1,E01009137,0,-1
2023231319351,2023,231319351,1,9,0,17,19,3,8,0,0,0,0,0,1,4,1,1,5,6,1,18,4,1395,1,6,AUDI A3,8,E01019224,0,-1
2023010422706,2023,010422706,3,9,0,18,19,5,1,0,0,0,0,0,0,0,2,1,6,6,2,33,6,1395,1,7,AUDI A3,6,E01023322,0,-1
2023010474565,2023,010474565,2,9,0,7,7,5,7,0,0,1,0,0,0,0,1,1,2,2,1,24,5,999,1,0,AUDI A3,1,E01004420,0,-1
2023211348772,2023,211348772,1,9,0,18,19,5,1,0,0,0,0,0,0,0,1,1,6,6,1,46,8,1968,2,14,AUDI A3,1,E01014251,0,-1
2023991360793,2023,991360793,1,9,0,17,19,1,6,0,0,0,2,0,1,0,2,1,5,6,2,35,6,1984,1,17,AUDI A3,2,-1,0,-1
2023161329945,2023,161329945,1,9,0,7,7,1,5,0,0,6,0,0,0,0,1,1,6,6,1,71,10,1598,2,8,AUDI A3,1,E01013139,0,-1
2023061395844,2023,061395844,2,9,0,18,19,7,3,0,0,0,0,0,0,0,1,1,6,6,1,26,6,1598,2,10,AUDI A3,1,E01005093,0,-1
2023421334151,2023,421334151,3,9,0,2,2,0,0,0,0,0,1,4,0,0,3,1,6,6,1,43,7,1598,2,12,AUDI A3,3,E01021269,0,-1
2023221395125,2023,221395125,4,9,0,4,4,4,8,0,0,0,0,0,0,0,2,1,6,6,2,27,6,1968,2,7,AUDI A3,7,E01028956,0,-1
2023211389133,2023,211389133,3,9,0,18,19,5,1,0,0,0,0,0,0,0,2,1,5,6,1,22,5,1390,1,14,AUDI A3,9,E01017840,0,-1
2023361393200,2023,361393200,1,9,0,18,19,2,6,0,0,0,0,0,0,0,1,1,6,6,1,25,5,1968,2,15,AUDI A3,4,E01026804,0,-1
2023440526389,2023,440526389,1,9,0,18,19,1,5,0,0,0,1,10,0,0,1,1,6,6,1,39,7,1498,1,3,AUDI A3,6,E01032844,0,-1
2023311262736,2023,311262736,3,9,0,18,19,8,6,0,0,0,0,0,0,0,1,1,5,6,1,25,5,1968,2,9,AUDI A3,5,E01027943,0,-1
2023332300058,2023,332300058,1,9,0,15,15,8,4,0,0,8,0,10,7,4,1,1,6,6,1,18,4,1395,1,7,AUDI A3,9,E01025979,0,-1
2023451329521,2023,451329521,1,9,0,18,19,1,5,0,0,8,0,0,0,0,3,1,2,2,1,55,8,999,1,2,AUDI A3,10,E01030375,0,-1
2023101309620,2023,101309620,1,9,0,18,19,1,6,0,0,8,0,0,0,0,1,1,6,6,1,26,6,1968,2,12,AUDI A3,1,E01008702,0,-1
2023231311413,2023,231311413,2,9,0,18,19,2,6,0,0,8,0,0,7,2,0,1,6,6,2,18,4,1968,2,10,AUDI A3,10,E01031139,0,-1
2023501311964,2023,501311964,2,9,0,18,19,7,3,0,0,8,0,0,0,0,1,1,6,6,2,55,8,1968,2,15,AUDI A3,6,E01020063,0,-1
2023161364119,2023,161364119,2,9,0,18,19,6,2,0,0,0,0,0,0,0,1,1,6,6,3,-1,-1,1968,2,16,AUDI A3,-1,-1,0,-1
2023351309869,2023,351309869,1,9,0,16,19,6,2,0,0,3,0,7,1,7,4,1,5,6,1,20,4,1197,1,9,AUDI A3,3,E01018092,0,-1
2023411350290,2023,411350290,2,9,0,18,19,1,5,0,0,0,0,0,0,0,2,1,6,6,2,24,5,999,1,2,AUDI A3,5,E01015767,0,-1