collision_index,collision_year,collision_ref_no,vehicle_reference,vehicle_type,towing_and_articulation,vehicle_manoeuvre_historic,vehicle_manoeuvre,vehicle_direction_from,vehicle_direction_to,vehicle_location_restricted_lane_historic,vehicle_location_restricted_lane,junction_location,skidding_and_overturning,hit_object_in_carriageway,vehicle_leaving_carriageway,hit_object_off_carriageway,first_point_of_impact,vehicle_left_hand_drive,journey_purpose_of_driver_historic,journey_purpose_of_driver,sex_of_driver,age_of_driver,age_band_of_driver,engine_capacity_cc,propulsion_code,age_of_vehicle,generic_make_model,driver_imd_decile,lsoa_of_driver,escooter_flag,driver_distance_banding
2023421343080,2023,421343080,1,9,0,1,1,2,8,0,0,0,0,0,0,0,2,1,6,6,2,-1,-1,999,1,0,AUDI A3,-1,-1,0,-1
2023010442183,2023,010442183,1,9,0,99,99,9,9,99,99,9,9,99,9,99,2,9,6,6,2,54,8,1598,2,8,AUDI A3,4,E01000722,0,-1
2023411306157,2023,411306157,2,9,0,5,5,5,8,0,0,0,0,0,0,0,1,1,6,6,2,41,7,1395,1,7,AUDI A3,9,E01023634,0,-1
2023010482235,2023,010482235,1,9,0,99,99,9,9,99,99,9,9,99,9,99,2,9,6,6,1,20,4,999,1,0,AUDI A3,2,E01001719,0,-1
2023010448966,2023,010448966,1,9,0,99,99,9,9,99,99,9,9,99,9,99,3,9,2,2,2,55,8,1798,1,15,AUDI A3,1,E01000524,0,-1
2023010447490,2023,010447490,2,9,0,99,99,9,9,99,99,9,9,99,9,99,1,9,6,6,3,-1,-1,1498,1,4,AUDI A3,-1,-1,0,-1
2023522400859,2023,522400859,1,9,0,9,9,2,8,0,0,1,0,0,0,0,3,1,6,6,2,38,7,1598,2,8,AUDI A3,10,E01014737,0,-1
2023070732661,2023,070732661,2,9,0,4,4,8,4,0,0,1,0,0,0,0,4,1,1,1,1,37,7,1968,2,18,AUDI A3,4,E01012523,0,-1
2023070093284,2023,070093284,2,9,0,9,9,7,3,0,0,8,0,0,0,0,1,1,2,2,1,50,8,1968,2,6,AUDI A3,-1,-1,0,-1
2023201310560,2023,201310560,1,9,0,18,19,6,2,0,0,8,0,0,0,0,1,1,6,6,1,22,5,1197,1,8,AUDI A3,1,E01008940,0,-1
2023201292351,2023,201292351,1,9,0,14,14,4,8,0,0,0,0,0,0,0,4,1,6,6,1,43,7,1595,1,12,AUDI A3,2,E01010477,0,-1
2023010445582,2023,010445582,1,9,0,18,19,1,5,0,0,1,0,0,0,0,1,1,6,6,1,32,6,1968,2,6,AUDI A3,7,E01016383,0,-1
2023610052523,2023,610052523,1,9,0,9,9,3,1,0,0,8,0,0,0,0,1,1,6,6,1,26,6,1896,2,15,AUDI A3,8,W01001563,0,-1
2023170L20803,2023,170L20803,1,9,0,4,4,7,3,0,0,0,0,0,0,0,2,1,6,6,1,55,8,1968,2,11,AUDI A3,4,E01012145,0,-1
2023401376591,2023,401376591,2,9,0,-1,-1,-1,-1,0,0,1,0,0,0,0,-1,1,6,6,2,44,7,1968,2,10,AUDI A3,1,E01015772,0,-1
2023451368125,2023,451368125,2,9,0,18,19,3,7,0,0,0,0,0,0,0,1,1,6,6,2,49,8,1968,2,15,AUDI A3,9,E01031000,0,-1
2023010444175,2023,010444175,1,9,0,14,14,1,5,0,0,1,0,11,0,0,1,1,6,6,1,22,5,999,1,1,AUDI A3,2,E01002723,0,-1
2023461382967,2023,461382967,2,9,0,18,19,1,5,0,0,0,0,0,0,0,1,1,2,2,1,22,5,1498,1,3,AUDI A3,9,E01016103,0,-1
2023401363722,2023,401363722,2,9,0,18,19,1,5,0,0,0,0,0,7,0,4,1,6,6,1,50,8,1968,2,10,AUDI A3,10,E01023815,0,-1
2023010481705,2023,010481705,1,9,0,99,99,9,9,99,99,9,9,99,9,99,2,9,6,6,1,24,5,1395,1,10,AUDI A3,3,E01001213,0,-1
2023332301213,2023,332301213,2,9,0,18,19,5,1,2,2,8,0,0,0,0,1,1,6,6,1,20,4,1968,2,1,AUDI A3,3,E01013743,0,-1
2023131353174,2023,131353174,2,9,0,18,19,4,8,0,0,2,1,0,0,0,3,1,5,6,2,23,5,1395,1,7,AUDI A3,4,E01011314,0,-1
2023332300672,2023,332300672,2,9,0,18,19,1,5,0,0,0,5,0,1,4,3,1,6,6,1,58,9,1984,1,3,AUDI A3,5,E01027100,0,-1
2023610032423,2023,610032423,2,9,0,18,19,5,1,0,0,8,1,0,1,7,4,1,6,6,2,30,6,1598,2,9,AUDI A3,7,W01001354,0,-1
2023131295069,2023,131295069,1,9,0,17,19,7,3,0,0,0,0,0,8,11,1,1,5,6,1,26,6,1968,2,14,AUDI A3,8,E01010767,0,-1
2023010445247,2023,010445247,1,9,0,99,99,9,9,99,99,9,9,99,9,99,3,9,6,6,1,24,5,1395,1,9,AUDI A3,5,E01000071,0,-1
2023311342964,2023,311342964,1,9,0,18,19,6,2,0,0,0,0,0,7,4,1,1,6,6,2,29,6,1498,1,6,AUDI A3,-1,-1,0,-1
2023520400590,2023,520400590,2,9,0,9,9,2,7,0,0,8,0,0,0,0,3,1,6,6,2,19,4,1896,2,16,AUDI A3,1,E01029297,0,-1
2023311305848,2023,311305848,2,9,0,18,19,4,8,0,0,3,0,0,0,0,3,1,5,6,2,51,8,1598,2,11,AUDI A3,4,E01019431,0,-1
2023332300902,2023,332300902,2,9,0,12,12,1,5,0,0,1,0,0,0,0,1,1,6,6,1,-1,-1,1968,2,10,AUDI A3,-1,-1,0,-1
2023061284056,2023,061284056,1,9,0,9,9,4,8,0,0,1,0,0,0,0,1,1,6,6,1,48,8,1984,1,19,AUDI A3,4,E01005928,0,-1
2023041373207,2023,041373207,3,9,0,3,3,7,3,0,0,0,0,0,0,0,2,1,5,6,2,53,8,999,1,5,AUDI A3,2,E01025051,0,-1
2023031392796,2023,031392796,1,9,0,18,19,8,4,0,0,0,1,0,0,0,1,1,5,6,1,49,8,1968,2,17,AUDI A3,3,E01019236,0,-1
2023451355577,2023,451355577,2,9,0,18,19,1,3,0,0,4,0,0,0,0,1,1,1,1,1,34,6,1395,1,6,AUDI A3,5,E01030974,0,-1
2023332300096,2023,332300096,3,9,0,18,19,2,6,0,0,0,0,11,0,0,1,1,6,6,1,28,6,1968,2,10,AUDI A3,2,E01009342,0,-1
2023161379562,2023,161379562,1,9,0,18,19,1,5,0,0,3,0,0,0,0,4,1,2,2,1,68,10,1395,1,10,AUDI A3,4,E01012828,0,-1
2023131344700,2023,131344700,1,9,0,16,19,3,7,0,0,2,0,0,0,0,3,1,6,6,2,44,7,1968,2,13,AUDI A3,8,E01010672,0,-1
2023991306797,2023,991306797,1,9,0,11,11,3,7,0,0,0,0,0,7,1,4,1,5,6,2,32,6,1781,1,20,AUDI A3,3,-1,0,-1
2023010425578,2023,010425578,1,9,0,3,3,3,7,0,0,0,0,0,0,0,2,9,6,6,1,27,6,1798,1,14,AUDI A3,2,E01003304,0,-1
2023010447531,2023,010447531,2,9,0,99,99,9,9,99,99,9,9,99,9,99,9,9,6,6,3,-1,-1,1498,1,1,AUDI A3,8,E01030409,0,-1
2023010486579,2023,010486579,1,9,0,18,19,5,1,0,0,2,0,4,0,0,1,1,6,6,1,23,5,1395,1,7,AUDI A3,4,E01003914,0,-1
2023552300946,2023,552300946,2,9,0,18,19,6,2,0,0,0,0,0,1,10,3,1,6,6,1,84,11,1395,1,6,AUDI A3,8,E01020475,0,-1
2023622300838,2023,622300838,1,9,0,18,19,2,6,0,0,3,0,0,0,0,3,1,6,6,1,21,5,1598,2,5,AUDI A3,1,W01001699,0,-1
2023991342934,2023,991342934,2,9,0,18,19,3,7,0,0,3,0,0,0,0,1,1,6,6,1,46,8,999,1,6,AUDI A3,-1,-1,0,-1
2023531294473,2023,531294473,3,9,0,18,19,5,1,0,0,0,1,0,0,0,1,1,5,6,1,26,6,1395,8,0,AUDI A3,1,E01033359,0,-1
2023501321526,2023,501321526,1,9,0,18,19,5,1,0,0,0,0,0,0,0,1,1,6,6,1,22,5,1968,2,15,AUDI A3,4,E01020305,0,-1
2023471286316,2023,471286316,1,9,0,18,19,1,5,0,0,0,0,0,0,0,4,1,2,2,1,59,9,1395,1,6,AUDI A3,9,E01031714,0,-1
2023340WN3322,2023,340WN3322,1,9,0,18,19,7,1,0,0,1,0,0,0,0,1,1,6,6,2,33,6,1968,2,15,AUDI A3,2,E01027178,0,-1
2023010446250,2023,010446250,1,9,0,7,7,7,1,0,0,5,0,0,0,0,4,1,6,6,2,41,7,1798,1,12,AUDI A3,2,E01003297,0,-1
2023201351188,2023,201351188,1,9,0,7,7,2,4,0,0,5,0,4,0,0,1,1,6,6,1,20,4,999,1,2,AUDI A3,6,E01010211,0,-1
2023010472194,2023,010472194,1,9,0,9,9,3,2,0,0,8,0,0,0,0,1,1,2,2,2,30,6,1595,1,19,AUDI A3,1,E01003070,0,-1
2023302301120,2023,302301120,1,9,0,18,19,8,4,0,0,4,1,0,3,11,1,1,6,6,1,24,5,1598,2,10,AUDI A3,1,E01011980,0,-1
2023340WN5122,2023,340WN5122,1,9,0,18,19,6,2,0,0,6,0,0,0,0,3,1,6,6,1,64,9,1968,2,13,AUDI A3,10,E01027293,0,-1
2023501358082,2023,501358082,1,9,0,18,19,1,5,0,0,0,5,0,1,10,1,1,6,6,2,17,4,1598,2,14,AUDI A3,4,E01020138,0,-1
2023531331517,2023,531331517,2,9,0,4,4,3,7,0,0,0,0,0,0,0,1,1,5,6,2,47,8,1390,1,11,AUDI A3,6,E01022233,0,-1
2023010486012,2023,010486012,2,9,0,99,99,9,9,99,99,9,9,99,9,99,9,9,6,6,3,-1,-1,999,1,2,AUDI A3,4,E01003278,0,-1
2023061317073,2023,061317073,1,9,0,18,19,2,6,0,0,0,0,0,7,10,1,1,5,6,2,22,5,999,1,5,AUDI A3,4,E01005705,0,-1
2023340WN5982,2023,340WN5982,1,9,0,13,13,2,6,0,0,0,0,0,0,0,3,1,1,1,1,50,8,1395,8,1,AUDI A3,7,E01007477,0,-1
2023122301168,2023,122301168,1,9,0,18,19,1,5,0,0,0,0,0,1,11,1,1,6,6,2,23,5,1598,2,6,AUDI A3,3,E01007569,0,-1
2023071203563,2023,071203563,1,9,0,16,19,2,6,0,0,0,1,0,0,0,1,1,6,6,2,30,6,1968,2,9,AUDI A3,10,E01018690,0,-1
2023421314507,2023,421314507,2,9,0,18,19,7,7,0,0,0,0,0,0,0,2,1,6,6,2,58,9,1968,2,7,AUDI A3,10,E01021693,0,-1
2023141374147,2023,141374147,1,9,0,9,9,7,5,0,0,0,0,0,0,0,1,2,5,6,2,50,8,1595,1,18,AUDI A3,1,E01007462,0,-1
2023461332680,2023,461332680,1,9,0,18,19,7,3,0,0,1,0,0,0,0,1,1,5,6,1,44,7,1968,2,11,AUDI A3,2,E01024476,0,-1
2023131325528,2023,131325528,1,9,0,9,9,3,1,0,0,2,0,0,0,0,1,1,2,2,2,31,6,1395,8,1,AUDI A3,7,E01011396,0,-1
2023440526389,2023,440526389,2,9,0,18,19,5,1,0,0,0,1,0,0,0,3,1,6,6,1,31,6,1595,1,14,AUDI A3,10,E01022546,0,-1
2023131268506,2023,131268506,1,9,0,-1,-1,-1,-1,-1,-1,8,-1,-1,-1,0,-1,1,6,6,3,-1,-1,1968,2,9,AUDI A3,-1,-1,0,-1
2023122300291,2023,122300291,1,9,0,17,19,5,1,0,0,1,0,0,0,0,1,1,6,6,1,58,9,1968,2,11,AUDI A3,7,E01027891,0,-1
2023122300938,2023,122300938,2,9,0,4,4,7,3,0,0,0,0,0,0,0,2,1,6,6,2,34,6,1395,8,1,AUDI A3,6,E01011704,0,-1
2023320578495,2023,320578495,1,9,0,9,9,4,4,0,0,8,0,0,0,0,1,1,6,6,1,66,10,1390,1,11,AUDI A3,4,E01028335,0,-1
2023070758755,2023,070758755,1,9,0,18,19,5,2,0,0,8,0,0,1,2,1,1,6,6,1,19,4,1968,2,10,AUDI A3,8,E01012549,0,-1
2023231361334,2023,231361334,1,9,0,18,19,3,7,0,0,0,0,0,0,0,4,1,6,6,2,34,6,1896,2,17,AUDI A3,-1,-1,0,-1
2023401311017,2023,401311017,2,9,0,4,4,1,5,0,0,0,0,0,0,0,1,1,1,1,1,24,5,1968,2,11,AUDI A3,10,E01018232,0,-1
2023161365951,2023,161365951,1,9,0,9,9,6,5,0,0,0,0,0,0,0,1,1,1,1,2,30,6,999,1,0,AUDI A3,6,E01013027,0,-1
2023010472788,2023,010472788,1,9,0,5,5,2,6,0,0,4,0,0,0,0,1,1,6,6,1,38,7,1498,1,0,AUDI A3,4,E01003278,0,-1
2023041313050,2023,041313050,3,9,0,3,3,7,1,0,0,1,0,0,0,0,2,1,6,6,2,34,6,999,1,5,AUDI A3,6,E01025402,0,-1
2023101263104,2023,101263104,2,9,0,2,2,0,0,0,0,8,0,0,0,0,3,1,5,6,2,50,8,1598,2,10,AUDI A3,5,E01008588,0,-1
2023010470198,2023,010470198,2,9,0,99,99,9,9,99,99,9,9,99,9,99,1,9,6,6,1,41,7,1595,1,13,AUDI A3,3,E01004630,0,-1
2023201301468,2023,201301468,1,9,0,18,19,5,1,0,0,0,0,0,0,0,1,1,6,6,2,18,4,1968,2,11,AUDI A3,1,E01009752,0,-1
2023440239298,2023,440239298,1,9,0,9,9,2,8,0,0,6,0,0,0,0,1,1,6,6,1,-1,-1,1197,1,11,AUDI A3,-1,-1,0,-1
2023302301941,2023,302301941,2,9,0,7,7,4,6,0,0,0,0,0,0,0,2,1,6,6,1,64,9,1968,2,15,AUDI A3,10,E01019833,0,-1
2023461352222,2023,461352222,3,9,0,2,2,0,0,0,0,0,0,0,0,0,3,1,6,6,2,33,6,1197,1,8,AUDI A3,4,E01000676,0,-1
2023131271937,2023,131271937,2,9,0,5,5,1,5,0,0,0,0,0,0,0,1,1,6,6,2,27,6,1896,2,14,AUDI A3,1,E01011029,0,-1
2023031322187,2023,031322187,2,9,0,18,19,4,8,0,0,1,0,0,0,0,1,1,5,6,2,24,5,1498,1,5,AUDI A3,3,E01019221,0,-1
2023041347080,2023,041347080,1,9,0,9,9,3,7,0,0,8,0,0,0,0,1,1,2,2,1,40,7,1598,2,11,AUDI A3,4,E01012634,0,-1
2023991277926,2023,991277926,1,9,0,18,19,7,3,0,0,0,1,0,7,11,1,1,6,6,1,53,8,1896,2,15,AUDI A3,1,-1,0,-1
2023031354166,2023,031354166,2,9,0,18,19,3,7,0,0,8,0,0,0,0,1,1,5,6,2,17,4,1598,2,10,AUDI A3,5,E01019394,0,-1
2023010423755,2023,010423755,1,9,0,7,7,3,6,0,0,5,1,10,1,2,1,1,6,6,2,25,5,1598,2,6,AUDI A3,3,E01001999,0,-1
2023010448890,2023,010448890,1,9,9,99,99,9,9,99,99,9,9,99,9,99,9,9,6,6,2,78,11,999,1,7,AUDI A3,9,E01003802,0,-1
2023010427954,2023,010427954,2,9,0,5,5,1,5,0,0,6,1,0,0,0,4,1,6,6,1,21,5,1968,2,8,AUDI A3,-1,-1,0,-1
2023141315243,2023,141315243,1,9,0,18,19,5,1,0,0,0,0,0,1,1,1,1,6,6,1,30,6,1968,2,17,AUDI A3,3,E01033273,0,-1
2023010480777,2023,010480777,1,9,0,9,9,5,3,9,9,2,0,11,0,0,1,1,6,6,1,23,5,1595,1,14,AUDI A3,-1,-1,0,-1
2023041307227,2023,041307227,2,9,0,18,19,4,8,0,0,0,0,0,0,0,1,1,5,6,1,37,7,1968,2,15,AUDI A3,9,E01012583,0,-1
2023471263377,2023,471263377,1,9,0,18,19,1,5,0,0,0,0,0,1,4,1,1,6,6,1,28,6,1984,1,13,AUDI A3,8,E01031518,0,-1
2023061387062,2023,061387062,1,9,0,9,9,3,5,0,0,5,0,0,0,0,3,1,2,2,1,42,7,1896,2,19,AUDI A3,4,E01005850,0,-1
2023010428627,2023,010428627,1,9,9,99,99,9,9,99,99,9,9,99,9,99,4,9,6,6,1,69,10,1598,2,9,AUDI A3,2,E01001734,0,-1
2023010453691,2023,010453691,1,9,0,9,9,5,3,0,0,2,0,0,0,0,1,1,6,6,1,29,6,999,1,7,AUDI A3,2,E01004003,0,-1
2023010443196,2023,010443196,1,9,0,18,19,3,7,0,0,0,0,0,0,0,1,1,1,1,1,36,7,999,1,2,AUDI A3,9,E01001453,0,-1
2023010420448,2023,010420448,1,9,0,99,99,9,9,99,99,9,9,99,9,99,2,9,6,6,1,23,5,1798,1,13,AUDI A3,10,E01003813,0,-1
2023430503410,2023,430503410,2,9,0,16,19,3,6,0,0,0,0,0,0,0,3,1,6,6,3,-1,-1,1968,2,10,AUDI A3,-1,-1,0,-1
2023991266214,2023,991266214,2,9,0,18,19,5,1,0,0,1,0,0,0,0,2,1,5,6,2,22,5,1598,2,6,AUDI A3,10,-1,0,-1
2023221328101,2023,221328101,2,9,0,18,19,1,5,0,0,3,0,0,0,0,4,1,5,6,2,25,5,1395,1,9,AUDI A3,3,E01014208,0,-1
2023552300903,2023,552300903,2,9,0,18,19,7,3,0,0,8,0,0,0,0,4,1,6,6,2,23,5,1498,1,6,AUDI A3,10,E01022892,0,-1
2023471263424,2023,471263424,1,9,0,5,5,3,7,0,0,0,0,0,0,0,1,1,5,6,1,28,6,1968,2,10,AUDI A3,9,E01031458,0,-1
2023201413877,2023,201413877,1,9,0,18,19,5,1,0,0,8,0,0,0,0,1,1,2,2,3,45,7,1968,2,11,AUDI A3,5,E01008971,0,-1
2023622400002,2023,622400002,2,9,0,18,19,8,4,0,0,4,0,0,0,0,2,1,6,6,2,37,7,1598,2,11,AUDI A3,10,W01001224,0,-1
2023131308066,2023,131308066,3,9,0,4,4,7,7,0,0,0,0,0,0,0,2,1,3,7,2,51,8,1395,1,9,AUDI A3,4,E01011644,0,-1
2023430064108,2023,430064108,2,9,0,8,8,5,8,0,0,1,0,0,0,0,1,1,6,6,1,39,7,1395,1,7,AUDI A3,5,E01016990,0,-1
2023131360354,2023,131360354,1,9,0,9,9,1,7,0,0,3,0,0,0,0,3,1,6,6,2,58,9,1896,2,14,AUDI A3,3,E01010846,0,-1
2023461362653,2023,461362653,3,9,0,5,5,1,5,0,0,0,0,0,0,0,2,1,6,6,2,63,9,1498,1,4,AUDI A3,7,E01024798,0,-1
2023161362749,2023,161362749,1,9,0,9,9,1,6,0,0,1,0,0,8,4,1,1,6,6,1,20,4,1968,2,13,AUDI A3,5,E01012930,0,-1
2023520301532,2023,520301532,3,9,0,18,19,2,6,0,0,8,0,0,0,0,1,1,6,6,2,64,9,1896,2,17,AUDI A3,1,E01029046,0,-1
2023131275393,2023,131275393,1,9,0,18,19,5,3,0,0,1,0,0,0,0,1,1,5,6,1,46,8,1598,2,6,AUDI A3,1,E01010832,0,-1
2023141314250,2023,141314250,1,9,0,18,19,1,5,0,0,0,0,0,1,0,1,1,2,2,1,24,5,1896,2,15,AUDI A3,6,E01007335,0,-1
2023411389774,2023,411389774,1,9,0,4,4,5,1,0,0,0,0,0,0,0,1,1,1,1,1,25,5,1395,1,9,AUDI A3,3,E01023487,0,-1
2023501273554,2023,501273554,2,9,0,18,19,1,5,0,0,1,0,0,0,0,4,1,6,6,1,37,7,1598,2,9,AUDI A3,3,E01018788,0,-1
2023061345416,2023,061345416,1,9,0,14,14,1,5,0,0,1,0,0,0,0,1,1,6,6,3,-1,-1,1968,2,16,AUDI A3,-1,-1,0,-1
2023041307255,2023,041307255,3,9,0,18,19,5,1,0,0,0,0,0,1,0,1,1,5,6,1,53,8,1984,1,5,AUDI A3,7,E01007067,0,-1
2023141263357,2023,141263357,1,9,0,18,19,2,6,0,0,1,0,0,0,0,2,1,2,2,1,29,6,1968,2,16,AUDI A3,2,E01007642,0,-1
2023201362193,2023,201362193,2,9,0,17,19,2,7,0,0,0,0,0,0,0,4,1,6,6,1,23,5,1968,2,2,AUDI A3,-1,-1,0,-1
2023031392548,2023,031392548,1,9,0,18,19,8,6,0,0,8,0,0,7,0,1,1,5,6,1,44,7,1968,2,8,AUDI A3,6,E01019237,0,-1
2023052302027,2023,052302027,2,9,0,18,19,8,4,0,0,8,0,0,0,0,1,1,2,2,1,39,7,1968,2,16,AUDI A3,1,E01006778,0,-1
2023010450400,2023,010450400,1,9,0,9,9,6,3,0,0,2,0,10,1,11,1,1,6,6,1,20,4,1896,2,18,AUDI A3,4,E01003440,0,-1
2023351343929,2023,351343929,1,9,0,9,9,5,1,0,0,4,0,0,0,0,1,1,6,6,1,-1,-1,1595,1,19,AUDI A3,-1,-1,0,-1
2023122400019,2023,122400019,2,9,0,10,10,5,1,0,0,1,0,0,0,0,2,1,6,6,2,61,9,999,1,0,AUDI A3,9,E01027708,0,-1
2023010466255,2023,010466255,1,9,0,99,99,9,9,99,99,0,9,99,9,99,2,9,6,6,1,48,8,1498,1,5,AUDI A3,2,E01000065,0,-1
2023461367306,2023,461367306,1,9,0,15,15,6,2,0,0,0,0,0,0,0,4,1,6,6,1,85,11,1598,2,9,AUDI A3,4,E01024566,0,-1
2023421378936,2023,421378936,1,9,0,18,19,1,5,0,0,4,0,0,0,0,1,1,2,2,1,44,7,1595,1,18,AUDI A3,6,E01015950,0,-1
2023451268538,2023,451268538,3,9,0,18,19,8,4,0,0,0,0,0,0,0,3,1,5,6,2,61,9,1798,1,10,AUDI A3,9,E01030492,0,-1
2023440350532,2023,440350532,1,9,0,18,19,4,8,0,0,1,1,0,1,7,3,1,2,2,1,24,5,1395,8,8,AUDI A3,10,E01022512,0,-1
2023201299411,2023,201299411,2,9,0,18,19,2,6,0,0,1,0,0,0,0,1,1,2,2,2,43,7,1968,2,9,AUDI A3,1,E01009679,0,-1
2023351298351,2023,351298351,2,9,0,18,19,5,1,0,0,0,0,4,0,0,1,1,6,6,1,40,7,1968,2,8,AUDI A3,-1,-1,0,-1
2023311329132,2023,311329132,1,9,0,18,19,2,6,0,0,4,1,0,0,0,1,1,6,6,1,25,5,1896,2,15,AUDI A3,-1,-1,0,-1
2023501399485,2023,501399485,2,9,0,18,19,1,5,0,0,8,0,0,0,0,4,1,5,6,1,47,8,1968,2,7,AUDI A3,7,E01015099,0,-1
2023451286954,2023,451286954,1,9,0,4,4,3,7,0,0,0,0,0,0,0,2,1,2,2,2,58,9,1498,1,2,AUDI A3,9,E01021053,0,-1
2023141344380,2023,141344380,1,9,0,9,9,2,1,0,0,1,0,0,0,0,1,1,5,6,1,36,7,1968,2,14,AUDI A3,1,E01007739,0,-1
2023461273950,2023,461273950,1,9,0,13,13,3,7,0,0,8,0,0,0,0,1,1,6,6,1,57,9,1968,2,14,AUDI A3,4,E01016074,0,-1
2023421372702,2023,421372702,1,9,0,18,19,6,1,0,0,0,0,12,7,0,1,1,2,2,2,77,11,1498,1,4,AUDI A3,6,E01033056,0,-1
2023351427979,2023,351427979,1,9,0,18,19,2,3,0,0,0,0,0,0,0,1,1,6,6,1,50,8,1968,2,16,AUDI A3,8,E01018197,0,-1
2023421323398,2023,421323398,3,9,0,17,19,1,5,0,0,0,0,0,0,0,1,1,6,6,1,28,6,1968,2,12,AUDI A3,4,E01021310,0,-1
2023311280692,2023,311280692,2,9,0,18,19,1,5,0,0,0,0,0,1,0,3,1,5,6,1,47,8,1968,2,8,AUDI A3,8,E01027886,0,-1
2023131356510,2023,131356510,1,9,0,5,5,1,2,0,0,6,0,0,0,0,1,1,6,6,1,75,10,1595,1,14,AUDI A3,9,E01011935,0,-1
2023221272913,2023,221272913,1,9,0,4,4,7,3,0,0,1,0,0,0,0,1,1,6,6,1,47,8,1984,1,14,AUDI A3,6,E01028863,0,-1
2023010463919,2023,010463919,2,9,0,2,2,0,0,0,0,0,0,0,0,0,2,1,6,6,3,-1,-1,1798,1,15,AUDI A3,-1,-1,0,-1
2023010434930,2023,010434930,1,9,0,99,99,9,9,99,99,9,9,99,9,99,9,9,6,6,2,29,6,1498,1,4,AUDI A3,-1,-1,0,-1
2023131346133,2023,131346133,1,9,0,-1,-1,-1,-1,-1,-1,8,-1,-1,-1,0,-1,1,6,6,3,-1,-1,1968,2,14,AUDI A3,-1,-1,0,-1
2023010443042,2023,010443042,1,9,0,5,5,5,1,0,0,1,0,0,0,0,4,1,6,6,1,30,6,999,1,7,AUDI A3,4,E01000980,0,-1
2023201305548,2023,201305548,2,9,0,2,2,0,0,0,0,0,0,0,0,0,0,1,6,6,3,-1,-1,1968,2,18,AUDI A3,-1,-1,0,-1
2023411326121,2023,411326121,1,9,0,18,19,2,6,0,0,1,0,11,0,0,3,1,3,7,2,35,6,1390,1,13,AUDI A3,10,E01023512,0,-1
2023041322039,2023,041322039,1,9,0,9,9,1,5,0,0,2,0,0,0,0,1,1,3,7,1,42,7,1896,2,14,AUDI A3,2,E01012576,0,-1
2023010420643,2023,010420643,1,9,0,7,7,5,7,0,0,6,0,0,0,0,1,1,6,6,3,-1,-1,1595,1,14,AUDI A3,-1,-1,0,-1
2023041260139,2023,041260139,2,9,0,18,19,1,5,0,0,0,0,0,0,0,1,1,2,2,1,41,7,1968,2,11,AUDI A3,5,W01000393,0,-1
2023170M11323,2023,170M11323,1,9,0,9,9,6,4,0,0,8,0,0,0,0,1,1,6,6,1,59,9,1498,1,0,AUDI A3,-1,-1,0,-1
2023010429975,2023,010429975,1,9,0,18,19,5,1,0,0,1,0,0,0,0,2,1,6,6,1,28,6,1798,1,9,AUDI A3,4,E01001176,0,-1
2023221367334,2023,221367334,1,9,0,10,10,4,2,0,0,8,0,0,0,0,2,1,5,6,2,23,5,1598,2,6,AUDI A3,4,E01014016,0,-1
2023010455034,2023,010455034,2,9,0,5,5,8,4,0,0,1,0,0,0,0,1,1,6,6,2,59,9,1395,1,7,AUDI A3,3,E01002721,0,-1
2023531343211,2023,531343211,1,9,0,18,19,7,3,0,0,0,0,0,0,0,3,1,6,6,2,65,9,1968,2,11,AUDI A3,4,E01022251,0,-1
2023041362246,2023,041362246,1,9,0,18,19,3,7,0,0,0,0,0,0,0,3,1,5,6,1,32,6,1598,2,7,AUDI A3,9,E01025436,0,-1
2023052300797,2023,052300797,1,9,0,18,19,1,5,0,0,0,0,0,0,0,1,1,1,1,1,19,4,999,1,4,AUDI A3,4,E01006793,0,-1
2023201308358,2023,201308358,1,9,0,18,19,3,7,0,0,0,1,4,0,0,1,1,5,6,1,34,6,1968,2,19,AUDI A3,1,E01010288,0,-1
2023010453393,2023,010453393,1,9,0,18,19,3,7,0,0,2,5,4,0,0,4,1,6,6,1,45,7,999,1,0,AUDI A3,7,E01016770,0,-1
2023461295241,2023,461295241,2,9,0,16,19,0,0,0,0,4,0,9,0,0,2,1,5,6,1,47,8,1598,2,3,AUDI A3,-1,-1,0,-1
2023010439027,2023,010439027,1,9,0,6,6,2,2,0,0,2,0,0,0,0,1,1,6,6,1,24,5,1598,2,6,AUDI A3,3,E01004430,0,-1
2023631338562,2023,631338562,1,9,0,16,19,4,7,0,0,0,0,0,7,10,1,1,5,6,2,37,7,1968,2,12,AUDI A3,3,E01010451,0,-1
2023131272521,2023,131272521,2,9,0,-1,-1,-1,-1,-1,-1,-1,-1,-1,-1,-1,-1,1,6,6,1,29,6,1896,2,14,AUDI A3,1,E01010631,0,-1
202363B005323,2023,63B005323,2,9,0,18,19,2,5,0,0,1,0,0,0,0,0,1,6,6,2,18,4,1968,2,12,AUDI A3,5,W01000531,0,-1
2023201395616,2023,201395616,2,9,0,3,3,7,3,0,0,2,0,0,0,0,2,1,6,6,2,50,8,1896,2,17,AUDI A3,3,E01009604,0,-1
2023440451687,2023,440451687,2,9,0,18,19,2,6,0,0,1,0,0,0,0,1,1,6,6,1,49,8,3189,1,19,AUDI A3,6,E01017200,0,-1