collision_index,collision_year,collision_ref_no,vehicle_reference,vehicle_type,towing_and_articulation,vehicle_manoeuvre_historic,vehicle_manoeuvre,vehicle_direction_from,vehicle_direction_to,vehicle_location_restricted_lane_historic,vehicle_location_restricted_lane,junction_location,skidding_and_overturning,hit_object_in_carriageway,vehicle_leaving_carriageway,hit_object_off_carriageway,first_point_of_impact,vehicle_left_hand_drive,journey_purpose_of_driver_historic,journey_purpose_of_driver,sex_of_driver,age_of_driver,age_band_of_driver,engine_capacity_cc,propulsion_code,age_of_vehicle,generic_make_model,driver_imd_decile,lsoa_of_driver,escooter_flag,driver_distance_banding
2023371293989,2023,371293989,2,9,0,2,2,0,0,0,0,0,0,0,0,0,1,1,6,6,3,-1,-1,1498,1,1,AUDI A3,-1,-1,0,-1
2023010427541,2023,010427541,1,9,0,99,99,9,9,99,99,0,9,99,9,99,1,9,2,2,2,34,6,1498,1,1,AUDI A3,5,E01001647,0,-1
2023361291437,2023,361291437,1,9,0,18,19,2,6,0,0,0,1,0,0,0,3,1,2,2,2,22,5,1968,2,16,AUDI A3,6,E01030240,0,-1
2023471295030,2023,471295030,3,9,0,18,19,2,6,0,0,2,0,0,0,0,0,1,6,6,1,-1,-1,1968,2,17,AUDI A3,-1,-1,0,-1
2023451352409,2023,451352409,1,9,0,4,4,5,1,0,0,1,0,0,0,0,2,1,2,2,2,43,7,1598,2,4,AUDI A3,7,E01031626,0,-1
2023010453493,2023,010453493,1,9,0,18,19,7,3,0,0,1,0,0,0,0,1,1,1,1,1,28,6,1498,1,4,AUDI A3,2,E01003987,0,-1
2023361342755,2023,361342755,1,9,0,18,19,5,2,0,0,0,1,0,7,4,4,1,5,6,1,19,4,1595,1,16,AUDI A3,3,E01026639,0,-1
2023141320046,2023,141320046,1,9,0,17,19,1,5,0,0,0,1,0,1,2,1,1,5,6,2,32,6,1395,1,6,AUDI A3,3,E01008032,0,-1
2023451284268,2023,451284268,1,9,0,18,19,5,1,0,0,1,0,0,0,0,1,1,6,6,1,45,7,1498,1,4,AUDI A3,10,E01030522,0,-1
2023131342105,2023,131342105,1,9,0,18,19,8,4,0,0,8,0,0,0,0,1,1,5,6,2,24,5,1968,2,8,AUDI A3,7,E01011652,0,-1
2023401369027,2023,401369027,2,9,0,3,3,2,8,0,0,3,0,0,0,0,1,1,5,6,2,32,6,1968,2,9,AUDI A3,5,E01015768,0,-1
2023141285563,2023,141285563,2,9,0,18,19,5,1,0,0,3,1,7,3,1,4,1,5,6,2,25,5,1968,2,10,AUDI A3,5,E01007746,0,-1
2023471290756,2023,471290756,1,9,0,7,7,1,5,0,0,2,0,0,0,0,1,1,2,2,1,32,6,1595,1,13,AUDI A3,8,E01004143,0,-1
2023451338361,2023,451338361,1,9,0,9,9,3,1,0,0,0,0,0,0,0,3,1,5,6,1,35,6,1984,1,17,AUDI A3,6,E01030714,0,-1
2023471303553,2023,471303553,2,9,0,18,19,8,4,0,0,8,0,0,0,0,4,1,1,1,1,31,6,999,1,2,AUDI A3,7,E01021010,0,-1
2023302301905,2023,302301905,1,9,0,9,9,6,4,0,0,8,0,0,0,0,3,1,6,6,2,45,7,1395,1,7,AUDI A3,2,E01013565,0,-1
2023471373220,2023,471373220,1,9,0,18,19,3,1,0,0,1,0,11,1,0,1,1,6,6,3,-1,-1,1968,2,15,AUDI A3,-1,-1,0,-1
2023010467465,2023,010467465,1,9,0,99,99,9,9,0,0,1,0,0,0,0,2,9,6,6,2,25,5,1395,1,8,AUDI A3,8,E01030848,0,-1
2023320146372,2023,320146372,2,9,0,3,3,8,4,0,0,4,0,0,0,0,2,1,6,6,1,65,9,1968,2,9,AUDI A3,4,E01026082,0,-1
2023010422020,2023,010422020,2,9,0,99,99,9,9,99,99,9,9,99,9,99,9,9,6,6,3,-1,-1,1390,1,12,AUDI A3,-1,-1,0,-1
2023461380462,2023,461380462,1,9,0,18,19,8,4,0,0,0,0,0,0,0,1,1,6,6,2,35,6,1984,1,17,AUDI A3,-1,-1,0,-1
2023631362859,2023,631362859,2,9,0,3,3,5,1,0,0,0,0,0,0,0,2,1,5,6,1,28,6,1598,2,4,AUDI A3,2,W01001020,0,-1
2023371378459,2023,371378459,3,9,0,7,7,2,4,0,0,1,0,0,0,0,2,1,6,6,2,34,6,1968,2,6,AUDI A3,1,E01030018,0,-1
2023430070470,2023,430070470,2,9,0,18,19,3,7,0,0,8,0,0,0,0,4,1,6,6,2,63,9,1498,1,1,AUDI A3,10,E01022554,0,-1
2023991350529,2023,991350529,1,9,0,18,19,1,4,0,0,8,0,0,0,0,4,1,5,6,2,41,7,1968,2,9,AUDI A3,-1,-1,0,-1
2023631321266,2023,631321266,2,9,0,17,19,5,2,0,0,8,0,0,0,0,3,1,6,6,2,21,5,1595,2,13,AUDI A3,4,W01000672,0,-1
2023131332197,2023,131332197,2,9,0,17,19,5,2,0,0,1,0,0,0,0,1,1,6,6,1,26,6,1968,2,9,AUDI A3,2,E01011558,0,-1
2023131301321,2023,131301321,1,9,0,-1,-1,-1,-1,-1,-1,8,-1,-1,-1,0,-1,1,6,6,3,-1,-1,1968,2,16,AUDI A3,-1,-1,0,-1
2023131322402,2023,131322402,1,9,0,18,19,7,7,0,0,0,0,0,0,0,3,1,5,6,1,38,7,1395,1,7,AUDI A3,1,E01003535,0,-1
2023361271379,2023,361271379,1,9,0,7,7,1,3,0,0,0,0,0,0,0,0,1,6,6,1,21,5,1595,1,16,AUDI A3,10,E01026572,0,-1
2023311360429,2023,311360429,1,9,0,4,4,7,4,0,0,2,0,0,0,0,1,1,6,6,3,36,7,1968,2,16,AUDI A3,7,E01027988,0,-1
2023010473512,2023,010473512,1,9,0,5,5,7,3,0,0,0,0,0,0,0,1,1,6,6,1,21,5,1390,1,14,AUDI A3,5,E01002249,0,-1
2023471365228,2023,471365228,2,9,0,18,19,2,6,0,0,8,0,0,0,0,3,1,2,2,1,26,6,1598,2,5,AUDI A3,7,E01021009,0,-1
2023201372517,2023,201372517,2,9,0,18,19,2,6,0,0,8,0,0,0,0,1,1,5,6,1,-1,-1,999,1,0,AUDI A3,-1,-1,0,-1
2023131314737,2023,131314737,1,9,0,7,7,1,3,0,0,6,0,0,0,0,0,1,5,6,1,34,6,1968,2,10,AUDI A3,3,E01010794,0,-1
2023440430945,2023,440430945,2,9,0,18,19,3,7,0,0,0,0,0,0,0,1,1,6,6,3,-1,-1,1968,2,15,AUDI A3,-1,-1,0,-1
2023361370729,2023,361370729,1,9,0,9,9,7,5,0,0,1,0,0,0,0,3,1,6,6,1,58,9,1968,2,5,AUDI A3,6,E01026650,0,-1
202354A190823,2023,54A190823,1,9,0,18,19,2,6,0,0,0,0,0,7,0,3,1,1,1,1,23,5,1598,2,9,AUDI A3,7,E01032116,0,-1
2023501260630,2023,501260630,2,9,0,2,2,0,0,0,0,0,0,0,0,0,4,1,6,6,1,26,6,1984,1,18,AUDI A3,8,E01020066,0,-1
2023547999523,2023,547999523,1,9,0,18,19,5,1,0,0,0,2,0,1,4,3,1,6,6,1,24,5,3189,1,19,AUDI A3,7,E01028713,0,-1
2023010448263,2023,010448263,1,9,0,10,10,1,7,0,0,1,0,0,0,0,3,1,2,2,1,29,6,1395,8,3,AUDI A3,2,E01004403,0,-1
2023351341986,2023,351341986,1,9,0,18,19,3,7,0,0,0,0,0,0,0,1,1,1,1,1,23,5,1395,8,8,AUDI A3,3,E01018401,0,-1
2023231265859,2023,231265859,2,9,0,18,19,6,2,0,0,0,0,0,2,0,3,1,5,6,2,47,8,1395,8,2,AUDI A3,9,E01026998,0,-1
2023161333824,2023,161333824,1,9,0,4,4,5,7,0,0,1,0,0,0,0,1,2,1,1,2,41,7,1968,2,12,AUDI A3,-1,-1,0,-1
2023622300254,2023,622300254,3,9,0,2,2,0,0,0,0,0,0,0,0,0,1,1,6,6,3,-1,-1,1598,2,9,AUDI A3,-1,-1,0,-1
2023061332688,2023,061332688,1,9,0,18,19,6,2,0,0,0,0,0,0,0,1,1,6,6,3,30,6,1598,2,10,AUDI A3,-1,-1,0,-1
2023010428762,2023,010428762,2,9,0,99,99,9,9,99,99,9,9,99,9,99,2,9,6,6,3,-1,-1,1595,1,14,AUDI A3,-1,-1,0,-1
2023010477577,2023,010477577,2,9,0,9,9,5,3,0,0,8,1,0,0,0,1,1,6,6,1,21,5,1498,1,3,AUDI A3,2,E01000126,0,-1
2023320419050,2023,320419050,4,9,0,4,4,1,5,0,0,0,0,0,0,0,1,1,6,6,2,52,8,1968,2,8,AUDI A3,7,E01026412,0,-1
2023010438024,2023,010438024,2,9,9,99,99,9,9,99,99,9,9,99,9,99,9,9,6,6,1,42,7,1968,2,8,AUDI A3,5,E01024485,0,-1
2023991410083,2023,991410083,1,9,0,1,1,3,7,0,0,0,0,0,0,0,2,1,6,6,1,30,6,1968,2,19,AUDI A3,-1,-1,0,-1
2023311292914,2023,311292914,1,9,0,18,19,2,6,0,0,0,0,0,0,0,1,1,6,6,1,31,6,1968,2,6,AUDI A3,9,E01028179,0,-1
2023520301321,2023,520301321,2,9,0,18,19,8,4,0,0,0,0,0,0,0,2,1,6,6,1,72,10,1968,2,14,AUDI A3,6,E01029161,0,-1
2023522301097,2023,522301097,2,9,0,18,19,5,1,0,0,8,0,0,0,0,4,1,6,6,1,27,6,1395,1,8,AUDI A3,5,E01014555,0,-1
2023461274314,2023,461274314,1,9,0,18,19,3,7,0,0,0,0,0,0,0,1,1,6,6,3,-1,-1,1896,2,21,AUDI A3,-1,-1,0,-1
2023010467440,2023,010467440,2,9,0,99,99,9,9,99,99,9,9,99,9,99,9,9,6,6,3,-1,-1,1968,2,2,AUDI A3,-1,-1,0,-1
2023461344122,2023,461344122,1,9,0,12,12,3,7,0,0,0,1,11,7,6,2,1,5,6,1,43,7,1598,2,10,AUDI A3,9,E01024298,0,-1
2023351297429,2023,351297429,2,9,0,18,19,7,3,0,0,0,0,0,0,0,1,1,6,6,1,45,7,1896,2,17,AUDI A3,-1,-1,0,-1
2023332301297,2023,332301297,2,9,0,3,3,1,5,0,0,0,0,0,0,0,2,1,6,6,2,44,7,1598,2,11,AUDI A3,10,E01025614,0,-1
2023531343549,2023,531343549,2,9,0,18,19,6,2,0,0,0,0,0,0,0,2,1,5,6,1,31,6,1968,2,7,AUDI A3,4,E01017233,0,-1
2023311322668,2023,311322668,1,9,0,18,19,7,3,0,0,0,0,0,0,0,1,1,6,6,1,19,4,1595,1,13,AUDI A3,5,E01028362,0,-1
2023010422961,2023,010422961,2,9,0,99,99,9,9,0,0,8,0,0,0,0,9,1,6,6,1,40,7,1595,1,16,AUDI A3,9,E01001227,0,-1
2023010435779,2023,010435779,2,9,0,99,99,9,9,99,99,9,9,99,9,99,9,9,6,6,3,-1,-1,1968,2,6,AUDI A3,-1,-1,0,-1
2023471316818,2023,471316818,2,9,0,10,10,7,5,0,0,1,0,0,0,0,2,1,6,6,2,36,7,1595,1,12,AUDI A3,4,E01031836,0,-1
2023451370886,2023,451370886,2,9,0,4,4,3,7,0,0,0,0,0,0,0,1,1,5,6,1,58,9,999,1,0,AUDI A3,6,E01001064,0,-1
2023552301059,2023,552301059,2,9,0,18,19,4,8,0,0,0,0,0,0,0,3,1,6,6,1,26,6,1984,1,19,AUDI A3,5,E01020589,0,-1
2023131354529,2023,131354529,2,9,0,18,19,1,1,0,0,8,0,0,0,0,4,1,6,6,2,32,6,1968,2,8,AUDI A3,1,E01010607,0,-1
2023522400211,2023,522400211,1,9,0,18,19,6,2,0,0,1,0,0,0,0,3,1,6,6,1,51,8,1380,1,13,AUDI A3,5,E01014642,0,-1
2023201341312,2023,201341312,1,9,0,5,5,7,3,0,0,6,0,0,0,0,1,1,2,2,1,24,5,1896,2,22,AUDI A3,1,E01009301,0,-1
2023131325527,2023,131325527,1,9,0,18,19,1,5,0,0,2,0,0,0,0,4,1,5,6,2,25,5,1598,2,9,AUDI A3,1,E01010676,0,-1
2023361355023,2023,361355023,1,9,0,18,19,1,4,0,0,0,1,0,1,0,1,1,6,6,1,76,11,1968,2,18,AUDI A3,6,E01026436,0,-1
2023010464390,2023,010464390,2,9,0,99,99,9,9,99,99,9,9,99,9,99,1,9,6,6,3,-1,-1,1395,1,7,AUDI A3,-1,-1,0,-1
2023520400487,2023,520400487,1,9,0,9,9,7,5,0,0,8,0,0,0,0,1,1,6,6,2,43,7,1595,1,17,AUDI A3,6,E01029227,0,-1
202354C768323,2023,54C768323,1,9,0,13,13,8,4,0,0,0,0,0,0,0,1,1,6,6,2,56,9,1197,1,11,AUDI A3,6,E01003002,0,-1
2023131281914,2023,131281914,1,9,0,18,19,3,7,0,0,8,0,0,0,0,1,1,5,6,1,18,4,1798,1,10,AUDI A3,10,E01011270,0,-1
2023010455459,2023,010455459,1,9,0,18,19,1,5,0,0,0,0,0,0,0,4,1,6,6,1,21,5,1984,1,18,AUDI A3,4,E01015933,0,-1
2023010445700,2023,010445700,4,9,0,2,2,0,0,0,0,1,0,0,0,0,0,1,6,6,3,-1,-1,1498,1,4,AUDI A3,-1,-1,0,-1
2023010465102,2023,010465102,2,9,9,99,99,9,9,99,99,9,9,99,9,99,9,9,6,6,3,-1,-1,1968,2,8,AUDI A3,-1,-1,0,-1
2023041322568,2023,041322568,2,9,0,4,4,8,4,0,0,1,0,0,0,0,4,1,5,6,1,41,7,1968,2,16,AUDI A3,1,E01025218,0,-1
2023061314836,2023,061314836,1,9,0,18,19,3,7,0,0,0,0,0,0,0,1,1,6,6,2,35,6,1968,2,14,AUDI A3,-1,-1,0,-1
2023440089936,2023,440089936,4,9,0,2,2,0,0,0,0,1,0,0,0,0,1,1,6,6,3,-1,-1,1395,1,10,AUDI A3,-1,-1,0,-1
2023131317322,2023,131317322,2,9,0,18,19,2,1,0,0,0,0,0,0,0,3,1,5,6,1,75,10,1498,1,6,AUDI A3,10,E01010646,0,-1
2023010460471,2023,010460471,1,9,0,5,5,0,7,0,0,1,0,0,0,0,1,1,6,6,2,42,7,1598,2,7,AUDI A3,5,E01002533,0,-1
2023471370113,2023,471370113,1,9,0,7,7,6,8,0,0,8,0,0,0,0,4,1,5,6,1,-1,-1,1395,1,9,AUDI A3,6,E01003752,0,-1
2023311290692,2023,311290692,1,9,0,18,19,7,3,0,0,8,0,0,0,0,1,1,6,6,1,27,6,1968,2,17,AUDI A3,5,E01028022,0,-1
2023010423540,2023,010423540,2,9,0,18,19,3,7,0,0,8,0,0,0,0,1,1,6,6,1,31,6,1598,2,5,AUDI A3,1,E01001145,0,-1
2023201392204,2023,201392204,1,9,0,18,19,5,1,0,0,1,0,0,0,0,1,1,6,6,1,-1,-1,1390,1,13,AUDI A3,-1,-1,0,-1
2023010436653,2023,010436653,2,9,0,10,10,1,7,0,0,1,0,0,0,0,2,1,6,6,1,24,5,1595,1,12,AUDI A3,-1,-1,0,-1
2023041360005,2023,041360005,1,9,0,18,19,7,3,0,0,0,0,0,1,11,1,1,2,2,1,34,6,1896,2,14,AUDI A3,2,E01024910,0,-1
2023231379854,2023,231379854,1,9,0,9,9,2,8,0,0,5,0,0,0,0,4,1,5,6,1,41,7,1498,1,1,AUDI A3,10,E01031179,0,-1
2023131320077,2023,131320077,1,9,0,18,19,3,7,0,0,2,0,11,0,0,1,1,5,6,2,43,7,1498,1,5,AUDI A3,10,E01011570,0,-1
2023201391723,2023,201391723,1,9,0,7,7,1,2,0,0,6,0,0,0,0,1,1,6,6,1,35,6,1598,2,9,AUDI A3,-1,-1,0,-1
2023010462607,2023,010462607,1,9,0,18,19,7,3,0,0,0,1,0,0,0,1,1,6,6,3,-1,-1,1896,2,19,AUDI A3,3,E01003525,0,-1
2023131311016,2023,131311016,1,9,0,-1,-1,-1,-1,-1,-1,-1,-1,-1,-1,-1,-1,1,6,6,3,-1,-1,1968,2,8,AUDI A3,1,E01010743,0,-1
2023351333052,2023,351333052,1,9,0,18,19,-1,-1,0,0,0,0,0,0,0,1,1,6,6,2,-1,-1,1498,1,5,AUDI A3,-1,-1,0,-1
2023161299947,2023,161299947,3,9,0,2,2,0,0,0,0,0,0,0,0,0,3,1,6,6,3,-1,-1,1395,1,8,AUDI A3,-1,-1,0,-1
2023451353375,2023,451353375,2,9,0,18,19,3,7,0,0,0,0,0,0,0,1,1,5,6,2,29,6,999,1,2,AUDI A3,8,E01030951,0,-1
2023041293682,2023,041293682,1,9,0,18,19,5,1,0,0,1,0,0,0,0,1,1,6,6,1,19,4,1896,2,16,AUDI A3,1,E01012619,0,-1
2023351347147,2023,351347147,1,9,0,18,19,1,5,0,0,0,0,0,0,0,1,1,5,6,1,26,6,1968,2,13,AUDI A3,-1,-1,0,-1
2023131294533,2023,131294533,2,9,0,2,2,0,0,0,0,2,0,0,0,0,2,1,6,6,3,-1,-1,1395,1,7,AUDI A3,-1,-1,0,-1
2023052302030,2023,052302030,2,9,0,4,4,3,6,0,0,1,0,0,0,0,2,1,6,6,2,60,9,1598,2,9,AUDI A3,9,E01012392,0,-1
2023052301205,2023,052301205,2,9,0,18,19,3,7,0,0,1,0,0,0,0,3,1,2,2,2,49,8,1395,1,7,AUDI A3,6,E01007014,0,-1
2023401375595,2023,401375595,1,9,0,18,19,8,3,9,9,0,0,0,1,4,1,1,6,6,1,21,5,1595,1,16,AUDI A3,3,E01015785,0,-1
2023451338542,2023,451338542,2,9,0,17,19,1,5,0,0,0,0,0,0,0,1,1,5,6,1,38,7,1395,1,9,AUDI A3,10,E01030945,0,-1
2023991273824,2023,991273824,3,9,0,9,9,2,7,0,0,8,0,0,0,0,1,1,2,2,1,33,6,1968,2,13,AUDI A3,4,-1,0,-1
2023361293553,2023,361293553,1,9,0,18,19,5,1,0,0,0,5,4,0,0,1,1,5,6,1,54,8,1968,2,1,AUDI A3,10,E01026813,0,-1
2023471330366,2023,471330366,1,9,0,18,19,1,5,0,0,8,0,0,0,0,3,1,5,6,1,34,6,1968,2,7,AUDI A3,7,E01021010,0,-1
2023141372736,2023,141372736,1,9,0,9,9,7,2,0,0,0,1,0,0,0,2,1,6,6,1,23,5,1896,2,17,AUDI A3,1,E01007947,0,-1
2023101367322,2023,101367322,1,9,0,18,19,1,5,0,0,8,0,0,0,0,3,1,6,6,2,32,6,1598,2,6,AUDI A3,1,E01008214,0,-1
2023451351820,2023,451351820,1,9,0,18,19,5,1,0,0,0,0,0,0,0,1,1,2,2,1,26,6,1395,1,7,AUDI A3,4,E01030383,0,-1
2023031311019,2023,031311019,5,9,0,4,4,2,8,0,0,0,0,0,0,0,2,1,6,6,2,53,8,1395,1,8,AUDI A3,3,E01019302,0,-1
2023010430879,2023,010430879,2,9,0,99,99,9,9,99,99,9,9,99,9,99,1,9,6,6,3,-1,-1,1197,1,11,AUDI A3,-1,-1,0,-1
2023131395682,2023,131395682,1,9,0,18,19,3,7,0,0,0,0,0,0,0,1,1,1,1,2,32,6,1968,2,17,AUDI A3,1,E01011107,0,-1
2023010480739,2023,010480739,1,9,0,99,99,9,9,99,99,9,9,99,9,99,2,9,2,2,2,28,6,1498,1,0,AUDI A3,1,E01004449,0,-1
2023161286750,2023,161286750,1,9,0,4,4,1,5,0,0,1,1,10,-1,0,3,1,5,6,1,28,6,1968,2,13,AUDI A3,9,E01026063,0,-1
2023522300584,2023,522300584,2,9,0,9,9,5,3,0,0,5,0,0,0,0,3,1,6,6,1,34,6,1968,2,8,AUDI A3,7,E01014599,0,-1
2023440117334,2023,440117334,1,9,0,18,19,8,4,0,0,8,0,0,0,0,1,1,6,6,2,-1,-1,1395,1,9,AUDI A3,-1,-1,0,-1
2023430173695,2023,430173695,1,9,0,18,19,8,4,0,0,0,0,0,2,10,1,1,6,6,1,17,4,1395,1,9,AUDI A3,2,E01002634,0,-1
2023041377639,2023,041377639,2,9,0,18,19,5,1,0,0,1,0,0,0,0,1,1,5,6,1,23,5,1498,1,3,AUDI A3,-1,-1,0,-1
2023010472548,2023,010472548,2,9,0,18,19,3,7,0,0,8,0,0,0,0,1,1,6,6,1,51,8,1968,2,6,AUDI A3,5,E01001344,0,-1
2023302301735,2023,302301735,1,9,0,9,9,3,5,0,0,0,0,0,0,0,3,1,6,6,2,24,5,1968,2,16,AUDI A3,3,E01019420,0,-1
2023031350563,2023,031350563,1,9,0,18,19,2,6,0,0,1,0,0,0,0,1,1,5,6,1,22,5,1598,2,10,AUDI A3,2,E01019138,0,-1
2023141350658,2023,141350658,1,9,0,18,19,5,1,0,0,0,0,0,1,0,2,1,6,6,1,30,6,1598,2,10,AUDI A3,5,E01007608,0,-1
2023311267084,2023,311267084,1,9,0,18,19,5,1,0,0,0,5,7,0,0,1,1,6,6,1,47,8,1598,2,12,AUDI A3,5,E01013938,0,-1
2023461286850,2023,461286850,2,9,0,7,7,3,5,0,0,2,0,0,1,10,2,1,6,6,1,39,7,1595,1,15,AUDI A3,6,E01001064,0,-1
2023311293409,2023,311293409,1,9,0,17,19,2,2,0,0,5,5,0,3,0,1,1,6,6,1,18,4,1968,2,8,AUDI A3,-1,-1,0,-1
2023052300820,2023,052300820,1,9,0,12,12,4,8,0,0,0,0,0,4,0,2,1,6,6,1,22,5,999,1,3,AUDI A3,6,E01002293,0,-1
2023622300480,2023,622300480,1,9,0,18,19,1,5,0,0,0,0,0,0,0,1,1,6,6,1,34,6,1968,2,15,AUDI A3,1,W01001811,0,-1
2023010424778,2023,010424778,2,9,0,99,99,9,9,99,99,9,9,99,9,99,2,9,6,6,3,-1,-1,1798,1,16,AUDI A3,5,E01001524,0,-1
2023201432630,2023,201432630,1,9,0,18,19,6,2,0,0,0,1,7,1,0,1,1,5,6,1,22,5,1395,1,9,AUDI A3,1,E01009488,0,-1
2023471379218,2023,471379218,1,9,0,18,19,5,1,0,0,0,5,0,0,0,4,1,5,6,1,43,7,1896,2,14,AUDI A3,9,E01031719,0,-1
2023010463559,2023,010463559,2,9,0,5,5,0,3,0,0,5,0,0,1,0,2,1,6,6,1,23,5,1498,1,2,AUDI A3,-1,-1,0,-1
2023010451515,2023,010451515,1,9,0,99,99,9,9,99,99,9,9,99,9,99,1,9,6,6,3,-1,-1,1595,1,17,AUDI A3,-1,-1,0,-1
2023201267809,2023,201267809,2,9,0,18,19,4,8,0,0,8,0,0,0,0,3,1,6,6,2,39,7,1595,1,12,AUDI A3,2,E01010019,0,-1
2023010476293,2023,010476293,2,9,9,99,99,9,9,99,99,9,9,99,9,99,9,9,6,6,3,-1,-1,1595,1,18,AUDI A3,-1,-1,0,-1
2023061393603,2023,061393603,1,9,0,13,13,1,5,0,0,0,0,0,2,7,1,1,6,6,1,32,6,1598,2,9,AUDI A3,1,E01010736,0,-1
2023061271708,2023,061271708,2,9,0,9,9,3,7,0,0,8,0,0,0,0,4,1,6,6,1,23,5,1968,2,6,AUDI A3,5,E01005677,0,-1
2023010447305,2023,010447305,1,9,0,18,19,3,7,0,0,2,0,0,0,0,3,1,6,6,1,43,7,1798,1,14,AUDI A3,3,E01000082,0,-1
2023131350453,2023,131350453,1,9,0,16,19,3,7,0,0,0,0,0,0,0,1,1,6,6,1,63,9,1595,2,13,AUDI A3,1,E01010743,0,-1
2023340NN0992,2023,340NN0992,1,9,0,9,9,7,5,0,0,5,0,0,0,0,1,1,1,1,2,22,5,1598,2,12,AUDI A3,6,E01027045,0,-1
2023421294353,2023,421294353,1,9,0,18,19,7,3,0,0,0,0,0,0,0,1,1,6,6,1,33,6,1798,1,15,AUDI A3,3,E01021328,0,-1
2023010432809,2023,010432809,2,9,0,3,3,5,1,0,0,4,0,0,0,0,1,1,6,6,1,29,6,1595,1,15,AUDI A3,2,E01001706,0,-1
2023411362426,2023,411362426,1,9,0,3,3,0,1,0,0,0,0,0,0,0,1,1,5,6,1,49,8,3189,1,18,AUDI A3,10,E01025019,0,-1
2023501384571,2023,501384571,2,9,0,18,19,2,2,0,0,1,0,0,0,0,2,1,2,2,1,23,5,1968,2,10,AUDI A3,3,E01018769,0,-1
2023544077723,2023,544077723,1,9,0,18,19,2,6,0,0,2,0,0,0,0,3,1,6,6,1,66,10,1395,1,9,AUDI A3,9,E01031955,0,-1
2023010467868,2023,010467868,1,9,0,1,1,1,5,0,0,1,0,0,0,0,4,1,6,6,1,40,7,1395,1,8,AUDI A3,-1,-1,0,-1
2023141265134,2023,141265134,1,9,0,7,7,7,1,0,0,6,0,0,0,0,1,1,2,2,2,55,8,1968,2,8,AUDI A3,1,E01007369,0,-1
2023991299092,2023,991299092,2,9,0,5,5,3,8,0,0,4,0,0,0,0,1,1,6,6,1,44,7,1395,1,10,AUDI A3,8,-1,0,-1
2023010421791,2023,010421791,2,9,0,99,99,9,9,99,99,9,9,99,9,99,1,9,6,6,3,-1,-1,1197,1,10,AUDI A3,-1,-1,0,-1
2023010424369,2023,010424369,1,9,0,9,9,2,7,0,0,2,0,0,0,0,1,1,6,6,2,21,5,1595,1,12,AUDI A3,8,E01002949,0,-1
2023361390766,2023,361390766,1,9,0,2,2,0,0,0,0,0,0,0,0,0,3,1,6,6,2,66,10,1896,2,14,AUDI A3,5,E01026738,0,-1
2023991390843,2023,991390843,2,9,0,18,19,6,2,0,0,0,0,0,0,0,1,1,5,6,1,28,6,1498,1,1,AUDI A3,6,-1,0,-1
2023531384901,2023,531384901,2,9,0,2,2,0,0,0,0,0,0,0,0,0,1,1,6,6,3,-1,-1,1968,2,13,AUDI A3,-1,-1,0,-1
2023552300657,2023,552300657,1,9,0,18,19,7,3,0,0,0,0,0,0,0,1,1,6,6,1,54,8,1968,2,17,AUDI A3,2,E01015430,0,-1
2023041272438,2023,041272438,1,9,0,18,19,7,3,0,0,0,0,0,0,0,1,1,6,6,1,32,6,1395,1,7,AUDI A3,1,E01024858,0,-1
2023031314525,2023,031314525,1,9,0,18,19,1,5,0,0,0,0,0,0,0,3,1,5,6,1,18,4,1595,1,15,AUDI A3,9,E01019162,0,-1
2023170M10683,2023,170M10683,1,9,0,3,3,6,2,0,0,1,0,0,0,0,2,1,2,2,1,30,6,999,1,3,AUDI A3,4,E01012264,0,-1
2023010467883,2023,010467883,2,9,0,9,9,1,6,0,0,1,0,0,0,0,3,1,2,2,1,35,6,1595,1,17,AUDI A3,3,E01030578,0,-1
2023320735546,2023,320735546,2,9,0,6,6,1,1,0,0,8,0,0,0,0,3,1,6,6,1,40,7,1896,2,17,AUDI A3,5,E01026133,0,-1
2023430013772,2023,430013772,1,9,0,18,19,8,4,0,0,2,0,0,0,0,1,1,6,6,1,17,4,1595,2,13,AUDI A3,5,E01028533,0,-1
2023010438150,2023,010438150,1,9,0,18,19,1,5,0,0,2,0,0,0,0,1,1,2,2,2,55,8,1598,2,6,AUDI A3,9,E01000409,0,-1
2023471353103,2023,471353103,1,9,0,1,1,5,1,0,0,8,0,0,0,0,2,1,6,6,1,68,10,1498,1,6,AUDI A3,9,E01031742,0,-1
2023141361196,2023,141361196,1,9,0,14,14,4,8,0,0,0,0,0,0,0,1,1,5,6,1,36,7,1896,2,14,AUDI A3,1,E01033277,0,-1
2023131382068,2023,131382068,1,9,0,18,19,5,1,0,0,1,1,0,0,0,1,1,6,6,1,27,6,1968,2,10,AUDI A3,5,E01011287,0,-1
2023531370496,2023,531370496,1,9,0,5,5,3,7,0,0,1,0,0,0,0,2,1,5,6,2,67,10,1968,2,16,AUDI A3,7,E01022190,0,-1
2023010479691,2023,010479691,1,9,0,18,19,6,2,0,0,1,0,0,1,10,1,1,6,6,1,26,6,1781,1,22,AUDI A3,6,E01003437,0,-1
2023221263040,2023,221263040,2,9,0,18,19,2,6,0,0,8,0,0,0,0,3,1,5,6,2,54,8,999,1,1,AUDI A3,8,E01014188,0,-1
2023201318044,2023,201318044,1,9,0,18,19,2,6,0,0,0,5,7,0,0,1,1,6,6,1,25,5,1968,2,15,AUDI A3,4,E01009688,0,-1