collision_index,collision_year,collision_ref_no,vehicle_reference,vehicle_type,towing_and_articulation,vehicle_manoeuvre_historic,vehicle_manoeuvre,vehicle_direction_from,vehicle_direction_to,vehicle_location_restricted_lane_historic,vehicle_location_restricted_lane,junction_location,skidding_and_overturning,hit_object_in_carriageway,vehicle_leaving_carriageway,hit_object_off_carriageway,first_point_of_impact,vehicle_left_hand_drive,journey_purpose_of_driver_historic,journey_purpose_of_driver,sex_of_driver,age_of_driver,age_band_of_driver,engine_capacity_cc,propulsion_code,age_of_vehicle,generic_make_model,driver_imd_decile,lsoa_of_driver,escooter_flag,driver_distance_banding
2023201321906,2023,201321906,1,9,0,5,5,7,2,0,0,6,0,0,0,0,1,1,6,6,2,44,7,999,1,7,AUDI A3,1,E01010062,0,-1
2023122300174,2023,122300174,1,9,0,2,2,0,0,0,0,0,0,0,0,0,3,1,6,6,1,36,7,1968,2,10,AUDI A3,5,E01011391,0,-1
2023991377136,2023,991377136,2,9,0,18,19,4,8,0,0,8,0,0,0,0,4,1,2,2,2,32,6,1595,1,11,AUDI A3,4,-1,0,-1
2023141345287,2023,141345287,1,9,0,18,19,8,4,0,0,8,1,0,7,0,1,1,6,6,3,-1,-1,1968,2,15,AUDI A3,-1,-1,0,-1
2023010465372,2023,010465372,1,9,0,18,19,5,1,0,0,1,0,0,0,0,4,1,6,6,1,57,9,1395,1,7,AUDI A3,2,E01004242,0,-1
2023401330923,2023,401330923,2,9,0,14,14,7,1,0,0,0,1,0,0,0,0,1,1,1,2,23,5,1968,2,10,AUDI A3,4,E01015793,0,-1
2023221341511,2023,221341511,1,9,0,18,19,3,7,0,0,4,0,0,0,0,1,1,5,6,2,26,6,1197,1,12,AUDI A3,2,E01009018,0,-1
2023201291564,2023,201291564,1,9,0,18,19,6,4,0,0,0,0,0,0,0,1,1,6,6,1,-1,-1,1598,2,9,AUDI A3,-1,-1,0,-1
2023332300577,2023,332300577,2,9,0,18,19,3,7,0,0,0,0,0,0,0,4,1,6,6,3,-1,-1,1390,1,13,AUDI A3,-1,-1,0,-1
2023131313473,2023,131313473,4,9,0,18,19,1,5,0,0,0,0,0,0,0,2,1,5,6,1,37,7,1896,2,14,AUDI A3,6,E01011420,0,-1
2023451313539,2023,451313539,1,9,0,11,11,1,5,0,0,0,0,0,1,0,4,1,5,6,2,27,6,999,1,6,AUDI A3,3,E01001366,0,-1
2023041346110,2023,041346110,1,9,0,16,19,6,1,0,0,0,1,0,0,0,1,1,5,6,1,20,4,999,1,4,AUDI A3,1,E01012574,0,-1
2023545183623,2023,545183623,2,9,0,18,19,6,2,0,0,1,0,0,0,0,1,1,6,6,1,20,4,1595,1,15,AUDI A3,2,E01015573,0,-1
2023430280077,2023,430280077,2,9,0,18,19,3,7,0,0,4,0,0,0,0,4,1,6,6,2,-1,-1,1896,2,15,AUDI A3,-1,-1,0,-1
2023522301000,2023,522301000,2,9,0,18,19,8,4,0,0,0,0,0,0,0,1,1,6,6,1,-1,-1,1595,1,13,AUDI A3,-1,-1,0,-1
2023320561867,2023,320561867,2,9,0,18,19,2,3,0,0,3,0,0,0,0,3,1,6,6,2,47,8,1896,2,14,AUDI A3,9,E01026219,0,-1
2023522301685,2023,522301685,2,9,0,10,10,1,7,0,0,1,0,0,0,0,0,1,6,6,1,23,5,999,1,0,AUDI A3,4,E01014590,0,-1
2023141347455,2023,141347455,3,9,0,4,4,5,1,0,0,8,0,0,0,0,2,1,2,2,2,48,8,1598,2,7,AUDI A3,2,E01013281,0,-1
2023631318047,2023,631318047,1,9,0,18,19,2,6,0,0,0,0,0,0,0,4,1,6,6,2,36,7,1395,1,7,AUDI A3,6,W01000487,0,-1
2023161316668,2023,161316668,2,9,0,16,19,3,5,0,0,0,0,0,0,0,2,1,5,6,1,24,5,1968,2,12,AUDI A3,4,E01013258,0,-1
2023544736623,2023,544736623,2,9,0,18,19,4,8,0,0,1,0,0,0,0,1,1,6,6,1,21,5,1968,2,9,AUDI A3,10,E01032080,0,-1
2023471332543,2023,471332543,1,9,0,17,19,6,3,0,0,2,1,0,1,4,4,1,5,6,1,20,4,1968,2,18,AUDI A3,10,E01031754,0,-1
2023061267139,2023,061267139,2,9,0,4,4,8,4,0,0,1,0,0,0,0,1,1,3,7,2,35,6,1968,2,8,AUDI A3,5,E01004913,0,-1
2023610035523,2023,610035523,2,9,0,18,19,2,6,0,0,0,0,0,0,0,1,1,1,1,1,25,5,1598,2,5,AUDI A3,1,W01001617,0,-1
2023501352930,2023,501352930,2,9,0,18,19,1,4,0,0,0,0,0,1,0,1,1,5,6,2,59,9,1968,2,8,AUDI A3,3,E01018942,0,-1
2023991311899,2023,991311899,1,9,0,11,11,7,3,0,0,0,1,0,0,0,4,1,5,6,1,26,6,1968,2,6,AUDI A3,-1,-1,0,-1
2023430296497,2023,430296497,2,9,0,3,3,6,2,0,0,0,0,0,0,0,2,1,6,6,1,48,8,1395,8,0,AUDI A3,10,E01028789,0,-1
2023440412437,2023,440412437,2,9,0,18,19,6,2,0,0,1,0,0,0,0,1,1,2,2,1,53,8,1968,2,18,AUDI A3,4,E01022671,0,-1
2023991285787,2023,991285787,1,9,0,18,19,4,8,0,0,8,0,0,1,10,3,1,5,6,1,74,10,1968,2,9,AUDI A3,9,-1,0,-1
2023131299530,2023,131299530,1,9,0,18,19,7,3,0,0,0,0,0,0,0,1,1,6,6,2,34,6,1896,2,14,AUDI A3,1,E01010736,0,-1
2023161350342,2023,161350342,2,9,0,17,19,8,4,0,0,0,0,0,0,0,1,1,2,2,1,26,6,1498,1,4,AUDI A3,3,E01013086,0,-1
2023010448092,2023,010448092,2,9,0,9,9,5,3,0,0,8,1,10,0,0,3,1,6,6,2,23,5,1598,2,7,AUDI A3,2,E01004423,0,-1
2023010449917,2023,010449917,3,9,9,99,99,9,9,99,99,9,9,99,9,99,9,9,6,6,2,42,7,1595,1,15,AUDI A3,5,E01004483,0,-1
2023010424923,2023,010424923,1,9,0,99,99,9,9,99,99,9,9,99,9,99,2,9,6,6,2,30,6,1798,1,11,AUDI A3,3,E01003960,0,-1
2023430093439,2023,430093439,2,9,0,18,19,1,5,0,0,8,5,0,5,0,4,1,6,6,2,44,7,1595,1,17,AUDI A3,5,E01016807,0,-1
2023010456286,2023,010456286,2,9,0,99,99,9,9,99,99,0,9,99,9,99,1,9,6,6,3,-1,-1,1598,2,7,AUDI A3,-1,-1,0,-1
2023010445646,2023,010445646,3,9,0,2,2,0,0,0,0,1,0,0,0,0,4,1,6,6,3,-1,-1,1395,1,7,AUDI A3,-1,-1,0,-1
2023430243080,2023,430243080,2,9,0,18,19,8,4,0,0,0,0,0,0,0,1,1,6,6,3,-1,-1,1498,1,6,AUDI A3,-1,-1,0,-1
2023141369589,2023,141369589,1,9,0,18,19,5,1,0,0,0,0,0,0,0,1,1,5,6,1,32,6,1968,2,11,AUDI A3,4,E01013076,0,-1
2023351390710,2023,351390710,3,9,0,17,19,3,7,0,0,0,0,0,0,0,3,1,5,6,1,33,6,1968,2,15,AUDI A3,5,E01018187,0,-1
2023361362448,2023,361362448,1,9,0,18,19,3,7,0,0,0,0,0,0,0,0,1,5,6,2,26,6,1598,2,8,AUDI A3,2,E01026829,0,-1
2023991384899,2023,991384899,1,9,0,18,19,7,4,0,0,2,1,0,3,4,1,1,5,6,1,18,4,1598,2,9,AUDI A3,5,-1,0,-1
2023302301522,2023,302301522,1,9,0,18,19,2,6,0,0,0,0,0,1,4,1,2,6,6,1,45,7,1896,2,14,AUDI A3,9,E01019772,0,-1
2023010486300,2023,010486300,1,9,9,99,99,9,9,99,99,9,9,99,9,99,9,9,6,6,3,-1,-1,1598,2,4,AUDI A3,-1,-1,0,-1
2023131307714,2023,131307714,2,9,0,18,19,1,5,0,0,1,0,0,0,0,1,1,2,2,1,52,8,1968,2,3,AUDI A3,7,E01011755,0,-1
2023471367830,2023,471367830,1,9,0,7,7,5,8,0,0,4,0,7,3,1,1,1,6,6,2,50,8,1968,2,17,AUDI A3,6,E01017009,0,-1
2023320573069,2023,320573069,1,9,0,13,13,1,5,0,0,1,5,0,7,9,1,1,6,6,1,24,5,999,1,5,AUDI A3,2,E01026030,0,-1
2023141353942,2023,141353942,1,9,0,18,19,1,5,0,0,3,0,0,0,0,4,1,5,6,2,33,6,1968,2,16,AUDI A3,5,E01007813,0,-1
2023010477276,2023,010477276,2,9,0,16,19,7,1,0,0,4,0,0,0,0,1,1,6,6,1,23,5,1390,1,6,AUDI A3,-1,-1,0,-1
2023101359451,2023,101359451,1,9,0,18,19,4,8,0,0,1,0,0,0,0,1,1,6,6,1,-1,-1,1896,2,14,AUDI A3,-1,-1,0,-1
2023451343670,2023,451343670,1,9,0,18,19,2,6,0,0,0,0,0,0,0,1,1,2,2,1,27,6,1498,1,4,AUDI A3,6,E01030896,0,-1
2023031272311,2023,031272311,1,9,0,18,19,3,7,0,0,0,2,0,1,0,4,1,5,6,1,34,6,1968,2,9,AUDI A3,2,E01019230,0,-1
2023430162537,2023,430162537,1,9,0,18,19,6,2,0,0,8,0,0,0,0,3,1,6,6,2,62,9,1595,1,16,AUDI A3,7,E01016478,0,-1
2023131381089,2023,131381089,4,9,0,18,19,7,3,0,0,0,1,0,0,0,1,1,5,6,1,37,7,1968,2,7,AUDI A3,3,E01011298,0,-1
2023471288245,2023,471288245,1,9,0,18,19,4,8,0,0,2,0,0,0,0,1,1,6,6,3,-1,-1,1968,2,17,AUDI A3,-1,-1,0,-1
2023430050204,2023,430050204,2,9,0,9,9,6,4,0,0,1,0,0,0,0,3,1,6,6,2,41,7,1498,1,4,AUDI A3,2,E01032941,0,-1
2023201311226,2023,201311226,1,9,0,18,19,7,3,0,0,0,0,0,0,0,1,1,6,6,1,31,6,1968,2,15,AUDI A3,1,E01010367,0,-1
2023010437470,2023,010437470,1,9,0,18,19,5,1,0,0,1,0,0,0,0,1,1,6,6,1,67,10,1595,1,17,AUDI A3,-1,-1,0,-1
2023201390931,2023,201390931,1,9,0,18,19,5,1,0,0,0,0,0,0,0,1,1,6,6,1,27,6,1968,2,8,AUDI A3,1,E01033621,0,-1
2023041325973,2023,041325973,1,9,0,9,9,1,7,0,0,6,0,0,0,0,1,1,2,2,2,51,8,1395,1,10,AUDI A3,8,E01025516,0,-1
2023041285146,2023,041285146,1,9,0,18,19,3,7,0,0,1,0,0,0,0,1,1,5,6,2,33,6,1598,2,9,AUDI A3,3,E01025391,0,-1
2023201311378,2023,201311378,1,9,0,13,13,3,7,0,0,0,0,0,0,0,4,1,6,6,1,-1,-1,1598,2,8,AUDI A3,-1,-1,0,-1
2023221325633,2023,221325633,1,9,0,18,19,3,7,0,0,0,0,0,0,0,3,1,5,6,1,24,5,1896,2,16,AUDI A3,1,E01014163,0,-1
2023471286603,2023,471286603,1,9,0,9,9,3,1,0,0,1,0,0,0,0,4,1,6,6,1,50,8,1598,2,8,AUDI A3,10,E01028736,0,-1
2023991433671,2023,991433671,2,9,0,3,3,8,4,0,0,1,0,0,0,0,2,1,5,6,1,34,6,1968,2,14,AUDI A3,-1,-1,0,-1
2023302300964,2023,302300964,2,9,0,18,19,4,6,0,0,1,0,0,0,0,1,1,6,6,1,31,6,1395,8,2,AUDI A3,7,E01019521,0,-1
2023361335618,2023,361335618,1,9,0,4,4,2,6,0,0,7,0,0,0,0,1,1,5,6,2,52,8,1498,1,5,AUDI A3,10,E01026813,0,-1
2023131348948,2023,131348948,2,9,0,2,2,3,7,0,0,0,0,0,0,0,3,1,6,6,3,-1,-1,1598,2,6,AUDI A3,-1,-1,0,-1
2023340NN1542,2023,340NN1542,1,9,0,18,19,5,1,0,0,3,0,0,0,0,4,1,6,6,1,24,5,1798,1,11,AUDI A3,-1,-1,0,-1
2023010488185,2023,010488185,2,9,0,99,99,9,9,99,99,0,9,99,9,99,9,9,6,6,3,-1,-1,1395,1,9,AUDI A3,6,E01004626,0,-1
2023131262659,2023,131262659,1,9,0,9,9,8,4,0,0,8,0,0,0,0,-1,1,5,6,1,18,4,1395,1,9,AUDI A3,4,E01010675,0,-1
2023451302347,2023,451302347,1,9,0,17,19,1,5,0,0,1,5,0,1,0,1,1,5,6,1,19,4,1968,1,17,AUDI A3,5,E01030971,0,-1
2023411287710,2023,411287710,1,9,0,18,19,-1,-1,0,0,8,0,0,0,0,1,1,6,6,3,-1,-1,1598,2,9,AUDI A3,-1,-1,0,-1
2023302300151,2023,302300151,2,9,0,4,4,6,8,0,0,3,0,0,0,0,2,1,2,2,2,28,6,1968,2,7,AUDI A3,8,E01013546,0,-1
2023201454508,2023,201454508,2,9,0,12,12,3,8,8,6,7,0,0,0,0,2,1,5,6,2,36,7,1498,1,5,AUDI A3,2,E01010419,0,-1
2023622300933,2023,622300933,1,9,0,18,19,6,2,0,0,0,0,4,0,0,1,1,6,6,2,39,7,1595,1,15,AUDI A3,2,W01000799,0,-1
2023340NN1282,2023,340NN1282,2,9,0,18,19,1,5,0,0,0,0,0,1,0,1,1,6,6,1,53,8,1598,2,7,AUDI A3,-1,-1,0,-1
2023471356009,2023,471356009,1,9,0,9,9,1,7,0,0,5,0,0,0,0,3,1,6,6,2,-1,-1,1395,1,8,AUDI A3,9,E01016940,0,-1
2023461261770,2023,461261770,1,9,-1,-1,-1,-1,-1,-1,-1,0,-1,-1,-1,0,-1,1,6,6,2,31,6,1595,2,13,AUDI A3,6,E01024096,0,-1
2023351278464,2023,351278464,2,9,0,3,3,2,6,0,0,2,0,0,0,0,2,1,5,6,2,36,7,1968,2,15,AUDI A3,3,E01015665,0,-1
2023461382309,2023,461382309,2,9,0,18,19,6,2,0,0,0,0,0,0,0,2,1,5,6,1,22,5,999,1,5,AUDI A3,7,E01001986,0,-1
2023361368287,2023,361368287,1,9,0,5,5,1,4,0,0,6,0,0,0,0,1,1,5,6,2,80,11,1395,1,7,AUDI A3,10,E01018198,0,-1
2023340NN4092,2023,340NN4092,3,9,0,3,3,3,7,0,0,1,0,0,0,0,1,1,6,6,1,18,4,999,1,1,AUDI A3,7,E01032967,0,-1
2023221311386,2023,221311386,3,9,0,2,2,0,0,0,0,0,0,0,1,0,3,1,6,6,3,32,6,1968,2,9,AUDI A3,-1,-1,0,-1
2023531292982,2023,531292982,1,9,0,5,5,2,4,0,0,4,0,0,0,0,3,1,5,6,1,42,7,1968,2,11,AUDI A3,8,E01032709,0,-1
2023201410671,2023,201410671,1,9,0,5,5,1,4,0,0,5,0,0,0,0,3,1,6,6,2,80,11,1498,1,3,AUDI A3,9,E01009430,0,-1
2023501332116,2023,501332116,1,9,0,1,1,5,1,8,6,1,0,0,0,0,2,1,6,6,1,36,7,1968,2,6,AUDI A3,6,E01019945,0,-1
2023111286016,2023,111286016,1,9,0,9,9,1,3,0,0,8,0,0,0,0,4,1,6,6,1,19,4,1968,2,10,AUDI A3,-1,-1,0,-1
2023471338792,2023,471338792,1,9,0,18,19,7,3,9,9,1,0,0,0,0,1,1,6,6,3,-1,-1,1968,2,8,AUDI A3,-1,-1,0,-1
2023201362102,2023,201362102,1,9,0,18,19,1,5,0,0,0,0,7,4,4,1,1,6,6,2,35,6,1968,2,9,AUDI A3,1,E01009475,0,-1
2023430233465,2023,430233465,1,9,0,7,7,7,2,0,0,1,0,0,0,0,4,1,6,6,2,24,5,1395,1,10,AUDI A3,5,E01016518,0,-1
2023231404869,2023,231404869,1,9,0,6,6,5,1,0,0,0,0,0,1,4,2,1,6,6,1,21,5,1984,1,18,AUDI A3,4,E01031052,0,-1
2023351326208,2023,351326208,1,9,0,18,19,7,3,0,0,0,2,0,1,0,4,1,6,6,2,53,8,1197,1,13,AUDI A3,5,E01018033,0,-1
2023411287040,2023,411287040,1,9,0,5,5,7,3,0,0,6,0,0,0,0,3,1,6,6,2,23,5,1968,2,10,AUDI A3,6,E01023341,0,-1
2023010421384,2023,010421384,2,9,0,99,99,9,9,99,99,9,9,99,9,99,1,9,6,6,3,-1,-1,1395,1,9,AUDI A3,-1,-1,0,-1
2023461344134,2023,461344134,1,9,0,7,7,1,7,0,0,1,0,0,0,0,1,1,6,6,2,23,5,1598,2,8,AUDI A3,4,E01024195,0,-1
2023010482741,2023,010482741,1,9,0,99,99,9,9,99,99,9,9,99,9,99,9,9,6,6,2,47,8,1595,1,18,AUDI A3,3,E01003592,0,-1
2023131356372,2023,131356372,1,9,0,18,19,7,3,0,0,0,2,0,0,0,1,1,6,6,1,22,5,1968,2,8,AUDI A3,9,E01025901,0,-1
2023320582189,2023,320582189,2,9,0,2,2,0,0,0,0,0,0,0,0,0,2,1,6,6,1,23,5,1968,2,7,AUDI A3,-1,-1,0,-1
2023201292083,2023,201292083,1,9,0,18,19,-1,-1,0,0,0,0,0,0,0,1,1,6,6,1,-1,-1,1968,2,9,AUDI A3,-1,-1,0,-1
2023201303428,2023,201303428,1,9,0,7,7,8,2,0,0,6,0,0,0,0,1,1,6,6,1,-1,-1,1395,1,10,AUDI A3,-1,-1,0,-1
2023320378621,2023,320378621,1,9,0,18,19,2,6,0,0,0,0,0,0,0,3,1,3,7,2,36,7,1968,2,17,AUDI A3,7,E01026326,0,-1
2023061382933,2023,061382933,1,9,0,18,19,7,3,0,0,0,0,0,0,0,1,1,2,2,1,64,9,1968,2,9,AUDI A3,5,E01006208,0,-1
2023010482062,2023,010482062,2,9,0,99,99,9,9,99,99,9,9,99,9,99,9,1,6,6,1,28,6,1395,1,9,AUDI A3,-1,-1,0,-1
2023311294474,2023,311294474,2,9,0,5,5,5,1,0,0,0,0,0,0,0,2,1,6,6,1,34,6,1968,2,9,AUDI A3,6,E01013978,0,-1
2023471263775,2023,471263775,1,9,0,18,19,3,7,0,0,0,0,0,0,0,3,1,6,6,1,35,6,1968,2,17,AUDI A3,10,E01021228,0,-1
2023351344826,2023,351344826,1,9,0,9,9,1,7,0,0,1,0,0,7,9,1,1,2,2,2,24,5,1896,2,15,AUDI A3,2,E01015608,0,-1
2023131302127,2023,131302127,1,9,0,9,9,2,1,0,0,1,0,0,0,0,1,1,5,6,2,23,5,1968,2,6,AUDI A3,5,E01010708,0,-1
2023522400088,2023,522400088,2,9,0,18,19,8,4,0,0,1,0,0,0,0,1,1,6,6,1,-1,-1,1498,1,6,AUDI A3,-1,-1,0,-1
2023320322566,2023,320322566,1,9,0,2,2,1,5,0,0,0,0,0,0,0,1,1,6,6,1,40,7,1595,1,15,AUDI A3,-1,-1,0,-1
2023010486241,2023,010486241,1,9,0,99,99,9,9,99,99,9,9,99,9,99,2,9,6,6,1,29,6,1498,1,4,AUDI A3,8,E01001392,0,-1
2023361332378,2023,361332378,3,9,0,3,3,1,5,0,0,0,0,0,0,0,1,1,6,6,2,31,6,1968,2,3,AUDI A3,7,E01026672,0,-1
2023101279441,2023,101279441,1,9,0,7,7,1,7,0,0,2,0,0,0,0,1,1,5,6,2,58,9,1598,2,8,AUDI A3,2,E01027543,0,-1
2023010483287,2023,010483287,2,9,0,4,4,3,7,0,0,1,0,0,0,0,4,1,6,6,1,38,7,1595,1,11,AUDI A3,10,E01030374,0,-1
2023041350133,2023,041350133,2,9,0,18,19,3,7,1,1,1,0,0,0,0,3,1,6,6,1,24,5,1896,2,14,AUDI A3,1,E01025217,0,-1
2023041315620,2023,041315620,2,9,0,3,3,1,5,0,0,3,0,0,0,0,2,1,5,6,1,61,9,1896,2,14,AUDI A3,5,E01025288,0,-1
2023041280664,2023,041280664,2,9,0,18,19,7,3,0,0,1,0,0,0,0,2,2,2,2,1,36,7,1968,2,15,AUDI A3,1,E01025171,0,-1
2023010467369,2023,010467369,2,9,0,99,99,9,9,99,99,9,9,99,9,99,9,9,6,6,2,-1,-1,1395,1,8,AUDI A3,-1,-1,0,-1
2023361309194,2023,361309194,1,9,0,4,4,6,2,0,0,0,1,0,0,0,1,1,5,6,1,36,7,1798,1,14,AUDI A3,1,E01026635,0,-1
2023461349185,2023,461349185,1,9,0,5,5,6,5,0,0,0,0,0,0,0,1,1,2,2,1,49,8,1896,2,14,AUDI A3,4,E01024217,0,-1
2023421272121,2023,421272121,3,9,0,3,3,2,5,0,0,0,0,0,0,0,0,1,6,6,1,34,6,1968,2,10,AUDI A3,4,E01015853,0,-1
2023010480369,2023,010480369,1,9,0,18,19,5,1,0,0,1,0,0,0,0,2,1,6,6,1,18,4,1498,1,5,AUDI A3,1,E01001714,0,-1
2023552301238,2023,552301238,1,9,0,18,19,7,3,0,0,0,0,0,0,0,1,1,6,6,1,46,8,1968,2,10,AUDI A3,7,E01015272,0,-1
2023141310571,2023,141310571,1,9,0,18,19,1,5,0,0,0,0,0,0,0,1,1,3,7,2,36,7,1968,2,11,AUDI A3,3,E01007429,0,-1
2023201372881,2023,201372881,1,9,0,16,19,1,4,0,0,0,1,4,0,0,1,1,5,6,1,19,4,1896,2,14,AUDI A3,2,E01010474,0,-1
2023010485798,2023,010485798,5,9,0,2,2,0,0,0,0,0,0,0,0,0,1,1,6,6,3,-1,-1,1498,1,0,AUDI A3,-1,-1,0,-1
2023211333341,2023,211333341,2,9,-1,-1,-1,-1,-1,-1,-1,-1,-1,-1,-1,0,-1,1,6,6,2,42,7,1968,2,11,AUDI A3,7,E01029743,0,-1
2023302300280,2023,302300280,2,9,0,2,2,0,0,0,0,2,0,0,0,0,2,1,6,6,3,-1,-1,1968,2,16,AUDI A3,-1,-1,0,-1
2023440287208,2023,440287208,1,9,0,18,19,3,7,0,0,2,1,0,0,0,1,1,6,6,1,21,5,1598,2,10,AUDI A3,3,E01023120,0,-1
2023211299726,2023,211299726,1,9,0,11,11,8,4,0,0,0,2,0,0,0,1,1,5,6,1,26,6,1395,8,2,AUDI A3,2,E01005886,0,-1
2023101371872,2023,101371872,1,9,0,18,19,1,5,0,0,0,1,0,0,0,1,1,5,6,1,24,5,1498,1,5,AUDI A3,1,E01008836,0,-1
2023552300755,2023,552300755,1,9,0,9,9,4,2,0,0,6,1,7,0,0,1,1,6,6,1,72,10,1598,2,7,AUDI A3,8,E01020520,0,-1
2023421360614,2023,421360614,1,9,0,18,19,3,8,0,0,8,0,0,0,0,1,1,5,6,1,19,4,1896,2,21,AUDI A3,9,E01023115,0,-1
2023201285007,2023,201285007,1,9,0,17,19,6,3,0,0,1,0,0,0,0,4,1,6,6,2,-1,-1,999,1,1,AUDI A3,-1,-1,0,-1
2023411269712,2023,411269712,1,9,0,7,7,-1,-1,0,0,5,0,0,0,0,4,1,6,6,2,29,6,1498,1,4,AUDI A3,5,E01018135,0,-1
2023211306951,2023,211306951,1,9,0,12,12,3,7,0,0,0,0,0,0,0,1,1,6,6,2,31,6,1968,2,13,AUDI A3,-1,-1,0,-1
2023131390360,2023,131390360,1,9,0,18,19,2,6,0,0,1,0,0,0,0,1,1,5,6,2,21,5,1598,2,9,AUDI A3,1,E01010737,0,-1
2023471347701,2023,471347701,4,9,0,9,9,6,3,0,0,2,0,0,0,0,0,1,5,6,2,59,9,1395,8,3,AUDI A3,10,E01031744,0,-1
2023461362346,2023,461362346,2,9,0,18,19,5,1,0,0,0,0,0,0,0,4,1,6,6,1,58,9,1968,2,15,AUDI A3,2,E01024585,0,-1
2023122300521,2023,122300521,1,9,0,3,3,3,7,0,0,0,0,0,0,0,1,1,6,6,2,28,6,1968,2,13,AUDI A3,3,E01027865,0,-1
2023131292947,2023,131292947,1,9,0,18,19,3,7,0,0,1,0,0,0,0,4,1,5,6,1,19,4,1968,2,11,AUDI A3,1,E01010809,0,-1
2023201342152,2023,201342152,1,9,0,18,19,4,8,0,0,0,1,4,0,0,1,1,6,6,1,32,6,1968,2,11,AUDI A3,4,E01009518,0,-1
2023201382455,2023,201382455,3,9,0,13,13,2,6,0,0,1,0,0,0,0,4,1,6,6,1,25,5,1968,2,7,AUDI A3,2,E01010056,0,-1
2023201339352,2023,201339352,2,9,0,18,19,6,2,0,0,0,0,0,0,0,3,1,6,6,2,25,5,1968,2,16,AUDI A3,1,E01032531,0,-1
2023461351520,2023,461351520,2,9,0,18,19,5,1,0,0,0,0,0,0,0,2,1,3,7,1,48,8,1968,2,19,AUDI A3,6,E01032814,0,-1
2023221280909,2023,221280909,1,9,0,18,19,7,3,0,0,8,0,0,0,0,1,1,5,6,1,19,4,1896,2,14,AUDI A3,2,E01014105,0,-1
2023211368176,2023,211368176,1,9,0,4,4,7,3,0,0,0,0,0,0,0,4,1,5,6,1,49,8,1598,2,8,AUDI A3,2,E01010567,0,-1
2023221291605,2023,221291605,2,9,0,6,6,1,1,0,0,6,0,0,0,0,1,1,5,6,1,35,6,1395,8,1,AUDI A3,6,E01032266,0,-1
2023061313308,2023,061313308,3,9,-1,-1,-1,-1,-1,-1,-1,0,-1,-1,-1,0,-1,1,6,6,2,25,5,999,1,5,AUDI A3,-1,-1,0,-1
2023131290539,2023,131290539,2,9,0,2,2,5,1,0,0,0,0,0,0,0,2,1,6,6,1,33,6,1968,2,6,AUDI A3,3,E01010805,0,-1
202360A169165,2023,60A169165,1,9,0,18,19,6,2,0,0,5,0,0,0,0,1,1,6,6,1,29,6,1598,2,11,AUDI A3,-1,-1,0,-1
2023141373394,2023,141373394,2,9,0,5,5,1,5,0,0,1,0,0,0,0,3,1,5,6,1,20,4,1598,2,12,AUDI A3,2,E01007638,0,-1
2023052300114,2023,052300114,1,9,0,18,19,4,8,0,0,5,0,0,0,0,1,1,6,6,1,51,8,1968,2,12,AUDI A3,1,E01006695,0,-1
2023111260910,2023,111260910,1,9,0,18,19,7,3,0,0,0,0,0,0,0,1,1,6,6,3,30,6,1968,2,13,AUDI A3,-1,-1,0,-1
2023201317553,2023,201317553,1,9,0,18,19,2,6,0,0,0,0,4,0,0,4,1,6,6,2,22,5,1968,2,16,AUDI A3,1,E01009513,0,-1
2023421383906,2023,421383906,4,9,0,18,19,1,5,0,0,0,0,0,0,0,1,1,1,1,1,36,7,1498,1,0,AUDI A3,8,E01004072,0,-1
2023201453252,2023,201453252,1,9,0,18,19,3,7,0,0,8,0,10,3,4,1,1,6,6,1,22,5,1498,1,3,AUDI A3,1,E01009494,0,-1
2023430540596,2023,430540596,1,9,0,18,19,1,5,0,0,1,0,0,0,0,1,1,6,6,1,34,6,1595,2,13,AUDI A3,6,E01028757,0,-1
2023221362454,2023,221362454,1,9,0,17,19,2,7,0,0,8,5,0,8,11,1,1,6,6,1,22,5,1968,2,11,AUDI A3,5,E01014096,0,-1
2023421284247,2023,421284247,1,9,0,7,7,7,1,0,0,5,1,0,0,0,1,1,6,6,3,-1,-1,1984,1,16,AUDI A3,-1,-1,0,-1
2023131311936,2023,131311936,1,9,0,18,19,5,1,0,0,0,0,0,0,0,3,1,6,6,2,30,6,1598,2,7,AUDI A3,8,E01010997,0,-1
2023401395780,2023,401395780,1,9,0,5,5,3,7,0,0,0,0,0,0,0,1,1,6,6,2,25,5,999,1,4,AUDI A3,3,E01015730,0,-1
2023340WN2422,2023,340WN2422,1,9,0,7,7,4,6,0,0,6,0,0,0,0,1,1,6,6,2,62,9,1498,1,2,AUDI A3,8,E01026993,0,-1
2023311284723,2023,311284723,1,9,0,5,5,1,2,0,0,1,0,0,3,0,1,1,1,1,1,21,5,1598,2,6,AUDI A3,-1,-1,0,-1
202360A155294,2023,60A155294,2,9,0,9,9,8,6,0,0,5,0,0,0,0,1,1,2,2,2,28,6,1968,2,12,AUDI A3,-1,-1,0,-1
2023010419411,2023,010419411,1,9,0,99,99,9,9,99,99,9,9,99,9,99,1,9,6,6,2,39,7,1390,1,12,AUDI A3,-1,-1,0,-1
2023311386093,2023,311386093,3,9,0,2,2,0,0,0,0,2,0,0,0,0,2,1,6,6,3,-1,-1,1968,2,15,AUDI A3,-1,-1,0,-1
2023141282832,2023,141282832,1,9,0,18,19,6,2,0,0,2,0,0,0,0,0,1,6,6,1,34,6,1598,2,8,AUDI A3,-1,-1,0,-1