collision_index,collision_year,collision_ref_no,vehicle_reference,vehicle_type,towing_and_articulation,vehicle_manoeuvre_historic,vehicle_manoeuvre,vehicle_direction_from,vehicle_direction_to,vehicle_location_restricted_lane_historic,vehicle_location_restricted_lane,junction_location,skidding_and_overturning,hit_object_in_carriageway,vehicle_leaving_carriageway,hit_object_off_carriageway,first_point_of_impact,vehicle_left_hand_drive,journey_purpose_of_driver_historic,journey_purpose_of_driver,sex_of_driver,age_of_driver,age_band_of_driver,engine_capacity_cc,propulsion_code,age_of_vehicle,generic_make_model,driver_imd_decile,lsoa_of_driver,escooter_flag,driver_distance_banding
2023501400960,2023,501400960,1,9,0,9,9,1,7,0,0,8,0,0,0,0,1,1,6,6,1,34,6,1798,1,15,AUDI A3,3,E01014926,0,-1
2023010458386,2023,010458386,4,9,0,4,4,7,3,0,0,0,0,0,0,0,2,1,6,6,1,45,7,1984,1,16,AUDI A3,4,E01001686,0,-1
2023041364021,2023,041364021,1,9,0,18,19,1,5,0,0,0,0,0,0,0,3,1,1,1,2,30,6,1896,2,14,AUDI A3,9,E01025569,0,-1
2023522301642,2023,522301642,1,9,0,17,19,8,5,0,0,0,1,4,0,0,1,1,6,6,1,19,4,1498,1,2,AUDI A3,10,E01014434,0,-1
2023010446089,2023,010446089,2,9,0,18,19,2,6,0,0,0,0,0,0,0,1,1,6,6,1,31,6,1598,2,8,AUDI A3,2,E01004239,0,-1
2023461262967,2023,461262967,2,9,0,18,19,1,5,0,0,0,0,0,0,0,2,1,6,6,1,62,9,1390,1,14,AUDI A3,8,E01000690,0,-1
2023461326280,2023,461326280,1,9,0,18,19,7,3,0,0,8,5,0,0,0,1,1,6,6,2,20,4,999,1,3,AUDI A3,4,E01016128,0,-1
2023520300988,2023,520300988,2,9,0,18,19,7,3,0,0,8,0,0,0,0,1,1,6,6,2,36,7,1968,2,13,AUDI A3,2,E01029107,0,-1
2023131301246,2023,131301246,2,9,0,18,19,1,5,0,0,8,0,0,0,0,1,1,6,6,1,24,5,1598,2,10,AUDI A3,4,E01011839,0,-1
2023440105315,2023,440105315,2,9,0,3,3,6,2,0,0,8,0,0,0,0,2,1,6,6,2,70,10,1798,1,15,AUDI A3,6,E01017261,0,-1
2023302301920,2023,302301920,2,9,0,18,19,8,4,0,0,1,0,0,0,0,4,1,6,6,1,25,5,1197,1,9,AUDI A3,7,E01019628,0,-1
2023201377165,2023,201377165,1,9,0,18,19,8,4,0,0,2,0,0,0,0,1,1,6,6,1,39,7,1968,2,15,AUDI A3,2,E01011262,0,-1
2023010446913,2023,010446913,3,9,0,18,19,1,5,0,0,1,0,0,0,0,1,1,6,6,1,21,5,1984,1,12,AUDI A3,4,E01003695,0,-1
2023201333470,2023,201333470,1,9,0,14,14,8,4,0,0,1,0,0,0,0,4,1,6,6,1,-1,-1,1595,1,15,AUDI A3,-1,-1,0,-1
2023070332009,2023,070332009,2,9,0,18,19,7,3,0,0,1,0,0,0,0,1,1,6,6,2,33,6,1498,1,2,AUDI A3,-1,-1,0,-1
2023231322748,2023,231322748,1,9,0,18,19,3,7,0,0,1,0,0,0,0,3,1,5,6,1,23,5,1498,1,6,AUDI A3,-1,-1,0,-1
2023231265946,2023,231265946,2,9,0,18,19,4,8,0,0,0,0,0,0,0,1,1,6,6,1,20,4,1984,1,17,AUDI A3,4,E01031096,0,-1
2023522300441,2023,522300441,2,9,0,1,1,1,5,0,0,0,0,0,0,0,2,1,6,6,1,-1,-1,1395,1,8,AUDI A3,-1,-1,0,-1
2023201373813,2023,201373813,2,9,0,18,19,4,8,0,0,8,0,0,0,0,3,1,6,6,1,22,5,1395,1,7,AUDI A3,5,E01009108,0,-1
202354A521023,2023,54A521023,1,9,0,5,5,7,3,0,0,4,0,0,0,0,1,1,6,6,2,27,6,1598,2,6,AUDI A3,9,E01015586,0,-1
2023201292063,2023,201292063,1,9,0,18,19,6,2,0,0,8,0,0,0,0,4,1,3,7,1,21,5,1598,2,8,AUDI A3,3,E01009086,0,-1
2023010431676,2023,010431676,2,9,0,99,99,9,9,99,99,0,9,99,9,99,1,9,6,6,3,-1,-1,1498,1,2,AUDI A3,-1,-1,0,-1
2023471376364,2023,471376364,2,9,0,18,19,1,5,0,0,1,0,0,0,0,1,1,5,6,1,58,9,1498,1,5,AUDI A3,6,E01031554,0,-1
2023501378621,2023,501378621,2,9,0,4,4,3,1,0,0,0,0,0,0,0,2,1,6,6,1,39,7,1968,2,18,AUDI A3,2,E01033292,0,-1
2023421329811,2023,421329811,1,9,0,4,4,7,3,0,0,0,0,0,0,0,1,1,5,6,1,31,6,1968,2,18,AUDI A3,3,E01033722,0,-1
2023010442418,2023,010442418,2,9,0,99,99,9,9,99,99,9,9,99,9,99,9,9,6,6,3,-1,-1,1498,1,0,AUDI A3,-1,-1,0,-1
2023131344688,2023,131344688,1,9,0,18,19,1,5,0,0,8,0,0,0,0,1,1,6,6,1,99,11,1968,2,9,AUDI A3,-1,-1,0,-1
2023991380637,2023,991380637,1,9,0,18,19,7,3,0,0,0,0,0,0,0,1,1,6,6,1,28,6,1968,2,12,AUDI A3,2,-1,0,-1
2023991304757,2023,991304757,1,9,0,18,19,4,8,0,0,2,0,0,0,0,1,1,2,2,2,22,5,1197,1,8,AUDI A3,3,-1,0,-1
2023320311319,2023,320311319,2,9,0,18,19,8,4,0,0,8,0,0,0,0,1,1,2,2,1,56,9,1968,2,17,AUDI A3,1,E01026083,0,-1
2023991308578,2023,991308578,1,9,0,15,15,3,7,0,0,0,0,0,0,0,1,1,5,6,1,43,7,1968,2,9,AUDI A3,3,-1,0,-1
2023010466042,2023,010466042,1,9,0,4,4,1,5,0,0,1,0,0,0,0,1,1,6,6,2,32,6,1968,2,10,AUDI A3,3,E01011240,0,-1
2023371356127,2023,371356127,2,9,0,18,19,6,3,0,0,8,0,0,0,0,1,1,2,2,1,29,6,1968,2,10,AUDI A3,10,E01030129,0,-1
2023622300632,2023,622300632,2,9,0,4,4,6,2,0,0,1,0,0,0,0,2,1,6,6,1,30,6,1395,1,10,AUDI A3,3,W01001021,0,-1
2023010448004,2023,010448004,3,9,0,18,19,3,7,0,0,8,0,0,0,0,1,1,6,6,1,35,6,1395,8,8,AUDI A3,8,E01003428,0,-1
2023440413360,2023,440413360,1,9,0,7,7,7,1,0,0,6,0,0,0,0,1,1,6,6,1,45,7,1498,1,5,AUDI A3,4,E01017171,0,-1
2023622300832,2023,622300832,1,9,0,17,19,8,4,0,0,0,0,0,0,0,1,1,2,2,1,22,5,1968,2,9,AUDI A3,10,W01000770,0,-1
2023440388882,2023,440388882,2,9,0,18,19,6,2,0,0,1,0,0,0,0,1,1,6,6,2,28,6,1968,2,14,AUDI A3,7,E01032618,0,-1
2023052300036,2023,052300036,2,9,0,2,2,0,0,0,0,0,0,0,0,0,0,1,6,6,2,19,4,1598,2,9,AUDI A3,4,E01006846,0,-1
2023351354708,2023,351354708,1,9,0,18,19,8,4,0,0,1,0,0,1,0,1,1,6,6,2,26,6,1896,2,17,AUDI A3,1,E01015602,0,-1
2023071304794,2023,071304794,1,9,0,13,13,3,7,0,0,2,0,0,0,0,4,1,1,1,1,43,7,1598,2,7,AUDI A3,7,W01000331,0,-1
2023531345803,2023,531345803,2,9,0,16,19,4,8,0,0,0,0,0,0,0,1,1,5,6,2,29,6,1968,2,11,AUDI A3,7,E01022416,0,-1
2023401396251,2023,401396251,2,9,0,18,19,7,3,0,0,1,0,0,0,0,1,1,5,6,2,64,9,999,1,5,AUDI A3,2,E01027314,0,-1
2023522400816,2023,522400816,1,9,0,18,19,6,2,0,0,2,0,0,0,0,3,1,6,6,1,40,7,1498,1,2,AUDI A3,3,E01014673,0,-1
2023471307498,2023,471307498,2,9,0,2,2,0,0,0,0,0,0,0,0,0,1,1,6,6,3,-1,-1,1395,1,8,AUDI A3,-1,-1,0,-1
2023031347956,2023,031347956,1,9,0,9,9,6,3,0,0,8,0,0,0,0,1,1,5,6,1,29,6,999,1,0,AUDI A3,-1,-1,0,-1
2023231259351,2023,231259351,5,9,0,18,19,4,8,0,0,0,0,11,0,0,1,1,6,6,1,29,6,1598,2,12,AUDI A3,3,E01009795,0,-1
2023010474900,2023,010474900,2,9,0,99,99,9,9,99,99,9,9,99,9,99,1,9,6,6,1,-1,-1,1395,8,2,AUDI A3,-1,-1,0,-1
2023131294410,2023,131294410,2,9,0,12,12,1,5,0,0,0,0,0,0,0,2,1,6,6,2,36,7,1968,2,12,AUDI A3,3,E01011125,0,-1
2023991323621,2023,991323621,1,9,0,12,12,2,6,0,0,0,1,0,0,0,3,1,6,6,2,62,9,1197,1,13,AUDI A3,2,-1,0,-1
2023421309593,2023,421309593,2,9,0,2,2,7,3,9,9,0,0,0,0,0,1,1,6,6,3,-1,-1,1197,1,8,AUDI A3,-1,-1,0,-1
2023061312736,2023,061312736,1,9,-1,-1,-1,-1,-1,-1,-1,-1,-1,-1,-1,0,-1,1,6,6,3,-1,-1,1896,2,14,AUDI A3,-1,-1,0,-1
2023070678759,2023,070678759,1,9,0,18,19,7,3,0,0,0,0,0,0,0,1,1,6,6,1,69,10,1498,1,3,AUDI A3,10,E01018590,0,-1
2023131362268,2023,131362268,1,9,0,9,9,1,5,0,0,0,0,0,0,0,3,1,6,6,1,28,6,1598,2,11,AUDI A3,1,E01011725,0,-1
2023531267916,2023,531267916,1,9,0,18,19,2,6,0,0,0,0,0,0,0,1,1,5,6,2,24,5,1896,2,14,AUDI A3,8,E01022402,0,-1
2023201413525,2023,201413525,2,9,0,18,19,5,1,0,0,8,0,0,0,0,1,1,1,1,1,33,6,1968,2,13,AUDI A3,2,E01010106,0,-1
2023371330301,2023,371330301,1,9,0,17,19,4,3,0,0,0,0,6,1,1,1,1,2,2,2,26,6,1968,2,11,AUDI A3,8,E01033445,0,-1
2023501261372,2023,501261372,1,9,0,14,14,5,1,0,0,1,0,0,0,0,1,1,6,6,1,-1,-1,1968,2,13,AUDI A3,-1,-1,0,-1
2023131293347,2023,131293347,1,9,0,18,19,1,5,0,0,8,0,0,0,0,1,1,2,2,1,50,8,1968,2,11,AUDI A3,3,E01011612,0,-1
2023010471447,2023,010471447,1,9,0,99,99,9,9,99,99,9,9,99,9,99,9,9,6,6,2,60,9,1395,1,6,AUDI A3,9,E01003847,0,-1
2023231365837,2023,231365837,1,9,0,18,19,8,4,0,0,0,0,0,0,0,1,1,3,7,1,24,5,1395,1,10,AUDI A3,6,E01009217,0,-1
2023131366194,2023,131366194,1,9,0,7,7,7,6,7,6,6,0,0,0,0,1,1,6,6,2,46,8,1197,1,10,AUDI A3,8,E01011210,0,-1
2023231351561,2023,231351561,2,9,0,9,9,7,5,0,0,4,0,0,0,0,2,1,2,2,2,23,5,1390,1,11,AUDI A3,8,E01031011,0,-1
2023201373377,2023,201373377,1,9,0,9,9,5,2,0,0,6,0,0,0,0,2,1,6,6,1,68,10,1498,1,0,AUDI A3,8,E01010565,0,-1
2023320008398,2023,320008398,2,9,0,18,19,6,2,0,0,3,0,0,0,0,1,1,2,2,2,41,7,1598,2,5,AUDI A3,6,E01028316,0,-1
2023010466420,2023,010466420,2,9,0,99,99,9,9,99,99,9,9,99,9,99,1,9,6,6,3,-1,-1,1598,2,7,AUDI A3,2,E01004253,0,-1
2023421371775,2023,421371775,1,9,0,1,1,7,3,0,0,1,0,0,0,0,2,1,6,6,1,28,6,1395,8,0,AUDI A3,3,E01016721,0,-1
2023010472917,2023,010472917,2,9,9,99,99,9,9,0,0,0,9,99,9,99,9,9,6,6,3,-1,-1,1984,1,18,AUDI A3,-1,-1,0,-1
2023351278886,2023,351278886,2,9,0,-1,-1,-1,-1,0,0,0,0,0,0,0,2,1,5,6,1,19,4,1896,2,16,AUDI A3,4,E01026259,0,-1
2023010428811,2023,010428811,1,9,0,9,9,3,1,0,0,6,0,0,0,0,1,1,6,6,1,67,10,1498,1,3,AUDI A3,2,E01002729,0,-1
2023170S21983,2023,170S21983,2,9,0,13,13,6,2,0,0,0,0,0,0,0,4,1,6,6,2,-1,-1,1968,2,5,AUDI A3,-1,-1,0,-1
2023131322609,2023,131322609,1,9,0,18,19,3,7,0,0,3,0,0,1,7,1,1,5,6,1,23,5,1598,2,10,AUDI A3,1,E01010802,0,-1
2023471391697,2023,471391697,2,9,0,3,3,3,7,0,0,4,0,0,0,0,2,1,2,2,1,28,6,1896,2,14,AUDI A3,9,E01030574,0,-1
2023061300454,2023,061300454,2,9,0,2,2,0,0,0,0,2,0,4,1,11,1,1,6,6,3,-1,-1,1598,2,8,AUDI A3,-1,-1,0,-1
2023451389046,2023,451389046,2,9,0,2,2,1,3,0,0,8,0,0,0,0,3,1,6,6,1,43,7,1395,1,7,AUDI A3,8,E01030549,0,-1
2023340WN2342,2023,340WN2342,1,9,0,18,19,5,1,0,0,4,0,9,3,4,1,1,6,6,2,30,6,1968,2,5,AUDI A3,6,E01027030,0,-1
2023101267801,2023,101267801,2,9,0,18,19,1,5,0,0,0,0,0,0,0,2,1,2,2,1,48,8,1598,2,4,AUDI A3,8,-1,0,-1
2023302301099,2023,302301099,2,9,0,18,19,6,2,0,0,1,0,0,0,0,2,1,2,2,1,25,5,1498,1,2,AUDI A3,9,E01025917,0,-1
2023991325927,2023,991325927,1,9,0,4,4,2,6,0,0,1,0,0,0,0,0,1,6,6,1,25,5,1984,1,5,AUDI A3,-1,-1,0,-1
2023231291561,2023,231291561,1,9,0,1,1,1,5,0,0,0,0,4,0,0,2,1,6,6,2,33,6,1984,1,17,AUDI A3,7,E01031089,0,-1
2023010444522,2023,010444522,2,9,0,2,2,0,0,0,0,0,0,0,0,0,1,1,6,6,3,-1,-1,1595,1,16,AUDI A3,-1,-1,0,-1
2023421319267,2023,421319267,1,9,0,18,19,3,7,0,0,2,0,0,0,0,1,1,6,6,2,21,5,1598,2,12,AUDI A3,3,E01033051,0,-1
2023010440057,2023,010440057,2,9,0,99,99,9,9,99,99,9,9,99,9,99,9,9,6,6,3,-1,-1,1595,1,12,AUDI A3,-1,-1,0,-1
2023461363669,2023,461363669,4,9,0,3,3,7,3,0,0,8,0,0,0,0,3,1,6,6,2,25,5,1598,2,4,AUDI A3,6,E01024357,0,-1
2023131359888,2023,131359888,2,9,0,4,4,5,1,0,0,0,0,0,0,0,2,1,5,6,1,60,9,1395,8,2,AUDI A3,10,E01010772,0,-1
2023401367346,2023,401367346,2,9,0,18,19,5,1,0,0,8,0,0,0,0,4,1,5,6,1,24,5,1968,2,9,AUDI A3,7,E01017577,0,-1
2023411372884,2023,411372884,2,9,0,18,19,-1,-1,0,0,0,0,0,0,0,2,1,5,6,1,23,5,1984,1,17,AUDI A3,10,E01023567,0,-1
2023461340114,2023,461340114,1,9,0,15,15,3,7,0,0,0,1,0,0,0,3,1,6,6,1,35,6,1896,2,15,AUDI A3,4,E01015948,0,-1
2023201285296,2023,201285296,1,9,0,13,13,1,5,0,0,1,0,0,0,0,3,1,6,6,3,30,6,1968,2,17,AUDI A3,-1,-1,0,-1
2023320470055,2023,320470055,1,9,0,18,19,4,1,0,0,0,1,0,7,4,4,1,1,1,1,53,8,1896,2,18,AUDI A3,6,E01026387,0,-1
2023542537323,2023,542537323,1,9,0,13,13,8,4,0,0,0,5,0,1,9,1,1,6,6,2,27,6,1598,2,11,AUDI A3,2,E01032023,0,-1
2023522300421,2023,522300421,1,9,0,3,3,4,8,0,0,1,0,0,0,0,2,1,6,6,2,30,6,1498,1,1,AUDI A3,2,E01014575,0,-1
2023302301135,2023,302301135,2,9,0,18,19,1,5,0,0,8,0,0,0,0,4,1,6,6,2,26,6,1798,1,12,AUDI A3,2,E01013585,0,-1
2023131285753,2023,131285753,1,9,0,9,9,1,8,0,0,0,0,0,0,0,1,1,5,6,1,21,5,1595,2,13,AUDI A3,7,E01011511,0,-1
2023211345599,2023,211345599,1,9,0,9,9,2,8,0,0,1,0,0,0,0,3,1,6,6,1,33,6,1598,2,10,AUDI A3,2,E01014248,0,-1
2023451288125,2023,451288125,2,9,0,9,9,1,5,0,0,6,0,0,0,0,3,1,6,6,2,43,7,1598,2,7,AUDI A3,7,E01031766,0,-1
2023302300271,2023,302300271,7,9,0,2,2,0,0,0,0,1,0,0,0,0,1,1,6,6,3,-1,-1,1498,1,0,AUDI A3,-1,-1,0,-1
2023991318778,2023,991318778,2,9,0,18,19,5,2,0,0,8,0,0,0,0,1,1,6,6,1,18,4,1197,1,13,AUDI A3,9,-1,0,-1
2023010435435,2023,010435435,1,9,0,99,99,9,9,99,99,0,9,99,9,99,1,9,6,6,1,30,6,1498,1,6,AUDI A3,2,E01000998,0,-1
2023041389165,2023,041389165,2,9,0,7,7,8,4,0,0,1,1,0,1,0,2,1,5,6,1,55,8,1498,1,3,AUDI A3,9,E01025319,0,-1
2023010432405,2023,010432405,1,9,0,18,19,3,7,0,0,2,0,0,0,0,3,1,6,6,1,19,4,999,1,1,AUDI A3,2,E01004409,0,-1
2023010431599,2023,010431599,2,9,0,9,9,3,1,0,0,1,0,0,0,0,3,1,6,6,1,-1,-1,1498,1,4,AUDI A3,-1,-1,0,-1
2023052301915,2023,052301915,1,9,0,9,9,1,7,0,0,1,0,0,0,0,4,1,6,6,2,39,7,1598,2,6,AUDI A3,4,E01028185,0,-1
2023071085157,2023,071085157,2,9,0,4,4,4,8,0,0,0,0,0,0,0,2,1,6,6,2,55,8,1598,2,11,AUDI A3,8,E01018455,0,-1
2023430469338,2023,430469338,1,9,0,18,19,5,1,0,0,0,0,0,0,0,1,1,6,6,2,35,6,1498,1,5,AUDI A3,10,E01016235,0,-1
2023010469410,2023,010469410,1,9,0,18,19,3,7,7,6,0,0,0,1,9,1,2,6,6,1,21,5,1968,2,8,AUDI A3,1,E01000661,0,-1
2023211340971,2023,211340971,1,9,0,18,19,8,4,0,0,4,0,0,0,0,1,1,6,6,3,-1,-1,1968,2,17,AUDI A3,-1,-1,0,-1
2023340NN4462,2023,340NN4462,1,9,0,18,19,5,1,0,0,0,0,0,0,0,1,1,6,6,1,34,6,1968,2,19,AUDI A3,7,E01032967,0,-1
2023101361625,2023,101361625,3,9,0,18,19,3,7,0,0,0,0,0,0,0,-1,1,6,6,1,22,5,999,1,0,AUDI A3,7,E01008850,0,-1
2023131281521,2023,131281521,2,9,0,9,9,7,5,0,0,6,0,0,0,0,4,1,6,6,1,19,4,999,1,1,AUDI A3,1,E01010610,0,-1
2023010466092,2023,010466092,2,9,0,6,6,1,1,0,0,1,0,0,0,0,3,1,6,6,1,35,6,1498,1,3,AUDI A3,2,E01001114,0,-1
2023411369290,2023,411369290,1,9,0,18,19,2,6,0,0,6,5,7,6,4,1,1,5,6,1,30,6,1498,1,2,AUDI A3,5,E01015762,0,-1
2023302301911,2023,302301911,1,9,0,18,19,2,6,0,0,1,0,0,0,0,1,1,6,6,2,41,7,1968,2,11,AUDI A3,4,E01013458,0,-1
2023461266414,2023,461266414,1,9,0,12,12,5,1,0,0,3,0,0,0,0,3,1,6,6,1,25,5,1968,2,16,AUDI A3,3,E01024083,0,-1
2023010421396,2023,010421396,1,9,9,99,99,9,9,99,99,1,9,99,9,99,9,9,6,6,1,19,4,1395,1,8,AUDI A3,6,E01016304,0,-1
2023361368468,2023,361368468,1,9,0,18,19,5,3,0,0,1,0,0,0,0,1,1,3,7,2,39,7,1968,2,18,AUDI A3,1,E01026595,0,-1
2023141304551,2023,141304551,1,9,0,17,19,3,7,0,0,0,2,0,1,2,1,1,6,6,1,22,5,1968,2,15,AUDI A3,1,E01016843,0,-1
2023471362757,2023,471362757,2,9,0,18,19,1,5,0,0,0,0,0,1,3,1,1,5,6,1,30,6,1968,2,16,AUDI A3,10,E01031680,0,-1
2023340NN0172,2023,340NN0172,2,9,0,2,2,0,0,0,0,0,0,0,0,0,2,1,1,1,1,38,7,1498,1,3,AUDI A3,1,E01027200,0,-1
2023311339366,2023,311339366,1,9,0,9,9,3,1,0,0,6,0,0,7,0,3,1,2,2,2,34,6,1598,2,10,AUDI A3,2,E01028231,0,-1
2023501329098,2023,501329098,1,9,0,5,5,1,5,0,0,6,0,0,0,0,2,1,6,6,1,47,8,1968,2,13,AUDI A3,6,W01001452,0,-1
2023361289736,2023,361289736,2,9,0,2,2,0,0,0,0,4,0,0,0,0,2,1,1,1,2,33,6,1395,1,10,AUDI A3,3,E01026696,0,-1
2023061369969,2023,061369969,3,9,0,5,5,4,8,0,0,4,0,0,0,0,3,1,6,6,1,62,9,1968,2,15,AUDI A3,1,E01005631,0,-1
2023010420825,2023,010420825,2,9,0,99,99,9,9,99,99,9,9,99,9,99,1,9,6,6,3,-1,-1,1598,2,12,AUDI A3,-1,-1,0,-1
2023131278458,2023,131278458,1,9,0,-1,-1,-1,-1,-1,-1,8,-1,-1,-1,0,-1,1,6,6,1,46,8,1595,1,15,AUDI A3,3,E01011449,0,-1
2023471353275,2023,471353275,2,9,0,16,19,2,5,0,0,0,0,0,0,0,1,1,5,6,2,43,7,1896,2,14,AUDI A3,2,E01021103,0,-1
2023991376087,2023,991376087,2,9,0,18,19,6,2,0,0,3,0,0,0,0,2,1,2,2,2,53,8,1395,1,9,AUDI A3,9,-1,0,-1
2023061280076,2023,061280076,2,9,0,-1,-1,-1,-1,-1,-1,-1,-1,-1,-1,0,4,1,6,6,2,34,6,1598,2,8,AUDI A3,9,E01005357,0,-1
2023010469922,2023,010469922,2,9,0,18,19,3,7,0,0,0,0,0,0,0,1,1,1,1,2,33,6,1197,1,8,AUDI A3,1,E01033456,0,-1
2023010486019,2023,010486019,1,9,0,99,99,9,9,99,99,9,9,99,9,99,9,9,6,6,1,24,5,1595,1,19,AUDI A3,6,E01003393,0,-1
2023010476361,2023,010476361,3,9,0,4,4,7,3,0,0,1,0,0,0,0,2,1,6,6,2,30,6,1498,1,2,AUDI A3,7,E01015969,0,-1
2023411305724,2023,411305724,2,9,0,18,19,1,4,0,0,4,0,0,0,0,1,1,5,6,1,72,10,1498,1,3,AUDI A3,9,E01023674,0,-1
2023131317409,2023,131317409,3,9,0,18,19,1,1,0,0,6,0,0,0,0,4,1,5,6,2,30,6,1968,2,10,AUDI A3,1,E01010653,0,-1
2023010426719,2023,010426719,3,9,0,2,2,0,0,0,0,0,0,0,0,0,2,1,6,6,3,-1,-1,1968,2,14,AUDI A3,-1,-1,0,-1
2023061278617,2023,061278617,1,9,0,18,19,8,3,0,0,8,0,0,0,0,1,1,6,6,1,-1,-1,1896,2,15,AUDI A3,-1,-1,0,-1
2023031359924,2023,031359924,1,9,0,17,19,5,1,0,0,8,1,0,7,0,1,1,5,6,2,21,5,1968,2,10,AUDI A3,3,E01019194,0,-1
2023201426386,2023,201426386,1,9,0,9,9,6,4,0,0,5,0,0,0,0,2,1,5,6,2,23,5,1598,2,7,AUDI A3,3,E01010092,0,-1
2023440171574,2023,440171574,2,9,0,18,19,6,2,0,0,1,0,0,0,0,1,1,6,6,2,53,8,1968,2,11,AUDI A3,9,E01030890,0,-1
2023061332298,2023,061332298,6,9,0,2,2,1,1,0,0,1,0,0,0,0,3,1,6,6,3,-1,-1,1598,2,4,AUDI A3,-1,-1,0,-1
2023361319501,2023,361319501,1,9,0,9,9,3,1,0,0,1,0,0,0,0,1,1,5,6,1,51,8,1968,2,20,AUDI A3,1,E01026798,0,-1
2023421351031,2023,421351031,1,9,0,7,7,1,5,0,0,0,0,0,0,0,2,1,6,6,1,23,5,1498,1,5,AUDI A3,8,E01021801,0,-1
2023543699323,2023,543699323,1,9,0,18,19,6,2,0,0,0,0,0,0,0,4,1,6,6,1,50,8,1968,2,11,AUDI A3,4,E01031925,0,-1
2023131294494,2023,131294494,1,9,0,18,19,1,5,0,0,0,0,0,0,0,1,1,6,6,3,18,4,1968,2,14,AUDI A3,1,E01011422,0,-1
2023131348640,2023,131348640,2,9,0,9,9,5,2,0,0,0,0,0,0,0,1,1,6,6,1,45,7,1968,2,13,AUDI A3,1,E01010610,0,-1
2023070765579,2023,070765579,2,9,0,3,3,3,7,0,0,0,0,0,0,0,2,1,2,2,1,43,7,1598,2,4,AUDI A3,1,E01006779,0,-1
2023461274149,2023,461274149,2,9,0,18,19,3,7,0,0,1,0,0,0,0,1,1,5,6,1,23,5,1595,1,16,AUDI A3,2,E01024294,0,-1
2023991405773,2023,991405773,1,9,0,18,19,3,7,0,0,1,0,0,0,0,1,1,6,6,1,37,7,1598,2,4,AUDI A3,2,-1,0,-1
2023101299854,2023,101299854,2,9,0,18,19,3,7,0,0,0,0,0,0,0,2,1,6,6,1,37,7,1968,2,8,AUDI A3,1,E01008391,0,-1
2023010420426,2023,010420426,1,9,0,99,99,9,9,99,99,9,9,99,9,99,9,9,6,6,1,77,11,1595,1,16,AUDI A3,10,E01000793,0,-1
2023201411351,2023,201411351,2,9,0,18,19,6,2,0,0,8,0,0,0,0,1,1,6,6,1,20,4,1598,2,6,AUDI A3,3,E01032236,0,-1
2023041346109,2023,041346109,1,9,0,18,19,1,5,0,0,0,0,0,0,0,3,1,5,6,1,22,5,1395,1,8,AUDI A3,5,E01024998,0,-1
2023201450857,2023,201450857,1,9,0,7,7,1,7,0,0,5,0,4,0,0,1,1,6,6,1,26,6,1395,1,10,AUDI A3,6,E01009206,0,-1
2023411298468,2023,411298468,1,9,0,16,19,4,8,0,0,0,0,0,1,0,1,1,5,6,1,28,6,1498,1,2,AUDI A3,1,E01000551,0,-1
2023520400441,2023,520400441,2,9,0,9,9,3,1,0,0,8,0,0,0,0,1,1,6,6,1,20,4,1968,2,13,AUDI A3,9,E01014823,0,-1
2023031375806,2023,031375806,5,9,0,18,19,2,6,0,0,1,0,0,0,0,3,1,6,6,1,63,9,1197,1,8,AUDI A3,9,E01019349,0,-1
2023332300729,2023,332300729,3,9,0,18,19,3,7,0,0,8,0,0,0,0,1,1,6,6,1,53,8,1595,1,22,AUDI A3,7,E01013666,0,-1
2023010463450,2023,010463450,1,9,0,18,19,3,7,0,0,0,0,4,0,0,1,1,6,6,1,29,6,1798,1,13,AUDI A3,7,E01004134,0,-1
2023141267531,2023,141267531,1,9,0,10,10,7,4,0,0,0,0,0,0,0,2,1,5,6,1,63,9,1498,1,2,AUDI A3,6,E01008129,0,-1
2023041287564,2023,041287564,5,9,0,18,19,7,3,0,0,0,0,0,0,0,3,1,5,6,2,37,7,1968,2,11,AUDI A3,-1,-1,0,-1
2023991288821,2023,991288821,2,9,0,18,19,6,2,0,0,0,0,0,0,0,1,1,5,6,1,49,8,1968,2,11,AUDI A3,5,-1,0,-1
2023211393410,2023,211393410,1,9,0,18,19,3,8,0,0,7,0,0,1,0,4,1,5,6,2,29,6,1598,2,10,AUDI A3,1,E01014254,0,-1
2023061328600,2023,061328600,2,9,-1,-1,-1,-1,-1,-1,-1,0,-1,-1,-1,0,-1,1,6,6,1,-1,-1,1598,2,11,AUDI A3,-1,-1,0,-1
2023311290225,2023,311290225,2,9,0,18,19,8,4,0,0,0,0,0,0,0,2,1,6,6,1,51,8,999,1,3,AUDI A3,7,E01028157,0,-1
2023430140603,2023,430140603,2,9,0,18,19,4,8,0,0,8,1,0,1,10,4,1,6,6,2,-1,-1,1598,2,8,AUDI A3,-1,-1,0,-1
2023131383111,2023,131383111,1,9,0,17,19,5,1,9,9,0,0,0,1,11,1,1,5,6,1,21,5,1968,2,15,AUDI A3,6,E01011480,0,-1
2023451329203,2023,451329203,1,9,0,18,19,1,5,0,0,1,0,0,0,0,4,1,5,6,2,27,6,1598,2,9,AUDI A3,10,E01030584,0,-1
2023501342141,2023,501342141,1,9,0,4,4,6,6,0,0,8,0,0,0,0,1,1,5,6,1,35,6,1968,2,14,AUDI A3,-1,-1,0,-1
2023461383705,2023,461383705,2,9,0,18,19,5,1,0,0,0,0,0,0,0,3,1,5,6,2,54,8,1968,2,11,AUDI A3,9,E01016073,0,-1