collision_index,collision_year,collision_ref_no,vehicle_reference,vehicle_type,towing_and_articulation,vehicle_manoeuvre_historic,vehicle_manoeuvre,vehicle_direction_from,vehicle_direction_to,vehicle_location_restricted_lane_historic,vehicle_location_restricted_lane,junction_location,skidding_and_overturning,hit_object_in_carriageway,vehicle_leaving_carriageway,hit_object_off_carriageway,first_point_of_impact,vehicle_left_hand_drive,journey_purpose_of_driver_historic,journey_purpose_of_driver,sex_of_driver,age_of_driver,age_band_of_driver,engine_capacity_cc,propulsion_code,age_of_vehicle,generic_make_model,driver_imd_decile,lsoa_of_driver,escooter_flag,driver_distance_banding
2023131302994,2023,131302994,1,9,0,18,19,7,3,0,0,0,0,0,0,0,1,1,6,6,3,-1,-1,1968,2,14,AUDI A3,-1,-1,0,-1
2023061392126,2023,061392126,1,9,0,18,19,2,5,0,0,1,1,0,7,0,1,1,6,6,1,19,4,999,1,3,AUDI A3,5,E01005543,0,-1
2023070007239,2023,070007239,1,9,0,5,5,7,5,9,9,0,0,0,0,0,1,1,6,6,2,76,11,1595,2,13,AUDI A3,9,E01018508,0,-1
2023542517323,2023,542517323,2,9,0,17,19,7,5,0,0,1,0,0,0,0,3,1,6,6,2,52,8,1395,8,9,AUDI A3,8,E01032001,0,-1
2023991294664,2023,991294664,1,9,0,13,13,3,7,0,0,1,5,10,7,1,1,1,2,2,1,24,5,1395,1,8,AUDI A3,2,-1,0,-1
2023311287349,2023,311287349,1,9,0,10,10,5,2,0,0,1,0,0,0,0,2,1,2,2,2,48,8,1968,2,12,AUDI A3,2,E01028227,0,-1
2023131299516,2023,131299516,1,9,0,16,19,2,8,0,0,0,0,0,0,0,1,1,6,6,3,-1,-1,1390,1,13,AUDI A3,-1,-1,0,-1
2023010446334,2023,010446334,1,9,0,18,19,1,5,0,0,8,0,0,0,0,1,1,6,6,1,43,7,1390,1,13,AUDI A3,4,E01001512,0,-1
2023010455361,2023,010455361,2,9,9,99,99,9,9,99,99,9,9,99,9,99,9,9,6,6,3,-1,-1,1498,1,4,AUDI A3,-1,-1,0,-1
2023302301447,2023,302301447,1,9,0,18,19,3,7,0,0,0,0,0,0,0,2,1,6,6,1,35,6,1968,2,11,AUDI A3,3,E01033392,0,-1
2023061371233,2023,061371233,1,9,-1,-1,-1,-1,-1,-1,-1,0,-1,-1,-1,0,-1,1,6,6,3,-1,-1,1595,2,13,AUDI A3,1,E01005568,0,-1
2023201393077,2023,201393077,1,9,0,9,9,6,4,0,0,5,1,10,0,0,1,1,6,6,1,23,5,1598,2,11,AUDI A3,5,E01009169,0,-1
2023010460658,2023,010460658,2,9,0,99,99,9,9,99,99,9,9,99,9,99,1,9,6,6,3,-1,-1,1968,2,0,AUDI A3,-1,-1,0,-1
2023010439379,2023,010439379,2,9,0,99,99,9,9,99,99,9,9,99,9,99,1,9,6,6,3,-1,-1,1390,1,12,AUDI A3,9,E01030636,0,-1
2023211275377,2023,211275377,2,9,0,18,19,3,7,0,0,1,0,0,0,0,1,1,2,2,1,41,7,1968,2,9,AUDI A3,6,E01014184,0,-1
2023401274613,2023,401274613,1,9,0,18,19,-1,-1,0,0,0,0,0,0,0,2,1,5,6,1,22,5,1968,2,11,AUDI A3,2,E01015702,0,-1
2023440391896,2023,440391896,2,9,0,2,2,0,0,0,0,0,0,0,0,0,3,1,6,6,3,-1,-1,1896,2,16,AUDI A3,-1,-1,0,-1
2023070504367,2023,070504367,1,9,0,9,9,1,5,0,0,8,0,0,0,0,3,1,6,6,2,51,8,1968,2,8,AUDI A3,6,E01018352,0,-1
2023501346098,2023,501346098,1,9,0,16,19,2,7,0,0,0,0,0,7,4,1,1,6,6,1,18,4,1598,2,12,AUDI A3,4,E01020291,0,-1
2023201278339,2023,201278339,2,9,0,18,19,3,7,0,0,1,0,0,0,0,4,1,6,6,3,36,7,1598,2,11,AUDI A3,3,E01009831,0,-1
2023451364705,2023,451364705,1,9,0,18,19,1,5,0,0,0,0,0,0,0,1,1,2,2,1,27,6,1781,1,24,AUDI A3,10,E01030945,0,-1
2023411364660,2023,411364660,1,9,0,18,19,5,1,0,0,0,0,0,0,0,1,1,6,6,1,20,4,999,1,1,AUDI A3,10,E01021465,0,-1
2023332300535,2023,332300535,1,9,0,12,12,4,6,0,0,8,0,0,0,0,3,1,6,6,1,36,7,1395,8,1,AUDI A3,2,E01007782,0,-1
2023061355602,2023,061355602,1,9,0,18,19,7,4,0,0,1,0,0,1,1,1,1,6,6,3,20,4,1968,2,9,AUDI A3,-1,-1,0,-1
2023320395743,2023,320395743,1,9,0,18,19,8,4,0,0,0,0,0,0,0,1,1,6,6,2,24,5,1968,2,13,AUDI A3,7,E01026158,0,-1
2023430270924,2023,430270924,2,9,0,16,19,8,3,0,0,0,0,0,1,9,1,1,3,7,2,38,7,1595,2,13,AUDI A3,10,E01028622,0,-1
2023041275398,2023,041275398,1,9,0,18,19,7,3,0,0,0,0,0,0,0,1,1,5,6,1,47,8,1896,2,14,AUDI A3,8,E01012581,0,-1
2023070543984,2023,070543984,2,9,0,17,19,7,3,0,0,1,0,0,0,0,3,1,6,6,2,69,10,1968,2,12,AUDI A3,9,E01012488,0,-1
2023451342505,2023,451342505,1,9,0,18,19,6,2,0,0,0,1,0,1,4,1,1,5,6,1,20,4,1598,2,13,AUDI A3,8,E01030732,0,-1
2023421291558,2023,421291558,2,9,0,3,3,3,7,0,0,0,0,0,0,0,2,1,5,6,2,44,7,1968,2,9,AUDI A3,8,E01021599,0,-1
2023010466375,2023,010466375,3,9,0,18,19,3,7,0,0,8,1,0,0,0,1,1,6,6,1,23,5,1395,1,7,AUDI A3,-1,-1,0,-1
2023070207779,2023,070207779,2,9,0,12,12,3,7,0,0,3,0,0,0,0,4,1,6,6,1,27,6,1598,2,6,AUDI A3,3,E01018552,0,-1
2023010439491,2023,010439491,2,9,0,13,13,7,3,8,6,0,0,0,0,0,3,1,6,6,1,20,4,1498,1,5,AUDI A3,3,E01003141,0,-1
2023010443125,2023,010443125,1,9,0,4,4,1,5,0,0,0,0,0,0,0,1,1,2,2,1,33,6,1968,2,9,AUDI A3,8,E01002008,0,-1
2023131301297,2023,131301297,2,9,0,18,19,1,5,0,0,0,0,0,0,0,4,1,6,6,2,26,6,999,1,2,AUDI A3,8,E01010860,0,-1
2023201287356,2023,201287356,1,9,0,18,19,-1,-1,0,0,0,0,0,0,0,1,1,6,6,3,-1,-1,1896,2,17,AUDI A3,-1,-1,0,-1
2023052300599,2023,052300599,2,9,0,4,4,5,1,0,0,4,0,0,0,0,2,1,6,6,1,50,8,1595,2,13,AUDI A3,1,E01007120,0,-1
2023201303572,2023,201303572,1,9,0,7,7,4,6,0,0,6,0,10,0,0,1,1,6,6,2,38,7,1896,2,13,AUDI A3,2,E01009014,0,-1
2023610036923,2023,610036923,1,9,0,11,11,1,5,0,0,1,0,0,0,0,4,1,6,6,1,24,5,1968,2,8,AUDI A3,4,W01001800,0,-1
2023101343556,2023,101343556,2,9,0,10,10,7,4,0,0,1,0,0,0,0,2,1,6,6,1,49,8,1968,2,7,AUDI A3,9,E01008526,0,-1
2023451281429,2023,451281429,1,9,0,9,9,2,8,0,0,8,0,0,0,0,1,1,3,7,1,49,8,1968,1,16,AUDI A3,10,E01030810,0,-1
2023061382078,2023,061382078,2,9,0,12,12,4,8,0,0,0,0,0,0,0,3,1,6,6,1,33,6,1595,2,13,AUDI A3,-1,-1,0,-1
2023170L31223,2023,170L31223,2,9,0,4,4,3,7,0,0,0,0,0,0,0,2,1,6,6,2,30,6,1595,1,19,AUDI A3,-1,-1,0,-1
2023361299773,2023,361299773,1,9,0,18,19,5,1,0,0,0,2,0,8,4,3,1,5,6,1,25,5,1968,2,17,AUDI A3,7,E01026910,0,-1
2023131348491,2023,131348491,2,9,0,18,19,7,3,0,0,0,0,0,0,0,4,1,2,2,1,48,8,1390,1,11,AUDI A3,3,E01011851,0,-1
2023052301232,2023,052301232,1,9,0,12,12,7,3,0,0,0,0,0,1,0,3,1,6,6,1,23,5,999,1,1,AUDI A3,1,E01006556,0,-1
2023131357485,2023,131357485,1,9,0,18,19,3,7,0,0,0,0,0,1,3,1,1,6,6,1,22,5,1498,1,4,AUDI A3,6,E01013363,0,-1
2023131309559,2023,131309559,1,9,0,18,19,1,5,0,0,2,0,0,0,0,1,1,6,6,1,21,5,1598,2,8,AUDI A3,1,E01010702,0,-1
2023201291133,2023,201291133,1,9,0,18,19,7,3,0,0,0,0,0,0,0,1,1,6,6,1,35,6,1498,1,2,AUDI A3,1,E01009339,0,-1
2023061350532,2023,061350532,1,9,0,9,9,3,1,0,0,8,0,0,0,0,1,1,5,6,1,18,4,1968,2,11,AUDI A3,7,E01004900,0,-1
2023401340249,2023,401340249,2,9,0,18,19,4,8,0,0,0,0,0,0,0,2,1,5,6,1,39,7,1968,2,10,AUDI A3,5,E01015746,0,-1
2023401389748,2023,401389748,2,9,0,18,19,4,8,0,0,1,-1,0,0,0,2,1,5,6,1,30,6,1968,2,5,AUDI A3,3,E01017605,0,-1
2023411342184,2023,411342184,2,9,0,4,4,2,6,0,0,0,0,0,0,0,2,1,6,6,2,48,8,1968,2,15,AUDI A3,7,E01020486,0,-1
2023461282373,2023,461282373,2,9,0,4,4,5,1,0,0,0,0,0,0,0,2,1,6,6,1,30,6,1968,2,11,AUDI A3,4,E01024377,0,-1
2023010454119,2023,010454119,1,9,0,99,99,9,9,99,99,0,9,99,9,99,2,9,6,6,1,26,6,1498,1,0,AUDI A3,9,E01023553,0,-1
2023122300487,2023,122300487,2,9,0,18,19,7,3,0,0,1,0,0,0,0,1,1,6,6,1,26,6,1395,1,8,AUDI A3,7,E01011775,0,-1
2023540538323,2023,540538323,1,9,0,5,5,5,1,0,0,6,0,0,0,0,3,1,2,2,1,21,5,1395,1,7,AUDI A3,10,E01028745,0,-1
2023010420697,2023,010420697,1,9,0,99,99,9,9,99,99,9,9,99,9,99,9,9,6,6,1,45,7,1598,2,7,AUDI A3,6,E01002381,0,-1
2023201394915,2023,201394915,2,9,0,9,9,6,3,0,0,5,0,10,7,10,1,1,6,6,1,20,4,1390,1,12,AUDI A3,8,W01000458,0,-1
2023010432803,2023,010432803,1,9,0,99,99,9,9,99,99,9,9,99,9,99,2,9,6,6,1,30,6,1395,1,7,AUDI A3,4,E01002454,0,-1
2023031328345,2023,031328345,1,9,0,4,4,3,7,0,0,0,0,0,0,0,2,1,6,6,2,31,6,999,1,2,AUDI A3,-1,-1,0,-1
2023221349656,2023,221349656,1,9,0,9,9,1,7,0,0,5,0,0,0,0,1,1,5,6,1,26,6,1968,2,9,AUDI A3,6,E01032166,0,-1
2023122300772,2023,122300772,2,9,0,2,2,0,0,0,0,0,0,0,0,0,2,1,6,6,2,75,10,1896,2,15,AUDI A3,9,E01013414,0,-1
2023010482698,2023,010482698,2,9,0,99,99,9,9,99,99,0,9,99,9,99,9,9,6,6,3,48,8,1395,1,7,AUDI A3,9,E01003885,0,-1
2023010433336,2023,010433336,2,9,0,99,99,9,9,99,99,9,9,99,9,99,1,9,6,6,3,-1,-1,1896,2,16,AUDI A3,-1,-1,0,-1
2023141362633,2023,141362633,1,9,0,18,19,8,4,0,0,0,1,4,0,0,1,1,5,6,1,24,5,1968,2,16,AUDI A3,1,E01007716,0,-1
2023010436959,2023,010436959,1,9,0,9,9,6,4,0,0,5,0,0,0,0,3,1,6,6,1,22,5,1984,1,17,AUDI A3,6,E01002630,0,-1
2023430400550,2023,430400550,1,9,0,18,19,8,4,0,0,6,0,0,0,0,1,1,6,6,2,27,6,1498,1,2,AUDI A3,3,E01016511,0,-1
2023131382533,2023,131382533,1,9,0,18,19,5,1,0,0,0,0,0,1,11,1,1,1,1,1,27,6,1968,2,8,AUDI A3,4,E01011705,0,-1
2023430132318,2023,430132318,2,9,0,3,3,4,8,0,0,8,0,0,0,0,3,1,6,6,1,49,8,1798,1,12,AUDI A3,9,E01016790,0,-1
2023430430230,2023,430430230,1,9,0,4,4,7,3,0,0,0,0,0,0,0,2,1,6,6,2,28,6,1598,2,8,AUDI A3,9,E01001926,0,-1
2023010442587,2023,010442587,2,9,0,99,99,9,9,99,99,9,9,99,9,99,2,9,6,6,3,-1,-1,1390,1,14,AUDI A3,-1,-1,0,-1
2023991375426,2023,991375426,2,9,0,18,19,5,1,0,0,1,0,0,0,0,1,1,2,2,1,25,5,1595,1,12,AUDI A3,5,-1,0,-1
2023122301020,2023,122301020,1,9,0,18,19,1,3,0,0,0,5,4,0,0,4,1,6,6,1,35,6,1968,2,10,AUDI A3,10,E01027654,0,-1
2023421358958,2023,421358958,2,9,0,-1,-1,-1,-1,-1,-1,0,-1,-1,-1,0,-1,1,6,6,1,25,5,1197,1,7,AUDI A3,5,E01015992,0,-1
2023201371021,2023,201371021,2,9,0,15,15,2,6,0,0,0,5,0,0,0,3,1,6,6,1,19,4,1968,2,9,AUDI A3,1,E01010061,0,-1
2023010446799,2023,010446799,2,9,0,99,99,9,9,99,99,9,9,99,9,99,9,9,6,6,3,-1,-1,1781,1,25,AUDI A3,-1,-1,0,-1
2023141276786,2023,141276786,1,9,0,4,4,7,3,0,0,0,0,0,0,0,2,1,2,2,2,35,6,999,1,2,AUDI A3,4,E01007693,0,-1
2023131379593,2023,131379593,4,9,0,18,19,7,3,0,0,0,0,0,0,0,4,1,6,6,2,30,6,1498,1,1,AUDI A3,9,E01028121,0,-1
2023430176395,2023,430176395,1,9,0,5,5,1,5,0,0,0,0,0,0,0,3,1,6,6,1,20,4,1896,2,15,AUDI A3,-1,-1,0,-1
2023221330535,2023,221330535,1,9,0,18,19,6,2,0,0,0,0,0,0,0,1,1,5,6,1,18,4,1595,1,14,AUDI A3,8,E01032286,0,-1
2023041353192,2023,041353192,2,9,0,3,3,0,0,0,0,0,0,0,0,0,2,1,6,6,2,22,5,1498,1,6,AUDI A3,5,E01024958,0,-1
2023010425447,2023,010425447,3,9,0,18,19,7,3,0,0,0,0,0,0,0,1,1,6,6,2,40,7,1598,2,11,AUDI A3,8,E01001523,0,-1
2023170S10983,2023,170S10983,1,9,0,9,9,7,6,0,0,8,0,0,0,0,1,1,6,6,1,24,5,1598,2,7,AUDI A3,1,E01012251,0,-1
2023411303815,2023,411303815,2,9,0,18,19,1,6,0,0,0,1,0,0,0,1,1,6,6,1,35,6,1968,2,3,AUDI A3,8,E01023938,0,-1
2023201409885,2023,201409885,1,9,0,18,19,2,6,0,0,3,0,0,0,0,1,1,5,6,1,-1,-1,1498,1,5,AUDI A3,-1,-1,0,-1
2023031308628,2023,031308628,1,9,0,18,19,4,8,0,0,0,5,4,0,0,4,1,5,6,1,18,4,1598,2,11,AUDI A3,3,E01019209,0,-1
2023131294533,2023,131294533,5,9,0,2,2,0,0,0,0,2,0,0,0,0,2,1,6,6,3,-1,-1,1968,2,10,AUDI A3,-1,-1,0,-1
2023991266500,2023,991266500,1,9,0,18,19,3,7,0,0,0,0,0,0,0,1,1,5,6,2,36,7,1595,1,13,AUDI A3,4,-1,0,-1
2023031311019,2023,031311019,3,9,0,4,4,3,8,0,0,0,0,0,0,0,2,1,6,6,1,37,7,1968,2,9,AUDI A3,7,E01019203,0,-1
2023221330625,2023,221330625,1,9,0,9,9,4,2,0,0,6,0,0,0,0,1,1,5,6,1,25,5,1968,2,14,AUDI A3,6,E01032374,0,-1
2023351337775,2023,351337775,2,9,0,4,4,4,8,0,0,0,0,0,0,0,1,1,5,6,1,60,9,1968,2,8,AUDI A3,8,E01030111,0,-1
2023501370795,2023,501370795,1,9,0,4,4,3,7,0,0,0,1,0,0,0,1,1,6,6,2,26,6,1968,2,6,AUDI A3,2,E01019047,0,-1
2023201363364,2023,201363364,2,9,0,3,3,6,2,0,0,2,0,0,0,0,2,1,6,6,1,31,6,1598,2,8,AUDI A3,1,E01008913,0,-1
2023421389398,2023,421389398,3,9,0,2,2,0,0,0,0,0,0,0,0,0,2,1,6,6,3,-1,-1,1395,1,9,AUDI A3,-1,-1,0,-1
2023131306772,2023,131306772,1,9,0,18,19,1,5,0,0,8,0,0,0,0,1,1,5,6,2,21,5,1595,2,13,AUDI A3,1,E01033693,0,-1
2023010460810,2023,010460810,2,9,0,18,19,1,5,0,0,1,0,0,0,0,1,1,6,6,3,-1,-1,1896,2,17,AUDI A3,-1,-1,0,-1
2023010452210,2023,010452210,2,9,0,99,99,9,9,99,99,9,9,99,9,99,1,9,6,6,3,-1,-1,1968,2,9,AUDI A3,-1,-1,0,-1
2023211278405,2023,211278405,2,9,0,18,19,1,5,0,0,0,0,0,0,0,1,1,6,6,1,56,9,1968,2,11,AUDI A3,8,E01029624,0,-1
2023041339113,2023,041339113,2,9,0,18,19,5,1,0,0,8,0,0,0,0,4,1,1,1,2,29,6,1968,2,8,AUDI A3,5,E01012645,0,-1
2023010425527,2023,010425527,2,9,0,9,9,1,7,0,0,5,0,0,0,0,1,1,2,2,1,28,6,1395,1,7,AUDI A3,4,E01003450,0,-1
2023501310734,2023,501310734,2,9,0,18,19,1,5,0,0,0,0,0,0,0,1,1,6,6,2,20,4,1595,2,13,AUDI A3,10,E01020194,0,-1
2023451291875,2023,451291875,1,9,0,17,19,6,2,0,0,0,5,7,0,0,1,1,6,6,1,53,8,1968,2,16,AUDI A3,3,E01002595,0,-1
2023010473568,2023,010473568,2,9,0,99,99,9,9,99,99,9,9,99,9,99,9,9,6,6,3,-1,-1,1498,1,2,AUDI A3,-1,-1,0,-1
2023451310669,2023,451310669,1,9,0,18,19,5,1,0,0,1,1,0,0,0,1,1,1,1,2,47,8,1968,2,12,AUDI A3,6,E01030843,0,-1
2023010470947,2023,010470947,1,9,0,99,99,9,9,99,99,9,9,99,9,99,2,9,6,6,1,45,7,1395,1,10,AUDI A3,1,E01003487,0,-1
2023131355798,2023,131355798,3,9,0,18,19,1,5,0,0,1,0,0,0,0,1,1,6,6,1,43,7,1390,1,11,AUDI A3,4,E01011597,0,-1
2023552301143,2023,552301143,3,9,0,3,3,6,2,0,0,1,0,0,0,0,3,1,1,1,2,26,6,1395,1,7,AUDI A3,2,E01015312,0,-1
2023501382632,2023,501382632,1,9,0,18,19,3,6,0,0,0,0,0,0,0,3,1,5,6,2,25,5,1395,1,8,AUDI A3,4,E01018784,0,-1
2023131342674,2023,131342674,1,9,0,16,19,1,5,0,0,0,1,0,0,0,1,1,5,6,1,27,6,1968,2,17,AUDI A3,1,E01011484,0,-1
2023461320547,2023,461320547,1,9,0,9,9,3,1,0,0,8,0,0,0,0,1,1,6,6,1,55,8,1984,1,5,AUDI A3,-1,-1,0,-1
2023440241680,2023,440241680,1,9,0,18,19,7,3,0,0,0,0,0,0,0,1,1,6,6,1,24,5,1781,1,20,AUDI A3,-1,-1,0,-1
2023430405973,2023,430405973,1,9,0,16,19,3,6,0,0,0,0,0,0,0,1,1,6,6,1,23,5,1595,2,14,AUDI A3,3,E01028297,0,-1
2023201388611,2023,201388611,1,9,0,14,14,8,4,0,0,0,0,0,0,0,1,1,2,2,1,40,7,1968,2,9,AUDI A3,1,E01009259,0,-1
2023421294798,2023,421294798,2,9,0,18,19,3,6,0,0,1,0,0,0,0,4,1,5,6,1,27,6,1798,1,15,AUDI A3,-1,-1,0,-1
2023010481785,2023,010481785,2,9,0,99,99,9,9,99,99,0,9,99,9,99,1,9,6,6,3,-1,-1,1395,1,7,AUDI A3,-1,-1,0,-1
2023351287842,2023,351287842,1,9,0,16,19,5,1,4,4,0,0,0,0,0,1,1,6,6,1,24,5,1968,2,16,AUDI A3,5,E01017997,0,-1
2023131303103,2023,131303103,1,9,0,18,19,1,5,0,0,8,0,0,0,0,3,2,5,6,1,43,7,1968,2,6,AUDI A3,1,E01010832,0,-1
2023101315713,2023,101315713,2,9,0,18,19,5,1,0,0,8,0,0,0,0,1,1,5,6,2,22,5,999,1,2,AUDI A3,9,E01008501,0,-1
2023201284467,2023,201284467,1,9,0,9,9,6,4,0,0,6,0,0,0,0,1,1,6,6,1,26,6,1395,1,10,AUDI A3,8,E01009437,0,-1
2023991386967,2023,991386967,2,9,0,18,19,1,5,0,0,5,0,0,0,0,2,1,2,2,1,50,8,1896,2,14,AUDI A3,2,-1,0,-1
2023991284139,2023,991284139,2,9,0,16,19,4,8,0,0,0,1,0,7,4,4,1,5,6,1,30,6,2480,1,12,AUDI A3,2,-1,0,-1
2023131370064,2023,131370064,2,9,0,18,19,5,1,0,0,0,0,0,1,11,3,1,5,6,1,20,4,1968,2,8,AUDI A3,3,E01011609,0,-1
2023031260609,2023,031260609,1,9,0,18,19,2,5,0,0,2,0,0,0,0,1,1,5,6,2,52,8,1968,2,8,AUDI A3,-1,-1,0,-1
2023552301385,2023,552301385,1,9,0,18,19,1,5,0,0,0,0,0,1,0,1,1,6,6,1,27,6,1595,1,19,AUDI A3,-1,-1,0,-1
2023010453319,2023,010453319,2,9,0,99,99,9,9,99,99,0,9,99,9,99,9,9,6,6,2,30,6,1395,1,10,AUDI A3,4,E01001061,0,-1
2023542727323,2023,542727323,1,9,0,18,19,2,6,0,0,1,0,0,0,0,1,1,6,6,2,50,8,1197,1,12,AUDI A3,9,E01031994,0,-1
2023061330882,2023,061330882,1,9,0,3,3,1,6,0,0,1,0,0,0,0,2,1,5,6,1,39,7,1395,1,7,AUDI A3,2,E01004798,0,-1
2023061280246,2023,061280246,3,9,0,2,2,3,7,0,0,1,0,0,0,0,3,1,5,6,2,36,7,1968,2,18,AUDI A3,5,E01005301,0,-1
2023131266393,2023,131266393,1,9,0,18,19,1,5,0,0,1,0,0,0,0,1,1,5,6,1,61,9,1498,1,1,AUDI A3,8,E01026138,0,-1
2023991321159,2023,991321159,2,9,0,3,3,8,4,0,0,0,0,0,0,0,2,1,5,6,2,24,5,1598,2,12,AUDI A3,4,-1,0,-1
2023991265990,2023,991265990,1,9,0,18,19,6,2,0,0,1,0,0,0,0,1,1,5,6,1,37,7,1968,2,14,AUDI A3,2,-1,0,-1
2023471323351,2023,471323351,2,9,0,18,19,3,7,0,0,0,0,0,0,0,4,1,2,2,1,50,8,1395,1,6,AUDI A3,-1,-1,0,-1
2023010428826,2023,010428826,1,9,0,18,19,6,2,0,0,0,0,0,0,0,4,1,6,6,1,32,6,1395,1,6,AUDI A3,2,E01009512,0,-1
2023010458262,2023,010458262,1,9,0,99,99,9,9,99,99,9,9,99,9,99,2,9,2,2,2,32,6,1595,2,13,AUDI A3,3,E01001267,0,-1
2023411292470,2023,411292470,1,9,0,18,19,3,7,0,0,0,0,0,0,0,1,1,6,6,2,30,6,1197,1,8,AUDI A3,8,E01023660,0,-1
2023991334139,2023,991334139,1,9,0,18,19,5,1,0,0,1,0,0,0,0,1,1,1,1,2,60,9,1498,1,0,AUDI A3,8,-1,0,-1
2023010479494,2023,010479494,2,9,0,99,99,9,9,99,99,9,9,99,9,99,9,9,6,6,1,49,8,1968,2,8,AUDI A3,2,E01001860,0,-1
2023430442364,2023,430442364,1,9,0,18,19,2,6,0,0,0,0,0,0,0,3,1,6,6,2,31,6,1968,2,17,AUDI A3,10,E01022884,0,-1
2023101352085,2023,101352085,1,9,0,9,9,5,2,0,0,6,0,0,0,0,1,1,5,6,1,26,6,1968,2,14,AUDI A3,2,E01027393,0,-1
2023552300538,2023,552300538,1,9,0,18,19,4,8,0,0,0,0,0,0,0,4,1,1,1,1,42,7,1968,2,16,AUDI A3,1,E01020552,0,-1
2023991281060,2023,991281060,1,9,0,18,19,7,3,0,0,1,0,4,0,0,4,1,6,6,3,25,5,1968,2,17,AUDI A3,-1,-1,0,-1
2023361360465,2023,361360465,3,9,0,18,19,5,5,0,0,1,0,0,0,0,1,1,6,6,2,34,6,1968,2,13,AUDI A3,5,E01030267,0,-1
2023131293233,2023,131293233,1,9,0,-1,-1,-1,-1,-1,-1,0,-1,-1,-1,-1,-1,1,6,6,3,-1,-1,1197,1,9,AUDI A3,-1,-1,0,-1
2023161377756,2023,161377756,2,9,0,17,19,5,1,0,0,1,0,0,0,0,1,1,2,2,1,48,8,1968,2,11,AUDI A3,7,E01013020,0,-1
2023041347941,2023,041347941,1,9,0,18,19,1,5,0,0,8,0,0,0,0,1,1,5,6,1,23,5,1395,1,8,AUDI A3,2,E01025077,0,-1
2023141318659,2023,141318659,1,9,0,18,19,2,6,0,0,8,0,0,0,0,1,1,6,6,1,31,6,1968,2,13,AUDI A3,8,E01007888,0,-1
2023201400623,2023,201400623,2,9,0,18,19,8,4,0,0,0,0,0,0,0,2,1,6,6,2,29,6,1968,2,12,AUDI A3,3,E01009967,0,-1
2023440166362,2023,440166362,1,9,0,18,19,4,8,0,0,0,0,0,0,0,1,1,6,6,2,48,8,1395,1,7,AUDI A3,7,E01023164,0,-1
2023052300266,2023,052300266,1,9,0,9,9,7,1,0,0,6,0,0,0,0,1,1,2,2,2,40,7,1968,2,18,AUDI A3,1,E01007175,0,-1
2023061316171,2023,061316171,1,9,0,18,19,5,1,0,0,1,0,0,0,0,1,1,6,6,3,-1,-1,1400,1,9,AUDI A3,-1,-1,0,-1
2023141327590,2023,141327590,1,9,0,18,19,4,8,0,0,8,0,0,0,0,1,1,6,6,3,-1,-1,999,1,5,AUDI A3,-1,-1,0,-1
2023501372084,2023,501372084,2,9,0,3,3,2,6,0,0,0,0,0,0,0,2,1,2,2,1,31,6,1197,1,12,AUDI A3,1,E01018767,0,-1
2023161328063,2023,161328063,2,9,0,18,19,3,7,0,0,8,0,10,1,10,3,1,5,6,2,20,4,1498,1,0,AUDI A3,4,E01012990,0,-1
2023231296237,2023,231296237,1,9,0,18,19,8,3,0,0,6,0,0,0,0,1,1,2,2,1,28,6,1598,2,7,AUDI A3,1,E01005108,0,-1
2023201314027,2023,201314027,2,9,0,18,19,2,6,0,0,8,0,0,0,0,1,1,6,6,1,21,5,1598,2,12,AUDI A3,1,E01032889,0,-1
2023520301776,2023,520301776,1,9,0,1,1,6,2,0,0,0,0,0,0,0,2,1,6,6,2,51,8,1968,2,3,AUDI A3,10,E01029030,0,-1
2023351316813,2023,351316813,1,9,0,18,19,-1,-1,0,0,8,0,0,0,0,1,1,6,6,2,-1,-1,1968,2,14,AUDI A3,6,E01017961,0,-1
2023161361225,2023,161361225,2,9,0,18,19,7,3,0,0,8,0,0,0,0,3,1,5,6,2,17,4,999,1,0,AUDI A3,8,E01013264,0,-1
2023010450398,2023,010450398,1,9,0,18,19,5,1,0,0,1,0,0,0,0,2,1,2,2,1,44,7,1598,2,5,AUDI A3,6,E01003226,0,-1
2023201378651,2023,201378651,2,9,0,18,19,3,7,0,0,8,0,0,0,0,3,1,6,6,1,54,8,1395,1,7,AUDI A3,2,E01010065,0,-1
2023201338867,2023,201338867,1,9,0,5,5,3,1,0,0,6,0,0,0,0,1,1,6,6,1,28,6,1595,2,13,AUDI A3,3,E01010512,0,-1
2023141308012,2023,141308012,2,9,0,11,11,2,6,0,0,0,0,0,0,0,-1,1,6,6,3,-1,-1,1896,2,16,AUDI A3,-1,-1,0,-1
2023131350321,2023,131350321,1,9,0,16,19,2,6,0,0,1,0,0,0,0,1,1,5,6,1,25,5,1598,2,9,AUDI A3,10,E01011271,0,-1
2023010482223,2023,010482223,1,9,0,18,19,1,5,0,0,1,0,0,0,0,2,1,2,2,1,44,7,1984,1,11,AUDI A3,-1,-1,0,-1
2023010462722,2023,010462722,1,9,0,15,15,5,1,0,0,6,0,0,0,0,3,1,6,6,2,31,6,1598,2,8,AUDI A3,3,E01023866,0,-1
2023221295217,2023,221295217,1,9,0,16,19,2,5,0,0,8,0,0,0,0,1,1,6,6,1,37,7,1968,2,12,AUDI A3,2,E01032307,0,-1