collision_index,collision_year,collision_ref_no,vehicle_reference,vehicle_type,towing_and_articulation,vehicle_manoeuvre_historic,vehicle_manoeuvre,vehicle_direction_from,vehicle_direction_to,vehicle_location_restricted_lane_historic,vehicle_location_restricted_lane,junction_location,skidding_and_overturning,hit_object_in_carriageway,vehicle_leaving_carriageway,hit_object_off_carriageway,first_point_of_impact,vehicle_left_hand_drive,journey_purpose_of_driver_historic,journey_purpose_of_driver,sex_of_driver,age_of_driver,age_band_of_driver,engine_capacity_cc,propulsion_code,age_of_vehicle,generic_make_model,driver_imd_decile,lsoa_of_driver,escooter_flag,driver_distance_banding
2023010473770,2023,010473770,1,9,0,99,99,9,9,99,99,9,9,99,9,99,1,9,6,6,3,-1,-1,1380,1,13,AUDI A3,7,E01000178,0,-1
2023421291066,2023,421291066,2,9,0,18,19,2,6,0,0,0,0,0,1,0,3,1,1,1,1,50,8,1395,8,6,AUDI A3,7,E01015979,0,-1
202360A051475,2023,60A051475,2,9,0,18,19,4,8,0,0,0,0,0,0,0,2,1,6,6,1,27,6,1968,2,1,AUDI A3,-1,-1,0,-1
2023201276157,2023,201276157,1,9,0,9,9,1,7,0,0,1,0,0,0,0,1,1,6,6,3,-1,-1,1598,2,9,AUDI A3,1,E01009212,0,-1
2023041307092,2023,041307092,2,9,0,18,19,1,5,0,0,0,0,0,0,0,2,1,5,6,1,35,6,1968,2,15,AUDI A3,5,E01025288,0,-1
2023010469452,2023,010469452,2,9,0,99,99,9,9,99,99,8,9,99,9,99,1,9,6,6,1,17,4,999,1,0,AUDI A3,2,E01001486,0,-1
2023131304304,2023,131304304,1,9,0,-1,-1,-1,-1,-1,-1,0,-1,-1,-1,-1,-1,1,6,6,3,-1,-1,1968,2,2,AUDI A3,-1,-1,0,-1
2023010438726,2023,010438726,2,9,0,99,99,9,9,99,99,0,9,99,9,99,2,9,6,6,3,-1,-1,1598,2,5,AUDI A3,-1,-1,0,-1
2023320681287,2023,320681287,1,9,0,7,7,4,6,0,0,8,0,10,7,9,1,1,6,6,2,22,5,1968,2,17,AUDI A3,1,E01026093,0,-1
202360A063895,2023,60A063895,1,9,0,13,13,7,3,0,0,0,0,0,0,0,3,1,6,6,1,29,6,1968,2,15,AUDI A3,-1,-1,0,-1
2023052300671,2023,052300671,1,9,0,9,9,1,7,0,0,1,0,0,0,0,3,1,6,6,1,35,6,1595,2,13,AUDI A3,2,E01006813,0,-1
2023430334307,2023,430334307,1,9,0,18,19,8,4,0,0,0,1,0,0,0,1,1,6,6,1,43,7,1968,2,9,AUDI A3,10,E01020415,0,-1
2023421304750,2023,421304750,2,9,0,2,2,3,7,0,0,0,0,0,0,0,2,1,6,6,3,-1,-1,1595,1,14,AUDI A3,-1,-1,0,-1
2023371375383,2023,371375383,1,9,0,4,4,-1,-1,0,0,0,0,0,0,0,3,1,6,6,1,33,6,1598,2,4,AUDI A3,6,E01017999,0,-1
2023451316634,2023,451316634,1,9,0,5,5,5,3,0,0,1,0,0,0,0,1,1,1,1,1,55,8,999,1,2,AUDI A3,10,E01030375,0,-1
2023991284139,2023,991284139,3,9,0,16,19,4,8,0,0,0,0,0,0,0,0,1,5,6,2,30,6,2480,1,11,AUDI A3,7,-1,0,-1
2023010478664,2023,010478664,2,9,0,99,99,9,9,99,99,9,9,99,9,99,1,9,6,6,2,63,9,999,1,0,AUDI A3,2,E01002078,0,-1
2023991260453,2023,991260453,2,9,0,9,9,8,5,0,0,1,0,0,0,0,1,1,6,6,1,40,7,1968,2,14,AUDI A3,1,-1,0,-1
2023461387989,2023,461387989,1,9,0,18,19,5,1,0,0,0,0,0,0,0,3,1,6,6,1,44,7,1395,1,7,AUDI A3,8,E01030838,0,-1
202363C008823,2023,63C008823,1,9,0,9,9,8,6,0,0,6,0,0,0,0,3,1,6,6,2,37,7,1598,2,8,AUDI A3,4,W01000587,0,-1
2023010438554,2023,010438554,1,9,0,7,7,1,4,0,0,1,0,0,0,0,4,1,2,2,2,57,9,1968,2,9,AUDI A3,7,E01000236,0,-1
2023010442814,2023,010442814,1,9,0,9,9,3,1,0,0,5,0,0,0,0,1,1,6,6,2,28,6,1598,2,8,AUDI A3,5,E01017844,0,-1
2023122300802,2023,122300802,1,9,0,1,1,5,1,0,0,2,0,0,0,0,4,1,6,6,1,24,5,1968,2,12,AUDI A3,1,E01011484,0,-1
2023052301725,2023,052301725,1,9,0,5,5,3,5,0,0,1,0,0,0,0,3,1,6,6,2,50,8,1197,1,11,AUDI A3,3,E01006994,0,-1
2023302301029,2023,302301029,1,9,0,18,19,6,2,0,0,3,0,0,0,0,0,1,6,6,1,27,6,1798,1,11,AUDI A3,8,E01019449,0,-1
2023302301317,2023,302301317,2,9,0,16,19,6,8,0,0,0,0,0,0,0,1,1,6,6,2,34,6,1498,1,3,AUDI A3,8,E01019685,0,-1
2023451327004,2023,451327004,3,9,0,18,19,2,7,0,0,0,0,0,0,0,1,1,5,6,1,46,8,1968,1,16,AUDI A3,9,E01030731,0,-1
2023201289868,2023,201289868,1,9,0,18,19,3,7,0,0,8,0,0,0,0,1,1,6,6,1,22,5,1984,1,15,AUDI A3,2,E01009487,0,-1
2023461379716,2023,461379716,2,9,0,3,3,8,4,0,0,0,0,0,0,0,2,1,6,6,3,57,9,1968,2,8,AUDI A3,6,E01024401,0,-1
2023131292777,2023,131292777,2,9,0,7,7,3,5,0,0,1,0,0,0,0,3,1,5,6,2,27,6,1896,2,17,AUDI A3,1,E01010840,0,-1
2023440219436,2023,440219436,2,9,0,18,19,2,6,0,0,1,0,0,0,0,1,1,6,6,1,38,7,1598,2,10,AUDI A3,7,E01032846,0,-1
2023351390536,2023,351390536,1,9,0,5,5,1,3,0,0,6,0,0,0,0,2,1,6,6,1,25,5,1498,1,0,AUDI A3,9,E01027053,0,-1
2023461300375,2023,461300375,1,9,0,18,19,5,1,0,0,0,0,0,0,0,4,1,6,6,1,51,8,1968,2,8,AUDI A3,4,E01024176,0,-1
2023501404087,2023,501404087,1,9,0,5,5,8,4,0,0,4,0,0,0,0,1,1,5,6,1,38,7,1595,2,13,AUDI A3,-1,-1,0,-1
2023101293191,2023,101293191,2,9,0,17,19,5,2,0,0,1,0,0,0,0,1,1,5,6,1,20,4,1968,2,13,AUDI A3,10,E01027538,0,-1
2023041304788,2023,041304788,2,9,0,18,19,7,3,0,0,1,0,0,0,0,1,1,5,6,2,22,5,1598,2,8,AUDI A3,1,E01025224,0,-1
2023361294681,2023,361294681,1,9,0,18,19,5,1,0,0,0,0,0,0,0,1,1,5,6,1,19,4,1595,1,13,AUDI A3,4,E01026731,0,-1
2023052302600,2023,052302600,1,9,0,15,15,3,7,0,0,0,0,0,0,0,3,1,6,6,1,26,6,1498,1,2,AUDI A3,7,E01006423,0,-1
2023010426582,2023,010426582,1,9,0,99,99,9,9,99,99,9,9,99,9,99,9,9,6,6,2,52,8,1498,1,5,AUDI A3,5,E01004482,0,-1
2023430577915,2023,430577915,1,9,0,18,19,8,4,0,0,0,0,0,0,0,1,1,2,2,2,39,7,1598,2,11,AUDI A3,4,E01016521,0,-1
2023010423465,2023,010423465,1,9,0,99,99,9,9,99,99,0,9,99,9,99,9,9,6,6,1,34,6,1598,2,7,AUDI A3,2,E01003988,0,-1
2023311294456,2023,311294456,1,9,0,18,19,5,1,0,0,1,0,0,0,0,4,1,2,2,2,37,7,1598,2,7,AUDI A3,8,E01027944,0,-1
2023411362017,2023,411362017,2,9,0,3,3,5,1,0,0,0,0,0,0,0,2,1,6,6,2,46,8,1595,1,15,AUDI A3,6,E01023396,0,-1
2023302300971,2023,302300971,2,9,0,3,3,8,4,0,0,1,0,0,0,0,2,1,6,6,2,34,6,1498,1,1,AUDI A3,10,E01019828,0,-1
2023010462297,2023,010462297,2,9,0,9,9,3,8,0,0,2,0,0,0,0,2,1,6,6,1,33,6,1395,8,1,AUDI A3,10,E01027283,0,-1
2023010486180,2023,010486180,2,9,0,9,9,1,6,0,0,1,0,0,0,0,2,1,6,6,1,45,7,1498,1,1,AUDI A3,10,E01022203,0,-1
2023471391134,2023,471391134,2,9,0,11,11,5,3,0,0,8,0,0,0,0,3,1,6,6,2,50,8,1595,1,25,AUDI A3,5,E01020967,0,-1
2023991317199,2023,991317199,1,9,0,18,19,6,2,0,0,6,0,0,7,0,4,1,6,6,2,60,9,1968,2,1,AUDI A3,-1,-1,0,-1
2023201332482,2023,201332482,2,9,0,9,9,3,1,0,0,8,0,0,0,0,3,1,5,6,1,52,8,1968,2,10,AUDI A3,2,E01010302,0,-1
2023401394323,2023,401394323,2,9,0,9,9,7,5,0,0,3,0,0,0,0,4,1,5,6,2,39,7,1968,2,9,AUDI A3,10,E01017566,0,-1
2023101371640,2023,101371640,2,9,0,7,7,3,7,0,0,8,0,0,0,0,1,1,6,6,1,35,6,1968,2,9,AUDI A3,-1,-1,0,-1
2023401376918,2023,401376918,1,9,0,9,9,2,6,0,0,1,1,4,2,1,2,1,6,6,3,-1,-1,1968,2,17,AUDI A3,-1,-1,0,-1
2023991370231,2023,991370231,2,9,0,18,19,3,8,0,0,1,0,0,0,0,1,1,2,2,1,30,6,1968,2,19,AUDI A3,7,-1,0,-1
2023010482624,2023,010482624,2,9,0,99,99,9,9,99,99,9,9,99,9,99,1,9,6,6,3,-1,-1,1598,2,6,AUDI A3,8,E01002418,0,-1
2023131347750,2023,131347750,2,9,0,5,5,3,3,0,0,0,0,0,0,0,4,1,5,6,1,23,5,1968,2,10,AUDI A3,5,E01010729,0,-1
2023061292621,2023,061292621,2,9,0,18,19,3,7,0,0,0,0,0,0,0,2,1,5,6,2,27,6,1598,2,9,AUDI A3,-1,-1,0,-1
2023111272683,2023,111272683,1,9,0,18,19,2,6,0,0,0,0,0,0,0,1,1,6,6,1,23,5,1395,1,7,AUDI A3,1,E01020874,0,-1
2023320271540,2023,320271540,1,9,0,13,13,2,6,0,0,8,0,0,7,0,1,1,6,6,2,51,8,1984,1,13,AUDI A3,-1,-1,0,-1
2023201397968,2023,201397968,1,9,0,5,5,8,4,0,0,1,0,0,0,0,1,1,6,6,2,47,8,1896,2,14,AUDI A3,8,E01029489,0,-1
2023440330395,2023,440330395,1,9,0,18,19,7,3,0,0,1,1,0,0,0,1,1,6,6,1,22,5,1968,2,8,AUDI A3,10,E01028460,0,-1
2023461390236,2023,461390236,1,9,0,18,19,8,4,0,0,1,1,0,3,0,1,2,2,2,2,54,8,1798,1,8,AUDI A3,4,E01024217,0,-1
2023041292230,2023,041292230,1,9,0,16,19,1,4,0,0,1,5,0,0,0,1,1,6,6,3,-1,-1,1595,1,19,AUDI A3,-1,-1,0,-1
2023010442099,2023,010442099,2,9,0,99,99,9,9,99,99,9,9,99,9,99,1,9,6,6,3,33,6,1968,2,7,AUDI A3,-1,-1,0,-1
2023131322114,2023,131322114,3,9,0,18,19,4,8,0,0,8,0,0,0,0,1,1,2,2,2,22,5,1968,2,8,AUDI A3,4,E01010664,0,-1
2023041322021,2023,041322021,1,9,0,18,19,1,5,0,0,8,0,0,0,0,1,1,6,6,1,46,8,1896,2,15,AUDI A3,1,E01012586,0,-1
2023332301042,2023,332301042,1,9,0,18,19,5,1,0,0,1,0,0,0,0,1,1,6,6,1,56,9,1968,2,9,AUDI A3,2,E01013774,0,-1
2023010431288,2023,010431288,1,9,0,8,8,2,4,0,0,4,0,0,0,0,2,1,6,6,1,55,8,1395,8,2,AUDI A3,2,E01002545,0,-1
2023411300724,2023,411300724,2,9,0,18,19,8,4,0,0,0,0,0,0,0,1,1,5,6,1,20,4,1498,1,5,AUDI A3,8,E01022059,0,-1
2023332300736,2023,332300736,2,9,0,18,19,1,5,0,0,0,0,0,0,0,1,1,6,6,1,-1,-1,1598,2,7,AUDI A3,-1,-1,0,-1
2023141368009,2023,141368009,1,9,0,18,19,8,4,0,0,0,0,0,0,0,1,1,1,1,1,46,8,1968,2,13,AUDI A3,1,E01007906,0,-1
2023340NN3412,2023,340NN3412,2,9,0,18,19,6,2,0,0,4,0,0,0,0,2,1,6,6,2,42,7,1798,1,12,AUDI A3,2,E01015605,0,-1
2023351324388,2023,351324388,3,9,0,2,2,0,0,9,9,0,0,0,0,0,2,1,6,6,3,-1,-1,1968,2,9,AUDI A3,-1,-1,0,-1
2023010476446,2023,010476446,2,9,0,99,99,9,9,99,99,9,9,99,9,99,9,9,6,6,3,-1,-1,1390,1,15,AUDI A3,-1,-1,0,-1
2023221342986,2023,221342986,1,9,0,13,13,8,4,0,0,8,0,0,0,0,1,1,6,6,1,44,7,1968,2,7,AUDI A3,5,E01028959,0,-1
2023170M10873,2023,170M10873,2,9,0,4,4,2,6,0,0,0,0,0,0,0,2,1,6,6,1,37,7,1896,2,15,AUDI A3,4,E01012026,0,-1
2023221357369,2023,221357369,2,9,0,9,9,1,8,0,0,6,0,0,0,0,3,1,5,6,1,40,7,1968,2,12,AUDI A3,2,E01014151,0,-1
2023430404368,2023,430404368,1,9,0,9,9,3,1,0,0,5,0,0,0,0,1,1,6,6,1,61,9,1968,2,11,AUDI A3,-1,-1,0,-1
2023201373377,2023,201373377,2,9,0,18,19,6,2,0,0,8,0,10,0,0,1,1,6,6,1,31,6,1968,2,18,AUDI A3,3,E01010396,0,-1
2023421359786,2023,421359786,1,9,0,5,5,3,7,0,0,0,0,0,0,0,1,1,6,6,3,-1,-1,1595,1,14,AUDI A3,-1,-1,0,-1
2023430580241,2023,430580241,2,9,0,18,19,8,4,0,0,1,0,0,0,0,1,1,6,6,2,46,8,1968,2,7,AUDI A3,10,E01016792,0,-1
2023451358118,2023,451358118,1,9,0,9,9,5,1,0,0,0,0,0,0,0,1,1,5,6,1,20,4,1798,1,8,AUDI A3,5,E01030640,0,-1
2023991358059,2023,991358059,1,9,0,18,19,2,6,0,0,8,0,0,0,0,1,1,6,6,2,32,6,1598,2,9,AUDI A3,2,-1,0,-1
2023010432619,2023,010432619,1,9,0,99,99,9,9,99,99,9,9,99,9,99,1,9,2,2,1,33,6,1395,1,9,AUDI A3,2,E01004295,0,-1
2023010456759,2023,010456759,2,9,0,2,2,0,0,0,0,0,0,0,0,0,2,1,6,6,3,-1,-1,1395,8,2,AUDI A3,-1,-1,0,-1
2023010461825,2023,010461825,2,9,0,99,99,9,9,99,99,9,9,99,9,99,1,9,6,6,3,-1,-1,1498,1,2,AUDI A3,-1,-1,0,-1
2023010467130,2023,010467130,2,9,0,99,99,9,9,99,99,9,9,99,9,99,9,9,6,6,3,-1,-1,1595,1,21,AUDI A3,10,E01002917,0,-1
2023501345316,2023,501345316,1,9,0,18,19,7,3,0,0,0,0,0,0,0,1,1,6,6,2,25,5,1968,1,17,AUDI A3,7,E01018901,0,-1
2023451350826,2023,451350826,1,9,0,18,19,7,3,0,0,0,5,4,2,0,1,1,6,6,1,28,6,1595,1,17,AUDI A3,2,E01003489,0,-1
2023041319133,2023,041319133,2,9,0,9,9,7,5,0,0,8,0,0,0,0,3,1,5,6,2,36,7,1968,2,9,AUDI A3,7,E01025231,0,-1
2023461303566,2023,461303566,1,9,0,18,19,8,4,0,0,1,1,0,0,0,1,1,6,6,3,-1,-1,1968,2,18,AUDI A3,-1,-1,0,-1
2023201410774,2023,201410774,1,9,0,11,11,2,4,0,0,2,0,10,1,2,1,1,6,6,1,51,8,2480,1,12,AUDI A3,1,E01009957,0,-1
2023041318633,2023,041318633,1,9,0,5,5,1,5,0,0,0,0,0,0,0,1,1,6,6,1,50,8,1968,2,12,AUDI A3,1,E01012683,0,-1
2023131319190,2023,131319190,1,9,0,5,5,1,5,0,0,2,0,0,0,0,3,1,2,2,1,39,7,1968,2,8,AUDI A3,3,E01011920,0,-1
2023061298424,2023,061298424,1,9,0,18,19,1,1,0,0,0,0,0,0,0,1,1,6,6,2,25,5,1598,2,10,AUDI A3,10,E01005741,0,-1
2023010427546,2023,010427546,2,9,0,99,99,9,9,99,99,9,9,99,9,99,9,9,6,6,3,-1,-1,1896,2,22,AUDI A3,-1,-1,0,-1
2023302300740,2023,302300740,1,9,0,18,19,8,4,0,0,0,0,0,0,0,2,1,6,6,1,27,6,1968,2,9,AUDI A3,8,E01019659,0,-1
2023201281671,2023,201281671,1,9,0,18,19,4,8,0,0,0,0,0,0,0,1,1,6,6,2,20,4,1598,2,8,AUDI A3,4,E01010100,0,-1
2023471363159,2023,471363159,2,9,0,18,19,3,7,0,0,0,5,0,7,11,1,1,5,6,2,32,6,1595,1,14,AUDI A3,8,E01031698,0,-1
2023332300564,2023,332300564,1,9,0,9,9,3,1,0,0,5,0,0,0,0,1,1,2,2,1,32,6,1896,2,16,AUDI A3,1,E01013601,0,-1
2023371328281,2023,371328281,2,9,0,18,19,5,1,0,0,1,0,0,0,0,1,1,5,6,1,18,4,1798,1,15,AUDI A3,2,E01029987,0,-1
2023010430148,2023,010430148,5,9,0,2,2,0,0,0,0,2,0,0,0,0,2,1,6,6,3,-1,-1,1968,2,6,AUDI A3,-1,-1,0,-1
2023201293415,2023,201293415,2,9,0,3,3,6,2,0,0,1,0,0,0,0,1,1,6,6,1,26,6,1395,1,8,AUDI A3,2,E01009101,0,-1
2023131366202,2023,131366202,2,9,0,18,19,1,5,0,0,1,0,0,0,0,2,1,5,6,1,37,7,1598,2,10,AUDI A3,1,E01010839,0,-1
2023421344844,2023,421344844,1,9,0,5,5,6,2,0,0,0,0,0,0,0,3,1,5,6,1,24,5,1968,2,9,AUDI A3,6,E01018186,0,-1
2023131281474,2023,131281474,1,9,0,18,19,3,7,0,0,8,0,0,0,0,1,1,1,1,1,40,7,1395,1,6,AUDI A3,8,E01004806,0,-1
2023131347996,2023,131347996,1,9,0,16,19,5,1,0,0,8,1,0,0,0,1,1,6,6,1,21,5,1798,1,12,AUDI A3,1,E01010831,0,-1
2023201410994,2023,201410994,1,9,0,8,8,7,3,0,0,1,0,0,0,0,2,1,6,6,1,46,8,1968,2,7,AUDI A3,8,E01010565,0,-1
2023131311348,2023,131311348,1,9,0,9,9,1,6,0,0,6,0,0,0,0,1,1,5,6,2,23,5,1598,2,7,AUDI A3,3,E01033542,0,-1
2023430006321,2023,430006321,3,9,0,3,3,8,4,0,0,1,0,0,0,0,2,1,6,6,2,49,8,1598,2,9,AUDI A3,-1,-1,0,-1
2023141310253,2023,141310253,1,9,0,18,19,1,5,0,0,0,0,0,0,0,1,1,6,6,3,-1,-1,1498,1,5,AUDI A3,-1,-1,0,-1
2023332300278,2023,332300278,1,9,0,17,19,4,1,0,0,8,0,0,0,0,4,1,6,6,2,32,6,1968,2,17,AUDI A3,8,E01025643,0,-1
2023231262125,2023,231262125,2,9,0,18,19,7,3,0,0,0,0,0,0,0,1,1,1,1,2,49,8,999,1,6,AUDI A3,5,E01031050,0,-1
2023451265127,2023,451265127,2,9,0,18,19,7,3,0,0,0,0,0,0,0,2,2,2,2,1,46,8,1595,1,13,AUDI A3,6,E01002655,0,-1
2023131357544,2023,131357544,1,9,0,7,7,8,8,0,0,8,0,0,1,0,3,1,5,6,2,53,8,1798,1,10,AUDI A3,1,E01010627,0,-1
2023131264590,2023,131264590,2,9,0,18,19,6,2,0,0,1,0,0,0,0,1,1,5,6,2,33,6,1968,2,14,AUDI A3,1,E01011491,0,-1
2023471345982,2023,471345982,1,9,0,16,19,5,2,0,0,4,0,0,0,0,4,1,6,6,1,27,6,1595,1,14,AUDI A3,10,E01031824,0,-1
2023371286253,2023,371286253,2,9,0,18,19,3,7,0,0,1,0,0,0,0,1,1,5,6,1,45,7,1598,2,10,AUDI A3,1,E01029979,0,-1
2023131354214,2023,131354214,1,9,0,18,19,7,1,0,0,0,0,0,3,0,3,1,6,6,2,27,6,1598,2,10,AUDI A3,-1,-1,0,-1
2023522301423,2023,522301423,1,9,0,4,4,2,6,0,0,8,0,0,0,0,2,1,6,6,1,39,7,999,1,4,AUDI A3,7,E01014651,0,-1
2023010483544,2023,010483544,1,9,0,99,99,9,9,99,99,0,9,99,9,99,1,9,6,6,2,36,7,1595,1,15,AUDI A3,3,E01001373,0,-1
2023101313052,2023,101313052,2,9,0,18,19,1,5,0,0,1,0,0,0,0,1,1,5,6,2,63,9,1896,2,17,AUDI A3,10,E01021739,0,-1
2023421358773,2023,421358773,1,9,0,16,19,7,3,0,0,0,0,0,0,0,4,1,6,6,1,71,10,1968,2,7,AUDI A3,7,E01021552,0,-1
2023131276285,2023,131276285,2,9,0,18,19,1,5,0,0,0,0,0,0,0,1,1,2,2,2,27,6,1968,2,8,AUDI A3,2,E01011230,0,-1
2023131259737,2023,131259737,1,9,0,18,19,5,1,0,0,0,0,0,0,0,1,1,5,6,2,37,7,1598,2,12,AUDI A3,5,E01011924,0,-1
2023332300462,2023,332300462,5,9,0,18,19,1,5,0,0,0,0,0,0,0,2,1,6,6,1,38,7,1598,2,13,AUDI A3,2,E01013678,0,-1
2023211341144,2023,211341144,1,9,-1,18,19,6,2,0,0,4,0,0,0,0,-1,1,6,6,2,24,5,1595,1,13,AUDI A3,2,E01029604,0,-1
2023141281680,2023,141281680,1,9,0,5,5,4,2,0,0,6,0,0,0,0,4,1,2,2,2,20,4,1598,2,7,AUDI A3,1,E01007341,0,-1
2023547063923,2023,547063923,1,9,0,5,5,2,6,0,0,6,0,0,0,0,1,1,6,6,1,-1,-1,1498,1,5,AUDI A3,-1,-1,0,-1
2023991382551,2023,991382551,1,9,0,18,19,7,2,0,0,1,1,0,4,6,1,1,6,6,1,22,5,1968,2,19,AUDI A3,2,-1,0,-1
2023010455261,2023,010455261,2,9,0,18,19,7,3,0,0,0,0,7,0,0,1,2,6,6,1,27,6,1595,1,11,AUDI A3,-1,-1,0,-1
2023010462470,2023,010462470,2,9,0,7,7,3,5,0,0,6,9,0,0,0,4,9,6,6,3,-1,-1,999,1,0,AUDI A3,3,E01004709,0,-1
2023010486149,2023,010486149,1,9,0,18,19,3,7,0,0,0,1,0,0,0,3,1,6,6,2,30,6,1395,8,0,AUDI A3,10,E01021450,0,-1
2023231269715,2023,231269715,2,9,0,18,19,6,2,0,0,0,0,0,2,3,1,1,6,6,2,42,7,1968,2,8,AUDI A3,7,E01031224,0,-1
2023201387633,2023,201387633,1,9,0,9,9,5,3,0,0,5,0,0,0,0,4,1,6,6,3,-1,-1,1598,2,8,AUDI A3,-1,-1,0,-1
2023052302585,2023,052302585,3,9,0,2,2,0,0,0,0,0,0,0,0,0,2,1,6,6,3,-1,-1,1595,1,14,AUDI A3,-1,-1,0,-1
2023430458646,2023,430458646,2,9,0,18,19,4,8,0,0,8,0,0,0,0,1,1,6,6,3,-1,-1,1395,1,10,AUDI A3,-1,-1,0,-1
2023541303223,2023,541303223,2,9,0,18,19,5,1,0,0,8,0,0,0,0,1,1,6,6,1,28,6,3189,1,18,AUDI A3,7,E01032024,0,-1
2023311350172,2023,311350172,1,9,0,18,19,5,1,0,0,0,0,4,0,0,4,1,5,6,2,53,8,1598,2,11,AUDI A3,7,E01028154,0,-1
2023211344535,2023,211344535,1,9,0,3,3,8,5,0,0,0,0,0,0,0,2,1,5,6,2,55,8,1498,1,3,AUDI A3,10,E01029628,0,-1
2023540229723,2023,540229723,2,9,0,17,19,8,4,0,0,0,0,0,0,0,1,1,6,6,2,41,7,1395,8,2,AUDI A3,6,E01015585,0,-1
2023522400863,2023,522400863,1,9,0,9,9,3,1,0,0,5,0,0,0,0,3,1,6,6,1,23,5,1968,2,15,AUDI A3,4,E01014573,0,-1
2023010456254,2023,010456254,2,9,0,99,99,9,9,99,99,9,9,99,9,99,9,9,6,6,3,-1,-1,1798,1,15,AUDI A3,-1,-1,0,-1
2023991344085,2023,991344085,1,9,0,18,19,7,3,0,0,0,0,0,0,0,1,1,6,6,1,62,9,1598,2,8,AUDI A3,10,-1,0,-1
2023201290904,2023,201290904,1,9,0,5,5,6,4,0,0,6,0,0,0,0,1,1,6,6,2,20,4,1798,1,9,AUDI A3,8,E01009730,0,-1
2023440310177,2023,440310177,2,9,0,18,19,1,5,0,0,0,0,0,0,0,3,1,6,6,3,-1,-1,1595,1,20,AUDI A3,-1,-1,0,-1
2023010445922,2023,010445922,1,9,0,18,19,7,3,0,0,8,0,0,0,0,1,2,6,6,1,39,7,1595,1,13,AUDI A3,9,E01003885,0,-1
2023010469507,2023,010469507,1,9,0,4,4,7,3,0,0,0,0,0,0,0,2,1,6,6,3,-1,-1,1197,1,11,AUDI A3,-1,-1,0,-1
2023010451870,2023,010451870,1,9,0,99,99,9,9,99,99,9,9,99,9,99,2,9,6,6,1,34,6,1595,1,17,AUDI A3,4,E01001097,0,-1
2023010475219,2023,010475219,1,9,0,18,19,5,1,0,0,1,1,11,0,0,1,1,6,6,2,69,10,1395,1,6,AUDI A3,10,E01000280,0,-1
2023010466539,2023,010466539,3,9,0,2,2,0,0,0,0,5,0,0,0,0,4,1,6,6,3,-1,-1,1595,1,13,AUDI A3,-1,-1,0,-1
2023302300626,2023,302300626,1,9,0,18,19,3,7,0,0,0,0,0,7,7,3,1,2,2,2,28,6,1395,1,7,AUDI A3,1,E01013893,0,-1
2023131330266,2023,131330266,1,9,0,18,19,7,3,0,0,1,0,0,0,0,4,1,1,1,1,65,9,1595,1,13,AUDI A3,9,E01027619,0,-1
2023010468588,2023,010468588,2,9,0,99,99,9,9,99,99,9,9,99,9,99,9,9,6,6,3,-1,-1,1197,1,12,AUDI A3,-1,-1,0,-1
2023501353281,2023,501353281,2,9,0,18,19,1,5,0,0,4,0,0,0,0,1,1,6,6,2,75,10,1781,1,22,AUDI A3,8,E01020261,0,-1
2023141318232,2023,141318232,1,9,0,17,19,1,5,0,0,0,0,0,0,0,1,1,5,6,1,27,6,1896,2,14,AUDI A3,6,E01007319,0,-1
2023131293223,2023,131293223,1,9,0,18,19,3,7,0,0,1,1,0,1,6,1,1,5,6,2,19,4,999,1,1,AUDI A3,1,E01010845,0,-1
2023010454086,2023,010454086,2,9,0,99,99,9,9,99,99,9,9,99,9,99,1,9,6,6,2,-1,-1,1390,1,12,AUDI A3,7,E01004153,0,-1
2023141354567,2023,141354567,1,9,0,9,9,5,2,0,0,6,0,0,0,0,1,1,6,6,2,39,7,1896,2,15,AUDI A3,1,E01008096,0,-1
2023170S22263,2023,170S22263,1,9,0,9,9,6,5,0,0,8,0,0,0,0,3,1,6,6,2,40,7,1968,2,13,AUDI A3,3,E01012278,0,-1
2023332300305,2023,332300305,1,9,0,18,19,1,5,0,0,2,0,0,1,2,1,1,1,1,2,44,7,1781,1,25,AUDI A3,4,E01025899,0,-1
2023131317298,2023,131317298,1,9,0,18,19,3,7,0,0,0,0,0,0,0,3,1,6,6,1,31,6,1798,1,14,AUDI A3,2,E01011000,0,-1
2023451270502,2023,451270502,1,9,0,18,19,1,1,0,0,1,0,0,0,0,2,1,5,6,1,46,8,1968,2,11,AUDI A3,9,E01031719,0,-1
2023131389060,2023,131389060,1,9,0,17,19,7,3,0,0,0,0,6,0,0,4,1,6,6,1,40,7,1598,2,9,AUDI A3,1,E01010612,0,-1
2023332300409,2023,332300409,2,9,0,18,19,5,1,0,0,0,0,0,0,0,1,1,6,6,3,-1,-1,1968,2,2,AUDI A3,-1,-1,0,-1
2023520300755,2023,520300755,2,9,0,16,19,6,2,0,0,0,0,0,0,0,3,1,6,6,3,-1,-1,1598,2,9,AUDI A3,-1,-1,0,-1
2023421323221,2023,421323221,1,9,0,18,19,7,3,5,5,0,0,7,0,0,1,1,6,6,1,24,5,1968,2,19,AUDI A3,3,E01033051,0,-1
2023101322142,2023,101322142,1,9,0,16,19,5,1,0,0,0,1,4,0,0,1,1,5,6,1,31,6,1595,1,13,AUDI A3,-1,-1,0,-1
2023311301707,2023,311301707,1,9,0,5,5,2,6,0,0,0,0,0,0,0,4,1,6,6,2,-1,-1,1498,1,0,AUDI A3,-1,-1,0,-1
2023522301134,2023,522301134,2,9,0,13,13,9,9,0,0,8,0,0,0,0,3,1,6,6,1,25,5,1395,1,7,AUDI A3,9,E01014943,0,-1