collision_index,collision_year,collision_ref_no,vehicle_reference,vehicle_type,towing_and_articulation,vehicle_manoeuvre_historic,vehicle_manoeuvre,vehicle_direction_from,vehicle_direction_to,vehicle_location_restricted_lane_historic,vehicle_location_restricted_lane,junction_location,skidding_and_overturning,hit_object_in_carriageway,vehicle_leaving_carriageway,hit_object_off_carriageway,first_point_of_impact,vehicle_left_hand_drive,journey_purpose_of_driver_historic,journey_purpose_of_driver,sex_of_driver,age_of_driver,age_band_of_driver,engine_capacity_cc,propulsion_code,age_of_vehicle,generic_make_model,driver_imd_decile,lsoa_of_driver,escooter_flag,driver_distance_banding
2023131350608,2023,131350608,2,9,0,18,19,7,3,0,0,0,0,0,0,0,1,1,5,6,1,32,6,1598,2,10,AUDI A3,2,E01010619,0,-1
2023430573541,2023,430573541,1,9,0,18,19,6,2,0,0,8,0,0,7,9,1,1,6,6,1,51,8,1395,1,6,AUDI A3,4,E01017567,0,-1
2023332300857,2023,332300857,1,9,0,17,19,1,4,0,0,0,1,0,7,11,1,1,6,6,1,25,5,1968,2,15,AUDI A3,9,E01025619,0,-1
2023411305598,2023,411305598,2,9,0,5,5,2,4,0,0,0,0,0,0,0,1,1,1,1,1,56,9,1598,2,4,AUDI A3,8,E01021337,0,-1
2023131376381,2023,131376381,3,9,0,18,19,1,1,0,0,8,0,0,0,0,2,1,5,6,2,38,7,1498,1,3,AUDI A3,2,E01010621,0,-1
2023041309725,2023,041309725,2,9,0,18,19,4,8,0,0,0,0,0,0,0,1,1,6,6,1,38,7,1968,2,12,AUDI A3,3,E01025210,0,-1
2023141321101,2023,141321101,1,9,0,17,19,3,7,0,0,0,0,0,0,0,1,1,6,6,2,22,5,1968,2,15,AUDI A3,1,E01007511,0,-1
2023430210924,2023,430210924,1,9,0,17,19,8,5,0,0,0,0,0,2,4,1,1,6,6,2,24,5,1798,1,8,AUDI A3,6,E01017852,0,-1
2023131283142,2023,131283142,1,9,0,9,9,3,7,0,0,8,0,0,0,0,1,1,6,6,2,33,6,1968,2,17,AUDI A3,10,E01011563,0,-1
2023552300861,2023,552300861,2,9,0,18,19,4,8,0,0,0,0,0,0,0,4,1,2,2,1,24,5,1390,1,15,AUDI A3,10,E01022867,0,-1
2023010470940,2023,010470940,2,9,0,18,19,5,1,0,0,0,0,0,0,0,3,1,6,6,1,72,10,1395,1,7,AUDI A3,8,E01002132,0,-1
2023430018857,2023,430018857,2,9,0,18,19,4,8,0,0,0,0,0,0,0,1,1,6,6,3,-1,-1,1896,2,19,AUDI A3,-1,-1,0,-1
2023991325956,2023,991325956,1,9,0,9,9,1,7,0,0,1,0,0,0,0,3,1,5,6,1,47,8,999,1,2,AUDI A3,8,-1,0,-1
2023131307048,2023,131307048,1,9,0,18,19,5,1,0,0,0,0,0,0,0,1,1,5,6,2,19,4,1598,2,7,AUDI A3,2,E01007636,0,-1
2023421300697,2023,421300697,2,9,0,3,3,2,6,0,0,3,0,0,0,0,3,1,5,6,2,26,6,1595,1,13,AUDI A3,10,E01021929,0,-1
2023461375284,2023,461375284,1,9,0,18,19,7,3,0,0,1,0,0,0,0,1,1,5,6,2,48,8,1598,2,13,AUDI A3,1,E01024658,0,-1
2023411382798,2023,411382798,1,9,0,4,4,6,2,0,0,1,0,0,0,0,1,1,2,2,1,21,5,1896,2,20,AUDI A3,3,E01023958,0,-1
2023211296398,2023,211296398,6,9,0,3,3,6,6,0,0,1,0,0,0,0,1,1,6,6,2,54,8,1968,2,10,AUDI A3,-1,-1,0,-1
2023010469914,2023,010469914,1,9,0,99,99,9,9,99,99,9,9,99,9,99,9,9,6,6,2,24,5,1197,1,10,AUDI A3,3,E01002457,0,-1
2023201390582,2023,201390582,1,9,0,18,19,6,2,0,0,0,0,0,0,0,1,1,3,7,2,33,6,1968,2,18,AUDI A3,1,E01010455,0,-1
2023991346221,2023,991346221,2,9,0,16,19,7,3,0,0,0,0,0,1,0,1,1,6,6,1,55,8,1968,2,5,AUDI A3,6,-1,0,-1
2023111349800,2023,111349800,1,9,0,17,19,8,5,0,0,2,1,0,1,0,1,1,6,6,1,54,8,1968,2,10,AUDI A3,-1,-1,0,-1
2023211333341,2023,211333341,1,9,-1,-1,-1,-1,-1,-1,-1,-1,-1,-1,-1,0,-1,1,6,6,1,-1,-1,1595,1,18,AUDI A3,-1,-1,0,-1
2023451290126,2023,451290126,3,9,0,18,19,3,7,0,0,0,0,0,0,0,2,1,2,2,1,30,6,1968,2,10,AUDI A3,8,E01023136,0,-1
2023101295161,2023,101295161,1,9,0,3,3,5,1,0,0,0,0,0,0,0,2,1,6,6,1,43,7,1498,1,2,AUDI A3,-1,-1,0,-1
2023201261491,2023,201261491,1,9,0,18,19,4,8,0,0,0,0,10,6,0,1,1,6,6,1,29,6,1968,2,6,AUDI A3,1,E01009143,0,-1
2023461310839,2023,461310839,4,9,0,4,4,3,7,0,0,0,0,0,0,0,1,1,6,6,2,22,5,1968,2,18,AUDI A3,5,E01032654,0,-1
2023340WN2372,2023,340WN2372,2,9,0,18,19,1,5,0,0,8,0,0,0,0,3,1,6,6,1,30,6,1595,1,17,AUDI A3,8,E01026993,0,-1
2023471281530,2023,471281530,1,9,0,7,7,1,5,0,0,1,1,0,7,11,1,1,5,6,1,18,4,1595,1,18,AUDI A3,2,E01016975,0,-1
2023501365504,2023,501365504,1,9,0,18,19,6,2,0,0,1,0,0,0,0,1,1,5,6,1,41,7,1968,2,18,AUDI A3,4,E01020330,0,-1
2023552301499,2023,552301499,1,9,0,9,9,5,2,0,0,5,0,0,0,0,1,1,6,6,1,72,10,1896,2,14,AUDI A3,5,E01015456,0,-1
2023461366259,2023,461366259,2,9,0,18,19,5,1,0,0,1,0,0,0,0,1,1,5,6,1,22,5,999,1,4,AUDI A3,4,E01004258,0,-1
2023010460709,2023,010460709,2,9,0,9,9,5,3,0,0,5,0,0,0,0,3,2,6,6,2,37,7,1395,1,9,AUDI A3,-1,-1,0,-1
2023401276512,2023,401276512,1,9,0,18,19,-1,-1,0,0,0,0,0,0,0,3,1,6,6,2,24,5,1197,1,9,AUDI A3,3,E01015788,0,-1
2023161295293,2023,161295293,1,9,0,18,19,8,4,0,0,2,0,10,0,0,4,1,5,6,2,25,5,1598,2,12,AUDI A3,2,E01012949,0,-1
2023010452888,2023,010452888,2,9,0,99,99,9,9,99,99,9,9,99,9,99,1,9,6,6,3,-1,-1,1197,1,7,AUDI A3,6,E01003157,0,-1
2023131375735,2023,131375735,1,9,0,4,4,1,5,0,0,0,0,0,0,0,2,1,5,6,2,26,6,1595,1,17,AUDI A3,1,E01010616,0,-1
2023122301234,2023,122301234,1,9,0,9,9,7,5,0,0,6,0,0,0,0,3,1,6,6,1,57,9,1498,1,3,AUDI A3,9,E01027556,0,-1
2023320589206,2023,320589206,3,9,0,2,2,0,0,0,0,1,0,0,0,0,2,1,6,6,3,-1,-1,1598,2,8,AUDI A3,-1,-1,0,-1
2023131317631,2023,131317631,1,9,0,-1,-1,5,1,-1,-1,-1,-1,-1,-1,-1,1,1,6,6,3,-1,-1,1968,2,9,AUDI A3,-1,-1,0,-1
2023430355732,2023,430355732,2,9,0,18,19,5,1,0,0,1,0,0,0,0,1,1,6,6,1,28,6,1598,2,13,AUDI A3,-1,-1,0,-1
2023010480731,2023,010480731,2,9,0,99,99,9,9,99,99,9,9,99,9,99,1,9,6,6,3,-1,-1,1395,1,8,AUDI A3,-1,-1,0,-1
2023201378651,2023,201378651,1,9,0,9,9,7,6,0,0,3,0,0,0,0,1,1,6,6,2,23,5,999,1,0,AUDI A3,3,E01009086,0,-1
2023010463510,2023,010463510,2,9,9,99,99,9,9,99,99,9,9,99,9,99,9,9,6,6,1,19,4,1395,1,9,AUDI A3,6,E01002655,0,-1
2023010479830,2023,010479830,2,9,0,2,2,0,0,0,0,2,0,0,0,0,2,1,6,6,3,-1,-1,1595,1,15,AUDI A3,-1,-1,0,-1
2023010481755,2023,010481755,1,9,0,9,9,4,1,0,0,1,0,0,0,0,0,1,6,6,1,37,7,1598,2,9,AUDI A3,5,E01001354,0,-1
2023201366991,2023,201366991,2,9,0,18,19,6,2,0,0,0,0,0,0,0,1,1,6,6,3,-1,-1,1595,1,16,AUDI A3,-1,-1,0,-1
2023201381968,2023,201381968,2,9,0,18,19,2,6,0,0,2,0,0,0,0,2,1,3,7,2,34,6,1598,2,7,AUDI A3,1,E01009020,0,-1
2023161334183,2023,161334183,1,9,0,18,19,7,3,0,0,0,0,0,1,4,1,1,2,2,1,31,6,1968,2,11,AUDI A3,1,E01011428,0,-1
2023010461576,2023,010461576,1,9,0,99,99,9,9,99,99,9,9,99,9,99,1,9,6,6,1,44,7,1498,1,4,AUDI A3,5,E01002361,0,-1
2023131357108,2023,131357108,6,9,0,2,2,0,0,0,0,0,0,0,0,0,1,1,6,6,3,-1,-1,1968,2,12,AUDI A3,-1,-1,0,-1
2023131326219,2023,131326219,1,9,0,7,7,1,7,0,0,0,0,0,0,0,4,1,6,6,3,-1,-1,1498,1,4,AUDI A3,-1,-1,0,-1
2023201411044,2023,201411044,1,9,0,18,19,3,7,0,0,8,0,0,0,0,1,1,6,6,2,45,7,1498,1,4,AUDI A3,6,E01010075,0,-1
2023010446651,2023,010446651,2,9,0,18,19,5,1,0,0,0,0,0,0,0,1,1,6,6,1,26,6,1984,1,18,AUDI A3,2,E01032787,0,-1
2023461279981,2023,461279981,4,9,0,18,19,3,7,0,0,1,0,0,0,0,1,1,6,6,2,42,7,1968,2,10,AUDI A3,3,E01024509,0,-1
2023201348271,2023,201348271,2,9,0,18,19,6,2,0,0,0,0,0,0,0,2,1,2,2,1,36,7,1896,2,20,AUDI A3,3,E01010092,0,-1
2023552400157,2023,552400157,1,9,0,18,19,7,3,0,0,0,0,4,0,0,1,1,6,6,2,33,6,1896,2,14,AUDI A3,6,E01015317,0,-1
2023041259721,2023,041259721,2,9,0,18,19,1,5,0,0,2,0,0,0,0,4,2,2,2,1,39,7,3189,1,19,AUDI A3,10,E01025327,0,-1
2023311329781,2023,311329781,1,9,0,7,7,5,1,0,0,1,0,0,7,0,1,1,5,6,1,82,11,1598,2,9,AUDI A3,10,E01028218,0,-1
2023101266601,2023,101266601,1,9,0,9,9,8,5,0,0,8,0,0,0,0,4,1,6,6,1,30,6,1598,2,11,AUDI A3,-1,-1,0,-1
2023311339366,2023,311339366,2,9,0,18,19,1,5,0,0,8,0,0,0,0,1,1,2,2,2,35,6,999,1,2,AUDI A3,9,E01033391,0,-1
2023010477797,2023,010477797,1,9,0,99,99,9,9,99,99,0,9,99,9,99,4,9,6,6,2,32,6,1595,1,15,AUDI A3,6,E01002135,0,-1
2023311367824,2023,311367824,1,9,0,9,9,8,6,0,0,1,0,0,0,0,1,1,5,6,1,18,4,1595,1,13,AUDI A3,3,E01013930,0,-1
2023401370220,2023,401370220,1,9,0,18,19,1,3,0,0,0,0,12,1,2,1,1,6,6,3,-1,-1,2480,1,3,AUDI RSQ3,-1,-1,0,-1
2023010436646,2023,010436646,1,9,0,18,19,4,8,0,0,0,0,0,0,0,1,1,6,6,1,25,5,2480,1,2,AUDI RSQ3,-1,-1,0,-1
2023101327378,2023,101327378,1,9,0,18,19,8,2,0,0,0,1,0,0,0,1,1,6,6,3,-1,-1,2480,1,9,AUDI RSQ3,-1,-1,0,-1
202360A008416,2023,60A008416,1,9,0,18,19,7,5,0,0,6,0,0,0,0,1,1,6,6,2,45,7,2480,1,7,AUDI RSQ3,-1,-1,0,-1
2023070476507,2023,070476507,1,9,0,1,1,1,5,0,0,0,0,0,0,11,2,1,6,6,1,63,9,2480,1,4,AUDI RSQ3,10,E01018468,0,-1
2023041357444,2023,041357444,1,9,0,9,9,1,1,0,0,8,0,0,0,0,3,1,1,1,1,52,8,2480,1,8,AUDI RSQ3,8,E01004985,0,-1
2023010484090,2023,010484090,1,9,0,18,19,3,7,0,0,5,1,0,2,11,3,1,6,6,1,23,5,2480,1,3,AUDI RSQ3,-1,-1,0,-1
2023010477557,2023,010477557,1,9,0,18,19,8,4,0,0,1,0,0,7,4,1,1,6,6,1,30,6,2480,1,1,AUDI RSQ3,2,E01003112,0,-1
2023311308593,2023,311308593,1,9,0,18,19,3,7,0,0,0,1,0,7,0,1,1,5,6,1,28,6,2480,1,4,AUDI RSQ3,-1,-1,0,-1
2023320621980,2023,320621980,2,9,0,4,4,4,8,0,0,0,0,0,0,0,2,1,6,6,1,45,7,2480,1,8,AUDI RSQ3,7,E01017288,0,-1
2023041345369,2023,041345369,2,9,0,18,19,1,5,0,0,1,0,0,0,0,2,1,6,6,1,24,5,2480,1,9,AUDI RSQ3,2,E01012630,0,-1
2023430041579,2023,430041579,1,9,0,18,19,6,2,0,0,0,0,0,0,0,1,1,6,6,2,28,6,2480,1,9,AUDI RSQ3,10,E01017806,0,-1
2023010440493,2023,010440493,2,9,0,99,99,9,9,99,99,9,9,99,9,99,2,9,6,6,3,-1,-1,1995,2,6,BMW X4,-1,-1,0,-1
2023010482901,2023,010482901,1,9,0,9,9,5,3,0,0,5,0,0,0,0,1,1,6,6,1,31,6,1995,2,5,BMW X4,4,E01001087,0,-1
2023010440490,2023,010440490,2,9,0,99,99,9,9,99,99,9,9,99,9,99,1,9,6,6,3,-1,-1,2998,1,2,BMW X4,-1,-1,0,-1
2023991332200,2023,991332200,1,9,0,9,9,1,7,0,0,0,0,0,0,0,3,1,5,6,1,77,11,2993,12,2,BMW X4,5,-1,0,-1
2023421296433,2023,421296433,4,9,0,10,10,6,3,0,0,0,0,0,0,0,2,1,5,6,1,71,10,1995,2,6,BMW X4,6,E01021723,0,-1
2023302301467,2023,302301467,2,9,0,9,9,2,8,0,0,1,0,0,0,0,1,1,6,6,1,31,6,1995,2,4,BMW X4,8,E01019586,0,-1
2023991321609,2023,991321609,2,9,0,10,10,4,1,0,0,1,0,0,0,0,2,1,2,2,2,31,6,2993,2,6,BMW X4,8,-1,0,-1
2023010456251,2023,010456251,1,9,0,18,19,3,7,0,0,3,0,0,0,0,1,1,6,6,1,65,9,2993,2,7,BMW X4,3,E01003603,0,-1
2023010467909,2023,010467909,3,9,0,3,3,1,5,0,0,1,0,0,0,0,2,1,6,6,1,36,7,1995,2,6,BMW X4,2,E01000998,0,-1
2023547385523,2023,547385523,3,9,0,3,3,3,7,0,0,0,0,0,0,0,2,1,6,6,2,50,8,1995,12,3,BMW X4,-1,-1,0,-1
2023041316886,2023,041316886,2,9,0,18,19,3,7,9,9,8,0,0,1,1,3,1,2,2,1,50,8,1995,12,3,BMW X4,3,E01012587,0,-1
2023010448421,2023,010448421,1,9,0,9,9,5,2,0,0,2,0,0,0,0,1,1,6,6,1,22,5,2993,1,4,BMW X4,4,E01004418,0,-1
2023010463079,2023,010463079,3,9,0,18,19,8,4,0,0,0,2,4,0,0,1,1,6,6,2,19,4,1995,12,2,BMW X4,9,E01000667,0,-1
2023010449416,2023,010449416,1,9,0,3,3,3,7,0,0,2,1,0,0,0,3,1,3,7,2,47,8,1995,2,6,BMW X4,2,E01001437,0,-1
2023201315297,2023,201315297,2,9,0,17,19,8,6,0,0,8,0,0,0,0,4,1,6,6,1,41,7,2993,2,6,BMW X4,1,E01009951,0,-1
2023010444914,2023,010444914,1,9,0,18,19,5,1,0,0,2,0,0,0,0,0,1,6,6,1,23,5,1995,2,3,BMW X4,4,E01001182,0,-1
2023061317562,2023,061317562,2,9,0,18,19,6,2,0,0,5,0,0,0,0,3,1,3,7,2,42,7,2993,2,5,BMW X4,2,E01005447,0,-1
2023221335592,2023,221335592,2,9,0,17,19,2,7,0,0,1,0,0,0,0,1,1,5,6,1,44,7,2993,2,7,BMW X4,2,E01014042,0,-1
2023010446552,2023,010446552,2,9,0,18,19,3,7,0,0,1,0,0,0,0,1,1,6,6,2,29,6,2993,2,4,BMW X4,3,E01001440,0,-1
2023401380446,2023,401380446,1,9,0,18,19,1,5,9,9,1,0,0,0,0,1,1,5,6,1,67,10,2998,1,3,BMW X4,9,E01017445,0,-1
2023010419543,2023,010419543,2,9,0,2,2,0,0,0,0,2,0,4,0,0,2,1,6,6,3,-1,-1,1995,2,5,BMW X4,-1,-1,0,-1
2023010429040,2023,010429040,2,9,9,99,99,9,9,99,99,9,9,99,9,99,9,9,6,6,1,-1,-1,1995,2,4,BMW X4,9,E01021781,0,-1
2023010461431,2023,010461431,4,9,0,10,10,7,4,0,0,1,0,0,0,0,4,1,6,6,2,46,8,1995,2,4,BMW X4,3,E01021861,0,-1
2023461356767,2023,461356767,2,9,0,18,19,4,6,0,0,8,0,0,0,0,4,1,6,6,2,28,6,2998,1,4,BMW X4,7,E01024422,0,-1
2023131347005,2023,131347005,1,9,0,18,19,1,5,0,0,0,0,0,0,0,1,1,6,6,1,32,6,2993,2,5,BMW X4,8,E01011086,0,-1
2023010443641,2023,010443641,1,9,0,9,9,1,6,0,0,2,0,0,0,0,1,1,6,6,1,64,9,1995,2,5,BMW X4,2,E01004404,0,-1
2023010467173,2023,010467173,1,9,0,7,7,5,7,0,0,0,0,0,0,0,0,1,6,6,1,54,8,1995,12,0,BMW X4,7,E01003682,0,-1
2023010438745,2023,010438745,1,9,0,18,19,1,5,0,0,8,1,0,7,7,1,1,6,6,1,23,5,2993,2,4,BMW X4,2,E01004424,0,-1
2023361345559,2023,361345559,1,9,0,18,19,0,0,0,0,0,0,6,1,0,1,1,6,6,1,48,8,1995,2,4,BMW X4,9,E01002384,0,-1
2023010439019,2023,010439019,2,9,9,99,99,9,9,99,99,9,9,99,9,99,9,2,6,6,3,28,6,1995,2,6,BMW X4,9,E01021560,0,-1
2023451319545,2023,451319545,2,9,0,1,1,7,3,0,0,0,0,0,0,0,2,1,6,6,2,30,6,1995,2,9,BMW X4,9,E01030690,0,-1
2023311308288,2023,311308288,2,9,0,3,3,2,6,0,0,1,0,0,0,0,2,1,6,6,1,56,9,2993,2,7,BMW X4,-1,-1,0,-1
2023010446093,2023,010446093,2,9,0,18,19,3,7,0,0,8,1,0,0,0,4,1,6,6,1,25,5,1995,2,6,BMW X4,3,E01004012,0,-1
2023522301748,2023,522301748,1,9,0,10,10,5,3,0,0,1,0,0,0,0,2,1,6,6,2,54,8,1995,2,4,BMW X4,2,E01014660,0,-1
2023010476829,2023,010476829,3,9,0,7,7,6,1,0,0,6,0,0,0,0,3,1,6,6,2,32,6,2993,2,4,BMW X4,6,E01001070,0,-1
2023010477378,2023,010477378,2,9,0,99,99,9,9,99,99,9,9,99,9,99,1,9,6,6,3,-1,-1,1995,2,5,BMW X4,-1,-1,0,-1
2023010422336,2023,010422336,2,9,0,99,99,9,9,99,99,9,9,99,9,99,1,9,6,6,3,-1,-1,2993,2,7,BMW X4,-1,-1,0,-1
2023201327184,2023,201327184,3,9,0,18,19,4,8,0,0,0,0,0,0,0,2,1,2,2,1,37,7,1995,2,6,BMW X4,9,E01010328,0,-1
2023461354395,2023,461354395,2,9,0,7,7,5,7,0,0,3,0,0,0,0,2,1,6,6,1,39,7,2993,2,5,BMW X4,8,E01000695,0,-1
2023201309945,2023,201309945,1,9,0,18,19,8,4,0,0,2,0,0,0,0,1,1,6,6,1,45,7,2993,1,4,BMW X4,7,E01010184,0,-1
2023451325070,2023,451325070,1,9,0,15,15,7,3,0,0,1,0,0,0,0,1,1,5,6,1,53,8,1995,2,3,BMW X4,10,E01030762,0,-1
2023010462701,2023,010462701,4,9,0,18,19,7,3,0,0,2,0,0,0,0,1,1,6,6,3,-1,-1,1995,12,2,BMW X4,-1,-1,0,-1
2023311267608,2023,311267608,2,9,0,18,19,5,1,0,0,8,0,0,0,0,1,1,5,6,1,41,7,2993,2,7,BMW X4,8,E01028000,0,-1
2023421390496,2023,421390496,2,9,0,18,19,1,5,0,0,0,0,0,0,0,2,1,5,6,1,42,7,1995,2,7,BMW X4,5,E01030061,0,-1
2023520300904,2023,520300904,1,9,0,18,19,7,3,0,0,0,0,0,0,0,1,1,6,6,1,56,9,2993,2,7,BMW X4,6,E01029227,0,-1
2023361320181,2023,361320181,1,9,0,5,5,1,5,0,0,1,0,0,0,0,1,1,1,1,2,45,7,2993,2,3,BMW X4,9,E01026503,0,-1
2023052300929,2023,052300929,1,9,0,18,19,7,3,0,0,0,0,0,1,10,1,1,6,6,1,27,6,2993,1,4,BMW X4,2,E01006742,0,-1
2023540709423,2023,540709423,1,9,0,17,19,5,1,0,0,0,1,0,1,2,1,1,6,6,1,23,5,1995,2,6,BMW X4,2,E01015573,0,-1
2023302300481,2023,302300481,1,9,0,18,19,5,1,0,0,2,1,0,2,4,1,1,6,6,1,22,5,1995,2,4,BMW X4,10,E01013564,0,-1
2023440478354,2023,440478354,2,9,0,4,4,4,8,0,0,0,0,0,0,0,2,1,6,6,1,62,9,2993,2,4,BMW X4,10,E01023229,0,-1
2023010424009,2023,010424009,1,9,0,5,5,3,7,0,0,1,0,0,0,0,4,1,6,6,2,29,6,1995,2,8,BMW X4,2,E01002809,0,-1
2023010468438,2023,010468438,2,9,0,99,99,9,9,99,99,9,9,99,9,99,1,9,6,6,3,-1,-1,1995,2,3,BMW X4,-1,-1,0,-1
2023010458101,2023,010458101,1,9,0,18,19,7,3,0,0,0,0,0,0,0,1,9,6,6,1,26,6,1995,2,5,BMW X4,4,E01001609,0,-1
2023031393670,2023,031393670,1,9,0,9,9,3,7,0,0,5,0,0,0,0,1,1,6,6,2,49,8,2993,2,6,BMW X4,6,E01019084,0,-1
2023010454864,2023,010454864,2,9,0,99,99,9,9,99,99,0,9,99,9,99,2,9,6,6,3,-1,-1,2993,2,4,BMW X4,-1,-1,0,-1
2023421399189,2023,421399189,1,9,0,18,19,3,5,0,0,1,1,11,1,10,1,1,6,6,1,18,4,1995,2,4,BMW X4,2,E01015954,0,-1
2023141319803,2023,141319803,1,9,0,3,3,7,3,0,0,0,0,0,0,0,2,1,5,6,2,64,9,2993,12,2,BMW X4,9,E01013251,0,-1
2023010463488,2023,010463488,2,9,0,99,99,9,9,99,99,9,9,99,9,99,1,9,6,6,3,-1,-1,1995,2,6,BMW X4,-1,-1,0,-1
2023471321391,2023,471321391,2,9,0,4,4,7,3,0,0,0,0,0,0,0,2,1,5,6,1,52,8,2000,2,9,BMW X4,10,E01030593,0,-1
2023010440091,2023,010440091,1,9,0,99,99,9,9,99,99,9,9,99,9,99,2,9,6,6,1,31,6,1995,2,4,BMW X4,3,E01000167,0,-1
2023451260378,2023,451260378,2,9,0,2,2,0,0,0,0,0,0,0,0,0,2,1,5,6,2,32,6,1995,2,7,BMW X4,3,E01004528,0,-1
2023201371660,2023,201371660,1,9,0,17,19,8,6,0,0,0,0,0,0,0,3,1,6,6,2,50,8,2993,2,7,BMW X4,3,E01009145,0,-1
2023010434055,2023,010434055,2,9,0,18,19,5,1,0,0,1,0,0,0,0,1,9,6,6,2,59,9,1995,2,8,BMW X4,2,E01003731,0,-1
2023161311166,2023,161311166,1,9,0,18,19,3,7,0,0,6,0,0,0,0,1,1,6,6,1,33,6,2998,1,5,BMW X4,-1,-1,0,-1
2023010457234,2023,010457234,1,9,0,18,19,8,4,0,0,2,0,0,0,0,4,1,6,6,2,59,9,2993,2,8,BMW X4,6,E01000267,0,-1
2023010462708,2023,010462708,2,9,0,18,19,3,7,0,0,0,0,0,0,0,0,1,6,6,1,24,5,2993,1,4,BMW X4,3,E01002526,0,-1
2023141393604,2023,141393604,1,9,0,18,19,7,3,0,0,0,0,0,0,0,4,2,2,2,1,49,8,999,1,1,DACIA JOGGER,2,E01007541,0,-1
2023041379582,2023,041379582,2,9,0,18,19,1,5,0,0,0,0,0,0,0,2,1,1,1,1,28,6,999,1,1,DACIA JOGGER,1,E01009886,0,-1
2023501307808,2023,501307808,2,9,0,4,4,5,2,0,0,0,0,0,0,0,2,1,6,6,2,31,6,999,1,0,DACIA JOGGER,3,E01020285,0,-1
2023122300725,2023,122300725,1,9,0,18,19,7,2,0,0,6,0,0,0,0,4,1,3,7,1,51,8,999,1,1,DACIA JOGGER,9,E01027655,0,-1
2023622300647,2023,622300647,1,9,0,18,19,4,8,0,0,1,0,0,0,0,1,1,2,2,2,42,7,999,1,1,DACIA JOGGER,10,W01001827,0,-1
2023061304508,2023,061304508,1,9,0,9,9,6,5,0,0,8,0,0,0,0,3,1,5,6,2,35,6,999,1,1,DACIA JOGGER,4,E01006278,0,-1
2023041357846,2023,041357846,2,9,0,10,10,1,5,0,0,1,0,0,0,0,2,1,2,2,2,39,7,999,1,1,DACIA JOGGER,9,E01012492,0,-1
2023010430811,2023,010430811,1,9,0,18,19,3,7,0,0,1,0,0,0,0,0,1,6,6,1,49,8,999,1,0,DACIA JOGGER,7,E01002918,0,-1
2023010452773,2023,010452773,2,9,0,4,4,3,7,0,0,1,0,0,0,0,2,1,6,6,2,37,7,999,1,0,DACIA JOGGER,2,E01003932,0,-1
2023161354953,2023,161354953,2,9,0,18,19,6,2,0,0,0,0,0,0,0,3,1,6,6,1,67,10,999,1,0,DACIA JOGGER,1,E01012798,0,-1
2023052302739,2023,052302739,1,9,0,9,9,3,1,0,0,6,0,0,0,0,1,1,6,6,1,35,6,999,1,0,DACIA JOGGER,1,E01006820,0,-1
2023052302523,2023,052302523,1,9,0,9,9,1,7,0,0,8,0,0,0,0,3,1,6,6,2,38,7,999,1,1,DACIA JOGGER,1,E01006429,0,-1
2023052300601,2023,052300601,2,9,0,4,4,1,5,0,0,1,0,0,0,0,2,1,6,6,2,39,7,999,1,0,DACIA JOGGER,1,E01006873,0,-1
2023552300065,2023,552300065,5,9,0,10,10,7,3,0,0,0,0,0,0,0,2,1,3,7,2,43,7,999,1,1,DACIA JOGGER,9,E01020399,0,-1
2023071160971,2023,071160971,2,9,0,4,4,1,5,0,0,0,0,0,0,0,1,1,6,6,1,58,9,999,1,0,DACIA JOGGER,9,E01029601,0,-1
2023332300816,2023,332300816,1,9,0,18,19,5,1,0,0,2,0,0,0,0,4,1,6,6,2,49,8,999,1,0,DACIA JOGGER,2,E01025856,0,-1
2023991346472,2023,991346472,2,9,0,3,3,2,6,0,0,1,0,0,0,0,2,2,5,6,1,61,9,999,1,0,DACIA JOGGER,-1,-1,0,-1
2023440429433,2023,440429433,2,9,0,2,2,0,0,0,0,0,0,0,0,0,3,1,6,6,1,-1,-1,999,1,1,DACIA JOGGER,-1,-1,0,-1
2023320240371,2023,320240371,3,9,0,3,3,2,6,0,0,0,0,0,0,0,2,1,3,7,1,41,7,999,1,0,DACIA JOGGER,-1,-1,0,-1
2023010468896,2023,010468896,1,9,0,99,99,9,9,99,99,9,9,99,9,99,9,9,2,2,1,47,8,999,1,1,DACIA JOGGER,5,E01000402,0,-1
2023131283042,2023,131283042,1,9,0,16,19,5,7,0,0,0,0,0,1,11,1,1,5,6,1,77,11,1248,2,9,-1,4,E01010798,0,-1
2023361341752,2023,361341752,7,9,0,18,19,3,7,0,0,0,0,0,0,0,0,1,1,1,2,40,7,1248,2,6,-1,3,E01026631,0,-1
2023070316580,2023,070316580,1,9,0,18,19,5,1,0,0,1,0,0,0,0,1,1,6,6,2,50,8,1248,2,7,-1,2,E01012457,0,-1
2023161387706,2023,161387706,1,9,0,4,4,1,5,0,0,0,0,0,0,0,2,1,6,6,2,56,9,1248,2,15,-1,2,E01027852,0,-1
2023010462830,2023,010462830,1,8,9,99,99,9,9,99,99,9,9,99,9,99,2,9,6,6,1,33,6,1248,2,6,-1,6,E01003149,0,-1
2023471349430,2023,471349430,1,9,0,5,5,5,1,0,0,4,0,0,0,0,1,1,6,6,1,40,7,1248,2,14,-1,5,E01031401,0,-1
2023451326709,2023,451326709,2,5,0,9,9,1,1,0,0,4,0,0,0,0,4,1,5,6,1,52,8,1450,1,19,-1,7,E01002473,0,-1