collision_index,collision_year,collision_ref_no,vehicle_reference,vehicle_type,towing_and_articulation,vehicle_manoeuvre_historic,vehicle_manoeuvre,vehicle_direction_from,vehicle_direction_to,vehicle_location_restricted_lane_historic,vehicle_location_restricted_lane,junction_location,skidding_and_overturning,hit_object_in_carriageway,vehicle_leaving_carriageway,hit_object_off_carriageway,first_point_of_impact,vehicle_left_hand_drive,journey_purpose_of_driver_historic,journey_purpose_of_driver,sex_of_driver,age_of_driver,age_band_of_driver,engine_capacity_cc,propulsion_code,age_of_vehicle,generic_make_model,driver_imd_decile,lsoa_of_driver,escooter_flag,driver_distance_banding
2023141363741,2023,141363741,1,3,0,18,19,5,1,0,0,8,0,0,0,0,3,1,6,6,1,44,7,125,1,18,-1,1,E01007902,0,-1
2023501308932,2023,501308932,1,9,0,18,19,3,7,0,0,2,0,0,0,0,1,1,3,7,2,41,7,1685,2,9,HYUNDAI IX35,8,E01020061,0,-1
2023170H10443,2023,170H10443,2,9,0,3,3,4,8,0,0,1,0,0,0,0,2,1,2,2,2,32,6,1685,2,9,HYUNDAI IX35,9,E01011997,0,-1
2023131332231,2023,131332231,1,9,0,-1,-1,-1,-1,-1,-1,-1,-1,-1,-1,-1,-1,1,6,6,3,-1,-1,1685,2,11,HYUNDAI IX35,-1,-1,0,-1
2023451355001,2023,451355001,2,9,0,7,7,3,5,0,0,8,0,0,0,0,2,1,3,7,2,33,6,1685,2,13,HYUNDAI IX35,10,E01030661,0,-1
2023111369039,2023,111369039,1,9,0,14,14,8,3,0,0,0,0,0,0,0,1,1,6,6,1,30,6,1685,2,9,HYUNDAI IX35,-1,-1,0,-1
2023201293141,2023,201293141,2,9,0,9,9,2,8,0,0,6,0,0,0,0,2,1,1,1,1,-1,-1,1591,1,10,HYUNDAI IX35,2,E01008883,0,-1
2023131383062,2023,131383062,1,9,0,18,19,5,1,0,0,1,0,0,0,0,4,1,5,6,1,71,10,1685,2,11,HYUNDAI IX35,2,E01011470,0,-1
2023201378348,2023,201378348,1,9,0,18,19,2,6,0,0,3,0,0,0,0,3,1,6,6,1,35,6,1995,2,13,HYUNDAI IX35,3,E01009876,0,-1
2023201344589,2023,201344589,1,9,0,17,19,4,2,0,0,0,0,0,0,0,1,1,6,6,2,-1,-1,1995,2,11,HYUNDAI IX35,-1,-1,0,-1
2023430043326,2023,430043326,2,9,0,18,19,2,6,0,0,0,0,0,0,0,1,1,6,6,1,-1,-1,1685,2,12,HYUNDAI IX35,-1,-1,0,-1
2023010454296,2023,010454296,3,9,0,99,99,9,9,99,99,9,9,99,9,99,1,9,6,6,3,-1,-1,1591,1,11,HYUNDAI IX35,-1,-1,0,-1
2023101265029,2023,101265029,1,9,0,18,19,3,7,0,0,1,0,0,0,0,1,1,6,6,2,58,9,1685,2,9,HYUNDAI IX35,-1,-1,0,-1
2023552301037,2023,552301037,2,9,0,18,19,6,2,0,0,0,0,0,0,0,4,1,6,6,1,33,6,1685,2,10,HYUNDAI IX35,9,E01020414,0,-1
2023061297810,2023,061297810,1,9,-1,-1,-1,-1,-1,-1,-1,-1,-1,-1,-1,0,-1,1,6,6,2,-1,-1,1995,2,8,HYUNDAI IX35,-1,-1,0,-1
2023111376962,2023,111376962,2,9,0,18,19,2,6,0,0,0,0,0,0,0,2,1,6,6,2,54,8,1685,2,9,HYUNDAI IX35,-1,-1,0,-1
2023471310100,2023,471310100,1,9,0,4,4,4,8,0,0,1,0,0,0,0,1,1,6,6,2,40,7,1995,2,10,HYUNDAI IX35,8,E01021140,0,-1
2023131328733,2023,131328733,1,9,0,13,13,5,1,0,0,0,0,0,0,0,3,1,5,6,2,33,6,1685,2,9,HYUNDAI IX35,1,E01010650,0,-1
2023461323457,2023,461323457,1,9,0,18,19,5,1,0,0,1,0,0,3,0,1,1,5,6,2,55,8,1995,2,13,HYUNDAI IX35,5,E01024551,0,-1
2023610012123,2023,610012123,1,9,0,16,19,3,6,0,0,5,0,0,0,0,2,1,6,6,1,74,10,1685,2,8,HYUNDAI IX35,9,W01001588,0,-1
2023041313521,2023,041313521,3,9,0,18,19,3,7,0,0,0,0,0,0,0,2,2,6,6,2,31,6,1685,2,11,HYUNDAI IX35,5,W01000218,0,-1
2023041313069,2023,041313069,2,9,0,9,9,3,1,0,0,3,0,0,0,0,1,1,1,1,1,38,7,1685,2,9,HYUNDAI IX35,4,E01025192,0,-1
2023041319151,2023,041319151,1,9,0,18,19,3,7,0,0,0,0,0,0,0,1,1,5,6,2,32,6,1685,2,13,HYUNDAI IX35,1,E01025248,0,-1
2023061358140,2023,061358140,1,9,0,18,19,1,5,0,0,0,0,0,0,0,1,1,6,6,1,36,7,1995,2,8,HYUNDAI IX35,10,E01018419,0,-1
2023361299113,2023,361299113,2,9,0,18,19,5,1,0,0,0,1,0,1,0,1,1,2,2,1,55,8,1685,2,10,HYUNDAI IX35,5,E01026487,0,-1
2023041316892,2023,041316892,1,9,0,18,19,1,5,0,0,0,0,0,0,0,1,2,2,2,1,46,8,1685,2,9,HYUNDAI IX35,3,E01012708,0,-1
2023141393157,2023,141393157,1,9,0,18,19,3,7,0,0,1,0,0,0,0,1,1,5,6,1,40,7,1995,2,13,HYUNDAI IX35,1,E01008065,0,-1
2023170H10413,2023,170H10413,1,9,0,18,19,5,1,0,0,1,0,0,0,0,1,1,6,6,2,57,9,1685,2,10,HYUNDAI IX35,5,E01011968,0,-1
2023131324803,2023,131324803,2,9,0,18,19,3,7,0,0,0,0,0,0,0,1,1,5,6,2,59,9,1591,1,9,HYUNDAI IX35,8,E01011459,0,-1
2023471382122,2023,471382122,6,9,0,4,4,7,3,0,0,0,0,0,0,0,2,1,6,6,1,82,11,1995,2,10,HYUNDAI IX35,7,E01016979,0,-1
2023531329110,2023,531329110,1,9,0,10,10,5,1,0,0,1,0,0,0,0,1,1,6,6,2,63,9,1685,2,10,HYUNDAI IX35,6,E01022268,0,-1
2023351282608,2023,351282608,2,9,0,18,19,-1,-1,0,0,0,0,0,0,0,2,1,5,6,2,52,8,1995,2,9,HYUNDAI IX35,-1,-1,0,-1
2023010424453,2023,010424453,2,9,0,99,99,9,9,99,99,9,9,99,9,99,9,9,6,6,1,45,7,1998,1,13,HYUNDAI IX35,-1,-1,0,-1
2023501286692,2023,501286692,1,9,0,18,19,1,5,0,0,4,0,0,0,0,1,1,6,6,2,36,7,1591,1,9,HYUNDAI IX35,5,E01019992,0,-1
2023131378919,2023,131378919,2,9,0,18,19,7,3,0,0,0,0,0,0,0,2,1,6,6,2,39,7,1685,2,10,HYUNDAI IX35,1,E01011922,0,-1
2023340NN0052,2023,340NN0052,1,9,0,4,4,6,2,0,0,1,0,0,1,11,1,1,1,1,2,44,7,1685,2,10,HYUNDAI IX35,5,E01032971,0,-1
202360A114209,2023,60A114209,1,9,0,5,5,6,2,0,0,6,0,0,0,0,1,1,6,6,2,40,7,1995,2,11,HYUNDAI IX35,-1,-1,0,-1
2023201372863,2023,201372863,3,9,0,2,2,0,0,0,0,0,0,0,0,0,3,1,6,6,3,-1,-1,1591,1,9,HYUNDAI IX35,-1,-1,0,-1
2023451323054,2023,451323054,3,9,0,2,2,0,0,9,9,1,0,0,0,0,2,1,6,6,3,-1,-1,1591,1,10,HYUNDAI IX35,-1,-1,0,-1
2023131307030,2023,131307030,3,9,0,4,4,7,3,0,0,0,0,0,0,0,2,1,2,2,2,42,7,1995,2,9,HYUNDAI IX35,3,E01011125,0,-1
2023991276817,2023,991276817,1,9,0,4,4,3,7,0,0,0,0,0,0,0,1,1,5,6,2,55,8,1685,2,12,HYUNDAI IX35,8,-1,0,-1
2023411315523,2023,411315523,2,9,0,18,19,7,3,0,0,1,0,0,0,0,2,1,5,6,2,30,6,1591,1,9,HYUNDAI IX35,8,E01017444,0,-1
2023302301688,2023,302301688,2,9,0,18,19,2,6,0,0,8,0,0,7,10,3,1,2,2,2,46,8,1995,2,10,HYUNDAI IX35,2,E01029450,0,-1
2023440107548,2023,440107548,1,9,0,18,19,6,2,0,0,0,0,0,0,0,3,1,6,6,2,25,5,1685,2,8,HYUNDAI IX35,6,E01032884,0,-1
2023440127985,2023,440127985,1,9,0,5,5,3,7,0,0,4,0,0,0,0,4,1,3,7,2,30,6,1995,2,11,HYUNDAI IX35,2,E01017165,0,-1
2023430387424,2023,430387424,2,9,0,18,19,4,8,0,0,2,0,0,0,0,3,1,6,6,2,47,8,1995,2,9,HYUNDAI IX35,10,E01028714,0,-1
2023461327439,2023,461327439,1,9,0,16,19,5,1,0,0,0,0,6,1,11,1,1,6,6,1,77,11,1685,2,8,HYUNDAI IX35,-1,-1,0,-1
2023421290742,2023,421290742,2,9,0,17,19,1,5,0,0,1,0,0,0,0,1,1,2,2,2,32,6,1995,2,12,HYUNDAI IX35,5,E01021954,0,-1
2023311357760,2023,311357760,1,9,0,5,5,1,5,0,0,1,0,0,0,0,3,1,6,6,1,64,9,1591,1,8,HYUNDAI IX35,1,E01013821,0,-1
2023010438023,2023,010438023,1,9,0,99,99,9,9,99,99,9,9,99,9,99,1,9,6,6,3,44,7,1591,1,10,HYUNDAI IX35,3,E01002105,0,-1
2023041313527,2023,041313527,1,9,0,5,5,5,1,0,0,4,0,0,0,0,1,1,6,6,1,60,9,1685,2,9,HYUNDAI IX35,2,E01012685,0,-1
2023471387402,2023,471387402,1,9,0,18,19,3,7,0,0,0,0,0,0,0,1,1,6,6,1,50,8,1685,2,9,HYUNDAI IX35,7,E01016870,0,-1
2023411325782,2023,411325782,2,9,0,18,19,4,8,0,0,0,0,0,0,0,2,1,6,6,2,50,8,1995,2,13,HYUNDAI IX35,5,E01023331,0,-1
2023440430343,2023,440430343,2,9,0,2,2,0,0,0,0,0,0,0,0,0,2,1,6,6,1,32,6,1685,2,9,HYUNDAI IX35,-1,-1,0,-1
2023131379092,2023,131379092,1,9,0,-1,-1,-1,-1,-1,-1,0,-1,-1,-1,0,-1,1,6,6,3,-1,-1,1685,2,10,HYUNDAI IX35,-1,-1,0,-1
2023361362018,2023,361362018,1,9,0,18,19,7,3,0,0,0,0,0,1,2,1,1,5,6,1,78,11,1685,2,11,HYUNDAI IX35,5,E01026870,0,-1
2023161383783,2023,161383783,1,9,0,9,9,7,4,9,9,0,0,0,0,0,1,1,3,7,1,43,7,1685,2,11,HYUNDAI IX35,1,E01012944,0,-1
2023991384185,2023,991384185,1,9,0,9,9,1,5,0,0,8,0,0,0,0,1,1,6,6,2,32,6,1685,2,9,HYUNDAI IX35,4,-1,0,-1
2023302301374,2023,302301374,2,9,0,2,2,0,0,9,9,0,0,0,0,0,3,1,6,6,1,46,8,1995,2,12,HYUNDAI IX35,1,E01010612,0,-1
2023061370246,2023,061370246,1,9,0,16,19,3,7,0,0,0,0,0,1,0,1,1,5,6,1,33,6,1685,2,8,HYUNDAI IX35,8,E01005011,0,-1
2023421314393,2023,421314393,2,9,0,2,2,5,5,0,0,0,0,0,0,0,2,1,6,6,3,-1,-1,1995,2,13,HYUNDAI IX35,-1,-1,0,-1
2023122300817,2023,122300817,1,9,0,4,4,3,7,0,0,1,0,0,0,0,1,1,6,6,2,45,7,1685,2,12,HYUNDAI IX35,4,E01011644,0,-1
2023131382311,2023,131382311,1,9,0,-1,-1,-1,-1,-1,-1,8,-1,-1,-1,0,-1,1,6,6,3,-1,-1,1995,2,10,HYUNDAI IX35,-1,-1,0,-1
2023131360041,2023,131360041,1,9,0,18,19,1,5,0,0,0,5,10,0,0,4,1,2,2,2,53,8,1685,2,9,HYUNDAI IX35,1,E01011695,0,-1
2023161380543,2023,161380543,1,9,0,18,19,4,8,0,0,1,0,0,0,0,3,1,2,2,1,27,6,1685,2,8,HYUNDAI IX35,3,E01012913,0,-1
2023471275000,2023,471275000,1,9,0,18,19,1,5,0,0,1,0,0,0,0,1,1,5,6,2,35,6,1685,2,9,HYUNDAI IX35,9,E01021053,0,-1
2023201324039,2023,201324039,1,9,0,9,9,7,5,0,0,8,0,0,0,0,1,1,6,6,2,41,7,1591,1,11,HYUNDAI IX35,2,E01008892,0,-1
2023552300840,2023,552300840,1,9,0,18,19,6,2,0,0,3,0,0,0,0,1,1,6,6,1,27,6,1685,2,12,HYUNDAI IX35,6,E01015454,0,-1
2023332300586,2023,332300586,1,9,0,18,19,8,4,0,0,0,2,10,1,0,1,1,6,6,1,38,7,1685,2,10,HYUNDAI IX35,4,E01026972,0,-1
2023501345513,2023,501345513,1,9,0,4,4,5,1,0,0,8,0,0,0,0,1,1,5,6,1,30,6,1685,2,11,HYUNDAI IX35,8,E01018886,0,-1
2023332300864,2023,332300864,1,9,0,4,4,5,1,0,0,1,0,0,0,0,1,1,6,6,1,59,9,1685,2,11,HYUNDAI IX35,3,E01025994,0,-1
2023201333048,2023,201333048,1,9,0,18,19,8,4,0,0,0,0,10,1,5,1,1,6,6,1,20,4,1685,2,10,HYUNDAI IX35,6,E01009776,0,-1
2023991394519,2023,991394519,1,9,0,5,5,5,8,9,9,0,0,0,0,0,2,1,6,6,1,52,8,1995,2,8,HYUNDAI IX35,10,E01018700,0,-1
2023320355178,2023,320355178,2,9,0,2,2,0,0,0,0,0,0,0,0,0,3,1,6,6,1,22,5,1685,2,9,HYUNDAI IX35,6,E01026260,0,-1
2023440409170,2023,440409170,1,9,0,9,9,5,4,0,0,6,0,0,0,0,1,1,6,6,1,45,7,1685,2,9,HYUNDAI IX35,2,E01017098,0,-1
2023131370312,2023,131370312,1,9,0,9,9,5,3,0,0,1,0,0,0,0,3,1,5,6,2,41,7,1995,2,10,HYUNDAI IX35,3,E01011322,0,-1
2023302300090,2023,302300090,1,9,0,18,19,2,6,0,0,8,0,0,0,0,3,1,6,6,2,33,6,1591,1,11,HYUNDAI IX35,4,E01013500,0,-1
2023501311074,2023,501311074,1,9,0,18,19,5,3,0,0,4,0,0,0,0,1,1,5,6,1,39,7,1685,2,11,HYUNDAI IX35,6,E01019023,0,-1
2023501375253,2023,501375253,2,9,0,5,5,1,5,0,0,4,0,0,0,0,1,1,5,6,2,33,6,1685,2,10,HYUNDAI IX35,4,E01015042,0,-1
2023430420878,2023,430420878,2,9,0,1,1,8,4,0,0,8,0,0,0,0,2,1,6,6,2,30,6,1995,2,11,HYUNDAI IX35,-1,-1,0,-1
2023041348855,2023,041348855,2,9,0,18,19,7,3,0,0,0,1,0,7,0,4,1,1,1,2,58,9,1995,2,9,HYUNDAI IX35,6,E01025563,0,-1
2023991312401,2023,991312401,1,9,0,18,19,5,1,0,0,0,0,0,0,0,1,1,5,6,1,34,6,1685,2,10,HYUNDAI IX35,10,-1,0,-1
2023071093595,2023,071093595,2,9,0,4,4,1,5,0,0,1,0,0,0,0,1,1,2,2,2,34,6,1685,2,8,HYUNDAI IX35,9,E01018737,0,-1
2023451304796,2023,451304796,1,9,0,18,19,3,7,0,0,0,0,0,0,0,1,1,5,6,1,43,7,1591,1,9,HYUNDAI IX35,10,E01030444,0,-1
2023131321324,2023,131321324,2,9,0,6,6,1,5,0,0,0,0,0,0,0,3,1,3,7,1,61,9,1685,2,9,HYUNDAI IX35,6,E01010634,0,-1
2023451367980,2023,451367980,2,9,0,3,3,3,7,0,0,1,0,0,0,0,2,1,5,6,2,25,5,1685,2,11,HYUNDAI IX35,6,E01030550,0,-1
2023440005252,2023,440005252,2,9,0,4,4,7,3,0,0,1,0,0,1,0,2,1,6,6,1,46,8,1685,2,9,HYUNDAI IX35,6,E01022925,0,-1
2023501321030,2023,501321030,1,9,0,18,19,5,1,0,0,0,0,0,0,0,1,1,6,6,1,26,6,1685,2,9,HYUNDAI IX35,5,E01020296,0,-1
2023451297603,2023,451297603,2,9,0,18,19,6,2,0,0,8,0,0,1,11,1,1,5,6,1,79,11,1995,2,8,HYUNDAI IX35,8,E01030867,0,-1
2023501400904,2023,501400904,1,9,0,10,10,1,7,0,0,5,0,0,7,10,2,1,5,6,2,26,6,1995,2,12,HYUNDAI IX35,4,E01019064,0,-1
2023010476747,2023,010476747,2,9,0,99,99,9,9,99,99,0,9,99,9,99,1,9,6,6,3,-1,-1,1685,2,11,HYUNDAI IX35,-1,-1,0,-1
2023991332935,2023,991332935,2,9,0,18,19,3,7,0,0,0,1,0,0,0,2,1,6,6,1,50,8,1685,2,8,HYUNDAI IX35,7,-1,0,-1
2023070454534,2023,070454534,2,9,0,8,8,5,1,0,0,1,0,2,0,0,2,1,6,6,1,44,7,1685,2,10,HYUNDAI IX35,8,E01006792,0,-1
2023041333719,2023,041333719,1,9,0,13,13,4,7,0,0,0,0,0,0,0,1,1,5,6,1,79,11,1995,2,9,HYUNDAI IX35,7,E01025161,0,-1
2023332300727,2023,332300727,2,9,0,9,9,8,6,0,0,6,0,0,0,0,3,1,6,6,2,43,7,1685,2,8,HYUNDAI IX35,8,E01020690,0,-1
2023052300195,2023,052300195,2,9,0,2,2,0,0,0,0,0,0,0,0,0,2,1,6,6,3,-1,-1,1685,2,9,HYUNDAI IX35,-1,-1,0,-1
2023302300888,2023,302300888,2,9,0,18,19,5,1,0,0,0,0,0,0,0,3,1,6,6,1,55,8,1591,1,9,HYUNDAI IX35,4,E01019823,0,-1
2023471275119,2023,471275119,1,9,0,18,19,7,3,0,0,1,0,0,0,0,4,1,6,6,2,52,8,1995,2,8,HYUNDAI IX35,6,E01031692,0,-1
2023542032223,2023,542032223,1,9,0,18,19,1,5,0,0,0,0,0,0,0,1,1,6,6,2,29,6,1685,2,10,HYUNDAI IX35,8,E01015534,0,-1
2023421343473,2023,421343473,1,9,0,4,4,1,5,0,0,0,0,0,7,0,1,1,5,6,2,30,6,1995,2,12,HYUNDAI IX35,7,E01030159,0,-1
2023031375748,2023,031375748,4,9,0,18,19,7,3,0,0,0,0,0,0,0,3,1,6,6,1,34,6,1685,2,8,HYUNDAI IX35,3,E01019272,0,-1
2023070198583,2023,070198583,1,9,0,7,7,8,4,0,0,0,0,0,0,0,4,1,6,6,2,34,6,1685,2,8,HYUNDAI IX35,4,E01018672,0,-1
2023131382030,2023,131382030,2,9,0,9,9,3,1,0,0,1,0,0,0,0,4,1,1,1,1,47,8,1685,2,11,HYUNDAI IX35,3,E01008148,0,-1
2023531290005,2023,531290005,4,9,0,3,3,1,5,0,0,0,0,0,0,0,2,1,3,7,2,33,6,1685,2,10,HYUNDAI IX35,6,E01032934,0,-1
2023311379662,2023,311379662,2,9,0,9,9,4,1,0,0,8,0,0,0,0,1,1,5,6,1,31,6,1591,1,9,HYUNDAI IX35,3,E01027964,0,-1
2023061293060,2023,061293060,1,9,0,18,19,1,5,0,0,0,0,0,0,0,1,1,6,6,1,51,8,1995,2,11,HYUNDAI IX35,1,E01004979,0,-1
2023991348814,2023,991348814,2,9,0,18,19,8,4,0,0,6,0,0,0,0,1,1,6,6,2,51,8,1591,1,9,HYUNDAI IX35,8,-1,0,-1
2023622400025,2023,622400025,3,9,0,18,19,3,7,0,0,0,0,0,0,0,1,1,6,6,2,25,5,1685,2,11,HYUNDAI IX35,3,W01001247,0,-1
2023211340939,2023,211340939,1,9,0,18,19,6,2,0,0,0,0,0,0,0,4,1,6,6,3,-1,-1,1995,2,11,HYUNDAI IX35,-1,-1,0,-1
2023471292733,2023,471292733,2,9,0,2,2,0,0,9,9,0,0,0,0,0,2,1,6,6,3,-1,-1,1685,2,12,HYUNDAI IX35,-1,-1,0,-1
2023131293726,2023,131293726,1,9,0,2,2,1,1,0,0,2,0,0,0,0,1,1,5,6,1,80,11,1685,2,10,HYUNDAI IX35,6,E01027889,0,-1
2023201411310,2023,201411310,1,9,0,18,19,1,5,0,0,8,0,0,0,0,4,1,6,6,1,36,7,1591,1,11,HYUNDAI IX35,-1,-1,0,-1
2023340WN2962,2023,340WN2962,2,9,0,18,19,4,1,0,0,3,0,0,0,0,4,1,2,2,1,69,10,1995,2,12,HYUNDAI IX35,2,E01026992,0,-1
2023471260045,2023,471260045,1,9,0,5,5,3,7,0,0,1,0,0,0,0,1,1,6,6,1,-1,-1,1591,1,11,HYUNDAI IX35,5,E01021064,0,-1
2023991304647,2023,991304647,3,9,0,18,19,8,3,0,0,0,0,0,0,0,2,1,6,6,2,32,6,1685,2,9,HYUNDAI IX35,-1,-1,0,-1
2023501358778,2023,501358778,2,9,0,18,19,4,5,0,0,0,0,0,0,0,2,1,3,7,2,36,7,1685,2,8,HYUNDAI IX35,-1,-1,0,-1
2023111383229,2023,111383229,2,9,0,18,19,5,1,0,0,0,0,0,0,0,3,1,2,2,1,32,6,1685,2,9,HYUNDAI IX35,4,E01008209,0,-1
2023010436450,2023,010436450,1,9,0,18,19,5,1,0,0,0,0,4,0,0,1,1,6,6,1,53,8,1591,1,11,HYUNDAI IX35,7,E01003655,0,-1
2023501282394,2023,501282394,2,9,0,18,19,8,4,0,0,0,0,0,0,0,2,1,5,6,2,33,6,1591,1,11,HYUNDAI IX35,2,E01018867,0,-1
2023010475324,2023,010475324,1,9,0,4,4,1,5,0,0,1,0,0,0,0,2,1,2,2,2,61,9,1591,1,11,HYUNDAI IX35,8,E01003421,0,-1
2023411404748,2023,411404748,3,9,0,18,19,8,4,0,0,0,0,0,1,0,1,1,5,6,2,63,9,1685,2,8,HYUNDAI IX35,4,E01021841,0,-1
2023421312598,2023,421312598,1,9,0,18,19,6,2,0,0,1,0,0,0,0,1,1,5,6,2,68,10,1995,2,11,HYUNDAI IX35,4,E01022011,0,-1
2023231297652,2023,231297652,1,9,0,18,19,1,5,0,0,6,0,0,3,1,1,1,6,6,1,18,4,1685,2,11,HYUNDAI IX35,2,E01013654,0,-1
2023451303967,2023,451303967,2,9,0,5,5,1,1,0,0,6,0,0,0,0,1,1,2,2,1,62,9,1995,2,8,HYUNDAI IX35,9,E01030890,0,-1
2023351270530,2023,351270530,1,9,0,5,5,1,5,0,0,0,0,0,0,0,1,1,5,6,1,73,10,1591,1,8,HYUNDAI IX35,2,E01018070,0,-1
2023430520912,2023,430520912,2,9,0,2,2,0,0,0,0,2,0,0,0,0,1,1,6,6,3,-1,-1,1685,2,8,HYUNDAI IX35,-1,-1,0,-1
2023231405494,2023,231405494,2,9,0,18,19,8,4,0,0,8,0,0,0,0,4,1,6,6,2,46,8,1995,2,11,HYUNDAI IX35,4,E01031185,0,-1
2023302301515,2023,302301515,2,9,0,3,3,8,4,0,0,1,0,0,0,0,2,1,6,6,1,42,7,1995,2,11,HYUNDAI IX35,1,E01013590,0,-1
2023320139570,2023,320139570,1,9,0,18,19,5,1,0,0,8,0,0,0,0,3,1,6,6,1,26,6,1685,2,10,HYUNDAI IX35,8,E01026065,0,-1
2023451370989,2023,451370989,1,9,0,18,19,4,8,0,0,1,0,0,0,0,1,1,5,6,1,45,7,1685,2,11,HYUNDAI IX35,5,E01030962,0,-1
2023170L20883,2023,170L20883,1,9,0,4,4,7,2,0,0,4,0,0,0,0,2,1,6,6,1,56,9,1995,2,8,HYUNDAI IX35,4,E01012164,0,-1
2023201377892,2023,201377892,1,9,0,2,2,0,0,0,0,0,0,0,0,0,1,1,6,6,2,51,8,1591,1,10,HYUNDAI IX35,1,E01010064,0,-1
2023010435142,2023,010435142,1,9,0,99,99,9,9,99,99,9,9,99,9,99,1,9,2,2,1,40,7,1591,1,10,HYUNDAI IX35,4,E01001194,0,-1
2023302301098,2023,302301098,1,9,0,4,4,2,6,0,0,4,0,0,0,0,1,1,6,6,2,29,6,1685,2,9,HYUNDAI IX35,9,E01019839,0,-1
2023991389296,2023,991389296,1,9,0,9,9,3,1,0,0,5,0,0,0,0,1,1,5,6,2,77,11,1685,2,12,HYUNDAI IX35,10,-1,0,-1
2023311296926,2023,311296926,1,9,0,1,1,4,2,9,9,0,0,0,0,0,2,1,6,6,2,37,7,1995,2,12,HYUNDAI IX35,8,E01028172,0,-1
2023430166273,2023,430166273,2,9,0,9,9,2,8,0,0,8,0,0,1,4,4,1,6,6,1,33,6,1995,2,10,HYUNDAI IX35,10,E01028599,0,-1
2023501324142,2023,501324142,1,9,0,18,19,8,4,0,0,0,2,10,0,0,3,1,6,6,1,28,6,1995,2,10,HYUNDAI IX35,5,E01018935,0,-1
2023501357020,2023,501357020,2,9,0,18,19,7,3,0,0,8,0,0,0,0,3,1,6,6,1,47,8,1685,2,10,HYUNDAI IX35,3,E01015249,0,-1
2023501391035,2023,501391035,2,9,-1,18,19,3,1,0,0,0,0,0,0,0,1,1,6,6,2,30,6,1995,2,8,HYUNDAI IX35,5,E01015164,0,-1
2023131260104,2023,131260104,3,9,0,18,19,7,3,0,0,0,0,0,0,0,2,1,2,2,2,47,8,1685,2,8,HYUNDAI IX35,6,E01008024,0,-1
2023545832823,2023,545832823,1,9,0,18,19,8,4,0,0,0,0,0,0,0,3,1,6,6,1,76,11,1685,2,9,HYUNDAI IX35,6,E01031877,0,-1
2023070034095,2023,070034095,3,9,0,18,19,7,3,0,0,0,0,0,0,0,1,1,1,1,2,46,8,1995,2,13,HYUNDAI IX35,10,E01018533,0,-1
2023311388232,2023,311388232,1,9,0,18,19,1,5,0,0,0,0,0,0,0,1,1,5,6,2,54,8,1685,2,10,HYUNDAI IX35,1,E01013823,0,-1
2023010452032,2023,010452032,1,9,0,18,19,7,3,0,0,1,0,0,0,0,1,1,2,2,2,54,8,1591,1,10,HYUNDAI IX35,-1,-1,0,-1
2023010428856,2023,010428856,2,9,0,7,7,3,6,0,0,4,0,10,0,0,1,1,6,6,1,35,6,1995,2,9,HYUNDAI IX35,-1,-1,0,-1
2023991387680,2023,991387680,1,9,0,17,19,4,2,0,0,8,0,0,0,0,3,1,6,6,1,56,9,1685,2,8,HYUNDAI IX35,5,-1,0,-1
2023471260681,2023,471260681,1,9,0,7,7,3,1,0,0,0,0,0,0,0,1,1,5,6,2,44,7,1591,1,11,HYUNDAI IX35,7,E01031566,0,-1
2023070087004,2023,070087004,3,9,0,18,19,6,2,0,0,1,0,0,0,0,2,1,6,6,2,-1,-1,1685,2,10,HYUNDAI IX35,-1,-1,0,-1
2023070917118,2023,070917118,2,9,0,18,19,2,6,0,0,8,0,0,0,0,1,1,6,6,2,36,7,1591,1,8,HYUNDAI IX35,2,E01018546,0,-1
2023201375195,2023,201375195,1,9,0,18,19,1,5,0,0,8,0,0,0,0,1,1,5,6,1,21,5,1995,2,13,HYUNDAI IX35,1,E01033639,0,-1
2023141287967,2023,141287967,2,9,0,5,5,1,3,0,0,8,0,0,0,0,1,1,6,6,2,27,6,1685,2,12,HYUNDAI IX35,9,E01007984,0,-1
2023401277517,2023,401277517,2,9,0,18,19,5,1,0,0,0,0,0,0,0,2,1,6,6,1,49,8,1995,2,10,HYUNDAI IX35,4,E01019458,0,-1
2023131324136,2023,131324136,2,9,0,18,19,4,8,0,0,2,0,0,0,0,3,1,6,6,1,49,8,1995,2,13,HYUNDAI IX35,3,E01011125,0,-1
2023543881423,2023,543881423,1,9,0,18,19,7,3,0,0,1,0,0,0,0,1,1,6,6,2,32,6,1995,2,10,HYUNDAI IX35,6,E01015478,0,-1
2023991269148,2023,991269148,2,9,0,7,7,7,3,0,0,1,0,0,0,0,1,1,5,6,1,72,10,2495,1,20,-1,6,-1,0,-1
2023451375334,2023,451375334,2,9,0,9,9,5,1,0,0,1,0,0,0,0,1,1,5,6,1,71,10,3990,1,24,-1,8,E01030628,0,-1
2023041379672,2023,041379672,1,9,0,18,19,1,5,0,0,0,0,0,0,0,1,1,6,6,1,29,6,1997,1,6,-1,2,E01025116,0,-1
2023332301115,2023,332301115,2,9,0,2,2,0,0,0,0,8,0,0,0,0,2,1,6,6,3,-1,-1,2000,2,2,-1,-1,-1,0,-1
2023010452064,2023,010452064,2,8,0,18,19,5,1,0,0,8,0,0,0,0,1,1,1,1,1,63,9,1477,8,3,LEVC TX,4,E01003722,0,-1
2023010471552,2023,010471552,1,8,0,3,3,3,7,2,2,0,0,0,0,0,4,1,1,1,1,57,9,1477,8,4,LEVC TX,4,E01003492,0,-1