collision_index,collision_year,collision_ref_no,vehicle_reference,vehicle_type,towing_and_articulation,vehicle_manoeuvre_historic,vehicle_manoeuvre,vehicle_direction_from,vehicle_direction_to,vehicle_location_restricted_lane_historic,vehicle_location_restricted_lane,junction_location,skidding_and_overturning,hit_object_in_carriageway,vehicle_leaving_carriageway,hit_object_off_carriageway,first_point_of_impact,vehicle_left_hand_drive,journey_purpose_of_driver_historic,journey_purpose_of_driver,sex_of_driver,age_of_driver,age_band_of_driver,engine_capacity_cc,propulsion_code,age_of_vehicle,generic_make_model,driver_imd_decile,lsoa_of_driver,escooter_flag,driver_distance_banding
2023481387809,2023,481387809,1,8,0,6,6,7,7,0,0,8,0,0,0,0,3,1,1,1,1,52,8,1477,8,1,LEVC TX,-1,-1,0,-1
2023010443403,2023,010443403,2,8,0,99,99,9,9,99,99,0,9,99,9,99,1,9,6,6,1,48,8,1477,8,4,LEVC TX,2,E01003111,0,-1
2023991263515,2023,991263515,1,8,0,7,7,6,1,0,0,4,1,9,0,0,1,1,1,1,1,60,9,1477,8,4,LEVC TX,3,-1,0,-1
2023991271042,2023,991271042,1,8,0,18,19,3,7,0,0,8,0,0,0,0,1,1,1,1,1,64,9,1477,8,4,LEVC TX,4,-1,0,-1
2023010423828,2023,010423828,5,8,0,3,3,5,1,0,0,1,0,0,0,0,4,1,1,1,1,56,9,1477,8,1,LEVC TX,2,E01024135,0,-1
2023471377276,2023,471377276,2,9,0,2,2,3,7,0,0,0,0,0,0,0,2,1,1,1,1,57,9,-1,-1,-1,LEVC TX,2,E01001128,0,-1
2023010444513,2023,010444513,1,8,9,99,99,9,9,99,99,9,9,99,0,0,9,9,6,6,3,-1,-1,1477,8,2,LEVC TX,10,E01030590,0,-1
2023010470520,2023,010470520,1,8,0,5,5,5,1,0,0,8,1,0,0,0,1,1,1,1,1,66,10,1477,8,4,LEVC TX,1,E01001788,0,-1
2023010447263,2023,010447263,1,8,0,5,5,3,7,0,0,1,0,0,0,0,1,1,1,1,1,43,7,1477,8,1,LEVC TX,5,E01000398,0,-1
2023010445930,2023,010445930,2,8,0,99,99,9,9,99,99,9,9,99,9,99,9,9,6,6,1,46,8,1477,8,5,LEVC TX,4,E01001252,0,-1
2023010481779,2023,010481779,1,8,0,9,9,6,5,0,0,1,0,0,0,0,1,1,2,2,1,41,7,1477,8,0,LEVC TX,-1,-1,0,-1
2023010450621,2023,010450621,2,8,0,1,1,1,5,0,0,1,0,0,0,0,2,1,6,6,1,53,8,1477,8,3,LEVC TX,3,E01000961,0,-1
2023010421054,2023,010421054,1,8,0,9,9,3,1,0,0,2,0,0,0,0,1,1,1,1,1,56,9,1477,8,4,LEVC TX,5,E01003638,0,-1
2023010463789,2023,010463789,2,8,0,99,99,9,9,99,99,0,9,99,9,99,9,9,6,6,3,-1,-1,1477,8,4,LEVC TX,-1,-1,0,-1
2023010420639,2023,010420639,1,8,0,18,19,7,3,0,0,6,0,0,0,0,4,1,1,1,1,57,9,1477,8,2,LEVC TX,5,E01015926,0,-1
2023010476758,2023,010476758,1,8,0,6,6,5,5,0,0,0,0,0,0,0,3,1,1,1,1,61,9,1477,8,3,LEVC TX,9,E01031719,0,-1
2023010469735,2023,010469735,2,8,0,99,99,9,9,99,99,9,9,99,9,99,9,9,6,6,3,77,11,1477,8,0,LEVC TX,5,E01003756,0,-1
2023010435262,2023,010435262,1,8,0,6,6,1,1,0,0,0,0,0,0,0,1,1,6,6,1,56,9,1477,8,3,LEVC TX,10,E01021754,0,-1
2023010478661,2023,010478661,2,8,0,18,19,2,6,0,0,1,0,0,0,0,1,1,1,1,1,40,7,1477,8,0,LEVC TX,8,E01002453,0,-1
2023010457363,2023,010457363,1,8,0,18,19,7,3,0,0,0,0,0,0,0,1,1,6,6,1,51,8,1477,8,1,LEVC TX,7,E01000339,0,-1
2023010434646,2023,010434646,1,8,0,18,19,3,7,0,0,1,0,0,0,0,1,1,1,1,1,53,8,1477,8,4,LEVC TX,3,E01000961,0,-1
2023010450288,2023,010450288,2,9,0,99,99,9,9,99,99,9,9,99,9,99,9,9,6,6,1,-1,-1,-1,-1,-1,LEVC TX,6,E01000187,0,-1
2023010465860,2023,010465860,1,8,0,18,19,1,5,0,0,1,0,0,0,0,1,1,1,1,1,52,8,1477,8,1,LEVC TX,8,E01002322,0,-1
2023010486153,2023,010486153,3,8,0,2,2,0,0,0,0,0,0,0,0,0,2,1,6,6,3,-1,-1,1477,8,4,LEVC TX,-1,-1,0,-1
2023481371563,2023,481371563,1,8,0,1,1,7,3,0,0,0,0,0,0,0,2,1,1,1,1,50,8,1477,8,5,LEVC TX,-1,-1,0,-1
2023010426846,2023,010426846,1,8,0,18,19,5,1,0,0,0,0,0,0,0,1,1,1,1,1,54,8,1477,8,5,LEVC TX,1,E01002782,0,-1
2023010477783,2023,010477783,2,8,0,99,99,9,9,99,99,9,9,99,9,99,2,9,6,6,3,49,8,1477,8,3,LEVC TX,-1,-1,0,-1
2023010429563,2023,010429563,1,8,0,18,19,5,1,0,0,8,0,0,0,0,1,1,1,1,1,55,8,1477,8,1,LEVC TX,2,E01001205,0,-1
2023010438900,2023,010438900,1,8,0,5,5,1,5,0,0,0,0,0,0,0,1,2,1,1,2,47,8,1477,8,4,LEVC TX,2,E01002078,0,-1
2023010454192,2023,010454192,2,9,0,5,5,1,5,0,0,1,0,0,0,0,4,1,6,6,1,29,6,-1,-1,-1,LEVC TX,2,E01033491,0,-1
2023010458063,2023,010458063,1,8,0,5,5,3,7,0,0,8,0,0,0,0,4,2,1,1,1,50,8,1477,8,1,LEVC TX,1,E01001431,0,-1
2023411278912,2023,411278912,1,8,0,18,19,1,5,0,0,2,0,7,0,0,4,1,1,1,1,38,7,1477,8,4,LEVC TX,4,E01001518,0,-1
2023010460789,2023,010460789,1,8,0,1,1,7,3,0,0,2,0,0,0,0,2,1,6,6,1,55,8,1477,8,3,LEVC TX,5,E01001214,0,-1
2023010463148,2023,010463148,2,8,0,4,4,5,1,0,0,1,0,0,0,0,0,1,6,6,1,-1,-1,1477,8,1,LEVC TX,2,E01015703,0,-1
2023010449505,2023,010449505,2,8,0,99,99,9,9,99,99,9,9,99,9,99,2,9,6,6,1,50,8,1477,8,5,LEVC TX,6,E01021807,0,-1
2023010478898,2023,010478898,2,8,0,99,99,9,9,99,99,0,9,99,9,99,1,9,6,6,3,46,8,1477,8,3,LEVC TX,2,E01004364,0,-1
2023010478708,2023,010478708,2,8,0,18,19,5,1,0,0,1,0,0,1,0,1,1,1,1,1,42,7,1477,8,2,LEVC TX,3,E01023865,0,-1
2023010429377,2023,010429377,2,8,0,99,99,9,9,99,99,9,9,99,9,99,9,9,6,6,3,-1,-1,1477,8,5,LEVC TX,-1,-1,0,-1
2023010473245,2023,010473245,1,8,0,99,99,9,9,99,99,9,9,99,9,99,2,9,1,1,1,58,9,1477,8,1,LEVC TX,10,E01023965,0,-1
2023010456037,2023,010456037,2,8,9,99,99,9,9,99,99,9,9,99,9,99,9,9,6,6,1,61,9,1477,8,0,LEVC TX,7,E01002372,0,-1
2023010463983,2023,010463983,1,8,0,9,9,3,8,0,0,8,0,10,0,0,1,1,1,1,1,58,9,1477,8,0,LEVC TX,7,E01000427,0,-1
2023010450638,2023,010450638,2,8,0,99,99,9,9,99,99,9,9,99,9,99,9,9,6,6,3,-1,-1,1477,8,0,LEVC TX,-1,-1,0,-1
2023010442949,2023,010442949,1,8,9,99,99,9,9,99,99,9,9,99,9,99,9,9,1,1,2,53,8,1477,8,4,LEVC TX,9,E01000341,0,-1
2023010432305,2023,010432305,4,8,0,4,4,3,7,0,0,2,0,0,0,0,2,1,1,1,1,53,8,1477,8,1,LEVC TX,9,E01023644,0,-1
2023010425687,2023,010425687,2,8,0,99,99,9,9,99,99,0,9,99,9,99,9,9,6,6,3,54,8,1477,8,0,LEVC TX,8,E01000411,0,-1
2023010423489,2023,010423489,2,8,0,5,5,5,1,0,0,2,0,0,0,0,0,1,1,1,1,52,8,1477,8,1,LEVC TX,1,E01002857,0,-1
2023010463883,2023,010463883,2,8,0,99,99,9,9,99,99,9,9,99,9,99,4,9,6,6,3,-1,-1,1477,8,1,LEVC TX,4,E01000588,0,-1
2023461393423,2023,461393423,3,8,0,18,19,4,8,0,0,1,0,0,0,0,1,1,1,1,1,66,10,1477,8,3,LEVC TX,10,E01024745,0,-1
2023010458506,2023,010458506,1,8,9,99,99,9,9,0,0,9,0,0,0,0,9,9,6,6,1,-1,-1,1477,8,2,LEVC TX,-1,-1,0,-1
2023010437084,2023,010437084,1,8,0,6,6,3,3,0,0,0,0,0,0,0,3,1,1,1,1,47,8,1477,8,2,LEVC TX,6,E01022095,0,-1
2023010443816,2023,010443816,1,8,0,5,5,0,1,0,0,6,0,8,0,0,3,1,1,1,1,58,9,1477,8,4,LEVC TX,6,E01003755,0,-1
2023010462872,2023,010462872,1,8,0,4,4,5,1,0,0,1,0,0,0,0,2,1,6,6,1,57,9,1477,8,3,LEVC TX,1,E01004040,0,-1
2023010443036,2023,010443036,1,8,0,5,5,3,7,0,0,1,0,0,0,0,1,1,1,1,1,50,8,1477,8,3,LEVC TX,4,E01001484,0,-1
2023010442228,2023,010442228,2,8,0,1,1,1,5,0,0,0,0,0,0,0,2,1,6,6,1,-1,-1,1477,8,1,LEVC TX,3,E01000092,0,-1
2023010452806,2023,010452806,1,8,0,2,2,0,0,0,0,0,0,4,0,0,2,1,6,6,3,-1,-1,1477,8,5,LEVC TX,-1,-1,0,-1
2023010471439,2023,010471439,1,8,0,18,19,3,7,0,0,1,0,0,0,0,4,1,1,1,1,57,9,1477,8,1,LEVC TX,-1,-1,0,-1
2023010452342,2023,010452342,1,9,0,18,19,3,7,0,0,6,0,0,0,0,1,1,6,6,1,47,8,-1,-1,-1,LEVC TX,2,E01003112,0,-1
2023010442317,2023,010442317,2,8,0,99,99,9,9,99,99,9,9,99,9,99,9,9,6,6,1,51,8,1477,8,3,LEVC TX,9,E01023461,0,-1
2023010455163,2023,010455163,2,8,0,18,19,5,1,0,0,0,0,0,0,0,1,1,1,1,1,35,6,1477,8,1,LEVC TX,9,E01030326,0,-1
2023991324117,2023,991324117,2,8,0,3,3,5,1,0,0,1,0,2,7,0,4,1,1,1,1,65,9,1477,8,4,LEVC TX,-1,-1,0,-1
2023010480372,2023,010480372,2,8,0,99,99,9,9,99,99,0,9,99,9,99,9,9,6,6,3,-1,-1,1477,8,2,LEVC TX,-1,-1,0,-1
2023010452901,2023,010452901,2,8,0,99,99,9,9,99,99,0,9,99,9,99,9,9,6,6,3,-1,-1,1477,8,0,LEVC TX,10,E01023515,0,-1
2023481359253,2023,481359253,1,8,0,9,9,1,7,0,0,8,0,0,0,0,4,1,1,1,1,30,6,1477,8,3,LEVC TX,-1,-1,0,-1
2023010481292,2023,010481292,2,8,0,9,9,3,1,0,0,6,0,0,0,0,1,1,1,1,1,46,8,1477,8,3,LEVC TX,4,E01001420,0,-1
2023010441553,2023,010441553,1,8,0,18,19,1,5,0,0,8,0,0,0,0,2,1,1,1,1,71,10,1477,8,0,LEVC TX,9,E01004625,0,-1
2023010485548,2023,010485548,2,8,0,99,99,9,9,99,99,9,9,99,9,99,1,9,6,6,3,-1,-1,1477,8,4,LEVC TX,10,E01021467,0,-1
2023010479401,2023,010479401,2,8,0,99,99,9,9,99,99,9,9,99,9,99,1,9,6,6,3,63,9,1477,8,2,LEVC TX,8,E01021604,0,-1
2023010460012,2023,010460012,2,8,0,99,99,9,9,99,99,0,9,99,9,99,9,9,6,6,1,-1,-1,1477,8,0,LEVC TX,-1,-1,0,-1
2023010463111,2023,010463111,2,9,0,99,99,9,9,99,99,9,9,99,9,99,1,9,6,6,3,-1,-1,-1,-1,-1,LEVC TX,-1,-1,0,-1
2023010437814,2023,010437814,2,8,0,99,99,9,9,99,99,0,9,99,9,99,2,9,6,6,3,-1,-1,1477,8,1,LEVC TX,-1,-1,0,-1
2023010476308,2023,010476308,1,8,0,6,6,5,5,0,0,1,0,0,0,0,1,1,1,1,1,28,6,1477,8,1,LEVC TX,1,E01000890,0,-1
2023481382763,2023,481382763,2,8,0,18,19,5,1,0,0,0,0,0,0,0,1,1,1,1,1,63,9,1477,8,5,LEVC TX,-1,-1,0,-1
2023010440384,2023,010440384,1,8,0,18,19,5,1,0,0,8,0,0,0,0,0,2,1,1,1,70,10,1477,8,4,LEVC TX,8,E01000453,0,-1
2023010430470,2023,010430470,1,8,0,18,19,7,3,0,0,1,0,0,0,0,1,1,1,1,1,43,7,1477,8,4,LEVC TX,2,E01000086,0,-1
2023010467066,2023,010467066,2,8,0,18,19,1,5,0,0,8,0,0,0,0,1,2,1,1,1,54,8,1477,8,5,LEVC TX,5,E01021487,0,-1
2023010484557,2023,010484557,2,8,0,7,7,3,5,0,0,5,0,0,0,0,4,1,6,6,1,55,8,1477,8,1,LEVC TX,10,E01004117,0,-1
2023010442370,2023,010442370,2,8,0,99,99,9,9,99,99,0,9,99,9,99,9,9,6,6,3,-1,-1,1477,8,2,LEVC TX,6,E01002266,0,-1
2023010477812,2023,010477812,1,8,0,5,5,1,5,0,0,8,1,0,0,0,4,1,1,1,1,64,9,1477,8,1,LEVC TX,10,E01003671,0,-1
2023010484471,2023,010484471,1,8,0,5,5,5,1,0,0,2,0,0,0,0,1,1,1,1,1,62,9,1477,8,2,LEVC TX,4,E01002684,0,-1
2023010447449,2023,010447449,1,8,0,3,3,1,5,0,0,1,0,0,0,0,0,9,1,1,1,62,9,1477,8,1,LEVC TX,7,E01021765,0,-1
2023010452584,2023,010452584,1,8,0,18,19,7,3,0,0,1,0,0,0,0,1,1,6,6,3,-1,-1,1477,8,4,LEVC TX,-1,-1,0,-1
2023010456270,2023,010456270,2,8,0,10,10,7,4,0,0,8,0,0,0,0,0,1,1,1,1,53,8,1477,8,4,LEVC TX,8,E01003909,0,-1
2023010450467,2023,010450467,1,8,0,18,19,8,4,0,0,8,0,0,0,0,1,1,1,1,1,48,8,1477,8,3,LEVC TX,5,E01000560,0,-1
2023010485815,2023,010485815,2,8,0,2,2,0,0,0,0,1,0,4,1,0,3,1,6,6,3,-1,-1,1477,8,5,LEVC TX,-1,-1,0,-1
2023010461360,2023,010461360,1,8,0,18,19,3,7,0,0,2,0,0,0,0,1,1,1,1,1,34,6,1477,8,0,LEVC TX,10,E01023464,0,-1
2023052301874,2023,052301874,1,8,0,7,7,8,2,0,0,6,0,0,0,0,1,1,1,1,1,52,8,1477,8,4,LEVC TX,3,E01006534,0,-1
2023010432422,2023,010432422,1,8,0,5,5,0,1,0,0,1,0,0,0,0,1,1,1,1,1,25,5,1477,8,2,LEVC TX,3,E01001759,0,-1
2023010451494,2023,010451494,2,8,0,99,99,9,9,99,99,9,9,99,9,99,0,9,6,6,3,58,9,1477,8,2,LEVC TX,10,E01000834,0,-1
2023010445229,2023,010445229,1,8,0,9,9,7,5,4,4,1,0,0,0,0,1,1,1,1,1,56,9,1477,8,5,LEVC TX,4,E01024178,0,-1
2023010453202,2023,010453202,1,8,0,9,9,7,5,0,0,2,0,0,0,0,1,1,1,1,1,49,8,1477,8,0,LEVC TX,4,E01001182,0,-1
2023010443964,2023,010443964,1,8,0,7,7,5,8,0,0,5,0,0,0,0,1,1,1,1,1,37,7,1477,8,1,LEVC TX,3,E01021437,0,-1
2023010470592,2023,010470592,1,8,0,18,19,5,1,0,0,0,0,0,0,0,4,1,1,1,1,63,9,1477,8,3,LEVC TX,-1,-1,0,-1
2023010421089,2023,010421089,1,8,0,5,5,4,8,0,0,1,0,0,0,0,1,1,1,1,1,61,9,1477,8,3,LEVC TX,9,E01000410,0,-1
2023010440398,2023,010440398,1,8,0,99,99,9,9,99,99,0,9,99,9,99,9,9,6,6,1,57,9,1477,8,1,LEVC TX,10,E01023965,0,-1
2023010450157,2023,010450157,1,8,0,9,9,5,3,0,0,8,0,0,0,0,1,1,1,1,1,54,8,1477,8,1,LEVC TX,2,E01001477,0,-1
2023991293381,2023,991293381,1,8,0,9,9,8,5,0,0,0,0,0,0,0,1,1,1,1,2,64,9,1477,8,3,LEVC TX,-1,-1,0,-1
2023010440073,2023,010440073,1,8,0,18,19,4,8,0,0,8,0,0,0,0,1,1,2,2,1,45,7,1477,8,2,LEVC TX,5,E01002515,0,-1
2023010470688,2023,010470688,1,8,0,18,19,1,5,0,0,8,0,0,1,0,1,1,1,1,1,63,9,1477,8,2,LEVC TX,6,E01030748,0,-1
2023451316175,2023,451316175,1,9,0,18,19,7,3,0,0,0,1,0,0,0,4,1,6,6,1,47,8,-1,-1,-1,LEVC TX,7,E01024437,0,-1
2023010461320,2023,010461320,1,8,0,10,10,5,3,0,0,1,0,0,0,0,3,1,6,6,1,47,8,1477,8,1,LEVC TX,6,E01022090,0,-1
2023010475407,2023,010475407,1,8,0,3,3,3,7,0,0,1,0,0,0,0,3,1,1,1,1,52,8,1477,8,2,LEVC TX,2,E01003968,0,-1
2023010456535,2023,010456535,1,8,0,5,5,0,1,0,0,0,0,0,8,11,1,1,1,1,1,54,8,1477,8,4,LEVC TX,3,E01002491,0,-1
2023010457215,2023,010457215,1,8,0,4,4,3,7,0,0,1,0,0,0,0,1,1,1,1,1,36,7,1477,8,2,LEVC TX,9,E01023553,0,-1
2023010467995,2023,010467995,1,8,0,99,99,9,9,99,99,0,9,99,9,99,1,1,6,6,3,-1,-1,1477,8,3,LEVC TX,8,E01003669,0,-1
2023010461544,2023,010461544,1,8,0,18,19,7,3,0,0,1,0,0,0,0,1,1,1,1,1,46,8,1477,8,0,LEVC TX,7,E01021827,0,-1
2023010442022,2023,010442022,1,8,0,9,9,5,2,0,0,2,0,0,0,0,1,1,6,6,1,44,7,1477,8,4,LEVC TX,3,E01000736,0,-1
2023010452375,2023,010452375,2,8,0,3,3,7,3,0,0,1,0,0,0,0,2,1,1,1,1,55,8,1477,8,0,LEVC TX,2,E01003483,0,-1
2023311285421,2023,311285421,1,9,0,15,15,3,6,0,0,0,0,0,0,0,4,1,2,2,1,57,9,-1,-1,-1,LEVC TX,6,E01028156,0,-1
2023010475328,2023,010475328,1,8,0,18,19,8,4,0,0,1,0,0,0,0,0,1,1,1,1,33,6,1477,8,1,LEVC TX,9,E01029076,0,-1
2023010444922,2023,010444922,1,8,0,9,9,5,3,0,0,8,0,0,0,0,1,1,1,1,1,55,8,1477,8,1,LEVC TX,-1,-1,0,-1
2023430558530,2023,430558530,1,8,0,11,11,1,5,2,2,0,0,0,0,0,4,1,1,1,1,64,9,1477,8,1,LEVC TX,4,E01028532,0,-1
2023421266621,2023,421266621,2,8,0,18,19,6,2,0,0,0,0,0,0,0,2,1,1,1,2,60,9,1477,8,1,LEVC TX,7,E01024140,0,-1
2023010455556,2023,010455556,2,8,0,99,99,9,9,99,99,9,9,99,9,99,9,9,6,6,3,28,6,1477,8,1,LEVC TX,4,E01000608,0,-1
2023010470072,2023,010470072,1,8,0,9,9,1,7,0,0,1,0,0,0,0,1,1,6,6,1,59,9,1477,8,0,LEVC TX,2,E01003933,0,-1
2023010424361,2023,010424361,2,8,0,99,99,9,9,99,99,9,9,99,9,99,1,9,6,6,3,-1,-1,1477,8,1,LEVC TX,8,E01000873,0,-1
2023010427784,2023,010427784,1,8,0,4,4,3,7,0,0,1,0,4,0,0,2,1,1,1,1,46,8,1477,8,4,LEVC TX,6,E01026778,0,-1
2023010421048,2023,010421048,1,8,0,17,19,2,7,0,0,8,0,0,0,0,1,1,1,1,1,25,5,1477,8,1,LEVC TX,7,E01002341,0,-1
2023010453061,2023,010453061,2,8,0,18,19,3,7,0,0,2,0,0,0,0,3,1,1,1,1,43,7,1477,8,4,LEVC TX,2,E01002811,0,-1
2023010474209,2023,010474209,1,8,0,4,4,7,3,0,0,5,0,0,0,0,2,1,1,1,1,51,8,1477,8,0,LEVC TX,7,E01002329,0,-1
2023010469700,2023,010469700,1,8,0,18,19,1,5,0,0,1,0,0,0,0,4,1,1,1,1,49,8,1477,8,0,LEVC TX,2,E01003300,0,-1
2023010421179,2023,010421179,1,8,0,1,1,5,1,0,0,2,0,0,0,0,2,1,1,1,1,54,8,1477,8,1,LEVC TX,-1,-1,0,-1
2023010469224,2023,010469224,1,8,0,18,19,7,3,2,2,0,0,4,0,0,1,1,1,1,1,69,10,1477,8,0,LEVC TX,2,E01003097,0,-1
2023010432454,2023,010432454,1,8,9,99,99,9,9,99,99,0,9,99,9,99,9,1,6,6,3,-1,-1,1477,8,1,LEVC TX,-1,-1,0,-1
2023010421353,2023,010421353,1,8,0,18,19,1,5,0,0,8,0,0,0,0,1,1,1,1,1,37,7,1477,8,2,LEVC TX,8,E01002290,0,-1
2023061279047,2023,061279047,1,8,0,5,5,1,4,0,0,1,0,0,0,0,3,2,6,6,1,40,7,1477,8,4,LEVC TX,-1,-1,0,-1
2023010438637,2023,010438637,1,8,0,2,2,0,0,2,2,0,0,8,0,0,3,1,6,6,3,-1,-1,1477,8,5,LEVC TX,-1,-1,0,-1
2023010461159,2023,010461159,1,8,0,5,5,3,7,0,0,1,0,0,0,0,1,1,1,1,1,53,8,1477,8,2,LEVC TX,10,E01023515,0,-1
2023010465256,2023,010465256,2,8,0,99,99,9,9,99,99,9,9,99,9,99,1,9,6,6,3,-1,-1,1477,8,2,LEVC TX,-1,-1,0,-1
2023010472825,2023,010472825,2,8,0,99,99,9,9,99,99,9,9,99,9,99,2,9,6,6,3,40,7,1477,8,3,LEVC TX,1,E01000605,0,-1
2023010455116,2023,010455116,2,8,0,99,99,9,9,99,99,9,9,99,9,99,9,9,6,6,3,-1,-1,1477,8,1,LEVC TX,10,E01023449,0,-1
2023010480464,2023,010480464,2,8,0,99,99,9,9,99,99,9,9,99,9,99,9,9,6,6,3,-1,-1,1477,8,0,LEVC TX,1,E01004311,0,-1
2023010460995,2023,010460995,2,8,0,18,19,3,7,0,0,8,0,0,0,0,4,1,1,1,1,47,8,1477,8,2,LEVC TX,6,E01024152,0,-1
2023010448033,2023,010448033,1,8,0,3,3,6,2,0,0,1,0,0,0,0,2,1,1,1,1,35,6,1477,8,0,LEVC TX,5,E01004383,0,-1
2023010478247,2023,010478247,1,8,0,18,19,1,5,0,0,1,0,0,0,0,1,1,1,1,1,32,6,1477,8,0,LEVC TX,3,E01004020,0,-1
2023010452944,2023,010452944,1,8,3,18,19,3,7,0,0,8,0,0,0,0,1,1,1,1,1,23,5,1477,8,5,LEVC TX,3,E01002725,0,-1
2023010455429,2023,010455429,2,8,0,5,5,5,1,0,0,2,0,0,0,0,3,1,6,6,1,-1,-1,1477,8,1,LEVC TX,8,E01002106,0,-1
2023010485791,2023,010485791,1,8,0,5,5,7,3,0,0,1,0,0,0,0,1,1,1,1,1,55,8,1477,8,1,LEVC TX,-1,-1,0,-1
2023010478898,2023,010478898,1,8,0,99,99,9,9,99,99,0,9,99,9,99,3,9,1,1,1,43,7,1477,8,0,LEVC TX,3,E01001192,0,-1
2023010482932,2023,010482932,1,8,0,99,99,9,9,99,99,0,9,99,9,99,1,9,6,6,3,-1,-1,1477,8,4,LEVC TX,4,E01003722,0,-1
2023010449891,2023,010449891,1,8,0,99,99,9,9,99,99,9,9,99,9,99,9,9,6,6,3,58,9,1477,8,2,LEVC TX,1,E01002099,0,-1
2023010440831,2023,010440831,4,9,0,2,2,0,0,0,0,0,0,0,0,0,1,1,6,6,3,-1,-1,-1,-1,-1,LEVC TX,-1,-1,0,-1
2023010447640,2023,010447640,2,8,0,99,99,9,9,99,99,0,9,99,9,99,9,9,6,6,3,46,8,1477,8,1,LEVC TX,5,E01021741,0,-1
2023010482765,2023,010482765,2,8,0,99,99,9,9,99,99,0,9,99,9,99,9,9,6,6,1,37,7,1477,8,2,LEVC TX,8,E01000328,0,-1
2023010435537,2023,010435537,1,8,0,6,6,4,4,0,0,0,0,0,0,0,1,1,1,1,1,46,8,1477,8,3,LEVC TX,3,E01000010,0,-1
2023201410704,2023,201410704,1,8,0,18,19,4,2,0,0,8,0,0,0,0,3,1,1,1,1,62,9,1477,8,0,LEVC TX,3,E01032536,0,-1
2023010459426,2023,010459426,3,8,0,2,2,0,0,9,9,0,0,0,0,0,2,1,6,6,3,-1,-1,1477,8,1,LEVC TX,-1,-1,0,-1
2023010435017,2023,010435017,1,8,0,9,9,1,8,0,0,5,0,0,0,0,1,1,1,1,1,43,7,1477,8,4,LEVC TX,3,E01001844,0,-1
2023010450655,2023,010450655,2,8,0,3,3,3,7,0,0,1,0,1,1,1,2,1,6,6,1,63,9,1477,8,4,LEVC TX,9,E01002288,0,-1
2023010482455,2023,010482455,1,8,0,99,99,9,9,99,99,2,9,99,9,99,9,9,6,6,1,64,9,1477,8,3,LEVC TX,7,E01002891,0,-1
2023010472461,2023,010472461,2,8,0,99,99,9,9,99,99,9,9,99,9,99,1,9,6,6,3,69,10,1477,8,1,LEVC TX,6,E01004550,0,-1
2023010443256,2023,010443256,2,8,0,2,2,0,0,0,0,1,0,0,0,0,4,1,6,6,3,-1,-1,1477,8,1,LEVC TX,-1,-1,0,-1
2023010431189,2023,010431189,2,9,0,99,99,9,9,99,99,9,9,99,9,99,1,9,6,6,3,-1,-1,-1,-1,-1,LEVC TX,-1,-1,0,-1
2023991376215,2023,991376215,1,8,0,18,19,4,7,0,0,0,0,11,0,0,1,1,5,6,1,69,10,1477,8,5,LEVC TX,5,-1,0,-1
2023010432413,2023,010432413,1,8,0,99,99,9,9,99,99,9,9,99,9,99,1,9,6,6,3,-1,-1,1477,8,2,LEVC TX,-1,-1,0,-1
2023010479866,2023,010479866,1,8,0,99,99,9,9,99,99,9,9,99,9,99,9,9,6,6,1,46,8,1477,8,4,LEVC TX,2,E01001491,0,-1
2023010427482,2023,010427482,2,8,0,99,99,9,9,99,99,9,9,99,9,99,1,9,6,6,1,49,8,1477,8,0,LEVC TX,10,E01000463,0,-1
2023010444734,2023,010444734,2,8,0,99,99,9,9,99,99,9,9,99,9,99,1,9,6,6,3,55,8,1477,8,3,LEVC TX,2,E01003128,0,-1
2023010453441,2023,010453441,2,8,0,99,99,9,9,99,99,9,9,99,9,99,2,9,6,6,1,55,8,1477,8,4,LEVC TX,2,E01005438,0,-1
2023010473540,2023,010473540,1,8,0,9,9,1,6,0,0,8,0,0,0,0,1,1,1,1,1,63,9,1477,8,5,LEVC TX,4,E01021817,0,-1
2023010450512,2023,010450512,2,9,0,18,19,1,5,0,0,0,0,0,0,0,1,1,1,1,1,61,9,-1,-1,-1,LEVC TX,4,E01016011,0,-1
2023010420287,2023,010420287,1,8,0,14,14,3,7,0,0,0,0,0,0,0,4,1,1,1,1,36,7,1477,8,5,LEVC TX,4,E01004580,0,-1
2023451325129,2023,451325129,2,9,0,18,19,5,1,0,0,0,0,0,0,0,3,1,1,1,1,56,9,-1,-1,-1,LEVC TX,8,E01030556,0,-1
2023010460792,2023,010460792,1,8,0,99,99,9,9,99,99,9,9,99,9,99,1,9,1,1,1,35,6,1477,8,1,LEVC TX,3,E01001548,0,-1
2023010481462,2023,010481462,1,8,0,5,5,0,1,0,0,1,0,0,0,0,1,1,6,6,3,-1,-1,1477,8,4,LEVC TX,-1,-1,0,-1
2023010456651,2023,010456651,1,8,0,1,1,5,1,9,9,2,0,0,0,0,2,1,1,1,1,67,10,1477,8,2,LEVC TX,7,E01000117,0,-1
2023010482173,2023,010482173,1,8,0,9,9,5,3,0,0,6,0,0,0,0,1,1,1,1,1,32,6,1477,8,0,LEVC TX,6,E01016075,0,-1
2023501281480,2023,501281480,1,8,0,1,1,3,7,0,0,0,0,0,0,0,2,1,1,1,1,49,8,1477,8,2,LEVC TX,9,E01015067,0,-1