collision_index,collision_year,collision_ref_no,vehicle_reference,vehicle_type,towing_and_articulation,vehicle_manoeuvre_historic,vehicle_manoeuvre,vehicle_direction_from,vehicle_direction_to,vehicle_location_restricted_lane_historic,vehicle_location_restricted_lane,junction_location,skidding_and_overturning,hit_object_in_carriageway,vehicle_leaving_carriageway,hit_object_off_carriageway,first_point_of_impact,vehicle_left_hand_drive,journey_purpose_of_driver_historic,journey_purpose_of_driver,sex_of_driver,age_of_driver,age_band_of_driver,engine_capacity_cc,propulsion_code,age_of_vehicle,generic_make_model,driver_imd_decile,lsoa_of_driver,escooter_flag,driver_distance_banding
2023480471897,2023,480471897,2,8,0,99,99,9,9,99,99,9,9,99,9,99,1,9,6,6,3,-1,-1,1477,8,1,LEVC TX,8,E01003660,0,-1
2023010435801,2023,010435801,1,8,0,9,9,7,5,0,0,8,0,0,0,0,4,1,1,1,1,57,9,1477,8,5,LEVC TX,6,E01000677,0,-1
2023010462799,2023,010462799,2,8,0,18,19,5,1,0,0,8,0,0,0,0,1,1,1,1,1,59,9,1477,8,4,LEVC TX,7,E01000650,0,-1
2023010426330,2023,010426330,1,8,0,6,6,5,5,0,0,0,0,0,0,0,3,1,1,1,1,55,8,1477,8,4,LEVC TX,8,E01023466,0,-1
2023010455504,2023,010455504,1,8,0,14,14,7,3,0,0,0,0,0,0,0,1,1,1,1,1,67,10,1477,8,2,LEVC TX,9,E01021925,0,-1
2023010439253,2023,010439253,2,8,0,99,99,9,9,99,99,9,9,99,9,99,1,9,6,6,3,-1,-1,1477,8,4,LEVC TX,-1,-1,0,-1
2023010471562,2023,010471562,2,8,0,3,3,3,7,0,0,1,0,0,0,0,2,1,1,1,1,37,7,1477,8,5,LEVC TX,8,E01003361,0,-1
2023010463569,2023,010463569,1,8,0,9,9,2,7,0,0,0,0,0,0,0,0,1,1,1,1,56,9,1477,8,2,LEVC TX,-1,-1,0,-1
2023010451622,2023,010451622,2,8,0,99,99,9,9,99,99,9,9,99,9,99,1,9,6,6,3,46,8,1477,8,1,LEVC TX,1,E01004209,0,-1
2023010434009,2023,010434009,2,8,9,99,99,9,9,99,99,9,9,99,8,99,4,9,6,6,3,-1,-1,1477,8,4,LEVC TX,-1,-1,0,-1
2023211277934,2023,211277934,1,9,-1,-1,-1,-1,-1,-1,-1,-1,-1,-1,-1,0,-1,1,6,6,1,-1,-1,1560,2,8,MITSUBISHI ASX,7,E01029581,0,-1
2023131287537,2023,131287537,2,9,0,2,2,0,0,0,0,8,1,0,0,0,2,1,6,6,3,-1,-1,1798,2,12,MITSUBISHI ASX,-1,-1,0,-1
2023010442176,2023,010442176,1,9,0,9,9,7,4,0,0,1,0,0,0,0,1,1,6,6,1,65,9,1590,1,12,MITSUBISHI ASX,-1,-1,0,-1
2023552300535,2023,552300535,2,9,0,18,19,5,1,0,0,8,0,0,0,0,2,1,2,2,1,46,8,1998,1,2,MITSUBISHI ASX,4,W01001610,0,-1
2023302300673,2023,302300673,2,9,0,10,10,8,6,0,0,1,0,0,0,0,2,1,6,6,1,33,6,1590,1,13,MITSUBISHI ASX,8,E01019704,0,-1
2023041365274,2023,041365274,1,9,0,18,19,6,2,0,0,0,0,0,0,0,4,1,6,6,2,43,7,1590,1,8,MITSUBISHI ASX,8,E01007036,0,-1
2023010464248,2023,010464248,1,9,0,3,3,1,5,0,0,8,0,0,0,0,2,1,6,6,2,52,8,1590,1,12,MITSUBISHI ASX,5,E01003692,0,-1
2023010422681,2023,010422681,1,9,0,17,19,8,4,99,99,1,0,0,9,0,1,1,3,7,1,27,6,1998,1,3,MITSUBISHI ASX,5,E01002229,0,-1
2023622300322,2023,622300322,1,9,0,18,19,4,8,0,0,0,0,0,0,0,1,1,6,6,2,44,7,1590,1,8,MITSUBISHI ASX,7,W01001118,0,-1
2023991290315,2023,991290315,2,9,0,17,19,2,6,0,0,0,1,0,7,0,1,1,1,1,1,23,5,1590,1,11,MITSUBISHI ASX,8,-1,0,-1
2023010452516,2023,010452516,1,9,0,9,9,5,2,0,0,8,0,0,0,0,0,1,6,6,1,61,9,1560,2,6,MITSUBISHI ASX,5,E01000567,0,-1
2023201360028,2023,201360028,1,9,0,18,19,2,6,0,0,1,0,0,0,0,1,1,6,6,1,-1,-1,1798,2,10,MITSUBISHI ASX,2,E01009953,0,-1
2023421294042,2023,421294042,2,9,0,18,19,7,3,0,0,0,0,0,0,0,1,1,6,6,2,40,7,1798,2,12,MITSUBISHI ASX,5,E01021732,0,-1
2023131376477,2023,131376477,1,9,0,18,19,8,4,0,0,1,0,0,0,0,1,1,1,1,1,36,7,1798,2,13,MITSUBISHI ASX,1,E01010822,0,-1
2023991324758,2023,991324758,1,9,0,9,9,8,5,0,0,0,0,0,0,0,4,1,5,6,1,25,5,1560,2,6,MITSUBISHI ASX,6,-1,0,-1
2023111262371,2023,111262371,2,9,0,9,9,4,2,0,0,2,0,0,0,0,1,1,5,6,1,57,9,1798,2,10,MITSUBISHI ASX,4,E01020633,0,-1
2023041303978,2023,041303978,1,9,0,18,19,5,1,0,0,1,0,0,0,0,3,1,5,6,2,57,9,1798,2,10,MITSUBISHI ASX,7,E01012614,0,-1
2023052302711,2023,052302711,2,9,0,4,4,7,3,0,0,1,0,0,0,0,2,1,6,6,2,32,6,1590,1,11,MITSUBISHI ASX,1,E01006518,0,-1
2023421349504,2023,421349504,1,9,0,18,19,6,2,0,0,3,0,0,0,0,1,1,6,6,1,67,10,1798,2,13,MITSUBISHI ASX,8,E01021936,0,-1
2023461344765,2023,461344765,1,9,0,18,19,5,1,0,0,0,0,0,0,0,1,1,5,6,2,26,6,2268,2,8,MITSUBISHI ASX,3,E01024222,0,-1
2023541476923,2023,541476923,3,9,0,10,10,3,1,0,0,1,0,0,0,0,2,1,6,6,2,34,6,2268,2,6,MITSUBISHI ASX,4,E01023154,0,-1
2023161288766,2023,161288766,1,9,0,17,19,6,2,0,0,1,0,0,0,0,1,1,5,6,2,34,6,1798,2,9,MITSUBISHI ASX,4,E01012990,0,-1
2023471323230,2023,471323230,3,9,0,3,3,3,7,0,0,1,0,0,0,0,2,1,5,6,2,37,7,1590,1,6,MITSUBISHI ASX,10,E01022748,0,-1
2023991335835,2023,991335835,2,9,0,17,19,7,3,0,0,0,0,0,0,0,1,1,5,6,2,35,6,1798,2,10,MITSUBISHI ASX,2,-1,0,-1
2023451375846,2023,451375846,1,9,0,3,3,3,7,0,0,4,0,0,0,0,2,1,5,6,2,39,7,1590,1,6,MITSUBISHI ASX,5,E01031571,0,-1
2023061389538,2023,061389538,2,9,0,18,19,3,7,0,0,1,0,0,0,0,3,1,6,6,2,36,7,1998,1,2,MITSUBISHI ASX,-1,-1,0,-1
2023991281091,2023,991281091,2,9,0,18,19,8,4,0,0,1,0,0,0,0,1,1,5,6,1,61,9,1798,2,11,MITSUBISHI ASX,6,-1,0,-1
2023501288102,2023,501288102,2,9,0,2,2,0,0,0,0,0,0,0,0,0,4,1,6,6,2,33,6,1798,2,10,MITSUBISHI ASX,4,E01020322,0,-1
2023440510575,2023,440510575,1,9,0,18,19,5,1,0,0,0,0,0,0,0,1,1,2,2,1,31,6,1590,1,6,MITSUBISHI ASX,4,E01023106,0,-1
2023543881923,2023,543881923,3,9,0,18,19,3,7,0,0,0,0,0,0,0,1,1,6,6,2,46,8,1560,2,6,MITSUBISHI ASX,6,E01032004,0,-1
2023010486264,2023,010486264,5,9,0,18,19,5,1,0,0,0,1,10,7,11,1,1,6,6,1,35,6,1560,2,8,MITSUBISHI ASX,2,E01001577,0,-1
2023501364375,2023,501364375,1,9,0,18,19,6,2,0,0,1,0,0,0,0,1,1,2,2,1,46,8,1590,1,9,MITSUBISHI ASX,6,E01018755,0,-1
2023430105813,2023,430105813,2,8,0,18,19,4,6,0,0,1,0,0,0,0,1,1,1,1,1,56,9,1590,1,7,-1,3,E01016520,0,-1
2023622300480,2023,622300480,3,9,0,4,4,1,5,0,0,0,0,0,0,0,2,1,6,6,2,28,6,1798,2,13,MITSUBISHI ASX,2,W01001466,0,-1
2023471302639,2023,471302639,1,9,0,4,4,1,3,0,0,1,0,0,0,0,1,1,6,6,2,32,6,1798,2,13,MITSUBISHI ASX,7,E01016979,0,-1
2023101367539,2023,101367539,1,9,0,18,19,5,1,0,0,1,0,11,0,0,4,1,1,1,1,36,7,1798,2,11,MITSUBISHI ASX,-1,-1,0,-1
2023141318636,2023,141318636,2,9,0,18,19,5,5,0,0,0,0,0,0,0,2,1,5,6,2,63,9,1590,1,8,MITSUBISHI ASX,5,E01007650,0,-1
2023622300749,2023,622300749,2,9,0,18,19,8,4,0,0,0,0,0,0,0,2,1,6,6,1,67,10,1590,1,13,MITSUBISHI ASX,1,W01001166,0,-1
2023131304162,2023,131304162,2,9,0,18,19,1,5,0,0,0,0,0,0,0,4,1,5,6,1,29,6,1798,2,10,MITSUBISHI ASX,4,E01010595,0,-1
2023451305960,2023,451305960,2,9,0,18,19,7,3,0,0,0,0,0,0,0,2,1,2,2,2,44,7,1590,1,8,MITSUBISHI ASX,3,E01030354,0,-1
2023101305939,2023,101305939,1,9,0,18,19,6,2,0,0,1,0,0,0,0,1,1,6,6,1,40,7,1798,2,9,MITSUBISHI ASX,5,E01027441,0,-1
2023010463439,2023,010463439,2,9,0,18,19,1,5,9,9,0,1,10,2,11,4,1,6,6,1,35,6,1998,1,2,MITSUBISHI ASX,1,E01002094,0,-1
2023010422470,2023,010422470,1,9,0,4,4,7,3,0,0,0,0,0,0,0,4,1,6,6,1,58,9,1590,1,6,MITSUBISHI ASX,2,E01002049,0,-1
2023991322043,2023,991322043,2,9,0,18,19,6,1,0,0,1,0,0,0,0,1,1,2,2,2,55,8,1560,2,7,MITSUBISHI ASX,1,-1,0,-1
2023340NN0352,2023,340NN0352,2,9,0,17,19,4,8,0,0,1,0,0,0,0,3,1,2,2,2,38,7,1798,2,9,MITSUBISHI ASX,7,E01026974,0,-1
2023522301439,2023,522301439,1,9,0,18,19,1,5,0,0,0,0,0,0,0,1,1,6,6,2,67,10,1590,1,10,MITSUBISHI ASX,5,E01014994,0,-1
2023552301026,2023,552301026,2,9,0,4,4,4,8,0,0,1,0,0,0,0,1,1,6,6,1,52,8,1590,1,11,MITSUBISHI ASX,9,E01015323,0,-1
2023221291585,2023,221291585,1,9,0,5,5,1,4,0,0,6,0,0,0,0,1,1,6,6,2,27,6,1798,2,11,MITSUBISHI ASX,10,E01028952,0,-1
2023041340884,2023,041340884,2,9,0,2,2,0,0,0,0,1,0,0,0,0,2,1,6,6,3,-1,-1,1590,1,4,MITSUBISHI ASX,-1,-1,0,-1
2023332300966,2023,332300966,2,9,0,18,19,5,1,0,0,1,0,0,0,0,1,1,6,6,3,-1,-1,1998,1,3,MITSUBISHI ASX,-1,-1,0,-1
2023201297383,2023,201297383,1,9,0,9,9,6,4,0,0,5,0,0,0,0,1,1,6,6,1,75,10,1590,1,5,MITSUBISHI ASX,5,E01009582,0,-1
2023471365455,2023,471365455,2,9,0,1,1,8,4,0,0,0,0,0,0,0,2,1,6,6,3,-1,-1,1798,2,8,MITSUBISHI ASX,-1,-1,0,-1
2023440119563,2023,440119563,1,9,0,18,19,4,8,0,0,0,1,10,2,4,1,1,6,6,1,22,5,1798,2,11,MITSUBISHI ASX,9,E01023147,0,-1
2023061328526,2023,061328526,1,9,-1,-1,-1,-1,-1,-1,-1,-1,-1,-1,-1,0,-1,1,6,6,2,34,6,1590,1,4,MITSUBISHI ASX,9,E01006402,0,-1
2023501360829,2023,501360829,1,9,0,18,19,5,1,0,0,0,0,0,0,0,3,1,5,6,1,85,11,1798,2,9,MITSUBISHI ASX,4,E01004777,0,-1
2023010468911,2023,010468911,1,9,0,99,99,9,9,99,99,9,9,99,9,99,2,9,1,1,1,44,7,2268,2,7,MITSUBISHI ASX,2,E01004423,0,-1
2023411390587,2023,411390587,1,9,0,18,19,5,1,0,0,0,1,0,0,0,1,1,2,2,2,55,8,1590,1,11,MITSUBISHI ASX,2,E01002787,0,-1
2023141360487,2023,141360487,1,9,0,9,9,8,6,0,0,8,0,0,0,0,1,1,6,6,1,59,9,1590,1,6,MITSUBISHI ASX,1,E01011864,0,-1
2023161280116,2023,161280116,1,9,0,7,7,2,6,0,0,8,0,0,0,0,3,1,5,6,1,22,5,1590,1,6,MITSUBISHI ASX,-1,-1,0,-1
2023041379116,2023,041379116,1,9,0,18,19,7,3,0,0,0,0,0,0,0,1,1,5,6,2,33,6,1798,2,11,MITSUBISHI ASX,2,E01025205,0,-1
2023320208340,2023,320208340,2,9,0,4,4,4,8,0,0,1,0,0,0,0,2,1,6,6,1,34,6,2268,2,9,MITSUBISHI ASX,5,E01026027,0,-1
2023461316695,2023,461316695,2,9,0,18,19,5,1,0,0,0,0,0,0,0,1,1,5,6,1,-1,-1,2268,2,6,MITSUBISHI ASX,7,E01024274,0,-1
2023371323069,2023,371323069,2,9,0,18,19,5,1,0,0,0,0,0,0,0,1,1,2,2,2,53,8,1590,1,13,MITSUBISHI ASX,8,E01029917,0,-1
2023122300266,2023,122300266,2,9,0,18,19,8,2,0,0,6,0,0,0,0,1,1,2,2,2,58,9,1590,1,7,MITSUBISHI ASX,9,E01013061,0,-1
2023991262581,2023,991262581,1,9,0,18,19,8,4,0,0,4,0,0,0,0,1,1,5,6,2,76,11,1798,2,11,MITSUBISHI ASX,6,-1,0,-1
2023170M11563,2023,170M11563,2,9,0,18,19,8,4,0,0,8,0,0,0,0,1,1,6,6,1,38,7,1798,2,9,MITSUBISHI ASX,-1,-1,0,-1
2023111377856,2023,111377856,1,9,0,9,9,1,3,0,0,1,0,0,0,0,4,1,5,6,1,68,10,1590,1,7,MITSUBISHI ASX,-1,-1,0,-1
2023461280728,2023,461280728,1,9,0,18,19,7,3,0,0,0,0,0,0,0,1,1,2,2,1,23,5,1590,1,6,MITSUBISHI ASX,3,E01024499,0,-1
2023010451905,2023,010451905,1,9,0,18,19,7,3,0,0,1,0,0,7,11,2,1,6,6,1,39,7,1998,1,4,MITSUBISHI ASX,3,E01000092,0,-1
2023531284086,2023,531284086,1,9,0,18,19,2,6,0,0,0,0,0,0,0,1,1,5,6,2,72,10,1798,2,9,MITSUBISHI ASX,7,E01022216,0,-1
2023440319992,2023,440319992,6,9,0,18,19,7,3,0,0,0,0,0,0,0,1,1,6,6,1,39,7,1998,1,4,MITSUBISHI ASX,4,E01004124,0,-1
2023221323116,2023,221323116,1,9,0,18,19,8,4,0,0,0,0,0,0,0,3,1,5,6,2,40,7,1590,1,10,MITSUBISHI ASX,5,E01032426,0,-1
2023520400254,2023,520400254,1,9,0,9,9,4,2,0,0,8,5,0,0,0,1,1,6,6,1,49,8,1590,1,6,MITSUBISHI ASX,7,E01029271,0,-1
2023991341890,2023,991341890,5,9,0,3,3,7,3,0,0,0,0,0,0,0,2,1,1,1,1,33,6,1590,1,4,MITSUBISHI ASX,9,-1,0,-1
2023010476678,2023,010476678,2,9,9,99,99,9,9,99,99,9,9,99,9,99,9,9,6,6,3,-1,-1,1590,1,8,MITSUBISHI ASX,-1,-1,0,-1
2023201319266,2023,201319266,4,9,0,2,2,0,0,9,9,0,0,0,0,0,4,1,6,6,2,35,6,1590,1,13,MITSUBISHI ASX,4,E01009224,0,-1
2023430477195,2023,430477195,1,9,0,6,6,2,2,8,6,0,0,0,0,0,3,1,6,6,1,46,8,1798,2,10,MITSUBISHI ASX,6,W01000473,0,-1
2023991311882,2023,991311882,1,9,0,18,19,1,5,0,0,0,1,0,7,11,1,1,5,6,2,69,10,1998,1,3,MITSUBISHI ASX,4,E01027382,0,-1
2023302301543,2023,302301543,2,9,0,17,19,6,4,0,0,0,0,0,0,0,3,1,6,6,1,31,6,1560,2,6,MITSUBISHI ASX,10,E01007915,0,-1
2023201328483,2023,201328483,2,9,0,10,10,7,3,0,0,1,0,0,0,0,2,1,6,6,1,25,5,1590,1,7,MITSUBISHI ASX,3,E01009967,0,-1
2023041324799,2023,041324799,1,9,0,1,1,-1,-1,0,0,0,0,0,0,0,-1,1,6,6,3,-1,-1,1798,2,10,MITSUBISHI ASX,-1,-1,0,-1
2023531293368,2023,531293368,4,9,0,18,19,7,3,0,0,0,0,11,0,0,4,1,5,6,1,60,9,1193,1,9,MITSUBISHI MIRAGE,6,E01022348,0,-1
2023311309319,2023,311309319,1,9,0,9,9,4,6,0,0,6,0,0,3,10,1,1,5,6,2,88,11,1193,1,7,MITSUBISHI MIRAGE,8,E01028168,0,-1
2023991330438,2023,991330438,2,9,0,16,19,6,2,0,0,0,5,0,1,0,1,1,5,6,1,62,9,1193,1,10,MITSUBISHI MIRAGE,4,-1,0,-1
202354B758023,2023,54B758023,1,9,0,18,19,2,6,0,0,1,0,0,0,0,1,1,6,6,2,76,11,1193,1,10,MITSUBISHI MIRAGE,2,E01015476,0,-1
2023421304750,2023,421304750,3,9,0,2,2,7,3,0,0,0,0,0,0,0,1,1,6,6,3,-1,-1,1193,1,10,MITSUBISHI MIRAGE,-1,-1,0,-1
2023302301169,2023,302301169,1,9,0,18,19,6,2,0,0,1,0,0,0,0,1,1,2,2,2,34,6,1193,1,3,MITSUBISHI MIRAGE,10,E01019702,0,-1
2023010464708,2023,010464708,2,9,0,99,99,9,9,99,99,9,9,99,9,99,1,9,6,6,3,-1,-1,1193,1,3,MITSUBISHI MIRAGE,4,E01001023,0,-1
2023991383230,2023,991383230,2,9,0,9,9,1,4,0,0,8,0,0,0,0,1,1,5,6,2,79,11,1193,1,9,MITSUBISHI MIRAGE,4,-1,0,-1
2023010455924,2023,010455924,2,9,0,99,99,9,9,99,99,9,9,99,9,99,9,9,6,6,3,-1,-1,999,1,9,MITSUBISHI MIRAGE,-1,-1,0,-1
2023351304334,2023,351304334,2,9,0,18,19,3,1,0,0,1,0,0,0,0,1,1,5,6,1,26,6,1193,1,9,MITSUBISHI MIRAGE,5,E01026249,0,-1
2023991339681,2023,991339681,1,9,0,18,19,5,1,0,0,2,0,0,0,0,4,1,5,6,1,28,6,1193,1,4,MITSUBISHI MIRAGE,8,-1,0,-1
2023610030723,2023,610030723,1,9,0,18,19,7,3,0,0,0,0,0,0,0,1,1,6,6,1,19,4,1193,1,10,MITSUBISHI MIRAGE,2,W01001348,0,-1
2023622300534,2023,622300534,1,9,0,18,19,7,3,0,0,0,0,0,0,0,1,1,6,6,3,-1,-1,999,1,9,MITSUBISHI MIRAGE,-1,-1,0,-1
2023010435830,2023,010435830,1,9,0,4,4,8,4,0,0,8,0,0,0,0,2,1,6,6,2,36,7,1193,1,9,MITSUBISHI MIRAGE,3,E01002547,0,-1
2023101267071,2023,101267071,1,9,0,1,1,5,1,9,9,0,0,0,0,0,2,1,5,6,1,37,7,999,1,8,MITSUBISHI MIRAGE,10,E01008269,0,-1
2023471350682,2023,471350682,2,9,0,4,4,8,4,0,0,1,1,0,0,0,2,1,1,1,2,47,8,1193,1,5,MITSUBISHI MIRAGE,10,E01031759,0,-1
2023111373686,2023,111373686,1,9,0,7,7,1,4,0,0,6,0,0,0,0,1,1,6,6,1,41,7,1193,1,10,MITSUBISHI MIRAGE,3,E01020869,0,-1
2023141379632,2023,141379632,2,9,0,9,9,1,7,0,0,5,0,0,0,0,1,1,5,6,2,76,11,1193,1,5,MITSUBISHI MIRAGE,4,E01007557,0,-1
2023302300171,2023,302300171,1,9,0,13,13,6,2,0,0,0,0,0,0,0,4,1,6,6,2,74,10,1193,1,8,MITSUBISHI MIRAGE,8,E01019764,0,-1
2023340NN3032,2023,340NN3032,2,9,0,8,8,4,2,0,0,4,0,0,0,0,2,1,6,6,2,53,8,1193,1,6,MITSUBISHI MIRAGE,-1,-1,0,-1
2023131314572,2023,131314572,2,9,0,9,9,7,1,0,0,8,0,0,7,0,4,1,5,6,1,54,8,999,1,9,MITSUBISHI MIRAGE,4,E01007344,0,-1
2023991279018,2023,991279018,2,9,0,16,19,5,1,0,0,0,0,0,0,0,1,1,5,6,2,18,4,1193,1,6,MITSUBISHI MIRAGE,4,-1,0,-1
2023122301359,2023,122301359,2,9,0,2,2,0,0,0,0,0,0,0,0,0,2,1,6,6,3,-1,-1,1193,1,4,MITSUBISHI MIRAGE,-1,-1,0,-1
2023031387763,2023,031387763,2,9,0,9,9,5,3,0,0,6,0,0,0,0,1,1,5,6,1,68,10,1193,1,4,MITSUBISHI MIRAGE,-1,-1,0,-1
2023041287047,2023,041287047,1,9,0,5,5,3,7,0,0,6,0,0,0,0,1,1,5,6,1,21,5,1193,1,9,MITSUBISHI MIRAGE,2,E01000796,0,-1
2023522301241,2023,522301241,1,9,0,10,10,9,9,0,0,8,0,0,0,0,3,1,6,6,2,63,9,1193,1,7,MITSUBISHI MIRAGE,3,W01001430,0,-1
2023991337563,2023,991337563,1,9,0,18,19,5,1,0,0,4,0,0,0,0,1,1,1,1,2,53,8,1193,1,10,MITSUBISHI MIRAGE,2,-1,0,-1
2023991325571,2023,991325571,3,9,0,18,19,3,7,0,0,0,0,0,4,0,3,1,2,2,1,37,7,1193,1,4,MITSUBISHI MIRAGE,4,-1,0,-1
2023010467858,2023,010467858,2,9,0,18,19,5,1,0,0,2,0,0,0,0,1,1,6,6,2,45,7,1193,1,10,MITSUBISHI MIRAGE,4,E01002592,0,-1
2023311334610,2023,311334610,2,9,0,18,19,1,5,0,0,2,0,0,0,0,1,1,6,6,2,58,9,1193,1,10,MITSUBISHI MIRAGE,8,E01028096,0,-1
2023522300694,2023,522300694,1,9,0,18,19,7,3,0,0,0,0,0,0,0,1,1,6,6,1,35,6,1193,1,10,MITSUBISHI MIRAGE,5,E01014820,0,-1
2023101296941,2023,101296941,1,9,0,9,9,5,7,0,0,8,0,0,0,0,4,1,5,6,1,49,8,1193,1,5,MITSUBISHI MIRAGE,1,E01008327,0,-1
2023440361795,2023,440361795,1,9,0,18,19,6,2,0,0,0,5,0,0,0,2,1,6,6,2,77,11,1193,1,9,MITSUBISHI MIRAGE,8,E01016956,0,-1
2023141265502,2023,141265502,1,9,0,18,19,5,1,0,0,0,1,0,0,0,4,2,5,6,1,51,8,3696,1,12,-1,4,E01001435,0,-1
2023440442862,2023,440442862,1,9,0,12,12,2,6,0,0,7,1,0,2,7,1,1,6,6,1,21,5,3696,1,14,-1,8,E01021744,0,-1
2023221339922,2023,221339922,1,9,0,13,13,8,4,0,0,8,0,0,0,0,1,1,5,6,1,24,5,3696,1,13,-1,4,E01014034,0,-1
2023471312447,2023,471312447,1,9,0,3,3,5,3,0,0,1,0,0,1,0,1,1,6,6,1,29,6,3696,1,9,-1,10,E01021194,0,-1
2023131363994,2023,131363994,3,9,0,18,19,5,5,0,0,8,0,0,0,0,-1,1,6,6,3,-1,-1,3696,1,12,-1,-1,-1,0,-1
2023411285335,2023,411285335,2,9,0,18,19,5,1,0,0,0,0,0,0,0,1,1,6,6,1,47,8,3696,1,3,-1,10,E01023464,0,-1
2023131290577,2023,131290577,1,9,0,16,19,2,6,0,0,0,1,0,7,3,1,1,5,6,1,28,6,3696,1,8,-1,6,E01011074,0,-1
2023141287791,2023,141287791,1,9,0,18,19,4,8,0,0,1,0,0,0,0,1,1,6,6,1,27,6,3696,1,11,-1,8,E01007801,0,-1
2023141313962,2023,141313962,1,9,0,18,19,7,3,0,0,1,0,0,0,0,1,1,5,6,1,52,8,3696,1,10,-1,2,E01007451,0,-1
2023361357814,2023,361357814,1,5,0,14,14,3,3,0,0,8,1,4,1,0,1,1,6,6,1,57,9,828,1,50,-1,5,E01026523,0,-1
2023471367629,2023,471367629,1,4,0,18,19,7,3,0,0,0,0,0,0,0,1,1,6,6,1,-1,-1,600,1,24,-1,-1,-1,0,-1
2023371387222,2023,371387222,1,5,0,18,19,3,7,0,0,2,0,0,1,0,1,1,2,2,1,60,9,600,1,23,-1,4,E01030109,0,-1
2023440525874,2023,440525874,2,5,0,5,5,6,2,0,0,8,0,0,0,0,1,1,6,6,1,23,5,600,1,25,-1,4,E01032756,0,-1
2023061297050,2023,061297050,1,5,0,16,19,1,5,0,0,0,2,0,0,0,3,1,5,6,1,44,7,600,1,23,-1,1,E01011101,0,-1
2023991381484,2023,991381484,2,9,0,18,19,4,8,0,0,1,5,0,0,0,1,1,2,2,2,35,6,1242,1,4,SUZUKI IGNIS,3,-1,0,-1
2023522401046,2023,522401046,1,9,0,18,19,2,6,0,0,0,0,0,0,0,4,1,6,6,1,41,7,1242,1,6,SUZUKI IGNIS,4,E01018885,0,-1
2023302301573,2023,302301573,1,9,0,17,19,6,3,0,0,0,0,0,7,4,3,1,1,1,2,25,5,1490,1,18,SUZUKI IGNIS,1,E01013472,0,-1
2023471309653,2023,471309653,3,9,0,3,3,5,1,0,0,0,0,0,0,0,2,1,5,6,2,64,9,1242,1,6,SUZUKI IGNIS,7,E01031421,0,-1
2023421315945,2023,421315945,1,9,0,18,19,5,1,0,0,0,0,0,1,0,1,1,5,6,2,63,9,1197,8,1,SUZUKI IGNIS,4,E01022018,0,-1
2023141329890,2023,141329890,1,9,0,17,19,3,7,0,0,0,5,0,1,0,1,1,5,6,1,64,9,1328,1,17,SUZUKI IGNIS,6,E01007908,0,-1
2023622300109,2023,622300109,2,9,0,3,3,8,4,0,0,0,0,0,0,0,2,1,6,6,2,38,7,1242,8,6,SUZUKI IGNIS,2,W01001141,0,-1
2023070426306,2023,070426306,1,9,0,9,9,4,8,0,0,6,0,0,0,0,1,1,6,6,1,85,11,1328,1,18,SUZUKI IGNIS,10,E01018407,0,-1
2023122300263,2023,122300263,1,9,0,9,9,8,6,0,0,1,0,0,0,0,1,1,6,6,1,86,11,1490,1,18,SUZUKI IGNIS,7,E01033065,0,-1
2023991269989,2023,991269989,1,9,0,9,9,7,4,0,0,4,0,0,0,0,4,1,5,6,2,61,9,1197,8,3,SUZUKI IGNIS,-1,-1,0,-1
2023341353686,2023,341353686,1,9,0,18,19,5,1,0,0,8,0,0,0,0,1,1,6,6,2,76,11,1242,1,6,SUZUKI IGNIS,10,E01033244,0,-1
2023031369133,2023,031369133,1,9,0,18,19,4,8,0,0,0,1,0,1,0,1,1,5,6,1,63,9,1328,1,17,SUZUKI IGNIS,3,E01005435,0,-1
2023010465165,2023,010465165,1,9,0,18,19,4,8,0,0,0,1,0,0,0,1,1,6,6,1,22,5,1328,1,21,SUZUKI IGNIS,2,E01000154,0,-1
2023991413782,2023,991413782,1,9,0,18,19,3,7,0,0,0,0,0,0,0,4,1,5,6,1,81,11,1328,1,22,SUZUKI IGNIS,7,-1,0,-1
2023991319962,2023,991319962,1,9,0,18,19,4,8,0,0,0,0,0,0,0,1,1,2,2,2,63,9,1197,8,2,SUZUKI IGNIS,7,-1,0,-1
2023010422273,2023,010422273,2,9,0,9,9,7,4,0,0,8,0,0,0,0,1,1,3,7,2,42,7,1328,1,22,SUZUKI IGNIS,1,E01001850,0,-1
2023471268067,2023,471268067,1,9,0,3,3,6,2,0,0,0,0,0,0,0,2,1,5,6,1,44,7,1328,1,21,SUZUKI IGNIS,6,E01031784,0,-1
2023991284592,2023,991284592,2,9,0,17,19,2,7,0,0,1,0,0,0,0,3,1,5,6,2,32,6,1242,1,5,SUZUKI IGNIS,7,-1,0,-1
2023031317658,2023,031317658,1,9,0,18,19,2,6,0,0,0,0,0,0,0,1,1,3,7,1,62,9,1328,1,19,SUZUKI IGNIS,3,E01031350,0,-1
2023131284672,2023,131284672,1,9,0,18,19,5,1,0,0,1,0,0,7,11,1,1,5,6,1,86,11,1242,8,5,SUZUKI IGNIS,3,E01011090,0,-1
2023501353161,2023,501353161,1,9,0,17,19,5,1,0,0,0,1,0,0,0,1,1,5,6,2,38,7,1328,1,16,SUZUKI IGNIS,7,E01019899,0,-1
2023520300724,2023,520300724,1,9,0,18,19,6,2,0,0,4,0,0,0,0,2,1,6,6,2,70,10,1197,8,2,SUZUKI IGNIS,5,E01029167,0,-1