collision_index,collision_year,collision_ref_no,vehicle_reference,vehicle_type,towing_and_articulation,vehicle_manoeuvre_historic,vehicle_manoeuvre,vehicle_direction_from,vehicle_direction_to,vehicle_location_restricted_lane_historic,vehicle_location_restricted_lane,junction_location,skidding_and_overturning,hit_object_in_carriageway,vehicle_leaving_carriageway,hit_object_off_carriageway,first_point_of_impact,vehicle_left_hand_drive,journey_purpose_of_driver_historic,journey_purpose_of_driver,sex_of_driver,age_of_driver,age_band_of_driver,engine_capacity_cc,propulsion_code,age_of_vehicle,generic_make_model,driver_imd_decile,lsoa_of_driver,escooter_flag,driver_distance_banding
2023101330852,2023,101330852,2,9,0,18,19,4,8,0,0,0,0,0,0,0,4,1,6,6,2,57,9,1242,1,6,SUZUKI IGNIS,10,E01032647,0,-1
2023131292836,2023,131292836,1,9,0,18,19,7,3,0,0,0,0,0,0,0,1,1,5,6,1,75,10,1242,1,5,SUZUKI IGNIS,2,E01010715,0,-1
2023461268022,2023,461268022,1,9,0,3,3,6,2,0,0,0,0,0,0,0,1,1,6,6,1,36,7,1242,1,5,SUZUKI IGNIS,7,E01033728,0,-1
2023122300617,2023,122300617,4,9,0,3,3,3,7,0,0,1,0,0,0,0,2,1,6,6,2,44,7,1242,1,4,SUZUKI IGNIS,6,E01008154,0,-1
2023411330959,2023,411330959,2,9,-1,-1,-1,-1,-1,-1,-1,0,-1,-1,-1,0,-1,1,5,6,2,51,8,1242,8,3,SUZUKI IGNIS,9,E01023854,0,-1
2023461383139,2023,461383139,1,9,0,5,5,6,1,0,0,8,0,0,0,0,1,1,6,6,1,33,6,1328,1,19,SUZUKI IGNIS,6,E01016057,0,-1
2023461278397,2023,461278397,1,9,0,12,12,1,2,0,0,0,0,0,0,0,1,1,5,6,1,42,7,1490,1,17,SUZUKI IGNIS,6,E01024034,0,-1
2023131348012,2023,131348012,1,9,0,18,19,3,7,0,0,0,2,0,1,0,4,1,6,6,1,75,10,1197,8,0,SUZUKI IGNIS,2,E01011227,0,-1
2023010433005,2023,010433005,2,9,0,4,4,3,7,0,0,0,0,0,0,0,2,1,6,6,2,73,10,1197,8,1,SUZUKI IGNIS,1,E01033585,0,-1
2023201297824,2023,201297824,1,9,0,18,19,3,7,0,0,4,0,10,2,11,4,1,6,6,3,-1,-1,1328,1,20,SUZUKI IGNIS,-1,-1,0,-1
2023440071744,2023,440071744,1,9,0,4,4,8,4,0,0,0,0,0,0,0,2,1,2,2,2,29,6,1242,1,4,SUZUKI IGNIS,10,E01022751,0,-1
2023501342115,2023,501342115,1,9,0,18,19,7,3,0,0,0,0,0,0,0,1,1,5,6,1,19,4,1490,1,18,SUZUKI IGNIS,4,E01020262,0,-1
2023401276566,2023,401276566,1,9,0,9,9,2,8,0,0,6,0,0,0,0,3,1,6,6,2,74,10,1197,8,2,SUZUKI IGNIS,6,E01017481,0,-1
2023311352264,2023,311352264,1,9,0,18,19,2,6,0,0,1,5,0,7,0,4,1,5,6,2,70,10,1197,8,0,SUZUKI IGNIS,9,E01032351,0,-1
2023052300943,2023,052300943,2,9,0,18,19,3,7,0,0,0,0,0,0,0,1,1,6,6,1,83,11,1242,1,5,SUZUKI IGNIS,8,E01012532,0,-1
2023520400788,2023,520400788,2,9,0,7,7,4,6,0,0,8,0,0,0,0,1,1,6,6,2,77,11,1242,1,6,SUZUKI IGNIS,9,E01029258,0,-1
2023131306407,2023,131306407,1,9,0,18,19,1,5,0,0,4,0,0,0,0,1,1,2,2,2,55,8,1242,1,4,SUZUKI IGNIS,9,E01010577,0,-1
2023010426682,2023,010426682,1,9,0,4,4,1,5,0,0,1,0,0,0,0,1,1,6,6,2,53,8,1242,1,5,SUZUKI IGNIS,10,E01018232,0,-1
2023131320313,2023,131320313,1,9,0,18,19,4,8,0,0,8,0,4,0,0,4,1,5,6,2,77,11,1242,1,4,SUZUKI IGNIS,10,E01011562,0,-1
2023401325797,2023,401325797,1,9,0,4,4,-1,-1,0,0,0,0,0,0,0,1,1,6,6,3,-1,-1,1328,1,20,SUZUKI IGNIS,-1,-1,0,-1
2023131329555,2023,131329555,2,9,0,9,9,8,2,0,0,8,1,10,0,0,3,1,5,6,1,67,10,1242,1,6,SUZUKI IGNIS,1,E01011620,0,-1
2023010425000,2023,010425000,1,9,0,4,4,5,1,0,0,0,0,0,0,0,1,1,1,1,1,24,5,1490,1,19,SUZUKI IGNIS,5,E01002214,0,-1
2023461292701,2023,461292701,2,9,0,4,4,7,3,0,0,0,0,0,0,0,2,1,6,6,2,27,6,1328,1,16,SUZUKI IGNIS,5,E01024492,0,-1
2023221284016,2023,221284016,1,9,0,9,9,4,2,0,0,6,0,0,0,0,1,1,6,6,2,80,11,1242,1,6,SUZUKI IGNIS,9,E01028936,0,-1
2023361336086,2023,361336086,2,9,0,3,3,5,1,0,0,8,0,0,0,0,3,1,6,6,1,85,11,1490,1,18,SUZUKI IGNIS,9,E01026544,0,-1
2023501376732,2023,501376732,2,9,0,2,2,0,0,0,0,0,0,0,0,0,1,1,5,6,3,-1,-1,1490,1,18,SUZUKI IGNIS,-1,-1,0,-1
2023430061610,2023,430061610,3,9,0,3,3,5,1,0,0,0,0,0,0,0,2,1,2,2,2,49,8,1490,1,17,SUZUKI IGNIS,-1,-1,0,-1
2023440500269,2023,440500269,2,9,0,18,19,3,7,0,0,8,0,0,0,0,1,1,6,6,2,84,11,1197,8,3,SUZUKI IGNIS,3,E01017315,0,-1
2023501355026,2023,501355026,1,9,0,4,4,8,4,0,0,0,2,0,0,0,3,1,5,6,2,68,10,1197,8,2,SUZUKI IGNIS,5,E01018947,0,-1
2023501285044,2023,501285044,2,9,0,3,3,5,3,0,0,0,0,0,0,0,2,1,6,6,2,49,8,1242,8,3,SUZUKI IGNIS,9,E01019017,0,-1
2023101300383,2023,101300383,2,9,0,10,10,1,5,0,0,1,1,0,7,0,2,1,6,6,1,56,9,1328,1,18,SUZUKI IGNIS,5,E01027373,0,-1
2023131375823,2023,131375823,1,9,0,12,12,1,5,0,0,0,0,0,0,0,1,1,6,6,1,79,11,1197,8,2,SUZUKI IGNIS,8,E01027895,0,-1
2023111325468,2023,111325468,1,9,0,9,9,1,5,0,0,7,0,0,0,0,3,1,5,6,1,75,10,1197,8,1,SUZUKI IGNIS,4,E01020696,0,-1
2023141311869,2023,141311869,2,9,0,18,19,5,3,0,0,2,0,0,0,0,1,1,5,6,1,70,10,1328,1,17,SUZUKI IGNIS,2,E01007708,0,-1
2023131265025,2023,131265025,2,9,0,18,19,2,6,0,0,0,0,0,0,0,1,1,2,2,2,38,7,1242,1,5,SUZUKI IGNIS,3,E01011343,0,-1
2023552300358,2023,552300358,1,9,0,18,19,8,4,0,0,0,2,0,0,0,2,1,6,6,2,29,6,1328,1,22,SUZUKI IGNIS,-1,-1,0,-1
2023141343485,2023,141343485,2,9,0,5,5,6,2,0,0,0,0,0,0,0,1,1,5,6,2,52,8,1490,1,17,SUZUKI IGNIS,2,E01007417,0,-1
2023421373447,2023,421373447,1,9,0,18,19,2,6,0,0,8,0,0,0,0,1,1,6,6,1,79,11,1197,8,2,SUZUKI IGNIS,9,E01022063,0,-1
2023320614333,2023,320614333,2,9,0,18,19,8,6,0,0,8,0,0,0,0,1,1,6,6,1,68,10,1242,1,5,SUZUKI IGNIS,4,E01026057,0,-1
2023471293973,2023,471293973,2,9,0,17,19,6,3,0,0,1,0,0,0,0,1,1,6,6,2,44,7,1242,1,5,SUZUKI IGNIS,6,E01031392,0,-1
2023411344318,2023,411344318,1,9,0,18,19,1,5,0,0,1,0,0,0,0,2,1,5,6,2,60,9,1328,1,19,SUZUKI IGNIS,6,E01023751,0,-1
2023401361547,2023,401361547,1,9,0,18,19,-1,-1,0,0,0,0,0,0,0,1,1,6,6,2,-1,-1,1197,8,0,SUZUKI IGNIS,-1,-1,0,-1
2023991319576,2023,991319576,1,9,0,18,19,6,2,0,0,0,5,4,0,0,1,1,5,6,2,78,11,1242,1,6,SUZUKI IGNIS,9,-1,0,-1
2023361323146,2023,361323146,2,9,0,18,19,7,3,0,0,1,2,0,1,0,4,1,5,6,2,83,11,1242,1,5,SUZUKI IGNIS,5,E01026681,0,-1
2023010432430,2023,010432430,1,9,0,3,3,7,3,0,0,2,0,0,0,0,1,1,6,6,1,68,10,1197,8,3,SUZUKI IGNIS,1,E01033086,0,-1
2023052302418,2023,052302418,1,9,0,18,19,7,3,0,0,0,0,0,0,0,1,1,6,6,2,70,10,1197,8,0,SUZUKI IGNIS,9,E01006394,0,-1
2023540862223,2023,540862223,1,9,0,17,19,2,6,0,0,0,2,10,7,9,4,1,2,2,1,41,7,1490,1,18,SUZUKI IGNIS,5,E01032698,0,-1
2023991345543,2023,991345543,2,9,0,18,19,7,3,0,0,0,0,0,0,0,1,1,5,6,2,81,11,1242,1,4,SUZUKI IGNIS,7,-1,0,-1
2023311298088,2023,311298088,2,9,0,17,19,8,4,0,0,0,0,0,0,0,1,1,5,6,1,71,10,1197,8,3,SUZUKI IGNIS,5,E01027946,0,-1
2023061343734,2023,061343734,2,9,0,9,9,2,6,0,0,5,0,0,0,0,4,1,6,6,2,36,7,1197,8,2,SUZUKI IGNIS,8,-1,0,-1
2023052302342,2023,052302342,2,9,0,4,4,1,5,0,0,4,0,0,0,0,2,1,6,6,2,73,10,1242,1,3,SUZUKI IGNIS,1,E01007126,0,-1
2023622300736,2023,622300736,1,9,0,18,19,1,5,0,0,0,0,0,0,0,1,1,6,6,2,85,11,1197,8,2,SUZUKI IGNIS,10,W01001736,0,-1
2023501272137,2023,501272137,1,9,0,17,19,7,3,0,0,0,1,0,0,0,1,1,2,2,2,27,6,1242,1,6,SUZUKI IGNIS,4,E01020320,0,-1
2023332300341,2023,332300341,1,9,0,18,19,5,1,0,0,0,0,0,0,0,1,1,6,6,1,70,10,1197,8,2,SUZUKI IGNIS,3,E01025950,0,-1
2023201389403,2023,201389403,1,9,0,14,14,3,8,0,0,1,0,8,0,0,3,1,6,6,1,65,9,1328,1,16,SUZUKI IGNIS,1,E01009152,0,-1
2023552301025,2023,552301025,1,9,0,18,19,2,6,0,0,0,0,0,0,0,1,1,6,6,1,64,9,1242,8,3,SUZUKI IGNIS,10,E01000325,0,-1
2023161354647,2023,161354647,1,9,0,18,19,4,8,0,0,0,5,7,0,0,1,1,5,6,2,80,11,1242,1,6,SUZUKI IGNIS,5,E01013225,0,-1
2023221295964,2023,221295964,1,9,0,7,7,6,1,0,0,5,0,0,7,10,1,1,6,6,2,18,4,1242,1,5,SUZUKI IGNIS,5,E01014035,0,-1
2023111317643,2023,111317643,1,9,0,18,19,2,6,0,0,0,0,0,0,0,1,1,5,6,2,51,8,1328,1,19,SUZUKI IGNIS,5,E01020867,0,-1
2023141317160,2023,141317160,4,9,0,2,2,0,0,1,1,0,0,4,0,0,1,1,6,6,3,-1,-1,1328,1,17,SUZUKI IGNIS,-1,-1,0,-1
2023031279440,2023,031279440,1,9,0,18,19,7,3,0,0,1,0,0,0,0,1,1,5,6,2,40,7,1328,1,20,SUZUKI IGNIS,2,E01025247,0,-1
2023320338942,2023,320338942,1,9,0,13,13,4,8,0,0,1,0,0,0,0,1,1,6,6,1,79,11,1242,8,3,SUZUKI IGNIS,2,E01026094,0,-1
2023361321129,2023,361321129,1,9,0,18,19,3,7,0,0,0,1,0,0,0,1,1,5,6,2,52,8,1242,1,4,SUZUKI IGNIS,10,E01026709,0,-1
2023131364352,2023,131364352,2,9,0,17,19,1,3,0,0,1,0,0,0,0,1,1,5,6,1,68,10,1242,8,5,SUZUKI IGNIS,4,E01011153,0,-1
2023010447095,2023,010447095,2,9,0,99,99,9,9,99,99,9,9,99,9,99,9,9,6,6,3,-1,-1,1490,1,19,SUZUKI IGNIS,-1,-1,0,-1
2023311377056,2023,311377056,2,9,0,18,19,3,7,0,0,1,1,0,0,0,1,1,5,6,1,72,10,1328,1,21,SUZUKI IGNIS,9,E01028061,0,-1
2023141383303,2023,141383303,1,9,0,18,19,6,2,0,0,0,1,0,0,0,1,1,2,2,2,58,9,1242,1,5,SUZUKI IGNIS,3,E01007550,0,-1
2023010484900,2023,010484900,2,9,0,99,99,9,9,99,99,9,9,99,9,99,9,9,6,6,3,-1,-1,1242,1,3,SUZUKI IGNIS,-1,-1,0,-1
2023351381304,2023,351381304,1,9,0,18,19,5,2,0,0,0,0,0,8,6,1,1,2,2,2,59,9,1197,8,2,SUZUKI IGNIS,6,E01032525,0,-1
2023440479468,2023,440479468,1,9,0,18,19,5,1,0,0,0,0,0,0,0,1,1,1,1,2,24,5,1242,8,6,SUZUKI IGNIS,7,E01031978,0,-1
2023141293182,2023,141293182,1,9,0,8,8,3,5,0,0,1,0,0,0,0,1,2,1,1,1,58,9,1242,8,4,SUZUKI IGNIS,2,E01007394,0,-1
2023471308574,2023,471308574,1,9,0,18,19,5,1,0,0,8,1,0,0,0,1,1,1,1,2,66,10,1197,8,2,SUZUKI IGNIS,4,E01020965,0,-1
2023131355031,2023,131355031,1,9,0,18,19,1,5,0,0,1,0,0,0,0,1,1,5,6,2,75,10,1197,8,1,SUZUKI IGNIS,10,E01010570,0,-1
2023522300483,2023,522300483,1,9,0,18,19,5,3,0,0,8,0,0,0,0,3,1,6,6,2,48,8,1242,1,6,SUZUKI IGNIS,2,E01032262,0,-1
2023471363276,2023,471363276,1,3,0,5,5,2,6,0,0,1,1,0,0,0,2,1,1,1,1,40,7,125,1,34,-1,8,E01021233,0,-1
2023201277776,2023,201277776,2,5,0,5,5,3,7,0,0,4,0,0,0,0,1,1,2,2,1,67,10,885,1,24,-1,3,E01010242,0,-1
2023010462698,2023,010462698,1,2,0,3,3,6,2,0,0,4,0,0,0,0,1,1,6,6,1,53,8,-1,3,3,-1,-1,-1,0,-1
2023430209527,2023,430209527,1,90,0,18,19,7,3,0,0,1,0,0,0,0,1,1,6,6,1,30,6,-1,1,-1,-1,10,E01027276,0,-1
2023451354523,2023,451354523,1,98,0,12,12,5,1,0,0,0,0,0,0,0,1,2,1,1,1,55,8,9999,1,-1,-1,-1,-1,0,-1
2023141310283,2023,141310283,1,5,0,18,19,4,8,0,0,1,0,0,0,0,1,1,6,6,1,67,10,1125,1,14,-1,8,E01007422,0,-1
2023421285503,2023,421285503,2,9,0,18,19,2,5,0,0,0,0,0,0,0,1,1,5,6,1,76,11,1910,2,14,-1,8,E01022068,0,-1
2023010434395,2023,010434395,3,9,0,2,2,0,0,0,0,0,0,4,0,0,2,1,6,6,3,-1,-1,1910,2,13,-1,-1,-1,0,-1
2023451283116,2023,451283116,2,3,0,18,19,4,8,0,0,0,0,0,0,0,4,1,6,6,1,62,9,85,1,37,-1,6,E01030336,0,-1
2023311280172,2023,311280172,1,21,0,5,5,3,7,0,0,4,0,0,0,0,1,1,1,1,1,28,6,-1,-1,-1,-1,-1,-1,0,-1
2023122300125,2023,122300125,2,4,0,18,19,7,3,0,0,8,0,0,0,0,0,1,6,6,1,54,8,200,1,54,-1,7,E01027658,0,-1
2023552300587,2023,552300587,1,4,0,18,19,2,6,0,0,3,1,0,0,0,3,1,2,2,1,60,9,397,1,1,-1,7,E01032643,0,-1
2023041364815,2023,041364815,1,3,0,18,19,5,1,0,0,8,0,0,1,1,1,1,2,2,1,58,9,125,1,0,-1,5,E01025271,0,-1
2023010466071,2023,010466071,1,4,0,18,19,4,8,0,0,0,0,0,0,0,1,1,2,2,1,37,7,125,1,3,-1,3,E01000099,0,-1
2023421342045,2023,421342045,1,3,0,14,14,3,7,0,0,1,0,0,0,0,4,1,6,6,1,19,4,125,1,2,-1,3,E01015924,0,-1
2023552301210,2023,552301210,1,4,0,4,4,2,6,0,0,1,1,0,0,0,0,1,2,2,1,27,6,125,1,0,-1,4,E01020346,0,-1
2023010434479,2023,010434479,2,3,0,18,19,1,5,0,0,8,0,0,0,0,3,1,6,6,1,45,7,125,1,2,-1,2,E01003066,0,-1
2023320215389,2023,320215389,1,2,0,18,19,1,5,0,0,0,2,10,0,0,1,1,6,6,1,18,4,125,1,4,-1,4,E01026144,0,-1
2023010447884,2023,010447884,2,3,0,18,19,7,3,9,9,1,5,0,7,11,4,1,6,6,1,19,4,125,1,6,-1,2,E01003265,0,-1
2023010454229,2023,010454229,2,3,0,14,14,5,1,0,0,1,0,0,0,0,1,1,6,6,1,24,5,125,1,3,-1,4,E01000591,0,-1
2023311299082,2023,311299082,1,11,0,9,9,5,3,0,0,5,0,0,0,0,0,1,1,1,1,55,8,6700,2,12,OPTARE SOLO,2,E01013854,0,-1
2023041347941,2023,041347941,2,11,0,18,19,3,7,0,0,8,0,0,0,0,1,1,1,1,1,44,7,4250,2,7,OPTARE SOLO,3,E01025366,0,-1
2023471352550,2023,471352550,2,11,0,4,4,7,3,0,0,0,0,0,0,0,1,1,1,1,1,59,9,4250,2,17,OPTARE SOLO,1,E01020993,0,-1
2023101322308,2023,101322308,1,11,0,18,19,1,5,0,0,0,0,0,0,0,0,1,1,1,1,50,8,4249,2,7,OPTARE SOLO,3,E01020768,0,-1
2023101286484,2023,101286484,2,11,0,4,4,1,5,0,0,1,0,0,0,0,0,1,1,1,1,21,5,4249,2,7,OPTARE SOLO,-1,-1,0,-1
2023311323387,2023,311323387,2,11,0,3,3,6,2,0,0,0,0,0,0,0,0,1,6,6,1,40,7,6700,2,12,OPTARE SOLO,-1,-1,0,-1
2023052301946,2023,052301946,2,11,0,18,19,7,3,0,0,0,0,0,0,0,3,1,1,1,1,41,7,4250,2,7,OPTARE SOLO,1,E01006692,0,-1
2023302300768,2023,302300768,1,11,0,4,4,4,2,0,0,6,0,0,0,0,1,1,1,1,1,55,8,6700,2,12,OPTARE SOLO,3,E01033387,0,-1
2023531325486,2023,531325486,3,11,0,18,19,5,1,0,0,2,0,0,1,0,1,1,1,1,1,80,11,4250,2,20,OPTARE SOLO,3,W01001592,0,-1
2023311366473,2023,311366473,1,11,0,18,19,8,2,2,2,0,0,0,0,0,0,1,1,1,2,19,4,6700,2,12,OPTARE SOLO,4,E01028098,0,-1
2023430130257,2023,430130257,1,11,0,18,19,1,5,0,0,2,0,0,0,0,3,1,1,1,1,36,7,4250,2,20,OPTARE SOLO,4,E01032961,0,-1
2023311301889,2023,311301889,1,11,0,2,2,2,6,0,0,0,0,0,0,0,0,1,1,1,2,74,10,6700,2,12,OPTARE SOLO,-1,-1,0,-1
2023311317791,2023,311317791,1,11,0,18,19,3,7,0,0,0,0,0,0,0,4,1,1,1,1,58,9,6700,2,12,OPTARE SOLO,2,E01013965,0,-1
2023101285957,2023,101285957,2,11,0,18,19,5,1,0,0,1,0,0,0,0,4,1,1,1,1,56,9,4249,2,7,OPTARE SOLO,1,E01008223,0,-1
2023311285860,2023,311285860,1,11,0,5,5,5,5,0,0,8,0,0,0,0,0,1,1,1,2,21,5,6700,2,11,OPTARE SOLO,-1,-1,0,-1
2023471352161,2023,471352161,1,11,0,18,19,4,8,2,2,2,0,0,0,0,4,1,1,1,1,57,9,-1,3,10,OPTARE SOLO,1,E01016865,0,-1
2023622300253,2023,622300253,1,11,0,18,19,8,3,0,0,1,0,0,0,0,1,1,1,1,2,26,6,4250,2,17,OPTARE SOLO,4,W01001152,0,-1
2023311311376,2023,311311376,1,11,0,2,2,2,6,2,2,1,0,0,0,0,0,1,1,1,2,33,6,6700,2,11,OPTARE SOLO,2,E01013906,0,-1
2023031334694,2023,031334694,1,11,0,2,2,0,0,0,0,8,0,0,0,0,3,1,1,1,1,63,9,4250,2,19,OPTARE SOLO,-1,-1,0,-1
2023622300533,2023,622300533,1,11,0,18,19,8,4,0,0,0,0,0,0,0,3,1,1,1,1,32,6,4500,2,10,OPTARE SOLO,3,W01001137,0,-1
2023031354840,2023,031354840,1,11,0,18,19,5,1,0,0,1,0,0,0,0,1,1,1,1,1,31,6,4249,2,8,OPTARE SOLO,-1,-1,0,-1
2023101305373,2023,101305373,1,10,0,16,19,4,6,0,0,0,0,0,0,0,0,1,1,1,1,58,9,-1,-1,-1,-1,4,E01020667,0,-1
2023031281909,2023,031281909,1,11,0,2,2,0,0,2,2,0,0,0,0,0,0,1,1,1,1,47,8,4250,2,19,OPTARE SOLO,5,E01019182,0,-1
2023311350885,2023,311350885,1,11,0,2,2,4,8,0,0,0,0,0,0,0,0,1,1,1,2,50,8,6700,2,12,OPTARE SOLO,3,E01013874,0,-1
2023622300792,2023,622300792,2,2,0,18,19,2,6,0,0,8,0,0,0,0,1,1,2,2,1,51,8,125,1,45,-1,8,W01001124,0,-1
2023201304247,2023,201304247,2,3,0,7,7,8,6,0,0,8,0,0,0,0,3,1,6,6,1,45,7,125,1,3,-1,1,E01009033,0,-1
2023421314145,2023,421314145,2,3,0,4,4,7,4,0,0,1,0,0,0,0,1,1,5,6,1,70,10,125,1,1,-1,6,E01021702,0,-1
2023061290633,2023,061290633,2,2,0,18,19,1,6,0,0,8,0,0,0,0,1,1,5,6,1,56,9,125,1,3,-1,3,E01005536,0,-1
2023061306925,2023,061306925,1,3,0,7,7,1,2,0,0,1,0,0,0,0,2,1,5,6,1,54,8,125,1,2,-1,3,E01005003,0,-1
2023122300143,2023,122300143,1,3,0,16,19,7,3,0,0,0,1,0,0,0,0,1,6,6,1,55,8,125,1,4,-1,6,E01027871,0,-1
2023401326600,2023,401326600,1,3,0,16,19,4,8,0,0,0,1,10,0,0,3,1,2,2,1,55,8,125,1,2,-1,8,E01015706,0,-1
2023070015845,2023,070015845,1,3,0,18,19,4,8,0,0,1,1,10,1,0,1,1,2,2,1,61,9,125,1,1,-1,1,E01007126,0,-1
2023201356389,2023,201356389,2,3,0,13,13,4,8,0,0,8,0,0,0,0,1,1,2,2,1,52,8,125,1,2,-1,1,E01009103,0,-1
2023610030323,2023,610030323,1,9,0,18,19,6,2,0,0,8,0,0,0,0,1,1,6,6,1,39,7,1896,2,16,-1,2,W01001358,0,-1
2023440100300,2023,440100300,1,9,0,18,19,7,3,0,0,0,0,0,0,0,3,1,6,6,2,68,10,1896,2,17,-1,10,E01032859,0,-1
2023010479383,2023,010479383,1,9,0,9,9,1,7,0,0,2,0,0,0,0,4,1,6,6,2,54,8,1390,1,14,SKODA OCTAVIA,8,E01001390,0,-1
2023302300169,2023,302300169,2,9,0,4,4,8,5,0,0,1,0,0,0,0,1,1,6,6,1,52,8,1598,2,11,SKODA OCTAVIA,3,E01028248,0,-1
2023031354828,2023,031354828,2,9,0,18,19,2,6,0,0,8,0,0,0,0,1,1,5,6,1,63,9,1598,2,8,SKODA OCTAVIA,7,E01019240,0,-1
2023311302098,2023,311302098,1,9,0,17,19,5,1,0,0,0,0,0,0,0,1,1,5,6,1,60,9,1498,1,5,SKODA OCTAVIA,6,E01013250,0,-1
2023461341527,2023,461341527,2,9,0,18,19,7,3,0,0,1,0,0,0,0,1,1,6,6,2,63,9,1598,2,5,SKODA OCTAVIA,8,E01024077,0,-1
2023211366603,2023,211366603,2,9,0,5,5,7,4,0,0,3,0,0,0,0,1,1,1,1,1,45,7,1781,1,19,SKODA OCTAVIA,3,E01029720,0,-1
2023131376044,2023,131376044,1,9,0,18,19,1,1,0,0,0,0,0,0,0,1,1,6,6,1,54,8,1968,2,4,SKODA OCTAVIA,6,E01011688,0,-1
2023421414211,2023,421414211,2,9,-1,2,2,0,0,0,0,0,0,0,0,0,1,1,1,1,1,49,8,1598,2,9,SKODA OCTAVIA,8,E01021634,0,-1
2023311262741,2023,311262741,2,9,0,2,2,0,0,9,9,1,0,0,0,0,2,1,6,6,3,-1,-1,1968,2,3,SKODA OCTAVIA,-1,-1,0,-1
2023010479365,2023,010479365,1,9,0,14,14,5,1,0,0,0,0,0,0,0,4,1,6,6,1,48,8,1390,1,12,SKODA OCTAVIA,2,E01002077,0,-1
2023131283700,2023,131283700,2,9,0,18,19,1,1,0,0,8,0,0,0,0,1,1,5,6,1,18,4,1598,2,11,SKODA OCTAVIA,1,E01011106,0,-1
2023421376366,2023,421376366,1,9,0,18,19,3,7,0,0,0,0,0,0,0,1,1,1,1,1,67,10,1598,2,11,SKODA OCTAVIA,2,E01024315,0,-1
2023991292761,2023,991292761,2,9,0,18,19,7,4,0,0,6,1,0,0,0,3,1,1,1,1,49,8,999,1,6,SKODA OCTAVIA,6,-1,0,-1
2023061376304,2023,061376304,2,8,0,18,19,1,5,0,0,1,0,0,0,0,1,1,2,2,1,42,7,1598,2,4,SKODA OCTAVIA,1,E01005107,0,-1
2023501309342,2023,501309342,1,9,-1,18,19,5,1,0,0,3,0,0,0,0,-1,1,6,6,1,35,6,1598,2,9,SKODA OCTAVIA,1,E01015075,0,-1
2023991292868,2023,991292868,1,8,0,18,19,3,7,0,0,0,0,0,0,0,1,1,1,1,1,61,9,1598,2,7,SKODA OCTAVIA,6,-1,0,-1
2023010442474,2023,010442474,2,9,0,99,99,9,9,9,9,8,0,0,0,0,0,1,6,6,2,69,10,999,1,5,SKODA OCTAVIA,8,E01003909,0,-1
2023131350240,2023,131350240,1,9,0,9,9,1,5,0,0,5,0,0,0,0,3,1,5,6,1,44,7,1968,2,10,SKODA OCTAVIA,2,E01011771,0,-1
2023201288975,2023,201288975,3,9,0,4,4,4,2,0,0,1,0,0,0,0,2,1,6,6,2,39,7,1968,2,11,SKODA OCTAVIA,6,E01010082,0,-1
2023461326288,2023,461326288,1,8,0,-1,-1,-1,-1,-1,-1,-1,-1,-1,-1,0,0,1,3,7,1,58,9,1598,2,7,SKODA OCTAVIA,6,E01024410,0,-1
2023061260771,2023,061260771,3,8,0,18,19,5,1,0,0,1,0,0,0,0,1,1,1,1,1,54,8,1968,2,9,SKODA OCTAVIA,1,E01033688,0,-1
2023471348028,2023,471348028,1,9,0,9,9,1,7,0,0,4,0,0,0,0,1,1,5,6,1,86,11,1498,1,5,SKODA OCTAVIA,10,E01030507,0,-1
2023122300924,2023,122300924,1,9,0,7,7,1,3,0,0,8,0,0,0,0,3,1,6,6,1,41,7,999,8,2,SKODA OCTAVIA,5,E01027564,0,-1
2023131266515,2023,131266515,1,9,0,18,19,3,3,0,0,1,0,0,1,1,1,1,2,2,1,56,9,1896,2,19,SKODA OCTAVIA,5,E01011629,0,-1
2023010431777,2023,010431777,1,9,0,99,99,9,9,99,99,9,9,99,9,99,9,9,6,6,3,-1,-1,1798,1,12,SKODA OCTAVIA,2,E01003266,0,-1
2023010452653,2023,010452653,2,9,0,99,99,9,9,99,99,9,9,99,9,99,1,9,6,6,3,-1,-1,1798,1,12,SKODA OCTAVIA,-1,-1,0,-1
2023131384133,2023,131384133,1,9,0,18,19,5,1,1,1,1,0,0,0,0,1,1,2,2,1,37,7,1598,2,6,SKODA OCTAVIA,1,E01010995,0,-1
2023161382483,2023,161382483,1,9,0,18,19,2,6,0,0,0,1,0,1,3,1,1,2,2,1,36,7,1498,1,2,SKODA OCTAVIA,5,E01013437,0,-1
2023311362744,2023,311362744,1,9,0,9,9,5,3,0,0,5,0,0,0,0,1,1,1,1,1,58,9,1598,2,4,SKODA OCTAVIA,7,E01007700,0,-1
2023461304614,2023,461304614,2,9,0,18,19,7,3,0,0,1,0,0,0,0,3,1,5,6,2,40,7,1896,2,15,SKODA OCTAVIA,6,E01024245,0,-1
2023340NN3642,2023,340NN3642,2,9,0,18,19,1,3,0,0,1,0,0,0,0,1,1,6,6,1,61,9,1896,2,15,SKODA OCTAVIA,8,E01027329,0,-1
2023201311334,2023,201311334,1,9,0,1,1,3,1,0,0,6,0,0,0,0,2,1,6,6,1,83,11,1598,2,11,SKODA OCTAVIA,9,E01009696,0,-1
2023041346001,2023,041346001,1,9,0,12,12,1,5,0,0,0,0,0,0,0,1,1,5,6,2,43,7,1598,2,10,SKODA OCTAVIA,3,E01006260,0,-1
2023430341116,2023,430341116,1,9,0,18,19,4,8,0,0,8,0,0,0,0,3,1,6,6,1,43,7,1598,2,6,SKODA OCTAVIA,4,E01002551,0,-1