collision_index,collision_year,collision_ref_no,vehicle_reference,vehicle_type,towing_and_articulation,vehicle_manoeuvre_historic,vehicle_manoeuvre,vehicle_direction_from,vehicle_direction_to,vehicle_location_restricted_lane_historic,vehicle_location_restricted_lane,junction_location,skidding_and_overturning,hit_object_in_carriageway,vehicle_leaving_carriageway,hit_object_off_carriageway,first_point_of_impact,vehicle_left_hand_drive,journey_purpose_of_driver_historic,journey_purpose_of_driver,sex_of_driver,age_of_driver,age_band_of_driver,engine_capacity_cc,propulsion_code,age_of_vehicle,generic_make_model,driver_imd_decile,lsoa_of_driver,escooter_flag,driver_distance_banding
2023141320485,2023,141320485,1,9,0,18,19,1,5,0,0,0,0,0,0,0,3,1,1,1,1,22,5,1498,1,4,SKODA OCTAVIA,1,E01007530,0,-1
2023101293587,2023,101293587,1,8,0,18,19,5,1,0,0,0,0,0,0,0,1,1,1,1,1,51,8,1598,2,4,SKODA OCTAVIA,10,E01033550,0,-1
2023122300134,2023,122300134,1,9,0,18,19,8,4,0,0,0,5,0,1,3,1,1,1,1,2,37,7,1968,2,12,SKODA OCTAVIA,6,E01027601,0,-1
2023061396380,2023,061396380,2,9,0,4,4,-1,-1,0,0,0,0,0,0,0,2,1,6,6,3,39,7,1598,2,9,SKODA OCTAVIA,1,E01005232,0,-1
2023471375880,2023,471375880,2,9,0,9,9,3,1,0,0,8,0,0,0,0,3,1,5,6,1,58,9,1598,2,5,SKODA OCTAVIA,2,E01016873,0,-1
2023440499251,2023,440499251,2,9,0,10,10,2,8,0,0,1,0,0,0,0,2,1,6,6,2,52,8,1598,2,12,SKODA OCTAVIA,7,E01020357,0,-1
2023461322692,2023,461322692,2,9,0,18,19,3,7,0,0,8,0,0,0,0,4,1,2,2,1,45,7,1598,2,6,SKODA OCTAVIA,1,E01016017,0,-1
2023031332615,2023,031332615,1,8,0,18,19,7,2,0,0,8,0,0,0,0,1,1,1,1,1,50,8,1968,2,8,SKODA OCTAVIA,4,E01019252,0,-1
2023991319517,2023,991319517,2,9,0,18,19,3,7,0,0,3,0,0,0,0,1,1,5,6,2,66,10,1598,2,8,SKODA OCTAVIA,5,-1,0,-1
2023052302635,2023,052302635,1,8,0,18,19,5,1,0,0,0,0,0,0,0,1,1,6,6,1,51,8,1598,2,10,SKODA OCTAVIA,2,E01006879,0,-1
2023501278552,2023,501278552,1,9,0,18,19,3,7,0,0,0,1,0,0,0,1,1,5,6,1,38,7,1598,2,6,SKODA OCTAVIA,4,E01018871,0,-1
2023031324538,2023,031324538,1,9,0,5,5,5,3,0,0,2,0,0,0,0,3,1,5,6,1,75,10,1968,2,9,SKODA OCTAVIA,10,E01031275,0,-1
2023201415196,2023,201415196,2,9,0,18,19,1,5,0,0,8,0,0,0,0,4,1,6,6,1,27,6,1395,8,2,SKODA OCTAVIA,10,E01009780,0,-1
2023201310096,2023,201310096,1,9,0,18,19,2,4,0,0,3,0,0,0,0,1,1,6,6,1,-1,-1,1968,2,10,SKODA OCTAVIA,-1,-1,0,-1
2023631349254,2023,631349254,1,9,0,18,19,1,4,0,0,0,0,0,0,0,1,1,5,6,1,25,5,1968,2,14,SKODA OCTAVIA,6,W01000689,0,-1
2023302301165,2023,302301165,1,9,0,18,19,7,3,0,0,0,0,12,0,0,1,1,6,6,3,22,5,1968,2,8,SKODA OCTAVIA,10,E01019593,0,-1
2023451376188,2023,451376188,2,9,0,18,19,1,5,0,0,0,1,1,0,0,1,1,5,6,1,73,10,1984,1,0,SKODA OCTAVIA,6,E01031676,0,-1
2023440505724,2023,440505724,1,9,0,9,9,8,6,0,0,5,0,0,0,0,4,1,6,6,1,30,6,1498,1,5,SKODA OCTAVIA,4,E01017042,0,-1
2023440393872,2023,440393872,2,9,0,18,19,8,4,0,0,1,0,0,0,0,1,1,1,1,1,33,6,1598,2,7,SKODA OCTAVIA,8,E01022975,0,-1
2023010449862,2023,010449862,2,9,0,18,19,1,5,0,0,0,0,0,0,0,1,1,6,6,1,24,5,1598,2,5,SKODA OCTAVIA,1,E01001425,0,-1
2023070352677,2023,070352677,2,9,0,18,19,4,8,0,0,0,0,0,0,0,1,1,6,6,1,38,7,1968,2,8,SKODA OCTAVIA,3,E01018534,0,-1
2023501347848,2023,501347848,1,9,0,13,13,1,5,0,0,0,0,0,8,0,4,1,5,6,1,55,8,1395,1,6,SKODA OCTAVIA,10,E01015455,0,-1
2023201316858,2023,201316858,2,9,0,18,19,2,6,0,0,8,0,0,0,0,1,1,6,6,1,45,7,1598,2,7,SKODA OCTAVIA,3,E01009928,0,-1
2023332300118,2023,332300118,1,9,0,9,9,1,7,0,0,5,0,0,0,0,4,1,6,6,1,33,6,1598,2,10,SKODA OCTAVIA,1,E01013634,0,-1
2023161324208,2023,161324208,2,9,0,18,19,1,5,0,0,1,0,0,0,0,1,1,5,6,2,27,6,1598,2,11,SKODA OCTAVIA,1,E01012895,0,-1
2023052400001,2023,052400001,2,9,0,18,19,7,3,0,0,8,0,0,1,1,3,1,6,6,2,32,6,1896,2,19,SKODA OCTAVIA,4,E01006851,0,-1
2023122300991,2023,122300991,1,9,0,16,19,6,1,0,0,0,1,0,7,0,2,1,6,6,2,76,11,1896,2,18,SKODA OCTAVIA,9,E01027737,0,-1
2023451357556,2023,451357556,1,9,0,18,19,5,1,0,0,0,0,0,0,0,2,1,1,1,1,47,8,1968,2,8,SKODA OCTAVIA,8,E01016888,0,-1
2023141288795,2023,141288795,1,9,0,2,2,0,0,6,6,0,0,0,0,0,1,1,1,1,1,51,8,1598,2,12,SKODA OCTAVIA,7,E01007604,0,-1
2023991375936,2023,991375936,2,9,0,18,19,2,7,0,0,8,0,0,0,0,4,1,5,6,2,64,9,1498,1,1,SKODA OCTAVIA,4,-1,0,-1
2023430048510,2023,430048510,1,9,0,3,3,5,1,0,0,0,0,0,0,0,2,1,2,2,1,48,8,1395,1,8,SKODA OCTAVIA,9,E01017734,0,-1
2023010441351,2023,010441351,1,9,0,1,1,3,7,0,0,2,0,7,1,2,1,1,6,6,2,78,11,1395,1,6,SKODA OCTAVIA,9,E01001993,0,-1
2023311308990,2023,311308990,1,8,0,9,9,4,3,0,0,8,0,0,0,0,1,1,1,1,1,43,7,1598,2,5,SKODA OCTAVIA,3,E01027927,0,-1
2023440356635,2023,440356635,2,9,0,9,9,6,4,0,0,1,0,0,0,0,3,1,6,6,1,40,7,1968,2,11,SKODA OCTAVIA,-1,-1,0,-1
2023440125546,2023,440125546,2,9,0,17,19,7,5,0,0,1,0,0,0,0,3,1,1,1,1,41,7,1968,2,1,SKODA OCTAVIA,10,E01022531,0,-1
2023041351568,2023,041351568,2,9,0,7,7,5,1,0,0,1,0,0,0,0,4,1,1,1,2,41,7,1968,2,12,SKODA OCTAVIA,4,E01005036,0,-1
2023302301843,2023,302301843,2,9,0,7,7,1,3,0,0,0,0,0,0,0,2,1,6,6,2,47,8,1968,2,14,SKODA OCTAVIA,8,E01019449,0,-1
2023471356646,2023,471356646,1,9,0,16,19,5,8,0,0,1,0,0,0,0,1,1,2,2,2,65,9,1595,1,20,SKODA OCTAVIA,5,E01031401,0,-1
2023041304458,2023,041304458,2,9,0,18,19,1,5,0,0,1,0,0,0,0,4,1,2,2,1,33,6,1598,2,7,SKODA OCTAVIA,8,E01006232,0,-1
2023461374249,2023,461374249,2,9,0,18,19,2,6,0,0,0,0,0,0,0,3,1,6,6,1,44,7,1498,1,4,SKODA OCTAVIA,-1,-1,0,-1
2023501308538,2023,501308538,2,9,0,9,9,6,5,0,0,1,0,0,0,0,3,1,6,6,2,51,8,1968,2,7,SKODA OCTAVIA,4,E01015175,0,-1
202360A173663,2023,60A173663,1,9,0,7,7,7,2,0,0,3,0,0,0,0,4,1,6,6,2,23,5,1598,2,8,SKODA OCTAVIA,-1,-1,0,-1
2023101317886,2023,101317886,2,9,0,4,4,3,7,0,0,0,0,0,0,0,2,1,2,2,1,30,6,1984,1,17,SKODA OCTAVIA,-1,-1,0,-1
2023440147903,2023,440147903,2,9,0,18,19,7,3,0,0,8,0,0,0,0,2,1,1,1,1,45,7,1968,2,1,SKODA OCTAVIA,4,E01032847,0,-1
2023061364425,2023,061364425,2,9,0,18,19,5,1,0,0,8,0,0,0,0,1,1,5,6,1,23,5,1598,2,6,SKODA OCTAVIA,1,E01005119,0,-1
2023101314160,2023,101314160,2,8,0,2,2,1,5,0,0,0,0,0,0,0,2,1,5,6,1,35,6,1968,2,6,SKODA OCTAVIA,1,E01008327,0,-1
2023421376950,2023,421376950,1,9,0,18,19,7,7,0,0,0,0,0,3,0,1,1,6,6,1,21,5,1968,2,9,SKODA OCTAVIA,10,E01021445,0,-1
2023471321527,2023,471321527,1,9,0,5,5,4,8,0,0,0,0,0,0,0,2,1,1,1,1,52,8,1968,2,7,SKODA OCTAVIA,10,E01031744,0,-1
2023552301059,2023,552301059,1,9,0,18,19,8,4,0,0,0,0,0,0,0,1,1,6,6,1,66,10,1968,2,11,SKODA OCTAVIA,5,E01020562,0,-1
2023041353356,2023,041353356,1,9,0,18,19,6,2,0,0,0,0,0,7,3,1,1,5,6,1,41,7,1968,2,7,SKODA OCTAVIA,5,E01025531,0,-1
2023311345253,2023,311345253,1,9,0,4,4,6,2,0,0,1,0,0,0,0,2,1,5,6,1,50,8,1598,2,12,SKODA OCTAVIA,10,E01028128,0,-1
2023991333327,2023,991333327,2,9,0,18,19,7,3,0,0,0,0,0,0,0,4,1,5,6,1,65,9,1968,2,2,SKODA OCTAVIA,5,E01033715,0,-1
2023061332304,2023,061332304,1,9,0,4,4,1,5,0,0,0,0,0,7,0,4,1,1,1,1,25,5,1598,2,9,SKODA OCTAVIA,2,E01005163,0,-1
2023141390813,2023,141390813,1,9,0,18,19,5,1,0,0,0,0,0,0,0,1,1,2,2,1,43,7,1498,1,2,SKODA OCTAVIA,10,E01007933,0,-1
2023131292317,2023,131292317,2,9,0,4,4,1,5,0,0,1,0,0,0,0,2,1,5,6,2,40,7,1896,2,13,SKODA OCTAVIA,1,E01010650,0,-1
2023070103145,2023,070103145,1,9,0,5,5,1,3,0,0,4,0,0,0,0,1,1,6,6,1,51,8,1968,2,2,SKODA OCTAVIA,2,E01012457,0,-1
2023061375957,2023,061375957,2,8,0,18,19,8,4,0,0,1,0,0,0,0,3,1,6,6,1,38,7,1598,2,8,SKODA OCTAVIA,3,E01004834,0,-1
2023320041480,2023,320041480,1,9,0,17,19,8,4,0,0,0,2,0,7,0,1,1,6,6,1,29,6,1968,2,16,SKODA OCTAVIA,4,E01026090,0,-1
2023122300894,2023,122300894,1,9,0,18,19,8,4,0,0,0,0,0,0,0,4,1,6,6,1,54,8,1498,1,2,SKODA OCTAVIA,6,E01027562,0,-1
2023010447225,2023,010447225,2,9,0,18,19,6,2,0,0,2,0,0,0,0,0,1,6,6,1,33,6,1968,2,7,SKODA OCTAVIA,8,E01000447,0,-1
2023340NN1342,2023,340NN1342,2,9,0,13,13,8,4,0,0,1,0,0,0,0,4,1,1,1,1,-1,-1,1498,1,2,SKODA OCTAVIA,8,E01027162,0,-1
2023052300813,2023,052300813,1,9,0,18,19,5,1,0,0,1,0,0,0,0,3,1,6,6,1,66,10,1598,2,10,SKODA OCTAVIA,2,E01007091,0,-1
2023991391523,2023,991391523,1,9,0,9,9,1,7,0,0,1,0,0,0,0,4,1,6,6,1,29,6,1598,2,3,SKODA OCTAVIA,1,-1,0,-1
2023430255915,2023,430255915,1,9,0,3,3,6,2,0,0,0,0,0,0,0,2,1,2,2,2,38,7,1498,1,5,SKODA OCTAVIA,9,E01017875,0,-1
2023991298637,2023,991298637,1,9,0,6,6,1,1,0,0,8,0,0,0,0,4,1,1,1,1,64,9,1598,2,4,SKODA OCTAVIA,-1,-1,0,-1
2023610014023,2023,610014023,2,9,0,18,19,1,5,0,0,8,0,0,0,0,1,1,6,6,1,36,7,1968,2,9,SKODA OCTAVIA,6,W01001369,0,-1
2023461337565,2023,461337565,1,9,0,18,19,3,7,0,0,0,0,10,0,0,1,1,1,1,1,54,8,1598,2,4,SKODA OCTAVIA,-1,-1,0,-1
2023451287958,2023,451287958,2,9,0,18,19,3,7,0,0,0,0,0,0,0,1,1,6,6,1,42,7,1598,1,16,SKODA OCTAVIA,10,E01030342,0,-1
2023461266650,2023,461266650,3,9,0,2,2,0,0,0,0,0,0,0,0,0,2,1,6,6,2,-1,-1,1968,2,17,SKODA OCTAVIA,1,E01024658,0,-1
2023201380850,2023,201380850,2,9,9,6,6,2,2,0,0,0,0,0,0,0,4,1,6,6,1,39,7,1896,2,15,SKODA OCTAVIA,1,E01009368,0,-1
2023052302812,2023,052302812,1,9,0,16,19,3,4,0,0,6,0,0,0,0,1,1,1,1,1,-1,-1,1598,2,8,SKODA OCTAVIA,2,E01006492,0,-1
2023010435728,2023,010435728,2,9,0,99,99,9,9,99,99,9,9,99,9,99,1,1,6,6,3,-1,-1,1598,2,13,SKODA OCTAVIA,-1,-1,0,-1
2023451320893,2023,451320893,1,9,0,6,6,1,3,0,0,2,0,0,0,0,0,1,5,6,1,84,11,1395,1,9,SKODA OCTAVIA,9,E01030559,0,-1
2023061266787,2023,061266787,2,9,-1,-1,-1,-1,-1,-1,-1,0,-1,-1,-1,0,-1,1,6,6,1,-1,-1,1598,2,11,SKODA OCTAVIA,2,E01005337,0,-1
2023141365275,2023,141365275,2,9,0,4,4,7,3,0,0,0,0,0,0,0,1,1,1,1,1,23,5,1598,2,10,SKODA OCTAVIA,3,E01007680,0,-1
2023201379957,2023,201379957,1,9,0,18,19,7,3,0,0,0,0,0,0,0,1,1,6,6,1,79,11,1968,2,16,SKODA OCTAVIA,2,E01010090,0,-1
2023131264492,2023,131264492,1,9,0,12,12,5,3,0,0,0,0,0,0,0,2,1,2,2,1,31,6,1598,2,11,SKODA OCTAVIA,1,E01010833,0,-1
2023071230642,2023,071230642,1,9,0,18,19,6,2,9,9,0,0,0,7,11,3,1,6,6,1,73,10,1395,1,6,SKODA OCTAVIA,3,E01012391,0,-1
2023161355871,2023,161355871,2,9,0,2,2,0,0,0,0,0,0,0,0,0,0,1,6,6,3,-1,-1,1968,2,15,SKODA OCTAVIA,-1,-1,0,-1
2023471357772,2023,471357772,1,9,0,18,19,1,5,0,0,0,0,0,0,0,1,1,2,2,1,49,8,1598,2,8,SKODA OCTAVIA,5,E01031750,0,-1
2023501294959,2023,501294959,2,9,0,3,3,5,1,0,0,8,0,0,0,0,2,1,2,2,1,41,7,1598,2,6,SKODA OCTAVIA,2,E01020037,0,-1
2023010453393,2023,010453393,2,9,0,2,2,0,0,0,0,2,0,0,0,0,3,1,6,6,3,-1,-1,999,1,4,SKODA OCTAVIA,-1,-1,0,-1
2023101391812,2023,101391812,2,9,0,18,19,1,5,0,0,0,0,0,0,0,1,1,6,6,1,48,8,1968,2,16,SKODA OCTAVIA,2,E01008210,0,-1
2023211261926,2023,211261926,3,9,0,18,19,7,8,0,0,0,0,0,0,0,0,1,1,1,1,53,8,1984,1,4,SKODA OCTAVIA,7,E01029732,0,-1
2023041383074,2023,041383074,1,9,0,5,5,3,7,0,0,0,0,0,0,0,3,1,5,6,1,70,10,1598,2,4,SKODA OCTAVIA,-1,-1,0,-1
2023430273857,2023,430273857,2,8,0,18,19,3,7,0,0,0,0,0,0,0,4,1,1,1,1,60,9,1968,2,4,SKODA OCTAVIA,-1,-1,0,-1
2023991297371,2023,991297371,1,8,0,5,5,6,8,9,9,0,0,0,0,0,3,1,5,6,1,40,7,999,1,2,SKODA OCTAVIA,2,-1,0,-1
2023052300268,2023,052300268,3,9,0,18,19,7,3,0,0,0,0,0,0,0,3,1,6,6,3,-1,-1,1968,2,12,SKODA OCTAVIA,-1,-1,0,-1
2023991305080,2023,991305080,1,9,0,18,19,8,4,0,0,0,1,0,0,0,1,1,5,6,1,26,6,1598,2,11,SKODA OCTAVIA,9,-1,0,-1
2023041328798,2023,041328798,2,9,0,4,4,5,1,0,0,0,0,0,0,0,2,1,6,6,1,33,6,1598,2,13,SKODA OCTAVIA,4,E01025556,0,-1
2023101288881,2023,101288881,1,9,0,9,9,8,4,0,0,8,0,0,0,0,1,1,1,1,1,-1,-1,1968,2,6,SKODA OCTAVIA,-1,-1,0,-1
2023131332120,2023,131332120,2,9,0,18,19,1,5,0,0,8,0,0,0,0,4,1,1,1,1,31,6,1598,2,11,SKODA OCTAVIA,3,E01011315,0,-1
2023041300791,2023,041300791,2,9,0,18,19,7,3,0,0,8,0,0,0,0,1,1,5,6,2,52,8,1896,2,21,SKODA OCTAVIA,4,E01012607,0,-1
2023010434337,2023,010434337,2,9,0,2,2,0,0,9,9,0,0,0,0,0,4,1,6,6,3,-1,-1,1598,2,10,SKODA OCTAVIA,-1,-1,0,-1
2023101353004,2023,101353004,1,8,0,5,5,1,5,0,0,0,0,0,0,0,1,1,1,1,1,27,6,1598,2,7,SKODA OCTAVIA,2,E01008456,0,-1
2023170S12233,2023,170S12233,1,9,0,9,9,7,5,0,0,8,0,0,7,10,1,1,6,6,1,41,7,1968,2,13,SKODA OCTAVIA,1,E01033477,0,-1
2023101325120,2023,101325120,2,9,0,17,19,3,7,0,0,0,0,0,0,0,1,1,5,6,1,42,7,1968,2,5,SKODA OCTAVIA,10,E01032549,0,-1
2023170L11013,2023,170L11013,1,9,3,18,19,4,8,0,0,0,0,0,0,0,3,1,6,6,2,54,8,1968,2,13,SKODA OCTAVIA,-1,-1,0,-1
2023201339764,2023,201339764,1,9,0,18,19,6,2,0,0,0,0,7,4,2,4,1,6,6,1,36,7,1896,2,14,SKODA OCTAVIA,2,E01010102,0,-1
2023371404660,2023,371404660,1,9,0,18,19,3,7,0,0,0,0,0,0,0,1,1,6,6,2,76,11,1395,1,7,SKODA OCTAVIA,7,E01030153,0,-1
2023991338563,2023,991338563,1,8,0,3,3,5,3,0,0,8,0,0,0,0,1,1,1,1,1,51,8,1598,2,8,SKODA OCTAVIA,10,-1,0,-1
2023061332671,2023,061332671,3,9,-1,-1,-1,-1,-1,-1,-1,0,-1,-1,-1,0,-1,1,6,6,1,-1,-1,1598,2,8,SKODA OCTAVIA,-1,-1,0,-1
2023340NN1082,2023,340NN1082,1,9,0,14,14,2,6,0,0,1,1,4,0,0,4,1,1,1,1,31,6,1498,1,1,SKODA OCTAVIA,-1,-1,0,-1
2023440496907,2023,440496907,1,9,0,14,14,3,7,0,0,1,0,0,0,0,1,1,6,6,1,38,7,1984,1,16,SKODA OCTAVIA,6,E01017026,0,-1
2023991324999,2023,991324999,2,8,0,18,19,5,1,0,0,8,0,0,0,0,4,1,5,6,1,57,9,999,1,3,SKODA OCTAVIA,2,-1,0,-1
2023440210627,2023,440210627,1,8,0,18,19,1,5,0,0,2,0,0,0,0,4,1,6,6,1,27,6,999,1,3,SKODA OCTAVIA,5,E01017023,0,-1
2023531290439,2023,531290439,1,9,0,5,5,5,1,0,0,5,0,0,0,0,1,1,2,2,1,46,8,1395,1,7,SKODA OCTAVIA,6,E01022374,0,-1
2023041334765,2023,041334765,1,9,0,18,19,1,5,0,0,0,0,0,0,0,1,1,5,6,2,24,5,1598,2,11,SKODA OCTAVIA,1,E01011038,0,-1
2023101366671,2023,101366671,1,9,0,18,19,3,7,0,0,8,0,0,0,0,4,1,1,1,1,46,8,1968,2,8,SKODA OCTAVIA,1,E01008333,0,-1
2023041310010,2023,041310010,1,9,0,4,4,1,2,0,0,1,0,0,0,0,1,1,6,6,1,27,6,1598,2,9,SKODA OCTAVIA,2,E01005654,0,-1
2023501334388,2023,501334388,2,9,0,2,2,0,0,0,0,0,0,0,0,0,4,1,6,6,3,-1,-1,1598,2,6,SKODA OCTAVIA,-1,-1,0,-1
2023610010223,2023,610010223,2,9,0,3,3,8,4,0,0,1,0,0,0,0,2,1,6,6,1,75,10,1395,1,6,SKODA OCTAVIA,2,W01001482,0,-1
2023201286960,2023,201286960,2,9,0,18,19,4,8,0,0,8,0,0,0,0,1,1,5,6,1,34,6,1984,1,17,SKODA OCTAVIA,4,E01010254,0,-1
2023991375052,2023,991375052,2,8,0,18,19,4,8,0,0,0,0,0,1,0,3,1,1,1,1,49,8,1968,2,6,SKODA OCTAVIA,3,-1,0,-1
2023461319269,2023,461319269,1,9,0,9,9,1,5,0,0,8,0,0,0,0,1,1,6,6,2,71,10,999,1,6,SKODA OCTAVIA,1,E01024710,0,-1
202360A007926,2023,60A007926,1,9,0,4,4,7,3,0,0,1,0,0,0,0,1,1,1,1,1,32,6,1968,2,8,SKODA OCTAVIA,-1,-1,0,-1
2023471382547,2023,471382547,2,9,0,18,19,4,8,0,0,1,0,0,0,0,2,1,1,1,1,34,6,1968,2,4,SKODA OCTAVIA,8,E01020988,0,-1
2023031372413,2023,031372413,1,9,0,5,5,1,7,0,0,1,0,0,0,0,1,1,6,6,2,39,7,1598,2,6,SKODA OCTAVIA,7,E01019254,0,-1
2023052301585,2023,052301585,2,8,0,18,19,1,5,0,0,8,0,0,0,0,1,1,1,1,1,57,9,1598,2,8,SKODA OCTAVIA,4,E01006893,0,-1
2023041370145,2023,041370145,1,9,0,18,19,1,5,0,0,0,0,0,0,0,1,1,5,6,1,55,8,1598,2,9,SKODA OCTAVIA,4,E01025452,0,-1
2023010485921,2023,010485921,2,9,0,17,19,7,3,0,0,1,0,4,0,0,1,1,6,6,1,30,6,1798,1,13,SKODA OCTAVIA,-1,-1,0,-1
2023010475227,2023,010475227,1,9,0,99,99,9,9,99,99,0,9,99,9,99,2,9,6,6,1,36,7,1968,2,7,SKODA OCTAVIA,4,E01003628,0,-1
2023201293941,2023,201293941,2,9,0,18,19,2,6,0,0,2,0,0,0,0,2,1,6,6,1,-1,-1,1968,2,9,SKODA OCTAVIA,-1,-1,0,-1
2023101378321,2023,101378321,1,8,0,9,9,6,5,0,0,2,0,0,0,0,1,1,6,6,1,64,9,1598,2,7,SKODA OCTAVIA,9,E01008316,0,-1
2023501380868,2023,501380868,2,9,0,17,19,6,3,0,0,0,1,0,0,0,4,1,1,1,1,24,5,1968,2,17,SKODA OCTAVIA,4,E01019054,0,-1
2023501273569,2023,501273569,2,9,0,18,19,6,2,0,0,0,0,0,0,0,1,1,2,2,1,57,9,1968,2,15,SKODA OCTAVIA,1,E01018933,0,-1
2023440210109,2023,440210109,3,9,0,3,3,6,2,0,0,1,0,0,0,0,2,1,1,1,1,26,6,999,1,1,SKODA OCTAVIA,8,E01031977,0,-1
2023122300720,2023,122300720,1,9,0,18,19,7,3,0,0,0,0,0,0,0,1,1,6,6,2,55,8,1968,2,16,SKODA OCTAVIA,5,E01012054,0,-1
2023552300725,2023,552300725,1,8,0,5,5,1,5,0,0,0,0,0,0,0,4,1,1,1,3,-1,-1,1598,2,8,SKODA OCTAVIA,-1,-1,0,-1
2023010464058,2023,010464058,1,9,0,9,9,7,5,0,0,0,0,0,0,0,1,1,6,6,1,25,5,1498,1,5,SKODA OCTAVIA,7,E01000215,0,-1
2023430350585,2023,430350585,1,9,0,18,19,8,3,0,0,6,0,0,0,0,3,1,6,6,1,63,9,1395,1,6,SKODA OCTAVIA,-1,-1,0,-1
2023361307137,2023,361307137,1,9,0,18,19,2,5,0,0,1,0,0,0,0,4,1,5,6,1,37,7,1968,2,12,SKODA OCTAVIA,2,E01026607,0,-1
2023610003823,2023,610003823,2,9,0,2,2,0,0,0,0,0,0,0,0,0,1,1,6,6,1,-1,-1,1498,1,4,SKODA OCTAVIA,-1,-1,0,-1
2023131358045,2023,131358045,3,9,0,18,19,1,5,0,0,1,0,0,0,0,2,1,6,6,1,51,8,1798,1,11,SKODA OCTAVIA,6,E01010787,0,-1
2023991337645,2023,991337645,1,9,0,1,1,1,7,0,0,5,0,0,0,0,0,1,5,6,1,39,7,1498,1,4,SKODA OCTAVIA,-1,-1,0,-1
2023622300735,2023,622300735,1,9,0,18,19,6,2,0,0,0,1,4,0,0,1,1,6,6,1,23,5,1968,2,14,SKODA OCTAVIA,5,W01001493,0,-1
2023430214269,2023,430214269,1,9,0,18,19,2,6,0,0,0,0,0,0,0,1,1,6,6,2,77,11,1798,1,11,SKODA OCTAVIA,-1,-1,0,-1
2023052300339,2023,052300339,1,9,0,18,19,1,5,0,0,1,0,0,0,0,4,1,1,1,1,-1,-1,1598,2,3,SKODA OCTAVIA,-1,-1,0,-1
2023221386476,2023,221386476,1,9,0,18,19,4,7,0,0,0,0,0,0,0,1,1,6,6,1,60,9,1968,2,6,SKODA OCTAVIA,9,W01000399,0,-1
2023061389517,2023,061389517,1,8,-1,-1,-1,-1,-1,-1,-1,-1,-1,-1,-1,0,-1,1,1,1,1,-1,-1,1598,2,8,SKODA OCTAVIA,-1,-1,0,-1
2023991337680,2023,991337680,1,9,0,18,19,4,8,0,0,0,0,0,0,0,1,1,5,6,1,35,6,1595,1,12,SKODA OCTAVIA,4,-1,0,-1
2023161386995,2023,161386995,1,9,0,8,8,3,6,0,0,1,0,0,0,0,1,1,3,7,1,54,8,1498,1,5,SKODA OCTAVIA,10,E01013108,0,-1
2023471325503,2023,471325503,1,9,0,6,6,8,8,0,0,0,0,0,7,0,3,1,2,2,1,42,7,1968,2,15,SKODA OCTAVIA,6,E01031419,0,-1
2023041318295,2023,041318295,1,9,0,9,9,7,1,0,0,1,0,0,0,0,1,1,5,6,1,20,4,1498,8,1,SKODA OCTAVIA,6,E01032928,0,-1
2023231352083,2023,231352083,1,9,0,18,19,7,3,0,0,1,0,0,0,0,1,1,1,1,1,41,7,1598,2,6,SKODA OCTAVIA,5,E01031336,0,-1
2023351391298,2023,351391298,1,9,0,18,19,5,1,0,0,0,0,0,0,0,1,1,3,7,1,35,6,1968,2,8,SKODA OCTAVIA,1,E01015607,0,-1
2023991316864,2023,991316864,2,8,0,18,19,2,6,0,0,8,0,0,0,0,4,1,1,1,1,61,9,1968,2,4,SKODA OCTAVIA,4,-1,0,-1
2023991283620,2023,991283620,2,8,0,2,2,0,0,0,0,2,0,0,0,0,2,1,6,6,3,-1,-1,1598,2,6,SKODA OCTAVIA,-1,-1,0,-1
2023421390533,2023,421390533,2,9,0,-1,-1,-1,-1,-1,-1,-1,-1,-1,-1,0,-1,1,6,6,1,28,6,1984,1,0,SKODA OCTAVIA,10,E01021450,0,-1
2023131310661,2023,131310661,2,9,0,2,2,6,2,0,0,0,0,0,0,0,3,1,5,6,2,39,7,1598,2,11,SKODA OCTAVIA,1,E01010723,0,-1
2023311347281,2023,311347281,2,9,0,9,9,2,1,0,0,6,0,0,0,0,1,1,6,6,1,-1,-1,1968,2,11,SKODA OCTAVIA,1,E01028256,0,-1
2023101298270,2023,101298270,1,9,0,4,4,4,4,0,0,1,0,4,0,0,1,1,6,6,1,26,6,1896,2,20,SKODA OCTAVIA,3,E01008169,0,-1
2023010437374,2023,010437374,1,9,0,99,99,9,9,99,99,9,9,99,9,99,2,9,6,6,1,56,9,1968,2,9,SKODA OCTAVIA,5,E01003110,0,-1
2023010438956,2023,010438956,2,9,0,99,99,9,9,99,99,9,9,99,9,99,1,9,6,6,3,-1,-1,1395,1,7,SKODA OCTAVIA,-1,-1,0,-1
2023501294188,2023,501294188,2,9,0,18,19,7,4,0,0,1,0,0,0,0,3,1,6,6,2,27,6,1598,2,11,SKODA OCTAVIA,1,E01020015,0,-1
2023471307082,2023,471307082,1,9,0,18,19,8,4,0,0,1,0,0,0,0,3,1,1,1,1,50,8,1598,2,6,SKODA OCTAVIA,2,E01020911,0,-1
2023010479398,2023,010479398,2,9,0,99,99,9,9,99,99,9,9,99,9,99,1,9,6,6,3,38,7,1984,1,15,SKODA OCTAVIA,5,E01032840,0,-1
2023501351909,2023,501351909,1,9,0,17,19,2,5,0,0,1,5,11,0,0,4,1,6,6,1,43,7,1498,1,2,SKODA OCTAVIA,2,E01015157,0,-1
2023411333144,2023,411333144,1,9,0,4,4,3,5,0,0,6,0,0,0,0,2,1,5,6,1,63,9,1498,1,2,SKODA OCTAVIA,10,E01023733,0,-1
2023340NN3252,2023,340NN3252,1,9,0,7,7,5,8,0,0,4,0,0,1,7,1,1,6,6,1,-1,-1,1598,2,6,SKODA OCTAVIA,8,E01027096,0,-1