collision_index,collision_year,collision_ref_no,vehicle_reference,vehicle_type,towing_and_articulation,vehicle_manoeuvre_historic,vehicle_manoeuvre,vehicle_direction_from,vehicle_direction_to,vehicle_location_restricted_lane_historic,vehicle_location_restricted_lane,junction_location,skidding_and_overturning,hit_object_in_carriageway,vehicle_leaving_carriageway,hit_object_off_carriageway,first_point_of_impact,vehicle_left_hand_drive,journey_purpose_of_driver_historic,journey_purpose_of_driver,sex_of_driver,age_of_driver,age_band_of_driver,engine_capacity_cc,propulsion_code,age_of_vehicle,generic_make_model,driver_imd_decile,lsoa_of_driver,escooter_flag,driver_distance_banding
2023141344888,2023,141344888,2,9,0,18,19,3,7,0,0,1,0,0,0,0,1,1,6,6,2,43,7,1395,1,6,SKODA OCTAVIA,1,E01007652,0,-1
2023101298285,2023,101298285,1,9,0,16,19,3,7,0,0,0,0,0,0,0,3,1,5,6,1,36,7,1968,2,7,SKODA OCTAVIA,6,E01027479,0,-1
2023440017777,2023,440017777,1,8,0,18,19,3,7,0,0,0,0,0,0,0,4,1,1,1,1,35,6,999,1,3,SKODA OCTAVIA,3,E01017080,0,-1
2023131312298,2023,131312298,2,9,0,2,2,7,3,0,0,0,0,0,0,0,2,1,5,6,1,38,7,1598,2,5,SKODA OCTAVIA,1,E01011363,0,-1
2023061265036,2023,061265036,4,9,0,9,9,1,3,0,0,1,0,0,0,0,1,1,1,1,1,38,7,1984,1,4,SKODA OCTAVIA,1,E01005108,0,-1
2023401289766,2023,401289766,2,9,0,5,5,2,6,0,0,2,0,0,0,0,1,1,6,6,1,53,8,1598,2,7,SKODA OCTAVIA,4,E01017535,0,-1
2023211292305,2023,211292305,3,8,0,4,4,4,5,0,0,1,0,0,0,0,1,1,6,6,1,40,7,1968,2,7,SKODA OCTAVIA,7,E01014297,0,-1
2023311431851,2023,311431851,1,9,0,-1,-1,-1,-1,0,0,-1,0,0,0,0,-1,1,6,6,1,19,4,1598,2,9,SKODA OCTAVIA,-1,-1,0,-1
2023041332285,2023,041332285,1,9,0,5,5,5,1,0,0,0,0,0,0,0,1,1,5,6,1,27,6,1598,2,11,SKODA OCTAVIA,1,E01012682,0,-1
2023411374373,2023,411374373,1,9,0,4,4,1,5,0,0,0,0,0,0,0,1,1,5,6,2,59,9,1598,2,9,SKODA OCTAVIA,6,E01025735,0,-1
2023141365463,2023,141365463,3,9,0,18,19,3,7,0,0,0,0,0,0,0,1,1,5,6,1,49,8,1395,1,9,SKODA OCTAVIA,7,E01007997,0,-1
2023131366116,2023,131366116,1,9,0,18,19,5,1,0,0,1,0,0,0,0,1,1,6,6,1,85,11,1598,2,12,SKODA OCTAVIA,7,E01011569,0,-1
2023991379702,2023,991379702,1,8,0,18,19,1,5,0,0,1,0,0,0,0,1,1,1,1,1,62,9,1598,2,3,SKODA OCTAVIA,1,-1,0,-1
2023170S21023,2023,170S21023,2,8,0,18,19,8,4,0,0,1,0,0,0,0,1,1,1,1,1,22,5,1598,2,6,SKODA OCTAVIA,-1,-1,0,-1
2023401396288,2023,401396288,2,9,0,17,19,8,5,0,0,0,0,0,0,0,3,1,1,1,1,72,10,1896,2,19,SKODA OCTAVIA,10,E01017438,0,-1
2023070957975,2023,070957975,3,9,0,2,2,0,0,0,0,2,0,0,0,0,1,1,6,6,3,-1,-1,1968,2,13,SKODA OCTAVIA,-1,-1,0,-1
2023010464643,2023,010464643,1,9,0,3,3,1,5,0,0,1,0,0,0,0,2,1,6,6,1,35,6,1984,1,11,SKODA OCTAVIA,3,E01003597,0,-1
2023371337946,2023,371337946,2,9,0,3,3,4,8,0,0,1,0,0,0,0,2,1,6,6,2,43,7,1598,2,7,SKODA OCTAVIA,3,E01029954,0,-1
2023501311659,2023,501311659,3,9,0,18,19,7,3,0,0,0,0,0,0,0,1,1,6,6,2,38,7,1968,2,9,SKODA OCTAVIA,10,E01015131,0,-1
2023061301001,2023,061301001,1,8,0,18,19,2,7,0,0,0,0,0,0,0,1,1,6,6,1,-1,-1,1598,2,4,SKODA OCTAVIA,4,E01005036,0,-1
2023141337310,2023,141337310,1,9,0,5,5,4,1,0,0,7,0,0,1,0,2,1,5,6,1,30,6,999,1,2,SKODA OCTAVIA,6,E01025747,0,-1
2023440269807,2023,440269807,2,9,0,18,19,5,1,0,0,4,0,0,0,0,1,1,2,2,1,57,9,1968,2,7,SKODA OCTAVIA,10,E01023187,0,-1
2023421354967,2023,421354967,2,9,0,18,19,5,1,0,0,0,0,0,0,0,0,1,6,6,2,53,8,1968,2,10,SKODA OCTAVIA,-1,-1,0,-1
2023552300410,2023,552300410,1,9,0,5,5,2,8,0,0,3,0,0,0,0,1,1,6,6,1,75,10,1896,2,17,SKODA OCTAVIA,10,E01020387,0,-1
2023041347011,2023,041347011,2,9,0,2,2,5,1,0,0,0,0,0,0,0,2,1,5,6,1,27,6,1968,2,8,SKODA OCTAVIA,2,E01012621,0,-1
2023440009220,2023,440009220,2,9,0,18,19,1,5,0,0,8,0,0,0,0,3,1,1,1,1,51,8,1598,2,7,SKODA OCTAVIA,2,E01017155,0,-1
2023161308910,2023,161308910,3,9,0,2,2,0,0,0,0,0,0,0,0,0,3,1,6,6,3,-1,-1,1968,2,4,SKODA OCTAVIA,-1,-1,0,-1
2023451356137,2023,451356137,1,9,0,18,19,7,3,0,0,0,0,0,0,0,2,1,6,6,1,76,11,1598,2,8,SKODA OCTAVIA,6,E01017092,0,-1
2023070138043,2023,070138043,1,9,0,16,19,5,8,0,0,3,0,0,0,0,1,1,6,6,1,83,11,1968,2,19,SKODA OCTAVIA,2,E01018354,0,-1
2023991359775,2023,991359775,1,9,0,11,11,8,4,0,0,1,0,0,0,0,1,1,1,1,1,43,7,1896,2,19,SKODA OCTAVIA,8,E01007502,0,-1
2023311355762,2023,311355762,1,9,0,14,14,6,2,0,0,8,1,0,7,11,1,1,1,1,1,34,6,1598,2,3,SKODA OCTAVIA,5,E01028189,0,-1
2023340NN1172,2023,340NN1172,1,9,0,18,19,5,1,0,0,1,0,0,0,0,1,1,1,1,2,26,6,1498,1,1,SKODA OCTAVIA,8,E01027162,0,-1
2023061343385,2023,061343385,2,9,0,3,3,6,1,0,0,1,0,0,0,0,1,1,6,6,1,52,8,1598,2,7,SKODA OCTAVIA,1,E01032921,0,-1
2023122301068,2023,122301068,3,8,0,11,11,5,1,0,0,0,0,0,0,0,0,1,1,1,3,-1,-1,1968,2,7,SKODA OCTAVIA,-1,-1,0,-1
2023520300715,2023,520300715,1,9,0,18,19,7,3,0,0,8,0,0,0,0,2,1,6,6,1,44,7,1896,2,15,SKODA OCTAVIA,4,E01029090,0,-1
2023131324256,2023,131324256,1,9,0,17,19,4,8,0,0,0,0,0,0,0,1,1,5,6,1,42,7,1598,2,9,SKODA OCTAVIA,4,E01011320,0,-1
2023010452769,2023,010452769,2,9,0,99,99,9,9,99,99,0,9,99,9,99,1,9,6,6,3,-1,-1,1968,2,8,SKODA OCTAVIA,-1,-1,0,-1
2023141339578,2023,141339578,2,9,0,18,19,3,7,0,0,8,0,0,0,0,1,1,5,6,1,26,6,1498,1,4,SKODA OCTAVIA,2,E01021354,0,-1
2023211379509,2023,211379509,3,9,0,2,2,0,0,0,0,0,0,0,0,0,0,1,5,6,2,28,6,1968,2,0,SKODA OCTAVIA,-1,-1,0,-1
2023622300418,2023,622300418,3,9,0,18,19,1,5,0,0,8,0,0,0,0,3,1,1,1,1,57,9,1598,2,4,SKODA OCTAVIA,5,W01000995,0,-1
2023430287492,2023,430287492,1,9,0,18,19,7,3,0,0,0,0,0,0,0,1,1,2,2,2,47,8,1968,2,8,SKODA OCTAVIA,5,E01017659,0,-1
2023991342927,2023,991342927,2,9,0,3,3,3,7,0,0,2,0,0,0,0,2,1,2,2,1,38,7,999,1,0,SKODA OCTAVIA,9,-1,0,-1
2023131387704,2023,131387704,1,9,0,-1,-1,-1,-1,-1,-1,-1,-1,-1,-1,-1,-1,1,6,6,3,-1,-1,1968,2,9,SKODA OCTAVIA,-1,-1,0,-1
2023070794409,2023,070794409,1,9,0,18,19,3,7,0,0,0,0,0,0,0,1,1,2,2,1,48,8,1598,2,8,SKODA OCTAVIA,10,E01006096,0,-1
2023061326045,2023,061326045,1,9,0,18,19,1,5,0,0,8,0,0,0,0,3,1,1,1,1,30,6,1598,2,8,SKODA OCTAVIA,-1,-1,0,-1
2023440484802,2023,440484802,1,9,0,18,19,2,6,0,0,0,0,0,0,0,1,1,1,1,1,63,9,1598,2,5,SKODA OCTAVIA,9,E01030933,0,-1
2023411359785,2023,411359785,1,9,0,18,19,2,6,0,0,0,0,0,0,0,1,1,6,6,2,19,4,1896,2,16,SKODA OCTAVIA,7,E01024435,0,-1
202360A048100,2023,60A048100,4,9,0,18,19,7,3,0,0,0,0,0,0,0,3,1,1,1,1,67,10,1598,2,11,SKODA OCTAVIA,-1,-1,0,-1
2023010452072,2023,010452072,2,9,0,99,99,9,9,99,99,9,9,99,9,99,4,9,6,6,1,79,11,1395,1,6,SKODA OCTAVIA,7,E01001642,0,-1
2023010439227,2023,010439227,1,9,0,3,3,5,1,0,0,1,0,0,0,0,3,1,6,6,2,58,9,1896,2,15,SKODA OCTAVIA,4,E01002642,0,-1
2023010428071,2023,010428071,2,9,0,99,99,9,9,99,99,9,9,99,9,99,9,9,6,6,3,-1,-1,1984,1,6,SKODA OCTAVIA,7,E01000457,0,-1
2023131302479,2023,131302479,2,8,0,9,9,5,1,0,0,4,0,0,0,0,1,1,1,1,1,54,8,1598,2,9,SKODA OCTAVIA,1,E01010996,0,-1
2023101345819,2023,101345819,1,9,0,18,19,1,5,0,0,0,0,0,0,0,3,1,5,6,1,38,7,1968,2,3,SKODA OCTAVIA,9,E01008799,0,-1
2023061276275,2023,061276275,1,9,0,9,9,4,2,0,0,1,0,0,0,0,1,1,1,1,1,55,8,1598,2,6,SKODA OCTAVIA,1,E01005386,0,-1
2023031275037,2023,031275037,1,9,0,18,19,1,5,7,6,0,0,0,4,0,1,1,5,6,1,18,4,1984,1,12,SKODA OCTAVIA,5,E01019168,0,-1
2023010485007,2023,010485007,1,9,0,5,5,7,3,0,0,1,0,0,0,0,1,1,6,6,1,21,5,1598,1,16,SKODA OCTAVIA,3,E01001793,0,-1
2023531368862,2023,531368862,3,9,0,3,3,2,6,0,0,8,0,0,0,0,2,1,1,1,2,39,7,1968,2,12,SKODA OCTAVIA,8,E01014061,0,-1
2023340WN3732,2023,340WN3732,1,9,0,17,19,5,1,0,0,8,0,0,0,0,3,1,6,6,1,32,6,1598,2,12,SKODA OCTAVIA,-1,-1,0,-1
2023991363184,2023,991363184,3,8,0,18,19,6,2,0,0,0,0,1,0,0,3,1,1,1,1,72,10,1598,2,4,SKODA OCTAVIA,-1,-1,0,-1
202363A017523,2023,63A017523,2,9,0,9,9,2,8,0,0,5,0,0,0,0,4,1,6,6,2,45,7,1968,2,7,SKODA OCTAVIA,8,W01000676,0,-1
2023471366826,2023,471366826,1,9,0,18,19,4,8,0,0,8,0,0,0,0,1,1,1,1,3,55,8,1968,2,9,SKODA OCTAVIA,1,E01020912,0,-1
2023122300682,2023,122300682,3,9,0,2,2,0,0,0,0,1,0,0,0,0,2,1,6,6,3,-1,-1,1598,2,11,SKODA OCTAVIA,-1,-1,0,-1
2023991302113,2023,991302113,1,9,0,18,19,5,8,0,0,0,0,0,0,0,1,1,6,6,1,26,6,1598,2,13,SKODA OCTAVIA,3,-1,0,-1
2023332300643,2023,332300643,1,9,0,17,19,8,5,0,0,0,0,0,0,0,0,1,1,1,1,38,7,1498,1,1,SKODA OCTAVIA,10,E01025802,0,-1
2023991393334,2023,991393334,2,9,0,9,9,5,3,0,0,8,0,0,0,0,3,1,5,6,1,71,10,1968,2,8,SKODA OCTAVIA,-1,-1,0,-1
2023010429885,2023,010429885,3,9,0,4,4,1,5,0,0,1,0,0,0,0,0,1,6,6,1,53,8,1390,1,14,SKODA OCTAVIA,7,E01000295,0,-1
2023211302545,2023,211302545,1,9,0,7,7,2,4,0,0,0,5,0,7,11,1,1,6,6,1,29,6,1968,2,9,SKODA OCTAVIA,-1,-1,0,-1
2023311296417,2023,311296417,1,9,0,9,9,7,5,0,0,1,0,0,0,0,1,1,5,6,1,32,6,1498,1,4,SKODA OCTAVIA,2,E01028271,0,-1
2023111289315,2023,111289315,1,8,0,1,1,6,2,0,0,1,0,0,0,0,2,1,1,1,2,42,7,1598,2,5,SKODA OCTAVIA,3,E01020652,0,-1
2023540581223,2023,540581223,1,9,0,3,3,1,5,0,0,1,0,0,0,0,2,1,6,6,1,79,11,1395,1,8,SKODA OCTAVIA,9,E01032038,0,-1
2023010469787,2023,010469787,1,9,0,17,19,7,3,0,0,0,0,0,0,0,4,1,6,6,1,32,6,1984,1,17,SKODA OCTAVIA,3,E01001688,0,-1
2023170S31703,2023,170S31703,1,9,0,2,2,0,0,0,0,2,0,0,0,0,2,1,1,1,1,34,6,1598,2,6,SKODA OCTAVIA,1,E01012268,0,-1
2023141381084,2023,141381084,1,9,0,9,9,5,1,0,0,8,0,0,0,0,4,1,1,1,1,59,9,1598,2,5,SKODA OCTAVIA,2,E01007854,0,-1
2023991389592,2023,991389592,1,8,0,6,6,5,5,0,0,0,0,0,0,0,3,1,1,1,1,66,10,999,1,0,SKODA OCTAVIA,1,-1,0,-1
2023531308527,2023,531308527,1,9,0,18,19,-1,-1,0,0,0,0,0,0,0,0,1,1,1,1,49,8,1968,2,16,SKODA OCTAVIA,9,E01022223,0,-1
2023061356994,2023,061356994,5,8,0,18,19,5,1,0,0,8,0,0,0,0,4,1,5,6,1,60,9,1598,2,12,SKODA OCTAVIA,6,E01005830,0,-1
2023451261746,2023,451261746,1,9,0,18,19,8,4,0,0,0,2,0,8,7,1,1,5,6,1,31,6,1598,1,17,SKODA OCTAVIA,10,E01022885,0,-1
2023320755858,2023,320755858,2,9,0,18,19,6,2,0,0,8,0,0,0,0,1,1,6,6,1,60,9,1968,2,12,SKODA OCTAVIA,1,E01008022,0,-1
2023461304071,2023,461304071,1,9,0,9,9,7,3,0,0,1,0,0,0,0,1,1,6,6,1,63,9,1598,2,6,SKODA OCTAVIA,5,E01024075,0,-1
2023461310551,2023,461310551,3,9,0,18,19,8,4,0,0,2,0,0,0,0,4,1,6,6,1,55,8,1395,1,8,SKODA OCTAVIA,7,E01024553,0,-1
2023340WN0872,2023,340WN0872,1,9,0,9,9,3,1,0,0,6,0,0,0,0,1,1,6,6,2,63,9,1598,2,3,SKODA OCTAVIA,10,E01027255,0,-1
2023401308031,2023,401308031,1,9,0,9,9,5,1,0,0,1,0,0,0,0,2,1,3,7,1,54,8,1598,2,4,SKODA OCTAVIA,4,E01015784,0,-1
2023991310237,2023,991310237,2,8,0,3,3,4,8,0,0,0,0,0,0,0,2,1,6,6,1,28,6,1598,2,3,SKODA OCTAVIA,1,-1,0,-1
2023141265505,2023,141265505,3,9,0,18,19,5,1,0,0,0,0,0,0,0,3,1,1,1,1,44,7,1968,2,16,SKODA OCTAVIA,4,E01007479,0,-1
2023351340302,2023,351340302,1,8,0,18,19,-1,-1,0,0,1,0,0,0,0,1,1,1,1,1,-1,-1,1968,2,7,SKODA OCTAVIA,1,E01015658,0,-1
2023430099970,2023,430099970,1,9,0,18,19,5,1,0,0,2,0,0,3,11,1,1,6,6,1,52,8,1968,2,11,SKODA OCTAVIA,10,E01028763,0,-1
2023351370218,2023,351370218,2,8,0,10,10,-1,-1,0,0,8,0,0,0,0,2,1,1,1,1,-1,-1,1598,2,8,SKODA OCTAVIA,-1,-1,0,-1
2023440388798,2023,440388798,2,9,0,18,19,3,7,0,0,8,0,0,0,0,1,1,6,6,1,55,8,1896,2,15,SKODA OCTAVIA,10,E01022749,0,-1
2023010480015,2023,010480015,2,9,0,18,19,5,1,0,0,8,0,0,0,0,1,1,1,1,1,52,8,1598,2,6,SKODA OCTAVIA,6,E01000727,0,-1
2023070254633,2023,070254633,2,9,0,18,19,2,1,0,0,0,0,0,0,0,1,1,6,6,1,47,8,1598,2,11,SKODA OCTAVIA,-1,-1,0,-1
2023131272427,2023,131272427,2,9,0,18,19,5,1,0,0,1,0,0,0,0,1,1,1,1,1,45,7,1598,2,9,SKODA OCTAVIA,2,E01010929,0,-1
2023141344380,2023,141344380,2,9,0,9,9,5,2,0,0,5,0,0,0,0,3,1,5,6,2,55,8,1968,2,7,SKODA OCTAVIA,2,E01007578,0,-1
2023340NN0242,2023,340NN0242,2,9,0,2,2,0,0,0,0,2,0,0,0,0,1,1,6,6,3,-1,-1,1984,1,15,SKODA OCTAVIA,-1,-1,0,-1
2023302301031,2023,302301031,1,9,0,4,4,2,6,0,0,1,0,0,0,0,1,1,6,6,3,-1,-1,1968,2,9,SKODA OCTAVIA,5,E01019456,0,-1
2023141329849,2023,141329849,2,9,0,18,19,2,6,0,0,0,0,0,0,0,2,1,1,1,1,41,7,1598,2,7,SKODA OCTAVIA,1,E01007655,0,-1
2023101325886,2023,101325886,2,9,0,18,19,2,7,0,0,0,0,0,0,0,0,1,6,6,1,33,6,1968,2,7,SKODA OCTAVIA,2,E01008853,0,-1
2023101327138,2023,101327138,2,8,0,18,19,3,7,0,0,0,0,0,0,0,1,1,1,1,1,51,8,1598,2,7,SKODA OCTAVIA,1,E01008399,0,-1
2023501278902,2023,501278902,1,8,0,5,5,0,1,0,0,1,0,0,0,0,0,1,1,1,3,-1,-1,1968,2,12,SKODA OCTAVIA,-1,-1,0,-1
2023061373717,2023,061373717,1,9,0,9,9,5,2,0,0,8,0,0,0,0,1,1,5,6,1,27,6,1968,2,19,SKODA OCTAVIA,1,E01005242,0,-1
2023549961623,2023,549961623,2,9,0,4,4,1,5,0,0,1,0,0,0,0,2,1,2,2,1,52,8,1598,2,13,SKODA OCTAVIA,2,E01022290,0,-1
2023552301432,2023,552301432,1,9,0,18,19,5,1,0,0,8,0,0,0,0,1,1,6,6,1,24,5,1968,2,11,SKODA OCTAVIA,8,E01015448,0,-1
2023010458901,2023,010458901,1,9,0,12,12,5,1,2,2,8,0,0,0,0,3,1,6,6,1,25,5,999,1,2,SKODA OCTAVIA,1,E01033701,0,-1
2023461294729,2023,461294729,1,9,0,17,19,3,4,6,6,2,0,0,0,0,3,1,1,1,1,35,6,1598,2,8,SKODA OCTAVIA,8,E01024085,0,-1
2023471389158,2023,471389158,1,9,0,9,9,1,5,0,0,6,0,0,0,0,3,1,2,2,1,50,8,999,1,3,SKODA OCTAVIA,4,E01016925,0,-1
2023622300056,2023,622300056,1,9,0,18,19,8,4,0,0,0,0,0,0,0,1,1,6,6,1,79,11,1598,2,13,SKODA OCTAVIA,3,W01001711,0,-1
2023101290422,2023,101290422,2,9,0,9,9,7,5,0,0,8,0,0,0,0,4,1,5,6,1,49,8,999,1,6,SKODA OCTAVIA,-1,-1,0,-1
2023010448585,2023,010448585,1,9,0,18,19,8,4,0,0,0,0,0,0,0,1,1,6,6,3,-1,-1,1784,1,14,SKODA OCTAVIA,-1,-1,0,-1
2023131346583,2023,131346583,1,9,0,18,19,5,1,0,0,0,0,0,7,4,1,1,5,6,1,19,4,1968,2,16,SKODA OCTAVIA,3,E01007449,0,-1
2023461295685,2023,461295685,3,9,0,2,2,0,0,9,9,8,0,0,0,0,2,1,5,6,1,27,6,1598,2,9,SKODA OCTAVIA,6,E01024036,0,-1
2023131313946,2023,131313946,2,9,0,16,19,6,8,0,0,0,0,0,0,0,3,1,1,1,1,41,7,1598,2,11,SKODA OCTAVIA,2,E01011914,0,-1
2023991273877,2023,991273877,2,9,0,18,19,4,7,0,0,0,0,0,0,0,2,1,5,6,1,48,8,1395,1,7,SKODA OCTAVIA,10,-1,0,-1
2023122300688,2023,122300688,2,9,0,7,7,8,2,0,0,8,1,0,0,0,3,1,6,6,2,66,10,1968,2,9,SKODA OCTAVIA,10,E01027675,0,-1
2023141299498,2023,141299498,1,9,0,3,3,4,8,0,0,0,0,0,0,0,3,1,1,1,3,30,6,1968,2,10,SKODA OCTAVIA,-1,-1,0,-1
2023131320033,2023,131320033,2,9,0,18,19,3,7,0,0,8,0,0,0,0,4,1,5,6,1,42,7,999,1,1,SKODA OCTAVIA,7,E01011650,0,-1
2023332300661,2023,332300661,1,8,0,6,6,3,3,0,0,0,0,0,8,0,1,1,6,6,1,40,7,1598,2,7,SKODA OCTAVIA,6,E01025656,0,-1
2023411366399,2023,411366399,2,9,0,18,19,8,4,0,0,0,0,0,0,0,3,1,5,6,1,53,8,1498,1,2,SKODA OCTAVIA,4,E01017581,0,-1
2023371292013,2023,371292013,3,9,0,18,19,6,2,0,0,0,0,0,0,0,2,1,3,7,1,60,9,1598,2,9,SKODA OCTAVIA,1,E01029979,0,-1
2023201413924,2023,201413924,6,9,0,18,19,2,6,0,0,0,0,0,0,0,1,1,1,1,1,-1,-1,1968,2,4,SKODA OCTAVIA,4,E01033617,0,-1
2023311372877,2023,311372877,1,9,0,9,9,1,7,0,0,6,0,0,0,0,1,1,6,6,1,61,9,999,1,5,SKODA OCTAVIA,5,E01028342,0,-1
2023311381835,2023,311381835,1,9,0,18,19,3,7,0,0,0,1,0,7,0,1,1,5,6,1,72,10,1896,2,21,SKODA OCTAVIA,9,E01028200,0,-1
2023010443260,2023,010443260,1,9,0,5,5,0,5,0,0,0,0,0,0,0,1,1,3,7,1,38,7,1598,2,7,SKODA OCTAVIA,2,E01001654,0,-1
2023201315323,2023,201315323,1,8,0,5,5,3,7,0,0,0,0,0,0,0,0,1,1,1,1,-1,-1,1395,1,6,SKODA OCTAVIA,2,E01010314,0,-1
2023010420024,2023,010420024,1,9,0,9,9,1,6,0,0,5,0,0,0,0,3,1,2,2,1,63,9,1968,2,18,SKODA OCTAVIA,1,E01020979,0,-1
2023201263675,2023,201263675,1,9,0,18,19,7,2,0,0,0,0,0,0,0,1,1,5,6,1,-1,-1,1598,2,7,SKODA OCTAVIA,-1,-1,0,-1
2023061377373,2023,061377373,1,9,0,18,19,1,5,0,0,1,0,0,0,0,1,1,6,6,1,45,7,1598,2,10,SKODA OCTAVIA,3,E01005310,0,-1
202360A019095,2023,60A019095,1,9,0,1,1,6,2,0,0,1,0,0,0,0,2,1,6,6,2,25,5,1968,2,13,SKODA OCTAVIA,-1,-1,0,-1
2023440213765,2023,440213765,1,8,0,18,19,3,7,2,2,1,0,0,0,0,1,1,1,1,2,32,6,1968,2,1,SKODA OCTAVIA,4,E01022523,0,-1
2023451366388,2023,451366388,1,9,0,18,19,7,3,0,0,0,0,0,0,0,2,2,1,1,1,31,6,1968,2,2,SKODA OCTAVIA,5,E01031186,0,-1
2023311288787,2023,311288787,1,9,0,6,6,4,2,0,0,0,0,0,0,0,1,1,5,6,1,45,7,999,1,4,SKODA OCTAVIA,-1,-1,0,-1
2023131325417,2023,131325417,1,9,0,7,7,7,1,0,0,1,5,4,0,0,1,1,5,6,1,80,11,1968,2,16,SKODA OCTAVIA,3,E01011240,0,-1
2023201299038,2023,201299038,1,9,0,16,19,4,6,0,0,1,0,10,6,0,1,1,6,6,2,-1,-1,1968,2,2,SKODA OCTAVIA,-1,-1,0,-1
2023231320575,2023,231320575,2,9,0,4,4,5,1,0,0,0,0,0,0,0,0,1,5,6,1,55,8,1598,2,10,SKODA OCTAVIA,3,E01010044,0,-1
202360A100965,2023,60A100965,1,9,0,6,6,6,6,0,0,0,0,0,0,0,3,1,1,1,2,44,7,1598,2,8,SKODA OCTAVIA,-1,-1,0,-1
2023991277655,2023,991277655,2,9,0,4,4,5,1,0,0,2,0,0,0,0,1,2,5,6,1,43,7,1598,2,5,SKODA OCTAVIA,-1,-1,0,-1
2023061350309,2023,061350309,2,9,-1,-1,-1,-1,-1,-1,-1,-1,-1,-1,-1,0,-1,1,1,1,1,-1,-1,1598,2,5,SKODA OCTAVIA,2,E01005960,0,-1
2023041376287,2023,041376287,1,9,0,18,19,3,7,0,0,0,0,0,0,0,1,1,1,1,1,46,8,1598,2,11,SKODA OCTAVIA,2,E01025229,0,-1
2023131381681,2023,131381681,1,9,0,9,9,3,7,0,0,6,0,0,0,0,1,1,1,1,1,59,9,1968,2,6,SKODA OCTAVIA,5,E01011933,0,-1
2023631307469,2023,631307469,1,9,0,12,12,2,6,0,0,8,1,0,0,0,1,1,5,6,1,61,9,1896,2,14,SKODA OCTAVIA,5,W01000452,0,-1
2023461384639,2023,461384639,1,9,0,9,9,8,4,0,0,1,0,0,0,0,1,1,1,1,1,71,10,1598,2,7,SKODA OCTAVIA,1,E01024563,0,-1
2023170S12233,2023,170S12233,4,8,0,18,19,5,1,0,0,8,0,0,0,0,1,1,1,1,1,60,9,1598,2,3,SKODA OCTAVIA,-1,-1,0,-1
2023461394560,2023,461394560,1,9,0,7,7,5,3,0,0,0,0,0,0,0,1,1,6,6,2,-1,-1,1395,1,6,SKODA OCTAVIA,-1,-1,0,-1
2023311279455,2023,311279455,2,8,0,3,3,1,5,0,0,1,0,0,0,0,2,1,1,1,1,43,7,1598,2,8,SKODA OCTAVIA,6,E01026408,0,-1
2023141354612,2023,141354612,3,9,0,2,2,0,0,0,0,1,0,0,0,0,3,1,1,1,1,29,6,1968,2,7,SKODA OCTAVIA,2,E01008089,0,-1
2023101338293,2023,101338293,1,9,0,18,19,6,8,0,0,0,0,0,0,0,3,1,5,6,2,40,7,1598,2,11,SKODA OCTAVIA,1,E01008333,0,-1
202360A169469,2023,60A169469,1,9,0,11,11,3,7,0,0,3,0,0,0,0,1,1,6,6,2,32,6,1968,2,9,SKODA OCTAVIA,-1,-1,0,-1
2023201400646,2023,201400646,2,9,0,18,19,6,2,0,0,8,0,0,0,0,4,1,6,6,2,35,6,1968,2,10,SKODA OCTAVIA,2,E01010106,0,-1
2023552300367,2023,552300367,2,9,0,18,19,2,6,0,0,8,0,0,1,0,1,1,2,2,2,17,4,1968,2,16,SKODA OCTAVIA,10,E01020525,0,-1
2023101296284,2023,101296284,2,8,0,18,19,5,1,0,0,0,0,0,0,0,2,1,1,1,1,38,7,1598,2,12,SKODA OCTAVIA,5,E01008346,0,-1
2023311305952,2023,311305952,1,9,0,13,13,5,1,0,0,0,0,0,0,0,1,1,1,1,1,30,6,1968,2,4,SKODA OCTAVIA,3,E01019400,0,-1
2023540690323,2023,540690323,3,9,0,4,4,3,7,0,0,0,0,0,0,0,2,1,6,6,2,48,8,1896,2,13,SKODA OCTAVIA,4,E01032040,0,-1
2023221338229,2023,221338229,3,9,0,18,19,5,1,0,0,8,0,0,0,0,3,1,5,6,2,61,9,1968,2,16,SKODA OCTAVIA,1,W01001201,0,-1
2023991365756,2023,991365756,1,9,0,9,9,6,2,0,0,0,2,11,0,0,1,1,5,6,1,18,4,1998,2,19,SKODA OCTAVIA,5,-1,0,-1
2023421355908,2023,421355908,2,8,0,18,19,3,7,0,0,0,0,0,0,0,2,1,1,1,1,60,9,1498,1,5,SKODA OCTAVIA,1,E01015867,0,-1
2023131388825,2023,131388825,1,9,0,18,19,7,3,0,0,8,0,0,0,0,1,1,5,6,1,39,7,1598,2,6,SKODA OCTAVIA,-1,-1,0,-1
2023430470089,2023,430470089,2,9,0,10,10,3,7,0,0,1,0,0,0,0,2,1,6,6,1,52,8,1390,1,12,SKODA OCTAVIA,7,E01028713,0,-1
2023361349781,2023,361349781,1,9,0,5,5,3,7,0,0,8,0,0,0,0,1,1,5,6,2,54,8,1968,2,6,SKODA OCTAVIA,7,E01031233,0,-1
2023231388522,2023,231388522,3,9,0,18,19,5,1,0,0,0,0,0,0,0,1,1,5,6,1,41,7,1968,2,6,SKODA OCTAVIA,8,E01031230,0,-1
2023421305297,2023,421305297,2,9,0,18,19,3,7,0,0,0,1,0,0,0,4,1,5,6,2,35,6,1968,2,7,SKODA OCTAVIA,8,E01021433,0,-1
2023221360161,2023,221360161,1,9,0,17,19,8,5,0,0,0,2,0,7,0,1,1,6,6,1,27,6,1598,1,17,SKODA OCTAVIA,-1,-1,0,-1