collision_index,collision_year,collision_ref_no,vehicle_reference,vehicle_type,towing_and_articulation,vehicle_manoeuvre_historic,vehicle_manoeuvre,vehicle_direction_from,vehicle_direction_to,vehicle_location_restricted_lane_historic,vehicle_location_restricted_lane,junction_location,skidding_and_overturning,hit_object_in_carriageway,vehicle_leaving_carriageway,hit_object_off_carriageway,first_point_of_impact,vehicle_left_hand_drive,journey_purpose_of_driver_historic,journey_purpose_of_driver,sex_of_driver,age_of_driver,age_band_of_driver,engine_capacity_cc,propulsion_code,age_of_vehicle,generic_make_model,driver_imd_decile,lsoa_of_driver,escooter_flag,driver_distance_banding
2023421375037,2023,421375037,1,9,0,9,9,5,3,0,0,8,0,0,0,0,1,1,5,6,2,37,7,1896,2,14,SKODA OCTAVIA,4,E01021266,0,-1
2023340WN3922,2023,340WN3922,1,9,0,4,4,7,3,0,0,1,0,0,0,0,1,1,6,6,1,52,8,1968,2,7,SKODA OCTAVIA,8,E01027024,0,-1
2023170L20143,2023,170L20143,1,8,0,9,9,8,6,0,0,8,0,0,0,0,4,1,1,1,1,-1,-1,1968,2,5,SKODA OCTAVIA,-1,-1,0,-1
2023461270672,2023,461270672,1,9,0,18,19,6,8,0,0,1,0,0,0,0,1,1,5,6,1,58,9,1968,2,7,SKODA OCTAVIA,4,E01024377,0,-1
2023041375956,2023,041375956,2,9,0,18,19,7,3,0,0,1,0,0,7,0,1,1,5,6,2,49,8,1598,1,18,SKODA OCTAVIA,1,E01025151,0,-1
2023170S10303,2023,170S10303,1,8,0,18,19,1,5,0,0,8,0,0,0,0,3,1,1,1,1,52,8,1598,2,5,SKODA OCTAVIA,5,E01012219,0,-1
2023461360056,2023,461360056,2,9,0,18,19,8,4,0,0,0,0,0,1,0,1,1,5,6,2,38,7,1968,2,13,SKODA OCTAVIA,7,E01024437,0,-1
2023522400712,2023,522400712,1,9,5,18,19,4,8,0,0,8,0,0,0,0,3,1,2,2,1,46,8,1984,1,11,SKODA OCTAVIA,10,E01014875,0,-1
2023451298122,2023,451298122,2,9,0,15,15,3,7,0,0,0,0,0,0,0,3,1,2,2,1,44,7,1896,2,14,SKODA OCTAVIA,-1,-1,0,-1
2023471379067,2023,471379067,2,9,0,18,19,5,1,0,0,0,2,0,0,0,1,1,6,6,1,35,6,1390,1,11,SKODA OCTAVIA,9,E01031761,0,-1
2023421366027,2023,421366027,2,9,0,9,9,5,1,0,0,2,0,0,0,0,1,1,6,6,1,66,10,1968,2,10,SKODA OCTAVIA,3,E01015987,0,-1
2023010424181,2023,010424181,1,9,0,99,99,9,9,99,99,9,9,99,9,99,9,9,6,6,1,39,7,1968,2,7,SKODA OCTAVIA,1,E01004285,0,-1
2023461378276,2023,461378276,2,9,0,18,19,1,5,0,0,8,0,0,0,0,1,1,1,1,2,38,7,1598,2,3,SKODA OCTAVIA,6,E01016142,0,-1
2023991328615,2023,991328615,2,8,0,16,19,3,7,0,0,0,0,0,0,0,1,1,1,1,1,36,7,1598,2,3,SKODA OCTAVIA,3,-1,0,-1
2023111279848,2023,111279848,1,9,0,18,19,2,6,0,0,0,0,4,0,0,1,1,6,6,1,84,11,1498,1,4,SKODA OCTAVIA,1,E01033484,0,-1
2023131328833,2023,131328833,3,9,0,18,19,2,7,0,0,1,0,0,0,0,1,1,5,6,1,33,6,1598,2,6,SKODA OCTAVIA,4,E01005300,0,-1
2023430506274,2023,430506274,1,9,0,18,19,3,7,0,0,1,0,0,0,0,1,1,6,6,1,81,11,1395,1,5,SKODA OCTAVIA,6,E01033306,0,-1
2023302300356,2023,302300356,1,9,0,18,19,2,6,0,0,1,0,0,0,0,3,1,6,6,1,62,9,1896,2,15,SKODA OCTAVIA,5,E01019438,0,-1
2023231369872,2023,231369872,1,9,0,16,19,3,6,0,0,0,2,0,7,9,1,1,6,6,1,26,6,999,1,5,SKODA OCTAVIA,3,E01009619,0,-1
202360A007140,2023,60A007140,2,8,0,18,19,5,1,0,0,0,0,0,0,0,2,1,3,7,1,57,9,1598,2,7,SKODA OCTAVIA,-1,-1,0,-1
2023010433205,2023,010433205,2,9,0,4,4,3,7,0,0,0,0,0,0,0,2,1,6,6,1,24,5,1968,1,14,SKODA OCTAVIA,6,E01003665,0,-1
2023041288780,2023,041288780,2,9,0,2,2,0,0,0,0,0,0,0,1,2,2,2,6,6,3,-1,-1,1598,2,11,SKODA OCTAVIA,-1,-1,0,-1
2023991290118,2023,991290118,1,9,0,16,19,2,6,0,0,0,0,0,1,0,1,1,2,2,1,43,7,1395,1,9,SKODA OCTAVIA,5,-1,0,-1
2023991260405,2023,991260405,1,9,0,18,19,4,8,0,0,2,0,0,0,0,1,1,6,6,1,43,7,1798,1,11,SKODA OCTAVIA,-1,-1,0,-1
2023031350899,2023,031350899,1,9,0,18,19,3,7,0,0,0,1,0,1,0,4,1,5,6,1,73,10,1598,2,11,SKODA OCTAVIA,5,E01019268,0,-1
2023440088946,2023,440088946,3,9,0,18,19,2,6,0,0,1,1,0,1,11,1,1,6,6,2,34,6,1896,2,18,SKODA OCTAVIA,8,E01022786,0,-1
2023522301047,2023,522301047,1,9,0,2,2,0,0,0,0,0,0,0,0,0,9,1,6,6,1,62,9,1598,2,11,SKODA OCTAVIA,7,E01029149,0,-1
2023221296088,2023,221296088,1,9,0,18,19,7,3,0,0,0,1,0,0,0,4,1,5,6,1,55,8,999,1,6,SKODA OCTAVIA,5,E01014001,0,-1
2023061363581,2023,061363581,1,9,0,18,19,4,2,0,0,0,0,10,1,7,1,1,5,6,1,23,5,1984,1,6,SKODA OCTAVIA,5,E01032905,0,-1
2023031393670,2023,031393670,2,9,0,18,19,7,3,0,0,1,0,0,0,0,1,1,6,6,1,36,7,1896,2,21,SKODA OCTAVIA,4,E01019137,0,-1
2023010471943,2023,010471943,2,9,0,99,99,9,9,99,99,0,9,99,9,99,1,9,6,6,3,-1,-1,999,1,4,SKODA OCTAVIA,-1,-1,0,-1
2023332300674,2023,332300674,1,9,0,4,4,4,8,0,0,1,0,0,0,0,1,1,2,2,1,64,9,1390,1,12,SKODA OCTAVIA,8,E01013702,0,-1
2023302301449,2023,302301449,2,9,0,2,2,0,0,9,9,0,0,0,0,0,1,1,6,6,3,-1,-1,1598,2,7,SKODA OCTAVIA,-1,-1,0,-1
2023101307628,2023,101307628,1,8,0,18,19,1,5,0,0,8,0,0,0,0,4,1,1,1,1,40,7,1390,1,12,SKODA OCTAVIA,5,E01008554,0,-1
2023440447863,2023,440447863,2,9,0,18,19,1,5,0,0,0,0,0,0,0,1,1,6,6,1,30,6,1984,1,6,SKODA OCTAVIA,7,E01031539,0,-1
2023101360488,2023,101360488,2,9,0,18,19,7,3,0,0,0,0,0,0,0,3,1,5,6,2,35,6,1395,8,1,SKODA OCTAVIA,5,E01008431,0,-1
2023131300437,2023,131300437,1,9,0,18,19,1,5,0,0,8,0,0,0,0,3,1,5,6,1,29,6,1984,1,6,SKODA OCTAVIA,5,E01010853,0,-1
2023552300535,2023,552300535,1,9,0,18,19,5,1,0,0,8,0,0,0,0,1,1,6,6,1,63,9,1968,2,9,SKODA OCTAVIA,9,E01032105,0,-1
2023522400820,2023,522400820,1,9,0,7,7,3,5,0,0,1,0,0,0,0,1,1,6,6,1,55,8,1598,1,17,SKODA OCTAVIA,3,E01014684,0,-1
2023131348639,2023,131348639,2,9,0,18,19,7,3,0,0,0,0,0,0,0,2,1,1,1,1,33,6,1598,2,7,SKODA OCTAVIA,3,E01010776,0,-1
2023461289994,2023,461289994,1,9,0,16,19,7,3,0,0,0,1,0,1,0,3,1,6,6,2,38,7,1968,2,7,SKODA OCTAVIA,4,E01024579,0,-1
2023131268539,2023,131268539,1,8,0,18,19,7,3,0,0,0,0,0,0,0,1,1,1,1,1,51,8,1598,2,11,SKODA OCTAVIA,4,E01011909,0,-1
2023131301297,2023,131301297,1,9,0,18,19,1,5,0,0,0,0,0,0,0,4,1,6,6,2,56,9,1968,2,6,SKODA OCTAVIA,6,E01010855,0,-1
2023061290201,2023,061290201,1,9,0,18,19,3,7,0,0,1,0,0,0,0,1,1,5,6,1,66,10,1968,2,6,SKODA OCTAVIA,3,E01005297,0,-1
2023991308022,2023,991308022,1,9,0,17,19,1,5,0,0,0,1,0,1,11,1,1,5,6,1,25,5,1968,2,12,SKODA OCTAVIA,-1,-1,0,-1
2023451356616,2023,451356616,3,9,0,18,19,1,5,0,0,4,0,0,0,0,0,1,1,1,1,31,6,1968,2,6,SKODA OCTAVIA,8,E01002985,0,-1
2023221337148,2023,221337148,2,9,0,10,10,7,1,0,0,8,0,0,0,0,2,1,6,6,1,49,8,1896,2,19,SKODA OCTAVIA,8,E01031239,0,-1
2023201395108,2023,201395108,2,9,0,9,9,1,7,0,0,6,0,0,0,0,3,1,1,1,1,65,9,1598,2,7,SKODA OCTAVIA,1,E01010415,0,-1
2023111290821,2023,111290821,2,9,0,2,2,3,7,9,9,0,0,0,0,0,2,1,1,1,1,59,9,1598,2,7,SKODA OCTAVIA,3,E01020652,0,-1
2023061329004,2023,061329004,2,9,-1,-1,-1,-1,-1,-1,-1,-1,-1,-1,-1,0,-1,1,1,1,1,40,7,1598,2,6,SKODA OCTAVIA,9,E01005412,0,-1
2023991266129,2023,991266129,1,9,0,18,19,7,3,0,0,0,0,0,0,0,4,1,5,6,2,78,11,1968,2,7,SKODA OCTAVIA,-1,-1,0,-1
2023101360344,2023,101360344,1,8,0,18,19,2,6,0,0,1,0,0,0,0,1,1,1,1,1,24,5,1598,2,4,SKODA OCTAVIA,2,E01008232,0,-1
2023111347450,2023,111347450,1,9,0,18,19,8,4,0,0,0,0,0,1,0,4,1,5,6,1,20,4,1598,2,13,SKODA OCTAVIA,3,E01020831,0,-1
2023552300108,2023,552300108,1,9,0,13,13,6,2,0,0,0,0,0,0,0,0,1,6,6,3,33,6,1498,1,4,SKODA OCTAVIA,-1,-1,0,-1
2023041275072,2023,041275072,1,9,0,18,19,3,7,0,0,1,0,0,0,0,4,1,6,6,1,36,7,1896,2,14,SKODA OCTAVIA,1,E01025042,0,-1
2023430540448,2023,430540448,1,9,0,16,19,2,5,0,0,0,0,0,1,11,1,1,6,6,2,74,10,1498,1,3,SKODA OCTAVIA,7,E01016317,0,-1
2023461340287,2023,461340287,2,9,0,9,9,4,2,0,0,1,0,0,0,0,2,1,1,1,1,58,9,1498,1,3,SKODA OCTAVIA,6,E01024363,0,-1
2023421389963,2023,421389963,1,9,0,18,19,8,4,0,0,0,0,0,0,0,4,1,2,2,1,53,8,1395,1,5,SKODA OCTAVIA,8,E01029883,0,-1
2023070923988,2023,070923988,1,8,0,18,19,4,7,0,0,1,0,0,0,0,1,1,6,6,1,-1,-1,1598,2,5,SKODA OCTAVIA,-1,-1,0,-1
2023451294879,2023,451294879,1,9,0,9,9,4,1,0,0,6,0,0,0,0,3,1,6,6,2,64,9,1498,1,3,SKODA OCTAVIA,7,E01030569,0,-1
2023991309300,2023,991309300,1,8,0,18,19,6,2,0,0,0,0,0,1,0,1,1,1,1,1,53,8,1598,2,7,SKODA OCTAVIA,3,-1,0,-1
2023131350561,2023,131350561,2,9,0,18,19,3,7,0,0,8,0,0,0,0,4,1,6,6,1,49,8,1390,1,11,SKODA OCTAVIA,1,E01011084,0,-1
2023531397420,2023,531397420,1,9,0,18,19,3,7,0,0,0,0,6,0,0,1,1,5,6,1,74,10,1598,2,8,SKODA OCTAVIA,6,E01022176,0,-1
2023351315839,2023,351315839,2,9,0,18,19,-1,-1,0,0,1,0,0,0,0,1,1,1,1,1,44,7,1598,2,6,SKODA OCTAVIA,5,E01015651,0,-1
2023552301431,2023,552301431,2,9,0,18,19,6,2,0,0,8,0,0,0,0,1,1,1,1,1,33,6,1598,2,4,SKODA OCTAVIA,7,E01015348,0,-1
2023131362948,2023,131362948,2,9,0,2,2,0,0,9,9,0,0,0,0,0,2,1,6,6,1,34,6,1896,2,19,SKODA OCTAVIA,2,E01032492,0,-1
2023302300121,2023,302300121,2,9,0,4,4,8,4,0,0,0,0,0,0,0,2,1,6,6,1,28,6,1968,2,12,SKODA OCTAVIA,2,E01019549,0,-1
2023211322410,2023,211322410,2,8,0,4,4,3,5,0,0,4,0,0,0,0,3,1,1,1,1,42,7,1968,2,7,SKODA OCTAVIA,5,E01010534,0,-1
2023041329840,2023,041329840,2,9,0,16,19,7,3,0,0,1,1,0,0,0,1,1,5,6,1,68,10,1598,2,10,SKODA OCTAVIA,1,E01025224,0,-1
2023101354648,2023,101354648,1,9,0,8,8,5,5,0,0,0,0,0,0,0,1,1,1,1,1,49,8,1598,2,6,SKODA OCTAVIA,7,E01008802,0,-1
2023201398238,2023,201398238,1,9,0,15,15,6,2,0,0,0,0,4,0,0,4,1,6,6,1,34,6,1968,2,2,SKODA OCTAVIA,6,E01010177,0,-1
2023052301204,2023,052301204,2,9,0,2,2,0,0,0,0,0,0,0,0,0,4,1,6,6,3,-1,-1,1968,2,12,SKODA OCTAVIA,-1,-1,0,-1
2023010437912,2023,010437912,1,9,0,5,5,7,3,0,0,0,0,0,0,0,1,1,6,6,1,41,7,1968,2,5,SKODA OCTAVIA,1,E01003347,0,-1
2023552300491,2023,552300491,1,9,0,18,19,6,2,0,0,2,0,0,0,0,1,1,6,6,2,77,11,1896,2,15,SKODA OCTAVIA,6,E01020534,0,-1
2023371351659,2023,371351659,1,9,0,18,19,3,7,0,0,0,0,0,0,0,1,1,6,6,2,43,7,1598,2,7,SKODA OCTAVIA,7,E01033449,0,-1
2023201370586,2023,201370586,1,9,0,9,9,2,8,0,0,6,0,0,0,0,1,1,5,6,1,28,6,1197,1,7,SKODA OCTAVIA,2,E01010270,0,-1
2023501315891,2023,501315891,1,9,0,9,9,2,4,0,0,0,5,0,0,0,4,1,1,1,1,24,5,1968,2,17,SKODA OCTAVIA,4,E01019054,0,-1
2023201416083,2023,201416083,2,9,0,4,4,2,6,0,0,0,0,0,0,0,0,1,1,1,1,42,7,1968,2,4,SKODA OCTAVIA,-1,-1,0,-1
2023991370719,2023,991370719,2,8,0,14,14,7,3,0,0,0,0,0,0,0,4,1,5,6,1,31,6,1598,2,3,SKODA OCTAVIA,4,-1,0,-1
2023622300963,2023,622300963,1,9,0,7,7,4,5,0,0,5,0,0,0,0,4,1,1,1,1,40,7,1598,2,5,SKODA OCTAVIA,3,W01001764,0,-1
2023461365959,2023,461365959,2,9,0,10,10,2,6,0,0,0,0,0,0,0,2,1,6,6,1,53,8,1598,2,14,SKODA OCTAVIA,5,E01016157,0,-1
2023131309604,2023,131309604,3,9,0,2,2,0,0,0,0,1,0,0,0,0,3,1,6,6,3,-1,-1,1598,2,12,SKODA OCTAVIA,-1,-1,0,-1
2023471286263,2023,471286263,2,9,0,2,2,0,0,0,0,8,0,0,0,0,0,1,6,6,1,-1,-1,1598,2,13,SKODA OCTAVIA,5,E01016876,0,-1
2023061330882,2023,061330882,2,9,0,3,3,1,4,0,0,1,0,0,0,0,1,1,5,6,2,22,5,1598,2,8,SKODA OCTAVIA,1,E01004869,0,-1
2023440189191,2023,440189191,1,9,0,18,19,8,4,0,0,8,0,0,0,0,1,1,6,6,1,-1,-1,1395,1,7,SKODA OCTAVIA,-1,-1,0,-1
2023211386950,2023,211386950,2,9,0,18,19,8,4,0,0,1,0,0,0,0,0,1,5,6,1,35,6,1984,1,4,SKODA OCTAVIA,7,E01029732,0,-1
2023041370393,2023,041370393,1,9,0,9,9,1,7,0,0,3,0,0,1,7,1,1,1,1,1,28,6,1968,2,8,SKODA OCTAVIA,1,E01010700,0,-1
2023451298993,2023,451298993,2,9,0,18,19,4,8,0,0,8,0,0,0,0,1,1,6,6,1,70,10,1896,2,18,SKODA OCTAVIA,-1,-1,0,-1
2023522400676,2023,522400676,2,9,0,9,9,5,3,0,0,6,0,0,0,0,1,1,6,6,3,-1,-1,1498,8,0,SKODA OCTAVIA,-1,-1,0,-1
2023371394616,2023,371394616,1,9,0,9,9,6,8,0,0,8,0,0,0,0,4,1,6,6,1,44,7,1598,2,12,SKODA OCTAVIA,2,E01029984,0,-1
2023552300676,2023,552300676,2,9,0,4,4,8,4,0,0,0,0,0,0,0,2,1,6,6,1,54,8,1598,2,11,SKODA OCTAVIA,2,E01015288,0,-1
2023071118123,2023,071118123,2,9,0,7,7,7,1,0,0,3,1,0,0,0,4,1,2,2,1,53,8,1598,2,8,SKODA OCTAVIA,9,E01018676,0,-1
2023141365245,2023,141365245,1,9,0,14,14,4,8,0,0,0,0,0,0,0,4,1,6,6,3,-1,-1,1968,2,5,SKODA OCTAVIA,-1,-1,0,-1
2023061271959,2023,061271959,1,9,0,5,5,8,3,0,0,1,0,0,0,0,3,1,6,6,1,33,6,1598,2,7,SKODA OCTAVIA,2,E01005460,0,-1
2023440052972,2023,440052972,1,9,0,18,19,4,8,0,0,3,0,0,0,0,2,1,6,6,2,40,7,1984,1,2,SKODA OCTAVIA,6,E01022715,0,-1
2023131342500,2023,131342500,2,9,0,18,19,8,4,0,0,8,0,0,0,0,1,1,1,1,1,29,6,1598,2,7,SKODA OCTAVIA,3,E01015973,0,-1
2023991282444,2023,991282444,1,8,0,9,9,8,6,0,0,8,0,0,0,0,1,1,6,6,1,51,8,1968,2,8,SKODA OCTAVIA,10,-1,0,-1
2023141313059,2023,141313059,2,9,0,2,2,1,5,9,9,0,5,0,1,11,2,1,6,6,3,-1,-1,1395,1,5,SKODA OCTAVIA,-1,-1,0,-1
2023421269273,2023,421269273,1,9,0,9,9,5,3,0,0,8,0,0,0,0,1,1,1,1,1,57,9,1395,1,7,SKODA OCTAVIA,8,E01015834,0,-1
2023546510923,2023,546510923,2,9,0,18,19,4,8,0,0,0,0,0,0,0,1,1,6,6,1,60,9,1598,2,3,SKODA OCTAVIA,10,E01023664,0,-1
2023610003923,2023,610003923,2,9,0,12,12,1,5,0,0,8,0,0,0,0,4,1,6,6,1,36,7,999,1,6,SKODA OCTAVIA,1,W01001364,0,-1
2023122301156,2023,122301156,2,9,0,5,5,7,1,0,0,6,0,0,0,0,2,1,6,6,1,51,8,1598,2,7,SKODA OCTAVIA,3,E01013366,0,-1
2023991333798,2023,991333798,1,9,0,16,19,3,7,0,0,0,5,0,0,0,1,1,6,6,1,33,6,1968,2,17,SKODA OCTAVIA,-1,-1,0,-1
2023311335430,2023,311335430,2,9,0,18,19,1,4,0,0,1,1,0,1,0,1,1,1,1,1,33,6,1984,1,4,SKODA OCTAVIA,5,E01028189,0,-1
2023061280486,2023,061280486,2,9,0,4,4,4,8,0,0,0,0,0,0,0,2,1,5,6,1,31,6,1984,1,9,SKODA OCTAVIA,8,E01006859,0,-1
2023631360648,2023,631360648,3,9,0,18,19,5,1,0,0,0,0,0,1,0,1,1,5,6,2,37,7,1968,2,7,SKODA OCTAVIA,6,W01001564,0,-1
202360A040424,2023,60A040424,1,9,0,6,6,6,6,0,0,6,0,0,0,0,3,1,2,2,1,53,8,1598,2,4,SKODA OCTAVIA,-1,-1,0,-1
2023010459932,2023,010459932,5,9,0,18,19,7,3,0,0,1,0,0,0,0,1,1,6,6,1,34,6,1390,1,13,SKODA OCTAVIA,6,E01003954,0,-1
2023401364174,2023,401364174,1,9,0,16,19,2,5,0,0,0,0,0,0,0,1,1,6,6,2,78,11,1498,1,4,SKODA OCTAVIA,10,E01017621,0,-1
2023991376149,2023,991376149,1,9,0,18,19,7,3,0,0,0,0,0,0,0,1,1,5,6,2,81,11,1498,1,0,SKODA OCTAVIA,7,-1,0,-1
2023061318767,2023,061318767,4,9,0,18,19,1,5,0,0,8,0,0,0,0,0,1,1,1,1,35,6,1984,1,4,SKODA OCTAVIA,-1,-1,0,-1
2023201420149,2023,201420149,2,8,0,18,19,1,5,0,0,0,0,0,0,0,3,1,1,1,1,63,9,1598,2,4,SKODA OCTAVIA,7,E01010436,0,-1
2023430052848,2023,430052848,1,9,0,18,19,4,8,0,0,0,0,0,0,0,4,1,2,2,1,51,8,1968,2,11,SKODA OCTAVIA,9,E01022496,0,-1
2023522400127,2023,522400127,1,9,0,8,8,4,6,0,0,1,0,0,0,0,3,1,6,6,2,45,7,1984,1,6,SKODA OCTAVIA,3,E01014519,0,-1
2023461349864,2023,461349864,1,9,0,18,19,1,5,0,0,0,0,0,0,0,1,1,6,6,1,-1,-1,1984,1,13,SKODA OCTAVIA,1,E01024257,0,-1
2023122301429,2023,122301429,1,9,0,9,9,1,5,0,0,8,0,0,0,0,1,1,6,6,1,50,8,1498,1,3,SKODA OCTAVIA,8,E01013342,0,-1
2023461394624,2023,461394624,2,9,0,99,99,7,3,0,0,0,0,0,0,0,4,1,6,6,1,-1,-1,1498,1,3,SKODA OCTAVIA,9,E01024827,0,-1
2023430436000,2023,430436000,1,9,0,18,19,1,5,0,0,0,0,0,0,0,1,1,2,2,1,43,7,1984,1,4,SKODA OCTAVIA,10,E01016227,0,-1
2023141375135,2023,141375135,2,9,0,18,19,3,7,0,0,0,0,0,0,0,1,2,1,1,1,56,9,1968,2,5,SKODA OCTAVIA,2,E01013331,0,-1
2023052301477,2023,052301477,2,9,0,18,19,7,3,0,0,8,0,0,0,0,1,1,1,1,1,67,10,1968,2,5,SKODA OCTAVIA,1,E01006791,0,-1
2023141365275,2023,141365275,1,9,0,10,10,7,4,0,0,0,0,0,0,0,2,1,1,1,1,30,6,1968,2,8,SKODA OCTAVIA,6,E01007707,0,-1
2023520000312,2023,520000312,1,9,0,9,9,4,2,0,0,8,0,0,0,0,2,1,6,6,1,38,7,999,1,1,SKODA OCTAVIA,2,E01014458,0,-1
2023451374840,2023,451374840,1,9,0,18,19,1,5,0,0,0,0,0,0,0,2,1,2,2,1,42,7,1395,1,5,SKODA OCTAVIA,8,E01002915,0,-1
2023302301726,2023,302301726,1,9,0,5,5,8,4,8,6,2,0,0,0,0,1,1,6,6,1,63,9,1984,1,20,SKODA OCTAVIA,2,E01013538,0,-1
2023101293355,2023,101293355,2,9,0,18,19,7,3,0,0,0,0,0,0,0,0,1,1,1,1,-1,-1,1598,2,5,SKODA OCTAVIA,-1,-1,0,-1
2023161281805,2023,161281805,1,9,0,5,5,5,1,0,0,0,0,0,0,0,1,1,3,7,1,39,7,1498,1,5,SKODA OCTAVIA,1,E01012857,0,-1
2023010451563,2023,010451563,1,9,0,9,9,5,3,0,0,6,0,0,0,0,0,1,2,2,1,36,7,1798,1,12,SKODA OCTAVIA,2,E01033700,0,-1
2023041370109,2023,041370109,2,9,0,18,19,3,7,0,0,0,0,0,0,0,1,1,5,6,2,47,8,1498,1,4,SKODA OCTAVIA,-1,-1,0,-1
2023101300893,2023,101300893,1,8,0,5,5,1,2,0,0,0,0,0,0,0,1,1,1,1,1,47,8,1598,2,7,SKODA OCTAVIA,1,E01033547,0,-1
2023111312748,2023,111312748,2,8,0,18,19,7,3,0,0,1,0,0,0,0,1,1,1,1,1,58,9,1598,2,4,SKODA OCTAVIA,5,E01012363,0,-1
2023320527425,2023,320527425,2,9,0,18,19,2,6,0,0,1,0,0,0,0,2,1,6,6,2,42,7,1968,2,16,SKODA OCTAVIA,7,E01026372,0,-1
2023061290713,2023,061290713,2,8,0,3,3,2,-1,0,0,0,0,0,0,0,2,1,1,1,1,59,9,1968,2,10,SKODA OCTAVIA,4,E01005300,0,-1
2023131327767,2023,131327767,2,9,0,6,6,8,4,0,0,0,0,0,0,0,4,1,3,7,1,29,6,1598,2,12,SKODA OCTAVIA,1,E01010824,0,-1
2023552301315,2023,552301315,1,9,0,18,19,4,8,0,0,0,0,0,2,11,1,1,2,2,1,19,4,1781,1,22,SKODA OCTAVIA,6,E01020516,0,-1
2023061284014,2023,061284014,2,9,0,18,19,1,4,0,0,8,0,0,4,1,1,1,2,2,1,44,7,1896,2,14,SKODA OCTAVIA,10,E01006152,0,-1
2023131343738,2023,131343738,3,9,0,18,19,3,7,0,0,0,0,0,0,0,1,1,5,6,1,34,6,1896,2,19,SKODA OCTAVIA,2,E01009788,0,-1
2023501305097,2023,501305097,1,9,0,17,19,7,5,0,0,0,2,0,1,4,1,1,5,6,1,21,5,1896,2,19,SKODA OCTAVIA,5,E01018756,0,-1
2023371371559,2023,371371559,2,9,0,3,3,8,4,0,0,0,0,0,0,0,2,1,1,1,2,47,8,1598,2,6,SKODA OCTAVIA,4,E01030270,0,-1
2023211313011,2023,211313011,4,9,0,18,19,1,3,0,0,1,0,0,0,0,1,1,1,1,1,46,8,1968,2,9,SKODA OCTAVIA,1,E01014254,0,-1
2023010432500,2023,010432500,2,9,0,99,99,9,9,99,99,9,9,99,9,99,1,9,6,6,1,56,9,1395,8,1,SKODA OCTAVIA,7,E01001495,0,-1
2023401352016,2023,401352016,2,9,0,18,19,3,7,0,0,0,0,0,0,0,3,1,5,6,1,61,9,1968,2,0,SKODA OCTAVIA,8,E01017468,0,-1
2023122301027,2023,122301027,1,9,0,4,4,1,5,0,0,0,0,0,0,0,1,1,2,2,1,29,6,1968,2,12,SKODA OCTAVIA,1,E01033477,0,-1
2023371303946,2023,371303946,1,9,0,18,19,5,1,0,0,1,0,0,0,0,4,1,6,6,1,20,4,1968,2,11,SKODA OCTAVIA,4,E01030295,0,-1
2023231337477,2023,231337477,2,9,0,3,3,6,2,0,0,0,0,0,0,0,2,1,5,6,1,49,8,999,1,5,SKODA OCTAVIA,8,E01025881,0,-1
2023161345578,2023,161345578,2,9,0,18,19,1,5,0,0,0,0,0,0,0,1,1,5,6,1,34,6,1498,1,5,SKODA OCTAVIA,10,E01013044,0,-1
2023522300859,2023,522300859,2,9,0,18,19,2,6,0,0,4,0,0,0,0,1,1,6,6,1,19,4,1968,2,15,SKODA OCTAVIA,1,E01014654,0,-1
2023201416063,2023,201416063,2,9,0,18,19,5,1,0,0,0,0,0,0,0,4,1,6,6,1,28,6,1968,2,7,SKODA OCTAVIA,4,E01009085,0,-1
2023991272515,2023,991272515,2,9,0,18,19,5,1,0,0,0,0,0,0,0,3,1,1,1,1,42,7,1598,2,7,SKODA OCTAVIA,4,-1,0,-1
2023061292753,2023,061292753,2,9,0,18,19,1,5,0,0,0,0,0,0,0,1,1,1,1,1,48,8,1968,2,6,SKODA OCTAVIA,1,E01005225,0,-1
2023501303444,2023,501303444,1,9,0,18,19,1,5,0,0,0,0,0,0,0,1,1,6,6,3,-1,-1,1968,2,9,SKODA OCTAVIA,-1,-1,0,-1
2023302301410,2023,302301410,2,8,0,9,9,4,2,0,0,6,0,0,0,0,1,1,2,2,1,24,5,999,1,4,SKODA OCTAVIA,3,E01019759,0,-1
2023549453723,2023,549453723,1,9,0,5,5,7,3,0,0,1,0,0,0,0,1,1,6,6,2,22,5,1896,2,15,SKODA OCTAVIA,10,E01015521,0,-1
2023052301598,2023,052301598,1,8,0,18,19,8,4,0,0,0,0,0,0,0,3,1,1,1,1,52,8,1598,2,9,SKODA OCTAVIA,8,E01007100,0,-1
2023371260153,2023,371260153,1,9,0,18,19,2,6,0,0,0,0,0,0,0,1,1,5,6,1,54,8,1598,2,11,SKODA OCTAVIA,7,E01029945,0,-1
2023161371105,2023,161371105,1,9,0,17,19,1,5,0,0,8,0,0,0,0,4,1,2,2,1,28,6,1984,1,7,SKODA OCTAVIA,8,E01013269,0,-1
2023991346472,2023,991346472,1,8,0,18,19,2,6,0,0,1,0,0,0,0,1,2,1,1,1,44,7,1968,2,8,SKODA OCTAVIA,8,-1,0,-1
2023501342360,2023,501342360,2,9,0,16,19,5,7,0,0,0,0,0,0,0,1,1,1,1,1,54,8,1896,2,17,SKODA OCTAVIA,3,E01018978,0,-1
2023131295154,2023,131295154,2,9,0,18,19,5,1,0,0,0,0,0,0,0,2,1,6,6,2,46,8,1968,2,6,SKODA OCTAVIA,8,E01019322,0,-1
2023440397405,2023,440397405,1,9,0,9,9,4,2,0,0,8,0,0,0,0,4,1,2,2,2,43,7,1395,1,5,SKODA OCTAVIA,10,E01023239,0,-1
2023041339493,2023,041339493,1,9,0,18,19,2,6,0,0,5,0,0,0,0,4,1,5,6,1,31,6,1598,2,8,SKODA OCTAVIA,1,E01024898,0,-1