collision_index,collision_year,collision_ref_no,vehicle_reference,vehicle_type,towing_and_articulation,vehicle_manoeuvre_historic,vehicle_manoeuvre,vehicle_direction_from,vehicle_direction_to,vehicle_location_restricted_lane_historic,vehicle_location_restricted_lane,junction_location,skidding_and_overturning,hit_object_in_carriageway,vehicle_leaving_carriageway,hit_object_off_carriageway,first_point_of_impact,vehicle_left_hand_drive,journey_purpose_of_driver_historic,journey_purpose_of_driver,sex_of_driver,age_of_driver,age_band_of_driver,engine_capacity_cc,propulsion_code,age_of_vehicle,generic_make_model,driver_imd_decile,lsoa_of_driver,escooter_flag,driver_distance_banding
2023340NN0132,2023,340NN0132,1,8,0,5,5,4,8,8,6,0,0,0,0,0,3,1,1,1,1,44,7,1598,2,5,SKODA OCTAVIA,9,E01027108,0,-1
2023031283369,2023,031283369,1,9,0,18,19,1,5,0,0,2,0,0,0,0,1,1,6,6,1,40,7,1598,2,13,SKODA OCTAVIA,6,E01019351,0,-1
2023552301412,2023,552301412,1,9,0,9,9,8,6,0,0,6,0,0,0,0,3,1,6,6,1,73,10,1798,1,13,SKODA OCTAVIA,6,E01033159,0,-1
2023061300534,2023,061300534,1,8,0,7,7,8,2,0,0,1,0,0,0,0,1,1,6,6,1,-1,-1,1968,2,7,SKODA OCTAVIA,-1,-1,0,-1
2023131302479,2023,131302479,1,8,0,18,19,1,5,0,0,8,0,0,0,0,1,1,1,1,1,51,8,1598,2,7,SKODA OCTAVIA,8,E01010901,0,-1
2023201443033,2023,201443033,2,9,0,18,19,4,8,0,0,8,0,0,0,0,3,1,1,1,2,-1,-1,1598,2,7,SKODA OCTAVIA,2,E01009573,0,-1
2023471326358,2023,471326358,1,9,0,18,19,5,1,0,0,1,0,0,0,0,1,1,5,6,1,81,11,1598,2,4,SKODA OCTAVIA,6,E01021182,0,-1
2023101321095,2023,101321095,2,9,-1,-1,-1,6,2,-1,-1,0,-1,-1,-1,0,2,1,5,6,1,53,8,1598,2,6,SKODA OCTAVIA,-1,-1,0,-1
2023010459777,2023,010459777,1,8,0,99,99,9,9,99,99,9,9,99,9,99,2,9,6,6,1,52,8,1968,2,2,SKODA OCTAVIA,7,E01001495,0,-1
2023421399917,2023,421399917,2,9,0,18,19,-1,-1,0,0,0,0,0,0,0,1,1,6,6,1,-1,-1,1598,2,7,SKODA OCTAVIA,-1,-1,0,-1
2023340WN5392,2023,340WN5392,2,9,0,10,10,6,2,0,0,8,0,0,0,0,2,1,1,1,1,36,7,1498,1,1,SKODA OCTAVIA,-1,-1,0,-1
2023361308658,2023,361308658,1,9,0,5,5,6,2,0,0,1,0,0,0,0,1,1,5,6,1,76,11,1598,2,11,SKODA OCTAVIA,-1,-1,0,-1
2023131381089,2023,131381089,2,9,0,18,19,3,7,0,0,0,1,0,0,0,1,1,6,6,1,22,5,1968,2,16,SKODA OCTAVIA,2,E01011656,0,-1
2023351270426,2023,351270426,2,8,0,5,5,3,7,0,0,6,0,0,0,0,2,1,1,1,1,57,9,1598,2,8,SKODA OCTAVIA,7,E01015686,0,-1
2023311360422,2023,311360422,2,9,0,4,4,7,3,0,0,4,0,0,0,0,2,1,5,6,2,61,9,1598,2,9,SKODA OCTAVIA,6,E01031062,0,-1
2023201416045,2023,201416045,3,9,0,18,19,6,2,0,0,8,0,0,0,0,4,1,1,1,1,-1,-1,1984,1,1,SKODA OCTAVIA,-1,-1,0,-1
2023471299189,2023,471299189,2,9,0,3,3,8,4,0,0,0,0,0,0,0,2,1,2,2,1,27,6,1197,1,8,SKODA OCTAVIA,5,E01031401,0,-1
2023031375447,2023,031375447,2,9,0,18,19,3,7,0,0,0,1,0,1,0,4,1,6,6,1,36,7,1498,1,5,SKODA OCTAVIA,6,E01019145,0,-1
2023061375462,2023,061375462,1,8,0,18,19,3,7,0,0,0,0,0,0,0,1,1,1,1,1,54,8,1498,1,5,SKODA OCTAVIA,2,E01005220,0,-1
2023131373404,2023,131373404,1,9,0,18,19,1,5,0,0,2,0,0,0,0,3,1,5,6,1,54,8,1896,2,15,SKODA OCTAVIA,5,E01011356,0,-1
2023545426123,2023,545426123,2,9,0,18,19,6,2,0,0,1,0,0,0,0,1,1,2,2,1,50,8,1968,2,12,SKODA OCTAVIA,6,E01031996,0,-1
2023201281767,2023,201281767,3,9,0,3,3,6,4,0,0,8,0,0,0,0,2,1,6,6,2,38,7,1598,2,10,SKODA OCTAVIA,1,E01033632,0,-1
2023411354048,2023,411354048,1,9,0,11,11,2,6,0,0,5,0,0,0,0,1,1,6,6,1,55,8,1968,2,17,SKODA OCTAVIA,5,E01016362,0,-1
202360A170252,2023,60A170252,2,8,0,18,19,1,4,0,0,1,1,0,0,0,4,1,1,1,2,63,9,1598,2,10,SKODA OCTAVIA,-1,-1,0,-1
2023421383668,2023,421383668,2,9,0,18,19,7,5,0,0,3,0,0,0,0,4,1,1,1,1,43,7,1598,2,7,SKODA OCTAVIA,1,E01021700,0,-1
2023430021607,2023,430021607,1,9,0,18,19,5,1,0,0,0,0,0,0,0,1,1,6,6,1,-1,-1,1968,2,7,SKODA OCTAVIA,-1,-1,0,-1
2023031263974,2023,031263974,1,9,0,18,19,3,8,0,0,0,1,0,1,4,1,1,5,6,1,59,9,1968,2,11,SKODA OCTAVIA,6,E01019088,0,-1
2023170M11353,2023,170M11353,1,9,0,2,2,0,0,0,0,0,0,0,0,0,2,1,6,6,1,35,6,1598,2,6,SKODA OCTAVIA,8,E01012009,0,-1
2023340WN0952,2023,340WN0952,1,9,0,5,5,5,1,0,0,4,0,0,0,0,1,1,2,2,1,28,6,999,1,4,SKODA OCTAVIA,6,E01032970,0,-1
2023311380178,2023,311380178,1,9,0,18,19,4,8,0,0,0,1,0,7,0,1,1,2,2,1,45,7,1598,2,10,SKODA OCTAVIA,6,E01028034,0,-1
2023311270021,2023,311270021,1,9,0,6,6,8,4,0,0,2,0,0,0,0,3,1,1,1,1,-1,-1,1598,2,2,SKODA OCTAVIA,-1,-1,0,-1
2023061278204,2023,061278204,1,9,0,18,19,5,1,0,0,4,0,0,0,0,1,1,6,6,3,30,6,1968,2,16,SKODA OCTAVIA,-1,-1,0,-1
2023351291784,2023,351291784,2,8,0,18,19,4,8,0,0,0,0,0,0,0,2,1,1,1,1,48,8,1968,2,5,SKODA OCTAVIA,3,E01015692,0,-1
2023351361119,2023,351361119,1,9,0,18,19,7,3,0,0,0,0,11,0,0,1,1,5,6,1,83,11,1197,1,9,SKODA OCTAVIA,10,E01018130,0,-1
2023041276763,2023,041276763,1,9,0,18,19,1,5,0,0,2,0,0,0,0,1,1,5,6,1,41,7,1896,2,17,SKODA OCTAVIA,1,E01024876,0,-1
2023170S11713,2023,170S11713,1,8,0,2,2,0,0,0,0,2,0,0,0,0,1,1,2,2,1,45,7,1968,2,9,SKODA OCTAVIA,6,E01012205,0,-1
2023141370753,2023,141370753,1,9,0,5,5,6,2,0,0,0,0,0,0,0,1,1,6,6,1,57,9,1598,2,11,SKODA OCTAVIA,5,E01007516,0,-1
202360A104811,2023,60A104811,2,9,0,3,3,1,5,0,0,1,0,0,0,0,2,1,4,7,1,71,10,1498,1,0,SKODA OCTAVIA,-1,-1,0,-1
2023221332534,2023,221332534,1,9,0,16,19,5,8,0,0,0,0,0,0,0,1,1,5,6,1,24,5,1968,2,14,SKODA OCTAVIA,4,E01028999,0,-1
2023631369804,2023,631369804,2,9,0,18,19,7,3,0,0,8,0,0,0,0,1,1,1,1,1,52,8,1968,2,5,SKODA OCTAVIA,7,E01014087,0,-1
2023991348186,2023,991348186,2,9,0,17,19,1,5,0,0,0,0,0,0,0,1,1,5,6,1,50,8,1968,2,7,SKODA OCTAVIA,10,-1,0,-1
2023041342181,2023,041342181,2,9,0,2,2,1,1,0,0,0,0,0,0,0,4,1,6,6,1,59,9,1598,2,3,SKODA OCTAVIA,2,-1,0,-1
2023471373217,2023,471373217,2,9,0,4,4,1,5,0,0,0,0,0,0,0,2,1,1,1,1,46,8,1598,2,5,SKODA OCTAVIA,5,E01031574,0,-1
2023221383530,2023,221383530,1,9,0,9,9,1,8,0,0,6,0,0,0,0,1,1,6,6,1,52,8,1498,1,5,SKODA OCTAVIA,9,E01032185,0,-1
2023122400142,2023,122400142,2,9,0,2,2,0,0,0,0,0,0,0,0,0,1,1,6,6,3,-1,-1,1968,2,6,SKODA OCTAVIA,-1,-1,0,-1
2023991378410,2023,991378410,1,8,0,10,10,7,4,0,0,0,0,0,0,0,2,2,1,1,1,28,6,1598,2,4,SKODA OCTAVIA,5,-1,0,-1
2023991327608,2023,991327608,2,9,0,18,19,1,5,0,0,8,0,0,1,0,3,1,5,6,1,39,7,1598,2,10,SKODA OCTAVIA,-1,-1,0,-1
2023401333031,2023,401333031,1,9,0,17,19,5,1,0,0,0,0,0,0,0,1,1,5,6,1,46,8,1968,2,7,SKODA OCTAVIA,5,E01017440,0,-1
2023052300997,2023,052300997,2,9,0,18,19,5,1,0,0,0,0,0,0,0,2,1,6,6,2,31,6,1968,2,10,SKODA OCTAVIA,6,E01025507,0,-1
2023131381570,2023,131381570,2,9,0,18,19,3,7,0,0,0,0,10,1,0,1,1,2,2,2,47,8,1896,2,17,SKODA OCTAVIA,2,E01011126,0,-1
2023991320638,2023,991320638,2,9,0,18,19,7,3,0,0,4,0,0,0,0,2,1,6,6,1,57,9,1598,2,9,SKODA OCTAVIA,2,-1,0,-1
2023552300701,2023,552300701,2,9,0,17,19,6,4,0,0,0,0,0,0,0,1,1,1,1,1,41,7,1968,2,12,SKODA OCTAVIA,5,E01032660,0,-1
2023131265675,2023,131265675,1,9,0,-1,-1,-1,-1,-1,-1,0,-1,-1,-1,-1,-1,1,6,6,3,-1,-1,1598,2,8,SKODA OCTAVIA,-1,-1,0,-1
2023010478697,2023,010478697,1,9,0,10,10,5,2,0,0,1,0,0,0,0,2,1,6,6,1,55,8,1984,1,17,SKODA OCTAVIA,3,E01003235,0,-1
2023010422136,2023,010422136,1,9,0,99,99,9,9,0,0,9,9,99,9,99,2,9,6,6,1,29,6,1968,2,14,SKODA OCTAVIA,7,E01030651,0,-1
2023161311260,2023,161311260,1,8,0,18,19,5,1,0,0,8,0,0,0,0,4,1,1,1,1,53,8,1598,2,9,SKODA OCTAVIA,-1,-1,0,-1
2023320079297,2023,320079297,1,9,0,9,9,7,4,0,0,6,0,0,0,0,1,1,6,6,1,75,10,1395,1,7,SKODA OCTAVIA,6,E01026031,0,-1
2023549748723,2023,549748723,1,9,0,18,19,3,7,0,0,0,0,0,0,0,1,1,6,6,1,40,7,999,1,5,SKODA OCTAVIA,10,E01014410,0,-1
2023061320144,2023,061320144,1,9,0,18,19,3,7,0,0,0,0,0,0,0,1,1,6,6,3,30,6,1598,2,9,SKODA OCTAVIA,-1,-1,0,-1
2023471328337,2023,471328337,2,9,0,18,19,3,7,0,0,0,0,0,0,0,4,1,6,6,1,56,9,1395,8,1,SKODA OCTAVIA,7,E01021222,0,-1
2023010434439,2023,010434439,1,9,0,1,1,3,7,0,0,0,0,0,0,0,2,1,6,6,2,42,7,1395,1,8,SKODA OCTAVIA,3,E01003720,0,-1
2023522301183,2023,522301183,2,9,0,18,19,5,1,0,0,8,0,0,0,0,1,1,6,6,1,-1,-1,1390,1,13,SKODA OCTAVIA,10,E01014879,0,-1
2023231379771,2023,231379771,2,9,0,17,19,5,3,0,0,8,0,0,0,0,1,1,6,6,2,42,7,1598,2,9,SKODA OCTAVIA,9,E01031220,0,-1
2023070671236,2023,070671236,1,9,0,5,5,1,3,0,0,0,0,0,0,0,4,1,6,6,2,-1,-1,1598,2,3,SKODA OCTAVIA,9,E01018442,0,-1
2023991379492,2023,991379492,2,8,0,18,19,3,7,0,0,0,0,0,7,2,3,1,1,1,1,41,7,1598,2,6,SKODA OCTAVIA,6,-1,0,-1
2023461337844,2023,461337844,1,9,0,-1,-1,-1,-1,-1,-1,-1,-1,-1,-1,0,-1,1,6,6,2,60,9,1968,2,7,SKODA OCTAVIA,3,E01024119,0,-1
2023520301572,2023,520301572,2,9,0,18,19,8,6,0,0,1,0,0,0,0,1,1,6,6,1,29,6,1598,2,11,SKODA OCTAVIA,3,E01032635,0,-1
2023461320928,2023,461320928,2,9,0,2,2,0,0,0,0,1,0,0,0,0,3,1,5,6,1,61,9,1968,2,6,SKODA OCTAVIA,3,E01024529,0,-1
2023501287952,2023,501287952,1,9,0,5,5,1,5,0,0,4,0,0,0,0,1,1,6,6,1,47,8,1968,2,14,SKODA OCTAVIA,10,E01029160,0,-1
2023552301435,2023,552301435,2,9,0,18,19,1,5,0,0,0,0,4,0,0,1,1,6,6,2,80,11,1390,1,10,SKODA OCTAVIA,9,E01015432,0,-1
2023351322903,2023,351322903,1,9,0,11,11,5,2,0,0,0,0,12,0,0,2,1,1,1,1,38,7,1968,2,7,SKODA OCTAVIA,1,E01015603,0,-1
2023552301171,2023,552301171,2,9,0,5,5,2,6,0,0,0,0,0,0,0,2,1,6,6,1,52,8,1968,2,6,SKODA OCTAVIA,10,E01015396,0,-1
2023041304788,2023,041304788,3,9,0,18,19,7,3,0,0,1,0,0,0,0,1,1,1,1,1,54,8,1598,2,8,SKODA OCTAVIA,5,E01025035,0,-1
2023010461750,2023,010461750,1,9,0,7,7,1,4,0,0,5,0,0,0,0,1,1,6,6,2,58,9,1498,1,1,SKODA OCTAVIA,2,E01002810,0,-1
2023401414557,2023,401414557,1,9,0,4,4,2,6,0,0,1,0,0,0,0,1,1,6,6,2,41,7,1498,1,4,SKODA OCTAVIA,7,E01017416,0,-1
2023522400390,2023,522400390,2,9,0,18,19,6,4,0,0,8,0,0,0,0,4,1,6,6,1,44,7,1968,2,17,SKODA OCTAVIA,-1,-1,0,-1
2023501313267,2023,501313267,1,9,0,9,9,6,3,0,0,5,0,0,0,0,1,1,5,6,1,22,5,1968,2,13,SKODA OCTAVIA,7,E01006423,0,-1
2023430035185,2023,430035185,1,9,0,9,9,3,1,0,0,5,0,0,0,0,4,1,6,6,2,52,8,1595,1,12,SKODA OCTAVIA,4,E01016357,0,-1
2023141311234,2023,141311234,2,9,0,18,19,1,5,0,0,0,0,0,0,0,1,1,5,6,1,31,6,1598,2,10,SKODA OCTAVIA,2,E01013739,0,-1
2023302301579,2023,302301579,1,9,0,9,9,2,8,0,0,3,0,0,0,0,3,1,6,6,1,32,6,1197,1,11,SKODA OCTAVIA,-1,-1,0,-1
2023471383644,2023,471383644,1,9,0,17,19,2,6,0,0,0,5,0,7,4,3,1,6,6,1,42,7,1984,1,22,SKODA OCTAVIA,5,E01031515,0,-1
2023471293956,2023,471293956,1,9,0,18,19,7,3,0,0,1,0,0,0,0,1,1,6,6,1,51,8,1968,2,4,SKODA OCTAVIA,4,E01016986,0,-1
2023221308040,2023,221308040,2,9,0,3,3,8,4,0,0,1,0,0,0,0,2,1,5,6,2,40,7,999,1,4,SKODA OCTAVIA,7,E01032253,0,-1
2023041390095,2023,041390095,1,9,0,18,19,7,3,0,0,0,0,0,0,0,4,1,1,1,1,23,5,1598,2,7,SKODA OCTAVIA,1,E01012595,0,-1
2023340NN3772,2023,340NN3772,2,9,0,2,2,0,0,0,0,0,0,0,0,0,2,1,1,1,1,30,6,1498,1,1,SKODA OCTAVIA,8,E01027162,0,-1
2023101290451,2023,101290451,1,9,0,4,4,6,2,0,0,1,0,0,0,0,2,1,2,2,1,45,7,1598,2,7,SKODA OCTAVIA,9,E01020611,0,-1
2023351355981,2023,351355981,2,9,0,18,19,7,3,0,0,8,1,0,0,0,4,1,1,1,1,42,7,1984,1,4,SKODA OCTAVIA,10,E01017631,0,-1
2023440302164,2023,440302164,1,8,0,9,9,5,3,0,0,5,0,0,0,0,3,1,1,1,1,68,10,999,1,4,SKODA OCTAVIA,4,E01017087,0,-1
2023430526567,2023,430526567,2,9,0,18,19,3,7,0,0,8,0,0,0,0,1,1,2,2,1,25,5,1896,2,20,SKODA OCTAVIA,8,E01002160,0,-1
2023351321629,2023,351321629,1,8,0,9,9,3,1,0,0,8,0,0,0,0,1,1,1,1,1,33,6,1968,2,9,SKODA OCTAVIA,2,E01015662,0,-1
2023061278284,2023,061278284,1,8,0,18,19,8,4,0,0,0,0,0,0,0,4,1,2,2,1,59,9,1968,2,6,SKODA OCTAVIA,1,E01005196,0,-1
2023111348223,2023,111348223,1,9,0,18,19,5,1,0,0,0,0,0,0,0,4,1,1,1,1,59,9,1395,1,5,SKODA OCTAVIA,6,E01020821,0,-1
2023041268550,2023,041268550,2,9,0,17,19,5,1,0,0,1,0,0,0,0,3,1,5,6,1,59,9,1598,2,5,SKODA OCTAVIA,6,E01025562,0,-1
2023031363550,2023,031363550,2,9,0,6,6,5,1,0,0,1,0,0,0,0,3,1,5,6,1,72,10,1498,1,3,SKODA OCTAVIA,7,E01018336,0,-1
2023010462383,2023,010462383,3,9,0,11,11,3,7,0,0,0,0,0,0,0,2,1,6,6,1,25,5,1595,1,12,SKODA OCTAVIA,3,E01000367,0,-1
2023141319338,2023,141319338,1,9,0,9,9,8,6,0,0,6,0,0,0,0,1,1,5,6,1,62,9,1498,1,5,SKODA OCTAVIA,6,E01007471,0,-1
2023991374656,2023,991374656,2,9,0,18,19,4,8,0,0,0,1,7,1,7,3,1,5,6,1,55,8,1968,2,0,SKODA OCTAVIA,5,-1,0,-1
2023421269993,2023,421269993,2,9,0,4,4,5,1,0,0,0,0,0,0,0,2,1,6,6,2,70,10,1498,1,3,SKODA OCTAVIA,8,E01030121,0,-1
2023631361370,2023,631361370,1,9,0,9,9,4,2,0,0,8,0,0,0,0,1,1,6,6,2,67,10,1896,2,17,SKODA OCTAVIA,8,W01000503,0,-1
2023161325618,2023,161325618,1,8,0,4,4,1,5,0,0,2,0,0,0,0,2,1,1,1,2,37,7,1598,2,7,SKODA OCTAVIA,3,E01013134,0,-1
2023161303092,2023,161303092,1,9,0,18,19,5,1,0,0,1,0,0,1,2,1,1,1,1,1,35,6,1968,2,4,SKODA OCTAVIA,6,E01013247,0,-1
2023440099505,2023,440099505,1,9,0,9,9,7,5,0,0,5,0,0,0,0,1,1,6,6,2,67,10,1395,1,8,SKODA OCTAVIA,5,E01022957,0,-1
2023440430343,2023,440430343,3,9,0,2,2,0,0,0,0,0,0,0,0,0,2,1,6,6,1,62,9,1498,1,5,SKODA OCTAVIA,-1,-1,0,-1
2023340NN3842,2023,340NN3842,2,9,0,9,9,6,4,0,0,5,0,0,0,0,3,1,6,6,2,31,6,1595,1,12,SKODA OCTAVIA,8,E01027044,0,-1
2023170M11773,2023,170M11773,2,8,0,18,19,5,1,0,0,8,0,0,0,0,1,1,1,1,1,38,7,1598,2,5,SKODA OCTAVIA,-1,-1,0,-1
2023131294536,2023,131294536,1,9,0,18,19,1,5,0,0,0,0,0,0,0,1,1,5,6,1,20,4,999,1,5,SKODA OCTAVIA,1,E01011101,0,-1
2023440470776,2023,440470776,1,9,0,18,19,7,3,0,0,1,0,0,1,0,1,1,6,6,1,56,9,1968,2,10,SKODA OCTAVIA,6,E01029227,0,-1
2023041296966,2023,041296966,2,9,0,18,19,7,3,0,0,0,0,0,0,0,3,1,5,6,1,42,7,1395,8,2,SKODA OCTAVIA,9,E01025253,0,-1
2023161372271,2023,161372271,2,9,0,18,19,7,3,0,0,1,1,0,0,0,1,1,5,6,1,26,6,1984,1,5,SKODA OCTAVIA,7,E01013333,0,-1
2023540795523,2023,540795523,3,9,0,5,5,7,3,0,0,4,0,0,0,0,1,1,6,6,1,74,10,1968,2,18,SKODA OCTAVIA,8,E01030782,0,-1
2023302301222,2023,302301222,3,9,0,4,4,3,7,0,0,0,0,0,0,0,2,1,6,6,2,35,6,1598,2,9,SKODA OCTAVIA,8,E01008079,0,-1
2023461382482,2023,461382482,1,9,0,16,19,1,5,0,0,0,5,0,1,4,1,1,1,1,1,79,11,1968,2,15,SKODA OCTAVIA,8,E01024011,0,-1
2023122300959,2023,122300959,2,8,0,18,19,1,5,0,0,0,0,0,0,0,2,1,6,6,2,46,8,1598,2,3,SKODA OCTAVIA,3,E01012239,0,-1
2023440046969,2023,440046969,1,9,0,18,19,8,4,0,0,8,0,0,0,0,1,1,6,6,1,39,7,1896,2,15,SKODA OCTAVIA,3,E01016353,0,-1
2023991294374,2023,991294374,2,9,0,18,19,4,8,0,0,8,0,0,0,0,1,1,6,6,2,28,6,1968,2,8,SKODA OCTAVIA,4,-1,0,-1
2023010432987,2023,010432987,2,9,0,2,2,0,0,0,0,0,0,0,0,0,1,1,6,6,3,-1,-1,1595,1,12,SKODA OCTAVIA,-1,-1,0,-1
2023320155029,2023,320155029,2,9,0,18,19,4,8,0,0,0,0,0,1,0,1,1,6,6,1,47,8,1968,2,9,SKODA OCTAVIA,2,E01026030,0,-1
2023122301242,2023,122301242,3,9,0,16,19,4,8,0,0,0,0,0,1,4,3,1,6,6,1,38,7,1598,2,7,SKODA OCTAVIA,6,E01027601,0,-1
2023421311905,2023,421311905,2,9,0,4,4,1,5,0,0,0,0,0,0,0,1,1,1,1,1,59,9,1598,2,8,SKODA OCTAVIA,6,E01023499,0,-1
2023031382756,2023,031382756,1,9,0,5,5,1,3,0,0,2,0,0,0,0,3,1,5,6,1,44,7,1498,1,5,SKODA OCTAVIA,10,E01019251,0,-1
2023010445507,2023,010445507,1,9,0,99,99,9,9,99,99,9,9,99,9,99,3,9,6,6,1,44,7,1968,2,13,SKODA OCTAVIA,4,E01002309,0,-1
2023991312104,2023,991312104,1,9,0,18,19,6,2,0,0,0,0,0,0,0,1,1,6,6,1,39,7,1968,2,10,SKODA OCTAVIA,5,-1,0,-1
2023531352076,2023,531352076,2,9,0,18,19,1,5,0,0,0,0,0,0,0,3,1,1,1,2,28,6,1968,2,8,SKODA OCTAVIA,7,E01031212,0,-1
2023161382584,2023,161382584,2,9,0,18,19,1,5,0,0,1,0,0,0,0,1,1,2,2,2,54,8,1598,2,5,SKODA OCTAVIA,7,E01013307,0,-1
2023440185244,2023,440185244,2,9,0,18,19,5,1,0,0,3,0,0,0,0,4,1,1,1,1,31,6,1598,2,6,SKODA OCTAVIA,5,E01017126,0,-1
2023161346101,2023,161346101,2,9,0,18,19,7,3,0,0,1,0,0,0,0,1,1,5,6,1,36,7,1390,1,13,SKODA OCTAVIA,3,E01012807,0,-1
2023991269120,2023,991269120,1,9,0,9,9,7,4,0,0,8,0,0,0,0,1,1,2,2,1,42,7,1598,2,14,SKODA OCTAVIA,4,-1,0,-1
2023122300773,2023,122300773,2,8,0,18,19,6,2,0,0,0,0,0,0,0,0,1,1,1,1,55,8,1598,2,8,SKODA OCTAVIA,3,E01010665,0,-1
2023031363122,2023,031363122,2,9,0,18,19,8,5,0,0,1,0,0,0,0,1,1,5,6,1,67,10,1968,2,7,SKODA OCTAVIA,5,E01019225,0,-1
2023610030023,2023,610030023,1,8,0,3,3,8,4,7,6,0,0,0,0,0,4,1,3,7,2,50,8,1498,1,4,SKODA OCTAVIA,6,W01001593,0,-1
202363C014723,2023,63C014723,1,9,0,18,19,3,7,0,0,0,0,0,0,0,1,1,6,6,1,88,11,1968,2,14,SKODA OCTAVIA,5,W01000566,0,-1
2023411374795,2023,411374795,1,9,0,18,19,8,4,0,0,0,0,10,0,0,3,1,5,6,1,30,6,1197,1,8,SKODA OCTAVIA,9,E01031200,0,-1
2023320004343,2023,320004343,2,9,0,18,19,8,4,0,0,8,1,0,7,0,1,1,6,6,1,75,10,1598,2,8,SKODA OCTAVIA,9,E01026222,0,-1
2023430480685,2023,430480685,1,9,0,9,9,7,4,0,0,5,0,0,0,0,1,1,1,1,1,35,6,1598,2,6,SKODA OCTAVIA,3,E01017712,0,-1
2023471315378,2023,471315378,2,9,0,18,19,2,6,0,0,1,0,0,0,0,2,1,2,2,1,52,8,1968,2,1,SKODA OCTAVIA,-1,-1,0,-1
2023302300032,2023,302300032,3,9,0,18,19,6,2,0,0,2,0,10,0,0,4,1,6,6,2,44,7,1595,1,12,SKODA OCTAVIA,1,E01013456,0,-1
2023421375817,2023,421375817,1,9,0,18,19,1,5,0,0,1,0,0,0,0,1,1,6,6,1,45,7,1984,1,5,SKODA OCTAVIA,5,E01021680,0,-1
2023421263743,2023,421263743,3,9,0,18,19,5,1,0,0,0,0,0,0,0,1,1,6,6,1,37,7,1984,1,0,SKODA OCTAVIA,8,E01021891,0,-1
2023340WN1862,2023,340WN1862,5,9,0,18,19,7,3,0,0,0,0,1,1,0,2,1,6,6,1,46,8,1968,2,6,SKODA OCTAVIA,6,E01028331,0,-1
2023471263946,2023,471263946,1,9,0,18,19,4,8,0,0,0,0,0,0,0,4,1,5,6,1,32,6,999,1,2,SKODA OCTAVIA,1,E01016880,0,-1
2023052301013,2023,052301013,2,9,0,18,19,7,3,0,0,0,0,0,0,0,1,1,6,6,3,-1,-1,1390,1,15,SKODA OCTAVIA,-1,-1,0,-1
2023991387996,2023,991387996,1,9,0,18,19,4,8,0,0,1,0,0,0,0,1,1,1,1,1,51,8,1598,2,6,SKODA OCTAVIA,3,-1,0,-1
2023131285867,2023,131285867,1,9,0,9,9,1,3,0,0,0,0,0,0,0,4,1,5,6,1,54,8,1498,1,3,SKODA OCTAVIA,5,E01010678,0,-1
2023141353181,2023,141353181,5,9,0,2,2,0,0,0,0,2,0,0,0,0,1,1,6,6,3,-1,-1,1896,2,15,SKODA OCTAVIA,-1,-1,0,-1
2023010461952,2023,010461952,2,9,0,99,99,9,9,99,99,9,9,99,9,99,9,9,6,6,3,33,6,1390,1,12,SKODA OCTAVIA,-1,-1,0,-1
2023991282017,2023,991282017,1,9,0,4,4,4,8,0,0,0,0,4,0,0,1,1,1,1,2,20,4,1968,2,6,SKODA OCTAVIA,2,-1,0,-1
2023622300328,2023,622300328,1,8,0,7,7,8,3,0,0,6,0,0,0,0,1,1,1,1,1,58,9,1498,1,3,SKODA OCTAVIA,1,W01000992,0,-1
2023061376384,2023,061376384,2,9,0,18,19,7,3,0,0,1,0,0,0,0,0,1,1,1,2,31,6,1984,1,4,SKODA OCTAVIA,1,E01005108,0,-1
2023101269150,2023,101269150,1,9,0,18,19,1,5,0,0,1,0,0,0,0,1,1,6,6,1,-1,-1,1984,1,11,SKODA OCTAVIA,-1,-1,0,-1
2023501345048,2023,501345048,1,9,0,1,1,7,7,0,0,1,0,0,0,0,2,1,6,6,1,26,6,1896,2,14,SKODA OCTAVIA,1,E01015260,0,-1
2023201405890,2023,201405890,2,9,0,18,19,1,1,0,0,0,0,0,0,0,1,1,6,6,1,68,10,1598,2,8,SKODA OCTAVIA,6,E01009531,0,-1
2023340WN1802,2023,340WN1802,1,9,0,6,6,5,5,0,0,1,0,0,0,0,3,1,1,1,2,39,7,1498,1,3,SKODA OCTAVIA,1,E01027195,0,-1
2023010419525,2023,010419525,1,9,0,9,9,1,7,0,0,8,0,0,0,0,1,1,6,6,1,63,9,999,1,6,SKODA OCTAVIA,5,E01001277,0,-1
2023451356142,2023,451356142,2,9,0,18,19,1,7,0,0,1,0,0,1,4,4,1,5,6,1,61,9,1598,1,18,SKODA OCTAVIA,10,E01030506,0,-1
2023520000669,2023,520000669,1,9,0,18,19,2,6,0,0,8,0,0,0,0,3,1,6,6,2,32,6,1968,2,6,SKODA OCTAVIA,9,E01014411,0,-1
2023332300085,2023,332300085,6,9,0,3,3,6,2,0,0,0,0,0,0,0,2,1,6,6,1,45,7,1968,2,13,SKODA OCTAVIA,8,E01025775,0,-1
2023440273269,2023,440273269,2,8,0,18,19,3,7,0,0,0,0,0,0,0,4,1,1,1,1,60,9,1598,2,6,SKODA OCTAVIA,4,E01017125,0,-1
2023549718423,2023,549718423,2,9,0,18,19,1,5,0,0,8,0,0,0,0,2,1,6,6,2,-1,-1,1968,2,19,SKODA OCTAVIA,3,E01031851,0,-1
2023411340688,2023,411340688,1,9,0,9,9,5,2,0,0,6,0,0,0,0,1,1,6,6,2,29,6,1390,1,16,SKODA OCTAVIA,6,E01023322,0,-1