collision_index,collision_year,collision_ref_no,vehicle_reference,vehicle_type,towing_and_articulation,vehicle_manoeuvre_historic,vehicle_manoeuvre,vehicle_direction_from,vehicle_direction_to,vehicle_location_restricted_lane_historic,vehicle_location_restricted_lane,junction_location,skidding_and_overturning,hit_object_in_carriageway,vehicle_leaving_carriageway,hit_object_off_carriageway,first_point_of_impact,vehicle_left_hand_drive,journey_purpose_of_driver_historic,journey_purpose_of_driver,sex_of_driver,age_of_driver,age_band_of_driver,engine_capacity_cc,propulsion_code,age_of_vehicle,generic_make_model,driver_imd_decile,lsoa_of_driver,escooter_flag,driver_distance_banding
2023061345648,2023,061345648,1,9,0,15,15,1,5,0,0,0,0,0,0,0,1,1,6,6,1,28,6,2967,2,7,AUDI SQ5,4,E01005331,0,-1
2023481377467,2023,481377467,1,9,0,18,19,1,5,0,0,0,0,0,0,0,1,1,6,6,1,35,6,2995,1,5,AUDI SQ5,-1,-1,0,-1
2023010442020,2023,010442020,1,9,0,99,99,9,9,99,99,0,9,99,9,99,1,1,2,2,1,23,5,2995,1,5,AUDI SQ5,7,E01000118,0,-1
2023331306908,2023,331306908,1,9,0,18,19,2,3,0,0,0,0,0,0,0,1,2,6,6,1,38,7,2967,2,7,AUDI SQ5,5,E01027636,0,-1
2023211296398,2023,211296398,4,9,0,10,10,4,5,0,0,1,0,0,0,0,3,1,6,6,1,61,9,2967,2,8,AUDI SQ5,-1,-1,0,-1
2023991361222,2023,991361222,2,9,0,18,19,3,7,0,0,8,0,0,0,0,1,1,5,6,1,38,7,2967,2,3,AUDI SQ5,3,-1,0,-1
2023522300552,2023,522300552,2,9,0,7,7,7,1,0,0,6,0,0,0,0,1,1,6,6,2,34,6,2995,1,5,AUDI SQ5,2,E01014660,0,-1
2023061329588,2023,061329588,1,9,0,17,19,5,1,0,0,0,0,10,1,0,1,1,5,6,1,32,6,2967,2,7,AUDI SQ5,-1,-1,0,-1
2023451333089,2023,451333089,1,9,0,18,19,3,7,0,0,0,0,0,0,0,1,1,6,6,1,65,9,2995,1,5,AUDI SQ5,8,E01016567,0,-1
2023421321726,2023,421321726,1,9,0,9,9,4,1,0,0,8,0,0,0,0,1,1,5,6,2,67,10,2967,2,10,AUDI SQ5,4,E01022022,0,-1
2023010448035,2023,010448035,1,9,0,18,19,7,3,0,0,0,0,4,0,0,1,1,2,2,2,62,9,2995,1,5,AUDI SQ5,10,E01000767,0,-1
2023351356810,2023,351356810,2,9,0,18,19,4,8,0,0,0,0,0,0,0,4,1,1,1,1,52,8,2967,2,3,AUDI SQ5,6,E01021448,0,-1
2023451316553,2023,451316553,1,9,0,18,19,2,6,0,0,0,5,0,5,0,1,1,5,6,1,31,6,2967,2,3,AUDI SQ5,5,E01000530,0,-1
2023010477343,2023,010477343,1,9,0,18,19,4,8,0,0,0,0,0,0,0,2,1,6,6,2,29,6,2995,1,5,AUDI SQ5,5,E01024168,0,-1
2023461355067,2023,461355067,1,9,0,18,19,3,7,0,0,0,0,0,4,0,4,1,6,6,2,30,6,2967,2,7,AUDI SQ5,-1,-1,0,-1
2023111380087,2023,111380087,2,9,0,18,19,1,5,0,0,0,0,0,0,0,2,1,6,6,1,72,10,2967,2,9,AUDI SQ5,10,E01008322,0,-1
2023991373049,2023,991373049,3,9,0,18,19,1,5,0,0,0,0,0,0,0,2,1,6,6,2,35,6,2995,1,6,AUDI SQ5,2,-1,0,-1
2023010470408,2023,010470408,2,9,0,99,99,9,9,99,99,9,9,99,9,99,1,9,6,6,3,-1,-1,2995,1,5,AUDI SQ5,-1,-1,0,-1
2023111372477,2023,111372477,1,9,0,18,19,7,3,0,0,0,0,0,1,0,1,1,2,2,1,32,6,2967,2,9,AUDI SQ5,3,E01008186,0,-1
2023010483719,2023,010483719,1,9,0,99,99,9,9,99,99,9,9,99,9,99,1,9,6,6,1,40,7,2993,12,0,-1,3,E01000918,0,-1
2023201356004,2023,201356004,1,9,0,5,5,8,4,0,0,6,0,0,0,0,1,1,5,6,2,43,7,2993,2,3,-1,-1,-1,0,-1
2023311295540,2023,311295540,2,9,0,18,19,7,3,0,0,2,0,0,0,0,3,1,6,6,1,53,8,2993,12,1,-1,-1,-1,0,-1
2023010481969,2023,010481969,1,9,0,9,9,1,7,0,0,2,0,0,0,0,1,1,3,7,1,41,7,2993,12,1,-1,10,E01004478,0,-1
2023201416146,2023,201416146,2,9,0,3,3,5,1,0,0,1,0,0,0,0,2,1,6,6,1,44,7,2993,12,0,-1,9,E01009800,0,-1
2023231269849,2023,231269849,2,9,0,2,2,0,0,0,0,0,0,0,0,0,1,1,6,6,1,49,8,2993,12,1,-1,9,E01031148,0,-1
2023332300374,2023,332300374,2,9,0,16,19,6,1,0,0,0,0,0,0,0,1,1,6,6,2,35,6,2993,12,2,-1,2,E01013695,0,-1
2023010477564,2023,010477564,1,9,0,15,15,5,1,0,0,0,0,4,7,11,1,1,6,6,1,36,7,2993,2,3,-1,9,E01015995,0,-1
2023161360828,2023,161360828,1,3,0,18,19,1,5,0,0,0,0,0,0,0,4,1,5,6,1,20,4,124,1,9,-1,7,E01013020,0,-1
2023320168940,2023,320168940,2,17,0,18,19,8,4,0,0,8,0,0,0,0,4,1,1,1,1,42,7,6057,2,0,-1,6,E01026247,0,-1
2023991352546,2023,991352546,1,90,0,18,19,4,8,0,0,0,0,0,0,0,1,1,5,6,1,68,10,2287,2,3,-1,2,-1,0,-1
2023131384591,2023,131384591,1,19,0,1,1,3,7,0,0,0,0,0,0,0,2,1,6,6,3,-1,-1,2198,2,10,FORD TRANSIT,-1,-1,0,-1
2023010430120,2023,010430120,3,19,0,2,2,0,0,0,0,1,0,0,0,0,4,1,6,6,3,-1,-1,2402,2,13,FORD TRANSIT,-1,-1,0,-1
2023471342382,2023,471342382,2,19,0,18,19,7,3,0,0,1,0,0,0,0,4,1,6,6,1,63,9,2402,2,12,FORD TRANSIT,5,E01016963,0,-1
2023010448149,2023,010448149,2,19,0,3,3,1,5,0,0,0,0,0,0,0,3,1,2,2,1,65,9,1995,2,6,FORD TRANSIT,7,E01024430,0,-1
2023010429494,2023,010429494,2,19,0,99,99,9,9,99,99,9,9,99,9,99,1,9,6,6,1,-1,-1,2198,2,8,FORD TRANSIT,-1,-1,0,-1
2023010485099,2023,010485099,2,20,0,99,99,9,9,99,99,9,9,99,9,99,2,9,6,6,3,-1,-1,-1,-1,-1,FORD TRANSIT,-1,-1,0,-1
2023131373554,2023,131373554,1,19,0,-1,-1,-1,-1,-1,-1,0,-1,-1,-1,-1,-1,1,6,6,3,-1,-1,1995,2,4,FORD TRANSIT,-1,-1,0,-1
2023548060023,2023,548060023,1,19,0,4,4,1,5,0,0,0,0,0,0,0,1,1,1,1,1,62,9,1995,2,2,FORD TRANSIT,7,E01031942,0,-1
2023131313485,2023,131313485,4,19,0,18,19,3,7,0,0,0,0,0,0,0,1,1,6,6,1,64,9,1995,2,2,FORD TRANSIT,5,E01014360,0,-1
2023221263663,2023,221263663,1,19,0,18,19,8,4,0,0,2,0,0,0,0,1,1,1,1,1,57,9,2198,2,10,FORD TRANSIT,4,E01029000,0,-1
2023010444626,2023,010444626,2,19,0,3,3,5,1,0,0,2,0,4,0,0,2,1,1,1,1,35,6,1995,2,5,FORD TRANSIT,5,E01003724,0,-1
2023041378282,2023,041378282,1,19,0,1,1,1,5,0,0,0,0,0,0,0,2,1,1,1,1,34,6,1995,2,6,FORD TRANSIT,3,E01025366,0,-1
2023440053136,2023,440053136,1,19,0,18,19,4,8,0,0,0,0,0,0,0,1,1,1,1,1,28,6,1995,2,1,FORD TRANSIT,6,E01017016,0,-1
2023170S22023,2023,170S22023,2,19,0,18,19,3,7,0,0,1,5,0,0,0,1,1,1,1,1,22,5,1995,2,3,FORD TRANSIT,1,E01008223,0,-1
202354C490723,2023,54C490723,1,19,0,7,7,3,1,0,0,6,0,0,0,0,1,1,2,2,1,58,9,2198,2,13,FORD TRANSIT,2,E01015506,0,-1
2023351325730,2023,351325730,1,19,0,5,5,-1,-1,0,0,0,0,0,0,0,2,1,6,6,1,61,9,2402,2,12,FORD TRANSIT,4,E01026278,0,-1
2023061304095,2023,061304095,1,10,0,18,19,6,3,0,0,1,0,0,0,0,1,1,1,1,1,28,6,2402,2,14,FORD TRANSIT,6,E01005623,0,-1
2023131323312,2023,131323312,2,19,0,9,9,5,2,0,0,1,0,0,0,0,2,1,1,1,1,19,4,1995,2,2,FORD TRANSIT,1,E01011360,0,-1
2023010466817,2023,010466817,1,19,0,18,19,1,5,0,0,1,0,0,0,0,1,1,6,6,1,-1,-1,2198,2,16,FORD TRANSIT,4,E01003409,0,-1
2023010477299,2023,010477299,2,19,0,99,99,9,9,99,99,9,9,99,9,99,0,9,6,6,3,-1,-1,-1,3,0,FORD TRANSIT,-1,-1,0,-1
2023440517362,2023,440517362,2,19,0,18,19,3,7,0,0,0,0,0,0,0,1,1,6,6,1,-1,-1,2198,2,10,FORD TRANSIT,-1,-1,0,-1
2023461317100,2023,461317100,2,20,1,18,19,3,7,0,0,1,0,0,0,0,1,1,6,6,2,43,7,-1,-1,-1,FORD TRANSIT,3,E01020922,0,-1
2023311378876,2023,311378876,1,19,0,5,5,5,1,0,0,1,0,0,0,0,3,1,6,6,1,37,7,2198,2,7,FORD TRANSIT,1,E01013850,0,-1
2023351287838,2023,351287838,3,19,0,18,19,5,1,0,0,0,0,0,0,0,3,1,6,6,1,57,9,2198,2,9,FORD TRANSIT,3,E01032774,0,-1
2023010477085,2023,010477085,2,19,0,99,99,9,9,99,99,0,9,99,9,99,1,9,6,6,1,59,9,1995,2,1,FORD TRANSIT,1,E01003245,0,-1
2023161328354,2023,161328354,1,10,0,18,19,3,7,0,0,0,0,0,0,0,4,1,2,2,1,71,10,2402,2,17,FORD TRANSIT,1,E01013218,0,-1
2023351311065,2023,351311065,1,19,0,18,19,3,7,0,0,0,0,0,0,0,1,1,6,6,1,38,7,2198,2,11,FORD TRANSIT,5,E01026284,0,-1
2023070387830,2023,070387830,1,19,0,13,13,7,3,0,0,0,0,0,0,0,1,1,6,6,1,35,6,2402,2,15,FORD TRANSIT,-1,-1,0,-1
2023440135825,2023,440135825,2,20,0,13,13,2,6,0,0,0,0,0,0,0,3,1,6,6,1,50,8,2402,2,14,FORD TRANSIT,7,E01023164,0,-1
2023221271212,2023,221271212,1,10,0,18,19,6,2,0,0,0,0,0,0,0,4,1,1,1,1,66,10,2402,2,13,FORD TRANSIT,2,E01014064,0,-1
2023061260770,2023,061260770,1,19,0,1,1,5,1,0,0,1,0,0,0,0,2,1,6,6,3,30,6,2198,2,10,FORD TRANSIT,-1,-1,0,-1
2023041296420,2023,041296420,2,19,0,2,2,0,0,0,0,1,0,4,0,0,1,1,6,6,3,-1,-1,2496,2,25,FORD TRANSIT,-1,-1,0,-1
2023010421152,2023,010421152,2,19,0,99,99,9,9,99,99,9,9,99,9,99,1,9,6,6,3,-1,-1,1995,2,5,FORD TRANSIT,-1,-1,0,-1
202360A180465,2023,60A180465,1,19,0,7,7,6,4,0,0,8,0,0,0,0,4,1,1,1,1,39,7,2198,2,8,FORD TRANSIT,-1,-1,0,-1
2023010450474,2023,010450474,1,19,0,5,5,0,3,6,6,1,0,0,0,0,2,1,2,2,1,58,9,1995,2,6,FORD TRANSIT,2,E01001800,0,-1
2023061309219,2023,061309219,1,19,0,9,9,5,7,0,0,1,0,0,0,0,1,1,6,6,3,-1,-1,1995,2,3,FORD TRANSIT,-1,-1,0,-1
2023010474070,2023,010474070,1,19,0,18,19,7,3,0,0,0,0,0,0,0,1,1,1,1,1,40,7,1995,2,3,FORD TRANSIT,3,E01021437,0,-1
2023131273023,2023,131273023,2,19,0,18,19,1,5,0,0,0,0,0,0,0,1,1,1,1,1,58,9,1995,2,2,FORD TRANSIT,9,E01011812,0,-1
2023501368659,2023,501368659,3,19,0,18,19,1,4,0,0,0,0,0,0,0,1,1,2,2,1,31,6,1995,2,5,FORD TRANSIT,4,E01020247,0,-1
2023052300948,2023,052300948,3,19,0,2,2,0,0,0,0,0,0,0,0,0,2,1,1,1,1,27,6,1995,2,2,FORD TRANSIT,3,E01005062,0,-1
2023141321368,2023,141321368,2,19,0,18,19,5,1,0,0,0,1,0,0,0,1,1,6,6,1,22,5,2198,2,16,FORD TRANSIT,1,E01007723,0,-1
2023451365683,2023,451365683,1,19,0,18,19,1,5,0,0,0,0,0,0,0,4,1,6,6,1,32,6,1995,2,4,FORD TRANSIT,8,E01017057,0,-1
2023421271204,2023,421271204,1,19,0,18,19,2,6,0,0,0,0,0,0,0,3,1,6,6,3,-1,-1,2198,2,9,FORD TRANSIT,-1,-1,0,-1
2023332300587,2023,332300587,1,19,0,9,9,8,6,0,0,6,0,0,7,0,1,1,6,6,1,39,7,2198,2,14,FORD TRANSIT,7,E01025926,0,-1
2023451333533,2023,451333533,2,19,0,18,19,3,7,0,0,0,0,0,0,0,3,1,1,1,1,33,6,2198,2,13,FORD TRANSIT,10,E01030769,0,-1
2023302301615,2023,302301615,1,19,0,7,7,4,6,0,0,6,0,0,0,0,3,1,6,6,1,-1,-1,2402,2,15,FORD TRANSIT,-1,-1,0,-1
2023501382993,2023,501382993,1,19,0,18,19,4,8,0,0,0,0,0,0,0,4,1,6,6,1,26,6,2198,2,8,FORD TRANSIT,6,E01020181,0,-1
202354D388723,2023,54D388723,2,19,0,7,7,5,1,0,0,0,0,0,0,0,1,1,1,1,1,58,9,2198,2,13,FORD TRANSIT,8,E01032033,0,-1
2023311288176,2023,311288176,2,19,0,15,15,3,7,0,0,0,0,0,0,0,4,1,1,1,1,35,6,1995,2,5,FORD TRANSIT,-1,-1,0,-1
2023010457663,2023,010457663,2,19,0,12,12,5,1,0,0,0,0,0,0,0,2,1,1,1,1,38,7,1995,2,1,FORD TRANSIT,7,E01021463,0,-1
2023440298990,2023,440298990,1,19,0,18,19,2,6,0,0,0,0,0,0,0,4,1,1,1,1,20,4,1995,2,6,FORD TRANSIT,1,E01017036,0,-1
2023161328596,2023,161328596,2,19,0,7,7,5,7,0,0,5,0,0,0,0,4,1,1,1,1,30,6,1995,2,2,FORD TRANSIT,-1,-1,0,-1
2023440485853,2023,440485853,1,19,0,11,11,7,3,0,0,8,0,10,0,0,1,1,6,6,1,24,5,-1,-1,-1,FORD TRANSIT,-1,-1,0,-1
2023440203853,2023,440203853,2,19,0,18,19,5,1,0,0,0,0,0,0,0,1,1,6,6,1,-1,-1,2198,2,10,FORD TRANSIT,-1,-1,0,-1
2023531298135,2023,531298135,2,19,0,18,19,1,5,0,0,0,0,0,0,0,2,1,1,1,1,29,6,2198,2,8,FORD TRANSIT,7,E01022239,0,-1
2023101310974,2023,101310974,1,19,0,12,12,4,8,0,0,0,0,0,0,0,3,1,1,1,1,30,6,1995,2,1,FORD TRANSIT,-1,-1,0,-1
2023010443355,2023,010443355,1,20,0,18,19,1,5,0,0,5,0,0,0,0,1,1,1,1,1,44,7,1995,2,2,FORD TRANSIT,8,E01002201,0,-1
2023320590509,2023,320590509,1,19,0,9,9,7,6,0,0,6,0,0,0,0,0,1,6,6,1,31,6,2198,2,11,FORD TRANSIT,5,E01029134,0,-1
2023471318682,2023,471318682,3,19,0,18,19,5,1,0,0,0,0,0,0,0,2,1,1,1,1,26,6,1995,2,4,FORD TRANSIT,9,E01016542,0,-1
2023421337778,2023,421337778,1,19,0,18,19,3,7,0,0,8,0,0,0,0,1,1,6,6,1,44,7,2402,2,19,FORD TRANSIT,7,E01021336,0,-1
202360A146424,2023,60A146424,1,19,0,9,9,5,3,0,0,8,0,0,0,0,1,1,6,6,1,44,7,2402,2,15,FORD TRANSIT,-1,-1,0,-1
2023070529533,2023,070529533,1,19,0,5,5,5,1,0,0,1,0,0,0,0,1,1,6,6,1,19,4,2198,2,10,FORD TRANSIT,1,W01001662,0,-1
2023461357518,2023,461357518,2,19,0,18,19,4,8,0,0,0,0,0,0,0,3,1,6,6,1,58,9,2198,2,9,FORD TRANSIT,5,E01024032,0,-1
2023461333673,2023,461333673,2,19,0,4,4,6,2,0,0,0,0,0,0,0,2,1,2,2,1,28,6,1995,2,4,FORD TRANSIT,2,E01016040,0,-1
202360A124290,2023,60A124290,1,19,0,18,19,6,2,0,0,0,0,0,0,0,4,1,6,6,1,-1,-1,1995,2,6,FORD TRANSIT,-1,-1,0,-1
2023031263612,2023,031263612,1,19,0,5,5,7,5,0,0,1,0,4,0,0,1,1,6,6,1,30,6,1995,2,6,FORD TRANSIT,3,E01019291,0,-1
2023010472546,2023,010472546,2,19,0,9,9,5,2,0,0,8,0,0,0,0,4,1,6,6,1,31,6,1995,2,6,FORD TRANSIT,5,E01023542,0,-1
2023010437222,2023,010437222,2,19,0,99,99,9,9,99,99,9,9,99,9,99,2,9,6,6,3,-1,-1,1995,2,2,FORD TRANSIT,1,E01000595,0,-1
2023440474063,2023,440474063,1,19,0,18,19,7,3,0,0,0,0,0,0,0,1,1,1,1,1,24,5,1995,2,3,FORD TRANSIT,-1,-1,0,-1
2023440047805,2023,440047805,1,19,0,17,19,8,4,0,0,0,0,0,1,0,1,1,6,6,1,34,6,2402,2,17,FORD TRANSIT,2,E01016438,0,-1
2023451339934,2023,451339934,2,19,0,18,19,1,5,0,0,0,0,0,0,0,2,1,1,1,1,47,8,2402,2,12,FORD TRANSIT,9,E01031461,0,-1
2023522300814,2023,522300814,2,19,0,15,15,1,5,0,0,0,0,0,0,0,3,1,6,6,3,-1,-1,2198,2,15,FORD TRANSIT,-1,-1,0,-1
2023052300674,2023,052300674,1,19,0,18,19,3,7,0,0,0,0,0,0,0,1,1,6,6,1,31,6,1995,2,5,FORD TRANSIT,7,E01007225,0,-1
2023451391873,2023,451391873,1,19,0,9,9,5,5,0,0,7,0,0,0,0,1,1,1,1,1,44,7,1995,2,0,FORD TRANSIT,5,E01031595,0,-1
2023041349239,2023,041349239,2,19,0,2,2,0,0,0,0,0,0,0,0,0,4,1,6,6,3,-1,-1,2198,2,8,FORD TRANSIT,-1,-1,0,-1
2023070204420,2023,070204420,1,19,0,18,19,2,4,0,0,6,1,0,0,0,1,1,6,6,1,31,6,1995,2,2,FORD TRANSIT,1,E01005256,0,-1
2023010481062,2023,010481062,1,19,0,18,19,3,7,0,0,0,0,0,0,0,4,1,1,1,1,34,6,2402,2,12,FORD TRANSIT,4,E01004547,0,-1
2023041306741,2023,041306741,1,19,0,5,5,3,7,0,0,6,0,0,0,0,0,1,1,1,1,26,6,1995,2,2,FORD TRANSIT,4,E01006003,0,-1
2023440455725,2023,440455725,2,19,0,18,19,7,3,0,0,0,0,0,0,0,4,1,6,6,1,-1,-1,1995,2,2,FORD TRANSIT,-1,-1,0,-1
2023122400148,2023,122400148,1,19,0,9,9,3,1,0,0,5,0,0,0,0,4,1,1,1,1,39,7,1995,2,0,FORD TRANSIT,-1,-1,0,-1
2023010437439,2023,010437439,2,19,0,18,19,7,3,0,0,8,0,0,0,0,1,1,2,2,1,56,9,1995,2,2,FORD TRANSIT,2,E01000102,0,-1
2023371279204,2023,371279204,2,19,0,18,19,4,8,0,0,8,0,0,0,0,1,1,1,1,1,67,10,2198,2,10,FORD TRANSIT,6,E01030143,0,-1
2023302301897,2023,302301897,1,19,0,8,8,1,5,0,0,1,0,0,0,0,2,1,2,2,1,26,6,1995,2,5,FORD TRANSIT,10,E01019880,0,-1
2023461338816,2023,461338816,1,19,0,18,19,-1,-1,0,0,0,0,0,0,0,1,1,6,6,1,-1,-1,2198,2,17,FORD TRANSIT,-1,-1,0,-1
2023471319106,2023,471319106,2,19,0,18,19,3,7,0,0,0,0,0,0,0,2,1,1,1,1,62,9,2402,2,19,FORD TRANSIT,2,E01024775,0,-1
2023332300085,2023,332300085,3,19,0,3,3,6,2,0,0,0,0,0,0,0,2,1,6,6,1,57,9,2402,2,15,FORD TRANSIT,10,E01025615,0,-1
2023471362923,2023,471362923,2,19,0,18,19,3,7,0,0,8,5,0,0,0,3,1,1,1,1,65,9,2198,2,7,FORD TRANSIT,5,E01031832,0,-1
2023552300882,2023,552300882,2,19,0,3,3,7,3,0,0,0,0,0,0,0,2,1,2,2,1,29,6,1995,2,6,FORD TRANSIT,7,E01014826,0,-1
2023461359378,2023,461359378,2,19,0,4,4,8,4,0,0,0,0,0,0,0,2,1,2,2,1,33,6,1995,2,1,FORD TRANSIT,10,E01024811,0,-1
2023340WN7052,2023,340WN7052,1,21,0,13,13,2,6,0,0,0,0,0,7,7,3,1,6,6,1,34,6,-1,-1,-1,-1,3,E01027009,0,-1
2023010429255,2023,010429255,2,19,9,99,99,9,9,99,99,0,9,99,9,99,9,9,6,6,3,-1,-1,1995,2,2,FORD TRANSIT,-1,-1,0,-1
2023622300699,2023,622300699,2,19,0,2,2,0,0,0,0,1,0,0,0,0,1,1,6,6,3,-1,-1,2402,2,22,FORD TRANSIT,-1,-1,0,-1
2023010468392,2023,010468392,1,19,0,1,1,1,5,0,0,2,1,0,0,0,2,2,1,1,1,55,8,2261,1,13,FORD TRANSIT,8,E01003814,0,-1
2023010447982,2023,010447982,2,19,0,99,99,9,9,99,99,0,9,99,9,99,9,1,6,6,3,-1,-1,1995,2,1,FORD TRANSIT,-1,-1,0,-1
2023231346672,2023,231346672,1,19,0,9,9,1,7,0,0,5,0,0,3,4,1,1,6,6,1,32,6,2198,2,16,FORD TRANSIT,2,E01009565,0,-1
2023411321542,2023,411321542,1,19,0,5,5,6,2,0,0,6,0,0,0,0,3,1,1,1,1,38,7,2198,2,16,FORD TRANSIT,1,E01001427,0,-1
2023010444600,2023,010444600,2,19,0,2,2,0,0,0,0,0,0,0,0,0,4,1,6,6,3,-1,-1,1995,2,5,FORD TRANSIT,-1,-1,0,-1
2023552400160,2023,552400160,1,19,0,18,19,2,6,0,0,0,0,0,0,0,1,1,1,1,1,24,5,2198,2,9,FORD TRANSIT,-1,-1,0,-1
2023440494112,2023,440494112,2,19,0,2,2,0,0,5,5,0,0,0,0,0,4,1,1,1,3,-1,-1,2198,2,16,FORD TRANSIT,-1,-1,0,-1
202360A034472,2023,60A034472,2,19,0,18,19,2,6,0,0,1,0,0,1,0,1,1,1,1,1,21,5,2198,2,14,FORD TRANSIT,-1,-1,0,-1
2023552301390,2023,552301390,1,10,0,18,19,6,2,0,0,8,1,0,0,0,1,1,6,6,1,34,6,2402,2,15,FORD TRANSIT,8,E01029212,0,-1
2023302300110,2023,302300110,1,19,0,1,1,6,2,0,0,0,0,0,0,0,2,1,6,6,1,46,8,2402,2,17,FORD TRANSIT,2,E01019403,0,-1
2023170M20543,2023,170M20543,1,19,0,1,1,8,4,0,0,0,0,0,0,0,2,1,6,6,1,-1,-1,2402,2,21,FORD TRANSIT,-1,-1,0,-1
2023041304923,2023,041304923,1,19,0,18,19,3,7,0,0,0,0,0,0,0,-1,1,6,6,3,-1,-1,1995,2,6,FORD TRANSIT,-1,-1,0,-1
2023131322516,2023,131322516,2,10,0,18,19,5,1,0,0,0,0,0,0,0,2,1,1,1,2,34,6,2198,2,6,FORD TRANSIT,6,E01011299,0,-1
2023501313999,2023,501313999,2,19,0,18,19,7,3,0,0,8,0,0,0,0,1,1,6,6,1,30,6,2198,2,12,FORD TRANSIT,4,E01018891,0,-1
2023340NN1962,2023,340NN1962,1,19,0,9,9,3,7,0,0,1,0,0,2,0,1,1,2,2,1,31,6,2402,2,13,FORD TRANSIT,2,E01018143,0,-1
2023010458133,2023,010458133,1,19,4,18,19,1,5,0,0,2,0,10,7,5,1,1,1,1,1,57,9,1995,2,4,FORD TRANSIT,2,E01001761,0,-1
2023302301636,2023,302301636,1,19,0,4,4,6,2,0,0,0,0,0,0,0,2,1,6,6,1,49,8,1995,2,4,FORD TRANSIT,9,E01019737,0,-1
2023010452732,2023,010452732,2,19,0,99,99,9,9,99,99,9,9,99,9,99,1,9,6,6,3,-1,-1,2198,2,14,FORD TRANSIT,-1,-1,0,-1
2023430067949,2023,430067949,2,19,0,1,1,8,4,0,0,0,0,0,0,0,2,1,6,6,1,-1,-1,2198,2,11,FORD TRANSIT,-1,-1,0,-1
202354A925323,2023,54A925323,2,19,0,2,2,0,0,6,6,1,0,0,0,0,1,1,6,6,1,-1,-1,2198,2,10,FORD TRANSIT,-1,-1,0,-1
2023010449508,2023,010449508,2,19,0,11,11,3,7,0,0,8,0,0,0,0,4,1,1,1,1,58,9,1995,2,5,FORD TRANSIT,-1,-1,0,-1
2023101353699,2023,101353699,3,19,0,3,3,1,5,0,0,2,0,0,0,0,2,1,1,1,1,63,9,1995,2,1,FORD TRANSIT,3,E01012306,0,-1
2023471293284,2023,471293284,1,19,0,18,19,2,6,0,0,0,0,0,0,0,1,1,1,1,1,22,5,1995,2,0,FORD TRANSIT,3,E01024497,0,-1
2023010463461,2023,010463461,2,20,0,99,99,9,9,99,99,0,9,99,9,99,9,9,6,6,3,-1,-1,1995,2,0,FORD TRANSIT,-1,-1,0,-1
2023622301050,2023,622301050,2,19,0,18,19,4,8,0,0,0,0,0,0,0,1,1,1,1,1,49,8,1995,2,1,FORD TRANSIT,7,W01001722,0,-1
2023221326471,2023,221326471,1,19,0,18,19,2,6,0,0,8,0,0,0,0,1,1,1,1,1,58,9,1998,2,17,FORD TRANSIT,4,W01001415,0,-1
2023131359835,2023,131359835,1,19,0,1,1,7,3,0,0,1,0,0,0,0,2,1,6,6,3,-1,-1,2198,2,9,FORD TRANSIT,-1,-1,0,-1
2023010482462,2023,010482462,1,19,0,18,19,5,1,0,0,3,0,0,0,0,1,1,1,1,1,35,6,1995,2,6,FORD TRANSIT,4,E01002103,0,-1
2023361307672,2023,361307672,1,10,0,18,19,7,3,0,0,1,1,0,0,0,1,1,1,1,2,64,9,2198,2,8,FORD TRANSIT,7,E01026669,0,-1
2023320688583,2023,320688583,1,10,0,18,19,1,5,0,0,0,0,0,0,0,1,1,1,1,1,64,9,1995,2,1,FORD TRANSIT,4,E01026079,0,-1
2023631361779,2023,631361779,1,19,0,6,6,1,5,8,6,0,0,0,0,0,1,1,1,1,1,28,6,1995,2,0,FORD TRANSIT,8,W01000439,0,-1
2023201332482,2023,201332482,1,19,0,13,13,5,5,0,0,8,0,0,7,0,4,1,5,6,1,41,7,2198,2,11,FORD TRANSIT,2,E01010400,0,-1
2023461268009,2023,461268009,3,90,0,18,19,1,5,0,0,0,0,0,0,0,2,1,1,1,1,52,8,-1,-1,-1,FORD TRANSIT,4,E01016067,0,-1
2023451341133,2023,451341133,1,19,0,2,2,1,5,0,0,1,0,0,0,0,2,1,1,1,1,33,6,1995,2,6,FORD TRANSIT,5,E01030786,0,-1
2023471364371,2023,471364371,2,19,0,18,19,2,6,0,0,1,0,0,0,0,2,1,1,1,1,35,6,-1,-1,-1,FORD TRANSIT,4,E01031785,0,-1
2023991283314,2023,991283314,2,19,0,18,19,7,3,0,0,1,0,0,7,11,1,1,6,6,1,44,7,2198,2,11,FORD TRANSIT,2,-1,0,-1
2023440047805,2023,440047805,2,19,5,16,19,4,8,0,0,0,0,0,0,0,1,1,6,6,3,-1,-1,2198,2,14,FORD TRANSIT,-1,-1,0,-1
2023552301343,2023,552301343,1,20,0,18,19,8,4,0,0,0,0,0,0,0,3,1,1,1,1,28,6,1995,2,5,FORD TRANSIT,5,E01020565,0,-1
2023461373779,2023,461373779,1,19,0,18,19,7,3,0,0,0,0,0,0,0,4,1,5,6,1,26,6,1995,2,1,FORD TRANSIT,3,E01016045,0,-1
2023461371420,2023,461371420,2,19,0,2,2,0,0,9,9,0,0,4,0,0,4,1,6,6,1,-1,-1,2198,2,11,FORD TRANSIT,5,E01024254,0,-1