collision_index,collision_year,collision_ref_no,vehicle_reference,vehicle_type,towing_and_articulation,vehicle_manoeuvre_historic,vehicle_manoeuvre,vehicle_direction_from,vehicle_direction_to,vehicle_location_restricted_lane_historic,vehicle_location_restricted_lane,junction_location,skidding_and_overturning,hit_object_in_carriageway,vehicle_leaving_carriageway,hit_object_off_carriageway,first_point_of_impact,vehicle_left_hand_drive,journey_purpose_of_driver_historic,journey_purpose_of_driver,sex_of_driver,age_of_driver,age_band_of_driver,engine_capacity_cc,propulsion_code,age_of_vehicle,generic_make_model,driver_imd_decile,lsoa_of_driver,escooter_flag,driver_distance_banding
2023430265493,2023,430265493,1,19,0,18,19,7,3,0,0,2,0,0,0,0,1,1,6,6,1,37,7,2198,2,13,FORD TRANSIT,8,E01016186,0,-1
2023111300468,2023,111300468,2,10,0,2,2,0,0,0,0,0,0,0,0,0,0,1,6,6,3,-1,-1,2198,2,10,FORD TRANSIT,-1,-1,0,-1
2023010447551,2023,010447551,1,20,0,18,19,1,5,0,0,0,0,0,0,0,0,1,1,1,1,55,8,1995,2,5,FORD TRANSIT,3,E01003264,0,-1
2023421292222,2023,421292222,1,19,0,18,19,5,1,0,0,0,1,0,4,0,4,1,6,6,1,35,6,1995,2,2,FORD TRANSIT,1,E01021990,0,-1
2023622300905,2023,622300905,2,19,0,16,19,7,4,0,0,1,1,0,0,0,1,1,1,1,1,26,6,2198,2,7,FORD TRANSIT,8,W01000933,0,-1
2023440450543,2023,440450543,2,19,0,2,2,0,0,0,0,0,0,0,0,0,2,1,6,6,3,-1,-1,1995,2,1,FORD TRANSIT,-1,-1,0,-1
202354B837223,2023,54B837223,2,20,0,3,3,7,3,0,0,0,0,0,0,0,2,1,1,1,1,40,7,-1,-1,-1,FORD TRANSIT,3,E01017239,0,-1
2023010468669,2023,010468669,2,19,0,99,99,9,9,99,99,9,9,99,9,99,9,9,6,6,3,-1,-1,2198,2,12,FORD TRANSIT,-1,-1,0,-1
2023010481231,2023,010481231,1,19,0,16,19,2,5,0,0,4,0,0,3,0,1,1,1,1,1,31,6,-1,3,0,FORD TRANSIT,7,E01003643,0,-1
2023421351981,2023,421351981,2,19,0,17,19,8,4,0,0,0,1,0,1,0,1,1,1,1,1,22,5,2198,2,10,FORD TRANSIT,8,E01021801,0,-1
2023421331238,2023,421331238,1,19,0,9,9,2,6,8,6,6,0,0,0,0,3,1,6,6,1,50,8,2198,2,9,FORD TRANSIT,5,E01021906,0,-1
2023461333497,2023,461333497,1,19,0,3,3,7,3,0,0,0,0,0,0,0,1,1,2,2,1,24,5,1995,2,1,FORD TRANSIT,10,E01016091,0,-1
2023221289592,2023,221289592,1,19,0,16,19,6,1,0,0,0,0,0,0,0,1,1,1,1,1,31,6,1995,2,1,FORD TRANSIT,7,E01013988,0,-1
2023041372318,2023,041372318,1,19,0,18,19,-1,-1,0,0,1,0,0,0,0,4,1,6,6,1,30,6,1995,2,2,FORD TRANSIT,1,E01025084,0,-1
2023070991607,2023,070991607,1,20,0,4,4,7,3,0,0,8,0,0,0,11,1,1,2,2,1,37,7,2402,2,22,FORD TRANSIT,2,E01012406,0,-1
2023520301255,2023,520301255,1,19,0,18,19,4,8,0,0,0,0,0,0,0,4,1,1,1,1,29,6,2198,2,7,FORD TRANSIT,5,E01029200,0,-1
2023451317289,2023,451317289,2,20,0,1,1,7,3,0,0,0,0,0,0,0,2,1,6,6,1,30,6,1995,2,6,FORD TRANSIT,-1,-1,0,-1
2023501362185,2023,501362185,1,19,0,5,5,4,8,0,0,0,0,0,0,0,2,1,5,6,1,25,5,1995,2,4,FORD TRANSIT,4,E01015175,0,-1
2023141277711,2023,141277711,1,19,0,4,4,8,3,0,0,3,0,0,0,0,1,1,1,1,1,56,9,1995,2,2,FORD TRANSIT,3,E01007368,0,-1
2023440057251,2023,440057251,1,19,0,18,19,1,5,0,0,0,0,0,0,0,1,1,6,6,1,35,6,2198,2,14,FORD TRANSIT,1,E01017112,0,-1
2023631320873,2023,631320873,1,19,0,13,13,6,2,0,0,0,0,0,7,10,1,1,2,2,1,31,6,2198,2,8,FORD TRANSIT,4,W01000516,0,-1
2023461328190,2023,461328190,1,19,0,18,19,3,7,0,0,0,0,0,0,0,1,1,6,6,1,-1,-1,1995,2,3,FORD TRANSIT,7,E01000438,0,-1
2023471352666,2023,471352666,1,20,0,9,9,6,3,0,0,6,0,0,0,0,1,1,1,1,1,52,8,1995,2,0,FORD TRANSIT,3,E01022914,0,-1
2023622300326,2023,622300326,2,20,0,18,19,6,2,0,0,0,0,0,0,0,1,1,6,6,1,38,7,-1,-1,-1,FORD TRANSIT,6,W01001058,0,-1
2023451355949,2023,451355949,2,19,0,18,19,3,1,0,0,1,0,0,0,0,1,1,1,1,1,52,8,2198,2,12,FORD TRANSIT,-1,-1,0,-1
2023010423775,2023,010423775,1,19,3,17,19,7,3,0,0,1,0,0,0,0,1,1,1,1,1,45,7,2198,2,13,FORD TRANSIT,4,E01001478,0,-1
2023141312192,2023,141312192,1,19,0,18,19,7,3,0,0,1,0,0,0,0,4,1,5,6,1,76,11,1998,2,22,FORD TRANSIT,3,E01007550,0,-1
2023440457342,2023,440457342,1,19,0,18,19,2,6,0,0,1,0,0,0,0,1,1,2,2,1,26,6,1995,2,6,FORD TRANSIT,3,E01015283,0,-1
2023141325451,2023,141325451,2,19,0,9,9,3,7,0,0,0,5,0,6,0,2,1,1,1,1,27,6,2198,2,8,FORD TRANSIT,2,E01007349,0,-1
2023544297123,2023,544297123,3,19,0,2,2,0,0,0,0,1,0,0,0,0,3,1,6,6,1,55,8,1995,2,1,FORD TRANSIT,1,E01015507,0,-1
2023461368764,2023,461368764,1,19,0,18,19,7,3,0,0,1,0,0,0,0,1,1,1,1,1,-1,-1,1995,2,3,FORD TRANSIT,-1,-1,0,-1
2023311348248,2023,311348248,3,19,0,10,10,3,1,0,0,1,0,0,0,0,4,1,1,1,1,20,4,1995,2,3,FORD TRANSIT,1,E01013820,0,-1
2023991302878,2023,991302878,2,19,0,2,2,0,0,0,0,0,0,0,0,0,4,1,1,1,1,35,6,2198,2,8,FORD TRANSIT,3,-1,0,-1
2023031373936,2023,031373936,2,19,0,18,19,5,5,0,0,0,0,4,0,0,1,1,1,1,1,54,8,1995,2,2,FORD TRANSIT,-1,-1,0,-1
2023010467030,2023,010467030,2,19,0,99,99,9,9,99,99,9,9,99,9,99,9,9,6,6,3,-1,-1,1995,2,5,FORD TRANSIT,-1,-1,0,-1
2023131303661,2023,131303661,2,19,0,18,19,3,7,0,0,1,0,0,0,0,1,1,2,2,1,72,10,2198,2,13,FORD TRANSIT,1,E01010826,0,-1
2023461334227,2023,461334227,1,19,0,18,19,3,7,0,0,0,0,0,0,0,2,1,6,6,1,-1,-1,1995,2,4,FORD TRANSIT,7,E01024333,0,-1
2023320614702,2023,320614702,2,19,0,18,19,3,7,0,0,0,2,0,1,9,3,1,2,2,1,51,8,1995,2,1,FORD TRANSIT,4,E01026060,0,-1
2023451276228,2023,451276228,3,19,0,18,19,5,1,0,0,0,0,0,0,0,3,1,6,6,1,28,6,1995,2,1,FORD TRANSIT,8,E01030562,0,-1
2023520300863,2023,520300863,1,19,0,18,19,2,6,0,0,0,0,0,0,0,4,1,6,6,1,48,8,2402,2,15,FORD TRANSIT,-1,-1,0,-1
2023481359174,2023,481359174,1,20,0,9,9,3,1,0,0,8,0,0,0,0,4,1,1,1,1,40,7,-1,-1,-1,FORD TRANSIT,-1,-1,0,-1
2023552400212,2023,552400212,3,19,0,18,19,1,5,0,0,0,0,0,0,0,2,1,1,1,1,53,8,1995,2,2,FORD TRANSIT,2,E01020575,0,-1
2023031285933,2023,031285933,2,19,0,17,19,3,7,0,0,0,0,0,0,0,1,1,1,1,1,36,7,1995,2,3,FORD TRANSIT,6,E01019346,0,-1
2023371291374,2023,371291374,3,19,0,18,19,1,5,0,0,0,0,0,0,0,1,1,1,1,1,25,5,2198,2,15,FORD TRANSIT,3,E01021687,0,-1
2023141297574,2023,141297574,2,19,0,7,7,1,3,0,0,1,0,0,0,0,1,1,6,6,1,-1,-1,2496,2,27,FORD TRANSIT,-1,-1,0,-1
2023122301141,2023,122301141,1,19,0,4,4,6,2,0,0,7,0,0,0,0,1,1,6,6,1,27,6,2402,2,12,FORD TRANSIT,5,E01027785,0,-1
202360A156311,2023,60A156311,2,19,0,2,2,0,0,9,9,0,0,0,0,0,0,1,6,6,1,-1,-1,1995,2,0,FORD TRANSIT,-1,-1,0,-1
2023031290456,2023,031290456,2,19,-1,18,19,7,3,0,0,1,0,0,0,0,2,1,6,6,1,37,7,2198,2,12,FORD TRANSIT,6,E01019178,0,-1
2023031371907,2023,031371907,1,19,0,5,5,5,1,0,0,1,0,0,0,0,1,1,6,6,1,41,7,2198,2,15,FORD TRANSIT,2,E01019109,0,-1
2023411325599,2023,411325599,1,19,0,18,19,3,7,0,0,4,5,0,1,0,1,1,2,2,1,28,6,1995,2,6,FORD TRANSIT,4,E01023779,0,-1
2023041341443,2023,041341443,1,19,0,9,9,3,7,0,0,5,0,0,0,0,4,1,1,1,1,29,6,2402,2,18,FORD TRANSIT,1,E01025136,0,-1
2023122300892,2023,122300892,1,19,0,2,2,0,0,0,0,0,0,0,0,0,3,1,6,6,1,59,9,2198,2,15,FORD TRANSIT,5,E01033069,0,-1
2023302301951,2023,302301951,2,19,0,2,2,0,0,0,0,2,0,4,0,0,2,1,6,6,3,-1,-1,2198,2,16,FORD TRANSIT,-1,-1,0,-1
2023461331258,2023,461331258,1,19,0,18,19,3,7,0,0,8,0,0,0,0,1,1,6,6,3,-1,-1,2402,2,14,FORD TRANSIT,-1,-1,0,-1
2023501360176,2023,501360176,3,19,0,10,10,5,1,0,0,1,0,0,0,0,2,1,1,1,1,39,7,1995,2,1,FORD TRANSIT,5,E01019924,0,-1
2023471390351,2023,471390351,1,19,0,18,19,1,5,0,0,8,0,0,0,0,1,1,1,1,1,29,6,1995,2,1,FORD TRANSIT,4,E01031596,0,-1
2023010440193,2023,010440193,2,90,0,99,99,9,9,99,99,9,9,99,9,99,0,9,6,6,3,-1,-1,1995,2,0,FORD TRANSIT,-1,-1,0,-1
2023545955723,2023,545955723,1,19,0,18,19,3,7,0,0,1,0,0,0,0,3,1,2,2,1,59,9,2198,2,8,FORD TRANSIT,9,E01031965,0,-1
2023010486565,2023,010486565,2,19,0,5,5,3,7,0,0,2,0,0,0,0,1,1,2,2,1,23,5,1995,2,0,FORD TRANSIT,1,E01004340,0,-1
2023451383706,2023,451383706,2,19,0,2,2,6,2,9,9,0,0,0,0,0,3,1,1,1,2,21,5,1995,2,2,FORD TRANSIT,3,E01001171,0,-1
2023221334429,2023,221334429,1,19,0,18,19,6,2,0,0,0,0,0,0,0,1,1,6,6,1,21,5,2198,2,12,FORD TRANSIT,5,E01022244,0,-1
2023061348242,2023,061348242,2,19,0,18,19,3,7,0,0,0,0,0,0,0,2,1,2,2,1,54,8,2198,2,8,FORD TRANSIT,5,E01010633,0,-1
202360A072517,2023,60A072517,1,19,0,3,3,2,6,0,0,0,0,0,0,0,1,1,2,2,1,51,8,2198,2,8,FORD TRANSIT,-1,-1,0,-1
2023201278594,2023,201278594,3,19,0,18,19,4,8,0,0,0,0,0,0,0,1,1,6,6,2,52,8,2198,2,15,FORD TRANSIT,2,E01009100,0,-1
2023211285570,2023,211285570,1,10,0,2,2,0,0,0,0,1,0,0,0,0,2,1,5,6,1,60,9,2402,2,13,FORD TRANSIT,6,E01014270,0,-1
2023361338291,2023,361338291,1,19,0,6,6,1,1,0,0,0,0,0,7,0,3,1,1,1,1,36,7,2198,2,10,FORD TRANSIT,4,E01026679,0,-1
2023421374196,2023,421374196,2,20,0,2,2,6,2,0,0,0,1,0,0,0,2,1,6,6,3,-1,-1,2402,2,12,FORD TRANSIT,-1,-1,0,-1
2023351383779,2023,351383779,1,19,0,18,19,6,2,0,0,0,1,0,0,0,1,1,1,1,1,21,5,2198,2,11,FORD TRANSIT,2,E01026821,0,-1
2023010428989,2023,010428989,1,19,0,1,1,1,5,0,0,0,0,0,0,0,2,1,2,2,1,42,7,1995,2,4,FORD TRANSIT,7,E01004499,0,-1
2023161377381,2023,161377381,2,19,0,7,7,6,8,0,0,4,0,0,0,0,1,1,6,6,1,51,8,2198,2,7,FORD TRANSIT,5,E01027828,0,-1
2023122400064,2023,122400064,1,19,0,9,9,3,1,0,0,0,0,0,0,0,1,1,1,1,3,-1,-1,1995,2,1,FORD TRANSIT,-1,-1,0,-1
2023131344719,2023,131344719,2,19,0,13,13,5,7,0,0,3,0,0,1,0,3,1,2,2,1,49,8,2402,2,19,FORD TRANSIT,4,E01011858,0,-1
2023010484601,2023,010484601,2,19,0,18,19,5,1,0,0,8,0,0,0,0,4,1,1,1,1,32,6,1995,2,0,FORD TRANSIT,5,E01016233,0,-1
2023451273718,2023,451273718,1,19,0,18,19,7,3,0,0,1,0,0,0,0,1,1,6,6,1,35,6,2402,2,12,FORD TRANSIT,-1,-1,0,-1
2023070725850,2023,070725850,4,19,0,3,3,1,5,0,0,1,0,0,0,0,2,1,2,2,1,26,6,1995,2,1,FORD TRANSIT,8,W01000294,0,-1
2023991307644,2023,991307644,1,19,0,18,19,5,1,0,0,0,0,0,0,0,1,1,1,1,1,23,5,1995,2,1,FORD TRANSIT,9,-1,0,-1
2023010475466,2023,010475466,2,19,0,18,19,3,7,0,0,8,1,0,1,7,1,1,6,6,1,33,6,2198,2,16,FORD TRANSIT,2,E01002804,0,-1
2023471287524,2023,471287524,2,19,0,17,19,2,4,0,0,0,0,0,0,0,3,1,1,1,1,29,6,1995,2,4,FORD TRANSIT,3,E01031787,0,-1
2023991274496,2023,991274496,1,19,0,17,19,7,3,0,0,0,2,0,1,4,1,1,1,1,1,34,6,1995,2,1,FORD TRANSIT,9,-1,0,-1
2023010458049,2023,010458049,3,19,0,18,19,5,1,0,0,1,0,0,0,0,1,1,6,6,1,33,6,2198,2,11,FORD TRANSIT,5,E01002449,0,-1
2023211378815,2023,211378815,1,19,0,18,19,5,1,0,0,0,0,0,0,0,3,1,6,6,1,50,8,2402,2,12,FORD TRANSIT,-1,-1,0,-1
2023010485276,2023,010485276,2,20,0,18,19,5,1,0,0,0,0,0,0,0,1,1,6,6,3,39,7,-1,-1,-1,FORD TRANSIT,3,E01003728,0,-1
2023211272852,2023,211272852,1,19,0,18,19,4,8,0,0,8,0,0,7,0,4,1,2,2,1,75,10,1998,2,18,FORD TRANSIT,2,E01010068,0,-1
2023010470736,2023,010470736,2,19,0,99,99,9,9,99,99,9,9,99,9,99,1,9,1,1,1,-1,-1,1995,2,5,FORD TRANSIT,2,E01002708,0,-1
2023430159391,2023,430159391,1,19,0,9,9,8,6,0,0,6,0,0,0,0,3,1,6,6,1,40,7,2198,2,9,FORD TRANSIT,-1,-1,0,-1
2023161353710,2023,161353710,1,19,0,18,19,4,8,0,0,0,0,0,0,0,3,1,1,1,1,33,6,1995,2,2,FORD TRANSIT,7,E01013124,0,-1
2023161282473,2023,161282473,1,19,0,18,19,7,3,0,0,0,0,0,0,0,3,1,6,6,2,41,7,2402,2,18,FORD TRANSIT,6,E01012953,0,-1
2023371339690,2023,371339690,2,19,0,4,4,5,1,0,0,0,0,0,0,0,3,1,1,1,1,24,5,1995,2,2,FORD TRANSIT,3,E01029968,0,-1
2023201400607,2023,201400607,1,19,0,1,1,1,6,0,0,5,0,0,0,0,2,1,1,1,1,-1,-1,-1,3,1,FORD TRANSIT,-1,-1,0,-1
2023010443763,2023,010443763,1,19,0,18,19,1,5,0,0,2,0,0,0,0,4,1,1,1,1,49,8,1995,2,6,FORD TRANSIT,7,E01001535,0,-1
2023010420197,2023,010420197,2,19,0,3,3,5,1,0,0,1,0,0,0,0,2,1,6,6,1,31,6,1995,2,1,FORD TRANSIT,7,E01023531,0,-1
2023010476971,2023,010476971,2,19,0,99,99,9,9,99,99,0,9,99,9,99,2,9,6,6,3,-1,-1,2402,2,19,FORD TRANSIT,-1,-1,0,-1
2023131271983,2023,131271983,1,19,0,18,19,1,2,0,0,8,0,0,1,4,1,1,1,1,1,46,8,1995,2,5,FORD TRANSIT,7,E01011112,0,-1
2023010438191,2023,010438191,3,19,0,18,19,1,5,0,0,0,0,0,0,0,1,1,1,1,1,42,7,1995,2,2,FORD TRANSIT,6,E01002296,0,-1
2023991293312,2023,991293312,1,19,0,9,9,3,8,0,0,8,0,0,0,0,1,1,1,1,1,28,6,1995,2,1,FORD TRANSIT,-1,-1,0,-1
2023010437079,2023,010437079,2,19,0,99,99,9,9,99,99,9,9,99,9,99,2,9,6,6,3,-1,-1,2402,2,16,FORD TRANSIT,3,E01001467,0,-1
2023311265409,2023,311265409,1,19,0,1,1,0,4,0,0,1,0,0,0,0,0,1,6,6,1,38,7,1995,2,6,FORD TRANSIT,1,E01013722,0,-1
2023101291100,2023,101291100,2,19,0,18,19,5,1,0,0,0,0,0,0,0,1,1,2,2,1,39,7,2198,2,7,FORD TRANSIT,3,E01008506,0,-1
2023501318763,2023,501318763,1,19,0,18,19,6,8,0,0,0,2,0,2,10,1,1,1,1,1,28,6,1995,2,1,FORD TRANSIT,1,E01029046,0,-1
2023451300629,2023,451300629,3,19,0,18,19,7,3,0,0,0,0,0,0,0,1,1,6,6,1,29,6,2402,2,12,FORD TRANSIT,7,E01003815,0,-1
2023461264675,2023,461264675,2,19,0,2,2,0,0,6,6,0,0,4,0,0,2,1,1,1,1,40,7,2402,2,14,FORD TRANSIT,6,E01024034,0,-1
2023522301477,2023,522301477,2,19,0,18,19,2,6,0,0,0,0,0,0,0,1,1,6,6,1,33,6,2198,2,7,FORD TRANSIT,9,E01014853,0,-1
2023010455806,2023,010455806,1,19,0,4,4,1,5,0,0,2,0,0,0,0,1,1,1,1,1,37,7,1995,2,4,FORD TRANSIT,4,E01015948,0,-1
2023131357003,2023,131357003,2,19,0,18,19,5,1,0,0,1,0,0,0,0,1,1,5,6,1,30,6,1995,2,2,FORD TRANSIT,2,E01010682,0,-1
2023201283973,2023,201283973,2,19,0,5,5,2,8,0,0,6,0,0,0,0,1,1,6,6,1,28,6,2198,2,13,FORD TRANSIT,1,E01010485,0,-1
2023320345615,2023,320345615,1,19,0,9,9,6,5,0,0,8,0,0,0,0,3,1,1,1,1,33,6,1995,2,6,FORD TRANSIT,8,E01007485,0,-1
2023421365104,2023,421365104,1,19,0,17,19,6,1,0,0,0,1,0,1,4,1,1,1,1,1,46,8,1995,2,6,FORD TRANSIT,5,E01002114,0,-1
2023991351277,2023,991351277,1,19,0,7,7,2,4,0,0,6,0,0,0,0,1,1,1,1,1,49,8,2198,2,8,FORD TRANSIT,5,-1,0,-1
2023010434654,2023,010434654,2,19,0,99,99,9,9,99,99,0,9,99,9,99,9,9,6,6,3,-1,-1,1995,2,5,FORD TRANSIT,-1,-1,0,-1
2023201419979,2023,201419979,1,19,0,4,4,2,6,0,0,0,0,0,0,0,1,1,1,1,1,34,6,-1,3,1,FORD TRANSIT,3,E01009221,0,-1
2023991389421,2023,991389421,2,19,0,18,19,5,1,0,0,0,0,0,0,0,1,1,5,6,1,59,9,2198,2,11,FORD TRANSIT,4,-1,0,-1
2023010464662,2023,010464662,1,19,0,1,1,5,1,0,0,1,0,0,0,0,2,1,1,1,1,24,5,1995,2,4,FORD TRANSIT,1,E01027199,0,-1
2023010439373,2023,010439373,2,19,9,99,99,9,9,99,99,9,9,99,9,99,9,9,6,6,3,-1,-1,1995,2,6,FORD TRANSIT,-1,-1,0,-1
2023451307472,2023,451307472,2,19,0,2,2,0,0,9,9,0,0,0,0,0,2,1,2,2,1,35,6,1995,2,6,FORD TRANSIT,7,E01004175,0,-1
2023440355390,2023,440355390,3,19,0,3,3,3,7,0,0,0,0,0,0,0,1,1,6,6,1,33,6,1995,2,2,FORD TRANSIT,2,E01017265,0,-1
2023201307954,2023,201307954,1,19,0,18,19,2,6,0,0,0,0,0,0,0,1,1,6,6,1,35,6,2198,2,16,FORD TRANSIT,-1,-1,0,-1
2023131370047,2023,131370047,2,19,0,2,2,8,4,0,0,0,0,0,0,0,2,1,6,6,3,-1,-1,2402,2,12,FORD TRANSIT,-1,-1,0,-1
2023461284829,2023,461284829,3,19,0,3,3,3,7,0,0,0,0,0,0,0,2,1,6,6,1,-1,-1,1995,2,2,FORD TRANSIT,-1,-1,0,-1
2023531346983,2023,531346983,2,19,0,18,19,7,3,0,0,2,0,0,0,0,2,1,1,1,1,32,6,2198,2,10,FORD TRANSIT,4,E01014946,0,-1
2023501282975,2023,501282975,2,19,0,2,2,3,7,0,0,0,0,0,0,0,2,1,6,6,1,29,6,2402,2,22,FORD TRANSIT,6,E01022267,0,-1
2023221368922,2023,221368922,1,19,0,18,19,5,1,0,0,8,0,0,0,0,1,1,1,1,1,52,8,1995,2,2,FORD TRANSIT,4,E01028944,0,-1
2023351303876,2023,351303876,2,19,0,4,4,7,3,0,0,0,0,0,0,0,2,1,1,1,1,35,6,1995,2,1,FORD TRANSIT,1,E01010141,0,-1
2023411394818,2023,411394818,1,19,0,18,19,6,2,0,0,0,0,7,1,6,4,1,1,1,1,58,9,2402,2,20,FORD TRANSIT,6,E01030555,0,-1
2023320351028,2023,320351028,3,19,0,18,19,4,8,0,0,0,0,0,0,0,1,1,6,6,1,23,5,1995,2,0,FORD TRANSIT,2,E01026382,0,-1
2023471364020,2023,471364020,1,19,0,1,1,2,8,0,0,6,0,0,0,0,2,1,6,6,1,58,9,1995,2,2,FORD TRANSIT,1,E01016867,0,-1
2023010425099,2023,010425099,2,10,9,99,99,9,9,99,99,6,9,99,9,99,9,9,6,6,3,-1,-1,2198,2,8,FORD TRANSIT,-1,-1,0,-1
2023161356893,2023,161356893,2,10,0,10,10,2,1,0,0,0,0,0,0,0,1,1,1,1,1,-1,-1,2198,2,11,FORD TRANSIT,-1,-1,0,-1
2023010455802,2023,010455802,3,19,0,5,5,1,5,0,0,1,0,4,1,0,4,1,2,2,1,64,9,1995,2,7,FORD TRANSIT,9,E01002164,0,-1
2023010464052,2023,010464052,1,19,0,18,19,3,7,0,0,0,0,0,0,0,3,1,1,1,1,40,7,2198,2,8,FORD TRANSIT,3,E01002932,0,-1
2023451334115,2023,451334115,1,19,0,18,19,5,1,0,0,1,0,0,0,0,4,1,2,2,1,24,5,2198,2,14,FORD TRANSIT,10,E01016635,0,-1
2023010437417,2023,010437417,2,19,0,99,99,9,9,99,99,9,9,99,9,99,9,9,6,6,3,-1,-1,1995,2,5,FORD TRANSIT,4,E01001711,0,-1
2023991288330,2023,991288330,1,19,0,14,14,5,1,0,0,1,0,0,0,0,1,1,1,1,1,22,5,1995,2,2,FORD TRANSIT,1,-1,0,-1
2023451316418,2023,451316418,2,19,0,3,3,7,3,0,0,0,0,0,0,0,2,1,1,1,1,31,6,2198,2,11,FORD TRANSIT,4,E01030433,0,-1
2023302300816,2023,302300816,2,19,0,13,13,4,8,0,0,0,0,0,0,0,1,1,1,1,1,24,5,2198,2,9,FORD TRANSIT,4,E01019503,0,-1
2023041315122,2023,041315122,2,19,0,9,9,1,3,0,0,1,0,0,0,0,3,1,5,6,1,57,9,1995,2,1,FORD TRANSIT,1,E01025215,0,-1
2023070885069,2023,070885069,2,19,0,18,19,5,2,0,0,0,0,0,0,0,1,1,1,1,1,29,6,1995,2,0,FORD TRANSIT,1,E01012430,0,-1
2023421311900,2023,421311900,2,19,0,2,2,5,1,9,9,0,0,0,0,0,1,1,6,6,3,-1,-1,2402,2,19,FORD TRANSIT,-1,-1,0,-1
2023141389802,2023,141389802,1,19,0,18,19,7,3,0,0,0,0,0,0,0,4,1,1,1,1,31,6,2198,2,11,FORD TRANSIT,8,E01007524,0,-1
2023010444470,2023,010444470,2,19,0,99,99,9,9,99,99,9,9,99,9,99,1,9,6,6,3,-1,-1,1995,2,4,FORD TRANSIT,-1,-1,0,-1
2023371375346,2023,371375346,1,20,0,11,11,-1,-1,0,0,0,0,0,0,0,4,1,2,2,1,25,5,-1,-1,-1,FORD TRANSIT,7,E01030171,0,-1
2023461336204,2023,461336204,2,19,0,18,19,5,1,0,0,0,0,0,0,0,1,1,6,6,1,46,8,1995,2,4,FORD TRANSIT,6,E01024628,0,-1
2023201387924,2023,201387924,1,19,0,18,19,2,6,0,0,0,0,0,0,0,1,1,6,6,1,51,8,2198,2,10,FORD TRANSIT,3,E01008953,0,-1
2023052301968,2023,052301968,1,20,0,4,4,1,5,0,0,1,0,0,0,0,1,1,6,6,1,46,8,2402,2,16,FORD TRANSIT,3,E01006717,0,-1
2023010447419,2023,010447419,2,19,0,18,19,3,7,0,0,2,0,0,0,0,3,1,6,6,1,51,8,2198,2,15,FORD TRANSIT,4,E01003062,0,-1
2023351347471,2023,351347471,2,19,0,4,4,7,3,0,0,0,0,0,0,0,1,1,1,1,1,27,6,1995,2,1,FORD TRANSIT,6,E01018098,0,-1
2023161351347,2023,161351347,2,19,0,18,19,1,5,0,0,4,0,0,0,0,1,1,6,6,1,-1,-1,1995,2,3,FORD TRANSIT,-1,-1,0,-1
2023371341257,2023,371341257,1,19,0,1,1,3,7,0,0,0,0,0,0,0,2,1,1,1,1,44,7,1995,2,2,FORD TRANSIT,1,E01026622,0,-1
2023361330095,2023,361330095,1,19,0,1,1,7,3,0,0,0,0,0,0,0,2,1,1,1,1,62,9,1995,2,1,FORD TRANSIT,2,E01026818,0,-1
2023010428048,2023,010428048,1,19,9,99,99,9,9,99,99,0,9,99,9,99,9,9,6,6,1,32,6,2198,2,6,FORD TRANSIT,8,E01024133,0,-1
2023552301104,2023,552301104,2,19,0,2,2,0,0,0,0,0,0,0,0,0,1,1,6,6,3,-1,-1,2198,2,16,FORD TRANSIT,-1,-1,0,-1
2023451332276,2023,451332276,1,19,0,18,19,5,1,0,0,0,0,0,0,0,1,1,1,1,1,43,7,1995,2,5,FORD TRANSIT,10,E01030365,0,-1
2023361349286,2023,361349286,2,19,0,17,19,3,7,0,0,0,0,0,0,0,3,1,2,2,1,41,7,1995,2,4,FORD TRANSIT,7,E01026421,0,-1
2023010468271,2023,010468271,7,19,0,2,2,0,0,0,0,2,0,0,0,0,1,1,6,6,3,-1,-1,1995,2,2,FORD TRANSIT,-1,-1,0,-1
2023451330296,2023,451330296,1,19,0,16,19,5,1,0,0,0,0,0,0,0,1,1,1,1,1,21,5,1995,2,2,FORD TRANSIT,4,E01022484,0,-1
2023461380812,2023,461380812,1,19,0,18,19,3,7,0,0,0,5,11,0,0,3,1,5,6,1,34,6,1995,2,1,FORD TRANSIT,4,E01024593,0,-1
2023010486530,2023,010486530,1,19,0,6,6,5,5,0,0,2,0,0,0,0,3,1,1,1,1,38,7,2402,2,19,FORD TRANSIT,4,E01023906,0,-1
2023501301762,2023,501301762,1,19,0,18,19,1,5,0,0,0,0,0,0,0,1,1,6,6,1,43,7,1995,2,1,FORD TRANSIT,2,E01015074,0,-1
2023161321272,2023,161321272,2,19,0,16,19,3,7,0,0,0,0,0,0,0,1,1,6,6,1,-1,-1,2402,2,19,FORD TRANSIT,1,E01012932,0,-1
2023201302734,2023,201302734,2,19,0,6,6,-1,-1,0,0,1,0,0,0,0,1,1,6,6,3,-1,-1,2198,2,10,FORD TRANSIT,-1,-1,0,-1
2023430541188,2023,430541188,1,19,0,18,19,7,3,0,0,1,0,0,0,0,3,1,6,6,1,45,7,1998,2,20,FORD TRANSIT,7,E01017705,0,-1