collision_index,collision_year,collision_ref_no,vehicle_reference,vehicle_type,towing_and_articulation,vehicle_manoeuvre_historic,vehicle_manoeuvre,vehicle_direction_from,vehicle_direction_to,vehicle_location_restricted_lane_historic,vehicle_location_restricted_lane,junction_location,skidding_and_overturning,hit_object_in_carriageway,vehicle_leaving_carriageway,hit_object_off_carriageway,first_point_of_impact,vehicle_left_hand_drive,journey_purpose_of_driver_historic,journey_purpose_of_driver,sex_of_driver,age_of_driver,age_band_of_driver,engine_capacity_cc,propulsion_code,age_of_vehicle,generic_make_model,driver_imd_decile,lsoa_of_driver,escooter_flag,driver_distance_banding
2023501362250,2023,501362250,2,19,0,18,19,8,4,0,0,1,0,0,0,0,1,1,1,1,1,42,7,2402,2,19,FORD TRANSIT,8,E01020061,0,-1
2023461280713,2023,461280713,1,19,0,18,19,5,1,0,0,0,0,0,0,0,1,1,6,6,1,50,8,2402,2,12,FORD TRANSIT,3,E01016150,0,-1
2023991294601,2023,991294601,2,19,0,9,9,6,4,0,0,5,0,0,0,0,3,1,2,2,1,42,7,2402,2,16,FORD TRANSIT,-1,-1,0,-1
2023320729502,2023,320729502,1,19,0,18,19,8,4,0,0,0,0,0,0,0,1,1,2,2,1,25,5,1995,2,5,FORD TRANSIT,4,E01026067,0,-1
2023421383256,2023,421383256,1,19,0,18,19,3,7,0,0,0,0,0,0,0,1,1,6,6,1,53,8,1995,2,5,FORD TRANSIT,4,E01021309,0,-1
2023461286675,2023,461286675,1,19,0,5,5,5,8,0,0,0,0,0,0,0,4,1,1,1,1,-1,-1,1995,2,6,FORD TRANSIT,9,E01021115,0,-1
2023010483304,2023,010483304,1,19,0,18,19,3,7,0,0,1,0,0,0,0,1,1,1,1,1,60,9,1995,2,2,FORD TRANSIT,3,E01021490,0,-1
2023010443830,2023,010443830,3,19,0,7,7,3,6,0,0,6,0,0,1,11,3,1,1,1,1,53,8,1995,2,1,FORD TRANSIT,1,E01004241,0,-1
2023010483405,2023,010483405,2,19,0,7,7,2,5,0,0,1,0,0,0,0,1,1,1,1,1,19,4,2198,2,6,FORD TRANSIT,3,E01001434,0,-1
2023440509418,2023,440509418,1,19,0,18,19,1,5,0,0,0,0,0,0,0,2,1,2,2,1,52,8,2198,2,12,FORD TRANSIT,6,E01017018,0,-1
2023531341214,2023,531341214,1,19,0,18,19,3,7,0,0,0,0,0,0,0,2,1,6,6,1,-1,-1,1995,2,3,FORD TRANSIT,6,E01032934,0,-1
2023991356242,2023,991356242,2,19,0,17,19,8,4,0,0,0,0,0,0,0,3,1,2,2,1,28,6,1995,2,3,FORD TRANSIT,6,-1,0,-1
2023041387896,2023,041387896,3,19,0,3,3,7,3,0,0,1,0,0,0,0,3,1,5,6,1,53,8,2198,2,10,FORD TRANSIT,5,E01012664,0,-1
2023471390016,2023,471390016,1,19,0,18,19,6,2,0,0,2,0,0,0,0,3,1,5,6,1,31,6,1998,2,17,FORD TRANSIT,6,E01031688,0,-1
2023991323575,2023,991323575,1,19,0,9,9,1,7,0,0,6,0,0,0,0,1,1,1,1,1,48,8,1995,2,2,FORD TRANSIT,4,-1,0,-1
2023161339575,2023,161339575,2,19,0,4,4,8,5,0,0,1,0,0,0,0,1,1,2,2,1,29,6,1995,2,1,FORD TRANSIT,5,E01012756,0,-1
2023061374061,2023,061374061,2,19,0,2,2,0,0,0,0,0,1,0,0,0,4,1,1,1,1,36,7,1995,2,0,FORD TRANSIT,1,E01018520,0,-1
2023471277254,2023,471277254,2,19,0,18,19,2,6,0,0,0,0,0,0,0,1,1,1,1,1,29,6,1995,2,3,FORD TRANSIT,8,E01003420,0,-1
2023991388774,2023,991388774,1,10,0,9,9,1,7,0,0,6,0,0,0,0,1,1,1,1,1,66,10,2198,2,7,FORD TRANSIT,10,-1,0,-1
2023010477502,2023,010477502,1,19,0,18,19,5,1,0,0,1,0,0,0,0,4,1,6,6,1,61,9,2402,2,15,FORD TRANSIT,4,E01003412,0,-1
2023461349681,2023,461349681,3,19,0,2,2,3,7,0,0,8,0,0,0,0,1,1,6,6,1,52,8,2198,2,16,FORD TRANSIT,7,E01024726,0,-1
2023061307500,2023,061307500,1,19,0,5,5,8,4,0,0,0,0,0,0,0,3,1,6,6,3,30,6,2198,2,8,FORD TRANSIT,-1,-1,0,-1
2023631379313,2023,631379313,2,19,0,2,2,0,0,0,0,8,0,0,0,0,0,1,6,6,3,-1,-1,2402,2,17,FORD TRANSIT,-1,-1,0,-1
2023991298236,2023,991298236,1,19,0,18,19,3,7,0,0,0,0,0,0,0,4,1,1,1,1,24,5,1995,2,2,FORD TRANSIT,-1,-1,0,-1
2023302300264,2023,302300264,1,19,0,9,9,2,6,0,0,8,0,0,0,0,3,1,2,2,1,41,7,2198,2,15,FORD TRANSIT,1,E01013573,0,-1
2023052302212,2023,052302212,1,19,0,9,9,1,2,0,0,5,0,0,0,0,1,1,1,1,1,65,9,-1,3,1,FORD TRANSIT,9,E01006597,0,-1
2023211333319,2023,211333319,3,19,0,4,4,8,4,0,0,1,0,0,0,0,2,1,1,1,1,42,7,2198,2,11,FORD TRANSIT,1,E01014218,0,-1
2023340WN4262,2023,340WN4262,1,19,0,18,19,7,3,0,0,0,0,0,0,0,1,1,1,1,1,29,6,2402,2,14,FORD TRANSIT,4,E01027171,0,-1
2023010439904,2023,010439904,2,20,9,99,99,9,9,99,99,9,9,99,9,99,2,9,6,6,3,-1,-1,1995,2,3,FORD TRANSIT,3,E01016154,0,-1
2023411293107,2023,411293107,1,19,0,5,5,8,4,0,0,5,0,0,0,0,2,1,1,1,1,26,6,2198,2,7,FORD TRANSIT,8,E01017383,0,-1
2023991279746,2023,991279746,1,19,0,5,5,3,7,0,0,6,0,0,0,0,3,1,1,1,1,57,9,1995,2,5,FORD TRANSIT,3,-1,0,-1
2023520400920,2023,520400920,2,19,0,18,19,6,2,0,0,8,0,0,0,0,4,1,6,6,1,24,5,1995,2,4,FORD TRANSIT,1,E01014689,0,-1
2023461370084,2023,461370084,1,19,0,18,19,5,1,0,0,0,0,0,0,0,1,1,6,6,1,-1,-1,1995,2,6,FORD TRANSIT,3,E01032830,0,-1
2023010423478,2023,010423478,3,19,0,4,4,1,5,0,0,1,0,0,0,0,1,1,1,1,1,23,5,1995,2,5,FORD TRANSIT,3,E01000088,0,-1
2023170S10353,2023,170S10353,2,19,0,4,4,4,8,0,0,0,0,0,0,0,2,1,1,1,1,45,7,2198,2,10,FORD TRANSIT,1,E01012094,0,-1
2023631384116,2023,631384116,2,19,0,18,19,7,3,0,0,0,0,0,0,0,1,1,2,2,2,29,6,2402,2,12,FORD TRANSIT,6,W01001906,0,-1
2023421371500,2023,421371500,1,19,0,-1,-1,-1,-1,-1,-1,0,-1,-1,-1,0,-1,1,6,6,1,44,7,2198,2,8,FORD TRANSIT,7,E01021613,0,-1
2023201379967,2023,201379967,1,20,0,5,5,2,6,0,0,8,0,7,0,0,3,1,1,1,1,54,8,1995,2,5,FORD TRANSIT,2,E01009877,0,-1
2023451372341,2023,451372341,1,19,0,18,19,3,7,0,0,0,0,11,0,0,1,1,1,1,1,25,5,1995,2,1,FORD TRANSIT,1,E01004204,0,-1
2023545060223,2023,545060223,1,19,0,18,19,1,5,0,0,0,0,0,0,0,1,1,1,1,1,42,7,1995,2,3,FORD TRANSIT,4,E01031936,0,-1
2023501296808,2023,501296808,2,19,0,4,4,4,8,0,0,1,0,0,0,0,2,1,6,6,1,34,6,1995,2,1,FORD TRANSIT,6,E01019891,0,-1
2023991291488,2023,991291488,2,19,0,18,19,3,7,0,0,0,1,0,7,0,1,1,5,6,1,40,7,1995,2,1,FORD TRANSIT,-1,-1,0,-1
202360A195241,2023,60A195241,1,19,0,18,19,7,3,0,0,1,0,0,0,0,1,1,6,6,1,30,6,2402,2,15,FORD TRANSIT,-1,-1,0,-1
2023052302449,2023,052302449,1,19,0,5,5,8,4,0,0,1,0,0,0,0,1,1,1,1,1,37,7,1995,2,3,FORD TRANSIT,2,E01006514,0,-1
2023501356243,2023,501356243,1,19,0,7,7,7,1,0,0,8,0,0,0,0,1,1,1,1,1,22,5,1995,2,2,FORD TRANSIT,6,E01020202,0,-1
2023052300409,2023,052300409,4,19,0,3,3,5,1,0,0,1,0,0,0,0,3,1,1,1,1,60,9,2198,2,16,FORD TRANSIT,1,E01007016,0,-1
2023320216978,2023,320216978,1,19,0,4,4,8,4,0,0,0,0,0,0,0,1,1,1,1,1,39,7,1995,2,4,FORD TRANSIT,-1,-1,0,-1
2023122300136,2023,122300136,2,19,0,3,3,5,1,0,0,1,0,0,0,0,2,1,1,1,1,25,5,1995,2,2,FORD TRANSIT,7,E01013396,0,-1
2023011394555,2023,011394555,1,19,0,18,19,1,5,0,0,3,0,0,0,0,1,1,6,6,3,-1,-1,2198,2,10,FORD TRANSIT,-1,-1,0,-1
2023501288110,2023,501288110,1,19,0,5,5,7,3,0,0,0,0,0,0,0,1,1,6,6,1,34,6,1995,2,5,FORD TRANSIT,1,E01015263,0,-1
2023552301252,2023,552301252,1,19,0,18,19,8,4,0,0,0,0,0,0,0,1,1,2,2,1,44,7,1995,2,1,FORD TRANSIT,1,E01015309,0,-1
2023010475315,2023,010475315,2,19,0,9,9,5,2,0,0,8,0,0,0,0,3,1,6,6,1,30,6,1995,2,6,FORD TRANSIT,4,E01003326,0,-1
2023010445175,2023,010445175,1,19,0,9,9,3,1,0,0,1,0,0,0,0,1,1,1,1,1,39,7,1995,2,6,FORD TRANSIT,3,E01004266,0,-1
2023041342763,2023,041342763,1,19,0,18,19,5,1,0,0,0,0,0,0,0,1,1,1,1,1,31,6,1995,2,3,FORD TRANSIT,9,E01018390,0,-1
2023440367757,2023,440367757,1,19,0,18,19,2,6,0,0,1,0,0,0,0,1,1,2,2,1,43,7,2198,2,15,FORD TRANSIT,3,E01020789,0,-1
2023991301193,2023,991301193,1,19,0,16,19,2,6,0,0,0,0,0,0,0,3,1,6,6,2,33,6,2198,2,12,FORD TRANSIT,2,-1,0,-1
2023041293730,2023,041293730,2,19,0,18,19,6,2,0,0,1,0,0,0,0,1,1,2,2,1,64,9,2198,2,11,FORD TRANSIT,8,E01025348,0,-1
2023010455624,2023,010455624,1,19,0,6,6,4,4,9,9,0,0,0,1,0,4,1,1,1,1,37,7,1995,2,4,FORD TRANSIT,2,E01000599,0,-1
2023111382537,2023,111382537,1,19,0,6,6,3,7,0,0,0,0,0,0,0,3,1,1,1,1,64,9,1995,2,3,FORD TRANSIT,-1,-1,0,-1
2023211264742,2023,211264742,2,19,0,9,9,5,2,0,0,8,1,0,0,0,4,1,1,1,1,48,8,1995,2,0,FORD TRANSIT,1,E01009194,0,-1
2023170S20483,2023,170S20483,1,19,0,18,19,2,6,0,0,4,0,0,0,0,2,1,6,6,1,-1,-1,1995,2,3,FORD TRANSIT,-1,-1,0,-1
2023161334383,2023,161334383,2,19,5,7,7,3,5,0,0,8,0,0,0,0,3,1,6,6,1,55,8,2402,2,18,FORD TRANSIT,3,E01013158,0,-1
2023010474340,2023,010474340,2,19,0,12,12,7,3,0,0,8,0,0,0,0,1,1,6,6,3,-1,-1,2198,2,7,FORD TRANSIT,-1,-1,0,-1
2023421339605,2023,421339605,1,20,0,18,19,5,1,0,0,6,0,0,0,0,1,1,1,1,1,43,7,1995,2,1,FORD TRANSIT,2,E01006477,0,-1
2023131325743,2023,131325743,1,19,0,18,19,3,7,0,0,0,0,0,0,0,1,1,1,1,1,26,6,2198,2,8,FORD TRANSIT,4,E01027906,0,-1
2023161277566,2023,161277566,2,19,0,4,4,5,1,0,0,0,0,0,0,0,1,1,1,1,1,33,6,1995,2,1,FORD TRANSIT,2,E01006726,0,-1
2023010454765,2023,010454765,1,19,0,4,4,4,8,0,0,0,0,0,0,0,2,1,1,1,1,69,10,2198,2,13,FORD TRANSIT,4,E01000068,0,-1
2023332300986,2023,332300986,1,19,0,9,9,7,4,0,0,6,0,0,0,0,3,1,6,6,1,24,5,-1,3,1,FORD TRANSIT,6,E01025656,0,-1
2023361317359,2023,361317359,2,19,0,7,7,1,5,0,0,1,0,11,0,0,1,1,6,6,1,41,7,2198,2,10,FORD TRANSIT,7,E01033451,0,-1
2023401358918,2023,401358918,2,19,0,4,4,8,4,0,0,8,0,0,0,0,1,1,6,6,1,60,9,2198,2,13,FORD TRANSIT,5,E01016754,0,-1
2023010463507,2023,010463507,2,20,0,99,99,9,9,99,99,9,9,99,9,99,1,9,6,6,3,-1,-1,1995,2,4,FORD TRANSIT,4,E01004294,0,-1
2023451340042,2023,451340042,2,19,0,18,19,6,2,0,0,0,0,0,0,0,1,1,6,6,1,32,6,1995,2,5,FORD TRANSIT,-1,-1,0,-1
2023101366314,2023,101366314,2,19,0,4,4,2,7,0,0,0,0,0,0,0,1,1,5,6,1,64,9,2198,2,11,FORD TRANSIT,9,E01008722,0,-1
2023520301416,2023,520301416,3,19,0,4,4,1,5,0,0,0,0,0,0,0,2,1,6,6,1,40,7,1995,2,1,FORD TRANSIT,5,E01014861,0,-1
2023421319149,2023,421319149,2,19,0,16,19,7,3,0,0,0,0,0,0,0,1,1,2,2,1,64,9,1995,2,2,FORD TRANSIT,1,E01022045,0,-1
2023421384121,2023,421384121,1,19,0,9,9,7,5,0,0,6,0,0,0,0,1,1,1,1,1,41,7,1995,2,2,FORD TRANSIT,6,E01021331,0,-1
2023041322921,2023,041322921,1,19,0,9,9,7,5,0,0,6,0,0,0,0,1,1,1,1,1,62,9,2198,2,7,FORD TRANSIT,4,E01012713,0,-1
2023041384051,2023,041384051,2,19,0,18,19,4,8,0,0,1,0,0,1,0,4,1,1,1,1,39,7,2198,2,9,FORD TRANSIT,9,E01025343,0,-1
2023430070342,2023,430070342,4,19,0,10,10,2,8,0,0,1,0,0,0,0,1,1,1,1,1,35,6,1995,2,4,FORD TRANSIT,-1,-1,0,-1
2023010426592,2023,010426592,3,19,0,99,99,9,9,99,99,9,9,99,9,99,1,9,6,6,1,36,7,1995,2,1,FORD TRANSIT,4,E01000134,0,-1
2023421260100,2023,421260100,1,19,0,18,19,6,1,0,0,0,0,0,0,0,1,1,6,6,1,32,6,1995,2,2,FORD TRANSIT,2,E01021278,0,-1
2023421318462,2023,421318462,1,19,0,18,19,7,3,0,0,8,1,4,0,0,4,1,6,6,1,37,7,2198,2,13,FORD TRANSIT,2,E01021685,0,-1
2023131327017,2023,131327017,1,20,0,17,19,1,5,9,9,0,0,0,1,2,1,1,5,6,1,66,10,2198,2,11,FORD TRANSIT,2,E01011502,0,-1
2023052301021,2023,052301021,2,10,0,18,19,5,1,0,0,1,0,0,0,0,1,1,1,1,1,68,10,2198,2,15,FORD TRANSIT,1,E01006664,0,-1
2023430062217,2023,430062217,2,19,0,18,19,7,3,0,0,1,0,0,0,0,1,1,6,6,1,-1,-1,2198,2,16,FORD TRANSIT,-1,-1,0,-1
2023010441219,2023,010441219,2,19,0,99,99,9,9,99,99,9,9,99,9,99,9,9,6,6,3,-1,-1,2198,2,16,FORD TRANSIT,-1,-1,0,-1
2023622300096,2023,622300096,4,19,0,18,19,6,2,0,0,0,0,0,0,0,1,1,6,6,1,66,10,2198,2,12,FORD TRANSIT,2,W01001885,0,-1
2023451355001,2023,451355001,1,19,0,7,7,3,5,0,0,8,0,0,0,0,1,1,1,1,1,39,7,2198,2,11,FORD TRANSIT,8,E01031397,0,-1
2023010462741,2023,010462741,1,19,0,18,19,1,5,0,0,6,0,0,3,0,1,1,2,2,1,36,7,2198,2,9,FORD TRANSIT,9,E01023309,0,-1
2023451370984,2023,451370984,3,19,0,2,2,7,3,0,0,0,0,0,0,0,0,1,1,1,1,22,5,1995,2,0,FORD TRANSIT,7,E01022630,0,-1
2023461292695,2023,461292695,1,19,0,18,19,5,1,0,0,6,0,0,0,0,1,1,1,1,1,23,5,1995,2,2,FORD TRANSIT,8,E01016131,0,-1
2023451306557,2023,451306557,2,19,0,7,7,3,7,0,0,0,0,0,0,0,4,1,1,1,1,70,10,1995,2,6,FORD TRANSIT,10,E01017864,0,-1
2023461327443,2023,461327443,1,10,0,18,19,3,7,0,0,0,0,0,0,0,1,1,1,1,1,77,11,2198,2,7,FORD TRANSIT,4,E01024586,0,-1
2023622300807,2023,622300807,1,19,0,18,19,8,4,0,0,0,0,0,0,0,1,1,6,6,2,41,7,2402,2,14,FORD TRANSIT,1,W01000934,0,-1
2023991309049,2023,991309049,1,19,0,7,7,2,4,0,0,6,0,0,0,0,1,1,1,1,1,22,5,1995,2,3,FORD TRANSIT,4,E01019218,0,-1
2023552301443,2023,552301443,1,21,0,18,19,6,2,0,0,8,0,0,0,0,2,1,6,6,1,31,6,-1,-1,-1,-1,3,E01015283,0,-1
2023440013934,2023,440013934,2,19,0,14,14,1,5,0,0,0,0,0,0,0,1,1,6,6,1,-1,-1,2402,2,19,FORD TRANSIT,-1,-1,0,-1
2023010474920,2023,010474920,2,19,0,99,99,9,9,99,99,9,9,99,9,99,9,9,6,6,1,-1,-1,1995,2,4,FORD TRANSIT,-1,-1,0,-1
2023991333200,2023,991333200,1,19,0,18,19,1,5,0,0,0,0,0,0,0,1,1,1,1,1,52,8,1995,2,1,FORD TRANSIT,-1,-1,0,-1
2023461268625,2023,461268625,2,19,0,2,2,0,0,0,0,0,0,0,0,0,2,1,6,6,3,-1,-1,2198,2,11,FORD TRANSIT,-1,-1,0,-1
2023361325439,2023,361325439,1,19,0,10,10,5,1,0,0,1,0,0,0,0,2,1,1,1,2,35,6,2198,2,13,FORD TRANSIT,-1,-1,0,-1
2023991297105,2023,991297105,1,19,0,7,7,6,8,0,0,2,0,0,0,0,1,1,1,1,1,46,8,1995,2,5,FORD TRANSIT,1,-1,0,-1
2023471349696,2023,471349696,1,19,0,1,1,6,2,0,0,2,0,0,0,0,2,1,6,6,1,45,7,1995,2,5,FORD TRANSIT,3,E01031552,0,-1
2023451266605,2023,451266605,1,19,0,18,19,1,5,0,0,1,0,0,0,0,3,1,1,1,1,35,6,1995,2,3,FORD TRANSIT,3,E01001362,0,-1
2023451358275,2023,451358275,2,19,0,4,4,5,1,0,0,0,0,0,0,0,1,1,5,6,1,63,9,2198,2,13,FORD TRANSIT,6,E01020108,0,-1
2023010424535,2023,010424535,1,19,0,4,4,1,5,0,0,0,0,0,0,0,2,1,1,1,1,34,6,1995,2,5,FORD TRANSIT,2,E01003288,0,-1
2023461375642,2023,461375642,1,19,0,14,14,5,1,0,0,1,0,0,0,0,1,1,1,1,1,59,9,-1,-1,-1,FORD TRANSIT,2,E01024192,0,-1
2023440317200,2023,440317200,1,19,0,18,19,7,3,0,0,1,0,0,0,0,1,1,1,1,1,59,9,2198,2,11,FORD TRANSIT,1,E01017035,0,-1
2023440511418,2023,440511418,2,19,0,3,3,3,7,0,0,0,0,0,0,0,2,1,1,1,1,47,8,1995,2,4,FORD TRANSIT,10,E01022972,0,-1
2023430107582,2023,430107582,1,19,0,18,19,6,2,0,0,8,0,0,0,0,1,1,1,1,1,59,9,1995,2,5,FORD TRANSIT,7,E01027434,0,-1
2023371270743,2023,371270743,2,19,0,18,19,5,1,0,0,1,0,0,0,0,1,1,5,6,1,59,9,2402,2,17,FORD TRANSIT,1,E01030012,0,-1
2023548209623,2023,548209623,1,19,0,4,4,8,4,0,0,0,0,0,0,0,2,1,2,2,1,25,5,2198,2,15,FORD TRANSIT,3,E01015477,0,-1
2023170H10433,2023,170H10433,1,19,0,1,1,1,5,0,0,0,0,0,0,0,2,1,6,6,1,-1,-1,2198,2,16,FORD TRANSIT,2,E01011993,0,-1
2023010435323,2023,010435323,1,19,0,18,19,7,3,0,0,0,1,0,0,0,1,1,1,1,1,54,8,1998,2,17,FORD TRANSIT,3,E01003585,0,-1
2023010486168,2023,010486168,1,20,9,99,99,9,9,0,0,9,0,99,1,0,9,1,6,6,1,49,8,1995,2,3,FORD TRANSIT,2,E01001760,0,-1
2023302301596,2023,302301596,1,19,0,18,19,4,8,0,0,0,0,0,0,0,4,1,1,1,1,28,6,2402,2,14,FORD TRANSIT,5,E01019494,0,-1
2023101299136,2023,101299136,3,19,0,18,19,6,2,0,0,0,0,0,0,0,1,1,6,6,1,54,8,1995,2,2,FORD TRANSIT,5,E01008855,0,-1
2023141360285,2023,141360285,1,19,0,18,19,1,5,0,0,2,5,0,1,0,1,1,2,2,1,36,7,1995,2,0,FORD TRANSIT,2,E01007349,0,-1
2023371432620,2023,371432620,1,19,0,7,7,1,4,0,0,8,0,0,0,0,3,1,1,1,1,57,9,1995,2,0,FORD TRANSIT,8,E01026434,0,-1
2023501308718,2023,501308718,1,19,0,18,19,3,7,0,0,0,0,0,0,0,1,1,6,6,1,36,7,2400,2,22,FORD TRANSIT,3,E01015209,0,-1
2023320252953,2023,320252953,1,19,0,9,9,6,4,0,0,8,0,0,1,0,1,1,1,1,1,45,7,1995,2,5,FORD TRANSIT,-1,-1,0,-1
2023101272985,2023,101272985,2,19,0,4,4,7,3,0,0,0,0,0,0,0,2,1,1,1,1,33,6,1995,2,2,FORD TRANSIT,7,E01027516,0,-1
202363D023623,2023,63D023623,2,10,0,17,19,5,2,0,0,0,0,0,0,0,3,1,6,6,1,31,6,2198,2,6,FORD TRANSIT,1,W01001835,0,-1
2023010420621,2023,010420621,1,10,0,9,9,1,6,0,0,5,0,0,0,0,4,1,3,7,1,66,10,1995,2,1,FORD TRANSIT,4,E01002050,0,-1
2023010419523,2023,010419523,2,19,0,2,2,0,0,0,0,0,0,0,0,0,2,1,6,6,3,-1,-1,2198,2,12,FORD TRANSIT,-1,-1,0,-1
2023461383131,2023,461383131,2,19,0,2,2,0,0,0,0,0,0,0,0,0,1,1,6,6,3,-1,-1,2198,2,10,FORD TRANSIT,-1,-1,0,-1
2023131352600,2023,131352600,2,19,0,7,7,7,1,0,0,8,0,0,3,0,1,1,6,6,1,30,6,2402,2,17,FORD TRANSIT,4,E01011871,0,-1
2023010425283,2023,010425283,2,19,0,99,99,9,9,99,99,9,9,99,9,99,9,9,6,6,3,-1,-1,1995,2,4,FORD TRANSIT,-1,-1,0,-1
2023302300429,2023,302300429,1,19,0,18,19,6,2,0,0,8,0,0,0,0,1,1,6,6,1,37,7,1995,2,6,FORD TRANSIT,2,E01013477,0,-1
2023221390989,2023,221390989,1,19,0,18,19,5,1,0,0,0,0,0,0,0,1,1,6,6,3,45,7,1995,2,6,FORD TRANSIT,-1,-1,0,-1
2023430021251,2023,430021251,1,19,0,18,19,1,5,0,0,0,0,0,0,0,1,1,1,1,1,32,6,1995,2,1,FORD TRANSIT,-1,-1,0,-1
2023010464416,2023,010464416,1,19,0,9,9,1,6,0,0,0,0,6,0,0,1,1,6,6,3,-1,-1,1995,2,1,FORD TRANSIT,-1,-1,0,-1
2023010479599,2023,010479599,2,19,0,99,99,9,9,99,99,9,9,99,9,99,1,9,6,6,3,-1,-1,1995,2,2,FORD TRANSIT,6,E01016536,0,-1
2023411379373,2023,411379373,1,19,0,4,4,1,5,0,0,1,0,4,0,0,1,1,6,6,3,-1,-1,1995,2,2,FORD TRANSIT,-1,-1,0,-1
2023430170892,2023,430170892,2,19,0,18,19,2,6,0,0,8,0,0,0,0,1,1,6,6,3,-1,-1,2198,2,12,FORD TRANSIT,-1,-1,0,-1
202363A009223,2023,63A009223,2,19,0,16,19,6,1,0,0,0,0,0,0,0,1,1,2,2,1,46,8,2402,2,12,FORD TRANSIT,6,W01000709,0,-1
2023451268206,2023,451268206,2,19,0,3,3,5,1,0,0,0,0,0,0,0,3,1,6,6,1,30,6,1995,2,5,FORD TRANSIT,5,E01030747,0,-1
2023041336727,2023,041336727,1,19,4,9,9,1,5,0,0,4,0,0,0,0,3,1,1,1,1,40,7,2198,2,7,FORD TRANSIT,1,E01033584,0,-1
2023010440499,2023,010440499,1,19,0,12,12,1,5,0,0,0,0,0,0,0,0,1,1,1,1,47,8,1995,2,2,FORD TRANSIT,7,E01017823,0,-1
2023421385783,2023,421385783,2,90,0,4,4,2,6,0,0,0,0,0,0,0,2,1,5,6,1,68,10,2402,2,15,FORD TRANSIT,8,E01022064,0,-1
2023522400908,2023,522400908,1,19,0,9,9,1,8,0,0,5,0,0,0,0,1,1,6,6,1,57,9,1995,2,6,FORD TRANSIT,4,E01014906,0,-1
2023211384642,2023,211384642,1,19,0,4,4,8,4,0,0,0,1,0,0,0,1,1,1,1,1,26,6,1995,2,3,FORD TRANSIT,1,E01006275,0,-1
2023201280905,2023,201280905,2,19,0,18,19,2,6,0,0,0,0,0,0,0,1,1,6,6,1,56,9,2402,2,16,FORD TRANSIT,3,E01010070,0,-1
2023440383707,2023,440383707,2,19,0,18,19,1,5,0,0,0,0,0,0,0,2,1,1,1,1,59,9,1995,2,2,FORD TRANSIT,5,E01028872,0,-1
2023401365047,2023,401365047,3,19,0,4,4,3,7,0,0,1,0,0,0,0,1,1,6,6,3,-1,-1,2198,2,8,FORD TRANSIT,-1,-1,0,-1
2023041367409,2023,041367409,2,19,0,2,2,8,4,0,0,0,0,4,0,0,2,1,6,6,3,-1,-1,1995,2,4,FORD TRANSIT,-1,-1,0,-1
2023440287372,2023,440287372,3,19,0,18,19,6,2,0,0,2,0,0,0,0,1,1,6,6,1,35,6,1995,2,2,FORD TRANSIT,6,E01015291,0,-1
2023070817608,2023,070817608,2,19,0,16,19,3,7,0,0,0,0,0,0,0,1,1,6,6,1,38,7,1995,2,2,FORD TRANSIT,7,E01006498,0,-1
2023221367043,2023,221367043,1,19,0,18,19,6,2,0,0,4,0,9,0,0,1,1,6,6,1,26,6,2198,2,14,FORD TRANSIT,8,W01000443,0,-1
2023501308854,2023,501308854,2,21,0,17,19,2,6,0,0,0,0,0,0,0,3,1,2,2,1,38,7,1995,2,6,-1,4,E01018914,0,-1
202360A072882,2023,60A072882,1,19,0,18,19,8,4,0,0,0,0,0,0,0,1,1,6,6,1,55,8,2198,2,8,FORD TRANSIT,-1,-1,0,-1
2023010424554,2023,010424554,3,19,0,10,10,7,5,0,0,6,0,0,0,0,4,1,1,1,1,49,8,1995,2,5,FORD TRANSIT,4,E01004142,0,-1
2023631312008,2023,631312008,1,19,4,18,19,1,5,0,0,1,1,0,0,0,1,1,1,1,1,46,8,2198,2,11,FORD TRANSIT,5,E01028994,0,-1
2023501321612,2023,501321612,1,19,0,13,13,5,1,0,0,0,0,0,0,0,4,1,6,6,1,78,11,2402,2,16,FORD TRANSIT,4,E01020288,0,-1
2023201324002,2023,201324002,1,19,0,4,4,6,2,0,0,0,0,0,0,0,1,1,1,1,1,31,6,1995,2,1,FORD TRANSIT,1,E01010084,0,-1
2023141287963,2023,141287963,1,19,0,18,19,7,4,0,0,0,0,0,0,0,1,1,6,6,3,28,6,1995,2,2,FORD TRANSIT,-1,-1,0,-1
2023041340027,2023,041340027,2,19,0,2,2,0,0,0,0,1,0,0,0,0,2,1,6,6,3,-1,-1,2198,2,16,FORD TRANSIT,-1,-1,0,-1
2023302301700,2023,302301700,2,19,0,18,19,5,1,0,0,0,0,0,0,0,1,1,6,6,1,62,9,1995,2,5,FORD TRANSIT,4,E01019550,0,-1
2023231303981,2023,231303981,1,19,0,1,1,1,5,9,9,0,0,0,0,0,0,1,6,6,1,35,6,1995,2,1,FORD TRANSIT,7,E01025825,0,-1
2023520301220,2023,520301220,1,19,0,9,9,1,6,0,0,8,0,0,0,0,4,1,6,6,1,58,9,2198,2,9,FORD TRANSIT,7,E01029086,0,-1