collision_index,collision_year,collision_ref_no,vehicle_reference,vehicle_type,towing_and_articulation,vehicle_manoeuvre_historic,vehicle_manoeuvre,vehicle_direction_from,vehicle_direction_to,vehicle_location_restricted_lane_historic,vehicle_location_restricted_lane,junction_location,skidding_and_overturning,hit_object_in_carriageway,vehicle_leaving_carriageway,hit_object_off_carriageway,first_point_of_impact,vehicle_left_hand_drive,journey_purpose_of_driver_historic,journey_purpose_of_driver,sex_of_driver,age_of_driver,age_band_of_driver,engine_capacity_cc,propulsion_code,age_of_vehicle,generic_make_model,driver_imd_decile,lsoa_of_driver,escooter_flag,driver_distance_banding
2023622300238,2023,622300238,2,20,0,2,2,0,0,0,0,0,0,0,0,0,1,1,6,6,3,-1,-1,-1,-1,-1,FORD TRANSIT,-1,-1,0,-1
2023010448149,2023,010448149,1,19,0,18,19,6,2,0,0,0,0,0,0,0,1,1,6,6,1,65,9,2198,2,12,FORD TRANSIT,5,E01000379,0,-1
2023010478449,2023,010478449,1,19,0,18,19,6,2,0,0,1,0,0,0,0,1,1,2,2,1,30,6,1995,2,1,FORD TRANSIT,4,E01002684,0,-1
2023052300278,2023,052300278,1,19,0,18,19,2,6,0,0,0,0,0,0,0,1,1,6,6,1,67,10,2198,2,13,FORD TRANSIT,6,E01007194,0,-1
2023421374109,2023,421374109,1,19,0,1,1,1,5,0,0,1,0,0,0,0,2,1,1,1,1,25,5,1995,2,3,FORD TRANSIT,4,E01003767,0,-1
2023010446397,2023,010446397,1,19,0,9,9,1,7,0,0,8,0,0,0,0,3,1,1,1,1,20,4,1995,2,2,FORD TRANSIT,3,E01003536,0,-1
2023461322301,2023,461322301,2,19,0,9,9,7,3,0,0,1,0,0,0,0,1,1,6,6,1,37,7,2198,2,11,FORD TRANSIT,10,E01016092,0,-1
2023061403782,2023,061403782,1,19,0,9,9,3,1,0,0,1,0,0,0,0,1,1,6,6,3,-1,-1,2402,2,13,FORD TRANSIT,-1,-1,0,-1
2023991305895,2023,991305895,1,19,0,7,7,5,1,0,0,1,0,0,0,0,1,1,1,1,1,65,9,1995,2,5,FORD TRANSIT,7,-1,0,-1
2023522400096,2023,522400096,2,19,0,18,19,7,3,0,0,0,0,0,0,0,1,1,6,6,3,-1,-1,1995,2,0,FORD TRANSIT,-1,-1,0,-1
2023552300039,2023,552300039,1,19,0,1,1,1,5,0,0,0,0,0,0,0,2,1,6,6,1,21,5,1995,2,2,FORD TRANSIT,5,E01020518,0,-1
2023122300860,2023,122300860,2,19,0,5,5,4,8,0,0,4,0,0,0,0,1,1,1,1,1,-1,-1,1995,2,2,FORD TRANSIT,-1,-1,0,-1
2023010422410,2023,010422410,2,19,0,99,99,9,9,99,99,9,9,99,9,99,9,9,6,6,1,74,10,2402,2,14,FORD TRANSIT,5,E01000255,0,-1
2023430040696,2023,430040696,3,20,0,18,19,6,2,0,0,0,0,0,0,0,1,1,2,2,1,26,6,2198,2,11,FORD TRANSIT,10,E01028672,0,-1
2023161291452,2023,161291452,2,19,0,3,3,5,1,0,0,1,0,0,0,0,3,1,2,2,1,27,6,1995,2,4,FORD TRANSIT,5,E01027798,0,-1
2023161280301,2023,161280301,1,19,0,9,9,7,5,0,0,5,0,0,0,0,1,1,1,1,1,24,5,1995,2,2,FORD TRANSIT,2,E01012871,0,-1
2023010429145,2023,010429145,1,19,0,18,19,5,1,0,0,2,0,0,0,0,1,1,1,1,1,38,7,2198,2,13,FORD TRANSIT,4,E01000504,0,-1
2023991268998,2023,991268998,1,19,0,18,19,6,2,0,0,0,0,0,0,0,1,1,6,6,1,21,5,2198,2,11,FORD TRANSIT,2,-1,0,-1
2023122300835,2023,122300835,1,19,0,1,1,1,5,0,0,8,0,0,0,0,2,1,1,1,1,24,5,1995,2,2,FORD TRANSIT,9,E01013431,0,-1
2023361285063,2023,361285063,1,19,0,9,9,5,3,0,0,8,0,0,0,0,1,1,6,6,1,33,6,2198,2,13,FORD TRANSIT,3,E01001697,0,-1
2023421259256,2023,421259256,1,19,0,18,19,3,7,0,0,0,0,0,0,0,1,1,1,1,1,59,9,2198,2,13,FORD TRANSIT,2,E01021685,0,-1
2023451343982,2023,451343982,2,19,0,4,4,5,1,0,0,0,0,0,0,0,1,1,1,1,1,54,8,1995,2,1,FORD TRANSIT,9,E01022971,0,-1
2023461380391,2023,461380391,1,19,0,5,5,2,4,0,0,0,0,0,0,0,3,1,6,6,1,74,10,2198,2,14,FORD TRANSIT,3,E01024688,0,-1
2023311280101,2023,311280101,1,19,0,18,19,7,3,0,0,4,0,0,0,0,1,1,6,6,1,30,6,2198,2,14,FORD TRANSIT,2,E01007595,0,-1
2023991366391,2023,991366391,2,19,0,6,6,6,2,0,0,1,0,0,4,0,3,1,1,1,1,41,7,2402,2,13,FORD TRANSIT,3,-1,0,-1
2023361291656,2023,361291656,1,19,0,18,19,7,3,0,0,0,0,0,0,0,3,1,1,1,1,28,6,2402,2,18,FORD TRANSIT,4,E01026694,0,-1
2023101269274,2023,101269274,2,19,0,3,3,4,6,0,0,0,0,0,0,0,1,1,2,2,1,56,9,2198,2,15,FORD TRANSIT,3,E01008171,0,-1
2023010457403,2023,010457403,2,19,0,13,13,1,5,0,0,6,1,0,0,0,4,1,6,6,1,33,6,2402,2,16,FORD TRANSIT,1,E01001410,0,-1
2023122300435,2023,122300435,2,19,0,9,9,7,5,0,0,8,0,0,0,0,3,1,1,1,3,-1,-1,1995,2,1,FORD TRANSIT,-1,-1,0,-1
2023010470673,2023,010470673,1,90,0,7,7,1,4,0,0,1,0,0,0,0,2,1,6,6,1,45,7,-1,-1,-1,FORD TRANSIT,4,E01023530,0,-1
2023122301314,2023,122301314,1,19,0,1,1,1,5,0,0,0,0,0,0,0,2,1,6,6,3,-1,-1,2198,2,8,FORD TRANSIT,-1,-1,0,-1
2023371270569,2023,371270569,1,19,0,-1,-1,1,4,-1,-1,0,-1,-1,-1,0,-1,1,1,1,1,-1,-1,1995,2,2,FORD TRANSIT,3,E01030025,0,-1
2023610041723,2023,610041723,2,19,0,2,2,0,0,0,0,0,0,0,0,0,2,1,6,6,1,-1,-1,2198,2,10,FORD TRANSIT,3,W01001663,0,-1
2023111369669,2023,111369669,2,19,0,18,19,5,1,0,0,1,0,0,0,0,4,1,6,6,1,77,11,2402,2,15,FORD TRANSIT,10,E01020683,0,-1
2023070376992,2023,070376992,1,19,0,18,19,6,2,0,0,1,0,0,0,0,1,1,1,1,1,38,7,2198,2,9,FORD TRANSIT,-1,-1,0,-1
2023141322569,2023,141322569,1,19,0,18,19,1,5,0,0,0,0,0,0,0,1,1,5,6,2,38,7,1995,2,1,FORD TRANSIT,6,E01007586,0,-1
2023461322783,2023,461322783,2,19,0,2,2,0,0,0,0,0,0,0,0,0,2,1,1,1,1,38,7,2402,2,15,FORD TRANSIT,4,E01016067,0,-1
2023461271307,2023,461271307,1,19,0,9,9,6,2,0,0,1,0,0,0,0,1,1,1,1,1,30,6,2402,2,16,FORD TRANSIT,6,E01024084,0,-1
2023302300544,2023,302300544,1,19,0,18,19,2,6,0,0,0,0,0,0,0,1,1,2,2,1,34,6,1995,2,5,FORD TRANSIT,2,E01033629,0,-1
2023010458789,2023,010458789,2,20,0,99,99,9,9,99,99,9,9,99,9,99,1,9,6,6,3,-1,-1,2402,2,15,FORD TRANSIT,-1,-1,0,-1
2023520301819,2023,520301819,3,19,0,18,19,7,3,0,0,0,0,0,0,0,1,1,6,6,1,59,9,2198,2,13,FORD TRANSIT,3,E01029333,0,-1
2023010446571,2023,010446571,1,19,0,7,7,7,1,4,4,5,0,0,0,0,4,1,1,1,1,30,6,1995,2,6,FORD TRANSIT,-1,-1,0,-1
2023061309112,2023,061309112,2,19,0,2,2,0,0,0,0,0,0,0,1,11,2,1,6,6,3,-1,-1,1995,2,1,FORD TRANSIT,-1,-1,0,-1
2023471383467,2023,471383467,1,19,0,18,19,8,4,0,0,8,1,0,0,0,1,1,3,7,1,59,9,2198,2,11,FORD TRANSIT,7,E01024804,0,-1
2023161301272,2023,161301272,1,19,0,4,4,7,3,0,0,0,0,0,0,0,1,1,3,7,2,46,8,2198,2,10,FORD TRANSIT,7,E01013046,0,-1
2023010426644,2023,010426644,1,19,0,99,99,9,9,99,99,9,9,99,9,99,2,9,2,2,2,34,6,2198,2,10,FORD TRANSIT,10,E01023482,0,-1
2023471348817,2023,471348817,1,19,0,18,19,5,1,0,0,0,0,4,0,0,1,1,1,1,2,46,8,2198,2,10,FORD TRANSIT,6,E01031468,0,-1
2023991266445,2023,991266445,2,19,0,18,19,2,6,0,0,0,0,0,1,0,2,1,1,1,1,54,8,2402,2,15,FORD TRANSIT,1,-1,0,-1
2023451285557,2023,451285557,1,19,0,18,19,1,5,0,0,8,0,0,0,0,1,1,1,1,1,42,7,2402,2,15,FORD TRANSIT,5,E01030962,0,-1
2023010438223,2023,010438223,2,19,9,99,99,9,9,99,99,9,9,99,9,99,1,9,6,6,3,-1,-1,1995,2,4,FORD TRANSIT,-1,-1,0,-1
2023070908246,2023,070908246,1,20,0,18,19,6,2,0,0,1,0,0,0,0,1,1,6,6,1,63,9,-1,-1,-1,FORD TRANSIT,9,E01018415,0,-1
2023461349152,2023,461349152,1,19,0,18,19,8,4,0,0,0,0,0,0,0,1,1,1,1,1,36,7,1995,2,4,FORD TRANSIT,6,E01016076,0,-1
2023201339286,2023,201339286,1,19,0,18,19,8,4,0,0,0,0,10,0,0,1,1,6,6,1,-1,-1,2198,2,15,FORD TRANSIT,-1,-1,0,-1
2023991275892,2023,991275892,3,19,0,18,19,5,1,0,0,0,0,0,0,0,1,1,5,6,1,35,6,2402,2,12,FORD TRANSIT,6,-1,0,-1
2023131343562,2023,131343562,4,19,0,2,2,1,5,0,0,0,0,0,0,0,1,1,6,6,3,-1,-1,1995,2,3,FORD TRANSIT,-1,-1,0,-1
2023010434149,2023,010434149,2,19,0,1,1,1,5,0,0,1,0,0,0,0,2,2,1,1,1,32,6,1995,2,1,FORD TRANSIT,-1,-1,0,-1
2023991269322,2023,991269322,1,19,0,18,19,1,6,0,0,0,0,0,0,0,4,1,5,6,2,61,9,1995,2,1,FORD TRANSIT,10,-1,0,-1
2023421301724,2023,421301724,2,19,0,18,19,2,8,0,0,1,0,0,0,0,4,1,6,6,1,51,8,2402,2,21,FORD TRANSIT,6,E01021794,0,-1
2023520301225,2023,520301225,2,19,0,18,19,1,5,0,0,0,0,0,0,0,2,1,6,6,1,28,6,2402,2,16,FORD TRANSIT,4,E01029196,0,-1
2023421330893,2023,421330893,1,19,0,18,19,3,7,0,0,0,0,0,0,0,1,1,6,6,1,-1,-1,2198,2,10,FORD TRANSIT,-1,-1,0,-1
2023101260235,2023,101260235,2,8,0,12,12,7,3,0,0,0,0,0,0,0,3,1,1,1,1,51,8,2198,2,10,-1,1,E01008793,0,-1
2023311354483,2023,311354483,2,19,0,9,9,1,7,0,0,8,0,0,0,0,1,1,1,1,1,26,6,2198,2,9,FORD TRANSIT,-1,-1,0,-1
2023461309083,2023,461309083,2,19,0,18,19,1,4,0,0,8,0,0,0,0,1,1,2,2,1,26,6,2402,2,12,FORD TRANSIT,6,E01023978,0,-1
2023131295336,2023,131295336,1,19,0,1,1,1,5,0,0,1,0,0,0,0,2,1,1,1,1,37,7,1995,2,5,FORD TRANSIT,7,E01010726,0,-1
2023401323271,2023,401323271,2,19,0,2,2,0,0,6,6,0,0,0,0,0,4,1,6,6,1,48,8,2198,2,16,FORD TRANSIT,3,E01001983,0,-1
2023131371822,2023,131371822,1,19,0,18,19,3,7,0,0,1,0,0,0,0,4,1,6,6,1,38,7,2402,2,14,FORD TRANSIT,2,E01010722,0,-1
2023991265846,2023,991265846,2,19,0,16,19,2,6,0,0,0,0,0,0,0,1,1,1,1,1,59,9,2198,2,9,FORD TRANSIT,8,-1,0,-1
2023440342323,2023,440342323,3,19,0,18,19,4,8,0,0,0,0,0,0,0,1,1,2,2,1,44,7,1995,2,5,FORD TRANSIT,9,E01023170,0,-1
2023061317250,2023,061317250,1,19,0,2,2,3,7,0,0,1,0,0,0,0,2,1,6,6,3,-1,-1,2198,2,7,FORD TRANSIT,-1,-1,0,-1
2023430548327,2023,430548327,1,19,0,7,7,8,3,0,0,3,0,0,0,0,3,1,6,6,3,-1,-1,1995,2,3,FORD TRANSIT,-1,-1,0,-1
2023131371535,2023,131371535,1,19,0,18,19,1,5,0,0,8,0,0,0,0,0,1,6,6,3,-1,-1,2402,2,16,FORD TRANSIT,-1,-1,0,-1
2023302301384,2023,302301384,1,19,0,9,9,6,4,0,0,0,0,0,0,0,4,1,1,1,2,40,7,2198,2,11,FORD TRANSIT,1,E01013533,0,-1
2023401289522,2023,401289522,4,20,0,4,4,8,4,0,0,0,0,0,0,0,2,1,1,1,1,51,8,2198,2,7,FORD TRANSIT,2,E01015787,0,-1
2023131372173,2023,131372173,1,19,0,18,19,5,1,0,0,0,0,0,0,0,3,1,5,6,1,33,6,1998,2,17,FORD TRANSIT,6,E01011305,0,-1
2023552300078,2023,552300078,1,19,0,18,19,4,8,0,0,0,2,0,0,0,4,1,1,1,1,31,6,1995,2,5,FORD TRANSIT,3,E01015449,0,-1
2023401370258,2023,401370258,2,19,0,18,19,4,8,0,0,1,0,0,0,0,1,1,1,1,1,27,6,1995,2,5,FORD TRANSIT,9,E01017403,0,-1
2023552300353,2023,552300353,1,19,0,18,19,2,6,0,0,4,0,0,0,0,1,1,1,1,1,41,7,1995,2,1,FORD TRANSIT,3,E01015305,0,-1
2023991369799,2023,991369799,1,19,0,1,1,3,3,0,0,0,0,0,0,0,2,1,5,6,2,35,6,2198,2,12,FORD TRANSIT,1,-1,0,-1
2023622300964,2023,622300964,3,19,0,4,4,8,4,0,0,0,0,0,0,0,2,1,6,6,1,38,7,2198,2,13,FORD TRANSIT,4,W01000760,0,-1
2023010453073,2023,010453073,2,19,0,18,19,3,7,0,0,8,0,0,0,0,4,1,1,1,1,74,10,2198,2,10,FORD TRANSIT,5,E01023327,0,-1
2023201416127,2023,201416127,1,19,0,2,2,0,0,0,0,1,0,0,0,0,2,1,1,1,1,22,5,-1,3,1,FORD TRANSIT,1,E01010095,0,-1
2023430571355,2023,430571355,1,19,0,18,19,6,2,0,0,0,1,4,0,0,1,1,6,6,1,26,6,2295,7,17,FORD TRANSIT,9,E01017813,0,-1
2023010421213,2023,010421213,4,19,0,18,19,3,7,0,0,0,0,0,0,0,1,1,1,1,1,41,7,1995,2,5,FORD TRANSIT,1,E01002067,0,-1
2023010436124,2023,010436124,1,19,0,18,19,1,5,0,0,8,0,0,0,0,1,1,1,1,1,28,6,1995,2,0,FORD TRANSIT,2,E01002730,0,-1
2023302301491,2023,302301491,1,19,0,13,13,8,4,0,0,0,0,0,7,1,1,1,6,6,3,-1,-1,2198,2,8,FORD TRANSIT,5,E01019456,0,-1
2023451291866,2023,451291866,1,19,0,18,19,3,7,0,0,0,1,0,0,0,1,1,1,1,1,22,5,1995,2,2,FORD TRANSIT,2,E01003248,0,-1
2023101295152,2023,101295152,1,19,0,3,3,2,4,0,0,0,0,0,0,0,4,1,6,6,1,63,9,2198,2,15,FORD TRANSIT,4,E01008676,0,-1
2023461287771,2023,461287771,1,19,0,18,19,7,3,0,0,0,0,0,0,0,1,1,6,6,1,-1,-1,2402,2,14,FORD TRANSIT,3,E01024641,0,-1
2023451333378,2023,451333378,1,19,0,18,19,5,1,0,0,0,0,0,1,4,1,1,1,1,1,37,7,2198,2,9,FORD TRANSIT,5,E01030337,0,-1
2023501340779,2023,501340779,2,19,0,18,19,7,3,0,0,0,0,0,0,0,3,1,1,1,1,27,6,1995,2,3,FORD TRANSIT,4,E01020057,0,-1
2023101371910,2023,101371910,1,19,0,18,19,3,7,0,0,0,0,0,0,0,1,1,6,6,1,37,7,2198,2,12,FORD TRANSIT,1,E01008540,0,-1
2023471352199,2023,471352199,1,19,0,18,19,8,4,0,0,0,0,0,0,0,1,1,6,6,1,52,8,2198,2,15,FORD TRANSIT,3,E01023085,0,-1
2023061305679,2023,061305679,1,19,0,18,19,3,7,0,0,1,0,0,0,0,1,1,6,6,1,35,6,2198,2,10,FORD TRANSIT,1,E01005501,0,-1
2023211281037,2023,211281037,2,19,-1,10,10,8,4,-1,-1,-1,-1,-1,-1,0,-1,1,1,1,1,50,8,1995,2,2,FORD TRANSIT,7,E01029814,0,-1
2023010427659,2023,010427659,2,21,0,18,19,3,7,0,0,8,0,0,0,0,1,1,6,6,1,53,8,1995,2,2,-1,6,E01001269,0,-1
2023052300311,2023,052300311,2,19,0,4,4,5,1,0,0,0,0,0,0,0,1,1,1,1,1,42,7,2402,2,20,FORD TRANSIT,2,E01006309,0,-1
2023311344252,2023,311344252,1,20,0,18,19,5,1,0,0,0,0,0,0,0,1,1,1,1,1,45,7,1995,2,7,FORD TRANSIT,4,E01027929,0,-1
2023041299974,2023,041299974,2,19,0,18,19,1,5,0,0,0,0,0,4,0,2,1,5,6,1,49,8,2402,2,13,FORD TRANSIT,3,W01001153,0,-1
2023991380286,2023,991380286,2,19,0,18,19,7,3,0,0,0,0,0,1,0,1,1,2,2,1,51,8,2402,2,12,FORD TRANSIT,4,-1,0,-1
2023320545692,2023,320545692,1,19,0,9,9,5,3,0,0,6,0,0,0,0,3,1,6,6,1,85,11,-1,-1,-1,FORD TRANSIT,5,E01026245,0,-1
2023070463257,2023,070463257,2,19,0,13,13,6,1,0,0,3,2,10,1,0,2,1,1,1,1,28,6,1995,2,4,FORD TRANSIT,7,E01012064,0,-1
2023010475521,2023,010475521,2,19,0,99,99,9,9,99,99,9,9,99,9,99,2,9,6,6,1,-1,-1,1995,2,0,FORD TRANSIT,-1,-1,0,-1
2023471267902,2023,471267902,1,19,0,18,19,3,7,0,0,1,0,0,0,0,1,1,1,1,1,27,6,1995,2,2,FORD TRANSIT,4,E01000068,0,-1
2023451359091,2023,451359091,1,19,0,1,1,1,3,0,0,0,0,0,0,0,1,1,1,1,2,30,6,1995,2,2,FORD TRANSIT,5,E01000310,0,-1
2023010436762,2023,010436762,1,19,0,5,5,6,2,0,0,8,0,0,0,0,1,1,6,6,3,36,7,1995,2,4,FORD TRANSIT,-1,-1,0,-1
2023471293480,2023,471293480,1,19,0,18,19,2,6,0,0,0,0,0,0,0,1,1,2,2,1,22,5,2198,2,15,FORD TRANSIT,9,E01024851,0,-1
2023546081323,2023,546081323,2,19,0,5,5,8,6,0,0,4,1,0,0,0,1,1,6,6,1,20,4,2402,2,16,FORD TRANSIT,2,E01015573,0,-1
2023010456234,2023,010456234,2,19,0,10,10,1,6,0,0,8,0,0,1,0,1,1,1,1,1,43,7,2198,2,12,FORD TRANSIT,4,E01002600,0,-1
2023451361263,2023,451361263,3,19,0,2,2,0,0,0,0,0,0,4,0,0,4,2,6,6,3,-1,-1,1998,2,21,FORD TRANSIT,-1,-1,0,-1
2023401312958,2023,401312958,1,19,0,4,4,1,5,0,0,0,0,0,0,0,1,1,2,2,1,36,7,2198,2,11,FORD TRANSIT,5,E01017615,0,-1
2023311269878,2023,311269878,2,20,0,18,19,3,7,0,0,0,0,0,0,0,1,1,1,1,1,53,8,1995,2,4,FORD TRANSIT,-1,-1,0,-1
2023421360583,2023,421360583,2,10,0,2,2,1,5,0,0,0,1,0,7,0,1,1,6,6,3,-1,-1,2198,2,7,FORD TRANSIT,-1,-1,0,-1
2023141288742,2023,141288742,1,19,0,16,19,5,1,0,0,0,0,0,0,0,1,1,1,1,1,31,6,2198,2,11,FORD TRANSIT,1,E01007377,0,-1
2023010424701,2023,010424701,3,19,9,99,99,9,9,99,99,9,9,99,9,99,2,9,6,6,3,-1,-1,2295,7,19,FORD TRANSIT,-1,-1,0,-1
2023552300358,2023,552300358,2,19,0,18,19,8,4,0,0,0,2,0,0,0,1,1,6,6,1,36,7,2198,2,10,FORD TRANSIT,2,E01020573,0,-1
2023071217219,2023,071217219,1,19,0,1,1,2,6,0,0,4,0,0,0,0,2,1,6,6,1,-1,-1,2198,2,11,FORD TRANSIT,-1,-1,0,-1
2023421347253,2023,421347253,1,20,0,1,1,5,1,0,0,1,0,0,0,0,2,1,6,6,1,-1,-1,2402,2,15,FORD TRANSIT,-1,-1,0,-1
2023371324309,2023,371324309,1,19,0,18,19,3,7,0,0,8,0,0,0,0,-1,1,6,6,3,-1,-1,2402,2,16,FORD TRANSIT,-1,-1,0,-1
2023440048104,2023,440048104,2,19,0,18,19,6,2,0,0,0,0,0,0,0,1,1,6,6,3,-1,-1,2198,2,7,FORD TRANSIT,-1,-1,0,-1
2023361388596,2023,361388596,1,19,0,5,5,-1,-1,0,0,2,0,0,0,0,1,1,2,2,1,43,7,2198,2,10,FORD TRANSIT,9,E01026560,0,-1
2023471349134,2023,471349134,1,19,0,1,1,5,1,0,0,1,0,0,0,0,2,1,6,6,1,-1,-1,2402,2,13,FORD TRANSIT,-1,-1,0,-1
2023141317414,2023,141317414,1,19,0,18,19,8,4,0,0,8,0,0,7,1,1,1,6,6,1,33,6,1995,2,2,FORD TRANSIT,2,E01007697,0,-1
2023161369632,2023,161369632,2,19,0,18,19,5,1,0,0,1,0,0,0,0,1,1,6,6,3,-1,-1,2402,2,12,FORD TRANSIT,-1,-1,0,-1
2023421322952,2023,421322952,1,19,0,4,4,3,7,0,0,0,0,0,0,0,1,1,1,1,1,39,7,1995,2,5,FORD TRANSIT,8,E01002318,0,-1
2023041284750,2023,041284750,3,19,4,18,19,3,7,0,0,1,0,0,0,0,0,1,2,2,1,45,7,1995,2,6,FORD TRANSIT,10,E01004924,0,-1
2023201284883,2023,201284883,2,19,0,2,2,0,0,0,0,8,0,0,0,0,2,1,6,6,1,47,8,2198,2,8,FORD TRANSIT,6,E01010075,0,-1
2023070606616,2023,070606616,3,19,0,3,3,7,2,0,0,1,0,0,0,0,2,1,1,1,1,61,9,1995,2,7,FORD TRANSIT,5,E01018483,0,-1
2023471426022,2023,471426022,3,19,0,2,2,5,1,0,0,0,0,0,0,0,2,1,6,6,3,-1,-1,1995,2,1,FORD TRANSIT,-1,-1,0,-1
2023471322323,2023,471322323,1,19,0,18,19,8,4,0,0,1,0,0,0,0,1,1,6,6,1,36,7,2198,2,15,FORD TRANSIT,9,E01016934,0,-1
2023010435615,2023,010435615,2,19,0,99,99,9,9,99,99,9,9,99,9,99,2,9,6,6,3,-1,-1,2198,2,7,FORD TRANSIT,-1,-1,0,-1
2023351391118,2023,351391118,2,20,0,18,19,7,3,0,0,0,0,0,0,0,2,1,2,2,1,37,7,1995,2,1,FORD TRANSIT,2,E01013585,0,-1
2023161293781,2023,161293781,1,19,0,18,19,8,4,0,0,0,0,10,1,1,1,1,6,6,1,23,5,1995,2,1,FORD TRANSIT,4,E01013183,0,-1
2023010463651,2023,010463651,2,19,0,5,5,7,3,0,0,2,0,0,0,0,1,1,1,1,1,47,8,1995,2,0,FORD TRANSIT,1,E01015932,0,-1
2023010485419,2023,010485419,1,19,0,9,9,1,8,0,0,1,0,0,0,0,1,1,1,1,1,63,9,1995,2,0,FORD TRANSIT,2,E01004455,0,-1
2023421284761,2023,421284761,2,19,0,3,3,4,8,0,0,0,0,0,0,0,2,1,1,1,1,41,7,1995,2,5,FORD TRANSIT,1,E01004312,0,-1
2023991345106,2023,991345106,1,19,0,16,19,7,3,0,0,0,5,0,2,11,1,1,6,6,1,25,5,2402,2,18,FORD TRANSIT,-1,-1,0,-1
2023351363924,2023,351363924,1,19,0,4,4,-1,-1,0,0,8,0,0,0,0,1,1,6,6,1,33,6,1995,2,1,FORD TRANSIT,2,E01015601,0,-1
2023010473806,2023,010473806,2,19,0,12,12,1,5,0,0,1,0,0,0,0,1,1,6,6,1,54,8,1995,2,1,FORD TRANSIT,2,E01032722,0,-1
2023451306988,2023,451306988,1,19,0,18,19,7,3,0,0,0,0,0,0,0,4,1,6,6,1,35,6,2198,2,11,FORD TRANSIT,3,E01001900,0,-1
2023010470279,2023,010470279,1,19,0,18,19,1,5,0,0,8,0,0,0,0,4,1,6,6,1,40,7,1995,2,3,FORD TRANSIT,7,E01000237,0,-1
2023471328886,2023,471328886,1,19,0,18,19,3,7,0,0,0,0,0,0,0,4,1,6,6,1,49,8,2402,2,18,FORD TRANSIT,10,E01031706,0,-1
2023371370441,2023,371370441,1,19,0,18,19,4,8,0,0,5,0,0,0,0,1,1,1,1,1,42,7,1995,2,2,FORD TRANSIT,1,E01029982,0,-1
2023061273118,2023,061273118,1,19,0,3,3,5,1,0,0,1,0,0,0,0,1,1,1,1,3,30,6,-1,3,1,FORD TRANSIT,2,E01010017,0,-1
2023332300317,2023,332300317,1,19,0,3,3,6,2,0,0,1,0,0,0,0,2,1,1,1,1,52,8,2402,2,16,FORD TRANSIT,6,E01025863,0,-1
2023131303761,2023,131303761,1,19,0,9,9,5,3,0,0,8,1,0,0,0,4,1,1,1,1,40,7,2402,2,18,FORD TRANSIT,1,E01011366,0,-1
2023361290403,2023,361290403,2,19,0,18,19,4,8,0,0,3,0,0,0,0,4,1,6,6,1,54,8,2402,2,15,FORD TRANSIT,2,E01018063,0,-1
2023311311744,2023,311311744,1,19,0,18,19,6,2,0,0,0,0,0,0,0,1,1,6,6,1,32,6,2402,2,16,FORD TRANSIT,1,E01013940,0,-1
2023332301026,2023,332301026,1,19,0,18,19,3,7,0,0,8,0,0,0,0,1,1,2,2,1,36,7,2402,2,13,FORD TRANSIT,2,E01013694,0,-1
2023010446668,2023,010446668,2,19,0,10,10,8,6,0,0,1,1,0,1,0,1,1,2,2,1,43,7,1995,2,5,FORD TRANSIT,2,E01001703,0,-1
2023421368921,2023,421368921,1,19,0,1,1,1,5,0,0,0,0,0,0,0,2,1,6,6,1,58,9,1995,2,5,FORD TRANSIT,7,E01021407,0,-1
2023161352697,2023,161352697,2,19,0,18,19,2,6,0,0,8,0,0,0,0,1,1,6,6,1,-1,-1,2198,2,15,FORD TRANSIT,-1,-1,0,-1
2023221265406,2023,221265406,2,19,0,2,2,0,0,0,0,0,0,0,0,0,1,1,1,1,1,25,5,1995,2,1,FORD TRANSIT,1,E01033633,0,-1
2023010457667,2023,010457667,1,19,0,18,19,7,3,0,0,0,0,0,0,0,1,1,1,1,1,38,7,1995,2,3,FORD TRANSIT,6,E01004351,0,-1
2023041331302,2023,041331302,1,19,4,7,7,5,1,0,0,1,0,0,0,0,4,1,1,1,1,61,9,2402,2,16,FORD TRANSIT,5,E01025009,0,-1
2023010423671,2023,010423671,2,19,0,99,99,9,9,99,99,9,9,99,9,99,9,9,6,6,3,36,7,2198,2,7,FORD TRANSIT,6,W01000918,0,-1
2023631323705,2023,631323705,2,19,4,18,19,8,4,0,0,0,0,0,0,0,1,1,1,1,1,61,9,2198,2,8,FORD TRANSIT,7,W01000623,0,-1
2023991314714,2023,991314714,1,19,4,18,19,2,6,0,0,0,0,0,0,0,4,1,1,1,1,21,5,1995,2,2,FORD TRANSIT,7,-1,0,-1
2023201416041,2023,201416041,2,19,0,18,19,2,6,0,0,8,0,0,0,0,4,1,6,6,1,-1,-1,2402,2,17,FORD TRANSIT,-1,-1,0,-1
2023041280668,2023,041280668,2,19,0,3,3,5,1,0,0,0,0,0,0,0,3,1,1,1,1,22,5,1995,2,2,FORD TRANSIT,1,E01012698,0,-1
2023122301127,2023,122301127,1,19,0,13,13,2,6,0,0,0,0,0,0,0,4,1,6,6,3,-1,-1,2198,2,15,FORD TRANSIT,-1,-1,0,-1