collision_index,collision_year,collision_ref_no,vehicle_reference,vehicle_type,towing_and_articulation,vehicle_manoeuvre_historic,vehicle_manoeuvre,vehicle_direction_from,vehicle_direction_to,vehicle_location_restricted_lane_historic,vehicle_location_restricted_lane,junction_location,skidding_and_overturning,hit_object_in_carriageway,vehicle_leaving_carriageway,hit_object_off_carriageway,first_point_of_impact,vehicle_left_hand_drive,journey_purpose_of_driver_historic,journey_purpose_of_driver,sex_of_driver,age_of_driver,age_band_of_driver,engine_capacity_cc,propulsion_code,age_of_vehicle,generic_make_model,driver_imd_decile,lsoa_of_driver,escooter_flag,driver_distance_banding
2023052301324,2023,052301324,1,19,0,18,19,5,1,0,0,0,0,0,0,0,1,1,1,1,1,60,9,1995,2,4,FORD TRANSIT,5,E01006502,0,-1
2023471331949,2023,471331949,2,19,0,2,2,0,0,0,0,0,0,0,0,0,2,1,6,6,3,-1,-1,2198,2,7,FORD TRANSIT,-1,-1,0,-1
2023131276214,2023,131276214,2,19,0,9,9,5,1,0,0,5,0,0,0,0,4,1,1,1,1,23,5,1995,2,2,FORD TRANSIT,1,E01011811,0,-1
2023531304151,2023,531304151,1,19,0,18,19,5,1,0,0,6,0,0,3,11,3,1,1,1,1,57,9,1995,2,6,FORD TRANSIT,1,E01022291,0,-1
2023351296685,2023,351296685,2,19,0,18,19,7,3,0,0,0,0,0,0,0,1,1,1,1,1,50,8,1995,2,6,FORD TRANSIT,2,E01000223,0,-1
2023010462497,2023,010462497,1,19,0,5,5,5,1,0,0,1,0,0,0,0,1,1,1,1,1,32,6,1995,2,2,FORD TRANSIT,4,E01003412,0,-1
2023010463290,2023,010463290,1,19,0,5,5,0,7,0,0,2,0,0,0,0,3,1,1,1,1,58,9,2198,2,7,FORD TRANSIT,-1,-1,0,-1
2023461283270,2023,461283270,3,19,0,18,19,2,6,0,0,1,0,0,0,0,1,1,6,6,1,23,5,1995,2,3,FORD TRANSIT,2,E01024686,0,-1
2023401325263,2023,401325263,2,19,0,9,9,5,3,0,0,8,0,0,0,0,1,1,1,1,1,40,7,1995,2,3,FORD TRANSIT,-1,-1,0,-1
2023010464849,2023,010464849,2,19,0,7,7,1,3,0,0,1,0,0,0,0,1,1,6,6,1,-1,-1,2198,2,15,FORD TRANSIT,2,E01003337,0,-1
2023141379105,2023,141379105,1,19,0,18,19,1,5,0,0,0,0,0,0,0,1,1,1,1,1,51,8,-1,3,0,FORD TRANSIT,4,E01007817,0,-1
2023010464002,2023,010464002,1,19,0,99,99,9,9,99,99,9,9,99,9,99,1,1,6,6,1,-1,-1,2198,2,13,FORD TRANSIT,7,E01021867,0,-1
2023361340378,2023,361340378,2,19,0,2,2,0,0,0,0,0,0,0,0,0,3,1,6,6,3,-1,-1,2198,2,9,FORD TRANSIT,-1,-1,0,-1
2023401326172,2023,401326172,1,19,0,16,19,1,5,0,0,0,0,0,1,9,1,1,1,1,1,25,5,1995,2,3,FORD TRANSIT,6,E01017550,0,-1
2023421300801,2023,421300801,1,19,0,18,19,1,7,0,0,0,0,0,0,0,1,1,6,6,1,-1,-1,2402,2,18,FORD TRANSIT,1,E01022032,0,-1
2023361327008,2023,361327008,1,10,0,18,19,7,3,0,0,0,0,0,0,0,1,1,5,6,1,70,10,2198,2,10,FORD TRANSIT,1,E01012858,0,-1
2023101366089,2023,101366089,1,19,0,1,1,6,6,0,0,1,0,0,0,0,2,1,6,6,1,73,10,2402,2,22,FORD TRANSIT,-1,-1,0,-1
2023311310707,2023,311310707,1,19,0,11,11,7,3,0,0,0,0,0,0,0,2,1,6,6,1,30,6,1995,2,4,FORD TRANSIT,8,E01028327,0,-1
2023501334256,2023,501334256,2,19,0,18,19,1,5,0,0,0,0,0,0,0,3,1,1,1,1,21,5,1995,2,7,FORD TRANSIT,8,E01019944,0,-1
2023501343230,2023,501343230,3,19,0,18,19,3,7,0,0,0,0,0,0,0,1,1,1,1,1,25,5,1995,2,2,FORD TRANSIT,-1,-1,0,-1
2023440304950,2023,440304950,2,19,0,18,19,4,8,0,0,8,0,0,0,0,4,1,1,1,1,42,7,1995,2,1,FORD TRANSIT,3,E01022904,0,-1
2023071212024,2023,071212024,2,19,0,2,2,0,0,0,0,0,0,0,0,0,2,1,1,1,1,34,6,1995,2,2,FORD TRANSIT,1,E01006871,0,-1
2023201448222,2023,201448222,1,19,0,7,7,2,4,0,0,5,0,4,1,10,3,1,6,6,1,25,5,2198,2,16,FORD TRANSIT,5,E01032330,0,-1
2023622301011,2023,622301011,1,19,0,18,19,8,4,0,0,0,0,0,0,0,1,1,1,1,1,38,7,2198,2,10,FORD TRANSIT,1,W01000863,0,-1
2023052301165,2023,052301165,2,19,0,2,2,0,0,0,0,0,0,4,0,0,2,1,6,6,3,-1,-1,2402,2,12,FORD TRANSIT,-1,-1,0,-1
202360A035811,2023,60A035811,1,19,0,16,19,6,2,0,0,1,1,0,0,0,3,1,1,1,1,35,6,2198,2,15,FORD TRANSIT,-1,-1,0,-1
2023549803623,2023,549803623,2,19,0,2,2,0,0,0,0,0,0,0,0,0,2,1,6,6,1,-1,-1,2402,2,17,FORD TRANSIT,5,E01031933,0,-1
2023461394724,2023,461394724,6,19,0,18,19,3,7,0,0,0,0,0,0,0,1,1,6,6,1,48,8,2198,2,8,FORD TRANSIT,-1,-1,0,-1
2023302301400,2023,302301400,1,19,0,1,1,3,7,9,9,2,0,0,7,0,2,1,6,6,1,49,8,2198,2,9,FORD TRANSIT,1,E01019527,0,-1
2023411380394,2023,411380394,1,19,5,9,9,8,6,0,0,2,0,0,0,0,3,1,1,1,1,25,5,1995,2,3,FORD TRANSIT,6,E01002141,0,-1
2023320271311,2023,320271311,1,19,0,18,19,2,6,0,0,0,0,0,0,0,1,1,6,6,1,36,7,2198,2,12,FORD TRANSIT,3,E01026024,0,-1
2023010478276,2023,010478276,1,19,0,5,5,1,5,0,0,2,0,0,0,0,1,1,1,1,1,51,8,2198,2,16,FORD TRANSIT,3,E01000984,0,-1
2023010479920,2023,010479920,2,19,0,4,4,5,1,0,0,0,0,0,0,0,2,1,6,6,3,-1,-1,2402,2,14,FORD TRANSIT,-1,-1,0,-1
2023340WN9032,2023,340WN9032,1,20,0,18,19,5,1,0,0,1,0,0,0,0,1,1,6,6,1,30,6,-1,-1,-1,FORD TRANSIT,3,E01027009,0,-1
2023010429521,2023,010429521,1,19,0,18,19,7,3,0,0,1,0,0,0,0,1,1,6,6,1,29,6,1995,2,2,FORD TRANSIT,3,E01003736,0,-1
2023501355303,2023,501355303,2,19,0,18,19,7,3,0,0,0,0,0,0,0,1,1,6,6,1,28,6,2198,2,12,FORD TRANSIT,10,E01014911,0,-1
2023411335682,2023,411335682,1,19,0,16,19,5,1,0,0,0,2,0,5,6,3,1,6,6,1,18,4,2198,2,15,FORD TRANSIT,3,E01024717,0,-1
2023501375700,2023,501375700,1,19,0,18,19,4,8,0,0,0,0,0,0,0,1,1,6,6,1,48,8,2402,2,14,FORD TRANSIT,3,E01015093,0,-1
2023010459268,2023,010459268,2,19,0,18,19,1,5,0,0,0,0,0,0,0,1,1,6,6,1,41,7,2400,2,14,FORD TRANSIT,-1,-1,0,-1
2023061373548,2023,061373548,1,19,0,9,9,1,6,0,0,8,0,0,0,0,1,1,6,6,1,31,6,2402,2,18,FORD TRANSIT,2,E01005146,0,-1
2023010480900,2023,010480900,1,19,0,5,5,7,3,0,0,1,0,0,0,0,3,1,1,1,1,28,6,1995,2,2,FORD TRANSIT,4,E01002507,0,-1
2023010443581,2023,010443581,2,19,0,99,99,9,9,99,99,9,9,99,9,99,2,9,6,6,3,-1,-1,2198,2,13,FORD TRANSIT,-1,-1,0,-1
2023522400443,2023,522400443,1,19,0,18,19,6,2,0,0,4,0,9,3,1,1,1,6,6,1,27,6,2198,2,15,FORD TRANSIT,3,E01014811,0,-1
2023421285089,2023,421285089,1,19,0,5,5,7,3,0,0,6,0,0,0,0,3,1,6,6,3,-1,-1,1998,2,17,FORD TRANSIT,4,E01021984,0,-1
2023311381669,2023,311381669,2,19,0,1,1,8,3,0,0,8,0,0,0,0,2,1,6,6,1,30,6,1998,2,21,FORD TRANSIT,6,E01028191,0,-1
2023010460557,2023,010460557,1,19,0,4,4,7,3,0,0,1,0,0,0,0,2,1,1,1,1,39,7,1995,2,6,FORD TRANSIT,8,E01002382,0,-1
2023461326413,2023,461326413,1,19,0,18,19,5,1,0,0,1,0,0,0,0,-1,1,5,6,1,33,6,1995,2,5,FORD TRANSIT,10,E01024718,0,-1
2023991356203,2023,991356203,1,19,0,18,19,3,7,0,0,8,0,0,0,0,1,1,5,6,1,29,6,1995,2,2,FORD TRANSIT,2,-1,0,-1
2023052300377,2023,052300377,1,19,0,5,5,4,8,0,0,6,0,0,0,0,4,1,1,1,1,29,6,1995,2,2,FORD TRANSIT,2,E01012535,0,-1
2023141381795,2023,141381795,2,19,0,18,19,8,4,0,0,1,0,0,0,0,1,1,6,6,1,23,5,1995,2,3,FORD TRANSIT,5,E01008034,0,-1
2023631312867,2023,631312867,2,19,0,18,19,6,2,0,0,0,0,0,0,0,0,1,2,2,1,47,8,2198,2,12,FORD TRANSIT,10,W01000432,0,-1
2023440092763,2023,440092763,2,20,4,18,19,8,4,0,0,0,0,0,0,0,1,1,1,1,1,37,7,1995,2,5,FORD TRANSIT,2,E01022900,0,-1
2023061376314,2023,061376314,1,19,0,9,9,1,7,0,0,5,0,0,0,0,4,1,5,6,1,64,9,1995,2,1,FORD TRANSIT,2,E01025075,0,-1
2023052301878,2023,052301878,1,19,0,9,9,2,6,0,0,1,0,0,0,0,1,1,1,1,1,28,6,1995,2,3,FORD TRANSIT,3,E01006496,0,-1
2023461394133,2023,461394133,1,19,0,7,7,7,2,0,0,0,1,0,0,0,1,1,1,1,1,25,5,2198,2,15,FORD TRANSIT,3,E01021687,0,-1
2023201379742,2023,201379742,2,19,0,18,19,2,6,0,0,8,0,0,0,0,3,1,1,1,1,61,9,2198,2,11,FORD TRANSIT,8,E01010395,0,-1
2023501260118,2023,501260118,2,19,0,7,7,7,3,2,2,1,0,0,0,0,4,1,6,6,1,30,6,2198,2,10,FORD TRANSIT,-1,-1,0,-1
2023991314589,2023,991314589,1,19,0,16,19,2,5,0,0,5,2,0,7,1,1,1,1,1,1,29,6,1995,2,3,FORD TRANSIT,1,-1,0,-1
2023131296782,2023,131296782,1,19,0,13,13,5,1,0,0,0,0,0,0,0,4,1,1,1,1,57,9,1995,2,2,FORD TRANSIT,1,E01011363,0,-1
2023010468382,2023,010468382,4,19,0,14,14,5,1,0,0,2,0,0,0,0,3,1,1,1,1,46,8,2198,2,9,FORD TRANSIT,3,E01002542,0,-1
2023451361981,2023,451361981,1,20,0,18,19,1,3,0,0,0,0,0,0,0,4,1,1,1,1,53,8,-1,3,0,FORD TRANSIT,6,E01002639,0,-1
2023351345081,2023,351345081,2,19,0,9,9,1,7,0,0,8,0,0,3,0,3,1,1,1,1,59,9,2198,2,11,FORD TRANSIT,5,E01017412,0,-1
2023010446616,2023,010446616,2,19,0,18,19,1,5,0,0,0,0,0,0,0,1,1,6,6,1,30,6,2402,2,12,FORD TRANSIT,2,E01004570,0,-1
2023052301044,2023,052301044,1,19,4,18,19,5,1,0,0,0,0,0,0,0,1,1,1,1,1,43,7,1995,2,0,FORD TRANSIT,4,E01025407,0,-1
2023311342578,2023,311342578,2,19,0,18,19,7,2,0,0,0,0,0,0,0,1,1,6,6,1,32,6,2402,2,16,FORD TRANSIT,2,E01028319,0,-1
2023351363719,2023,351363719,2,19,0,18,19,1,5,0,0,0,0,0,0,0,3,1,1,1,1,59,9,2402,2,14,FORD TRANSIT,10,E01023586,0,-1
2023141295515,2023,141295515,1,19,0,18,19,7,3,0,0,1,0,0,0,0,4,1,1,1,1,24,5,2198,2,7,FORD TRANSIT,2,E01007326,0,-1
2023010459483,2023,010459483,2,19,0,99,99,9,9,99,99,9,9,99,9,99,1,9,6,6,3,-1,-1,1995,2,4,FORD TRANSIT,-1,-1,0,-1
2023340NN0962,2023,340NN0962,2,19,0,18,19,2,6,0,0,1,0,0,0,0,1,1,6,6,1,49,8,1995,2,6,FORD TRANSIT,1,E01027235,0,-1
2023421292197,2023,421292197,2,19,0,17,19,1,5,0,0,0,0,0,1,7,3,1,1,1,1,62,9,1995,2,1,FORD TRANSIT,6,E01021743,0,-1
2023010427676,2023,010427676,2,19,0,18,19,7,3,0,0,2,0,0,0,0,1,1,1,1,1,62,9,1995,2,1,FORD TRANSIT,4,E01033729,0,-1
2023501349866,2023,501349866,2,19,4,18,19,3,7,0,0,1,3,0,1,0,4,1,1,1,1,43,7,2402,2,16,FORD TRANSIT,3,E01020294,0,-1
2023531348095,2023,531348095,1,19,0,7,7,1,5,0,0,1,0,0,0,0,4,1,6,6,1,-1,-1,1995,2,6,FORD TRANSIT,-1,-1,0,-1
2023471268970,2023,471268970,1,19,0,7,7,1,4,0,0,1,0,0,1,0,1,1,2,2,1,44,7,2198,2,7,FORD TRANSIT,6,E01016996,0,-1
2023543351223,2023,543351223,1,10,0,18,19,2,6,0,0,1,0,0,0,0,1,1,3,7,1,62,9,2198,2,11,FORD TRANSIT,7,E01031979,0,-1
2023070352437,2023,070352437,2,19,0,4,4,6,2,0,0,0,0,0,0,0,2,1,1,1,1,49,8,1995,2,5,FORD TRANSIT,-1,-1,0,-1
2023440511485,2023,440511485,1,19,0,1,1,7,3,0,0,0,0,0,0,0,2,1,1,1,1,21,5,2402,2,17,FORD TRANSIT,4,E01017104,0,-1
2023471356645,2023,471356645,1,19,0,18,19,3,7,0,0,1,0,0,0,0,4,1,2,2,1,35,6,2198,2,13,FORD TRANSIT,10,E01031412,0,-1
2023411280796,2023,411280796,1,19,0,16,19,6,1,0,0,0,1,0,0,0,1,1,1,1,1,28,6,2402,2,14,FORD TRANSIT,9,E01017447,0,-1
2023010437013,2023,010437013,1,19,0,18,19,1,5,0,0,2,0,0,0,0,3,1,1,1,1,26,6,1995,2,4,FORD TRANSIT,8,E01000371,0,-1
2023201403480,2023,201403480,1,19,0,18,19,4,8,0,0,0,0,0,0,0,3,1,1,1,1,70,10,2402,2,13,FORD TRANSIT,1,E01009311,0,-1
2023471361839,2023,471361839,2,19,0,18,19,3,3,0,0,1,0,0,0,0,1,1,6,6,1,22,5,2198,2,9,FORD TRANSIT,9,E01021095,0,-1
2023052300892,2023,052300892,2,19,0,2,2,0,0,0,0,0,0,0,0,0,2,1,6,6,3,-1,-1,1998,2,17,FORD TRANSIT,-1,-1,0,-1
2023461377231,2023,461377231,2,19,4,18,19,7,3,0,0,0,0,0,0,0,2,1,1,1,1,42,7,2198,2,8,FORD TRANSIT,7,E01000573,0,-1
2023010423524,2023,010423524,3,19,0,3,3,5,1,0,0,0,0,0,0,0,3,1,6,6,1,37,7,2402,2,19,FORD TRANSIT,8,E01002230,0,-1
2023010459585,2023,010459585,2,19,0,7,7,5,8,0,0,1,0,0,0,0,0,2,6,6,1,-1,-1,2198,2,12,FORD TRANSIT,4,E01016074,0,-1
2023471326358,2023,471326358,2,19,0,18,19,2,6,0,0,1,0,0,0,0,3,1,2,2,2,51,8,1995,2,5,FORD TRANSIT,6,E01021046,0,-1
2023522300701,2023,522300701,1,19,0,8,8,4,7,0,0,3,0,0,0,0,2,1,1,1,1,35,6,1995,2,3,FORD TRANSIT,4,E01013986,0,-1
2023361371325,2023,361371325,2,19,0,18,19,7,3,0,0,1,0,0,0,0,1,1,5,6,1,53,8,-1,-1,-1,FORD TRANSIT,5,E01026443,0,-1
2023411393841,2023,411393841,1,19,0,18,19,7,3,0,0,0,0,0,0,0,4,1,6,6,1,55,8,2198,2,7,FORD TRANSIT,10,E01023456,0,-1
2023131305437,2023,131305437,2,19,4,17,19,5,1,0,0,0,0,0,0,0,4,1,1,1,1,46,8,1995,2,6,FORD TRANSIT,4,E01010866,0,-1
2023311345068,2023,311345068,1,19,0,5,5,1,5,0,0,2,0,0,0,0,3,1,1,1,1,36,7,2198,2,8,FORD TRANSIT,-1,-1,0,-1
2023211261589,2023,211261589,1,19,0,7,7,7,3,0,0,5,0,0,0,0,4,1,1,1,1,62,9,1995,2,5,FORD TRANSIT,5,E01029774,0,-1
2023302301900,2023,302301900,1,19,0,9,9,2,8,0,0,5,0,0,0,0,1,1,6,6,1,33,6,1995,2,1,FORD TRANSIT,-1,-1,0,-1
2023010435894,2023,010435894,2,19,0,13,13,1,5,0,0,8,0,0,0,0,1,1,6,6,1,36,7,2198,2,15,FORD TRANSIT,9,E01003457,0,-1
2023471360349,2023,471360349,1,19,0,18,19,1,5,0,0,1,0,0,0,0,1,1,6,6,3,-1,-1,2402,2,16,FORD TRANSIT,-1,-1,0,-1
2023052300225,2023,052300225,1,19,0,1,1,7,3,0,0,0,0,0,0,0,2,1,1,1,1,30,6,1995,2,1,FORD TRANSIT,2,E01005250,0,-1
2023430338671,2023,430338671,2,19,0,18,19,5,1,0,0,1,0,0,0,0,1,1,6,6,1,35,6,2198,2,8,FORD TRANSIT,-1,-1,0,-1
2023411361996,2023,411361996,2,19,0,9,9,7,5,0,0,6,0,0,0,0,1,1,5,6,1,67,10,2198,2,13,FORD TRANSIT,7,E01023739,0,-1
2023421338204,2023,421338204,1,19,0,16,19,1,5,0,0,0,1,0,0,0,1,1,1,1,1,38,7,2402,2,22,FORD TRANSIT,5,E01021909,0,-1
2023340WN3292,2023,340WN3292,2,19,0,2,2,0,0,0,0,2,0,0,0,0,3,1,6,6,3,-1,-1,2198,2,9,FORD TRANSIT,-1,-1,0,-1
2023371331929,2023,371331929,1,19,0,18,19,7,3,0,0,1,0,0,0,0,1,1,1,1,1,63,9,2198,2,7,FORD TRANSIT,2,E01030024,0,-1
2023501386935,2023,501386935,1,19,0,18,19,6,2,0,0,0,0,0,0,0,4,1,1,1,1,47,8,1995,2,5,FORD TRANSIT,5,E01019021,0,-1
2023101327378,2023,101327378,2,19,0,18,19,2,6,0,0,0,0,0,1,0,3,1,1,1,1,65,9,1995,2,1,FORD TRANSIT,4,E01008198,0,-1
2023010434734,2023,010434734,1,19,0,18,19,7,3,0,0,0,0,0,0,0,2,1,1,1,1,41,7,1995,2,1,FORD TRANSIT,3,E01001764,0,-1
2023411369445,2023,411369445,1,19,0,4,4,1,5,0,0,0,0,0,0,0,1,1,2,2,1,59,9,2198,2,12,FORD TRANSIT,5,E01023631,0,-1
2023461387866,2023,461387866,1,19,0,6,6,8,5,0,0,1,0,0,0,0,2,1,6,6,1,39,7,2198,2,10,FORD TRANSIT,9,E01024376,0,-1
2023361341855,2023,361341855,1,19,0,9,9,5,3,0,0,0,0,0,0,0,4,1,1,1,1,53,8,2198,2,7,FORD TRANSIT,10,E01006237,0,-1
2023411270265,2023,411270265,1,19,0,13,13,2,6,0,0,0,0,0,0,0,4,1,6,6,1,-1,-1,1995,2,6,FORD TRANSIT,-1,-1,0,-1
2023010438974,2023,010438974,1,19,0,5,5,1,5,0,0,8,0,0,0,0,1,1,1,1,1,21,5,2402,2,15,FORD TRANSIT,7,E01002328,0,-1
2023351351306,2023,351351306,1,19,0,-1,-1,-1,-1,-1,-1,0,-1,-1,-1,0,-1,1,6,6,1,22,5,2198,2,13,FORD TRANSIT,8,E01026977,0,-1
2023411265372,2023,411265372,1,19,0,9,9,2,8,0,0,3,0,0,0,0,4,1,2,2,1,31,6,1995,2,4,FORD TRANSIT,6,E01017616,0,-1
2023010471890,2023,010471890,2,19,0,99,99,9,9,99,99,9,9,99,9,99,2,9,6,6,3,-1,-1,1995,2,2,FORD TRANSIT,-1,-1,0,-1
2023991349462,2023,991349462,2,19,0,2,2,0,0,0,0,1,0,0,0,0,2,1,6,6,3,-1,-1,1995,2,1,FORD TRANSIT,-1,-1,0,-1
2023320693352,2023,320693352,1,19,0,18,19,6,2,0,0,0,0,0,0,0,1,1,1,1,1,37,7,2402,2,13,FORD TRANSIT,9,E01026274,0,-1
2023131272511,2023,131272511,3,19,0,2,2,6,2,0,0,0,0,0,0,0,2,1,6,6,3,-1,-1,2198,2,12,FORD TRANSIT,-1,-1,0,-1
2023440297910,2023,440297910,1,19,0,10,10,3,7,0,0,1,0,0,0,0,2,1,1,1,1,28,6,2198,2,7,FORD TRANSIT,9,E01023003,0,-1
2023531351228,2023,531351228,3,19,0,7,7,7,1,0,0,8,0,0,0,0,0,1,1,1,1,49,8,1995,2,3,FORD TRANSIT,10,E01016621,0,-1
2023991354287,2023,991354287,1,19,0,18,19,3,6,0,0,0,0,0,0,0,1,1,1,1,1,35,6,1995,2,6,FORD TRANSIT,1,-1,0,-1
2023010463025,2023,010463025,1,19,0,99,99,9,9,99,99,9,9,99,9,99,1,9,1,1,1,19,4,1995,2,3,FORD TRANSIT,5,E01024319,0,-1
2023440030175,2023,440030175,2,19,0,18,19,5,1,0,0,1,0,0,0,0,1,1,6,6,1,31,6,2402,2,20,FORD TRANSIT,3,E01017349,0,-1
2023070242578,2023,070242578,1,19,0,5,5,4,8,0,0,0,0,0,0,0,4,1,6,6,1,68,10,2402,2,15,FORD TRANSIT,5,E01018418,0,-1
2023141392159,2023,141392159,1,19,0,9,9,5,3,0,0,5,0,0,0,0,1,1,6,6,1,-1,-1,2402,2,12,FORD TRANSIT,-1,-1,0,-1
2023540940223,2023,540940223,1,19,0,4,4,1,5,0,0,1,0,0,0,0,0,1,6,6,1,86,11,2198,2,10,FORD TRANSIT,5,E01031908,0,-1
2023461300705,2023,461300705,3,19,0,4,4,2,6,0,0,0,0,0,0,0,2,1,1,1,1,36,7,1995,2,5,FORD TRANSIT,1,E01024597,0,-1
2023522400283,2023,522400283,1,19,0,1,1,7,3,0,0,6,0,0,0,0,3,1,6,6,1,32,6,2198,2,13,FORD TRANSIT,1,E01032515,0,-1
2023461315252,2023,461315252,1,19,0,1,1,2,6,0,0,0,0,0,0,0,2,1,6,6,1,52,8,2402,2,17,FORD TRANSIT,7,E01024157,0,-1
2023461356808,2023,461356808,1,19,0,18,19,1,5,0,0,0,0,0,1,9,0,1,1,1,1,42,7,2402,2,16,FORD TRANSIT,3,E01024352,0,-1
2023320598991,2023,320598991,3,19,0,3,3,4,8,0,0,1,0,0,0,0,4,1,2,2,1,42,7,2402,2,14,FORD TRANSIT,3,E01026017,0,-1
2023440508098,2023,440508098,4,19,0,16,19,3,7,0,0,0,0,0,0,0,1,1,1,1,1,66,10,1995,2,5,FORD TRANSIT,6,E01022507,0,-1
2023371318256,2023,371318256,1,19,0,7,7,8,2,0,0,1,0,0,0,0,1,1,2,2,1,35,6,1995,2,6,FORD TRANSIT,-1,-1,0,-1
2023531305305,2023,531305305,2,19,0,9,9,7,3,0,0,3,0,0,0,0,4,1,6,6,1,67,10,1995,2,4,FORD TRANSIT,4,E01022173,0,-1
2023501357393,2023,501357393,1,19,4,18,19,4,8,0,0,1,0,0,0,0,1,1,1,1,1,67,10,1995,2,5,FORD TRANSIT,5,E01018940,0,-1
2023010450537,2023,010450537,1,19,0,9,9,5,3,0,0,2,0,0,0,0,1,1,1,1,1,38,7,2198,2,9,FORD TRANSIT,-1,-1,0,-1
2023991316937,2023,991316937,1,19,0,4,4,6,3,0,0,0,0,0,0,0,1,1,6,6,1,32,6,1995,2,6,FORD TRANSIT,9,-1,0,-1
2023440507981,2023,440507981,3,19,0,18,19,4,8,0,0,0,0,0,0,0,1,1,6,6,1,38,7,2198,2,7,FORD TRANSIT,9,E01022947,0,-1
2023122300942,2023,122300942,2,19,0,18,19,6,2,0,0,1,0,0,0,0,1,1,1,1,1,46,8,1995,2,3,FORD TRANSIT,6,E01027628,0,-1
2023010471361,2023,010471361,2,19,0,18,19,7,3,0,0,0,0,0,0,0,4,1,6,6,1,-1,-1,1995,2,2,FORD TRANSIT,2,E01015759,0,-1
2023231396743,2023,231396743,2,19,0,18,19,2,6,0,0,0,0,0,0,0,1,1,1,1,1,56,9,2402,2,17,FORD TRANSIT,1,E01009572,0,-1
202354A890523,2023,54A890523,1,10,0,18,19,7,3,0,0,0,0,0,0,0,1,1,3,7,1,77,11,2400,2,11,FORD TRANSIT,9,E01032106,0,-1
2023061353476,2023,061353476,1,19,0,4,4,6,2,0,0,0,0,0,0,0,1,1,6,6,1,-1,-1,1995,2,4,FORD TRANSIT,-1,-1,0,-1
2023501320963,2023,501320963,1,19,0,17,19,7,3,0,0,0,2,10,2,10,4,1,1,1,1,36,7,1995,2,1,FORD TRANSIT,2,E01010472,0,-1
2023991304911,2023,991304911,1,19,0,18,19,6,2,0,0,1,0,0,0,0,1,1,1,1,1,28,6,1995,2,3,FORD TRANSIT,3,-1,0,-1
2023010442363,2023,010442363,1,21,0,2,2,0,0,0,0,0,0,0,0,0,2,1,6,6,3,-1,-1,1995,2,2,-1,-1,-1,0,-1
2023231368767,2023,231368767,1,19,0,18,19,2,6,0,0,3,0,0,0,0,1,1,6,6,1,27,6,2198,2,10,FORD TRANSIT,7,E01009613,0,-1
2023010428719,2023,010428719,2,19,0,99,99,9,9,99,99,9,9,99,9,99,9,9,6,6,1,64,9,2198,2,10,FORD TRANSIT,5,E01023542,0,-1
2023520301580,2023,520301580,1,19,0,18,19,7,2,0,0,0,0,0,0,0,2,1,6,6,1,42,7,2402,2,15,FORD TRANSIT,5,E01029059,0,-1
2023520300397,2023,520300397,3,19,0,18,19,5,1,0,0,8,0,0,0,0,1,1,6,6,1,30,6,2402,2,13,FORD TRANSIT,-1,-1,0,-1
2023320660827,2023,320660827,2,19,0,18,19,5,1,0,0,0,0,0,0,0,3,1,2,2,1,45,7,1995,2,4,FORD TRANSIT,10,E01013116,0,-1
2023101375824,2023,101375824,1,19,0,18,19,6,2,0,0,0,0,0,0,0,1,1,6,6,1,44,7,2198,2,8,FORD TRANSIT,9,E01008194,0,-1
2023141357505,2023,141357505,2,19,0,18,19,7,3,0,0,0,0,0,7,0,1,1,2,2,1,31,6,1995,2,0,FORD TRANSIT,1,E01007365,0,-1
2023432304161,2023,432304161,2,19,0,18,19,2,6,0,0,0,0,0,0,0,1,1,1,1,1,57,9,1998,2,17,FORD TRANSIT,-1,-1,0,-1
2023010445923,2023,010445923,2,20,9,99,99,9,9,99,99,9,9,99,9,99,9,9,6,6,3,-1,-1,-1,-1,-1,FORD TRANSIT,-1,-1,0,-1
2023010426457,2023,010426457,2,19,0,99,99,9,9,99,99,9,9,99,9,99,9,9,6,6,3,-1,-1,1995,2,3,FORD TRANSIT,-1,-1,0,-1
202354B382323,2023,54B382323,1,19,0,4,4,5,1,0,0,0,0,0,0,0,1,1,1,1,1,41,7,2402,2,12,FORD TRANSIT,4,E01015578,0,-1
2023061317419,2023,061317419,1,19,0,1,1,5,5,0,0,0,0,0,0,0,2,1,5,6,1,25,5,2402,2,16,FORD TRANSIT,4,E01005877,0,-1
2023052302548,2023,052302548,2,19,0,2,2,0,0,0,0,0,0,0,0,0,2,1,6,6,3,-1,-1,2198,2,8,FORD TRANSIT,-1,-1,0,-1
2023440286654,2023,440286654,2,19,0,7,7,4,7,0,0,8,0,0,0,0,1,1,1,1,1,49,8,2198,2,7,FORD TRANSIT,4,E01022711,0,-1
2023131339377,2023,131339377,2,19,0,2,2,0,0,0,0,0,0,0,0,0,2,1,6,6,3,-1,-1,2198,2,9,FORD TRANSIT,-1,-1,0,-1
2023430247885,2023,430247885,2,19,0,2,2,0,0,0,0,0,0,0,0,0,1,1,1,1,1,57,9,2402,2,13,FORD TRANSIT,10,E01016694,0,-1