collision_index,collision_year,collision_ref_no,vehicle_reference,vehicle_type,towing_and_articulation,vehicle_manoeuvre_historic,vehicle_manoeuvre,vehicle_direction_from,vehicle_direction_to,vehicle_location_restricted_lane_historic,vehicle_location_restricted_lane,junction_location,skidding_and_overturning,hit_object_in_carriageway,vehicle_leaving_carriageway,hit_object_off_carriageway,first_point_of_impact,vehicle_left_hand_drive,journey_purpose_of_driver_historic,journey_purpose_of_driver,sex_of_driver,age_of_driver,age_band_of_driver,engine_capacity_cc,propulsion_code,age_of_vehicle,generic_make_model,driver_imd_decile,lsoa_of_driver,escooter_flag,driver_distance_banding
2023461303985,2023,461303985,2,19,0,4,4,7,3,0,0,6,0,0,0,0,3,1,1,1,1,47,8,2402,2,13,FORD TRANSIT,5,E01024551,0,-1
2023440321953,2023,440321953,1,19,0,1,1,8,6,0,0,8,0,0,0,0,2,1,1,1,1,22,5,1998,2,18,FORD TRANSIT,9,E01023275,0,-1
2023052300062,2023,052300062,1,19,0,18,19,5,1,0,0,8,0,0,0,0,1,1,6,6,1,52,8,2198,2,14,FORD TRANSIT,2,E01007130,0,-1
2023622300617,2023,622300617,1,19,0,5,5,8,4,0,0,4,0,0,0,0,1,1,2,2,1,37,7,2198,2,9,FORD TRANSIT,10,W01001842,0,-1
2023141314307,2023,141314307,1,19,0,4,4,5,1,0,0,0,0,0,0,0,2,1,1,1,1,54,8,1995,2,3,FORD TRANSIT,2,E01027942,0,-1
2023622300057,2023,622300057,1,19,0,7,7,6,7,0,0,4,0,0,0,0,4,1,1,1,1,28,6,1995,2,4,FORD TRANSIT,3,W01000714,0,-1
2023161275518,2023,161275518,2,19,0,18,19,3,7,0,0,1,0,0,0,0,1,1,6,6,1,30,6,2198,2,16,FORD TRANSIT,-1,-1,0,-1
2023440064927,2023,440064927,2,19,0,9,9,5,3,0,0,6,0,0,0,0,3,1,6,6,1,40,7,2198,2,15,FORD TRANSIT,1,E01017201,0,-1
2023552300971,2023,552300971,2,20,0,18,19,8,4,0,0,0,0,0,0,0,3,1,1,1,1,55,8,-1,-1,-1,FORD TRANSIT,-1,-1,0,-1
2023131340654,2023,131340654,1,19,0,-1,-1,-1,-1,-1,-1,-1,-1,-1,-1,-1,-1,1,6,6,3,-1,-1,1995,2,4,FORD TRANSIT,-1,-1,0,-1
2023010435957,2023,010435957,1,19,0,18,19,5,1,9,9,2,0,0,1,2,1,1,1,1,1,38,7,1995,2,2,FORD TRANSIT,2,W01000900,0,-1
2023131326734,2023,131326734,1,19,0,5,5,7,3,0,0,0,0,0,0,0,1,1,1,1,1,25,5,1995,2,2,FORD TRANSIT,2,E01011370,0,-1
2023061280002,2023,061280002,1,19,0,1,1,-1,-1,0,0,0,0,0,0,0,2,1,6,6,1,-1,-1,2198,2,13,FORD TRANSIT,-1,-1,0,-1
2023111292447,2023,111292447,1,19,0,18,19,5,2,0,0,1,0,4,0,0,1,1,6,6,1,37,7,2198,2,14,FORD TRANSIT,2,E01020823,0,-1
2023430049329,2023,430049329,1,19,0,9,9,8,6,0,0,5,0,0,0,0,3,1,1,1,1,64,9,2198,2,11,FORD TRANSIT,10,E01017760,0,-1
2023552300245,2023,552300245,1,19,0,18,19,6,2,0,0,1,0,0,0,0,1,1,2,2,1,61,9,2198,2,7,FORD TRANSIT,6,E01020586,0,-1
2023440356697,2023,440356697,1,19,0,18,19,6,2,0,0,0,0,0,0,0,4,1,6,6,1,54,8,1995,2,0,FORD TRANSIT,3,E01023256,0,-1
2023061373698,2023,061373698,1,19,0,18,19,5,1,0,0,2,0,0,0,0,1,1,1,1,1,24,5,1995,2,2,FORD TRANSIT,1,E01005662,0,-1
2023552301364,2023,552301364,1,19,0,6,6,4,4,0,0,0,0,0,0,0,3,1,6,6,1,40,7,2198,2,11,FORD TRANSIT,5,E01015296,0,-1
2023302301101,2023,302301101,2,19,0,16,19,1,4,0,0,1,0,0,1,0,1,1,1,1,1,39,7,2198,2,13,FORD TRANSIT,4,E01013967,0,-1
2023141275838,2023,141275838,1,19,0,16,19,6,2,0,0,0,0,0,1,3,1,1,5,6,1,39,7,2198,2,11,FORD TRANSIT,3,E01007487,0,-1
2023201270104,2023,201270104,1,19,0,9,9,7,4,0,0,1,0,0,0,0,4,1,2,2,1,49,8,2402,2,12,FORD TRANSIT,7,E01009707,0,-1
2023451266075,2023,451266075,1,19,0,18,19,7,3,0,0,3,0,0,0,0,3,1,1,1,1,44,7,2402,2,12,FORD TRANSIT,5,E01002950,0,-1
2023010472927,2023,010472927,2,19,9,99,99,9,9,99,99,9,9,99,9,99,9,9,6,6,3,29,6,2198,2,8,FORD TRANSIT,2,E01001555,0,-1
2023461298876,2023,461298876,1,20,0,18,19,3,7,0,0,0,0,0,0,0,1,1,1,1,1,-1,-1,1995,2,1,FORD TRANSIT,-1,-1,0,-1
2023010481142,2023,010481142,2,19,0,99,99,9,9,99,99,9,9,99,9,99,9,9,6,6,1,-1,-1,2198,2,8,FORD TRANSIT,6,E01002541,0,-1
2023052300542,2023,052300542,1,19,0,18,19,5,1,0,0,0,0,0,0,0,4,1,6,6,1,-1,-1,2402,2,18,FORD TRANSIT,4,E01007053,0,-1
2023010422356,2023,010422356,1,19,0,5,5,5,1,0,0,4,0,0,0,0,1,1,6,6,3,-1,-1,1995,2,2,FORD TRANSIT,-1,-1,0,-1
2023231273884,2023,231273884,2,19,0,3,3,1,5,0,0,1,0,0,0,0,1,1,6,6,3,38,7,2198,2,9,FORD TRANSIT,-1,-1,0,-1
2023231394650,2023,231394650,1,19,0,18,19,1,5,0,0,1,0,0,0,0,1,1,6,6,3,45,7,2402,2,14,FORD TRANSIT,-1,-1,0,-1
2023991275282,2023,991275282,1,11,0,2,2,6,6,9,9,0,0,0,0,0,4,1,1,1,1,50,8,2198,2,9,-1,3,-1,0,-1
2023461314835,2023,461314835,2,19,0,9,9,2,8,0,0,6,0,0,0,0,1,1,1,1,1,61,9,1995,2,4,FORD TRANSIT,2,E01001698,0,-1
2023010478292,2023,010478292,2,19,0,99,99,9,9,99,99,0,9,99,9,99,1,9,6,6,3,-1,-1,1995,2,3,FORD TRANSIT,-1,-1,0,-1
2023131355610,2023,131355610,3,19,0,18,19,6,2,0,0,1,0,0,0,0,0,2,1,1,1,25,5,1995,2,2,FORD TRANSIT,1,E01010625,0,-1
2023501294774,2023,501294774,1,19,0,1,1,3,3,0,0,0,0,0,0,0,2,1,6,6,1,36,7,2402,2,12,FORD TRANSIT,7,E01015038,0,-1
2023461320972,2023,461320972,2,19,0,18,19,7,3,0,0,0,0,0,0,0,3,1,6,6,1,45,7,1995,2,5,FORD TRANSIT,2,E01024662,0,-1
2023010460849,2023,010460849,1,19,0,8,8,1,3,9,9,0,0,0,0,0,1,1,1,1,1,39,7,2198,2,8,FORD TRANSIT,5,E01002446,0,-1
2023361266373,2023,361266373,1,90,0,18,19,1,5,0,0,1,0,0,0,0,1,1,5,6,1,30,6,-1,-1,-1,FORD TRANSIT,1,E01026641,0,-1
2023010430071,2023,010430071,2,19,0,3,3,3,7,0,0,0,0,0,0,0,3,1,2,2,1,39,7,2198,2,15,FORD TRANSIT,3,E01001166,0,-1
2023332301217,2023,332301217,1,19,0,18,19,5,1,0,0,0,0,0,0,0,0,1,6,6,3,-1,-1,-1,3,1,FORD TRANSIT,-1,-1,0,-1
2023061389568,2023,061389568,1,19,0,9,9,3,1,0,0,1,0,0,0,0,1,1,6,6,1,44,7,2198,2,10,FORD TRANSIT,4,E01005012,0,-1
2023131328796,2023,131328796,1,19,0,18,19,7,3,0,0,0,2,0,0,0,1,1,6,6,1,32,6,2198,2,13,FORD TRANSIT,3,E01011786,0,-1
2023622300444,2023,622300444,1,19,0,9,9,6,4,0,0,5,0,0,0,0,1,1,1,1,1,53,8,-1,3,1,FORD TRANSIT,10,W01001245,0,-1
2023451288394,2023,451288394,2,20,0,1,1,8,4,0,0,0,0,0,0,0,2,1,6,6,1,41,7,2198,2,10,FORD TRANSIT,7,E01030741,0,-1
2023010453811,2023,010453811,1,20,0,18,19,3,7,0,0,1,0,0,0,0,1,1,1,1,1,46,8,-1,-1,-1,FORD TRANSIT,5,E01000251,0,-1
2023010483252,2023,010483252,1,19,0,9,9,7,5,0,0,5,0,0,0,0,4,1,1,1,1,38,7,-1,3,0,FORD TRANSIT,6,E01030399,0,-1
2023451350458,2023,451350458,3,19,0,18,19,1,3,0,0,0,0,0,0,0,2,1,6,6,1,30,6,2402,2,15,FORD TRANSIT,-1,-1,0,-1
2023311373366,2023,311373366,1,19,0,13,13,4,8,0,0,0,0,0,0,0,4,1,6,6,1,47,8,2198,2,12,FORD TRANSIT,4,E01013941,0,-1
2023010427397,2023,010427397,1,19,0,5,5,3,7,0,0,8,0,0,0,0,1,1,1,1,1,40,7,1995,2,7,FORD TRANSIT,9,E01002239,0,-1
2023421351201,2023,421351201,1,19,0,18,19,5,1,0,0,1,0,0,0,0,2,1,6,6,1,54,8,2402,2,17,FORD TRANSIT,-1,-1,0,-1
2023052300590,2023,052300590,2,19,0,18,19,7,3,0,0,1,0,0,0,0,1,1,1,1,1,35,6,2198,2,16,FORD TRANSIT,2,W01000333,0,-1
2023991268998,2023,991268998,2,19,0,18,19,2,6,0,0,0,0,0,0,0,1,1,6,6,1,66,10,2198,2,10,FORD TRANSIT,-1,-1,0,-1
2023122300370,2023,122300370,1,19,0,17,19,5,1,0,0,1,1,10,1,11,1,1,1,1,2,61,9,-1,-1,-1,FORD TRANSIT,-1,-1,0,-1
2023010454837,2023,010454837,2,19,0,99,99,9,9,99,99,9,9,99,9,99,9,9,6,6,3,37,7,2402,2,17,FORD TRANSIT,2,E01004044,0,-1
2023010441215,2023,010441215,2,19,0,9,9,2,8,0,0,1,0,0,0,0,3,1,2,2,1,28,6,1995,2,1,FORD TRANSIT,3,E01001111,0,-1
2023010440695,2023,010440695,1,98,0,18,19,5,1,0,0,0,0,0,0,0,4,1,1,1,1,64,9,1995,2,3,-1,4,E01004128,0,-1
2023622300193,2023,622300193,1,19,0,18,19,5,1,0,0,4,0,0,0,0,1,1,6,6,1,58,9,2402,2,16,FORD TRANSIT,1,W01001884,0,-1
2023010423688,2023,010423688,2,19,0,18,19,3,7,0,0,0,0,0,0,0,3,1,1,1,1,32,6,1995,2,5,FORD TRANSIT,2,E01004315,0,-1
2023546458723,2023,546458723,1,19,4,1,1,7,3,0,0,0,0,0,0,0,2,1,6,6,1,55,8,1995,2,4,FORD TRANSIT,9,E01031897,0,-1
2023461380650,2023,461380650,3,19,0,2,2,0,0,0,0,1,0,0,0,0,0,1,1,1,1,42,7,1995,2,1,FORD TRANSIT,9,E01000346,0,-1
2023010452956,2023,010452956,1,19,0,9,9,8,6,0,0,5,0,0,1,0,1,1,2,2,1,37,7,2198,2,14,FORD TRANSIT,2,E01001826,0,-1
2023320113157,2023,320113157,2,20,0,18,19,8,4,0,0,1,0,0,0,0,2,1,1,1,1,46,8,-1,-1,-1,FORD TRANSIT,5,E01026162,0,-1
2023430528445,2023,430528445,1,19,0,18,19,1,5,0,0,4,0,0,0,0,1,1,6,6,1,-1,-1,1995,2,4,FORD TRANSIT,-1,-1,0,-1
2023421264593,2023,421264593,1,19,0,7,7,2,4,0,0,8,0,0,0,0,1,1,5,6,3,-1,-1,2198,2,9,FORD TRANSIT,-1,-1,0,-1
2023010426400,2023,010426400,1,19,0,3,3,1,5,0,0,5,0,0,0,0,3,1,2,2,1,44,7,1995,2,2,FORD TRANSIT,9,E01024349,0,-1
2023461377219,2023,461377219,1,19,0,9,9,1,7,0,0,1,0,0,0,0,1,1,6,6,1,63,9,2198,2,14,FORD TRANSIT,4,E01024493,0,-1
2023071091942,2023,071091942,2,19,0,15,15,3,7,0,0,0,0,0,0,0,4,1,1,1,1,58,9,1995,2,4,FORD TRANSIT,5,E01012541,0,-1
2023010424209,2023,010424209,2,19,0,99,99,9,9,0,0,0,9,99,9,99,1,9,6,6,3,-1,-1,2402,2,22,FORD TRANSIT,-1,-1,0,-1
2023201377003,2023,201377003,1,19,0,18,19,1,5,0,0,0,0,0,0,0,1,1,6,6,3,38,7,2402,2,17,FORD TRANSIT,1,E01010423,0,-1
2023010475663,2023,010475663,1,19,0,4,4,5,1,0,0,1,0,0,0,0,2,2,6,6,3,33,6,2198,2,7,FORD TRANSIT,3,E01004633,0,-1
2023531387397,2023,531387397,1,19,0,1,1,7,3,0,0,8,0,0,0,0,2,1,1,1,1,38,7,1995,2,5,FORD TRANSIT,7,E01022230,0,-1
2023302301062,2023,302301062,2,19,0,18,19,4,8,0,0,0,0,0,0,0,3,1,2,2,1,27,6,2402,2,13,FORD TRANSIT,8,E01019602,0,-1
2023471305941,2023,471305941,2,19,0,1,1,1,5,0,0,0,0,0,0,0,2,1,1,1,1,33,6,2198,2,8,FORD TRANSIT,1,E01004088,0,-1
2023371347445,2023,371347445,1,19,0,8,8,7,2,0,0,1,0,0,0,0,1,1,6,6,1,32,6,1995,2,2,FORD TRANSIT,3,E01030255,0,-1
2023461342560,2023,461342560,1,19,0,6,6,3,7,0,0,0,0,0,0,0,3,1,6,6,1,-1,-1,2400,2,17,FORD TRANSIT,-1,-1,0,-1
2023320686334,2023,320686334,1,19,0,1,1,8,4,0,0,0,0,4,0,0,2,1,6,6,3,-1,-1,2198,2,12,FORD TRANSIT,-1,-1,0,-1
2023231361404,2023,231361404,2,19,0,18,19,4,8,0,0,8,0,0,0,0,1,1,6,6,2,41,7,2402,2,13,FORD TRANSIT,8,E01025640,0,-1
2023471282022,2023,471282022,1,19,0,18,19,6,2,0,0,0,0,0,0,0,1,1,5,6,1,77,11,1998,2,17,FORD TRANSIT,8,E01022991,0,-1
2023010434139,2023,010434139,1,19,0,5,5,5,1,0,0,4,0,0,0,0,1,1,1,1,1,42,7,1995,2,6,FORD TRANSIT,5,E01001293,0,-1
2023991346162,2023,991346162,1,19,0,18,19,6,2,0,0,0,0,0,0,0,1,1,1,1,1,62,9,1995,2,1,FORD TRANSIT,3,-1,0,-1
2023501282954,2023,501282954,1,19,0,5,5,1,5,0,0,1,0,0,0,0,1,1,1,1,1,51,8,2198,2,10,FORD TRANSIT,3,E01019051,0,-1
2023041300711,2023,041300711,1,19,0,4,4,5,1,0,0,0,0,0,0,0,1,1,1,1,1,50,8,2198,2,8,FORD TRANSIT,1,E01005703,0,-1
2023461346451,2023,461346451,2,19,0,4,4,5,1,0,0,0,0,0,0,0,2,1,2,2,1,41,7,1995,2,6,FORD TRANSIT,-1,-1,0,-1
2023461353624,2023,461353624,1,19,0,12,12,3,7,0,0,0,0,0,0,0,0,1,6,6,1,26,6,1995,2,1,FORD TRANSIT,1,E01016063,0,-1
2023552300331,2023,552300331,1,19,0,9,9,6,5,9,9,5,0,0,0,0,4,1,6,6,1,36,7,1995,2,1,FORD TRANSIT,6,E01022715,0,-1
2023101350327,2023,101350327,2,21,0,18,19,5,1,0,0,5,1,0,0,0,1,1,5,6,2,21,5,-1,-1,-1,-1,2,E01027519,0,-1
2023302300316,2023,302300316,2,19,0,9,9,6,4,0,0,8,0,0,0,0,3,1,1,1,1,51,8,2198,2,11,FORD TRANSIT,3,E01013553,0,-1
2023501374250,2023,501374250,1,19,0,1,1,8,5,0,0,8,0,10,7,0,4,1,6,6,1,35,6,1995,2,5,FORD TRANSIT,4,E01020252,0,-1
2023041275338,2023,041275338,1,19,0,9,9,8,4,0,0,5,0,0,0,0,1,1,6,6,1,41,7,1995,2,2,FORD TRANSIT,-1,-1,0,-1
2023501293549,2023,501293549,1,19,0,18,19,1,5,0,0,0,0,0,0,0,1,1,6,6,2,27,6,2198,2,11,FORD TRANSIT,5,E01018936,0,-1
2023440228026,2023,440228026,2,19,0,17,19,5,3,0,0,0,0,0,0,0,1,1,1,1,1,33,6,1995,2,2,FORD TRANSIT,2,E01017265,0,-1
2023061350274,2023,061350274,1,19,0,18,19,4,8,0,0,1,0,0,0,0,1,1,1,1,1,24,5,1995,2,4,FORD TRANSIT,1,E01005370,0,-1
2023041392189,2023,041392189,2,19,0,16,19,3,5,0,0,4,0,0,0,0,4,1,1,1,1,49,8,1995,2,0,FORD TRANSIT,2,E01025290,0,-1
2023010479203,2023,010479203,2,19,0,9,9,5,2,0,0,2,0,0,0,0,1,1,1,1,1,62,9,1995,2,2,FORD TRANSIT,1,E01001554,0,-1
2023622300096,2023,622300096,3,19,0,18,19,2,6,0,0,0,0,0,0,0,1,1,6,6,1,31,6,1995,2,2,FORD TRANSIT,1,W01001886,0,-1
2023141325862,2023,141325862,1,19,0,9,9,7,5,0,0,8,0,0,0,0,1,1,1,1,1,24,5,1995,2,2,FORD TRANSIT,8,E01007606,0,-1
2023010465771,2023,010465771,1,10,0,18,19,1,5,0,0,1,0,0,0,0,0,1,2,2,1,52,8,2402,2,19,FORD TRANSIT,1,E01000508,0,-1
2023052300241,2023,052300241,2,10,0,18,19,8,1,0,0,8,0,0,0,0,1,1,1,1,1,77,11,2402,2,17,FORD TRANSIT,1,E01006964,0,-1
2023320622297,2023,320622297,1,19,0,18,19,6,2,0,0,0,0,0,0,0,3,1,1,1,1,33,6,1995,2,1,FORD TRANSIT,2,E01026175,0,-1
2023421312361,2023,421312361,1,19,0,5,5,7,3,0,0,6,0,0,0,0,3,1,1,1,1,33,6,1995,2,4,FORD TRANSIT,9,E01010390,0,-1
2023010435662,2023,010435662,1,19,0,10,10,3,1,0,0,1,0,0,1,0,1,1,6,6,2,25,5,1995,2,2,FORD TRANSIT,4,E01004221,0,-1
2023440184616,2023,440184616,3,19,0,3,3,2,6,0,0,0,0,0,0,0,2,1,1,1,1,48,8,2198,2,14,FORD TRANSIT,4,E01016925,0,-1
2023070624561,2023,070624561,2,19,0,18,19,3,7,0,0,0,0,0,0,0,1,1,1,1,1,25,5,2402,2,13,FORD TRANSIT,7,E01018372,0,-1
2023421342907,2023,421342907,2,19,0,18,19,6,2,0,0,0,0,0,0,0,1,1,2,2,1,47,8,1995,2,1,FORD TRANSIT,2,E01021488,0,-1
2023351360120,2023,351360120,1,19,0,18,19,-1,-1,0,0,0,0,0,0,0,1,1,6,6,1,-1,-1,1995,2,3,FORD TRANSIT,7,E01018043,0,-1
2023010438834,2023,010438834,2,19,9,99,99,9,9,99,99,9,9,99,9,99,9,9,6,6,3,33,6,1995,2,1,FORD TRANSIT,-1,-1,0,-1
2023401383200,2023,401383200,1,19,0,18,19,8,4,0,0,0,0,0,0,0,1,1,6,6,1,61,9,1995,2,1,FORD TRANSIT,10,E01024733,0,-1
2023010443687,2023,010443687,2,19,0,18,19,1,5,0,0,1,0,0,0,0,1,1,6,6,1,36,7,2198,2,15,FORD TRANSIT,3,E01002532,0,-1
2023041321954,2023,041321954,1,19,0,18,19,2,6,0,0,8,0,0,3,0,1,1,6,6,1,43,7,2200,2,10,FORD TRANSIT,4,W01000306,0,-1
2023622400057,2023,622400057,1,19,0,5,5,7,3,0,0,1,0,0,0,0,1,1,6,6,1,24,5,2198,2,10,FORD TRANSIT,9,W01001791,0,-1
2023010439834,2023,010439834,2,19,0,99,99,9,9,99,99,9,9,99,9,99,9,9,6,6,3,-1,-1,1995,2,5,FORD TRANSIT,7,E01004639,0,-1
2023041283697,2023,041283697,1,19,0,9,9,5,1,0,0,8,5,0,0,0,4,1,1,1,1,23,5,1995,2,2,FORD TRANSIT,1,E01025186,0,-1
2023010480771,2023,010480771,2,19,0,3,3,1,5,0,0,6,0,0,0,0,1,1,6,6,1,35,6,2402,2,14,FORD TRANSIT,3,E01000736,0,-1
2023440035380,2023,440035380,2,10,0,2,2,0,0,0,0,0,0,0,0,0,2,1,6,6,1,60,9,2402,2,12,FORD TRANSIT,5,E01023095,0,-1
2023311271668,2023,311271668,2,19,0,2,2,0,0,9,9,0,0,0,0,0,2,1,6,6,3,-1,-1,2402,2,13,FORD TRANSIT,-1,-1,0,-1
2023010453532,2023,010453532,1,19,0,18,19,7,3,0,0,1,0,0,0,0,1,1,1,1,1,55,8,1995,2,2,FORD TRANSIT,5,E01002515,0,-1
2023440308084,2023,440308084,2,19,0,9,9,7,5,0,0,6,0,0,0,0,3,1,6,6,1,32,6,1995,2,3,FORD TRANSIT,7,E01023123,0,-1
2023101324807,2023,101324807,1,19,0,5,5,1,5,0,0,0,0,0,0,0,0,1,1,1,1,41,7,2402,2,17,FORD TRANSIT,7,E01008505,0,-1
2023440406642,2023,440406642,2,19,0,2,2,0,0,0,0,0,0,0,0,0,2,1,6,6,1,58,9,2402,2,16,FORD TRANSIT,6,E01023081,0,-1
2023320516804,2023,320516804,2,19,0,13,13,5,1,0,0,0,0,0,0,0,4,1,6,6,1,45,7,2402,2,19,FORD TRANSIT,6,E01026031,0,-1
2023451409699,2023,451409699,1,19,0,2,2,0,0,0,0,0,0,0,0,0,1,1,1,1,1,23,5,1995,2,0,FORD TRANSIT,5,E01030493,0,-1
2023311291873,2023,311291873,2,19,0,5,5,1,5,0,0,6,0,0,0,0,1,1,5,6,1,27,6,2198,2,15,FORD TRANSIT,6,E01027994,0,-1
202360A134849,2023,60A134849,4,10,0,2,2,0,0,6,6,0,0,0,0,0,2,1,6,6,1,-1,-1,2402,2,16,FORD TRANSIT,-1,-1,0,-1
2023010421031,2023,010421031,1,19,0,99,99,9,9,99,99,9,9,99,9,99,4,9,2,2,1,53,8,2198,2,12,FORD TRANSIT,2,E01003320,0,-1
2023401338227,2023,401338227,2,19,0,9,9,5,1,0,0,1,0,0,0,0,3,1,1,1,1,48,8,2198,2,12,FORD TRANSIT,7,E01017593,0,-1
2023010451296,2023,010451296,3,19,0,9,9,6,5,0,0,8,0,0,0,0,0,1,6,6,3,33,6,2198,2,7,FORD TRANSIT,-1,-1,0,-1
2023411298887,2023,411298887,1,19,0,4,4,5,1,0,0,0,0,0,0,0,1,1,1,1,1,22,5,1995,2,3,FORD TRANSIT,2,E01002080,0,-1
2023552300132,2023,552300132,1,19,0,18,19,7,3,0,0,8,0,0,0,0,1,1,2,2,1,49,8,2198,2,14,FORD TRANSIT,3,E01015310,0,-1
2023451355441,2023,451355441,5,19,0,11,11,2,6,0,0,0,0,0,0,0,1,1,1,1,1,25,5,1995,2,2,FORD TRANSIT,3,E01015924,0,-1
2023991262208,2023,991262208,1,19,0,5,5,8,2,0,0,1,0,0,0,0,1,1,2,2,1,28,6,1995,2,1,FORD TRANSIT,4,-1,0,-1
2023131307986,2023,131307986,2,19,0,9,9,3,5,0,0,8,0,0,0,0,1,1,1,1,1,30,6,1995,2,1,FORD TRANSIT,1,E01011725,0,-1
2023211321632,2023,211321632,2,19,0,18,19,3,7,0,0,0,0,0,0,0,2,1,1,1,1,63,9,1995,2,3,FORD TRANSIT,1,E01014220,0,-1
2023010479392,2023,010479392,1,19,0,18,19,1,5,0,0,0,0,0,0,0,3,2,2,2,1,50,8,2198,2,14,FORD TRANSIT,3,E01002770,0,-1
2023122300970,2023,122300970,3,10,0,18,19,2,6,0,0,8,0,0,0,0,1,1,6,6,2,53,8,2198,2,15,FORD TRANSIT,6,E01021535,0,-1
2023131327327,2023,131327327,2,19,0,18,19,7,-1,0,0,0,0,0,0,0,4,1,6,6,3,-1,-1,1995,2,1,FORD TRANSIT,-1,-1,0,-1
2023440200286,2023,440200286,1,19,0,18,19,7,3,0,0,0,0,0,0,0,3,1,1,1,1,-1,-1,-1,3,1,FORD TRANSIT,-1,-1,0,-1
2023201307980,2023,201307980,1,19,0,12,12,6,2,0,0,0,0,0,0,0,4,1,5,6,1,64,9,1995,2,5,FORD TRANSIT,1,E01010143,0,-1
2023302301692,2023,302301692,2,19,0,7,7,4,6,0,0,8,0,0,0,0,1,1,1,1,1,46,8,1995,2,4,FORD TRANSIT,2,E01019799,0,-1
2023041358796,2023,041358796,2,19,0,18,19,7,3,0,0,1,0,0,0,0,1,1,2,2,1,27,6,1995,2,3,FORD TRANSIT,1,E01019197,0,-1
2023411380705,2023,411380705,1,19,0,18,19,-1,-1,0,0,0,1,99,0,0,1,1,1,1,1,48,8,1995,2,0,FORD TRANSIT,3,E01001492,0,-1
2023622300101,2023,622300101,2,19,0,2,2,0,0,0,0,0,0,0,0,0,3,1,6,6,3,-1,-1,1995,2,5,FORD TRANSIT,-1,-1,0,-1
2023010432472,2023,010432472,4,19,0,18,19,1,5,0,0,0,0,0,0,0,1,1,1,1,1,38,7,1995,2,6,FORD TRANSIT,5,E01030609,0,-1
2023332301274,2023,332301274,2,19,0,18,19,5,1,0,0,0,1,0,7,0,1,1,1,1,1,56,9,2402,2,13,FORD TRANSIT,8,E01025792,0,-1
2023010458191,2023,010458191,1,19,0,7,7,5,8,2,2,2,0,0,0,0,4,1,1,1,1,47,8,1995,2,6,FORD TRANSIT,6,E01001570,0,-1
2023430203474,2023,430203474,2,19,0,4,4,6,2,0,0,0,1,0,0,0,3,1,6,6,1,20,4,1995,2,3,FORD TRANSIT,-1,-1,0,-1
2023471318682,2023,471318682,1,19,0,18,19,5,1,0,0,0,0,0,0,0,1,1,1,1,2,23,5,1995,2,1,FORD TRANSIT,10,E01024474,0,-1
2023471359107,2023,471359107,2,19,0,18,19,7,3,0,0,1,0,0,0,0,2,1,1,1,1,34,6,1995,2,2,FORD TRANSIT,6,E01024345,0,-1
2023231274357,2023,231274357,1,19,0,17,19,3,1,0,0,0,0,0,0,0,1,1,2,2,1,43,7,1995,2,4,FORD TRANSIT,5,E01009593,0,-1
2023332301248,2023,332301248,1,19,0,18,19,6,2,0,0,0,0,0,2,0,1,1,1,1,1,19,4,1995,2,2,FORD TRANSIT,1,E01009566,0,-1
2023461367661,2023,461367661,2,20,0,18,19,5,1,0,0,0,0,0,0,0,1,1,6,6,1,24,5,2198,2,8,FORD TRANSIT,4,E01024387,0,-1
2023010455362,2023,010455362,1,19,0,15,15,5,1,0,0,8,0,0,0,0,4,1,6,6,3,-1,-1,1995,2,2,FORD TRANSIT,-1,-1,0,-1
2023361290448,2023,361290448,1,19,0,18,19,7,3,0,0,1,0,0,0,0,1,1,5,6,1,25,5,2198,2,13,FORD TRANSIT,3,E01026784,0,-1
2023351363278,2023,351363278,2,19,0,2,2,0,0,0,0,8,0,0,0,0,1,1,6,6,1,59,9,2198,2,13,FORD TRANSIT,6,E01018016,0,-1
2023122300869,2023,122300869,1,19,0,14,14,7,3,0,0,0,0,0,0,0,3,1,1,1,1,33,6,1995,2,5,FORD TRANSIT,1,E01010653,0,-1
2023421319648,2023,421319648,1,19,0,18,19,2,6,0,0,0,0,0,1,0,1,1,2,2,1,31,6,2402,2,17,FORD TRANSIT,10,E01027300,0,-1
2023052300843,2023,052300843,1,19,0,18,19,1,5,0,0,0,0,0,0,0,1,1,6,6,1,37,7,1995,2,0,FORD TRANSIT,9,E01007078,0,-1
2023440420879,2023,440420879,2,19,0,2,2,0,0,0,0,0,0,0,0,0,2,1,1,1,3,-1,-1,1995,2,4,FORD TRANSIT,-1,-1,0,-1
2023122301205,2023,122301205,2,19,0,13,13,4,8,0,0,1,0,0,7,11,4,1,1,1,1,52,8,1995,2,3,FORD TRANSIT,8,E01008531,0,-1
2023622300631,2023,622300631,1,20,0,1,1,4,8,0,0,0,0,4,0,0,2,1,1,1,1,29,6,-1,-1,-1,FORD TRANSIT,2,W01001024,0,-1
2023221276543,2023,221276543,2,19,0,18,19,2,6,0,0,4,0,0,0,0,1,1,1,1,1,22,5,1995,2,2,FORD TRANSIT,3,E01008936,0,-1