collision_index,collision_year,collision_ref_no,vehicle_reference,vehicle_type,towing_and_articulation,vehicle_manoeuvre_historic,vehicle_manoeuvre,vehicle_direction_from,vehicle_direction_to,vehicle_location_restricted_lane_historic,vehicle_location_restricted_lane,junction_location,skidding_and_overturning,hit_object_in_carriageway,vehicle_leaving_carriageway,hit_object_off_carriageway,first_point_of_impact,vehicle_left_hand_drive,journey_purpose_of_driver_historic,journey_purpose_of_driver,sex_of_driver,age_of_driver,age_band_of_driver,engine_capacity_cc,propulsion_code,age_of_vehicle,generic_make_model,driver_imd_decile,lsoa_of_driver,escooter_flag,driver_distance_banding
2023440013624,2023,440013624,2,19,0,6,6,4,4,0,0,0,0,0,0,0,3,1,6,6,1,35,6,2402,2,12,FORD TRANSIT,-1,-1,0,-1
2023340NN1922,2023,340NN1922,2,19,0,2,2,0,0,0,0,2,0,0,0,0,4,1,6,6,3,-1,-1,2198,2,9,FORD TRANSIT,-1,-1,0,-1
2023010473340,2023,010473340,2,19,0,99,99,9,9,99,99,9,9,99,9,99,9,9,6,6,3,-1,-1,1995,2,4,FORD TRANSIT,-1,-1,0,-1
2023461265232,2023,461265232,2,19,0,18,19,1,5,0,0,0,0,0,0,0,1,1,5,6,1,70,10,2402,2,15,FORD TRANSIT,8,E01024085,0,-1
2023421320959,2023,421320959,1,19,0,1,1,2,6,0,0,1,0,0,0,0,2,1,6,6,3,30,6,2198,2,11,FORD TRANSIT,-1,-1,0,-1
2023302300735,2023,302300735,1,19,0,5,5,6,2,0,0,1,0,0,0,0,1,1,1,1,1,-1,-1,1995,2,5,FORD TRANSIT,6,E01019608,0,-1
2023161281244,2023,161281244,1,20,0,9,9,8,6,0,0,6,0,0,0,0,3,1,1,1,1,23,5,-1,-1,-1,FORD TRANSIT,2,E01012821,0,-1
2023041351382,2023,041351382,2,19,0,17,19,7,3,0,0,0,0,0,0,0,4,1,5,6,1,33,6,1995,2,1,FORD TRANSIT,8,E01024973,0,-1
2023131288030,2023,131288030,3,19,0,2,2,0,0,0,0,0,0,4,0,0,3,1,6,6,3,-1,-1,1995,2,2,FORD TRANSIT,-1,-1,0,-1
2023471350433,2023,471350433,1,19,0,18,19,2,6,0,0,0,0,0,0,0,3,1,6,6,1,80,11,1998,2,20,FORD TRANSIT,10,E01031820,0,-1
2023421392136,2023,421392136,1,19,0,18,19,3,6,0,0,0,0,0,0,0,3,1,6,6,1,28,6,1995,2,0,FORD TRANSIT,2,E01022046,0,-1
2023531309399,2023,531309399,2,19,0,4,4,7,3,0,0,1,0,0,0,0,2,1,1,1,1,34,6,2402,2,12,FORD TRANSIT,2,E01028311,0,-1
2023131365701,2023,131365701,3,19,0,2,2,0,0,9,9,1,0,0,0,0,3,1,6,6,3,-1,-1,1995,2,6,FORD TRANSIT,-1,-1,0,-1
2023991336122,2023,991336122,2,19,0,18,19,2,6,0,0,0,0,0,0,0,2,1,1,1,2,38,7,-1,3,1,FORD TRANSIT,2,-1,0,-1
202354D204623,2023,54D204623,1,19,0,18,19,7,3,0,0,8,0,0,0,0,1,1,6,6,1,37,7,2402,2,16,FORD TRANSIT,4,E01032714,0,-1
2023010428151,2023,010428151,2,19,0,18,19,1,5,0,0,8,1,0,0,0,4,1,1,1,1,54,8,1995,2,6,FORD TRANSIT,6,E01024285,0,-1
2023501358755,2023,501358755,1,19,4,4,4,1,5,0,0,0,0,0,0,0,1,1,1,1,1,51,8,1995,2,5,FORD TRANSIT,5,E01019992,0,-1
2023481361886,2023,481361886,1,19,0,18,19,1,5,0,0,8,0,0,0,0,3,1,1,1,1,62,9,1995,2,4,FORD TRANSIT,-1,-1,0,-1
2023401266969,2023,401266969,1,19,-1,-1,-1,-1,-1,-1,-1,0,-1,-1,-1,0,-1,1,6,6,1,-1,-1,2198,2,12,FORD TRANSIT,7,E01017645,0,-1
2023311266066,2023,311266066,2,19,0,18,19,1,7,0,0,0,0,4,0,0,1,1,1,1,1,33,6,2402,2,13,FORD TRANSIT,7,E01028289,0,-1
2023010460701,2023,010460701,1,19,0,2,2,0,0,0,0,0,0,0,0,0,4,1,6,6,3,-1,-1,1995,2,5,FORD TRANSIT,-1,-1,0,-1
2023101380141,2023,101380141,2,19,0,18,19,4,8,0,0,0,0,0,0,0,2,1,6,6,1,56,9,2198,2,7,FORD TRANSIT,8,E01020837,0,-1
2023101322002,2023,101322002,1,19,-1,7,7,3,7,0,0,8,0,0,0,0,1,1,6,6,1,-1,-1,2402,2,13,FORD TRANSIT,-1,-1,0,-1
2023622300904,2023,622300904,2,19,0,2,2,0,0,0,0,0,0,0,0,0,2,1,6,6,3,-1,-1,2402,2,12,FORD TRANSIT,-1,-1,0,-1
2023311341503,2023,311341503,2,19,0,18,19,3,7,0,0,0,1,0,0,0,4,1,2,2,1,30,6,1995,2,5,FORD TRANSIT,6,E01028016,0,-1
2023070497851,2023,070497851,1,19,0,16,19,2,6,0,0,0,0,0,0,0,1,1,1,1,1,39,7,1995,2,0,FORD TRANSIT,1,E01005117,0,-1
2023122400144,2023,122400144,2,19,0,2,2,0,0,9,9,1,0,0,0,0,3,1,1,1,3,-1,-1,1995,2,4,FORD TRANSIT,-1,-1,0,-1
2023010432738,2023,010432738,2,19,0,99,99,9,9,99,99,9,9,99,9,99,9,9,6,6,3,-1,-1,1995,2,2,FORD TRANSIT,-1,-1,0,-1
2023461379087,2023,461379087,1,19,0,5,5,6,2,0,0,1,0,0,0,0,4,1,5,6,1,62,9,1995,2,1,FORD TRANSIT,6,E01024360,0,-1
2023122301439,2023,122301439,1,19,0,18,19,8,2,0,0,0,0,0,0,0,4,1,1,1,3,-1,-1,1995,2,2,FORD TRANSIT,-1,-1,0,-1
2023131309743,2023,131309743,2,19,0,2,2,0,0,9,9,8,0,0,0,0,2,1,6,6,3,-1,-1,2198,2,13,FORD TRANSIT,-1,-1,0,-1
2023071003521,2023,071003521,3,19,0,18,19,7,3,0,0,0,0,0,0,0,1,1,1,1,1,45,7,1995,2,6,FORD TRANSIT,9,E01012376,0,-1
2023471266367,2023,471266367,2,19,0,10,10,6,4,0,0,1,0,0,0,0,2,1,1,1,1,32,6,1995,2,3,FORD TRANSIT,8,E01022631,0,-1
2023052301112,2023,052301112,3,19,0,4,4,3,7,0,0,3,0,0,0,0,0,1,1,1,1,-1,-1,2198,2,8,FORD TRANSIT,-1,-1,0,-1
2023010435822,2023,010435822,2,19,0,99,99,9,9,99,99,9,9,99,9,99,9,9,6,6,3,-1,-1,1995,2,6,FORD TRANSIT,-1,-1,0,-1
2023421376934,2023,421376934,1,19,0,18,19,5,1,0,0,0,0,0,0,0,3,1,1,1,1,-1,-1,2198,2,8,FORD TRANSIT,-1,-1,0,-1
2023471287370,2023,471287370,1,19,0,18,19,1,5,0,0,0,0,0,1,0,1,1,1,1,1,34,6,1995,2,1,FORD TRANSIT,4,E01016135,0,-1
2023122301281,2023,122301281,1,19,0,18,19,3,7,0,0,0,0,0,0,0,0,1,6,6,1,-1,-1,2198,2,14,FORD TRANSIT,1,E01010723,0,-1
2023010441765,2023,010441765,2,19,0,18,19,5,1,0,0,0,0,0,0,0,1,1,6,6,1,37,7,2198,2,10,FORD TRANSIT,3,E01003193,0,-1
2023461382535,2023,461382535,2,19,0,9,9,1,5,0,0,1,0,0,0,0,3,1,5,6,1,54,8,2198,2,8,FORD TRANSIT,4,E01028164,0,-1
2023010478393,2023,010478393,2,19,0,99,99,9,9,99,99,9,9,99,9,99,1,9,6,6,3,35,6,1995,2,6,FORD TRANSIT,6,E01001184,0,-1
2023161360409,2023,161360409,4,19,0,2,2,0,0,6,6,8,0,0,0,0,3,1,6,6,3,-1,-1,1995,2,1,FORD TRANSIT,-1,-1,0,-1
2023041350968,2023,041350968,4,19,0,2,2,0,0,0,0,2,0,0,0,0,1,1,6,6,3,-1,-1,1995,2,3,FORD TRANSIT,-1,-1,0,-1
2023131308813,2023,131308813,1,19,0,18,19,1,5,0,0,1,0,0,0,0,1,1,5,6,1,37,7,1998,2,18,FORD TRANSIT,9,E01011568,0,-1
2023010433326,2023,010433326,2,19,0,18,19,5,1,0,0,2,0,0,0,0,1,2,1,1,1,29,6,1995,2,7,FORD TRANSIT,-1,-1,0,-1
2023440006748,2023,440006748,1,19,0,9,9,3,1,0,0,5,0,0,0,0,1,1,6,6,1,33,6,2198,2,10,FORD TRANSIT,5,E01022616,0,-1
2023461283747,2023,461283747,1,10,0,3,3,5,1,0,0,0,0,0,0,0,0,1,5,6,1,58,9,2198,2,15,FORD TRANSIT,5,E01024201,0,-1
2023991390240,2023,991390240,1,19,0,5,5,2,6,0,0,4,0,0,0,0,3,1,1,1,1,58,9,1995,2,0,FORD TRANSIT,8,-1,0,-1
2023411340763,2023,411340763,3,19,0,4,4,3,7,0,0,0,0,0,0,0,2,1,5,6,1,26,6,1995,2,5,FORD TRANSIT,4,E01000634,0,-1
2023991393418,2023,991393418,1,19,0,9,9,3,1,0,0,5,0,0,0,0,1,1,1,1,1,52,8,1995,2,6,FORD TRANSIT,1,-1,0,-1
2023351396833,2023,351396833,1,19,0,16,19,2,6,0,0,0,0,0,7,4,1,1,5,6,1,49,8,2402,2,13,FORD TRANSIT,3,E01017978,0,-1
2023421316921,2023,421316921,2,19,0,9,9,5,1,0,0,8,0,0,0,0,1,1,1,1,1,45,7,1995,2,6,FORD TRANSIT,9,E01033433,0,-1
2023371339592,2023,371339592,1,19,0,18,19,1,5,0,0,1,0,0,0,0,1,1,6,6,2,42,7,1995,2,1,FORD TRANSIT,-1,-1,0,-1
2023211305415,2023,211305415,2,19,0,18,19,4,8,0,0,0,0,0,0,0,2,1,1,1,1,59,9,1995,2,2,FORD TRANSIT,1,E01005731,0,-1
2023111344463,2023,111344463,2,19,4,18,19,1,5,0,0,2,0,0,0,0,3,1,1,1,1,47,8,2402,2,12,FORD TRANSIT,1,E01012928,0,-1
2023131379668,2023,131379668,2,19,0,18,19,7,3,0,0,0,0,0,0,0,0,1,6,6,1,67,10,1998,2,21,FORD TRANSIT,3,E01011776,0,-1
2023631363199,2023,631363199,1,19,0,18,19,1,5,0,0,0,0,0,0,0,3,1,1,1,1,45,7,1995,2,1,FORD TRANSIT,6,W01000628,0,-1
2023052302429,2023,052302429,1,19,0,9,9,7,5,0,0,0,0,0,0,0,1,1,1,1,1,25,5,1995,2,2,FORD TRANSIT,1,E01006638,0,-1
2023361311935,2023,361311935,2,19,0,2,2,0,0,0,0,0,0,0,0,0,0,1,6,6,3,-1,-1,2198,2,7,FORD TRANSIT,-1,-1,0,-1
2023543282223,2023,543282223,2,19,0,10,10,2,8,0,0,1,0,0,0,0,2,1,6,6,1,31,6,1995,2,5,FORD TRANSIT,9,E01032711,0,-1
2023371374009,2023,371374009,1,19,0,4,4,4,8,0,0,0,0,0,0,0,1,1,5,6,1,40,7,2198,2,13,FORD TRANSIT,8,E01029890,0,-1
2023010420353,2023,010420353,2,19,0,99,99,9,9,99,99,0,9,99,9,99,2,9,6,6,3,-1,-1,2402,2,12,FORD TRANSIT,-1,-1,0,-1
2023211387690,2023,211387690,1,19,0,4,4,5,1,0,0,1,0,0,0,0,1,2,6,6,1,53,8,1995,2,4,FORD TRANSIT,6,E01029708,0,-1
2023010455840,2023,010455840,2,10,0,9,9,1,7,0,0,1,0,0,0,0,4,1,1,1,1,49,8,2198,2,8,FORD TRANSIT,5,E01001803,0,-1
2023010423618,2023,010423618,2,19,0,99,99,9,9,99,99,5,9,99,9,99,9,9,6,6,1,60,9,2402,2,16,FORD TRANSIT,8,E01003827,0,-1
2023141392358,2023,141392358,1,19,0,12,12,1,5,0,0,8,0,0,0,0,3,1,5,6,1,49,8,2198,2,7,FORD TRANSIT,8,E01028303,0,-1
2023401306279,2023,401306279,1,19,0,13,13,2,2,0,0,0,0,0,0,0,3,1,1,1,1,23,5,1995,2,1,FORD TRANSIT,5,E01029946,0,-1
2023340NN4432,2023,340NN4432,2,20,0,18,19,1,5,0,0,0,0,0,0,0,2,1,6,6,1,32,6,2402,2,18,FORD TRANSIT,1,E01027140,0,-1
2023211287401,2023,211287401,1,19,0,18,19,7,3,0,0,6,0,0,0,0,3,1,6,6,1,-1,-1,2198,2,12,FORD TRANSIT,8,E01029534,0,-1
2023471299189,2023,471299189,1,19,0,18,19,8,4,0,0,0,0,0,0,0,1,1,6,6,3,-1,-1,2198,2,7,FORD TRANSIT,-1,-1,0,-1
2023622300262,2023,622300262,1,19,0,18,19,8,4,0,0,0,0,0,0,0,1,1,1,1,1,28,6,1995,2,6,FORD TRANSIT,6,W01000716,0,-1
2023991264347,2023,991264347,2,19,0,17,19,7,3,0,0,0,0,0,0,0,1,1,1,1,1,26,6,1995,2,3,FORD TRANSIT,6,-1,0,-1
2023041318849,2023,041318849,2,19,0,18,19,7,3,0,0,0,0,0,1,0,2,1,1,1,1,46,8,2198,2,15,FORD TRANSIT,1,E01012595,0,-1
2023440386871,2023,440386871,2,19,0,18,19,4,8,0,0,1,0,0,0,0,4,1,1,1,1,40,7,2198,2,11,FORD TRANSIT,10,E01022573,0,-1
2023010478952,2023,010478952,1,19,0,3,3,3,7,0,0,2,0,0,0,0,2,1,1,1,1,45,7,2198,2,7,FORD TRANSIT,3,E01003686,0,-1
2023520400135,2023,520400135,2,19,0,7,7,3,5,0,0,5,0,0,0,0,3,1,6,6,3,-1,-1,1995,2,4,FORD TRANSIT,-1,-1,0,-1
2023520300154,2023,520300154,2,19,0,18,19,5,1,0,0,0,0,0,0,0,1,1,6,6,1,100,11,1995,2,1,FORD TRANSIT,-1,-1,0,-1
2023061276574,2023,061276574,1,19,0,7,7,5,7,0,0,8,0,0,0,0,4,1,6,6,1,-1,-1,1995,2,3,FORD TRANSIT,-1,-1,0,-1
2023010480231,2023,010480231,1,20,0,2,2,0,0,0,0,0,0,0,0,0,0,1,6,6,3,-1,-1,-1,-1,-1,FORD TRANSIT,-1,-1,0,-1
2023201289898,2023,201289898,1,19,0,3,3,-1,-1,0,0,0,0,0,0,0,3,1,1,1,1,29,6,1995,2,2,FORD TRANSIT,1,E01009061,0,-1
2023010458644,2023,010458644,1,19,0,7,7,4,6,0,0,2,0,0,0,0,1,1,2,2,1,52,8,2402,2,16,FORD TRANSIT,2,E01000626,0,-1
2023440427378,2023,440427378,2,19,0,18,19,2,6,0,0,1,0,0,0,0,1,1,1,1,2,36,7,1995,2,5,FORD TRANSIT,10,E01022884,0,-1
2023622301050,2023,622301050,1,19,0,18,19,4,8,0,0,0,1,0,0,0,1,1,1,1,1,40,7,2198,2,9,FORD TRANSIT,9,W01001170,0,-1
2023451287912,2023,451287912,2,19,0,17,19,7,7,0,0,0,0,0,0,0,2,1,1,1,1,30,6,2198,2,7,FORD TRANSIT,2,E01010277,0,-1
2023010450415,2023,010450415,2,19,0,18,19,3,7,0,0,1,0,0,0,0,2,1,1,1,1,54,8,1995,2,3,FORD TRANSIT,10,E01024153,0,-1
2023361309931,2023,361309931,3,19,0,17,19,5,1,0,0,0,0,0,0,0,2,1,2,2,1,32,6,1995,2,1,FORD TRANSIT,1,E01026622,0,-1
2023131327502,2023,131327502,1,19,0,-1,-1,-1,-1,-1,-1,-1,-1,-1,-1,-1,-1,1,6,6,3,-1,-1,2198,2,12,FORD TRANSIT,-1,-1,0,-1
2023631373094,2023,631373094,1,19,0,18,19,1,5,0,0,0,0,0,0,0,1,1,1,1,1,31,6,2198,2,15,FORD TRANSIT,2,W01000895,0,-1
2023501318291,2023,501318291,3,19,0,4,4,3,8,0,0,0,0,0,0,0,1,1,6,6,1,25,5,1995,2,6,FORD TRANSIT,6,E01020231,0,-1
2023440337652,2023,440337652,2,19,0,2,2,0,0,0,0,0,0,0,0,0,3,1,6,6,3,-1,-1,1995,2,0,FORD TRANSIT,-1,-1,0,-1
2023010455695,2023,010455695,2,19,0,13,13,1,5,0,0,0,0,0,0,0,4,1,6,6,1,19,4,2198,2,15,FORD TRANSIT,3,E01033150,0,-1
2023320519783,2023,320519783,2,20,0,10,10,6,4,0,0,1,0,0,7,0,2,1,6,6,2,54,8,-1,-1,-1,FORD TRANSIT,3,E01026068,0,-1
2023010473703,2023,010473703,1,19,0,18,19,5,1,0,0,0,0,0,0,0,4,1,1,1,1,25,5,1995,2,4,FORD TRANSIT,3,E01002620,0,-1
2023010450048,2023,010450048,1,19,0,5,5,7,3,0,0,2,0,0,0,0,1,1,1,1,1,37,7,1995,2,1,FORD TRANSIT,2,E01021119,0,-1
2023010466612,2023,010466612,2,19,0,18,19,5,1,0,0,1,0,0,0,0,1,1,1,1,1,21,5,1995,2,6,FORD TRANSIT,3,E01003728,0,-1
2023010463867,2023,010463867,2,19,0,2,2,0,0,0,0,2,0,0,0,0,1,1,6,6,3,-1,-1,1995,2,6,FORD TRANSIT,-1,-1,0,-1
2023010431684,2023,010431684,2,19,0,9,9,5,2,0,0,7,0,0,0,0,3,1,6,6,1,55,8,2198,2,11,FORD TRANSIT,8,E01000355,0,-1
2023302301499,2023,302301499,2,19,0,2,2,0,0,0,0,0,0,0,0,0,2,1,6,6,3,-1,-1,2198,2,10,FORD TRANSIT,-1,-1,0,-1
2023010429211,2023,010429211,2,19,0,9,9,1,7,0,0,8,0,0,0,0,3,1,2,2,1,49,8,1995,2,7,FORD TRANSIT,2,E01004253,0,-1
2023010426463,2023,010426463,2,19,0,18,19,5,1,0,0,2,0,0,0,0,0,1,1,1,1,46,8,2198,2,7,FORD TRANSIT,4,E01003934,0,-1
2023010455362,2023,010455362,2,19,0,18,19,5,1,0,0,8,0,0,0,0,4,1,1,1,1,63,9,2402,2,18,FORD TRANSIT,2,E01001722,0,-1
2023010441300,2023,010441300,2,98,4,99,99,9,9,99,99,9,9,99,9,99,9,9,6,6,3,-1,-1,2198,2,8,-1,-1,-1,0,-1
2023061283923,2023,061283923,1,19,0,18,19,7,3,0,0,8,0,0,8,11,3,1,1,1,1,28,6,1995,2,5,FORD TRANSIT,1,E01005004,0,-1
2023122300797,2023,122300797,2,19,0,18,19,8,4,0,0,1,0,0,0,0,1,1,2,2,1,25,5,2402,2,18,FORD TRANSIT,7,E01027605,0,-1
2023531263025,2023,531263025,2,19,0,18,19,7,3,0,0,0,0,0,0,0,2,1,1,1,1,50,8,1995,2,2,FORD TRANSIT,9,E01032682,0,-1
2023461307617,2023,461307617,5,19,0,18,19,8,4,0,0,0,1,0,1,0,3,1,5,6,1,37,7,1499,2,3,FORD TRANSIT COURIER,5,E01021089,0,-1
2023622300148,2023,622300148,2,19,0,3,3,2,6,0,0,0,0,0,0,0,1,1,1,1,1,54,8,1499,2,4,FORD TRANSIT COURIER,4,W01001178,0,-1
2023052301199,2023,052301199,2,19,0,18,19,5,1,0,0,0,0,11,0,0,1,1,1,1,1,27,6,1499,2,9,FORD TRANSIT COURIER,1,E01006507,0,-1
2023010421431,2023,010421431,1,19,0,9,9,1,7,0,0,8,0,0,0,0,1,1,6,6,1,23,5,1499,2,1,FORD TRANSIT COURIER,4,E01033727,0,-1
2023302300800,2023,302300800,1,19,0,18,19,4,8,0,0,0,0,0,8,11,4,1,6,6,1,21,5,1499,2,4,FORD TRANSIT COURIER,5,E01029817,0,-1
2023471326289,2023,471326289,1,19,0,18,19,2,5,0,0,3,0,0,0,0,1,1,6,6,1,28,6,1499,2,6,FORD TRANSIT COURIER,7,E01021181,0,-1
2023531361687,2023,531361687,2,19,0,4,4,1,5,0,0,0,0,0,0,0,2,1,6,6,1,57,9,1499,2,2,FORD TRANSIT COURIER,5,E01022158,0,-1
2023201404824,2023,201404824,2,19,0,18,19,8,4,0,0,8,0,0,0,0,1,1,1,1,1,45,7,1499,2,0,FORD TRANSIT COURIER,2,E01010016,0,-1
2023451392591,2023,451392591,1,19,0,16,19,5,1,0,0,0,0,0,0,0,1,1,1,1,1,79,11,1499,2,0,FORD TRANSIT COURIER,5,E01022616,0,-1
2023461351093,2023,461351093,1,19,0,18,19,3,7,0,0,6,0,0,0,0,1,1,6,6,1,-1,-1,1499,2,8,FORD TRANSIT COURIER,-1,-1,0,-1
2023421334288,2023,421334288,1,19,0,18,19,5,2,0,0,0,0,0,0,0,1,1,6,6,1,23,5,998,1,9,FORD TRANSIT COURIER,10,E01021929,0,-1
2023440039630,2023,440039630,2,19,0,18,19,2,6,0,0,1,0,0,0,0,1,1,6,6,3,-1,-1,998,1,1,FORD TRANSIT COURIER,-1,-1,0,-1
2023010453088,2023,010453088,1,19,0,99,99,9,9,99,99,9,9,99,9,99,2,9,2,2,1,37,7,1499,2,4,FORD TRANSIT COURIER,8,E01030698,0,-1
2023061363513,2023,061363513,2,19,0,3,3,6,2,0,0,0,0,0,0,0,2,1,1,1,1,29,6,1499,2,0,FORD TRANSIT COURIER,1,E01004851,0,-1
2023371371091,2023,371371091,3,19,0,18,19,8,4,0,0,0,0,0,0,0,2,1,3,7,1,51,8,1499,2,9,FORD TRANSIT COURIER,3,E01033046,0,-1
2023010423723,2023,010423723,2,19,0,2,2,0,0,0,0,1,1,0,1,11,2,1,6,6,3,-1,-1,998,1,7,FORD TRANSIT COURIER,-1,-1,0,-1
2023061310596,2023,061310596,1,19,0,18,19,-1,-1,0,0,0,0,0,0,0,0,1,6,6,3,30,6,1499,2,8,FORD TRANSIT COURIER,4,E01006349,0,-1
2023070488287,2023,070488287,2,19,0,18,19,7,3,0,0,0,0,11,0,0,1,1,6,6,2,46,8,1499,2,7,FORD TRANSIT COURIER,1,E01006541,0,-1
2023440500212,2023,440500212,2,19,0,18,19,3,7,0,0,0,0,0,0,0,1,1,2,2,1,29,6,1499,2,6,FORD TRANSIT COURIER,5,E01022728,0,-1
2023461367306,2023,461367306,4,19,0,2,2,0,0,0,0,0,0,0,0,0,4,1,6,6,3,-1,-1,1499,2,3,FORD TRANSIT COURIER,-1,-1,0,-1
2023471298083,2023,471298083,3,19,0,2,2,0,0,0,0,1,0,4,0,0,1,1,6,6,3,-1,-1,1499,2,4,FORD TRANSIT COURIER,-1,-1,0,-1
2023451297060,2023,451297060,1,19,0,9,9,8,5,0,0,1,0,0,0,0,1,1,1,1,1,46,8,998,1,1,FORD TRANSIT COURIER,6,E01030600,0,-1
2023010454741,2023,010454741,2,19,0,99,99,9,9,99,99,9,9,99,9,99,9,9,6,6,3,-1,-1,998,1,5,FORD TRANSIT COURIER,-1,-1,0,-1
2023201367251,2023,201367251,1,19,0,18,19,8,4,0,0,0,0,0,0,0,4,1,2,2,1,31,6,1499,2,6,FORD TRANSIT COURIER,1,E01009122,0,-1
2023131376996,2023,131376996,1,19,0,9,9,7,3,0,0,1,0,0,0,0,1,1,6,6,2,45,7,1560,2,8,FORD TRANSIT COURIER,2,E01011681,0,-1
2023421394976,2023,421394976,2,19,0,18,19,3,7,0,0,0,0,0,0,0,2,1,1,1,1,25,5,1560,2,7,FORD TRANSIT COURIER,2,E01022006,0,-1
2023010444596,2023,010444596,2,19,0,9,9,1,7,0,0,1,0,0,0,0,0,1,6,6,3,-1,-1,998,1,5,FORD TRANSIT COURIER,-1,-1,0,-1
2023440376575,2023,440376575,3,19,0,4,4,6,2,0,0,0,0,0,0,0,2,1,6,6,1,69,10,1499,2,6,FORD TRANSIT COURIER,6,E01023199,0,-1
2023440401641,2023,440401641,1,19,0,3,3,3,7,0,0,0,0,0,0,0,1,1,6,6,1,28,6,1499,2,9,FORD TRANSIT COURIER,5,E01022957,0,-1
2023010448274,2023,010448274,2,19,0,2,2,0,0,0,0,0,0,0,1,11,2,1,6,6,3,-1,-1,1499,2,9,FORD TRANSIT COURIER,-1,-1,0,-1
2023010477574,2023,010477574,3,19,0,18,19,8,4,0,0,0,0,10,0,0,1,1,1,1,1,58,9,1499,2,6,FORD TRANSIT COURIER,4,E01003927,0,-1
2023471312644,2023,471312644,1,19,0,5,5,4,2,0,0,8,0,0,0,0,3,1,1,1,1,49,8,1499,2,5,FORD TRANSIT COURIER,7,E01024538,0,-1
2023010450234,2023,010450234,2,19,0,4,4,5,1,0,0,1,0,0,0,0,2,1,1,1,1,44,7,998,1,3,FORD TRANSIT COURIER,3,E01002528,0,-1
2023411310459,2023,411310459,1,19,0,9,9,7,3,0,0,5,0,0,0,0,0,1,6,6,1,-1,-1,1499,2,0,FORD TRANSIT COURIER,4,E01023349,0,-1
2023351337127,2023,351337127,1,19,0,17,19,5,2,0,0,0,0,0,1,0,1,1,1,1,1,40,7,1499,2,3,FORD TRANSIT COURIER,6,E01018056,0,-1
2023401270266,2023,401270266,1,19,0,18,19,1,5,0,0,0,0,0,0,0,1,1,1,1,1,42,7,1499,2,4,FORD TRANSIT COURIER,5,E01023939,0,-1
2023440117307,2023,440117307,1,19,0,18,19,7,3,0,0,0,1,0,0,0,1,1,6,6,1,66,10,1499,2,8,FORD TRANSIT COURIER,9,E01022525,0,-1
2023010453808,2023,010453808,2,19,0,9,9,5,3,0,0,0,0,0,0,0,1,1,2,2,1,42,7,1499,2,4,FORD TRANSIT COURIER,2,E01001551,0,-1
2023461297935,2023,461297935,1,19,0,7,7,8,3,0,0,0,0,10,0,0,1,1,2,2,1,25,5,1499,2,8,FORD TRANSIT COURIER,2,E01016025,0,-1
2023010465246,2023,010465246,1,19,0,7,7,4,5,0,0,5,0,0,0,0,4,1,2,2,1,36,7,998,1,0,FORD TRANSIT COURIER,4,E01002244,0,-1
2023070100500,2023,070100500,1,19,0,10,10,7,3,0,0,8,0,0,0,0,1,1,6,6,1,-1,-1,1499,2,7,FORD TRANSIT COURIER,-1,-1,0,-1
2023101390001,2023,101390001,1,19,0,18,19,6,2,0,0,0,0,0,0,0,1,1,1,1,1,23,5,998,1,2,FORD TRANSIT COURIER,2,E01008575,0,-1
2023010448396,2023,010448396,1,19,0,18,19,3,7,0,0,1,0,0,0,0,1,1,6,6,1,27,6,1499,2,6,FORD TRANSIT COURIER,2,E01003623,0,-1
2023451341472,2023,451341472,1,19,0,18,19,1,5,0,0,0,0,0,0,0,1,1,5,6,1,31,6,1499,2,3,FORD TRANSIT COURIER,10,E01023097,0,-1
2023201333470,2023,201333470,2,19,0,18,19,8,4,0,0,1,0,10,1,0,3,1,6,6,1,33,6,1499,2,6,FORD TRANSIT COURIER,7,E01009439,0,-1
2023430062229,2023,430062229,1,19,0,18,19,7,3,0,0,1,0,0,0,0,1,1,1,1,1,20,4,1560,2,8,FORD TRANSIT COURIER,7,E01033523,0,-1
2023411340229,2023,411340229,1,19,0,9,9,3,1,0,0,8,0,0,0,0,4,1,5,6,1,26,6,1499,2,6,FORD TRANSIT COURIER,2,E01001432,0,-1
2023332301153,2023,332301153,2,19,0,9,9,4,2,0,0,5,0,0,0,0,2,1,1,1,1,61,9,1499,2,4,FORD TRANSIT COURIER,8,E01029475,0,-1
2023522400440,2023,522400440,2,19,0,18,19,6,2,0,0,4,0,0,0,0,3,1,6,6,1,61,9,1499,2,7,FORD TRANSIT COURIER,10,E01014967,0,-1
202363D013523,2023,63D013523,3,19,0,4,4,2,8,0,0,1,0,0,1,10,0,1,6,6,1,52,8,1499,2,4,FORD TRANSIT COURIER,3,W01000454,0,-1
2023361277209,2023,361277209,2,19,0,2,2,0,0,0,0,2,0,0,0,0,3,1,1,1,2,44,7,1499,2,1,FORD TRANSIT COURIER,8,E01026470,0,-1
2023411369353,2023,411369353,3,19,0,18,19,2,6,0,0,1,0,0,0,0,3,1,1,1,1,77,11,1499,2,6,FORD TRANSIT COURIER,9,E01023653,0,-1