collision_index,collision_year,collision_ref_no,vehicle_reference,vehicle_type,towing_and_articulation,vehicle_manoeuvre_historic,vehicle_manoeuvre,vehicle_direction_from,vehicle_direction_to,vehicle_location_restricted_lane_historic,vehicle_location_restricted_lane,junction_location,skidding_and_overturning,hit_object_in_carriageway,vehicle_leaving_carriageway,hit_object_off_carriageway,first_point_of_impact,vehicle_left_hand_drive,journey_purpose_of_driver_historic,journey_purpose_of_driver,sex_of_driver,age_of_driver,age_band_of_driver,engine_capacity_cc,propulsion_code,age_of_vehicle,generic_make_model,driver_imd_decile,lsoa_of_driver,escooter_flag,driver_distance_banding
2023010473805,2023,010473805,1,2,0,7,7,7,1,0,0,7,0,0,0,0,2,1,6,6,1,30,6,108,1,8,HONDA NSC,3,E01004342,0,-1
2023010434138,2023,010434138,1,3,0,99,99,9,9,99,99,9,9,99,9,99,9,1,6,6,1,24,5,108,1,8,HONDA NSC,4,E01003608,0,-1
2023010441944,2023,010441944,2,3,0,18,19,5,1,0,0,1,0,0,0,0,1,1,6,6,1,37,7,108,1,4,HONDA NSC,4,E01001182,0,-1
2023010474318,2023,010474318,1,3,9,99,99,9,9,99,99,9,9,99,9,99,1,1,1,1,1,28,6,110,1,1,HONDA NSC,7,E01004619,0,-1
2023010420832,2023,010420832,1,3,0,99,99,9,9,99,99,0,9,99,9,99,1,1,1,1,1,20,4,108,1,8,HONDA NSC,4,E01004172,0,-1
2023010458096,2023,010458096,1,3,0,18,19,5,1,0,0,1,1,0,0,0,0,1,2,2,1,18,4,108,1,7,HONDA NSC,4,E01001087,0,-1
2023010451001,2023,010451001,1,3,0,5,5,5,1,1,1,0,0,0,0,0,1,1,1,1,1,31,6,108,1,8,HONDA NSC,9,E01004595,0,-1
2023421365772,2023,421365772,2,3,0,18,19,3,7,0,0,1,2,0,0,0,1,1,1,1,1,38,7,108,1,7,HONDA NSC,4,E01021374,0,-1
2023010431289,2023,010431289,2,3,0,4,4,3,7,0,0,1,1,0,0,0,1,1,1,1,1,28,6,108,1,8,HONDA NSC,1,E01033456,0,-1
2023010481213,2023,010481213,2,3,0,14,14,1,5,0,0,1,1,0,0,0,0,1,1,1,1,31,6,110,1,1,HONDA NSC,4,E01004525,0,-1
2023010480006,2023,010480006,2,2,0,5,5,3,7,0,0,2,1,0,0,0,1,1,6,6,1,25,5,110,1,2,HONDA NSC,7,E01002136,0,-1
2023010427038,2023,010427038,1,3,0,9,9,5,3,0,0,0,0,0,0,0,1,1,1,1,1,31,6,110,1,2,HONDA NSC,4,E01001934,0,-1
2023010470486,2023,010470486,1,3,0,18,19,1,5,0,0,1,0,0,0,0,4,1,6,6,1,36,7,108,1,6,HONDA NSC,-1,-1,0,-1
2023010446159,2023,010446159,1,3,0,99,99,9,9,99,99,9,9,99,9,99,1,1,1,1,1,25,5,108,1,7,HONDA NSC,7,E01002127,0,-1
2023501370905,2023,501370905,2,3,0,18,19,1,6,0,0,0,5,0,0,0,4,1,5,6,2,19,4,108,1,11,HONDA NSC,7,E01020008,0,-1
2023010429928,2023,010429928,1,3,0,99,99,9,9,99,99,9,9,99,9,99,1,1,1,1,1,19,4,110,1,2,HONDA NSC,3,E01000114,0,-1
2023501401941,2023,501401941,2,3,0,3,3,4,8,99,99,9,0,0,-1,0,2,1,1,1,1,41,7,110,1,0,HONDA NSC,2,E01020014,0,-1
2023501393509,2023,501393509,1,2,0,18,19,7,8,0,0,1,0,0,0,0,0,1,5,6,1,71,10,108,1,3,HONDA NSC,2,E01015270,0,-1
2023010465421,2023,010465421,2,3,0,13,13,7,3,0,0,1,0,0,0,0,1,1,6,6,1,30,6,108,1,4,HONDA NSC,9,E01001385,0,-1
2023010427157,2023,010427157,1,3,0,99,99,9,9,99,99,9,9,99,9,99,9,1,2,2,1,36,7,108,1,10,HONDA NSC,3,E01003374,0,-1
2023010467936,2023,010467936,1,2,9,99,99,9,9,0,0,9,0,99,9,99,9,1,6,6,1,26,6,49,1,11,HONDA NSC,2,E01003128,0,-1
2023010475074,2023,010475074,1,3,0,99,99,9,9,99,99,9,9,99,9,99,9,1,6,6,3,26,6,108,1,7,HONDA NSC,1,E01002069,0,-1
2023010420826,2023,010420826,2,3,0,3,3,5,1,0,0,1,0,0,0,0,2,1,6,6,1,28,6,108,1,3,HONDA NSC,4,E01002455,0,-1
2023010422968,2023,010422968,1,3,0,99,99,9,9,99,99,9,9,99,9,99,0,1,1,1,1,32,6,108,1,4,HONDA NSC,2,E01001118,0,-1
2023010476940,2023,010476940,1,3,0,13,13,5,1,0,0,8,0,0,0,0,4,1,2,2,1,27,6,110,1,0,HONDA NSC,2,E01001257,0,-1
2023010424350,2023,010424350,1,3,0,99,99,9,9,99,99,0,9,99,9,99,1,1,1,1,2,30,6,110,1,2,HONDA NSC,2,E01004068,0,-1
2023451380625,2023,451380625,1,3,0,13,13,2,2,0,0,1,1,0,1,0,4,1,2,2,1,25,5,110,1,2,HONDA NSC,5,E01000975,0,-1
2023440503515,2023,440503515,2,3,0,18,19,5,1,0,0,1,0,0,0,0,1,1,1,1,1,26,6,108,1,3,HONDA NSC,4,E01017162,0,-1
2023010422277,2023,010422277,1,3,0,99,99,9,9,99,99,9,9,99,9,99,1,1,1,1,2,28,6,108,1,5,HONDA NSC,5,E01017835,0,-1
2023010451590,2023,010451590,1,3,0,99,99,9,9,99,99,9,9,99,9,99,2,1,6,6,1,31,6,108,1,5,HONDA NSC,6,E01003429,0,-1
2023430484029,2023,430484029,2,2,0,18,19,1,5,0,0,8,0,0,0,0,4,1,1,1,1,26,6,110,1,0,HONDA NSC,6,E01016231,0,-1
2023010434530,2023,010434530,2,3,0,13,13,1,5,0,0,1,2,0,0,0,1,1,1,1,1,20,4,110,1,2,HONDA NSC,9,E01004191,0,-1
2023201416842,2023,201416842,2,2,0,18,19,4,2,0,0,1,0,0,0,0,0,1,1,1,1,29,6,108,1,5,HONDA NSC,1,E01009048,0,-1
2023010477762,2023,010477762,1,3,0,99,99,9,9,99,99,0,9,99,9,99,9,1,1,1,1,29,6,110,1,1,HONDA NSC,6,E01004186,0,-1
2023010469245,2023,010469245,1,4,0,99,99,9,9,99,99,9,9,99,9,99,9,1,1,1,1,19,4,110,1,0,HONDA NSC,3,E01000641,0,-1
2023041365454,2023,041365454,3,3,0,18,19,7,3,9,9,0,0,0,0,0,0,1,6,6,1,38,7,110,1,2,HONDA NSC,3,E01025571,0,-1
2023010460048,2023,010460048,1,3,0,99,99,9,9,99,99,9,9,99,9,99,1,1,6,6,1,29,6,108,1,8,HONDA NSC,2,E01001555,0,-1
2023010445347,2023,010445347,1,2,0,4,4,2,6,0,0,1,5,0,0,0,1,1,2,2,1,25,5,110,1,1,HONDA NSC,6,E01001312,0,-1
2023010420624,2023,010420624,1,4,9,99,99,9,9,99,99,9,9,99,9,99,9,1,6,6,2,33,6,108,1,4,HONDA NSC,6,E01003434,0,-1
2023010448487,2023,010448487,1,3,0,99,99,9,9,99,99,9,9,99,9,99,2,1,6,6,3,27,6,108,1,4,HONDA NSC,3,E01000635,0,-1
2023451358637,2023,451358637,1,3,0,18,19,1,5,0,0,0,0,0,0,0,4,1,2,2,2,53,8,108,1,8,HONDA NSC,8,E01002941,0,-1
2023461361927,2023,461361927,1,3,0,4,4,3,6,0,0,5,1,0,0,0,1,1,1,1,1,23,5,108,1,3,HONDA NSC,3,E01024497,0,-1
2023010419480,2023,010419480,2,3,0,18,19,7,3,0,0,3,2,0,0,0,1,1,6,6,1,36,7,108,1,11,HONDA NSC,4,E01004572,0,-1
2023361409870,2023,361409870,1,3,0,18,19,1,5,0,0,0,2,0,0,0,4,1,6,6,1,17,4,108,1,6,HONDA NSC,4,E01026445,0,-1
2023010419836,2023,010419836,1,3,0,99,99,9,9,99,99,9,9,99,9,99,1,1,1,1,2,33,6,108,1,5,HONDA NSC,5,E01001473,0,-1
2023340WN6222,2023,340WN6222,2,3,0,2,2,0,0,0,0,0,0,0,0,0,1,1,1,1,1,22,5,110,1,0,HONDA NSC,5,E01027237,0,-1
2023010428999,2023,010428999,1,3,0,15,15,1,5,0,0,1,0,0,0,0,1,1,6,6,1,34,6,108,1,6,HONDA NSC,4,E01001934,0,-1
2023471359440,2023,471359440,2,3,0,18,19,2,6,0,0,8,0,0,0,0,1,1,1,1,1,55,8,108,1,6,HONDA NSC,1,E01020979,0,-1
2023010478953,2023,010478953,2,3,0,18,19,5,1,0,0,1,0,0,0,0,1,1,6,6,1,26,6,110,1,1,HONDA NSC,3,E01002405,0,-1
2023010468392,2023,010468392,2,3,0,18,19,1,5,0,0,1,1,0,0,0,1,1,6,6,1,46,8,108,1,7,HONDA NSC,3,E01004571,0,-1
2023010478626,2023,010478626,1,3,0,18,19,1,5,0,0,2,0,0,0,0,1,1,1,1,1,25,5,108,1,5,HONDA NSC,3,E01002620,0,-1
2023161321779,2023,161321779,2,3,0,16,19,3,7,0,0,0,0,11,0,0,2,1,6,6,1,16,4,108,1,7,HONDA NSC,1,E01012790,0,-1
2023010443104,2023,010443104,1,3,0,99,99,9,9,99,99,9,9,99,9,99,1,1,6,6,1,29,6,108,1,4,HONDA NSC,4,E01004525,0,-1
2023010467154,2023,010467154,2,3,0,18,19,3,7,0,0,0,0,0,0,0,1,1,6,6,1,26,6,108,1,5,HONDA NSC,4,E01003119,0,-1
2023010481755,2023,010481755,2,3,0,18,19,4,8,0,0,1,0,0,0,0,1,1,1,1,1,28,6,108,1,7,HONDA NSC,8,E01001228,0,-1
2023010486342,2023,010486342,1,3,9,99,99,9,9,99,99,9,9,99,9,99,9,1,1,1,2,29,6,108,1,11,HONDA NSC,3,E01003596,0,-1
2023010433549,2023,010433549,1,3,0,3,3,1,5,0,0,1,0,0,0,0,2,1,1,1,1,43,7,110,1,2,HONDA NSC,2,E01001115,0,-1
2023010441497,2023,010441497,1,3,0,18,19,2,6,0,0,8,2,0,0,0,0,1,6,6,1,27,6,108,1,3,HONDA NSC,1,E01000868,0,-1
2023010458542,2023,010458542,1,3,0,99,99,9,9,99,99,9,9,99,9,99,2,1,1,1,1,22,5,110,1,0,HONDA NSC,5,E01000631,0,-1
2023010463322,2023,010463322,1,3,0,99,99,9,9,99,99,9,9,99,9,99,1,1,2,2,1,30,6,108,1,11,HONDA NSC,6,E01003152,0,-1
2023010465141,2023,010465141,1,3,0,18,19,3,7,0,0,7,2,0,0,0,4,1,1,1,1,23,5,25,1,1,HONDA NSC,3,E01003485,0,-1
2023010420041,2023,010420041,2,3,0,18,19,7,3,2,2,1,0,0,0,0,1,1,1,1,1,49,8,108,1,3,HONDA NSC,3,E01004047,0,-1
2023010486609,2023,010486609,2,3,0,13,13,8,4,0,0,1,0,0,0,0,1,1,2,2,1,33,6,108,1,5,HONDA NSC,8,E01002157,0,-1
2023211334584,2023,211334584,1,3,0,18,19,5,3,0,0,0,0,4,0,0,1,1,6,6,1,24,5,108,1,8,HONDA NSC,-1,-1,0,-1
2023010431662,2023,010431662,1,3,0,13,13,7,3,0,0,2,0,0,0,0,4,1,2,2,1,22,5,108,1,9,HONDA NSC,3,E01000578,0,-1
2023010445433,2023,010445433,2,3,0,18,19,2,6,0,0,1,5,0,1,0,1,1,6,6,1,31,6,108,1,5,HONDA NSC,3,E01001886,0,-1
2023010442884,2023,010442884,2,3,0,18,19,3,7,0,0,1,0,0,0,0,1,1,1,1,1,33,6,108,1,5,HONDA NSC,9,E01002537,0,-1
2023010450393,2023,010450393,1,3,0,99,99,9,9,99,99,1,9,99,9,99,9,1,2,2,1,31,6,108,1,5,HONDA NSC,6,E01003378,0,-1
2023531360948,2023,531360948,2,9,0,4,4,5,1,0,0,0,5,0,0,0,2,1,1,1,2,54,8,3059,2,29,-1,-1,-1,0,-1
2023332301108,2023,332301108,2,3,0,14,14,2,6,0,0,8,0,0,0,0,1,1,6,6,1,19,4,125,1,3,KAWASAKI BR125,-1,-1,0,-1
2023501365724,2023,501365724,1,3,0,13,13,5,1,0,0,8,5,0,0,0,4,1,5,6,1,35,6,125,1,0,KAWASAKI BR125,5,E01019996,0,-1
2023552301054,2023,552301054,2,3,0,18,19,2,6,0,0,0,0,0,0,0,1,1,2,2,1,56,9,125,1,0,KAWASAKI BR125,2,E01032662,0,-1
2023471324817,2023,471324817,2,3,0,18,19,1,4,0,0,0,5,0,0,0,1,1,2,2,1,19,4,125,1,2,KAWASAKI BR125,6,E01031661,0,-1
2023440516359,2023,440516359,2,3,0,18,19,8,4,0,0,1,0,0,0,0,1,1,2,2,1,23,5,125,1,3,KAWASAKI BR125,7,E01023206,0,-1
2023991332752,2023,991332752,1,3,0,18,19,1,5,0,0,8,0,0,0,0,1,1,5,6,1,26,6,125,1,0,KAWASAKI BR125,3,-1,0,-1
2023052301064,2023,052301064,2,3,0,18,19,7,3,0,0,1,0,0,0,0,1,1,6,6,1,22,5,125,1,2,KAWASAKI BR125,6,E01007159,0,-1
2023501345620,2023,501345620,2,3,0,18,19,6,3,0,0,0,0,0,0,0,1,1,6,6,2,18,4,125,1,0,KAWASAKI BR125,8,E01015068,0,-1
2023461302677,2023,461302677,2,3,0,4,4,1,5,0,0,0,1,0,0,0,0,1,6,6,1,44,7,125,1,2,KAWASAKI BR125,2,E01024315,0,-1
2023461337325,2023,461337325,2,4,0,18,19,5,1,0,0,1,0,0,0,0,1,1,5,6,1,36,7,125,1,2,-1,8,E01024221,0,-1
2023141279847,2023,141279847,1,3,0,18,19,1,5,0,0,0,0,0,0,0,1,1,2,2,2,28,6,125,1,2,KAWASAKI BR125,1,E01007629,0,-1
2023501296984,2023,501296984,1,3,0,18,19,7,7,0,0,8,0,0,0,0,1,1,6,6,1,18,4,125,1,2,KAWASAKI BR125,4,E01015169,0,-1
2023371433583,2023,371433583,2,3,0,18,19,7,1,0,0,8,0,0,0,0,3,1,1,1,1,23,5,125,1,0,KAWASAKI BR125,2,E01033125,0,-1
2023622300629,2023,622300629,2,3,0,18,19,2,6,0,0,2,0,0,0,0,3,1,6,6,2,27,6,125,1,0,KAWASAKI BR125,3,W01001695,0,-1
2023010452356,2023,010452356,1,3,0,99,99,9,9,99,99,9,9,99,9,99,9,1,6,6,2,31,6,125,1,3,KAWASAKI BR125,6,E01000492,0,-1
2023522301128,2023,522301128,2,3,0,18,19,6,2,0,0,8,0,0,0,0,1,1,6,6,2,20,4,125,1,2,KAWASAKI BR125,1,E01014597,0,-1
2023320451048,2023,320451048,1,4,0,4,4,7,3,0,0,0,5,0,0,0,1,1,6,6,1,26,6,125,1,2,-1,-1,-1,0,-1
2023501282471,2023,501282471,2,3,0,18,19,2,6,0,0,0,0,0,0,0,1,1,6,6,1,17,4,125,1,3,KAWASAKI BR125,3,E01015193,0,-1
202354C446123,2023,54C446123,1,4,0,9,9,3,1,0,0,1,0,0,0,0,1,1,6,6,1,22,5,125,1,3,-1,6,E01023183,0,-1
2023501306833,2023,501306833,2,3,0,7,7,3,6,0,0,5,0,0,0,0,1,1,6,6,1,23,5,125,1,3,KAWASAKI BR125,1,E01018878,0,-1
2023010464227,2023,010464227,2,4,0,9,9,5,2,0,0,8,0,0,0,0,1,1,6,6,1,20,4,125,1,2,-1,2,E01000041,0,-1
2023302300440,2023,302300440,1,3,0,16,19,1,4,0,0,6,1,10,0,0,1,1,6,6,1,22,5,125,1,5,KAWASAKI BR125,9,E01019683,0,-1
2023461377936,2023,461377936,1,3,0,14,14,5,1,0,0,0,1,0,0,0,1,1,6,6,1,24,5,125,1,2,KAWASAKI BR125,6,E01024836,0,-1
2023052302571,2023,052302571,1,3,0,18,19,3,7,0,0,0,0,4,0,0,1,1,6,6,1,24,5,125,1,2,KAWASAKI BR125,4,E01006837,0,-1
2023332300163,2023,332300163,2,4,0,18,19,3,7,0,0,8,0,0,0,0,1,1,1,1,1,51,8,125,1,4,-1,2,E01013695,0,-1
2023221326611,2023,221326611,1,90,0,16,19,2,6,0,0,0,0,0,0,0,4,1,5,6,1,33,6,501,1,3,-1,5,E01028959,0,-1
2023461326856,2023,461326856,1,9,0,4,4,7,3,0,0,0,0,0,0,0,1,1,6,6,1,42,7,3946,1,21,-1,7,E01024793,0,-1
2023201375070,2023,201375070,1,3,0,18,19,5,1,0,0,0,0,0,0,0,1,1,6,6,1,50,8,125,1,7,-1,5,E01009447,0,-1
2023411347267,2023,411347267,2,3,0,9,9,6,2,0,0,6,0,0,0,0,1,1,2,2,1,25,5,125,1,1,-1,5,E01023806,0,-1
2023070700728,2023,070700728,1,3,0,16,19,5,8,0,0,0,1,10,0,0,1,1,6,6,1,41,7,125,1,4,-1,9,E01018697,0,-1
202360A184846,2023,60A184846,2,3,0,18,19,4,8,0,0,3,5,0,0,0,3,1,2,2,1,19,4,124,1,26,-1,-1,-1,0,-1
2023332300485,2023,332300485,2,3,0,18,19,5,1,0,0,8,1,0,0,0,1,1,6,6,1,56,9,124,1,24,-1,10,E01025846,0,-1
2023031319194,2023,031319194,1,4,0,7,7,8,3,0,0,3,1,0,0,0,4,1,5,6,1,66,10,124,1,27,-1,1,E01025110,0,-1
2023361384469,2023,361384469,1,4,0,18,19,4,8,0,0,0,5,0,0,0,4,1,5,6,1,62,9,346,1,33,-1,5,E01026443,0,-1
2023531299138,2023,531299138,1,3,0,2,2,0,0,0,0,2,0,0,0,0,3,1,5,6,1,20,4,125,1,10,-1,7,E01022252,0,-1
2023131344003,2023,131344003,1,3,0,18,19,3,7,0,0,8,0,0,0,0,1,1,5,6,2,41,7,124,1,8,-1,5,E01010633,0,-1
2023320356816,2023,320356816,1,3,0,16,19,4,8,0,0,2,1,0,7,0,3,1,6,6,2,50,8,124,1,13,-1,3,E01028310,0,-1
2023131301351,2023,131301351,1,3,0,4,4,5,1,0,0,8,0,0,0,0,3,1,5,6,1,22,5,125,1,17,-1,2,E01010961,0,-1
2023141371335,2023,141371335,1,3,0,18,19,8,4,0,0,0,0,0,0,0,1,1,5,6,1,19,4,124,1,10,-1,1,E01008117,0,-1
2023221325696,2023,221325696,2,5,0,17,19,5,2,0,0,0,1,10,1,10,1,1,5,6,2,41,7,749,1,12,SUZUKI GSR 750,10,E01032337,0,-1
2023461325806,2023,461325806,3,5,0,5,5,7,4,0,0,8,0,0,0,0,3,1,6,6,1,47,8,749,1,10,SUZUKI GSR 750,2,E01024247,0,-1
2023211389408,2023,211389408,2,5,0,18,19,5,1,0,0,1,1,0,0,0,4,1,5,6,1,27,6,749,1,10,SUZUKI GSR 750,5,E01014225,0,-1
2023461328255,2023,461328255,1,5,0,18,19,3,7,0,0,3,0,0,0,0,1,1,6,6,1,40,7,749,1,10,SUZUKI GSR 750,4,E01024296,0,-1
2023010475064,2023,010475064,1,3,0,5,5,0,5,0,0,1,0,0,0,0,0,1,1,1,1,56,9,749,1,9,-1,5,E01001536,0,-1
2023531309800,2023,531309800,2,5,0,18,19,8,4,0,0,1,2,0,0,0,1,1,5,6,1,47,8,749,1,8,SUZUKI GSR 750,2,E01022324,0,-1
2023122301319,2023,122301319,1,5,0,16,19,7,3,0,0,0,1,0,1,11,1,1,6,6,1,51,8,749,1,10,SUZUKI GSR 750,9,E01013016,0,-1
2023010464736,2023,010464736,1,5,0,13,13,3,7,0,0,0,0,0,0,0,4,1,2,2,1,54,8,749,1,9,SUZUKI GSR 750,5,E01024075,0,-1
2023440376790,2023,440376790,1,5,0,18,19,1,5,0,0,1,0,0,0,0,1,1,6,6,1,32,6,749,1,9,SUZUKI GSR 750,3,E01022840,0,-1
2023010454541,2023,010454541,1,5,0,18,19,7,3,0,0,2,0,11,0,0,1,1,6,6,1,-1,-1,749,1,10,SUZUKI GSR 750,-1,-1,0,-1
2023411325204,2023,411325204,2,5,0,4,4,7,3,0,0,0,0,0,0,0,1,1,1,1,1,45,7,749,1,8,SUZUKI GSR 750,5,E01000150,0,-1
2023122301332,2023,122301332,1,5,0,13,13,6,2,0,0,0,0,0,7,9,0,1,6,6,1,57,9,749,1,9,SUZUKI GSR 750,10,E01011280,0,-1
2023361329606,2023,361329606,2,5,0,13,13,7,3,0,0,0,0,0,7,0,1,1,2,2,1,41,7,749,1,7,SUZUKI GSR 750,9,E01026901,0,-1
2023501338207,2023,501338207,1,5,0,17,19,5,1,6,6,8,0,0,0,0,1,1,5,6,1,31,6,749,1,8,SUZUKI GSR 750,2,E01015262,0,-1
2023421303166,2023,421303166,3,9,0,2,2,0,0,9,9,1,0,0,0,0,3,1,6,6,3,-1,-1,2498,1,23,-1,-1,-1,0,-1
2023430483086,2023,430483086,1,9,0,18,19,3,7,0,0,0,0,0,0,0,3,1,2,2,1,55,8,3175,7,20,-1,8,E01027296,0,-1
2023501363903,2023,501363903,2,19,0,9,9,6,4,0,0,2,0,0,0,0,4,1,1,1,1,52,8,1896,2,22,-1,2,E01015216,0,-1
2023440123487,2023,440123487,3,19,0,18,19,1,5,0,0,0,0,0,0,0,1,1,1,1,1,23,5,1896,2,23,-1,8,E01022652,0,-1
2023440191629,2023,440191629,1,19,0,5,5,3,7,0,0,4,0,0,0,0,1,1,2,2,1,44,7,1896,2,22,-1,10,E01022528,0,-1
2023552300973,2023,552300973,2,19,0,18,19,7,3,0,0,0,0,0,0,0,1,1,6,6,2,52,8,1896,2,23,-1,4,E01020485,0,-1
2023221296505,2023,221296505,4,19,0,4,4,3,8,0,0,1,0,0,0,0,0,1,5,6,1,42,7,1896,2,22,-1,2,W01000483,0,-1
2023201376988,2023,201376988,2,2,0,18,19,4,8,0,0,0,0,0,0,0,3,1,6,6,1,34,6,50,1,3,-1,3,E01010018,0,-1
2023461311360,2023,461311360,1,2,0,4,4,6,1,0,0,3,0,0,0,0,1,1,5,6,2,29,6,50,1,2,-1,5,E01024701,0,-1
2023471288719,2023,471288719,2,11,0,4,4,7,3,0,0,0,0,0,0,0,0,1,1,1,1,33,6,5132,2,6,WRIGHTBUS STREETDECK,2,E01016873,0,-1
2023101396475,2023,101396475,2,11,0,4,4,1,5,0,0,8,0,0,0,0,0,1,1,1,1,53,8,5132,2,5,WRIGHTBUS STREETDECK,3,E01008217,0,-1
2023131269361,2023,131269361,1,11,0,5,5,1,1,0,0,8,0,0,0,0,0,1,1,1,1,42,7,5132,2,5,WRIGHTBUS STREETDECK,1,E01011658,0,-1
2023520300610,2023,520300610,2,11,0,16,19,4,1,0,0,0,2,1,0,0,1,1,1,1,1,58,9,5132,2,4,WRIGHTBUS STREETDECK,3,E01014807,0,-1
2023131387595,2023,131387595,1,11,0,18,19,1,5,2,2,8,0,0,0,0,1,1,1,1,1,54,8,5132,2,7,WRIGHTBUS STREETDECK,3,E01011369,0,-1
2023101324970,2023,101324970,2,11,0,18,19,1,5,0,0,1,0,0,0,0,1,1,1,1,1,64,9,5132,2,5,WRIGHTBUS STREETDECK,2,E01008261,0,-1
2023131345672,2023,131345672,1,11,0,7,7,5,1,0,0,8,0,0,0,0,3,1,1,1,1,62,9,5132,2,4,WRIGHTBUS STREETDECK,1,E01011292,0,-1
2023131323927,2023,131323927,3,11,0,18,19,1,5,0,0,0,0,0,0,0,2,1,1,1,1,62,9,5132,2,4,WRIGHTBUS STREETDECK,2,E01011724,0,-1
2023430409110,2023,430409110,1,11,0,18,19,4,8,2,2,0,0,0,0,0,3,1,1,1,1,50,8,5132,2,7,WRIGHTBUS STREETDECK,5,E01016369,0,-1
2023010440534,2023,010440534,2,11,0,18,19,5,1,0,0,3,0,0,0,0,1,1,6,6,1,42,7,5132,2,4,WRIGHTBUS STREETDECK,3,E01003481,0,-1
2023010447106,2023,010447106,1,11,0,18,19,7,3,1,1,0,0,0,0,0,0,1,1,1,1,46,8,5132,2,5,WRIGHTBUS STREETDECK,4,E01001179,0,-1
2023471315981,2023,471315981,1,11,0,18,19,7,3,0,0,0,0,0,0,0,0,1,1,1,1,58,9,5132,2,6,WRIGHTBUS STREETDECK,2,E01016873,0,-1
2023131275298,2023,131275298,2,11,0,18,19,1,5,0,0,8,0,0,0,0,0,1,1,1,1,59,9,5132,2,4,WRIGHTBUS STREETDECK,4,E01011875,0,-1
2023471297510,2023,471297510,1,11,0,18,19,7,3,0,0,1,0,0,0,0,0,1,1,1,2,26,6,5132,2,6,WRIGHTBUS STREETDECK,6,E01016912,0,-1
2023332300556,2023,332300556,1,11,0,18,19,1,5,0,0,2,0,0,0,0,3,1,1,1,1,54,8,5132,2,7,WRIGHTBUS STREETDECK,-1,-1,0,-1
2023201415332,2023,201415332,2,11,0,10,10,5,3,0,0,1,0,0,0,0,1,1,6,6,1,41,7,5132,2,7,WRIGHTBUS STREETDECK,1,E01010370,0,-1
2023471303543,2023,471303543,1,11,0,4,4,3,7,0,0,0,0,0,0,0,0,1,1,1,1,43,7,5132,2,6,WRIGHTBUS STREETDECK,10,E01031717,0,-1
2023471362855,2023,471362855,1,11,0,4,4,7,3,0,0,2,0,0,0,0,0,1,1,1,1,49,8,5132,2,7,WRIGHTBUS STREETDECK,8,E01016962,0,-1
2023471375713,2023,471375713,1,11,0,18,19,3,7,0,0,8,0,0,0,0,4,1,1,1,1,23,5,5132,2,7,WRIGHTBUS STREETDECK,10,E01021158,0,-1
2023010446796,2023,010446796,1,11,0,99,99,9,9,99,99,0,9,99,9,99,9,9,6,6,1,52,8,5132,2,7,WRIGHTBUS STREETDECK,3,E01001394,0,-1
2023010472913,2023,010472913,3,11,0,5,5,7,3,0,0,1,0,0,0,0,3,1,1,1,1,40,7,-1,3,1,WRIGHTBUS STREETDECK,7,E01003839,0,-1
2023430442216,2023,430442216,2,11,0,3,3,5,1,0,0,1,0,0,0,0,0,1,1,1,1,56,9,5132,2,6,WRIGHTBUS STREETDECK,1,E01028576,0,-1
2023131345959,2023,131345959,2,11,0,18,19,7,3,0,0,0,0,0,0,0,0,1,1,1,1,54,8,5132,2,5,WRIGHTBUS STREETDECK,3,E01011333,0,-1
2023471346144,2023,471346144,1,11,0,5,5,1,5,0,0,0,0,0,0,0,0,1,1,1,1,57,9,5132,2,7,WRIGHTBUS STREETDECK,8,E01021075,0,-1
2023010483929,2023,010483929,1,11,0,18,19,3,7,0,0,1,0,0,0,0,1,1,1,1,1,22,5,-1,3,2,WRIGHTBUS STREETDECK,2,E01001250,0,-1
2023010484375,2023,010484375,1,11,0,5,5,1,5,2,2,1,0,0,0,0,0,1,1,1,2,51,8,-1,3,0,WRIGHTBUS STREETDECK,6,E01000180,0,-1
2023471275616,2023,471275616,1,11,0,5,5,4,2,2,2,2,0,0,0,0,0,1,1,1,1,60,9,5132,2,6,WRIGHTBUS STREETDECK,2,E01016873,0,-1
2023131358065,2023,131358065,1,11,0,18,19,4,8,0,0,1,0,0,0,0,1,1,1,1,1,54,8,5132,2,5,WRIGHTBUS STREETDECK,3,E01011609,0,-1
2023010451206,2023,010451206,1,11,0,18,19,5,1,3,2,1,0,0,0,0,1,1,1,1,1,30,6,5132,2,5,WRIGHTBUS STREETDECK,6,E01003375,0,-1
2023010483083,2023,010483083,1,11,0,5,5,1,5,2,2,0,0,0,0,0,0,1,1,1,2,41,7,5132,2,5,WRIGHTBUS STREETDECK,3,E01033132,0,-1