collision_index,collision_year,collision_ref_no,vehicle_reference,vehicle_type,towing_and_articulation,vehicle_manoeuvre_historic,vehicle_manoeuvre,vehicle_direction_from,vehicle_direction_to,vehicle_location_restricted_lane_historic,vehicle_location_restricted_lane,junction_location,skidding_and_overturning,hit_object_in_carriageway,vehicle_leaving_carriageway,hit_object_off_carriageway,first_point_of_impact,vehicle_left_hand_drive,journey_purpose_of_driver_historic,journey_purpose_of_driver,sex_of_driver,age_of_driver,age_band_of_driver,engine_capacity_cc,propulsion_code,age_of_vehicle,generic_make_model,driver_imd_decile,lsoa_of_driver,escooter_flag,driver_distance_banding
2023471291811,2023,471291811,1,11,0,18,19,7,3,0,0,0,0,0,0,0,2,1,1,1,2,28,6,5132,2,6,WRIGHTBUS STREETDECK,3,E01031372,0,-1
2023010437236,2023,010437236,1,11,0,4,4,3,7,0,0,1,0,0,0,0,0,1,1,1,1,37,7,5132,2,5,WRIGHTBUS STREETDECK,7,E01001125,0,-1
2023010437617,2023,010437617,1,11,0,5,5,4,8,0,0,0,0,0,0,0,4,1,1,1,1,33,6,-1,3,3,WRIGHTBUS STREETDECK,-1,-1,0,-1
2023101342121,2023,101342121,2,11,-1,18,19,5,1,0,0,1,0,0,0,0,0,1,1,1,1,61,9,5132,2,7,WRIGHTBUS STREETDECK,8,E01008801,0,-1
2023101353877,2023,101353877,1,11,0,18,19,1,5,0,0,0,0,0,0,0,0,1,1,1,1,38,7,5132,2,7,WRIGHTBUS STREETDECK,3,E01008857,0,-1
2023471342851,2023,471342851,1,11,0,18,19,1,5,0,0,0,0,0,0,0,0,1,1,1,1,60,9,5132,2,6,WRIGHTBUS STREETDECK,7,E01016913,0,-1
2023131343335,2023,131343335,1,11,0,4,4,1,5,0,0,0,0,0,0,0,0,1,1,1,1,21,5,5132,2,5,WRIGHTBUS STREETDECK,1,E01011427,0,-1
2023471340223,2023,471340223,1,11,0,5,5,7,3,0,0,1,0,0,0,0,1,1,1,1,1,36,7,5132,2,6,WRIGHTBUS STREETDECK,1,E01016964,0,-1
2023471263518,2023,471263518,2,11,0,2,2,0,0,0,0,2,0,0,0,0,2,1,1,1,1,36,7,5132,2,8,WRIGHTBUS STREETDECK,4,E01021045,0,-1
2023010433790,2023,010433790,1,11,0,18,19,2,6,0,0,8,0,0,0,0,1,1,1,1,1,-1,-1,-1,3,1,WRIGHTBUS STREETDECK,-1,-1,0,-1
2023101358920,2023,101358920,1,11,0,9,9,1,7,0,0,0,0,0,0,0,1,1,1,1,3,-1,-1,5132,2,7,WRIGHTBUS STREETDECK,-1,-1,0,-1
2023471318996,2023,471318996,1,11,0,2,2,7,3,0,0,8,0,0,0,0,0,1,1,1,1,62,9,5132,2,7,WRIGHTBUS STREETDECK,8,E01021082,0,-1
2023131346494,2023,131346494,1,11,0,18,19,7,3,0,0,1,0,0,0,0,1,1,1,1,1,60,9,5132,2,7,WRIGHTBUS STREETDECK,1,E01010736,0,-1
2023010451197,2023,010451197,1,11,0,9,9,2,8,2,2,1,0,0,0,0,3,1,1,1,1,22,5,5132,2,4,WRIGHTBUS STREETDECK,3,E01004411,0,-1
2023131275846,2023,131275846,1,11,0,17,19,7,3,0,0,0,0,0,0,0,1,1,1,1,1,59,9,5132,2,4,WRIGHTBUS STREETDECK,3,E01032606,0,-1
2023471295014,2023,471295014,2,11,0,18,19,3,7,2,2,1,0,0,0,0,0,1,1,1,1,28,6,5132,2,6,WRIGHTBUS STREETDECK,1,E01016864,0,-1
2023061371600,2023,061371600,3,11,0,2,2,1,1,0,0,0,0,0,0,0,2,1,1,1,3,46,8,5132,2,3,WRIGHTBUS STREETDECK,2,E01006354,0,-1
2023471368519,2023,471368519,1,11,0,4,4,1,5,0,0,0,0,0,0,0,0,1,1,1,1,28,6,5132,2,6,WRIGHTBUS STREETDECK,-1,-1,0,-1
2023010466210,2023,010466210,1,11,0,18,19,3,7,0,0,1,0,0,0,0,0,1,1,1,1,65,9,-1,3,1,WRIGHTBUS STREETDECK,3,E01001263,0,-1
2023131323927,2023,131323927,2,11,0,18,19,5,1,0,0,0,0,0,0,0,1,1,1,1,1,52,8,5132,2,4,WRIGHTBUS STREETDECK,3,E01011369,0,-1
2023991293318,2023,991293318,2,11,0,18,19,3,7,0,0,0,0,0,0,0,1,1,1,1,1,59,9,-1,3,1,WRIGHTBUS STREETDECK,10,-1,0,-1
2023101326989,2023,101326989,2,11,0,18,19,1,5,0,0,8,0,0,0,0,1,1,1,1,1,60,9,5132,2,6,WRIGHTBUS STREETDECK,-1,-1,0,-1
2023522300654,2023,522300654,1,11,0,18,19,5,1,0,0,8,0,0,0,0,3,1,1,1,1,44,7,5132,2,1,WRIGHTBUS STREETDECK,7,E01014860,0,-1
2023131296727,2023,131296727,1,11,0,18,19,6,2,0,0,1,0,0,0,0,3,1,1,1,1,56,9,5132,2,1,WRIGHTBUS STREETDECK,1,E01010677,0,-1
2023131334444,2023,131334444,1,11,0,18,19,6,2,0,0,1,0,0,0,0,1,1,1,1,1,48,8,5132,2,5,WRIGHTBUS STREETDECK,2,E01010619,0,-1
2023131375348,2023,131375348,2,11,0,18,19,3,7,0,0,0,0,0,0,0,1,1,1,1,1,67,10,5132,2,5,WRIGHTBUS STREETDECK,1,E01007332,0,-1
2023131375004,2023,131375004,3,11,0,18,19,3,7,0,0,1,0,0,0,0,0,1,6,6,3,-1,-1,5132,2,4,WRIGHTBUS STREETDECK,-1,-1,0,-1
2023471386805,2023,471386805,1,11,0,5,5,0,7,0,0,0,0,0,0,0,0,1,1,1,1,52,8,5132,2,8,WRIGHTBUS STREETDECK,4,E01020928,0,-1
2023141379624,2023,141379624,1,11,0,3,3,1,5,0,0,0,0,0,0,0,1,1,1,1,1,58,9,5132,2,5,WRIGHTBUS STREETDECK,5,E01008034,0,-1
2023061275394,2023,061275394,1,11,0,18,19,5,1,0,0,6,0,0,0,0,1,1,1,1,1,57,9,5132,2,3,WRIGHTBUS STREETDECK,4,E01004776,0,-1
2023471393336,2023,471393336,1,11,0,4,4,3,7,2,2,0,0,11,0,0,4,1,1,1,1,54,8,5132,2,8,WRIGHTBUS STREETDECK,7,E01021032,0,-1
2023471267297,2023,471267297,1,11,0,5,5,7,3,0,0,1,0,0,0,0,0,1,1,1,1,50,8,5132,2,7,WRIGHTBUS STREETDECK,7,E01021081,0,-1
2023131307663,2023,131307663,1,11,0,18,19,7,3,2,2,2,0,0,0,0,4,1,1,1,1,51,8,5132,2,4,WRIGHTBUS STREETDECK,7,E01011600,0,-1
2023471360185,2023,471360185,1,11,0,4,4,5,1,0,0,0,0,0,0,0,0,1,1,1,1,45,7,5132,2,6,WRIGHTBUS STREETDECK,7,E01021063,0,-1
2023010481957,2023,010481957,1,11,0,7,7,1,2,0,0,5,0,0,0,0,2,1,6,6,1,61,9,-1,3,2,WRIGHTBUS STREETDECK,3,E01002503,0,-1
2023471295975,2023,471295975,1,11,0,5,5,1,5,2,2,0,0,0,0,0,1,1,1,1,1,40,7,5132,2,6,WRIGHTBUS STREETDECK,5,E01031378,0,-1
2023471295367,2023,471295367,1,11,0,9,9,3,1,0,0,1,0,0,0,0,0,1,1,1,1,43,7,5132,2,7,WRIGHTBUS STREETDECK,8,E01016928,0,-1
2023471298419,2023,471298419,1,11,0,4,4,1,5,0,0,1,0,0,0,0,0,1,1,1,1,56,9,5132,2,6,WRIGHTBUS STREETDECK,4,E01021045,0,-1
2023471292766,2023,471292766,1,11,0,18,19,3,7,0,0,1,0,0,0,0,0,1,1,1,1,55,8,5132,2,6,WRIGHTBUS STREETDECK,5,E01021074,0,-1
2023131365250,2023,131365250,2,11,0,2,2,5,1,0,0,0,0,0,0,0,0,1,1,1,1,36,7,5132,2,4,WRIGHTBUS STREETDECK,1,E01011423,0,-1
2023471311425,2023,471311425,2,11,0,18,19,5,1,0,0,0,0,0,0,0,3,1,1,1,1,60,9,5132,2,6,WRIGHTBUS STREETDECK,6,E01021070,0,-1
2023131290636,2023,131290636,2,11,0,18,19,5,1,0,0,0,0,0,0,0,0,1,1,1,1,46,8,5132,2,5,WRIGHTBUS STREETDECK,1,E01011366,0,-1
2023451295080,2023,451295080,1,11,0,18,19,7,3,0,0,0,0,5,0,0,1,1,1,1,1,51,8,5132,2,7,WRIGHTBUS STREETDECK,2,E01016451,0,-1
2023010475581,2023,010475581,1,11,9,99,99,9,9,99,99,9,9,99,9,99,9,1,6,6,3,-1,-1,-1,3,1,WRIGHTBUS STREETDECK,-1,-1,0,-1
2023101279800,2023,101279800,1,11,0,4,4,1,5,0,0,0,0,0,0,0,0,1,1,1,1,58,9,5132,2,6,WRIGHTBUS STREETDECK,4,E01008347,0,-1
2023471327302,2023,471327302,1,11,0,9,9,3,1,0,0,8,0,0,0,0,1,1,1,1,1,40,7,5132,2,6,WRIGHTBUS STREETDECK,9,E01031714,0,-1
2023010474352,2023,010474352,1,11,0,5,5,6,2,0,0,1,0,0,0,0,0,1,1,1,1,36,7,-1,3,0,WRIGHTBUS STREETDECK,2,E01000484,0,-1
2023131274884,2023,131274884,2,11,0,18,19,1,5,0,0,0,0,0,0,0,0,1,1,1,1,30,6,5132,2,4,WRIGHTBUS STREETDECK,1,E01010817,0,-1
2023531371036,2023,531371036,1,3,0,18,19,5,1,0,0,0,5,0,0,0,1,1,6,6,1,19,4,85,1,-1,-1,8,E01022298,0,-1
2023010480174,2023,010480174,2,9,0,18,19,5,1,0,0,1,0,0,0,0,1,1,6,6,1,35,6,1984,1,15,AUDI TT,2,E01032569,0,-1
2023010486786,2023,010486786,1,9,0,18,19,5,1,9,9,0,0,0,3,0,1,1,6,6,1,46,8,1781,1,21,AUDI TT,1,E01024257,0,-1
202360A152372,2023,60A152372,2,9,0,4,4,3,7,0,0,0,0,0,0,0,2,1,6,6,2,33,6,1781,1,22,AUDI TT,-1,-1,0,-1
202363C019923,2023,63C019923,1,9,0,12,12,6,2,0,0,0,1,0,0,0,3,1,6,6,1,30,6,1781,1,23,AUDI TT,8,W01000577,0,-1
2023440222583,2023,440222583,2,9,0,18,19,3,7,0,0,1,0,0,0,0,1,1,6,6,1,-1,-1,1781,1,20,AUDI TT,-1,-1,0,-1
2023361360057,2023,361360057,2,9,0,4,4,7,3,0,0,0,0,0,1,11,3,1,3,7,2,36,7,1781,1,23,AUDI TT,2,E01033436,0,-1
2023302301334,2023,302301334,1,9,0,9,9,8,6,0,0,8,0,0,0,0,4,1,6,6,2,52,8,1968,2,9,AUDI TT,7,E01019769,0,-1
202360A030939,2023,60A030939,1,9,0,9,9,8,6,0,0,5,0,0,0,0,3,1,6,6,2,32,6,1984,1,13,AUDI TT,-1,-1,0,-1
2023430206279,2023,430206279,1,9,0,17,19,6,3,0,0,0,1,0,7,4,3,1,6,6,1,39,7,1781,1,21,AUDI TT,3,E01028448,0,-1
2023231361408,2023,231361408,1,9,0,18,19,8,4,0,0,0,0,4,0,0,1,1,5,6,2,32,6,1798,1,9,AUDI TT,6,E01031234,0,-1
2023061382810,2023,061382810,2,9,0,18,19,4,8,0,0,1,0,0,0,0,2,1,6,6,2,40,7,1968,2,14,AUDI TT,1,E01005070,0,-1
2023010427191,2023,010427191,2,9,0,9,9,5,4,0,0,6,0,0,0,0,1,1,6,6,1,38,7,1984,1,15,AUDI TT,1,E01010611,0,-1
2023451369559,2023,451369559,2,9,0,2,2,1,5,0,0,0,0,0,0,0,2,1,2,2,2,50,8,1781,1,21,AUDI TT,9,E01030536,0,-1
2023041387896,2023,041387896,2,9,0,18,19,5,1,0,0,1,0,0,0,0,3,1,5,6,2,51,8,1968,2,10,AUDI TT,7,E01012717,0,-1
2023302300173,2023,302300173,3,9,0,18,19,8,4,0,0,0,0,0,0,0,0,1,6,6,2,22,5,1781,1,21,AUDI TT,7,E01019677,0,-1
2023471351372,2023,471351372,1,9,0,18,19,7,3,0,0,0,0,0,0,0,1,1,5,6,2,34,6,1984,1,15,AUDI TT,5,E01001960,0,-1
2023161350903,2023,161350903,2,9,0,5,5,8,2,0,0,4,0,0,0,0,1,1,6,6,1,35,6,1984,1,0,AUDI TT,10,E01013108,0,-1
2023170S10833,2023,170S10833,1,9,0,9,9,1,6,0,0,8,0,0,0,0,1,1,6,6,1,41,7,1984,1,3,AUDI TT,4,E01020826,0,-1
2023010448488,2023,010448488,1,9,0,99,99,9,9,99,99,9,9,99,9,99,9,9,2,2,2,32,6,1984,1,15,AUDI TT,10,E01004105,0,-1
2023471334136,2023,471334136,1,9,0,18,19,3,7,1,1,0,0,0,7,0,1,1,6,6,1,53,8,1984,1,15,AUDI TT,6,E01031529,0,-1
2023440316159,2023,440316159,1,9,0,18,19,2,6,0,0,0,1,0,2,10,1,1,6,6,1,21,5,1798,1,9,AUDI TT,2,E01020348,0,-1
2023622300876,2023,622300876,2,9,0,2,2,0,0,0,0,0,0,0,0,0,4,1,6,6,3,-1,-1,1781,1,21,AUDI TT,-1,-1,0,-1
2023311292942,2023,311292942,2,9,0,9,9,5,1,0,0,1,0,0,0,0,3,1,2,2,1,53,8,3189,1,18,AUDI TT,4,E01019560,0,-1
2023010428018,2023,010428018,2,9,0,4,4,1,5,0,0,6,0,0,0,0,1,1,6,6,3,-1,-1,1984,1,9,AUDI TT,-1,-1,0,-1
2023361292567,2023,361292567,2,9,0,2,2,0,0,0,0,0,0,0,0,0,1,1,5,6,1,23,5,1984,1,16,AUDI TT,6,E01026515,0,-1
2023010431530,2023,010431530,2,9,9,99,99,9,9,99,99,9,9,99,9,99,9,9,6,6,3,30,6,1984,1,8,AUDI TT,2,E01033485,0,-1
2023430122126,2023,430122126,1,9,0,18,19,1,5,0,0,8,0,0,0,0,1,1,6,6,1,81,11,1781,1,23,AUDI TT,10,E01028702,0,-1
2023010465044,2023,010465044,1,9,0,7,7,5,7,0,0,3,0,0,0,0,4,1,6,6,2,24,5,1798,1,10,AUDI TT,6,E01021380,0,-1
2023201442902,2023,201442902,1,9,0,18,19,8,4,0,0,0,0,4,0,0,1,1,6,6,1,22,5,2480,1,13,AUDI TT,1,E01009631,0,-1
2023622300601,2023,622300601,1,9,0,18,19,2,6,0,0,1,0,0,0,0,1,1,6,6,2,20,4,1968,2,12,AUDI TT,2,W01001057,0,-1
2023010443666,2023,010443666,2,9,0,3,3,1,5,0,0,0,0,0,0,0,1,1,1,1,2,23,5,1781,1,22,AUDI TT,2,E01001464,0,-1
2023131360742,2023,131360742,1,9,0,18,19,1,5,0,0,0,0,4,0,0,1,1,6,6,1,79,11,1968,2,10,AUDI TT,4,E01011634,0,-1
2023991306862,2023,991306862,2,9,0,18,19,5,1,9,9,1,0,0,0,0,0,1,5,6,2,37,7,1968,2,11,AUDI TT,8,-1,0,-1
2023421390363,2023,421390363,1,9,0,18,19,2,6,0,0,1,2,0,1,4,1,1,6,6,2,26,6,1781,1,17,AUDI TT,4,E01004357,0,-1
2023010456787,2023,010456787,2,9,0,18,19,1,5,0,0,0,0,0,0,0,1,1,1,1,1,37,7,1984,1,15,AUDI TT,3,E01002553,0,-1
2023061279599,2023,061279599,2,9,-1,3,3,8,3,0,0,3,0,0,0,0,2,2,2,2,1,42,7,1984,1,16,AUDI TT,9,E01006120,0,-1
2023340NN2622,2023,340NN2622,2,9,0,18,19,3,7,0,0,1,1,0,1,0,3,1,6,6,2,58,9,1984,1,0,AUDI TT,7,E01027338,0,-1
2023471347422,2023,471347422,1,9,0,18,19,4,8,0,0,8,0,0,0,0,3,1,5,6,1,24,5,1984,1,15,AUDI TT,3,E01021122,0,-1
2023010425465,2023,010425465,2,9,0,18,19,1,5,0,0,1,0,0,0,0,1,1,6,6,2,34,6,1984,1,15,AUDI TT,4,E01002642,0,-1
2023061328384,2023,061328384,1,9,0,18,19,5,5,0,0,2,0,0,0,0,1,1,2,2,1,22,5,1798,1,7,AUDI TT,10,E01018490,0,-1
2023371343292,2023,371343292,3,9,0,18,19,6,2,0,0,1,0,0,0,0,1,1,2,2,1,28,6,1984,1,10,AUDI TT,6,E01030059,0,-1
2023411333510,2023,411333510,1,9,0,9,9,1,3,0,0,8,0,0,0,0,1,1,2,2,2,22,5,1984,1,4,AUDI TT,10,E01023452,0,-1
2023010483476,2023,010483476,2,9,0,7,7,1,3,0,0,6,0,0,0,0,1,1,6,6,2,23,5,1798,1,11,AUDI TT,3,E01002706,0,-1
2023531346935,2023,531346935,2,9,0,18,19,3,7,0,0,1,0,0,0,0,4,1,1,1,2,36,7,1781,1,18,AUDI TT,8,E01022257,0,-1
2023101389431,2023,101389431,2,9,0,18,19,1,5,0,0,0,0,0,0,0,1,1,5,6,2,68,10,1984,1,16,AUDI TT,4,E01027442,0,-1
2023201389416,2023,201389416,1,9,0,14,14,4,8,0,0,2,0,0,0,0,1,1,6,6,1,27,6,1984,1,14,AUDI TT,1,E01033643,0,-1
2023311285725,2023,311285725,2,9,0,18,19,6,2,0,0,8,0,0,0,0,1,1,6,6,1,48,8,1984,1,13,AUDI TT,5,E01028314,0,-1
2023332300541,2023,332300541,1,9,0,18,19,5,1,0,0,8,0,0,0,0,3,1,6,6,1,26,6,1984,1,4,AUDI TT,9,E01025758,0,-1
2023101299973,2023,101299973,1,9,0,18,19,1,5,0,0,0,1,0,7,0,1,1,6,6,1,22,5,1798,1,10,AUDI TT,4,E01020643,0,-1
2023440466319,2023,440466319,3,9,0,18,19,4,8,0,0,0,0,0,0,0,1,1,2,2,2,22,5,1984,1,16,AUDI TT,4,E01017199,0,-1
2023010476585,2023,010476585,2,9,9,99,99,9,9,99,99,0,9,99,9,99,9,9,6,6,3,29,6,1984,1,16,AUDI TT,5,E01003083,0,-1
2023201259854,2023,201259854,2,9,0,12,12,4,4,0,0,0,0,0,0,0,2,1,2,2,1,24,5,1984,1,16,AUDI TT,10,E01009900,0,-1
2023991280279,2023,991280279,2,9,0,18,19,5,1,0,0,0,0,0,0,0,3,1,5,6,2,54,8,1984,1,1,AUDI TT,-1,-1,0,-1
2023041258821,2023,041258821,3,9,0,2,2,0,0,0,0,1,0,0,0,0,2,1,6,6,1,41,7,1984,1,16,AUDI TT,1,E01012571,0,-1
2023440239523,2023,440239523,1,9,0,12,12,2,6,0,0,0,0,0,4,0,2,1,6,6,1,50,8,1968,2,15,AUDI TT,10,E01023278,0,-1
2023010449195,2023,010449195,3,9,0,2,2,0,0,0,0,2,0,0,0,0,0,1,6,6,3,-1,-1,1984,1,1,AUDI TT,-1,-1,0,-1
2023471392026,2023,471392026,2,9,0,18,19,3,7,0,0,1,0,0,0,0,1,1,1,1,1,50,8,1984,1,0,AUDI TT,8,E01021141,0,-1
2023010435692,2023,010435692,2,9,0,99,99,9,9,99,99,0,9,99,9,99,9,9,6,6,3,-1,-1,1984,1,16,AUDI TT,-1,-1,0,-1
2023461357302,2023,461357302,2,9,0,18,19,3,7,0,0,0,0,0,0,0,3,1,6,6,1,42,7,1984,1,16,AUDI TT,5,E01024198,0,-1
2023320315182,2023,320315182,2,9,0,2,2,0,0,0,0,2,0,0,0,0,1,1,6,6,3,-1,-1,1984,1,16,AUDI TT,-1,-1,0,-1
2023401319487,2023,401319487,1,9,0,10,10,1,7,0,0,5,0,0,0,0,2,1,1,1,1,57,9,1984,1,13,AUDI TT,10,E01017401,0,-1
2023320080513,2023,320080513,1,9,0,18,19,4,8,0,0,0,0,0,1,9,1,1,6,6,1,41,7,1781,1,20,AUDI TT,3,E01026343,0,-1
2023451347249,2023,451347249,3,9,0,2,2,0,0,0,0,0,0,0,0,0,1,1,6,6,2,55,8,1798,1,11,AUDI TT,7,E01030651,0,-1
2023010421438,2023,010421438,2,9,0,99,99,9,9,99,99,9,9,99,9,99,9,9,6,6,3,56,9,1781,1,19,AUDI TT,4,E01001336,0,-1
2023552300318,2023,552300318,1,9,0,18,19,8,4,0,0,0,0,0,0,0,1,1,6,6,2,27,6,1798,1,13,AUDI TT,3,E01015285,0,-1
2023061330498,2023,061330498,1,9,-1,-1,-1,-1,-1,-1,-1,0,-1,-1,-1,0,-1,1,5,6,2,44,7,1984,1,9,AUDI TT,8,E01006384,0,-1
2023141350624,2023,141350624,1,9,0,9,9,5,3,0,0,1,0,0,0,0,1,1,5,6,1,48,8,1984,1,15,AUDI TT,1,E01007736,0,-1
2023320686278,2023,320686278,2,9,0,18,19,8,4,0,0,0,0,0,0,0,3,1,6,6,2,30,6,1984,1,16,AUDI TT,5,E01026100,0,-1
2023131329829,2023,131329829,1,9,0,16,19,7,3,0,0,1,0,0,8,10,1,1,5,6,1,55,8,1798,1,6,AUDI TT,4,E01011839,0,-1
2023471313963,2023,471313963,2,9,0,18,19,1,5,0,0,1,0,0,0,0,2,1,6,6,1,43,7,1781,1,21,AUDI TT,10,E01030370,0,-1
2023010455589,2023,010455589,2,9,0,99,99,9,9,99,99,9,9,99,9,99,9,9,6,6,3,-1,-1,1984,1,16,AUDI TT,6,E01001083,0,-1
2023430329242,2023,430329242,2,9,0,18,19,6,2,0,0,0,0,0,0,0,2,1,6,6,1,53,8,3189,1,17,AUDI TT,10,E01028806,0,-1
2023201363601,2023,201363601,1,9,0,14,14,8,4,0,0,0,0,0,0,0,3,1,6,6,1,49,8,1781,1,18,AUDI TT,5,E01008888,0,-1
2023031390801,2023,031390801,2,9,0,18,19,1,5,0,0,1,0,0,0,0,3,1,5,6,1,59,9,3189,1,20,AUDI TT,9,E01019300,0,-1
2023101350742,2023,101350742,2,9,0,17,19,5,2,0,0,0,0,0,0,0,1,1,6,6,1,75,10,1968,2,13,AUDI TT,1,E01027412,0,-1
2023991295828,2023,991295828,2,9,0,18,19,6,2,0,0,1,0,0,1,11,1,1,2,2,2,63,9,1798,1,7,AUDI TT,9,-1,0,-1
2023421344385,2023,421344385,1,9,0,9,9,1,5,0,0,0,0,0,0,0,1,1,6,6,1,68,10,1781,1,24,AUDI TT,5,E01022086,0,-1
2023061315498,2023,061315498,2,9,0,3,3,7,3,0,0,1,0,0,0,0,2,1,6,6,1,48,8,1968,2,14,AUDI TT,4,E01004777,0,-1
2023421322407,2023,421322407,1,9,0,18,19,1,5,0,0,0,5,0,0,0,3,1,6,6,2,59,9,1798,1,13,AUDI TT,10,E01021570,0,-1
2023010426212,2023,010426212,2,9,0,99,99,9,9,99,99,9,9,99,9,99,1,9,6,6,1,-1,-1,1984,1,14,AUDI TT,2,E01003112,0,-1
2023371350024,2023,371350024,2,9,0,2,2,0,0,0,0,0,0,0,0,0,4,1,6,6,3,-1,-1,1781,1,22,AUDI TT,-1,-1,0,-1
2023401382771,2023,401382771,2,9,0,18,19,-1,-1,0,0,0,1,7,7,0,1,1,5,6,1,30,6,1984,1,16,AUDI TT,2,E01017509,0,-1
2023332300420,2023,332300420,1,9,0,7,7,4,7,0,0,5,0,0,0,0,3,1,6,6,2,37,7,1984,1,16,AUDI TT,6,E01025756,0,-1
2023131354547,2023,131354547,2,9,0,18,19,1,1,0,0,8,0,0,0,0,-1,1,6,6,3,-1,-1,1781,1,20,AUDI TT,-1,-1,0,-1
2023211309413,2023,211309413,2,9,0,3,3,5,1,0,0,1,0,0,0,0,2,1,5,6,2,59,9,1984,1,13,AUDI TT,-1,-1,0,-1
2023131314342,2023,131314342,3,9,0,2,2,0,0,0,0,1,0,0,0,0,4,1,6,6,3,-1,-1,1781,1,20,AUDI TT,-1,-1,0,-1
2023131350804,2023,131350804,1,9,0,9,9,7,5,0,0,8,0,0,0,0,-1,1,6,6,3,-1,-1,1781,1,23,AUDI TT,-1,-1,0,-1
2023010435907,2023,010435907,2,9,0,16,19,7,1,0,0,1,0,0,0,0,1,1,6,6,3,-1,-1,1984,1,17,AUDI TT,-1,-1,0,-1
2023101318718,2023,101318718,2,9,0,3,3,5,1,0,0,1,0,0,0,0,2,1,5,6,2,28,6,1968,2,11,AUDI TT,6,E01008256,0,-1
2023071166011,2023,071166011,2,9,0,18,19,7,3,0,0,8,0,0,0,0,1,1,6,6,2,48,8,1781,1,22,AUDI TT,6,E01018610,0,-1
2023211368142,2023,211368142,1,9,0,18,19,1,5,0,0,1,0,0,0,0,1,1,6,6,1,50,8,1984,1,16,AUDI TT,2,E01010406,0,-1
2023991344129,2023,991344129,1,9,0,15,15,7,3,0,0,0,0,0,0,0,1,1,6,6,2,33,6,1798,1,7,AUDI TT,-1,-1,0,-1
2023010461426,2023,010461426,1,9,0,99,99,9,9,99,99,9,9,99,9,99,2,9,6,6,2,56,9,1798,1,9,AUDI TT,2,E01001485,0,-1
2023052302682,2023,052302682,2,9,0,4,4,3,7,0,0,0,0,0,0,0,1,1,6,6,1,27,6,1984,1,6,AUDI TT,1,E01007123,0,-1
2023461364335,2023,461364335,3,9,0,2,2,0,0,0,0,8,0,0,0,0,3,1,6,6,3,-1,-1,1798,1,11,AUDI TT,-1,-1,0,-1
2023421371424,2023,421371424,1,9,0,17,19,7,3,0,0,3,0,0,0,0,2,1,6,6,2,64,9,1968,2,15,AUDI TT,1,E01021271,0,-1
2023201377432,2023,201377432,1,9,0,9,9,8,6,0,0,5,0,0,0,0,1,1,6,6,1,-1,-1,1968,2,8,AUDI TT,-1,-1,0,-1
2023461382874,2023,461382874,1,9,0,13,13,5,1,0,0,1,0,0,0,0,1,1,6,6,1,-1,-1,1984,1,16,AUDI TT,5,E01024202,0,-1
2023010424107,2023,010424107,1,9,0,18,19,5,1,0,0,0,0,0,0,0,1,1,6,6,1,44,7,1781,1,19,AUDI TT,10,E01024474,0,-1
2023430097267,2023,430097267,2,9,0,4,4,8,4,0,0,0,0,0,0,0,2,1,6,6,1,58,9,1984,1,4,AUDI TT,10,E01017861,0,-1
2023061337741,2023,061337741,2,9,0,5,5,3,7,0,0,4,0,0,0,0,3,1,5,6,2,26,6,1798,1,10,AUDI TT,4,E01005451,0,-1
2023201426426,2023,201426426,1,9,0,18,19,4,8,0,0,1,0,7,0,0,1,1,6,6,2,80,11,1984,1,16,AUDI TT,10,E01009855,0,-1
2023522301728,2023,522301728,1,9,0,18,19,6,2,0,0,1,0,0,0,0,1,1,6,6,1,43,7,1984,1,15,AUDI TT,5,E01001099,0,-1
2023991284494,2023,991284494,1,9,0,18,19,3,7,0,0,0,0,0,0,0,2,1,5,6,2,28,6,1798,1,6,AUDI TT,9,-1,0,-1
202360A182544,2023,60A182544,1,9,0,18,19,5,1,0,0,4,0,0,0,0,1,1,6,6,1,76,11,1984,1,15,AUDI TT,-1,-1,0,-1
2023131290244,2023,131290244,2,9,0,3,3,5,1,0,0,8,0,0,0,0,1,1,5,6,2,64,9,1984,1,0,AUDI TT,9,E01011457,0,-1
2023451306391,2023,451306391,2,9,0,18,19,6,2,0,0,0,0,0,0,0,2,1,1,1,2,51,8,3189,1,16,AUDI TT,4,E01001158,0,-1
2023440289222,2023,440289222,1,9,0,9,9,5,3,0,0,8,0,0,0,0,4,1,6,6,1,40,7,1968,2,5,AUDI TT,4,E01016207,0,-1
2023010443455,2023,010443455,1,9,0,18,19,1,5,0,0,2,0,0,0,0,1,1,6,6,1,40,7,3189,1,17,AUDI TT,2,E01004390,0,-1
2023361334499,2023,361334499,2,9,0,18,19,1,5,0,0,8,0,0,0,0,3,1,5,6,1,57,9,1781,1,20,AUDI TT,4,E01026444,0,-1
2023010462863,2023,010462863,1,9,0,99,99,9,9,99,99,0,9,99,9,99,9,9,6,6,1,45,7,1984,1,15,AUDI TT,1,E01003045,0,-1
2023061271720,2023,061271720,2,9,0,13,13,3,7,0,0,1,0,0,0,0,4,1,6,6,2,54,8,1781,1,19,AUDI TT,4,E01006047,0,-1
2023302300496,2023,302300496,1,9,0,11,11,7,3,0,0,8,0,0,0,0,4,1,6,6,2,31,6,1984,1,2,AUDI TT,5,E01028336,0,-1