collision_index,collision_year,collision_ref_no,vehicle_reference,vehicle_type,towing_and_articulation,vehicle_manoeuvre_historic,vehicle_manoeuvre,vehicle_direction_from,vehicle_direction_to,vehicle_location_restricted_lane_historic,vehicle_location_restricted_lane,junction_location,skidding_and_overturning,hit_object_in_carriageway,vehicle_leaving_carriageway,hit_object_off_carriageway,first_point_of_impact,vehicle_left_hand_drive,journey_purpose_of_driver_historic,journey_purpose_of_driver,sex_of_driver,age_of_driver,age_band_of_driver,engine_capacity_cc,propulsion_code,age_of_vehicle,generic_make_model,driver_imd_decile,lsoa_of_driver,escooter_flag,driver_distance_banding
2023520000669,2023,520000669,2,9,0,7,7,2,4,0,0,5,0,0,0,0,4,1,6,6,1,62,9,1995,2,5,BMW X1,9,E01032112,0,-1
2023430064126,2023,430064126,1,9,0,18,19,2,6,0,0,0,1,0,7,0,1,1,6,6,2,22,5,1995,2,9,BMW X1,4,E01016517,0,-1
2023010485658,2023,010485658,2,9,0,99,99,9,9,99,99,9,9,99,9,99,9,9,6,6,3,-1,-1,1998,1,6,BMW X1,-1,-1,0,-1
2023991316984,2023,991316984,2,9,0,18,19,2,6,0,0,0,0,0,0,0,2,1,1,1,1,60,9,1998,1,4,BMW X1,8,-1,0,-1
2023451360331,2023,451360331,1,9,0,18,19,1,5,0,0,0,0,0,0,0,3,1,5,6,1,65,9,1998,1,6,BMW X1,8,E01000253,0,-1
2023010444170,2023,010444170,2,9,0,99,99,9,9,99,99,9,9,99,9,99,1,9,6,6,1,35,6,1995,2,6,BMW X1,2,E01001731,0,-1
2023451308140,2023,451308140,2,9,0,18,19,5,1,0,0,0,0,0,0,0,2,1,6,6,1,38,7,1995,2,6,BMW X1,6,E01000232,0,-1
2023010472442,2023,010472442,2,9,0,99,99,9,9,99,99,9,9,99,9,99,1,9,6,6,3,-1,-1,1998,1,4,BMW X1,-1,-1,0,-1
2023170M11233,2023,170M11233,2,9,0,18,19,4,8,0,0,0,0,0,0,0,1,1,6,6,2,-1,-1,1995,2,9,BMW X1,-1,-1,0,-1
2023010421170,2023,010421170,1,9,0,99,99,9,9,99,99,9,9,99,9,99,9,9,2,2,2,32,6,1995,2,7,BMW X1,3,E01001240,0,-1
2023101383864,2023,101383864,1,9,0,9,9,3,1,0,0,8,0,0,0,0,1,1,6,6,1,36,7,1995,2,5,BMW X1,2,E01008377,0,-1
2023041330327,2023,041330327,1,9,0,18,19,3,7,0,0,2,0,4,0,0,1,1,5,6,1,38,7,1995,2,3,BMW X1,2,E01012640,0,-1
2023010427932,2023,010427932,2,9,0,9,9,4,2,0,0,4,0,4,0,0,4,1,6,6,1,43,7,1995,2,9,BMW X1,6,E01002555,0,-1
2023501349719,2023,501349719,2,9,0,18,19,7,3,0,0,1,0,0,0,0,1,1,6,6,2,44,7,1995,2,5,BMW X1,5,E01019066,0,-1
2023041325525,2023,041325525,1,9,0,18,19,5,1,0,0,1,0,0,0,0,1,1,5,6,2,49,8,1995,2,11,BMW X1,4,E01024889,0,-1
2023451364934,2023,451364934,1,9,0,18,19,5,8,0,0,0,1,0,1,0,1,1,2,2,1,36,7,1995,2,7,BMW X1,6,E01030755,0,-1
2023411278908,2023,411278908,1,9,0,5,5,-1,-1,0,0,2,0,0,-1,0,1,1,6,6,3,-1,-1,1995,2,6,BMW X1,-1,-1,0,-1
2023161370421,2023,161370421,2,9,0,2,2,0,0,0,0,1,0,10,1,0,3,1,6,6,3,-1,-1,1995,2,5,BMW X1,-1,-1,0,-1
2023010438094,2023,010438094,1,9,0,1,1,7,3,9,9,6,0,4,0,0,2,1,6,6,1,70,10,1995,2,10,BMW X1,-1,-1,0,-1
2023451311162,2023,451311162,2,9,0,18,19,7,3,0,0,1,0,0,0,0,1,1,5,6,2,50,8,1995,2,7,BMW X1,9,E01030672,0,-1
2023522301600,2023,522301600,1,9,0,18,19,4,1,0,0,8,0,0,0,0,3,1,6,6,1,77,11,1998,1,6,BMW X1,10,E01032675,0,-1
2023010460758,2023,010460758,1,9,0,18,19,5,1,0,0,3,0,0,0,0,4,1,6,6,2,52,8,1998,1,5,BMW X1,7,E01002115,0,-1
2023052302341,2023,052302341,2,9,0,2,2,0,0,0,0,1,0,0,0,0,2,1,6,6,2,56,9,1995,2,9,BMW X1,1,E01006820,0,-1
2023201340185,2023,201340185,3,9,0,4,4,5,1,0,0,8,0,0,0,0,0,1,6,6,2,48,8,1995,2,10,BMW X1,7,E01029644,0,-1
2023010443062,2023,010443062,1,9,0,5,5,3,7,0,0,1,0,0,0,0,1,1,6,6,2,30,6,1998,1,2,BMW X1,5,E01004579,0,-1
2023061396235,2023,061396235,2,9,-1,-1,-1,-1,-1,-1,-1,-1,-1,-1,-1,0,-1,1,6,6,1,-1,-1,1995,2,7,BMW X1,5,E01025387,0,-1
2023461333578,2023,461333578,1,9,0,17,19,1,5,0,0,1,1,0,0,0,1,1,5,6,2,25,5,1995,2,9,BMW X1,8,E01024407,0,-1
2023131330036,2023,131330036,1,9,0,18,19,8,4,0,0,0,0,0,0,0,2,1,5,6,2,45,7,1995,2,5,BMW X1,9,E01010953,0,-1
2023161392693,2023,161392693,1,9,0,4,4,1,5,0,0,0,0,0,0,0,3,1,5,6,2,33,6,1995,2,5,BMW X1,-1,-1,0,-1
2023501380043,2023,501380043,2,9,0,16,19,1,4,0,0,1,0,0,0,0,1,1,6,6,1,71,10,1998,1,3,BMW X1,2,E01020103,0,-1
2023471315092,2023,471315092,1,9,0,7,7,3,5,0,0,8,0,10,3,11,1,1,5,6,1,49,8,1499,8,2,BMW X1,8,E01032837,0,-1
2023471381289,2023,471381289,1,9,0,7,7,4,7,0,0,6,0,0,0,0,0,1,5,6,1,65,9,1998,1,1,BMW X1,9,E01021161,0,-1
2023471335481,2023,471335481,1,9,0,18,19,7,4,0,0,4,0,0,0,0,1,1,6,6,2,61,9,1995,2,8,BMW X1,5,E01031771,0,-1
2023991391755,2023,991391755,1,9,0,18,19,8,4,0,0,0,0,0,0,0,1,1,5,6,1,62,9,1998,1,4,BMW X1,8,-1,0,-1
2023552301075,2023,552301075,2,9,0,2,2,0,0,0,0,0,0,0,0,0,4,1,6,6,2,66,10,1995,2,12,BMW X1,2,E01020582,0,-1
202360A201328,2023,60A201328,2,9,0,3,3,5,1,0,0,4,0,0,0,0,2,1,6,6,1,24,5,1998,1,3,BMW X1,-1,-1,0,-1
2023201390770,2023,201390770,1,9,0,4,4,2,6,0,0,1,0,0,0,0,1,1,6,6,1,53,8,1995,2,9,BMW X1,4,E01009835,0,-1
2023411346369,2023,411346369,2,9,0,4,4,8,4,0,0,0,0,0,0,0,3,1,5,6,2,26,6,1995,2,7,BMW X1,10,E01023586,0,-1
2023351323279,2023,351323279,3,9,0,3,3,8,5,0,0,3,0,0,0,0,2,1,2,2,1,30,6,1995,2,12,BMW X1,2,E01015612,0,-1
2023061305473,2023,061305473,1,9,0,18,19,6,2,0,0,0,0,0,0,0,3,1,2,2,1,49,8,1499,1,1,BMW X1,10,E01005413,0,-1
2023501307518,2023,501307518,1,9,0,17,19,5,2,0,0,0,0,10,1,0,1,1,5,6,1,78,11,1998,8,1,BMW X1,6,E01018959,0,-1
2023070162015,2023,070162015,2,9,0,18,19,2,6,0,0,0,0,0,0,0,1,1,6,6,2,45,7,1995,2,13,BMW X1,-1,-1,0,-1
2023131341116,2023,131341116,1,9,0,18,19,4,4,0,0,1,1,11,1,1,1,1,5,6,1,44,7,1995,2,9,BMW X1,1,E01011332,0,-1
2023520301540,2023,520301540,1,9,0,12,12,1,5,0,0,0,0,0,4,0,1,1,6,6,1,33,6,1995,2,5,BMW X1,7,E01014808,0,-1
2023622300822,2023,622300822,1,9,0,18,19,8,4,0,0,0,0,0,0,0,1,1,6,6,1,37,7,1995,2,12,BMW X1,1,W01001808,0,-1
2023451368110,2023,451368110,1,9,0,9,9,6,4,0,0,6,0,0,0,0,1,1,5,6,1,79,11,1998,1,5,BMW X1,7,E01001036,0,-1
2023010438249,2023,010438249,2,9,0,99,99,9,9,99,99,0,9,99,9,99,9,9,6,6,3,-1,-1,1499,8,2,BMW X1,5,E01002693,0,-1
2023201314944,2023,201314944,2,9,0,4,4,2,6,0,0,0,0,0,0,0,2,1,6,6,1,43,7,1995,2,5,BMW X1,9,E01026186,0,-1
2023141370716,2023,141370716,2,9,0,18,19,5,2,0,0,1,0,0,0,0,1,1,2,2,1,27,6,1995,2,10,BMW X1,5,E01019803,0,-1
2023010424721,2023,010424721,2,9,0,99,99,9,9,99,99,9,9,99,9,99,9,9,6,6,3,-1,-1,1995,2,6,BMW X1,-1,-1,0,-1
2023010446106,2023,010446106,1,9,0,99,99,9,9,99,99,9,9,99,9,99,2,9,6,6,2,29,6,1998,1,5,BMW X1,9,E01004053,0,-1
2023010457503,2023,010457503,2,9,0,99,99,9,9,99,99,9,9,99,9,99,9,9,6,6,3,-1,-1,1998,1,7,BMW X1,-1,-1,0,-1
2023471365698,2023,471365698,2,9,0,18,19,3,7,0,0,0,1,0,0,0,3,1,5,6,2,51,8,1499,8,3,BMW X1,7,E01032619,0,-1
2023320695468,2023,320695468,2,9,0,18,19,1,5,0,0,8,0,0,0,0,2,1,2,2,2,55,8,1995,2,6,BMW X1,-1,-1,0,-1
2023411318634,2023,411318634,1,9,0,4,4,5,1,0,0,0,0,0,0,0,1,1,5,6,1,43,7,1995,2,8,BMW X1,8,E01001596,0,-1
2023501348163,2023,501348163,2,9,0,18,19,7,3,0,0,0,1,0,0,0,1,1,6,6,1,42,7,1995,2,9,BMW X1,4,E01018972,0,-1
2023461374200,2023,461374200,2,9,0,3,3,7,3,0,0,0,0,0,1,7,2,1,6,6,2,61,9,1998,1,2,BMW X1,10,E01024725,0,-1
2023461320450,2023,461320450,1,9,0,18,19,3,6,0,0,4,1,9,1,4,1,1,6,6,1,27,6,1995,2,10,BMW X1,4,E01024190,0,-1
2023991374923,2023,991374923,2,9,0,3,3,5,8,0,0,0,0,0,0,0,2,1,5,6,1,68,10,1995,2,5,BMW X1,5,-1,0,-1
2023010476128,2023,010476128,1,9,0,18,19,7,3,0,0,0,0,0,0,0,3,1,6,6,1,48,8,1995,2,7,BMW X1,3,E01003406,0,-1
2023332300820,2023,332300820,3,9,0,2,2,0,0,0,0,2,0,0,0,0,2,1,6,6,3,-1,-1,1995,2,9,BMW X1,-1,-1,0,-1
2023461307724,2023,461307724,2,9,0,18,19,3,7,0,0,8,0,0,0,0,4,1,6,6,2,47,8,1995,2,11,BMW X1,5,E01024033,0,-1
2023622300826,2023,622300826,2,8,0,18,19,4,8,0,0,4,0,0,0,0,3,1,6,6,1,40,7,1995,2,8,-1,2,W01001138,0,-1
2023440026564,2023,440026564,2,9,0,18,19,7,3,0,0,0,0,0,0,0,1,1,6,6,2,34,6,1995,2,8,BMW X1,9,E01022582,0,-1
2023010476822,2023,010476822,1,9,0,18,19,7,3,0,0,8,0,0,0,0,3,1,6,6,2,36,7,1998,1,6,BMW X1,-1,-1,0,-1
2023010455690,2023,010455690,2,9,0,7,7,7,1,0,0,6,9,0,0,0,1,9,6,6,3,-1,-1,1995,2,6,BMW X1,-1,-1,0,-1
2023141300161,2023,141300161,1,9,0,18,19,3,7,0,0,0,0,0,0,0,1,1,2,2,2,61,9,1995,2,6,BMW X1,-1,-1,0,-1
202360A185540,2023,60A185540,1,9,0,18,19,8,4,0,0,0,0,0,0,0,1,1,6,6,2,39,7,1995,2,5,BMW X1,-1,-1,0,-1
2023531304794,2023,531304794,2,9,0,18,19,2,6,0,0,0,0,0,0,0,1,1,5,6,1,47,8,1995,2,7,BMW X1,7,E01022376,0,-1
2023201337376,2023,201337376,1,9,0,7,7,1,2,0,0,2,0,0,0,0,1,1,6,6,2,55,8,1995,2,13,BMW X1,6,E01029614,0,-1
2023131298635,2023,131298635,1,9,0,18,19,4,8,0,0,0,0,0,0,0,1,1,6,6,1,85,11,1995,2,7,BMW X1,9,E01010971,0,-1
2023010469701,2023,010469701,3,9,0,99,99,9,9,99,99,0,9,99,9,99,2,9,6,6,3,-1,-1,1995,2,8,BMW X1,-1,-1,0,-1
2023101307609,2023,101307609,1,9,0,12,12,7,3,0,0,1,0,0,0,0,3,1,6,6,2,59,9,1995,2,5,BMW X1,9,E01008311,0,-1
2023010438108,2023,010438108,1,9,0,7,7,7,2,0,0,5,0,0,0,0,4,1,6,6,1,30,6,1499,1,5,BMW X1,5,E01001381,0,-1
2023131298635,2023,131298635,4,9,0,4,4,4,8,0,0,0,0,0,0,0,2,1,6,6,2,30,6,1995,2,7,BMW X1,1,E01010943,0,-1
2023010460878,2023,010460878,2,9,0,99,99,9,9,99,99,9,9,99,9,99,1,9,6,6,1,-1,-1,1499,1,1,BMW X1,-1,-1,0,-1
2023161295493,2023,161295493,2,9,0,18,19,2,6,0,0,8,0,0,0,0,1,1,6,6,1,-1,-1,1998,1,4,BMW X1,-1,-1,0,-1
2023631348807,2023,631348807,1,9,0,18,19,5,1,0,0,0,0,0,0,0,2,1,1,1,2,31,6,1995,2,6,BMW X1,6,W01000716,0,-1
2023461358199,2023,461358199,2,9,0,4,4,8,4,0,0,0,0,0,0,0,2,1,6,6,1,71,10,1995,2,10,BMW X1,8,E01024255,0,-1
2023010433785,2023,010433785,1,9,0,17,19,3,7,0,0,0,0,0,1,4,1,1,1,1,2,26,6,1998,1,4,BMW X1,3,E01004031,0,-1
2023320079660,2023,320079660,2,9,0,18,19,7,4,0,0,0,0,0,1,4,3,1,1,1,2,56,9,1995,2,11,BMW X1,7,E01026338,0,-1
2023320203281,2023,320203281,1,9,0,9,9,6,4,0,0,6,0,0,0,0,3,1,2,2,2,42,7,1995,2,12,BMW X1,3,E01026246,0,-1
2023549312923,2023,549312923,2,9,0,3,3,8,5,0,0,1,0,0,0,0,3,1,6,6,2,49,8,1995,2,11,BMW X1,9,E01032041,0,-1
2023041306521,2023,041306521,1,9,0,18,19,3,7,0,0,0,0,0,0,0,3,1,6,6,3,-1,-1,1998,1,1,BMW X1,-1,-1,0,-1
2023991281507,2023,991281507,3,9,0,18,19,6,2,0,0,0,0,0,0,0,3,1,5,6,2,65,9,1995,2,5,BMW X1,6,-1,0,-1
2023061291481,2023,061291481,1,9,0,18,19,8,4,0,0,6,0,0,0,0,1,1,6,6,1,43,7,1995,2,7,BMW X1,4,E01005816,0,-1
2023010467486,2023,010467486,2,9,0,4,4,3,7,0,0,1,0,0,0,0,2,1,6,6,1,42,7,1998,1,4,BMW X1,6,E01000479,0,-1
2023501283255,2023,501283255,1,9,0,16,19,4,8,0,0,0,0,0,0,0,1,1,6,6,2,83,11,1998,1,4,BMW X1,9,E01020316,0,-1
2023010423912,2023,010423912,1,9,0,4,4,5,1,0,0,1,0,0,0,0,2,1,6,6,2,32,6,1998,1,4,BMW X1,3,E01001190,0,-1
2023361328785,2023,361328785,2,9,0,3,3,1,4,0,0,0,0,0,0,0,2,1,5,6,2,61,9,1995,2,11,BMW X1,2,E01026680,0,-1
2023010468283,2023,010468283,2,9,0,18,19,5,1,0,0,0,0,0,0,0,4,1,2,2,1,30,6,1995,2,5,BMW X1,4,E01004457,0,-1
2023201298207,2023,201298207,2,9,0,18,19,8,4,0,0,0,1,0,0,0,3,1,5,6,2,37,7,1998,1,6,BMW X1,5,E01009008,0,-1
2023401374348,2023,401374348,4,9,0,2,2,0,0,0,0,0,0,0,0,0,3,1,6,6,3,-1,-1,1995,2,4,BMW X1,-1,-1,0,-1
2023010472595,2023,010472595,2,9,0,18,19,7,3,0,0,0,0,0,7,10,3,1,6,6,1,32,6,1995,2,8,BMW X1,3,E01003250,0,-1
2023501402412,2023,501402412,2,9,0,18,19,1,5,0,0,1,0,0,0,0,2,1,6,6,1,48,8,1995,2,12,BMW X1,4,E01018969,0,-1
2023440490570,2023,440490570,1,9,0,5,5,2,6,0,0,4,0,0,0,0,1,1,6,6,2,-1,-1,1995,2,6,BMW X1,9,E01031878,0,-1
2023221325996,2023,221325996,1,9,0,18,19,6,2,0,0,0,0,0,0,0,1,1,5,6,1,73,10,1499,1,5,BMW X1,10,E01032227,0,-1
2023010453916,2023,010453916,2,9,0,99,99,9,9,99,99,9,9,99,9,99,1,9,6,6,3,-1,-1,1995,2,13,BMW X1,-1,-1,0,-1
2023010429680,2023,010429680,2,9,0,99,99,9,9,99,99,9,9,99,9,99,9,9,6,6,3,42,7,1995,2,13,BMW X1,-1,-1,0,-1
2023622300312,2023,622300312,1,9,0,18,19,4,8,0,0,0,1,7,4,7,4,1,2,2,1,50,8,1995,2,8,BMW X1,10,W01001782,0,-1
2023361268480,2023,361268480,2,9,0,4,4,3,8,0,0,1,0,0,0,0,2,1,4,7,2,49,8,1995,2,5,BMW X1,8,E01026849,0,-1
2023010474452,2023,010474452,2,9,0,9,9,7,5,0,0,1,0,0,0,0,4,1,6,6,1,48,8,1995,2,6,BMW X1,9,E01000410,0,-1
2023311324404,2023,311324404,2,9,0,17,19,1,5,0,0,0,0,0,1,0,3,1,5,6,1,76,11,1995,2,10,BMW X1,4,E01028305,0,-1
2023161371180,2023,161371180,1,9,0,18,19,1,5,0,0,1,0,0,0,0,0,1,5,6,1,44,7,1995,2,13,BMW X1,7,E01013096,0,-1
2023122300890,2023,122300890,2,9,0,3,3,6,2,0,0,7,0,0,0,0,1,1,6,6,1,52,8,1995,2,5,BMW X1,9,E01021386,0,-1
2023471268679,2023,471268679,2,9,0,9,9,3,1,0,0,8,0,0,0,0,1,1,5,6,2,53,8,1998,1,3,BMW X1,6,E01031801,0,-1
2023010462502,2023,010462502,1,9,0,99,99,9,9,99,99,9,9,99,9,99,1,9,6,6,1,34,6,1998,1,5,BMW X1,6,E01001540,0,-1
2023430469195,2023,430469195,1,9,0,18,19,4,8,0,0,8,0,0,0,0,3,1,3,7,2,48,8,1995,2,5,BMW X1,10,E01016528,0,-1
2023070308116,2023,070308116,1,9,0,9,9,1,6,0,0,2,0,0,7,1,3,1,6,6,2,49,8,1995,2,12,BMW X1,1,E01012479,0,-1
2023010470106,2023,010470106,2,9,0,99,99,9,9,99,99,9,9,99,9,99,9,9,6,6,3,-1,-1,1995,2,6,BMW X1,-1,-1,0,-1
2023302300665,2023,302300665,1,9,0,18,19,8,6,0,0,4,0,0,0,0,2,1,6,6,2,25,5,1995,2,9,BMW X1,9,E01025917,0,-1
2023411294226,2023,411294226,1,9,0,9,9,-1,-1,0,0,6,0,0,0,0,1,1,6,6,3,-1,-1,1995,2,9,BMW X1,-1,-1,0,-1
2023010476672,2023,010476672,1,9,0,3,3,1,5,0,0,1,0,0,0,0,2,1,6,6,1,59,9,1998,1,2,BMW X1,9,E01001127,0,-1
2023411362415,2023,411362415,2,9,0,18,19,-1,-1,0,0,0,0,-1,0,0,1,1,5,6,2,50,8,1995,2,13,BMW X1,4,E01017473,0,-1
2023430328810,2023,430328810,2,9,0,18,19,5,1,0,0,8,0,0,0,0,1,1,6,6,1,85,11,1995,2,6,BMW X1,10,E01028606,0,-1
2023401278298,2023,401278298,1,9,0,16,19,5,8,0,0,0,1,0,7,0,1,1,6,6,1,58,9,1995,2,5,BMW X1,10,E01017436,0,-1
2023010426637,2023,010426637,2,9,0,99,99,9,9,99,99,9,9,99,9,99,1,9,6,6,3,-1,-1,1995,2,10,BMW X1,-1,-1,0,-1
2023010466673,2023,010466673,2,9,0,18,19,5,1,0,0,0,0,0,0,0,3,1,6,6,2,28,6,1995,2,6,BMW X1,2,E01003911,0,-1
2023041359953,2023,041359953,1,9,0,1,1,8,6,0,0,0,0,0,0,0,2,1,5,6,1,33,6,1995,2,6,BMW X1,3,E01012585,0,-1
2023311287227,2023,311287227,1,9,0,17,19,5,1,0,0,0,0,0,1,10,3,1,2,2,1,34,6,1995,2,7,BMW X1,-1,-1,0,-1
2023440245564,2023,440245564,2,9,0,5,5,7,3,0,0,4,0,0,0,0,2,1,6,6,2,39,7,1995,2,13,BMW X1,10,E01022763,0,-1
2023991297211,2023,991297211,2,9,0,18,19,3,7,0,0,0,0,0,0,0,2,1,5,6,1,33,6,1995,2,7,BMW X1,1,-1,0,-1
2023371357780,2023,371357780,2,9,0,17,19,4,3,0,0,1,0,0,0,0,1,1,5,6,1,36,7,1995,2,12,BMW X1,7,E01018026,0,-1
2023461345138,2023,461345138,3,9,0,3,3,3,7,0,0,0,0,0,0,0,2,1,6,6,2,60,9,1998,1,4,BMW X1,7,E01002268,0,-1
2023010462752,2023,010462752,2,9,0,10,10,8,6,0,0,1,0,0,0,0,3,1,6,6,1,43,7,1998,1,2,BMW X1,2,E01001055,0,-1
2023411294355,2023,411294355,2,9,0,9,9,4,1,0,0,8,0,0,0,0,4,1,5,6,1,29,6,1995,2,6,BMW X1,6,E01023413,0,-1
2023451262103,2023,451262103,1,9,0,2,2,5,1,9,9,1,0,0,0,0,2,1,5,6,1,74,10,1998,1,6,BMW X1,9,E01031001,0,-1
2023430124511,2023,430124511,2,9,0,18,19,3,7,0,0,8,0,0,0,0,1,1,2,2,1,35,6,1995,2,5,BMW X1,10,E01016736,0,-1
2023440292046,2023,440292046,1,9,0,18,19,4,8,0,0,0,1,0,0,0,1,1,6,6,1,30,6,1995,2,11,BMW X1,3,E01017054,0,-1
202354C295823,2023,54C295823,1,9,0,4,4,3,7,0,0,1,0,0,0,0,1,1,6,6,1,86,11,1499,1,3,BMW X1,10,E01015533,0,-1
2023161316955,2023,161316955,3,9,0,18,19,1,5,0,0,0,0,0,0,0,1,1,6,6,2,60,9,1995,2,10,BMW X1,3,E01013184,0,-1
2023631315680,2023,631315680,1,9,0,9,9,7,5,0,0,6,0,0,0,0,4,1,6,6,1,63,9,1995,2,5,BMW X1,6,W01000579,0,-1
2023451356637,2023,451356637,2,9,0,18,19,3,7,0,0,1,0,0,0,0,1,1,2,2,1,29,6,1995,2,10,BMW X1,6,E01030957,0,-1
2023010441604,2023,010441604,1,9,0,18,19,2,6,9,9,0,0,4,7,0,1,1,6,6,2,24,5,1995,2,12,BMW X1,5,E01000664,0,-1
2023010486705,2023,010486705,1,9,0,7,7,1,3,0,0,2,0,0,0,0,4,1,6,6,2,45,7,1995,2,6,BMW X1,8,E01004072,0,-1
2023041305892,2023,041305892,1,9,0,5,5,5,1,0,0,6,0,0,0,0,1,1,5,6,1,67,10,1998,1,4,BMW X1,5,E01025030,0,-1
2023010462346,2023,010462346,2,9,0,99,99,9,9,99,99,0,9,99,9,99,9,9,6,6,3,26,6,1995,2,5,BMW X1,3,E01003976,0,-1
2023411391384,2023,411391384,1,9,0,18,19,5,1,7,6,0,0,11,1,0,1,1,5,6,1,47,8,1499,8,3,BMW X1,5,E01026210,0,-1
2023451315316,2023,451315316,2,9,0,18,19,5,1,0,0,1,0,0,0,0,4,1,5,6,2,58,9,1995,2,5,BMW X1,4,E01031657,0,-1
2023010433792,2023,010433792,2,9,0,99,99,9,9,0,0,0,9,99,9,99,1,9,6,6,3,-1,-1,1995,2,13,BMW X1,-1,-1,0,-1
2023141345717,2023,141345717,2,9,0,18,19,1,5,0,0,0,0,0,5,0,3,1,5,6,1,41,7,1995,2,4,BMW X1,6,E01011534,0,-1
2023061283502,2023,061283502,1,9,0,12,12,8,4,0,0,2,0,0,0,0,1,1,6,6,3,-1,-1,1995,2,5,BMW X1,-1,-1,0,-1
2023351284868,2023,351284868,5,9,0,2,2,0,0,0,0,0,0,0,0,0,1,1,5,6,3,-1,-1,1995,2,7,BMW X1,-1,-1,0,-1
2023041318626,2023,041318626,2,9,0,17,19,5,1,0,0,0,0,0,0,0,1,1,5,6,1,76,11,1995,2,1,BMW X1,10,E01025345,0,-1
2023010485484,2023,010485484,1,9,9,5,5,7,3,99,99,2,9,0,9,0,1,9,6,6,1,34,6,1499,1,4,BMW X1,6,E01001571,0,-1
2023991368531,2023,991368531,3,9,0,18,19,6,6,0,0,0,1,0,0,0,1,1,2,2,2,56,9,1995,2,5,BMW X1,10,-1,0,-1
2023411305215,2023,411305215,1,9,0,9,9,3,1,0,0,8,0,0,0,0,1,1,6,6,1,33,6,1995,2,12,BMW X1,10,E01017749,0,-1
2023061328657,2023,061328657,1,9,0,5,5,1,2,9,9,0,0,0,0,0,4,1,6,6,2,-1,-1,1995,2,6,BMW X1,4,E01005481,0,-1
2023061277399,2023,061277399,2,9,0,3,3,5,1,0,0,1,0,0,0,0,2,1,5,6,2,32,6,1995,2,9,BMW X1,6,E01006221,0,-1
2023451262727,2023,451262727,1,9,0,9,9,1,3,0,0,5,0,0,0,0,1,1,5,6,2,45,7,1998,1,7,BMW X1,10,E01030518,0,-1
2023302300564,2023,302300564,2,9,0,2,2,0,0,0,0,0,0,0,0,0,3,1,6,6,3,-1,-1,1995,2,6,BMW X1,-1,-1,0,-1
2023010419819,2023,010419819,2,9,0,16,19,1,5,0,0,8,0,0,0,0,1,1,6,6,2,59,9,1998,1,1,BMW X1,5,E01000158,0,-1
2023010462451,2023,010462451,1,9,0,18,19,3,7,0,0,1,0,0,0,0,1,1,6,6,1,40,7,1998,1,2,BMW X1,2,E01003950,0,-1
2023411303419,2023,411303419,2,9,0,4,4,5,1,0,0,0,0,0,0,0,2,1,6,6,2,53,8,1995,2,5,BMW X1,9,E01023354,0,-1
2023052301206,2023,052301206,1,9,0,4,4,2,3,0,0,0,0,0,0,0,4,1,3,7,2,42,7,1995,2,11,BMW X1,1,E01007175,0,-1
2023010427606,2023,010427606,2,9,9,99,99,9,9,99,99,9,9,99,9,99,9,9,6,6,3,-1,-1,1995,2,13,BMW X1,-1,-1,0,-1
2023311280101,2023,311280101,2,9,0,18,19,7,3,0,0,4,0,0,0,0,2,1,6,6,2,30,6,1995,2,10,BMW X1,3,E01028025,0,-1
2023520400920,2023,520400920,1,9,0,9,9,6,4,0,0,8,0,0,0,0,1,1,6,6,2,33,6,1995,2,9,BMW X1,-1,-1,0,-1
2023041350895,2023,041350895,1,9,0,18,19,1,5,1,1,1,0,0,0,0,4,1,5,6,1,90,11,1995,2,2,BMW X1,1,E01012684,0,-1
2023131371535,2023,131371535,2,9,0,18,19,5,1,0,0,8,0,0,0,0,1,1,6,6,2,41,7,1995,2,9,BMW X1,4,E01007342,0,-1
2023141263969,2023,141263969,1,9,0,11,11,5,1,0,0,0,0,0,0,0,2,1,6,6,2,56,9,1995,2,5,BMW X1,2,E01019796,0,-1
2023010425364,2023,010425364,2,9,0,4,4,3,7,0,0,2,0,0,0,0,0,1,6,6,2,39,7,1998,1,1,BMW X1,-1,-1,0,-1
2023041375895,2023,041375895,1,9,0,18,19,5,1,0,0,0,0,0,7,0,1,1,5,6,1,31,6,1995,2,7,BMW X1,3,E01025246,0,-1
2023122301306,2023,122301306,1,9,0,18,19,5,1,0,0,3,0,0,0,0,3,1,1,1,1,55,8,1499,8,1,BMW X1,4,E01008833,0,-1
2023010421596,2023,010421596,1,9,0,99,99,9,9,99,99,9,9,99,9,99,1,9,6,6,1,40,7,1995,2,7,BMW X1,4,E01003929,0,-1
2023221289195,2023,221289195,1,9,0,4,4,3,7,0,0,1,0,0,0,0,1,1,6,6,1,86,11,1995,2,8,BMW X1,5,E01014045,0,-1
2023610042923,2023,610042923,1,9,0,18,19,4,7,9,9,0,0,0,1,0,1,1,6,6,2,50,8,1995,2,7,BMW X1,1,W01001666,0,-1
2023421334736,2023,421334736,3,9,0,2,2,1,5,0,0,0,0,0,0,0,2,1,6,6,3,-1,-1,1995,2,4,BMW X1,-1,-1,0,-1
2023421312972,2023,421312972,1,9,0,18,19,8,4,0,0,0,0,0,0,0,1,1,6,6,1,22,5,1995,2,6,BMW X1,-1,-1,0,-1
2023131295175,2023,131295175,1,9,0,7,7,1,5,0,0,1,0,0,0,0,1,1,5,6,2,52,8,1995,2,6,BMW X1,1,E01010742,0,-1