collision_index,collision_year,collision_ref_no,vehicle_reference,vehicle_type,towing_and_articulation,vehicle_manoeuvre_historic,vehicle_manoeuvre,vehicle_direction_from,vehicle_direction_to,vehicle_location_restricted_lane_historic,vehicle_location_restricted_lane,junction_location,skidding_and_overturning,hit_object_in_carriageway,vehicle_leaving_carriageway,hit_object_off_carriageway,first_point_of_impact,vehicle_left_hand_drive,journey_purpose_of_driver_historic,journey_purpose_of_driver,sex_of_driver,age_of_driver,age_band_of_driver,engine_capacity_cc,propulsion_code,age_of_vehicle,generic_make_model,driver_imd_decile,lsoa_of_driver,escooter_flag,driver_distance_banding
2023340NN2392,2023,340NN2392,1,21,0,11,11,8,4,0,0,3,0,0,0,0,4,1,2,2,1,51,8,-1,-1,-1,MERCEDES MODEL MISSING,1,E01033484,0,-1
2023041265020,2023,041265020,2,21,0,18,19,1,5,0,0,1,0,0,0,0,1,1,2,2,1,56,9,12809,2,3,MERCEDES MODEL MISSING,6,E01019482,0,-1
2023141360805,2023,141360805,2,21,0,18,19,1,5,0,0,0,0,0,0,0,1,1,1,1,1,55,8,12809,2,5,MERCEDES MODEL MISSING,5,E01007331,0,-1
2023161348627,2023,161348627,2,11,0,2,2,0,0,0,0,0,0,0,0,0,4,1,1,1,1,53,8,4249,2,10,MERCEDES MODEL MISSING,6,E01012979,0,-1
2023461284819,2023,461284819,2,21,0,18,19,3,8,0,0,0,0,0,0,0,2,1,5,6,1,35,6,12809,2,1,MERCEDES MODEL MISSING,6,E01024568,0,-1
2023010451029,2023,010451029,1,90,0,16,19,5,1,0,0,1,0,0,0,0,2,1,1,1,1,29,6,7698,2,4,MERCEDES MODEL MISSING,4,E01001176,0,-1
2023311353398,2023,311353398,1,21,1,18,19,6,8,0,0,0,1,0,1,0,1,1,1,1,1,55,8,12809,2,7,MERCEDES MODEL MISSING,-1,-1,0,-1
2023522301428,2023,522301428,1,21,1,4,4,8,4,0,0,0,0,0,0,0,2,1,6,6,1,55,8,7698,2,3,MERCEDES MODEL MISSING,6,W01000979,0,-1
2023231330831,2023,231330831,1,21,1,16,19,6,2,0,0,0,0,0,0,0,4,1,1,1,1,44,7,12809,2,4,MERCEDES MODEL MISSING,8,E01027728,0,-1
2023991337312,2023,991337312,1,11,0,5,5,4,8,0,0,0,0,0,0,0,1,1,1,1,1,53,8,7698,2,9,MERCEDES MODEL MISSING,1,-1,0,-1
2023311295967,2023,311295967,1,21,1,18,19,4,8,0,0,3,5,0,0,0,0,1,1,1,1,36,7,12809,2,7,MERCEDES MODEL MISSING,-1,-1,0,-1
2023201371575,2023,201371575,2,21,1,18,19,8,4,0,0,1,0,0,0,0,4,1,1,1,1,39,7,12809,2,4,MERCEDES MODEL MISSING,3,E01009106,0,-1
2023361292958,2023,361292958,2,21,4,18,19,3,7,0,0,0,0,0,0,0,2,1,1,1,1,57,9,12809,2,1,MERCEDES MODEL MISSING,6,E01030232,0,-1
2023421263155,2023,421263155,1,21,0,18,19,3,7,0,0,0,0,0,0,0,1,1,1,1,1,45,7,10677,2,7,MERCEDES MODEL MISSING,6,E01021595,0,-1
2023351291410,2023,351291410,2,21,1,18,19,7,3,0,0,0,0,0,0,0,1,1,1,1,1,60,9,12809,2,5,MERCEDES MODEL MISSING,3,E01020212,0,-1
2023170M10323,2023,170M10323,1,10,0,9,9,6,4,0,0,2,0,0,0,0,4,1,1,1,1,63,9,-1,-1,-1,-1,-1,-1,0,-1
2023610016823,2023,610016823,2,21,1,18,19,7,3,0,0,0,0,0,0,0,2,1,1,1,1,53,8,10677,2,7,MERCEDES MODEL MISSING,3,W01001539,0,-1
2023622300153,2023,622300153,2,21,0,4,4,4,8,0,0,0,0,0,0,0,1,1,1,1,1,51,8,10677,2,5,MERCEDES MODEL MISSING,6,W01000700,0,-1
2023010451751,2023,010451751,1,21,1,18,19,7,3,0,0,1,0,0,0,0,1,1,1,1,1,28,6,10677,2,9,MERCEDES MODEL MISSING,1,E01009571,0,-1
2023332300260,2023,332300260,2,21,0,18,19,4,8,0,0,0,0,0,0,0,3,1,1,1,1,48,8,12809,2,5,MERCEDES MODEL MISSING,9,E01031113,0,-1
2023131375029,2023,131375029,1,20,0,9,9,7,1,0,0,5,0,0,0,0,1,1,1,1,1,47,8,5132,2,4,MERCEDES MODEL MISSING,3,E01011547,0,-1
2023010467608,2023,010467608,1,20,0,5,5,5,1,0,0,0,0,0,0,0,3,2,6,6,1,58,9,7698,2,4,MERCEDES MODEL MISSING,4,E01021776,0,-1
2023991313851,2023,991313851,1,21,0,18,19,3,7,0,0,1,0,0,0,0,1,1,1,1,2,45,7,7698,2,0,MERCEDES MODEL MISSING,-1,-1,0,-1
2023131364757,2023,131364757,1,21,0,7,7,3,5,0,0,8,0,0,0,0,1,1,1,1,1,50,8,7698,2,4,MERCEDES MODEL MISSING,1,E01033013,0,-1
2023161320535,2023,161320535,1,21,0,18,19,6,2,0,0,0,0,0,0,0,2,1,1,1,1,57,9,12809,2,2,MERCEDES MODEL MISSING,7,E01032596,0,-1
2023141290148,2023,141290148,3,90,0,2,2,0,0,9,9,2,0,0,0,0,0,1,6,6,3,-1,-1,7698,2,5,MERCEDES MODEL MISSING,-1,-1,0,-1
2023141346398,2023,141346398,2,21,0,18,19,4,2,0,0,8,1,0,0,0,1,1,1,1,1,30,6,12809,2,1,MERCEDES MODEL MISSING,6,E01022666,0,-1
2023351355922,2023,351355922,3,21,1,2,2,0,0,0,0,2,0,0,0,0,0,1,6,6,3,-1,-1,12809,2,11,MERCEDES MODEL MISSING,-1,-1,0,-1
2023421377890,2023,421377890,2,21,1,18,19,5,1,0,0,0,0,0,0,0,2,1,1,1,1,57,9,12809,2,8,MERCEDES MODEL MISSING,3,E01016014,0,-1
2023201370373,2023,201370373,1,21,0,7,7,2,4,0,0,5,0,0,0,0,4,1,1,1,1,-1,-1,10677,2,3,MERCEDES MODEL MISSING,8,E01010307,0,-1
2023041301579,2023,041301579,2,21,1,18,19,1,5,0,0,0,0,0,0,0,1,1,1,1,1,59,9,12809,2,5,MERCEDES MODEL MISSING,-1,-1,0,-1
2023010438202,2023,010438202,2,21,1,18,19,3,7,0,0,1,0,0,0,0,1,1,1,1,1,59,9,15569,2,1,MERCEDES MODEL MISSING,10,E01018419,0,-1
2023302301161,2023,302301161,1,21,0,18,19,8,4,0,0,8,0,0,0,0,3,1,1,1,1,50,8,7698,2,8,MERCEDES MODEL MISSING,1,E01005138,0,-1
2023311266171,2023,311266171,1,9,0,18,19,1,5,0,0,0,0,10,0,0,1,1,2,2,2,52,8,1992,2,16,MERCEDES MODEL MISSING,1,E01028320,0,-1
2023010441431,2023,010441431,2,9,0,18,19,5,1,0,0,6,0,0,0,0,1,1,6,6,1,30,6,2987,2,16,MERCEDES MODEL MISSING,5,E01000036,0,-1
2023041338873,2023,041338873,2,21,0,10,10,5,1,0,0,1,0,0,0,0,2,1,1,1,1,56,9,12809,2,1,MERCEDES MODEL MISSING,8,E01006318,0,-1
2023041259469,2023,041259469,2,90,0,17,19,7,3,0,0,0,5,10,1,4,4,1,1,1,1,38,7,7698,2,6,MERCEDES MODEL MISSING,2,E01006869,0,-1
2023302301321,2023,302301321,2,90,0,17,19,5,2,0,0,0,0,0,0,0,1,1,6,6,1,61,9,2998,2,10,MERCEDES MODEL MISSING,7,E01007192,0,-1
2023131261291,2023,131261291,1,90,0,18,19,3,7,0,0,0,0,0,0,0,1,1,1,1,1,43,7,10677,2,4,MERCEDES MODEL MISSING,3,E01011313,0,-1
2023430433903,2023,430433903,2,19,0,17,19,5,2,0,0,0,0,0,7,9,3,1,6,6,2,60,9,7698,2,5,MERCEDES MODEL MISSING,-1,-1,0,-1
2023311291029,2023,311291029,2,90,0,7,7,4,3,0,0,3,0,0,0,0,4,1,1,1,1,40,7,10677,2,7,MERCEDES MODEL MISSING,-1,-1,0,-1
2023451325298,2023,451325298,1,21,0,6,6,5,1,0,0,3,0,10,0,0,3,1,2,2,1,35,6,12809,2,2,MERCEDES MODEL MISSING,10,E01002387,0,-1
2023430502111,2023,430502111,2,20,0,17,19,7,4,0,0,0,1,0,0,0,1,1,1,1,1,53,8,-1,-1,-1,MERCEDES MODEL MISSING,3,E01016377,0,-1
2023010459104,2023,010459104,2,90,9,99,99,9,9,99,99,9,9,99,9,99,9,9,6,6,1,36,7,7698,2,3,MERCEDES MODEL MISSING,6,E01001522,0,-1
2023101341238,2023,101341238,3,21,1,2,2,5,1,0,0,1,0,0,0,0,3,1,1,1,1,53,8,12809,2,1,MERCEDES MODEL MISSING,-1,-1,0,-1
2023430328911,2023,430328911,2,19,0,1,1,6,2,0,0,1,0,0,0,0,2,1,6,6,1,-1,-1,2143,2,9,MERCEDES MODEL MISSING,-1,-1,0,-1
2023010459281,2023,010459281,1,21,1,18,19,7,3,0,0,2,0,0,0,0,1,1,1,1,1,50,8,12809,2,2,MERCEDES MODEL MISSING,3,E01004408,0,-1
2023041299974,2023,041299974,1,21,1,18,19,1,5,0,0,0,1,0,0,0,1,1,1,1,1,44,7,12809,2,7,MERCEDES MODEL MISSING,1,E01006324,0,-1
2023131329210,2023,131329210,1,21,0,18,19,1,5,0,0,0,0,0,0,0,3,1,1,1,1,56,9,7698,2,5,MERCEDES MODEL MISSING,1,E01008082,0,-1
2023340WN6182,2023,340WN6182,2,21,0,18,19,8,4,0,0,0,0,0,0,0,2,1,1,1,1,52,8,10677,2,0,MERCEDES MODEL MISSING,3,E01003405,0,-1
2023101384511,2023,101384511,1,11,0,4,4,1,6,0,0,0,0,0,0,0,0,1,1,1,1,41,7,6370,2,10,MERCEDES MODEL MISSING,4,E01008286,0,-1
2023991290256,2023,991290256,1,9,0,16,19,3,7,9,9,8,0,0,0,0,3,1,5,6,1,29,6,2143,2,10,MERCEDES MODEL MISSING,3,-1,0,-1
2023531285196,2023,531285196,1,21,0,18,19,7,3,0,0,0,0,0,0,0,4,1,1,1,2,42,7,7698,2,4,MERCEDES MODEL MISSING,10,E01014864,0,-1
2023010463164,2023,010463164,1,21,0,9,9,7,4,0,0,6,0,0,0,0,2,1,1,1,1,55,8,10677,2,4,MERCEDES MODEL MISSING,-1,-1,0,-1
2023010454770,2023,010454770,1,11,0,5,5,1,5,0,0,1,0,0,0,0,0,1,1,1,1,56,9,6370,2,12,MERCEDES MODEL MISSING,3,E01002646,0,-1
2023010432253,2023,010432253,2,21,1,11,11,7,3,0,0,1,0,0,0,0,1,1,1,1,1,60,9,12809,2,1,MERCEDES MODEL MISSING,4,E01015385,0,-1
2023010464359,2023,010464359,2,20,0,2,2,0,0,0,0,0,0,0,0,0,0,1,6,6,3,-1,-1,-1,3,12,MERCEDES MODEL MISSING,-1,-1,0,-1
2023430572399,2023,430572399,2,21,0,18,19,2,6,0,0,8,0,0,0,0,1,1,6,6,1,-1,-1,-1,-1,-1,MERCEDES MODEL MISSING,-1,-1,0,-1
2023451390366,2023,451390366,2,21,0,18,19,1,5,0,0,0,0,0,0,0,4,1,1,1,1,38,7,12809,2,4,MERCEDES MODEL MISSING,8,E01030654,0,-1
2023221390411,2023,221390411,2,21,0,12,12,2,6,0,0,0,0,0,0,0,0,1,1,1,1,53,8,12809,2,4,MERCEDES MODEL MISSING,8,E01014821,0,-1
2023131309360,2023,131309360,1,21,0,4,4,1,5,0,0,1,0,0,0,0,4,1,1,1,1,48,8,5132,2,4,MERCEDES MODEL MISSING,9,E01011160,0,-1
2023010453195,2023,010453195,2,90,0,18,19,1,5,0,0,8,0,0,0,0,1,1,1,1,2,31,6,7698,2,6,MERCEDES MODEL MISSING,6,E01024544,0,-1
2023201450835,2023,201450835,2,20,1,18,19,6,2,0,0,1,0,0,0,0,1,1,1,1,1,55,8,-1,-1,-1,MERCEDES MODEL MISSING,1,E01010140,0,-1
2023302300379,2023,302300379,1,21,0,18,19,8,4,0,0,0,0,0,0,0,4,1,1,1,1,49,8,12809,2,3,MERCEDES MODEL MISSING,5,E01014154,0,-1
2023440020948,2023,440020948,1,21,0,11,11,4,8,0,0,0,0,0,0,0,1,1,1,1,1,37,7,12809,2,3,MERCEDES MODEL MISSING,3,E01013779,0,-1
2023440408276,2023,440408276,1,21,0,18,19,7,3,0,0,0,0,0,0,0,2,1,1,1,1,34,6,-1,-1,-1,MERCEDES MODEL MISSING,8,E01023178,0,-1
2023010432351,2023,010432351,1,19,0,5,5,5,1,0,0,8,0,0,0,0,3,1,6,6,3,-1,-1,7698,2,4,MERCEDES MODEL MISSING,-1,-1,0,-1
2023302301953,2023,302301953,1,11,0,4,4,3,7,0,0,0,0,0,0,0,0,1,1,1,1,53,8,6370,2,10,MERCEDES MODEL MISSING,8,E01005913,0,-1
2023501340670,2023,501340670,1,21,1,5,5,7,2,0,0,4,0,0,0,0,1,1,1,1,1,49,8,10677,2,4,MERCEDES MODEL MISSING,8,E01022255,0,-1
2023141280031,2023,141280031,2,21,0,18,19,7,3,0,0,1,0,0,0,0,1,1,6,6,1,41,7,7698,2,5,MERCEDES MODEL MISSING,5,E01007469,0,-1
2023520300632,2023,520300632,1,21,1,18,19,1,5,0,0,0,4,0,1,10,1,1,6,6,1,62,9,12809,2,5,MERCEDES MODEL MISSING,5,E01032054,0,-1
2023430513672,2023,430513672,1,21,1,18,19,2,6,0,0,0,0,0,0,0,1,1,1,1,1,55,8,12809,2,8,MERCEDES MODEL MISSING,7,E01009870,0,-1
2023320453461,2023,320453461,1,21,0,16,19,7,3,0,0,0,0,0,0,0,3,1,6,6,3,-1,-1,10677,2,5,MERCEDES MODEL MISSING,-1,-1,0,-1
2023131313312,2023,131313312,2,20,0,4,4,5,7,0,0,4,0,0,0,0,1,1,1,1,1,29,6,5132,2,5,MERCEDES MODEL MISSING,6,E01010945,0,-1
2023010458779,2023,010458779,1,19,0,2,2,0,0,0,0,2,0,0,0,0,2,1,6,6,3,-1,-1,7698,2,6,MERCEDES MODEL MISSING,-1,-1,0,-1
2023101335885,2023,101335885,1,11,0,16,19,7,1,0,0,0,0,0,0,0,0,1,1,1,1,58,9,6370,2,10,MERCEDES MODEL MISSING,6,E01020608,0,-1
2023101333952,2023,101333952,2,21,4,18,19,1,5,0,0,0,0,0,1,0,1,1,1,1,1,44,7,10677,2,3,MERCEDES MODEL MISSING,3,E01008182,0,-1
2023421298579,2023,421298579,2,21,0,3,3,1,5,0,0,4,0,0,0,0,2,1,1,1,1,37,7,10677,2,9,MERCEDES MODEL MISSING,9,E01021477,0,-1
2023010482196,2023,010482196,1,21,1,18,19,1,5,0,0,3,0,0,0,0,1,1,2,2,1,68,10,12809,2,6,MERCEDES MODEL MISSING,5,E01030983,0,-1
2023010461979,2023,010461979,1,90,0,14,14,3,7,0,0,6,0,0,0,0,1,1,1,1,1,34,6,7698,2,4,MERCEDES MODEL MISSING,2,E01003066,0,-1
2023471344729,2023,471344729,3,20,0,10,10,7,5,0,0,1,0,0,0,0,2,1,1,1,1,54,8,5132,2,3,MERCEDES MODEL MISSING,6,E01016057,0,-1
2023041352064,2023,041352064,2,20,0,17,19,6,2,0,0,0,0,0,1,11,1,1,1,1,1,36,7,4250,2,14,MERCEDES MODEL MISSING,8,E01024913,0,-1
2023131310829,2023,131310829,1,20,0,18,19,3,3,0,0,0,0,0,0,0,1,1,1,1,1,41,7,7698,2,7,MERCEDES MODEL MISSING,1,E01005527,0,-1
2023351349072,2023,351349072,2,21,1,18,19,3,7,0,0,0,0,0,0,0,2,1,1,1,1,33,6,12809,2,7,MERCEDES MODEL MISSING,1,E01024597,0,-1
2023010479958,2023,010479958,1,11,0,4,4,1,5,0,0,1,0,0,0,0,0,1,1,1,1,52,8,6370,2,14,MERCEDES MODEL MISSING,3,E01000011,0,-1
2023411353599,2023,411353599,1,21,1,18,19,3,6,0,0,1,0,0,0,0,1,1,6,6,3,-1,-1,12809,2,7,MERCEDES MODEL MISSING,-1,-1,0,-1
2023010467024,2023,010467024,2,20,0,10,10,3,1,0,0,1,0,0,0,0,1,1,6,6,1,37,7,4250,2,16,MERCEDES MODEL MISSING,6,E01019893,0,-1
2023440243744,2023,440243744,1,21,0,16,19,1,4,0,0,3,2,0,0,0,3,1,1,1,1,31,6,10677,2,4,MERCEDES MODEL MISSING,7,E01022503,0,-1
2023010486675,2023,010486675,1,9,0,4,4,7,3,0,0,4,0,0,0,0,4,1,6,6,1,62,9,5461,1,16,MERCEDES MODEL MISSING,8,E01004649,0,-1
2023161329581,2023,161329581,2,21,0,18,19,5,1,0,0,0,0,0,0,0,2,1,1,1,1,64,9,12809,2,5,MERCEDES MODEL MISSING,1,E01012844,0,-1
2023430090804,2023,430090804,1,21,0,4,4,2,6,0,0,0,0,0,0,0,1,1,1,1,1,48,8,12809,2,9,MERCEDES MODEL MISSING,-1,-1,0,-1
2023361323035,2023,361323035,3,19,0,17,19,5,2,0,0,0,1,0,0,0,1,1,1,1,1,54,8,5132,2,5,MERCEDES MODEL MISSING,4,E01026780,0,-1
2023010474390,2023,010474390,1,90,0,5,5,1,5,0,0,1,0,10,0,0,1,1,1,1,1,45,7,7698,2,5,MERCEDES MODEL MISSING,3,E01003431,0,-1
2023421387977,2023,421387977,2,21,0,18,19,3,7,0,0,0,0,0,0,0,2,1,1,1,1,52,8,7698,2,7,MERCEDES MODEL MISSING,5,E01021866,0,-1
2023351355462,2023,351355462,1,21,0,5,5,4,8,0,0,2,0,0,0,0,1,1,1,1,1,59,9,7698,2,2,MERCEDES MODEL MISSING,2,E01015641,0,-1
2023170M10943,2023,170M10943,1,21,0,18,19,6,2,0,0,0,0,0,0,0,4,1,1,1,1,60,9,7201,2,11,MERCEDES MODEL MISSING,3,E01012248,0,-1
2023461335327,2023,461335327,1,20,1,9,9,5,7,0,0,1,0,0,0,0,2,1,6,6,1,52,8,-1,-1,-1,MERCEDES MODEL MISSING,5,E01032654,0,-1
2023421288741,2023,421288741,2,21,0,18,19,2,6,0,0,0,0,0,0,0,4,1,5,6,1,45,7,4250,2,15,MERCEDES MODEL MISSING,5,E01018059,0,-1
2023061289038,2023,061289038,1,21,1,18,19,7,3,0,0,0,0,0,0,0,2,1,1,1,1,51,8,-1,-1,-1,MERCEDES MODEL MISSING,1,E01006816,0,-1
2023050394462,2023,050394462,3,21,0,18,19,1,5,0,0,0,0,2,0,0,3,1,1,1,1,56,9,7698,2,5,MERCEDES MODEL MISSING,8,E01006263,0,-1
2023501349529,2023,501349529,3,21,1,18,19,7,3,0,0,0,0,0,0,0,1,1,1,1,1,48,8,12809,2,1,MERCEDES MODEL MISSING,1,W01001662,0,-1
2023501274917,2023,501274917,2,20,0,18,19,2,6,0,0,1,1,0,1,0,1,1,2,2,1,45,7,4249,2,10,MERCEDES MODEL MISSING,9,E01032335,0,-1
2023010459913,2023,010459913,1,21,1,5,5,7,3,0,0,1,0,0,0,0,0,1,1,1,1,43,7,10677,2,6,MERCEDES MODEL MISSING,3,E01017568,0,-1
2023010453208,2023,010453208,2,19,9,99,99,9,9,99,99,9,9,99,9,99,9,9,6,6,3,-1,-1,7698,2,6,MERCEDES MODEL MISSING,4,E01000323,0,-1
2023161284091,2023,161284091,2,21,1,4,4,1,5,0,0,1,0,0,0,0,1,1,1,1,1,60,9,12809,2,5,MERCEDES MODEL MISSING,-1,-1,0,-1
2023311331176,2023,311331176,1,21,0,18,19,2,5,0,0,0,0,7,7,7,1,1,1,1,1,57,9,10677,2,4,MERCEDES MODEL MISSING,10,E01028292,0,-1
2023311377658,2023,311377658,1,20,0,1,1,2,6,0,0,0,0,0,0,0,2,1,1,1,1,65,9,-1,-1,-1,MERCEDES MODEL MISSING,-1,-1,0,-1
2023461358386,2023,461358386,2,21,1,18,19,3,7,0,0,0,0,0,0,0,2,1,1,1,1,30,6,12809,2,1,MERCEDES MODEL MISSING,5,E01002261,0,-1
2023340WN6422,2023,340WN6422,1,21,0,18,19,8,4,0,0,4,1,0,1,7,1,1,1,1,1,49,8,11967,2,12,MERCEDES MODEL MISSING,5,E01032475,0,-1
2023991314378,2023,991314378,4,20,0,18,19,8,4,0,0,0,0,1,0,0,2,1,1,1,1,66,10,10677,2,5,MERCEDES MODEL MISSING,6,-1,0,-1
2023421330717,2023,421330717,1,21,0,18,19,1,5,0,0,0,0,0,0,0,3,1,1,1,1,38,7,11946,2,10,MERCEDES MODEL MISSING,8,E01016179,0,-1
2023201291340,2023,201291340,1,21,1,18,19,8,4,0,0,2,0,0,0,0,1,1,1,1,1,28,6,12809,2,8,MERCEDES MODEL MISSING,2,E01010408,0,-1
2023501329720,2023,501329720,2,21,1,18,19,8,4,0,0,0,0,0,7,4,3,1,1,1,1,62,9,10677,2,4,MERCEDES MODEL MISSING,7,W01001716,0,-1
2023371337602,2023,371337602,2,21,1,2,2,0,0,0,0,0,0,0,0,0,3,1,1,1,1,65,9,12809,2,7,MERCEDES MODEL MISSING,5,E01026276,0,-1
2023440053481,2023,440053481,2,21,1,2,2,0,0,0,0,0,0,0,0,0,2,1,1,1,1,42,7,12809,2,8,MERCEDES MODEL MISSING,9,E01030124,0,-1
2023991342478,2023,991342478,2,17,4,7,7,6,8,0,0,0,0,0,1,0,4,1,1,1,1,37,7,7698,2,1,-1,5,-1,0,-1
2023010429963,2023,010429963,2,19,9,99,99,9,9,99,99,9,9,99,9,99,9,9,6,6,2,-1,-1,5132,2,9,MERCEDES MODEL MISSING,-1,-1,0,-1
2023371384597,2023,371384597,1,21,1,4,4,-1,-1,0,0,4,0,0,0,0,0,1,1,1,1,39,7,12809,2,3,MERCEDES MODEL MISSING,2,E01021686,0,-1
2023010432182,2023,010432182,2,90,0,13,13,5,1,0,0,1,0,0,0,0,1,1,6,6,1,25,5,7698,2,6,MERCEDES MODEL MISSING,9,E01002317,0,-1
2023052300194,2023,052300194,1,21,0,9,9,7,5,0,0,8,0,0,0,0,1,1,1,1,1,26,6,4249,2,10,MERCEDES MODEL MISSING,4,E01005036,0,-1
2023461359587,2023,461359587,1,21,1,1,1,1,5,0,0,8,0,0,0,0,2,1,6,6,1,38,7,6370,2,11,MERCEDES MODEL MISSING,8,E01021163,0,-1
2023211378516,2023,211378516,1,21,1,18,19,5,1,0,0,0,0,11,0,0,1,1,1,1,1,55,8,7698,2,5,MERCEDES MODEL MISSING,-1,-1,0,-1
2023010460011,2023,010460011,1,21,1,5,5,2,6,0,0,0,5,5,1,11,1,1,1,1,1,33,6,12809,2,8,MERCEDES MODEL MISSING,3,E01013971,0,-1
2023311305484,2023,311305484,2,20,0,2,2,0,0,0,0,2,0,0,0,0,2,1,6,6,3,-1,-1,-1,-1,-1,MERCEDES MODEL MISSING,-1,-1,0,-1
2023461344331,2023,461344331,1,21,0,18,19,5,1,0,0,1,0,0,0,0,1,1,1,1,1,-1,-1,7698,2,6,MERCEDES MODEL MISSING,-1,-1,0,-1
2023320408995,2023,320408995,2,9,0,9,9,8,7,0,0,5,0,0,0,0,2,1,6,6,1,75,10,2997,1,16,MERCEDES MODEL MISSING,10,E01028415,0,-1
2023161387725,2023,161387725,2,19,0,4,4,2,6,0,0,1,0,0,0,0,1,1,1,1,1,-1,-1,7698,2,4,MERCEDES MODEL MISSING,-1,-1,0,-1
2023430199202,2023,430199202,1,20,0,18,19,4,8,0,0,0,0,0,0,0,1,1,1,1,3,-1,-1,-1,-1,-1,MERCEDES MODEL MISSING,-1,-1,0,-1
2023531260422,2023,531260422,1,11,0,18,19,3,7,0,0,0,0,0,0,0,1,1,1,1,1,36,7,6370,2,6,MERCEDES MODEL MISSING,7,E01022180,0,-1
2023991333703,2023,991333703,2,90,0,18,19,7,7,0,0,8,0,0,0,0,4,1,1,1,1,49,8,7698,2,8,MERCEDES MODEL MISSING,6,-1,0,-1
2023451313713,2023,451313713,1,21,1,18,19,5,1,0,0,0,1,0,0,0,4,1,1,1,1,35,6,12809,2,11,MERCEDES MODEL MISSING,1,E01032252,0,-1
2023010468837,2023,010468837,1,19,0,11,11,5,1,0,0,0,0,0,0,0,1,1,1,1,1,27,6,7698,2,8,MERCEDES MODEL MISSING,2,E01000075,0,-1
2023991300391,2023,991300391,1,21,0,18,19,7,3,0,0,8,0,0,0,0,1,1,1,1,1,62,9,5132,2,0,MERCEDES MODEL MISSING,8,-1,0,-1
2023610012023,2023,610012023,1,21,1,18,19,4,8,0,0,0,0,0,0,0,4,1,1,1,1,53,8,12809,2,6,MERCEDES MODEL MISSING,7,E01011402,0,-1
2023010429716,2023,010429716,2,21,1,18,19,8,4,0,0,0,0,0,0,0,3,1,1,1,1,45,7,12809,2,4,MERCEDES MODEL MISSING,6,E01028016,0,-1
2023010436289,2023,010436289,1,21,0,9,9,2,1,0,0,5,0,0,0,0,3,1,1,1,1,30,6,7698,2,9,MERCEDES MODEL MISSING,2,E01001014,0,-1
2023230513727,2023,230513727,3,19,0,7,7,6,8,0,0,6,0,0,0,0,2,1,1,1,1,45,7,5132,2,4,MERCEDES MODEL MISSING,1,E01009659,0,-1
2023010439902,2023,010439902,1,90,0,14,14,5,1,0,0,0,0,0,0,0,0,2,1,1,2,58,9,7698,2,6,MERCEDES MODEL MISSING,4,E01018776,0,-1
2023430101178,2023,430101178,1,21,0,18,19,8,4,0,0,0,0,0,0,0,1,1,1,1,1,54,8,12809,2,1,MERCEDES MODEL MISSING,3,E01016442,0,-1
2023211308969,2023,211308969,2,21,1,18,19,1,5,0,0,0,0,0,0,0,3,1,1,1,1,30,6,12809,2,1,MERCEDES MODEL MISSING,-1,-1,0,-1
2023531298073,2023,531298073,1,20,0,18,19,5,1,0,0,0,1,0,0,0,1,1,1,1,1,63,9,5132,2,6,MERCEDES MODEL MISSING,4,E01015011,0,-1
2023161335621,2023,161335621,2,21,0,18,19,6,2,0,0,0,0,0,1,0,3,1,1,1,1,40,7,7698,2,5,MERCEDES MODEL MISSING,-1,-1,0,-1
2023010443193,2023,010443193,1,11,0,5,5,0,7,99,99,0,0,0,0,0,9,1,1,1,1,66,10,6370,2,8,MERCEDES MODEL MISSING,8,E01024286,0,-1
2023211296837,2023,211296837,2,21,1,9,9,7,3,0,0,8,0,0,0,0,3,1,1,1,1,58,9,12809,2,8,MERCEDES MODEL MISSING,1,E01010414,0,-1
2023991325515,2023,991325515,1,21,1,3,3,7,3,0,0,0,0,0,0,0,1,1,1,1,1,48,8,12809,2,2,MERCEDES MODEL MISSING,1,-1,0,-1
2023991265516,2023,991265516,1,20,0,18,19,7,3,0,0,0,0,0,0,0,1,1,1,1,1,50,8,5132,2,8,MERCEDES MODEL MISSING,2,-1,0,-1
2023131334444,2023,131334444,2,90,0,2,2,6,2,0,0,1,0,0,0,0,2,2,5,6,1,59,9,7698,2,4,MERCEDES MODEL MISSING,1,E01011349,0,-1