collision_index,collision_year,collision_ref_no,vehicle_reference,vehicle_type,towing_and_articulation,vehicle_manoeuvre_historic,vehicle_manoeuvre,vehicle_direction_from,vehicle_direction_to,vehicle_location_restricted_lane_historic,vehicle_location_restricted_lane,junction_location,skidding_and_overturning,hit_object_in_carriageway,vehicle_leaving_carriageway,hit_object_off_carriageway,first_point_of_impact,vehicle_left_hand_drive,journey_purpose_of_driver_historic,journey_purpose_of_driver,sex_of_driver,age_of_driver,age_band_of_driver,engine_capacity_cc,propulsion_code,age_of_vehicle,generic_make_model,driver_imd_decile,lsoa_of_driver,escooter_flag,driver_distance_banding
2023161381761,2023,161381761,1,4,0,9,9,8,5,0,0,8,1,0,0,0,4,1,5,6,1,32,6,471,1,0,-1,3,E01012992,0,-1
2023041269400,2023,041269400,2,3,0,18,19,7,3,0,0,1,0,0,0,0,1,1,5,6,2,24,5,125,1,1,-1,-1,-1,0,-1
2023161304896,2023,161304896,2,3,0,18,19,4,8,0,0,1,5,0,0,0,4,1,5,6,1,31,6,-1,-1,-1,-1,8,E01012977,0,-1
2023461318350,2023,461318350,2,2,1,18,19,6,2,0,0,1,0,0,0,0,3,1,2,2,2,45,7,49,1,2,-1,6,E01024230,0,-1
2023401330615,2023,401330615,2,3,0,18,19,3,7,0,0,8,0,0,0,0,1,1,6,6,1,17,4,125,1,3,-1,8,E01017376,0,-1
2023552301421,2023,552301421,1,3,0,9,9,5,3,0,0,5,0,0,0,0,1,1,6,6,1,16,4,49,1,2,-1,7,E01020437,0,-1
2023471279581,2023,471279581,2,3,0,18,19,3,7,0,0,1,0,0,0,0,1,1,2,2,1,17,4,125,1,4,-1,8,E01031397,0,-1
202360A129567,2023,60A129567,2,2,0,18,19,5,1,0,0,1,0,0,0,0,1,1,6,6,2,16,4,50,1,2,-1,-1,-1,0,-1
202360A030939,2023,60A030939,2,3,0,13,13,8,4,0,0,1,0,0,0,0,1,1,6,6,1,-1,-1,125,1,3,-1,-1,-1,0,-1
2023010470901,2023,010470901,1,9,0,99,99,9,9,99,99,9,9,99,9,99,9,9,6,6,2,84,11,5935,1,10,-1,4,E01004737,0,-1
2023411440785,2023,411440785,2,9,0,18,19,5,1,0,0,0,0,0,0,0,3,1,6,6,1,51,8,5935,1,10,-1,7,E01023495,0,-1
2023131325912,2023,131325912,1,9,0,16,19,7,3,0,0,0,0,0,0,0,1,1,6,6,1,34,6,5204,1,10,-1,1,E01010736,0,-1
2023991302517,2023,991302517,1,9,0,18,19,1,5,0,0,0,1,0,1,4,2,1,6,6,1,39,7,5204,1,5,-1,4,-1,0,-1
2023451324929,2023,451324929,1,9,0,17,19,5,1,0,0,8,1,0,0,0,2,1,2,2,1,27,6,5204,1,6,-1,8,E01030591,0,-1
2023311373690,2023,311373690,1,9,0,13,13,2,6,0,0,0,1,0,0,0,1,1,6,6,1,33,6,5204,1,0,-1,1,E01013942,0,-1
2023501303026,2023,501303026,1,9,0,13,13,2,5,0,0,0,0,0,0,0,4,1,6,6,1,48,8,5204,1,17,-1,7,E01020064,0,-1
2023061289240,2023,061289240,1,9,0,18,19,5,1,0,0,4,0,0,0,0,3,1,2,2,1,52,8,3993,1,6,-1,8,E01004891,0,-1
2023501350211,2023,501350211,1,9,0,18,19,4,4,0,0,1,0,0,1,0,1,1,5,6,1,53,8,3993,1,6,-1,5,E01020325,0,-1
2023221368946,2023,221368946,1,9,0,16,19,6,2,0,0,0,2,0,7,3,1,1,6,6,1,59,9,3993,1,6,-1,6,E01014082,0,-1
2023010466532,2023,010466532,1,9,0,9,9,6,3,0,0,8,0,0,0,0,3,1,2,2,1,32,6,3993,1,7,-1,4,E01002307,0,-1
2023548798123,2023,548798123,2,9,0,4,4,7,2,0,0,0,0,0,0,0,2,1,6,6,1,43,7,3993,1,7,-1,4,E01030824,0,-1
2023010433976,2023,010433976,2,9,0,99,99,9,9,99,99,9,9,99,9,99,1,9,6,6,3,-1,-1,3993,1,11,-1,-1,-1,0,-1
2023061267609,2023,061267609,2,9,0,17,19,1,5,0,0,1,1,10,3,0,3,1,6,6,1,-1,-1,3993,1,7,-1,-1,-1,0,-1
2023010450090,2023,010450090,1,11,0,99,99,9,9,99,99,9,9,99,9,99,9,9,6,6,1,65,9,9200,2,14,-1,5,E01017899,0,-1
2023991342841,2023,991342841,1,3,0,18,19,1,5,0,0,0,0,0,1,0,1,1,5,6,1,59,9,124,1,0,-1,3,E01012653,0,-1
2023031345071,2023,031345071,1,3,0,18,19,2,6,0,0,0,0,0,0,0,1,1,6,6,2,36,7,124,1,2,-1,-1,-1,0,-1
2023501349390,2023,501349390,1,3,0,17,19,1,5,0,0,1,1,0,0,0,3,1,5,6,1,58,9,124,1,0,-1,4,E01020036,0,-1
2023440220330,2023,440220330,1,3,0,18,19,3,7,0,0,0,0,0,0,0,1,1,6,6,1,20,4,124,1,1,-1,6,E01017298,0,-1
2023520301376,2023,520301376,2,3,0,18,19,3,7,0,0,0,0,0,0,0,1,1,6,6,1,28,6,125,1,5,-1,3,E01029235,0,-1
2023010425335,2023,010425335,2,3,0,18,19,7,3,0,0,1,0,0,0,0,4,1,6,6,1,34,6,125,1,3,-1,5,E01003028,0,-1
2023052300845,2023,052300845,2,4,0,18,19,1,5,0,0,1,0,0,0,0,1,1,6,6,1,41,7,125,1,3,-1,7,E01025506,0,-1
2023221321857,2023,221321857,2,5,0,4,4,4,8,0,0,0,1,0,0,0,1,1,5,6,1,41,7,1890,1,1,-1,9,W01000399,0,-1
2023070368741,2023,070368741,2,5,0,15,15,7,3,0,0,1,0,0,1,0,3,1,1,1,1,51,8,1890,1,2,-1,2,E01018645,0,-1
2023501300760,2023,501300760,1,5,0,18,19,7,4,0,0,1,1,0,0,0,1,1,6,6,1,64,9,1890,1,2,-1,-1,-1,0,-1
2023141362508,2023,141362508,1,3,0,18,19,5,1,0,0,0,0,0,0,0,1,1,2,2,1,21,5,125,1,8,-1,1,E01007634,0,-1
2023061264409,2023,061264409,2,9,-1,-1,-1,-1,-1,-1,-1,-1,-1,-1,-1,0,-1,1,6,6,1,47,8,1396,1,6,KIA VENGA,1,E01005321,0,-1
2023010483306,2023,010483306,2,9,0,99,99,9,9,99,99,9,9,99,9,99,9,9,6,6,3,-1,-1,1591,1,7,KIA VENGA,-1,-1,0,-1
2023201397134,2023,201397134,1,9,0,18,19,5,1,0,0,0,0,0,0,0,1,1,6,6,1,71,10,1591,1,10,KIA VENGA,2,E01031063,0,-1
2023340WN4682,2023,340WN4682,1,9,0,18,19,5,1,0,0,4,0,0,0,0,1,1,6,6,2,70,10,1591,1,4,KIA VENGA,7,E01016545,0,-1
2023071254952,2023,071254952,2,9,0,18,19,1,5,0,0,0,1,0,0,0,2,1,6,6,1,69,10,1396,2,12,KIA VENGA,7,E01012527,0,-1
2023461283840,2023,461283840,1,9,0,9,9,1,7,0,0,1,0,0,0,0,3,1,3,7,2,42,7,1591,1,12,KIA VENGA,4,E01024132,0,-1
2023430514150,2023,430514150,1,9,0,5,5,7,3,0,0,4,0,0,0,0,1,1,6,6,1,62,9,1591,1,4,KIA VENGA,-1,-1,0,-1
2023501316625,2023,501316625,3,9,0,3,3,8,4,0,0,0,0,0,0,0,0,1,6,6,2,73,10,1591,1,4,KIA VENGA,8,E01019944,0,-1
2023522300397,2023,522300397,2,9,0,18,19,3,7,0,0,6,0,0,0,0,1,1,6,6,2,54,8,1396,2,9,KIA VENGA,7,E01014949,0,-1
2023501272070,2023,501272070,1,9,0,9,9,-1,-1,0,0,6,0,0,0,0,3,1,6,6,2,80,11,1591,1,9,KIA VENGA,-1,-1,0,-1
2023471376668,2023,471376668,2,9,0,18,19,4,8,0,0,0,0,0,0,0,3,1,2,2,2,53,8,1591,1,8,KIA VENGA,4,E01021060,0,-1
2023371374859,2023,371374859,2,9,0,17,19,8,6,0,0,2,0,0,0,0,4,1,5,6,2,70,10,1591,1,6,KIA VENGA,6,E01030044,0,-1
2023201289436,2023,201289436,1,9,0,3,3,4,8,0,0,0,0,0,0,0,2,1,6,6,2,35,6,1582,2,10,KIA VENGA,1,E01010148,0,-1
2023131263372,2023,131263372,2,9,0,2,2,0,0,0,0,8,0,0,0,0,3,1,6,6,3,-1,-1,1396,1,13,KIA VENGA,-1,-1,0,-1
2023061318695,2023,061318695,2,9,0,18,19,5,1,0,0,0,0,0,0,0,1,1,2,2,2,59,9,1396,2,9,KIA VENGA,2,E01005981,0,-1
2023440003096,2023,440003096,2,9,0,7,7,2,4,0,0,1,0,0,0,0,1,1,6,6,1,-1,-1,1396,1,9,KIA VENGA,-1,-1,0,-1
2023320185994,2023,320185994,2,9,0,18,19,4,8,0,0,0,1,0,1,0,1,1,6,6,1,74,10,1591,1,5,KIA VENGA,7,E01026053,0,-1
2023361402191,2023,361402191,5,9,0,2,2,0,0,6,6,0,0,0,0,0,4,1,6,6,3,-1,-1,1396,2,12,KIA VENGA,-1,-1,0,-1
2023311276264,2023,311276264,1,9,0,18,19,5,1,0,0,0,5,7,0,0,1,1,5,6,2,75,10,1591,1,7,KIA VENGA,8,E01028176,0,-1
2023302300125,2023,302300125,1,9,0,4,4,2,7,0,0,1,0,0,0,0,2,1,6,6,2,65,9,1591,1,9,KIA VENGA,7,E01022214,0,-1
2023302301945,2023,302301945,2,9,0,5,5,8,4,0,0,1,0,0,0,0,1,1,6,6,1,-1,-1,1591,1,6,KIA VENGA,9,E01013543,0,-1
2023131286814,2023,131286814,1,9,0,18,19,1,5,0,0,2,0,0,0,0,1,1,5,6,1,53,8,1396,1,13,KIA VENGA,2,E01010718,0,-1
2023440165427,2023,440165427,1,9,0,3,3,8,4,0,0,1,0,0,0,0,2,1,6,6,2,29,6,1396,2,9,KIA VENGA,8,E01022652,0,-1
2023440259363,2023,440259363,2,9,0,9,9,4,2,0,0,6,0,0,0,0,3,1,6,6,1,77,11,1396,1,9,KIA VENGA,3,E01017105,0,-1
2023311369076,2023,311369076,2,9,0,5,5,5,1,0,0,8,0,0,0,0,3,1,6,6,2,67,10,1591,1,6,KIA VENGA,10,E01028328,0,-1
2023061381081,2023,061381081,1,9,0,4,4,1,5,0,0,0,0,0,0,0,1,1,6,6,2,80,11,1591,1,5,KIA VENGA,7,E01005901,0,-1
2023010423548,2023,010423548,1,9,0,99,99,9,9,99,99,9,9,99,9,99,2,9,6,6,2,45,7,1396,1,10,KIA VENGA,8,E01004179,0,-1
2023430160386,2023,430160386,1,9,0,3,3,9,9,0,0,0,0,0,0,0,2,1,6,6,1,34,6,1396,2,12,KIA VENGA,2,E01017709,0,-1
2023131362073,2023,131362073,1,9,0,15,15,1,1,0,0,1,0,0,0,0,1,1,6,6,1,65,9,1396,2,11,KIA VENGA,9,E01011874,0,-1
2023430214220,2023,430214220,1,9,0,18,19,1,5,0,0,0,0,0,0,0,4,1,6,6,2,45,7,1591,1,10,KIA VENGA,7,E01017721,0,-1
2023340WN3442,2023,340WN3442,1,9,0,9,9,2,8,0,0,8,0,0,0,0,1,1,6,6,1,35,6,1591,1,12,KIA VENGA,-1,-1,0,-1
2023461316630,2023,461316630,4,9,0,3,3,3,7,0,0,1,0,0,0,0,1,1,5,6,2,39,7,1396,2,8,KIA VENGA,2,E01024248,0,-1
2023471381103,2023,471381103,1,9,0,9,9,7,5,0,0,4,0,0,0,0,3,1,5,6,1,86,11,1591,1,5,KIA VENGA,8,E01031466,0,-1
2023471360589,2023,471360589,1,9,0,18,19,3,7,0,0,0,0,0,0,0,1,1,5,6,1,68,10,1591,1,7,KIA VENGA,5,E01021089,0,-1
2023411352875,2023,411352875,2,9,0,2,2,0,0,6,6,1,0,0,0,0,2,1,6,6,2,46,8,1591,1,11,KIA VENGA,4,E01023538,0,-1
2023010436526,2023,010436526,1,9,0,9,9,2,8,0,0,6,0,0,1,10,1,1,6,6,1,88,11,1591,1,5,KIA VENGA,8,E01004073,0,-1
2023041335903,2023,041335903,1,9,0,10,10,1,5,0,0,8,0,0,0,0,1,2,6,6,2,42,7,1591,1,6,KIA VENGA,4,E01012634,0,-1
2023010479528,2023,010479528,2,9,0,99,99,9,9,99,99,9,9,99,9,99,9,9,6,6,3,-1,-1,1591,1,6,KIA VENGA,-1,-1,0,-1
2023221389539,2023,221389539,1,9,0,18,19,8,4,0,0,0,0,0,0,0,1,1,6,6,2,31,6,1396,1,13,KIA VENGA,5,E01004521,0,-1
2023122300132,2023,122300132,1,9,0,9,9,3,1,0,0,8,0,0,0,0,1,1,3,7,2,38,7,1396,1,8,KIA VENGA,5,E01013446,0,-1
2023411269779,2023,411269779,1,9,0,18,19,1,4,0,0,3,0,9,0,0,1,1,2,2,1,57,9,1396,1,7,KIA VENGA,4,E01023781,0,-1
2023451337823,2023,451337823,1,9,0,9,9,1,3,0,0,0,0,0,0,0,0,1,5,6,2,53,8,1396,2,12,KIA VENGA,8,E01030390,0,-1
2023440069372,2023,440069372,2,9,0,18,19,7,2,0,0,8,0,0,0,0,1,1,6,6,1,-1,-1,1396,2,8,KIA VENGA,-1,-1,0,-1
2023991384091,2023,991384091,1,9,0,18,19,3,7,0,0,0,5,0,1,11,1,1,6,6,2,63,9,1396,1,7,KIA VENGA,4,-1,0,-1
2023351367679,2023,351367679,4,9,0,4,4,1,5,0,0,1,0,0,0,0,3,1,5,6,1,83,11,1396,1,13,KIA VENGA,10,E01018240,0,-1
2023010429655,2023,010429655,1,9,0,99,99,9,9,99,99,9,9,99,9,99,2,9,2,2,2,29,6,1591,1,6,KIA VENGA,9,E01033614,0,-1
2023070611712,2023,070611712,1,9,0,18,19,6,2,0,0,1,0,0,0,0,1,1,6,6,2,30,6,1582,2,11,KIA VENGA,9,E01018339,0,-1
2023221359774,2023,221359774,2,9,0,9,9,3,1,0,0,5,0,0,0,0,4,1,5,6,2,67,10,1591,1,4,KIA VENGA,-1,-1,0,-1
2023010421371,2023,010421371,2,9,0,18,19,5,1,0,0,4,0,0,0,0,1,1,6,6,1,83,11,1591,1,11,KIA VENGA,6,E01000329,0,-1
2023440172343,2023,440172343,2,9,0,18,19,2,6,0,0,0,0,0,0,0,4,1,6,6,1,38,7,1591,1,5,KIA VENGA,1,E01017166,0,-1
2023141384129,2023,141384129,1,9,0,18,19,5,1,0,0,0,1,0,1,4,1,1,5,6,2,67,10,1591,1,10,KIA VENGA,5,E01007501,0,-1
2023552301418,2023,552301418,2,9,0,18,19,6,2,0,0,8,0,0,0,0,1,1,6,6,2,54,8,1591,1,8,KIA VENGA,10,E01020395,0,-1
2023440039845,2023,440039845,2,9,0,3,3,3,7,0,0,0,0,0,0,0,2,1,6,6,2,65,9,1591,1,6,KIA VENGA,-1,-1,0,-1
2023451371097,2023,451371097,2,9,0,18,19,1,5,0,0,0,0,0,0,0,1,1,6,6,3,45,7,1591,1,9,KIA VENGA,-1,-1,0,-1
2023440027571,2023,440027571,2,9,0,18,19,1,5,0,0,0,0,0,5,6,4,1,6,6,1,70,10,1591,1,5,KIA VENGA,7,E01023168,0,-1
2023411411495,2023,411411495,1,9,0,18,19,5,1,0,0,1,0,0,1,0,1,1,1,1,2,53,8,1396,1,10,KIA VENGA,6,E01000250,0,-1
2023451314592,2023,451314592,1,9,0,18,19,1,5,0,0,0,0,0,0,0,1,1,5,6,1,74,10,1591,1,12,KIA VENGA,9,E01031001,0,-1
2023010443313,2023,010443313,2,9,0,99,99,9,9,99,99,9,9,99,9,99,1,9,6,6,3,-1,-1,1591,1,5,KIA VENGA,-1,-1,0,-1
2023010462289,2023,010462289,1,9,9,99,99,9,9,99,99,0,9,99,9,99,9,9,6,6,2,31,6,1591,1,8,KIA VENGA,6,E01004145,0,-1
2023131356171,2023,131356171,2,9,0,2,2,0,0,0,0,0,0,0,0,0,2,1,6,6,3,-1,-1,1396,2,12,KIA VENGA,-1,-1,0,-1
2023991353172,2023,991353172,1,9,0,18,19,1,5,0,0,0,0,0,7,11,3,1,1,1,2,59,9,1396,2,13,KIA VENGA,3,-1,0,-1
2023440486626,2023,440486626,2,9,0,4,4,8,4,0,0,2,0,0,0,0,2,1,6,6,2,65,9,1396,1,10,KIA VENGA,4,E01017203,0,-1
2023201418977,2023,201418977,2,9,0,3,3,8,4,0,0,1,0,0,0,0,2,1,6,6,1,63,9,1591,1,8,KIA VENGA,7,E01009820,0,-1
2023231316181,2023,231316181,2,9,0,17,19,2,4,0,0,1,0,0,0,0,1,1,5,6,1,57,9,1396,1,6,KIA VENGA,2,E01008883,0,-1
2023461348838,2023,461348838,2,9,0,10,10,3,7,0,0,0,0,0,0,0,2,1,6,6,1,58,9,1582,2,5,KIA VENGA,9,E01000327,0,-1
2023010442840,2023,010442840,1,9,0,7,7,6,8,0,0,3,0,0,0,0,1,1,6,6,2,27,6,1591,1,7,KIA VENGA,6,E01031743,0,-1
2023141378252,2023,141378252,1,9,0,18,19,1,1,0,0,0,0,0,0,0,1,1,6,6,2,61,9,1591,1,5,KIA VENGA,3,E01007550,0,-1
2023471376740,2023,471376740,1,9,0,9,9,7,6,0,0,6,0,0,0,0,4,1,5,6,1,78,11,1396,1,5,KIA VENGA,9,E01031384,0,-1
2023052301368,2023,052301368,1,9,0,9,9,3,7,0,0,1,0,0,0,0,1,1,6,6,2,77,11,1591,1,4,KIA VENGA,9,E01006597,0,-1
2023010455887,2023,010455887,2,9,0,14,14,7,3,0,0,0,0,0,0,0,0,1,6,6,2,25,5,1396,1,12,KIA VENGA,3,E01002407,0,-1
2023320221699,2023,320221699,2,9,0,18,19,8,4,0,0,8,0,0,0,0,1,1,6,6,2,53,8,1591,1,6,KIA VENGA,3,E01026311,0,-1
2023461341301,2023,461341301,2,9,0,18,19,6,2,0,0,1,0,0,0,0,1,1,2,2,1,27,6,1396,2,8,KIA VENGA,9,E01024834,0,-1
2023540971223,2023,540971223,1,9,0,9,9,1,7,0,0,1,0,0,0,0,1,1,6,6,2,40,7,1396,1,13,KIA VENGA,4,E01015580,0,-1
2023461353572,2023,461353572,1,9,0,5,5,3,7,0,0,6,0,0,0,0,4,1,6,6,2,76,11,1396,1,13,KIA VENGA,4,E01024111,0,-1
2023501355359,2023,501355359,2,9,0,18,19,6,2,0,0,6,0,0,0,0,1,1,6,6,2,65,9,1396,2,8,KIA VENGA,6,E01019044,0,-1
2023421288645,2023,421288645,1,9,0,18,19,4,1,0,0,1,0,0,0,0,1,1,5,6,1,85,11,1591,1,12,KIA VENGA,5,E01015985,0,-1
2023320739471,2023,320739471,1,9,0,18,19,8,4,0,0,0,0,0,0,0,1,1,6,6,2,68,10,1591,1,11,KIA VENGA,5,E01026018,0,-1
2023332301107,2023,332301107,1,9,0,7,7,8,1,0,0,6,0,0,0,0,1,1,6,6,1,26,6,1591,1,8,KIA VENGA,7,E01025807,0,-1
2023361288829,2023,361288829,1,9,0,18,19,4,8,0,0,0,0,0,1,0,1,1,5,6,1,83,11,1591,1,7,KIA VENGA,6,E01026555,0,-1
2023302300384,2023,302300384,1,9,0,18,19,2,6,0,0,0,0,0,0,0,4,1,6,6,2,42,7,1396,2,11,KIA VENGA,5,E01019402,0,-1
2023471293647,2023,471293647,1,9,0,14,14,4,8,0,0,1,0,0,0,0,3,1,6,6,2,83,11,1591,1,7,KIA VENGA,10,E01021067,0,-1
2023471329158,2023,471329158,1,9,0,18,19,5,1,0,0,1,0,0,1,1,1,1,5,6,2,86,11,1591,1,8,KIA VENGA,6,E01021105,0,-1
2023991375481,2023,991375481,3,9,0,3,3,2,6,0,0,1,0,0,0,0,1,1,2,2,1,48,8,1396,1,7,KIA VENGA,4,-1,0,-1
2023010457266,2023,010457266,1,9,0,18,19,4,8,0,0,0,0,0,0,0,4,1,2,2,2,51,8,1591,1,8,KIA VENGA,3,E01001147,0,-1
2023141374639,2023,141374639,2,9,0,9,9,2,1,0,0,8,0,0,7,11,4,1,5,6,1,53,8,1591,1,6,KIA VENGA,2,E01007815,0,-1
2023501313324,2023,501313324,1,9,0,18,19,2,6,0,0,0,0,0,0,0,1,1,6,6,1,81,11,1396,1,11,KIA VENGA,6,E01015051,0,-1
2023131413396,2023,131413396,2,9,0,4,4,3,7,0,0,0,0,0,0,0,2,1,5,6,1,77,11,1396,1,13,KIA VENGA,5,E01011666,0,-1
2023991288572,2023,991288572,1,9,0,5,5,5,8,0,0,4,0,0,0,0,3,1,5,6,2,39,7,1396,1,8,KIA VENGA,-1,-1,0,-1
2023201391694,2023,201391694,1,9,0,18,19,8,4,0,0,0,0,4,2,11,1,1,6,6,2,84,11,1396,1,7,KIA VENGA,5,E01009721,0,-1
2023991307111,2023,991307111,2,9,0,18,19,3,7,0,0,8,0,0,0,0,1,1,5,6,1,48,8,1396,2,8,KIA VENGA,1,-1,0,-1
2023991295130,2023,991295130,1,9,0,18,19,1,6,0,0,0,0,0,2,10,1,1,6,6,1,81,11,1582,2,6,KIA VENGA,8,-1,0,-1
2023010428369,2023,010428369,1,9,0,5,5,7,3,0,0,2,0,0,0,0,1,1,6,6,2,52,8,1591,1,12,KIA VENGA,2,E01003151,0,-1
2023471263559,2023,471263559,2,9,0,18,19,3,7,0,0,0,0,0,1,10,2,1,6,6,2,69,10,1591,1,7,KIA VENGA,7,E01021199,0,-1
2023501334815,2023,501334815,1,9,0,18,19,7,3,0,0,0,0,4,0,0,1,1,6,6,1,76,11,1591,1,9,KIA VENGA,5,E01020149,0,-1
2023201293614,2023,201293614,3,9,0,18,19,4,8,0,0,0,0,0,0,0,1,1,6,6,2,57,9,1582,2,11,KIA VENGA,2,E01009385,0,-1
2023631353724,2023,631353724,1,9,0,17,19,5,1,0,0,0,5,0,2,9,4,1,5,6,1,67,10,1396,2,8,KIA VENGA,3,W01001045,0,-1
2023461331035,2023,461331035,1,9,0,3,3,1,5,0,0,0,0,0,0,0,1,1,6,6,1,32,6,1396,1,9,KIA VENGA,6,E01024410,0,-1
2023430305035,2023,430305035,1,9,0,3,3,6,2,0,0,8,0,0,0,0,1,1,6,6,2,74,10,1591,1,4,KIA VENGA,7,E01017721,0,-1
2023161376485,2023,161376485,1,9,0,9,9,1,8,0,0,8,0,0,0,0,1,1,5,6,2,74,10,1591,1,7,KIA VENGA,4,E01013076,0,-1
2023411307847,2023,411307847,3,9,0,18,19,-1,-1,0,0,0,0,0,0,0,2,1,2,2,2,57,9,1591,1,11,KIA VENGA,-1,-1,0,-1
2023061293522,2023,061293522,2,9,0,10,10,5,3,0,0,0,0,0,0,0,2,1,6,6,3,38,7,1396,2,10,KIA VENGA,5,E01032559,0,-1
2023552300343,2023,552300343,2,9,0,18,19,8,4,0,0,8,1,0,7,9,1,1,6,6,1,80,11,1591,1,6,KIA VENGA,5,E01020454,0,-1
2023501374902,2023,501374902,2,9,0,18,19,5,1,0,0,1,0,0,0,0,2,1,5,6,2,60,9,1396,1,9,KIA VENGA,3,E01019053,0,-1
2023351377516,2023,351377516,3,9,0,18,19,7,3,0,0,0,0,11,0,0,1,1,6,6,1,59,9,1582,2,10,KIA VENGA,6,E01015679,0,-1
2023010451902,2023,010451902,1,9,0,7,7,5,8,0,0,8,0,0,0,0,1,1,2,2,2,59,9,1591,1,4,KIA VENGA,4,E01001723,0,-1
2023052300844,2023,052300844,1,9,0,9,9,1,7,0,0,1,0,0,0,0,4,1,6,6,1,88,11,1591,1,8,KIA VENGA,4,E01006982,0,-1
2023421264576,2023,421264576,1,9,0,18,19,5,1,0,0,0,1,0,1,0,1,1,5,6,1,79,11,1591,1,12,KIA VENGA,4,E01021342,0,-1
2023430167531,2023,430167531,2,9,0,18,19,2,6,0,0,1,0,0,0,0,1,1,6,6,1,30,6,1591,1,4,KIA VENGA,-1,-1,0,-1
2023501365494,2023,501365494,1,9,0,18,19,2,6,0,0,4,0,0,2,0,1,1,6,6,1,74,10,1591,1,6,KIA VENGA,5,E01019048,0,-1
2023311294962,2023,311294962,1,9,0,17,19,3,7,0,0,0,0,0,0,0,1,1,5,6,2,85,11,1582,2,10,KIA VENGA,6,E01028074,0,-1
2023332300269,2023,332300269,1,9,0,5,5,1,5,9,9,8,0,0,0,0,1,1,6,6,2,55,8,1591,1,6,KIA VENGA,5,E01025858,0,-1
2023052301184,2023,052301184,1,9,0,18,19,5,1,0,0,0,0,0,0,0,1,1,2,2,3,-1,-1,1591,1,6,KIA VENGA,-1,-1,0,-1
2023122300049,2023,122300049,1,9,0,9,9,5,1,0,0,5,0,0,0,0,3,1,6,6,1,37,7,1396,2,12,KIA VENGA,6,E01027918,0,-1
2023201292352,2023,201292352,1,9,0,9,9,1,6,0,0,8,0,0,0,0,1,1,1,1,2,43,7,1396,2,12,KIA VENGA,3,E01010495,0,-1
2023052300790,2023,052300790,1,9,0,5,5,3,1,0,0,0,0,0,0,0,3,1,6,6,1,65,9,1396,2,12,KIA VENGA,9,E01007068,0,-1
2023471364024,2023,471364024,2,9,0,18,19,4,8,0,0,2,0,0,0,0,2,1,5,6,1,81,11,1591,1,4,KIA VENGA,3,E01021178,0,-1
2023991389721,2023,991389721,2,9,0,5,5,5,8,0,0,2,0,0,0,0,2,1,5,6,2,73,10,1591,1,5,KIA VENGA,10,-1,0,-1
2023101292921,2023,101292921,1,9,0,1,1,7,3,0,0,0,0,0,0,0,2,1,1,1,1,-1,-1,1396,2,12,KIA VENGA,1,E01008331,0,-1
2023010472983,2023,010472983,2,9,0,9,9,5,2,0,0,5,0,0,0,0,1,1,2,2,1,24,5,1396,1,11,KIA VENGA,7,E01002944,0,-1
2023471268985,2023,471268985,2,9,0,9,9,1,7,0,0,6,0,0,0,0,3,1,5,6,2,80,11,1591,1,5,KIA VENGA,8,E01031535,0,-1
2023552300908,2023,552300908,2,9,0,17,19,7,4,0,0,8,0,0,7,0,3,1,6,6,2,57,9,1396,1,10,KIA VENGA,5,E01015417,0,-1
2023052301704,2023,052301704,1,9,0,18,19,5,1,0,0,0,0,0,0,0,1,1,6,6,1,72,10,1396,1,7,KIA VENGA,6,E01006818,0,-1
2023471310272,2023,471310272,2,9,0,2,2,0,0,0,0,1,0,0,0,0,3,1,6,6,3,-1,-1,1591,1,8,KIA VENGA,-1,-1,0,-1
2023061373658,2023,061373658,5,9,0,7,7,1,2,0,0,1,0,0,0,0,4,1,6,6,2,66,10,1396,1,6,KIA VENGA,4,E01005957,0,-1
2023141327250,2023,141327250,2,9,0,18,19,1,5,0,0,0,0,0,0,0,1,1,6,6,2,55,8,1591,1,7,KIA VENGA,3,E01007571,0,-1
2023501389866,2023,501389866,1,9,0,18,19,5,3,0,0,8,0,0,0,0,1,1,6,6,1,78,11,1396,2,8,KIA VENGA,3,E01015195,0,-1
2023440280060,2023,440280060,2,9,0,17,19,7,4,0,0,0,0,0,0,0,1,1,2,2,2,42,7,1396,2,13,KIA VENGA,3,E01017194,0,-1
2023070151733,2023,070151733,1,9,0,18,19,3,7,0,0,0,0,0,0,0,1,1,6,6,1,-1,-1,1591,1,8,KIA VENGA,10,E01018385,0,-1
2023010484724,2023,010484724,2,9,9,99,99,9,9,99,99,9,9,99,9,99,9,9,6,6,3,-1,-1,1591,1,12,KIA VENGA,-1,-1,0,-1
2023991360638,2023,991360638,1,9,0,4,4,3,6,0,0,0,0,0,0,0,1,1,5,6,1,76,11,1591,1,5,KIA VENGA,8,-1,0,-1
2023141290989,2023,141290989,1,9,0,18,19,2,6,0,0,0,0,0,0,0,2,1,2,2,2,59,9,1582,2,9,KIA VENGA,2,E01007522,0,-1
2023540668523,2023,540668523,1,9,0,9,9,4,1,0,0,5,0,0,0,0,1,1,1,1,2,40,7,1396,1,8,KIA VENGA,-1,-1,0,-1