collision_index,collision_year,collision_ref_no,vehicle_reference,vehicle_type,towing_and_articulation,vehicle_manoeuvre_historic,vehicle_manoeuvre,vehicle_direction_from,vehicle_direction_to,vehicle_location_restricted_lane_historic,vehicle_location_restricted_lane,junction_location,skidding_and_overturning,hit_object_in_carriageway,vehicle_leaving_carriageway,hit_object_off_carriageway,first_point_of_impact,vehicle_left_hand_drive,journey_purpose_of_driver_historic,journey_purpose_of_driver,sex_of_driver,age_of_driver,age_band_of_driver,engine_capacity_cc,propulsion_code,age_of_vehicle,generic_make_model,driver_imd_decile,lsoa_of_driver,escooter_flag,driver_distance_banding
2023991297991,2023,991297991,1,9,0,5,5,7,7,0,0,0,0,0,8,11,1,1,5,6,2,66,10,1591,1,4,KIA VENGA,1,-1,0,-1
2023991373956,2023,991373956,1,9,0,13,13,1,5,0,0,0,0,0,0,0,1,1,2,2,2,48,8,1396,1,8,KIA VENGA,4,-1,0,-1
2023131388869,2023,131388869,1,9,0,18,19,7,3,0,0,0,0,0,0,0,1,1,6,6,1,76,11,1582,2,8,KIA VENGA,2,E01007417,0,-1
2023010476443,2023,010476443,1,9,0,99,99,9,9,99,99,9,9,99,9,99,2,9,6,6,2,58,9,1591,1,4,KIA VENGA,4,E01000485,0,-1
2023061378951,2023,061378951,2,9,0,9,9,7,4,0,0,6,0,0,0,0,1,1,5,6,2,66,10,1591,1,8,KIA VENGA,6,E01005396,0,-1
2023351341910,2023,351341910,1,9,0,7,7,3,6,0,0,2,5,0,1,2,3,1,5,6,2,85,11,1396,1,7,KIA VENGA,10,E01018198,0,-1
2023041281183,2023,041281183,1,9,0,5,5,1,5,0,0,4,0,0,0,0,1,1,3,7,1,79,11,1591,1,8,KIA VENGA,7,E01012747,0,-1
2023041328197,2023,041328197,2,9,0,18,19,8,4,0,0,1,0,0,0,0,4,1,5,6,1,24,5,1396,2,10,KIA VENGA,1,E01012631,0,-1
2023010468884,2023,010468884,1,9,0,18,19,2,6,0,0,1,0,0,0,0,1,1,6,6,1,59,9,1591,1,6,KIA VENGA,10,E01000833,0,-1
2023010422197,2023,010422197,1,9,0,5,5,5,1,0,0,4,0,0,0,0,1,1,6,6,1,48,8,1396,1,13,KIA VENGA,6,E01000726,0,-1
2023421351981,2023,421351981,1,9,0,16,19,4,8,0,0,0,0,0,0,0,1,1,1,1,2,35,6,1591,1,6,KIA VENGA,3,E01002325,0,-1
2023010461165,2023,010461165,1,9,0,99,99,9,9,0,0,8,0,0,0,0,1,1,6,6,2,36,7,1396,1,8,KIA VENGA,7,E01004149,0,-1
2023101370699,2023,101370699,2,9,0,5,5,2,6,0,0,4,0,0,0,0,0,1,6,6,2,29,6,1396,2,12,KIA VENGA,2,E01008481,0,-1
2023430054183,2023,430054183,1,9,0,9,9,1,7,0,0,3,0,0,0,0,1,1,6,6,1,35,6,1591,1,11,KIA VENGA,10,E01017874,0,-1
2023010471531,2023,010471531,1,9,0,5,5,1,5,0,0,0,0,0,0,0,2,1,6,6,2,73,10,1396,1,13,KIA VENGA,7,E01000234,0,-1
2023471332847,2023,471332847,2,5,0,4,4,5,1,0,0,5,1,0,0,0,4,1,5,6,1,42,7,799,1,4,KTM 790 DUKE,3,E01021044,0,-1
2023371312797,2023,371312797,1,5,0,17,19,1,5,0,0,0,0,0,7,4,1,1,6,6,1,47,8,799,1,3,KTM 790 DUKE,6,E01030006,0,-1
2023471361743,2023,471361743,2,5,0,16,19,8,4,0,0,1,0,0,0,0,1,1,5,6,1,53,8,799,1,4,KTM 790 DUKE,9,E01031727,0,-1
2023010478792,2023,010478792,1,5,0,99,99,9,9,99,99,0,9,99,9,99,9,1,2,2,1,39,7,799,1,5,KTM 790 DUKE,10,E01023846,0,-1
2023122300491,2023,122300491,2,5,0,16,19,7,3,0,0,1,0,0,0,0,1,1,6,6,1,59,9,799,1,3,KTM 790 DUKE,9,E01027792,0,-1
2023501321455,2023,501321455,2,5,0,18,19,1,5,0,0,1,0,0,0,0,1,1,5,6,1,26,6,799,1,0,KTM 790 DUKE,6,E01020312,0,-1
2023440209354,2023,440209354,1,5,0,18,19,1,5,0,0,0,1,0,0,0,0,1,6,6,1,23,5,799,1,5,KTM 790 DUKE,10,E01022751,0,-1
2023211295114,2023,211295114,1,5,0,13,13,2,5,0,0,0,5,0,8,0,1,1,5,6,1,64,9,799,1,3,KTM 790 DUKE,6,E01010035,0,-1
2023010469732,2023,010469732,2,5,0,13,13,5,1,0,0,1,5,0,0,0,1,1,6,6,1,57,9,799,1,5,KTM 790 DUKE,4,E01001187,0,-1
2023332300529,2023,332300529,1,5,0,18,19,4,8,0,0,0,0,0,7,11,4,1,6,6,1,32,6,799,1,5,KTM 790 DUKE,8,E01029432,0,-1
2023461384211,2023,461384211,2,5,0,15,15,5,1,0,0,0,0,0,0,0,4,1,2,2,1,66,10,799,1,5,KTM 790 DUKE,6,E01032798,0,-1
2023461328689,2023,461328689,2,5,0,18,19,7,3,0,0,8,0,0,0,0,1,1,6,6,1,21,5,799,1,3,KTM 790 DUKE,5,E01024156,0,-1
2023070041463,2023,070041463,2,4,0,18,19,3,7,0,0,8,0,0,7,0,4,1,6,6,1,36,7,799,1,5,-1,5,E01018648,0,-1
2023010468735,2023,010468735,2,5,0,18,19,5,1,0,0,8,0,0,0,0,1,1,6,6,1,44,7,799,1,4,KTM 790 DUKE,10,E01000666,0,-1
2023070486882,2023,070486882,1,5,0,13,13,5,1,0,0,0,0,0,0,0,1,1,6,6,1,51,8,799,1,5,KTM 790 DUKE,7,E01005847,0,-1
2023340WN7362,2023,340WN7362,2,9,0,18,19,3,7,0,0,8,0,0,0,0,1,1,6,6,2,35,6,4293,1,19,-1,10,E01027258,0,-1
2023451342463,2023,451342463,2,9,0,2,2,3,3,0,0,0,0,0,0,0,3,1,6,6,3,-1,-1,4293,1,20,-1,-1,-1,0,-1
2023201371387,2023,201371387,2,9,0,3,3,7,3,0,0,1,0,0,1,0,1,1,6,6,1,44,7,4293,1,22,-1,4,E01014542,0,-1
2023461268204,2023,461268204,2,3,0,18,19,3,7,0,0,0,0,0,0,0,1,1,5,6,1,59,9,125,1,4,-1,6,E01024276,0,-1
2023332301244,2023,332301244,1,9,0,18,19,8,4,0,0,0,0,0,0,0,1,1,6,6,1,26,6,3798,1,43,-1,9,E01029469,0,-1
2023320752291,2023,320752291,1,20,0,18,19,1,5,0,0,1,0,0,0,0,1,1,6,6,1,32,6,-1,-1,-1,-1,9,E01026274,0,-1
2023141390769,2023,141390769,1,19,0,10,10,5,1,0,0,6,0,0,0,0,1,1,1,1,1,21,5,2298,2,4,RENAULT MASTER,5,E01007331,0,-1
2023311317904,2023,311317904,1,19,0,18,19,7,3,0,0,3,0,0,0,0,4,1,1,1,1,58,9,-1,-1,-1,RENAULT MASTER,2,E01013856,0,-1
2023501333350,2023,501333350,1,20,0,16,19,7,3,0,0,0,1,0,0,0,4,1,1,1,1,35,6,-1,-1,-1,-1,1,E01020112,0,-1
2023141270792,2023,141270792,2,19,0,3,3,5,1,0,0,0,0,0,0,0,2,1,1,1,1,49,8,2298,2,4,RENAULT MASTER,3,E01007993,0,-1
2023221357794,2023,221357794,1,19,0,9,9,3,1,0,0,6,0,0,0,0,3,1,1,1,1,63,9,2298,2,9,RENAULT MASTER,2,E01009751,0,-1
2023451377795,2023,451377795,3,19,0,18,19,5,1,0,0,0,1,0,0,0,1,1,2,2,1,42,7,2298,2,7,RENAULT MASTER,7,E01000156,0,-1
2023421363828,2023,421363828,1,19,0,18,19,7,3,0,0,0,0,0,0,0,1,1,1,1,1,54,8,2298,2,1,RENAULT MASTER,3,E01015869,0,-1
2023552301548,2023,552301548,2,19,0,18,19,5,1,0,0,8,0,0,1,0,3,1,6,6,1,59,9,2298,2,8,RENAULT MASTER,6,E01021879,0,-1
2023991352423,2023,991352423,2,19,0,18,19,6,3,0,0,0,0,0,0,0,4,1,1,1,1,38,7,2298,2,0,RENAULT MASTER,2,-1,0,-1
2023421326691,2023,421326691,2,9,0,17,19,4,8,0,0,0,0,0,0,0,1,1,3,7,2,49,8,2299,2,6,-1,2,E01021711,0,-1
2023471269776,2023,471269776,1,19,0,18,19,1,5,0,0,0,0,0,1,0,1,1,1,1,1,41,7,2298,2,1,RENAULT MASTER,5,E01020921,0,-1
2023010428780,2023,010428780,2,19,9,99,99,9,9,99,99,9,9,99,9,99,2,9,6,6,1,36,7,-1,3,0,RENAULT MASTER,10,E01003401,0,-1
2023122300618,2023,122300618,1,19,0,5,5,6,2,0,0,0,0,0,0,0,3,1,6,6,1,53,8,2299,2,10,RENAULT MASTER,2,E01008053,0,-1
2023461350396,2023,461350396,1,19,0,-1,-1,-1,-1,-1,-1,-1,-1,-1,-1,0,-1,1,6,6,3,37,7,2298,2,2,RENAULT MASTER,2,E01032799,0,-1
2023320482927,2023,320482927,1,19,0,5,5,2,6,0,0,0,0,0,0,0,3,1,1,1,1,26,6,2298,2,1,RENAULT MASTER,3,E01026270,0,-1
2023010468270,2023,010468270,1,90,0,18,19,3,7,0,0,0,0,10,0,0,1,1,1,1,1,28,6,2298,2,1,-1,2,E01003922,0,-1
2023010464172,2023,010464172,2,20,9,2,2,0,0,0,0,0,0,0,0,0,9,1,6,6,3,-1,-1,-1,-1,-1,-1,-1,-1,0,-1
2023031375806,2023,031375806,1,19,0,18,19,6,2,0,0,1,0,0,0,0,1,1,1,1,1,41,7,2298,2,1,RENAULT MASTER,-1,-1,0,-1
2023010429748,2023,010429748,1,10,0,18,19,7,3,0,0,0,0,0,0,0,1,1,1,1,1,64,9,2298,2,7,-1,5,E01002119,0,-1
2023631358215,2023,631358215,3,19,0,2,2,0,0,0,0,0,0,0,0,0,2,1,6,6,3,-1,-1,2298,2,8,RENAULT MASTER,-1,-1,0,-1
2023471329015,2023,471329015,1,10,0,18,19,2,6,0,0,0,0,0,0,0,1,1,1,1,1,45,7,2299,2,6,-1,5,E01021000,0,-1
2023542022723,2023,542022723,4,19,0,18,19,1,5,0,0,0,0,0,0,0,3,1,6,6,1,63,9,2298,2,4,RENAULT MASTER,2,E01031983,0,-1
2023010480653,2023,010480653,1,19,0,9,9,5,2,0,0,1,0,0,0,0,1,1,6,6,1,55,8,2298,2,5,RENAULT MASTER,-1,-1,0,-1
2023010458831,2023,010458831,1,90,9,99,99,9,9,99,99,9,9,99,9,99,9,9,6,6,3,-1,-1,2298,2,1,-1,-1,-1,0,-1
2023201370813,2023,201370813,1,19,0,3,3,1,5,0,0,1,0,0,0,0,1,1,2,2,1,70,10,2298,2,8,RENAULT MASTER,5,E01010378,0,-1
2023991394354,2023,991394354,1,19,0,18,19,1,5,0,0,1,0,0,0,0,1,2,6,6,1,40,7,2298,2,0,RENAULT MASTER,8,-1,0,-1
2023421329071,2023,421329071,1,19,0,18,19,3,7,0,0,0,0,0,0,0,1,1,1,1,1,24,5,2298,2,2,RENAULT MASTER,8,E01015823,0,-1
2023302300057,2023,302300057,3,19,0,3,3,4,8,0,0,1,0,0,0,0,1,1,6,6,1,36,7,2299,2,11,RENAULT MASTER,5,E01019827,0,-1
202354B322623,2023,54B322623,2,19,0,2,2,0,0,0,0,0,0,0,0,0,1,1,6,6,1,49,8,2298,2,8,RENAULT MASTER,9,E01032041,0,-1
2023351278410,2023,351278410,2,19,0,4,4,4,8,0,0,0,0,0,0,0,2,1,1,1,1,48,8,2298,2,2,RENAULT MASTER,1,E01013877,0,-1
2023451381142,2023,451381142,1,19,0,18,19,6,8,0,0,0,0,0,0,0,1,1,6,6,1,67,10,2464,2,14,RENAULT MASTER,-1,-1,0,-1
2023401282291,2023,401282291,2,19,0,9,9,5,1,0,0,1,0,0,0,0,1,1,1,1,1,48,8,2298,2,2,RENAULT MASTER,4,E01015792,0,-1
2023010443239,2023,010443239,1,19,0,18,19,1,5,0,0,0,0,0,0,0,2,1,1,1,1,31,6,2298,2,7,RENAULT MASTER,2,E01003237,0,-1
2023141363625,2023,141363625,1,19,0,7,7,1,3,0,0,2,0,0,0,0,1,1,5,6,1,57,9,2298,2,4,RENAULT MASTER,1,E01007416,0,-1
2023461279919,2023,461279919,1,19,0,3,3,5,8,0,0,0,0,0,0,0,1,1,6,6,2,24,5,2298,2,4,RENAULT MASTER,4,E01000731,0,-1
2023991348781,2023,991348781,1,20,0,4,4,1,5,0,0,0,0,0,0,0,1,1,1,1,1,34,6,2298,2,0,-1,6,-1,0,-1
2023501343436,2023,501343436,1,19,0,5,5,3,1,9,9,8,0,11,0,0,2,1,6,6,3,-1,-1,2298,2,7,RENAULT MASTER,-1,-1,0,-1
2023221378998,2023,221378998,1,19,0,18,19,5,1,0,0,2,0,0,0,0,1,1,1,1,1,19,4,2298,2,2,RENAULT MASTER,2,E01011128,0,-1
2023302300099,2023,302300099,2,19,0,3,3,4,8,0,0,8,0,0,0,0,1,1,1,1,1,36,7,2298,2,2,RENAULT MASTER,2,E01005553,0,-1
2023461374229,2023,461374229,1,19,0,18,19,8,4,0,0,0,0,0,1,5,1,1,2,2,1,38,7,2298,2,5,RENAULT MASTER,6,E01024830,0,-1
2023010468382,2023,010468382,3,20,0,14,14,5,1,0,0,2,0,0,0,0,1,1,1,1,1,32,6,-1,-1,-1,-1,1,E01004721,0,-1
2023010439212,2023,010439212,2,90,0,3,3,1,5,0,0,1,0,0,0,0,2,1,1,1,1,60,9,2298,2,1,-1,4,E01000401,0,-1
2023011347831,2023,011347831,2,19,0,18,19,8,4,0,0,8,0,0,0,0,4,1,2,2,1,34,6,2463,2,17,RENAULT MASTER,10,E01024423,0,-1
2023052302349,2023,052302349,1,19,0,18,19,7,3,0,0,8,5,0,0,0,4,1,1,1,1,79,11,2298,2,4,RENAULT MASTER,4,E01018672,0,-1
2023401313430,2023,401313430,1,19,0,18,19,4,1,0,0,0,0,0,0,0,0,1,6,6,1,42,7,2463,2,19,RENAULT MASTER,4,E01019844,0,-1
2023552300906,2023,552300906,2,19,4,2,2,0,0,0,0,0,0,0,0,0,2,1,6,6,3,-1,-1,2298,2,12,RENAULT MASTER,-1,-1,0,-1
2023131344584,2023,131344584,2,19,0,18,19,3,3,0,0,0,0,0,0,0,3,1,1,1,1,43,7,2298,2,0,RENAULT MASTER,6,E01010915,0,-1
2023991349463,2023,991349463,1,19,0,18,19,2,6,0,0,0,0,0,0,0,1,1,1,1,1,43,7,2298,2,5,RENAULT MASTER,8,-1,0,-1
2023161389417,2023,161389417,5,19,0,2,2,0,0,0,0,0,0,0,0,0,2,1,6,6,3,-1,-1,2464,2,13,RENAULT MASTER,-1,-1,0,-1
2023010465830,2023,010465830,2,10,0,7,7,1,3,0,0,0,0,0,0,0,3,1,6,6,1,56,9,2298,2,8,-1,-1,-1,0,-1
2023461361505,2023,461361505,2,19,0,16,19,7,3,0,0,0,0,0,0,0,1,1,6,6,1,22,5,2298,2,4,RENAULT MASTER,10,E01022505,0,-1
2023361342503,2023,361342503,1,19,0,9,9,6,7,0,0,1,0,0,0,0,3,1,5,6,1,79,11,2298,2,13,RENAULT MASTER,1,E01026641,0,-1
2023131258857,2023,131258857,1,19,0,18,19,7,3,0,0,0,0,0,7,5,1,1,5,6,1,35,6,2298,2,11,RENAULT MASTER,5,E01011391,0,-1
2023440093092,2023,440093092,2,19,0,18,19,4,8,0,0,1,0,0,0,0,1,1,1,1,3,-1,-1,2298,2,12,RENAULT MASTER,-1,-1,0,-1
2023122300647,2023,122300647,1,19,0,18,19,7,3,0,0,1,0,0,0,0,1,1,1,1,1,21,5,2298,2,6,RENAULT MASTER,2,E01008813,0,-1
2023010460206,2023,010460206,2,19,0,18,19,1,5,0,0,1,0,0,0,0,1,1,1,1,1,51,8,2298,2,5,RENAULT MASTER,4,E01001396,0,-1
2023201316281,2023,201316281,1,19,0,18,19,8,4,0,0,1,0,0,0,0,1,1,6,6,1,-1,-1,2299,2,10,RENAULT MASTER,-1,-1,0,-1
2023131319592,2023,131319592,2,19,0,18,19,7,3,0,0,0,0,0,0,0,1,1,6,6,1,26,6,2298,2,8,RENAULT MASTER,4,E01007559,0,-1
2023141315171,2023,141315171,2,19,0,18,19,2,6,0,0,0,0,0,0,0,1,1,1,1,1,40,7,2298,2,3,RENAULT MASTER,1,E01005933,0,-1
2023141333790,2023,141333790,3,19,0,18,19,4,8,0,0,0,0,0,0,0,1,1,5,6,1,33,6,2298,2,6,RENAULT MASTER,7,E01007814,0,-1
2023991289624,2023,991289624,1,19,0,16,19,7,3,9,9,2,0,0,7,0,1,1,1,1,1,48,8,2298,2,8,RENAULT MASTER,3,-1,0,-1
2023010455577,2023,010455577,1,90,0,18,19,1,5,9,9,8,0,10,1,2,1,1,1,1,2,37,7,2299,2,2,-1,1,E01021302,0,-1
2023351267281,2023,351267281,4,19,0,2,2,0,0,0,0,0,0,0,0,0,0,1,1,1,3,-1,-1,2298,2,2,RENAULT MASTER,-1,-1,0,-1
2023332300819,2023,332300819,1,19,0,18,19,2,6,0,0,0,0,0,0,0,2,1,6,6,1,48,8,2298,2,1,RENAULT MASTER,8,E01029486,0,-1
2023991268426,2023,991268426,3,19,0,18,19,6,8,0,0,1,0,0,0,0,2,1,1,1,1,60,9,2298,2,2,RENAULT MASTER,8,-1,0,-1
2023471381385,2023,471381385,3,19,0,10,10,3,1,0,0,2,0,0,0,0,3,1,1,1,1,50,8,2298,2,9,RENAULT MASTER,7,E01031398,0,-1
2023010435605,2023,010435605,1,19,9,1,1,1,5,99,99,9,9,99,9,99,9,9,1,1,1,-1,-1,2298,2,6,RENAULT MASTER,3,E01002102,0,-1
2023052301060,2023,052301060,1,19,0,7,7,5,7,0,0,1,0,0,0,0,4,1,6,6,1,-1,-1,2298,2,0,RENAULT MASTER,-1,-1,0,-1
2023010459008,2023,010459008,4,19,0,2,2,0,0,0,0,0,0,4,0,0,2,1,6,6,3,-1,-1,2298,2,8,RENAULT MASTER,-1,-1,0,-1
2023010482288,2023,010482288,1,19,0,18,19,1,5,0,0,0,0,0,0,0,1,1,1,1,1,22,5,2298,2,5,RENAULT MASTER,5,E01000036,0,-1
2023211309517,2023,211309517,3,19,0,18,19,1,5,0,0,0,0,0,0,0,0,1,6,6,1,32,6,2298,2,3,RENAULT MASTER,3,E01028127,0,-1
2023302300947,2023,302300947,2,19,0,4,4,3,7,0,0,0,0,0,0,0,1,1,2,2,1,32,6,2298,2,3,RENAULT MASTER,3,E01028127,0,-1
2023552300237,2023,552300237,2,19,0,18,19,6,2,0,0,0,0,0,0,0,3,1,1,1,1,34,6,2464,2,12,RENAULT MASTER,5,E01015427,0,-1
2023010458156,2023,010458156,1,19,0,9,9,7,5,0,0,6,0,0,0,0,1,1,1,1,1,26,6,2298,2,3,RENAULT MASTER,7,E01000562,0,-1
2023010423925,2023,010423925,1,19,0,9,9,3,1,0,0,8,0,0,0,0,0,1,1,1,1,46,8,2298,2,4,RENAULT MASTER,2,E01003248,0,-1
2023401377506,2023,401377506,1,19,0,9,9,8,6,0,0,6,0,0,0,0,3,1,2,2,1,54,8,2298,2,8,RENAULT MASTER,7,E01017446,0,-1
2023041364855,2023,041364855,1,19,0,5,5,1,5,0,0,0,0,0,0,0,1,1,1,1,1,57,9,2298,2,9,RENAULT MASTER,10,E01007189,0,-1
2023340WN3582,2023,340WN3582,1,19,0,18,19,6,2,0,0,1,1,0,0,0,1,1,1,1,1,21,5,2298,2,5,RENAULT MASTER,2,E01008892,0,-1
2023991279273,2023,991279273,2,19,0,17,19,2,6,0,0,0,0,0,7,0,3,1,1,1,1,26,6,2298,2,7,RENAULT MASTER,3,-1,0,-1
2023522400748,2023,522400748,2,19,0,18,19,4,7,0,0,4,0,0,0,0,2,1,6,6,1,57,9,2298,2,1,RENAULT MASTER,6,E01014939,0,-1
2023351392986,2023,351392986,1,19,0,18,19,3,7,0,0,0,0,0,0,0,1,1,6,6,3,-1,-1,2464,2,16,RENAULT MASTER,-1,-1,0,-1
2023430052133,2023,430052133,2,19,0,1,1,8,4,0,0,0,0,0,0,0,2,1,6,6,1,-1,-1,2298,2,7,RENAULT MASTER,-1,-1,0,-1
2023010468044,2023,010468044,1,19,0,3,3,7,3,0,0,0,0,0,0,0,2,1,2,2,1,38,7,2298,2,8,RENAULT MASTER,2,E01001693,0,-1
2023070149091,2023,070149091,2,19,0,18,19,7,3,0,0,1,0,0,0,0,4,1,6,6,2,37,7,2298,2,13,RENAULT MASTER,8,E01018661,0,-1
2023101377007,2023,101377007,2,19,0,4,4,1,5,0,0,8,0,0,0,0,2,1,1,1,1,24,5,2298,2,0,RENAULT MASTER,6,E01020617,0,-1
2023010480282,2023,010480282,1,19,0,18,19,1,5,0,0,0,0,0,0,0,1,1,1,1,1,26,6,2298,2,1,RENAULT MASTER,2,E01001438,0,-1
2023501369809,2023,501369809,1,19,0,18,19,3,7,0,0,0,0,0,0,0,1,1,5,6,1,31,6,2298,2,9,RENAULT MASTER,5,E01020319,0,-1
2023141288795,2023,141288795,2,19,0,1,1,2,6,6,6,0,0,0,0,0,2,1,6,6,3,-1,-1,2299,2,10,RENAULT MASTER,-1,-1,0,-1
2023430489346,2023,430489346,1,19,0,9,9,8,6,0,0,8,0,0,0,0,1,1,1,1,1,56,9,2298,2,11,RENAULT MASTER,10,E01032983,0,-1
2023201380595,2023,201380595,1,19,0,9,9,5,3,0,0,8,0,0,0,0,1,1,1,1,1,43,7,2464,2,16,RENAULT MASTER,2,E01010239,0,-1
2023351300538,2023,351300538,2,19,0,4,4,2,6,0,0,1,0,0,0,0,2,1,1,1,1,32,6,2298,2,1,RENAULT MASTER,4,E01023774,0,-1
2023501386916,2023,501386916,2,19,0,3,3,1,1,0,0,2,0,0,0,0,2,1,2,2,1,21,5,2298,2,2,RENAULT MASTER,2,E01015234,0,-1
2023010432278,2023,010432278,2,19,0,4,4,7,3,0,0,0,0,0,0,0,1,1,1,1,1,27,6,2298,2,6,RENAULT MASTER,1,E01000521,0,-1
2023361283355,2023,361283355,1,19,0,18,19,3,5,0,0,0,0,0,0,0,1,1,6,6,1,47,8,2463,2,20,RENAULT MASTER,5,E01026905,0,-1
2023522301850,2023,522301850,2,19,9,18,19,7,3,0,0,0,0,0,0,0,1,1,6,6,3,-1,-1,2298,2,2,RENAULT MASTER,-1,-1,0,-1
2023471334701,2023,471334701,1,19,0,1,1,5,1,0,0,2,0,0,0,0,2,1,6,6,1,33,6,2298,2,0,RENAULT MASTER,1,E01015773,0,-1
2023440205533,2023,440205533,1,10,0,18,19,7,3,0,0,1,0,0,0,0,1,1,1,1,2,56,9,2299,2,9,-1,2,E01022934,0,-1
2023421338940,2023,421338940,2,19,0,18,19,2,6,0,0,0,0,0,1,0,2,1,1,1,1,51,8,2298,2,4,RENAULT MASTER,4,E01030251,0,-1
2023440329325,2023,440329325,1,19,0,1,1,4,8,0,0,0,0,0,0,0,2,1,1,1,1,28,6,2298,2,0,RENAULT MASTER,8,E01016610,0,-1
2023531326988,2023,531326988,2,19,0,5,5,1,1,0,0,0,0,0,0,0,1,1,1,1,1,26,6,2298,2,10,RENAULT MASTER,7,E01028437,0,-1
2023471318179,2023,471318179,1,19,0,18,19,1,5,0,0,0,0,0,0,0,1,1,1,1,1,26,6,2298,2,1,RENAULT MASTER,6,E01031656,0,-1
2023041374955,2023,041374955,1,19,0,18,19,3,7,0,0,1,0,0,0,0,4,1,1,1,1,35,6,2464,2,16,RENAULT MASTER,6,E01025587,0,-1
2023010437866,2023,010437866,2,10,0,3,3,3,7,0,0,1,0,0,0,0,2,1,1,1,2,38,7,-1,-1,-1,-1,1,E01001429,0,-1
2023221289296,2023,221289296,2,19,0,18,19,6,2,0,0,1,0,0,0,0,1,1,1,1,1,53,8,2298,2,8,RENAULT MASTER,5,E01032426,0,-1
2023501371797,2023,501371797,1,19,0,18,19,5,1,0,0,4,0,0,0,0,1,1,2,2,1,29,6,2298,2,7,RENAULT MASTER,6,E01019035,0,-1
2023552300711,2023,552300711,1,19,0,5,5,4,8,0,0,1,0,0,0,0,1,1,1,1,1,26,6,2298,2,3,RENAULT MASTER,9,E01023053,0,-1
2023010467742,2023,010467742,2,19,0,99,99,9,9,99,99,9,9,99,9,99,1,9,6,6,3,-1,-1,2298,2,6,RENAULT MASTER,5,E01023630,0,-1
2023122301265,2023,122301265,1,19,0,18,19,5,1,0,0,4,0,0,0,0,1,1,1,1,1,54,8,2298,2,4,RENAULT MASTER,5,E01011158,0,-1
2023411369660,2023,411369660,1,20,0,1,1,3,6,0,0,1,0,0,0,0,1,1,6,6,1,67,10,-1,-1,-1,-1,5,E01023791,0,-1
2023361380539,2023,361380539,1,19,0,1,1,5,5,0,0,0,0,0,0,0,2,1,1,1,1,30,6,2298,2,2,RENAULT MASTER,4,E01026731,0,-1
2023010476681,2023,010476681,1,19,0,7,7,7,1,0,0,6,0,0,0,0,0,1,1,1,1,28,6,2298,2,0,RENAULT MASTER,3,E01001874,0,-1
2023131355585,2023,131355585,1,19,0,18,19,1,5,0,0,0,0,0,0,0,1,1,1,1,1,31,6,2298,2,6,RENAULT MASTER,7,E01011604,0,-1
2023041270464,2023,041270464,1,19,0,18,19,3,7,0,0,1,0,0,0,0,1,1,1,1,1,58,9,2463,2,20,RENAULT MASTER,3,E01005554,0,-1
2023440498851,2023,440498851,2,90,0,18,19,1,5,0,0,2,0,0,0,0,1,1,1,1,1,30,6,2953,2,18,-1,5,E01023010,0,-1
2023440271260,2023,440271260,2,10,0,18,19,6,2,0,0,0,0,0,0,0,2,1,1,1,1,64,9,-1,-1,-1,-1,7,E01032663,0,-1
2023531383771,2023,531383771,1,19,0,18,19,3,7,0,0,8,0,0,0,0,1,1,1,1,1,37,7,2298,2,0,RENAULT MASTER,2,E01022292,0,-1
2023340NN0802,2023,340NN0802,2,19,0,18,19,2,4,0,0,1,0,0,0,0,1,1,2,2,1,52,8,2464,2,16,RENAULT MASTER,9,E01027275,0,-1
2023010437797,2023,010437797,2,19,0,4,4,3,7,0,0,0,0,0,0,0,2,1,1,1,1,42,7,2298,2,6,RENAULT MASTER,7,E01021628,0,-1
2023351352567,2023,351352567,1,19,0,18,19,1,6,0,0,2,0,0,0,0,1,1,6,6,1,34,6,2299,2,10,RENAULT MASTER,1,E01015611,0,-1
2023221315876,2023,221315876,1,19,0,18,19,7,3,0,0,8,0,0,0,0,1,1,1,1,1,65,9,2298,2,1,RENAULT MASTER,8,W01000453,0,-1
2023221383980,2023,221383980,1,19,0,18,19,1,5,0,0,8,0,0,0,0,1,1,1,1,1,24,5,2298,2,6,RENAULT MASTER,4,E01014019,0,-1
2023440322885,2023,440322885,2,19,0,18,19,2,6,0,0,2,0,0,0,0,1,1,6,6,1,36,7,2463,2,19,RENAULT MASTER,1,E01017237,0,-1
2023061277122,2023,061277122,3,19,0,18,19,5,1,0,0,0,0,0,0,0,2,1,1,1,1,59,9,2298,2,8,RENAULT MASTER,1,E01006334,0,-1
2023010481876,2023,010481876,2,19,0,99,99,9,9,99,99,0,9,99,9,99,9,9,6,6,3,-1,-1,2298,2,5,RENAULT MASTER,-1,-1,0,-1