collision_index,collision_year,collision_ref_no,vehicle_reference,vehicle_type,towing_and_articulation,vehicle_manoeuvre_historic,vehicle_manoeuvre,vehicle_direction_from,vehicle_direction_to,vehicle_location_restricted_lane_historic,vehicle_location_restricted_lane,junction_location,skidding_and_overturning,hit_object_in_carriageway,vehicle_leaving_carriageway,hit_object_off_carriageway,first_point_of_impact,vehicle_left_hand_drive,journey_purpose_of_driver_historic,journey_purpose_of_driver,sex_of_driver,age_of_driver,age_band_of_driver,engine_capacity_cc,propulsion_code,age_of_vehicle,generic_make_model,driver_imd_decile,lsoa_of_driver,escooter_flag,driver_distance_banding
2023010436219,2023,010436219,1,8,9,99,99,9,9,99,99,9,9,99,9,99,9,9,1,1,1,35,6,-1,3,2,TESLA MODEL 3,3,E01002620,0,-1
2023440424934,2023,440424934,1,9,0,4,4,2,6,0,0,0,0,0,0,0,2,1,6,6,1,70,10,-1,3,1,TESLA MODEL 3,10,E01022773,0,-1
2023010463425,2023,010463425,2,9,0,18,19,1,5,0,0,1,0,0,0,0,2,1,1,1,1,23,5,-1,3,2,TESLA MODEL 3,-1,-1,0,-1
2023302300959,2023,302300959,1,9,0,18,19,2,6,9,9,0,0,0,1,0,1,1,6,6,1,27,6,-1,3,2,TESLA MODEL 3,9,E01019621,0,-1
2023010467915,2023,010467915,1,9,0,18,19,7,3,0,0,0,0,0,0,0,4,1,1,1,1,51,8,-1,3,0,TESLA MODEL 3,3,E01004270,0,-1
2023131325166,2023,131325166,1,9,0,18,19,5,1,0,0,8,0,0,0,0,1,1,5,6,1,34,6,-1,3,3,TESLA MODEL 3,8,E01011243,0,-1
2023351371780,2023,351371780,2,9,0,3,3,7,3,0,0,0,0,0,0,0,2,1,6,6,2,42,7,-1,3,2,TESLA MODEL 3,10,E01033114,0,-1
2023010463267,2023,010463267,1,9,0,17,19,1,7,0,0,1,0,0,0,0,1,1,6,6,1,35,6,-1,3,1,TESLA MODEL 3,3,E01003391,0,-1
2023471319158,2023,471319158,1,9,0,4,4,8,4,0,0,0,2,0,1,0,2,1,5,6,1,30,6,-1,3,1,TESLA MODEL 3,7,E01021164,0,-1
2023401365906,2023,401365906,1,9,0,8,8,4,8,0,0,1,0,0,0,0,3,1,5,6,2,58,9,-1,3,2,TESLA MODEL 3,10,E01023690,0,-1
2023411306684,2023,411306684,3,9,0,3,3,3,7,0,0,2,0,0,0,0,4,1,6,6,1,34,6,-1,3,0,TESLA MODEL 3,10,E01023949,0,-1
2023522301477,2023,522301477,3,9,0,18,19,2,6,0,0,0,0,0,0,0,2,1,6,6,1,47,8,-1,3,2,TESLA MODEL 3,10,E01014822,0,-1
2023631381563,2023,631381563,2,9,0,18,19,7,3,0,0,8,0,0,0,0,2,1,5,6,1,26,6,-1,3,1,TESLA MODEL 3,2,E01017276,0,-1
2023010443094,2023,010443094,2,9,0,99,99,9,9,99,99,9,9,99,9,99,2,9,6,6,3,-1,-1,-1,3,1,TESLA MODEL 3,-1,-1,0,-1
2023991378114,2023,991378114,2,9,0,18,19,6,2,0,0,8,1,0,0,0,4,1,1,1,1,46,8,-1,3,3,TESLA MODEL 3,9,-1,0,-1
2023010447386,2023,010447386,1,9,0,9,9,1,7,0,0,5,0,0,0,0,3,1,6,6,2,57,9,-1,3,4,TESLA MODEL 3,7,E01001915,0,-1
2023010451520,2023,010451520,1,9,0,2,2,0,0,0,0,8,0,0,0,0,3,1,6,6,3,-1,-1,-1,3,2,TESLA MODEL 3,-1,-1,0,-1
2023010470896,2023,010470896,1,9,0,5,5,0,6,0,0,1,0,0,0,0,2,1,6,6,1,43,7,-1,3,2,TESLA MODEL 3,5,E01004601,0,-1
2023010440331,2023,010440331,2,8,0,18,19,3,7,0,0,1,0,0,0,0,1,1,6,6,1,37,7,-1,3,1,TESLA MODEL 3,10,E01004105,0,-1
2023461309244,2023,461309244,2,9,0,18,19,5,1,0,0,0,0,0,0,0,2,1,6,6,1,47,8,-1,3,2,TESLA MODEL 3,10,E01000684,0,-1
2023010476104,2023,010476104,1,9,9,99,99,9,9,0,0,9,9,99,9,99,9,9,6,6,3,59,9,-1,3,2,TESLA MODEL 3,8,E01023528,0,-1
2023430504069,2023,430504069,2,9,0,3,3,4,8,0,0,2,0,0,0,0,2,1,2,2,2,43,7,-1,3,3,TESLA MODEL 3,7,E01017889,0,-1
2023010469694,2023,010469694,2,9,0,18,19,3,7,0,0,0,0,0,0,0,4,1,1,1,1,53,8,-1,3,2,TESLA MODEL 3,2,E01001710,0,-1
2023520301603,2023,520301603,2,9,0,18,19,5,1,0,0,0,0,0,0,0,3,1,6,6,1,59,9,-1,3,4,TESLA MODEL 3,-1,-1,0,-1
2023010475341,2023,010475341,1,9,0,99,99,9,9,99,99,9,9,99,9,99,2,9,6,6,1,59,9,-1,3,1,TESLA MODEL 3,3,E01002133,0,-1
2023131330331,2023,131330331,1,9,0,18,19,7,3,0,0,8,0,0,0,0,1,1,1,1,1,55,8,-1,3,1,TESLA MODEL 3,5,E01010982,0,-1
2023010453682,2023,010453682,2,9,0,99,99,9,9,99,99,9,9,99,9,99,9,9,6,6,3,-1,-1,-1,3,1,TESLA MODEL 3,-1,-1,0,-1
2023010463797,2023,010463797,1,9,0,18,19,3,7,0,0,0,0,0,0,0,1,1,6,6,1,27,6,-1,3,2,TESLA MODEL 3,2,E01016153,0,-1
2023991343464,2023,991343464,2,9,0,18,19,7,3,0,0,0,0,0,0,0,2,1,5,6,2,40,7,-1,3,3,TESLA MODEL 3,5,-1,0,-1
2023061285981,2023,061285981,2,9,0,3,3,8,3,0,0,6,0,0,0,0,3,1,5,6,1,40,7,-1,3,1,TESLA MODEL 3,5,E01005759,0,-1
2023071203563,2023,071203563,2,9,0,17,19,6,2,0,0,0,1,0,0,0,1,1,6,6,1,41,7,-1,3,4,TESLA MODEL 3,9,E01018545,0,-1
2023010459634,2023,010459634,1,9,0,18,19,3,7,0,0,1,0,0,0,0,1,1,6,6,1,39,7,-1,3,0,TESLA MODEL 3,-1,-1,0,-1
2023141387480,2023,141387480,3,9,0,4,4,1,5,0,0,0,0,0,0,0,2,1,6,6,2,43,7,-1,3,3,TESLA MODEL 3,9,E01011641,0,-1
2023010441322,2023,010441322,5,9,0,2,2,0,0,0,0,1,0,0,0,0,0,1,6,6,3,-1,-1,-1,3,1,TESLA MODEL 3,-1,-1,0,-1
2023540656123,2023,540656123,2,9,0,4,4,4,8,0,0,0,0,0,0,0,2,1,6,6,1,36,7,-1,3,4,TESLA MODEL 3,8,E01015514,0,-1
2023010466168,2023,010466168,2,9,9,18,19,1,5,99,99,0,9,0,0,0,9,9,6,6,3,-1,-1,-1,3,3,TESLA MODEL 3,-1,-1,0,-1
2023471307173,2023,471307173,1,9,0,18,19,4,8,0,0,0,0,0,0,0,2,1,5,6,1,50,8,-1,3,4,TESLA MODEL 3,5,E01001881,0,-1
2023471346524,2023,471346524,3,9,0,18,19,1,5,0,0,8,0,0,0,0,3,1,6,6,1,47,8,-1,3,2,TESLA MODEL 3,8,E01030869,0,-1
2023031368124,2023,031368124,1,9,0,13,13,2,7,0,0,0,1,0,1,11,1,1,5,6,1,45,7,-1,3,2,TESLA MODEL 3,-1,-1,0,-1
2023010453752,2023,010453752,1,9,0,99,99,9,9,99,99,9,9,99,9,99,1,9,6,6,3,-1,-1,-1,3,1,TESLA MODEL 3,-1,-1,0,-1
2023010425554,2023,010425554,1,9,0,18,19,1,5,0,0,2,0,0,1,1,3,1,6,6,1,41,7,-1,3,2,TESLA MODEL 3,9,E01004100,0,-1
2023070721964,2023,070721964,3,9,0,3,3,5,1,0,0,0,0,0,0,0,2,1,6,6,1,43,7,-1,3,3,TESLA MODEL 3,9,E01018599,0,-1
2023401380362,2023,401380362,2,9,0,2,2,0,0,0,0,0,0,0,0,0,2,1,6,6,3,-1,-1,-1,3,2,TESLA MODEL 3,-1,-1,0,-1
2023010442748,2023,010442748,3,9,0,3,3,1,5,0,0,5,0,0,0,0,2,1,6,6,2,43,7,-1,3,3,TESLA MODEL 3,8,E01000210,0,-1
2023070690461,2023,070690461,1,9,0,9,9,5,3,0,0,4,0,9,3,2,1,1,6,6,1,30,6,-1,3,1,TESLA MODEL 3,6,E01012465,0,-1
2023010442145,2023,010442145,2,9,0,18,19,5,1,0,0,1,0,0,0,0,1,1,6,6,2,69,10,-1,3,4,TESLA MODEL 3,8,E01032837,0,-1
2023461351988,2023,461351988,2,9,0,3,3,7,3,0,0,0,0,0,0,0,2,1,2,2,2,48,8,-1,3,3,TESLA MODEL 3,5,E01016151,0,-1
2023122300827,2023,122300827,1,9,0,9,9,1,3,0,0,8,0,0,0,0,1,1,1,1,1,35,6,-1,3,3,TESLA MODEL 3,4,E01011717,0,-1
2023481399094,2023,481399094,1,8,0,2,2,0,0,0,0,2,0,0,0,0,4,1,1,1,1,40,7,-1,3,0,TESLA MODEL 3,-1,-1,0,-1
2023041374762,2023,041374762,2,9,0,18,19,3,7,0,0,0,0,0,0,0,2,1,1,1,1,57,9,-1,3,0,TESLA MODEL 3,9,E01005573,0,-1
2023440409370,2023,440409370,1,9,0,18,19,7,3,0,0,0,0,0,0,0,1,1,6,6,1,51,8,-1,3,2,TESLA MODEL 3,9,E01022689,0,-1
2023010457761,2023,010457761,1,9,0,1,1,5,1,0,0,8,0,0,0,0,2,1,6,6,1,30,6,-1,3,2,TESLA MODEL 3,1,E01004702,0,-1
2023351279146,2023,351279146,1,9,0,5,5,1,6,0,0,6,0,0,0,0,1,1,6,6,2,45,7,-1,3,2,TESLA MODEL 3,10,E01018253,0,-1
2023421305964,2023,421305964,1,9,0,5,5,3,7,0,0,4,0,0,0,0,3,1,2,2,1,60,9,-1,3,2,TESLA MODEL 3,-1,-1,0,-1
2023421389974,2023,421389974,2,9,0,18,19,1,5,0,0,0,0,0,0,0,2,1,6,6,1,37,7,-1,3,2,TESLA MODEL 3,8,E01022059,0,-1
2023211387467,2023,211387467,3,9,0,18,19,7,3,0,0,1,0,0,0,0,1,1,6,6,1,58,9,-1,3,1,TESLA MODEL 3,6,E01018373,0,-1
2023302301111,2023,302301111,1,9,0,18,19,1,5,0,0,0,0,0,0,0,1,1,6,6,1,25,5,-1,3,3,TESLA MODEL 3,7,E01019713,0,-1
2023010445503,2023,010445503,1,9,0,14,14,7,3,0,0,0,0,0,0,0,3,1,6,6,1,40,7,-1,3,2,TESLA MODEL 3,10,E01030989,0,-1
2023547531423,2023,547531423,1,9,0,9,9,3,1,9,9,5,0,0,0,0,4,1,6,6,1,50,8,-1,3,3,TESLA MODEL 3,8,E01031910,0,-1
2023440178672,2023,440178672,9,9,0,18,19,1,5,0,0,0,0,0,0,0,2,1,6,6,1,53,8,-1,3,1,TESLA MODEL 3,10,E01022772,0,-1
2023461277408,2023,461277408,2,9,0,9,9,7,1,0,0,0,0,0,0,0,1,1,5,6,1,47,8,-1,3,2,TESLA MODEL 3,-1,-1,0,-1
2023451320680,2023,451320680,1,9,0,10,10,7,3,0,0,0,0,0,0,0,2,1,5,6,1,39,7,-1,3,2,TESLA MODEL 3,7,E01030613,0,-1
2023471318997,2023,471318997,1,9,0,18,19,3,7,0,0,1,0,0,0,0,1,1,6,6,2,40,7,-1,3,3,TESLA MODEL 3,10,E01031738,0,-1
2023201405360,2023,201405360,1,9,0,18,19,8,4,0,0,4,0,0,0,0,1,1,6,6,2,27,6,-1,3,2,TESLA MODEL 3,2,E01009986,0,-1
2023010451365,2023,010451365,2,9,0,99,99,9,9,99,99,9,9,99,9,99,9,9,6,6,3,66,10,-1,3,1,TESLA MODEL 3,4,E01002346,0,-1
2023122301401,2023,122301401,2,9,0,13,13,1,5,0,0,0,0,0,0,0,3,1,2,2,1,51,8,-1,3,1,TESLA MODEL 3,7,E01012985,0,-1
2023211438045,2023,211438045,2,9,0,4,4,2,6,0,0,0,0,0,0,0,2,1,6,6,1,45,7,-1,3,2,TESLA MODEL 3,-1,-1,0,-1
2023141290725,2023,141290725,1,9,0,5,5,4,8,0,0,6,0,0,0,0,1,1,2,2,1,46,8,-1,3,2,TESLA MODEL 3,-1,-1,0,-1
2023010481620,2023,010481620,2,9,0,15,15,7,3,0,0,0,0,0,0,0,1,1,6,6,1,52,8,-1,3,1,TESLA MODEL 3,9,E01028439,0,-1
2023451375484,2023,451375484,1,9,0,18,19,2,6,0,0,0,0,0,0,0,1,1,1,1,1,57,9,-1,3,2,TESLA MODEL 3,5,E01002590,0,-1
2023131304070,2023,131304070,2,9,0,18,19,1,5,0,0,1,0,0,0,0,2,1,5,6,2,26,6,-1,3,3,TESLA MODEL 3,4,E01011319,0,-1
2023411364288,2023,411364288,2,9,0,18,19,1,5,0,0,0,1,0,4,6,2,1,6,6,1,47,8,-1,3,2,TESLA MODEL 3,3,E01015724,0,-1
2023991292196,2023,991292196,2,9,5,4,4,7,3,0,0,0,0,0,0,0,2,1,6,6,2,33,6,-1,3,2,TESLA MODEL 3,-1,-1,0,-1
2023522301506,2023,522301506,1,9,0,18,19,7,3,0,0,0,0,0,0,0,1,1,6,6,1,60,9,-1,3,3,TESLA MODEL 3,7,E01022224,0,-1
2023010479703,2023,010479703,1,9,0,3,3,7,3,0,0,0,0,0,0,0,2,1,1,1,1,37,7,-1,3,1,TESLA MODEL 3,3,E01000495,0,-1
2023440233741,2023,440233741,2,9,0,4,4,3,7,0,0,0,0,0,0,0,2,1,2,2,2,42,7,-1,3,2,TESLA MODEL 3,7,E01023159,0,-1
2023010466345,2023,010466345,2,9,0,2,2,0,0,0,0,4,0,0,0,0,3,1,6,6,3,-1,-1,-1,3,3,TESLA MODEL 3,-1,-1,0,-1
2023531377012,2023,531377012,2,9,0,18,19,5,1,0,0,1,0,0,0,0,1,1,2,2,2,47,8,-1,3,2,TESLA MODEL 3,9,E01022125,0,-1
2023010437636,2023,010437636,2,9,0,4,4,1,5,0,0,0,0,0,0,0,2,1,1,1,1,36,7,-1,3,1,TESLA MODEL 3,4,E01000503,0,-1
2023440431022,2023,440431022,2,9,0,18,19,1,5,0,0,0,0,0,0,0,2,1,6,6,2,31,6,-1,3,2,TESLA MODEL 3,7,E01023257,0,-1
2023481387649,2023,481387649,2,9,0,18,19,3,7,0,0,8,0,0,0,0,1,1,2,2,1,43,7,-1,3,4,TESLA MODEL 3,-1,-1,0,-1
2023010442414,2023,010442414,1,9,0,18,19,1,5,0,0,8,0,0,0,0,1,1,6,6,1,72,10,-1,3,3,TESLA MODEL 3,8,E01002513,0,-1
2023430136126,2023,430136126,2,9,0,7,7,6,2,0,0,8,0,0,0,0,3,1,2,2,2,50,8,-1,3,4,TESLA MODEL 3,5,E01028605,0,-1
2023522400814,2023,522400814,2,9,0,18,19,7,3,0,0,8,0,0,0,0,4,1,6,6,2,45,7,-1,3,2,TESLA MODEL 3,8,E01033338,0,-1
2023010439581,2023,010439581,2,9,9,99,99,9,9,99,99,0,9,99,9,99,9,9,6,6,3,-1,-1,-1,3,4,TESLA MODEL 3,9,E01017432,0,-1
2023451265242,2023,451265242,1,9,0,7,7,3,7,0,0,5,1,0,7,0,1,1,1,1,2,42,7,-1,3,3,TESLA MODEL 3,9,E01030326,0,-1
2023010485940,2023,010485940,1,8,0,99,99,9,9,99,99,9,9,99,9,99,2,9,6,6,3,-1,-1,-1,3,3,TESLA MODEL 3,6,E01004493,0,-1
2023991311451,2023,991311451,1,9,0,18,19,7,3,0,0,2,0,0,0,0,1,1,5,6,1,54,8,-1,3,1,TESLA MODEL 3,7,-1,0,-1
2023401270946,2023,401270946,2,9,0,18,19,4,8,0,0,8,0,0,0,0,2,1,5,6,1,35,6,-1,3,2,TESLA MODEL 3,10,E01027205,0,-1
2023010463772,2023,010463772,1,8,0,99,99,9,9,99,99,9,9,99,9,99,2,9,6,6,1,47,8,-1,3,1,TESLA MODEL 3,5,E01015019,0,-1
2023471265072,2023,471265072,2,9,0,18,19,3,7,0,0,0,0,0,1,9,1,1,6,6,1,59,9,-1,3,2,TESLA MODEL 3,8,E01021143,0,-1
2023430417794,2023,430417794,1,9,0,18,19,8,4,0,0,0,0,0,0,0,3,1,6,6,2,48,8,-1,3,4,TESLA MODEL 3,10,W01001732,0,-1
2023010449431,2023,010449431,2,9,0,99,99,9,9,99,99,0,9,99,9,99,1,9,6,6,1,-1,-1,-1,3,4,TESLA MODEL 3,3,E01033583,0,-1
2023361307365,2023,361307365,3,9,0,4,4,1,5,0,0,0,0,0,0,0,1,1,6,6,3,-1,-1,-1,3,3,TESLA MODEL 3,-1,-1,0,-1
2023340WN5222,2023,340WN5222,2,9,0,9,9,2,8,0,0,8,0,0,0,0,2,1,6,6,1,35,6,-1,3,3,TESLA MODEL 3,7,E01026137,0,-1
2023010460635,2023,010460635,1,9,0,18,19,5,1,0,0,1,0,0,0,0,3,1,2,2,1,44,7,-1,3,3,TESLA MODEL 3,-1,-1,0,-1
2023061302722,2023,061302722,2,9,0,10,10,-1,-1,0,0,-1,0,-1,0,0,2,1,3,7,1,30,6,-1,3,4,TESLA MODEL 3,6,E01004962,0,-1
2023010480693,2023,010480693,1,9,0,18,19,3,7,0,0,0,0,0,0,0,4,1,2,2,2,49,8,-1,3,2,TESLA MODEL 3,8,E01004293,0,-1
2023471288263,2023,471288263,2,9,0,18,19,2,6,0,0,1,1,0,7,0,1,1,5,6,1,32,6,-1,3,3,TESLA MODEL 3,6,E01012953,0,-1
2023552300430,2023,552300430,1,9,0,9,9,2,7,0,0,6,0,0,0,0,3,1,6,6,1,47,8,-1,3,4,TESLA MODEL 3,6,E01020533,0,-1
2023010479489,2023,010479489,1,8,0,7,7,7,1,0,0,8,0,0,0,0,4,1,1,1,1,53,8,-1,3,0,TESLA MODEL 3,1,E01000521,0,-1
2023010449607,2023,010449607,2,9,0,2,2,0,0,0,0,0,0,4,0,0,2,1,6,6,3,-1,-1,-1,3,1,TESLA MODEL 3,-1,-1,0,-1
2023201413571,2023,201413571,2,9,0,18,19,8,4,0,0,8,0,0,0,0,1,1,2,2,1,59,9,-1,3,1,TESLA MODEL 3,7,E01010551,0,-1
2023010476023,2023,010476023,2,9,0,9,9,1,6,0,0,5,0,0,0,0,2,1,6,6,1,53,8,-1,3,3,TESLA MODEL 3,8,E01003426,0,-1
2023411278790,2023,411278790,2,9,0,3,3,5,1,0,0,0,0,0,0,0,4,1,5,6,1,31,6,-1,3,1,TESLA MODEL 3,3,E01033265,0,-1
2023010471347,2023,010471347,1,8,5,2,2,0,0,0,0,1,0,0,0,0,3,1,6,6,3,-1,-1,-1,3,2,TESLA MODEL 3,-1,-1,0,-1
2023010437368,2023,010437368,2,9,0,99,99,9,9,99,99,9,9,99,9,99,1,9,6,6,3,37,7,-1,3,1,TESLA MODEL 3,4,E01001329,0,-1
2023010453925,2023,010453925,1,9,0,99,99,9,9,99,99,0,9,99,9,99,2,9,6,6,1,36,7,-1,3,3,TESLA MODEL 3,1,E01004428,0,-1
2023010441354,2023,010441354,1,9,0,7,7,4,5,0,0,8,0,0,0,0,3,1,6,6,1,60,9,-1,3,2,TESLA MODEL 3,5,E01004178,0,-1
2023451390315,2023,451390315,1,9,0,9,9,7,5,0,0,6,0,0,0,0,4,1,5,6,2,60,9,-1,3,0,TESLA MODEL 3,10,E01030396,0,-1
2023320545315,2023,320545315,1,9,0,4,4,2,6,0,0,0,0,0,0,0,2,1,6,6,1,50,8,-1,3,3,TESLA MODEL 3,9,E01008159,0,-1
2023440317908,2023,440317908,1,9,0,18,19,8,4,0,0,4,0,0,0,0,1,1,6,6,2,-1,-1,-1,3,4,TESLA MODEL 3,8,E01017226,0,-1
2023010442075,2023,010442075,1,9,0,18,19,7,3,0,0,1,0,0,0,0,4,1,6,6,1,33,6,-1,3,3,TESLA MODEL 3,4,E01002681,0,-1
2023010423697,2023,010423697,2,9,0,99,99,9,9,99,99,9,9,99,9,99,1,9,6,6,3,52,8,-1,3,2,TESLA MODEL 3,4,E01001939,0,-1
2023421340789,2023,421340789,3,9,0,4,4,8,4,0,0,0,0,0,0,0,2,1,6,6,1,30,6,-1,3,1,TESLA MODEL 3,6,E01017385,0,-1
2023010427578,2023,010427578,1,8,0,3,3,6,2,0,0,1,0,8,0,0,4,1,6,6,1,53,8,-1,3,2,TESLA MODEL 3,2,E01003159,0,-1
2023010465136,2023,010465136,2,9,0,99,99,9,9,99,99,9,9,99,9,99,1,9,6,6,2,46,8,-1,3,1,TESLA MODEL 3,9,E01003442,0,-1
2023440350065,2023,440350065,2,9,0,3,3,8,4,0,0,1,0,0,0,0,2,1,6,6,1,27,6,-1,3,2,TESLA MODEL 3,4,E01017160,0,-1
2023451350815,2023,451350815,1,9,0,6,6,4,8,0,0,0,0,0,0,0,2,1,5,6,1,47,8,-1,3,4,TESLA MODEL 3,8,E01030675,0,-1
2023101333426,2023,101333426,1,9,0,5,5,6,2,0,0,2,0,0,0,0,2,1,6,6,1,30,6,-1,3,0,TESLA MODEL 3,1,E01008821,0,-1
2023451353801,2023,451353801,1,9,0,9,9,8,4,0,0,6,0,0,0,0,1,1,1,1,1,29,6,-1,3,4,TESLA MODEL 3,4,E01001934,0,-1
2023010440208,2023,010440208,1,9,0,9,9,7,5,0,0,1,1,11,0,0,1,1,6,6,1,59,9,-1,3,2,TESLA MODEL 3,3,E01016445,0,-1
2023010444898,2023,010444898,1,9,0,18,19,2,6,0,0,0,0,0,0,0,2,1,1,1,2,51,8,-1,3,1,TESLA MODEL 3,8,E01002418,0,-1
2023361334192,2023,361334192,2,9,0,9,9,8,6,0,0,8,0,0,7,0,3,1,2,2,1,49,8,-1,3,3,TESLA MODEL 3,5,E01026712,0,-1
2023141375725,2023,141375725,2,9,0,4,4,2,6,0,0,8,0,0,0,0,1,1,6,6,3,-1,-1,-1,3,1,TESLA MODEL 3,-1,-1,0,-1
2023340NN4382,2023,340NN4382,2,9,0,18,19,5,1,0,0,8,0,0,0,0,2,1,6,6,1,44,7,-1,3,2,TESLA MODEL 3,9,E01027084,0,-1
2023430177756,2023,430177756,1,9,0,18,19,1,5,0,0,1,0,0,0,0,1,1,6,6,1,42,7,-1,3,2,TESLA MODEL 3,-1,-1,0,-1
2023311381921,2023,311381921,1,9,0,18,19,7,3,0,0,0,0,4,0,0,1,1,5,6,1,77,11,-1,3,3,TESLA MODEL 3,7,E01013977,0,-1
2023471334005,2023,471334005,2,9,0,4,4,7,3,0,0,0,0,0,0,0,2,1,1,1,1,57,9,-1,3,1,TESLA MODEL 3,7,E01017008,0,-1
2023991321357,2023,991321357,1,9,0,13,13,8,4,0,0,0,0,0,6,0,4,1,6,6,1,40,7,-1,3,2,TESLA MODEL 3,7,-1,0,-1
2023010464687,2023,010464687,1,9,0,6,6,1,1,0,0,1,0,0,0,0,4,1,6,6,1,38,7,-1,3,3,TESLA MODEL 3,6,E01002162,0,-1
2023010425929,2023,010425929,1,9,0,9,9,5,3,0,0,6,0,0,0,0,4,1,6,6,1,63,9,-1,3,4,TESLA MODEL 3,4,E01001241,0,-1
2023430379772,2023,430379772,1,9,0,18,19,2,6,0,0,0,0,0,0,0,1,1,6,6,1,42,7,-1,3,3,TESLA MODEL 3,8,E01017720,0,-1
2023991291689,2023,991291689,2,9,0,4,4,1,4,0,0,1,0,0,0,0,2,1,2,2,1,55,8,-1,3,3,TESLA MODEL 3,10,-1,0,-1
2023440502691,2023,440502691,1,9,0,18,19,6,2,0,0,0,1,0,0,0,4,1,2,2,2,27,6,-1,3,2,TESLA MODEL 3,8,E01017145,0,-1
2023440479991,2023,440479991,1,9,0,11,11,2,6,0,0,8,0,0,0,0,4,1,2,2,1,40,7,-1,3,0,TESLA MODEL 3,10,E01025773,0,-1
2023531381859,2023,531381859,2,9,0,18,19,5,1,0,0,0,0,0,0,0,2,1,2,2,1,63,9,-1,3,3,TESLA MODEL 3,10,E01022197,0,-1
2023010481882,2023,010481882,2,9,0,99,99,9,9,99,99,9,9,99,9,99,9,9,6,6,3,-1,-1,-1,3,1,TESLA MODEL 3,-1,-1,0,-1
2023430268421,2023,430268421,2,9,0,5,5,4,8,0,0,0,0,0,0,0,3,1,6,6,1,-1,-1,-1,3,2,TESLA MODEL 3,-1,-1,0,-1
2023122300071,2023,122300071,1,9,0,3,3,1,5,0,0,1,0,0,0,0,2,1,6,6,1,51,8,-1,3,2,TESLA MODEL 3,7,E01013346,0,-1
2023451277661,2023,451277661,1,9,0,4,4,6,2,0,0,0,0,0,0,0,2,1,5,6,2,39,7,-1,3,2,TESLA MODEL 3,10,E01030967,0,-1
2023061320359,2023,061320359,1,9,0,-1,-1,-1,-1,0,0,0,0,0,0,0,2,1,2,2,2,43,7,-1,3,3,TESLA MODEL 3,6,E01032686,0,-1
2023451378706,2023,451378706,1,9,0,9,9,6,4,0,0,8,1,0,7,10,4,1,5,6,2,43,7,-1,3,2,TESLA MODEL 3,8,E01030867,0,-1
2023141341299,2023,141341299,2,9,0,18,19,5,1,0,0,0,0,0,0,0,3,1,5,6,1,49,8,-1,3,1,TESLA MODEL 3,3,E01011048,0,-1
2023201335640,2023,201335640,1,9,0,18,19,2,6,0,0,4,0,9,3,0,1,1,5,6,1,47,8,-1,3,2,TESLA MODEL 3,2,E01009872,0,-1
2023010458799,2023,010458799,1,9,0,18,19,8,4,0,0,2,1,4,0,0,1,1,6,6,1,33,6,-1,3,3,TESLA MODEL 3,2,E01033146,0,-1
2023351374320,2023,351374320,1,9,0,4,4,8,4,0,0,0,0,0,0,0,1,1,6,6,1,36,7,-1,3,3,TESLA MODEL 3,6,E01017962,0,-1
2023161301272,2023,161301272,2,9,0,4,4,7,3,0,0,0,0,0,-1,0,2,1,3,7,1,36,7,-1,3,3,TESLA MODEL 3,5,E01013048,0,-1
2023991328005,2023,991328005,1,9,0,18,19,3,7,0,0,0,1,0,5,6,1,1,6,6,1,25,5,-1,3,4,TESLA MODEL 3,8,-1,0,-1
2023471360618,2023,471360618,2,9,0,18,19,4,8,0,0,0,0,0,0,0,3,1,5,6,1,44,7,-1,3,2,TESLA MODEL 3,10,E01030489,0,-1
2023010448732,2023,010448732,1,9,0,3,3,1,5,0,0,8,0,0,0,0,2,1,6,6,2,40,7,-1,3,1,TESLA MODEL 3,6,E01002496,0,-1
2023351271255,2023,351271255,1,9,0,18,19,4,8,0,0,0,0,0,0,0,1,1,3,7,1,48,8,-1,3,2,TESLA MODEL 3,6,E01017943,0,-1
2023340WN1472,2023,340WN1472,2,9,0,18,19,2,6,0,0,3,0,0,0,6,2,1,1,1,1,44,7,-1,3,3,TESLA MODEL 3,7,E01027204,0,-1
2023141309662,2023,141309662,1,9,0,5,5,1,7,9,9,0,0,0,1,0,1,1,6,6,1,27,6,-1,3,2,TESLA MODEL 3,4,E01007460,0,-1
2023430136126,2023,430136126,1,9,0,18,19,6,2,0,0,8,0,0,0,0,4,1,6,6,1,-1,-1,-1,3,0,TESLA MODEL 3,-1,-1,0,-1
2023010483124,2023,010483124,3,9,0,99,99,9,9,99,99,0,9,99,9,99,0,9,6,6,3,55,8,-1,3,1,TESLA MODEL 3,5,E01003790,0,-1
2023010467854,2023,010467854,1,8,0,6,6,5,5,0,0,1,0,0,0,0,4,1,1,1,1,30,6,-1,3,0,TESLA MODEL 3,1,E01001554,0,-1
2023010430434,2023,010430434,1,9,0,99,99,9,9,99,99,9,9,99,9,99,2,9,6,6,1,30,6,-1,3,2,TESLA MODEL 3,10,E01001108,0,-1
2023101267103,2023,101267103,1,19,0,18,19,5,1,0,0,0,0,0,0,0,1,1,2,2,1,27,6,2461,2,21,-1,3,E01027391,0,-1
2023991316309,2023,991316309,2,19,0,2,2,0,0,0,0,0,0,0,0,0,1,1,6,6,3,-1,-1,2461,2,22,-1,-1,-1,0,-1
2023421324992,2023,421324992,2,3,0,3,3,5,1,0,0,8,1,0,0,0,0,1,6,6,1,31,6,125,1,1,-1,8,E01015894,0,-1
2023061342950,2023,061342950,1,3,0,9,9,2,6,0,0,1,0,0,0,0,4,1,1,1,1,18,4,125,1,0,-1,8,E01004944,0,-1
2023311400549,2023,311400549,1,4,0,18,19,3,7,0,0,0,0,0,0,0,0,1,2,2,1,17,4,125,1,0,-1,3,E01019506,0,-1