collision_index,collision_year,collision_ref_no,vehicle_reference,vehicle_type,towing_and_articulation,vehicle_manoeuvre_historic,vehicle_manoeuvre,vehicle_direction_from,vehicle_direction_to,vehicle_location_restricted_lane_historic,vehicle_location_restricted_lane,junction_location,skidding_and_overturning,hit_object_in_carriageway,vehicle_leaving_carriageway,hit_object_off_carriageway,first_point_of_impact,vehicle_left_hand_drive,journey_purpose_of_driver_historic,journey_purpose_of_driver,sex_of_driver,age_of_driver,age_band_of_driver,engine_capacity_cc,propulsion_code,age_of_vehicle,generic_make_model,driver_imd_decile,lsoa_of_driver,escooter_flag,driver_distance_banding
2023320506957,2023,320506957,1,3,0,10,10,6,4,0,0,1,5,0,0,0,2,1,6,6,1,30,6,125,1,2,-1,4,E01026230,0,-1
2023351383331,2023,351383331,2,3,0,18,19,6,2,0,0,0,0,0,0,0,1,1,1,1,1,32,6,125,1,0,-1,9,E01022073,0,-1
2023440022438,2023,440022438,1,3,0,18,19,6,2,0,0,0,0,0,0,0,0,1,6,6,1,18,4,125,1,1,-1,9,E01022874,0,-1
2023522300433,2023,522300433,1,3,0,13,13,3,7,0,0,0,0,0,0,0,0,1,6,6,1,29,6,125,1,1,-1,10,E01014897,0,-1
2023320381405,2023,320381405,1,4,0,16,19,2,6,0,0,0,5,0,1,9,3,1,6,6,1,55,8,125,1,1,-1,4,E01026076,0,-1
2023461275111,2023,461275111,1,3,0,18,19,1,5,0,0,0,0,0,0,0,1,1,6,6,1,25,5,125,1,2,-1,2,E01033212,0,-1
2023552301505,2023,552301505,2,4,0,18,19,4,8,0,0,8,0,0,1,0,3,1,2,2,1,52,8,125,1,1,-1,1,E01015282,0,-1
2023520401034,2023,520401034,1,3,0,5,5,3,7,0,0,6,0,0,0,0,1,1,6,6,1,28,6,125,1,0,-1,6,E01029240,0,-1
2023010469742,2023,010469742,2,4,0,18,19,3,7,0,0,2,0,0,0,0,0,1,6,6,1,34,6,-1,-1,-1,-1,9,E01033101,0,-1
2023440298728,2023,440298728,2,4,0,18,19,6,2,0,0,2,0,0,0,0,0,1,1,1,2,48,8,-1,-1,-1,-1,10,E01022863,0,-1
2023430316372,2023,430316372,1,4,0,3,3,2,6,0,0,1,0,0,0,0,1,1,1,1,1,35,6,-1,-1,-1,-1,10,E01016546,0,-1
2023481366944,2023,481366944,2,4,0,18,19,7,3,0,0,0,0,0,0,0,1,1,2,2,1,33,6,-1,-1,-1,-1,-1,-1,0,-1
2023010452160,2023,010452160,1,3,0,99,99,9,9,99,99,9,9,99,9,99,1,1,1,1,1,38,7,125,1,4,YAMAHA YS,2,E01004129,0,-1
2023010428314,2023,010428314,2,3,0,18,19,3,7,0,0,1,0,0,0,0,0,1,6,6,1,23,5,125,1,3,YAMAHA YS,3,E01003609,0,-1
2023302300829,2023,302300829,1,3,0,16,19,6,2,0,0,1,0,0,0,0,1,1,2,2,1,30,6,125,1,3,YAMAHA YS,2,E01019547,0,-1
2023010437489,2023,010437489,1,3,0,18,19,5,1,0,0,8,0,0,0,0,1,1,6,6,1,27,6,125,1,5,YAMAHA YS,1,E01002095,0,-1
2023201348480,2023,201348480,2,4,0,18,19,6,2,0,0,8,0,0,0,0,1,1,6,6,1,28,6,125,1,4,-1,1,E01008906,0,-1
202363B004323,2023,63B004323,1,3,0,16,19,5,8,0,0,0,1,0,0,0,0,1,1,1,2,26,6,125,1,3,YAMAHA YS,5,W01000535,0,-1
2023340WN6072,2023,340WN6072,1,3,0,18,19,1,5,0,0,7,5,0,0,0,1,1,6,6,1,17,4,125,1,3,YAMAHA YS,7,E01027216,0,-1
2023061325920,2023,061325920,1,3,0,18,19,4,8,0,0,1,0,0,0,0,1,1,6,6,1,21,5,125,1,6,YAMAHA YS,2,E01005659,0,-1
2023411311354,2023,411311354,2,3,0,18,19,7,3,0,0,1,0,0,0,0,1,1,6,6,1,39,7,125,1,5,YAMAHA YS,4,E01001675,0,-1
2023401301634,2023,401301634,2,3,0,9,9,8,4,0,0,6,0,0,0,0,1,1,2,2,1,17,4,125,1,6,YAMAHA YS,6,E01017622,0,-1
2023461340922,2023,461340922,2,4,0,18,19,7,3,0,0,8,0,0,0,0,1,1,2,2,1,29,6,125,1,3,-1,3,E01024524,0,-1
2023461335679,2023,461335679,2,3,0,16,19,3,7,0,0,0,2,0,0,0,4,1,6,6,1,30,6,125,1,6,YAMAHA YS,5,E01024531,0,-1
2023131346993,2023,131346993,1,3,0,18,19,1,5,0,0,0,0,0,0,0,1,1,5,6,1,17,4,125,1,5,YAMAHA YS,7,E01008313,0,-1
2023010419727,2023,010419727,1,3,0,99,99,9,9,99,99,9,9,99,9,99,9,1,2,2,2,40,7,125,1,3,YAMAHA YS,5,E01033577,0,-1
2023211332690,2023,211332690,2,3,0,18,19,1,5,0,0,1,1,0,0,0,4,1,6,6,1,17,4,125,1,6,YAMAHA YS,-1,-1,0,-1
2023010477936,2023,010477936,1,3,0,99,99,9,9,99,99,9,9,99,9,99,1,1,1,1,1,49,8,125,1,6,YAMAHA YS,9,E01001454,0,-1
2023351390442,2023,351390442,1,4,0,18,19,5,1,0,0,1,0,0,7,0,4,1,6,6,1,17,4,125,1,4,-1,7,E01015683,0,-1
2023010420663,2023,010420663,1,3,0,18,19,3,7,0,0,1,0,0,1,0,1,1,6,6,3,-1,-1,125,1,6,YAMAHA YS,-1,-1,0,-1
2023010472583,2023,010472583,1,3,0,18,19,5,1,0,0,8,9,0,0,0,1,1,2,2,1,21,5,125,1,4,YAMAHA YS,3,E01001188,0,-1
2023010433735,2023,010433735,1,4,0,15,15,3,7,0,0,0,0,0,0,0,1,1,2,2,1,58,9,125,1,6,-1,5,E01004127,0,-1
2023451319533,2023,451319533,2,3,0,18,19,7,3,0,0,1,0,0,0,0,1,1,2,2,2,17,4,125,1,3,YAMAHA YS,8,E01030359,0,-1
2023461370416,2023,461370416,1,3,0,16,19,8,4,0,0,0,2,0,0,0,1,1,6,6,1,17,4,125,1,5,YAMAHA YS,4,E01024747,0,-1
2023061334171,2023,061334171,1,3,0,7,7,6,8,0,0,1,2,0,0,0,1,1,2,2,1,18,4,125,1,3,YAMAHA YS,-1,-1,0,-1
2023010447699,2023,010447699,2,3,0,18,19,4,8,1,1,1,0,0,0,0,1,1,6,6,1,31,6,125,1,5,YAMAHA YS,1,E01033701,0,-1
2023141289475,2023,141289475,1,3,0,18,19,1,5,0,0,0,5,0,8,0,1,1,2,2,1,17,4,125,1,6,YAMAHA YS,1,E01007597,0,-1
2023541105823,2023,541105823,2,3,0,18,19,6,2,0,0,8,1,0,0,0,0,1,6,6,1,51,8,125,1,4,YAMAHA YS,7,E01031848,0,-1
2023421279661,2023,421279661,2,3,0,18,19,7,3,0,0,0,1,0,0,0,4,1,2,2,1,45,7,125,1,5,YAMAHA YS,2,E01021851,0,-1
2023461298781,2023,461298781,2,3,-1,-1,-1,-1,-1,-1,-1,0,-1,-1,-1,0,2,1,6,6,1,18,4,125,1,4,YAMAHA YS,3,E01024166,0,-1
2023010453170,2023,010453170,2,3,0,18,19,7,3,0,0,1,0,0,0,0,1,1,6,6,1,42,7,125,1,3,YAMAHA YS,2,E01001692,0,-1
2023010447634,2023,010447634,1,3,0,99,99,9,9,99,99,9,9,99,9,99,9,1,6,6,1,45,7,125,1,3,YAMAHA YS,3,E01004020,0,-1
2023010435917,2023,010435917,2,3,0,18,19,3,7,0,0,0,1,0,0,0,1,1,2,2,1,18,4,125,1,4,YAMAHA YS,2,E01000014,0,-1
2023351272923,2023,351272923,1,3,0,18,19,4,8,0,0,0,0,0,0,0,1,1,2,2,1,35,6,125,1,5,YAMAHA YS,9,E01018012,0,-1
2023010438292,2023,010438292,2,3,0,18,19,3,7,0,0,0,0,0,0,0,1,1,2,2,2,38,7,125,1,4,YAMAHA YS,8,E01000371,0,-1
2023311317320,2023,311317320,1,4,0,4,4,1,5,0,0,0,0,0,0,0,1,1,6,6,1,23,5,125,1,6,-1,5,E01018179,0,-1
2023010485366,2023,010485366,1,3,0,99,99,9,9,99,99,9,9,99,9,99,9,1,2,2,1,32,6,125,1,4,YAMAHA YS,4,E01000621,0,-1
2023131356674,2023,131356674,1,3,0,16,19,4,8,0,0,0,0,12,0,0,1,1,2,2,1,18,4,125,1,5,YAMAHA YS,6,E01011308,0,-1
2023010449917,2023,010449917,1,3,0,99,99,9,9,99,99,9,9,99,9,99,9,1,2,2,1,17,4,125,1,5,YAMAHA YS,4,E01001285,0,-1
2023161299947,2023,161299947,2,3,0,18,19,3,7,0,0,0,2,0,0,0,1,1,6,6,1,18,4,125,1,3,YAMAHA YS,5,E01013119,0,-1
2023010432234,2023,010432234,2,3,0,18,19,7,3,0,0,8,0,0,0,0,1,1,6,6,1,26,6,125,1,4,YAMAHA YS,1,E01001558,0,-1
2023552301445,2023,552301445,2,4,0,14,14,3,7,0,0,8,0,0,0,0,1,1,2,2,2,48,8,125,1,3,-1,2,E01015304,0,-1
2023010455717,2023,010455717,2,3,0,99,99,9,9,99,99,9,9,99,9,99,9,1,6,6,3,-1,-1,125,1,4,YAMAHA YS,5,E01003946,0,-1
2023552300630,2023,552300630,1,4,0,18,19,7,3,0,0,5,1,0,0,0,4,1,2,2,2,19,4,125,1,3,-1,-1,-1,0,-1
2023010432407,2023,010432407,1,9,0,11,11,1,5,0,0,2,0,7,0,0,1,1,6,6,1,19,4,5935,1,10,-1,8,E01002859,0,-1
2023211344567,2023,211344567,2,3,-1,-1,-1,-1,-1,-1,-1,-1,-1,-1,-1,0,-1,1,6,6,1,35,6,109,1,8,-1,5,E01029374,0,-1
2023522300835,2023,522300835,1,4,0,16,19,1,3,0,0,0,1,0,0,0,1,1,6,6,1,21,5,109,1,8,-1,3,E01014502,0,-1
2023070976962,2023,070976962,2,3,0,18,19,1,3,0,0,8,0,0,0,0,4,1,6,6,1,84,11,109,1,7,-1,3,E01012497,0,-1
2023440517949,2023,440517949,2,2,0,18,19,6,2,0,0,0,0,0,0,0,3,1,2,2,1,27,6,109,1,8,-1,6,E01022677,0,-1
2023471297598,2023,471297598,1,5,0,18,19,1,5,0,0,1,0,0,0,0,4,1,5,6,1,65,9,1832,1,14,-1,2,E01021092,0,-1
2023061352147,2023,061352147,1,5,0,18,19,1,5,0,0,0,0,0,2,7,4,1,5,6,1,60,9,-1,-1,-1,-1,6,E01025444,0,-1
2023351337210,2023,351337210,2,5,0,18,19,3,7,0,0,3,5,0,0,0,1,1,5,6,1,58,9,1832,1,22,-1,4,E01026659,0,-1
2023010457685,2023,010457685,1,3,9,99,99,9,9,99,99,9,9,99,9,99,1,1,1,1,1,31,6,125,1,10,HONDA PES 125,5,E01003140,0,-1
2023010448650,2023,010448650,1,3,0,18,19,7,3,0,0,1,0,0,0,0,4,1,6,6,1,32,6,125,1,15,HONDA PES 125,6,E01003100,0,-1
2023461321040,2023,461321040,2,3,0,15,15,7,7,0,0,8,0,0,0,0,1,1,5,6,1,38,7,125,1,15,HONDA PES 125,2,E01024028,0,-1
2023010477615,2023,010477615,1,3,0,99,99,9,9,99,99,9,9,99,9,99,2,1,1,1,1,30,6,125,1,11,HONDA PES 125,4,E01000561,0,-1
2023010433707,2023,010433707,2,3,0,18,19,7,3,0,0,8,1,0,0,0,1,1,6,6,1,21,5,125,1,15,HONDA PES 125,4,E01000416,0,-1
2023471381289,2023,471381289,2,3,0,18,19,2,7,0,0,1,1,0,0,0,0,1,5,6,1,17,4,125,1,12,HONDA PES 125,6,E01021149,0,-1
2023161342087,2023,161342087,1,3,0,7,7,5,3,0,0,0,0,0,0,0,1,1,2,2,1,19,4,125,1,11,HONDA PES 125,2,E01012763,0,-1
2023010434644,2023,010434644,1,2,0,13,13,1,5,0,0,2,1,10,0,0,1,1,1,1,1,38,7,125,1,11,-1,3,E01001000,0,-1
2023010434549,2023,010434549,1,3,0,17,19,5,1,0,0,8,0,0,0,0,1,1,6,6,1,34,6,125,1,13,HONDA PES 125,3,E01004274,0,-1
2023520301141,2023,520301141,1,3,0,18,19,5,8,0,0,8,0,0,0,0,1,1,6,6,1,57,9,125,1,13,HONDA PES 125,3,E01029110,0,-1
2023010448425,2023,010448425,1,3,0,9,9,7,4,0,0,7,0,0,0,0,1,1,6,6,1,19,4,125,1,12,HONDA PES 125,3,E01016454,0,-1
2023010423029,2023,010423029,1,3,0,99,99,9,9,99,99,9,9,99,9,99,1,1,6,6,1,27,6,125,1,15,HONDA PES 125,4,E01002876,0,-1
2023010422574,2023,010422574,1,3,9,99,99,9,9,99,99,9,9,99,9,99,9,1,1,1,1,27,6,125,1,11,HONDA PES 125,2,E01003622,0,-1
2023501314796,2023,501314796,2,3,0,18,19,5,1,0,0,1,0,0,0,0,1,1,6,6,1,37,7,125,1,14,HONDA PES 125,1,E01015080,0,-1
2023010452330,2023,010452330,1,3,0,18,19,8,4,0,0,6,0,0,0,0,1,1,2,2,1,42,7,125,1,13,HONDA PES 125,5,E01023537,0,-1
2023010441755,2023,010441755,1,3,0,99,99,9,9,99,99,9,9,99,9,99,2,1,6,6,1,31,6,125,1,14,HONDA PES 125,5,E01000636,0,-1
2023010481391,2023,010481391,1,3,0,18,19,9,9,99,99,0,9,99,9,99,1,1,2,2,1,27,6,125,1,11,HONDA PES 125,3,E01004645,0,-1
2023010484454,2023,010484454,1,3,0,18,19,7,3,0,0,0,0,0,0,0,1,1,6,6,1,20,4,125,1,13,HONDA PES 125,2,E01003086,0,-1
2023010473087,2023,010473087,1,2,3,14,14,1,5,0,0,7,2,0,0,0,1,1,6,6,1,34,6,125,1,16,-1,6,E01001347,0,-1
2023451299791,2023,451299791,1,3,0,18,19,4,8,0,0,1,0,0,0,0,1,1,1,1,1,27,6,125,1,12,HONDA PES 125,5,E01030740,0,-1
2023471354582,2023,471354582,2,3,0,15,15,7,3,0,0,8,2,0,0,0,3,1,5,6,1,18,4,125,1,10,HONDA PES 125,2,E01016949,0,-1
2023010471271,2023,010471271,1,3,0,18,19,3,7,0,0,0,5,4,0,0,1,1,6,6,1,35,6,125,1,14,HONDA PES 125,1,E01001979,0,-1
2023010423489,2023,010423489,1,4,0,18,19,3,7,0,0,8,1,0,0,0,1,1,2,2,1,51,8,125,1,13,-1,3,E01003122,0,-1
2023010445353,2023,010445353,1,3,0,99,99,9,9,99,99,9,9,99,9,99,2,1,1,1,1,35,6,125,1,13,HONDA PES 125,1,E01002099,0,-1
2023320717736,2023,320717736,1,3,0,18,19,5,1,0,0,0,5,0,1,0,0,1,2,2,1,19,4,125,1,15,HONDA PES 125,1,E01026383,0,-1
2023531258747,2023,531258747,2,3,0,18,19,3,7,0,0,1,0,0,0,0,1,1,1,1,1,36,7,125,1,11,HONDA PES 125,5,E01022154,0,-1
2023010481639,2023,010481639,1,3,0,5,5,1,5,0,0,1,0,0,0,0,1,1,6,6,3,-1,-1,125,1,11,HONDA PES 125,-1,-1,0,-1
2023451319259,2023,451319259,2,3,0,13,13,3,7,0,0,0,0,0,0,0,3,1,5,6,1,18,4,125,1,14,HONDA SH,5,E01030983,0,-1
2023451308701,2023,451308701,1,3,0,18,19,5,1,0,0,0,2,12,0,0,1,1,5,6,1,22,5,125,1,14,HONDA SH,7,E01030361,0,-1
2023010439910,2023,010439910,1,3,0,13,13,5,1,0,0,1,1,0,0,0,0,1,6,6,1,38,7,125,1,14,HONDA SH,3,E01001000,0,-1
2023211306588,2023,211306588,1,3,0,3,3,4,3,0,0,0,5,0,0,0,2,1,1,1,1,26,6,125,1,18,HONDA SH,1,E01014238,0,-1
2023010434966,2023,010434966,1,3,0,99,99,9,9,99,99,0,9,99,9,99,9,1,6,6,1,61,9,125,1,15,HONDA SH,9,E01002225,0,-1
2023010473844,2023,010473844,2,3,0,18,19,5,1,0,0,1,0,0,0,0,4,1,6,6,1,27,6,125,1,15,HONDA SH,5,E01003701,0,-1
2023010472850,2023,010472850,1,3,0,99,99,9,9,99,99,9,9,99,9,99,9,1,6,6,1,27,6,125,1,15,HONDA SH,2,E01003338,0,-1
2023471301682,2023,471301682,1,3,0,18,19,8,2,0,0,8,1,0,0,0,4,1,1,1,1,31,6,125,1,15,HONDA SH,5,E01031599,0,-1
2023010449586,2023,010449586,1,3,0,99,99,9,9,99,99,9,9,99,9,99,2,1,6,6,2,34,6,125,1,17,HONDA SH,6,E01001245,0,-1
2023122400165,2023,122400165,1,3,0,4,4,3,7,0,0,1,1,0,0,0,3,1,2,2,2,35,6,125,1,19,HONDA SH,4,E01027779,0,-1
2023010437403,2023,010437403,2,3,0,18,19,5,1,0,0,1,0,0,0,0,1,1,6,6,1,19,4,125,1,14,HONDA SH,5,E01000512,0,-1
2023010421260,2023,010421260,1,3,0,18,19,4,8,0,0,1,1,10,1,11,2,1,6,6,1,20,4,125,1,16,HONDA SH,6,E01003843,0,-1
2023411360043,2023,411360043,2,3,0,18,19,5,1,0,0,8,0,0,0,0,1,1,6,6,1,19,4,125,1,18,HONDA SH,6,E01023314,0,-1
2023010429548,2023,010429548,2,3,0,13,13,1,5,0,0,1,1,0,0,0,1,1,6,6,1,40,7,125,1,14,HONDA SH,2,E01004723,0,-1
2023501381051,2023,501381051,1,4,0,18,19,7,3,0,0,5,0,0,0,0,1,1,2,2,1,60,9,279,1,14,-1,4,E01015258,0,-1
2023201371126,2023,201371126,2,2,0,16,19,4,8,0,0,8,2,0,0,0,4,1,6,6,1,22,5,125,1,16,-1,-1,-1,0,-1
2023010465803,2023,010465803,1,4,0,18,19,7,3,0,0,2,0,0,0,0,1,1,6,6,1,48,8,125,1,13,-1,4,E01000532,0,-1
2023302301523,2023,302301523,2,3,0,14,14,4,8,0,0,8,0,0,0,0,1,1,1,1,1,26,6,125,1,14,HONDA SH,1,E01013584,0,-1
2023161348078,2023,161348078,1,3,0,18,19,1,1,0,0,1,0,0,0,0,1,1,5,6,1,17,4,125,1,15,HONDA SH,-1,-1,0,-1
2023010434197,2023,010434197,1,3,0,99,99,9,9,99,99,9,9,99,9,99,9,1,6,6,1,29,6,125,1,14,HONDA SH,9,E01003381,0,-1
2023010464227,2023,010464227,1,4,0,18,19,1,5,0,0,8,5,0,0,0,1,1,6,6,1,33,6,125,1,17,-1,4,E01003645,0,-1
2023010477326,2023,010477326,1,4,0,99,99,9,9,99,99,9,9,99,9,99,9,1,6,6,1,56,9,279,1,16,-1,7,E01004505,0,-1
2023471320032,2023,471320032,2,3,0,18,19,7,3,0,0,1,0,11,0,0,1,1,1,1,1,35,6,125,1,20,HONDA SH,4,E01016857,0,-1
2023471291025,2023,471291025,2,3,0,18,19,7,3,0,0,1,0,0,0,0,4,1,2,2,1,36,7,125,1,16,HONDA SH,3,E01020991,0,-1
2023131332508,2023,131332508,1,4,0,18,19,5,1,9,9,1,5,0,0,0,0,1,6,6,1,18,4,125,1,16,-1,3,E01010867,0,-1
2023010474131,2023,010474131,1,4,0,13,13,5,1,0,0,8,0,0,0,0,1,1,6,6,1,28,6,279,1,15,-1,3,E01002803,0,-1
2023010432209,2023,010432209,1,2,9,99,99,9,9,99,99,9,9,99,9,99,9,1,6,6,1,-1,-1,125,1,15,-1,-1,-1,0,-1
2023010427539,2023,010427539,1,4,0,99,99,9,9,99,99,9,9,99,9,99,1,1,6,6,1,34,6,279,1,16,-1,2,E01000556,0,-1
2023010462304,2023,010462304,1,4,0,99,99,9,9,99,99,9,9,99,9,99,9,1,6,6,2,64,9,279,1,12,-1,9,E01003356,0,-1
2023010458766,2023,010458766,1,3,0,5,5,0,5,0,0,1,0,4,0,0,1,1,6,6,1,27,6,125,1,13,HONDA SH,2,E01001114,0,-1
2023010473079,2023,010473079,3,3,5,2,2,0,0,0,0,0,0,0,0,0,2,1,6,6,3,-1,-1,125,1,14,HONDA SH,-1,-1,0,-1
2023231347540,2023,231347540,1,3,0,18,19,1,5,0,0,1,0,0,0,0,1,1,6,6,1,17,4,125,1,17,HONDA SH,1,E01032890,0,-1
2023520400281,2023,520400281,1,3,0,9,9,3,1,0,0,8,0,0,0,0,9,1,6,6,2,30,6,125,1,16,HONDA SH,8,E01032044,0,-1
2023231317617,2023,231317617,1,3,0,17,19,3,7,0,0,0,0,0,1,10,4,1,5,6,1,16,4,125,1,16,HONDA SH,8,E01031246,0,-1
2023991272110,2023,991272110,1,90,0,7,7,1,3,0,0,1,0,0,0,0,1,1,1,1,1,44,7,420,1,3,-1,1,-1,0,-1
2023531392157,2023,531392157,1,90,0,18,19,3,7,0,0,0,0,0,0,0,0,1,5,6,1,30,6,475,1,10,-1,7,E01022206,0,-1
2023131261103,2023,131261103,2,3,0,18,19,5,1,0,0,8,0,0,0,0,1,1,6,6,1,60,9,125,1,21,-1,1,E01011471,0,-1
2023471287653,2023,471287653,1,9,0,18,19,8,4,0,0,0,0,0,0,0,3,1,5,6,1,16,4,2995,1,4,JAGUAR F-TYPE,2,E01020990,0,-1
2023332300678,2023,332300678,2,9,0,18,19,3,7,0,0,8,0,0,0,0,3,1,2,2,1,51,8,1997,1,6,JAGUAR F-TYPE,10,E01025785,0,-1
2023351270390,2023,351270390,1,9,0,16,19,5,1,0,0,0,1,0,2,4,1,1,5,6,1,27,6,5000,1,1,JAGUAR F-TYPE,6,E01015691,0,-1
2023440197177,2023,440197177,2,9,0,18,19,3,7,0,0,1,0,0,0,0,1,1,2,2,2,63,9,2995,1,9,JAGUAR F-TYPE,9,E01022492,0,-1
2023320408762,2023,320408762,1,9,0,18,19,8,4,0,0,0,0,11,0,0,4,1,6,6,1,61,9,5000,1,2,JAGUAR F-TYPE,6,E01026316,0,-1
2023311368074,2023,311368074,3,9,0,18,19,4,8,0,0,1,0,0,0,0,1,1,5,6,1,61,9,2995,1,7,JAGUAR F-TYPE,9,E01028222,0,-1
2023010465872,2023,010465872,2,9,0,99,99,9,9,99,99,9,9,99,9,99,2,9,6,6,3,-1,-1,5000,1,6,JAGUAR F-TYPE,-1,-1,0,-1
2023221269048,2023,221269048,1,9,0,18,19,4,8,0,0,0,1,0,1,7,1,1,6,6,1,33,6,2995,1,7,JAGUAR F-TYPE,5,E01009253,0,-1
2023548995623,2023,548995623,2,9,0,4,4,3,7,0,0,0,0,0,0,0,2,1,6,6,2,52,8,1997,1,5,JAGUAR F-TYPE,8,E01003861,0,-1
2023161375501,2023,161375501,1,9,0,6,6,7,3,0,0,8,0,0,0,0,1,1,6,6,1,51,8,5000,1,8,JAGUAR F-TYPE,5,E01013244,0,-1
2023010434276,2023,010434276,2,9,0,99,99,9,9,99,99,9,9,99,9,99,1,9,6,6,3,29,6,2995,1,9,JAGUAR F-TYPE,6,E01003936,0,-1
2023221291983,2023,221291983,2,9,0,9,9,3,1,0,0,6,0,0,0,0,4,1,6,6,1,65,9,2995,1,7,JAGUAR F-TYPE,5,E01014096,0,-1
2023320472381,2023,320472381,2,9,0,18,19,2,6,0,0,8,0,0,0,0,1,1,6,6,1,64,9,2995,1,6,JAGUAR F-TYPE,6,E01024556,0,-1
2023451312075,2023,451312075,2,9,0,18,19,3,7,0,0,0,1,0,1,9,1,1,6,6,3,38,7,5000,1,7,JAGUAR F-TYPE,-1,-1,0,-1
2023320053555,2023,320053555,1,9,0,18,19,4,8,0,0,8,0,0,0,0,3,1,6,6,1,35,6,5000,1,1,JAGUAR F-TYPE,8,E01028337,0,-1
2023010436487,2023,010436487,1,9,9,99,99,9,9,99,99,9,9,99,9,99,9,9,6,6,3,-1,-1,1997,1,2,JAGUAR F-TYPE,-1,-1,0,-1
2023451313583,2023,451313583,1,9,0,9,9,4,6,0,0,6,0,0,0,0,1,1,5,6,2,58,9,2995,1,5,JAGUAR F-TYPE,9,E01030309,0,-1
2023070509505,2023,070509505,2,9,0,18,19,2,6,0,0,8,0,0,0,0,1,1,6,6,2,61,9,1997,1,6,JAGUAR F-TYPE,4,E01018744,0,-1
2023461381150,2023,461381150,1,9,0,18,19,1,5,0,0,0,1,0,4,6,1,1,6,6,1,50,8,5000,1,4,JAGUAR F-TYPE,9,E01024768,0,-1
2023421324470,2023,421324470,2,9,0,18,19,2,6,0,0,0,0,0,0,0,2,1,5,6,1,37,7,1997,1,2,JAGUAR F-TYPE,8,E01029883,0,-1
2023361329702,2023,361329702,2,9,0,9,9,7,5,0,0,1,0,0,0,0,3,1,5,6,1,63,9,2995,1,4,JAGUAR F-TYPE,4,E01026426,0,-1
2023471263392,2023,471263392,1,9,0,18,19,1,5,0,0,0,1,0,2,1,4,1,5,6,1,47,8,2995,1,7,JAGUAR F-TYPE,9,E01031590,0,-1
2023430070042,2023,430070042,2,5,0,13,13,8,4,0,0,8,0,0,0,0,1,1,6,6,1,45,7,1043,1,4,-1,-1,-1,0,-1
2023991301197,2023,991301197,1,5,0,16,19,4,8,0,0,0,0,0,7,7,3,1,5,6,1,60,9,1043,1,4,-1,-1,-1,0,-1
2023010448719,2023,010448719,1,5,0,99,99,9,9,0,0,8,0,0,0,0,3,1,2,2,1,55,8,1043,1,4,-1,4,E01024387,0,-1
2023221361976,2023,221361976,2,3,0,18,19,3,7,0,0,8,0,0,0,0,1,1,6,6,2,58,9,1043,1,4,-1,7,E01028432,0,-1
2023302301405,2023,302301405,2,5,0,18,19,5,1,0,0,1,0,0,0,0,4,1,6,6,1,57,9,1043,1,4,-1,10,E01033169,0,-1
2023031346127,2023,031346127,1,5,0,13,13,4,8,0,0,1,0,0,7,0,1,1,5,6,1,36,7,1043,1,4,-1,2,E01020820,0,-1
2023351294519,2023,351294519,2,5,0,18,19,3,7,0,0,8,0,0,0,0,1,1,6,6,1,40,7,1043,1,4,-1,5,E01018047,0,-1
2023548961723,2023,548961723,2,5,0,18,19,2,6,0,0,5,1,0,0,0,3,1,2,2,1,47,8,1043,1,4,-1,7,E01032024,0,-1
2023531320156,2023,531320156,1,5,0,7,7,7,5,0,0,3,0,0,0,0,1,1,5,6,1,56,9,1043,1,4,-1,5,W01001007,0,-1
2023010426049,2023,010426049,2,4,0,18,19,5,1,0,0,8,1,0,7,0,1,1,6,6,1,19,4,373,1,5,KTM 390 DUKE,6,E01002497,0,-1
2023061376431,2023,061376431,2,2,0,-1,-1,-1,-1,0,0,0,0,0,0,0,0,1,6,6,3,61,9,373,1,7,-1,10,E01005932,0,-1
2023010469746,2023,010469746,2,4,0,18,19,2,6,0,0,0,0,0,0,0,0,1,6,6,1,21,5,373,1,0,KTM 390 DUKE,4,E01004348,0,-1
2023010460171,2023,010460171,2,4,0,18,19,6,2,0,0,8,2,0,0,0,4,1,6,6,1,20,4,373,1,7,KTM 390 DUKE,3,E01000148,0,-1
2023010449952,2023,010449952,1,4,0,18,19,5,1,0,0,0,0,4,2,11,1,1,6,6,1,29,6,373,1,5,KTM 390 DUKE,4,E01001241,0,-1
2023010484947,2023,010484947,1,4,0,18,19,5,1,0,0,3,0,0,0,0,1,1,2,2,1,43,7,373,1,0,KTM 390 DUKE,7,E01016124,0,-1
2023010457231,2023,010457231,2,4,0,13,13,5,1,0,0,1,0,0,0,0,4,1,6,6,1,47,8,373,1,8,KTM 390 DUKE,4,E01001174,0,-1
2023631318684,2023,631318684,1,4,0,18,19,6,2,0,0,0,0,0,8,10,1,1,2,2,1,41,7,373,1,8,KTM 390 DUKE,5,W01000551,0,-1