collision_index,collision_year,collision_ref_no,vehicle_reference,vehicle_type,towing_and_articulation,vehicle_manoeuvre_historic,vehicle_manoeuvre,vehicle_direction_from,vehicle_direction_to,vehicle_location_restricted_lane_historic,vehicle_location_restricted_lane,junction_location,skidding_and_overturning,hit_object_in_carriageway,vehicle_leaving_carriageway,hit_object_off_carriageway,first_point_of_impact,vehicle_left_hand_drive,journey_purpose_of_driver_historic,journey_purpose_of_driver,sex_of_driver,age_of_driver,age_band_of_driver,engine_capacity_cc,propulsion_code,age_of_vehicle,generic_make_model,driver_imd_decile,lsoa_of_driver,escooter_flag,driver_distance_banding
2023131312412,2023,131312412,1,4,0,18,19,1,5,0,0,0,1,0,1,4,1,1,6,6,1,26,6,125,1,6,KTM 390 DUKE,8,E01011536,0,-1
2023622300737,2023,622300737,1,4,0,16,19,8,4,0,0,0,0,10,0,0,1,1,6,6,1,19,4,373,1,2,KTM 390 DUKE,2,W01000801,0,-1
2023531368203,2023,531368203,1,4,0,16,19,5,1,0,0,0,0,0,0,0,1,1,6,6,1,83,11,373,1,1,KTM 390 DUKE,10,E01032364,0,-1
2023461345438,2023,461345438,1,4,0,18,19,3,7,0,0,4,0,0,0,0,1,1,2,2,1,62,9,373,1,6,KTM 390 DUKE,8,E01024385,0,-1
2023421346134,2023,421346134,1,4,0,17,19,2,3,0,0,0,0,0,1,0,1,1,5,6,1,22,5,373,1,3,KTM 390 DUKE,3,E01021300,0,-1
2023440481696,2023,440481696,2,4,0,18,19,5,1,0,0,1,0,0,0,0,1,1,6,6,1,24,5,373,1,7,KTM 390 DUKE,1,E01022967,0,-1
2023471345982,2023,471345982,2,5,0,18,19,5,2,0,0,8,0,0,0,0,4,1,6,6,1,63,9,373,1,5,-1,6,E01031606,0,-1
2023052300666,2023,052300666,1,4,0,18,19,6,8,0,0,0,0,0,0,0,1,1,6,6,1,21,5,373,1,5,KTM 390 DUKE,2,E01006536,0,-1
2023461358331,2023,461358331,1,4,0,18,19,3,7,0,0,8,5,4,0,0,1,1,6,6,1,20,4,373,1,9,KTM 390 DUKE,2,E01024049,0,-1
2023622300969,2023,622300969,2,5,0,18,19,2,6,0,0,8,0,0,0,0,1,1,6,6,1,20,4,373,1,5,-1,1,W01000991,0,-1
202360A047466,2023,60A047466,1,4,0,13,13,6,2,0,0,1,5,0,7,0,1,1,6,6,1,17,4,373,1,2,KTM 390 DUKE,-1,-1,0,-1
2023520301803,2023,520301803,1,4,0,13,13,1,5,0,0,1,0,0,0,0,1,1,6,6,1,31,6,373,1,3,KTM 390 DUKE,9,E01020316,0,-1
2023440006825,2023,440006825,1,9,0,9,9,5,3,0,0,1,0,0,0,0,3,1,6,6,2,71,10,1951,2,21,LAND ROVER FREELANDER,7,E01022979,0,-1
2023440346876,2023,440346876,2,9,0,18,19,8,4,0,0,1,0,0,0,0,4,1,6,6,1,57,9,2179,2,16,LAND ROVER FREELANDER,3,E01017225,0,-1
2023031390253,2023,031390253,2,9,0,18,19,4,8,0,0,0,0,0,0,0,1,1,6,6,2,34,6,2179,2,11,LAND ROVER FREELANDER,7,E01019279,0,-1
2023031277312,2023,031277312,1,9,0,7,7,1,3,0,0,6,0,11,0,0,1,1,5,6,2,51,8,1951,2,18,LAND ROVER FREELANDER,1,E01019139,0,-1
2023501324048,2023,501324048,1,9,0,17,19,2,6,0,0,0,0,0,0,0,1,1,6,6,2,44,7,1951,2,17,LAND ROVER FREELANDER,7,E01018899,0,-1
202354D689523,2023,54D689523,1,9,0,18,19,4,8,0,0,0,0,0,0,0,3,1,6,6,1,73,10,2179,2,10,LAND ROVER FREELANDER,10,E01021132,0,-1
2023361313783,2023,361313783,2,9,0,18,19,7,3,0,0,0,2,0,0,0,1,1,5,6,1,74,10,1951,2,18,LAND ROVER FREELANDER,5,E01026720,0,-1
2023221354752,2023,221354752,1,9,0,18,19,4,8,0,0,6,0,0,0,0,3,1,2,2,1,50,8,2179,2,9,LAND ROVER FREELANDER,9,E01029654,0,-1
2023471358001,2023,471358001,2,9,0,18,19,8,4,0,0,0,0,0,0,0,1,1,5,6,1,82,11,2179,2,15,LAND ROVER FREELANDER,7,E01031722,0,-1
2023461340922,2023,461340922,1,9,0,7,7,1,3,0,0,6,0,0,0,0,3,1,5,6,2,56,9,2179,2,10,LAND ROVER FREELANDER,6,E01024513,0,-1
2023461285995,2023,461285995,2,9,0,7,7,3,7,0,0,0,0,0,0,0,1,1,6,6,1,43,7,2179,2,17,LAND ROVER FREELANDER,4,E01023997,0,-1
2023531329518,2023,531329518,2,9,0,18,19,3,7,0,0,0,0,0,1,0,3,1,2,2,1,54,8,2179,2,9,LAND ROVER FREELANDER,7,E01022239,0,-1
2023421377923,2023,421377923,2,9,0,3,3,7,3,0,0,0,0,0,0,0,2,1,2,2,1,67,10,2179,2,14,LAND ROVER FREELANDER,8,E01015836,0,-1
2023141339175,2023,141339175,2,9,0,1,1,4,8,0,0,0,0,0,0,0,1,1,6,6,3,30,6,1951,2,18,LAND ROVER FREELANDER,1,E01007332,0,-1
2023141317646,2023,141317646,1,9,0,18,19,5,1,0,0,2,0,0,0,0,4,1,6,6,1,32,6,1951,2,17,LAND ROVER FREELANDER,1,E01007875,0,-1
2023991296795,2023,991296795,9,9,0,18,19,5,1,0,0,0,0,0,1,0,1,1,2,2,1,65,9,2179,2,9,LAND ROVER FREELANDER,9,-1,0,-1
2023122301261,2023,122301261,1,9,0,9,9,7,3,0,0,5,1,0,1,4,1,1,1,1,1,63,9,2179,2,13,LAND ROVER FREELANDER,9,E01027737,0,-1
2023501301696,2023,501301696,1,9,0,18,19,1,5,0,0,0,0,4,0,0,1,1,6,6,1,88,11,2179,2,10,LAND ROVER FREELANDER,7,E01020047,0,-1
2023552301011,2023,552301011,2,9,0,18,19,6,2,0,0,1,0,0,0,0,4,1,6,6,1,77,11,2179,2,15,LAND ROVER FREELANDER,2,E01015367,0,-1
2023451351397,2023,451351397,2,9,0,18,19,1,5,0,0,0,0,0,0,0,1,1,5,6,2,65,9,2179,2,15,LAND ROVER FREELANDER,9,E01030567,0,-1
2023052302884,2023,052302884,1,9,0,18,19,6,2,0,0,1,0,0,0,0,1,1,2,2,2,38,7,2179,2,12,LAND ROVER FREELANDER,7,E01006580,0,-1
2023320687413,2023,320687413,2,9,0,18,19,8,4,0,0,1,0,0,0,0,1,1,6,6,1,74,10,2179,2,14,LAND ROVER FREELANDER,3,E01026270,0,-1
202360A193178,2023,60A193178,1,9,0,18,19,3,7,0,0,0,2,0,7,11,1,1,2,2,1,33,6,1951,2,18,LAND ROVER FREELANDER,-1,-1,0,-1
2023101308858,2023,101308858,1,9,0,18,19,3,7,0,0,0,0,0,0,0,1,1,5,6,1,68,10,2179,2,16,LAND ROVER FREELANDER,9,E01020756,0,-1
2023131329217,2023,131329217,2,9,0,2,2,1,5,0,0,8,0,0,0,0,2,1,6,6,3,-1,-1,1951,2,19,LAND ROVER FREELANDER,-1,-1,0,-1
2023461354216,2023,461354216,3,9,0,18,19,7,3,0,0,0,0,0,0,0,1,1,6,6,2,23,5,9999,2,22,LAND ROVER FREELANDER,5,E01024531,0,-1
2023461312724,2023,461312724,1,9,0,7,7,2,5,0,0,3,0,0,7,0,1,1,6,6,2,57,9,2179,2,16,LAND ROVER FREELANDER,8,E01024744,0,-1
2023552300466,2023,552300466,1,9,0,18,19,6,2,0,0,5,0,0,0,0,1,1,1,1,2,66,10,2179,2,9,LAND ROVER FREELANDER,6,E01020508,0,-1
2023010440037,2023,010440037,2,9,0,99,99,9,9,99,99,9,9,99,9,99,9,9,6,6,3,-1,-1,1796,1,20,LAND ROVER FREELANDER,-1,-1,0,-1
2023451264670,2023,451264670,1,9,0,17,19,5,2,0,0,0,0,0,0,0,3,1,3,7,2,33,6,2179,2,14,LAND ROVER FREELANDER,8,E01030829,0,-1
2023231303916,2023,231303916,2,9,0,18,19,6,2,0,0,8,5,0,0,0,4,1,6,6,2,54,8,2179,2,11,LAND ROVER FREELANDER,6,E01032390,0,-1
2023552300533,2023,552300533,1,9,0,18,19,4,8,0,0,0,5,0,0,0,1,1,6,6,2,33,6,2179,2,10,LAND ROVER FREELANDER,10,E01015452,0,-1
2023041334127,2023,041334127,1,9,0,18,19,5,1,0,0,0,0,0,0,0,1,1,5,6,1,62,9,2179,2,11,LAND ROVER FREELANDER,1,E01025575,0,-1
2023031343548,2023,031343548,2,9,0,18,19,8,4,0,0,0,0,0,0,0,1,1,6,6,1,63,9,1997,2,23,LAND ROVER FREELANDER,-1,-1,0,-1
2023320534591,2023,320534591,1,9,0,9,9,2,8,0,0,5,0,0,0,0,4,1,2,2,2,51,8,1951,2,17,LAND ROVER FREELANDER,5,E01026221,0,-1
2023501374613,2023,501374613,2,9,0,18,19,3,7,0,0,0,0,0,0,0,3,1,6,6,1,39,7,1951,2,17,LAND ROVER FREELANDER,6,E01020175,0,-1
202363D013523,2023,63D013523,2,9,4,18,19,6,2,0,0,8,0,0,7,10,1,1,6,6,1,32,6,2179,2,15,LAND ROVER FREELANDER,6,W01000489,0,-1
2023041323934,2023,041323934,1,9,0,18,19,5,1,0,0,1,1,0,0,0,1,1,1,1,1,62,9,2179,2,11,LAND ROVER FREELANDER,7,E01025081,0,-1
2023501286071,2023,501286071,1,9,0,18,19,7,3,0,0,1,0,0,0,0,1,1,5,6,1,69,10,1951,2,22,LAND ROVER FREELANDER,2,E01018770,0,-1
2023031316869,2023,031316869,2,9,0,18,19,5,1,0,0,0,0,0,0,0,1,1,6,6,1,88,11,1951,2,19,LAND ROVER FREELANDER,6,E01019350,0,-1
2023221314491,2023,221314491,3,9,0,18,19,8,4,0,0,8,0,0,0,0,3,1,5,6,1,67,10,2179,2,16,LAND ROVER FREELANDER,4,E01014015,0,-1
2023547089123,2023,547089123,1,9,0,18,19,8,4,0,0,8,0,0,0,0,3,1,6,6,1,76,11,1951,2,17,LAND ROVER FREELANDER,7,E01032699,0,-1
2023332300635,2023,332300635,1,9,0,5,5,2,6,0,0,6,0,0,3,0,1,1,2,2,1,35,6,2179,2,13,LAND ROVER FREELANDER,7,E01025819,0,-1
2023461320324,2023,461320324,1,9,0,18,19,7,5,0,0,6,0,0,0,0,1,1,6,6,2,45,7,2179,2,10,LAND ROVER FREELANDER,8,E01024839,0,-1
2023221383513,2023,221383513,2,9,0,18,19,6,2,0,0,0,0,0,0,0,1,1,6,6,1,93,11,2179,2,9,LAND ROVER FREELANDER,6,E01028975,0,-1
2023552400055,2023,552400055,2,9,0,18,19,8,4,0,0,0,0,0,0,0,1,1,6,6,1,37,7,2179,2,11,LAND ROVER FREELANDER,6,E01020510,0,-1
2023471282187,2023,471282187,2,9,0,17,19,1,5,0,0,8,0,0,0,0,1,1,6,6,1,59,9,2179,2,11,LAND ROVER FREELANDER,7,E01031536,0,-1
2023351382337,2023,351382337,1,9,0,18,19,-1,-1,0,0,0,0,0,0,0,1,1,6,6,2,84,11,2179,2,13,LAND ROVER FREELANDER,10,E01018040,0,-1
2023111388935,2023,111388935,1,9,0,18,19,2,6,0,0,0,0,0,0,0,1,1,6,6,1,60,9,1951,2,17,LAND ROVER FREELANDER,-1,-1,0,-1
2023461270389,2023,461270389,1,9,0,18,19,5,1,0,0,0,0,11,1,0,1,1,6,6,1,82,11,2179,2,12,LAND ROVER FREELANDER,7,E01024380,0,-1
2023231368458,2023,231368458,1,9,0,18,19,8,2,0,0,1,0,0,0,0,1,1,6,6,3,40,7,2179,2,15,LAND ROVER FREELANDER,-1,-1,0,-1
2023131341469,2023,131341469,1,9,0,5,5,7,3,0,0,4,0,0,0,0,1,1,6,6,3,-1,-1,2179,2,14,LAND ROVER FREELANDER,-1,-1,0,-1
2023302300620,2023,302300620,2,9,0,18,19,3,7,0,0,0,0,0,0,0,1,1,6,6,1,41,7,2179,2,13,LAND ROVER FREELANDER,7,E01007700,0,-1
2023461281275,2023,461281275,1,9,0,18,19,7,2,0,0,1,0,0,0,0,1,1,5,6,2,58,9,2179,2,9,LAND ROVER FREELANDER,7,E01024536,0,-1
2023332301259,2023,332301259,1,9,0,9,9,1,7,0,0,5,0,0,0,0,1,1,6,6,1,37,7,2179,2,16,LAND ROVER FREELANDER,7,E01025890,0,-1
202354D638123,2023,54D638123,1,9,0,13,13,8,4,0,0,1,0,0,1,4,1,1,6,6,1,22,5,2179,2,17,LAND ROVER FREELANDER,6,E01032691,0,-1
2023231265946,2023,231265946,3,9,0,2,2,0,0,0,0,0,0,0,0,0,2,1,5,6,1,52,8,1951,2,17,LAND ROVER FREELANDER,7,E01031068,0,-1
2023451273536,2023,451273536,2,9,0,9,9,5,1,0,0,1,0,0,0,0,2,1,5,6,2,61,9,2179,2,14,LAND ROVER FREELANDER,10,E01030461,0,-1
2023531387907,2023,531387907,1,9,0,4,4,5,1,0,0,2,0,0,0,0,1,1,6,6,1,74,10,2179,2,12,LAND ROVER FREELANDER,-1,-1,0,-1
2023161303171,2023,161303171,1,9,0,18,19,3,7,0,0,8,0,0,0,0,1,1,5,6,1,46,8,2179,2,13,LAND ROVER FREELANDER,1,E01012833,0,-1
2023531384505,2023,531384505,2,9,0,18,19,1,5,0,0,0,0,11,0,0,2,1,6,6,2,61,9,2179,2,16,LAND ROVER FREELANDER,6,E01022253,0,-1
2023471334511,2023,471334511,1,9,0,18,19,1,5,0,0,0,0,0,0,0,1,1,5,6,1,55,8,2179,2,13,LAND ROVER FREELANDER,8,E01016981,0,-1
2023501317881,2023,501317881,1,9,0,18,19,1,4,0,0,0,5,10,0,0,1,1,6,6,2,77,11,1951,2,19,LAND ROVER FREELANDER,4,E01018924,0,-1
2023631337254,2023,631337254,1,9,0,18,19,7,3,0,0,1,1,0,1,10,1,1,2,2,1,58,9,2179,2,9,LAND ROVER FREELANDER,7,W01000618,0,-1
2023371319395,2023,371319395,2,9,0,3,3,0,0,0,0,0,0,0,0,0,2,1,5,6,1,68,10,2179,2,15,LAND ROVER FREELANDER,6,E01030056,0,-1
2023101302246,2023,101302246,1,9,0,18,19,1,5,0,0,1,0,0,0,0,4,1,5,6,1,79,11,2179,2,16,LAND ROVER FREELANDER,9,E01008504,0,-1
2023471366140,2023,471366140,1,9,0,18,19,7,3,0,0,0,0,10,0,0,3,1,5,6,1,52,8,2179,2,13,LAND ROVER FREELANDER,2,E01021091,0,-1
2023302301350,2023,302301350,3,9,0,18,19,3,7,0,0,0,0,0,0,0,1,1,6,6,1,-1,-1,2179,2,12,LAND ROVER FREELANDER,9,E01019464,0,-1
2023141317243,2023,141317243,5,9,0,18,19,2,6,0,0,8,0,0,0,0,2,1,5,6,2,77,11,2179,2,9,LAND ROVER FREELANDER,7,E01019626,0,-1
2023131299657,2023,131299657,2,9,0,18,19,1,1,0,0,0,0,0,0,0,2,1,6,6,1,46,8,2179,2,16,LAND ROVER FREELANDER,7,E01011410,0,-1
2023501316546,2023,501316546,1,9,0,18,19,1,2,0,0,0,0,0,0,0,3,1,5,6,1,76,11,2179,2,11,LAND ROVER FREELANDER,7,E01029063,0,-1
2023520301473,2023,520301473,2,9,0,17,19,8,5,0,0,0,0,0,0,0,9,1,6,6,1,-1,-1,2179,2,12,LAND ROVER FREELANDER,9,E01000897,0,-1
2023461381277,2023,461381277,1,9,0,18,19,1,5,0,0,0,0,0,0,0,1,1,6,6,2,-1,-1,2179,2,15,LAND ROVER FREELANDER,6,E01024806,0,-1
2023440494769,2023,440494769,1,9,0,18,19,3,7,0,0,0,0,0,0,0,2,1,6,6,1,18,4,2179,2,14,LAND ROVER FREELANDER,10,E01022731,0,-1
2023131271432,2023,131271432,2,9,0,8,8,7,3,0,0,6,0,0,0,0,2,1,5,6,2,38,7,1951,2,17,LAND ROVER FREELANDER,5,E01011772,0,-1
2023361285106,2023,361285106,1,9,0,3,3,7,3,0,0,0,0,0,0,0,1,1,6,6,1,77,11,2179,2,13,LAND ROVER FREELANDER,4,E01026651,0,-1
2023501287195,2023,501287195,2,9,0,18,19,1,4,0,0,8,0,0,0,0,3,1,6,6,2,53,8,2179,2,16,LAND ROVER FREELANDER,3,E01018893,0,-1
2023421329339,2023,421329339,2,9,0,18,19,1,5,0,0,0,0,0,0,0,3,1,5,6,2,63,9,2179,2,11,LAND ROVER FREELANDER,9,E01023439,0,-1
2023531384710,2023,531384710,2,9,0,18,19,3,7,0,0,0,0,0,0,0,3,1,5,6,2,31,6,1951,2,17,LAND ROVER FREELANDER,7,E01022221,0,-1
2023440184893,2023,440184893,1,9,0,9,9,2,8,0,0,5,0,0,0,0,4,1,6,6,1,82,11,1796,1,20,LAND ROVER FREELANDER,9,E01031504,0,-1
2023041318109,2023,041318109,1,9,0,18,19,4,4,0,0,6,0,0,0,0,1,1,5,6,1,74,10,2179,2,10,LAND ROVER FREELANDER,6,E01005987,0,-1
2023111353509,2023,111353509,3,9,0,3,3,3,7,0,0,0,0,0,0,0,3,1,6,6,2,36,7,2179,2,16,LAND ROVER FREELANDER,5,E01033202,0,-1
2023991303057,2023,991303057,3,9,0,9,9,3,7,0,0,1,0,0,0,0,3,1,5,6,1,73,10,2179,2,9,LAND ROVER FREELANDER,8,-1,0,-1
2023522400013,2023,522400013,1,9,0,3,3,1,5,0,0,1,0,0,0,0,2,1,6,6,2,28,6,2179,2,16,LAND ROVER FREELANDER,8,W01000699,0,-1
2023320533286,2023,320533286,2,9,0,10,10,3,1,0,0,2,0,0,0,0,2,1,6,6,1,59,9,2179,2,14,LAND ROVER FREELANDER,7,-1,0,-1
2023351340680,2023,351340680,1,9,0,18,19,-1,-1,0,0,0,0,0,0,0,4,1,6,6,1,56,9,2179,2,16,LAND ROVER FREELANDER,7,E01018127,0,-1
2023211403326,2023,211403326,2,9,0,18,19,7,3,0,0,0,0,0,0,0,1,1,6,6,2,63,9,2179,2,11,LAND ROVER FREELANDER,10,E01029730,0,-1
2023421297138,2023,421297138,2,9,0,2,2,0,0,6,6,0,0,0,0,0,2,1,6,6,3,-1,-1,1951,2,17,LAND ROVER FREELANDER,-1,-1,0,-1
2023540795523,2023,540795523,1,9,0,5,5,7,3,0,0,4,0,0,0,0,1,1,6,6,1,-1,-1,2179,2,12,LAND ROVER FREELANDER,10,E01022596,0,-1
2023231342316,2023,231342316,1,9,0,9,9,3,8,0,0,6,0,0,0,0,1,1,5,6,1,64,9,2179,2,14,LAND ROVER FREELANDER,7,E01031160,0,-1
2023520400959,2023,520400959,1,9,0,18,19,1,5,0,0,8,0,0,7,9,4,1,6,6,2,41,7,2179,2,14,LAND ROVER FREELANDER,5,E01029058,0,-1
2023531370562,2023,531370562,2,9,0,18,19,8,4,0,0,1,0,0,0,0,1,1,5,6,2,64,9,2179,2,11,LAND ROVER FREELANDER,8,E01022209,0,-1
2023430172243,2023,430172243,2,9,0,18,19,8,4,0,0,0,0,0,0,0,1,1,6,6,2,78,11,2179,2,11,LAND ROVER FREELANDER,9,E01016685,0,-1
2023421315674,2023,421315674,1,9,0,5,5,4,1,0,0,8,0,0,0,0,1,1,6,6,1,68,10,2179,2,12,LAND ROVER FREELANDER,-1,-1,0,-1
2023221329452,2023,221329452,1,9,0,13,13,2,6,0,0,0,0,0,0,0,4,1,6,6,1,59,9,1951,2,18,LAND ROVER FREELANDER,5,E01028864,0,-1
2023131372211,2023,131372211,2,9,0,18,19,2,6,0,0,1,0,0,0,0,4,1,2,2,1,57,9,2179,2,16,LAND ROVER FREELANDER,9,E01011177,0,-1
2023221295906,2023,221295906,2,9,0,16,19,3,6,0,0,0,1,0,0,0,1,1,5,6,1,27,6,2179,2,15,LAND ROVER FREELANDER,5,E01028843,0,-1
2023052302232,2023,052302232,1,9,0,18,19,7,3,0,0,0,0,0,0,0,1,1,6,6,2,74,10,2179,2,15,LAND ROVER FREELANDER,7,E01006856,0,-1
2023101287671,2023,101287671,3,9,0,3,3,5,1,0,0,0,0,0,0,0,3,1,5,6,1,70,10,2179,2,13,LAND ROVER FREELANDER,7,E01020655,0,-1
2023302300186,2023,302300186,1,9,0,17,19,8,4,0,0,0,0,0,0,0,3,1,6,6,1,78,11,2179,2,12,LAND ROVER FREELANDER,7,E01019634,0,-1
2023471372351,2023,471372351,2,9,0,18,19,5,1,0,0,0,0,0,1,0,1,1,5,6,1,73,10,2179,2,11,LAND ROVER FREELANDER,9,E01031622,0,-1
2023501381616,2023,501381616,1,9,0,18,19,5,1,0,0,0,5,10,7,10,3,1,6,6,1,44,7,2179,2,15,LAND ROVER FREELANDER,10,E01023239,0,-1
2023991345830,2023,991345830,2,9,0,18,19,5,1,0,0,8,0,0,7,0,4,1,5,6,1,40,7,2179,2,16,LAND ROVER FREELANDER,1,-1,0,-1
2023371370193,2023,371370193,2,9,0,17,19,3,7,0,0,0,0,0,0,0,2,1,2,2,1,60,9,2179,2,12,LAND ROVER FREELANDER,9,E01030062,0,-1
2023440208501,2023,440208501,2,9,0,18,19,2,6,0,0,1,0,0,0,0,1,1,3,7,1,53,8,2179,2,9,LAND ROVER FREELANDER,7,E01023166,0,-1
2023221266597,2023,221266597,2,9,0,2,2,0,0,0,0,8,0,0,0,0,3,1,5,6,1,57,9,2179,2,14,LAND ROVER FREELANDER,8,E01032320,0,-1
202363D002723,2023,63D002723,4,9,0,3,3,1,5,0,0,0,0,0,0,0,2,1,6,6,2,31,6,2179,2,10,LAND ROVER FREELANDER,7,W01000428,0,-1
2023451343486,2023,451343486,2,9,0,4,4,5,4,0,0,0,0,0,0,0,2,1,5,6,2,37,7,2179,2,16,LAND ROVER FREELANDER,8,E01030908,0,-1
2023522301302,2023,522301302,1,9,0,18,19,8,6,0,0,8,0,0,0,0,1,1,6,6,1,79,11,2179,2,13,LAND ROVER FREELANDER,10,E01014818,0,-1
2023122301110,2023,122301110,2,9,0,18,19,1,5,0,0,2,0,0,0,0,1,1,6,6,2,25,5,2179,2,16,LAND ROVER FREELANDER,3,E01027625,0,-1
2023440262774,2023,440262774,1,9,0,18,19,2,6,0,0,2,0,7,1,1,1,1,2,2,1,33,6,3192,1,16,LAND ROVER FREELANDER,7,E01002683,0,-1
2023501286668,2023,501286668,1,9,0,5,5,1,5,0,0,4,0,0,0,0,1,1,5,6,1,47,8,1951,2,17,LAND ROVER FREELANDER,3,E01018991,0,-1
2023461368567,2023,461368567,2,9,0,3,3,5,1,0,0,1,0,0,0,0,3,1,6,6,1,65,9,2179,2,14,LAND ROVER FREELANDER,8,E01033210,0,-1
2023461384167,2023,461384167,1,9,0,18,19,3,5,0,0,4,0,0,0,0,1,1,6,6,1,-1,-1,2179,2,13,LAND ROVER FREELANDER,-1,-1,0,-1
2023201291268,2023,201291268,2,9,0,18,19,1,5,0,0,0,0,10,1,2,1,1,6,6,1,37,7,2179,2,12,LAND ROVER FREELANDER,10,W01000326,0,-1
2023552301062,2023,552301062,1,9,0,18,19,8,4,0,0,0,0,0,0,0,2,1,6,6,1,38,7,1951,2,19,LAND ROVER FREELANDER,6,E01015368,0,-1
2023201300515,2023,201300515,2,9,0,18,19,4,8,0,0,8,0,0,0,0,1,1,6,6,2,70,10,1951,2,17,LAND ROVER FREELANDER,6,E01009496,0,-1
2023461334016,2023,461334016,2,9,0,4,4,3,7,0,0,1,0,0,0,0,2,1,6,6,2,58,9,2179,2,12,LAND ROVER FREELANDER,5,E01024342,0,-1
2023501282226,2023,501282226,1,9,0,18,19,7,7,0,0,0,0,0,8,11,1,1,5,6,2,63,9,2179,2,16,LAND ROVER FREELANDER,4,E01018965,0,-1
2023101352824,2023,101352824,1,9,0,18,19,7,3,0,0,3,0,0,0,0,1,1,6,6,2,-1,-1,2179,2,16,LAND ROVER FREELANDER,-1,-1,0,-1
2023201376765,2023,201376765,1,9,0,18,19,2,7,0,0,0,0,0,0,0,1,1,6,6,2,31,6,1951,2,21,LAND ROVER FREELANDER,-1,-1,0,-1
2023141337630,2023,141337630,2,9,0,3,3,7,3,0,0,0,0,0,0,0,1,1,2,2,2,31,6,2179,2,14,LAND ROVER FREELANDER,7,E01008133,0,-1
2023122300359,2023,122300359,1,9,0,18,19,7,3,0,0,0,0,0,0,0,4,2,2,2,1,20,4,2179,2,14,LAND ROVER FREELANDER,1,E01012945,0,-1
2023231353644,2023,231353644,2,9,0,10,10,6,4,0,0,1,0,0,1,0,2,1,6,6,1,50,8,2179,2,13,LAND ROVER FREELANDER,8,E01025853,0,-1
2023122301436,2023,122301436,2,9,0,12,12,7,3,0,0,0,0,0,0,0,2,1,6,6,2,68,10,2179,2,16,LAND ROVER FREELANDER,-1,-1,0,-1
2023332300259,2023,332300259,2,9,0,9,9,2,8,0,0,6,0,0,0,0,4,1,6,6,2,31,6,2179,2,15,LAND ROVER FREELANDER,4,E01031079,0,-1
2023141314287,2023,141314287,1,9,0,9,9,3,7,0,0,0,0,0,0,0,1,1,2,2,1,59,9,2179,2,11,LAND ROVER FREELANDER,8,E01011091,0,-1
2023421379174,2023,421379174,2,9,0,18,19,5,1,0,0,8,0,0,0,0,1,1,5,6,1,31,6,2179,2,9,LAND ROVER FREELANDER,8,E01021332,0,-1
2023361365465,2023,361365465,2,9,0,2,2,0,0,0,0,0,0,0,0,0,3,1,6,6,1,-1,-1,2179,2,15,LAND ROVER FREELANDER,-1,-1,0,-1
2023340WN6722,2023,340WN6722,5,9,0,18,19,3,7,0,0,0,0,0,0,0,2,1,2,2,2,56,9,2179,2,9,LAND ROVER FREELANDER,8,E01032974,0,-1
2023501278751,2023,501278751,2,9,0,18,19,6,2,0,0,1,2,0,8,0,-1,1,6,6,1,35,6,1951,2,22,LAND ROVER FREELANDER,4,E01020097,0,-1
2023131311956,2023,131311956,1,9,0,15,15,1,1,0,0,5,0,0,0,0,3,1,2,2,1,80,11,2179,2,14,LAND ROVER FREELANDER,4,E01010798,0,-1
202354B782323,2023,54B782323,1,9,0,5,5,2,8,0,0,8,0,0,0,0,3,1,6,6,1,82,11,1951,2,20,LAND ROVER FREELANDER,6,E01032027,0,-1
2023421384933,2023,421384933,2,9,0,3,3,7,3,0,0,1,0,0,0,0,2,1,5,6,1,69,10,2179,2,16,LAND ROVER FREELANDER,5,E01022051,0,-1
2023302300386,2023,302300386,1,9,0,18,19,6,2,0,0,1,0,0,0,0,1,1,6,6,1,57,9,2179,2,13,LAND ROVER FREELANDER,6,E01007833,0,-1
2023131304684,2023,131304684,3,9,0,2,2,0,0,9,9,0,0,0,0,0,3,1,6,6,1,59,9,2179,2,15,LAND ROVER FREELANDER,7,E01011524,0,-1
2023501324997,2023,501324997,1,9,0,11,11,2,6,2,2,5,0,0,0,0,1,1,6,6,1,33,6,2179,2,14,LAND ROVER FREELANDER,7,E01015065,0,-1