collision_index,collision_year,collision_ref_no,vehicle_reference,vehicle_type,towing_and_articulation,vehicle_manoeuvre_historic,vehicle_manoeuvre,vehicle_direction_from,vehicle_direction_to,vehicle_location_restricted_lane_historic,vehicle_location_restricted_lane,junction_location,skidding_and_overturning,hit_object_in_carriageway,vehicle_leaving_carriageway,hit_object_off_carriageway,first_point_of_impact,vehicle_left_hand_drive,journey_purpose_of_driver_historic,journey_purpose_of_driver,sex_of_driver,age_of_driver,age_band_of_driver,engine_capacity_cc,propulsion_code,age_of_vehicle,generic_make_model,driver_imd_decile,lsoa_of_driver,escooter_flag,driver_distance_banding
202360A093941,2023,60A093941,1,9,0,4,4,5,1,0,0,0,0,0,0,0,2,1,6,6,1,25,5,1951,2,20,LAND ROVER FREELANDER,-1,-1,0,-1
2023401272009,2023,401272009,1,9,0,16,19,7,3,0,0,4,1,0,1,0,1,1,6,6,1,34,6,2179,2,15,LAND ROVER FREELANDER,8,E01017488,0,-1
2023161360409,2023,161360409,2,9,0,18,19,4,8,0,0,1,1,0,1,10,1,1,6,6,1,44,7,2179,2,16,LAND ROVER FREELANDER,3,E01013310,0,-1
2023131288138,2023,131288138,1,9,0,-1,-1,-1,-1,-1,-1,0,-1,-1,-1,-1,-1,1,6,6,3,-1,-1,1795,1,25,LAND ROVER FREELANDER,-1,-1,0,-1
2023231356023,2023,231356023,1,9,0,18,19,6,2,0,0,0,2,0,0,0,4,1,1,1,1,65,9,1951,2,20,LAND ROVER FREELANDER,2,E01031010,0,-1
2023501275006,2023,501275006,2,9,0,16,19,1,1,0,0,0,0,0,0,0,2,1,1,1,1,61,9,2179,2,16,LAND ROVER FREELANDER,5,E01018896,0,-1
2023501390907,2023,501390907,1,9,0,16,19,3,7,0,0,2,0,0,0,0,1,1,6,6,1,35,6,1951,2,17,LAND ROVER FREELANDER,5,E01020137,0,-1
2023010440073,2023,010440073,2,9,0,9,9,8,6,0,0,8,0,0,0,0,1,1,6,6,2,47,8,2179,2,12,LAND ROVER FREELANDER,10,E01017822,0,-1
2023501381812,2023,501381812,2,9,0,18,19,7,3,0,0,4,0,0,0,0,4,1,5,6,1,37,7,2179,2,14,LAND ROVER FREELANDER,4,E01020322,0,-1
2023440279509,2023,440279509,2,9,0,18,19,6,2,0,0,0,0,0,0,0,1,1,6,6,1,-1,-1,1951,2,18,LAND ROVER FREELANDER,-1,-1,0,-1
2023542169523,2023,542169523,1,9,0,18,19,6,2,0,0,1,0,0,1,0,1,1,6,6,1,73,10,1951,2,19,LAND ROVER FREELANDER,3,E01024548,0,-1
2023361307570,2023,361307570,2,9,0,18,19,3,7,0,0,2,1,0,1,0,3,1,5,6,1,47,8,2179,2,9,LAND ROVER FREELANDER,5,E01026894,0,-1
2023010448475,2023,010448475,2,9,0,99,99,9,9,99,99,9,9,99,9,99,9,9,6,6,3,73,10,1796,1,18,LAND ROVER FREELANDER,5,E01004475,0,-1
2023131356568,2023,131356568,1,9,0,18,19,1,5,0,0,1,0,0,7,0,1,1,6,6,3,-1,-1,1951,2,19,LAND ROVER FREELANDER,-1,-1,0,-1
2023161375137,2023,161375137,2,9,0,12,12,6,2,0,0,0,1,0,0,0,2,1,5,6,1,50,8,1951,2,19,LAND ROVER FREELANDER,4,E01012896,0,-1
2023071228914,2023,071228914,2,9,0,18,19,1,5,0,0,1,0,0,7,10,1,1,6,6,1,65,9,1951,2,17,LAND ROVER FREELANDER,9,E01025358,0,-1
2023361374644,2023,361374644,2,9,0,2,2,5,1,0,0,0,0,4,0,0,1,1,6,6,3,-1,-1,1951,2,18,LAND ROVER FREELANDER,-1,-1,0,-1
2023401405536,2023,401405536,2,9,0,18,19,1,5,0,0,0,0,0,0,0,3,1,6,6,1,63,9,2179,2,16,LAND ROVER FREELANDER,10,E01017392,0,-1
2023131349662,2023,131349662,1,9,0,18,19,7,3,0,0,0,0,0,0,0,1,1,5,6,1,81,11,1951,2,20,LAND ROVER FREELANDER,4,E01011546,0,-1
2023320435512,2023,320435512,1,9,0,9,9,5,3,0,0,5,0,0,0,0,4,1,6,6,1,60,9,1951,2,17,LAND ROVER FREELANDER,6,E01026332,0,-1
2023471341730,2023,471341730,3,9,0,2,2,0,0,0,0,0,0,0,0,0,2,1,6,6,3,-1,-1,2179,2,13,LAND ROVER FREELANDER,-1,-1,0,-1
2023161380284,2023,161380284,2,9,0,7,7,5,7,0,0,6,0,0,0,0,1,1,6,6,2,-1,-1,2179,2,11,LAND ROVER FREELANDER,9,E01013217,0,-1
202354B149323,2023,54B149323,1,9,0,4,4,4,8,0,0,0,0,0,0,0,1,1,6,6,1,23,5,2179,2,15,LAND ROVER FREELANDER,9,E01031395,0,-1
2023471380419,2023,471380419,1,9,0,18,19,2,6,0,0,1,0,0,0,0,1,1,6,6,2,84,11,2179,2,10,LAND ROVER FREELANDER,9,E01021191,0,-1
2023010443238,2023,010443238,2,9,0,99,99,9,9,99,99,9,9,99,9,99,9,9,6,6,3,-1,-1,1951,2,21,LAND ROVER FREELANDER,-1,-1,0,-1
2023031332978,2023,031332978,1,9,0,2,2,8,8,0,0,0,0,0,0,0,3,1,5,6,1,60,9,1951,2,18,LAND ROVER FREELANDER,-1,-1,0,-1
2023451318732,2023,451318732,1,9,0,18,19,7,3,0,0,1,0,0,0,0,2,1,2,2,1,58,9,1951,2,21,LAND ROVER FREELANDER,2,E01004574,0,-1
2023052300476,2023,052300476,2,9,0,3,3,1,5,0,0,1,0,0,0,0,2,1,6,6,1,37,7,2179,2,15,LAND ROVER FREELANDER,4,E01006620,0,-1
2023471268245,2023,471268245,2,9,0,2,2,3,7,0,0,1,0,0,0,0,0,1,5,6,1,46,8,2179,2,15,LAND ROVER FREELANDER,8,E01031698,0,-1
2023440457045,2023,440457045,1,9,0,2,2,0,0,0,0,0,0,0,0,0,2,1,6,6,1,61,9,1951,2,17,LAND ROVER FREELANDER,6,E01017212,0,-1
2023552301453,2023,552301453,2,9,0,2,2,0,0,0,0,0,0,0,0,0,2,1,6,6,1,28,6,2179,2,12,LAND ROVER FREELANDER,4,E01023068,0,-1
2023122300284,2023,122300284,1,9,0,18,19,2,6,0,0,0,0,0,0,0,1,1,6,6,1,78,11,2179,2,9,LAND ROVER FREELANDER,9,E01033186,0,-1
2023501329271,2023,501329271,2,9,0,18,19,3,7,0,0,8,0,0,0,0,4,1,6,6,2,53,8,1951,2,17,LAND ROVER FREELANDER,4,E01020097,0,-1
2023544985323,2023,544985323,2,9,0,10,10,1,7,0,0,1,0,0,0,0,2,1,6,6,2,61,9,2179,2,10,LAND ROVER FREELANDER,7,E01015560,0,-1
2023471283707,2023,471283707,1,9,0,5,5,5,1,0,0,8,0,0,0,0,4,1,5,6,2,84,11,2179,2,9,LAND ROVER FREELANDER,7,E01031632,0,-1
2023201289756,2023,201289756,1,9,0,9,9,6,4,0,0,6,0,0,0,0,3,1,6,6,1,67,10,2179,2,13,LAND ROVER FREELANDER,2,E01010420,0,-1
2023070450296,2023,070450296,1,9,0,7,7,3,8,0,0,3,0,0,0,0,4,1,6,6,1,27,6,2179,2,10,LAND ROVER FREELANDER,10,E01018439,0,-1
2023201395583,2023,201395583,1,9,0,4,4,6,2,0,0,1,0,0,0,0,1,1,6,6,1,47,8,2179,2,15,LAND ROVER FREELANDER,5,E01032214,0,-1
2023302301584,2023,302301584,1,9,0,5,5,8,4,0,0,4,0,0,0,0,3,1,6,6,2,42,7,2179,2,15,LAND ROVER FREELANDER,3,E01019530,0,-1
2023371356068,2023,371356068,1,9,0,9,9,3,8,0,0,8,0,0,0,0,3,1,5,6,1,69,10,2179,2,13,LAND ROVER FREELANDER,10,E01029903,0,-1
2023501316625,2023,501316625,4,9,4,18,19,4,8,0,0,0,0,0,0,0,0,1,6,6,1,76,11,2179,2,15,LAND ROVER FREELANDER,10,E01020004,0,-1
2023440389559,2023,440389559,2,9,0,18,19,0,0,0,0,0,0,0,0,0,4,1,6,6,1,-1,-1,2179,2,13,LAND ROVER FREELANDER,4,E01022681,0,-1
2023522400266,2023,522400266,2,9,0,7,7,7,1,0,0,6,0,0,0,0,1,1,6,6,2,84,11,2179,2,14,LAND ROVER FREELANDER,7,E01014870,0,-1
2023421360859,2023,421360859,1,9,0,4,4,8,4,0,0,5,0,4,0,0,1,1,5,6,1,86,11,2179,2,9,LAND ROVER FREELANDER,9,E01021893,0,-1
2023501267967,2023,501267967,3,9,0,18,19,7,3,0,0,1,0,0,0,0,1,1,6,6,2,46,8,2179,2,13,LAND ROVER FREELANDER,4,E01018874,0,-1
2023371349207,2023,371349207,3,9,0,18,19,7,3,0,0,0,0,0,0,0,0,1,6,6,1,59,9,2179,2,13,LAND ROVER FREELANDER,5,E01026648,0,-1
2023520300833,2023,520300833,1,9,0,18,19,6,2,0,0,0,0,0,0,0,1,1,6,6,1,59,9,2179,2,11,LAND ROVER FREELANDER,1,E01029132,0,-1
2023421304572,2023,421304572,1,9,0,16,19,6,8,0,0,0,0,0,0,0,1,1,5,6,1,82,11,3192,1,16,LAND ROVER FREELANDER,10,E01021590,0,-1
2023552300416,2023,552300416,1,9,0,18,19,3,7,0,0,8,0,0,0,0,1,1,6,6,1,79,11,2179,2,13,LAND ROVER FREELANDER,7,E01020576,0,-1
2023501318250,2023,501318250,1,9,0,18,19,4,8,0,0,8,0,0,7,9,1,1,6,6,1,66,10,1951,2,17,LAND ROVER FREELANDER,4,E01018956,0,-1
2023052302785,2023,052302785,2,9,0,18,19,7,3,0,0,1,0,0,0,0,4,1,6,6,1,57,9,2179,2,10,LAND ROVER FREELANDER,1,E01006767,0,-1
2023141370965,2023,141370965,1,9,0,16,19,1,5,8,6,0,0,0,1,4,4,1,5,6,1,35,6,1951,2,18,LAND ROVER FREELANDER,4,E01007699,0,-1
2023201364077,2023,201364077,2,9,0,4,4,3,7,0,0,0,0,0,0,0,2,1,6,6,2,57,9,2179,2,14,LAND ROVER FREELANDER,7,E01016293,0,-1
2023421300956,2023,421300956,1,9,0,4,4,1,5,0,0,1,0,0,0,0,1,1,6,6,1,73,10,2179,2,13,LAND ROVER FREELANDER,3,E01021974,0,-1
2023041261810,2023,041261810,2,9,0,2,2,3,7,0,0,0,0,0,1,11,2,1,6,6,3,-1,-1,2179,2,11,LAND ROVER FREELANDER,-1,-1,0,-1
2023302300224,2023,302300224,2,9,0,3,3,6,2,0,0,0,0,0,0,0,2,1,6,6,1,31,6,2179,2,13,LAND ROVER FREELANDER,10,E01033533,0,-1
2023501312168,2023,501312168,1,9,0,5,5,3,7,9,9,0,0,0,0,0,1,1,6,6,3,74,10,2179,2,13,LAND ROVER FREELANDER,8,E01018792,0,-1
2023520400371,2023,520400371,1,9,0,18,19,3,7,0,0,0,0,0,0,0,3,1,6,6,1,19,4,1997,2,24,LAND ROVER FREELANDER,5,E01029058,0,-1
2023522400374,2023,522400374,1,9,0,1,1,3,7,0,0,5,0,0,0,0,2,1,6,6,1,41,7,2179,2,11,LAND ROVER FREELANDER,2,E01014595,0,-1
2023231374947,2023,231374947,1,9,0,9,9,4,2,0,0,6,0,0,7,0,4,1,1,1,1,27,6,2179,2,13,LAND ROVER FREELANDER,7,E01031216,0,-1
2023430555215,2023,430555215,1,9,0,9,9,8,7,0,0,6,0,0,7,1,4,1,6,6,2,69,10,2179,2,12,LAND ROVER FREELANDER,9,E01016308,0,-1
2023302300021,2023,302300021,1,9,0,9,9,8,6,0,0,2,0,0,0,0,3,1,6,6,3,-1,-1,2179,2,12,LAND ROVER FREELANDER,5,E01019456,0,-1
2023991303462,2023,991303462,2,9,0,18,19,4,1,0,0,8,0,0,0,0,1,1,5,6,1,74,10,2179,2,12,LAND ROVER FREELANDER,8,-1,0,-1
2023141319994,2023,141319994,1,9,0,18,19,5,1,0,0,0,0,0,0,0,1,1,5,6,1,53,8,2179,2,11,LAND ROVER FREELANDER,2,E01007414,0,-1
2023031356965,2023,031356965,1,9,0,18,19,1,5,0,0,0,0,0,1,11,1,1,2,2,1,28,6,1951,2,18,LAND ROVER FREELANDER,-1,-1,0,-1
2023471277798,2023,471277798,1,9,0,9,9,8,5,0,0,6,0,0,0,0,1,1,6,6,2,36,7,2179,2,9,LAND ROVER FREELANDER,1,E01021005,0,-1
2023071200878,2023,071200878,1,9,0,18,19,3,7,0,0,1,0,0,0,0,1,1,6,6,3,-1,-1,2179,2,13,LAND ROVER FREELANDER,-1,-1,0,-1
2023430048959,2023,430048959,1,9,0,18,19,8,4,0,0,1,0,0,0,0,1,1,6,6,1,67,10,1951,2,19,LAND ROVER FREELANDER,-1,-1,0,-1
2023101341187,2023,101341187,1,9,0,7,7,3,7,0,0,6,0,0,4,2,1,1,5,6,1,34,6,2179,2,14,LAND ROVER FREELANDER,1,E01008738,0,-1
2023631342436,2023,631342436,1,9,0,18,19,2,6,0,0,0,0,0,1,11,1,1,6,6,1,79,11,2179,2,9,LAND ROVER FREELANDER,8,W01000577,0,-1
2023131343490,2023,131343490,2,9,0,18,19,7,3,0,0,1,5,0,0,0,4,1,6,6,3,-1,-1,1951,2,18,LAND ROVER FREELANDER,-1,-1,0,-1
2023451351580,2023,451351580,2,9,0,18,19,1,5,0,0,0,0,0,0,0,1,1,6,6,1,-1,-1,2179,2,15,LAND ROVER FREELANDER,2,E01003832,0,-1
2023461366308,2023,461366308,1,9,0,5,5,7,3,0,0,1,0,0,3,10,1,1,6,6,2,79,11,2179,2,9,LAND ROVER FREELANDER,8,E01024015,0,-1
2023131354124,2023,131354124,2,9,0,18,19,5,1,0,0,0,0,0,0,0,4,1,2,2,1,65,9,1951,2,17,LAND ROVER FREELANDER,5,E01011409,0,-1
2023320430502,2023,320430502,1,9,0,18,19,2,6,0,0,0,0,0,0,0,1,1,6,6,2,67,10,1796,1,19,LAND ROVER FREELANDER,4,E01026102,0,-1
2023501364918,2023,501364918,1,9,0,18,19,1,5,0,0,0,2,0,8,10,3,1,5,6,2,18,4,2179,2,13,LAND ROVER FREELANDER,6,E01020188,0,-1
2023201384304,2023,201384304,1,9,0,12,12,8,4,0,0,0,0,0,0,0,3,1,6,6,1,80,11,2179,2,16,LAND ROVER FREELANDER,7,E01031308,0,-1
2023421307136,2023,421307136,2,9,5,18,19,8,4,0,0,0,3,0,0,0,4,1,5,6,2,71,10,1795,1,23,LAND ROVER FREELANDER,6,E01000709,0,-1
2023471362831,2023,471362831,2,9,0,2,2,0,0,0,0,0,0,0,0,0,4,1,6,6,3,-1,-1,2179,2,9,LAND ROVER FREELANDER,-1,-1,0,-1
2023401299455,2023,401299455,1,9,0,17,19,2,6,0,0,8,0,0,0,0,4,1,5,6,1,25,5,2179,2,11,LAND ROVER FREELANDER,10,E01020523,0,-1
2023122301095,2023,122301095,1,9,0,9,9,5,1,0,0,1,0,0,0,0,1,1,6,6,1,54,8,2179,2,12,LAND ROVER FREELANDER,7,E01027753,0,-1
2023131341199,2023,131341199,1,9,0,5,5,4,8,0,0,4,0,0,0,0,3,1,6,6,2,37,7,2179,2,14,LAND ROVER FREELANDER,6,E01010699,0,-1
2023520301442,2023,520301442,2,9,0,18,19,2,6,0,0,8,0,0,0,0,1,1,6,6,1,36,7,2179,2,15,LAND ROVER FREELANDER,3,E01021090,0,-1
2023471361517,2023,471361517,1,9,0,9,9,6,4,0,0,1,0,0,0,0,1,1,5,6,1,35,6,2179,2,11,LAND ROVER FREELANDER,7,E01021205,0,-1
2023141280591,2023,141280591,2,9,0,18,19,6,2,0,0,0,0,0,0,0,3,1,5,6,1,29,6,1951,2,21,LAND ROVER FREELANDER,1,E01008157,0,-1
2023520301252,2023,520301252,2,9,0,18,19,2,6,0,0,8,0,0,0,0,3,1,6,6,1,63,9,2179,2,14,LAND ROVER FREELANDER,8,E01029190,0,-1
2023221374896,2023,221374896,1,9,0,13,13,1,5,0,0,0,1,0,0,0,3,1,2,2,1,36,7,2179,2,12,LAND ROVER FREELANDER,8,E01032446,0,-1
2023522300677,2023,522300677,3,9,0,2,2,0,0,0,0,1,0,0,0,0,2,1,6,6,3,-1,-1,2179,2,10,LAND ROVER FREELANDER,-1,-1,0,-1
2023041327125,2023,041327125,4,9,0,2,2,0,0,0,0,0,0,0,0,0,3,1,6,6,3,-1,-1,2179,2,9,LAND ROVER FREELANDER,-1,-1,0,-1
2023471347767,2023,471347767,1,9,0,18,19,6,2,0,0,0,0,0,0,0,1,1,5,6,1,20,4,1951,2,17,LAND ROVER FREELANDER,6,E01031801,0,-1
2023461333479,2023,461333479,2,9,0,14,14,8,4,0,0,8,0,0,0,0,2,1,5,6,1,54,8,1796,1,21,LAND ROVER FREELANDER,1,E01024621,0,-1
2023340WN9052,2023,340WN9052,1,9,0,18,19,1,5,0,0,0,5,0,1,4,1,1,6,6,1,68,10,2179,2,13,LAND ROVER FREELANDER,10,E01027068,0,-1
2023441313575,2023,441313575,2,9,0,18,19,5,1,0,0,0,1,0,0,0,2,1,5,6,1,48,8,1951,2,19,LAND ROVER FREELANDER,9,E01016616,0,-1
2023552300652,2023,552300652,2,9,0,18,19,1,5,0,0,8,0,0,0,0,3,1,2,2,2,53,8,2179,2,15,LAND ROVER FREELANDER,5,E01020412,0,-1
2023332301302,2023,332301302,3,9,0,18,19,5,1,0,0,0,0,0,0,0,1,1,6,6,3,-1,-1,1951,2,17,LAND ROVER FREELANDER,-1,-1,0,-1
2023320490431,2023,320490431,1,9,0,9,9,3,8,0,0,6,0,0,0,0,1,1,6,6,2,35,6,2179,2,14,LAND ROVER FREELANDER,-1,-1,0,-1
2023471380302,2023,471380302,2,9,0,18,19,3,1,0,0,0,0,0,0,0,4,1,3,7,2,35,6,1951,2,21,LAND ROVER FREELANDER,10,E01031695,0,-1
2023161276590,2023,161276590,1,9,0,18,19,5,1,0,0,8,0,0,0,0,1,1,5,6,2,57,9,1951,2,20,LAND ROVER FREELANDER,1,E01013162,0,-1
2023622300764,2023,622300764,2,9,0,18,19,2,6,0,0,1,0,0,0,0,1,1,6,6,1,77,11,2179,2,15,LAND ROVER FREELANDER,9,E01015197,0,-1
2023211306494,2023,211306494,2,9,0,14,14,1,5,0,0,0,0,0,0,0,1,1,6,6,1,82,11,1951,2,19,LAND ROVER FREELANDER,-1,-1,0,-1
2023320370558,2023,320370558,2,9,0,4,4,4,8,0,0,2,0,0,0,0,2,1,6,6,1,40,7,2179,2,16,LAND ROVER FREELANDER,5,E01026283,0,-1
2023440044492,2023,440044492,1,9,0,6,6,1,1,0,0,8,1,0,4,1,2,1,6,6,2,62,9,2179,2,11,LAND ROVER FREELANDER,6,E01030198,0,-1
2023340NN1792,2023,340NN1792,1,9,0,18,19,3,7,0,0,6,0,0,0,0,1,1,2,2,1,40,7,2179,2,10,LAND ROVER FREELANDER,-1,-1,0,-1
2023421307136,2023,421307136,1,9,5,18,19,8,4,0,0,0,3,0,0,0,1,1,5,6,1,73,10,1796,1,18,LAND ROVER FREELANDER,6,E01000709,0,-1
2023131316599,2023,131316599,2,9,0,2,2,7,3,0,0,0,0,0,0,0,2,1,1,1,1,62,9,2179,2,11,LAND ROVER FREELANDER,4,E01007576,0,-1
2023031373071,2023,031373071,2,9,0,18,19,1,5,0,0,0,0,0,0,0,3,1,6,6,2,33,6,2179,2,13,LAND ROVER FREELANDER,-1,-1,0,-1
2023122300524,2023,122300524,3,9,0,3,3,4,8,0,0,1,0,0,0,0,2,1,6,6,1,63,9,2179,2,15,LAND ROVER FREELANDER,2,W01001443,0,-1
2023991345886,2023,991345886,3,9,0,2,2,0,0,0,0,8,0,0,0,0,3,1,6,6,3,-1,-1,2179,2,13,LAND ROVER FREELANDER,-1,-1,0,-1
2023041374955,2023,041374955,3,9,0,2,2,3,7,0,0,1,0,0,0,0,0,1,6,6,3,-1,-1,2179,2,14,LAND ROVER FREELANDER,-1,-1,0,-1
2023131273051,2023,131273051,1,9,0,17,19,1,5,0,0,0,5,0,1,11,1,1,6,6,1,35,6,1796,1,18,LAND ROVER FREELANDER,1,E01010924,0,-1
2023031370821,2023,031370821,2,9,0,4,4,3,7,0,0,0,0,0,0,0,2,1,6,6,1,57,9,2179,2,13,LAND ROVER FREELANDER,6,E01019237,0,-1
2023070317007,2023,070317007,1,9,0,4,4,3,7,0,0,8,0,0,0,0,1,1,6,6,2,52,8,2179,2,12,LAND ROVER FREELANDER,6,E01018481,0,-1
2023052301955,2023,052301955,1,9,0,9,9,6,3,0,0,8,0,0,0,0,1,1,6,6,2,38,7,1951,2,17,LAND ROVER FREELANDER,-1,-1,0,-1
2023041267699,2023,041267699,1,9,0,18,19,7,3,0,0,3,0,0,7,0,3,1,2,2,1,52,8,2179,2,13,LAND ROVER FREELANDER,1,E01025494,0,-1
2023131370752,2023,131370752,1,9,0,15,15,3,7,0,0,0,0,0,0,0,1,1,6,6,3,-1,-1,2179,2,16,LAND ROVER FREELANDER,-1,-1,0,-1
2023371303946,2023,371303946,2,9,0,18,19,1,3,0,0,1,0,0,0,0,3,1,3,7,2,48,8,2179,2,11,LAND ROVER FREELANDER,5,E01030283,0,-1
2023101377308,2023,101377308,2,9,0,2,2,7,7,0,0,0,0,0,0,0,4,1,5,6,1,37,7,2179,2,16,LAND ROVER FREELANDER,6,E01008758,0,-1
2023010423796,2023,010423796,2,9,0,99,99,9,9,99,99,9,9,99,9,99,9,9,6,6,3,-1,-1,2179,2,10,LAND ROVER FREELANDER,-1,-1,0,-1
2023141299125,2023,141299125,4,9,0,13,13,6,2,0,0,0,5,0,0,0,1,1,6,6,1,34,6,2179,2,15,LAND ROVER FREELANDER,3,E01007800,0,-1
2023041324157,2023,041324157,1,9,0,1,1,7,1,0,0,0,5,0,0,0,2,1,5,6,1,85,11,2179,2,16,LAND ROVER FREELANDER,4,E01025544,0,-1
2023131311136,2023,131311136,2,9,0,4,4,2,6,0,0,0,0,0,0,0,2,1,2,2,1,38,7,2179,2,12,LAND ROVER FREELANDER,4,E01011778,0,-1
2023440499864,2023,440499864,1,9,0,18,19,4,8,0,0,0,0,0,0,0,1,1,6,6,1,62,9,2179,2,9,LAND ROVER FREELANDER,8,E01022992,0,-1
2023061346142,2023,061346142,2,9,0,10,10,5,2,0,0,1,0,0,0,0,3,1,6,6,1,80,11,2179,2,9,LAND ROVER FREELANDER,9,E01004951,0,-1
2023131366106,2023,131366106,1,9,0,15,15,3,7,0,0,0,0,0,0,0,3,1,6,6,1,61,9,2179,2,9,LAND ROVER FREELANDER,1,E01010845,0,-1
2023501363114,2023,501363114,3,9,0,4,4,3,7,0,0,1,0,0,0,0,1,1,5,6,1,47,8,2179,2,15,LAND ROVER FREELANDER,6,E01019030,0,-1
2023131353756,2023,131353756,1,9,0,17,19,-1,-1,0,0,0,-1,-1,-1,-1,1,1,6,6,3,99,11,1796,1,18,LAND ROVER FREELANDER,-1,-1,0,-1
2023440292123,2023,440292123,1,9,0,5,5,8,4,0,0,6,0,0,0,0,1,1,6,6,1,51,8,2179,2,13,LAND ROVER FREELANDER,6,E01022911,0,-1
2023340WN6022,2023,340WN6022,2,9,0,18,19,3,7,0,0,0,0,0,0,0,3,1,1,1,2,23,5,2179,2,15,LAND ROVER FREELANDER,9,E01027002,0,-1
2023501388495,2023,501388495,1,9,0,18,19,8,4,0,0,0,2,0,7,0,1,1,5,6,2,31,6,1951,2,18,LAND ROVER FREELANDER,4,E01018954,0,-1
2023430518151,2023,430518151,1,9,0,13,13,8,4,0,0,0,5,0,0,0,1,1,6,6,1,50,8,2179,2,16,LAND ROVER FREELANDER,9,E01017714,0,-1
2023520300683,2023,520300683,2,9,0,2,2,0,0,0,0,0,0,0,0,0,2,1,6,6,3,-1,-1,2179,2,13,LAND ROVER FREELANDER,-1,-1,0,-1
2023361369821,2023,361369821,1,9,-1,18,19,8,4,0,0,0,1,0,1,0,-1,1,6,6,3,-1,-1,2179,2,13,LAND ROVER FREELANDER,-1,-1,0,-1
2023552300617,2023,552300617,1,9,0,18,19,4,8,0,0,0,0,0,0,0,1,1,6,6,2,33,6,1951,2,21,LAND ROVER FREELANDER,3,E01015442,0,-1
2023131393106,2023,131393106,2,9,0,9,9,5,1,0,0,8,0,0,0,0,3,1,5,6,2,72,10,2179,2,13,LAND ROVER FREELANDER,3,E01010703,0,-1
202354D684523,2023,54D684523,2,9,0,18,19,1,5,0,0,8,0,0,0,0,3,1,6,6,1,57,9,2179,2,13,LAND ROVER FREELANDER,10,E01023059,0,-1
2023131392897,2023,131392897,3,9,0,2,2,7,3,0,0,8,0,0,0,0,1,1,6,6,3,-1,-1,2179,2,15,LAND ROVER FREELANDER,-1,-1,0,-1
2023111368254,2023,111368254,1,9,0,18,19,1,5,0,0,0,0,0,0,0,1,1,5,6,2,35,6,2179,2,16,LAND ROVER FREELANDER,2,E01020773,0,-1
2023131305511,2023,131305511,1,9,0,18,19,5,1,0,0,1,0,0,0,0,1,1,5,6,1,38,7,1951,2,18,LAND ROVER FREELANDER,7,E01011895,0,-1
2023131357419,2023,131357419,1,9,0,18,19,5,1,0,0,0,1,7,0,0,1,1,5,6,2,45,7,1796,1,18,LAND ROVER FREELANDER,1,E01011616,0,-1
2023421342143,2023,421342143,1,9,0,18,19,5,1,0,0,0,0,0,0,0,1,1,2,2,1,34,6,2179,2,13,LAND ROVER FREELANDER,5,E01022051,0,-1
2023211292854,2023,211292854,1,9,0,7,7,3,5,0,0,0,0,0,7,4,1,1,5,6,1,88,11,2179,2,13,LAND ROVER FREELANDER,8,E01029790,0,-1
2023461339839,2023,461339839,4,9,4,3,3,3,7,0,0,1,0,0,0,0,2,1,5,6,2,21,5,1796,1,20,LAND ROVER FREELANDER,8,E01024209,0,-1
2023141287506,2023,141287506,2,9,0,1,1,5,1,0,0,0,0,0,0,0,2,1,6,6,1,42,7,2179,2,16,LAND ROVER FREELANDER,1,E01007320,0,-1
2023320541453,2023,320541453,2,9,0,18,19,4,8,0,0,0,1,0,1,0,3,1,6,6,2,50,8,2179,2,15,LAND ROVER FREELANDER,2,E01028101,0,-1
2023231313240,2023,231313240,2,9,0,18,19,7,3,0,0,8,0,0,0,0,1,1,5,6,1,87,11,2179,2,10,LAND ROVER FREELANDER,7,E01031166,0,-1
2023131259222,2023,131259222,1,9,0,18,19,1,5,0,0,0,1,0,7,10,1,1,2,2,2,28,6,2179,2,12,LAND ROVER FREELANDER,2,E01010682,0,-1
2023411396863,2023,411396863,3,9,0,2,2,0,0,0,0,0,0,0,0,0,2,1,6,6,3,-1,-1,2179,2,16,LAND ROVER FREELANDER,-1,-1,0,-1
2023991294920,2023,991294920,2,9,0,16,19,8,4,0,0,0,0,0,1,0,1,1,5,6,1,43,7,2179,2,15,LAND ROVER FREELANDER,4,-1,0,-1