collision_index,collision_year,collision_ref_no,vehicle_reference,vehicle_type,towing_and_articulation,vehicle_manoeuvre_historic,vehicle_manoeuvre,vehicle_direction_from,vehicle_direction_to,vehicle_location_restricted_lane_historic,vehicle_location_restricted_lane,junction_location,skidding_and_overturning,hit_object_in_carriageway,vehicle_leaving_carriageway,hit_object_off_carriageway,first_point_of_impact,vehicle_left_hand_drive,journey_purpose_of_driver_historic,journey_purpose_of_driver,sex_of_driver,age_of_driver,age_band_of_driver,engine_capacity_cc,propulsion_code,age_of_vehicle,generic_make_model,driver_imd_decile,lsoa_of_driver,escooter_flag,driver_distance_banding
2023451311009,2023,451311009,1,9,0,5,5,1,7,0,0,6,0,0,0,0,4,1,5,6,2,25,5,1951,2,21,LAND ROVER FREELANDER,9,E01030339,0,-1
2023552300228,2023,552300228,1,9,0,18,19,7,3,0,0,0,1,0,0,0,1,1,6,6,1,66,10,2179,2,12,LAND ROVER FREELANDER,5,E01020448,0,-1
2023031309892,2023,031309892,2,9,0,4,4,2,6,0,0,1,0,0,0,0,2,1,2,2,2,72,10,1796,1,19,LAND ROVER FREELANDER,-1,-1,0,-1
2023221343696,2023,221343696,1,9,0,7,7,3,6,0,0,3,0,0,0,0,1,1,6,6,2,83,11,2179,2,14,LAND ROVER FREELANDER,6,E01032217,0,-1
2023131351751,2023,131351751,1,9,0,17,19,5,1,0,0,1,0,0,1,11,1,1,5,6,2,62,9,1951,2,19,LAND ROVER FREELANDER,5,E01010656,0,-1
2023320733128,2023,320733128,1,9,0,9,9,5,3,0,0,6,0,0,0,0,1,1,6,6,1,23,5,1951,2,18,LAND ROVER FREELANDER,5,E01026367,0,-1
2023544375323,2023,544375323,1,9,0,18,19,2,6,0,0,1,0,0,0,0,1,1,6,6,2,76,11,2179,2,10,LAND ROVER FREELANDER,8,E01032102,0,-1
2023531365307,2023,531365307,2,9,0,18,19,5,1,0,0,0,0,0,0,0,1,1,6,6,2,57,9,2179,2,11,LAND ROVER FREELANDER,5,E01022228,0,-1
2023531366254,2023,531366254,1,9,0,18,19,6,2,0,0,0,0,0,0,0,1,1,6,6,1,54,8,1951,2,19,LAND ROVER FREELANDER,-1,-1,0,-1
2023461354240,2023,461354240,1,9,0,18,19,6,2,0,0,8,0,0,0,0,1,1,5,6,1,46,8,2179,2,10,LAND ROVER FREELANDER,3,E01024119,0,-1
2023421360537,2023,421360537,4,9,0,18,19,6,2,0,0,0,0,0,1,0,1,1,6,6,2,29,6,2179,2,10,LAND ROVER FREELANDER,7,E01021385,0,-1
2023351382414,2023,351382414,2,9,-1,2,2,-1,-1,-1,-1,2,-1,-1,-1,0,-1,1,1,1,2,67,10,1951,2,23,LAND ROVER FREELANDER,10,E01018288,0,-1
2023221361384,2023,221361384,1,9,0,18,19,1,5,0,0,4,0,0,0,0,1,1,6,6,1,37,7,2179,2,16,LAND ROVER FREELANDER,6,E01028840,0,-1
2023991286719,2023,991286719,1,9,0,18,19,1,5,0,0,8,0,0,1,4,1,1,6,6,1,47,8,2179,2,9,LAND ROVER FREELANDER,1,E01005107,0,-1
2023031334483,2023,031334483,2,9,0,18,19,1,5,0,0,0,0,0,7,0,3,1,6,6,2,31,6,2179,2,15,LAND ROVER FREELANDER,6,E01019213,0,-1
2023161324802,2023,161324802,2,9,0,18,19,1,5,0,0,8,2,0,0,0,4,1,5,6,1,65,9,1951,2,17,LAND ROVER FREELANDER,3,E01027833,0,-1
202354B157423,2023,54B157423,1,9,0,16,19,3,7,0,0,0,0,0,7,4,1,1,6,6,1,32,6,1951,2,19,LAND ROVER FREELANDER,4,E01031980,0,-1
2023141378487,2023,141378487,1,9,0,18,19,6,2,0,0,0,0,0,0,0,1,1,6,6,1,53,8,2179,2,14,LAND ROVER FREELANDER,3,E01008032,0,-1
202360A963328,2023,60A963328,1,9,0,18,19,3,7,0,0,0,0,0,0,0,0,1,6,6,1,46,8,2179,2,15,LAND ROVER FREELANDER,-1,-1,0,-1
2023451362799,2023,451362799,2,9,0,2,2,5,5,0,0,0,0,0,0,0,1,1,6,6,3,-1,-1,2179,2,16,LAND ROVER FREELANDER,-1,-1,0,-1
2023421326642,2023,421326642,1,9,0,4,4,3,7,0,0,4,0,0,0,0,1,1,6,6,1,73,10,2179,2,12,LAND ROVER FREELANDER,5,E01029016,0,-1
2023451324823,2023,451324823,1,9,0,18,19,3,7,0,0,0,0,0,0,0,1,1,5,6,1,62,9,1951,2,18,LAND ROVER FREELANDER,9,E01024431,0,-1
2023041300352,2023,041300352,1,9,0,7,7,5,5,0,0,6,0,0,1,0,2,1,5,6,1,42,7,1997,2,23,LAND ROVER FREELANDER,1,E01025493,0,-1
2023311373412,2023,311373412,2,9,0,18,19,7,3,0,0,0,1,0,0,0,1,1,2,2,1,62,9,2179,2,16,LAND ROVER FREELANDER,2,E01020797,0,-1
202354C518623,2023,54C518623,1,9,0,18,19,7,3,0,0,3,0,0,0,0,1,1,6,6,2,55,8,2179,2,13,LAND ROVER FREELANDER,8,E01031940,0,-1
2023471337972,2023,471337972,1,9,0,18,19,3,7,0,0,0,0,0,0,0,1,1,5,6,1,34,6,1951,2,21,LAND ROVER FREELANDER,1,E01017039,0,-1
2023610023123,2023,610023123,1,9,0,4,4,2,6,0,0,0,0,0,0,0,2,1,6,6,2,22,5,2179,2,16,LAND ROVER FREELANDER,4,W01001395,0,-1
2023440481354,2023,440481354,1,9,0,18,19,0,5,0,0,0,0,4,0,0,1,1,6,6,1,80,11,2179,2,13,LAND ROVER FREELANDER,4,E01017342,0,-1
2023501370314,2023,501370314,2,9,0,8,8,7,3,0,0,1,0,0,-1,0,2,1,6,6,2,47,8,2179,2,9,LAND ROVER FREELANDER,5,E01018975,0,-1
2023461317657,2023,461317657,1,9,0,3,3,3,6,0,0,0,0,0,0,0,1,1,6,6,1,73,10,2179,2,15,LAND ROVER FREELANDER,6,E01024628,0,-1
2023552301485,2023,552301485,2,9,0,4,4,8,4,0,0,0,0,0,0,0,2,1,6,6,1,65,9,2179,2,14,LAND ROVER FREELANDER,8,E01015311,0,-1
2023122300467,2023,122300467,1,9,0,5,5,4,8,0,0,6,0,0,0,0,3,1,6,6,1,61,9,2179,2,10,LAND ROVER FREELANDER,9,E01011712,0,-1
2023122300317,2023,122300317,1,9,0,1,1,7,3,0,0,0,0,0,0,0,2,1,6,6,1,57,9,1951,2,20,LAND ROVER FREELANDER,6,E01027778,0,-1
2023541497923,2023,541497923,2,3,0,18,19,4,8,0,0,1,0,0,1,0,1,1,6,6,1,19,4,124,1,4,-1,5,E01031986,0,-1
2023501304873,2023,501304873,1,3,0,18,19,1,5,0,0,0,2,0,7,0,3,1,5,6,1,33,6,124,1,5,-1,-1,-1,0,-1
2023351321654,2023,351321654,1,3,0,18,19,-1,-1,0,0,8,0,0,0,0,1,1,6,6,1,20,4,124,1,5,-1,6,E01018005,0,-1
2023161316590,2023,161316590,1,3,0,18,19,3,7,9,9,0,0,0,0,0,1,1,6,6,1,20,4,124,1,5,-1,10,E01013223,0,-1
2023201382449,2023,201382449,3,3,0,18,19,6,2,0,0,2,0,4,0,0,1,1,1,1,1,25,5,124,1,4,-1,2,E01010406,0,-1
2023131315671,2023,131315671,2,3,0,9,9,7,3,0,0,2,0,0,0,0,1,1,5,6,1,28,6,124,1,3,-1,1,E01011312,0,-1
2023991304164,2023,991304164,2,2,0,5,5,1,5,0,0,0,0,0,0,0,2,1,6,6,1,17,4,124,1,4,-1,4,-1,0,-1
2023430364490,2023,430364490,1,3,0,9,9,8,6,0,0,6,0,0,0,0,1,1,6,6,1,17,4,124,1,5,-1,6,E01027029,0,-1
2023070462016,2023,070462016,1,3,0,18,19,7,3,0,0,1,0,0,0,0,3,1,6,6,1,27,6,124,1,4,-1,2,E01018400,0,-1
2023501324655,2023,501324655,1,3,0,18,19,4,8,0,0,0,0,0,0,0,1,1,5,6,1,20,4,124,1,4,-1,4,E01019980,0,-1
2023361329702,2023,361329702,1,3,0,13,13,7,3,0,0,8,0,0,0,0,1,1,5,6,1,17,4,124,1,5,-1,4,E01026787,0,-1
2023010485263,2023,010485263,2,9,0,18,19,5,1,0,0,8,0,0,0,0,1,1,6,6,1,44,7,1791,8,12,LEXUS CT 200,8,E01033612,0,-1
2023010441527,2023,010441527,3,9,0,17,19,3,7,0,0,0,0,0,0,0,1,1,6,6,1,32,6,1798,8,6,LEXUS CT 200,9,E01002147,0,-1
2023010464147,2023,010464147,2,9,0,18,19,3,7,0,0,2,0,0,0,0,1,1,6,6,1,31,6,1798,8,6,LEXUS CT 200,9,E01004092,0,-1
2023421342628,2023,421342628,2,9,0,2,2,0,0,6,6,0,0,0,0,0,2,1,6,6,3,-1,-1,1798,8,11,LEXUS CT 200,-1,-1,0,-1
2023311272422,2023,311272422,3,9,0,2,2,0,0,0,0,0,0,0,0,0,1,1,6,6,1,70,10,1798,8,10,LEXUS CT 200,-1,-1,0,-1
2023010443390,2023,010443390,1,9,0,99,99,9,9,99,99,9,9,99,9,99,2,9,6,6,1,36,7,1798,8,7,LEXUS CT 200,7,E01002930,0,-1
2023421334151,2023,421334151,1,9,0,9,9,0,1,0,0,0,0,4,0,0,1,1,5,6,1,83,11,1798,8,8,LEXUS CT 200,8,E01021299,0,-1
2023061300544,2023,061300544,1,9,0,18,19,3,7,0,0,1,0,0,0,0,3,1,1,1,1,30,6,1791,8,12,LEXUS CT 200,3,E01005181,0,-1
2023461297246,2023,461297246,2,9,0,18,19,-1,-1,0,0,8,0,0,0,0,3,1,5,6,2,45,7,1798,8,7,LEXUS CT 200,1,E01024682,0,-1
2023061300454,2023,061300454,4,9,0,2,2,0,0,0,0,2,0,4,0,0,3,1,6,6,3,-1,-1,1798,8,7,LEXUS CT 200,-1,-1,0,-1
2023461278357,2023,461278357,2,9,0,4,4,7,2,0,0,0,0,0,0,0,2,1,5,6,1,44,7,1798,8,3,LEXUS CT 200,8,E01000393,0,-1
2023010463746,2023,010463746,2,9,0,9,9,5,3,0,0,8,0,0,0,0,1,1,6,6,1,72,10,1791,8,12,LEXUS CT 200,1,E01001196,0,-1
2023440296912,2023,440296912,1,9,0,13,13,2,6,0,0,4,2,0,8,11,1,1,6,6,1,31,6,1798,8,4,LEXUS CT 200,3,E01023091,0,-1
2023052300937,2023,052300937,1,9,0,9,9,8,2,0,0,1,0,0,0,0,1,1,2,2,1,49,8,1798,8,9,LEXUS CT 200,4,E01006537,0,-1
2023131262302,2023,131262302,2,9,0,18,19,1,5,0,0,8,0,0,0,0,1,1,5,6,1,38,7,1798,8,7,LEXUS CT 200,4,E01010599,0,-1
2023010456762,2023,010456762,2,8,0,99,99,9,9,99,99,9,9,99,9,99,2,9,6,6,1,43,7,1798,8,7,-1,2,E01003598,0,-1
2023111331392,2023,111331392,1,9,0,18,19,4,8,0,0,1,0,0,0,0,1,1,6,6,2,43,7,1798,8,8,LEXUS CT 200,8,E01020690,0,-1
2023010433592,2023,010433592,2,9,0,5,5,5,1,0,0,0,0,0,0,0,1,1,6,6,1,77,11,1798,8,10,LEXUS CT 200,4,E01001421,0,-1
2023461382381,2023,461382381,2,9,0,18,19,5,1,0,0,1,0,0,0,0,1,1,6,6,2,51,8,1798,8,4,LEXUS CT 200,2,E01024020,0,-1
2023201315254,2023,201315254,2,9,0,18,19,8,4,0,0,0,0,0,0,0,1,1,6,6,1,-1,-1,1791,8,12,LEXUS CT 200,-1,-1,0,-1
2023622300315,2023,622300315,1,9,0,1,1,6,2,0,0,0,0,0,0,0,2,1,6,6,2,60,9,1791,8,11,LEXUS CT 200,4,W01001149,0,-1
2023522301085,2023,522301085,3,9,0,3,3,2,6,0,0,8,0,0,0,0,2,1,6,6,1,32,6,1798,8,6,LEXUS CT 200,7,E01014893,0,-1
2023131279363,2023,131279363,3,9,0,2,2,0,0,0,0,8,0,0,0,0,3,1,5,6,1,40,7,1798,8,9,LEXUS CT 200,2,E01010806,0,-1
2023010479178,2023,010479178,1,9,0,99,99,9,9,99,99,9,9,99,9,99,0,9,6,6,2,-1,-1,1798,8,5,LEXUS CT 200,7,E01000241,0,-1
2023131373425,2023,131373425,1,9,0,17,19,5,1,0,0,1,1,0,1,0,1,1,1,1,1,33,6,1798,8,5,LEXUS CT 200,1,E01010623,0,-1
2023010473003,2023,010473003,2,8,0,9,9,1,6,0,0,1,0,0,0,0,4,1,1,1,1,36,7,1798,8,6,-1,5,E01002622,0,-1
2023501392622,2023,501392622,1,9,0,5,5,2,6,0,0,1,0,0,0,0,1,1,1,1,1,28,6,1798,8,9,LEXUS CT 200,6,E01019997,0,-1
2023541152823,2023,541152823,1,9,0,18,19,1,5,0,0,0,0,0,0,0,1,1,6,6,1,74,10,1798,8,11,LEXUS CT 200,10,E01031864,0,-1
2023010444000,2023,010444000,1,9,0,99,99,9,9,99,99,9,9,99,9,99,9,9,6,6,1,44,7,1798,8,11,LEXUS CT 200,2,E01004242,0,-1
2023421364572,2023,421364572,3,9,0,10,10,5,6,0,0,8,0,0,0,0,3,1,1,1,1,26,6,1798,8,7,LEXUS CT 200,4,E01022011,0,-1
2023010460203,2023,010460203,2,9,0,99,99,9,9,99,99,9,9,99,9,99,1,9,6,6,3,-1,-1,1798,8,5,LEXUS CT 200,-1,-1,0,-1
2023010438672,2023,010438672,2,9,0,99,99,9,9,99,99,9,9,99,9,99,1,9,6,6,2,53,8,1798,8,9,LEXUS CT 200,3,E01000114,0,-1
2023010463155,2023,010463155,1,9,0,18,19,1,5,0,0,0,0,0,1,7,3,1,6,6,1,32,6,1798,8,8,LEXUS CT 200,4,E01002455,0,-1
2023010467185,2023,010467185,2,9,0,9,9,3,1,0,0,5,0,0,0,0,1,1,6,6,1,18,4,1798,8,8,LEXUS CT 200,2,E01001447,0,-1
2023010436420,2023,010436420,3,9,0,2,2,0,0,0,0,0,0,0,0,0,4,1,6,6,3,-1,-1,1798,8,9,LEXUS CT 200,-1,-1,0,-1
2023131381558,2023,131381558,1,9,0,17,19,3,3,0,0,6,0,0,3,0,1,1,2,2,1,28,6,1798,8,9,LEXUS CT 200,1,E01010829,0,-1
2023010439843,2023,010439843,1,9,0,99,99,9,9,99,99,9,9,99,9,99,4,9,6,6,1,-1,-1,1798,8,7,LEXUS CT 200,2,E01004224,0,-1
2023131265897,2023,131265897,1,9,0,18,19,5,1,0,0,0,0,0,1,5,1,1,5,6,2,47,8,1798,8,4,LEXUS CT 200,8,E01011496,0,-1
2023010447579,2023,010447579,1,9,0,14,14,3,7,0,0,1,0,0,0,0,1,1,2,2,1,66,10,1791,8,12,LEXUS CT 200,10,E01004093,0,-1
2023461351593,2023,461351593,2,9,0,3,3,1,5,0,0,4,0,0,0,0,2,1,3,7,2,42,7,1798,8,5,LEXUS CT 200,4,E01000475,0,-1
2023010440544,2023,010440544,1,9,0,99,99,9,9,99,99,9,9,99,9,99,9,9,6,6,1,30,6,1798,8,4,LEXUS CT 200,9,E01001123,0,-1
2023461367509,2023,461367509,1,9,0,18,19,5,3,8,6,0,1,0,0,0,1,1,6,6,2,57,9,1798,8,5,LEXUS CT 200,10,E01024365,0,-1
2023451283273,2023,451283273,3,9,0,18,19,1,5,0,0,0,0,0,0,0,1,1,5,6,2,45,7,1798,8,9,LEXUS CT 200,9,E01030301,0,-1
2023122301021,2023,122301021,2,9,0,18,19,8,4,0,0,0,0,0,1,11,1,1,6,6,2,68,10,1798,8,6,LEXUS CT 200,6,E01010797,0,-1
2023010459796,2023,010459796,1,9,0,99,99,9,9,99,99,0,9,99,9,99,2,9,6,6,2,48,8,1798,8,10,LEXUS CT 200,2,E01004686,0,-1
2023010467351,2023,010467351,1,9,0,9,9,6,3,0,0,8,0,0,0,0,1,1,6,6,2,74,10,1798,8,4,LEXUS CT 200,5,E01001157,0,-1
2023332300734,2023,332300734,1,9,0,9,9,3,1,0,0,5,0,0,0,0,1,1,6,6,1,75,10,1798,8,11,LEXUS CT 200,6,E01025767,0,-1
2023201291923,2023,201291923,2,8,0,3,3,2,6,0,0,1,0,0,0,0,2,1,2,2,1,54,8,1798,8,8,-1,7,E01010024,0,-1
2023131279363,2023,131279363,1,9,0,6,6,5,1,0,0,8,0,11,0,0,3,1,1,1,1,62,9,1791,8,12,LEXUS CT 200,1,E01010809,0,-1
2023201432811,2023,201432811,2,9,0,7,7,4,6,0,0,6,0,10,1,0,4,1,6,6,1,24,5,1798,8,9,LEXUS CT 200,1,E01009491,0,-1
2023010446760,2023,010446760,2,8,0,99,99,9,9,99,99,9,9,99,9,99,9,9,6,6,2,73,10,1798,8,6,-1,10,E01032623,0,-1
2023052301209,2023,052301209,1,9,0,4,4,3,7,0,0,0,0,0,0,0,4,1,1,1,1,58,9,1798,8,8,LEXUS CT 200,1,E01006562,0,-1
2023411357221,2023,411357221,2,9,0,18,19,-1,-1,0,0,0,0,0,0,0,2,1,6,6,2,36,7,1798,8,7,LEXUS CT 200,-1,-1,0,-1
2023010486969,2023,010486969,2,9,9,99,99,9,9,99,99,9,9,99,9,99,9,9,6,6,3,-1,-1,1798,8,4,LEXUS CT 200,-1,-1,0,-1
2023231293189,2023,231293189,2,9,0,18,19,2,6,0,0,8,0,0,0,0,3,1,1,1,1,35,6,1798,8,7,LEXUS CT 200,1,E01009659,0,-1
2023131389440,2023,131389440,2,9,0,2,2,0,0,0,0,0,0,0,0,0,1,1,6,6,3,-1,-1,1798,8,11,LEXUS CT 200,-1,-1,0,-1
2023544258523,2023,544258523,1,9,0,9,9,6,4,0,0,1,0,0,0,0,4,1,6,6,1,25,5,1798,8,5,LEXUS CT 200,7,E01014959,0,-1
2023302301760,2023,302301760,1,9,0,18,19,8,3,0,0,8,0,0,0,0,1,1,6,6,1,70,10,1798,8,5,LEXUS CT 200,10,E01013564,0,-1
2023201416488,2023,201416488,1,9,0,18,19,3,7,0,0,3,0,0,0,0,1,1,6,6,1,-1,-1,1798,8,11,LEXUS CT 200,-1,-1,0,-1
2023332300538,2023,332300538,1,9,0,18,19,3,7,0,0,0,0,0,0,0,3,1,6,6,2,36,7,1798,8,7,LEXUS CT 200,-1,-1,0,-1
2023010440010,2023,010440010,1,9,9,99,99,9,9,99,99,9,9,99,9,99,9,9,6,6,1,32,6,1798,8,6,LEXUS CT 200,2,E01004231,0,-1
2023421346811,2023,421346811,2,9,0,18,19,1,5,0,0,1,0,0,0,0,4,1,5,6,2,36,7,1798,8,10,LEXUS CT 200,6,E01015860,0,-1
2023010476841,2023,010476841,3,9,0,4,4,3,7,0,0,1,0,0,0,0,2,1,3,7,2,53,8,1798,8,11,LEXUS CT 200,4,E01002369,0,-1
2023010461625,2023,010461625,1,9,0,16,19,7,3,0,0,4,1,9,8,7,1,1,6,6,1,41,7,1798,8,10,LEXUS CT 200,-1,-1,0,-1
2023010445068,2023,010445068,2,9,0,99,99,9,9,99,99,9,9,99,9,99,1,9,6,6,3,-1,-1,1798,8,7,LEXUS CT 200,-1,-1,0,-1
2023531365668,2023,531365668,1,9,0,4,4,5,1,0,0,0,0,0,0,0,4,1,5,6,2,47,8,1791,8,12,LEXUS CT 200,7,E01022302,0,-1
2023010431210,2023,010431210,1,9,0,18,19,1,5,0,0,1,0,0,0,0,3,1,3,7,2,26,6,1798,8,5,LEXUS CT 200,4,E01003541,0,-1
2023010445366,2023,010445366,1,9,0,18,19,3,7,9,9,0,0,0,0,0,1,1,1,1,1,31,6,1798,8,8,LEXUS CT 200,3,E01003122,0,-1
2023131373511,2023,131373511,2,9,0,3,3,6,2,0,0,1,0,0,0,0,1,1,5,6,1,40,7,1791,8,11,LEXUS CT 200,7,E01011506,0,-1
2023131294800,2023,131294800,1,9,0,9,9,1,7,0,0,8,0,0,0,0,4,1,1,1,1,47,8,1798,8,9,LEXUS CT 200,7,E01010636,0,-1
2023010449358,2023,010449358,1,9,0,99,99,9,9,99,99,9,9,99,9,99,9,9,6,6,2,41,7,1798,8,8,LEXUS CT 200,2,E01000095,0,-1
2023010456761,2023,010456761,1,9,0,18,19,3,7,0,0,1,0,0,0,0,2,1,2,2,1,54,8,1791,8,12,LEXUS CT 200,8,E01021433,0,-1
2023440127785,2023,440127785,2,9,0,18,19,5,1,0,0,0,0,0,0,0,1,1,6,6,1,27,6,1791,8,11,LEXUS CT 200,5,E01017206,0,-1
2023010455205,2023,010455205,1,9,0,99,99,9,9,99,99,0,9,99,9,99,2,9,2,2,1,43,7,1798,8,3,LEXUS CT 200,3,E01003734,0,-1
2023061312897,2023,061312897,2,9,0,18,19,8,4,0,0,0,0,0,0,0,1,1,5,6,1,86,11,1798,8,10,LEXUS CT 200,1,E01005252,0,-1
2023201271230,2023,201271230,1,9,0,9,9,7,5,0,0,5,0,0,0,0,4,1,6,6,1,19,4,1798,8,8,LEXUS CT 200,9,E01020954,0,-1
2023010419711,2023,010419711,2,9,9,99,99,9,9,99,99,9,9,99,9,99,9,9,6,6,3,-1,-1,1791,8,12,LEXUS CT 200,4,E01003559,0,-1
2023010441322,2023,010441322,1,9,0,7,7,5,6,0,0,2,0,0,0,0,4,1,1,1,2,41,7,1798,8,6,LEXUS CT 200,8,E01004194,0,-1
2023010470963,2023,010470963,1,9,0,9,9,3,1,0,0,6,0,0,0,0,1,1,2,2,2,55,8,1798,8,11,LEXUS CT 200,4,E01016462,0,-1
2023010458194,2023,010458194,1,9,0,99,99,9,9,99,99,9,9,99,9,99,2,9,6,6,1,30,6,1798,8,7,LEXUS CT 200,3,E01000226,0,-1
2023201376786,2023,201376786,2,9,0,3,3,7,3,0,0,2,0,0,0,0,2,1,6,6,1,25,5,1798,8,4,LEXUS CT 200,8,E01010209,0,-1
2023361389881,2023,361389881,3,9,0,18,19,4,3,0,0,0,0,0,0,0,1,1,5,6,2,46,8,1798,8,8,LEXUS CT 200,6,E01026430,0,-1
2023010483463,2023,010483463,2,9,0,18,19,5,1,0,0,8,0,0,0,0,3,1,6,6,1,26,6,1791,8,12,LEXUS CT 200,2,E01001826,0,-1
2023131266351,2023,131266351,1,9,0,16,19,7,3,0,0,8,0,0,0,0,3,1,1,1,1,53,8,1798,8,8,LEXUS CT 200,4,E01010669,0,-1
2023010485631,2023,010485631,1,9,0,99,99,9,9,99,99,9,9,99,9,99,2,9,6,6,1,36,7,1798,8,4,LEXUS CT 200,4,E01003758,0,-1
2023010459990,2023,010459990,2,9,0,9,9,1,6,4,4,4,0,0,0,0,2,1,6,6,1,38,7,1798,8,8,LEXUS CT 200,2,E01002793,0,-1
2023010430759,2023,010430759,1,9,0,18,19,1,5,0,0,0,0,0,0,0,3,1,6,6,1,45,7,1798,8,11,LEXUS CT 200,2,E01001560,0,-1
2023430531001,2023,430531001,2,9,0,12,12,8,4,0,0,0,0,0,0,0,2,1,6,6,1,71,10,1798,8,8,LEXUS CT 200,10,E01017820,0,-1
2023201384315,2023,201384315,2,9,0,9,9,6,3,0,0,5,0,0,0,0,0,1,1,1,1,52,8,1791,8,12,LEXUS CT 200,3,E01009792,0,-1
2023520301397,2023,520301397,2,9,0,18,19,3,1,0,0,0,0,0,0,0,3,1,6,6,2,53,8,1798,8,7,LEXUS CT 200,4,E01032101,0,-1
2023010480608,2023,010480608,1,9,0,9,9,8,6,0,0,8,0,0,0,0,1,1,1,1,2,73,10,1798,8,8,LEXUS CT 200,2,E01001215,0,-1
2023522400091,2023,522400091,1,9,0,18,19,8,4,0,0,0,0,0,0,0,1,1,6,6,1,33,6,1798,8,9,LEXUS CT 200,4,E01014645,0,-1
2023340WN4772,2023,340WN4772,1,9,0,18,19,1,5,0,0,6,0,0,0,0,1,1,6,6,2,45,7,1798,8,4,LEXUS CT 200,1,E01027199,0,-1
2023010473340,2023,010473340,1,9,0,99,99,9,9,99,99,9,9,99,9,99,9,9,6,6,1,26,6,1798,8,11,LEXUS CT 200,1,E01001787,0,-1
2023010448694,2023,010448694,2,9,0,99,99,9,9,0,0,5,0,0,0,0,4,1,6,6,1,37,7,1798,8,9,LEXUS CT 200,5,E01004188,0,-1
2023010464713,2023,010464713,2,9,0,12,12,3,7,0,0,0,0,0,0,0,3,1,6,6,1,22,5,1798,8,4,LEXUS CT 200,3,E01003574,0,-1
2023010456787,2023,010456787,3,9,0,18,19,1,5,0,0,0,0,0,0,0,2,1,1,1,1,44,7,1798,8,4,LEXUS CT 200,3,E01002413,0,-1
2023231329403,2023,231329403,1,9,0,4,4,6,2,0,0,0,0,0,0,0,1,1,5,6,1,67,10,1791,8,12,LEXUS CT 200,6,E01009531,0,-1
2023010478034,2023,010478034,1,9,0,2,2,0,0,0,0,1,0,0,0,0,3,1,6,6,3,-1,-1,1798,8,4,LEXUS CT 200,-1,-1,0,-1
2023010477445,2023,010477445,1,9,0,6,6,6,6,0,0,1,0,0,0,0,1,1,2,2,1,31,6,1791,8,12,LEXUS CT 200,4,E01004221,0,-1
2023170S10573,2023,170S10573,1,9,0,17,19,5,2,0,0,0,0,0,1,0,1,1,6,6,2,31,6,1798,8,5,LEXUS CT 200,9,E01012256,0,-1
2023010460317,2023,010460317,2,9,0,18,19,7,3,0,0,8,0,0,0,0,4,1,6,6,1,34,6,1798,8,9,LEXUS CT 200,7,E01003651,0,-1
2023010484453,2023,010484453,1,9,0,99,99,9,9,99,99,9,9,99,9,99,1,9,6,6,3,26,6,1798,8,8,LEXUS CT 200,2,E01001361,0,-1
2023010479302,2023,010479302,1,8,0,99,99,9,9,99,99,9,9,99,9,99,2,9,1,1,1,38,7,1798,8,9,-1,2,E01002669,0,-1
2023461308909,2023,461308909,2,9,0,3,3,7,3,0,0,2,0,0,0,0,3,1,6,6,1,31,6,1798,8,10,LEXUS CT 200,4,E01003568,0,-1
2023201312665,2023,201312665,3,9,0,18,19,5,1,0,0,1,0,0,0,0,1,1,6,6,1,52,8,1798,8,10,LEXUS CT 200,1,E01009338,0,-1
2023411383346,2023,411383346,1,9,0,18,19,5,8,0,0,0,0,0,0,0,1,1,6,6,1,37,7,1791,8,12,LEXUS CT 200,9,E01013981,0,-1
2023451309742,2023,451309742,2,9,0,18,19,3,7,0,0,4,0,0,0,0,1,1,5,6,1,26,6,1798,8,8,LEXUS CT 200,5,E01003161,0,-1
2023131354327,2023,131354327,1,9,0,18,19,7,3,0,0,8,0,0,0,0,1,1,1,1,1,41,7,1798,8,10,LEXUS CT 200,1,E01010622,0,-1
2023010495666,2023,010495666,1,9,0,99,99,9,9,99,99,9,9,99,9,99,9,9,6,6,3,-1,-1,1798,8,9,LEXUS CT 200,-1,-1,0,-1
2023411391371,2023,411391371,1,9,0,99,99,8,4,0,0,6,0,0,0,0,1,1,6,6,1,36,7,1798,8,10,LEXUS CT 200,7,E01017587,0,-1
2023010422558,2023,010422558,1,9,0,18,19,3,7,0,0,0,0,0,0,0,3,1,6,6,1,31,6,1791,8,11,LEXUS CT 200,1,E01033584,0,-1
2023141379815,2023,141379815,1,9,0,18,19,4,8,0,0,8,0,0,0,0,1,1,1,1,1,41,7,1798,8,11,LEXUS CT 200,1,E01010624,0,-1
2023131304460,2023,131304460,2,9,0,18,19,1,5,0,0,0,0,0,0,0,2,1,6,6,2,36,7,1798,8,8,LEXUS CT 200,1,E01010813,0,-1