collision_index,collision_year,collision_ref_no,vehicle_reference,vehicle_type,towing_and_articulation,vehicle_manoeuvre_historic,vehicle_manoeuvre,vehicle_direction_from,vehicle_direction_to,vehicle_location_restricted_lane_historic,vehicle_location_restricted_lane,junction_location,skidding_and_overturning,hit_object_in_carriageway,vehicle_leaving_carriageway,hit_object_off_carriageway,first_point_of_impact,vehicle_left_hand_drive,journey_purpose_of_driver_historic,journey_purpose_of_driver,sex_of_driver,age_of_driver,age_band_of_driver,engine_capacity_cc,propulsion_code,age_of_vehicle,generic_make_model,driver_imd_decile,lsoa_of_driver,escooter_flag,driver_distance_banding
2023010442025,2023,010442025,1,9,0,3,3,1,5,0,0,1,0,0,0,0,4,1,6,6,2,34,6,1791,8,12,LEXUS CT 200,2,E01003557,0,-1
2023311258667,2023,311258667,2,9,0,18,19,5,1,0,0,0,0,0,0,0,1,1,5,6,1,41,7,1798,8,9,LEXUS CT 200,-1,-1,0,-1
2023131373958,2023,131373958,1,9,0,18,19,7,3,0,0,0,0,0,0,0,1,1,6,6,3,-1,-1,1798,8,6,LEXUS CT 200,-1,-1,0,-1
2023131332293,2023,131332293,2,9,0,2,2,2,6,0,0,0,0,0,0,0,2,1,6,6,3,-1,-1,1791,8,12,LEXUS CT 200,-1,-1,0,-1
2023010462725,2023,010462725,2,9,0,18,19,1,5,0,0,0,0,4,0,0,4,1,6,6,2,25,5,1798,8,8,LEXUS CT 200,7,E01001134,0,-1
2023010470009,2023,010470009,2,9,0,13,13,5,1,0,0,8,5,4,0,0,4,1,6,6,2,23,5,1791,8,12,LEXUS CT 200,8,E01002206,0,-1
2023131345935,2023,131345935,1,9,0,4,4,2,6,0,0,1,0,0,0,0,3,1,6,6,3,-1,-1,1798,8,8,LEXUS CT 200,-1,-1,0,-1
2023451318796,2023,451318796,1,9,0,18,19,3,7,0,0,0,0,0,0,0,1,1,2,2,2,34,6,1798,8,5,LEXUS CT 200,1,E01021323,0,-1
2023010419192,2023,010419192,1,9,0,3,3,5,1,0,0,8,0,0,0,0,2,1,1,1,1,33,6,1798,8,7,LEXUS CT 200,-1,-1,0,-1
2023010477584,2023,010477584,1,9,0,18,19,7,3,0,0,0,0,0,0,0,1,1,6,6,2,39,7,1798,8,9,LEXUS CT 200,5,E01002399,0,-1
2023141312589,2023,141312589,2,9,0,18,19,5,1,0,0,0,0,0,0,0,2,1,5,6,1,54,8,1798,8,3,LEXUS CT 200,10,E01031331,0,-1
2023991388774,2023,991388774,3,9,0,18,19,3,7,0,0,1,0,0,0,0,1,1,5,6,1,69,10,1798,8,5,LEXUS CT 200,-1,-1,0,-1
2023332300458,2023,332300458,1,9,0,5,5,8,4,0,0,8,0,0,0,0,4,1,2,2,1,31,6,1791,8,12,LEXUS CT 200,1,E01013675,0,-1
2023340NN1772,2023,340NN1772,1,9,0,9,9,4,8,0,0,6,0,0,0,0,1,1,6,6,1,81,11,1798,8,8,LEXUS CT 200,7,E01017545,0,-1
2023010448519,2023,010448519,2,9,0,99,99,9,9,99,99,9,9,99,9,99,1,9,6,6,3,-1,-1,1798,8,10,LEXUS CT 200,1,E01004247,0,-1
2023201278263,2023,201278263,1,9,0,7,7,5,6,0,0,5,0,0,0,0,4,1,6,6,2,38,7,1798,8,7,LEXUS CT 200,1,E01010294,0,-1
2023010454634,2023,010454634,1,9,0,18,19,1,5,0,0,0,0,0,0,0,0,1,6,6,2,45,7,1798,8,8,LEXUS CT 200,3,E01000257,0,-1
2023411339441,2023,411339441,2,9,0,18,19,5,1,0,0,3,0,0,0,0,2,1,6,6,2,40,7,1791,8,12,LEXUS CT 200,8,E01023763,0,-1
2023010448836,2023,010448836,2,9,0,5,5,6,2,0,0,1,0,0,0,0,1,1,6,6,1,67,10,1798,8,10,LEXUS CT 200,6,E01003378,0,-1
2023430219854,2023,430219854,2,9,0,4,4,1,5,0,0,0,0,0,0,0,2,1,6,6,2,-1,-1,1798,8,4,LEXUS CT 200,9,W01001623,0,-1
2023010422187,2023,010422187,1,9,0,99,99,9,9,99,99,0,9,99,9,99,9,9,6,6,2,61,9,1798,8,7,LEXUS CT 200,3,E01001311,0,-1
2023131290093,2023,131290093,1,9,0,18,19,5,2,0,0,0,0,0,1,0,1,1,5,6,1,34,6,1798,8,9,LEXUS CT 200,1,E01033003,0,-1
2023461266978,2023,461266978,2,9,0,3,3,6,2,0,0,0,0,0,0,0,2,1,2,2,1,38,7,1798,8,5,LEXUS CT 200,8,E01024077,0,-1
2023131266441,2023,131266441,2,9,0,4,4,0,0,0,0,1,0,0,0,0,1,1,1,1,1,44,7,1798,8,9,LEXUS CT 200,2,E01011030,0,-1
2023010438527,2023,010438527,1,9,0,7,7,5,7,0,0,1,0,0,0,0,4,1,6,6,3,-1,-1,1791,8,12,LEXUS CT 200,-1,-1,0,-1
2023010466470,2023,010466470,1,9,0,18,19,5,1,0,0,0,0,0,0,0,1,1,6,6,1,33,6,1798,8,4,LEXUS CT 200,8,E01024286,0,-1
2023451286772,2023,451286772,2,9,0,18,19,1,2,0,0,1,0,0,0,0,1,1,6,6,1,30,6,1798,8,11,LEXUS CT 200,-1,-1,0,-1
2023311262741,2023,311262741,6,9,0,2,2,0,0,9,9,2,0,0,0,0,0,1,6,6,3,-1,-1,1798,8,4,LEXUS CT 200,-1,-1,0,-1
2023201284517,2023,201284517,3,9,0,18,19,7,3,0,0,1,0,0,0,0,3,1,6,6,1,41,7,1798,8,7,LEXUS CT 200,2,E01010019,0,-1
2023061393603,2023,061393603,4,9,0,18,19,1,5,0,0,0,0,0,0,0,2,1,5,6,1,76,11,1798,8,6,LEXUS CT 200,6,E01011490,0,-1
2023411300722,2023,411300722,2,8,0,3,3,-1,-1,0,0,1,0,0,0,0,2,1,1,1,1,32,6,1798,8,9,-1,5,E01000594,0,-1
2023010424688,2023,010424688,1,9,0,5,5,5,1,0,0,1,0,0,0,0,1,1,1,1,2,35,6,1798,8,8,LEXUS CT 200,1,E01004199,0,-1
2023010434057,2023,010434057,1,9,0,99,99,9,9,99,99,9,9,99,9,99,9,9,6,6,1,41,7,1798,8,7,LEXUS CT 200,7,E01002930,0,-1
2023131266408,2023,131266408,2,9,0,18,19,1,1,0,0,0,0,0,0,0,3,1,6,6,1,49,8,1798,8,8,LEXUS CT 200,4,E01011647,0,-1
2023501362982,2023,501362982,1,9,0,18,19,5,3,0,0,0,0,0,0,0,3,1,6,6,1,76,11,1798,8,4,LEXUS CT 200,7,E01018818,0,-1
2023131290373,2023,131290373,1,8,0,5,5,7,-1,0,0,6,0,0,0,0,1,1,6,6,3,-1,-1,1798,8,6,-1,-1,-1,0,-1
2023010480703,2023,010480703,1,9,0,18,19,3,7,0,0,0,0,0,0,0,1,1,6,6,1,70,10,1798,8,6,LEXUS CT 200,2,E01000470,0,-1
2023010442216,2023,010442216,1,9,0,99,99,9,9,99,99,9,9,99,9,99,2,9,6,6,3,-1,-1,1798,8,10,LEXUS CT 200,-1,-1,0,-1
2023010452242,2023,010452242,2,9,0,99,99,9,9,99,99,9,9,99,9,99,9,9,6,6,3,-1,-1,1798,8,7,LEXUS CT 200,-1,-1,0,-1
2023010467165,2023,010467165,2,9,0,99,99,9,9,99,99,9,9,99,9,99,1,9,6,6,3,-1,-1,1791,8,12,LEXUS CT 200,-1,-1,0,-1
2023052302368,2023,052302368,1,9,0,5,5,5,3,0,0,8,0,0,1,11,1,1,6,6,1,49,8,1798,8,6,LEXUS CT 200,1,E01033763,0,-1
2023461318113,2023,461318113,1,9,0,4,4,1,4,0,0,6,0,0,0,0,1,1,3,7,2,48,8,1798,8,10,LEXUS CT 200,10,E01024139,0,-1
2023010436273,2023,010436273,2,9,0,99,99,9,9,99,99,9,9,99,9,99,1,9,6,6,3,-1,-1,1798,8,8,LEXUS CT 200,-1,-1,0,-1
2023010484286,2023,010484286,2,9,0,18,19,5,1,0,0,1,0,0,0,0,1,1,6,6,1,63,9,1798,8,9,LEXUS CT 200,4,E01003277,0,-1
2023401355129,2023,401355129,2,9,0,18,19,5,2,0,0,0,0,0,0,0,1,1,6,6,2,33,6,1798,8,5,LEXUS CT 200,8,E01017583,0,-1
2023421272356,2023,421272356,1,9,0,9,9,7,3,0,0,8,0,0,0,0,4,1,5,6,1,31,6,1798,8,11,LEXUS CT 200,2,E01015839,0,-1
2023061336752,2023,061336752,1,9,-1,-1,-1,-1,-1,-1,-1,-1,-1,-1,-1,0,1,1,5,6,1,50,8,1798,8,11,LEXUS CT 200,4,E01004943,0,-1
2023201381777,2023,201381777,1,9,0,18,19,8,4,0,0,4,0,0,0,0,4,1,6,6,3,20,4,1798,8,3,LEXUS CT 200,-1,-1,0,-1
2023332300784,2023,332300784,2,9,0,3,3,5,1,0,0,0,0,0,0,0,2,1,6,6,2,43,7,1798,8,7,LEXUS CT 200,6,E01013642,0,-1
2023161295755,2023,161295755,2,9,0,18,19,4,8,0,0,0,0,0,0,0,1,1,5,6,2,30,6,1791,8,12,LEXUS CT 200,6,E01013276,0,-1
2023061313983,2023,061313983,2,9,0,9,9,6,4,0,0,8,0,0,0,0,1,1,6,6,1,35,6,1798,8,4,LEXUS CT 200,3,E01005435,0,-1
2023070483481,2023,070483481,1,9,0,9,9,5,1,0,0,8,0,0,0,0,4,1,6,6,1,-1,-1,1798,8,4,LEXUS CT 200,10,E01012517,0,-1
2023440216959,2023,440216959,1,9,0,18,19,1,5,0,0,0,0,0,7,4,1,1,6,6,1,60,9,1798,8,9,LEXUS CT 200,5,E01016233,0,-1
2023451306836,2023,451306836,3,9,0,4,4,1,5,0,0,0,0,0,0,0,2,1,5,6,2,62,9,1791,8,11,LEXUS CT 200,10,E01016606,0,-1
2023061328793,2023,061328793,1,8,0,5,5,3,7,0,0,0,0,0,0,0,4,1,5,6,1,37,7,1798,8,6,-1,1,E01005196,0,-1
2023010420849,2023,010420849,2,9,0,99,99,9,9,99,99,9,9,99,9,99,9,9,6,6,3,-1,-1,1791,8,12,LEXUS CT 200,3,E01003522,0,-1
2023531360734,2023,531360734,2,9,0,11,11,5,1,0,0,0,0,0,0,0,2,1,5,6,1,27,6,1798,8,4,LEXUS CT 200,7,E01022302,0,-1
2023201415069,2023,201415069,1,9,0,3,3,7,3,0,0,0,0,0,0,0,1,1,6,6,1,43,7,1798,8,10,LEXUS CT 200,3,E01006073,0,-1
2023010436727,2023,010436727,1,9,0,18,19,7,3,0,0,8,0,0,0,0,2,1,6,6,2,23,5,1798,8,11,LEXUS CT 200,9,E01002110,0,-1
2023010471880,2023,010471880,2,9,0,99,99,9,9,99,99,9,9,99,9,99,1,9,6,6,1,44,7,1798,8,10,LEXUS CT 200,4,E01004016,0,-1
2023440061101,2023,440061101,1,9,0,16,19,2,6,0,0,8,0,0,7,1,1,1,6,6,2,27,6,1798,8,10,LEXUS CT 200,-1,-1,0,-1
2023010480205,2023,010480205,2,9,0,18,19,3,7,0,0,1,0,0,0,0,1,1,6,6,2,27,6,1798,8,7,LEXUS CT 200,2,E01003092,0,-1
2023010429292,2023,010429292,2,9,0,99,99,9,9,99,99,9,9,99,9,99,1,9,6,6,3,40,7,1791,8,12,LEXUS CT 200,1,E01003192,0,-1
2023010438489,2023,010438489,1,9,0,5,5,5,1,0,0,2,0,0,0,0,1,1,1,1,1,31,6,1798,8,6,LEXUS CT 200,7,E01000215,0,-1
2023041369521,2023,041369521,1,9,0,18,19,3,7,0,0,0,0,0,0,0,1,1,5,6,1,21,5,1590,1,31,-1,9,E01006841,0,-1
2023010428948,2023,010428948,1,9,0,99,99,9,9,99,99,9,9,99,9,99,1,9,6,6,2,-1,-1,1995,2,8,MINI COUNTRYMAN,-1,-1,0,-1
2023010476283,2023,010476283,2,9,0,99,99,9,9,99,99,9,9,99,9,99,9,9,6,6,3,-1,-1,1499,8,4,MINI COUNTRYMAN,-1,-1,0,-1
2023122300219,2023,122300219,1,9,0,7,7,7,3,0,0,1,0,0,0,0,1,1,3,7,2,47,8,1499,1,1,MINI COUNTRYMAN,8,E01027896,0,-1
2023041389171,2023,041389171,1,9,0,18,19,5,1,0,0,0,0,0,0,0,1,1,1,1,2,29,6,1998,2,5,MINI COUNTRYMAN,10,E01013352,0,-1
2023221330385,2023,221330385,2,9,0,18,19,5,1,0,0,0,0,0,0,0,1,1,5,6,1,55,8,1499,1,4,MINI COUNTRYMAN,1,E01009110,0,-1
2023430231989,2023,430231989,6,9,0,18,19,3,7,0,0,0,0,0,0,0,1,1,6,6,2,67,10,1499,1,3,MINI COUNTRYMAN,5,E01033080,0,-1
2023461369634,2023,461369634,2,9,0,17,19,3,1,0,0,0,1,0,0,0,3,1,5,6,2,37,7,1499,8,6,MINI COUNTRYMAN,6,E01023979,0,-1
2023010457657,2023,010457657,1,9,0,99,99,9,9,99,99,0,9,99,9,99,2,9,2,2,2,40,7,1998,1,1,MINI COUNTRYMAN,7,E01002871,0,-1
2023131343987,2023,131343987,1,9,0,18,19,7,3,0,0,1,0,0,0,0,4,1,2,2,2,34,6,1598,1,7,MINI COUNTRYMAN,1,E01010924,0,-1
2023010477774,2023,010477774,3,9,0,18,19,7,3,0,0,8,0,4,0,0,1,1,6,6,2,64,9,1995,2,7,MINI COUNTRYMAN,-1,-1,0,-1
2023421291823,2023,421291823,1,9,0,18,19,3,7,0,0,8,0,0,0,0,4,1,6,6,1,28,6,1998,1,2,MINI COUNTRYMAN,8,E01015892,0,-1
2023411397110,2023,411397110,2,9,0,12,12,5,2,0,0,1,0,0,0,0,1,1,6,6,2,27,6,1598,1,10,MINI COUNTRYMAN,8,E01017918,0,-1
2023201426398,2023,201426398,2,9,0,5,5,2,6,0,0,8,0,0,0,0,1,1,6,6,2,46,8,1499,1,6,MINI COUNTRYMAN,2,E01009121,0,-1
2023302300961,2023,302300961,1,9,0,5,5,8,4,0,0,0,0,0,7,11,4,1,6,6,2,49,8,1499,1,5,MINI COUNTRYMAN,7,E01019843,0,-1
2023461310824,2023,461310824,1,9,0,18,19,1,5,0,0,4,0,0,0,0,1,1,6,6,2,49,8,1995,2,7,MINI COUNTRYMAN,9,E01024056,0,-1
2023070637552,2023,070637552,2,9,0,11,11,4,8,0,0,1,0,0,0,0,3,1,2,2,2,37,7,1499,1,3,MINI COUNTRYMAN,9,E01018585,0,-1
2023451390150,2023,451390150,1,9,0,1,1,3,7,0,0,0,0,0,0,0,2,1,5,6,2,68,10,1499,1,0,MINI COUNTRYMAN,1,E01000643,0,-1
2023010440599,2023,010440599,1,9,0,5,5,7,3,0,0,8,0,0,0,0,1,1,6,6,1,35,6,1598,1,10,MINI COUNTRYMAN,10,E01003464,0,-1
2023061369794,2023,061369794,2,9,-1,-1,-1,-1,-1,-1,-1,-1,-1,-1,-1,0,-1,1,6,6,2,34,6,1995,2,10,MINI COUNTRYMAN,1,E01005342,0,-1
2023411290746,2023,411290746,2,9,0,18,19,5,1,0,0,8,0,0,0,0,1,1,6,6,1,53,8,1499,1,1,MINI COUNTRYMAN,10,E01023628,0,-1
2023131360877,2023,131360877,1,9,0,18,19,5,1,0,0,8,0,0,0,0,1,1,5,6,2,78,11,1598,2,8,MINI COUNTRYMAN,7,E01011214,0,-1
2023052301226,2023,052301226,1,9,0,18,19,3,7,0,0,0,0,0,0,0,1,1,6,6,2,59,9,1499,1,4,MINI COUNTRYMAN,5,E01005991,0,-1
2023010458049,2023,010458049,2,9,0,18,19,5,1,0,0,1,0,0,0,0,2,1,6,6,1,34,6,1499,8,5,MINI COUNTRYMAN,-1,-1,0,-1
2023461321918,2023,461321918,2,9,0,18,19,5,1,0,0,6,0,0,0,0,1,1,5,6,2,55,8,1598,2,8,MINI COUNTRYMAN,7,E01024726,0,-1
2023010466938,2023,010466938,2,9,0,99,99,9,9,99,99,9,9,99,9,99,9,9,6,6,3,-1,-1,1499,1,6,MINI COUNTRYMAN,-1,-1,0,-1
2023531390029,2023,531390029,2,9,0,4,4,4,8,0,0,0,0,0,0,0,2,1,2,2,2,55,8,1598,1,12,MINI COUNTRYMAN,-1,-1,0,-1
2023041338423,2023,041338423,2,9,0,18,19,7,3,0,0,4,0,0,0,0,1,1,1,1,2,59,9,1998,1,0,MINI COUNTRYMAN,-1,-1,0,-1
2023340NN1962,2023,340NN1962,2,9,0,18,19,7,3,0,0,1,0,0,0,0,1,1,1,1,2,45,7,1598,2,12,MINI COUNTRYMAN,8,E01027026,0,-1
2023010478779,2023,010478779,1,9,0,99,99,9,9,99,99,9,9,99,9,99,2,9,6,6,2,49,8,1998,1,5,MINI COUNTRYMAN,6,E01002005,0,-1
2023302300935,2023,302300935,1,9,0,4,4,8,4,0,0,1,0,0,0,0,2,1,6,6,3,56,9,1995,2,9,MINI COUNTRYMAN,1,E01027198,0,-1
2023531293368,2023,531293368,2,9,0,18,19,3,7,0,0,0,0,0,1,0,1,1,5,6,1,45,7,1998,1,4,MINI COUNTRYMAN,8,E01022213,0,-1
2023010487195,2023,010487195,2,9,0,99,99,9,9,99,99,9,9,99,9,99,9,9,6,6,3,-1,-1,1598,1,11,MINI COUNTRYMAN,-1,-1,0,-1
2023991296017,2023,991296017,1,9,0,18,19,3,7,0,0,0,0,0,0,0,1,1,2,2,2,48,8,1598,1,12,MINI COUNTRYMAN,10,-1,0,-1
2023041265262,2023,041265262,3,9,0,18,19,7,3,0,0,0,0,0,0,0,2,1,2,2,1,49,8,1998,1,3,MINI COUNTRYMAN,7,E01025594,0,-1
2023010425757,2023,010425757,1,9,0,9,9,5,2,0,0,2,0,0,0,0,1,1,2,2,2,25,5,1598,1,10,MINI COUNTRYMAN,10,E01000756,0,-1
2023451339641,2023,451339641,2,9,0,18,19,1,5,0,0,3,0,0,0,0,2,1,6,6,2,41,7,1499,1,3,MINI COUNTRYMAN,6,E01030765,0,-1
2023522400580,2023,522400580,2,9,0,9,9,4,2,0,0,8,0,0,0,0,1,1,6,6,2,47,8,1998,1,4,MINI COUNTRYMAN,7,E01014847,0,-1
2023421322554,2023,421322554,1,9,0,7,7,5,8,0,0,2,0,0,1,11,1,1,5,6,1,47,8,1598,1,10,MINI COUNTRYMAN,-1,-1,0,-1
2023991295427,2023,991295427,2,9,0,2,2,8,4,0,0,0,0,0,0,0,2,1,6,6,2,59,9,1499,1,2,MINI COUNTRYMAN,9,-1,0,-1
2023531345190,2023,531345190,2,9,0,3,3,5,1,0,0,1,0,0,0,0,2,1,5,6,1,55,8,1998,1,4,MINI COUNTRYMAN,5,E01004517,0,-1
2023041360335,2023,041360335,1,9,0,18,19,1,5,0,0,1,0,0,0,0,1,1,5,6,2,66,10,1998,1,5,MINI COUNTRYMAN,-1,-1,0,-1
2023010474934,2023,010474934,2,9,0,99,99,9,9,99,99,9,9,99,9,99,9,9,6,6,1,-1,-1,1998,1,0,MINI COUNTRYMAN,-1,-1,0,-1
2023991341578,2023,991341578,2,9,0,16,19,4,8,0,0,0,0,0,0,0,1,1,6,6,1,49,8,1998,2,5,MINI COUNTRYMAN,8,-1,0,-1
2023211319337,2023,211319337,4,9,0,3,3,5,4,0,0,1,0,0,0,0,2,1,6,6,2,44,7,1598,2,9,MINI COUNTRYMAN,9,E01029368,0,-1
2023010443633,2023,010443633,2,9,0,99,99,9,9,99,99,9,9,99,9,99,9,9,6,6,3,-1,-1,1598,1,9,MINI COUNTRYMAN,-1,-1,0,-1
2023421351353,2023,421351353,3,9,0,18,19,5,1,0,0,0,0,0,0,0,1,1,5,6,2,30,6,1598,1,13,MINI COUNTRYMAN,-1,-1,0,-1
2023010466159,2023,010466159,2,9,0,99,99,9,9,99,99,9,9,99,9,99,9,9,6,6,3,-1,-1,1598,1,7,MINI COUNTRYMAN,-1,-1,0,-1
2023161309575,2023,161309575,1,9,0,5,5,1,5,0,0,1,0,0,0,0,1,1,5,6,2,47,8,1499,1,6,MINI COUNTRYMAN,10,E01013060,0,-1
2023170L10363,2023,170L10363,2,9,0,17,19,2,8,0,0,0,0,0,0,0,1,1,6,6,2,42,7,1995,2,12,MINI COUNTRYMAN,4,E01012164,0,-1
2023161264572,2023,161264572,2,9,0,18,19,3,7,0,0,8,0,0,0,0,1,1,6,6,2,60,9,1995,2,10,MINI COUNTRYMAN,5,E01012994,0,-1
2023010420644,2023,010420644,2,9,0,18,19,5,1,0,0,0,0,0,0,0,2,1,6,6,2,33,6,1499,1,2,MINI COUNTRYMAN,2,E01001257,0,-1
2023451361632,2023,451361632,2,9,0,18,19,5,7,0,0,0,0,0,0,0,1,1,5,6,2,37,7,1598,2,11,MINI COUNTRYMAN,5,E01032731,0,-1
2023010452639,2023,010452639,2,9,0,9,9,7,5,0,0,2,0,0,0,0,3,1,2,2,2,81,11,1598,1,7,MINI COUNTRYMAN,9,E01000656,0,-1
2023351309901,2023,351309901,2,9,0,3,3,1,5,0,0,1,0,0,0,0,2,1,5,6,2,60,9,1998,1,6,MINI COUNTRYMAN,8,E01018003,0,-1
2023010465243,2023,010465243,2,9,0,99,99,9,9,99,99,9,9,99,9,99,1,9,6,6,3,-1,-1,1598,1,10,MINI COUNTRYMAN,-1,-1,0,-1
2023010429923,2023,010429923,1,9,0,18,19,3,7,0,0,2,0,0,0,0,0,1,6,6,2,57,9,1499,1,0,MINI COUNTRYMAN,10,E01000458,0,-1
2023010426280,2023,010426280,1,9,0,10,10,7,4,0,0,1,0,0,0,0,2,1,6,6,2,58,9,1998,1,5,MINI COUNTRYMAN,9,E01003868,0,-1
2023461390212,2023,461390212,2,9,0,3,3,2,6,0,0,0,0,0,0,0,2,1,5,6,1,55,8,1499,1,6,MINI COUNTRYMAN,8,E01033210,0,-1
2023010430083,2023,010430083,2,9,0,99,99,9,9,99,99,9,9,99,9,99,0,9,6,6,3,-1,-1,1598,1,8,MINI COUNTRYMAN,9,E01003809,0,-1
2023451335506,2023,451335506,2,9,0,18,19,1,5,0,0,0,0,0,0,0,1,1,6,6,3,45,7,1995,2,9,MINI COUNTRYMAN,-1,-1,0,-1
2023991343758,2023,991343758,1,9,0,18,19,3,7,0,0,2,0,0,0,0,1,1,5,6,2,80,11,1600,2,11,MINI COUNTRYMAN,-1,-1,0,-1
2023461283328,2023,461283328,1,9,0,18,19,7,3,0,0,0,0,0,0,0,1,1,6,6,2,-1,-1,1499,1,4,MINI COUNTRYMAN,6,E01024406,0,-1
2023622300644,2023,622300644,1,9,0,18,19,2,6,0,0,0,5,0,8,4,1,1,6,6,1,74,10,1499,1,3,MINI COUNTRYMAN,1,W01001880,0,-1
2023010477682,2023,010477682,2,9,0,18,19,1,5,0,0,1,0,0,0,0,1,2,6,6,1,70,10,1499,8,2,MINI COUNTRYMAN,9,E01004606,0,-1
2023461365790,2023,461365790,2,9,0,18,19,3,7,0,0,2,0,0,0,0,1,1,6,6,2,42,7,1598,2,11,MINI COUNTRYMAN,6,E01024220,0,-1
2023522400014,2023,522400014,2,9,0,4,4,3,7,0,0,1,0,0,0,0,2,1,6,6,2,37,7,1995,2,9,MINI COUNTRYMAN,3,E01014827,0,-1
2023010463812,2023,010463812,1,9,0,99,99,9,9,99,99,9,9,99,9,99,1,9,6,6,2,53,8,1499,8,1,MINI COUNTRYMAN,7,E01033500,0,-1
2023010449091,2023,010449091,1,9,0,15,15,3,7,0,0,1,0,0,0,0,4,1,2,2,1,34,6,1998,1,1,MINI COUNTRYMAN,-1,-1,0,-1
2023010428053,2023,010428053,1,9,0,5,5,1,5,0,0,0,0,0,0,0,0,1,6,6,1,52,8,1598,1,9,MINI COUNTRYMAN,10,E01004478,0,-1
2023991344085,2023,991344085,2,9,0,18,19,7,3,0,0,0,0,0,0,0,4,1,6,6,2,64,9,1995,2,8,MINI COUNTRYMAN,8,-1,0,-1
2023010427462,2023,010427462,2,9,0,99,99,9,9,99,99,9,9,99,9,99,1,9,6,6,2,55,8,1499,1,6,MINI COUNTRYMAN,6,E01000585,0,-1
2023421382802,2023,421382802,1,9,0,4,4,5,1,6,6,0,0,0,0,0,1,1,3,7,2,29,6,1998,1,6,MINI COUNTRYMAN,5,E01021602,0,-1
2023546194823,2023,546194823,4,9,0,2,2,0,0,0,0,0,0,0,0,0,3,1,6,6,2,-1,-1,1598,1,8,MINI COUNTRYMAN,-1,-1,0,-1
2023552301455,2023,552301455,2,9,0,18,19,8,4,0,0,8,0,0,0,0,3,1,6,6,2,48,8,1995,2,11,MINI COUNTRYMAN,3,E01015294,0,-1
2023070519363,2023,070519363,2,9,0,18,19,7,3,0,0,0,0,4,0,0,1,1,6,6,2,61,9,1598,2,11,MINI COUNTRYMAN,10,E01006085,0,-1
2023440165477,2023,440165477,1,9,0,7,7,3,5,0,0,8,0,0,0,0,0,1,6,6,1,60,9,1499,8,3,MINI COUNTRYMAN,9,E01022799,0,-1
2023010443809,2023,010443809,3,9,0,18,19,4,8,0,0,0,0,0,0,0,3,1,2,2,2,39,7,1499,1,2,MINI COUNTRYMAN,2,E01003689,0,-1
2023201405144,2023,201405144,1,9,0,18,19,5,1,0,0,0,0,4,0,0,1,1,6,6,1,62,9,1995,2,9,MINI COUNTRYMAN,2,E01032528,0,-1
2023991333327,2023,991333327,1,9,0,18,19,7,3,0,0,0,0,0,1,0,3,1,5,6,2,62,9,1499,1,0,MINI COUNTRYMAN,7,-1,0,-1
2023010472758,2023,010472758,1,9,0,99,99,9,9,99,99,0,9,99,9,99,1,9,6,6,3,50,8,1998,1,5,MINI COUNTRYMAN,5,E01003863,0,-1
2023311303011,2023,311303011,4,9,0,2,2,0,0,0,0,0,0,0,0,0,1,1,6,6,2,37,7,1598,1,13,MINI COUNTRYMAN,-1,-1,0,-1
2023101351616,2023,101351616,2,9,0,10,10,5,1,0,0,1,0,0,0,0,2,1,5,6,2,40,7,1995,2,11,MINI COUNTRYMAN,7,E01008364,0,-1
2023010429768,2023,010429768,3,9,0,2,2,0,0,0,0,0,0,0,0,0,2,1,6,6,3,-1,-1,1499,1,3,MINI COUNTRYMAN,-1,-1,0,-1
2023010467029,2023,010467029,1,9,0,18,19,4,8,0,0,1,0,10,7,2,1,1,2,2,1,31,6,1598,1,13,MINI COUNTRYMAN,4,E01004357,0,-1
2023451306828,2023,451306828,5,9,0,4,4,1,5,0,0,0,0,0,0,0,2,1,1,1,1,47,8,1600,1,12,MINI COUNTRYMAN,8,E01030951,0,-1
2023010480279,2023,010480279,5,9,0,18,19,3,7,0,0,0,1,0,0,0,1,1,6,6,1,58,9,1499,1,5,MINI COUNTRYMAN,5,E01002292,0,-1
2023010438113,2023,010438113,1,9,0,99,99,9,9,99,99,9,9,99,9,99,0,9,6,6,2,32,6,1499,1,1,MINI COUNTRYMAN,10,E01030299,0,-1
2023461380710,2023,461380710,1,9,0,18,19,4,7,0,0,0,0,0,0,0,1,1,6,6,2,34,6,1995,2,10,MINI COUNTRYMAN,6,E01001563,0,-1
2023451384527,2023,451384527,2,9,0,18,19,3,7,0,0,0,0,0,0,0,2,1,2,2,2,28,6,1499,1,2,MINI COUNTRYMAN,-1,-1,0,-1
2023010454988,2023,010454988,2,9,0,99,99,9,9,99,99,9,9,99,9,99,1,9,6,6,3,-1,-1,1998,1,4,MINI COUNTRYMAN,-1,-1,0,-1
2023302300544,2023,302300544,4,9,0,18,19,2,6,0,0,0,0,0,0,0,2,1,1,1,2,31,6,1499,8,3,MINI COUNTRYMAN,7,E01028987,0,-1
2023451356616,2023,451356616,1,9,0,18,19,7,3,0,0,8,0,0,0,0,1,1,1,1,1,36,7,1998,1,6,MINI COUNTRYMAN,9,E01015451,0,-1
2023461375319,2023,461375319,1,9,0,18,19,3,7,9,9,0,0,0,0,0,0,1,6,6,1,52,8,1499,1,6,MINI COUNTRYMAN,7,E01024140,0,-1