collision_index,collision_year,collision_ref_no,vehicle_reference,vehicle_type,towing_and_articulation,vehicle_manoeuvre_historic,vehicle_manoeuvre,vehicle_direction_from,vehicle_direction_to,vehicle_location_restricted_lane_historic,vehicle_location_restricted_lane,junction_location,skidding_and_overturning,hit_object_in_carriageway,vehicle_leaving_carriageway,hit_object_off_carriageway,first_point_of_impact,vehicle_left_hand_drive,journey_purpose_of_driver_historic,journey_purpose_of_driver,sex_of_driver,age_of_driver,age_band_of_driver,engine_capacity_cc,propulsion_code,age_of_vehicle,generic_make_model,driver_imd_decile,lsoa_of_driver,escooter_flag,driver_distance_banding
2023111261546,2023,111261546,1,9,0,18,19,3,7,0,0,4,0,0,0,0,1,1,6,6,2,62,9,1499,8,2,MINI COUNTRYMAN,7,E01020709,0,-1
2023311335430,2023,311335430,1,9,0,9,9,1,7,0,0,1,0,0,7,11,2,1,5,6,2,31,6,1499,1,6,MINI COUNTRYMAN,2,E01028112,0,-1
2023161308321,2023,161308321,1,9,0,18,19,7,3,0,0,2,0,0,0,0,1,1,6,6,1,48,8,1995,2,12,MINI COUNTRYMAN,7,E01032596,0,-1
2023430024775,2023,430024775,2,9,0,18,19,3,7,0,0,0,0,0,0,0,1,1,6,6,2,48,8,1499,1,6,MINI COUNTRYMAN,10,E01017648,0,-1
2023010420502,2023,010420502,2,9,0,2,2,0,0,0,0,0,0,0,0,0,4,1,6,6,3,-1,-1,1998,1,5,MINI COUNTRYMAN,-1,-1,0,-1
2023131304358,2023,131304358,1,9,0,18,19,7,3,0,0,0,0,0,0,0,1,1,5,6,1,60,9,1998,1,1,MINI COUNTRYMAN,6,E01012719,0,-1
2023531380558,2023,531380558,1,9,0,18,19,5,1,0,0,1,0,0,0,0,1,1,5,6,2,84,11,1998,1,5,MINI COUNTRYMAN,8,E01022384,0,-1
2023201404008,2023,201404008,2,9,0,8,8,6,1,0,0,1,0,0,0,0,2,1,6,6,2,80,11,1499,1,3,MINI COUNTRYMAN,4,E01009228,0,-1
2023061341166,2023,061341166,1,9,0,6,6,2,2,0,0,0,0,0,0,0,2,1,2,2,1,62,9,1598,1,9,MINI COUNTRYMAN,3,E01006066,0,-1
2023430555434,2023,430555434,1,9,0,18,19,6,2,0,0,8,0,0,0,0,4,1,2,2,1,33,6,1998,1,4,MINI COUNTRYMAN,4,E01033420,0,-1
2023122300347,2023,122300347,1,9,0,18,19,5,1,0,0,0,0,0,0,0,4,1,6,6,1,19,4,1598,1,8,MINI COUNTRYMAN,8,E01027666,0,-1
2023010439762,2023,010439762,2,9,0,99,99,9,9,99,99,9,9,99,9,99,1,9,6,6,3,-1,-1,1998,1,1,MINI COUNTRYMAN,6,E01002834,0,-1
2023451325471,2023,451325471,2,9,0,4,4,3,7,0,0,0,0,0,0,0,0,1,6,6,2,22,5,1598,1,12,MINI COUNTRYMAN,9,E01030947,0,-1
2023451373557,2023,451373557,1,9,0,3,3,3,7,0,0,0,0,0,0,0,2,1,5,6,1,54,8,1598,2,8,MINI COUNTRYMAN,5,E01031583,0,-1
2023211384472,2023,211384472,1,9,0,18,19,4,8,0,0,2,0,0,0,0,2,1,6,6,2,56,9,1995,2,9,MINI COUNTRYMAN,7,E01029480,0,-1
2023010455902,2023,010455902,1,9,0,10,10,5,3,0,0,2,0,4,3,0,2,1,1,1,1,27,6,1499,8,1,MINI COUNTRYMAN,5,E01004370,0,-1
2023131324871,2023,131324871,2,9,0,2,2,0,0,0,0,8,0,0,0,0,3,1,6,6,3,-1,-1,1995,2,11,MINI COUNTRYMAN,-1,-1,0,-1
2023320428194,2023,320428194,2,9,0,10,10,7,2,0,0,1,0,0,0,0,2,1,6,6,2,39,7,1499,1,4,MINI COUNTRYMAN,-1,-1,0,-1
2023451307058,2023,451307058,1,9,0,6,6,3,7,0,0,8,0,0,1,0,4,1,5,6,2,21,5,1598,2,13,MINI COUNTRYMAN,10,E01022848,0,-1
2023430031799,2023,430031799,3,9,0,18,19,3,7,0,0,0,0,0,1,0,2,1,6,6,2,61,9,1499,8,5,MINI COUNTRYMAN,10,E01031214,0,-1
2023548619423,2023,548619423,2,9,0,3,3,3,7,0,0,0,0,0,0,0,2,1,6,6,2,22,5,1995,2,6,MINI COUNTRYMAN,10,E01015512,0,-1
2023991386807,2023,991386807,1,9,0,12,12,2,7,0,0,8,0,0,0,0,3,1,6,6,2,54,8,1995,2,10,MINI COUNTRYMAN,7,-1,0,-1
2023471277591,2023,471277591,1,9,0,6,6,8,8,0,0,0,0,0,0,0,3,1,6,6,1,31,6,1499,8,2,MINI COUNTRYMAN,6,E01031709,0,-1
2023991383123,2023,991383123,1,9,0,18,19,5,1,0,0,1,0,0,0,0,3,1,6,6,1,33,6,1499,1,0,MINI COUNTRYMAN,-1,-1,0,-1
2023101282666,2023,101282666,2,9,0,3,3,1,1,0,0,0,0,0,0,0,2,1,6,6,1,43,7,1499,8,4,MINI COUNTRYMAN,8,E01027425,0,-1
2023010464213,2023,010464213,2,9,0,4,4,1,5,0,0,1,0,0,0,0,2,1,6,6,2,48,8,1499,8,2,MINI COUNTRYMAN,-1,-1,0,-1
2023070885492,2023,070885492,1,9,0,18,19,3,7,0,0,1,0,0,0,0,1,1,6,6,1,-1,-1,1499,1,1,MINI COUNTRYMAN,-1,-1,0,-1
2023101261266,2023,101261266,3,9,0,18,19,5,1,0,0,0,0,0,0,0,1,1,5,6,1,63,9,1998,1,4,MINI COUNTRYMAN,-1,-1,0,-1
2023461263756,2023,461263756,1,9,0,18,19,3,7,0,0,0,0,0,0,0,1,1,2,2,2,30,6,1598,1,9,MINI COUNTRYMAN,7,E01021164,0,-1
2023411387675,2023,411387675,1,9,0,18,19,4,8,0,0,5,0,0,0,0,1,1,5,6,2,37,7,1995,2,9,MINI COUNTRYMAN,6,E01023399,0,-1
2023991346003,2023,991346003,2,9,0,18,19,4,6,0,0,0,0,0,0,0,3,1,5,6,2,76,11,1995,2,5,MINI COUNTRYMAN,-1,-1,0,-1
2023211332947,2023,211332947,1,9,0,17,19,7,3,0,0,0,0,0,0,0,1,1,6,6,2,65,9,1499,8,3,MINI COUNTRYMAN,8,E01029493,0,-1
2023552301293,2023,552301293,2,9,0,18,19,1,5,0,0,8,0,0,0,0,4,1,6,6,2,53,8,1499,1,2,MINI COUNTRYMAN,5,E01015461,0,-1
2023440273939,2023,440273939,1,9,0,18,19,3,7,0,0,0,0,0,0,0,1,1,6,6,2,50,8,1499,8,2,MINI COUNTRYMAN,8,E01031883,0,-1
2023361350348,2023,361350348,1,9,0,18,19,8,4,0,0,0,0,0,0,0,1,1,6,6,2,33,6,1598,1,11,MINI COUNTRYMAN,4,E01026739,0,-1
2023461355963,2023,461355963,1,9,0,1,1,7,3,0,0,0,0,0,0,0,2,1,6,6,2,-1,-1,1598,2,9,MINI COUNTRYMAN,-1,-1,0,-1
2023340NN0772,2023,340NN0772,1,9,0,18,19,6,1,0,0,1,0,0,0,0,3,1,6,6,2,-1,-1,1499,1,3,MINI COUNTRYMAN,-1,-1,0,-1
2023461295923,2023,461295923,1,9,0,18,19,6,2,0,0,0,0,0,0,0,1,1,6,6,1,53,8,1499,1,0,MINI COUNTRYMAN,4,E01024690,0,-1
2023211420114,2023,211420114,1,9,0,18,19,2,6,0,0,0,0,0,0,0,3,1,1,1,2,55,8,1598,1,7,MINI COUNTRYMAN,10,E01009720,0,-1
2023161317157,2023,161317157,2,9,0,18,19,4,8,0,0,0,0,0,0,0,1,2,2,2,1,55,8,1995,2,11,MINI COUNTRYMAN,4,E01013183,0,-1
2023131296660,2023,131296660,1,9,0,18,19,7,3,0,0,0,0,0,0,0,3,1,5,6,2,49,8,1598,2,9,MINI COUNTRYMAN,10,E01011270,0,-1
2023552301545,2023,552301545,1,9,0,9,9,7,5,0,0,6,0,0,0,0,1,1,6,6,1,39,7,1598,2,13,MINI COUNTRYMAN,7,E01015330,0,-1
2023440236199,2023,440236199,3,9,0,18,19,6,2,0,0,0,0,0,0,0,1,1,6,6,1,58,9,1598,2,10,MINI COUNTRYMAN,10,E01015295,0,-1
2023010456729,2023,010456729,1,9,0,5,5,3,7,0,0,1,0,0,0,0,1,1,6,6,2,42,7,1598,1,8,MINI COUNTRYMAN,-1,-1,0,-1
2023440316260,2023,440316260,2,9,0,18,19,8,4,0,0,1,0,0,0,0,1,1,6,6,2,33,6,1995,2,8,MINI COUNTRYMAN,10,E01022605,0,-1
2023010447479,2023,010447479,2,9,0,99,99,9,9,99,99,9,9,99,9,99,1,9,6,6,3,-1,-1,1598,2,7,MINI COUNTRYMAN,-1,-1,0,-1
2023010444835,2023,010444835,2,9,0,99,99,9,9,99,99,9,9,99,9,99,9,9,6,6,3,-1,-1,1499,1,5,MINI COUNTRYMAN,-1,-1,0,-1
2023070297621,2023,070297621,1,9,0,18,19,3,7,0,0,0,0,0,0,0,4,1,1,1,1,34,6,1499,1,4,MINI COUNTRYMAN,-1,-1,0,-1
2023231305362,2023,231305362,1,9,0,12,12,2,8,0,0,8,0,0,0,0,3,1,6,6,1,69,10,1598,2,10,MINI COUNTRYMAN,6,E01013609,0,-1
2023231392797,2023,231392797,4,9,0,3,3,4,8,0,0,0,0,0,0,0,1,1,6,6,2,50,8,1598,1,12,MINI COUNTRYMAN,4,E01029820,0,-1
2023430443491,2023,430443491,1,9,0,9,9,6,4,0,0,6,0,0,0,0,3,1,6,6,2,83,11,1499,1,5,MINI COUNTRYMAN,8,E01017718,0,-1
2023141281495,2023,141281495,2,9,0,17,19,7,6,0,0,6,0,0,0,0,0,1,5,6,1,25,5,1499,1,4,MINI COUNTRYMAN,5,E01007853,0,-1
2023421362142,2023,421362142,1,9,0,7,7,5,7,0,0,1,0,0,0,0,4,1,6,6,2,54,8,1598,2,11,MINI COUNTRYMAN,7,E01021330,0,-1
2023311369536,2023,311369536,2,9,0,18,19,5,2,0,0,0,0,0,0,0,1,1,2,2,2,30,6,1499,1,1,MINI COUNTRYMAN,3,E01012832,0,-1
2023622300590,2023,622300590,1,9,0,18,19,6,1,0,0,2,0,0,7,10,1,1,2,2,2,36,7,989,1,19,-1,4,W01001065,0,-1
2023451384232,2023,451384232,1,9,0,18,19,2,5,0,0,8,0,0,0,0,3,1,6,6,1,23,5,989,1,15,-1,9,E01030660,0,-1
2023421357610,2023,421357610,1,9,0,18,19,3,7,0,0,1,0,0,0,0,4,1,6,6,3,-1,-1,989,1,18,-1,-1,-1,0,-1
2023461364583,2023,461364583,2,3,0,18,19,3,7,0,0,0,0,0,0,0,1,1,6,6,1,43,7,125,1,2,PIAGGIO MEDLEY,2,E01024093,0,-1
2023010460864,2023,010460864,2,3,0,3,3,7,3,0,0,0,0,0,0,0,2,1,1,1,1,43,7,125,1,1,PIAGGIO MEDLEY,5,E01000150,0,-1
2023010472175,2023,010472175,1,3,0,9,9,1,7,0,0,8,2,0,0,0,3,1,1,1,1,34,6,125,1,3,PIAGGIO MEDLEY,2,E01000628,0,-1
2023231367006,2023,231367006,2,3,0,18,19,4,8,0,0,0,0,0,0,0,1,1,6,6,2,32,6,125,1,2,PIAGGIO MEDLEY,2,E01013624,0,-1
2023010460457,2023,010460457,3,3,0,2,2,0,0,0,0,1,0,0,0,0,2,1,6,6,3,-1,-1,125,1,3,PIAGGIO MEDLEY,-1,-1,0,-1
2023010441077,2023,010441077,1,3,0,99,99,9,9,99,99,9,9,99,9,99,1,1,6,6,1,-1,-1,125,1,6,PIAGGIO MEDLEY,5,E01001988,0,-1
2023522300563,2023,522300563,1,3,0,16,19,4,7,0,0,8,0,0,0,0,1,1,6,6,1,27,6,125,1,3,PIAGGIO MEDLEY,-1,-1,0,-1
2023010461224,2023,010461224,2,2,0,3,3,1,5,0,0,0,0,0,0,0,1,1,1,1,1,48,8,125,1,4,-1,3,E01004202,0,-1
2023471370746,2023,471370746,1,3,0,18,19,6,2,0,0,1,0,0,0,0,1,1,1,1,1,47,8,125,1,2,PIAGGIO MEDLEY,2,E01016955,0,-1
2023010430079,2023,010430079,2,3,0,13,13,5,1,0,0,2,5,0,0,0,1,1,6,6,1,17,4,125,1,7,PIAGGIO MEDLEY,-1,-1,0,-1
2023010421766,2023,010421766,1,3,0,18,19,1,5,0,0,0,0,0,0,0,1,1,1,1,1,39,7,125,1,3,PIAGGIO MEDLEY,3,E01000535,0,-1
2023010462336,2023,010462336,1,3,0,18,19,3,7,0,0,1,2,0,0,0,1,1,1,1,1,19,4,125,1,0,PIAGGIO MEDLEY,9,E01021756,0,-1
2023010474033,2023,010474033,1,3,0,18,19,1,5,0,0,1,1,11,0,0,4,1,2,2,1,26,6,125,1,6,PIAGGIO MEDLEY,7,E01000218,0,-1
2023401368480,2023,401368480,2,2,-1,-1,-1,-1,-1,-1,-1,0,-1,-1,-1,0,-1,1,1,1,1,30,6,125,1,3,-1,7,E01033509,0,-1
2023010441557,2023,010441557,1,3,0,99,99,9,9,99,99,9,9,99,9,99,9,9,6,6,3,-1,-1,125,1,4,PIAGGIO MEDLEY,-1,-1,0,-1
2023010433956,2023,010433956,2,3,0,13,13,6,2,0,0,8,1,0,0,0,4,1,1,1,1,56,9,125,1,6,PIAGGIO MEDLEY,3,E01000740,0,-1
2023311292914,2023,311292914,2,2,0,18,19,2,4,0,0,0,0,0,0,0,2,1,6,6,1,48,8,125,1,3,-1,9,E01028120,0,-1
2023131332866,2023,131332866,2,3,0,18,19,1,5,0,0,0,0,0,0,0,1,1,1,1,1,35,6,125,1,6,PIAGGIO MEDLEY,3,E01033032,0,-1
2023481388087,2023,481388087,1,3,0,14,14,3,7,0,0,2,0,0,0,0,1,1,2,2,1,31,6,125,1,6,PIAGGIO MEDLEY,-1,-1,0,-1
2023010425540,2023,010425540,1,3,0,4,4,1,5,9,9,1,0,0,3,11,1,1,6,6,1,24,5,125,1,5,PIAGGIO MEDLEY,3,E01001930,0,-1
2023010461444,2023,010461444,1,3,0,99,99,9,9,99,99,9,9,99,9,99,9,1,1,1,1,46,8,125,1,6,PIAGGIO MEDLEY,5,E01001988,0,-1
2023010451282,2023,010451282,2,3,0,18,19,2,6,0,0,1,0,0,0,0,1,1,6,6,1,22,5,125,1,4,PIAGGIO MEDLEY,4,E01001879,0,-1
2023010483457,2023,010483457,2,3,0,7,7,6,1,0,0,6,0,0,0,0,1,1,6,6,1,48,8,125,1,7,PIAGGIO MEDLEY,1,E01024278,0,-1
2023010443543,2023,010443543,1,3,0,18,19,7,3,0,0,0,1,4,0,0,1,1,6,6,1,51,8,125,1,5,PIAGGIO MEDLEY,4,E01003301,0,-1
2023141280256,2023,141280256,2,3,0,18,19,1,5,0,0,8,0,0,0,0,1,1,5,6,1,23,5,125,1,6,SUZUKI UH 125,1,E01008008,0,-1
2023211271399,2023,211271399,2,3,0,18,19,3,7,0,0,4,0,0,0,0,0,1,6,6,1,-1,-1,124,1,12,SUZUKI UH 125,-1,-1,0,-1
2023010462639,2023,010462639,2,3,0,14,14,5,1,0,0,0,1,0,7,0,4,1,6,6,1,47,8,125,1,4,SUZUKI UH 125,2,E01001014,0,-1
2023451346714,2023,451346714,2,3,0,7,7,1,7,0,0,2,0,0,0,0,3,1,1,1,1,18,4,124,1,11,SUZUKI UH 125,5,E01030656,0,-1
2023010479093,2023,010479093,1,3,0,18,19,1,5,0,0,8,0,0,0,0,0,1,6,6,1,42,7,125,1,7,SUZUKI UH 125,4,E01000316,0,-1
2023430018839,2023,430018839,2,3,0,18,19,5,1,0,0,0,0,0,0,0,1,1,6,6,1,20,4,125,1,7,SUZUKI UH 125,3,E01028519,0,-1
2023010447275,2023,010447275,1,3,0,99,99,9,9,99,99,9,9,99,9,99,1,1,6,6,1,26,6,125,1,5,SUZUKI UH 125,1,E01001957,0,-1
2023522300743,2023,522300743,2,3,0,18,19,3,7,0,0,8,1,0,0,0,1,1,6,6,1,60,9,124,1,11,SUZUKI UH 125,4,E01015007,0,-1
2023010463210,2023,010463210,1,3,0,99,99,9,9,99,99,9,9,99,9,99,9,1,6,6,1,33,6,125,1,4,SUZUKI UH 125,2,E01001761,0,-1
2023010483677,2023,010483677,1,3,0,99,99,9,9,99,99,9,9,99,9,99,1,1,2,2,1,37,7,125,1,9,SUZUKI UH 125,4,E01002304,0,-1
2023311283032,2023,311283032,2,3,0,18,19,5,1,0,0,1,0,0,0,0,1,1,5,6,1,26,6,124,1,17,SUZUKI UH 125,5,E01013931,0,-1
2023461317664,2023,461317664,1,90,0,16,19,1,6,0,0,0,5,0,1,10,4,1,6,6,1,33,6,502,1,10,-1,10,E01024443,0,-1
2023201305549,2023,201305549,2,4,0,18,19,3,7,0,0,8,1,0,0,0,1,1,6,6,1,25,5,124,1,12,-1,1,E01009272,0,-1
2023421352652,2023,421352652,1,9,0,4,4,5,1,0,0,1,0,0,0,0,1,1,6,6,1,-1,-1,1398,8,9,-1,1,E01015917,0,-1
2023010498948,2023,010498948,2,9,0,99,99,9,9,99,99,9,9,99,9,99,9,9,6,6,3,30,6,1398,8,9,-1,2,E01001057,0,-1
2023991335454,2023,991335454,2,5,0,18,19,3,7,0,0,0,5,0,1,0,1,1,6,6,1,34,6,890,1,2,YAMAHA TRACER,4,-1,0,-1
2023451350441,2023,451350441,1,5,0,4,4,5,1,0,0,0,0,0,0,0,2,1,5,6,1,59,9,689,1,2,YAMAHA TRACER,8,E01022636,0,-1
2023061333390,2023,061333390,2,5,0,13,13,4,8,0,0,8,0,0,0,0,1,1,5,6,1,43,7,890,1,2,YAMAHA TRACER,3,E01004932,0,-1
2023010457199,2023,010457199,1,5,0,18,19,1,5,0,0,0,0,0,0,0,2,1,2,2,1,47,8,689,1,2,YAMAHA TRACER,4,E01000428,0,-1
2023221347085,2023,221347085,1,5,0,13,13,8,4,0,0,8,0,0,1,1,1,1,5,6,1,59,9,689,1,5,YAMAHA TRACER,6,E01028973,0,-1
2023231348410,2023,231348410,1,5,0,13,13,5,1,0,0,0,0,10,0,0,0,1,5,6,1,35,6,847,1,4,YAMAHA TRACER,8,E01027304,0,-1
2023461326528,2023,461326528,2,5,0,17,19,7,4,0,0,8,0,0,0,0,1,1,1,1,1,49,8,890,1,1,YAMAHA TRACER,7,E01024727,0,-1
2023010427380,2023,010427380,1,5,0,99,99,9,9,99,99,9,9,99,9,99,9,1,2,2,1,46,8,847,1,3,YAMAHA TRACER,7,E01001642,0,-1
2023302301547,2023,302301547,1,5,0,18,19,8,4,0,0,8,0,0,0,0,1,1,6,6,1,16,4,689,1,1,YAMAHA TRACER,6,E01013505,0,-1
2023361288158,2023,361288158,1,5,0,18,19,8,4,0,0,0,0,0,0,0,1,1,5,6,1,55,8,890,1,0,YAMAHA TRACER,5,E01026433,0,-1
2023461320587,2023,461320587,2,5,0,18,19,1,5,0,0,1,0,0,0,0,1,1,5,6,1,52,8,847,1,2,YAMAHA TRACER,1,E01024676,0,-1
2023622300723,2023,622300723,1,5,0,18,19,4,8,0,0,8,0,0,0,0,0,1,6,6,1,31,6,847,1,4,YAMAHA TRACER,2,W01001288,0,-1
2023501317882,2023,501317882,2,5,0,18,19,5,1,0,0,1,5,0,0,0,1,1,6,6,1,60,9,890,1,2,YAMAHA TRACER,8,E01020333,0,-1
2023161331377,2023,161331377,2,3,0,9,9,7,5,0,0,3,0,0,0,0,4,1,1,1,1,17,4,890,1,1,-1,5,E01013317,0,-1
2023010472792,2023,010472792,1,5,0,18,19,7,3,0,0,8,0,0,0,0,1,1,6,6,3,-1,-1,847,1,3,YAMAHA TRACER,-1,-1,0,-1
2023131314652,2023,131314652,1,5,0,18,19,7,3,0,0,0,0,0,1,2,1,1,2,2,1,45,7,890,1,2,YAMAHA TRACER,1,E01011345,0,-1
2023010442734,2023,010442734,1,5,0,99,99,9,9,99,99,9,9,99,9,99,1,1,1,1,1,41,7,847,1,2,YAMAHA TRACER,4,E01002042,0,-1
2023631379646,2023,631379646,1,5,0,16,19,1,5,0,0,0,1,10,0,0,4,1,6,6,1,65,9,847,1,4,YAMAHA TRACER,4,E01032342,0,-1
2023010459369,2023,010459369,1,5,0,99,99,9,9,99,99,9,9,99,9,99,1,1,1,1,2,-1,-1,689,1,2,YAMAHA TRACER,4,E01001724,0,-1
2023451309859,2023,451309859,2,5,0,18,19,3,7,0,0,0,2,0,1,11,3,1,5,6,1,63,9,847,1,4,YAMAHA TRACER,8,E01000749,0,-1
2023010445670,2023,010445670,2,5,0,18,19,5,1,9,9,5,1,0,7,0,4,1,6,6,1,20,4,689,1,5,YAMAHA TRACER,2,E01000548,0,-1
2023070451137,2023,070451137,2,5,0,17,19,6,2,0,0,0,0,0,0,0,1,1,6,6,1,41,7,890,1,1,YAMAHA TRACER,-1,-1,0,-1
2023052300248,2023,052300248,2,5,0,18,19,5,1,0,0,1,0,0,0,0,1,1,2,2,1,62,9,689,1,1,YAMAHA TRACER,7,E01007067,0,-1
2023440204798,2023,440204798,2,5,0,18,19,7,3,0,0,8,0,0,0,0,4,1,2,2,1,49,8,890,1,1,YAMAHA TRACER,7,E01029250,0,-1
2023471314643,2023,471314643,2,5,0,9,9,2,8,0,0,8,1,0,0,0,4,1,5,6,1,32,6,890,1,1,YAMAHA TRACER,3,E01021122,0,-1
2023471350984,2023,471350984,1,5,0,17,19,6,4,0,0,0,5,0,2,0,4,1,6,6,1,56,9,689,1,0,YAMAHA TRACER,7,E01031381,0,-1
2023430366213,2023,430366213,1,5,0,18,19,4,8,0,0,0,0,0,0,0,1,1,6,6,1,32,6,890,1,2,YAMAHA TRACER,-1,-1,0,-1
2023010448544,2023,010448544,1,5,0,99,99,9,9,99,99,9,9,99,9,99,9,1,6,6,1,29,6,689,1,5,YAMAHA TRACER,5,E01003142,0,-1
2023430183601,2023,430183601,2,5,0,18,19,6,2,0,0,8,0,0,0,0,1,1,6,6,1,25,5,847,1,3,YAMAHA TRACER,7,E01023579,0,-1
2023531371843,2023,531371843,2,5,0,18,19,1,5,0,0,8,0,0,0,0,1,1,6,6,1,49,8,689,1,1,YAMAHA TRACER,6,E01022341,0,-1
2023421380564,2023,421380564,1,5,0,15,15,7,3,0,0,1,1,0,1,0,1,1,2,2,1,25,5,847,1,3,YAMAHA TRACER,10,E01021935,0,-1
2023440259525,2023,440259525,1,5,0,16,19,1,4,0,0,0,1,0,0,0,1,1,6,6,1,62,9,689,1,3,YAMAHA TRACER,10,E01031966,0,-1
2023471313322,2023,471313322,2,5,0,18,19,5,1,0,0,3,0,0,0,0,4,1,6,6,2,58,9,847,1,3,YAMAHA TRACER,5,E01031403,0,-1
2023031342835,2023,031342835,1,5,0,13,13,1,5,0,0,0,2,10,0,0,3,1,6,6,1,50,8,847,1,4,YAMAHA TRACER,7,E01019387,0,-1
2023501341410,2023,501341410,1,5,0,18,19,2,6,0,0,0,0,12,0,0,3,1,5,6,1,40,7,847,1,4,YAMAHA TRACER,10,E01031581,0,-1
2023010459677,2023,010459677,2,4,0,18,19,5,1,0,0,1,0,0,0,0,1,1,6,6,1,49,8,689,1,2,-1,4,E01024118,0,-1
2023010425122,2023,010425122,1,5,0,99,99,9,9,99,99,9,9,99,9,99,1,1,6,6,1,32,6,890,1,1,YAMAHA TRACER,5,E01000619,0,-1
2023010439768,2023,010439768,2,5,0,18,19,8,4,0,0,1,0,0,0,0,3,1,2,2,1,39,7,847,1,5,YAMAHA TRACER,-1,-1,0,-1
2023471293734,2023,471293734,2,5,0,18,19,1,5,0,0,0,0,0,0,0,4,1,2,2,1,41,7,847,1,5,YAMAHA TRACER,4,E01020916,0,-1
2023522301068,2023,522301068,1,5,0,18,19,2,6,0,0,0,0,0,0,0,1,1,6,6,1,33,6,689,1,5,YAMAHA TRACER,-1,-1,0,-1
2023451276852,2023,451276852,2,5,0,12,12,7,3,0,0,8,2,0,0,0,4,1,2,2,1,48,8,689,1,7,YAMAHA TRACER,8,E01031667,0,-1
2023421322348,2023,421322348,1,5,0,14,14,5,1,0,0,0,0,4,0,0,1,1,6,6,1,24,5,689,1,1,YAMAHA TRACER,7,E01015955,0,-1
2023522400910,2023,522400910,1,5,0,16,19,6,1,0,0,0,0,0,0,0,1,1,6,6,1,32,6,689,1,1,YAMAHA TRACER,10,E01014415,0,-1
2023010465464,2023,010465464,2,5,0,12,12,3,7,0,0,0,0,0,0,0,2,1,1,1,1,37,7,689,1,4,YAMAHA TRACER,4,E01015923,0,-1
2023010423171,2023,010423171,1,3,0,99,99,9,9,99,99,9,9,99,9,99,1,1,6,6,1,20,4,689,1,6,-1,2,E01000548,0,-1
2023010442730,2023,010442730,1,97,0,99,99,9,9,99,99,9,9,99,9,99,1,9,6,6,1,34,6,689,1,4,-1,7,E01023531,0,-1
2023311331459,2023,311331459,2,5,0,18,19,7,3,0,0,8,2,0,0,0,1,1,2,2,1,61,9,689,1,1,YAMAHA TRACER,3,E01019777,0,-1
2023201311378,2023,201311378,2,3,0,18,19,3,7,0,0,0,0,10,0,0,3,1,6,6,1,18,4,124,1,8,-1,3,E01010097,0,-1
2023221375039,2023,221375039,2,9,0,18,19,6,2,0,0,8,0,0,0,0,3,1,6,6,1,38,7,4163,1,17,AUDI RS4,3,E01032187,0,-1
2023461359574,2023,461359574,1,9,0,1,1,7,3,0,0,0,0,0,0,0,2,1,6,6,1,53,8,4163,1,9,AUDI RS4,8,E01002450,0,-1
2023461352322,2023,461352322,1,9,0,18,19,3,7,0,0,1,0,0,0,0,1,1,6,6,1,63,9,4163,1,10,AUDI RS4,6,E01024703,0,-1
2023231289511,2023,231289511,1,9,0,18,19,2,6,0,0,0,0,0,0,0,4,1,6,6,3,25,5,2894,1,2,AUDI RS4,-1,-1,0,-1
2023440237577,2023,440237577,1,9,0,18,19,8,4,0,0,8,0,0,0,0,3,1,6,6,1,40,7,4163,1,9,AUDI RS4,9,E01022881,0,-1
2023411310437,2023,411310437,1,9,0,10,10,-1,-1,0,0,0,0,0,0,0,1,1,6,6,1,49,8,2894,1,3,AUDI RS4,8,E01023312,0,-1
2023061325642,2023,061325642,1,9,0,1,1,7,3,0,0,8,0,0,0,0,2,1,6,6,3,30,6,4163,1,9,AUDI RS4,-1,-1,0,-1
2023548396423,2023,548396423,2,9,0,18,19,8,4,0,0,1,5,0,7,0,4,1,6,6,1,27,6,4163,1,9,AUDI RS4,9,E01031880,0,-1
2023320416871,2023,320416871,1,9,0,16,19,6,1,0,0,0,0,4,0,0,1,1,6,6,1,85,11,4163,1,17,AUDI RS4,10,E01026393,0,-1
2023010453718,2023,010453718,2,9,0,99,99,9,9,99,99,9,9,99,9,99,9,9,6,6,3,57,9,2894,1,1,AUDI RS4,8,E01004479,0,-1
2023543198023,2023,543198023,1,9,0,13,13,8,4,0,0,1,1,0,7,0,1,1,6,6,1,41,7,4163,1,16,AUDI RS4,5,E01031947,0,-1
2023361378124,2023,361378124,1,9,0,18,19,5,1,0,0,1,0,0,1,0,1,1,6,6,1,51,8,4163,1,16,AUDI RS4,5,E01030285,0,-1
2023201418526,2023,201418526,1,9,0,18,19,6,2,0,0,1,0,0,0,0,1,1,2,2,1,38,7,4163,1,17,AUDI RS4,1,E01009478,0,-1
2023461376226,2023,461376226,1,9,0,18,19,5,1,0,0,0,1,0,0,0,1,1,5,6,1,40,7,2894,1,5,AUDI RS4,8,E01026990,0,-1
2023131275154,2023,131275154,1,9,0,17,19,5,1,0,0,1,0,0,1,11,1,1,6,6,1,27,6,4163,1,9,AUDI RS4,2,E01011166,0,-1
2023332301145,2023,332301145,3,9,0,2,2,0,0,0,0,2,0,0,0,0,3,1,6,6,3,-1,-1,2894,1,2,AUDI RS4,-1,-1,0,-1