collision_index,collision_year,collision_ref_no,vehicle_reference,vehicle_type,towing_and_articulation,vehicle_manoeuvre_historic,vehicle_manoeuvre,vehicle_direction_from,vehicle_direction_to,vehicle_location_restricted_lane_historic,vehicle_location_restricted_lane,junction_location,skidding_and_overturning,hit_object_in_carriageway,vehicle_leaving_carriageway,hit_object_off_carriageway,first_point_of_impact,vehicle_left_hand_drive,journey_purpose_of_driver_historic,journey_purpose_of_driver,sex_of_driver,age_of_driver,age_band_of_driver,engine_capacity_cc,propulsion_code,age_of_vehicle,generic_make_model,driver_imd_decile,lsoa_of_driver,escooter_flag,driver_distance_banding
2023131291419,2023,131291419,1,9,0,4,4,3,7,0,0,1,0,0,0,0,1,1,1,1,1,50,8,2143,2,7,MERCEDES VITO,1,E01011318,0,-1
2023061342529,2023,061342529,2,8,0,18,19,5,1,0,0,8,0,0,1,1,1,1,1,1,1,37,7,2143,2,3,MERCEDES VITO,-1,-1,0,-1
2023302301311,2023,302301311,1,10,0,18,19,2,6,0,0,1,0,0,0,0,1,1,1,1,1,-1,-1,-1,-1,-1,MERCEDES VITO,-1,-1,0,-1
2023010429464,2023,010429464,2,19,9,99,99,9,9,99,99,0,9,99,9,99,9,9,6,6,3,-1,-1,2143,2,4,MERCEDES VITO,-1,-1,0,-1
2023010478698,2023,010478698,1,10,0,99,99,9,9,99,99,0,9,99,9,99,2,9,6,6,1,49,8,-1,-1,-1,MERCEDES VITO,5,E01000620,0,-1
2023061395896,2023,061395896,1,8,-1,-1,-1,-1,-1,-1,-1,-1,-1,-1,-1,0,-1,1,6,6,1,-1,-1,2143,2,6,MERCEDES VITO,-1,-1,0,-1
2023141312589,2023,141312589,1,19,0,18,19,5,1,0,0,0,0,0,0,0,1,1,5,6,1,30,6,2148,2,13,MERCEDES VITO,1,E01007769,0,-1
2023010430689,2023,010430689,1,8,0,9,9,5,2,0,0,5,0,0,0,0,3,1,1,1,1,59,9,2143,2,12,MERCEDES VITO,4,E01002718,0,-1
2023010433661,2023,010433661,1,8,0,18,19,7,3,0,0,1,0,7,0,0,1,1,6,6,1,52,8,2143,2,6,MERCEDES VITO,3,E01024166,0,-1
2023010433308,2023,010433308,1,8,0,18,19,1,5,0,0,1,0,0,0,0,3,1,3,7,1,57,9,2143,2,10,MERCEDES VITO,10,E01031619,0,-1
2023451268589,2023,451268589,2,9,0,18,19,1,5,0,0,2,0,0,7,1,4,1,6,6,1,42,7,2143,2,9,MERCEDES VITO,8,E01030988,0,-1
2023010439313,2023,010439313,1,19,0,18,19,4,8,0,0,2,0,0,0,0,1,1,1,1,1,40,7,1598,2,4,MERCEDES VITO,5,E01001293,0,-1
2023311299815,2023,311299815,1,8,0,18,19,1,5,0,0,1,0,0,0,0,1,1,1,1,1,40,7,2143,2,5,MERCEDES VITO,5,E01028073,0,-1
2023471353667,2023,471353667,1,9,0,6,6,7,3,0,0,1,0,0,0,0,3,1,1,1,1,32,6,2143,2,5,MERCEDES VITO,1,E01016947,0,-1
2023531355442,2023,531355442,1,19,0,18,19,5,1,0,0,0,0,0,0,0,1,1,1,1,1,50,8,2143,2,4,MERCEDES VITO,8,E01031883,0,-1
2023010477334,2023,010477334,3,9,0,99,99,9,9,99,99,9,9,99,9,99,9,9,6,6,3,-1,-1,2143,2,6,MERCEDES VITO,2,E01004004,0,-1
2023991293387,2023,991293387,2,9,0,18,19,8,4,0,0,0,0,11,0,0,2,1,5,6,1,58,9,2143,2,5,MERCEDES VITO,-1,-1,0,-1
2023061389514,2023,061389514,1,9,-1,-1,-1,-1,-1,-1,-1,0,-1,-1,-1,0,-1,1,6,6,3,-1,-1,-1,-1,-1,MERCEDES VITO,-1,-1,0,-1
2023052300128,2023,052300128,2,8,0,18,19,3,7,0,0,8,0,0,0,0,3,1,1,1,2,55,8,2143,2,5,MERCEDES VITO,1,E01006768,0,-1
2023401307973,2023,401307973,2,8,0,18,19,5,1,0,0,0,0,0,0,0,2,1,1,1,1,50,8,2143,2,6,MERCEDES VITO,3,E01016746,0,-1
2023141305898,2023,141305898,1,9,0,9,9,6,3,0,0,8,0,0,0,0,1,1,1,1,1,52,8,-1,-1,-1,MERCEDES VITO,7,E01007503,0,-1
2023430382930,2023,430382930,1,19,0,7,7,7,1,0,0,6,0,0,0,0,3,1,1,1,1,22,5,2143,2,4,MERCEDES VITO,-1,-1,0,-1
2023371394206,2023,371394206,1,8,0,18,19,7,3,0,0,0,0,0,0,0,1,1,3,7,1,46,8,2143,2,11,MERCEDES VITO,1,E01030035,0,-1
2023010456466,2023,010456466,1,8,0,18,19,5,1,0,0,2,0,0,0,0,1,1,1,1,1,33,6,2143,2,6,MERCEDES VITO,6,E01002901,0,-1
2023531374412,2023,531374412,2,19,0,6,6,5,1,0,0,8,0,0,0,0,3,1,2,2,1,37,7,2143,2,9,MERCEDES VITO,4,E01022301,0,-1
2023010466758,2023,010466758,2,9,0,3,3,5,1,6,6,0,0,0,0,0,2,1,1,1,1,43,7,2143,2,4,MERCEDES VITO,6,E01009520,0,-1
2023991331582,2023,991331582,2,8,0,3,3,4,7,0,0,1,0,0,0,0,2,1,1,1,1,49,8,2143,2,2,MERCEDES VITO,3,-1,0,-1
2023052301564,2023,052301564,2,8,0,18,19,5,1,0,0,3,0,0,0,0,1,1,6,6,1,-1,-1,2148,2,14,MERCEDES VITO,2,E01006482,0,-1
2023552301228,2023,552301228,1,19,0,18,19,2,6,0,0,4,0,0,0,0,1,1,6,6,1,65,9,2143,2,10,MERCEDES VITO,6,E01020471,0,-1
2023010483213,2023,010483213,1,19,0,99,99,9,9,99,99,9,9,99,9,99,9,9,1,1,1,26,6,1950,2,2,MERCEDES VITO,6,E01000587,0,-1
2023430569500,2023,430569500,2,20,0,3,3,8,4,0,0,0,0,0,0,0,2,1,6,6,1,45,7,-1,-1,-1,-1,-1,-1,0,-1
2023061378624,2023,061378624,2,19,0,18,19,7,3,0,0,0,0,0,0,0,2,1,1,1,1,31,6,1598,2,6,MERCEDES VITO,-1,-1,0,-1
2023010433889,2023,010433889,1,19,0,18,19,3,7,0,0,2,0,0,0,0,1,1,1,1,1,21,5,1598,2,5,MERCEDES VITO,10,E01024632,0,-1
2023141284587,2023,141284587,3,9,0,18,19,5,1,0,0,2,0,0,0,0,1,1,1,1,1,53,8,-1,-1,-1,MERCEDES VITO,8,E01007705,0,-1
2023401363893,2023,401363893,3,19,0,4,4,4,8,0,0,0,0,0,0,0,2,1,6,6,1,29,6,2143,2,4,MERCEDES VITO,6,E01000267,0,-1
2023430468607,2023,430468607,1,19,0,9,9,6,5,0,0,5,0,0,0,0,1,1,6,6,1,45,7,2148,2,13,MERCEDES VITO,-1,-1,0,-1
2023010424004,2023,010424004,2,8,0,4,4,1,5,0,0,0,0,0,0,0,2,1,1,1,1,62,9,2148,2,12,MERCEDES VITO,2,E01003636,0,-1
2023052302479,2023,052302479,1,8,0,4,4,3,7,0,0,0,0,0,0,0,0,1,1,1,1,56,9,2148,2,14,MERCEDES VITO,7,E01006623,0,-1
2023411354457,2023,411354457,1,19,0,18,19,7,3,0,0,0,2,0,1,2,1,1,1,1,1,45,7,1950,2,1,MERCEDES VITO,-1,-1,0,-1
2023010475594,2023,010475594,1,19,0,18,19,5,1,0,0,1,0,7,0,0,1,1,1,1,1,60,9,1598,2,6,MERCEDES VITO,5,E01002849,0,-1
2023430014146,2023,430014146,1,19,0,18,19,4,8,0,0,0,0,0,0,0,1,1,1,1,2,54,8,1950,2,2,MERCEDES VITO,9,E01017620,0,-1
2023440133985,2023,440133985,2,9,0,18,19,2,6,0,0,1,0,0,0,0,1,1,6,6,1,58,9,1950,2,2,MERCEDES VITO,6,E01022880,0,-1
2023544789823,2023,544789823,1,9,0,18,19,6,2,0,0,1,0,0,0,0,1,1,1,1,1,43,7,1950,2,3,MERCEDES VITO,7,E01015493,0,-1
2023471265684,2023,471265684,1,19,0,18,19,3,7,0,0,1,0,0,0,0,3,1,5,6,1,46,8,2148,2,18,MERCEDES VITO,4,E01016968,0,-1
2023201363600,2023,201363600,1,19,0,9,9,2,8,5,5,5,0,0,0,0,4,1,6,6,1,31,6,2143,2,4,MERCEDES VITO,1,E01009373,0,-1
2023131367874,2023,131367874,1,9,0,18,19,1,5,0,0,0,0,0,0,0,4,1,1,1,1,49,8,2143,2,5,MERCEDES VITO,3,E01011139,0,-1
2023471307664,2023,471307664,2,9,0,18,19,1,5,0,0,0,0,0,0,0,1,2,1,1,1,47,8,2143,2,5,MERCEDES VITO,3,E01016911,0,-1
2023221338756,2023,221338756,2,19,0,18,19,1,5,0,0,8,1,0,1,1,1,1,5,6,1,33,6,2148,2,17,MERCEDES VITO,4,W01001297,0,-1
2023010444861,2023,010444861,2,19,0,99,99,9,9,99,99,9,9,99,9,99,9,9,6,6,1,57,9,2143,2,8,MERCEDES VITO,3,E01002015,0,-1
2023221399889,2023,221399889,2,19,0,18,19,7,3,0,0,0,0,0,0,0,1,1,6,6,1,27,6,1950,2,1,MERCEDES VITO,7,E01009648,0,-1
2023010420425,2023,010420425,1,19,0,18,19,7,3,0,0,2,0,0,0,0,1,1,1,1,1,52,8,2143,2,7,MERCEDES VITO,3,E01001816,0,-1
2023010452697,2023,010452697,1,8,0,6,6,5,5,0,0,0,0,0,0,0,1,1,1,1,1,55,8,2143,2,10,MERCEDES VITO,6,E01033463,0,-1
2023401383183,2023,401383183,2,19,0,18,19,1,5,0,0,8,1,0,7,0,1,1,6,6,1,43,7,2148,2,15,MERCEDES VITO,-1,-1,0,-1
2023010456549,2023,010456549,1,8,0,9,9,1,7,0,0,8,0,0,0,0,1,1,1,1,1,62,9,2143,2,6,MERCEDES VITO,9,E01000686,0,-1
2023522300790,2023,522300790,1,19,0,18,19,1,5,0,0,0,0,10,1,10,1,1,6,6,1,27,6,1950,2,2,MERCEDES VITO,2,E01017011,0,-1
2023331331108,2023,331331108,1,19,0,18,19,5,1,0,0,0,0,0,0,0,1,1,6,6,1,28,6,2143,2,7,MERCEDES VITO,2,E01009986,0,-1
2023421332248,2023,421332248,1,19,0,18,19,3,7,0,0,0,0,0,1,11,1,1,2,2,1,29,6,1598,2,5,MERCEDES VITO,9,E01015941,0,-1
2023052301897,2023,052301897,1,8,0,18,19,5,1,0,0,2,0,0,4,1,1,1,1,1,1,40,7,2143,2,9,MERCEDES VITO,2,E01006751,0,-1
2023010428146,2023,010428146,2,19,0,9,9,1,7,0,0,6,0,0,0,0,1,1,6,6,1,34,6,2143,2,4,MERCEDES VITO,3,E01003073,0,-1
2023440307400,2023,440307400,2,19,0,10,10,5,3,0,0,1,0,0,0,0,0,1,1,1,1,36,7,2148,2,16,MERCEDES VITO,9,E01032877,0,-1
2023471370382,2023,471370382,3,19,0,2,2,0,0,0,0,1,0,0,0,0,2,1,6,6,3,-1,-1,2987,2,13,MERCEDES VITO,-1,-1,0,-1
2023010459890,2023,010459890,1,8,0,2,2,0,0,0,0,1,0,0,0,0,2,2,6,6,3,-1,-1,2143,2,6,MERCEDES VITO,-1,-1,0,-1
2023131266334,2023,131266334,3,19,0,2,2,0,0,0,0,0,0,0,0,0,2,1,6,6,3,-1,-1,1598,2,6,MERCEDES VITO,-1,-1,0,-1
2023010419586,2023,010419586,1,19,0,9,9,7,6,0,0,6,0,0,0,0,1,1,1,1,1,56,9,2143,2,10,MERCEDES VITO,2,E01003059,0,-1
2023451385054,2023,451385054,2,19,0,18,19,1,5,0,0,0,0,0,1,0,1,1,5,6,1,41,7,2143,2,8,MERCEDES VITO,5,E01001265,0,-1
2023501309422,2023,501309422,4,19,0,18,19,5,1,0,0,0,0,0,0,0,1,1,6,6,1,63,9,2143,2,8,MERCEDES VITO,8,E01015165,0,-1
2023991359037,2023,991359037,2,19,0,18,19,5,1,0,0,1,0,0,0,0,1,1,1,1,1,24,5,2143,2,7,MERCEDES VITO,2,-1,0,-1
2023440327533,2023,440327533,4,19,0,2,2,0,0,0,0,0,0,0,0,0,3,1,6,6,3,-1,-1,2148,2,18,MERCEDES VITO,-1,-1,0,-1
2023010472033,2023,010472033,1,8,0,18,19,1,5,0,0,1,0,0,0,0,3,1,1,1,1,52,8,2143,2,6,MERCEDES VITO,2,E01015976,0,-1
2023041270545,2023,041270545,1,9,0,18,19,1,5,9,9,1,0,0,0,0,0,1,1,1,1,23,5,-1,-1,-1,MERCEDES VITO,8,E01025241,0,-1
2023361318205,2023,361318205,2,19,0,2,2,0,0,0,0,2,0,0,0,0,1,1,6,6,3,-1,-1,1750,2,4,MERCEDES VITO,-1,-1,0,-1
2023122301220,2023,122301220,1,9,0,7,7,7,1,0,0,5,0,0,0,0,4,1,1,1,2,45,7,2143,2,12,MERCEDES VITO,8,E01013391,0,-1
2023622300817,2023,622300817,1,8,0,9,9,7,5,0,0,5,0,0,0,0,1,1,1,1,1,48,8,1950,2,1,MERCEDES VITO,2,W01001946,0,-1
2023421379719,2023,421379719,1,19,0,5,5,3,7,0,0,2,0,0,0,0,1,1,6,6,1,33,6,1598,2,5,MERCEDES VITO,3,E01001445,0,-1
2023010432869,2023,010432869,2,9,0,18,19,7,3,0,0,3,0,0,0,0,1,1,1,1,1,35,6,2143,2,5,MERCEDES VITO,2,E01003911,0,-1
2023471274996,2023,471274996,2,9,0,18,19,6,2,0,0,1,0,0,0,0,1,1,1,1,1,41,7,2143,2,5,MERCEDES VITO,1,E01016908,0,-1
2023522324471,2023,522324471,2,19,0,13,13,6,2,0,0,2,0,0,0,0,4,1,6,6,1,-1,-1,2143,2,10,MERCEDES VITO,-1,-1,0,-1
2023010421695,2023,010421695,1,8,0,9,9,1,7,0,0,6,0,0,0,0,1,1,1,1,1,39,7,2143,2,5,MERCEDES VITO,-1,-1,0,-1
2023010468709,2023,010468709,2,8,0,17,19,1,5,0,0,1,0,0,0,0,1,1,1,1,1,39,7,2143,2,6,MERCEDES VITO,10,E01002355,0,-1
2023311270984,2023,311270984,1,19,0,18,19,4,8,0,0,0,0,2,0,0,1,1,5,6,1,53,8,2143,2,7,MERCEDES VITO,3,-1,0,-1
2023010467969,2023,010467969,2,19,0,99,99,9,9,99,99,9,9,99,9,99,1,9,2,2,3,-1,-1,2143,2,5,MERCEDES VITO,7,E01002569,0,-1
2023411340763,2023,411340763,2,10,0,4,4,3,7,0,0,0,0,0,0,0,2,1,5,6,1,22,5,-1,-1,-1,MERCEDES VITO,6,E01002497,0,-1
2023010478314,2023,010478314,1,19,0,18,19,1,5,0,0,2,0,0,0,0,1,1,6,6,1,24,5,2148,2,13,MERCEDES VITO,4,E01002050,0,-1
2023991309049,2023,991309049,2,19,0,18,19,4,8,0,0,1,1,0,1,0,1,1,5,6,2,53,8,2148,2,16,MERCEDES VITO,6,-1,0,-1
2023440300570,2023,440300570,2,19,0,18,19,3,7,0,0,8,0,0,0,0,3,1,1,1,1,32,6,-1,3,2,MERCEDES VITO,3,E01017105,0,-1
2023010456481,2023,010456481,1,19,0,13,13,4,8,0,0,1,0,0,0,0,2,1,6,6,1,44,7,2143,2,6,MERCEDES VITO,3,E01002725,0,-1
2023311379656,2023,311379656,2,8,0,9,9,7,5,1,1,2,0,0,0,0,3,1,1,1,1,48,8,2143,2,4,MERCEDES VITO,1,E01013868,0,-1
2023010473724,2023,010473724,2,9,0,99,99,9,9,99,99,9,9,99,9,99,9,9,6,6,3,-1,-1,2143,2,3,MERCEDES VITO,-1,-1,0,-1
2023991322161,2023,991322161,1,9,0,18,19,7,3,0,0,0,0,0,0,0,4,1,2,2,1,75,10,-1,-1,-1,MERCEDES VITO,6,-1,0,-1
2023070477193,2023,070477193,1,8,0,9,9,7,3,0,0,1,0,0,0,0,1,1,1,1,1,69,10,2143,2,12,MERCEDES VITO,6,E01005832,0,-1
2023631335557,2023,631335557,1,19,0,18,19,7,3,0,0,2,0,0,7,7,1,1,5,6,1,39,7,2143,2,6,MERCEDES VITO,9,W01000611,0,-1
2023461371960,2023,461371960,1,19,0,13,13,6,2,0,0,0,0,0,0,0,4,1,6,6,3,-1,-1,2148,2,15,MERCEDES VITO,-1,-1,0,-1
2023991325221,2023,991325221,1,19,0,1,1,3,6,0,0,5,0,0,1,0,4,1,6,6,3,35,6,2143,2,7,MERCEDES VITO,-1,-1,0,-1
2023231273752,2023,231273752,1,20,0,9,9,2,8,0,0,4,0,0,0,0,1,1,6,6,1,42,7,-1,-1,-1,-1,8,E01010540,0,-1
2023520000312,2023,520000312,2,19,0,18,19,4,8,0,0,8,0,0,0,0,1,1,6,6,1,22,5,2143,2,11,MERCEDES VITO,8,E01015562,0,-1
2023371317042,2023,371317042,1,19,0,15,15,3,7,0,0,1,0,0,0,0,4,1,1,1,1,56,9,2143,2,3,MERCEDES VITO,5,E01030266,0,-1
2023332301193,2023,332301193,1,8,0,17,19,4,1,0,0,0,1,0,4,4,1,1,6,6,1,62,9,2143,2,7,MERCEDES VITO,3,E01013656,0,-1
2023010448168,2023,010448168,1,8,0,9,9,2,8,0,0,1,0,0,0,0,4,1,1,1,1,51,8,2143,2,6,MERCEDES VITO,5,E01033573,0,-1
2023010466544,2023,010466544,1,9,0,18,19,3,7,0,0,1,0,0,0,0,1,1,1,1,1,62,9,2143,2,6,MERCEDES VITO,3,E01033743,0,-1
2023311306956,2023,311306956,1,19,0,18,19,3,7,0,0,6,0,0,0,0,1,1,1,1,2,43,7,1750,2,3,MERCEDES VITO,2,E01007654,0,-1
2023141342647,2023,141342647,1,9,0,7,7,7,1,4,4,5,0,0,1,0,4,1,1,1,1,52,8,-1,-1,-1,MERCEDES VITO,2,E01008112,0,-1
2023071228914,2023,071228914,1,19,0,10,10,3,2,0,0,1,0,0,0,0,1,1,1,1,1,49,8,2143,2,12,MERCEDES VITO,6,E01012515,0,-1
2023010453792,2023,010453792,2,19,0,9,9,8,5,0,0,0,0,0,0,0,3,1,1,1,1,45,7,-1,3,3,MERCEDES VITO,4,E01000307,0,-1
2023401267463,2023,401267463,2,19,0,18,19,3,7,0,0,8,0,0,0,0,3,1,5,6,1,45,7,2148,2,16,MERCEDES VITO,7,E01017524,0,-1
2023061333402,2023,061333402,1,9,0,9,9,7,5,0,0,8,0,0,0,0,4,1,6,6,1,45,7,2143,2,7,MERCEDES VITO,3,E01004355,0,-1
2023332301135,2023,332301135,1,8,0,18,19,7,3,2,2,2,0,0,0,0,4,1,1,1,1,60,9,2143,2,8,MERCEDES VITO,4,E01013747,0,-1
2023061340953,2023,061340953,1,19,0,18,19,3,7,0,0,4,0,0,0,0,1,1,5,6,1,49,8,1950,2,1,MERCEDES VITO,3,E01005034,0,-1
2023320372400,2023,320372400,2,8,0,9,9,7,5,0,0,6,1,0,0,0,1,1,1,1,1,38,7,2143,2,5,MERCEDES VITO,5,E01015651,0,-1
2023041311488,2023,041311488,1,19,0,5,5,5,1,0,0,1,0,0,0,0,2,1,1,1,2,37,7,1598,2,8,MERCEDES VITO,9,E01025436,0,-1
2023401307965,2023,401307965,5,9,0,18,19,1,5,0,0,0,0,0,0,0,2,1,6,6,1,38,7,1950,2,4,MERCEDES VITO,1,E01013871,0,-1
2023991413412,2023,991413412,1,8,0,18,19,4,8,0,0,3,0,0,0,0,1,1,1,1,1,37,7,2143,2,4,MERCEDES VITO,7,-1,0,-1
2023010458621,2023,010458621,2,9,0,99,99,9,9,99,99,9,9,99,9,99,9,9,6,6,3,-1,-1,2143,2,4,MERCEDES VITO,-1,-1,0,-1
2023010419995,2023,010419995,1,8,0,99,99,9,9,99,99,0,9,99,9,99,3,9,6,6,3,-1,-1,2143,2,11,MERCEDES VITO,7,E01000118,0,-1
2023131293758,2023,131293758,3,8,0,2,2,0,0,0,0,1,0,0,0,0,1,1,6,6,3,-1,-1,2143,2,11,MERCEDES VITO,-1,-1,0,-1
2023161283711,2023,161283711,1,19,0,11,11,6,2,0,0,0,0,0,0,0,4,1,2,2,1,64,9,1750,2,2,MERCEDES VITO,6,E01012822,0,-1
2023430221671,2023,430221671,1,19,0,18,19,3,8,0,0,1,1,0,0,0,1,1,6,6,1,45,7,2148,2,19,MERCEDES VITO,3,E01028519,0,-1
2023010450475,2023,010450475,2,19,0,11,11,5,1,0,0,0,0,0,0,0,4,2,6,6,1,28,6,2143,2,5,MERCEDES VITO,3,E01004528,0,-1
2023991316863,2023,991316863,1,8,0,7,7,8,1,0,0,6,0,0,0,0,4,1,1,1,1,52,8,2143,2,6,MERCEDES VITO,6,-1,0,-1
2023991342277,2023,991342277,2,8,0,18,19,3,7,0,0,0,1,0,0,0,0,1,1,1,1,59,9,2143,2,3,MERCEDES VITO,3,-1,0,-1
2023010422096,2023,010422096,4,19,0,3,3,2,6,0,0,1,0,0,0,0,2,1,6,6,1,65,9,1950,2,2,MERCEDES VITO,5,E01002083,0,-1
2023201298172,2023,201298172,2,9,0,18,19,6,2,0,0,8,0,0,0,0,1,1,1,1,1,59,9,-1,-1,-1,MERCEDES VITO,6,E01009183,0,-1
2023010486006,2023,010486006,1,8,0,9,9,3,1,0,0,0,0,0,0,0,1,1,1,1,1,43,7,2143,2,6,MERCEDES VITO,6,E01000414,0,-1
2023991281160,2023,991281160,1,19,0,15,15,8,4,0,0,0,0,11,0,0,4,1,1,1,1,57,9,1750,2,2,MERCEDES VITO,10,-1,0,-1
202363D025023,2023,63D025023,1,19,0,16,19,4,7,0,0,0,0,0,0,0,1,1,6,6,1,32,6,2148,2,16,MERCEDES VITO,4,W01001440,0,-1
2023010456699,2023,010456699,2,19,0,99,99,9,9,99,99,9,9,99,9,99,2,9,6,6,3,-1,-1,2143,2,4,MERCEDES VITO,-1,-1,0,-1
2023101370049,2023,101370049,2,8,0,12,12,5,1,0,0,5,0,0,0,0,0,1,1,1,1,23,5,-1,3,0,MERCEDES VITO,1,E01027412,0,-1
2023401299364,2023,401299364,2,9,0,18,19,1,5,0,0,0,0,0,0,0,1,1,5,6,1,55,8,2143,2,13,MERCEDES VITO,8,E01033028,0,-1
2023320729508,2023,320729508,2,19,0,18,19,8,4,0,0,8,0,0,1,0,4,1,2,2,1,71,10,2143,2,7,MERCEDES VITO,-1,-1,0,-1
2023010485179,2023,010485179,1,8,0,18,19,3,7,2,2,0,0,0,0,0,4,1,2,2,1,37,7,2143,2,6,MERCEDES VITO,4,E01004462,0,-1
2023201333892,2023,201333892,1,19,0,18,19,-1,-1,0,0,0,0,0,0,0,3,1,6,6,1,-1,-1,1598,2,4,MERCEDES VITO,6,E01010075,0,-1
2023430324942,2023,430324942,1,9,0,1,1,4,8,0,0,0,0,0,0,0,2,1,6,6,2,45,7,2148,2,14,MERCEDES VITO,-1,-1,0,-1
2023461266410,2023,461266410,2,9,0,18,19,1,5,0,0,0,1,0,0,0,2,1,6,6,1,33,6,2143,2,4,MERCEDES VITO,-1,-1,0,-1
2023010435724,2023,010435724,1,10,0,99,99,9,9,99,99,9,9,99,9,99,2,9,1,1,1,45,7,-1,-1,-1,MERCEDES VITO,4,E01002406,0,-1
2023471327742,2023,471327742,2,9,0,4,4,5,1,0,0,1,0,0,0,0,2,1,6,6,1,40,7,2143,2,4,MERCEDES VITO,3,E01031559,0,-1
2023421380607,2023,421380607,3,19,0,18,19,5,1,0,0,0,0,0,0,0,2,1,6,6,1,63,9,2143,2,4,MERCEDES VITO,9,E01014792,0,-1
2023010430999,2023,010430999,1,8,0,18,19,5,1,0,0,2,1,0,0,0,3,1,1,1,1,59,9,2143,2,6,MERCEDES VITO,2,E01002312,0,-1
2023010430731,2023,010430731,2,19,0,99,99,9,9,99,99,9,9,99,9,99,1,9,6,6,3,-1,-1,2143,2,7,MERCEDES VITO,-1,-1,0,-1
2023010477686,2023,010477686,2,19,0,5,5,5,1,0,0,1,0,0,0,0,4,1,1,1,1,26,6,2143,2,3,MERCEDES VITO,1,E01003060,0,-1
2023451290624,2023,451290624,1,19,0,18,19,6,2,0,0,0,0,0,0,0,1,1,1,1,1,22,5,2143,2,4,MERCEDES VITO,3,E01002526,0,-1
2023501372297,2023,501372297,1,19,0,18,19,2,6,0,0,0,0,0,0,0,4,1,2,2,1,65,9,2143,2,12,MERCEDES VITO,-1,-1,0,-1
2023430018136,2023,430018136,1,19,0,1,1,5,1,0,0,0,0,0,0,0,2,1,6,6,1,63,9,2148,2,16,MERCEDES VITO,10,E01028681,0,-1
2023401299364,2023,401299364,1,19,0,18,19,1,5,0,0,0,0,0,0,0,2,1,6,6,1,37,7,1598,2,8,MERCEDES VITO,2,E01016848,0,-1
2023991351357,2023,991351357,2,9,0,18,19,8,4,0,0,1,0,0,0,0,1,1,2,2,1,48,8,2143,2,4,MERCEDES VITO,1,-1,0,-1
2023440008688,2023,440008688,3,19,0,3,3,1,5,0,0,1,0,0,0,0,1,1,6,6,1,32,6,2143,2,6,MERCEDES VITO,6,E01023023,0,-1
2023501309052,2023,501309052,1,8,0,9,9,3,2,0,0,8,0,0,0,0,3,1,1,1,2,38,7,2143,2,12,MERCEDES VITO,5,E01018906,0,-1
2023211263179,2023,211263179,1,19,0,18,19,4,8,0,0,8,0,0,1,1,3,1,5,6,1,31,6,1950,2,1,MERCEDES VITO,7,E01029655,0,-1
2023461291528,2023,461291528,3,19,0,18,19,1,5,0,0,0,0,0,0,0,2,1,6,6,3,-1,-1,2148,2,19,MERCEDES VITO,-1,-1,0,-1
2023201412402,2023,201412402,1,9,0,18,19,6,3,0,0,0,0,0,0,0,1,1,5,6,1,31,6,1950,2,2,MERCEDES VITO,1,E01025298,0,-1
2023010424388,2023,010424388,1,8,0,4,4,8,4,0,0,1,0,0,0,0,1,1,1,1,1,73,10,2143,2,8,MERCEDES VITO,2,E01001931,0,-1
2023401354520,2023,401354520,3,9,0,4,4,8,4,0,0,0,0,0,0,0,1,1,2,2,1,43,7,1950,2,2,MERCEDES VITO,4,E01015734,0,-1
2023010419645,2023,010419645,1,8,0,18,19,3,7,0,0,0,0,0,0,0,1,1,1,1,1,54,8,2143,2,6,MERCEDES VITO,10,E01000345,0,-1
2023430303019,2023,430303019,1,8,0,9,9,7,5,0,0,5,0,0,7,0,4,1,1,1,1,41,7,2143,2,4,MERCEDES VITO,7,E01028720,0,-1
2023461354643,2023,461354643,1,19,0,15,15,6,2,0,0,0,0,0,0,0,3,1,6,6,2,-1,-1,1950,2,2,MERCEDES VITO,5,E01001682,0,-1
2023501290513,2023,501290513,1,19,-1,-1,-1,8,4,-1,-1,-1,-1,-1,-1,0,-1,1,6,6,1,43,7,2143,2,6,MERCEDES VITO,9,E01020215,0,-1
2023991384453,2023,991384453,2,8,0,18,19,4,8,0,0,0,0,0,0,0,2,1,2,2,1,50,8,2143,2,2,MERCEDES VITO,-1,-1,0,-1
2023411277030,2023,411277030,1,19,0,18,19,-1,-1,0,0,8,0,0,0,0,1,1,6,6,3,-1,-1,2148,2,12,MERCEDES VITO,-1,-1,0,-1
2023302400007,2023,302400007,1,8,0,18,19,2,8,0,0,8,1,0,0,0,0,1,1,1,1,41,7,2143,2,6,MERCEDES VITO,8,E01007712,0,-1
2023131380533,2023,131380533,1,19,0,9,9,1,3,0,0,8,0,0,0,0,3,1,1,1,1,29,6,2987,2,16,MERCEDES VITO,7,E01011941,0,-1
2023010485714,2023,010485714,1,19,0,18,19,1,5,0,0,0,0,0,0,0,1,1,6,6,3,-1,-1,1598,2,4,MERCEDES VITO,-1,-1,0,-1