collision_index,collision_year,collision_ref_no,vehicle_reference,vehicle_type,towing_and_articulation,vehicle_manoeuvre_historic,vehicle_manoeuvre,vehicle_direction_from,vehicle_direction_to,vehicle_location_restricted_lane_historic,vehicle_location_restricted_lane,junction_location,skidding_and_overturning,hit_object_in_carriageway,vehicle_leaving_carriageway,hit_object_off_carriageway,first_point_of_impact,vehicle_left_hand_drive,journey_purpose_of_driver_historic,journey_purpose_of_driver,sex_of_driver,age_of_driver,age_band_of_driver,engine_capacity_cc,propulsion_code,age_of_vehicle,generic_make_model,driver_imd_decile,lsoa_of_driver,escooter_flag,driver_distance_banding
2023991337278,2023,991337278,1,8,0,9,9,2,7,0,0,0,0,0,0,0,1,1,1,1,1,26,6,1950,2,2,MERCEDES VITO,-1,-1,0,-1
2023041317387,2023,041317387,1,19,0,18,19,5,1,0,0,1,0,0,0,0,1,1,6,6,1,58,9,1598,2,8,MERCEDES VITO,-1,-1,0,-1
2023201395656,2023,201395656,1,8,0,18,19,8,4,0,0,0,0,0,0,0,0,1,6,6,1,-1,-1,2143,2,6,MERCEDES VITO,-1,-1,0,-1
2023041332327,2023,041332327,1,9,0,18,19,2,6,0,0,1,0,0,0,0,1,1,1,1,1,51,8,-1,-1,-1,MERCEDES VITO,9,E01025254,0,-1
2023991313571,2023,991313571,2,8,0,18,19,3,7,1,1,8,0,0,0,0,4,1,1,1,1,39,7,2143,2,7,MERCEDES VITO,7,-1,0,-1
2023991295073,2023,991295073,1,10,0,18,19,3,7,0,0,0,0,4,0,0,1,1,1,1,1,37,7,-1,-1,-1,MERCEDES VITO,1,-1,0,-1
2023461301612,2023,461301612,1,9,0,9,9,5,3,0,0,0,0,11,0,0,1,1,6,6,1,47,8,2143,2,4,MERCEDES VITO,8,E01024063,0,-1
2023052301042,2023,052301042,1,8,0,1,1,1,5,0,0,1,0,0,0,0,2,1,6,6,1,-1,-1,2143,2,2,MERCEDES VITO,-1,-1,0,-1
2023010472393,2023,010472393,1,19,0,4,4,5,1,0,0,3,0,0,0,0,3,1,1,1,1,56,9,-1,3,0,MERCEDES VITO,3,E01015987,0,-1
2023010483990,2023,010483990,2,19,0,99,99,9,9,99,99,9,9,99,9,99,9,9,6,6,3,-1,-1,-1,3,1,MERCEDES VITO,-1,-1,0,-1
2023010466102,2023,010466102,2,8,0,99,99,9,9,99,99,9,9,99,9,99,9,9,6,6,3,-1,-1,2143,2,11,MERCEDES VITO,-1,-1,0,-1
2023430504936,2023,430504936,1,19,0,18,19,5,1,0,0,6,0,7,1,4,2,1,2,2,1,57,9,2143,2,9,MERCEDES VITO,10,E01016665,0,-1
2023991354167,2023,991354167,2,19,0,18,19,2,6,0,0,0,0,0,1,0,1,1,1,1,1,22,5,1950,2,2,MERCEDES VITO,7,-1,0,-1
2023010481734,2023,010481734,2,19,0,99,99,9,9,99,99,9,9,99,9,99,1,9,6,6,3,-1,-1,1950,2,1,MERCEDES VITO,-1,-1,0,-1
2023010454906,2023,010454906,1,8,0,7,7,5,7,0,0,2,0,0,0,0,1,1,1,1,1,27,6,2143,2,6,MERCEDES VITO,8,E01001994,0,-1
2023061321471,2023,061321471,1,19,0,9,9,5,3,0,0,0,0,0,0,0,0,1,6,6,1,30,6,2148,2,17,MERCEDES VITO,1,E01006040,0,-1
2023440162360,2023,440162360,2,19,0,18,19,7,3,0,0,1,0,0,0,0,1,1,6,6,1,62,9,2143,2,8,MERCEDES VITO,4,E01023260,0,-1
2023440081745,2023,440081745,1,19,0,18,19,5,1,0,0,0,0,0,0,0,1,1,2,2,1,22,5,2143,2,6,MERCEDES VITO,9,E01022712,0,-1
2023061324000,2023,061324000,1,10,0,18,19,3,7,0,0,1,0,0,0,0,1,1,3,7,1,30,6,-1,-1,-1,MERCEDES VITO,5,E01004767,0,-1
2023010459714,2023,010459714,1,8,0,17,19,1,5,0,0,1,0,0,0,0,1,1,2,2,1,67,10,2143,2,6,MERCEDES VITO,8,E01001994,0,-1
2023010467089,2023,010467089,1,8,0,5,5,3,7,0,0,1,0,0,0,0,4,1,1,1,1,50,8,2143,2,6,MERCEDES VITO,4,E01003268,0,-1
2023411360097,2023,411360097,1,19,0,4,4,7,3,0,0,0,0,0,0,0,1,1,6,6,1,62,9,2148,2,13,MERCEDES VITO,5,E01023331,0,-1
2023991346777,2023,991346777,1,8,0,6,6,3,3,0,0,6,0,0,0,0,1,1,1,1,1,61,9,2143,2,3,MERCEDES VITO,9,-1,0,-1
2023041339959,2023,041339959,2,19,0,9,9,1,3,0,0,7,0,0,0,0,1,1,5,6,1,36,7,2143,2,8,MERCEDES VITO,7,E01012602,0,-1
2023010444464,2023,010444464,1,9,0,6,6,7,7,0,0,1,0,0,0,0,4,1,6,6,1,32,6,2143,2,6,MERCEDES VITO,5,E01001644,0,-1
2023430221316,2023,430221316,2,19,0,9,9,2,1,0,0,2,0,0,0,0,1,1,6,6,3,-1,-1,2143,2,10,MERCEDES VITO,-1,-1,0,-1
2023010437834,2023,010437834,3,19,0,3,3,3,7,0,0,1,0,0,0,0,2,1,1,1,1,33,6,1750,2,2,MERCEDES VITO,2,E01027128,0,-1
2023170S11503,2023,170S11503,1,19,0,8,8,3,7,0,0,1,0,0,0,0,2,1,1,1,1,24,5,2143,2,7,MERCEDES VITO,7,E01012209,0,-1
2023520301552,2023,520301552,2,19,0,18,19,3,7,0,0,0,0,0,0,0,4,1,6,6,2,47,8,2143,2,11,MERCEDES VITO,7,E01014744,0,-1
2023010468145,2023,010468145,1,19,0,5,5,0,7,0,0,1,0,0,0,0,1,1,1,1,1,28,6,-1,3,1,MERCEDES VITO,5,E01000516,0,-1
2023332300568,2023,332300568,1,8,0,4,4,4,8,0,0,1,0,0,0,0,1,1,1,1,1,51,8,2143,2,8,MERCEDES VITO,1,E01013761,0,-1
2023421362277,2023,421362277,1,8,0,18,19,3,7,0,0,1,0,0,0,0,1,1,5,6,1,46,8,2143,2,8,MERCEDES VITO,9,E01021947,0,-1
2023052302526,2023,052302526,2,8,0,18,19,7,3,0,0,1,0,0,0,0,1,1,1,1,1,23,5,2143,2,9,MERCEDES VITO,1,E01006692,0,-1
2023991299108,2023,991299108,1,19,0,17,19,2,7,0,0,0,0,0,1,0,1,2,1,1,1,45,7,1950,2,1,MERCEDES VITO,5,-1,0,-1
2023101366657,2023,101366657,2,19,0,18,19,3,1,0,0,0,0,0,0,0,1,1,1,1,1,56,9,2148,2,17,MERCEDES VITO,4,E01008202,0,-1
2023010429095,2023,010429095,1,9,0,18,19,8,4,0,0,0,0,0,0,0,1,1,1,1,1,23,5,2143,2,5,MERCEDES VITO,-1,-1,0,-1
2023552300029,2023,552300029,1,19,0,18,19,3,7,0,0,0,0,0,0,0,1,1,1,1,1,69,10,1598,2,4,MERCEDES VITO,6,E01015414,0,-1
2023161283433,2023,161283433,2,19,0,4,4,5,1,0,0,0,0,0,0,0,2,1,2,2,1,44,7,2148,2,16,MERCEDES VITO,4,E01013271,0,-1
2023201373407,2023,201373407,3,8,0,3,3,8,4,0,0,0,0,0,0,0,2,1,6,6,1,56,9,2148,2,14,MERCEDES VITO,2,E01010525,0,-1
2023010423511,2023,010423511,1,8,0,18,19,7,3,0,0,6,0,11,0,0,4,2,1,1,1,55,8,2143,2,10,MERCEDES VITO,-1,-1,0,-1
2023332300858,2023,332300858,1,19,0,9,9,2,8,0,0,6,0,0,0,0,4,1,1,1,1,38,7,2143,2,7,MERCEDES VITO,1,E01012480,0,-1
2023010420715,2023,010420715,1,8,0,99,99,9,9,99,99,0,9,99,9,99,1,9,1,1,1,48,8,2143,2,11,MERCEDES VITO,7,E01004134,0,-1
2023010453519,2023,010453519,2,19,0,99,99,9,9,99,99,0,9,99,9,99,1,9,6,6,1,-1,-1,2143,2,3,MERCEDES VITO,2,E01002697,0,-1
2023501390472,2023,501390472,1,19,0,18,19,7,8,0,0,0,5,0,0,0,3,1,5,6,1,31,6,2987,2,11,MERCEDES VITO,5,E01020325,0,-1
2023451333888,2023,451333888,1,19,0,5,5,1,5,0,0,4,0,0,0,0,1,1,2,2,1,54,8,2148,2,15,MERCEDES VITO,10,E01030726,0,-1
2023221390547,2023,221390547,2,19,0,18,19,5,1,0,0,4,0,0,0,0,1,1,6,6,1,37,7,2143,2,4,MERCEDES VITO,8,E01032126,0,-1
2023010460178,2023,010460178,1,8,0,18,19,4,8,0,0,8,0,10,1,0,3,1,2,2,1,68,10,2143,2,11,MERCEDES VITO,4,E01000769,0,-1
2023461289685,2023,461289685,3,19,0,4,4,7,3,0,0,0,0,0,0,0,1,1,6,6,1,37,7,2143,2,9,MERCEDES VITO,3,E01024372,0,-1
2023332300568,2023,332300568,2,19,0,9,9,8,6,0,0,5,0,0,0,0,2,1,6,6,1,-1,-1,1598,2,8,MERCEDES VITO,-1,-1,0,-1
2023131381524,2023,131381524,1,19,0,18,19,7,3,0,0,6,0,0,0,0,1,1,1,1,2,60,9,1950,2,2,MERCEDES VITO,1,E01011735,0,-1
2023010448141,2023,010448141,2,19,9,99,99,9,9,99,99,9,9,99,9,99,9,9,6,6,3,-1,-1,-1,3,0,MERCEDES VITO,-1,-1,0,-1
2023320008623,2023,320008623,2,9,0,18,19,2,6,0,0,7,0,0,0,0,2,1,1,1,1,64,9,1950,2,1,MERCEDES VITO,7,E01026179,0,-1
202360A120759,2023,60A120759,1,19,0,18,19,7,3,0,0,0,0,0,0,0,1,1,6,6,1,56,9,2143,2,6,MERCEDES VITO,-1,-1,0,-1
2023010451783,2023,010451783,1,8,0,18,19,1,5,0,0,0,0,0,0,0,1,1,1,1,1,53,8,2143,2,6,MERCEDES VITO,5,E01004461,0,-1
2023631321718,2023,631321718,1,19,0,13,13,6,2,0,0,0,0,0,0,0,3,1,6,6,1,24,5,2143,2,3,MERCEDES VITO,7,W01000449,0,-1
2023421354334,2023,421354334,1,19,0,-1,-1,-1,-1,-1,-1,0,-1,-1,-1,0,-1,1,6,6,3,-1,-1,1598,2,4,MERCEDES VITO,-1,-1,0,-1
2023061324876,2023,061324876,1,8,0,18,19,3,7,0,0,0,0,0,0,0,1,1,1,1,1,42,7,2148,2,13,MERCEDES VITO,3,E01005066,0,-1
2023542517323,2023,542517323,1,19,0,16,19,5,7,0,0,1,0,0,0,0,3,1,6,6,1,47,8,2148,2,16,MERCEDES VITO,8,E01032077,0,-1
2023552300752,2023,552300752,2,19,0,2,2,0,0,0,0,0,0,0,0,0,2,1,1,1,1,41,7,2143,2,8,MERCEDES VITO,9,E01016060,0,-1
2023010422403,2023,010422403,1,19,0,99,99,9,9,99,99,0,9,99,9,99,1,9,6,6,3,-1,-1,2143,2,3,MERCEDES VITO,-1,-1,0,-1
2023031279378,2023,031279378,1,19,0,18,19,7,3,0,0,1,0,0,0,0,1,1,6,6,1,62,9,2143,2,6,MERCEDES VITO,-1,-1,0,-1
2023302300867,2023,302300867,1,19,0,4,4,3,7,0,0,1,0,0,0,0,1,1,6,6,1,50,8,2148,2,16,MERCEDES VITO,1,E01006064,0,-1
2023401371585,2023,401371585,1,8,0,18,19,1,7,0,0,2,0,0,0,0,4,1,1,1,1,45,7,2148,2,13,MERCEDES VITO,6,E01016737,0,-1
2023010422833,2023,010422833,1,8,0,99,99,9,9,99,99,9,9,99,9,99,2,9,1,1,1,58,9,2143,2,6,MERCEDES VITO,8,E01024653,0,-1
2023991354848,2023,991354848,2,8,0,18,19,3,5,0,0,0,0,0,0,0,2,1,6,6,1,42,7,2143,2,5,MERCEDES VITO,-1,-1,0,-1
2023010470308,2023,010470308,2,19,9,99,99,9,9,99,99,9,9,99,9,99,9,9,6,6,1,-1,-1,1950,2,0,MERCEDES VITO,-1,-1,0,-1
2023531274532,2023,531274532,3,19,0,18,19,6,2,0,0,0,0,0,0,0,2,1,1,1,1,30,6,2987,2,10,MERCEDES VITO,4,E01022240,0,-1
2023010469963,2023,010469963,2,19,0,99,99,9,9,99,99,9,9,99,9,99,9,9,6,6,3,-1,-1,2143,2,6,MERCEDES VITO,2,E01004224,0,-1
2023131384540,2023,131384540,1,9,0,18,19,5,1,0,0,0,0,0,0,0,1,1,1,1,1,47,8,2143,2,5,MERCEDES VITO,3,E01011260,0,-1
2023010455083,2023,010455083,1,9,0,18,19,3,7,0,0,8,0,0,0,0,1,1,1,1,1,62,9,-1,-1,-1,MERCEDES VITO,4,E01004358,0,-1
2023421344499,2023,421344499,1,8,0,11,11,6,8,0,0,3,0,0,0,0,4,1,1,1,1,48,8,2143,2,6,MERCEDES VITO,8,E01026530,0,-1
2023052300943,2023,052300943,1,8,0,10,10,5,1,0,0,0,0,0,0,0,3,1,6,6,1,32,6,2148,2,14,MERCEDES VITO,4,E01006619,0,-1
2023052301573,2023,052301573,2,8,0,16,19,1,5,0,0,0,0,0,0,0,4,1,1,1,1,47,8,2143,2,5,MERCEDES VITO,1,E01006455,0,-1
2023361314739,2023,361314739,1,10,0,2,2,0,0,0,0,0,1,4,0,0,2,1,5,6,1,40,7,2148,2,17,MERCEDES VITO,6,E01033541,0,-1
2023010473306,2023,010473306,2,19,0,9,9,7,4,0,0,2,0,0,0,0,1,1,6,6,1,36,7,2143,2,7,MERCEDES VITO,4,E01001355,0,-1
2023010482856,2023,010482856,1,19,0,99,99,9,9,99,99,9,9,99,9,99,9,9,6,6,1,42,7,-1,3,1,MERCEDES VITO,8,E01003420,0,-1
2023430078045,2023,430078045,1,8,0,18,19,7,3,0,0,1,0,0,0,0,1,1,6,6,2,-1,-1,2143,2,8,MERCEDES VITO,-1,-1,0,-1
2023010420248,2023,010420248,1,8,0,18,19,5,1,0,0,6,0,0,0,0,3,1,6,6,1,63,9,2143,2,6,MERCEDES VITO,-1,-1,0,-1
2023201415069,2023,201415069,2,9,0,4,4,7,3,0,0,0,0,0,0,0,1,1,2,2,1,55,8,-1,-1,-1,MERCEDES VITO,1,E01033648,0,-1
2023461361343,2023,461361343,3,19,0,-1,-1,-1,-1,-1,-1,0,-1,-1,-1,0,1,1,6,6,1,61,9,2143,2,4,MERCEDES VITO,8,E01016028,0,-1
2023430013281,2023,430013281,1,19,0,18,19,6,2,0,0,1,0,0,0,0,1,1,6,6,1,30,6,1598,2,8,MERCEDES VITO,-1,-1,0,-1
2023131262797,2023,131262797,2,9,0,7,7,5,6,0,0,5,0,0,1,0,4,1,6,6,1,51,8,2143,2,6,MERCEDES VITO,7,E01010999,0,-1
2023501402924,2023,501402924,1,19,0,18,19,8,4,99,99,0,0,0,9,0,1,1,6,6,2,43,7,2148,2,15,MERCEDES VITO,7,E01020105,0,-1
2023451288274,2023,451288274,1,9,0,18,19,1,5,0,0,0,0,4,0,0,1,1,1,1,1,51,8,1950,2,4,MERCEDES VITO,4,E01001061,0,-1
2023622300597,2023,622300597,2,19,0,18,19,2,6,0,0,0,0,0,0,0,2,1,2,2,1,48,8,2143,2,4,MERCEDES VITO,3,W01001435,0,-1
2023010446102,2023,010446102,2,9,0,18,19,3,7,0,0,0,0,0,0,0,2,1,6,6,1,56,9,2143,2,9,MERCEDES VITO,1,E01004312,0,-1
2023052302956,2023,052302956,2,8,0,18,19,3,7,0,0,8,0,0,0,0,3,1,1,1,1,44,7,2143,2,11,MERCEDES VITO,5,E01006590,0,-1
2023302300795,2023,302300795,1,8,0,14,14,8,4,0,0,0,0,0,0,0,1,1,1,1,1,42,7,2143,2,9,MERCEDES VITO,1,E01013573,0,-1
2023543752123,2023,543752123,1,19,0,18,19,7,3,0,0,0,0,0,0,0,1,1,6,6,1,23,5,2143,2,6,MERCEDES VITO,3,E01022899,0,-1
2023141360746,2023,141360746,3,9,0,18,19,6,2,0,0,0,0,0,0,0,1,1,1,1,1,48,8,-1,-1,-1,MERCEDES VITO,1,E01033672,0,-1
2023010424350,2023,010424350,2,19,0,99,99,9,9,99,99,0,9,99,9,99,9,9,6,6,3,-1,-1,1750,2,3,MERCEDES VITO,-1,-1,0,-1
2023010452166,2023,010452166,1,19,0,18,19,5,1,0,0,0,0,0,0,0,3,1,1,1,1,26,6,-1,3,1,MERCEDES VITO,6,E01023762,0,-1
2023471263084,2023,471263084,2,19,0,18,19,1,5,0,0,0,0,0,0,0,4,1,2,2,1,58,9,2148,2,16,MERCEDES VITO,9,E01021042,0,-1
2023041388846,2023,041388846,4,19,0,18,19,7,3,0,0,0,0,0,0,0,2,1,2,2,1,39,7,2143,2,8,MERCEDES VITO,9,E01012609,0,-1
2023061321208,2023,061321208,1,9,-1,-1,-1,-1,-1,-1,-1,0,-1,-1,-1,0,-1,1,6,6,3,-1,-1,-1,-1,-1,MERCEDES VITO,-1,-1,0,-1
2023622300105,2023,622300105,1,19,0,9,9,2,8,0,0,6,0,0,0,0,3,1,1,1,1,28,6,2143,2,8,MERCEDES VITO,2,W01000967,0,-1
2023522400489,2023,522400489,2,19,0,4,4,3,7,0,0,0,0,0,0,0,2,1,6,6,1,24,5,2143,2,6,MERCEDES VITO,8,E01014805,0,-1
2023010444099,2023,010444099,2,19,0,18,19,7,3,0,0,0,0,0,0,0,3,1,6,6,1,22,5,2143,2,3,MERCEDES VITO,-1,-1,0,-1
2023010479447,2023,010479447,1,19,0,99,99,9,9,0,0,0,0,0,0,0,1,9,6,6,1,62,9,-1,3,2,MERCEDES VITO,3,E01000432,0,-1
2023131261904,2023,131261904,1,19,0,5,5,5,7,0,0,0,0,0,0,0,3,1,1,1,1,66,10,2148,2,17,MERCEDES VITO,8,E01011527,0,-1
2023430098794,2023,430098794,1,19,0,17,19,7,4,0,0,0,0,0,0,0,1,1,2,2,1,40,7,2143,2,6,MERCEDES VITO,7,E01015490,0,-1
2023411364204,2023,411364204,2,9,0,5,5,1,5,0,0,8,0,0,0,0,2,1,6,6,1,55,8,2143,2,5,MERCEDES VITO,4,E01009518,0,-1
2023010437414,2023,010437414,2,19,0,99,99,9,9,99,99,9,9,99,9,99,2,9,6,6,3,-1,-1,1598,2,7,MERCEDES VITO,3,E01004367,0,-1
2023311368088,2023,311368088,1,19,0,4,4,5,1,6,6,5,0,0,7,0,1,1,1,1,1,48,8,1950,2,1,MERCEDES VITO,-1,-1,0,-1
2023010435101,2023,010435101,2,10,0,99,99,9,9,99,99,9,9,99,9,99,1,9,6,6,1,32,6,-1,-1,-1,MERCEDES VITO,-1,-1,0,-1
2023061284255,2023,061284255,1,9,-1,-1,-1,-1,-1,-1,-1,-1,-1,-1,-1,0,-1,1,6,6,3,-1,-1,-1,-1,-1,MERCEDES VITO,-1,-1,0,-1
2023501282863,2023,501282863,1,19,0,16,19,3,7,0,0,1,0,0,0,0,4,1,5,6,1,30,6,1598,2,8,MERCEDES VITO,4,E01018820,0,-1
2023451341160,2023,451341160,1,19,0,18,19,3,7,0,0,0,0,0,0,0,1,1,5,6,2,53,8,1598,2,7,MERCEDES VITO,10,E01023117,0,-1
2023520400671,2023,520400671,2,19,0,13,13,4,8,0,0,0,0,0,0,0,4,1,6,6,1,43,7,2143,2,10,MERCEDES VITO,1,E01014844,0,-1
2023010430195,2023,010430195,1,19,0,3,3,5,1,0,0,1,0,0,0,0,1,1,1,1,1,32,6,1950,2,2,MERCEDES VITO,3,E01001638,0,-1
2023421321726,2023,421321726,7,19,0,2,2,0,0,0,0,1,0,0,0,0,1,1,6,6,3,-1,-1,2148,2,15,MERCEDES VITO,-1,-1,0,-1
2023052300651,2023,052300651,1,8,0,9,9,5,3,0,0,8,0,0,0,0,1,1,6,6,1,38,7,2143,2,4,MERCEDES VITO,2,E01006428,0,-1
2023101265161,2023,101265161,3,8,0,3,3,7,3,0,0,0,0,0,0,0,2,1,1,1,1,48,8,2143,2,8,MERCEDES VITO,-1,-1,0,-1
2023440052688,2023,440052688,1,19,0,11,11,2,6,0,0,0,0,0,0,0,1,1,2,2,1,41,7,2143,2,4,MERCEDES VITO,3,E01022670,0,-1
2023010480855,2023,010480855,1,19,0,18,19,1,5,0,0,2,0,0,0,0,4,1,1,1,1,60,9,2151,2,20,MERCEDES VITO,2,E01000628,0,-1
2023010466423,2023,010466423,1,8,0,99,99,9,9,99,99,9,9,99,9,99,2,9,1,1,1,56,9,2143,2,6,MERCEDES VITO,8,E01033027,0,-1
2023010470254,2023,010470254,1,8,0,5,5,3,7,0,0,1,0,0,0,0,4,1,1,1,1,47,8,2143,2,6,MERCEDES VITO,4,E01003541,0,-1
2023061302722,2023,061302722,1,8,0,18,19,-1,-1,0,0,-1,0,-1,0,0,1,1,6,6,1,-1,-1,2148,2,13,MERCEDES VITO,2,E01005026,0,-1
2023201328107,2023,201328107,1,19,0,18,19,-1,-1,0,0,1,0,0,0,0,1,1,6,6,1,-1,-1,2143,2,7,MERCEDES VITO,-1,-1,0,-1
2023471299141,2023,471299141,1,9,0,15,15,5,1,0,0,8,1,0,7,4,4,1,2,2,1,24,5,1950,2,2,MERCEDES VITO,4,E01002448,0,-1
2023351297400,2023,351297400,2,19,0,17,19,4,1,0,0,8,0,0,0,0,1,1,6,6,1,48,8,2143,2,11,MERCEDES VITO,9,E01018296,0,-1
2023471311594,2023,471311594,1,9,0,18,19,6,2,0,0,0,0,4,0,0,1,1,2,2,1,54,8,2143,2,6,MERCEDES VITO,5,E01020969,0,-1
2023052302059,2023,052302059,1,19,0,18,19,3,7,0,0,0,0,0,0,0,2,1,2,2,3,-1,-1,2143,2,7,MERCEDES VITO,-1,-1,0,-1
2023221384194,2023,221384194,1,19,0,18,19,5,1,0,0,0,0,0,0,0,1,1,6,6,1,58,9,2143,2,6,MERCEDES VITO,-1,-1,0,-1
2023010460615,2023,010460615,3,8,0,18,19,7,3,0,0,2,0,0,0,0,0,1,1,1,3,-1,-1,2143,2,6,MERCEDES VITO,3,E01016746,0,-1
2023471381720,2023,471381720,1,19,0,9,9,4,2,0,0,5,0,0,0,0,1,1,6,6,1,30,6,1950,2,1,MERCEDES VITO,6,E01016874,0,-1
2023010483476,2023,010483476,1,8,0,18,19,1,5,0,0,6,1,0,0,0,4,1,1,1,1,50,8,2143,2,6,MERCEDES VITO,10,E01003745,0,-1
2023471287524,2023,471287524,1,19,0,16,19,4,2,0,0,0,0,0,0,0,1,1,1,1,1,49,8,1598,2,5,MERCEDES VITO,2,E01031456,0,-1
2023052302019,2023,052302019,1,8,0,18,19,6,2,0,0,0,0,0,0,0,1,1,1,1,1,25,5,2143,2,10,MERCEDES VITO,2,E01006565,0,-1
2023991266079,2023,991266079,1,19,0,9,9,1,8,0,0,1,0,0,0,0,1,1,1,1,1,24,5,1750,2,3,MERCEDES VITO,-1,-1,0,-1
2023010443982,2023,010443982,2,9,0,9,9,5,3,0,0,4,0,0,0,0,1,1,3,7,1,51,8,2143,2,5,MERCEDES VITO,8,E01002201,0,-1
2023440421760,2023,440421760,2,19,0,11,11,1,5,0,0,0,0,4,0,0,1,1,6,6,1,49,8,2148,2,16,MERCEDES VITO,3,E01023142,0,-1
2023991379706,2023,991379706,1,9,0,9,9,1,7,0,0,4,0,0,0,0,1,1,1,1,1,56,9,-1,-1,-1,MERCEDES VITO,1,-1,0,-1
2023010475808,2023,010475808,2,9,0,18,19,1,5,0,0,1,0,0,0,0,1,1,6,6,1,48,8,2143,2,6,MERCEDES VITO,3,E01001467,0,-1
2023010433853,2023,010433853,1,19,0,9,9,1,7,0,0,1,0,0,0,0,4,1,1,1,2,40,7,2143,2,4,MERCEDES VITO,7,E01023373,0,-1
2023141341289,2023,141341289,1,9,0,18,19,4,8,0,0,1,0,0,0,0,1,1,6,6,1,68,10,-1,-1,-1,MERCEDES VITO,1,E01007648,0,-1
2023311347175,2023,311347175,2,19,-1,18,19,6,2,0,0,0,0,0,0,0,1,1,6,6,3,33,6,2148,2,17,MERCEDES VITO,-1,-1,0,-1
2023461342555,2023,461342555,2,19,0,2,2,0,0,0,0,0,0,0,0,0,2,1,6,6,3,-1,-1,2143,2,4,MERCEDES VITO,-1,-1,0,-1
2023061264042,2023,061264042,3,19,0,18,19,1,1,0,0,0,0,0,0,0,2,1,6,6,1,41,7,1598,2,4,MERCEDES VITO,5,E01004809,0,-1
2023141366631,2023,141366631,2,19,0,7,7,5,7,0,0,6,0,0,0,0,1,1,1,1,1,34,6,2143,2,11,MERCEDES VITO,1,E01007369,0,-1
2023430337468,2023,430337468,1,19,4,9,9,2,8,0,0,8,0,0,0,0,3,1,6,6,1,-1,-1,2143,2,6,MERCEDES VITO,-1,-1,0,-1
2023061281562,2023,061281562,1,19,-1,1,1,5,1,0,0,8,0,0,0,0,2,1,6,6,3,30,6,2148,2,16,MERCEDES VITO,-1,-1,0,-1
2023131329138,2023,131329138,2,19,0,9,9,4,8,0,0,1,0,0,0,0,2,1,5,6,1,62,9,1598,2,7,MERCEDES VITO,5,E01011537,0,-1
2023131306813,2023,131306813,1,8,0,1,1,8,4,0,0,0,0,0,0,0,2,1,1,1,1,48,8,2143,2,6,MERCEDES VITO,1,E01033693,0,-1
2023010437642,2023,010437642,1,9,0,99,99,9,9,99,99,9,9,99,9,99,1,9,6,6,1,50,8,2143,2,6,MERCEDES VITO,3,E01003520,0,-1
2023010461943,2023,010461943,1,19,0,7,7,5,7,0,0,8,0,0,0,0,1,1,1,1,1,50,8,2143,2,7,MERCEDES VITO,4,E01017217,0,-1
2023010466076,2023,010466076,2,10,0,99,99,9,9,99,99,9,9,99,9,99,1,9,6,6,3,-1,-1,-1,-1,-1,MERCEDES VITO,-1,-1,0,-1
2023010435112,2023,010435112,1,8,3,17,19,3,7,0,0,4,0,0,0,0,3,1,1,1,1,53,8,2143,2,6,MERCEDES VITO,-1,-1,0,-1
2023622300474,2023,622300474,2,19,0,5,5,2,6,0,0,8,0,0,0,0,1,1,6,6,3,-1,-1,2143,2,12,MERCEDES VITO,-1,-1,0,-1
2023201279071,2023,201279071,1,19,0,5,5,2,6,0,0,4,0,0,0,0,1,1,6,6,1,74,10,2148,2,15,MERCEDES VITO,5,E01029852,0,-1
2023201373845,2023,201373845,1,19,0,18,19,5,1,0,0,0,0,0,0,0,1,1,5,6,1,59,9,2143,2,3,MERCEDES VITO,9,E01025242,0,-1
2023141289058,2023,141289058,1,9,0,18,19,8,2,0,0,1,0,0,0,0,1,1,6,6,1,53,8,-1,-1,-1,MERCEDES VITO,5,E01008045,0,-1
2023430471735,2023,430471735,1,8,0,18,19,4,8,0,0,2,0,0,0,0,1,1,1,1,1,67,10,2143,2,9,MERCEDES VITO,4,E01016360,0,-1
2023430354809,2023,430354809,2,8,0,18,19,1,5,0,0,0,0,0,0,0,3,1,1,1,1,59,9,2143,2,7,MERCEDES VITO,3,E01016846,0,-1
2023010447255,2023,010447255,1,8,0,6,6,1,1,0,0,0,0,0,0,0,4,1,1,1,1,68,10,2143,2,6,MERCEDES VITO,3,E01003496,0,-1
202360A049273,2023,60A049273,1,19,0,16,19,1,5,0,0,1,0,0,0,0,1,1,6,6,1,36,7,2148,2,13,MERCEDES VITO,-1,-1,0,-1
2023010463472,2023,010463472,2,8,0,99,99,9,9,99,99,0,9,99,9,99,1,9,6,6,3,-1,-1,2143,2,6,MERCEDES VITO,-1,-1,0,-1
2023010428133,2023,010428133,1,19,0,18,19,3,7,0,0,0,0,0,0,0,0,1,1,1,1,34,6,1950,2,2,MERCEDES VITO,6,E01033738,0,-1
2023041315658,2023,041315658,4,19,0,2,2,0,0,0,0,0,0,0,0,0,2,1,6,6,3,-1,-1,2148,2,14,MERCEDES VITO,-1,-1,0,-1