collision_index,collision_year,collision_ref_no,vehicle_reference,vehicle_type,towing_and_articulation,vehicle_manoeuvre_historic,vehicle_manoeuvre,vehicle_direction_from,vehicle_direction_to,vehicle_location_restricted_lane_historic,vehicle_location_restricted_lane,junction_location,skidding_and_overturning,hit_object_in_carriageway,vehicle_leaving_carriageway,hit_object_off_carriageway,first_point_of_impact,vehicle_left_hand_drive,journey_purpose_of_driver_historic,journey_purpose_of_driver,sex_of_driver,age_of_driver,age_band_of_driver,engine_capacity_cc,propulsion_code,age_of_vehicle,generic_make_model,driver_imd_decile,lsoa_of_driver,escooter_flag,driver_distance_banding
2023061325790,2023,061325790,1,19,-1,18,19,-1,-1,0,0,0,0,0,0,0,-1,1,6,6,3,-1,-1,1950,2,1,MERCEDES VITO,-1,-1,0,-1
2023061347066,2023,061347066,1,19,0,18,19,7,2,0,0,0,0,0,0,0,1,1,1,1,1,57,9,1750,2,2,MERCEDES VITO,4,E01005928,0,-1
2023481364554,2023,481364554,1,8,0,11,11,1,5,0,0,0,0,0,0,0,4,1,1,1,1,40,7,2143,2,6,MERCEDES VITO,-1,-1,0,-1
2023340WN5852,2023,340WN5852,1,19,0,11,11,6,2,0,0,1,0,0,0,0,1,1,6,6,1,30,6,2143,2,10,MERCEDES VITO,3,E01027111,0,-1
2023421390515,2023,421390515,1,19,0,-1,-1,-1,-1,-1,-1,-1,-1,-1,-1,0,-1,1,6,6,3,-1,-1,1598,2,4,MERCEDES VITO,-1,-1,0,-1
2023471364665,2023,471364665,1,19,0,9,9,7,5,0,0,1,0,0,0,0,1,1,1,1,1,26,6,1598,2,5,MERCEDES VITO,-1,-1,0,-1
2023010477455,2023,010477455,1,8,0,7,7,1,4,0,0,8,0,0,0,0,0,1,1,1,1,63,9,2143,2,6,MERCEDES VITO,7,E01000657,0,-1
2023061295433,2023,061295433,2,19,0,18,19,7,3,0,0,0,0,0,0,0,1,1,1,1,1,43,7,2148,2,12,MERCEDES VITO,-1,-1,0,-1
2023010425713,2023,010425713,1,8,0,9,9,7,5,0,0,8,0,0,0,0,1,1,1,1,1,61,9,2148,2,13,MERCEDES VITO,7,E01000732,0,-1
2023010448718,2023,010448718,1,9,9,18,19,1,5,99,99,9,9,99,9,99,9,9,6,6,3,-1,-1,2143,2,8,MERCEDES VITO,-1,-1,0,-1
2023010447880,2023,010447880,2,19,0,99,99,9,9,99,99,0,9,99,9,99,9,9,6,6,3,-1,-1,2143,2,4,MERCEDES VITO,10,E01023743,0,-1
2023471384905,2023,471384905,2,19,0,18,19,6,2,0,0,0,0,0,0,0,1,1,6,6,1,38,7,1950,2,2,MERCEDES VITO,5,E01031584,0,-1
2023320404752,2023,320404752,3,19,0,2,2,0,0,9,9,0,0,0,0,0,0,1,6,6,3,-1,-1,2987,2,14,MERCEDES VITO,-1,-1,0,-1
2023311330838,2023,311330838,1,19,0,16,19,5,5,0,0,7,0,0,1,0,1,1,2,2,1,28,6,1750,2,3,MERCEDES VITO,-1,-1,0,-1
2023461323291,2023,461323291,3,19,0,5,5,1,5,0,0,0,0,0,0,0,2,1,1,1,1,25,5,2143,2,7,MERCEDES VITO,6,E01021105,0,-1
2023010428977,2023,010428977,1,19,0,18,19,7,3,0,0,0,0,0,0,0,2,1,1,1,1,57,9,2143,2,4,MERCEDES VITO,6,E01022096,0,-1
2023010459783,2023,010459783,1,19,0,18,19,3,7,0,0,0,0,0,0,0,0,1,6,6,1,64,9,2151,2,21,MERCEDES VITO,9,E01002483,0,-1
2023010432484,2023,010432484,1,19,0,9,9,3,2,0,0,6,0,10,0,0,4,1,1,1,1,25,5,-1,3,2,MERCEDES VITO,5,E01001837,0,-1
2023311384834,2023,311384834,1,8,0,18,19,8,4,0,0,8,0,0,1,0,1,1,1,1,1,58,9,2143,2,4,MERCEDES VITO,5,E01028189,0,-1
2023552301005,2023,552301005,1,19,0,1,1,2,6,0,0,0,0,4,0,0,2,1,6,6,1,37,7,2143,2,10,MERCEDES VITO,-1,-1,0,-1
2023430452226,2023,430452226,1,19,0,18,19,3,7,0,0,0,0,0,0,0,4,1,1,1,1,23,5,2148,2,17,MERCEDES VITO,6,E01031877,0,-1
2023061317401,2023,061317401,1,8,0,17,19,1,5,0,0,1,0,0,3,2,1,1,1,1,1,61,9,2148,2,14,MERCEDES VITO,1,E01005264,0,-1
2023332301045,2023,332301045,2,19,0,12,12,7,3,0,0,4,0,0,0,0,1,1,6,6,1,-1,-1,2143,2,11,MERCEDES VITO,5,E01013668,0,-1
2023401300245,2023,401300245,2,19,0,2,2,0,0,0,0,0,0,0,0,0,3,1,5,6,3,-1,-1,1598,2,7,MERCEDES VITO,-1,-1,0,-1
2023052300304,2023,052300304,1,19,0,4,4,3,7,0,0,0,0,0,0,0,4,1,6,6,1,25,5,2148,2,14,MERCEDES VITO,1,E01006574,0,-1
2023041389945,2023,041389945,1,9,0,18,19,7,3,0,0,2,0,0,0,0,1,1,1,1,1,59,9,2143,2,11,MERCEDES VITO,4,E01025267,0,-1
2023070978017,2023,070978017,1,8,0,18,19,6,2,0,0,0,0,0,0,0,1,1,1,1,1,65,9,1950,2,2,MERCEDES VITO,5,E01006206,0,-1
2023991275249,2023,991275249,1,8,0,1,1,5,1,0,0,6,0,0,0,0,2,1,5,6,1,48,8,2143,2,5,MERCEDES VITO,-1,-1,0,-1
2023544073523,2023,544073523,1,19,0,5,5,8,6,0,0,8,0,0,0,0,4,1,6,6,2,47,8,2143,2,12,MERCEDES VITO,9,E01031968,0,-1
2023041299974,2023,041299974,3,19,0,18,19,1,5,0,0,0,0,0,0,0,2,1,1,1,1,59,9,2143,2,4,MERCEDES VITO,4,E01005934,0,-1
2023131264590,2023,131264590,1,9,0,18,19,6,2,0,0,1,0,0,0,0,2,1,6,6,1,38,7,2143,2,8,MERCEDES VITO,5,E01032495,0,-1
2023421290306,2023,421290306,1,8,0,9,9,7,3,9,9,2,0,0,0,0,3,1,1,1,1,49,8,2143,2,6,MERCEDES VITO,1,E01015897,0,-1
2023991293387,2023,991293387,1,10,0,18,19,8,4,0,0,0,0,11,0,0,0,1,1,1,1,31,6,-1,-1,-1,MERCEDES VITO,-1,-1,0,-1
2023010457526,2023,010457526,1,9,0,4,4,1,5,0,0,1,0,0,0,0,1,1,1,1,1,50,8,-1,3,1,MERCEDES VITO,2,E01001506,0,-1
2023991418266,2023,991418266,1,8,0,6,6,7,6,0,0,8,0,0,0,0,1,1,1,1,1,47,8,2143,2,8,MERCEDES VITO,7,-1,0,-1
2023991340292,2023,991340292,1,8,0,18,19,7,3,0,0,8,0,0,0,0,4,1,1,1,1,48,8,2143,2,5,MERCEDES VITO,2,-1,0,-1
2023440292806,2023,440292806,1,19,0,4,4,3,7,0,0,1,0,0,1,2,2,1,2,2,1,47,8,1598,2,6,MERCEDES VITO,2,E01017202,0,-1
2023010461175,2023,010461175,2,8,0,99,99,9,9,99,99,9,9,99,9,99,1,9,1,1,1,56,9,2143,2,11,MERCEDES VITO,9,E01023946,0,-1
2023221276333,2023,221276333,2,19,0,3,3,3,7,0,0,0,0,0,0,0,2,1,2,2,2,53,8,2143,2,7,MERCEDES VITO,8,E01031241,0,-1
2023141293743,2023,141293743,1,9,0,18,19,2,6,0,0,0,0,0,0,0,1,1,1,1,1,35,6,-1,-1,-1,MERCEDES VITO,5,E01007650,0,-1
2023161386434,2023,161386434,2,19,0,18,19,5,1,0,0,1,0,0,0,0,1,1,6,6,1,37,7,2148,2,15,MERCEDES VITO,1,E01012782,0,-1
2023351320866,2023,351320866,2,19,0,2,2,-1,-1,0,0,1,0,0,0,0,4,1,6,6,2,57,9,2148,2,17,MERCEDES VITO,6,E01018111,0,-1
2023010459318,2023,010459318,1,19,0,99,99,9,9,99,99,0,9,99,9,99,2,9,6,6,1,51,8,2143,2,7,MERCEDES VITO,3,E01033150,0,-1
2023010481055,2023,010481055,1,10,9,99,99,9,9,99,99,9,9,99,9,99,2,9,6,6,2,45,7,-1,-1,-1,MERCEDES VITO,2,E01004364,0,-1
2023440211664,2023,440211664,1,19,0,18,19,8,4,0,0,7,0,0,0,0,3,1,6,6,3,-1,-1,2987,2,13,MERCEDES VITO,-1,-1,0,-1
2023221328491,2023,221328491,2,19,0,18,19,6,2,0,0,0,0,0,0,0,2,1,5,6,2,47,8,1598,2,5,MERCEDES VITO,9,E01014168,0,-1
2023010426350,2023,010426350,1,19,0,7,7,7,2,0,0,8,0,0,0,0,1,1,1,1,1,57,9,2148,2,17,MERCEDES VITO,3,E01001467,0,-1
2023010434590,2023,010434590,2,9,0,5,5,0,5,0,0,8,0,0,0,0,3,1,3,7,2,36,7,2148,2,14,MERCEDES VITO,6,E01002169,0,-1
2023501381543,2023,501381543,1,8,0,4,4,1,5,0,0,0,0,0,0,0,2,1,1,1,1,45,7,2143,2,12,MERCEDES VITO,1,E01015030,0,-1
2023991307232,2023,991307232,2,8,0,18,19,3,7,0,0,2,0,0,0,0,1,1,1,1,1,50,8,2143,2,4,MERCEDES VITO,2,-1,0,-1
2023451313766,2023,451313766,1,9,0,18,19,2,6,0,0,0,0,0,0,0,1,1,1,1,1,43,7,1950,2,4,MERCEDES VITO,1,E01007851,0,-1
2023010423916,2023,010423916,1,19,0,9,9,3,1,0,0,6,0,0,0,0,4,1,1,1,1,60,9,-1,3,4,MERCEDES VITO,3,E01001547,0,-1
2023010441400,2023,010441400,1,19,0,4,4,5,1,0,0,2,0,0,0,0,2,1,2,2,1,49,8,1950,2,2,MERCEDES VITO,1,E01002778,0,-1
2023010448035,2023,010448035,2,19,0,2,2,0,0,0,0,0,0,0,0,0,2,1,6,6,3,-1,-1,2987,2,16,MERCEDES VITO,-1,-1,0,-1
2023401306630,2023,401306630,1,9,0,1,1,5,1,0,0,0,0,0,0,0,2,1,3,7,1,36,7,2143,2,8,MERCEDES VITO,7,E01015695,0,-1
2023431347310,2023,431347310,2,19,0,18,19,3,7,0,0,0,0,11,0,0,1,1,1,1,1,35,6,1750,2,2,MERCEDES VITO,7,E01000791,0,-1
2023010481292,2023,010481292,1,8,0,18,19,5,1,0,0,8,0,0,1,2,2,1,3,7,1,60,9,1950,2,0,MERCEDES VITO,5,E01001293,0,-1
2023451371131,2023,451371131,2,9,0,4,4,3,7,0,0,0,0,0,0,0,2,1,1,1,1,52,8,1950,2,3,MERCEDES VITO,6,E01002484,0,-1
2023010419786,2023,010419786,1,19,0,99,99,9,9,99,99,9,9,99,9,99,4,9,1,1,1,51,8,1598,2,4,MERCEDES VITO,8,E01002150,0,-1
2023010458749,2023,010458749,1,10,0,9,9,5,3,0,0,1,0,0,0,0,3,1,6,6,1,48,8,-1,-1,-1,MERCEDES VITO,2,E01001441,0,-1
2023010457628,2023,010457628,4,19,0,2,2,0,0,0,0,0,0,0,0,0,1,1,6,6,3,-1,-1,1950,2,2,MERCEDES VITO,-1,-1,0,-1
2023411309961,2023,411309961,1,19,0,4,4,7,3,0,0,8,0,0,0,0,2,1,1,1,1,29,6,1950,2,2,MERCEDES VITO,8,E01030977,0,-1
2023430309932,2023,430309932,1,8,0,7,7,4,6,0,0,5,0,0,0,0,4,1,1,1,1,48,8,2148,2,13,MERCEDES VITO,-1,-1,0,-1
2023061332441,2023,061332441,1,8,0,5,5,8,4,0,0,0,0,0,0,0,0,1,5,6,1,46,8,2143,2,10,MERCEDES VITO,3,E01004816,0,-1
2023010473841,2023,010473841,2,19,0,4,4,7,3,4,4,8,0,0,0,0,0,1,6,6,1,65,9,2143,2,6,MERCEDES VITO,6,E01002630,0,-1
2023201400680,2023,201400680,1,8,0,2,2,0,0,0,0,1,0,0,0,0,9,1,1,1,1,67,10,2143,2,2,MERCEDES VITO,1,E01009000,0,-1
2023231289306,2023,231289306,2,8,0,18,19,1,5,0,0,8,0,0,0,0,4,1,1,1,1,50,8,2148,2,15,MERCEDES VITO,1,E01031043,0,-1
2023010468620,2023,010468620,1,8,0,99,99,9,9,99,99,9,9,99,9,99,9,9,1,1,1,47,8,2143,2,6,MERCEDES VITO,2,E01001339,0,-1
2023161311417,2023,161311417,2,19,-1,9,9,5,3,0,0,8,0,0,0,0,1,1,6,6,1,20,4,2143,2,8,MERCEDES VITO,-1,-1,0,-1
2023010451176,2023,010451176,2,19,0,18,19,5,1,0,0,1,0,0,0,0,1,1,2,2,1,36,7,1598,2,7,MERCEDES VITO,3,E01001649,0,-1
2023231294322,2023,231294322,1,8,0,18,19,7,3,0,0,0,0,0,0,0,1,1,6,6,1,51,8,2143,2,4,MERCEDES VITO,4,E01014571,0,-1
2023501309501,2023,501309501,1,19,0,7,7,6,2,0,0,8,0,0,0,0,1,1,1,1,1,27,6,1598,2,5,MERCEDES VITO,4,E01020180,0,-1
2023471268067,2023,471268067,2,19,0,3,3,6,2,0,0,0,0,0,0,0,1,1,6,6,1,54,8,2143,2,7,MERCEDES VITO,9,E01031589,0,-1
2023010482785,2023,010482785,1,19,0,18,19,5,1,0,0,1,0,0,7,0,3,1,2,2,1,61,9,2143,2,5,MERCEDES VITO,3,E01003264,0,-1
2023161337071,2023,161337071,1,19,0,18,19,5,1,0,0,0,0,10,1,0,4,1,6,6,1,46,8,2148,2,15,MERCEDES VITO,6,E01012822,0,-1
2023131297602,2023,131297602,1,19,0,18,19,4,1,0,0,2,0,0,0,0,3,1,6,6,1,58,9,2143,2,12,MERCEDES VITO,7,E01010897,0,-1
2023010458786,2023,010458786,3,8,0,6,6,4,4,0,0,0,0,0,0,0,3,1,6,6,1,58,9,2143,2,6,MERCEDES VITO,2,E01002045,0,-1
2023631377968,2023,631377968,1,19,0,18,19,2,6,0,0,0,0,0,1,10,1,1,1,1,1,54,8,1950,2,2,MERCEDES VITO,4,E01025843,0,-1
2023481355145,2023,481355145,1,19,0,2,2,0,0,0,0,0,0,0,0,0,3,1,1,1,1,33,6,2143,2,7,MERCEDES VITO,-1,-1,0,-1
202360A084436,2023,60A084436,2,19,0,17,19,2,7,0,0,1,0,0,0,0,1,1,6,6,1,47,8,2143,2,10,MERCEDES VITO,-1,-1,0,-1
2023101286647,2023,101286647,1,19,0,18,19,5,1,0,0,4,0,0,0,0,0,1,6,6,3,-1,-1,1750,2,4,MERCEDES VITO,-1,-1,0,-1
2023522400132,2023,522400132,2,19,0,1,1,2,6,0,0,0,0,0,0,0,2,1,6,6,3,-1,-1,-1,3,0,MERCEDES VITO,-1,-1,0,-1
2023010474131,2023,010474131,2,19,0,9,9,5,3,0,0,8,0,0,0,0,3,1,6,6,1,-1,-1,2143,2,4,MERCEDES VITO,-1,-1,0,-1
2023520300083,2023,520300083,1,9,0,18,19,5,1,0,0,0,0,0,0,0,1,1,1,1,1,100,11,2143,2,4,MERCEDES VITO,-1,-1,0,-1
2023411352738,2023,411352738,2,19,0,3,3,2,6,0,0,0,0,0,0,0,1,1,6,6,1,33,6,2143,2,9,MERCEDES VITO,-1,-1,0,-1
2023010469564,2023,010469564,1,8,0,7,7,3,5,0,0,5,0,0,0,0,0,1,1,1,1,48,8,2143,2,5,MERCEDES VITO,7,E01004505,0,-1
2023430538784,2023,430538784,2,9,0,3,3,6,2,0,0,1,0,0,0,0,1,1,6,6,1,44,7,-1,-1,-1,MERCEDES VITO,10,E01017807,0,-1
2023201291146,2023,201291146,1,19,0,3,3,2,6,0,0,1,0,0,0,0,2,1,1,1,1,39,7,2143,2,8,MERCEDES VITO,5,E01009712,0,-1
2023320636625,2023,320636625,1,8,0,18,19,6,2,0,0,0,0,0,1,3,1,1,1,1,2,60,9,2148,2,13,MERCEDES VITO,3,E01026043,0,-1
2023010479557,2023,010479557,2,19,0,2,2,0,0,9,9,2,0,0,0,0,3,1,6,6,3,-1,-1,-1,3,1,MERCEDES VITO,-1,-1,0,-1
2023010425218,2023,010425218,2,8,0,18,19,1,5,2,2,1,0,0,0,0,0,1,1,1,1,57,9,2143,2,6,MERCEDES VITO,2,E01004041,0,-1
2023010484303,2023,010484303,2,8,0,18,19,3,7,0,0,1,0,0,0,0,3,1,1,1,1,41,7,2143,2,6,MERCEDES VITO,8,E01004075,0,-1
2023622300909,2023,622300909,1,8,0,6,6,1,1,0,0,0,0,0,0,0,1,1,1,1,1,53,8,2143,2,8,MERCEDES VITO,6,W01001839,0,-1
2023041380347,2023,041380347,1,19,0,18,19,7,3,0,0,0,0,0,1,1,1,1,1,1,1,38,7,1950,2,3,MERCEDES VITO,1,E01025184,0,-1
2023010463015,2023,010463015,2,8,0,18,19,6,2,0,0,1,0,0,0,0,1,1,6,6,1,48,8,2143,2,5,MERCEDES VITO,3,E01004709,0,-1
2023010461916,2023,010461916,1,9,0,5,5,5,1,0,0,8,0,0,0,0,3,1,1,1,1,44,7,2143,2,8,MERCEDES VITO,3,E01000385,0,-1
2023010441588,2023,010441588,2,8,0,18,19,3,7,0,0,0,0,0,0,0,2,1,1,1,1,48,8,2143,2,6,MERCEDES VITO,2,E01000972,0,-1
2023041392484,2023,041392484,2,9,0,18,19,5,1,0,0,0,0,0,0,0,1,1,1,1,1,42,7,2148,2,14,MERCEDES VITO,10,E01025466,0,-1
2023401311449,2023,401311449,2,19,0,9,9,3,1,0,0,8,0,0,0,0,3,1,6,6,1,26,6,1598,2,4,MERCEDES VITO,6,E01017479,0,-1
2023471329236,2023,471329236,1,9,0,18,19,1,5,0,0,8,0,0,0,0,1,1,1,1,1,40,7,2143,2,4,MERCEDES VITO,5,E01021064,0,-1
2023311279020,2023,311279020,1,8,0,5,5,1,5,0,0,3,0,0,0,0,4,1,1,1,1,40,7,2143,2,5,MERCEDES VITO,2,E01013918,0,-1
2023010485517,2023,010485517,2,9,9,99,99,9,9,99,99,9,9,99,9,99,9,9,6,6,3,-1,-1,2143,2,6,MERCEDES VITO,-1,-1,0,-1
2023141388229,2023,141388229,1,19,0,18,19,1,5,0,0,1,1,0,0,0,1,1,2,2,1,50,8,1598,2,5,MERCEDES VITO,8,E01007988,0,-1
2023010463063,2023,010463063,1,8,0,99,99,9,9,99,99,9,9,99,9,99,2,9,1,1,1,41,7,2143,2,12,MERCEDES VITO,6,E01002933,0,-1
2023421378462,2023,421378462,1,19,0,-1,-1,-1,-1,-1,-1,0,-1,-1,-1,0,-1,1,6,6,3,-1,-1,2143,2,5,MERCEDES VITO,-1,-1,0,-1
2023371343526,2023,371343526,1,19,0,7,7,5,7,0,0,8,0,0,0,0,3,1,5,6,1,42,7,1950,2,2,MERCEDES VITO,9,E01030190,0,-1
2023010426378,2023,010426378,1,19,0,7,7,1,3,0,0,8,0,0,0,0,3,1,6,6,1,46,8,2148,2,14,MERCEDES VITO,10,E01016587,0,-1
2023451313766,2023,451313766,2,9,0,17,19,7,3,0,0,0,0,0,0,0,3,1,1,1,1,57,9,2143,2,8,MERCEDES VITO,5,E01002449,0,-1
2023061358735,2023,061358735,1,8,-1,-1,-1,-1,-1,-1,-1,-1,-1,-1,-1,0,-1,1,5,6,1,-1,-1,2143,2,6,MERCEDES VITO,10,E01018583,0,-1
202354C352523,2023,54C352523,2,8,0,18,19,6,2,0,0,1,0,0,0,0,4,1,3,7,1,47,8,1950,2,0,MERCEDES VITO,3,E01032094,0,-1
2023421372352,2023,421372352,2,8,0,18,19,1,5,0,0,0,0,0,0,0,4,1,6,6,1,50,8,1950,2,1,MERCEDES VITO,9,E01003648,0,-1
2023010433690,2023,010433690,1,19,0,18,19,5,1,0,0,1,0,0,0,0,1,1,6,6,3,-1,-1,1598,2,7,MERCEDES VITO,-1,-1,0,-1
2023010460912,2023,010460912,1,19,0,18,19,5,1,0,0,1,0,0,0,0,1,1,1,1,1,58,9,2148,2,17,MERCEDES VITO,-1,-1,0,-1
2023010423828,2023,010423828,3,9,0,3,3,7,3,0,0,1,0,0,0,0,2,1,6,6,1,40,7,2143,2,5,MERCEDES VITO,4,E01004358,0,-1
2023010445149,2023,010445149,1,19,0,18,19,3,7,0,0,0,0,0,0,0,4,1,6,6,3,21,5,1950,2,2,MERCEDES VITO,4,E01004221,0,-1
2023531396401,2023,531396401,1,8,0,4,4,5,1,0,0,1,0,0,0,0,1,1,6,6,1,45,7,1950,2,3,MERCEDES VITO,5,E01022158,0,-1
2023061333154,2023,061333154,1,19,0,12,12,7,4,0,0,8,0,0,0,0,1,1,2,2,1,54,8,1750,2,2,MERCEDES VITO,2,E01025524,0,-1
2023201296236,2023,201296236,2,19,0,2,2,0,0,0,0,0,0,0,0,0,-1,1,6,6,3,-1,-1,1598,2,4,MERCEDES VITO,-1,-1,0,-1
2023622300945,2023,622300945,1,19,0,18,19,2,6,0,0,0,0,0,4,6,1,1,1,1,1,35,6,2143,2,10,MERCEDES VITO,2,W01001023,0,-1
2023231293227,2023,231293227,2,19,0,18,19,4,8,0,0,1,1,0,0,0,4,1,1,1,1,33,6,2148,2,15,MERCEDES VITO,3,E01009621,0,-1
2023141329990,2023,141329990,2,9,0,18,19,4,8,0,0,1,0,0,0,0,4,1,1,1,1,48,8,-1,-1,-1,MERCEDES VITO,2,E01008101,0,-1
2023451351803,2023,451351803,2,19,0,9,9,2,3,0,0,5,0,0,0,0,3,1,1,1,1,23,5,1750,2,3,MERCEDES VITO,5,E01030739,0,-1
2023340WN7312,2023,340WN7312,1,10,0,18,19,8,4,0,0,1,1,0,0,0,1,1,6,6,1,39,7,-1,-1,-1,MERCEDES VITO,2,E01008107,0,-1
2023010428815,2023,010428815,2,3,9,99,99,9,9,99,99,9,9,99,9,99,9,1,6,6,1,37,7,125,1,1,-1,8,E01000319,0,-1
2023010465424,2023,010465424,1,3,0,7,7,7,1,0,0,8,0,0,0,0,4,1,6,6,1,19,4,125,1,0,-1,4,E01002179,0,-1
2023010438132,2023,010438132,3,9,0,18,19,1,5,0,0,3,0,0,0,0,4,1,6,6,1,67,10,3604,1,8,PORSCHE MACAN,8,E01003823,0,-1
2023010462562,2023,010462562,1,9,0,9,9,7,5,0,0,8,0,0,0,0,1,1,6,6,1,51,8,1984,1,5,PORSCHE MACAN,8,E01002865,0,-1
2023052300366,2023,052300366,2,9,0,18,19,6,2,0,0,0,0,0,0,0,1,1,1,1,1,43,7,2967,2,8,PORSCHE MACAN,3,E01007141,0,-1
2023211344079,2023,211344079,1,9,0,9,9,3,3,0,0,8,0,0,0,0,1,1,6,6,2,49,8,2967,2,6,PORSCHE MACAN,6,E01029637,0,-1
2023471291367,2023,471291367,1,9,0,17,19,5,2,0,0,2,0,0,0,0,4,1,6,6,2,65,9,2995,1,4,PORSCHE MACAN,7,E01021035,0,-1
2023010457558,2023,010457558,1,9,0,99,99,9,9,99,99,9,9,99,9,99,4,9,1,1,1,33,6,2967,2,9,PORSCHE MACAN,8,E01000859,0,-1
2023070708364,2023,070708364,2,9,0,7,7,2,6,0,0,0,0,0,0,0,1,1,6,6,2,34,6,2894,1,2,PORSCHE MACAN,10,E01005786,0,-1
2023061297842,2023,061297842,1,9,0,17,19,-1,-1,0,0,0,0,0,0,0,0,1,6,6,3,-1,-1,2894,1,3,PORSCHE MACAN,-1,-1,0,-1
2023461321010,2023,461321010,1,9,0,3,3,3,7,0,0,0,0,0,0,0,3,1,6,6,3,-1,-1,2997,1,9,PORSCHE MACAN,2,E01003545,0,-1
2023070725639,2023,070725639,2,9,0,18,19,6,2,0,0,1,1,10,1,0,4,1,3,7,2,-1,-1,2997,1,6,PORSCHE MACAN,9,E01006076,0,-1
2023061382643,2023,061382643,1,9,0,5,5,1,5,0,0,4,0,0,0,0,0,1,5,6,2,56,9,1984,1,1,PORSCHE MACAN,10,E01018652,0,-1
2023010442475,2023,010442475,1,9,0,6,6,1,1,0,0,7,0,0,0,0,4,1,6,6,1,62,9,1984,1,1,PORSCHE MACAN,6,E01002957,0,-1
2023010444486,2023,010444486,3,9,0,18,19,5,1,0,0,1,0,0,0,0,2,1,6,6,2,65,9,1984,1,0,PORSCHE MACAN,10,E01009845,0,-1
2023010466810,2023,010466810,2,9,0,9,9,1,7,0,0,2,0,0,0,0,1,1,6,6,1,22,5,2967,2,6,PORSCHE MACAN,6,E01000486,0,-1
2023371378623,2023,371378623,2,9,0,9,9,2,7,0,0,8,0,0,0,0,4,1,6,6,2,65,9,1984,1,0,PORSCHE MACAN,7,E01030098,0,-1
2023041333637,2023,041333637,1,9,0,18,19,1,1,0,0,0,0,0,0,0,1,1,5,6,1,76,11,1984,1,4,PORSCHE MACAN,3,E01025282,0,-1
2023371283873,2023,371283873,2,9,0,18,19,5,1,0,0,0,0,0,0,0,3,1,6,6,2,29,6,2967,2,9,PORSCHE MACAN,2,E01033124,0,-1
2023010486663,2023,010486663,1,9,0,99,99,9,9,99,99,9,9,99,9,99,1,9,6,6,1,46,8,2894,1,1,PORSCHE MACAN,7,E01002473,0,-1
2023430106902,2023,430106902,1,9,0,18,19,3,8,0,0,0,0,0,0,0,4,1,6,6,2,36,7,1984,1,2,PORSCHE MACAN,7,E01032412,0,-1
2023201321564,2023,201321564,2,9,0,18,19,2,6,0,0,8,1,0,0,0,1,1,6,6,1,24,5,2967,2,8,PORSCHE MACAN,5,E01033068,0,-1
2023411344580,2023,411344580,1,9,0,18,19,1,5,0,0,1,0,0,0,0,0,1,6,6,2,52,8,2997,1,8,PORSCHE MACAN,7,E01023585,0,-1
2023451341668,2023,451341668,2,9,0,5,5,7,3,0,0,1,0,0,0,0,2,1,6,6,3,-1,-1,2967,2,9,PORSCHE MACAN,-1,-1,0,-1
202354B514423,2023,54B514423,2,9,0,5,5,7,3,0,0,1,0,0,0,0,2,1,6,6,1,42,7,2967,2,6,PORSCHE MACAN,7,E01032046,0,-1
2023543416123,2023,543416123,1,9,0,5,5,3,1,0,0,1,0,0,0,0,3,1,6,6,1,65,9,2894,1,1,PORSCHE MACAN,10,E01022725,0,-1
2023061303344,2023,061303344,1,9,0,3,3,6,2,0,0,0,0,0,0,0,1,1,6,6,3,55,8,2995,1,3,PORSCHE MACAN,2,E01005559,0,-1
2023471384726,2023,471384726,2,9,0,9,9,3,7,0,0,8,0,0,0,0,2,1,5,6,2,26,6,1984,1,0,PORSCHE MACAN,6,E01032572,0,-1
2023010466228,2023,010466228,2,9,0,9,9,5,3,0,0,8,0,0,0,0,4,1,6,6,2,27,6,2967,2,7,PORSCHE MACAN,4,E01000498,0,-1
2023440144170,2023,440144170,2,9,0,18,19,4,8,0,0,1,0,0,0,0,1,1,2,2,1,51,8,2967,2,6,PORSCHE MACAN,8,E01022591,0,-1
2023010437658,2023,010437658,2,9,0,99,99,9,9,99,99,9,9,99,9,99,9,9,6,6,3,-1,-1,2995,1,4,PORSCHE MACAN,5,E01016500,0,-1
2023101351912,2023,101351912,1,9,0,11,11,7,3,0,0,0,0,0,0,0,1,1,6,6,1,49,8,3604,1,5,PORSCHE MACAN,9,E01008501,0,-1
2023501303769,2023,501303769,1,9,0,18,19,1,5,0,0,0,0,0,0,0,4,1,6,6,1,81,11,2894,1,1,PORSCHE MACAN,8,E01019951,0,-1
2023411369372,2023,411369372,1,9,0,9,9,3,1,0,0,5,0,0,0,0,1,1,6,6,2,38,7,2967,2,7,PORSCHE MACAN,9,E01023460,0,-1
2023221378665,2023,221378665,2,9,0,18,19,5,3,0,0,0,0,0,0,0,3,1,5,6,1,49,8,2967,2,6,PORSCHE MACAN,6,E01032401,0,-1
2023451332299,2023,451332299,2,9,0,17,19,3,7,0,0,1,0,0,1,0,3,1,5,6,1,53,8,2995,1,4,PORSCHE MACAN,9,E01030823,0,-1