collision_index,collision_year,collision_ref_no,vehicle_reference,vehicle_type,towing_and_articulation,vehicle_manoeuvre_historic,vehicle_manoeuvre,vehicle_direction_from,vehicle_direction_to,vehicle_location_restricted_lane_historic,vehicle_location_restricted_lane,junction_location,skidding_and_overturning,hit_object_in_carriageway,vehicle_leaving_carriageway,hit_object_off_carriageway,first_point_of_impact,vehicle_left_hand_drive,journey_purpose_of_driver_historic,journey_purpose_of_driver,sex_of_driver,age_of_driver,age_band_of_driver,engine_capacity_cc,propulsion_code,age_of_vehicle,generic_make_model,driver_imd_decile,lsoa_of_driver,escooter_flag,driver_distance_banding
2023320261098,2023,320261098,2,9,0,2,2,0,0,0,0,0,0,0,0,0,3,1,6,6,2,60,9,1984,1,4,PORSCHE MACAN,7,E01026351,0,-1
2023010480210,2023,010480210,2,9,0,9,9,6,5,0,0,5,0,0,0,0,1,1,6,6,1,41,7,1984,1,5,PORSCHE MACAN,9,E01000771,0,-1
2023010442793,2023,010442793,2,9,0,9,9,1,7,0,0,1,0,0,0,0,1,1,6,6,1,32,6,2997,1,6,PORSCHE MACAN,10,E01002937,0,-1
2023421392331,2023,421392331,2,9,0,18,19,3,1,0,0,0,0,0,0,0,2,1,6,6,1,38,7,2997,1,6,PORSCHE MACAN,4,E01003695,0,-1
2023421368026,2023,421368026,2,9,0,18,19,6,6,0,0,0,0,0,0,0,4,1,5,6,2,51,8,1984,1,1,PORSCHE MACAN,6,E01021460,0,-1
2023010422868,2023,010422868,1,9,0,18,19,3,7,0,0,1,0,0,0,0,1,1,6,6,2,47,8,2995,1,4,PORSCHE MACAN,9,E01003403,0,-1
2023070043882,2023,070043882,1,9,0,9,9,3,7,0,0,2,0,0,0,0,3,1,6,6,2,51,8,2967,2,6,PORSCHE MACAN,8,E01012435,0,-1
2023430111529,2023,430111529,2,9,0,18,19,8,4,0,0,4,0,0,0,0,3,1,6,6,2,56,9,2894,1,1,PORSCHE MACAN,10,E01016604,0,-1
2023411318065,2023,411318065,2,9,0,3,3,1,5,0,0,0,0,0,0,0,2,1,5,6,2,50,8,2967,2,8,PORSCHE MACAN,8,E01023446,0,-1
2023010486728,2023,010486728,1,9,0,6,6,7,7,0,0,1,0,0,0,0,1,2,6,6,1,35,6,2995,1,3,PORSCHE MACAN,5,E01000843,0,-1
2023421282305,2023,421282305,1,9,0,7,7,6,8,0,0,2,0,0,0,0,4,1,6,6,2,46,8,2997,1,8,PORSCHE MACAN,3,E01015825,0,-1
2023631352742,2023,631352742,1,9,0,18,19,7,3,0,0,8,0,0,0,0,3,1,2,2,2,58,9,2967,2,8,PORSCHE MACAN,5,W01000662,0,-1
2023010434271,2023,010434271,1,9,0,4,4,5,1,0,0,0,0,0,0,0,2,1,6,6,2,46,8,1984,1,2,PORSCHE MACAN,9,E01003857,0,-1
2023430340160,2023,430340160,1,9,0,18,19,5,1,0,0,0,0,0,1,0,3,1,6,6,1,40,7,1984,1,1,PORSCHE MACAN,-1,-1,0,-1
2023991288034,2023,991288034,1,9,0,17,19,2,6,0,0,0,2,0,4,7,1,1,6,6,1,29,6,2967,2,6,PORSCHE MACAN,-1,-1,0,-1
2023471283227,2023,471283227,1,9,0,18,19,7,3,0,0,0,0,0,7,4,1,1,5,6,1,74,10,2995,1,3,PORSCHE MACAN,10,E01031487,0,-1
2023451345997,2023,451345997,1,9,0,3,3,7,3,0,0,0,0,0,0,0,2,1,5,6,1,67,10,2894,1,1,PORSCHE MACAN,6,E01031637,0,-1
2023061357449,2023,061357449,1,9,0,9,9,5,3,0,0,0,1,0,0,0,1,1,5,6,1,36,7,2967,2,6,PORSCHE MACAN,2,E01006036,0,-1
2023122301059,2023,122301059,1,9,0,16,19,3,7,0,0,0,1,0,0,0,1,1,6,6,1,33,6,2967,2,7,PORSCHE MACAN,6,E01000700,0,-1
2023010442766,2023,010442766,2,9,0,99,99,9,9,99,99,0,9,99,9,99,9,9,6,6,3,-1,-1,1984,1,2,PORSCHE MACAN,-1,-1,0,-1
2023531317581,2023,531317581,1,9,0,18,19,8,3,0,0,3,0,0,0,0,1,1,5,6,1,40,7,3604,1,8,PORSCHE MACAN,10,E01022434,0,-1
2023010428448,2023,010428448,2,9,0,99,99,9,9,99,99,9,9,99,9,99,1,9,6,6,3,52,8,2995,1,4,PORSCHE MACAN,8,E01001925,0,-1
2023610003023,2023,610003023,2,9,0,3,3,3,7,0,0,1,0,0,0,0,2,1,6,6,2,33,6,2967,2,9,PORSCHE MACAN,2,W01001467,0,-1
2023501345600,2023,501345600,4,9,0,18,19,3,7,0,0,0,1,0,5,6,1,1,5,6,1,63,9,2995,1,3,PORSCHE MACAN,10,W01001340,0,-1
2023161374148,2023,161374148,2,9,0,18,19,8,4,0,0,0,0,0,0,0,2,1,3,7,2,40,7,1984,1,2,PORSCHE MACAN,10,E01013012,0,-1
2023631323795,2023,631323795,2,9,0,4,4,4,8,0,0,0,0,0,0,0,1,1,5,6,1,56,9,2967,2,7,PORSCHE MACAN,6,E01028868,0,-1
2023411305412,2023,411305412,2,9,0,18,19,3,7,0,0,0,0,0,0,0,0,1,6,6,1,-1,-1,2995,1,4,PORSCHE MACAN,7,E01001457,0,-1
2023010443847,2023,010443847,2,9,0,99,99,9,9,99,99,9,9,99,9,99,9,9,6,6,2,39,7,1984,1,5,PORSCHE MACAN,4,E01001883,0,-1
2023010477113,2023,010477113,2,9,0,99,99,9,9,99,99,9,9,99,9,99,9,9,6,6,3,-1,-1,2997,1,6,PORSCHE MACAN,-1,-1,0,-1
2023101302583,2023,101302583,1,9,0,18,19,3,7,0,0,0,0,0,0,0,1,1,5,6,1,79,11,3604,1,8,PORSCHE MACAN,9,E01008673,0,-1
2023361287205,2023,361287205,3,9,0,9,9,1,2,0,0,0,0,0,0,0,2,1,5,6,2,51,8,1984,1,1,PORSCHE MACAN,10,E01026546,0,-1
2023010438683,2023,010438683,2,9,0,18,19,1,5,0,0,8,0,0,1,0,1,1,6,6,1,43,7,2967,2,6,PORSCHE MACAN,7,E01021381,0,-1
2023531376813,2023,531376813,2,9,0,10,10,5,1,0,0,1,0,0,0,0,2,1,5,6,1,35,6,2997,1,6,PORSCHE MACAN,-1,-1,0,-1
2023141316360,2023,141316360,1,9,0,17,19,3,8,0,0,0,1,0,7,0,1,1,6,6,1,19,4,2967,2,7,PORSCHE MACAN,-1,-1,0,-1
202360A030496,2023,60A030496,1,9,0,3,3,8,4,0,0,0,0,0,0,0,0,1,6,6,3,-1,-1,1984,1,1,PORSCHE MACAN,-1,-1,0,-1
2023010483099,2023,010483099,2,9,0,15,15,1,5,0,0,1,0,0,0,0,3,1,6,6,3,-1,-1,2997,1,6,PORSCHE MACAN,-1,-1,0,-1
2023451266132,2023,451266132,2,9,0,9,9,1,5,0,0,0,0,0,0,0,4,1,6,6,1,50,8,2894,1,3,PORSCHE MACAN,7,E01031697,0,-1
2023041311637,2023,041311637,1,9,0,9,9,3,1,0,0,8,0,0,0,0,4,1,5,6,2,46,8,2995,1,2,PORSCHE MACAN,10,E01025015,0,-1
2023010445628,2023,010445628,3,9,0,2,2,0,0,0,0,0,0,0,0,0,1,1,6,6,3,-1,-1,2995,1,4,PORSCHE MACAN,-1,-1,0,-1
2023071028669,2023,071028669,1,9,0,18,19,5,1,0,0,0,0,0,0,0,1,1,1,1,1,22,5,2894,1,0,PORSCHE MACAN,-1,-1,0,-1
2023010441597,2023,010441597,4,9,0,2,2,0,0,0,0,0,0,0,0,0,1,1,6,6,3,-1,-1,2967,2,7,PORSCHE MACAN,-1,-1,0,-1
2023421340972,2023,421340972,1,9,0,4,4,3,7,0,0,1,0,0,0,0,4,1,5,6,1,26,6,2894,1,4,PORSCHE MACAN,7,E01015920,0,-1
2023010472070,2023,010472070,2,9,0,99,99,9,9,99,99,9,9,99,9,99,1,9,6,6,3,-1,-1,1984,1,1,PORSCHE MACAN,-1,-1,0,-1
2023010478612,2023,010478612,1,9,0,18,19,3,7,0,0,1,1,0,0,0,1,1,1,1,1,27,6,2894,1,0,PORSCHE MACAN,3,E01002402,0,-1
2023221295246,2023,221295246,1,9,0,5,5,6,2,0,0,6,0,0,0,0,1,1,6,6,2,29,6,1984,1,0,PORSCHE MACAN,8,E01014077,0,-1
2023401280873,2023,401280873,1,9,0,18,19,1,5,0,0,0,0,0,0,0,1,1,5,6,1,60,9,2967,2,7,PORSCHE MACAN,10,E01027206,0,-1
2023010482953,2023,010482953,1,9,0,14,14,5,1,0,0,0,5,0,0,0,4,1,6,6,1,30,6,1984,1,3,PORSCHE MACAN,5,E01000854,0,-1
2023061333110,2023,061333110,1,9,-1,-1,-1,-1,-1,-1,-1,0,-1,-1,-1,0,-1,1,6,6,3,-1,-1,2967,2,7,PORSCHE MACAN,-1,-1,0,-1
2023010466425,2023,010466425,1,9,0,18,19,5,1,0,0,0,0,0,0,0,4,1,6,6,1,45,7,3604,1,8,PORSCHE MACAN,4,E01000846,0,-1
2023231312770,2023,231312770,2,5,0,18,19,3,7,0,0,8,0,0,0,0,1,1,5,6,1,24,5,-1,-1,-1,-1,3,E01031173,0,-1
2023010443701,2023,010443701,1,3,0,99,99,9,9,99,99,9,9,99,9,99,2,1,2,2,1,51,8,124,1,8,-1,3,E01004037,0,-1
2023010446783,2023,010446783,2,9,0,1,1,5,1,0,0,5,1,0,1,4,2,1,6,6,1,55,8,6750,1,43,-1,8,E01002334,0,-1
2023010443507,2023,010443507,2,9,0,99,99,9,9,99,99,9,9,99,9,99,1,9,6,6,3,-1,-1,6750,1,42,-1,-1,-1,0,-1
2023351261090,2023,351261090,2,9,0,3,3,3,7,0,0,1,0,0,0,0,1,1,5,6,1,63,9,6750,1,45,-1,2,E01015608,0,-1
2023461303998,2023,461303998,1,9,0,7,7,2,6,0,0,8,0,0,0,0,3,1,6,6,1,62,9,3699,1,87,-1,5,E01024033,0,-1
2023302300589,2023,302300589,1,4,0,9,9,6,4,0,0,2,0,0,0,0,4,1,6,6,1,72,10,645,1,11,-1,4,E01027929,0,-1
2023031358211,2023,031358211,1,5,0,18,19,5,1,0,0,0,0,0,0,0,1,1,5,6,1,71,10,645,1,0,SUZUKI DL 650,1,E01019111,0,-1
202360A150058,2023,60A150058,1,5,0,4,4,5,1,0,0,0,0,0,0,0,0,1,6,6,1,35,6,645,1,6,SUZUKI DL 650,-1,-1,0,-1
2023141295936,2023,141295936,2,5,0,13,13,1,6,0,0,1,0,0,0,0,3,1,5,6,1,63,9,645,1,16,SUZUKI DL 650,6,E01008005,0,-1
2023010462566,2023,010462566,1,5,0,99,99,9,9,99,99,9,9,99,9,99,2,1,2,2,1,45,7,645,1,12,SUZUKI DL 650,8,E01004121,0,-1
2023471286081,2023,471286081,2,5,0,18,19,6,2,0,0,1,0,1,0,0,1,1,2,2,1,50,8,645,1,7,SUZUKI DL 650,7,E01016903,0,-1
2023991333333,2023,991333333,2,5,0,16,19,3,7,0,0,1,0,0,0,0,1,1,5,6,1,48,8,645,1,11,SUZUKI DL 650,3,-1,0,-1
2023320213323,2023,320213323,1,5,0,16,19,2,6,0,0,0,0,0,0,0,3,1,6,6,1,78,11,645,1,2,SUZUKI DL 650,7,E01026372,0,-1
2023131295154,2023,131295154,1,5,0,18,19,5,1,0,0,0,0,0,0,0,1,1,5,6,1,28,6,645,1,1,SUZUKI DL 650,4,E01024535,0,-1
2023101275571,2023,101275571,2,3,0,18,19,3,7,0,0,1,0,0,0,0,1,1,5,6,1,61,9,645,1,12,-1,3,E01020787,0,-1
2023010451906,2023,010451906,2,5,0,18,19,1,5,0,0,1,0,0,0,0,1,1,1,1,1,23,5,645,1,18,SUZUKI DL 650,1,E01004245,0,-1
2023122300094,2023,122300094,1,5,0,9,9,4,8,0,0,0,0,11,0,0,0,1,6,6,1,58,9,645,1,8,SUZUKI DL 650,4,E01012883,0,-1
2023991312500,2023,991312500,1,5,0,17,19,2,7,0,0,0,1,0,1,9,3,1,5,6,1,67,10,645,1,7,SUZUKI DL 650,-1,-1,0,-1
2023231351231,2023,231351231,2,5,0,9,9,3,1,0,0,5,1,0,0,0,3,1,5,6,1,63,9,645,1,9,SUZUKI DL 650,6,E01012959,0,-1
2023211387297,2023,211387297,2,5,0,18,19,1,5,0,0,0,0,0,0,0,1,1,6,6,1,62,9,645,1,2,SUZUKI DL 650,5,E01029795,0,-1
2023010472361,2023,010472361,2,5,0,18,19,3,7,0,0,1,0,0,0,0,1,1,1,1,1,38,7,645,1,6,SUZUKI DL 650,5,E01003433,0,-1
2023411402771,2023,411402771,2,5,0,18,19,3,7,0,0,1,0,0,0,0,1,1,6,6,1,34,6,645,1,5,SUZUKI DL 650,10,E01023846,0,-1
2023010484181,2023,010484181,1,4,0,18,19,5,1,0,0,1,0,0,0,0,3,1,6,6,1,43,7,645,1,9,-1,2,E01002056,0,-1
2023010435053,2023,010435053,2,5,0,18,19,3,7,0,0,4,0,0,0,0,4,1,6,6,1,37,7,645,1,3,SUZUKI DL 650,2,E01003176,0,-1
2023010448821,2023,010448821,1,5,0,18,19,1,5,0,0,0,0,0,0,0,1,1,2,2,1,40,7,645,1,5,SUZUKI DL 650,3,E01030362,0,-1
2023552301409,2023,552301409,2,5,0,13,13,8,4,0,0,1,0,0,0,0,1,1,2,2,1,26,6,645,1,8,SUZUKI DL 650,2,E01015288,0,-1
2023061297156,2023,061297156,1,5,0,18,19,8,4,0,0,0,1,0,0,0,1,1,5,6,1,40,7,645,1,18,SUZUKI DL 650,1,E01012603,0,-1
2023201406401,2023,201406401,2,5,0,18,19,4,8,0,0,8,0,0,0,0,1,1,5,6,1,62,9,645,1,10,SUZUKI DL 650,1,E01009889,0,-1
2023221402408,2023,221402408,2,5,0,13,13,4,8,0,0,8,0,0,7,9,1,1,6,6,1,59,9,645,1,1,SUZUKI DL 650,1,E01029554,0,-1
2023302301812,2023,302301812,1,5,0,18,19,8,4,0,0,0,0,0,1,4,1,1,6,6,1,56,9,645,1,3,SUZUKI DL 650,2,E01033279,0,-1
2023461278577,2023,461278577,1,5,0,17,19,7,3,0,0,0,5,0,1,0,1,1,6,6,1,52,8,645,1,11,SUZUKI DL 650,3,E01021016,0,-1
2023471338196,2023,471338196,2,5,0,18,19,3,7,0,0,0,0,0,0,0,1,1,5,6,1,56,9,645,1,7,SUZUKI DL 650,9,E01031630,0,-1
2023351388024,2023,351388024,1,5,0,18,19,1,5,0,0,2,0,0,0,0,1,1,5,6,1,51,8,645,1,16,SUZUKI DL 650,2,E01015595,0,-1
2023440313437,2023,440313437,1,5,0,7,7,4,7,0,0,6,0,0,0,0,4,1,6,6,1,82,11,645,1,3,SUZUKI DL 650,7,E01023054,0,-1
2023010465441,2023,010465441,1,5,0,99,99,9,9,99,99,9,9,99,9,99,4,1,6,6,1,49,8,645,1,3,SUZUKI DL 650,8,E01021340,0,-1
2023440215744,2023,440215744,1,5,0,18,19,5,1,0,0,0,0,0,0,0,1,1,2,2,1,46,8,645,1,5,SUZUKI DL 650,5,E01017025,0,-1
2023101365438,2023,101365438,2,5,0,3,3,8,6,0,0,0,0,0,0,0,2,1,6,6,1,53,8,645,1,11,SUZUKI DL 650,1,E01008325,0,-1
2023461265258,2023,461265258,2,5,0,7,7,1,3,0,0,1,0,0,0,0,1,1,5,6,1,52,8,645,1,0,SUZUKI DL 650,7,E01024187,0,-1
2023101314387,2023,101314387,1,5,0,9,9,3,7,0,0,8,0,0,0,0,4,1,5,6,1,36,7,645,1,9,SUZUKI DL 650,2,E01008543,0,-1
2023010437553,2023,010437553,2,9,0,18,19,5,1,0,0,1,0,4,0,0,2,1,6,6,1,52,8,2360,8,13,TOYOTA ESTIMA,-1,-1,0,-1
2023010438111,2023,010438111,2,9,0,99,99,9,9,99,99,9,9,99,9,99,1,9,6,6,1,62,9,2360,8,6,TOYOTA ESTIMA,5,E01004515,0,-1
2023010486319,2023,010486319,2,9,0,99,99,9,9,99,99,0,9,99,9,99,9,9,6,6,3,-1,-1,2360,8,13,TOYOTA ESTIMA,-1,-1,0,-1
2023201293788,2023,201293788,2,8,0,14,14,1,8,0,0,8,0,0,0,0,0,1,6,6,1,60,9,2360,8,6,-1,4,E01010100,0,-1
2023451350144,2023,451350144,1,9,0,3,3,1,5,0,0,0,0,0,0,0,2,1,5,6,1,56,9,2395,8,14,TOYOTA ESTIMA,5,E01030984,0,-1
2023010421429,2023,010421429,2,9,0,2,2,0,0,2,2,1,0,4,0,0,1,1,6,6,3,-1,-1,2362,1,15,TOYOTA ESTIMA,-1,-1,0,-1
2023010461920,2023,010461920,1,9,0,7,7,7,8,0,0,2,1,4,7,11,1,1,6,6,1,18,4,2362,8,9,TOYOTA ESTIMA,3,E01001359,0,-1
2023010467553,2023,010467553,1,9,0,5,5,4,8,0,0,4,0,0,0,0,3,1,6,6,1,47,8,2360,8,9,TOYOTA ESTIMA,-1,-1,0,-1
2023010451653,2023,010451653,1,9,0,18,19,5,1,0,0,2,0,0,0,0,3,1,6,6,1,39,7,2362,1,11,TOYOTA ESTIMA,3,E01001823,0,-1
2023411398543,2023,411398543,1,9,0,4,4,2,6,0,0,1,0,0,0,0,1,1,5,6,1,58,9,2360,1,17,TOYOTA ESTIMA,4,E01023574,0,-1
2023201313158,2023,201313158,2,9,0,9,9,6,4,0,0,5,0,0,0,0,1,1,1,1,1,51,8,2360,1,14,TOYOTA ESTIMA,1,E01010342,0,-1
2023010472159,2023,010472159,1,9,0,18,19,3,7,0,0,1,0,0,0,0,1,1,6,6,2,32,6,2360,8,9,TOYOTA ESTIMA,-1,-1,0,-1
2023522401071,2023,522401071,2,9,0,18,19,5,1,0,0,0,0,0,0,0,1,1,6,6,1,47,8,2360,1,10,TOYOTA ESTIMA,3,E01001793,0,-1
2023201284072,2023,201284072,2,5,0,18,19,7,3,0,0,8,0,0,0,0,1,1,2,2,1,60,9,865,1,10,-1,5,E01010026,0,-1
2023010462470,2023,010462470,1,5,0,7,7,3,5,0,0,6,9,0,0,0,3,1,6,6,1,42,7,865,1,8,-1,3,E01004590,0,-1
2023991370904,2023,991370904,1,5,0,5,5,6,4,0,0,6,1,0,0,0,4,1,5,6,2,34,6,865,1,13,-1,-1,-1,0,-1
2023010467916,2023,010467916,1,4,0,4,4,3,7,0,0,1,2,0,0,0,0,1,2,2,2,46,8,865,1,16,-1,2,E01016955,0,-1
2023991312254,2023,991312254,1,5,0,4,4,3,7,0,0,0,1,0,0,0,3,1,5,6,1,67,10,865,1,16,-1,10,E01029589,0,-1
2023471313063,2023,471313063,2,5,0,7,7,1,3,0,0,8,0,0,0,0,2,1,2,2,1,63,9,865,1,16,-1,10,E01031749,0,-1
2023010459594,2023,010459594,1,5,0,18,19,5,1,0,0,1,0,0,0,0,1,1,2,2,1,64,9,865,1,12,-1,8,E01001022,0,-1
2023421274976,2023,421274976,1,3,0,18,19,2,6,0,0,1,0,4,0,0,1,1,6,6,1,39,7,865,1,7,-1,7,E01021538,0,-1
2023332301047,2023,332301047,2,5,0,11,11,1,5,0,0,0,1,0,1,11,1,1,6,6,1,67,10,865,1,9,-1,10,E01025676,0,-1
2023122300577,2023,122300577,1,5,0,15,15,5,1,0,0,1,1,0,0,0,1,1,6,6,1,40,7,865,1,14,-1,10,E01013379,0,-1
2023471268367,2023,471268367,2,9,0,9,9,3,1,0,0,8,1,0,0,0,1,1,5,6,1,41,7,1986,1,35,-1,4,E01016973,0,-1
2023371412558,2023,371412558,1,9,0,9,9,7,5,0,0,8,0,0,0,0,4,1,6,6,1,82,11,1986,1,33,-1,6,E01032612,0,-1
2023211421798,2023,211421798,2,9,0,18,19,8,8,0,0,4,0,0,0,0,4,1,6,6,2,50,8,1969,2,6,VOLVO S90,-1,-1,0,-1
2023332300809,2023,332300809,2,9,0,2,2,0,0,0,0,0,0,0,0,0,3,1,6,6,1,59,9,1969,8,1,VOLVO S90,6,E01013609,0,-1
2023141347455,2023,141347455,2,9,0,14,14,3,1,0,0,8,0,0,0,0,1,1,1,1,1,34,6,1969,8,1,VOLVO S90,9,E01012962,0,-1
2023320379960,2023,320379960,2,9,0,18,19,2,6,0,0,0,0,0,0,0,2,1,2,2,2,46,8,1969,2,6,VOLVO S90,10,E01026352,0,-1
2023201371923,2023,201371923,2,9,0,18,19,6,2,0,0,8,0,0,0,0,4,1,5,6,1,25,5,1969,2,6,VOLVO S90,9,E01010208,0,-1
2023351347050,2023,351347050,3,9,0,18,19,3,7,0,0,0,0,0,0,0,1,1,6,6,1,41,7,1969,2,6,VOLVO S90,8,E01029957,0,-1
2023546047923,2023,546047923,2,9,0,18,19,5,1,0,0,1,0,0,0,0,1,1,6,6,2,61,9,1969,8,1,VOLVO S90,10,E01017816,0,-1
2023141329066,2023,141329066,1,9,0,3,3,8,4,0,0,0,0,0,0,0,3,1,5,6,1,68,10,1969,8,1,VOLVO S90,4,E01007821,0,-1
2023231391055,2023,231391055,1,9,0,18,19,7,3,0,0,0,0,0,1,7,1,1,6,6,1,51,8,1969,2,5,VOLVO S90,10,E01032154,0,-1
2023461264675,2023,461264675,1,9,0,18,19,7,3,0,0,0,0,4,1,0,1,1,6,6,1,73,10,1969,2,6,VOLVO S90,4,E01024665,0,-1
2023522400385,2023,522400385,3,9,0,18,19,8,4,0,0,0,0,0,0,0,2,1,1,1,1,49,8,1969,8,1,VOLVO S90,10,E01014793,0,-1
2023010438124,2023,010438124,2,9,0,99,99,9,9,99,99,9,9,99,9,99,9,9,6,6,3,23,5,1969,2,6,VOLVO S90,3,E01001808,0,-1
2023440359483,2023,440359483,2,8,0,3,3,7,3,0,0,1,0,0,0,0,2,1,1,1,1,36,7,1969,2,5,-1,3,E01017194,0,-1
2023991269501,2023,991269501,1,9,0,18,19,3,7,9,9,1,0,0,1,0,1,1,1,1,1,31,6,1969,2,6,VOLVO S90,9,-1,0,-1
2023552301414,2023,552301414,2,9,0,18,19,3,7,0,0,0,0,0,0,0,2,1,6,6,1,42,7,1969,8,1,VOLVO S90,7,E01020566,0,-1
2023201419504,2023,201419504,3,9,0,4,4,1,5,0,0,0,0,0,0,0,2,1,6,6,1,26,6,1969,2,6,VOLVO S90,8,E01005453,0,-1
2023010435885,2023,010435885,2,9,0,99,99,9,9,99,99,9,9,99,9,99,9,9,6,6,3,-1,-1,1969,1,3,VOLVO S90,-1,-1,0,-1
2023131322941,2023,131322941,3,9,0,18,19,8,4,0,0,8,0,0,0,0,4,1,5,6,2,30,6,1969,2,4,VOLVO S90,3,E01011333,0,-1
2023340WN5142,2023,340WN5142,1,9,0,18,19,2,6,0,0,0,0,0,0,0,1,1,6,6,1,28,6,1969,2,5,VOLVO S90,10,E01027165,0,-1
2023201422090,2023,201422090,2,9,0,18,19,7,3,0,0,8,0,0,0,0,1,1,6,6,1,38,7,1969,2,6,VOLVO S90,2,E01009565,0,-1
2023010482468,2023,010482468,3,9,0,16,19,5,1,0,0,8,0,0,0,0,0,1,1,1,1,31,6,1969,8,2,VOLVO S90,4,E01003666,0,-1
2023361314472,2023,361314472,1,9,-1,-1,-1,-1,-1,-1,-1,-1,-1,-1,-1,0,-1,1,6,6,1,50,8,1969,2,5,VOLVO S90,3,E01026853,0,-1
2023211368853,2023,211368853,2,9,0,8,8,4,8,0,0,1,0,0,0,0,2,1,5,6,1,57,9,1895,1,24,-1,-1,-1,0,-1
2023141294130,2023,141294130,1,9,0,2,2,3,7,0,0,0,0,0,0,0,2,1,5,6,1,43,7,1900,1,26,-1,2,E01007340,0,-1
2023371352312,2023,371352312,2,9,0,18,19,-1,-1,0,0,1,0,0,0,0,3,1,2,2,1,20,4,1895,1,25,-1,8,E01030048,0,-1
2023430042341,2023,430042341,2,9,0,7,7,4,7,0,0,4,0,0,0,0,1,1,6,6,1,-1,-1,1895,1,25,-1,-1,-1,0,-1
2023552301527,2023,552301527,1,9,0,18,19,6,2,0,0,8,5,10,1,4,1,1,6,6,1,22,5,2979,1,23,-1,2,E01015270,0,-1
2023161335461,2023,161335461,1,9,0,9,9,1,5,0,0,0,0,0,7,0,1,1,6,6,1,46,8,1991,1,23,-1,9,E01012488,0,-1
2023302301450,2023,302301450,2,9,0,2,2,0,0,0,0,0,0,0,0,0,1,1,6,6,3,-1,-1,1991,1,23,-1,-1,-1,0,-1
2023522400038,2023,522400038,1,4,0,18,19,3,7,0,0,8,1,0,0,0,1,1,6,6,1,20,4,125,1,7,-1,3,E01014682,0,-1
2023010453534,2023,010453534,2,3,0,13,13,8,4,0,0,1,1,0,0,0,1,1,6,6,1,23,5,125,1,3,-1,2,E01004574,0,-1
2023501359492,2023,501359492,1,3,0,14,14,2,6,0,0,1,0,0,0,0,1,1,6,6,2,25,5,125,1,3,-1,3,E01015168,0,-1
2023101348706,2023,101348706,1,9,0,17,19,3,7,0,0,0,0,0,1,0,1,1,2,2,2,46,8,954,1,29,-1,4,E01008732,0,-1
2023010431265,2023,010431265,2,9,0,99,99,9,9,99,99,9,9,99,9,99,9,9,6,6,3,-1,-1,1360,1,13,-1,5,E01003085,0,-1
2023622301026,2023,622301026,1,9,0,18,19,2,6,0,0,1,0,0,0,0,1,1,6,6,3,-1,-1,1399,2,14,-1,-1,-1,0,-1
2023451340746,2023,451340746,1,19,0,18,19,1,5,0,0,0,1,0,5,6,3,1,6,6,1,32,6,1399,2,13,CITROEN NEMO,4,E01022916,0,-1
2023991317932,2023,991317932,2,19,0,9,9,8,5,0,0,1,0,0,0,0,2,1,1,1,1,50,8,1248,2,8,CITROEN NEMO,2,-1,0,-1
2023430408511,2023,430408511,1,19,0,6,6,7,7,0,0,8,0,0,0,0,0,1,1,1,1,25,5,1248,2,9,CITROEN NEMO,8,E01028488,0,-1
2023122300607,2023,122300607,1,19,0,9,9,5,7,0,0,6,0,0,0,0,4,1,1,1,1,21,5,1399,2,14,CITROEN NEMO,-1,-1,0,-1
2023052301688,2023,052301688,3,19,0,3,3,3,7,0,0,0,0,0,0,0,2,1,6,6,1,58,9,1360,1,14,CITROEN NEMO,5,E01006427,0,-1
2023010420145,2023,010420145,3,19,0,18,19,4,8,0,0,1,0,0,0,0,1,1,6,6,1,42,7,1360,1,13,CITROEN NEMO,2,E01001687,0,-1
2023451272344,2023,451272344,2,19,0,18,19,4,2,0,0,0,0,0,0,0,1,1,6,6,1,25,5,1248,2,9,CITROEN NEMO,-1,-1,0,-1
2023111327410,2023,111327410,1,19,0,18,19,4,2,0,0,1,0,0,0,0,1,1,5,6,1,32,6,1399,2,13,CITROEN NEMO,1,E01020765,0,-1
2023070364162,2023,070364162,1,19,0,18,19,5,1,0,0,0,0,0,0,0,1,1,6,6,1,56,9,1248,2,11,CITROEN NEMO,8,E01029570,0,-1
2023411392477,2023,411392477,1,19,0,5,5,-1,-1,0,0,0,0,0,0,0,1,1,6,6,3,-1,-1,1248,2,12,CITROEN NEMO,-1,-1,0,-1
2023421284220,2023,421284220,1,19,0,18,19,7,3,0,0,0,5,4,0,0,1,1,6,6,1,51,8,1399,2,14,CITROEN NEMO,5,E01021732,0,-1
2023041284605,2023,041284605,1,19,0,18,19,-1,-1,0,0,1,0,0,0,0,0,1,6,6,1,46,8,1399,2,13,CITROEN NEMO,3,E01012587,0,-1
2023430342927,2023,430342927,1,19,0,18,19,6,2,0,0,1,0,0,0,0,1,1,6,6,1,-1,-1,1248,2,8,CITROEN NEMO,-1,-1,0,-1
2023010478214,2023,010478214,2,19,0,99,99,9,9,99,99,9,9,99,9,99,9,9,6,6,3,-1,-1,1248,2,6,CITROEN NEMO,-1,-1,0,-1
2023010474270,2023,010474270,1,19,0,18,19,5,1,0,0,2,0,0,0,0,1,1,1,1,1,39,7,1399,2,14,CITROEN NEMO,8,E01001044,0,-1