collision_index,collision_year,collision_ref_no,vehicle_reference,vehicle_type,towing_and_articulation,vehicle_manoeuvre_historic,vehicle_manoeuvre,vehicle_direction_from,vehicle_direction_to,vehicle_location_restricted_lane_historic,vehicle_location_restricted_lane,junction_location,skidding_and_overturning,hit_object_in_carriageway,vehicle_leaving_carriageway,hit_object_off_carriageway,first_point_of_impact,vehicle_left_hand_drive,journey_purpose_of_driver_historic,journey_purpose_of_driver,sex_of_driver,age_of_driver,age_band_of_driver,engine_capacity_cc,propulsion_code,age_of_vehicle,generic_make_model,driver_imd_decile,lsoa_of_driver,escooter_flag,driver_distance_banding
2023991299194,2023,991299194,2,19,0,18,19,1,5,0,0,3,0,0,0,0,3,1,6,6,1,19,4,1248,2,7,CITROEN NEMO,8,-1,0,-1
2023010478606,2023,010478606,2,19,0,99,99,9,9,99,99,0,9,99,9,99,1,1,6,6,3,65,9,1248,2,9,CITROEN NEMO,8,E01024394,0,-1
2023211353330,2023,211353330,4,19,0,18,19,7,5,0,0,0,0,0,0,0,1,1,6,6,1,44,7,1399,2,14,CITROEN NEMO,1,E01010435,0,-1
2023351358471,2023,351358471,3,98,0,2,2,0,0,0,0,0,0,0,0,0,1,1,6,6,3,-1,-1,1399,2,14,-1,-1,-1,0,-1
202360A041026,2023,60A041026,1,9,0,14,14,3,7,0,0,0,0,0,0,0,0,1,6,6,1,65,9,1360,1,13,-1,-1,-1,0,-1
2023010443476,2023,010443476,2,19,0,18,19,7,3,0,0,8,0,0,0,0,3,1,1,1,1,54,8,1248,2,8,CITROEN NEMO,7,E01021608,0,-1
2023471337843,2023,471337843,2,19,0,9,9,5,3,0,0,8,0,0,0,0,3,1,1,1,1,-1,-1,1248,2,7,CITROEN NEMO,4,E01016974,0,-1
2023052301257,2023,052301257,2,19,0,18,19,5,1,0,0,0,0,0,0,0,4,1,1,1,3,-1,-1,1248,2,9,CITROEN NEMO,-1,-1,0,-1
2023461327661,2023,461327661,1,5,0,4,4,4,8,0,0,1,2,0,0,0,0,1,6,6,1,46,8,1923,1,0,-1,9,E01000656,0,-1
2023052300388,2023,052300388,2,4,0,9,9,5,3,0,0,6,0,0,0,0,1,1,6,6,1,39,7,249,1,11,-1,5,E01006488,0,-1
2023991390757,2023,991390757,1,19,0,18,19,4,8,0,0,0,0,0,0,0,1,1,2,2,1,53,8,1898,2,0,ISUZU TRUCKS GRAFTER,3,-1,0,-1
2023552300237,2023,552300237,3,19,0,18,19,2,6,0,0,0,0,0,0,0,1,1,1,1,1,40,7,1898,2,2,ISUZU TRUCKS GRAFTER,2,E01015430,0,-1
2023440040245,2023,440040245,1,19,0,9,9,6,4,0,0,1,0,0,0,0,3,1,1,1,1,59,9,2999,2,6,ISUZU TRUCKS GRAFTER,8,E01017302,0,-1
2023501353628,2023,501353628,1,19,0,1,1,6,3,0,0,1,0,0,0,0,2,1,1,1,1,34,6,1898,2,2,ISUZU TRUCKS GRAFTER,5,E01018851,0,-1
2023440238822,2023,440238822,1,20,4,9,9,5,3,0,0,5,3,0,0,0,4,1,1,1,1,27,6,1898,2,1,-1,6,E01017014,0,-1
2023461341323,2023,461341323,1,19,0,18,19,5,1,0,0,0,0,0,0,0,4,1,6,6,1,37,7,1898,2,3,ISUZU TRUCKS GRAFTER,5,E01024039,0,-1
2023221269652,2023,221269652,2,19,0,4,4,2,6,0,0,0,0,0,0,0,2,1,2,2,1,44,7,1898,2,3,ISUZU TRUCKS GRAFTER,8,E01029370,0,-1
2023991357834,2023,991357834,1,19,0,18,19,3,3,0,0,0,1,0,8,6,3,1,1,1,1,31,6,2999,2,6,ISUZU TRUCKS GRAFTER,-1,-1,0,-1
2023501304622,2023,501304622,2,19,0,18,19,3,7,0,0,0,0,0,0,0,1,1,1,1,1,67,10,1898,2,2,ISUZU TRUCKS GRAFTER,7,E01019077,0,-1
2023351424475,2023,351424475,2,19,0,4,4,8,4,0,0,0,0,0,0,0,2,1,2,2,1,-1,-1,1898,2,1,ISUZU TRUCKS GRAFTER,10,E01023457,0,-1
2023052300303,2023,052300303,2,19,0,4,4,1,5,0,0,1,0,0,0,0,3,1,6,6,1,25,5,1898,2,1,ISUZU TRUCKS GRAFTER,5,E01006665,0,-1
2023991270125,2023,991270125,2,19,0,18,19,5,1,0,0,8,0,0,0,0,1,1,1,1,1,63,9,1898,2,3,ISUZU TRUCKS GRAFTER,10,-1,0,-1
2023010473622,2023,010473622,2,20,4,99,99,9,9,99,99,9,9,99,9,99,1,9,6,6,1,49,8,1898,2,0,-1,5,E01000982,0,-1
2023131349291,2023,131349291,1,21,5,18,19,7,3,0,0,0,4,0,0,0,0,1,1,1,1,65,9,1898,2,1,-1,10,E01011845,0,-1
2023471320854,2023,471320854,4,19,0,4,4,8,4,0,0,0,0,0,0,0,1,1,1,1,1,39,7,1898,2,2,ISUZU TRUCKS GRAFTER,6,E01031709,0,-1
2023340WN6062,2023,340WN6062,2,19,0,2,2,0,0,0,0,2,0,0,0,0,2,1,6,6,3,-1,-1,1898,2,0,ISUZU TRUCKS GRAFTER,-1,-1,0,-1
2023501340552,2023,501340552,1,19,0,18,19,7,3,0,0,0,0,5,0,0,1,1,1,1,1,37,7,1898,2,0,ISUZU TRUCKS GRAFTER,3,E01015162,0,-1
2023461365846,2023,461365846,1,21,0,15,15,2,6,0,0,0,0,0,0,0,1,1,6,6,1,28,6,2999,2,7,-1,-1,-1,0,-1
2023421288006,2023,421288006,1,19,0,18,19,1,5,0,0,1,0,4,0,0,1,1,5,6,1,28,6,1898,2,3,ISUZU TRUCKS GRAFTER,5,E01021443,0,-1
2023421369495,2023,421369495,1,19,4,5,5,3,7,0,0,1,0,0,0,0,1,1,1,1,1,29,6,2999,2,3,ISUZU TRUCKS GRAFTER,4,E01015918,0,-1
2023131387872,2023,131387872,1,19,0,5,5,1,5,0,0,2,0,0,0,0,2,1,1,1,1,28,6,1898,2,0,ISUZU TRUCKS GRAFTER,4,E01007460,0,-1
2023430550428,2023,430550428,2,19,0,2,2,0,0,0,0,1,0,0,0,0,2,1,1,1,1,21,5,1898,2,0,ISUZU TRUCKS GRAFTER,2,E01028450,0,-1
2023991323759,2023,991323759,1,17,0,5,5,5,1,0,0,1,0,0,0,0,1,1,1,1,1,25,5,-1,-1,-1,-1,1,-1,0,-1
202360A042346,2023,60A042346,1,3,0,16,19,6,8,0,0,3,0,0,0,0,1,1,2,2,2,18,4,124,1,11,-1,-1,-1,0,-1
2023131322984,2023,131322984,1,3,0,13,13,5,1,0,0,0,1,0,0,0,1,1,6,6,1,25,5,125,1,0,-1,5,E01010708,0,-1
2023451368651,2023,451368651,1,3,0,16,19,2,6,0,0,0,0,0,7,6,3,1,6,6,1,44,7,125,1,0,-1,8,E01023149,0,-1
2023010427833,2023,010427833,2,4,0,18,19,3,7,0,0,2,0,0,0,0,1,1,6,6,1,58,9,124,1,8,-1,2,E01000526,0,-1
2023520301421,2023,520301421,1,4,0,5,5,5,1,0,0,6,0,0,0,0,1,1,6,6,1,69,10,125,1,0,-1,6,E01014781,0,-1
2023010474477,2023,010474477,1,3,0,99,99,9,9,99,99,0,9,99,9,99,9,1,2,2,1,48,8,125,1,0,-1,7,E01021950,0,-1
2023361346950,2023,361346950,1,3,0,17,19,5,1,0,0,0,0,0,0,0,1,1,5,6,1,55,8,125,1,0,-1,4,E01026695,0,-1
2023122300606,2023,122300606,1,9,0,17,19,2,7,0,0,0,5,0,1,0,4,1,1,1,2,36,7,1599,1,18,-1,1,E01025117,0,-1
2023201388989,2023,201388989,1,9,0,18,19,6,2,0,0,8,0,0,0,0,0,1,6,6,1,-1,-1,1599,1,19,-1,-1,-1,0,-1
2023361360074,2023,361360074,1,9,0,-1,-1,-1,-1,-1,-1,0,-1,-1,-1,0,-1,1,6,6,1,54,8,1493,2,17,-1,9,E01015432,0,-1
2023451297191,2023,451297191,2,11,0,18,19,3,7,0,0,0,0,0,0,0,1,1,5,6,2,46,8,5998,2,47,-1,10,E01031805,0,-1
2023471341414,2023,471341414,2,9,0,18,19,2,6,0,0,2,0,0,0,0,1,1,2,2,2,45,7,1796,1,25,-1,1,E01016867,0,-1
2023440183481,2023,440183481,2,9,0,3,3,5,1,0,0,0,0,0,0,0,2,1,6,6,1,39,7,1798,1,2,-1,6,E01032748,0,-1
2023041299559,2023,041299559,1,9,0,18,19,3,7,0,0,1,0,0,0,0,1,1,2,2,1,48,8,1798,1,5,-1,9,E01025324,0,-1
2023440223693,2023,440223693,1,9,0,18,19,8,4,0,0,1,0,0,0,0,1,1,6,6,1,36,7,1796,1,13,-1,10,E01022519,0,-1
2023548186223,2023,548186223,2,9,0,18,19,2,6,0,0,8,0,9,0,0,4,1,6,6,1,79,11,1794,1,17,-1,7,E01015581,0,-1
2023010438882,2023,010438882,1,2,0,15,15,5,1,0,0,1,0,0,0,0,3,1,6,6,1,34,6,-1,3,0,-1,7,E01002165,0,-1
2023101404190,2023,101404190,3,9,0,3,3,3,7,0,0,0,0,0,0,0,2,1,6,6,1,64,9,996,1,13,NISSAN PIXO,2,E01033545,0,-1
2023552400130,2023,552400130,1,9,0,18,19,6,2,0,0,8,0,0,0,0,1,1,6,6,2,78,11,996,1,11,NISSAN PIXO,7,E01015466,0,-1
2023052301203,2023,052301203,1,9,0,13,13,5,1,0,0,0,0,0,0,0,4,1,6,6,3,-1,-1,996,1,12,NISSAN PIXO,-1,-1,0,-1
2023361312349,2023,361312349,1,9,0,18,19,4,3,0,0,1,0,0,0,0,1,1,5,6,2,20,4,996,1,14,NISSAN PIXO,3,E01026784,0,-1
2023010468675,2023,010468675,1,9,0,18,19,7,3,0,0,0,0,0,0,0,1,1,6,6,2,70,10,996,1,13,NISSAN PIXO,2,E01001625,0,-1
2023991370730,2023,991370730,2,9,0,2,2,0,0,0,0,8,0,0,0,0,2,1,6,6,1,27,6,996,1,13,NISSAN PIXO,2,-1,0,-1
2023421310002,2023,421310002,2,9,0,9,9,7,5,0,0,8,0,0,0,0,1,1,2,2,1,43,7,996,1,13,NISSAN PIXO,2,E01001555,0,-1
2023041353360,2023,041353360,1,9,0,18,19,4,8,0,0,0,5,0,1,0,1,1,5,6,1,17,4,996,1,14,NISSAN PIXO,7,E01025506,0,-1
2023101282912,2023,101282912,1,9,0,18,19,2,7,0,0,0,0,0,0,0,3,1,6,6,2,78,11,996,1,13,NISSAN PIXO,7,E01008323,0,-1
2023010425546,2023,010425546,2,9,0,2,2,0,0,0,0,2,0,0,0,0,2,1,6,6,3,-1,-1,996,1,14,NISSAN PIXO,-1,-1,0,-1
2023010454196,2023,010454196,1,9,0,6,6,3,3,0,0,1,0,10,7,11,1,1,6,6,2,28,6,996,1,13,NISSAN PIXO,-1,-1,0,-1
2023552300652,2023,552300652,3,9,0,10,10,5,2,0,0,2,0,0,0,0,2,1,2,2,2,40,7,996,1,14,NISSAN PIXO,6,E01020441,0,-1
2023991282007,2023,991282007,1,9,0,18,19,7,3,0,0,4,0,0,0,0,1,1,6,6,1,46,8,996,1,12,NISSAN PIXO,6,-1,0,-1
2023471362876,2023,471362876,1,9,0,18,19,7,3,0,0,3,0,0,0,0,1,1,5,6,2,45,7,996,1,13,NISSAN PIXO,5,E01015346,0,-1
2023411311402,2023,411311402,1,9,0,4,4,3,7,0,0,0,0,0,0,0,1,1,6,6,2,48,8,996,1,14,NISSAN PIXO,9,E01023706,0,-1
2023161303012,2023,161303012,2,9,0,2,2,0,0,0,0,0,0,0,0,0,3,1,6,6,3,-1,-1,996,1,12,NISSAN PIXO,-1,-1,0,-1
2023520400342,2023,520400342,2,9,0,13,13,2,6,0,0,8,0,0,0,0,4,1,6,6,2,80,11,996,1,14,NISSAN PIXO,6,E01029135,0,-1
2023061265462,2023,061265462,2,9,0,3,3,1,5,0,0,8,0,0,0,0,2,1,6,6,2,24,5,996,1,14,NISSAN PIXO,4,E01006188,0,-1
2023161311983,2023,161311983,2,9,0,2,2,0,0,0,0,1,0,0,0,0,2,1,6,6,3,-1,-1,996,1,14,NISSAN PIXO,-1,-1,0,-1
2023461346936,2023,461346936,1,9,0,5,5,8,4,0,0,8,0,0,0,0,1,1,6,6,1,75,10,996,1,12,NISSAN PIXO,1,E01024660,0,-1
2023332300173,2023,332300173,1,9,0,18,19,3,7,0,0,1,0,0,1,0,1,1,1,1,2,35,6,996,1,13,NISSAN PIXO,2,E01013646,0,-1
2023451384081,2023,451384081,2,9,0,18,19,3,7,0,0,8,0,0,0,0,1,1,6,6,2,31,6,996,1,13,NISSAN PIXO,6,E01031637,0,-1
2023010468612,2023,010468612,2,9,0,99,99,9,9,99,99,9,9,99,9,99,9,9,6,6,3,-1,-1,996,1,13,NISSAN PIXO,-1,-1,0,-1
2023141327240,2023,141327240,2,9,0,18,19,3,7,0,0,8,5,0,3,0,1,1,2,2,1,28,6,996,1,11,NISSAN PIXO,4,E01011008,0,-1
2023010434546,2023,010434546,1,9,0,4,4,1,5,0,0,0,0,0,0,0,2,1,6,6,1,31,6,996,1,12,NISSAN PIXO,8,E01030829,0,-1
2023010460241,2023,010460241,2,9,0,99,99,9,9,99,99,9,9,99,9,99,1,9,6,6,3,-1,-1,996,1,13,NISSAN PIXO,-1,-1,0,-1
2023010471434,2023,010471434,1,9,0,2,2,0,0,6,6,1,0,8,0,0,4,1,6,6,3,-1,-1,996,1,12,NISSAN PIXO,-1,-1,0,-1
2023010475142,2023,010475142,2,9,0,99,99,9,9,99,99,9,9,99,9,99,9,9,6,6,2,52,8,996,1,12,NISSAN PIXO,2,E01001653,0,-1
2023131285913,2023,131285913,1,9,0,18,19,1,5,0,0,1,1,0,0,0,1,1,5,6,2,18,4,996,1,14,NISSAN PIXO,1,E01011484,0,-1
2023440391247,2023,440391247,2,9,0,18,19,8,4,0,0,8,0,0,0,0,1,1,6,6,1,72,10,996,1,14,NISSAN PIXO,6,E01017300,0,-1
202354D204623,2023,54D204623,2,9,0,18,19,5,1,0,0,8,0,0,0,0,1,1,6,6,1,26,6,996,1,14,NISSAN PIXO,6,E01022383,0,-1
2023010442687,2023,010442687,11,9,0,2,2,0,0,0,0,0,0,0,0,0,1,2,6,6,3,-1,-1,996,1,14,NISSAN PIXO,-1,-1,0,-1
2023430131776,2023,430131776,1,9,0,18,19,5,1,0,0,2,0,0,0,0,1,1,6,6,2,18,4,996,1,13,NISSAN PIXO,7,E01028509,0,-1
2023141327385,2023,141327385,2,9,0,17,19,1,5,0,0,1,0,0,0,0,1,1,5,6,1,18,4,996,1,14,NISSAN PIXO,1,E01008097,0,-1
2023501316111,2023,501316111,2,9,0,5,5,3,1,0,0,8,0,0,0,0,1,1,6,6,2,67,10,996,1,14,NISSAN PIXO,6,E01018967,0,-1
2023231368351,2023,231368351,1,9,0,18,19,1,5,0,0,8,0,0,0,0,1,1,6,6,1,17,4,996,1,13,NISSAN PIXO,9,E01031328,0,-1
2023070102361,2023,070102361,1,9,0,18,19,5,1,0,0,0,0,0,0,0,4,1,6,6,1,61,9,996,1,14,NISSAN PIXO,2,E01012388,0,-1
2023010485889,2023,010485889,1,9,0,3,3,3,7,0,0,0,0,0,0,0,4,1,6,6,2,75,10,996,1,10,NISSAN PIXO,-1,-1,0,-1
2023010444865,2023,010444865,2,9,0,99,99,9,9,99,99,9,9,99,9,99,1,9,6,6,3,-1,-1,996,1,11,NISSAN PIXO,-1,-1,0,-1
2023201330159,2023,201330159,1,9,0,18,19,6,2,0,0,8,1,0,0,0,4,1,6,6,2,27,6,996,1,14,NISSAN PIXO,1,E01008911,0,-1
2023991363132,2023,991363132,1,9,0,9,9,6,3,0,0,8,0,0,0,0,1,1,5,6,1,87,11,996,1,10,NISSAN PIXO,5,-1,0,-1
2023401263796,2023,401263796,2,9,0,18,19,-1,-1,0,0,8,0,0,0,0,3,1,6,6,1,38,7,996,1,14,NISSAN PIXO,1,E01015736,0,-1
2023471360055,2023,471360055,1,9,0,18,19,1,5,0,0,0,1,0,7,0,0,1,6,6,1,18,4,996,1,13,NISSAN PIXO,2,E01021135,0,-1
2023131371677,2023,131371677,1,9,0,18,19,3,7,0,0,0,0,0,0,0,3,1,2,2,1,24,5,996,1,14,NISSAN PIXO,1,E01005527,0,-1
2023101321830,2023,101321830,1,9,0,18,19,6,2,0,0,0,5,4,0,0,4,1,6,6,1,87,11,996,1,13,NISSAN PIXO,2,E01008210,0,-1
2023041285618,2023,041285618,1,9,0,18,19,5,5,0,0,0,1,0,0,0,1,1,6,6,2,64,9,996,1,14,NISSAN PIXO,7,E01025384,0,-1
2023401263712,2023,401263712,1,9,0,7,7,3,5,0,0,2,0,0,0,0,1,1,3,7,1,45,7,996,1,13,NISSAN PIXO,2,E01017472,0,-1
2023501276135,2023,501276135,1,9,0,16,19,7,3,0,0,0,1,0,7,0,4,1,5,6,2,38,7,996,1,13,NISSAN PIXO,7,E01020327,0,-1
2023421379027,2023,421379027,2,9,0,18,19,8,4,0,0,0,0,0,2,7,4,1,5,6,1,76,11,996,1,13,NISSAN PIXO,1,E01021988,0,-1
2023351290958,2023,351290958,2,9,0,8,8,5,7,0,0,4,0,0,0,0,2,1,5,6,2,38,7,996,1,10,NISSAN PIXO,6,E01015691,0,-1
2023421350111,2023,421350111,1,9,0,5,5,8,5,0,0,0,0,0,0,0,1,1,5,6,2,70,10,996,1,11,NISSAN PIXO,9,E01022076,0,-1
2023010483445,2023,010483445,1,9,0,7,7,7,8,0,0,3,0,0,0,0,1,1,6,6,2,59,9,996,1,13,NISSAN PIXO,3,E01000522,0,-1
2023201365207,2023,201365207,2,9,0,8,8,8,2,0,0,1,0,0,0,0,2,1,6,6,2,43,7,996,1,12,NISSAN PIXO,2,E01032528,0,-1
2023440207548,2023,440207548,1,9,0,18,19,1,5,0,0,0,0,7,0,0,1,1,6,6,1,80,11,996,1,13,NISSAN PIXO,1,E01017281,0,-1
2023461390876,2023,461390876,1,9,0,18,19,2,4,0,0,1,0,0,0,0,1,1,6,6,3,-1,-1,996,1,13,NISSAN PIXO,-1,-1,0,-1
2023070376172,2023,070376172,2,9,0,18,19,5,1,0,0,1,0,0,0,0,1,1,6,6,2,76,11,996,1,11,NISSAN PIXO,4,E01012521,0,-1
2023302301125,2023,302301125,2,9,0,18,19,6,2,0,0,8,0,0,0,0,1,1,2,2,2,56,9,996,1,13,NISSAN PIXO,9,E01019879,0,-1
2023010419533,2023,010419533,1,9,0,18,19,2,6,0,0,1,0,0,0,0,0,1,6,6,1,64,9,996,1,12,NISSAN PIXO,9,E01002116,0,-1
2023061309769,2023,061309769,1,9,0,18,19,5,1,0,0,1,0,0,0,0,1,1,1,1,1,50,8,996,1,14,NISSAN PIXO,3,E01005162,0,-1
2023421383102,2023,421383102,2,9,0,2,2,0,0,0,0,0,0,0,0,0,1,1,6,6,3,-1,-1,996,1,13,NISSAN PIXO,-1,-1,0,-1
2023141390579,2023,141390579,2,9,0,18,19,5,1,0,0,1,0,0,0,0,1,1,2,2,1,24,5,996,1,13,NISSAN PIXO,1,E01007402,0,-1
2023052300344,2023,052300344,1,9,0,18,19,5,1,0,0,0,0,0,0,0,1,1,6,6,2,19,4,996,1,13,NISSAN PIXO,7,E01007245,0,-1
2023201442887,2023,201442887,2,9,0,18,19,8,4,0,0,0,0,0,0,0,2,1,6,6,1,31,6,996,1,14,NISSAN PIXO,1,E01013484,0,-1
2023501322071,2023,501322071,2,9,0,3,3,2,6,0,0,2,0,0,0,0,3,1,5,6,2,88,11,996,1,13,NISSAN PIXO,7,E01018889,0,-1
2023501333802,2023,501333802,2,9,0,7,7,3,5,0,0,5,0,0,0,0,3,1,1,1,2,58,9,996,1,14,NISSAN PIXO,6,E01020056,0,-1
2023010486677,2023,010486677,1,9,0,18,19,1,5,0,0,8,0,0,0,0,1,1,1,1,1,50,8,996,1,11,NISSAN PIXO,3,E01001238,0,-1
2023461309244,2023,461309244,1,9,0,18,19,5,1,0,0,0,0,0,0,0,1,1,6,6,1,75,10,996,1,13,NISSAN PIXO,4,E01024293,0,-1
2023522401432,2023,522401432,2,9,0,18,19,2,6,0,0,8,0,0,0,0,3,1,6,6,2,40,7,996,1,13,NISSAN PIXO,1,E01033356,0,-1
2023061289265,2023,061289265,1,9,0,18,19,1,5,0,0,8,0,0,0,0,1,1,6,6,1,30,6,996,1,13,NISSAN PIXO,1,E01006328,0,-1
2023371280487,2023,371280487,1,9,0,18,19,5,6,0,0,0,1,0,0,0,4,1,5,6,1,31,6,2500,1,27,-1,6,E01026613,0,-1
2023101339779,2023,101339779,1,4,0,18,19,1,5,0,0,0,0,10,0,0,1,1,5,6,2,55,8,181,1,4,-1,2,E01008221,0,-1
2023351309919,2023,351309919,1,9,0,18,19,5,1,0,0,0,0,0,1,9,1,1,5,6,2,70,10,1498,1,3,SKODA KAMIQ,6,E01018106,0,-1
2023991265199,2023,991265199,1,9,0,18,19,5,1,0,0,1,0,0,0,0,1,1,6,6,2,74,10,999,1,4,SKODA KAMIQ,5,-1,0,-1
2023991349462,2023,991349462,1,9,0,18,19,5,1,0,0,1,0,4,0,0,1,1,1,1,1,37,7,999,1,0,SKODA KAMIQ,1,-1,0,-1
2023010460319,2023,010460319,1,9,0,18,19,4,8,0,0,1,0,0,0,0,3,1,6,6,1,29,6,999,1,2,SKODA KAMIQ,8,E01001044,0,-1
2023451359075,2023,451359075,1,9,0,18,19,3,7,0,0,0,0,0,0,0,4,1,5,6,2,42,7,1498,1,0,SKODA KAMIQ,10,E01030604,0,-1
2023010439872,2023,010439872,2,9,0,9,9,1,6,0,0,8,0,0,0,0,4,1,6,6,1,57,9,1498,1,3,SKODA KAMIQ,2,E01002686,0,-1
2023010448829,2023,010448829,1,9,0,99,99,9,9,99,99,9,9,99,9,99,9,9,6,6,2,30,6,1498,1,1,SKODA KAMIQ,2,E01004235,0,-1
2023010486401,2023,010486401,1,9,0,7,7,1,3,0,0,6,0,0,0,0,1,1,6,6,2,27,6,999,1,3,SKODA KAMIQ,1,E01002066,0,-1
2023351383687,2023,351383687,2,9,0,9,9,7,5,0,0,1,0,0,0,0,1,1,6,6,1,81,11,999,1,1,SKODA KAMIQ,10,E01018193,0,-1
2023201314941,2023,201314941,2,9,0,10,10,8,5,0,0,8,0,0,0,0,2,1,6,6,1,31,6,999,1,0,SKODA KAMIQ,2,E01033629,0,-1
2023221259714,2023,221259714,2,9,0,4,4,5,1,0,0,0,0,0,0,0,2,1,6,6,2,29,6,999,1,1,SKODA KAMIQ,5,E01031190,0,-1
2023010452004,2023,010452004,2,9,0,4,4,7,3,0,0,0,0,0,0,0,3,1,3,7,2,50,8,999,1,0,SKODA KAMIQ,10,E01000839,0,-1
2023061368343,2023,061368343,2,9,-1,-1,-1,-1,-1,-1,-1,0,-1,-1,-1,0,-1,1,6,6,1,38,7,1498,1,3,SKODA KAMIQ,1,E01004942,0,-1
2023010462149,2023,010462149,2,9,9,6,6,1,1,99,99,9,9,99,9,99,1,9,6,6,3,31,6,999,1,0,SKODA KAMIQ,2,E01001001,0,-1
2023052300283,2023,052300283,1,9,0,10,10,8,5,0,0,1,0,0,4,7,1,1,6,6,2,79,11,999,1,2,SKODA KAMIQ,3,E01006799,0,-1
2023061346596,2023,061346596,2,9,0,3,3,6,2,0,0,1,0,0,0,0,1,1,6,6,1,-1,-1,999,1,1,SKODA KAMIQ,2,E01004812,0,-1
2023211365028,2023,211365028,1,9,0,18,19,2,6,0,0,1,0,0,0,0,3,1,1,1,2,26,6,1498,1,1,SKODA KAMIQ,6,E01005801,0,-1
2023552300061,2023,552300061,1,9,0,18,19,4,8,0,0,0,0,0,0,0,4,1,6,6,1,26,6,999,1,1,SKODA KAMIQ,5,E01020562,0,-1
2023522300860,2023,522300860,1,9,0,18,19,2,6,0,0,0,0,0,0,0,1,1,6,6,1,37,7,999,1,1,SKODA KAMIQ,8,E01032668,0,-1
2023543471723,2023,543471723,2,9,0,4,4,7,3,0,0,0,0,0,0,0,2,1,6,6,1,51,8,999,1,3,SKODA KAMIQ,3,E01002528,0,-1
2023010450819,2023,010450819,2,9,0,18,19,1,5,0,0,0,0,0,0,0,1,1,6,6,2,22,5,999,1,0,SKODA KAMIQ,2,E01001477,0,-1
2023131311940,2023,131311940,1,9,0,4,4,1,1,0,0,0,0,0,0,0,2,1,5,6,2,44,7,999,1,0,SKODA KAMIQ,2,E01011121,0,-1
2023451280542,2023,451280542,1,9,0,18,19,3,7,0,0,0,0,7,0,0,1,1,5,6,2,71,10,999,1,1,SKODA KAMIQ,10,E01016054,0,-1
2023061287390,2023,061287390,2,9,0,3,3,6,2,0,0,0,0,0,0,0,2,1,6,6,2,49,8,999,1,1,SKODA KAMIQ,1,E01005578,0,-1
2023131402114,2023,131402114,2,9,0,18,19,5,1,0,0,0,0,0,0,0,2,1,6,6,2,49,8,999,1,2,SKODA KAMIQ,7,E01010760,0,-1
2023991316831,2023,991316831,1,9,0,9,9,5,2,0,0,2,0,0,0,0,3,1,6,6,2,51,8,1498,1,1,SKODA KAMIQ,8,-1,0,-1
2023131391234,2023,131391234,2,9,0,18,19,7,3,0,0,8,0,0,0,0,1,1,5,6,2,43,7,1498,1,4,SKODA KAMIQ,-1,-1,0,-1
2023201412372,2023,201412372,1,9,0,7,7,1,3,0,0,5,0,0,0,0,4,1,5,6,1,19,4,999,1,0,SKODA KAMIQ,2,E01009516,0,-1
2023440349461,2023,440349461,1,9,0,7,7,7,1,0,0,5,0,11,3,9,1,1,6,6,2,32,6,1498,1,2,SKODA KAMIQ,7,E01023179,0,-1
2023991343388,2023,991343388,2,9,0,5,5,2,4,0,0,1,0,0,0,0,2,1,6,6,1,28,6,999,1,0,SKODA KAMIQ,1,-1,0,-1
2023201319379,2023,201319379,2,9,0,18,19,4,8,0,0,0,1,0,0,0,1,1,5,6,1,42,7,999,1,2,SKODA KAMIQ,-1,-1,0,-1
2023461276715,2023,461276715,1,9,0,18,19,6,4,9,9,1,0,0,1,0,1,1,2,2,1,28,6,999,1,0,SKODA KAMIQ,1,E01024498,0,-1
2023531275766,2023,531275766,1,9,0,18,19,5,1,0,0,2,0,0,0,0,1,1,5,6,2,60,9,1498,1,3,SKODA KAMIQ,8,E01022313,0,-1
2023401321879,2023,401321879,1,9,0,18,19,8,4,0,0,1,0,0,1,1,1,1,2,2,2,27,6,999,1,3,SKODA KAMIQ,10,E01017404,0,-1
2023170S40473,2023,170S40473,1,9,0,9,9,4,2,0,0,8,0,0,0,0,3,1,6,6,2,33,6,999,1,1,SKODA KAMIQ,4,E01012264,0,-1
2023010468946,2023,010468946,2,9,9,99,99,9,9,99,99,9,9,99,9,99,9,9,6,6,3,-1,-1,999,1,3,SKODA KAMIQ,-1,-1,0,-1
2023010480746,2023,010480746,1,9,9,99,99,9,9,99,99,9,9,99,9,99,9,9,6,6,3,-1,-1,1498,1,3,SKODA KAMIQ,-1,-1,0,-1
2023421270880,2023,421270880,1,9,0,5,5,7,3,0,0,0,0,0,0,0,4,1,5,6,1,30,6,1498,1,2,SKODA KAMIQ,9,E01015815,0,-1
2023531325061,2023,531325061,1,9,0,18,19,7,3,0,0,0,0,0,0,0,3,1,6,6,2,80,11,999,1,1,SKODA KAMIQ,10,E01022220,0,-1
2023421327964,2023,421327964,1,9,0,18,19,7,3,0,0,0,0,0,1,0,1,1,1,1,1,29,6,999,1,1,SKODA KAMIQ,4,E01021670,0,-1
2023302301249,2023,302301249,2,9,0,17,19,6,2,0,0,0,0,0,0,0,1,1,6,6,1,59,9,999,1,0,SKODA KAMIQ,10,E01019587,0,-1
2023010438671,2023,010438671,2,9,0,99,99,9,9,99,99,9,9,99,9,99,0,9,6,6,3,-1,-1,999,1,1,SKODA KAMIQ,-1,-1,0,-1