collision_index,collision_year,collision_ref_no,vehicle_reference,vehicle_type,towing_and_articulation,vehicle_manoeuvre_historic,vehicle_manoeuvre,vehicle_direction_from,vehicle_direction_to,vehicle_location_restricted_lane_historic,vehicle_location_restricted_lane,junction_location,skidding_and_overturning,hit_object_in_carriageway,vehicle_leaving_carriageway,hit_object_off_carriageway,first_point_of_impact,vehicle_left_hand_drive,journey_purpose_of_driver_historic,journey_purpose_of_driver,sex_of_driver,age_of_driver,age_band_of_driver,engine_capacity_cc,propulsion_code,age_of_vehicle,generic_make_model,driver_imd_decile,lsoa_of_driver,escooter_flag,driver_distance_banding
2023010472886,2023,010472886,2,9,0,9,9,6,4,0,0,6,0,0,0,0,4,1,2,2,2,48,8,999,1,0,SKODA KAMIQ,5,E01001088,0,-1
2023122300661,2023,122300661,2,9,0,18,19,6,2,0,0,8,0,0,0,0,4,1,1,1,2,32,6,999,1,3,SKODA KAMIQ,9,E01013408,0,-1
2023010431520,2023,010431520,3,9,0,2,2,0,0,9,9,2,0,0,0,0,4,1,6,6,3,-1,-1,999,1,1,SKODA KAMIQ,-1,-1,0,-1
2023440336740,2023,440336740,1,9,0,18,19,3,7,0,0,0,0,0,0,0,3,1,6,6,2,31,6,999,1,1,SKODA KAMIQ,-1,-1,0,-1
2023131393095,2023,131393095,1,9,0,-1,-1,-1,-1,-1,-1,8,-1,-1,-1,0,-1,1,6,6,3,-1,-1,999,1,0,SKODA KAMIQ,-1,-1,0,-1
2023131390259,2023,131390259,2,9,0,18,19,8,4,0,0,8,1,0,0,0,4,1,6,6,1,77,11,999,1,1,SKODA KAMIQ,1,E01011122,0,-1
2023061289295,2023,061289295,1,9,0,18,19,1,5,0,0,1,0,0,0,0,1,1,6,6,3,30,6,999,1,1,SKODA KAMIQ,8,E01016763,0,-1
2023522300862,2023,522300862,1,9,0,9,9,6,4,0,0,5,0,0,0,0,1,1,6,6,2,50,8,1498,1,4,SKODA KAMIQ,6,E01014531,0,-1
2023440509578,2023,440509578,2,9,0,18,19,8,4,0,0,1,0,0,0,0,1,1,2,2,2,48,8,999,1,2,SKODA KAMIQ,10,E01030902,0,-1
2023520300691,2023,520300691,1,9,0,18,19,8,4,0,0,8,0,0,1,10,3,1,6,6,1,68,10,999,1,0,SKODA KAMIQ,10,W01001602,0,-1
2023430396671,2023,430396671,2,9,0,3,3,3,7,0,0,0,0,0,0,0,2,1,6,6,2,35,6,999,1,0,SKODA KAMIQ,3,E01017484,0,-1
2023071059086,2023,071059086,2,9,0,2,2,0,0,0,0,0,0,0,0,0,1,1,6,6,1,-1,-1,1498,1,0,SKODA KAMIQ,-1,-1,0,-1
2023052300038,2023,052300038,2,9,0,4,4,1,5,0,0,0,0,0,0,0,2,1,6,6,2,47,8,999,1,2,SKODA KAMIQ,1,E01007119,0,-1
2023991292791,2023,991292791,1,9,0,9,9,3,1,0,0,1,0,0,7,0,4,1,5,6,2,67,10,999,1,3,SKODA KAMIQ,8,-1,0,-1
2023471357998,2023,471357998,1,9,0,10,10,7,3,0,0,0,0,0,0,0,4,1,5,6,2,32,6,999,1,2,SKODA KAMIQ,4,E01016973,0,-1
2023471393027,2023,471393027,1,9,0,18,19,3,7,0,0,8,0,0,0,0,1,1,6,6,1,74,10,1498,1,0,SKODA KAMIQ,6,E01031392,0,-1
202354A037923,2023,54A037923,2,9,0,9,9,6,4,0,0,8,0,0,0,0,1,1,6,6,1,60,9,999,1,1,SKODA KAMIQ,4,E01015569,0,-1
2023221333251,2023,221333251,2,9,0,9,9,7,4,0,0,8,0,0,0,0,1,1,5,6,2,58,9,1498,1,3,SKODA KAMIQ,9,E01028916,0,-1
2023991350944,2023,991350944,1,9,0,16,19,5,1,0,0,0,0,0,0,0,0,1,2,2,2,57,9,999,1,2,SKODA KAMIQ,2,-1,0,-1
2023351263940,2023,351263940,2,9,0,13,13,3,7,0,0,1,0,0,0,0,3,1,1,1,1,58,9,999,1,2,SKODA KAMIQ,8,E01018286,0,-1
2023302300757,2023,302300757,2,9,0,3,3,8,4,0,0,3,0,0,0,0,2,1,6,6,1,52,8,999,1,2,SKODA KAMIQ,3,E01013453,0,-1
2023221357716,2023,221357716,2,9,0,5,5,8,4,0,0,4,0,0,0,0,3,1,1,1,1,29,6,999,1,4,SKODA KAMIQ,9,E01027014,0,-1
2023421364669,2023,421364669,1,9,0,12,12,7,3,0,0,0,0,0,0,0,4,1,1,1,1,54,8,999,1,0,SKODA KAMIQ,7,E01018218,0,-1
2023201277793,2023,201277793,2,9,0,18,19,6,2,0,0,8,0,0,0,0,1,1,6,6,1,53,8,999,1,3,SKODA KAMIQ,1,E01009363,0,-1
2023041366718,2023,041366718,2,9,0,18,19,7,3,0,0,8,0,0,0,0,4,1,5,6,2,63,9,999,1,2,SKODA KAMIQ,9,E01025254,0,-1
2023010475598,2023,010475598,1,9,0,17,19,3,7,0,0,2,1,0,1,2,1,1,6,6,1,20,4,999,1,0,SKODA KAMIQ,4,E01023337,0,-1
2023201389131,2023,201389131,1,9,0,12,12,5,1,0,0,0,0,0,0,0,3,1,6,6,2,55,8,999,1,2,SKODA KAMIQ,1,E01009756,0,-1
2023061379949,2023,061379949,1,9,0,18,19,4,2,0,0,0,0,0,0,0,1,1,6,6,2,34,6,999,1,0,SKODA KAMIQ,4,E01018646,0,-1
2023461384066,2023,461384066,1,9,0,9,9,7,5,0,0,6,0,0,0,0,1,1,6,6,2,79,11,999,1,2,SKODA KAMIQ,7,E01030832,0,-1
2023041380994,2023,041380994,2,9,0,18,19,5,1,0,0,1,0,0,0,0,1,1,2,2,1,55,8,1498,1,0,SKODA KAMIQ,3,E01012697,0,-1
2023211351329,2023,211351329,1,9,0,1,1,1,5,0,0,1,0,0,0,0,2,1,6,6,1,36,7,999,1,1,SKODA KAMIQ,3,E01029812,0,-1
2023430548420,2023,430548420,2,9,0,2,2,0,0,0,0,0,0,0,0,0,2,1,2,2,1,30,6,1498,1,0,SKODA KAMIQ,8,E01028052,0,-1
2023010421600,2023,010421600,3,9,0,99,99,9,9,99,99,9,9,99,9,99,2,9,6,6,1,-1,-1,999,1,1,SKODA KAMIQ,-1,-1,0,-1
2023141314571,2023,141314571,1,9,0,17,19,5,1,9,9,0,5,0,1,4,1,1,5,6,2,67,10,1598,2,3,SKODA KAMIQ,-1,-1,0,-1
2023471332524,2023,471332524,1,9,0,18,19,1,5,0,0,0,0,0,0,0,1,1,5,6,1,35,6,999,1,0,SKODA KAMIQ,2,E01009101,0,-1
2023201453102,2023,201453102,1,9,0,4,4,1,5,0,0,5,0,10,1,11,1,1,6,6,2,30,6,1498,1,0,SKODA KAMIQ,1,E01009160,0,-1
2023421268946,2023,421268946,1,9,0,3,3,5,1,0,0,0,0,0,0,0,1,1,3,7,2,36,7,999,1,1,SKODA KAMIQ,2,E01021686,0,-1
2023340WN6762,2023,340WN6762,2,9,0,8,8,5,8,0,0,6,0,0,0,0,2,1,6,6,2,31,6,1498,1,2,SKODA KAMIQ,-1,-1,0,-1
2023041350760,2023,041350760,1,9,0,18,19,3,7,0,0,0,0,0,0,0,1,1,6,6,1,26,6,1498,1,1,SKODA KAMIQ,1,E01025447,0,-1
2023991360852,2023,991360852,1,9,0,18,19,1,5,0,0,2,5,0,0,0,1,1,5,6,1,23,5,1498,1,0,SKODA KAMIQ,2,-1,0,-1
2023451343708,2023,451343708,1,9,0,18,19,8,4,0,0,0,0,0,0,0,2,1,5,6,2,45,7,999,1,1,SKODA KAMIQ,5,E01001200,0,-1
2023031341675,2023,031341675,1,9,0,18,19,7,3,0,0,0,0,0,0,0,4,1,2,2,2,44,7,1498,1,1,SKODA KAMIQ,4,E01019252,0,-1
2023332301171,2023,332301171,1,9,0,18,19,7,3,0,0,3,0,0,0,0,4,1,6,6,2,54,8,1598,2,3,SKODA KAMIQ,10,E01025624,0,-1
2023111361401,2023,111361401,2,9,0,3,3,7,3,0,0,1,0,0,0,0,2,1,1,1,1,73,10,999,1,1,SKODA KAMIQ,1,E01020880,0,-1
2023201391486,2023,201391486,1,9,0,5,5,1,5,0,0,0,0,0,0,0,0,1,6,6,3,-1,-1,999,1,2,SKODA KAMIQ,-1,-1,0,-1
2023052400012,2023,052400012,1,9,0,18,19,1,2,0,0,0,0,0,7,11,1,1,6,6,2,65,9,1498,1,0,SKODA KAMIQ,1,E01006607,0,-1
2023052302945,2023,052302945,1,9,0,18,19,3,7,0,0,0,0,0,0,0,1,1,6,6,3,-1,-1,999,1,1,SKODA KAMIQ,-1,-1,0,-1
2023131289469,2023,131289469,1,9,0,8,8,3,5,0,0,6,0,0,0,0,1,1,1,1,1,42,7,999,1,2,SKODA KAMIQ,1,E01011780,0,-1
2023430208769,2023,430208769,1,9,0,9,9,3,1,0,0,4,0,0,0,0,1,1,6,6,2,71,10,1498,1,1,SKODA KAMIQ,6,E01016393,0,-1
2023471300029,2023,471300029,1,9,0,4,4,8,4,0,0,1,0,0,0,0,2,1,2,2,2,51,8,999,1,3,SKODA KAMIQ,8,E01031642,0,-1
2023010442177,2023,010442177,2,9,0,9,9,1,6,0,0,6,0,0,0,0,2,1,6,6,2,24,5,1498,1,2,SKODA KAMIQ,-1,-1,0,-1
2023201391841,2023,201391841,1,9,0,6,6,1,1,0,0,0,0,0,0,0,4,1,6,6,1,-1,-1,1498,1,1,SKODA KAMIQ,-1,-1,0,-1
2023320716098,2023,320716098,2,9,0,17,19,1,6,0,0,1,0,0,0,0,1,1,6,6,2,49,8,1498,1,3,SKODA KAMIQ,4,E01026377,0,-1
2023211273470,2023,211273470,2,9,0,17,19,5,1,0,0,0,0,0,0,0,3,1,2,2,1,62,9,999,1,2,SKODA KAMIQ,9,E01014325,0,-1
2023010420570,2023,010420570,1,9,0,99,99,9,9,99,99,9,9,99,9,99,9,9,6,6,3,-1,-1,-1,3,8,TESLA MODEL S,8,E01001568,0,-1
2023610049323,2023,610049323,1,9,0,9,9,3,1,0,0,8,0,0,0,0,3,1,6,6,1,69,10,-1,3,5,TESLA MODEL S,10,E01014864,0,-1
2023430203712,2023,430203712,2,9,0,18,19,1,5,0,0,8,0,0,0,0,1,1,2,2,1,49,8,-1,3,7,TESLA MODEL S,10,E01016350,0,-1
2023421307703,2023,421307703,1,9,0,13,13,5,8,0,0,8,0,0,0,0,1,1,6,6,1,57,9,-1,3,7,TESLA MODEL S,4,E01021360,0,-1
2023411286155,2023,411286155,2,9,0,18,19,3,7,0,0,4,0,0,0,0,3,1,6,6,1,60,9,-1,3,4,TESLA MODEL S,8,E01023481,0,-1
2023201386963,2023,201386963,1,9,0,18,19,4,8,0,0,8,0,10,5,11,3,1,1,1,1,53,8,-1,3,5,TESLA MODEL S,9,E01032150,0,-1
2023010479628,2023,010479628,2,8,9,99,99,9,9,99,99,0,9,99,9,99,9,9,6,6,3,25,5,-1,3,4,-1,-1,-1,0,-1
2023010477450,2023,010477450,1,9,0,18,19,5,1,0,0,1,0,0,0,0,1,1,6,6,1,34,6,-1,3,3,TESLA MODEL S,6,E01000069,0,-1
2023351312887,2023,351312887,2,9,0,18,19,-1,-1,0,0,0,0,0,0,0,1,1,5,6,1,38,7,-1,3,5,TESLA MODEL S,8,E01018297,0,-1
2023451344466,2023,451344466,2,9,0,18,19,1,5,0,0,0,0,0,0,0,2,1,6,6,1,30,6,-1,3,9,TESLA MODEL S,5,E01016989,0,-1
2023010454612,2023,010454612,1,9,0,99,99,9,9,99,99,9,9,99,9,99,3,9,6,6,1,25,5,-1,3,8,TESLA MODEL S,2,E01000600,0,-1
2023010469843,2023,010469843,1,9,0,1,1,7,3,0,0,5,0,0,0,0,2,1,3,7,2,36,7,-1,3,7,TESLA MODEL S,9,E01004625,0,-1
2023010422146,2023,010422146,1,9,0,18,19,7,3,0,0,0,0,0,0,0,4,1,6,6,1,40,7,-1,3,7,TESLA MODEL S,2,E01002634,0,-1
2023010474412,2023,010474412,2,9,0,5,5,3,7,0,0,8,0,7,0,0,4,1,6,6,1,49,8,-1,3,8,TESLA MODEL S,8,E01002868,0,-1
2023531312155,2023,531312155,2,9,0,18,19,5,1,0,0,8,5,0,7,0,2,1,5,6,1,58,9,-1,3,6,TESLA MODEL S,7,E01022224,0,-1
2023421278972,2023,421278972,1,9,0,18,19,3,7,0,0,4,0,0,0,0,3,1,2,2,1,41,7,-1,3,6,TESLA MODEL S,5,E01024156,0,-1
2023010451729,2023,010451729,1,9,0,99,99,9,9,0,0,1,0,0,0,0,2,1,6,6,2,52,8,-1,3,9,TESLA MODEL S,9,E01004095,0,-1
2023010458855,2023,010458855,1,9,0,18,19,5,1,0,0,0,0,0,0,0,3,1,6,6,1,37,7,-1,3,4,TESLA MODEL S,4,E01003929,0,-1
2023552300352,2023,552300352,1,9,0,18,19,3,7,0,0,0,0,0,0,0,1,1,6,6,1,33,6,-1,3,9,TESLA MODEL S,-1,-1,0,-1
2023430031482,2023,430031482,2,9,0,18,19,4,8,0,0,0,0,0,0,0,1,1,6,6,1,43,7,-1,3,5,TESLA MODEL S,10,E01016665,0,-1
2023010474696,2023,010474696,1,9,0,7,7,1,3,0,0,1,0,0,0,0,3,1,6,6,1,58,9,-1,3,7,TESLA MODEL S,4,E01000588,0,-1
2023451266067,2023,451266067,10,9,0,18,19,7,3,0,0,0,0,0,0,0,2,1,2,2,1,47,8,-1,3,6,TESLA MODEL S,6,E01003843,0,-1
2023401270911,2023,401270911,1,9,-1,18,19,-1,-1,0,0,1,0,0,0,0,1,1,6,6,3,-1,-1,-1,3,4,TESLA MODEL S,-1,-1,0,-1
2023440505763,2023,440505763,2,9,0,18,19,2,6,0,0,0,0,0,0,0,2,1,2,2,1,50,8,-1,3,3,TESLA MODEL S,10,E01022994,0,-1
2023010451280,2023,010451280,1,9,0,17,19,5,1,0,0,8,0,0,0,0,0,1,6,6,1,42,7,-1,3,7,TESLA MODEL S,7,E01028437,0,-1
2023531375482,2023,531375482,2,9,0,18,19,2,6,0,0,0,0,0,0,0,4,1,2,2,1,28,6,-1,3,5,TESLA MODEL S,9,E01015548,0,-1
2023010449652,2023,010449652,1,9,0,3,3,3,7,8,6,1,0,0,0,0,1,1,6,6,3,-1,-1,-1,3,7,TESLA MODEL S,-1,-1,0,-1
2023991298621,2023,991298621,1,9,0,6,6,3,7,0,0,0,0,0,0,0,1,1,6,6,1,67,10,-1,3,4,TESLA MODEL S,10,-1,0,-1
2023010472231,2023,010472231,2,8,0,99,99,9,9,99,99,9,9,99,9,99,9,9,6,6,1,37,7,-1,3,4,-1,-1,-1,0,-1
2023552300228,2023,552300228,3,9,0,3,3,7,3,0,0,0,0,0,0,0,2,1,6,6,2,45,7,-1,3,8,TESLA MODEL S,7,E01020542,0,-1
2023010469593,2023,010469593,1,9,0,9,9,5,3,0,0,6,0,0,0,0,1,1,6,6,1,36,7,-1,3,7,TESLA MODEL S,4,E01000472,0,-1
2023461297522,2023,461297522,2,9,0,5,5,5,1,0,0,3,0,0,6,0,1,1,6,6,1,42,7,-1,3,3,TESLA MODEL S,10,E01032809,0,-1
2023031303228,2023,031303228,1,9,0,18,19,3,7,0,0,0,0,0,0,0,1,1,5,6,1,55,8,-1,3,9,TESLA MODEL S,7,E01021830,0,-1
2023340NN0702,2023,340NN0702,1,9,0,5,5,2,5,0,0,4,0,0,0,0,1,1,6,6,2,56,9,-1,3,5,TESLA MODEL S,10,E01027333,0,-1
2023471392276,2023,471392276,1,9,0,18,19,4,8,0,0,0,1,0,5,6,3,1,5,6,1,57,9,-1,3,8,TESLA MODEL S,7,E01003451,0,-1
2023010427441,2023,010427441,1,9,0,9,9,5,3,0,0,6,0,0,0,0,3,1,1,1,1,35,6,-1,3,4,TESLA MODEL S,4,E01002507,0,-1
2023010462606,2023,010462606,2,9,0,18,19,5,1,0,0,4,0,0,0,0,1,1,6,6,1,64,9,-1,3,6,TESLA MODEL S,7,E01002197,0,-1
2023471282022,2023,471282022,2,9,0,4,4,6,2,0,0,0,0,0,0,0,2,1,5,6,1,56,9,-1,3,6,TESLA MODEL S,7,E01031357,0,-1
2023031351930,2023,031351930,2,9,0,18,19,0,0,0,0,8,0,0,0,0,1,1,5,6,2,58,9,-1,3,8,TESLA MODEL S,7,E01019311,0,-1
2023471347127,2023,471347127,2,9,0,18,19,2,6,0,0,1,0,0,0,0,3,1,5,6,1,63,9,-1,3,9,TESLA MODEL S,9,E01031721,0,-1
2023010435152,2023,010435152,2,9,9,99,99,9,9,99,99,9,9,99,9,99,9,9,6,6,2,-1,-1,-1,3,5,TESLA MODEL S,9,E01002903,0,-1
2023061284256,2023,061284256,2,9,-1,-1,-1,-1,-1,-1,-1,-1,-1,-1,-1,0,-1,1,6,6,1,48,8,-1,3,5,TESLA MODEL S,10,E01006098,0,-1
202360A060407,2023,60A060407,1,9,0,5,5,7,3,0,0,0,0,0,0,0,1,1,6,6,1,51,8,-1,3,6,TESLA MODEL S,-1,-1,0,-1
2023320033406,2023,320033406,1,9,0,18,19,4,8,0,0,4,0,0,0,0,1,1,6,6,2,24,5,1798,8,6,TOYOTA AURIS,8,E01026035,0,-1
2023201328132,2023,201328132,1,9,0,18,19,6,2,0,0,8,0,0,0,0,3,1,1,1,1,54,8,1798,8,5,TOYOTA AURIS,8,E01010561,0,-1
2023010443664,2023,010443664,1,9,0,5,5,1,5,0,0,2,0,0,1,0,1,1,6,6,1,-1,-1,1798,8,7,TOYOTA AURIS,-1,-1,0,-1
2023010466180,2023,010466180,1,8,0,99,99,9,9,99,99,9,9,99,9,99,9,9,6,6,3,-1,-1,1798,8,4,TOYOTA AURIS,-1,-1,0,-1
2023061366083,2023,061366083,1,9,0,9,9,7,5,0,0,2,0,0,0,0,1,1,1,1,1,30,6,1797,8,10,TOYOTA AURIS,1,E01005434,0,-1
2023622300954,2023,622300954,2,8,0,9,9,2,8,0,0,8,0,0,0,0,3,1,6,6,1,52,8,1797,8,8,TOYOTA AURIS,1,W01000833,0,-1
2023010482897,2023,010482897,1,8,0,6,6,1,1,0,0,6,0,0,0,0,3,1,1,1,1,48,8,1798,8,8,TOYOTA AURIS,7,E01000459,0,-1
2023430520426,2023,430520426,2,9,0,18,19,5,1,0,0,8,0,0,0,0,4,1,6,6,1,41,7,1797,8,13,TOYOTA AURIS,5,E01016836,0,-1
2023052303036,2023,052303036,1,9,0,18,19,3,7,0,0,0,0,0,0,0,1,1,2,2,1,26,6,1329,1,10,TOYOTA AURIS,4,E01007206,0,-1
2023131358704,2023,131358704,1,9,0,18,19,8,6,0,0,8,0,0,0,0,1,1,6,6,1,22,5,1598,1,15,TOYOTA AURIS,2,E01011025,0,-1
2023052302093,2023,052302093,1,8,0,18,19,5,1,0,0,1,0,0,0,0,1,1,6,6,1,-1,-1,1798,8,7,TOYOTA AURIS,-1,-1,0,-1
2023131390329,2023,131390329,1,9,0,18,19,5,1,0,0,0,0,0,0,0,1,1,1,1,1,41,7,1798,8,7,TOYOTA AURIS,6,E01032499,0,-1
2023010455346,2023,010455346,1,9,0,99,99,9,9,99,99,9,9,99,9,99,9,9,6,6,1,76,11,1798,8,6,TOYOTA AURIS,3,E01003719,0,-1
2023010459828,2023,010459828,2,9,0,99,99,9,9,99,99,9,9,99,9,99,9,9,6,6,3,-1,-1,1598,1,15,TOYOTA AURIS,-1,-1,0,-1
2023522300534,2023,522300534,1,9,0,17,19,8,6,0,0,0,0,0,0,0,1,1,6,6,1,18,4,1598,1,16,TOYOTA AURIS,1,E01014658,0,-1
2023332300682,2023,332300682,1,9,0,6,6,1,1,0,0,0,0,0,0,0,3,1,6,6,1,36,7,1398,1,14,TOYOTA AURIS,2,E01013657,0,-1
2023461300375,2023,461300375,3,9,0,2,2,0,0,0,0,0,0,0,0,0,4,1,6,6,2,43,7,1598,1,12,TOYOTA AURIS,4,E01024179,0,-1
2023401301994,2023,401301994,3,9,0,18,19,1,5,0,0,0,0,0,0,0,2,1,6,6,1,20,4,1329,1,14,TOYOTA AURIS,7,E01015694,0,-1
2023010471334,2023,010471334,2,9,0,99,99,9,9,99,99,9,9,99,9,99,1,9,6,6,3,-1,-1,1598,1,9,TOYOTA AURIS,-1,-1,0,-1
2023131342344,2023,131342344,1,9,0,16,19,3,7,0,0,8,0,0,0,0,1,2,6,6,3,99,11,1798,8,4,TOYOTA AURIS,1,E01010735,0,-1
2023010474239,2023,010474239,1,9,0,18,19,2,6,0,0,1,0,0,0,0,4,1,2,2,1,28,6,1797,8,12,TOYOTA AURIS,3,E01000622,0,-1
2023131299611,2023,131299611,1,9,0,18,19,3,7,0,0,8,0,0,0,0,3,1,1,1,1,39,7,1798,8,6,TOYOTA AURIS,1,E01033035,0,-1
2023061274210,2023,061274210,1,9,0,18,19,6,2,0,0,0,0,0,0,0,1,1,6,6,3,41,7,1364,2,15,TOYOTA AURIS,1,E01005612,0,-1
2023340WN6792,2023,340WN6792,1,9,0,18,19,3,7,0,0,4,0,0,0,0,1,1,6,6,1,-1,-1,1598,1,14,TOYOTA AURIS,-1,-1,0,-1
2023010433861,2023,010433861,1,9,0,99,99,9,9,99,99,9,9,99,9,99,1,9,2,2,1,31,6,1798,8,8,TOYOTA AURIS,-1,-1,0,-1
2023332300617,2023,332300617,2,9,0,18,19,5,1,0,0,1,0,0,0,0,1,1,6,6,1,33,6,1364,2,10,TOYOTA AURIS,4,E01013618,0,-1
2023501368016,2023,501368016,1,9,0,18,19,1,5,0,0,1,0,0,0,0,1,1,6,6,1,33,6,1798,8,5,TOYOTA AURIS,2,E01015229,0,-1
2023061278239,2023,061278239,1,9,-1,9,9,5,3,0,0,8,0,0,0,0,1,1,1,1,1,30,6,1798,8,5,TOYOTA AURIS,1,E01012679,0,-1
2023451269291,2023,451269291,2,9,0,2,2,7,3,0,0,0,0,0,0,0,4,1,6,6,3,-1,-1,1797,8,10,TOYOTA AURIS,-1,-1,0,-1
2023440054224,2023,440054224,1,9,0,17,19,3,1,0,0,0,0,0,1,2,1,1,6,6,2,20,4,1398,1,15,TOYOTA AURIS,6,E01022940,0,-1
2023052302476,2023,052302476,1,9,0,18,19,5,1,0,0,1,0,0,0,0,3,1,6,6,2,-1,-1,1598,1,11,TOYOTA AURIS,-1,-1,0,-1
2023010484666,2023,010484666,2,9,0,99,99,9,9,99,99,9,9,99,9,99,9,9,6,6,3,-1,-1,1598,1,15,TOYOTA AURIS,-1,-1,0,-1
2023332300668,2023,332300668,4,9,0,2,2,0,0,0,0,0,0,0,0,0,3,1,6,6,3,-1,-1,1798,8,7,TOYOTA AURIS,-1,-1,0,-1
2023061309120,2023,061309120,2,9,0,18,19,1,5,0,0,0,0,0,0,0,2,1,6,6,1,38,7,1798,8,5,TOYOTA AURIS,1,E01010622,0,-1
2023010435461,2023,010435461,1,9,0,4,4,1,5,0,0,2,0,0,0,0,0,1,6,6,3,-1,-1,1798,8,5,TOYOTA AURIS,-1,-1,0,-1
2023531364816,2023,531364816,1,9,0,18,19,6,2,0,0,0,1,0,7,9,1,1,6,6,1,35,6,2231,2,14,TOYOTA AURIS,5,E01022421,0,-1
2023010434894,2023,010434894,2,9,9,99,99,9,9,99,99,9,9,99,9,99,9,9,6,6,3,-1,-1,1598,1,14,TOYOTA AURIS,-1,-1,0,-1
2023131322947,2023,131322947,3,9,0,2,2,0,0,0,0,0,0,4,0,0,2,1,3,7,2,46,8,1798,8,6,TOYOTA AURIS,1,E01010839,0,-1
2023131308951,2023,131308951,1,9,0,5,5,7,3,0,0,8,0,0,0,0,1,1,6,6,1,62,9,1797,8,9,TOYOTA AURIS,1,E01011510,0,-1
2023010450415,2023,010450415,1,9,0,18,19,3,7,0,0,1,0,0,0,0,2,1,3,7,1,49,8,1398,1,15,TOYOTA AURIS,9,E01016096,0,-1
2023311333568,2023,311333568,3,9,0,4,4,1,5,0,0,1,0,0,0,0,2,1,6,6,3,23,5,1797,8,9,TOYOTA AURIS,-1,-1,0,-1
2023010439781,2023,010439781,2,8,0,99,99,9,9,99,99,9,9,99,9,99,9,9,6,6,3,-1,-1,1798,8,6,TOYOTA AURIS,-1,-1,0,-1
2023010474116,2023,010474116,2,9,0,3,3,5,1,0,0,4,0,4,0,0,1,2,6,6,1,28,6,1797,8,10,TOYOTA AURIS,2,E01000628,0,-1
2023010446764,2023,010446764,1,9,0,11,11,3,7,0,0,3,0,0,0,0,1,1,6,6,1,41,7,1798,8,6,TOYOTA AURIS,8,E01016595,0,-1
2023451331222,2023,451331222,1,9,0,18,19,3,1,0,0,2,0,0,1,0,3,1,5,6,2,76,11,1798,8,7,TOYOTA AURIS,10,E01030296,0,-1
2023131325577,2023,131325577,1,9,0,9,9,7,3,0,0,6,0,0,0,0,1,1,1,1,1,65,9,1798,8,7,TOYOTA AURIS,2,E01011167,0,-1
2023010440241,2023,010440241,1,8,0,18,19,7,3,0,0,0,0,0,0,0,1,1,6,6,1,33,6,1797,8,9,TOYOTA AURIS,2,E01001861,0,-1
2023131347665,2023,131347665,1,9,0,-1,-1,-1,-1,-1,-1,0,-1,-1,-1,0,-1,1,6,6,3,-1,-1,1797,8,9,TOYOTA AURIS,-1,-1,0,-1
2023010474423,2023,010474423,1,8,0,99,99,9,9,99,99,1,9,99,9,99,9,9,1,1,1,44,7,1197,1,8,TOYOTA AURIS,3,E01004123,0,-1
2023010461693,2023,010461693,2,9,0,18,19,3,7,0,0,6,9,0,0,0,1,9,6,6,3,-1,-1,1798,8,5,TOYOTA AURIS,-1,-1,0,-1
2023451319976,2023,451319976,1,9,0,18,19,3,8,0,0,2,0,0,0,0,2,1,5,6,1,55,8,1798,8,8,TOYOTA AURIS,5,E01030971,0,-1
202354B148823,2023,54B148823,2,9,0,18,19,4,8,0,0,1,0,0,0,0,1,1,6,6,1,38,7,1598,1,16,TOYOTA AURIS,-1,-1,0,-1
2023131306944,2023,131306944,1,9,0,18,19,5,1,0,0,0,0,0,0,0,4,1,6,6,3,-1,-1,1798,8,5,TOYOTA AURIS,-1,-1,0,-1
2023010459765,2023,010459765,1,9,0,99,99,9,9,99,99,9,9,99,9,99,9,9,6,6,2,43,7,1197,1,7,TOYOTA AURIS,8,E01003421,0,-1
2023201410182,2023,201410182,2,9,0,18,19,2,6,0,0,8,0,0,0,0,1,1,6,6,1,40,7,1797,8,9,TOYOTA AURIS,2,E01008884,0,-1
2023201279778,2023,201279778,1,9,0,4,4,2,6,0,0,0,0,0,0,0,1,1,6,6,2,43,7,1598,1,14,TOYOTA AURIS,2,E01010016,0,-1
2023311330397,2023,311330397,1,8,0,16,19,4,8,0,0,0,0,10,0,0,4,1,1,1,1,40,7,1797,8,9,TOYOTA AURIS,3,E01013944,0,-1
2023520300053,2023,520300053,2,9,0,9,9,6,3,0,0,8,0,0,0,0,1,1,6,6,2,44,7,1798,8,7,TOYOTA AURIS,6,E01020241,0,-1
2023010457794,2023,010457794,1,8,0,18,19,3,7,0,0,1,0,0,0,0,1,1,2,2,1,45,7,1797,8,8,TOYOTA AURIS,4,E01000728,0,-1
2023010468949,2023,010468949,2,9,0,99,99,9,9,99,99,9,9,99,9,99,1,9,6,6,3,-1,-1,1797,8,8,TOYOTA AURIS,-1,-1,0,-1
2023440131293,2023,440131293,1,9,0,18,19,1,5,0,0,1,0,0,0,0,4,1,2,2,2,52,8,1797,8,9,TOYOTA AURIS,10,E01032880,0,-1
2023131265640,2023,131265640,1,9,0,5,5,5,1,0,0,2,0,0,0,0,1,1,6,6,3,-1,-1,1797,8,9,TOYOTA AURIS,-1,-1,0,-1
2023061312613,2023,061312613,2,8,0,4,4,7,5,0,0,1,0,0,0,0,1,1,1,1,1,32,6,1798,8,8,TOYOTA AURIS,1,E01005147,0,-1
2023010443764,2023,010443764,1,9,0,7,7,7,1,0,0,8,0,0,0,0,3,1,6,6,2,44,7,1197,1,7,TOYOTA AURIS,4,E01002409,0,-1
2023010454364,2023,010454364,1,8,0,17,19,7,3,0,0,3,0,0,0,0,3,1,1,1,1,50,8,1797,8,10,TOYOTA AURIS,2,E01004036,0,-1