collision_index,collision_year,collision_ref_no,vehicle_reference,vehicle_type,towing_and_articulation,vehicle_manoeuvre_historic,vehicle_manoeuvre,vehicle_direction_from,vehicle_direction_to,vehicle_location_restricted_lane_historic,vehicle_location_restricted_lane,junction_location,skidding_and_overturning,hit_object_in_carriageway,vehicle_leaving_carriageway,hit_object_off_carriageway,first_point_of_impact,vehicle_left_hand_drive,journey_purpose_of_driver_historic,journey_purpose_of_driver,sex_of_driver,age_of_driver,age_band_of_driver,engine_capacity_cc,propulsion_code,age_of_vehicle,generic_make_model,driver_imd_decile,lsoa_of_driver,escooter_flag,driver_distance_banding
2023010482689,2023,010482689,1,9,0,9,9,4,2,0,0,6,0,0,0,0,1,1,1,1,1,44,7,1798,8,5,TOYOTA AURIS,4,E01004412,0,-1
2023010464999,2023,010464999,1,8,0,99,99,9,9,99,99,9,9,99,9,99,9,9,6,6,1,36,7,1798,8,5,TOYOTA AURIS,4,E01004369,0,-1
2023131291039,2023,131291039,1,9,0,18,19,2,6,0,0,0,0,0,0,0,1,1,1,1,1,36,7,1364,2,8,TOYOTA AURIS,1,E01011434,0,-1
2023201289756,2023,201289756,2,9,0,18,19,4,8,0,0,1,0,0,0,0,1,1,6,6,1,43,7,1598,1,9,TOYOTA AURIS,2,E01010508,0,-1
2023522401690,2023,522401690,1,9,0,9,9,1,7,0,0,6,0,0,0,0,4,1,6,6,1,51,8,1598,1,13,TOYOTA AURIS,10,E01014874,0,-1
2023332300037,2023,332300037,2,8,0,3,3,5,1,0,0,1,0,0,0,0,2,1,1,1,1,37,7,1797,8,9,TOYOTA AURIS,3,E01013751,0,-1
2023041344850,2023,041344850,1,9,0,18,19,1,5,0,0,2,0,4,7,10,1,1,5,6,2,79,11,1797,8,12,TOYOTA AURIS,2,E01025581,0,-1
2023131350547,2023,131350547,2,9,0,4,4,3,7,0,0,0,0,0,0,0,2,1,6,6,1,46,8,1797,8,10,TOYOTA AURIS,1,E01010807,0,-1
2023361331665,2023,361331665,2,9,0,18,19,2,5,0,0,0,0,0,0,0,1,1,5,6,1,21,5,1329,1,12,TOYOTA AURIS,5,E01030285,0,-1
2023440086882,2023,440086882,1,9,0,18,19,5,1,0,0,4,0,0,0,0,3,1,1,1,1,35,6,1797,8,8,TOYOTA AURIS,2,E01017153,0,-1
2023041270180,2023,041270180,2,9,0,18,19,3,7,0,0,0,0,0,0,0,2,1,2,2,1,37,7,1598,1,10,TOYOTA AURIS,9,E01005715,0,-1
2023010444279,2023,010444279,2,8,0,99,99,9,9,99,99,0,9,99,9,99,2,9,6,6,3,-1,-1,1798,8,5,TOYOTA AURIS,3,E01002028,0,-1
2023421370378,2023,421370378,1,9,0,18,19,7,3,0,0,0,0,7,0,0,1,1,3,7,2,41,7,1797,8,10,TOYOTA AURIS,-1,-1,0,-1
2023010445620,2023,010445620,1,9,0,18,19,5,1,0,0,4,0,0,0,0,3,1,1,1,1,48,8,1798,8,5,TOYOTA AURIS,3,E01002130,0,-1
2023201409746,2023,201409746,3,9,0,3,3,4,8,0,0,1,0,0,0,0,3,1,1,1,1,33,6,1798,8,7,TOYOTA AURIS,4,E01009224,0,-1
2023302300401,2023,302300401,1,9,0,9,9,8,6,0,0,1,0,0,0,0,3,1,6,6,1,54,8,1798,8,4,TOYOTA AURIS,2,E01013565,0,-1
2023010442849,2023,010442849,1,8,0,99,99,9,9,99,99,9,9,99,9,99,9,9,1,1,1,43,7,1798,8,5,TOYOTA AURIS,9,E01002134,0,-1
2023010480619,2023,010480619,2,8,0,99,99,9,9,99,99,0,9,99,9,99,1,9,6,6,1,-1,-1,1797,8,8,TOYOTA AURIS,1,E01009258,0,-1
2023010466817,2023,010466817,2,9,0,3,3,1,5,0,0,1,0,0,0,0,2,1,6,6,1,35,6,1797,8,10,TOYOTA AURIS,6,E01003386,0,-1
2023010419463,2023,010419463,2,8,0,99,99,9,9,99,99,9,9,99,9,99,9,9,6,6,1,-1,-1,1798,8,8,TOYOTA AURIS,7,E01000459,0,-1
2023461322923,2023,461322923,2,9,0,2,2,0,0,0,0,1,0,0,0,0,0,1,5,6,2,-1,-1,1798,8,6,TOYOTA AURIS,1,E01024148,0,-1
2023010476083,2023,010476083,1,9,0,99,99,9,9,99,99,0,9,99,9,99,9,9,6,6,2,39,7,1598,1,9,TOYOTA AURIS,5,E01002619,0,-1
2023131329069,2023,131329069,4,9,0,18,19,3,7,0,0,8,0,0,0,0,1,1,1,1,1,37,7,1798,8,7,TOYOTA AURIS,1,E01011427,0,-1
2023311375078,2023,311375078,1,8,0,8,8,3,5,0,0,6,0,0,0,0,1,1,1,1,1,41,7,1797,8,9,TOYOTA AURIS,2,E01013933,0,-1
2023311346081,2023,311346081,2,8,0,18,19,2,5,0,0,1,0,0,0,0,1,1,1,1,1,44,7,1798,8,5,TOYOTA AURIS,1,E01013818,0,-1
2023010484957,2023,010484957,2,9,0,99,99,9,9,99,99,9,9,99,9,99,9,9,6,6,3,-1,-1,1598,1,16,TOYOTA AURIS,-1,-1,0,-1
2023041371715,2023,041371715,1,9,0,18,19,5,1,0,0,0,0,0,0,0,1,1,4,7,2,18,4,1329,1,11,TOYOTA AURIS,7,E01005042,0,-1
2023010458675,2023,010458675,2,9,0,99,99,9,9,99,99,9,9,99,9,99,2,9,6,6,3,-1,-1,1797,8,9,TOYOTA AURIS,-1,-1,0,-1
2023122400157,2023,122400157,2,9,0,18,19,5,1,0,0,8,0,0,0,0,0,1,1,1,1,45,7,1797,8,8,TOYOTA AURIS,4,E01011908,0,-1
2023201417416,2023,201417416,1,9,0,18,19,3,7,0,0,3,0,0,0,0,4,1,6,6,1,70,10,1598,1,9,TOYOTA AURIS,2,E01009050,0,-1
2023131282011,2023,131282011,1,9,0,9,9,5,3,0,0,8,0,0,0,0,1,1,1,1,1,26,6,1798,8,6,TOYOTA AURIS,7,E01011511,0,-1
2023201344603,2023,201344603,1,9,0,18,19,4,8,0,0,3,0,0,0,0,1,1,2,2,1,50,8,1797,8,10,TOYOTA AURIS,8,E01010201,0,-1
2023131342674,2023,131342674,2,9,0,17,19,5,1,0,0,0,0,0,0,0,1,1,1,1,1,36,7,1798,8,8,TOYOTA AURIS,1,E01010723,0,-1
2023471311921,2023,471311921,1,9,0,18,19,1,5,0,0,8,0,0,0,0,1,1,1,1,2,57,9,1798,8,7,TOYOTA AURIS,6,E01016935,0,-1
2023131358068,2023,131358068,1,9,0,5,5,4,8,0,0,0,0,0,0,0,3,1,1,1,1,58,9,1797,8,8,TOYOTA AURIS,4,E01011157,0,-1
2023430533989,2023,430533989,2,9,0,9,9,1,0,0,0,6,0,0,0,0,0,1,6,6,3,30,6,1797,8,9,TOYOTA AURIS,-1,-1,0,-1
2023430183117,2023,430183117,1,9,0,9,9,2,8,0,0,8,0,0,0,0,3,1,6,6,2,31,6,1598,1,16,TOYOTA AURIS,9,E01016750,0,-1
2023440374551,2023,440374551,1,9,0,18,19,2,6,0,0,0,0,0,0,0,4,1,3,7,2,29,6,1598,1,16,TOYOTA AURIS,4,E01017270,0,-1
2023201426509,2023,201426509,2,9,0,2,2,0,0,0,0,0,0,0,0,0,2,1,1,1,1,44,7,1797,8,8,TOYOTA AURIS,1,E01009490,0,-1
2023052302135,2023,052302135,1,8,0,4,4,2,6,0,0,0,0,0,0,0,3,1,6,6,3,-1,-1,1798,8,5,TOYOTA AURIS,-1,-1,0,-1
2023061345067,2023,061345067,1,9,0,6,6,6,6,0,0,2,0,0,0,0,3,1,1,1,1,55,8,1798,8,5,TOYOTA AURIS,1,E01005578,0,-1
2023131339115,2023,131339115,2,9,0,18,19,3,7,0,0,8,0,0,0,0,2,1,1,1,1,57,9,1798,8,6,TOYOTA AURIS,1,E01010831,0,-1
2023201387349,2023,201387349,2,9,0,18,19,6,1,0,0,8,0,0,0,0,4,1,6,6,1,27,6,1398,1,15,TOYOTA AURIS,1,E01009483,0,-1
2023440133208,2023,440133208,1,9,0,18,19,1,5,0,0,1,0,0,0,0,1,1,6,6,1,41,7,1329,1,12,TOYOTA AURIS,1,E01015279,0,-1
2023010466602,2023,010466602,1,9,0,99,99,9,9,99,99,9,9,99,9,99,9,9,6,6,3,-1,-1,1798,8,7,TOYOTA AURIS,-1,-1,0,-1
2023010473043,2023,010473043,1,8,0,18,19,5,1,0,0,2,0,0,0,0,1,1,1,1,1,62,9,1798,8,5,TOYOTA AURIS,3,E01001111,0,-1
2023401366406,2023,401366406,2,9,0,7,7,5,8,0,0,3,0,0,1,7,2,1,5,6,1,37,7,1329,1,14,TOYOTA AURIS,6,E01015718,0,-1
2023131332586,2023,131332586,2,9,0,10,10,3,7,0,0,8,0,0,0,0,1,1,5,6,2,66,10,1797,8,13,TOYOTA AURIS,2,E01011235,0,-1
2023131311771,2023,131311771,1,9,0,2,2,5,3,0,0,5,0,0,0,0,1,1,1,1,1,70,10,1598,1,12,TOYOTA AURIS,2,E01011034,0,-1
2023010473795,2023,010473795,1,9,0,18,19,7,3,0,0,0,0,0,0,0,3,9,6,6,1,28,6,1598,1,16,TOYOTA AURIS,1,W01001835,0,-1
2023311325871,2023,311325871,1,9,0,5,5,6,2,0,0,0,0,0,0,0,3,1,5,6,1,73,10,1797,8,8,TOYOTA AURIS,-1,-1,0,-1
2023010482890,2023,010482890,1,9,0,99,99,9,9,99,99,9,9,99,9,99,2,9,6,6,2,39,7,1798,8,6,TOYOTA AURIS,3,E01002560,0,-1
2023061319480,2023,061319480,1,8,0,5,5,7,5,0,0,6,0,0,0,0,0,1,1,1,1,45,7,1798,8,6,TOYOTA AURIS,3,E01005437,0,-1
2023010456878,2023,010456878,1,9,0,99,99,9,9,99,99,9,9,99,9,99,2,9,6,6,2,40,7,1797,8,8,TOYOTA AURIS,-1,-1,0,-1
2023010426937,2023,010426937,1,9,9,99,99,9,9,99,99,9,9,99,9,99,9,9,6,6,3,-1,-1,1598,1,16,TOYOTA AURIS,-1,-1,0,-1
2023332301099,2023,332301099,1,9,0,12,12,3,7,0,0,0,0,0,0,0,2,1,6,6,1,43,7,1798,8,7,TOYOTA AURIS,2,E01013772,0,-1
2023421362229,2023,421362229,2,9,0,4,4,4,7,0,0,0,0,0,0,0,2,1,5,6,2,31,6,1598,1,15,TOYOTA AURIS,5,E01030030,0,-1
2023411395121,2023,411395121,2,9,0,4,4,8,4,0,0,0,0,0,0,0,1,1,2,2,1,21,5,1598,1,16,TOYOTA AURIS,2,E01017108,0,-1
2023010429585,2023,010429585,1,9,0,18,19,1,5,0,0,8,0,0,0,0,1,1,6,6,2,39,7,1798,8,8,TOYOTA AURIS,5,E01023843,0,-1
2023541320623,2023,541320623,2,9,0,4,4,8,4,0,0,5,0,0,0,0,2,1,2,2,2,29,6,1797,8,12,TOYOTA AURIS,9,E01022207,0,-1
2023010433102,2023,010433102,2,9,0,15,15,5,1,0,0,1,0,0,0,0,1,1,6,6,1,36,7,1797,8,8,TOYOTA AURIS,1,E01004247,0,-1
2023010462151,2023,010462151,1,9,0,99,99,9,9,99,99,9,9,99,9,99,9,9,6,6,1,36,7,1598,1,14,TOYOTA AURIS,5,E01000067,0,-1
2023991335109,2023,991335109,2,8,0,17,19,8,5,0,0,0,0,0,0,0,1,1,1,1,2,52,8,1798,8,6,TOYOTA AURIS,3,-1,0,-1
2023302300097,2023,302300097,2,9,0,9,9,8,6,0,0,8,0,0,0,0,3,1,6,6,1,35,6,1798,8,6,TOYOTA AURIS,1,E01013591,0,-1
2023061271773,2023,061271773,1,9,0,18,19,3,7,0,0,0,0,0,0,0,1,1,1,1,2,66,10,1329,1,11,TOYOTA AURIS,5,E01006184,0,-1
2023311304226,2023,311304226,2,9,0,18,19,3,7,0,0,0,0,0,0,0,4,1,6,6,2,38,7,1364,2,10,TOYOTA AURIS,9,E01013980,0,-1
2023332301275,2023,332301275,2,8,0,18,19,5,1,0,0,8,0,0,0,0,1,1,6,6,1,62,9,1798,8,7,TOYOTA AURIS,3,E01025706,0,-1
2023010481174,2023,010481174,3,9,0,99,99,9,9,99,99,9,9,99,9,99,1,9,6,6,2,43,7,1797,8,13,TOYOTA AURIS,10,E01000186,0,-1
2023201418030,2023,201418030,1,9,0,18,19,7,3,0,0,1,0,0,0,0,1,1,6,6,1,37,7,1798,8,5,TOYOTA AURIS,2,E01009263,0,-1
2023010428230,2023,010428230,2,9,0,99,99,9,9,99,99,9,9,99,9,99,9,9,6,6,1,54,8,1598,1,11,TOYOTA AURIS,-1,-1,0,-1
2023201311654,2023,201311654,2,9,0,18,19,2,6,0,0,8,0,0,0,0,1,1,2,2,1,54,8,1364,2,10,TOYOTA AURIS,8,E01010124,0,-1
2023010447402,2023,010447402,2,9,0,99,99,9,9,99,99,9,9,99,9,99,1,9,6,6,2,-1,-1,1797,8,8,TOYOTA AURIS,9,E01003457,0,-1
2023122400007,2023,122400007,1,9,0,18,19,1,5,0,0,8,0,0,0,0,1,1,6,6,1,41,7,1798,8,5,TOYOTA AURIS,9,E01013365,0,-1
2023061318228,2023,061318228,2,9,0,5,5,7,3,0,0,0,0,0,0,0,2,1,1,1,1,42,7,1798,8,6,TOYOTA AURIS,2,E01005220,0,-1
2023010481434,2023,010481434,2,9,0,99,99,9,9,99,99,9,9,99,9,99,0,9,6,6,3,-1,-1,1797,8,11,TOYOTA AURIS,-1,-1,0,-1
2023010471459,2023,010471459,1,9,0,2,2,0,0,0,0,1,0,0,0,0,2,1,6,6,3,-1,-1,1798,8,5,TOYOTA AURIS,-1,-1,0,-1
2023010469671,2023,010469671,1,9,0,99,99,9,9,99,99,9,9,99,9,99,9,9,6,6,2,42,7,1797,8,8,TOYOTA AURIS,3,E01002532,0,-1
2023311357699,2023,311357699,1,9,0,5,5,1,5,0,0,0,0,0,0,0,3,1,1,1,1,43,7,1798,8,8,TOYOTA AURIS,6,E01027926,0,-1
2023010485166,2023,010485166,2,9,9,99,99,9,9,99,99,9,9,99,9,99,9,9,6,6,3,-1,-1,1798,8,6,TOYOTA AURIS,-1,-1,0,-1
2023501316550,2023,501316550,2,9,0,18,19,1,5,0,0,0,0,0,0,0,0,1,6,6,1,41,7,1364,2,10,TOYOTA AURIS,6,E01018985,0,-1
2023201409695,2023,201409695,2,9,0,18,19,4,8,0,0,8,0,0,0,0,1,1,6,6,1,48,8,1798,8,6,TOYOTA AURIS,1,E01010455,0,-1
2023221356812,2023,221356812,1,8,0,5,5,6,6,0,0,0,0,0,0,0,4,1,1,1,1,44,7,1598,2,7,TOYOTA AURIS,2,E01014193,0,-1
2023622300052,2023,622300052,2,9,0,18,19,1,5,0,0,0,0,0,0,0,1,1,6,6,1,78,11,1197,1,7,TOYOTA AURIS,1,W01000738,0,-1
2023052302143,2023,052302143,1,9,0,18,19,2,6,0,0,0,0,0,1,1,1,1,6,6,2,91,11,1998,2,16,TOYOTA AURIS,7,E01006668,0,-1
2023161355871,2023,161355871,4,9,0,2,2,0,0,0,0,0,0,0,0,0,3,1,6,6,3,-1,-1,1598,1,15,TOYOTA AURIS,-1,-1,0,-1
2023041344428,2023,041344428,3,9,0,18,19,7,3,0,0,0,0,0,0,0,1,1,1,1,1,56,9,1798,8,6,TOYOTA AURIS,1,E01006494,0,-1
2023010455573,2023,010455573,2,9,0,2,2,0,0,0,0,0,0,0,0,0,3,1,6,6,3,-1,-1,1798,8,5,TOYOTA AURIS,-1,-1,0,-1
2023010443837,2023,010443837,2,9,0,99,99,9,9,99,99,9,9,99,9,99,1,9,6,6,3,-1,-1,1798,8,7,TOYOTA AURIS,-1,-1,0,-1
2023061360933,2023,061360933,2,9,0,18,19,1,8,0,0,1,0,0,0,0,1,1,6,6,2,58,9,1797,8,8,TOYOTA AURIS,3,E01006115,0,-1
2023141338740,2023,141338740,1,9,0,18,19,1,5,0,0,0,0,0,7,0,1,1,5,6,1,85,11,1798,8,8,TOYOTA AURIS,6,E01007526,0,-1
2023010480224,2023,010480224,1,9,0,18,19,5,1,0,0,1,0,4,0,0,1,1,6,6,1,21,5,1797,8,10,TOYOTA AURIS,7,E01001346,0,-1
2023131332324,2023,131332324,2,9,0,18,19,3,7,0,0,8,0,0,0,0,1,1,1,1,1,45,7,1798,8,7,TOYOTA AURIS,1,E01010832,0,-1
2023311378104,2023,311378104,1,8,0,18,19,1,5,0,0,0,0,0,0,0,1,1,1,1,1,49,8,1797,8,8,TOYOTA AURIS,5,E01013914,0,-1
2023061300419,2023,061300419,1,9,0,8,8,6,1,0,0,1,0,0,0,0,1,1,6,6,1,-1,-1,1797,8,10,TOYOTA AURIS,-1,-1,0,-1
2023141345983,2023,141345983,1,9,0,18,19,3,7,0,0,2,0,0,0,0,4,1,5,6,2,43,7,1598,1,9,TOYOTA AURIS,9,E01016313,0,-1
2023101346292,2023,101346292,1,9,0,18,19,3,7,0,0,0,0,0,0,0,1,1,6,6,1,-1,-1,1364,2,14,TOYOTA AURIS,-1,-1,0,-1
2023430163734,2023,430163734,1,9,0,6,6,2,2,0,0,0,0,0,0,0,3,1,1,1,1,50,8,1797,8,9,TOYOTA AURIS,1,E01015729,0,-1
2023332300348,2023,332300348,2,9,0,9,9,4,2,0,0,5,0,0,0,0,3,1,1,1,1,56,9,1798,8,7,TOYOTA AURIS,1,E01013725,0,-1
2023131372539,2023,131372539,1,8,0,18,19,7,3,0,0,1,0,0,0,0,1,1,6,6,3,99,11,1798,8,6,TOYOTA AURIS,-1,-1,0,-1
2023461364951,2023,461364951,1,9,0,18,19,7,3,0,0,0,0,0,0,0,1,1,5,6,1,52,8,1798,8,8,TOYOTA AURIS,3,E01016020,0,-1
2023522400728,2023,522400728,1,8,0,18,19,3,7,0,0,0,0,0,0,0,3,1,1,1,1,41,7,1798,8,7,TOYOTA AURIS,3,E01014687,0,-1
2023461313202,2023,461313202,1,9,0,4,4,5,1,0,0,0,0,0,0,0,1,1,6,6,1,26,6,1998,2,16,TOYOTA AURIS,4,E01016115,0,-1
2023211355586,2023,211355586,2,9,0,18,19,6,8,0,0,0,0,0,0,0,1,1,6,6,1,80,11,1797,8,9,TOYOTA AURIS,10,E01010550,0,-1
2023421323390,2023,421323390,2,9,0,18,19,7,3,0,0,1,0,0,0,0,3,1,5,6,1,80,11,1598,2,8,TOYOTA AURIS,9,E01021555,0,-1
2023010438426,2023,010438426,2,9,0,99,99,9,9,99,99,9,9,99,9,99,1,9,6,6,3,-1,-1,1197,1,7,TOYOTA AURIS,-1,-1,0,-1
2023010448379,2023,010448379,1,9,0,3,3,5,1,0,0,1,0,0,0,0,2,1,6,6,2,23,5,1798,8,7,TOYOTA AURIS,6,E01003367,0,-1
2023010469103,2023,010469103,1,9,0,3,3,3,7,0,0,0,0,0,0,0,2,1,1,1,1,31,6,1797,8,8,TOYOTA AURIS,1,E01033153,0,-1
2023201310337,2023,201310337,2,9,0,4,4,4,8,0,0,1,0,0,0,0,2,1,6,6,2,77,11,1197,1,6,TOYOTA AURIS,7,E01009450,0,-1
2023471333821,2023,471333821,2,9,0,7,7,8,5,0,0,3,0,0,0,0,4,1,6,6,1,20,4,1798,8,5,TOYOTA AURIS,7,E01031447,0,-1
2023011353435,2023,011353435,2,9,0,2,2,0,0,0,0,0,0,0,0,0,1,1,5,6,2,45,7,1797,8,11,TOYOTA AURIS,1,E01004088,0,-1
2023131263526,2023,131263526,2,9,0,18,19,7,3,0,0,1,0,0,0,0,1,1,5,6,2,59,9,1797,8,8,TOYOTA AURIS,1,E01010840,0,-1
2023010458083,2023,010458083,1,9,0,18,19,4,8,0,0,0,0,0,0,0,2,1,6,6,1,25,5,1797,8,11,TOYOTA AURIS,3,E01000125,0,-1
2023311296773,2023,311296773,2,9,0,3,3,2,7,0,0,0,0,0,0,0,2,1,6,6,2,34,6,1598,1,14,TOYOTA AURIS,5,E01019512,0,-1
2023401383306,2023,401383306,4,9,0,2,2,0,0,9,9,0,0,0,0,0,1,1,5,6,3,-1,-1,1798,8,5,TOYOTA AURIS,-1,-1,0,-1
2023010478691,2023,010478691,2,9,0,99,99,9,9,99,99,9,9,99,9,99,1,9,6,6,3,-1,-1,1797,8,13,TOYOTA AURIS,-1,-1,0,-1
2023010468478,2023,010468478,1,9,0,9,9,2,7,0,0,5,0,0,0,0,4,1,6,6,1,45,7,1798,8,5,TOYOTA AURIS,4,E01003608,0,-1
2023211304650,2023,211304650,2,9,-1,-1,-1,0,0,-1,-1,-1,-1,-1,-1,0,-1,1,5,6,1,37,7,1797,8,10,TOYOTA AURIS,-1,-1,0,-1
2023131358704,2023,131358704,2,9,0,18,19,6,8,0,0,8,0,0,0,0,1,1,6,6,3,41,7,1798,8,6,TOYOTA AURIS,2,E01011025,0,-1
2023061343499,2023,061343499,1,9,0,5,5,2,6,0,0,1,0,0,0,0,1,1,1,1,1,66,10,1364,2,9,TOYOTA AURIS,-1,-1,0,-1
2023201310547,2023,201310547,2,9,0,18,19,7,3,0,0,8,0,0,0,0,4,1,1,1,1,40,7,1797,8,8,TOYOTA AURIS,2,E01009840,0,-1
2023061260736,2023,061260736,2,9,0,9,9,3,7,0,0,5,0,0,0,0,3,1,5,6,1,32,6,1598,1,16,TOYOTA AURIS,1,E01005653,0,-1
2023361344653,2023,361344653,1,9,0,18,19,4,7,0,0,0,0,0,0,0,1,1,5,6,2,61,9,1364,2,11,TOYOTA AURIS,5,E01026491,0,-1
2023451261842,2023,451261842,2,8,0,18,19,5,7,0,0,0,0,0,0,0,1,1,6,6,1,30,6,1797,8,10,TOYOTA AURIS,5,E01030750,0,-1
2023041358681,2023,041358681,1,9,0,18,19,3,1,0,0,0,0,0,0,0,1,1,1,1,1,63,9,1798,8,6,TOYOTA AURIS,6,E01025546,0,-1
2023061346671,2023,061346671,3,9,0,10,10,1,3,0,0,1,0,0,0,0,3,1,6,6,1,44,7,1598,1,13,TOYOTA AURIS,2,E01004824,0,-1
2023201424246,2023,201424246,2,9,0,9,9,4,2,0,0,6,0,0,0,0,3,1,6,6,1,70,10,1598,1,16,TOYOTA AURIS,2,E01008999,0,-1
2023141320803,2023,141320803,1,9,0,18,19,3,7,0,0,0,0,0,0,0,2,1,1,1,1,47,8,1797,8,9,TOYOTA AURIS,1,E01007877,0,-1
2023131311523,2023,131311523,1,9,0,9,9,8,6,0,0,5,0,0,0,0,1,1,1,1,1,39,7,1797,8,10,TOYOTA AURIS,1,E01010831,0,-1
2023302300551,2023,302300551,2,9,0,10,10,4,2,0,0,1,0,0,0,0,2,1,6,6,1,50,8,1797,8,13,TOYOTA AURIS,2,E01013477,0,-1
2023361292922,2023,361292922,2,9,0,18,19,5,1,0,0,8,0,0,0,0,3,1,6,6,2,32,6,1598,1,16,TOYOTA AURIS,8,E01002159,0,-1
2023010472145,2023,010472145,1,9,0,99,99,9,9,99,99,9,9,99,9,99,9,9,6,6,2,76,11,1598,1,16,TOYOTA AURIS,2,E01001250,0,-1
2023170S21303,2023,170S21303,1,8,0,18,19,8,4,0,0,1,0,0,0,0,1,1,1,1,1,-1,-1,1798,8,6,TOYOTA AURIS,-1,-1,0,-1
2023461308646,2023,461308646,1,9,0,18,19,5,1,0,0,8,0,0,0,0,1,1,6,6,1,41,7,1797,8,9,TOYOTA AURIS,1,E01024155,0,-1
2023052303001,2023,052303001,1,9,0,18,19,4,6,0,0,0,0,0,0,0,1,1,1,1,3,-1,-1,1329,1,6,TOYOTA AURIS,-1,-1,0,-1
2023311345428,2023,311345428,1,9,0,18,19,3,7,0,0,0,0,0,0,0,4,1,1,1,1,54,8,1798,8,5,TOYOTA AURIS,5,E01013913,0,-1
2023141323821,2023,141323821,2,9,0,18,19,5,1,0,0,0,5,0,0,0,1,1,6,6,1,30,6,1797,8,11,TOYOTA AURIS,1,E01010625,0,-1
2023201312665,2023,201312665,2,9,0,18,19,5,1,0,0,1,0,0,0,0,1,1,1,1,1,33,6,1598,7,10,TOYOTA AURIS,2,E01008881,0,-1
202363B007323,2023,63B007323,2,9,0,7,7,7,2,0,0,5,0,0,0,0,2,1,6,6,1,75,10,1598,1,13,TOYOTA AURIS,9,E01033528,0,-1
2023010425291,2023,010425291,2,9,0,99,99,9,9,99,99,9,9,99,9,99,1,9,6,6,1,42,7,1798,8,6,TOYOTA AURIS,5,E01001677,0,-1
2023070117795,2023,070117795,2,9,0,18,19,2,6,0,0,8,0,0,0,0,3,1,6,6,1,30,6,1598,1,12,TOYOTA AURIS,9,E01018697,0,-1
2023010471767,2023,010471767,1,9,0,5,5,0,1,0,0,0,0,0,0,0,1,1,6,6,1,23,5,1797,8,11,TOYOTA AURIS,3,E01001809,0,-1
2023010466349,2023,010466349,3,8,0,9,9,2,8,0,0,6,0,0,0,0,1,1,1,1,1,44,7,1798,8,8,TOYOTA AURIS,2,E01003566,0,-1
2023201289403,2023,201289403,1,9,0,9,9,3,8,0,0,5,0,0,0,0,1,1,1,1,1,44,7,1798,8,7,TOYOTA AURIS,1,E01009482,0,-1
2023201414434,2023,201414434,1,9,0,18,19,6,2,0,0,6,0,0,0,0,1,1,6,6,3,61,9,1598,1,16,TOYOTA AURIS,2,E01009445,0,-1
2023471266194,2023,471266194,1,9,0,9,9,1,7,0,0,2,0,0,0,0,1,1,1,1,1,45,7,1797,8,8,TOYOTA AURIS,4,E01020976,0,-1
2023131368776,2023,131368776,2,9,0,18,19,1,1,0,0,0,0,0,0,0,1,1,1,1,1,38,7,1797,8,9,TOYOTA AURIS,1,E01010674,0,-1
2023311338282,2023,311338282,3,8,0,4,4,3,7,0,0,4,0,0,0,0,2,1,1,1,1,37,7,1797,8,9,TOYOTA AURIS,1,E01013959,0,-1
2023131376044,2023,131376044,2,9,0,9,9,5,3,0,0,0,0,0,0,0,3,1,6,6,1,39,7,1797,8,10,TOYOTA AURIS,1,E01011433,0,-1
2023991362052,2023,991362052,1,9,0,3,3,3,7,0,0,0,0,0,0,0,2,1,1,1,1,41,7,1798,8,8,TOYOTA AURIS,-1,-1,0,-1
2023201295664,2023,201295664,2,9,0,18,19,4,-1,0,0,1,0,0,0,0,1,1,6,6,1,44,7,1798,8,7,TOYOTA AURIS,10,E01010183,0,-1
2023131373528,2023,131373528,2,9,0,18,19,1,5,0,0,0,0,0,0,0,2,1,5,6,1,27,6,1797,8,12,TOYOTA AURIS,7,E01011642,0,-1
2023010455242,2023,010455242,2,9,0,17,19,7,3,0,0,0,1,0,0,0,3,1,6,6,1,33,6,1598,1,16,TOYOTA AURIS,-1,-1,0,-1
2023430259131,2023,430259131,2,9,0,18,19,8,4,0,0,4,0,0,0,0,1,1,6,6,1,-1,-1,1797,8,9,TOYOTA AURIS,-1,-1,0,-1
2023131305015,2023,131305015,2,8,0,18,19,5,1,0,0,1,0,0,0,0,1,1,1,1,1,49,8,1798,8,6,TOYOTA AURIS,1,E01010839,0,-1
2023010461719,2023,010461719,2,9,0,18,19,7,3,0,0,8,0,0,0,0,1,1,6,6,1,27,6,1598,1,16,TOYOTA AURIS,6,E01002117,0,-1
2023311358031,2023,311358031,2,8,0,15,15,5,6,0,0,1,0,0,0,0,1,1,1,1,1,54,8,1798,8,7,TOYOTA AURIS,1,E01013948,0,-1
2023311321880,2023,311321880,2,9,0,17,19,3,7,0,0,1,0,0,1,11,2,1,1,1,1,36,7,1798,8,6,TOYOTA AURIS,2,E01013947,0,-1
2023211342516,2023,211342516,1,8,0,9,9,7,3,0,0,8,0,0,0,0,1,1,5,6,1,48,8,1364,2,8,TOYOTA AURIS,3,E01014282,0,-1
2023991395670,2023,991395670,1,8,0,9,9,4,1,0,0,8,0,0,0,0,3,1,1,1,1,47,8,1798,8,6,TOYOTA AURIS,2,-1,0,-1
2023440020824,2023,440020824,1,9,0,18,19,2,6,0,0,7,0,0,0,0,3,1,2,2,2,57,9,1598,1,13,TOYOTA AURIS,10,E01022687,0,-1