collision_index,collision_year,collision_ref_no,vehicle_reference,vehicle_type,towing_and_articulation,vehicle_manoeuvre_historic,vehicle_manoeuvre,vehicle_direction_from,vehicle_direction_to,vehicle_location_restricted_lane_historic,vehicle_location_restricted_lane,junction_location,skidding_and_overturning,hit_object_in_carriageway,vehicle_leaving_carriageway,hit_object_off_carriageway,first_point_of_impact,vehicle_left_hand_drive,journey_purpose_of_driver_historic,journey_purpose_of_driver,sex_of_driver,age_of_driver,age_band_of_driver,engine_capacity_cc,propulsion_code,age_of_vehicle,generic_make_model,driver_imd_decile,lsoa_of_driver,escooter_flag,driver_distance_banding
2023131390613,2023,131390613,1,9,0,2,2,0,0,0,0,8,0,0,0,0,3,1,1,1,1,34,6,1797,8,8,TOYOTA AURIS,1,E01010803,0,-1
2023061332961,2023,061332961,2,9,0,18,19,7,3,0,0,8,0,0,0,0,1,1,5,6,1,45,7,1798,8,8,TOYOTA AURIS,-1,-1,0,-1
2023010457362,2023,010457362,2,9,0,99,99,9,9,99,99,9,9,99,9,99,9,9,6,6,1,64,9,1798,8,6,TOYOTA AURIS,3,E01001640,0,-1
2023549792323,2023,549792323,2,9,0,4,4,1,5,0,0,0,0,0,0,0,2,1,6,6,2,34,6,1797,8,9,TOYOTA AURIS,10,E01031966,0,-1
2023542058423,2023,542058423,2,9,0,18,19,5,1,0,0,1,0,0,0,0,1,1,6,6,1,75,10,1797,8,9,TOYOTA AURIS,9,E01031897,0,-1
2023311285873,2023,311285873,2,8,0,17,19,4,1,0,0,1,0,0,0,0,1,1,1,1,1,46,8,1797,8,8,TOYOTA AURIS,2,E01013947,0,-1
2023071052813,2023,071052813,2,9,0,18,19,3,7,0,0,0,0,0,0,0,0,1,6,6,2,54,8,1797,8,13,TOYOTA AURIS,1,E01004857,0,-1
2023131364804,2023,131364804,1,9,0,18,19,6,2,0,0,8,0,0,0,0,1,1,6,6,3,-1,-1,1798,8,4,TOYOTA AURIS,-1,-1,0,-1
2023041342438,2023,041342438,1,9,0,18,19,7,3,0,0,0,0,0,0,0,1,1,5,6,1,46,8,1329,1,12,TOYOTA AURIS,2,E01012580,0,-1
2023531375511,2023,531375511,2,9,0,11,11,5,1,0,0,0,0,1,0,0,1,1,2,2,1,50,8,1364,2,13,TOYOTA AURIS,-1,-1,0,-1
2023201286089,2023,201286089,2,9,0,3,3,5,1,0,0,0,0,0,0,0,2,1,6,6,1,-1,-1,1329,1,13,TOYOTA AURIS,1,E01009332,0,-1
2023131373106,2023,131373106,2,9,0,4,4,1,5,0,0,1,0,0,0,0,1,1,1,1,1,41,7,1364,2,8,TOYOTA AURIS,8,E01011655,0,-1
2023131302816,2023,131302816,1,9,0,-1,-1,-1,-1,-1,-1,-1,-1,-1,-1,-1,-1,1,6,6,3,99,11,1798,8,7,TOYOTA AURIS,-1,-1,0,-1
2023052300890,2023,052300890,1,9,0,6,6,7,7,0,0,0,0,0,0,0,3,1,6,6,2,62,9,1798,8,5,TOYOTA AURIS,3,E01007180,0,-1
2023010461753,2023,010461753,1,9,0,18,19,3,7,0,0,4,0,0,0,0,1,1,1,1,1,50,8,1798,8,6,TOYOTA AURIS,3,E01001043,0,-1
2023440031918,2023,440031918,1,8,0,1,1,1,3,0,0,6,0,0,0,0,2,1,1,1,1,54,8,1797,8,8,TOYOTA AURIS,8,E01017145,0,-1
2023061380581,2023,061380581,2,9,0,18,19,4,8,0,0,0,0,0,4,0,2,1,5,6,1,30,6,1598,1,15,TOYOTA AURIS,7,E01004836,0,-1
2023010450127,2023,010450127,1,9,0,99,99,9,9,99,99,9,9,99,9,99,2,9,1,1,1,49,8,1798,8,7,TOYOTA AURIS,2,E01009684,0,-1
2023010441187,2023,010441187,2,9,0,99,99,9,9,99,99,0,9,99,9,99,1,9,6,6,3,-1,-1,1797,8,8,TOYOTA AURIS,1,E01001729,0,-1
2023010445586,2023,010445586,2,8,0,18,19,7,3,0,0,8,0,0,7,11,4,1,1,1,1,53,8,1797,8,8,TOYOTA AURIS,4,E01001323,0,-1
2023311357088,2023,311357088,1,8,0,7,7,3,5,0,0,1,0,0,0,0,4,1,1,1,1,41,7,1797,8,9,TOYOTA AURIS,2,E01013933,0,-1
2023311300626,2023,311300626,1,8,0,1,1,0,0,0,0,0,0,4,0,0,2,1,1,1,1,43,7,1798,8,6,TOYOTA AURIS,2,E01013845,0,-1
2023010431105,2023,010431105,3,9,0,18,19,7,3,0,0,1,0,0,0,0,1,1,6,6,1,29,6,1797,8,12,TOYOTA AURIS,5,E01002232,0,-1
2023522300807,2023,522300807,2,9,0,18,19,1,5,0,0,1,0,0,0,0,1,1,6,6,1,-1,-1,1598,1,12,TOYOTA AURIS,6,E01014952,0,-1
2023041268451,2023,041268451,1,9,0,7,7,6,2,0,0,1,0,0,0,0,4,1,1,1,1,49,8,1798,8,6,TOYOTA AURIS,3,E01025505,0,-1
2023010425573,2023,010425573,2,9,9,99,99,9,9,99,99,9,9,99,9,99,9,9,6,6,3,-1,-1,1797,8,9,TOYOTA AURIS,-1,-1,0,-1
2023131379649,2023,131379649,2,8,0,10,10,3,5,0,0,0,0,0,0,0,1,1,1,1,1,31,6,1797,8,9,TOYOTA AURIS,2,E01010738,0,-1
2023010478827,2023,010478827,2,9,0,7,7,3,5,0,0,6,0,0,0,0,0,1,6,6,1,40,7,1798,8,5,TOYOTA AURIS,3,E01004452,0,-1
2023131261710,2023,131261710,1,9,0,18,19,3,7,0,0,4,0,0,0,0,1,1,5,6,2,85,11,1598,1,13,TOYOTA AURIS,6,E01010578,0,-1
2023991265142,2023,991265142,3,9,0,18,19,7,3,0,0,1,1,0,0,0,3,1,1,1,1,49,8,1798,8,7,TOYOTA AURIS,-1,-1,0,-1
2023131381592,2023,131381592,1,9,0,18,19,5,1,0,0,0,0,0,0,0,3,1,1,1,1,44,7,1798,8,4,TOYOTA AURIS,3,E01033032,0,-1
2023010430965,2023,010430965,2,9,0,99,99,9,9,99,99,9,9,99,9,99,1,9,6,6,3,-1,-1,1598,1,16,TOYOTA AURIS,2,E01032772,0,-1
2023010457033,2023,010457033,1,9,0,99,99,9,9,99,99,9,9,99,9,99,9,9,1,1,1,37,7,1797,8,9,TOYOTA AURIS,1,E01002758,0,-1
2023461377967,2023,461377967,1,9,0,5,5,1,5,0,0,1,0,0,0,0,1,1,5,6,1,37,7,1598,1,9,TOYOTA AURIS,2,E01003290,0,-1
2023131325037,2023,131325037,2,9,0,3,3,1,7,0,0,1,0,0,0,0,2,1,6,6,1,55,8,1797,8,12,TOYOTA AURIS,2,E01010806,0,-1
2023010465825,2023,010465825,1,9,0,18,19,8,4,0,0,0,1,4,7,3,1,1,6,6,2,72,10,1797,8,11,TOYOTA AURIS,9,E01002108,0,-1
2023131263340,2023,131263340,1,9,0,5,5,3,7,0,0,1,0,0,0,0,1,1,6,6,3,-1,-1,1598,1,16,TOYOTA AURIS,-1,-1,0,-1
2023141264038,2023,141264038,1,8,0,5,5,2,6,0,0,1,0,0,0,0,1,1,1,1,1,63,9,1798,8,4,TOYOTA AURIS,6,E01008006,0,-1
2023302301590,2023,302301590,1,8,0,1,1,4,6,0,0,8,0,0,0,0,2,1,6,6,1,34,6,1798,8,7,TOYOTA AURIS,1,E01013485,0,-1
2023010446391,2023,010446391,2,9,0,99,99,9,9,99,99,9,9,99,9,99,1,9,6,6,1,38,7,1798,8,5,TOYOTA AURIS,1,E01001798,0,-1
2023361346934,2023,361346934,1,9,0,5,5,7,8,0,0,2,0,0,0,0,1,1,5,6,2,82,11,1798,8,5,TOYOTA AURIS,9,E01021721,0,-1
2023622300094,2023,622300094,1,9,0,7,7,4,8,0,0,2,0,0,0,0,1,1,6,6,1,25,5,1364,2,8,TOYOTA AURIS,1,W01001746,0,-1
2023010463551,2023,010463551,1,9,0,18,19,3,7,0,0,1,0,0,0,0,1,2,6,6,1,34,6,1797,8,10,TOYOTA AURIS,-1,-1,0,-1
2023010460604,2023,010460604,1,9,0,99,99,9,9,99,99,9,9,99,9,99,2,9,6,6,1,37,7,1598,1,16,TOYOTA AURIS,2,E01032744,0,-1
2023010453710,2023,010453710,1,9,0,99,99,9,9,0,0,1,0,0,0,0,2,1,2,2,2,52,8,1797,8,9,TOYOTA AURIS,3,E01033150,0,-1
2023522300737,2023,522300737,1,9,0,4,4,6,2,0,0,1,0,0,0,0,1,1,6,6,1,58,9,1598,1,11,TOYOTA AURIS,10,E01014932,0,-1
2023991391588,2023,991391588,1,8,0,6,6,7,7,0,0,0,0,0,0,0,0,1,1,1,1,39,7,1798,8,5,TOYOTA AURIS,6,-1,0,-1
2023451383126,2023,451383126,1,9,0,18,19,7,3,0,0,0,0,0,4,6,4,1,5,6,1,55,8,1798,8,5,TOYOTA AURIS,4,E01031834,0,-1
2023010423751,2023,010423751,2,9,0,2,2,0,0,0,0,0,0,0,0,0,1,1,6,6,3,-1,-1,1398,1,15,TOYOTA AURIS,-1,-1,0,-1
2023311360076,2023,311360076,3,9,0,18,19,4,7,0,0,2,0,0,0,0,1,1,1,1,1,66,10,1798,8,7,TOYOTA AURIS,3,E01028212,0,-1
2023061369794,2023,061369794,1,8,-1,-1,-1,-1,-1,-1,-1,-1,-1,-1,-1,0,-1,1,6,6,1,-1,-1,1798,8,6,TOYOTA AURIS,-1,-1,0,-1
2023061300489,2023,061300489,1,9,0,4,4,1,5,0,0,4,0,0,0,0,1,1,6,6,1,-1,-1,1598,1,10,TOYOTA AURIS,1,E01005665,0,-1
2023010431520,2023,010431520,1,9,0,18,19,2,6,0,0,1,0,0,0,0,1,1,1,1,1,63,9,1798,8,7,TOYOTA AURIS,7,E01015966,0,-1
2023122300706,2023,122300706,1,9,0,18,19,6,2,0,0,2,0,0,0,0,1,1,1,1,3,-1,-1,1798,8,5,TOYOTA AURIS,-1,-1,0,-1
2023141284604,2023,141284604,5,9,0,3,3,6,2,0,0,0,0,0,0,0,1,1,6,6,1,75,10,1598,1,12,TOYOTA AURIS,9,E01007475,0,-1
2023461387047,2023,461387047,1,9,0,18,19,1,7,0,0,1,0,0,0,0,1,1,6,6,1,45,7,1797,8,10,TOYOTA AURIS,2,E01023973,0,-1
2023010437550,2023,010437550,1,9,0,7,7,5,7,0,0,3,0,0,0,0,1,1,1,1,1,33,6,1797,8,10,TOYOTA AURIS,3,E01000432,0,-1
2023010481391,2023,010481391,2,9,0,6,6,9,9,99,99,0,9,99,9,99,9,9,6,6,3,-1,-1,1798,8,7,TOYOTA AURIS,5,E01000494,0,-1
2023010468474,2023,010468474,2,9,0,18,19,3,7,0,0,3,0,10,0,0,2,1,2,2,1,47,8,1798,8,6,TOYOTA AURIS,2,E01000126,0,-1
2023552300537,2023,552300537,2,9,0,18,19,3,7,0,0,0,0,0,0,0,3,1,6,6,2,76,11,1798,8,6,TOYOTA AURIS,10,E01020418,0,-1
2023141373414,2023,141373414,3,9,0,18,19,7,3,0,0,0,0,0,0,0,1,1,5,6,2,50,8,1364,2,15,TOYOTA AURIS,7,E01007754,0,-1
2023991314613,2023,991314613,1,9,0,1,1,1,5,0,0,0,0,0,0,0,2,1,1,1,1,43,7,1798,8,7,TOYOTA AURIS,4,-1,0,-1
2023332300786,2023,332300786,1,9,0,10,10,8,6,0,0,8,0,0,0,0,2,1,6,6,1,34,6,1797,8,8,TOYOTA AURIS,3,E01013775,0,-1
2023010447919,2023,010447919,1,9,0,99,99,9,9,0,0,1,0,0,0,0,9,1,6,6,1,-1,-1,1798,8,5,TOYOTA AURIS,-1,-1,0,-1
2023010485940,2023,010485940,2,9,9,99,99,9,9,99,99,9,9,99,9,99,9,9,6,6,3,-1,-1,1797,8,9,TOYOTA AURIS,-1,-1,0,-1
2023010479616,2023,010479616,5,9,0,2,2,0,0,0,0,1,0,0,0,0,1,1,6,6,3,-1,-1,1797,8,13,TOYOTA AURIS,-1,-1,0,-1
2023010429927,2023,010429927,1,9,0,9,9,3,1,0,0,1,0,0,0,0,1,1,6,6,1,48,8,1797,8,12,TOYOTA AURIS,10,E01001129,0,-1
2023010483949,2023,010483949,1,9,0,7,7,2,4,5,5,2,0,0,0,0,2,1,2,2,1,37,7,1398,1,16,TOYOTA AURIS,3,E01003524,0,-1
2023421348286,2023,421348286,1,9,0,9,9,1,5,0,0,0,0,0,0,0,1,1,3,7,2,34,6,1364,2,10,TOYOTA AURIS,4,E01021296,0,-1
2023231310601,2023,231310601,4,9,0,4,4,8,4,0,0,0,0,0,0,0,2,1,6,6,1,34,6,1598,2,7,TOYOTA AURIS,2,E01029359,0,-1
2023141304202,2023,141304202,2,9,0,18,19,1,5,0,0,1,0,0,0,0,3,1,6,6,2,28,6,1598,1,15,TOYOTA AURIS,1,E01007870,0,-1
2023332301203,2023,332301203,2,9,0,18,19,5,1,0,0,0,0,0,0,0,1,1,6,6,1,-1,-1,1798,8,7,TOYOTA AURIS,-1,-1,0,-1
2023122301410,2023,122301410,2,9,0,17,19,1,5,0,0,0,0,0,0,0,1,1,6,6,1,60,9,1329,1,10,TOYOTA AURIS,-1,-1,0,-1
2023411271886,2023,411271886,1,9,0,18,19,8,4,0,0,1,0,0,0,0,1,1,1,1,1,44,7,1798,8,5,TOYOTA AURIS,3,E01023866,0,-1
2023461292276,2023,461292276,1,9,0,5,5,1,3,0,0,0,0,0,0,0,1,1,6,6,1,72,10,1798,8,6,TOYOTA AURIS,8,E01024605,0,-1
2023430019956,2023,430019956,2,9,0,18,19,8,4,0,0,0,0,0,0,0,3,1,6,6,1,61,9,1598,1,15,TOYOTA AURIS,3,E01016373,0,-1
2023101302026,2023,101302026,1,9,0,9,9,8,2,0,0,6,0,0,0,0,1,1,6,6,2,48,8,1329,1,14,TOYOTA AURIS,5,E01008679,0,-1
2023421394988,2023,421394988,1,9,0,4,4,3,7,0,0,0,0,0,0,0,1,1,6,6,1,62,9,1364,2,9,TOYOTA AURIS,5,E01021680,0,-1
2023461359181,2023,461359181,2,9,0,4,4,5,1,0,0,0,0,0,0,0,2,1,6,6,1,35,6,1798,8,6,TOYOTA AURIS,10,E01024778,0,-1
2023010476545,2023,010476545,2,9,0,99,99,9,9,99,99,9,9,99,9,99,1,9,6,6,3,-1,-1,1797,8,9,TOYOTA AURIS,9,E01004632,0,-1
2023010467362,2023,010467362,1,9,0,9,9,3,1,0,0,6,0,0,0,0,1,1,2,2,2,62,9,1598,1,13,TOYOTA AURIS,6,E01002336,0,-1
2023010458661,2023,010458661,2,8,9,99,99,9,9,99,99,9,9,99,9,99,2,9,6,6,3,-1,-1,1798,8,6,TOYOTA AURIS,-1,-1,0,-1
2023141317858,2023,141317858,1,9,0,18,19,3,7,0,0,1,0,0,0,0,3,1,1,1,1,45,7,1798,8,6,TOYOTA AURIS,1,E01008083,0,-1
2023461287458,2023,461287458,1,9,0,10,10,3,8,0,0,1,0,0,0,0,1,1,2,2,1,19,4,1197,1,5,TOYOTA AURIS,8,E01024744,0,-1
2023201300948,2023,201300948,2,9,0,18,19,3,7,0,0,0,0,4,0,0,1,1,1,1,1,39,7,1364,2,12,TOYOTA AURIS,4,E01009835,0,-1
2023451386482,2023,451386482,1,9,0,18,19,3,7,0,0,8,0,0,0,0,1,1,6,6,1,49,8,1798,8,6,TOYOTA AURIS,7,E01002954,0,-1
2023451394126,2023,451394126,3,9,0,18,19,3,7,0,0,0,0,0,0,0,1,1,5,6,1,56,9,1598,1,8,TOYOTA AURIS,4,E01032756,0,-1
2023061296120,2023,061296120,1,9,-1,-1,-1,-1,-1,-1,-1,0,-1,-1,-1,0,-1,1,6,6,3,30,6,1364,2,12,TOYOTA AURIS,2,-1,0,-1
2023061376633,2023,061376633,1,9,0,7,7,1,3,0,0,1,0,0,0,0,1,2,6,6,1,30,6,1797,8,12,TOYOTA AURIS,-1,-1,0,-1
2023201405360,2023,201405360,2,9,0,7,7,6,8,0,0,3,0,0,0,0,3,1,6,6,1,52,8,1797,8,9,TOYOTA AURIS,1,E01033647,0,-1
2023061286611,2023,061286611,1,9,0,2,2,4,4,0,0,0,0,0,0,0,4,1,1,1,1,47,8,1798,8,7,TOYOTA AURIS,1,E01005432,0,-1
2023131312599,2023,131312599,2,9,0,3,3,3,3,0,0,1,0,0,0,0,3,1,6,6,1,35,6,1598,1,16,TOYOTA AURIS,1,E01011617,0,-1
2023231389799,2023,231389799,1,9,0,18,19,6,2,0,0,1,0,0,0,0,1,1,6,6,2,36,7,1598,1,8,TOYOTA AURIS,9,E01028572,0,-1
2023010477821,2023,010477821,1,9,0,18,19,1,5,0,0,1,0,0,0,0,1,1,6,6,3,-1,-1,1797,8,13,TOYOTA AURIS,-1,-1,0,-1
2023520400411,2023,520400411,1,9,0,18,19,4,8,0,0,0,0,0,0,0,1,1,6,6,2,50,8,1797,8,8,TOYOTA AURIS,6,E01015252,0,-1
2023141380052,2023,141380052,1,9,0,18,19,8,4,0,0,0,0,0,0,0,1,1,6,6,1,24,5,1798,8,5,TOYOTA AURIS,2,E01007770,0,-1
2023430402980,2023,430402980,1,9,0,14,14,6,2,0,0,0,0,0,0,0,3,1,1,1,1,63,9,1798,8,5,TOYOTA AURIS,4,E01017661,0,-1
2023211265706,2023,211265706,1,9,0,4,4,5,5,0,0,0,0,0,0,0,1,1,1,1,1,47,8,1797,8,9,TOYOTA AURIS,2,E01014340,0,-1
2023010434282,2023,010434282,2,9,9,99,99,9,9,99,99,9,0,99,9,99,9,9,6,6,3,-1,-1,1598,1,16,TOYOTA AURIS,8,E01000774,0,-1
2023010450632,2023,010450632,1,9,0,18,19,3,7,0,0,1,0,7,0,0,1,2,6,6,1,23,5,1798,8,6,TOYOTA AURIS,1,E01004222,0,-1
2023010478235,2023,010478235,1,9,0,99,99,9,9,0,0,0,9,0,0,0,2,9,6,6,2,20,4,1329,1,11,TOYOTA AURIS,5,E01003724,0,-1
2023471303949,2023,471303949,1,8,0,17,19,7,3,0,0,0,0,0,1,2,1,1,1,1,1,68,10,1797,8,10,TOYOTA AURIS,4,E01020976,0,-1
2023332300814,2023,332300814,2,9,0,9,9,3,1,0,0,5,0,0,0,0,1,1,6,6,1,26,6,1998,2,16,TOYOTA AURIS,2,E01025705,0,-1
2023010479492,2023,010479492,1,9,0,18,19,8,4,0,0,2,0,0,0,0,1,1,6,6,1,24,5,1598,1,15,TOYOTA AURIS,1,E01000508,0,-1
2023471347142,2023,471347142,1,9,0,18,19,5,1,0,0,0,0,0,0,0,1,1,6,6,1,50,8,1798,8,5,TOYOTA AURIS,8,E01032835,0,-1
2023131267580,2023,131267580,1,9,0,5,5,1,5,0,0,0,0,0,0,0,2,1,1,1,1,54,8,1798,8,7,TOYOTA AURIS,2,E01010929,0,-1
2023010452686,2023,010452686,2,9,0,18,19,1,5,0,0,0,0,0,0,0,1,1,6,6,2,43,7,1598,1,9,TOYOTA AURIS,3,E01000642,0,-1
2023311281206,2023,311281206,2,9,0,5,5,6,1,0,0,6,0,0,0,0,1,1,5,6,1,44,7,1797,8,8,TOYOTA AURIS,1,E01013822,0,-1
2023101287170,2023,101287170,1,9,0,4,4,6,2,0,0,2,0,0,0,0,1,1,2,2,2,44,7,1598,1,16,TOYOTA AURIS,2,E01008661,0,-1
2023201289330,2023,201289330,1,9,0,18,19,7,3,0,0,0,0,0,0,0,1,1,6,6,1,-1,-1,1797,8,8,TOYOTA AURIS,-1,-1,0,-1
2023010481384,2023,010481384,1,8,0,4,4,8,4,0,0,8,0,0,0,0,1,1,6,6,1,66,10,1797,8,9,TOYOTA AURIS,4,E01004339,0,-1
2023461313676,2023,461313676,1,9,0,18,19,4,8,0,0,0,1,0,0,0,1,1,6,6,2,73,10,1797,8,8,TOYOTA AURIS,6,E01001590,0,-1
2023010439764,2023,010439764,2,9,0,99,99,9,9,99,99,0,9,99,9,99,2,9,6,6,3,-1,-1,1798,8,7,TOYOTA AURIS,-1,-1,0,-1
2023041375388,2023,041375388,3,9,0,4,4,1,5,0,0,1,0,0,0,0,1,1,5,6,2,28,6,1329,1,9,TOYOTA AURIS,3,E01025294,0,-1
2023010456891,2023,010456891,1,9,0,99,99,9,9,99,99,9,9,99,9,99,2,9,6,6,1,30,6,1598,1,14,TOYOTA AURIS,4,E01000559,0,-1
2023461377162,2023,461377162,1,9,0,18,19,1,5,0,0,0,0,0,0,0,4,1,6,6,1,63,9,1598,1,14,TOYOTA AURIS,7,E01024121,0,-1
2023010420472,2023,010420472,2,9,0,9,9,8,5,0,0,1,0,0,0,0,3,1,6,6,2,39,7,1797,8,10,TOYOTA AURIS,2,E01001316,0,-1
2023991375514,2023,991375514,1,8,0,18,19,8,4,0,0,8,0,0,0,0,1,1,1,1,1,33,6,1798,8,6,TOYOTA AURIS,8,-1,0,-1
2023302301910,2023,302301910,1,8,0,18,19,1,6,0,0,2,0,0,0,0,1,1,1,1,1,26,6,1798,8,5,TOYOTA AURIS,2,E01013569,0,-1
2023141282830,2023,141282830,1,9,0,9,9,2,8,0,0,8,0,0,0,0,1,1,1,1,1,40,7,1797,8,8,TOYOTA AURIS,2,E01007881,0,-1
2023201284725,2023,201284725,2,9,0,2,2,0,0,0,0,0,0,0,0,0,3,1,5,6,1,-1,-1,1798,8,5,TOYOTA AURIS,-1,-1,0,-1
2023010470808,2023,010470808,1,9,0,99,99,9,9,99,99,9,9,99,9,99,9,9,6,6,3,30,6,1797,8,10,TOYOTA AURIS,9,E01002108,0,-1
2023131329173,2023,131329173,1,9,0,9,9,1,5,0,0,8,0,0,0,0,4,1,1,1,1,42,7,1798,8,6,TOYOTA AURIS,1,E01010744,0,-1
2023010433507,2023,010433507,2,8,0,99,99,9,9,99,99,9,9,99,9,99,2,9,6,6,3,-1,-1,1798,8,7,TOYOTA AURIS,-1,-1,0,-1
2023302300895,2023,302300895,2,9,0,2,2,0,0,0,0,2,0,0,1,11,2,1,6,6,3,-1,-1,1598,1,8,TOYOTA AURIS,-1,-1,0,-1
2023131381978,2023,131381978,2,9,0,4,4,1,1,0,0,4,0,0,0,0,2,1,6,6,1,68,10,1798,8,8,TOYOTA AURIS,4,E01010801,0,-1
2023010437324,2023,010437324,1,8,0,5,5,0,1,0,0,0,0,0,0,0,0,1,1,1,1,55,8,1798,8,7,TOYOTA AURIS,5,E01033741,0,-1
2023010456291,2023,010456291,2,9,0,18,19,5,1,0,0,1,0,0,0,0,2,1,6,6,2,53,8,1798,8,6,TOYOTA AURIS,2,E01001057,0,-1
2023010439131,2023,010439131,1,9,0,10,10,7,6,0,0,1,0,0,0,0,1,1,6,6,1,40,7,1797,8,9,TOYOTA AURIS,4,E01032788,0,-1
2023010449793,2023,010449793,2,9,0,2,2,0,0,0,0,0,0,0,0,0,2,1,6,6,3,-1,-1,1598,1,15,TOYOTA AURIS,-1,-1,0,-1
2023401330561,2023,401330561,1,9,0,12,12,7,3,0,0,1,2,0,0,0,1,1,5,6,2,69,10,1798,8,6,TOYOTA AURIS,2,E01015781,0,-1
2023010470106,2023,010470106,1,9,0,99,99,9,9,99,99,9,9,99,9,99,9,9,6,6,1,82,11,1598,1,16,TOYOTA AURIS,10,E01004120,0,-1
2023010462492,2023,010462492,1,8,0,99,99,9,9,99,99,0,9,99,9,99,9,9,1,1,1,34,6,1798,8,5,TOYOTA AURIS,3,E01003525,0,-1
2023501351844,2023,501351844,2,9,0,17,19,7,3,0,0,0,0,0,0,0,3,1,5,6,1,64,9,1797,8,8,TOYOTA AURIS,5,E01018940,0,-1
2023332300251,2023,332300251,2,9,0,18,19,3,7,0,0,8,0,0,7,1,4,1,2,2,1,43,7,1598,1,15,TOYOTA AURIS,3,E01013626,0,-1
2023041276733,2023,041276733,2,9,0,2,2,5,1,0,0,1,0,0,0,0,2,1,1,1,1,42,7,1798,8,5,TOYOTA AURIS,5,E01025017,0,-1
2023361344578,2023,361344578,1,9,0,18,19,5,1,0,0,0,0,0,0,0,1,1,5,6,1,57,9,1197,1,5,TOYOTA AURIS,4,E01026636,0,-1
2023061403638,2023,061403638,2,8,0,18,19,5,1,0,0,1,0,0,0,0,3,1,1,1,1,51,8,1797,8,9,TOYOTA AURIS,1,E01005945,0,-1
2023501280308,2023,501280308,1,8,0,18,19,7,3,0,0,8,0,0,0,0,1,1,1,1,1,48,8,1798,8,7,TOYOTA AURIS,2,E01015192,0,-1
2023052302450,2023,052302450,1,9,0,18,19,4,2,0,0,0,0,0,0,0,1,1,1,1,1,53,8,1798,8,6,TOYOTA AURIS,1,E01006556,0,-1
2023471285410,2023,471285410,2,8,0,9,9,7,3,0,0,5,0,0,0,0,4,1,1,1,2,-1,-1,1798,8,4,TOYOTA AURIS,5,E01016990,0,-1
2023201316197,2023,201316197,3,9,0,2,2,0,0,9,9,0,0,0,0,0,4,1,6,6,2,37,7,1598,1,8,TOYOTA AURIS,2,E01009043,0,-1
2023430396417,2023,430396417,2,9,0,3,3,6,2,0,0,1,0,0,0,0,2,1,6,6,1,57,9,1798,8,7,TOYOTA AURIS,9,E01017853,0,-1
2023131269226,2023,131269226,2,9,0,7,7,1,5,0,0,1,0,0,0,0,2,1,5,6,1,18,4,1798,8,7,TOYOTA AURIS,1,E01010608,0,-1
2023070199048,2023,070199048,2,9,0,18,19,2,6,0,0,0,0,0,0,0,1,1,2,2,1,24,5,1598,1,10,TOYOTA AURIS,8,E01018328,0,-1
2023622301055,2023,622301055,1,9,0,3,3,8,4,0,0,1,0,7,0,0,2,1,6,6,1,45,7,1329,1,14,TOYOTA AURIS,1,W01001738,0,-1
2023340WN3992,2023,340WN3992,1,9,0,18,19,6,2,0,0,2,5,0,0,0,2,1,2,2,2,23,5,1798,8,8,TOYOTA AURIS,5,E01027179,0,-1
2023010439788,2023,010439788,1,9,0,3,3,1,5,0,0,1,0,0,0,0,0,1,2,2,2,43,7,1797,8,8,TOYOTA AURIS,3,E01000984,0,-1
2023401316409,2023,401316409,1,9,0,9,9,1,5,0,0,8,0,0,0,0,3,1,6,6,2,36,7,1797,8,11,TOYOTA AURIS,7,E01015695,0,-1
2023010458971,2023,010458971,1,9,0,99,99,9,9,99,99,1,9,99,9,99,1,9,6,6,1,41,7,1798,8,5,TOYOTA AURIS,6,E01033582,0,-1
2023061302828,2023,061302828,1,9,0,12,12,-1,-1,0,0,1,0,0,0,0,-1,1,6,6,1,-1,-1,1797,8,10,TOYOTA AURIS,1,E01005321,0,-1
2023421287977,2023,421287977,1,9,0,15,15,1,5,0,0,1,0,0,0,0,1,1,5,6,1,31,6,1598,1,16,TOYOTA AURIS,3,E01003631,0,-1
2023311288029,2023,311288029,1,9,0,18,19,7,3,0,0,0,0,0,0,0,1,1,1,1,1,49,8,1797,8,9,TOYOTA AURIS,1,E01013871,0,-1
2023332301214,2023,332301214,1,8,0,9,9,6,4,0,0,6,0,0,0,0,1,1,1,1,1,73,10,1797,8,10,TOYOTA AURIS,4,E01013741,0,-1
2023101265474,2023,101265474,1,9,0,11,11,4,8,0,0,8,0,0,0,0,4,1,6,6,2,70,10,1197,1,5,TOYOTA AURIS,8,E01024758,0,-1
2023131324008,2023,131324008,1,9,0,18,19,1,5,0,0,4,0,0,0,0,4,1,6,6,3,99,11,1798,8,5,TOYOTA AURIS,-1,-1,0,-1
2023010462983,2023,010462983,1,9,0,5,5,5,1,0,0,0,0,0,0,0,1,1,2,2,1,27,6,1798,8,7,TOYOTA AURIS,5,E01033740,0,-1
2023311389958,2023,311389958,1,9,0,18,19,8,4,0,0,0,0,0,0,0,0,1,1,1,1,32,6,1797,8,10,TOYOTA AURIS,4,E01019693,0,-1
2023471275676,2023,471275676,1,9,0,5,5,8,6,0,0,6,0,0,0,0,3,1,1,1,1,64,9,1797,8,9,TOYOTA AURIS,8,E01020953,0,-1
2023010448741,2023,010448741,2,9,0,99,99,9,9,99,99,9,9,99,9,99,1,9,6,6,3,-1,-1,1798,8,7,TOYOTA AURIS,-1,-1,0,-1