collision_index,collision_year,collision_ref_no,vehicle_reference,vehicle_type,towing_and_articulation,vehicle_manoeuvre_historic,vehicle_manoeuvre,vehicle_direction_from,vehicle_direction_to,vehicle_location_restricted_lane_historic,vehicle_location_restricted_lane,junction_location,skidding_and_overturning,hit_object_in_carriageway,vehicle_leaving_carriageway,hit_object_off_carriageway,first_point_of_impact,vehicle_left_hand_drive,journey_purpose_of_driver_historic,journey_purpose_of_driver,sex_of_driver,age_of_driver,age_band_of_driver,engine_capacity_cc,propulsion_code,age_of_vehicle,generic_make_model,driver_imd_decile,lsoa_of_driver,escooter_flag,driver_distance_banding
2023201296070,2023,201296070,2,9,0,2,2,0,0,0,0,1,0,0,0,0,3,1,1,1,3,36,7,1797,8,9,TOYOTA AURIS,2,E01009348,0,-1
2023052302802,2023,052302802,1,9,0,18,19,3,7,0,0,1,0,0,0,0,1,1,6,6,1,-1,-1,1797,8,8,TOYOTA AURIS,3,E01006838,0,-1
2023332300677,2023,332300677,1,9,0,5,5,3,7,0,0,6,0,0,0,0,4,1,6,6,2,47,8,1598,1,16,TOYOTA AURIS,5,E01013627,0,-1
2023401380875,2023,401380875,1,9,0,5,5,3,7,0,0,1,0,0,0,0,1,1,6,6,1,32,6,1798,8,7,TOYOTA AURIS,4,E01015750,0,-1
2023010424768,2023,010424768,1,9,0,18,19,5,1,0,0,1,0,0,0,0,3,1,6,6,1,35,6,1798,8,7,TOYOTA AURIS,-1,-1,0,-1
2023141270313,2023,141270313,1,9,0,9,9,7,5,0,0,8,0,0,0,0,1,1,1,1,1,64,9,1797,8,10,TOYOTA AURIS,4,E01007882,0,-1
2023131308083,2023,131308083,1,9,0,9,9,3,1,0,0,8,0,0,0,0,1,1,5,6,2,39,7,1797,8,9,TOYOTA AURIS,3,E01010615,0,-1
2023141273979,2023,141273979,2,9,0,5,5,5,3,0,0,6,1,4,0,0,2,1,5,6,2,56,9,1598,1,16,TOYOTA AURIS,1,E01007508,0,-1
2023461373905,2023,461373905,1,9,0,10,10,7,5,0,0,1,0,0,0,0,3,1,6,6,1,85,11,1797,8,12,TOYOTA AURIS,5,E01024427,0,-1
2023332301220,2023,332301220,3,9,0,3,3,2,6,0,0,1,0,0,0,0,2,1,6,6,1,48,8,1797,8,8,TOYOTA AURIS,7,E01013669,0,-1
2023010448214,2023,010448214,1,9,0,18,19,1,5,0,0,1,0,4,1,1,1,1,6,6,1,41,7,1598,1,13,TOYOTA AURIS,-1,-1,0,-1
2023201293094,2023,201293094,2,9,0,18,19,2,6,0,0,4,0,0,0,0,3,1,6,6,1,36,7,1329,1,13,TOYOTA AURIS,4,E01009089,0,-1
2023991374883,2023,991374883,1,9,0,18,19,4,8,0,0,0,0,0,0,0,1,1,5,6,1,77,11,1329,1,12,TOYOTA AURIS,1,-1,0,-1
2023201327804,2023,201327804,1,9,0,7,7,2,4,0,0,6,0,0,0,0,1,1,6,6,1,-1,-1,1798,8,6,TOYOTA AURIS,-1,-1,0,-1
2023010476923,2023,010476923,2,9,0,99,99,9,9,99,99,9,9,99,9,99,1,9,6,6,3,-1,-1,1398,1,15,TOYOTA AURIS,-1,-1,0,-1
2023010485259,2023,010485259,1,9,0,99,99,9,9,99,99,9,9,99,9,99,9,9,6,6,3,-1,-1,1598,1,14,TOYOTA AURIS,-1,-1,0,-1
2023131276304,2023,131276304,1,9,0,18,19,6,2,0,0,8,0,0,0,0,1,1,5,6,2,64,9,1797,8,8,TOYOTA AURIS,6,E01010857,0,-1
2023010481643,2023,010481643,1,9,0,18,19,5,1,0,0,8,0,0,0,0,1,1,6,6,1,50,8,1798,8,5,TOYOTA AURIS,5,E01016472,0,-1
2023311358129,2023,311358129,1,8,0,5,5,3,3,0,0,0,1,0,0,0,1,1,1,1,1,60,9,1798,8,5,TOYOTA AURIS,5,E01028073,0,-1
2023010427406,2023,010427406,1,9,0,9,9,3,1,0,0,6,0,0,0,0,1,1,2,2,1,54,8,1797,8,8,TOYOTA AURIS,7,E01003003,0,-1
2023161390947,2023,161390947,2,9,0,4,4,5,1,0,0,0,0,0,0,0,1,1,6,6,3,-1,-1,1998,2,16,TOYOTA AURIS,2,E01013128,0,-1
2023421326322,2023,421326322,1,9,0,9,9,6,3,0,0,8,0,0,0,0,3,1,5,6,2,29,6,1364,2,13,TOYOTA AURIS,4,E01021310,0,-1
2023010458058,2023,010458058,2,9,0,99,99,9,9,99,99,9,9,99,9,99,9,1,6,6,1,75,10,1329,1,14,TOYOTA AURIS,8,E01004623,0,-1
2023010479389,2023,010479389,2,9,0,4,4,5,1,0,0,0,0,0,0,0,2,1,6,6,2,44,7,1797,8,10,TOYOTA AURIS,3,E01002405,0,-1
2023010440617,2023,010440617,1,8,0,18,19,3,7,0,0,8,0,0,0,0,4,1,6,6,1,56,9,1798,8,8,TOYOTA AURIS,4,E01002179,0,-1
2023010448189,2023,010448189,1,9,0,4,4,7,3,0,0,1,0,7,0,0,1,1,6,6,1,79,11,1797,8,9,TOYOTA AURIS,-1,-1,0,-1
2023131289364,2023,131289364,2,8,0,18,19,7,3,0,0,2,0,0,0,0,3,1,1,1,1,34,6,1797,8,8,TOYOTA AURIS,1,E01010744,0,-1
2023052301227,2023,052301227,2,8,0,18,19,7,3,0,0,8,0,0,0,0,1,1,6,6,1,45,7,1798,8,6,TOYOTA AURIS,1,E01006778,0,-1
2023471381522,2023,471381522,1,9,0,12,12,7,3,0,0,0,0,0,0,0,1,1,5,6,1,24,5,1598,1,13,TOYOTA AURIS,1,E01020912,0,-1
2023451316063,2023,451316063,2,9,0,5,5,3,7,0,0,0,0,0,0,0,1,1,1,1,1,29,6,1797,8,9,TOYOTA AURIS,4,E01002487,0,-1
2023010465815,2023,010465815,1,8,0,99,99,9,9,99,99,9,9,99,9,99,2,9,1,1,1,33,6,1797,8,9,TOYOTA AURIS,3,E01003584,0,-1
2023201411006,2023,201411006,2,9,0,18,19,6,2,0,0,8,0,0,0,0,1,1,6,6,1,43,7,1598,1,16,TOYOTA AURIS,1,E01009194,0,-1
2023010429179,2023,010429179,1,9,9,99,99,9,9,99,99,9,9,99,9,99,9,9,6,6,3,-1,-1,1798,8,8,TOYOTA AURIS,1,E01004304,0,-1
2023010433939,2023,010433939,2,9,0,99,99,9,9,99,99,9,9,99,9,99,9,9,6,6,3,-1,-1,1798,8,6,TOYOTA AURIS,5,E01003080,0,-1
2023131259693,2023,131259693,2,9,0,12,12,1,5,0,0,0,0,0,0,0,3,1,1,1,1,45,7,1798,8,7,TOYOTA AURIS,3,E01010600,0,-1
2023221297714,2023,221297714,2,9,0,4,4,1,5,0,0,1,0,0,0,0,2,1,5,6,1,51,8,1329,1,8,TOYOTA AURIS,5,E01029013,0,-1
2023131348256,2023,131348256,2,9,0,18,19,1,5,0,0,8,0,0,0,0,1,1,1,1,1,56,9,1798,8,6,TOYOTA AURIS,2,E01010804,0,-1
2023010458982,2023,010458982,1,9,0,7,7,6,8,0,0,5,0,0,0,0,1,1,6,6,1,52,8,1798,8,6,TOYOTA AURIS,1,E01001787,0,-1
2023010426065,2023,010426065,1,9,0,3,3,3,7,0,0,1,0,0,0,0,2,1,6,6,2,42,7,1798,8,7,TOYOTA AURIS,4,E01033745,0,-1
2023010471252,2023,010471252,1,9,0,16,19,1,5,0,0,4,0,0,0,0,1,1,6,6,1,36,7,1329,1,14,TOYOTA AURIS,2,E01004243,0,-1
2023201378330,2023,201378330,1,9,0,9,9,4,2,0,0,8,0,10,1,0,1,1,1,1,1,56,9,1798,8,8,TOYOTA AURIS,1,E01009494,0,-1
2023010447534,2023,010447534,2,9,0,10,10,5,4,0,0,0,0,0,0,0,3,1,6,6,1,62,9,1798,8,5,TOYOTA AURIS,1,E01003051,0,-1
2023010454022,2023,010454022,1,9,0,2,2,0,0,0,0,1,0,0,0,0,3,1,6,6,3,-1,-1,1797,8,13,TOYOTA AURIS,-1,-1,0,-1
2023522400929,2023,522400929,1,9,0,18,19,7,3,0,0,8,0,0,0,0,1,1,6,6,1,32,6,1798,8,5,TOYOTA AURIS,3,E01014569,0,-1
2023311285761,2023,311285761,2,8,0,9,9,1,7,0,0,4,1,0,0,0,4,1,1,1,1,34,6,1798,8,7,TOYOTA AURIS,3,E01013932,0,-1
2023010427284,2023,010427284,2,9,0,18,19,8,4,0,0,1,0,0,0,0,1,1,6,6,3,-1,-1,1998,2,16,TOYOTA AURIS,-1,-1,0,-1
2023351287419,2023,351287419,5,9,0,2,2,0,0,0,0,1,0,4,0,0,1,1,6,6,3,-1,-1,1598,1,16,TOYOTA AURIS,-1,-1,0,-1
2023010461633,2023,010461633,2,9,0,99,99,9,9,99,99,9,9,99,9,99,9,9,6,6,2,88,11,1598,1,10,TOYOTA AURIS,6,E01001648,0,-1
2023522301701,2023,522301701,1,9,0,7,7,5,7,0,0,5,0,0,0,0,1,1,6,6,1,34,6,1798,8,7,TOYOTA AURIS,4,E01033362,0,-1
2023302301775,2023,302301775,1,8,0,18,19,8,7,0,0,2,0,0,0,0,3,2,1,1,1,43,7,1798,8,6,TOYOTA AURIS,1,E01033166,0,-1
2023010455715,2023,010455715,1,9,0,99,99,9,9,0,0,0,9,0,0,0,9,9,6,6,3,-1,-1,1798,8,4,TOYOTA AURIS,-1,-1,0,-1
2023052301955,2023,052301955,2,9,0,18,19,3,7,0,0,8,0,0,0,0,1,1,6,6,1,51,8,1998,2,14,TOYOTA AURIS,1,E01007274,0,-1
2023010449870,2023,010449870,1,9,0,18,19,8,4,0,0,0,0,10,1,2,1,1,6,6,2,56,9,1798,8,8,TOYOTA AURIS,8,E01004110,0,-1
2023401303999,2023,401303999,2,9,0,18,19,5,1,0,0,8,-1,0,0,0,2,1,4,7,2,41,7,1797,8,12,TOYOTA AURIS,9,E01015747,0,-1
2023010452893,2023,010452893,2,9,9,18,19,7,3,0,0,8,9,0,0,0,1,9,6,6,3,33,6,1797,8,11,TOYOTA AURIS,-1,-1,0,-1
2023461349690,2023,461349690,2,9,0,5,5,2,7,0,0,1,0,0,0,0,1,1,6,6,1,54,8,1598,1,12,TOYOTA AURIS,7,E01000993,0,-1
2023010482867,2023,010482867,1,9,0,99,99,9,9,99,99,0,9,99,9,99,1,9,2,2,2,45,7,1798,8,7,TOYOTA AURIS,7,E01003820,0,-1
2023131285913,2023,131285913,3,9,0,10,10,7,1,0,0,1,1,0,0,0,4,1,5,6,1,33,6,1797,8,13,TOYOTA AURIS,3,E01011477,0,-1
2023010440301,2023,010440301,2,9,0,18,19,1,5,0,0,1,0,0,0,0,1,1,6,6,2,43,7,1797,8,9,TOYOTA AURIS,2,E01004327,0,-1
2023522300418,2023,522300418,1,9,0,9,9,3,5,0,0,8,0,0,0,0,1,1,6,6,2,33,6,1598,1,9,TOYOTA AURIS,6,E01014750,0,-1
2023010440929,2023,010440929,1,9,0,9,9,7,4,0,0,8,0,0,0,0,1,1,2,2,2,37,7,1598,1,16,TOYOTA AURIS,1,E01003060,0,-1
2023041368103,2023,041368103,1,9,0,17,19,0,0,0,0,1,0,0,0,0,1,1,1,1,1,36,7,1798,8,6,TOYOTA AURIS,1,E01012733,0,-1
2023430095311,2023,430095311,1,9,0,9,9,5,3,0,0,1,0,0,0,0,1,1,6,6,2,22,5,1797,8,11,TOYOTA AURIS,10,E01016668,0,-1
2023010479099,2023,010479099,2,8,0,99,99,9,9,99,99,0,9,99,9,99,9,9,6,6,3,-1,-1,1798,8,5,TOYOTA AURIS,-1,-1,0,-1
2023010482457,2023,010482457,1,9,0,18,19,7,3,0,0,1,0,0,0,0,1,1,6,6,2,26,6,1398,1,16,TOYOTA AURIS,2,E01001591,0,-1
2023010461325,2023,010461325,4,9,0,2,2,0,0,0,0,0,0,0,0,0,3,1,6,6,3,-1,-1,1329,1,14,TOYOTA AURIS,-1,-1,0,-1
2023421334644,2023,421334644,3,9,0,2,2,0,0,0,0,0,0,0,0,0,4,1,6,6,1,45,7,1598,1,12,TOYOTA AURIS,10,E01027116,0,-1
2023010425570,2023,010425570,2,9,0,9,9,2,1,0,0,6,0,0,0,0,1,1,6,6,1,-1,-1,1598,1,16,TOYOTA AURIS,8,E01003004,0,-1
2023010426417,2023,010426417,1,9,0,99,99,9,9,99,99,9,9,99,9,99,0,9,6,6,1,50,8,1797,8,9,TOYOTA AURIS,5,E01002733,0,-1
2023061359006,2023,061359006,2,9,0,-1,-1,-1,-1,-1,-1,0,-1,-1,-1,0,1,1,6,6,2,35,6,1598,1,15,TOYOTA AURIS,1,E01005377,0,-1
2023031383563,2023,031383563,2,9,0,18,19,5,1,0,0,0,0,0,0,0,1,1,5,6,1,76,11,1197,1,6,TOYOTA AURIS,7,-1,0,-1
2023010459426,2023,010459426,4,9,0,16,19,3,7,0,0,0,0,0,0,0,3,1,6,6,1,25,5,1398,1,15,TOYOTA AURIS,-1,-1,0,-1
2023201338946,2023,201338946,1,9,0,3,3,8,4,0,0,1,0,0,0,0,2,1,1,1,2,64,9,1598,1,15,TOYOTA AURIS,2,E01009385,0,-1
2023010436550,2023,010436550,1,9,0,18,19,3,7,0,0,2,0,0,0,0,1,1,1,1,1,38,7,1797,8,9,TOYOTA AURIS,4,E01002594,0,-1
2023302300827,2023,302300827,1,9,0,18,19,3,7,0,0,8,0,0,0,0,1,1,1,1,1,45,7,1364,2,14,TOYOTA AURIS,2,E01013483,0,-1
2023010450549,2023,010450549,1,9,0,99,99,9,9,99,99,9,9,99,9,99,9,9,2,2,2,52,8,1797,8,13,TOYOTA AURIS,1,E01001206,0,-1
2023010429488,2023,010429488,2,9,0,99,99,9,9,99,99,9,9,99,9,99,1,9,6,6,3,-1,-1,1798,8,7,TOYOTA AURIS,-1,-1,0,-1
2023201413865,2023,201413865,1,8,0,3,3,7,3,0,0,1,0,0,0,0,4,1,1,1,1,44,7,1798,8,7,TOYOTA AURIS,2,E01009391,0,-1
2023131326918,2023,131326918,1,9,0,18,19,3,7,0,0,8,0,0,0,0,1,1,1,1,1,39,7,1797,8,10,TOYOTA AURIS,1,E01010831,0,-1
2023010420334,2023,010420334,1,8,0,18,19,3,7,0,0,2,0,0,0,0,4,2,1,1,1,70,10,1798,8,5,TOYOTA AURIS,5,E01002622,0,-1
2023411273491,2023,411273491,2,9,0,18,19,7,3,0,0,8,0,0,0,0,1,1,6,6,2,39,7,1598,1,16,TOYOTA AURIS,4,E01023401,0,-1
2023131355840,2023,131355840,1,9,0,18,19,1,5,0,0,1,0,0,0,0,3,1,1,1,1,52,8,1797,8,9,TOYOTA AURIS,5,E01010818,0,-1
2023010463613,2023,010463613,1,9,9,99,99,9,9,99,99,0,9,99,9,99,9,9,1,1,1,33,6,1797,8,12,TOYOTA AURIS,2,E01000509,0,-1
202360A007786,2023,60A007786,1,9,0,18,19,1,5,0,0,3,0,0,0,0,3,1,6,6,2,59,9,1598,1,12,TOYOTA AURIS,-1,-1,0,-1
2023010464919,2023,010464919,1,8,0,12,12,5,1,2,2,2,0,0,0,0,3,1,1,1,1,52,8,1798,8,6,TOYOTA AURIS,2,E01001800,0,-1
2023231266704,2023,231266704,1,9,0,18,19,8,3,0,0,0,0,0,0,0,1,1,6,6,1,40,7,1364,2,9,TOYOTA AURIS,10,E01032893,0,-1
2023471302665,2023,471302665,7,9,0,2,2,0,0,0,0,0,0,10,1,0,3,1,6,6,3,-1,-1,1598,1,8,TOYOTA AURIS,-1,-1,0,-1
2023131324200,2023,131324200,1,9,0,-1,-1,-1,-1,-1,-1,-1,-1,-1,-1,-1,-1,1,6,6,3,99,11,1797,8,9,TOYOTA AURIS,1,E01010822,0,-1
2023552300140,2023,552300140,2,8,0,18,19,3,7,0,0,8,0,0,0,0,1,1,1,1,1,50,8,1798,8,7,TOYOTA AURIS,6,E01022669,0,-1
2023010450520,2023,010450520,1,9,0,5,5,3,7,0,0,1,0,0,0,0,1,1,6,6,2,31,6,1797,8,11,TOYOTA AURIS,2,E01004537,0,-1
2023010423097,2023,010423097,1,9,0,9,9,7,4,6,6,5,0,0,0,0,1,1,6,6,1,33,6,1798,8,5,TOYOTA AURIS,4,E01032766,0,-1
2023010437876,2023,010437876,2,9,0,18,19,1,5,0,0,8,9,0,0,0,1,9,6,6,3,33,6,1798,8,6,TOYOTA AURIS,-1,-1,0,-1
2023631373957,2023,631373957,2,9,0,18,19,1,5,0,0,0,0,0,0,0,3,1,6,6,1,74,10,1364,2,8,TOYOTA AURIS,3,W01000454,0,-1
2023421344901,2023,421344901,1,9,0,9,9,1,7,0,0,8,0,0,0,0,4,1,1,1,1,24,5,1329,1,14,TOYOTA AURIS,6,E01015961,0,-1
2023010446040,2023,010446040,1,8,0,99,99,9,9,99,99,9,9,99,9,99,2,9,1,1,1,27,6,1798,8,6,TOYOTA AURIS,4,E01000588,0,-1
2023411342988,2023,411342988,2,9,0,18,19,6,2,0,0,0,0,0,0,0,1,1,6,6,1,54,8,1797,8,9,TOYOTA AURIS,1,E01015699,0,-1
2023170S40273,2023,170S40273,1,9,0,1,1,0,0,0,0,0,0,0,5,6,1,1,2,2,1,31,6,1364,2,16,TOYOTA AURIS,1,E01012039,0,-1
2023141356369,2023,141356369,1,9,0,18,19,7,3,0,0,0,0,0,0,0,2,1,6,6,1,46,8,1798,8,7,TOYOTA AURIS,1,E01008102,0,-1
2023411351087,2023,411351087,1,9,0,18,19,5,8,0,0,0,0,0,1,0,1,1,1,1,1,52,8,1797,8,9,TOYOTA AURIS,7,E01000118,0,-1
2023041381887,2023,041381887,2,9,0,2,2,7,3,0,0,1,0,0,0,0,2,1,5,6,1,51,8,1798,8,4,TOYOTA AURIS,1,E01008398,0,-1
2023010472706,2023,010472706,1,9,0,18,19,3,7,0,0,0,0,0,0,0,3,1,6,6,1,39,7,1598,1,10,TOYOTA AURIS,5,E01000996,0,-1
2023010425475,2023,010425475,1,9,0,9,9,1,6,0,0,1,0,0,0,0,1,1,6,6,2,61,9,1598,1,10,TOYOTA AURIS,3,E01001930,0,-1
2023010438488,2023,010438488,2,9,0,9,9,5,3,0,0,1,0,0,0,0,0,1,6,6,3,-1,-1,1797,8,9,TOYOTA AURIS,3,E01001481,0,-1
2023010446679,2023,010446679,2,9,0,99,99,9,9,99,99,9,9,99,9,99,1,9,6,6,3,-1,-1,1797,8,12,TOYOTA AURIS,-1,-1,0,-1
2023991373041,2023,991373041,1,8,0,4,4,3,6,0,0,1,0,0,0,0,1,1,1,1,1,-1,-1,1798,8,4,TOYOTA AURIS,-1,-1,0,-1
2023131275808,2023,131275808,2,9,0,4,4,1,1,0,0,0,0,0,0,0,2,1,1,1,1,41,7,1798,8,6,TOYOTA AURIS,6,E01011517,0,-1
2023010424631,2023,010424631,1,9,0,9,9,7,4,0,0,5,0,0,0,0,4,1,6,6,1,42,7,1598,1,14,TOYOTA AURIS,5,E01002652,0,-1
2023122300307,2023,122300307,2,9,0,2,2,0,0,0,0,0,0,0,0,0,1,1,6,6,3,-1,-1,1798,8,7,TOYOTA AURIS,-1,-1,0,-1
2023430334360,2023,430334360,2,9,0,18,19,4,8,0,0,1,0,0,0,0,1,1,6,6,1,46,8,1364,2,9,TOYOTA AURIS,10,E01022171,0,-1
2023141260650,2023,141260650,1,8,0,2,2,0,0,0,0,0,0,0,0,0,4,1,1,1,1,44,7,1798,8,6,TOYOTA AURIS,1,E01007716,0,-1
2023332301198,2023,332301198,2,9,0,18,19,6,2,0,0,2,0,0,0,0,2,1,6,6,2,39,7,1598,1,10,TOYOTA AURIS,3,E01025987,0,-1
2023131348200,2023,131348200,2,9,0,13,13,3,7,0,0,1,0,0,0,0,1,1,6,6,1,21,5,1998,2,15,TOYOTA AURIS,1,E01010702,0,-1
2023302300882,2023,302300882,2,9,0,18,19,1,5,0,0,0,0,0,0,0,3,1,6,6,2,61,9,1798,8,6,TOYOTA AURIS,9,E01019767,0,-1
2023461354230,2023,461354230,1,9,0,5,5,2,6,0,0,1,0,0,0,0,4,1,2,2,2,84,11,1798,8,5,TOYOTA AURIS,7,E01024547,0,-1
2023430258086,2023,430258086,1,9,0,9,9,6,4,0,0,6,0,0,0,0,1,1,6,6,1,59,9,1798,8,6,TOYOTA AURIS,8,E01030782,0,-1
2023061358671,2023,061358671,2,9,0,18,19,7,3,0,0,1,0,0,0,0,1,1,6,6,1,43,7,1998,2,16,TOYOTA AURIS,-1,-1,0,-1
2023131285095,2023,131285095,2,9,0,1,1,3,4,0,0,0,0,0,0,0,1,1,6,6,2,41,7,1398,1,16,TOYOTA AURIS,1,E01010733,0,-1
2023010425162,2023,010425162,1,9,0,99,99,9,9,99,99,9,9,99,9,99,2,9,1,1,1,57,9,1798,8,7,TOYOTA AURIS,4,E01000997,0,-1
2023201284012,2023,201284012,1,9,0,9,9,3,1,0,0,6,0,0,0,0,1,1,6,6,1,46,8,1598,1,13,TOYOTA AURIS,1,E01033628,0,-1
2023131290352,2023,131290352,1,8,0,18,19,5,1,0,0,0,0,0,0,0,-1,1,6,6,3,-1,-1,1797,8,9,TOYOTA AURIS,-1,-1,0,-1
2023201410986,2023,201410986,2,9,0,3,3,3,7,0,0,8,0,0,0,0,1,1,6,6,3,55,8,1797,8,8,TOYOTA AURIS,2,E01010525,0,-1
2023052302384,2023,052302384,2,9,0,3,3,1,5,0,0,0,0,0,0,0,2,1,1,1,1,53,8,1798,8,6,TOYOTA AURIS,4,E01006537,0,-1
2023201413001,2023,201413001,1,9,0,18,19,6,1,0,0,0,0,0,0,0,1,1,2,2,1,38,7,1598,1,13,TOYOTA AURIS,1,E01009147,0,-1
2023010464120,2023,010464120,2,9,0,99,99,9,9,99,99,9,9,99,9,99,9,9,6,6,3,46,8,1398,1,16,TOYOTA AURIS,2,E01004403,0,-1
2023052302848,2023,052302848,1,9,0,18,19,3,7,0,0,6,0,0,0,0,3,1,1,1,1,49,8,1798,8,7,TOYOTA AURIS,1,E01006540,0,-1
2023461293348,2023,461293348,1,9,0,18,19,5,1,0,0,0,1,0,1,0,1,1,1,1,1,46,8,1798,8,5,TOYOTA AURIS,7,E01021018,0,-1
2023411287130,2023,411287130,2,9,0,3,3,4,8,0,0,0,0,0,0,0,2,1,6,6,1,32,6,1798,8,5,TOYOTA AURIS,7,E01023901,0,-1
2023311279455,2023,311279455,1,8,0,10,10,7,1,0,0,1,0,0,0,0,3,1,1,1,1,42,7,1798,8,5,TOYOTA AURIS,1,E01028276,0,-1
2023010423687,2023,010423687,2,9,0,2,2,0,0,0,0,9,0,99,0,0,9,9,6,6,3,-1,-1,1798,8,6,TOYOTA AURIS,-1,-1,0,-1
2023201415105,2023,201415105,1,9,0,7,7,6,1,0,0,1,0,0,0,0,1,1,6,6,1,35,6,1798,8,5,TOYOTA AURIS,1,E01009486,0,-1
2023631333287,2023,631333287,2,9,0,3,3,4,7,0,0,1,0,0,0,0,2,1,5,6,1,78,11,1797,8,8,TOYOTA AURIS,3,W01000568,0,-1
2023451361233,2023,451361233,1,9,0,18,19,4,8,0,0,1,0,0,0,0,1,1,1,1,1,55,8,1798,8,6,TOYOTA AURIS,7,E01030826,0,-1
2023131345766,2023,131345766,3,8,0,5,5,5,1,0,0,1,0,0,0,0,3,1,1,1,1,41,7,1798,8,8,TOYOTA AURIS,1,E01011357,0,-1
2023010448077,2023,010448077,1,9,0,99,99,9,9,99,99,9,9,99,9,99,2,9,6,6,1,43,7,1797,8,10,TOYOTA AURIS,6,E01001319,0,-1
2023131364334,2023,131364334,2,9,0,16,19,7,3,0,0,0,0,0,0,0,1,1,1,1,1,29,6,1797,8,12,TOYOTA AURIS,1,E01010720,0,-1
2023010497024,2023,010497024,2,9,0,99,99,9,9,99,99,9,9,99,9,99,1,9,6,6,3,33,6,1364,2,8,TOYOTA AURIS,-1,-1,0,-1
2023131366194,2023,131366194,2,9,0,18,19,6,6,0,0,8,0,0,6,0,3,1,6,6,2,49,8,1598,1,16,TOYOTA AURIS,2,E01011105,0,-1
2023010471577,2023,010471577,1,9,0,18,19,5,1,0,0,1,0,0,0,0,1,1,6,6,1,28,6,1798,8,5,TOYOTA AURIS,2,E01004567,0,-1
2023231314953,2023,231314953,3,9,0,18,19,2,6,0,0,1,0,0,0,0,2,1,6,6,1,24,5,1797,5,8,TOYOTA AURIS,1,E01008916,0,-1
2023010425361,2023,010425361,1,9,0,5,5,5,1,0,0,0,0,0,0,0,3,1,6,6,1,65,9,1797,8,9,TOYOTA AURIS,2,E01002080,0,-1
2023131381842,2023,131381842,2,9,0,12,12,3,7,0,0,0,0,0,0,0,1,1,5,6,1,35,6,1797,8,9,TOYOTA AURIS,1,E01010807,0,-1
2023041373208,2023,041373208,2,9,0,7,7,3,1,0,0,1,0,0,0,0,1,1,1,1,1,49,8,1798,8,5,TOYOTA AURIS,1,E01012674,0,-1
2023010462553,2023,010462553,2,9,0,9,9,3,1,0,0,8,0,0,0,0,1,1,6,6,1,50,8,1598,1,15,TOYOTA AURIS,1,E01000508,0,-1
2023461282543,2023,461282543,5,9,0,18,19,2,6,0,0,0,1,0,0,0,2,1,5,6,2,55,8,1998,2,16,TOYOTA AURIS,2,E01016061,0,-1
2023010444556,2023,010444556,1,8,0,18,19,1,5,0,0,1,0,0,0,0,1,1,1,1,1,36,7,1797,8,9,TOYOTA AURIS,2,E01002505,0,-1
2023451329431,2023,451329431,2,9,0,4,4,6,2,0,0,0,0,0,0,0,2,1,2,2,1,38,7,1798,8,7,TOYOTA AURIS,6,E01030363,0,-1
2023451366803,2023,451366803,3,9,0,18,19,2,6,0,0,0,0,0,0,0,2,1,2,2,2,46,8,1598,1,9,TOYOTA AURIS,9,E01030795,0,-1
2023131343562,2023,131343562,1,9,0,7,7,4,8,0,0,0,2,0,0,0,4,1,5,6,1,-1,-1,1797,8,11,TOYOTA AURIS,-1,-1,0,-1
2023010433430,2023,010433430,2,8,0,99,99,9,9,99,99,9,9,99,9,99,9,9,6,6,3,-1,-1,1797,8,9,TOYOTA AURIS,-1,-1,0,-1
2023991325773,2023,991325773,1,9,0,18,19,3,7,0,0,0,0,0,0,0,3,1,6,6,1,20,4,1598,1,15,TOYOTA AURIS,-1,-1,0,-1
2023010476197,2023,010476197,1,9,0,18,19,1,5,0,0,2,0,0,0,0,1,1,1,1,1,45,7,1798,8,5,TOYOTA AURIS,3,E01003581,0,-1
2023201293256,2023,201293256,2,9,0,4,4,3,7,0,0,0,0,0,0,0,2,1,6,6,1,50,8,1329,1,14,TOYOTA AURIS,1,E01009881,0,-1
2023221358461,2023,221358461,1,9,0,14,14,5,1,0,0,0,5,4,0,0,4,1,3,7,2,34,6,1598,1,13,TOYOTA AURIS,6,E01032283,0,-1
2023401355074,2023,401355074,2,8,0,3,3,-1,-1,0,0,2,0,0,0,0,2,1,1,1,1,37,7,1798,8,5,TOYOTA AURIS,2,E01015726,0,-1
2023201408329,2023,201408329,1,9,0,5,5,5,1,0,0,6,0,0,0,0,1,1,6,6,3,22,5,1598,1,9,TOYOTA AURIS,-1,-1,0,-1
2023401309193,2023,401309193,3,8,0,4,4,4,6,0,0,1,0,0,0,0,2,1,6,6,3,-1,-1,1798,8,7,TOYOTA AURIS,-1,-1,0,-1
2023010452036,2023,010452036,1,9,0,99,99,9,9,99,99,9,9,99,9,99,9,9,6,6,1,51,8,1598,1,16,TOYOTA AURIS,2,E01004211,0,-1
2023451315388,2023,451315388,1,9,0,18,19,1,5,0,0,0,0,0,0,0,2,1,1,1,1,40,7,1798,8,8,TOYOTA AURIS,7,E01003675,0,-1
2023201405818,2023,201405818,2,9,0,3,3,4,8,0,0,0,0,0,0,0,2,1,1,1,1,49,8,1598,2,6,TOYOTA AURIS,1,E01010066,0,-1
2023522301454,2023,522301454,1,9,0,7,7,8,2,0,0,6,0,0,0,0,3,1,6,6,1,41,7,1797,8,10,TOYOTA AURIS,1,E01033348,0,-1