collision_index,collision_year,collision_ref_no,vehicle_reference,vehicle_type,towing_and_articulation,vehicle_manoeuvre_historic,vehicle_manoeuvre,vehicle_direction_from,vehicle_direction_to,vehicle_location_restricted_lane_historic,vehicle_location_restricted_lane,junction_location,skidding_and_overturning,hit_object_in_carriageway,vehicle_leaving_carriageway,hit_object_off_carriageway,first_point_of_impact,vehicle_left_hand_drive,journey_purpose_of_driver_historic,journey_purpose_of_driver,sex_of_driver,age_of_driver,age_band_of_driver,engine_capacity_cc,propulsion_code,age_of_vehicle,generic_make_model,driver_imd_decile,lsoa_of_driver,escooter_flag,driver_distance_banding
2023161362696,2023,161362696,2,8,0,2,2,0,0,0,0,0,0,0,0,0,2,1,1,1,1,57,9,1598,2,7,TOYOTA AURIS,1,E01012854,0,-1
2023061326950,2023,061326950,2,9,0,18,19,3,7,0,0,2,0,0,7,0,1,1,6,6,2,42,7,1797,8,9,TOYOTA AURIS,1,E01004979,0,-1
2023010459430,2023,010459430,1,9,0,99,99,9,9,99,99,0,9,99,9,99,2,9,1,1,1,51,8,1797,8,13,TOYOTA AURIS,3,E01004437,0,-1
2023131374345,2023,131374345,1,9,0,18,19,1,5,0,0,0,0,0,0,0,1,1,1,1,2,24,5,1329,1,13,TOYOTA AURIS,2,E01011025,0,-1
2023549913123,2023,549913123,1,9,0,18,19,7,3,0,0,1,1,0,1,11,1,1,6,6,1,44,7,1598,1,16,TOYOTA AURIS,9,E01032041,0,-1
2023131376157,2023,131376157,3,9,0,18,19,1,5,0,0,1,0,0,0,0,3,1,6,6,1,43,7,1598,1,9,TOYOTA AURIS,2,E01011448,0,-1
2023061348190,2023,061348190,1,8,0,18,19,2,5,0,0,2,0,0,0,0,3,1,1,1,1,38,7,1797,8,9,TOYOTA AURIS,2,E01005460,0,-1
2023010434404,2023,010434404,2,9,0,99,99,9,9,99,99,9,9,99,9,99,9,9,6,6,3,-1,-1,1598,1,16,TOYOTA AURIS,-1,-1,0,-1
2023010460865,2023,010460865,1,9,0,4,4,3,7,0,0,2,0,0,0,0,1,1,6,6,1,61,9,1797,8,13,TOYOTA AURIS,4,E01004495,0,-1
2023010435222,2023,010435222,2,9,0,18,19,1,5,0,0,6,0,0,0,0,4,1,1,1,1,57,9,1798,8,5,TOYOTA AURIS,3,E01017580,0,-1
2023302300295,2023,302300295,1,9,0,9,9,6,2,0,0,8,0,0,0,0,3,1,2,2,2,50,8,1398,1,15,TOYOTA AURIS,4,E01013459,0,-1
2023211317471,2023,211317471,3,8,0,18,19,6,2,0,0,1,0,0,0,0,1,1,1,1,1,-1,-1,1798,8,6,TOYOTA AURIS,1,E01014306,0,-1
2023531316866,2023,531316866,1,9,0,9,9,3,7,0,0,6,0,0,0,0,3,1,6,6,1,30,6,1598,1,13,TOYOTA AURIS,10,E01022406,0,-1
2023131322947,2023,131322947,1,9,0,10,10,4,6,0,0,0,0,0,7,0,1,1,3,7,2,37,7,1598,1,14,TOYOTA AURIS,1,E01010812,0,-1
2023131353236,2023,131353236,1,9,0,-1,-1,-1,-1,-1,-1,0,-1,-1,-1,-1,-1,1,6,6,3,-1,-1,1797,8,11,TOYOTA AURIS,-1,-1,0,-1
2023010454482,2023,010454482,1,9,0,99,99,9,9,99,99,0,9,99,9,99,4,9,6,6,1,42,7,1598,1,13,TOYOTA AURIS,3,E01003603,0,-1
2023141388408,2023,141388408,2,9,0,18,19,1,5,0,0,8,0,0,0,0,1,1,5,6,1,51,8,1798,8,8,TOYOTA AURIS,2,E01007522,0,-1
2023010445676,2023,010445676,1,9,0,99,99,9,9,99,99,9,9,99,9,99,1,9,6,6,3,-1,-1,1798,8,7,TOYOTA AURIS,-1,-1,0,-1
2023440479816,2023,440479816,1,9,0,9,9,6,4,0,0,8,0,0,0,0,3,1,6,6,2,48,8,1598,1,16,TOYOTA AURIS,4,E01023077,0,-1
2023010466758,2023,010466758,1,9,0,5,5,0,5,8,6,0,0,4,0,0,1,1,1,1,1,66,10,1798,8,7,TOYOTA AURIS,2,E01002637,0,-1
2023201311199,2023,201311199,1,9,0,18,19,8,4,0,0,2,0,0,0,0,1,1,6,6,1,57,9,1798,8,7,TOYOTA AURIS,4,E01008891,0,-1
2023061287352,2023,061287352,1,9,0,18,19,1,5,0,0,0,0,0,0,0,-1,1,6,6,3,49,8,1798,8,6,TOYOTA AURIS,10,E01007264,0,-1
2023361305153,2023,361305153,1,8,0,1,1,7,3,0,0,0,0,0,0,0,2,1,1,1,1,60,9,1797,8,10,TOYOTA AURIS,4,E01026794,0,-1
2023131384798,2023,131384798,1,9,0,9,9,1,5,0,0,1,0,0,0,0,3,1,1,1,1,20,4,1364,2,15,TOYOTA AURIS,6,E01010786,0,-1
2023471301505,2023,471301505,1,9,0,9,9,8,5,0,0,6,0,0,0,0,1,1,5,6,2,45,7,1329,1,13,TOYOTA AURIS,10,E01021234,0,-1
2023371372420,2023,371372420,1,9,0,-1,-1,-1,-1,0,0,0,0,0,0,0,-1,1,6,6,1,53,8,1598,1,14,TOYOTA AURIS,5,E01030106,0,-1
2023351319085,2023,351319085,1,9,0,2,2,0,0,0,0,2,0,0,0,0,4,1,5,6,1,46,8,1398,1,15,TOYOTA AURIS,5,E01018273,0,-1
2023010425808,2023,010425808,2,9,0,99,99,9,9,99,99,9,9,99,9,99,3,9,6,6,3,48,8,1797,8,8,TOYOTA AURIS,2,E01002096,0,-1
2023061309783,2023,061309783,1,9,0,5,5,6,2,0,0,1,0,0,0,0,3,1,3,7,2,34,6,1797,8,9,TOYOTA AURIS,3,E01004816,0,-1
2023010453671,2023,010453671,1,8,0,99,99,9,9,99,99,9,9,99,9,99,1,9,2,2,1,47,8,1797,8,8,TOYOTA AURIS,2,E01001692,0,-1
2023332300933,2023,332300933,1,8,0,4,4,3,7,0,0,0,0,0,0,0,2,1,3,7,1,45,7,1798,8,6,TOYOTA AURIS,4,E01013741,0,-1
2023552300534,2023,552300534,1,9,0,18,19,4,8,0,0,0,0,6,0,0,1,1,6,6,2,20,4,1598,1,11,TOYOTA AURIS,-1,-1,0,-1
2023131301753,2023,131301753,1,9,0,9,9,5,1,0,0,0,0,0,3,11,1,1,5,6,1,20,4,1364,2,9,TOYOTA AURIS,1,E01011138,0,-1
2023211376058,2023,211376058,2,9,0,10,10,5,2,-1,-1,-1,-1,-1,-1,0,2,1,5,6,2,44,7,1598,1,15,TOYOTA AURIS,5,E01014243,0,-1
2023131350180,2023,131350180,1,9,0,18,19,3,7,0,0,0,0,0,0,0,1,1,1,1,1,50,8,1798,8,6,TOYOTA AURIS,1,E01011045,0,-1
2023430024153,2023,430024153,1,9,0,18,19,2,6,0,0,2,0,0,0,0,1,1,3,7,1,43,7,1797,8,11,TOYOTA AURIS,8,E01028808,0,-1
2023201393508,2023,201393508,1,9,0,9,9,3,1,0,0,6,0,0,0,0,1,1,6,6,3,16,4,1329,1,14,TOYOTA AURIS,-1,-1,0,-1
2023010470591,2023,010470591,2,9,0,4,4,1,5,0,0,1,0,0,0,0,1,1,6,6,1,39,7,1798,8,7,TOYOTA AURIS,7,E01002173,0,-1
2023131344142,2023,131344142,1,9,0,5,5,6,2,0,0,6,0,0,2,11,1,1,6,6,1,34,6,1798,8,6,TOYOTA AURIS,1,E01010964,0,-1
2023332300574,2023,332300574,1,9,0,4,4,3,7,0,0,0,0,0,0,0,2,1,2,2,1,45,7,1798,8,6,TOYOTA AURIS,8,E01025730,0,-1
2023141346075,2023,141346075,2,9,0,2,2,0,0,0,0,0,0,0,0,0,1,1,6,6,1,49,8,1798,8,5,TOYOTA AURIS,2,E01007942,0,-1
2023201364493,2023,201364493,1,9,0,18,19,4,8,0,0,0,0,4,0,0,1,1,6,6,1,73,10,1797,8,10,TOYOTA AURIS,3,E01009887,0,-1
2023461352239,2023,461352239,2,9,0,18,19,3,7,0,0,0,0,0,0,0,2,1,5,6,2,48,8,1797,8,10,TOYOTA AURIS,7,E01024316,0,-1
2023461366337,2023,461366337,2,9,0,18,19,5,1,0,0,0,0,0,0,0,2,1,5,6,1,51,8,1797,8,9,TOYOTA AURIS,5,E01002745,0,-1
2023311319397,2023,311319397,2,9,0,8,8,7,3,0,0,1,0,0,0,0,4,1,6,6,1,40,7,1798,8,6,TOYOTA AURIS,2,E01013933,0,-1
2023991283306,2023,991283306,1,9,0,18,19,1,5,0,0,4,0,0,0,0,3,1,6,6,1,38,7,1798,8,6,TOYOTA AURIS,7,-1,0,-1
2023451368293,2023,451368293,1,9,0,9,9,5,1,0,0,8,0,0,0,0,1,1,1,1,1,51,8,1598,1,14,TOYOTA AURIS,6,E01002919,0,-1
2023131331061,2023,131331061,1,9,0,18,19,1,5,0,0,0,0,4,0,0,1,1,1,1,1,62,9,1797,8,13,TOYOTA AURIS,1,E01010744,0,-1
2023010461306,2023,010461306,2,9,0,17,19,1,5,0,0,0,0,0,0,0,1,1,1,1,1,38,7,1798,8,5,TOYOTA AURIS,3,E01001637,0,-1
2023052300040,2023,052300040,1,8,0,7,7,8,2,0,0,5,0,0,0,0,1,1,1,1,1,34,6,1364,2,10,TOYOTA AURIS,1,E01033767,0,-1
2023010439514,2023,010439514,1,9,9,99,99,9,9,99,99,9,9,99,9,99,9,9,6,6,1,47,8,1798,8,6,TOYOTA AURIS,7,E01002223,0,-1
2023131283104,2023,131283104,1,8,0,5,5,5,1,0,0,0,0,0,0,0,1,1,1,1,1,66,10,1797,8,11,TOYOTA AURIS,1,E01011036,0,-1
2023311379951,2023,311379951,1,8,0,5,5,3,6,0,0,0,0,0,0,0,3,1,1,1,1,41,7,1798,8,5,TOYOTA AURIS,2,E01013933,0,-1
2023141353698,2023,141353698,2,9,0,7,7,8,2,0,0,6,0,0,1,0,3,1,6,6,1,64,9,1797,8,9,TOYOTA AURIS,2,E01007872,0,-1
2023061343033,2023,061343033,1,9,0,7,7,7,3,0,0,6,0,0,0,0,1,1,5,6,1,66,10,1598,2,7,TOYOTA AURIS,1,E01005099,0,-1
2023622300674,2023,622300674,2,8,0,18,19,4,8,0,0,1,0,0,0,0,1,1,1,1,1,36,7,1798,8,4,TOYOTA AURIS,2,W01001872,0,-1
2023131260765,2023,131260765,1,9,0,9,9,6,4,0,0,5,1,0,1,11,1,1,5,6,1,30,6,1797,8,12,TOYOTA AURIS,1,E01033693,0,-1
2023010475742,2023,010475742,1,9,0,99,99,9,9,99,99,9,9,99,9,99,2,9,6,6,2,29,6,1797,8,13,TOYOTA AURIS,3,E01003999,0,-1
2023010446413,2023,010446413,2,9,9,99,99,9,9,99,99,9,9,99,9,99,9,9,6,6,2,-1,-1,1598,1,15,TOYOTA AURIS,10,E01002947,0,-1
2023430284045,2023,430284045,2,9,0,13,13,8,4,0,0,0,0,0,0,0,4,1,6,6,1,-1,-1,1598,1,15,TOYOTA AURIS,10,E01032763,0,-1
2023010441857,2023,010441857,1,9,0,99,99,9,9,99,99,9,9,99,9,99,1,9,6,6,1,48,8,1797,8,10,TOYOTA AURIS,-1,-1,0,-1
2023010444242,2023,010444242,7,9,0,18,19,8,4,0,0,0,0,0,0,0,2,1,6,6,1,22,5,1797,8,12,TOYOTA AURIS,-1,-1,0,-1
2023430047492,2023,430047492,1,9,0,18,19,4,8,0,0,4,0,0,0,0,1,1,6,6,2,60,9,1364,2,10,TOYOTA AURIS,-1,-1,0,-1
2023461293645,2023,461293645,3,9,0,4,4,3,7,0,0,0,0,0,0,0,2,1,6,6,2,58,9,1998,2,16,TOYOTA AURIS,7,E01024203,0,-1
2023311297655,2023,311297655,1,9,0,1,1,0,0,9,9,0,0,0,0,0,2,1,1,1,1,43,7,1797,8,8,TOYOTA AURIS,6,E01028160,0,-1
2023131343327,2023,131343327,2,8,0,18,19,8,4,0,0,1,0,0,7,0,1,1,1,1,1,34,6,1797,8,8,TOYOTA AURIS,1,E01010744,0,-1
2023010439873,2023,010439873,2,9,0,99,99,9,9,99,99,9,9,99,9,99,9,9,6,6,3,-1,-1,1797,8,13,TOYOTA AURIS,-1,-1,0,-1
2023041280270,2023,041280270,2,9,0,11,11,1,5,0,0,0,0,0,0,0,4,1,1,1,1,32,6,1797,8,9,TOYOTA AURIS,4,E01025198,0,-1
2023461360900,2023,461360900,2,9,0,3,3,4,8,0,0,0,0,0,0,0,2,1,1,1,2,49,8,1798,8,6,TOYOTA AURIS,9,E01024145,0,-1
2023131290265,2023,131290265,2,8,0,2,2,0,0,0,0,0,1,0,7,11,2,1,1,1,1,61,9,1798,8,7,TOYOTA AURIS,1,E01010829,0,-1
2023991298655,2023,991298655,1,9,0,18,19,7,3,0,0,0,0,0,0,0,1,1,2,2,1,51,8,1364,2,8,TOYOTA AURIS,-1,-1,0,-1
2023010444645,2023,010444645,2,8,0,99,99,9,9,99,99,9,9,99,9,99,9,9,6,6,1,-1,-1,1798,8,5,TOYOTA AURIS,2,E01003168,0,-1
2023010447803,2023,010447803,2,9,0,99,99,9,9,99,99,9,9,99,9,99,1,9,6,6,3,-1,-1,1798,8,7,TOYOTA AURIS,6,E01003427,0,-1
2023471265948,2023,471265948,2,9,0,18,19,5,1,0,0,3,0,0,0,0,3,1,6,6,1,83,11,1598,1,11,TOYOTA AURIS,8,E01021073,0,-1
2023010484661,2023,010484661,1,9,0,3,3,7,3,0,0,1,0,0,0,0,2,1,6,6,1,43,7,1598,1,14,TOYOTA AURIS,9,E01016513,0,-1
2023522400146,2023,522400146,2,8,0,18,19,2,6,0,0,1,0,0,0,0,1,1,1,1,1,55,8,1798,8,6,TOYOTA AURIS,6,E01014975,0,-1
2023141261776,2023,141261776,1,9,0,2,2,1,5,0,0,0,0,0,0,0,2,1,1,1,1,61,9,1598,1,9,TOYOTA AURIS,2,E01007770,0,-1
2023131383537,2023,131383537,1,9,0,9,9,6,4,0,0,6,0,0,0,0,1,1,1,1,1,35,6,1798,8,6,TOYOTA AURIS,7,E01010999,0,-1
2023221301276,2023,221301276,2,9,0,7,7,2,4,0,0,4,0,0,0,0,2,1,6,6,2,73,10,1598,1,10,TOYOTA AURIS,1,E01032434,0,-1
2023010471869,2023,010471869,2,9,0,99,99,9,9,99,99,9,9,99,9,99,9,9,6,6,3,-1,-1,1598,1,12,TOYOTA AURIS,-1,-1,0,-1
2023421331651,2023,421331651,1,9,0,18,19,7,3,0,0,0,5,4,0,0,1,1,1,1,1,45,7,1798,8,6,TOYOTA AURIS,6,E01023952,0,-1
2023421343242,2023,421343242,1,8,0,9,9,2,8,0,0,8,0,0,0,0,4,1,1,1,1,41,7,1798,8,6,TOYOTA AURIS,4,E01021839,0,-1
2023332301170,2023,332301170,2,8,0,2,2,0,0,0,0,2,0,0,0,0,3,1,6,6,3,-1,-1,1797,8,8,TOYOTA AURIS,-1,-1,0,-1
2023461266469,2023,461266469,1,9,0,18,19,4,8,0,0,0,0,0,2,4,1,1,6,6,1,27,6,1598,1,15,TOYOTA AURIS,4,E01024665,0,-1
2023131322173,2023,131322173,1,9,0,7,7,1,7,0,0,6,0,0,0,0,4,1,6,6,3,-1,-1,1798,8,8,TOYOTA AURIS,-1,-1,0,-1
2023131308115,2023,131308115,1,9,0,2,2,3,7,4,4,8,0,0,0,0,1,1,1,1,1,34,6,1798,8,6,TOYOTA AURIS,1,E01011363,0,-1
2023041337667,2023,041337667,1,9,0,18,19,1,5,0,0,1,0,0,0,0,1,1,1,1,1,38,7,1798,8,6,TOYOTA AURIS,1,E01025570,0,-1
2023010484941,2023,010484941,1,9,0,7,7,5,8,0,0,2,0,0,0,0,1,1,6,6,1,37,7,1798,8,6,TOYOTA AURIS,3,E01001238,0,-1
2023131357993,2023,131357993,1,9,0,6,6,1,1,0,0,0,0,0,0,0,4,1,1,1,1,42,7,1798,8,7,TOYOTA AURIS,4,E01011909,0,-1
2023122301270,2023,122301270,1,9,0,9,9,1,7,0,0,8,0,0,0,0,1,1,6,6,1,64,9,1798,8,7,TOYOTA AURIS,8,E01027728,0,-1
2023471295181,2023,471295181,1,9,0,18,19,3,7,0,0,8,0,0,0,0,3,1,1,1,1,52,8,1798,8,8,TOYOTA AURIS,4,E01031834,0,-1
2023010432321,2023,010432321,1,9,0,18,19,1,5,0,0,0,0,0,0,0,1,1,1,1,1,44,7,1798,8,5,TOYOTA AURIS,4,E01003685,0,-1
2023430158544,2023,430158544,1,9,0,18,19,4,8,0,0,1,0,0,0,0,1,1,6,6,2,43,7,1598,1,10,TOYOTA AURIS,2,E01002634,0,-1
2023131281045,2023,131281045,4,9,0,2,2,8,4,0,0,8,0,0,0,0,4,1,6,6,3,-1,-1,2231,2,16,TOYOTA AURIS,-1,-1,0,-1
2023061327575,2023,061327575,2,9,0,2,2,0,0,0,0,4,0,0,0,0,1,1,6,6,3,-1,-1,1329,1,14,TOYOTA AURIS,-1,-1,0,-1
2023061295312,2023,061295312,1,8,0,18,19,1,8,0,0,0,0,0,0,0,0,1,1,1,3,30,6,1364,2,8,TOYOTA AURIS,-1,-1,0,-1
2023010445569,2023,010445569,1,9,0,9,9,4,1,0,0,1,0,10,0,0,1,1,6,6,2,63,9,1797,8,11,TOYOTA AURIS,3,E01001752,0,-1
2023010457067,2023,010457067,1,9,0,7,7,1,2,0,0,6,0,0,1,0,1,1,6,6,1,32,6,1798,8,5,TOYOTA AURIS,4,E01021809,0,-1
2023451310481,2023,451310481,1,9,0,17,19,1,1,0,0,2,0,0,1,4,1,1,5,6,2,82,11,1598,1,8,TOYOTA AURIS,3,E01030362,0,-1
2023430071835,2023,430071835,2,9,0,18,19,8,4,0,0,0,0,0,0,0,2,1,6,6,1,42,7,1598,1,10,TOYOTA AURIS,6,E01028813,0,-1
2023052300612,2023,052300612,2,9,0,18,19,5,1,0,0,0,0,0,0,0,1,1,1,1,1,-1,-1,1798,8,5,TOYOTA AURIS,7,E01007084,0,-1
2023991377174,2023,991377174,2,9,0,18,19,7,3,0,0,1,0,0,0,0,1,1,6,6,1,30,6,1797,8,9,TOYOTA AURIS,1,-1,0,-1
2023411375320,2023,411375320,2,9,0,5,5,1,5,0,0,1,0,0,0,0,1,1,6,6,2,34,6,1598,1,10,TOYOTA AURIS,-1,-1,0,-1
2023131389202,2023,131389202,2,9,0,18,19,7,3,0,0,0,0,0,0,0,3,1,6,6,1,34,6,1798,8,5,TOYOTA AURIS,1,E01011349,0,-1
2023332300656,2023,332300656,1,8,0,3,3,1,5,0,0,8,0,0,1,0,2,1,1,1,1,65,9,1798,8,5,TOYOTA AURIS,3,E01025976,0,-1
2023141390244,2023,141390244,2,9,0,18,19,1,5,0,0,1,0,0,0,0,3,1,5,6,1,73,10,1797,8,9,TOYOTA AURIS,2,E01007595,0,-1
2023010475320,2023,010475320,2,9,0,99,99,9,9,99,99,9,9,99,9,99,0,9,6,6,3,-1,-1,1797,8,10,TOYOTA AURIS,-1,-1,0,-1
2023061315362,2023,061315362,4,9,-1,2,2,-1,-1,0,0,0,0,0,0,0,1,1,6,6,3,30,6,1598,1,15,TOYOTA AURIS,3,E01005262,0,-1
2023131304933,2023,131304933,1,9,0,18,19,1,1,7,6,0,0,0,0,0,3,1,1,1,1,51,8,1798,8,6,TOYOTA AURIS,1,E01010744,0,-1
2023211263426,2023,211263426,1,9,0,9,9,3,7,0,0,1,0,0,0,0,1,1,1,1,1,52,8,1798,8,8,TOYOTA AURIS,6,E01014233,0,-1
2023010486552,2023,010486552,1,9,0,18,19,5,1,0,0,0,0,0,0,0,4,1,6,6,1,41,7,1797,8,8,TOYOTA AURIS,9,E01015939,0,-1
2023010478362,2023,010478362,2,9,0,99,99,9,9,99,99,9,9,99,9,99,9,9,6,6,3,-1,-1,1797,8,9,TOYOTA AURIS,-1,-1,0,-1
2023131280015,2023,131280015,2,9,0,9,9,4,7,0,0,8,0,0,0,0,2,1,1,1,1,35,6,1797,8,9,TOYOTA AURIS,1,E01010618,0,-1
2023010439741,2023,010439741,2,9,0,4,4,1,5,0,0,1,0,0,0,0,2,1,6,6,1,55,8,1598,1,14,TOYOTA AURIS,4,E01003740,0,-1
2023010455774,2023,010455774,1,9,0,18,19,5,1,0,0,1,0,0,0,0,1,1,1,1,1,48,8,1798,8,6,TOYOTA AURIS,-1,-1,0,-1
2023010459791,2023,010459791,1,9,0,3,3,3,7,0,0,1,0,0,3,0,2,1,1,1,1,37,7,1798,8,7,TOYOTA AURIS,2,E01003582,0,-1
2023201389686,2023,201389686,1,9,0,18,19,-1,-1,0,0,0,0,0,0,0,1,1,1,1,3,-1,-1,1798,8,5,TOYOTA AURIS,-1,-1,0,-1
2023010431407,2023,010431407,1,9,0,18,19,5,1,0,0,1,0,0,0,0,1,1,6,6,1,22,5,1598,1,9,TOYOTA AURIS,3,E01002502,0,-1
2023131289922,2023,131289922,1,8,0,5,5,-1,-1,0,0,0,-1,-1,-1,-1,1,1,6,6,3,-1,-1,1797,8,9,TOYOTA AURIS,-1,-1,0,-1
2023231313751,2023,231313751,2,9,0,18,19,6,2,0,0,0,0,0,0,0,1,1,6,6,1,65,9,1798,8,7,TOYOTA AURIS,2,E01009017,0,-1
2023201339334,2023,201339334,1,9,0,18,19,8,4,0,0,0,0,10,1,2,1,1,1,1,2,58,9,1998,2,16,TOYOTA AURIS,1,E01009836,0,-1
2023122301100,2023,122301100,4,8,0,6,6,3,3,0,0,0,0,0,0,0,0,1,1,1,1,40,7,1798,8,6,TOYOTA AURIS,1,E01011144,0,-1
2023010441859,2023,010441859,1,9,0,4,4,3,7,0,0,1,0,0,0,0,2,1,6,6,3,-1,-1,1798,8,5,TOYOTA AURIS,-1,-1,0,-1
2023010465719,2023,010465719,1,8,0,9,9,7,5,0,0,6,0,0,0,0,1,1,2,2,1,44,7,1797,8,10,TOYOTA AURIS,4,E01003147,0,-1
2023332300772,2023,332300772,1,9,0,18,19,5,1,0,0,1,0,0,0,0,4,1,6,6,1,36,7,1329,1,14,TOYOTA AURIS,1,E01013720,0,-1
2023010465752,2023,010465752,1,8,0,99,99,9,9,99,99,9,9,99,9,99,2,9,6,6,1,29,6,1797,8,9,TOYOTA AURIS,3,E01000024,0,-1
2023451313932,2023,451313932,3,9,0,3,3,5,1,0,0,0,0,0,0,0,0,1,6,6,1,45,7,1598,1,9,TOYOTA AURIS,10,E01030475,0,-1
2023010435482,2023,010435482,2,9,0,18,19,5,1,0,0,1,0,0,0,0,1,1,6,6,1,39,7,1398,1,15,TOYOTA AURIS,5,E01015926,0,-1
2023010425789,2023,010425789,1,9,0,3,3,1,5,0,0,0,0,0,0,0,2,1,2,2,1,45,7,1798,8,5,TOYOTA AURIS,2,E01002634,0,-1
2023544258523,2023,544258523,2,9,0,18,19,2,6,0,0,1,0,0,0,0,1,1,6,6,2,29,6,1329,1,14,TOYOTA AURIS,2,E01015476,0,-1
2023421341938,2023,421341938,1,9,0,18,19,3,7,0,0,1,0,0,0,0,1,1,5,6,1,81,11,1798,8,6,TOYOTA AURIS,10,E01021379,0,-1
2023201290823,2023,201290823,2,9,0,1,1,6,1,0,0,1,0,0,0,0,2,1,6,6,1,-1,-1,1797,8,13,TOYOTA AURIS,2,E01009151,0,-1
2023010460525,2023,010460525,2,8,0,99,99,9,9,99,99,9,9,99,9,99,1,9,6,6,1,61,9,1798,8,7,TOYOTA AURIS,2,E01004284,0,-1
2023201379607,2023,201379607,2,9,0,18,19,5,1,0,0,8,0,0,0,0,4,1,2,2,2,25,5,1598,1,14,TOYOTA AURIS,2,E01009575,0,-1
2023610012523,2023,610012523,3,9,0,18,19,5,1,0,0,1,0,0,0,0,1,1,6,6,2,42,7,1364,2,10,TOYOTA AURIS,5,W01001373,0,-1
2023332300972,2023,332300972,2,9,0,6,6,3,3,0,0,8,0,0,0,0,1,1,3,7,2,-1,-1,1798,8,7,TOYOTA AURIS,-1,-1,0,-1
2023461394426,2023,461394426,2,9,0,5,5,1,5,0,0,1,0,0,0,0,4,1,6,6,1,60,9,1798,8,7,TOYOTA AURIS,5,E01000467,0,-1
2023141269976,2023,141269976,1,9,0,18,19,6,2,0,0,0,1,0,1,4,1,1,2,2,1,29,6,1329,1,11,TOYOTA AURIS,2,E01007443,0,-1
2023070653417,2023,070653417,1,9,0,18,19,1,5,0,0,8,0,0,1,0,4,1,6,6,1,88,11,1797,8,11,TOYOTA AURIS,7,E01018371,0,-1
2023320483219,2023,320483219,1,9,0,4,4,8,4,0,0,2,0,0,0,0,1,1,1,1,1,43,7,1598,1,15,TOYOTA AURIS,2,E01026156,0,-1
2023010473419,2023,010473419,1,9,0,99,99,9,9,99,99,9,9,99,9,99,1,9,1,1,1,54,8,1798,8,8,TOYOTA AURIS,3,E01003214,0,-1
2023141391870,2023,141391870,1,9,0,18,19,1,5,0,0,1,0,0,0,0,1,1,1,1,1,57,9,1798,8,5,TOYOTA AURIS,1,E01008103,0,-1
2023010472843,2023,010472843,2,9,0,99,99,9,9,99,99,9,9,99,9,99,2,9,6,6,3,-1,-1,1598,1,16,TOYOTA AURIS,-1,-1,0,-1
2023131307244,2023,131307244,1,9,0,18,19,-1,-1,0,0,8,0,0,0,0,1,1,2,2,1,29,6,1797,8,10,TOYOTA AURIS,2,E01010778,0,-1
2023411334281,2023,411334281,1,9,0,15,15,3,7,0,0,0,0,11,0,0,4,1,5,6,1,35,6,1798,8,6,TOYOTA AURIS,5,E01021854,0,-1
2023010442094,2023,010442094,2,9,0,99,99,9,9,0,0,8,0,0,0,0,1,1,6,6,1,46,8,1798,8,6,TOYOTA AURIS,2,E01004267,0,-1
2023340WN2972,2023,340WN2972,1,9,0,18,19,3,7,0,0,4,0,0,0,0,1,1,6,6,1,33,6,1398,1,15,TOYOTA AURIS,1,E01027168,0,-1
2023451278020,2023,451278020,1,9,0,13,13,6,2,0,0,0,2,0,1,9,1,1,5,6,1,22,5,2360,8,16,TOYOTA MODEL MISSING,4,E01003441,0,-1
2023010470802,2023,010470802,1,9,0,18,19,7,3,0,0,0,0,0,0,0,4,1,6,6,1,52,8,2365,8,14,TOYOTA MODEL MISSING,2,E01032765,0,-1
2023052300274,2023,052300274,1,9,0,18,19,7,3,0,0,0,0,0,0,0,1,1,6,6,1,37,7,2400,8,15,TOYOTA MODEL MISSING,1,E01006215,0,-1
2023010454490,2023,010454490,2,9,0,99,99,9,9,99,99,9,9,99,9,99,1,9,6,6,3,-1,-1,2360,8,17,TOYOTA MODEL MISSING,2,E01033705,0,-1
2023010454093,2023,010454093,1,9,0,99,99,9,9,99,99,0,9,99,9,99,2,9,6,6,1,49,8,2360,1,19,TOYOTA MODEL MISSING,10,E01027088,0,-1
2023010444183,2023,010444183,1,8,0,4,4,3,7,0,0,1,0,0,0,0,4,1,6,6,1,61,9,1797,8,10,TOYOTA MODEL MISSING,3,E01000945,0,-1
2023201296485,2023,201296485,3,9,0,18,19,6,2,0,0,0,1,0,0,0,2,1,2,2,1,35,6,2360,7,13,TOYOTA MODEL MISSING,1,E01009134,0,-1
2023061345901,2023,061345901,3,9,0,18,19,1,5,0,0,0,0,0,0,0,2,1,5,6,1,49,8,2360,7,15,TOYOTA MODEL MISSING,2,E01027170,0,-1
2023211298470,2023,211298470,2,9,-1,12,12,3,7,-1,-1,0,-1,-1,-1,0,-1,1,5,6,2,56,9,2990,1,18,TOYOTA MODEL MISSING,8,E01029587,0,-1
2023010465129,2023,010465129,2,9,9,99,99,9,9,99,99,9,9,99,9,99,9,9,6,6,3,-1,-1,1299,1,21,TOYOTA MODEL MISSING,-1,-1,0,-1
2023010432227,2023,010432227,1,9,0,99,99,9,9,99,99,0,9,99,9,99,2,1,6,6,1,43,7,2362,1,14,TOYOTA MODEL MISSING,5,E01000243,0,-1
2023421282230,2023,421282230,1,9,0,9,9,5,2,0,0,2,0,0,0,0,1,1,6,6,1,55,8,2362,1,16,TOYOTA MODEL MISSING,10,E01021453,0,-1