collision_index,collision_year,collision_ref_no,vehicle_reference,vehicle_type,towing_and_articulation,vehicle_manoeuvre_historic,vehicle_manoeuvre,vehicle_direction_from,vehicle_direction_to,vehicle_location_restricted_lane_historic,vehicle_location_restricted_lane,junction_location,skidding_and_overturning,hit_object_in_carriageway,vehicle_leaving_carriageway,hit_object_off_carriageway,first_point_of_impact,vehicle_left_hand_drive,journey_purpose_of_driver_historic,journey_purpose_of_driver,sex_of_driver,age_of_driver,age_band_of_driver,engine_capacity_cc,propulsion_code,age_of_vehicle,generic_make_model,driver_imd_decile,lsoa_of_driver,escooter_flag,driver_distance_banding
2023332301302,2023,332301302,2,8,0,3,3,5,1,0,0,0,0,0,0,0,2,1,6,6,1,-1,-1,3650,7,8,TOYOTA MODEL MISSING,-1,-1,0,-1
2023010442693,2023,010442693,1,9,0,18,19,1,5,0,0,1,0,0,7,4,1,1,6,6,1,53,8,2362,8,11,TOYOTA MODEL MISSING,9,E01002192,0,-1
2023010436047,2023,010436047,2,9,0,1,1,5,1,0,0,0,0,0,0,0,3,1,6,6,1,46,8,2980,2,27,TOYOTA MODEL MISSING,2,E01002087,0,-1
2023010472401,2023,010472401,1,9,0,6,6,7,7,0,0,8,0,0,0,0,3,1,6,6,1,23,5,2362,1,14,TOYOTA MODEL MISSING,3,E01001814,0,-1
2023201278242,2023,201278242,1,9,0,9,9,1,7,0,0,6,0,0,0,0,1,1,3,7,1,36,7,2360,1,15,TOYOTA MODEL MISSING,1,E01008906,0,-1
2023010483419,2023,010483419,2,9,0,99,99,9,9,99,99,9,9,99,9,99,1,9,6,6,3,-1,-1,998,1,16,TOYOTA MODEL MISSING,-1,-1,0,-1
2023010455540,2023,010455540,2,9,0,9,9,3,1,0,0,1,0,0,0,0,1,1,6,6,1,32,6,2362,1,15,TOYOTA MODEL MISSING,5,E01021494,0,-1
2023010479005,2023,010479005,2,9,0,99,99,9,9,99,99,0,9,99,9,99,9,9,6,6,3,-1,-1,2360,8,12,TOYOTA MODEL MISSING,-1,-1,0,-1
2023010439872,2023,010439872,1,8,0,18,19,5,1,0,0,8,0,0,0,0,1,1,1,1,1,60,9,1797,8,7,TOYOTA MODEL MISSING,2,E01001959,0,-1
2023010453583,2023,010453583,1,8,0,99,99,9,9,99,99,0,9,99,9,99,2,9,6,6,3,-1,-1,1790,8,11,TOYOTA MODEL MISSING,-1,-1,0,-1
2023010480676,2023,010480676,2,9,0,99,99,9,9,99,99,0,9,99,9,99,2,9,6,6,3,-1,-1,1797,8,11,TOYOTA MODEL MISSING,-1,-1,0,-1
2023461387869,2023,461387869,6,9,0,18,19,8,4,0,0,0,1,0,0,0,1,1,6,6,1,22,5,2362,1,16,TOYOTA MODEL MISSING,2,E01001824,0,-1
2023351328283,2023,351328283,1,9,0,18,19,1,5,0,0,4,0,0,0,0,1,1,6,6,1,35,6,1798,8,13,TOYOTA MODEL MISSING,4,E01033178,0,-1
2023010434920,2023,010434920,2,9,0,9,9,5,3,0,0,5,0,0,0,0,1,1,3,7,2,46,8,2360,8,15,TOYOTA MODEL MISSING,6,E01030842,0,-1
2023010426936,2023,010426936,2,8,0,7,7,4,6,4,4,1,0,0,1,0,4,1,6,6,1,43,7,1797,8,9,TOYOTA MODEL MISSING,8,E01002163,0,-1
2023201389542,2023,201389542,2,9,0,9,9,4,2,0,0,5,0,0,0,0,1,1,5,6,1,41,7,2360,7,10,TOYOTA MODEL MISSING,5,E01009324,0,-1
2023010460409,2023,010460409,2,8,0,9,9,1,6,0,0,1,0,0,0,0,3,1,1,1,1,61,9,1797,8,6,TOYOTA MODEL MISSING,4,E01003554,0,-1
2023010480165,2023,010480165,3,9,0,2,2,0,0,0,0,1,0,0,0,0,2,1,6,6,3,-1,-1,2990,1,17,TOYOTA MODEL MISSING,-1,-1,0,-1
2023501282472,2023,501282472,1,9,0,18,19,7,6,0,0,0,5,11,0,0,1,1,5,6,2,18,4,998,1,19,TOYOTA MODEL MISSING,5,E01020137,0,-1
2023401350401,2023,401350401,1,9,0,18,19,5,1,0,0,0,1,11,0,0,1,1,6,6,1,39,7,2400,1,17,TOYOTA MODEL MISSING,2,E01013753,0,-1
2023440449446,2023,440449446,1,8,0,18,19,3,7,0,0,0,0,0,0,0,1,1,1,1,1,60,9,1797,8,9,TOYOTA MODEL MISSING,7,E01017197,0,-1
2023010438198,2023,010438198,2,9,9,18,19,7,3,99,99,9,9,0,0,0,0,1,6,6,2,36,7,2362,1,14,TOYOTA MODEL MISSING,7,E01000225,0,-1
2023332300304,2023,332300304,2,9,0,9,9,5,3,0,0,5,0,0,0,0,1,1,1,1,1,39,7,2360,1,8,TOYOTA MODEL MISSING,3,E01013778,0,-1
2023340NN2042,2023,340NN2042,1,9,0,18,19,8,3,0,0,4,0,0,0,0,1,1,6,6,1,48,8,1797,8,9,TOYOTA MODEL MISSING,4,E01026972,0,-1
2023131348200,2023,131348200,1,9,0,9,9,3,7,0,0,1,0,0,0,0,3,1,1,1,1,43,7,1800,8,10,TOYOTA MODEL MISSING,8,E01010596,0,-1
2023201305639,2023,201305639,1,9,0,18,19,8,4,0,0,0,0,0,0,0,2,1,6,6,3,-1,-1,2360,7,13,TOYOTA MODEL MISSING,-1,-1,0,-1
2023010420550,2023,010420550,2,9,0,99,99,9,9,99,99,9,9,99,9,99,9,9,6,6,1,57,9,1797,8,9,TOYOTA MODEL MISSING,2,E01003126,0,-1
2023010456325,2023,010456325,1,9,0,99,99,9,9,99,99,0,9,99,9,99,9,9,6,6,2,41,7,2362,1,9,TOYOTA MODEL MISSING,2,E01021316,0,-1
2023201291781,2023,201291781,1,9,0,18,19,6,2,0,0,8,5,0,0,0,4,1,6,6,1,46,8,3499,1,15,TOYOTA MODEL MISSING,1,E01032888,0,-1
2023061260164,2023,061260164,1,9,0,18,19,3,7,0,0,2,0,0,0,0,1,1,3,7,1,40,7,2360,1,20,TOYOTA MODEL MISSING,7,E01005041,0,-1
2023010473729,2023,010473729,2,9,0,99,99,9,9,99,99,9,9,99,9,99,1,9,6,6,3,-1,-1,2362,1,14,TOYOTA MODEL MISSING,-1,-1,0,-1
2023010484222,2023,010484222,1,9,0,99,99,9,9,99,99,9,9,99,9,99,3,9,6,6,1,-1,-1,2360,8,9,TOYOTA MODEL MISSING,2,E01000889,0,-1
2023461306123,2023,461306123,1,9,0,5,5,2,5,0,0,0,0,0,0,0,1,1,6,6,1,40,7,2360,8,15,TOYOTA MODEL MISSING,7,E01015969,0,-1
2023231264501,2023,231264501,2,9,0,18,19,1,5,0,0,0,0,0,0,0,1,1,5,6,1,33,6,2362,8,16,TOYOTA MODEL MISSING,1,E01013675,0,-1
2023201408326,2023,201408326,1,9,0,9,9,8,6,0,0,6,0,0,0,0,3,1,1,1,1,36,7,2360,1,17,TOYOTA MODEL MISSING,1,E01009380,0,-1
2023131353717,2023,131353717,1,9,0,-1,-1,-1,-1,-1,-1,0,-1,-1,-1,-1,-1,1,6,6,3,99,11,1298,1,20,TOYOTA MODEL MISSING,-1,-1,0,-1
2023991389924,2023,991389924,1,9,0,18,19,2,8,0,0,1,0,0,7,1,4,1,5,6,1,62,9,1790,1,24,TOYOTA MODEL MISSING,9,-1,0,-1
2023010484059,2023,010484059,2,8,0,3,3,7,3,0,0,0,0,0,0,0,2,1,1,1,1,61,9,1797,8,10,TOYOTA MODEL MISSING,4,E01003740,0,-1
2023141342063,2023,141342063,1,9,0,18,19,5,1,0,0,0,0,0,0,0,3,1,5,6,2,46,8,1497,8,9,TOYOTA MODEL MISSING,2,E01007998,0,-1
2023010472583,2023,010472583,2,8,0,7,7,5,7,1,1,8,9,0,0,0,4,9,6,6,3,52,8,1797,8,10,TOYOTA MODEL MISSING,3,E01001000,0,-1
2023010460833,2023,010460833,1,9,0,18,19,5,1,0,0,0,0,0,0,0,1,1,6,6,1,22,5,2360,1,14,TOYOTA MODEL MISSING,-1,-1,0,-1
2023501295077,2023,501295077,1,9,0,16,19,5,1,0,0,0,2,0,0,0,1,1,5,6,1,18,4,998,1,22,TOYOTA MODEL MISSING,4,E01018890,0,-1
2023131293726,2023,131293726,2,9,0,18,19,1,1,0,0,2,0,0,0,0,3,1,5,6,2,82,11,998,1,22,TOYOTA MODEL MISSING,4,E01011808,0,-1
2023421291695,2023,421291695,1,9,0,11,11,3,7,0,0,0,0,0,1,0,4,1,5,6,1,22,5,2492,1,30,TOYOTA MODEL MISSING,-1,-1,0,-1
2023201298478,2023,201298478,1,9,0,9,9,4,2,0,0,8,0,0,0,0,1,1,1,1,1,49,8,2360,1,10,TOYOTA MODEL MISSING,2,E01010019,0,-1
2023122300960,2023,122300960,3,9,0,4,4,3,7,0,0,0,0,0,0,0,1,1,6,6,1,60,9,2362,8,8,TOYOTA MODEL MISSING,1,E01002751,0,-1
2023201310430,2023,201310430,1,8,0,5,5,1,4,0,0,6,0,0,0,0,1,1,6,6,1,-1,-1,2362,7,8,TOYOTA MODEL MISSING,-1,-1,0,-1
2023010421740,2023,010421740,1,9,0,4,4,5,1,0,0,4,0,0,0,0,0,1,1,1,1,47,8,2990,1,19,TOYOTA MODEL MISSING,8,E01004135,0,-1
2023991354614,2023,991354614,2,9,0,17,19,7,3,0,0,1,0,0,0,0,3,1,6,6,1,56,9,2360,1,19,TOYOTA MODEL MISSING,-1,-1,0,-1
2023010456888,2023,010456888,1,8,0,18,19,3,7,0,0,0,0,0,0,0,1,1,1,1,1,47,8,1797,8,7,TOYOTA MODEL MISSING,3,E01001369,0,-1
2023440368555,2023,440368555,1,9,0,18,19,2,6,0,0,6,0,0,7,4,3,1,6,6,2,19,4,1797,8,8,TOYOTA MODEL MISSING,9,E01001916,0,-1
2023010447278,2023,010447278,2,9,0,6,6,3,3,0,0,6,0,0,0,0,3,1,1,1,1,34,6,2360,1,16,TOYOTA MODEL MISSING,2,E01002056,0,-1
2023010466196,2023,010466196,2,9,9,99,99,9,9,99,99,9,9,99,9,99,2,9,6,6,3,-1,-1,990,1,13,TOYOTA MODEL MISSING,-1,-1,0,-1
2023421330303,2023,421330303,1,9,0,9,9,7,5,0,0,8,0,0,0,0,1,1,5,6,1,49,8,2360,8,12,TOYOTA MODEL MISSING,4,E01015957,0,-1
2023010482146,2023,010482146,1,9,0,99,99,9,9,99,99,9,9,99,9,99,2,9,1,1,1,44,7,3456,1,7,TOYOTA MODEL MISSING,5,E01001074,0,-1
2023061326404,2023,061326404,1,9,0,2,2,0,0,0,0,1,0,0,0,0,4,1,6,6,3,-1,-1,2360,1,21,TOYOTA MODEL MISSING,-1,-1,0,-1
2023311328389,2023,311328389,1,9,0,18,19,3,7,0,0,8,0,0,0,0,1,1,3,7,1,41,7,2362,1,15,TOYOTA MODEL MISSING,-1,-1,0,-1
2023131272992,2023,131272992,2,9,0,5,5,0,0,0,0,0,0,0,0,0,4,1,5,6,1,42,7,1298,1,20,TOYOTA MODEL MISSING,3,E01010662,0,-1
2023010487216,2023,010487216,2,9,0,99,99,9,9,99,99,0,9,99,9,99,9,9,6,6,3,-1,-1,1797,8,9,TOYOTA MODEL MISSING,-1,-1,0,-1
2023471314650,2023,471314650,2,9,0,18,19,3,7,0,0,8,0,0,0,0,1,2,5,6,1,63,9,2400,1,16,TOYOTA MODEL MISSING,7,E01031813,0,-1
2023131390987,2023,131390987,1,9,0,-1,-1,-1,-1,-1,-1,-1,-1,-1,-1,0,-1,1,6,6,3,-1,-1,1797,8,10,TOYOTA MODEL MISSING,-1,-1,0,-1
2023010481039,2023,010481039,2,9,0,7,7,1,2,0,0,2,0,0,0,0,1,1,6,6,1,54,8,1797,8,14,TOYOTA MODEL MISSING,7,E01004153,0,-1
2023371387739,2023,371387739,1,9,0,-1,-1,-1,-1,0,0,0,0,0,0,0,1,1,6,6,1,39,7,3000,2,29,TOYOTA MODEL MISSING,6,E01030198,0,-1
2023122300833,2023,122300833,1,9,0,18,19,3,7,0,0,0,1,0,8,7,2,1,2,2,1,21,5,1800,1,24,TOYOTA MODEL MISSING,9,E01013341,0,-1
2023201277451,2023,201277451,3,9,0,2,2,0,0,0,0,2,0,0,0,0,2,1,6,6,3,33,6,1998,1,31,TOYOTA MODEL MISSING,8,E01010162,0,-1
2023461291528,2023,461291528,1,9,0,18,19,1,5,0,0,0,0,0,0,0,2,1,6,6,1,-1,-1,2360,1,10,TOYOTA MODEL MISSING,2,E01016066,0,-1
2023010466042,2023,010466042,2,9,0,4,4,1,5,0,0,1,0,0,0,0,2,1,6,6,3,-1,-1,2362,7,21,TOYOTA MODEL MISSING,1,E01009025,0,-1
2023010481397,2023,010481397,1,9,0,9,9,5,3,0,0,2,0,0,0,0,1,1,6,6,1,70,10,2360,8,17,TOYOTA MODEL MISSING,-1,-1,0,-1
2023471275481,2023,471275481,1,9,0,18,19,6,2,0,0,0,0,0,1,10,1,1,2,2,2,52,8,2360,1,17,TOYOTA MODEL MISSING,4,E01031835,0,-1
2023201305654,2023,201305654,4,9,0,3,3,6,2,0,0,0,0,0,0,0,2,1,6,6,1,60,9,1797,8,10,TOYOTA MODEL MISSING,2,E01010311,0,-1
2023201377671,2023,201377671,2,8,0,2,2,0,0,0,0,2,0,0,0,0,1,1,1,1,1,52,8,2362,1,10,TOYOTA MODEL MISSING,-1,-1,0,-1
2023421320512,2023,421320512,2,9,0,18,19,5,2,0,0,1,0,0,0,0,1,1,5,6,1,51,8,1990,1,18,TOYOTA MODEL MISSING,-1,-1,0,-1
2023010474142,2023,010474142,1,9,0,9,9,4,1,0,0,1,0,0,0,0,1,1,2,2,1,35,6,1995,1,16,TOYOTA MODEL MISSING,2,E01001824,0,-1
2023010427245,2023,010427245,1,8,0,9,9,5,3,0,0,5,0,0,0,0,1,1,1,1,1,49,8,1797,8,8,TOYOTA MODEL MISSING,3,E01000148,0,-1
2023010434555,2023,010434555,1,9,0,9,9,3,8,0,0,5,0,0,0,0,3,1,3,7,1,55,8,2362,8,5,TOYOTA MODEL MISSING,3,E01003431,0,-1
2023531275614,2023,531275614,1,9,0,18,19,8,4,0,0,4,0,0,0,0,1,1,6,6,1,56,9,2362,8,15,TOYOTA MODEL MISSING,4,E01022310,0,-1
2023061373525,2023,061373525,4,9,0,3,3,5,1,0,0,0,0,0,0,0,2,1,5,6,1,45,7,2399,1,15,TOYOTA MODEL MISSING,2,E01004829,0,-1
2023010463245,2023,010463245,1,10,0,99,99,9,9,99,99,9,9,99,9,99,9,9,6,6,1,-1,-1,-1,-1,-1,-1,3,E01000381,0,-1
2023010429694,2023,010429694,2,9,9,99,99,9,9,99,99,0,9,99,9,99,9,9,6,6,3,-1,-1,2390,8,11,TOYOTA MODEL MISSING,-1,-1,0,-1
2023421323838,2023,421323838,1,9,0,5,5,1,5,0,0,1,0,0,0,0,1,1,1,1,1,67,10,998,1,20,TOYOTA MODEL MISSING,4,E01021598,0,-1
2023610036823,2023,610036823,2,9,0,2,2,0,0,0,0,0,0,0,0,0,1,1,6,6,1,-1,-1,2400,5,19,TOYOTA MODEL MISSING,2,W01001693,0,-1
2023461279376,2023,461279376,2,9,0,2,2,7,3,0,0,0,0,0,0,0,3,1,6,6,1,34,6,1300,1,14,TOYOTA MODEL MISSING,5,E01016034,0,-1
2023201288943,2023,201288943,1,9,0,9,9,5,3,0,0,2,0,0,0,0,1,1,1,1,1,53,8,2360,7,7,TOYOTA MODEL MISSING,2,E01008915,0,-1
2023010426184,2023,010426184,1,9,0,18,19,7,3,0,0,0,0,0,0,0,1,2,2,2,1,35,6,3500,1,12,TOYOTA MODEL MISSING,2,E01001351,0,-1
2023440517043,2023,440517043,1,9,0,18,19,2,6,0,0,0,0,0,0,0,1,1,6,6,2,40,7,2990,1,17,TOYOTA MODEL MISSING,10,E01022882,0,-1
2023010445628,2023,010445628,1,9,0,18,19,7,3,0,0,0,1,4,0,0,1,1,6,6,1,30,6,2499,8,2,TOYOTA MODEL MISSING,3,E01004763,0,-1
2023211373516,2023,211373516,1,9,0,9,9,7,3,0,0,1,0,0,0,0,1,1,5,6,1,35,6,1797,8,8,TOYOTA MODEL MISSING,1,E01009379,0,-1
2023041388719,2023,041388719,1,9,0,18,19,7,3,0,0,1,0,0,0,0,1,1,5,6,1,85,11,2360,1,22,TOYOTA MODEL MISSING,8,E01025086,0,-1
2023010429436,2023,010429436,2,9,9,99,99,9,9,99,99,9,9,99,9,99,9,9,6,6,3,-1,-1,2364,1,6,TOYOTA MODEL MISSING,4,E01003118,0,-1
2023010460623,2023,010460623,1,9,0,7,7,5,7,9,9,5,0,0,0,0,0,1,6,6,1,48,8,2336,1,14,TOYOTA MODEL MISSING,5,E01000239,0,-1
2023161316455,2023,161316455,2,9,0,18,19,3,7,0,0,8,5,0,0,0,3,1,6,6,1,27,6,2980,2,27,TOYOTA MODEL MISSING,9,E01027897,0,-1
2023111354665,2023,111354665,1,9,0,5,5,2,6,0,0,4,0,0,0,0,3,1,6,6,1,30,6,2490,1,25,TOYOTA MODEL MISSING,10,E01020713,0,-1
2023201415216,2023,201415216,1,8,0,5,5,8,4,0,0,0,0,4,1,0,1,1,1,1,1,63,9,1797,8,7,TOYOTA MODEL MISSING,1,E01033643,0,-1
2023430060041,2023,430060041,1,8,0,18,19,2,6,0,0,0,0,0,0,0,1,1,1,1,1,30,6,1796,8,11,TOYOTA MODEL MISSING,-1,-1,0,-1
2023201328486,2023,201328486,2,9,0,9,9,6,2,0,0,6,0,0,0,0,1,1,6,6,1,36,7,2362,7,16,TOYOTA MODEL MISSING,1,E01009479,0,-1
2023131292967,2023,131292967,1,9,0,4,4,1,1,0,0,1,0,0,0,0,3,1,5,6,1,50,8,2400,8,17,TOYOTA MODEL MISSING,1,E01011134,0,-1
2023061373376,2023,061373376,1,9,0,9,9,8,6,0,0,6,0,0,0,0,1,1,1,1,1,42,7,2360,8,15,TOYOTA MODEL MISSING,10,E01006103,0,-1
2023201300281,2023,201300281,1,9,0,5,5,2,6,0,0,0,0,0,0,0,1,1,1,1,1,58,9,2360,8,12,TOYOTA MODEL MISSING,3,E01010050,0,-1
2023010476304,2023,010476304,2,9,9,99,99,9,9,99,99,9,9,99,9,99,9,9,6,6,1,75,10,2364,1,16,TOYOTA MODEL MISSING,2,E01003305,0,-1
2023010485901,2023,010485901,2,8,0,18,19,5,1,0,0,8,0,0,0,0,1,1,1,1,1,61,9,1797,8,10,TOYOTA MODEL MISSING,2,E01004253,0,-1
2023010438301,2023,010438301,1,9,0,18,19,1,5,0,0,0,0,0,0,0,1,1,6,6,2,63,9,2360,1,15,TOYOTA MODEL MISSING,3,E01024166,0,-1
2023010460957,2023,010460957,1,9,0,7,7,1,3,0,0,8,0,0,0,0,4,1,6,6,3,-1,-1,1797,8,11,TOYOTA MODEL MISSING,-1,-1,0,-1
2023010483935,2023,010483935,1,9,0,99,99,9,9,99,99,0,9,99,9,99,9,9,6,6,3,-1,-1,1800,8,12,TOYOTA MODEL MISSING,-1,-1,0,-1
2023010436074,2023,010436074,2,9,0,99,99,9,9,99,99,0,9,99,9,99,9,9,6,6,3,-1,-1,1797,8,10,TOYOTA MODEL MISSING,-1,-1,0,-1
2023440227186,2023,440227186,1,9,0,18,19,8,4,0,0,1,0,0,0,0,1,1,6,6,2,76,11,2360,1,15,TOYOTA MODEL MISSING,5,E01017369,0,-1
2023041293394,2023,041293394,2,9,0,18,19,1,4,0,0,0,0,0,7,0,4,1,6,6,1,53,8,2360,1,19,TOYOTA MODEL MISSING,-1,-1,0,-1
2023201454503,2023,201454503,1,9,0,5,5,6,2,0,0,1,0,0,0,0,1,1,6,6,3,-1,-1,1797,8,9,TOYOTA MODEL MISSING,-1,-1,0,-1
2023010437267,2023,010437267,2,9,0,18,19,3,7,0,0,4,0,0,0,0,3,1,6,6,1,27,6,998,1,20,TOYOTA MODEL MISSING,7,E01002172,0,-1
2023041380702,2023,041380702,2,9,0,9,9,1,7,0,0,2,0,0,0,0,1,1,5,6,1,85,11,1497,1,21,TOYOTA MODEL MISSING,1,E01012736,0,-1
2023461280761,2023,461280761,1,9,0,5,5,1,5,0,0,0,0,0,0,0,4,1,6,6,1,65,9,1332,1,25,TOYOTA MODEL MISSING,6,E01024436,0,-1
2023010452551,2023,010452551,1,8,0,18,19,3,7,0,0,7,0,0,0,0,3,1,1,1,1,64,9,1797,8,8,TOYOTA MODEL MISSING,2,E01001202,0,-1
2023010426133,2023,010426133,2,9,0,18,19,5,1,0,0,1,0,0,0,0,2,1,6,6,1,32,6,2360,8,17,TOYOTA MODEL MISSING,3,E01003531,0,-1
2023201379086,2023,201379086,1,9,0,9,9,2,8,0,0,5,0,0,0,0,4,1,6,6,1,45,7,2397,1,12,TOYOTA MODEL MISSING,3,E01009242,0,-1
2023070535420,2023,070535420,1,9,0,9,9,7,5,0,0,6,0,0,0,0,4,1,6,6,1,-1,-1,2362,8,13,TOYOTA MODEL MISSING,-1,-1,0,-1
2023010460458,2023,010460458,1,9,0,4,4,3,7,0,0,2,0,0,0,0,3,1,6,6,1,49,8,2362,1,14,TOYOTA MODEL MISSING,6,E01004748,0,-1
2023031357458,2023,031357458,2,9,0,18,19,3,7,0,0,0,0,0,0,0,2,1,5,6,1,55,8,2980,2,28,TOYOTA MODEL MISSING,8,E01023480,0,-1
2023010430480,2023,010430480,1,8,0,99,99,9,9,99,99,9,9,99,9,99,9,9,1,1,1,31,6,1790,8,5,TOYOTA MODEL MISSING,4,E01001150,0,-1
2023201426436,2023,201426436,1,9,0,18,19,4,8,0,0,1,0,0,0,0,1,1,1,1,1,48,8,2360,1,8,TOYOTA MODEL MISSING,1,E01009366,0,-1
2023010424073,2023,010424073,1,9,9,99,99,9,9,99,99,0,9,99,9,99,9,9,6,6,3,-1,-1,2362,8,11,TOYOTA MODEL MISSING,-1,-1,0,-1
2023010482261,2023,010482261,1,9,0,18,19,7,3,0,0,8,0,0,0,0,2,1,1,1,1,35,6,2360,8,17,TOYOTA MODEL MISSING,2,E01000556,0,-1
2023010424186,2023,010424186,1,9,0,5,5,5,1,0,0,4,0,0,0,0,1,1,6,6,1,46,8,2400,1,13,TOYOTA MODEL MISSING,3,E01002623,0,-1
2023201296597,2023,201296597,1,9,0,18,19,-1,-1,0,0,4,0,0,0,0,1,1,6,6,1,42,7,1790,8,13,TOYOTA MODEL MISSING,3,E01008936,0,-1
2023010441980,2023,010441980,2,9,0,99,99,9,9,99,99,9,9,99,9,99,4,9,6,6,3,-1,-1,2400,8,16,TOYOTA MODEL MISSING,-1,-1,0,-1
2023351362053,2023,351362053,2,9,0,8,8,4,2,0,0,3,0,0,0,0,1,1,5,6,2,40,7,2400,1,13,TOYOTA MODEL MISSING,3,E01018081,0,-1
2023231361383,2023,231361383,3,9,0,18,19,5,1,0,0,0,1,0,0,0,1,1,6,6,1,55,8,2982,2,25,TOYOTA MODEL MISSING,7,E01016307,0,-1
2023201360026,2023,201360026,2,9,0,7,7,4,6,0,0,1,0,0,0,0,2,1,6,6,1,48,8,2360,1,13,TOYOTA MODEL MISSING,1,E01010366,0,-1
2023101375352,2023,101375352,1,9,0,1,1,7,3,0,0,0,0,0,0,0,2,1,6,6,2,40,7,2360,1,15,TOYOTA MODEL MISSING,9,E01027404,0,-1
2023061297800,2023,061297800,1,9,0,18,19,8,4,0,0,0,0,0,0,0,1,1,6,6,1,30,6,2360,8,15,TOYOTA MODEL MISSING,4,E01003282,0,-1
2023010471750,2023,010471750,1,9,0,99,99,9,9,99,99,9,9,99,9,99,9,9,1,1,1,59,9,998,1,21,TOYOTA MODEL MISSING,2,E01001361,0,-1
2023340WN4882,2023,340WN4882,1,8,0,18,19,1,5,0,0,0,0,0,7,0,1,1,1,1,1,38,7,2355,8,10,TOYOTA MODEL MISSING,5,E01032981,0,-1
2023221396455,2023,221396455,2,8,0,4,4,4,8,0,0,1,0,0,0,0,1,1,1,1,1,34,6,1797,8,9,TOYOTA MODEL MISSING,2,E01014105,0,-1
2023010447556,2023,010447556,2,9,0,99,99,9,9,99,99,9,9,99,9,99,9,9,6,6,3,-1,-1,1797,8,10,TOYOTA MODEL MISSING,-1,-1,0,-1
2023010434210,2023,010434210,3,9,0,3,3,4,8,0,0,1,0,0,0,0,2,1,6,6,1,23,5,1797,8,7,TOYOTA MODEL MISSING,2,E01000600,0,-1
2023010451748,2023,010451748,1,8,0,99,99,9,9,99,99,9,9,99,9,99,2,9,1,1,1,38,7,1797,8,10,TOYOTA MODEL MISSING,6,E01003693,0,-1
2023461320717,2023,461320717,2,9,0,12,12,7,3,0,0,0,0,0,0,0,2,1,6,6,1,37,7,2493,8,6,TOYOTA MODEL MISSING,3,E01000195,0,-1
2023010436544,2023,010436544,1,9,0,18,19,5,1,0,0,5,0,0,0,0,1,1,1,1,1,47,8,1790,8,7,TOYOTA MODEL MISSING,3,E01001505,0,-1
2023010466407,2023,010466407,2,9,0,99,99,9,9,99,99,9,9,99,9,99,1,9,6,6,3,-1,-1,2362,1,17,TOYOTA MODEL MISSING,-1,-1,0,-1
2023211370448,2023,211370448,1,8,0,5,5,7,4,0,0,4,0,0,0,0,1,1,1,1,1,44,7,1797,8,6,TOYOTA MODEL MISSING,-1,-1,0,-1
2023041373725,2023,041373725,2,9,0,18,19,7,3,0,0,1,0,0,0,0,1,1,5,6,1,77,11,1299,1,21,TOYOTA MODEL MISSING,6,E01025587,0,-1
2023451329620,2023,451329620,6,9,0,18,19,8,4,0,0,0,0,0,0,0,2,1,1,1,1,55,8,2397,8,13,TOYOTA MODEL MISSING,6,E01030371,0,-1
2023061373453,2023,061373453,1,9,0,9,9,5,3,0,0,1,0,0,0,0,1,1,5,6,1,35,6,2362,1,21,TOYOTA MODEL MISSING,7,E01005042,0,-1
2023101284664,2023,101284664,1,9,0,18,19,1,5,0,0,8,0,0,0,0,4,1,6,6,1,33,6,2360,1,17,TOYOTA MODEL MISSING,3,E01008169,0,-1
2023201339757,2023,201339757,1,8,0,18,19,2,6,0,0,2,0,0,0,0,1,1,1,1,1,-1,-1,2362,7,8,TOYOTA MODEL MISSING,-1,-1,0,-1
2023221390276,2023,221390276,1,9,0,13,13,5,2,0,0,0,0,0,0,0,1,1,6,6,2,51,8,2368,1,17,TOYOTA MODEL MISSING,6,W01000456,0,-1
2023421377698,2023,421377698,1,9,0,18,19,7,3,0,0,2,0,0,0,0,1,1,2,2,2,62,9,2360,1,19,TOYOTA MODEL MISSING,1,E01022045,0,-1
2023010472818,2023,010472818,1,9,0,99,99,9,9,99,99,9,9,99,9,99,9,9,6,6,2,40,7,999,1,14,TOYOTA MODEL MISSING,3,E01032581,0,-1
2023010435803,2023,010435803,2,9,0,3,3,3,7,1,1,4,0,0,1,0,1,1,6,6,2,66,10,2360,8,15,TOYOTA MODEL MISSING,5,E01032741,0,-1
2023010438832,2023,010438832,2,9,0,2,2,0,0,0,0,0,0,0,0,0,3,1,6,6,3,-1,-1,2400,8,15,TOYOTA MODEL MISSING,-1,-1,0,-1
2023991365410,2023,991365410,1,9,0,9,9,7,5,0,0,8,0,0,0,0,1,1,2,2,2,23,5,1290,1,20,TOYOTA MODEL MISSING,1,-1,0,-1