collision_index,collision_year,collision_ref_no,vehicle_reference,vehicle_type,towing_and_articulation,vehicle_manoeuvre_historic,vehicle_manoeuvre,vehicle_direction_from,vehicle_direction_to,vehicle_location_restricted_lane_historic,vehicle_location_restricted_lane,junction_location,skidding_and_overturning,hit_object_in_carriageway,vehicle_leaving_carriageway,hit_object_off_carriageway,first_point_of_impact,vehicle_left_hand_drive,journey_purpose_of_driver_historic,journey_purpose_of_driver,sex_of_driver,age_of_driver,age_band_of_driver,engine_capacity_cc,propulsion_code,age_of_vehicle,generic_make_model,driver_imd_decile,lsoa_of_driver,escooter_flag,driver_distance_banding
2023201411023,2023,201411023,2,9,0,18,19,1,5,0,0,0,0,0,0,0,3,1,6,6,1,42,7,2400,1,11,TOYOTA MODEL MISSING,2,E01009596,0,-1
2023320325862,2023,320325862,3,9,0,18,19,6,2,0,0,0,0,0,0,0,0,1,6,6,2,53,8,2400,1,19,TOYOTA MODEL MISSING,3,E01026043,0,-1
2023421264186,2023,421264186,2,10,0,9,9,7,3,0,0,0,1,10,7,4,3,1,2,2,1,42,7,-1,-1,-1,-1,1,E01002280,0,-1
2023201294262,2023,201294262,1,9,0,5,5,2,4,0,0,6,0,0,0,0,1,1,6,6,1,-1,-1,2360,7,12,TOYOTA MODEL MISSING,1,E01033642,0,-1
2023010445306,2023,010445306,2,9,0,99,99,9,9,99,99,9,9,99,9,99,1,9,6,6,3,57,9,1797,8,9,TOYOTA MODEL MISSING,2,E01004238,0,-1
2023010425177,2023,010425177,1,8,0,9,9,8,6,0,0,1,0,0,0,0,1,1,1,1,1,45,7,2400,8,9,TOYOTA MODEL MISSING,9,E01000538,0,-1
2023201393261,2023,201393261,2,9,0,4,4,7,3,0,0,1,0,0,0,0,2,1,1,1,1,-1,-1,2389,7,11,TOYOTA MODEL MISSING,2,E01008884,0,-1
2023302301264,2023,302301264,1,9,0,18,19,5,1,0,0,1,0,0,0,0,1,1,6,6,3,-1,-1,1998,2,13,TOYOTA MODEL MISSING,5,E01019456,0,-1
2023010438895,2023,010438895,2,9,0,18,19,4,8,0,0,0,0,0,0,0,2,1,6,6,1,66,10,2990,1,20,TOYOTA MODEL MISSING,9,E01002192,0,-1
2023061290537,2023,061290537,1,9,0,16,19,7,3,0,0,0,1,0,0,0,1,1,5,6,1,43,7,1330,1,33,TOYOTA MODEL MISSING,2,E01005487,0,-1
2023201392953,2023,201392953,1,9,0,18,19,7,3,0,0,2,1,10,7,9,1,1,6,6,2,34,6,1980,1,13,TOYOTA MODEL MISSING,5,E01009447,0,-1
2023010473286,2023,010473286,1,8,0,99,99,9,9,99,99,9,9,99,9,99,1,9,6,6,3,58,9,1790,8,10,TOYOTA MODEL MISSING,7,E01000574,0,-1
2023430374023,2023,430374023,2,9,0,3,3,8,4,0,0,0,0,0,0,0,2,1,6,6,1,40,7,1790,1,12,TOYOTA MODEL MISSING,1,E01027177,0,-1
2023421270425,2023,421270425,2,9,0,18,19,1,5,6,6,0,0,0,1,0,2,1,6,6,2,51,8,1320,1,1,TOYOTA MODEL MISSING,4,E01021367,0,-1
2023010420044,2023,010420044,1,8,0,99,99,9,9,0,0,9,9,99,9,99,9,9,1,1,1,29,6,1797,8,10,TOYOTA MODEL MISSING,2,E01000482,0,-1
2023201360072,2023,201360072,2,9,0,18,19,2,7,0,0,0,0,0,0,0,1,1,1,1,1,53,8,2336,1,13,TOYOTA MODEL MISSING,1,E01008882,0,-1
2023201370831,2023,201370831,2,8,0,18,19,5,1,0,0,8,0,0,0,0,3,1,1,1,1,57,9,2360,1,12,TOYOTA MODEL MISSING,4,E01010322,0,-1
2023421282463,2023,421282463,1,9,0,18,19,2,6,0,0,0,0,0,0,0,1,1,6,6,2,22,5,990,1,13,TOYOTA MODEL MISSING,2,E01000073,0,-1
2023010426661,2023,010426661,1,8,0,99,99,9,9,99,99,9,9,99,9,99,2,9,1,1,1,49,8,2360,8,9,TOYOTA MODEL MISSING,3,E01001436,0,-1
2023201292487,2023,201292487,1,8,0,18,19,7,3,0,0,4,0,0,0,0,1,1,1,1,1,-1,-1,2362,7,10,TOYOTA MODEL MISSING,-1,-1,0,-1
2023421351861,2023,421351861,1,8,0,2,2,6,2,0,0,0,0,0,1,6,1,1,1,1,1,42,7,1797,8,10,TOYOTA MODEL MISSING,-1,-1,0,-1
2023010451783,2023,010451783,2,9,0,4,4,5,1,0,0,0,0,0,0,0,2,1,6,6,1,57,9,2397,1,15,TOYOTA MODEL MISSING,5,E01002010,0,-1
2023461318642,2023,461318642,2,9,0,16,19,1,5,0,0,0,0,0,0,0,3,1,1,1,1,36,7,2362,8,8,TOYOTA MODEL MISSING,3,E01016047,0,-1
2023421332036,2023,421332036,2,9,0,16,19,4,7,0,0,0,0,0,0,0,3,1,5,6,1,41,7,2400,1,21,TOYOTA MODEL MISSING,3,E01021955,0,-1
2023010431349,2023,010431349,1,8,0,9,9,8,5,0,0,6,0,0,0,0,1,1,1,1,1,70,10,1797,8,9,TOYOTA MODEL MISSING,8,E01001024,0,-1
2023010421879,2023,010421879,1,8,0,99,99,9,9,99,99,9,9,99,9,99,9,9,6,6,3,-1,-1,1797,8,10,TOYOTA MODEL MISSING,-1,-1,0,-1
2023010480337,2023,010480337,1,9,0,9,9,5,3,0,0,1,0,0,0,0,1,1,6,6,3,-1,-1,2362,8,14,TOYOTA MODEL MISSING,-1,-1,0,-1
2023010421379,2023,010421379,2,9,0,99,99,9,9,99,99,9,9,99,9,99,1,9,6,6,3,49,8,1797,8,10,TOYOTA MODEL MISSING,4,E01002511,0,-1
2023471311908,2023,471311908,1,9,0,4,4,7,3,0,0,0,0,0,0,0,1,1,5,6,1,56,9,2982,2,26,TOYOTA MODEL MISSING,10,E01021162,0,-1
2023401407187,2023,401407187,2,9,0,2,2,1,5,6,6,0,0,0,0,0,2,1,6,6,1,52,8,1797,8,8,TOYOTA MODEL MISSING,9,E01024299,0,-1
2023010454500,2023,010454500,2,9,0,12,12,3,7,0,0,0,0,0,0,0,3,1,6,6,1,61,9,2360,1,14,TOYOTA MODEL MISSING,3,E01001834,0,-1
2023231259351,2023,231259351,6,9,0,18,19,8,4,0,0,0,0,11,0,0,1,1,6,6,1,31,6,2362,1,8,TOYOTA MODEL MISSING,2,E01010019,0,-1
2023351261934,2023,351261934,1,9,0,7,7,3,5,0,0,4,0,0,0,0,1,1,5,6,1,43,7,2360,8,15,TOYOTA MODEL MISSING,2,E01001332,0,-1
2023201396107,2023,201396107,1,9,0,18,19,-1,-1,0,0,0,0,0,0,0,9,1,6,6,1,-1,-1,1797,8,10,TOYOTA MODEL MISSING,1,E01009987,0,-1
2023201342546,2023,201342546,1,9,0,1,1,4,8,0,0,1,0,0,0,0,2,1,1,1,1,59,9,2360,7,9,TOYOTA MODEL MISSING,1,E01009479,0,-1
2023201382728,2023,201382728,2,8,0,18,19,4,8,0,0,8,0,0,0,0,1,1,1,1,1,42,7,2360,1,17,TOYOTA MODEL MISSING,3,E01009795,0,-1
2023201416404,2023,201416404,2,9,0,18,19,7,3,2,2,0,0,0,0,0,1,1,1,1,1,44,7,2362,1,10,TOYOTA MODEL MISSING,1,E01010369,0,-1
2023010440361,2023,010440361,1,9,0,9,9,3,2,0,0,1,0,0,0,0,1,1,2,2,1,58,9,1298,1,20,TOYOTA MODEL MISSING,2,E01004365,0,-1
2023461394806,2023,461394806,2,9,0,7,7,7,3,0,0,0,0,0,0,0,3,1,6,6,1,48,8,2360,1,13,TOYOTA MODEL MISSING,8,E01024063,0,-1
2023201356896,2023,201356896,1,9,0,18,19,2,6,0,0,0,0,0,0,0,4,1,5,6,1,43,7,1797,8,9,TOYOTA MODEL MISSING,2,E01009044,0,-1
2023010427844,2023,010427844,2,9,0,99,99,9,9,99,99,9,9,99,9,99,1,9,6,6,3,-1,-1,2360,8,14,TOYOTA MODEL MISSING,-1,-1,0,-1
2023010451118,2023,010451118,2,9,9,99,99,9,9,99,99,9,0,99,9,99,9,9,6,6,3,-1,-1,1790,8,12,TOYOTA MODEL MISSING,-1,-1,0,-1
2023061305710,2023,061305710,1,9,0,7,7,3,5,0,0,8,0,0,0,0,3,1,5,6,1,33,6,2362,1,17,TOYOTA MODEL MISSING,1,E01005615,0,-1
2023201448501,2023,201448501,1,9,0,18,19,2,6,0,0,2,0,0,0,0,4,1,6,6,1,33,6,2360,1,11,TOYOTA MODEL MISSING,2,E01009487,0,-1
2023061342657,2023,061342657,2,9,0,18,19,2,6,0,0,8,0,0,0,0,3,1,6,6,1,39,7,1797,8,9,TOYOTA MODEL MISSING,2,E01005593,0,-1
2023010435661,2023,010435661,2,9,0,99,99,9,9,99,99,9,9,99,9,99,1,9,6,6,3,-1,-1,1797,8,11,TOYOTA MODEL MISSING,-1,-1,0,-1
2023010477375,2023,010477375,2,9,0,99,99,9,9,99,99,9,9,99,9,99,2,9,6,6,1,-1,-1,2360,8,17,TOYOTA MODEL MISSING,-1,-1,0,-1
2023010476786,2023,010476786,1,9,0,8,8,5,8,0,0,1,0,0,0,0,3,1,6,6,1,60,9,1299,1,21,TOYOTA MODEL MISSING,10,E01002978,0,-1
2023010463055,2023,010463055,1,9,0,18,19,4,8,0,0,1,0,0,0,0,1,1,1,1,1,57,9,1797,8,9,TOYOTA MODEL MISSING,4,E01000498,0,-1
2023461304310,2023,461304310,2,5,0,18,19,5,1,0,0,2,1,0,0,0,2,1,6,6,1,50,8,865,1,16,-1,9,E01024074,0,-1
2023531332058,2023,531332058,1,5,0,18,19,3,7,0,0,0,0,0,0,0,1,1,6,6,1,62,9,790,1,20,-1,4,E01032215,0,-1
2023451316741,2023,451316741,2,19,0,14,14,5,1,0,0,0,0,0,0,0,4,1,6,6,1,45,7,1896,2,18,VOLKSWAGEN TRANSPORTER,10,E01030773,0,-1
2023141328649,2023,141328649,1,9,0,18,19,1,5,0,0,0,0,0,0,0,2,1,5,6,1,52,8,1968,2,5,VOLKSWAGEN TRANSPORTER,2,E01008081,0,-1
2023122400144,2023,122400144,1,19,0,18,19,1,5,0,0,1,0,0,0,0,1,1,1,1,1,32,6,1968,2,0,VOLKSWAGEN TRANSPORTER,-1,-1,0,-1
2023010455695,2023,010455695,1,9,0,3,3,1,5,0,0,0,0,0,0,0,1,1,6,6,1,60,9,1968,2,5,VOLKSWAGEN TRANSPORTER,6,E01004530,0,-1
2023320579464,2023,320579464,1,10,0,18,19,2,6,0,0,7,0,0,0,0,1,1,6,6,1,52,8,-1,-1,-1,VOLKSWAGEN TRANSPORTER,8,E01030152,0,-1
2023010463804,2023,010463804,1,19,0,18,19,1,5,0,0,2,0,0,0,0,1,1,2,2,1,57,9,1968,2,0,VOLKSWAGEN TRANSPORTER,8,E01016296,0,-1
2023122301359,2023,122301359,3,19,0,2,2,0,0,0,0,0,0,0,0,0,2,1,6,6,3,-1,-1,1968,2,8,VOLKSWAGEN TRANSPORTER,-1,-1,0,-1
2023552301363,2023,552301363,1,19,0,9,9,4,1,9,9,1,0,0,1,11,1,1,6,6,1,36,7,2460,2,14,VOLKSWAGEN TRANSPORTER,6,E01015363,0,-1
2023010428849,2023,010428849,1,19,0,99,99,9,9,99,99,9,9,99,9,99,1,9,1,1,1,31,6,1968,2,1,VOLKSWAGEN TRANSPORTER,6,E01021473,0,-1
2023070287395,2023,070287395,2,10,0,5,5,1,5,0,0,8,0,0,0,0,2,1,1,1,1,58,9,-1,-1,-1,VOLKSWAGEN TRANSPORTER,9,E01012531,0,-1
2023461262350,2023,461262350,1,19,-1,-1,-1,-1,-1,-1,-1,0,-1,-1,-1,0,2,1,6,6,1,80,11,-1,-1,-1,VOLKSWAGEN TRANSPORTER,5,E01024342,0,-1
2023311317102,2023,311317102,1,19,0,16,19,1,3,0,0,0,0,0,3,1,1,1,5,6,2,66,10,2460,2,19,VOLKSWAGEN TRANSPORTER,3,E01020760,0,-1
2023631349722,2023,631349722,3,19,0,18,19,3,7,0,0,0,0,0,0,0,0,1,6,6,1,39,7,1984,1,4,VOLKSWAGEN TRANSPORTER,4,W01000238,0,-1
2023361311642,2023,361311642,2,19,0,18,19,7,3,0,0,1,0,0,0,0,1,1,1,1,1,64,9,1968,2,6,VOLKSWAGEN TRANSPORTER,4,E01026654,0,-1
2023451344754,2023,451344754,2,19,0,2,2,0,0,9,9,0,0,0,0,0,2,1,6,6,3,-1,-1,1968,2,2,VOLKSWAGEN TRANSPORTER,-1,-1,0,-1
2023320673925,2023,320673925,1,19,0,6,6,6,6,0,0,0,0,0,0,0,4,1,2,2,1,37,7,1968,2,7,VOLKSWAGEN TRANSPORTER,10,E01026364,0,-1
2023411321081,2023,411321081,2,10,0,18,19,3,7,0,0,8,0,0,0,0,1,1,5,6,2,52,8,-1,-1,-1,VOLKSWAGEN TRANSPORTER,6,E01023929,0,-1
2023440466721,2023,440466721,1,19,0,9,9,4,2,0,0,1,0,0,0,0,3,1,1,1,1,56,9,1968,2,13,VOLKSWAGEN TRANSPORTER,5,E01017131,0,-1
2023451283892,2023,451283892,2,19,0,5,5,5,1,0,0,6,0,0,0,0,1,1,2,2,1,64,9,1968,2,0,VOLKSWAGEN TRANSPORTER,8,E01030373,0,-1
2023440173863,2023,440173863,1,19,0,18,19,7,3,0,0,0,0,0,0,0,1,1,1,1,1,31,6,1968,2,12,VOLKSWAGEN TRANSPORTER,7,E01022924,0,-1
2023332301125,2023,332301125,2,19,0,18,19,1,5,0,0,0,0,0,0,0,1,1,1,1,1,43,7,1968,2,0,VOLKSWAGEN TRANSPORTER,5,E01007558,0,-1
2023010459888,2023,010459888,2,19,3,18,19,1,5,0,0,8,0,0,0,0,1,1,2,2,1,45,7,1968,2,6,VOLKSWAGEN TRANSPORTER,3,E01004489,0,-1
2023052300343,2023,052300343,2,19,0,18,19,8,4,0,0,1,0,0,0,0,4,1,1,1,1,-1,-1,1968,2,1,VOLKSWAGEN TRANSPORTER,-1,-1,0,-1
2023430284152,2023,430284152,2,19,0,9,9,2,8,0,0,8,0,0,0,0,3,1,6,6,2,44,7,2460,2,16,VOLKSWAGEN TRANSPORTER,10,E01022534,0,-1
2023010445298,2023,010445298,1,19,0,18,19,5,1,0,0,0,0,0,0,0,1,1,6,6,1,29,6,1968,2,2,VOLKSWAGEN TRANSPORTER,1,E01001876,0,-1
2023461284265,2023,461284265,2,19,0,18,19,5,1,0,0,0,0,0,0,0,4,1,6,6,1,-1,-1,1968,2,7,VOLKSWAGEN TRANSPORTER,4,E01016055,0,-1
2023522400400,2023,522400400,2,19,0,18,19,4,1,0,0,0,0,0,0,0,4,1,6,6,1,64,9,1968,2,4,VOLKSWAGEN TRANSPORTER,7,E01014385,0,-1
2023421263561,2023,421263561,1,19,0,12,12,7,3,0,0,0,0,0,0,0,0,1,5,6,1,42,7,1968,2,1,VOLKSWAGEN TRANSPORTER,10,E01015890,0,-1
2023010420095,2023,010420095,2,19,0,9,9,5,2,0,0,0,0,0,0,0,1,1,1,1,1,53,8,1968,2,2,VOLKSWAGEN TRANSPORTER,4,E01004531,0,-1
2023421317463,2023,421317463,1,19,0,18,19,3,7,0,0,0,0,0,0,0,1,1,6,6,1,-1,-1,1968,2,6,VOLKSWAGEN TRANSPORTER,-1,-1,0,-1
2023010475708,2023,010475708,2,19,0,99,99,9,9,99,99,9,9,99,9,99,1,9,6,6,3,-1,-1,1968,2,1,VOLKSWAGEN TRANSPORTER,7,E01000117,0,-1
2023622300342,2023,622300342,2,19,0,18,19,8,4,0,0,0,0,0,0,0,1,1,6,6,1,39,7,1896,2,18,VOLKSWAGEN TRANSPORTER,2,W01001237,0,-1
2023501323783,2023,501323783,2,19,0,18,19,1,5,0,0,1,0,0,0,0,1,1,6,6,1,55,8,1896,2,18,VOLKSWAGEN TRANSPORTER,6,E01018845,0,-1
2023010463605,2023,010463605,1,19,0,18,19,3,7,0,0,0,0,0,0,0,2,1,6,6,1,30,6,1968,2,3,VOLKSWAGEN TRANSPORTER,3,E01003989,0,-1
2023131322354,2023,131322354,2,19,0,3,3,7,3,0,0,1,0,0,0,0,1,1,6,6,1,22,5,1968,2,1,VOLKSWAGEN TRANSPORTER,2,E01010728,0,-1
2023131379186,2023,131379186,1,10,0,9,9,5,5,0,0,5,0,0,0,0,4,1,5,6,1,56,9,-1,-1,-1,VOLKSWAGEN TRANSPORTER,1,E01010832,0,-1
2023361342711,2023,361342711,2,19,0,2,2,0,0,0,0,0,0,0,0,0,2,1,6,6,3,-1,-1,1896,2,19,VOLKSWAGEN TRANSPORTER,-1,-1,0,-1
2023052300647,2023,052300647,3,19,0,2,2,0,0,0,0,1,0,0,0,0,2,1,6,6,3,-1,-1,1968,2,9,VOLKSWAGEN TRANSPORTER,-1,-1,0,-1
2023231341425,2023,231341425,2,19,0,18,19,2,6,0,0,8,0,0,7,0,2,1,1,1,1,54,8,2460,2,14,VOLKSWAGEN TRANSPORTER,9,E01033250,0,-1
2023421282150,2023,421282150,1,19,0,14,14,5,1,0,0,0,0,0,0,0,1,1,6,6,1,22,5,1968,2,1,VOLKSWAGEN TRANSPORTER,6,E01021980,0,-1
2023122300394,2023,122300394,1,19,0,18,19,7,5,0,0,0,0,0,0,0,2,1,6,6,1,55,8,1968,2,9,VOLKSWAGEN TRANSPORTER,10,E01027880,0,-1
2023131384499,2023,131384499,2,19,0,-1,-1,-1,-1,-1,-1,0,-1,-1,-1,0,1,1,6,6,3,-1,-1,1896,2,15,VOLKSWAGEN TRANSPORTER,-1,-1,0,-1
2023991356506,2023,991356506,3,19,0,2,2,0,0,0,0,0,0,0,0,0,3,1,6,6,3,-1,-1,1968,2,2,VOLKSWAGEN TRANSPORTER,-1,-1,0,-1
2023451350799,2023,451350799,2,9,0,18,19,7,3,0,0,3,0,0,0,0,4,1,5,6,2,55,8,1968,2,4,VOLKSWAGEN TRANSPORTER,8,E01030490,0,-1
2023501402185,2023,501402185,1,19,0,5,5,-1,-1,0,0,0,0,0,0,0,4,1,6,6,2,38,7,2460,2,19,VOLKSWAGEN TRANSPORTER,1,E01019029,0,-1
2023010457076,2023,010457076,2,19,0,9,9,1,6,0,0,8,0,0,0,0,3,1,1,1,1,34,6,1968,2,4,VOLKSWAGEN TRANSPORTER,6,E01023988,0,-1
2023411297313,2023,411297313,2,19,0,2,2,3,7,6,6,0,0,0,0,0,2,1,5,6,1,56,9,1968,2,6,VOLKSWAGEN TRANSPORTER,4,E01017599,0,-1
2023631332420,2023,631332420,1,19,0,13,13,6,2,0,0,0,0,0,0,0,4,1,1,1,1,27,6,1896,2,29,VOLKSWAGEN TRANSPORTER,6,W01000716,0,-1
2023161289356,2023,161289356,2,9,0,18,19,5,1,0,0,0,0,0,0,0,1,1,5,6,2,60,9,1968,2,5,VOLKSWAGEN TRANSPORTER,1,E01013162,0,-1
2023541868323,2023,541868323,1,19,0,18,19,3,7,0,0,0,0,0,0,0,1,1,6,6,1,44,7,1968,2,11,VOLKSWAGEN TRANSPORTER,8,E01029319,0,-1
2023471357772,2023,471357772,2,19,0,18,19,5,1,0,0,0,0,0,1,9,1,1,2,2,1,39,7,1984,1,4,VOLKSWAGEN TRANSPORTER,6,E01021148,0,-1
2023231370088,2023,231370088,3,19,0,16,19,6,2,0,0,0,1,0,2,0,1,1,1,1,1,47,8,1968,2,1,VOLKSWAGEN TRANSPORTER,4,E01032381,0,-1
2023401305223,2023,401305223,1,19,0,9,9,1,5,0,0,8,0,0,0,0,1,1,1,1,1,57,9,1968,2,7,VOLKSWAGEN TRANSPORTER,6,E01017517,0,-1
2023552301472,2023,552301472,1,9,0,18,19,5,1,0,0,0,0,0,0,0,1,1,6,6,1,26,6,1968,2,1,VOLKSWAGEN TRANSPORTER,5,E01020368,0,-1
2023131302585,2023,131302585,3,19,0,11,11,1,7,0,0,5,0,0,0,0,0,1,6,6,3,-1,-1,1968,2,2,VOLKSWAGEN TRANSPORTER,-1,-1,0,-1
2023161326570,2023,161326570,3,19,0,2,2,0,0,0,0,1,0,0,0,0,0,1,5,6,3,-1,-1,1968,2,3,VOLKSWAGEN TRANSPORTER,-1,-1,0,-1
2023471276058,2023,471276058,2,19,0,3,3,5,1,0,0,0,0,0,0,0,2,1,1,1,1,42,7,1968,2,9,VOLKSWAGEN TRANSPORTER,7,E01021212,0,-1
2023411319029,2023,411319029,2,19,0,3,3,-1,-1,0,0,8,0,0,0,0,2,1,1,1,1,29,6,1968,2,2,VOLKSWAGEN TRANSPORTER,7,E01023334,0,-1
2023131386155,2023,131386155,3,19,0,2,2,0,0,0,0,0,0,0,0,0,3,1,6,6,3,-1,-1,1968,2,12,VOLKSWAGEN TRANSPORTER,-1,-1,0,-1
2023332300939,2023,332300939,2,19,0,18,19,7,3,0,0,1,0,0,0,0,1,1,6,6,1,48,8,1968,2,4,VOLKSWAGEN TRANSPORTER,10,E01025734,0,-1
2023010460071,2023,010460071,1,19,0,99,99,9,9,99,99,0,9,99,9,99,9,9,2,2,1,38,7,1968,2,3,VOLKSWAGEN TRANSPORTER,1,E01004710,0,-1
2023161359045,2023,161359045,2,19,0,18,19,7,3,0,0,0,0,0,0,0,1,1,2,2,1,43,7,1968,2,5,VOLKSWAGEN TRANSPORTER,10,E01012967,0,-1
2023461313785,2023,461313785,1,19,0,3,3,7,3,0,0,0,0,4,0,0,1,1,6,6,1,-1,-1,1968,2,10,VOLKSWAGEN TRANSPORTER,-1,-1,0,-1
2023052301202,2023,052301202,1,19,0,18,19,3,7,0,0,0,0,0,0,0,1,1,1,1,1,32,6,1968,2,4,VOLKSWAGEN TRANSPORTER,5,E01012405,0,-1
2023421357811,2023,421357811,2,9,0,17,19,7,5,0,0,0,0,0,0,0,3,1,5,6,1,40,7,2460,2,15,VOLKSWAGEN TRANSPORTER,4,E01022016,0,-1
2023461305640,2023,461305640,1,19,0,9,9,7,5,0,0,6,0,0,0,0,1,1,5,6,1,61,9,1968,2,1,VOLKSWAGEN TRANSPORTER,6,E01024021,0,-1
2023631307569,2023,631307569,2,19,0,9,9,4,2,0,0,5,0,0,0,0,3,1,1,1,1,30,6,1968,2,1,VOLKSWAGEN TRANSPORTER,1,W01001326,0,-1
2023031275032,2023,031275032,2,19,0,18,19,1,5,0,0,1,0,0,0,0,1,1,5,6,1,24,5,1968,2,5,VOLKSWAGEN TRANSPORTER,-1,-1,0,-1
2023440423110,2023,440423110,2,19,0,1,1,4,8,0,0,0,0,0,0,0,2,1,6,6,1,-1,-1,1968,2,3,VOLKSWAGEN TRANSPORTER,-1,-1,0,-1
2023552301493,2023,552301493,1,19,0,18,19,4,8,0,0,0,2,0,1,9,4,1,2,2,1,56,9,1896,2,19,VOLKSWAGEN TRANSPORTER,5,E01020469,0,-1
2023401330627,2023,401330627,1,19,0,5,5,3,1,0,0,1,0,0,0,0,1,1,1,1,1,23,5,1968,2,6,VOLKSWAGEN TRANSPORTER,4,E01017512,0,-1
2023010483909,2023,010483909,1,10,0,99,99,9,9,0,0,0,9,99,9,99,9,9,6,6,1,33,6,-1,-1,-1,VOLKSWAGEN TRANSPORTER,3,E01003585,0,-1
2023430555364,2023,430555364,2,19,0,11,11,2,6,0,0,3,0,0,0,0,4,1,6,6,1,-1,-1,1968,2,5,VOLKSWAGEN TRANSPORTER,-1,-1,0,-1
2023041304482,2023,041304482,2,19,0,2,2,0,0,0,0,1,0,0,0,0,2,1,6,6,3,-1,-1,1968,2,6,VOLKSWAGEN TRANSPORTER,-1,-1,0,-1
2023010451656,2023,010451656,2,19,9,99,99,9,9,99,99,0,9,99,9,99,9,9,6,6,3,-1,-1,1968,2,9,VOLKSWAGEN TRANSPORTER,-1,-1,0,-1
2023520301328,2023,520301328,3,19,0,8,8,3,7,0,0,8,0,0,0,0,3,1,6,6,1,55,8,1968,2,4,VOLKSWAGEN TRANSPORTER,6,E01029121,0,-1
2023421294443,2023,421294443,1,19,0,18,19,5,1,0,0,0,0,0,0,0,4,1,6,6,1,-1,-1,1968,2,3,VOLKSWAGEN TRANSPORTER,-1,-1,0,-1
2023041372794,2023,041372794,1,19,0,18,19,-1,-1,0,0,0,0,0,0,0,-1,1,6,6,3,-1,-1,1968,2,3,VOLKSWAGEN TRANSPORTER,-1,-1,0,-1
2023471352144,2023,471352144,1,19,0,13,13,8,4,0,0,0,0,0,0,0,3,1,1,1,1,25,5,1968,2,3,VOLKSWAGEN TRANSPORTER,5,E01020956,0,-1
2023131299132,2023,131299132,1,19,0,18,19,3,7,0,0,0,1,0,7,0,4,1,5,6,1,38,7,1968,2,10,VOLKSWAGEN TRANSPORTER,9,E01010574,0,-1
2023131314486,2023,131314486,2,19,0,18,19,3,7,0,0,8,0,0,0,0,1,1,6,6,1,22,5,1968,2,13,VOLKSWAGEN TRANSPORTER,7,E01010908,0,-1
2023461276899,2023,461276899,3,19,0,14,14,8,4,0,0,0,0,1,0,0,0,1,2,2,1,61,9,-1,-1,-1,VOLKSWAGEN TRANSPORTER,7,E01024707,0,-1
2023522301698,2023,522301698,4,19,0,3,3,8,4,0,0,1,0,0,0,0,1,1,6,6,1,41,7,1968,2,6,VOLKSWAGEN TRANSPORTER,9,E01014796,0,-1
2023010431464,2023,010431464,1,19,9,99,99,9,9,99,99,9,9,99,9,99,9,9,6,6,1,50,8,1968,2,1,VOLKSWAGEN TRANSPORTER,-1,-1,0,-1
2023311292105,2023,311292105,2,19,0,16,19,7,3,0,0,1,0,0,0,0,1,1,5,6,1,50,8,2460,2,18,VOLKSWAGEN TRANSPORTER,4,E01007519,0,-1
2023552301180,2023,552301180,3,19,0,11,11,8,4,0,0,0,0,0,0,0,0,1,2,2,1,46,8,1968,2,9,VOLKSWAGEN TRANSPORTER,9,E01020580,0,-1
2023501275400,2023,501275400,2,19,0,4,4,4,8,0,0,0,1,0,0,0,1,1,6,6,2,50,8,2460,2,15,VOLKSWAGEN TRANSPORTER,4,E01018778,0,-1
2023430339507,2023,430339507,1,19,0,18,19,1,5,0,0,8,0,0,0,0,4,1,6,6,1,59,9,1968,2,5,VOLKSWAGEN TRANSPORTER,-1,-1,0,-1
2023061278666,2023,061278666,1,19,-1,1,1,1,5,0,0,0,0,0,0,0,1,1,6,6,1,-1,-1,1968,2,13,VOLKSWAGEN TRANSPORTER,2,E01004876,0,-1
2023311366465,2023,311366465,2,19,0,18,19,7,3,0,0,1,0,0,0,0,1,1,6,6,1,33,6,1984,1,4,VOLKSWAGEN TRANSPORTER,10,E01028088,0,-1
2023440248405,2023,440248405,2,19,0,18,19,8,4,0,0,0,0,0,0,0,4,1,6,6,3,-1,-1,1968,2,4,VOLKSWAGEN TRANSPORTER,-1,-1,0,-1
2023351323487,2023,351323487,2,9,0,7,7,1,5,0,0,1,0,0,0,0,1,1,6,6,1,53,8,1968,2,6,VOLKSWAGEN TRANSPORTER,9,E01015689,0,-1
2023371344728,2023,371344728,2,19,0,18,19,7,3,0,0,0,0,0,0,0,1,1,5,6,1,46,8,2461,2,20,VOLKSWAGEN TRANSPORTER,4,E01026677,0,-1
2023311275876,2023,311275876,1,19,0,18,19,7,4,0,0,0,5,6,0,0,1,1,1,1,1,62,9,1968,2,3,VOLKSWAGEN TRANSPORTER,7,E01028370,0,-1
2023010469098,2023,010469098,1,19,0,18,19,5,1,0,0,1,0,0,0,0,1,1,6,6,3,-1,-1,1968,2,13,VOLKSWAGEN TRANSPORTER,-1,-1,0,-1
2023052301933,2023,052301933,1,19,0,18,19,3,7,0,0,1,0,0,0,0,1,1,6,6,1,-1,-1,1968,2,10,VOLKSWAGEN TRANSPORTER,-1,-1,0,-1
2023471286212,2023,471286212,2,19,0,18,19,4,8,0,0,1,0,0,0,0,1,1,1,1,1,38,7,1968,2,5,VOLKSWAGEN TRANSPORTER,10,E01031735,0,-1