collision_index,collision_year,collision_ref_no,vehicle_reference,vehicle_type,towing_and_articulation,vehicle_manoeuvre_historic,vehicle_manoeuvre,vehicle_direction_from,vehicle_direction_to,vehicle_location_restricted_lane_historic,vehicle_location_restricted_lane,junction_location,skidding_and_overturning,hit_object_in_carriageway,vehicle_leaving_carriageway,hit_object_off_carriageway,first_point_of_impact,vehicle_left_hand_drive,journey_purpose_of_driver_historic,journey_purpose_of_driver,sex_of_driver,age_of_driver,age_band_of_driver,engine_capacity_cc,propulsion_code,age_of_vehicle,generic_make_model,driver_imd_decile,lsoa_of_driver,escooter_flag,driver_distance_banding
2023991302428,2023,991302428,1,19,0,12,12,2,6,0,0,0,0,0,0,0,2,1,1,1,1,38,7,1968,2,5,VOLKSWAGEN TRANSPORTER,6,-1,0,-1
2023451359084,2023,451359084,2,19,0,18,19,3,7,0,0,0,0,0,0,0,1,1,2,2,1,50,8,1968,2,9,VOLKSWAGEN TRANSPORTER,10,E01030807,0,-1
2023010439850,2023,010439850,1,19,0,3,3,5,1,0,0,1,0,0,0,0,2,1,1,1,1,33,6,1968,2,5,VOLKSWAGEN TRANSPORTER,-1,-1,0,-1
2023070361052,2023,070361052,2,19,0,4,4,2,6,0,0,1,0,0,0,0,1,1,1,1,1,56,9,1968,2,4,VOLKSWAGEN TRANSPORTER,8,E01005913,0,-1
2023311362418,2023,311362418,1,9,0,16,19,3,7,0,0,0,1,0,0,0,1,1,1,1,1,58,9,1968,2,6,VOLKSWAGEN TRANSPORTER,5,E01028022,0,-1
2023501374562,2023,501374562,2,19,0,4,4,1,5,0,0,1,0,0,0,0,1,1,5,6,2,35,6,1968,2,6,VOLKSWAGEN TRANSPORTER,6,E01018764,0,-1
2023552301308,2023,552301308,1,19,0,7,7,2,3,0,0,3,0,0,0,0,1,1,6,6,1,45,7,1968,2,12,VOLKSWAGEN TRANSPORTER,6,E01015460,0,-1
2023522300380,2023,522300380,2,19,0,12,12,2,6,0,0,0,0,0,0,0,3,1,6,6,1,57,9,2460,2,19,VOLKSWAGEN TRANSPORTER,10,E01014913,0,-1
2023440173422,2023,440173422,1,19,0,18,19,7,3,0,0,0,0,0,0,0,1,1,6,6,1,52,8,2461,2,20,VOLKSWAGEN TRANSPORTER,5,E01032883,0,-1
2023543752123,2023,543752123,3,19,0,18,19,3,7,0,0,0,0,0,0,0,1,1,6,6,1,24,5,1968,2,3,VOLKSWAGEN TRANSPORTER,9,E01015453,0,-1
2023501304687,2023,501304687,1,19,0,18,19,1,5,0,0,0,5,0,1,10,1,1,6,6,2,64,9,1896,2,16,VOLKSWAGEN TRANSPORTER,8,E01020197,0,-1
2023991284223,2023,991284223,1,9,0,18,19,1,5,0,0,2,0,0,0,0,1,1,6,6,2,33,6,1968,2,1,VOLKSWAGEN TRANSPORTER,-1,-1,0,-1
2023131353923,2023,131353923,2,19,0,5,5,2,4,0,0,6,0,0,0,0,1,1,1,1,1,61,9,1968,2,3,VOLKSWAGEN TRANSPORTER,6,E01011299,0,-1
2023061307041,2023,061307041,1,19,0,18,19,3,7,0,0,0,0,0,0,0,1,1,6,6,1,36,7,1968,2,4,VOLKSWAGEN TRANSPORTER,3,E01004887,0,-1
2023421367860,2023,421367860,1,19,0,9,9,2,8,0,0,5,0,0,0,0,3,1,1,1,1,49,8,1968,2,2,VOLKSWAGEN TRANSPORTER,3,E01015882,0,-1
2023440462640,2023,440462640,2,19,0,11,11,5,1,0,0,8,0,0,0,0,4,1,6,6,1,34,6,1968,2,8,VOLKSWAGEN TRANSPORTER,6,E01023216,0,-1
2023631392251,2023,631392251,2,9,0,16,19,1,5,0,0,0,0,0,1,0,1,1,5,6,2,41,7,1968,2,10,VOLKSWAGEN TRANSPORTER,7,W01001907,0,-1
2023461284561,2023,461284561,4,19,0,2,2,0,0,0,0,0,0,0,0,0,4,1,6,6,3,-1,-1,2460,2,19,VOLKSWAGEN TRANSPORTER,5,E01024716,0,-1
2023531301139,2023,531301139,1,19,0,5,5,-1,-1,0,0,6,0,0,0,0,1,1,6,6,1,38,7,1968,2,8,VOLKSWAGEN TRANSPORTER,6,E01022186,0,-1
2023351318131,2023,351318131,2,19,0,16,19,-1,-1,0,0,0,0,0,0,0,3,1,5,6,2,33,6,1968,2,4,VOLKSWAGEN TRANSPORTER,2,E01018075,0,-1
2023440035447,2023,440035447,1,19,0,18,19,8,4,0,0,7,0,0,0,0,1,1,6,6,1,61,9,1896,2,17,VOLKSWAGEN TRANSPORTER,7,E01022764,0,-1
2023161289740,2023,161289740,2,19,0,3,3,4,8,0,0,3,0,0,0,0,2,1,2,2,1,48,8,1968,2,12,VOLKSWAGEN TRANSPORTER,6,E01027868,0,-1
2023052300969,2023,052300969,1,9,0,18,19,3,7,0,0,8,0,0,0,0,1,1,3,7,1,70,10,1968,2,1,VOLKSWAGEN TRANSPORTER,5,E01007299,0,-1
2023991290286,2023,991290286,2,19,0,18,19,1,5,0,0,1,0,0,0,0,1,1,1,1,1,55,8,1968,2,8,VOLKSWAGEN TRANSPORTER,7,-1,0,-1
2023041373727,2023,041373727,3,19,0,2,2,0,0,9,9,0,0,0,0,0,2,1,6,6,3,-1,-1,1896,2,18,VOLKSWAGEN TRANSPORTER,-1,-1,0,-1
2023010470834,2023,010470834,1,19,0,7,7,3,5,0,0,1,0,0,0,0,0,1,6,6,1,31,6,1968,2,2,VOLKSWAGEN TRANSPORTER,1,E01004702,0,-1
2023461281114,2023,461281114,1,19,0,4,4,3,7,0,0,0,0,0,0,0,1,1,6,6,1,-1,-1,1968,2,4,VOLKSWAGEN TRANSPORTER,9,E01016176,0,-1
2023161282164,2023,161282164,1,19,0,4,4,1,5,0,0,0,0,0,0,0,2,1,1,1,1,33,6,1968,2,6,VOLKSWAGEN TRANSPORTER,7,E01033105,0,-1
2023501277653,2023,501277653,2,19,0,4,4,1,3,0,0,0,0,0,0,0,2,1,6,6,2,29,6,1968,2,13,VOLKSWAGEN TRANSPORTER,6,E01015107,0,-1
2023471387913,2023,471387913,1,19,0,18,19,3,7,0,0,0,0,0,0,0,1,1,1,1,1,27,6,1968,2,4,VOLKSWAGEN TRANSPORTER,4,E01016925,0,-1
2023010472463,2023,010472463,1,19,0,99,99,9,9,99,99,9,9,99,9,99,2,9,6,6,1,39,7,1968,2,9,VOLKSWAGEN TRANSPORTER,2,E01000030,0,-1
2023520301277,2023,520301277,1,19,0,18,19,7,3,0,0,0,0,0,0,0,1,1,6,6,1,63,9,2460,2,14,VOLKSWAGEN TRANSPORTER,7,E01029164,0,-1
2023440199160,2023,440199160,1,90,0,1,1,7,3,0,0,0,0,0,0,0,2,1,6,6,1,65,9,2461,2,22,-1,3,E01017357,0,-1
2023461357310,2023,461357310,1,19,0,9,9,1,7,0,0,5,0,0,0,0,1,1,6,6,1,46,8,1968,2,12,VOLKSWAGEN TRANSPORTER,8,E01016175,0,-1
2023461330018,2023,461330018,1,19,0,18,19,7,3,0,0,0,0,10,0,0,1,1,6,6,1,49,8,2460,2,16,VOLKSWAGEN TRANSPORTER,10,E01027075,0,-1
2023351360120,2023,351360120,3,19,0,18,19,-1,-1,0,0,0,0,0,0,0,2,1,6,6,1,-1,-1,1896,2,18,VOLKSWAGEN TRANSPORTER,4,E01026426,0,-1
2023991373225,2023,991373225,1,19,0,18,19,4,8,0,0,1,0,0,1,0,1,1,5,6,1,54,8,1968,2,3,VOLKSWAGEN TRANSPORTER,7,-1,0,-1
2023471380419,2023,471380419,2,19,0,9,9,5,2,0,0,4,0,0,0,0,1,1,5,6,1,45,7,1968,2,4,VOLKSWAGEN TRANSPORTER,10,E01021192,0,-1
2023010448022,2023,010448022,1,19,0,9,9,2,1,0,0,1,0,0,0,0,0,1,1,1,1,41,7,1968,2,5,VOLKSWAGEN TRANSPORTER,-1,-1,0,-1
202354A869323,2023,54A869323,1,19,0,5,5,4,8,0,0,0,0,0,0,0,1,1,6,6,1,-1,-1,1968,2,9,VOLKSWAGEN TRANSPORTER,-1,-1,0,-1
2023131388679,2023,131388679,1,19,0,18,19,1,1,0,0,1,0,0,0,0,3,1,5,6,1,45,7,1968,2,2,VOLKSWAGEN TRANSPORTER,3,E01010670,0,-1
2023351360245,2023,351360245,1,20,0,18,19,5,1,0,0,0,2,0,8,4,1,1,2,2,1,53,8,-1,-1,-1,-1,9,E01018148,0,-1
2023411340095,2023,411340095,2,19,0,2,2,0,0,6,6,0,0,0,0,0,1,1,6,6,3,-1,-1,1968,2,13,VOLKSWAGEN TRANSPORTER,-1,-1,0,-1
2023010432509,2023,010432509,1,19,0,9,9,6,3,0,0,5,0,0,0,0,4,1,1,1,1,40,7,1968,2,4,VOLKSWAGEN TRANSPORTER,3,E01000195,0,-1
2023010461222,2023,010461222,2,19,0,10,10,1,6,0,0,6,0,0,0,0,4,1,2,2,1,50,8,1968,2,4,VOLKSWAGEN TRANSPORTER,7,E01001380,0,-1
2023010462264,2023,010462264,3,19,0,2,2,0,0,0,0,0,0,0,0,0,1,1,6,6,3,-1,-1,1968,2,6,VOLKSWAGEN TRANSPORTER,-1,-1,0,-1
2023010464376,2023,010464376,2,19,0,18,19,1,5,0,0,2,0,0,0,0,4,2,6,6,1,50,8,1968,2,5,VOLKSWAGEN TRANSPORTER,3,E01004458,0,-1
2023552300679,2023,552300679,1,19,0,18,19,4,8,0,0,0,0,0,0,0,1,1,6,6,1,47,8,1968,2,3,VOLKSWAGEN TRANSPORTER,9,E01020362,0,-1
2023361331081,2023,361331081,1,19,0,18,19,1,5,0,0,8,0,0,0,0,3,1,5,6,2,51,8,2461,2,23,VOLKSWAGEN TRANSPORTER,6,E01026922,0,-1
2023010422900,2023,010422900,3,19,0,18,19,1,5,0,0,0,0,0,0,0,2,1,6,6,1,53,8,1968,2,3,VOLKSWAGEN TRANSPORTER,10,E01000186,0,-1
2023371302189,2023,371302189,3,19,0,18,19,8,2,0,0,1,0,0,0,0,1,1,6,6,1,52,8,1968,2,1,VOLKSWAGEN TRANSPORTER,3,E01029912,0,-1
2023071025610,2023,071025610,4,9,0,18,19,5,1,0,0,0,0,0,0,0,3,1,6,6,2,-1,-1,1968,2,4,VOLKSWAGEN TRANSPORTER,8,E01007427,0,-1
2023548711723,2023,548711723,1,19,0,18,19,6,2,0,0,0,0,0,0,0,4,1,6,6,3,-1,-1,1968,2,0,VOLKSWAGEN TRANSPORTER,-1,-1,0,-1
2023451370688,2023,451370688,2,8,0,18,19,1,5,0,0,0,0,0,0,0,2,1,6,6,1,50,8,1968,2,6,-1,5,E01002501,0,-1
2023430378069,2023,430378069,1,19,0,18,19,6,2,0,0,6,0,0,0,0,3,1,6,6,1,77,11,-1,-1,-1,VOLKSWAGEN TRANSPORTER,7,E01017584,0,-1
2023201328882,2023,201328882,1,19,0,18,19,8,3,0,0,1,0,0,0,0,4,1,6,6,1,46,8,1968,2,2,VOLKSWAGEN TRANSPORTER,4,E01010499,0,-1
2023440315127,2023,440315127,2,19,0,4,4,8,4,0,0,0,0,0,0,0,2,1,6,6,1,51,8,-1,-1,-1,VOLKSWAGEN TRANSPORTER,9,E01014796,0,-1
2023010478146,2023,010478146,1,19,0,10,10,3,1,0,0,8,0,0,0,0,4,1,1,1,1,24,5,1968,2,2,VOLKSWAGEN TRANSPORTER,3,E01003164,0,-1
2023501393601,2023,501393601,1,19,0,5,5,6,1,0,0,2,1,0,0,0,4,1,5,6,1,55,8,2461,2,21,VOLKSWAGEN TRANSPORTER,6,E01018826,0,-1
2023231390912,2023,231390912,2,19,0,5,5,6,2,0,0,4,5,0,0,0,4,1,1,1,1,39,7,1968,2,4,VOLKSWAGEN TRANSPORTER,2,E01006369,0,-1
2023401313411,2023,401313411,2,10,0,18,19,8,4,0,0,0,1,0,0,0,1,1,6,6,2,54,8,-1,-1,-1,VOLKSWAGEN TRANSPORTER,4,E01017579,0,-1
2023131345606,2023,131345606,1,10,0,9,9,1,5,0,0,3,0,0,0,0,3,1,6,6,1,66,10,-1,-1,-1,VOLKSWAGEN TRANSPORTER,2,E01005487,0,-1
2023451352867,2023,451352867,2,19,0,4,4,3,7,0,0,5,0,0,0,0,1,1,6,6,1,25,5,1968,2,0,VOLKSWAGEN TRANSPORTER,5,E01030980,0,-1
2023010434567,2023,010434567,2,19,9,99,99,9,9,99,99,9,9,99,9,99,1,9,6,6,3,-1,-1,1968,2,3,VOLKSWAGEN TRANSPORTER,-1,-1,0,-1
2023622300054,2023,622300054,1,19,0,18,19,2,6,0,0,0,0,0,0,0,1,1,2,2,1,49,8,1896,2,15,VOLKSWAGEN TRANSPORTER,1,W01001807,0,-1
2023010438974,2023,010438974,2,19,0,4,4,7,3,0,0,1,0,0,0,0,1,1,6,6,1,27,6,1968,2,4,VOLKSWAGEN TRANSPORTER,6,E01002668,0,-1
2023332300715,2023,332300715,2,19,0,18,19,2,6,0,0,8,0,0,0,0,1,1,1,1,1,45,7,2460,2,16,VOLKSWAGEN TRANSPORTER,7,E01025721,0,-1
2023361366051,2023,361366051,1,19,0,18,19,5,1,0,0,8,0,0,0,0,4,1,1,1,1,66,10,1968,2,2,VOLKSWAGEN TRANSPORTER,3,E01026799,0,-1
2023320276377,2023,320276377,2,19,0,9,9,8,6,0,0,5,0,0,0,0,3,1,6,6,1,19,4,1968,2,5,VOLKSWAGEN TRANSPORTER,9,E01026234,0,-1
2023052300414,2023,052300414,2,19,0,10,10,8,5,0,0,7,0,0,0,0,3,1,6,6,1,-1,-1,1968,2,2,VOLKSWAGEN TRANSPORTER,-1,-1,0,-1
2023520301259,2023,520301259,1,19,0,18,19,6,2,0,0,0,0,0,0,0,1,1,6,6,1,28,6,1968,2,3,VOLKSWAGEN TRANSPORTER,6,E01029039,0,-1
2023010480376,2023,010480376,1,8,0,99,99,9,9,99,99,9,9,99,9,99,1,9,1,1,1,61,9,1968,2,4,-1,2,E01001735,0,-1
2023531307032,2023,531307032,1,19,0,16,19,6,2,0,0,0,5,0,0,0,3,1,5,6,2,31,6,1968,2,12,VOLKSWAGEN TRANSPORTER,4,E01022399,0,-1
2023522300654,2023,522300654,2,9,0,18,19,3,7,0,0,8,0,0,0,0,1,1,6,6,1,55,8,1968,2,4,VOLKSWAGEN TRANSPORTER,9,E01014819,0,-1
2023221289167,2023,221289167,2,19,0,4,4,6,8,0,0,1,0,0,0,0,2,1,1,1,1,26,6,1968,2,2,VOLKSWAGEN TRANSPORTER,7,W01001484,0,-1
2023520300825,2023,520300825,2,19,0,18,19,8,4,0,0,0,0,4,0,0,1,1,6,6,1,70,10,1896,2,18,VOLKSWAGEN TRANSPORTER,4,E01029196,0,-1
2023320794160,2023,320794160,2,20,0,18,19,1,5,0,0,0,0,0,0,0,1,1,6,6,1,25,5,1968,2,7,-1,2,E01003735,0,-1
2023010453157,2023,010453157,1,9,0,18,19,8,4,0,0,0,0,0,0,0,1,1,3,7,1,47,8,1968,2,7,VOLKSWAGEN TRANSPORTER,7,E01000147,0,-1
2023010441604,2023,010441604,3,9,0,2,2,0,0,0,0,0,0,0,0,0,1,2,6,6,3,-1,-1,2461,2,17,VOLKSWAGEN TRANSPORTER,-1,-1,0,-1
2023411289386,2023,411289386,1,19,0,18,19,-1,-1,0,0,0,0,0,0,0,1,1,6,6,1,28,6,1896,2,15,VOLKSWAGEN TRANSPORTER,9,E01017441,0,-1
2023371389348,2023,371389348,1,19,0,18,19,7,3,0,0,0,0,0,0,0,1,1,5,6,1,35,6,1968,2,3,VOLKSWAGEN TRANSPORTER,8,E01030089,0,-1
2023141341108,2023,141341108,3,19,0,2,2,0,0,9,9,2,0,4,0,0,4,1,6,6,3,-1,-1,1896,2,14,VOLKSWAGEN TRANSPORTER,-1,-1,0,-1
2023010436965,2023,010436965,2,19,0,7,7,5,8,0,0,8,0,0,0,0,1,1,2,2,1,61,9,1968,2,6,VOLKSWAGEN TRANSPORTER,7,E01000369,0,-1
2023610025423,2023,610025423,1,19,0,7,7,5,7,0,0,8,0,0,0,0,2,1,2,2,1,36,7,1968,2,12,VOLKSWAGEN TRANSPORTER,7,W01001108,0,-1
2023041294477,2023,041294477,2,19,0,18,19,1,5,0,0,1,0,4,0,0,1,1,6,6,1,45,7,1968,2,3,VOLKSWAGEN TRANSPORTER,3,E01025571,0,-1
2023522300846,2023,522300846,1,19,0,17,19,4,1,0,0,0,0,0,0,0,1,1,6,6,1,52,8,1896,2,19,VOLKSWAGEN TRANSPORTER,6,E01014865,0,-1
2023440091581,2023,440091581,1,19,0,18,19,4,8,0,0,1,0,11,0,0,1,1,2,2,1,48,8,1968,2,4,VOLKSWAGEN TRANSPORTER,9,E01023152,0,-1
2023221265282,2023,221265282,3,19,4,18,19,1,5,0,0,0,0,0,0,0,2,1,1,1,1,37,7,1968,2,2,VOLKSWAGEN TRANSPORTER,8,E01029203,0,-1
2023501358755,2023,501358755,2,19,0,4,4,1,5,0,0,0,0,0,0,0,2,1,6,6,1,-1,-1,1968,2,8,VOLKSWAGEN TRANSPORTER,4,E01007810,0,-1
2023501299868,2023,501299868,2,19,0,15,15,5,1,0,0,8,2,7,5,7,4,1,5,6,2,60,9,-1,-1,-1,VOLKSWAGEN TRANSPORTER,5,E01018780,0,-1
2023010428992,2023,010428992,2,19,0,5,5,4,8,0,0,0,0,0,0,0,1,1,1,1,1,50,8,1968,2,3,VOLKSWAGEN TRANSPORTER,5,E01004579,0,-1
2023461381680,2023,461381680,2,19,0,18,19,3,7,0,0,5,0,0,7,0,3,1,2,2,1,24,5,1968,2,3,VOLKSWAGEN TRANSPORTER,5,E01024226,0,-1
2023991279937,2023,991279937,1,19,0,9,9,3,1,0,0,1,0,0,0,0,1,1,6,6,1,32,6,1968,2,3,VOLKSWAGEN TRANSPORTER,10,-1,0,-1
2023440128104,2023,440128104,1,19,0,18,19,5,1,0,0,1,0,0,0,0,1,1,6,6,1,23,5,1968,2,8,VOLKSWAGEN TRANSPORTER,5,E01022999,0,-1
2023122301122,2023,122301122,2,19,0,4,4,3,7,0,0,0,0,0,0,0,2,1,6,6,1,57,9,1968,2,8,VOLKSWAGEN TRANSPORTER,6,E01027648,0,-1
2023520301660,2023,520301660,1,19,0,18,19,6,3,0,0,0,0,0,0,0,1,1,6,6,2,43,7,2461,2,20,VOLKSWAGEN TRANSPORTER,3,E01029304,0,-1
2023122300314,2023,122300314,2,19,0,18,19,1,4,0,0,0,0,0,0,0,1,1,6,6,1,48,8,1968,2,0,VOLKSWAGEN TRANSPORTER,6,E01027797,0,-1
2023221284035,2023,221284035,1,19,0,16,19,2,6,0,0,0,0,0,7,0,1,1,6,6,1,42,7,1896,2,19,VOLKSWAGEN TRANSPORTER,2,E01032240,0,-1
2023991325052,2023,991325052,1,19,0,5,5,5,1,0,0,1,0,0,0,0,1,1,1,1,1,50,8,1968,2,3,VOLKSWAGEN TRANSPORTER,-1,-1,0,-1
2023010419865,2023,010419865,1,10,0,7,7,1,3,0,0,1,0,0,0,0,1,1,1,1,1,26,6,-1,-1,-1,VOLKSWAGEN TRANSPORTER,5,E01004071,0,-1
2023320339442,2023,320339442,2,9,0,18,19,1,5,0,0,1,5,0,7,9,1,1,6,6,1,45,7,2460,2,15,VOLKSWAGEN TRANSPORTER,5,E01026034,0,-1
2023161305051,2023,161305051,3,19,0,18,19,7,3,0,0,0,1,0,0,0,3,1,5,6,1,58,9,-1,-1,-1,VOLKSWAGEN TRANSPORTER,6,E01013027,0,-1
2023221307317,2023,221307317,1,19,0,15,15,8,4,0,0,0,0,0,0,0,3,1,5,6,1,30,6,2460,2,14,VOLKSWAGEN TRANSPORTER,10,E01010155,0,-1
202354D726823,2023,54D726823,1,19,0,18,19,5,1,0,0,0,0,0,0,0,1,1,6,6,1,-1,-1,1968,2,13,VOLKSWAGEN TRANSPORTER,-1,-1,0,-1
2023010458499,2023,010458499,2,19,0,11,11,8,4,0,0,5,0,0,0,0,0,1,6,6,3,-1,-1,1968,2,1,VOLKSWAGEN TRANSPORTER,5,E01003262,0,-1
2023440034506,2023,440034506,1,19,0,4,4,8,4,9,9,6,0,0,0,0,4,1,1,1,1,54,8,1968,2,9,VOLKSWAGEN TRANSPORTER,3,E01017080,0,-1
2023071109420,2023,071109420,1,19,0,18,19,2,6,0,0,0,0,0,0,0,1,1,6,6,1,-1,-1,1968,2,7,VOLKSWAGEN TRANSPORTER,-1,-1,0,-1
2023471291114,2023,471291114,1,19,0,18,19,1,5,0,0,0,0,0,0,0,3,1,5,6,1,32,6,1968,2,13,VOLKSWAGEN TRANSPORTER,4,E01031434,0,-1
2023461335611,2023,461335611,3,19,0,2,2,0,0,0,0,1,0,0,0,0,3,1,6,6,2,-1,-1,2460,2,16,VOLKSWAGEN TRANSPORTER,4,E01024647,0,-1
2023552301024,2023,552301024,3,19,0,4,4,3,7,0,0,1,0,0,0,0,3,1,6,6,2,64,9,-1,-1,-1,VOLKSWAGEN TRANSPORTER,10,E01031684,0,-1
2023552400231,2023,552400231,1,19,0,1,1,5,1,0,0,0,0,0,0,0,2,1,6,6,3,-1,-1,1968,2,7,VOLKSWAGEN TRANSPORTER,-1,-1,0,-1
2023430416325,2023,430416325,1,19,0,4,4,5,1,0,0,1,1,0,0,0,2,1,6,6,1,64,9,1896,2,14,VOLKSWAGEN TRANSPORTER,6,E01016309,0,-1
2023451377324,2023,451377324,1,10,0,9,9,6,4,0,0,8,0,0,0,0,1,1,1,1,1,81,11,-1,-1,-1,VOLKSWAGEN TRANSPORTER,6,E01030643,0,-1
2023471259898,2023,471259898,3,19,0,3,3,3,7,0,0,0,0,0,0,0,2,1,1,1,1,44,7,1968,2,2,VOLKSWAGEN TRANSPORTER,8,E01021209,0,-1
2023010448426,2023,010448426,2,9,0,9,9,5,3,0,0,8,0,0,0,0,1,1,6,6,2,42,7,1968,2,2,VOLKSWAGEN TRANSPORTER,5,E01033577,0,-1
2023421377319,2023,421377319,2,19,0,4,4,7,3,0,0,0,0,0,0,0,2,1,2,2,1,60,9,1968,2,1,VOLKSWAGEN TRANSPORTER,9,E01027353,0,-1
2023010451997,2023,010451997,2,19,0,7,7,3,5,0,0,8,0,0,0,0,1,1,6,6,3,-1,-1,1968,2,2,VOLKSWAGEN TRANSPORTER,-1,-1,0,-1
2023522401046,2023,522401046,2,19,0,18,19,2,6,0,0,0,0,0,0,0,1,1,6,6,1,48,8,1968,2,9,VOLKSWAGEN TRANSPORTER,8,E01031932,0,-1
2023010469897,2023,010469897,2,19,0,5,5,3,7,99,99,8,9,0,0,0,4,9,6,6,3,-1,-1,1968,2,6,VOLKSWAGEN TRANSPORTER,-1,-1,0,-1
2023302301637,2023,302301637,1,19,0,17,19,8,6,0,0,1,0,0,0,0,3,1,1,1,1,39,7,1896,2,14,VOLKSWAGEN TRANSPORTER,8,E01019476,0,-1
2023440212761,2023,440212761,1,19,0,18,19,6,2,0,0,0,5,0,0,0,4,1,6,6,1,-1,-1,1968,2,6,VOLKSWAGEN TRANSPORTER,-1,-1,0,-1
2023010481943,2023,010481943,1,19,0,9,9,5,4,0,0,3,0,0,0,0,1,1,1,1,1,32,6,1968,2,5,VOLKSWAGEN TRANSPORTER,8,E01003004,0,-1
2023440421212,2023,440421212,2,19,0,18,19,8,4,0,0,0,0,0,0,0,1,1,6,6,2,37,7,1968,2,12,VOLKSWAGEN TRANSPORTER,10,E01022773,0,-1
2023041342818,2023,041342818,2,19,0,18,19,1,5,0,0,1,0,0,0,0,2,1,5,6,1,50,8,1968,2,13,VOLKSWAGEN TRANSPORTER,2,E01025268,0,-1
2023010468931,2023,010468931,1,19,0,9,9,4,1,0,0,5,0,0,0,0,1,1,1,1,1,56,9,1968,2,5,VOLKSWAGEN TRANSPORTER,2,E01001760,0,-1
2023201326252,2023,201326252,2,9,0,2,2,0,0,0,0,2,0,0,0,0,4,1,5,6,3,-1,-1,1968,2,7,VOLKSWAGEN TRANSPORTER,-1,-1,0,-1
2023401289522,2023,401289522,2,19,0,4,4,8,4,0,0,0,0,0,0,0,2,1,1,1,1,43,7,1968,2,6,VOLKSWAGEN TRANSPORTER,6,E01018207,0,-1
2023440501257,2023,440501257,1,19,0,9,9,1,7,0,0,6,0,0,0,0,1,1,6,6,1,58,9,1968,2,2,VOLKSWAGEN TRANSPORTER,5,E01017136,0,-1
2023991371676,2023,991371676,2,19,0,18,19,5,1,0,0,0,0,0,0,0,4,1,1,1,1,50,8,1968,2,7,VOLKSWAGEN TRANSPORTER,-1,-1,0,-1
2023052301985,2023,052301985,1,19,0,4,4,1,5,0,0,0,0,0,0,0,0,1,1,1,1,-1,-1,1968,2,2,VOLKSWAGEN TRANSPORTER,1,E01007009,0,-1
2023461308205,2023,461308205,2,9,-1,-1,-1,-1,-1,-1,-1,0,-1,-1,-1,0,3,1,6,6,2,36,7,2460,2,14,VOLKSWAGEN TRANSPORTER,6,E01023979,0,-1
2023501306578,2023,501306578,2,19,0,18,19,7,3,0,0,8,0,0,0,0,4,1,3,7,1,42,7,2460,2,16,VOLKSWAGEN TRANSPORTER,9,E01020090,0,-1
2023622300713,2023,622300713,2,9,0,18,19,6,2,0,0,0,0,0,0,0,2,1,6,6,2,48,8,1968,2,2,VOLKSWAGEN TRANSPORTER,10,E01030368,0,-1
2023070063236,2023,070063236,1,19,0,18,19,6,4,0,0,0,0,0,0,0,4,1,6,6,1,29,6,2461,2,21,VOLKSWAGEN TRANSPORTER,4,E01018309,0,-1
2023540591523,2023,540591523,1,19,0,5,5,1,5,0,0,6,1,0,0,0,1,1,1,1,1,33,6,1968,2,2,VOLKSWAGEN TRANSPORTER,1,E01007402,0,-1
2023211318124,2023,211318124,3,19,0,16,19,6,8,0,0,0,0,0,0,0,3,1,5,6,1,61,9,1968,2,8,VOLKSWAGEN TRANSPORTER,10,E01029760,0,-1
2023991374923,2023,991374923,1,19,0,18,19,5,8,0,0,0,0,0,0,0,1,1,1,1,1,23,5,1968,2,1,VOLKSWAGEN TRANSPORTER,1,-1,0,-1
2023131355641,2023,131355641,2,19,0,2,2,1,5,0,0,8,0,4,0,0,1,1,6,6,3,-1,-1,1968,2,5,VOLKSWAGEN TRANSPORTER,-1,-1,0,-1
2023461284250,2023,461284250,1,19,0,5,5,3,7,0,0,1,0,0,0,0,1,1,1,1,1,26,6,1968,2,3,VOLKSWAGEN TRANSPORTER,5,E01024281,0,-1
2023552300158,2023,552300158,1,19,0,9,9,8,6,0,0,5,0,0,0,0,1,1,6,6,1,48,8,2460,2,15,VOLKSWAGEN TRANSPORTER,8,E01015394,0,-1
2023520400752,2023,520400752,1,9,0,9,9,2,8,0,0,8,0,0,0,0,2,1,6,6,1,41,7,1968,2,2,VOLKSWAGEN TRANSPORTER,1,W01001753,0,-1
2023991321148,2023,991321148,1,19,0,9,9,1,7,0,0,6,0,0,0,0,3,1,1,1,1,50,8,1968,2,5,VOLKSWAGEN TRANSPORTER,-1,-1,0,-1
2023451389939,2023,451389939,2,19,0,17,19,8,6,0,0,8,0,0,0,0,1,1,1,1,1,55,8,1968,2,4,VOLKSWAGEN TRANSPORTER,10,E01022632,0,-1
2023451368054,2023,451368054,1,19,0,11,11,8,4,0,0,3,0,0,0,0,4,1,6,6,3,54,8,1968,2,6,VOLKSWAGEN TRANSPORTER,3,E01016456,0,-1
2023211324433,2023,211324433,2,19,0,3,3,2,6,0,0,0,0,0,0,0,2,1,2,2,1,60,9,1968,2,2,VOLKSWAGEN TRANSPORTER,2,E01013538,0,-1
2023552301203,2023,552301203,1,19,0,9,9,4,1,4,4,5,0,0,0,0,0,1,6,6,1,25,5,1968,2,11,VOLKSWAGEN TRANSPORTER,5,E01015346,0,-1
2023201391663,2023,201391663,3,19,0,4,4,8,4,0,0,1,0,0,0,0,1,1,6,6,1,46,8,1968,2,9,VOLKSWAGEN TRANSPORTER,7,E01009643,0,-1