collision_index,collision_year,collision_ref_no,vehicle_reference,vehicle_type,towing_and_articulation,vehicle_manoeuvre_historic,vehicle_manoeuvre,vehicle_direction_from,vehicle_direction_to,vehicle_location_restricted_lane_historic,vehicle_location_restricted_lane,junction_location,skidding_and_overturning,hit_object_in_carriageway,vehicle_leaving_carriageway,hit_object_off_carriageway,first_point_of_impact,vehicle_left_hand_drive,journey_purpose_of_driver_historic,journey_purpose_of_driver,sex_of_driver,age_of_driver,age_band_of_driver,engine_capacity_cc,propulsion_code,age_of_vehicle,generic_make_model,driver_imd_decile,lsoa_of_driver,escooter_flag,driver_distance_banding
2023131296036,2023,131296036,2,19,0,2,2,0,0,0,0,0,0,0,0,0,2,1,6,6,3,-1,-1,1968,2,5,VOLKSWAGEN TRANSPORTER,-1,-1,0,-1
2023221301719,2023,221301719,1,19,0,18,19,8,4,0,0,6,0,0,0,0,1,1,5,6,1,45,7,1896,2,19,VOLKSWAGEN TRANSPORTER,5,E01014051,0,-1
2023031274837,2023,031274837,2,19,0,17,19,5,3,0,0,0,0,0,0,0,3,1,5,6,1,42,7,1968,2,7,VOLKSWAGEN TRANSPORTER,9,E01019162,0,-1
2023451290623,2023,451290623,2,19,0,7,7,7,3,0,0,1,0,0,0,0,1,1,2,2,1,48,8,1968,2,12,VOLKSWAGEN TRANSPORTER,10,E01030874,0,-1
2023010449346,2023,010449346,3,19,0,18,19,4,8,0,0,0,0,0,0,0,2,1,6,6,3,-1,-1,1968,2,2,VOLKSWAGEN TRANSPORTER,-1,-1,0,-1
2023401300784,2023,401300784,1,19,0,5,5,5,7,0,0,4,0,0,0,0,1,1,6,6,1,65,9,1968,2,6,VOLKSWAGEN TRANSPORTER,7,E01017608,0,-1
2023010422155,2023,010422155,1,19,0,9,9,1,6,0,0,1,0,0,0,0,4,1,6,6,1,58,9,1968,2,2,VOLKSWAGEN TRANSPORTER,1,E01004340,0,-1
2023501285137,2023,501285137,3,19,4,18,19,6,2,0,0,0,0,0,0,0,3,1,1,1,1,45,7,1968,2,1,VOLKSWAGEN TRANSPORTER,7,E01020064,0,-1
2023440410123,2023,440410123,1,19,0,4,4,3,7,0,0,0,0,0,0,0,0,1,6,6,1,67,10,1968,2,3,VOLKSWAGEN TRANSPORTER,3,E01022976,0,-1
2023111347040,2023,111347040,1,19,0,18,19,3,7,0,0,0,0,0,0,0,4,1,2,2,1,36,7,1968,2,2,VOLKSWAGEN TRANSPORTER,8,E01020595,0,-1
2023201319266,2023,201319266,1,9,0,18,19,2,6,0,0,0,1,4,0,0,1,1,6,6,1,60,9,1968,2,4,VOLKSWAGEN TRANSPORTER,-1,-1,0,-1
2023041357745,2023,041357745,2,19,0,9,9,5,1,0,0,0,0,0,1,0,2,1,1,1,1,57,9,1984,1,5,VOLKSWAGEN TRANSPORTER,9,E01007027,0,-1
2023201397915,2023,201397915,1,19,0,9,9,8,6,0,0,5,0,0,0,0,0,1,1,1,3,-1,-1,1968,2,9,VOLKSWAGEN TRANSPORTER,-1,-1,0,-1
2023010485120,2023,010485120,1,19,0,4,4,5,1,0,0,3,0,0,0,0,2,1,1,1,1,59,9,1968,2,5,VOLKSWAGEN TRANSPORTER,3,E01003481,0,-1
2023141288631,2023,141288631,1,19,0,18,19,1,5,0,0,0,0,0,0,0,2,1,6,6,1,58,9,1968,2,7,VOLKSWAGEN TRANSPORTER,4,E01007344,0,-1
2023221331323,2023,221331323,2,19,0,9,9,3,1,0,0,6,0,0,0,0,3,1,6,6,2,55,8,1968,2,5,VOLKSWAGEN TRANSPORTER,9,E01032173,0,-1
2023320328045,2023,320328045,2,19,0,18,19,2,6,0,0,8,0,0,0,0,1,1,6,6,1,32,6,1968,2,2,VOLKSWAGEN TRANSPORTER,-1,-1,0,-1
2023440449353,2023,440449353,2,19,0,4,4,4,8,0,0,0,0,0,0,0,1,1,1,1,1,32,6,1968,2,11,VOLKSWAGEN TRANSPORTER,6,E01023199,0,-1
2023501328806,2023,501328806,2,19,0,18,19,4,1,0,0,0,0,0,0,0,2,1,5,6,1,40,7,1968,2,7,VOLKSWAGEN TRANSPORTER,-1,-1,0,-1
2023622300587,2023,622300587,2,19,0,9,9,3,1,0,0,8,0,0,0,0,4,1,6,6,1,31,6,1968,2,3,VOLKSWAGEN TRANSPORTER,3,W01000626,0,-1
2023430330666,2023,430330666,1,90,0,18,19,4,8,0,0,8,0,0,0,0,4,1,6,6,1,51,8,2461,2,20,-1,4,E01020578,0,-1
2023010458235,2023,010458235,1,19,0,18,19,5,1,0,0,0,0,0,0,0,2,1,6,6,1,61,9,1896,2,19,VOLKSWAGEN TRANSPORTER,4,E01000477,0,-1
2023430259738,2023,430259738,2,19,0,18,19,3,7,0,0,0,5,0,0,0,1,1,2,2,1,22,5,1968,2,5,VOLKSWAGEN TRANSPORTER,9,E01028775,0,-1
2023471266071,2023,471266071,2,19,0,4,4,1,5,0,0,0,0,0,0,0,2,1,5,6,1,49,8,1968,2,9,VOLKSWAGEN TRANSPORTER,9,E01030116,0,-1
2023221371653,2023,221371653,2,19,0,18,19,2,6,0,0,0,0,0,0,0,1,1,6,6,1,56,9,1968,2,11,VOLKSWAGEN TRANSPORTER,4,E01014136,0,-1
2023052301450,2023,052301450,3,19,0,10,10,1,7,0,0,1,0,0,0,0,1,1,2,2,1,46,8,1968,2,9,VOLKSWAGEN TRANSPORTER,6,E01007064,0,-1
2023461265271,2023,461265271,1,19,0,18,19,7,3,0,0,1,0,0,0,0,1,1,6,6,1,55,8,1896,2,16,VOLKSWAGEN TRANSPORTER,9,E01024175,0,-1
2023440120260,2023,440120260,2,19,0,3,3,8,4,0,0,0,0,0,0,0,2,1,6,6,1,49,8,1896,2,14,VOLKSWAGEN TRANSPORTER,8,E01032871,0,-1
2023010436805,2023,010436805,2,19,0,9,9,5,3,0,0,5,9,0,0,0,9,9,6,6,3,33,6,-1,3,3,VOLKSWAGEN TRANSPORTER,-1,-1,0,-1
2023461265177,2023,461265177,1,19,0,18,19,3,7,0,0,8,0,0,0,0,1,1,6,6,1,48,8,1968,2,5,VOLKSWAGEN TRANSPORTER,9,E01024409,0,-1
2023010440527,2023,010440527,2,19,0,2,2,0,0,0,0,0,0,0,0,0,1,1,6,6,3,-1,-1,1968,2,3,VOLKSWAGEN TRANSPORTER,-1,-1,0,-1
2023991384513,2023,991384513,1,19,0,18,19,7,3,0,0,1,0,0,0,0,1,1,5,6,1,68,10,1968,2,1,VOLKSWAGEN TRANSPORTER,9,-1,0,-1
2023411324065,2023,411324065,1,19,0,16,19,-1,-1,0,0,0,0,0,0,0,1,1,1,1,1,-1,-1,1968,2,4,VOLKSWAGEN TRANSPORTER,-1,-1,0,-1
2023351372091,2023,351372091,1,19,0,1,1,8,4,0,0,0,0,0,0,0,2,1,6,6,1,-1,-1,1968,2,7,VOLKSWAGEN TRANSPORTER,-1,-1,0,-1
2023371325372,2023,371325372,1,19,0,18,19,-1,-1,0,0,0,0,0,0,0,1,1,6,6,1,67,10,1896,2,14,VOLKSWAGEN TRANSPORTER,9,E01030183,0,-1
2023010470104,2023,010470104,2,19,0,99,99,9,9,99,99,9,9,99,9,99,1,9,6,6,3,-1,-1,1968,2,4,VOLKSWAGEN TRANSPORTER,-1,-1,0,-1
2023101328037,2023,101328037,1,90,0,18,19,7,3,0,0,8,0,0,0,0,4,1,5,6,2,27,6,1968,2,9,-1,-1,-1,0,-1
2023471279897,2023,471279897,3,19,0,2,2,0,0,6,6,0,0,0,0,0,0,1,6,6,3,-1,-1,1968,2,9,VOLKSWAGEN TRANSPORTER,-1,-1,0,-1
2023471314508,2023,471314508,1,19,0,5,5,1,5,0,0,4,0,0,0,0,1,1,6,6,1,57,9,1968,2,10,VOLKSWAGEN TRANSPORTER,5,E01031431,0,-1
2023471355290,2023,471355290,1,19,0,11,11,3,7,0,0,1,0,0,0,0,1,1,6,6,1,39,7,2460,2,18,VOLKSWAGEN TRANSPORTER,3,E01017007,0,-1
2023451312062,2023,451312062,1,19,0,18,19,5,1,0,0,0,0,0,0,0,1,1,1,1,1,39,7,1968,2,5,VOLKSWAGEN TRANSPORTER,-1,-1,0,-1
2023461318629,2023,461318629,2,19,0,11,11,5,1,0,0,0,0,0,1,0,1,1,2,2,1,49,8,1968,2,5,VOLKSWAGEN TRANSPORTER,9,E01016090,0,-1
2023010447642,2023,010447642,2,19,0,3,3,5,1,0,0,8,0,0,0,0,4,1,2,2,1,70,10,-1,3,2,VOLKSWAGEN TRANSPORTER,-1,-1,0,-1
2023101263367,2023,101263367,1,19,0,18,19,2,6,0,0,0,0,0,0,0,4,1,6,6,1,56,9,1968,2,6,VOLKSWAGEN TRANSPORTER,10,E01020719,0,-1
2023231392797,2023,231392797,2,19,0,3,3,4,8,0,0,0,0,0,0,0,2,1,6,6,1,67,10,1968,2,9,VOLKSWAGEN TRANSPORTER,5,E01031037,0,-1
2023231369683,2023,231369683,2,19,0,18,19,6,2,0,0,0,0,0,0,0,3,1,5,6,2,32,6,1968,2,2,VOLKSWAGEN TRANSPORTER,10,E01033252,0,-1
2023010445123,2023,010445123,1,19,0,13,13,6,2,0,0,0,0,0,0,0,1,1,6,6,3,-1,-1,1968,2,4,VOLKSWAGEN TRANSPORTER,-1,-1,0,-1
2023440327930,2023,440327930,1,19,0,18,19,6,2,0,0,0,0,0,0,0,2,1,6,6,2,47,8,1968,2,6,VOLKSWAGEN TRANSPORTER,8,E01017480,0,-1
2023471266379,2023,471266379,2,19,0,16,19,3,7,0,0,0,1,0,0,0,1,1,1,1,1,21,5,1968,2,7,VOLKSWAGEN TRANSPORTER,5,E01001105,0,-1
2023041293752,2023,041293752,1,19,0,18,19,5,1,0,0,0,0,0,0,0,1,1,5,6,2,40,7,1968,2,5,VOLKSWAGEN TRANSPORTER,4,E01024960,0,-1
2023010461504,2023,010461504,2,19,0,3,3,7,3,0,0,1,0,0,0,0,2,1,1,1,1,31,6,1968,2,3,VOLKSWAGEN TRANSPORTER,5,E01031467,0,-1
2023440053481,2023,440053481,1,19,0,4,4,1,5,7,6,0,0,4,0,0,1,1,6,6,1,60,9,-1,-1,-1,VOLKSWAGEN TRANSPORTER,9,E01022453,0,-1
2023461260863,2023,461260863,1,19,0,16,19,2,6,0,0,1,0,0,0,0,4,1,5,6,1,55,8,1968,2,4,VOLKSWAGEN TRANSPORTER,7,E01024844,0,-1
2023421284514,2023,421284514,2,19,0,17,19,3,7,0,0,8,0,0,0,0,4,1,5,6,1,30,6,1968,2,4,VOLKSWAGEN TRANSPORTER,-1,-1,0,-1
2023221269683,2023,221269683,1,19,0,17,19,3,8,0,0,1,0,10,1,11,1,1,1,1,1,49,8,1968,2,3,VOLKSWAGEN TRANSPORTER,6,E01014006,0,-1
2023471338754,2023,471338754,1,9,0,18,19,7,5,0,0,1,0,0,7,0,2,1,5,6,1,61,9,1968,2,5,VOLKSWAGEN TRANSPORTER,-1,-1,0,-1
2023531290570,2023,531290570,1,19,0,9,9,8,6,0,0,8,0,0,0,0,3,1,1,1,1,20,4,1968,2,5,VOLKSWAGEN TRANSPORTER,4,E01032936,0,-1
2023546051323,2023,546051323,1,19,0,9,9,8,5,0,0,1,0,0,0,0,4,1,6,6,1,30,6,1896,2,15,VOLKSWAGEN TRANSPORTER,2,E01015570,0,-1
2023531436842,2023,531436842,2,9,0,18,19,6,2,0,0,0,0,0,0,0,1,1,1,1,1,45,7,1968,2,4,VOLKSWAGEN TRANSPORTER,1,E01022152,0,-1
2023471357990,2023,471357990,2,19,0,3,3,7,3,0,0,0,0,0,0,0,2,1,6,6,1,47,8,-1,-1,-1,VOLKSWAGEN TRANSPORTER,6,E01031359,0,-1
2023461352169,2023,461352169,1,19,0,18,19,5,1,0,0,0,0,0,0,0,1,1,6,6,1,51,8,1896,2,14,VOLKSWAGEN TRANSPORTER,5,E01024039,0,-1
2023161318721,2023,161318721,2,19,0,4,4,7,3,0,0,0,0,0,0,0,2,1,1,1,1,33,6,1968,2,6,VOLKSWAGEN TRANSPORTER,6,E01026380,0,-1
2023501345726,2023,501345726,2,19,0,18,19,2,5,0,0,1,0,0,0,0,2,1,6,6,1,62,9,1968,2,9,VOLKSWAGEN TRANSPORTER,5,E01018768,0,-1
2023421274694,2023,421274694,1,19,0,9,9,2,7,0,0,8,0,0,0,0,3,1,1,1,1,41,7,2460,2,15,VOLKSWAGEN TRANSPORTER,7,E01021904,0,-1
2023461352119,2023,461352119,1,19,0,1,1,7,5,0,0,0,0,4,0,0,2,1,6,6,1,36,7,1968,2,9,VOLKSWAGEN TRANSPORTER,6,E01024847,0,-1
2023052301677,2023,052301677,1,19,0,18,19,5,1,0,0,8,0,0,0,0,1,1,2,2,1,48,8,1968,2,4,VOLKSWAGEN TRANSPORTER,7,E01007307,0,-1
2023501275636,2023,501275636,1,19,0,18,19,3,7,0,0,0,0,0,0,0,1,1,2,2,1,40,7,1968,2,6,VOLKSWAGEN TRANSPORTER,2,E01015192,0,-1
2023501259203,2023,501259203,2,19,0,16,19,8,4,0,0,0,1,0,0,0,1,1,5,6,1,34,6,1968,2,5,VOLKSWAGEN TRANSPORTER,10,E01020194,0,-1
2023161325450,2023,161325450,1,19,0,9,9,7,1,0,0,6,0,0,0,0,1,1,1,1,1,37,7,1968,2,0,VOLKSWAGEN TRANSPORTER,10,E01013215,0,-1
2023351322903,2023,351322903,2,19,0,18,19,5,2,0,0,0,0,0,0,0,1,1,2,2,1,58,9,1896,2,16,VOLKSWAGEN TRANSPORTER,6,E01023786,0,-1
2023010442359,2023,010442359,1,19,0,9,9,4,1,0,0,8,0,0,0,0,4,1,1,1,1,42,7,1968,2,13,VOLKSWAGEN TRANSPORTER,10,E01030754,0,-1
2023610013323,2023,610013323,1,19,0,4,4,3,7,0,0,0,0,0,0,0,2,1,6,6,1,35,6,1968,2,11,VOLKSWAGEN TRANSPORTER,5,E01030663,0,-1
2023361280649,2023,361280649,2,19,0,9,9,8,4,0,0,0,0,0,0,0,3,1,5,6,1,27,6,1968,2,7,VOLKSWAGEN TRANSPORTER,7,E01026526,0,-1
2023302300696,2023,302300696,1,19,0,9,9,2,8,0,0,2,0,0,0,0,4,1,6,6,1,26,6,1968,2,10,VOLKSWAGEN TRANSPORTER,1,E01008084,0,-1
2023361391575,2023,361391575,2,90,0,18,19,1,5,0,0,0,0,0,0,0,1,1,5,6,2,44,7,1968,2,9,-1,5,E01026879,0,-1
2023440178765,2023,440178765,1,19,0,18,19,1,5,0,0,0,0,0,4,6,1,1,2,2,1,32,6,1968,2,1,VOLKSWAGEN TRANSPORTER,9,E01022613,0,-1
2023622300422,2023,622300422,1,8,0,17,19,8,4,0,0,0,0,0,0,0,1,1,6,6,1,51,8,1968,2,5,-1,6,W01001369,0,-1
2023622300330,2023,622300330,1,19,0,18,19,4,8,0,0,0,0,0,0,0,1,1,1,1,1,39,7,1968,2,4,VOLKSWAGEN TRANSPORTER,2,W01001271,0,-1
2023991393212,2023,991393212,2,19,0,14,14,8,4,0,0,1,0,0,0,0,1,1,1,1,2,30,6,1968,2,2,VOLKSWAGEN TRANSPORTER,10,-1,0,-1
2023461319398,2023,461319398,2,19,0,3,3,3,4,0,0,1,0,0,0,0,2,1,5,6,2,51,8,1968,2,11,VOLKSWAGEN TRANSPORTER,6,E01003936,0,-1
2023552301180,2023,552301180,2,19,0,13,13,8,4,0,0,0,5,0,8,10,2,1,2,2,1,31,6,1968,2,12,VOLKSWAGEN TRANSPORTER,4,E01020578,0,-1
2023430173695,2023,430173695,2,19,0,18,19,4,8,0,0,0,0,0,0,0,1,1,6,6,1,42,7,2460,2,19,VOLKSWAGEN TRANSPORTER,8,E01028614,0,-1
2023552301524,2023,552301524,2,19,0,3,3,6,2,0,0,0,0,0,0,0,2,1,6,6,1,47,8,1896,2,15,VOLKSWAGEN TRANSPORTER,5,E01020412,0,-1
2023010443596,2023,010443596,2,19,0,99,99,9,9,99,99,0,9,99,9,99,9,9,6,6,1,35,6,1968,2,6,VOLKSWAGEN TRANSPORTER,5,E01021880,0,-1
2023520300496,2023,520300496,1,19,0,18,19,3,7,0,0,0,0,0,0,0,1,1,6,6,1,51,8,1968,2,13,VOLKSWAGEN TRANSPORTER,7,E01029270,0,-1
2023161266140,2023,161266140,2,10,0,18,19,4,8,0,0,1,0,0,0,0,1,1,5,6,1,44,7,-1,-1,-1,VOLKSWAGEN TRANSPORTER,5,E01013437,0,-1
2023061277726,2023,061277726,2,19,0,18,19,1,5,0,0,8,0,0,0,0,3,1,1,1,1,54,8,1968,2,5,VOLKSWAGEN TRANSPORTER,2,E01004876,0,-1
2023440445872,2023,440445872,2,19,0,4,4,6,2,0,0,1,0,0,0,0,1,1,6,6,1,-1,-1,1968,2,3,VOLKSWAGEN TRANSPORTER,-1,-1,0,-1
2023440531885,2023,440531885,4,19,0,2,2,5,1,0,0,0,0,0,0,0,2,1,6,6,3,-1,-1,1968,2,0,VOLKSWAGEN TRANSPORTER,-1,-1,0,-1
2023122300826,2023,122300826,1,19,0,3,3,3,7,0,0,1,0,0,0,0,3,1,1,1,1,64,9,1968,2,6,VOLKSWAGEN TRANSPORTER,6,E01027570,0,-1
2023010445030,2023,010445030,2,9,0,5,5,3,7,0,0,1,0,0,0,0,1,1,2,2,1,44,7,1968,2,7,VOLKSWAGEN TRANSPORTER,4,E01001939,0,-1
2023010481942,2023,010481942,1,19,0,9,9,1,7,0,0,1,0,0,0,0,1,1,1,1,1,26,6,1968,2,4,VOLKSWAGEN TRANSPORTER,1,E01000602,0,-1
2023531294900,2023,531294900,2,90,0,18,19,5,1,0,0,0,5,1,0,0,1,1,5,6,1,53,8,1968,2,6,-1,9,E01031183,0,-1
2023010456850,2023,010456850,2,19,0,18,19,6,2,0,0,0,0,0,0,0,1,1,6,6,1,37,7,1968,2,7,VOLKSWAGEN TRANSPORTER,4,E01002594,0,-1
2023010468344,2023,010468344,1,19,0,5,5,8,4,0,0,8,0,0,0,0,1,1,1,1,1,51,8,1968,2,6,VOLKSWAGEN TRANSPORTER,5,E01021139,0,-1
2023010438463,2023,010438463,3,19,0,18,19,5,1,0,0,0,0,0,0,0,0,1,6,6,1,32,6,1968,2,4,VOLKSWAGEN TRANSPORTER,10,E01017884,0,-1
2023320778491,2023,320778491,3,19,0,9,9,1,7,0,0,8,0,0,0,0,0,1,1,1,1,42,7,1896,2,19,VOLKSWAGEN TRANSPORTER,3,E01026017,0,-1
2023010444950,2023,010444950,1,19,0,18,19,1,5,0,0,1,0,0,0,0,1,2,1,1,1,34,6,1968,2,4,VOLKSWAGEN TRANSPORTER,8,E01004131,0,-1
2023520301131,2023,520301131,3,19,0,3,3,6,2,0,0,1,0,0,0,0,1,1,6,6,1,56,9,1968,2,6,VOLKSWAGEN TRANSPORTER,8,E01014420,0,-1
2023440026731,2023,440026731,2,19,0,4,4,2,6,0,0,0,0,0,0,0,2,1,2,2,1,37,7,1968,2,9,VOLKSWAGEN TRANSPORTER,2,E01017219,0,-1
2023501325024,2023,501325024,2,19,0,1,1,8,5,0,0,0,0,0,0,0,4,1,5,6,1,50,8,1968,2,1,VOLKSWAGEN TRANSPORTER,10,E01020253,0,-1
2023531282482,2023,531282482,2,19,0,3,3,8,4,0,0,1,0,0,0,0,2,1,1,1,1,37,7,1968,2,4,VOLKSWAGEN TRANSPORTER,8,E01022313,0,-1
2023010485345,2023,010485345,2,19,0,18,19,7,3,0,0,6,0,0,0,0,1,1,1,1,1,57,9,1968,2,7,VOLKSWAGEN TRANSPORTER,7,E01031388,0,-1
2023440444303,2023,440444303,1,19,0,18,19,1,5,0,0,0,0,0,0,0,1,1,2,2,1,40,7,1896,2,16,VOLKSWAGEN TRANSPORTER,3,E01017111,0,-1
2023010456702,2023,010456702,1,19,0,18,19,5,1,0,0,4,0,0,0,0,3,1,1,1,1,36,7,1968,2,5,VOLKSWAGEN TRANSPORTER,2,E01001959,0,-1
2023041300776,2023,041300776,2,19,0,3,3,7,7,0,0,1,0,0,0,0,2,1,5,6,1,54,8,1968,2,13,VOLKSWAGEN TRANSPORTER,10,E01025467,0,-1
2023361359739,2023,361359739,1,19,0,18,19,3,7,0,0,0,0,0,0,0,4,1,5,6,2,45,7,1896,2,17,VOLKSWAGEN TRANSPORTER,8,E01026508,0,-1
2023010474684,2023,010474684,2,19,0,5,5,0,7,0,0,0,0,0,1,0,4,2,1,1,1,58,9,1968,2,4,VOLKSWAGEN TRANSPORTER,2,E01001191,0,-1
2023531384301,2023,531384301,2,9,0,18,19,3,7,0,0,0,0,0,0,0,1,1,1,1,1,47,8,1968,2,12,VOLKSWAGEN TRANSPORTER,1,E01022323,0,-1
2023531270592,2023,531270592,1,19,0,9,9,2,6,0,0,8,0,0,0,0,1,1,1,1,1,43,7,1968,2,1,VOLKSWAGEN TRANSPORTER,8,E01014894,0,-1
2023161294147,2023,161294147,1,19,0,18,19,7,3,0,0,0,5,0,0,0,2,1,1,1,1,42,7,1968,2,6,VOLKSWAGEN TRANSPORTER,10,E01013057,0,-1
2023421380041,2023,421380041,3,9,0,3,3,5,8,0,0,4,0,0,0,0,2,1,1,1,2,55,8,1968,2,4,VOLKSWAGEN TRANSPORTER,8,E01021719,0,-1
2023522301496,2023,522301496,2,19,0,12,12,2,8,0,0,8,0,0,0,0,3,1,6,6,1,47,8,1968,2,2,VOLKSWAGEN TRANSPORTER,7,E01028658,0,-1
2023501278069,2023,501278069,2,19,0,2,2,0,0,9,9,1,0,0,0,0,2,1,6,6,1,45,7,1896,2,18,VOLKSWAGEN TRANSPORTER,9,E01015126,0,-1
2023122300630,2023,122300630,2,19,0,18,19,6,5,0,0,0,0,0,1,0,1,1,6,6,2,55,8,1968,2,4,VOLKSWAGEN TRANSPORTER,6,E01027637,0,-1
2023141374022,2023,141374022,2,9,0,9,9,5,3,0,0,1,0,0,0,0,1,1,6,6,2,58,9,1968,2,11,VOLKSWAGEN TRANSPORTER,5,E01008104,0,-1
2023101263991,2023,101263991,3,19,0,17,19,7,3,0,0,0,0,1,0,0,1,1,2,2,1,60,9,1968,2,4,VOLKSWAGEN TRANSPORTER,7,E01027452,0,-1
2023010440280,2023,010440280,1,9,0,5,5,3,7,0,0,8,0,0,0,0,4,1,6,6,1,41,7,1896,2,15,VOLKSWAGEN TRANSPORTER,-1,-1,0,-1
2023430461573,2023,430461573,1,19,0,18,19,6,2,0,0,1,0,0,0,0,1,1,2,2,1,30,6,1968,2,6,VOLKSWAGEN TRANSPORTER,3,E01017663,0,-1
2023540923823,2023,540923823,2,19,0,2,2,0,0,0,0,0,0,0,0,0,2,1,6,6,1,67,10,1968,2,10,VOLKSWAGEN TRANSPORTER,8,E01023195,0,-1
2023401318012,2023,401318012,2,19,0,18,19,4,8,0,0,0,0,0,0,0,2,1,1,1,1,51,8,1968,2,7,VOLKSWAGEN TRANSPORTER,3,E01016846,0,-1
2023010461687,2023,010461687,2,19,0,9,9,2,7,0,0,8,0,0,0,0,3,1,6,6,3,-1,-1,1968,2,7,VOLKSWAGEN TRANSPORTER,-1,-1,0,-1
2023010466641,2023,010466641,1,19,0,9,9,8,5,0,0,5,0,0,0,0,3,1,2,2,1,36,7,1968,2,6,VOLKSWAGEN TRANSPORTER,10,E01000694,0,-1
2023161295587,2023,161295587,1,19,0,17,19,6,3,0,0,0,2,0,0,0,1,1,5,6,1,45,7,1968,2,10,VOLKSWAGEN TRANSPORTER,10,E01027914,0,-1
2023161278987,2023,161278987,2,19,0,18,19,5,1,0,0,1,1,0,1,3,3,1,5,6,1,42,7,1896,2,16,VOLKSWAGEN TRANSPORTER,6,E01007560,0,-1
202354C506923,2023,54C506923,1,19,0,18,19,5,1,0,0,1,0,0,0,0,1,1,6,6,1,40,7,1968,2,4,VOLKSWAGEN TRANSPORTER,5,E01032068,0,-1
2023010457033,2023,010457033,2,9,0,99,99,9,9,99,99,9,9,99,9,99,9,9,6,6,3,-1,-1,1968,2,2,VOLKSWAGEN TRANSPORTER,-1,-1,0,-1
2023010435756,2023,010435756,2,19,0,99,99,9,9,99,99,9,9,99,9,99,2,9,6,6,3,-1,-1,1968,2,5,VOLKSWAGEN TRANSPORTER,-1,-1,0,-1
2023052302022,2023,052302022,1,19,0,18,19,3,7,0,0,1,0,0,0,0,4,1,6,6,1,42,7,1968,2,3,VOLKSWAGEN TRANSPORTER,8,E01006792,0,-1
2023541744123,2023,541744123,2,19,0,18,19,4,8,0,0,1,0,0,0,0,1,1,1,1,1,-1,-1,1896,2,16,VOLKSWAGEN TRANSPORTER,10,E01031903,0,-1
2023041352106,2023,041352106,2,19,0,18,19,6,2,0,0,1,0,0,0,0,1,1,1,1,1,44,7,1968,2,3,VOLKSWAGEN TRANSPORTER,6,E01024870,0,-1
2023552300607,2023,552300607,2,19,0,10,10,4,2,0,0,1,0,0,0,0,2,1,1,1,1,63,9,1968,2,0,VOLKSWAGEN TRANSPORTER,5,E01015374,0,-1
2023071079416,2023,071079416,3,19,0,18,19,1,5,0,0,0,0,0,0,0,3,1,6,6,1,35,6,1968,2,8,VOLKSWAGEN TRANSPORTER,4,E01005628,0,-1
2023544944023,2023,544944023,3,19,0,18,19,1,5,0,0,0,0,0,1,1,1,1,6,6,1,30,6,1968,2,3,VOLKSWAGEN TRANSPORTER,7,E01014635,0,-1
2023010425215,2023,010425215,2,19,0,5,5,1,5,99,99,0,9,99,9,99,4,9,6,6,1,53,8,1968,2,3,VOLKSWAGEN TRANSPORTER,3,E01000819,0,-1
2023010472455,2023,010472455,2,19,0,5,5,1,5,0,0,6,0,0,0,0,3,1,1,1,1,44,7,1968,2,1,VOLKSWAGEN TRANSPORTER,8,E01002900,0,-1
2023421317580,2023,421317580,1,19,0,18,19,6,2,0,0,0,0,0,0,0,1,1,6,6,1,30,6,1968,2,2,VOLKSWAGEN TRANSPORTER,-1,-1,0,-1
2023421366960,2023,421366960,1,19,0,2,2,7,3,0,0,0,0,0,0,0,2,1,1,1,1,26,6,1968,2,0,VOLKSWAGEN TRANSPORTER,4,E01015952,0,-1
2023320123577,2023,320123577,1,19,0,9,9,4,2,0,0,6,5,0,0,0,3,1,6,6,1,55,8,1968,2,4,VOLKSWAGEN TRANSPORTER,-1,-1,0,-1
2023201339290,2023,201339290,2,9,0,2,2,0,0,0,0,2,0,10,0,0,1,1,6,6,3,-1,-1,-1,3,0,VOLVO C40,-1,-1,0,-1
2023552301421,2023,552301421,2,9,0,5,5,1,5,0,0,8,0,0,0,0,3,1,6,6,1,52,8,-1,3,1,VOLVO C40,8,E01017059,0,-1
2023430279858,2023,430279858,2,9,0,5,5,5,1,0,0,4,0,0,0,0,4,1,2,2,1,-1,-1,-1,3,1,VOLVO C40,3,E01030793,0,-1
2023052301984,2023,052301984,1,9,0,18,19,5,1,0,0,1,0,0,0,0,3,1,6,6,1,32,6,-1,3,1,VOLVO C40,4,E01006626,0,-1
2023991269907,2023,991269907,2,9,0,17,19,5,1,0,0,0,0,0,0,0,3,1,2,2,1,60,9,-1,3,1,VOLVO C40,8,-1,0,-1
2023531366371,2023,531366371,1,9,0,5,5,4,8,0,0,0,0,0,0,0,1,1,2,2,1,38,7,-1,3,0,VOLVO C40,9,E01022393,0,-1
2023010467781,2023,010467781,1,9,0,9,9,8,5,0,0,6,0,0,0,0,1,1,6,6,1,48,8,-1,3,1,VOLVO C40,7,E01000118,0,-1
2023421388179,2023,421388179,2,9,0,18,19,-1,-1,0,0,0,0,0,0,0,3,1,6,6,2,47,8,-1,3,1,VOLVO C40,8,E01021282,0,-1
2023440431590,2023,440431590,3,9,0,2,2,0,0,0,0,2,0,0,0,0,3,1,6,6,3,-1,-1,-1,3,0,VOLVO C40,-1,-1,0,-1
2023052302961,2023,052302961,3,9,0,3,3,7,3,0,0,1,0,0,0,0,2,1,2,2,3,-1,-1,-1,3,1,VOLVO C40,-1,-1,0,-1