collision_index,collision_year,collision_ref_no,vehicle_reference,vehicle_type,towing_and_articulation,vehicle_manoeuvre_historic,vehicle_manoeuvre,vehicle_direction_from,vehicle_direction_to,vehicle_location_restricted_lane_historic,vehicle_location_restricted_lane,junction_location,skidding_and_overturning,hit_object_in_carriageway,vehicle_leaving_carriageway,hit_object_off_carriageway,first_point_of_impact,vehicle_left_hand_drive,journey_purpose_of_driver_historic,journey_purpose_of_driver,sex_of_driver,age_of_driver,age_band_of_driver,engine_capacity_cc,propulsion_code,age_of_vehicle,generic_make_model,driver_imd_decile,lsoa_of_driver,escooter_flag,driver_distance_banding
2023411337536,2023,411337536,1,9,0,18,19,-1,-1,0,0,8,0,0,0,0,1,1,5,6,1,55,8,-1,3,0,VOLVO C40,10,E01023498,0,-1
2023122400139,2023,122400139,1,2,0,18,19,3,7,0,0,0,0,0,0,0,1,1,1,1,1,31,6,49,1,19,-1,8,E01027680,0,-1
2023221312769,2023,221312769,2,2,0,18,19,1,5,0,0,0,0,0,0,0,1,1,5,6,1,62,9,49,1,24,-1,4,E01014072,0,-1
2023010441030,2023,010441030,1,2,0,18,19,3,7,0,0,1,0,0,0,0,3,1,4,7,1,16,4,49,1,21,-1,2,E01002608,0,-1
2023351381386,2023,351381386,2,2,0,3,3,5,1,0,0,0,0,0,0,0,2,1,2,2,1,63,9,49,1,6,-1,8,E01018290,0,-1
2023421376547,2023,421376547,2,2,0,2,2,-1,-1,0,0,0,0,0,0,0,-1,1,6,6,1,20,4,49,1,12,-1,2,E01015820,0,-1
2023010458999,2023,010458999,2,3,0,15,15,5,1,2,2,1,5,0,0,0,1,1,6,6,1,29,6,124,1,8,YAMAHA YP,1,E01001558,0,-1
2023010480695,2023,010480695,1,3,0,99,99,9,9,99,99,9,9,99,9,99,9,1,1,1,1,32,6,124,1,7,YAMAHA YP,4,E01002643,0,-1
2023010450641,2023,010450641,2,3,0,18,19,3,7,0,0,0,0,0,0,0,1,1,6,6,1,27,6,249,1,13,YAMAHA YP,2,E01000091,0,-1
2023010467600,2023,010467600,2,4,0,7,7,1,3,0,0,1,0,0,0,0,1,1,6,6,1,48,8,249,1,7,YAMAHA YP,2,E01002906,0,-1
2023010438846,2023,010438846,1,3,0,99,99,9,9,99,99,9,9,99,9,99,1,1,6,6,1,24,5,124,1,10,YAMAHA YP,5,E01003948,0,-1
2023471292881,2023,471292881,2,3,0,18,19,7,3,0,0,1,2,0,0,0,1,1,2,2,1,24,5,124,1,12,YAMAHA YP,6,E01030570,0,-1
2023010450288,2023,010450288,1,4,0,99,99,9,9,99,99,9,9,99,9,99,1,1,6,6,1,59,9,249,1,13,YAMAHA YP,6,E01001236,0,-1
2023010471936,2023,010471936,1,3,0,99,99,9,9,99,99,9,9,99,9,99,9,1,1,1,1,27,6,124,1,7,YAMAHA YP,4,E01000676,0,-1
2023010463441,2023,010463441,1,3,0,18,19,3,7,0,0,8,2,0,0,0,4,1,6,6,1,21,5,124,1,9,YAMAHA YP,7,E01004139,0,-1
2023010477818,2023,010477818,1,4,0,18,19,7,3,0,0,2,1,11,7,4,1,1,6,6,1,21,5,395,1,5,YAMAHA YP,2,E01004235,0,-1
2023622300073,2023,622300073,1,4,0,18,19,8,4,0,0,0,1,0,0,0,0,1,2,2,1,58,9,395,1,10,YAMAHA YP,10,W01001114,0,-1
2023471295376,2023,471295376,2,3,0,10,10,3,7,0,0,1,0,0,0,0,2,1,2,2,1,63,9,124,1,11,YAMAHA YP,9,E01031395,0,-1
2023010430049,2023,010430049,1,2,0,99,99,9,9,99,99,0,9,99,9,99,9,9,6,6,1,19,4,124,1,9,-1,4,E01003211,0,-1
2023010453748,2023,010453748,1,3,0,18,19,7,3,0,0,0,2,10,0,0,1,1,1,1,1,22,5,124,1,8,YAMAHA YP,9,E01004155,0,-1
2023010476416,2023,010476416,1,4,0,15,15,1,5,0,0,1,0,0,0,0,1,1,6,6,1,32,6,249,1,13,YAMAHA YP,3,E01004038,0,-1
2023010452285,2023,010452285,2,4,0,18,19,1,5,0,0,1,1,0,0,0,1,1,6,6,1,23,5,249,1,6,YAMAHA YP,2,E01003239,0,-1
2023010434107,2023,010434107,1,3,0,99,99,9,9,99,99,9,9,99,9,99,9,1,6,6,1,36,7,124,1,9,YAMAHA YP,-1,-1,0,-1
2023010469145,2023,010469145,1,3,0,99,99,9,9,99,99,9,9,99,9,99,9,1,2,2,1,21,5,124,1,13,YAMAHA YP,8,E01000672,0,-1
2023010473448,2023,010473448,1,3,0,18,19,3,7,0,0,6,0,0,0,0,1,1,6,6,1,31,6,249,1,9,YAMAHA YP,6,E01004509,0,-1
2023010424321,2023,010424321,1,4,0,16,19,3,7,0,0,1,1,0,0,0,4,1,2,2,1,56,9,249,1,10,YAMAHA YP,3,E01003331,0,-1
2023010457670,2023,010457670,1,4,0,99,99,9,9,99,99,9,9,99,9,99,1,1,2,2,1,-1,-1,395,1,5,YAMAHA YP,2,E01001448,0,-1
2023010420622,2023,010420622,1,4,0,18,19,7,3,0,0,0,0,10,0,0,1,1,2,2,1,42,7,249,1,7,YAMAHA YP,-1,-1,0,-1
2023010419692,2023,010419692,1,4,0,18,19,1,5,0,0,2,0,0,0,0,1,1,2,2,1,27,6,395,1,5,YAMAHA YP,2,E01032765,0,-1
2023010438861,2023,010438861,2,3,0,18,19,1,5,0,0,1,2,0,0,0,1,1,6,6,1,31,6,124,1,10,YAMAHA YP,1,E01002734,0,-1
2023010480176,2023,010480176,1,3,0,13,13,7,3,0,0,2,0,0,0,0,1,1,6,6,1,34,6,124,1,6,YAMAHA YP,4,E01001247,0,-1
2023440134308,2023,440134308,2,3,0,18,19,2,6,0,0,1,0,0,0,0,1,1,6,6,1,-1,-1,124,1,10,YAMAHA YP,-1,-1,0,-1
2023010477731,2023,010477731,2,4,0,18,19,1,5,0,0,0,0,0,0,0,1,1,2,2,1,35,6,249,1,22,YAMAHA YP,2,E01003582,0,-1
2023010449603,2023,010449603,1,3,0,18,19,1,5,0,0,1,1,0,1,11,1,1,6,6,1,22,5,124,1,9,YAMAHA YP,-1,-1,0,-1
2023010481482,2023,010481482,1,3,0,99,99,9,9,99,99,9,9,99,9,99,1,1,1,1,1,41,7,124,1,9,YAMAHA YP,5,E01003435,0,-1
2023010465730,2023,010465730,2,3,0,9,9,3,1,0,0,8,0,0,0,0,1,1,6,6,1,55,8,249,1,6,YAMAHA YP,3,E01002847,0,-1
2023010448782,2023,010448782,1,3,0,99,99,9,9,99,99,9,9,99,9,99,1,1,6,6,3,-1,-1,124,1,12,YAMAHA YP,5,E01003130,0,-1
2023010427395,2023,010427395,1,3,0,4,4,1,5,9,9,0,0,0,0,0,1,1,6,6,1,19,4,124,1,8,YAMAHA YP,5,E01001348,0,-1
2023010465060,2023,010465060,1,3,0,18,19,7,3,0,0,0,0,0,0,0,1,1,6,6,1,23,5,124,1,10,YAMAHA YP,2,E01001977,0,-1
2023010421057,2023,010421057,1,3,0,18,19,5,1,0,0,0,0,0,0,0,1,1,6,6,3,-1,-1,124,1,11,YAMAHA YP,-1,-1,0,-1
2023320069128,2023,320069128,1,4,0,18,19,8,4,0,0,2,0,0,0,0,1,1,1,1,1,35,6,395,1,5,YAMAHA YP,1,E01026150,0,-1
2023451292544,2023,451292544,1,4,0,15,15,6,2,0,0,1,5,0,0,0,2,1,1,1,1,40,7,395,1,5,YAMAHA YP,8,E01002975,0,-1
2023010423204,2023,010423204,1,3,0,99,99,9,9,99,99,9,9,99,9,99,1,1,6,6,1,34,6,124,1,7,YAMAHA YP,4,E01001995,0,-1
2023471349498,2023,471349498,2,3,0,18,19,3,7,0,0,1,0,0,0,0,3,1,5,6,1,37,7,124,1,12,YAMAHA YP,8,E01001891,0,-1
2023010464869,2023,010464869,2,4,0,18,19,6,2,0,0,8,0,0,0,0,1,1,6,6,1,40,7,249,1,8,YAMAHA YP,6,E01033582,0,-1
2023010428598,2023,010428598,3,3,0,18,19,7,3,0,0,1,2,0,0,0,1,1,6,6,1,24,5,124,1,11,YAMAHA YP,-1,-1,0,-1
2023010474488,2023,010474488,2,2,0,18,19,4,8,9,9,2,2,10,0,0,1,1,6,6,1,23,5,124,1,10,-1,2,E01003305,0,-1
2023010429780,2023,010429780,2,4,0,18,19,1,5,0,0,8,5,0,0,0,1,1,6,6,1,74,10,249,1,10,YAMAHA YP,8,E01000394,0,-1
2023010434434,2023,010434434,2,2,0,18,19,7,3,0,0,1,0,0,0,0,1,1,6,6,1,33,6,124,1,11,-1,3,E01000010,0,-1
2023010477367,2023,010477367,2,3,0,18,19,4,8,0,0,1,0,0,0,0,1,1,6,6,1,23,5,124,1,7,YAMAHA YP,2,E01003162,0,-1
2023010451912,2023,010451912,1,4,0,5,5,5,1,0,0,8,0,0,0,0,1,1,2,2,1,32,6,249,1,9,YAMAHA YP,2,E01000015,0,-1
2023461337092,2023,461337092,1,3,0,4,4,3,7,0,0,0,1,0,0,0,0,1,5,6,1,21,5,124,1,8,YAMAHA YP,1,E01024295,0,-1
2023010431653,2023,010431653,2,3,0,18,19,5,1,0,0,0,0,0,0,0,3,1,6,6,1,25,5,124,1,7,YAMAHA YP,3,E01003587,0,-1
2023010472533,2023,010472533,1,3,0,99,99,9,9,99,99,9,9,99,9,99,9,1,1,1,1,31,6,124,1,11,YAMAHA YP,3,E01003533,0,-1
2023421380820,2023,421380820,1,4,0,17,19,5,1,0,0,0,1,0,8,10,3,1,6,6,1,38,7,395,1,9,YAMAHA YP,2,E01004696,0,-1
2023461279451,2023,461279451,1,4,0,16,19,7,2,0,0,8,0,0,0,0,0,1,5,6,1,57,9,395,1,11,YAMAHA YP,6,E01024749,0,-1
2023451340038,2023,451340038,1,3,0,18,19,3,3,0,0,0,0,0,0,0,1,1,2,2,1,22,5,124,1,7,YAMAHA YP,8,E01030335,0,-1
2023010439601,2023,010439601,1,3,0,99,99,9,9,99,99,0,9,99,9,99,1,1,1,1,1,39,7,124,1,10,YAMAHA YP,3,E01003493,0,-1
2023161293272,2023,161293272,2,4,0,9,9,7,1,0,0,4,0,0,0,0,4,1,6,6,1,-1,-1,249,1,12,YAMAHA YP,10,E01012925,0,-1
2023430196278,2023,430196278,1,4,0,18,19,4,8,0,0,0,1,0,0,0,1,1,6,6,1,58,9,124,1,11,YAMAHA YP,7,E01016840,0,-1
2023010439131,2023,010439131,2,3,0,18,19,5,1,0,0,1,0,0,0,0,2,1,6,6,1,22,5,124,1,9,YAMAHA YP,6,E01001937,0,-1
2023010453749,2023,010453749,2,3,0,4,4,1,5,0,0,0,0,0,0,0,1,1,1,1,1,22,5,124,1,8,YAMAHA YP,3,E01003438,0,-1
2023010441446,2023,010441446,1,3,0,99,99,9,9,99,99,9,9,99,9,99,2,1,1,1,1,36,7,124,1,8,YAMAHA YP,4,E01000477,0,-1
2023010449449,2023,010449449,1,3,0,99,99,9,9,0,0,9,0,99,0,0,9,1,6,6,1,18,4,124,1,11,YAMAHA YP,1,E01000953,0,-1
2023010473942,2023,010473942,1,3,0,99,99,9,9,99,99,9,9,99,9,99,9,1,6,6,1,28,6,395,1,5,YAMAHA YP,4,E01000621,0,-1
2023010449408,2023,010449408,2,4,0,18,19,5,1,0,0,1,1,0,0,0,0,1,6,6,1,39,7,249,1,9,YAMAHA YP,5,E01003411,0,-1
2023010460660,2023,010460660,2,3,0,18,19,3,7,0,0,1,0,0,0,0,1,1,1,1,1,17,4,124,1,8,YAMAHA YP,5,E01002913,0,-1
2023141387968,2023,141387968,1,4,0,18,19,6,2,0,0,8,0,0,0,0,1,1,6,6,1,18,4,249,1,7,YAMAHA YP,1,E01007534,0,-1
2023010467128,2023,010467128,1,3,0,99,99,9,9,99,99,9,9,99,9,99,2,1,1,1,1,23,5,124,1,13,YAMAHA YP,4,E01000676,0,-1
2023010476712,2023,010476712,1,4,0,18,19,3,7,0,0,0,5,0,0,0,1,1,6,6,1,34,6,395,1,15,YAMAHA YP,5,E01023838,0,-1
2023010473512,2023,010473512,2,4,0,18,19,3,7,0,0,0,1,0,0,0,1,1,6,6,1,24,5,395,1,10,YAMAHA YP,2,E01002314,0,-1
2023430392553,2023,430392553,1,4,0,18,19,2,6,0,0,4,0,7,0,0,1,1,1,1,1,32,6,249,1,13,YAMAHA YP,8,E01016232,0,-1
2023010438613,2023,010438613,1,3,0,18,19,3,7,0,0,1,0,0,0,0,1,1,2,2,1,21,5,124,1,8,YAMAHA YP,6,E01001083,0,-1
2023471380964,2023,471380964,1,4,0,18,19,3,7,0,0,1,2,4,0,0,1,1,6,6,1,40,7,249,1,8,YAMAHA YP,3,E01016860,0,-1
2023471291508,2023,471291508,1,4,0,18,19,6,2,0,0,1,2,0,0,0,1,1,2,2,1,20,4,249,1,11,YAMAHA YP,5,E01031594,0,-1
2023010460828,2023,010460828,1,4,0,18,19,1,5,0,0,0,0,0,0,0,1,1,2,2,1,34,6,249,1,11,YAMAHA YP,3,E01002909,0,-1
2023010440421,2023,010440421,2,2,0,17,19,7,3,0,0,1,0,0,0,0,4,1,6,6,1,46,8,249,1,13,-1,4,E01001276,0,-1
2023010449008,2023,010449008,2,4,0,13,13,4,8,0,0,1,0,7,0,0,1,1,6,6,1,39,7,249,1,14,YAMAHA YP,6,E01003285,0,-1
2023440285773,2023,440285773,1,4,0,18,19,3,7,0,0,1,0,0,0,0,1,1,1,1,1,39,7,124,1,8,YAMAHA YP,2,E01017132,0,-1
2023311333073,2023,311333073,2,3,0,9,9,3,1,0,0,2,0,0,0,0,2,1,6,6,1,34,6,124,1,9,YAMAHA YP,2,E01013961,0,-1
2023010474246,2023,010474246,1,4,0,7,7,3,6,0,0,0,1,11,0,0,1,1,6,6,1,22,5,395,1,5,YAMAHA YP,8,E01003445,0,-1
2023010436529,2023,010436529,1,4,0,18,19,7,3,0,0,1,1,10,0,0,0,1,6,6,1,24,5,395,1,8,YAMAHA YP,3,E01004741,0,-1
2023471394536,2023,471394536,2,2,0,18,19,3,3,0,0,1,0,0,0,0,1,1,5,6,1,16,4,50,1,5,-1,8,E01031466,0,-1
2023161295997,2023,161295997,1,2,0,9,9,3,1,0,0,6,0,0,0,0,3,1,6,6,1,16,4,50,1,4,-1,1,E01013279,0,-1
202360A004101,2023,60A004101,2,3,0,18,19,3,7,0,0,2,0,10,0,0,3,1,2,2,1,22,5,-1,3,1,-1,-1,-1,0,-1
2023010439614,2023,010439614,1,9,0,13,13,1,5,0,0,2,0,0,0,0,1,1,1,1,1,22,5,1368,1,5,-1,4,E01003148,0,-1
2023201314061,2023,201314061,2,90,0,9,9,4,2,0,0,5,0,0,0,0,3,1,6,6,1,47,8,198,1,6,-1,1,E01009390,0,-1
2023010434608,2023,010434608,1,9,0,99,99,9,9,99,99,9,9,99,9,99,2,9,6,6,2,32,6,4395,1,10,-1,5,E01033711,0,-1
2023371358745,2023,371358745,1,9,0,9,9,6,2,0,0,2,0,0,0,0,1,1,5,6,2,28,6,4395,1,9,-1,5,E01002305,0,-1
2023010455393,2023,010455393,2,9,0,99,99,9,9,99,99,9,9,99,9,99,1,9,6,6,3,-1,-1,4395,1,6,-1,-1,-1,0,-1
2023451344069,2023,451344069,1,9,0,18,19,1,5,0,0,2,0,0,0,0,1,1,2,2,2,42,7,1598,1,11,CITROEN DS3,5,E01030971,0,-1
2023311323642,2023,311323642,2,9,0,4,4,1,5,0,0,1,0,0,0,0,2,1,2,2,2,35,6,1560,2,12,CITROEN DS3,3,E01027927,0,-1
202360A101353,2023,60A101353,1,9,0,18,19,2,6,0,0,0,0,0,1,11,1,1,6,6,2,37,7,1560,2,13,CITROEN DS3,-1,-1,0,-1
2023461387485,2023,461387485,2,9,0,18,19,4,8,0,0,1,0,10,2,0,1,1,6,6,1,30,6,1598,1,10,CITROEN DS3,7,E01024129,0,-1
2023221344814,2023,221344814,1,9,0,18,19,5,1,0,0,0,0,0,0,0,1,1,5,6,2,31,6,1199,1,9,CITROEN DS3,5,E01009593,0,-1
2023131381917,2023,131381917,1,9,0,18,19,3,7,0,0,0,0,2,0,0,1,1,5,6,2,64,9,1560,2,9,CITROEN DS3,7,W01000114,0,-1
2023501349289,2023,501349289,1,9,0,18,19,1,5,0,0,0,0,0,0,0,2,1,5,6,2,22,5,1560,2,10,CITROEN DS3,1,E01018910,0,-1
2023031392548,2023,031392548,3,9,0,2,2,0,0,0,0,2,0,0,0,0,2,1,6,6,3,-1,-1,1560,2,10,CITROEN DS3,-1,-1,0,-1
2023440309608,2023,440309608,1,9,0,18,19,3,7,0,0,1,0,0,0,0,1,1,6,6,1,78,11,1560,2,10,CITROEN DS3,4,E01022834,0,-1
2023531363511,2023,531363511,2,9,0,18,19,1,5,0,0,8,0,0,3,1,1,1,6,6,1,61,9,1598,1,13,CITROEN DS3,6,E01022383,0,-1
2023070009385,2023,070009385,1,9,0,4,4,1,5,0,0,0,0,0,0,0,1,1,6,6,2,-1,-1,1560,2,8,CITROEN DS3,-1,-1,0,-1
2023411369008,2023,411369008,1,9,0,18,19,-1,-1,0,0,0,0,0,0,0,1,1,6,6,2,51,8,1598,1,11,CITROEN DS3,10,E01017563,0,-1
2023131296967,2023,131296967,1,9,0,18,19,5,7,0,0,1,0,0,0,0,1,1,5,6,2,19,4,1560,2,11,CITROEN DS3,3,E01032550,0,-1
2023302301063,2023,302301063,1,9,0,18,19,5,1,0,0,2,0,0,0,0,1,1,2,2,2,38,7,1598,1,9,CITROEN DS3,7,E01013511,0,-1
2023031275121,2023,031275121,1,9,0,8,8,2,6,0,0,1,0,0,0,0,1,1,6,6,2,37,7,1560,2,11,CITROEN DS3,-1,-1,0,-1
2023631369804,2023,631369804,1,9,0,9,9,1,7,0,0,6,0,0,0,0,1,1,5,6,1,59,9,1560,2,10,CITROEN DS3,7,W01000484,0,-1
2023461384175,2023,461384175,1,9,0,18,19,7,3,0,0,0,0,4,0,0,1,1,6,6,1,82,11,1560,2,12,CITROEN DS3,3,E01024534,0,-1
2023610006323,2023,610006323,2,9,0,2,2,0,0,0,0,0,0,0,0,0,1,1,6,6,2,-1,-1,1598,1,9,CITROEN DS3,-1,-1,0,-1
2023010476099,2023,010476099,2,9,0,18,19,1,5,0,0,0,0,0,0,0,1,1,6,6,1,47,8,1598,1,13,CITROEN DS3,3,E01016005,0,-1
2023546744423,2023,546744423,3,9,0,18,19,3,7,0,0,8,1,7,1,11,1,1,2,2,1,35,6,1560,2,10,CITROEN DS3,7,E01015474,0,-1
2023141378958,2023,141378958,1,9,0,2,2,0,0,0,0,1,0,4,0,0,2,1,1,1,2,20,4,1560,2,8,CITROEN DS3,6,E01008152,0,-1
2023520301415,2023,520301415,2,9,0,18,19,8,4,0,0,0,0,0,0,0,1,1,6,6,2,24,5,1560,2,10,CITROEN DS3,6,E01029121,0,-1
2023311417493,2023,311417493,2,9,0,18,19,4,8,0,0,2,0,0,0,0,3,1,6,6,1,38,7,1560,2,12,CITROEN DS3,6,E01013894,0,-1
2023430163644,2023,430163644,2,9,0,3,3,6,2,0,0,1,0,0,0,0,2,1,6,6,1,35,6,1560,2,9,CITROEN DS3,2,E01016847,0,-1
2023302300730,2023,302300730,1,9,0,9,9,6,4,0,0,2,0,0,0,0,4,1,6,6,2,17,4,1560,2,10,CITROEN DS3,3,E01019826,0,-1
2023141315132,2023,141315132,2,9,0,18,19,1,5,0,0,1,0,0,0,0,1,1,6,6,3,-1,-1,1560,2,10,CITROEN DS3,-1,-1,0,-1
2023141360556,2023,141360556,1,9,0,9,9,5,1,0,0,1,0,0,0,0,1,1,2,2,1,41,7,1560,2,10,CITROEN DS3,3,E01007993,0,-1
2023041324799,2023,041324799,2,9,0,2,2,-1,-1,0,0,0,0,0,0,0,-1,1,6,6,2,69,10,1199,1,9,CITROEN DS3,3,E01012653,0,-1
2023451366803,2023,451366803,2,9,0,4,4,2,6,0,0,0,0,0,0,0,2,1,2,2,2,25,5,1598,1,10,CITROEN DS3,8,E01030800,0,-1
2023122300344,2023,122300344,1,9,0,18,19,7,3,0,0,0,0,0,0,0,1,1,6,6,1,18,4,1560,2,10,CITROEN DS3,8,E01027867,0,-1
2023010450007,2023,010450007,1,9,0,99,99,9,9,99,99,9,9,99,9,99,2,9,6,6,2,32,6,1560,2,10,CITROEN DS3,5,E01021415,0,-1
2023131275732,2023,131275732,1,9,0,18,19,1,5,0,0,0,0,0,0,0,1,1,5,6,2,37,7,1598,1,10,CITROEN DS3,10,E01011797,0,-1
2023122300330,2023,122300330,2,9,0,3,3,7,3,0,0,1,0,0,0,0,2,1,1,1,2,29,6,1598,1,10,CITROEN DS3,7,E01027771,0,-1
2023991266148,2023,991266148,1,9,0,18,19,2,6,0,0,1,0,0,0,0,1,1,5,6,1,27,6,1560,2,12,CITROEN DS3,1,-1,0,-1
2023520400335,2023,520400335,2,9,0,18,19,1,6,0,0,0,0,0,0,0,4,1,6,6,2,49,8,1560,2,10,CITROEN DS3,5,E01029123,0,-1
2023631310248,2023,631310248,2,9,0,18,19,4,8,0,0,8,0,0,0,0,1,1,2,2,2,26,6,1598,1,11,CITROEN DS3,9,W01000481,0,-1
2023501277653,2023,501277653,1,9,0,18,19,1,3,0,0,0,0,0,0,0,1,1,1,1,2,64,9,1598,1,10,CITROEN DS3,3,E01019062,0,-1
2023141281495,2023,141281495,1,9,0,17,19,7,6,0,0,6,0,0,1,1,1,1,5,6,1,29,6,1598,1,12,CITROEN DS3,1,E01007913,0,-1
2023131373001,2023,131373001,1,9,0,18,19,5,1,0,0,0,0,0,0,0,3,1,6,6,3,-1,-1,1560,2,8,CITROEN DS3,-1,-1,0,-1
2023622300369,2023,622300369,3,9,0,2,2,0,0,0,0,1,0,0,0,0,3,1,6,6,3,-1,-1,1598,1,11,CITROEN DS3,-1,-1,0,-1
2023421295127,2023,421295127,1,9,0,18,19,5,8,0,0,0,0,0,0,0,3,1,6,6,1,22,5,1598,1,10,CITROEN DS3,9,E01018054,0,-1
2023201330898,2023,201330898,1,9,0,17,19,4,2,0,0,8,0,10,7,7,1,1,6,6,2,23,5,1598,1,10,CITROEN DS3,4,E01009188,0,-1
2023311362983,2023,311362983,1,9,0,4,4,7,3,0,0,1,0,0,0,0,1,1,1,1,2,30,6,1560,2,9,CITROEN DS3,1,E01019662,0,-1
2023440249115,2023,440249115,2,9,0,18,19,3,7,0,0,8,0,0,0,0,3,1,6,6,1,23,5,1598,1,12,CITROEN DS3,5,E01017025,0,-1
2023010442638,2023,010442638,1,9,0,99,99,9,9,99,99,9,9,99,9,99,9,9,6,6,1,22,5,1598,1,9,CITROEN DS3,7,E01024479,0,-1
2023010449273,2023,010449273,1,9,0,7,7,1,4,0,0,1,0,0,0,0,1,1,6,6,2,58,9,1598,1,9,CITROEN DS3,7,E01000459,0,-1
2023010460987,2023,010460987,2,9,0,99,99,9,9,99,99,9,9,99,9,99,1,9,6,6,1,28,6,1598,1,8,CITROEN DS3,7,E01001313,0,-1
2023501383055,2023,501383055,2,9,0,3,3,1,5,0,0,6,0,0,0,0,2,1,6,6,1,29,6,1598,1,13,CITROEN DS3,4,E01019980,0,-1
2023991352073,2023,991352073,1,9,0,9,9,3,1,0,0,8,0,0,0,0,1,1,6,6,2,28,6,1199,1,8,CITROEN DS3,7,-1,0,-1
2023010475890,2023,010475890,1,9,0,99,99,9,9,99,99,9,9,99,9,99,9,9,6,6,1,92,11,1598,1,11,CITROEN DS3,4,E01001142,0,-1
2023501329290,2023,501329290,2,9,0,18,19,7,3,0,0,8,0,0,0,0,1,1,5,6,2,17,4,1560,2,12,CITROEN DS3,4,E01020135,0,-1
2023031278051,2023,031278051,1,9,0,5,5,4,8,0,0,0,0,0,0,0,0,1,6,6,1,32,6,1598,1,10,CITROEN DS3,-1,-1,0,-1
202360A167931,2023,60A167931,2,9,0,18,19,8,4,0,0,0,0,0,0,0,1,1,6,6,1,32,6,1560,2,11,CITROEN DS3,-1,-1,0,-1
2023131378632,2023,131378632,1,9,0,18,19,5,1,0,0,1,0,0,0,0,1,1,6,6,2,68,10,1397,1,11,CITROEN DS3,7,E01010587,0,-1
2023161295911,2023,161295911,1,9,0,1,1,4,8,0,0,1,0,0,0,0,2,1,6,6,1,44,7,1560,2,13,CITROEN DS3,-1,-1,0,-1
2023361389898,2023,361389898,1,9,0,18,19,6,2,0,0,0,2,0,0,0,0,1,2,2,2,21,5,1560,2,12,CITROEN DS3,5,E01026783,0,-1
2023221358691,2023,221358691,1,9,0,18,19,2,6,0,0,1,0,0,0,0,3,1,5,6,2,24,5,1560,2,9,CITROEN DS3,3,E01032321,0,-1
2023201377067,2023,201377067,2,9,0,9,9,4,3,0,0,6,0,0,0,0,1,1,2,2,1,35,6,1598,1,11,CITROEN DS3,7,E01009811,0,-1
2023501375911,2023,501375911,1,9,0,17,19,2,7,0,0,0,2,0,0,0,1,1,6,6,1,49,8,1200,1,8,CITROEN DS3,1,E01020112,0,-1
2023131383164,2023,131383164,1,9,0,6,6,4,8,0,0,1,0,0,0,0,3,1,2,2,2,33,6,1560,2,10,CITROEN DS3,5,E01011124,0,-1
2023320068002,2023,320068002,3,9,0,4,4,4,8,0,0,0,0,0,0,0,2,1,6,6,2,60,9,1560,2,9,CITROEN DS3,6,E01026272,0,-1
2023161375232,2023,161375232,1,9,0,12,12,1,7,0,0,1,0,0,0,0,4,1,5,6,2,17,4,1199,1,9,CITROEN DS3,5,E01033414,0,-1
2023545319523,2023,545319523,3,9,0,2,2,0,0,0,0,0,0,0,1,0,1,1,6,6,1,64,9,1560,2,12,CITROEN DS3,10,E01032045,0,-1
2023302300924,2023,302300924,3,9,0,18,19,7,3,0,0,2,0,0,0,0,3,1,6,6,2,46,8,1560,2,11,CITROEN DS3,9,E01027020,0,-1
2023471283211,2023,471283211,1,9,0,18,19,3,7,0,0,0,0,0,0,0,3,1,5,6,1,40,7,1560,2,11,CITROEN DS3,5,E01029336,0,-1
2023430035046,2023,430035046,1,9,0,18,19,7,3,0,0,1,0,0,0,0,1,1,6,6,1,53,8,1598,1,10,CITROEN DS3,10,E01028810,0,-1
2023071209987,2023,071209987,1,9,0,11,11,5,1,0,0,3,0,0,0,0,4,1,2,2,2,50,8,1560,2,11,CITROEN DS3,3,E01012510,0,-1
2023061352948,2023,061352948,1,9,0,18,19,8,4,0,0,2,0,0,0,0,1,1,5,6,2,40,7,1560,2,13,CITROEN DS3,3,E01004874,0,-1
2023201316829,2023,201316829,2,9,0,9,9,4,2,0,0,5,0,0,0,0,3,1,6,6,2,30,6,1598,1,9,CITROEN DS3,6,E01010233,0,-1
2023101364071,2023,101364071,1,9,0,18,19,7,3,0,0,0,0,0,0,0,1,1,5,6,2,19,4,1560,2,12,CITROEN DS3,-1,-1,0,-1
2023552300958,2023,552300958,2,9,0,18,19,2,6,0,0,8,0,0,0,0,4,1,6,6,2,20,4,1560,2,12,CITROEN DS3,9,E01015422,0,-1
2023170S21193,2023,170S21193,1,9,0,18,19,4,8,0,0,0,0,0,1,0,1,1,6,6,1,46,8,1560,2,9,CITROEN DS3,2,E01008813,0,-1
2023520400041,2023,520400041,1,9,0,18,19,2,6,0,0,0,0,0,0,0,4,1,6,6,1,27,6,1598,1,11,CITROEN DS3,6,E01029217,0,-1
2023371352181,2023,371352181,1,9,0,18,19,3,7,0,0,3,0,0,0,0,0,1,5,6,1,28,6,1560,2,11,CITROEN DS3,9,E01030127,0,-1