collision_index,collision_year,collision_ref_no,vehicle_reference,vehicle_type,towing_and_articulation,vehicle_manoeuvre_historic,vehicle_manoeuvre,vehicle_direction_from,vehicle_direction_to,vehicle_location_restricted_lane_historic,vehicle_location_restricted_lane,junction_location,skidding_and_overturning,hit_object_in_carriageway,vehicle_leaving_carriageway,hit_object_off_carriageway,first_point_of_impact,vehicle_left_hand_drive,journey_purpose_of_driver_historic,journey_purpose_of_driver,sex_of_driver,age_of_driver,age_band_of_driver,engine_capacity_cc,propulsion_code,age_of_vehicle,generic_make_model,driver_imd_decile,lsoa_of_driver,escooter_flag,driver_distance_banding
2023451339955,2023,451339955,1,9,0,18,19,1,5,0,0,0,0,0,7,11,1,1,5,6,1,84,11,898,1,8,DACIA LOGAN,5,E01030459,0,-1
2023041326255,2023,041326255,3,9,0,18,19,5,1,0,0,3,0,0,0,0,2,1,6,6,2,60,9,898,1,7,DACIA LOGAN,4,E01025308,0,-1
2023461291882,2023,461291882,2,8,0,18,19,5,1,0,0,8,0,0,0,0,3,1,1,1,1,54,8,1461,2,7,DACIA LOGAN,5,E01024619,0,-1
2023430041579,2023,430041579,3,9,0,18,19,6,2,0,0,0,1,0,0,0,2,1,6,6,2,48,8,1149,1,8,DACIA LOGAN,1,E01001876,0,-1
2023461389968,2023,461389968,1,9,0,7,7,7,1,0,0,0,0,0,7,8,3,1,2,2,1,78,11,1461,2,8,DACIA LOGAN,9,E01024112,0,-1
2023552300377,2023,552300377,3,9,0,18,19,8,4,0,0,0,0,0,0,0,3,1,2,2,1,44,7,898,1,8,DACIA LOGAN,7,E01020509,0,-1
2023991354485,2023,991354485,1,9,0,18,19,8,4,0,0,1,1,0,1,4,3,1,5,6,1,32,6,1461,2,9,DACIA LOGAN,5,-1,0,-1
2023531327462,2023,531327462,2,9,0,18,19,5,1,0,0,1,0,0,0,0,2,1,6,6,2,19,4,1461,2,7,DACIA LOGAN,5,E01022245,0,-1
2023531416715,2023,531416715,1,9,0,18,19,7,3,0,0,1,0,0,0,0,1,1,6,6,2,56,9,1461,2,8,DACIA LOGAN,4,E01022251,0,-1
2023552300695,2023,552300695,2,8,0,10,10,7,5,0,0,5,0,0,0,0,2,1,6,6,2,64,9,1461,2,5,DACIA LOGAN,5,E01020427,0,-1
2023461333252,2023,461333252,1,9,0,1,1,2,6,0,0,1,0,0,0,0,3,1,6,6,1,59,9,1461,2,7,DACIA LOGAN,6,E01030843,0,-1
2023070224810,2023,070224810,2,9,0,4,4,1,5,0,0,1,0,0,0,0,2,1,6,6,1,40,7,1461,2,9,DACIA LOGAN,9,E01012569,0,-1
2023041392156,2023,041392156,2,9,0,9,9,5,1,0,0,1,0,0,0,0,1,1,3,7,1,42,7,1461,2,6,DACIA LOGAN,3,E01025366,0,-1
2023031312061,2023,031312061,2,8,0,18,19,1,1,0,0,1,0,0,0,0,1,1,6,6,1,40,7,1461,2,4,DACIA LOGAN,-1,-1,0,-1
2023520400123,2023,520400123,2,9,0,2,2,0,0,0,0,0,0,0,0,0,3,1,6,6,3,-1,-1,898,1,8,DACIA LOGAN,-1,-1,0,-1
2023552300757,2023,552300757,1,9,0,5,5,6,2,0,0,0,0,0,0,0,1,1,2,2,1,45,7,1461,2,5,DACIA LOGAN,2,E01015367,0,-1
2023430425488,2023,430425488,2,9,0,12,12,6,2,0,0,0,0,0,0,0,2,1,6,6,2,31,6,998,1,6,DACIA LOGAN,10,E01016208,0,-1
2023071198992,2023,071198992,1,9,0,4,4,4,8,0,0,1,0,0,0,0,3,1,1,1,1,46,8,1461,2,8,DACIA LOGAN,6,E01018625,0,-1
2023461284829,2023,461284829,2,9,0,3,3,3,7,0,0,0,0,0,0,0,2,1,6,6,1,43,7,898,1,7,DACIA LOGAN,9,E01016169,0,-1
2023201453357,2023,201453357,1,9,0,12,12,3,6,0,0,2,0,0,0,0,3,1,6,6,1,37,7,898,1,4,DACIA LOGAN,3,E01027082,0,-1
2023991375087,2023,991375087,1,9,0,9,9,5,3,0,0,1,0,0,0,0,1,1,5,6,1,48,8,898,1,4,DACIA LOGAN,5,-1,0,-1
202360A064590,2023,60A064590,2,8,0,18,19,4,8,0,0,1,0,0,0,0,1,1,1,1,1,62,9,898,1,5,DACIA LOGAN,-1,-1,0,-1
2023340NN0792,2023,340NN0792,1,8,0,4,4,1,5,0,0,1,1,0,0,0,1,1,6,6,1,61,9,1461,2,9,DACIA LOGAN,1,E01027110,0,-1
2023221387806,2023,221387806,1,9,0,18,19,1,5,0,0,8,0,0,0,0,1,1,5,6,2,64,9,898,1,4,DACIA LOGAN,6,E01032345,0,-1
2023471277362,2023,471277362,2,9,0,4,4,6,2,0,0,2,0,0,1,0,2,1,1,1,2,59,9,1461,2,4,DACIA LOGAN,2,E01020929,0,-1
2023052300666,2023,052300666,2,9,0,3,3,5,1,0,0,0,0,0,0,0,2,1,6,6,1,30,6,998,1,5,DACIA LOGAN,1,E01033768,0,-1
2023461383566,2023,461383566,1,9,0,18,19,1,2,0,0,0,0,4,0,0,1,1,6,6,1,75,10,1461,2,8,DACIA LOGAN,6,E01024069,0,-1
2023522301579,2023,522301579,1,9,0,3,3,3,7,0,0,1,0,0,0,0,2,1,6,6,2,38,7,1149,1,7,DACIA LOGAN,4,E01032516,0,-1
2023421374817,2023,421374817,2,8,0,18,19,7,3,0,0,1,0,0,0,0,3,1,6,6,1,36,7,898,1,4,DACIA LOGAN,5,E01015859,0,-1
2023440284490,2023,440284490,1,9,0,3,3,8,4,0,0,1,0,0,0,0,2,1,6,6,1,40,7,1461,2,3,DACIA LOGAN,10,E01022771,0,-1
202363D013423,2023,63D013423,1,9,0,16,19,6,1,0,0,8,5,0,8,11,1,1,6,6,1,65,9,898,1,3,DACIA LOGAN,4,E01029003,0,-1
2023451338939,2023,451338939,3,9,0,4,4,7,3,0,0,1,0,0,0,0,2,1,5,6,2,49,8,1461,2,3,DACIA LOGAN,5,E01002616,0,-1
2023010436662,2023,010436662,2,8,0,99,99,9,9,99,99,9,9,99,9,99,4,9,6,6,1,65,9,898,1,5,DACIA LOGAN,4,E01000609,0,-1
2023361325430,2023,361325430,2,9,0,18,19,7,3,0,0,0,0,0,0,0,2,1,2,2,1,67,10,1461,2,6,DACIA LOGAN,8,E01026918,0,-1
2023201358633,2023,201358633,1,9,0,18,19,4,8,0,0,8,0,0,0,0,1,1,6,6,1,-1,-1,1149,1,9,DACIA LOGAN,-1,-1,0,-1
2023111312948,2023,111312948,1,9,0,18,19,6,2,0,0,0,0,0,0,0,2,1,5,6,2,47,8,1461,2,6,DACIA LOGAN,4,E01020896,0,-1
2023211346059,2023,211346059,2,9,0,5,5,2,4,0,0,0,0,0,0,0,1,1,5,6,1,43,7,898,1,8,DACIA LOGAN,10,E01033062,0,-1
2023501360819,2023,501360819,1,9,0,18,19,2,3,0,0,0,0,0,0,0,1,1,6,6,2,38,7,898,1,4,DACIA LOGAN,1,E01018995,0,-1
2023041387973,2023,041387973,2,9,0,18,19,1,5,0,0,0,0,0,0,0,1,1,5,6,1,78,11,898,1,6,DACIA LOGAN,9,E01025126,0,-1
2023122301380,2023,122301380,1,9,0,18,19,7,6,0,0,8,0,0,0,0,1,1,1,1,1,36,7,898,1,4,DACIA LOGAN,6,E01027676,0,-1
2023311373912,2023,311373912,1,8,0,18,19,1,5,0,0,1,0,0,0,0,3,1,1,1,2,61,9,1461,2,4,DACIA LOGAN,2,E01019565,0,-1
202360A081957,2023,60A081957,1,9,0,18,19,4,8,0,0,0,0,0,0,0,1,1,6,6,1,31,6,1461,2,8,DACIA LOGAN,-1,-1,0,-1
2023010441196,2023,010441196,1,9,0,18,19,7,3,0,0,8,0,0,3,0,1,1,2,2,1,50,8,898,1,7,DACIA LOGAN,6,E01001619,0,-1
2023332301278,2023,332301278,2,9,0,9,9,3,1,0,0,5,0,0,0,0,4,1,6,6,1,42,7,1461,2,9,DACIA LOGAN,2,E01025856,0,-1
2023101333646,2023,101333646,2,8,0,18,19,3,7,0,0,0,1,0,4,0,4,1,2,2,2,57,9,1461,2,9,DACIA LOGAN,4,E01027375,0,-1
2023991368149,2023,991368149,1,9,0,16,19,2,5,0,0,3,0,0,0,0,4,1,1,1,1,49,8,1461,2,5,DACIA LOGAN,7,-1,0,-1
2023501298634,2023,501298634,2,9,0,9,9,7,2,0,0,8,0,0,0,0,4,1,6,6,1,71,10,1461,2,10,-1,4,E01018892,0,-1
2023461287690,2023,461287690,2,9,0,18,19,3,7,0,0,0,0,0,0,0,2,1,6,6,2,21,5,989,1,19,-1,4,E01024694,0,-1
2023131360747,2023,131360747,3,9,0,2,2,0,0,0,0,2,0,4,0,0,1,1,6,6,3,-1,-1,989,1,17,-1,-1,-1,0,-1
2023471258679,2023,471258679,1,9,0,7,7,7,1,0,0,0,0,7,0,0,1,1,6,6,1,36,7,989,1,20,-1,4,E01016898,0,-1
2023501334030,2023,501334030,2,9,0,18,19,6,2,0,0,1,0,0,0,0,1,1,5,6,1,36,7,989,1,19,-1,5,E01015213,0,-1
2023471312978,2023,471312978,1,9,0,-1,-1,-1,-1,-1,-1,-1,-1,-1,-1,0,-1,1,6,6,3,-1,-1,1296,1,23,-1,-1,-1,0,-1
2023201406719,2023,201406719,1,9,0,3,3,6,2,0,0,0,0,0,0,0,2,1,6,6,1,42,7,989,1,16,-1,1,E01009577,0,-1
2023430185209,2023,430185209,2,9,0,18,19,8,4,0,0,8,0,0,0,0,1,1,1,1,1,41,7,989,1,19,-1,2,E01016847,0,-1
2023122301372,2023,122301372,2,5,0,18,19,7,3,0,0,0,0,0,0,0,4,1,6,6,1,19,4,803,1,9,-1,9,E01013077,0,-1
2023622300365,2023,622300365,1,4,0,18,19,3,7,0,0,0,1,0,0,0,1,1,6,6,1,26,6,350,1,3,-1,-1,-1,0,-1
2023010465777,2023,010465777,1,3,0,18,19,7,3,0,0,0,0,0,0,0,3,1,6,6,1,36,7,125,1,1,HUSQVARNA SVARTPILEN,3,E01000020,0,-1
2023010453819,2023,010453819,1,3,0,99,99,9,9,99,99,9,9,99,9,99,9,1,2,2,1,26,6,125,1,0,HUSQVARNA SVARTPILEN,5,E01003072,0,-1
2023010461182,2023,010461182,3,4,0,3,3,5,1,0,0,6,0,0,0,0,1,1,6,6,1,51,8,125,1,2,-1,3,E01000392,0,-1
2023522300762,2023,522300762,1,3,0,18,19,3,7,0,0,8,0,0,0,0,1,1,6,6,1,42,7,125,1,1,HUSQVARNA SVARTPILEN,9,E01014863,0,-1
2023451355617,2023,451355617,1,3,0,18,19,5,1,0,0,0,5,0,0,0,1,1,6,6,1,17,4,125,1,2,HUSQVARNA SVARTPILEN,7,E01030872,0,-1
2023501301431,2023,501301431,1,3,0,18,19,4,8,0,0,0,0,0,0,0,1,1,6,6,1,26,6,125,1,2,HUSQVARNA SVARTPILEN,6,E01015051,0,-1
2023010452532,2023,010452532,2,5,0,18,19,7,3,0,0,1,0,0,0,0,4,1,6,6,1,39,7,693,1,3,-1,-1,-1,0,-1
2023302300666,2023,302300666,1,3,0,18,19,4,8,0,0,0,0,0,1,11,1,1,6,6,1,17,4,125,1,1,HUSQVARNA SVARTPILEN,9,E01019635,0,-1
2023622301040,2023,622301040,1,4,0,18,19,8,4,0,0,0,0,0,0,0,1,1,6,6,1,14,3,373,1,0,-1,1,W01000833,0,-1
2023991318269,2023,991318269,1,4,0,18,19,6,2,0,0,0,1,11,1,11,3,1,2,2,1,43,7,373,1,1,-1,7,-1,0,-1
2023991293393,2023,991293393,2,3,0,18,19,7,3,0,0,0,0,0,0,0,1,1,5,6,1,18,4,125,1,2,HUSQVARNA SVARTPILEN,-1,-1,0,-1
2023401296259,2023,401296259,2,3,0,18,19,3,7,0,0,1,0,0,0,0,1,1,6,6,1,22,5,125,1,1,HUSQVARNA SVARTPILEN,2,E01027228,0,-1
2023010426688,2023,010426688,2,4,0,7,7,1,4,0,0,5,0,0,0,0,0,1,6,6,1,39,7,373,1,1,-1,1,E01001358,0,-1
2023471295030,2023,471295030,1,4,0,15,15,6,2,0,0,2,0,0,0,0,1,1,6,6,1,18,4,373,1,5,-1,2,E01031361,0,-1
2023461262301,2023,461262301,1,3,0,18,19,4,8,0,0,1,0,0,0,0,1,1,5,6,1,17,4,125,1,1,HUSQVARNA SVARTPILEN,8,E01024055,0,-1
2023201275452,2023,201275452,1,3,0,13,13,8,4,0,0,8,0,0,0,0,1,1,6,6,1,19,4,125,1,3,HUSQVARNA SVARTPILEN,2,E01010087,0,-1
2023451332300,2023,451332300,1,3,0,18,19,4,8,0,0,0,0,0,0,0,1,1,5,6,1,31,6,125,1,1,HUSQVARNA SVARTPILEN,7,E01030858,0,-1
2023161262286,2023,161262286,2,17,0,18,19,1,5,0,0,0,0,0,0,0,3,1,1,1,1,28,6,8984,2,2,-1,9,E01012920,0,-1
2023070438218,2023,070438218,2,17,0,18,19,3,8,0,0,1,0,0,0,0,1,1,1,1,1,32,6,8984,2,3,-1,2,E01014236,0,-1
2023010456644,2023,010456644,1,9,0,9,9,3,8,0,0,5,0,0,0,0,1,1,6,6,2,60,9,1998,2,1,LAND ROVER RANGE ROVER EVOQUE,8,E01024184,0,-1
2023010445835,2023,010445835,1,9,0,99,99,9,9,99,99,9,9,99,9,99,2,9,6,6,2,55,8,1999,1,7,LAND ROVER RANGE ROVER EVOQUE,5,E01002229,0,-1
2023991380107,2023,991380107,1,9,0,18,19,3,7,0,0,0,0,0,0,0,2,1,5,6,2,66,10,1999,2,7,LAND ROVER RANGE ROVER EVOQUE,6,-1,0,-1
2023010485578,2023,010485578,2,8,0,18,19,7,3,4,4,3,0,0,0,0,1,9,1,1,1,-1,-1,1498,8,1,-1,-1,-1,0,-1
2023131278936,2023,131278936,1,9,0,4,4,1,3,7,6,0,0,0,1,0,2,1,2,2,2,29,6,1999,2,6,LAND ROVER RANGE ROVER EVOQUE,4,E01011319,0,-1
2023461351971,2023,461351971,1,9,0,18,19,3,7,0,0,0,0,0,0,0,1,1,6,6,1,-1,-1,1998,2,2,LAND ROVER RANGE ROVER EVOQUE,-1,-1,0,-1
2023501365348,2023,501365348,1,9,0,1,1,5,5,0,0,0,0,0,0,0,2,1,6,6,1,33,6,1999,2,8,LAND ROVER RANGE ROVER EVOQUE,-1,-1,0,-1
2023061277811,2023,061277811,1,9,0,10,10,4,2,0,0,6,0,0,0,0,0,1,5,6,2,46,8,2179,2,8,LAND ROVER RANGE ROVER EVOQUE,9,E01005544,0,-1
2023010443008,2023,010443008,2,9,0,99,99,9,9,99,99,9,9,99,9,99,9,9,6,6,3,36,7,1997,1,3,LAND ROVER RANGE ROVER EVOQUE,1,E01002755,0,-1
2023201346780,2023,201346780,3,9,0,2,2,0,0,0,0,0,0,0,0,0,1,1,6,6,1,-1,-1,1999,2,5,LAND ROVER RANGE ROVER EVOQUE,-1,-1,0,-1
2023201278250,2023,201278250,4,9,0,17,19,4,8,0,0,0,1,10,7,0,1,1,6,6,1,23,5,1998,2,2,LAND ROVER RANGE ROVER EVOQUE,6,E01010230,0,-1
2023461324324,2023,461324324,1,9,0,18,19,5,1,9,9,0,5,11,7,4,1,1,6,6,1,39,7,1999,2,7,LAND ROVER RANGE ROVER EVOQUE,-1,-1,0,-1
2023010446164,2023,010446164,1,9,9,99,99,9,9,99,99,1,9,99,9,99,9,9,6,6,2,62,9,1997,1,3,LAND ROVER RANGE ROVER EVOQUE,4,E01002250,0,-1
2023552301439,2023,552301439,1,9,0,18,19,8,4,0,0,1,0,0,0,0,1,1,6,6,2,25,5,1999,2,5,LAND ROVER RANGE ROVER EVOQUE,8,E01023141,0,-1
2023161292842,2023,161292842,1,9,0,5,5,6,1,0,0,4,0,0,0,0,1,1,1,1,1,40,7,2179,2,11,LAND ROVER RANGE ROVER EVOQUE,3,E01012774,0,-1
2023041287107,2023,041287107,2,9,0,18,19,3,3,0,0,6,0,0,0,0,1,1,3,7,2,24,5,2179,2,10,LAND ROVER RANGE ROVER EVOQUE,1,E01024882,0,-1
2023010431332,2023,010431332,1,9,0,18,19,2,6,0,0,1,0,0,0,0,1,2,6,6,1,32,6,1999,2,6,LAND ROVER RANGE ROVER EVOQUE,8,E01000672,0,-1
2023351403929,2023,351403929,5,9,0,18,19,1,3,0,0,0,0,0,0,0,2,1,1,1,2,38,7,1498,8,2,LAND ROVER RANGE ROVER EVOQUE,-1,-1,0,-1
2023332300449,2023,332300449,2,9,0,18,19,5,1,0,0,8,0,0,0,0,1,1,6,6,2,35,6,2179,2,11,LAND ROVER RANGE ROVER EVOQUE,4,E01025918,0,-1
2023231367716,2023,231367716,2,9,0,4,4,6,2,0,0,1,0,0,0,0,2,1,3,7,2,37,7,1999,2,7,LAND ROVER RANGE ROVER EVOQUE,6,E01031048,0,-1
202360A073474,2023,60A073474,1,9,0,7,7,1,3,0,0,6,0,0,0,0,1,1,6,6,3,53,8,2179,2,11,LAND ROVER RANGE ROVER EVOQUE,-1,-1,0,-1
2023471302743,2023,471302743,1,9,0,9,9,6,4,0,0,8,0,0,0,0,4,1,5,6,2,49,8,2179,2,10,LAND ROVER RANGE ROVER EVOQUE,5,E01031750,0,-1
2023010442450,2023,010442450,2,9,0,99,99,9,9,99,99,9,9,99,9,99,1,9,6,6,3,-1,-1,1999,2,6,LAND ROVER RANGE ROVER EVOQUE,-1,-1,0,-1
2023471266301,2023,471266301,1,9,0,9,9,6,4,0,0,8,0,0,0,0,4,1,5,6,2,37,7,2179,2,8,LAND ROVER RANGE ROVER EVOQUE,7,E01025506,0,-1
2023411325365,2023,411325365,1,9,0,7,7,1,4,0,0,6,0,0,0,0,1,1,5,6,3,-1,-1,1997,1,4,LAND ROVER RANGE ROVER EVOQUE,-1,-1,0,-1
2023471367986,2023,471367986,1,9,0,18,19,6,4,0,0,8,0,0,0,0,1,1,6,6,2,78,11,1997,1,3,LAND ROVER RANGE ROVER EVOQUE,8,E01023808,0,-1
2023101288131,2023,101288131,2,9,0,18,19,2,6,0,0,8,0,0,0,0,4,1,5,6,2,41,7,1999,2,8,LAND ROVER RANGE ROVER EVOQUE,4,E01008445,0,-1
2023471374140,2023,471374140,2,9,0,4,4,3,7,0,0,2,0,0,0,0,2,1,2,2,1,52,8,1498,8,0,LAND ROVER RANGE ROVER EVOQUE,1,E01016868,0,-1
2023221313138,2023,221313138,1,9,0,5,5,7,3,0,0,1,0,0,0,0,1,1,6,6,1,73,10,2179,2,9,LAND ROVER RANGE ROVER EVOQUE,5,E01014008,0,-1
2023031384184,2023,031384184,3,9,0,4,4,2,6,0,0,0,0,0,0,0,0,1,5,6,2,31,6,2179,2,11,LAND ROVER RANGE ROVER EVOQUE,-1,-1,0,-1
2023461379271,2023,461379271,1,9,0,18,19,7,3,0,0,1,0,0,0,0,1,1,6,6,2,20,4,1999,2,7,LAND ROVER RANGE ROVER EVOQUE,5,E01032654,0,-1
2023461383596,2023,461383596,1,9,0,18,19,8,5,0,0,0,0,0,0,0,1,1,5,6,1,37,7,1999,2,5,LAND ROVER RANGE ROVER EVOQUE,7,E01024719,0,-1
2023010473765,2023,010473765,2,9,0,99,99,9,9,99,99,9,9,99,9,99,9,9,6,6,3,-1,-1,1999,2,7,LAND ROVER RANGE ROVER EVOQUE,4,E01000554,0,-1
2023340WN6862,2023,340WN6862,1,9,0,9,9,3,1,0,0,5,0,0,0,0,4,1,2,2,1,49,8,1998,2,1,LAND ROVER RANGE ROVER EVOQUE,5,E01027136,0,-1
2023010463731,2023,010463731,1,9,0,99,99,9,9,99,99,0,9,99,9,99,9,9,6,6,2,46,8,1999,2,6,LAND ROVER RANGE ROVER EVOQUE,1,E01001765,0,-1
2023501278071,2023,501278071,1,9,0,16,19,7,3,0,0,4,0,0,0,0,3,1,6,6,2,58,9,1999,2,4,LAND ROVER RANGE ROVER EVOQUE,5,E01018912,0,-1
2023411269655,2023,411269655,2,9,0,4,4,6,2,0,0,0,1,0,0,0,2,1,5,6,2,30,6,1999,2,6,LAND ROVER RANGE ROVER EVOQUE,8,E01016758,0,-1
2023010484133,2023,010484133,1,9,0,10,10,5,3,0,0,1,0,0,3,0,3,1,6,6,1,36,7,1999,1,11,LAND ROVER RANGE ROVER EVOQUE,-1,-1,0,-1
2023471339634,2023,471339634,1,9,0,18,19,2,5,0,0,1,0,0,0,0,1,1,6,6,2,40,7,2179,2,8,LAND ROVER RANGE ROVER EVOQUE,8,E01021197,0,-1
2023041366071,2023,041366071,1,9,0,9,9,2,8,0,0,2,0,0,0,0,3,1,5,6,2,41,7,2179,2,9,LAND ROVER RANGE ROVER EVOQUE,2,E01012580,0,-1
2023401372013,2023,401372013,1,9,0,4,4,-1,-1,0,0,0,0,12,0,0,9,1,2,2,1,30,6,1999,2,4,LAND ROVER RANGE ROVER EVOQUE,7,E01017516,0,-1
2023010439457,2023,010439457,1,9,0,8,8,5,8,0,0,2,0,0,0,0,1,1,1,1,2,57,9,1498,8,2,LAND ROVER RANGE ROVER EVOQUE,8,E01000206,0,-1
2023501389751,2023,501389751,1,9,0,9,9,7,5,0,0,0,0,0,0,0,1,1,6,6,2,45,7,1997,1,3,LAND ROVER RANGE ROVER EVOQUE,10,E01020242,0,-1
2023131355522,2023,131355522,1,9,0,18,19,3,7,0,0,0,0,0,0,0,1,1,6,6,1,31,6,1999,2,6,LAND ROVER RANGE ROVER EVOQUE,7,E01010932,0,-1
2023430023432,2023,430023432,2,9,0,3,3,7,3,0,0,0,0,0,0,0,2,1,6,6,2,33,6,1999,2,3,LAND ROVER RANGE ROVER EVOQUE,7,E01033509,0,-1
2023430461940,2023,430461940,1,9,0,18,19,1,5,0,0,6,0,0,0,0,3,1,6,6,2,25,5,1998,2,1,LAND ROVER RANGE ROVER EVOQUE,9,E01030685,0,-1
2023010441574,2023,010441574,2,9,0,2,2,0,0,0,0,0,1,0,1,0,4,1,6,6,3,-1,-1,1999,2,6,LAND ROVER RANGE ROVER EVOQUE,-1,-1,0,-1
2023451310669,2023,451310669,3,9,0,18,19,1,5,0,0,1,0,0,0,0,1,1,1,1,2,57,9,2179,2,11,LAND ROVER RANGE ROVER EVOQUE,5,E01030852,0,-1
2023010458361,2023,010458361,1,9,0,18,19,5,1,9,9,0,0,10,1,0,1,1,6,6,1,-1,-1,1999,2,5,LAND ROVER RANGE ROVER EVOQUE,-1,-1,0,-1
2023411339080,2023,411339080,2,9,0,4,4,5,2,0,0,0,0,0,0,0,3,1,6,6,2,21,5,1997,1,4,LAND ROVER RANGE ROVER EVOQUE,7,E01023462,0,-1
2023440443364,2023,440443364,3,9,0,4,4,8,4,0,0,1,0,0,0,0,2,1,2,2,1,68,10,1999,2,3,LAND ROVER RANGE ROVER EVOQUE,9,E01031878,0,-1
2023010436644,2023,010436644,3,9,0,18,19,5,1,0,0,8,0,0,0,0,4,1,6,6,1,31,6,1997,1,3,LAND ROVER RANGE ROVER EVOQUE,1,E01000782,0,-1
2023141343749,2023,141343749,1,9,0,18,19,7,4,0,0,0,1,0,0,0,1,1,5,6,1,30,6,1999,2,8,LAND ROVER RANGE ROVER EVOQUE,2,E01007982,0,-1
2023010458965,2023,010458965,2,9,0,13,13,1,5,9,9,1,0,10,7,2,1,1,6,6,1,28,6,1999,2,4,LAND ROVER RANGE ROVER EVOQUE,-1,-1,0,-1
2023461382218,2023,461382218,2,9,0,9,9,2,6,0,0,8,0,0,0,0,1,1,5,6,2,51,8,2179,2,11,LAND ROVER RANGE ROVER EVOQUE,5,E01021100,0,-1
2023010458648,2023,010458648,1,9,0,18,19,1,5,0,0,0,0,10,0,0,4,1,6,6,1,57,9,1999,2,5,LAND ROVER RANGE ROVER EVOQUE,1,E01001787,0,-1
2023430017118,2023,430017118,2,9,0,18,19,5,1,0,0,8,0,0,0,0,4,1,3,7,2,36,7,2179,2,10,LAND ROVER RANGE ROVER EVOQUE,8,E01028767,0,-1
2023430411234,2023,430411234,1,9,0,18,19,1,5,0,0,1,0,0,0,0,1,1,6,6,2,31,6,2179,2,12,LAND ROVER RANGE ROVER EVOQUE,4,E01016273,0,-1
2023552300092,2023,552300092,1,9,0,18,19,4,8,0,0,1,0,0,0,0,1,1,6,6,1,35,6,2179,2,11,LAND ROVER RANGE ROVER EVOQUE,3,E01015289,0,-1
2023101361080,2023,101361080,1,9,0,18,19,4,8,0,0,8,0,0,0,0,1,1,6,6,1,33,6,2179,2,9,LAND ROVER RANGE ROVER EVOQUE,1,E01008669,0,-1
2023461378192,2023,461378192,1,9,0,4,4,5,1,0,0,0,0,0,0,0,1,1,5,6,2,44,7,2179,2,11,LAND ROVER RANGE ROVER EVOQUE,7,E01024380,0,-1
2023421310215,2023,421310215,4,9,0,5,5,1,6,0,0,2,0,0,0,0,3,1,6,6,1,58,9,1999,2,3,LAND ROVER RANGE ROVER EVOQUE,5,E01004463,0,-1
2023052301182,2023,052301182,2,9,0,4,4,1,5,0,0,0,0,0,0,0,2,1,6,6,2,34,6,1498,8,1,LAND ROVER RANGE ROVER EVOQUE,1,E01006644,0,-1
2023320427309,2023,320427309,2,9,0,18,19,8,4,0,0,8,2,0,7,0,4,1,6,6,2,50,8,1999,2,5,LAND ROVER RANGE ROVER EVOQUE,7,E01026397,0,-1
2023991376088,2023,991376088,2,9,0,18,19,8,4,0,0,0,0,0,1,0,1,1,6,6,2,71,10,1999,2,4,LAND ROVER RANGE ROVER EVOQUE,6,-1,0,-1
2023010452671,2023,010452671,2,9,0,18,19,1,5,0,0,8,0,0,0,0,1,1,6,6,1,44,7,2179,2,9,LAND ROVER RANGE ROVER EVOQUE,5,E01004076,0,-1
2023201340134,2023,201340134,1,9,0,18,19,2,6,0,0,8,0,10,1,11,1,1,6,6,1,66,10,1999,2,3,LAND ROVER RANGE ROVER EVOQUE,8,E01032446,0,-1
2023010473600,2023,010473600,1,9,0,11,11,1,5,0,0,5,1,0,0,0,4,1,6,6,2,44,7,1997,1,4,LAND ROVER RANGE ROVER EVOQUE,2,E01000941,0,-1
2023010444382,2023,010444382,1,9,0,99,99,9,9,99,99,9,9,99,9,99,9,9,6,6,2,47,8,1999,2,4,LAND ROVER RANGE ROVER EVOQUE,7,E01000147,0,-1
2023622300394,2023,622300394,3,9,0,4,4,4,8,0,0,0,0,0,0,0,2,1,6,6,1,55,8,1999,2,7,LAND ROVER RANGE ROVER EVOQUE,3,W01000987,0,-1
2023070407777,2023,070407777,2,9,0,4,4,1,5,0,0,0,0,0,0,0,2,1,6,6,1,59,9,1999,2,4,LAND ROVER RANGE ROVER EVOQUE,9,E01029258,0,-1
2023610052323,2023,610052323,2,9,0,1,1,8,4,0,0,6,0,0,0,0,2,1,6,6,2,26,6,2179,2,9,LAND ROVER RANGE ROVER EVOQUE,6,W01001615,0,-1
2023522400663,2023,522400663,1,9,0,12,12,5,1,0,0,8,0,0,0,0,1,1,6,6,1,36,7,2179,2,8,LAND ROVER RANGE ROVER EVOQUE,-1,-1,0,-1
2023471279465,2023,471279465,1,9,0,18,19,4,8,0,0,0,0,0,0,0,4,1,5,6,2,24,5,2179,2,12,LAND ROVER RANGE ROVER EVOQUE,6,E01031472,0,-1
2023991290248,2023,991290248,7,9,0,18,19,1,5,0,0,1,1,0,0,0,1,1,6,6,1,59,9,1999,2,3,LAND ROVER RANGE ROVER EVOQUE,10,-1,0,-1
2023161380543,2023,161380543,2,9,0,5,5,7,1,9,9,1,0,0,0,0,1,1,3,7,2,28,6,2179,2,10,LAND ROVER RANGE ROVER EVOQUE,1,E01012873,0,-1
2023552301447,2023,552301447,1,9,0,4,4,2,6,0,0,5,0,0,0,0,2,1,6,6,2,63,9,1999,2,7,LAND ROVER RANGE ROVER EVOQUE,6,E01023063,0,-1