collision_index,collision_year,collision_ref_no,vehicle_reference,vehicle_type,towing_and_articulation,vehicle_manoeuvre_historic,vehicle_manoeuvre,vehicle_direction_from,vehicle_direction_to,vehicle_location_restricted_lane_historic,vehicle_location_restricted_lane,junction_location,skidding_and_overturning,hit_object_in_carriageway,vehicle_leaving_carriageway,hit_object_off_carriageway,first_point_of_impact,vehicle_left_hand_drive,journey_purpose_of_driver_historic,journey_purpose_of_driver,sex_of_driver,age_of_driver,age_band_of_driver,engine_capacity_cc,propulsion_code,age_of_vehicle,generic_make_model,driver_imd_decile,lsoa_of_driver,escooter_flag,driver_distance_banding
2023201363333,2023,201363333,1,9,0,9,9,1,6,0,0,5,0,0,0,0,1,1,6,6,2,52,8,2179,2,8,LAND ROVER RANGE ROVER EVOQUE,8,E01009822,0,-1
2023351287532,2023,351287532,2,9,-1,-1,-1,-1,-1,-1,-1,-1,-1,-1,-1,0,-1,1,6,6,2,34,6,2179,2,9,LAND ROVER RANGE ROVER EVOQUE,1,E01018103,0,-1
2023041286822,2023,041286822,1,9,0,5,5,5,1,0,0,8,0,0,0,0,1,1,3,7,2,54,8,2179,2,11,LAND ROVER RANGE ROVER EVOQUE,10,E01025278,0,-1
2023010454283,2023,010454283,1,9,0,99,99,9,9,99,99,9,9,99,9,99,9,9,6,6,1,32,6,1999,2,6,LAND ROVER RANGE ROVER EVOQUE,7,E01024141,0,-1
2023010447420,2023,010447420,2,9,0,2,2,0,0,9,9,1,0,0,0,0,1,1,6,6,3,-1,-1,1999,2,7,LAND ROVER RANGE ROVER EVOQUE,-1,-1,0,-1
2023471292121,2023,471292121,1,9,0,18,19,5,1,0,0,8,1,0,1,0,4,1,5,6,2,33,6,2179,2,9,LAND ROVER RANGE ROVER EVOQUE,1,E01008297,0,-1
2023031390023,2023,031390023,2,9,0,2,2,0,0,0,0,0,0,0,0,0,3,1,5,6,1,61,9,1999,2,5,LAND ROVER RANGE ROVER EVOQUE,-1,-1,0,-1
2023440084256,2023,440084256,2,9,0,13,13,1,5,0,0,0,0,8,0,0,4,1,2,2,2,32,6,2179,2,8,LAND ROVER RANGE ROVER EVOQUE,7,E01022945,0,-1
2023061261665,2023,061261665,1,9,0,18,19,2,6,0,0,0,0,0,0,0,1,1,5,6,2,28,6,1999,2,7,LAND ROVER RANGE ROVER EVOQUE,-1,-1,0,-1
2023401265420,2023,401265420,1,9,0,5,5,7,7,0,0,3,0,0,0,0,1,1,5,6,1,31,6,2179,2,10,LAND ROVER RANGE ROVER EVOQUE,8,E01017488,0,-1
2023141353532,2023,141353532,2,9,0,5,5,6,2,0,0,0,0,0,0,0,3,1,6,6,2,57,9,2179,2,9,LAND ROVER RANGE ROVER EVOQUE,7,E01007829,0,-1
2023401354335,2023,401354335,1,9,-1,-1,-1,-1,-1,-1,-1,0,-1,-1,-1,0,1,1,5,6,2,44,7,1999,2,6,LAND ROVER RANGE ROVER EVOQUE,7,E01017571,0,-1
2023201278229,2023,201278229,2,9,0,7,7,1,3,0,0,3,1,0,0,0,1,1,3,7,2,34,6,2179,2,8,LAND ROVER RANGE ROVER EVOQUE,6,E01029832,0,-1
2023031332188,2023,031332188,1,9,0,18,19,4,6,0,0,0,0,0,0,0,3,1,5,6,2,29,6,2179,2,10,LAND ROVER RANGE ROVER EVOQUE,-1,-1,0,-1
2023101362977,2023,101362977,2,9,0,3,3,7,3,0,0,0,0,0,0,0,2,1,5,6,1,69,10,2179,2,8,LAND ROVER RANGE ROVER EVOQUE,10,E01027509,0,-1
2023471320527,2023,471320527,1,9,0,18,19,3,7,0,0,6,1,0,0,0,1,1,6,6,2,36,7,2179,2,11,LAND ROVER RANGE ROVER EVOQUE,6,E01017009,0,-1
2023221330214,2023,221330214,1,9,0,9,9,7,5,0,0,6,0,0,0,0,1,1,5,6,2,31,6,1999,2,4,LAND ROVER RANGE ROVER EVOQUE,8,E01032477,0,-1
2023471326978,2023,471326978,1,9,0,12,12,5,1,0,0,4,0,0,0,0,1,1,6,6,2,25,5,2179,2,11,LAND ROVER RANGE ROVER EVOQUE,4,E01020935,0,-1
2023141343749,2023,141343749,2,9,0,18,19,4,7,0,0,0,2,0,0,0,1,1,5,6,1,39,7,1999,2,4,LAND ROVER RANGE ROVER EVOQUE,9,E01007951,0,-1
2023041319758,2023,041319758,2,9,0,4,4,6,2,0,0,1,0,0,0,0,3,1,5,6,1,52,8,1999,2,7,LAND ROVER RANGE ROVER EVOQUE,8,E01025597,0,-1
2023461383364,2023,461383364,1,9,0,4,4,5,1,0,0,0,0,0,0,0,1,1,5,6,1,54,8,1999,2,4,LAND ROVER RANGE ROVER EVOQUE,6,E01024513,0,-1
2023302300520,2023,302300520,2,9,0,4,4,5,1,0,0,1,0,0,0,0,2,1,6,6,2,33,6,2179,2,9,LAND ROVER RANGE ROVER EVOQUE,6,E01019405,0,-1
2023371346285,2023,371346285,1,9,0,18,19,7,3,0,0,0,0,0,0,0,1,1,5,6,1,26,6,1999,2,7,LAND ROVER RANGE ROVER EVOQUE,5,E01030310,0,-1
2023070777700,2023,070777700,1,9,0,18,19,2,6,0,0,0,5,4,0,0,1,1,2,2,2,29,6,2179,2,10,LAND ROVER RANGE ROVER EVOQUE,10,E01018695,0,-1
202360A007444,2023,60A007444,2,9,0,4,4,1,5,0,0,1,1,0,0,0,1,1,6,6,1,65,9,2179,2,8,LAND ROVER RANGE ROVER EVOQUE,-1,-1,0,-1
2023141378269,2023,141378269,1,9,0,9,9,3,1,0,0,3,1,0,0,0,3,1,5,6,1,55,8,1999,2,7,LAND ROVER RANGE ROVER EVOQUE,8,E01007801,0,-1
2023221397540,2023,221397540,1,9,0,18,19,6,2,0,0,0,0,0,0,0,1,1,6,6,1,28,6,2179,2,12,LAND ROVER RANGE ROVER EVOQUE,-1,-1,0,-1
2023131352622,2023,131352622,1,9,0,17,19,2,6,0,0,0,0,0,0,0,3,1,5,6,1,32,6,2179,2,10,LAND ROVER RANGE ROVER EVOQUE,1,E01011354,0,-1
2023052301157,2023,052301157,2,9,0,4,4,3,7,0,0,0,0,0,0,0,2,1,6,6,2,17,4,1998,2,2,LAND ROVER RANGE ROVER EVOQUE,8,E01012395,0,-1
2023371266312,2023,371266312,1,9,0,18,19,2,6,0,0,1,0,0,0,0,1,1,2,2,2,45,7,2179,2,11,LAND ROVER RANGE ROVER EVOQUE,4,E01033127,0,-1
2023311299965,2023,311299965,2,9,0,5,5,5,1,0,0,0,0,0,0,0,1,1,5,6,2,23,5,1999,2,5,LAND ROVER RANGE ROVER EVOQUE,2,E01028223,0,-1
2023201377102,2023,201377102,1,9,0,18,19,2,6,0,0,4,0,0,0,0,3,1,5,6,2,35,6,2179,2,10,LAND ROVER RANGE ROVER EVOQUE,10,E01010173,0,-1
2023461382175,2023,461382175,1,9,0,18,19,6,3,0,0,1,0,0,0,0,4,1,6,6,2,50,8,1999,2,5,LAND ROVER RANGE ROVER EVOQUE,6,E01032817,0,-1
2023340WN6042,2023,340WN6042,1,9,0,18,19,8,4,0,0,8,0,0,3,0,1,1,6,6,2,51,8,1999,2,5,LAND ROVER RANGE ROVER EVOQUE,9,E01027148,0,-1
2023501381374,2023,501381374,2,9,0,5,5,3,1,0,0,1,0,0,0,0,1,1,5,6,1,63,9,1999,2,7,LAND ROVER RANGE ROVER EVOQUE,2,E01015086,0,-1
202360A195052,2023,60A195052,1,9,0,5,5,4,1,0,0,2,0,0,0,0,4,1,6,6,1,72,10,2179,2,8,LAND ROVER RANGE ROVER EVOQUE,-1,-1,0,-1
2023211327305,2023,211327305,1,9,0,13,13,7,3,0,0,1,0,0,0,0,1,1,6,6,1,34,6,2179,2,9,LAND ROVER RANGE ROVER EVOQUE,8,E01010520,0,-1
2023461272382,2023,461272382,2,9,-1,-1,-1,-1,-1,-1,-1,0,-1,-1,-1,0,3,1,6,6,2,34,6,2179,2,9,LAND ROVER RANGE ROVER EVOQUE,1,E01021305,0,-1
2023070916763,2023,070916763,1,9,0,4,4,8,4,0,0,0,0,0,0,0,1,1,2,2,1,35,6,1999,2,7,LAND ROVER RANGE ROVER EVOQUE,-1,-1,0,-1
2023221313337,2023,221313337,1,9,0,18,19,2,6,0,0,0,0,0,7,3,1,1,5,6,2,70,10,1999,2,3,LAND ROVER RANGE ROVER EVOQUE,5,E01014046,0,-1
2023522300501,2023,522300501,3,9,0,18,19,5,1,0,0,1,0,0,0,0,1,1,6,6,1,28,6,1999,2,4,LAND ROVER RANGE ROVER EVOQUE,6,E01014734,0,-1
2023991355344,2023,991355344,1,9,0,1,1,7,3,9,9,0,0,0,0,0,2,1,5,6,2,52,8,2179,2,9,LAND ROVER RANGE ROVER EVOQUE,7,-1,0,-1
2023131277875,2023,131277875,1,9,0,9,9,5,1,0,0,0,0,0,0,0,1,1,6,6,3,-1,-1,2179,2,8,LAND ROVER RANGE ROVER EVOQUE,-1,-1,0,-1
2023122301065,2023,122301065,1,9,0,18,19,1,5,0,0,1,0,0,1,9,1,1,6,6,2,32,6,2179,2,10,LAND ROVER RANGE ROVER EVOQUE,9,E01013121,0,-1
2023041324795,2023,041324795,1,9,0,9,9,1,5,0,0,6,0,0,0,0,1,1,5,6,2,40,7,2179,2,10,LAND ROVER RANGE ROVER EVOQUE,7,E01018742,0,-1
2023461331344,2023,461331344,1,9,0,9,9,-1,-1,0,0,6,0,0,0,0,-1,1,5,6,1,63,9,1999,2,6,LAND ROVER RANGE ROVER EVOQUE,4,E01024284,0,-1
2023131388405,2023,131388405,3,9,0,18,19,5,1,0,0,0,0,0,0,0,3,1,6,6,1,25,5,2179,2,10,LAND ROVER RANGE ROVER EVOQUE,4,W01000787,0,-1
2023361286676,2023,361286676,2,9,0,16,19,8,4,0,0,0,1,0,7,0,1,1,1,1,1,38,7,2179,2,10,LAND ROVER RANGE ROVER EVOQUE,5,E01026433,0,-1
2023991356652,2023,991356652,1,9,0,18,19,1,5,0,0,8,0,0,0,0,1,1,5,6,1,19,4,1998,2,2,LAND ROVER RANGE ROVER EVOQUE,9,-1,0,-1
2023010474524,2023,010474524,2,9,0,18,19,3,7,0,0,1,0,0,0,0,3,1,6,6,2,37,7,1999,2,7,LAND ROVER RANGE ROVER EVOQUE,2,E01000739,0,-1
2023461379921,2023,461379921,2,9,0,4,4,1,5,0,0,4,0,0,0,0,4,1,5,6,2,59,9,1999,2,4,LAND ROVER RANGE ROVER EVOQUE,10,E01024326,0,-1
2023631334593,2023,631334593,2,9,0,18,19,2,6,0,0,1,0,0,0,0,0,1,6,6,2,50,8,2179,2,9,LAND ROVER RANGE ROVER EVOQUE,4,E01007114,0,-1
2023010427673,2023,010427673,3,9,0,5,5,7,3,0,0,1,0,0,0,0,1,1,6,6,1,33,6,2179,2,10,LAND ROVER RANGE ROVER EVOQUE,-1,-1,0,-1
2023211280079,2023,211280079,1,9,0,18,19,5,1,0,0,3,1,0,1,0,1,1,5,6,1,28,6,2179,2,11,LAND ROVER RANGE ROVER EVOQUE,8,E01010307,0,-1
2023010421415,2023,010421415,4,9,0,4,4,4,8,0,0,0,0,0,0,0,2,1,6,6,1,58,9,1997,1,4,LAND ROVER RANGE ROVER EVOQUE,8,E01017750,0,-1
2023501328716,2023,501328716,2,9,0,4,4,3,7,0,0,0,0,0,4,6,2,1,5,6,2,29,6,2179,2,10,LAND ROVER RANGE ROVER EVOQUE,8,E01031310,0,-1
2023070025032,2023,070025032,1,9,0,9,9,2,6,0,0,6,0,0,0,0,1,1,6,6,3,-1,-1,1999,2,4,LAND ROVER RANGE ROVER EVOQUE,2,E01018316,0,-1
2023552300466,2023,552300466,3,9,0,2,2,0,0,0,0,1,0,0,0,0,0,1,6,6,3,-1,-1,2179,2,10,LAND ROVER RANGE ROVER EVOQUE,-1,-1,0,-1
2023361276799,2023,361276799,2,9,0,18,19,3,7,0,0,4,0,0,0,0,1,1,6,6,2,49,8,2179,2,10,LAND ROVER RANGE ROVER EVOQUE,9,E01026422,0,-1
2023622300237,2023,622300237,1,9,0,14,14,2,6,0,0,0,0,0,0,0,1,1,6,6,2,29,6,1498,8,2,LAND ROVER RANGE ROVER EVOQUE,8,W01000883,0,-1
2023131342435,2023,131342435,2,9,0,16,19,8,8,0,0,8,0,0,0,0,1,1,5,6,2,66,10,1999,2,6,LAND ROVER RANGE ROVER EVOQUE,2,E01011237,0,-1
2023141364652,2023,141364652,1,9,0,12,12,1,4,0,0,2,0,0,0,0,1,1,5,6,2,38,7,2179,2,8,LAND ROVER RANGE ROVER EVOQUE,7,E01007589,0,-1
2023010450151,2023,010450151,2,9,0,99,99,9,9,99,99,9,9,99,9,99,9,1,6,6,3,-1,-1,2179,2,11,LAND ROVER RANGE ROVER EVOQUE,-1,-1,0,-1
2023302300285,2023,302300285,1,9,0,9,9,2,8,0,0,6,0,0,0,0,3,1,2,2,2,43,7,2179,2,9,LAND ROVER RANGE ROVER EVOQUE,2,E01019688,0,-1
2023201296512,2023,201296512,1,9,0,18,19,4,8,0,0,1,0,0,0,0,1,1,6,6,1,70,10,2179,2,11,LAND ROVER RANGE ROVER EVOQUE,5,E01008917,0,-1
2023010470329,2023,010470329,3,9,0,2,2,0,0,0,0,0,1,0,0,0,0,1,6,6,3,-1,-1,1999,2,4,LAND ROVER RANGE ROVER EVOQUE,-1,-1,0,-1
2023010420106,2023,010420106,1,9,0,9,9,3,1,0,0,8,0,0,0,0,1,1,6,6,1,27,6,1999,2,7,LAND ROVER RANGE ROVER EVOQUE,8,E01000717,0,-1
2023401349155,2023,401349155,1,9,0,18,19,4,8,0,0,0,0,0,0,0,2,1,5,6,2,51,8,2179,2,8,LAND ROVER RANGE ROVER EVOQUE,4,E01017579,0,-1
2023421362900,2023,421362900,1,9,0,18,19,1,5,0,0,8,0,0,0,0,3,1,6,6,1,27,6,1498,8,1,LAND ROVER RANGE ROVER EVOQUE,5,E01021484,0,-1
2023052302295,2023,052302295,2,9,0,4,4,2,7,0,0,1,0,0,0,0,2,1,6,6,2,37,7,1999,2,6,LAND ROVER RANGE ROVER EVOQUE,4,E01007302,0,-1
2023161351602,2023,161351602,1,9,0,5,5,6,3,0,0,6,0,0,0,0,4,1,3,7,2,32,6,2179,2,8,LAND ROVER RANGE ROVER EVOQUE,-1,-1,0,-1
2023010426126,2023,010426126,2,9,0,99,99,9,9,99,99,9,9,99,9,99,9,9,6,6,1,64,9,1999,2,7,LAND ROVER RANGE ROVER EVOQUE,2,E01001506,0,-1
2023401369222,2023,401369222,2,9,0,18,19,5,1,0,0,2,0,1,1,0,4,1,6,6,1,38,7,1999,2,7,LAND ROVER RANGE ROVER EVOQUE,4,E01015786,0,-1
2023231331689,2023,231331689,1,9,0,9,9,3,8,0,0,6,0,0,0,0,1,1,6,6,2,56,9,1999,2,4,LAND ROVER RANGE ROVER EVOQUE,6,E01031187,0,-1
2023461335915,2023,461335915,1,9,0,17,19,7,3,0,0,0,0,0,0,0,1,1,6,6,1,-1,-1,1999,2,5,LAND ROVER RANGE ROVER EVOQUE,-1,-1,0,-1
2023531384710,2023,531384710,1,9,0,18,19,7,3,0,0,0,5,0,1,0,1,1,5,6,2,22,5,1999,2,6,LAND ROVER RANGE ROVER EVOQUE,6,E01031845,0,-1
2023461290927,2023,461290927,1,9,0,18,19,1,5,0,0,0,0,0,0,0,0,1,6,6,2,32,6,1999,2,8,LAND ROVER RANGE ROVER EVOQUE,8,E01024085,0,-1
2023041304040,2023,041304040,2,9,0,18,19,5,1,0,0,0,0,0,8,6,4,1,5,6,1,63,9,1998,2,2,LAND ROVER RANGE ROVER EVOQUE,-1,-1,0,-1
2023221397160,2023,221397160,1,9,0,18,19,5,1,0,0,0,2,0,1,9,4,1,6,6,2,34,6,1498,8,1,LAND ROVER RANGE ROVER EVOQUE,5,W01001304,0,-1
2023430421278,2023,430421278,2,9,0,18,19,4,8,0,0,0,0,0,0,0,1,1,6,6,1,-1,-1,2179,2,11,LAND ROVER RANGE ROVER EVOQUE,-1,-1,0,-1
2023471274969,2023,471274969,1,9,0,18,19,8,5,0,0,1,0,0,0,0,3,1,2,2,2,63,9,1997,1,1,LAND ROVER RANGE ROVER EVOQUE,6,E01016859,0,-1
2023070489170,2023,070489170,1,9,0,9,9,7,8,0,0,2,0,0,0,0,4,1,6,6,2,65,9,2179,2,10,LAND ROVER RANGE ROVER EVOQUE,4,E01018337,0,-1
2023351339774,2023,351339774,2,9,0,4,4,-1,-1,0,0,0,0,0,0,0,2,1,5,6,2,41,7,1999,2,7,LAND ROVER RANGE ROVER EVOQUE,7,E01033177,0,-1
2023111317927,2023,111317927,1,9,0,7,7,5,7,0,0,8,0,0,0,0,4,1,6,6,2,30,6,1999,2,6,LAND ROVER RANGE ROVER EVOQUE,-1,-1,0,-1
2023332301264,2023,332301264,1,9,0,2,2,0,0,0,0,0,0,0,0,0,4,1,6,6,2,24,5,1999,2,7,LAND ROVER RANGE ROVER EVOQUE,10,E01019860,0,-1
2023122301189,2023,122301189,3,9,0,4,4,3,7,0,0,0,0,0,0,0,2,1,6,6,1,55,8,1999,2,6,LAND ROVER RANGE ROVER EVOQUE,7,E01013364,0,-1
2023201370086,2023,201370086,1,9,0,5,5,2,5,0,0,4,0,0,0,0,1,1,6,6,3,29,6,1999,2,6,LAND ROVER RANGE ROVER EVOQUE,1,E01009478,0,-1
2023501400904,2023,501400904,2,9,0,18,19,1,5,0,0,1,0,4,0,0,1,1,6,6,2,24,5,2179,2,9,LAND ROVER RANGE ROVER EVOQUE,3,E01019075,0,-1
2023111347527,2023,111347527,1,9,0,18,19,8,3,0,0,4,0,0,0,0,1,1,6,6,2,30,6,1999,2,3,LAND ROVER RANGE ROVER EVOQUE,-1,-1,0,-1
2023052302939,2023,052302939,2,9,0,18,19,5,1,0,0,3,0,0,0,0,1,1,6,6,2,35,6,1999,2,6,LAND ROVER RANGE ROVER EVOQUE,3,E01007049,0,-1
2023451355599,2023,451355599,3,9,0,18,19,5,1,0,0,0,0,0,0,0,1,1,5,6,2,67,10,1999,2,8,LAND ROVER RANGE ROVER EVOQUE,8,E01030490,0,-1
2023010472592,2023,010472592,1,9,0,7,7,5,7,0,0,8,0,0,0,0,1,1,6,6,3,-1,-1,1999,2,5,LAND ROVER RANGE ROVER EVOQUE,-1,-1,0,-1
2023471327175,2023,471327175,1,9,0,18,19,4,8,0,0,0,5,0,0,0,4,1,5,6,1,53,8,2179,2,9,LAND ROVER RANGE ROVER EVOQUE,3,E01016907,0,-1
2023211268542,2023,211268542,2,9,0,17,19,6,3,0,0,2,0,0,0,0,3,1,5,6,2,33,6,2179,2,9,LAND ROVER RANGE ROVER EVOQUE,1,E01010435,0,-1
2023610003923,2023,610003923,1,9,0,5,5,5,1,0,0,1,0,0,0,0,1,1,6,6,1,36,7,2179,2,11,LAND ROVER RANGE ROVER EVOQUE,5,W01001391,0,-1
2023421311884,2023,421311884,2,9,0,18,19,1,6,0,0,0,0,0,0,0,2,1,5,6,2,44,7,1998,2,2,LAND ROVER RANGE ROVER EVOQUE,5,E01021854,0,-1
2023010460607,2023,010460607,2,9,0,99,99,9,9,99,99,9,9,99,9,99,9,9,6,6,3,-1,-1,2179,2,11,LAND ROVER RANGE ROVER EVOQUE,-1,-1,0,-1
2023421349881,2023,421349881,2,9,0,18,19,1,5,0,0,0,0,0,0,0,3,1,1,1,1,36,7,1498,8,0,LAND ROVER RANGE ROVER EVOQUE,10,E01033055,0,-1
2023052301165,2023,052301165,3,9,0,2,2,0,0,0,0,0,0,0,0,0,2,1,6,6,3,-1,-1,2179,2,12,LAND ROVER RANGE ROVER EVOQUE,-1,-1,0,-1
2023010456011,2023,010456011,1,9,0,7,7,3,5,0,0,5,0,0,0,0,4,1,6,6,3,-1,-1,2179,2,11,LAND ROVER RANGE ROVER EVOQUE,-1,-1,0,-1
2023440021131,2023,440021131,2,9,0,4,4,2,6,0,0,0,0,0,0,0,1,1,6,6,1,71,10,1999,2,5,LAND ROVER RANGE ROVER EVOQUE,9,E01017722,0,-1
2023061322697,2023,061322697,2,9,0,18,19,5,1,0,0,1,0,0,0,0,1,1,5,6,2,24,5,1999,2,5,LAND ROVER RANGE ROVER EVOQUE,1,E01010607,0,-1
2023991388401,2023,991388401,1,9,0,18,19,7,4,0,0,8,0,0,0,0,1,1,5,6,2,23,5,1999,2,7,LAND ROVER RANGE ROVER EVOQUE,2,-1,0,-1
2023111357111,2023,111357111,1,9,0,16,19,5,2,0,0,0,0,0,0,0,1,1,6,6,1,18,4,2179,2,9,LAND ROVER RANGE ROVER EVOQUE,1,E01008437,0,-1
2023340WN4092,2023,340WN4092,2,9,0,18,19,1,5,0,0,0,0,0,0,0,3,1,6,6,2,54,8,1999,2,6,LAND ROVER RANGE ROVER EVOQUE,8,E01028715,0,-1
2023041352566,2023,041352566,1,9,0,18,19,5,1,0,0,1,0,0,0,0,4,1,3,7,2,37,7,2179,2,10,LAND ROVER RANGE ROVER EVOQUE,8,E01025178,0,-1
2023010443703,2023,010443703,1,9,0,15,15,5,1,0,0,0,0,0,0,0,1,1,6,6,1,37,7,1999,2,7,LAND ROVER RANGE ROVER EVOQUE,3,E01004676,0,-1
2023010471246,2023,010471246,1,9,0,99,99,9,9,99,99,0,9,99,9,99,9,9,2,2,2,30,6,1999,2,4,LAND ROVER RANGE ROVER EVOQUE,3,E01003609,0,-1
2023361380233,2023,361380233,2,9,0,18,19,8,4,0,0,0,0,0,0,0,1,1,2,2,1,57,9,2179,2,8,LAND ROVER RANGE ROVER EVOQUE,4,E01026739,0,-1
2023302300902,2023,302300902,2,9,0,16,19,6,2,0,0,2,0,0,0,0,3,1,6,6,1,39,7,2179,2,10,LAND ROVER RANGE ROVER EVOQUE,3,E01019775,0,-1
2023010464057,2023,010464057,1,9,0,6,6,7,7,0,0,1,0,0,0,0,3,1,6,6,1,28,6,2179,2,11,LAND ROVER RANGE ROVER EVOQUE,8,E01000878,0,-1
2023010474581,2023,010474581,1,9,0,5,5,5,1,0,0,8,0,0,0,0,1,1,6,6,2,32,6,1997,1,2,LAND ROVER RANGE ROVER EVOQUE,5,E01001866,0,-1
2023430342521,2023,430342521,1,9,0,1,1,4,8,0,0,0,0,0,0,0,2,1,6,6,2,38,7,2179,2,10,LAND ROVER RANGE ROVER EVOQUE,7,E01028690,0,-1
2023211285280,2023,211285280,2,9,0,18,19,8,4,0,0,0,0,0,0,0,3,1,5,6,1,63,9,2179,2,9,LAND ROVER RANGE ROVER EVOQUE,5,E01018426,0,-1
2023421272425,2023,421272425,1,9,0,18,19,2,6,0,0,0,2,0,0,0,1,1,6,6,2,27,6,1999,2,6,LAND ROVER RANGE ROVER EVOQUE,5,E01021499,0,-1
2023141329493,2023,141329493,2,9,0,2,2,0,0,0,0,1,0,0,0,0,2,1,6,6,3,-1,-1,2179,2,8,LAND ROVER RANGE ROVER EVOQUE,-1,-1,0,-1
2023421387771,2023,421387771,1,9,0,9,9,4,1,0,0,4,0,0,0,0,1,1,6,6,2,40,7,2179,2,10,LAND ROVER RANGE ROVER EVOQUE,4,E01021425,0,-1
2023471352223,2023,471352223,1,9,0,7,7,2,4,0,0,8,0,0,0,0,4,1,5,6,2,55,8,1997,1,4,LAND ROVER RANGE ROVER EVOQUE,10,E01031675,0,-1
2023332300954,2023,332300954,1,9,0,18,19,3,7,0,0,8,0,0,1,4,1,1,6,6,2,26,6,1999,2,4,LAND ROVER RANGE ROVER EVOQUE,4,E01015621,0,-1
2023522301300,2023,522301300,1,9,0,9,9,7,5,0,0,5,0,0,0,0,1,1,6,6,2,55,8,2179,2,10,LAND ROVER RANGE ROVER EVOQUE,7,E01014712,0,-1
2023421277247,2023,421277247,1,9,0,9,9,7,3,0,0,0,0,0,0,0,3,1,6,6,2,62,9,1999,2,3,LAND ROVER RANGE ROVER EVOQUE,9,E01021523,0,-1
2023141386859,2023,141386859,1,9,0,18,19,1,5,0,0,0,0,0,0,0,4,1,2,2,2,43,7,1997,1,1,LAND ROVER RANGE ROVER EVOQUE,10,E01007952,0,-1
2023461318163,2023,461318163,1,9,0,9,9,5,3,0,0,0,0,0,0,0,3,1,6,6,2,41,7,1999,2,3,LAND ROVER RANGE ROVER EVOQUE,4,E01024566,0,-1
202363B023723,2023,63B023723,3,9,0,18,19,2,6,0,0,0,0,0,0,0,1,1,2,2,2,24,5,1999,2,6,LAND ROVER RANGE ROVER EVOQUE,9,W01000549,0,-1
2023111388060,2023,111388060,1,9,0,7,7,6,5,0,0,7,0,0,0,0,1,1,6,6,3,54,8,1999,2,4,LAND ROVER RANGE ROVER EVOQUE,10,E01012336,0,-1
2023010444209,2023,010444209,2,9,9,99,99,9,9,99,99,0,9,99,0,0,9,9,6,6,3,-1,-1,1999,2,5,LAND ROVER RANGE ROVER EVOQUE,2,E01004013,0,-1
2023052302081,2023,052302081,2,9,0,9,9,7,3,0,0,8,0,0,0,0,3,1,6,6,1,59,9,1999,2,5,LAND ROVER RANGE ROVER EVOQUE,2,E01033758,0,-1
2023010444331,2023,010444331,2,9,9,99,99,9,9,99,99,0,9,99,9,99,9,9,6,6,3,-1,-1,1999,2,6,LAND ROVER RANGE ROVER EVOQUE,-1,-1,0,-1
2023010422900,2023,010422900,1,9,0,18,19,5,1,0,0,0,0,0,0,0,1,1,6,6,2,26,6,1999,2,8,LAND ROVER RANGE ROVER EVOQUE,-1,-1,0,-1
2023501322764,2023,501322764,1,9,0,16,19,3,6,0,0,0,0,0,0,0,3,1,6,6,2,39,7,2179,2,10,LAND ROVER RANGE ROVER EVOQUE,3,E01019005,0,-1
2023451266100,2023,451266100,2,9,0,2,2,0,0,0,0,0,0,0,0,0,2,1,6,6,3,-1,-1,2179,2,12,LAND ROVER RANGE ROVER EVOQUE,-1,-1,0,-1
2023421360280,2023,421360280,2,9,0,17,19,6,3,0,0,8,0,0,0,0,1,1,5,6,2,55,8,1999,2,4,LAND ROVER RANGE ROVER EVOQUE,2,E01021697,0,-1
2023411351764,2023,411351764,1,9,0,18,19,5,1,0,0,0,0,0,0,0,1,1,6,6,2,35,6,1997,1,3,LAND ROVER RANGE ROVER EVOQUE,6,E01002668,0,-1
2023041330746,2023,041330746,2,9,0,18,19,7,3,0,0,8,0,0,0,0,1,1,6,6,2,50,8,1999,2,7,LAND ROVER RANGE ROVER EVOQUE,9,E01025601,0,-1
202360A087818,2023,60A087818,1,9,0,7,7,2,4,0,0,5,0,0,0,0,1,1,6,6,2,40,7,2179,2,11,LAND ROVER RANGE ROVER EVOQUE,-1,-1,0,-1
2023411359792,2023,411359792,1,9,0,5,5,5,1,0,0,1,0,0,0,0,1,1,6,6,2,41,7,1999,2,3,LAND ROVER RANGE ROVER EVOQUE,9,E01023619,0,-1
2023010433923,2023,010433923,2,9,9,99,99,9,9,99,99,9,9,99,9,99,9,9,6,6,3,-1,-1,2179,2,10,LAND ROVER RANGE ROVER EVOQUE,-1,-1,0,-1
2023991271156,2023,991271156,1,9,0,18,19,7,3,0,0,0,0,0,0,0,1,1,5,6,2,40,7,1999,2,7,LAND ROVER RANGE ROVER EVOQUE,-1,-1,0,-1
2023131371690,2023,131371690,2,9,0,18,19,7,3,0,0,0,0,0,0,0,3,1,6,6,2,22,5,1999,2,3,LAND ROVER RANGE ROVER EVOQUE,8,E01011243,0,-1
2023201322016,2023,201322016,2,9,0,18,19,5,1,0,0,8,0,0,0,0,1,1,6,6,2,40,7,2179,2,11,LAND ROVER RANGE ROVER EVOQUE,1,E01009025,0,-1