collision_index,collision_year,collision_ref_no,vehicle_reference,vehicle_type,towing_and_articulation,vehicle_manoeuvre_historic,vehicle_manoeuvre,vehicle_direction_from,vehicle_direction_to,vehicle_location_restricted_lane_historic,vehicle_location_restricted_lane,junction_location,skidding_and_overturning,hit_object_in_carriageway,vehicle_leaving_carriageway,hit_object_off_carriageway,first_point_of_impact,vehicle_left_hand_drive,journey_purpose_of_driver_historic,journey_purpose_of_driver,sex_of_driver,age_of_driver,age_band_of_driver,engine_capacity_cc,propulsion_code,age_of_vehicle,generic_make_model,driver_imd_decile,lsoa_of_driver,escooter_flag,driver_distance_banding
2023440254337,2023,440254337,2,9,0,3,3,4,8,0,0,1,0,0,0,0,2,1,6,6,2,42,7,1149,1,18,RENAULT CLIO,1,E01017250,0,-1
2023101335424,2023,101335424,1,9,0,9,9,4,2,0,0,8,0,0,0,0,4,1,5,6,2,29,6,899,1,10,RENAULT CLIO,4,E01008767,0,-1
2023170M10753,2023,170M10753,1,9,0,18,19,4,8,0,0,1,0,0,0,0,1,1,6,6,1,26,6,1149,1,15,RENAULT CLIO,1,E01012074,0,-1
2023201327804,2023,201327804,2,9,0,9,9,4,2,0,0,5,0,0,0,0,3,1,6,6,3,26,6,1149,1,9,RENAULT CLIO,6,E01010035,0,-1
2023201291946,2023,201291946,1,9,0,18,19,8,4,0,0,1,0,0,0,0,1,1,6,6,1,-1,-1,1390,1,21,RENAULT CLIO,-1,-1,0,-1
2023061273905,2023,061273905,1,9,0,18,19,1,5,0,0,0,0,0,0,0,1,1,5,6,1,-1,-1,1149,1,15,RENAULT CLIO,-1,-1,0,-1
2023161392902,2023,161392902,1,9,0,17,19,5,1,0,0,0,1,0,1,9,1,1,5,6,1,18,4,1598,1,13,RENAULT CLIO,3,E01013004,0,-1
2023610014623,2023,610014623,1,9,0,18,19,6,2,0,0,0,0,10,6,0,1,1,6,6,1,28,6,1149,1,14,RENAULT CLIO,1,W01001536,0,-1
2023031340424,2023,031340424,3,9,0,4,4,5,1,0,0,1,1,0,0,0,1,1,1,1,2,22,5,1149,1,11,RENAULT CLIO,7,E01012207,0,-1
2023991392127,2023,991392127,1,9,0,18,19,6,2,0,0,0,1,0,7,9,2,1,5,6,1,18,4,1149,1,11,RENAULT CLIO,4,-1,0,-1
2023371378028,2023,371378028,2,9,0,4,4,5,1,0,0,0,0,0,0,0,2,1,5,6,2,63,9,1461,2,17,RENAULT CLIO,6,E01030037,0,-1
2023052300232,2023,052300232,2,9,0,9,9,2,1,0,0,6,0,0,0,0,4,1,6,6,1,55,8,1149,1,10,RENAULT CLIO,10,E01007172,0,-1
2023201440200,2023,201440200,2,9,0,2,2,1,5,0,0,1,0,0,0,0,0,1,1,1,1,31,6,1149,1,6,RENAULT CLIO,-1,-1,0,-1
2023351381265,2023,351381265,2,9,0,18,19,5,2,0,0,1,0,0,0,0,4,1,6,6,2,49,8,1197,1,6,RENAULT CLIO,2,E01018071,0,-1
2023201309932,2023,201309932,2,9,0,18,19,7,2,0,0,3,0,0,0,0,1,1,1,1,1,36,7,1149,1,22,RENAULT CLIO,8,E01029680,0,-1
2023421375817,2023,421375817,2,9,0,4,4,1,5,0,0,1,0,7,4,1,2,1,6,6,2,58,9,1461,2,17,RENAULT CLIO,4,E01021698,0,-1
2023520301586,2023,520301586,1,9,0,18,19,3,7,0,0,0,0,0,0,0,2,1,2,2,2,24,5,1461,2,9,RENAULT CLIO,5,E01029200,0,-1
2023440023061,2023,440023061,1,9,0,17,19,1,6,0,0,8,2,0,0,0,1,1,2,2,2,27,6,1149,1,20,RENAULT CLIO,-1,-1,0,-1
2023461338403,2023,461338403,1,9,0,17,19,2,7,9,9,1,1,0,0,0,1,1,5,6,2,29,6,1149,1,16,RENAULT CLIO,7,E01004149,0,-1
2023552300804,2023,552300804,4,9,0,18,19,8,4,0,0,0,0,0,0,0,1,1,6,6,2,57,9,1598,8,2,RENAULT CLIO,8,E01015314,0,-1
2023111327724,2023,111327724,2,9,0,18,19,5,1,0,0,0,0,0,0,0,2,1,6,6,2,28,6,1149,1,10,RENAULT CLIO,5,E01020695,0,-1
2023451355625,2023,451355625,2,9,0,18,19,1,5,0,0,0,0,0,0,0,1,1,5,6,1,27,6,898,1,7,RENAULT CLIO,9,E01022719,0,-1
2023991359748,2023,991359748,1,9,0,12,12,6,2,0,0,1,0,0,0,0,3,1,6,6,1,-1,-1,1149,1,6,RENAULT CLIO,-1,-1,0,-1
2023471359560,2023,471359560,1,9,0,18,19,6,2,0,0,0,0,0,0,0,1,1,6,6,1,42,7,1149,1,14,RENAULT CLIO,7,E01031539,0,-1
2023161328272,2023,161328272,2,9,0,18,19,7,3,0,0,8,0,0,0,0,1,1,6,6,1,59,9,1149,1,13,RENAULT CLIO,2,E01027812,0,-1
2023461320220,2023,461320220,1,9,0,18,19,8,4,0,0,0,0,4,0,0,1,1,6,6,2,58,9,1149,1,5,RENAULT CLIO,9,E01023995,0,-1
2023552301495,2023,552301495,2,9,0,18,19,5,1,0,0,0,0,0,1,10,3,1,6,6,1,17,4,1149,1,16,RENAULT CLIO,9,E01020524,0,-1
2023461348886,2023,461348886,2,9,0,18,19,6,2,0,0,0,0,0,0,0,2,1,6,6,2,39,7,899,1,10,RENAULT CLIO,4,E01016055,0,-1
2023430157024,2023,430157024,1,9,0,9,9,8,6,0,0,6,0,0,0,0,1,1,6,6,2,20,4,1461,2,8,RENAULT CLIO,3,E01016396,0,-1
2023052301882,2023,052301882,1,9,0,9,9,8,5,0,0,1,0,0,0,0,3,1,6,6,2,80,11,1598,8,0,RENAULT CLIO,1,E01007155,0,-1
2023631327428,2023,631327428,2,9,0,4,4,7,3,0,0,0,0,0,0,0,2,1,5,6,1,32,6,1598,1,14,RENAULT CLIO,6,W01000645,0,-1
2023052300957,2023,052300957,1,9,0,18,19,5,1,0,0,8,0,0,0,0,1,1,6,6,2,18,4,1149,1,7,RENAULT CLIO,6,E01006929,0,-1
2023201293614,2023,201293614,5,9,0,2,2,0,0,0,0,0,0,0,0,0,4,1,6,6,2,51,8,898,1,5,RENAULT CLIO,6,E01009206,0,-1
2023991342079,2023,991342079,1,9,0,18,19,3,7,0,0,0,0,0,0,0,1,1,6,6,1,24,5,1149,1,6,RENAULT CLIO,2,-1,0,-1
2023471392150,2023,471392150,2,9,0,5,5,6,2,0,0,3,0,0,0,0,2,1,5,6,1,56,9,1461,2,17,RENAULT CLIO,3,E01031609,0,-1
2023211275377,2023,211275377,1,9,0,10,10,3,1,0,0,1,0,0,0,0,2,1,2,2,2,23,5,1149,1,13,RENAULT CLIO,5,E01028858,0,-1
2023522400940,2023,522400940,1,9,0,10,10,5,4,0,0,5,0,0,0,0,2,1,6,6,2,43,7,1149,1,12,RENAULT CLIO,5,E01014518,0,-1
2023052302429,2023,052302429,2,9,0,18,19,3,7,0,0,0,0,0,0,0,1,1,1,1,1,25,5,999,1,3,RENAULT CLIO,3,E01006431,0,-1
2023351277611,2023,351277611,2,9,0,7,7,4,7,0,0,6,0,0,0,0,3,1,5,6,2,41,7,1998,1,17,RENAULT CLIO,6,E01018056,0,-1
2023010463226,2023,010463226,2,9,0,99,99,9,9,99,99,9,9,99,9,99,2,9,6,6,3,41,7,898,1,5,RENAULT CLIO,4,E01004366,0,-1
2023440494374,2023,440494374,1,9,0,18,19,8,4,0,0,0,2,0,2,11,1,1,6,6,1,50,8,1149,1,15,RENAULT CLIO,2,E01017165,0,-1
2023052302235,2023,052302235,1,9,0,9,9,1,3,0,0,5,0,0,0,0,1,1,6,6,1,75,10,899,1,9,RENAULT CLIO,4,E01006628,0,-1
2023451276325,2023,451276325,1,9,0,18,19,6,8,0,0,0,5,0,0,0,1,1,6,6,2,22,5,1149,1,11,RENAULT CLIO,10,E01030693,0,-1
2023471317142,2023,471317142,1,9,0,4,4,7,3,0,0,2,0,0,0,0,2,1,5,6,1,51,8,1149,1,12,RENAULT CLIO,3,E01016881,0,-1
2023052302034,2023,052302034,2,9,0,7,7,8,2,0,0,8,0,0,0,0,4,1,6,6,2,24,5,1461,2,12,RENAULT CLIO,1,E01006850,0,-1
2023111306125,2023,111306125,2,9,0,10,10,5,2,0,0,1,0,0,0,0,4,1,2,2,2,30,6,999,1,2,RENAULT CLIO,8,E01020725,0,-1
2023052303003,2023,052303003,1,9,0,18,19,1,5,0,0,0,0,0,0,0,1,1,6,6,2,32,6,1149,1,11,RENAULT CLIO,6,E01012414,0,-1
2023111301369,2023,111301369,2,9,0,17,19,7,3,0,0,0,0,0,0,0,3,1,1,1,1,41,7,1149,1,16,RENAULT CLIO,7,E01020684,0,-1
202360A132704,2023,60A132704,1,9,0,18,19,3,7,0,0,1,0,0,0,0,1,1,6,6,3,-1,-1,1461,2,7,RENAULT CLIO,-1,-1,0,-1
2023991370345,2023,991370345,1,9,0,18,19,8,4,0,0,4,0,0,0,0,3,1,2,2,2,52,8,999,1,0,RENAULT CLIO,10,-1,0,-1
2023991295553,2023,991295553,1,9,0,18,19,5,1,0,0,0,5,0,1,0,1,1,5,6,2,84,11,1149,1,15,RENAULT CLIO,4,-1,0,-1
2023070038601,2023,070038601,1,9,0,9,9,3,1,0,0,8,0,0,0,0,1,1,6,6,2,17,4,1149,1,15,RENAULT CLIO,8,E01018440,0,-1
2023010445390,2023,010445390,2,9,0,99,99,9,9,99,99,9,9,99,9,99,9,9,6,6,1,-1,-1,1149,1,11,RENAULT CLIO,6,E01016506,0,-1
2023031298939,2023,031298939,2,9,0,4,4,4,8,0,0,1,0,0,0,0,1,1,6,6,3,16,4,1149,1,15,RENAULT CLIO,-1,-1,0,-1
2023451278146,2023,451278146,1,9,0,18,19,1,5,0,0,1,0,0,0,0,1,1,5,6,2,23,5,1149,1,7,RENAULT CLIO,9,E01030817,0,-1
2023070327116,2023,070327116,1,9,0,5,5,1,1,9,9,8,0,0,0,0,1,1,1,1,1,42,7,1461,2,6,RENAULT CLIO,9,E01018473,0,-1
2023010481661,2023,010481661,2,9,0,99,99,9,9,99,99,9,9,99,9,99,1,9,6,6,2,-1,-1,1149,1,12,RENAULT CLIO,9,E01003365,0,-1
2023461275455,2023,461275455,2,9,0,3,3,6,3,0,0,1,0,0,0,0,2,1,6,6,1,18,4,899,1,10,RENAULT CLIO,8,E01023989,0,-1
2023631333360,2023,631333360,1,9,0,17,19,8,5,0,0,0,0,0,2,10,1,1,5,6,2,40,7,1149,1,13,RENAULT CLIO,2,W01000483,0,-1
2023430379364,2023,430379364,1,9,0,18,19,2,6,0,0,0,0,0,0,0,3,1,6,6,2,23,5,1149,1,16,RENAULT CLIO,10,E01016267,0,-1
2023052301666,2023,052301666,1,9,0,9,9,7,3,0,0,1,0,0,0,0,1,1,6,6,3,22,5,1461,2,8,RENAULT CLIO,1,E01006429,0,-1
2023520301504,2023,520301504,1,9,0,18,19,3,7,0,0,0,0,0,0,0,4,1,6,6,1,58,9,1149,1,19,RENAULT CLIO,5,E01029325,0,-1
2023471334741,2023,471334741,4,9,0,2,2,0,0,0,0,1,0,0,0,0,4,1,6,6,3,-1,-1,1149,1,14,RENAULT CLIO,-1,-1,0,-1
2023211405377,2023,211405377,1,9,0,18,19,1,3,0,0,1,0,0,0,0,3,1,1,1,2,41,7,1149,1,14,RENAULT CLIO,1,E01014328,0,-1
2023052302097,2023,052302097,1,9,0,18,19,6,2,0,0,0,0,0,0,0,1,1,1,1,2,29,6,1149,1,10,RENAULT CLIO,9,E01018321,0,-1
2023010446014,2023,010446014,2,9,0,99,99,9,9,99,99,0,9,99,9,99,1,9,6,6,1,70,10,1149,1,17,RENAULT CLIO,9,E01004136,0,-1
2023302300333,2023,302300333,2,9,0,9,9,7,4,0,0,1,0,0,0,0,3,1,6,6,1,79,11,899,1,10,RENAULT CLIO,7,E01028125,0,-1
2023302301091,2023,302301091,2,9,0,17,19,8,6,0,0,8,0,0,0,0,1,1,6,6,2,77,11,1461,2,5,RENAULT CLIO,7,E01019636,0,-1
2023430345810,2023,430345810,1,9,0,4,4,1,5,0,0,0,0,0,0,0,2,1,3,7,2,34,6,1461,2,8,RENAULT CLIO,10,E01016182,0,-1
2023122301330,2023,122301330,1,9,0,9,9,8,4,0,0,6,1,0,1,0,4,1,2,2,2,20,4,1461,2,8,RENAULT CLIO,8,E01027587,0,-1
2023991345979,2023,991345979,1,9,0,9,9,3,7,0,0,1,0,0,0,0,1,1,5,6,2,52,8,1461,2,8,RENAULT CLIO,1,-1,0,-1
2023552301463,2023,552301463,1,9,0,9,9,2,8,0,0,5,0,0,0,0,3,1,6,6,1,18,4,1149,1,12,RENAULT CLIO,7,E01015466,0,-1
2023010433261,2023,010433261,1,9,0,99,99,9,9,99,99,9,9,99,9,99,1,9,6,6,2,39,7,1461,2,11,RENAULT CLIO,2,E01001079,0,-1
2023471297581,2023,471297581,1,9,0,18,19,6,2,0,0,0,0,0,0,0,1,1,2,2,1,40,7,1149,1,16,RENAULT CLIO,1,E01020912,0,-1
2023430435970,2023,430435970,2,9,0,18,19,1,5,0,0,6,0,0,0,0,1,1,6,6,1,-1,-1,1149,1,18,RENAULT CLIO,3,E01016358,0,-1
2023430033331,2023,430033331,2,9,0,3,3,8,4,0,0,0,0,0,0,0,2,1,6,6,1,27,6,1149,1,16,RENAULT CLIO,2,E01017618,0,-1
2023631347277,2023,631347277,2,9,0,18,19,5,1,0,0,8,0,0,0,0,3,1,6,6,2,23,5,1461,2,11,RENAULT CLIO,4,W01000603,0,-1
2023071186925,2023,071186925,1,9,0,9,9,7,3,0,0,1,0,0,0,0,4,1,1,1,2,19,4,1149,1,12,RENAULT CLIO,3,E01012522,0,-1
2023340WN6072,2023,340WN6072,2,9,0,18,19,1,5,0,0,7,0,0,0,0,2,1,6,6,2,55,8,1149,1,13,RENAULT CLIO,10,E01027206,0,-1
2023440528021,2023,440528021,1,9,0,18,19,2,6,0,0,0,0,0,0,0,1,1,6,6,2,35,6,999,1,3,RENAULT CLIO,4,E01022484,0,-1
2023411270143,2023,411270143,2,9,0,16,19,7,3,0,0,4,0,9,0,0,1,1,5,6,2,32,6,899,1,8,RENAULT CLIO,6,E01023787,0,-1
2023010447352,2023,010447352,1,9,0,99,99,9,9,99,99,0,9,99,9,99,2,9,6,6,2,53,8,1149,1,12,RENAULT CLIO,10,E01004106,0,-1
2023161384536,2023,161384536,2,9,0,18,19,5,1,0,0,0,0,0,0,0,3,1,5,6,2,19,4,1461,2,13,RENAULT CLIO,-1,-1,0,-1
2023361367407,2023,361367407,1,9,0,7,7,3,5,0,0,0,0,0,1,0,1,1,6,6,1,77,11,1461,2,4,RENAULT CLIO,5,E01026491,0,-1
2023552300685,2023,552300685,1,9,0,7,7,4,6,0,0,6,0,0,0,0,1,1,1,1,2,33,6,1149,1,9,RENAULT CLIO,3,E01015442,0,-1
2023061307402,2023,061307402,2,9,0,18,19,8,2,0,0,0,0,0,0,0,2,1,5,6,1,31,6,1149,1,12,RENAULT CLIO,-1,-1,0,-1
202354A904823,2023,54A904823,1,9,0,4,4,8,4,0,0,1,5,7,0,0,1,1,6,6,1,59,9,1598,1,17,RENAULT CLIO,2,E01032023,0,-1
2023052302367,2023,052302367,2,9,0,18,19,1,5,0,0,8,0,0,0,0,1,1,6,6,1,18,4,1149,1,15,RENAULT CLIO,5,E01007056,0,-1
2023421340442,2023,421340442,2,9,0,18,19,6,2,0,0,0,0,0,0,0,4,1,5,6,1,32,6,898,1,4,RENAULT CLIO,8,E01021482,0,-1
2023991302299,2023,991302299,1,9,0,17,19,7,3,0,0,1,0,0,0,0,1,1,6,6,1,21,5,999,1,0,RENAULT CLIO,-1,-1,0,-1
2023451267209,2023,451267209,2,9,0,18,19,3,7,0,0,0,0,0,2,0,1,1,1,1,2,25,5,1149,1,10,RENAULT CLIO,8,E01030479,0,-1
2023991328094,2023,991328094,1,9,0,5,5,1,6,0,0,0,0,0,0,0,1,1,5,6,2,53,8,1461,2,5,RENAULT CLIO,-1,-1,0,-1
2023131322353,2023,131322353,1,9,0,18,19,3,7,0,0,1,0,0,0,0,0,1,5,6,1,22,5,1149,1,9,RENAULT CLIO,2,E01011080,0,-1
2023201384097,2023,201384097,1,9,0,5,5,8,2,0,0,1,0,0,0,0,1,1,1,1,2,31,6,898,1,5,RENAULT CLIO,2,E01009495,0,-1
2023122300336,2023,122300336,1,9,0,1,1,5,1,0,0,0,0,0,0,0,2,1,6,6,2,24,5,1149,1,9,RENAULT CLIO,1,E01027806,0,-1
2023101360192,2023,101360192,1,9,0,11,11,1,5,0,0,0,0,0,0,0,2,1,2,2,2,31,6,1461,2,11,RENAULT CLIO,5,E01008329,0,-1
2023451294882,2023,451294882,1,9,0,18,19,5,1,0,0,4,5,9,8,1,1,1,5,6,1,26,6,1598,1,17,RENAULT CLIO,-1,-1,0,-1
2023991323372,2023,991323372,2,9,0,5,5,7,3,0,0,5,0,0,0,0,1,1,6,6,1,67,10,1149,1,13,RENAULT CLIO,6,-1,0,-1
2023991368189,2023,991368189,2,9,0,5,5,5,1,0,0,0,0,0,0,0,3,1,6,6,1,21,5,898,1,5,RENAULT CLIO,6,-1,0,-1
2023010485891,2023,010485891,1,9,0,18,19,7,3,0,0,4,0,0,0,0,1,1,6,6,2,26,6,1149,1,10,RENAULT CLIO,7,E01023531,0,-1
2023052302466,2023,052302466,1,9,0,9,9,5,8,0,0,1,0,0,0,0,1,1,6,6,1,28,6,899,1,8,RENAULT CLIO,1,E01006414,0,-1
2023201370939,2023,201370939,1,9,0,18,19,5,1,0,0,0,0,0,0,0,1,1,5,6,1,24,5,1461,2,12,RENAULT CLIO,1,E01012646,0,-1
2023302300886,2023,302300886,1,9,0,11,11,8,4,0,0,3,0,0,0,0,1,1,6,6,3,-1,-1,1461,2,18,RENAULT CLIO,5,E01019456,0,-1
2023111330594,2023,111330594,1,9,0,18,19,8,4,0,0,1,0,0,0,0,1,1,2,2,1,41,7,1598,1,17,RENAULT CLIO,1,E01012094,0,-1
2023041320969,2023,041320969,1,9,0,18,19,1,5,0,0,0,0,0,1,4,1,1,5,6,2,19,4,1149,1,11,RENAULT CLIO,8,E01025549,0,-1
2023141263440,2023,141263440,1,9,0,18,19,2,6,0,0,1,0,0,0,0,3,1,5,6,2,28,6,1461,2,7,RENAULT CLIO,2,E01007395,0,-1
2023531367858,2023,531367858,2,9,0,18,19,1,5,0,0,8,0,0,0,0,1,1,6,6,1,22,5,1149,1,14,RENAULT CLIO,6,E01022351,0,-1
2023141290116,2023,141290116,1,9,0,18,19,3,7,0,0,0,0,0,0,0,1,1,5,6,1,30,6,1461,2,13,RENAULT CLIO,7,E01007664,0,-1
2023201327745,2023,201327745,3,9,0,1,1,2,6,0,0,0,0,0,0,0,3,1,6,6,2,68,10,1149,1,18,RENAULT CLIO,3,E01010244,0,-1
2023340WN1012,2023,340WN1012,2,9,0,18,19,4,8,0,0,8,0,0,1,0,1,1,2,2,1,26,6,898,1,5,RENAULT CLIO,10,E01027298,0,-1
2023131316263,2023,131316263,1,9,0,9,9,7,5,0,0,2,0,0,0,0,4,1,3,7,2,31,6,899,1,10,RENAULT CLIO,4,E01011499,0,-1
2023991355678,2023,991355678,2,9,0,18,19,3,7,0,0,0,0,0,0,0,1,1,5,6,1,27,6,1390,1,16,RENAULT CLIO,3,-1,0,-1
2023421360787,2023,421360787,1,9,0,18,19,1,6,0,0,0,0,0,0,0,1,1,2,2,2,22,5,999,1,2,RENAULT CLIO,7,E01021608,0,-1
2023522300970,2023,522300970,1,9,0,9,9,7,5,0,0,8,0,0,0,0,4,1,6,6,1,32,6,1461,2,9,RENAULT CLIO,3,E01014566,0,-1
2023010459241,2023,010459241,2,9,0,12,12,3,7,0,0,0,0,0,0,0,1,1,6,6,2,23,5,1149,1,10,RENAULT CLIO,4,E01001194,0,-1
2023131323431,2023,131323431,2,9,0,18,19,4,8,0,0,0,0,0,0,0,2,1,5,6,1,35,6,1149,1,11,RENAULT CLIO,1,E01012643,0,-1
2023131343415,2023,131343415,1,9,0,5,5,1,1,0,0,0,0,0,0,0,1,1,6,6,2,64,9,1461,2,7,RENAULT CLIO,4,E01011823,0,-1
2023131294494,2023,131294494,2,9,0,18,19,1,5,0,0,0,0,0,0,0,2,1,2,2,2,56,9,1149,1,16,RENAULT CLIO,6,E01011517,0,-1
2023010483520,2023,010483520,1,9,5,1,1,1,5,0,0,1,0,0,0,0,4,1,6,6,2,60,9,1598,1,15,RENAULT CLIO,2,E01002843,0,-1
2023991285151,2023,991285151,1,9,0,18,19,6,2,0,0,4,0,7,3,11,1,1,5,6,1,63,9,999,1,1,RENAULT CLIO,-1,-1,0,-1
2023052302648,2023,052302648,1,9,0,13,13,8,4,0,0,0,1,0,1,11,3,1,2,2,1,29,6,1149,1,14,RENAULT CLIO,5,E01007161,0,-1
2023141291090,2023,141291090,1,9,0,18,19,1,5,0,0,0,2,0,0,0,3,1,5,6,2,18,4,999,1,3,RENAULT CLIO,8,E01032924,0,-1
2023010451114,2023,010451114,3,9,0,2,2,0,0,0,0,0,0,0,0,0,3,1,6,6,3,-1,-1,1390,1,17,RENAULT CLIO,-1,-1,0,-1
2023231296619,2023,231296619,1,9,0,18,19,7,3,0,0,0,0,0,0,0,1,1,2,2,1,40,7,1461,2,8,RENAULT CLIO,9,E01009666,0,-1
2023522301716,2023,522301716,2,9,0,3,3,2,6,0,0,0,0,0,0,0,2,1,6,6,2,38,7,898,1,5,RENAULT CLIO,-1,-1,0,-1
2023501341667,2023,501341667,2,9,0,18,19,7,3,0,0,0,0,0,0,0,1,1,5,6,1,18,4,898,1,7,RENAULT CLIO,9,E01031623,0,-1
2023340NN4422,2023,340NN4422,1,9,0,4,4,3,7,0,0,5,1,0,0,10,1,1,6,6,1,38,7,1390,1,17,RENAULT CLIO,9,E01027063,0,-1
2023471370941,2023,471370941,1,9,0,9,9,2,8,0,0,5,0,0,0,0,1,1,1,1,2,38,7,1149,1,17,RENAULT CLIO,3,E01020922,0,-1
2023311351819,2023,311351819,2,9,0,17,19,7,3,0,0,0,1,10,0,0,1,1,6,6,1,23,5,1149,1,18,RENAULT CLIO,-1,-1,0,-1
2023161368594,2023,161368594,1,9,0,18,19,3,7,0,0,0,0,0,0,0,1,1,6,6,1,47,8,1149,1,18,RENAULT CLIO,3,E01013233,0,-1
2023201278679,2023,201278679,1,9,0,18,19,2,6,0,0,8,0,0,0,0,3,1,6,6,2,26,6,1149,1,12,RENAULT CLIO,8,E01031042,0,-1
2023141273480,2023,141273480,2,9,0,18,19,7,3,0,0,2,0,0,0,0,1,1,3,7,2,31,6,1461,2,10,RENAULT CLIO,1,E01008098,0,-1
2023111286538,2023,111286538,1,9,0,18,19,4,8,0,0,1,0,0,0,0,1,1,6,6,1,20,4,1390,1,16,RENAULT CLIO,6,E01008740,0,-1
2023141317376,2023,141317376,1,9,0,9,9,2,1,0,0,5,0,0,0,0,4,1,5,6,2,19,4,898,1,4,RENAULT CLIO,8,E01033259,0,-1
2023201349179,2023,201349179,2,9,0,18,19,7,3,0,0,0,0,0,0,0,1,1,6,6,2,-1,-1,898,1,4,RENAULT CLIO,1,E01009203,0,-1
202354D684323,2023,54D684323,1,9,0,18,19,5,1,0,0,4,0,0,0,0,1,1,6,6,2,61,9,1598,8,0,RENAULT CLIO,8,E01032088,0,-1
2023061375747,2023,061375747,3,9,0,18,19,5,1,0,0,0,0,0,0,0,1,1,6,6,2,30,6,898,1,7,RENAULT CLIO,5,E01005347,0,-1
2023421284879,2023,421284879,1,9,0,18,19,1,5,0,0,0,0,0,0,0,3,1,6,6,1,33,6,898,1,7,RENAULT CLIO,10,E01021626,0,-1
2023461375606,2023,461375606,2,9,0,4,4,7,3,0,0,0,0,0,0,0,2,1,6,6,1,20,4,1149,1,12,RENAULT CLIO,8,E01016094,0,-1
2023320678476,2023,320678476,3,9,0,18,19,8,4,0,0,0,0,0,0,0,1,1,6,6,2,23,5,1461,2,9,RENAULT CLIO,6,E01028037,0,-1
2023430294248,2023,430294248,3,9,0,10,10,7,5,0,0,1,0,0,0,0,3,1,6,6,2,41,7,1149,1,12,RENAULT CLIO,9,E01016272,0,-1
2023411277401,2023,411277401,2,9,0,18,19,8,6,0,0,8,0,0,0,0,1,1,6,6,1,33,6,1598,1,12,RENAULT CLIO,10,E01023567,0,-1
2023201410016,2023,201410016,1,9,0,5,5,6,3,0,0,6,0,0,0,0,3,1,6,6,2,30,6,1330,1,4,RENAULT CLIO,5,E01009765,0,-1
2023545702723,2023,545702723,1,9,0,5,5,5,1,0,0,6,0,0,0,0,4,1,6,6,1,74,10,1461,2,19,RENAULT CLIO,9,E01031958,0,-1
2023440060044,2023,440060044,2,9,0,18,19,6,2,0,0,0,0,0,0,0,1,1,2,2,1,18,4,1149,1,16,RENAULT CLIO,6,E01032798,0,-1
2023501383055,2023,501383055,4,9,0,3,3,1,5,0,0,2,0,0,0,0,2,1,6,6,1,31,6,1149,1,15,RENAULT CLIO,3,E01020022,0,-1
2023552300970,2023,552300970,2,9,0,2,2,0,0,0,0,0,0,0,0,0,1,1,6,6,3,-1,-1,1149,1,18,RENAULT CLIO,-1,-1,0,-1
2023531273124,2023,531273124,1,9,0,18,19,4,8,0,0,0,0,4,0,0,1,1,5,6,2,50,8,1149,1,9,RENAULT CLIO,5,E01032198,0,-1
2023991324806,2023,991324806,2,9,0,18,19,2,6,0,0,1,0,0,0,0,1,1,5,6,2,37,7,898,1,8,RENAULT CLIO,4,-1,0,-1
2023311342065,2023,311342065,2,9,0,10,10,5,1,0,0,1,0,0,0,0,2,1,5,6,2,46,8,898,1,7,RENAULT CLIO,4,E01013939,0,-1
2023440452173,2023,440452173,2,9,0,9,9,4,2,0,0,5,0,0,0,0,0,1,6,6,1,32,6,898,1,5,RENAULT CLIO,4,E01022552,0,-1
2023631328406,2023,631328406,1,9,0,18,19,4,8,0,0,0,2,0,2,10,1,1,5,6,2,18,4,1149,1,13,RENAULT CLIO,3,W01001902,0,-1
2023361269230,2023,361269230,1,9,0,17,19,4,7,0,0,0,1,0,7,4,4,1,5,6,1,23,5,1149,1,18,RENAULT CLIO,3,E01026756,0,-1
2023041379616,2023,041379616,1,9,0,18,19,3,7,0,0,2,0,0,0,0,4,1,2,2,2,61,9,1149,1,9,RENAULT CLIO,5,E01025427,0,-1
2023552301409,2023,552301409,1,9,0,5,5,2,8,0,0,6,0,0,0,0,1,1,2,2,1,33,6,1149,1,15,RENAULT CLIO,3,E01015442,0,-1
2023991306514,2023,991306514,1,9,0,18,19,3,7,0,0,0,0,0,0,0,1,1,5,6,2,17,4,1149,1,16,RENAULT CLIO,-1,-1,0,-1
2023041282854,2023,041282854,1,9,0,9,9,3,7,0,0,6,0,0,0,0,1,1,5,6,1,67,10,1149,1,7,RENAULT CLIO,1,E01012724,0,-1
2023010449189,2023,010449189,1,9,0,99,99,9,9,99,99,9,9,99,9,99,1,9,6,6,2,28,6,1149,1,14,RENAULT CLIO,4,E01003230,0,-1
2023231275690,2023,231275690,1,9,0,18,19,3,7,0,0,8,0,0,0,0,1,1,2,2,2,19,4,898,1,4,RENAULT CLIO,1,E01010238,0,-1
2023547036023,2023,547036023,2,9,0,4,4,3,7,0,0,0,0,0,0,0,2,1,2,2,2,48,8,1461,2,15,RENAULT CLIO,8,E01015472,0,-1