collision_index,collision_year,collision_ref_no,vehicle_reference,vehicle_type,towing_and_articulation,vehicle_manoeuvre_historic,vehicle_manoeuvre,vehicle_direction_from,vehicle_direction_to,vehicle_location_restricted_lane_historic,vehicle_location_restricted_lane,junction_location,skidding_and_overturning,hit_object_in_carriageway,vehicle_leaving_carriageway,hit_object_off_carriageway,first_point_of_impact,vehicle_left_hand_drive,journey_purpose_of_driver_historic,journey_purpose_of_driver,sex_of_driver,age_of_driver,age_band_of_driver,engine_capacity_cc,propulsion_code,age_of_vehicle,generic_make_model,driver_imd_decile,lsoa_of_driver,escooter_flag,driver_distance_banding
2023010455161,2023,010455161,1,9,0,18,19,1,5,0,0,1,0,0,0,0,1,1,6,6,2,35,6,1149,1,10,RENAULT CLIO,2,E01004746,0,-1
2023451272931,2023,451272931,1,9,0,3,3,1,5,0,0,0,0,0,0,0,2,1,6,6,2,47,8,1461,2,8,RENAULT CLIO,10,E01016524,0,-1
2023461354376,2023,461354376,1,9,0,18,19,7,4,0,0,2,2,11,0,0,1,1,6,6,2,56,9,1149,1,13,RENAULT CLIO,2,E01024214,0,-1
2023340WN5152,2023,340WN5152,1,9,0,16,19,1,5,0,0,0,5,4,7,0,1,1,6,6,2,25,5,1149,1,16,RENAULT CLIO,10,E01027266,0,-1
2023201377080,2023,201377080,1,9,0,5,5,2,6,0,0,0,0,0,0,0,2,1,6,6,2,-1,-1,1390,1,16,RENAULT CLIO,1,E01010524,0,-1
2023501303455,2023,501303455,1,9,0,18,19,7,6,0,0,0,0,0,8,0,1,1,2,2,1,20,4,1149,1,9,RENAULT CLIO,1,E01015152,0,-1
2023430572399,2023,430572399,1,9,0,7,7,4,6,0,0,6,1,0,0,0,3,1,3,7,2,40,7,1149,1,12,RENAULT CLIO,5,E01016461,0,-1
2023371364403,2023,371364403,1,9,0,5,5,7,3,0,0,8,0,0,0,0,4,1,5,6,1,18,4,1149,1,15,RENAULT CLIO,10,E01030179,0,-1
2023311276841,2023,311276841,1,9,0,9,9,8,6,0,0,6,0,0,0,0,3,1,6,6,2,24,5,1149,1,9,RENAULT CLIO,-1,-1,0,-1
202360A014514,2023,60A014514,2,9,0,3,3,6,2,0,0,2,0,0,0,0,2,1,6,6,2,40,7,1461,2,12,RENAULT CLIO,-1,-1,0,-1
2023302300792,2023,302300792,1,9,0,9,9,6,4,0,0,6,0,0,0,0,3,1,6,6,1,66,10,1390,1,18,RENAULT CLIO,4,E01019450,0,-1
2023411391322,2023,411391322,2,9,0,17,19,7,1,0,0,4,0,0,0,0,1,1,5,6,1,49,8,1149,1,16,RENAULT CLIO,9,E01002537,0,-1
2023041277970,2023,041277970,2,9,0,3,3,5,1,0,0,0,0,0,0,0,2,1,2,2,1,26,6,999,1,3,RENAULT CLIO,3,E01006073,0,-1
2023201384494,2023,201384494,2,9,0,5,5,6,2,0,0,1,0,0,0,0,4,1,6,6,1,34,6,1461,2,9,RENAULT CLIO,1,E01010423,0,-1
2023201453259,2023,201453259,1,9,0,18,19,7,3,0,0,8,0,0,0,0,1,1,2,2,2,60,9,1461,2,7,RENAULT CLIO,1,E01009259,0,-1
2023991365227,2023,991365227,2,9,0,18,19,1,5,0,0,1,0,0,0,0,3,1,5,6,2,30,6,1461,2,4,RENAULT CLIO,8,-1,0,-1
2023501337673,2023,501337673,2,9,0,9,9,3,1,0,0,1,0,0,0,0,3,1,5,6,2,32,6,1461,2,9,RENAULT CLIO,-1,-1,0,-1
2023161394255,2023,161394255,1,9,0,9,9,1,6,0,0,8,0,0,0,0,4,1,5,6,2,19,4,899,1,9,RENAULT CLIO,5,E01020812,0,-1
2023052400046,2023,052400046,2,9,0,18,19,1,3,0,0,1,0,0,0,0,1,1,6,6,2,54,8,1461,2,17,RENAULT CLIO,2,E01006428,0,-1
2023631359459,2023,631359459,1,9,0,17,19,5,1,0,0,0,1,10,0,0,1,1,5,6,1,17,4,1461,2,13,RENAULT CLIO,7,W01000731,0,-1
2023201380466,2023,201380466,2,9,0,18,19,6,2,0,0,8,0,0,0,0,3,1,5,6,1,26,6,1149,1,8,RENAULT CLIO,1,E01033647,0,-1
2023201288833,2023,201288833,2,9,0,7,7,1,3,0,0,4,0,0,0,0,2,1,6,6,3,39,7,1461,2,7,RENAULT CLIO,1,E01009889,0,-1
2023071087136,2023,071087136,1,9,0,17,19,1,5,0,0,0,1,0,0,0,2,1,1,1,1,20,4,1149,1,12,RENAULT CLIO,-1,-1,0,-1
2023546639523,2023,546639523,1,9,0,18,19,3,7,0,0,8,0,0,7,11,1,1,6,6,1,17,4,1149,1,25,RENAULT CLIO,8,E01031900,0,-1
2023101307626,2023,101307626,1,9,0,4,4,3,7,0,0,0,0,0,0,0,2,1,3,7,2,31,6,898,1,7,RENAULT CLIO,5,E01008306,0,-1
2023522300498,2023,522300498,2,9,0,3,3,6,2,0,0,0,0,0,0,0,2,1,6,6,2,35,6,1461,2,7,RENAULT CLIO,3,E01029117,0,-1
2023361290619,2023,361290619,2,9,0,3,3,7,3,0,0,0,0,0,0,0,2,1,6,6,2,26,6,1149,1,9,RENAULT CLIO,-1,-1,0,-1
2023541816123,2023,541816123,1,9,0,9,9,1,6,0,0,5,0,0,0,0,1,1,6,6,1,29,6,1598,1,17,RENAULT CLIO,2,E01015367,0,-1
2023031311989,2023,031311989,1,9,0,16,19,7,3,0,0,0,5,0,1,0,1,1,5,6,2,17,4,1149,1,15,RENAULT CLIO,7,E01019387,0,-1
2023531337272,2023,531337272,2,9,0,4,4,1,5,0,0,0,0,0,0,0,2,1,5,6,1,58,9,999,1,0,RENAULT CLIO,6,E01022232,0,-1
2023010458839,2023,010458839,2,9,9,99,99,9,9,99,99,9,9,99,9,99,9,9,6,6,3,-1,-1,1149,1,22,RENAULT CLIO,-1,-1,0,-1
202360A108415,2023,60A108415,1,9,0,17,19,6,2,0,0,0,1,0,1,0,2,1,6,6,2,70,10,1149,1,12,RENAULT CLIO,-1,-1,0,-1
2023010458417,2023,010458417,1,9,0,5,5,7,3,0,0,0,0,0,0,0,0,1,6,6,2,37,7,1598,1,13,RENAULT CLIO,3,E01003725,0,-1
2023501342782,2023,501342782,1,9,0,18,19,3,1,0,0,8,0,0,0,0,3,1,5,6,1,42,7,1461,2,12,RENAULT CLIO,7,E01015038,0,-1
2023401319383,2023,401319383,1,9,0,9,9,5,1,0,0,0,2,0,7,9,1,1,2,2,1,17,4,1149,1,18,RENAULT CLIO,5,E01017418,0,-1
2023010477473,2023,010477473,1,9,0,18,19,3,7,9,9,1,0,0,1,11,1,1,6,6,1,41,7,1149,1,20,RENAULT CLIO,6,E01003852,0,-1
2023141269415,2023,141269415,1,9,0,18,19,6,2,0,0,0,0,0,0,0,1,1,5,6,2,36,7,1461,2,14,RENAULT CLIO,5,E01026070,0,-1
2023421309104,2023,421309104,1,9,0,1,1,1,5,0,0,0,0,0,0,0,2,1,6,6,2,54,8,1598,1,16,RENAULT CLIO,3,E01021289,0,-1
2023231367153,2023,231367153,1,9,0,18,19,2,6,0,0,1,0,0,0,0,4,1,4,7,1,18,4,1149,1,12,RENAULT CLIO,10,E01032895,0,-1
2023161366698,2023,161366698,1,9,0,18,19,7,5,0,0,0,0,0,0,0,3,1,6,6,1,31,6,1461,2,9,RENAULT CLIO,10,E01013067,0,-1
2023631318283,2023,631318283,2,9,0,10,10,6,4,0,0,8,0,0,0,0,4,1,6,6,1,35,6,1149,1,6,RENAULT CLIO,1,W01001924,0,-1
2023991361935,2023,991361935,2,9,0,18,19,4,8,0,0,8,0,0,0,0,1,1,5,6,2,46,8,1149,1,12,RENAULT CLIO,1,-1,0,-1
2023161318381,2023,161318381,1,9,0,5,5,5,1,0,0,8,0,0,0,0,1,1,5,6,1,64,9,1390,1,17,RENAULT CLIO,1,E01012851,0,-1
2023010478141,2023,010478141,1,9,0,99,99,9,9,99,99,9,9,99,9,99,2,9,1,1,1,36,7,1149,1,10,RENAULT CLIO,5,E01002815,0,-1
2023991281046,2023,991281046,2,9,0,18,19,7,3,0,0,0,2,0,1,0,2,1,3,7,2,56,9,1149,1,13,RENAULT CLIO,2,-1,0,-1
2023501337684,2023,501337684,2,9,4,16,19,3,6,0,0,0,1,10,0,0,1,1,6,6,1,18,4,1461,2,13,RENAULT CLIO,7,E01018934,0,-1
2023111301865,2023,111301865,2,9,0,7,7,2,6,0,0,1,0,0,0,0,0,1,6,6,2,55,8,1149,1,16,RENAULT CLIO,7,E01020684,0,-1
2023010431329,2023,010431329,1,9,0,18,19,3,7,0,0,0,1,0,0,0,1,1,6,6,2,21,5,899,1,9,RENAULT CLIO,8,E01002252,0,-1
2023440331359,2023,440331359,2,9,0,18,19,4,8,0,0,0,0,0,7,0,3,1,6,6,2,53,8,1461,2,9,RENAULT CLIO,10,E01030917,0,-1
2023201438161,2023,201438161,1,9,0,18,19,2,6,0,0,6,0,10,1,0,1,1,2,2,2,18,4,1149,1,11,RENAULT CLIO,7,E01010024,0,-1
2023501317527,2023,501317527,1,9,0,18,19,7,3,0,0,0,1,10,8,3,3,1,5,6,1,22,5,1149,1,19,RENAULT CLIO,4,E01018968,0,-1
2023010443240,2023,010443240,2,9,0,99,99,9,9,99,99,9,9,99,9,99,1,9,6,6,3,-1,-1,1149,1,10,RENAULT CLIO,-1,-1,0,-1
2023421272568,2023,421272568,2,9,0,18,19,3,7,6,6,8,0,0,7,0,1,1,5,6,2,28,6,1149,1,12,RENAULT CLIO,9,E01021560,0,-1
2023101350975,2023,101350975,3,9,0,4,4,7,3,0,0,0,0,0,7,0,2,1,1,1,1,60,9,899,1,10,RENAULT CLIO,1,E01008391,0,-1
2023340NN2802,2023,340NN2802,2,9,0,18,19,1,5,0,0,1,0,0,1,0,1,1,1,1,1,36,7,1149,1,11,RENAULT CLIO,6,E01027119,0,-1
2023461333645,2023,461333645,2,9,0,16,19,5,1,0,0,0,0,0,0,0,1,1,6,6,2,19,4,999,1,3,RENAULT CLIO,9,E01002391,0,-1
2023522400502,2023,522400502,1,9,0,18,19,7,3,0,0,0,0,7,0,0,1,1,6,6,1,37,7,1149,1,19,RENAULT CLIO,2,E01014977,0,-1
2023041391850,2023,041391850,1,9,0,18,19,1,1,0,0,0,0,0,0,0,1,1,5,6,1,26,6,1149,1,10,RENAULT CLIO,5,E01025201,0,-1
2023131261279,2023,131261279,1,9,0,9,9,7,3,0,0,1,5,0,0,0,3,1,2,2,2,21,5,1149,1,8,RENAULT CLIO,10,E01011461,0,-1
2023111364839,2023,111364839,1,9,0,13,13,5,1,0,0,0,1,0,0,0,4,1,6,6,2,32,6,898,1,4,RENAULT CLIO,9,E01020666,0,-1
2023052301194,2023,052301194,2,9,0,18,19,7,3,0,0,1,0,0,0,0,4,1,2,2,2,30,6,1461,2,8,RENAULT CLIO,6,E01007163,0,-1
2023070755289,2023,070755289,1,9,0,9,9,1,5,0,0,1,0,0,0,0,3,1,2,2,2,36,7,898,1,6,RENAULT CLIO,9,E01012376,0,-1
2023552300529,2023,552300529,1,9,0,18,19,3,7,0,0,6,0,0,0,0,1,1,6,6,1,19,4,1461,2,8,RENAULT CLIO,7,E01029250,0,-1
2023451375018,2023,451375018,2,9,0,18,19,1,3,0,0,0,0,0,0,0,3,1,6,6,1,60,9,1330,1,4,RENAULT CLIO,-1,-1,0,-1
2023010442115,2023,010442115,2,9,0,18,19,7,3,0,0,8,5,0,0,0,4,1,6,6,1,45,7,1461,2,19,RENAULT CLIO,7,E01030410,0,-1
2023351287532,2023,351287532,1,9,-1,-1,-1,-1,-1,-1,-1,-1,-1,-1,-1,0,-1,1,2,2,2,39,7,1149,1,9,RENAULT CLIO,2,E01015673,0,-1
2023201314897,2023,201314897,2,9,0,18,19,6,2,0,0,8,0,0,0,0,1,1,6,6,2,35,6,1461,2,12,RENAULT CLIO,4,E01009035,0,-1
2023501281480,2023,501281480,3,9,0,2,2,0,0,0,0,0,0,0,0,0,1,1,6,6,3,-1,-1,1149,1,9,RENAULT CLIO,-1,-1,0,-1
2023052301065,2023,052301065,1,9,0,18,19,3,1,0,0,1,0,0,0,0,1,1,6,6,2,42,7,1149,1,7,RENAULT CLIO,1,E01006736,0,-1
2023302301945,2023,302301945,1,9,0,4,4,8,4,0,0,1,0,0,0,0,2,1,1,1,2,33,6,898,1,7,RENAULT CLIO,9,E01033531,0,-1
2023131334501,2023,131334501,2,9,0,9,9,7,3,0,0,8,0,0,0,0,1,1,5,6,1,30,6,1149,1,11,RENAULT CLIO,5,E01011065,0,-1
2023101319315,2023,101319315,2,9,0,3,3,3,7,0,0,0,0,0,0,0,2,1,5,6,1,21,5,1149,1,18,RENAULT CLIO,1,E01008703,0,-1
2023522301688,2023,522301688,2,9,0,2,2,0,0,0,0,0,0,0,0,0,2,1,6,6,2,42,7,999,1,2,RENAULT CLIO,10,E01014617,0,-1
2023061339724,2023,061339724,2,9,0,2,2,0,0,0,0,1,0,0,0,0,4,1,5,6,1,33,6,1618,1,10,RENAULT CLIO,-1,-1,0,-1
2023010484330,2023,010484330,1,9,0,17,19,1,5,0,0,0,0,0,0,0,2,1,6,6,1,17,4,1149,1,14,RENAULT CLIO,4,E01000780,0,-1
2023440220612,2023,440220612,2,9,0,18,19,3,7,0,0,0,0,0,0,0,1,1,6,6,2,19,4,1149,1,21,RENAULT CLIO,-1,-1,0,-1
2023451348980,2023,451348980,2,9,0,9,9,1,5,0,0,4,0,0,0,0,1,1,5,6,2,24,5,1461,2,9,RENAULT CLIO,3,E01031569,0,-1
2023991333694,2023,991333694,1,9,0,5,5,1,5,0,0,8,0,0,0,0,4,1,5,6,1,65,9,1390,1,16,RENAULT CLIO,6,-1,0,-1
2023991333886,2023,991333886,2,9,0,18,19,6,2,0,0,0,0,0,0,0,1,1,6,6,1,28,6,1598,8,0,RENAULT CLIO,1,-1,0,-1
2023520400063,2023,520400063,1,9,0,3,3,4,6,0,0,8,0,0,0,0,2,1,6,6,2,22,5,1149,1,18,RENAULT CLIO,8,E01032095,0,-1
2023520400124,2023,520400124,1,9,0,17,19,1,5,0,0,0,0,0,0,0,0,1,6,6,1,33,6,1149,1,20,RENAULT CLIO,7,E01029189,0,-1
2023010471801,2023,010471801,1,9,0,18,19,7,3,0,0,8,9,0,0,0,2,9,6,6,1,18,4,1149,1,13,RENAULT CLIO,2,E01004089,0,-1
2023320545315,2023,320545315,3,9,0,18,19,2,6,0,0,0,0,0,0,0,2,1,6,6,2,48,8,1461,2,9,RENAULT CLIO,1,E01019808,0,-1
2023170S12043,2023,170S12043,2,9,0,7,7,8,2,0,0,1,0,0,0,0,0,1,6,6,2,74,10,999,1,0,RENAULT CLIO,9,E01012224,0,-1
2023421374149,2023,421374149,1,9,0,18,19,6,6,6,6,0,5,7,7,0,1,1,5,6,1,19,4,1149,1,26,RENAULT CLIO,9,E01021479,0,-1
2023351394197,2023,351394197,1,9,0,3,3,3,7,0,0,0,0,0,0,0,1,1,1,1,2,18,4,1149,1,8,RENAULT CLIO,6,E01018098,0,-1
202360A005060,2023,60A005060,2,9,0,3,3,7,3,0,0,0,0,0,0,0,2,1,6,6,1,40,7,1149,1,14,RENAULT CLIO,-1,-1,0,-1
2023461349928,2023,461349928,1,9,0,17,19,3,8,0,0,0,0,0,8,10,1,1,5,6,1,17,4,1149,1,16,RENAULT CLIO,6,E01024425,0,-1
2023552301291,2023,552301291,1,9,0,9,9,6,4,0,0,8,0,0,0,0,1,1,6,6,1,60,9,1149,1,10,RENAULT CLIO,4,E01020551,0,-1
2023301264035,2023,301264035,2,9,0,4,4,8,4,0,0,0,0,0,0,0,2,1,6,6,2,28,6,1149,1,6,RENAULT CLIO,9,E01025951,0,-1
2023471302075,2023,471302075,1,9,0,4,4,8,4,0,0,0,1,0,1,0,3,1,5,6,1,20,4,1149,1,22,RENAULT CLIO,3,E01020996,0,-1
2023501310746,2023,501310746,1,9,0,18,19,3,7,0,0,8,1,0,0,0,1,1,5,6,1,55,8,1461,2,6,RENAULT CLIO,6,E01024340,0,-1
2023131332293,2023,131332293,1,9,0,15,15,2,6,0,0,0,0,4,0,0,1,1,2,2,2,53,8,1149,1,13,RENAULT CLIO,9,E01011278,0,-1
2023471305994,2023,471305994,2,9,0,18,19,1,5,0,0,0,0,0,0,0,1,1,6,6,2,19,4,1390,1,17,RENAULT CLIO,9,E01031612,0,-1
2023430137804,2023,430137804,2,9,0,2,2,0,0,0,0,0,0,0,0,0,3,1,6,6,1,41,7,1461,2,8,RENAULT CLIO,6,E01019082,0,-1
2023041273922,2023,041273922,1,9,0,18,19,5,1,0,0,0,5,10,1,10,4,1,5,6,2,35,6,1149,1,11,RENAULT CLIO,3,E01024931,0,-1
2023471337958,2023,471337958,2,9,0,18,19,3,7,0,0,0,0,0,1,0,1,1,1,1,1,39,7,1149,1,24,RENAULT CLIO,8,E01021180,0,-1
2023332300103,2023,332300103,2,9,0,9,9,4,2,0,0,6,0,0,0,0,3,1,6,6,2,47,8,1149,1,24,RENAULT CLIO,2,E01013716,0,-1
2023471327594,2023,471327594,2,9,0,18,19,1,4,0,0,1,1,0,7,11,1,1,5,6,1,21,5,899,1,9,RENAULT CLIO,7,E01021222,0,-1
2023201372076,2023,201372076,1,9,0,12,12,2,6,0,0,8,0,0,0,0,1,1,5,6,2,18,4,898,1,5,RENAULT CLIO,3,E01009777,0,-1
2023131329806,2023,131329806,1,9,0,18,19,1,1,0,0,0,0,0,1,11,1,1,5,6,2,20,4,1149,1,13,RENAULT CLIO,2,E01010979,0,-1
2023552301277,2023,552301277,1,9,0,18,19,4,8,0,0,0,0,0,1,4,1,1,6,6,1,20,4,1149,1,15,RENAULT CLIO,7,E01032641,0,-1
2023211383965,2023,211383965,3,9,0,18,19,8,5,0,0,0,0,0,0,0,4,1,5,6,2,22,5,1461,2,9,RENAULT CLIO,9,E01025877,0,-1
2023461356773,2023,461356773,3,9,0,2,2,0,0,0,0,0,0,0,0,0,1,1,6,6,1,-1,-1,1998,1,21,RENAULT CLIO,1,E01024215,0,-1
2023421303114,2023,421303114,1,9,0,18,19,8,4,0,0,1,5,7,1,10,1,1,5,6,2,35,6,1149,1,14,RENAULT CLIO,5,E01023293,0,-1
2023052301437,2023,052301437,3,9,0,2,2,0,0,0,0,0,0,0,0,0,3,1,6,6,3,-1,-1,1461,2,9,RENAULT CLIO,-1,-1,0,-1
2023311269151,2023,311269151,1,9,0,9,9,7,5,0,0,2,0,0,0,0,1,1,2,2,1,24,5,898,1,7,RENAULT CLIO,9,E01028061,0,-1
2023461273013,2023,461273013,1,9,0,18,19,1,5,0,0,0,1,11,0,0,1,1,5,6,2,19,4,1149,1,11,RENAULT CLIO,3,E01024583,0,-1
2023010447636,2023,010447636,1,9,0,4,4,3,7,0,0,0,5,4,0,0,3,1,6,6,1,22,5,1149,1,12,RENAULT CLIO,6,E01002006,0,-1
2023041326920,2023,041326920,1,9,0,18,19,7,3,0,0,1,0,0,0,0,4,1,6,6,2,45,7,1461,2,7,RENAULT CLIO,4,E01025267,0,-1
2023471299429,2023,471299429,1,9,0,13,13,7,3,0,0,1,0,0,0,0,1,1,5,6,1,17,4,1149,1,16,RENAULT CLIO,10,E01022624,0,-1
2023451370433,2023,451370433,3,9,0,18,19,3,7,0,0,1,0,0,0,0,1,1,5,6,1,25,5,1149,1,16,RENAULT CLIO,9,E01030760,0,-1
2023211277293,2023,211277293,1,9,0,18,19,4,8,0,0,1,0,0,0,0,4,1,6,6,3,-1,-1,1461,2,9,RENAULT CLIO,-1,-1,0,-1
2023161379764,2023,161379764,1,9,0,18,19,3,7,0,0,1,0,0,0,0,1,1,5,6,2,49,8,899,1,10,RENAULT CLIO,4,E01012828,0,-1
2023101316540,2023,101316540,2,9,0,3,3,6,1,0,0,8,0,0,0,0,2,1,6,6,2,23,5,1461,2,7,RENAULT CLIO,8,E01008538,0,-1
2023340WN7042,2023,340WN7042,2,9,0,4,4,1,5,0,0,0,0,0,0,0,2,1,6,6,2,43,7,1461,2,7,RENAULT CLIO,-1,-1,0,-1
2023461323190,2023,461323190,1,9,0,18,19,8,4,0,0,0,0,0,0,0,1,1,5,6,2,23,5,1149,1,12,RENAULT CLIO,7,E01024316,0,-1
2023101287609,2023,101287609,1,9,0,18,19,3,7,0,0,8,0,0,0,0,1,1,6,6,2,24,5,899,1,10,RENAULT CLIO,7,E01008465,0,-1
2023361284336,2023,361284336,2,9,0,12,12,7,3,0,0,4,0,0,0,0,3,1,5,6,1,33,6,1149,1,15,RENAULT CLIO,4,E01026628,0,-1
2023122400010,2023,122400010,1,9,0,4,4,3,7,0,0,1,0,0,0,0,3,1,6,6,1,66,10,1461,2,16,RENAULT CLIO,6,E01027601,0,-1
2023501317787,2023,501317787,2,9,0,18,19,6,2,0,0,0,0,0,0,0,1,1,5,6,1,19,4,1461,2,13,RENAULT CLIO,5,E01018912,0,-1
2023010476545,2023,010476545,1,9,0,99,99,9,9,99,99,9,9,99,9,99,9,9,6,6,1,36,7,1149,1,15,RENAULT CLIO,3,E01004568,0,-1
2023221363594,2023,221363594,2,9,0,18,19,4,8,0,0,8,0,0,7,0,1,1,5,6,1,18,4,1149,1,14,RENAULT CLIO,5,E01032193,0,-1
2023211297221,2023,211297221,2,9,0,7,7,7,3,0,0,0,0,0,0,0,1,1,2,2,1,29,6,898,1,4,RENAULT CLIO,-1,-1,0,-1
2023061274777,2023,061274777,1,9,0,18,19,5,1,0,0,1,0,0,0,0,4,1,6,6,1,58,9,1149,1,10,RENAULT CLIO,10,E01006347,0,-1
2023520400078,2023,520400078,1,9,0,18,19,5,1,0,0,0,0,0,0,0,1,1,6,6,1,17,4,1149,1,16,RENAULT CLIO,8,E01029089,0,-1
2023161368206,2023,161368206,2,9,0,4,4,5,1,0,0,0,0,0,0,0,2,1,5,6,1,47,8,1461,2,17,RENAULT CLIO,10,E01012925,0,-1
2023520301295,2023,520301295,1,9,0,18,19,4,1,0,0,8,0,0,0,0,1,1,6,6,2,25,5,1149,1,19,RENAULT CLIO,9,E01031995,0,-1
2023440530876,2023,440530876,1,9,0,9,9,8,6,0,0,6,0,0,0,0,3,1,6,6,2,29,6,1461,2,11,RENAULT CLIO,10,E01023266,0,-1
2023122300999,2023,122300999,2,9,0,18,19,7,3,0,0,0,0,0,0,0,3,1,6,6,2,54,8,1149,1,14,RENAULT CLIO,6,E01027569,0,-1
2023041293443,2023,041293443,1,9,0,18,19,-1,-1,0,0,1,0,0,0,0,-1,1,6,6,3,-1,-1,899,1,9,RENAULT CLIO,-1,-1,0,-1
2023320093361,2023,320093361,1,9,0,18,19,6,2,0,0,1,0,0,0,0,1,1,1,1,2,27,6,1461,2,17,RENAULT CLIO,9,E01026231,0,-1
2023031270605,2023,031270605,1,9,0,9,9,1,5,0,0,0,0,0,7,9,3,1,6,6,2,26,6,1461,2,8,RENAULT CLIO,3,E01019215,0,-1
2023052300852,2023,052300852,2,9,0,2,2,0,0,0,0,0,0,0,0,0,3,1,6,6,3,-1,-1,1149,1,12,RENAULT CLIO,-1,-1,0,-1
2023421340417,2023,421340417,1,9,0,18,19,3,7,0,0,0,0,0,0,0,1,1,5,6,1,40,7,1461,2,12,RENAULT CLIO,5,E01021720,0,-1
2023440228013,2023,440228013,2,9,0,18,19,3,7,0,0,0,0,0,0,0,1,1,2,2,1,52,8,1390,1,21,RENAULT CLIO,8,E01016339,0,-1
2023332301143,2023,332301143,2,9,0,18,19,6,2,0,0,8,0,0,0,0,1,1,2,2,1,22,5,898,1,7,RENAULT CLIO,5,E01019883,0,-1
2023211289614,2023,211289614,2,9,0,18,19,4,8,-1,-1,-1,-1,-1,-1,0,-1,1,6,6,2,30,6,1461,2,7,RENAULT CLIO,-1,-1,0,-1
202360A089433,2023,60A089433,1,9,0,16,19,1,5,0,0,0,1,7,7,11,1,1,6,6,2,23,5,1149,1,14,RENAULT CLIO,-1,-1,0,-1
2023501311922,2023,501311922,3,9,0,17,19,1,5,0,0,0,0,0,0,0,1,1,5,6,1,17,4,1149,1,13,RENAULT CLIO,2,E01020113,0,-1
2023320686380,2023,320686380,1,9,0,18,19,4,8,0,0,2,0,0,0,0,1,1,6,6,1,65,9,1461,2,15,RENAULT CLIO,-1,-1,0,-1
2023361339996,2023,361339996,1,9,0,18,19,1,5,0,0,8,0,0,0,0,1,1,4,7,1,22,5,899,1,9,RENAULT CLIO,5,E01026501,0,-1
2023371370166,2023,371370166,2,9,0,18,19,8,3,0,0,7,0,0,0,0,2,1,2,2,2,28,6,999,1,3,RENAULT CLIO,7,E01021978,0,-1
202360A188039,2023,60A188039,1,9,0,13,13,3,7,0,0,0,1,0,0,0,2,1,6,6,2,77,11,899,1,9,RENAULT CLIO,-1,-1,0,-1
2023531352076,2023,531352076,1,9,0,18,19,5,1,0,0,0,1,0,7,0,2,1,1,1,2,62,9,1149,1,13,RENAULT CLIO,9,E01022100,0,-1
2023041335531,2023,041335531,1,9,0,18,19,5,1,0,0,1,5,0,0,0,1,1,2,2,2,32,6,1390,1,17,RENAULT CLIO,8,E01005016,0,-1
2023461262082,2023,461262082,1,9,0,9,9,5,3,0,0,8,0,0,0,0,3,1,1,1,1,60,9,1461,2,13,RENAULT CLIO,8,E01024652,0,-1
2023201287018,2023,201287018,1,9,0,18,19,6,8,0,0,4,0,0,0,0,1,1,6,6,2,28,6,1598,1,17,RENAULT CLIO,1,E01009577,0,-1
2023501280312,2023,501280312,1,9,0,16,19,3,1,0,0,1,0,10,7,11,3,1,5,6,1,18,4,1149,1,16,RENAULT CLIO,6,E01018852,0,-1
2023101298615,2023,101298615,1,9,0,8,8,7,3,0,0,1,0,0,0,0,2,1,6,6,1,31,6,999,1,4,RENAULT CLIO,7,E01008856,0,-1
2023471264639,2023,471264639,2,9,0,18,19,6,2,0,0,0,1,0,1,4,1,1,5,6,2,33,6,899,1,8,RENAULT CLIO,4,E01016925,0,-1
2023501392567,2023,501392567,1,9,0,18,19,5,1,0,0,0,5,0,1,0,1,1,6,6,2,20,4,1390,1,20,RENAULT CLIO,-1,-1,0,-1
2023552301305,2023,552301305,1,9,0,17,19,8,6,0,0,0,5,0,1,0,1,1,6,6,1,18,4,1149,1,14,RENAULT CLIO,6,E01020439,0,-1
2023340WN0232,2023,340WN0232,1,8,0,3,3,7,3,0,0,1,0,0,0,0,2,1,6,6,2,-1,-1,899,1,8,-1,-1,-1,0,-1
2023351339685,2023,351339685,1,9,0,4,4,-1,-1,0,0,0,0,0,0,0,1,1,6,6,3,-1,-1,1461,2,8,RENAULT CLIO,-1,-1,0,-1
2023302300713,2023,302300713,2,9,0,18,19,6,2,0,0,0,0,0,0,0,1,1,6,6,1,18,4,1149,1,9,RENAULT CLIO,9,E01019758,0,-1
2023991340370,2023,991340370,2,9,0,9,9,5,3,0,0,8,0,0,0,0,3,1,5,6,2,46,8,1149,1,9,RENAULT CLIO,4,-1,0,-1
2023311312944,2023,311312944,3,9,0,7,7,1,5,0,0,0,0,0,0,0,4,1,2,2,2,56,9,899,1,9,RENAULT CLIO,1,E01013962,0,-1
2023991387436,2023,991387436,1,9,0,7,7,7,5,0,0,4,0,0,0,0,1,1,5,6,1,24,5,1149,1,6,RENAULT CLIO,10,-1,0,-1
2023161285483,2023,161285483,2,9,0,18,19,8,4,0,0,0,1,0,7,0,1,1,3,7,2,30,6,1149,1,10,RENAULT CLIO,-1,-1,0,-1
2023332301021,2023,332301021,2,9,0,9,9,1,6,0,0,6,0,0,0,0,1,1,6,6,2,74,10,999,1,3,RENAULT CLIO,10,E01025614,0,-1