collision_index,collision_year,collision_ref_no,vehicle_reference,vehicle_type,towing_and_articulation,vehicle_manoeuvre_historic,vehicle_manoeuvre,vehicle_direction_from,vehicle_direction_to,vehicle_location_restricted_lane_historic,vehicle_location_restricted_lane,junction_location,skidding_and_overturning,hit_object_in_carriageway,vehicle_leaving_carriageway,hit_object_off_carriageway,first_point_of_impact,vehicle_left_hand_drive,journey_purpose_of_driver_historic,journey_purpose_of_driver,sex_of_driver,age_of_driver,age_band_of_driver,engine_capacity_cc,propulsion_code,age_of_vehicle,generic_make_model,driver_imd_decile,lsoa_of_driver,escooter_flag,driver_distance_banding
2023991403489,2023,991403489,1,9,0,5,5,6,3,0,0,0,0,0,0,0,1,1,6,6,1,23,5,1149,1,11,RENAULT CLIO,3,-1,0,-1
2023991357411,2023,991357411,1,9,0,18,19,4,8,0,0,0,0,0,0,0,1,1,5,6,2,33,6,1598,1,15,RENAULT CLIO,3,-1,0,-1
2023501337294,2023,501337294,1,9,0,7,7,6,1,0,0,1,0,0,0,0,4,1,2,2,1,31,6,1149,1,16,RENAULT CLIO,6,E01018794,0,-1
2023131346138,2023,131346138,4,9,0,2,2,0,0,0,0,8,0,0,0,0,3,1,6,6,3,-1,-1,898,1,6,RENAULT CLIO,-1,-1,0,-1
2023010456980,2023,010456980,1,9,0,99,99,9,9,99,99,0,9,99,9,99,2,9,6,6,1,36,7,1149,1,19,RENAULT CLIO,2,E01000075,0,-1
2023401304303,2023,401304303,1,9,0,18,19,6,2,0,0,0,1,0,7,4,1,1,6,6,1,19,4,1461,2,17,RENAULT CLIO,2,E01015727,0,-1
2023451331308,2023,451331308,1,9,0,3,3,7,5,0,0,4,0,0,0,0,1,1,2,2,1,34,6,1998,1,22,RENAULT CLIO,9,E01030568,0,-1
2023451369452,2023,451369452,1,9,0,18,19,1,5,0,0,0,2,0,0,0,1,1,2,2,1,20,4,1390,1,17,RENAULT CLIO,9,E01030844,0,-1
2023010427815,2023,010427815,1,9,0,18,19,7,3,0,0,8,0,0,4,7,1,1,6,6,1,28,6,1149,1,12,RENAULT CLIO,3,E01001697,0,-1
2023070843394,2023,070843394,2,9,0,7,7,5,7,0,0,1,0,0,0,0,2,1,6,6,2,36,7,1461,2,9,RENAULT CLIO,4,E01018343,0,-1
2023471378310,2023,471378310,1,9,0,17,19,3,7,0,0,0,5,0,0,0,1,1,6,6,1,28,6,1149,1,11,RENAULT CLIO,10,E01031775,0,-1
2023622300216,2023,622300216,2,9,0,3,3,4,8,0,0,1,0,0,0,0,3,1,6,6,1,48,8,1149,1,7,RENAULT CLIO,8,W01001781,0,-1
2023111377008,2023,111377008,1,9,0,-1,-1,-1,-1,-1,-1,-1,-1,-1,-1,0,-1,1,6,6,3,30,6,1598,1,24,RENAULT CLIO,-1,-1,0,-1
2023131343035,2023,131343035,1,9,0,18,19,1,5,0,0,8,0,0,0,0,1,1,6,6,1,18,4,999,1,2,RENAULT CLIO,3,E01011064,0,-1
2023010463693,2023,010463693,2,9,0,99,99,9,9,99,99,9,9,99,9,99,1,9,6,6,3,-1,-1,1149,1,18,RENAULT CLIO,-1,-1,0,-1
2023010424610,2023,010424610,1,9,0,18,19,7,3,0,0,2,0,7,0,0,1,1,6,6,2,90,11,898,1,7,RENAULT CLIO,9,E01003801,0,-1
2023122300158,2023,122300158,1,9,0,18,19,7,3,0,0,0,0,0,0,0,3,1,6,6,1,82,11,1998,1,21,RENAULT CLIO,8,E01027631,0,-1
2023430419328,2023,430419328,1,9,0,9,9,7,5,0,0,5,0,0,0,0,4,1,6,6,1,35,6,899,1,10,RENAULT CLIO,8,E01028731,0,-1
2023131321786,2023,131321786,1,9,0,9,9,4,2,0,0,2,0,0,0,0,3,1,1,1,1,30,6,1461,2,8,RENAULT CLIO,5,E01011928,0,-1
2023401369060,2023,401369060,4,9,0,18,19,1,5,0,0,0,0,0,0,0,1,1,6,6,1,21,5,899,1,8,RENAULT CLIO,4,E01005499,0,-1
2023340WN6472,2023,340WN6472,1,9,0,9,9,1,5,0,0,6,0,0,0,0,1,1,6,6,2,32,6,1149,1,7,RENAULT CLIO,-1,-1,0,-1
2023221395125,2023,221395125,5,9,0,18,19,4,8,0,0,0,0,0,0,0,1,1,2,2,1,40,7,1461,2,6,RENAULT CLIO,9,E01033528,0,-1
2023311319346,2023,311319346,1,9,0,18,19,1,5,0,0,0,0,0,0,0,1,1,6,6,2,36,7,1461,2,12,RENAULT CLIO,-1,-1,0,-1
2023552301073,2023,552301073,1,9,0,18,19,1,5,0,0,0,5,0,8,1,0,1,6,6,1,17,4,1998,1,19,RENAULT CLIO,7,E01020498,0,-1
2023010449329,2023,010449329,3,9,0,2,2,0,0,0,0,2,0,0,0,0,1,1,6,6,3,-1,-1,1149,1,13,RENAULT CLIO,-1,-1,0,-1
2023070329482,2023,070329482,2,9,0,7,7,3,5,0,0,6,0,0,0,0,1,1,2,2,2,55,8,1598,8,1,RENAULT CLIO,6,E01018615,0,-1
2023302301705,2023,302301705,1,9,0,18,19,4,8,0,0,2,0,0,0,0,3,1,3,7,1,54,8,1461,2,19,RENAULT CLIO,6,E01019421,0,-1
2023071150320,2023,071150320,1,9,0,5,5,6,3,0,0,1,1,0,0,0,1,1,6,6,2,20,4,1149,1,10,RENAULT CLIO,4,E01018712,0,-1
2023440128104,2023,440128104,3,9,0,3,3,5,1,0,0,1,0,0,0,0,2,1,6,6,1,38,7,1149,1,21,RENAULT CLIO,9,E01023041,0,-1
2023991301921,2023,991301921,1,9,0,18,19,5,1,0,0,0,0,4,0,0,1,1,6,6,2,64,9,898,1,6,RENAULT CLIO,-1,-1,0,-1
2023991372436,2023,991372436,1,9,0,18,19,5,1,0,0,0,1,0,0,0,1,1,2,2,1,18,4,1197,1,7,RENAULT CLIO,8,-1,0,-1
2023010455075,2023,010455075,2,9,9,99,99,9,9,0,0,9,0,0,0,0,9,9,6,6,3,-1,-1,1598,1,11,RENAULT CLIO,-1,-1,0,-1
2023170M10133,2023,170M10133,1,9,0,18,19,6,2,0,0,1,0,0,0,0,1,1,6,6,2,-1,-1,1461,2,9,RENAULT CLIO,-1,-1,0,-1
2023461263481,2023,461263481,1,9,0,9,9,2,8,0,0,1,0,0,0,0,3,1,6,6,1,56,9,1149,1,10,RENAULT CLIO,5,E01024134,0,-1
2023501333276,2023,501333276,2,9,0,17,19,8,4,0,0,0,1,0,0,0,1,1,5,6,1,19,4,1149,1,12,RENAULT CLIO,5,E01019066,0,-1
2023010480045,2023,010480045,2,9,0,18,19,8,4,0,0,8,0,0,0,0,1,1,6,6,2,61,9,1330,1,3,RENAULT CLIO,6,E01001093,0,-1
2023041449926,2023,041449926,2,9,0,18,19,1,5,0,0,1,0,0,0,0,4,1,2,2,1,45,7,1461,2,8,RENAULT CLIO,2,E01024941,0,-1
2023361298450,2023,361298450,1,9,0,9,9,5,3,0,0,1,0,0,0,0,1,1,2,2,1,38,7,1149,1,18,RENAULT CLIO,-1,-1,0,-1
2023010440839,2023,010440839,2,9,0,99,99,9,9,99,99,9,9,99,9,99,1,9,6,6,3,-1,-1,898,1,7,RENAULT CLIO,-1,-1,0,-1
202354D691623,2023,54D691623,1,9,0,9,9,6,2,0,0,4,0,0,0,0,4,1,3,7,1,28,6,1149,1,14,RENAULT CLIO,10,E01015518,0,-1
2023161349893,2023,161349893,2,9,0,18,19,5,1,0,0,0,0,0,0,0,1,1,6,6,1,82,11,1149,1,14,RENAULT CLIO,3,E01013238,0,-1
2023552301528,2023,552301528,1,9,0,18,19,4,8,0,0,0,0,0,0,0,1,1,6,6,1,20,4,1149,1,15,RENAULT CLIO,6,E01023022,0,-1
2023531369112,2023,531369112,1,9,0,7,7,5,7,0,0,0,1,0,7,9,1,1,6,6,1,18,4,1149,1,13,RENAULT CLIO,8,E01032071,0,-1
2023332300042,2023,332300042,1,9,0,7,7,1,3,0,0,4,0,0,0,0,1,1,2,2,1,47,8,1149,1,16,RENAULT CLIO,4,E01013618,0,-1
2023221323868,2023,221323868,1,9,0,18,19,7,3,0,0,4,0,0,0,0,1,1,5,6,1,34,6,899,1,9,RENAULT CLIO,2,E01009075,0,-1
2023201442902,2023,201442902,2,9,0,2,2,0,0,0,0,0,0,0,0,0,2,1,6,6,2,54,8,1461,2,9,RENAULT CLIO,1,E01009631,0,-1
2023201376765,2023,201376765,2,9,0,3,3,2,6,0,0,0,0,0,0,0,2,1,6,6,2,30,6,1149,1,17,RENAULT CLIO,1,E01010445,0,-1
2023061341457,2023,061341457,1,9,0,7,7,7,1,0,0,0,0,0,0,0,4,1,6,6,1,-1,-1,1461,2,14,RENAULT CLIO,-1,-1,0,-1
2023221349444,2023,221349444,1,9,0,18,19,1,5,0,0,4,0,0,0,0,1,1,5,6,1,19,4,1149,1,11,RENAULT CLIO,5,W01000319,0,-1
2023411297874,2023,411297874,2,9,0,4,4,5,1,0,0,0,0,0,0,0,2,1,1,1,1,44,7,999,1,2,RENAULT CLIO,8,-1,0,-1
2023461361312,2023,461361312,2,9,0,18,19,3,7,0,0,8,0,0,0,0,1,1,6,6,2,78,11,1149,1,13,RENAULT CLIO,9,E01000751,0,-1
2023161390464,2023,161390464,1,9,0,2,2,0,0,0,0,0,0,0,0,0,2,1,5,6,2,18,4,1149,1,16,RENAULT CLIO,10,E01013108,0,-1
2023371269713,2023,371269713,1,9,0,18,19,8,4,7,6,0,0,0,0,0,1,1,6,6,1,36,7,1149,1,24,RENAULT CLIO,3,E01030234,0,-1
2023201413572,2023,201413572,1,9,0,18,19,2,6,0,0,0,0,0,0,0,4,1,6,6,2,73,10,1149,1,5,RENAULT CLIO,1,E01009297,0,-1
2023041263258,2023,041263258,1,9,0,18,19,1,5,0,0,2,0,0,0,0,1,1,5,6,1,42,7,898,1,5,RENAULT CLIO,9,E01025470,0,-1
2023411333214,2023,411333214,2,9,0,3,3,-1,-1,0,0,0,0,0,0,0,2,1,5,6,2,50,8,1149,1,16,RENAULT CLIO,10,E01023512,0,-1
2023440434268,2023,440434268,2,9,0,7,7,8,2,0,0,8,0,0,0,0,0,1,6,6,2,-1,-1,1390,1,16,RENAULT CLIO,-1,-1,0,-1
2023010435803,2023,010435803,1,9,0,3,3,1,5,0,0,4,0,0,0,0,3,1,6,6,1,21,5,1149,1,14,RENAULT CLIO,10,E01002387,0,-1
2023010438158,2023,010438158,1,9,0,99,99,9,9,99,99,9,9,99,9,99,2,9,2,2,2,29,6,1149,1,13,RENAULT CLIO,2,E01003288,0,-1
2023361302957,2023,361302957,3,9,0,2,2,0,0,0,0,8,0,0,0,0,4,1,6,6,3,-1,-1,1461,2,5,RENAULT CLIO,-1,-1,0,-1
2023501322071,2023,501322071,1,9,0,10,10,8,4,0,0,8,1,0,0,0,4,1,5,6,1,78,11,999,1,0,RENAULT CLIO,5,E01018896,0,-1
2023471327175,2023,471327175,3,9,0,2,2,0,0,0,0,0,0,0,1,0,4,1,6,6,3,-1,-1,1149,1,16,RENAULT CLIO,-1,-1,0,-1
2023522300594,2023,522300594,1,9,0,17,19,9,9,0,0,8,0,0,0,0,9,1,6,6,1,27,6,1149,1,8,RENAULT CLIO,4,E01014586,0,-1
2023161368037,2023,161368037,1,9,0,9,9,3,7,0,0,5,0,0,1,0,1,2,1,1,2,61,9,1149,1,5,RENAULT CLIO,4,E01013280,0,-1
2023461351505,2023,461351505,1,9,0,5,5,5,1,0,0,4,0,0,0,0,1,1,2,2,1,25,5,1461,2,17,RENAULT CLIO,1,E01024678,0,-1
2023131391174,2023,131391174,1,9,0,9,9,7,3,0,0,8,0,0,0,0,4,1,6,6,2,33,6,1461,2,7,RENAULT CLIO,1,E01011122,0,-1
202360A114286,2023,60A114286,2,9,0,16,19,2,5,0,0,0,0,0,1,11,1,1,6,6,1,26,6,1149,1,16,RENAULT CLIO,-1,-1,0,-1
2023440486163,2023,440486163,2,9,0,9,9,1,7,0,0,8,0,0,0,0,1,1,6,6,1,29,6,1461,2,13,RENAULT CLIO,10,E01022974,0,-1
2023010475319,2023,010475319,2,9,0,99,99,9,9,99,99,9,9,99,9,99,9,9,6,6,3,-1,-1,1149,1,17,RENAULT CLIO,-1,-1,0,-1
2023332300230,2023,332300230,2,9,0,18,19,8,4,0,0,0,0,0,0,0,1,1,6,6,2,68,10,899,1,9,RENAULT CLIO,7,E01025983,0,-1
2023421341570,2023,421341570,1,9,0,18,19,3,7,0,0,0,0,0,1,0,4,1,5,6,1,19,4,1149,1,16,RENAULT CLIO,5,E01021982,0,-1
2023991369618,2023,991369618,1,9,0,18,19,7,3,0,0,0,0,0,0,0,1,1,6,6,1,38,7,999,1,2,RENAULT CLIO,5,-1,0,-1
2023501344886,2023,501344886,1,9,0,18,19,5,1,0,0,0,0,0,0,0,3,2,6,6,2,17,4,1149,1,22,RENAULT CLIO,5,E01020325,0,-1
2023430027432,2023,430027432,1,9,0,18,19,1,5,0,0,1,0,0,0,0,1,1,6,6,2,48,8,1461,2,8,RENAULT CLIO,4,E01016514,0,-1
2023430130537,2023,430130537,2,9,0,18,19,8,4,0,0,0,0,0,0,0,2,1,1,1,2,22,5,898,1,6,RENAULT CLIO,-1,-1,0,-1
2023421340944,2023,421340944,3,9,0,3,3,2,6,0,0,0,0,0,0,0,2,1,5,6,2,66,10,1149,1,9,RENAULT CLIO,6,E01030005,0,-1
2023201399845,2023,201399845,3,9,0,18,19,2,6,0,0,0,0,0,0,0,1,1,6,6,1,39,7,1149,1,7,RENAULT CLIO,1,E01032531,0,-1
202354C458323,2023,54C458323,1,9,0,18,19,7,3,0,0,1,0,0,0,0,1,1,6,6,2,71,10,1149,1,15,RENAULT CLIO,9,E01015525,0,-1
2023031335821,2023,031335821,2,9,0,2,2,0,0,0,0,0,0,4,0,0,4,1,6,6,3,-1,-1,1149,1,13,RENAULT CLIO,-1,-1,0,-1
2023141380140,2023,141380140,1,9,0,18,19,2,6,0,0,0,0,0,0,0,4,1,5,6,2,40,7,1461,2,15,RENAULT CLIO,2,E01007804,0,-1
2023201306464,2023,201306464,2,9,0,5,5,5,1,0,0,8,0,0,0,0,3,1,6,6,1,18,4,898,1,5,RENAULT CLIO,3,E01009760,0,-1
2023451283071,2023,451283071,1,9,0,18,19,5,1,0,0,1,0,0,0,0,1,1,1,1,2,25,5,1149,1,9,RENAULT CLIO,8,E01030474,0,-1
2023552300467,2023,552300467,1,9,0,18,19,2,6,0,0,0,0,0,0,0,1,1,2,2,1,63,9,1149,1,12,RENAULT CLIO,3,E01015289,0,-1
2023010459594,2023,010459594,2,9,0,18,19,7,3,0,0,1,0,0,0,0,0,1,6,6,2,52,8,898,1,5,RENAULT CLIO,9,E01001018,0,-1
2023221441046,2023,221441046,2,9,0,18,19,4,8,0,0,0,1,0,1,0,1,1,6,6,1,19,4,1149,1,17,RENAULT CLIO,5,E01014001,0,-1
2023421277979,2023,421277979,1,9,0,13,13,6,2,0,0,0,2,0,0,0,1,1,5,6,1,19,4,1149,1,17,RENAULT CLIO,6,E01021980,0,-1
2023131370891,2023,131370891,2,9,0,18,19,3,7,0,0,0,0,0,0,0,4,1,2,2,1,36,7,1461,2,9,RENAULT CLIO,5,E01010668,0,-1
2023340WN2202,2023,340WN2202,1,9,0,7,7,7,3,0,0,8,0,0,7,0,1,1,6,6,2,32,6,898,1,6,RENAULT CLIO,4,E01013534,0,-1
2023221281472,2023,221281472,2,9,0,13,13,6,2,0,0,8,0,0,0,0,1,1,2,2,1,34,6,1390,1,16,RENAULT CLIO,4,E01028849,0,-1
2023041341591,2023,041341591,1,9,0,7,7,3,1,0,0,1,0,0,0,0,4,1,5,6,2,33,6,1149,1,19,RENAULT CLIO,5,E01024928,0,-1
2023440037077,2023,440037077,2,9,0,2,2,0,0,0,0,2,0,0,0,0,2,1,6,6,3,-1,-1,1149,1,20,RENAULT CLIO,-1,-1,0,-1
2023991263595,2023,991263595,1,9,0,16,19,8,4,0,0,2,1,7,0,0,3,1,5,6,1,19,4,1149,1,18,RENAULT CLIO,-1,-1,0,-1
2023430416061,2023,430416061,1,9,0,9,9,1,7,0,0,6,0,0,0,0,1,1,6,6,2,29,6,999,1,3,RENAULT CLIO,-1,-1,0,-1
2023501319617,2023,501319617,3,9,0,18,19,6,2,0,0,8,0,0,0,0,1,1,6,6,2,42,7,1149,1,18,RENAULT CLIO,8,E01033294,0,-1
2023531314647,2023,531314647,1,9,0,16,19,5,1,0,0,0,0,0,1,9,1,1,2,2,1,44,7,1461,2,19,RENAULT CLIO,6,E01032200,0,-1
2023440403987,2023,440403987,2,9,0,18,19,7,3,0,0,1,0,0,0,0,1,1,6,6,2,26,6,1461,2,5,RENAULT CLIO,4,E01022552,0,-1
2023421376851,2023,421376851,2,9,0,3,3,7,3,0,0,0,0,0,0,0,2,1,6,6,2,67,10,1149,1,17,RENAULT CLIO,10,E01021284,0,-1
2023991393640,2023,991393640,1,9,0,18,19,7,3,0,0,0,0,0,7,4,1,1,2,2,1,20,4,1461,2,4,RENAULT CLIO,5,-1,0,-1
2023041350865,2023,041350865,1,9,0,1,1,-1,-1,0,0,0,0,0,0,0,2,1,6,6,1,59,9,1461,2,8,RENAULT CLIO,1,E01025136,0,-1
2023440037077,2023,440037077,3,9,0,2,2,0,0,0,0,2,0,0,0,0,2,1,6,6,3,-1,-1,1149,1,20,RENAULT CLIO,-1,-1,0,-1
2023541851823,2023,541851823,2,9,0,18,19,7,1,0,0,1,0,0,0,0,1,1,6,6,2,25,5,1461,2,5,RENAULT CLIO,8,E01032704,0,-1
2023131317169,2023,131317169,1,9,0,18,19,1,5,0,0,0,0,0,0,0,1,1,5,6,1,76,11,999,1,3,RENAULT CLIO,1,E01011321,0,-1
2023430021504,2023,430021504,1,9,0,18,19,8,4,0,0,0,1,0,1,3,1,1,2,2,1,31,6,1149,1,16,RENAULT CLIO,7,E01016307,0,-1
2023440204084,2023,440204084,1,9,0,1,1,3,7,0,0,0,0,0,0,0,2,1,2,2,2,18,4,1149,1,13,RENAULT CLIO,4,E01030503,0,-1
2023041295155,2023,041295155,2,9,0,18,19,4,8,0,0,8,0,0,0,0,2,2,6,6,2,32,6,898,1,5,RENAULT CLIO,2,E01024902,0,-1
2023411369008,2023,411369008,2,9,0,4,4,-1,-1,0,0,0,0,0,0,0,2,1,2,2,2,22,5,1149,1,12,RENAULT CLIO,3,E01023876,0,-1
2023471282748,2023,471282748,1,9,0,9,9,7,5,0,0,1,0,0,0,0,1,1,1,1,1,25,5,1390,1,19,RENAULT CLIO,5,E01016853,0,-1
2023520400138,2023,520400138,2,9,0,18,19,1,5,0,0,0,0,0,0,0,1,1,6,6,2,61,9,1149,1,18,RENAULT CLIO,5,E01029200,0,-1
2023361374833,2023,361374833,1,9,0,-1,-1,-1,-1,-1,-1,-1,-1,-1,-1,0,-1,1,5,6,2,45,7,1461,2,16,RENAULT CLIO,6,E01026512,0,-1
2023440167998,2023,440167998,2,9,0,18,19,3,7,0,0,8,0,0,0,0,1,1,6,6,1,28,6,1461,2,13,RENAULT CLIO,10,E01023187,0,-1
2023440262709,2023,440262709,1,9,0,3,3,5,1,0,0,1,0,0,0,0,2,1,6,6,1,30,6,1461,2,8,RENAULT CLIO,4,E01017083,0,-1
2023201355306,2023,201355306,1,9,0,5,5,5,1,0,0,0,0,0,0,0,1,1,5,6,2,19,4,1149,1,14,RENAULT CLIO,4,E01033634,0,-1
2023211285764,2023,211285764,1,9,0,17,19,1,6,0,0,0,2,0,7,4,1,1,5,6,1,51,8,1998,1,20,RENAULT CLIO,6,E01029614,0,-1
2023041358796,2023,041358796,1,9,0,9,9,6,7,0,0,6,0,0,0,0,1,1,5,6,2,53,8,898,1,7,RENAULT CLIO,4,E01025119,0,-1
2023302301677,2023,302301677,1,9,0,17,19,4,8,0,0,0,1,10,2,4,1,1,6,6,1,19,4,1149,1,13,RENAULT CLIO,-1,-1,0,-1
2023351339664,2023,351339664,2,9,0,3,3,-1,-1,0,0,0,0,0,0,0,2,1,2,2,1,51,8,1149,1,16,RENAULT CLIO,5,E01015651,0,-1
2023421312632,2023,421312632,2,9,0,3,3,3,8,0,0,1,0,0,0,0,4,1,5,6,1,21,5,898,1,5,RENAULT CLIO,3,E01003728,0,-1
2023991260146,2023,991260146,1,9,0,7,7,3,1,0,0,0,0,0,0,0,1,1,6,6,1,78,11,999,1,3,RENAULT CLIO,8,-1,0,-1
2023010423612,2023,010423612,1,9,0,8,8,5,7,0,0,5,0,0,0,0,4,1,6,6,1,33,6,1149,1,12,RENAULT CLIO,2,E01003309,0,-1
2023010476958,2023,010476958,1,9,0,18,19,5,1,0,0,2,0,0,0,0,4,1,3,7,2,49,8,1149,1,17,RENAULT CLIO,6,E01002662,0,-1
2023161310167,2023,161310167,1,9,0,18,19,7,3,0,0,2,1,4,1,2,2,1,5,6,1,38,7,1149,1,22,RENAULT CLIO,1,E01012915,0,-1
2023302300822,2023,302300822,2,9,0,2,2,0,0,0,0,0,0,0,0,0,2,1,6,6,3,-1,-1,1998,1,18,RENAULT CLIO,-1,-1,0,-1
2023471266633,2023,471266633,2,9,0,18,19,2,6,0,0,1,0,0,0,0,3,1,2,2,2,20,4,1149,1,11,RENAULT CLIO,7,E01021222,0,-1
2023522301662,2023,522301662,1,9,0,18,19,2,6,0,0,0,0,0,0,0,4,1,6,6,2,62,9,1149,1,15,RENAULT CLIO,7,E01032666,0,-1
2023501284257,2023,501284257,1,9,0,18,19,1,5,0,0,1,0,0,0,0,3,1,5,6,1,17,4,899,1,8,RENAULT CLIO,4,E01020302,0,-1
2023411297452,2023,411297452,2,9,0,18,19,5,1,0,0,0,1,0,5,6,4,1,5,6,2,25,5,1149,1,15,RENAULT CLIO,7,E01023345,0,-1
2023991355621,2023,991355621,1,9,0,18,19,3,7,0,0,0,0,0,0,0,1,1,2,2,1,61,9,1149,1,15,RENAULT CLIO,6,-1,0,-1
2023201409773,2023,201409773,2,9,0,3,3,8,4,0,0,1,0,0,0,0,2,1,1,1,2,25,5,1149,1,8,RENAULT CLIO,2,E01009608,0,-1
2023201375075,2023,201375075,2,9,0,2,2,0,0,0,0,0,0,0,0,0,2,1,6,6,1,32,6,1390,1,17,RENAULT CLIO,2,E01010400,0,-1
2023332300639,2023,332300639,1,9,0,18,19,4,8,0,0,0,1,0,5,7,1,1,2,2,2,44,7,1598,1,11,RENAULT CLIO,6,E01025977,0,-1
2023302301630,2023,302301630,1,9,0,18,19,1,5,0,0,0,0,11,0,0,3,1,1,1,1,41,7,1390,1,16,RENAULT CLIO,4,E01019516,0,-1
2023131365492,2023,131365492,3,9,0,4,4,1,5,0,0,0,0,0,0,0,1,1,5,6,1,18,4,1461,2,13,RENAULT CLIO,2,E01011421,0,-1
2023041383647,2023,041383647,1,9,0,18,19,5,1,0,0,0,0,0,0,0,1,1,5,6,1,55,8,1461,2,14,RENAULT CLIO,6,E01028550,0,-1
2023631375934,2023,631375934,1,9,0,18,19,1,5,0,0,8,0,0,0,0,1,1,5,6,2,50,8,1149,1,14,RENAULT CLIO,6,W01000575,0,-1
2023122300374,2023,122300374,1,9,0,7,7,1,6,0,0,8,0,0,0,0,1,1,1,1,2,18,4,1461,2,10,RENAULT CLIO,10,E01027698,0,-1
2023522301372,2023,522301372,1,9,0,7,7,1,3,0,0,3,0,0,0,0,4,1,6,6,2,54,8,999,1,4,RENAULT CLIO,10,E01014395,0,-1
2023201404853,2023,201404853,1,9,0,18,19,7,3,0,0,6,0,0,0,0,2,1,6,6,1,66,10,898,1,6,RENAULT CLIO,9,E01009433,0,-1
2023351345081,2023,351345081,1,9,0,18,19,7,3,0,0,1,0,0,0,0,1,1,5,6,2,55,8,1149,1,21,RENAULT CLIO,4,E01018060,0,-1
2023991285938,2023,991285938,1,9,0,18,19,3,7,0,0,0,0,0,0,0,1,1,5,6,1,20,4,1149,1,8,RENAULT CLIO,9,-1,0,-1
2023522301723,2023,522301723,1,9,0,18,19,3,7,2,2,0,1,10,1,4,1,1,6,6,1,18,4,1149,1,11,RENAULT CLIO,3,E01014673,0,-1
2023622300093,2023,622300093,1,9,0,18,19,8,4,0,0,0,0,7,0,0,1,1,6,6,2,47,8,898,1,4,RENAULT CLIO,2,W01001942,0,-1
2023461349699,2023,461349699,2,9,0,18,19,4,8,0,0,0,0,0,0,0,1,1,6,6,2,19,4,1197,1,7,RENAULT CLIO,6,E01024749,0,-1
2023201339314,2023,201339314,1,9,0,7,7,3,5,0,0,1,5,0,0,0,3,1,6,6,1,27,6,1149,1,18,RENAULT CLIO,6,E01009041,0,-1
2023211319615,2023,211319615,1,9,0,18,19,8,4,0,0,0,0,0,1,11,1,1,5,6,2,41,7,1149,1,17,RENAULT CLIO,9,E01029815,0,-1
2023451301774,2023,451301774,1,9,0,18,19,2,5,9,9,2,0,0,0,0,1,1,2,2,1,24,5,1598,1,17,RENAULT CLIO,10,E01030498,0,-1
2023440191785,2023,440191785,1,9,0,16,19,1,5,0,0,0,5,0,1,9,4,1,6,6,1,18,4,1149,1,18,RENAULT CLIO,10,E01022846,0,-1
2023501388014,2023,501388014,2,9,0,3,3,3,7,0,0,1,0,0,0,0,2,1,6,6,2,66,10,1598,8,0,RENAULT CLIO,8,E01020051,0,-1
2023411311050,2023,411311050,1,9,0,9,9,4,2,0,0,1,0,0,0,0,4,1,5,6,1,30,6,1149,1,15,RENAULT CLIO,7,E01033023,0,-1
2023421341090,2023,421341090,2,9,0,7,7,1,3,0,0,0,0,0,0,0,4,1,5,6,1,30,6,1998,1,18,RENAULT CLIO,6,E01021573,0,-1
2023231313812,2023,231313812,1,9,0,18,19,6,2,0,0,0,0,0,0,0,1,1,6,6,2,37,7,1461,2,8,RENAULT CLIO,6,E01031018,0,-1
2023052302125,2023,052302125,1,9,0,18,19,5,1,0,0,8,0,0,0,0,1,1,6,6,2,64,9,898,1,5,RENAULT CLIO,1,E01006791,0,-1
2023010478697,2023,010478697,2,9,0,18,19,5,1,0,0,8,0,0,0,0,1,1,6,6,1,37,7,1149,1,10,RENAULT CLIO,5,E01003022,0,-1
2023201442187,2023,201442187,2,9,0,9,9,1,6,0,0,6,0,0,0,0,3,1,5,6,2,38,7,898,1,5,RENAULT CLIO,2,E01033635,0,-1
2023991315193,2023,991315193,1,9,0,18,19,5,1,0,0,0,0,10,0,0,4,1,6,6,1,20,4,1149,1,11,RENAULT CLIO,3,-1,0,-1
2023010478135,2023,010478135,1,9,0,9,9,3,1,0,0,0,0,0,0,0,3,1,6,6,1,31,6,1998,1,17,RENAULT CLIO,4,E01002681,0,-1
2023451272332,2023,451272332,1,9,0,18,19,5,1,0,0,0,0,0,0,0,1,1,5,6,1,18,4,1149,1,5,RENAULT CLIO,10,E01030809,0,-1
2023221309309,2023,221309309,1,9,0,18,19,1,5,0,0,2,0,0,0,0,2,1,5,6,1,80,11,1149,1,16,RENAULT CLIO,2,E01032333,0,-1
2023161379156,2023,161379156,1,9,0,9,9,8,4,0,0,6,0,0,0,0,1,1,5,6,2,71,10,1461,2,9,RENAULT CLIO,9,E01013152,0,-1
2023231349654,2023,231349654,2,9,0,7,7,4,6,0,0,4,0,0,0,0,2,1,6,6,1,43,7,1390,1,17,RENAULT CLIO,7,E01031324,0,-1
2023201315047,2023,201315047,2,9,0,2,2,-1,-1,0,0,0,0,0,0,0,2,1,6,6,3,-1,-1,1461,2,12,RENAULT CLIO,-1,-1,0,-1