collision_index,collision_year,collision_ref_no,vehicle_reference,vehicle_type,towing_and_articulation,vehicle_manoeuvre_historic,vehicle_manoeuvre,vehicle_direction_from,vehicle_direction_to,vehicle_location_restricted_lane_historic,vehicle_location_restricted_lane,junction_location,skidding_and_overturning,hit_object_in_carriageway,vehicle_leaving_carriageway,hit_object_off_carriageway,first_point_of_impact,vehicle_left_hand_drive,journey_purpose_of_driver_historic,journey_purpose_of_driver,sex_of_driver,age_of_driver,age_band_of_driver,engine_capacity_cc,propulsion_code,age_of_vehicle,generic_make_model,driver_imd_decile,lsoa_of_driver,escooter_flag,driver_distance_banding
2023522400146,2023,522400146,3,9,0,2,2,0,0,0,0,2,0,0,0,0,3,1,6,6,3,-1,-1,1461,2,6,RENAULT CLIO,-1,-1,0,-1
2023201276655,2023,201276655,2,9,0,3,3,6,2,0,0,0,0,0,0,0,2,1,6,6,1,-1,-1,999,1,3,RENAULT CLIO,1,E01029372,0,-1
2023461373565,2023,461373565,1,9,0,18,19,4,8,0,0,1,0,0,0,0,3,1,5,6,1,29,6,1149,1,22,RENAULT CLIO,3,E01024399,0,-1
2023451338558,2023,451338558,1,9,0,18,19,5,1,0,0,0,0,10,1,10,1,1,5,6,1,24,5,1149,1,17,RENAULT CLIO,3,E01030952,0,-1
2023548228623,2023,548228623,2,9,0,2,2,0,0,0,0,0,0,0,0,0,3,1,6,6,1,-1,-1,999,1,1,RENAULT CLIO,-1,-1,0,-1
2023501311564,2023,501311564,1,9,0,17,19,3,3,0,0,0,5,0,0,0,4,1,5,6,2,25,5,1149,1,15,RENAULT CLIO,-1,-1,0,-1
2023041327156,2023,041327156,2,9,0,2,2,3,7,9,9,2,0,0,0,0,0,1,6,6,3,-1,-1,1598,1,17,RENAULT CLIO,-1,-1,0,-1
2023041273575,2023,041273575,1,9,0,16,19,3,7,0,0,0,1,0,1,9,4,1,5,6,1,24,5,999,1,1,RENAULT CLIO,2,E01012745,0,-1
2023430374565,2023,430374565,1,9,0,18,19,8,4,0,0,0,0,0,0,0,2,1,2,2,1,50,8,898,1,4,RENAULT CLIO,8,E01002452,0,-1
2023041393344,2023,041393344,3,9,0,18,19,1,5,0,0,1,0,0,0,0,2,1,5,6,2,30,6,1461,2,6,RENAULT CLIO,6,E01025107,0,-1
2023201391324,2023,201391324,3,9,0,4,4,7,3,0,0,1,0,0,0,0,2,1,2,2,2,19,4,898,1,7,RENAULT CLIO,3,E01010094,0,-1
2023430176869,2023,430176869,1,9,0,18,19,3,7,0,0,8,0,0,0,0,1,1,6,6,2,31,6,1149,1,15,RENAULT CLIO,5,E01022488,0,-1
2023440242745,2023,440242745,2,9,0,18,19,3,7,0,0,0,0,0,0,0,4,1,6,6,1,19,4,1149,1,11,RENAULT CLIO,9,E01023134,0,-1
2023010445002,2023,010445002,1,9,0,4,4,1,5,0,0,8,0,0,0,0,1,1,1,1,1,31,6,1149,1,17,RENAULT CLIO,8,E01002322,0,-1
2023622300551,2023,622300551,1,9,0,9,9,4,2,0,0,1,0,0,0,0,1,1,6,6,1,38,7,1149,1,20,RENAULT CLIO,3,W01001760,0,-1
2023320312185,2023,320312185,1,9,0,18,19,2,6,0,0,8,1,0,0,0,1,1,1,1,2,36,7,1149,1,18,RENAULT CLIO,4,E01026389,0,-1
2023010463189,2023,010463189,1,9,0,5,5,1,5,0,0,1,0,7,0,0,3,1,2,2,2,45,7,1149,1,15,RENAULT CLIO,6,E01002662,0,-1
2023320784462,2023,320784462,2,9,0,18,19,2,6,0,0,0,1,0,0,0,3,1,6,6,2,31,6,999,1,2,RENAULT CLIO,8,E01013190,0,-1
2023451376782,2023,451376782,2,9,0,18,19,1,5,0,0,1,0,0,0,0,4,1,5,6,2,57,9,899,1,9,RENAULT CLIO,10,E01030498,0,-1
2023471285555,2023,471285555,1,9,0,18,19,3,7,0,0,0,2,0,1,1,3,1,5,6,1,18,4,1149,1,11,RENAULT CLIO,6,E01021149,0,-1
2023546153223,2023,546153223,1,9,0,17,19,2,8,0,0,0,2,0,7,11,1,1,6,6,2,18,4,1149,1,19,RENAULT CLIO,3,E01031963,0,-1
2023070037295,2023,070037295,1,9,0,7,7,5,7,9,9,0,0,0,0,0,1,1,2,2,1,37,7,1149,1,16,RENAULT CLIO,5,E01018437,0,-1
2023320595437,2023,320595437,1,9,0,18,19,2,6,0,0,0,0,0,1,0,1,1,6,6,1,45,7,1149,1,19,RENAULT CLIO,1,E01026083,0,-1
2023041307092,2023,041307092,4,9,0,9,9,2,2,0,0,0,0,0,0,0,2,1,2,2,2,36,7,898,1,7,RENAULT CLIO,5,E01025252,0,-1
2023440061900,2023,440061900,2,9,0,4,4,1,5,0,0,1,0,0,0,0,2,1,1,1,1,35,6,1149,1,12,RENAULT CLIO,8,E01022721,0,-1
2023991304914,2023,991304914,1,9,0,16,19,7,3,0,0,0,1,0,0,0,1,1,6,6,2,17,4,1149,1,15,RENAULT CLIO,8,-1,0,-1
2023991389949,2023,991389949,1,9,0,18,19,6,2,0,0,0,2,0,7,3,1,1,5,6,1,51,8,1998,1,17,RENAULT CLIO,-1,-1,0,-1
2023221328177,2023,221328177,1,9,0,10,10,2,8,0,0,8,0,0,0,0,2,1,5,6,1,17,4,999,1,1,RENAULT CLIO,5,E01014026,0,-1
2023461377886,2023,461377886,1,9,0,1,1,1,5,0,0,1,0,0,0,0,2,1,5,6,1,19,4,1149,1,14,RENAULT CLIO,6,E01016076,0,-1
2023052301224,2023,052301224,2,9,0,18,19,5,1,0,0,1,0,0,0,0,1,1,6,6,2,56,9,1461,2,9,RENAULT CLIO,6,E01006955,0,-1
2023161315504,2023,161315504,3,9,0,2,2,0,0,0,0,2,0,4,0,0,1,1,5,6,3,-1,-1,899,1,10,RENAULT CLIO,-1,-1,0,-1
2023221351575,2023,221351575,1,9,0,18,19,4,8,0,0,0,5,6,2,4,1,1,6,6,1,36,7,1149,1,13,RENAULT CLIO,6,E01014173,0,-1
2023340NN2932,2023,340NN2932,1,9,0,18,19,6,2,0,0,0,5,0,1,4,1,1,6,6,2,74,10,1149,1,13,RENAULT CLIO,3,E01027175,0,-1
2023501381065,2023,501381065,2,9,0,5,5,3,3,0,0,4,0,0,1,0,1,1,6,6,1,68,10,1598,1,16,RENAULT CLIO,-1,-1,0,-1
2023061274029,2023,061274029,1,9,0,18,19,3,7,0,0,2,0,0,0,0,4,1,6,6,1,25,5,1149,1,15,RENAULT CLIO,2,E01005580,0,-1
2023430170130,2023,430170130,2,9,0,7,7,4,8,0,0,5,0,0,0,0,4,1,6,6,2,45,7,999,1,4,RENAULT CLIO,-1,-1,0,-1
2023610004223,2023,610004223,2,9,0,9,9,3,1,0,0,8,0,0,0,0,3,1,6,6,1,51,8,899,1,9,RENAULT CLIO,4,W01001688,0,-1
2023471304562,2023,471304562,2,9,0,2,2,0,0,9,9,0,0,0,0,0,1,1,6,6,3,-1,-1,1390,1,17,RENAULT CLIO,-1,-1,0,-1
2023041268582,2023,041268582,2,9,0,18,19,5,1,0,0,8,0,0,0,0,1,1,5,6,1,42,7,1461,2,5,RENAULT CLIO,5,E01025304,0,-1
2023361367167,2023,361367167,1,9,0,5,5,5,1,0,0,0,5,4,0,0,4,1,6,6,1,34,6,1998,1,14,RENAULT CLIO,10,E01026527,0,-1
202360A055794,2023,60A055794,1,9,0,18,19,3,7,0,0,5,0,10,0,0,3,1,2,2,2,53,8,1461,2,9,RENAULT CLIO,-1,-1,0,-1
2023010442797,2023,010442797,1,9,0,18,19,5,1,0,0,8,0,0,0,0,1,1,6,6,2,61,9,1149,1,18,RENAULT CLIO,-1,-1,0,-1
2023320351028,2023,320351028,2,9,0,18,19,8,4,0,0,0,0,0,7,0,1,1,6,6,1,42,7,1461,2,6,RENAULT CLIO,6,E01013178,0,-1
2023221282791,2023,221282791,1,9,0,6,6,4,4,0,0,8,0,0,0,0,2,1,2,2,2,41,7,898,1,8,RENAULT CLIO,9,E01028911,0,-1
2023440158066,2023,440158066,1,9,0,18,19,6,2,0,0,0,0,0,0,0,1,1,6,6,2,43,7,1461,2,16,RENAULT CLIO,6,E01017173,0,-1
2023161341334,2023,161341334,3,9,0,16,19,3,5,0,0,2,0,0,0,0,3,1,5,6,1,32,6,1149,1,14,RENAULT CLIO,1,E01012842,0,-1
2023471383262,2023,471383262,1,9,0,18,19,5,1,0,0,0,1,0,0,0,3,1,2,2,1,30,6,1149,1,15,RENAULT CLIO,3,E01031789,0,-1
2023061398411,2023,061398411,1,9,0,18,19,5,1,0,0,1,0,0,0,0,3,1,6,6,3,-1,-1,1149,1,14,RENAULT CLIO,-1,-1,0,-1
2023010444403,2023,010444403,1,9,0,5,5,1,5,0,0,1,0,0,3,0,2,1,6,6,1,29,6,1149,1,11,RENAULT CLIO,-1,-1,0,-1
2023440481637,2023,440481637,4,9,0,4,4,6,2,0,0,0,0,0,0,0,1,1,6,6,1,22,5,1998,1,20,RENAULT CLIO,10,E01022606,0,-1
2023991442315,2023,991442315,1,9,0,18,19,6,2,0,0,0,0,0,0,0,1,1,6,6,1,19,4,1149,1,15,RENAULT CLIO,1,-1,0,-1
2023201316401,2023,201316401,2,9,0,9,9,6,4,0,0,6,0,0,0,0,4,1,6,6,1,27,6,1149,1,15,RENAULT CLIO,1,E01009482,0,-1
2023221356055,2023,221356055,1,9,0,9,9,4,1,0,0,6,0,0,0,0,1,1,6,6,1,59,9,1461,2,11,RENAULT CLIO,8,W01000450,0,-1
2023052301192,2023,052301192,1,9,0,4,4,2,7,0,0,0,0,0,0,0,1,1,6,6,2,22,5,1149,1,6,RENAULT CLIO,5,E01006489,0,-1
2023010442515,2023,010442515,2,9,0,99,99,9,9,99,99,9,9,99,9,99,9,9,6,6,3,-1,-1,1149,1,16,RENAULT CLIO,-1,-1,0,-1
2023320738817,2023,320738817,2,9,0,18,19,3,7,0,0,8,0,0,0,0,1,1,6,6,2,39,7,1461,2,13,RENAULT CLIO,7,E01026267,0,-1
2023041350133,2023,041350133,1,9,0,7,7,7,3,1,1,2,0,0,0,0,1,1,6,6,3,-1,-1,1149,1,17,RENAULT CLIO,-1,-1,0,-1
2023991323404,2023,991323404,2,9,0,9,9,2,8,0,0,1,0,0,0,0,1,1,5,6,1,18,4,899,1,9,RENAULT CLIO,9,-1,0,-1
2023010452560,2023,010452560,2,9,0,18,19,5,1,0,0,8,0,0,0,0,3,1,6,6,2,55,8,1598,8,1,RENAULT CLIO,4,E01001928,0,-1
2023610040623,2023,610040623,1,9,0,16,19,8,3,0,0,0,0,0,0,0,1,1,1,1,1,30,6,-1,-1,-1,RENAULT CLIO,3,W01001208,0,-1
2023421379126,2023,421379126,1,9,0,1,1,3,7,0,0,0,0,0,0,0,2,1,5,6,2,21,5,1149,1,16,RENAULT CLIO,3,E01015843,0,-1
2023552300878,2023,552300878,2,9,0,5,5,3,7,0,0,4,0,0,0,0,2,1,6,6,2,41,7,1149,1,12,RENAULT CLIO,6,E01028975,0,-1
2023311365269,2023,311365269,2,9,0,7,7,4,4,0,0,0,1,0,0,0,2,1,6,6,1,20,4,1461,2,9,RENAULT CLIO,7,E01026333,0,-1
2023622300733,2023,622300733,2,9,0,16,19,1,4,0,0,0,1,0,0,0,1,1,6,6,2,41,7,1149,1,18,RENAULT CLIO,3,W01001290,0,-1
2023122300762,2023,122300762,2,9,0,4,4,1,4,0,0,3,0,0,0,0,1,1,6,6,1,18,4,1461,2,18,RENAULT CLIO,6,E01027831,0,-1
2023070100500,2023,070100500,2,9,0,18,19,5,1,0,0,1,0,0,0,0,4,1,6,6,1,54,8,1149,1,16,RENAULT CLIO,1,E01012408,0,-1
2023201377892,2023,201377892,2,9,0,18,19,4,8,0,0,0,0,0,0,0,2,1,6,6,3,30,6,1149,1,15,RENAULT CLIO,-1,-1,0,-1
2023440229884,2023,440229884,1,9,0,18,19,6,2,0,0,2,0,0,0,0,1,1,6,6,2,20,4,1149,1,21,RENAULT CLIO,4,E01017263,0,-1
2023211365172,2023,211365172,1,9,0,18,19,5,1,9,9,0,0,0,1,11,1,1,5,6,1,23,5,999,1,4,RENAULT CLIO,9,E01029754,0,-1
2023070506878,2023,070506878,1,9,0,18,19,4,8,0,0,0,0,0,0,0,1,1,2,2,2,19,4,1149,1,9,RENAULT CLIO,6,E01018736,0,-1
2023411270722,2023,411270722,2,9,0,16,19,2,7,0,0,0,0,0,0,0,1,1,5,6,1,26,6,1598,1,17,RENAULT CLIO,9,E01017635,0,-1
2023552301034,2023,552301034,1,9,0,9,9,2,8,0,0,5,0,0,0,0,1,1,6,6,2,24,5,1149,1,15,RENAULT CLIO,4,E01020585,0,-1
2023041376839,2023,041376839,2,9,0,18,19,5,3,1,1,1,0,0,0,0,1,1,6,6,2,17,4,1390,1,17,RENAULT CLIO,7,E01025400,0,-1
2023546510923,2023,546510923,1,9,0,18,19,8,4,0,0,0,0,0,1,0,1,1,6,6,1,54,8,1461,2,7,RENAULT CLIO,4,E01031980,0,-1
2023991364447,2023,991364447,1,9,0,7,7,7,2,0,0,1,0,0,1,11,1,1,5,6,2,19,4,1149,1,12,RENAULT CLIO,3,-1,0,-1
2023070441338,2023,070441338,2,9,0,3,3,7,3,0,0,0,0,0,0,0,2,1,6,6,1,38,7,898,1,5,RENAULT CLIO,4,E01012469,0,-1
2023221328974,2023,221328974,1,9,0,4,4,8,3,0,0,1,0,0,0,0,1,1,6,6,1,51,8,1149,1,15,RENAULT CLIO,3,E01032321,0,-1
2023031315600,2023,031315600,2,9,0,18,19,6,2,0,0,1,0,0,0,0,4,1,1,1,2,48,8,1461,2,3,RENAULT CLIO,8,E01019224,0,-1
2023522400922,2023,522400922,2,9,0,4,4,8,4,0,0,1,0,0,0,0,2,1,6,6,2,62,9,1149,1,6,RENAULT CLIO,9,E01014943,0,-1
2023161385789,2023,161385789,1,9,0,18,19,4,5,0,0,8,0,0,0,0,1,1,2,2,1,27,6,1461,2,9,RENAULT CLIO,7,E01013069,0,-1
2023201417830,2023,201417830,2,9,0,2,2,0,0,0,0,0,0,0,0,0,0,1,6,6,2,83,11,1149,1,11,RENAULT CLIO,9,E01010390,0,-1
2023351354807,2023,351354807,1,9,0,18,19,5,1,0,0,0,0,0,0,0,1,1,5,6,1,45,7,1149,1,9,RENAULT CLIO,10,E01018167,0,-1
2023546303723,2023,546303723,1,9,0,18,19,7,3,0,0,4,0,0,0,0,1,1,2,2,2,45,7,898,1,4,RENAULT CLIO,8,E01032071,0,-1
2023401369739,2023,401369739,1,9,0,9,9,-1,-1,0,0,0,0,0,0,0,3,1,5,6,1,47,8,1598,8,1,RENAULT CLIO,7,E01017464,0,-1
2023010480279,2023,010480279,2,9,0,18,19,3,7,0,0,0,0,0,0,0,1,1,6,6,2,22,5,1149,1,13,RENAULT CLIO,3,E01021276,0,-1
2023622300549,2023,622300549,1,9,0,5,5,3,7,0,0,6,0,0,0,0,1,1,6,6,1,40,7,1149,1,15,RENAULT CLIO,5,W01001432,0,-1
2023610042823,2023,610042823,1,9,0,18,19,3,7,0,0,0,0,0,0,0,1,1,6,6,1,35,6,1149,1,15,RENAULT CLIO,2,W01001451,0,-1
2023061374616,2023,061374616,1,9,0,5,5,5,1,0,0,1,0,0,0,0,1,1,5,6,1,50,8,1330,1,3,RENAULT CLIO,7,E01005920,0,-1
2023101297950,2023,101297950,2,9,0,18,19,1,5,0,0,1,0,0,0,0,3,1,5,6,1,21,5,1461,2,9,RENAULT CLIO,2,E01008377,0,-1
2023451390110,2023,451390110,4,9,0,16,19,5,1,0,0,0,0,0,0,0,3,1,5,6,2,26,6,1149,1,8,RENAULT CLIO,9,E01030605,0,-1
2023340WN5262,2023,340WN5262,2,9,0,10,10,4,8,0,0,8,0,0,0,0,2,1,2,2,1,43,7,1149,1,13,RENAULT CLIO,6,E01016813,0,-1
2023501334574,2023,501334574,2,9,0,2,2,0,0,9,9,0,0,0,0,0,2,1,6,6,3,-1,-1,1149,1,15,RENAULT CLIO,-1,-1,0,-1
2023440510772,2023,440510772,1,9,0,18,19,6,2,0,0,1,0,0,0,0,1,1,6,6,1,24,5,1149,1,23,RENAULT CLIO,5,E01017070,0,-1
2023201306479,2023,201306479,2,9,0,3,3,2,6,0,0,1,0,0,0,0,3,1,5,6,2,28,6,1149,1,9,RENAULT CLIO,5,E01009262,0,-1
2023131276779,2023,131276779,1,9,0,9,9,1,7,0,0,8,0,0,0,0,1,1,5,6,1,76,11,1149,1,8,RENAULT CLIO,6,E01010581,0,-1
2023201291218,2023,201291218,2,9,0,18,19,4,8,0,0,0,0,0,0,0,3,1,6,6,1,31,6,1598,1,13,RENAULT CLIO,6,E01009419,0,-1
2023332301015,2023,332301015,1,9,0,17,19,8,4,0,0,0,1,0,0,0,1,1,6,6,1,20,4,1149,1,13,RENAULT CLIO,6,E01019878,0,-1
2023010423432,2023,010423432,2,9,0,17,19,3,1,0,0,0,0,0,0,0,1,1,6,6,2,33,6,898,1,7,RENAULT CLIO,1,E01004382,0,-1
2023411267680,2023,411267680,4,9,0,4,4,3,7,0,0,0,0,0,0,0,2,1,6,6,1,25,5,1197,1,6,RENAULT CLIO,10,E01017756,0,-1
2023430387192,2023,430387192,1,9,0,18,19,7,3,0,0,5,0,0,0,0,1,1,6,6,1,35,6,1149,1,12,RENAULT CLIO,-1,-1,0,-1
2023010429820,2023,010429820,2,9,0,99,99,9,9,99,99,9,9,99,9,99,1,9,6,6,3,-1,-1,899,1,8,RENAULT CLIO,-1,-1,0,-1
2023122300863,2023,122300863,1,9,0,16,19,6,2,0,0,1,0,0,0,0,3,1,2,2,2,53,8,899,1,8,RENAULT CLIO,3,E01027824,0,-1
2023332300013,2023,332300013,1,9,0,9,9,6,4,0,0,6,0,0,0,0,1,1,6,6,2,45,7,999,1,3,RENAULT CLIO,4,E01013740,0,-1
2023461316642,2023,461316642,2,9,0,2,2,0,0,0,0,1,0,0,0,0,2,1,3,7,2,43,7,899,1,9,RENAULT CLIO,3,E01024149,0,-1
2023610034523,2023,610034523,2,9,0,18,19,7,3,0,0,0,0,0,0,0,1,1,2,2,1,30,6,1461,2,8,RENAULT CLIO,-1,-1,0,-1
2023041278971,2023,041278971,1,9,0,5,5,1,5,0,0,2,0,0,0,0,3,1,6,6,1,21,5,1149,1,11,RENAULT CLIO,7,E01025003,0,-1
2023010462298,2023,010462298,1,9,9,99,99,9,9,99,99,9,9,99,9,99,9,9,2,2,2,26,6,898,1,6,RENAULT CLIO,4,E01002307,0,-1
2023371291191,2023,371291191,1,9,0,4,4,1,5,0,0,1,0,0,0,0,1,1,5,6,2,59,9,1149,1,13,RENAULT CLIO,8,E01029997,0,-1
2023061339495,2023,061339495,2,9,-1,-1,-1,-1,-1,-1,-1,-1,-1,-1,-1,0,-1,1,6,6,1,19,4,1149,1,13,RENAULT CLIO,6,E01012616,0,-1
2023311398129,2023,311398129,4,9,0,18,19,3,7,0,0,0,0,11,0,0,1,1,6,6,2,46,8,999,1,3,RENAULT CLIO,6,E01028295,0,-1
2023010442505,2023,010442505,2,9,0,99,99,9,9,99,99,0,9,99,9,99,9,9,6,6,3,-1,-1,1149,1,10,RENAULT CLIO,-1,-1,0,-1
2023440159819,2023,440159819,3,9,0,4,4,3,7,0,0,0,0,0,0,0,2,1,2,2,1,47,8,1149,1,13,RENAULT CLIO,6,E01022925,0,-1
2023061374894,2023,061374894,2,9,0,3,3,4,8,0,0,0,0,0,0,0,2,1,6,6,1,21,5,898,1,6,RENAULT CLIO,2,E01004948,0,-1
202354D183723,2023,54D183723,1,9,0,9,9,8,4,0,0,1,0,0,0,0,3,1,6,6,2,59,9,1149,1,15,RENAULT CLIO,10,E01023073,0,-1
2023141273514,2023,141273514,2,9,0,18,19,3,7,0,0,0,0,0,0,0,1,1,6,6,1,-1,-1,1461,2,10,RENAULT CLIO,3,E01007345,0,-1
2023332301287,2023,332301287,1,9,0,18,19,6,2,0,0,0,0,0,0,0,1,1,6,6,1,75,10,1149,1,5,RENAULT CLIO,3,E01011961,0,-1
2023991263411,2023,991263411,1,9,0,18,19,2,6,0,0,1,0,0,0,0,1,1,5,6,1,29,6,1461,2,7,RENAULT CLIO,4,-1,0,-1
2023421281482,2023,421281482,2,9,0,18,19,8,4,0,0,1,0,0,0,0,1,1,6,6,2,37,7,1149,1,12,RENAULT CLIO,2,E01021270,0,-1
2023332300766,2023,332300766,1,9,0,4,4,3,7,0,0,0,0,0,0,0,1,1,6,6,1,50,8,1149,1,6,RENAULT CLIO,2,E01013774,0,-1
2023631372684,2023,631372684,1,9,0,18,19,6,2,0,0,0,0,0,0,0,2,1,1,1,2,39,7,999,1,0,RENAULT CLIO,5,W01000696,0,-1
2023351344289,2023,351344289,1,9,0,18,19,5,1,0,0,0,5,0,1,0,4,1,5,6,1,18,4,1149,1,17,RENAULT CLIO,10,E01026233,0,-1
2023440017855,2023,440017855,1,9,0,9,9,3,1,0,0,8,1,0,0,0,1,1,6,6,2,63,9,1149,1,21,RENAULT CLIO,7,E01030429,0,-1
2023131295029,2023,131295029,2,9,0,18,19,5,1,0,0,1,0,0,0,0,1,1,5,6,1,20,4,1461,2,6,RENAULT CLIO,2,E01011032,0,-1
2023061286934,2023,061286934,2,9,0,18,19,3,7,0,0,1,0,0,0,0,1,1,6,6,2,-1,-1,898,1,7,RENAULT CLIO,2,E01005251,0,-1
2023041379116,2023,041379116,2,9,0,4,4,7,3,0,0,0,0,0,0,0,2,1,5,6,2,44,7,1461,2,14,RENAULT CLIO,6,E01010640,0,-1
2023501282580,2023,501282580,1,9,0,18,19,3,7,0,0,0,0,0,0,0,1,1,5,6,1,25,5,1149,1,25,RENAULT CLIO,4,E01015241,0,-1
2023471337958,2023,471337958,1,9,0,17,19,7,3,0,0,0,1,0,7,0,1,1,1,1,1,26,6,1390,1,18,RENAULT CLIO,8,E01021073,0,-1
2023351291232,2023,351291232,1,9,0,18,19,6,2,0,0,0,1,0,0,0,1,1,5,6,1,19,4,1149,1,12,RENAULT CLIO,6,E01023848,0,-1
2023471307146,2023,471307146,1,9,0,18,19,5,1,0,0,0,0,0,0,0,1,1,5,6,1,22,5,1149,1,15,RENAULT CLIO,9,E01016940,0,-1
2023461283507,2023,461283507,1,9,0,9,9,1,7,0,0,1,0,0,0,0,1,1,6,6,1,21,5,999,1,3,RENAULT CLIO,8,E01024542,0,-1
2023332300116,2023,332300116,1,9,0,18,19,2,6,0,0,2,1,7,0,0,1,1,6,6,1,18,4,1149,1,17,RENAULT CLIO,7,E01025647,0,-1
2023421317224,2023,421317224,1,9,0,18,19,7,3,0,0,0,0,0,0,0,4,1,5,6,2,18,4,899,1,9,RENAULT CLIO,6,E01021875,0,-1
2023991266172,2023,991266172,1,9,0,18,19,4,8,0,0,0,0,0,0,0,1,1,1,1,1,32,6,1461,2,7,RENAULT CLIO,5,-1,0,-1
2023311262879,2023,311262879,2,9,0,5,5,5,1,0,0,0,0,0,0,0,1,1,2,2,1,44,7,1461,2,5,RENAULT CLIO,3,E01028296,0,-1
2023522301562,2023,522301562,1,9,0,9,9,2,8,0,0,8,0,0,0,0,4,1,6,6,1,19,4,1149,1,11,RENAULT CLIO,6,E01014769,0,-1
2023361344144,2023,361344144,2,9,0,18,19,7,3,0,0,8,1,0,0,0,2,1,2,2,1,20,4,1149,1,18,RENAULT CLIO,5,E01026738,0,-1
202354B509323,2023,54B509323,3,9,0,4,4,8,4,0,0,0,0,0,0,0,2,1,6,6,2,25,5,1149,1,20,RENAULT CLIO,10,E01015563,0,-1
2023531351453,2023,531351453,2,9,0,16,19,1,5,0,0,1,0,0,0,0,3,2,2,2,1,28,6,899,1,9,RENAULT CLIO,10,E01025615,0,-1
2023221314790,2023,221314790,1,9,0,18,19,6,2,0,0,6,1,0,0,0,3,1,5,6,2,33,6,1390,1,16,RENAULT CLIO,9,E01000696,0,-1
2023201400330,2023,201400330,1,9,0,7,7,3,7,0,0,0,0,0,0,0,1,1,2,2,1,56,9,1598,1,13,RENAULT CLIO,7,E01009613,0,-1
2023520001788,2023,520001788,1,9,0,4,4,9,9,0,0,8,0,0,0,0,1,1,6,6,1,36,7,1149,1,7,RENAULT CLIO,5,E01014431,0,-1
2023991314713,2023,991314713,2,9,0,3,3,1,5,0,0,0,0,0,0,0,1,1,6,6,2,28,6,898,1,7,RENAULT CLIO,10,-1,0,-1
2023101331850,2023,101331850,2,9,0,18,19,3,7,0,0,0,0,0,0,0,3,1,2,2,2,58,9,1149,1,16,RENAULT CLIO,4,E01027550,0,-1
2023332301062,2023,332301062,1,9,0,16,19,7,1,0,0,0,0,0,0,0,1,1,2,2,2,18,4,1149,1,13,RENAULT CLIO,4,W01000129,0,-1
2023531351768,2023,531351768,2,9,0,18,19,5,1,0,0,0,0,0,1,0,3,1,2,2,2,25,5,999,1,3,RENAULT CLIO,10,E01022455,0,-1
2023010429842,2023,010429842,1,9,0,9,9,5,3,0,0,1,0,0,0,0,1,1,2,2,1,27,6,1149,1,18,RENAULT CLIO,5,E01002261,0,-1
2023461388557,2023,461388557,3,9,0,18,19,4,1,0,0,0,0,0,1,0,1,1,6,6,1,20,4,1149,1,10,RENAULT CLIO,6,E01032798,0,-1
2023430454232,2023,430454232,2,9,0,17,19,1,7,0,0,8,0,0,0,0,1,1,6,6,2,-1,-1,1149,1,13,RENAULT CLIO,-1,-1,0,-1
2023543613023,2023,543613023,2,9,0,17,19,4,8,0,0,0,0,0,0,0,1,1,6,6,1,30,6,898,1,4,RENAULT CLIO,7,E01031891,0,-1
2023531276621,2023,531276621,1,9,0,18,19,6,2,0,0,0,2,0,1,4,3,1,5,6,2,38,7,1149,1,19,RENAULT CLIO,8,E01031885,0,-1
2023991434754,2023,991434754,2,9,0,18,19,7,3,0,0,1,0,0,0,0,3,1,6,6,2,65,9,1149,1,8,RENAULT CLIO,9,-1,0,-1
2023201378420,2023,201378420,1,9,0,5,5,5,1,0,0,1,0,0,0,0,1,1,2,2,2,24,5,1461,2,8,RENAULT CLIO,5,E01009791,0,-1
2023351292427,2023,351292427,1,9,0,18,19,6,2,0,0,0,0,0,0,0,3,1,5,6,1,18,4,1149,1,15,RENAULT CLIO,2,E01015633,0,-1
2023371337509,2023,371337509,1,9,0,9,9,2,6,0,0,2,0,0,0,0,1,1,6,6,1,29,6,1461,2,15,RENAULT CLIO,5,E01029960,0,-1
2023201373859,2023,201373859,1,9,0,18,19,2,6,0,0,0,0,0,0,0,1,1,1,1,2,20,4,1149,1,6,RENAULT CLIO,8,E01029633,0,-1
2023311329164,2023,311329164,2,9,0,18,19,5,1,0,0,1,0,0,0,0,3,1,5,6,2,60,9,1461,2,7,RENAULT CLIO,8,E01028172,0,-1
2023010478814,2023,010478814,1,9,0,16,19,5,7,0,0,8,0,0,0,0,1,1,6,6,2,60,9,1149,1,11,RENAULT CLIO,-1,-1,0,-1
2023010473523,2023,010473523,2,9,0,18,19,1,5,0,0,7,9,0,0,0,1,9,6,6,3,-1,-1,999,1,4,RENAULT CLIO,-1,-1,0,-1
2023430310079,2023,430310079,2,9,0,18,19,8,4,0,0,8,0,0,0,0,3,1,6,6,2,65,9,1149,1,15,RENAULT CLIO,7,E01017645,0,-1
2023610020523,2023,610020523,2,9,0,9,9,2,8,0,0,1,0,0,0,0,3,1,1,1,1,43,7,1149,1,20,RENAULT CLIO,1,W01001471,0,-1
2023201316186,2023,201316186,2,9,0,9,9,8,6,0,0,4,0,0,0,0,3,1,6,6,2,35,6,1461,2,12,RENAULT CLIO,3,E01009315,0,-1