collision_index,collision_year,collision_ref_no,vehicle_reference,vehicle_type,towing_and_articulation,vehicle_manoeuvre_historic,vehicle_manoeuvre,vehicle_direction_from,vehicle_direction_to,vehicle_location_restricted_lane_historic,vehicle_location_restricted_lane,junction_location,skidding_and_overturning,hit_object_in_carriageway,vehicle_leaving_carriageway,hit_object_off_carriageway,first_point_of_impact,vehicle_left_hand_drive,journey_purpose_of_driver_historic,journey_purpose_of_driver,sex_of_driver,age_of_driver,age_band_of_driver,engine_capacity_cc,propulsion_code,age_of_vehicle,generic_make_model,driver_imd_decile,lsoa_of_driver,escooter_flag,driver_distance_banding
2023010447931,2023,010447931,2,9,0,99,99,9,9,99,99,9,9,99,9,99,1,9,6,6,3,-1,-1,1390,1,21,RENAULT CLIO,-1,-1,0,-1
2023361422771,2023,361422771,1,9,0,18,19,7,3,0,0,0,0,0,0,0,4,1,1,1,2,54,8,1461,2,20,RENAULT CLIO,5,E01026647,0,-1
2023101331434,2023,101331434,2,9,0,2,2,0,0,0,0,8,0,0,0,0,1,1,6,6,3,-1,-1,1149,1,10,RENAULT CLIO,-1,-1,0,-1
202360A202219,2023,60A202219,2,9,0,9,9,7,3,0,0,6,0,0,0,0,3,1,6,6,2,37,7,1461,2,14,RENAULT CLIO,-1,-1,0,-1
202363B021823,2023,63B021823,1,9,0,18,19,1,5,0,0,0,1,0,7,11,1,1,6,6,2,21,5,1149,1,13,RENAULT CLIO,5,W01000650,0,-1
2023371346258,2023,371346258,1,9,0,18,19,5,1,0,0,1,0,0,0,0,1,1,5,6,1,21,5,1618,1,9,RENAULT CLIO,-1,-1,0,-1
2023991392556,2023,991392556,1,9,0,18,19,6,2,0,0,2,1,0,5,6,1,1,5,6,2,19,4,1149,1,13,RENAULT CLIO,2,-1,0,-1
2023471347169,2023,471347169,2,9,0,9,9,1,5,0,0,5,0,0,0,0,2,1,2,2,2,32,6,1149,1,14,RENAULT CLIO,7,E01031500,0,-1
2023520301435,2023,520301435,3,9,0,18,19,5,1,0,0,0,0,0,0,0,2,1,6,6,2,25,5,999,1,2,RENAULT CLIO,9,E01022564,0,-1
2023451364177,2023,451364177,1,9,0,9,9,3,7,0,0,8,0,0,0,0,3,1,5,6,1,24,5,1461,2,8,RENAULT CLIO,10,E01030514,0,-1
2023501341718,2023,501341718,2,9,0,18,19,3,1,0,0,0,0,0,0,0,1,1,6,6,2,56,9,999,1,0,RENAULT CLIO,6,E01015116,0,-1
2023010435261,2023,010435261,1,9,0,18,19,7,3,0,0,1,0,0,1,0,3,1,6,6,1,18,4,1149,1,19,RENAULT CLIO,2,E01000101,0,-1
2023141274912,2023,141274912,1,9,0,5,5,3,5,0,0,6,1,0,1,0,2,1,5,6,1,66,10,1461,2,7,RENAULT CLIO,2,E01007638,0,-1
2023401326454,2023,401326454,1,9,0,18,19,-1,-1,0,0,8,0,0,0,0,1,1,6,6,3,-1,-1,1461,2,10,RENAULT CLIO,-1,-1,0,-1
2023101351616,2023,101351616,1,9,0,18,19,5,1,0,0,1,0,0,0,0,1,1,6,6,2,24,5,1149,1,8,RENAULT CLIO,5,E01008535,0,-1
2023540591923,2023,540591923,2,9,0,4,4,2,6,0,0,1,0,0,0,0,2,1,6,6,2,52,8,1461,2,7,RENAULT CLIO,3,E01015502,0,-1
2023131322950,2023,131322950,1,9,0,18,19,2,4,0,0,1,0,0,0,0,1,1,6,6,1,27,6,1598,1,16,RENAULT CLIO,1,E01011659,0,-1
2023061297040,2023,061297040,1,9,0,9,9,2,4,0,0,8,0,0,0,0,1,1,6,6,1,30,6,1149,1,13,RENAULT CLIO,1,E01006064,0,-1
2023010472480,2023,010472480,1,9,0,99,99,9,9,99,99,9,9,99,9,99,2,9,2,2,1,21,5,1149,1,15,RENAULT CLIO,3,E01000385,0,-1
2023421293808,2023,421293808,2,9,0,18,19,4,8,0,0,3,0,0,0,0,1,1,5,6,2,19,4,1149,1,13,RENAULT CLIO,3,E01021358,0,-1
2023461365796,2023,461365796,1,9,0,8,8,3,7,0,0,7,0,0,0,0,3,1,1,1,2,63,9,1461,2,17,RENAULT CLIO,4,E01032810,0,-1
202354C502623,2023,54C502623,2,9,0,9,9,4,2,0,0,3,0,0,0,0,3,1,2,2,2,64,9,1149,1,16,RENAULT CLIO,3,E01015502,0,-1
2023010448715,2023,010448715,2,9,0,2,2,0,0,9,9,0,0,0,1,2,1,1,6,6,3,-1,-1,1149,1,13,RENAULT CLIO,-1,-1,0,-1
2023201400608,2023,201400608,2,9,0,2,2,0,0,0,0,2,0,4,0,0,2,1,6,6,2,22,5,1461,2,8,RENAULT CLIO,6,E01009473,0,-1
2023302300070,2023,302300070,1,9,0,18,19,1,5,0,0,2,0,0,0,0,2,1,6,6,1,26,6,1149,1,12,RENAULT CLIO,4,E01019573,0,-1
2023302301919,2023,302301919,1,9,0,18,19,4,8,0,0,8,0,0,0,0,1,1,6,6,1,61,9,1598,8,0,RENAULT CLIO,9,E01013559,0,-1
2023302300465,2023,302300465,1,9,0,18,19,2,6,0,0,0,0,0,0,0,1,1,6,6,2,30,6,899,1,8,RENAULT CLIO,3,E01013457,0,-1
2023440315825,2023,440315825,1,9,0,18,19,6,2,0,0,1,0,0,3,4,1,1,2,2,1,40,7,1149,1,13,RENAULT CLIO,3,E01023120,0,-1
2023131392897,2023,131392897,1,9,0,18,19,3,7,0,0,8,1,10,7,11,1,1,5,6,1,26,6,1149,1,20,RENAULT CLIO,8,E01010709,0,-1
2023471280868,2023,471280868,4,9,0,2,2,0,0,0,0,0,0,0,0,0,0,1,6,6,3,-1,-1,1598,8,1,RENAULT CLIO,-1,-1,0,-1
2023131357445,2023,131357445,1,9,0,9,9,7,5,0,0,0,0,0,0,0,1,2,5,6,1,19,4,1390,1,17,RENAULT CLIO,4,E01010595,0,-1
2023461318459,2023,461318459,1,9,0,17,19,2,6,0,0,0,0,0,0,0,2,1,1,1,2,26,6,1149,1,10,RENAULT CLIO,9,E01032813,0,-1
2023421300855,2023,421300855,1,9,0,18,19,3,7,0,0,0,0,0,0,0,2,1,6,6,1,45,7,1149,1,14,RENAULT CLIO,9,E01015980,0,-1
2023010419706,2023,010419706,1,9,0,18,19,1,5,0,0,3,0,0,0,0,1,2,6,6,1,77,11,1600,1,23,RENAULT CLIO,4,E01003447,0,-1
2023041390739,2023,041390739,2,9,0,9,9,8,4,0,0,3,0,7,0,0,4,1,1,1,2,25,5,898,1,5,RENAULT CLIO,8,E01024939,0,-1
2023421327564,2023,421327564,2,9,0,18,19,5,2,0,0,1,0,0,0,0,1,1,6,6,1,30,6,1598,1,13,RENAULT CLIO,6,E01015961,0,-1
2023991307706,2023,991307706,1,9,0,18,19,3,7,0,0,0,0,0,7,0,1,1,5,6,1,20,4,1149,1,16,RENAULT CLIO,5,-1,0,-1
2023302301690,2023,302301690,1,9,0,9,9,1,8,0,0,6,0,0,0,0,1,1,6,6,1,33,6,1461,2,10,RENAULT CLIO,1,E01013479,0,-1
2023122300082,2023,122300082,3,9,0,4,4,5,1,0,0,1,0,0,0,0,1,1,6,6,2,53,8,1461,2,9,RENAULT CLIO,7,E01027707,0,-1
2023522400226,2023,522400226,1,9,0,18,19,7,3,0,0,8,0,0,0,0,1,1,6,6,1,19,4,1149,1,9,RENAULT CLIO,4,E01014686,0,-1
2023440229973,2023,440229973,1,9,0,3,3,5,1,0,0,0,0,0,0,0,2,1,2,2,2,24,5,1390,1,17,RENAULT CLIO,5,E01017151,0,-1
2023351359639,2023,351359639,1,9,0,5,5,7,3,0,0,4,0,0,0,0,4,1,6,6,1,21,5,1149,1,14,RENAULT CLIO,2,E01018143,0,-1
2023122300697,2023,122300697,1,9,0,7,7,8,2,0,0,5,0,0,0,0,1,1,6,6,1,22,5,999,1,2,RENAULT CLIO,6,E01028220,0,-1
2023122400005,2023,122400005,1,9,0,5,5,6,2,0,0,1,0,0,0,0,1,1,2,2,2,64,9,1598,1,14,RENAULT CLIO,8,E01027650,0,-1
2023010458180,2023,010458180,2,9,0,99,99,9,9,99,99,9,9,99,9,99,1,9,6,6,3,-1,-1,1149,1,15,RENAULT CLIO,-1,-1,0,-1
2023610006323,2023,610006323,1,9,0,18,19,5,1,0,0,0,0,4,0,0,1,1,6,6,1,29,6,1149,1,17,RENAULT CLIO,4,W01001405,0,-1
2023111287074,2023,111287074,1,9,0,18,19,2,6,0,0,4,0,0,0,0,1,1,5,6,1,22,5,1149,1,13,RENAULT CLIO,2,E01011957,0,-1
2023131320922,2023,131320922,2,9,0,9,9,7,3,0,0,8,0,0,0,0,1,1,5,6,2,33,6,899,1,10,RENAULT CLIO,5,E01011441,0,-1
2023430237106,2023,430237106,2,9,0,9,9,5,2,0,0,6,0,0,0,0,1,1,6,6,2,-1,-1,898,1,8,RENAULT CLIO,-1,-1,0,-1
2023010434373,2023,010434373,1,9,0,9,9,8,6,0,0,6,0,0,0,0,1,1,6,6,1,51,8,899,1,10,RENAULT CLIO,-1,-1,0,-1
2023010464805,2023,010464805,2,9,0,99,99,9,9,99,99,9,9,99,9,99,1,9,6,6,3,67,10,898,1,7,RENAULT CLIO,2,E01000785,0,-1
2023041306260,2023,041306260,1,9,0,18,19,6,2,0,0,1,0,0,0,0,1,1,6,6,1,19,4,1149,1,15,RENAULT CLIO,6,E01006929,0,-1
2023401358950,2023,401358950,2,9,0,17,19,5,1,0,0,0,0,0,7,0,2,1,6,6,3,-1,-1,1149,1,17,RENAULT CLIO,-1,-1,0,-1
2023010481419,2023,010481419,1,9,0,5,5,1,5,0,0,8,0,0,0,0,1,1,2,2,1,69,10,1149,1,16,RENAULT CLIO,8,E01000569,0,-1
2023141338316,2023,141338316,1,9,0,18,19,4,8,0,0,0,0,0,0,0,3,1,1,1,1,60,9,1197,1,5,RENAULT CLIO,3,E01007494,0,-1
2023471313063,2023,471313063,1,9,0,7,7,1,3,0,0,8,0,0,0,0,1,1,1,1,2,62,9,898,1,6,RENAULT CLIO,5,E01031750,0,-1
2023221351934,2023,221351934,2,9,0,9,9,8,5,0,0,5,0,0,0,0,4,1,2,2,2,37,7,999,1,2,RENAULT CLIO,2,E01032470,0,-1
2023131308943,2023,131308943,1,9,0,7,7,1,3,0,0,0,0,0,0,0,3,1,5,6,1,79,11,1330,1,3,RENAULT CLIO,8,E01011276,0,-1
2023201298331,2023,201298331,1,9,0,11,11,6,2,0,0,0,1,7,8,0,4,1,6,6,1,39,7,1461,2,15,RENAULT CLIO,1,E01009404,0,-1
2023401330111,2023,401330111,1,9,0,18,19,5,1,0,0,0,1,12,1,1,1,1,5,6,1,18,4,1149,1,11,RENAULT CLIO,5,E01017486,0,-1
2023991317838,2023,991317838,1,9,0,18,19,8,4,0,0,1,0,0,0,0,1,1,5,6,1,26,6,1149,1,13,RENAULT CLIO,-1,-1,0,-1
2023421389078,2023,421389078,1,9,0,18,19,8,4,0,0,1,0,0,0,0,1,1,6,6,2,19,4,1149,1,13,RENAULT CLIO,8,E01015991,0,-1
2023010479800,2023,010479800,1,9,0,4,4,7,3,0,0,0,0,0,0,0,2,1,6,6,2,38,7,1149,1,14,RENAULT CLIO,8,E01002287,0,-1
2023461382374,2023,461382374,1,9,0,3,3,1,2,0,0,0,0,0,0,0,2,1,3,7,1,18,4,1149,1,14,RENAULT CLIO,2,E01024398,0,-1
2023070417649,2023,070417649,1,9,0,15,15,7,3,0,0,0,0,4,0,0,1,1,6,6,2,70,10,1598,1,12,RENAULT CLIO,4,E01012428,0,-1
2023451357975,2023,451357975,2,9,0,3,3,5,1,0,0,0,0,0,0,0,4,1,6,6,2,35,6,899,1,8,RENAULT CLIO,3,E01013474,0,-1
2023111322854,2023,111322854,1,9,0,18,19,1,4,0,0,0,0,0,0,0,1,1,5,6,1,22,5,1390,1,20,RENAULT CLIO,2,E01020618,0,-1
2023122300470,2023,122300470,2,9,0,18,19,8,4,0,0,8,0,0,0,0,1,1,6,6,2,34,6,1149,1,9,RENAULT CLIO,7,E01027739,0,-1
2023201392714,2023,201392714,2,9,0,3,3,1,5,0,0,1,0,0,0,0,4,1,6,6,2,60,9,1149,1,15,RENAULT CLIO,8,E01031281,0,-1
2023201319335,2023,201319335,1,9,0,18,19,4,8,0,0,1,0,0,0,0,1,1,6,6,1,-1,-1,1149,1,13,RENAULT CLIO,-1,-1,0,-1
2023201339197,2023,201339197,1,9,0,5,5,8,4,0,0,0,1,0,0,0,1,1,6,6,1,23,5,1461,2,6,RENAULT CLIO,8,E01010245,0,-1
2023170S11073,2023,170S11073,1,9,0,18,19,6,2,0,0,0,0,0,0,0,1,1,6,6,1,19,4,1149,1,14,RENAULT CLIO,2,E01012193,0,-1
2023361352603,2023,361352603,2,9,-1,8,8,7,6,-1,-1,1,0,0,-1,0,2,1,5,6,2,29,6,1149,1,14,RENAULT CLIO,-1,-1,0,-1
2023010439524,2023,010439524,2,9,0,16,19,5,1,0,0,0,0,0,0,0,0,1,2,2,2,31,6,898,1,7,RENAULT CLIO,3,E01021328,0,-1
2023501308324,2023,501308324,1,9,0,16,19,1,5,0,0,0,1,0,7,11,1,1,6,6,1,27,6,1149,1,16,RENAULT CLIO,-1,-1,0,-1
2023421284443,2023,421284443,1,9,0,16,19,5,1,0,0,1,0,0,0,0,1,1,2,2,1,18,4,899,1,8,RENAULT CLIO,1,E01021500,0,-1
2023302301059,2023,302301059,2,9,0,4,4,8,2,0,0,3,0,0,0,0,2,1,3,7,2,33,6,1461,2,8,RENAULT CLIO,-1,-1,0,-1
2023201453276,2023,201453276,1,9,0,18,19,6,2,0,0,1,0,0,0,0,1,1,6,6,2,19,4,1149,1,8,RENAULT CLIO,8,E01010352,0,-1
2023061293674,2023,061293674,2,9,0,10,10,5,3,9,9,1,0,0,7,0,2,1,5,6,1,42,7,1461,2,8,RENAULT CLIO,8,E01005493,0,-1
2023522300845,2023,522300845,1,9,0,18,19,7,3,0,0,0,0,0,0,0,1,1,6,6,1,24,5,1149,1,12,RENAULT CLIO,2,E01014602,0,-1
2023440345674,2023,440345674,1,9,0,18,19,1,5,0,0,0,0,0,0,0,1,1,6,6,2,26,6,1598,8,0,RENAULT CLIO,2,E01017140,0,-1
2023302300902,2023,302300902,1,9,0,17,19,2,6,0,0,2,0,0,0,0,3,1,6,6,2,43,7,899,1,9,RENAULT CLIO,9,E01019631,0,-1
2023461362346,2023,461362346,1,9,0,6,6,1,2,0,0,0,0,0,0,0,3,1,6,6,2,71,10,1461,2,15,RENAULT CLIO,4,E01024587,0,-1
2023320293813,2023,320293813,1,9,0,13,13,8,4,0,0,1,0,0,0,0,1,1,1,1,2,64,9,1598,1,15,RENAULT CLIO,-1,-1,0,-1
2023101316383,2023,101316383,2,9,0,3,3,1,5,0,0,2,0,0,0,0,2,1,2,2,1,18,4,1149,1,8,RENAULT CLIO,4,E01008814,0,-1
2023991378675,2023,991378675,5,9,0,4,4,4,8,0,0,0,0,0,0,0,3,1,2,2,1,23,5,1461,2,7,RENAULT CLIO,10,-1,0,-1
2023411391336,2023,411391336,2,9,0,18,19,5,1,0,0,0,0,0,0,0,2,1,6,6,1,20,4,1618,1,6,RENAULT CLIO,8,E01023315,0,-1
2023052300099,2023,052300099,1,9,0,18,19,1,5,0,0,3,0,0,0,0,1,1,3,7,2,29,6,1461,2,16,RENAULT CLIO,1,E01007008,0,-1
2023052301402,2023,052301402,2,9,0,18,19,5,1,0,0,0,0,0,0,0,1,1,6,6,1,-1,-1,1390,1,17,RENAULT CLIO,-1,-1,0,-1
2023201312759,2023,201312759,1,9,0,9,9,7,3,0,0,5,0,0,0,0,4,1,6,6,2,65,9,1149,1,15,RENAULT CLIO,4,E01029634,0,-1
2023991367951,2023,991367951,1,9,0,18,19,4,8,0,0,0,0,0,1,11,1,1,2,2,2,32,6,1149,1,12,RENAULT CLIO,5,-1,0,-1
2023010474432,2023,010474432,1,9,0,99,99,9,9,99,99,9,9,99,9,99,1,9,6,6,2,21,5,1149,1,15,RENAULT CLIO,10,E01032624,0,-1
2023122300649,2023,122300649,1,9,0,18,19,3,7,9,9,0,0,0,1,2,1,1,6,6,2,80,11,1461,2,8,RENAULT CLIO,7,E01027816,0,-1
202363B017923,2023,63B017923,2,9,0,18,19,5,1,0,0,8,1,0,0,0,1,1,6,6,1,53,8,1149,1,11,RENAULT CLIO,7,W01000523,0,-1
2023471263448,2023,471263448,1,9,0,7,7,6,7,0,0,6,0,4,0,0,1,1,6,6,1,55,8,1998,1,12,RENAULT CLIO,10,E01031680,0,-1
2023440182509,2023,440182509,1,9,0,18,19,7,3,0,0,3,0,10,1,7,4,1,6,6,1,18,4,1149,1,11,RENAULT CLIO,9,E01016308,0,-1
2023430120553,2023,430120553,1,9,0,8,8,8,2,0,0,1,0,0,0,0,2,1,6,6,2,46,8,1461,2,8,RENAULT CLIO,8,E01016610,0,-1
202363A004723,2023,63A004723,1,9,0,18,19,8,4,0,0,2,0,0,0,0,3,1,6,6,2,36,7,1461,2,17,RENAULT CLIO,2,W01000705,0,-1
2023471280615,2023,471280615,1,9,0,9,9,7,5,0,0,1,0,0,0,0,1,1,5,6,1,18,4,1149,1,15,RENAULT CLIO,6,E01031669,0,-1
2023211366760,2023,211366760,1,9,0,9,9,1,5,0,0,5,0,0,0,0,1,1,3,7,2,40,7,899,1,9,RENAULT CLIO,5,E01032897,0,-1
2023131294874,2023,131294874,2,9,0,2,2,0,0,0,0,0,0,0,0,0,0,1,6,6,3,-1,-1,1149,1,10,RENAULT CLIO,-1,-1,0,-1
2023361320426,2023,361320426,2,9,0,17,19,8,5,0,0,8,0,0,0,0,1,1,6,6,2,74,10,1330,1,3,RENAULT CLIO,4,E01026651,0,-1
2023221375607,2023,221375607,1,9,0,18,19,8,4,0,0,0,0,4,1,0,1,1,6,6,2,40,7,1149,1,16,RENAULT CLIO,4,E01032275,0,-1
2023991301328,2023,991301328,1,9,0,3,3,5,1,0,0,1,0,0,0,0,2,1,6,6,2,46,8,1461,2,6,RENAULT CLIO,3,-1,0,-1
2023991304502,2023,991304502,1,9,0,18,19,3,8,0,0,4,0,0,0,0,1,1,2,2,2,30,6,999,1,3,RENAULT CLIO,2,-1,0,-1
2023451318732,2023,451318732,3,9,0,18,19,3,7,0,0,1,0,0,0,0,1,1,2,2,1,23,5,1149,1,13,RENAULT CLIO,10,E01003825,0,-1
2023430374634,2023,430374634,1,9,0,9,9,8,6,0,0,6,0,0,0,0,4,1,6,6,2,30,6,1149,1,9,RENAULT CLIO,3,E01016714,0,-1
2023411394395,2023,411394395,1,9,0,9,9,2,1,0,0,6,0,0,0,0,1,1,1,1,1,19,4,1149,1,11,RENAULT CLIO,7,E01023799,0,-1
2023101370053,2023,101370053,1,9,0,9,9,5,6,0,0,2,0,0,3,0,1,1,5,6,1,88,11,1149,1,16,RENAULT CLIO,1,E01027527,0,-1
2023302301281,2023,302301281,2,9,0,18,19,6,2,0,0,8,0,0,0,0,2,1,6,6,1,31,6,1149,1,10,RENAULT CLIO,9,E01028398,0,-1
2023010465309,2023,010465309,1,9,0,10,10,5,2,0,0,1,0,0,0,0,4,1,6,6,2,37,7,898,1,4,RENAULT CLIO,3,E01003725,0,-1
2023141317031,2023,141317031,1,9,0,1,1,-1,-1,9,9,0,0,0,0,0,2,1,6,6,3,-1,-1,898,1,4,RENAULT CLIO,-1,-1,0,-1
2023141356795,2023,141356795,1,9,0,4,4,5,1,0,0,0,0,0,0,0,2,1,2,2,1,44,7,999,1,2,RENAULT CLIO,1,E01008061,0,-1
2023471359090,2023,471359090,2,9,0,9,9,3,7,0,0,8,0,0,0,0,1,1,2,2,1,27,6,1149,1,18,RENAULT CLIO,4,E01031809,0,-1
2023170M11193,2023,170M11193,2,9,0,18,19,2,6,0,0,8,0,0,0,0,4,1,6,6,1,29,6,1149,1,15,RENAULT CLIO,8,E01012189,0,-1
2023351372183,2023,351372183,1,9,0,18,19,-1,-1,0,0,0,1,11,0,0,1,1,5,6,1,19,4,1149,1,15,RENAULT CLIO,5,E01030151,0,-1
2023010424233,2023,010424233,2,9,0,3,3,1,5,0,0,1,0,0,0,0,1,1,6,6,2,30,6,1149,1,8,RENAULT CLIO,4,E01003023,0,-1
2023041277596,2023,041277596,1,9,0,18,19,3,7,0,0,1,0,0,0,0,1,1,2,2,2,36,7,1461,2,7,RENAULT CLIO,1,E01012738,0,-1
2023440212509,2023,440212509,2,9,0,5,5,7,1,0,0,1,0,0,0,0,3,1,6,6,1,23,5,1149,1,18,RENAULT CLIO,10,E01023239,0,-1
2023010457231,2023,010457231,1,9,0,18,19,5,1,0,0,1,0,0,0,0,4,1,6,6,1,32,6,898,1,6,RENAULT CLIO,4,E01004547,0,-1
2023211303667,2023,211303667,1,9,-1,12,12,2,6,-1,-1,0,-1,-1,-1,0,-1,1,5,6,1,28,6,1149,1,14,RENAULT CLIO,3,E01029787,0,-1
2023411378519,2023,411378519,1,9,0,18,19,5,1,0,0,0,1,12,8,0,3,1,6,6,1,18,4,899,1,9,RENAULT CLIO,6,E01023746,0,-1
2023622300098,2023,622300098,2,9,0,4,4,3,7,0,0,0,0,0,0,0,2,1,2,2,1,22,5,1149,1,14,RENAULT CLIO,7,W01000766,0,-1
2023111352919,2023,111352919,1,9,0,9,9,4,8,0,0,1,0,0,0,0,1,1,1,1,1,41,7,1461,2,6,RENAULT CLIO,7,E01020684,0,-1
2023991368830,2023,991368830,1,9,0,18,19,8,4,0,0,0,0,4,0,0,1,1,2,2,2,61,9,1461,2,4,RENAULT CLIO,-1,-1,0,-1
2023440250618,2023,440250618,1,9,0,18,19,3,7,0,0,0,0,0,0,0,1,1,6,6,1,76,11,1598,8,2,RENAULT CLIO,2,E01022906,0,-1
2023052300621,2023,052300621,1,9,0,18,19,5,1,0,0,1,0,0,0,0,3,1,6,6,2,31,6,1461,2,8,RENAULT CLIO,7,E01006940,0,-1
2023421366467,2023,421366467,2,9,0,9,9,6,4,0,0,2,0,0,0,0,4,1,5,6,1,21,5,1149,1,15,RENAULT CLIO,6,E01002293,0,-1
2023231279150,2023,231279150,1,9,0,6,6,5,5,0,0,0,0,0,0,0,1,1,6,6,1,26,6,1461,2,19,RENAULT CLIO,1,E01031273,0,-1
2023161364900,2023,161364900,3,9,0,18,19,1,5,0,0,0,0,0,0,0,3,1,6,6,2,30,6,1461,2,15,RENAULT CLIO,1,E01012894,0,-1
2023631365773,2023,631365773,1,9,0,18,19,3,7,0,0,1,0,0,0,0,1,1,5,6,2,43,7,1149,1,12,RENAULT CLIO,4,W01000718,0,-1
2023520000820,2023,520000820,2,9,0,18,19,2,4,0,0,1,0,0,0,0,1,1,6,6,1,24,5,1149,1,16,RENAULT CLIO,9,E01032060,0,-1
2023010429881,2023,010429881,1,9,0,99,99,9,9,99,99,9,9,99,9,99,2,9,6,6,2,27,6,1149,1,15,RENAULT CLIO,2,E01001081,0,-1
2023161389527,2023,161389527,1,9,0,18,19,5,1,2,2,1,0,0,0,0,3,1,5,6,2,27,6,1390,1,16,RENAULT CLIO,2,E01012886,0,-1
2023451284878,2023,451284878,2,9,0,18,19,5,1,0,0,0,0,0,0,0,2,1,6,6,1,33,6,1149,1,15,RENAULT CLIO,4,E01028158,0,-1
2023311285903,2023,311285903,1,9,0,18,19,1,5,0,0,0,0,4,0,0,1,1,6,6,1,31,6,1149,1,17,RENAULT CLIO,1,E01027966,0,-1
2023471352442,2023,471352442,2,9,0,3,3,5,8,0,0,8,0,0,0,0,2,1,3,7,2,22,5,1461,2,14,RENAULT CLIO,3,E01031444,0,-1
2023221348259,2023,221348259,1,9,0,9,9,5,3,0,0,5,0,0,0,0,1,1,5,6,1,19,4,1390,1,16,RENAULT CLIO,10,E01031948,0,-1
2023440224155,2023,440224155,2,9,0,9,9,6,4,0,0,8,0,0,0,0,4,1,2,2,2,39,7,898,1,7,RENAULT CLIO,10,E01022588,0,-1
2023041361390,2023,041361390,1,9,0,18,19,1,5,0,0,1,0,0,0,0,4,1,2,2,1,49,8,1149,1,19,RENAULT CLIO,1,E01012586,0,-1
2023991287613,2023,991287613,3,9,0,18,19,1,5,0,0,0,0,0,0,0,2,1,6,6,2,65,9,999,1,2,RENAULT CLIO,8,-1,0,-1
2023451328000,2023,451328000,1,9,0,18,19,5,1,0,0,1,0,0,0,0,1,1,5,6,1,17,4,1149,1,17,RENAULT CLIO,10,E01016199,0,-1
2023552301112,2023,552301112,1,9,0,7,7,4,6,0,0,5,0,0,0,0,4,1,6,6,1,27,6,1390,1,16,RENAULT CLIO,6,E01015337,0,-1
2023471304317,2023,471304317,1,9,0,7,7,8,3,0,0,6,1,0,0,0,1,1,6,6,2,-1,-1,1149,1,14,RENAULT CLIO,8,E01031505,0,-1
2023991309437,2023,991309437,1,9,0,5,5,5,3,0,0,6,1,0,0,0,3,1,5,6,2,23,5,1149,1,6,RENAULT CLIO,3,-1,0,-1
2023531327373,2023,531327373,3,9,0,4,4,1,5,0,0,0,0,0,0,0,2,1,5,6,2,50,8,1149,1,14,RENAULT CLIO,8,E01022432,0,-1
2023501360489,2023,501360489,1,9,0,17,19,5,1,0,0,3,0,0,0,0,4,1,5,6,2,33,6,1149,1,16,RENAULT CLIO,4,E01018866,0,-1
2023451343706,2023,451343706,1,9,0,18,19,1,5,0,0,0,0,0,0,0,1,1,5,6,2,88,11,1149,1,11,RENAULT CLIO,8,E01002949,0,-1
2023520301525,2023,520301525,1,9,0,18,19,4,7,0,0,8,0,0,7,11,1,1,6,6,2,20,4,1149,1,14,RENAULT CLIO,7,E01029269,0,-1
2023351359262,2023,351359262,1,9,0,18,19,-1,-1,0,0,0,0,0,0,0,0,1,3,7,2,33,6,999,1,1,RENAULT CLIO,5,E01018080,0,-1
2023401288537,2023,401288537,1,9,0,9,9,6,4,0,0,1,0,0,0,0,1,1,1,1,2,51,8,1149,1,17,RENAULT CLIO,2,E01015703,0,-1
2023131392090,2023,131392090,2,9,0,9,9,3,5,0,0,8,0,0,0,0,3,1,6,6,1,34,6,898,1,7,RENAULT CLIO,1,E01011918,0,-1
2023101345182,2023,101345182,1,9,0,5,5,5,3,0,0,2,0,0,0,0,1,1,5,6,2,84,11,1149,1,15,RENAULT CLIO,4,E01008174,0,-1
2023131280189,2023,131280189,1,9,0,14,14,7,7,0,0,0,0,0,0,0,1,1,5,6,1,88,11,1390,1,24,RENAULT CLIO,8,E01032503,0,-1
2023332300347,2023,332300347,2,9,0,2,2,0,0,0,0,0,0,0,0,0,3,1,6,6,3,-1,-1,1149,1,16,RENAULT CLIO,-1,-1,0,-1
2023010428689,2023,010428689,2,9,0,2,2,0,0,0,0,0,1,0,7,4,2,1,6,6,3,-1,-1,1390,1,18,RENAULT CLIO,-1,-1,0,-1
2023411342253,2023,411342253,1,9,0,5,5,3,5,0,0,4,0,0,0,0,1,1,6,6,1,21,5,1598,1,11,RENAULT CLIO,7,E01023760,0,-1
2023221378207,2023,221378207,2,9,0,9,9,7,4,0,0,6,0,0,0,0,1,1,6,6,1,33,6,1461,2,9,RENAULT CLIO,3,E01032187,0,-1
2023010422455,2023,010422455,1,9,0,2,2,0,0,0,0,9,0,4,0,0,3,9,6,6,3,-1,-1,1461,2,10,RENAULT CLIO,-1,-1,0,-1
2023070275835,2023,070275835,2,9,0,16,19,4,8,0,0,0,1,0,0,0,3,1,6,6,2,29,6,1149,1,14,RENAULT CLIO,3,E01006106,0,-1