collision_index,collision_year,collision_ref_no,vehicle_reference,vehicle_type,towing_and_articulation,vehicle_manoeuvre_historic,vehicle_manoeuvre,vehicle_direction_from,vehicle_direction_to,vehicle_location_restricted_lane_historic,vehicle_location_restricted_lane,junction_location,skidding_and_overturning,hit_object_in_carriageway,vehicle_leaving_carriageway,hit_object_off_carriageway,first_point_of_impact,vehicle_left_hand_drive,journey_purpose_of_driver_historic,journey_purpose_of_driver,sex_of_driver,age_of_driver,age_band_of_driver,engine_capacity_cc,propulsion_code,age_of_vehicle,generic_make_model,driver_imd_decile,lsoa_of_driver,escooter_flag,driver_distance_banding
2023340WN2002,2023,340WN2002,2,2,0,7,7,7,1,0,0,5,0,0,1,0,3,1,6,6,1,62,9,49,1,12,-1,4,E01027189,0,-1
2023122301284,2023,122301284,1,2,0,9,9,7,5,0,0,8,1,0,0,0,3,1,6,6,1,17,4,49,1,5,-1,6,E01027622,0,-1
2023991345644,2023,991345644,1,3,0,16,19,2,6,0,0,1,1,0,0,0,4,1,5,6,1,36,7,124,1,15,-1,1,-1,0,-1
2023991277707,2023,991277707,1,9,0,18,19,1,5,0,0,0,0,11,0,0,1,1,2,2,1,56,9,1998,1,36,-1,-1,-1,0,-1
2023141269260,2023,141269260,1,9,0,16,19,7,4,0,0,0,0,0,0,0,2,1,5,6,1,79,11,2487,8,2,-1,6,E01007560,0,-1
2023461298476,2023,461298476,3,9,0,18,19,2,6,0,0,1,0,0,0,0,1,1,5,6,1,37,7,2487,8,2,-1,3,E01022575,0,-1
2023311402627,2023,311402627,2,8,0,18,19,5,1,0,0,2,0,0,0,0,4,1,1,1,1,41,7,2487,8,3,-1,-1,-1,0,-1
2023010437314,2023,010437314,2,9,0,16,19,1,5,0,0,0,0,0,0,0,3,1,1,1,1,46,8,2487,8,3,-1,9,E01003365,0,-1
2023010481213,2023,010481213,1,9,0,2,2,0,0,0,0,1,0,0,0,0,0,1,6,6,3,-1,-1,2487,8,4,-1,-1,-1,0,-1
2023061382142,2023,061382142,2,8,0,3,3,4,8,0,0,1,0,0,0,0,2,1,1,1,1,46,8,2487,8,4,-1,2,E01004830,0,-1
2023311296852,2023,311296852,2,8,0,5,5,4,8,0,0,1,0,0,0,0,3,1,1,1,1,38,7,2487,8,2,-1,-1,-1,0,-1
2023231268492,2023,231268492,1,9,0,18,19,6,2,0,0,1,0,0,0,0,1,1,6,6,1,65,9,2487,8,3,-1,10,E01031143,0,-1
2023548766423,2023,548766423,2,5,0,18,19,4,8,0,0,1,0,0,0,0,1,1,6,6,2,60,9,900,1,6,-1,3,E01015527,0,-1
2023010442083,2023,010442083,2,5,0,7,7,7,1,0,0,5,0,0,0,0,1,1,1,1,1,45,7,900,1,4,-1,6,E01004485,0,-1
2023520301709,2023,520301709,2,5,0,18,19,8,4,0,0,0,0,0,1,1,4,1,6,6,1,32,6,900,1,6,-1,6,E01029084,0,-1
2023361263737,2023,361263737,1,19,0,12,12,7,1,0,0,0,0,0,0,0,1,1,6,6,1,55,8,1896,2,21,-1,1,E01026800,0,-1
2023052300637,2023,052300637,1,9,0,7,7,3,7,0,0,6,0,0,0,0,1,1,6,6,1,37,7,1498,1,6,VOLVO V40,4,E01006459,0,-1
2023311345070,2023,311345070,2,9,0,18,19,5,2,0,0,1,0,0,0,0,1,1,5,6,1,85,11,1969,1,5,VOLVO V40,8,E01028321,0,-1
2023351306320,2023,351306320,2,9,0,18,19,4,8,0,0,0,1,0,1,9,3,1,6,6,1,29,6,1969,2,5,VOLVO V40,8,E01018003,0,-1
2023041385136,2023,041385136,2,9,0,3,3,6,2,0,0,0,0,0,0,0,2,1,5,6,2,69,10,1498,1,4,VOLVO V40,8,E01004780,0,-1
2023430011191,2023,430011191,2,9,0,18,19,8,4,0,0,0,0,0,0,0,1,1,2,2,1,25,5,1969,2,5,VOLVO V40,10,E01020165,0,-1
2023411312869,2023,411312869,2,9,0,3,3,2,4,0,0,4,0,0,0,0,2,1,2,2,2,37,7,1969,1,6,VOLVO V40,10,E01023454,0,-1
2023543987023,2023,543987023,1,9,0,9,9,8,6,0,0,1,0,0,0,0,1,1,6,6,2,54,8,1596,1,9,VOLVO V40,6,E01032091,0,-1
2023371276072,2023,371276072,4,9,0,3,3,7,3,0,0,0,0,0,0,0,2,1,6,6,2,52,8,1969,2,7,VOLVO V40,5,E01026648,0,-1
2023101260345,2023,101260345,1,9,-1,9,9,1,6,0,0,8,0,0,0,0,1,1,6,6,1,27,6,1783,1,19,VOLVO V40,-1,-1,0,-1
2023430505523,2023,430505523,2,9,0,3,3,8,4,0,0,1,0,0,0,0,2,1,2,2,2,41,7,1560,2,10,VOLVO V40,7,E01016825,0,-1
2023131384512,2023,131384512,2,9,0,18,19,7,3,0,0,2,0,0,0,0,4,1,6,6,2,41,7,1560,2,10,VOLVO V40,8,E01011769,0,-1
2023552300901,2023,552300901,2,9,0,5,5,6,2,0,0,4,0,0,0,0,1,1,6,6,1,42,7,1948,1,26,VOLVO V40,1,E01015282,0,-1
2023201323126,2023,201323126,2,9,0,4,4,8,4,0,0,0,0,0,0,0,2,1,2,2,2,27,6,1969,1,8,VOLVO V40,-1,-1,0,-1
2023991375359,2023,991375359,1,9,0,9,9,8,6,0,0,6,0,0,0,0,3,1,5,6,1,91,11,1560,2,9,VOLVO V40,4,-1,0,-1
2023111361040,2023,111361040,2,9,-1,18,19,2,1,0,0,3,0,0,0,0,4,1,6,6,1,27,6,1560,2,9,VOLVO V40,5,E01020620,0,-1
2023031300368,2023,031300368,1,9,0,9,9,7,3,0,0,6,0,0,0,0,1,1,6,6,2,32,6,1969,1,7,VOLVO V40,10,E01019244,0,-1
2023461287580,2023,461287580,1,9,0,18,19,2,6,0,0,0,1,0,1,0,1,1,6,6,2,59,9,1969,1,5,VOLVO V40,8,E01024642,0,-1
2023221381054,2023,221381054,3,9,0,18,19,6,3,0,0,1,0,0,0,0,1,1,6,6,2,58,9,1969,2,6,VOLVO V40,9,E01032150,0,-1
2023531378140,2023,531378140,2,9,0,4,4,5,1,0,0,0,0,4,0,0,2,1,5,6,2,58,9,1969,2,7,VOLVO V40,6,E01032935,0,-1
2023320357505,2023,320357505,2,9,0,4,4,2,6,0,0,0,0,0,0,0,2,1,6,6,2,52,8,1984,2,9,VOLVO V40,5,E01015669,0,-1
2023010426423,2023,010426423,1,9,0,9,9,1,7,0,0,8,0,0,0,0,3,1,6,6,1,28,6,1498,1,4,VOLVO V40,5,E01016479,0,-1
2023451262043,2023,451262043,2,9,0,18,19,7,3,0,0,1,0,0,0,0,1,1,1,1,1,58,9,1969,2,7,VOLVO V40,10,E01030871,0,-1
2023131381279,2023,131381279,2,9,0,18,19,1,5,0,0,0,0,0,0,0,4,1,6,6,1,23,5,1560,2,8,VOLVO V40,-1,-1,0,-1
2023010465533,2023,010465533,2,9,0,3,3,3,7,0,0,0,0,0,0,0,2,1,6,6,1,44,7,1498,1,4,VOLVO V40,-1,-1,0,-1
2023430027966,2023,430027966,1,9,0,18,19,2,6,0,0,0,0,0,0,0,1,1,6,6,1,89,11,1498,1,5,VOLVO V40,7,E01016317,0,-1
2023041309134,2023,041309134,2,9,0,18,19,5,1,0,0,0,0,0,0,0,1,1,2,2,2,61,9,1969,2,6,VOLVO V40,2,E01024941,0,-1
2023451299791,2023,451299791,2,9,0,18,19,7,3,0,0,8,0,0,0,0,3,1,1,1,1,59,9,1498,1,5,VOLVO V40,5,E01030664,0,-1
2023211338268,2023,211338268,1,9,0,7,7,5,2,0,0,3,0,0,0,0,4,1,2,2,1,57,9,1969,2,4,VOLVO V40,2,E01010372,0,-1
2023221379103,2023,221379103,2,9,0,13,13,6,2,0,0,0,0,0,0,0,0,1,2,2,1,32,6,1969,2,7,VOLVO V40,-1,-1,0,-1
2023031303349,2023,031303349,1,9,0,18,19,1,5,0,0,0,0,10,7,11,4,1,6,6,1,25,5,1560,2,10,VOLVO V40,6,E01019317,0,-1
2023131300117,2023,131300117,1,9,0,18,19,7,3,0,0,2,0,0,0,0,1,1,2,2,2,37,7,1498,1,5,VOLVO V40,2,E01011424,0,-1
2023010422278,2023,010422278,1,9,0,18,19,1,5,0,0,1,0,0,0,0,1,1,1,1,1,49,8,1498,1,5,VOLVO V40,5,E01000285,0,-1
2023061300454,2023,061300454,3,9,0,2,2,0,0,0,0,2,0,4,0,0,3,1,6,6,3,-1,-1,1560,2,9,VOLVO V40,-1,-1,0,-1
2023351390706,2023,351390706,2,9,0,11,11,1,5,0,0,4,0,0,0,0,2,1,5,6,2,33,6,1969,2,5,VOLVO V40,6,E01015679,0,-1
2023411278613,2023,411278613,2,9,0,4,4,-1,-1,0,0,0,0,0,0,0,2,1,6,6,2,48,8,1969,1,5,VOLVO V40,2,E01010146,0,-1
2023010441386,2023,010441386,1,9,0,9,9,5,2,0,0,5,0,0,0,0,1,1,6,6,1,60,9,1969,1,5,VOLVO V40,9,E01003458,0,-1
2023131352858,2023,131352858,1,9,0,1,1,-1,-1,0,0,1,0,-1,-1,0,2,1,6,6,3,-1,-1,1560,2,10,VOLVO V40,-1,-1,0,-1
2023221342599,2023,221342599,2,9,0,4,4,5,1,0,0,8,0,0,0,0,2,1,6,6,1,22,5,1969,1,4,VOLVO V40,8,E01005401,0,-1
2023501305425,2023,501305425,1,9,0,18,19,7,3,0,0,0,1,0,0,0,3,1,5,6,2,34,6,1969,2,7,VOLVO V40,4,E01020279,0,-1
2023101346194,2023,101346194,1,9,0,5,5,3,7,0,0,8,0,0,0,0,1,1,6,6,2,42,7,1560,2,9,VOLVO V40,6,E01027472,0,-1
2023461303222,2023,461303222,1,9,0,3,3,3,7,0,0,1,5,4,0,0,1,1,6,6,1,33,6,1783,1,20,VOLVO V40,1,E01024676,0,-1
2023201375050,2023,201375050,1,9,0,18,19,1,5,0,0,8,0,0,0,0,1,1,6,6,1,29,6,1498,1,5,VOLVO V40,4,E01008982,0,-1
2023332300118,2023,332300118,2,9,0,18,19,5,1,0,0,8,0,0,0,0,1,1,6,6,2,34,6,1560,2,9,VOLVO V40,4,E01013618,0,-1
2023010439899,2023,010439899,1,9,0,9,9,8,5,0,0,8,0,0,0,0,4,1,6,6,2,42,7,1498,1,4,VOLVO V40,8,E01003404,0,-1
2023302300989,2023,302300989,1,9,0,18,19,3,7,0,0,1,0,0,0,0,1,1,6,6,1,22,5,1560,2,8,VOLVO V40,9,E01019841,0,-1
2023501333276,2023,501333276,1,9,0,16,19,4,8,0,0,0,1,0,0,0,1,1,5,6,2,25,5,1560,2,9,VOLVO V40,5,E01019039,0,-1
2023332300884,2023,332300884,2,9,0,9,9,4,2,0,0,6,0,0,0,0,1,1,6,6,1,79,11,1984,2,10,VOLVO V40,2,E01013739,0,-1
2023010468564,2023,010468564,2,9,0,99,99,9,9,99,99,9,9,99,9,99,2,9,6,6,3,-1,-1,1560,2,9,VOLVO V40,-1,-1,0,-1
2023320743868,2023,320743868,2,9,0,9,9,1,3,9,9,6,0,0,0,0,0,1,6,6,1,37,7,1560,2,11,VOLVO V40,-1,-1,0,-1
2023440166447,2023,440166447,2,9,0,18,19,1,5,0,0,8,0,0,0,0,4,1,6,6,1,40,7,1560,2,8,VOLVO V40,4,E01017192,0,-1
2023430466714,2023,430466714,1,9,0,7,7,8,2,0,0,6,0,0,0,0,3,1,2,2,1,46,8,1560,2,9,VOLVO V40,5,E01028542,0,-1
2023332300806,2023,332300806,3,9,0,18,19,7,3,0,0,0,0,0,0,0,4,1,6,6,1,54,8,1560,2,10,VOLVO V40,10,E01025632,0,-1
2023122300739,2023,122300739,1,9,0,18,19,5,8,0,0,0,0,0,0,0,1,1,6,6,1,54,8,1984,2,9,VOLVO V40,5,E01027795,0,-1
202360A172201,2023,60A172201,2,9,0,4,4,1,5,0,0,5,0,0,0,0,3,1,2,2,1,58,9,1969,2,7,VOLVO V40,-1,-1,0,-1
2023622300071,2023,622300071,1,9,0,18,19,5,1,0,0,0,0,0,0,0,1,1,6,6,1,84,11,1969,2,6,VOLVO V40,4,W01000931,0,-1
2023101340485,2023,101340485,1,9,0,9,9,7,3,0,0,0,1,0,0,0,3,1,5,6,1,74,10,1498,1,5,VOLVO V40,1,E01008289,0,-1
2023221325249,2023,221325249,1,9,0,9,9,5,3,0,0,5,0,0,0,0,1,1,5,6,1,46,8,1969,2,4,VOLVO V40,9,E01022212,0,-1
2023440019048,2023,440019048,3,9,0,3,3,7,2,0,0,1,0,0,0,0,3,1,6,6,1,53,8,1498,1,5,VOLVO V40,9,E01032848,0,-1
2023501306044,2023,501306044,2,9,0,18,19,6,1,0,0,0,1,0,4,0,3,1,6,6,1,32,6,1870,2,21,VOLVO V40,2,E01015096,0,-1
2023031335821,2023,031335821,4,9,0,2,2,0,0,0,0,0,0,4,0,0,3,1,6,6,3,-1,-1,1498,1,4,VOLVO V40,-1,-1,0,-1
2023440337702,2023,440337702,1,9,0,18,19,5,1,0,0,1,0,0,0,0,1,1,6,6,1,22,5,1560,2,10,VOLVO V40,3,E01022904,0,-1
2023141383971,2023,141383971,1,9,0,18,19,3,7,0,0,0,0,0,7,9,1,1,6,6,2,-1,-1,1560,2,9,VOLVO V40,8,E01028047,0,-1
2023622300547,2023,622300547,1,9,0,18,19,1,3,0,0,5,0,0,0,0,1,1,6,6,2,55,8,1969,2,5,VOLVO V40,3,W01001312,0,-1
2023201335700,2023,201335700,1,9,0,18,19,7,3,0,0,2,0,0,0,0,0,1,2,2,2,57,9,1560,2,11,VOLVO V40,4,E01009071,0,-1
2023622300500,2023,622300500,2,9,0,18,19,2,6,0,0,1,0,0,0,0,3,1,2,2,2,54,8,1560,2,8,VOLVO V40,6,W01000803,0,-1
2023471389942,2023,471389942,1,9,0,6,6,5,5,0,0,0,0,0,0,0,1,1,1,1,1,35,6,1560,2,10,VOLVO V40,8,E01031642,0,-1
2023131283989,2023,131283989,2,9,0,17,19,1,5,0,0,1,0,0,0,0,3,1,2,2,2,26,6,1560,2,8,VOLVO V40,6,E01010785,0,-1
2023311321812,2023,311321812,1,9,0,9,9,2,6,0,0,0,0,0,0,0,1,1,2,2,1,39,7,1969,2,7,VOLVO V40,8,E01027999,0,-1
2023361312530,2023,361312530,1,9,0,18,19,3,7,0,0,0,0,0,0,0,1,1,6,6,1,40,7,1969,2,8,VOLVO V40,1,E01026848,0,-1
2023131297483,2023,131297483,1,9,0,18,19,1,5,0,0,4,0,0,0,0,4,1,6,6,2,44,7,1969,1,7,VOLVO V40,2,E01011726,0,-1
2023522301642,2023,522301642,7,9,0,2,2,0,0,0,0,0,0,0,0,0,3,1,6,6,3,-1,-1,1969,1,6,VOLVO V40,-1,-1,0,-1
2023010463926,2023,010463926,1,9,0,9,9,5,2,0,0,8,0,0,0,0,1,1,6,6,1,45,7,1969,1,5,VOLVO V40,10,E01004477,0,-1
2023411333561,2023,411333561,1,9,0,17,19,3,7,0,0,1,0,0,0,0,1,1,6,6,2,36,7,1969,2,6,VOLVO V40,4,E01015810,0,-1
2023552300721,2023,552300721,1,9,0,9,9,4,2,0,0,6,0,0,0,0,1,1,6,6,2,74,10,1948,1,23,VOLVO V40,7,E01020481,0,-1
2023010449970,2023,010449970,1,9,0,4,4,3,7,0,0,0,0,0,0,0,2,1,6,6,2,46,8,1560,2,10,VOLVO V40,7,E01016123,0,-1
2023211334460,2023,211334460,1,9,0,18,19,7,3,0,0,1,0,0,0,0,1,1,2,2,2,40,7,1969,2,6,VOLVO V40,3,E01014322,0,-1
2023131374138,2023,131374138,3,9,0,18,19,1,5,0,0,0,0,0,0,0,1,1,6,6,2,41,7,1560,2,10,VOLVO V40,-1,-1,0,-1
2023141373793,2023,141373793,1,9,0,3,3,1,5,0,0,1,0,0,0,0,2,1,6,6,2,37,7,1560,2,10,VOLVO V40,6,E01008040,0,-1
2023991279018,2023,991279018,1,9,0,16,19,1,5,0,0,0,0,0,0,0,1,2,2,2,1,29,6,1560,2,8,VOLVO V40,-1,-1,0,-1
2023010429388,2023,010429388,2,9,0,99,99,9,9,99,99,9,9,99,9,99,1,9,6,6,3,-1,-1,1969,2,7,VOLVO V40,-1,-1,0,-1
2023061323063,2023,061323063,2,9,0,18,19,3,7,0,0,0,0,0,0,0,1,1,5,6,2,38,7,1560,2,10,VOLVO V40,3,E01006246,0,-1
2023361299622,2023,361299622,1,9,0,18,19,3,7,0,0,0,0,0,0,0,0,1,5,6,2,30,6,1969,2,8,VOLVO V40,5,E01026730,0,-1
2023052302422,2023,052302422,2,9,0,4,4,1,5,0,0,1,0,0,0,0,2,1,6,6,2,34,6,1969,1,5,VOLVO V40,8,E01007247,0,-1
2023302301409,2023,302301409,2,9,0,4,4,4,8,0,0,0,0,0,0,0,2,1,6,6,3,-1,-1,1969,2,7,VOLVO V40,5,E01019456,0,-1
2023531277649,2023,531277649,1,9,0,5,5,2,8,0,0,6,0,0,0,0,1,1,5,6,1,53,8,1969,2,7,VOLVO V40,10,E01022431,0,-1
2023041384406,2023,041384406,1,9,0,18,19,5,1,0,0,2,0,0,0,0,3,1,5,6,2,51,8,1560,2,9,VOLVO V40,5,E01012706,0,-1
2023041306741,2023,041306741,3,9,0,18,19,5,1,0,0,1,0,0,0,0,1,1,2,2,2,27,6,1969,2,7,VOLVO V40,6,E01025586,0,-1
2023991293747,2023,991293747,2,9,0,2,2,7,7,0,0,0,0,0,0,0,3,1,6,6,3,-1,-1,1969,2,8,VOLVO V40,-1,-1,0,-1
2023052301001,2023,052301001,1,9,0,18,19,5,1,0,0,0,0,0,0,0,1,1,6,6,1,69,10,1560,2,9,VOLVO V40,5,E01006687,0,-1
2023411313599,2023,411313599,2,9,0,9,9,3,1,0,0,8,0,0,0,0,2,1,3,7,2,56,9,1560,2,11,VOLVO V40,7,E01023663,0,-1
202354D769223,2023,54D769223,2,9,0,9,9,5,2,0,0,8,0,0,0,0,1,1,2,2,1,37,7,1984,2,10,VOLVO V40,10,E01015518,0,-1
2023471291282,2023,471291282,2,9,0,18,19,3,7,0,0,0,0,0,0,0,4,1,2,2,2,27,6,1969,1,8,VOLVO V40,4,E01031473,0,-1
2023320557671,2023,320557671,3,9,0,2,2,0,0,0,0,2,0,0,0,0,3,1,6,6,3,-1,-1,1948,1,23,VOLVO V40,-1,-1,0,-1
2023430140317,2023,430140317,1,9,0,6,6,6,6,0,0,0,0,0,0,0,1,1,6,6,1,35,6,1984,2,11,VOLVO V40,9,E01028792,0,-1
2023430248386,2023,430248386,2,9,0,18,19,1,5,0,0,8,0,0,0,0,1,1,6,6,2,51,8,1969,1,4,VOLVO V40,7,E01028480,0,-1
2023430481333,2023,430481333,3,9,0,18,19,4,0,0,0,1,0,0,0,0,2,1,2,2,1,17,4,1498,1,4,VOLVO V40,10,E01028777,0,-1
2023991294391,2023,991294391,1,9,0,5,5,7,3,0,0,4,0,0,0,0,4,1,1,1,2,52,8,1969,1,5,VOLVO V40,-1,-1,0,-1
2023131294998,2023,131294998,2,9,0,18,19,5,1,0,0,1,0,0,0,0,1,1,5,6,1,35,6,1560,2,9,VOLVO V40,7,E01011112,0,-1
2023010430454,2023,010430454,1,8,0,99,99,9,9,99,99,0,9,99,9,99,9,9,1,1,1,36,7,1969,2,8,-1,6,E01002678,0,-1
2023031385920,2023,031385920,1,9,0,18,19,1,4,0,0,0,1,0,0,0,1,1,1,1,1,57,9,1969,2,8,VOLVO V40,9,-1,0,-1
2023421304572,2023,421304572,2,9,0,17,19,8,6,0,0,0,0,0,1,0,1,1,5,6,1,51,8,2497,1,10,VOLVO V40,7,E01004473,0,-1
2023010480247,2023,010480247,2,9,0,99,99,9,9,99,99,9,9,99,9,99,9,9,6,6,1,59,9,1969,2,8,VOLVO V40,6,E01001869,0,-1
2023461379194,2023,461379194,1,9,0,18,19,8,4,0,0,8,0,0,0,0,1,1,1,1,1,49,8,1560,2,10,VOLVO V40,2,E01024246,0,-1
2023101361625,2023,101361625,1,9,0,18,19,3,7,0,0,0,0,0,0,0,1,1,6,6,1,50,8,1969,2,5,VOLVO V40,9,E01008248,0,-1
2023041315553,2023,041315553,1,9,0,1,1,1,3,0,0,0,0,0,0,0,2,1,5,6,1,42,7,1560,2,10,VOLVO V40,1,E01025082,0,-1
2023052301961,2023,052301961,1,9,0,18,19,5,1,0,0,1,0,0,0,0,1,1,6,6,1,26,6,1596,1,10,VOLVO V40,8,E01007142,0,-1
2023430436995,2023,430436995,2,9,0,18,19,8,4,0,0,0,0,0,0,0,3,1,2,2,1,40,7,1969,2,7,VOLVO V40,9,E01033193,0,-1
2023231366086,2023,231366086,1,9,0,4,4,7,3,0,0,1,2,0,8,3,1,1,6,6,2,25,5,1560,2,10,VOLVO V40,-1,-1,0,-1
202363D006623,2023,63D006623,2,9,0,3,3,1,6,0,0,0,0,0,0,0,4,1,6,6,2,22,5,1560,2,10,VOLVO V40,7,W01000477,0,-1
2023421371051,2023,421371051,1,9,0,9,9,3,1,0,0,8,0,0,0,0,1,1,2,2,1,39,7,1969,2,5,VOLVO V40,8,E01030101,0,-1
2023201337531,2023,201337531,1,9,0,9,9,5,3,0,0,5,0,0,0,0,1,1,6,6,1,56,9,1969,2,5,VOLVO V40,1,E01009303,0,-1
2023430393453,2023,430393453,2,9,0,8,8,2,6,0,0,1,0,0,0,0,2,1,6,6,1,74,10,1560,2,8,VOLVO V40,4,E01016784,0,-1
2023010430811,2023,010430811,2,9,0,18,19,3,7,0,0,1,0,0,0,0,1,1,6,6,1,24,5,1969,2,5,VOLVO V40,-1,-1,0,-1
2023531295577,2023,531295577,2,9,0,18,19,4,8,0,0,0,0,0,0,0,1,1,2,2,2,65,9,1560,2,10,VOLVO V40,9,E01022404,0,-1
2023141360965,2023,141360965,1,9,0,17,19,5,1,0,0,3,0,0,0,0,4,1,2,2,1,33,6,1560,2,10,VOLVO V40,4,E01007647,0,-1
2023451327907,2023,451327907,2,9,0,18,19,7,3,0,0,0,0,0,0,0,4,1,6,6,1,45,7,1498,1,6,VOLVO V40,8,E01021717,0,-1
2023061285386,2023,061285386,2,9,0,16,19,2,6,0,0,0,1,0,0,0,2,1,1,1,2,58,9,1783,1,20,VOLVO V40,8,E01006119,0,-1
2023041363509,2023,041363509,1,9,0,18,19,5,5,0,0,0,0,11,0,0,1,1,5,6,1,73,10,1560,2,10,VOLVO V40,5,E01024888,0,-1
2023340WN6812,2023,340WN6812,2,9,0,4,4,1,5,0,0,0,0,0,0,0,2,1,6,6,1,48,8,1969,1,6,VOLVO V40,4,E01027171,0,-1
2023131379209,2023,131379209,2,9,0,17,19,1,5,0,0,1,0,0,0,0,1,1,6,6,2,36,7,1560,2,9,VOLVO V40,4,E01010652,0,-1
2023070493413,2023,070493413,2,9,0,4,4,1,5,0,0,0,0,0,0,0,2,1,6,6,2,31,6,1560,2,9,VOLVO V40,6,E01010750,0,-1
2023211290197,2023,211290197,1,9,0,18,19,7,3,0,0,0,0,0,0,0,1,1,3,7,2,32,6,1560,2,10,VOLVO V40,2,E01029350,0,-1
2023440236226,2023,440236226,2,9,0,4,4,6,2,0,0,1,0,0,0,0,4,1,6,6,2,53,8,1560,2,9,VOLVO V40,8,E01023280,0,-1
2023440236226,2023,440236226,1,9,0,4,4,6,2,0,0,1,0,0,1,1,3,1,6,6,1,84,11,1969,1,6,VOLVO V40,8,E01022591,0,-1
2023041280668,2023,041280668,1,9,0,18,19,1,5,0,0,0,5,0,1,11,1,1,5,6,1,36,7,1969,2,5,VOLVO V40,8,E01025266,0,-1
2023421314618,2023,421314618,1,9,0,9,9,1,1,0,0,0,0,0,0,0,1,1,5,6,1,35,6,1560,2,9,VOLVO V40,8,E01026977,0,-1
2023440466147,2023,440466147,2,9,0,7,7,1,3,0,0,0,0,0,0,0,1,1,6,6,1,78,11,1948,1,20,VOLVO V40,9,E01023094,0,-1
2023501295734,2023,501295734,2,9,0,18,19,7,3,0,0,1,0,0,0,0,2,1,6,6,1,29,6,1969,1,4,VOLVO V40,2,E01018774,0,-1
2023332300063,2023,332300063,1,9,0,13,13,8,4,0,0,2,1,0,0,0,1,1,6,6,1,22,5,1560,2,10,VOLVO V40,1,E01013760,0,-1
2023501371465,2023,501371465,1,9,0,18,19,3,6,0,0,1,0,0,0,0,1,1,5,6,1,78,11,1969,1,7,VOLVO V40,8,E01018823,0,-1
2023411367734,2023,411367734,2,9,0,11,11,7,3,0,0,0,1,0,1,1,2,1,5,6,2,48,8,1969,2,6,VOLVO V40,7,E01017645,0,-1
2023501382524,2023,501382524,2,9,0,9,9,2,8,0,0,8,1,0,1,0,1,1,5,6,1,93,11,1948,1,22,VOLVO V40,7,E01019935,0,-1
2023131279918,2023,131279918,2,9,0,18,19,3,7,0,0,8,0,0,0,0,1,1,6,6,1,27,6,1984,2,10,VOLVO V40,1,E01011721,0,-1
2023991329390,2023,991329390,3,9,0,18,19,1,5,0,0,0,0,0,0,0,2,1,6,6,1,60,9,1969,2,8,VOLVO V40,6,-1,0,-1
2023991375147,2023,991375147,1,9,0,18,19,6,2,0,0,0,0,0,0,0,1,1,6,6,1,42,7,1969,2,7,VOLVO V40,-1,-1,0,-1
2023430350505,2023,430350505,2,9,0,3,3,6,2,0,0,0,0,0,0,0,2,1,6,6,1,29,6,1969,2,7,VOLVO V40,7,E01032067,0,-1
2023311384815,2023,311384815,1,9,0,18,19,2,7,0,0,1,0,0,0,0,1,1,2,2,1,18,4,1969,1,7,VOLVO V40,3,E01028209,0,-1
2023170M11723,2023,170M11723,1,9,0,18,19,6,2,0,0,0,0,0,5,0,1,1,2,2,1,39,7,1498,1,7,VOLVO V40,3,E01011786,0,-1
2023411382358,2023,411382358,1,9,0,5,5,2,6,0,0,1,0,0,0,0,3,1,5,6,1,30,6,1498,1,5,VOLVO V40,9,E01023847,0,-1
2023340NN0812,2023,340NN0812,2,9,0,17,19,3,7,0,0,0,1,0,0,0,1,1,6,6,1,48,8,1560,2,9,VOLVO V40,5,E01018213,0,-1
2023131302560,2023,131302560,3,9,0,2,2,0,0,0,0,8,0,0,0,0,2,1,6,6,3,-1,-1,1984,2,9,VOLVO V40,-1,-1,0,-1
2023070602584,2023,070602584,2,9,0,18,19,1,5,0,0,0,0,0,0,0,1,1,6,6,1,52,8,1969,1,8,VOLVO V40,8,E01005988,0,-1
2023440084256,2023,440084256,4,9,0,3,3,1,5,0,0,0,0,0,0,0,1,1,6,6,2,43,7,1560,2,10,VOLVO V40,6,E01022939,0,-1
2023471364448,2023,471364448,3,9,0,2,2,0,0,0,0,2,0,0,0,0,1,1,6,6,3,-1,-1,1560,2,8,VOLVO V40,-1,-1,0,-1
2023302301818,2023,302301818,1,9,0,16,19,6,1,0,0,0,0,0,0,0,1,1,6,6,3,-1,-1,1560,2,8,VOLVO V40,7,E01019548,0,-1
2023311372510,2023,311372510,2,9,0,18,19,3,7,0,0,5,0,0,0,0,2,1,2,2,1,22,5,1984,2,10,VOLVO V40,4,E01033408,0,-1
2023070417050,2023,070417050,1,9,0,18,19,3,7,0,0,0,0,0,0,0,1,1,2,2,2,51,8,1560,2,10,VOLVO V40,5,E01012552,0,-1
2023141267564,2023,141267564,2,9,0,1,1,4,8,0,0,0,0,0,0,0,2,1,5,6,1,-1,-1,1560,2,9,VOLVO V40,1,E01008157,0,-1
2023991312436,2023,991312436,1,9,0,18,19,3,7,0,0,1,0,0,7,0,1,1,5,6,1,19,4,1560,2,9,VOLVO V40,9,-1,0,-1
202354A449023,2023,54A449023,1,9,0,17,19,4,5,0,0,0,1,0,0,0,1,1,6,6,2,58,9,1498,1,7,VOLVO V40,3,E01000922,0,-1