collision_index,collision_year,collision_ref_no,vehicle_reference,vehicle_type,towing_and_articulation,vehicle_manoeuvre_historic,vehicle_manoeuvre,vehicle_direction_from,vehicle_direction_to,vehicle_location_restricted_lane_historic,vehicle_location_restricted_lane,junction_location,skidding_and_overturning,hit_object_in_carriageway,vehicle_leaving_carriageway,hit_object_off_carriageway,first_point_of_impact,vehicle_left_hand_drive,journey_purpose_of_driver_historic,journey_purpose_of_driver,sex_of_driver,age_of_driver,age_band_of_driver,engine_capacity_cc,propulsion_code,age_of_vehicle,generic_make_model,driver_imd_decile,lsoa_of_driver,escooter_flag,driver_distance_banding
2023541113123,2023,541113123,1,9,0,18,19,1,5,0,0,0,0,0,0,0,3,1,1,1,2,76,11,1498,1,5,VOLVO V40,8,E01032058,0,-1
2023351272899,2023,351272899,5,9,0,18,19,5,1,0,0,0,0,0,1,0,3,1,6,6,2,62,9,1969,2,8,VOLVO V40,4,E01026679,0,-1
2023501372558,2023,501372558,1,9,0,18,19,5,1,0,0,0,0,0,0,0,1,1,6,6,1,78,11,1984,2,9,VOLVO V40,3,E01018873,0,-1
2023320405342,2023,320405342,2,9,0,9,9,3,1,0,0,5,0,0,0,0,1,1,6,6,2,75,10,1560,2,11,VOLVO V40,8,E01026365,0,-1
2023320324771,2023,320324771,2,9,0,18,19,2,6,0,0,0,0,0,0,0,1,1,1,1,1,26,6,1984,2,9,VOLVO V40,3,E01026104,0,-1
2023010451842,2023,010451842,3,9,0,2,2,0,0,9,9,0,0,0,0,0,4,1,6,6,3,-1,-1,1969,2,4,VOLVO V40,-1,-1,0,-1
2023401308819,2023,401308819,1,9,0,5,5,1,5,0,0,1,0,0,0,0,4,1,5,6,1,20,4,1984,2,11,VOLVO V40,2,E01015791,0,-1
2023421317086,2023,421317086,1,9,0,4,4,0,0,0,0,0,0,0,0,0,0,1,5,6,1,63,9,1498,1,6,VOLVO V40,6,E01015821,0,-1
2023631384172,2023,631384172,1,9,0,18,19,7,3,0,0,0,0,0,1,4,4,1,6,6,1,26,6,1560,2,10,VOLVO V40,5,W01000452,0,-1
2023201413837,2023,201413837,1,9,0,9,9,4,2,0,0,6,0,0,0,0,1,1,6,6,2,42,7,1560,2,8,VOLVO V40,4,E01009824,0,-1
2023010471046,2023,010471046,2,9,0,99,99,9,9,99,99,9,9,99,9,99,4,9,6,6,3,-1,-1,1969,2,8,VOLVO V40,-1,-1,0,-1
2023991279522,2023,991279522,2,9,0,18,19,8,3,0,0,1,0,0,0,0,1,1,5,6,1,37,7,1560,2,8,VOLVO V40,-1,-1,0,-1
2023131334235,2023,131334235,2,9,0,2,2,0,0,0,0,0,0,0,0,0,4,1,6,6,3,-1,-1,1560,2,9,VOLVO V40,-1,-1,0,-1
2023311359918,2023,311359918,1,9,0,18,19,3,7,0,0,0,0,0,0,0,1,1,5,6,1,22,5,1560,2,9,VOLVO V40,8,E01028058,0,-1
2023451381819,2023,451381819,2,9,0,3,3,6,2,0,0,0,0,0,0,0,1,1,6,6,1,45,7,1969,2,8,VOLVO V40,8,E01030954,0,-1
2023131346170,2023,131346170,3,9,0,18,19,7,3,0,0,0,0,0,0,0,0,1,5,6,1,60,9,1560,2,9,VOLVO V40,4,E01011799,0,-1
202363A004823,2023,63A004823,1,9,0,18,19,2,6,0,0,0,1,0,0,0,4,1,6,6,1,27,6,1984,2,9,VOLVO V40,4,W01000703,0,-1
2023031260491,2023,031260491,3,9,0,18,19,7,3,0,0,0,0,0,0,0,1,1,5,6,1,61,9,1969,1,5,VOLVO V40,8,-1,0,-1
2023201410761,2023,201410761,1,9,0,11,11,1,5,0,0,4,0,0,0,0,1,1,6,6,1,74,10,1560,2,10,VOLVO V40,1,E01009498,0,-1
2023351355922,2023,351355922,2,9,0,18,19,1,5,0,0,1,0,0,0,0,1,1,6,6,2,59,9,1969,1,6,VOLVO V40,10,E01018253,0,-1
2023440243126,2023,440243126,1,9,0,18,19,3,7,0,0,2,0,0,0,0,1,1,6,6,2,34,6,1969,1,4,VOLVO V40,2,E01017169,0,-1
2023311370833,2023,311370833,2,9,0,18,19,5,1,0,0,8,0,0,0,0,1,1,5,6,2,40,7,1560,2,9,VOLVO V40,-1,-1,0,-1
2023052300758,2023,052300758,2,9,0,16,19,3,7,0,0,0,0,0,0,0,1,1,6,6,1,40,7,1969,2,8,VOLVO V40,7,E01007989,0,-1
2023440173422,2023,440173422,3,9,0,3,3,7,3,0,0,0,0,0,0,0,2,1,6,6,1,77,11,1984,2,10,VOLVO V40,10,E01022744,0,-1
2023311266435,2023,311266435,1,9,0,5,5,8,4,0,0,0,0,4,0,0,1,1,5,6,1,88,11,1498,1,4,VOLVO V40,8,E01028182,0,-1
2023061358779,2023,061358779,1,9,-1,18,19,3,7,0,0,8,0,0,0,0,1,1,6,6,3,30,6,1870,2,20,VOLVO V40,-1,-1,0,-1
2023131351483,2023,131351483,2,9,0,12,12,3,7,0,0,1,0,0,0,0,3,1,5,6,2,42,7,1560,2,10,VOLVO V40,1,E01010626,0,-1
2023991389025,2023,991389025,2,9,0,18,19,6,3,0,0,1,0,0,0,0,1,1,2,2,2,39,7,1560,2,9,VOLVO V40,5,-1,0,-1
2023041351878,2023,041351878,2,9,0,2,2,0,0,0,0,0,0,0,0,0,2,1,5,6,1,31,6,1560,2,10,VOLVO V40,6,E01025261,0,-1
2023111358823,2023,111358823,1,9,0,18,19,8,4,0,0,1,0,0,0,0,1,1,6,6,1,30,6,1969,2,7,VOLVO V40,-1,-1,0,-1
2023520400320,2023,520400320,1,9,0,16,19,3,7,0,0,0,1,0,7,9,1,1,6,6,1,37,7,1969,2,6,VOLVO V40,5,E01029167,0,-1
2023451368135,2023,451368135,2,9,0,18,19,7,3,0,0,0,0,0,0,0,1,1,6,6,3,30,6,1498,1,5,VOLVO V40,-1,-1,0,-1
2023010469035,2023,010469035,1,9,0,18,19,3,7,0,0,2,0,0,0,0,2,2,2,2,2,42,7,1969,2,7,VOLVO V40,10,E01017942,0,-1
2023010437312,2023,010437312,2,9,0,18,19,5,1,0,0,8,0,0,0,0,4,1,6,6,1,32,6,1969,2,7,VOLVO V40,2,E01000121,0,-1
2023451373507,2023,451373507,2,9,0,18,19,7,3,0,0,1,0,0,0,0,1,1,6,6,3,-1,-1,1560,2,9,VOLVO V40,-1,-1,0,-1
2023471299686,2023,471299686,1,9,0,5,5,1,5,0,0,6,0,0,0,0,3,1,2,2,2,32,6,1560,2,9,VOLVO V40,10,E01031619,0,-1
2023552400055,2023,552400055,1,9,0,18,19,4,8,0,0,0,5,0,0,0,1,1,6,6,1,23,5,1969,1,7,VOLVO V40,7,E01020538,0,-1
2023501333350,2023,501333350,2,9,0,17,19,2,7,0,0,0,0,0,0,0,3,1,5,6,2,40,7,1984,2,10,VOLVO V40,-1,-1,0,-1
2023320506957,2023,320506957,2,9,0,18,19,6,2,0,0,1,0,0,0,0,1,1,6,6,2,31,6,1560,2,10,VOLVO V40,9,E01026209,0,-1
2023461288013,2023,461288013,2,9,0,5,5,7,3,0,0,0,0,0,0,0,2,1,5,6,1,59,9,1560,2,9,VOLVO V40,4,E01024624,0,-1
2023371354363,2023,371354363,2,9,0,18,19,4,8,0,0,0,0,0,0,0,3,1,5,6,2,60,9,1969,2,6,VOLVO V40,5,E01033446,0,-1
2023522400811,2023,522400811,1,9,0,15,15,1,5,0,0,0,1,0,4,6,1,1,6,6,1,59,9,1969,2,5,VOLVO V40,7,E01020258,0,-1
2023471295815,2023,471295815,2,9,0,8,8,4,7,0,0,1,0,0,0,0,2,1,5,6,2,85,11,1498,1,5,VOLVO V40,7,E01021166,0,-1
2023010454402,2023,010454402,1,9,0,9,9,3,1,0,0,2,0,0,0,0,1,1,2,2,2,85,11,1498,1,5,VOLVO V40,2,E01002686,0,-1
2023131295268,2023,131295268,2,9,0,18,19,7,3,0,0,8,0,0,0,0,3,1,2,2,1,27,6,1596,1,8,VOLVO V40,1,E01011059,0,-1
2023501294615,2023,501294615,2,9,0,4,4,4,8,0,0,8,0,0,0,0,1,1,6,6,2,31,6,1969,1,7,VOLVO V40,5,E01018864,0,-1
2023010466933,2023,010466933,1,9,0,4,4,5,1,0,0,8,0,0,0,0,2,1,6,6,2,33,6,1969,2,8,VOLVO V40,3,E01000432,0,-1
2023371349207,2023,371349207,1,9,0,18,19,7,3,0,0,0,1,4,0,0,4,1,6,6,2,87,11,1560,2,8,VOLVO V40,8,E01029942,0,-1
2023131277877,2023,131277877,3,9,0,3,3,3,7,0,0,0,0,0,0,0,0,1,6,6,3,-1,-1,1969,2,8,VOLVO V40,-1,-1,0,-1
2023440482854,2023,440482854,1,9,0,3,3,8,6,0,0,8,0,0,0,0,3,1,6,6,1,46,8,1969,2,8,VOLVO V40,8,E01022758,0,-1
2023522400836,2023,522400836,2,9,0,7,7,1,4,0,0,6,0,0,0,0,1,1,6,6,1,-1,-1,1969,2,8,VOLVO V40,-1,-1,0,-1
2023340WN2472,2023,340WN2472,2,9,0,18,19,5,1,0,0,0,0,0,0,0,2,1,2,2,1,28,6,1560,2,10,VOLVO V40,3,E01027240,0,-1
2023201301417,2023,201301417,1,9,0,18,19,6,2,0,0,8,0,0,0,0,1,1,6,6,1,40,7,1969,2,5,VOLVO V40,7,E01010034,0,-1
2023501283303,2023,501283303,3,9,0,18,19,2,5,0,0,0,0,0,0,0,3,1,1,1,1,58,9,1560,2,9,VOLVO V40,4,E01020134,0,-1
2023010449073,2023,010449073,1,9,0,18,19,4,8,0,0,0,0,0,0,0,1,1,6,6,2,46,8,1969,2,7,VOLVO V40,3,E01003035,0,-1
2023141389269,2023,141389269,1,9,0,9,9,7,5,0,0,1,0,0,0,0,3,1,5,6,2,38,7,1560,2,11,VOLVO V40,1,E01008009,0,-1
2023440166362,2023,440166362,2,9,0,4,4,4,8,0,0,0,0,0,0,0,2,1,6,6,1,77,11,1498,1,6,VOLVO V40,3,E01015491,0,-1
2023991320505,2023,991320505,2,9,0,18,19,6,2,0,0,1,0,0,0,0,1,1,2,2,2,39,7,1560,2,8,VOLVO V40,7,-1,0,-1
2023311313065,2023,311313065,1,9,0,3,3,1,5,0,0,1,0,0,0,0,1,1,1,1,1,53,8,1969,1,7,VOLVO V40,3,E01028282,0,-1
2023340NN4162,2023,340NN4162,1,9,0,12,12,3,7,0,0,8,0,0,0,0,3,1,6,6,1,67,10,1498,1,6,VOLVO V40,5,E01027130,0,-1
2023320388319,2023,320388319,1,9,0,18,19,3,7,0,0,8,0,0,0,0,4,1,6,6,1,90,11,1969,1,6,VOLVO V40,-1,-1,0,-1
2023111320281,2023,111320281,1,9,0,7,7,7,1,0,0,8,0,0,0,0,1,1,5,6,1,76,11,1498,1,5,VOLVO V40,5,E01020706,0,-1
2023311275300,2023,311275300,3,9,0,2,2,0,0,0,0,0,1,0,0,0,3,1,5,6,1,34,6,1984,2,11,VOLVO V40,2,E01013835,0,-1
2023547762023,2023,547762023,2,9,0,18,19,1,5,0,0,1,0,0,1,0,3,1,2,2,2,53,8,1596,1,8,VOLVO V40,9,E01014421,0,-1
2023052300053,2023,052300053,3,9,0,2,2,0,0,0,0,2,0,0,0,0,1,1,6,6,3,-1,-1,1560,2,9,VOLVO V40,-1,-1,0,-1
2023461303578,2023,461303578,1,9,0,9,9,7,4,0,0,0,0,0,0,0,3,1,6,6,2,54,8,1560,2,8,VOLVO V40,6,E01024079,0,-1
2023161274959,2023,161274959,1,9,0,16,19,3,6,0,0,1,0,0,7,4,1,1,5,6,2,21,5,1984,2,10,VOLVO V40,3,E01011085,0,-1
2023061296176,2023,061296176,1,9,0,18,19,5,1,0,0,0,0,0,0,0,1,1,6,6,1,30,6,1969,1,5,VOLVO V40,3,E01006260,0,-1
2023311327598,2023,311327598,1,9,0,4,4,5,1,0,0,2,0,0,0,0,1,1,5,6,2,33,6,1870,2,19,VOLVO V40,-1,-1,0,-1
2023320019253,2023,320019253,1,9,0,18,19,8,4,0,0,0,0,0,0,0,1,1,6,6,1,33,6,1560,2,8,VOLVO V40,-1,-1,0,-1
2023010442325,2023,010442325,1,9,0,9,9,1,7,0,0,0,0,0,0,0,1,1,1,1,1,33,6,1498,1,5,VOLVO V40,3,E01001156,0,-1
2023631358215,2023,631358215,2,9,0,2,2,0,0,0,0,0,0,4,0,0,2,1,6,6,3,-1,-1,1560,2,9,VOLVO V40,-1,-1,0,-1
2023430526565,2023,430526565,5,9,0,18,19,6,2,0,0,0,0,0,0,0,1,1,6,6,1,27,6,1498,1,4,VOLVO V40,7,E01015568,0,-1
2023332301298,2023,332301298,3,9,0,18,19,1,5,0,0,0,0,0,0,0,1,1,6,6,1,80,11,1560,2,9,VOLVO V40,8,E01025626,0,-1
2023052300214,2023,052300214,1,9,0,18,19,3,7,0,0,0,0,0,1,4,4,1,2,2,1,58,9,1560,2,9,VOLVO V40,2,E01007026,0,-1
2023430376631,2023,430376631,1,9,0,18,19,2,6,0,0,0,0,0,0,0,1,1,6,6,1,47,8,1560,2,9,VOLVO V40,8,E01028796,0,-1
2023131344411,2023,131344411,2,9,0,18,19,1,5,0,0,1,0,0,0,0,1,1,5,6,2,51,8,1969,2,7,VOLVO V40,5,E01011860,0,-1
2023332301264,2023,332301264,2,9,0,14,14,9,9,0,0,0,0,0,0,0,1,1,6,6,2,-1,-1,1560,2,9,VOLVO V40,-1,-1,0,-1
2023332300648,2023,332300648,1,9,0,9,9,2,8,0,0,6,0,0,0,0,0,1,6,6,1,41,7,1870,2,19,VOLVO V40,2,E01013610,0,-1
2023141346195,2023,141346195,1,9,0,4,4,7,3,0,0,1,0,0,7,11,1,2,2,2,1,21,5,1560,2,8,VOLVO V40,6,E01007630,0,-1
2023122300284,2023,122300284,2,9,0,18,19,2,6,0,0,0,0,0,0,0,2,1,6,6,2,44,7,1560,2,9,VOLVO V40,8,E01027589,0,-1
2023991313501,2023,991313501,2,9,0,18,19,1,5,0,0,0,0,0,7,4,2,1,5,6,1,26,6,1560,2,10,VOLVO V40,5,-1,0,-1
2023141388139,2023,141388139,1,9,0,18,19,4,8,0,0,1,0,0,0,0,4,1,5,6,2,32,6,1560,2,9,VOLVO V40,7,E01007621,0,-1
2023351283470,2023,351283470,3,9,0,8,8,7,8,0,0,1,0,0,0,0,3,1,5,6,1,35,6,1984,2,10,VOLVO V40,5,E01026594,0,-1
2023010486543,2023,010486543,2,9,0,5,5,0,1,0,0,2,0,0,0,0,2,1,6,6,3,-1,-1,1560,2,9,VOLVO V40,4,E01003186,0,-1
2023101264888,2023,101264888,1,9,0,18,19,1,5,0,0,0,0,0,0,0,1,1,2,2,2,19,4,1560,2,10,VOLVO V40,5,E01027447,0,-1
2023052301536,2023,052301536,1,9,0,5,5,5,1,0,0,1,0,0,0,0,3,1,6,6,2,35,6,1560,2,11,VOLVO V40,6,E01006499,0,-1
2023221347047,2023,221347047,2,9,0,3,3,5,1,0,0,1,0,0,0,0,2,1,5,6,2,36,7,1560,2,11,VOLVO V40,10,E01032154,0,-1
2023421295753,2023,421295753,2,9,0,18,19,1,5,0,0,0,0,0,0,0,2,1,6,6,1,44,7,1969,2,7,VOLVO V40,4,E01021495,0,-1
2023461379895,2023,461379895,1,9,0,18,19,6,5,0,0,0,1,11,1,1,1,1,1,1,1,60,9,1870,2,20,VOLVO V40,5,E01024598,0,-1
2023501307155,2023,501307155,1,9,0,18,19,2,6,0,0,0,0,0,0,0,1,1,6,6,1,79,11,1969,2,7,VOLVO V40,4,E01018776,0,-1
2023131265413,2023,131265413,1,9,0,18,19,4,3,0,0,8,0,0,0,0,3,1,1,1,1,67,10,1596,1,9,VOLVO V40,8,E01011276,0,-1
2023052300696,2023,052300696,2,9,0,2,2,0,0,0,0,0,0,0,0,0,4,1,6,6,3,-1,-1,1560,2,9,VOLVO V40,-1,-1,0,-1
2023010440840,2023,010440840,2,9,0,7,7,5,8,0,0,8,0,0,0,0,0,1,6,6,1,37,7,1948,1,19,VOLVO V40,8,E01001044,0,-1
2023070017843,2023,070017843,2,9,0,3,3,6,2,0,0,1,0,0,0,0,2,1,6,6,1,32,6,1984,2,10,VOLVO V40,8,W01000073,0,-1
2023430184940,2023,430184940,2,9,0,3,3,7,3,0,0,1,0,0,0,0,2,1,6,6,1,-1,-1,1969,2,7,VOLVO V40,-1,-1,0,-1
2023461313800,2023,461313800,1,9,0,5,5,5,1,0,0,0,0,0,0,0,4,1,6,6,1,55,8,1498,1,6,VOLVO V40,9,E01016090,0,-1
2023320348439,2023,320348439,2,9,0,7,7,4,6,0,0,6,0,0,0,0,3,1,6,6,2,38,7,1560,2,10,VOLVO V40,10,E01026354,0,-1
2023031263909,2023,031263909,1,9,0,18,19,3,7,0,0,1,1,0,0,0,1,1,5,6,2,38,7,1984,2,10,VOLVO V40,6,E01019083,0,-1
2023340WN0922,2023,340WN0922,2,9,0,16,19,6,2,0,0,0,1,0,1,0,1,1,6,6,2,37,7,1969,2,8,VOLVO V40,8,E01027261,0,-1
2023542502123,2023,542502123,3,9,0,2,2,0,0,0,0,2,0,0,0,0,2,1,6,6,2,-1,-1,1969,2,8,VOLVO V40,-1,-1,0,-1
2023010484579,2023,010484579,1,9,0,14,14,1,5,0,0,2,0,0,0,0,1,1,6,6,2,27,6,1969,1,5,VOLVO V40,5,E01001632,0,-1
2023201379496,2023,201379496,2,9,0,5,5,7,3,0,0,1,1,10,3,0,2,1,5,6,2,25,5,1560,2,9,VOLVO V40,8,E01014160,0,-1
2023141337290,2023,141337290,2,9,0,18,19,7,3,0,0,1,0,0,0,0,1,1,5,6,1,50,8,1560,2,9,VOLVO V40,1,E01007723,0,-1
2023471357815,2023,471357815,2,9,0,17,19,2,7,0,0,0,0,0,0,0,1,1,5,6,1,83,11,1870,2,19,VOLVO V40,5,E01021111,0,-1
2023451269936,2023,451269936,2,9,0,18,19,1,5,0,0,1,0,0,0,0,1,1,6,6,2,45,7,1969,1,4,VOLVO V40,5,E01030719,0,-1
2023061297746,2023,061297746,1,9,0,18,19,3,7,0,0,8,5,0,7,0,3,1,1,1,1,30,6,1969,2,8,VOLVO V40,4,E01019717,0,-1
2023010460428,2023,010460428,1,9,0,18,19,5,1,0,0,1,0,0,0,0,1,1,2,2,1,30,6,1969,2,7,VOLVO V40,4,E01003410,0,-1
2023546286723,2023,546286723,1,9,0,5,5,7,4,0,0,1,0,0,0,0,1,1,6,6,1,22,5,1560,2,9,VOLVO V40,2,E01015539,0,-1
2023041297194,2023,041297194,1,9,0,18,19,7,3,0,0,1,0,0,0,0,3,1,5,6,1,41,7,1560,2,11,VOLVO V40,6,E01025222,0,-1
2023520400009,2023,520400009,1,4,0,18,19,7,3,0,0,0,0,0,1,3,1,1,6,6,1,25,5,124,1,23,-1,-1,-1,0,-1
2023131373206,2023,131373206,2,3,0,18,19,1,5,0,0,1,5,0,0,0,1,1,5,6,1,28,6,124,1,20,-1,8,E01011579,0,-1
2023010472719,2023,010472719,1,11,0,7,7,5,7,0,0,8,0,0,0,0,1,1,1,1,1,55,8,6700,2,2,-1,5,E01004137,0,-1
2023131325265,2023,131325265,1,11,0,4,4,7,3,0,0,8,0,0,0,0,2,1,1,1,1,58,9,-1,3,3,-1,6,E01011408,0,-1
2023010467486,2023,010467486,1,11,0,4,4,3,7,0,0,1,0,0,0,0,1,1,1,1,1,44,7,6700,2,5,-1,1,E01032513,0,-1
2023991266626,2023,991266626,1,11,0,17,19,1,5,0,0,0,5,0,1,11,1,1,1,1,1,40,7,6700,2,2,-1,4,-1,0,-1
2023010466000,2023,010466000,2,11,1,18,19,5,1,0,0,1,0,0,0,0,1,1,1,1,1,52,8,6700,2,0,-1,8,E01004160,0,-1
2023101384769,2023,101384769,1,11,0,4,4,1,5,0,0,0,0,0,0,0,-1,1,1,1,1,26,6,-1,3,3,-1,1,E01008658,0,-1
2023101306475,2023,101306475,2,11,0,18,19,1,5,0,0,0,0,0,0,0,0,1,1,1,1,59,9,-1,3,3,-1,9,E01020605,0,-1
2023101271767,2023,101271767,1,11,0,5,5,8,4,0,0,0,0,0,0,0,2,1,1,1,1,51,8,-1,3,3,-1,9,E01008260,0,-1
2023101383700,2023,101383700,2,9,0,9,9,2,1,0,0,8,0,0,0,0,1,1,6,6,1,65,9,1968,2,2,AUDI A6,3,E01027414,0,-1
2023221358758,2023,221358758,1,9,0,9,9,7,5,0,0,5,0,0,0,0,1,1,2,2,1,28,6,2967,2,12,AUDI A6,6,E01029667,0,-1
2023010440114,2023,010440114,2,9,0,18,19,5,1,0,0,1,0,0,0,0,1,1,1,1,1,31,6,1798,1,5,AUDI A6,8,E01022005,0,-1
2023041318849,2023,041318849,1,9,0,18,19,7,3,0,0,0,0,0,0,0,1,1,1,1,1,54,8,1968,2,8,AUDI A6,6,E01025325,0,-1
2023320325633,2023,320325633,2,9,0,18,19,4,8,0,0,4,0,0,0,0,1,1,6,6,1,26,6,2698,2,15,AUDI A6,3,E01027082,0,-1
2023122300788,2023,122300788,1,9,0,2,2,0,0,0,0,0,0,0,0,0,1,1,6,6,1,27,6,1968,2,16,AUDI A6,4,E01027811,0,-1
2023010484127,2023,010484127,1,9,0,7,7,7,2,0,0,5,0,0,0,0,1,1,6,6,1,41,7,1968,2,8,AUDI A6,5,E01002666,0,-1
2023371260811,2023,371260811,1,9,0,18,19,5,1,0,0,0,0,0,0,0,1,1,6,6,1,40,7,2967,2,10,AUDI A6,1,E01013177,0,-1
2023201379922,2023,201379922,1,9,0,18,19,8,2,0,0,0,1,0,0,0,1,1,6,6,2,-1,-1,1968,2,12,AUDI A6,4,E01009241,0,-1
2023010450703,2023,010450703,2,9,0,99,99,9,9,99,99,0,9,99,9,99,1,9,6,6,3,-1,-1,1968,2,10,AUDI A6,-1,-1,0,-1
2023201415137,2023,201415137,2,9,0,9,9,6,3,0,0,5,0,0,0,0,1,1,6,6,1,30,6,2967,2,11,AUDI A6,1,E01009270,0,-1
2023101327578,2023,101327578,1,9,0,18,19,5,1,0,0,8,0,0,0,0,1,1,5,6,1,42,7,1968,2,13,AUDI A6,-1,-1,0,-1
2023010423195,2023,010423195,2,9,0,99,99,9,9,99,99,9,9,99,9,99,9,9,6,6,3,-1,-1,1968,2,8,AUDI A6,-1,-1,0,-1
2023010422669,2023,010422669,1,8,0,99,99,9,9,99,99,0,9,99,9,99,2,9,1,1,1,37,7,1968,2,5,AUDI A6,3,E01004262,0,-1
2023201291989,2023,201291989,1,9,0,14,14,4,8,0,0,0,0,0,0,0,1,1,6,6,1,-1,-1,2967,2,11,AUDI A6,-1,-1,0,-1
2023201416088,2023,201416088,2,9,0,18,19,7,3,0,0,2,0,0,0,0,1,1,1,1,1,-1,-1,2967,2,4,AUDI A6,-1,-1,0,-1
2023211287668,2023,211287668,2,9,0,9,9,6,3,0,0,1,0,0,0,0,1,1,6,6,3,16,4,1968,2,2,AUDI A6,-1,-1,0,-1
2023221275552,2023,221275552,2,8,0,18,19,8,4,0,0,8,0,0,0,0,1,1,1,1,1,52,8,1968,2,8,AUDI A6,4,E01014072,0,-1
2023320043902,2023,320043902,3,9,0,18,19,8,4,0,0,0,1,0,1,4,2,1,6,6,1,23,5,1968,2,6,AUDI A6,4,E01026379,0,-1
2023122301433,2023,122301433,2,9,0,18,19,5,1,0,0,0,1,0,0,0,3,1,6,6,1,61,9,2967,2,10,AUDI A6,-1,-1,0,-1
2023320563032,2023,320563032,2,9,0,1,1,4,5,0,0,0,0,0,0,0,2,1,6,6,1,28,6,1984,1,4,AUDI A6,3,E01026317,0,-1
2023201416062,2023,201416062,2,9,0,3,3,1,5,0,0,0,0,0,0,0,4,1,6,6,1,39,7,1968,2,9,AUDI A6,4,E01009521,0,-1
2023430056207,2023,430056207,1,9,0,18,19,5,1,0,0,0,0,0,0,0,4,1,6,6,2,-1,-1,1968,2,10,AUDI A6,-1,-1,0,-1
2023991331875,2023,991331875,1,9,0,18,19,2,6,0,0,0,0,0,0,0,4,1,5,6,1,41,7,1968,2,7,AUDI A6,7,-1,0,-1
2023991316860,2023,991316860,2,9,0,18,19,1,5,0,0,1,0,0,1,7,1,1,6,6,1,57,9,1984,1,17,AUDI A6,1,-1,0,-1
2023401357182,2023,401357182,2,9,0,18,19,6,2,0,0,3,0,0,0,0,2,1,2,2,1,28,6,1871,2,18,AUDI A6,9,E01033194,0,-1
2023010479817,2023,010479817,2,9,0,18,19,3,7,0,0,1,0,0,0,0,1,1,6,6,1,33,6,1968,2,8,AUDI A6,4,E01001336,0,-1
2023320355148,2023,320355148,2,9,0,18,19,6,2,0,0,8,5,0,7,9,4,1,6,6,1,49,8,2698,2,18,AUDI A6,7,E01026267,0,-1
2023471263108,2023,471263108,2,9,0,18,19,3,7,0,0,0,0,0,0,0,2,1,5,6,2,38,7,1984,8,1,AUDI A6,9,E01022958,0,-1
2023622301056,2023,622301056,1,9,0,11,11,7,3,0,0,0,0,0,0,0,4,1,6,6,1,28,6,3123,1,19,AUDI A6,3,E01016505,0,-1
2023061369120,2023,061369120,1,9,0,5,5,5,1,0,0,4,0,0,0,0,3,1,6,6,2,46,8,2967,2,10,AUDI A6,9,E01006091,0,-1
2023061271169,2023,061271169,1,9,0,18,19,1,5,0,0,0,0,0,1,0,1,1,6,6,1,37,7,2967,2,10,AUDI A6,4,E01008161,0,-1
2023451393428,2023,451393428,1,9,0,9,9,3,7,0,0,8,0,0,0,0,2,1,5,6,1,57,9,2967,2,7,AUDI A6,8,E01031941,0,-1
2023471326696,2023,471326696,1,9,0,18,19,3,7,0,0,8,0,0,0,0,1,1,5,6,1,71,10,1968,2,16,AUDI A6,10,E01031678,0,-1
2023201423274,2023,201423274,2,9,0,18,19,6,4,0,0,8,0,0,0,0,1,1,6,6,1,41,7,1968,2,4,AUDI A6,9,E01009850,0,-1
2023131272187,2023,131272187,1,9,0,13,13,3,7,0,0,0,5,7,0,0,4,1,5,6,1,28,6,2967,2,12,AUDI A6,5,E01011793,0,-1
2023401307425,2023,401307425,2,9,0,18,19,8,4,0,0,8,0,0,0,0,1,1,6,6,1,29,6,1968,2,11,AUDI A6,2,E01017519,0,-1
2023111380858,2023,111380858,2,9,0,4,4,5,1,0,0,0,0,0,0,0,2,1,6,6,3,30,6,1968,2,4,AUDI A6,7,E01012064,0,-1
2023010451171,2023,010451171,2,9,0,99,99,9,9,99,99,9,9,99,9,99,1,9,6,6,3,-1,-1,2967,2,7,AUDI A6,-1,-1,0,-1
2023991376817,2023,991376817,2,9,0,4,4,3,7,0,0,0,0,0,0,0,2,1,6,6,1,42,7,1968,2,5,AUDI A6,1,-1,0,-1
2023351280722,2023,351280722,1,9,0,18,19,1,3,0,0,2,0,0,0,0,1,1,5,6,1,36,7,1968,2,10,AUDI A6,2,E01015592,0,-1
2023991324156,2023,991324156,2,9,0,10,10,3,1,0,0,0,0,0,0,0,2,1,5,6,1,57,9,2696,2,16,AUDI A6,9,-1,0,-1
2023501381801,2023,501381801,1,9,0,18,19,3,7,0,0,0,0,0,1,11,1,1,5,6,1,47,8,1968,2,7,AUDI A6,5,E01018817,0,-1
2023340WN5442,2023,340WN5442,2,9,0,18,19,6,2,0,0,3,0,10,1,11,4,1,6,6,2,32,6,1968,2,17,AUDI A6,2,E01027155,0,-1
2023101383239,2023,101383239,1,8,0,5,5,4,8,0,0,0,0,0,0,0,0,1,1,1,1,70,10,1968,2,7,AUDI A6,4,E01008678,0,-1
2023430333998,2023,430333998,1,9,0,9,9,6,4,0,0,6,0,0,0,0,1,1,6,6,1,46,8,2967,2,9,AUDI A6,-1,-1,0,-1
2023010436390,2023,010436390,2,9,0,99,99,9,9,99,99,9,9,99,9,99,2,9,6,6,1,26,6,2967,2,8,AUDI A6,1,E01004318,0,-1
2023451353321,2023,451353321,1,9,0,17,19,1,5,0,0,0,0,0,0,0,1,1,5,6,1,39,7,1968,2,12,AUDI A6,7,E01030458,0,-1