collision_index,collision_year,collision_ref_no,vehicle_reference,vehicle_type,towing_and_articulation,vehicle_manoeuvre_historic,vehicle_manoeuvre,vehicle_direction_from,vehicle_direction_to,vehicle_location_restricted_lane_historic,vehicle_location_restricted_lane,junction_location,skidding_and_overturning,hit_object_in_carriageway,vehicle_leaving_carriageway,hit_object_off_carriageway,first_point_of_impact,vehicle_left_hand_drive,journey_purpose_of_driver_historic,journey_purpose_of_driver,sex_of_driver,age_of_driver,age_band_of_driver,engine_capacity_cc,propulsion_code,age_of_vehicle,generic_make_model,driver_imd_decile,lsoa_of_driver,escooter_flag,driver_distance_banding
2023061326045,2023,061326045,2,9,0,18,19,7,3,0,0,8,0,0,0,0,1,1,6,6,3,30,6,1968,2,7,AUDI A6,-1,-1,0,-1
2023451365337,2023,451365337,1,9,0,18,19,5,1,0,0,0,0,0,0,0,2,1,2,2,1,54,8,1798,1,5,AUDI A6,9,E01024008,0,-1
2023471384500,2023,471384500,1,9,0,5,5,2,8,0,0,6,0,0,0,0,1,1,5,6,1,63,9,1968,2,12,AUDI A6,5,E01031442,0,-1
2023010432923,2023,010432923,7,9,0,18,19,3,7,0,0,0,0,0,0,0,2,1,6,6,1,44,7,1968,2,13,AUDI A6,8,E01026990,0,-1
2023010474715,2023,010474715,2,9,0,17,19,1,5,0,0,2,0,0,1,0,1,1,6,6,1,37,7,2969,2,17,AUDI A6,6,E01000566,0,-1
2023141363549,2023,141363549,1,9,0,3,3,1,5,0,0,1,0,0,0,0,2,1,5,6,2,61,9,1968,2,15,AUDI A6,3,E01007465,0,-1
2023371368627,2023,371368627,2,9,0,18,19,3,5,0,0,0,0,0,0,0,4,1,5,6,1,46,8,1968,2,12,AUDI A6,7,E01030095,0,-1
2023430180323,2023,430180323,2,9,0,18,19,4,8,0,0,8,0,0,0,0,1,1,2,2,1,34,6,2969,2,15,AUDI A6,4,E01028500,0,-1
2023041354589,2023,041354589,1,9,0,18,19,5,1,0,0,0,0,0,0,0,4,1,6,6,1,43,7,1968,2,8,AUDI A6,7,E01025231,0,-1
2023010467826,2023,010467826,2,9,0,99,99,9,9,99,99,0,9,99,9,99,9,9,6,6,3,-1,-1,2698,2,16,AUDI A6,-1,-1,0,-1
2023421328633,2023,421328633,1,9,0,16,19,7,3,0,0,0,0,0,0,0,0,1,2,2,1,55,8,1968,2,6,AUDI A6,5,E01003713,0,-1
2023101376804,2023,101376804,1,9,0,1,1,7,3,0,0,0,0,0,0,0,2,1,1,1,1,40,7,1968,2,7,AUDI A6,5,E01008587,0,-1
2023041365454,2023,041365454,2,9,0,2,2,0,0,0,0,0,0,0,0,0,4,1,6,6,3,-1,-1,1968,2,7,AUDI A6,-1,-1,0,-1
2023351326136,2023,351326136,2,9,0,7,7,-1,-1,0,0,1,0,0,0,0,4,1,2,2,1,23,5,1968,2,17,AUDI A6,8,E01018203,0,-1
2023201400896,2023,201400896,2,9,0,18,19,2,6,0,0,0,0,0,0,0,1,1,6,6,1,24,5,2696,2,18,AUDI A6,2,E01009414,0,-1
2023461372792,2023,461372792,2,9,0,18,19,7,3,0,0,0,0,0,0,0,2,1,6,6,2,51,8,1968,2,9,AUDI A6,5,E01021778,0,-1
2023332301230,2023,332301230,1,9,0,11,11,4,8,0,0,0,2,0,1,0,4,1,2,2,1,60,9,1968,2,14,AUDI A6,10,E01025984,0,-1
2023421327977,2023,421327977,3,9,0,4,4,7,3,0,0,0,0,0,0,0,2,1,5,6,2,47,8,2967,2,10,AUDI A6,5,E01021994,0,-1
2023010458989,2023,010458989,1,9,0,7,7,8,3,0,0,5,0,0,0,0,4,1,6,6,1,51,8,1984,1,1,AUDI A6,-1,-1,0,-1
2023131321250,2023,131321250,4,9,0,18,19,1,5,0,0,0,0,0,0,0,1,1,2,2,1,39,7,1968,2,9,AUDI A6,9,E01011939,0,-1
2023461278169,2023,461278169,1,9,0,18,19,7,3,0,0,4,5,9,3,0,1,1,6,6,1,26,6,2967,2,7,AUDI A6,2,E01001388,0,-1
2023201363667,2023,201363667,4,9,0,18,19,2,6,0,0,0,0,0,0,0,0,1,1,1,1,-1,-1,2967,2,1,AUDI A6,-1,-1,0,-1
2023461394143,2023,461394143,1,9,0,18,19,6,1,0,0,2,0,4,0,0,1,1,6,6,1,37,7,2967,2,7,AUDI A6,9,E01024753,0,-1
2023421370410,2023,421370410,2,9,0,18,19,5,1,0,0,1,0,0,0,0,1,1,6,6,1,42,7,1968,2,12,AUDI A6,3,E01021888,0,-1
2023461306470,2023,461306470,2,9,0,18,19,7,3,0,0,3,0,0,0,0,1,1,6,6,1,40,7,1968,2,7,AUDI A6,7,E01024437,0,-1
2023010443329,2023,010443329,1,9,0,99,99,9,9,99,99,9,9,99,9,99,2,9,6,6,2,35,6,1968,2,8,AUDI A6,8,E01000673,0,-1
2023201292050,2023,201292050,1,9,0,5,5,1,5,0,0,1,0,0,0,0,3,1,6,6,1,-1,-1,1968,2,17,AUDI A6,-1,-1,0,-1
2023451275034,2023,451275034,2,9,0,18,19,4,8,0,0,0,0,0,0,0,2,1,2,2,1,29,6,1968,2,10,AUDI A6,5,E01024014,0,-1
2023461380252,2023,461380252,2,9,0,18,19,5,1,0,0,0,0,0,1,10,4,1,5,6,1,62,9,1968,2,4,AUDI A6,10,E01024325,0,-1
2023061373807,2023,061373807,2,9,0,18,19,1,3,0,0,0,0,0,0,0,4,1,2,2,2,48,8,1968,2,9,AUDI A6,-1,-1,0,-1
2023201400737,2023,201400737,1,9,0,9,9,5,3,0,0,5,0,0,0,0,1,1,6,6,3,30,6,1968,2,8,AUDI A6,1,E01033645,0,-1
2023010441506,2023,010441506,1,9,0,18,19,5,1,0,0,8,0,0,0,0,4,1,6,6,1,30,6,1968,2,9,AUDI A6,6,E01002240,0,-1
2023061370076,2023,061370076,2,9,0,18,19,3,7,0,0,1,0,0,0,0,1,1,5,6,1,51,8,1968,2,4,AUDI A6,10,E01005812,0,-1
2023991329200,2023,991329200,2,9,0,18,19,5,1,0,0,0,1,0,0,0,1,1,2,2,1,33,6,1968,2,8,AUDI A6,8,-1,0,-1
2023141277779,2023,141277779,1,9,0,18,19,4,8,0,0,0,0,0,0,0,1,1,5,6,1,58,9,1968,2,4,AUDI A6,1,E01007791,0,-1
2023010443806,2023,010443806,2,9,0,99,99,9,9,99,99,0,9,99,9,99,2,9,6,6,3,63,9,1968,2,5,AUDI A6,2,E01004306,0,-1
2023351387737,2023,351387737,2,9,0,9,9,7,3,0,0,2,0,0,1,0,2,1,5,6,1,37,7,1984,1,15,AUDI A6,2,E01015605,0,-1
2023231273113,2023,231273113,1,9,0,18,19,5,2,0,0,0,0,0,0,0,1,1,3,7,2,31,6,1968,2,8,AUDI A6,4,E01031005,0,-1
2023201365991,2023,201365991,2,9,0,16,19,2,5,0,0,0,0,0,0,0,1,1,6,6,1,-1,-1,1968,2,12,AUDI A6,4,E01010801,0,-1
2023451389430,2023,451389430,2,9,0,16,19,3,7,7,6,0,0,0,0,0,1,1,2,2,1,43,7,1968,2,12,AUDI A6,6,E01016704,0,-1
2023501321017,2023,501321017,2,9,0,3,3,4,8,0,0,0,1,0,0,0,2,1,5,6,2,61,9,2967,2,10,AUDI A6,6,E01020168,0,-1
2023041316889,2023,041316889,2,9,0,3,3,5,1,0,0,0,0,0,0,0,2,1,5,6,1,42,7,1984,1,0,AUDI A6,10,E01025408,0,-1
2023010428758,2023,010428758,2,9,0,8,8,3,6,0,0,1,0,0,0,0,1,1,6,6,1,44,7,1798,1,5,AUDI A6,2,E01001395,0,-1
2023631348154,2023,631348154,5,9,0,16,19,3,7,0,0,0,0,0,0,0,0,1,1,1,1,38,7,1968,2,8,AUDI A6,6,W01000305,0,-1
2023311327226,2023,311327226,1,9,0,18,19,1,1,0,0,0,0,0,0,0,1,1,5,6,1,48,8,1968,2,11,AUDI A6,1,E01028001,0,-1
2023311376542,2023,311376542,1,9,0,9,9,7,4,0,0,8,0,0,0,0,1,1,1,1,1,56,9,1968,2,4,AUDI A6,5,E01013931,0,-1
2023052302521,2023,052302521,2,9,0,18,19,3,7,0,0,8,0,0,0,0,1,1,6,6,1,20,4,2969,2,15,AUDI A6,2,E01006910,0,-1
2023501298152,2023,501298152,2,9,0,16,19,2,5,0,0,0,0,0,0,0,0,1,6,6,1,16,4,1968,2,10,AUDI A6,4,E01018759,0,-1
202360A074119,2023,60A074119,2,9,0,18,19,3,7,0,0,8,0,0,0,0,2,1,6,6,1,36,7,2969,2,16,AUDI A6,-1,-1,0,-1
2023052400045,2023,052400045,1,9,0,16,19,1,5,0,0,0,0,0,0,0,1,1,6,6,1,31,6,1968,2,10,AUDI A6,5,E01006486,0,-1
2023101346454,2023,101346454,1,9,0,18,19,6,2,0,0,1,0,0,0,0,1,1,6,6,1,45,7,1968,2,8,AUDI A6,7,E01008465,0,-1
2023201279071,2023,201279071,2,9,0,18,19,6,4,0,0,3,0,0,0,0,4,1,2,2,1,27,6,1968,2,8,AUDI A6,6,E01025963,0,-1
2023010435613,2023,010435613,1,8,0,99,99,9,9,99,99,9,9,99,9,99,1,9,6,6,1,50,8,1968,2,8,AUDI A6,4,E01001404,0,-1
2023311333416,2023,311333416,1,9,0,6,6,8,8,0,0,0,0,0,0,0,1,1,6,6,3,37,7,1968,2,12,AUDI A6,-1,-1,0,-1
2023440058141,2023,440058141,1,9,0,9,9,6,8,0,0,6,0,0,0,0,1,1,6,6,1,54,8,1968,2,5,AUDI A6,8,E01023049,0,-1
2023411374711,2023,411374711,1,9,0,4,4,1,5,0,0,2,0,0,0,0,2,1,1,1,1,31,6,1968,2,4,AUDI A6,7,E01023116,0,-1
2023631343449,2023,631343449,2,9,0,18,19,6,2,0,0,0,0,0,0,0,3,1,5,6,2,33,6,1968,2,6,AUDI A6,5,W01000426,0,-1
2023481355207,2023,481355207,2,9,0,3,3,1,5,0,0,0,0,0,0,0,2,1,5,6,1,39,7,1968,2,6,AUDI A6,-1,-1,0,-1
2023010438107,2023,010438107,2,9,0,99,99,9,9,99,99,9,9,99,9,99,2,9,6,6,3,-1,-1,1968,2,6,AUDI A6,-1,-1,0,-1
2023541202723,2023,541202723,1,9,0,9,9,6,5,0,0,1,0,0,0,0,4,1,3,7,2,49,8,1968,2,11,AUDI A6,10,E01022219,0,-1
2023061288870,2023,061288870,1,9,0,18,19,1,5,0,0,0,0,0,0,0,1,1,6,6,3,30,6,1968,2,17,AUDI A6,-1,-1,0,-1
2023101288326,2023,101288326,1,9,0,18,19,5,1,0,0,1,0,0,0,0,1,1,6,6,1,30,6,1968,2,7,AUDI A6,-1,-1,0,-1
2023010477219,2023,010477219,2,9,0,4,4,5,1,0,0,2,0,0,0,0,1,1,6,6,1,59,9,1984,1,2,AUDI A6,-1,-1,0,-1
2023010452817,2023,010452817,1,9,0,99,99,9,9,99,99,9,9,99,9,99,2,9,6,6,1,41,7,1968,2,3,AUDI A6,3,E01024169,0,-1
2023161351347,2023,161351347,1,9,0,18,19,1,5,0,0,4,0,0,0,0,2,1,6,6,1,48,8,1968,2,5,AUDI A6,1,E01012851,0,-1
2023991356628,2023,991356628,1,9,0,7,7,2,4,0,0,5,0,0,0,0,4,1,1,1,1,35,6,1968,2,7,AUDI A6,1,-1,0,-1
2023010453014,2023,010453014,2,9,0,18,19,3,7,0,0,1,0,0,0,0,2,1,6,6,1,23,5,1968,2,2,AUDI A6,5,E01021880,0,-1
2023332300505,2023,332300505,1,9,0,5,5,3,7,0,0,0,0,0,0,0,3,1,3,7,1,34,6,1968,2,10,AUDI A6,1,E01013601,0,-1
2023371293168,2023,371293168,2,9,0,16,19,7,5,0,0,0,0,0,0,0,1,1,6,6,1,38,7,2967,2,9,AUDI A6,5,E01033539,0,-1
2023221315459,2023,221315459,1,9,0,5,5,2,7,0,0,6,0,0,0,0,1,1,5,6,1,52,8,1968,2,16,AUDI A6,4,E01032342,0,-1
2023131377762,2023,131377762,1,9,0,18,19,5,1,0,0,1,0,0,0,0,1,1,6,6,1,60,9,1781,1,23,AUDI A6,4,E01011208,0,-1
2023201376712,2023,201376712,1,9,0,18,19,5,1,0,0,1,0,4,0,0,1,1,5,6,1,35,6,2696,2,18,AUDI A6,3,E01009629,0,-1
2023430137907,2023,430137907,2,9,0,7,7,4,6,0,0,5,0,0,0,0,3,1,6,6,1,28,6,2967,2,12,AUDI A6,5,E01016362,0,-1
2023201375980,2023,201375980,2,9,0,18,19,7,3,0,0,0,0,0,0,0,0,1,6,6,1,44,7,2967,2,9,AUDI A6,1,E01009413,0,-1
2023351301650,2023,351301650,2,9,0,2,2,0,0,0,0,0,0,0,0,0,3,1,6,6,1,34,6,1968,2,13,AUDI A6,5,E01018195,0,-1
2023211301892,2023,211301892,1,9,0,18,19,8,5,0,0,0,0,0,0,0,1,1,5,6,1,44,7,1968,2,4,AUDI A6,-1,-1,0,-1
2023421370174,2023,421370174,2,9,0,5,5,1,7,0,0,0,0,0,0,0,3,1,1,1,2,41,7,1968,2,3,AUDI A6,7,E01021914,0,-1
2023201411039,2023,201411039,2,9,0,7,7,3,5,0,0,5,0,0,0,0,1,1,6,6,3,60,9,1968,2,8,AUDI A6,5,E01009616,0,-1
2023461310866,2023,461310866,1,9,0,4,4,6,8,0,0,1,0,0,0,0,1,1,6,6,1,38,7,1968,2,5,AUDI A6,8,E01000654,0,-1
2023430525906,2023,430525906,1,9,0,18,19,5,1,0,0,8,0,0,0,0,1,1,6,6,1,-1,-1,1968,2,6,AUDI A6,-1,-1,0,-1
2023041269301,2023,041269301,2,9,0,18,19,8,6,0,0,1,0,0,0,0,1,1,2,2,1,46,8,2967,2,9,AUDI A6,5,E01025212,0,-1
2023061308635,2023,061308635,2,9,0,7,7,6,8,0,0,8,0,0,0,0,1,1,5,6,1,24,5,1968,2,6,AUDI A6,2,E01005193,0,-1
2023141373467,2023,141373467,2,9,0,18,19,8,4,0,0,8,1,0,0,0,3,1,5,6,1,44,7,2967,2,8,AUDI A6,6,E01008040,0,-1
2023461360295,2023,461360295,2,9,0,4,4,1,5,0,0,0,0,0,0,0,1,1,6,6,2,44,7,1968,2,10,AUDI A6,2,E01024662,0,-1
2023010470034,2023,010470034,1,9,0,7,7,3,6,0,0,5,0,0,0,0,4,1,2,2,1,61,9,1968,2,4,AUDI A6,2,E01000050,0,-1
2023010431874,2023,010431874,2,9,9,99,99,9,9,99,99,9,9,99,9,99,9,9,6,6,3,-1,-1,1968,2,9,AUDI A6,10,E01015400,0,-1
2023061341053,2023,061341053,2,9,0,18,19,7,3,0,0,0,0,0,0,0,0,1,1,1,1,45,7,2967,2,1,AUDI A6,-1,-1,0,-1
2023131370676,2023,131370676,1,9,0,9,9,1,5,0,0,0,0,0,1,0,1,1,6,6,1,35,6,1968,2,12,AUDI A6,3,E01011519,0,-1
2023010439443,2023,010439443,1,9,0,18,19,1,5,0,0,2,0,4,0,0,1,1,6,6,1,29,6,1968,2,1,AUDI A6,1,E01004340,0,-1
2023010485573,2023,010485573,2,9,0,99,99,9,9,99,99,0,9,99,9,99,1,9,6,6,1,41,7,1968,2,10,AUDI A6,3,E01001156,0,-1
2023531267517,2023,531267517,3,9,0,10,10,8,4,0,0,0,0,0,0,0,2,1,5,6,1,35,6,1968,2,12,AUDI A6,6,E01022270,0,-1
2023101376134,2023,101376134,1,9,0,4,4,7,3,0,0,0,0,0,0,0,1,1,6,6,2,30,6,1968,2,8,AUDI A6,3,E01008441,0,-1
2023471307223,2023,471307223,1,9,0,9,9,8,4,0,0,2,0,0,1,0,1,1,5,6,1,26,6,1798,1,5,AUDI A6,3,E01031559,0,-1
2023440368651,2023,440368651,2,9,0,3,3,2,6,0,0,0,0,0,0,0,2,1,6,6,1,-1,-1,1968,2,8,AUDI A6,-1,-1,0,-1
2023371382021,2023,371382021,2,9,0,18,19,2,5,0,0,1,0,10,7,11,4,1,5,6,1,34,6,2967,2,9,AUDI A6,1,E01033130,0,-1
2023401387619,2023,401387619,2,9,0,5,5,1,5,0,0,1,0,0,0,0,3,1,2,2,1,31,6,1968,2,10,AUDI A6,4,E01017535,0,-1
2023010463579,2023,010463579,3,9,0,2,2,0,0,9,9,5,0,0,0,0,0,1,6,6,3,-1,-1,1968,2,13,AUDI A6,-1,-1,0,-1
2023131278458,2023,131278458,2,9,0,2,2,0,0,0,0,8,0,0,0,0,4,1,6,6,3,-1,-1,1968,2,8,AUDI A6,-1,-1,0,-1
2023311277147,2023,311277147,1,9,0,4,4,4,8,0,0,0,0,0,0,0,3,1,6,6,1,46,8,1968,2,11,AUDI A6,1,E01013861,0,-1
2023141290473,2023,141290473,1,9,0,4,4,1,5,0,0,1,0,0,0,0,2,1,5,6,2,39,7,1968,2,7,AUDI A6,9,E01019805,0,-1
2023451268868,2023,451268868,1,9,0,17,19,4,8,0,0,0,0,0,1,0,1,1,5,6,1,40,7,1968,2,6,AUDI A6,6,E01003000,0,-1
2023041332918,2023,041332918,1,9,0,3,3,4,7,0,0,8,0,0,0,0,4,1,6,6,1,45,7,1968,2,9,AUDI A6,9,E01025545,0,-1
2023302300757,2023,302300757,1,9,0,18,19,8,4,0,0,8,0,0,0,0,1,1,6,6,1,52,8,1968,2,12,AUDI A6,4,E01013493,0,-1
2023540403823,2023,540403823,1,9,0,5,5,1,3,0,0,4,0,0,0,0,1,1,6,6,1,53,8,2967,2,14,AUDI A6,3,E01015502,0,-1
2023302301237,2023,302301237,1,9,0,1,1,3,7,9,9,0,0,0,0,0,2,1,6,6,1,58,9,2967,2,11,AUDI A6,10,E01013463,0,-1
2023010424321,2023,010424321,2,9,0,9,9,5,3,0,0,6,0,0,0,0,1,1,3,7,1,61,9,1984,1,5,AUDI A6,7,E01003167,0,-1
2023531331603,2023,531331603,1,9,0,18,19,6,2,0,0,8,0,0,0,0,4,1,1,1,2,35,6,1968,2,7,AUDI A6,3,E01022134,0,-1
2023544556523,2023,544556523,1,9,0,13,13,6,2,0,0,0,0,0,0,0,0,1,6,6,1,36,7,2967,2,6,AUDI A6,6,E01032004,0,-1
2023010473012,2023,010473012,1,9,0,18,19,5,1,0,0,2,0,0,0,0,1,1,6,6,1,65,9,1968,2,8,AUDI A6,4,E01003561,0,-1
2023440001625,2023,440001625,2,9,0,18,19,5,1,0,0,0,0,12,0,0,1,1,6,6,1,55,8,1968,2,8,AUDI A6,-1,-1,0,-1
2023201398265,2023,201398265,1,9,0,9,9,4,1,0,0,5,0,0,0,0,4,1,6,6,2,46,8,1968,2,5,AUDI A6,1,E01009025,0,-1
2023141377546,2023,141377546,2,9,0,18,19,5,1,0,0,4,0,0,0,0,1,1,6,6,1,31,6,2967,2,13,AUDI A6,-1,-1,0,-1
2023991338362,2023,991338362,1,9,0,18,19,4,8,0,0,0,0,0,1,0,1,1,5,6,2,35,6,1968,2,2,AUDI A6,6,-1,0,-1
2023471376219,2023,471376219,1,9,0,18,19,5,1,0,0,1,0,7,0,0,1,1,2,2,1,71,10,1968,2,6,AUDI A6,8,E01031664,0,-1
2023010486775,2023,010486775,2,9,0,18,19,3,7,0,0,1,0,0,0,0,1,2,6,6,1,30,6,1968,2,3,AUDI A6,4,E01000547,0,-1
2023201448207,2023,201448207,1,9,9,9,9,1,6,0,0,6,0,0,0,0,9,1,6,6,1,27,6,2698,2,15,AUDI A6,2,E01033635,0,-1
2023421379273,2023,421379273,2,9,0,-1,-1,-1,-1,-1,-1,0,-1,-1,-1,0,-1,1,6,6,1,52,8,1968,2,4,AUDI A6,2,E01000600,0,-1
2023501331856,2023,501331856,2,9,0,18,19,2,6,0,0,0,0,0,0,0,1,1,6,6,1,58,9,2967,2,12,AUDI A6,10,E01016607,0,-1
2023131368047,2023,131368047,1,9,0,18,19,7,3,0,0,1,0,0,0,0,1,1,5,6,1,28,6,1968,2,9,AUDI A6,1,E01010627,0,-1
2023052300021,2023,052300021,2,9,0,18,19,2,6,0,0,8,0,0,0,0,1,1,6,6,1,34,6,1968,2,7,AUDI A6,1,E01006440,0,-1
2023070632879,2023,070632879,1,9,0,18,19,6,2,0,0,0,0,0,0,0,4,1,6,6,1,40,7,1968,2,9,AUDI A6,7,E01018725,0,-1
2023201310489,2023,201310489,1,9,0,18,19,2,6,0,0,1,0,7,6,0,1,1,6,6,1,30,6,2967,2,5,AUDI A6,4,E01009085,0,-1
2023451273501,2023,451273501,1,9,0,17,19,7,3,0,0,1,0,0,7,4,1,1,5,6,1,45,7,1968,2,8,AUDI A6,8,E01000717,0,-1
2023461397066,2023,461397066,4,9,0,18,19,3,7,0,0,0,0,0,0,0,0,1,1,1,1,39,7,2967,2,1,AUDI A6,3,E01024717,0,-1
2023010421227,2023,010421227,2,9,0,99,99,9,9,0,0,8,0,0,0,0,0,9,6,6,3,-1,-1,1968,2,2,AUDI A6,-1,-1,0,-1
2023430024200,2023,430024200,2,9,0,18,19,3,7,0,0,8,0,0,0,0,3,1,6,6,2,39,7,1968,2,9,AUDI A6,3,E01016475,0,-1
2023361300874,2023,361300874,1,9,0,14,14,5,1,0,0,0,0,4,0,0,4,1,3,7,2,37,7,1968,2,17,AUDI A6,1,E01026595,0,-1
2023430421593,2023,430421593,1,9,0,18,19,3,7,0,0,1,0,0,0,0,1,1,6,6,1,60,9,1968,2,15,AUDI A6,5,E01028811,0,-1
2023010441218,2023,010441218,2,9,0,99,99,9,9,99,99,9,9,99,9,99,1,9,6,6,3,-1,-1,1968,2,7,AUDI A6,-1,-1,0,-1
2023010445133,2023,010445133,2,9,0,18,19,4,8,0,0,1,0,0,0,0,1,1,1,1,1,44,7,2698,2,15,AUDI A6,5,E01000516,0,-1
2023610028423,2023,610028423,2,9,0,13,13,7,3,0,0,0,5,0,1,4,4,1,6,6,1,52,8,1968,2,4,AUDI A6,8,W01001616,0,-1
2023141299356,2023,141299356,1,9,0,9,9,4,2,0,0,0,0,0,0,0,2,1,5,6,2,27,6,1968,2,11,AUDI A6,2,E01007541,0,-1
2023010444339,2023,010444339,2,9,0,18,19,1,5,0,0,8,0,0,1,0,1,1,6,6,2,28,6,2967,2,8,AUDI A6,7,E01000139,0,-1
2023991310288,2023,991310288,1,9,0,18,19,8,4,0,0,0,0,0,0,0,1,1,2,2,1,52,8,1968,2,4,AUDI A6,10,-1,0,-1
2023201411023,2023,201411023,3,9,0,5,5,1,5,0,0,0,0,0,0,0,4,1,6,6,1,36,7,2967,2,11,AUDI A6,6,E01031322,0,-1
2023311335468,2023,311335468,1,9,0,2,2,0,0,0,0,1,0,0,0,0,2,1,5,6,1,35,6,1968,2,15,AUDI A6,8,E01028052,0,-1
2023552301424,2023,552301424,1,9,0,17,19,7,4,0,0,0,0,0,1,3,1,1,2,2,1,29,6,1871,2,18,AUDI A6,4,E01020438,0,-1
2023991264347,2023,991264347,3,9,0,16,19,2,6,0,0,0,0,0,0,0,1,1,6,6,1,51,8,1968,2,7,AUDI A6,9,-1,0,-1
2023010445825,2023,010445825,1,8,0,18,19,7,3,0,0,8,0,0,0,0,4,1,1,1,1,48,8,1968,2,7,AUDI A6,4,E01024167,0,-1
2023131292629,2023,131292629,2,9,0,2,2,0,0,0,0,0,1,0,1,2,2,1,6,6,3,-1,-1,1968,2,15,AUDI A6,-1,-1,0,-1
2023340WN5572,2023,340WN5572,1,9,0,18,19,1,5,0,0,1,0,0,0,0,1,1,6,6,1,62,9,2393,1,24,AUDI A6,8,E01026993,0,-1
2023320031463,2023,320031463,1,9,0,7,7,3,6,0,0,6,0,0,0,0,3,1,6,6,2,27,6,2967,2,15,AUDI A6,-1,-1,0,-1
2023501318742,2023,501318742,2,9,0,18,19,3,7,0,0,0,0,0,0,0,2,1,6,6,1,37,7,2967,2,8,AUDI A6,5,E01020340,0,-1
2023052300144,2023,052300144,1,9,0,18,19,1,5,0,0,2,0,0,0,0,1,1,6,6,1,47,8,1968,2,6,AUDI A6,6,E01006955,0,-1
2023061358833,2023,061358833,2,9,0,18,19,7,3,0,0,8,0,0,0,0,1,1,6,6,1,27,6,1968,2,12,AUDI A6,7,E01025365,0,-1
2023531319399,2023,531319399,1,9,0,18,19,7,3,0,0,0,0,0,0,0,1,1,6,6,3,-1,-1,2698,2,17,AUDI A6,-1,-1,0,-1
2023201393224,2023,201393224,1,9,0,18,19,6,2,0,0,0,0,0,0,0,2,1,6,6,2,-1,-1,1968,2,7,AUDI A6,-1,-1,0,-1
2023041377547,2023,041377547,2,9,0,9,9,7,5,0,0,2,0,0,0,0,1,1,5,6,2,21,5,1968,2,12,AUDI A6,7,E01025251,0,-1
2023340NN1432,2023,340NN1432,1,9,0,18,19,2,6,0,0,7,0,0,0,0,1,1,6,6,1,62,9,1968,2,9,AUDI A6,10,E01018141,0,-1
2023421325544,2023,421325544,1,9,0,4,4,3,8,0,0,0,0,0,0,0,1,1,6,6,1,-1,-1,1968,2,8,AUDI A6,-1,-1,0,-1
2023010444901,2023,010444901,1,9,0,18,19,3,7,0,0,1,0,0,0,0,1,1,6,6,1,40,7,1968,2,8,AUDI A6,3,E01001637,0,-1
2023141373538,2023,141373538,2,9,0,3,3,1,5,0,0,0,0,0,0,0,2,1,6,6,1,22,5,2967,2,7,AUDI A6,3,E01019496,0,-1
2023440228940,2023,440228940,2,9,0,4,4,5,1,0,0,1,0,0,0,0,2,1,6,6,2,52,8,1968,2,7,AUDI A6,9,E01032849,0,-1
2023461274219,2023,461274219,2,9,0,2,2,0,0,0,0,0,0,0,0,0,1,1,6,6,3,-1,-1,1968,2,9,AUDI A6,-1,-1,0,-1
2023371275208,2023,371275208,2,9,0,4,4,6,2,0,0,0,0,0,0,0,2,1,5,6,1,65,9,1871,2,18,AUDI A6,4,E01026468,0,-1
2023451322337,2023,451322337,1,9,0,18,19,5,1,0,0,0,0,7,0,0,1,1,2,2,1,34,6,1968,2,0,AUDI A6,10,E01030584,0,-1
2023131365702,2023,131365702,2,9,0,5,5,1,1,0,0,8,0,0,0,0,1,1,6,6,1,31,6,1968,2,14,AUDI A6,1,E01011673,0,-1
2023161303937,2023,161303937,1,9,0,7,7,4,6,0,0,4,0,0,0,0,3,1,6,6,2,39,7,1968,2,8,AUDI A6,1,E01012848,0,-1
2023320113157,2023,320113157,1,9,0,18,19,8,4,0,0,1,0,0,0,0,1,1,6,6,2,66,10,2967,2,7,AUDI A6,-1,-1,0,-1
2023302300051,2023,302300051,1,9,0,3,3,3,7,0,0,0,0,0,0,0,3,1,6,6,2,43,7,2967,2,9,AUDI A6,6,E01019763,0,-1
2023531296389,2023,531296389,2,9,0,4,4,7,3,0,0,8,0,0,1,5,2,1,5,6,2,77,11,1968,2,8,AUDI A6,9,E01022207,0,-1
2023052302371,2023,052302371,1,9,0,1,1,2,6,0,0,1,0,0,0,0,2,1,6,6,1,58,9,2698,2,17,AUDI A6,4,E01007313,0,-1
2023461392647,2023,461392647,1,9,0,13,13,3,7,0,0,1,0,0,0,0,3,1,6,6,1,34,6,1984,1,0,AUDI A6,8,E01021172,0,-1
2023052303036,2023,052303036,2,9,0,18,19,3,7,0,0,0,0,0,0,0,2,1,6,6,1,48,8,1968,2,1,AUDI A6,7,E01007242,0,-1
2023041350968,2023,041350968,5,9,0,2,2,0,0,0,0,2,0,0,0,0,1,1,6,6,3,-1,-1,1968,2,13,AUDI A6,-1,-1,0,-1
2023201397923,2023,201397923,1,9,0,5,5,4,2,0,0,6,0,0,0,0,1,1,6,6,1,39,7,1968,2,6,AUDI A6,6,E01010200,0,-1
2023231338184,2023,231338184,1,9,0,4,4,3,7,0,0,4,0,0,0,0,1,1,6,6,1,43,7,1968,2,7,AUDI A6,7,E01031061,0,-1
2023061306638,2023,061306638,2,9,0,10,10,7,3,0,0,1,0,0,0,0,2,1,2,2,2,45,7,1968,2,8,AUDI A6,1,E01005448,0,-1