collision_index,collision_year,collision_ref_no,vehicle_reference,vehicle_type,towing_and_articulation,vehicle_manoeuvre_historic,vehicle_manoeuvre,vehicle_direction_from,vehicle_direction_to,vehicle_location_restricted_lane_historic,vehicle_location_restricted_lane,junction_location,skidding_and_overturning,hit_object_in_carriageway,vehicle_leaving_carriageway,hit_object_off_carriageway,first_point_of_impact,vehicle_left_hand_drive,journey_purpose_of_driver_historic,journey_purpose_of_driver,sex_of_driver,age_of_driver,age_band_of_driver,engine_capacity_cc,propulsion_code,age_of_vehicle,generic_make_model,driver_imd_decile,lsoa_of_driver,escooter_flag,driver_distance_banding
2023430555168,2023,430555168,2,3,0,3,3,6,2,0,0,1,0,0,0,0,2,1,2,2,1,30,6,124,1,0,-1,10,E01016198,0,-1
2023631366658,2023,631366658,2,3,0,18,19,3,7,0,0,0,0,0,0,0,1,1,6,6,1,29,6,124,1,25,-1,6,W01000635,0,-1
2023461355889,2023,461355889,2,3,0,14,14,1,5,0,0,8,5,0,0,0,1,1,2,2,1,17,4,124,1,24,-1,1,E01024687,0,-1
2023501341896,2023,501341896,2,5,0,9,9,6,4,0,0,1,5,0,0,0,4,1,5,6,2,52,8,1133,1,0,-1,7,E01018800,0,-1
2023991366859,2023,991366859,1,5,0,18,19,2,6,0,0,8,0,0,0,0,1,1,2,2,1,44,7,1133,1,3,-1,2,-1,0,-1
2023991355608,2023,991355608,2,5,0,18,19,5,1,0,0,3,1,0,0,0,4,1,6,6,1,53,8,1133,1,4,-1,6,-1,0,-1
2023440363078,2023,440363078,2,5,0,18,19,6,2,0,0,1,0,0,0,0,1,1,6,6,1,75,10,1133,1,2,-1,8,E01022991,0,-1
2023201301140,2023,201301140,2,5,0,13,13,5,1,0,0,0,0,0,0,0,4,1,6,6,1,43,7,1133,1,1,-1,1,E01009147,0,-1
2023361311886,2023,361311886,1,5,0,16,19,5,8,0,0,5,1,10,7,0,1,1,5,6,1,54,8,1133,1,1,-1,9,E01026936,0,-1
2023471383095,2023,471383095,2,11,0,18,19,4,8,0,0,0,0,0,1,3,1,1,1,1,1,41,7,10837,2,5,-1,4,E01001015,0,-1
2023440488693,2023,440488693,2,11,0,18,19,3,7,0,0,0,0,0,0,0,3,1,1,1,1,44,7,10837,2,8,-1,10,E01020415,0,-1
2023440413605,2023,440413605,2,11,0,1,1,3,7,0,0,0,0,0,0,0,2,1,1,1,3,-1,-1,10837,2,0,-1,-1,-1,0,-1
2023547644323,2023,547644323,2,11,0,18,19,6,2,0,0,0,0,0,0,0,3,1,1,1,1,53,8,10837,2,8,-1,-1,-1,0,-1
202354C005223,2023,54C005223,2,11,0,18,19,8,4,0,0,8,0,0,0,0,4,1,1,1,1,51,8,12902,2,4,-1,4,E01029171,0,-1
2023991369134,2023,991369134,1,9,0,18,19,8,4,0,0,1,0,0,0,0,1,1,5,6,1,67,10,1349,1,15,MAZDA 2,4,-1,0,-1
202360A000154,2023,60A000154,1,9,0,18,19,7,3,0,0,0,0,0,7,0,1,1,6,6,1,20,4,1349,1,13,MAZDA 2,-1,-1,0,-1
2023440137109,2023,440137109,1,9,0,18,19,8,4,0,0,0,0,0,0,0,4,1,6,6,1,66,10,1496,1,2,MAZDA 2,8,E01023221,0,-1
2023440063727,2023,440063727,1,9,0,18,19,7,3,0,0,0,0,0,0,0,1,1,6,6,3,-1,-1,1349,1,11,MAZDA 2,-1,-1,0,-1
2023440270678,2023,440270678,1,9,0,9,9,4,2,0,0,5,0,0,0,0,1,1,6,6,1,87,11,1496,1,0,MAZDA 2,10,E01022557,0,-1
2023501343119,2023,501343119,2,9,0,18,19,1,5,0,0,0,1,0,0,0,2,1,6,6,2,43,7,1349,1,14,MAZDA 2,5,E01015237,0,-1
2023111376745,2023,111376745,2,9,0,3,3,8,4,0,0,0,0,0,0,0,2,1,6,6,2,40,7,1496,1,3,MAZDA 2,-1,-1,0,-1
2023331294369,2023,331294369,1,9,0,18,19,8,4,0,0,1,0,4,0,0,1,1,6,6,1,31,6,1496,1,7,MAZDA 2,1,E01031015,0,-1
2023010457255,2023,010457255,1,9,0,99,99,9,9,99,99,9,9,99,9,99,2,9,6,6,2,31,6,1498,1,15,MAZDA 2,3,E01003491,0,-1
2023471365396,2023,471365396,2,9,0,18,19,5,1,0,0,0,0,0,0,0,2,1,5,6,2,52,8,1349,1,14,MAZDA 2,7,E01032717,0,-1
2023991364384,2023,991364384,1,9,0,18,19,8,4,0,0,0,0,0,1,11,3,1,5,6,1,34,6,1349,1,14,MAZDA 2,4,-1,0,-1
2023041274971,2023,041274971,1,9,0,18,19,1,5,0,0,0,0,0,0,0,3,1,6,6,1,52,8,1349,1,10,MAZDA 2,5,E01025331,0,-1
2023501280974,2023,501280974,1,9,0,18,19,1,4,0,0,0,0,0,0,0,1,1,6,6,1,70,10,1496,1,3,MAZDA 2,5,E01019066,0,-1
2023622300604,2023,622300604,2,9,0,6,6,2,2,0,0,0,0,0,0,0,3,1,6,6,1,41,7,1349,1,12,MAZDA 2,1,W01001696,0,-1
2023122301340,2023,122301340,1,9,0,16,19,1,5,0,0,0,1,0,1,0,3,1,6,6,1,18,4,1349,1,10,MAZDA 2,7,E01027645,0,-1
2023531352357,2023,531352357,2,9,0,18,19,1,5,0,0,0,0,0,0,0,1,1,2,2,1,36,7,1349,1,13,MAZDA 2,8,E01021352,0,-1
2023991262887,2023,991262887,1,9,0,5,5,1,5,0,0,1,0,0,0,0,4,1,1,1,2,34,6,1349,1,13,MAZDA 2,4,-1,0,-1
2023122300919,2023,122300919,2,9,0,7,7,2,5,0,0,8,0,0,0,0,1,1,6,6,2,41,7,1349,1,9,MAZDA 2,9,E01013370,0,-1
2023501335684,2023,501335684,1,9,0,7,7,2,3,0,0,1,0,0,0,0,2,1,5,6,2,32,6,1349,1,15,MAZDA 2,5,E01032657,0,-1
2023231328093,2023,231328093,3,9,0,10,10,2,8,0,0,1,0,0,0,0,2,1,5,6,2,31,6,1496,1,6,MAZDA 2,4,E01031231,0,-1
2023010458637,2023,010458637,2,9,0,99,99,9,9,99,99,9,9,99,9,99,1,9,6,6,3,-1,-1,1349,1,10,MAZDA 2,-1,-1,0,-1
2023122300868,2023,122300868,2,9,0,18,19,3,7,0,0,0,0,0,0,0,3,1,6,6,1,56,9,1496,1,7,MAZDA 2,9,E01027632,0,-1
2023430555215,2023,430555215,2,9,0,18,19,3,7,0,0,8,0,0,0,0,1,1,6,6,1,18,4,1349,1,9,MAZDA 2,10,E01022554,0,-1
2023141354567,2023,141354567,2,9,0,18,19,4,8,0,0,8,0,0,0,0,1,1,6,6,1,27,6,1349,1,14,MAZDA 2,6,E01008046,0,-1
2023302301345,2023,302301345,1,9,0,16,19,1,4,0,0,0,0,0,0,0,3,1,6,6,1,67,10,1349,1,14,MAZDA 2,9,E01019416,0,-1
2023320297557,2023,320297557,1,9,0,9,9,5,4,0,0,8,0,0,7,0,3,1,1,1,1,53,8,1490,8,1,MAZDA 2,-1,-1,0,-1
2023211425181,2023,211425181,1,9,0,18,19,1,5,0,0,2,0,0,0,0,4,1,6,6,2,44,7,1349,1,10,MAZDA 2,-1,-1,0,-1
2023031288149,2023,031288149,2,9,0,4,4,2,3,0,0,0,0,0,0,0,2,1,6,6,1,80,11,1349,1,14,MAZDA 2,10,E01019243,0,-1
2023061275776,2023,061275776,1,9,0,18,19,1,1,0,0,8,0,0,0,0,1,1,2,2,1,28,6,1496,1,7,MAZDA 2,2,E01005318,0,-1
2023010472190,2023,010472190,2,9,0,99,99,9,9,99,99,9,9,99,9,99,9,9,6,6,2,-1,-1,1496,1,0,MAZDA 2,6,E01003228,0,-1
2023332300695,2023,332300695,2,9,0,18,19,6,2,0,0,8,0,0,0,0,1,1,6,6,2,50,8,1400,1,17,MAZDA 2,5,E01013767,0,-1
2023161307023,2023,161307023,1,9,0,9,9,6,4,0,0,6,0,0,0,0,3,1,5,6,2,66,10,1349,1,9,MAZDA 2,6,E01013122,0,-1
2023111288845,2023,111288845,2,9,0,3,3,3,8,0,0,1,0,0,0,0,2,1,2,2,2,26,6,1400,1,16,MAZDA 2,3,E01020744,0,-1
2023461279464,2023,461279464,2,9,0,18,19,1,5,0,0,1,0,0,0,0,1,1,6,6,2,20,4,1349,1,13,MAZDA 2,4,E01016128,0,-1
2023221266597,2023,221266597,1,9,0,18,19,4,8,0,0,8,0,4,1,11,1,1,5,6,2,83,11,1498,1,12,MAZDA 2,-1,-1,0,-1
2023430276319,2023,430276319,2,9,0,18,19,6,2,0,0,1,0,0,0,0,1,1,6,6,1,30,6,1388,1,20,MAZDA 2,-1,-1,0,-1
2023461348514,2023,461348514,1,9,0,5,5,5,1,0,0,8,0,0,0,0,1,1,2,2,2,22,5,1349,1,13,MAZDA 2,4,E01024029,0,-1
2023991283888,2023,991283888,2,9,0,18,19,5,1,0,0,0,1,12,0,0,1,1,5,6,2,20,4,1349,1,13,MAZDA 2,7,-1,0,-1
2023101333735,2023,101333735,2,9,0,8,8,5,1,0,0,8,0,0,0,0,2,1,2,2,2,62,9,1496,1,2,MAZDA 2,4,E01008277,0,-1
2023430569736,2023,430569736,1,9,0,18,19,5,1,0,0,8,0,0,0,0,1,1,6,6,1,-1,-1,1349,1,14,MAZDA 2,-1,-1,0,-1
2023010436587,2023,010436587,1,9,0,18,19,3,7,0,0,0,0,4,1,0,1,1,6,6,2,58,9,1498,1,16,MAZDA 2,-1,-1,0,-1
2023122301326,2023,122301326,2,9,0,9,9,6,2,0,0,1,0,0,1,7,1,1,6,6,1,20,4,1349,1,14,MAZDA 2,8,E01027586,0,-1
2023461286360,2023,461286360,2,9,0,4,4,7,3,0,0,0,0,0,0,0,2,1,2,2,2,69,10,1496,1,8,MAZDA 2,10,E01024323,0,-1
2023131326970,2023,131326970,1,9,0,7,7,2,8,0,0,6,0,0,0,0,2,1,6,6,3,-1,-1,1349,1,15,MAZDA 2,-1,-1,0,-1
2023311378631,2023,311378631,2,9,0,9,9,5,3,0,0,8,0,0,7,0,4,1,6,6,2,23,5,1400,1,18,MAZDA 2,10,E01031680,0,-1
2023548400923,2023,548400923,1,9,0,18,19,5,1,0,0,0,5,0,1,0,1,1,6,6,1,31,6,1400,1,16,MAZDA 2,4,E01032101,0,-1
2023010448940,2023,010448940,1,9,0,18,19,7,3,0,0,0,5,0,0,0,1,1,6,6,2,22,5,1496,1,7,MAZDA 2,6,E01000262,0,-1
2023451311094,2023,451311094,1,9,0,18,19,1,5,0,0,0,0,0,4,0,1,1,5,6,2,84,11,1349,1,11,MAZDA 2,10,E01030442,0,-1
2023501267996,2023,501267996,1,9,0,16,19,3,7,0,0,1,0,0,0,0,1,1,6,6,2,46,8,1496,1,2,MAZDA 2,1,E01015266,0,-1
2023552300627,2023,552300627,2,9,0,18,19,8,4,0,0,8,0,0,0,0,1,1,6,6,2,84,11,1498,1,12,MAZDA 2,5,E01015334,0,-1
2023122300317,2023,122300317,2,9,0,2,2,0,0,0,0,0,0,0,0,0,1,1,6,6,2,35,6,1349,1,15,MAZDA 2,9,E01027794,0,-1
2023302301850,2023,302301850,1,9,0,9,9,5,3,0,0,0,0,0,0,0,3,1,6,6,2,23,5,1496,1,7,MAZDA 2,10,E01033533,0,-1
2023010471662,2023,010471662,3,9,0,2,2,0,0,6,6,1,0,0,0,0,2,1,6,6,3,-1,-1,1496,1,5,MAZDA 2,-1,-1,0,-1
2023041296966,2023,041296966,1,9,0,5,5,7,3,0,0,0,5,0,0,0,4,1,5,6,2,37,7,1349,1,9,MAZDA 2,7,E01025014,0,-1
2023010447104,2023,010447104,2,9,0,99,99,9,9,99,99,9,9,99,9,99,2,9,6,6,3,-1,-1,1496,1,1,MAZDA 2,-1,-1,0,-1
2023471294487,2023,471294487,1,9,0,18,19,2,6,0,0,8,0,0,0,0,1,1,2,2,2,52,8,1496,1,3,MAZDA 2,10,E01021210,0,-1
2023170L30853,2023,170L30853,3,9,0,2,2,0,0,0,0,0,0,0,0,0,2,1,6,6,2,-1,-1,1349,1,12,MAZDA 2,-1,-1,0,-1
2023622300657,2023,622300657,1,9,0,18,19,4,8,0,0,0,0,0,1,10,1,1,6,6,2,29,6,1498,1,13,MAZDA 2,7,E01009974,0,-1
2023610014923,2023,610014923,1,9,0,5,5,7,3,0,0,6,0,0,0,0,1,1,6,6,2,55,8,1349,1,14,MAZDA 2,4,W01001688,0,-1
2023461372406,2023,461372406,2,9,0,4,4,2,6,0,0,1,1,0,0,0,1,1,2,2,1,48,8,1498,1,14,MAZDA 2,8,E01024351,0,-1
2023010460885,2023,010460885,3,9,0,3,3,7,3,0,0,2,0,0,0,0,0,1,6,6,2,24,5,1349,1,12,MAZDA 2,5,E01016577,0,-1
2023061386507,2023,061386507,2,9,-1,-1,-1,-1,-1,-1,-1,-1,-1,-1,-1,0,-1,1,6,6,2,34,6,1349,1,14,MAZDA 2,1,E01006016,0,-1
2023320673821,2023,320673821,1,9,0,18,19,4,8,0,0,0,1,0,1,0,1,1,6,6,1,20,4,1560,2,12,MAZDA 2,8,E01026229,0,-1
2023991335842,2023,991335842,1,9,0,6,6,6,6,0,0,0,0,0,0,0,3,1,1,1,1,42,7,1349,1,15,MAZDA 2,2,-1,0,-1
2023471389196,2023,471389196,1,9,0,18,19,2,4,0,0,6,0,0,7,4,3,1,5,6,1,22,5,1498,1,14,MAZDA 2,2,E01031819,0,-1
2023131381085,2023,131381085,1,9,0,18,19,1,1,0,0,2,0,0,0,0,1,1,5,6,1,78,11,1496,1,7,MAZDA 2,9,E01011186,0,-1
2023552301147,2023,552301147,1,9,0,18,19,1,5,0,0,8,0,0,0,0,1,1,6,6,2,21,5,1349,1,9,MAZDA 2,5,E01015377,0,-1
2023451357830,2023,451357830,1,9,0,9,9,1,6,0,0,5,0,0,0,0,4,1,2,2,1,56,9,1496,1,3,MAZDA 2,2,E01001082,0,-1
2023010435907,2023,010435907,1,9,0,7,7,7,1,0,0,8,0,11,0,0,1,1,6,6,1,18,4,1498,1,11,MAZDA 2,2,E01001066,0,-1
2023131368227,2023,131368227,1,9,0,18,19,3,7,0,0,0,0,0,0,0,1,1,5,6,1,61,9,1349,1,13,MAZDA 2,5,E01013297,0,-1
2023501392836,2023,501392836,1,9,0,10,10,6,5,0,0,1,0,0,0,0,1,1,5,6,2,53,8,1498,1,4,MAZDA 2,9,E01016345,0,-1
2023201305225,2023,201305225,2,9,0,18,19,1,4,0,0,6,0,10,7,10,4,1,6,6,2,39,7,1400,1,16,MAZDA 2,1,E01009380,0,-1
2023440463463,2023,440463463,2,9,0,4,4,8,4,0,0,0,0,0,0,0,2,1,2,2,1,66,10,1349,1,10,MAZDA 2,7,E01029317,0,-1
2023131354768,2023,131354768,1,9,0,2,2,1,5,0,0,0,0,0,0,0,1,1,6,6,3,-1,-1,1496,1,2,MAZDA 2,-1,-1,0,-1
2023522401024,2023,522401024,2,9,0,17,19,3,1,0,0,8,0,0,0,0,1,1,6,6,1,73,10,1349,1,13,MAZDA 2,2,E01014578,0,-1
2023061396734,2023,061396734,1,9,0,18,19,7,3,0,0,1,0,0,0,0,1,1,6,6,2,64,9,1349,1,10,MAZDA 2,3,E01005546,0,-1
2023451352077,2023,451352077,1,9,0,18,19,7,3,0,0,2,0,0,0,0,1,1,5,6,2,77,11,1496,1,8,MAZDA 2,10,E01030506,0,-1
2023052301917,2023,052301917,1,9,0,13,13,1,5,0,0,1,0,0,0,0,4,1,6,6,2,57,9,1349,1,14,MAZDA 2,2,E01007091,0,-1
2023010483818,2023,010483818,1,9,0,99,99,9,9,99,99,0,9,99,9,99,4,9,6,6,1,45,7,1349,1,11,MAZDA 2,3,E01003146,0,-1
2023010446765,2023,010446765,2,9,0,18,19,8,4,0,0,1,1,0,0,0,4,1,6,6,1,28,6,1349,1,11,MAZDA 2,6,E01000294,0,-1
2023610007423,2023,610007423,1,9,0,18,19,4,8,0,0,0,0,0,1,3,1,1,6,6,1,62,9,1498,1,14,MAZDA 2,9,W01001514,0,-1
2023991333581,2023,991333581,2,9,0,18,19,3,7,0,0,8,0,0,8,7,1,1,2,2,2,46,8,1349,1,12,MAZDA 2,-1,-1,0,-1
2023061278204,2023,061278204,2,9,0,3,3,5,1,0,0,4,0,0,0,0,2,1,2,2,2,27,6,1349,1,10,MAZDA 2,1,E01005381,0,-1
2023411334328,2023,411334328,2,9,0,3,3,1,5,0,0,1,0,0,0,0,2,1,5,6,2,40,7,1349,1,13,MAZDA 2,9,E01023318,0,-1
2023201409709,2023,201409709,2,9,0,18,19,6,2,0,0,8,0,0,0,0,2,1,5,6,1,-1,-1,1498,1,14,MAZDA 2,-1,-1,0,-1
2023544944023,2023,544944023,2,9,0,4,4,5,1,0,0,0,0,0,0,0,2,1,6,6,1,28,6,1349,1,13,MAZDA 2,5,E01033080,0,-1
2023141276041,2023,141276041,1,9,0,9,9,6,4,0,0,6,0,0,0,0,1,1,2,2,2,52,8,1498,1,5,MAZDA 2,6,E01007924,0,-1
2023161309893,2023,161309893,1,9,0,18,19,6,2,0,0,0,0,0,0,0,1,1,6,6,1,19,4,1496,1,7,MAZDA 2,9,E01013154,0,-1
2023101335815,2023,101335815,3,9,0,18,19,6,1,0,0,0,0,0,0,0,3,1,5,6,2,57,9,1496,1,8,MAZDA 2,6,E01020776,0,-1
2023440251627,2023,440251627,1,9,0,4,4,6,2,0,0,2,0,0,0,0,2,1,6,6,1,28,6,1349,1,8,MAZDA 2,3,E01017267,0,-1
2023522301767,2023,522301767,1,9,0,17,19,3,8,0,0,8,0,0,0,0,4,1,6,6,2,27,6,1349,1,11,MAZDA 2,6,E01032078,0,-1
2023631365773,2023,631365773,4,9,0,2,2,0,0,0,0,1,0,0,0,0,2,1,6,6,3,-1,-1,1496,1,6,MAZDA 2,-1,-1,0,-1
2023141265508,2023,141265508,3,9,0,18,19,7,3,0,0,0,0,0,0,0,2,1,6,6,2,30,6,1498,1,13,MAZDA 2,-1,-1,0,-1
2023552400033,2023,552400033,1,9,0,18,19,4,8,0,0,0,0,0,0,0,1,1,3,7,2,43,7,1496,1,8,MAZDA 2,3,E01015310,0,-1
2023440484996,2023,440484996,2,9,0,18,19,5,1,0,0,4,0,0,0,0,1,1,6,6,3,-1,-1,1349,1,14,MAZDA 2,-1,-1,0,-1
202360A087394,2023,60A087394,1,9,0,18,19,3,7,0,0,0,0,0,1,0,3,1,6,6,1,50,8,1399,2,15,MAZDA 2,-1,-1,0,-1
2023010461916,2023,010461916,2,9,0,5,5,3,7,0,0,8,0,0,0,0,1,1,6,6,2,31,6,1498,1,15,MAZDA 2,3,E01003491,0,-1
2023332301210,2023,332301210,2,9,0,9,9,6,4,0,0,5,0,0,0,0,1,1,6,6,2,59,9,1349,1,9,MAZDA 2,10,E01025665,0,-1
2023451293736,2023,451293736,2,9,0,4,4,7,7,0,0,0,0,0,0,0,4,1,6,6,1,40,7,1498,1,10,MAZDA 2,-1,-1,0,-1
2023010443419,2023,010443419,2,9,9,99,99,9,9,99,99,9,9,99,9,99,9,9,6,6,3,-1,-1,1349,1,13,MAZDA 2,-1,-1,0,-1
2023991307674,2023,991307674,1,9,0,18,19,3,7,0,0,0,0,0,0,0,1,1,3,7,2,42,7,1496,1,2,MAZDA 2,-1,-1,0,-1
2023061320936,2023,061320936,1,9,0,18,19,3,7,0,0,0,0,0,8,7,3,1,6,6,1,79,11,1349,1,15,MAZDA 2,4,E01005994,0,-1
2023122300473,2023,122300473,1,9,0,18,19,8,4,0,0,0,5,0,1,0,0,1,6,6,2,20,4,1349,1,15,MAZDA 2,7,E01012178,0,-1
2023520300633,2023,520300633,1,9,0,18,19,2,6,0,0,0,0,0,0,0,1,1,6,6,2,50,8,1349,1,15,MAZDA 2,6,E01014451,0,-1
2023061325230,2023,061325230,1,9,0,1,1,7,5,0,0,0,0,0,0,0,2,1,6,6,1,-1,-1,1349,1,12,MAZDA 2,-1,-1,0,-1
2023991381953,2023,991381953,1,9,0,18,19,4,8,0,0,1,1,0,0,0,4,1,6,6,1,47,8,1496,1,7,MAZDA 2,3,-1,0,-1
2023170M31423,2023,170M31423,2,9,0,18,19,6,2,0,0,1,0,0,0,0,1,1,6,6,1,50,8,1496,1,7,MAZDA 2,-1,-1,0,-1
2023610000623,2023,610000623,2,9,0,5,5,4,8,0,0,7,0,0,0,0,1,1,6,6,2,64,9,1496,1,8,MAZDA 2,8,W01001616,0,-1
2023531380322,2023,531380322,1,9,0,5,5,5,1,0,0,1,0,0,0,0,1,1,6,6,2,31,6,1399,2,15,MAZDA 2,-1,-1,0,-1
2023221295216,2023,221295216,1,9,0,18,19,6,2,0,0,0,5,10,1,1,1,1,5,6,1,18,4,1498,1,12,MAZDA 2,10,E01032298,0,-1
2023552400187,2023,552400187,1,9,0,18,19,6,2,0,0,0,0,0,7,11,1,1,6,6,1,19,4,1496,1,4,MAZDA 2,7,E01015416,0,-1
2023991393165,2023,991393165,1,9,0,18,19,6,1,9,9,2,0,0,7,10,1,1,6,6,1,78,11,1349,1,9,MAZDA 2,-1,-1,0,-1
2023311370671,2023,311370671,2,9,0,18,19,1,5,0,0,8,0,0,0,0,4,1,2,2,2,52,8,1349,1,8,MAZDA 2,1,E01028301,0,-1
2023010427192,2023,010427192,1,9,0,5,5,7,3,0,0,1,0,0,0,0,1,1,6,6,2,36,7,1349,1,15,MAZDA 2,3,E01002598,0,-1
2023122300197,2023,122300197,1,9,0,18,19,5,1,0,0,0,0,0,0,0,1,1,6,6,1,85,11,1496,1,7,MAZDA 2,-1,-1,0,-1
2023201297699,2023,201297699,2,9,0,3,3,6,2,0,0,0,0,0,0,0,3,1,2,2,1,29,6,1349,1,14,MAZDA 2,1,E01010430,0,-1
2023461329057,2023,461329057,2,9,0,18,19,6,2,0,0,8,0,0,0,0,1,1,6,6,1,62,9,1349,1,12,MAZDA 2,7,E01024173,0,-1
2023552300879,2023,552300879,1,9,0,17,19,6,4,0,0,0,0,0,1,3,1,1,6,6,1,18,4,1498,1,15,MAZDA 2,6,E01020443,0,-1
2023131360823,2023,131360823,3,9,0,18,19,5,1,0,0,1,0,0,0,0,3,1,5,6,2,30,6,1496,1,6,MAZDA 2,10,E01010580,0,-1
2023451287656,2023,451287656,1,9,0,18,19,3,7,0,0,1,0,0,1,0,1,1,6,6,1,76,11,1349,1,14,MAZDA 2,6,E01030524,0,-1
2023211277806,2023,211277806,1,9,0,18,19,2,4,-1,-1,-1,-1,-1,-1,0,-1,1,6,6,2,81,11,1490,8,0,MAZDA 2,5,E01014225,0,-1
2023622300216,2023,622300216,3,9,0,3,3,4,8,0,0,2,0,0,0,0,3,1,6,6,2,68,10,1496,1,4,MAZDA 2,1,W01001002,0,-1
2023461329100,2023,461329100,3,9,0,3,3,5,1,0,0,8,0,0,0,0,1,1,2,2,2,30,6,1496,1,5,MAZDA 2,4,E01016120,0,-1
2023501308991,2023,501308991,1,9,0,18,19,7,3,0,0,0,1,0,1,0,1,1,6,6,1,23,5,1498,1,5,MAZDA 2,-1,-1,0,-1
2023131375488,2023,131375488,1,9,0,5,5,1,6,0,0,3,0,0,0,0,1,1,2,2,2,20,4,1349,1,14,MAZDA 2,6,E01011308,0,-1
2023131393353,2023,131393353,1,9,0,18,19,4,8,0,0,0,0,0,1,10,3,1,2,2,1,40,7,1498,1,16,MAZDA 2,1,E01011899,0,-1
2023421284253,2023,421284253,2,9,0,16,19,5,8,0,0,0,0,0,0,0,2,1,5,6,1,34,6,1349,1,14,MAZDA 2,9,E01022082,0,-1
2023101273599,2023,101273599,3,9,0,18,19,8,4,0,0,3,0,0,0,0,1,1,5,6,1,24,5,1399,2,15,MAZDA 2,1,E01008332,0,-1
2023010438926,2023,010438926,2,9,0,99,99,9,9,99,99,0,9,99,9,99,9,1,6,6,3,-1,-1,1498,1,14,MAZDA 2,-1,-1,0,-1
2023010471245,2023,010471245,2,9,0,12,12,3,7,0,0,0,5,0,0,0,2,1,1,1,1,49,8,1349,1,14,MAZDA 2,8,E01017758,0,-1
2023101297549,2023,101297549,2,9,0,9,9,5,1,0,0,1,0,0,0,0,0,1,6,6,1,40,7,1349,1,13,MAZDA 2,2,E01008699,0,-1
2023401278359,2023,401278359,2,9,0,12,12,7,3,0,0,0,0,0,0,0,1,1,6,6,1,28,6,1349,1,10,MAZDA 2,4,E01017482,0,-1
2023010423752,2023,010423752,2,9,0,5,5,5,1,0,0,0,0,0,0,0,2,1,2,2,2,46,8,1349,1,15,MAZDA 2,5,E01000354,0,-1
2023421341938,2023,421341938,2,9,0,4,4,3,7,0,0,1,0,0,0,0,2,1,5,6,2,52,8,1349,1,9,MAZDA 2,2,E01021354,0,-1
2023552301349,2023,552301349,1,9,0,18,19,6,2,0,0,0,5,4,0,0,3,1,6,6,2,70,10,1349,1,12,MAZDA 2,10,E01020378,0,-1
2023041264073,2023,041264073,1,9,0,16,19,2,6,0,0,0,2,0,1,11,1,1,5,6,1,18,4,1349,1,12,MAZDA 2,7,E01010917,0,-1
2023411281148,2023,411281148,2,9,0,7,7,7,3,0,0,0,0,0,0,0,1,1,1,1,1,41,7,1400,1,16,MAZDA 2,10,E01023410,0,-1
2023052301108,2023,052301108,2,9,0,4,4,7,3,0,0,1,0,0,0,0,2,1,6,6,1,41,7,1349,1,15,MAZDA 2,1,E01006816,0,-1
2023052303029,2023,052303029,2,9,0,3,3,1,5,0,0,1,0,0,0,0,2,1,6,6,1,36,7,1498,1,10,MAZDA 2,1,E01006630,0,-1
2023522400895,2023,522400895,1,9,0,18,19,3,7,0,0,0,0,0,0,0,3,1,6,6,1,24,5,1496,1,4,MAZDA 2,1,E01014799,0,-1
2023520300943,2023,520300943,1,9,0,7,7,7,8,0,0,8,0,0,0,0,1,1,6,6,1,48,8,1349,1,14,MAZDA 2,4,E01029232,0,-1
2023101304335,2023,101304335,3,9,0,18,19,6,2,0,0,0,0,0,0,0,0,1,6,6,2,46,8,1496,1,0,MAZDA 2,7,E01020655,0,-1
2023231319150,2023,231319150,1,9,0,5,5,3,1,0,0,0,0,0,0,0,4,1,5,6,2,48,8,1498,1,4,MAZDA 2,9,E01032141,0,-1
2023440517273,2023,440517273,1,9,0,18,19,2,6,0,0,0,0,0,0,0,1,1,6,6,2,18,4,1349,1,10,MAZDA 2,-1,-1,0,-1
2023041352899,2023,041352899,1,9,0,17,19,7,3,0,0,0,0,0,0,0,1,1,5,6,1,71,10,1496,1,3,MAZDA 2,-1,-1,0,-1
2023461356470,2023,461356470,2,9,0,18,19,5,1,0,0,0,0,0,0,0,1,1,6,6,2,78,11,1349,1,14,MAZDA 2,6,E01024071,0,-1
2023161335477,2023,161335477,1,9,0,9,9,7,3,0,0,8,0,0,0,0,1,1,6,6,2,25,5,1496,1,7,MAZDA 2,4,E01026045,0,-1
2023010420760,2023,010420760,1,9,0,17,19,3,7,0,0,8,0,0,0,0,3,1,6,6,1,31,6,1496,1,4,MAZDA 2,9,E01023831,0,-1
2023991287256,2023,991287256,2,9,0,18,19,5,8,0,0,0,0,0,0,0,1,1,6,6,3,54,8,1349,1,15,MAZDA 2,6,-1,0,-1
2023401370211,2023,401370211,2,9,0,9,9,7,5,0,0,1,0,0,0,0,1,1,6,6,2,31,6,1349,1,9,MAZDA 2,8,E01015706,0,-1
2023991314378,2023,991314378,7,9,0,18,19,8,4,0,0,0,0,1,0,0,1,1,2,2,1,44,7,1496,1,8,MAZDA 2,7,-1,0,-1
2023131345863,2023,131345863,1,9,0,18,19,6,2,0,0,0,5,0,1,0,3,1,6,6,2,35,6,1496,1,8,MAZDA 2,8,E01011826,0,-1
2023622300361,2023,622300361,1,9,0,18,19,2,6,0,0,0,0,10,1,11,1,1,6,6,1,86,11,1496,1,2,MAZDA 2,4,W01000891,0,-1
2023411303924,2023,411303924,1,9,0,3,3,2,1,0,0,6,0,0,0,0,2,1,6,6,2,35,6,1349,1,11,MAZDA 2,7,E01032944,0,-1
2023131348622,2023,131348622,2,9,0,4,4,3,7,0,0,8,0,0,0,0,2,1,1,1,2,64,9,1498,1,14,MAZDA 2,6,E01011083,0,-1