collision_index,collision_year,collision_ref_no,vehicle_reference,vehicle_type,towing_and_articulation,vehicle_manoeuvre_historic,vehicle_manoeuvre,vehicle_direction_from,vehicle_direction_to,vehicle_location_restricted_lane_historic,vehicle_location_restricted_lane,junction_location,skidding_and_overturning,hit_object_in_carriageway,vehicle_leaving_carriageway,hit_object_off_carriageway,first_point_of_impact,vehicle_left_hand_drive,journey_purpose_of_driver_historic,journey_purpose_of_driver,sex_of_driver,age_of_driver,age_band_of_driver,engine_capacity_cc,propulsion_code,age_of_vehicle,generic_make_model,driver_imd_decile,lsoa_of_driver,escooter_flag,driver_distance_banding
2023231362191,2023,231362191,2,9,0,9,9,7,5,0,0,8,0,0,0,0,1,1,5,6,2,50,8,1349,1,10,MAZDA 2,7,E01031068,0,-1
2023622300184,2023,622300184,3,9,0,2,2,0,0,0,0,0,0,0,0,0,3,1,6,6,3,-1,-1,1349,1,11,MAZDA 2,-1,-1,0,-1
2023131348668,2023,131348668,2,9,0,-1,-1,-1,-1,-1,-1,-1,-1,-1,-1,-1,-1,1,1,1,2,37,7,1496,1,6,MAZDA 2,7,E01011068,0,-1
2023101301812,2023,101301812,2,9,0,9,9,4,6,0,0,5,0,0,0,0,3,1,1,1,2,49,8,1349,1,11,MAZDA 2,6,E01008256,0,-1
2023201319053,2023,201319053,1,9,0,9,9,4,2,0,0,5,0,10,7,0,1,1,6,6,2,-1,-1,1349,1,11,MAZDA 2,-1,-1,0,-1
2023411352392,2023,411352392,1,9,0,-1,-1,-1,-1,-1,-1,0,-1,-1,-1,0,-1,1,6,6,3,-1,-1,1490,8,0,MAZDA 2,-1,-1,0,-1
2023401337889,2023,401337889,3,9,-1,-1,-1,-1,-1,-1,-1,0,-1,0,-1,0,-1,1,6,6,2,54,8,1496,1,4,MAZDA 2,9,E01017702,0,-1
2023991356227,2023,991356227,2,9,0,18,19,7,2,0,0,8,0,0,0,0,4,1,6,6,2,35,6,1496,1,8,MAZDA 2,5,-1,0,-1
202360A033449,2023,60A033449,1,9,0,5,5,5,1,0,0,6,0,0,0,0,3,1,6,6,1,82,11,1496,1,5,MAZDA 2,-1,-1,0,-1
2023131305365,2023,131305365,1,9,0,18,19,1,5,0,0,8,0,0,0,0,1,1,5,6,1,79,11,1496,1,6,MAZDA 2,6,E01010952,0,-1
2023430355338,2023,430355338,1,9,0,8,8,8,2,0,0,1,0,0,0,0,2,1,6,6,2,25,5,1349,1,11,MAZDA 2,8,E01016610,0,-1
2023141345529,2023,141345529,1,9,0,9,9,6,3,0,0,2,0,0,0,0,1,1,5,6,1,53,8,1349,1,13,MAZDA 2,1,E01008075,0,-1
2023552300864,2023,552300864,1,9,0,18,19,8,3,0,0,8,0,0,0,0,1,1,6,6,2,85,11,1349,1,10,MAZDA 2,10,E01020395,0,-1
2023351298806,2023,351298806,1,9,0,18,19,1,5,0,0,1,0,0,0,0,1,1,2,2,2,28,6,1496,1,8,MAZDA 2,6,E01018170,0,-1
2023131311798,2023,131311798,2,9,0,18,19,5,1,0,0,1,0,0,0,0,2,1,6,6,2,44,7,1498,1,11,MAZDA 2,8,E01011514,0,-1
2023531305999,2023,531305999,2,9,0,18,19,1,5,0,0,0,1,0,1,9,1,1,6,6,2,41,7,1498,1,5,MAZDA 2,7,E01022221,0,-1
2023461341149,2023,461341149,5,9,0,18,19,7,3,0,0,0,0,0,0,0,1,1,6,6,1,45,7,1349,1,14,MAZDA 2,8,E01021744,0,-1
2023411364541,2023,411364541,3,9,0,18,19,1,5,0,0,2,0,0,0,0,1,1,6,6,1,26,6,1349,1,15,MAZDA 2,2,E01033499,0,-1
2023520400897,2023,520400897,1,9,0,9,9,2,8,0,0,8,0,0,0,0,0,1,6,6,1,28,6,1399,2,14,MAZDA 2,3,E01029036,0,-1
2023010471056,2023,010471056,1,9,0,18,19,7,3,0,0,8,0,0,3,0,1,1,6,6,1,35,6,1496,1,8,MAZDA 2,-1,-1,0,-1
2023010452564,2023,010452564,1,9,0,18,19,7,3,0,0,0,0,0,0,0,1,1,4,7,1,26,6,1349,1,15,MAZDA 2,8,E01004386,0,-1
2023320663734,2023,320663734,1,9,0,18,19,6,2,0,0,1,0,0,0,0,4,1,6,6,1,18,4,1349,1,12,MAZDA 2,9,E01026234,0,-1
2023010431811,2023,010431811,1,9,0,99,99,9,9,0,0,9,0,0,0,0,9,1,6,6,2,34,6,1498,1,15,MAZDA 2,4,E01015933,0,-1
2023010431982,2023,010431982,1,9,0,9,9,3,1,0,0,8,0,0,0,0,1,1,6,6,1,63,9,1349,1,12,MAZDA 2,9,E01001305,0,-1
2023361378493,2023,361378493,1,9,0,18,19,1,5,0,0,0,2,0,1,0,1,1,2,2,2,45,7,1349,1,12,MAZDA 2,7,E01026676,0,-1
2023231364104,2023,231364104,1,9,0,18,19,3,7,0,0,0,0,0,0,0,4,1,6,6,2,35,6,1349,1,14,MAZDA 2,2,E01031092,0,-1
2023131286297,2023,131286297,2,9,0,9,9,1,7,0,0,6,0,0,0,0,1,1,2,2,1,56,9,1400,1,16,MAZDA 2,1,E01010677,0,-1
2023052300470,2023,052300470,1,9,0,18,19,1,5,0,0,4,0,0,0,0,1,1,6,6,1,90,11,1400,1,19,MAZDA 2,10,E01007191,0,-1
2023010461947,2023,010461947,2,9,0,99,99,9,9,99,99,9,9,99,9,99,1,9,6,6,3,-1,-1,1349,1,14,MAZDA 2,-1,-1,0,-1
2023421282845,2023,421282845,1,9,0,18,19,5,1,0,0,0,0,0,7,0,1,1,5,6,1,36,7,1498,1,4,MAZDA 2,5,E01002302,0,-1
2023440132745,2023,440132745,2,9,0,4,4,8,4,0,0,1,0,0,0,0,2,1,6,6,2,35,6,1349,1,9,MAZDA 2,10,E01022977,0,-1
2023061298203,2023,061298203,2,9,0,18,19,8,4,0,0,1,0,0,0,0,1,1,6,6,2,29,6,1496,1,6,MAZDA 2,4,E01005073,0,-1
2023522300391,2023,522300391,1,9,0,18,19,8,4,0,0,0,0,0,0,0,1,1,6,6,2,22,5,1498,1,5,MAZDA 2,3,E01014566,0,-1
2023010448425,2023,010448425,2,9,0,10,10,7,4,0,0,8,0,0,0,0,3,1,6,6,1,28,6,1349,1,13,MAZDA 2,7,E01002653,0,-1
2023340WN3302,2023,340WN3302,1,9,0,18,19,3,7,0,0,2,0,10,1,0,1,1,6,6,1,18,4,1349,1,12,MAZDA 2,8,E01027183,0,-1
2023010485015,2023,010485015,4,9,0,4,4,7,3,0,0,0,0,0,0,0,1,1,6,6,2,33,6,1560,2,12,MAZDA 2,1,E01024660,0,-1
2023421264395,2023,421264395,2,9,0,16,19,7,1,0,0,8,0,0,0,0,1,1,5,6,2,33,6,1349,1,13,MAZDA 2,9,E01022073,0,-1
2023371392328,2023,371392328,3,9,0,18,19,1,5,0,0,0,0,0,0,0,1,1,6,6,1,81,11,1496,1,7,MAZDA 2,7,E01026941,0,-1
2023451290461,2023,451290461,1,9,0,2,2,0,0,0,0,0,0,0,0,0,2,1,5,6,1,49,8,1498,1,14,MAZDA 2,3,E01003916,0,-1
2023501301733,2023,501301733,1,9,0,17,19,5,1,0,0,0,2,0,2,0,1,1,4,7,1,17,4,1349,1,13,MAZDA 2,4,E01018843,0,-1
2023351380013,2023,351380013,2,9,0,3,3,1,5,0,0,1,0,0,0,0,2,1,2,2,1,31,6,1496,1,7,MAZDA 2,9,E01018154,0,-1
2023610008423,2023,610008423,1,9,0,18,19,8,4,0,0,0,5,0,0,1,4,1,6,6,2,64,9,1349,1,15,MAZDA 2,10,W01001585,0,-1
2023010458168,2023,010458168,1,9,0,5,5,3,7,0,0,0,0,0,0,0,0,1,6,6,1,36,7,1349,1,14,MAZDA 2,4,E01004611,0,-1
2023501322168,2023,501322168,1,9,0,17,19,6,2,0,0,0,0,0,0,0,4,1,5,6,1,18,4,1498,1,14,MAZDA 2,3,E01019052,0,-1
2023101340961,2023,101340961,1,9,0,18,19,8,4,0,0,8,0,0,0,0,1,1,6,6,1,81,11,1498,1,5,MAZDA 2,6,E01027517,0,-1
2023552400161,2023,552400161,1,9,0,18,19,5,1,0,0,0,0,4,0,0,1,1,6,6,1,80,11,1349,1,14,MAZDA 2,5,E01029301,0,-1
2023501264312,2023,501264312,1,9,0,18,19,7,3,0,0,0,1,0,0,0,4,1,3,7,2,35,6,1349,1,11,MAZDA 2,4,E01018965,0,-1
2023302301473,2023,302301473,1,9,0,18,19,8,4,0,0,0,0,0,1,3,1,1,2,2,1,38,7,1349,1,14,MAZDA 2,8,E01019704,0,-1
2023451277850,2023,451277850,2,9,0,18,19,5,1,0,0,0,0,0,0,0,3,1,5,6,1,50,8,1400,2,17,MAZDA 2,9,E01023148,0,-1
2023461376938,2023,461376938,2,9,0,2,2,0,0,0,0,0,0,0,0,0,0,1,6,6,1,-1,-1,1496,1,5,MAZDA 2,4,E01016074,0,-1
2023520400207,2023,520400207,2,9,0,18,19,7,1,0,0,0,0,0,0,0,1,1,6,6,2,58,9,1349,1,13,MAZDA 2,5,E01029314,0,-1
2023302301117,2023,302301117,1,9,0,18,19,8,4,0,0,3,1,0,0,0,4,1,6,6,2,77,11,1400,1,17,MAZDA 2,7,E01026202,0,-1
2023351396026,2023,351396026,2,9,0,18,19,3,7,0,0,0,0,0,0,0,1,1,5,6,1,46,8,1349,1,9,MAZDA 2,5,E01018214,0,-1
2023501339128,2023,501339128,1,9,0,4,4,2,2,0,0,0,0,0,0,0,1,1,1,1,2,44,7,1349,1,14,MAZDA 2,4,E01015178,0,-1
2023451342509,2023,451342509,1,9,0,18,19,7,3,0,0,1,5,0,1,4,4,1,2,2,1,19,4,1349,1,14,MAZDA 2,3,E01030400,0,-1
2023201339249,2023,201339249,2,9,0,3,3,2,5,0,0,0,0,0,0,0,2,1,6,6,1,31,6,1496,1,8,MAZDA 2,10,E01029629,0,-1
2023201298684,2023,201298684,4,9,0,2,2,0,0,0,0,1,0,0,0,0,2,1,6,6,1,-1,-1,1349,1,13,MAZDA 2,-1,-1,0,-1
2023311359981,2023,311359981,4,9,0,2,2,0,0,0,0,0,1,0,1,0,2,1,6,6,3,-1,-1,1349,1,9,MAZDA 2,-1,-1,0,-1
2023332300065,2023,332300065,1,9,0,18,19,1,5,0,0,0,1,0,8,4,1,1,6,6,1,28,6,1496,1,6,MAZDA 2,9,E01025719,0,-1
2023231368371,2023,231368371,1,9,0,18,19,4,8,0,0,0,0,4,0,0,1,1,5,6,1,52,8,1349,1,14,MAZDA 2,3,E01023954,0,-1
2023141313857,2023,141313857,2,9,0,17,19,4,2,0,0,0,2,0,0,0,4,1,6,6,2,58,9,1349,1,8,MAZDA 2,5,E01008136,0,-1
2023122300787,2023,122300787,1,9,0,16,19,6,1,0,0,0,0,0,0,0,1,1,6,6,3,51,8,1349,1,14,MAZDA 2,6,E01027626,0,-1
2023010451816,2023,010451816,1,9,0,4,4,3,7,0,0,0,0,0,0,0,2,1,2,2,1,63,9,1349,1,10,MAZDA 2,5,E01002682,0,-1
2023010480223,2023,010480223,1,9,0,7,7,1,4,0,0,3,9,0,0,0,4,9,6,6,1,41,7,1490,8,0,MAZDA 2,9,E01024849,0,-1
2023010448743,2023,010448743,2,9,0,2,2,0,0,0,0,0,0,10,0,0,1,1,6,6,3,-1,-1,1349,1,9,MAZDA 2,-1,-1,0,-1
2023041354179,2023,041354179,1,9,0,18,19,1,5,0,0,0,0,0,2,11,1,1,6,6,1,33,6,1496,1,8,MAZDA 2,8,E01025272,0,-1
2023451368527,2023,451368527,1,9,0,17,19,3,7,0,0,0,0,0,7,0,4,1,2,2,2,55,8,1349,1,9,MAZDA 2,10,E01022578,0,-1
2023546929323,2023,546929323,3,9,0,3,3,5,1,0,0,1,0,0,0,0,2,1,6,6,1,32,6,1349,1,13,MAZDA 2,5,E01032803,0,-1
2023221300170,2023,221300170,2,9,0,9,9,7,5,0,0,6,0,0,0,0,1,1,6,6,2,55,8,1349,1,14,MAZDA 2,5,E01032196,0,-1
2023552301387,2023,552301387,1,9,0,18,19,6,2,0,0,0,0,0,0,0,1,1,6,6,2,31,6,1496,1,7,MAZDA 2,7,E01019935,0,-1
2023221331307,2023,221331307,1,9,0,18,19,7,3,0,0,0,0,10,7,2,1,1,2,2,1,60,9,1349,1,9,MAZDA 2,9,E01032323,0,-1
2023430449122,2023,430449122,1,9,0,16,19,3,6,0,0,0,2,0,0,0,1,1,6,6,2,20,4,1349,1,9,MAZDA 2,4,E01022309,0,-1
2023010461022,2023,010461022,1,9,0,17,19,5,1,0,0,0,0,0,0,0,0,1,2,2,1,39,7,1349,1,15,MAZDA 2,2,E01001006,0,-1
2023061291549,2023,061291549,2,9,0,10,10,3,7,0,0,0,0,0,0,0,4,1,6,6,1,24,5,1496,1,7,MAZDA 2,7,E01007098,0,-1
2023440043469,2023,440043469,1,9,0,15,15,5,1,0,0,0,0,4,0,0,1,1,6,6,1,75,10,1498,1,4,MAZDA 2,4,E01017339,0,-1
2023131377320,2023,131377320,1,9,0,18,19,7,3,0,0,0,2,10,1,0,1,1,5,6,1,20,4,1498,1,14,MAZDA 2,1,E01005485,0,-1
2023411363870,2023,411363870,1,9,0,18,19,1,5,0,0,0,1,0,0,0,1,1,5,6,1,54,8,1400,1,16,MAZDA 2,7,E01023856,0,-1
2023401269616,2023,401269616,1,9,0,4,4,4,6,0,0,1,0,0,0,0,1,1,6,6,2,-1,-1,1400,1,19,MAZDA 2,5,E01017486,0,-1
2023041307092,2023,041307092,3,9,0,18,19,1,5,0,0,0,0,0,0,0,2,1,5,6,2,57,9,1496,1,7,MAZDA 2,9,E01025558,0,-1
2023111383270,2023,111383270,1,9,0,4,4,5,2,0,0,6,1,0,0,0,1,1,6,6,3,30,6,1349,1,13,MAZDA 2,-1,-1,0,-1
2023522400868,2023,522400868,2,9,0,18,19,1,5,0,0,8,0,0,0,0,1,1,6,6,2,61,9,1496,1,0,MAZDA 2,3,E01014684,0,-1
2023221342322,2023,221342322,1,9,0,9,9,8,5,0,0,5,0,0,0,0,2,1,5,6,2,36,7,1349,1,9,MAZDA 2,9,E01028929,0,-1
2023170H10663,2023,170H10663,1,9,0,1,1,3,7,0,0,0,0,0,0,0,4,1,6,6,2,21,5,1498,1,14,MAZDA 2,1,E01011981,0,-1
2023221343922,2023,221343922,1,9,0,9,9,3,1,0,0,6,0,0,0,0,4,1,5,6,2,47,8,1349,1,12,MAZDA 2,2,E01032262,0,-1
2023010483139,2023,010483139,1,9,0,16,19,3,7,0,0,4,2,0,7,10,1,1,2,2,2,30,6,1490,8,0,MAZDA 2,5,E01000454,0,-1
202354A574323,2023,54A574323,2,9,0,18,19,5,1,0,0,1,0,0,0,0,1,1,6,6,2,33,6,1498,1,15,MAZDA 2,6,E01015532,0,-1
2023010470601,2023,010470601,1,9,0,11,11,8,4,0,0,0,1,0,2,7,4,1,6,6,2,25,5,1498,1,15,MAZDA 2,-1,-1,0,-1
2023311286791,2023,311286791,1,9,0,4,4,7,3,0,0,0,0,0,0,0,2,1,2,2,1,46,8,1349,1,12,MAZDA 2,10,E01028137,0,-1
2023351355187,2023,351355187,1,9,0,18,19,2,6,0,0,0,0,0,7,4,1,1,6,6,1,21,5,1349,1,14,MAZDA 2,9,E01018291,0,-1
2023440158614,2023,440158614,1,9,0,3,3,4,8,0,0,1,0,0,0,0,2,1,6,6,1,28,6,1398,2,20,MAZDA 2,3,E01017194,0,-1
2023041380892,2023,041380892,2,9,0,9,9,1,7,0,0,8,0,0,0,0,4,1,6,6,1,21,5,1349,1,14,MAZDA 2,1,E01012675,0,-1
2023010422667,2023,010422667,2,9,0,99,99,9,9,99,99,9,9,99,9,99,1,9,6,6,3,52,8,1496,1,1,MAZDA 2,3,E01003104,0,-1
2023522301733,2023,522301733,2,9,0,12,12,2,6,0,0,0,0,0,0,0,1,1,6,6,1,60,9,1498,1,4,MAZDA 2,10,W01001586,0,-1
2023552300371,2023,552300371,2,9,0,18,19,8,4,0,0,8,0,0,0,0,1,1,6,6,1,63,9,1400,1,17,MAZDA 2,6,E01020452,0,-1
2023440303184,2023,440303184,1,9,0,18,19,1,5,0,0,8,0,0,0,0,3,1,2,2,2,35,6,1349,1,13,MAZDA 2,3,E01023142,0,-1
2023131360247,2023,131360247,1,9,0,17,19,3,7,0,0,2,1,0,0,0,1,1,6,6,1,22,5,1349,1,15,MAZDA 2,9,E01011195,0,-1
2023552301154,2023,552301154,3,9,0,4,4,2,6,0,0,8,0,0,0,0,2,1,6,6,2,-1,-1,1349,1,10,MAZDA 2,-1,-1,0,-1
2023622300192,2023,622300192,1,9,0,5,5,7,3,0,0,6,0,0,1,0,1,1,6,6,1,95,11,1400,1,19,MAZDA 2,10,W01001796,0,-1
2023010455499,2023,010455499,1,9,0,99,99,9,9,99,99,9,9,99,9,99,2,9,6,6,2,25,5,1498,1,5,MAZDA 2,4,E01000380,0,-1
2023010430499,2023,010430499,1,9,0,1,1,1,7,0,0,5,0,0,0,0,4,1,6,6,1,36,7,1498,1,15,MAZDA 2,8,E01002941,0,-1
2023991373349,2023,991373349,2,9,0,18,19,8,4,0,0,8,0,0,0,0,1,1,6,6,2,75,10,1349,1,11,MAZDA 2,6,-1,0,-1
2023411293107,2023,411293107,2,9,0,18,19,8,4,0,0,1,0,11,4,1,1,1,5,6,1,70,10,1496,1,7,MAZDA 2,10,E01022931,0,-1
2023411356524,2023,411356524,2,9,0,18,19,-1,-1,0,0,0,1,0,0,0,1,1,6,6,1,20,4,1498,1,15,MAZDA 2,4,E01024312,0,-1
2023501309050,2023,501309050,1,9,0,17,19,2,6,0,0,0,5,0,1,10,1,1,5,6,1,19,4,1349,1,14,MAZDA 2,9,E01015160,0,-1
2023522400054,2023,522400054,2,9,9,18,19,5,1,9,9,0,0,0,0,0,4,1,6,6,3,-1,-1,1498,1,9,MAZDA 2,-1,-1,0,-1
2023991280150,2023,991280150,1,9,0,1,1,3,7,0,0,0,0,0,0,0,2,1,6,6,1,72,10,1498,1,5,MAZDA 2,10,-1,0,-1
2023111305187,2023,111305187,1,9,0,7,7,1,3,0,0,1,0,0,0,0,1,1,6,6,1,64,9,1496,1,8,MAZDA 2,8,E01020718,0,-1
2023991383295,2023,991383295,2,9,0,18,19,8,4,0,0,0,0,0,0,0,2,1,2,2,2,41,7,1349,1,10,MAZDA 2,8,-1,0,-1
2023351357338,2023,351357338,1,9,0,18,19,4,8,0,0,0,0,0,0,0,1,1,6,6,2,-1,-1,1496,1,1,MAZDA 2,3,E01018073,0,-1
2023991368677,2023,991368677,2,9,0,9,9,5,1,0,0,8,0,0,0,0,1,1,6,6,2,72,10,1496,1,8,MAZDA 2,-1,-1,0,-1
2023302301403,2023,302301403,1,9,0,9,9,8,6,0,0,1,1,0,0,0,1,1,6,6,2,81,11,1349,1,10,MAZDA 2,10,E01019425,0,-1
2023501383463,2023,501383463,1,9,0,4,4,8,1,9,9,1,0,0,3,11,1,1,6,6,2,76,11,1498,1,11,MAZDA 2,4,E01020198,0,-1
2023451284878,2023,451284878,3,9,0,18,19,6,2,0,0,0,0,0,0,0,1,1,2,2,1,24,5,1496,1,6,MAZDA 2,10,E01030998,0,-1
2023070999684,2023,070999684,1,9,0,8,8,5,7,0,0,1,0,0,0,0,1,1,6,6,2,45,7,1496,1,8,MAZDA 2,10,E01018705,0,-1
2023440039858,2023,440039858,1,9,0,18,19,1,5,0,0,2,0,0,0,0,1,1,6,6,2,58,9,1349,1,11,MAZDA 2,7,E01023179,0,-1
2023031368746,2023,031368746,1,9,0,18,19,3,7,0,0,0,0,0,0,0,1,1,6,6,1,23,5,1498,1,13,MAZDA 2,1,E01019277,0,-1
2023041344523,2023,041344523,1,9,0,9,9,1,5,0,0,4,5,0,4,11,1,1,6,6,1,22,5,1498,1,13,MAZDA 2,3,E01012653,0,-1
2023201298405,2023,201298405,7,9,0,2,2,0,0,0,0,0,0,0,0,0,1,1,6,6,1,28,6,1496,1,8,MAZDA 2,1,E01009194,0,-1
2023131330354,2023,131330354,3,9,0,2,2,0,0,0,0,0,0,0,0,0,3,1,6,6,3,-1,-1,1349,1,10,MAZDA 2,-1,-1,0,-1
2023991351357,2023,991351357,1,9,0,9,9,5,2,0,0,1,0,0,0,0,1,1,5,6,2,61,9,1496,1,1,MAZDA 2,-1,-1,0,-1
2023010479428,2023,010479428,1,9,0,7,7,3,5,0,0,1,0,0,0,0,1,1,6,6,2,53,8,1498,1,5,MAZDA 2,7,E01004166,0,-1
2023131357068,2023,131357068,2,9,0,4,4,3,1,0,0,2,0,0,0,0,4,1,5,6,1,18,4,1498,1,13,MAZDA 2,7,E01010587,0,-1
2023451308140,2023,451308140,1,9,0,18,19,5,1,0,0,0,0,0,0,0,1,1,6,6,1,76,11,1349,1,9,MAZDA 2,2,E01020582,0,-1
2023471319142,2023,471319142,2,9,0,3,3,6,2,0,0,8,0,0,0,0,2,1,3,7,1,53,8,1349,1,10,MAZDA 2,5,E01031585,0,-1
2023170S10453,2023,170S10453,1,9,0,3,3,1,5,0,0,1,0,0,0,0,2,1,6,6,2,32,6,1349,1,9,MAZDA 2,1,E01012268,0,-1
2023122300252,2023,122300252,1,9,0,5,5,7,1,0,0,1,0,0,0,0,1,1,6,6,2,78,11,1496,1,6,MAZDA 2,7,E01027653,0,-1
2023371281226,2023,371281226,1,9,0,3,3,7,3,0,0,1,0,0,0,0,2,1,2,2,1,29,6,1498,1,15,MAZDA 2,7,E01029885,0,-1
2023201353862,2023,201353862,1,9,0,18,19,2,4,0,0,3,0,0,0,0,1,1,6,6,2,43,7,1349,1,11,MAZDA 2,6,-1,0,-1
2023991389455,2023,991389455,1,9,0,18,19,5,1,0,0,4,0,0,3,1,1,1,5,6,1,25,5,1496,1,7,MAZDA 2,6,-1,0,-1
2023421379968,2023,421379968,1,9,0,18,19,7,3,0,0,1,0,0,0,0,1,1,6,6,1,65,9,1349,1,14,MAZDA 2,-1,-1,0,-1
2023201405340,2023,201405340,1,9,0,5,5,6,2,0,0,0,0,0,0,0,1,1,6,6,2,26,6,1349,1,14,MAZDA 2,1,E01009201,0,-1
2023430283084,2023,430283084,1,9,0,9,9,6,5,0,0,8,0,0,0,0,1,1,6,6,1,30,6,1496,1,6,MAZDA 2,-1,-1,0,-1
2023131318793,2023,131318793,3,9,0,4,4,3,7,0,0,0,0,0,0,0,1,1,5,6,2,43,7,1496,1,7,MAZDA 2,6,E01011074,0,-1
2023461332763,2023,461332763,1,9,0,7,7,7,3,0,0,0,0,0,1,0,0,1,6,6,2,28,6,1490,8,0,MAZDA 2,6,E01023868,0,-1
2023131317339,2023,131317339,2,9,0,3,3,3,7,0,0,0,0,0,0,0,2,1,2,2,2,25,5,1496,1,3,MAZDA 2,5,E01011218,0,-1
2023231363383,2023,231363383,1,9,0,5,5,2,6,0,0,0,0,0,0,0,0,1,5,6,1,32,6,1498,1,4,MAZDA 2,1,E01009542,0,-1
2023211281504,2023,211281504,1,9,0,18,19,6,2,0,0,2,0,0,0,0,4,1,6,6,2,23,5,1496,1,7,MAZDA 2,4,E01018638,0,-1
2023131372688,2023,131372688,1,9,0,18,19,5,1,0,0,0,0,0,0,0,1,1,3,7,1,18,4,1349,1,14,MAZDA 2,3,E01011125,0,-1
2023622300888,2023,622300888,1,9,0,5,5,6,1,0,0,8,0,0,0,0,4,1,2,2,2,46,8,1349,1,13,MAZDA 2,7,W01001048,0,-1
2023201293614,2023,201293614,2,9,0,2,2,0,0,0,0,0,0,0,0,0,4,1,6,6,2,55,8,1399,2,14,MAZDA 2,4,E01009205,0,-1
2023461383696,2023,461383696,1,9,0,18,19,5,1,0,0,0,1,0,7,0,3,1,6,6,2,59,9,1349,1,9,MAZDA 2,6,E01024069,0,-1
2023010447626,2023,010447626,2,9,0,9,9,1,8,0,0,8,0,0,0,0,1,1,6,6,1,-1,-1,1400,1,18,MAZDA 2,7,E01003475,0,-1
2023070489170,2023,070489170,2,9,0,18,19,8,4,0,0,1,0,0,8,3,4,1,2,2,2,32,6,1498,1,14,MAZDA 2,7,E01007203,0,-1
2023211334126,2023,211334126,2,9,0,3,3,1,3,0,0,0,0,0,0,0,2,1,5,6,2,40,7,1400,1,18,MAZDA 2,1,E01014300,0,-1
2023131292754,2023,131292754,2,9,0,9,9,8,6,0,0,7,0,0,0,0,1,1,5,6,2,21,5,1498,1,4,MAZDA 2,1,E01011138,0,-1
2023161334487,2023,161334487,1,9,0,18,19,5,1,0,0,0,0,0,0,0,1,1,6,6,1,68,10,1496,1,1,MAZDA 2,5,E01012994,0,-1
2023052300265,2023,052300265,1,9,0,18,19,7,3,0,0,0,0,0,0,0,1,1,6,6,1,72,10,1348,1,16,MAZDA 2,8,E01007282,0,-1
2023052301762,2023,052301762,2,9,0,18,19,4,8,0,0,8,0,0,0,0,1,1,6,6,2,64,9,1349,1,12,MAZDA 2,7,E01007080,0,-1
2023010462442,2023,010462442,2,9,0,4,4,8,4,0,0,1,0,0,0,0,2,1,6,6,2,47,8,1349,1,14,MAZDA 2,5,E01024205,0,-1
2023201430982,2023,201430982,2,9,0,3,3,2,6,0,0,1,0,0,0,0,4,1,6,6,2,28,6,1496,1,6,MAZDA 2,7,E01010544,0,-1
2023461364367,2023,461364367,2,9,0,3,3,1,6,0,0,0,0,0,0,0,2,1,6,6,2,47,8,1498,1,15,MAZDA 2,4,E01024373,0,-1
2023141291992,2023,141291992,1,9,0,18,19,2,6,0,0,0,0,0,0,0,1,1,6,6,1,38,7,1349,1,8,MAZDA 2,2,E01007740,0,-1
2023401354449,2023,401354449,2,9,0,9,9,8,3,0,0,4,0,0,0,0,4,1,1,1,2,50,8,1496,1,4,MAZDA 2,9,E01017549,0,-1
2023122300542,2023,122300542,1,9,0,15,15,6,2,0,0,0,0,0,0,0,1,1,6,6,2,59,9,1498,1,11,MAZDA 2,10,E01011570,0,-1
2023361346224,2023,361346224,2,9,-1,-1,-1,-1,-1,-1,-1,0,-1,-1,-1,0,-1,1,6,6,1,64,9,1349,1,10,MAZDA 2,2,E01026818,0,-1
2023101358677,2023,101358677,1,9,0,18,19,5,8,0,0,0,0,0,0,0,1,1,2,2,1,30,6,1349,1,13,MAZDA 2,-1,-1,0,-1
2023010428223,2023,010428223,2,9,9,99,99,9,9,99,99,9,9,99,9,99,9,9,6,6,2,28,6,1498,1,5,MAZDA 2,5,E01014548,0,-1
2023461267686,2023,461267686,2,9,0,18,19,3,7,0,0,2,0,0,0,0,4,1,5,6,2,58,9,1496,1,6,MAZDA 2,7,E01024375,0,-1
2023440481290,2023,440481290,1,9,0,18,19,1,5,0,0,8,1,0,1,0,4,1,6,6,2,47,8,1349,1,15,MAZDA 2,6,E01023284,0,-1
2023411321903,2023,411321903,1,9,0,18,19,2,6,0,0,8,0,0,0,0,1,1,6,6,2,35,6,1349,1,10,MAZDA 2,10,E01023516,0,-1
2023101359451,2023,101359451,2,9,0,18,19,4,8,0,0,1,0,0,0,0,2,1,1,1,1,27,6,1496,1,3,MAZDA 2,9,E01008775,0,-1
2023471328656,2023,471328656,4,9,0,2,2,0,0,0,0,0,0,0,0,0,1,1,6,6,3,-1,-1,1498,1,13,MAZDA 2,-1,-1,0,-1
2023440403842,2023,440403842,1,9,0,16,19,2,5,0,0,7,0,0,0,0,1,1,2,2,1,23,5,1498,1,5,MAZDA 2,10,E01022619,0,-1
2023122301338,2023,122301338,1,9,0,3,3,1,4,0,0,0,0,0,0,0,2,1,6,6,2,25,5,1496,1,7,MAZDA 2,8,E01027765,0,-1
2023320047008,2023,320047008,4,9,0,10,10,8,6,0,0,1,0,0,0,0,3,1,6,6,2,68,10,1496,1,7,MAZDA 2,6,E01026411,0,-1
2023451308473,2023,451308473,1,9,0,3,3,1,7,0,0,3,0,0,0,0,4,1,5,6,2,32,6,1496,1,3,MAZDA 2,-1,-1,0,-1
202363D011623,2023,63D011623,1,9,0,9,9,8,6,0,0,6,0,0,0,0,3,1,6,6,2,17,4,1349,1,14,MAZDA 2,8,W01000439,0,-1