collision_index,collision_year,collision_ref_no,vehicle_reference,vehicle_type,towing_and_articulation,vehicle_manoeuvre_historic,vehicle_manoeuvre,vehicle_direction_from,vehicle_direction_to,vehicle_location_restricted_lane_historic,vehicle_location_restricted_lane,junction_location,skidding_and_overturning,hit_object_in_carriageway,vehicle_leaving_carriageway,hit_object_off_carriageway,first_point_of_impact,vehicle_left_hand_drive,journey_purpose_of_driver_historic,journey_purpose_of_driver,sex_of_driver,age_of_driver,age_band_of_driver,engine_capacity_cc,propulsion_code,age_of_vehicle,generic_make_model,driver_imd_decile,lsoa_of_driver,escooter_flag,driver_distance_banding
2023544553523,2023,544553523,1,9,0,18,19,5,1,0,0,1,0,0,0,0,1,1,6,6,2,52,8,1498,1,14,MAZDA 2,4,E01031936,0,-1
2023430462231,2023,430462231,1,9,0,7,7,4,6,0,0,5,0,0,0,0,4,1,6,6,1,58,9,1498,1,10,MAZDA 2,-1,-1,0,-1
2023131345261,2023,131345261,2,9,0,18,19,3,4,0,0,0,0,0,0,0,1,1,5,6,2,29,6,1349,1,14,MAZDA 2,3,E01008449,0,-1
2023302300972,2023,302300972,1,9,0,18,19,8,4,0,0,0,0,0,1,2,2,1,1,1,2,32,6,1349,1,11,MAZDA 2,6,E01025878,0,-1
2023141382615,2023,141382615,2,9,0,2,2,0,0,0,0,2,0,0,0,0,1,1,6,6,3,-1,-1,1349,1,15,MAZDA 2,-1,-1,0,-1
2023052300392,2023,052300392,2,9,0,18,19,5,1,0,0,8,0,0,0,0,1,1,6,6,2,32,6,1349,1,8,MAZDA 2,9,E01007165,0,-1
2023461353811,2023,461353811,1,9,0,1,1,1,5,0,0,0,0,0,0,0,2,1,6,6,2,44,7,1496,1,5,MAZDA 2,1,E01024661,0,-1
2023131272879,2023,131272879,1,9,0,18,19,7,7,0,0,2,0,0,2,9,1,1,5,6,1,75,10,1349,1,14,MAZDA 2,5,E01011772,0,-1
2023520400444,2023,520400444,2,9,0,18,19,3,7,0,0,2,0,0,0,0,1,1,6,6,1,88,11,1498,1,5,MAZDA 2,7,E01029140,0,-1
2023440197555,2023,440197555,1,9,0,12,12,6,2,0,0,0,0,0,2,7,3,1,6,6,2,84,11,1349,1,14,MAZDA 2,10,E01032009,0,-1
2023201292269,2023,201292269,2,9,0,9,9,1,5,0,0,8,0,0,0,0,4,1,6,6,1,22,5,1496,1,5,MAZDA 2,1,E01009083,0,-1
2023991331439,2023,991331439,1,9,0,18,19,5,1,0,0,0,0,0,1,0,1,1,5,6,2,19,4,1349,1,12,MAZDA 2,8,-1,0,-1
2023131290244,2023,131290244,1,9,0,1,1,1,5,0,0,8,0,0,0,0,2,1,6,6,3,-1,-1,1349,1,14,MAZDA 2,-1,-1,0,-1
2023411277126,2023,411277126,2,9,0,18,19,7,4,0,0,0,0,0,0,0,2,1,1,1,1,34,6,1349,1,13,MAZDA 2,4,E01023857,0,-1
2023010420820,2023,010420820,1,9,0,99,99,9,9,99,99,9,9,99,9,99,4,9,6,6,2,58,9,1498,1,11,MAZDA 2,5,E01000662,0,-1
2023440409258,2023,440409258,2,9,0,3,3,2,6,0,0,0,0,0,0,0,2,1,6,6,1,62,9,1496,1,0,MAZDA 2,9,E01023182,0,-1
202354A490123,2023,54A490123,2,9,0,16,19,4,8,0,0,1,0,0,0,0,3,1,6,6,2,31,6,1349,1,8,MAZDA 2,7,E01019091,0,-1
2023501290260,2023,501290260,1,9,0,16,19,7,3,0,0,1,1,0,0,0,1,1,2,2,2,23,5,1349,1,10,MAZDA 2,6,E01020315,0,-1
2023440021103,2023,440021103,2,9,0,9,9,1,7,0,0,8,0,0,0,0,3,1,6,6,2,25,5,1349,1,15,MAZDA 2,3,E01017054,0,-1
2023451301936,2023,451301936,1,9,0,18,19,1,5,0,0,0,0,0,1,11,1,1,2,2,1,36,7,1498,1,5,MAZDA 2,10,E01030941,0,-1
2023991391530,2023,991391530,1,9,0,9,9,3,1,0,0,6,0,0,0,0,1,1,5,6,2,29,6,1349,1,12,MAZDA 2,4,-1,0,-1
2023991357868,2023,991357868,2,9,0,18,19,7,3,0,0,0,0,0,0,0,1,1,5,6,1,39,7,1349,1,11,MAZDA 2,4,-1,0,-1
2023010482386,2023,010482386,2,9,0,99,99,9,9,99,99,9,9,99,9,99,9,9,6,6,3,-1,-1,1348,1,16,MAZDA 2,-1,-1,0,-1
2023522400964,2023,522400964,2,9,0,18,19,1,5,0,0,0,0,0,0,0,1,1,6,6,1,35,6,1496,1,8,MAZDA 2,7,E01014905,0,-1
2023401270335,2023,401270335,2,9,0,9,9,5,4,0,0,1,0,0,0,0,1,1,6,6,2,-1,-1,1349,1,10,MAZDA 2,9,E01017614,0,-1
2023010465167,2023,010465167,1,9,0,17,19,5,1,0,0,0,0,0,0,0,1,1,6,6,2,49,8,1498,1,10,MAZDA 2,4,E01002593,0,-1
2023552400199,2023,552400199,1,9,0,5,5,6,2,0,0,0,0,0,0,0,3,1,6,6,2,23,5,1349,1,15,MAZDA 2,6,E01015318,0,-1
2023430186209,2023,430186209,2,9,0,18,19,2,6,0,0,8,0,0,7,4,4,1,6,6,1,59,9,1498,1,13,MAZDA 2,9,E01028649,0,-1
2023340NN1402,2023,340NN1402,1,9,0,18,19,5,1,0,0,0,0,0,0,0,1,1,6,6,1,62,9,1349,1,15,MAZDA 2,5,E01027232,0,-1
2023061382402,2023,061382402,1,9,-1,-1,-1,-1,-1,-1,-1,0,-1,-1,-1,0,-1,1,6,6,3,-1,-1,1349,1,14,MAZDA 2,2,E01011865,0,-1
2023440251189,2023,440251189,1,9,0,16,19,6,1,0,0,0,1,0,7,0,1,1,6,6,1,17,4,1349,1,14,MAZDA 2,6,E01023002,0,-1
2023010470663,2023,010470663,1,9,0,99,99,9,9,99,99,9,9,99,9,99,4,9,6,6,1,32,6,1349,1,14,MAZDA 2,5,E01003433,0,-1
2023071008174,2023,071008174,2,9,0,18,19,5,1,0,0,8,0,0,0,0,1,1,6,6,2,89,11,1496,1,2,MAZDA 2,9,E01018508,0,-1
2023010431868,2023,010431868,1,9,0,18,19,5,1,0,0,0,0,0,0,0,1,1,6,6,1,80,11,1496,1,7,MAZDA 2,3,E01000367,0,-1
2023320439464,2023,320439464,2,9,0,16,19,2,6,0,0,2,0,0,0,0,1,1,6,6,1,52,8,1496,1,3,MAZDA 2,10,E01026184,0,-1
2023010458311,2023,010458311,1,9,0,3,3,5,1,0,0,1,0,0,0,0,2,1,6,6,1,26,6,1400,1,16,MAZDA 2,4,E01004612,0,-1
2023461298195,2023,461298195,1,9,0,18,19,6,8,0,0,2,0,0,1,4,1,1,5,6,1,23,5,1349,1,10,MAZDA 2,5,E01024796,0,-1
2023111396313,2023,111396313,1,9,0,9,9,8,6,0,0,0,0,0,0,0,1,1,6,6,2,21,5,1349,1,10,MAZDA 2,3,E01020596,0,-1
2023231396486,2023,231396486,1,9,0,18,19,4,8,0,0,8,0,0,0,0,3,1,6,6,1,22,5,1498,1,15,MAZDA 2,2,E01009018,0,-1
2023311338570,2023,311338570,1,9,0,17,19,2,7,0,0,8,1,0,0,0,1,1,6,6,2,36,7,1349,1,12,MAZDA 2,-1,-1,0,-1
2023440267871,2023,440267871,1,9,0,18,19,2,6,0,0,0,0,0,0,0,4,1,3,7,1,49,8,1349,1,14,MAZDA 2,8,E01023001,0,-1
2023411286072,2023,411286072,2,9,0,18,19,4,8,0,0,8,0,0,0,0,1,1,5,6,2,51,8,1400,2,17,MAZDA 2,5,E01023755,0,-1
2023471327386,2023,471327386,3,9,0,18,19,1,5,0,0,0,0,0,0,0,2,1,2,2,2,55,8,1349,1,16,MAZDA 2,5,E01031807,0,-1
2023122400085,2023,122400085,1,9,0,5,5,4,8,0,0,6,0,0,0,0,3,1,6,6,1,69,10,1498,1,13,MAZDA 2,5,E01013437,0,-1
2023131343969,2023,131343969,2,9,0,18,19,2,6,0,0,0,0,0,0,0,1,1,5,6,1,21,5,1496,1,4,MAZDA 2,3,E01011532,0,-1
2023010435384,2023,010435384,1,9,0,18,19,7,3,0,0,1,0,0,0,0,4,1,6,6,1,31,6,1349,1,14,MAZDA 2,2,E01003162,0,-1
2023221345154,2023,221345154,1,9,0,17,19,6,3,0,0,0,5,0,7,11,1,1,2,2,2,29,6,1349,1,10,MAZDA 2,5,E01014013,0,-1
2023010419391,2023,010419391,1,9,0,3,3,5,1,0,0,1,0,0,0,0,2,1,6,6,2,53,8,1400,1,16,MAZDA 2,4,E01002042,0,-1
2023471378368,2023,471378368,1,9,0,7,7,5,7,0,0,4,0,0,0,0,3,1,5,6,2,33,6,1496,1,6,MAZDA 2,6,E01031796,0,-1
2023122301418,2023,122301418,1,9,0,9,9,8,6,0,0,6,0,0,0,0,3,1,6,6,2,72,10,1349,1,12,MAZDA 2,4,E01010877,0,-1
2023161298120,2023,161298120,3,9,0,18,19,1,5,0,0,2,0,0,0,0,1,1,6,6,1,34,6,1349,1,11,MAZDA 2,-1,-1,0,-1
2023371349306,2023,371349306,1,9,0,9,9,3,1,0,0,1,0,0,0,0,4,1,6,6,2,21,5,1349,1,12,MAZDA 2,9,E01030107,0,-1
2023631367018,2023,631367018,3,9,0,18,19,5,1,0,0,0,0,0,0,0,1,1,5,6,2,24,5,1349,1,15,MAZDA 2,8,E01013592,0,-1
2023421297551,2023,421297551,2,9,0,18,19,7,3,0,0,4,0,0,0,0,4,1,5,6,2,18,4,1349,1,13,MAZDA 2,-1,-1,0,-1
2023522400978,2023,522400978,1,9,0,7,7,1,4,0,0,3,0,0,0,0,4,1,6,6,2,36,7,1349,1,9,MAZDA 2,8,E01014890,0,-1
2023231293198,2023,231293198,1,9,0,17,19,8,4,0,0,0,2,0,2,4,1,1,6,6,1,34,6,1490,8,1,MAZDA 2,10,E01029822,0,-1
2023991355623,2023,991355623,2,9,0,18,19,4,8,0,0,0,1,0,7,0,1,1,6,6,1,76,11,1349,1,10,MAZDA 2,2,-1,0,-1
2023141303680,2023,141303680,3,9,0,18,19,7,3,0,0,0,0,0,0,0,2,1,5,6,1,52,8,1496,1,2,MAZDA 2,1,E01007875,0,-1
2023622300844,2023,622300844,1,9,0,17,19,2,6,0,0,0,2,0,0,0,1,1,4,7,1,17,4,1349,1,14,MAZDA 2,9,W01001398,0,-1
2023061352769,2023,061352769,2,9,0,9,9,3,1,0,0,8,0,0,0,0,4,1,6,6,1,73,10,1349,1,11,MAZDA 2,1,E01004839,0,-1
2023531319399,2023,531319399,2,9,0,4,4,7,3,0,0,0,0,0,0,0,2,1,5,6,1,55,8,1496,1,6,MAZDA 2,10,E01022339,0,-1
2023010470182,2023,010470182,2,9,0,7,7,5,7,0,0,1,0,0,0,0,1,1,6,6,2,75,10,1349,1,11,MAZDA 2,2,E01004255,0,-1
2023010456281,2023,010456281,2,9,0,99,99,9,9,99,99,9,9,99,9,99,1,9,6,6,1,-1,-1,1349,1,10,MAZDA 2,-1,-1,0,-1
2023041343228,2023,041343228,1,9,0,5,5,3,8,0,0,6,0,0,0,0,1,1,5,6,1,78,11,1498,1,10,MAZDA 2,9,E01024966,0,-1
2023461297982,2023,461297982,1,9,0,14,14,5,1,0,0,0,0,0,1,4,1,1,2,2,1,30,6,1349,1,15,MAZDA 2,10,E01024353,0,-1
2023010480060,2023,010480060,2,9,0,18,19,7,3,1,1,1,0,0,1,5,3,1,6,6,1,47,8,1349,1,10,MAZDA 2,2,E01004226,0,-1
2023991296241,2023,991296241,1,9,0,9,9,7,3,0,0,0,0,0,1,0,2,1,6,6,2,55,8,1400,1,18,MAZDA 2,2,-1,0,-1
2023522301698,2023,522301698,2,9,0,3,3,8,4,0,0,1,0,0,0,0,3,1,6,6,1,40,7,1496,1,8,MAZDA 2,10,E01014759,0,-1
2023010481174,2023,010481174,1,9,0,99,99,9,9,99,99,9,9,99,9,99,2,9,2,2,2,56,9,1496,1,4,MAZDA 2,3,E01002015,0,-1
2023440008458,2023,440008458,2,9,0,18,19,1,3,0,0,1,0,0,0,0,1,1,6,6,1,66,10,1498,1,12,MAZDA 2,10,E01023172,0,-1
2023531314323,2023,531314323,1,9,0,4,4,7,1,0,0,1,0,0,0,0,1,1,6,6,3,-1,-1,1398,2,19,MAZDA 2,-1,-1,0,-1
2023201295689,2023,201295689,2,9,0,18,19,3,7,0,0,1,0,0,0,0,1,1,6,6,2,27,6,1496,1,7,MAZDA 2,1,E01010450,0,-1
2023552301066,2023,552301066,2,9,0,18,19,6,2,0,0,8,0,0,7,10,1,1,6,6,1,43,7,1349,1,16,MAZDA 2,1,E01015307,0,-1
2023061352950,2023,061352950,2,9,0,18,19,3,7,0,0,0,0,0,0,0,1,1,5,6,1,26,6,1349,1,12,MAZDA 2,7,E01005395,0,-1
2023501354611,2023,501354611,1,9,0,8,8,7,2,0,0,0,0,0,0,0,0,1,5,6,1,24,5,1498,1,9,MAZDA 2,-1,-1,0,-1
2023070000171,2023,070000171,2,9,0,18,19,7,3,0,0,0,0,0,0,0,1,1,6,6,2,29,6,1496,1,7,MAZDA 2,10,E01012477,0,-1
2023141389819,2023,141389819,2,9,0,18,19,5,1,9,9,1,0,0,1,0,1,1,5,6,2,34,6,1348,1,15,MAZDA 2,10,E01028097,0,-1
2023010484431,2023,010484431,1,9,0,1,1,8,4,0,0,0,0,0,0,0,0,1,6,6,1,82,11,1496,1,2,MAZDA 2,8,E01000355,0,-1
2023010433687,2023,010433687,1,9,0,9,9,8,7,0,0,5,0,0,3,0,1,1,6,6,2,54,8,1349,1,11,MAZDA 2,2,E01004365,0,-1
2023101290357,2023,101290357,2,9,0,18,19,1,5,0,0,0,0,10,0,0,0,1,5,6,1,29,6,1349,1,10,MAZDA 2,5,E01008397,0,-1
2023501327176,2023,501327176,3,9,0,2,2,0,0,0,0,0,0,0,0,0,1,1,6,6,2,22,5,1349,1,14,MAZDA 2,6,E01020021,0,-1
2023411310915,2023,411310915,2,9,0,7,7,5,1,0,0,1,0,0,0,0,1,1,6,6,1,59,9,1496,1,5,MAZDA 2,6,E01023386,0,-1
2023201390965,2023,201390965,1,9,0,18,19,4,7,0,0,1,0,0,0,0,2,1,5,6,1,41,7,1349,1,14,MAZDA 2,2,E01009487,0,-1
2023201382184,2023,201382184,2,9,0,5,5,2,8,0,0,6,0,0,0,0,1,1,5,6,2,-1,-1,1349,1,15,MAZDA 2,1,E01009360,0,-1
2023061335830,2023,061335830,1,9,0,18,19,3,7,0,0,3,1,6,0,0,1,1,5,6,1,32,6,1496,1,6,MAZDA 2,9,E01018585,0,-1
2023501370328,2023,501370328,2,9,0,10,10,3,1,0,0,3,0,0,0,0,2,1,5,6,2,53,8,1498,1,14,MAZDA 2,1,E01015088,0,-1
2023041290075,2023,041290075,1,9,0,18,19,1,5,0,0,1,0,0,0,0,1,1,2,2,2,26,6,1349,1,14,MAZDA 2,7,E01024860,0,-1
2023201411453,2023,201411453,2,9,0,16,19,8,2,0,0,0,0,0,0,0,4,1,4,7,2,36,7,1349,1,15,MAZDA 2,7,E01031244,0,-1
2023991322200,2023,991322200,1,9,0,18,19,8,4,0,0,0,0,0,7,4,1,1,2,2,1,25,5,1399,2,13,MAZDA 2,6,-1,0,-1
2023201380281,2023,201380281,2,9,0,1,1,8,4,0,0,0,0,4,0,0,3,1,2,2,1,47,8,1349,1,10,MAZDA 2,1,E01009048,0,-1
2023991333767,2023,991333767,1,9,0,18,19,1,5,0,0,1,0,0,0,0,1,1,6,6,1,85,11,1496,1,7,MAZDA 2,1,-1,0,-1
2023421329932,2023,421329932,1,9,0,3,3,1,4,0,0,1,0,0,0,0,1,1,5,6,2,31,6,1348,1,16,MAZDA 2,3,E01021858,0,-1
2023311282184,2023,311282184,1,9,0,18,19,5,7,9,9,0,1,0,7,0,1,1,5,6,2,22,5,1349,1,14,MAZDA 2,9,E01028421,0,-1
2023141347876,2023,141347876,1,9,0,18,19,3,7,0,0,2,0,0,0,0,1,1,5,6,1,30,6,1349,1,14,MAZDA 2,6,E01008151,0,-1
2023471303942,2023,471303942,2,9,0,9,9,1,5,0,0,8,0,0,0,0,2,1,5,6,1,61,9,1496,1,8,MAZDA 2,9,E01031395,0,-1
2023401340249,2023,401340249,1,9,0,18,19,4,8,0,0,0,2,0,0,0,1,1,5,6,1,47,8,1349,1,13,MAZDA 2,1,E01001732,0,-1
2023231359702,2023,231359702,1,9,0,18,19,4,8,0,0,8,0,0,0,0,1,1,2,2,2,25,5,1349,1,11,MAZDA 2,9,E01022183,0,-1
2023131348698,2023,131348698,1,9,0,9,9,3,7,0,0,8,0,0,1,0,4,1,5,6,2,79,11,1349,1,10,MAZDA 2,9,E01011296,0,-1
2023201416261,2023,201416261,1,9,0,18,19,3,7,0,0,1,0,7,0,0,1,1,6,6,1,27,6,1349,1,13,MAZDA 2,1,E01009511,0,-1
2023471381096,2023,471381096,1,9,0,18,19,3,7,0,0,0,1,4,1,0,4,1,5,6,1,52,8,1349,1,15,MAZDA 2,6,E01022925,0,-1
2023111323329,2023,111323329,2,9,0,10,10,7,6,0,0,1,0,0,0,0,1,1,6,6,2,79,11,1349,1,11,MAZDA 2,-1,-1,0,-1
2023351355879,2023,351355879,1,9,0,16,19,-1,-1,0,0,3,0,0,0,0,1,1,5,6,1,29,6,1349,1,10,MAZDA 2,8,E01015682,0,-1
2023221321195,2023,221321195,1,9,0,4,4,4,8,0,0,8,0,0,0,0,1,1,6,6,1,72,10,1496,1,0,MAZDA 2,2,E01028967,0,-1
2023201311021,2023,201311021,1,9,0,18,19,6,2,0,0,0,0,0,0,0,1,1,6,6,2,40,7,1498,1,16,MAZDA 2,2,E01009389,0,-1
2023010487009,2023,010487009,2,9,0,99,99,9,9,99,99,9,9,99,9,99,9,9,6,6,3,-1,-1,1498,1,14,MAZDA 2,-1,-1,0,-1
2023411275525,2023,411275525,1,9,0,18,19,-1,-1,0,0,8,0,0,0,0,1,1,6,6,3,-1,-1,1400,1,17,MAZDA 2,-1,-1,0,-1
2023201422745,2023,201422745,2,9,0,18,19,4,8,0,0,2,0,0,0,0,1,1,6,6,1,46,8,1349,7,14,MAZDA 2,2,E01010016,0,-1
2023340WN1642,2023,340WN1642,2,9,0,18,19,5,1,0,0,0,0,0,0,0,4,1,2,2,1,31,6,1496,1,8,MAZDA 2,6,E01017554,0,-1
2023161314156,2023,161314156,1,9,0,9,9,5,2,0,0,6,0,0,0,0,1,1,1,1,1,17,4,1348,1,15,MAZDA 2,7,E01012983,0,-1
2023991373283,2023,991373283,1,9,0,7,7,7,1,0,0,1,0,0,0,0,1,1,5,6,2,53,8,1349,1,12,MAZDA 2,3,-1,0,-1
2023340NN0412,2023,340NN0412,2,9,0,3,3,3,7,0,0,2,0,0,0,0,2,1,2,2,2,21,5,1349,1,14,MAZDA 2,3,E01027060,0,-1
2023010441579,2023,010441579,2,9,0,5,5,7,3,0,0,4,0,0,0,0,1,1,6,6,1,19,4,2488,2,13,NISSAN MURANO,5,E01002671,0,-1
2023010441604,2023,010441604,2,9,0,2,2,0,0,9,9,0,0,0,0,0,4,1,6,6,3,-1,-1,3498,1,14,NISSAN MURANO,-1,-1,0,-1
2023061323108,2023,061323108,2,9,0,9,9,3,1,0,0,5,0,0,0,0,2,1,5,6,1,74,10,3498,1,17,NISSAN MURANO,8,E01005770,0,-1
2023010454927,2023,010454927,2,9,0,99,99,9,9,99,99,9,9,99,9,99,2,9,6,6,3,-1,-1,3498,1,18,NISSAN MURANO,-1,-1,0,-1
2023010422781,2023,010422781,1,9,0,18,19,7,3,0,0,1,0,0,0,0,1,1,2,2,1,42,7,3498,1,17,NISSAN MURANO,3,E01004331,0,-1
2023141342940,2023,141342940,1,9,0,18,19,5,1,0,0,1,0,0,0,0,1,1,5,6,1,33,6,3498,1,16,NISSAN MURANO,1,E01007645,0,-1
2023451304262,2023,451304262,2,9,0,2,2,0,0,0,0,2,0,0,0,0,1,1,6,6,1,75,10,3498,1,18,NISSAN MURANO,9,E01030679,0,-1
2023010466406,2023,010466406,1,9,0,18,19,7,3,0,0,8,0,0,0,0,1,1,6,6,1,74,10,3490,1,18,NISSAN MURANO,5,E01000888,0,-1
2023010447294,2023,010447294,1,9,0,2,2,0,0,9,9,1,0,7,7,11,1,1,6,6,3,-1,-1,3498,1,17,NISSAN MURANO,-1,-1,0,-1
2023501370876,2023,501370876,4,9,0,18,19,1,5,0,0,0,0,0,0,0,1,1,6,6,1,55,8,3498,1,14,NISSAN MURANO,7,E01018816,0,-1
2023451266611,2023,451266611,1,11,0,18,19,1,5,2,2,2,0,0,0,0,4,1,1,1,1,48,8,6370,2,23,-1,3,E01030483,0,-1
2023010485815,2023,010485815,3,9,0,2,2,0,0,0,0,1,0,4,0,0,1,1,6,6,3,-1,-1,1468,1,29,-1,-1,-1,0,-1
2023610031723,2023,610031723,1,2,0,18,19,4,8,0,0,8,0,0,0,0,1,1,2,2,1,19,4,125,1,10,-1,1,W01001519,0,-1
2023440512195,2023,440512195,1,3,0,13,13,2,6,0,0,0,0,0,0,0,1,1,6,6,1,28,6,125,1,10,-1,2,E01017155,0,-1
2023041273375,2023,041273375,2,3,0,14,14,1,5,0,0,1,0,0,0,0,1,1,6,6,2,38,7,125,1,9,-1,8,E01024939,0,-1
2023421320431,2023,421320431,3,9,0,18,19,4,8,0,0,0,0,0,0,0,1,1,6,6,2,37,7,898,1,7,RENAULT CAPTUR,-1,-1,0,-1
2023041380072,2023,041380072,3,9,0,4,4,3,7,0,0,0,0,0,0,0,2,1,5,6,2,27,6,898,1,7,RENAULT CAPTUR,2,E01025060,0,-1
2023161292801,2023,161292801,1,9,0,2,2,7,3,0,0,8,0,0,0,0,0,1,5,6,2,44,7,898,1,5,RENAULT CAPTUR,6,E01012818,0,-1
2023320029081,2023,320029081,3,9,0,4,4,4,8,0,0,1,0,0,0,0,1,1,6,6,1,79,11,1598,8,1,RENAULT CAPTUR,8,E01032991,0,-1
2023052302003,2023,052302003,1,9,0,9,9,5,3,0,0,6,0,0,0,0,1,1,2,2,3,-1,-1,1461,2,7,RENAULT CAPTUR,-1,-1,0,-1
2023540106323,2023,540106323,1,9,0,4,4,1,5,0,0,1,0,0,7,0,1,1,6,6,2,55,8,1333,1,3,RENAULT CAPTUR,2,E01015570,0,-1
2023201274648,2023,201274648,1,9,0,9,9,5,3,0,0,8,0,0,0,0,3,1,6,6,2,71,10,1197,1,5,RENAULT CAPTUR,10,E01010207,0,-1
2023010474331,2023,010474331,1,9,0,2,2,0,0,99,99,0,9,99,9,99,9,1,6,6,3,-1,-1,999,1,0,RENAULT CAPTUR,-1,-1,0,-1
2023552300060,2023,552300060,2,9,0,18,19,4,8,0,0,8,0,0,0,0,1,1,6,6,1,65,9,1461,2,4,RENAULT CAPTUR,6,E01020586,0,-1
2023320319109,2023,320319109,2,9,0,4,4,8,4,0,0,1,0,0,0,0,2,1,6,6,1,81,11,1333,1,4,RENAULT CAPTUR,6,E01011303,0,-1
2023440511971,2023,440511971,1,9,0,9,9,2,8,0,0,8,0,0,0,0,1,1,6,6,1,19,4,1197,1,7,RENAULT CAPTUR,3,E01017129,0,-1
2023052301041,2023,052301041,1,9,0,18,19,7,3,0,0,0,0,0,0,0,1,1,6,6,2,62,9,1598,8,1,RENAULT CAPTUR,4,E01006425,0,-1
2023061304270,2023,061304270,2,9,0,2,2,-1,-1,0,0,0,0,0,0,0,2,1,6,6,3,43,7,1461,2,3,RENAULT CAPTUR,9,E01005019,0,-1
2023052302051,2023,052302051,1,9,0,18,19,5,1,0,0,1,0,0,0,0,1,1,6,6,2,80,11,1598,8,1,RENAULT CAPTUR,7,E01006577,0,-1
2023141304202,2023,141304202,1,9,0,18,19,1,3,0,0,1,0,0,0,0,1,1,6,6,1,67,10,898,1,9,RENAULT CAPTUR,2,E01008037,0,-1
2023311262198,2023,311262198,3,9,0,16,19,7,1,0,0,0,0,0,0,0,3,1,5,6,2,57,9,898,1,7,RENAULT CAPTUR,10,E01028365,0,-1
2023361313742,2023,361313742,2,9,0,18,19,1,5,0,0,1,0,0,0,0,1,1,5,6,1,89,11,1333,1,4,RENAULT CAPTUR,6,E01026893,0,-1
2023031320030,2023,031320030,2,9,0,2,2,0,0,0,0,0,0,4,0,0,4,1,6,6,3,69,10,1333,1,4,RENAULT CAPTUR,-1,-1,0,-1
2023041300912,2023,041300912,1,9,0,9,9,7,5,0,0,6,0,0,0,0,4,1,1,1,2,48,8,1461,2,9,RENAULT CAPTUR,5,E01025304,0,-1
2023201454330,2023,201454330,1,9,0,5,5,4,7,0,0,6,0,0,0,0,4,1,2,2,3,51,8,898,1,7,RENAULT CAPTUR,5,E01009797,0,-1
2023991352855,2023,991352855,2,9,0,3,3,7,3,0,0,1,0,0,0,0,2,1,6,6,2,50,8,999,1,2,RENAULT CAPTUR,4,-1,0,-1
202363B020623,2023,63B020623,2,9,0,18,19,4,8,0,0,8,0,0,0,0,1,1,6,6,2,80,11,898,1,3,RENAULT CAPTUR,7,W01000507,0,-1
2023201409509,2023,201409509,1,9,0,18,19,4,8,0,0,1,0,0,0,0,2,1,6,6,2,61,9,1461,2,6,RENAULT CAPTUR,2,E01010077,0,-1
2023131365488,2023,131365488,2,9,0,3,3,3,7,0,0,0,0,0,0,0,0,1,6,6,3,-1,-1,1461,2,7,RENAULT CAPTUR,-1,-1,0,-1
2023041311521,2023,041311521,1,9,0,18,19,3,7,0,0,0,5,0,0,0,1,1,2,2,2,42,7,1333,1,4,RENAULT CAPTUR,7,E01024999,0,-1
2023471389862,2023,471389862,1,9,0,7,7,3,5,0,0,5,0,0,0,0,3,1,5,6,1,61,9,898,1,8,RENAULT CAPTUR,3,E01017007,0,-1
2023071091382,2023,071091382,2,9,0,18,19,1,5,0,0,8,0,0,0,0,1,1,6,6,1,42,7,1461,2,6,RENAULT CAPTUR,3,E01012369,0,-1
2023451339614,2023,451339614,2,9,0,3,3,4,7,0,0,0,0,0,0,0,2,1,5,6,2,53,8,898,1,8,RENAULT CAPTUR,9,E01016230,0,-1
2023061332852,2023,061332852,2,9,-1,-1,-1,-1,-1,-1,-1,0,-1,-1,-1,0,-1,1,6,6,1,64,9,1461,2,7,RENAULT CAPTUR,8,E01006378,0,-1
202354C867023,2023,54C867023,2,9,0,18,19,1,5,0,0,1,0,0,0,0,4,1,6,6,2,62,9,1197,1,5,RENAULT CAPTUR,9,E01032710,0,-1
2023471262274,2023,471262274,2,9,0,18,19,6,2,0,0,0,0,0,0,0,1,1,1,1,2,48,8,1461,2,5,RENAULT CAPTUR,6,E01021182,0,-1
2023122300589,2023,122300589,2,9,0,9,9,7,3,0,0,1,0,0,0,0,1,1,6,6,2,38,7,898,1,9,RENAULT CAPTUR,6,E01012979,0,-1
2023010439451,2023,010439451,1,9,0,18,19,1,5,0,0,0,0,0,0,0,1,1,3,7,2,42,7,1197,1,9,RENAULT CAPTUR,8,E01030845,0,-1
2023052302204,2023,052302204,2,9,0,18,19,1,5,0,0,0,0,0,0,0,2,1,6,6,2,59,9,1461,2,7,RENAULT CAPTUR,1,E01006711,0,-1
2023622300171,2023,622300171,1,9,0,18,19,8,4,0,0,3,1,7,0,0,1,1,6,6,2,54,8,1461,2,7,RENAULT CAPTUR,7,W01001815,0,-1
2023041302065,2023,041302065,1,9,0,7,7,7,3,0,0,1,0,0,0,0,1,1,5,6,1,74,10,1197,1,5,RENAULT CAPTUR,4,E01012703,0,-1
2023461268010,2023,461268010,2,9,0,4,4,6,1,0,0,0,0,0,0,0,2,1,6,6,1,57,9,1461,2,7,RENAULT CAPTUR,8,E01033210,0,-1
2023545558123,2023,545558123,1,9,0,5,5,3,7,0,0,1,0,0,1,11,1,1,6,6,1,48,8,898,1,4,RENAULT CAPTUR,8,E01015561,0,-1
2023552301170,2023,552301170,2,9,0,8,8,2,6,0,0,1,0,0,0,0,2,1,2,2,2,25,5,898,1,8,RENAULT CAPTUR,8,E01015311,0,-1