collision_index,collision_year,collision_ref_no,vehicle_reference,vehicle_type,towing_and_articulation,vehicle_manoeuvre_historic,vehicle_manoeuvre,vehicle_direction_from,vehicle_direction_to,vehicle_location_restricted_lane_historic,vehicle_location_restricted_lane,junction_location,skidding_and_overturning,hit_object_in_carriageway,vehicle_leaving_carriageway,hit_object_off_carriageway,first_point_of_impact,vehicle_left_hand_drive,journey_purpose_of_driver_historic,journey_purpose_of_driver,sex_of_driver,age_of_driver,age_band_of_driver,engine_capacity_cc,propulsion_code,age_of_vehicle,generic_make_model,driver_imd_decile,lsoa_of_driver,escooter_flag,driver_distance_banding
2023311350163,2023,311350163,1,9,0,4,4,7,6,0,0,1,1,0,3,1,1,1,5,6,1,46,8,1333,1,2,RENAULT CAPTUR,3,E01021862,0,-1
2023631379669,2023,631379669,1,9,0,4,4,5,1,0,0,0,0,0,0,0,1,1,5,6,1,70,10,999,1,2,RENAULT CAPTUR,6,W01000667,0,-1
2023991395191,2023,991395191,2,9,0,18,19,2,6,0,0,1,0,0,6,0,4,1,5,6,1,33,6,1461,2,7,RENAULT CAPTUR,-1,-1,0,-1
2023031286298,2023,031286298,2,9,0,4,4,3,7,0,0,0,0,0,0,0,1,1,5,6,1,75,10,1598,8,1,RENAULT CAPTUR,5,E01019127,0,-1
2023552301463,2023,552301463,3,9,0,10,10,8,4,0,0,1,0,0,0,0,1,1,6,6,2,53,8,898,1,9,RENAULT CAPTUR,10,E01015445,0,-1
2023991295910,2023,991295910,1,9,0,18,19,5,1,0,0,1,0,0,0,0,1,1,5,6,2,79,11,1461,2,6,RENAULT CAPTUR,6,-1,0,-1
2023351298958,2023,351298958,1,9,0,5,5,5,1,0,0,3,0,0,0,0,4,1,6,6,2,30,6,1461,2,4,RENAULT CAPTUR,1,E01015647,0,-1
2023101353800,2023,101353800,1,9,0,18,19,4,6,0,0,2,0,0,0,0,1,1,5,6,2,58,9,1333,1,4,RENAULT CAPTUR,1,E01008596,0,-1
2023501296072,2023,501296072,2,9,0,3,3,4,6,0,0,1,0,0,0,0,2,1,5,6,1,51,8,898,1,4,RENAULT CAPTUR,5,E01015070,0,-1
2023131285069,2023,131285069,2,9,0,18,19,1,1,0,0,8,0,0,0,0,2,1,2,2,1,46,8,1461,2,9,RENAULT CAPTUR,2,E01011914,0,-1
2023010431829,2023,010431829,2,8,0,99,99,9,9,99,99,9,9,99,9,99,1,9,6,6,3,-1,-1,1197,1,6,-1,-1,-1,0,-1
2023351287825,2023,351287825,1,9,0,18,19,7,3,0,0,1,0,0,0,0,1,1,5,6,1,73,10,898,1,6,RENAULT CAPTUR,7,E01026672,0,-1
2023052301006,2023,052301006,3,9,0,9,9,3,5,0,0,1,0,0,0,0,3,1,2,2,2,61,9,1598,8,1,RENAULT CAPTUR,8,E01007154,0,-1
2023320673964,2023,320673964,1,9,0,9,9,2,8,0,0,6,0,0,0,0,4,1,6,6,2,31,6,1461,2,7,RENAULT CAPTUR,-1,-1,0,-1
2023411368359,2023,411368359,2,9,0,18,19,1,5,0,0,0,0,0,0,0,3,1,6,6,2,32,6,1197,1,7,RENAULT CAPTUR,8,E01023478,0,-1
2023547089123,2023,547089123,2,9,0,18,19,6,2,0,0,8,0,0,0,0,1,1,6,6,2,51,8,1598,8,2,RENAULT CAPTUR,9,E01032099,0,-1
2023041330754,2023,041330754,1,9,0,11,11,5,1,0,0,0,0,0,0,0,4,1,5,6,2,27,6,898,1,5,RENAULT CAPTUR,1,E01006847,0,-1
2023522401071,2023,522401071,1,9,0,18,19,5,1,0,0,0,0,0,0,0,1,1,6,6,1,49,8,1197,1,9,RENAULT CAPTUR,2,E01023860,0,-1
2023101293355,2023,101293355,1,9,0,4,4,3,7,0,0,0,5,7,0,0,1,1,5,6,2,71,10,898,1,7,RENAULT CAPTUR,1,E01008426,0,-1
2023211312407,2023,211312407,2,9,0,3,3,3,7,0,0,4,0,0,0,0,2,1,6,6,2,65,9,1333,1,2,RENAULT CAPTUR,10,E01014182,0,-1
2023440321815,2023,440321815,1,9,0,18,19,6,2,0,0,1,0,0,0,0,3,1,2,2,2,40,7,898,1,9,RENAULT CAPTUR,4,E01017289,0,-1
2023991348061,2023,991348061,2,9,0,18,19,2,6,0,0,0,0,0,0,0,4,1,2,2,2,35,6,898,1,5,RENAULT CAPTUR,8,-1,0,-1
2023991389309,2023,991389309,2,9,0,18,19,4,8,0,0,8,0,0,0,0,1,1,2,2,2,41,7,898,1,6,RENAULT CAPTUR,3,-1,0,-1
2023501346384,2023,501346384,1,9,0,18,19,5,2,0,0,0,0,0,0,0,1,1,5,6,2,48,8,1333,1,4,RENAULT CAPTUR,5,E01020068,0,-1
2023061358907,2023,061358907,1,9,0,18,19,-1,-1,0,0,1,0,0,0,0,1,1,6,6,2,-1,-1,1461,2,8,RENAULT CAPTUR,-1,-1,0,-1
2023221275460,2023,221275460,1,9,0,9,9,7,6,0,0,6,0,0,0,0,1,1,5,6,2,59,9,1333,1,3,RENAULT CAPTUR,2,E01032453,0,-1
2023010477589,2023,010477589,1,9,0,99,99,9,9,99,99,9,9,99,9,99,1,9,6,6,2,55,8,1333,1,2,RENAULT CAPTUR,3,E01001264,0,-1
2023991361180,2023,991361180,1,9,0,18,19,3,8,0,0,8,0,0,0,0,1,1,2,2,2,40,7,1461,2,7,RENAULT CAPTUR,1,-1,0,-1
2023430132318,2023,430132318,3,9,0,9,9,4,2,0,0,8,0,0,0,0,3,1,6,6,1,31,6,1333,1,2,RENAULT CAPTUR,9,E01027289,0,-1
2023010438886,2023,010438886,2,9,0,14,14,7,3,0,0,1,0,0,0,0,4,1,6,6,2,33,6,1333,1,2,RENAULT CAPTUR,-1,-1,0,-1
2023201388318,2023,201388318,2,9,0,7,7,6,8,0,0,5,0,0,0,0,3,1,6,6,2,48,8,898,1,6,RENAULT CAPTUR,5,E01009882,0,-1
2023991361798,2023,991361798,1,9,0,9,9,4,1,0,0,1,0,0,0,0,1,1,5,6,1,67,10,898,1,8,RENAULT CAPTUR,-1,-1,0,-1
2023052301366,2023,052301366,1,9,0,18,19,7,3,0,0,1,0,4,0,0,1,1,6,6,2,30,6,1461,2,9,RENAULT CAPTUR,1,E01006542,0,-1
2023501279878,2023,501279878,1,9,0,18,19,4,6,0,0,1,0,0,0,0,1,1,6,6,2,75,10,1598,8,1,RENAULT CAPTUR,6,E01018986,0,-1
2023041309028,2023,041309028,1,9,0,9,9,2,7,0,0,8,0,0,0,0,4,1,2,2,1,50,8,1461,2,8,RENAULT CAPTUR,2,E01012685,0,-1
2023010484589,2023,010484589,1,9,0,99,99,9,9,99,99,0,9,99,9,99,9,1,6,6,2,33,6,898,1,7,RENAULT CAPTUR,1,E01004273,0,-1
2023371305596,2023,371305596,2,9,0,18,19,7,3,0,0,0,2,0,0,0,1,1,5,6,2,60,9,1333,1,2,RENAULT CAPTUR,8,E01030237,0,-1
2023052300171,2023,052300171,1,9,0,4,4,3,7,0,0,1,0,0,0,0,1,1,6,6,1,38,7,1461,2,6,RENAULT CAPTUR,6,E01007044,0,-1
2023101292314,2023,101292314,1,9,0,9,9,2,5,0,0,0,0,0,0,0,1,1,2,2,2,27,6,898,1,5,RENAULT CAPTUR,3,E01008508,0,-1
2023440442978,2023,440442978,2,9,0,18,19,8,4,0,0,0,0,0,1,11,1,1,6,6,2,50,8,1333,1,2,RENAULT CAPTUR,5,E01022781,0,-1
2023070298324,2023,070298324,1,9,0,5,5,3,1,0,0,0,0,0,0,0,0,1,6,6,1,-1,-1,898,1,9,RENAULT CAPTUR,-1,-1,0,-1
2023991343120,2023,991343120,2,9,0,18,19,7,3,0,0,0,0,0,7,0,1,1,5,6,2,65,9,898,1,6,RENAULT CAPTUR,6,-1,0,-1
2023052301277,2023,052301277,2,9,0,18,19,1,5,0,0,8,0,0,0,0,3,1,6,6,2,48,8,898,1,7,RENAULT CAPTUR,2,E01006536,0,-1
2023401359814,2023,401359814,1,9,0,18,19,1,5,0,0,0,0,0,0,0,1,1,2,2,2,31,6,1461,2,8,RENAULT CAPTUR,10,E01017402,0,-1
2023622300229,2023,622300229,1,9,0,18,19,6,2,0,0,8,0,0,0,0,1,1,6,6,2,48,8,1461,2,7,RENAULT CAPTUR,3,W01001790,0,-1
2023061351811,2023,061351811,2,9,0,18,19,7,3,0,0,8,0,0,0,0,1,1,2,2,1,64,9,1461,2,8,RENAULT CAPTUR,5,E01025541,0,-1
2023991431572,2023,991431572,1,9,0,18,19,8,4,0,0,6,0,0,0,0,1,1,2,2,1,25,5,1461,2,4,RENAULT CAPTUR,-1,-1,0,-1
2023421392889,2023,421392889,2,9,0,2,2,0,0,0,0,0,0,0,1,11,3,1,6,6,3,-1,-1,1333,1,3,RENAULT CAPTUR,-1,-1,0,-1
2023440277100,2023,440277100,1,9,0,18,19,5,1,0,0,4,0,0,0,0,3,1,6,6,1,80,11,999,1,0,RENAULT CAPTUR,4,E01017308,0,-1
2023522301401,2023,522301401,2,9,0,18,19,5,1,0,0,0,0,0,0,0,1,1,6,6,1,56,9,999,1,2,RENAULT CAPTUR,1,E01033366,0,-1
2023010446755,2023,010446755,1,9,0,99,99,9,9,99,99,9,9,99,9,99,9,9,6,6,2,45,7,898,1,5,RENAULT CAPTUR,2,E01003580,0,-1
2023544485923,2023,544485923,2,9,0,2,2,0,0,0,0,0,0,0,0,0,2,1,6,6,3,-1,-1,1461,2,7,RENAULT CAPTUR,-1,-1,0,-1
2023010471791,2023,010471791,2,9,0,4,4,1,5,0,0,1,0,0,0,0,1,1,2,2,1,29,6,1461,2,6,RENAULT CAPTUR,7,E01003839,0,-1
2023111316441,2023,111316441,2,9,0,8,8,6,1,0,0,1,0,0,0,0,3,1,2,2,2,41,7,1461,2,5,RENAULT CAPTUR,2,E01020842,0,-1
2023010459002,2023,010459002,2,9,0,2,2,0,0,0,0,0,0,0,0,0,4,1,6,6,3,-1,-1,1461,2,8,RENAULT CAPTUR,-1,-1,0,-1
2023031317833,2023,031317833,1,9,0,7,7,6,4,0,0,0,0,0,0,0,1,1,5,6,1,26,6,1333,1,4,RENAULT CAPTUR,7,E01019357,0,-1
2023451306818,2023,451306818,1,9,0,3,3,5,1,0,0,0,0,0,0,0,2,1,2,2,1,69,10,1461,2,8,RENAULT CAPTUR,8,E01004110,0,-1
2023401323271,2023,401323271,1,9,0,17,19,7,3,0,0,0,0,0,7,0,1,1,6,6,2,30,6,999,1,2,RENAULT CAPTUR,5,E01015767,0,-1
2023430403431,2023,430403431,1,9,0,9,9,2,6,0,0,4,0,0,0,0,1,1,6,6,2,-1,-1,898,1,9,RENAULT CAPTUR,-1,-1,0,-1
2023340WN5502,2023,340WN5502,2,9,0,9,9,3,7,0,0,5,0,10,0,0,3,1,6,6,2,31,6,898,1,4,RENAULT CAPTUR,-1,-1,0,-1
2023141290055,2023,141290055,2,9,0,16,19,7,1,0,0,0,0,0,1,0,3,1,2,2,2,51,8,898,1,5,RENAULT CAPTUR,6,E01007696,0,-1
2023622300423,2023,622300423,1,9,0,18,19,7,3,0,0,1,0,0,0,0,1,1,1,1,2,55,8,1461,2,8,RENAULT CAPTUR,2,W01000957,0,-1
2023991376736,2023,991376736,1,9,0,1,1,4,8,0,0,0,0,0,0,0,1,1,5,6,2,65,9,1333,1,3,RENAULT CAPTUR,2,-1,0,-1
2023070304047,2023,070304047,1,9,0,18,19,7,3,0,0,0,0,0,0,0,1,1,6,6,1,49,8,1461,2,10,RENAULT CAPTUR,-1,-1,0,-1
2023161380906,2023,161380906,1,9,0,18,19,2,6,0,0,0,0,0,0,0,1,1,6,6,2,-1,-1,1598,8,0,RENAULT CAPTUR,-1,-1,0,-1
2023461294216,2023,461294216,3,9,0,18,19,7,3,0,0,1,0,0,0,0,2,1,6,6,2,52,8,999,1,1,RENAULT CAPTUR,6,E01024079,0,-1
2023010480547,2023,010480547,1,9,0,7,7,7,2,0,0,3,0,0,0,0,1,1,6,6,2,65,9,1333,1,2,RENAULT CAPTUR,3,E01003251,0,-1
2023010475944,2023,010475944,2,9,0,99,99,9,9,99,99,1,9,0,0,0,9,9,6,6,3,-1,-1,898,1,10,RENAULT CAPTUR,-1,-1,0,-1
2023991283005,2023,991283005,1,9,0,5,5,5,2,0,0,6,0,0,0,0,1,1,6,6,2,33,6,1333,1,2,RENAULT CAPTUR,2,-1,0,-1
2023610021423,2023,610021423,1,9,0,9,9,3,1,9,9,6,0,0,0,0,1,1,2,2,2,25,5,1461,2,9,RENAULT CAPTUR,3,W01001676,0,-1
2023052302932,2023,052302932,2,9,0,18,19,3,7,0,0,8,1,10,0,0,1,1,6,6,1,48,8,898,1,8,RENAULT CAPTUR,5,E01007102,0,-1
2023101321830,2023,101321830,2,9,0,2,2,0,0,9,9,0,0,0,0,0,2,1,5,6,1,69,10,1461,2,4,RENAULT CAPTUR,3,E01008208,0,-1
2023070092717,2023,070092717,2,9,0,18,19,2,6,0,0,0,0,0,0,0,2,1,6,6,1,51,8,999,1,3,RENAULT CAPTUR,1,E01005754,0,-1
2023552301469,2023,552301469,1,9,0,6,6,4,4,0,0,0,0,0,0,0,3,1,6,6,2,63,9,898,1,6,RENAULT CAPTUR,2,E01015341,0,-1
2023991348182,2023,991348182,1,9,0,17,19,1,6,0,0,0,1,0,2,11,1,1,5,6,2,69,10,1333,1,3,RENAULT CAPTUR,5,-1,0,-1
2023351378517,2023,351378517,1,9,0,5,5,1,3,0,0,4,0,0,0,0,3,1,2,2,2,47,8,898,1,6,RENAULT CAPTUR,10,E01033114,0,-1
2023361332177,2023,361332177,2,9,0,4,4,5,7,0,0,1,1,0,0,0,2,1,5,6,2,50,8,1461,2,9,RENAULT CAPTUR,7,E01026669,0,-1
2023340WN3082,2023,340WN3082,1,9,0,18,19,3,7,0,0,1,0,0,0,0,1,1,6,6,2,32,6,1461,2,6,RENAULT CAPTUR,8,E01032975,0,-1
2023131269913,2023,131269913,2,9,0,9,9,5,1,0,0,8,0,0,0,0,1,1,5,6,1,73,10,999,1,3,RENAULT CAPTUR,4,E01010877,0,-1
2023411297924,2023,411297924,1,9,0,18,19,1,5,0,0,1,0,0,0,0,1,1,6,6,1,73,10,1461,2,9,RENAULT CAPTUR,7,E01017587,0,-1
2023161389240,2023,161389240,1,9,0,18,19,5,1,0,0,8,1,7,0,0,1,1,5,6,2,30,6,898,1,5,RENAULT CAPTUR,3,E01013133,0,-1
2023211337904,2023,211337904,1,9,0,18,19,5,2,0,0,1,0,0,0,0,4,1,2,2,2,56,9,898,1,7,RENAULT CAPTUR,4,E01014245,0,-1
2023010451022,2023,010451022,1,9,0,3,3,1,5,0,0,0,0,0,0,0,2,1,6,6,2,33,6,1461,2,7,RENAULT CAPTUR,4,E01033727,0,-1
2023991384414,2023,991384414,2,9,0,18,19,8,4,0,0,0,0,0,0,0,2,1,6,6,1,67,10,1333,1,2,RENAULT CAPTUR,9,-1,0,-1
2023101322002,2023,101322002,2,9,-1,16,19,4,8,0,0,8,0,0,0,0,3,1,6,6,2,48,8,1461,2,3,RENAULT CAPTUR,3,E01008337,0,-1
2023501315935,2023,501315935,2,9,0,16,19,4,8,0,0,0,0,0,0,0,0,1,5,6,1,26,6,898,1,10,RENAULT CAPTUR,2,E01019074,0,-1
2023070661487,2023,070661487,3,9,0,2,2,0,0,0,0,0,0,0,0,0,2,1,6,6,2,64,9,1598,8,1,RENAULT CAPTUR,1,E01006753,0,-1
2023010446109,2023,010446109,1,9,9,99,99,9,9,99,99,9,9,99,9,99,2,9,6,6,2,51,8,1461,2,4,RENAULT CAPTUR,3,E01002283,0,-1
202360A109484,2023,60A109484,1,9,0,7,7,6,8,0,0,7,0,0,0,0,1,1,6,6,1,37,7,1598,8,2,RENAULT CAPTUR,-1,-1,0,-1
2023631345605,2023,631345605,1,9,0,18,19,4,8,0,0,0,5,0,1,3,1,1,5,6,2,27,6,1197,1,6,RENAULT CAPTUR,9,W01001294,0,-1
202360A195649,2023,60A195649,1,9,0,5,5,8,4,0,0,6,0,0,0,0,1,1,6,6,1,-1,-1,1333,1,4,RENAULT CAPTUR,-1,-1,0,-1
2023321297529,2023,321297529,2,9,0,10,10,4,1,0,0,1,5,0,7,9,2,1,5,6,2,35,6,1461,2,9,RENAULT CAPTUR,7,E01026397,0,-1
2023421371663,2023,421371663,2,9,0,3,3,3,7,0,0,4,0,0,0,0,2,1,5,6,1,31,6,1333,1,3,RENAULT CAPTUR,1,E01021576,0,-1
2023010474309,2023,010474309,1,9,0,3,3,1,5,0,0,1,0,0,0,0,2,1,6,6,2,48,8,1197,1,6,RENAULT CAPTUR,9,E01000409,0,-1
2023131364889,2023,131364889,2,9,0,9,9,1,1,0,0,6,0,0,0,0,4,1,5,6,1,40,7,898,1,5,RENAULT CAPTUR,7,E01011775,0,-1
2023010430334,2023,010430334,1,9,0,9,9,8,6,0,0,6,1,0,1,0,1,1,2,2,2,34,6,1333,1,4,RENAULT CAPTUR,2,E01004570,0,-1
2023501296724,2023,501296724,1,9,0,4,4,1,5,0,0,8,0,0,0,0,2,1,6,6,2,38,7,898,1,6,RENAULT CAPTUR,8,E01015125,0,-1
2023161339950,2023,161339950,2,9,0,7,7,5,1,0,0,1,0,0,0,0,1,1,6,6,1,60,9,999,1,0,RENAULT CAPTUR,1,E01012880,0,-1
2023991343231,2023,991343231,2,9,0,18,19,7,2,0,0,1,1,0,0,0,1,1,2,2,1,47,8,898,1,8,RENAULT CAPTUR,8,-1,0,-1
2023071029260,2023,071029260,2,9,0,5,5,1,5,0,0,1,0,0,0,0,3,1,6,6,2,33,6,1333,1,4,RENAULT CAPTUR,10,W01000285,0,-1
2023302300677,2023,302300677,1,9,0,16,19,4,8,0,0,0,5,0,7,9,1,1,6,6,2,77,11,898,1,3,RENAULT CAPTUR,7,E01019701,0,-1
2023622300840,2023,622300840,3,9,0,18,19,4,8,0,0,0,0,0,0,0,4,1,6,6,2,67,10,1598,8,0,RENAULT CAPTUR,9,W01000778,0,-1
2023440174627,2023,440174627,1,9,0,18,19,6,2,0,0,8,0,0,0,0,1,1,6,6,1,28,6,1461,2,8,RENAULT CAPTUR,3,E01017123,0,-1
2023421269973,2023,421269973,3,9,0,18,19,6,1,0,0,0,0,0,0,0,2,1,5,6,1,40,7,1461,2,5,RENAULT CAPTUR,-1,-1,0,-1
2023010428867,2023,010428867,2,9,0,18,19,5,1,0,0,0,0,4,0,0,4,1,6,6,1,53,8,1461,2,6,RENAULT CAPTUR,3,E01000522,0,-1
2023411390921,2023,411390921,1,9,0,9,9,3,1,0,0,6,0,0,0,0,1,1,5,6,1,69,10,898,1,7,RENAULT CAPTUR,7,E01001569,0,-1
2023430406900,2023,430406900,1,9,0,18,19,2,6,0,0,0,0,0,0,0,1,1,6,6,2,45,7,898,1,7,RENAULT CAPTUR,-1,-1,0,-1
2023111322792,2023,111322792,1,9,0,1,1,2,6,0,0,1,0,0,0,0,2,1,6,6,2,30,6,1461,2,4,RENAULT CAPTUR,5,E01020641,0,-1
2023440144482,2023,440144482,2,9,0,10,10,6,4,0,0,1,0,0,0,0,2,1,6,6,2,55,8,1461,2,8,RENAULT CAPTUR,9,E01022582,0,-1
2023991274890,2023,991274890,1,9,0,18,19,7,3,0,0,0,5,0,1,10,1,1,6,6,2,28,6,898,1,4,RENAULT CAPTUR,-1,-1,0,-1
2023010453090,2023,010453090,1,9,0,6,6,1,1,8,6,0,0,11,0,0,3,1,3,7,2,42,7,1461,2,7,RENAULT CAPTUR,1,E01001786,0,-1
2023302300998,2023,302300998,2,9,0,9,9,2,8,0,0,5,0,0,0,0,1,1,6,6,2,63,9,1333,1,2,RENAULT CAPTUR,1,E01033166,0,-1
2023991359199,2023,991359199,2,9,0,3,3,8,2,0,0,1,0,0,1,0,3,1,2,2,1,47,8,999,1,3,RENAULT CAPTUR,9,-1,0,-1
2023041263542,2023,041263542,1,9,0,9,9,3,8,0,0,4,0,0,0,0,1,1,1,1,2,50,8,898,1,4,RENAULT CAPTUR,4,E01024945,0,-1
2023211285729,2023,211285729,1,9,0,18,19,3,7,0,0,0,0,0,0,0,1,1,6,6,1,61,9,1461,2,9,RENAULT CAPTUR,5,E01029645,0,-1
2023041420361,2023,041420361,2,9,0,18,19,1,6,0,0,0,0,0,0,0,3,1,6,6,1,45,7,1461,2,6,RENAULT CAPTUR,7,E01025576,0,-1
202363D013523,2023,63D013523,1,9,0,9,9,8,6,0,0,6,0,0,0,0,1,1,1,1,1,75,10,1461,2,4,RENAULT CAPTUR,2,W01001142,0,-1
2023010458778,2023,010458778,1,9,0,18,19,1,5,0,0,3,0,0,0,0,3,1,1,1,1,32,6,1333,1,2,RENAULT CAPTUR,3,E01002731,0,-1
2023471328258,2023,471328258,1,9,0,7,7,2,3,0,0,2,0,0,0,0,1,1,6,6,1,-1,-1,898,1,6,RENAULT CAPTUR,3,E01016869,0,-1
2023061315275,2023,061315275,1,9,0,9,9,8,6,0,0,1,0,0,0,0,1,1,6,6,3,30,6,1461,2,4,RENAULT CAPTUR,-1,-1,0,-1
2023991313146,2023,991313146,1,9,0,5,5,6,8,0,0,3,0,0,0,0,1,1,1,1,1,65,9,999,1,2,RENAULT CAPTUR,7,-1,0,-1
2023010433819,2023,010433819,2,9,0,99,99,9,9,99,99,9,9,99,9,99,9,9,6,6,3,-1,-1,898,1,5,RENAULT CAPTUR,-1,-1,0,-1
2023010481716,2023,010481716,3,9,0,17,19,5,1,0,0,4,0,0,0,0,1,1,6,6,2,31,6,999,1,0,RENAULT CAPTUR,6,E01023121,0,-1
2023052301208,2023,052301208,2,9,0,18,19,1,5,0,0,0,0,0,1,11,3,1,6,6,2,47,8,1333,1,2,RENAULT CAPTUR,2,E01007125,0,-1
2023231313204,2023,231313204,1,9,0,9,9,5,4,0,0,6,1,0,0,0,3,1,5,6,2,45,7,1198,1,8,RENAULT CAPTUR,8,E01031205,0,-1
2023991272848,2023,991272848,1,9,0,18,19,8,4,0,0,0,0,4,0,0,1,1,5,6,2,39,7,999,1,1,RENAULT CAPTUR,2,-1,0,-1
2023991346555,2023,991346555,1,9,0,18,19,7,3,0,0,2,0,0,0,0,1,1,6,6,1,78,11,1461,2,9,RENAULT CAPTUR,3,-1,0,-1
2023010455461,2023,010455461,1,9,0,4,4,1,5,0,0,1,0,0,0,0,4,1,6,6,2,64,9,1333,1,2,RENAULT CAPTUR,4,E01003409,0,-1
2023552300589,2023,552300589,2,9,0,16,19,2,4,0,0,8,0,0,0,0,3,1,6,6,2,60,9,1461,2,9,RENAULT CAPTUR,6,E01020447,0,-1
2023461339010,2023,461339010,2,9,0,2,2,0,0,9,9,1,0,0,8,0,3,1,6,6,2,75,10,1333,1,4,RENAULT CAPTUR,8,E01024017,0,-1
2023131309743,2023,131309743,1,9,0,17,19,8,7,0,0,8,0,0,0,0,4,1,5,6,1,72,10,1197,1,7,RENAULT CAPTUR,6,E01011108,0,-1
2023430231989,2023,430231989,3,9,0,18,19,3,7,0,0,0,0,0,0,0,1,1,6,6,2,22,5,898,1,5,RENAULT CAPTUR,10,E01016294,0,-1
2023991334048,2023,991334048,2,9,0,18,19,8,4,0,0,0,0,0,0,0,1,1,5,6,1,50,8,1333,1,1,RENAULT CAPTUR,3,-1,0,-1
2023320337345,2023,320337345,2,9,0,18,19,4,8,0,0,8,0,0,0,0,1,1,6,6,2,62,9,1461,2,5,RENAULT CAPTUR,9,E01013194,0,-1
2023302300625,2023,302300625,2,9,0,9,9,2,8,0,0,2,0,0,0,0,3,1,6,6,2,29,6,898,1,5,RENAULT CAPTUR,2,E01019647,0,-1
2023201376942,2023,201376942,1,9,0,18,19,7,3,0,0,0,0,11,0,0,1,1,6,6,2,40,7,1461,2,10,RENAULT CAPTUR,2,E01010404,0,-1
2023010448214,2023,010448214,3,9,0,2,2,0,0,0,0,1,0,0,0,0,1,1,6,6,3,-1,-1,1461,2,8,RENAULT CAPTUR,-1,-1,0,-1
2023010446099,2023,010446099,1,9,0,9,9,5,3,0,0,6,0,0,0,0,1,1,2,2,2,57,9,1197,1,8,RENAULT CAPTUR,9,E01001606,0,-1
2023010425111,2023,010425111,2,9,0,17,19,2,7,0,0,3,0,0,0,0,4,1,6,6,2,24,5,898,1,5,RENAULT CAPTUR,3,E01021300,0,-1
2023010463212,2023,010463212,2,9,0,99,99,9,9,99,99,9,9,99,9,99,9,9,6,6,3,-1,-1,999,1,1,RENAULT CAPTUR,-1,-1,0,-1
2023131350717,2023,131350717,2,9,0,18,19,3,7,0,0,8,0,0,0,0,4,1,5,6,2,36,7,1461,2,4,RENAULT CAPTUR,2,E01011814,0,-1
2023610014023,2023,610014023,3,9,0,18,19,5,1,0,0,8,0,0,0,0,1,1,6,6,1,61,9,1461,2,8,RENAULT CAPTUR,1,W01001381,0,-1
2023031390192,2023,031390192,1,9,0,18,19,1,4,0,0,0,2,0,0,0,1,1,5,6,2,76,11,1333,1,4,RENAULT CAPTUR,-1,-1,0,-1
2023010481441,2023,010481441,1,9,0,99,99,9,9,99,99,9,9,99,9,99,9,9,6,6,2,64,9,898,1,9,RENAULT CAPTUR,4,E01001087,0,-1
2023411288953,2023,411288953,3,9,0,18,19,7,3,0,0,0,1,11,5,0,3,1,5,6,1,61,9,1461,2,7,RENAULT CAPTUR,5,E01024503,0,-1
2023211378655,2023,211378655,3,9,0,4,4,5,1,0,0,0,0,0,0,0,4,1,5,6,1,84,11,1197,1,7,RENAULT CAPTUR,6,E01025168,0,-1
2023010430841,2023,010430841,3,9,0,2,2,0,0,0,0,5,0,0,0,0,2,1,6,6,3,-1,-1,999,1,1,RENAULT CAPTUR,-1,-1,0,-1
2023201424694,2023,201424694,1,9,0,12,12,2,8,0,0,8,5,10,1,0,3,1,6,6,2,32,6,898,1,4,RENAULT CAPTUR,1,E01009611,0,-1
2023311264924,2023,311264924,2,9,0,18,19,7,3,0,0,1,0,0,0,0,3,1,2,2,2,45,7,1461,2,4,RENAULT CAPTUR,-1,-1,0,-1
2023041352212,2023,041352212,2,9,0,18,19,5,1,0,0,0,0,0,0,0,2,1,5,6,2,64,9,1461,2,8,RENAULT CAPTUR,5,E01024969,0,-1
2023991280259,2023,991280259,2,9,0,18,19,7,4,0,0,0,0,0,2,0,1,1,6,6,1,61,9,1461,2,7,RENAULT CAPTUR,-1,-1,0,-1
2023361309737,2023,361309737,2,9,0,4,4,6,2,0,0,0,0,4,0,0,2,1,5,6,1,80,11,1461,2,4,RENAULT CAPTUR,3,E01018090,0,-1
2023161324189,2023,161324189,2,9,0,7,7,1,5,0,0,3,0,0,0,0,4,1,5,6,2,76,11,1461,2,7,RENAULT CAPTUR,6,E01013072,0,-1
2023131365424,2023,131365424,2,9,0,18,19,5,1,0,0,1,0,0,0,0,3,1,5,6,1,60,9,1333,1,1,RENAULT CAPTUR,2,E01011220,0,-1
2023131297261,2023,131297261,1,9,0,18,19,5,1,0,0,1,0,0,0,0,1,1,5,6,1,38,7,1598,8,1,RENAULT CAPTUR,1,E01011345,0,-1
2023061382154,2023,061382154,2,9,0,7,7,4,6,0,0,1,0,0,0,0,2,1,2,2,2,38,7,1461,2,7,RENAULT CAPTUR,8,E01005443,0,-1
2023070205783,2023,070205783,1,9,0,18,19,3,7,0,0,0,0,0,0,0,1,1,6,6,1,66,10,999,1,2,RENAULT CAPTUR,2,E01012429,0,-1
2023351343183,2023,351343183,2,9,0,18,19,8,5,0,0,1,0,0,0,0,1,1,6,6,2,60,9,1461,2,9,RENAULT CAPTUR,5,E01017972,0,-1
2023131350450,2023,131350450,1,9,0,18,19,1,5,0,0,0,0,0,0,0,3,1,2,2,1,64,9,1461,2,5,RENAULT CAPTUR,5,E01010668,0,-1
2023131346993,2023,131346993,2,9,0,10,10,1,5,0,0,0,0,0,0,0,2,1,2,2,1,57,9,1461,2,7,RENAULT CAPTUR,2,E01011866,0,-1