collision_index,collision_year,collision_ref_no,vehicle_reference,vehicle_type,towing_and_articulation,vehicle_manoeuvre_historic,vehicle_manoeuvre,vehicle_direction_from,vehicle_direction_to,vehicle_location_restricted_lane_historic,vehicle_location_restricted_lane,junction_location,skidding_and_overturning,hit_object_in_carriageway,vehicle_leaving_carriageway,hit_object_off_carriageway,first_point_of_impact,vehicle_left_hand_drive,journey_purpose_of_driver_historic,journey_purpose_of_driver,sex_of_driver,age_of_driver,age_band_of_driver,engine_capacity_cc,propulsion_code,age_of_vehicle,generic_make_model,driver_imd_decile,lsoa_of_driver,escooter_flag,driver_distance_banding
2023302301057,2023,302301057,1,9,0,17,19,4,2,0,0,1,0,0,0,0,1,1,6,6,1,55,8,1598,8,1,RENAULT CAPTUR,8,E01019707,0,-1
2023070488111,2023,070488111,1,9,0,13,13,1,7,0,0,8,0,0,0,0,4,1,6,6,2,-1,-1,898,1,7,RENAULT CAPTUR,-1,-1,0,-1
2023361366752,2023,361366752,3,9,0,18,19,6,2,0,0,5,0,0,0,0,1,1,2,2,2,33,6,898,1,7,RENAULT CAPTUR,6,E01026877,0,-1
2023201409773,2023,201409773,1,9,0,18,19,8,4,0,0,1,0,0,0,0,1,1,1,1,2,23,5,1461,2,6,RENAULT CAPTUR,7,E01026005,0,-1
2023052301033,2023,052301033,2,9,0,18,19,1,5,0,0,1,0,0,0,0,1,1,6,6,1,54,8,898,1,5,RENAULT CAPTUR,1,E01006541,0,-1
2023440284831,2023,440284831,2,9,0,5,5,7,3,0,0,0,0,0,0,0,1,1,6,6,1,59,9,1598,8,0,RENAULT CAPTUR,-1,-1,0,-1
2023471373070,2023,471373070,1,9,0,18,19,3,7,0,0,1,0,0,0,0,3,1,5,6,2,37,7,898,1,7,RENAULT CAPTUR,7,E01031567,0,-1
2023421258845,2023,421258845,2,9,0,18,19,7,3,0,0,0,0,0,0,0,1,1,5,6,1,80,11,1461,2,9,RENAULT CAPTUR,8,E01029887,0,-1
2023991309832,2023,991309832,1,9,0,18,19,3,7,0,0,0,1,0,0,0,4,1,6,6,1,30,6,1333,1,3,RENAULT CAPTUR,1,-1,0,-1
2023302300203,2023,302300203,1,9,0,4,4,5,4,0,0,2,0,0,0,0,0,1,6,6,2,21,5,999,1,1,RENAULT CAPTUR,2,E01019441,0,-1
2023991383622,2023,991383622,2,9,0,2,2,1,7,0,0,0,0,0,0,0,1,1,6,6,2,46,8,1333,1,1,RENAULT CAPTUR,1,-1,0,-1
2023302301072,2023,302301072,1,9,0,2,2,0,0,0,0,0,0,0,0,0,4,1,6,6,2,61,9,1461,2,5,RENAULT CAPTUR,7,E01019652,0,-1
2023451365531,2023,451365531,2,9,0,18,19,1,5,0,0,0,0,0,0,0,1,1,5,6,1,85,11,1333,1,3,RENAULT CAPTUR,10,E01030351,0,-1
2023471268516,2023,471268516,1,9,0,18,19,3,7,0,0,0,0,0,0,0,1,1,2,2,1,36,7,1461,2,5,RENAULT CAPTUR,4,E01031453,0,-1
2023201277467,2023,201277467,1,9,0,18,19,8,4,0,0,0,0,0,0,0,1,1,2,2,2,29,6,1461,2,8,RENAULT CAPTUR,8,E01010487,0,-1
2023421323831,2023,421323831,1,9,0,9,9,4,2,0,0,6,0,0,0,0,3,1,6,6,2,56,9,898,1,7,RENAULT CAPTUR,2,E01033588,0,-1
2023522300779,2023,522300779,1,9,0,3,3,6,2,0,0,1,0,0,0,0,2,1,6,6,1,17,4,1461,2,5,RENAULT CAPTUR,8,E01029148,0,-1
2023421363155,2023,421363155,1,9,0,11,11,5,8,0,0,0,2,0,0,0,3,1,2,2,1,48,8,1461,2,10,RENAULT CAPTUR,4,E01021642,0,-1
2023340NN0322,2023,340NN0322,2,9,0,9,9,8,6,0,0,8,1,0,0,0,3,1,6,6,2,47,8,898,1,7,RENAULT CAPTUR,1,E01027131,0,-1
2023211368176,2023,211368176,4,9,0,4,4,7,3,0,0,0,0,0,0,0,1,1,5,6,1,33,6,1461,2,9,RENAULT CAPTUR,10,E01021228,0,-1
2023041307613,2023,041307613,2,9,0,4,4,5,1,0,0,1,0,0,0,0,2,1,5,6,2,49,8,1461,2,8,RENAULT CAPTUR,1,E01012655,0,-1
2023302301864,2023,302301864,1,9,0,4,4,8,4,0,0,1,0,0,1,1,1,1,2,2,1,51,8,1461,2,6,RENAULT CAPTUR,4,E01019800,0,-1
2023361388394,2023,361388394,1,9,0,1,1,3,5,9,9,0,0,0,0,0,2,1,6,6,1,52,8,1598,8,0,RENAULT CAPTUR,7,E01033540,0,-1
2023131341322,2023,131341322,1,9,0,18,19,5,1,0,0,1,0,0,0,0,4,1,5,6,2,51,8,1461,2,9,RENAULT CAPTUR,3,E01011817,0,-1
2023421366935,2023,421366935,2,9,0,12,12,2,7,0,0,0,0,0,0,0,3,1,5,6,1,63,9,1461,2,4,RENAULT CAPTUR,6,E01021334,0,-1
2023430234294,2023,430234294,2,9,0,18,19,5,1,0,0,8,0,0,0,0,4,1,6,6,1,35,6,1461,2,6,RENAULT CAPTUR,7,E01016305,0,-1
2023320541478,2023,320541478,1,9,0,18,19,3,7,0,0,0,0,0,1,9,4,1,6,6,2,70,10,1333,1,3,RENAULT CAPTUR,5,E01026070,0,-1
2023451359483,2023,451359483,2,9,0,5,5,1,5,0,0,8,0,0,0,0,3,1,6,6,2,30,6,1333,1,3,RENAULT CAPTUR,-1,-1,0,-1
2023131386958,2023,131386958,3,9,0,18,19,7,3,0,0,0,0,0,0,0,1,1,6,6,2,34,6,1461,2,8,RENAULT CAPTUR,8,E01033044,0,-1
2023201342305,2023,201342305,1,9,0,5,5,7,3,0,0,6,0,0,0,0,1,1,2,2,2,43,7,1461,2,8,RENAULT CAPTUR,2,E01010315,0,-1
2023991288328,2023,991288328,1,9,0,18,19,7,3,0,0,2,0,0,0,0,1,1,5,6,1,63,9,898,1,4,RENAULT CAPTUR,7,-1,0,-1
2023052302874,2023,052302874,1,9,0,9,9,7,5,0,0,6,0,0,0,0,1,1,6,6,2,40,7,1461,2,9,RENAULT CAPTUR,5,E01006491,0,-1
2023461330458,2023,461330458,1,9,0,18,19,3,7,0,0,0,0,0,0,0,1,1,5,6,1,79,11,1197,1,6,RENAULT CAPTUR,10,E01024443,0,-1
2023622300610,2023,622300610,1,9,0,18,19,8,4,0,0,4,0,0,3,10,1,1,6,6,2,76,11,1461,2,7,RENAULT CAPTUR,2,W01001206,0,-1
2023421334735,2023,421334735,1,9,0,1,1,5,1,0,0,0,0,0,0,0,2,1,5,6,1,58,9,1461,2,5,RENAULT CAPTUR,-1,-1,0,-1
2023371388375,2023,371388375,2,9,0,4,4,1,5,0,0,0,0,0,0,0,2,1,6,6,2,34,6,1461,2,6,RENAULT CAPTUR,4,E01030022,0,-1
2023010422938,2023,010422938,2,9,9,99,99,9,9,99,99,9,9,99,9,99,9,9,6,6,3,-1,-1,1461,2,7,RENAULT CAPTUR,2,E01029177,0,-1
2023161301470,2023,161301470,2,9,0,18,19,8,4,0,0,1,0,0,0,0,1,1,6,6,3,-1,-1,898,1,5,RENAULT CAPTUR,-1,-1,0,-1
2023340NN4092,2023,340NN4092,1,9,0,18,19,7,3,0,0,3,0,0,0,0,3,1,6,6,2,60,9,1598,8,0,RENAULT CAPTUR,5,E01026973,0,-1
2023401303844,2023,401303844,2,9,0,18,19,4,2,0,0,0,0,0,0,0,1,1,6,6,1,32,6,1461,2,8,RENAULT CAPTUR,3,E01017580,0,-1
2023332300445,2023,332300445,2,9,0,9,9,1,6,0,0,6,0,0,0,0,4,1,6,6,2,48,8,1333,1,4,RENAULT CAPTUR,7,E01025652,0,-1
2023440522060,2023,440522060,2,9,0,18,19,7,3,0,0,8,0,0,0,0,1,1,6,6,2,64,9,1333,1,3,RENAULT CAPTUR,7,E01023098,0,-1
2023070419436,2023,070419436,2,9,0,17,19,5,1,0,0,0,0,0,0,0,1,1,6,6,1,68,10,1333,1,2,RENAULT CAPTUR,5,E01018620,0,-1
2023010427965,2023,010427965,2,9,0,18,19,5,1,0,0,2,0,0,1,2,3,1,6,6,2,24,5,898,1,10,RENAULT CAPTUR,5,E01001164,0,-1
2023010441003,2023,010441003,2,9,0,5,5,5,1,0,0,4,0,0,0,0,1,1,6,6,1,56,9,1461,2,7,RENAULT CAPTUR,-1,-1,0,-1
2023421358047,2023,421358047,3,9,0,4,4,7,3,0,0,0,0,0,0,0,2,1,5,6,2,41,7,898,1,5,RENAULT CAPTUR,3,E01021269,0,-1
2023031300918,2023,031300918,1,9,0,18,19,1,5,0,0,0,0,0,0,0,4,1,5,6,1,38,7,898,1,8,RENAULT CAPTUR,-1,-1,0,-1
2023231382732,2023,231382732,1,9,0,18,19,2,6,0,0,0,0,0,0,0,1,1,1,1,1,64,9,1461,2,5,RENAULT CAPTUR,9,E01031125,0,-1
2023461295938,2023,461295938,2,9,0,18,19,4,4,0,0,1,0,0,0,0,4,1,6,6,2,27,6,898,1,5,RENAULT CAPTUR,8,E01033063,0,-1
2023501319846,2023,501319846,2,9,0,18,19,7,3,0,0,1,0,0,0,0,1,1,2,2,1,29,6,1461,2,7,RENAULT CAPTUR,6,E01020178,0,-1
2023231325606,2023,231325606,2,9,0,18,19,3,7,0,0,1,0,0,0,0,4,1,2,2,2,22,5,898,1,5,RENAULT CAPTUR,7,E01010138,0,-1
2023311378642,2023,311378642,1,9,0,18,19,6,2,0,0,1,0,0,0,0,1,1,5,6,1,20,4,898,1,6,RENAULT CAPTUR,7,E01028163,0,-1
2023201420447,2023,201420447,1,9,0,9,9,2,1,0,0,8,0,0,0,0,1,1,6,6,2,53,8,1461,2,9,RENAULT CAPTUR,7,E01029644,0,-1
2023991388111,2023,991388111,1,9,0,18,19,8,4,0,0,0,0,0,7,0,1,1,5,6,2,68,10,1461,2,8,RENAULT CAPTUR,1,-1,0,-1
2023052301660,2023,052301660,1,9,0,9,9,3,7,0,0,8,0,0,0,0,3,1,2,2,2,27,6,898,1,9,RENAULT CAPTUR,5,E01006833,0,-1
2023991302546,2023,991302546,2,9,0,18,19,1,5,0,0,0,0,0,0,0,1,1,5,6,2,64,9,898,1,5,RENAULT CAPTUR,5,-1,0,-1
2023610027223,2023,610027223,1,9,0,16,19,6,1,0,0,0,0,4,0,0,4,1,6,6,2,82,11,898,1,8,RENAULT CAPTUR,-1,-1,0,-1
2023010459063,2023,010459063,1,9,0,18,19,1,5,0,0,1,0,0,0,0,1,1,6,6,2,55,8,898,1,5,RENAULT CAPTUR,4,E01001739,0,-1
2023061300906,2023,061300906,2,9,0,-1,-1,-1,-1,-1,-1,0,-1,-1,-1,0,2,1,5,6,2,33,6,1598,8,2,RENAULT CAPTUR,2,E01004865,0,-1
2023141392794,2023,141392794,3,9,0,18,19,5,1,0,0,0,0,0,0,0,1,1,5,6,1,73,10,1333,1,2,RENAULT CAPTUR,1,E01007372,0,-1
2023122301403,2023,122301403,4,9,0,18,19,1,5,0,0,0,0,1,1,0,1,1,6,6,2,31,6,1461,2,8,RENAULT CAPTUR,2,E01011993,0,-1
2023041361348,2023,041361348,1,9,0,9,9,1,7,0,0,8,0,0,0,0,3,1,6,6,1,63,9,1461,2,6,RENAULT CAPTUR,4,E01012714,0,-1
2023311384286,2023,311384286,2,9,0,18,19,7,3,0,0,0,0,0,0,0,1,1,6,6,2,42,7,898,1,5,RENAULT CAPTUR,2,E01013916,0,-1
2023471378261,2023,471378261,2,9,0,18,19,7,3,0,0,1,0,0,0,0,1,1,5,6,2,21,5,898,1,10,RENAULT CAPTUR,6,E01024054,0,-1
2023340WN4572,2023,340WN4572,2,9,0,18,19,1,5,0,0,8,0,4,0,0,1,1,6,6,2,49,8,1461,2,8,RENAULT CAPTUR,3,E01027188,0,-1
2023991321802,2023,991321802,2,9,0,7,7,7,3,0,0,8,0,0,0,0,1,1,6,6,1,74,10,1461,2,7,RENAULT CAPTUR,3,-1,0,-1
2023201313765,2023,201313765,2,9,0,3,3,6,2,0,0,0,0,0,0,0,2,1,6,6,2,36,7,999,1,1,RENAULT CAPTUR,7,E01029671,0,-1
2023440360975,2023,440360975,1,9,0,9,9,7,5,0,0,5,5,0,0,0,4,1,6,6,2,44,7,999,1,0,RENAULT CAPTUR,9,E01022894,0,-1
2023311267890,2023,311267890,2,9,0,16,19,6,2,0,0,1,0,0,0,0,1,1,5,6,2,23,5,1461,2,9,RENAULT CAPTUR,7,E01028298,0,-1
2023061315355,2023,061315355,1,9,0,9,9,1,7,0,0,1,0,0,0,0,4,1,6,6,3,30,6,898,1,6,RENAULT CAPTUR,-1,-1,0,-1
2023351282314,2023,351282314,1,9,0,18,19,5,1,0,0,8,0,0,0,0,1,1,2,2,1,61,9,898,1,7,RENAULT CAPTUR,10,E01018130,0,-1
2023461349152,2023,461349152,2,9,0,3,3,8,4,0,0,0,0,0,0,0,2,1,6,6,2,72,10,1333,1,4,RENAULT CAPTUR,5,E01004354,0,-1
2023010454716,2023,010454716,1,3,0,18,19,1,5,0,0,1,0,0,0,0,3,1,2,2,1,33,6,125,1,17,-1,6,E01002544,0,-1
2023421362643,2023,421362643,1,2,0,5,5,4,6,0,0,0,0,0,0,0,1,1,5,6,1,48,8,-1,3,5,-1,7,E01021827,0,-1
2023070472249,2023,070472249,2,9,0,7,7,3,7,0,0,1,0,0,0,0,1,1,2,2,1,30,6,1497,1,27,-1,4,W01000401,0,-1
2023991269370,2023,991269370,2,11,0,18,19,3,7,0,0,8,0,0,0,0,4,1,1,1,2,48,8,9186,2,9,-1,4,-1,0,-1
2023522301336,2023,522301336,1,3,0,3,3,3,7,0,0,0,0,0,0,0,1,1,6,6,1,56,9,125,1,8,-1,8,E01014899,0,-1
2023122301181,2023,122301181,1,3,0,4,4,3,7,0,0,0,1,0,0,0,0,1,2,2,1,17,4,125,1,5,-1,9,E01013407,0,-1
2023010445503,2023,010445503,2,3,0,3,3,7,3,0,0,0,0,0,0,0,1,1,2,2,2,52,8,125,1,8,-1,8,E01002945,0,-1
2023471270894,2023,471270894,2,3,0,18,19,7,3,0,0,0,0,0,0,0,3,1,5,6,1,53,8,125,1,5,-1,1,E01020989,0,-1
2023131348147,2023,131348147,2,3,0,14,14,7,3,0,0,8,0,0,0,0,1,1,6,6,1,53,8,124,1,0,-1,8,E01011527,0,-1
2023991294391,2023,991294391,2,3,0,8,8,4,8,0,0,6,0,0,0,0,4,1,5,6,2,31,6,124,1,1,-1,-1,-1,0,-1
2023010463222,2023,010463222,1,5,0,18,19,5,1,0,0,0,0,0,0,0,1,1,6,6,1,58,9,659,1,0,-1,6,E01000582,0,-1
2023010486571,2023,010486571,1,9,0,18,19,3,7,0,0,0,0,0,0,0,1,1,6,6,1,45,7,1995,2,8,BMW 2 SERIES,3,E01004270,0,-1
2023411298395,2023,411298395,2,9,0,18,19,-1,-1,0,0,0,0,0,0,0,2,1,1,1,1,33,6,1995,2,7,BMW 2 SERIES,3,E01000052,0,-1
2023010443561,2023,010443561,2,9,0,4,4,3,7,0,0,2,0,0,0,0,3,1,1,1,2,26,6,1499,1,2,BMW 2 SERIES,-1,-1,0,-1
2023302301100,2023,302301100,1,9,0,1,1,3,7,0,0,0,0,0,0,0,2,1,6,6,1,68,10,1499,1,5,BMW 2 SERIES,3,E01019511,0,-1
2023622300608,2023,622300608,3,9,0,4,4,6,2,0,0,1,0,0,0,0,1,1,6,6,1,41,7,1499,1,0,BMW 2 SERIES,1,E01001714,0,-1
2023471380151,2023,471380151,1,9,0,7,7,5,7,0,0,3,0,0,0,0,1,1,3,7,2,30,6,1499,1,6,BMW 2 SERIES,3,E01031459,0,-1
2023010424953,2023,010424953,1,9,0,18,19,1,5,0,0,1,0,0,0,0,1,1,6,6,3,-1,-1,1499,1,5,BMW 2 SERIES,-1,-1,0,-1
2023351311774,2023,351311774,1,9,0,18,19,3,7,0,0,8,0,0,0,0,4,1,2,2,2,76,11,1499,1,7,BMW 2 SERIES,8,E01018228,0,-1
2023010462221,2023,010462221,2,9,0,18,19,5,1,0,0,0,0,0,0,0,0,1,1,1,2,29,6,1499,1,3,BMW 2 SERIES,3,E01003567,0,-1
2023010422416,2023,010422416,2,9,0,99,99,9,9,99,99,9,9,99,9,99,9,9,6,6,1,47,8,1995,2,8,BMW 2 SERIES,2,E01004524,0,-1
2023311329374,2023,311329374,1,9,0,18,19,1,5,0,0,3,0,0,0,0,1,1,6,6,1,40,7,1995,2,6,BMW 2 SERIES,5,E01027972,0,-1
2023131260585,2023,131260585,2,9,0,18,19,1,1,0,0,2,0,0,0,0,1,1,5,6,2,55,8,1499,8,4,BMW 2 SERIES,6,E01011636,0,-1
2023451317850,2023,451317850,1,9,0,9,9,7,5,0,0,8,0,0,0,0,1,2,5,6,1,42,7,1499,1,4,BMW 2 SERIES,9,E01003892,0,-1
2023031337411,2023,031337411,1,9,0,18,19,5,1,0,0,0,1,0,1,7,1,1,2,2,2,25,5,1499,1,5,BMW 2 SERIES,3,E01019271,0,-1
2023501301419,2023,501301419,1,9,0,15,15,3,7,0,0,2,0,0,0,0,4,1,6,6,1,81,11,1995,2,7,BMW 2 SERIES,8,E01015113,0,-1
2023010459345,2023,010459345,2,9,0,99,99,9,9,99,99,9,9,99,9,99,1,9,6,6,3,-1,-1,1499,1,3,BMW 2 SERIES,-1,-1,0,-1
2023461383364,2023,461383364,5,9,0,4,4,5,1,0,0,0,0,0,0,0,2,1,5,6,1,31,6,1499,1,2,BMW 2 SERIES,10,E01023741,0,-1
2023010429693,2023,010429693,2,9,0,99,99,9,9,99,99,9,9,99,9,99,1,9,6,6,3,60,9,1499,1,6,BMW 2 SERIES,5,E01002739,0,-1
2023991317932,2023,991317932,1,9,0,18,19,8,4,0,0,1,0,0,0,0,1,1,1,1,2,39,7,1995,2,6,BMW 2 SERIES,1,-1,0,-1
2023131277884,2023,131277884,1,9,0,-1,-1,-1,-1,-1,-1,0,-1,-1,-1,-1,-1,1,6,6,3,-1,-1,1995,2,7,BMW 2 SERIES,-1,-1,0,-1
2023010438914,2023,010438914,1,9,0,99,99,9,9,99,99,9,9,99,9,99,1,9,6,6,3,-1,-1,1499,1,4,BMW 2 SERIES,-1,-1,0,-1
2023070193618,2023,070193618,1,9,0,9,9,1,7,0,0,5,0,0,0,0,1,1,2,2,2,51,8,1995,2,7,BMW 2 SERIES,1,E01018445,0,-1
2023010481109,2023,010481109,1,9,0,7,7,5,8,0,0,6,0,0,0,0,2,1,2,2,2,42,7,1499,1,7,BMW 2 SERIES,3,E01004633,0,-1
2023361339253,2023,361339253,2,9,0,3,3,3,7,0,0,0,0,0,0,0,2,1,5,6,1,60,9,1499,1,7,BMW 2 SERIES,7,E01026672,0,-1
2023421393761,2023,421393761,1,9,0,5,5,5,1,0,0,0,0,0,0,0,1,1,5,6,1,42,7,1499,1,4,BMW 2 SERIES,5,E01021329,0,-1
2023311302440,2023,311302440,1,9,0,7,7,7,5,0,0,2,0,0,0,0,3,1,6,6,2,39,7,1995,2,8,BMW 2 SERIES,7,E01028004,0,-1
2023010437117,2023,010437117,1,9,0,9,9,3,1,0,0,1,0,0,0,0,1,1,6,6,1,53,8,1499,1,4,BMW 2 SERIES,6,E01000324,0,-1
2023411364990,2023,411364990,1,9,0,9,9,-1,-1,0,0,8,0,0,0,0,0,1,3,7,2,49,8,1499,1,5,BMW 2 SERIES,8,E01023729,0,-1
2023010436428,2023,010436428,2,9,0,18,19,8,4,0,0,0,0,0,0,0,3,1,6,6,1,-1,-1,1499,1,8,BMW 2 SERIES,-1,-1,0,-1
2023610033823,2023,610033823,1,9,0,18,19,3,6,0,0,7,0,0,0,0,1,1,6,6,1,19,4,1499,1,7,BMW 2 SERIES,-1,-1,0,-1
2023010474910,2023,010474910,1,9,0,3,3,7,3,0,0,3,0,0,0,0,1,1,1,1,1,32,6,1499,1,3,BMW 2 SERIES,2,E01001215,0,-1
2023141282015,2023,141282015,1,9,0,18,19,8,8,0,0,1,0,0,0,0,1,1,5,6,1,61,9,1995,2,3,BMW 2 SERIES,7,E01007700,0,-1
2023201425719,2023,201425719,2,9,0,18,19,4,8,0,0,1,0,0,0,0,1,1,6,6,1,30,6,1998,1,3,BMW 2 SERIES,2,E01010531,0,-1
2023010480851,2023,010480851,1,9,0,18,19,1,5,0,0,0,0,0,0,0,0,1,6,6,2,55,8,1499,1,1,BMW 2 SERIES,1,E01000601,0,-1
2023361348445,2023,361348445,1,9,0,18,19,1,5,0,0,1,0,0,0,0,1,1,5,6,1,49,8,1998,1,6,BMW 2 SERIES,6,E01002005,0,-1
2023061367202,2023,061367202,1,9,0,18,19,3,7,0,0,4,0,0,0,0,1,1,5,6,2,38,7,1499,1,4,BMW 2 SERIES,9,E01005713,0,-1
2023440325514,2023,440325514,2,9,0,18,19,4,8,0,0,6,0,0,0,0,1,1,6,6,1,-1,-1,1499,1,3,BMW 2 SERIES,-1,-1,0,-1
2023430272764,2023,430272764,2,9,0,10,10,4,2,0,0,1,0,0,0,0,2,1,6,6,1,40,7,1995,2,7,BMW 2 SERIES,9,E01030690,0,-1
2023332300874,2023,332300874,2,9,0,2,2,0,0,0,0,0,0,0,0,0,1,1,6,6,1,33,6,1496,2,6,BMW 2 SERIES,-1,-1,0,-1
2023610033623,2023,610033623,1,9,0,3,3,4,8,0,0,1,0,0,0,0,2,1,6,6,2,46,8,1499,1,6,BMW 2 SERIES,10,W01001574,0,-1
2023010420375,2023,010420375,2,9,0,4,4,7,3,0,0,1,0,0,0,0,0,1,1,1,1,47,8,1499,1,3,BMW 2 SERIES,7,E01003456,0,-1
2023531379311,2023,531379311,1,9,0,18,19,8,4,0,0,8,0,0,0,0,3,1,2,2,2,39,7,1499,8,5,BMW 2 SERIES,9,E01022422,0,-1
2023122301230,2023,122301230,2,9,0,2,2,0,0,0,0,0,0,0,0,0,3,1,6,6,2,28,6,1995,2,8,BMW 2 SERIES,4,E01012990,0,-1
2023010421942,2023,010421942,2,9,0,6,6,3,3,0,0,8,0,0,0,0,3,1,6,6,1,39,7,1995,2,8,BMW 2 SERIES,6,E01002609,0,-1
2023010434010,2023,010434010,2,9,0,10,10,4,1,0,0,1,0,0,0,0,2,1,1,1,1,38,7,1499,1,3,BMW 2 SERIES,5,E01033573,0,-1
2023010475794,2023,010475794,3,9,0,17,19,6,2,0,0,0,0,0,0,0,0,1,6,6,1,60,9,1499,1,5,BMW 2 SERIES,3,E01001045,0,-1
2023010484196,2023,010484196,2,9,0,99,99,9,9,99,99,9,9,99,9,99,9,9,6,6,3,-1,-1,1499,1,3,BMW 2 SERIES,-1,-1,0,-1
2023010426720,2023,010426720,2,9,0,99,99,9,9,99,99,9,9,99,9,99,1,9,6,6,1,21,5,1499,1,3,BMW 2 SERIES,4,E01001180,0,-1
2023552301282,2023,552301282,1,9,0,9,9,5,3,0,0,8,0,0,0,0,4,1,6,6,2,49,8,1499,1,8,BMW 2 SERIES,10,E01015459,0,-1
2023010456177,2023,010456177,1,9,0,99,99,9,9,99,99,9,9,99,9,99,2,9,2,2,1,30,6,1995,2,5,BMW 2 SERIES,5,E01001095,0,-1
2023471294733,2023,471294733,1,9,0,16,19,7,2,0,0,0,0,0,0,0,1,1,6,6,1,75,10,1499,1,8,BMW 2 SERIES,10,E01021219,0,-1
2023122300912,2023,122300912,3,9,0,18,19,7,3,0,0,0,0,0,0,0,2,1,6,6,2,63,9,1995,2,4,BMW 2 SERIES,10,-1,0,-1
2023010462366,2023,010462366,2,9,0,4,4,1,5,0,0,1,0,0,0,0,1,1,6,6,1,56,9,1499,8,4,BMW 2 SERIES,8,E01000230,0,-1
2023010460469,2023,010460469,2,9,9,99,99,9,9,99,99,0,9,99,9,99,9,9,6,6,2,52,8,1995,2,8,BMW 2 SERIES,5,E01000067,0,-1
2023161351993,2023,161351993,1,9,0,4,4,1,1,9,9,1,0,0,0,0,1,1,2,2,2,57,9,1499,1,4,BMW 2 SERIES,7,E01013186,0,-1
202360A191803,2023,60A191803,1,9,0,18,19,6,2,0,0,0,0,0,1,9,1,1,6,6,2,77,11,1995,2,6,BMW 2 SERIES,-1,-1,0,-1
2023041300788,2023,041300788,1,9,0,16,19,7,3,0,0,0,0,0,0,0,1,1,5,6,1,29,6,1998,1,5,BMW 2 SERIES,1,E01033226,0,-1
2023010470906,2023,010470906,1,9,0,99,99,9,9,99,99,0,9,99,9,99,9,9,6,6,2,29,6,1499,1,2,BMW 2 SERIES,5,E01003790,0,-1
2023501271152,2023,501271152,2,9,0,18,19,1,6,0,0,1,0,0,0,0,3,1,5,6,1,63,9,1995,2,7,BMW 2 SERIES,7,E01019948,0,-1
2023320290498,2023,320290498,2,9,0,18,19,5,1,0,0,4,0,0,0,0,4,1,6,6,1,25,5,1499,1,2,BMW 2 SERIES,3,E01020787,0,-1
2023991313241,2023,991313241,1,9,0,12,12,3,7,0,0,0,0,0,0,0,0,1,6,6,1,22,5,1995,2,8,BMW 2 SERIES,7,-1,0,-1
2023320508024,2023,320508024,2,9,0,3,3,6,2,0,0,4,0,0,0,0,2,1,6,6,1,59,9,1499,8,0,BMW 2 SERIES,10,E01026413,0,-1
2023421289538,2023,421289538,2,9,0,10,10,8,4,0,0,1,0,0,0,0,2,1,5,6,2,37,7,1995,2,5,BMW 2 SERIES,9,E01021724,0,-1
2023070304047,2023,070304047,3,9,0,4,4,7,3,0,0,0,0,0,0,0,1,1,6,6,1,-1,-1,1995,2,9,BMW 2 SERIES,-1,-1,0,-1
2023161284682,2023,161284682,1,9,0,2,2,0,0,0,0,2,0,0,0,0,3,1,6,6,3,-1,-1,1499,1,5,BMW 2 SERIES,-1,-1,0,-1
2023010441088,2023,010441088,2,9,0,18,19,1,5,0,0,0,0,0,0,0,1,1,6,6,2,36,7,1499,1,2,BMW 2 SERIES,4,E01000722,0,-1
2023010422198,2023,010422198,1,9,0,99,99,9,9,99,99,0,9,99,9,99,1,9,6,6,2,21,5,1995,2,7,BMW 2 SERIES,3,E01004020,0,-1
2023131319380,2023,131319380,1,9,0,18,19,5,1,0,0,0,0,0,0,0,4,1,5,6,1,52,8,1995,2,3,BMW 2 SERIES,3,E01011851,0,-1
2023461320446,2023,461320446,1,9,0,17,19,8,5,0,0,1,0,0,0,0,3,1,6,6,2,38,7,1995,2,8,BMW 2 SERIES,4,E01024587,0,-1
2023010428650,2023,010428650,1,9,0,11,11,1,5,0,0,1,0,0,0,0,1,1,6,6,1,38,7,1995,2,8,BMW 2 SERIES,2,E01002310,0,-1
2023201371508,2023,201371508,3,9,0,2,2,0,0,0,0,0,0,0,0,0,3,1,6,6,3,-1,-1,1499,1,5,BMW 2 SERIES,-1,-1,0,-1
2023070103235,2023,070103235,1,9,0,18,19,3,7,0,0,0,5,0,7,11,3,1,6,6,1,33,6,1998,8,1,BMW 2 SERIES,10,E01012447,0,-1
2023010467910,2023,010467910,2,9,5,18,19,7,3,0,0,5,0,0,0,0,3,1,6,6,1,33,6,1499,1,0,BMW 2 SERIES,-1,-1,0,-1
2023010467686,2023,010467686,1,9,0,3,3,3,7,0,0,1,0,0,0,0,1,1,1,1,1,53,8,1499,1,3,BMW 2 SERIES,3,E01003221,0,-1
2023010461394,2023,010461394,1,9,0,7,7,5,6,0,0,5,0,0,0,0,4,1,6,6,1,42,7,1499,1,8,BMW 2 SERIES,6,E01004151,0,-1
2023141362186,2023,141362186,1,9,0,18,19,5,8,0,0,0,0,0,0,0,1,1,6,6,1,-1,-1,1499,1,6,BMW 2 SERIES,10,E01007929,0,-1
2023131296666,2023,131296666,3,9,0,18,19,1,5,0,0,0,0,0,0,0,2,1,5,6,1,60,9,1998,1,5,BMW 2 SERIES,7,E01027279,0,-1
2023010452928,2023,010452928,1,9,9,99,99,9,9,99,99,9,9,99,9,99,9,9,6,6,3,50,8,1995,2,5,BMW 2 SERIES,10,E01004599,0,-1