collision_index,collision_year,collision_ref_no,vehicle_reference,vehicle_type,towing_and_articulation,vehicle_manoeuvre_historic,vehicle_manoeuvre,vehicle_direction_from,vehicle_direction_to,vehicle_location_restricted_lane_historic,vehicle_location_restricted_lane,junction_location,skidding_and_overturning,hit_object_in_carriageway,vehicle_leaving_carriageway,hit_object_off_carriageway,first_point_of_impact,vehicle_left_hand_drive,journey_purpose_of_driver_historic,journey_purpose_of_driver,sex_of_driver,age_of_driver,age_band_of_driver,engine_capacity_cc,propulsion_code,age_of_vehicle,generic_make_model,driver_imd_decile,lsoa_of_driver,escooter_flag,driver_distance_banding
2023211291459,2023,211291459,1,9,0,7,7,4,6,0,0,0,0,0,0,0,1,1,2,2,2,29,6,1496,2,5,BMW 2 SERIES,6,E01010549,0,-1
2023101347137,2023,101347137,1,9,0,18,19,6,6,0,0,2,0,0,0,0,1,1,6,6,2,26,6,1995,2,5,BMW 2 SERIES,3,E01008337,0,-1
2023010432234,2023,010432234,1,9,0,9,9,3,2,0,0,5,0,0,0,0,3,1,6,6,1,32,6,1998,1,4,BMW 2 SERIES,4,E01001230,0,-1
2023010430334,2023,010430334,2,9,0,18,19,6,2,0,0,1,1,0,0,0,1,1,1,1,1,32,6,1499,1,3,BMW 2 SERIES,8,E01003897,0,-1
2023010438787,2023,010438787,1,9,0,9,9,3,1,0,0,6,0,0,0,0,1,1,6,6,2,57,9,1499,1,6,BMW 2 SERIES,2,E01003920,0,-1
2023451353321,2023,451353321,3,9,0,16,19,7,7,0,0,0,0,0,0,0,4,1,5,6,1,45,7,1995,2,7,BMW 2 SERIES,10,E01030525,0,-1
2023041296818,2023,041296818,1,9,0,18,19,3,7,0,0,0,5,0,5,0,4,1,2,2,1,48,8,1995,2,6,BMW 2 SERIES,5,E01025239,0,-1
2023010432053,2023,010432053,1,9,0,9,9,1,7,0,0,8,0,0,0,0,1,1,6,6,2,44,7,1499,1,2,BMW 2 SERIES,2,E01003594,0,-1
2023010431676,2023,010431676,1,9,0,99,99,9,9,99,99,0,9,99,9,99,2,9,6,6,2,31,6,1995,2,7,BMW 2 SERIES,3,E01016036,0,-1
2023010477161,2023,010477161,3,9,0,18,19,3,7,0,0,0,0,4,0,0,2,1,6,6,2,32,6,1499,1,3,BMW 2 SERIES,-1,-1,0,-1
2023010438445,2023,010438445,2,9,0,99,99,9,9,99,99,9,9,99,9,99,9,9,6,6,3,-1,-1,1499,1,4,BMW 2 SERIES,-1,-1,0,-1
2023010479789,2023,010479789,1,9,0,2,2,0,0,2,2,2,0,0,0,0,0,1,6,6,3,-1,-1,1499,1,5,BMW 2 SERIES,-1,-1,0,-1
2023302300637,2023,302300637,1,9,0,18,19,4,8,0,0,4,0,0,0,0,1,1,6,6,2,-1,-1,1995,2,8,BMW 2 SERIES,-1,-1,0,-1
2023440292343,2023,440292343,1,9,0,18,19,3,7,0,0,1,0,0,0,0,1,1,6,6,1,46,8,1499,1,5,BMW 2 SERIES,9,E01032753,0,-1
2023061363977,2023,061363977,2,9,0,18,19,3,7,0,0,8,0,0,0,0,1,1,5,6,1,34,6,1499,1,0,BMW 2 SERIES,6,E01005069,0,-1
2023010463625,2023,010463625,1,9,0,3,3,3,7,0,0,5,0,0,1,0,2,1,6,6,1,26,6,1995,2,4,BMW 2 SERIES,3,E01004540,0,-1
2023131298102,2023,131298102,2,9,0,18,19,1,7,0,0,8,0,0,0,0,1,1,6,6,1,61,9,1995,2,7,BMW 2 SERIES,3,E01011234,0,-1
2023332300829,2023,332300829,2,9,0,9,9,8,6,0,0,6,0,0,0,0,3,1,6,6,1,20,4,1995,2,8,BMW 2 SERIES,1,E01013727,0,-1
2023421276186,2023,421276186,1,9,0,18,19,7,3,0,0,1,0,0,0,0,4,1,6,6,2,31,6,1995,2,8,BMW 2 SERIES,6,E01021535,0,-1
2023340NN1102,2023,340NN1102,4,9,0,2,2,0,0,9,9,2,0,4,0,0,2,1,6,6,3,-1,-1,1499,1,3,BMW 2 SERIES,-1,-1,0,-1
2023451280276,2023,451280276,1,9,0,3,3,6,5,0,0,8,0,0,0,0,2,1,2,2,2,28,6,1995,2,8,BMW 2 SERIES,5,E01016554,0,-1
2023471327758,2023,471327758,2,9,0,2,2,1,3,0,0,1,0,0,0,0,3,1,5,6,1,35,6,1995,2,6,BMW 2 SERIES,9,E01016940,0,-1
2023010478384,2023,010478384,1,9,0,99,99,9,9,99,99,9,9,99,9,99,9,9,6,6,1,53,8,1499,1,8,BMW 2 SERIES,7,E01003039,0,-1
2023010452520,2023,010452520,1,9,0,4,4,3,7,0,0,2,0,0,0,0,0,1,1,1,1,33,6,1499,1,5,BMW 2 SERIES,3,E01002030,0,-1
2023010442183,2023,010442183,2,9,0,99,99,9,9,99,99,9,9,99,9,99,1,9,6,6,3,-1,-1,1995,2,6,BMW 2 SERIES,9,E01000656,0,-1
2023101302472,2023,101302472,2,9,0,18,19,5,1,0,0,8,0,0,0,0,1,1,5,6,2,48,8,1995,2,7,BMW 2 SERIES,4,E01008202,0,-1
2023010446416,2023,010446416,1,9,0,9,9,5,3,0,0,8,0,0,0,0,1,1,6,6,1,66,10,1995,2,7,BMW 2 SERIES,9,E01002929,0,-1
2023552300782,2023,552300782,1,9,0,7,7,8,2,0,0,5,0,0,0,0,3,1,6,6,1,38,7,1995,2,6,BMW 2 SERIES,9,E01020419,0,-1
2023440502268,2023,440502268,1,9,0,10,10,1,5,0,0,1,0,0,0,0,1,1,6,6,2,76,11,1499,1,6,BMW 2 SERIES,10,E01022596,0,-1
2023010429765,2023,010429765,1,9,0,3,3,3,7,0,0,0,0,0,0,0,2,1,1,1,1,25,5,1499,1,4,BMW 2 SERIES,3,E01001045,0,-1
2023201370867,2023,201370867,2,9,0,9,9,6,4,0,0,1,0,0,0,0,3,1,6,6,2,31,6,1995,2,6,BMW 2 SERIES,2,E01009985,0,-1
2023401374291,2023,401374291,1,9,0,5,5,1,2,0,0,1,0,0,0,0,1,1,2,2,1,26,6,1995,2,5,BMW 2 SERIES,2,E01015774,0,-1
2023010483763,2023,010483763,1,9,0,99,99,9,9,99,99,9,9,99,9,99,2,1,6,6,2,38,7,1499,1,4,BMW 2 SERIES,1,E01002852,0,-1
2023010450113,2023,010450113,1,9,0,99,99,9,9,99,99,0,9,99,9,99,3,9,6,6,1,32,6,1499,1,0,BMW 2 SERIES,2,E01001218,0,-1
2023440332192,2023,440332192,2,9,0,10,10,5,3,0,0,1,0,0,0,0,3,1,6,6,1,63,9,1499,1,6,BMW 2 SERIES,10,E01022954,0,-1
2023320552269,2023,320552269,3,9,0,2,2,0,0,0,0,0,0,0,0,0,2,1,6,6,3,-1,-1,1995,2,8,BMW 2 SERIES,-1,-1,0,-1
2023010451273,2023,010451273,1,9,0,18,19,5,1,0,0,1,1,10,7,2,1,1,6,6,1,26,6,1995,2,9,BMW 2 SERIES,2,E01001014,0,-1
2023010478261,2023,010478261,1,9,0,18,19,1,5,0,0,8,0,0,0,0,0,1,2,2,2,50,8,1499,1,6,BMW 2 SERIES,3,E01002407,0,-1
2023010476400,2023,010476400,1,9,0,99,99,9,9,99,99,9,9,99,9,99,9,9,6,6,2,53,8,1499,1,4,BMW 2 SERIES,5,E01002229,0,-1
2023461374972,2023,461374972,2,9,0,4,4,5,4,0,0,0,0,0,0,0,2,1,5,6,2,56,9,1998,1,5,BMW 2 SERIES,9,E01016172,0,-1
2023548610023,2023,548610023,4,9,0,4,4,8,4,0,0,0,0,0,0,0,2,1,6,6,3,57,9,1998,1,5,BMW 2 SERIES,6,E01032027,0,-1
2023201278190,2023,201278190,2,9,0,3,3,7,3,0,0,0,0,0,0,0,1,1,6,6,2,52,8,1995,2,5,BMW 2 SERIES,6,E01010132,0,-1
2023161263336,2023,161263336,2,9,0,16,19,6,1,0,0,2,0,0,0,0,1,1,6,6,1,72,10,1995,2,9,BMW 2 SERIES,-1,-1,0,-1
2023010459277,2023,010459277,3,9,0,2,2,0,0,2,2,8,0,0,0,0,2,1,6,6,3,-1,-1,1998,1,4,BMW 2 SERIES,-1,-1,0,-1
2023411289947,2023,411289947,2,9,0,18,19,3,7,0,0,1,0,0,0,0,4,1,1,1,2,61,9,1499,1,6,BMW 2 SERIES,10,E01023289,0,-1
2023010472957,2023,010472957,2,9,0,99,99,9,9,99,99,9,9,99,9,99,9,9,6,6,1,52,8,1499,1,5,BMW 2 SERIES,5,E01001348,0,-1
2023010437264,2023,010437264,3,9,0,8,8,7,2,0,0,1,0,0,0,0,0,1,1,1,1,29,6,1499,1,5,BMW 2 SERIES,4,E01001247,0,-1
2023311365732,2023,311365732,2,9,0,13,13,1,2,0,0,0,0,0,0,0,4,1,6,6,1,-1,-1,1995,2,8,BMW 2 SERIES,-1,-1,0,-1
2023421389100,2023,421389100,3,9,0,3,3,6,2,0,0,1,0,0,0,0,1,1,5,6,2,25,5,1499,1,4,BMW 2 SERIES,6,E01021769,0,-1
2023201342123,2023,201342123,1,9,0,18,19,2,6,0,0,1,0,0,0,0,3,1,6,6,1,60,9,1995,2,5,BMW 2 SERIES,7,E01029673,0,-1
2023010473187,2023,010473187,3,9,0,3,3,2,6,0,0,0,0,0,0,0,0,1,1,1,2,27,6,1499,1,5,BMW 2 SERIES,5,E01003701,0,-1
2023430238225,2023,430238225,2,9,0,3,3,6,2,0,0,1,0,0,0,0,2,1,2,2,1,37,7,1995,2,7,BMW 2 SERIES,2,E01017531,0,-1
2023161295321,2023,161295321,1,9,0,5,5,5,1,0,0,8,0,0,0,0,1,1,5,6,1,50,8,1499,1,5,BMW 2 SERIES,8,E01013262,0,-1
2023010446749,2023,010446749,1,9,0,1,1,1,5,9,9,6,0,11,0,0,2,1,1,1,1,24,5,1499,1,4,BMW 2 SERIES,-1,-1,0,-1
2023522301089,2023,522301089,2,9,0,3,3,2,6,0,0,8,0,0,0,0,2,1,6,6,2,57,9,1499,1,4,BMW 2 SERIES,2,E01028008,0,-1
2023471317202,2023,471317202,1,9,0,16,19,2,6,0,0,0,0,0,7,10,1,1,5,6,2,58,9,1995,2,8,BMW 2 SERIES,6,E01031465,0,-1
2023010444780,2023,010444780,1,9,0,18,19,7,3,0,0,1,0,0,0,0,1,1,6,6,2,41,7,1499,1,2,BMW 2 SERIES,-1,-1,0,-1
2023451326504,2023,451326504,1,9,0,18,19,7,3,0,0,0,1,0,5,0,3,1,2,2,1,43,7,1499,1,5,BMW 2 SERIES,9,E01031704,0,-1
2023010419183,2023,010419183,3,9,0,8,8,7,1,0,0,1,0,0,0,0,1,1,6,6,1,42,7,1998,1,4,BMW 2 SERIES,4,E01001686,0,-1
2023622300997,2023,622300997,1,9,0,18,19,2,6,0,0,0,0,0,0,0,1,1,6,6,2,31,6,1499,1,3,BMW 2 SERIES,2,W01001601,0,-1
2023522400208,2023,522400208,1,9,0,18,19,1,5,0,0,0,0,0,0,0,4,1,6,6,1,28,6,1499,1,7,BMW 2 SERIES,3,E01014515,0,-1
2023010486401,2023,010486401,2,9,0,18,19,7,3,0,0,8,0,0,0,0,1,1,6,6,2,48,8,1995,2,8,BMW 2 SERIES,3,E01001728,0,-1
2023010441547,2023,010441547,1,9,0,9,9,5,3,0,0,6,0,0,0,0,1,1,1,1,1,33,6,1499,1,6,BMW 2 SERIES,8,E01000447,0,-1
2023131353276,2023,131353276,2,9,0,16,19,1,5,0,0,8,0,0,0,0,1,1,6,6,2,49,8,1995,2,7,BMW 2 SERIES,9,E01011568,0,-1
2023010433256,2023,010433256,1,9,0,9,9,5,2,0,0,5,0,0,0,0,0,1,1,1,1,25,5,1499,1,6,BMW 2 SERIES,4,E01001247,0,-1
2023010460429,2023,010460429,1,9,0,18,19,1,5,0,0,8,0,0,0,0,1,1,1,1,1,31,6,1499,1,3,BMW 2 SERIES,5,E01033573,0,-1
2023061391066,2023,061391066,1,9,0,18,19,7,3,0,0,8,0,0,0,0,1,1,2,2,2,35,6,1499,1,5,BMW 2 SERIES,3,E01004867,0,-1
2023010464288,2023,010464288,3,9,0,18,19,5,1,0,0,0,0,0,0,0,1,1,6,6,1,51,8,1995,2,5,BMW 2 SERIES,3,E01004189,0,-1
2023411395050,2023,411395050,1,9,0,18,19,5,1,0,0,0,0,0,0,0,2,1,3,7,2,48,8,1499,1,8,BMW 2 SERIES,8,E01023311,0,-1
2023421307125,2023,421307125,1,9,0,18,19,7,3,0,0,0,0,0,1,7,4,1,2,2,1,50,8,1499,1,8,BMW 2 SERIES,8,E01021350,0,-1
2023010435103,2023,010435103,1,9,0,3,3,1,5,0,0,1,0,0,0,0,1,1,1,1,2,35,6,1499,1,7,BMW 2 SERIES,8,E01000177,0,-1
2023451322712,2023,451322712,1,9,0,18,19,5,1,0,0,4,0,0,0,0,2,1,5,6,2,35,6,1499,1,7,BMW 2 SERIES,10,E01030338,0,-1
2023471272576,2023,471272576,2,9,0,4,4,6,2,0,0,0,0,12,0,0,2,1,2,2,2,33,6,1496,2,6,BMW 2 SERIES,-1,-1,0,-1
2023430253936,2023,430253936,2,9,0,3,3,4,8,0,0,1,0,0,0,0,2,1,6,6,2,36,7,1496,2,8,BMW 2 SERIES,2,E01016741,0,-1
2023361324939,2023,361324939,2,9,0,4,4,8,5,0,0,0,0,0,0,0,1,1,5,6,1,23,5,1499,1,7,BMW 2 SERIES,7,E01026723,0,-1
2023010419678,2023,010419678,2,9,0,18,19,3,7,0,0,3,0,0,0,0,1,1,1,1,1,27,6,1499,1,3,BMW 2 SERIES,4,E01021817,0,-1
2023451381737,2023,451381737,1,9,0,18,19,7,3,0,0,3,0,0,0,0,2,1,6,6,1,38,7,1499,8,5,BMW 2 SERIES,8,E01030722,0,-1
2023031324829,2023,031324829,1,9,0,9,9,4,2,0,0,8,0,0,0,0,3,1,5,6,1,29,6,1995,2,7,BMW 2 SERIES,3,E01008594,0,-1
2023010468735,2023,010468735,1,9,0,9,9,1,6,0,0,6,0,0,0,0,1,1,3,7,2,46,8,1998,1,5,BMW 2 SERIES,5,E01000824,0,-1
2023430388207,2023,430388207,2,9,0,18,19,4,8,0,0,0,0,0,0,0,1,1,6,6,2,36,7,1499,1,8,BMW 2 SERIES,8,E01033519,0,-1
2023010460708,2023,010460708,2,9,0,99,99,9,9,99,99,9,9,99,9,99,1,9,6,6,3,-1,-1,1997,1,8,BMW 2 SERIES,-1,-1,0,-1
2023041263144,2023,041263144,1,9,0,5,5,7,5,0,0,6,0,0,0,0,3,1,3,7,2,63,9,1995,2,8,BMW 2 SERIES,7,E01025005,0,-1
2023430161799,2023,430161799,2,9,0,3,3,8,4,0,0,1,0,0,0,0,2,1,6,6,2,33,6,1499,8,1,BMW 2 SERIES,5,E01028530,0,-1
2023221325775,2023,221325775,1,9,0,4,4,1,5,0,0,0,0,0,0,0,2,1,5,6,1,64,9,1995,2,6,BMW 2 SERIES,5,E01028869,0,-1
2023371357624,2023,371357624,2,9,0,18,19,7,5,0,0,1,0,0,3,0,1,1,5,6,1,59,9,1499,1,3,BMW 2 SERIES,5,E01032526,0,-1
2023010446159,2023,010446159,2,9,0,99,99,9,9,99,99,9,9,99,9,99,2,9,6,6,3,-1,-1,1499,1,7,BMW 2 SERIES,-1,-1,0,-1
2023041322924,2023,041322924,2,9,0,9,9,3,7,0,0,5,0,0,0,0,2,1,2,2,1,56,9,1995,2,7,BMW 2 SERIES,7,E01025279,0,-1
2023010437863,2023,010437863,2,9,0,99,99,9,9,99,99,9,9,99,9,99,2,9,6,6,3,-1,-1,1998,1,4,BMW 2 SERIES,-1,-1,0,-1
2023010419373,2023,010419373,1,9,0,99,99,9,9,99,99,9,9,99,9,99,9,9,6,6,2,27,6,1499,1,2,BMW 2 SERIES,5,E01023867,0,-1
2023430251732,2023,430251732,2,9,0,9,9,1,7,0,0,5,0,0,0,0,4,1,1,1,1,39,7,1499,1,5,BMW 2 SERIES,2,E01028435,0,-1
2023010459275,2023,010459275,1,9,0,4,4,7,3,0,0,8,0,0,0,0,2,1,1,1,1,30,6,1499,1,3,BMW 2 SERIES,4,E01001898,0,-1
2023411271363,2023,411271363,1,9,0,9,9,7,5,0,0,1,0,0,0,0,1,1,5,6,2,31,6,1499,1,4,BMW 2 SERIES,6,E01023787,0,-1
2023371374765,2023,371374765,2,9,0,18,19,2,4,0,0,0,0,0,0,0,1,1,6,6,2,36,7,1995,2,7,BMW 2 SERIES,9,E01030238,0,-1
2023471388385,2023,471388385,3,9,0,18,19,3,7,0,0,0,0,0,0,0,2,1,2,2,1,32,6,1998,1,1,BMW 2 SERIES,2,E01017119,0,-1
2023411297452,2023,411297452,3,9,0,18,19,5,1,0,0,0,0,0,0,0,4,1,5,6,1,32,6,1499,8,4,BMW 2 SERIES,2,E01001560,0,-1
202354B889323,2023,54B889323,1,9,0,5,5,2,6,0,0,8,0,0,0,0,1,1,6,6,2,77,11,1998,1,3,BMW 2 SERIES,6,E01031971,0,-1
2023320236791,2023,320236791,2,9,0,18,19,6,2,0,0,8,0,0,0,0,1,1,2,2,1,45,7,1499,1,2,BMW 2 SERIES,3,E01026036,0,-1
2023221301530,2023,221301530,1,9,0,7,7,3,5,0,0,6,0,0,0,0,1,1,6,6,1,64,9,1496,2,5,BMW 2 SERIES,2,E01032234,0,-1
2023201287692,2023,201287692,1,9,0,9,9,6,4,0,0,5,0,0,0,0,1,1,1,1,1,26,6,1499,1,3,BMW 2 SERIES,7,E01010157,0,-1
2023010447613,2023,010447613,2,9,0,2,2,0,0,0,0,2,0,0,0,0,4,1,6,6,3,-1,-1,1995,2,7,BMW 2 SERIES,-1,-1,0,-1
2023041362867,2023,041362867,2,9,0,18,19,5,3,0,0,1,0,0,7,0,3,1,5,6,1,76,11,1499,1,3,BMW 2 SERIES,-1,-1,0,-1
2023991289903,2023,991289903,1,9,0,18,19,4,8,0,0,0,0,0,0,0,1,1,5,6,2,52,8,1499,1,3,BMW 2 SERIES,8,-1,0,-1
2023430179106,2023,430179106,1,9,0,3,3,1,5,0,0,0,0,0,0,0,2,1,2,2,2,29,6,1499,1,1,BMW 2 SERIES,10,E01017729,0,-1
2023010484763,2023,010484763,1,9,0,18,19,4,8,0,0,8,0,0,0,0,1,1,6,6,1,20,4,1995,2,9,BMW 2 SERIES,4,E01000554,0,-1
2023411380248,2023,411380248,1,9,0,18,19,3,1,0,0,1,0,0,0,0,1,1,5,6,1,22,5,1995,2,5,BMW 2 SERIES,9,E01023316,0,-1
2023010426269,2023,010426269,3,9,0,16,19,1,5,0,0,1,1,4,0,0,1,1,1,1,1,44,7,1499,1,5,BMW 2 SERIES,4,E01001247,0,-1
2023430155154,2023,430155154,1,9,0,6,6,8,8,0,0,0,0,0,0,0,1,1,6,6,1,-1,-1,1499,1,0,BMW 2 SERIES,9,E01017681,0,-1
2023501370996,2023,501370996,2,9,0,18,19,6,3,0,0,4,0,0,0,0,4,1,6,6,2,24,5,1499,1,7,BMW 2 SERIES,5,E01015191,0,-1
2023010459844,2023,010459844,1,9,9,99,99,9,9,99,99,9,5,99,9,99,9,9,6,6,3,28,6,1499,1,1,BMW 2 SERIES,2,E01001693,0,-1
2023610037923,2023,610037923,1,9,0,9,9,3,1,0,0,6,0,0,0,0,1,1,6,6,1,-1,-1,1995,2,7,BMW 2 SERIES,5,W01001383,0,-1
2023010420738,2023,010420738,2,9,0,99,99,9,9,99,99,9,9,99,9,99,1,9,6,6,3,-1,-1,1496,2,7,BMW 2 SERIES,-1,-1,0,-1
2023461380672,2023,461380672,1,9,0,5,5,1,5,0,0,0,1,0,1,0,4,1,6,6,1,20,4,1499,1,6,BMW 2 SERIES,10,E01024629,0,-1
2023201315818,2023,201315818,1,9,0,13,13,5,1,0,0,1,0,0,0,0,1,1,6,6,1,20,4,1499,1,5,BMW 2 SERIES,5,E01010337,0,-1
2023131357395,2023,131357395,3,9,0,-1,-1,-1,-1,-1,-1,0,-1,-1,-1,0,-1,1,6,6,1,21,5,1499,1,4,BMW 2 SERIES,4,E01011717,0,-1
2023010450401,2023,010450401,2,9,0,2,2,0,0,0,0,0,0,0,0,0,2,1,6,6,3,-1,-1,1499,1,6,BMW 2 SERIES,-1,-1,0,-1
202360A196716,2023,60A196716,1,8,0,4,4,2,6,0,0,4,0,0,0,0,1,1,1,1,1,61,9,1995,2,4,-1,-1,-1,0,-1
2023451314337,2023,451314337,1,9,0,18,19,1,5,0,0,0,0,0,0,0,2,1,1,1,2,30,6,1499,8,2,BMW 2 SERIES,10,E01030891,0,-1
2023991284843,2023,991284843,2,9,0,18,19,2,6,0,0,8,0,0,0,0,1,1,5,6,2,45,7,1499,1,3,BMW 2 SERIES,1,-1,0,-1
2023041371375,2023,041371375,4,9,0,18,19,7,3,0,0,1,0,0,0,0,1,1,6,6,2,65,9,1995,2,6,BMW 2 SERIES,6,E01025351,0,-1
2023010474598,2023,010474598,2,9,0,3,3,5,1,0,0,1,0,0,0,0,1,1,1,1,1,45,7,1499,1,3,BMW 2 SERIES,4,E01001484,0,-1
2023010422199,2023,010422199,3,9,0,2,2,0,0,0,0,0,0,0,0,0,3,1,6,6,3,-1,-1,1499,1,6,BMW 2 SERIES,-1,-1,0,-1
2023061341053,2023,061341053,3,9,0,18,19,3,7,0,0,0,0,0,0,0,1,1,6,6,2,36,7,1496,2,7,BMW 2 SERIES,3,E01006066,0,-1
2023010438657,2023,010438657,1,9,0,12,12,5,1,0,0,1,0,10,0,0,1,1,6,6,1,39,7,1499,1,1,BMW 2 SERIES,2,E01001726,0,-1
2023461332576,2023,461332576,2,9,0,18,19,3,7,0,0,1,0,0,0,0,1,1,1,1,1,33,6,1496,2,8,BMW 2 SERIES,7,E01024547,0,-1
2023544022523,2023,544022523,1,9,0,18,19,7,3,0,0,0,0,0,1,11,1,1,6,6,1,77,11,1995,2,5,BMW 2 SERIES,3,E01020294,0,-1
2023010457881,2023,010457881,1,9,0,16,19,1,4,0,0,1,0,0,0,0,1,1,6,6,2,29,6,1499,1,5,BMW 2 SERIES,-1,-1,0,-1
2023430052260,2023,430052260,1,9,0,16,19,4,7,0,0,0,2,0,1,4,1,1,6,6,1,22,5,1995,2,8,BMW 2 SERIES,9,E01028643,0,-1
2023010419301,2023,010419301,2,9,0,4,4,1,5,0,0,8,0,0,0,0,0,1,1,1,1,27,6,1499,1,3,BMW 2 SERIES,2,E01001830,0,-1
2023010475429,2023,010475429,1,9,0,99,99,9,9,99,99,9,9,99,9,99,1,9,2,2,1,46,8,1995,2,8,BMW 2 SERIES,5,E01003697,0,-1
2023010445059,2023,010445059,2,9,0,99,99,9,9,99,99,9,9,99,0,0,9,9,6,6,3,41,7,1995,2,8,BMW 2 SERIES,3,E01000944,0,-1
2023622301067,2023,622301067,1,9,0,7,7,2,6,0,0,6,0,0,0,0,2,1,6,6,2,32,6,1499,1,6,BMW 2 SERIES,10,W01001854,0,-1
2023461306143,2023,461306143,1,9,0,16,19,5,8,0,0,0,0,4,0,0,1,1,6,6,2,28,6,1499,1,1,BMW 2 SERIES,-1,-1,0,-1
2023010434518,2023,010434518,1,9,0,6,6,3,3,0,0,8,0,0,0,0,3,1,6,6,2,68,10,1499,1,2,BMW 2 SERIES,6,E01004726,0,-1
2023031260958,2023,031260958,8,9,0,18,19,5,1,0,0,0,1,1,0,0,1,1,6,6,1,23,5,1997,1,9,BMW 2 SERIES,7,E01024923,0,-1
2023010473085,2023,010473085,1,9,0,3,3,5,1,0,0,2,0,0,0,0,3,1,6,6,1,33,6,1995,2,7,BMW 2 SERIES,2,E01001491,0,-1
2023041268572,2023,041268572,2,9,0,3,3,1,5,0,0,0,0,0,0,0,2,1,2,2,2,57,9,1995,2,5,BMW 2 SERIES,10,E01024947,0,-1
2023010441118,2023,010441118,2,9,0,99,99,9,9,99,99,9,9,99,9,99,9,9,6,6,3,-1,-1,1499,1,2,BMW 2 SERIES,-1,-1,0,-1
2023010429338,2023,010429338,2,9,0,7,7,7,2,0,0,3,0,0,0,0,0,1,1,1,1,27,6,1499,1,4,BMW 2 SERIES,4,E01004401,0,-1
2023401378127,2023,401378127,1,9,0,-1,-1,-1,-1,-1,-1,0,-1,-1,-1,0,-1,1,1,1,2,22,5,1995,2,8,BMW 2 SERIES,4,E01017521,0,-1
2023010463416,2023,010463416,1,9,0,18,19,7,3,0,0,0,0,0,0,0,1,1,6,6,1,53,8,1499,1,2,BMW 2 SERIES,3,E01000610,0,-1
2023531338695,2023,531338695,1,9,0,5,5,5,1,0,0,3,0,0,0,0,1,1,5,6,2,67,10,1499,1,5,BMW 2 SERIES,10,E01022426,0,-1
2023010450797,2023,010450797,1,9,0,18,19,5,1,0,0,1,0,0,0,0,1,1,1,1,1,33,6,1499,1,4,BMW 2 SERIES,3,E01001779,0,-1
2023010451957,2023,010451957,2,9,0,99,99,9,9,99,99,9,9,99,9,99,1,9,6,6,3,-1,-1,1998,1,0,BMW 2 SERIES,-1,-1,0,-1
2023010467956,2023,010467956,1,9,0,5,5,3,7,0,0,0,0,0,0,0,1,1,1,1,1,61,9,1499,1,5,BMW 2 SERIES,3,E01003575,0,-1
2023010433814,2023,010433814,1,9,0,5,5,1,5,0,0,1,0,0,0,0,1,1,1,1,2,50,8,1499,8,2,BMW 2 SERIES,7,E01003199,0,-1
2023991295130,2023,991295130,2,9,0,2,2,0,0,9,9,0,0,0,0,0,2,1,6,6,3,-1,-1,1499,8,5,BMW 2 SERIES,-1,-1,0,-1
2023631313482,2023,631313482,2,9,0,16,19,3,6,0,0,8,0,0,0,0,1,1,5,6,1,49,8,1995,2,0,BMW 2 SERIES,4,W01001688,0,-1
2023302301955,2023,302301955,1,9,0,18,19,3,7,0,0,0,0,0,0,0,2,1,2,2,2,50,8,1499,1,5,BMW 2 SERIES,10,E01028364,0,-1
2023471274611,2023,471274611,2,9,0,18,19,4,8,0,0,0,0,0,0,0,2,1,5,6,2,32,6,1995,2,7,BMW 2 SERIES,4,E01023997,0,-1
2023430458632,2023,430458632,2,9,0,9,9,4,2,0,0,3,0,0,0,0,3,1,6,6,2,-1,-1,1499,1,4,BMW 2 SERIES,8,E01016568,0,-1
2023010480367,2023,010480367,1,9,0,99,99,9,9,99,99,9,9,99,9,99,2,9,6,6,1,-1,-1,1499,1,1,BMW 2 SERIES,2,E01023339,0,-1
2023201382803,2023,201382803,2,9,0,2,2,0,0,0,0,0,0,0,0,0,4,1,5,6,1,-1,-1,1995,2,8,BMW 2 SERIES,-1,-1,0,-1
2023440496222,2023,440496222,2,9,0,3,3,7,3,0,0,1,0,0,0,0,2,1,6,6,1,48,8,1995,2,7,BMW 2 SERIES,7,E01031849,0,-1
2023010448846,2023,010448846,1,9,0,99,99,9,9,99,99,9,9,99,9,99,1,9,6,6,1,41,7,1499,1,5,BMW 2 SERIES,9,E01001605,0,-1
2023211290249,2023,211290249,3,9,0,18,19,3,7,0,0,0,0,0,0,0,2,1,5,6,1,27,6,1499,1,5,BMW 2 SERIES,7,E01029655,0,-1
2023122301098,2023,122301098,2,9,0,18,19,7,3,0,0,8,0,0,0,0,4,1,6,6,1,46,8,1499,1,5,BMW 2 SERIES,9,E01027664,0,-1
2023101304983,2023,101304983,2,9,0,7,7,7,1,0,0,1,0,0,0,0,4,1,2,2,2,40,7,1499,1,0,BMW 2 SERIES,5,E01008356,0,-1
2023131319592,2023,131319592,3,9,0,2,2,7,3,0,0,0,0,0,0,0,1,1,2,2,1,36,7,1499,8,4,BMW 2 SERIES,3,E01011851,0,-1
2023010454723,2023,010454723,1,9,9,99,99,9,9,99,99,9,9,99,9,99,9,9,6,6,3,26,6,1995,2,4,BMW 2 SERIES,9,E01022282,0,-1
2023401366008,2023,401366008,2,9,0,4,4,1,7,0,0,8,0,0,0,0,2,1,5,6,1,26,6,1995,2,9,BMW 2 SERIES,5,E01015767,0,-1
2023991324576,2023,991324576,1,9,0,18,19,4,8,0,0,8,0,0,0,0,3,1,5,6,2,59,9,1499,1,3,BMW 2 SERIES,8,-1,0,-1