collision_index,collision_year,collision_ref_no,vehicle_reference,vehicle_type,towing_and_articulation,vehicle_manoeuvre_historic,vehicle_manoeuvre,vehicle_direction_from,vehicle_direction_to,vehicle_location_restricted_lane_historic,vehicle_location_restricted_lane,junction_location,skidding_and_overturning,hit_object_in_carriageway,vehicle_leaving_carriageway,hit_object_off_carriageway,first_point_of_impact,vehicle_left_hand_drive,journey_purpose_of_driver_historic,journey_purpose_of_driver,sex_of_driver,age_of_driver,age_band_of_driver,engine_capacity_cc,propulsion_code,age_of_vehicle,generic_make_model,driver_imd_decile,lsoa_of_driver,escooter_flag,driver_distance_banding
2023430563112,2023,430563112,1,9,0,9,9,5,3,0,0,8,0,0,0,0,4,1,6,6,1,54,8,1499,1,4,BMW 2 SERIES,1,E01016843,0,-1
2023201375879,2023,201375879,3,9,0,18,19,6,2,0,0,1,0,0,0,0,2,1,6,6,3,-1,-1,1499,1,2,BMW 2 SERIES,-1,-1,0,-1
2023010424660,2023,010424660,1,9,0,17,19,5,1,0,0,0,1,10,0,0,1,1,1,1,1,33,6,1499,1,4,BMW 2 SERIES,2,E01000103,0,-1
2023010440513,2023,010440513,2,9,9,99,99,9,9,0,0,2,9,0,0,0,1,9,6,6,1,43,7,1995,2,5,BMW 2 SERIES,1,E01002758,0,-1
2023010472379,2023,010472379,1,9,0,18,19,1,5,0,0,1,0,10,0,0,1,1,6,6,1,25,5,1995,2,9,BMW 2 SERIES,4,E01030608,0,-1
2023201339665,2023,201339665,2,9,0,18,19,4,8,0,0,8,0,0,0,0,1,1,6,6,1,-1,-1,1496,2,5,BMW 2 SERIES,1,E01009136,0,-1
2023010424397,2023,010424397,2,9,0,18,19,1,5,0,0,8,0,0,0,0,3,1,1,1,1,41,7,1499,1,5,BMW 2 SERIES,5,E01033573,0,-1
2023543355523,2023,543355523,1,9,0,18,19,4,8,0,0,0,0,0,0,0,1,1,2,2,2,19,4,1997,1,7,BMW 2 SERIES,7,E01015474,0,-1
2023101330575,2023,101330575,2,9,0,9,9,4,2,0,0,8,0,0,0,0,3,1,5,6,1,55,8,1998,1,2,BMW 2 SERIES,4,E01027375,0,-1
2023461314006,2023,461314006,1,9,0,5,5,1,5,0,0,8,0,0,0,0,1,1,6,6,2,78,11,1997,1,9,BMW 2 SERIES,7,E01024675,0,-1
2023501367033,2023,501367033,1,9,0,18,19,6,2,0,0,1,0,0,0,0,1,1,1,1,1,48,8,1995,2,8,BMW 2 SERIES,5,E01015092,0,-1
2023201391823,2023,201391823,2,9,0,4,4,6,2,0,0,0,0,0,0,0,2,1,6,6,2,67,10,1998,1,4,BMW 2 SERIES,10,E01023714,0,-1
2023010435384,2023,010435384,3,9,0,18,19,7,3,0,0,1,0,0,0,0,0,1,1,1,1,34,6,1499,1,4,BMW 2 SERIES,8,E01004498,0,-1
2023411393998,2023,411393998,2,9,0,18,19,5,1,0,0,0,0,0,0,0,2,1,6,6,2,59,9,1499,1,8,BMW 2 SERIES,7,E01023519,0,-1
2023010437939,2023,010437939,1,9,0,99,99,9,9,99,99,9,9,99,9,99,2,9,6,6,2,32,6,1995,2,6,BMW 2 SERIES,2,E01001651,0,-1
2023201326987,2023,201326987,1,9,0,18,19,8,4,0,0,8,0,0,0,0,1,1,6,6,1,26,6,1499,1,5,BMW 2 SERIES,5,E01009745,0,-1
2023421314351,2023,421314351,2,9,0,18,19,5,1,0,0,8,0,0,0,0,3,1,5,6,2,41,7,1496,2,7,BMW 2 SERIES,-1,-1,0,-1
2023111348991,2023,111348991,2,9,0,18,19,7,1,0,0,1,0,0,0,0,4,1,5,6,2,27,6,1499,1,2,BMW 2 SERIES,7,E01020701,0,-1
2023101322239,2023,101322239,1,9,0,18,19,5,1,0,0,0,0,0,0,0,1,1,6,6,1,30,6,1998,1,7,BMW 2 SERIES,2,E01008334,0,-1
2023010438020,2023,010438020,1,9,0,99,99,9,9,99,99,9,9,99,9,99,9,9,6,6,1,23,5,1499,1,4,BMW 2 SERIES,2,E01001515,0,-1
2023131284193,2023,131284193,1,9,0,18,19,7,3,0,0,8,0,0,0,0,1,1,1,1,2,42,7,1995,2,8,BMW 2 SERIES,3,E01011137,0,-1
2023010450114,2023,010450114,1,9,0,18,19,5,1,9,9,0,0,10,7,4,1,1,3,7,2,53,8,1995,2,6,BMW 2 SERIES,10,E01004114,0,-1
2023421377800,2023,421377800,1,9,0,9,9,5,3,0,0,1,0,0,0,0,1,1,1,1,2,25,5,1499,1,0,BMW 2 SERIES,9,E01021568,0,-1
2023451290329,2023,451290329,3,9,0,18,19,3,7,0,0,1,0,0,0,0,1,1,5,6,2,33,6,1995,2,8,BMW 2 SERIES,9,E01030757,0,-1
2023010458759,2023,010458759,1,9,0,99,99,9,9,99,99,0,9,99,9,99,1,1,6,6,2,23,5,1499,1,5,BMW 2 SERIES,4,E01001137,0,-1
2023131291092,2023,131291092,2,9,0,18,19,7,3,0,0,4,0,0,0,0,4,1,5,6,2,58,9,1995,2,7,BMW 2 SERIES,4,E01011323,0,-1
2023010433141,2023,010433141,1,9,0,2,2,0,0,0,0,1,0,4,0,0,1,1,6,6,3,-1,-1,1496,2,7,BMW 2 SERIES,-1,-1,0,-1
2023451326921,2023,451326921,2,9,0,14,14,5,1,0,0,8,0,0,0,0,4,1,6,6,1,20,4,1995,2,7,BMW 2 SERIES,10,E01030894,0,-1
2023522400703,2023,522400703,2,9,0,3,3,6,2,0,0,0,0,0,0,0,4,1,6,6,3,-1,-1,1499,1,6,BMW 2 SERIES,-1,-1,0,-1
2023549160823,2023,549160823,1,9,0,9,9,1,7,0,0,6,0,0,1,6,1,1,6,6,1,19,4,1995,2,9,BMW 2 SERIES,6,E01032572,0,-1
2023371278428,2023,371278428,1,9,0,15,15,4,8,0,0,0,0,0,0,0,0,1,6,6,1,22,5,1995,2,8,BMW 2 SERIES,7,E01030049,0,-1
2023010479425,2023,010479425,1,9,0,18,19,3,7,0,0,0,0,0,0,0,0,1,1,1,1,28,6,1499,1,3,BMW 2 SERIES,3,E01004259,0,-1
2023451312468,2023,451312468,1,9,0,18,19,3,7,0,0,0,0,0,0,0,3,1,5,6,1,29,6,1499,1,4,BMW 2 SERIES,2,E01032580,0,-1
2023010462459,2023,010462459,2,9,0,18,19,3,7,0,0,1,0,10,0,0,1,1,1,1,1,30,6,1499,1,5,BMW 2 SERIES,6,E01000330,0,-1
2023401324465,2023,401324465,2,9,0,4,4,3,7,0,0,8,0,0,0,0,1,1,6,6,1,62,9,1499,1,4,BMW 2 SERIES,10,E01033189,0,-1
2023010444338,2023,010444338,1,9,0,13,13,5,1,0,0,1,1,0,7,7,1,1,1,1,1,25,5,1499,1,3,BMW 2 SERIES,4,E01031608,0,-1
2023161338482,2023,161338482,1,9,0,18,19,6,2,0,0,8,0,0,0,0,1,1,5,6,2,44,7,1995,2,9,BMW 2 SERIES,10,E01013171,0,-1
2023401328202,2023,401328202,1,9,0,16,19,1,5,0,0,0,0,4,0,0,1,1,6,6,3,-1,-1,1998,1,4,BMW 2 SERIES,-1,-1,0,-1
2023010439995,2023,010439995,2,9,0,99,99,9,9,99,99,9,9,99,9,99,1,9,6,6,3,33,6,1998,1,5,BMW 2 SERIES,7,E01004138,0,-1
2023430000107,2023,430000107,1,9,0,18,19,4,8,0,0,1,0,0,0,0,1,1,2,2,1,20,4,1499,1,1,BMW 2 SERIES,-1,-1,0,-1
2023451356218,2023,451356218,1,9,0,18,19,1,6,0,0,0,0,0,0,0,1,1,6,6,1,49,8,1496,2,7,BMW 2 SERIES,10,E01030395,0,-1
2023010440058,2023,010440058,2,9,0,9,9,5,3,0,0,8,0,0,0,0,3,1,6,6,2,45,7,1499,8,6,BMW 2 SERIES,-1,-1,0,-1
2023052300200,2023,052300200,1,9,0,18,19,3,7,0,0,0,1,0,0,0,1,1,6,6,2,48,8,1499,1,5,BMW 2 SERIES,8,E01031208,0,-1
2023311286537,2023,311286537,1,9,0,18,19,2,7,0,0,0,2,0,0,0,4,1,5,6,1,20,4,1995,2,7,BMW 2 SERIES,6,E01028413,0,-1
2023010422194,2023,010422194,2,9,0,2,2,0,0,0,0,2,0,0,0,0,0,1,6,6,3,-1,-1,1499,1,2,BMW 2 SERIES,-1,-1,0,-1
2023010482630,2023,010482630,2,9,0,99,99,9,9,99,99,9,9,99,9,99,1,9,6,6,3,-1,-1,1499,1,1,BMW 2 SERIES,-1,-1,0,-1
2023101268684,2023,101268684,2,9,0,3,3,1,5,0,0,0,0,0,0,0,3,1,2,2,1,22,5,1499,1,4,BMW 2 SERIES,-1,-1,0,-1
2023440481637,2023,440481637,2,9,0,4,4,6,2,0,0,0,0,0,0,0,2,1,6,6,2,47,8,1499,1,8,BMW 2 SERIES,7,E01022945,0,-1
2023430400882,2023,430400882,1,9,0,18,19,3,7,0,0,0,0,0,0,0,1,1,6,6,2,35,6,1995,2,7,BMW 2 SERIES,-1,-1,0,-1
2023411402506,2023,411402506,1,9,0,1,1,3,7,9,9,0,0,0,0,0,0,1,5,6,2,49,8,1995,2,5,BMW 2 SERIES,10,E01023718,0,-1
2023361291656,2023,361291656,2,9,0,18,19,3,7,0,0,0,1,0,0,0,3,1,1,1,2,22,5,1995,2,9,BMW 2 SERIES,3,E01026652,0,-1
2023061331446,2023,061331446,2,9,-1,-1,-1,-1,-1,-1,-1,0,-1,-1,-1,0,1,1,6,6,1,-1,-1,1499,1,2,BMW 2 SERIES,-1,-1,0,-1
2023010484018,2023,010484018,2,9,0,17,19,3,1,0,0,0,0,0,0,0,2,1,6,6,1,51,8,1496,2,6,BMW 2 SERIES,3,E01004189,0,-1
2023010482536,2023,010482536,1,9,0,99,99,9,9,99,99,9,9,99,9,99,9,9,6,6,2,21,5,1499,1,3,BMW 2 SERIES,5,E01000520,0,-1
2023221283991,2023,221283991,1,9,0,14,14,3,4,0,0,0,0,0,0,0,4,1,5,6,1,55,8,1998,1,6,BMW 2 SERIES,7,E01028976,0,-1
2023332300008,2023,332300008,3,9,0,3,3,7,3,0,0,1,0,0,0,0,2,1,1,1,1,23,5,1499,1,4,BMW 2 SERIES,4,E01025689,0,-1
2023161269288,2023,161269288,1,9,0,13,13,6,2,0,0,0,0,0,0,0,4,1,5,6,2,44,7,1499,1,2,BMW 2 SERIES,7,E01013333,0,-1
2023440285353,2023,440285353,1,9,0,7,7,6,8,0,0,3,0,0,0,0,4,1,6,6,1,-1,-1,1998,1,7,BMW 2 SERIES,-1,-1,0,-1
2023010444228,2023,010444228,1,9,0,6,6,1,1,0,0,2,0,0,0,0,1,1,6,6,2,79,11,1997,1,9,BMW 2 SERIES,8,E01002890,0,-1
2023411375189,2023,411375189,1,9,0,18,19,1,1,0,0,1,0,0,0,0,4,1,6,6,2,66,10,1998,1,4,BMW 2 SERIES,10,E01023471,0,-1
2023010486398,2023,010486398,2,9,0,3,3,1,5,0,0,1,0,0,0,0,2,2,6,6,1,38,7,1499,1,3,BMW 2 SERIES,4,E01000472,0,-1
2023451327408,2023,451327408,1,9,0,18,19,3,7,0,0,1,0,0,0,0,1,1,6,6,1,45,7,1499,1,1,BMW 2 SERIES,9,E01023308,0,-1
2023501262849,2023,501262849,2,9,0,18,19,2,6,0,0,0,0,0,0,0,1,1,5,6,1,76,11,1995,2,6,BMW 2 SERIES,5,E01018842,0,-1
2023010458330,2023,010458330,1,9,9,99,99,9,9,99,99,9,9,99,9,99,9,9,6,6,1,45,7,1995,2,7,BMW 2 SERIES,2,E01001464,0,-1
2023351305616,2023,351305616,2,9,0,9,9,4,2,0,0,8,0,0,0,0,3,1,5,6,2,48,8,1995,2,4,BMW 2 SERIES,10,E01018292,0,-1
2023010469914,2023,010469914,2,9,0,99,99,9,9,99,99,9,9,99,9,99,9,9,6,6,3,-1,-1,1995,2,5,BMW 2 SERIES,-1,-1,0,-1
2023010440951,2023,010440951,1,9,0,99,99,9,9,99,99,9,9,99,9,99,9,9,6,6,1,23,5,1499,1,5,BMW 2 SERIES,3,E01004063,0,-1
2023010438457,2023,010438457,2,9,0,18,19,5,1,0,0,3,0,0,0,0,3,1,6,6,1,33,6,1496,2,8,BMW 2 SERIES,2,E01016450,0,-1
2023041261248,2023,041261248,2,9,0,18,19,1,5,0,0,1,0,0,7,0,3,1,2,2,2,34,6,1496,2,6,BMW 2 SERIES,8,E01025513,0,-1
2023010464286,2023,010464286,1,9,0,18,19,3,7,0,0,0,0,0,0,0,1,1,3,7,2,36,7,1499,1,2,BMW 2 SERIES,3,E01001048,0,-1
2023010475527,2023,010475527,1,9,0,6,6,3,3,0,0,6,0,0,0,0,2,1,1,1,1,25,5,1499,1,4,BMW 2 SERIES,3,E01002133,0,-1
2023010431934,2023,010431934,2,9,0,4,4,1,5,0,0,0,0,0,0,0,2,1,6,6,2,47,8,1499,1,7,BMW 2 SERIES,2,E01003726,0,-1
2023010483563,2023,010483563,2,9,0,99,99,9,9,99,99,9,9,99,9,99,9,9,6,6,3,-1,-1,1496,2,7,BMW 2 SERIES,-1,-1,0,-1
2023401342170,2023,401342170,1,9,0,3,3,7,3,0,0,0,0,11,3,1,1,1,5,6,2,77,11,1995,2,6,BMW 2 SERIES,10,E01023364,0,-1
2023061325220,2023,061325220,2,9,0,-1,-1,-1,-1,-1,-1,0,-1,-1,-1,0,-1,1,6,6,3,46,8,1995,2,4,BMW 2 SERIES,1,E01005234,0,-1
2023010476941,2023,010476941,1,9,0,18,19,7,3,0,0,0,0,0,0,0,0,1,1,1,1,65,9,1998,1,4,BMW 2 SERIES,6,E01000193,0,-1
2023430013799,2023,430013799,2,9,0,3,3,6,2,0,0,1,0,0,0,0,2,1,6,6,2,34,6,1496,2,8,BMW 2 SERIES,2,E01016741,0,-1
2023061379937,2023,061379937,2,9,0,3,3,5,1,0,0,0,0,0,0,0,2,1,6,6,2,78,11,1499,1,8,BMW 2 SERIES,10,E01006136,0,-1
2023010469393,2023,010469393,1,9,0,99,99,9,9,99,99,9,9,99,9,99,9,9,6,6,2,42,7,1995,2,6,BMW 2 SERIES,4,E01000485,0,-1
2023501376240,2023,501376240,1,9,0,17,19,3,7,0,0,0,5,0,7,11,3,1,5,6,1,20,4,1499,1,6,BMW 2 SERIES,8,W01000453,0,-1
2023041370054,2023,041370054,2,9,0,9,9,7,5,0,0,8,0,0,0,0,1,1,5,6,1,57,9,1499,1,9,BMW 2 SERIES,6,E01025418,0,-1
2023010458074,2023,010458074,1,9,0,99,99,9,9,99,99,9,9,99,9,99,2,9,6,6,1,43,7,1499,1,7,BMW 2 SERIES,1,E01004245,0,-1
2023520000831,2023,520000831,2,9,0,3,3,3,7,0,0,0,0,0,0,0,2,1,6,6,1,53,8,1995,2,7,BMW 2 SERIES,8,E01014444,0,-1
2023332301146,2023,332301146,2,9,0,9,9,5,4,0,0,8,0,0,0,0,3,1,6,6,1,58,9,1995,2,6,BMW 2 SERIES,3,W01001787,0,-1
2023461380240,2023,461380240,2,9,0,4,4,3,7,0,0,0,0,0,0,0,2,1,6,6,2,53,8,1995,2,8,BMW 2 SERIES,-1,-1,0,-1
2023010465845,2023,010465845,1,9,0,18,19,3,7,0,0,1,0,0,0,0,1,1,6,6,2,29,6,1499,1,3,BMW 2 SERIES,1,E01003047,0,-1
2023010448242,2023,010448242,3,9,0,18,19,7,3,0,0,8,0,0,0,0,0,1,6,6,1,25,5,1499,1,5,BMW 2 SERIES,7,E01002514,0,-1
2023122300443,2023,122300443,1,9,0,4,4,7,3,0,0,0,0,0,0,0,4,1,6,6,2,47,8,1998,1,6,BMW 2 SERIES,8,E01013417,0,-1
2023552300670,2023,552300670,1,9,0,6,6,7,7,0,0,0,0,0,0,0,3,1,6,6,2,48,8,1998,1,5,BMW 2 SERIES,8,E01015320,0,-1
2023010449524,2023,010449524,1,9,0,18,19,3,7,0,0,1,0,0,0,0,1,1,6,6,1,81,11,1499,1,5,BMW 2 SERIES,10,E01000645,0,-1
2023010477509,2023,010477509,1,9,0,18,19,1,5,0,0,1,0,7,7,11,1,1,6,6,1,36,7,1499,1,8,BMW 2 SERIES,2,E01003349,0,-1
2023201293669,2023,201293669,1,9,0,18,19,8,4,0,0,0,0,0,0,0,3,1,6,6,2,45,7,1995,2,8,BMW 2 SERIES,10,E01029868,0,-1
2023031363583,2023,031363583,1,9,0,18,19,1,5,0,0,0,0,6,1,7,4,1,6,6,1,31,6,1998,2,5,BMW 2 SERIES,6,E01019336,0,-1
2023471378724,2023,471378724,2,9,0,18,19,7,1,0,0,7,0,0,0,0,2,1,5,6,2,67,10,1499,1,4,BMW 2 SERIES,6,E01031643,0,-1
2023010474252,2023,010474252,1,9,0,7,7,5,7,0,0,6,0,11,0,0,1,1,1,1,1,44,7,1496,2,8,BMW 2 SERIES,1,E01001410,0,-1
2023451356662,2023,451356662,1,9,0,2,2,5,1,9,9,1,0,0,0,0,2,1,5,6,2,75,10,1998,1,4,BMW 2 SERIES,8,E01030782,0,-1
2023010444237,2023,010444237,2,9,0,99,99,9,9,99,99,9,9,99,9,99,1,9,6,6,3,-1,-1,1499,1,5,BMW 2 SERIES,-1,-1,0,-1
2023201408423,2023,201408423,1,9,0,18,19,4,2,0,0,0,0,4,1,10,1,1,6,6,2,28,6,1995,2,7,BMW 2 SERIES,-1,-1,0,-1
2023451331595,2023,451331595,3,9,0,18,19,1,5,0,0,0,0,0,0,0,2,1,1,1,1,44,7,1995,2,3,BMW 2 SERIES,5,E01021195,0,-1
2023010484894,2023,010484894,1,9,0,18,19,5,1,0,0,2,0,0,0,0,0,1,1,1,1,35,6,1499,1,3,BMW 2 SERIES,1,E01001429,0,-1
2023461315520,2023,461315520,2,9,0,18,19,3,6,0,0,0,0,0,0,0,1,1,6,6,2,35,6,1499,1,3,BMW 2 SERIES,8,E01024026,0,-1
2023332301117,2023,332301117,1,9,0,13,13,1,5,0,0,8,0,0,7,0,4,1,6,6,1,24,5,1499,1,5,BMW 2 SERIES,7,E01025618,0,-1
2023302301594,2023,302301594,1,9,0,9,9,5,3,0,0,0,0,0,0,0,3,1,6,6,1,75,10,1499,1,0,BMW 2 SERIES,-1,-1,0,-1
2023201374750,2023,201374750,1,9,0,18,19,3,7,0,0,1,0,10,7,2,1,1,6,6,1,25,5,1997,1,7,BMW 2 SERIES,7,E01010545,0,-1
2023010430982,2023,010430982,1,9,0,9,9,1,6,0,0,6,0,0,0,0,1,1,6,6,3,51,8,1499,1,7,BMW 2 SERIES,2,E01003553,0,-1
2023010450413,2023,010450413,1,9,0,10,10,1,6,0,0,1,0,0,0,0,3,1,2,2,1,42,7,1499,1,5,BMW 2 SERIES,2,E01000527,0,-1
2023010476771,2023,010476771,1,9,0,9,9,5,3,0,0,0,0,0,0,0,3,1,6,6,1,-1,-1,1499,1,4,BMW 2 SERIES,3,E01002695,0,-1
2023010421439,2023,010421439,2,9,0,99,99,9,9,99,99,9,9,99,9,99,9,9,6,6,1,81,11,1499,1,3,BMW 2 SERIES,5,E01032789,0,-1
2023201370114,2023,201370114,3,9,0,1,1,4,8,0,0,1,0,0,0,0,3,1,6,6,2,38,7,1995,2,4,BMW 2 SERIES,2,E01008886,0,-1
2023052302359,2023,052302359,1,9,0,5,5,6,3,0,0,6,0,0,0,0,1,1,6,6,2,76,11,1995,2,8,BMW 2 SERIES,7,E01006918,0,-1
2023461383364,2023,461383364,2,9,0,4,4,5,1,0,0,0,0,0,0,0,1,1,5,6,2,39,7,1499,1,7,BMW 2 SERIES,8,E01000453,0,-1
2023010478691,2023,010478691,1,9,0,99,99,9,9,99,99,9,9,99,9,99,1,9,6,6,2,34,6,1499,1,1,BMW 2 SERIES,1,E01001714,0,-1
2023547457523,2023,547457523,2,9,0,4,4,1,5,0,0,1,0,0,0,0,2,1,6,6,1,56,9,1499,8,0,BMW 2 SERIES,10,E01014716,0,-1
2023201301665,2023,201301665,1,9,0,2,2,0,0,0,0,1,0,0,0,0,1,1,6,6,2,36,7,1496,2,4,BMW 2 SERIES,1,E01032888,0,-1
2023451360550,2023,451360550,2,9,0,18,19,5,1,0,0,8,0,0,0,0,1,1,5,6,2,44,7,1995,2,9,BMW 2 SERIES,5,E01030481,0,-1
2023421276115,2023,421276115,2,9,0,18,19,7,3,0,0,2,1,0,0,0,3,1,2,2,1,28,6,1995,2,6,BMW 2 SERIES,5,E01021770,0,-1
2023010422800,2023,010422800,2,9,0,18,19,2,6,0,0,1,0,0,0,0,1,1,6,6,3,-1,-1,1998,1,8,BMW 2 SERIES,-1,-1,0,-1
2023371375397,2023,371375397,1,9,0,18,19,1,6,0,0,0,1,0,7,0,1,1,5,6,1,20,4,1995,2,6,BMW 2 SERIES,8,E01029890,0,-1
2023010421882,2023,010421882,2,9,0,99,99,9,9,99,99,9,9,99,9,99,1,9,6,6,3,47,8,1499,1,7,BMW 2 SERIES,3,E01002027,0,-1
2023010484374,2023,010484374,1,9,0,9,9,2,7,0,0,1,0,0,0,0,1,1,6,6,2,33,6,1499,1,7,BMW 2 SERIES,1,E01001559,0,-1
2023421307369,2023,421307369,1,9,0,18,19,3,7,0,0,0,0,0,0,0,1,1,6,6,2,32,6,1499,1,6,BMW 2 SERIES,9,E01021560,0,-1
2023010430025,2023,010430025,2,9,0,11,11,3,7,0,0,1,0,0,0,0,4,1,6,6,1,38,7,1995,2,7,BMW 2 SERIES,7,E01008585,0,-1
2023010448361,2023,010448361,2,9,0,99,99,9,9,99,99,9,9,99,9,99,9,9,6,6,2,60,9,1499,1,6,BMW 2 SERIES,7,E01002228,0,-1
2023052301600,2023,052301600,2,9,0,18,19,3,7,0,0,0,0,0,0,0,1,1,2,2,2,26,6,1499,1,6,BMW 2 SERIES,6,E01006499,0,-1
2023010431535,2023,010431535,1,9,9,99,99,9,9,99,99,0,9,99,9,99,2,9,6,6,2,19,4,1499,1,1,BMW 2 SERIES,4,E01003803,0,-1
2023010472586,2023,010472586,2,9,9,99,99,9,9,99,99,0,9,99,9,99,9,9,6,6,3,36,7,1496,2,6,BMW 2 SERIES,4,E01001934,0,-1
2023010474406,2023,010474406,1,9,0,18,19,5,1,2,2,1,0,0,0,0,1,1,2,2,1,28,6,1499,1,3,BMW 2 SERIES,5,E01033573,0,-1
2023010476969,2023,010476969,1,9,0,9,9,5,3,0,0,1,0,0,0,0,1,1,6,6,1,46,8,1499,1,6,BMW 2 SERIES,4,E01002802,0,-1
2023010479548,2023,010479548,2,9,0,99,99,9,9,99,99,9,9,99,9,99,9,9,6,6,3,-1,-1,1995,2,5,BMW 2 SERIES,-1,-1,0,-1
2023991274502,2023,991274502,1,9,0,5,5,7,5,0,0,0,0,0,0,0,2,1,5,6,1,65,9,1998,1,2,BMW 2 SERIES,5,-1,0,-1
2023010430037,2023,010430037,2,9,0,99,99,9,9,99,99,9,9,99,9,99,9,9,6,6,3,-1,-1,1995,2,7,BMW 2 SERIES,-1,-1,0,-1
2023440157315,2023,440157315,1,9,0,5,5,0,5,8,6,0,0,0,0,0,1,1,6,6,2,80,11,1995,2,7,BMW 2 SERIES,9,E01022689,0,-1
2023302300317,2023,302300317,1,9,0,9,9,8,7,0,0,8,0,0,0,0,4,1,6,6,1,58,9,1998,1,5,BMW 2 SERIES,7,E01025926,0,-1
2023991330938,2023,991330938,1,9,0,18,19,2,6,0,0,2,0,0,0,0,4,1,2,2,2,30,6,1499,1,5,BMW 2 SERIES,9,-1,0,-1
2023421276286,2023,421276286,1,9,0,9,9,3,1,0,0,8,0,0,0,0,4,1,5,6,1,41,7,1998,1,1,BMW 2 SERIES,5,E01021420,0,-1
2023041312396,2023,041312396,2,9,0,2,2,5,5,6,6,0,0,0,0,0,0,1,6,6,3,-1,-1,1995,2,5,BMW 2 SERIES,-1,-1,0,-1
2023201267414,2023,201267414,2,9,0,9,9,4,2,0,0,5,0,0,0,0,4,1,6,6,1,21,5,1997,1,9,BMW 2 SERIES,2,E01009623,0,-1
2023010469841,2023,010469841,1,9,0,18,19,4,8,0,0,8,0,0,0,0,1,1,6,6,1,30,6,1499,1,5,BMW 2 SERIES,5,E01003955,0,-1
2023010444449,2023,010444449,1,9,0,99,99,9,9,99,99,0,9,99,9,99,9,9,6,6,3,73,10,1499,8,7,BMW 2 SERIES,4,E01000290,0,-1
2023010473318,2023,010473318,1,9,0,4,4,7,3,0,0,0,0,0,0,0,2,2,6,6,2,48,8,1995,2,8,BMW 2 SERIES,5,E01017837,0,-1
2023170M31613,2023,170M31613,2,9,0,18,19,6,3,0,0,8,0,0,0,0,1,1,2,2,1,32,6,1995,2,8,BMW 2 SERIES,-1,-1,0,-1
2023010472924,2023,010472924,3,9,0,99,99,9,9,99,99,9,9,99,9,99,2,9,6,6,3,-1,-1,1995,2,7,BMW 2 SERIES,3,E01003374,0,-1
2023010446034,2023,010446034,2,9,0,5,5,7,3,0,0,1,0,0,0,0,1,1,6,6,1,23,5,1499,1,6,BMW 2 SERIES,4,E01003409,0,-1
2023471374453,2023,471374453,1,9,0,18,19,3,7,0,0,0,0,0,0,0,2,1,6,6,1,32,6,1499,1,6,BMW 2 SERIES,4,E01016855,0,-1
2023010481598,2023,010481598,2,9,9,99,99,9,9,99,99,9,9,99,9,99,9,9,6,6,3,33,6,1995,2,3,BMW 2 SERIES,-1,-1,0,-1
2023010420839,2023,010420839,1,9,0,99,99,9,9,99,99,0,9,99,9,99,9,9,2,2,2,20,4,1499,1,5,BMW 2 SERIES,4,E01002631,0,-1
2023440480306,2023,440480306,1,9,0,18,19,3,7,0,0,2,0,0,0,0,1,1,6,6,1,29,6,1995,2,8,BMW 2 SERIES,3,E01017111,0,-1
2023010442942,2023,010442942,1,9,0,9,9,1,7,0,0,4,0,0,0,0,2,1,6,6,1,35,6,1499,1,4,BMW 2 SERIES,2,E01001603,0,-1
2023461374217,2023,461374217,2,9,0,4,4,7,3,0,0,1,0,0,0,0,2,1,6,6,1,-1,-1,1499,1,1,BMW 2 SERIES,6,E01024568,0,-1
2023010474132,2023,010474132,1,9,0,4,4,5,1,0,0,0,0,0,0,0,1,1,6,6,1,51,8,1499,1,2,BMW 2 SERIES,-1,-1,0,-1
2023451387437,2023,451387437,2,9,0,9,9,3,7,0,0,0,0,0,7,0,1,1,6,6,1,61,9,1998,1,6,BMW 2 SERIES,8,E01030848,0,-1
2023440297910,2023,440297910,2,9,0,4,4,3,7,0,0,1,0,0,0,0,2,1,2,2,2,57,9,1499,1,4,BMW 2 SERIES,7,E01022724,0,-1
2023010483406,2023,010483406,2,9,0,7,7,5,7,0,0,6,0,0,0,0,1,1,6,6,1,37,7,1499,1,6,BMW 2 SERIES,5,E01004137,0,-1
2023010459232,2023,010459232,1,9,0,99,99,9,9,99,99,9,9,99,9,99,2,1,6,6,1,36,7,1499,1,1,BMW 2 SERIES,4,E01004016,0,-1
2023041374752,2023,041374752,1,9,0,18,19,8,4,0,0,0,0,4,0,0,1,1,5,6,1,83,11,1995,2,5,BMW 2 SERIES,8,E01025513,0,-1
2023010419727,2023,010419727,2,9,0,99,99,9,9,99,99,9,9,99,9,99,0,9,6,6,3,-1,-1,1995,2,8,BMW 2 SERIES,-1,-1,0,-1
2023010454965,2023,010454965,1,9,0,5,5,0,3,0,0,1,0,0,0,0,2,1,6,6,2,23,5,1499,1,1,BMW 2 SERIES,1,E01000601,0,-1
2023052302362,2023,052302362,4,8,0,18,19,7,3,0,0,0,0,0,0,0,1,1,2,2,1,51,8,1499,1,5,-1,1,E01006648,0,-1
2023141309735,2023,141309735,1,9,0,18,19,6,2,0,0,8,0,0,0,0,1,1,5,6,2,25,5,1995,2,9,BMW 2 SERIES,3,E01007799,0,-1
2023141271316,2023,141271316,1,8,0,16,19,5,8,0,0,0,0,0,0,0,1,1,6,6,1,34,6,1995,2,6,-1,1,E01007913,0,-1