collision_index,collision_year,collision_ref_no,vehicle_reference,vehicle_type,towing_and_articulation,vehicle_manoeuvre_historic,vehicle_manoeuvre,vehicle_direction_from,vehicle_direction_to,vehicle_location_restricted_lane_historic,vehicle_location_restricted_lane,junction_location,skidding_and_overturning,hit_object_in_carriageway,vehicle_leaving_carriageway,hit_object_off_carriageway,first_point_of_impact,vehicle_left_hand_drive,journey_purpose_of_driver_historic,journey_purpose_of_driver,sex_of_driver,age_of_driver,age_band_of_driver,engine_capacity_cc,propulsion_code,age_of_vehicle,generic_make_model,driver_imd_decile,lsoa_of_driver,escooter_flag,driver_distance_banding
2023201315429,2023,201315429,2,9,0,2,2,-1,-1,0,0,0,0,0,0,0,4,1,6,6,1,38,7,-1,3,0,HYUNDAI KONA,1,E01009574,0,-1
202360A086010,2023,60A086010,1,9,0,1,1,6,3,0,0,0,0,0,0,0,2,1,6,6,3,-1,-1,-1,3,2,HYUNDAI KONA,-1,-1,0,-1
2023481406859,2023,481406859,1,8,0,5,5,7,3,0,0,8,0,0,0,0,1,1,1,1,1,48,8,-1,3,3,-1,-1,-1,0,-1
2023501274523,2023,501274523,1,9,0,18,19,3,6,0,0,1,0,0,0,0,1,1,1,1,1,26,6,-1,3,2,HYUNDAI KONA,-1,-1,0,-1
2023461322597,2023,461322597,2,9,0,18,19,3,7,0,0,8,0,0,0,0,2,1,6,6,2,34,6,998,1,5,HYUNDAI KONA,6,E01024136,0,-1
2023041302594,2023,041302594,2,9,0,18,19,1,5,0,0,1,0,0,0,0,2,1,3,7,2,36,7,1580,8,2,HYUNDAI KONA,1,E01012681,0,-1
2023010484967,2023,010484967,1,9,0,18,19,7,3,0,0,8,0,0,0,0,2,1,6,6,1,51,8,-1,3,2,HYUNDAI KONA,10,E01023313,0,-1
2023010463253,2023,010463253,2,9,0,5,5,7,3,0,0,1,0,0,0,0,1,1,6,6,1,30,6,1580,8,0,HYUNDAI KONA,2,E01001130,0,-1
2023991262217,2023,991262217,1,9,0,9,9,2,1,0,0,2,0,0,0,0,1,1,5,6,1,62,9,1580,8,1,HYUNDAI KONA,-1,-1,0,-1
2023411284548,2023,411284548,1,9,0,17,19,3,7,0,0,0,0,0,0,0,1,1,1,1,1,25,5,1580,8,1,HYUNDAI KONA,4,E01023870,0,-1
2023361373129,2023,361373129,1,9,0,9,9,1,6,0,0,5,0,0,0,0,1,1,6,6,1,47,8,-1,3,2,HYUNDAI KONA,4,E01026728,0,-1
2023201279598,2023,201279598,2,9,0,4,4,6,2,0,0,1,0,0,0,0,2,1,2,2,2,49,8,998,1,5,HYUNDAI KONA,3,E01008952,0,-1
2023541499423,2023,541499423,2,9,0,4,4,2,6,0,0,1,0,0,0,0,2,1,6,6,2,58,9,-1,3,3,HYUNDAI KONA,9,E01015523,0,-1
2023991359037,2023,991359037,1,9,0,5,5,6,8,0,0,1,0,0,0,0,3,1,5,6,2,71,10,998,8,1,HYUNDAI KONA,-1,-1,0,-1
2023320626038,2023,320626038,1,9,0,18,19,4,8,0,0,8,0,0,0,0,3,1,6,6,2,65,9,1580,8,3,HYUNDAI KONA,3,E01026122,0,-1
2023010478863,2023,010478863,1,9,0,13,13,5,1,0,0,8,0,0,0,0,1,1,6,6,1,19,4,-1,3,2,HYUNDAI KONA,4,E01003530,0,-1
2023991302113,2023,991302113,2,9,0,4,4,4,8,0,0,0,0,0,0,0,2,1,1,1,1,41,7,-1,3,2,HYUNDAI KONA,-1,-1,0,-1
2023411342003,2023,411342003,1,9,-1,-1,-1,-1,-1,-1,-1,-1,-1,-1,-1,0,-1,1,6,6,2,44,7,998,8,0,HYUNDAI KONA,4,E01023669,0,-1
2023522400654,2023,522400654,1,9,0,18,19,6,2,0,0,0,0,4,0,0,4,1,6,6,1,26,6,1580,8,1,HYUNDAI KONA,1,E01014658,0,-1
2023010454654,2023,010454654,2,9,0,18,19,3,7,0,0,2,0,0,0,0,4,1,6,6,1,27,6,-1,3,2,HYUNDAI KONA,3,E01000055,0,-1
2023461344122,2023,461344122,3,9,0,18,19,3,7,0,0,0,1,0,0,0,2,1,5,6,1,54,8,1580,8,3,HYUNDAI KONA,4,E01024296,0,-1
2023221298994,2023,221298994,2,9,0,16,19,2,6,0,0,6,1,0,0,0,1,1,5,6,1,18,4,1998,1,1,HYUNDAI KONA,7,E01009793,0,-1
2023302301095,2023,302301095,2,9,0,7,7,5,7,0,0,0,0,0,0,0,1,1,6,6,1,79,11,1580,8,1,HYUNDAI KONA,5,E01019512,0,-1
2023361325053,2023,361325053,1,9,0,18,19,8,2,0,0,5,0,0,0,0,1,1,6,6,2,39,7,-1,3,1,HYUNDAI KONA,10,E01027205,0,-1
2023010440400,2023,010440400,1,9,0,5,5,7,3,0,0,2,0,0,0,0,1,1,6,6,2,54,8,1580,8,1,HYUNDAI KONA,3,E01002325,0,-1
2023231265343,2023,231265343,2,9,0,9,9,2,8,0,0,6,0,0,0,0,3,1,6,6,2,49,8,-1,3,2,HYUNDAI KONA,7,E01016264,0,-1
2023430015557,2023,430015557,2,9,0,3,3,8,4,0,0,0,0,0,0,0,2,1,2,2,2,39,7,998,1,5,HYUNDAI KONA,6,E01028451,0,-1
2023061334272,2023,061334272,1,9,0,18,19,1,6,0,0,8,0,0,0,0,1,1,6,6,1,30,6,998,1,4,HYUNDAI KONA,8,E01006281,0,-1
2023010434157,2023,010434157,2,9,0,99,99,9,9,99,99,9,9,99,9,99,1,9,6,6,3,-1,-1,-1,3,5,HYUNDAI KONA,-1,-1,0,-1
2023031370871,2023,031370871,2,9,0,18,19,3,7,0,0,0,0,0,2,7,3,1,6,6,1,57,9,998,8,2,HYUNDAI KONA,6,E01019088,0,-1
2023991300585,2023,991300585,1,9,0,18,19,5,3,0,0,4,0,0,0,0,1,1,3,7,1,78,11,-1,3,1,HYUNDAI KONA,7,-1,0,-1
2023320708780,2023,320708780,2,9,0,18,19,2,6,0,0,0,0,0,0,0,2,1,6,6,2,71,10,-1,3,0,HYUNDAI KONA,3,E01026017,0,-1
2023991350432,2023,991350432,2,9,0,18,19,6,2,0,0,0,0,0,0,0,2,1,1,1,1,39,7,-1,3,2,HYUNDAI KONA,10,-1,0,-1
2023320432632,2023,320432632,2,9,0,18,19,6,2,0,0,0,0,0,0,0,3,1,6,6,1,63,9,1580,8,0,HYUNDAI KONA,3,E01026056,0,-1
2023501372956,2023,501372956,1,9,0,7,7,5,7,0,0,8,0,0,0,0,1,1,6,6,1,61,9,-1,3,2,HYUNDAI KONA,10,E01020166,0,-1
2023340WN1482,2023,340WN1482,2,9,0,3,3,8,4,0,0,1,0,0,0,0,2,1,6,6,1,41,7,998,1,5,HYUNDAI KONA,10,E01027203,0,-1
2023991283650,2023,991283650,1,9,0,5,5,1,5,0,0,2,0,0,0,0,1,1,6,6,1,25,5,998,8,2,HYUNDAI KONA,1,-1,0,-1
2023031328370,2023,031328370,2,9,0,4,4,5,1,0,0,8,0,0,0,0,2,1,5,6,2,64,9,1580,8,1,HYUNDAI KONA,-1,-1,0,-1
2023201284742,2023,201284742,1,9,0,2,2,0,0,0,0,0,0,0,0,0,2,1,6,6,2,37,7,-1,3,1,HYUNDAI KONA,1,E01009756,0,-1
2023340WN5732,2023,340WN5732,2,9,0,9,9,6,4,0,0,8,0,0,0,0,1,1,6,6,1,46,8,-1,3,2,HYUNDAI KONA,2,E01027161,0,-1
2023340WN3282,2023,340WN3282,2,9,0,18,19,1,5,0,0,8,0,0,0,0,4,1,2,2,1,47,8,-1,3,2,HYUNDAI KONA,8,E01010209,0,-1
2023010478028,2023,010478028,2,8,0,99,99,9,9,99,99,9,9,99,9,99,1,9,6,6,3,-1,-1,-1,3,3,-1,2,E01004283,0,-1
2023501351403,2023,501351403,3,9,0,18,19,1,5,0,0,0,0,0,0,0,2,1,6,6,1,31,6,998,1,5,HYUNDAI KONA,10,E01020144,0,-1
2023501324146,2023,501324146,2,9,0,2,2,0,0,0,0,2,0,0,0,0,2,1,6,6,2,33,6,998,8,1,HYUNDAI KONA,8,E01015113,0,-1
2023041372246,2023,041372246,1,9,0,7,7,3,7,0,0,1,0,0,0,0,0,1,5,6,2,71,10,1580,8,1,HYUNDAI KONA,9,E01025039,0,-1
2023201380381,2023,201380381,1,9,0,18,19,-1,-1,0,0,8,0,0,0,0,1,1,6,6,1,-1,-1,-1,3,1,HYUNDAI KONA,8,E01010360,0,-1
2023201291923,2023,201291923,1,9,0,18,19,2,6,0,0,1,0,0,0,0,1,1,6,6,1,-1,-1,1580,8,2,HYUNDAI KONA,-1,-1,0,-1
2023211436359,2023,211436359,2,9,0,18,19,5,1,0,0,1,0,0,0,0,1,1,5,6,1,39,7,-1,3,3,HYUNDAI KONA,9,E01029521,0,-1
2023471307713,2023,471307713,1,9,0,5,5,3,7,0,0,2,0,0,0,0,1,1,6,6,1,29,6,-1,3,2,HYUNDAI KONA,2,E01021092,0,-1
2023131322492,2023,131322492,2,9,0,18,19,1,5,0,0,0,0,0,0,0,2,1,6,6,1,36,7,-1,3,3,HYUNDAI KONA,6,E01011525,0,-1
2023201370096,2023,201370096,2,9,0,18,19,5,1,0,0,8,0,0,0,0,1,1,1,1,1,28,6,1580,8,3,HYUNDAI KONA,1,E01009638,0,-1
2023501308698,2023,501308698,1,9,0,18,19,5,1,0,0,0,0,0,0,0,1,1,6,6,1,78,11,1580,8,1,HYUNDAI KONA,1,E01019004,0,-1
202354C941523,2023,54C941523,2,9,0,2,2,0,0,-1,-1,0,0,0,0,0,3,1,6,6,2,-1,-1,1580,8,1,HYUNDAI KONA,8,E01031939,0,-1
2023421291066,2023,421291066,1,9,0,18,19,6,2,0,0,0,0,0,0,0,3,1,5,6,1,69,10,998,1,2,HYUNDAI KONA,10,E01021896,0,-1
2023170S31933,2023,170S31933,1,9,0,18,19,6,2,0,0,8,0,0,0,0,3,1,6,6,2,25,5,998,1,2,HYUNDAI KONA,-1,-1,0,-1
2023010477695,2023,010477695,2,9,0,18,19,3,7,0,0,8,0,0,0,0,1,1,6,6,2,21,5,1580,8,0,HYUNDAI KONA,2,E01000972,0,-1
2023471381514,2023,471381514,3,9,0,2,2,0,0,0,0,0,0,0,0,0,2,1,6,6,3,-1,-1,998,8,2,HYUNDAI KONA,-1,-1,0,-1
2023010420066,2023,010420066,1,9,0,18,19,3,7,0,0,0,0,0,1,0,3,1,1,1,1,55,8,-1,3,3,HYUNDAI KONA,4,E01002369,0,-1
2023311365967,2023,311365967,1,9,0,7,7,8,1,0,0,5,0,0,0,0,3,1,5,6,1,39,7,-1,3,0,HYUNDAI KONA,2,E01013976,0,-1
2023361374268,2023,361374268,1,9,0,18,19,4,8,0,0,0,0,0,7,0,1,1,6,6,2,52,8,1580,8,0,HYUNDAI KONA,4,E01026656,0,-1
2023101384316,2023,101384316,1,9,0,18,19,4,8,0,0,0,0,0,0,0,1,1,6,6,2,-1,-1,1580,8,1,HYUNDAI KONA,-1,-1,0,-1
2023161341061,2023,161341061,1,9,0,15,15,3,7,0,0,8,5,0,7,9,3,1,5,6,1,44,7,-1,3,2,HYUNDAI KONA,5,E01027807,0,-1
2023201298373,2023,201298373,2,9,0,7,7,-1,-1,0,0,3,0,0,0,0,1,1,6,6,1,62,9,1580,8,1,HYUNDAI KONA,1,E01009305,0,-1
2023430555304,2023,430555304,2,9,0,3,3,6,2,0,0,0,0,0,0,0,1,1,6,6,1,36,7,1580,8,3,HYUNDAI KONA,5,E01002629,0,-1
2023010464590,2023,010464590,1,9,0,18,19,5,1,0,0,8,0,10,0,0,4,1,6,6,2,68,10,1580,8,1,HYUNDAI KONA,8,E01001094,0,-1
2023131316087,2023,131316087,1,9,0,18,19,5,1,0,0,0,5,0,0,0,4,1,5,6,2,17,4,-1,3,0,HYUNDAI KONA,6,E01033696,0,-1
2023061316725,2023,061316725,2,9,0,3,3,5,1,0,0,0,0,0,0,0,2,1,5,6,2,58,9,-1,3,0,HYUNDAI KONA,9,E01018692,0,-1
2023101371710,2023,101371710,2,9,0,4,4,5,1,0,0,0,0,0,0,0,2,1,2,2,2,46,8,-1,3,1,HYUNDAI KONA,1,E01008485,0,-1
2023101280177,2023,101280177,2,9,0,3,3,6,2,0,0,8,0,0,0,0,2,1,6,6,2,35,6,-1,3,0,HYUNDAI KONA,6,E01027517,0,-1
2023041400416,2023,041400416,1,9,0,18,19,7,3,0,0,3,0,0,0,0,1,1,5,6,1,78,11,1580,8,0,HYUNDAI KONA,6,E01025433,0,-1
2023545806723,2023,545806723,2,9,0,4,4,1,5,0,0,0,0,0,0,0,2,1,6,6,1,63,9,1580,8,3,HYUNDAI KONA,1,E01009354,0,-1
2023010481857,2023,010481857,2,9,0,99,99,9,9,99,99,9,9,99,9,99,9,9,6,6,3,-1,-1,1580,8,1,HYUNDAI KONA,-1,-1,0,-1
2023461383566,2023,461383566,3,9,0,2,2,0,0,0,0,0,0,0,0,0,2,1,6,6,3,-1,-1,-1,3,1,HYUNDAI KONA,-1,-1,0,-1
2023010477687,2023,010477687,1,9,0,4,4,7,3,0,0,0,0,0,0,0,2,1,1,1,1,60,9,-1,3,3,HYUNDAI KONA,8,E01030951,0,-1
2023991379923,2023,991379923,3,9,0,3,3,7,3,0,0,0,0,0,0,0,2,1,2,2,2,77,11,1580,8,1,HYUNDAI KONA,-1,-1,0,-1
2023201323134,2023,201323134,2,9,0,18,19,8,4,0,0,4,0,0,0,0,2,1,6,6,1,38,7,998,1,4,HYUNDAI KONA,8,E01032127,0,-1
2023531362713,2023,531362713,1,9,0,9,9,5,3,0,0,8,0,0,0,0,1,1,6,6,1,37,7,-1,3,0,HYUNDAI KONA,6,E01032935,0,-1
2023471361185,2023,471361185,3,9,0,18,19,8,4,0,0,0,0,0,0,0,1,1,5,6,2,32,6,-1,3,0,HYUNDAI KONA,6,E01031743,0,-1
2023010439192,2023,010439192,1,9,0,99,99,9,9,99,99,9,9,99,9,99,9,9,6,6,2,47,8,1580,8,2,HYUNDAI KONA,2,E01003351,0,-1
2023371328992,2023,371328992,1,9,0,5,5,4,8,0,0,8,0,0,0,0,3,1,6,6,2,35,6,-1,3,0,HYUNDAI KONA,7,E01030288,0,-1
2023122300554,2023,122300554,1,9,0,17,19,1,5,0,0,0,0,0,0,0,1,1,2,2,2,50,8,1580,8,1,HYUNDAI KONA,10,E01027722,0,-1
2023122300442,2023,122300442,1,9,0,12,12,7,3,0,0,0,0,0,5,6,1,1,6,6,1,57,9,998,1,4,HYUNDAI KONA,9,E01025951,0,-1
2023622300786,2023,622300786,2,9,0,3,3,4,8,0,0,1,0,0,0,0,2,1,6,6,2,39,7,998,1,4,HYUNDAI KONA,8,W01000759,0,-1
2023411287314,2023,411287314,1,9,0,18,19,5,7,0,0,2,1,0,0,0,4,1,2,2,2,52,8,998,8,1,HYUNDAI KONA,5,E01023546,0,-1
2023552300048,2023,552300048,3,9,0,4,4,3,7,0,0,0,0,0,0,0,2,1,6,6,1,33,6,-1,3,2,HYUNDAI KONA,5,E01015334,0,-1
2023061275449,2023,061275449,1,9,0,18,19,1,5,0,0,1,0,0,0,0,1,1,6,6,1,30,6,1580,8,2,HYUNDAI KONA,1,E01005935,0,-1
2023522300971,2023,522300971,1,9,0,8,8,8,2,0,0,1,0,0,0,0,2,1,6,6,2,74,10,1591,1,4,HYUNDAI KONA,8,E01014824,0,-1
2023201398227,2023,201398227,1,9,0,18,19,7,3,0,0,0,1,7,1,11,4,1,2,2,2,26,6,1580,8,2,HYUNDAI KONA,1,E01008896,0,-1
2023501388539,2023,501388539,2,9,0,18,19,2,6,0,0,8,0,0,0,0,4,1,3,7,2,41,7,998,1,4,HYUNDAI KONA,5,E01019887,0,-1
2023991349682,2023,991349682,2,9,0,18,19,4,8,0,0,0,0,2,0,0,2,1,1,1,1,40,7,-1,3,2,HYUNDAI KONA,-1,-1,0,-1
2023461375599,2023,461375599,1,9,0,18,19,5,1,0,0,0,0,0,0,0,1,1,6,6,1,-1,-1,-1,3,3,HYUNDAI KONA,-1,-1,0,-1
2023552300812,2023,552300812,1,9,0,18,19,4,8,0,0,0,0,0,7,1,1,1,6,6,2,70,10,-1,3,3,HYUNDAI KONA,9,E01015432,0,-1
2023201398866,2023,201398866,1,9,0,18,19,5,1,0,0,6,0,10,3,11,1,1,6,6,1,39,7,1580,8,1,HYUNDAI KONA,1,E01010366,0,-1
2023010460138,2023,010460138,2,9,0,5,5,7,3,0,0,4,0,0,0,0,1,1,6,6,2,45,7,-1,3,1,HYUNDAI KONA,1,E01002280,0,-1
2023141353810,2023,141353810,1,9,0,18,19,6,3,0,0,1,0,0,0,0,2,1,5,6,1,69,10,1580,8,2,HYUNDAI KONA,3,E01007345,0,-1
2023010424849,2023,010424849,2,9,0,99,99,9,9,99,99,9,9,99,9,99,0,9,6,6,1,31,6,-1,3,2,HYUNDAI KONA,5,E01000243,0,-1
2023122300980,2023,122300980,2,9,0,18,19,1,5,0,0,0,0,0,1,0,1,1,2,2,1,49,8,998,1,4,HYUNDAI KONA,3,E01012137,0,-1
2023351363289,2023,351363289,1,8,0,3,3,3,7,0,0,2,0,0,0,0,2,1,1,1,1,51,8,-1,3,2,-1,2,E01015654,0,-1
2023201286996,2023,201286996,1,9,0,18,19,7,3,0,0,8,0,0,0,0,1,1,6,6,1,-1,-1,998,1,3,HYUNDAI KONA,-1,-1,0,-1
2023010472651,2023,010472651,2,9,0,5,5,5,1,0,0,2,0,0,0,0,1,1,6,6,1,31,6,-1,3,2,HYUNDAI KONA,2,E01029996,0,-1
2023010476963,2023,010476963,2,9,0,18,19,5,1,0,0,2,0,0,0,0,2,1,6,6,1,49,8,-1,3,3,HYUNDAI KONA,5,E01000142,0,-1
2023201327799,2023,201327799,1,9,4,18,19,4,8,0,0,0,5,4,0,0,1,1,1,1,2,58,9,998,1,6,HYUNDAI KONA,1,E01009988,0,-1
2023522300836,2023,522300836,1,9,0,18,19,6,2,0,0,0,0,0,0,0,2,1,1,1,1,32,6,1580,8,1,HYUNDAI KONA,4,E01020217,0,-1
2023010440951,2023,010440951,2,9,0,99,99,9,9,99,99,9,9,99,9,99,1,9,6,6,3,18,4,1580,8,3,HYUNDAI KONA,1,E01003347,0,-1
2023302301836,2023,302301836,1,9,0,16,19,4,6,0,0,2,0,0,0,0,3,1,6,6,2,48,8,998,1,5,HYUNDAI KONA,3,E01033388,0,-1
2023070471272,2023,070471272,2,9,0,17,19,1,5,0,0,0,0,0,0,0,1,1,6,6,1,60,9,-1,3,2,HYUNDAI KONA,4,E01018309,0,-1
2023371305868,2023,371305868,1,9,0,13,13,6,2,0,0,2,0,0,0,0,1,1,3,7,2,43,7,998,1,5,HYUNDAI KONA,7,E01021407,0,-1
2023010432955,2023,010432955,2,9,0,18,19,3,7,0,0,1,0,0,0,0,3,1,1,1,1,45,7,-1,3,1,HYUNDAI KONA,-1,-1,0,-1
2023631390836,2023,631390836,1,9,0,18,19,8,4,0,0,0,0,0,0,0,3,1,5,6,1,35,6,998,8,2,HYUNDAI KONA,4,W01000602,0,-1
2023302300209,2023,302300209,2,9,0,4,4,6,2,0,0,1,0,0,0,0,2,1,6,6,2,39,7,1580,8,1,HYUNDAI KONA,5,E01019512,0,-1
2023131345525,2023,131345525,1,9,0,7,7,3,7,0,0,1,0,0,0,0,1,1,5,6,1,65,9,-1,3,3,HYUNDAI KONA,8,E01010575,0,-1
2023552300785,2023,552300785,2,9,0,18,19,6,2,0,0,0,0,0,0,0,1,1,2,2,1,50,8,-1,3,1,HYUNDAI KONA,10,E01022675,0,-1
2023041335504,2023,041335504,1,9,0,18,19,5,1,0,0,1,0,0,0,0,1,1,5,6,2,77,11,998,8,0,HYUNDAI KONA,7,E01025199,0,-1
2023421389365,2023,421389365,1,9,0,9,9,7,4,0,0,8,0,0,0,0,4,1,5,6,1,31,6,-1,3,2,HYUNDAI KONA,9,E01021721,0,-1
2023231322790,2023,231322790,1,9,0,18,19,2,6,0,0,0,0,0,0,0,1,1,5,6,1,45,7,-1,3,2,HYUNDAI KONA,-1,-1,0,-1
2023430582829,2023,430582829,1,9,0,9,9,3,1,0,0,6,0,0,0,0,1,1,6,6,2,60,9,1580,8,1,HYUNDAI KONA,-1,-1,0,-1
2023340WN0602,2023,340WN0602,2,9,0,7,7,5,1,0,0,8,0,0,0,0,2,1,6,6,2,46,8,1591,1,5,HYUNDAI KONA,5,E01027138,0,-1
2023631373343,2023,631373343,1,9,0,18,19,1,5,0,0,0,0,0,0,0,2,1,5,6,2,63,9,-1,3,1,HYUNDAI KONA,8,W01000458,0,-1
2023061378735,2023,061378735,5,9,0,18,19,5,1,0,0,0,0,0,0,0,2,1,5,6,1,31,6,-1,3,0,HYUNDAI KONA,7,E01004835,0,-1
202354B998723,2023,54B998723,2,9,0,18,19,4,8,0,0,1,0,0,0,0,3,1,6,6,1,53,8,-1,3,2,HYUNDAI KONA,7,E01031848,0,-1
2023231356739,2023,231356739,1,9,0,7,7,2,4,0,0,4,0,0,0,0,1,1,6,6,2,40,7,998,8,1,HYUNDAI KONA,-1,-1,0,-1
2023131355027,2023,131355027,1,9,0,18,19,6,2,0,0,0,0,0,7,0,1,1,5,6,1,58,9,-1,3,2,HYUNDAI KONA,1,E01010924,0,-1
2023320244000,2023,320244000,2,9,0,2,2,0,0,0,0,1,0,0,0,0,3,1,6,6,3,-1,-1,998,1,4,HYUNDAI KONA,-1,-1,0,-1
2023010483828,2023,010483828,1,9,0,18,19,5,1,0,0,1,0,0,0,0,1,1,1,1,1,62,9,-1,3,2,HYUNDAI KONA,7,E01004130,0,-1
2023451316938,2023,451316938,1,9,0,18,19,1,5,0,0,0,0,0,7,1,1,1,5,6,1,91,11,-1,3,0,HYUNDAI KONA,10,E01030866,0,-1
2023201370103,2023,201370103,1,9,0,18,19,3,7,0,0,8,0,10,7,7,1,1,5,6,1,41,7,-1,3,0,HYUNDAI KONA,6,E01010115,0,-1
2023471325503,2023,471325503,2,9,0,18,19,8,4,0,0,0,0,0,7,0,1,1,5,6,2,31,6,998,1,4,HYUNDAI KONA,-1,-1,0,-1
2023501368659,2023,501368659,2,9,0,18,19,1,4,0,0,0,0,0,0,0,2,1,5,6,1,81,11,1580,8,2,HYUNDAI KONA,2,E01015194,0,-1
2023991299959,2023,991299959,1,9,0,18,19,7,3,0,0,8,0,0,0,0,4,1,5,6,1,56,9,998,8,1,HYUNDAI KONA,3,-1,0,-1
2023401308433,2023,401308433,2,9,0,4,4,4,1,0,0,1,0,0,0,0,2,1,6,6,2,73,10,-1,3,0,HYUNDAI KONA,3,E01017562,0,-1
2023421294295,2023,421294295,1,9,0,9,9,5,1,0,0,8,0,0,0,0,3,1,5,6,1,85,11,1580,8,2,HYUNDAI KONA,7,E01021967,0,-1
2023101385870,2023,101385870,1,9,0,5,5,6,5,0,0,6,0,0,0,0,1,1,6,6,1,61,9,-1,3,0,HYUNDAI KONA,4,E01027442,0,-1
2023991339598,2023,991339598,2,9,0,18,19,6,1,0,0,2,0,0,0,0,3,1,6,6,1,49,8,998,8,1,HYUNDAI KONA,2,-1,0,-1
2023131383571,2023,131383571,2,9,0,18,19,7,3,0,0,0,1,0,0,0,2,1,2,2,2,27,6,998,1,4,HYUNDAI KONA,8,E01007502,0,-1
2023991305080,2023,991305080,3,9,0,18,19,4,8,0,0,0,1,0,1,0,1,1,5,6,2,57,9,998,8,2,HYUNDAI KONA,-1,-1,0,-1
2023461328461,2023,461328461,2,9,0,3,3,5,8,0,0,0,0,0,0,0,2,1,5,6,2,38,7,-1,3,0,HYUNDAI KONA,-1,-1,0,-1
2023471356448,2023,471356448,1,9,0,18,19,3,7,0,0,0,0,0,0,0,4,1,6,6,1,-1,-1,1580,8,2,HYUNDAI KONA,9,E01031615,0,-1
2023170M10753,2023,170M10753,2,9,0,3,3,4,8,0,0,1,0,0,0,0,2,1,6,6,2,60,9,998,1,5,HYUNDAI KONA,1,E01012027,0,-1
2023451290372,2023,451290372,1,9,0,18,19,8,4,0,0,0,0,0,1,4,1,1,1,1,1,72,10,-1,3,3,HYUNDAI KONA,3,E01004633,0,-1
2023522300417,2023,522300417,1,9,0,9,9,4,1,0,0,5,0,0,0,0,1,1,6,6,2,31,6,1580,8,1,HYUNDAI KONA,1,E01032515,0,-1
2023991305791,2023,991305791,2,9,0,5,5,3,7,0,0,0,0,0,0,0,1,1,6,6,2,28,6,-1,3,1,HYUNDAI KONA,-1,-1,0,-1
2023010472654,2023,010472654,1,9,0,18,19,5,1,0,0,8,9,0,0,0,1,9,6,6,3,50,8,1580,8,1,HYUNDAI KONA,5,E01023546,0,-1
2023440436824,2023,440436824,1,9,0,7,7,7,1,0,0,5,0,0,0,0,4,1,6,6,2,38,7,998,1,4,HYUNDAI KONA,1,E01017163,0,-1
2023010470942,2023,010470942,2,9,0,18,19,1,5,0,0,4,0,0,0,0,2,1,6,6,3,-1,-1,1580,8,1,HYUNDAI KONA,-1,-1,0,-1
2023122300300,2023,122300300,2,9,0,17,19,6,2,0,0,0,0,0,1,0,1,1,6,6,2,32,6,998,1,4,HYUNDAI KONA,5,E01012191,0,-1
2023440094589,2023,440094589,2,9,0,7,7,1,3,0,0,5,0,0,0,0,1,1,6,6,1,39,7,998,8,1,HYUNDAI KONA,6,E01023008,0,-1
2023991375737,2023,991375737,2,9,0,16,19,5,1,0,0,7,0,0,0,0,1,1,5,6,1,66,10,1580,8,3,HYUNDAI KONA,-1,-1,0,-1
2023031341224,2023,031341224,1,9,0,18,19,2,6,0,0,8,0,4,0,0,1,1,6,6,2,70,10,1580,8,1,HYUNDAI KONA,5,E01019264,0,-1
2023201402160,2023,201402160,1,9,0,18,19,4,8,0,0,8,0,0,0,0,1,1,2,2,2,44,7,998,8,2,HYUNDAI KONA,6,E01009598,0,-1
2023170L20013,2023,170L20013,1,9,0,18,19,2,6,0,0,1,0,0,0,0,1,1,6,6,1,66,10,998,8,2,HYUNDAI KONA,2,E01012111,0,-1
2023461293831,2023,461293831,1,9,-1,-1,-1,-1,-1,-1,-1,0,-1,-1,-1,0,-1,1,6,6,1,68,10,-1,3,1,HYUNDAI KONA,2,E01024398,0,-1
202363B023223,2023,63B023223,1,9,0,18,19,3,7,0,0,0,0,0,1,10,1,1,6,6,1,84,11,1580,8,3,HYUNDAI KONA,5,W01000518,0,-1
2023991361539,2023,991361539,1,9,0,16,19,4,6,0,0,0,5,0,7,11,1,1,5,6,2,20,4,-1,3,1,HYUNDAI KONA,9,-1,0,-1
2023010423751,2023,010423751,1,9,0,5,5,6,2,0,0,0,0,4,0,0,1,1,6,6,2,33,6,1580,8,3,HYUNDAI KONA,8,E01002418,0,-1
2023161341899,2023,161341899,1,9,0,4,4,6,2,0,0,0,0,0,0,0,2,1,5,6,1,57,9,1580,8,0,HYUNDAI KONA,9,E01026203,0,-1
2023421377805,2023,421377805,1,9,0,18,19,5,1,0,0,0,0,0,0,0,1,1,5,6,1,84,11,1580,8,4,HYUNDAI KONA,1,E01021500,0,-1
2023421339039,2023,421339039,1,9,0,16,19,1,7,0,0,1,0,0,0,0,1,1,6,6,1,76,11,1580,8,1,HYUNDAI KONA,7,E01021413,0,-1
2023061301932,2023,061301932,1,9,0,9,9,5,1,0,0,5,0,0,0,0,4,1,2,2,1,43,7,-1,3,2,HYUNDAI KONA,5,E01006366,0,-1
2023010481653,2023,010481653,1,9,0,5,5,1,5,0,0,8,0,0,0,0,1,1,1,1,1,27,6,-1,3,1,HYUNDAI KONA,5,E01000070,0,-1
2023141273994,2023,141273994,1,9,0,16,19,1,1,0,0,0,5,0,3,0,1,1,2,2,1,42,7,-1,3,5,HYUNDAI KONA,3,E01007569,0,-1
2023411323508,2023,411323508,2,9,0,4,4,-1,-1,0,0,0,0,0,0,0,2,1,5,6,1,39,7,998,8,1,HYUNDAI KONA,7,E01023736,0,-1
2023010479857,2023,010479857,1,9,0,99,99,9,9,99,99,9,9,99,9,99,2,9,6,6,2,40,7,998,1,5,HYUNDAI KONA,4,E01001613,0,-1
2023201404799,2023,201404799,1,9,0,9,9,1,8,0,0,5,0,0,0,0,1,1,6,6,3,23,5,998,8,0,HYUNDAI KONA,5,E01010399,0,-1