collision_index,collision_year,collision_ref_no,vehicle_reference,vehicle_type,towing_and_articulation,vehicle_manoeuvre_historic,vehicle_manoeuvre,vehicle_direction_from,vehicle_direction_to,vehicle_location_restricted_lane_historic,vehicle_location_restricted_lane,junction_location,skidding_and_overturning,hit_object_in_carriageway,vehicle_leaving_carriageway,hit_object_off_carriageway,first_point_of_impact,vehicle_left_hand_drive,journey_purpose_of_driver_historic,journey_purpose_of_driver,sex_of_driver,age_of_driver,age_band_of_driver,engine_capacity_cc,propulsion_code,age_of_vehicle,generic_make_model,driver_imd_decile,lsoa_of_driver,escooter_flag,driver_distance_banding
202360A035754,2023,60A035754,1,9,0,18,19,1,5,0,0,0,0,0,0,0,1,1,6,6,2,23,5,998,1,4,HYUNDAI KONA,-1,-1,0,-1
2023991347343,2023,991347343,2,9,0,9,9,5,2,0,0,6,0,0,0,0,3,1,6,6,1,52,8,1580,8,2,HYUNDAI KONA,6,-1,0,-1
2023332300719,2023,332300719,1,9,0,3,3,8,4,0,0,1,0,0,3,0,2,1,6,6,1,66,10,1580,8,0,HYUNDAI KONA,9,E01025642,0,-1
2023211357967,2023,211357967,1,9,0,17,19,7,7,0,0,1,0,0,0,0,1,1,5,6,2,67,10,-1,3,1,HYUNDAI KONA,6,E01031031,0,-1
2023010434198,2023,010434198,1,9,0,99,99,9,9,99,99,9,9,99,9,99,1,9,6,6,3,-1,-1,1580,8,4,HYUNDAI KONA,-1,-1,0,-1
2023991306761,2023,991306761,1,9,0,18,19,5,1,0,0,0,0,0,0,0,1,1,5,6,1,32,6,998,8,1,HYUNDAI KONA,5,-1,0,-1
2023010423931,2023,010423931,2,9,0,6,6,8,8,0,0,0,0,0,0,0,1,1,6,6,2,44,7,-1,3,2,HYUNDAI KONA,4,E01000316,0,-1
2023311350543,2023,311350543,1,9,0,5,5,7,4,0,0,7,0,0,0,0,3,1,5,6,2,41,7,998,8,0,HYUNDAI KONA,3,E01027964,0,-1
2023311338367,2023,311338367,1,9,0,1,1,7,3,0,0,0,0,0,0,0,1,1,5,6,1,77,11,-1,3,0,HYUNDAI KONA,4,E01028239,0,-1
2023141294020,2023,141294020,1,9,0,3,3,3,1,0,0,1,0,0,0,0,2,1,6,6,2,53,8,1580,8,2,HYUNDAI KONA,4,E01007353,0,-1
2023201376776,2023,201376776,1,9,0,11,11,4,8,0,0,8,0,0,0,0,4,1,6,6,1,32,6,-1,3,0,HYUNDAI KONA,1,E01008901,0,-1
2023010461676,2023,010461676,2,9,0,2,2,0,0,0,0,1,0,4,0,0,2,1,6,6,3,-1,-1,-1,3,3,HYUNDAI KONA,-1,-1,0,-1
2023010422397,2023,010422397,1,9,0,18,19,5,1,9,9,1,0,4,0,0,1,1,6,6,1,37,7,1580,8,1,HYUNDAI KONA,-1,-1,0,-1
2023010483761,2023,010483761,1,9,0,9,9,1,7,0,0,8,0,0,0,0,4,1,6,6,1,42,7,1580,8,1,HYUNDAI KONA,3,E01001673,0,-1
2023041373116,2023,041373116,2,9,0,5,5,7,3,0,0,0,0,0,0,0,1,1,1,1,2,34,6,998,1,3,HYUNDAI KONA,2,E01012709,0,-1
2023010453657,2023,010453657,1,9,0,5,5,1,5,0,0,6,0,0,0,0,1,1,6,6,1,23,5,1580,8,2,HYUNDAI KONA,5,E01001581,0,-1
2023401363893,2023,401363893,1,9,0,4,4,4,8,0,0,0,0,0,0,0,2,1,6,6,2,58,9,-1,3,0,HYUNDAI KONA,-1,-1,0,-1
2023451371304,2023,451371304,3,11,0,18,19,5,1,0,0,3,0,0,0,0,3,1,1,1,1,57,9,10837,2,5,-1,9,E01030334,0,-1
2023991352493,2023,991352493,2,19,0,7,7,8,3,0,0,3,0,0,0,0,4,1,1,1,1,53,8,1968,2,4,MAN TGE,4,-1,0,-1
2023471311754,2023,471311754,1,19,0,18,19,5,1,0,0,1,0,0,0,0,1,1,1,1,1,38,7,1968,2,3,MAN TGE,6,E01031796,0,-1
2023351359455,2023,351359455,2,19,0,17,19,7,3,0,0,0,0,0,0,0,1,1,1,1,1,32,6,1968,2,0,MAN TGE,3,E01015666,0,-1
2023201417426,2023,201417426,1,19,0,18,19,4,8,0,0,0,0,0,0,0,1,1,1,1,1,23,5,1968,2,3,MAN TGE,8,E01010514,0,-1
2023302301277,2023,302301277,1,19,0,18,19,2,5,0,0,4,0,0,0,0,1,1,1,1,1,-1,-1,1968,2,1,MAN TGE,2,E01013965,0,-1
2023440063781,2023,440063781,1,19,0,17,19,1,6,0,0,2,0,0,1,10,1,1,1,1,1,53,8,1968,2,2,MAN TGE,5,E01016271,0,-1
2023201413930,2023,201413930,1,19,0,9,9,2,8,0,0,6,0,0,0,0,1,1,6,6,1,-1,-1,1968,2,0,MAN TGE,-1,-1,0,-1
2023991378541,2023,991378541,2,19,0,3,3,6,2,0,0,1,0,0,0,0,2,1,1,1,1,60,9,1968,2,0,MAN TGE,-1,-1,0,-1
2023451266075,2023,451266075,2,19,0,2,2,0,0,9,9,3,0,0,0,0,4,1,6,6,1,21,5,1968,2,3,MAN TGE,6,E01016469,0,-1
2023311384400,2023,311384400,1,20,0,5,5,3,7,6,6,0,0,0,0,0,1,1,1,1,1,35,6,-1,-1,-1,-1,7,E01028125,0,-1
2023991307338,2023,991307338,2,19,0,18,19,7,3,0,0,0,0,0,0,0,2,1,5,6,1,53,8,1968,2,1,MAN TGE,5,-1,0,-1
202360A109639,2023,60A109639,1,19,0,7,7,3,5,0,0,6,0,0,0,0,4,1,6,6,1,26,6,1968,2,3,MAN TGE,-1,-1,0,-1
2023201396806,2023,201396806,1,19,0,18,19,7,3,0,0,2,0,10,1,4,1,1,6,6,1,24,5,1968,2,2,MAN TGE,5,E01032133,0,-1
2023361352857,2023,361352857,1,19,0,18,19,7,3,0,0,8,0,0,0,0,3,1,5,6,1,50,8,1968,2,3,MAN TGE,10,E01026527,0,-1
2023451370619,2023,451370619,1,19,0,4,4,8,4,0,0,4,1,0,0,0,1,1,2,2,1,22,5,1968,2,3,MAN TGE,4,E01016517,0,-1
2023010478101,2023,010478101,1,19,0,18,19,1,5,0,0,1,0,0,0,0,1,1,2,2,1,49,8,1968,2,4,MAN TGE,9,E01009727,0,-1
2023302300570,2023,302300570,2,19,0,10,10,4,2,0,0,1,0,0,0,0,4,1,6,6,1,38,7,1968,2,2,MAN TGE,8,E01019602,0,-1
2023141321307,2023,141321307,1,19,0,18,19,4,8,0,0,1,0,0,0,0,4,1,6,6,1,44,7,1968,2,2,MAN TGE,7,E01007664,0,-1
2023010440315,2023,010440315,1,19,0,6,6,3,3,0,0,0,0,0,0,0,1,1,6,6,1,35,6,1968,2,3,MAN TGE,3,E01021860,0,-1
2023631330648,2023,631330648,1,21,0,16,19,4,7,0,0,2,0,0,1,10,1,1,5,6,1,20,4,1968,2,2,-1,5,W01000452,0,-1
2023101352465,2023,101352465,1,19,0,9,9,7,5,0,0,0,0,0,0,0,4,1,1,1,1,29,6,1968,2,3,MAN TGE,2,E01008840,0,-1
2023221325775,2023,221325775,3,19,0,4,4,1,5,0,0,0,0,0,0,0,2,1,1,1,1,57,9,1968,2,3,MAN TGE,7,W01000295,0,-1
2023471340887,2023,471340887,1,90,0,18,19,3,6,0,0,1,0,0,0,0,0,1,1,1,2,22,5,1968,2,4,-1,6,E01031554,0,-1
2023461318166,2023,461318166,1,19,0,18,19,7,3,0,0,5,0,2,7,0,1,1,1,1,1,65,9,-1,-1,-1,MAN TGE,6,E01024094,0,-1
2023010456534,2023,010456534,1,19,0,18,19,3,7,0,0,0,0,0,0,0,3,1,1,1,1,32,6,-1,3,3,MAN TGE,-1,-1,0,-1
2023070017387,2023,070017387,2,19,0,18,19,1,6,0,0,2,0,0,0,0,1,1,1,1,1,25,5,1968,2,1,MAN TGE,-1,-1,0,-1
2023061368247,2023,061368247,3,19,-1,9,9,8,4,0,0,0,-1,-1,0,0,3,1,1,1,2,60,9,1968,2,0,MAN TGE,3,E01005528,0,-1
2023991293345,2023,991293345,1,19,0,10,10,8,6,0,0,1,0,0,0,0,1,1,2,2,1,64,9,1968,2,1,MAN TGE,3,-1,0,-1
2023401361990,2023,401361990,1,20,0,16,19,5,2,0,0,0,0,0,0,0,1,1,1,1,1,38,7,-1,-1,-1,-1,9,E01017551,0,-1
2023010482338,2023,010482338,1,19,0,7,7,1,4,4,4,1,0,0,0,0,4,1,1,1,1,56,9,1968,2,1,MAN TGE,4,E01030383,0,-1
2023531268035,2023,531268035,3,90,0,15,15,5,1,0,0,0,0,0,0,0,0,1,1,1,2,-1,-1,1968,2,2,-1,5,E01022312,0,-1
2023010436556,2023,010436556,1,19,0,18,19,5,1,0,0,2,0,0,0,0,0,1,1,1,1,22,5,1968,2,0,MAN TGE,8,E01000320,0,-1
2023991319083,2023,991319083,1,19,0,1,1,6,2,9,9,6,0,0,0,0,2,1,1,1,1,38,7,1968,2,2,MAN TGE,5,-1,0,-1
2023010468382,2023,010468382,1,90,0,14,14,5,1,0,0,2,0,0,0,0,2,1,1,1,1,22,5,1968,2,4,-1,3,E01001489,0,-1
2023061310687,2023,061310687,1,90,0,9,9,2,7,0,0,8,0,0,0,0,0,1,1,1,2,-1,-1,1968,2,2,-1,-1,-1,0,-1
2023302301258,2023,302301258,3,19,0,10,10,6,2,0,0,1,0,0,0,0,1,1,1,1,1,52,8,1968,2,0,MAN TGE,-1,-1,0,-1
2023421358391,2023,421358391,1,19,0,18,19,2,6,9,9,2,0,0,1,0,4,1,1,1,1,-1,-1,1968,2,1,MAN TGE,3,E01002079,0,-1
2023440199021,2023,440199021,1,19,0,6,6,1,1,0,0,0,0,0,0,0,1,1,1,1,1,43,7,1968,2,3,MAN TGE,6,E01017200,0,-1
2023010479323,2023,010479323,2,19,9,99,99,9,9,99,99,9,9,99,9,99,4,9,6,6,1,35,6,1968,2,2,MAN TGE,2,E01001849,0,-1
2023010464302,2023,010464302,2,19,0,99,99,9,9,99,99,9,9,99,9,99,2,9,6,6,3,-1,-1,1968,2,1,MAN TGE,-1,-1,0,-1
2023101346241,2023,101346241,1,19,0,9,9,3,1,0,0,6,0,0,0,0,1,1,6,6,1,23,5,1968,2,3,MAN TGE,6,E01008177,0,-1
2023010457006,2023,010457006,2,20,9,99,99,9,9,99,99,9,9,99,9,99,1,9,6,6,1,62,9,1968,2,4,-1,9,E01016147,0,-1
2023141339375,2023,141339375,2,19,0,16,19,5,1,0,0,1,0,0,0,0,1,1,6,6,3,-1,-1,-1,3,1,MAN TGE,-1,-1,0,-1
2023111377893,2023,111377893,1,19,0,5,5,3,6,0,0,4,1,0,0,0,1,1,6,6,1,48,8,1968,2,3,MAN TGE,-1,-1,0,-1
2023461377310,2023,461377310,1,19,0,18,19,1,5,0,0,8,0,0,0,0,3,1,1,1,1,19,4,1968,2,3,MAN TGE,5,E01021089,0,-1
2023471307596,2023,471307596,2,19,0,18,19,7,3,0,0,0,0,0,0,0,1,1,1,1,1,63,9,1968,2,2,MAN TGE,10,E01023228,0,-1
2023010447721,2023,010447721,2,19,0,99,99,9,9,99,99,0,9,99,9,99,9,9,6,6,3,-1,-1,1968,2,4,MAN TGE,-1,-1,0,-1
2023991260426,2023,991260426,1,3,0,18,19,8,4,0,0,8,0,0,0,0,1,1,2,2,1,17,4,124,1,5,-1,7,-1,0,-1
2023501407000,2023,501407000,2,4,0,18,19,3,4,0,0,1,1,0,0,0,4,1,6,6,1,24,5,124,1,5,-1,2,E01015074,0,-1
2023340NN0222,2023,340NN0222,2,3,0,18,19,4,8,0,0,8,0,0,0,0,1,1,2,2,1,18,4,124,1,4,-1,5,E01027328,0,-1
2023546427023,2023,546427023,1,3,0,18,19,5,1,0,0,4,0,0,1,1,1,1,2,2,1,23,5,124,1,2,-1,4,E01015492,0,-1
2023010420718,2023,010420718,1,3,0,18,19,1,5,99,99,9,9,99,9,99,1,1,6,6,1,18,4,124,1,6,-1,6,E01003958,0,-1
2023161394337,2023,161394337,2,3,0,18,19,7,3,0,0,1,0,0,0,0,1,1,5,6,1,18,4,124,1,3,-1,6,E01012961,0,-1
2023991310715,2023,991310715,1,3,0,4,4,5,1,0,0,1,0,0,0,0,4,1,5,6,2,21,5,124,1,3,-1,5,-1,0,-1
2023440059148,2023,440059148,1,3,0,17,19,3,5,0,0,0,0,0,1,1,4,1,2,2,2,24,5,124,1,5,-1,3,E01017107,0,-1
2023522400926,2023,522400926,1,4,0,18,19,4,8,0,0,8,0,0,0,0,1,1,6,6,1,23,5,124,1,5,-1,7,E01014895,0,-1
2023520400098,2023,520400098,3,3,0,18,19,7,3,0,0,1,1,0,0,0,2,1,6,6,1,48,8,124,1,5,-1,-1,-1,0,-1
2023101332176,2023,101332176,2,3,-1,18,19,6,3,0,0,8,0,0,0,0,1,1,6,6,1,17,4,124,1,4,-1,9,E01008722,0,-1
2023421266565,2023,421266565,1,4,0,18,19,1,5,0,0,0,0,0,0,0,0,1,5,6,1,34,6,124,1,2,-1,5,E01021664,0,-1
2023501309069,2023,501309069,2,19,0,18,19,1,5,0,0,0,0,0,0,0,4,1,2,2,1,42,7,2953,2,22,NISSAN CABSTAR,5,E01020101,0,-1
2023501317319,2023,501317319,3,19,0,3,3,7,3,0,0,1,0,0,0,0,4,1,1,1,1,43,7,2488,2,12,NISSAN CABSTAR,9,E01020265,0,-1
2023461282137,2023,461282137,1,19,0,18,19,7,3,0,0,0,0,0,0,0,1,1,1,1,1,46,8,2953,2,18,NISSAN CABSTAR,5,E01024138,0,-1
2023631316346,2023,631316346,1,19,0,5,5,2,6,8,6,0,0,0,0,0,3,1,2,2,1,30,6,2488,2,14,NISSAN CABSTAR,2,W01000594,0,-1
2023461337120,2023,461337120,2,19,0,8,8,1,3,0,0,8,0,0,0,0,1,1,1,1,1,63,9,2488,2,11,NISSAN CABSTAR,8,E01021170,0,-1
2023052302971,2023,052302971,2,19,0,2,2,0,0,0,0,0,0,0,0,0,3,1,6,6,3,-1,-1,2664,2,20,NISSAN CABSTAR,-1,-1,0,-1
2023501375032,2023,501375032,1,19,0,5,5,5,2,0,0,8,0,0,0,0,1,1,1,1,1,54,8,2664,2,23,NISSAN CABSTAR,1,E01019056,0,-1
2023451276228,2023,451276228,1,19,0,18,19,1,5,0,0,0,0,0,0,0,3,1,5,6,1,44,7,2953,2,18,NISSAN CABSTAR,10,E01030584,0,-1
2023430353345,2023,430353345,1,19,0,16,19,7,2,0,0,0,0,0,8,10,3,1,1,1,1,21,5,2664,2,20,NISSAN CABSTAR,7,E01016305,0,-1
2023411394669,2023,411394669,4,19,0,2,2,0,0,0,0,1,0,0,7,10,2,1,6,6,3,-1,-1,2953,2,19,NISSAN CABSTAR,-1,-1,0,-1
2023501351817,2023,501351817,2,19,0,9,9,6,5,0,0,8,0,0,0,0,3,1,1,1,1,28,6,2488,2,10,NISSAN CABSTAR,7,E01020327,0,-1
2023161289740,2023,161289740,1,19,0,18,19,4,8,0,0,3,0,0,0,0,1,1,6,6,3,-1,-1,2488,2,16,NISSAN CABSTAR,-1,-1,0,-1
2023010440063,2023,010440063,2,19,0,99,99,9,9,99,99,0,9,99,9,99,9,9,6,6,3,-1,-1,2488,2,11,NISSAN CABSTAR,-1,-1,0,-1
2023991269710,2023,991269710,1,19,0,16,19,1,4,0,0,0,0,0,0,0,1,1,1,1,1,77,11,2488,2,14,NISSAN CABSTAR,2,-1,0,-1
2023131373249,2023,131373249,1,19,0,18,19,5,1,0,0,0,0,0,0,0,1,1,6,6,1,32,6,2488,2,13,NISSAN CABSTAR,3,E01011779,0,-1
2023411382351,2023,411382351,1,9,0,5,5,7,2,0,0,4,0,0,0,0,1,1,5,6,1,44,7,1587,1,21,PEUGEOT 206,3,E01023397,0,-1
2023161334557,2023,161334557,1,9,0,18,19,3,7,0,0,0,0,4,0,0,3,1,6,6,1,27,6,1124,1,19,PEUGEOT 206,8,E01013073,0,-1
2023332301121,2023,332301121,1,9,0,9,9,7,4,0,0,5,0,0,0,0,1,1,2,2,2,35,6,1587,1,17,PEUGEOT 206,2,E01025701,0,-1
2023371304234,2023,371304234,2,9,0,18,19,1,5,0,0,0,0,0,0,0,3,1,3,7,2,73,10,1587,1,24,PEUGEOT 206,7,E01026932,0,-1
2023010449268,2023,010449268,2,9,0,5,5,7,3,0,0,1,0,0,0,0,1,1,6,6,1,70,10,1124,1,19,PEUGEOT 206,4,E01001061,0,-1
2023401308433,2023,401308433,1,9,0,4,4,4,1,0,0,1,0,0,0,0,1,1,6,6,2,54,8,1360,1,17,PEUGEOT 206,4,E01017600,0,-1
2023131352945,2023,131352945,1,9,0,18,19,1,5,0,0,0,0,0,0,0,1,1,5,6,2,29,6,1997,1,18,PEUGEOT 206,3,E01011304,0,-1
2023201291579,2023,201291579,1,9,0,18,19,-1,-1,0,0,4,0,0,0,0,3,1,6,6,1,59,9,1997,2,22,PEUGEOT 206,3,E01010242,0,-1
2023552300804,2023,552300804,3,9,0,18,19,8,4,0,0,0,0,0,0,0,1,1,6,6,2,43,7,1360,1,17,PEUGEOT 206,6,E01015414,0,-1
2023552300936,2023,552300936,1,9,0,2,2,0,0,0,0,0,0,0,0,0,4,1,6,6,3,-1,-1,1997,1,20,PEUGEOT 206,-1,-1,0,-1
2023522301097,2023,522301097,1,9,0,9,9,1,7,0,0,8,0,0,0,0,1,1,6,6,2,48,8,1124,1,19,PEUGEOT 206,3,E01014515,0,-1
2023440187590,2023,440187590,1,9,0,18,19,6,2,0,0,0,0,0,5,6,3,1,2,2,1,37,7,1360,1,21,PEUGEOT 206,7,E01002222,0,-1
2023531278033,2023,531278033,2,9,0,17,19,7,3,0,0,8,0,0,0,0,1,1,5,6,2,55,8,1587,1,20,PEUGEOT 206,9,E01032299,0,-1
2023471328302,2023,471328302,1,9,0,18,19,8,4,0,0,0,1,0,0,0,1,1,2,2,1,81,11,1360,1,19,PEUGEOT 206,8,E01021209,0,-1
2023010461565,2023,010461565,1,9,0,18,19,3,7,0,0,8,0,0,0,0,4,1,6,6,2,40,7,1587,1,18,PEUGEOT 206,4,E01001672,0,-1
2023451312356,2023,451312356,2,9,0,18,19,3,7,0,0,2,0,0,0,0,1,1,5,6,2,32,6,1360,1,20,PEUGEOT 206,10,E01030626,0,-1
2023041366604,2023,041366604,1,9,0,5,5,5,1,0,0,8,0,0,0,0,1,1,6,6,1,37,7,1997,2,18,PEUGEOT 206,6,E01025004,0,-1
2023311328529,2023,311328529,1,9,0,18,19,1,5,0,0,0,0,0,0,0,1,1,3,7,1,53,8,1997,1,17,PEUGEOT 206,-1,-1,0,-1
2023501328477,2023,501328477,1,9,0,16,19,6,2,0,0,0,2,10,7,1,4,1,5,6,2,24,5,1360,1,21,PEUGEOT 206,3,E01020323,0,-1
2023302300890,2023,302300890,1,9,0,18,19,4,8,0,0,1,0,0,1,0,1,1,2,2,1,48,8,1398,2,17,PEUGEOT 206,1,E01019625,0,-1
2023031383054,2023,031383054,1,9,0,18,19,2,7,0,0,0,1,0,7,11,4,1,2,2,1,41,7,1398,2,16,PEUGEOT 206,-1,-1,0,-1
2023440359344,2023,440359344,2,9,0,18,19,4,8,0,0,0,0,0,0,0,1,1,6,6,1,39,7,1868,2,22,PEUGEOT 206,3,E01017244,0,-1
2023361351948,2023,361351948,3,9,0,2,2,0,0,0,0,0,0,0,0,0,0,1,6,6,3,-1,-1,1124,1,19,PEUGEOT 206,-1,-1,0,-1
2023451329474,2023,451329474,2,9,0,18,19,3,7,0,0,0,0,0,0,0,1,1,6,6,1,30,6,1360,1,25,PEUGEOT 206,-1,-1,0,-1
2023221368796,2023,221368796,1,9,0,9,9,8,7,0,0,5,0,0,0,0,1,1,5,6,1,20,4,1124,1,19,PEUGEOT 206,3,E01028905,0,-1
2023451291845,2023,451291845,1,9,0,18,19,1,5,9,9,0,0,0,0,0,1,1,5,6,1,76,11,1398,2,19,PEUGEOT 206,9,E01030317,0,-1
2023461369041,2023,461369041,1,9,0,18,19,7,3,0,0,0,0,0,0,0,1,1,6,6,2,54,8,1360,1,19,PEUGEOT 206,6,E01024704,0,-1
2023440159363,2023,440159363,2,9,0,18,19,4,8,0,0,0,0,0,1,11,1,1,6,6,1,17,4,1360,1,18,PEUGEOT 206,7,E01017367,0,-1
2023211387467,2023,211387467,2,9,0,9,9,3,1,0,0,8,0,0,0,0,2,1,6,6,1,67,10,1360,1,14,PEUGEOT 206,2,E01029350,0,-1
2023221297286,2023,221297286,2,9,0,17,19,1,6,0,0,8,0,0,0,0,1,1,5,6,2,38,7,1587,1,20,PEUGEOT 206,2,E01032377,0,-1
2023552300723,2023,552300723,1,9,0,18,19,7,3,0,0,1,0,0,0,0,1,1,6,6,1,33,6,1124,1,19,PEUGEOT 206,4,E01029232,0,-1
2023531383621,2023,531383621,1,9,0,9,9,6,3,0,0,8,0,0,0,0,1,1,6,6,2,61,9,1398,2,15,PEUGEOT 206,8,E01014040,0,-1
2023340WN2852,2023,340WN2852,2,9,0,18,19,5,1,0,0,2,0,0,0,0,1,1,2,2,1,40,7,1360,1,19,PEUGEOT 206,3,E01027185,0,-1
2023501292195,2023,501292195,1,9,0,18,19,1,4,9,9,0,0,10,7,11,1,1,6,6,1,84,11,1398,2,20,PEUGEOT 206,3,E01018809,0,-1
2023351352464,2023,351352464,1,9,0,18,19,2,5,0,0,1,0,0,0,0,1,1,6,6,3,-1,-1,1360,1,17,PEUGEOT 206,-1,-1,0,-1
2023302300882,2023,302300882,1,9,0,18,19,5,1,0,0,0,0,0,0,0,3,1,6,6,3,-1,-1,1360,1,15,PEUGEOT 206,5,E01019456,0,-1
2023320353879,2023,320353879,1,9,0,17,19,8,4,0,0,0,2,0,2,0,4,1,6,6,1,20,4,1360,1,16,PEUGEOT 206,9,E01026292,0,-1
2023440282916,2023,440282916,2,9,0,18,19,2,6,0,0,0,0,0,0,0,1,1,6,6,2,25,5,1997,2,23,PEUGEOT 206,6,E01022812,0,-1
2023070303377,2023,070303377,2,9,0,18,19,7,3,0,0,1,0,0,0,0,1,1,6,6,1,59,9,1360,1,16,PEUGEOT 206,8,E01018677,0,-1
2023041287340,2023,041287340,2,9,0,9,9,3,1,0,0,2,0,0,0,0,3,1,2,2,2,43,7,1398,2,20,PEUGEOT 206,1,E01025283,0,-1
2023440081707,2023,440081707,1,9,0,18,19,5,1,0,0,0,2,0,0,0,3,1,2,2,2,35,6,1124,1,19,PEUGEOT 206,5,E01022579,0,-1
2023531282482,2023,531282482,1,9,0,18,19,8,4,0,0,1,0,0,0,0,1,1,5,6,1,79,11,1124,1,19,PEUGEOT 206,7,E01022444,0,-1
2023451283054,2023,451283054,1,9,0,7,7,5,1,0,0,0,0,0,8,11,1,1,5,6,2,66,10,1124,1,18,PEUGEOT 206,9,E01030947,0,-1
2023411295929,2023,411295929,1,9,0,5,5,2,6,0,0,0,0,0,0,0,4,1,5,6,1,72,10,1360,1,19,PEUGEOT 206,7,E01023532,0,-1
2023501367230,2023,501367230,2,9,0,18,19,1,5,0,0,0,0,0,0,0,1,1,6,6,1,23,5,1360,1,17,PEUGEOT 206,10,E01022395,0,-1
2023531330208,2023,531330208,2,9,0,18,19,8,4,0,0,0,0,0,0,0,1,1,2,2,1,60,9,1360,1,17,PEUGEOT 206,2,E01022328,0,-1
2023991409632,2023,991409632,1,9,0,17,19,2,6,0,0,0,0,0,0,0,1,1,5,6,2,34,6,1360,1,17,PEUGEOT 206,-1,-1,0,-1
2023546570023,2023,546570023,1,9,0,18,19,3,7,0,0,1,2,10,1,10,1,1,6,6,2,19,4,1360,1,20,PEUGEOT 206,4,E01015258,0,-1
2023010453959,2023,010453959,1,9,0,6,6,7,7,0,0,2,0,0,0,0,1,1,6,6,1,66,10,1587,1,20,PEUGEOT 206,8,E01002985,0,-1
2023430004719,2023,430004719,1,9,0,9,9,3,1,0,0,5,0,0,0,0,3,1,2,2,1,23,5,1124,1,19,PEUGEOT 206,8,E01016686,0,-1
2023231375586,2023,231375586,2,9,0,18,19,4,1,0,0,8,0,0,0,0,1,1,6,6,2,34,6,1587,1,22,PEUGEOT 206,2,E01031075,0,-1
2023610007723,2023,610007723,1,9,0,17,19,2,8,0,0,0,1,0,1,11,1,1,6,6,1,30,6,1997,1,19,PEUGEOT 206,2,W01001476,0,-1
2023201416047,2023,201416047,9,9,0,4,4,1,5,0,0,1,0,0,0,0,4,1,6,6,1,51,8,1360,1,17,PEUGEOT 206,1,E01009331,0,-1
2023522300858,2023,522300858,1,9,0,10,10,2,8,0,0,1,0,0,0,0,2,1,6,6,1,25,5,1124,1,19,PEUGEOT 206,1,E01014688,0,-1
2023302301959,2023,302301959,2,9,0,4,4,3,7,0,0,2,0,0,0,0,1,1,2,2,2,21,5,1360,1,16,PEUGEOT 206,3,E01026311,0,-1
2023041346546,2023,041346546,1,9,0,9,9,7,3,0,0,1,0,0,0,0,3,1,6,6,1,78,11,1587,1,17,PEUGEOT 206,2,E01004881,0,-1
2023302300488,2023,302300488,2,9,0,18,19,8,5,0,0,1,0,0,0,0,2,1,6,6,1,59,9,1587,1,16,PEUGEOT 206,7,E01019656,0,-1
2023471320714,2023,471320714,1,9,0,5,5,7,3,0,0,8,0,0,0,0,1,1,6,6,1,-1,-1,1360,1,18,PEUGEOT 206,7,E01031541,0,-1
2023010438053,2023,010438053,2,9,0,99,99,9,9,99,99,9,9,99,9,99,1,9,6,6,3,-1,-1,1360,1,18,PEUGEOT 206,-1,-1,0,-1
2023211309638,2023,211309638,2,9,0,18,19,2,5,0,0,4,0,0,0,0,3,1,6,6,1,40,7,1360,1,19,PEUGEOT 206,9,E01033257,0,-1
2023501267450,2023,501267450,1,9,0,3,3,7,3,0,0,0,0,0,0,0,2,1,6,6,1,54,8,1997,2,18,PEUGEOT 206,4,E01018781,0,-1
2023351297823,2023,351297823,1,9,0,18,19,1,5,0,0,0,0,0,7,6,3,1,5,6,1,19,4,1360,1,17,PEUGEOT 206,5,E01021420,0,-1
2023221281896,2023,221281896,1,9,0,18,19,6,2,0,0,0,5,10,8,2,1,1,5,6,2,79,11,1360,1,24,PEUGEOT 206,5,E01032404,0,-1
2023501320976,2023,501320976,1,9,0,9,9,8,5,0,0,1,0,0,0,0,0,1,2,2,1,27,6,1360,1,19,PEUGEOT 206,4,E01015069,0,-1
2023161276720,2023,161276720,2,9,0,9,9,6,2,0,0,0,0,0,0,0,3,1,6,6,2,-1,-1,1997,1,21,PEUGEOT 206,-1,-1,0,-1
2023141330358,2023,141330358,1,9,0,9,9,8,6,0,0,2,0,0,0,0,1,2,5,6,1,18,4,1360,1,17,PEUGEOT 206,2,E01007965,0,-1
2023440170750,2023,440170750,1,9,0,18,19,7,3,0,0,0,0,0,0,0,4,1,6,6,2,54,8,1360,1,16,PEUGEOT 206,4,E01017185,0,-1
2023320733086,2023,320733086,1,9,0,18,19,8,4,0,0,1,0,0,0,0,4,1,6,6,2,18,4,1398,2,16,PEUGEOT 206,4,E01026389,0,-1
2023451344243,2023,451344243,2,9,0,18,19,3,7,0,0,0,0,0,0,0,2,1,5,6,1,19,4,1124,1,21,PEUGEOT 206,10,E01030526,0,-1
2023131330671,2023,131330671,1,9,0,18,19,1,5,0,0,8,0,0,0,0,1,1,5,6,1,79,11,1124,1,18,PEUGEOT 206,8,E01011825,0,-1
2023461286375,2023,461286375,2,9,0,2,2,0,0,0,0,0,0,0,0,0,3,1,6,6,3,-1,-1,1360,1,20,PEUGEOT 206,-1,-1,0,-1
2023061322759,2023,061322759,1,9,0,5,5,3,3,0,0,1,0,0,0,0,4,1,6,6,3,30,6,1360,1,20,PEUGEOT 206,-1,-1,0,-1