collision_index,collision_year,collision_ref_no,vehicle_reference,vehicle_type,towing_and_articulation,vehicle_manoeuvre_historic,vehicle_manoeuvre,vehicle_direction_from,vehicle_direction_to,vehicle_location_restricted_lane_historic,vehicle_location_restricted_lane,junction_location,skidding_and_overturning,hit_object_in_carriageway,vehicle_leaving_carriageway,hit_object_off_carriageway,first_point_of_impact,vehicle_left_hand_drive,journey_purpose_of_driver_historic,journey_purpose_of_driver,sex_of_driver,age_of_driver,age_band_of_driver,engine_capacity_cc,propulsion_code,age_of_vehicle,generic_make_model,driver_imd_decile,lsoa_of_driver,escooter_flag,driver_distance_banding
202354A030023,2023,54A030023,2,9,0,18,19,3,7,0,0,1,0,0,0,0,1,1,6,6,1,19,4,1124,1,19,PEUGEOT 206,5,E01032063,0,-1
2023501311052,2023,501311052,2,9,0,18,19,4,8,0,0,6,0,0,0,0,1,1,5,6,1,74,10,1587,1,22,PEUGEOT 206,4,E01018944,0,-1
2023010442807,2023,010442807,2,9,0,99,99,9,9,0,0,9,9,0,0,0,1,9,6,6,3,37,7,1587,1,16,PEUGEOT 206,2,E01001172,0,-1
2023071012644,2023,071012644,1,9,0,7,7,5,7,0,0,5,0,0,0,0,3,1,6,6,1,23,5,1124,1,21,PEUGEOT 206,1,E01018486,0,-1
2023211271637,2023,211271637,2,9,0,3,3,5,1,0,0,0,1,0,0,0,2,1,2,2,1,52,8,1997,2,20,PEUGEOT 206,-1,-1,0,-1
2023221301625,2023,221301625,1,9,0,17,19,8,5,0,0,0,0,0,0,0,1,1,5,6,2,59,9,1124,1,19,PEUGEOT 206,5,E01028982,0,-1
2023010466375,2023,010466375,1,9,0,7,7,5,8,0,0,1,0,0,0,0,2,1,2,2,2,41,7,1587,1,19,PEUGEOT 206,4,E01016129,0,-1
2023101328827,2023,101328827,1,9,0,3,3,4,8,0,0,1,0,0,0,0,1,1,6,6,2,80,11,1360,1,19,PEUGEOT 206,4,E01008404,0,-1
2023531326161,2023,531326161,1,9,0,18,19,7,3,0,0,1,0,0,0,0,1,1,6,6,2,66,10,1124,1,20,PEUGEOT 206,2,E01022346,0,-1
2023201339714,2023,201339714,1,9,0,18,19,2,6,0,0,8,0,0,0,0,1,1,6,6,1,44,7,1360,1,23,PEUGEOT 206,3,E01009005,0,-1
2023201316788,2023,201316788,1,9,0,3,3,4,8,0,0,1,0,0,0,0,2,1,6,6,2,60,9,1587,1,18,PEUGEOT 206,6,E01009614,0,-1
2023010467212,2023,010467212,2,9,0,99,99,9,9,99,99,9,9,99,9,99,9,9,6,6,3,-1,-1,1360,1,19,PEUGEOT 206,-1,-1,0,-1
2023010471590,2023,010471590,1,9,0,99,99,9,9,99,99,9,9,99,9,99,9,9,6,6,2,58,9,1997,1,21,PEUGEOT 206,2,E01004308,0,-1
2023221340774,2023,221340774,1,9,0,17,19,7,4,0,0,0,2,0,1,9,1,1,6,6,1,64,9,1360,1,17,PEUGEOT 206,-1,-1,0,-1
2023540940223,2023,540940223,2,9,0,10,10,1,7,0,0,1,0,0,0,0,0,1,6,6,1,34,6,1997,1,19,PEUGEOT 206,2,E01032062,0,-1
2023451316598,2023,451316598,1,9,0,17,19,5,5,0,0,0,0,0,0,0,1,1,6,6,2,49,8,1587,1,19,PEUGEOT 206,7,E01030576,0,-1
2023471343233,2023,471343233,1,9,0,18,19,7,3,0,0,0,0,0,0,0,1,1,5,6,2,61,9,1398,2,19,PEUGEOT 206,4,E01021006,0,-1
2023010450981,2023,010450981,1,9,0,99,99,9,9,99,99,9,9,99,9,99,2,9,6,6,2,26,6,1124,1,19,PEUGEOT 206,2,E01004535,0,-1
2023332301090,2023,332301090,1,9,0,18,19,8,4,0,0,3,1,0,0,0,1,1,2,2,1,26,6,1124,1,18,PEUGEOT 206,6,E01028074,0,-1
2023010422322,2023,010422322,2,9,0,2,2,0,0,0,0,0,0,0,0,0,1,2,6,6,3,-1,-1,1587,1,16,PEUGEOT 206,-1,-1,0,-1
2023311317842,2023,311317842,2,9,0,18,19,1,5,9,9,2,0,0,0,0,1,1,5,6,1,21,5,1360,1,16,PEUGEOT 206,6,E01028109,0,-1
2023411295771,2023,411295771,3,9,0,18,19,7,3,0,0,0,0,0,0,0,1,1,6,6,1,28,6,1587,1,20,PEUGEOT 206,2,E01000729,0,-1
2023302300873,2023,302300873,1,9,0,17,19,2,6,0,0,0,0,0,7,4,2,1,6,6,1,23,5,1360,1,17,PEUGEOT 206,7,E01013511,0,-1
2023201339667,2023,201339667,1,9,0,5,5,4,8,0,0,6,0,0,0,0,1,1,6,6,1,41,7,1124,1,20,PEUGEOT 206,1,E01009384,0,-1
2023430377420,2023,430377420,3,9,0,16,19,1,4,0,0,0,0,0,0,0,1,1,6,6,2,79,11,1124,1,22,PEUGEOT 206,10,E01028656,0,-1
2023471314820,2023,471314820,1,9,0,9,9,4,2,0,0,8,0,0,0,0,4,1,5,6,1,37,7,1997,1,16,PEUGEOT 206,6,E01021117,0,-1
2023531343707,2023,531343707,1,9,0,18,19,6,2,0,0,0,0,0,0,0,1,1,2,2,1,22,5,1360,1,16,PEUGEOT 206,3,E01022153,0,-1
2023141293684,2023,141293684,2,9,0,18,19,3,7,0,0,2,1,0,0,0,1,1,5,6,1,44,7,1997,2,22,PEUGEOT 206,5,E01019803,0,-1
2023610013323,2023,610013323,3,9,0,18,19,3,7,0,0,0,0,0,0,0,1,1,6,6,1,-1,-1,1398,2,17,PEUGEOT 206,5,E01031916,0,-1
2023411312927,2023,411312927,3,9,0,2,2,0,0,0,0,2,0,0,0,0,3,1,6,6,3,-1,-1,1587,1,21,PEUGEOT 206,-1,-1,0,-1
2023631385331,2023,631385331,1,9,0,18,19,2,5,0,0,0,0,0,0,0,1,1,5,6,1,36,7,1360,1,21,PEUGEOT 206,7,W01000430,0,-1
2023552300110,2023,552300110,1,9,0,18,19,3,7,0,0,0,2,0,0,0,3,1,6,6,1,24,5,1124,1,19,PEUGEOT 206,7,E01020480,0,-1
202354C489423,2023,54C489423,1,9,0,18,19,6,2,0,0,0,0,0,0,0,4,1,6,6,2,79,11,1997,2,18,PEUGEOT 206,9,E01032035,0,-1
2023461354235,2023,461354235,2,9,0,18,19,3,7,0,0,8,0,0,0,0,4,1,3,7,2,27,6,1124,1,18,PEUGEOT 206,6,E01024285,0,-1
2023461273660,2023,461273660,2,9,0,18,19,3,7,0,0,1,0,0,0,0,1,1,6,6,2,63,9,1587,1,21,PEUGEOT 206,4,E01024705,0,-1
2023010427588,2023,010427588,1,9,0,10,10,5,3,0,0,1,0,0,0,0,3,1,2,2,2,37,7,1124,1,20,PEUGEOT 206,2,E01000992,0,-1
2023520301214,2023,520301214,2,9,0,18,19,2,6,0,0,0,0,0,0,0,3,1,6,6,1,60,9,1124,1,19,PEUGEOT 206,5,E01029314,0,-1
2023501362223,2023,501362223,1,9,0,17,19,1,8,0,0,0,0,6,0,0,1,1,5,6,2,37,7,1398,2,19,PEUGEOT 206,2,E01020280,0,-1
2023421279660,2023,421279660,2,9,0,9,9,1,5,0,0,0,0,0,0,0,3,1,6,6,1,26,6,1360,1,18,PEUGEOT 206,8,E01000172,0,-1
2023010447137,2023,010447137,2,9,0,9,9,5,3,0,0,8,0,0,0,0,4,1,6,6,2,29,6,1360,1,17,PEUGEOT 206,2,E01000386,0,-1
2023461354213,2023,461354213,2,9,0,2,2,0,0,0,0,0,0,0,0,0,1,1,6,6,3,-1,-1,1587,1,19,PEUGEOT 206,-1,-1,0,-1
2023471389520,2023,471389520,1,9,0,18,19,5,1,0,0,1,0,0,7,4,4,1,6,6,1,27,6,1997,2,19,PEUGEOT 206,5,E01031524,0,-1
2023010438494,2023,010438494,2,9,0,9,9,3,8,2,2,5,0,0,0,0,1,1,6,6,1,34,6,1360,1,16,PEUGEOT 206,2,E01001110,0,-1
2023320747529,2023,320747529,1,9,0,13,13,2,6,0,0,0,0,0,0,0,1,1,6,6,1,21,5,1124,1,18,PEUGEOT 206,1,E01026112,0,-1
2023361358700,2023,361358700,1,9,0,13,13,3,6,0,0,0,2,0,7,0,3,1,5,6,1,29,6,1997,2,19,PEUGEOT 206,1,E01026662,0,-1
2023041263520,2023,041263520,1,9,0,9,9,7,5,0,0,8,0,0,0,0,1,1,5,6,2,22,5,1124,1,18,PEUGEOT 206,2,E01005471,0,-1
202354D221323,2023,54D221323,1,9,0,17,19,3,7,0,0,0,2,0,1,11,1,1,6,6,1,31,6,1997,2,19,PEUGEOT 206,7,E01031857,0,-1
2023031386765,2023,031386765,1,9,0,5,5,2,6,0,0,0,0,0,0,0,1,1,2,2,1,23,5,1360,1,18,PEUGEOT 206,-1,-1,0,-1
2023231297454,2023,231297454,2,9,0,2,2,0,0,0,0,0,0,0,0,0,4,1,6,6,1,60,9,1360,1,18,PEUGEOT 206,3,E01031094,0,-1
2023010470185,2023,010470185,3,9,0,9,9,3,8,0,0,5,0,0,0,0,1,1,6,6,1,50,8,1124,1,19,PEUGEOT 206,2,E01002080,0,-1
2023401393069,2023,401393069,2,9,0,5,5,3,7,0,0,1,0,10,0,0,1,1,1,1,1,47,8,1997,1,20,PEUGEOT 206,1,E01017471,0,-1
2023451343705,2023,451343705,2,9,0,18,19,6,2,0,0,1,0,0,0,0,1,1,5,6,2,35,6,1360,1,17,PEUGEOT 206,-1,-1,0,-1
2023320435840,2023,320435840,1,9,0,18,19,4,8,0,0,0,0,10,0,0,1,1,2,2,1,25,5,1124,1,22,PEUGEOT 206,6,E01026020,0,-1
2023411324466,2023,411324466,2,9,0,1,1,6,2,0,0,1,0,0,0,0,2,1,6,6,1,91,11,1360,1,19,PEUGEOT 206,9,E01023467,0,-1
2023461338780,2023,461338780,3,9,0,2,2,0,0,0,0,0,0,0,0,0,4,1,6,6,3,-1,-1,1360,1,18,PEUGEOT 206,-1,-1,0,-1
202360A172002,2023,60A172002,1,9,0,18,19,4,8,0,0,1,0,0,0,0,4,1,6,6,1,58,9,1587,1,19,PEUGEOT 206,-1,-1,0,-1
2023061342476,2023,061342476,2,9,0,18,19,1,5,0,0,8,0,0,0,0,1,1,6,6,1,60,9,1587,1,17,PEUGEOT 206,7,E01006063,0,-1
2023501265528,2023,501265528,1,9,0,12,12,4,8,0,0,0,0,0,0,0,3,1,2,2,2,37,7,1997,1,20,PEUGEOT 206,4,E01019972,0,-1
2023221370299,2023,221370299,1,9,0,18,19,2,6,0,0,0,0,0,0,0,3,1,6,6,2,20,4,1360,1,14,PEUGEOT 206,8,E01032468,0,-1
2023221400575,2023,221400575,1,9,0,18,19,7,3,0,0,0,1,0,7,10,1,1,5,6,1,26,6,1360,1,16,PEUGEOT 206,6,E01022262,0,-1
2023111348221,2023,111348221,1,9,0,18,19,8,3,0,0,0,0,0,1,4,1,1,6,6,2,28,6,1398,2,19,PEUGEOT 206,3,E01020661,0,-1
202363A026323,2023,63A026323,2,9,0,2,2,0,0,0,0,0,0,0,0,0,3,1,6,6,2,34,6,1124,1,19,PEUGEOT 206,5,W01000643,0,-1
2023401325398,2023,401325398,1,9,0,2,2,8,4,0,0,0,0,0,0,0,2,1,6,6,2,66,10,1124,1,19,PEUGEOT 206,3,E01015751,0,-1
2023501279825,2023,501279825,1,9,0,18,19,2,7,0,0,2,0,0,0,0,1,1,2,2,1,19,4,1398,2,17,PEUGEOT 206,1,E01015257,0,-1
2023421264237,2023,421264237,1,9,0,17,19,5,5,0,0,1,1,0,0,0,1,1,5,6,2,31,6,1360,1,20,PEUGEOT 206,4,E01021461,0,-1
2023531306363,2023,531306363,1,9,0,17,19,3,7,0,0,0,1,0,2,4,1,1,6,6,1,18,4,1587,1,22,PEUGEOT 206,7,E01022180,0,-1
2023201391021,2023,201391021,2,9,0,18,19,2,5,0,0,4,0,0,0,0,1,1,6,6,2,37,7,1587,1,18,PEUGEOT 206,1,E01009103,0,-1
2023302300849,2023,302300849,2,9,0,18,19,2,6,0,0,1,0,0,0,0,2,1,6,6,1,55,8,1360,1,22,PEUGEOT 206,3,E01013547,0,-1
2023201408771,2023,201408771,1,9,0,18,19,8,4,0,0,8,0,0,0,0,1,1,6,6,1,49,8,1587,1,16,PEUGEOT 206,-1,-1,0,-1
2023552300948,2023,552300948,2,9,0,4,4,8,4,0,0,0,0,0,0,0,2,1,6,6,2,20,4,1360,1,17,PEUGEOT 206,4,E01017234,0,-1
2023340WN1272,2023,340WN1272,1,9,0,18,19,1,5,0,0,1,0,0,0,0,1,1,1,1,2,44,7,1360,1,20,PEUGEOT 206,3,E01027184,0,-1
2023461300511,2023,461300511,1,9,0,17,19,2,6,0,0,0,0,0,0,0,1,1,5,6,1,17,4,1124,1,18,PEUGEOT 206,6,E01024065,0,-1
2023440243095,2023,440243095,3,9,0,18,19,1,5,0,0,1,0,0,0,0,1,1,2,2,2,62,9,1587,1,18,PEUGEOT 206,7,E01023098,0,-1
2023461392688,2023,461392688,1,9,0,18,19,7,3,0,0,0,0,0,7,3,3,1,6,6,2,87,11,1124,1,19,PEUGEOT 206,7,E01024809,0,-1
2023401387511,2023,401387511,1,9,0,5,5,7,3,0,0,3,1,0,0,0,1,1,6,6,2,57,9,1360,1,15,PEUGEOT 206,8,E01017583,0,-1
2023471299117,2023,471299117,1,9,0,17,19,1,5,0,0,0,2,0,1,4,3,1,5,6,1,44,7,1997,1,22,PEUGEOT 206,1,E01021136,0,-1
2023010486018,2023,010486018,1,9,0,9,9,1,7,0,0,8,0,0,0,0,4,1,6,6,1,67,10,1587,1,21,PEUGEOT 206,8,E01000563,0,-1
2023320257385,2023,320257385,1,9,0,18,19,6,2,0,0,1,1,0,3,4,1,1,6,6,1,17,4,1360,1,17,PEUGEOT 206,8,E01015685,0,-1
2023421347103,2023,421347103,1,9,0,9,9,3,5,0,0,6,0,0,0,0,1,1,6,6,2,52,8,1360,1,16,PEUGEOT 206,8,E01021528,0,-1
2023351382957,2023,351382957,3,9,0,-1,-1,-1,-1,-1,-1,0,-1,-1,-1,0,-1,1,6,6,3,-1,-1,1587,1,20,PEUGEOT 206,-1,-1,0,-1
2023131312296,2023,131312296,1,9,0,9,9,5,1,0,0,0,0,0,0,0,1,1,5,6,2,88,11,1360,1,17,PEUGEOT 206,4,E01010959,0,-1
2023201339221,2023,201339221,3,9,0,18,19,6,2,0,0,0,0,0,0,0,1,1,6,6,1,-1,-1,1124,1,18,PEUGEOT 206,-1,-1,0,-1
2023131286054,2023,131286054,1,9,0,9,9,1,7,0,0,6,0,0,0,0,-1,1,2,2,2,36,7,1360,1,18,PEUGEOT 206,1,E01032497,0,-1
2023440054785,2023,440054785,1,9,0,17,19,5,1,0,0,0,5,0,0,4,1,1,6,6,2,41,7,1997,1,20,PEUGEOT 206,3,E01017315,0,-1
2023501317371,2023,501317371,1,9,0,18,19,7,3,0,0,0,0,0,0,0,4,1,6,6,1,66,10,1398,2,19,PEUGEOT 206,9,E01033235,0,-1
2023461300911,2023,461300911,2,9,0,18,19,1,5,0,0,8,0,0,0,0,1,1,6,6,2,32,6,1360,1,18,PEUGEOT 206,5,E01024525,0,-1
2023221272767,2023,221272767,1,9,0,18,19,5,1,0,0,0,0,0,0,0,3,1,6,6,1,57,9,1124,1,19,PEUGEOT 206,2,E01032161,0,-1
2023461306202,2023,461306202,2,9,0,2,2,0,0,0,0,0,0,0,0,0,2,1,6,6,3,-1,-1,1360,1,18,PEUGEOT 206,-1,-1,0,-1
2023552300313,2023,552300313,1,9,0,18,19,7,3,0,0,0,1,0,0,0,1,1,6,6,1,60,9,1360,1,21,PEUGEOT 206,2,E01017241,0,-1
2023311288978,2023,311288978,1,9,0,18,19,1,5,0,0,0,2,0,0,0,1,1,5,6,2,29,6,1360,1,20,PEUGEOT 206,2,E01013814,0,-1
2023351407172,2023,351407172,2,9,0,18,19,1,5,0,0,0,0,0,0,0,0,1,6,6,2,25,5,1997,2,17,PEUGEOT 206,8,E01018050,0,-1
2023421319834,2023,421319834,1,9,0,18,19,3,7,0,0,0,0,0,7,0,1,1,5,6,1,18,4,1360,1,15,PEUGEOT 206,8,E01030333,0,-1
2023461360971,2023,461360971,1,9,0,18,19,1,5,0,0,0,0,0,0,0,1,1,5,6,2,44,7,1124,1,21,PEUGEOT 206,4,E01024541,0,-1
2023141264421,2023,141264421,1,9,0,3,3,1,5,0,0,8,0,0,0,0,2,1,1,1,2,56,9,1360,1,21,PEUGEOT 206,1,E01007764,0,-1
2023451314337,2023,451314337,2,9,0,5,5,1,5,0,0,0,0,0,0,0,1,1,5,6,1,93,11,1360,1,20,PEUGEOT 206,9,E01030766,0,-1
2023520400666,2023,520400666,2,9,0,7,7,4,8,0,0,6,0,0,0,0,1,1,6,6,2,18,4,1398,2,17,PEUGEOT 206,9,E01029188,0,-1
2023010465212,2023,010465212,1,9,0,18,19,5,1,0,0,8,0,0,0,0,1,1,6,6,1,52,8,1587,1,19,PEUGEOT 206,8,E01000874,0,-1
2023141346937,2023,141346937,1,9,0,17,19,3,7,9,9,1,0,0,0,0,1,1,6,6,1,14,3,1398,2,19,PEUGEOT 206,1,E01007941,0,-1
2023302301766,2023,302301766,1,9,0,9,9,3,1,0,0,2,0,0,0,0,1,1,6,6,3,-1,-1,1360,1,20,PEUGEOT 206,5,E01019456,0,-1
2023421340034,2023,421340034,1,9,0,7,7,7,2,8,6,0,0,0,0,0,1,1,6,6,1,57,9,1360,1,16,PEUGEOT 206,7,E01021264,0,-1
2023411274882,2023,411274882,1,9,0,14,14,1,5,0,0,0,2,10,0,0,1,1,6,6,2,56,9,1360,1,20,PEUGEOT 206,9,E01033609,0,-1
2023552300735,2023,552300735,1,9,0,18,19,2,6,0,0,0,5,0,0,0,1,1,6,6,1,18,4,1360,1,19,PEUGEOT 206,9,E01022983,0,-1
2023430157592,2023,430157592,2,9,0,18,19,7,3,0,0,8,0,0,0,0,1,1,6,6,2,80,11,1360,1,18,PEUGEOT 206,10,E01028810,0,-1
2023221280977,2023,221280977,1,9,0,13,13,8,4,0,0,8,0,0,0,0,1,1,2,2,1,23,5,1360,1,17,PEUGEOT 206,2,W01000483,0,-1
2023361363810,2023,361363810,2,9,0,2,2,5,1,0,0,1,0,0,0,0,1,1,5,6,2,35,6,1360,1,16,PEUGEOT 206,1,E01026635,0,-1
2023471361839,2023,471361839,1,9,0,9,9,1,5,0,0,1,0,0,0,0,3,1,5,6,2,29,6,1360,1,18,PEUGEOT 206,6,E01016987,0,-1
2023501288541,2023,501288541,1,9,-1,-1,-1,-1,-1,-1,-1,0,-1,-1,-1,0,-1,1,6,6,1,17,4,1398,2,19,PEUGEOT 206,4,E01020247,0,-1
2023421329722,2023,421329722,2,9,0,18,19,7,3,0,0,0,0,0,0,0,1,1,5,6,2,64,9,1587,1,17,PEUGEOT 206,4,E01021674,0,-1
2023170L10953,2023,170L10953,1,9,0,9,9,4,8,0,0,8,0,0,0,0,3,1,6,6,2,29,6,1360,1,23,PEUGEOT 206,-1,-1,0,-1
2023501384728,2023,501384728,1,9,0,18,19,1,5,0,0,1,1,0,3,9,1,1,6,6,1,18,4,1360,1,18,PEUGEOT 206,4,E01020041,0,-1
2023501269224,2023,501269224,1,9,0,18,19,3,7,0,0,0,0,0,0,0,1,1,6,6,1,33,6,1124,1,19,PEUGEOT 206,4,E01020065,0,-1
2023311334718,2023,311334718,2,9,0,18,19,1,5,0,0,1,0,0,1,9,1,1,6,6,2,24,5,1360,1,17,PEUGEOT 206,-1,-1,0,-1
2023320615287,2023,320615287,1,9,0,18,19,6,2,0,0,8,0,0,0,0,1,1,6,6,1,37,7,1124,1,18,PEUGEOT 206,7,E01026275,0,-1
2023522400110,2023,522400110,2,9,0,5,5,7,3,0,0,0,0,0,0,0,3,1,6,6,3,-1,-1,1997,1,20,PEUGEOT 206,-1,-1,0,-1
2023052300823,2023,052300823,4,9,0,18,19,7,3,0,0,1,0,0,0,0,1,1,6,6,1,59,9,1398,2,15,PEUGEOT 206,2,E01006710,0,-1
2023531294900,2023,531294900,1,9,0,18,19,5,1,0,0,0,1,0,4,7,1,1,5,6,2,53,8,1398,2,15,PEUGEOT 206,2,E01029410,0,-1
2023010469074,2023,010469074,1,9,0,18,19,1,5,0,0,1,0,0,0,0,4,2,6,6,1,76,11,1124,1,18,PEUGEOT 206,7,E01000971,0,-1
2023440070144,2023,440070144,1,9,0,7,7,1,5,0,0,6,0,0,0,0,3,1,6,6,1,17,4,1360,1,16,PEUGEOT 206,9,E01022755,0,-1
2023520400983,2023,520400983,2,9,0,2,2,0,0,0,0,8,0,0,0,0,1,1,6,6,1,65,9,1124,1,24,PEUGEOT 206,9,E01029252,0,-1
2023131329865,2023,131329865,1,9,0,18,19,7,3,9,9,5,5,7,1,10,4,1,6,6,1,35,6,1997,1,19,PEUGEOT 206,2,E01010778,0,-1
2023440319992,2023,440319992,5,9,0,18,19,7,3,0,0,0,0,0,0,0,1,1,6,6,1,-1,-1,1587,1,20,PEUGEOT 206,7,E01031626,0,-1
2023351376703,2023,351376703,1,9,0,18,19,1,5,0,0,8,0,0,0,0,4,1,6,6,2,22,5,1360,1,23,PEUGEOT 206,7,E01018192,0,-1
2023070640166,2023,070640166,3,9,0,2,2,0,0,9,9,2,0,0,0,0,3,2,6,6,3,-1,-1,1124,1,20,PEUGEOT 206,-1,-1,0,-1
2023520400008,2023,520400008,1,9,0,18,19,6,2,0,0,0,2,0,7,10,1,1,6,6,2,51,8,1398,2,18,PEUGEOT 206,7,E01020440,0,-1
2023501371866,2023,501371866,1,9,0,18,19,2,6,0,0,0,1,0,0,0,4,1,5,6,2,56,9,1360,1,14,PEUGEOT 206,4,E01018962,0,-1
2023201375887,2023,201375887,2,9,0,18,19,8,4,0,0,8,0,0,0,0,1,1,6,6,1,58,9,1360,1,20,PEUGEOT 206,1,E01010033,0,-1
2023411325366,2023,411325366,1,9,0,17,19,7,4,0,0,0,0,0,1,4,3,1,6,6,1,25,5,1360,1,17,PEUGEOT 206,10,E01027271,0,-1
2023311295962,2023,311295962,1,9,0,7,7,1,4,0,0,0,0,0,1,0,1,1,6,6,2,25,5,1124,1,20,PEUGEOT 206,-1,-1,0,-1
2023332300709,2023,332300709,1,9,0,2,2,0,0,0,0,0,0,0,0,0,1,1,6,6,3,-1,-1,1587,1,19,PEUGEOT 206,-1,-1,0,-1
2023320506957,2023,320506957,3,9,0,18,19,2,6,0,0,8,0,0,0,0,1,1,6,6,2,55,8,1124,1,19,PEUGEOT 206,9,E01026293,0,-1
2023161323418,2023,161323418,1,9,0,18,19,3,7,0,0,0,0,0,0,0,0,1,6,6,2,38,7,1360,1,22,PEUGEOT 206,1,E01013138,0,-1
2023430558621,2023,430558621,2,9,0,18,19,2,6,0,0,0,0,0,0,0,1,1,6,6,1,-1,-1,1124,1,18,PEUGEOT 206,-1,-1,0,-1
2023471340470,2023,471340470,3,9,0,2,2,0,0,0,0,0,0,0,0,0,4,1,6,6,3,-1,-1,1997,1,22,PEUGEOT 206,-1,-1,0,-1
2023522300447,2023,522300447,2,9,0,11,11,2,6,0,0,0,0,0,0,0,1,1,6,6,1,-1,-1,1360,1,15,PEUGEOT 206,-1,-1,0,-1
2023451322091,2023,451322091,1,9,0,2,2,1,3,0,0,0,0,0,0,0,0,1,5,6,2,59,9,1360,1,18,PEUGEOT 206,8,E01030734,0,-1
2023131348545,2023,131348545,2,9,0,-1,-1,-1,-1,-1,-1,8,-1,-1,-1,0,-1,1,6,6,3,-1,-1,1124,1,18,PEUGEOT 206,-1,-1,0,-1
2023411316662,2023,411316662,1,9,0,6,6,1,6,0,0,1,0,0,0,0,1,1,6,6,1,57,9,1587,1,16,PEUGEOT 206,2,E01000184,0,-1
2023010434694,2023,010434694,1,9,0,9,9,3,1,0,0,6,0,0,0,0,1,1,6,6,2,23,5,1360,1,14,PEUGEOT 206,5,E01004169,0,-1
2023122300447,2023,122300447,1,9,0,5,5,7,1,0,0,8,0,0,0,0,1,1,6,6,1,56,9,2994,1,48,-1,8,E01013450,0,-1
2023461331735,2023,461331735,1,3,0,18,19,1,5,0,0,0,2,0,0,0,0,1,2,2,1,18,4,124,1,10,-1,3,E01032830,0,-1
2023141263099,2023,141263099,1,3,0,18,19,5,1,0,0,2,0,0,0,0,1,1,5,6,1,19,4,124,1,8,-1,6,E01007585,0,-1
2023201268705,2023,201268705,1,4,0,18,19,2,6,0,0,0,0,0,0,0,2,1,5,6,1,17,4,124,1,7,-1,1,E01010383,0,-1
2023010454640,2023,010454640,1,4,0,18,19,5,1,0,0,8,0,0,0,0,1,1,6,6,1,29,6,124,1,9,-1,3,E01004167,0,-1
2023522400394,2023,522400394,2,5,0,3,3,6,7,0,0,2,0,0,0,0,1,1,6,6,1,22,5,124,1,5,-1,3,E01014809,0,-1
2023141358216,2023,141358216,1,3,0,18,19,3,4,0,0,8,0,0,0,0,2,1,5,6,1,18,4,124,1,11,-1,1,E01007779,0,-1
2023161283711,2023,161283711,2,3,0,18,19,6,2,0,0,0,0,0,0,0,3,1,5,6,1,50,8,124,1,11,-1,1,E01012900,0,-1
2023610052323,2023,610052323,1,3,0,18,19,6,2,0,0,1,0,0,0,0,1,1,6,6,1,30,6,124,1,7,-1,2,W01001633,0,-1
2023361364710,2023,361364710,1,3,0,18,19,1,5,0,0,4,0,0,0,0,1,1,5,6,1,18,4,124,1,7,-1,2,E01026633,0,-1
2023552300532,2023,552300532,2,4,0,18,19,7,3,0,0,8,0,0,0,0,1,1,6,6,1,17,4,124,1,7,-1,5,E01020577,0,-1
2023440196169,2023,440196169,2,9,0,18,19,1,5,0,0,4,0,0,0,0,4,1,6,6,1,25,5,1997,1,28,-1,8,E01021172,0,-1
2023141318556,2023,141318556,2,9,0,18,19,1,1,0,0,0,0,0,0,0,1,1,6,6,1,-1,-1,1797,1,24,-1,2,E01007392,0,-1
2023401381322,2023,401381322,1,9,0,18,19,5,1,0,0,2,0,0,0,0,1,1,5,6,1,69,10,1997,1,26,-1,8,E01017488,0,-1
2023552300970,2023,552300970,3,9,0,2,2,0,0,0,0,0,0,0,1,11,1,1,6,6,3,-1,-1,1850,1,25,-1,-1,-1,0,-1
2023010452522,2023,010452522,1,9,0,18,19,3,7,0,0,0,5,10,2,11,2,1,6,6,1,51,8,2980,1,-1,-1,5,E01000920,0,-1
2023061271708,2023,061271708,1,3,0,18,19,8,3,0,0,8,0,0,0,0,1,1,6,6,1,28,6,125,1,3,-1,2,E01004972,0,-1
2023461316618,2023,461316618,2,3,0,18,19,3,7,0,0,1,0,0,0,0,4,1,5,6,1,21,5,125,1,2,-1,1,E01024687,0,-1
2023461340336,2023,461340336,1,3,0,18,19,6,2,0,0,8,0,0,0,0,1,1,6,6,1,26,6,125,1,3,-1,2,E01016068,0,-1
2023010457242,2023,010457242,2,9,0,99,99,9,9,99,99,9,9,99,9,99,1,9,6,6,1,67,10,1998,1,28,-1,2,E01033726,0,-1
2023371317009,2023,371317009,1,9,0,18,19,8,2,0,0,0,0,0,0,0,1,1,5,6,2,42,7,2198,1,22,-1,4,E01030295,0,-1
2023451372661,2023,451372661,1,9,0,17,19,1,5,0,0,0,5,0,7,6,3,1,2,2,2,44,7,2172,2,21,-1,10,E01022897,0,-1
2023991317801,2023,991317801,1,11,0,18,19,5,1,0,0,0,0,0,0,0,1,1,1,1,1,47,8,-1,3,0,-1,3,-1,0,-1
2023991315659,2023,991315659,1,11,0,18,19,8,4,0,0,0,0,0,0,0,1,1,5,6,2,31,6,-1,3,0,-1,2,-1,0,-1
2023351383857,2023,351383857,1,11,0,18,19,4,8,0,0,0,0,0,1,1,1,1,1,1,1,45,7,-1,3,0,-1,-1,-1,0,-1