collision_index,collision_year,collision_ref_no,vehicle_reference,vehicle_type,towing_and_articulation,vehicle_manoeuvre_historic,vehicle_manoeuvre,vehicle_direction_from,vehicle_direction_to,vehicle_location_restricted_lane_historic,vehicle_location_restricted_lane,junction_location,skidding_and_overturning,hit_object_in_carriageway,vehicle_leaving_carriageway,hit_object_off_carriageway,first_point_of_impact,vehicle_left_hand_drive,journey_purpose_of_driver_historic,journey_purpose_of_driver,sex_of_driver,age_of_driver,age_band_of_driver,engine_capacity_cc,propulsion_code,age_of_vehicle,generic_make_model,driver_imd_decile,lsoa_of_driver,escooter_flag,driver_distance_banding
2023552301518,2023,552301518,1,19,0,18,19,3,7,9,9,5,0,0,1,11,1,1,6,6,1,27,6,1248,2,11,PEUGEOT BIPPER,4,E01020574,0,-1
2023031333698,2023,031333698,1,9,0,9,9,5,8,0,0,1,0,0,0,0,1,1,5,6,1,76,11,1248,2,10,-1,6,E01019350,0,-1
2023131348300,2023,131348300,3,19,0,4,4,4,8,0,0,0,0,0,0,0,1,1,1,1,1,60,9,1248,2,8,PEUGEOT BIPPER,1,E01008437,0,-1
2023131362581,2023,131362581,2,19,0,18,19,3,7,0,0,2,0,0,0,0,1,1,1,1,2,54,8,1399,2,13,PEUGEOT BIPPER,8,E01011929,0,-1
2023122300331,2023,122300331,1,19,0,17,19,7,3,0,0,0,2,0,1,7,4,1,6,6,2,23,5,1248,2,9,PEUGEOT BIPPER,9,E01020612,0,-1
2023070367848,2023,070367848,1,19,0,1,1,7,3,0,0,0,0,0,0,0,2,1,6,6,1,-1,-1,1399,2,15,PEUGEOT BIPPER,-1,-1,0,-1
2023211296446,2023,211296446,1,19,0,5,5,5,8,0,0,0,0,0,0,0,1,1,1,1,1,19,4,1248,2,8,PEUGEOT BIPPER,6,E01014228,0,-1
2023501372282,2023,501372282,1,19,0,18,19,7,4,0,0,0,0,0,0,0,1,1,2,2,2,47,8,1248,2,6,PEUGEOT BIPPER,7,E01020044,0,-1
2023161322862,2023,161322862,2,19,0,5,5,5,1,0,0,0,0,0,0,0,1,1,6,6,1,-1,-1,1248,2,6,PEUGEOT BIPPER,-1,-1,0,-1
2023552301321,2023,552301321,2,19,0,18,19,2,6,0,0,8,0,0,0,0,1,1,1,1,1,33,6,1399,2,12,PEUGEOT BIPPER,5,E01020410,0,-1
2023501289746,2023,501289746,1,9,0,18,19,8,4,0,0,0,0,0,0,0,2,1,6,6,2,56,9,1360,1,13,-1,4,E01018766,0,-1
2023522300609,2023,522300609,1,19,0,6,6,5,5,0,0,0,0,0,0,0,3,1,6,6,1,24,5,1248,2,10,PEUGEOT BIPPER,9,E01014998,0,-1
2023545222023,2023,545222023,1,19,0,18,19,5,1,0,0,0,0,0,0,0,1,1,6,6,3,-1,-1,1248,2,6,PEUGEOT BIPPER,-1,-1,0,-1
2023501343280,2023,501343280,2,19,0,2,2,0,0,0,0,0,0,0,0,0,2,1,6,6,3,-1,-1,1248,2,8,PEUGEOT BIPPER,-1,-1,0,-1
2023141372625,2023,141372625,1,19,0,18,19,5,8,0,0,0,0,0,0,0,1,1,6,6,3,-1,-1,1399,2,12,PEUGEOT BIPPER,-1,-1,0,-1
2023622300840,2023,622300840,1,19,0,18,19,4,8,0,0,0,0,0,0,0,1,1,6,6,1,58,9,1248,2,6,PEUGEOT BIPPER,6,W01000779,0,-1
2023461293421,2023,461293421,1,19,0,18,19,7,3,0,0,0,5,0,1,0,1,1,6,6,1,36,7,1399,2,13,PEUGEOT BIPPER,5,E01024623,0,-1
2023440388798,2023,440388798,1,19,0,18,19,1,5,0,0,8,5,0,0,0,4,1,6,6,1,19,4,1248,2,10,PEUGEOT BIPPER,10,E01022745,0,-1
2023351287448,2023,351287448,1,19,0,18,19,4,8,0,0,0,2,0,1,0,1,1,5,6,1,19,4,1248,2,9,PEUGEOT BIPPER,9,E01017389,0,-1
2023302300321,2023,302300321,2,19,0,7,7,2,4,0,0,6,0,0,0,0,1,1,6,6,1,62,9,1399,2,13,PEUGEOT BIPPER,3,E01013517,0,-1
2023461344559,2023,461344559,1,19,0,4,4,3,7,0,0,0,1,11,3,7,1,1,6,6,1,18,4,1248,2,12,PEUGEOT BIPPER,3,E01024310,0,-1
2023430252678,2023,430252678,2,19,0,3,3,4,8,0,0,0,0,0,0,0,4,1,6,6,1,-1,-1,1399,2,13,PEUGEOT BIPPER,-1,-1,0,-1
2023411404722,2023,411404722,1,19,0,18,19,1,3,1,1,1,0,0,0,0,1,1,6,6,1,40,7,1248,2,10,PEUGEOT BIPPER,8,E01023446,0,-1
2023201307954,2023,201307954,2,19,0,18,19,6,2,0,0,0,0,0,0,0,1,1,6,6,1,52,8,1399,2,12,PEUGEOT BIPPER,4,E01010298,0,-1
2023201281722,2023,201281722,1,19,0,5,5,5,1,0,0,0,0,7,4,0,1,1,1,1,1,28,6,1399,2,12,PEUGEOT BIPPER,3,E01009862,0,-1
2023340WN2272,2023,340WN2272,1,19,0,9,9,1,5,0,0,6,0,0,0,0,1,1,1,1,2,-1,-1,1248,2,6,PEUGEOT BIPPER,-1,-1,0,-1
2023221287735,2023,221287735,2,19,0,3,3,7,3,0,0,8,0,0,0,0,2,1,6,6,1,69,10,1248,2,6,PEUGEOT BIPPER,8,E01022451,0,-1
2023631339088,2023,631339088,2,9,0,18,19,7,3,0,0,0,0,0,0,0,1,1,6,6,1,83,11,1248,2,9,-1,6,W01000433,0,-1
2023221298201,2023,221298201,1,9,0,18,19,8,4,0,0,0,0,0,0,0,1,1,5,6,1,60,9,1399,2,13,-1,2,E01032461,0,-1
2023440480344,2023,440480344,2,19,0,17,19,2,7,0,0,1,0,0,0,0,1,1,6,6,1,45,7,1248,2,10,PEUGEOT BIPPER,3,E01017051,0,-1
2023070399619,2023,070399619,1,19,0,18,19,1,3,0,0,8,0,0,0,0,1,1,6,6,3,-1,-1,1248,2,9,PEUGEOT BIPPER,-1,-1,0,-1
2023501336186,2023,501336186,2,19,0,17,19,4,8,0,0,0,0,0,0,0,1,1,1,1,1,29,6,1399,2,12,PEUGEOT BIPPER,4,E01018969,0,-1
2023010474517,2023,010474517,1,19,0,18,19,2,6,0,0,1,0,0,0,0,1,1,6,6,3,78,11,1248,2,6,PEUGEOT BIPPER,-1,-1,0,-1
2023320723125,2023,320723125,2,19,0,18,19,8,4,0,0,8,0,0,0,0,1,1,2,2,1,32,6,1248,2,9,PEUGEOT BIPPER,6,E01026260,0,-1
2023540547023,2023,540547023,2,9,0,3,3,1,5,0,0,0,0,0,0,0,1,1,6,6,1,54,8,998,1,22,-1,5,E01015505,0,-1
2023451278108,2023,451278108,1,9,0,8,8,1,3,0,0,0,0,0,0,0,2,1,5,6,2,27,6,998,1,19,-1,2,E01004570,0,-1
2023440097382,2023,440097382,1,9,0,18,19,6,2,0,0,0,0,0,0,0,1,1,2,2,1,20,4,1422,2,21,-1,4,E01022527,0,-1
2023201393018,2023,201393018,1,9,0,18,19,8,4,0,0,0,0,0,0,0,4,1,6,6,1,42,7,1422,2,22,-1,4,E01009167,0,-1
2023471355050,2023,471355050,1,9,0,16,19,7,2,0,0,0,0,0,0,0,1,1,5,6,1,21,5,998,1,21,-1,4,E01021045,0,-1
2023501373274,2023,501373274,1,9,0,17,19,1,8,0,0,0,1,0,1,11,4,1,5,6,1,20,4,1390,1,21,-1,7,E01018934,0,-1
2023320164927,2023,320164927,1,9,0,18,19,6,2,0,0,0,5,0,1,4,1,1,2,2,2,26,6,998,1,22,-1,7,E01026188,0,-1
2023052302112,2023,052302112,1,9,0,6,6,1,1,0,0,0,0,0,0,0,3,1,6,6,2,69,10,998,1,21,-1,2,E01006709,0,-1
2023361306423,2023,361306423,2,9,0,18,19,5,1,0,0,0,0,0,0,0,4,1,5,6,1,17,4,998,1,25,-1,8,E01026532,0,-1
2023111282874,2023,111282874,1,3,0,17,19,3,7,0,0,0,1,0,0,0,4,1,2,2,1,24,5,125,1,5,-1,1,E01032543,0,-1
2023131283106,2023,131283106,2,3,0,18,19,5,1,0,0,1,0,0,0,0,1,1,1,1,1,29,6,125,1,4,-1,1,E01011368,0,-1
2023471348800,2023,471348800,1,9,0,18,19,3,7,0,0,0,0,0,7,4,1,1,5,6,1,59,9,-1,3,0,-1,9,E01031662,0,-1
2023010458755,2023,010458755,1,9,0,18,19,3,7,0,0,8,0,0,0,0,3,1,6,6,1,47,8,-1,3,0,-1,4,E01001002,0,-1
2023201297448,2023,201297448,1,4,0,18,19,4,8,0,0,8,0,0,0,0,4,1,6,6,1,51,8,1063,1,20,-1,2,E01010476,0,-1
2023440407164,2023,440407164,1,2,0,4,4,7,3,0,0,0,0,11,0,0,1,1,6,6,2,64,9,125,1,8,-1,4,E01017341,0,-1
2023010474417,2023,010474417,1,2,0,15,15,5,1,0,0,1,0,0,0,0,4,1,6,6,1,29,6,124,1,13,-1,1,E01002081,0,-1
2023052302751,2023,052302751,2,3,0,18,19,5,1,0,0,1,0,0,0,0,4,1,6,6,1,19,4,124,1,13,YAMAHA NXC,1,E01006695,0,-1
2023501343142,2023,501343142,1,3,0,4,4,7,3,0,0,0,1,0,0,0,1,1,6,6,1,50,8,124,1,16,YAMAHA NXC,10,E01015133,0,-1
2023010477682,2023,010477682,1,3,0,16,19,7,3,0,0,1,1,0,0,0,4,1,6,6,1,33,6,124,1,11,YAMAHA NXC,7,E01004605,0,-1
2023010423796,2023,010423796,1,3,0,99,99,9,9,99,99,9,9,99,9,99,9,1,1,1,1,54,8,124,1,10,YAMAHA NXC,2,E01003190,0,-1
2023471265981,2023,471265981,2,3,0,18,19,7,3,0,0,0,0,0,0,0,1,1,1,1,1,39,7,124,1,13,YAMAHA NXC,5,E01016991,0,-1
2023311338814,2023,311338814,2,3,0,3,3,1,5,0,0,1,0,0,0,0,2,1,1,1,1,32,6,124,1,11,YAMAHA NXC,1,E01013811,0,-1
2023010426344,2023,010426344,1,3,0,4,4,7,3,0,0,1,0,0,0,0,2,1,6,6,1,33,6,124,1,9,YAMAHA NXC,5,E01004370,0,-1
2023411345097,2023,411345097,1,3,0,18,19,6,3,0,0,8,0,0,0,0,1,1,6,6,1,31,6,124,1,11,YAMAHA NXC,6,E01023929,0,-1
2023010432076,2023,010432076,1,3,0,18,19,7,3,0,0,0,2,0,0,0,1,1,2,2,1,35,6,124,1,14,YAMAHA NXC,9,E01002571,0,-1
2023010439829,2023,010439829,2,3,0,18,19,6,2,0,0,1,5,0,0,0,3,1,6,6,3,-1,-1,124,1,14,YAMAHA NXC,-1,-1,0,-1
2023010466822,2023,010466822,2,3,0,18,19,3,7,0,0,1,0,4,0,0,1,1,6,6,1,19,4,124,1,17,YAMAHA NXC,2,E01002281,0,-1
2023061351891,2023,061351891,2,3,0,18,19,8,4,0,0,0,0,0,0,0,1,1,5,6,1,32,6,124,1,12,YAMAHA NXC,3,E01019730,0,-1
2023010437297,2023,010437297,1,3,0,99,99,9,9,99,99,9,9,99,9,99,2,1,6,6,1,44,7,125,1,8,YAMAHA NXC,9,E01030712,0,-1
2023010447861,2023,010447861,2,2,0,99,99,9,9,99,99,9,9,99,9,99,1,1,6,6,1,24,5,124,1,11,-1,4,E01004401,0,-1
2023010425197,2023,010425197,2,3,0,13,13,5,1,0,0,0,2,10,0,0,3,1,6,6,1,53,8,124,1,11,YAMAHA NXC,9,E01004132,0,-1
2023461392600,2023,461392600,1,3,0,3,3,4,6,0,0,0,0,0,0,0,4,1,6,6,1,-1,-1,124,1,15,YAMAHA NXC,6,E01024589,0,-1
2023451330362,2023,451330362,2,3,0,18,19,6,2,0,0,1,0,0,0,0,1,1,5,6,1,19,4,124,1,12,YAMAHA NXC,6,E01030336,0,-1
2023543534023,2023,543534023,1,3,0,18,19,3,1,0,0,4,0,0,0,0,1,1,1,1,1,17,4,124,1,18,YAMAHA NXC,3,E01031911,0,-1
2023010457849,2023,010457849,2,3,0,18,19,5,1,0,0,1,0,0,0,0,1,1,2,2,2,37,7,124,1,12,YAMAHA NXC,3,E01002235,0,-1
2023010471655,2023,010471655,2,3,0,18,19,5,1,0,0,1,2,0,0,0,0,1,1,1,1,32,6,125,1,9,YAMAHA NXC,1,E01002783,0,-1
2023041294427,2023,041294427,2,3,0,18,19,4,8,0,0,1,0,0,0,0,1,1,2,2,2,53,8,124,1,12,YAMAHA NXC,5,E01025589,0,-1
2023010459609,2023,010459609,2,3,0,18,19,3,7,0,0,0,0,0,0,0,4,1,1,1,1,24,5,124,1,15,YAMAHA NXC,1,E01003577,0,-1
2023461274575,2023,461274575,1,3,0,18,19,8,4,0,0,0,0,0,0,0,1,1,2,2,1,22,5,124,1,12,YAMAHA NXC,4,E01024090,0,-1
2023610033023,2023,610033023,1,3,0,18,19,1,5,0,0,8,0,0,0,0,2,1,6,6,2,34,6,124,1,18,YAMAHA NXC,6,W01001556,0,-1
2023461395582,2023,461395582,1,3,0,18,19,3,7,0,0,1,0,0,0,0,1,1,6,6,1,30,6,124,1,12,YAMAHA NXC,2,E01016035,0,-1
2023010450297,2023,010450297,2,3,0,9,9,1,7,0,0,1,0,0,0,0,2,1,6,6,1,47,8,124,1,2,YAMAHA X,2,E01002032,0,-1
2023010455080,2023,010455080,1,3,0,3,3,5,1,0,0,2,0,0,0,0,4,1,2,2,1,43,7,124,1,1,YAMAHA X,4,E01003704,0,-1
2023010486987,2023,010486987,1,3,0,99,99,9,9,99,99,9,9,99,9,99,9,1,6,6,1,35,6,124,1,1,YAMAHA X,10,E01024469,0,-1
2023552301443,2023,552301443,2,4,0,10,10,6,2,0,0,1,0,0,0,0,1,1,1,1,1,36,7,124,1,0,YAMAHA X,6,E01015368,0,-1
2023471301972,2023,471301972,1,3,0,9,9,4,2,0,0,0,0,0,0,0,1,1,6,6,1,35,6,292,1,0,YAMAHA X,2,E01031790,0,-1
2023010477090,2023,010477090,1,3,0,99,99,9,9,99,99,9,9,99,9,99,9,1,1,1,3,50,8,124,1,1,YAMAHA X,3,E01000945,0,-1
2023010461057,2023,010461057,1,3,0,99,99,9,9,99,99,9,9,99,9,99,9,1,6,6,1,30,6,124,1,2,YAMAHA X,3,E01003572,0,-1
2023010443299,2023,010443299,1,3,0,99,99,9,9,99,99,9,9,99,9,99,1,1,1,1,1,37,7,124,1,1,YAMAHA X,4,E01003561,0,-1
2023010468651,2023,010468651,2,4,0,3,3,3,7,0,0,1,5,0,0,0,2,1,6,6,1,45,7,292,1,0,YAMAHA X,6,E01002655,0,-1
2023451326788,2023,451326788,2,3,0,13,13,1,5,0,0,1,0,0,7,0,4,1,2,2,1,42,7,124,1,0,YAMAHA X,2,E01030985,0,-1
2023010477118,2023,010477118,1,3,0,99,99,9,9,99,99,9,9,99,9,99,9,1,1,1,3,25,5,124,1,1,YAMAHA X,5,E01001681,0,-1
2023010459478,2023,010459478,1,3,0,99,99,9,9,99,99,9,9,99,9,99,1,1,6,6,1,27,6,124,1,1,YAMAHA X,4,E01004150,0,-1
2023010426035,2023,010426035,1,3,0,99,99,9,9,99,99,9,9,99,9,99,1,1,1,1,1,45,7,124,1,1,YAMAHA X,4,E01015327,0,-1
2023320306410,2023,320306410,2,3,0,18,19,6,2,0,0,8,5,0,0,0,4,1,6,6,2,54,8,124,1,3,YAMAHA X,3,E01026140,0,-1
2023430537063,2023,430537063,2,3,0,18,19,2,6,0,0,8,0,0,0,0,1,1,1,1,1,35,6,124,1,0,YAMAHA X,3,E01028553,0,-1
2023411354075,2023,411354075,2,2,0,3,3,1,5,0,0,1,0,0,0,0,1,1,1,1,1,41,7,124,1,1,-1,4,E01023899,0,-1
2023461343597,2023,461343597,1,2,0,5,5,5,1,0,0,1,0,0,7,0,1,1,1,1,1,51,8,124,1,1,-1,4,E01024486,0,-1
2023010444939,2023,010444939,1,4,0,99,99,9,9,99,99,9,9,99,9,99,9,1,1,1,1,30,6,292,1,2,YAMAHA X,2,E01004246,0,-1
2023010442161,2023,010442161,1,4,0,99,99,9,9,99,99,9,9,99,9,99,1,1,6,6,1,28,6,292,1,3,YAMAHA X,5,E01021443,0,-1
2023010464010,2023,010464010,1,3,0,99,99,9,9,99,99,9,9,99,9,99,9,1,6,6,3,34,6,292,1,1,YAMAHA X,4,E01000618,0,-1
2023010450744,2023,010450744,1,4,0,99,99,9,9,99,99,9,9,99,9,99,9,1,2,2,1,43,7,292,1,3,YAMAHA X,3,E01000510,0,-1
2023010475717,2023,010475717,1,3,0,99,99,9,9,99,99,9,9,99,9,99,1,1,1,1,1,38,7,124,1,0,YAMAHA X,3,E01001467,0,-1
2023041311948,2023,041311948,1,3,0,9,9,1,1,0,0,1,0,0,0,0,3,1,6,6,1,17,4,124,1,0,YAMAHA X,7,E01024938,0,-1
2023010465251,2023,010465251,1,3,0,99,99,9,9,0,0,1,0,0,0,0,0,1,1,1,1,36,7,124,1,1,YAMAHA X,3,E01003113,0,-1
2023010476522,2023,010476522,2,3,0,18,19,3,7,0,0,0,2,0,0,0,2,1,6,6,1,39,7,124,1,1,YAMAHA X,6,E01033736,0,-1
2023131287243,2023,131287243,1,3,0,5,5,1,5,0,0,4,2,0,0,0,2,1,1,1,1,43,7,124,1,1,YAMAHA X,-1,-1,0,-1
2023010442871,2023,010442871,1,3,0,99,99,9,9,99,99,9,9,99,9,99,1,1,6,6,1,23,5,124,1,2,YAMAHA X,5,E01000606,0,-1
2023010425299,2023,010425299,1,3,0,99,99,9,9,99,99,9,9,99,9,99,1,1,6,6,1,28,6,124,1,4,YAMAHA X,2,E01003325,0,-1
2023231347473,2023,231347473,1,4,0,18,19,4,8,0,0,8,0,0,0,0,0,1,5,6,1,40,7,292,1,4,YAMAHA X,7,E01016401,0,-1
2023010449910,2023,010449910,2,2,0,5,5,3,7,1,1,1,5,0,0,0,1,1,6,6,1,28,6,124,1,2,-1,2,E01002080,0,-1
2023010460313,2023,010460313,1,3,0,18,19,6,2,0,0,5,0,0,0,0,1,1,6,6,1,20,4,124,1,6,YAMAHA X,2,E01003032,0,-1
2023010428796,2023,010428796,2,3,0,18,19,1,5,0,0,7,5,0,0,0,1,1,6,6,1,40,7,124,1,1,YAMAHA X,4,E01002444,0,-1
2023010483850,2023,010483850,1,3,0,18,19,7,3,0,0,0,0,0,0,0,1,1,6,6,1,33,6,124,1,1,YAMAHA X,4,E01033576,0,-1
2023010481032,2023,010481032,1,3,0,99,99,9,9,99,99,9,9,99,9,99,9,1,1,1,1,29,6,124,1,3,YAMAHA X,2,E01001875,0,-1
2023471291247,2023,471291247,2,3,0,18,19,7,3,0,0,1,0,0,0,0,1,1,6,6,1,22,5,124,1,0,YAMAHA X,4,E01016925,0,-1
2023010464851,2023,010464851,1,3,0,18,19,1,5,0,0,1,0,0,0,0,3,1,6,6,1,18,4,124,1,4,YAMAHA X,2,E01000889,0,-1
2023010439832,2023,010439832,1,4,0,99,99,9,9,99,99,9,9,99,9,99,9,1,6,6,1,54,8,292,1,1,YAMAHA X,4,E01000428,0,-1
2023010424721,2023,010424721,1,4,0,99,99,9,9,99,99,9,9,99,9,99,1,1,6,6,1,33,6,292,1,2,YAMAHA X,5,E01001973,0,-1
2023411364290,2023,411364290,2,3,-1,-1,-1,-1,-1,-1,-1,0,-1,-1,-1,0,-1,1,1,1,1,44,7,124,1,1,YAMAHA X,3,E01001436,0,-1
2023421285019,2023,421285019,2,4,0,18,19,7,3,0,0,0,0,0,0,0,3,1,5,6,1,19,4,292,1,2,YAMAHA X,1,E01002038,0,-1
2023010478154,2023,010478154,1,3,0,99,99,9,9,99,99,9,9,99,9,99,9,1,1,1,1,37,7,124,1,3,YAMAHA X,3,E01033704,0,-1
2023010453368,2023,010453368,1,3,0,99,99,9,9,99,99,9,9,99,9,99,9,1,1,1,1,36,7,124,1,5,YAMAHA X,2,E01001947,0,-1
2023010461254,2023,010461254,1,3,0,99,99,9,9,99,99,9,9,99,9,99,9,1,2,2,3,23,5,124,1,1,YAMAHA X,4,E01001182,0,-1
2023010485594,2023,010485594,1,3,0,99,99,9,9,99,99,9,9,99,9,99,9,1,1,1,2,22,5,292,1,6,YAMAHA X,2,E01001943,0,-1
2023010451803,2023,010451803,1,4,0,99,99,9,9,99,99,9,9,99,9,99,1,1,1,1,1,40,7,292,1,1,YAMAHA X,3,E01001886,0,-1
2023010442363,2023,010442363,2,3,0,9,9,6,3,0,0,0,0,0,0,0,2,1,2,2,1,24,5,124,1,3,YAMAHA X,2,E01033591,0,-1
2023010440962,2023,010440962,2,3,0,18,19,7,3,0,0,0,0,0,0,0,1,1,6,6,1,27,6,124,1,1,YAMAHA X,-1,-1,0,-1
2023010435152,2023,010435152,1,4,0,99,99,9,9,99,99,9,9,99,9,99,9,1,1,1,1,40,7,292,1,1,YAMAHA X,3,E01001886,0,-1
2023010453517,2023,010453517,1,3,0,99,99,9,9,99,99,9,9,99,9,99,9,1,6,6,1,39,7,124,1,1,YAMAHA X,1,E01001155,0,-1
2023010446578,2023,010446578,1,3,0,99,99,9,9,0,0,8,0,0,0,0,1,1,6,6,1,36,7,124,1,3,YAMAHA X,3,E01000578,0,-1
2023421393537,2023,421393537,1,4,0,14,14,8,4,0,0,1,0,0,0,0,1,1,6,6,1,35,6,292,1,4,YAMAHA X,1,E01021576,0,-1
2023010419974,2023,010419974,1,3,0,4,4,3,7,0,0,0,0,0,0,0,1,1,6,6,1,41,7,124,1,1,YAMAHA X,2,E01001875,0,-1
2023010469896,2023,010469896,1,3,0,99,99,9,9,99,99,9,9,99,9,99,1,1,6,6,1,27,6,292,1,1,YAMAHA X,2,E01001448,0,-1
2023010478680,2023,010478680,1,3,0,99,99,9,9,99,99,9,9,99,9,99,9,1,1,1,1,26,6,124,1,3,YAMAHA X,3,E01003635,0,-1
2023010442375,2023,010442375,1,3,0,18,19,3,7,0,0,1,0,0,0,0,1,1,1,1,1,27,6,124,1,1,YAMAHA X,1,E01000601,0,-1
2023010428879,2023,010428879,2,3,0,99,99,9,9,99,99,9,9,99,9,99,9,1,6,6,3,-1,-1,124,1,3,YAMAHA X,-1,-1,0,-1
2023010456419,2023,010456419,2,3,0,3,3,1,5,0,0,1,0,0,0,0,1,1,6,6,1,17,4,124,1,0,YAMAHA X,6,E01003107,0,-1
2023010429427,2023,010429427,1,4,0,99,99,9,9,99,99,9,9,99,9,99,1,1,6,6,1,30,6,292,1,3,YAMAHA X,3,E01033464,0,-1
2023010424596,2023,010424596,1,3,0,99,99,9,9,99,99,9,9,99,9,99,9,1,2,2,1,48,8,124,1,5,YAMAHA X,6,E01004493,0,-1
2023010436146,2023,010436146,1,3,0,99,99,9,9,99,99,9,9,99,9,99,2,1,1,1,1,26,6,124,1,1,YAMAHA X,7,E01000400,0,-1
2023552301365,2023,552301365,1,4,0,13,13,7,3,0,0,8,0,0,0,0,1,1,1,1,1,59,9,292,1,6,YAMAHA X,6,E01015358,0,-1
2023451311009,2023,451311009,2,3,0,18,19,3,7,1,1,8,0,0,0,0,3,1,1,1,1,40,7,124,1,3,YAMAHA X,3,E01030362,0,-1
2023010457439,2023,010457439,1,3,0,18,19,1,5,0,0,1,0,0,0,0,1,1,6,6,1,25,5,124,1,5,YAMAHA X,5,E01001301,0,-1
2023311303663,2023,311303663,2,4,0,18,19,6,2,0,0,0,0,0,0,0,3,1,6,6,1,27,6,292,1,2,YAMAHA X,6,E01013894,0,-1
2023401378380,2023,401378380,2,3,0,18,19,-1,-1,0,0,1,0,0,0,0,2,1,5,6,1,31,6,124,1,3,YAMAHA X,4,E01015793,0,-1
2023010427907,2023,010427907,1,3,0,18,19,7,3,0,0,8,0,0,0,0,1,1,1,1,1,25,5,124,1,2,YAMAHA X,2,E01033601,0,-1
2023010447095,2023,010447095,1,3,0,99,99,9,9,99,99,9,9,99,9,99,9,1,6,6,1,43,7,124,1,5,YAMAHA X,7,E01001131,0,-1
2023010424878,2023,010424878,1,4,9,99,99,9,9,0,0,9,0,99,0,0,9,1,6,6,1,36,7,292,1,2,YAMAHA X,2,E01003624,0,-1
2023010465509,2023,010465509,1,3,0,18,19,5,1,0,0,1,0,11,0,0,0,1,6,6,1,25,5,124,1,5,YAMAHA X,3,E01003979,0,-1
2023010451866,2023,010451866,2,2,0,14,14,3,7,0,0,1,0,0,0,0,3,1,6,6,1,37,7,292,1,2,-1,2,E01001959,0,-1
2023010475540,2023,010475540,1,3,4,99,99,9,9,99,99,9,9,99,9,99,1,1,2,2,1,55,8,124,1,1,YAMAHA X,2,E01032805,0,-1
2023471333135,2023,471333135,1,4,0,18,19,1,5,0,0,0,0,0,0,0,3,1,6,6,3,-1,-1,292,1,1,YAMAHA X,-1,-1,0,-1
2023522400101,2023,522400101,2,3,0,15,15,5,1,4,4,8,0,0,0,0,1,1,6,6,1,44,7,124,1,2,YAMAHA X,6,E01014984,0,-1
2023010449007,2023,010449007,1,3,0,99,99,9,9,99,99,9,9,99,9,99,1,1,1,1,1,30,6,124,1,3,YAMAHA X,6,E01001656,0,-1
2023010435504,2023,010435504,1,3,0,99,99,9,9,99,99,9,9,99,9,99,9,1,6,6,3,33,6,124,1,5,YAMAHA X,6,E01004634,0,-1
2023010429828,2023,010429828,1,97,0,99,99,9,9,99,99,9,9,99,9,99,9,9,1,1,1,39,7,124,1,1,-1,4,E01004612,0,-1
2023010468421,2023,010468421,1,3,0,18,19,3,7,0,0,1,0,0,0,0,1,1,6,6,1,31,6,124,1,1,YAMAHA X,3,E01001238,0,-1
2023010432424,2023,010432424,1,3,0,99,99,9,9,99,99,9,9,99,9,99,9,1,1,1,1,26,6,124,1,1,YAMAHA X,3,E01004562,0,-1
2023010450800,2023,010450800,2,3,0,13,13,7,3,0,0,1,0,0,0,0,1,1,6,6,1,22,5,124,1,1,YAMAHA X,4,E01001615,0,-1
2023010433970,2023,010433970,1,3,0,99,99,9,9,99,99,9,9,99,9,99,9,1,1,1,1,32,6,124,1,1,YAMAHA X,3,E01033464,0,-1
2023010429284,2023,010429284,2,4,0,18,19,7,3,0,0,8,0,0,0,0,3,1,1,1,1,24,5,292,1,1,YAMAHA X,4,E01000746,0,-1
2023010447540,2023,010447540,1,2,0,9,9,7,4,0,0,8,0,0,0,0,4,1,6,6,1,20,4,124,1,1,-1,4,E01004348,0,-1
2023010462222,2023,010462222,1,3,0,18,19,5,1,0,0,1,0,0,0,0,3,1,6,6,1,21,5,124,1,5,YAMAHA X,2,E01004711,0,-1
2023010430659,2023,010430659,1,4,4,99,99,9,9,99,99,0,9,99,9,99,2,1,2,2,1,49,8,124,1,1,YAMAHA X,3,E01000531,0,-1
2023010484257,2023,010484257,2,3,0,13,13,7,3,0,0,1,5,0,0,0,1,1,6,6,1,23,5,124,1,4,YAMAHA X,3,E01003374,0,-1
2023010474339,2023,010474339,1,3,0,99,99,9,9,99,99,9,9,99,9,99,1,1,6,6,1,33,6,292,1,6,YAMAHA X,1,E01001178,0,-1
2023430506475,2023,430506475,2,3,0,18,19,6,2,0,0,8,0,0,0,0,1,1,1,1,1,36,7,124,1,2,YAMAHA X,5,E01028530,0,-1
2023010485145,2023,010485145,1,3,0,99,99,9,9,99,99,9,9,99,9,99,1,1,1,1,1,31,6,124,1,1,YAMAHA X,5,E01003433,0,-1
2023010443980,2023,010443980,1,4,0,18,19,5,1,0,0,1,0,0,0,0,1,1,6,6,3,-1,-1,292,1,4,YAMAHA X,-1,-1,0,-1