collision_index,collision_year,collision_ref_no,vehicle_reference,vehicle_type,towing_and_articulation,vehicle_manoeuvre_historic,vehicle_manoeuvre,vehicle_direction_from,vehicle_direction_to,vehicle_location_restricted_lane_historic,vehicle_location_restricted_lane,junction_location,skidding_and_overturning,hit_object_in_carriageway,vehicle_leaving_carriageway,hit_object_off_carriageway,first_point_of_impact,vehicle_left_hand_drive,journey_purpose_of_driver_historic,journey_purpose_of_driver,sex_of_driver,age_of_driver,age_band_of_driver,engine_capacity_cc,propulsion_code,age_of_vehicle,generic_make_model,driver_imd_decile,lsoa_of_driver,escooter_flag,driver_distance_banding
2023211343218,2023,211343218,1,9,0,18,19,7,3,0,0,0,0,0,0,0,3,1,6,6,2,40,7,1560,2,11,FORD GRAND C-MAX,2,E01014285,0,-1
2023052303000,2023,052303000,1,9,0,9,9,1,7,0,0,8,0,0,0,0,1,1,6,6,2,32,6,1997,2,7,FORD GRAND C-MAX,4,E01006890,0,-1
2023302301000,2023,302301000,2,4,0,17,19,2,7,0,0,8,0,0,0,0,1,1,6,6,1,18,4,125,1,10,HONDA CBF 125,2,E01019549,0,-1
2023131325114,2023,131325114,2,3,0,4,4,5,1,0,0,0,0,0,0,0,1,1,2,2,2,23,5,124,1,2,HONDA CBF 125,1,E01033258,0,-1
2023010450591,2023,010450591,2,3,0,18,19,8,4,0,0,1,0,0,0,0,1,1,6,6,1,21,5,124,1,2,HONDA CBF 125,2,E01001437,0,-1
202363A017323,2023,63A017323,2,3,0,5,5,8,4,0,0,8,0,0,0,0,4,1,1,1,1,18,4,125,1,12,HONDA CBF 125,6,W01000639,0,-1
2023501357793,2023,501357793,2,3,0,17,19,7,3,0,0,1,5,0,0,0,1,1,6,6,1,21,5,124,1,1,HONDA CBF 125,5,E01023304,0,-1
2023010478662,2023,010478662,2,3,0,14,14,7,3,0,0,1,0,0,0,0,4,1,6,6,1,43,7,125,1,12,HONDA CBF 125,5,E01004494,0,-1
2023361370993,2023,361370993,1,4,0,18,19,2,6,9,9,0,0,0,8,0,1,1,6,6,1,23,5,125,1,11,HONDA CBF 125,5,E01026870,0,-1
2023010443489,2023,010443489,1,3,0,99,99,9,9,99,99,0,9,99,9,99,2,1,1,1,1,34,6,124,1,1,HONDA CBF 125,10,E01016583,0,-1
2023010435439,2023,010435439,1,3,0,18,19,7,3,0,0,6,0,0,0,0,3,1,1,1,1,53,8,124,1,2,HONDA CBF 125,4,E01000612,0,-1
2023451373183,2023,451373183,1,3,0,11,11,5,1,0,0,0,5,0,1,11,1,1,5,6,1,17,4,125,1,5,HONDA CBF 125,8,E01004131,0,-1
2023010483618,2023,010483618,1,3,0,4,4,5,1,0,0,1,0,0,0,0,1,1,6,6,1,24,5,125,1,9,HONDA CBF 125,10,E01003886,0,-1
2023991392284,2023,991392284,1,3,0,18,19,2,6,0,0,0,0,0,0,0,0,1,5,6,1,32,6,125,1,0,HONDA CBF 125,5,-1,0,-1
2023430442795,2023,430442795,1,3,0,18,19,6,2,0,0,1,0,0,0,0,1,1,2,2,1,23,5,124,1,0,HONDA CBF 125,5,E01016577,0,-1
2023320393552,2023,320393552,1,4,0,18,19,1,4,0,0,5,0,0,0,0,1,1,6,6,1,18,4,124,1,0,HONDA CBF 125,5,E01026309,0,-1
2023320651506,2023,320651506,1,2,0,13,13,4,8,0,0,1,2,0,0,0,1,1,6,6,1,17,4,125,1,2,-1,-1,-1,0,-1
2023010449405,2023,010449405,1,3,0,99,99,9,9,99,99,9,9,99,9,99,9,1,6,6,1,32,6,124,1,1,HONDA CBF 125,3,E01003296,0,-1
2023471353667,2023,471353667,2,3,0,13,13,7,3,0,0,1,0,0,0,0,1,1,6,6,1,24,5,125,1,5,HONDA CBF 125,2,E01016914,0,-1
2023201271293,2023,201271293,2,3,0,18,19,1,5,0,0,0,1,0,0,0,1,1,6,6,1,31,6,125,1,13,HONDA CBF 125,1,E01010029,0,-1
2023010450058,2023,010450058,1,3,0,99,99,9,9,99,99,9,9,99,9,99,9,1,6,6,1,25,5,125,1,10,HONDA CBF 125,1,E01001356,0,-1
2023131361740,2023,131361740,1,3,0,18,19,7,5,0,0,8,0,0,0,0,2,1,2,2,1,21,5,125,1,5,HONDA CBF 125,4,E01011606,0,-1
2023221276465,2023,221276465,1,3,0,16,19,4,6,0,0,0,1,0,0,0,3,1,2,2,1,19,4,124,1,1,HONDA CBF 125,7,E01028998,0,-1
2023041336727,2023,041336727,2,3,0,9,9,1,5,0,0,4,5,0,0,0,4,1,5,6,1,27,6,124,1,1,HONDA CBF 125,9,E01025551,0,-1
202354A255023,2023,54A255023,2,3,0,18,19,3,4,0,0,1,0,0,0,0,1,1,6,6,1,59,9,124,1,2,HONDA CBF 125,5,E01031901,0,-1
2023201410962,2023,201410962,1,4,0,13,13,3,7,0,0,0,0,0,0,0,1,1,2,2,1,23,5,124,1,1,HONDA CBF 125,6,E01010011,0,-1
2023991279513,2023,991279513,1,3,0,18,19,3,7,0,0,0,0,0,1,0,3,1,5,6,1,26,6,125,1,3,HONDA CBF 125,1,-1,0,-1
2023471352144,2023,471352144,2,3,0,13,13,8,4,0,0,0,1,0,0,0,4,1,2,2,1,21,5,124,1,0,HONDA CBF 125,10,E01021192,0,-1
2023451285461,2023,451285461,2,3,0,4,4,1,5,0,0,0,0,0,0,0,1,1,4,7,1,17,4,124,1,1,HONDA CBF 125,10,E01031002,0,-1
2023622300443,2023,622300443,2,3,0,18,19,6,2,0,0,8,0,0,0,0,4,1,6,6,1,20,4,125,1,2,HONDA CBF 125,9,W01000969,0,-1
2023340WN7082,2023,340WN7082,1,3,0,18,19,6,2,0,0,2,0,0,1,1,1,1,6,6,1,19,4,125,1,10,HONDA CBF 125,9,E01027212,0,-1
2023451285215,2023,451285215,1,2,0,2,2,7,3,0,0,0,0,0,0,0,2,1,2,2,1,26,6,125,1,12,-1,7,E01023124,0,-1
2023991281513,2023,991281513,1,3,0,18,19,7,3,0,0,3,0,0,0,0,3,1,1,1,1,35,6,125,1,10,HONDA CBF 125,-1,-1,0,-1
2023010484076,2023,010484076,1,3,0,5,5,7,3,0,0,1,0,0,0,0,2,1,6,6,1,42,7,124,1,3,HONDA CBF 125,8,E01003897,0,-1
2023122300723,2023,122300723,2,3,0,9,9,4,2,0,0,8,0,0,0,0,2,1,6,6,1,28,6,124,1,0,HONDA CBF 125,5,E01013446,0,-1
2023451363365,2023,451363365,1,3,0,18,19,1,5,0,0,4,0,0,0,0,3,1,1,1,1,24,5,124,1,2,HONDA CBF 125,9,E01016575,0,-1
2023161320102,2023,161320102,2,3,0,18,19,6,2,0,0,0,0,0,0,0,4,1,5,6,1,25,5,125,1,2,HONDA CBF 125,8,E01012909,0,-1
2023131358672,2023,131358672,1,3,0,4,4,2,8,0,0,0,1,0,0,0,3,1,2,2,1,24,5,125,1,9,HONDA CBF 125,3,E01011137,0,-1
2023371346256,2023,371346256,1,3,0,18,19,1,1,0,0,8,0,0,0,0,1,1,5,6,1,19,4,124,1,1,HONDA CBF 125,9,E01030190,0,-1
2023010473153,2023,010473153,2,3,0,5,5,1,5,0,0,1,1,0,0,0,0,1,6,6,1,60,9,124,1,1,HONDA CBF 125,-1,-1,0,-1
2023010428724,2023,010428724,1,3,0,18,19,2,6,0,0,8,0,0,0,0,3,1,2,2,1,47,8,125,1,5,HONDA CBF 125,1,E01002071,0,-1
2023351331375,2023,351331375,2,3,0,5,5,7,3,0,0,4,0,0,0,0,1,1,5,6,1,31,6,125,1,9,HONDA CBF 125,2,E01013854,0,-1
2023501282625,2023,501282625,1,3,0,18,19,1,5,0,0,1,0,0,0,0,1,1,6,6,1,19,4,125,1,10,HONDA CBF 125,5,E01018896,0,-1
2023991369107,2023,991369107,1,3,0,15,15,3,7,2,2,1,5,0,0,0,1,1,5,6,1,21,5,124,1,0,HONDA CBF 125,-1,-1,0,-1
2023531340230,2023,531340230,1,3,0,13,13,3,7,0,0,1,0,0,0,0,1,1,2,2,1,28,6,125,1,2,HONDA CBF 125,8,E01022213,0,-1
2023031260429,2023,031260429,2,2,0,17,19,7,3,0,0,1,0,0,0,0,1,1,6,6,1,24,5,124,1,2,-1,-1,-1,0,-1
2023622300050,2023,622300050,2,3,0,9,9,6,4,0,0,1,0,0,0,0,1,1,6,6,1,20,4,124,1,1,HONDA CBF 125,7,W01001958,0,-1
2023010465483,2023,010465483,1,3,0,99,99,9,9,99,99,9,9,99,9,99,1,1,6,6,1,20,4,125,1,4,HONDA CBF 125,2,E01003594,0,-1
2023052300713,2023,052300713,1,3,0,14,14,7,3,0,0,4,0,0,0,0,1,1,6,6,1,26,6,125,1,12,HONDA CBF 125,1,E01006968,0,-1
2023010432868,2023,010432868,1,3,0,18,19,6,2,0,0,1,1,0,0,0,0,1,2,2,1,36,7,124,1,3,HONDA CBF 125,6,E01003152,0,-1
2023201378666,2023,201378666,1,5,0,14,14,2,6,0,0,8,0,4,0,0,1,1,6,6,1,20,4,124,1,2,-1,3,E01009448,0,-1
2023211333310,2023,211333310,2,3,0,3,3,1,3,0,0,1,0,0,0,0,1,1,5,6,1,21,5,124,1,0,HONDA CBF 125,4,E01014245,0,-1
2023221393388,2023,221393388,2,3,0,13,13,8,3,0,0,1,2,0,0,0,3,1,5,6,1,18,4,124,1,1,HONDA CBF 125,7,E01014092,0,-1
2023440031314,2023,440031314,1,3,0,17,19,2,6,0,0,0,0,0,0,0,3,1,2,2,1,24,5,125,1,5,HONDA CBF 125,1,E01017336,0,-1
2023461358621,2023,461358621,2,3,0,18,19,4,8,0,0,8,0,0,0,0,2,1,6,6,1,19,4,125,1,2,HONDA CBF 125,6,E01032824,0,-1
2023010474986,2023,010474986,2,3,0,18,19,4,8,0,0,0,0,0,0,0,4,1,6,6,1,40,7,125,1,0,HONDA CBF 125,1,E01016024,0,-1
2023122300269,2023,122300269,1,3,0,18,19,5,1,6,6,8,0,10,0,0,1,1,2,2,1,26,6,125,1,2,HONDA CBF 125,-1,-1,0,-1
2023010466826,2023,010466826,1,3,0,99,99,9,9,99,99,9,9,99,9,99,9,1,1,1,1,55,8,124,1,1,HONDA CBF 125,4,E01002179,0,-1
2023010426897,2023,010426897,2,4,0,7,7,2,3,0,0,1,2,0,0,0,1,1,6,6,1,25,5,124,1,2,HONDA CBF 125,4,E01002346,0,-1
2023461380519,2023,461380519,1,4,0,18,19,5,1,0,0,2,1,0,0,0,3,1,2,2,1,24,5,125,1,12,HONDA CBF 125,5,E01024342,0,-1
2023131358563,2023,131358563,2,3,0,18,19,8,4,0,0,0,0,0,0,0,1,1,6,6,1,37,7,124,1,1,HONDA CBF 125,2,E01007417,0,-1
2023010453366,2023,010453366,1,3,0,99,99,9,9,99,99,9,9,99,9,99,9,1,2,2,1,24,5,124,1,1,HONDA CBF 125,6,E01023720,0,-1
2023461349883,2023,461349883,2,3,0,18,19,7,3,0,0,8,0,0,0,0,3,1,5,6,1,19,4,125,1,5,HONDA CBF 125,8,E01016121,0,-1
2023471322456,2023,471322456,2,3,0,18,19,2,6,0,0,1,0,0,0,0,1,1,6,6,1,27,6,125,1,5,HONDA CBF 125,6,E01016987,0,-1
2023411335932,2023,411335932,2,3,0,3,3,-1,-1,0,0,4,2,0,0,0,2,1,2,2,1,21,5,124,1,2,HONDA CBF 125,7,E01023923,0,-1
2023302300625,2023,302300625,1,3,0,18,19,8,4,0,0,1,1,0,0,0,1,1,6,6,1,23,5,125,1,9,HONDA CBF 125,10,E01013564,0,-1
2023010458829,2023,010458829,1,3,0,99,99,9,9,0,0,1,0,0,0,0,9,1,6,6,2,-1,-1,125,1,9,HONDA CBF 125,-1,-1,0,-1
2023101384742,2023,101384742,2,3,0,18,19,7,3,0,0,1,1,0,0,0,0,1,6,6,1,24,5,124,1,1,HONDA CBF 125,3,E01008511,0,-1
2023010482109,2023,010482109,1,3,0,18,19,7,3,0,0,0,0,0,4,0,0,1,6,6,1,18,4,124,1,2,HONDA CBF 125,2,E01003324,0,-1
2023201377907,2023,201377907,2,3,0,5,5,6,2,2,2,8,0,0,0,0,2,1,5,6,1,27,6,125,1,1,HONDA CBF 125,3,E01009411,0,-1
2023010447317,2023,010447317,2,3,0,18,19,2,6,0,0,1,0,0,0,0,1,1,6,6,1,19,4,125,1,13,HONDA CBF 125,1,E01033207,0,-1
2023401394420,2023,401394420,1,3,0,18,19,6,2,0,0,1,0,0,0,0,1,1,6,6,1,23,5,125,1,12,HONDA CBF 125,4,E01017473,0,-1
2023991346538,2023,991346538,2,3,0,4,4,6,2,0,0,1,0,0,0,0,2,1,5,6,1,34,6,125,1,2,HONDA CBF 125,9,-1,0,-1
202360A099228,2023,60A099228,1,3,0,16,19,2,6,0,0,8,1,0,0,0,4,1,2,2,1,24,5,125,1,12,HONDA CBF 125,-1,-1,0,-1
2023221358828,2023,221358828,1,4,0,17,19,2,6,0,0,0,0,0,1,9,1,1,5,6,1,21,5,124,1,0,HONDA CBF 125,10,E01014181,0,-1
2023201353855,2023,201353855,1,3,0,18,19,8,4,0,0,0,0,7,4,6,1,1,6,6,1,27,6,125,1,3,HONDA CBF 125,5,E01009447,0,-1
2023010442548,2023,010442548,1,3,0,99,99,9,9,99,99,9,9,99,9,99,9,1,2,2,1,25,5,125,1,10,HONDA CBF 125,1,E01001356,0,-1
2023340WN3832,2023,340WN3832,1,4,0,17,19,1,5,0,0,2,0,0,1,0,1,1,6,6,2,64,9,124,1,0,HONDA CBF 125,8,E01009668,0,-1
2023010460709,2023,010460709,1,3,0,4,4,5,1,0,0,1,5,0,0,0,1,1,6,6,1,57,9,124,1,1,HONDA CBF 125,7,E01003287,0,-1
2023991259751,2023,991259751,1,3,0,15,15,2,6,0,0,2,0,0,0,0,1,1,6,6,3,18,4,125,1,9,HONDA CBF 125,-1,-1,0,-1
2023201380230,2023,201380230,2,4,0,18,19,8,4,0,0,8,0,0,0,0,3,1,5,6,1,22,5,125,1,12,HONDA CBF 125,7,E01009805,0,-1
2023430136063,2023,430136063,1,3,0,16,19,4,7,0,0,8,0,10,7,1,1,1,6,6,1,20,4,125,1,10,HONDA CBF 125,6,E01017852,0,-1
2023501352657,2023,501352657,1,4,0,18,19,2,6,0,0,0,2,11,0,0,4,1,2,2,2,27,6,125,1,9,HONDA CBF 125,5,E01033291,0,-1
2023302301202,2023,302301202,1,3,0,13,13,6,2,0,0,1,0,0,0,0,1,1,6,6,1,19,4,125,1,2,HONDA CBF 125,8,E01019714,0,-1
202360A076224,2023,60A076224,1,3,0,16,19,5,8,0,0,0,5,10,0,0,3,1,6,6,1,17,4,125,1,1,HONDA CBF 125,-1,-1,0,-1
2023522301609,2023,522301609,1,3,0,18,19,1,5,2,2,2,0,0,0,0,1,1,6,6,2,25,5,125,1,4,HONDA CBF 125,7,W01000684,0,-1
2023501320810,2023,501320810,2,3,0,18,19,6,3,0,0,0,0,0,0,0,1,1,6,6,1,17,4,125,1,9,HONDA CBF 125,3,E01015162,0,-1
2023010454694,2023,010454694,1,3,0,5,5,3,7,9,9,1,0,0,0,0,1,1,6,6,3,-1,-1,124,1,2,HONDA CBF 125,2,E01003508,0,-1
2023010422451,2023,010422451,1,3,0,99,99,9,9,99,99,9,9,99,9,99,9,1,2,2,1,28,6,124,1,2,HONDA CBF 125,4,E01004414,0,-1
2023010473154,2023,010473154,2,4,0,17,19,1,5,0,0,1,0,0,0,0,1,1,2,2,1,28,6,125,1,9,HONDA CBF 125,5,E01003195,0,-1
2023221359448,2023,221359448,1,4,0,9,9,5,3,0,0,6,0,0,1,11,1,1,5,6,2,58,9,124,1,0,HONDA CBF 125,8,E01032223,0,-1
2023461283388,2023,461283388,2,3,0,18,19,3,7,0,0,1,1,0,0,0,1,1,6,6,1,23,5,125,1,10,HONDA CBF 125,2,E01023976,0,-1
2023531275416,2023,531275416,5,3,0,18,19,8,4,0,0,0,2,0,1,0,1,1,5,6,1,24,5,125,1,2,HONDA CBF 125,7,E01022302,0,-1
2023501344099,2023,501344099,1,4,0,18,19,3,7,0,0,1,5,12,0,0,1,1,2,2,1,27,6,125,1,9,HONDA CBF 125,4,E01020334,0,-1
2023302301740,2023,302301740,2,3,0,18,19,7,3,0,0,8,1,0,0,0,1,1,6,6,1,34,6,125,1,10,HONDA CBF 125,2,E01019498,0,-1
2023520000946,2023,520000946,2,3,0,18,19,3,8,0,0,8,0,0,0,0,1,1,6,6,1,18,4,124,1,0,HONDA CBF 125,10,E01014395,0,-1
2023131313878,2023,131313878,2,3,0,18,19,5,1,0,0,1,0,0,0,0,4,1,5,6,1,18,4,125,1,11,HONDA CBF 125,2,E01032492,0,-1
2023991289205,2023,991289205,1,3,0,18,19,3,1,0,0,1,0,0,0,0,1,1,5,6,1,35,6,125,1,10,HONDA CBF 125,6,-1,0,-1
2023010441479,2023,010441479,1,3,0,15,15,5,1,0,0,8,1,0,0,0,1,1,6,6,1,59,9,124,1,2,HONDA CBF 125,4,E01001376,0,-1
2023010452217,2023,010452217,1,3,0,17,19,7,6,5,5,1,0,0,0,0,1,1,6,6,1,61,9,125,1,2,HONDA CBF 125,10,E01003468,0,-1
2023161325347,2023,161325347,1,3,0,18,19,1,5,0,0,8,0,0,0,0,1,1,5,6,1,21,5,125,1,11,HONDA CBF 125,3,E01013045,0,-1
2023622300734,2023,622300734,2,3,0,4,4,6,2,0,0,0,0,0,0,0,2,1,6,6,1,29,6,125,1,4,HONDA CBF 125,7,W01001109,0,-1
2023991370873,2023,991370873,2,3,0,3,3,2,6,0,0,1,0,0,0,0,2,1,6,6,1,22,5,124,1,0,HONDA CBF 125,10,-1,0,-1
2023131306811,2023,131306811,1,3,0,18,19,2,1,0,0,8,0,0,0,0,2,1,2,2,1,44,7,124,1,1,HONDA CBF 125,2,E01011251,0,-1
2023991306371,2023,991306371,2,3,0,16,19,7,3,0,0,0,0,0,0,0,4,1,5,6,1,20,4,125,1,11,HONDA CBF 125,-1,-1,0,-1
2023991299521,2023,991299521,1,3,0,18,19,5,1,0,0,1,0,0,0,0,1,1,5,6,1,16,4,125,1,1,HONDA CBF 125,6,-1,0,-1
2023302301210,2023,302301210,2,4,0,17,19,8,6,0,0,8,0,0,0,0,1,1,6,6,1,37,7,124,1,2,HONDA CBF 125,2,E01013919,0,-1
2023141376108,2023,141376108,1,3,0,18,19,3,7,0,0,1,0,0,0,0,0,1,5,6,2,17,4,125,1,11,HONDA CBF 125,2,E01007782,0,-1
2023340NN0682,2023,340NN0682,2,3,0,18,19,7,3,0,0,0,0,0,1,0,1,1,2,2,1,23,5,125,1,13,HONDA CBF 125,9,E01027018,0,-1
2023070678379,2023,070678379,1,3,0,16,19,5,8,0,0,0,0,0,7,0,0,1,6,6,1,58,9,125,1,13,HONDA CBF 125,6,E01018679,0,-1
2023991328761,2023,991328761,2,3,0,18,19,1,4,0,0,8,0,0,0,0,1,1,6,6,1,18,4,124,1,2,HONDA CBF 125,1,-1,0,-1
2023010456521,2023,010456521,2,3,0,14,14,5,1,0,0,8,0,0,0,0,4,1,6,6,2,29,6,124,1,0,HONDA CBF 125,7,E01023892,0,-1
2023351307904,2023,351307904,2,3,0,18,19,1,5,0,0,1,0,0,0,0,3,1,2,2,1,17,4,125,1,5,HONDA CBF 125,2,E01015660,0,-1
2023061353222,2023,061353222,2,3,0,18,19,8,4,0,0,0,0,0,0,0,1,1,5,6,1,45,7,124,1,2,HONDA CBF 125,4,E01005866,0,-1
2023161354300,2023,161354300,1,3,0,18,19,1,5,0,0,8,0,0,0,0,3,1,6,6,1,-1,-1,125,1,12,HONDA CBF 125,1,E01012862,0,-1
2023332300555,2023,332300555,2,3,0,12,12,1,7,0,0,8,0,0,0,0,1,1,6,6,1,19,4,124,1,1,HONDA CBF 125,6,E01028372,0,-1
2023361316670,2023,361316670,2,3,0,18,19,7,3,0,0,0,0,0,0,0,4,1,2,2,1,26,6,124,1,2,HONDA CBF 125,8,E01026530,0,-1
2023010472396,2023,010472396,1,3,0,99,99,9,9,99,99,9,9,99,9,99,9,1,2,2,1,29,6,125,1,5,HONDA CBF 125,5,E01003260,0,-1
2023471286603,2023,471286603,2,3,0,18,19,7,3,0,0,1,0,0,0,0,1,1,6,6,1,24,5,125,1,2,HONDA CBF 125,2,E01016914,0,-1
2023010450348,2023,010450348,1,3,0,18,19,1,5,0,0,1,0,0,0,0,1,1,6,6,1,22,5,125,1,2,HONDA CBF 125,10,E01017406,0,-1
2023471308570,2023,471308570,1,3,0,6,6,5,5,0,0,0,0,0,0,0,4,1,6,6,3,-1,-1,125,1,8,HONDA CBF 125,-1,-1,0,-1
2023451391096,2023,451391096,1,3,0,8,8,1,3,0,0,8,0,0,0,0,0,1,1,1,1,24,5,124,1,2,HONDA CBF 125,9,E01016575,0,-1
2023451359050,2023,451359050,1,4,0,18,19,5,1,0,0,1,1,0,0,0,0,1,5,6,1,18,4,124,1,0,HONDA CBF 125,6,E01030598,0,-1
2023311280501,2023,311280501,1,3,0,18,19,2,6,0,0,1,0,0,0,0,1,1,2,2,1,55,8,124,1,2,HONDA CBF 125,10,E01019653,0,-1
2023010456371,2023,010456371,1,4,0,18,19,4,8,0,0,0,0,0,0,0,1,1,6,6,1,22,5,124,1,2,HONDA CBF 125,1,E01001425,0,-1
2023451309568,2023,451309568,1,3,0,18,19,5,1,0,0,1,1,0,0,0,4,1,5,6,1,29,6,125,1,11,HONDA CBF 125,5,E01030572,0,-1
2023361333277,2023,361333277,2,4,0,13,13,7,3,0,0,0,1,0,0,0,1,1,5,6,1,30,6,125,1,3,HONDA CBF 125,5,E01026594,0,-1
2023471379124,2023,471379124,2,3,0,18,19,1,5,0,0,0,0,0,0,0,1,1,6,6,1,34,6,125,1,5,HONDA CBF 125,8,E01021143,0,-1
2023471304607,2023,471304607,1,3,0,4,4,1,5,0,0,0,2,0,0,0,1,1,6,6,3,24,5,124,1,1,HONDA CBF 125,2,E01000992,0,-1
2023471320074,2023,471320074,2,3,0,18,19,5,1,0,0,1,1,0,0,0,3,1,6,6,1,-1,-1,125,1,13,HONDA CBF 125,9,E01031623,0,-1
2023531390946,2023,531390946,2,3,0,18,19,5,1,0,0,0,0,0,0,0,4,1,5,6,1,19,4,124,1,2,HONDA CBF 125,10,E01022197,0,-1
2023501383618,2023,501383618,1,3,0,14,14,4,8,0,0,0,5,0,0,0,1,1,2,2,2,48,8,124,1,1,HONDA CBF 125,8,E01019908,0,-1
2023451334119,2023,451334119,1,3,0,18,19,2,6,0,0,0,1,0,1,0,3,1,5,6,1,20,4,124,1,2,HONDA CBF 125,9,E01032626,0,-1
2023161354980,2023,161354980,1,3,0,7,7,1,3,0,0,2,0,0,0,0,1,1,6,6,1,38,7,124,1,1,HONDA CBF 125,1,E01012895,0,-1
2023471333993,2023,471333993,2,3,0,18,19,1,5,0,0,0,1,0,7,10,1,1,2,2,1,18,4,125,1,1,HONDA CBF 125,9,E01031532,0,-1
2023010436292,2023,010436292,1,3,0,99,99,9,9,99,99,9,9,99,9,99,2,1,2,2,2,30,6,124,1,1,HONDA CBF 125,5,E01000251,0,-1
2023471326769,2023,471326769,1,3,0,18,19,8,4,0,0,0,1,0,0,0,1,1,2,2,1,19,4,125,1,3,HONDA CBF 125,5,E01021024,0,-1
2023010445704,2023,010445704,1,3,0,99,99,9,9,99,99,9,9,99,9,99,9,1,6,6,1,28,6,124,1,2,HONDA CBF 125,2,E01001136,0,-1
2023501299585,2023,501299585,1,3,0,13,13,8,4,0,0,0,2,0,0,0,1,1,6,6,1,21,5,125,1,12,HONDA CBF 125,4,E01018922,0,-1
2023010468275,2023,010468275,1,3,0,17,19,1,5,0,0,0,2,4,0,0,4,1,6,6,1,29,6,125,1,11,HONDA CBF 125,-1,-1,0,-1
2023440131298,2023,440131298,2,3,0,18,19,6,2,0,0,2,0,0,0,0,1,1,2,2,2,20,4,124,1,2,HONDA CBF 125,5,E01017222,0,-1
2023311324814,2023,311324814,1,3,0,13,13,7,3,0,0,7,0,0,0,0,4,1,2,2,1,36,7,124,1,1,HONDA CBF 125,7,E01025909,0,-1
2023010420946,2023,010420946,1,3,0,99,99,9,9,99,99,9,9,99,9,99,2,1,1,1,1,28,6,125,1,12,HONDA CBF 125,7,E01004281,0,-1
202354C544623,2023,54C544623,2,3,0,18,19,2,6,0,0,1,0,0,0,0,3,1,6,6,1,17,4,125,1,9,HONDA CBF 125,8,E01032058,0,-1
2023031281018,2023,031281018,1,3,0,18,19,8,4,0,0,0,2,0,0,0,3,1,6,6,1,58,9,124,1,2,HONDA CBF 125,1,E01019248,0,-1
2023501303181,2023,501303181,1,3,0,16,19,8,4,0,0,0,0,0,1,0,4,1,2,2,1,17,4,125,1,11,HONDA CBF 125,3,E01018927,0,-1
2023161325779,2023,161325779,2,3,0,16,19,7,1,0,0,0,1,0,0,0,1,1,6,6,1,25,5,125,1,10,HONDA CBF 125,4,E01012816,0,-1
2023631369108,2023,631369108,1,3,0,17,19,7,3,0,0,8,0,0,0,0,1,1,5,6,1,18,4,124,1,1,HONDA CBF 125,7,W01000434,0,-1
2023010483662,2023,010483662,1,3,0,18,19,1,5,0,0,8,1,0,0,0,1,1,2,2,2,22,5,125,1,3,HONDA CBF 125,9,E01001018,0,-1
2023010427220,2023,010427220,1,3,0,5,5,4,8,0,0,8,0,0,0,0,1,1,1,1,1,46,8,124,1,2,HONDA CBF 125,-1,-1,0,-1
2023201324039,2023,201324039,2,3,0,18,19,6,2,0,0,8,0,0,0,0,1,1,6,6,1,22,5,124,1,1,HONDA CBF 125,3,E01010144,0,-1
2023461337365,2023,461337365,2,3,0,3,3,3,5,0,0,0,0,0,0,0,2,1,1,1,1,54,8,125,1,5,HONDA CBF 125,-1,-1,0,-1
2023622300855,2023,622300855,2,3,0,18,19,7,3,0,0,8,0,0,0,0,1,1,6,6,1,19,4,125,1,12,HONDA CBF 125,8,W01001190,0,-1
2023302301708,2023,302301708,2,3,0,18,19,8,4,0,0,8,0,0,0,0,4,1,6,6,1,23,5,125,1,13,HONDA CBF 125,6,E01019669,0,-1
2023302300726,2023,302300726,2,3,0,13,13,4,8,0,0,0,0,0,0,0,1,1,2,2,1,20,4,125,1,5,HONDA CBF 125,10,E01013467,0,-1
202360A153055,2023,60A153055,1,3,0,18,19,1,5,0,0,0,2,0,0,0,4,1,6,6,2,18,4,125,1,8,HONDA CBF 125,-1,-1,0,-1
2023461288104,2023,461288104,1,3,0,17,19,4,8,0,0,0,1,0,0,0,0,1,2,2,1,25,5,124,1,2,HONDA CBF 125,4,E01024841,0,-1
2023440299916,2023,440299916,2,3,0,4,4,3,7,0,0,0,0,0,0,0,2,1,6,6,1,19,4,125,1,9,HONDA CBF 125,9,E01022782,0,-1
2023010422635,2023,010422635,1,3,0,99,99,9,9,99,99,9,9,99,9,99,9,1,2,2,1,50,8,124,1,2,HONDA CBF 125,-1,-1,0,-1
2023430018136,2023,430018136,2,3,0,3,3,1,5,0,0,0,0,0,0,0,1,1,6,6,1,37,7,124,1,1,HONDA CBF 125,8,E01028536,0,-1
2023361360440,2023,361360440,2,3,0,18,19,1,5,0,0,3,0,0,0,0,1,1,5,6,1,19,4,124,1,2,HONDA CBF 125,8,E01026912,0,-1