collision_index,collision_year,collision_ref_no,vehicle_reference,vehicle_type,towing_and_articulation,vehicle_manoeuvre_historic,vehicle_manoeuvre,vehicle_direction_from,vehicle_direction_to,vehicle_location_restricted_lane_historic,vehicle_location_restricted_lane,junction_location,skidding_and_overturning,hit_object_in_carriageway,vehicle_leaving_carriageway,hit_object_off_carriageway,first_point_of_impact,vehicle_left_hand_drive,journey_purpose_of_driver_historic,journey_purpose_of_driver,sex_of_driver,age_of_driver,age_band_of_driver,engine_capacity_cc,propulsion_code,age_of_vehicle,generic_make_model,driver_imd_decile,lsoa_of_driver,escooter_flag,driver_distance_banding
2023201424679,2023,201424679,3,9,0,4,4,2,6,0,0,1,0,0,0,0,1,1,6,6,1,56,9,1998,1,8,MAZDA 3,8,E01032458,0,-1
2023010435423,2023,010435423,1,9,0,18,19,5,1,0,0,1,0,0,0,0,1,1,6,6,1,35,6,1598,1,12,MAZDA 3,2,E01004398,0,-1
2023101383324,2023,101383324,1,9,0,18,19,7,3,0,0,0,0,0,1,0,1,1,6,6,1,82,11,1560,2,11,MAZDA 3,10,E01008523,0,-1
2023010478480,2023,010478480,2,9,0,5,5,5,1,0,0,2,0,0,0,0,1,1,6,6,1,22,5,1998,1,8,MAZDA 3,-1,-1,0,-1
2023991366362,2023,991366362,1,9,0,18,19,6,1,0,0,1,0,12,0,0,1,1,6,6,1,37,7,1560,2,10,MAZDA 3,7,-1,0,-1
2023052301094,2023,052301094,2,9,0,18,19,1,5,0,0,1,0,0,0,0,1,1,6,6,1,44,7,1998,1,6,MAZDA 3,1,E01006518,0,-1
2023010440586,2023,010440586,2,9,0,99,99,9,9,99,99,9,9,99,9,99,9,9,6,6,3,-1,-1,1598,1,14,MAZDA 3,4,E01003255,0,-1
2023520301835,2023,520301835,2,9,0,17,19,1,7,0,0,0,0,0,0,0,1,1,6,6,2,29,6,1598,1,15,MAZDA 3,7,E01029169,0,-1
2023211292608,2023,211292608,2,9,0,18,19,7,3,0,0,0,0,0,0,0,1,1,6,6,1,48,8,1598,1,16,MAZDA 3,-1,-1,0,-1
2023010469056,2023,010469056,1,9,0,18,19,1,5,0,0,1,0,0,0,0,1,1,6,6,1,81,11,1998,1,5,MAZDA 3,10,E01000834,0,-1
2023401389728,2023,401389728,1,9,0,18,19,2,6,0,0,3,0,0,0,0,1,1,6,6,1,41,7,1999,1,14,MAZDA 3,3,E01015785,0,-1
2023622300169,2023,622300169,1,9,0,18,19,8,4,0,0,0,5,0,1,10,1,1,6,6,1,18,4,1998,1,1,MAZDA 3,2,W01001282,0,-1
2023010453730,2023,010453730,2,9,0,5,5,0,1,0,0,0,0,0,0,0,2,1,6,6,2,43,7,1598,1,15,MAZDA 3,5,E01002913,0,-1
2023311274511,2023,311274511,1,9,0,18,19,1,5,0,0,2,0,0,0,0,3,1,1,1,1,24,5,1560,2,13,MAZDA 3,-1,-1,0,-1
2023010486547,2023,010486547,1,9,0,99,99,9,9,99,99,9,9,99,9,99,9,9,6,6,1,36,7,1999,1,15,MAZDA 3,2,E01004319,0,-1
2023010441335,2023,010441335,1,9,0,18,19,1,5,0,0,8,0,0,0,0,0,1,3,7,2,41,7,1998,1,8,MAZDA 3,1,E01001714,0,-1
2023131391596,2023,131391596,2,9,0,18,19,3,7,0,0,0,0,0,0,0,1,1,6,6,2,55,8,1998,1,7,MAZDA 3,8,E01010698,0,-1
2023302301228,2023,302301228,2,9,0,18,19,1,5,0,0,0,0,0,0,0,2,1,6,6,1,-1,-1,1598,1,14,MAZDA 3,4,E01028041,0,-1
2023311339840,2023,311339840,1,9,0,4,4,4,3,0,0,0,0,0,0,0,2,1,6,6,1,26,6,1998,1,4,MAZDA 3,2,E01028067,0,-1
2023411378003,2023,411378003,2,9,0,5,5,-1,-1,0,0,0,0,0,0,0,1,1,6,6,2,48,8,1998,1,7,MAZDA 3,9,E01023354,0,-1
2023131387377,2023,131387377,1,9,0,9,9,8,6,0,0,8,0,0,0,0,1,1,6,6,3,-1,-1,1998,1,6,MAZDA 3,-1,-1,0,-1
2023430011171,2023,430011171,1,9,0,9,9,2,8,0,0,6,0,0,0,0,1,1,6,6,2,76,11,1998,1,5,MAZDA 3,10,E01017760,0,-1
2023041316432,2023,041316432,2,9,0,18,19,7,3,0,0,1,0,0,0,0,4,1,5,6,2,53,8,1998,1,8,MAZDA 3,4,E01012755,0,-1
2023522300486,2023,522300486,1,9,0,18,19,3,7,0,0,0,0,0,0,0,2,1,6,6,2,38,7,1598,1,11,MAZDA 3,-1,-1,0,-1
2023371276072,2023,371276072,3,9,0,3,3,7,3,0,0,0,0,0,0,0,2,1,2,2,1,30,6,1598,1,17,MAZDA 3,5,E01026648,0,-1
2023010433839,2023,010433839,1,9,0,18,19,7,3,0,0,0,0,0,0,0,1,2,2,2,1,60,9,1998,1,4,MAZDA 3,8,E01000989,0,-1
2023010423818,2023,010423818,3,9,0,18,19,7,3,0,0,0,0,0,0,0,2,1,6,6,2,60,9,1998,1,10,MAZDA 3,6,E01002358,0,-1
2023471292864,2023,471292864,1,9,0,18,19,7,3,0,0,3,2,10,0,0,1,1,6,6,1,27,6,1598,1,15,MAZDA 3,4,E01031428,0,-1
2023421288020,2023,421288020,1,9,0,18,19,8,4,0,0,0,0,0,1,0,1,1,6,6,1,49,8,1998,1,8,MAZDA 3,7,E01021336,0,-1
202360A113771,2023,60A113771,2,9,0,18,19,5,1,0,0,1,0,0,0,0,3,1,2,2,2,35,6,1598,1,16,MAZDA 3,-1,-1,0,-1
2023440197177,2023,440197177,3,9,0,18,19,7,3,0,0,1,0,0,0,0,1,1,6,6,1,32,6,1598,1,13,MAZDA 3,8,E01016690,0,-1
2023631334012,2023,631334012,2,9,0,10,10,8,6,0,0,8,0,0,0,0,2,1,5,6,2,75,10,1998,1,2,MAZDA 3,6,W01000584,0,-1
2023552300605,2023,552300605,2,9,0,3,3,5,1,0,0,1,0,0,0,0,2,1,2,2,2,56,9,1998,1,8,MAZDA 3,6,E01015317,0,-1
2023010452553,2023,010452553,2,9,0,3,3,7,3,0,0,8,9,0,0,0,3,9,6,6,2,41,7,1598,1,14,MAZDA 3,3,E01004126,0,-1
2023311294614,2023,311294614,1,9,0,7,7,2,3,0,0,0,0,0,0,0,1,1,5,6,1,27,6,1998,1,2,MAZDA 3,2,E01013856,0,-1
2023991305022,2023,991305022,2,9,0,9,9,6,4,0,0,8,0,0,0,0,3,1,5,6,2,55,8,1598,1,17,MAZDA 3,3,-1,0,-1
2023411332823,2023,411332823,2,9,0,4,4,3,7,0,0,3,0,0,0,0,2,1,6,6,2,27,6,1998,1,7,MAZDA 3,3,E01023954,0,-1
2023041383976,2023,041383976,3,9,0,2,2,0,0,9,9,2,0,0,0,0,3,1,6,6,3,-1,-1,1598,1,16,MAZDA 3,-1,-1,0,-1
2023211395887,2023,211395887,1,9,0,7,7,7,8,0,0,1,0,0,0,0,2,1,5,6,1,39,7,1598,1,17,MAZDA 3,1,E01014223,0,-1
2023371357624,2023,371357624,1,9,0,9,9,4,3,0,0,1,0,0,2,0,1,1,1,1,2,27,6,1598,1,19,MAZDA 3,6,E01033049,0,-1
2023131299216,2023,131299216,2,9,0,18,19,2,6,0,0,2,0,0,0,0,3,1,6,6,2,33,6,1999,1,12,MAZDA 3,1,E01011816,0,-1
2023010456681,2023,010456681,2,9,0,99,99,9,9,99,99,9,9,99,9,99,1,9,6,6,3,35,6,1598,1,15,MAZDA 3,3,E01002543,0,-1
2023302300560,2023,302300560,2,9,0,18,19,8,4,0,0,8,0,0,0,0,4,1,2,2,2,22,5,1999,1,19,MAZDA 3,7,E01019521,0,-1
2023111380934,2023,111380934,1,9,0,7,7,3,5,0,0,6,0,0,0,0,1,1,6,6,1,81,11,1998,1,9,MAZDA 3,10,E01020829,0,-1
2023201282955,2023,201282955,2,9,0,18,19,-1,-1,0,0,0,0,0,0,0,1,1,6,6,1,27,6,1598,1,13,MAZDA 3,7,E01031319,0,-1
2023522300160,2023,522300160,1,9,0,2,2,0,0,0,0,0,0,0,0,0,2,1,6,6,2,35,6,1998,1,8,MAZDA 3,6,E01014769,0,-1
2023530092754,2023,530092754,1,9,0,17,19,4,1,0,0,0,0,0,7,11,3,1,2,2,1,44,7,1598,1,18,MAZDA 3,8,E01028716,0,-1
2023501321000,2023,501321000,2,9,0,18,19,3,7,0,0,0,0,0,0,0,4,1,6,6,1,56,9,1598,1,15,MAZDA 3,4,E01015029,0,-1
2023041290275,2023,041290275,2,9,0,18,19,2,6,0,0,0,0,1,0,0,1,1,5,6,1,25,5,1998,1,4,MAZDA 3,5,E01007056,0,-1
2023201276661,2023,201276661,1,9,0,9,9,5,2,0,0,6,0,0,0,0,4,1,6,6,2,33,6,1999,1,15,MAZDA 3,2,E01010409,0,-1
2023461296075,2023,461296075,4,9,0,3,3,3,7,0,0,0,0,0,0,0,2,1,2,2,2,29,6,1998,1,8,MAZDA 3,6,E01024096,0,-1
2023161322757,2023,161322757,2,9,0,18,19,5,1,0,0,0,0,0,0,0,1,1,5,6,2,39,7,1598,1,10,MAZDA 3,3,E01012943,0,-1
2023351338854,2023,351338854,1,9,0,17,19,5,1,0,0,0,2,0,7,0,1,1,2,2,1,35,6,1598,1,14,MAZDA 3,4,E01018062,0,-1
2023461324038,2023,461324038,1,9,0,13,13,8,4,0,0,0,1,0,0,0,1,1,6,6,1,56,9,1998,1,4,MAZDA 3,10,E01030543,0,-1
2023471388450,2023,471388450,1,9,0,9,9,3,1,0,0,8,0,0,0,0,3,1,5,6,2,44,7,1598,1,15,MAZDA 3,4,E01016977,0,-1
2023440500931,2023,440500931,1,9,0,7,7,5,8,0,0,4,0,0,0,0,3,1,2,2,1,61,9,1998,1,9,MAZDA 3,4,E01022953,0,-1
2023991378675,2023,991378675,3,9,0,18,19,4,8,0,0,0,1,0,0,0,2,1,6,6,2,56,9,1998,1,5,MAZDA 3,7,-1,0,-1
2023461351193,2023,461351193,2,9,0,18,19,2,7,0,0,1,0,0,0,0,4,1,6,6,1,49,8,1560,2,11,MAZDA 3,4,E01024593,0,-1
2023440438708,2023,440438708,2,9,0,18,19,2,6,0,0,0,0,0,0,0,1,1,6,6,2,52,8,1598,1,15,MAZDA 3,4,E01017289,0,-1
2023340NN3472,2023,340NN3472,1,9,0,18,19,2,6,0,0,6,0,0,0,0,3,1,6,6,1,-1,-1,2183,2,12,MAZDA 3,-1,-1,0,-1
2023552400131,2023,552400131,1,9,0,18,19,2,6,0,0,0,0,0,0,0,0,1,6,6,1,45,7,1598,1,13,MAZDA 3,-1,-1,0,-1
2023010467578,2023,010467578,2,9,9,99,99,9,9,99,99,9,9,99,9,99,9,9,6,6,3,-1,-1,1598,1,13,MAZDA 3,-1,-1,0,-1
2023010434742,2023,010434742,1,9,0,18,19,5,1,0,0,2,0,0,0,0,1,2,6,6,1,33,6,1598,1,14,MAZDA 3,6,E01002128,0,-1
2023320636000,2023,320636000,1,9,0,9,9,4,2,0,0,6,0,0,0,0,1,1,6,6,2,60,9,1598,1,14,MAZDA 3,2,E01026165,0,-1
2023531327133,2023,531327133,1,9,0,18,19,1,5,0,0,8,0,0,0,0,4,1,6,6,1,58,9,1998,1,7,MAZDA 3,10,E01022317,0,-1
2023221270995,2023,221270995,1,9,0,18,19,3,7,0,0,0,0,0,0,0,1,1,5,6,2,72,10,1598,1,11,MAZDA 3,4,E01032275,0,-1
2023201390183,2023,201390183,1,9,0,18,19,6,2,0,0,8,0,0,0,0,3,1,6,6,2,30,6,1999,1,12,MAZDA 3,6,E01022454,0,-1
2023991261264,2023,991261264,2,9,0,3,3,5,1,0,0,2,0,0,0,0,1,1,5,6,2,76,11,1598,1,15,MAZDA 3,1,-1,0,-1
2023371341876,2023,371341876,1,9,0,18,19,5,3,9,9,0,0,0,7,10,1,1,6,6,1,86,11,1998,1,8,MAZDA 3,3,E01029914,0,-1
2023161351965,2023,161351965,1,9,0,9,9,8,3,0,0,6,0,0,0,0,3,1,6,6,1,51,8,1998,1,7,MAZDA 3,7,E01013124,0,-1
2023141338740,2023,141338740,2,9,0,18,19,5,1,0,0,0,0,0,0,0,1,1,6,6,1,65,9,1998,1,3,MAZDA 3,2,E01007497,0,-1
2023332300982,2023,332300982,1,9,0,9,9,7,5,0,0,6,0,0,0,0,1,1,6,6,2,42,7,1998,1,8,MAZDA 3,8,E01025972,0,-1
2023010434523,2023,010434523,1,9,0,99,99,9,9,99,99,9,9,99,9,99,2,9,2,2,1,42,7,2261,1,13,MAZDA 3,7,E01001610,0,-1
2023461330690,2023,461330690,2,9,0,2,2,0,0,0,0,0,0,0,0,0,3,1,6,6,1,47,8,1998,2,14,MAZDA 3,8,E01024693,0,-1
2023351308034,2023,351308034,2,9,0,18,19,4,8,0,0,8,0,0,0,0,3,1,6,6,2,24,5,2183,2,10,MAZDA 3,6,E01018052,0,-1
2023440383112,2023,440383112,1,9,0,9,9,8,6,0,0,8,0,0,0,0,3,1,3,7,2,44,7,1496,2,7,MAZDA 3,7,E01022477,0,-1
2023991373188,2023,991373188,2,9,0,10,10,3,8,0,0,8,0,0,0,0,1,1,5,6,1,85,11,1998,1,0,MAZDA 3,10,-1,0,-1
2023332301087,2023,332301087,2,9,0,9,9,6,4,0,0,5,0,0,0,0,1,1,6,6,1,-1,-1,1598,1,16,MAZDA 3,-1,-1,0,-1
2023131271082,2023,131271082,1,9,0,5,5,5,1,0,0,0,0,0,0,0,-1,1,6,6,3,-1,-1,1598,1,17,MAZDA 3,-1,-1,0,-1
2023320324170,2023,320324170,2,9,0,4,4,4,8,0,0,0,0,0,0,0,2,1,6,6,2,37,7,1598,1,10,MAZDA 3,-1,-1,0,-1
2023991288235,2023,991288235,1,9,0,5,5,5,1,0,0,8,0,0,0,0,4,1,1,1,1,39,7,1998,1,8,MAZDA 3,-1,-1,0,-1
2023471327131,2023,471327131,1,9,0,18,19,1,6,0,0,1,0,0,0,0,1,1,5,6,1,41,7,1598,1,15,MAZDA 3,6,E01016912,0,-1
2023552300968,2023,552300968,2,9,0,9,9,5,3,0,0,5,0,0,0,0,3,1,6,6,2,33,6,1560,2,13,MAZDA 3,5,E01015468,0,-1
2023201342281,2023,201342281,1,9,0,18,19,6,2,0,0,0,0,4,0,0,4,1,6,6,3,-1,-1,1999,1,13,MAZDA 3,-1,-1,0,-1
2023131366242,2023,131366242,2,9,0,9,9,5,3,0,0,0,0,0,0,0,3,1,2,2,1,37,7,1598,1,10,MAZDA 3,2,E01011223,0,-1
2023411300722,2023,411300722,1,9,0,18,19,-1,-1,0,0,1,0,0,0,0,1,1,6,6,1,58,9,1598,1,10,MAZDA 3,9,E01017752,0,-1
2023010470700,2023,010470700,4,9,0,18,19,1,5,0,0,1,0,0,0,0,1,1,6,6,1,31,6,1999,1,13,MAZDA 3,1,E01033585,0,-1
2023471389941,2023,471389941,3,9,0,18,19,4,8,0,0,0,0,0,0,0,0,1,6,6,2,40,7,1998,1,5,MAZDA 3,6,E01031673,0,-1
2023440001482,2023,440001482,1,9,0,9,9,8,5,0,0,8,0,0,0,0,3,1,6,6,1,45,7,1598,1,15,MAZDA 3,10,E01022776,0,-1
2023010429447,2023,010429447,1,9,0,18,19,5,1,0,0,0,5,0,0,0,4,1,6,6,2,76,11,1598,1,16,MAZDA 3,5,E01000779,0,-1
2023421311884,2023,421311884,3,9,0,18,19,1,6,0,0,0,0,0,0,0,1,1,6,6,1,38,7,1598,1,18,MAZDA 3,9,E01023111,0,-1
2023122300684,2023,122300684,1,9,0,1,1,1,5,0,0,2,0,0,0,0,2,1,6,6,1,92,11,1598,1,14,MAZDA 3,10,E01027561,0,-1
2023461345930,2023,461345930,1,9,0,9,9,1,5,0,0,8,0,0,0,0,1,1,6,6,1,44,7,1598,1,19,MAZDA 3,-1,-1,0,-1
2023451265497,2023,451265497,1,9,0,9,9,3,7,0,0,1,0,0,0,0,1,1,3,7,2,67,10,1598,1,15,MAZDA 3,4,E01030710,0,-1
2023170S11763,2023,170S11763,5,9,0,18,19,4,8,0,0,0,0,0,0,0,0,1,6,6,1,70,10,1998,1,7,MAZDA 3,3,E01012197,0,-1
2023010471850,2023,010471850,2,9,0,99,99,9,9,99,99,0,9,99,9,99,1,9,6,6,3,-1,-1,1999,1,12,MAZDA 3,6,E01002921,0,-1
2023010446614,2023,010446614,1,9,0,9,9,4,2,0,0,5,0,0,0,0,4,1,1,1,1,56,9,1598,1,16,MAZDA 3,1,E01001052,0,-1
2023552301528,2023,552301528,2,9,0,4,4,4,8,0,0,0,0,0,0,0,2,1,6,6,1,33,6,1598,1,10,MAZDA 3,7,E01015330,0,-1
2023010456692,2023,010456692,1,9,0,99,99,9,9,99,99,9,9,99,9,99,2,9,6,6,2,57,9,1598,1,14,MAZDA 3,7,E01002121,0,-1
2023010431931,2023,010431931,2,9,0,99,99,9,9,99,99,9,9,99,9,99,1,9,6,6,3,-1,-1,1598,1,18,MAZDA 3,-1,-1,0,-1
2023061322106,2023,061322106,2,9,0,18,19,5,1,0,0,1,0,0,0,0,1,1,5,6,2,48,8,1598,1,10,MAZDA 3,2,E01005461,0,-1
2023141284625,2023,141284625,1,9,0,5,5,7,3,0,0,6,0,0,0,0,1,1,5,6,1,52,8,1998,1,7,MAZDA 3,2,E01007535,0,-1
2023461330025,2023,461330025,1,9,0,18,19,7,3,0,0,0,0,0,0,0,3,1,6,6,2,38,7,1598,1,14,MAZDA 3,8,E01016121,0,-1
2023231392486,2023,231392486,2,9,0,18,19,1,5,0,0,0,0,0,0,0,2,1,6,6,2,36,7,1999,1,16,MAZDA 3,5,E01031050,0,-1
2023440466505,2023,440466505,2,9,0,2,2,0,0,0,0,0,0,0,0,0,2,1,6,6,3,-1,-1,2183,2,13,MAZDA 3,-1,-1,0,-1
2023131376397,2023,131376397,1,9,0,18,19,8,4,0,0,0,1,0,0,0,3,1,5,6,1,31,6,2184,2,9,MAZDA 3,2,E01011913,0,-1
2023221295902,2023,221295902,1,9,0,18,19,8,4,0,0,1,0,0,0,0,1,1,5,6,1,26,6,1349,1,17,MAZDA 3,4,E01032358,0,-1
2023031263752,2023,031263752,1,9,0,18,19,1,3,0,0,0,1,0,0,0,1,1,6,6,2,44,7,1998,1,8,MAZDA 3,7,E01019254,0,-1
2023070451270,2023,070451270,1,9,0,5,5,7,1,0,0,6,0,0,0,0,3,1,6,6,2,-1,-1,1998,1,5,MAZDA 3,-1,-1,0,-1
2023320271311,2023,320271311,3,9,0,9,9,2,8,0,0,0,0,0,0,0,2,1,1,1,2,35,6,1998,1,0,MAZDA 3,4,E01026041,0,-1
2023052303034,2023,052303034,1,9,0,9,9,3,1,0,0,5,0,0,0,0,1,1,3,7,1,52,8,1998,1,5,MAZDA 3,2,E01006657,0,-1
2023991283620,2023,991283620,1,9,0,18,19,3,5,0,0,2,0,0,0,0,1,1,5,6,1,37,7,2183,2,10,MAZDA 3,1,-1,0,-1
2023201376299,2023,201376299,1,9,0,18,19,4,8,0,0,4,0,9,3,1,1,1,6,6,1,54,8,1598,1,17,MAZDA 3,1,E01008962,0,-1
2023351363428,2023,351363428,1,9,0,17,19,8,4,0,0,0,0,0,0,0,3,1,5,6,1,36,7,1998,1,7,MAZDA 3,1,E01020989,0,-1
2023520300683,2023,520300683,1,9,0,18,19,6,2,0,0,0,0,4,0,0,1,1,6,6,1,26,6,2183,2,11,MAZDA 3,6,E01029305,0,-1
2023471275815,2023,471275815,1,9,0,18,19,1,5,0,0,8,0,0,0,0,1,1,5,6,1,29,6,1598,1,12,MAZDA 3,1,E01031454,0,-1
2023501388920,2023,501388920,1,9,0,18,19,7,4,0,0,1,1,0,2,1,1,1,2,2,2,36,7,1560,2,13,MAZDA 3,-1,-1,0,-1
2023302301629,2023,302301629,2,9,0,18,19,4,8,0,0,2,0,0,0,0,1,1,6,6,2,43,7,1998,1,9,MAZDA 3,3,E01013547,0,-1
2023061371183,2023,061371183,1,9,0,18,19,2,8,0,0,6,0,0,0,0,0,1,6,6,3,-1,-1,1998,1,2,MAZDA 3,-1,-1,0,-1
2023231274204,2023,231274204,2,9,0,4,4,2,6,0,0,0,0,0,0,0,4,1,5,6,2,26,6,1598,1,14,MAZDA 3,9,E01031279,0,-1
2023541796023,2023,541796023,1,9,0,17,19,4,8,0,0,0,0,0,7,4,1,1,6,6,2,50,8,1598,1,14,MAZDA 3,9,E01032099,0,-1
2023010431913,2023,010431913,2,9,0,99,99,9,9,99,99,9,9,99,9,99,1,9,6,6,3,-1,-1,1598,1,15,MAZDA 3,5,E01002221,0,-1
2023430025236,2023,430025236,2,9,0,4,4,6,2,0,0,2,0,0,0,0,2,1,6,6,1,47,8,1998,1,4,MAZDA 3,-1,-1,0,-1
2023161335920,2023,161335920,1,9,0,18,19,5,1,0,0,0,0,0,0,0,1,1,5,6,1,77,11,1998,1,7,MAZDA 3,6,E01013176,0,-1
2023010467817,2023,010467817,1,9,0,9,9,4,3,0,0,5,0,0,0,0,0,1,6,6,2,48,8,1998,1,8,MAZDA 3,4,E01001185,0,-1
2023440299517,2023,440299517,4,9,0,8,8,5,1,0,0,1,0,0,0,0,1,1,6,6,2,53,8,1998,1,5,MAZDA 3,10,E01023209,0,-1
2023201376698,2023,201376698,1,9,0,1,1,6,2,0,0,0,0,0,0,0,2,1,1,1,3,-1,-1,1998,1,9,MAZDA 3,-1,-1,0,-1
2023522400749,2023,522400749,2,9,0,7,7,2,4,0,0,6,0,0,0,0,1,1,6,6,1,39,7,1598,1,10,MAZDA 3,3,E01014572,0,-1
2023440162138,2023,440162138,2,9,0,2,2,0,0,0,0,0,0,0,0,0,0,1,6,6,3,-1,-1,2184,2,9,MAZDA 3,-1,-1,0,-1
2023061341189,2023,061341189,1,9,0,18,19,5,1,0,0,6,0,0,0,0,1,1,5,6,1,34,6,1998,1,8,MAZDA 3,1,E01005758,0,-1
2023010463170,2023,010463170,2,9,0,99,99,9,9,99,99,9,9,99,9,99,1,9,6,6,3,-1,-1,1598,1,18,MAZDA 3,-1,-1,0,-1
2023991388365,2023,991388365,2,9,0,18,19,4,8,0,0,0,0,0,0,0,2,1,2,2,2,37,7,1598,1,13,MAZDA 3,5,-1,0,-1
2023010472390,2023,010472390,1,9,0,9,9,1,6,0,0,1,0,0,0,0,3,1,6,6,1,23,5,1598,1,12,MAZDA 3,7,E01003651,0,-1
2023161358719,2023,161358719,2,9,0,18,19,1,5,0,0,6,0,0,0,0,1,1,5,6,2,48,8,1998,1,7,MAZDA 3,10,E01013111,0,-1
2023520300707,2023,520300707,1,9,0,18,19,5,1,0,0,8,0,0,0,0,1,1,6,6,1,74,10,1998,1,7,MAZDA 3,6,E01031845,0,-1
2023522301108,2023,522301108,2,9,0,18,19,1,5,0,0,8,0,0,0,0,4,1,6,6,1,38,7,1598,1,15,MAZDA 3,5,E01014751,0,-1
2023141392545,2023,141392545,2,9,0,18,19,3,7,0,0,4,0,0,7,10,4,1,5,6,1,37,7,1598,1,15,MAZDA 3,1,E01007870,0,-1
2023201321020,2023,201321020,1,9,0,18,19,1,5,0,0,1,0,0,0,0,1,1,6,6,2,64,9,1598,1,13,MAZDA 3,4,E01010325,0,-1
2023461302949,2023,461302949,1,9,0,9,9,5,7,0,0,0,0,0,0,0,4,1,6,6,2,77,11,1598,1,13,MAZDA 3,8,E01024803,0,-1
2023101293005,2023,101293005,6,9,0,2,2,0,0,0,0,2,0,0,0,0,1,1,6,6,3,-1,-1,1998,1,7,MAZDA 3,-1,-1,0,-1
2023041381889,2023,041381889,1,9,0,18,19,1,5,0,0,0,0,0,7,0,3,1,5,6,1,52,8,1999,1,17,MAZDA 3,4,E01024975,0,-1
2023010454812,2023,010454812,2,9,0,99,99,9,9,99,99,9,9,99,9,99,1,9,6,6,3,-1,-1,1598,1,17,MAZDA 3,-1,-1,0,-1
2023451370835,2023,451370835,1,9,0,6,6,8,4,0,0,1,0,0,0,0,1,1,6,6,1,56,9,1598,1,14,MAZDA 3,3,E01030400,0,-1
2023041393163,2023,041393163,1,9,0,4,4,3,7,0,0,0,2,0,0,0,1,1,5,6,1,30,6,2261,1,13,MAZDA 3,7,E01025131,0,-1
2023061280493,2023,061280493,1,9,0,18,19,3,7,0,0,0,0,0,0,0,1,1,6,6,1,18,4,1598,1,14,MAZDA 3,1,E01005147,0,-1
2023440175245,2023,440175245,2,9,0,18,19,7,3,0,0,1,0,0,0,0,1,1,6,6,1,56,9,1598,1,13,MAZDA 3,2,E01017219,0,-1
2023141331583,2023,141331583,2,9,0,18,19,6,1,0,0,1,0,0,0,0,1,1,5,6,1,33,6,1998,1,9,MAZDA 3,2,E01007804,0,-1
2023451284569,2023,451284569,2,9,0,18,19,1,5,0,0,1,0,0,0,0,3,1,3,7,2,36,7,1999,1,16,MAZDA 3,8,E01030666,0,-1
2023311319938,2023,311319938,2,9,0,1,1,3,7,0,0,0,0,0,0,0,2,1,6,6,1,22,5,1598,1,10,MAZDA 3,5,E01018059,0,-1
2023430269856,2023,430269856,2,9,0,18,19,8,4,0,0,4,0,0,0,0,1,1,6,6,1,-1,-1,1998,1,8,MAZDA 3,-1,-1,0,-1
2023461289138,2023,461289138,1,9,0,5,5,7,3,0,0,1,0,0,0,0,3,1,6,6,1,81,11,1598,1,16,MAZDA 3,6,E01024023,0,-1
2023461285192,2023,461285192,1,9,0,18,19,2,6,0,0,8,5,0,1,0,2,1,6,6,1,40,7,1598,1,16,MAZDA 3,6,E01024704,0,-1
2023010471582,2023,010471582,2,9,0,99,99,9,9,0,0,0,9,99,9,99,9,9,6,6,3,-1,-1,1598,1,13,MAZDA 3,3,E01001048,0,-1
2023320623885,2023,320623885,1,9,0,18,19,2,6,0,0,0,0,0,7,9,1,1,6,6,2,82,11,1998,1,6,MAZDA 3,7,E01026029,0,-1
2023461295591,2023,461295591,1,9,0,16,19,3,5,0,0,3,0,0,0,0,1,1,6,6,1,36,7,1998,1,6,MAZDA 3,3,E01024795,0,-1
2023052300603,2023,052300603,1,9,0,5,5,1,5,0,0,4,0,0,0,0,3,1,6,6,2,57,9,1998,1,6,MAZDA 3,7,E01006686,0,-1
2023451260309,2023,451260309,2,9,0,2,2,5,1,6,6,0,1,0,1,0,3,1,1,1,1,59,9,1998,1,4,MAZDA 3,7,E01030943,0,-1
2023440322588,2023,440322588,1,9,0,5,5,2,6,0,0,6,0,0,0,0,3,1,6,6,2,72,10,1998,1,0,MAZDA 3,9,E01022989,0,-1
2023631307495,2023,631307495,1,9,0,18,19,6,2,0,0,1,0,0,0,0,1,1,2,2,1,43,7,2191,2,8,MAZDA 3,8,W01000467,0,-1
2023522300984,2023,522300984,2,9,0,1,1,2,6,0,0,1,0,0,0,0,2,1,6,6,1,-1,-1,1598,1,11,MAZDA 3,-1,-1,0,-1
2023461335517,2023,461335517,3,9,0,3,3,5,1,0,0,0,0,0,0,0,4,1,6,6,2,56,9,1998,1,3,MAZDA 3,-1,-1,0,-1
2023010450393,2023,010450393,2,9,0,99,99,9,9,99,99,6,9,99,9,99,1,9,6,6,1,33,6,1998,1,1,MAZDA 3,5,E01003435,0,-1
2023201330969,2023,201330969,1,9,0,1,1,6,2,0,0,1,0,0,0,0,2,1,6,6,2,-1,-1,1998,1,8,MAZDA 3,-1,-1,0,-1
2023071090690,2023,071090690,2,9,0,18,19,8,4,0,0,0,0,0,0,0,1,1,2,2,1,56,9,1998,1,3,MAZDA 3,10,E01018533,0,-1
2023052302668,2023,052302668,1,9,0,9,9,8,6,0,0,5,0,0,0,0,4,1,2,2,2,49,8,1998,1,1,MAZDA 3,7,E01007203,0,-1
2023041301309,2023,041301309,4,9,0,18,19,3,7,0,0,0,0,0,0,0,2,1,1,1,1,32,6,1598,1,14,MAZDA 3,8,E01025018,0,-1
2023411332677,2023,411332677,2,9,0,18,19,2,6,0,0,1,0,0,0,0,1,1,5,6,1,31,6,1998,1,8,MAZDA 3,8,E01032126,0,-1
2023451390832,2023,451390832,2,9,0,4,4,3,7,0,0,0,0,0,0,0,2,1,6,6,1,19,4,1598,1,11,MAZDA 3,10,E01030442,0,-1