collision_index,collision_year,collision_ref_no,vehicle_reference,vehicle_type,towing_and_articulation,vehicle_manoeuvre_historic,vehicle_manoeuvre,vehicle_direction_from,vehicle_direction_to,vehicle_location_restricted_lane_historic,vehicle_location_restricted_lane,junction_location,skidding_and_overturning,hit_object_in_carriageway,vehicle_leaving_carriageway,hit_object_off_carriageway,first_point_of_impact,vehicle_left_hand_drive,journey_purpose_of_driver_historic,journey_purpose_of_driver,sex_of_driver,age_of_driver,age_band_of_driver,engine_capacity_cc,propulsion_code,age_of_vehicle,generic_make_model,driver_imd_decile,lsoa_of_driver,escooter_flag,driver_distance_banding
2023522400445,2023,522400445,1,9,0,8,8,5,6,0,0,5,0,0,0,0,2,1,6,6,2,26,6,1598,1,11,MAZDA 3,2,E01014692,0,-1
2023010463183,2023,010463183,1,9,0,9,9,2,8,0,0,2,0,0,0,0,3,1,6,6,1,49,8,1598,1,15,MAZDA 3,2,E01003918,0,-1
2023122300456,2023,122300456,1,9,0,4,4,3,7,0,0,0,0,0,0,0,2,1,6,6,1,73,10,1998,1,1,MAZDA 3,7,E01013017,0,-1
2023501279874,2023,501279874,1,9,0,5,5,3,7,0,0,0,0,0,3,11,1,1,6,6,1,29,6,2183,2,13,MAZDA 3,5,E01031327,0,-1
2023211391165,2023,211391165,2,9,0,-1,-1,-1,-1,-1,-1,-1,-1,-1,-1,0,2,1,6,6,1,32,6,1998,1,3,MAZDA 3,1,E01014317,0,-1
2023101292966,2023,101292966,2,9,0,9,9,1,7,0,0,1,0,0,0,0,3,1,5,6,1,68,10,1998,1,9,MAZDA 3,6,E01008464,0,-1
2023501337428,2023,501337428,1,9,0,18,19,5,4,0,0,0,1,0,0,0,1,1,6,6,2,25,5,1598,1,15,MAZDA 3,1,E01015047,0,-1
2023622300306,2023,622300306,5,9,0,2,2,0,0,0,0,0,0,0,0,0,3,1,6,6,3,-1,-1,2191,2,8,MAZDA 3,-1,-1,0,-1
2023010443819,2023,010443819,1,9,0,18,19,1,5,0,0,8,0,0,0,0,1,1,6,6,1,48,8,1598,1,13,MAZDA 3,4,E01003357,0,-1
2023131322947,2023,131322947,2,9,0,10,10,6,2,0,0,0,0,0,0,0,3,1,3,7,1,38,7,1999,1,17,MAZDA 3,-1,-1,0,-1
2023101348128,2023,101348128,2,9,0,2,2,0,0,0,0,0,0,0,0,0,3,1,5,6,2,40,7,1998,1,6,MAZDA 3,7,E01008434,0,-1
2023052302125,2023,052302125,2,9,0,18,19,3,7,0,0,8,1,0,0,0,4,1,6,6,1,42,7,1349,1,18,MAZDA 3,-1,-1,0,-1
2023430571355,2023,430571355,3,9,0,18,19,0,0,0,0,0,0,0,0,0,-1,1,6,6,3,-1,-1,1998,1,6,MAZDA 3,-1,-1,0,-1
2023552400024,2023,552400024,1,9,0,1,1,8,4,0,0,1,0,0,0,0,2,1,6,6,3,-1,-1,1598,1,14,MAZDA 3,-1,-1,0,-1
2023141354916,2023,141354916,1,9,0,18,19,6,2,0,0,8,0,0,0,0,1,1,2,2,1,40,7,1598,1,17,MAZDA 3,1,E01007949,0,-1
2023430082118,2023,430082118,1,9,0,11,11,2,6,0,0,2,0,0,0,0,4,1,2,2,1,23,5,1998,1,8,MAZDA 3,5,E01002443,0,-1
2023231364530,2023,231364530,2,9,0,18,19,4,8,0,0,8,0,0,7,0,1,1,6,6,1,70,10,1998,1,3,MAZDA 3,9,E01030947,0,-1
2023302300939,2023,302300939,1,9,0,18,19,3,7,0,0,1,0,0,0,0,4,1,6,6,1,34,6,1598,1,14,MAZDA 3,7,E01013490,0,-1
2023471328656,2023,471328656,3,9,0,2,2,0,0,6,6,0,0,0,0,0,1,1,6,6,3,-1,-1,1998,1,9,MAZDA 3,-1,-1,0,-1
2023101292180,2023,101292180,2,9,0,2,2,6,2,0,0,8,0,0,0,0,1,1,5,6,1,30,6,1998,1,0,MAZDA 3,10,E01008421,0,-1
2023440324160,2023,440324160,1,9,0,5,5,0,4,0,0,0,0,0,0,0,1,1,6,6,1,64,9,1598,1,14,MAZDA 3,1,E01017207,0,-1
2023010478867,2023,010478867,1,9,0,18,19,3,7,0,0,2,5,10,0,0,1,1,6,6,1,48,8,1998,1,7,MAZDA 3,2,E01002053,0,-1
2023542255723,2023,542255723,1,9,0,18,19,1,5,0,0,1,0,0,0,0,1,1,2,2,1,17,4,1598,1,18,MAZDA 3,1,E01015572,0,-1
2023991364004,2023,991364004,2,9,0,4,4,4,8,0,0,0,0,0,0,0,2,1,2,2,1,48,8,1598,1,14,MAZDA 3,1,-1,0,-1
2023041319646,2023,041319646,1,9,0,9,9,5,2,0,0,8,0,0,7,0,1,1,6,6,1,29,6,2184,2,7,MAZDA 3,1,E01012619,0,-1
2023411363804,2023,411363804,2,9,0,3,3,1,5,0,0,4,0,0,0,0,2,1,5,6,1,36,7,2191,2,8,MAZDA 3,10,E01023455,0,-1
2023010428306,2023,010428306,1,9,0,99,99,9,9,99,99,9,9,99,9,99,9,9,6,6,1,20,4,1999,1,14,MAZDA 3,4,E01002507,0,-1
2023501321017,2023,501321017,1,9,0,4,4,4,8,0,0,0,0,0,0,0,1,1,6,6,1,18,4,1598,1,18,MAZDA 3,8,E01020171,0,-1
2023161314280,2023,161314280,3,9,0,3,3,1,5,0,0,2,0,0,0,0,0,1,6,6,1,38,7,1598,1,15,MAZDA 3,6,E01012771,0,-1
2023211327305,2023,211327305,2,9,0,9,9,1,7,0,0,8,0,0,0,0,2,1,2,2,2,32,6,2183,2,12,MAZDA 3,4,E01029666,0,-1
2023101285502,2023,101285502,1,9,-1,1,1,1,5,0,0,1,0,0,0,0,2,1,6,6,1,65,9,1598,1,14,MAZDA 3,-1,-1,0,-1
2023522301293,2023,522301293,1,9,0,9,9,5,3,0,0,6,0,0,0,0,1,1,6,6,1,32,6,1496,2,6,MAZDA 3,1,E01032514,0,-1
2023451272726,2023,451272726,3,9,0,18,19,6,2,0,0,2,0,0,0,0,0,1,6,6,2,45,7,1998,1,9,MAZDA 3,-1,-1,0,-1
2023141376050,2023,141376050,2,9,0,2,2,1,5,0,0,1,0,0,0,0,3,1,5,6,1,67,10,1998,1,1,MAZDA 3,4,E01007359,0,-1
2023451369118,2023,451369118,4,9,0,18,19,5,1,0,0,0,0,0,0,0,2,1,6,6,2,37,7,1998,1,8,MAZDA 3,2,E01023108,0,-1
2023311286563,2023,311286563,2,9,0,17,19,2,8,0,0,1,0,0,0,0,1,1,2,2,2,47,8,1998,1,6,MAZDA 3,6,E01027970,0,-1
2023421282827,2023,421282827,2,9,0,4,4,8,4,0,0,1,0,0,0,0,2,1,2,2,2,57,9,1998,1,6,MAZDA 3,7,E01021887,0,-1
2023101296425,2023,101296425,3,9,0,3,3,1,5,0,0,0,0,0,0,0,2,1,5,6,1,40,7,1598,1,19,MAZDA 3,-1,-1,0,-1
2023201420695,2023,201420695,1,9,0,9,9,2,8,0,0,6,0,10,7,11,1,1,5,6,1,32,6,2191,2,8,MAZDA 3,5,E01031309,0,-1
2023340WN0422,2023,340WN0422,1,9,0,16,19,3,5,0,0,8,0,0,0,0,1,1,6,6,3,-1,-1,1598,1,17,MAZDA 3,-1,-1,0,-1
2023421378995,2023,421378995,1,9,0,7,7,8,3,0,0,2,0,0,0,0,1,1,6,6,1,35,6,1998,1,8,MAZDA 3,8,E01033611,0,-1
2023471293576,2023,471293576,2,9,0,18,19,2,6,0,0,1,0,0,0,0,2,1,5,6,2,62,9,1998,1,3,MAZDA 3,8,E01031420,0,-1
2023061279503,2023,061279503,1,9,0,18,19,4,8,0,0,8,0,0,0,0,1,1,2,2,1,41,7,1598,1,14,MAZDA 3,-1,-1,0,-1
2023340WN1172,2023,340WN1172,2,9,0,7,7,3,5,0,0,8,0,0,0,0,1,1,6,6,1,63,9,1998,1,9,MAZDA 3,2,E01027243,0,-1
2023010434816,2023,010434816,1,9,0,4,4,1,5,0,0,1,0,0,0,0,4,1,6,6,2,42,7,1598,1,15,MAZDA 3,1,E01033605,0,-1
202360A076767,2023,60A076767,1,9,0,18,19,8,3,0,0,0,0,0,0,0,3,1,6,6,1,50,8,1598,1,10,MAZDA 3,-1,-1,0,-1
2023421352276,2023,421352276,2,9,0,18,19,6,2,0,0,8,0,0,0,0,4,1,5,6,1,72,10,1998,1,4,MAZDA 3,4,E01022022,0,-1
2023010427166,2023,010427166,1,9,0,99,99,9,9,99,99,9,9,99,9,99,1,9,6,6,2,41,7,1998,1,7,MAZDA 3,2,E01001250,0,-1
2023361328768,2023,361328768,2,9,0,13,13,1,5,0,0,0,0,0,0,0,1,1,5,6,2,31,6,2183,2,12,MAZDA 3,6,E01026534,0,-1
2023520300837,2023,520300837,3,9,0,2,2,0,0,0,0,0,0,0,0,0,1,1,6,6,3,-1,-1,1598,1,15,MAZDA 3,-1,-1,0,-1
2023010467806,2023,010467806,2,9,0,9,9,7,4,0,0,1,0,0,0,0,1,1,6,6,2,55,8,1598,1,15,MAZDA 3,3,E01001327,0,-1
2023421281360,2023,421281360,2,9,0,18,19,1,5,0,0,1,0,0,0,0,4,1,6,6,1,52,8,1598,1,17,MAZDA 3,1,E01021576,0,-1
2023461379271,2023,461379271,2,9,0,18,19,7,3,0,0,1,0,0,0,0,2,1,6,6,1,35,6,1999,1,12,MAZDA 3,10,E01024722,0,-1
2023501305178,2023,501305178,2,9,0,7,7,7,1,0,0,0,0,0,0,0,1,1,6,6,1,56,9,1598,1,15,MAZDA 3,3,E01015162,0,-1
2023010453476,2023,010453476,1,9,0,99,99,9,9,99,99,0,9,99,9,99,1,9,6,6,2,56,9,1598,1,11,MAZDA 3,3,E01003534,0,-1
2023141289755,2023,141289755,1,9,0,18,19,5,2,0,0,1,0,0,0,0,1,1,5,6,1,69,10,1998,1,3,MAZDA 3,6,E01007981,0,-1
2023170S10523,2023,170S10523,1,9,0,7,7,3,5,0,0,8,0,0,0,0,1,1,6,6,1,30,6,1598,1,14,MAZDA 3,1,E01012195,0,-1
2023111292447,2023,111292447,3,9,0,2,2,0,0,0,0,1,0,0,0,0,1,1,6,6,2,71,10,1998,1,6,MAZDA 3,3,E01020836,0,-1
2023101395798,2023,101395798,1,9,0,18,19,7,3,0,0,1,0,0,0,0,4,1,6,6,1,29,6,1956,2,11,-1,1,E01008573,0,-1
2023991396086,2023,991396086,1,9,0,18,19,7,1,0,0,0,1,0,0,0,1,1,6,6,1,53,8,-1,-1,-1,-1,4,-1,0,-1
2023302300368,2023,302300368,2,9,0,18,19,6,2,0,0,4,0,0,0,0,1,1,6,6,3,-1,-1,1997,2,20,-1,5,E01019456,0,-1
2023421348020,2023,421348020,1,9,0,18,19,4,8,0,0,0,0,0,0,0,1,1,5,6,1,76,11,1997,2,22,-1,5,E01024692,0,-1
2023501337626,2023,501337626,2,9,0,9,9,7,5,0,0,8,0,0,0,0,4,1,6,6,1,43,7,1997,2,21,-1,5,E01020122,0,-1
2023451368292,2023,451368292,1,9,0,18,19,6,2,0,0,2,0,0,0,0,3,1,5,6,1,64,9,1997,2,24,-1,2,E01030985,0,-1
2023411330692,2023,411330692,1,9,0,18,19,-1,-1,0,0,8,0,0,0,0,1,1,6,6,1,-1,-1,1998,1,26,-1,-1,-1,0,-1
2023302300710,2023,302300710,1,9,0,14,14,1,5,0,0,1,0,0,0,0,4,1,6,6,3,-1,-1,2179,2,20,-1,5,E01019456,0,-1
2023131276108,2023,131276108,2,9,0,18,19,8,3,0,0,1,0,0,0,0,1,1,6,6,1,19,4,1997,2,19,-1,1,E01010832,0,-1
2023501266074,2023,501266074,2,9,0,18,19,5,1,0,0,0,0,0,0,0,2,1,6,6,2,67,10,1997,2,21,-1,1,E01020094,0,-1
2023101318268,2023,101318268,3,9,0,3,3,5,1,0,0,0,0,0,0,0,3,1,6,6,1,60,9,1998,2,29,-1,1,E01008332,0,-1
2023461390762,2023,461390762,1,4,0,16,19,2,6,0,0,0,0,0,0,0,1,1,6,6,1,57,9,411,1,4,ROYAL ENFIELD HIMALAYAN,4,E01024486,0,-1
2023122300522,2023,122300522,1,4,0,17,19,8,5,0,0,0,1,0,0,0,4,1,6,6,1,39,7,411,1,1,ROYAL ENFIELD HIMALAYAN,6,E01013383,0,-1
2023320317625,2023,320317625,2,4,0,17,19,8,4,0,0,8,5,0,0,0,1,1,6,6,1,60,9,411,1,0,ROYAL ENFIELD HIMALAYAN,1,E01026073,0,-1
2023211358145,2023,211358145,1,4,0,18,19,3,7,0,0,4,0,0,0,0,2,1,6,6,1,62,9,411,1,2,ROYAL ENFIELD HIMALAYAN,-1,-1,0,-1
2023471311082,2023,471311082,2,4,0,4,4,2,6,0,0,0,0,0,0,0,3,1,6,6,1,16,4,411,1,2,ROYAL ENFIELD HIMALAYAN,1,E01020972,0,-1
2023351354807,2023,351354807,2,4,0,18,19,1,5,0,0,0,0,0,0,0,1,1,5,6,1,64,9,411,1,2,ROYAL ENFIELD HIMALAYAN,9,E01018278,0,-1
2023531369900,2023,531369900,1,4,0,17,19,7,3,0,0,0,1,0,0,0,3,1,6,6,1,64,9,411,1,5,ROYAL ENFIELD HIMALAYAN,9,E01022371,0,-1
2023411337705,2023,411337705,2,4,0,18,19,3,7,0,0,0,0,0,0,0,3,1,6,6,1,69,10,411,1,0,ROYAL ENFIELD HIMALAYAN,6,E01023807,0,-1
2023122301306,2023,122301306,2,4,0,9,9,5,2,0,0,8,0,0,0,0,4,1,6,6,1,59,9,411,1,1,ROYAL ENFIELD HIMALAYAN,6,E01021678,0,-1
2023221354805,2023,221354805,1,4,0,4,4,4,2,0,0,8,0,0,0,0,2,1,5,6,1,76,11,411,1,0,ROYAL ENFIELD HIMALAYAN,5,E01010418,0,-1
2023320211375,2023,320211375,2,5,0,18,19,5,1,0,0,8,0,0,0,0,1,1,6,6,1,70,10,411,1,1,-1,3,E01026036,0,-1
2023052302678,2023,052302678,1,4,0,14,14,2,6,0,0,0,0,0,0,0,1,1,6,6,1,26,6,411,1,1,ROYAL ENFIELD HIMALAYAN,7,E01018338,0,-1
2023522400549,2023,522400549,2,4,0,18,19,3,7,0,0,8,0,0,0,0,1,1,6,6,1,54,8,411,1,5,ROYAL ENFIELD HIMALAYAN,10,E01032675,0,-1
2023520300579,2023,520300579,1,5,0,18,19,6,2,0,0,8,0,0,0,0,1,1,6,6,1,56,9,411,1,1,-1,3,E01029096,0,-1
2023351351701,2023,351351701,2,4,0,18,19,4,6,0,0,0,2,0,0,0,1,1,6,6,1,26,6,411,1,4,ROYAL ENFIELD HIMALAYAN,8,E01013799,0,-1
2023122300809,2023,122300809,2,4,0,18,19,8,4,0,0,1,0,0,0,0,4,1,6,6,1,67,10,411,1,4,ROYAL ENFIELD HIMALAYAN,9,E01027921,0,-1
2023131368772,2023,131368772,2,9,0,18,19,3,7,0,0,2,1,0,0,0,1,1,5,6,1,32,6,999,1,3,SEAT ARONA,7,E01011744,0,-1
2023991389399,2023,991389399,2,9,0,18,19,7,3,0,0,0,0,0,0,0,1,1,5,6,1,29,6,999,1,2,SEAT ARONA,-1,-1,0,-1
2023031378549,2023,031378549,2,9,0,18,19,2,6,0,0,1,0,0,0,0,1,1,6,6,2,34,6,999,1,0,SEAT ARONA,3,E01019272,0,-1
2023161306074,2023,161306074,1,9,0,5,5,6,3,0,0,0,0,0,0,0,3,1,5,6,2,54,8,999,1,5,SEAT ARONA,5,E01012964,0,-1
2023131296758,2023,131296758,1,9,0,18,19,1,5,0,0,2,0,0,0,0,1,1,5,6,1,27,6,1598,2,4,SEAT ARONA,-1,-1,0,-1
2023371310212,2023,371310212,1,9,0,18,19,3,1,0,0,1,0,0,0,0,1,1,6,6,1,29,6,999,1,4,SEAT ARONA,8,E01021574,0,-1
2023421373906,2023,421373906,2,9,0,-1,-1,-1,-1,-1,-1,0,-1,-1,-1,0,-1,1,5,6,2,43,7,999,1,5,SEAT ARONA,9,E01021908,0,-1
2023131290088,2023,131290088,2,9,0,2,2,1,5,0,0,0,0,0,0,0,3,1,6,6,3,-1,-1,999,1,4,SEAT ARONA,-1,-1,0,-1
2023010474171,2023,010474171,2,9,0,99,99,9,9,99,99,9,9,99,9,99,9,9,6,6,3,-1,-1,999,1,2,SEAT ARONA,-1,-1,0,-1
2023201384181,2023,201384181,2,9,0,15,15,1,5,0,0,0,0,0,0,0,4,1,5,6,3,-1,-1,1498,1,2,SEAT ARONA,-1,-1,0,-1
2023461337101,2023,461337101,2,9,0,18,19,5,1,0,0,1,0,0,0,0,1,1,6,6,2,46,8,999,1,1,SEAT ARONA,7,E01024009,0,-1
2023201370097,2023,201370097,1,9,0,18,19,5,1,0,0,0,0,0,0,0,1,1,6,6,1,53,8,999,1,2,SEAT ARONA,1,E01009002,0,-1
2023302301852,2023,302301852,1,9,0,18,19,4,8,0,0,0,0,0,7,11,2,1,6,6,1,49,8,999,1,1,SEAT ARONA,4,E01013501,0,-1
2023547391023,2023,547391023,1,9,0,18,19,1,5,0,0,2,0,10,1,4,1,1,6,6,1,27,6,999,1,0,SEAT ARONA,8,E01015486,0,-1
2023131272996,2023,131272996,2,9,0,16,19,5,1,0,0,1,0,0,0,0,1,1,6,6,1,33,6,999,1,3,SEAT ARONA,4,E01011799,0,-1
2023991292761,2023,991292761,1,9,0,18,19,6,2,0,0,6,1,0,8,0,1,1,6,6,1,24,5,999,1,3,SEAT ARONA,1,-1,0,-1
2023161288826,2023,161288826,1,9,0,18,19,8,4,0,0,1,0,0,1,0,1,1,6,6,2,48,8,999,1,3,SEAT ARONA,7,E01013307,0,-1
2023211344304,2023,211344304,1,9,-1,-1,-1,-1,-1,-1,-1,0,-1,-1,-1,0,-1,1,6,6,1,-1,-1,999,1,1,SEAT ARONA,-1,-1,0,-1
2023061277983,2023,061277983,1,9,0,18,19,8,4,0,0,1,0,0,0,0,1,1,6,6,3,30,6,999,1,1,SEAT ARONA,-1,-1,0,-1
2023440333566,2023,440333566,1,9,0,18,19,6,2,0,0,1,0,0,0,0,1,1,6,6,1,24,5,999,1,0,SEAT ARONA,4,E01017193,0,-1
2023332301297,2023,332301297,3,9,0,3,3,1,5,0,0,0,0,0,0,0,3,1,6,6,2,27,6,999,1,4,SEAT ARONA,-1,-1,0,-1
2023471298125,2023,471298125,2,9,0,9,9,7,5,0,0,8,0,0,0,0,1,1,5,6,2,55,8,999,1,3,SEAT ARONA,10,E01021192,0,-1
2023430503260,2023,430503260,2,9,0,3,3,3,7,0,0,1,0,0,0,0,2,1,6,6,1,33,6,999,1,0,SEAT ARONA,1,E01016843,0,-1
2023010427159,2023,010427159,2,9,0,9,9,1,7,0,0,1,0,0,0,0,3,1,6,6,2,63,9,999,1,5,SEAT ARONA,7,E01001918,0,-1
2023041355884,2023,041355884,2,9,0,18,19,2,6,0,0,8,0,0,0,0,4,1,5,6,1,43,7,1498,1,1,SEAT ARONA,9,E01025319,0,-1
2023461366243,2023,461366243,2,9,0,2,2,0,0,0,0,0,0,0,0,0,1,1,6,6,3,-1,-1,999,1,2,SEAT ARONA,-1,-1,0,-1
2023371260811,2023,371260811,2,9,0,18,19,1,5,0,0,0,0,0,0,0,1,1,6,6,1,30,6,999,1,4,SEAT ARONA,8,E01030065,0,-1
2023440393727,2023,440393727,1,9,0,18,19,7,3,0,0,0,5,0,1,11,1,1,6,6,1,18,4,999,1,0,SEAT ARONA,3,E01017348,0,-1
202360A014514,2023,60A014514,1,9,0,18,19,6,2,0,0,2,0,0,0,0,1,1,6,6,1,30,6,999,1,1,SEAT ARONA,-1,-1,0,-1
2023351357239,2023,351357239,1,9,0,18,19,-1,-1,0,0,1,0,0,0,0,1,1,6,6,2,81,11,1598,2,4,SEAT ARONA,8,E01018021,0,-1
2023052302291,2023,052302291,1,9,0,18,19,5,1,0,0,1,0,0,1,1,3,1,6,6,1,25,5,1598,2,5,SEAT ARONA,1,E01006446,0,-1
2023371387207,2023,371387207,2,9,0,3,3,7,3,0,0,0,0,0,0,0,2,1,6,6,1,80,11,999,1,0,SEAT ARONA,3,E01029998,0,-1
2023302300367,2023,302300367,2,9,0,5,5,0,0,0,0,0,0,0,0,0,3,1,6,6,2,21,5,999,1,1,SEAT ARONA,5,E01013551,0,-1
2023201286037,2023,201286037,1,9,0,18,19,4,8,0,0,8,0,0,0,0,4,1,6,6,1,22,5,1598,2,5,SEAT ARONA,1,E01009024,0,-1
2023201298955,2023,201298955,1,9,0,3,3,5,1,0,0,8,0,0,0,0,2,1,6,6,2,35,6,999,1,1,SEAT ARONA,9,E01031154,0,-1
2023061376548,2023,061376548,2,9,0,3,3,5,1,0,0,1,0,0,0,0,2,1,6,6,1,48,8,999,1,1,SEAT ARONA,9,E01018441,0,-1
2023451350440,2023,451350440,1,9,0,9,9,5,3,0,0,0,0,0,0,0,1,1,5,6,2,28,6,999,1,2,SEAT ARONA,3,E01002587,0,-1
2023010457332,2023,010457332,2,9,9,99,99,9,9,99,99,9,9,12,9,99,9,9,6,6,3,-1,-1,999,1,2,SEAT ARONA,-1,-1,0,-1
2023010440213,2023,010440213,1,9,0,99,99,9,9,99,99,9,9,99,9,99,1,9,6,6,2,31,6,999,1,1,SEAT ARONA,2,E01004535,0,-1
2023061268310,2023,061268310,2,9,0,-1,-1,-1,-1,-1,-1,-1,-1,-1,-1,0,-1,1,6,6,1,52,8,999,1,2,SEAT ARONA,3,E01025376,0,-1
2023201370082,2023,201370082,2,9,0,17,19,7,4,0,0,2,0,0,0,0,1,1,6,6,3,-1,-1,1498,1,4,SEAT ARONA,-1,-1,0,-1
2023010432710,2023,010432710,2,9,0,18,19,5,1,9,9,8,0,0,1,0,0,1,6,6,2,42,7,999,1,2,SEAT ARONA,3,E01003348,0,-1
2023311329692,2023,311329692,1,9,0,18,19,5,1,0,0,2,0,0,0,0,1,1,5,6,1,52,8,1598,2,4,SEAT ARONA,6,E01013837,0,-1
2023421329545,2023,421329545,1,9,0,17,19,3,7,9,9,0,0,0,1,10,1,1,6,6,2,78,11,999,1,5,SEAT ARONA,5,E01021602,0,-1
2023131279500,2023,131279500,1,9,0,18,19,5,1,0,0,1,0,0,0,0,1,1,5,6,1,42,7,999,1,0,SEAT ARONA,1,E01007372,0,-1
2023122301411,2023,122301411,1,9,0,4,4,4,3,0,0,1,0,0,0,0,1,1,6,6,1,81,11,999,1,5,SEAT ARONA,7,E01027677,0,-1
2023231366890,2023,231366890,1,9,0,9,9,2,8,0,0,6,1,0,0,0,3,1,5,6,2,74,10,999,1,5,SEAT ARONA,10,E01010227,0,-1
2023361384137,2023,361384137,1,9,0,4,4,6,2,0,0,1,0,0,0,0,1,1,5,6,1,19,4,999,1,2,SEAT ARONA,6,E01026737,0,-1
2023311384183,2023,311384183,1,9,0,18,19,8,4,0,0,2,1,0,0,0,4,1,6,6,1,26,6,999,1,4,SEAT ARONA,1,E01013959,0,-1
2023010430313,2023,010430313,2,9,0,10,10,5,3,0,0,1,0,0,0,0,1,1,6,6,1,31,6,999,1,2,SEAT ARONA,3,E01033744,0,-1
2023131288640,2023,131288640,2,9,0,7,7,7,3,0,0,1,0,0,0,0,4,1,6,6,2,25,5,999,1,3,SEAT ARONA,-1,-1,0,-1
2023542300723,2023,542300723,1,9,0,18,19,7,3,0,0,0,0,0,1,0,1,1,6,6,2,72,10,999,1,5,SEAT ARONA,10,E01022860,0,-1
2023071036266,2023,071036266,1,9,0,18,19,5,1,0,0,0,0,0,0,0,1,1,6,6,1,75,10,999,1,5,SEAT ARONA,-1,-1,0,-1
2023010473525,2023,010473525,2,9,0,99,99,9,9,99,99,9,9,99,9,99,1,9,6,6,3,-1,-1,999,1,5,SEAT ARONA,-1,-1,0,-1
2023071326621,2023,071326621,2,9,0,2,2,5,5,0,0,0,0,0,0,0,2,1,6,6,2,-1,-1,999,1,4,SEAT ARONA,-1,-1,0,-1
2023170S10793,2023,170S10793,1,9,0,9,9,8,6,0,0,8,0,0,0,0,1,1,6,6,2,-1,-1,999,1,5,SEAT ARONA,-1,-1,0,-1
2023201291911,2023,201291911,1,9,0,5,5,3,7,9,9,0,0,0,0,0,1,1,6,6,1,-1,-1,999,1,2,SEAT ARONA,-1,-1,0,-1
2023351373060,2023,351373060,2,9,0,3,3,2,6,0,0,0,0,0,1,7,2,1,6,6,2,54,8,999,1,2,SEAT ARONA,9,E01017422,0,-1
2023991362809,2023,991362809,1,9,0,7,7,3,6,0,0,1,0,0,1,0,2,1,6,6,2,51,8,1598,2,4,SEAT ARONA,1,-1,0,-1
2023211383285,2023,211383285,1,9,0,18,19,2,6,0,0,2,0,0,0,0,1,1,5,6,2,28,6,999,1,0,SEAT ARONA,10,E01029854,0,-1
2023010449983,2023,010449983,2,9,0,99,99,9,9,99,99,9,9,99,9,99,1,9,6,6,3,-1,-1,999,1,3,SEAT ARONA,-1,-1,0,-1
2023010420914,2023,010420914,2,9,0,99,99,9,9,99,99,9,9,99,9,99,1,9,6,6,3,-1,-1,999,1,4,SEAT ARONA,-1,-1,0,-1
2023161285545,2023,161285545,2,9,0,9,9,5,3,0,0,1,0,0,0,0,1,1,5,6,1,22,5,999,1,0,SEAT ARONA,3,E01007525,0,-1
2023161301325,2023,161301325,1,9,0,18,19,7,3,0,0,0,0,0,0,0,1,1,2,2,1,19,4,999,1,2,SEAT ARONA,4,E01013106,0,-1
2023340NN2902,2023,340NN2902,1,9,0,18,19,3,7,0,0,6,5,0,1,1,3,1,6,6,2,40,7,999,1,4,SEAT ARONA,7,E01016812,0,-1
2023451377689,2023,451377689,5,9,0,4,4,5,1,0,0,0,0,0,0,0,2,1,2,2,2,28,6,999,1,5,SEAT ARONA,10,E01023097,0,-1
2023340WN1872,2023,340WN1872,2,9,0,4,4,1,5,0,0,1,0,0,1,0,2,1,6,6,1,77,11,999,1,1,SEAT ARONA,7,E01027204,0,-1
2023371377284,2023,371377284,1,9,0,7,7,1,4,9,9,3,0,0,1,0,4,1,6,6,3,-1,-1,999,1,5,SEAT ARONA,-1,-1,0,-1
2023461352322,2023,461352322,2,9,0,3,3,3,7,0,0,1,0,0,0,0,2,1,6,6,1,35,6,999,1,2,SEAT ARONA,3,E01024239,0,-1
2023111306032,2023,111306032,1,9,0,18,19,4,8,0,0,0,0,11,0,0,1,1,1,1,2,36,7,999,1,2,SEAT ARONA,3,E01008826,0,-1
2023401359312,2023,401359312,2,9,0,3,3,1,5,0,0,4,0,0,0,0,2,1,6,6,2,26,6,999,1,2,SEAT ARONA,-1,-1,0,-1
2023131352501,2023,131352501,2,9,0,3,3,3,8,0,0,1,0,0,0,0,4,1,5,6,2,35,6,999,1,0,SEAT ARONA,7,E01011506,0,-1
2023311265570,2023,311265570,2,9,0,9,9,3,1,0,0,8,0,0,0,0,4,1,1,1,1,28,6,999,1,4,SEAT ARONA,5,E01028314,0,-1
2023501358066,2023,501358066,2,9,0,18,19,1,6,0,0,0,0,0,0,0,1,1,1,1,1,59,9,999,1,2,SEAT ARONA,4,E01019071,0,-1
2023520301655,2023,520301655,1,9,0,9,9,5,3,0,0,8,0,0,0,0,2,1,6,6,2,52,8,999,1,3,SEAT ARONA,7,E01029199,0,-1
2023141363868,2023,141363868,1,9,0,9,9,7,5,0,0,0,0,0,7,0,1,1,6,6,1,72,10,999,1,0,SEAT ARONA,4,E01007390,0,-1
2023520301450,2023,520301450,1,9,0,9,9,5,1,0,0,8,1,0,1,4,2,1,6,6,2,45,7,999,1,5,SEAT ARONA,2,E01029236,0,-1
2023461280766,2023,461280766,1,9,0,9,9,4,8,0,0,0,0,0,0,0,1,1,3,7,2,45,7,999,1,5,SEAT ARONA,8,E01024822,0,-1
2023552300342,2023,552300342,2,9,0,18,19,4,8,0,0,0,0,0,0,0,2,1,6,6,2,62,9,999,1,3,SEAT ARONA,9,E01015316,0,-1
2023131361797,2023,131361797,2,9,0,18,19,2,6,0,0,0,0,0,0,0,1,1,6,6,1,33,6,999,1,4,SEAT ARONA,8,E01010863,0,-1