collision_index,collision_year,collision_ref_no,vehicle_reference,vehicle_type,towing_and_articulation,vehicle_manoeuvre_historic,vehicle_manoeuvre,vehicle_direction_from,vehicle_direction_to,vehicle_location_restricted_lane_historic,vehicle_location_restricted_lane,junction_location,skidding_and_overturning,hit_object_in_carriageway,vehicle_leaving_carriageway,hit_object_off_carriageway,first_point_of_impact,vehicle_left_hand_drive,journey_purpose_of_driver_historic,journey_purpose_of_driver,sex_of_driver,age_of_driver,age_band_of_driver,engine_capacity_cc,propulsion_code,age_of_vehicle,generic_make_model,driver_imd_decile,lsoa_of_driver,escooter_flag,driver_distance_banding
2023451337554,2023,451337554,1,9,0,9,9,5,1,0,0,0,0,0,0,0,1,1,5,6,2,22,5,999,1,4,SEAT ARONA,5,E01023342,0,-1
2023061383831,2023,061383831,2,9,0,18,19,3,7,0,0,7,0,0,0,0,3,1,6,6,2,30,6,999,1,2,SEAT ARONA,4,E01005015,0,-1
2023141336552,2023,141336552,1,9,0,18,19,7,3,0,0,0,0,4,0,0,3,1,6,6,3,-1,-1,999,1,5,SEAT ARONA,-1,-1,0,-1
2023471334374,2023,471334374,3,9,0,4,4,2,3,0,0,2,0,0,0,0,0,1,5,6,3,29,6,999,1,4,SEAT ARONA,6,E01031468,0,-1
2023991374671,2023,991374671,1,8,0,18,19,2,6,0,0,0,0,0,0,0,1,1,3,7,1,53,8,1598,2,5,-1,10,-1,0,-1
2023991387039,2023,991387039,2,9,0,18,19,1,5,0,0,0,0,0,1,11,1,1,5,6,1,37,7,999,1,5,SEAT ARONA,-1,-1,0,-1
2023520401012,2023,520401012,1,9,0,18,19,7,3,0,0,0,5,0,7,4,1,1,6,6,2,28,6,999,1,2,SEAT ARONA,-1,-1,0,-1
2023461290819,2023,461290819,2,9,0,18,19,5,1,0,0,8,0,0,0,0,1,1,6,6,2,28,6,999,1,3,SEAT ARONA,5,E01024495,0,-1
2023170S21243,2023,170S21243,2,9,0,18,19,5,1,0,0,0,0,0,0,0,1,1,6,6,1,51,8,999,1,3,SEAT ARONA,9,E01012228,0,-1
2023610021723,2023,610021723,2,9,0,18,19,3,7,0,0,8,0,0,0,0,4,1,6,6,1,73,10,999,1,3,SEAT ARONA,2,W01001387,0,-1
2023052300677,2023,052300677,2,9,0,9,9,2,6,0,0,8,0,0,0,0,4,1,6,6,1,19,4,999,1,4,SEAT ARONA,1,E01006679,0,-1
2023041294674,2023,041294674,2,9,0,18,19,3,7,0,0,1,0,0,0,0,2,1,6,6,1,48,8,999,1,0,SEAT ARONA,4,E01025073,0,-1
2023991377325,2023,991377325,3,9,0,4,4,1,5,0,0,8,0,0,0,0,2,1,6,6,1,30,6,1598,2,5,SEAT ARONA,-1,-1,0,-1
2023421369411,2023,421369411,2,9,0,3,3,7,3,0,0,0,0,0,0,0,2,1,5,6,2,46,8,999,1,5,SEAT ARONA,9,E01021240,0,-1
2023010483316,2023,010483316,1,9,0,7,7,3,6,0,0,8,0,0,0,0,3,1,3,7,1,64,9,999,1,2,SEAT ARONA,4,E01003440,0,-1
2023041302872,2023,041302872,2,9,0,18,19,3,7,0,0,8,0,0,0,0,3,1,6,6,2,18,4,999,1,1,SEAT ARONA,3,E01012726,0,-1
2023461264191,2023,461264191,2,9,0,18,19,3,7,0,0,8,0,0,0,0,1,1,6,6,2,44,7,999,1,5,SEAT ARONA,2,E01016110,0,-1
2023041332948,2023,041332948,2,9,0,18,19,7,3,0,0,3,0,0,0,0,4,1,5,6,1,85,11,999,1,2,SEAT ARONA,9,E01025533,0,-1
2023052301662,2023,052301662,2,9,0,18,19,6,2,0,0,8,0,0,0,0,1,1,6,6,1,32,6,999,1,5,SEAT ARONA,4,E01007160,0,-1
2023052302095,2023,052302095,2,9,0,18,19,1,5,0,0,8,5,0,0,0,3,1,6,6,2,42,7,999,1,3,SEAT ARONA,2,E01006785,0,-1
2023552300795,2023,552300795,1,9,0,18,19,7,3,0,0,6,0,0,0,0,1,1,6,6,1,62,9,999,1,0,SEAT ARONA,-1,-1,0,-1
2023411353669,2023,411353669,1,9,-1,-1,-1,-1,-1,-1,-1,-1,-1,-1,-1,0,-1,1,6,6,1,-1,-1,1598,2,5,SEAT ARONA,8,E01023875,0,-1
2023101288892,2023,101288892,2,9,0,2,2,-1,-1,0,0,0,0,0,0,0,1,1,6,6,2,63,9,999,1,0,SEAT ARONA,-1,-1,0,-1
2023471327262,2023,471327262,1,9,0,9,9,2,5,0,0,6,0,0,0,0,3,1,1,1,2,40,7,999,1,4,SEAT ARONA,3,E01021016,0,-1
2023531378140,2023,531378140,3,9,0,4,4,5,1,0,0,0,0,0,0,0,2,1,2,2,1,23,5,999,1,0,SEAT ARONA,5,E01028990,0,-1
2023320707053,2023,320707053,2,9,0,18,19,4,8,0,0,8,0,0,0,0,4,1,6,6,2,44,7,999,1,3,SEAT ARONA,3,E01026017,0,-1
2023041355398,2023,041355398,1,9,0,18,19,1,5,0,0,1,0,0,0,0,1,1,6,6,2,53,8,999,1,1,SEAT ARONA,3,E01012750,0,-1
2023041316785,2023,041316785,2,9,0,18,19,5,1,0,0,1,0,0,0,0,4,1,5,6,2,72,10,999,1,2,SEAT ARONA,7,E01025130,0,-1
2023991333336,2023,991333336,1,9,0,4,4,6,1,0,0,0,0,0,0,0,1,2,5,6,2,23,5,999,1,3,SEAT ARONA,1,-1,0,-1
2023141344764,2023,141344764,1,9,0,18,19,3,7,0,0,0,0,0,0,0,1,1,6,6,1,42,7,999,1,0,SEAT ARONA,1,E01007719,0,-1
202360A143890,2023,60A143890,1,9,0,18,19,4,8,0,0,2,0,0,0,0,3,1,6,6,2,79,11,999,1,3,SEAT ARONA,-1,-1,0,-1
2023010460386,2023,010460386,2,9,9,99,99,9,9,99,99,9,9,99,9,99,1,9,6,6,2,51,8,999,1,4,SEAT ARONA,1,E01003051,0,-1
2023501361641,2023,501361641,2,9,0,18,19,3,7,0,0,8,1,0,1,0,3,1,5,6,2,54,8,999,1,5,SEAT ARONA,3,E01018869,0,-1
2023991285749,2023,991285749,1,9,0,9,9,4,2,0,0,1,0,0,0,0,1,1,5,6,1,34,6,999,1,4,SEAT ARONA,4,-1,0,-1
2023461345346,2023,461345346,2,9,0,2,2,0,0,0,0,0,0,0,0,0,3,1,6,6,2,-1,-1,999,1,4,SEAT ARONA,-1,-1,0,-1
2023461306729,2023,461306729,2,9,0,5,5,1,5,0,0,0,0,0,0,0,3,1,6,6,2,48,8,1598,2,4,SEAT ARONA,1,E01024196,0,-1
2023411321584,2023,411321584,1,9,0,5,5,6,4,0,0,2,0,0,0,0,3,1,2,2,2,41,7,999,1,2,SEAT ARONA,10,E01022647,0,-1
2023041331550,2023,041331550,2,9,0,18,19,5,1,0,0,0,0,0,0,0,4,1,5,6,2,22,5,999,1,1,SEAT ARONA,2,E01012621,0,-1
2023531369051,2023,531369051,2,9,0,4,4,1,5,0,0,0,0,0,0,0,2,1,5,6,1,72,10,999,1,2,SEAT ARONA,7,E01022205,0,-1
2023201281168,2023,201281168,2,9,0,3,3,7,3,0,0,1,0,0,0,0,3,1,5,6,3,31,6,999,1,2,SEAT ARONA,2,E01008919,0,-1
2023031280636,2023,031280636,2,9,0,3,3,6,3,0,0,2,0,0,0,0,2,1,6,6,1,48,8,999,1,2,SEAT ARONA,-1,-1,0,-1
2023031363411,2023,031363411,2,9,0,18,19,2,6,0,0,0,0,0,0,0,1,1,6,6,1,67,10,999,1,1,SEAT ARONA,4,E01019118,0,-1
2023041259271,2023,041259271,1,9,0,18,19,5,1,0,0,0,0,0,0,0,1,1,5,6,2,30,6,999,1,1,SEAT ARONA,3,E01024943,0,-1
2023552300115,2023,552300115,1,9,0,18,19,4,8,0,0,0,0,0,0,0,1,1,6,6,2,40,7,999,1,4,SEAT ARONA,3,E01015409,0,-1
2023991362844,2023,991362844,1,9,0,4,4,3,7,0,0,1,0,0,0,0,2,1,1,1,1,48,8,999,1,5,SEAT ARONA,10,-1,0,-1
2023122300333,2023,122300333,2,9,0,3,3,6,2,0,0,4,0,0,0,0,2,1,2,2,2,41,7,999,1,3,SEAT ARONA,7,E01013336,0,-1
2023010452198,2023,010452198,1,9,0,7,7,5,7,0,0,5,0,0,0,0,4,1,2,2,1,63,9,999,1,3,SEAT ARONA,5,E01002533,0,-1
2023052300222,2023,052300222,1,9,0,4,4,1,5,0,0,1,0,0,0,0,2,1,6,6,2,47,8,999,1,1,SEAT ARONA,1,E01007019,0,-1
2023031284613,2023,031284613,1,9,0,18,19,5,1,0,0,0,0,10,2,11,4,1,6,6,1,56,9,999,1,3,SEAT ARONA,3,E01025094,0,-1
2023610019123,2023,610019123,2,9,0,18,19,1,5,0,0,8,0,0,0,0,1,1,6,6,1,73,10,999,1,3,SEAT ARONA,7,W01001354,0,-1
2023131323331,2023,131323331,1,9,0,18,19,7,3,0,0,0,0,0,0,0,1,1,5,6,1,26,6,999,1,4,SEAT ARONA,8,E01011694,0,-1
2023201297634,2023,201297634,2,9,0,9,9,8,7,0,0,8,0,0,0,0,3,1,5,6,1,27,6,999,1,1,SEAT ARONA,4,E01009226,0,-1
2023010461483,2023,010461483,2,9,0,16,19,5,1,0,0,0,5,0,0,0,4,1,6,6,1,44,7,999,1,2,SEAT ARONA,2,E01001868,0,-1
2023010439806,2023,010439806,1,9,0,3,3,1,5,0,0,6,0,99,9,99,2,9,6,6,2,26,6,999,1,2,SEAT ARONA,3,E01000054,0,-1
2023522400260,2023,522400260,1,9,0,9,9,4,2,0,0,6,0,0,0,0,3,1,6,6,2,18,4,999,1,4,SEAT ARONA,3,E01014572,0,-1
2023010471594,2023,010471594,1,9,0,18,19,1,5,0,0,1,0,0,1,7,4,1,6,6,1,28,6,999,1,1,SEAT ARONA,6,E01016507,0,-1
2023161382210,2023,161382210,2,9,0,9,9,1,7,0,0,2,0,0,0,0,2,1,1,1,1,26,6,1598,2,3,SEAT ARONA,1,E01007466,0,-1
2023101265250,2023,101265250,2,9,0,3,3,7,3,0,0,0,0,0,0,0,2,1,5,6,2,51,8,999,1,2,SEAT ARONA,10,E01008309,0,-1
2023010456506,2023,010456506,1,9,0,99,99,9,9,99,99,9,9,99,9,99,4,9,1,1,1,60,9,999,1,2,SEAT ARONA,2,E01033151,0,-1
2023451352943,2023,451352943,1,9,0,7,7,1,5,0,0,0,0,0,0,0,1,1,6,6,2,47,8,999,1,2,SEAT ARONA,9,E01003005,0,-1
2023041294677,2023,041294677,2,9,0,18,19,7,3,0,0,1,5,0,0,0,4,1,6,6,2,26,6,999,1,1,SEAT ARONA,6,E01012667,0,-1
202360A074654,2023,60A074654,1,9,0,1,1,4,8,0,0,1,0,0,0,0,2,1,6,6,1,28,6,999,1,2,SEAT ARONA,-1,-1,0,-1
2023010461165,2023,010461165,2,9,0,99,99,9,9,0,0,8,0,0,0,0,2,1,6,6,3,-1,-1,999,1,1,SEAT ARONA,-1,-1,0,-1
2023122300970,2023,122300970,2,9,0,18,19,2,6,0,0,8,0,0,0,0,2,1,6,6,2,27,6,999,1,3,SEAT ARONA,4,-1,0,-1
202360A108493,2023,60A108493,4,9,0,18,19,7,3,0,0,0,0,0,0,0,0,1,2,2,2,27,6,999,1,2,SEAT ARONA,-1,-1,0,-1
2023340WN4382,2023,340WN4382,3,9,0,3,3,5,1,0,0,1,0,0,0,0,2,1,6,6,2,40,7,999,1,0,SEAT ARONA,9,E01027016,0,-1
2023031355554,2023,031355554,1,9,0,18,19,5,1,0,0,0,0,0,0,0,1,1,5,6,1,81,11,999,1,2,SEAT ARONA,7,E01019382,0,-1
2023201416083,2023,201416083,1,9,0,18,19,1,5,0,0,0,5,0,7,10,1,1,6,6,1,28,6,1498,1,1,SEAT ARONA,2,E01009623,0,-1
2023010436186,2023,010436186,2,9,0,99,99,9,9,99,99,9,9,99,9,99,1,9,6,6,3,-1,-1,1498,1,1,SEAT ARONA,-1,-1,0,-1
2023552300631,2023,552300631,1,9,0,18,19,2,6,0,0,8,0,0,0,0,1,1,6,6,1,55,8,999,1,5,SEAT ARONA,7,E01020405,0,-1
2023010463651,2023,010463651,1,9,0,3,3,3,7,0,0,2,0,0,0,0,4,1,6,6,2,51,8,999,1,0,SEAT ARONA,2,E01003248,0,-1
2023201318815,2023,201318815,2,9,0,9,9,4,2,0,0,6,0,0,0,0,1,1,6,6,2,58,9,1598,2,4,SEAT ARONA,3,E01010085,0,-1
2023141369328,2023,141369328,1,9,0,7,7,3,6,0,0,2,0,0,1,0,1,1,6,6,1,21,5,999,1,0,SEAT ARONA,1,E01007529,0,-1
2023471376395,2023,471376395,1,9,0,18,19,8,4,0,0,1,0,0,0,0,1,1,5,6,1,17,4,999,1,0,SEAT ARONA,7,E01031405,0,-1
2023131349814,2023,131349814,2,9,0,18,19,5,1,0,0,0,0,0,0,0,3,1,6,6,2,78,11,999,1,2,SEAT ARONA,3,E01010950,0,-1
2023311330383,2023,311330383,3,9,0,2,2,0,0,0,0,0,0,0,0,0,1,1,5,6,2,39,7,999,1,3,SEAT ARONA,-1,-1,0,-1
2023010419892,2023,010419892,2,9,0,99,99,9,9,99,99,9,9,99,9,99,9,9,6,6,2,22,5,999,1,4,SEAT ARONA,2,E01002765,0,-1
2023991279769,2023,991279769,1,9,0,4,4,3,7,0,0,0,0,0,0,0,2,1,5,6,2,56,9,999,1,1,SEAT ARONA,1,-1,0,-1
2023010431050,2023,010431050,2,9,0,18,19,5,1,0,0,1,0,0,0,0,1,1,6,6,1,73,10,999,1,4,SEAT ARONA,-1,-1,0,-1
2023471353970,2023,471353970,1,9,0,1,1,8,4,0,0,2,0,0,0,0,1,1,6,6,1,71,10,999,1,2,SEAT ARONA,10,E01004950,0,-1
2023141262640,2023,141262640,1,9,0,7,7,4,7,0,0,3,0,0,0,0,1,1,5,6,1,69,10,1498,1,4,SEAT ARONA,6,E01007424,0,-1
2023501389168,2023,501389168,2,9,0,18,19,5,2,0,0,0,0,0,1,0,3,1,5,6,1,63,9,999,1,1,SEAT ARONA,-1,-1,0,-1
2023461295390,2023,461295390,2,9,0,10,10,7,3,0,0,0,0,0,0,0,2,1,6,6,2,18,4,999,1,2,SEAT ARONA,8,E01024723,0,-1
2023451347970,2023,451347970,1,9,0,4,4,5,1,0,0,0,0,0,0,0,2,1,5,6,1,77,11,999,1,1,SEAT ARONA,9,E01024123,0,-1
2023501312197,2023,501312197,2,9,0,2,2,0,0,0,0,0,0,4,0,0,3,1,6,6,2,47,8,999,1,1,SEAT ARONA,6,E01029091,0,-1
2023231380716,2023,231380716,2,9,0,4,4,6,2,0,0,1,0,0,0,0,2,1,6,6,2,28,6,999,1,6,SEAT ARONA,8,E01031260,0,-1
2023161314336,2023,161314336,1,9,0,18,19,7,3,0,0,1,0,0,0,0,1,1,5,6,1,27,6,999,1,1,SEAT ARONA,7,E01012950,0,-1
2023211310996,2023,211310996,2,9,0,18,19,7,6,0,0,3,2,0,0,0,4,1,5,6,2,53,8,999,1,3,SEAT ARONA,3,E01014296,0,-1
2023131291986,2023,131291986,2,9,0,4,4,8,4,0,0,0,0,0,0,0,2,1,1,1,2,30,6,999,1,5,SEAT ARONA,6,E01010689,0,-1
2023201425946,2023,201425946,1,9,0,18,19,2,6,0,0,0,0,0,0,0,3,1,6,6,1,-1,-1,999,1,3,SEAT ARONA,-1,-1,0,-1
2023461359769,2023,461359769,1,9,0,11,11,5,1,0,0,0,0,0,0,0,1,1,6,6,1,48,8,999,1,0,SEAT ARONA,4,E01003758,0,-1
2023131273060,2023,131273060,1,9,0,18,19,3,7,0,0,1,0,0,0,0,1,1,5,6,2,30,6,999,1,5,SEAT ARONA,9,E01011209,0,-1
2023141282836,2023,141282836,2,9,0,2,2,1,1,0,0,0,0,0,0,0,2,1,6,6,3,-1,-1,999,1,0,SEAT ARONA,-1,-1,0,-1
202363A021223,2023,63A021223,1,9,0,12,12,4,8,0,0,0,0,0,0,0,1,1,6,6,2,43,7,1598,2,5,SEAT ARONA,-1,-1,0,-1
2023010475063,2023,010475063,2,9,0,99,99,9,9,99,99,9,9,99,9,99,4,9,6,6,2,33,6,999,1,0,SEAT ARONA,4,E01001459,0,-1
2023471316327,2023,471316327,1,9,0,7,7,4,7,0,0,5,0,0,0,0,4,1,5,6,1,60,9,999,1,4,SEAT ARONA,8,E01032831,0,-1
2023320315182,2023,320315182,1,9,0,18,19,2,6,0,0,1,5,4,0,0,1,1,6,6,1,72,10,999,1,2,SEAT ARONA,9,E01026396,0,-1
2023430062229,2023,430062229,2,9,0,3,3,7,3,0,0,1,0,0,0,0,2,1,6,6,1,18,4,999,1,1,SEAT ARONA,1,E01016743,0,-1
2023070477558,2023,070477558,2,9,0,3,3,3,7,0,0,2,0,0,0,0,1,1,6,6,1,32,6,999,1,0,SEAT ARONA,3,E01018447,0,-1
2023070497851,2023,070497851,2,9,0,17,19,6,2,0,0,0,0,0,0,0,1,1,2,2,2,62,9,999,1,4,SEAT ARONA,4,E01005116,0,-1
2023501366733,2023,501366733,2,9,0,3,3,1,5,0,0,4,0,0,0,0,2,1,5,6,2,29,6,999,1,5,SEAT ARONA,5,E01018921,0,-1
2023461295768,2023,461295768,2,9,0,2,2,0,0,0,0,0,0,0,0,0,4,1,6,6,3,-1,-1,999,1,2,SEAT ARONA,-1,-1,0,-1
2023451276461,2023,451276461,2,9,0,18,19,1,5,0,0,1,0,0,7,0,1,1,1,1,1,34,6,1598,2,5,SEAT ARONA,5,E01000803,0,-1
2023010470228,2023,010470228,2,9,0,99,99,9,9,99,99,9,9,99,9,99,1,9,6,6,3,-1,-1,999,1,5,SEAT ARONA,-1,-1,0,-1
2023440360223,2023,440360223,1,9,0,18,19,6,2,0,0,1,5,4,0,0,1,1,6,6,2,74,10,999,1,4,SEAT ARONA,4,E01022478,0,-1
2023320092989,2023,320092989,1,9,0,18,19,3,7,9,9,2,0,0,0,0,1,1,6,6,1,83,11,999,1,4,SEAT ARONA,9,E01026119,0,-1
2023131352251,2023,131352251,2,9,0,18,19,3,7,0,0,0,0,0,0,0,1,1,2,2,1,21,5,999,1,1,SEAT ARONA,1,E01010610,0,-1
2023991341513,2023,991341513,1,9,0,18,19,5,1,0,0,0,0,0,0,0,1,1,6,6,2,34,6,1598,2,4,SEAT ARONA,4,-1,0,-1
2023010471240,2023,010471240,3,9,0,5,5,1,5,0,0,0,0,0,0,0,0,1,6,6,1,35,6,1598,2,5,SEAT ARONA,1,E01000605,0,-1
2023101332128,2023,101332128,2,9,-1,3,3,5,8,0,0,0,0,0,0,0,2,1,6,6,2,64,9,999,1,5,SEAT ARONA,-1,-1,0,-1
2023221344923,2023,221344923,1,9,0,18,19,7,3,0,0,0,0,0,0,0,1,1,5,6,2,31,6,999,1,4,SEAT ARONA,1,E01010046,0,-1
2023631366221,2023,631366221,1,9,0,18,19,5,1,0,0,0,5,0,1,9,0,1,2,2,2,24,5,1598,2,5,SEAT ARONA,8,W01000554,0,-1
2023010419335,2023,010419335,1,9,0,6,6,3,3,0,0,2,0,0,0,0,2,1,6,6,1,58,9,999,1,1,SEAT ARONA,1,E01002852,0,-1
2023131294165,2023,131294165,1,9,0,17,19,1,5,0,0,2,1,0,2,0,1,1,5,6,2,21,5,999,1,2,SEAT ARONA,3,E01010827,0,-1
2023371281392,2023,371281392,2,3,0,18,19,7,7,0,0,1,1,0,0,0,4,1,2,2,1,39,7,125,1,3,-1,3,E01030262,0,-1
2023302301880,2023,302301880,1,3,0,18,19,7,3,0,0,0,0,0,0,0,0,1,2,2,1,19,4,125,1,2,-1,2,E01028300,0,-1
2023141363912,2023,141363912,1,3,0,18,19,4,8,0,0,1,0,0,0,0,4,1,6,6,1,23,5,125,1,3,-1,6,E01008024,0,-1
2023010460395,2023,010460395,1,3,0,99,99,9,9,99,99,0,9,99,9,99,9,1,2,2,1,46,8,125,1,3,-1,7,E01003476,0,-1
2023302301118,2023,302301118,2,3,0,18,19,2,6,0,0,1,0,0,0,0,1,1,2,2,1,18,4,125,1,4,-1,4,E01019865,0,-1
2023471282761,2023,471282761,1,3,0,13,13,4,8,0,0,1,1,0,0,0,4,1,6,6,1,-1,-1,125,1,9,-1,1,E01016864,0,-1
2023361284071,2023,361284071,2,5,0,18,19,7,3,0,0,0,0,0,0,0,1,1,6,6,1,57,9,790,1,20,TRIUMPH BONNEVILLE,9,E01026497,0,-1
2023141359841,2023,141359841,2,5,0,18,19,6,2,0,0,1,0,0,0,0,1,1,5,6,2,51,8,865,1,9,TRIUMPH BONNEVILLE,-1,-1,0,-1
2023010443257,2023,010443257,2,5,0,18,19,1,5,0,0,1,2,0,0,0,1,1,2,2,1,29,6,865,1,9,TRIUMPH BONNEVILLE,6,E01023340,0,-1
2023501359071,2023,501359071,1,5,0,18,19,1,5,0,0,0,0,0,0,0,1,1,6,6,1,34,6,865,1,17,TRIUMPH BONNEVILLE,2,E01015229,0,-1
2023010432087,2023,010432087,1,5,0,18,19,7,3,0,0,2,0,0,0,0,1,1,2,2,1,57,9,1200,1,1,TRIUMPH BONNEVILLE,8,E01004582,0,-1
2023221299849,2023,221299849,1,5,0,16,19,1,2,0,0,0,0,0,0,0,1,1,6,6,1,57,9,865,1,9,TRIUMPH BONNEVILLE,8,E01021395,0,-1
2023340NN1582,2023,340NN1582,2,5,0,3,3,8,4,0,0,1,0,0,0,0,2,1,6,6,1,63,9,900,1,1,TRIUMPH BONNEVILLE,4,E01027315,0,-1
2023451304529,2023,451304529,1,5,0,16,19,5,1,0,0,0,1,0,0,0,1,1,5,6,1,34,6,1200,1,6,TRIUMPH BONNEVILLE,8,E01030592,0,-1
2023031347188,2023,031347188,1,5,0,4,4,1,5,0,0,1,2,4,0,0,3,1,5,6,1,60,9,865,1,14,TRIUMPH BONNEVILLE,8,E01019366,0,-1
2023122300292,2023,122300292,2,4,0,18,19,1,5,0,0,0,1,0,0,0,1,1,6,6,1,56,9,900,1,5,-1,5,E01027775,0,-1
2023451351536,2023,451351536,2,5,0,18,19,7,5,0,0,5,0,0,0,0,3,1,1,1,2,24,5,865,1,11,TRIUMPH BONNEVILLE,10,E01030517,0,-1
2023421351362,2023,421351362,1,5,0,14,14,7,3,0,0,0,0,0,0,0,1,1,2,2,1,65,9,1200,1,5,TRIUMPH BONNEVILLE,9,E01021940,0,-1
2023461345340,2023,461345340,1,5,0,18,19,5,1,0,0,0,0,0,0,0,0,1,6,6,1,72,10,900,1,6,TRIUMPH BONNEVILLE,9,E01000424,0,-1
2023520400441,2023,520400441,1,5,0,18,19,1,5,0,0,8,0,0,0,0,4,1,6,6,1,27,6,1200,1,1,TRIUMPH BONNEVILLE,3,E01029117,0,-1
2023221345091,2023,221345091,2,5,0,9,9,6,4,0,0,3,0,0,0,0,4,1,5,6,1,69,10,1200,1,4,TRIUMPH BONNEVILLE,9,E01004098,0,-1
2023302301283,2023,302301283,1,5,0,4,4,8,4,0,0,1,0,0,0,0,1,1,6,6,1,50,8,865,1,12,TRIUMPH BONNEVILLE,7,E01019636,0,-1
2023361326571,2023,361326571,1,5,0,13,13,3,7,0,0,1,2,0,0,0,4,1,6,6,1,38,7,900,1,1,TRIUMPH BONNEVILLE,7,E01026539,0,-1
2023430491539,2023,430491539,2,5,0,14,14,3,7,0,0,1,0,0,0,0,1,1,6,6,1,65,9,1200,1,6,TRIUMPH BONNEVILLE,8,E01017741,0,-1
2023552301522,2023,552301522,1,4,0,18,19,3,7,0,0,8,0,0,0,0,0,1,6,6,1,62,9,790,1,22,-1,8,E01020425,0,-1
2023451359964,2023,451359964,2,5,0,18,19,1,5,0,0,1,0,0,0,0,4,1,2,2,1,57,9,1200,1,7,TRIUMPH BONNEVILLE,7,E01023109,0,-1
202360A098539,2023,60A098539,2,5,0,4,4,5,1,0,0,0,5,0,0,0,2,1,6,6,1,69,10,900,1,6,TRIUMPH BONNEVILLE,-1,-1,0,-1
2023010427284,2023,010427284,1,5,5,9,9,8,6,0,0,1,1,0,0,0,1,1,2,2,1,25,5,1200,1,4,TRIUMPH BONNEVILLE,3,E01004270,0,-1
2023991306271,2023,991306271,2,5,0,3,3,8,5,0,0,4,5,0,1,0,2,1,5,6,1,37,7,865,1,14,TRIUMPH BONNEVILLE,6,E01004372,0,-1
2023010442193,2023,010442193,1,5,9,99,99,9,9,99,99,9,9,99,0,0,9,1,2,2,1,53,8,865,1,8,TRIUMPH BONNEVILLE,4,E01002743,0,-1
2023201301181,2023,201301181,2,5,0,18,19,3,7,0,0,0,0,0,5,0,4,1,5,6,1,32,6,1200,1,2,TRIUMPH BONNEVILLE,3,E01033565,0,-1
2023320375995,2023,320375995,2,5,0,7,7,8,2,0,0,6,0,0,0,0,2,1,6,6,1,73,10,1200,1,0,TRIUMPH BONNEVILLE,4,E01026389,0,-1
2023440392775,2023,440392775,1,5,0,18,19,2,6,0,0,1,0,0,0,0,1,1,6,6,1,65,9,865,1,11,TRIUMPH BONNEVILLE,8,E01017302,0,-1
2023541806523,2023,541806523,2,5,0,18,19,5,1,0,0,1,0,0,0,0,1,1,6,6,1,33,6,1200,1,1,TRIUMPH BONNEVILLE,9,E01015473,0,-1
2023122300505,2023,122300505,1,4,0,18,19,5,7,0,0,4,0,0,1,0,2,1,6,6,1,29,6,1200,1,3,-1,9,E01027894,0,-1
2023031312327,2023,031312327,2,5,0,18,19,2,6,0,0,1,2,0,0,0,1,1,5,6,2,44,7,1200,1,6,TRIUMPH BONNEVILLE,4,E01019202,0,-1
2023320501927,2023,320501927,1,4,0,13,13,2,6,0,0,1,0,0,0,0,1,1,6,6,1,56,9,1200,1,0,-1,5,E01019494,0,-1
2023501313892,2023,501313892,2,5,0,16,19,6,1,0,0,1,1,0,0,0,0,1,5,6,1,74,10,865,1,8,TRIUMPH BONNEVILLE,1,E01018841,0,-1
2023501371619,2023,501371619,2,5,0,13,13,8,4,0,0,0,2,0,0,0,4,1,5,6,1,32,6,1200,1,6,TRIUMPH BONNEVILLE,7,E01029155,0,-1
2023340NN2072,2023,340NN2072,1,5,0,18,19,6,2,0,0,0,5,0,0,0,1,1,6,6,1,81,11,1200,1,2,TRIUMPH BONNEVILLE,8,E01027332,0,-1
202360A087069,2023,60A087069,3,5,0,17,19,5,1,0,0,0,0,0,0,0,0,1,6,6,1,65,9,900,1,7,TRIUMPH BONNEVILLE,-1,-1,0,-1
2023501377724,2023,501377724,1,5,0,18,19,2,5,6,6,0,0,0,0,0,3,1,2,2,1,64,9,865,1,8,TRIUMPH BONNEVILLE,7,E01020317,0,-1
2023401374741,2023,401374741,2,5,0,18,19,1,5,0,0,1,0,0,0,0,3,1,6,6,1,73,10,900,1,6,TRIUMPH BONNEVILLE,8,E01023470,0,-1
2023010442295,2023,010442295,1,5,3,4,4,1,5,0,0,0,0,0,0,0,2,1,2,2,1,45,7,1200,1,0,TRIUMPH BONNEVILLE,4,E01017581,0,-1
2023430514151,2023,430514151,1,5,0,3,3,5,1,0,0,0,0,0,0,0,0,1,2,2,1,57,9,1200,1,0,TRIUMPH BONNEVILLE,10,E01030376,0,-1
2023320406574,2023,320406574,2,5,0,18,19,2,6,0,0,8,0,0,0,0,1,1,6,6,1,63,9,865,1,8,TRIUMPH BONNEVILLE,3,E01026025,0,-1
2023221346179,2023,221346179,2,4,0,18,19,2,6,0,0,0,0,0,0,0,1,1,5,6,2,47,8,790,1,16,-1,5,E01009211,0,-1
2023361325459,2023,361325459,1,5,0,18,19,6,2,0,0,0,1,12,0,0,1,1,5,6,1,59,9,865,1,14,TRIUMPH BONNEVILLE,6,E01015978,0,-1
2023552301295,2023,552301295,1,5,0,18,19,5,1,0,0,1,1,0,0,0,0,1,2,2,2,32,6,865,1,13,TRIUMPH BONNEVILLE,7,E01020428,0,-1
2023231346660,2023,231346660,3,5,0,4,4,4,8,0,0,8,1,0,0,0,0,1,5,6,1,71,10,865,1,15,TRIUMPH BONNEVILLE,9,E01027308,0,-1