collision_index,collision_year,collision_ref_no,vehicle_reference,vehicle_type,towing_and_articulation,vehicle_manoeuvre_historic,vehicle_manoeuvre,vehicle_direction_from,vehicle_direction_to,vehicle_location_restricted_lane_historic,vehicle_location_restricted_lane,junction_location,skidding_and_overturning,hit_object_in_carriageway,vehicle_leaving_carriageway,hit_object_off_carriageway,first_point_of_impact,vehicle_left_hand_drive,journey_purpose_of_driver_historic,journey_purpose_of_driver,sex_of_driver,age_of_driver,age_band_of_driver,engine_capacity_cc,propulsion_code,age_of_vehicle,generic_make_model,driver_imd_decile,lsoa_of_driver,escooter_flag,driver_distance_banding
2023552300775,2023,552300775,2,5,0,18,19,5,3,0,0,8,0,0,0,0,0,1,6,6,1,56,9,650,1,56,TRIUMPH BONNEVILLE,5,E01020469,0,-1
2023501371077,2023,501371077,1,4,0,18,19,5,1,0,0,0,2,0,0,0,1,1,2,2,2,22,5,865,1,9,-1,5,E01020213,0,-1
2023010446322,2023,010446322,1,5,0,99,99,9,9,99,99,9,9,99,9,99,9,1,2,2,1,33,6,1200,1,0,TRIUMPH BONNEVILLE,7,E01001280,0,-1
2023501331520,2023,501331520,2,4,0,8,8,6,2,0,0,8,0,0,0,0,2,1,5,6,1,57,9,900,1,3,-1,4,E01015241,0,-1
2023141392243,2023,141392243,2,5,0,18,19,5,1,0,0,8,5,0,0,0,3,1,5,6,1,67,10,1200,1,6,TRIUMPH BONNEVILLE,4,E01007704,0,-1
2023411358372,2023,411358372,1,4,0,18,19,3,7,0,0,0,1,11,0,0,1,1,5,6,1,66,10,1200,1,7,-1,7,E01023719,0,-1
2023430259117,2023,430259117,1,5,0,14,14,2,6,0,0,2,0,0,0,0,4,1,2,2,1,55,8,1200,1,4,TRIUMPH BONNEVILLE,10,E01016622,0,-1
2023351316394,2023,351316394,2,5,0,18,19,1,5,0,0,0,1,0,0,0,3,1,5,6,1,59,9,865,1,18,TRIUMPH BONNEVILLE,3,E01021850,0,-1
2023340NN2922,2023,340NN2922,2,5,0,18,19,5,1,0,0,8,5,0,0,0,4,1,6,6,1,66,10,1200,1,6,TRIUMPH BONNEVILLE,8,E01027089,0,-1
2023211316613,2023,211316613,2,5,0,13,13,6,1,0,0,1,1,0,0,0,1,1,6,6,2,38,7,1200,1,1,TRIUMPH BONNEVILLE,4,E01007354,0,-1
2023622300208,2023,622300208,2,5,0,5,5,8,4,0,0,1,0,0,0,0,1,1,6,6,1,25,5,900,1,4,TRIUMPH BONNEVILLE,7,W01001228,0,-1
2023161314794,2023,161314794,1,5,0,5,5,1,5,0,0,8,1,0,0,0,1,1,6,6,1,30,6,865,1,10,TRIUMPH BONNEVILLE,5,E01012902,0,-1
2023440058834,2023,440058834,1,5,0,5,5,5,1,0,0,4,0,0,0,0,0,1,2,2,1,29,6,865,1,10,TRIUMPH BONNEVILLE,-1,-1,0,-1
2023430227351,2023,430227351,2,5,0,18,19,5,1,0,0,8,0,0,0,0,1,1,6,6,1,64,9,865,1,7,TRIUMPH BONNEVILLE,9,E01016682,0,-1
2023451265676,2023,451265676,2,5,0,18,19,5,1,0,0,1,0,0,0,0,4,1,5,6,1,55,8,1200,1,2,TRIUMPH BONNEVILLE,10,E01030382,0,-1
2023552300139,2023,552300139,2,5,0,18,19,2,6,0,0,0,1,0,0,0,1,1,6,6,1,63,9,1200,1,1,TRIUMPH BONNEVILLE,10,E01020423,0,-1
2023351360234,2023,351360234,2,5,0,3,3,3,6,0,0,8,0,0,0,0,2,1,5,6,1,63,9,900,1,6,TRIUMPH BONNEVILLE,5,E01024774,0,-1
2023010443817,2023,010443817,1,5,0,7,7,5,6,0,0,5,0,0,0,0,1,1,2,2,1,63,9,1200,1,0,TRIUMPH BONNEVILLE,9,E01030844,0,-1
2023320628172,2023,320628172,2,5,0,10,10,6,4,0,0,5,0,0,0,0,2,1,2,2,1,64,9,1200,1,6,TRIUMPH BONNEVILLE,6,E01026020,0,-1
2023221367364,2023,221367364,2,5,0,18,19,4,8,0,0,8,0,0,0,0,4,1,5,6,1,38,7,1200,1,5,TRIUMPH BONNEVILLE,6,E01014006,0,-1
2023131377333,2023,131377333,2,5,0,18,19,5,1,0,0,1,0,0,0,0,3,1,5,6,1,66,10,865,1,14,TRIUMPH BONNEVILLE,3,E01010867,0,-1
2023122300753,2023,122300753,1,5,0,9,9,1,7,0,0,0,0,0,1,0,3,1,6,6,1,70,10,1200,1,0,TRIUMPH BONNEVILLE,10,E01013043,0,-1
2023302301550,2023,302301550,1,5,0,18,19,6,2,0,0,1,0,0,0,0,1,1,6,6,1,49,8,900,1,6,TRIUMPH BONNEVILLE,3,E01019468,0,-1
2023440274357,2023,440274357,1,5,0,17,19,6,3,0,0,0,1,10,1,1,1,1,6,6,1,41,7,1200,1,0,TRIUMPH BONNEVILLE,10,E01022720,0,-1
2023010471359,2023,010471359,1,5,0,99,99,9,9,99,99,9,9,99,9,99,9,1,6,6,1,69,10,1200,1,0,TRIUMPH BONNEVILLE,7,E01003815,0,-1
2023451378563,2023,451378563,2,5,0,18,19,3,7,0,0,0,1,0,0,0,1,1,2,2,1,53,8,1200,1,7,TRIUMPH BONNEVILLE,10,E01030680,0,-1
2023522301493,2023,522301493,1,5,0,4,4,7,8,0,0,1,0,0,0,0,1,1,6,6,1,69,10,900,1,5,TRIUMPH BONNEVILLE,7,E01014770,0,-1
2023041396632,2023,041396632,1,5,0,18,19,1,7,0,0,1,0,0,0,0,4,1,6,6,1,60,9,865,1,9,TRIUMPH BONNEVILLE,3,E01024883,0,-1
2023991329992,2023,991329992,2,5,0,16,19,5,8,0,0,0,1,0,0,0,4,1,5,6,1,63,9,865,1,9,TRIUMPH BONNEVILLE,8,-1,0,-1
2023332300682,2023,332300682,2,5,0,18,19,1,5,0,0,0,0,0,0,0,1,1,6,6,2,48,8,790,1,19,TRIUMPH BONNEVILLE,7,E01025618,0,-1
2023041314439,2023,041314439,1,5,0,17,19,3,7,0,0,1,0,0,0,0,1,1,5,6,1,24,5,1200,1,6,TRIUMPH BONNEVILLE,4,E01025394,0,-1
2023010457982,2023,010457982,1,5,0,99,99,9,9,99,99,9,9,99,9,99,9,1,6,6,1,55,8,865,1,7,TRIUMPH BONNEVILLE,7,E01001314,0,-1
2023471290413,2023,471290413,2,5,0,4,4,4,7,0,0,0,0,0,0,0,2,1,5,6,2,61,9,900,1,7,TRIUMPH BONNEVILLE,6,E01021213,0,-1
2023471358052,2023,471358052,2,5,0,13,13,8,3,0,0,1,0,0,0,0,1,1,5,6,1,65,9,865,1,13,TRIUMPH BONNEVILLE,6,E01030524,0,-1
2023552300163,2023,552300163,1,5,0,18,19,6,2,0,0,0,1,0,0,0,3,1,1,1,1,57,9,865,1,11,TRIUMPH BONNEVILLE,6,E01020533,0,-1
2023031351435,2023,031351435,2,5,0,18,19,8,4,0,0,1,0,0,1,10,3,1,2,2,1,64,9,900,1,1,TRIUMPH BONNEVILLE,5,E01019264,0,-1
2023421351351,2023,421351351,1,5,0,18,19,2,6,0,0,0,2,0,0,0,3,1,5,6,1,22,5,865,1,12,TRIUMPH BONNEVILLE,8,E01023446,0,-1
2023131318307,2023,131318307,1,5,0,18,19,6,2,0,0,1,0,0,0,0,1,1,5,6,1,56,9,1700,1,6,TRIUMPH THUNDERBIRD,4,E01010741,0,-1
2023361284474,2023,361284474,1,5,0,4,4,6,1,0,0,4,1,0,0,0,3,1,5,6,1,59,9,1700,1,6,TRIUMPH THUNDERBIRD,3,E01029954,0,-1
2023122301361,2023,122301361,1,5,0,18,19,6,2,0,0,0,1,0,0,0,4,1,1,1,1,42,7,1700,1,12,TRIUMPH THUNDERBIRD,6,E01027868,0,-1
2023991316328,2023,991316328,1,5,0,18,19,5,7,0,0,0,0,0,0,0,3,1,5,6,1,62,9,885,1,28,TRIUMPH THUNDERBIRD,-1,-1,0,-1
2023131301761,2023,131301761,2,5,0,18,19,2,7,0,0,1,1,0,0,0,1,1,6,6,1,56,9,885,1,21,TRIUMPH THUNDERBIRD,3,E01011761,0,-1
2023332300818,2023,332300818,2,5,0,18,19,4,8,0,0,8,1,0,0,0,1,1,6,6,1,64,9,1700,1,12,TRIUMPH THUNDERBIRD,4,E01015918,0,-1
2023041281670,2023,041281670,2,5,0,18,19,1,1,0,0,1,5,0,0,0,1,1,5,6,1,42,7,1600,1,12,TRIUMPH THUNDERBIRD,3,E01025210,0,-1
2023520301526,2023,520301526,1,5,0,18,19,5,1,0,0,0,0,0,0,0,1,1,6,6,1,50,8,1700,1,10,TRIUMPH THUNDERBIRD,4,E01020131,0,-1
2023031308616,2023,031308616,1,5,0,18,19,3,7,0,0,0,0,0,0,0,1,1,6,6,1,60,9,1700,1,12,TRIUMPH THUNDERBIRD,4,E01019202,0,-1
2023161295673,2023,161295673,1,5,0,18,19,4,8,0,0,1,1,10,0,0,3,1,5,6,1,58,9,1600,1,12,TRIUMPH THUNDERBIRD,1,E01013210,0,-1
2023041298596,2023,041298596,2,5,0,18,19,1,5,0,0,0,5,0,0,0,1,1,5,6,1,60,9,1700,1,9,TRIUMPH THUNDERBIRD,8,E01027713,0,-1
2023451316116,2023,451316116,1,5,0,18,19,5,5,0,0,0,1,0,0,0,4,1,1,1,1,31,6,885,1,26,TRIUMPH THUNDERBIRD,9,E01022874,0,-1
2023031304711,2023,031304711,2,5,0,18,19,7,3,0,0,3,0,0,0,0,1,1,5,6,1,53,8,1700,1,9,TRIUMPH THUNDERBIRD,6,E01022335,0,-1
2023411308824,2023,411308824,2,19,-1,-1,-1,-1,-1,-1,-1,0,-1,-1,-1,0,-1,1,1,1,1,29,6,1686,2,21,-1,8,E01033028,0,-1
2023320292500,2023,320292500,1,9,0,18,19,6,2,0,0,8,0,0,0,0,4,1,6,6,1,28,6,-1,-1,-1,-1,1,E01026150,0,-1
2023010433030,2023,010433030,2,9,0,99,99,9,9,99,99,0,9,99,9,99,1,9,6,6,3,-1,-1,-1,-1,-1,-1,-1,-1,0,-1
2023421340231,2023,421340231,1,9,0,18,19,4,8,0,0,0,0,0,1,0,1,1,5,6,1,57,9,-1,-1,-1,-1,6,E01021656,0,-1
2023421355581,2023,421355581,1,9,0,18,19,1,5,0,0,1,0,0,0,0,1,1,6,6,2,58,9,-1,-1,-1,-1,8,E01021405,0,-1
2023471393039,2023,471393039,2,19,0,8,8,3,7,0,0,1,0,0,0,0,2,1,5,6,1,35,6,1248,2,19,-1,9,E01021190,0,-1
2023361349229,2023,361349229,2,3,0,18,19,3,7,0,0,0,2,0,0,0,1,1,5,6,1,46,8,124,1,4,-1,4,E01026859,0,-1
2023401306107,2023,401306107,1,9,0,18,19,4,8,0,0,4,5,9,1,4,1,1,6,6,3,-1,-1,2995,1,6,AUDI S5,-1,-1,0,-1
2023430448525,2023,430448525,1,9,0,13,13,2,6,0,0,0,0,0,0,0,4,1,3,7,2,-1,-1,2995,1,5,AUDI S5,7,E01017464,0,-1
2023471318001,2023,471318001,1,9,0,9,9,3,1,0,0,0,0,0,0,0,1,1,2,2,1,47,8,4163,1,15,AUDI S5,10,E01031773,0,-1
2023361299098,2023,361299098,2,9,0,4,4,1,5,0,0,0,0,0,0,0,2,1,5,6,1,60,9,2967,2,0,AUDI S5,6,E01032222,0,-1
2023201311405,2023,201311405,2,9,0,18,19,1,5,0,0,8,0,0,0,0,3,1,5,6,1,25,5,2995,1,5,AUDI S5,9,E01009557,0,-1
2023311312358,2023,311312358,1,9,0,18,19,7,3,0,0,0,1,0,6,1,2,1,5,6,1,36,7,2995,1,11,AUDI S5,3,E01013874,0,-1
2023320739491,2023,320739491,2,9,0,18,19,8,4,0,0,8,0,0,0,0,3,1,6,6,2,47,8,2995,1,8,AUDI S5,8,E01026138,0,-1
2023544982823,2023,544982823,1,9,0,13,13,1,5,0,0,0,0,0,0,0,3,1,6,6,1,69,10,2967,2,2,AUDI S5,6,E01022210,0,-1
2023010469092,2023,010469092,1,9,0,18,19,3,7,0,0,1,0,0,0,0,1,1,6,6,3,-1,-1,2995,1,6,AUDI S5,-1,-1,0,-1
2023461353791,2023,461353791,1,9,0,15,15,3,7,0,0,0,0,0,0,0,1,1,6,6,1,37,7,2995,1,9,AUDI S5,1,E01024710,0,-1
2023010460617,2023,010460617,2,9,0,9,9,3,1,0,0,5,0,0,0,0,3,1,6,6,1,33,6,2995,1,7,AUDI S5,7,E01001411,0,-1
2023520300492,2023,520300492,2,9,0,7,7,3,5,0,0,6,0,0,0,0,1,1,6,6,1,100,11,4163,1,15,AUDI S5,-1,-1,0,-1
2023010484851,2023,010484851,2,9,0,18,19,1,5,0,0,0,0,0,0,0,1,1,6,6,3,33,6,4163,1,16,AUDI S5,-1,-1,0,-1
2023201390781,2023,201390781,2,9,0,18,19,8,4,0,0,8,0,0,0,0,1,1,6,6,1,27,6,4163,1,16,AUDI S5,1,E01010046,0,-1
2023351309162,2023,351309162,5,9,0,18,19,3,7,0,0,0,0,0,0,0,1,1,6,6,1,45,7,2995,1,7,AUDI S5,10,E01018256,0,-1
2023548806923,2023,548806923,1,9,0,13,13,7,3,0,0,0,2,0,0,0,1,1,6,6,2,35,6,2995,1,5,AUDI S5,9,E01032207,0,-1
2023041334744,2023,041334744,1,9,0,18,19,5,1,0,0,0,0,0,0,0,1,1,5,6,2,17,4,2995,1,13,AUDI S5,9,E01025364,0,-1
2023421374430,2023,421374430,1,9,0,1,1,1,5,0,0,0,0,0,0,0,2,1,6,6,1,34,6,2995,1,6,AUDI S5,-1,-1,0,-1
2023010419393,2023,010419393,1,9,0,18,19,3,7,0,0,2,0,4,0,0,1,1,6,6,3,-1,-1,2995,1,6,AUDI S5,-1,-1,0,-1
2023010423734,2023,010423734,1,9,0,18,19,4,8,0,0,0,0,10,2,11,1,1,6,6,2,32,6,2995,1,6,AUDI S5,-1,-1,0,-1
2023101311782,2023,101311782,2,9,0,5,5,5,1,0,0,2,0,0,0,0,3,1,5,6,2,35,6,2995,1,10,AUDI S5,3,E01008576,0,-1
2023401368465,2023,401368465,1,9,-1,-1,-1,-1,-1,-1,-1,0,-1,-1,-1,0,-1,1,6,6,3,-1,-1,4163,1,16,AUDI S5,-1,-1,0,-1
2023451271679,2023,451271679,1,9,0,17,19,5,1,0,0,1,0,0,0,0,3,1,5,6,1,71,10,2967,2,1,AUDI S5,10,E01022856,0,-1
2023451391651,2023,451391651,1,9,0,18,19,1,5,0,0,0,0,0,0,0,1,1,5,6,1,42,7,2995,1,7,AUDI S5,10,E01030533,0,-1
2023340WN3062,2023,340WN3062,1,9,0,18,19,3,7,0,0,8,0,0,0,0,4,1,6,6,1,39,7,2995,1,8,AUDI S5,10,E01017407,0,-1
2023010481445,2023,010481445,1,9,0,13,13,1,5,0,0,0,1,6,0,0,1,1,6,6,1,48,8,2995,1,6,AUDI S5,2,E01001219,0,-1
2023041309801,2023,041309801,1,9,0,16,19,8,4,0,0,6,0,0,0,0,1,1,6,6,3,-1,-1,2995,1,6,AUDI S5,-1,-1,0,-1
2023201410691,2023,201410691,1,9,0,3,3,6,2,0,0,1,0,0,0,0,2,1,1,1,1,34,6,2995,1,6,AUDI S5,6,E01009183,0,-1
2023231320887,2023,231320887,1,9,0,18,19,4,8,0,0,0,0,0,0,0,1,1,2,2,1,58,9,2967,2,3,AUDI S5,6,E01031178,0,-1
2023010468486,2023,010468486,1,9,0,3,3,5,1,9,9,0,0,0,0,0,1,1,6,6,1,25,5,2967,2,3,AUDI S5,2,E01003553,0,-1
2023010462426,2023,010462426,1,9,0,99,99,9,9,99,99,9,9,99,9,99,9,9,6,6,1,30,6,2995,1,6,AUDI S5,2,E01003600,0,-1
2023461291609,2023,461291609,1,9,0,17,19,1,5,0,0,0,1,4,1,0,1,1,5,6,1,23,5,2995,1,6,AUDI S5,6,E01024432,0,-1
2023361304893,2023,361304893,2,9,0,10,10,8,5,0,0,5,0,0,0,0,4,1,5,6,2,59,9,2995,1,5,AUDI S5,7,E01026608,0,-1
2023440259164,2023,440259164,1,9,0,18,19,3,7,0,0,0,2,0,1,4,1,1,6,6,1,28,6,2995,1,4,AUDI S5,3,E01002540,0,-1
2023010459933,2023,010459933,1,9,0,99,99,9,9,99,99,9,9,99,9,99,9,9,2,2,1,52,8,2995,1,5,AUDI S5,6,E01003665,0,-1
2023161351441,2023,161351441,1,9,0,18,19,7,3,0,0,0,0,0,1,4,1,1,5,6,1,30,6,2995,1,13,AUDI S5,7,E01013100,0,-1
2023010482461,2023,010482461,1,9,0,5,5,5,1,0,0,8,0,0,0,0,3,1,6,6,1,20,4,2995,1,5,AUDI S5,-1,-1,0,-1
2023411367734,2023,411367734,1,9,0,18,19,7,3,0,0,0,0,0,0,0,1,1,1,1,1,24,5,2995,1,9,AUDI S5,10,E01017771,0,-1
2023010434356,2023,010434356,1,9,0,18,19,7,3,0,0,0,0,4,0,0,1,2,6,6,1,21,5,2995,1,10,AUDI S5,2,E01001698,0,-1
2023010448906,2023,010448906,2,9,0,99,99,9,9,99,99,9,9,99,9,99,9,9,6,6,3,50,8,2995,1,6,AUDI S5,2,E01003256,0,-1
2023010445664,2023,010445664,2,9,0,99,99,9,9,99,99,0,9,99,9,99,9,1,6,6,3,-1,-1,4163,1,15,AUDI S5,2,E01002097,0,-1
2023471379217,2023,471379217,2,9,0,18,19,3,7,0,0,0,1,0,1,4,1,1,6,6,1,47,8,2995,1,9,AUDI S5,-1,-1,0,-1
2023471291864,2023,471291864,2,9,0,18,19,1,5,0,0,1,0,0,0,0,1,1,5,6,1,26,6,2995,1,5,AUDI S5,5,E01020967,0,-1
2023221349080,2023,221349080,1,9,0,10,10,6,3,0,0,8,0,0,0,0,2,1,5,6,1,43,7,4163,1,16,AUDI S5,7,E01031212,0,-1
2023201312679,2023,201312679,2,9,0,9,9,8,6,0,0,1,0,0,0,0,1,1,6,6,1,42,7,2995,1,6,AUDI S5,8,E01009668,0,-1
2023061272646,2023,061272646,2,9,0,3,3,2,6,0,0,1,0,0,0,0,4,1,5,6,1,31,6,2995,1,6,AUDI S5,4,E01029797,0,-1
2023340WN5262,2023,340WN5262,3,9,0,18,19,8,4,0,0,1,0,0,0,0,3,1,2,2,1,50,8,2967,2,3,AUDI S5,6,E01032968,0,-1
2023622300759,2023,622300759,1,3,0,18,19,6,2,0,0,1,0,0,1,11,1,1,6,6,1,41,7,600,1,1,-1,3,W01000928,0,-1
2023122301111,2023,122301111,1,5,0,18,19,3,7,0,0,0,1,0,0,0,0,1,6,6,1,75,10,600,1,2,-1,8,E01027591,0,-1
2023122301130,2023,122301130,2,5,0,3,3,7,3,0,0,0,0,0,0,0,1,1,6,6,1,69,10,600,1,0,-1,9,E01013438,0,-1
2023471335418,2023,471335418,1,9,0,18,19,3,7,0,0,2,1,7,8,11,3,2,5,6,1,58,9,5735,1,45,-1,6,E01031362,0,-1
202354A810823,2023,54A810823,3,9,0,18,19,2,6,0,0,1,0,0,1,0,4,2,2,2,1,56,9,5700,1,47,-1,5,E01015516,0,-1
2023010421709,2023,010421709,2,3,0,99,99,9,9,99,99,9,9,99,9,99,1,1,6,6,3,-1,-1,-1,-1,-1,-1,-1,-1,0,-1
202360A188298,2023,60A188298,1,2,0,18,19,3,7,0,0,0,2,0,0,0,0,1,1,1,2,17,4,-1,3,1,-1,-1,-1,0,-1
2023131289208,2023,131289208,1,5,0,18,19,8,4,0,0,1,5,0,0,0,1,1,5,6,1,15,3,1084,1,23,-1,2,E01010682,0,-1
2023311301707,2023,311301707,2,5,0,18,19,2,6,0,0,0,0,0,0,0,1,1,2,2,1,48,8,1084,1,23,-1,6,E01013887,0,-1
2023461366265,2023,461366265,2,3,0,18,19,5,1,0,0,1,0,0,0,0,1,1,6,6,1,49,8,1084,1,24,-1,4,E01024219,0,-1
2023141355496,2023,141355496,1,5,0,5,5,5,1,0,0,4,5,0,0,0,1,1,5,6,1,54,8,1084,1,22,-1,2,E01008089,0,-1
2023430251573,2023,430251573,1,5,0,18,19,6,2,0,0,0,1,11,1,2,1,1,6,6,1,51,8,1099,1,32,-1,5,E01028636,0,-1
2023552400168,2023,552400168,1,3,0,16,19,4,7,0,0,0,0,0,7,0,1,1,6,6,1,30,6,124,1,30,-1,6,E01020493,0,-1
2023311355948,2023,311355948,1,4,0,18,19,7,3,0,0,0,0,0,0,0,1,1,5,6,1,40,7,249,1,0,KTM EXC,3,E01028296,0,-1
2023041317163,2023,041317163,1,5,0,18,19,3,7,0,0,0,0,0,0,0,1,1,5,6,1,55,8,510,1,4,-1,6,E01025486,0,-1
2023411370513,2023,411370513,2,2,0,15,15,5,1,0,0,8,2,0,7,0,1,1,5,6,1,21,5,450,1,6,-1,6,E01023322,0,-1
2023201288453,2023,201288453,1,4,0,18,19,8,4,0,0,0,0,0,0,0,1,1,6,6,3,-1,-1,350,1,10,KTM EXC,-1,-1,0,-1
2023131312410,2023,131312410,2,4,0,18,19,1,5,0,0,1,2,0,0,0,1,1,6,6,1,49,8,400,1,18,KTM EXC,1,E01011667,0,-1
2023440473576,2023,440473576,2,3,0,18,19,8,4,0,0,1,0,0,0,0,1,1,6,6,1,21,5,124,1,15,-1,1,E01017036,0,-1
2023311305031,2023,311305031,1,4,0,18,19,3,7,0,0,1,2,10,0,0,1,1,5,6,1,21,5,249,1,3,KTM EXC,10,E01028199,0,-1
2023351333981,2023,351333981,1,5,0,18,19,1,5,0,0,0,0,0,0,0,0,1,6,6,1,30,6,520,1,18,-1,4,E01018077,0,-1
2023302301413,2023,302301413,1,4,0,18,19,6,2,0,0,1,1,0,0,0,1,1,6,6,1,43,7,293,1,4,KTM EXC,7,E01011637,0,-1
2023501334649,2023,501334649,1,4,0,18,19,1,5,0,0,0,0,11,0,0,1,1,5,6,1,55,8,293,1,4,KTM EXC,8,E01019970,0,-1
2023131375826,2023,131375826,1,4,0,16,19,7,7,0,0,1,2,0,0,0,3,1,5,6,1,60,9,450,1,0,KTM EXC,7,E01011159,0,-1
2023111275232,2023,111275232,1,4,0,18,19,2,6,0,0,8,0,0,0,0,1,1,6,6,1,27,6,350,1,3,KTM EXC,3,E01012307,0,-1
2023451370933,2023,451370933,2,3,0,18,19,1,5,0,0,8,5,0,0,0,1,1,5,6,1,43,7,125,1,21,-1,9,E01030978,0,-1
2023061377040,2023,061377040,2,3,0,18,19,7,3,0,0,1,0,0,0,0,1,1,1,1,1,25,5,125,1,8,-1,-1,-1,0,-1
2023101293807,2023,101293807,1,3,0,14,14,1,5,0,0,1,0,0,7,0,1,1,5,6,1,23,5,125,1,8,-1,1,E01027539,0,-1
2023520400116,2023,520400116,2,4,0,18,19,5,1,0,0,0,0,0,7,0,1,1,6,6,1,25,5,250,1,19,KTM EXC,3,E01029291,0,-1
2023991343229,2023,991343229,1,4,0,13,13,3,7,0,0,1,1,0,0,0,1,1,6,6,1,26,6,450,1,0,KTM EXC,2,-1,0,-1
2023991365799,2023,991365799,2,4,0,18,19,7,3,0,0,1,0,0,0,0,2,1,6,6,1,24,5,250,1,3,KTM EXC,1,-1,0,-1
2023010464677,2023,010464677,1,3,0,13,13,1,5,0,0,0,0,0,0,0,1,1,2,2,1,18,4,125,1,24,-1,3,E01016012,0,-1
2023531373082,2023,531373082,1,97,0,18,19,5,1,0,0,1,1,0,0,0,1,1,5,6,1,26,6,510,1,1,-1,6,E01022236,0,-1
2023201330910,2023,201330910,1,4,0,15,15,2,8,0,0,5,0,0,0,0,3,1,6,6,1,35,6,250,1,2,KTM EXC,1,E01009103,0,-1
2023991275412,2023,991275412,1,4,0,18,19,1,5,0,0,0,0,11,0,0,1,1,6,6,1,22,5,293,1,3,KTM EXC,8,-1,0,-1
2023122301179,2023,122301179,2,4,0,18,19,3,7,0,0,8,0,0,0,0,1,1,6,6,1,40,7,450,1,5,KTM EXC,1,E01011029,0,-1
2023440137382,2023,440137382,1,4,0,18,19,3,7,0,0,0,0,0,0,0,0,1,6,6,1,31,6,350,1,3,KTM EXC,8,E01022935,0,-1
2023311286670,2023,311286670,1,4,0,18,19,3,7,9,9,0,5,0,0,0,3,1,6,6,1,24,5,293,1,3,KTM EXC,1,E01028256,0,-1
2023010449587,2023,010449587,1,4,0,18,19,1,5,0,0,5,1,4,0,0,1,1,6,6,1,28,6,350,1,7,KTM EXC,2,E01033737,0,-1
2023421263491,2023,421263491,1,4,0,7,7,7,3,0,0,0,1,0,0,0,1,1,6,6,1,29,6,293,1,1,KTM EXC,8,E01021944,0,-1
2023440050755,2023,440050755,1,4,0,18,19,4,8,0,0,0,0,0,0,0,3,1,6,6,1,21,5,293,1,9,KTM EXC,9,E01022699,0,-1
2023041342681,2023,041342681,1,3,0,18,19,5,1,0,0,1,0,0,0,0,1,1,1,1,1,28,6,125,1,6,-1,3,E01012691,0,-1
2023041297584,2023,041297584,1,4,0,18,19,3,7,0,0,0,5,0,0,0,1,1,5,6,1,25,5,450,1,4,KTM EXC,9,E01025491,0,-1
2023061298144,2023,061298144,1,4,0,18,19,5,1,0,0,0,0,0,8,0,1,1,5,6,1,29,6,293,1,7,KTM EXC,1,E01006288,0,-1
2023052302717,2023,052302717,2,4,0,18,19,5,1,0,0,0,0,0,0,0,1,1,6,6,1,27,6,125,1,8,KTM EXC,3,E01007020,0,-1
2023302300747,2023,302300747,2,19,0,5,5,1,5,0,0,0,0,0,0,0,3,1,6,6,1,52,8,2400,2,18,-1,3,E01032896,0,-1
2023320529532,2023,320529532,2,9,0,2,2,0,0,0,0,0,0,0,0,0,2,1,6,6,1,36,7,1845,1,28,-1,4,E01029171,0,-1
2023302300346,2023,302300346,1,9,0,9,9,8,5,0,0,8,0,0,0,0,1,1,6,6,1,31,6,1845,1,26,-1,1,E01019527,0,-1
2023991335448,2023,991335448,2,5,0,13,13,7,2,0,0,8,0,0,0,0,1,1,6,6,1,60,9,798,1,5,-1,7,-1,0,-1
2023332300372,2023,332300372,2,5,0,15,15,3,7,0,0,8,0,0,0,0,1,1,6,6,1,30,6,675,1,3,-1,2,E01013639,0,-1
2023471351059,2023,471351059,2,2,0,18,19,5,1,0,0,1,0,0,0,0,1,1,6,6,2,57,9,49,1,5,-1,8,E01031542,0,-1
2023010429470,2023,010429470,2,9,0,99,99,9,9,99,99,9,9,99,9,99,9,9,6,6,3,-1,-1,4806,1,9,PORSCHE PANAMERA,4,E01000561,0,-1
2023010445123,2023,010445123,4,9,0,14,14,6,2,0,0,0,0,0,0,0,1,1,6,6,1,31,6,2894,8,5,PORSCHE PANAMERA,3,E01001999,0,-1
2023231275557,2023,231275557,1,9,0,9,9,2,8,0,0,5,0,0,0,0,1,1,6,6,1,50,8,2995,8,8,PORSCHE PANAMERA,10,E01010181,0,-1
2023010459935,2023,010459935,4,9,0,2,2,0,0,0,0,1,0,0,0,0,1,1,6,6,3,-1,-1,2967,2,8,PORSCHE PANAMERA,-1,-1,0,-1
2023320695156,2023,320695156,1,9,0,18,19,2,6,0,0,0,0,0,0,0,1,2,3,7,1,51,8,4806,1,8,PORSCHE PANAMERA,6,E01026316,0,-1
2023101374606,2023,101374606,1,9,0,18,19,4,8,0,0,0,1,10,1,0,1,1,6,6,1,40,7,2967,2,10,PORSCHE PANAMERA,8,E01027425,0,-1
2023481409665,2023,481409665,1,9,0,18,19,3,7,0,0,0,0,0,0,0,1,1,5,6,2,29,6,3996,1,4,PORSCHE PANAMERA,-1,-1,0,-1
2023320495897,2023,320495897,2,9,0,18,19,7,3,0,0,0,0,0,0,0,1,1,6,6,1,65,9,3996,1,6,PORSCHE PANAMERA,10,E01026352,0,-1