collision_index,collision_year,collision_ref_no,vehicle_reference,vehicle_type,towing_and_articulation,vehicle_manoeuvre_historic,vehicle_manoeuvre,vehicle_direction_from,vehicle_direction_to,vehicle_location_restricted_lane_historic,vehicle_location_restricted_lane,junction_location,skidding_and_overturning,hit_object_in_carriageway,vehicle_leaving_carriageway,hit_object_off_carriageway,first_point_of_impact,vehicle_left_hand_drive,journey_purpose_of_driver_historic,journey_purpose_of_driver,sex_of_driver,age_of_driver,age_band_of_driver,engine_capacity_cc,propulsion_code,age_of_vehicle,generic_make_model,driver_imd_decile,lsoa_of_driver,escooter_flag,driver_distance_banding
2023101372369,2023,101372369,1,9,0,18,19,7,3,0,0,4,0,0,0,0,3,1,5,6,1,63,9,3996,1,6,PORSCHE PANAMERA,10,E01027513,0,-1
2023461348761,2023,461348761,3,9,0,10,10,2,6,0,0,0,0,0,0,0,3,1,5,6,2,47,8,2967,2,11,PORSCHE PANAMERA,3,E01024548,0,-1
2023471264084,2023,471264084,1,9,0,18,19,3,7,0,0,0,0,4,0,0,3,1,5,6,1,31,6,3956,2,7,PORSCHE PANAMERA,10,E01022763,0,-1
2023451297597,2023,451297597,3,9,0,7,7,3,7,0,0,1,0,0,0,0,0,1,5,6,2,50,8,2967,2,8,PORSCHE PANAMERA,8,E01030478,0,-1
2023361268656,2023,361268656,1,9,0,9,9,7,5,0,0,8,0,0,0,0,1,1,6,6,1,34,6,3996,1,4,PORSCHE PANAMERA,5,E01033539,0,-1
2023010432948,2023,010432948,1,9,0,18,19,4,8,0,0,0,0,0,0,0,4,1,6,6,1,50,8,2894,1,5,PORSCHE PANAMERA,7,E01004597,0,-1
2023010428602,2023,010428602,2,9,0,99,99,9,9,99,99,9,9,99,9,99,3,9,6,6,3,51,8,2894,8,6,PORSCHE PANAMERA,4,E01001187,0,-1
2023622400005,2023,622400005,4,9,0,18,19,2,6,0,0,0,0,0,0,0,2,1,6,6,1,63,9,2995,8,8,PORSCHE PANAMERA,6,W01000779,0,-1
2023421389398,2023,421389398,4,9,0,4,4,0,0,0,0,0,0,0,0,0,3,1,6,6,3,-1,-1,2894,8,1,PORSCHE PANAMERA,-1,-1,0,-1
2023052300584,2023,052300584,1,9,0,18,19,1,5,0,0,0,0,0,0,0,1,1,2,2,1,37,7,2967,2,11,PORSCHE PANAMERA,2,E01006482,0,-1
2023010469889,2023,010469889,1,9,0,18,19,3,7,0,0,1,0,0,0,0,3,1,2,2,1,39,7,2894,8,6,PORSCHE PANAMERA,6,E01000486,0,-1
2023010449567,2023,010449567,3,9,0,2,2,0,0,0,0,2,0,0,0,0,0,1,6,6,3,-1,-1,2894,8,1,PORSCHE PANAMERA,-1,-1,0,-1
2023430374487,2023,430374487,1,5,0,18,19,3,7,0,0,1,0,0,0,0,1,1,6,6,1,20,4,660,1,1,TRIUMPH TIGER,-1,-1,0,-1
2023520000552,2023,520000552,1,5,0,13,13,5,1,0,0,0,0,0,8,10,3,1,6,6,2,76,11,800,1,6,TRIUMPH TIGER,4,E01014433,0,-1
2023501361530,2023,501361530,2,5,0,4,4,8,4,0,0,0,0,0,0,0,1,1,6,6,1,68,10,800,1,12,TRIUMPH TIGER,9,E01020215,0,-1
2023522400094,2023,522400094,1,5,0,18,19,5,1,0,0,2,0,0,0,0,1,1,6,6,1,43,7,888,1,3,TRIUMPH TIGER,3,E01014682,0,-1
2023531325379,2023,531325379,2,5,0,18,19,7,3,0,0,0,0,0,0,0,4,1,1,1,1,41,7,888,1,2,TRIUMPH TIGER,10,E01022118,0,-1
2023430229636,2023,430229636,1,4,0,9,9,2,8,0,0,8,0,0,0,0,3,1,6,6,1,60,9,800,1,10,-1,-1,-1,0,-1
2023041387810,2023,041387810,2,5,0,18,19,7,3,0,0,0,0,0,0,0,4,1,1,1,1,30,6,888,1,1,TRIUMPH TIGER,2,E01025070,0,-1
2023522300766,2023,522300766,1,5,0,3,3,7,3,0,0,1,0,0,0,0,2,1,6,6,1,50,8,1215,1,10,TRIUMPH TIGER,9,E01014862,0,-1
2023340NN2712,2023,340NN2712,2,5,0,11,11,1,5,0,0,3,5,0,1,0,4,1,6,6,1,44,7,888,1,2,TRIUMPH TIGER,4,E01027056,0,-1
2023421345848,2023,421345848,1,5,0,18,19,5,1,0,0,1,0,0,0,0,1,1,6,6,1,36,7,1050,1,16,TRIUMPH TIGER,6,E01015950,0,-1
2023440375668,2023,440375668,1,5,0,18,19,3,7,0,0,8,0,0,0,0,3,1,6,6,1,72,10,1050,1,15,TRIUMPH TIGER,8,E01031543,0,-1
2023440436612,2023,440436612,2,4,0,18,19,8,4,0,0,1,1,0,0,0,1,1,2,2,1,59,9,800,1,12,-1,4,E01022484,0,-1
2023501367110,2023,501367110,1,5,0,18,19,5,1,0,0,1,1,0,0,0,1,1,6,6,1,59,9,800,1,12,TRIUMPH TIGER,4,E01020184,0,-1
2023531278466,2023,531278466,1,5,0,14,14,7,3,0,0,8,0,0,0,0,4,1,5,6,1,31,6,800,1,12,TRIUMPH TIGER,10,E01017930,0,-1
2023991318192,2023,991318192,1,5,0,17,19,3,7,0,0,0,1,0,0,0,3,1,5,6,1,50,8,1215,1,3,TRIUMPH TIGER,-1,-1,0,-1
2023522300999,2023,522300999,1,5,0,2,2,0,0,0,0,0,0,0,0,0,1,1,6,6,1,29,6,800,1,9,TRIUMPH TIGER,8,E01014693,0,-1
2023520300562,2023,520300562,1,5,0,16,19,3,7,0,0,0,0,0,7,10,3,1,6,6,1,61,9,1160,1,1,TRIUMPH TIGER,4,E01029337,0,-1
2023411342802,2023,411342802,1,5,0,12,12,8,4,0,0,1,0,10,1,10,3,1,5,6,1,37,7,888,1,1,TRIUMPH TIGER,5,E01002143,0,-1
2023430364910,2023,430364910,1,5,0,16,19,2,5,0,0,0,0,0,0,0,1,1,6,6,1,53,8,800,1,8,TRIUMPH TIGER,5,E01016599,0,-1
2023311381798,2023,311381798,1,5,0,18,19,1,5,0,0,0,5,0,0,0,1,1,6,6,1,54,8,1215,1,12,TRIUMPH TIGER,2,E01033400,0,-1
2023221354014,2023,221354014,1,5,0,16,19,1,4,0,0,0,0,0,0,0,1,1,5,6,1,74,10,1050,1,16,TRIUMPH TIGER,6,E01013894,0,-1
2023122300940,2023,122300940,1,5,0,18,19,8,4,0,0,0,1,0,1,11,4,1,6,6,1,41,7,955,1,18,TRIUMPH TIGER,4,E01010599,0,-1
2023520300610,2023,520300610,1,4,0,16,19,4,1,0,0,0,1,0,0,0,4,1,6,6,1,39,7,955,1,21,-1,3,E01029291,0,-1
2023461305220,2023,461305220,2,5,0,13,13,6,2,0,0,0,0,0,0,0,4,1,6,6,1,64,9,1050,1,16,TRIUMPH TIGER,6,E01024555,0,-1
2023161348066,2023,161348066,1,5,0,18,19,7,3,0,0,0,5,0,0,0,4,1,5,6,1,53,8,1215,1,6,TRIUMPH TIGER,8,E01027668,0,-1
2023440357004,2023,440357004,3,5,0,3,3,6,2,0,0,1,0,0,0,0,2,1,6,6,1,56,9,1050,1,8,TRIUMPH TIGER,8,E01022650,0,-1
2023440137312,2023,440137312,1,4,0,4,4,2,6,0,0,0,0,0,0,0,4,1,6,6,1,62,9,1215,1,3,-1,10,E01030791,0,-1
2023440151845,2023,440151845,1,5,0,18,19,1,5,0,0,1,0,0,0,0,1,1,6,6,1,59,9,1050,1,11,TRIUMPH TIGER,4,E01031980,0,-1
2023631350647,2023,631350647,1,5,0,16,19,7,3,0,0,0,2,0,0,0,0,1,5,6,1,52,8,888,1,2,TRIUMPH TIGER,5,W01001164,0,-1
2023430205736,2023,430205736,1,5,0,13,13,5,1,0,0,8,0,0,7,0,1,1,6,6,1,55,8,660,1,1,TRIUMPH TIGER,10,E01023853,0,-1
2023131297490,2023,131297490,2,5,0,18,19,3,7,0,0,8,0,0,0,0,2,1,5,6,1,39,7,1215,1,7,TRIUMPH TIGER,8,E01010645,0,-1
2023631328205,2023,631328205,1,5,0,17,19,7,4,0,0,0,1,0,0,0,3,1,6,6,1,36,7,660,1,1,TRIUMPH TIGER,9,E01000346,0,-1
2023131316073,2023,131316073,2,5,0,18,19,1,5,0,0,8,0,0,0,0,1,1,5,6,1,56,9,800,1,10,TRIUMPH TIGER,7,E01010684,0,-1
2023320327471,2023,320327471,2,5,0,18,19,6,2,0,0,8,5,0,0,0,1,1,6,6,1,75,10,800,1,6,TRIUMPH TIGER,6,E01026387,0,-1
2023548659223,2023,548659223,1,5,0,14,14,6,2,0,0,1,1,0,0,0,1,1,2,2,1,34,6,885,1,21,TRIUMPH TIGER,6,E01031876,0,-1
2023991373025,2023,991373025,1,5,0,18,19,8,4,1,1,0,0,0,0,0,1,1,2,2,1,57,9,1050,1,10,TRIUMPH TIGER,2,-1,0,-1
2023421339594,2023,421339594,1,5,0,7,7,2,6,0,0,1,1,0,8,0,1,1,5,6,2,51,8,888,1,0,TRIUMPH TIGER,7,E01021660,0,-1
2023010472787,2023,010472787,2,5,0,13,13,5,1,0,0,2,2,0,8,10,1,1,6,6,1,37,7,888,1,1,TRIUMPH TIGER,5,E01002143,0,-1
2023361355913,2023,361355913,1,5,0,13,13,3,7,0,0,0,2,0,0,0,1,1,6,6,1,58,9,888,1,0,TRIUMPH TIGER,3,E01026721,0,-1
2023471319128,2023,471319128,1,5,0,14,14,5,1,0,0,0,0,0,7,0,1,1,6,6,1,67,10,1050,1,6,TRIUMPH TIGER,3,E01031366,0,-1
2023311287915,2023,311287915,2,5,0,18,19,1,5,0,0,1,0,0,0,0,1,1,5,6,1,37,7,800,1,10,TRIUMPH TIGER,3,E01006014,0,-1
2023451312793,2023,451312793,1,5,0,3,3,7,3,0,0,8,0,0,0,0,2,1,5,6,1,42,7,888,1,1,TRIUMPH TIGER,10,E01030878,0,-1
2023010452147,2023,010452147,2,5,0,18,19,1,5,0,0,1,5,0,0,0,4,1,2,2,1,50,8,1050,1,6,TRIUMPH TIGER,6,E01002353,0,-1
2023122301322,2023,122301322,1,5,0,18,19,1,5,0,0,0,0,12,0,0,1,1,6,6,1,56,9,888,1,3,TRIUMPH TIGER,-1,-1,0,-1
2023010434979,2023,010434979,1,5,0,3,3,7,3,0,0,1,0,0,0,0,4,1,2,2,1,29,6,800,1,5,TRIUMPH TIGER,5,E01017923,0,-1
2023131321466,2023,131321466,2,5,0,9,9,5,6,0,0,8,5,0,0,0,3,1,1,1,1,47,8,955,1,17,TRIUMPH TIGER,4,E01011489,0,-1
2023010455681,2023,010455681,2,5,0,18,19,7,3,0,0,2,5,0,0,0,1,1,6,6,1,46,8,888,1,3,TRIUMPH TIGER,4,E01001037,0,-1
2023610018823,2023,610018823,2,5,0,18,19,4,8,0,0,3,0,0,7,1,1,1,6,6,2,50,8,800,1,5,TRIUMPH TIGER,2,W01001482,0,-1
2023201288479,2023,201288479,1,5,0,18,19,8,4,0,0,8,0,0,0,0,1,1,2,2,1,34,6,955,1,22,TRIUMPH TIGER,4,E01009231,0,-1
2023131283635,2023,131283635,2,5,0,18,19,1,5,0,0,8,5,0,0,0,1,1,5,6,1,54,8,1215,1,10,TRIUMPH TIGER,1,E01010868,0,-1
2023631342806,2023,631342806,1,5,0,18,19,7,3,0,0,8,0,0,0,0,0,1,5,6,1,55,8,1215,1,4,TRIUMPH TIGER,5,W01000913,0,-1
2023430448525,2023,430448525,2,5,0,18,19,2,6,0,0,0,0,0,0,0,3,1,6,6,2,48,8,660,1,0,TRIUMPH TIGER,7,E01027354,0,-1
2023451314779,2023,451314779,2,5,0,18,19,7,3,0,0,0,1,0,0,0,1,1,5,6,1,60,9,1050,1,14,TRIUMPH TIGER,5,E01000996,0,-1
2023320570532,2023,320570532,1,5,0,17,19,2,6,0,0,0,0,0,0,0,3,1,6,6,1,65,9,660,1,1,TRIUMPH TIGER,1,E01007367,0,-1
2023501321947,2023,501321947,1,5,0,18,19,1,5,0,0,1,1,0,0,0,1,1,5,6,1,75,10,800,1,8,TRIUMPH TIGER,5,E01020500,0,-1
2023141306966,2023,141306966,2,5,0,4,4,1,5,0,0,0,0,0,0,0,2,1,1,1,1,66,10,888,1,1,TRIUMPH TIGER,9,E01007825,0,-1
2023122300226,2023,122300226,1,5,0,16,19,8,4,0,0,0,1,0,7,10,4,1,6,6,1,56,9,1050,1,16,TRIUMPH TIGER,-1,-1,0,-1
2023501356625,2023,501356625,1,5,0,14,14,5,1,0,0,1,0,0,0,0,1,1,6,6,1,47,8,955,1,16,TRIUMPH TIGER,5,E01020068,0,-1
2023221299339,2023,221299339,1,5,0,18,19,5,1,0,0,1,0,0,0,0,1,1,1,1,1,59,9,800,1,5,TRIUMPH TIGER,10,E01021243,0,-1
2023010424696,2023,010424696,2,5,0,18,19,1,5,0,0,1,0,0,0,0,1,1,6,6,1,74,10,800,1,3,TRIUMPH TIGER,9,E01023962,0,-1
2023010446492,2023,010446492,2,5,0,7,7,3,5,0,0,7,0,0,0,0,3,1,6,6,1,41,7,800,1,11,TRIUMPH TIGER,3,E01004266,0,-1
2023610040423,2023,610040423,1,5,0,18,19,1,7,0,0,8,1,0,0,0,4,1,1,1,1,37,7,660,1,1,TRIUMPH TIGER,10,W01001513,0,-1
2023421340955,2023,421340955,1,5,0,18,19,2,6,0,0,0,0,12,0,0,1,1,6,6,1,65,9,888,1,0,TRIUMPH TIGER,9,E01021376,0,-1
2023471320660,2023,471320660,2,5,0,18,19,2,6,0,0,8,5,0,0,0,2,1,6,6,1,62,9,1050,1,6,TRIUMPH TIGER,4,E01031386,0,-1
2023520400548,2023,520400548,1,5,0,11,11,6,2,0,0,0,1,0,0,0,4,1,6,6,1,31,6,800,1,11,TRIUMPH TIGER,5,E01018717,0,-1
2023052301633,2023,052301633,1,5,0,18,19,5,1,0,0,8,0,0,0,0,1,1,6,6,1,49,8,800,1,5,TRIUMPH TIGER,4,E01025525,0,-1
2023311366695,2023,311366695,2,5,0,18,19,3,7,0,0,0,0,0,0,0,1,1,2,2,1,56,9,888,1,1,TRIUMPH TIGER,3,E01013930,0,-1
2023361300727,2023,361300727,2,5,0,17,19,6,2,0,0,0,0,0,0,0,1,1,5,6,1,64,9,1160,1,1,TRIUMPH TIGER,5,E01026727,0,-1
2023221291981,2023,221291981,2,5,0,18,19,6,2,0,0,8,0,0,0,0,1,1,5,6,1,52,8,1215,1,5,TRIUMPH TIGER,8,E01022463,0,-1
2023070156044,2023,070156044,2,5,0,18,19,1,5,0,0,1,0,0,0,0,1,1,6,6,1,43,7,800,1,11,TRIUMPH TIGER,3,E01018446,0,-1
2023991342507,2023,991342507,2,5,0,18,19,1,5,0,0,1,0,0,0,0,1,1,5,6,1,67,10,888,1,3,TRIUMPH TIGER,7,-1,0,-1
2023070835057,2023,070835057,1,5,0,9,9,6,2,0,0,1,0,0,0,0,3,1,1,1,1,68,10,1215,1,7,TRIUMPH TIGER,7,E01029498,0,-1
2023461263080,2023,461263080,1,5,0,18,19,2,6,0,0,0,0,0,0,0,1,1,6,6,1,32,6,800,1,8,TRIUMPH TIGER,5,E01032654,0,-1
2023351304380,2023,351304380,1,5,0,4,4,5,1,0,0,1,0,0,0,0,1,1,6,6,1,77,11,800,1,11,TRIUMPH TIGER,9,E01018178,0,-1
2023440016854,2023,440016854,2,5,0,18,19,8,5,0,0,8,0,0,0,0,1,1,6,6,1,63,9,888,1,1,TRIUMPH TIGER,8,E01023016,0,-1
2023041314845,2023,041314845,2,5,0,4,4,3,7,0,0,0,0,0,0,0,2,1,5,6,2,63,9,800,1,7,TRIUMPH TIGER,8,E01030703,0,-1
2023231397727,2023,231397727,2,5,0,18,19,3,7,0,0,8,0,0,0,0,1,1,6,6,1,72,10,888,1,3,TRIUMPH TIGER,10,E01031214,0,-1
2023010429499,2023,010429499,1,5,0,5,5,5,1,0,0,8,2,0,0,0,1,1,2,2,1,59,9,800,1,7,TRIUMPH TIGER,9,E01016133,0,-1
2023122300709,2023,122300709,1,5,0,16,19,5,1,0,0,0,0,0,0,0,3,1,6,6,1,65,9,800,1,9,TRIUMPH TIGER,3,E01013366,0,-1
2023052300383,2023,052300383,1,5,0,4,4,7,3,0,0,4,0,0,1,7,1,1,6,6,1,62,9,888,1,2,TRIUMPH TIGER,7,E01006423,0,-1
2023221280780,2023,221280780,2,5,0,14,14,2,7,0,0,8,0,0,0,0,4,1,5,6,1,54,8,1050,1,16,TRIUMPH TIGER,3,E01032423,0,-1
2023991313712,2023,991313712,2,5,0,17,19,2,6,0,0,0,1,0,7,9,1,1,5,6,1,38,7,800,1,8,TRIUMPH TIGER,1,-1,0,-1
2023122300449,2023,122300449,1,4,0,18,19,1,5,0,0,3,0,0,0,0,1,1,6,6,1,55,8,1215,1,9,-1,-1,-1,0,-1
2023131314847,2023,131314847,1,5,0,18,19,7,3,0,0,1,0,0,0,0,1,1,1,1,1,49,8,800,1,8,TRIUMPH TIGER,7,E01011152,0,-1
2023302300526,2023,302300526,2,5,0,18,19,4,8,0,0,8,0,0,0,0,4,1,6,6,1,70,10,1050,1,9,TRIUMPH TIGER,4,E01019519,0,-1
2023471302701,2023,471302701,1,5,0,18,19,7,3,0,0,0,0,0,1,0,1,1,5,6,1,67,10,800,1,9,TRIUMPH TIGER,6,E01016887,0,-1
2023471384357,2023,471384357,2,5,0,18,19,5,2,0,0,8,0,0,0,0,4,1,5,6,1,51,8,800,1,11,TRIUMPH TIGER,8,E01021155,0,-1
2023340NN3672,2023,340NN3672,2,5,0,7,7,2,6,0,0,5,5,0,0,0,3,1,6,6,1,44,7,800,1,6,TRIUMPH TIGER,2,E01027341,0,-1
2023451277715,2023,451277715,1,5,0,18,19,7,3,0,0,0,1,0,0,0,0,1,6,6,1,45,7,800,1,11,TRIUMPH TIGER,6,E01030363,0,-1
2023520301397,2023,520301397,1,5,0,18,19,5,1,0,0,0,0,0,0,0,1,1,6,6,1,28,6,800,1,12,TRIUMPH TIGER,10,E01014969,0,-1
2023421276286,2023,421276286,2,5,0,18,19,7,3,0,0,1,0,0,0,0,1,1,6,6,1,49,8,888,1,3,TRIUMPH TIGER,9,E01021912,0,-1
2023070000976,2023,070000976,2,5,0,18,19,7,6,0,0,1,0,0,0,0,4,1,6,6,1,56,9,885,1,26,TRIUMPH TIGER,9,W01000264,0,-1
2023101328037,2023,101328037,2,5,0,17,19,1,7,0,0,1,0,0,0,0,1,1,5,6,1,61,9,1215,1,10,TRIUMPH TIGER,5,E01008835,0,-1
2023141320489,2023,141320489,2,5,0,14,14,1,2,0,0,0,0,0,0,0,1,1,5,6,1,50,8,800,1,12,TRIUMPH TIGER,2,E01007763,0,-1
2023010441192,2023,010441192,2,5,0,18,19,5,1,0,0,1,0,0,0,0,1,1,6,6,1,50,8,1215,1,8,TRIUMPH TIGER,3,E01016154,0,-1
2023122301108,2023,122301108,3,5,0,16,19,1,3,0,0,0,0,1,0,0,1,1,6,6,3,-1,-1,1160,1,1,TRIUMPH TIGER,-1,-1,0,-1
2023010451482,2023,010451482,2,5,0,11,11,5,1,0,0,0,0,0,0,0,1,1,2,2,1,34,6,1215,1,7,TRIUMPH TIGER,8,E01021717,0,-1
2023631355629,2023,631355629,2,5,0,18,19,7,3,0,0,1,0,0,0,0,1,1,5,6,1,50,8,1215,1,6,TRIUMPH TIGER,2,E01032453,0,-1
2023052301994,2023,052301994,1,5,0,18,19,7,3,0,0,0,0,0,0,0,1,1,6,6,1,67,10,888,1,3,TRIUMPH TIGER,10,E01006943,0,-1
2023101262320,2023,101262320,1,5,0,7,7,6,1,0,0,1,0,0,0,0,1,1,5,6,1,71,10,1215,1,11,TRIUMPH TIGER,3,E01020799,0,-1
2023461348258,2023,461348258,2,5,0,17,19,5,3,0,0,4,0,0,0,0,1,1,2,2,1,55,8,800,1,11,TRIUMPH TIGER,-1,-1,0,-1
2023401278865,2023,401278865,2,5,0,9,9,1,5,0,0,8,2,0,0,0,1,1,2,2,1,62,9,1050,1,8,TRIUMPH TIGER,7,E01017416,0,-1
2023320075174,2023,320075174,1,5,0,4,4,4,8,0,0,1,5,0,3,0,4,1,2,2,1,53,8,955,1,20,TRIUMPH TIGER,5,E01026201,0,-1
2023451367190,2023,451367190,1,3,0,15,15,3,7,0,0,0,0,0,5,0,4,1,6,6,1,55,8,660,1,1,-1,5,E01004745,0,-1
2023501308381,2023,501308381,2,5,0,18,19,3,6,0,0,1,2,0,0,0,1,1,6,6,1,51,8,888,1,1,TRIUMPH TIGER,7,E01020258,0,-1
2023111337944,2023,111337944,1,5,0,16,19,7,3,0,0,0,1,0,7,0,1,1,5,6,1,37,7,955,1,21,TRIUMPH TIGER,5,E01020706,0,-1
2023010474997,2023,010474997,1,5,0,13,13,8,4,0,0,1,0,0,0,0,2,1,6,6,1,55,8,888,1,1,TRIUMPH TIGER,1,E01004222,0,-1
2023052301144,2023,052301144,2,5,0,18,19,5,1,0,0,1,0,0,0,0,1,1,2,2,1,65,9,1050,1,10,TRIUMPH TIGER,1,E01006761,0,-1
2023430348296,2023,430348296,1,5,0,9,9,4,2,0,0,8,0,0,0,0,4,1,2,2,1,52,8,800,1,4,TRIUMPH TIGER,4,E01033178,0,-1
2023161259276,2023,161259276,1,5,0,5,5,5,1,0,0,4,0,0,0,0,4,1,5,6,1,68,10,1050,1,16,TRIUMPH TIGER,3,E01026142,0,-1
2023031339823,2023,031339823,2,4,0,13,13,1,5,0,0,0,0,0,0,0,4,1,1,1,1,60,9,1160,1,0,-1,-1,-1,0,-1
2023461334255,2023,461334255,2,5,0,8,8,-1,-1,0,0,5,0,0,0,0,3,1,2,2,1,53,8,800,1,3,TRIUMPH TIGER,10,E01021159,0,-1
2023501351785,2023,501351785,1,5,0,16,19,5,1,0,0,0,2,0,0,0,0,1,6,6,1,49,8,800,1,8,TRIUMPH TIGER,7,E01007503,0,-1
2023010439829,2023,010439829,1,5,0,18,19,6,2,0,0,1,5,10,7,11,1,1,6,6,1,69,10,800,1,9,TRIUMPH TIGER,6,E01002609,0,-1
2023440114081,2023,440114081,1,5,0,18,19,3,7,0,0,0,0,10,0,0,4,1,6,6,1,42,7,1050,1,10,TRIUMPH TIGER,5,E01017243,0,-1
2023122300687,2023,122300687,1,5,0,12,12,3,7,0,0,5,0,0,0,0,3,1,6,6,1,74,10,660,1,0,TRIUMPH TIGER,7,E01026267,0,-1
2023221314491,2023,221314491,2,5,0,18,19,4,8,0,0,8,0,0,1,0,1,1,5,6,1,65,9,1215,1,8,TRIUMPH TIGER,4,E01032384,0,-1
2023122300332,2023,122300332,1,5,0,16,19,6,2,0,0,0,0,0,0,0,3,1,6,6,1,71,10,888,1,1,TRIUMPH TIGER,8,E01011630,0,-1
2023332300453,2023,332300453,2,5,0,18,19,3,7,0,0,8,1,0,0,0,1,1,6,6,1,54,8,1050,1,9,TRIUMPH TIGER,9,E01025675,0,-1
2023991314808,2023,991314808,1,5,0,16,19,8,3,0,0,0,0,0,0,0,1,1,5,6,1,61,9,1050,1,12,TRIUMPH TIGER,10,-1,0,-1
2023361347467,2023,361347467,2,5,0,8,8,4,6,0,0,0,5,0,0,0,2,1,5,6,1,61,9,1160,1,1,TRIUMPH TIGER,4,E01026651,0,-1
2023631350757,2023,631350757,1,5,0,18,19,1,5,0,0,0,0,0,0,0,4,1,5,6,1,51,8,800,1,12,TRIUMPH TIGER,1,W01001924,0,-1
2023332300655,2023,332300655,1,5,0,5,5,8,4,0,0,4,0,0,0,0,2,1,2,2,1,35,6,888,1,0,TRIUMPH TIGER,7,E01025855,0,-1
2023991318679,2023,991318679,1,5,0,17,19,3,7,0,0,0,5,0,0,0,4,1,5,6,1,74,10,1160,1,1,TRIUMPH TIGER,6,E01030714,0,-1
2023411344343,2023,411344343,1,5,0,13,13,7,3,0,0,2,1,0,0,0,0,1,6,6,1,60,9,888,1,2,TRIUMPH TIGER,10,E01021653,0,-1
2023549702523,2023,549702523,2,5,0,5,5,1,5,0,0,3,0,0,0,0,4,1,6,6,1,62,9,1160,1,1,TRIUMPH TIGER,10,E01031923,0,-1
2023544556523,2023,544556523,3,5,0,13,13,6,2,0,0,0,1,0,7,3,1,1,6,6,1,54,8,888,1,0,TRIUMPH TIGER,8,E01032001,0,-1
2023548702523,2023,548702523,1,5,0,13,13,1,5,0,0,0,0,0,0,0,3,1,6,6,1,58,9,1050,1,16,TRIUMPH TIGER,7,E01031848,0,-1
2023010450922,2023,010450922,1,5,0,15,15,1,5,0,0,1,0,0,0,0,1,1,1,1,1,58,9,888,1,1,TRIUMPH TIGER,7,E01032829,0,-1
2023010435153,2023,010435153,1,5,0,3,3,5,1,0,0,1,0,0,0,0,3,1,1,1,1,52,8,1215,1,11,TRIUMPH TIGER,7,E01000986,0,-1
2023631342532,2023,631342532,2,5,0,13,13,2,4,0,0,0,0,0,0,0,1,1,5,6,1,69,10,1215,1,7,TRIUMPH TIGER,7,E01021538,0,-1
2023430443406,2023,430443406,3,4,0,18,19,7,3,0,0,3,0,0,0,0,3,1,6,6,1,30,6,660,1,0,-1,-1,-1,0,-1
2023070844482,2023,070844482,1,11,0,18,19,3,7,0,0,1,0,0,0,0,1,1,6,6,1,43,7,6700,2,13,VDL MODEL MISSING,2,E01012379,0,-1
2023170M10523,2023,170M10523,1,11,0,18,19,7,3,0,0,2,0,0,0,0,1,1,1,1,1,24,5,6700,2,13,VDL MODEL MISSING,1,E01012088,0,-1
2023052300741,2023,052300741,1,11,0,9,9,3,7,0,0,2,0,0,0,0,1,1,1,1,1,45,7,6700,2,13,VDL MODEL MISSING,3,E01006843,0,-1
2023111388791,2023,111388791,2,11,0,14,14,1,5,0,0,1,0,0,0,0,1,1,1,1,1,28,6,6700,2,12,VDL MODEL MISSING,1,E01008793,0,-1
2023170M11813,2023,170M11813,1,11,0,18,19,3,7,0,0,2,0,0,0,0,1,1,1,1,1,62,9,6700,2,13,VDL MODEL MISSING,1,E01033477,0,-1
2023052300374,2023,052300374,2,11,0,18,19,1,5,0,0,1,0,0,0,0,4,1,1,1,1,45,7,6700,2,14,VDL MODEL MISSING,1,E01007051,0,-1
2023052301454,2023,052301454,1,11,0,5,5,3,7,0,0,6,0,7,1,10,1,1,1,1,1,64,9,6700,2,14,VDL MODEL MISSING,1,E01006606,0,-1
2023430067821,2023,430067821,1,11,0,18,19,3,7,0,0,0,0,0,0,0,1,1,1,1,1,-1,-1,6700,2,11,VDL MODEL MISSING,-1,-1,0,-1
2023052302739,2023,052302739,3,11,0,18,19,7,5,0,0,1,0,0,0,0,1,1,1,1,2,35,6,6700,2,14,VDL MODEL MISSING,1,E01006821,0,-1
2023061343239,2023,061343239,2,11,0,18,19,1,5,0,0,1,0,0,0,0,4,1,1,1,1,52,8,6700,2,14,VDL MODEL MISSING,2,E01004928,0,-1
2023070319666,2023,070319666,2,11,0,2,2,0,0,3,2,0,0,0,0,0,0,1,1,1,1,-1,-1,6700,2,11,VDL MODEL MISSING,-1,-1,0,-1
2023052300417,2023,052300417,2,11,0,18,19,1,5,0,0,1,0,0,0,0,1,1,1,1,1,41,7,6700,2,14,VDL MODEL MISSING,2,E01006910,0,-1
2023170S10713,2023,170S10713,2,11,0,17,19,4,1,0,0,8,0,0,0,0,4,1,1,1,1,25,5,6700,2,12,VDL MODEL MISSING,-1,-1,0,-1
202360A121584,2023,60A121584,2,11,0,4,4,6,2,0,0,0,0,0,0,0,4,1,1,1,1,50,8,6700,2,11,VDL MODEL MISSING,-1,-1,0,-1
2023052303048,2023,052303048,1,11,0,18,19,1,5,0,0,0,0,0,0,0,4,1,1,1,1,34,6,6700,2,14,VDL MODEL MISSING,1,E01007269,0,-1