collision_index,collision_year,collision_ref_no,vehicle_reference,vehicle_type,towing_and_articulation,vehicle_manoeuvre_historic,vehicle_manoeuvre,vehicle_direction_from,vehicle_direction_to,vehicle_location_restricted_lane_historic,vehicle_location_restricted_lane,junction_location,skidding_and_overturning,hit_object_in_carriageway,vehicle_leaving_carriageway,hit_object_off_carriageway,first_point_of_impact,vehicle_left_hand_drive,journey_purpose_of_driver_historic,journey_purpose_of_driver,sex_of_driver,age_of_driver,age_band_of_driver,engine_capacity_cc,propulsion_code,age_of_vehicle,generic_make_model,driver_imd_decile,lsoa_of_driver,escooter_flag,driver_distance_banding
2023052300311,2023,052300311,3,11,0,2,2,0,0,0,0,0,0,0,0,0,2,1,1,1,1,68,10,6700,2,14,VDL MODEL MISSING,10,E01006985,0,-1
2023070474820,2023,070474820,2,11,0,3,3,5,1,0,0,1,0,0,0,0,0,1,6,6,1,-1,-1,6700,2,12,VDL MODEL MISSING,-1,-1,0,-1
2023052301044,2023,052301044,2,11,0,2,2,0,0,0,0,0,0,0,0,0,2,1,1,1,1,53,8,6700,2,14,VDL MODEL MISSING,4,E01006959,0,-1
2023421302567,2023,421302567,1,9,0,18,19,5,1,0,0,0,2,0,0,0,3,1,2,2,1,20,4,1598,1,19,VOLKSWAGEN LUPO,-1,-1,0,-1
2023211333319,2023,211333319,1,9,0,4,4,8,4,0,0,1,0,0,0,0,0,1,6,6,1,68,10,1716,2,19,VOLKSWAGEN LUPO,-1,-1,0,-1
2023302301459,2023,302301459,1,9,0,7,7,5,8,0,0,1,0,0,0,0,1,1,6,6,1,20,4,1390,1,23,VOLKSWAGEN LUPO,4,E01019554,0,-1
2023031279528,2023,031279528,1,9,0,17,19,5,6,0,0,0,1,0,7,0,1,1,5,6,2,18,4,999,1,20,VOLKSWAGEN LUPO,3,E01019161,0,-1
2023411382489,2023,411382489,2,9,0,4,4,1,5,0,0,0,1,0,0,0,1,1,5,6,2,47,8,1390,1,19,VOLKSWAGEN LUPO,9,E01017417,0,-1
2023010432761,2023,010432761,1,9,0,18,19,7,3,0,0,3,0,0,0,0,1,1,6,6,2,87,11,999,1,19,VOLKSWAGEN LUPO,10,E01003887,0,-1
2023010422952,2023,010422952,1,9,0,18,19,7,3,0,0,0,0,0,0,0,1,1,6,6,1,27,6,999,1,22,VOLKSWAGEN LUPO,-1,-1,0,-1
2023520400578,2023,520400578,2,9,0,18,19,4,1,0,0,0,0,0,0,0,1,1,6,6,1,18,4,999,1,21,VOLKSWAGEN LUPO,3,E01032635,0,-1
2023440372279,2023,440372279,1,9,0,16,19,3,5,0,0,8,0,0,0,0,1,1,6,6,1,25,5,999,1,18,VOLKSWAGEN LUPO,4,E01017289,0,-1
2023451314812,2023,451314812,4,9,0,2,2,0,0,9,9,0,0,0,0,0,3,1,6,6,3,-1,-1,1390,1,23,VOLKSWAGEN LUPO,-1,-1,0,-1
2023501392278,2023,501392278,2,9,0,3,3,1,5,0,0,0,1,0,0,0,4,1,5,6,2,77,11,1390,1,18,VOLKSWAGEN LUPO,4,E01020199,0,-1
2023071252750,2023,071252750,2,9,0,16,19,8,4,0,0,0,0,0,0,0,4,1,6,6,1,30,6,1716,2,23,VOLKSWAGEN LUPO,5,E01018319,0,-1
2023010420121,2023,010420121,2,9,0,99,99,9,9,99,99,9,9,99,9,99,1,9,6,6,3,-1,-1,1390,1,19,VOLKSWAGEN LUPO,-1,-1,0,-1
2023991371795,2023,991371795,1,9,0,9,9,2,7,0,0,1,0,0,0,0,1,1,2,2,1,19,4,1390,1,20,VOLKSWAGEN LUPO,4,-1,0,-1
2023221264384,2023,221264384,1,9,0,18,19,2,6,0,0,0,1,1,0,0,1,1,6,6,1,18,4,1390,1,21,VOLKSWAGEN LUPO,7,E01032192,0,-1
2023061365322,2023,061365322,1,9,0,18,19,3,7,0,0,0,0,0,0,0,1,1,5,6,1,19,4,999,1,18,VOLKSWAGEN LUPO,-1,-1,0,-1
2023471274699,2023,471274699,2,9,0,2,2,0,0,0,0,0,5,0,0,0,3,1,5,6,2,42,7,999,1,19,VOLKSWAGEN LUPO,7,E01016936,0,-1
2023430517815,2023,430517815,1,9,0,18,19,7,3,0,0,1,0,0,0,0,1,1,6,6,1,60,9,1390,1,20,VOLKSWAGEN LUPO,-1,-1,0,-1
2023010467019,2023,010467019,2,9,0,99,99,9,9,99,99,0,9,99,9,99,2,9,6,6,3,-1,-1,1390,1,22,VOLKSWAGEN LUPO,-1,-1,0,-1
2023221365935,2023,221365935,1,9,0,18,19,3,7,0,0,0,0,0,1,10,1,1,5,6,1,57,9,999,1,22,VOLKSWAGEN LUPO,4,E01014009,0,-1
2023311375145,2023,311375145,1,9,0,18,19,5,1,0,0,0,0,0,0,0,1,1,5,6,2,48,8,1390,1,19,VOLKSWAGEN LUPO,1,E01027013,0,-1
2023501341365,2023,501341365,1,9,0,18,19,1,5,0,0,5,0,0,1,0,1,1,5,6,1,28,6,1390,1,20,VOLKSWAGEN LUPO,7,E01018827,0,-1
2023440385124,2023,440385124,2,9,0,18,19,7,3,0,0,0,0,0,0,0,1,1,6,6,2,-1,-1,1390,1,22,VOLKSWAGEN LUPO,-1,-1,0,-1
2023991293329,2023,991293329,3,9,0,2,2,1,5,0,0,0,0,0,0,0,0,1,6,6,3,-1,-1,1198,1,15,VOLKSWAGEN URBAN,-1,-1,0,-1
2023371272522,2023,371272522,1,9,0,9,9,5,3,0,0,0,0,0,0,0,4,1,5,6,2,21,5,1198,1,13,VOLKSWAGEN URBAN,6,E01030154,0,-1
2023221370595,2023,221370595,1,9,0,18,19,6,2,0,0,6,0,0,0,0,1,1,5,6,1,18,4,1198,1,14,VOLKSWAGEN URBAN,10,E01028953,0,-1
2023501283196,2023,501283196,1,9,0,18,19,4,8,0,0,0,2,0,2,10,1,1,6,6,1,19,4,1198,1,13,VOLKSWAGEN URBAN,3,E01015228,0,-1
202354C351923,2023,54C351923,2,9,0,18,19,2,6,0,0,0,0,0,0,0,2,1,2,2,2,19,4,1198,1,13,VOLKSWAGEN URBAN,7,E01032694,0,-1
2023131313628,2023,131313628,3,9,0,2,2,5,5,0,0,1,0,0,0,0,3,1,6,6,3,-1,-1,1198,1,15,VOLKSWAGEN URBAN,-1,-1,0,-1
2023131370649,2023,131370649,3,9,0,18,19,1,5,0,0,0,0,0,0,0,1,1,5,6,2,25,5,1198,1,15,VOLKSWAGEN URBAN,4,E01011545,0,-1
2023552301444,2023,552301444,1,9,0,18,19,4,8,0,0,8,0,0,0,0,3,1,6,6,2,54,8,1390,1,16,VOLKSWAGEN URBAN,5,E01015461,0,-1
2023010421573,2023,010421573,1,9,0,99,99,9,9,99,99,9,9,99,9,99,9,9,6,6,1,43,7,1390,1,14,VOLKSWAGEN URBAN,4,E01031551,0,-1
2023411276129,2023,411276129,5,9,0,4,4,4,7,0,0,0,0,0,0,0,2,1,2,2,1,27,6,1198,1,16,VOLKSWAGEN URBAN,3,E01023573,0,-1
2023991307134,2023,991307134,2,9,0,18,19,3,7,0,0,1,0,0,0,0,1,1,2,2,1,46,8,1198,1,13,VOLKSWAGEN URBAN,2,-1,0,-1
2023052301855,2023,052301855,1,9,0,7,7,1,5,0,0,3,0,0,7,0,4,1,6,6,2,23,5,1198,1,13,VOLKSWAGEN URBAN,2,E01012409,0,-1
2023991374666,2023,991374666,1,9,0,18,19,5,1,0,0,0,1,0,1,0,1,1,6,6,2,18,4,1390,1,14,VOLKSWAGEN URBAN,4,-1,0,-1
2023211362693,2023,211362693,2,9,0,18,19,1,5,0,0,0,0,0,0,0,4,1,5,6,1,63,9,1198,1,14,VOLKSWAGEN URBAN,6,E01001275,0,-1
202360A183841,2023,60A183841,1,9,0,16,19,4,8,0,0,0,2,0,1,4,1,1,6,6,2,19,4,1198,1,14,VOLKSWAGEN URBAN,-1,-1,0,-1
2023221289863,2023,221289863,1,9,0,17,19,6,4,0,0,0,2,0,1,4,1,1,5,6,1,18,4,1198,1,14,VOLKSWAGEN URBAN,2,E01014193,0,-1
2023311293239,2023,311293239,2,9,0,11,11,4,8,0,0,0,0,0,0,0,2,1,6,6,2,44,7,1390,1,12,VOLKSWAGEN URBAN,4,E01013964,0,-1
2023991356664,2023,991356664,1,9,0,18,19,2,6,0,0,0,5,0,0,0,1,1,6,6,1,50,8,1198,1,15,VOLKSWAGEN URBAN,9,-1,0,-1
2023161355725,2023,161355725,2,9,0,18,19,8,4,0,0,8,1,0,4,10,3,1,5,6,1,84,11,1198,1,14,VOLKSWAGEN URBAN,2,E01013071,0,-1
2023531377367,2023,531377367,2,9,0,16,19,1,5,0,0,0,5,10,1,11,3,1,5,6,2,80,11,1390,1,14,VOLKSWAGEN URBAN,8,E01022298,0,-1
2023340NN0692,2023,340NN0692,1,9,0,18,19,5,1,0,0,1,0,0,0,0,1,1,6,6,2,19,4,1198,1,13,VOLKSWAGEN URBAN,10,E01027205,0,-1
2023122300883,2023,122300883,1,9,0,17,19,5,3,0,0,0,0,0,1,4,4,1,6,6,1,20,4,1198,1,13,VOLKSWAGEN URBAN,3,E01011786,0,-1
2023131322101,2023,131322101,2,9,0,4,4,1,5,0,0,1,0,0,0,0,1,1,6,6,1,26,6,1198,1,15,VOLKSWAGEN URBAN,1,E01011093,0,-1
2023010477383,2023,010477383,1,9,0,18,19,1,5,0,0,2,0,0,0,0,1,1,6,6,1,40,7,1198,1,16,VOLKSWAGEN URBAN,5,E01003642,0,-1
2023141351807,2023,141351807,2,9,0,9,9,6,4,0,0,6,0,0,0,0,1,1,5,6,2,26,6,1198,1,13,VOLKSWAGEN URBAN,8,E01007987,0,-1
2023451365515,2023,451365515,1,9,0,16,19,3,7,0,0,0,0,0,7,0,2,1,5,6,1,32,6,1198,1,14,VOLKSWAGEN URBAN,9,E01030612,0,-1
2023531354736,2023,531354736,1,9,0,16,19,3,5,0,0,0,1,0,7,11,1,1,4,7,1,21,5,1198,1,16,VOLKSWAGEN URBAN,6,E01022176,0,-1
2023131302470,2023,131302470,1,9,0,12,12,5,1,0,0,0,0,0,0,0,1,1,5,6,2,62,9,1198,1,17,VOLKSWAGEN URBAN,7,E01011569,0,-1
2023211324173,2023,211324173,1,9,0,16,19,4,5,9,9,0,2,10,0,0,3,1,6,6,1,25,5,1390,1,16,VOLKSWAGEN URBAN,-1,-1,0,-1
2023061374627,2023,061374627,2,9,0,18,19,5,1,0,0,1,0,0,0,0,1,1,6,6,1,19,4,1198,1,17,VOLKSWAGEN URBAN,-1,-1,0,-1
2023161381487,2023,161381487,1,9,0,13,13,5,1,0,0,8,0,0,3,4,1,1,6,6,2,38,7,1198,1,16,VOLKSWAGEN URBAN,1,E01004866,0,-1
2023471364830,2023,471364830,1,9,0,16,19,5,8,0,0,3,0,0,0,0,2,1,2,2,1,59,9,1390,1,14,VOLKSWAGEN URBAN,10,E01031639,0,-1
2023531379287,2023,531379287,1,9,0,18,19,7,3,0,0,0,2,0,1,4,1,1,6,6,2,20,4,1198,1,13,VOLKSWAGEN URBAN,8,E01022277,0,-1
2023070380562,2023,070380562,3,9,0,3,3,6,7,0,0,1,0,0,0,0,2,1,6,6,2,20,4,1390,1,16,VOLKSWAGEN URBAN,9,E01018420,0,-1
2023361379740,2023,361379740,2,9,0,18,19,4,1,0,0,1,0,0,0,0,1,1,2,2,1,48,8,1198,1,15,VOLKSWAGEN URBAN,8,E01026849,0,-1
2023371375801,2023,371375801,1,9,0,12,12,4,-1,0,0,0,0,0,0,0,3,1,6,6,2,-1,-1,1390,1,17,VOLKSWAGEN URBAN,-1,-1,0,-1
2023440457296,2023,440457296,2,9,0,2,2,0,0,0,0,0,0,0,0,0,3,1,6,6,3,-1,-1,1198,1,13,VOLKSWAGEN URBAN,-1,-1,0,-1
2023622300996,2023,622300996,3,9,0,2,2,0,0,0,0,0,0,0,0,0,2,1,6,6,3,-1,-1,1198,1,13,VOLKSWAGEN URBAN,-1,-1,0,-1
2023371310212,2023,371310212,2,9,0,18,19,1,5,0,0,1,0,0,0,0,1,1,5,6,2,84,11,1390,1,17,VOLKSWAGEN URBAN,6,E01030143,0,-1
2023122300617,2023,122300617,3,9,0,3,3,3,7,0,0,1,0,0,0,0,2,1,6,6,2,55,8,1198,1,16,VOLKSWAGEN URBAN,4,E01027787,0,-1
2023161384676,2023,161384676,1,9,0,18,19,8,3,0,0,4,0,0,1,7,1,1,6,6,1,21,5,1198,1,13,VOLKSWAGEN URBAN,5,E01013329,0,-1
2023101384692,2023,101384692,1,9,0,18,19,3,7,0,0,1,0,0,0,0,1,1,5,6,1,90,11,1198,1,13,VOLKSWAGEN URBAN,7,E01008473,0,-1
2023547344323,2023,547344323,1,9,0,18,19,6,2,0,0,0,0,10,7,4,1,1,6,6,1,24,5,1198,1,13,VOLKSWAGEN URBAN,9,E01031913,0,-1
2023471380019,2023,471380019,1,9,0,9,9,7,5,0,0,8,0,0,0,0,4,1,5,6,1,34,6,1390,1,16,VOLKSWAGEN URBAN,5,E01016990,0,-1
2023201413873,2023,201413873,1,9,0,18,19,3,7,0,0,2,0,10,7,5,1,1,6,6,2,75,10,1198,1,16,VOLKSWAGEN URBAN,-1,-1,0,-1
2023161357807,2023,161357807,2,9,0,18,19,7,3,0,0,1,0,0,0,0,1,1,5,6,2,65,9,1198,1,14,VOLKSWAGEN URBAN,3,E01013310,0,-1
2023552301189,2023,552301189,2,9,0,18,19,8,4,0,0,8,0,0,0,0,1,1,4,7,1,17,4,1198,1,14,VOLKSWAGEN URBAN,7,E01020361,0,-1
2023451326724,2023,451326724,3,3,0,18,19,1,5,0,0,0,1,0,0,0,1,1,5,6,1,20,4,125,1,3,-1,5,E01030459,0,-1
2023461348319,2023,461348319,2,3,0,18,19,4,1,0,0,0,0,0,0,0,3,1,6,6,1,29,6,125,1,3,-1,8,E01023983,0,-1
2023991344438,2023,991344438,2,5,0,18,19,2,6,0,0,2,5,0,0,0,2,1,6,6,1,62,9,660,1,17,-1,7,-1,0,-1
2023401264870,2023,401264870,2,5,0,18,19,4,8,0,0,2,0,0,0,0,2,1,6,6,1,40,7,660,1,18,-1,1,E01015795,0,-1
2023430396671,2023,430396671,1,5,0,18,19,3,7,0,0,0,0,0,0,0,1,1,6,6,1,41,7,660,1,18,-1,-1,-1,0,-1
2023061314735,2023,061314735,1,4,0,18,19,1,5,0,0,1,1,0,0,0,1,1,6,6,1,21,5,197,1,10,-1,3,E01006398,0,-1
2023430092182,2023,430092182,1,9,0,18,19,7,3,0,0,0,0,0,0,0,1,1,6,6,1,35,6,6162,1,1,-1,7,E01032960,0,-1
2023991319816,2023,991319816,3,5,0,18,19,6,2,0,0,0,0,0,0,0,4,1,5,6,1,69,10,1198,1,12,-1,10,-1,0,-1
2023010441630,2023,010441630,1,5,0,99,99,9,9,99,99,0,9,99,9,99,9,1,6,6,1,64,9,1262,1,4,-1,5,E01000747,0,-1
2023010462553,2023,010462553,1,5,0,18,19,1,5,0,0,8,0,0,0,0,1,1,6,6,1,36,7,1198,1,11,-1,2,E01002906,0,-1
2023991280238,2023,991280238,2,5,0,18,19,3,7,0,0,4,0,0,0,0,0,1,6,6,1,49,8,1198,1,9,-1,-1,-1,0,-1
202360A087069,2023,60A087069,1,5,0,17,19,5,1,0,0,0,1,1,2,0,1,1,6,6,1,33,6,1198,1,8,-1,-1,-1,0,-1
2023010485160,2023,010485160,1,5,0,99,99,9,9,99,99,9,9,99,9,99,9,1,6,6,1,53,8,1158,1,0,-1,6,E01033570,0,-1
2023421359684,2023,421359684,2,5,0,13,13,1,5,0,0,0,0,0,0,0,1,1,6,6,1,32,6,1198,1,9,-1,6,E01021404,0,-1
2023010419391,2023,010419391,2,4,0,18,19,5,1,0,0,1,0,0,0,0,1,1,6,6,1,22,5,1198,1,9,-1,-1,-1,0,-1
2023531326341,2023,531326341,1,5,0,18,19,1,5,0,0,0,0,12,7,0,1,1,5,6,1,60,9,1198,1,4,-1,5,E01022154,0,-1
2023501314628,2023,501314628,1,5,0,18,19,2,4,0,0,1,5,11,7,11,1,1,5,6,1,29,6,1198,1,8,-1,7,E01015103,0,-1
2023546544823,2023,546544823,2,3,0,18,19,7,3,0,0,1,0,0,0,0,1,1,6,6,1,19,4,124,1,15,-1,5,E01020454,0,-1
2023351365835,2023,351365835,1,5,0,16,19,1,3,0,0,8,0,0,5,7,4,1,5,6,1,69,10,1690,1,9,-1,8,E01026542,0,-1
2023010443829,2023,010443829,1,4,0,9,9,3,1,0,0,5,0,0,0,0,2,1,2,2,1,47,8,1690,1,7,-1,7,E01000650,0,-1
2023451264213,2023,451264213,1,5,0,17,19,7,5,0,0,0,2,0,0,0,4,1,2,2,1,47,8,1084,1,1,-1,5,E01030464,0,-1
2023010424647,2023,010424647,2,5,0,18,19,6,2,0,0,8,0,4,0,0,1,1,6,6,1,18,4,1084,1,1,-1,4,E01001182,0,-1
2023371435313,2023,371435313,1,5,0,4,4,6,1,0,0,0,0,0,0,0,4,1,6,6,1,28,6,1084,1,1,-1,6,E01026616,0,-1
2023471358985,2023,471358985,2,5,0,18,19,6,2,0,0,1,0,0,0,0,1,1,5,6,1,61,9,680,1,10,-1,3,E01020930,0,-1
2023010484709,2023,010484709,1,5,0,99,99,9,9,99,99,9,9,99,9,99,1,1,6,6,1,50,8,1084,1,1,-1,1,E01001178,0,-1
2023351352061,2023,351352061,2,9,0,18,19,3,7,0,0,0,0,0,0,0,3,1,6,6,1,48,8,1685,2,11,HYUNDAI I40,6,E01026505,0,-1
2023010481211,2023,010481211,1,9,0,9,9,5,3,0,0,1,0,0,0,0,4,1,6,6,1,44,7,1685,2,6,HYUNDAI I40,5,E01003411,0,-1
2023991295579,2023,991295579,1,9,0,18,19,6,2,0,0,0,0,0,0,0,0,1,5,6,1,41,7,1685,2,7,HYUNDAI I40,8,-1,0,-1
2023332300663,2023,332300663,1,9,0,9,9,3,1,0,0,5,0,0,0,0,1,1,6,6,1,47,8,1685,2,6,HYUNDAI I40,8,E01025692,0,-1
2023131326853,2023,131326853,2,9,0,3,3,5,1,0,0,0,0,0,0,0,2,1,1,1,2,54,8,1685,2,9,HYUNDAI I40,2,E01011686,0,-1
2023031336108,2023,031336108,1,9,0,5,5,1,2,0,0,0,0,0,0,0,1,1,5,6,1,58,9,1685,2,7,HYUNDAI I40,3,E01019289,0,-1
2023411354934,2023,411354934,1,9,0,18,19,5,1,0,0,0,0,0,0,0,1,1,2,2,2,61,9,1685,2,9,HYUNDAI I40,5,E01023635,0,-1
2023061359604,2023,061359604,1,8,-1,-1,-1,-1,-1,-1,-1,0,-1,-1,-1,0,-1,1,1,1,1,-1,-1,1685,2,9,-1,1,E01005165,0,-1
2023302400096,2023,302400096,3,9,0,2,2,0,0,0,0,0,0,0,0,0,1,1,6,6,3,-1,-1,1685,2,9,HYUNDAI I40,-1,-1,0,-1
2023231305207,2023,231305207,2,9,0,18,19,7,3,0,0,1,0,0,0,0,4,1,6,6,1,54,8,1685,2,5,HYUNDAI I40,6,E01031153,0,-1
2023141266428,2023,141266428,2,9,0,18,19,1,1,0,0,0,0,0,0,0,1,1,6,6,1,58,9,1598,2,4,HYUNDAI I40,9,E01013251,0,-1
2023211276238,2023,211276238,1,9,0,5,5,3,6,0,0,2,0,0,0,0,1,1,6,6,1,66,10,1685,2,7,HYUNDAI I40,6,E01014299,0,-1
2023052301309,2023,052301309,2,9,0,4,4,5,1,0,0,0,0,0,0,0,2,1,6,6,2,31,6,1685,2,5,HYUNDAI I40,-1,-1,0,-1
2023131377342,2023,131377342,2,9,0,3,3,5,1,0,0,8,0,0,0,0,2,1,6,6,1,22,5,1685,2,11,HYUNDAI I40,4,E01005474,0,-1
2023302301275,2023,302301275,3,9,0,3,3,4,8,0,0,1,0,0,0,0,2,1,2,2,1,40,7,1598,2,4,HYUNDAI I40,5,E01019456,0,-1
2023161266648,2023,161266648,1,9,0,7,7,1,3,0,0,6,0,0,0,0,1,1,6,6,1,61,9,1685,2,7,HYUNDAI I40,-1,-1,0,-1
2023052300696,2023,052300696,5,9,0,2,2,0,0,0,0,0,0,0,0,0,4,1,6,6,3,-1,-1,1685,2,4,HYUNDAI I40,-1,-1,0,-1
202360A100574,2023,60A100574,1,9,0,18,19,1,5,0,0,0,0,0,0,0,1,1,6,6,1,51,8,1685,2,7,HYUNDAI I40,-1,-1,0,-1
2023471270374,2023,471270374,2,9,0,18,19,5,1,0,0,0,0,0,0,0,2,1,1,1,1,44,7,1685,2,9,HYUNDAI I40,3,E01021090,0,-1
2023411377525,2023,411377525,2,9,0,3,3,1,2,0,0,3,0,0,0,0,1,1,1,1,1,56,9,1685,2,9,HYUNDAI I40,6,E01023789,0,-1
2023161316222,2023,161316222,1,8,0,18,19,3,7,0,0,8,0,0,0,0,4,1,1,1,1,40,7,1685,2,9,-1,4,E01012829,0,-1
2023221330662,2023,221330662,3,9,0,17,19,2,6,0,0,0,0,0,0,0,1,1,5,6,1,43,7,1685,2,8,HYUNDAI I40,1,E01013995,0,-1
2023061296720,2023,061296720,1,9,0,6,6,1,7,0,0,1,1,10,7,11,1,1,5,6,2,29,6,1685,2,10,HYUNDAI I40,2,E01012431,0,-1
2023361279564,2023,361279564,1,9,0,17,19,4,8,0,0,1,0,0,0,0,1,1,2,2,1,26,6,1685,2,12,HYUNDAI I40,8,E01026895,0,-1
2023052303089,2023,052303089,5,9,0,2,2,0,0,0,0,0,0,0,0,0,4,1,6,6,3,-1,-1,1685,2,11,HYUNDAI I40,-1,-1,0,-1
2023332301126,2023,332301126,2,9,0,18,19,7,3,0,0,4,0,0,0,0,1,1,6,6,1,-1,-1,1685,2,11,HYUNDAI I40,-1,-1,0,-1
2023122300980,2023,122300980,1,9,0,15,15,5,1,0,0,0,0,0,0,0,1,1,6,6,1,28,6,1685,2,10,HYUNDAI I40,6,E01012012,0,-1
202360A057895,2023,60A057895,2,9,0,4,4,4,8,0,0,0,0,0,0,0,1,1,6,6,1,75,10,1685,2,9,HYUNDAI I40,-1,-1,0,-1
2023991280517,2023,991280517,2,8,0,7,7,3,5,0,0,8,0,0,0,0,1,1,1,1,1,39,7,1685,2,7,-1,3,-1,0,-1
2023010477274,2023,010477274,1,8,0,99,99,9,9,99,99,9,9,99,9,99,2,9,1,1,1,37,7,1685,2,6,-1,6,E01002062,0,-1
2023430549701,2023,430549701,2,9,0,3,3,4,8,0,0,8,0,0,0,0,2,1,6,6,2,35,6,1685,2,10,HYUNDAI I40,4,E01016829,0,-1
2023471301951,2023,471301951,2,9,0,2,2,0,0,0,0,0,0,0,0,0,3,1,6,6,3,-1,-1,1685,2,10,HYUNDAI I40,-1,-1,0,-1
2023141287366,2023,141287366,1,9,0,17,19,5,2,0,0,0,1,0,1,4,1,1,1,1,2,36,7,1685,2,7,HYUNDAI I40,1,E01008060,0,-1
2023061371206,2023,061371206,1,9,-1,-1,-1,-1,-1,-1,-1,-1,-1,-1,-1,0,-1,1,6,6,3,-1,-1,1685,2,8,HYUNDAI I40,-1,-1,0,-1
2023332300626,2023,332300626,1,9,0,18,19,5,1,0,0,0,1,0,1,0,1,1,6,6,1,25,5,1685,2,7,HYUNDAI I40,1,E01007332,0,-1
2023361348148,2023,361348148,1,9,0,-1,-1,-1,-1,-1,-1,0,-1,-1,-1,0,-1,1,6,6,1,69,10,1685,2,7,HYUNDAI I40,5,E01026944,0,-1
2023411333144,2023,411333144,2,9,0,7,7,5,1,0,0,6,0,0,0,0,1,1,6,6,1,35,6,1685,2,9,HYUNDAI I40,9,E01023831,0,-1
2023631315142,2023,631315142,2,9,0,4,4,4,8,0,0,8,0,0,0,0,2,1,3,7,2,54,8,1685,2,9,HYUNDAI I40,8,W01000457,0,-1
2023010454138,2023,010454138,3,9,0,2,2,0,0,0,0,0,0,0,0,0,2,1,6,6,3,-1,-1,1685,2,8,HYUNDAI I40,-1,-1,0,-1
2023991370008,2023,991370008,2,9,0,2,2,0,0,0,0,0,0,0,0,0,4,1,5,6,1,33,6,1685,2,9,HYUNDAI I40,10,-1,0,-1
2023520400862,2023,520400862,1,9,0,18,19,1,6,0,0,8,0,0,0,0,2,1,6,6,1,38,7,1685,2,8,HYUNDAI I40,8,E01032630,0,-1
2023471265264,2023,471265264,2,9,0,18,19,5,1,0,0,8,0,0,3,0,1,1,5,6,2,34,6,1685,2,11,HYUNDAI I40,5,E01031826,0,-1
2023131301348,2023,131301348,1,9,0,-1,-1,-1,-1,0,0,6,-1,-1,-1,0,1,1,6,6,1,38,7,1685,2,7,HYUNDAI I40,1,E01011316,0,-1
2023361374279,2023,361374279,1,8,0,9,9,5,1,0,0,8,0,0,0,0,-1,1,6,6,1,69,10,1685,2,7,-1,5,E01026944,0,-1
2023061273189,2023,061273189,2,8,0,18,19,5,1,0,0,1,0,0,0,0,2,1,1,1,1,-1,-1,1685,2,5,-1,2,E01005030,0,-1
2023131312564,2023,131312564,2,9,0,5,5,1,5,0,0,0,0,0,0,0,1,1,6,6,1,30,6,1685,2,11,HYUNDAI I40,4,E01011049,0,-1
2023991315138,2023,991315138,2,9,0,9,9,7,4,0,0,8,0,0,0,0,3,1,5,6,1,76,11,1685,2,6,HYUNDAI I40,4,-1,0,-1
2023440423527,2023,440423527,1,9,0,9,9,4,2,0,0,6,0,0,0,0,1,1,6,6,1,70,10,1685,2,6,HYUNDAI I40,9,E01022743,0,-1
2023201311007,2023,201311007,1,9,0,9,9,6,4,0,0,5,0,0,0,0,4,1,2,2,1,52,8,1685,2,6,HYUNDAI I40,3,E01010018,0,-1
202354D751323,2023,54D751323,2,9,0,3,3,3,7,0,0,4,0,0,0,0,2,1,6,6,1,45,7,1685,2,7,HYUNDAI I40,8,E01031977,0,-1
2023111352648,2023,111352648,1,9,0,18,19,3,7,0,0,0,0,0,0,0,4,1,5,6,1,62,9,1685,2,10,HYUNDAI I40,2,E01020892,0,-1
2023440436586,2023,440436586,2,9,0,4,4,3,7,0,0,0,0,0,0,0,2,1,2,2,2,49,8,1685,2,7,HYUNDAI I40,9,E01022730,0,-1
2023061290537,2023,061290537,2,9,0,18,19,7,3,0,0,0,0,0,0,0,2,1,1,1,1,34,6,1685,2,10,HYUNDAI I40,1,E01033258,0,-1
2023531332003,2023,531332003,2,9,0,3,3,1,5,0,0,0,0,0,0,0,2,1,5,6,2,34,6,1685,2,10,HYUNDAI I40,-1,-1,0,-1
2023010457909,2023,010457909,2,9,0,18,19,1,5,0,0,8,0,0,0,0,1,1,6,6,1,-1,-1,1685,2,9,HYUNDAI I40,5,E01003262,0,-1
2023302301867,2023,302301867,1,9,0,18,19,1,5,0,0,2,0,0,0,0,1,1,6,6,1,75,10,1685,2,11,HYUNDAI I40,10,E01013520,0,-1
2023131327894,2023,131327894,1,9,0,18,19,1,1,0,0,8,0,0,0,0,4,1,6,6,2,28,6,1685,2,12,HYUNDAI I40,1,E01010607,0,-1
2023311318495,2023,311318495,2,9,0,7,7,1,5,0,0,3,0,0,0,0,4,1,6,6,1,35,6,1685,2,5,HYUNDAI I40,2,E01013856,0,-1
2023061353633,2023,061353633,1,9,0,7,7,5,7,0,0,6,0,0,0,0,4,1,6,6,3,-1,-1,1685,2,9,HYUNDAI I40,-1,-1,0,-1
2023201402778,2023,201402778,2,9,0,3,3,4,8,0,0,1,0,0,0,0,2,1,6,6,1,32,6,1685,2,7,HYUNDAI I40,1,E01033616,0,-1
2023501368329,2023,501368329,1,9,0,2,2,1,5,0,0,1,0,0,7,11,3,1,5,6,2,50,8,1685,2,9,HYUNDAI I40,6,E01018852,0,-1
2023201384750,2023,201384750,2,9,0,5,5,4,8,0,0,0,0,0,0,0,2,1,2,2,1,44,7,1685,2,6,HYUNDAI I40,1,E01009380,0,-1
2023461287742,2023,461287742,1,9,-1,-1,-1,-1,-1,-1,-1,0,-1,-1,-1,0,-1,1,6,6,1,-1,-1,1685,2,9,HYUNDAI I40,1,E01016024,0,-1
2023421355828,2023,421355828,2,9,0,4,4,3,7,0,0,0,0,0,0,0,2,1,6,6,3,-1,-1,1685,2,9,HYUNDAI I40,-1,-1,0,-1