collision_index,collision_year,collision_ref_no,vehicle_reference,vehicle_type,towing_and_articulation,vehicle_manoeuvre_historic,vehicle_manoeuvre,vehicle_direction_from,vehicle_direction_to,vehicle_location_restricted_lane_historic,vehicle_location_restricted_lane,junction_location,skidding_and_overturning,hit_object_in_carriageway,vehicle_leaving_carriageway,hit_object_off_carriageway,first_point_of_impact,vehicle_left_hand_drive,journey_purpose_of_driver_historic,journey_purpose_of_driver,sex_of_driver,age_of_driver,age_band_of_driver,engine_capacity_cc,propulsion_code,age_of_vehicle,generic_make_model,driver_imd_decile,lsoa_of_driver,escooter_flag,driver_distance_banding
2023991306982,2023,991306982,2,9,0,18,19,1,6,0,0,8,0,4,0,0,1,1,5,6,1,53,8,1685,2,8,HYUNDAI I40,1,E01026662,0,-1
2023351300142,2023,351300142,2,9,0,18,19,7,3,0,0,4,0,0,0,0,2,1,5,6,2,21,5,1685,2,7,HYUNDAI I40,8,E01017966,0,-1
2023320693352,2023,320693352,3,9,0,3,3,6,2,0,0,0,0,0,0,0,2,1,6,6,1,42,7,1685,2,11,HYUNDAI I40,6,E01026260,0,-1
2023201289695,2023,201289695,2,9,0,18,19,4,8,0,0,1,0,0,0,0,1,1,1,1,1,44,7,1685,2,6,HYUNDAI I40,1,E01009380,0,-1
2023041370910,2023,041370910,1,9,0,13,13,5,1,0,0,0,0,0,0,0,1,1,5,6,1,32,6,1685,2,7,HYUNDAI I40,2,E01025503,0,-1
2023401276045,2023,401276045,1,9,0,9,9,7,5,0,0,2,0,11,0,0,4,1,1,1,1,50,8,1685,2,7,HYUNDAI I40,1,E01017466,0,-1
2023411280152,2023,411280152,2,8,0,16,19,2,5,0,0,0,0,0,0,0,1,1,1,1,1,-1,-1,1685,2,10,-1,9,E01023674,0,-1
2023211346059,2023,211346059,1,9,0,5,5,2,4,0,0,0,0,0,0,0,2,1,5,6,1,76,11,1685,2,6,HYUNDAI I40,8,E01027504,0,-1
2023991281052,2023,991281052,2,9,0,16,19,4,8,0,0,0,0,0,0,0,3,1,5,6,1,23,5,1685,2,7,HYUNDAI I40,6,-1,0,-1
2023010484388,2023,010484388,2,9,0,99,99,9,9,99,99,9,9,99,9,99,1,9,6,6,3,-1,-1,1685,2,7,HYUNDAI I40,-1,-1,0,-1
2023170H10223,2023,170H10223,1,9,0,18,19,3,7,0,0,8,0,0,0,0,2,1,2,2,2,60,9,1685,2,11,HYUNDAI I40,3,E01011991,0,-1
2023991295192,2023,991295192,2,9,0,2,2,1,5,0,0,0,0,4,0,0,2,1,6,6,3,-1,-1,1685,2,12,HYUNDAI I40,-1,-1,0,-1
2023101392480,2023,101392480,1,9,0,12,12,6,2,0,0,8,0,0,0,0,1,1,1,1,1,46,8,1685,2,6,HYUNDAI I40,4,E01008353,0,-1
2023451275784,2023,451275784,1,9,0,1,1,3,7,0,0,0,0,0,0,0,2,1,6,6,2,61,9,1685,2,7,HYUNDAI I40,10,E01030986,0,-1
2023041327415,2023,041327415,1,9,0,7,7,7,5,0,0,8,0,0,0,0,1,1,1,1,1,45,7,1685,2,7,HYUNDAI I40,2,E01025244,0,-1
2023351362557,2023,351362557,1,9,0,7,7,2,4,0,0,1,0,0,0,0,1,1,6,6,1,25,5,1685,2,9,HYUNDAI I40,5,E01017954,0,-1
2023131389318,2023,131389318,2,9,0,2,2,0,0,6,6,2,1,0,0,0,2,1,6,6,3,-1,-1,1685,2,11,HYUNDAI I40,-1,-1,0,-1
2023211346113,2023,211346113,1,9,0,18,19,3,7,0,0,0,0,0,0,0,4,1,1,1,1,-1,-1,1685,2,10,HYUNDAI I40,-1,-1,0,-1
2023010478631,2023,010478631,1,9,0,18,19,5,1,0,0,0,0,4,0,0,1,1,6,6,1,37,7,1685,2,8,HYUNDAI I40,3,E01003521,0,-1
2023332300747,2023,332300747,2,9,0,18,19,1,5,0,0,0,0,0,0,0,2,1,6,6,3,-1,-1,1685,2,5,HYUNDAI I40,-1,-1,0,-1
2023061276234,2023,061276234,1,9,0,13,13,3,7,0,0,8,2,0,0,0,3,1,5,6,1,22,5,1685,2,9,HYUNDAI I40,-1,-1,0,-1
2023131331593,2023,131331593,1,9,0,5,5,7,3,0,0,0,0,0,0,0,0,1,1,1,1,33,6,1685,2,7,HYUNDAI I40,2,E01011030,0,-1
2023351347225,2023,351347225,1,9,0,18,19,3,5,0,0,0,0,0,0,0,1,1,1,1,1,24,5,2359,1,5,-1,8,E01017989,0,-1
2023221280977,2023,221280977,2,9,0,9,9,8,5,0,0,5,0,0,7,1,2,1,1,1,1,31,6,1991,2,14,-1,1,E01007511,0,-1
2023522324393,2023,522324393,3,4,0,18,19,6,2,0,0,2,0,0,0,0,1,1,6,6,1,63,9,248,1,33,-1,3,E01014942,0,-1
2023010461088,2023,010461088,2,3,0,13,13,3,7,0,0,0,0,0,0,0,4,1,6,6,1,74,10,125,1,7,-1,3,E01003430,0,-1
2023531270592,2023,531270592,2,3,0,18,19,6,2,0,0,1,0,0,0,0,1,1,6,6,1,68,10,125,1,6,-1,9,E01022429,0,-1
2023440450289,2023,440450289,2,3,0,15,15,1,5,2,2,1,0,0,0,0,1,1,6,6,1,20,4,124,1,19,-1,4,E01017093,0,-1
2023461371621,2023,461371621,1,3,0,12,12,1,5,0,0,0,2,0,0,0,3,1,5,6,1,66,10,125,1,10,-1,3,E01032815,0,-1
2023041362850,2023,041362850,1,3,0,18,19,5,1,0,0,0,0,0,0,0,3,1,5,6,1,70,10,125,1,7,-1,5,E01024969,0,-1
202360A071651,2023,60A071651,1,3,0,18,19,2,6,0,0,0,0,0,0,0,0,1,6,6,1,48,8,125,1,13,-1,-1,-1,0,-1
2023010466320,2023,010466320,1,9,0,99,99,9,9,99,99,9,9,99,9,99,2,9,6,6,2,55,8,1500,2,2,PEUGEOT RIFTER,1,E01003065,0,-1
2023061320141,2023,061320141,1,9,-1,-1,-1,-1,-1,-1,-1,-1,-1,-1,-1,0,-1,1,6,6,1,-1,-1,1500,2,4,PEUGEOT RIFTER,-1,-1,0,-1
2023221339460,2023,221339460,2,9,0,16,19,2,6,0,0,0,0,0,1,0,4,1,5,6,1,69,10,1500,2,5,PEUGEOT RIFTER,10,E01027270,0,-1
2023991330441,2023,991330441,1,9,0,18,19,7,3,0,0,0,0,0,0,0,3,1,1,1,1,80,11,1498,2,3,PEUGEOT RIFTER,-1,-1,0,-1
2023161281524,2023,161281524,1,9,0,7,7,4,6,0,0,1,0,0,0,0,1,1,5,6,1,71,10,1498,2,4,PEUGEOT RIFTER,1,E01013208,0,-1
2023010426626,2023,010426626,1,9,0,18,19,5,1,0,0,8,0,0,0,0,4,1,6,6,1,41,7,1200,1,4,PEUGEOT RIFTER,2,E01004332,0,-1
2023071226279,2023,071226279,2,9,0,5,5,8,7,0,0,8,0,0,0,0,4,1,6,6,2,55,8,1498,2,3,PEUGEOT RIFTER,3,E01018423,0,-1
2023461386375,2023,461386375,2,9,0,18,19,2,6,0,0,1,0,0,0,0,4,1,6,6,2,36,7,1498,2,3,PEUGEOT RIFTER,1,E01024148,0,-1
2023161309884,2023,161309884,2,9,0,3,3,3,7,0,0,1,0,0,0,0,2,1,6,6,1,70,10,1498,2,4,PEUGEOT RIFTER,6,E01013169,0,-1
2023221333823,2023,221333823,1,9,0,5,5,7,1,0,0,4,0,0,0,0,1,1,5,6,1,69,10,1500,2,2,PEUGEOT RIFTER,2,E01032240,0,-1
2023471338292,2023,471338292,2,8,0,10,10,3,1,0,0,0,0,0,0,0,2,1,1,1,1,35,6,1500,2,4,-1,4,E01021071,0,-1
2023547182123,2023,547182123,2,9,0,18,19,3,7,0,0,8,0,0,0,0,1,1,6,6,1,61,9,1498,2,4,PEUGEOT RIFTER,9,E01032038,0,-1
2023531278560,2023,531278560,2,9,0,18,19,7,3,0,0,8,0,0,0,0,3,1,1,1,2,59,9,1200,1,2,PEUGEOT RIFTER,6,E01022341,0,-1
2023991334521,2023,991334521,1,9,0,9,9,5,4,0,0,8,0,0,0,0,3,1,5,6,2,64,9,1498,2,3,PEUGEOT RIFTER,-1,-1,0,-1
2023311290177,2023,311290177,1,9,0,9,9,6,2,0,0,5,0,0,0,0,3,1,5,6,1,45,7,1200,1,2,PEUGEOT RIFTER,5,E01028243,0,-1
2023170M30823,2023,170M30823,2,9,0,18,19,3,8,0,0,1,0,0,0,0,1,1,6,6,1,46,8,1500,2,3,PEUGEOT RIFTER,3,E01012057,0,-1
2023340WN4012,2023,340WN4012,1,9,0,9,9,2,8,0,0,5,0,0,0,0,4,1,6,6,2,56,9,1499,2,0,PEUGEOT RIFTER,8,E01027217,0,-1
2023451340951,2023,451340951,2,9,0,2,2,0,0,9,9,0,0,0,0,0,2,1,6,6,2,30,6,1498,2,4,PEUGEOT RIFTER,8,E01030384,0,-1
2023010465736,2023,010465736,1,9,0,7,7,5,6,0,0,8,0,0,0,0,4,1,2,2,2,45,7,1498,2,4,PEUGEOT RIFTER,3,E01000635,0,-1
2023531327147,2023,531327147,1,9,0,17,19,6,2,0,0,0,0,7,0,0,1,1,6,6,2,52,8,1498,2,4,PEUGEOT RIFTER,9,E01022443,0,-1
2023201390931,2023,201390931,4,9,0,18,19,5,1,0,0,0,0,0,0,0,2,1,6,6,2,36,7,1500,2,2,PEUGEOT RIFTER,1,E01009404,0,-1
2023351300192,2023,351300192,2,9,0,4,4,-1,-1,0,0,0,0,0,0,0,2,1,5,6,1,86,11,1500,2,3,PEUGEOT RIFTER,3,E01000750,0,-1
2023010462056,2023,010462056,2,9,0,99,99,9,9,99,99,9,9,99,9,99,1,9,6,6,3,-1,-1,1499,2,0,PEUGEOT RIFTER,1,E01001013,0,-1
2023221379358,2023,221379358,2,9,0,8,8,8,2,0,0,1,0,0,0,0,3,1,6,6,1,54,8,1500,2,4,PEUGEOT RIFTER,8,E01032171,0,-1
2023041321545,2023,041321545,1,9,0,18,19,8,4,0,0,1,0,0,0,0,4,1,2,2,1,22,5,1461,2,9,RENAULT MEGANE,1,E01025042,0,-1
2023461389982,2023,461389982,2,9,0,2,2,0,0,0,0,1,0,0,0,0,1,1,6,6,3,-1,-1,1598,1,13,RENAULT MEGANE,-1,-1,0,-1
2023052301689,2023,052301689,1,9,0,18,19,7,3,0,0,0,0,0,0,0,4,1,6,6,1,22,5,1461,2,7,RENAULT MEGANE,1,E01006981,0,-1
2023131276370,2023,131276370,1,9,0,6,6,1,5,0,0,8,0,0,0,0,3,1,6,6,1,18,4,1598,1,13,RENAULT MEGANE,3,E01011298,0,-1
2023111290123,2023,111290123,2,9,0,18,19,3,7,0,0,0,0,0,1,9,1,1,6,6,1,22,5,1998,1,7,RENAULT MEGANE,1,E01020898,0,-1
2023501311710,2023,501311710,2,9,0,3,3,3,7,0,0,0,0,0,0,0,2,1,6,6,2,61,9,1461,2,17,RENAULT MEGANE,3,E01020285,0,-1
202363B000123,2023,63B000123,5,9,0,2,2,0,0,0,0,0,0,0,0,0,3,1,6,6,2,70,10,1598,1,15,RENAULT MEGANE,4,W01000688,0,-1
2023991381531,2023,991381531,1,9,0,9,9,6,3,0,0,1,0,0,0,0,3,1,5,6,2,37,7,1461,2,7,RENAULT MEGANE,6,-1,0,-1
2023010477999,2023,010477999,2,9,0,99,99,9,9,99,99,9,9,99,9,99,9,9,6,6,3,-1,-1,1598,1,12,RENAULT MEGANE,-1,-1,0,-1
2023552400160,2023,552400160,2,9,0,3,3,2,6,0,0,0,0,0,0,0,2,1,1,1,1,41,7,1598,1,20,RENAULT MEGANE,1,E01015309,0,-1
2023552301182,2023,552301182,3,9,0,10,10,6,2,0,0,1,0,0,0,0,2,1,2,2,2,31,6,1461,2,11,RENAULT MEGANE,6,E01020453,0,-1
2023440007568,2023,440007568,2,9,0,18,19,2,3,0,0,1,0,0,0,0,1,1,6,6,3,-1,-1,1598,1,12,RENAULT MEGANE,-1,-1,0,-1
2023461336979,2023,461336979,2,9,0,3,3,4,6,0,0,0,0,0,0,0,1,1,5,6,1,67,10,1461,2,10,RENAULT MEGANE,8,E01028531,0,-1
2023131286704,2023,131286704,1,9,0,5,5,7,5,0,0,6,0,0,0,0,3,1,6,6,1,87,11,1870,2,21,RENAULT MEGANE,7,E01011042,0,-1
2023332301242,2023,332301242,1,9,0,18,19,4,8,0,0,2,0,0,0,0,1,1,6,6,2,47,8,1598,1,14,RENAULT MEGANE,4,E01025667,0,-1
2023461270689,2023,461270689,2,9,0,18,19,3,7,0,0,1,0,11,0,0,1,1,1,1,1,21,5,1461,2,16,RENAULT MEGANE,4,E01024541,0,-1
2023010480309,2023,010480309,2,9,0,99,99,9,9,99,99,9,9,99,9,99,9,9,6,6,1,44,7,-1,3,0,RENAULT MEGANE,9,E01001209,0,-1
2023041307255,2023,041307255,2,9,0,18,19,7,3,0,0,0,0,10,6,0,1,1,2,2,1,37,7,-1,3,1,RENAULT MEGANE,6,E01025486,0,-1
2023461293450,2023,461293450,2,9,0,18,19,4,8,0,0,0,0,0,0,0,1,1,6,6,1,60,9,1598,1,12,RENAULT MEGANE,3,E01024583,0,-1
2023122300146,2023,122300146,1,9,0,16,19,7,3,0,0,0,5,0,1,4,1,1,1,1,1,25,5,1461,2,12,RENAULT MEGANE,5,E01027630,0,-1
2023461339839,2023,461339839,2,9,0,4,4,3,7,0,0,1,0,0,0,0,2,1,5,6,1,57,9,1461,2,12,RENAULT MEGANE,2,E01024066,0,-1
2023991375936,2023,991375936,1,9,0,18,19,5,8,0,0,4,0,0,0,0,1,1,6,6,1,61,9,1598,1,18,RENAULT MEGANE,4,-1,0,-1
2023991263417,2023,991263417,2,9,0,5,5,3,5,0,0,1,1,0,0,0,1,1,5,6,1,28,6,1461,2,7,RENAULT MEGANE,4,-1,0,-1
2023471354018,2023,471354018,1,9,0,3,3,8,4,0,0,1,0,0,0,0,4,1,6,6,1,34,6,1870,2,12,RENAULT MEGANE,9,E01020954,0,-1
2023610019723,2023,610019723,2,9,0,10,10,2,8,0,0,5,0,0,0,0,1,1,1,1,1,37,7,1598,1,14,RENAULT MEGANE,6,W01001511,0,-1
2023471361847,2023,471361847,1,9,0,15,15,2,6,0,0,1,0,0,0,0,1,1,5,6,1,27,6,1598,1,12,RENAULT MEGANE,-1,-1,0,-1
2023361336125,2023,361336125,1,9,0,18,19,8,4,0,0,0,0,0,7,0,1,1,6,6,2,47,8,1461,2,4,RENAULT MEGANE,-1,-1,0,-1
2023320529019,2023,320529019,2,9,0,2,2,0,0,0,0,0,0,0,0,0,2,1,6,6,1,65,9,1598,2,7,RENAULT MEGANE,-1,-1,0,-1
2023170H10363,2023,170H10363,1,9,0,1,1,0,0,0,0,1,0,0,0,0,2,1,6,6,2,29,6,1461,2,8,RENAULT MEGANE,1,E01011994,0,-1
2023231366430,2023,231366430,1,9,0,18,19,6,2,0,0,1,0,0,0,0,1,1,6,6,1,48,8,1461,2,12,RENAULT MEGANE,1,E01009639,0,-1
2023471378925,2023,471378925,1,9,0,1,1,0,1,7,6,1,0,0,0,0,2,1,6,6,2,63,9,1461,2,10,RENAULT MEGANE,7,E01021022,0,-1
2023320455780,2023,320455780,1,9,0,16,19,2,6,0,0,0,1,0,1,9,1,1,6,6,1,27,6,1995,2,15,RENAULT MEGANE,3,E01026386,0,-1
2023340NN4632,2023,340NN4632,1,9,0,9,9,2,7,0,0,5,0,0,0,0,1,1,6,6,2,86,11,1461,2,17,RENAULT MEGANE,5,E01027130,0,-1
2023622300391,2023,622300391,2,9,0,9,9,6,3,0,0,8,0,0,0,0,3,1,6,6,2,47,8,1461,2,13,RENAULT MEGANE,4,W01001158,0,-1
2023141326670,2023,141326670,1,9,0,9,9,6,5,0,0,1,0,0,0,0,2,1,6,6,2,34,6,1461,2,11,RENAULT MEGANE,4,E01007353,0,-1
2023010461428,2023,010461428,1,9,0,11,11,7,3,0,0,0,0,0,0,0,4,1,6,6,1,36,7,1998,1,7,RENAULT MEGANE,8,E01002582,0,-1
2023361316670,2023,361316670,1,9,0,7,7,1,3,0,0,0,0,0,0,0,3,1,5,6,2,41,7,1461,2,7,RENAULT MEGANE,6,E01026781,0,-1
2023161350882,2023,161350882,1,9,0,7,7,7,1,0,0,1,0,0,0,0,1,1,6,6,2,48,8,1461,2,12,RENAULT MEGANE,-1,-1,0,-1
2023010468911,2023,010468911,2,9,0,99,99,9,9,99,99,9,9,99,9,99,1,9,6,6,3,-1,-1,1461,2,18,RENAULT MEGANE,-1,-1,0,-1
2023031315690,2023,031315690,1,9,0,18,19,6,2,0,0,0,0,0,0,0,1,1,6,6,2,36,7,1598,1,14,RENAULT MEGANE,-1,-1,0,-1
2023010460183,2023,010460183,2,9,0,2,2,0,0,0,0,0,0,0,1,0,2,1,6,6,3,-1,-1,1998,1,19,RENAULT MEGANE,-1,-1,0,-1
2023351283987,2023,351283987,2,9,0,2,2,0,0,0,0,0,0,0,0,0,2,1,5,6,3,-1,-1,1598,1,22,RENAULT MEGANE,-1,-1,0,-1
2023052301705,2023,052301705,1,9,0,18,19,1,5,0,0,1,0,0,0,0,1,1,6,6,1,27,6,1461,2,7,RENAULT MEGANE,7,E01006801,0,-1
2023531318263,2023,531318263,1,9,0,16,19,3,7,0,0,0,5,0,0,0,1,1,5,6,1,18,4,1461,2,10,RENAULT MEGANE,4,E01009111,0,-1
2023361349407,2023,361349407,1,9,0,18,19,3,7,0,0,0,0,0,0,0,1,1,5,6,1,34,6,1598,1,13,RENAULT MEGANE,6,E01026896,0,-1
2023061355419,2023,061355419,2,8,0,4,4,7,3,0,0,0,0,0,0,0,2,1,6,6,1,51,8,1461,2,10,-1,4,E01005853,0,-1
2023131283260,2023,131283260,1,9,0,18,19,5,1,0,0,0,1,0,0,0,1,1,5,6,1,49,8,1598,1,17,RENAULT MEGANE,1,E01011663,0,-1
2023010474293,2023,010474293,1,9,0,18,19,3,7,0,0,1,0,4,0,0,1,1,6,6,1,18,4,1390,1,16,RENAULT MEGANE,2,E01002633,0,-1
2023401352484,2023,401352484,1,9,0,18,19,1,7,0,0,0,1,10,0,0,1,1,5,6,1,47,8,1461,2,13,RENAULT MEGANE,4,E01017600,0,-1
2023471395540,2023,471395540,1,9,0,9,9,7,4,0,0,0,0,0,1,0,4,1,6,6,2,30,6,1598,1,14,RENAULT MEGANE,3,E01016852,0,-1
202360A058104,2023,60A058104,1,9,0,16,19,5,8,0,0,0,0,0,0,0,1,1,6,6,2,51,8,-1,3,0,RENAULT MEGANE,-1,-1,0,-1
2023141313820,2023,141313820,1,9,0,18,19,2,6,0,0,0,0,0,0,0,1,1,1,1,2,62,9,1998,1,10,RENAULT MEGANE,4,E01007821,0,-1
2023131317797,2023,131317797,1,9,0,18,19,7,3,0,0,1,0,0,0,0,1,1,2,2,2,54,8,1397,1,13,RENAULT MEGANE,9,E01011160,0,-1
2023061282083,2023,061282083,1,9,0,7,7,3,5,0,0,0,0,0,0,0,1,1,6,6,1,21,5,1598,1,13,RENAULT MEGANE,2,E01004815,0,-1
2023010440316,2023,010440316,2,9,0,99,99,9,9,99,99,9,9,99,9,99,1,9,6,6,3,-1,-1,1598,1,13,RENAULT MEGANE,-1,-1,0,-1
2023161389983,2023,161389983,3,9,0,18,19,3,7,0,0,2,0,0,0,0,1,1,6,6,1,73,10,1461,2,12,RENAULT MEGANE,5,E01013211,0,-1
2023111310598,2023,111310598,1,9,0,9,9,3,1,0,0,8,0,0,0,0,1,1,2,2,1,34,6,1461,2,9,RENAULT MEGANE,3,E01020875,0,-1
2023061274210,2023,061274210,2,9,0,2,2,6,2,0,0,0,0,0,0,0,2,1,6,6,3,53,8,1461,2,9,RENAULT MEGANE,1,E01005722,0,-1
2023461271030,2023,461271030,2,9,0,9,9,4,3,0,0,0,0,0,0,0,4,1,6,6,1,42,7,1461,2,11,RENAULT MEGANE,5,E01024623,0,-1
2023201415152,2023,201415152,1,9,-1,-1,-1,-1,-1,-1,-1,-1,-1,-1,-1,0,-1,1,3,7,2,-1,-1,1461,2,12,RENAULT MEGANE,1,E01009117,0,-1
2023070725850,2023,070725850,1,9,0,4,4,1,5,0,0,1,0,0,0,0,1,1,6,6,2,24,5,1598,1,14,RENAULT MEGANE,9,E01018526,0,-1
2023061373950,2023,061373950,3,9,0,-1,-1,-1,-1,-1,-1,-1,-1,-1,-1,0,-1,1,6,6,2,-1,-1,1598,1,16,RENAULT MEGANE,2,E01004922,0,-1
2023461378263,2023,461378263,1,9,0,9,9,1,6,0,0,6,0,0,0,0,1,1,2,2,1,44,7,1461,2,10,RENAULT MEGANE,1,E01024660,0,-1
2023010465730,2023,010465730,1,9,0,18,19,5,1,0,0,8,0,0,0,0,3,1,2,2,1,31,6,1461,2,11,RENAULT MEGANE,2,E01001006,0,-1
2023320376095,2023,320376095,1,9,0,9,9,8,6,0,0,8,1,0,0,0,1,1,6,6,2,31,6,1461,2,9,RENAULT MEGANE,1,E01026312,0,-1
2023111330594,2023,111330594,2,9,0,7,7,8,3,0,0,1,0,0,1,0,2,1,1,1,1,31,6,1598,1,13,RENAULT MEGANE,1,E01008302,0,-1
2023111287603,2023,111287603,2,9,0,18,19,2,6,0,0,1,0,0,1,0,4,1,6,6,2,29,6,1461,2,13,RENAULT MEGANE,5,E01020663,0,-1
2023440491944,2023,440491944,1,9,0,18,19,3,7,0,0,0,0,0,0,0,1,1,6,6,1,31,6,1461,2,13,RENAULT MEGANE,5,E01017136,0,-1
2023320100215,2023,320100215,1,9,0,9,9,2,6,0,0,6,0,0,0,0,3,1,2,2,1,25,5,1461,2,14,RENAULT MEGANE,7,E01026208,0,-1
2023041269024,2023,041269024,2,9,0,4,4,7,3,0,0,0,0,0,0,0,1,1,5,6,1,54,8,1598,1,17,RENAULT MEGANE,2,E01025140,0,-1
2023231377183,2023,231377183,1,9,0,5,5,3,7,0,0,6,0,0,0,0,4,1,2,2,2,37,7,1461,2,7,RENAULT MEGANE,9,E01031329,0,-1
2023221368851,2023,221368851,2,9,0,9,9,1,7,0,0,8,0,0,0,0,1,1,6,6,2,27,6,1461,2,13,RENAULT MEGANE,7,E01014137,0,-1
2023440304950,2023,440304950,1,9,0,18,19,6,2,0,0,1,0,0,0,0,1,1,6,6,2,38,7,1461,2,12,RENAULT MEGANE,5,E01031512,0,-1
2023231351479,2023,231351479,1,9,0,12,12,2,6,0,0,8,1,0,7,0,1,1,6,6,1,35,6,1461,2,16,RENAULT MEGANE,7,E01032255,0,-1
2023991321159,2023,991321159,1,9,0,18,19,8,4,0,0,0,0,0,0,0,1,1,5,6,2,30,6,1461,2,12,RENAULT MEGANE,3,-1,0,-1
2023010474512,2023,010474512,1,9,0,99,99,9,9,99,99,0,9,99,9,99,1,9,6,6,1,66,10,1598,1,22,RENAULT MEGANE,7,E01021038,0,-1
2023201393484,2023,201393484,2,9,0,18,19,3,7,0,0,1,0,0,0,0,2,1,6,6,1,24,5,1598,1,13,RENAULT MEGANE,1,E01008966,0,-1
2023622300459,2023,622300459,2,9,0,18,19,6,2,0,0,0,0,0,0,0,1,1,6,6,1,27,6,1461,2,13,RENAULT MEGANE,8,W01000797,0,-1
2023010448989,2023,010448989,1,9,9,99,99,9,9,99,99,9,9,99,9,99,9,9,6,6,1,48,8,1598,1,22,RENAULT MEGANE,4,E01000229,0,-1
2023320483485,2023,320483485,2,9,0,18,19,8,4,0,0,0,0,0,0,0,0,1,6,6,2,21,5,1461,2,12,RENAULT MEGANE,7,E01026053,0,-1
2023201314936,2023,201314936,2,9,0,3,3,8,4,0,0,0,0,0,0,0,2,1,2,2,1,42,7,1461,2,10,RENAULT MEGANE,2,E01009935,0,-1
2023010458365,2023,010458365,1,9,0,4,4,1,5,0,0,1,0,0,0,0,1,1,6,6,2,31,6,1397,1,13,RENAULT MEGANE,2,E01001332,0,-1
2023101411672,2023,101411672,1,9,0,5,5,3,7,0,0,4,0,0,0,0,1,1,6,6,1,45,7,1461,2,11,RENAULT MEGANE,8,E01008868,0,-1
2023061325724,2023,061325724,1,9,0,9,9,5,3,0,0,1,0,0,0,0,1,1,6,6,3,30,6,1998,1,17,RENAULT MEGANE,-1,-1,0,-1
2023411397081,2023,411397081,1,9,0,7,7,2,4,0,0,5,1,0,2,2,4,1,5,6,1,-1,-1,1598,1,19,RENAULT MEGANE,9,E01023849,0,-1
2023548806923,2023,548806923,2,9,0,18,19,7,3,0,0,0,1,0,0,0,3,1,6,6,1,22,5,1870,2,12,RENAULT MEGANE,8,E01015500,0,-1
2023991288092,2023,991288092,1,9,0,9,9,4,2,0,0,8,0,0,0,0,4,1,6,6,1,59,9,1598,1,13,RENAULT MEGANE,-1,-1,0,-1
2023052302772,2023,052302772,1,9,0,14,14,1,5,0,0,0,0,0,0,0,4,1,6,6,1,91,11,1598,1,14,RENAULT MEGANE,2,E01006464,0,-1
2023311383616,2023,311383616,1,9,0,5,5,7,3,0,0,6,1,0,1,0,1,1,6,6,2,64,9,1870,2,20,RENAULT MEGANE,-1,-1,0,-1
2023421359098,2023,421359098,1,9,0,10,10,3,7,0,0,0,0,0,0,0,4,1,6,6,1,55,8,1598,1,17,RENAULT MEGANE,4,E01015906,0,-1
2023543663323,2023,543663323,1,9,0,18,19,6,2,0,0,1,0,0,0,0,1,1,6,6,2,52,8,1461,2,12,RENAULT MEGANE,5,E01032111,0,-1
2023131280532,2023,131280532,1,9,0,18,19,3,7,0,0,0,0,11,1,10,1,1,6,6,1,65,9,1461,2,11,RENAULT MEGANE,3,E01010752,0,-1
2023440287208,2023,440287208,2,9,0,10,10,3,7,0,0,2,0,0,0,0,2,1,6,6,1,59,9,1598,2,9,RENAULT MEGANE,7,E01023098,0,-1
2023351329543,2023,351329543,3,9,0,2,2,3,7,6,6,0,0,0,1,0,2,1,6,6,2,19,4,1998,1,19,RENAULT MEGANE,10,E01018284,0,-1
2023440267410,2023,440267410,1,9,0,18,19,2,6,0,0,1,0,0,0,0,1,1,6,6,2,30,6,1598,1,14,RENAULT MEGANE,10,E01022659,0,-1
2023361322227,2023,361322227,1,9,0,18,19,6,2,0,0,2,0,0,7,3,1,1,5,6,1,85,11,1397,1,13,RENAULT MEGANE,4,E01026278,0,-1
2023052301675,2023,052301675,3,9,0,18,19,7,3,0,0,0,0,0,0,0,2,1,6,6,1,52,8,1598,2,6,RENAULT MEGANE,7,E01012434,0,-1
2023991339651,2023,991339651,1,9,0,9,9,7,4,0,0,5,0,0,0,0,3,1,5,6,1,62,9,1598,1,15,RENAULT MEGANE,4,-1,0,-1
2023201329465,2023,201329465,2,9,0,12,12,4,8,0,0,8,0,0,0,0,2,1,6,6,1,87,11,1461,2,11,RENAULT MEGANE,4,E01009689,0,-1
2023052302762,2023,052302762,2,9,0,18,19,5,1,0,0,1,0,0,0,0,4,1,6,6,2,26,6,1461,2,14,RENAULT MEGANE,1,E01006903,0,-1
2023201428210,2023,201428210,1,9,0,9,9,4,2,0,0,5,0,0,0,0,3,1,6,6,3,-1,-1,-1,3,0,RENAULT MEGANE,-1,-1,0,-1
2023070348912,2023,070348912,2,9,0,4,4,1,5,0,0,3,0,0,0,0,2,1,2,2,2,42,7,1598,1,12,RENAULT MEGANE,9,E01018650,0,-1
2023161332301,2023,161332301,1,9,0,18,19,7,3,0,0,0,0,4,0,0,1,1,6,6,1,38,7,1870,2,17,RENAULT MEGANE,1,E01012783,0,-1
2023371358040,2023,371358040,3,9,0,2,2,1,1,0,0,0,0,4,0,0,3,1,6,6,3,-1,-1,1390,1,17,RENAULT MEGANE,-1,-1,0,-1