collision_index,collision_year,collision_ref_no,vehicle_reference,vehicle_type,towing_and_articulation,vehicle_manoeuvre_historic,vehicle_manoeuvre,vehicle_direction_from,vehicle_direction_to,vehicle_location_restricted_lane_historic,vehicle_location_restricted_lane,junction_location,skidding_and_overturning,hit_object_in_carriageway,vehicle_leaving_carriageway,hit_object_off_carriageway,first_point_of_impact,vehicle_left_hand_drive,journey_purpose_of_driver_historic,journey_purpose_of_driver,sex_of_driver,age_of_driver,age_band_of_driver,engine_capacity_cc,propulsion_code,age_of_vehicle,generic_make_model,driver_imd_decile,lsoa_of_driver,escooter_flag,driver_distance_banding
2023141286838,2023,141286838,1,9,0,17,19,7,3,0,0,3,0,0,1,2,1,1,6,6,2,34,6,1598,1,17,RENAULT MEGANE,4,E01007329,0,-1
2023440177468,2023,440177468,1,9,0,3,3,4,8,0,0,0,0,0,0,0,3,1,6,6,2,50,8,1461,2,13,RENAULT MEGANE,4,E01017263,0,-1
2023371347009,2023,371347009,1,9,0,17,19,5,4,0,0,0,0,0,0,0,1,1,2,2,2,40,7,1598,1,18,RENAULT MEGANE,2,E01030168,0,-1
2023201279168,2023,201279168,1,9,0,16,19,4,6,0,0,0,0,4,0,0,1,1,6,6,1,-1,-1,1461,2,13,RENAULT MEGANE,-1,-1,0,-1
2023201291155,2023,201291155,1,9,0,7,7,1,4,-1,-1,0,0,0,0,0,1,1,6,6,2,52,8,1598,1,14,RENAULT MEGANE,2,E01010447,0,-1
2023070426765,2023,070426765,2,9,0,11,11,4,8,6,6,0,1,0,5,6,4,1,6,6,2,70,10,1598,1,14,RENAULT MEGANE,8,E01007142,0,-1
2023320751279,2023,320751279,1,9,0,18,19,8,4,0,0,0,0,0,0,0,3,1,6,6,1,18,4,1461,2,10,RENAULT MEGANE,7,E01007582,0,-1
2023302300349,2023,302300349,1,9,0,9,9,4,2,0,0,5,0,0,0,0,4,1,6,6,2,42,7,1598,1,14,RENAULT MEGANE,1,E01019625,0,-1
2023421375228,2023,421375228,2,9,0,18,19,7,3,0,0,0,0,0,0,0,3,1,1,1,1,64,9,-1,3,0,RENAULT MEGANE,6,E01022096,0,-1
2023031274486,2023,031274486,1,9,0,18,19,5,1,0,0,0,0,0,0,0,1,1,1,1,1,26,6,1998,1,13,RENAULT MEGANE,-1,-1,0,-1
2023991289206,2023,991289206,8,9,0,2,2,0,0,9,9,2,0,0,0,0,1,1,6,6,3,-1,-1,1598,2,6,RENAULT MEGANE,-1,-1,0,-1
2023061330528,2023,061330528,2,9,-1,-1,-1,-1,-1,-1,-1,-1,-1,-1,-1,0,1,1,6,6,1,-1,-1,1598,1,15,RENAULT MEGANE,6,E01005387,0,-1
2023161303268,2023,161303268,1,9,0,7,7,7,1,0,0,0,0,0,0,0,1,1,6,6,1,53,8,1461,2,14,RENAULT MEGANE,1,E01013080,0,-1
2023201371022,2023,201371022,1,9,0,16,19,4,2,0,0,8,1,0,0,0,1,1,6,6,1,20,4,1598,1,16,RENAULT MEGANE,2,E01010338,0,-1
2023010429139,2023,010429139,1,9,0,99,99,9,9,99,99,9,9,99,9,99,9,9,6,6,3,32,6,1461,2,7,RENAULT MEGANE,-1,-1,0,-1
2023522300258,2023,522300258,1,9,0,4,4,5,1,0,0,1,0,0,0,0,3,1,6,6,1,55,8,1598,1,10,RENAULT MEGANE,1,E01033359,0,-1
2023471275333,2023,471275333,1,9,0,16,19,5,7,0,0,0,0,0,0,0,1,1,5,6,2,39,7,1598,1,12,RENAULT MEGANE,4,E01021002,0,-1
2023070457350,2023,070457350,1,9,0,16,19,8,4,0,0,0,5,10,0,0,4,1,6,6,1,44,7,1461,2,10,RENAULT MEGANE,6,E01018450,0,-1
2023622300599,2023,622300599,1,9,0,18,19,3,7,0,0,0,0,0,0,0,1,1,6,6,2,39,7,1598,1,13,RENAULT MEGANE,4,W01001139,0,-1
2023461286901,2023,461286901,1,9,0,18,19,6,2,0,0,0,0,0,1,0,1,1,6,6,2,25,5,1461,2,5,RENAULT MEGANE,6,E01024016,0,-1
2023411374795,2023,411374795,2,9,0,5,5,4,8,0,0,0,1,0,0,0,3,1,5,6,1,31,6,1598,1,14,RENAULT MEGANE,6,E01023414,0,-1
2023991285994,2023,991285994,1,9,0,18,19,5,7,0,0,8,0,0,0,0,1,1,5,6,1,42,7,1461,2,13,RENAULT MEGANE,1,E01008911,0,-1
2023131363684,2023,131363684,1,9,0,18,19,7,3,0,0,1,0,0,0,0,2,1,5,6,1,37,7,1598,1,9,RENAULT MEGANE,3,E01011541,0,-1
2023461296688,2023,461296688,2,9,0,18,19,5,1,0,0,0,2,0,1,4,1,1,5,6,1,61,9,1461,2,8,RENAULT MEGANE,5,E01024379,0,-1
2023161266571,2023,161266571,1,9,0,18,19,3,7,0,0,5,0,0,0,0,4,1,5,6,2,58,9,1870,2,12,RENAULT MEGANE,8,E01020400,0,-1
2023340WN2322,2023,340WN2322,2,9,0,18,19,4,8,0,0,0,0,0,0,0,3,1,6,6,1,35,6,1461,2,10,RENAULT MEGANE,7,E01031194,0,-1
2023061381916,2023,061381916,1,9,0,2,2,6,6,0,0,8,0,0,0,0,0,1,5,6,1,52,8,-1,3,0,RENAULT MEGANE,2,E01004798,0,-1
2023430350519,2023,430350519,1,9,0,18,19,1,5,0,0,0,0,0,0,0,4,1,6,6,2,-1,-1,1598,8,1,RENAULT MEGANE,-1,-1,0,-1
2023131307143,2023,131307143,2,9,0,9,9,4,6,0,0,5,0,0,0,0,1,1,5,6,1,38,7,1461,2,12,RENAULT MEGANE,1,E01010617,0,-1
2023991323404,2023,991323404,1,9,0,17,19,6,2,0,0,1,0,0,0,0,1,1,5,6,2,32,6,1598,1,14,RENAULT MEGANE,3,-1,0,-1
2023161267017,2023,161267017,1,9,0,9,9,8,6,0,0,2,0,0,0,0,1,1,3,7,2,24,5,1598,1,14,RENAULT MEGANE,1,E01012900,0,-1
2023461344278,2023,461344278,1,9,0,3,3,4,8,0,0,1,0,0,0,0,1,1,6,6,2,46,8,1598,8,2,RENAULT MEGANE,-1,-1,0,-1
2023320531530,2023,320531530,1,9,0,7,7,6,8,0,0,5,0,10,0,0,1,1,6,6,1,36,7,1998,1,9,RENAULT MEGANE,6,E01026380,0,-1
2023231414635,2023,231414635,1,9,0,4,4,1,5,0,0,8,0,0,0,0,1,1,6,6,1,59,9,1461,2,11,RENAULT MEGANE,5,E01031105,0,-1
2023351366417,2023,351366417,1,9,0,3,3,3,5,0,0,1,0,0,0,0,1,1,6,6,2,44,7,1461,2,13,RENAULT MEGANE,5,E01033180,0,-1
2023052303005,2023,052303005,1,9,0,18,19,3,7,0,0,0,0,0,0,0,1,1,6,6,2,-1,-1,1461,2,8,RENAULT MEGANE,7,E01006668,0,-1
2023501312962,2023,501312962,1,9,0,17,19,8,4,0,0,0,0,0,1,4,1,1,5,6,1,61,9,1598,1,21,RENAULT MEGANE,4,E01020311,0,-1
2023610004523,2023,610004523,2,9,0,18,19,5,1,0,0,0,0,0,0,0,1,1,6,6,2,21,5,1461,2,16,RENAULT MEGANE,4,W01001487,0,-1
2023302300805,2023,302300805,2,9,0,18,19,4,8,0,0,2,0,0,0,0,4,1,6,6,1,35,6,1598,1,22,RENAULT MEGANE,4,E01019717,0,-1
2023041319513,2023,041319513,2,9,0,18,19,5,1,0,0,8,0,0,0,0,4,1,2,2,2,36,7,1461,2,11,RENAULT MEGANE,1,E01025045,0,-1
2023461319265,2023,461319265,1,9,0,4,4,6,1,0,0,0,0,0,0,0,1,1,1,1,1,43,7,1461,2,5,RENAULT MEGANE,2,E01031819,0,-1
2023991331979,2023,991331979,1,9,0,6,6,6,5,4,4,1,0,0,0,0,0,1,6,6,1,67,10,1598,1,11,RENAULT MEGANE,1,-1,0,-1
2023991367766,2023,991367766,1,9,0,18,19,2,7,0,0,1,0,0,0,0,3,1,5,6,1,32,6,1461,2,12,RENAULT MEGANE,3,-1,0,-1
2023041387329,2023,041387329,1,9,0,18,19,7,3,9,9,0,-1,11,0,0,1,1,6,6,1,29,6,1598,1,15,RENAULT MEGANE,1,E01025227,0,-1
2023041359961,2023,041359961,3,9,0,3,3,3,7,0,0,1,0,0,0,0,2,1,6,6,2,48,8,1598,1,14,RENAULT MEGANE,1,E01012743,0,-1
2023430243277,2023,430243277,2,9,0,18,19,1,5,0,0,4,0,0,0,0,1,1,6,6,1,-1,-1,1798,1,4,RENAULT MEGANE,-1,-1,0,-1
2023421352963,2023,421352963,1,9,0,1,1,5,6,0,0,1,0,0,0,0,2,1,6,6,3,-1,-1,1598,1,12,RENAULT MEGANE,-1,-1,0,-1
2023440194745,2023,440194745,1,9,0,18,19,4,8,0,0,1,0,0,0,0,1,1,6,6,2,84,11,1598,1,20,RENAULT MEGANE,7,E01023048,0,-1
2023161325729,2023,161325729,1,9,0,18,19,1,5,0,0,8,0,0,0,0,1,1,6,6,1,-1,-1,1461,2,13,RENAULT MEGANE,1,E01012779,0,-1
2023061304508,2023,061304508,2,9,0,18,19,1,5,0,0,8,0,0,0,0,1,1,5,6,2,55,8,1598,1,12,RENAULT MEGANE,-1,-1,0,-1
2023421267781,2023,421267781,1,9,0,18,19,7,3,0,0,0,1,0,0,0,1,1,6,6,3,-1,-1,1461,2,12,RENAULT MEGANE,-1,-1,0,-1
2023421272625,2023,421272625,1,9,0,5,5,7,3,0,0,3,0,0,0,0,1,1,6,6,2,26,6,1598,1,17,RENAULT MEGANE,2,E01021278,0,-1
2023211321358,2023,211321358,1,9,0,18,19,1,1,0,0,0,0,0,0,0,1,1,5,6,1,53,8,1598,1,14,RENAULT MEGANE,1,E01014354,0,-1
2023201310128,2023,201310128,1,9,0,3,3,5,1,0,0,1,0,0,0,0,2,1,6,6,2,50,8,1461,2,11,RENAULT MEGANE,1,E01010148,0,-1
2023211332255,2023,211332255,1,9,0,6,6,5,1,0,0,0,0,0,0,0,3,1,6,6,1,51,8,1461,2,12,RENAULT MEGANE,3,E01010538,0,-1
2023170L21393,2023,170L21393,1,9,0,18,19,2,6,0,0,4,0,0,0,0,3,1,6,6,2,21,5,1598,1,12,RENAULT MEGANE,1,E01012091,0,-1
2023201412591,2023,201412591,4,9,0,3,3,7,3,0,0,1,0,0,0,0,3,1,1,1,1,48,8,1461,2,4,RENAULT MEGANE,2,E01008942,0,-1
2023131314354,2023,131314354,1,9,0,5,5,7,3,0,0,2,0,0,0,0,3,1,6,6,2,31,6,1598,2,9,RENAULT MEGANE,7,E01011646,0,-1
2023471338233,2023,471338233,1,9,0,13,13,7,3,0,0,0,0,10,7,0,4,1,2,2,1,26,6,1461,2,19,RENAULT MEGANE,3,E01031609,0,-1
2023131359824,2023,131359824,2,9,0,18,19,1,5,0,0,0,0,0,0,0,1,1,6,6,1,78,11,1461,2,10,RENAULT MEGANE,6,E01011599,0,-1
2023991317905,2023,991317905,1,9,0,15,15,6,2,0,0,0,0,0,0,0,1,1,6,6,1,34,6,1461,2,14,RENAULT MEGANE,1,-1,0,-1
2023461374239,2023,461374239,2,9,0,3,3,3,7,0,0,0,0,0,0,0,1,1,6,6,1,28,6,1461,2,12,RENAULT MEGANE,1,E01024611,0,-1
2023302301278,2023,302301278,1,9,0,18,19,5,1,0,0,0,0,0,1,4,1,1,6,6,1,19,4,1390,1,22,RENAULT MEGANE,4,E01028098,0,-1
2023371295451,2023,371295451,1,9,0,6,6,4,2,0,0,0,0,0,0,0,3,1,5,6,1,35,6,1598,1,16,RENAULT MEGANE,7,E01030186,0,-1
2023010445356,2023,010445356,1,9,0,9,9,1,7,0,0,2,0,0,0,0,2,1,2,2,1,57,9,1598,1,13,RENAULT MEGANE,4,E01003230,0,-1
2023520300362,2023,520300362,2,9,0,17,19,4,8,0,0,0,0,0,0,0,1,1,6,6,1,40,7,1461,2,12,RENAULT MEGANE,3,E01029170,0,-1
2023421325778,2023,421325778,2,9,0,18,19,3,7,0,0,1,0,0,0,0,1,1,5,6,2,38,7,1461,2,12,RENAULT MEGANE,9,E01015815,0,-1
2023010432849,2023,010432849,1,9,0,9,9,3,2,0,0,8,0,0,0,0,3,1,6,6,1,26,6,1598,1,11,RENAULT MEGANE,2,E01003229,0,-1
2023141389094,2023,141389094,2,9,0,18,19,3,7,0,0,0,0,0,0,0,1,1,2,2,1,65,9,1598,1,13,RENAULT MEGANE,8,E01007606,0,-1
2023552400014,2023,552400014,1,9,0,18,19,3,7,0,0,0,2,0,0,0,1,1,2,2,2,26,6,1998,1,18,RENAULT MEGANE,6,E01020493,0,-1
2023141263599,2023,141263599,1,9,0,7,7,1,8,0,0,2,1,0,0,0,3,1,6,6,1,20,4,1598,1,17,RENAULT MEGANE,1,E01011789,0,-1
2023061300923,2023,061300923,2,9,-1,-1,-1,-1,-1,-1,-1,-1,-1,-1,-1,0,-1,1,6,6,2,45,7,1461,2,11,RENAULT MEGANE,3,E01005062,0,-1
2023351357155,2023,351357155,1,9,0,18,19,-1,-1,0,0,0,0,0,0,0,1,1,6,6,2,45,7,1461,2,12,RENAULT MEGANE,4,E01015676,0,-1
2023471367114,2023,471367114,1,9,0,18,19,3,7,0,0,8,0,0,0,0,4,1,5,6,1,35,6,1598,1,17,RENAULT MEGANE,8,E01031399,0,-1
2023231293189,2023,231293189,1,9,0,5,5,1,5,0,0,6,0,0,0,0,1,1,5,6,1,35,6,1870,2,13,RENAULT MEGANE,5,E01031311,0,-1
2023501334497,2023,501334497,1,9,0,18,19,4,1,0,0,6,0,0,0,0,4,1,6,6,2,68,10,1461,2,8,RENAULT MEGANE,6,E01018852,0,-1
2023320574478,2023,320574478,1,9,0,18,19,4,8,0,0,8,0,0,0,0,3,1,6,6,1,56,9,1461,2,15,RENAULT MEGANE,1,E01026092,0,-1
2023170S20193,2023,170S20193,1,9,0,8,8,4,6,0,0,1,0,0,0,0,2,1,6,6,1,36,7,1461,2,13,RENAULT MEGANE,8,E01032594,0,-1
2023461383333,2023,461383333,1,9,0,3,3,5,1,0,0,0,0,0,0,0,1,1,6,6,1,-1,-1,1461,2,13,RENAULT MEGANE,-1,-1,0,-1
2023471299864,2023,471299864,3,9,0,18,19,2,6,0,0,8,0,0,0,0,0,1,5,6,1,64,9,1598,1,17,RENAULT MEGANE,8,E01031543,0,-1
2023010459414,2023,010459414,1,9,0,7,7,7,1,0,0,5,1,0,0,0,2,1,6,6,1,40,7,1461,2,11,RENAULT MEGANE,5,E01002590,0,-1
2023430489734,2023,430489734,2,9,0,5,5,8,4,0,0,4,0,0,0,0,1,1,6,6,1,50,8,1461,2,2,RENAULT MEGANE,-1,-1,0,-1
2023231341698,2023,231341698,1,9,0,11,11,3,7,0,0,0,0,0,0,0,4,1,6,6,2,50,8,1461,2,10,RENAULT MEGANE,3,E01032529,0,-1
2023170M11283,2023,170M11283,1,9,0,1,1,0,8,0,0,0,0,0,0,0,2,1,6,6,1,-1,-1,1461,2,10,RENAULT MEGANE,-1,-1,0,-1
2023010422235,2023,010422235,2,9,0,99,99,9,9,99,99,9,9,99,9,99,9,9,6,6,3,-1,-1,1998,1,10,RENAULT MEGANE,-1,-1,0,-1
2023010441180,2023,010441180,1,9,0,99,99,9,9,99,99,9,9,99,9,99,2,9,6,6,1,28,6,1618,1,6,RENAULT MEGANE,6,E01021449,0,-1
2023552301174,2023,552301174,1,9,0,1,1,1,5,0,0,1,0,0,0,0,2,1,6,6,1,44,7,1461,2,14,RENAULT MEGANE,10,E01020523,0,-1
2023201423281,2023,201423281,2,9,0,2,2,0,0,9,9,2,0,0,0,0,2,1,6,6,3,-1,-1,1461,2,9,RENAULT MEGANE,-1,-1,0,-1
2023991276078,2023,991276078,1,9,0,18,19,2,6,0,0,0,0,0,0,0,1,1,6,6,1,20,4,1598,1,17,RENAULT MEGANE,-1,-1,0,-1
2023430031108,2023,430031108,2,9,0,18,19,7,3,0,0,0,0,0,0,0,4,1,6,6,2,28,6,1598,1,13,RENAULT MEGANE,10,E01015563,0,-1
2023440020751,2023,440020751,2,9,0,3,3,5,1,0,0,2,0,0,0,0,1,1,6,6,1,27,6,1598,1,12,RENAULT MEGANE,1,E01017332,0,-1
2023371381605,2023,371381605,2,9,0,3,3,7,3,0,0,4,0,0,0,0,2,1,5,6,2,60,9,1461,2,8,RENAULT MEGANE,3,E01030139,0,-1
2023041390245,2023,041390245,1,9,0,9,9,1,5,0,0,0,0,0,0,0,1,1,5,6,1,42,7,1461,2,17,RENAULT MEGANE,3,E01012662,0,-1
2023471295499,2023,471295499,1,9,0,18,19,8,4,0,0,0,0,4,0,0,4,1,5,6,1,71,10,1397,1,13,RENAULT MEGANE,10,E01031412,0,-1
2023170S21833,2023,170S21833,1,9,0,18,19,4,8,0,0,0,0,0,0,0,4,1,6,6,1,34,6,1995,2,15,RENAULT MEGANE,7,E01020830,0,-1
2023371337437,2023,371337437,2,9,0,18,19,7,3,0,0,4,0,0,0,0,2,1,5,6,2,32,6,1461,2,10,RENAULT MEGANE,8,E01030121,0,-1
2023401337863,2023,401337863,1,9,0,18,19,4,8,0,0,0,0,0,0,0,1,1,6,6,1,27,6,1598,1,12,RENAULT MEGANE,4,E01015734,0,-1
2023041329710,2023,041329710,2,9,0,18,19,6,2,0,0,1,0,0,0,0,4,1,2,2,1,49,8,1390,1,21,RENAULT MEGANE,6,E01024859,0,-1
2023421297163,2023,421297163,1,9,0,12,12,7,5,0,0,8,0,0,0,0,3,1,5,6,2,39,7,1461,2,7,RENAULT MEGANE,2,E01021686,0,-1
2023010436602,2023,010436602,1,9,0,9,9,5,2,0,0,1,0,0,0,0,2,1,6,6,1,39,7,1461,2,11,RENAULT MEGANE,5,E01003411,0,-1
202360A101471,2023,60A101471,1,9,0,9,9,6,2,0,0,1,0,0,0,0,3,1,6,6,1,25,5,1461,2,12,RENAULT MEGANE,-1,-1,0,-1
2023471306943,2023,471306943,2,9,0,2,2,0,0,0,0,0,0,0,0,0,4,1,6,6,3,-1,-1,1598,1,18,RENAULT MEGANE,-1,-1,0,-1
2023501334150,2023,501334150,1,9,0,18,19,7,3,0,0,8,1,0,0,0,3,1,2,2,2,44,7,1870,2,23,RENAULT MEGANE,4,E01018913,0,-1
2023010461059,2023,010461059,2,9,0,4,4,7,3,0,0,0,0,0,0,0,1,1,6,6,2,50,8,1870,2,16,RENAULT MEGANE,6,E01000262,0,-1
2023211374354,2023,211374354,1,9,0,9,9,4,1,0,0,0,0,0,0,0,3,1,6,6,1,33,6,1998,1,22,RENAULT MEGANE,7,E01029794,0,-1
2023201278269,2023,201278269,1,9,0,7,7,2,4,0,0,6,0,7,0,0,1,1,6,6,1,73,10,1598,1,19,RENAULT MEGANE,3,E01009883,0,-1
2023141297579,2023,141297579,2,9,0,18,19,8,4,0,0,1,0,0,0,0,1,1,5,6,1,23,5,1598,1,10,RENAULT MEGANE,2,E01008101,0,-1
2023411309871,2023,411309871,2,9,0,2,2,0,0,0,0,8,0,0,0,0,3,1,6,6,3,-1,-1,1461,2,11,RENAULT MEGANE,-1,-1,0,-1
2023991332790,2023,991332790,1,9,0,6,6,5,1,0,0,3,0,0,0,0,3,1,1,1,1,60,9,1598,1,15,RENAULT MEGANE,6,-1,0,-1
2023010476825,2023,010476825,1,9,0,9,9,3,8,0,0,1,0,0,0,0,1,1,1,1,2,58,9,1598,2,7,RENAULT MEGANE,3,E01001262,0,-1
2023332300631,2023,332300631,2,9,0,3,3,7,3,0,0,1,0,0,4,0,2,1,6,6,2,39,7,1461,2,7,RENAULT MEGANE,3,E01013732,0,-1
2023451309622,2023,451309622,2,9,0,18,19,7,3,0,0,0,0,0,0,0,1,1,5,6,1,55,8,1870,2,20,RENAULT MEGANE,9,E01031004,0,-1
2023052300371,2023,052300371,1,9,0,18,19,1,5,0,0,1,0,0,0,0,1,1,2,2,2,46,8,1598,1,21,RENAULT MEGANE,4,E01006641,0,-1
2023302300575,2023,302300575,2,9,0,9,9,8,6,0,0,1,0,0,0,0,3,1,1,1,1,46,8,1598,8,1,RENAULT MEGANE,6,E01019434,0,-1
2023010438774,2023,010438774,1,9,0,2,2,0,0,0,0,2,0,4,1,1,1,1,6,6,3,-1,-1,1598,1,14,RENAULT MEGANE,-1,-1,0,-1
2023461279919,2023,461279919,2,9,0,3,3,5,8,0,0,0,0,0,0,0,2,1,6,6,1,76,11,1598,1,12,RENAULT MEGANE,7,E01024073,0,-1
2023610017923,2023,610017923,1,9,0,18,19,7,7,0,0,8,0,0,0,0,4,1,2,2,2,32,6,1461,2,10,RENAULT MEGANE,5,W01001359,0,-1
2023340WN0072,2023,340WN0072,1,9,0,18,19,7,3,0,0,8,0,0,0,0,3,1,2,2,1,35,6,1598,1,14,RENAULT MEGANE,10,E01025783,0,-1
2023991264434,2023,991264434,3,9,0,4,4,1,5,0,0,1,0,0,0,0,2,1,6,6,2,81,11,1461,2,7,RENAULT MEGANE,10,-1,0,-1
2023010471054,2023,010471054,2,9,0,99,99,9,9,99,99,9,9,99,9,99,1,9,6,6,3,-1,-1,1598,1,14,RENAULT MEGANE,-1,-1,0,-1
2023421301798,2023,421301798,1,9,0,18,19,4,8,0,0,0,0,0,1,0,1,1,6,6,1,19,4,1998,1,12,RENAULT MEGANE,6,E01021705,0,-1
2023430051959,2023,430051959,2,9,0,3,3,7,3,0,0,0,0,0,0,0,3,1,6,6,2,45,7,1461,2,7,RENAULT MEGANE,10,E01028711,0,-1
2023421363571,2023,421363571,2,9,0,9,9,5,2,0,0,3,0,0,0,0,1,1,2,2,1,25,5,1461,2,12,RENAULT MEGANE,7,E01021967,0,-1
2023010470033,2023,010470033,2,9,0,18,19,1,5,0,0,0,0,0,0,0,1,1,6,6,1,-1,-1,1330,1,4,RENAULT MEGANE,4,-1,0,-1
2023361338279,2023,361338279,1,9,0,18,19,7,3,0,0,0,0,0,0,0,4,1,5,6,2,41,7,1461,2,12,RENAULT MEGANE,5,E01026738,0,-1
2023231271765,2023,231271765,3,9,0,4,4,2,6,0,0,0,0,0,0,0,2,1,6,6,1,33,6,1461,2,13,RENAULT MEGANE,5,E01029853,0,-1
2023421295273,2023,421295273,2,9,0,18,19,1,5,0,0,2,0,0,0,0,1,1,1,1,1,37,7,1598,1,18,RENAULT MEGANE,7,E01021361,0,-1
202360A045238,2023,60A045238,1,9,0,13,13,4,8,0,0,0,0,0,1,0,1,1,6,6,1,66,10,1461,2,9,RENAULT MEGANE,-1,-1,0,-1
2023440462301,2023,440462301,1,9,0,18,19,8,4,0,0,0,0,0,0,0,1,1,6,6,1,29,6,1598,1,15,RENAULT MEGANE,7,E01022945,0,-1
2023311278205,2023,311278205,1,9,0,17,19,5,3,9,9,0,0,0,1,2,1,1,5,6,1,40,7,1461,2,6,RENAULT MEGANE,4,E01027996,0,-1
2023052302409,2023,052302409,1,9,0,5,5,3,7,0,0,0,0,0,0,0,1,1,6,6,3,-1,-1,1461,2,14,RENAULT MEGANE,-1,-1,0,-1
2023991298609,2023,991298609,2,9,0,9,9,3,8,0,0,1,0,0,0,0,2,1,5,6,2,33,6,1461,2,9,RENAULT MEGANE,4,-1,0,-1
2023501288110,2023,501288110,2,9,0,3,3,7,3,0,0,0,0,0,0,0,2,1,6,6,2,46,8,1461,2,7,RENAULT MEGANE,1,E01019033,0,-1
2023371275208,2023,371275208,3,9,0,4,4,6,2,0,0,0,0,0,0,0,2,1,5,6,1,72,10,1461,2,11,RENAULT MEGANE,2,E01029938,0,-1
2023421387242,2023,421387242,1,9,0,1,1,1,5,0,0,1,0,0,0,0,2,1,6,6,1,-1,-1,1461,2,13,RENAULT MEGANE,-1,-1,0,-1
2023010421149,2023,010421149,2,9,0,99,99,9,9,99,99,9,9,99,9,99,1,9,6,6,3,37,7,1598,1,20,RENAULT MEGANE,4,E01001146,0,-1
2023010447028,2023,010447028,1,9,0,18,19,7,3,0,0,0,0,0,0,0,2,1,6,6,1,31,6,1598,1,13,RENAULT MEGANE,4,E01001087,0,-1
2023141329786,2023,141329786,2,9,0,18,19,7,3,0,0,1,0,0,0,0,1,1,5,6,1,31,6,1461,2,7,RENAULT MEGANE,1,E01007574,0,-1
2023041388890,2023,041388890,1,9,0,18,19,1,5,0,0,0,2,0,1,4,1,1,5,6,1,25,5,1998,1,13,RENAULT MEGANE,8,E01007095,0,-1
2023231380365,2023,231380365,1,9,0,18,19,2,6,0,0,1,0,0,0,0,1,1,6,6,1,34,6,1461,2,16,RENAULT MEGANE,3,E01032536,0,-1
2023061264409,2023,061264409,1,9,-1,-1,-1,-1,-1,-1,-1,-1,-1,-1,-1,0,-1,1,6,6,3,-1,-1,1598,1,13,RENAULT MEGANE,-1,-1,0,-1
2023201260041,2023,201260041,5,9,0,2,2,0,0,0,0,0,0,0,0,0,1,1,6,6,3,-1,-1,1598,1,13,RENAULT MEGANE,-1,-1,0,-1
2023010450505,2023,010450505,1,9,0,99,99,9,9,99,99,9,9,99,9,99,2,9,6,6,1,48,8,1598,1,17,RENAULT MEGANE,7,E01030850,0,-1
2023401273136,2023,401273136,1,9,0,18,19,-1,-1,0,0,0,0,0,0,0,1,1,5,6,1,62,9,1870,2,12,RENAULT MEGANE,7,E01017516,0,-1
2023061292753,2023,061292753,1,9,0,16,19,7,2,0,0,0,0,0,3,10,1,1,5,6,1,24,5,1598,1,14,RENAULT MEGANE,1,E01005609,0,-1
2023201279138,2023,201279138,3,9,0,4,4,2,6,0,0,1,0,0,0,0,4,1,6,6,1,36,7,1598,1,16,RENAULT MEGANE,2,E01009098,0,-1
2023010432802,2023,010432802,1,9,0,9,9,5,3,0,0,8,0,0,0,0,1,1,6,6,1,26,6,1198,1,5,RENAULT MEGANE,5,E01000468,0,-1
2023320122714,2023,320122714,1,9,0,11,11,1,5,0,0,3,0,0,0,0,4,1,2,2,1,24,5,1461,2,11,RENAULT MEGANE,1,E01026112,0,-1
2023211366605,2023,211366605,2,9,0,18,19,3,7,0,0,4,0,0,0,0,1,1,6,6,1,46,8,1998,1,16,RENAULT MEGANE,9,E01029415,0,-1
2023461389526,2023,461389526,2,9,0,18,19,7,3,0,0,2,0,0,0,0,3,1,6,6,2,76,11,1598,1,22,RENAULT MEGANE,8,E01024106,0,-1
2023461279098,2023,461279098,2,9,0,18,19,5,1,0,0,1,0,0,0,0,3,1,6,6,1,24,5,1798,1,4,RENAULT MEGANE,6,E01021105,0,-1
2023010421546,2023,010421546,1,9,0,99,99,9,9,99,99,9,9,99,9,99,2,9,6,6,2,51,8,1598,1,11,RENAULT MEGANE,2,E01001193,0,-1
2023031324944,2023,031324944,1,9,0,18,19,8,8,0,0,0,0,0,0,0,1,1,5,6,1,33,6,1998,1,17,RENAULT MEGANE,5,E01019278,0,-1
2023061335746,2023,061335746,2,9,0,-1,-1,-1,-1,-1,-1,-1,-1,-1,-1,0,2,1,1,1,1,63,9,1461,2,10,RENAULT MEGANE,1,E01005106,0,-1
2023991263536,2023,991263536,2,9,0,9,9,5,2,0,0,1,0,0,0,0,1,1,5,6,1,30,6,1461,2,6,RENAULT MEGANE,7,-1,0,-1
2023471343232,2023,471343232,1,9,0,7,7,7,1,0,0,6,0,0,0,0,3,1,6,6,1,30,6,1598,1,10,RENAULT MEGANE,7,E01032656,0,-1
2023010460192,2023,010460192,1,9,0,99,99,9,9,99,99,0,9,99,9,99,9,9,6,6,1,42,7,1870,2,19,RENAULT MEGANE,4,E01001684,0,-1