collision_index,collision_year,collision_ref_no,vehicle_reference,vehicle_type,towing_and_articulation,vehicle_manoeuvre_historic,vehicle_manoeuvre,vehicle_direction_from,vehicle_direction_to,vehicle_location_restricted_lane_historic,vehicle_location_restricted_lane,junction_location,skidding_and_overturning,hit_object_in_carriageway,vehicle_leaving_carriageway,hit_object_off_carriageway,first_point_of_impact,vehicle_left_hand_drive,journey_purpose_of_driver_historic,journey_purpose_of_driver,sex_of_driver,age_of_driver,age_band_of_driver,engine_capacity_cc,propulsion_code,age_of_vehicle,generic_make_model,driver_imd_decile,lsoa_of_driver,escooter_flag,driver_distance_banding
2023991306827,2023,991306827,1,9,0,18,19,1,5,0,0,1,0,0,0,0,1,1,5,6,2,31,6,1995,2,8,TOYOTA AVENSIS,-1,-1,0,-1
2023351377472,2023,351377472,3,9,0,18,19,7,3,0,0,4,0,0,0,0,1,1,2,2,1,74,10,1995,2,13,TOYOTA AVENSIS,7,E01026267,0,-1
2023361340821,2023,361340821,1,9,0,18,19,5,1,0,0,0,0,0,0,0,1,1,5,6,1,37,7,1998,2,16,TOYOTA AVENSIS,3,E01026684,0,-1
2023201384309,2023,201384309,1,9,0,18,19,8,4,0,0,0,0,0,0,0,1,1,6,6,2,29,6,1995,2,16,TOYOTA AVENSIS,1,E01010046,0,-1
2023201383362,2023,201383362,2,9,0,18,19,3,7,0,0,8,0,0,0,0,4,1,6,6,1,50,8,1995,2,11,TOYOTA AVENSIS,10,E01009897,0,-1
2023401332742,2023,401332742,1,9,0,18,19,-1,-1,0,0,0,0,0,0,0,1,1,6,6,1,-1,-1,1995,2,9,TOYOTA AVENSIS,5,E01015777,0,-1
2023170S11123,2023,170S11123,3,9,0,3,3,7,3,0,0,1,0,0,0,0,2,1,6,6,2,57,9,1995,2,9,TOYOTA AVENSIS,5,E01012218,0,-1
2023401309903,2023,401309903,1,9,0,4,4,4,2,0,0,1,0,0,0,0,1,1,6,6,1,49,8,1995,2,16,TOYOTA AVENSIS,3,E01015701,0,-1
2023010481800,2023,010481800,2,9,0,18,19,5,1,0,0,1,0,0,0,0,4,1,6,6,1,21,5,1794,1,18,TOYOTA AVENSIS,5,E01003706,0,-1
202363D010623,2023,63D010623,1,8,0,18,19,6,2,0,0,0,0,0,0,0,1,1,6,6,1,58,9,1995,2,7,TOYOTA AVENSIS,9,W01000481,0,-1
2023101292421,2023,101292421,1,8,0,5,5,1,7,0,0,6,0,0,0,0,4,1,1,1,1,45,7,1598,2,7,TOYOTA AVENSIS,-1,-1,0,-1
2023311344145,2023,311344145,1,8,0,18,19,4,8,0,0,0,0,0,0,0,2,1,6,6,3,50,8,1995,2,9,TOYOTA AVENSIS,4,E01013937,0,-1
2023010443602,2023,010443602,2,9,0,99,99,9,9,99,99,9,9,99,9,99,9,9,6,6,3,-1,-1,1794,1,17,TOYOTA AVENSIS,2,E01000374,0,-1
2023520400424,2023,520400424,1,9,0,3,3,3,7,0,0,0,0,0,0,0,2,1,6,6,1,44,7,1998,2,14,TOYOTA AVENSIS,3,E01029041,0,-1
2023461394969,2023,461394969,1,9,0,9,9,7,5,0,0,6,0,0,0,0,1,1,5,6,1,41,7,1995,2,8,TOYOTA AVENSIS,1,E01024389,0,-1
2023131277944,2023,131277944,1,9,0,6,6,3,7,0,0,8,0,0,0,0,1,1,1,1,1,50,8,1798,7,5,TOYOTA AVENSIS,5,E01011648,0,-1
2023010431732,2023,010431732,1,9,0,18,19,1,5,0,0,0,0,0,0,0,4,1,2,2,1,39,7,1598,2,7,TOYOTA AVENSIS,5,E01002613,0,-1
2023010472501,2023,010472501,2,9,0,99,99,9,9,99,99,9,9,99,9,99,9,9,6,6,3,-1,-1,1798,1,11,TOYOTA AVENSIS,-1,-1,0,-1
2023010461026,2023,010461026,3,9,0,11,11,3,7,0,0,0,0,0,0,0,0,1,6,6,1,41,7,2231,2,17,TOYOTA AVENSIS,6,E01002523,0,-1
2023471368102,2023,471368102,2,9,0,18,19,3,7,0,0,0,0,0,2,11,1,2,5,6,1,51,8,1995,2,14,TOYOTA AVENSIS,6,E01031831,0,-1
2023061308558,2023,061308558,1,9,0,16,19,1,2,0,0,1,0,0,0,0,1,2,5,6,1,32,6,1598,2,5,TOYOTA AVENSIS,-1,-1,0,-1
2023421388215,2023,421388215,1,9,0,18,19,8,4,0,0,1,0,0,3,0,1,1,3,7,1,62,9,1995,2,19,TOYOTA AVENSIS,2,E01015861,0,-1
2023010456901,2023,010456901,2,9,0,18,19,5,1,0,0,1,0,0,0,0,1,1,6,6,1,39,7,1598,2,8,TOYOTA AVENSIS,5,E01001157,0,-1
2023631353068,2023,631353068,1,9,0,9,9,1,3,0,0,1,0,0,0,0,4,1,1,1,1,75,10,1995,2,20,TOYOTA AVENSIS,3,W01000670,0,-1
2023440045248,2023,440045248,2,9,0,18,19,1,5,0,0,2,0,0,0,0,1,1,2,2,1,66,10,1998,2,14,TOYOTA AVENSIS,9,E01022490,0,-1
2023451392107,2023,451392107,2,9,0,7,7,3,5,0,0,0,0,0,0,0,3,2,5,6,1,60,9,1798,1,12,TOYOTA AVENSIS,5,E01024156,0,-1
2023010437963,2023,010437963,2,9,0,6,6,6,6,0,0,8,0,0,0,0,1,1,6,6,1,54,8,1794,7,15,TOYOTA AVENSIS,4,E01001182,0,-1
2023471266486,2023,471266486,6,9,0,18,19,3,7,0,0,0,0,0,0,0,2,1,6,6,3,-1,-1,1995,2,9,TOYOTA AVENSIS,-1,-1,0,-1
2023010459747,2023,010459747,1,9,9,5,5,1,5,99,99,0,9,99,9,99,9,9,6,6,3,-1,-1,1798,1,13,TOYOTA AVENSIS,-1,-1,0,-1
2023522400736,2023,522400736,1,9,0,9,9,3,1,0,0,1,0,0,0,0,3,1,6,6,2,46,8,1995,2,6,TOYOTA AVENSIS,3,E01014579,0,-1
2023041341314,2023,041341314,2,9,0,3,3,5,1,0,0,0,0,0,0,0,2,1,1,1,1,55,8,1794,1,17,TOYOTA AVENSIS,1,E01012577,0,-1
2023201285325,2023,201285325,1,9,0,18,19,7,4,0,0,8,0,0,0,0,2,1,6,6,1,46,8,1798,1,5,TOYOTA AVENSIS,3,E01009095,0,-1
2023131370361,2023,131370361,2,9,0,7,7,3,5,9,9,0,0,0,0,0,1,1,5,6,1,35,6,2231,2,15,TOYOTA AVENSIS,1,E01010626,0,-1
2023221378390,2023,221378390,1,9,0,18,19,8,4,0,0,0,0,4,0,0,1,1,5,6,1,53,8,2231,2,13,TOYOTA AVENSIS,7,W01001490,0,-1
2023141356688,2023,141356688,1,9,0,3,3,5,1,0,0,0,0,0,0,0,3,1,5,6,1,27,6,1794,1,15,TOYOTA AVENSIS,4,E01033276,0,-1
2023991266451,2023,991266451,1,8,0,6,6,4,4,0,0,0,0,0,0,0,4,1,1,1,1,28,6,1995,2,6,TOYOTA AVENSIS,4,-1,0,-1
2023461387869,2023,461387869,1,9,0,18,19,8,4,0,0,0,1,0,4,0,1,1,6,6,1,21,5,1587,1,23,TOYOTA AVENSIS,-1,-1,0,-1
2023451310862,2023,451310862,1,9,0,2,2,3,7,0,0,1,0,0,0,0,3,1,2,2,1,21,5,1798,1,14,TOYOTA AVENSIS,3,E01031548,0,-1
2023320798339,2023,320798339,1,8,0,9,9,4,1,0,0,8,0,0,0,0,1,1,1,1,1,39,7,1995,2,9,TOYOTA AVENSIS,5,E01026151,0,-1
2023201314062,2023,201314062,1,9,0,9,9,3,1,0,0,6,0,0,0,0,1,1,1,1,1,58,9,1794,1,17,TOYOTA AVENSIS,8,E01010360,0,-1
2023421363437,2023,421363437,1,9,0,-1,-1,-1,-1,-1,-1,0,-1,-1,-1,0,-1,1,6,6,3,-1,-1,1794,1,16,TOYOTA AVENSIS,-1,-1,0,-1
2023451324823,2023,451324823,3,9,0,18,19,3,7,0,0,0,0,0,0,0,2,1,5,6,1,46,8,1598,2,7,TOYOTA AVENSIS,10,E01021242,0,-1
2023540162723,2023,540162723,1,9,0,18,19,7,3,0,0,1,0,0,0,0,1,1,6,6,1,40,7,1995,2,18,TOYOTA AVENSIS,2,E01015537,0,-1
2023131351543,2023,131351543,2,9,0,18,19,1,5,0,0,8,0,0,0,0,3,1,6,6,1,39,7,1998,2,14,TOYOTA AVENSIS,1,E01010808,0,-1
2023201358347,2023,201358347,1,9,0,18,19,6,2,0,0,8,0,0,0,0,3,1,6,6,1,46,8,1794,1,15,TOYOTA AVENSIS,2,E01010372,0,-1
2023141359841,2023,141359841,1,9,0,6,6,2,2,0,0,2,0,0,0,0,4,1,1,1,1,50,8,1995,2,12,TOYOTA AVENSIS,1,E01007530,0,-1
2023302300185,2023,302300185,1,9,0,17,19,6,2,0,0,0,0,0,0,0,1,1,6,6,1,48,8,1995,2,11,TOYOTA AVENSIS,3,E01033273,0,-1
2023622400022,2023,622400022,1,8,0,9,9,8,6,0,0,2,0,0,0,0,3,1,1,1,1,63,9,1995,2,12,TOYOTA AVENSIS,2,W01001952,0,-1
2023311388847,2023,311388847,1,8,0,6,6,3,4,0,0,0,0,0,0,0,3,1,1,1,1,38,7,1998,2,9,TOYOTA AVENSIS,3,E01028209,0,-1
2023131332071,2023,131332071,1,9,0,18,19,5,1,0,0,1,0,0,0,0,2,1,1,1,1,58,9,1995,2,7,TOYOTA AVENSIS,1,E01010964,0,-1
2023010458758,2023,010458758,1,9,0,9,9,1,7,0,0,5,0,0,0,0,3,1,2,2,1,46,8,1794,1,17,TOYOTA AVENSIS,4,E01004065,0,-1
2023610029523,2023,610029523,1,9,0,18,19,1,5,0,0,0,0,0,1,9,2,1,6,6,1,65,9,1995,2,15,TOYOTA AVENSIS,1,W01001662,0,-1
2023141296372,2023,141296372,1,9,0,18,19,3,7,0,0,1,0,0,0,0,3,1,6,6,1,28,6,1998,2,8,TOYOTA AVENSIS,1,E01007944,0,-1
2023451320459,2023,451320459,1,9,0,4,4,1,5,0,0,2,0,0,0,0,2,1,3,7,1,71,10,1995,2,11,TOYOTA AVENSIS,7,E01023225,0,-1
2023552300294,2023,552300294,1,9,0,18,19,8,4,0,0,8,0,0,0,0,1,1,6,6,2,68,10,1598,1,13,TOYOTA AVENSIS,9,E01015463,0,-1
2023201371064,2023,201371064,1,9,0,18,19,4,8,0,0,8,0,0,0,0,1,1,6,6,3,-1,-1,1798,7,12,TOYOTA AVENSIS,-1,-1,0,-1
2023201426520,2023,201426520,1,9,0,4,4,2,6,0,0,1,0,0,0,0,2,1,2,2,1,52,8,1794,7,15,TOYOTA AVENSIS,1,E01009836,0,-1
2023052302331,2023,052302331,1,9,0,9,9,7,4,0,0,8,0,0,0,0,1,1,6,6,2,34,6,2231,2,9,TOYOTA AVENSIS,-1,-1,0,-1
2023101329602,2023,101329602,1,9,0,9,9,3,5,0,0,8,0,0,1,0,4,1,6,6,1,91,11,1798,1,10,TOYOTA AVENSIS,6,E01027484,0,-1
2023010465321,2023,010465321,2,9,0,99,99,9,9,99,99,9,9,99,9,99,2,9,6,6,3,-1,-1,1794,1,19,TOYOTA AVENSIS,2,E01001828,0,-1
2023451381069,2023,451381069,1,9,0,18,19,5,1,0,0,8,1,0,1,0,3,1,2,2,1,70,10,1995,2,10,TOYOTA AVENSIS,7,E01016220,0,-1
2023010423705,2023,010423705,2,9,0,18,19,3,7,0,0,1,0,0,0,0,4,1,6,6,1,32,6,1998,1,19,TOYOTA AVENSIS,3,E01000148,0,-1
2023010451713,2023,010451713,2,9,0,99,99,9,9,99,99,9,9,99,9,99,9,9,6,6,3,-1,-1,1995,2,13,TOYOTA AVENSIS,-1,-1,0,-1
2023411289386,2023,411289386,2,9,0,18,19,-1,-1,0,0,0,0,0,0,0,2,1,3,7,2,49,8,1995,2,11,TOYOTA AVENSIS,7,E01023944,0,-1
2023421287926,2023,421287926,1,8,0,9,9,5,3,0,0,1,0,0,0,0,1,1,1,1,1,72,10,1798,1,7,TOYOTA AVENSIS,3,E01015869,0,-1
2023302300124,2023,302300124,4,8,0,2,2,0,0,0,0,0,0,4,0,0,2,1,6,6,3,-1,-1,1794,1,19,TOYOTA AVENSIS,-1,-1,0,-1
2023501367954,2023,501367954,2,9,0,18,19,1,5,0,0,4,0,0,0,0,3,1,5,6,1,67,10,1998,2,14,TOYOTA AVENSIS,4,E01018890,0,-1
2023010421636,2023,010421636,2,9,0,18,19,1,5,0,0,0,9,0,0,0,1,9,6,6,3,-1,-1,1998,1,18,TOYOTA AVENSIS,3,E01001186,0,-1
2023311376368,2023,311376368,1,9,0,2,2,7,3,0,0,0,0,0,0,0,3,2,1,1,1,40,7,1598,2,6,TOYOTA AVENSIS,9,E01013559,0,-1
2023211351531,2023,211351531,2,9,-1,-1,-1,-1,-1,-1,-1,-1,-1,-1,-1,0,-1,1,1,1,1,34,6,1995,2,9,TOYOTA AVENSIS,1,E01014305,0,-1
2023010473196,2023,010473196,1,9,0,4,4,5,1,0,0,1,0,0,0,0,1,1,6,6,1,28,6,1798,1,12,TOYOTA AVENSIS,8,E01002193,0,-1
2023302301996,2023,302301996,1,9,0,18,19,3,7,0,0,2,0,0,0,0,4,1,6,6,1,74,10,1794,1,16,TOYOTA AVENSIS,4,E01028335,0,-1
2023041424834,2023,041424834,2,9,0,9,9,3,7,0,0,5,0,0,0,0,3,1,2,2,1,26,6,1995,2,12,TOYOTA AVENSIS,5,E01024928,0,-1
2023010442565,2023,010442565,2,9,0,16,19,1,5,0,0,0,0,0,0,0,1,1,6,6,2,46,8,1998,2,13,TOYOTA AVENSIS,9,E01002259,0,-1
2023231268172,2023,231268172,1,9,0,18,19,-1,-1,0,0,0,0,0,0,0,1,1,6,6,1,-1,-1,1995,2,18,TOYOTA AVENSIS,5,E01031133,0,-1
2023101322720,2023,101322720,1,9,-1,1,1,5,4,0,0,5,0,0,0,0,2,1,6,6,2,28,6,2231,2,15,TOYOTA AVENSIS,-1,-1,0,-1
2023531349293,2023,531349293,1,9,0,9,9,5,1,0,0,5,0,0,0,0,1,1,5,6,1,37,7,1995,2,10,TOYOTA AVENSIS,8,E01011530,0,-1
2023451280293,2023,451280293,1,9,0,9,9,7,7,0,0,1,0,0,7,0,1,1,5,6,1,71,10,1986,1,14,TOYOTA AVENSIS,10,E01016640,0,-1
2023332300536,2023,332300536,1,9,0,16,19,8,3,0,0,0,0,0,7,4,1,1,2,2,1,66,10,1995,2,16,TOYOTA AVENSIS,8,E01025760,0,-1
2023221268338,2023,221268338,1,9,0,18,19,8,4,0,0,1,0,0,0,0,1,1,5,6,1,54,8,1794,1,21,TOYOTA AVENSIS,7,E01032380,0,-1
2023471308589,2023,471308589,2,9,0,18,19,3,7,0,0,0,0,0,1,0,3,1,3,7,2,74,10,1798,1,9,TOYOTA AVENSIS,10,E01031710,0,-1
2023201284535,2023,201284535,1,9,0,7,7,2,4,0,0,5,0,0,0,0,2,1,6,6,1,27,6,1998,1,16,TOYOTA AVENSIS,1,E01033645,0,-1
2023131266108,2023,131266108,1,9,0,9,9,3,1,0,0,5,0,0,0,0,1,1,1,1,1,51,8,1995,2,10,TOYOTA AVENSIS,5,E01011924,0,-1
2023991298577,2023,991298577,2,9,0,4,4,3,7,0,0,0,0,0,0,0,2,1,6,6,1,33,6,1998,2,15,TOYOTA AVENSIS,5,-1,0,-1
2023061277208,2023,061277208,1,9,0,18,19,3,7,0,0,0,0,0,0,0,3,1,1,1,1,67,10,1794,1,15,TOYOTA AVENSIS,7,E01004974,0,-1
2023221353666,2023,221353666,2,9,0,14,14,4,8,0,0,0,0,0,0,0,1,1,5,6,1,29,6,1998,2,14,TOYOTA AVENSIS,6,E01014146,0,-1
2023122400143,2023,122400143,2,9,0,9,9,1,3,0,0,4,1,0,0,0,2,1,6,6,1,55,8,1794,1,17,TOYOTA AVENSIS,4,E01027910,0,-1
2023501365724,2023,501365724,2,9,0,9,9,5,3,0,0,8,0,0,0,0,3,1,5,6,1,44,7,1794,1,16,TOYOTA AVENSIS,8,E01020270,0,-1
2023332301049,2023,332301049,2,9,0,16,19,2,6,0,0,0,0,0,0,0,3,1,6,6,1,42,7,1998,2,13,TOYOTA AVENSIS,5,E01025763,0,-1
2023430047712,2023,430047712,2,8,0,9,9,4,8,0,0,5,0,0,0,0,2,1,1,1,1,68,10,2231,2,10,TOYOTA AVENSIS,5,E01017659,0,-1
2023451328391,2023,451328391,1,9,0,9,9,1,5,0,0,2,0,0,0,0,1,1,6,6,1,34,6,1794,1,20,TOYOTA AVENSIS,6,E01002628,0,-1
2023332300273,2023,332300273,2,9,0,6,6,8,8,0,0,8,0,0,4,1,1,1,6,6,1,48,8,1598,2,8,TOYOTA AVENSIS,3,E01009620,0,-1
2023010445805,2023,010445805,2,9,0,99,99,9,9,99,99,9,9,99,9,99,9,9,6,6,3,-1,-1,1998,1,21,TOYOTA AVENSIS,-1,-1,0,-1
2023430436995,2023,430436995,1,9,0,18,19,4,8,0,0,0,0,0,0,0,3,1,2,2,1,47,8,1995,2,10,TOYOTA AVENSIS,7,E01017652,0,-1
2023131276244,2023,131276244,1,9,0,2,2,0,0,0,0,0,0,0,0,0,3,1,6,6,3,-1,-1,1995,2,11,TOYOTA AVENSIS,-1,-1,0,-1
2023461389982,2023,461389982,1,9,0,7,7,5,7,0,0,1,0,4,7,10,1,1,6,6,2,31,6,1794,1,17,TOYOTA AVENSIS,2,E01024019,0,-1
2023201320750,2023,201320750,1,9,0,18,19,2,6,0,0,0,0,0,0,0,1,1,6,6,2,55,8,1995,2,6,TOYOTA AVENSIS,5,E01009032,0,-1
2023061310539,2023,061310539,2,9,0,3,3,6,2,0,0,0,0,0,0,0,2,1,6,6,1,48,8,1798,1,13,TOYOTA AVENSIS,2,E01004871,0,-1
202354C039023,2023,54C039023,1,9,0,18,19,5,1,0,0,4,0,0,0,0,1,1,6,6,1,-1,-1,1998,2,15,TOYOTA AVENSIS,-1,-1,0,-1
2023052300567,2023,052300567,1,9,0,18,19,5,1,0,0,0,0,0,0,0,1,1,2,2,2,58,9,1995,2,10,TOYOTA AVENSIS,1,E01006950,0,-1
2023451335900,2023,451335900,2,9,0,4,4,1,5,0,0,0,0,0,0,0,2,1,3,7,2,50,8,2231,2,14,TOYOTA AVENSIS,7,E01016250,0,-1
2023201376285,2023,201376285,2,8,0,18,19,8,4,0,0,1,0,0,0,0,3,1,6,6,1,65,9,1598,2,7,TOYOTA AVENSIS,1,E01009377,0,-1
2023351413259,2023,351413259,1,9,0,18,19,2,6,0,0,0,0,0,0,0,4,1,5,6,1,40,7,2231,2,16,TOYOTA AVENSIS,1,E01015664,0,-1
2023041349867,2023,041349867,1,9,0,18,19,5,1,0,0,1,0,0,0,0,4,1,5,6,2,43,7,1598,2,7,TOYOTA AVENSIS,2,E01025185,0,-1
2023440224213,2023,440224213,1,9,0,10,10,7,5,0,0,1,0,0,0,0,2,1,6,6,1,31,6,2231,2,15,TOYOTA AVENSIS,7,E01023223,0,-1
2023201373982,2023,201373982,1,9,0,11,11,2,6,0,0,1,0,0,0,0,1,1,5,6,1,-1,-1,1794,1,17,TOYOTA AVENSIS,-1,-1,0,-1
2023461369740,2023,461369740,4,9,0,3,3,7,3,0,0,8,0,0,0,0,2,1,6,6,1,67,10,1794,1,17,TOYOTA AVENSIS,8,E01024286,0,-1
2023991286142,2023,991286142,1,8,0,12,12,6,4,0,0,2,0,0,0,0,1,1,1,1,1,58,9,1598,2,6,TOYOTA AVENSIS,5,-1,0,-1
2023332300122,2023,332300122,1,9,0,18,19,7,3,0,0,4,0,0,0,0,1,1,6,6,1,65,9,1794,1,19,TOYOTA AVENSIS,6,E01025995,0,-1
2023010455779,2023,010455779,4,9,0,18,19,5,1,0,0,2,0,0,0,0,1,1,2,2,1,33,6,1995,2,17,TOYOTA AVENSIS,5,E01004522,0,-1
2023552301108,2023,552301108,1,9,0,18,19,6,2,0,0,0,0,0,0,0,1,1,6,6,2,43,7,2231,2,14,TOYOTA AVENSIS,9,E01020362,0,-1
2023320411672,2023,320411672,2,9,0,4,4,8,4,0,0,4,0,0,0,0,2,1,6,6,2,31,6,1995,2,17,TOYOTA AVENSIS,8,E01026365,0,-1
2023041345183,2023,041345183,1,9,0,9,9,1,5,0,0,1,0,0,0,0,4,1,5,6,1,53,8,1995,2,13,TOYOTA AVENSIS,1,E01025184,0,-1
2023302300452,2023,302300452,1,8,0,3,3,6,2,0,0,2,0,0,0,0,2,1,6,6,1,51,8,1995,2,9,TOYOTA AVENSIS,6,E01019651,0,-1
202360A118099,2023,60A118099,1,9,0,1,1,1,5,0,0,0,0,0,0,0,2,1,6,6,1,44,7,1998,1,19,TOYOTA AVENSIS,-1,-1,0,-1
2023201378801,2023,201378801,1,9,0,5,5,8,2,0,0,1,0,0,0,0,1,1,6,6,1,42,7,1794,1,15,TOYOTA AVENSIS,1,E01009299,0,-1
2023161345226,2023,161345226,1,9,0,17,19,7,3,6,6,1,1,0,1,0,1,1,5,6,1,61,9,1794,1,16,TOYOTA AVENSIS,7,E01012985,0,-1
2023311274987,2023,311274987,1,9,0,7,7,3,5,0,0,0,0,0,0,0,0,1,2,2,1,65,9,1794,1,20,TOYOTA AVENSIS,4,E01028343,0,-1
2023010422521,2023,010422521,1,9,0,4,4,5,1,0,0,6,0,0,0,0,1,1,3,7,1,58,9,1995,2,7,TOYOTA AVENSIS,5,E01003760,0,-1
2023451261301,2023,451261301,2,9,0,18,19,5,1,0,0,3,0,0,0,0,4,1,2,2,2,33,6,1998,1,18,TOYOTA AVENSIS,10,E01024426,0,-1
2023522400032,2023,522400032,2,9,0,9,9,8,6,0,0,6,0,0,0,0,1,1,6,6,1,27,6,2231,2,8,TOYOTA AVENSIS,2,E01033347,0,-1
2023010431361,2023,010431361,2,9,0,99,99,9,9,99,99,9,9,99,9,99,1,9,6,6,3,67,10,1794,1,18,TOYOTA AVENSIS,2,E01003490,0,-1
2023061285939,2023,061285939,3,9,0,3,3,5,1,0,0,1,0,0,0,0,1,1,2,2,1,44,7,1995,2,9,TOYOTA AVENSIS,-1,-1,0,-1
2023451333378,2023,451333378,2,9,0,4,4,1,5,0,0,0,0,0,0,0,2,1,5,6,1,42,7,1998,2,16,TOYOTA AVENSIS,9,E01030488,0,-1
2023201293471,2023,201293471,2,9,0,4,4,3,7,0,0,0,0,0,0,0,2,1,1,1,1,58,9,1798,1,7,TOYOTA AVENSIS,2,E01009481,0,-1
2023211296623,2023,211296623,1,8,0,5,5,2,6,9,9,0,0,0,0,0,1,1,1,1,1,66,10,1995,2,10,TOYOTA AVENSIS,2,E01014355,0,-1
2023332301191,2023,332301191,3,9,0,2,2,0,0,0,0,1,0,0,0,0,4,1,6,6,3,-1,-1,1794,1,19,TOYOTA AVENSIS,-1,-1,0,-1
2023461275970,2023,461275970,2,9,0,3,3,3,7,0,0,0,0,0,0,0,2,1,5,6,1,45,7,2231,2,18,TOYOTA AVENSIS,6,E01024276,0,-1
2023552301353,2023,552301353,2,9,0,18,19,2,6,0,0,8,0,0,0,0,1,1,6,6,1,62,9,1998,2,13,TOYOTA AVENSIS,4,E01032644,0,-1
2023610005923,2023,610005923,1,8,0,18,19,7,3,0,0,0,0,0,0,0,4,1,2,2,1,45,7,1998,2,13,TOYOTA AVENSIS,1,W01001661,0,-1
2023201291180,2023,201291180,1,9,0,5,5,7,3,2,2,0,0,0,0,0,1,1,1,1,1,36,7,1798,1,12,TOYOTA AVENSIS,3,E01010382,0,-1
2023041344850,2023,041344850,3,9,0,2,2,0,0,0,0,2,0,0,0,0,1,1,6,6,3,-1,-1,1794,1,20,TOYOTA AVENSIS,-1,-1,0,-1
2023201315942,2023,201315942,1,9,0,9,9,7,3,0,0,2,0,0,0,0,1,1,6,6,1,51,8,2231,2,16,TOYOTA AVENSIS,1,E01009192,0,-1
2023131308557,2023,131308557,1,9,0,18,19,7,3,0,0,0,0,0,0,0,1,1,6,6,1,19,4,1229,1,9,VAUXHALL ADAM,3,E01011154,0,-1
2023991292917,2023,991292917,1,9,0,18,19,7,3,0,0,0,1,0,2,4,3,1,5,6,2,19,4,1398,1,9,VAUXHALL ADAM,9,-1,0,-1
2023440512827,2023,440512827,1,9,0,18,19,7,3,0,0,0,0,0,1,4,1,1,6,6,2,35,6,1229,1,6,VAUXHALL ADAM,9,E01031879,0,-1
2023122300662,2023,122300662,1,9,0,18,19,5,1,0,0,1,0,0,0,0,1,1,6,6,2,22,5,1398,1,9,VAUXHALL ADAM,9,E01013362,0,-1
2023201382004,2023,201382004,1,9,0,18,19,4,8,0,0,0,0,0,0,0,1,1,6,6,2,20,4,1229,1,9,VAUXHALL ADAM,-1,-1,0,-1
2023201381963,2023,201381963,2,9,0,4,4,2,6,0,0,0,0,0,0,0,2,1,6,6,2,54,8,1229,1,6,VAUXHALL ADAM,6,E01010557,0,-1
2023332300760,2023,332300760,1,9,0,14,14,5,1,0,0,1,0,0,0,0,4,1,6,6,2,25,5,1229,1,8,VAUXHALL ADAM,3,E01025706,0,-1
2023101374930,2023,101374930,1,9,0,18,19,4,8,0,0,0,0,0,0,0,1,1,6,6,2,20,4,1364,1,7,VAUXHALL ADAM,-1,-1,0,-1
2023221363232,2023,221363232,1,9,0,18,19,5,1,0,0,4,0,9,3,4,1,1,6,6,2,19,4,1229,1,8,VAUXHALL ADAM,7,E01032315,0,-1
2023161263221,2023,161263221,1,9,0,9,9,5,3,0,0,2,0,0,0,0,1,1,1,1,2,23,5,1229,1,10,VAUXHALL ADAM,3,E01013164,0,-1
2023440197891,2023,440197891,1,9,0,9,9,5,3,0,0,8,0,0,0,0,4,1,6,6,2,20,4,1229,1,4,VAUXHALL ADAM,8,E01023232,0,-1
2023401337578,2023,401337578,1,9,0,18,19,2,6,0,0,0,0,0,0,0,1,1,6,6,2,63,9,1229,1,8,VAUXHALL ADAM,9,E01017620,0,-1
2023622300690,2023,622300690,1,9,0,9,9,8,6,0,0,3,0,0,0,0,1,1,6,6,2,19,4,1229,1,7,VAUXHALL ADAM,2,W01000942,0,-1
2023131309312,2023,131309312,2,9,0,4,4,3,7,0,0,0,0,0,0,0,2,1,5,6,2,20,4,1398,1,8,VAUXHALL ADAM,8,E01011931,0,-1
2023161389140,2023,161389140,2,9,0,18,19,1,5,0,0,0,1,0,0,0,1,1,5,6,1,21,5,1398,1,10,VAUXHALL ADAM,6,E01013253,0,-1
2023201279215,2023,201279215,1,9,0,18,19,6,2,0,0,8,5,4,7,3,1,1,5,6,1,16,4,1229,1,7,VAUXHALL ADAM,1,E01009113,0,-1
2023211272852,2023,211272852,3,9,0,4,4,2,6,0,0,1,0,0,0,0,3,1,5,6,2,37,7,1229,1,8,VAUXHALL ADAM,2,E01009782,0,-1
2023161363256,2023,161363256,1,9,0,2,2,0,0,0,0,1,0,0,0,0,3,1,2,2,2,53,8,1229,1,6,VAUXHALL ADAM,6,E01013167,0,-1
2023211376402,2023,211376402,1,9,0,4,4,1,5,0,0,0,0,0,0,0,1,1,2,2,2,22,5,1229,1,9,VAUXHALL ADAM,5,E01005728,0,-1
2023440294452,2023,440294452,1,9,0,4,4,8,4,0,0,0,0,0,0,0,4,1,6,6,2,20,4,1229,1,9,VAUXHALL ADAM,8,E01022627,0,-1
2023461311263,2023,461311263,3,9,0,-1,-1,-1,-1,-1,-1,0,-1,-1,-1,0,2,1,6,6,2,20,4,1398,1,10,VAUXHALL ADAM,3,E01021090,0,-1
2023010450886,2023,010450886,1,9,0,99,99,9,9,99,99,9,9,99,9,99,2,9,6,6,1,31,6,1398,1,8,VAUXHALL ADAM,4,E01001323,0,-1
2023201287844,2023,201287844,1,9,0,9,9,2,7,0,0,6,0,0,0,0,3,1,6,6,2,17,4,1398,1,8,VAUXHALL ADAM,10,E01029630,0,-1
2023141359874,2023,141359874,1,9,0,18,19,4,8,0,0,1,0,0,0,0,1,1,1,1,2,21,5,1398,1,8,VAUXHALL ADAM,2,E01007726,0,-1
2023340WN4782,2023,340WN4782,1,9,0,5,5,6,2,0,0,6,0,0,0,0,0,1,6,6,2,24,5,1229,1,6,VAUXHALL ADAM,9,E01027208,0,-1