collision_index,collision_year,collision_ref_no,vehicle_reference,vehicle_type,towing_and_articulation,vehicle_manoeuvre_historic,vehicle_manoeuvre,vehicle_direction_from,vehicle_direction_to,vehicle_location_restricted_lane_historic,vehicle_location_restricted_lane,junction_location,skidding_and_overturning,hit_object_in_carriageway,vehicle_leaving_carriageway,hit_object_off_carriageway,first_point_of_impact,vehicle_left_hand_drive,journey_purpose_of_driver_historic,journey_purpose_of_driver,sex_of_driver,age_of_driver,age_band_of_driver,engine_capacity_cc,propulsion_code,age_of_vehicle,generic_make_model,driver_imd_decile,lsoa_of_driver,escooter_flag,driver_distance_banding
2023010474310,2023,010474310,1,9,0,99,99,9,9,99,99,9,9,99,9,99,9,9,2,2,2,29,6,1229,1,7,VAUXHALL ADAM,2,E01003594,0,-1
2023201305250,2023,201305250,1,9,0,18,19,7,3,0,0,6,0,0,0,0,3,1,6,6,2,21,5,1229,1,6,VAUXHALL ADAM,8,E01009067,0,-1
202360A080981,2023,60A080981,1,9,0,5,5,1,5,0,0,8,0,0,0,0,3,1,2,2,2,50,8,1229,1,6,VAUXHALL ADAM,-1,-1,0,-1
2023461329030,2023,461329030,1,9,0,5,5,7,3,0,0,6,0,0,0,0,1,1,6,6,2,22,5,1229,1,10,VAUXHALL ADAM,2,E01024677,0,-1
2023131360801,2023,131360801,1,9,0,18,19,3,7,0,0,0,0,0,0,0,1,1,5,6,2,35,6,1229,1,9,VAUXHALL ADAM,5,E01011392,0,-1
2023430432702,2023,430432702,2,9,0,3,3,1,5,0,0,0,0,0,0,0,2,1,2,2,2,31,6,1398,1,10,VAUXHALL ADAM,7,E01016734,0,-1
2023471384463,2023,471384463,2,9,0,18,19,3,7,0,0,0,0,0,0,0,3,1,1,1,2,49,8,1229,1,7,VAUXHALL ADAM,9,E01021153,0,-1
2023201283885,2023,201283885,1,9,0,17,19,4,2,0,0,2,0,0,0,0,1,1,2,2,1,25,5,1229,1,7,VAUXHALL ADAM,1,E01010271,0,-1
2023061370951,2023,061370951,4,9,0,18,19,3,8,0,0,2,0,0,0,0,1,1,5,6,2,25,5,1229,1,8,VAUXHALL ADAM,6,E01005010,0,-1
2023010449302,2023,010449302,3,9,0,17,19,5,1,0,0,2,0,0,0,0,4,1,6,6,2,62,9,999,1,7,VAUXHALL ADAM,-1,-1,0,-1
2023320725473,2023,320725473,2,9,0,7,7,6,8,0,0,5,0,0,0,0,1,1,2,2,2,20,4,1229,1,5,VAUXHALL ADAM,4,E01026143,0,-1
2023361357005,2023,361357005,1,9,0,9,9,4,5,0,0,6,0,0,0,0,3,1,5,6,1,23,5,1229,1,8,VAUXHALL ADAM,5,E01026766,0,-1
2023101266400,2023,101266400,2,9,0,18,19,6,2,0,0,1,0,0,0,0,1,1,5,6,2,83,11,1229,1,8,VAUXHALL ADAM,4,E01008568,0,-1
2023070298963,2023,070298963,2,9,0,3,3,5,1,0,0,0,0,0,0,0,4,1,6,6,2,22,5,1398,1,9,VAUXHALL ADAM,10,E01007188,0,-1
2023201368224,2023,201368224,2,9,0,3,3,6,2,0,0,1,0,0,0,0,1,1,5,6,1,78,11,1229,1,5,VAUXHALL ADAM,1,E01033187,0,-1
2023201387606,2023,201387606,2,9,0,2,2,0,0,0,0,2,0,0,0,0,2,1,6,6,2,-1,-1,1229,1,8,VAUXHALL ADAM,-1,-1,0,-1
2023622300929,2023,622300929,1,9,0,18,19,4,8,0,0,4,0,0,0,0,1,1,1,1,2,18,4,1229,1,8,VAUXHALL ADAM,2,W01000762,0,-1
2023631314687,2023,631314687,2,9,0,9,9,8,5,0,0,8,0,0,0,0,4,1,5,6,2,20,4,1229,1,4,VAUXHALL ADAM,6,W01000628,0,-1
2023221380527,2023,221380527,1,9,0,7,7,3,6,0,0,6,1,0,1,0,1,1,1,1,2,22,5,1229,1,7,VAUXHALL ADAM,8,E01032233,0,-1
2023111361433,2023,111361433,2,9,0,9,9,1,7,0,0,1,0,0,0,0,2,1,1,1,2,33,6,1398,1,7,VAUXHALL ADAM,9,E01020702,0,-1
2023471372619,2023,471372619,1,9,0,18,19,6,2,0,0,0,0,0,0,0,1,1,6,6,2,-1,-1,1229,1,9,VAUXHALL ADAM,-1,-1,0,-1
2023421311567,2023,421311567,1,9,0,18,19,4,2,0,0,1,0,0,0,0,1,1,6,6,2,29,6,1398,1,6,VAUXHALL ADAM,6,E01021353,0,-1
2023991283574,2023,991283574,1,9,0,5,5,3,7,0,0,0,5,0,0,0,1,1,1,1,2,35,6,1398,1,6,VAUXHALL ADAM,2,-1,0,-1
2023320713625,2023,320713625,1,9,0,9,9,4,6,0,0,6,0,0,0,0,1,1,6,6,1,39,7,1229,1,9,VAUXHALL ADAM,1,E01026048,0,-1
2023041387363,2023,041387363,1,9,0,9,9,3,5,0,0,0,0,0,0,0,3,1,5,6,2,19,4,1229,1,10,VAUXHALL ADAM,9,E01018599,0,-1
2023320778491,2023,320778491,2,9,0,4,4,5,1,0,0,1,0,0,0,0,2,1,1,1,2,23,5,1229,1,5,VAUXHALL ADAM,7,E01026039,0,-1
2023031287829,2023,031287829,1,9,0,16,19,5,1,0,0,8,1,0,1,9,1,1,6,6,1,19,4,1229,1,7,VAUXHALL ADAM,-1,-1,0,-1
2023111377603,2023,111377603,2,9,0,4,4,2,6,0,0,0,0,0,0,0,2,1,6,6,2,24,5,1229,1,5,VAUXHALL ADAM,4,E01020633,0,-1
2023522301785,2023,522301785,2,9,0,18,19,1,5,0,0,0,0,0,0,0,2,1,6,6,2,27,6,1229,1,7,VAUXHALL ADAM,10,E01022171,0,-1
2023161303171,2023,161303171,2,9,0,9,9,5,3,0,0,8,0,0,0,0,3,1,5,6,1,18,4,1229,1,9,VAUXHALL ADAM,4,E01013051,0,-1
2023421285054,2023,421285054,1,9,0,4,4,1,5,0,0,1,0,0,0,0,1,1,6,6,2,24,5,1229,1,7,VAUXHALL ADAM,8,E01021389,0,-1
2023991358721,2023,991358721,2,9,0,9,9,8,4,0,0,5,0,0,0,0,3,1,5,6,2,18,4,1229,1,8,VAUXHALL ADAM,6,-1,0,-1
2023010435284,2023,010435284,1,9,0,11,11,5,1,0,0,1,1,0,2,4,4,1,6,6,1,19,4,1229,1,9,VAUXHALL ADAM,2,E01004068,0,-1
2023622300481,2023,622300481,2,9,0,18,19,4,8,0,0,8,0,0,0,0,3,1,6,6,2,19,4,1229,1,9,VAUXHALL ADAM,3,W01001167,0,-1
2023061315333,2023,061315333,2,9,0,3,3,5,8,0,0,0,0,0,0,0,2,1,5,6,2,18,4,1229,1,5,VAUXHALL ADAM,5,E01004997,0,-1
2023320146502,2023,320146502,1,9,0,13,13,8,4,0,0,1,1,0,0,0,1,1,6,6,2,27,6,1398,1,9,VAUXHALL ADAM,1,E01026126,0,-1
2023320308956,2023,320308956,2,9,0,17,19,8,6,0,0,8,0,0,0,0,3,1,6,6,2,27,6,1229,1,6,VAUXHALL ADAM,1,E01026072,0,-1
2023061347049,2023,061347049,1,9,0,18,19,1,5,0,0,0,0,0,0,0,1,1,6,6,1,24,5,1229,1,10,VAUXHALL ADAM,-1,-1,0,-1
2023451296858,2023,451296858,1,9,0,18,19,5,1,0,0,1,5,0,1,2,1,1,1,1,1,30,6,1229,1,4,VAUXHALL ADAM,5,E01030482,0,-1
2023101322484,2023,101322484,1,9,0,18,19,8,4,0,0,0,1,0,0,0,3,1,6,6,1,18,4,1229,1,9,VAUXHALL ADAM,8,E01027356,0,-1
2023440155099,2023,440155099,2,9,0,2,2,0,0,0,0,0,0,0,0,0,1,1,6,6,1,20,4,1398,1,10,VAUXHALL ADAM,3,E01017129,0,-1
2023221387085,2023,221387085,2,9,0,18,19,4,8,0,0,8,0,0,0,0,1,1,2,2,2,26,6,1229,1,8,VAUXHALL ADAM,10,E01014177,0,-1
2023201297795,2023,201297795,2,9,0,2,2,0,0,0,0,1,0,0,0,0,4,1,6,6,2,26,6,1229,1,9,VAUXHALL ADAM,10,E01010391,0,-1
2023302301069,2023,302301069,1,9,0,5,5,7,3,9,9,0,0,0,0,0,3,1,6,6,2,35,6,1229,1,9,VAUXHALL ADAM,3,E01019877,0,-1
2023161387940,2023,161387940,2,9,0,18,19,7,3,0,0,8,0,0,0,0,1,1,6,6,2,21,5,1229,1,6,VAUXHALL ADAM,8,E01013264,0,-1
2023991361222,2023,991361222,1,9,0,9,9,7,5,0,0,8,0,0,0,0,1,1,5,6,2,20,4,1229,1,6,VAUXHALL ADAM,3,-1,0,-1
2023141266013,2023,141266013,4,9,0,18,19,5,1,0,0,0,1,0,0,0,2,1,6,6,2,25,5,1229,1,8,VAUXHALL ADAM,3,E01007488,0,-1
2023041349197,2023,041349197,1,9,0,18,19,2,1,0,0,1,0,0,0,0,1,1,5,6,2,22,5,1229,1,5,VAUXHALL ADAM,3,E01012662,0,-1
2023421390951,2023,421390951,1,9,0,7,7,1,7,0,0,1,0,0,1,9,1,1,1,1,2,29,6,1229,1,5,VAUXHALL ADAM,6,E01001309,0,-1
2023545748323,2023,545748323,1,9,0,18,19,3,7,0,0,0,0,0,0,0,4,1,2,2,2,61,9,1398,1,6,VAUXHALL ADAM,9,E01032112,0,-1
2023320081738,2023,320081738,2,9,0,9,9,4,2,0,0,5,0,0,7,0,2,1,6,6,2,75,10,1229,1,4,VAUXHALL ADAM,5,E01026245,0,-1
2023991360138,2023,991360138,3,9,0,18,19,4,8,0,0,0,0,0,0,0,0,1,5,6,2,20,4,1229,1,8,VAUXHALL ADAM,1,-1,0,-1
2023461375783,2023,461375783,2,9,0,9,9,5,3,0,0,6,0,0,0,0,3,1,6,6,1,27,6,1229,1,8,VAUXHALL ADAM,4,E01016164,0,-1
2023522300444,2023,522300444,2,9,0,18,19,7,3,0,0,1,0,0,0,0,1,1,6,6,1,-1,-1,1229,1,7,VAUXHALL ADAM,3,E01014684,0,-1
2023991346266,2023,991346266,1,9,0,18,19,3,7,0,0,0,0,0,0,0,1,1,1,1,1,55,8,1229,1,7,VAUXHALL ADAM,-1,-1,0,-1
2023170H10013,2023,170H10013,1,9,0,18,19,6,2,0,0,1,0,0,0,0,1,1,6,6,2,18,4,1229,1,10,VAUXHALL ADAM,1,E01011989,0,-1
2023061308278,2023,061308278,2,9,-1,18,19,-1,-1,0,0,0,0,0,0,0,0,1,6,6,3,19,4,1229,1,4,VAUXHALL ADAM,9,E01005598,0,-1
2023401274807,2023,401274807,2,9,0,3,3,-1,-1,0,0,0,0,0,0,0,2,1,5,6,2,25,5,1229,1,6,VAUXHALL ADAM,5,E01015746,0,-1
2023332300104,2023,332300104,1,9,0,16,19,8,3,0,0,0,0,10,7,9,1,1,1,1,2,46,8,1229,1,10,VAUXHALL ADAM,9,E01025750,0,-1
2023052301549,2023,052301549,1,9,0,18,19,1,5,0,0,6,0,0,0,0,1,1,6,6,2,69,10,1229,1,5,VAUXHALL ADAM,8,E01012385,0,-1
2023311334042,2023,311334042,1,9,0,18,19,2,6,0,0,0,0,0,0,0,1,1,6,6,2,20,4,1229,1,7,VAUXHALL ADAM,-1,-1,0,-1
2023471273942,2023,471273942,1,9,0,7,7,3,7,0,0,6,0,0,0,0,1,1,5,6,2,21,5,1398,1,7,VAUXHALL ADAM,7,E01021160,0,-1
2023010475632,2023,010475632,1,9,0,5,5,0,1,0,0,1,0,0,1,0,4,1,2,2,2,52,8,1229,1,9,VAUXHALL ADAM,3,E01000432,0,-1
2023010466168,2023,010466168,1,9,0,99,99,9,9,99,99,0,9,99,9,99,1,9,6,6,2,25,5,1229,1,8,VAUXHALL ADAM,4,E01003448,0,-1
2023622300152,2023,622300152,1,9,0,18,19,2,6,0,0,1,0,0,0,0,0,1,6,6,2,18,4,1398,1,9,VAUXHALL ADAM,1,W01001055,0,-1
2023320447627,2023,320447627,1,9,0,17,19,5,2,0,0,0,1,0,7,10,1,1,2,2,2,35,6,1229,1,8,VAUXHALL ADAM,6,E01026404,0,-1
2023141331199,2023,141331199,2,9,0,11,11,5,1,2,2,0,0,0,0,0,4,1,6,6,3,-1,-1,1398,1,6,VAUXHALL ADAM,-1,-1,0,-1
2023461322914,2023,461322914,1,9,0,18,19,7,3,0,0,0,0,11,1,0,1,1,6,6,2,19,4,1229,1,8,VAUXHALL ADAM,6,E01024406,0,-1
2023061341883,2023,061341883,2,9,0,18,19,-1,-1,0,0,1,0,0,0,0,2,1,6,6,1,39,7,1229,1,7,VAUXHALL ADAM,1,E01004861,0,-1
2023101356936,2023,101356936,1,9,0,18,19,5,1,0,0,8,1,0,0,0,1,1,2,2,2,24,5,1398,1,9,VAUXHALL ADAM,-1,-1,0,-1
2023131322988,2023,131322988,2,9,0,2,2,0,0,0,0,0,0,0,0,0,3,1,6,6,3,-1,-1,1229,1,9,VAUXHALL ADAM,-1,-1,0,-1
2023141332452,2023,141332452,1,9,0,18,19,2,6,0,0,1,0,0,7,0,1,1,6,6,2,56,9,1229,1,8,VAUXHALL ADAM,5,E01007501,0,-1
2023141340721,2023,141340721,1,9,0,18,19,5,1,0,0,1,0,0,0,0,1,1,6,6,2,58,9,1229,1,6,VAUXHALL ADAM,-1,-1,0,-1
2023332300780,2023,332300780,1,9,0,18,19,5,1,0,0,0,0,0,1,0,1,1,6,6,1,43,7,1398,1,7,VAUXHALL ADAM,9,E01025693,0,-1
2023411314127,2023,411314127,1,9,0,5,5,1,5,0,0,1,1,0,0,0,2,1,5,6,2,67,10,1229,1,4,VAUXHALL ADAM,3,E01023300,0,-1
2023320069034,2023,320069034,1,9,0,18,19,4,8,0,0,2,0,0,0,0,1,1,6,6,2,19,4,1229,1,7,VAUXHALL ADAM,9,E01026186,0,-1
2023622300748,2023,622300748,2,9,0,18,19,4,8,0,0,0,0,0,0,0,1,1,6,6,2,20,4,1398,1,7,VAUXHALL ADAM,1,W01001202,0,-1
2023430573875,2023,430573875,1,9,0,18,19,2,6,0,0,0,0,0,0,0,1,1,6,6,2,76,11,1398,1,9,VAUXHALL ADAM,8,E01028506,0,-1
2023351318447,2023,351318447,1,9,0,11,11,5,1,0,0,0,0,0,0,0,4,1,1,1,2,72,10,1229,1,5,VAUXHALL ADAM,8,E01026022,0,-1
2023522400760,2023,522400760,1,9,0,9,9,2,8,0,0,6,0,0,0,0,2,1,6,6,2,32,6,1229,1,8,VAUXHALL ADAM,8,E01014510,0,-1
2023010463387,2023,010463387,1,9,0,99,99,9,9,99,99,9,9,99,9,99,9,9,2,2,2,27,6,1398,1,10,VAUXHALL ADAM,-1,-1,0,-1
2023421352708,2023,421352708,1,9,0,16,19,8,3,0,0,0,0,0,0,0,1,1,6,6,2,24,5,1229,1,8,VAUXHALL ADAM,5,E01021996,0,-1
2023421277515,2023,421277515,1,9,0,5,5,1,2,0,0,6,0,0,0,0,3,1,5,6,1,35,6,1229,1,8,VAUXHALL ADAM,9,E01021934,0,-1
2023351363907,2023,351363907,3,9,0,18,19,6,2,0,0,1,0,0,0,0,1,1,6,6,2,52,8,1229,1,6,VAUXHALL ADAM,10,E01018283,0,-1
2023010421613,2023,010421613,1,9,0,99,99,9,9,99,99,9,9,99,9,99,9,9,2,2,2,21,5,1229,1,7,VAUXHALL ADAM,10,E01017625,0,-1
2023041390827,2023,041390827,1,9,0,17,19,3,7,0,0,1,0,0,0,0,1,1,6,6,2,61,9,1229,1,5,VAUXHALL ADAM,7,E01025384,0,-1
2023221291222,2023,221291222,1,9,0,4,4,7,3,0,0,1,0,0,0,0,1,1,5,6,2,18,4,1229,1,7,VAUXHALL ADAM,6,E01014146,0,-1
2023231291631,2023,231291631,1,9,0,18,19,2,6,0,0,0,0,0,0,0,1,1,6,6,2,21,5,1229,1,9,VAUXHALL ADAM,10,E01031150,0,-1
2023430242154,2023,430242154,2,9,0,17,19,6,3,0,0,1,2,0,0,0,1,1,6,6,1,45,7,1398,1,9,VAUXHALL ADAM,9,E01017693,0,-1
2023070376172,2023,070376172,1,9,0,9,9,1,7,0,0,1,0,0,0,0,1,1,2,2,2,22,5,1229,1,5,VAUXHALL ADAM,8,E01012538,0,-1
2023071145796,2023,071145796,1,9,0,9,9,2,8,0,0,4,0,0,0,0,1,1,2,2,2,26,6,1398,1,9,VAUXHALL ADAM,7,E01007148,0,-1
2023411337194,2023,411337194,1,9,0,1,1,5,1,0,0,0,0,0,0,0,2,1,6,6,3,-1,-1,1398,1,9,VAUXHALL ADAM,-1,-1,0,-1
2023070405166,2023,070405166,1,9,0,18,19,7,3,0,0,1,0,0,0,0,3,1,6,6,1,25,5,1229,1,4,VAUXHALL ADAM,7,E01018369,0,-1
2023622300107,2023,622300107,1,9,0,9,9,8,6,0,0,6,0,0,0,0,3,1,2,2,2,21,5,1398,1,10,VAUXHALL ADAM,1,W01001813,0,-1
2023170L10503,2023,170L10503,1,9,0,17,19,2,6,0,0,0,5,0,1,9,1,1,6,6,2,18,4,1229,1,9,VAUXHALL ADAM,9,E01012147,0,-1
2023161315596,2023,161315596,1,9,0,9,9,7,5,0,0,8,0,0,0,0,1,1,6,6,2,20,4,1229,1,10,VAUXHALL ADAM,6,E01013276,0,-1
2023052302347,2023,052302347,2,9,0,18,19,7,3,0,0,5,0,0,0,0,3,1,6,6,2,21,5,1398,1,9,VAUXHALL ADAM,8,E01007260,0,-1
2023531341603,2023,531341603,2,9,0,4,4,5,1,0,0,3,0,0,0,0,0,2,5,6,2,18,4,1229,1,7,VAUXHALL ADAM,10,E01022354,0,-1
2023421282093,2023,421282093,2,9,0,7,7,2,4,0,0,1,0,0,0,0,2,1,5,6,1,20,4,1229,1,7,VAUXHALL ADAM,5,E01003700,0,-1
2023071328021,2023,071328021,1,9,0,17,19,6,3,0,0,0,0,0,1,4,3,1,2,2,2,48,8,1229,1,9,VAUXHALL ADAM,1,E01007290,0,-1
2023440054114,2023,440054114,1,9,0,16,19,5,1,0,0,2,0,0,0,0,1,1,6,6,1,24,5,1229,1,7,VAUXHALL ADAM,5,E01015748,0,-1
2023991302335,2023,991302335,1,9,0,18,19,3,7,0,0,8,1,0,0,0,1,1,2,2,2,20,4,1398,1,9,VAUXHALL ADAM,1,-1,0,-1
2023061274318,2023,061274318,1,9,0,9,9,1,1,0,0,2,0,0,0,0,1,1,6,6,3,30,6,1398,1,10,VAUXHALL ADAM,1,E01005097,0,-1
2023340NN0252,2023,340NN0252,3,9,0,3,3,3,7,0,0,1,0,0,0,0,3,1,6,6,2,18,4,1229,1,9,VAUXHALL ADAM,9,E01027345,0,-1
2023061276511,2023,061276511,1,9,0,4,4,1,5,0,0,0,0,0,0,0,1,1,4,7,1,18,4,1229,1,4,VAUXHALL ADAM,3,E01006235,0,-1
2023041263520,2023,041263520,2,9,0,18,19,5,1,0,0,1,0,0,0,0,4,1,6,6,1,78,11,1229,1,10,VAUXHALL ADAM,8,E01025375,0,-1
2023430304092,2023,430304092,2,9,0,18,19,7,3,0,0,1,0,0,0,0,1,1,6,6,2,30,6,1398,1,9,VAUXHALL ADAM,6,E01032955,0,-1
2023131344688,2023,131344688,2,9,0,18,19,7,3,0,0,5,0,0,0,0,4,1,5,6,2,22,5,1229,1,9,VAUXHALL ADAM,6,E01010578,0,-1
2023170L11273,2023,170L11273,1,9,0,18,19,2,6,0,0,0,0,0,1,9,1,1,6,6,2,84,11,1398,1,8,VAUXHALL ADAM,8,E01027591,0,-1
2023052302039,2023,052302039,2,9,0,4,4,1,5,0,0,0,0,0,0,0,2,1,6,6,2,76,11,1398,1,5,VAUXHALL ADAM,4,E01006537,0,-1
2023061379303,2023,061379303,1,9,-1,9,9,1,3,0,0,1,0,0,0,0,2,1,6,6,3,30,6,1229,1,9,VAUXHALL ADAM,3,E01005518,0,-1
2023041368092,2023,041368092,2,9,0,18,19,3,7,0,0,0,0,0,1,11,2,1,5,6,2,17,4,1229,1,10,VAUXHALL ADAM,8,E01025411,0,-1
2023201320715,2023,201320715,1,9,0,18,19,2,6,0,0,0,0,0,0,0,1,1,6,6,2,17,4,1229,1,6,VAUXHALL ADAM,4,E01009894,0,-1
2023430504069,2023,430504069,1,9,0,18,19,4,8,0,0,2,0,0,0,0,1,1,2,2,2,20,4,1229,1,9,VAUXHALL ADAM,8,E01017931,0,-1
2023421373906,2023,421373906,1,9,0,-1,-1,-1,-1,-1,-1,0,-1,-1,-1,0,-1,1,6,6,2,20,4,1398,1,8,VAUXHALL ADAM,9,E01021564,0,-1
2023201395573,2023,201395573,1,9,0,18,19,6,2,0,0,0,0,0,0,0,1,1,6,6,2,20,4,1229,1,7,VAUXHALL ADAM,4,E01009750,0,-1
2023991401487,2023,991401487,1,9,0,18,19,1,1,0,0,3,0,0,3,0,1,1,5,6,1,95,11,1229,1,5,VAUXHALL ADAM,10,-1,0,-1
2023161391246,2023,161391246,1,9,0,11,11,5,1,0,0,0,1,0,1,0,1,1,5,6,1,24,5,1398,1,10,VAUXHALL ADAM,-1,-1,0,-1
2023141348026,2023,141348026,2,9,0,9,9,6,5,0,0,1,0,0,0,0,4,1,5,6,1,23,5,1229,1,5,VAUXHALL ADAM,5,E01007366,0,-1
2023010486111,2023,010486111,2,9,0,99,99,9,9,99,99,9,9,99,9,99,9,9,6,6,3,-1,-1,1229,1,6,VAUXHALL ADAM,-1,-1,0,-1
2023101374759,2023,101374759,2,9,0,9,9,4,2,0,0,8,0,0,0,0,4,1,6,6,1,19,4,999,1,7,VAUXHALL ADAM,1,E01008436,0,-1
2023991367076,2023,991367076,1,9,0,4,4,2,6,0,0,0,0,0,0,0,1,1,5,6,2,22,5,1229,1,9,VAUXHALL ADAM,4,-1,0,-1
2023131290528,2023,131290528,2,9,0,6,6,3,3,0,0,8,0,0,0,0,4,1,5,6,1,55,8,1229,1,9,VAUXHALL ADAM,7,E01011329,0,-1
2023631319773,2023,631319773,2,9,0,5,5,5,8,0,0,4,0,0,0,0,3,1,6,6,2,25,5,1229,1,6,VAUXHALL ADAM,4,W01000652,0,-1
2023141277921,2023,141277921,2,9,4,5,5,1,5,0,0,4,0,0,3,0,2,1,5,6,2,18,4,1229,1,7,VAUXHALL ADAM,4,E01019491,0,-1
2023421357551,2023,421357551,2,9,0,18,19,7,3,0,0,0,0,0,0,0,3,1,5,6,2,22,5,1229,1,7,VAUXHALL ADAM,9,E01021873,0,-1
2023122300476,2023,122300476,1,9,0,1,1,7,3,0,0,0,0,0,0,0,2,1,2,2,2,28,6,1229,1,7,VAUXHALL ADAM,10,E01013337,0,-1
2023311295654,2023,311295654,2,9,0,17,19,7,4,0,0,0,0,0,0,0,1,1,2,2,2,29,6,1398,1,6,VAUXHALL ADAM,8,E01028172,0,-1
2023061322381,2023,061322381,2,9,0,9,9,1,3,0,0,6,0,0,0,0,1,1,5,6,2,19,4,1229,1,7,VAUXHALL ADAM,4,E01005500,0,-1
2023302301824,2023,302301824,1,9,0,9,9,8,6,0,0,8,0,0,0,0,1,1,6,6,2,65,9,1229,1,7,VAUXHALL ADAM,5,E01013582,0,-1
2023332301198,2023,332301198,1,9,0,18,19,6,2,0,0,2,0,0,0,0,1,1,6,6,2,40,7,1229,1,5,VAUXHALL ADAM,3,E01025989,0,-1
2023622300682,2023,622300682,1,19,0,18,19,8,4,0,0,0,0,0,0,0,1,1,6,6,1,41,7,2459,2,26,-1,1,W01001698,0,-1
2023501332055,2023,501332055,1,19,0,9,9,8,6,0,0,0,0,0,0,0,1,1,6,6,1,30,6,2459,2,22,-1,6,E01018985,0,-1
2023471362905,2023,471362905,1,19,0,5,5,5,1,0,0,4,0,0,0,0,1,1,6,6,1,78,11,2459,2,22,-1,9,E01031711,0,-1
2023501337037,2023,501337037,1,19,0,18,19,6,2,0,0,4,0,0,0,0,3,1,1,1,1,56,9,2461,2,21,-1,7,E01020206,0,-1
2023471311575,2023,471311575,2,19,0,18,19,3,7,0,0,1,0,0,0,0,4,1,5,6,1,44,7,2461,2,21,-1,8,E01021176,0,-1
2023471275320,2023,471275320,2,2,0,18,19,3,7,0,0,4,1,0,0,0,1,1,5,6,1,16,4,49,1,16,-1,8,E01031439,0,-1
2023430183523,2023,430183523,1,9,0,18,19,8,4,0,0,0,1,0,1,11,1,1,1,1,1,39,7,5204,1,4,-1,10,E01028721,0,-1
2023052301140,2023,052301140,1,9,0,18,19,6,2,0,0,2,0,0,0,0,1,1,6,6,1,45,7,3982,1,1,-1,9,E01007195,0,-1
2023430356662,2023,430356662,2,9,0,16,19,4,8,0,0,0,0,0,0,0,4,1,6,6,1,59,9,5204,1,6,-1,10,E01021467,0,-1
2023451383588,2023,451383588,2,9,0,18,19,1,5,0,0,0,0,0,0,0,2,1,5,6,1,66,10,3982,1,4,-1,-1,-1,0,-1
2023302300623,2023,302300623,2,2,0,18,19,2,6,0,0,1,0,0,0,0,2,1,6,6,1,81,11,198,1,14,-1,9,E01013543,0,-1
2023320072257,2023,320072257,2,3,0,18,19,6,2,0,0,8,1,0,0,0,1,1,6,6,1,38,7,124,1,4,-1,7,E01026053,0,-1
2023320308956,2023,320308956,1,4,0,16,19,6,8,0,0,8,0,0,0,0,1,1,6,6,2,38,7,124,1,19,-1,3,E01026116,0,-1
2023052302016,2023,052302016,1,3,0,18,19,1,5,0,0,0,0,0,0,0,1,1,6,6,1,40,7,124,1,15,HYOSUNG GT 125,1,E01033759,0,-1
2023471344904,2023,471344904,1,2,0,17,19,7,2,0,0,0,2,0,0,0,3,1,6,6,1,18,4,124,1,10,-1,4,E01021207,0,-1
2023010440148,2023,010440148,1,3,0,9,9,3,8,0,0,0,5,0,0,0,4,1,6,6,1,26,6,124,1,7,HYOSUNG GT 125,5,E01001946,0,-1
2023221275460,2023,221275460,2,4,0,13,13,6,2,0,0,8,0,0,0,0,1,1,6,6,1,18,4,124,1,14,-1,2,E01032450,0,-1
202360A147656,2023,60A147656,1,3,0,18,19,2,6,0,0,1,0,0,0,0,4,1,2,2,1,23,5,124,1,7,HYOSUNG GT 125,-1,-1,0,-1
2023131388786,2023,131388786,3,3,0,18,19,1,5,0,0,0,2,4,0,0,1,1,5,6,1,23,5,124,1,7,HYOSUNG GT 125,5,E01011855,0,-1
2023131351882,2023,131351882,2,4,0,18,19,3,7,0,0,1,0,0,0,0,1,1,2,2,1,27,6,124,1,7,-1,1,E01010680,0,-1
2023131300377,2023,131300377,1,3,0,18,19,3,7,0,0,1,0,0,0,0,1,1,1,1,1,31,6,124,1,7,HYOSUNG GT 125,4,E01011908,0,-1
2023371391366,2023,371391366,2,3,0,18,19,1,5,0,0,1,0,0,0,0,0,1,6,6,1,17,4,124,1,6,HYOSUNG GT 125,6,E01030220,0,-1
2023610014123,2023,610014123,1,3,0,18,19,1,5,0,0,1,0,0,0,0,1,1,2,2,1,21,5,124,1,7,HYOSUNG GT 125,8,W01001559,0,-1
2023320103008,2023,320103008,2,3,0,13,13,2,6,0,0,8,0,0,7,0,1,1,6,6,1,20,4,124,1,7,HYOSUNG GT 125,5,E01026018,0,-1
2023311375235,2023,311375235,2,3,0,18,19,7,3,0,0,0,2,0,0,0,3,1,6,6,1,43,7,124,1,7,HYOSUNG GT 125,3,E01028248,0,-1
2023320778491,2023,320778491,1,3,0,18,19,5,1,0,0,1,0,0,0,0,1,1,6,6,1,17,4,124,1,7,HYOSUNG GT 125,5,E01026034,0,-1
2023010427876,2023,010427876,1,3,0,99,99,9,9,99,99,9,9,99,9,99,9,1,6,6,1,24,5,124,1,10,HYOSUNG GT 125,2,E01001560,0,-1
2023351364732,2023,351364732,3,9,0,3,3,8,4,0,0,0,0,0,0,0,2,1,5,6,2,27,6,2359,1,18,-1,-1,-1,0,-1
2023201418054,2023,201418054,2,9,0,2,2,0,0,0,0,0,0,0,0,0,2,1,1,1,1,41,7,1998,1,16,-1,4,E01009813,0,-1
2023991355821,2023,991355821,1,9,0,18,19,5,1,0,0,4,0,0,0,0,1,1,6,6,2,37,7,1991,2,15,KIA CARENS,1,-1,0,-1