collision_index,collision_year,collision_ref_no,vehicle_reference,vehicle_type,towing_and_articulation,vehicle_manoeuvre_historic,vehicle_manoeuvre,vehicle_direction_from,vehicle_direction_to,vehicle_location_restricted_lane_historic,vehicle_location_restricted_lane,junction_location,skidding_and_overturning,hit_object_in_carriageway,vehicle_leaving_carriageway,hit_object_off_carriageway,first_point_of_impact,vehicle_left_hand_drive,journey_purpose_of_driver_historic,journey_purpose_of_driver,sex_of_driver,age_of_driver,age_band_of_driver,engine_capacity_cc,propulsion_code,age_of_vehicle,generic_make_model,driver_imd_decile,lsoa_of_driver,escooter_flag,driver_distance_banding
2023471360310,2023,471360310,1,9,0,18,19,4,1,0,0,2,0,0,0,0,1,1,5,6,1,44,7,1591,1,9,KIA CARENS,-1,-1,0,-1
2023010484997,2023,010484997,2,9,0,99,99,9,9,0,0,0,9,99,9,99,9,9,6,6,3,-1,-1,1991,2,13,KIA CARENS,-1,-1,0,-1
2023141330688,2023,141330688,2,9,0,7,7,3,7,0,0,8,0,0,0,0,4,1,5,6,1,47,8,1685,2,9,KIA CARENS,-1,-1,0,-1
2023010453151,2023,010453151,1,9,0,18,19,1,5,0,0,1,0,0,0,0,1,1,2,2,1,39,7,1685,2,7,KIA CARENS,1,E01003245,0,-1
2023461358323,2023,461358323,2,9,0,18,19,7,3,0,0,0,0,0,1,11,3,1,6,6,2,53,8,1685,2,7,KIA CARENS,6,E01024062,0,-1
2023221379853,2023,221379853,1,9,0,18,19,6,2,0,0,0,1,0,1,1,1,1,6,6,1,75,10,1582,2,11,KIA CARENS,4,E01014192,0,-1
2023201324515,2023,201324515,2,9,0,5,5,6,7,0,0,1,0,0,0,0,1,1,1,1,1,53,8,1991,2,14,KIA CARENS,1,E01033187,0,-1
2023440516240,2023,440516240,1,9,0,9,9,2,2,0,0,1,0,0,0,0,1,1,6,6,2,36,7,1685,2,5,KIA CARENS,6,E01017271,0,-1
2023201291976,2023,201291976,2,9,0,16,19,7,2,0,0,3,0,0,0,0,2,1,6,6,1,47,8,1685,2,9,KIA CARENS,4,E01009767,0,-1
2023520400136,2023,520400136,1,9,0,18,19,1,5,0,0,0,0,0,0,0,4,1,6,6,1,77,11,1685,2,9,KIA CARENS,7,E01031033,0,-1
2023531344800,2023,531344800,3,9,0,18,19,8,4,0,0,0,0,0,0,0,1,1,6,6,2,71,10,1591,1,5,KIA CARENS,-1,-1,0,-1
2023411358594,2023,411358594,1,9,0,18,19,1,5,0,0,0,0,0,0,0,1,1,5,6,1,52,8,1685,2,5,KIA CARENS,10,E01023673,0,-1
2023041280278,2023,041280278,1,9,0,5,5,5,1,9,9,1,0,0,0,0,4,1,5,6,1,45,7,1582,2,12,KIA CARENS,2,E01012608,0,-1
2023041383840,2023,041383840,3,9,0,18,19,4,8,0,0,0,0,0,0,0,4,1,6,6,1,42,7,1685,2,6,KIA CARENS,6,E01025122,0,-1
2023141311565,2023,141311565,2,9,0,9,9,5,2,0,0,0,0,0,0,0,1,1,5,6,1,58,9,1685,2,8,KIA CARENS,4,E01007559,0,-1
2023201384634,2023,201384634,1,9,0,1,1,8,4,0,0,0,0,0,0,0,2,1,6,6,2,38,7,1591,1,6,KIA CARENS,2,E01009966,0,-1
2023411374843,2023,411374843,1,9,0,18,19,1,5,0,0,8,0,0,1,0,1,1,2,2,2,69,10,1591,1,14,KIA CARENS,5,E01000274,0,-1
2023991349682,2023,991349682,1,9,0,18,19,4,7,0,0,0,0,2,0,0,1,1,6,6,2,39,7,1685,2,4,KIA CARENS,-1,-1,0,-1
2023311354969,2023,311354969,2,9,0,18,19,5,1,0,0,2,0,0,0,0,2,1,6,6,2,40,7,1685,2,8,KIA CARENS,4,E01013964,0,-1
2023361342711,2023,361342711,1,9,0,18,19,1,5,0,0,0,5,4,0,0,1,1,5,6,1,60,9,1991,2,18,KIA CARENS,4,E01026776,0,-1
2023451334112,2023,451334112,3,9,0,18,19,3,7,0,0,0,0,0,0,0,1,1,5,6,2,44,7,1685,2,8,KIA CARENS,5,E01016566,0,-1
2023351284104,2023,351284104,1,9,0,18,19,1,3,0,0,2,0,0,0,0,1,1,5,6,1,78,11,1991,2,17,KIA CARENS,3,E01015613,0,-1
2023010484388,2023,010484388,1,9,0,99,99,9,9,99,99,9,9,99,9,99,2,9,6,6,1,45,7,1591,1,12,KIA CARENS,3,E01003728,0,-1
2023991380504,2023,991380504,2,9,0,2,2,0,0,0,0,2,0,4,7,0,4,2,6,6,3,-1,-1,1591,1,5,KIA CARENS,-1,-1,0,-1
2023101283046,2023,101283046,2,9,0,5,5,1,5,0,0,0,0,0,0,0,2,1,6,6,1,47,8,1685,2,8,KIA CARENS,5,E01008306,0,-1
2023061326859,2023,061326859,2,9,0,4,4,1,5,0,0,1,0,0,0,0,2,1,2,2,2,40,7,1685,2,8,KIA CARENS,4,E01005896,0,-1
2023041264648,2023,041264648,1,9,0,18,19,1,5,0,0,0,1,0,8,1,4,1,5,6,1,41,7,1582,2,12,KIA CARENS,4,E01012693,0,-1
2023991350741,2023,991350741,1,9,0,18,19,2,6,0,0,0,0,0,7,0,1,1,6,6,1,34,6,1685,2,8,KIA CARENS,6,-1,0,-1
2023991361795,2023,991361795,1,9,0,5,5,7,3,0,0,1,0,0,0,0,1,1,2,2,1,52,8,1685,2,10,KIA CARENS,-1,-1,0,-1
2023421376807,2023,421376807,1,9,0,7,7,3,5,0,0,3,0,0,0,0,1,1,2,2,2,45,7,1685,2,9,KIA CARENS,5,E01021992,0,-1
2023522300074,2023,522300074,2,8,0,6,6,5,5,0,0,0,0,0,0,0,1,1,1,1,1,47,8,1685,2,5,-1,1,E01014653,0,-1
2023421277864,2023,421277864,1,9,0,17,19,2,6,0,0,1,0,0,0,0,1,1,5,6,1,79,11,1685,2,6,KIA CARENS,4,E01021849,0,-1
2023361301379,2023,361301379,1,9,0,10,10,7,5,0,0,1,0,0,0,0,1,1,6,6,1,38,7,1685,2,9,KIA CARENS,4,E01026792,0,-1
202354B344423,2023,54B344423,1,9,0,18,19,1,6,0,0,0,0,0,1,9,1,1,6,6,2,37,7,1685,2,7,KIA CARENS,7,E01031848,0,-1
2023010433875,2023,010433875,2,9,0,18,19,5,1,0,0,8,0,0,0,0,1,1,6,6,3,57,9,1991,2,18,KIA CARENS,3,E01002151,0,-1
2023461377633,2023,461377633,2,9,0,4,4,1,5,0,0,1,0,0,0,0,1,1,5,6,2,36,7,1591,1,9,KIA CARENS,9,E01024299,0,-1
2023440178765,2023,440178765,2,9,0,18,19,1,5,0,0,0,0,0,0,0,2,1,6,6,1,48,8,1991,2,13,KIA CARENS,2,E01022934,0,-1
2023122300684,2023,122300684,2,9,0,2,2,0,0,0,0,2,0,0,0,0,1,1,6,6,2,61,9,1998,1,15,KIA CARENS,2,E01027579,0,-1
2023461373812,2023,461373812,3,9,0,3,3,2,6,0,0,1,0,1,0,0,2,1,6,6,2,-1,-1,1685,2,8,KIA CARENS,9,E01024100,0,-1
2023122301428,2023,122301428,1,8,0,18,19,5,1,0,0,3,0,0,0,0,1,1,1,1,1,54,8,1685,2,10,-1,2,E01027812,0,-1
2023371433532,2023,371433532,1,9,0,18,19,3,7,0,0,8,0,0,0,0,1,1,2,2,2,40,7,1685,2,9,KIA CARENS,3,E01026617,0,-1
2023201289763,2023,201289763,1,9,0,5,5,2,6,0,0,8,0,0,0,0,1,1,6,6,3,-1,-1,1991,2,17,KIA CARENS,4,E01009241,0,-1
2023141285887,2023,141285887,2,9,0,2,2,0,0,0,0,1,0,0,0,0,1,1,6,6,3,-1,-1,1591,1,7,KIA CARENS,-1,-1,0,-1
2023451292100,2023,451292100,1,9,0,18,19,3,7,0,0,0,0,0,0,0,1,1,6,6,2,45,7,1991,2,16,KIA CARENS,-1,-1,0,-1
2023461437896,2023,461437896,2,9,0,18,19,1,5,0,0,0,0,0,0,0,2,1,2,2,1,44,7,1582,2,11,KIA CARENS,2,E01016042,0,-1
2023161354542,2023,161354542,1,9,0,18,19,7,3,0,0,0,0,0,0,0,1,1,6,6,3,-1,-1,1685,2,9,KIA CARENS,-1,-1,0,-1
2023010486078,2023,010486078,1,9,0,3,3,5,1,0,0,0,0,0,0,0,1,1,6,6,2,30,6,1591,1,9,KIA CARENS,7,E01001027,0,-1
2023131365702,2023,131365702,1,9,0,5,5,3,5,0,0,1,1,0,0,0,2,1,6,6,3,43,7,1991,2,15,KIA CARENS,1,E01011433,0,-1
2023010459433,2023,010459433,1,8,0,99,99,9,9,99,99,0,9,99,9,99,9,9,6,6,1,34,6,1685,2,7,-1,-1,-1,0,-1
2023041320461,2023,041320461,1,9,0,5,5,7,3,0,0,1,0,0,0,0,1,1,1,1,1,64,9,1685,2,5,KIA CARENS,1,E01033231,0,-1
2023131277307,2023,131277307,3,9,0,2,2,0,0,0,0,5,0,4,0,0,2,1,6,6,3,-1,-1,1998,1,15,KIA CARENS,-1,-1,0,-1
2023041316080,2023,041316080,1,9,0,18,19,5,1,0,0,1,0,0,0,0,1,1,1,1,2,34,6,1685,2,7,KIA CARENS,7,E01012718,0,-1
2023302301836,2023,302301836,2,9,0,17,19,6,4,0,0,2,0,0,0,0,3,1,2,2,2,53,8,1591,1,5,KIA CARENS,4,E01019823,0,-1
2023430239303,2023,430239303,2,9,0,18,19,0,0,0,0,2,0,0,0,0,1,1,6,6,3,-1,-1,1685,2,9,KIA CARENS,-1,-1,0,-1
2023471286525,2023,471286525,2,9,0,3,3,3,7,0,0,1,0,0,0,0,2,1,3,7,1,38,7,1998,1,14,KIA CARENS,6,E01031345,0,-1
2023231330139,2023,231330139,3,9,0,4,4,2,6,0,0,0,0,0,0,0,2,1,6,6,2,46,8,1582,2,11,KIA CARENS,9,E01032362,0,-1
2023061318590,2023,061318590,1,8,-1,18,19,-1,-1,0,0,0,0,0,0,0,-1,1,1,1,3,-1,-1,1591,1,11,-1,-1,-1,0,-1
2023501269175,2023,501269175,3,9,0,18,19,7,3,0,0,0,0,0,0,0,2,1,6,6,1,58,9,1591,1,9,KIA CARENS,1,E01015028,0,-1
2023221302644,2023,221302644,2,9,0,18,19,3,7,0,0,8,0,0,0,0,1,1,5,6,1,79,11,1995,1,44,-1,7,W01001548,0,-1
2023440368606,2023,440368606,1,3,0,18,19,7,3,0,0,0,0,0,0,0,0,1,6,6,1,67,10,125,1,3,-1,8,E01022815,0,-1
2023440051449,2023,440051449,1,3,0,18,19,5,1,0,0,0,1,0,0,0,3,1,1,1,1,33,6,125,1,3,-1,1,E01017118,0,-1
2023421350343,2023,421350343,1,3,0,4,4,3,7,0,0,1,2,0,0,0,1,1,6,6,1,20,4,125,1,3,-1,2,E01002075,0,-1
202360A118099,2023,60A118099,2,4,0,18,19,7,3,0,0,0,0,0,0,0,1,1,6,6,1,42,7,125,1,6,-1,-1,-1,0,-1
2023471365750,2023,471365750,2,3,0,18,19,5,1,0,0,1,0,0,0,0,1,1,2,2,1,18,4,125,1,7,-1,1,E01020983,0,-1
2023471347742,2023,471347742,2,3,0,3,3,7,3,0,0,0,5,0,0,0,2,1,5,6,1,24,5,125,1,7,-1,2,E01031819,0,-1
2023340WN3982,2023,340WN3982,2,4,0,18,19,1,5,0,0,1,5,0,0,0,1,1,2,2,1,61,9,125,1,7,-1,10,E01027298,0,-1
2023440431857,2023,440431857,1,3,0,4,4,6,2,0,0,1,1,0,0,0,4,1,2,2,1,24,5,125,1,8,-1,4,E01022916,0,-1
2023061372933,2023,061372933,2,3,0,18,19,8,4,0,0,1,0,0,0,0,4,1,2,2,1,52,8,125,1,3,-1,1,E01005539,0,-1
2023451309742,2023,451309742,1,9,0,18,19,3,7,0,0,4,0,0,0,0,2,1,5,6,1,38,7,3498,1,15,MERCEDES SL CLASS,4,E01002964,0,-1
2023010484781,2023,010484781,2,9,0,4,4,2,6,0,0,4,0,0,0,0,2,1,6,6,1,68,10,2996,1,6,MERCEDES SL CLASS,6,E01001415,0,-1
2023440447863,2023,440447863,1,9,0,6,6,1,1,0,0,0,0,0,0,0,3,1,6,6,1,60,9,4663,1,6,MERCEDES SL CLASS,10,E01032880,0,-1
2023010463507,2023,010463507,1,9,0,99,99,9,9,99,99,9,9,99,9,99,2,9,6,6,1,62,9,5439,1,18,MERCEDES SL CLASS,4,E01001497,0,-1
2023421282845,2023,421282845,3,9,0,2,2,6,6,0,0,0,0,0,0,0,3,1,5,6,1,77,11,3199,1,25,MERCEDES SL CLASS,6,E01021761,0,-1
2023201391823,2023,201391823,1,9,0,18,19,6,2,0,0,0,0,0,0,0,1,1,6,6,1,26,6,3724,1,19,MERCEDES SL CLASS,8,E01009464,0,-1
2023541900223,2023,541900223,2,9,0,18,19,5,1,0,0,0,0,0,0,0,1,1,6,6,2,56,9,3498,1,14,MERCEDES SL CLASS,9,W01001715,0,-1
2023471363927,2023,471363927,1,9,0,18,19,1,5,0,0,1,0,0,0,0,1,1,6,6,1,35,6,4663,1,7,MERCEDES SL CLASS,3,E01031409,0,-1
2023141269439,2023,141269439,2,9,0,18,19,5,1,0,0,0,0,0,0,0,1,1,6,6,1,62,9,4663,1,4,MERCEDES SL CLASS,8,E01019788,0,-1
2023430490262,2023,430490262,1,9,0,8,8,6,8,0,0,1,0,0,0,0,2,1,6,6,2,48,8,3498,1,10,MERCEDES SL CLASS,8,E01016610,0,-1
2023211324120,2023,211324120,1,9,0,9,9,6,4,0,0,0,1,0,0,0,1,1,5,6,1,56,9,5439,1,20,MERCEDES SL CLASS,10,E01029628,0,-1
2023461338716,2023,461338716,3,9,0,17,19,1,5,0,0,0,0,0,0,0,1,1,5,6,1,37,7,4966,1,21,MERCEDES SL CLASS,-1,-1,0,-1
2023461347648,2023,461347648,1,9,0,18,19,5,1,0,0,1,0,4,0,0,1,1,6,6,2,43,7,4663,1,9,MERCEDES SL CLASS,3,E01024696,0,-1
2023070354287,2023,070354287,1,9,0,5,5,3,7,0,0,6,0,0,3,1,1,1,6,6,1,87,11,4966,1,21,MERCEDES SL CLASS,10,E01018406,0,-1
2023010432042,2023,010432042,1,9,0,18,19,5,1,9,9,8,0,0,1,11,1,1,6,6,1,33,6,2996,1,8,MERCEDES SL CLASS,-1,-1,0,-1
2023440314727,2023,440314727,3,9,0,2,2,0,0,0,0,1,0,0,0,0,4,1,6,6,3,-1,-1,3498,1,14,MERCEDES SL CLASS,-1,-1,0,-1
2023430413379,2023,430413379,2,9,0,18,19,4,8,0,0,4,1,0,0,0,3,1,6,6,1,21,5,3724,1,18,MERCEDES SL CLASS,9,E01017840,0,-1
2023010480099,2023,010480099,2,9,0,99,99,9,9,99,99,9,9,99,9,99,9,9,6,6,3,-1,-1,3724,1,17,MERCEDES SL CLASS,-1,-1,0,-1
2023461270484,2023,461270484,2,9,0,17,19,7,3,0,0,0,0,0,0,0,4,1,6,6,1,58,9,5462,1,16,MERCEDES SL CLASS,1,E01024580,0,-1
2023131261904,2023,131261904,2,3,0,18,19,7,3,0,0,0,0,0,0,0,1,1,6,6,1,57,9,124,1,9,-1,1,E01011737,0,-1
2023421290813,2023,421290813,2,9,0,18,19,4,8,0,0,1,0,0,7,0,1,1,5,6,1,68,10,1870,2,20,-1,4,E01021374,0,-1
2023552300623,2023,552300623,1,9,0,5,5,7,5,0,0,6,1,0,0,0,3,1,6,6,3,-1,-1,1995,2,17,-1,-1,-1,0,-1
2023131282998,2023,131282998,2,4,0,18,19,7,3,0,0,8,0,0,0,0,1,1,5,6,1,38,7,499,1,9,-1,1,E01011745,0,-1
2023461286878,2023,461286878,1,9,0,18,19,7,3,0,0,1,0,0,7,0,1,1,6,6,1,43,7,998,1,15,-1,1,E01024278,0,-1
2023531327373,2023,531327373,1,9,0,5,5,1,5,0,0,0,0,0,0,0,1,1,5,6,2,65,9,998,1,14,-1,9,E01022453,0,-1
2023471306602,2023,471306602,3,19,0,18,19,2,6,0,0,2,0,0,1,0,1,1,6,6,1,-1,-1,1298,1,18,-1,7,E01024801,0,-1
2023552301045,2023,552301045,1,19,0,18,19,7,3,0,0,8,1,0,0,0,3,1,1,1,1,34,6,1298,1,21,-1,4,E01015390,0,-1
2023552300499,2023,552300499,1,19,0,18,19,5,1,0,0,3,0,0,0,0,1,1,2,2,1,28,6,1298,1,19,-1,6,E01015324,0,-1
2023010472665,2023,010472665,2,19,0,99,99,9,9,99,99,9,9,99,9,99,2,9,6,6,3,44,7,1298,1,18,-1,3,E01002057,0,-1
2023122301446,2023,122301446,2,3,0,18,19,1,5,0,0,8,1,0,0,0,0,1,1,1,1,47,8,125,1,9,SYM SYMPHONY,7,E01013400,0,-1
2023440387572,2023,440387572,1,3,0,18,19,8,4,0,0,0,0,0,0,0,1,1,6,6,1,35,6,125,1,8,SYM SYMPHONY,8,E01022813,0,-1
2023052301762,2023,052301762,1,3,0,18,19,2,6,0,0,8,0,0,0,0,4,1,2,2,1,37,7,125,1,0,SYM SYMPHONY,4,E01007000,0,-1
2023010463596,2023,010463596,2,3,0,9,9,5,3,0,0,8,0,0,0,0,1,1,6,6,1,28,6,125,1,5,SYM SYMPHONY,9,E01002107,0,-1
2023451372308,2023,451372308,1,3,0,17,19,4,8,0,0,4,2,0,1,4,4,1,2,2,1,19,4,125,1,6,SYM SYMPHONY,10,E01022853,0,-1
2023311369076,2023,311369076,1,3,0,9,9,3,2,0,0,8,5,0,0,0,1,1,2,2,2,21,5,125,1,3,SYM SYMPHONY,3,E01028297,0,-1
2023421341329,2023,421341329,1,3,0,18,19,7,3,0,0,0,1,0,1,11,4,1,6,6,2,44,7,125,1,12,SYM SYMPHONY,6,E01021796,0,-1
2023122300181,2023,122300181,1,2,0,18,19,5,1,0,0,8,1,0,0,0,1,1,2,2,1,33,6,49,1,11,-1,7,E01013428,0,-1
2023501296390,2023,501296390,2,3,0,10,10,7,4,0,0,8,0,0,0,0,1,1,6,6,3,50,8,125,1,7,SYM SYMPHONY,7,E01015134,0,-1
2023041343693,2023,041343693,1,3,0,18,19,6,2,0,0,0,0,4,0,0,1,1,6,6,1,30,6,125,1,10,SYM SYMPHONY,1,E01025590,0,-1
2023411331704,2023,411331704,2,3,0,18,19,2,6,0,0,4,0,0,0,0,3,1,6,6,1,23,5,125,1,10,SYM SYMPHONY,9,E01023309,0,-1
2023461359323,2023,461359323,2,3,0,-1,-1,-1,-1,-1,-1,0,-1,-1,-1,0,-1,1,6,6,1,17,4,125,1,2,SYM SYMPHONY,3,E01016146,0,-1
2023010460998,2023,010460998,1,3,0,99,99,9,9,99,99,0,9,99,9,99,2,1,6,6,1,36,7,125,1,2,SYM SYMPHONY,6,E01003375,0,-1
2023010458995,2023,010458995,2,3,0,99,99,9,9,99,99,0,9,99,9,99,1,1,6,6,1,-1,-1,125,1,11,SYM SYMPHONY,5,E01001829,0,-1
2023201328156,2023,201328156,2,3,0,18,19,4,8,0,0,1,0,0,0,0,1,1,2,2,1,28,6,125,1,0,SYM SYMPHONY,9,E01031148,0,-1
2023010439722,2023,010439722,2,4,0,9,9,7,6,9,9,8,1,0,1,0,4,1,6,6,1,16,4,125,1,1,-1,-1,-1,0,-1
2023421338500,2023,421338500,2,3,0,18,19,1,3,0,0,1,0,0,0,0,1,1,1,1,1,25,5,125,1,2,SYM SYMPHONY,1,E01022027,0,-1
2023010468609,2023,010468609,2,4,0,7,7,1,3,0,0,1,0,0,0,0,1,1,6,6,1,21,5,169,1,8,-1,2,E01003194,0,-1
2023320578495,2023,320578495,2,5,0,9,9,6,2,0,0,8,0,0,0,0,4,1,6,6,1,45,7,599,1,22,-1,7,E01026155,0,-1
2023201408294,2023,201408294,1,2,0,16,19,4,6,0,0,0,1,10,0,0,1,1,6,6,1,39,7,599,1,23,-1,2,E01009809,0,-1
2023170M21113,2023,170M21113,2,5,0,18,19,6,2,0,0,8,0,0,0,0,1,1,6,6,1,29,6,599,1,19,-1,-1,-1,0,-1
2023320535628,2023,320535628,2,5,0,18,19,6,2,0,0,1,0,0,0,0,3,1,6,6,1,57,9,599,1,20,-1,5,E01026373,0,-1
2023010429298,2023,010429298,1,5,0,18,19,5,1,0,0,3,2,10,0,0,1,1,6,6,1,65,9,599,1,23,-1,7,E01000118,0,-1
2023010474559,2023,010474559,2,9,0,9,9,7,5,0,0,1,0,4,0,0,1,1,6,6,1,63,9,2198,1,18,VAUXHALL VECTRA,5,E01001232,0,-1
2023041344604,2023,041344604,2,9,0,4,4,5,1,0,0,1,0,0,0,0,2,1,2,2,1,63,9,1910,2,15,VAUXHALL VECTRA,-1,-1,0,-1
2023070840512,2023,070840512,1,9,0,5,5,5,1,0,0,6,0,0,0,0,1,1,6,6,1,60,9,1910,2,16,VAUXHALL VECTRA,8,E01018718,0,-1
2023311274629,2023,311274629,2,9,0,7,7,1,4,0,0,0,1,0,1,0,2,1,2,2,1,30,6,1910,2,15,VAUXHALL VECTRA,3,E01019665,0,-1
2023041364855,2023,041364855,2,9,0,5,5,1,5,0,0,0,0,0,0,0,2,1,6,6,2,34,6,2198,1,16,VAUXHALL VECTRA,2,E01024902,0,-1
2023061266127,2023,061266127,1,9,0,18,19,6,1,0,0,1,0,0,0,0,1,1,1,1,1,52,8,1796,1,16,VAUXHALL VECTRA,2,E01005593,0,-1
2023545131223,2023,545131223,1,9,0,9,9,4,2,0,0,5,0,0,0,0,1,1,6,6,2,74,10,1910,2,17,VAUXHALL VECTRA,6,E01032011,0,-1
2023320473116,2023,320473116,1,9,0,18,19,2,6,0,0,0,1,0,1,4,3,1,6,6,1,37,7,2198,1,15,VAUXHALL VECTRA,7,E01026185,0,-1
2023421369500,2023,421369500,3,9,0,18,19,7,3,0,0,0,0,0,0,0,2,1,6,6,1,66,10,1796,1,22,VAUXHALL VECTRA,2,E01021315,0,-1
2023401324411,2023,401324411,2,9,0,4,4,1,5,0,0,0,0,0,0,0,2,1,5,6,1,26,6,1910,2,15,VAUXHALL VECTRA,1,E01010830,0,-1
2023131288376,2023,131288376,1,9,0,18,19,1,5,0,0,8,0,0,1,1,4,1,6,6,1,80,11,1910,2,16,VAUXHALL VECTRA,9,E01011278,0,-1
2023302300728,2023,302300728,1,9,0,18,19,8,4,0,0,0,0,0,0,0,1,1,6,6,1,-1,-1,1910,2,15,VAUXHALL VECTRA,-1,-1,0,-1
2023010442241,2023,010442241,1,9,0,18,19,7,3,0,0,0,0,0,0,0,1,1,6,6,3,-1,-1,2792,1,14,VAUXHALL VECTRA,-1,-1,0,-1
2023141285456,2023,141285456,2,9,-1,-1,-1,-1,-1,-1,-1,0,-1,-1,-1,0,-1,1,2,2,1,55,8,1796,1,17,VAUXHALL VECTRA,-1,-1,0,-1
2023101385408,2023,101385408,3,9,0,4,4,5,1,0,0,0,1,0,0,0,2,1,6,6,3,-1,-1,1796,1,16,VAUXHALL VECTRA,-1,-1,0,-1
2023461328442,2023,461328442,3,9,0,8,8,7,2,0,0,4,0,0,0,0,2,1,5,6,2,41,7,1910,2,15,VAUXHALL VECTRA,6,E01020959,0,-1
2023041368289,2023,041368289,1,9,0,12,12,1,1,0,0,0,0,0,0,0,3,1,5,6,1,31,6,1796,1,18,VAUXHALL VECTRA,6,E01025265,0,-1
2023320751801,2023,320751801,1,9,0,18,19,4,8,0,0,1,0,0,0,0,1,1,6,6,1,85,11,1995,2,19,VAUXHALL VECTRA,6,E01026398,0,-1
2023471348872,2023,471348872,1,9,0,9,9,8,6,0,0,0,0,0,0,0,1,1,5,6,1,67,10,1796,1,15,VAUXHALL VECTRA,9,E01031504,0,-1
2023311262736,2023,311262736,2,9,0,18,19,6,2,0,0,0,1,0,0,0,1,1,5,6,1,32,6,1796,1,17,VAUXHALL VECTRA,-1,-1,0,-1
2023552301081,2023,552301081,1,9,0,18,19,6,2,9,9,0,0,0,0,0,1,1,6,6,1,35,6,1796,1,17,VAUXHALL VECTRA,-1,-1,0,-1
2023311358546,2023,311358546,1,9,0,16,19,1,2,0,0,5,0,10,1,0,1,1,5,6,1,43,7,1796,1,14,VAUXHALL VECTRA,3,E01025291,0,-1
2023052300813,2023,052300813,2,9,0,18,19,3,7,0,0,8,0,0,0,0,1,1,2,2,1,-1,-1,1796,1,15,VAUXHALL VECTRA,8,E01006421,0,-1
2023122300426,2023,122300426,2,9,0,18,19,3,7,0,0,3,1,0,0,0,2,1,6,6,1,-1,-1,1796,1,16,VAUXHALL VECTRA,1,E01011745,0,-1
2023031392573,2023,031392573,1,9,0,18,19,1,3,0,0,0,0,0,0,0,1,1,6,6,1,29,6,1796,1,15,VAUXHALL VECTRA,4,E01025099,0,-1
2023401363896,2023,401363896,1,9,0,18,19,3,7,0,0,0,0,4,0,0,1,1,6,6,1,76,11,1910,2,16,VAUXHALL VECTRA,10,E01017530,0,-1
2023010482213,2023,010482213,2,9,0,18,19,5,1,0,0,1,0,0,0,0,1,1,6,6,3,-1,-1,1796,1,15,VAUXHALL VECTRA,-1,-1,0,-1
2023320628296,2023,320628296,1,9,0,18,19,8,4,0,0,0,5,10,1,11,1,1,6,6,1,43,7,1910,2,15,VAUXHALL VECTRA,6,E01026348,0,-1
2023231328452,2023,231328452,1,9,0,7,7,8,2,0,0,3,1,0,0,0,1,1,5,6,1,43,7,1796,1,16,VAUXHALL VECTRA,6,E01029832,0,-1
2023302300506,2023,302300506,1,9,0,18,19,6,2,0,0,0,1,0,1,4,0,1,6,6,2,44,7,1796,1,17,VAUXHALL VECTRA,10,W01001586,0,-1
2023141355178,2023,141355178,2,9,0,16,19,6,2,0,0,1,0,0,0,0,1,1,2,2,1,28,6,1910,2,17,VAUXHALL VECTRA,4,E01007704,0,-1
2023440491871,2023,440491871,1,9,0,13,13,5,1,0,0,0,1,0,1,4,1,1,6,6,1,73,10,1796,1,22,VAUXHALL VECTRA,10,E01022625,0,-1
2023451324606,2023,451324606,2,9,0,15,15,7,3,0,0,1,0,0,0,0,1,1,6,6,1,45,7,1796,7,15,VAUXHALL VECTRA,-1,-1,0,-1
2023070014187,2023,070014187,2,9,0,9,9,7,3,0,0,1,0,0,0,0,2,2,2,2,1,58,9,1796,1,15,VAUXHALL VECTRA,10,E01018680,0,-1
2023430323084,2023,430323084,1,9,0,18,19,1,5,0,0,8,0,0,0,0,1,1,6,6,1,-1,-1,1796,1,16,VAUXHALL VECTRA,-1,-1,0,-1
2023461289503,2023,461289503,1,9,0,18,19,1,5,0,0,0,0,0,0,0,1,1,5,6,1,31,6,2198,1,19,VAUXHALL VECTRA,10,E01024483,0,-1
2023991378279,2023,991378279,1,9,0,7,7,2,5,0,0,0,2,0,0,0,1,1,5,6,1,29,6,1910,2,16,VAUXHALL VECTRA,6,-1,0,-1
2023371323069,2023,371323069,1,9,0,9,9,8,5,0,0,0,0,0,0,0,3,1,6,6,1,73,10,1796,1,18,VAUXHALL VECTRA,5,E01029884,0,-1
2023221289195,2023,221289195,3,9,0,17,19,1,7,0,0,8,0,0,7,0,4,1,6,6,1,51,8,1910,2,15,VAUXHALL VECTRA,7,E01014043,0,-1
2023201278212,2023,201278212,1,9,0,9,9,8,6,0,0,2,0,0,0,0,1,1,6,6,1,66,10,1796,1,18,VAUXHALL VECTRA,1,E01009979,0,-1
2023320146473,2023,320146473,2,9,0,2,2,0,0,0,0,0,0,0,0,0,2,1,6,6,3,-1,-1,1796,1,15,VAUXHALL VECTRA,-1,-1,0,-1
2023041315683,2023,041315683,2,9,0,5,5,1,5,0,0,1,0,0,0,0,1,1,5,6,1,30,6,2597,1,21,VAUXHALL VECTRA,7,E01025565,0,-1