collision_index,collision_year,collision_ref_no,vehicle_reference,vehicle_type,towing_and_articulation,vehicle_manoeuvre_historic,vehicle_manoeuvre,vehicle_direction_from,vehicle_direction_to,vehicle_location_restricted_lane_historic,vehicle_location_restricted_lane,junction_location,skidding_and_overturning,hit_object_in_carriageway,vehicle_leaving_carriageway,hit_object_off_carriageway,first_point_of_impact,vehicle_left_hand_drive,journey_purpose_of_driver_historic,journey_purpose_of_driver,sex_of_driver,age_of_driver,age_band_of_driver,engine_capacity_cc,propulsion_code,age_of_vehicle,generic_make_model,driver_imd_decile,lsoa_of_driver,escooter_flag,driver_distance_banding
2023440220404,2023,440220404,1,9,0,1,1,7,3,0,0,2,0,0,0,0,2,1,6,6,3,-1,-1,1796,1,15,VAUXHALL VECTRA,-1,-1,0,-1
2023332300232,2023,332300232,1,9,0,16,19,4,7,0,0,0,1,0,7,4,2,1,6,6,1,45,7,1998,1,16,VAUXHALL VECTRA,3,E01025992,0,-1
2023170H10843,2023,170H10843,1,9,0,3,3,1,3,0,0,2,0,0,0,0,3,1,6,6,2,48,8,1910,2,16,VAUXHALL VECTRA,1,E01012001,0,-1
2023311316530,2023,311316530,1,9,0,4,4,6,2,0,0,0,0,0,0,0,1,1,2,2,1,57,9,1994,2,20,VAUXHALL VECTRA,3,E01033392,0,-1
2023111347418,2023,111347418,1,9,0,18,19,5,1,0,0,0,1,0,1,0,1,1,5,6,2,36,7,1910,2,15,VAUXHALL VECTRA,3,E01020789,0,-1
2023401338121,2023,401338121,3,9,0,18,19,5,1,0,0,1,0,0,0,0,1,1,6,6,1,41,7,1796,1,17,VAUXHALL VECTRA,4,E01015804,0,-1
2023201412365,2023,201412365,1,9,0,18,19,5,1,0,0,1,0,7,0,0,3,1,6,6,1,18,4,1796,1,16,VAUXHALL VECTRA,3,E01009587,0,-1
2023010427739,2023,010427739,2,9,0,99,99,9,9,99,99,9,9,99,9,99,1,9,6,6,3,40,7,1910,2,14,VAUXHALL VECTRA,8,E01024763,0,-1
2023520301225,2023,520301225,1,9,0,18,19,1,5,0,0,0,0,0,0,0,1,1,6,6,1,58,9,1910,2,15,VAUXHALL VECTRA,8,E01014741,0,-1
2023041319959,2023,041319959,1,9,0,9,9,5,3,0,0,6,0,0,0,0,1,1,6,6,3,-1,-1,1796,1,15,VAUXHALL VECTRA,-1,-1,0,-1
2023131309527,2023,131309527,1,9,0,9,9,3,5,0,0,8,0,0,0,0,1,1,5,6,1,35,6,1910,2,15,VAUXHALL VECTRA,2,E01011872,0,-1
2023131259296,2023,131259296,1,9,0,18,19,1,5,0,0,1,5,0,3,11,1,1,5,6,1,21,5,1910,2,15,VAUXHALL VECTRA,2,E01010605,0,-1
2023141347712,2023,141347712,2,9,0,5,5,5,7,0,0,1,0,0,0,0,1,1,6,6,1,29,6,1910,2,15,VAUXHALL VECTRA,-1,-1,0,-1
2023170H10943,2023,170H10943,1,9,0,18,19,8,4,0,0,0,2,0,1,4,1,1,6,6,1,38,7,1910,2,14,VAUXHALL VECTRA,5,E01020772,0,-1
2023421381712,2023,421381712,1,9,0,18,19,1,5,0,0,0,1,0,1,0,1,1,5,6,1,27,6,1796,1,18,VAUXHALL VECTRA,7,E01021722,0,-1
2023101285774,2023,101285774,1,9,0,18,19,6,2,0,0,2,2,11,1,4,4,1,6,6,1,16,4,1910,2,17,VAUXHALL VECTRA,-1,-1,0,-1
2023141277675,2023,141277675,1,9,0,9,9,6,1,0,0,0,0,0,0,0,1,1,6,6,2,27,6,1910,2,15,VAUXHALL VECTRA,1,E01007901,0,-1
2023221369674,2023,221369674,1,9,0,9,9,7,6,0,0,6,0,0,0,0,3,1,5,6,1,34,6,1796,1,17,VAUXHALL VECTRA,2,E01028934,0,-1
2023010465910,2023,010465910,2,9,0,2,2,0,0,0,0,6,0,0,0,0,3,1,6,6,3,-1,-1,2198,1,18,VAUXHALL VECTRA,-1,-1,0,-1
2023351283412,2023,351283412,1,9,0,3,3,0,0,0,0,0,0,0,0,0,2,1,2,2,1,37,7,1796,1,14,VAUXHALL VECTRA,6,E01033121,0,-1
2023332300325,2023,332300325,2,9,0,18,19,2,6,0,0,2,0,0,7,0,1,1,2,2,1,30,6,1910,2,15,VAUXHALL VECTRA,9,E01018513,0,-1
2023311323819,2023,311323819,2,9,0,5,5,1,7,0,0,8,0,0,0,0,4,1,5,6,2,52,8,1910,2,15,VAUXHALL VECTRA,2,E01027983,0,-1
2023501406676,2023,501406676,1,9,0,18,19,4,7,0,0,0,0,0,7,11,1,1,6,6,3,20,4,3175,1,20,VAUXHALL VECTRA,-1,-1,0,-1
2023531332037,2023,531332037,1,9,0,9,9,3,1,0,0,8,0,0,0,0,1,1,5,6,1,72,10,1910,2,18,VAUXHALL VECTRA,5,E01032279,0,-1
2023010449311,2023,010449311,1,9,0,99,99,9,9,99,99,9,9,99,9,99,1,9,6,6,1,32,6,1910,2,15,VAUXHALL VECTRA,1,E01015932,0,-1
2023371392514,2023,371392514,1,9,0,9,9,1,4,0,0,5,0,0,0,0,1,1,5,6,1,38,7,1910,2,14,VAUXHALL VECTRA,6,E01030037,0,-1
2023302300294,2023,302300294,1,9,0,4,4,8,4,0,0,0,0,0,0,0,3,1,2,2,2,54,8,1910,2,14,VAUXHALL VECTRA,4,E01019450,0,-1
2023451329175,2023,451329175,1,9,0,11,11,3,7,0,0,0,0,0,0,0,1,1,2,2,1,24,5,1796,1,15,VAUXHALL VECTRA,3,E01001371,0,-1
2023552301289,2023,552301289,1,9,0,18,19,2,6,0,0,0,1,0,7,10,1,1,6,6,1,28,6,1910,2,17,VAUXHALL VECTRA,8,E01020458,0,-1
2023991329201,2023,991329201,1,9,0,16,19,4,7,0,0,0,0,0,1,11,1,1,5,6,1,28,6,1796,1,15,VAUXHALL VECTRA,-1,-1,0,-1
2023101293499,2023,101293499,1,9,0,18,19,7,3,0,0,0,0,0,0,0,1,1,5,6,1,56,9,1796,1,16,VAUXHALL VECTRA,2,E01027461,0,-1
2023421275024,2023,421275024,3,9,0,3,3,3,3,0,0,1,0,0,0,0,3,1,5,6,2,30,6,1796,1,15,VAUXHALL VECTRA,-1,-1,0,-1
2023991271488,2023,991271488,1,9,0,4,4,5,1,0,0,0,1,0,0,0,1,1,6,6,3,40,7,1910,2,16,VAUXHALL VECTRA,-1,-1,0,-1
2023451383106,2023,451383106,1,9,0,18,19,1,5,0,0,8,0,0,0,0,3,1,5,6,1,55,8,1796,1,18,VAUXHALL VECTRA,10,E01022877,0,-1
2023471379109,2023,471379109,2,9,0,5,5,0,3,5,5,0,0,0,0,0,1,1,6,6,1,43,7,1910,2,18,VAUXHALL VECTRA,3,E01016911,0,-1
2023311264658,2023,311264658,1,9,0,16,19,5,1,0,0,0,2,0,1,0,1,1,6,6,1,32,6,1998,1,16,VAUXHALL VECTRA,3,E01028338,0,-1
2023340WN1352,2023,340WN1352,1,9,0,4,4,2,6,0,0,1,1,0,0,0,1,1,6,6,1,-1,-1,2792,1,16,VAUXHALL VECTRA,-1,-1,0,-1
2023211392144,2023,211392144,1,9,0,18,19,7,3,0,0,1,0,0,0,0,1,1,5,6,1,27,6,1796,1,15,VAUXHALL VECTRA,8,E01029799,0,-1
2023440488084,2023,440488084,1,9,0,18,19,7,3,0,0,0,0,0,1,10,1,1,6,6,1,76,11,1796,1,17,VAUXHALL VECTRA,6,E01033239,0,-1
2023141272548,2023,141272548,1,9,0,7,7,6,7,0,0,6,0,0,0,0,1,1,6,6,1,61,9,1910,2,16,VAUXHALL VECTRA,3,E01007702,0,-1
2023320685272,2023,320685272,1,9,0,18,19,4,8,0,0,2,5,0,3,9,1,1,6,6,2,34,6,1910,2,17,VAUXHALL VECTRA,6,E01026380,0,-1
202360A103745,2023,60A103745,1,9,0,18,19,4,8,0,0,0,0,0,0,0,1,1,6,6,1,39,7,1796,1,16,VAUXHALL VECTRA,-1,-1,0,-1
2023070205898,2023,070205898,2,9,0,2,2,7,3,0,0,1,0,0,0,0,0,1,6,6,1,27,6,1910,2,14,VAUXHALL VECTRA,3,E01018731,0,-1
2023522400834,2023,522400834,1,9,0,9,9,1,7,0,0,8,0,0,0,0,3,1,6,6,1,58,9,1796,1,16,VAUXHALL VECTRA,7,E01014895,0,-1
2023991337252,2023,991337252,1,9,0,18,19,7,3,0,0,0,0,0,1,4,1,1,6,6,2,32,6,1796,1,15,VAUXHALL VECTRA,6,-1,0,-1
2023041347782,2023,041347782,1,9,0,7,7,4,8,0,0,2,5,0,7,0,1,1,6,6,1,85,11,1796,1,15,VAUXHALL VECTRA,6,E01025383,0,-1
2023361345619,2023,361345619,2,9,0,3,3,5,1,0,0,0,0,0,0,0,2,1,6,6,1,43,7,1796,1,17,VAUXHALL VECTRA,1,E01017466,0,-1
2023501344824,2023,501344824,1,9,0,18,19,1,5,0,0,1,0,0,0,0,3,1,3,7,2,55,8,1796,1,16,VAUXHALL VECTRA,4,E01019981,0,-1
2023501393128,2023,501393128,2,9,0,18,19,1,5,0,0,8,0,0,0,0,1,1,6,6,1,41,7,1910,2,16,VAUXHALL VECTRA,5,E01019954,0,-1
2023610001223,2023,610001223,1,9,0,18,19,7,5,0,0,0,0,0,0,0,4,1,1,1,1,61,9,1796,1,16,VAUXHALL VECTRA,1,W01001607,0,-1
2023211378663,2023,211378663,2,9,0,18,19,1,5,0,0,8,0,0,0,0,3,1,2,2,1,64,9,1910,2,15,VAUXHALL VECTRA,-1,-1,0,-1
2023351270939,2023,351270939,2,9,0,3,3,7,3,0,0,1,0,0,0,0,2,1,5,6,1,42,7,1910,2,15,VAUXHALL VECTRA,3,E01015677,0,-1
2023170S11893,2023,170S11893,1,9,0,18,19,1,5,0,0,0,0,0,0,0,3,1,6,6,2,70,10,1796,1,17,VAUXHALL VECTRA,-1,-1,0,-1
2023201342173,2023,201342173,2,9,0,9,9,7,5,0,0,5,1,10,7,10,3,1,6,6,1,45,7,1796,7,16,VAUXHALL VECTRA,3,E01010249,0,-1
2023111384056,2023,111384056,3,9,0,18,19,8,4,0,0,1,1,1,0,0,1,1,6,6,1,54,8,2171,2,20,VAUXHALL VECTRA,-1,-1,0,-1
2023610006423,2023,610006423,2,9,0,6,6,5,5,0,0,0,0,0,0,0,3,1,6,6,1,60,9,1910,2,15,VAUXHALL VECTRA,7,W01001674,0,-1
2023430516886,2023,430516886,1,9,0,9,9,2,8,0,0,6,0,0,0,0,3,1,6,6,1,56,9,1796,1,19,VAUXHALL VECTRA,10,E01016652,0,-1
2023010428162,2023,010428162,2,9,0,99,99,9,9,99,99,9,9,99,9,99,1,9,6,6,3,-1,-1,1796,1,20,VAUXHALL VECTRA,1,E01001424,0,-1
2023461271729,2023,461271729,2,9,0,4,4,6,2,0,0,1,0,0,0,0,1,1,5,6,1,36,7,1910,2,14,VAUXHALL VECTRA,1,E01024177,0,-1
2023201374481,2023,201374481,1,9,0,10,10,5,1,0,0,1,0,0,0,0,2,1,5,6,1,35,6,1796,1,15,VAUXHALL VECTRA,1,E01010524,0,-1
2023411270265,2023,411270265,2,9,0,18,19,2,6,0,0,0,0,10,1,0,3,1,5,6,1,24,5,2198,1,17,VAUXHALL VECTRA,6,E01023583,0,-1
2023440425002,2023,440425002,1,9,0,13,13,1,5,0,0,0,0,0,0,0,4,1,6,6,1,30,6,1910,2,15,VAUXHALL VECTRA,8,E01022815,0,-1
2023141318393,2023,141318393,2,9,0,9,9,5,6,0,0,1,0,0,0,0,1,1,6,6,3,-1,-1,1910,2,14,VAUXHALL VECTRA,-1,-1,0,-1
2023991389600,2023,991389600,1,9,0,18,19,2,5,0,0,0,5,0,1,10,1,1,5,6,1,30,6,1796,1,15,VAUXHALL VECTRA,5,-1,0,-1
2023522400973,2023,522400973,1,9,0,18,19,3,7,0,0,0,0,0,0,0,1,1,6,6,1,48,8,1796,1,17,VAUXHALL VECTRA,7,E01014562,0,-1
2023101328714,2023,101328714,2,9,0,18,19,1,5,0,0,1,0,0,0,0,3,1,6,6,1,-1,-1,1910,2,16,VAUXHALL VECTRA,2,E01008820,0,-1
2023131298652,2023,131298652,1,9,0,9,9,3,7,0,0,0,0,0,0,0,3,1,2,2,1,44,7,1910,2,15,VAUXHALL VECTRA,1,E01010680,0,-1
2023401365000,2023,401365000,2,9,0,18,19,3,7,0,0,1,0,10,1,0,1,1,5,6,1,29,6,1910,2,15,VAUXHALL VECTRA,4,E01017600,0,-1
2023302300077,2023,302300077,1,9,0,7,7,4,6,0,0,1,0,0,0,0,1,1,6,6,1,40,7,1796,1,15,VAUXHALL VECTRA,10,E01019881,0,-1
2023501276140,2023,501276140,1,9,0,9,9,8,6,0,0,1,0,0,0,0,1,1,2,2,2,43,7,1796,1,17,VAUXHALL VECTRA,5,E01015174,0,-1
2023631311146,2023,631311146,1,9,0,18,19,6,2,0,0,0,0,0,0,0,1,1,2,2,1,57,9,1796,1,15,VAUXHALL VECTRA,9,W01000441,0,-1
2023141372250,2023,141372250,1,9,0,18,19,5,1,0,0,0,0,0,0,0,1,1,2,2,1,19,4,1796,1,17,VAUXHALL VECTRA,1,E01007508,0,-1
2023991391431,2023,991391431,2,9,0,9,9,3,1,0,0,0,0,0,0,0,1,1,6,6,1,79,11,1796,1,16,VAUXHALL VECTRA,9,-1,0,-1
2023221394178,2023,221394178,1,9,0,18,19,2,6,0,0,8,0,0,0,0,4,1,6,6,2,29,6,2792,1,15,VAUXHALL VECTRA,1,E01032232,0,-1
2023031336411,2023,031336411,1,9,0,17,19,5,2,0,0,0,1,0,1,9,1,1,6,6,1,24,5,1796,1,15,VAUXHALL VECTRA,-1,-1,0,-1
2023161315228,2023,161315228,1,9,0,9,9,1,7,9,9,0,0,0,0,0,1,1,6,6,1,41,7,1796,1,16,VAUXHALL VECTRA,1,E01013298,0,-1
2023201363253,2023,201363253,1,9,0,13,13,8,4,0,0,0,0,0,0,0,1,1,6,6,1,43,7,1796,1,15,VAUXHALL VECTRA,4,E01009879,0,-1
2023351281366,2023,351281366,1,9,0,4,4,5,1,0,0,1,0,0,0,0,1,1,6,6,1,59,9,1910,2,15,VAUXHALL VECTRA,1,E01015607,0,-1
2023461279181,2023,461279181,2,9,0,9,9,1,3,0,0,2,0,0,0,0,3,1,5,6,1,63,9,1910,2,18,VAUXHALL VECTRA,6,E01023977,0,-1
2023302301118,2023,302301118,1,9,0,9,9,2,8,0,0,1,0,0,0,0,2,1,6,6,1,35,6,1796,1,15,VAUXHALL VECTRA,7,E01029456,0,-1
2023052301282,2023,052301282,1,9,0,5,5,1,3,0,0,1,0,0,0,0,1,1,6,6,1,-1,-1,1796,1,15,VAUXHALL VECTRA,2,E01006813,0,-1
2023070131986,2023,070131986,2,9,0,3,3,1,5,0,0,1,0,0,0,0,2,1,6,6,1,39,7,1796,1,14,VAUXHALL VECTRA,10,E01018427,0,-1
2023031355648,2023,031355648,1,9,0,18,19,3,7,0,0,0,1,0,0,0,1,1,6,6,1,34,6,1910,2,17,VAUXHALL VECTRA,4,E01019150,0,-1
2023101273532,2023,101273532,1,9,0,18,19,2,6,0,0,0,1,0,2,0,4,1,5,6,1,30,6,1910,2,14,VAUXHALL VECTRA,-1,-1,0,-1
2023320104194,2023,320104194,2,9,0,18,19,2,6,0,0,8,0,0,0,0,1,1,2,2,2,24,5,1796,1,16,VAUXHALL VECTRA,1,E01026092,0,-1
2023440220286,2023,440220286,3,9,0,17,19,1,5,0,0,0,0,0,0,0,1,1,6,6,1,51,8,1910,2,15,VAUXHALL VECTRA,5,E01022999,0,-1
2023211356027,2023,211356027,1,9,0,18,19,8,2,0,0,1,1,0,0,0,1,1,6,6,1,-1,-1,1910,2,16,VAUXHALL VECTRA,-1,-1,0,-1
2023170M10153,2023,170M10153,2,9,0,9,9,2,8,0,0,8,0,0,0,0,1,1,6,6,1,58,9,1910,2,17,VAUXHALL VECTRA,1,E01012084,0,-1
2023141363039,2023,141363039,1,9,0,7,7,7,3,0,0,4,0,0,0,0,4,1,5,6,1,37,7,1796,1,14,VAUXHALL VECTRA,1,E01007372,0,-1
2023302301693,2023,302301693,1,9,0,4,4,6,2,0,0,1,0,0,0,0,1,1,6,6,3,-1,-1,1796,1,17,VAUXHALL VECTRA,5,E01019456,0,-1
2023161303649,2023,161303649,1,9,0,18,19,5,1,0,0,1,0,0,0,0,1,1,6,6,3,-1,-1,1796,1,20,VAUXHALL VECTRA,-1,-1,0,-1
2023471369141,2023,471369141,1,9,0,7,7,1,7,0,0,1,0,0,0,0,1,1,5,6,2,25,5,1796,1,15,VAUXHALL VECTRA,7,E01031781,0,-1
2023451323804,2023,451323804,2,9,0,18,19,3,7,0,0,8,0,0,0,0,1,1,2,2,1,69,10,1910,2,17,VAUXHALL VECTRA,7,E01032881,0,-1
2023201375393,2023,201375393,2,9,0,18,19,7,3,0,0,8,0,0,0,0,4,1,5,6,1,25,5,1796,1,15,VAUXHALL VECTRA,3,E01009940,0,-1
2023440178672,2023,440178672,5,9,0,18,19,1,5,0,0,0,0,0,0,0,1,1,6,6,1,35,6,1796,1,15,VAUXHALL VECTRA,9,E01022613,0,-1
2023302300174,2023,302300174,2,9,0,4,4,7,3,0,0,0,0,0,0,0,1,1,2,2,1,39,7,1910,2,16,VAUXHALL VECTRA,2,E01019571,0,-1
2023461354337,2023,461354337,1,9,0,18,19,5,1,0,0,0,0,0,0,0,1,1,2,2,1,43,7,1910,2,16,VAUXHALL VECTRA,1,E01024621,0,-1
2023061384612,2023,061384612,1,9,0,18,19,3,7,0,0,0,0,0,1,0,2,1,1,1,2,52,8,1910,2,14,VAUXHALL VECTRA,1,E01004946,0,-1
2023131262484,2023,131262484,1,9,0,17,19,7,3,0,0,8,1,10,8,2,1,1,5,6,1,33,6,1910,2,17,VAUXHALL VECTRA,1,E01011745,0,-1
2023461347377,2023,461347377,1,9,0,18,19,5,1,0,0,0,1,0,1,4,1,1,6,6,1,29,6,2597,1,22,VAUXHALL VECTRA,-1,-1,0,-1
2023991321609,2023,991321609,1,9,0,18,19,4,2,0,0,1,0,0,0,0,1,1,5,6,1,66,10,1910,2,17,VAUXHALL VECTRA,2,-1,0,-1
2023010444694,2023,010444694,2,9,0,99,99,9,9,99,99,9,9,99,9,99,1,9,6,6,3,-1,-1,1796,1,16,VAUXHALL VECTRA,-1,-1,0,-1
2023221397614,2023,221397614,2,9,0,18,19,4,8,0,0,0,0,0,0,0,1,1,2,2,1,49,8,3175,1,21,VAUXHALL VECTRA,10,E01014177,0,-1
2023221274187,2023,221274187,2,9,0,3,3,8,4,0,0,0,0,0,0,0,2,1,6,6,1,36,7,1796,1,19,VAUXHALL VECTRA,1,E01009214,0,-1
2023471373649,2023,471373649,2,9,0,18,19,1,5,0,0,0,0,0,0,0,1,1,5,6,1,46,8,1796,1,19,VAUXHALL VECTRA,4,E01031576,0,-1
2023631356621,2023,631356621,1,9,0,18,19,1,5,0,0,1,0,4,0,0,1,1,6,6,3,-1,-1,1796,1,16,VAUXHALL VECTRA,-1,-1,0,-1
2023501365504,2023,501365504,2,9,0,4,4,6,2,0,0,1,0,0,0,0,2,1,5,6,1,32,6,1796,1,23,VAUXHALL VECTRA,-1,-1,0,-1
2023440526949,2023,440526949,2,9,0,9,9,4,2,0,0,8,0,0,0,0,1,1,6,6,1,50,8,1910,2,18,VAUXHALL VECTRA,5,E01017243,0,-1
2023471277700,2023,471277700,2,9,0,7,7,1,3,0,0,0,0,0,0,0,2,1,5,6,2,62,9,1910,2,15,VAUXHALL VECTRA,4,E01031377,0,-1
2023201358347,2023,201358347,2,9,0,9,9,8,6,0,0,6,0,0,0,0,4,1,6,6,1,31,6,1910,2,15,VAUXHALL VECTRA,1,E01009881,0,-1
2023320416300,2023,320416300,1,9,0,15,15,2,6,0,0,0,1,4,0,0,1,1,6,6,1,36,7,1910,2,17,VAUXHALL VECTRA,4,E01026288,0,-1
2023311311999,2023,311311999,2,9,0,2,2,0,0,0,0,0,0,0,0,0,1,1,6,6,3,-1,-1,1796,1,16,VAUXHALL VECTRA,-1,-1,0,-1
2023320446256,2023,320446256,2,9,0,18,19,2,7,0,0,3,0,0,0,0,1,1,6,6,1,35,6,1796,1,17,VAUXHALL VECTRA,2,E01026006,0,-1
2023540539523,2023,540539523,3,9,0,18,19,4,8,0,0,0,1,0,1,9,0,1,6,6,1,63,9,1796,1,15,VAUXHALL VECTRA,8,E01014894,0,-1
2023221322645,2023,221322645,2,9,0,8,8,5,8,0,0,1,0,0,0,0,2,1,5,6,1,35,6,1796,1,16,VAUXHALL VECTRA,5,W01000402,0,-1
2023440452438,2023,440452438,2,9,0,4,4,4,8,0,0,1,0,0,0,0,2,1,6,6,1,51,8,1910,2,18,VAUXHALL VECTRA,7,E01023031,0,-1
2023010428363,2023,010428363,1,9,0,10,10,3,1,0,0,6,0,0,0,0,1,1,6,6,1,79,11,1796,1,19,VAUXHALL VECTRA,5,E01002682,0,-1
2023340NN3372,2023,340NN3372,1,9,0,18,19,3,7,0,0,1,1,0,1,11,1,1,6,6,1,32,6,1910,2,17,VAUXHALL VECTRA,7,E01027090,0,-1
2023010421808,2023,010421808,3,9,0,99,99,9,9,99,99,9,9,99,9,99,1,9,6,6,3,-1,-1,1796,1,15,VAUXHALL VECTRA,-1,-1,0,-1
2023501287310,2023,501287310,1,9,0,18,19,1,5,0,0,0,2,0,0,0,4,1,5,6,1,34,6,1910,2,15,VAUXHALL VECTRA,6,E01029219,0,-1
2023201277635,2023,201277635,1,9,0,18,19,2,6,0,0,0,0,0,0,0,1,1,6,6,3,-1,-1,1796,1,15,VAUXHALL VECTRA,-1,-1,0,-1
2023520300920,2023,520300920,1,9,0,9,9,7,5,0,0,8,0,0,0,0,4,1,6,6,1,24,5,1796,1,20,VAUXHALL VECTRA,9,E01022185,0,-1
2023302301362,2023,302301362,2,9,0,2,2,0,0,0,0,0,0,0,1,10,1,1,6,6,3,-1,-1,1796,1,14,VAUXHALL VECTRA,-1,-1,0,-1
2023201283855,2023,201283855,1,9,0,1,1,2,6,0,0,1,0,0,0,0,2,1,6,6,1,66,10,1796,1,15,VAUXHALL VECTRA,3,E01009239,0,-1
2023332300845,2023,332300845,1,9,0,18,19,4,8,0,0,2,0,0,0,0,2,1,6,6,1,19,4,1796,1,17,VAUXHALL VECTRA,4,E01013756,0,-1
2023552300742,2023,552300742,1,9,0,7,7,6,8,0,0,6,0,0,0,0,1,1,6,6,1,39,7,1910,2,15,VAUXHALL VECTRA,1,E01020552,0,-1
2023141289475,2023,141289475,2,9,0,12,12,7,5,0,0,0,0,0,0,0,4,1,6,6,1,33,6,1910,2,14,VAUXHALL VECTRA,2,E01007592,0,-1
2023991334748,2023,991334748,2,9,0,18,19,5,1,0,0,1,1,0,7,0,3,1,5,6,2,27,6,2198,1,16,VAUXHALL VECTRA,6,-1,0,-1
2023471284609,2023,471284609,1,9,0,18,19,5,1,0,0,2,0,0,0,0,1,1,1,1,1,36,7,1796,1,18,VAUXHALL VECTRA,5,E01021195,0,-1
2023471320674,2023,471320674,1,9,0,16,19,5,7,0,0,8,0,0,1,0,1,2,3,7,1,35,6,1796,1,18,VAUXHALL VECTRA,3,E01020930,0,-1
2023991376152,2023,991376152,1,9,0,18,19,5,2,0,0,0,5,0,1,0,1,1,5,6,1,25,5,1796,1,20,VAUXHALL VECTRA,1,-1,0,-1
2023010442670,2023,010442670,1,3,0,99,99,9,9,99,99,0,9,99,9,99,2,1,2,2,1,30,6,-1,3,2,-1,2,E01000083,0,-1
2023010459427,2023,010459427,1,3,0,7,7,5,7,0,0,3,0,0,0,0,4,1,2,2,2,32,6,-1,3,1,-1,5,E01002447,0,-1
2023421350241,2023,421350241,1,9,0,17,19,6,3,0,0,2,0,0,0,0,3,1,1,1,2,43,7,3956,2,5,AUDI SQ7,5,E01023293,0,-1
2023010477812,2023,010477812,2,9,0,18,19,3,7,0,0,8,0,10,0,0,1,1,6,6,1,32,6,3996,1,0,AUDI SQ7,-1,-1,0,-1
2023041292907,2023,041292907,2,9,0,18,19,1,5,0,0,1,0,0,0,0,4,1,5,6,1,49,8,3956,2,7,AUDI SQ7,-1,-1,0,-1
2023131294860,2023,131294860,1,9,0,18,19,3,7,0,0,1,0,0,0,0,4,1,5,6,1,26,6,3956,2,5,AUDI SQ7,2,E01015787,0,-1
2023010477625,2023,010477625,1,9,0,99,99,9,9,99,99,9,9,99,9,99,9,9,6,6,3,-1,-1,3996,1,0,AUDI SQ7,-1,-1,0,-1
2023010434521,2023,010434521,2,9,0,15,15,1,5,0,0,2,0,0,0,0,1,1,6,6,3,22,5,3956,2,4,AUDI SQ7,-1,-1,0,-1
2023361365072,2023,361365072,2,9,0,18,19,5,1,0,0,0,0,0,0,0,4,1,1,1,1,34,6,3956,2,3,AUDI SQ7,9,E01026938,0,-1
2023010425602,2023,010425602,1,9,0,18,19,5,1,0,0,0,0,0,0,0,1,2,3,7,1,41,7,3996,1,1,AUDI SQ7,4,E01003766,0,-1
2023201278754,2023,201278754,2,9,0,4,4,6,2,0,0,0,0,0,0,0,2,1,6,6,1,28,6,3956,2,6,AUDI SQ7,4,E01009085,0,-1
2023061375462,2023,061375462,2,9,0,18,19,3,7,0,0,0,0,0,0,0,2,1,5,6,1,60,9,3996,1,1,AUDI SQ7,8,E01012529,0,-1
2023991317386,2023,991317386,2,9,0,2,2,0,0,0,0,0,0,0,0,0,2,1,6,6,3,-1,-1,3996,1,1,AUDI SQ7,-1,-1,0,-1
2023010446219,2023,010446219,2,9,0,99,99,9,9,99,99,9,9,99,9,99,1,9,6,6,3,-1,-1,3996,1,2,AUDI SQ7,8,E01002890,0,-1
2023201315804,2023,201315804,2,9,0,18,19,8,4,0,0,8,0,10,1,10,3,1,6,6,1,36,7,3956,2,6,AUDI SQ7,2,E01009342,0,-1
2023131328333,2023,131328333,2,9,0,9,9,4,8,0,0,4,0,0,0,0,1,1,3,7,1,45,7,3956,2,5,AUDI SQ7,1,E01010616,0,-1
2023010434626,2023,010434626,1,9,0,14,14,7,3,0,0,1,0,0,0,0,3,1,6,6,1,33,6,3956,2,4,AUDI SQ7,3,E01005505,0,-1
2023201410063,2023,201410063,2,9,0,9,9,7,5,0,0,6,0,0,0,0,1,1,2,2,1,50,8,3956,2,6,AUDI SQ7,7,E01009974,0,-1
2023430252935,2023,430252935,1,9,0,9,9,2,8,0,0,5,0,0,1,0,1,1,6,6,1,43,7,3956,2,6,AUDI SQ7,10,E01000280,0,-1
2023451321994,2023,451321994,1,9,0,18,19,6,2,9,9,0,0,6,1,11,1,1,5,6,2,64,9,-1,3,0,BMW I4,10,E01030456,0,-1
2023061315150,2023,061315150,3,9,0,18,19,4,8,0,0,2,0,0,0,0,4,1,5,6,2,53,8,-1,3,0,BMW I4,-1,-1,0,-1
2023131360336,2023,131360336,2,9,0,18,19,7,3,0,0,0,0,0,0,0,1,1,6,6,1,47,8,-1,3,1,BMW I4,10,E01011266,0,-1
2023010430735,2023,010430735,1,9,0,9,9,8,5,0,0,1,0,0,0,0,3,1,6,6,1,46,8,-1,3,1,BMW I4,10,E01001475,0,-1
2023221330533,2023,221330533,2,9,0,16,19,2,4,0,0,8,0,0,0,0,3,1,3,7,1,33,6,-1,3,1,BMW I4,7,E01014070,0,-1
2023302301978,2023,302301978,1,9,0,7,7,7,1,0,0,8,0,0,0,0,4,1,6,6,3,-1,-1,-1,3,0,BMW I4,5,E01019456,0,-1
2023430186593,2023,430186593,2,9,0,7,7,2,4,0,0,1,0,0,0,0,2,1,6,6,1,31,6,-1,3,0,BMW I4,10,E01028460,0,-1
2023411313314,2023,411313314,1,9,0,5,5,3,7,0,0,4,0,0,0,0,1,1,5,6,2,54,8,-1,3,1,BMW I4,9,E01023460,0,-1