collision_index,collision_year,collision_ref_no,vehicle_reference,vehicle_type,towing_and_articulation,vehicle_manoeuvre_historic,vehicle_manoeuvre,vehicle_direction_from,vehicle_direction_to,vehicle_location_restricted_lane_historic,vehicle_location_restricted_lane,junction_location,skidding_and_overturning,hit_object_in_carriageway,vehicle_leaving_carriageway,hit_object_off_carriageway,first_point_of_impact,vehicle_left_hand_drive,journey_purpose_of_driver_historic,journey_purpose_of_driver,sex_of_driver,age_of_driver,age_band_of_driver,engine_capacity_cc,propulsion_code,age_of_vehicle,generic_make_model,driver_imd_decile,lsoa_of_driver,escooter_flag,driver_distance_banding
2023101301091,2023,101301091,2,9,0,18,19,4,4,0,0,0,0,0,0,0,2,1,5,6,1,54,8,1995,2,19,BMW X3,10,-1,0,-1
2023141288972,2023,141288972,1,9,0,5,5,5,1,0,0,6,0,0,0,0,1,1,2,2,2,49,8,1995,2,9,BMW X3,1,E01011617,0,-1
2023010464588,2023,010464588,2,9,9,99,99,9,9,99,99,9,9,99,9,99,9,9,6,6,3,-1,-1,2494,1,19,BMW X3,-1,-1,0,-1
2023010486065,2023,010486065,1,9,0,4,4,1,5,0,0,0,0,0,0,0,1,1,6,6,1,50,8,2979,1,19,BMW X3,4,E01003492,0,-1
2023052302844,2023,052302844,1,9,0,5,5,7,3,0,0,1,0,0,0,0,3,1,6,6,1,77,11,1995,2,5,BMW X3,7,E01006973,0,-1
2023201288933,2023,201288933,2,9,0,18,19,3,8,0,0,3,0,0,0,0,4,1,6,6,1,58,9,1995,2,8,BMW X3,3,E01008924,0,-1
2023471291448,2023,471291448,2,9,0,3,3,1,5,0,0,1,0,0,0,0,2,1,6,6,1,42,7,1995,2,17,BMW X3,7,E01016946,0,-1
2023361318205,2023,361318205,1,9,0,18,19,2,6,0,0,1,0,0,0,0,1,1,5,6,1,96,11,2000,2,14,BMW X3,6,E01026494,0,-1
2023361345689,2023,361345689,2,9,0,-1,-1,-1,-1,-1,-1,-1,-1,-1,-1,0,-1,1,5,6,1,37,7,1995,2,17,BMW X3,8,E01026454,0,-1
2023010454122,2023,010454122,2,9,0,99,99,9,9,99,99,9,9,99,9,99,1,9,6,6,3,-1,-1,1995,2,6,BMW X3,-1,-1,0,-1
2023010459144,2023,010459144,1,9,0,99,99,9,9,99,99,0,9,99,9,99,1,9,6,6,1,29,6,1995,2,4,BMW X3,5,E01004451,0,-1
2023201277411,2023,201277411,2,9,0,7,7,3,5,0,0,1,0,0,0,0,2,1,6,6,3,37,7,1995,2,6,BMW X3,1,E01010450,0,-1
2023361295741,2023,361295741,2,9,0,18,19,2,3,0,0,0,0,0,0,0,1,1,5,6,1,57,9,1995,2,17,BMW X3,4,E01018044,0,-1
2023531302565,2023,531302565,2,9,0,3,3,8,4,0,0,0,0,0,0,0,2,1,5,6,1,70,10,2993,2,17,BMW X3,5,E01022441,0,-1
2023131311985,2023,131311985,1,9,0,18,19,3,7,0,0,0,0,0,0,0,1,1,5,6,1,30,6,2993,1,4,BMW X3,4,E01011647,0,-1
2023451354549,2023,451354549,1,9,0,5,5,1,5,0,0,0,0,7,1,10,1,1,5,6,1,50,8,2993,1,4,BMW X3,9,E01030301,0,-1
2023411367543,2023,411367543,2,9,0,18,19,7,3,0,0,0,0,0,0,0,1,1,6,6,1,41,7,1998,8,1,BMW X3,6,E01015821,0,-1
2023440482384,2023,440482384,2,9,0,10,10,2,8,0,0,1,0,0,0,0,3,1,1,1,1,42,7,1995,2,9,BMW X3,7,E01022584,0,-1
2023101298175,2023,101298175,2,9,0,3,3,7,3,0,0,0,0,0,0,0,2,1,3,7,1,42,7,1995,2,11,BMW X3,3,E01008594,0,-1
2023461330037,2023,461330037,2,9,0,18,19,1,5,0,0,0,0,0,0,0,1,1,1,1,1,33,6,1998,8,1,BMW X3,7,E01016167,0,-1
2023440162533,2023,440162533,1,9,0,9,9,7,5,0,0,6,0,0,0,0,4,1,2,2,1,43,7,1998,1,3,BMW X3,7,E01023116,0,-1
2023070088267,2023,070088267,1,9,0,10,10,7,3,0,0,1,0,0,0,0,1,2,6,6,1,27,6,1995,2,14,BMW X3,9,E01018408,0,-1
2023010438028,2023,010438028,3,9,0,4,4,3,7,0,0,0,0,0,0,0,2,1,6,6,2,49,8,1995,2,11,BMW X3,-1,-1,0,-1
2023501305425,2023,501305425,2,9,0,18,19,2,7,0,0,0,1,0,1,0,3,1,5,6,1,50,8,2494,1,19,BMW X3,4,E01020302,0,-1
2023131293433,2023,131293433,1,9,0,9,9,1,5,0,0,1,0,0,0,0,1,1,6,6,1,45,7,2993,2,16,BMW X3,8,E01010575,0,-1
2023311365200,2023,311365200,3,9,0,4,4,1,5,0,0,0,0,0,0,0,2,1,6,6,2,41,7,1995,2,4,BMW X3,10,E01028373,0,-1
2023141383666,2023,141383666,1,9,0,18,19,7,3,0,0,1,1,10,0,0,3,1,1,1,1,26,6,1995,2,2,BMW X3,1,E01007904,0,-1
2023471328752,2023,471328752,1,9,0,9,9,5,3,0,0,1,0,8,0,0,1,1,5,6,2,52,8,1995,2,10,BMW X3,4,E01020976,0,-1
2023451290680,2023,451290680,2,9,0,17,19,5,7,0,0,8,1,0,0,0,4,1,5,6,1,57,9,1998,1,4,BMW X3,6,E01030557,0,-1
2023340WN7312,2023,340WN7312,2,9,0,18,19,8,4,0,0,1,1,0,0,0,2,1,6,6,1,61,9,1995,12,3,BMW X3,-1,-1,0,-1
2023991379891,2023,991379891,1,9,0,18,19,3,7,0,0,0,0,0,1,0,3,1,6,6,1,39,7,1995,12,0,BMW X3,2,-1,0,-1
2023211329731,2023,211329731,3,9,0,18,19,4,8,0,0,0,0,0,0,0,1,1,6,6,2,41,7,1995,12,1,BMW X3,6,E01029697,0,-1
2023010421210,2023,010421210,2,9,0,1,1,5,1,0,0,9,0,0,0,0,2,1,6,6,3,-1,-1,1995,2,9,BMW X3,-1,-1,0,-1
2023010440861,2023,010440861,3,9,0,5,5,3,7,0,0,1,0,0,0,0,0,1,2,2,1,34,6,1995,2,7,BMW X3,4,E01004048,0,-1
2023131356644,2023,131356644,1,9,0,18,19,1,1,0,0,1,0,0,0,0,4,1,5,6,1,68,10,1995,2,10,BMW X3,8,E01013430,0,-1
2023041272466,2023,041272466,1,9,0,18,19,7,3,9,9,0,0,10,7,11,1,1,5,6,1,28,6,1995,2,9,BMW X3,9,E01025281,0,-1
2023471318237,2023,471318237,2,9,0,2,2,0,0,0,0,2,0,0,0,0,1,1,6,6,3,-1,-1,1995,2,9,BMW X3,-1,-1,0,-1
2023010441507,2023,010441507,1,9,0,99,99,9,9,99,99,9,9,99,9,99,2,9,2,2,1,41,7,1995,2,15,BMW X3,5,E01033592,0,-1
2023320282004,2023,320282004,2,9,0,9,9,8,7,0,0,8,0,0,0,0,2,1,3,7,2,53,8,1995,2,9,BMW X3,6,E01026399,0,-1
2023010477791,2023,010477791,2,9,0,3,3,3,7,0,0,1,0,0,0,0,1,1,6,6,1,35,6,2993,1,3,BMW X3,7,E01003956,0,-1
2023501349434,2023,501349434,1,9,0,13,13,4,8,0,0,2,0,0,0,0,4,1,6,6,1,59,9,1995,2,9,BMW X3,9,E01020215,0,-1
2023070955846,2023,070955846,1,9,0,11,11,1,5,0,0,3,0,9,1,11,1,1,6,6,1,70,10,2993,12,1,BMW X3,5,E01019611,0,-1
2023421308384,2023,421308384,2,9,0,3,3,8,3,0,0,1,0,0,0,0,2,1,5,6,2,55,8,2000,2,11,BMW X3,10,E01021569,0,-1
2023440390414,2023,440390414,1,9,0,4,4,3,7,0,0,1,0,0,0,0,1,1,6,6,1,38,7,1995,2,7,BMW X3,-1,-1,0,-1
2023371265190,2023,371265190,2,9,0,18,19,2,6,0,0,0,0,0,1,0,1,1,2,2,2,50,8,1995,2,7,BMW X3,6,E01030150,0,-1
2023201278684,2023,201278684,1,9,0,18,19,8,4,0,0,0,0,0,0,0,2,1,1,1,1,35,6,2993,2,17,BMW X3,2,E01009314,0,-1
2023430085678,2023,430085678,2,9,0,3,3,5,1,0,0,0,0,0,0,0,2,1,6,6,2,38,7,1995,2,17,BMW X3,5,E01016756,0,-1
2023451345795,2023,451345795,1,9,0,18,19,6,2,9,9,1,0,0,7,11,1,1,2,2,1,56,9,1995,2,7,BMW X3,7,E01030647,0,-1
2023411268349,2023,411268349,3,9,0,4,4,5,1,0,0,0,1,0,0,0,1,1,1,1,1,39,7,2993,2,11,BMW X3,8,E01017583,0,-1
2023141384661,2023,141384661,1,9,0,18,19,5,1,0,0,0,0,0,0,0,4,1,5,6,1,60,9,1998,8,2,BMW X3,9,E01022282,0,-1
2023440022995,2023,440022995,2,9,0,18,19,1,5,0,0,0,0,0,0,0,1,1,2,2,1,23,5,1995,2,5,BMW X3,9,E01022894,0,-1
2023141336240,2023,141336240,1,9,0,18,19,3,7,0,0,0,1,0,0,0,1,1,6,6,1,22,5,1995,2,18,BMW X3,3,E01007632,0,-1
2023161387664,2023,161387664,1,9,-1,-1,-1,7,3,-1,-1,-1,-1,-1,-1,0,-1,1,6,6,1,-1,-1,1995,2,6,BMW X3,-1,-1,0,-1
2023401299364,2023,401299364,3,9,0,18,19,1,5,0,0,0,0,0,0,0,1,1,5,6,2,28,6,1995,2,13,BMW X3,8,E01023666,0,-1
2023461320324,2023,461320324,2,9,0,18,19,1,5,0,0,8,0,0,0,0,3,1,6,6,2,52,8,2993,2,5,BMW X3,9,E01024853,0,-1
2023461345138,2023,461345138,2,9,0,3,3,3,7,0,0,0,0,0,0,0,2,1,6,6,1,36,7,1995,2,5,BMW X3,1,E01024148,0,-1
2023010454132,2023,010454132,2,9,0,99,99,9,9,99,99,9,9,99,9,99,1,9,6,6,3,-1,-1,1995,2,7,BMW X3,9,E01003857,0,-1
2023351305226,2023,351305226,2,9,0,18,19,3,7,0,0,0,0,0,1,0,1,1,5,6,2,34,6,1995,2,4,BMW X3,8,E01015589,0,-1
2023311375212,2023,311375212,1,9,0,18,19,1,5,0,0,8,0,0,0,0,1,1,5,6,2,38,7,1995,2,18,BMW X3,2,E01027980,0,-1
2023010466682,2023,010466682,1,9,0,3,3,7,3,0,0,1,0,0,0,0,2,1,1,1,1,40,7,2993,2,6,BMW X3,3,E01003579,0,-1
2023461287749,2023,461287749,3,9,0,18,19,3,7,0,0,1,0,0,0,0,1,1,6,6,2,37,7,1995,2,16,BMW X3,6,E01023988,0,-1
2023201276476,2023,201276476,1,9,0,17,19,8,5,0,0,2,0,10,1,4,1,1,6,6,2,39,7,2993,2,4,BMW X3,1,E01008979,0,-1
2023031350956,2023,031350956,1,9,0,18,19,3,8,0,0,0,2,0,1,0,4,1,5,6,2,27,6,2993,12,1,BMW X3,-1,-1,0,-1
2023101343638,2023,101343638,3,9,0,3,3,6,2,0,0,0,0,0,0,0,2,1,6,6,2,48,8,1995,2,5,BMW X3,8,E01008647,0,-1
2023061337154,2023,061337154,2,9,0,18,19,7,3,0,0,8,0,0,0,0,1,1,6,6,1,34,6,1995,2,11,BMW X3,-1,-1,0,-1
2023430469195,2023,430469195,2,9,0,18,19,1,5,0,0,6,0,0,0,0,1,1,6,6,1,-1,-1,2993,2,11,BMW X3,-1,-1,0,-1
2023010420068,2023,010420068,3,9,0,2,2,0,0,0,0,2,0,0,0,0,2,1,6,6,3,-1,-1,2979,1,18,BMW X3,-1,-1,0,-1
2023991359996,2023,991359996,2,9,0,18,19,3,7,0,0,1,0,0,0,0,4,1,5,6,1,59,9,1995,2,4,BMW X3,2,-1,0,-1
2023010438190,2023,010438190,1,9,0,99,99,9,9,99,99,9,9,99,9,99,2,9,6,6,1,40,7,1995,2,7,BMW X3,7,E01004683,0,-1
2023302301361,2023,302301361,2,9,0,3,3,7,3,0,0,0,0,0,0,0,2,1,6,6,1,60,9,2993,2,6,BMW X3,7,E01019419,0,-1
2023991277159,2023,991277159,1,9,0,18,19,1,4,0,0,3,0,0,0,0,1,1,2,2,1,29,6,2993,2,4,BMW X3,-1,-1,0,-1
2023010438841,2023,010438841,2,9,0,3,3,7,3,0,0,1,0,0,0,0,0,1,1,1,1,42,7,1995,2,9,BMW X3,7,E01002896,0,-1
2023010475068,2023,010475068,2,9,0,99,99,9,9,99,99,9,9,99,9,99,9,9,6,6,3,-1,-1,1995,2,5,BMW X3,-1,-1,0,-1
2023201453373,2023,201453373,2,9,0,4,4,4,8,0,0,8,0,0,0,0,2,1,6,6,2,45,7,1995,2,18,BMW X3,2,E01008946,0,-1
2023501275136,2023,501275136,1,9,0,18,19,7,3,0,0,0,2,0,1,10,3,1,5,6,1,28,6,1995,2,11,BMW X3,8,E01010876,0,-1
2023010446854,2023,010446854,1,9,0,99,99,9,9,99,99,9,9,99,9,99,2,9,6,6,1,35,6,1998,1,5,BMW X3,6,E01001272,0,-1
2023501365615,2023,501365615,1,9,0,16,19,8,4,0,0,0,0,0,0,0,1,1,5,6,2,48,8,2993,2,15,BMW X3,4,E01018924,0,-1
2023052301435,2023,052301435,1,9,0,13,13,1,3,0,0,3,0,0,0,0,4,1,6,6,2,60,9,1995,2,8,BMW X3,3,E01006925,0,-1
2023430124247,2023,430124247,4,9,0,18,19,6,2,0,0,0,0,0,0,0,1,1,6,6,2,35,6,1995,12,1,BMW X3,10,E01017650,0,-1
2023991307215,2023,991307215,1,9,0,18,19,1,5,0,0,8,0,0,0,0,3,1,5,6,2,40,7,1995,2,4,BMW X3,10,-1,0,-1
2023201298814,2023,201298814,1,9,0,18,19,6,2,0,0,6,0,0,0,0,3,1,6,6,1,62,9,1995,2,11,BMW X3,2,E01009403,0,-1
2023451313635,2023,451313635,2,9,0,18,19,3,1,0,0,4,0,0,0,0,1,1,6,6,1,30,6,1995,2,12,BMW X3,-1,-1,0,-1
2023041312441,2023,041312441,2,9,0,9,9,3,7,0,0,1,0,0,0,0,3,1,5,6,2,36,7,1995,2,4,BMW X3,7,E01004775,0,-1
2023531294434,2023,531294434,3,9,0,18,19,5,1,0,0,0,0,0,0,0,0,1,5,6,2,56,9,1998,1,2,BMW X3,8,E01022412,0,-1
2023010453368,2023,010453368,2,9,0,99,99,9,9,99,99,9,9,99,9,99,1,9,6,6,1,-1,-1,1998,8,2,BMW X3,6,E01003427,0,-1
2023131292207,2023,131292207,2,9,0,18,19,3,7,0,0,0,0,0,0,0,3,1,6,6,3,-1,-1,2993,2,16,BMW X3,-1,-1,0,-1
2023131383498,2023,131383498,1,9,0,9,9,6,2,0,0,8,0,0,0,0,1,1,5,6,2,54,8,1995,2,7,BMW X3,9,E01010953,0,-1
2023201405219,2023,201405219,1,9,0,18,19,4,8,0,0,8,0,0,1,0,1,1,6,6,1,25,5,2993,2,15,BMW X3,3,E01009977,0,-1
2023311275220,2023,311275220,2,9,0,5,5,1,2,0,0,6,0,0,0,0,3,1,5,6,1,53,8,2000,2,13,BMW X3,4,E01028210,0,-1
2023010473317,2023,010473317,1,9,0,99,99,9,9,99,99,0,9,99,9,99,2,9,6,6,2,36,7,1995,2,7,BMW X3,5,E01003791,0,-1
2023010482940,2023,010482940,1,9,0,99,99,9,9,99,99,0,9,99,9,99,9,9,6,6,2,49,8,1995,2,8,BMW X3,2,E01000126,0,-1
2023131258809,2023,131258809,2,9,0,18,19,5,1,0,0,0,0,0,0,0,1,1,5,6,2,32,6,1995,2,4,BMW X3,10,E01011932,0,-1
2023070270239,2023,070270239,2,9,0,18,19,7,3,0,0,1,0,0,0,0,1,1,6,6,2,41,7,1995,2,8,BMW X3,2,E01018522,0,-1
2023411355245,2023,411355245,1,9,0,18,19,-1,-1,0,0,0,0,0,0,0,4,1,6,6,1,77,11,2993,12,2,BMW X3,8,E01001208,0,-1
2023531332875,2023,531332875,1,9,0,16,19,1,5,0,0,0,0,0,7,0,1,1,1,1,2,39,7,1995,2,12,BMW X3,10,E01016692,0,-1
2023401353534,2023,401353534,1,9,0,18,19,8,4,0,0,1,1,0,7,4,1,1,5,6,1,41,7,1995,2,7,BMW X3,3,E01027184,0,-1
2023010434646,2023,010434646,2,9,0,2,2,0,0,0,0,1,0,0,0,0,3,1,6,6,3,-1,-1,1998,8,1,BMW X3,-1,-1,0,-1
2023461383952,2023,461383952,2,9,0,18,19,8,4,0,0,1,1,0,0,0,1,1,5,6,1,29,6,2998,1,5,BMW X3,1,E01000661,0,-1
2023010476296,2023,010476296,2,9,0,3,3,8,4,0,0,1,0,0,0,0,1,1,6,6,2,37,7,1995,2,8,BMW X3,3,E01000287,0,-1
2023041303534,2023,041303534,1,9,0,18,19,3,7,0,0,1,0,0,0,0,4,1,5,6,1,77,11,1995,2,16,BMW X3,6,E01025587,0,-1
2023411337543,2023,411337543,1,9,0,1,1,3,7,0,0,0,0,0,0,0,2,1,6,6,1,33,6,1995,2,8,BMW X3,8,E01017376,0,-1
2023010450070,2023,010450070,2,9,0,99,99,9,9,99,99,9,9,99,9,99,1,9,6,6,3,-1,-1,1998,8,1,BMW X3,-1,-1,0,-1
2023302301359,2023,302301359,1,9,0,18,19,2,6,0,0,1,0,0,0,0,4,1,6,6,2,80,11,2993,2,10,BMW X3,9,E01019614,0,-1
2023471350948,2023,471350948,2,9,0,18,19,1,5,0,0,0,0,0,0,0,2,1,5,6,1,41,7,1995,2,10,BMW X3,-1,-1,0,-1
2023311360356,2023,311360356,1,9,0,18,19,5,2,9,9,0,0,10,1,0,1,1,5,6,2,42,7,2993,2,9,BMW X3,3,E01028111,0,-1
2023361276981,2023,361276981,1,9,0,18,19,5,1,0,0,0,0,0,0,0,4,1,5,6,1,78,11,1995,2,7,BMW X3,6,E01026486,0,-1
2023991355623,2023,991355623,3,9,0,18,19,8,4,0,0,0,1,0,0,0,1,1,6,6,1,55,8,1995,2,4,BMW X3,4,-1,0,-1
2023501285645,2023,501285645,2,9,0,18,19,1,5,0,0,8,0,0,0,0,1,1,2,2,2,54,8,2993,2,6,BMW X3,8,E01015097,0,-1
2023430024115,2023,430024115,1,9,0,18,19,8,4,0,0,0,1,0,1,0,1,1,3,7,2,53,8,1995,2,6,BMW X3,3,E01016442,0,-1
2023010443104,2023,010443104,2,9,0,99,99,9,9,99,99,9,9,99,9,99,1,9,6,6,3,-1,-1,1995,2,9,BMW X3,-1,-1,0,-1
2023411354045,2023,411354045,1,9,0,5,5,1,5,0,0,0,0,0,0,0,1,1,6,6,1,40,7,2998,8,1,BMW X3,9,E01023895,0,-1
2023041347032,2023,041347032,1,9,0,9,9,5,3,0,0,1,0,0,0,0,1,1,6,6,1,34,6,2993,12,1,BMW X3,3,E01025076,0,-1
2023401278267,2023,401278267,1,9,0,6,6,8,4,0,0,8,0,0,0,0,3,1,6,6,1,79,11,1995,2,4,BMW X3,8,E01024920,0,-1
2023430132994,2023,430132994,1,9,0,5,5,2,6,8,6,0,0,0,0,0,1,1,6,6,1,53,8,2993,2,8,BMW X3,-1,-1,0,-1
2023440037848,2023,440037848,1,9,0,16,19,1,4,0,0,8,0,0,0,0,1,1,6,6,1,59,9,2993,2,11,BMW X3,1,E01017036,0,-1
2023440097134,2023,440097134,2,9,0,18,19,5,1,0,0,1,0,0,0,0,1,1,6,6,1,24,5,1995,2,11,BMW X3,7,E01023048,0,-1
2023161382048,2023,161382048,2,9,0,18,19,6,2,0,0,0,0,0,0,0,1,1,5,6,2,56,9,1995,12,3,BMW X3,8,E01013292,0,-1
2023221340209,2023,221340209,1,9,0,9,9,1,7,0,0,5,0,10,7,10,1,1,5,6,1,86,11,1995,2,14,BMW X3,2,E01032389,0,-1
2023361353654,2023,361353654,2,9,4,18,19,5,1,0,0,0,0,0,0,0,0,1,5,6,1,35,6,1995,2,15,BMW X3,5,E01026879,0,-1
2023520300941,2023,520300941,2,9,0,9,9,3,8,0,0,8,0,0,0,0,1,1,6,6,1,36,7,1995,2,12,BMW X3,6,W01001236,0,-1
2023542626623,2023,542626623,2,9,0,18,19,5,1,0,0,0,0,0,0,0,2,1,6,6,2,53,8,1998,1,2,BMW X3,8,E01016148,0,-1
2023201317963,2023,201317963,2,9,0,9,9,1,7,0,0,6,0,0,0,0,3,1,1,1,1,44,7,1998,1,5,BMW X3,3,E01010218,0,-1
2023501283011,2023,501283011,2,9,0,18,19,3,7,0,0,0,0,0,0,0,1,1,5,6,2,31,6,1995,2,9,BMW X3,5,E01015024,0,-1
2023421285396,2023,421285396,1,9,0,9,9,1,7,0,0,4,0,0,0,0,3,1,6,6,2,60,9,2993,2,6,BMW X3,9,E01021788,0,-1
2023302301908,2023,302301908,2,9,0,13,13,1,5,0,0,0,0,0,0,0,1,1,6,6,1,27,6,2993,2,18,BMW X3,2,E01008056,0,-1
2023302300102,2023,302300102,2,9,0,18,19,4,8,0,0,1,0,0,0,0,1,1,2,2,1,31,6,1995,2,16,BMW X3,6,E01019821,0,-1
2023010486544,2023,010486544,3,9,0,4,4,1,5,0,0,1,0,0,0,0,2,1,6,6,1,47,8,1998,8,1,BMW X3,4,E01001259,0,-1
2023211309517,2023,211309517,2,9,0,18,19,5,1,0,0,0,0,0,0,0,0,1,6,6,2,57,9,2993,2,11,BMW X3,7,E01029846,0,-1
2023991334656,2023,991334656,2,9,0,16,19,1,5,0,0,0,0,0,0,0,1,1,5,6,1,49,8,1998,1,2,BMW X3,7,-1,0,-1
2023010422314,2023,010422314,2,9,9,99,99,9,9,99,99,9,9,99,9,99,9,9,6,6,3,-1,-1,1995,2,13,BMW X3,-1,-1,0,-1
2023501287180,2023,501287180,3,9,0,18,19,3,7,0,0,0,0,0,0,0,1,1,5,6,2,70,10,1995,2,7,BMW X3,4,E01018955,0,-1
2023041302302,2023,041302302,2,9,0,18,19,3,7,0,0,8,0,0,0,0,1,1,5,6,2,33,6,1995,12,2,BMW X3,4,E01012599,0,-1
2023131350707,2023,131350707,1,9,0,18,19,5,1,0,0,0,0,11,1,2,1,1,5,6,1,29,6,2993,1,4,BMW X3,1,E01011364,0,-1
2023421351861,2023,421351861,2,9,0,2,2,6,2,0,0,0,0,0,0,0,2,1,6,6,3,-1,-1,1995,2,6,BMW X3,-1,-1,0,-1
2023471350929,2023,471350929,2,9,0,10,10,4,2,0,0,0,0,0,0,0,2,1,5,6,1,34,6,1995,2,10,BMW X3,6,E01021097,0,-1
2023061303318,2023,061303318,1,9,-1,11,11,-1,-1,0,0,0,0,0,0,0,0,1,6,6,3,57,9,1995,12,2,BMW X3,9,E01012660,0,-1
2023101275879,2023,101275879,3,9,0,4,4,2,6,0,0,0,0,0,0,0,1,1,6,6,2,42,7,1995,2,4,BMW X3,5,E01008648,0,-1
202354A851823,2023,54A851823,2,9,0,18,19,2,6,0,0,0,0,0,0,0,1,1,6,6,1,59,9,1995,2,8,BMW X3,9,E01031847,0,-1
2023061285622,2023,061285622,1,9,0,7,7,3,7,0,0,1,0,0,0,0,1,1,2,2,1,54,8,1998,8,1,BMW X3,-1,-1,0,-1
2023501305816,2023,501305816,1,9,0,13,13,3,7,0,0,0,1,0,1,4,1,1,5,6,1,24,5,2993,1,4,BMW X3,-1,-1,0,-1
2023010423241,2023,010423241,2,9,0,13,13,3,7,0,0,1,0,4,0,0,1,1,6,6,3,-1,-1,2993,2,3,BMW X3,-1,-1,0,-1
2023010440280,2023,010440280,2,9,0,18,19,5,1,0,0,8,0,0,0,0,1,1,6,6,1,38,7,2979,1,19,BMW X3,3,E01000044,0,-1
2023010467377,2023,010467377,1,9,0,3,3,7,3,0,0,1,0,0,0,0,2,1,6,6,2,39,7,1995,12,2,BMW X3,7,E01024140,0,-1
2023010462912,2023,010462912,2,9,0,99,99,9,9,99,99,9,9,99,9,99,9,9,6,6,3,-1,-1,1995,2,7,BMW X3,-1,-1,0,-1
2023421290479,2023,421290479,5,9,0,18,19,4,8,0,0,0,0,0,0,0,2,1,1,1,1,50,8,1995,2,6,BMW X3,8,E01021763,0,-1
2023231290001,2023,231290001,1,9,0,9,9,2,8,0,0,6,0,0,0,0,3,1,5,6,2,42,7,1995,2,17,BMW X3,5,E01031242,0,-1
2023430282064,2023,430282064,1,9,0,18,19,8,4,0,0,2,0,0,1,0,1,1,6,6,1,48,8,1995,2,9,BMW X3,3,E01002504,0,-1
2023052301999,2023,052301999,1,9,0,3,3,3,7,0,0,8,0,0,0,0,3,1,2,2,1,-1,-1,1998,8,3,BMW X3,-1,-1,0,-1
2023231303786,2023,231303786,1,9,0,9,9,1,7,0,0,5,0,0,0,0,4,1,6,6,1,23,5,1995,2,11,BMW X3,2,E01008942,0,-1
2023201356118,2023,201356118,4,9,0,2,2,0,0,0,0,0,0,0,0,0,0,1,6,6,3,-1,-1,1995,2,14,BMW X3,-1,-1,0,-1
2023101273158,2023,101273158,2,9,0,18,19,3,7,0,0,0,0,0,0,0,1,1,1,1,1,47,8,2993,2,6,BMW X3,-1,-1,0,-1
2023340WN0262,2023,340WN0262,2,9,0,18,19,6,2,0,0,1,0,0,0,0,1,1,6,6,1,37,7,1995,2,18,BMW X3,9,E01027307,0,-1
2023421362335,2023,421362335,2,9,0,18,19,5,1,0,0,0,1,0,7,0,2,1,6,6,2,33,6,1995,2,6,BMW X3,9,E01021561,0,-1
2023041354592,2023,041354592,1,9,0,1,1,1,5,9,9,0,0,0,0,0,2,1,5,6,1,38,7,2993,2,7,BMW X3,8,E01012584,0,-1
2023201454001,2023,201454001,2,9,0,9,9,8,4,0,0,6,0,0,0,0,4,1,6,6,2,27,6,1998,8,2,BMW X3,4,E01008997,0,-1
2023041314730,2023,041314730,1,9,0,18,19,1,5,0,0,0,0,0,0,0,4,1,5,6,1,87,11,2998,1,5,BMW X3,5,E01025061,0,-1
2023131368313,2023,131368313,2,9,0,18,19,1,5,0,0,1,0,0,0,0,1,1,6,6,3,-1,-1,2993,1,0,BMW X3,-1,-1,0,-1
2023311299930,2023,311299930,2,9,0,7,7,1,1,0,0,0,1,0,0,0,1,1,5,6,1,36,7,2998,1,2,BMW X3,-1,-1,0,-1
2023552301439,2023,552301439,3,9,0,3,3,8,4,0,0,1,0,0,0,0,2,1,6,6,1,37,7,2993,2,17,BMW X3,5,E01018864,0,-1
2023501368645,2023,501368645,3,9,0,18,19,6,2,0,0,8,0,0,0,0,1,1,6,6,2,24,5,1995,2,9,BMW X3,5,E01015205,0,-1
2023461367519,2023,461367519,1,9,0,18,19,4,8,0,0,0,0,0,0,0,1,1,6,6,2,73,10,1995,2,11,BMW X3,6,E01024220,0,-1
2023070897300,2023,070897300,1,9,0,3,3,3,7,0,0,0,0,0,0,0,0,1,6,6,1,42,7,1995,2,4,BMW X3,-1,-1,0,-1
2023010455831,2023,010455831,2,9,0,10,10,8,5,0,0,6,0,0,0,0,1,1,6,6,1,25,5,1995,2,8,BMW X3,-1,-1,0,-1
2023471280876,2023,471280876,2,9,0,4,4,6,2,0,0,0,0,0,0,0,1,1,3,7,2,39,7,1995,2,12,BMW X3,4,E01016925,0,-1
2023031352585,2023,031352585,2,9,0,16,19,3,7,0,0,0,2,0,0,0,3,1,4,7,2,39,7,1995,12,2,BMW X3,5,E01019394,0,-1
2023401311017,2023,401311017,1,9,0,4,4,1,5,0,0,0,0,0,0,0,2,1,1,1,1,45,7,1998,8,3,BMW X3,9,E01017394,0,-1
2023041325378,2023,041325378,2,9,0,5,5,3,7,0,0,6,0,0,0,0,4,1,5,6,1,56,9,1995,12,2,BMW X3,7,E01012727,0,-1
2023010440247,2023,010440247,2,9,0,9,9,1,7,0,0,2,1,4,0,0,1,1,6,6,1,44,7,2494,1,19,BMW X3,3,E01000610,0,-1
2023461325812,2023,461325812,3,9,0,18,19,3,7,0,0,0,0,0,0,0,1,1,5,6,1,46,8,1995,2,4,BMW X3,10,E01032828,0,-1
2023440146667,2023,440146667,1,9,0,18,19,1,5,0,0,8,0,0,0,0,3,1,6,6,1,31,6,1995,2,17,BMW X3,-1,-1,0,-1