collision_index,collision_year,collision_ref_no,vehicle_reference,vehicle_type,towing_and_articulation,vehicle_manoeuvre_historic,vehicle_manoeuvre,vehicle_direction_from,vehicle_direction_to,vehicle_location_restricted_lane_historic,vehicle_location_restricted_lane,junction_location,skidding_and_overturning,hit_object_in_carriageway,vehicle_leaving_carriageway,hit_object_off_carriageway,first_point_of_impact,vehicle_left_hand_drive,journey_purpose_of_driver_historic,journey_purpose_of_driver,sex_of_driver,age_of_driver,age_band_of_driver,engine_capacity_cc,propulsion_code,age_of_vehicle,generic_make_model,driver_imd_decile,lsoa_of_driver,escooter_flag,driver_distance_banding
2023540591923,2023,540591923,1,9,0,18,19,2,6,0,0,1,1,0,0,0,1,1,6,6,2,42,7,1995,2,9,BMW X3,8,E01031868,0,-1
2023101332801,2023,101332801,1,9,0,18,19,5,1,0,0,0,0,0,1,0,1,1,5,6,1,33,6,1995,2,4,BMW X3,7,E01008797,0,-1
2023421296458,2023,421296458,1,9,0,16,19,1,5,0,0,0,2,0,1,2,1,1,5,6,1,26,6,2993,1,4,BMW X3,5,E01015818,0,-1
2023061377041,2023,061377041,2,9,0,-1,-1,-1,-1,-1,-1,0,-1,-1,-1,0,-1,1,6,6,3,40,7,1995,2,4,BMW X3,9,E01006301,0,-1
2023440463660,2023,440463660,1,9,0,16,19,6,2,0,0,0,0,0,7,4,1,1,6,6,1,52,8,2979,1,19,BMW X3,1,E01002040,0,-1
2023302300341,2023,302300341,2,9,0,18,19,8,2,0,0,4,0,0,0,0,1,1,6,6,1,64,9,1998,8,2,BMW X3,5,E01027975,0,-1
2023141330577,2023,141330577,4,9,0,18,19,6,2,0,0,0,0,0,0,0,1,1,6,6,3,-1,-1,1995,2,17,BMW X3,-1,-1,0,-1
2023010419343,2023,010419343,2,9,0,18,19,3,7,0,0,1,0,0,0,0,0,1,6,6,1,55,8,1995,2,8,BMW X3,10,E01002257,0,-1
2023052302679,2023,052302679,2,9,0,18,19,7,3,0,0,0,0,0,0,0,1,1,6,6,1,28,6,2993,1,0,BMW X3,4,E01007000,0,-1
2023411380828,2023,411380828,1,9,0,16,19,5,1,0,0,0,0,0,0,0,1,1,3,7,1,58,9,1995,12,1,BMW X3,10,E01023853,0,-1
2023010434438,2023,010434438,1,9,0,6,6,3,3,0,0,8,0,7,0,0,1,1,6,6,2,38,7,1995,2,9,BMW X3,9,E01000761,0,-1
2023161316648,2023,161316648,1,9,0,18,19,3,7,0,0,0,0,0,0,0,1,1,5,6,1,29,6,1995,12,1,BMW X3,1,E01012788,0,-1
2023010443456,2023,010443456,1,9,0,1,1,1,5,0,0,8,0,0,0,0,2,1,6,6,2,44,7,1995,12,1,BMW X3,10,E01003822,0,-1
2023010455340,2023,010455340,1,9,0,99,99,9,9,99,99,9,9,99,9,99,2,9,2,2,1,28,6,2360,1,14,-1,5,E01001278,0,-1
2023141322569,2023,141322569,2,9,0,18,19,5,1,0,0,0,0,0,0,0,1,1,6,6,1,61,9,1968,2,14,-1,2,E01007656,0,-1
2023010422878,2023,010422878,2,5,0,99,99,9,9,99,99,9,9,99,9,99,1,1,6,6,3,-1,-1,1745,1,3,-1,7,E01004761,0,-1
2023991321421,2023,991321421,1,4,0,18,19,4,8,0,0,1,0,0,0,0,3,1,1,1,1,37,7,1340,1,25,-1,4,-1,0,-1
2023440421212,2023,440421212,1,5,0,18,19,4,8,0,0,0,0,0,0,0,1,1,6,6,1,28,6,1247,1,13,-1,8,E01022713,0,-1
2023520301827,2023,520301827,2,4,0,18,19,2,6,0,0,0,0,0,0,0,1,1,6,6,1,34,6,250,1,6,-1,7,E01029275,0,-1
2023340NN0982,2023,340NN0982,1,4,0,18,19,3,7,0,0,0,1,0,0,0,1,1,6,6,1,15,3,250,1,10,-1,8,E01032969,0,-1
2023542951023,2023,542951023,1,4,0,18,19,2,6,0,0,0,0,0,0,0,4,1,6,6,1,56,9,250,1,6,-1,6,E01031860,0,-1
2023101314516,2023,101314516,1,4,0,18,19,4,6,0,0,6,1,0,0,0,1,1,6,6,1,40,7,250,1,3,-1,-1,-1,0,-1
2023101397206,2023,101397206,1,3,0,18,19,3,7,0,0,8,0,0,0,0,1,1,6,6,3,-1,-1,250,1,8,-1,-1,-1,0,-1
2023520301762,2023,520301762,2,4,0,18,19,4,8,0,0,8,0,0,0,0,1,1,6,6,1,55,8,250,1,9,-1,6,E01029290,0,-1
2023520301825,2023,520301825,1,4,0,18,19,6,2,0,0,8,0,0,0,0,4,1,6,6,1,56,9,250,1,9,-1,9,E01029076,0,-1
2023991278088,2023,991278088,2,9,0,5,5,3,7,0,0,4,0,0,0,0,3,1,6,6,1,45,7,1368,1,5,JEEP COMPASS,1,-1,0,-1
2023070197417,2023,070197417,2,9,0,18,19,0,0,0,0,0,0,0,0,0,2,1,6,6,2,50,8,1598,2,5,JEEP COMPASS,5,E01018579,0,-1
2023411391346,2023,411391346,1,9,0,18,19,3,7,0,0,0,0,10,0,0,3,1,6,6,1,39,7,1368,1,4,JEEP COMPASS,7,E01023572,0,-1
2023622300899,2023,622300899,2,8,0,2,2,0,0,0,0,0,0,0,0,0,2,1,6,6,3,-1,-1,1332,8,0,-1,-1,-1,0,-1
2023411314127,2023,411314127,2,9,0,18,19,5,1,0,0,2,1,0,1,0,1,1,5,6,2,41,7,1368,1,4,JEEP COMPASS,6,E01023340,0,-1
2023010472580,2023,010472580,1,9,0,17,19,3,7,0,0,0,0,10,7,0,1,1,6,6,1,29,6,1332,8,1,JEEP COMPASS,-1,-1,0,-1
2023141266008,2023,141266008,1,9,0,18,19,1,5,0,0,1,0,0,0,0,4,1,5,6,1,43,7,1368,1,5,JEEP COMPASS,2,E01007391,0,-1
2023451391161,2023,451391161,1,9,0,18,19,1,1,0,0,0,0,0,0,0,2,1,1,1,1,48,8,1332,8,1,JEEP COMPASS,8,E01004135,0,-1
2023010486174,2023,010486174,1,9,0,18,19,7,3,0,0,8,0,0,0,0,3,1,6,6,2,62,9,1956,2,5,JEEP COMPASS,3,E01001504,0,-1
2023010465663,2023,010465663,1,9,0,99,99,9,9,99,99,0,9,99,9,99,9,9,1,1,2,43,7,1956,2,3,JEEP COMPASS,3,E01003073,0,-1
2023991377214,2023,991377214,2,9,0,18,19,6,2,0,0,0,0,0,0,0,1,1,1,1,2,25,5,1332,8,1,JEEP COMPASS,5,-1,0,-1
2023010455889,2023,010455889,3,9,0,2,2,0,0,0,0,1,0,0,0,0,1,1,6,6,3,-1,-1,2143,2,11,JEEP COMPASS,-1,-1,0,-1
2023440193007,2023,440193007,1,9,0,18,19,1,5,0,0,2,0,0,0,0,3,1,2,2,1,56,9,1368,1,2,JEEP COMPASS,6,E01017214,0,-1
2023101386699,2023,101386699,1,9,0,18,19,4,6,0,0,8,0,0,0,0,1,1,5,6,1,50,8,1998,1,9,JEEP COMPASS,1,E01008304,0,-1
2023161375137,2023,161375137,1,9,0,18,19,6,2,0,0,0,1,0,1,7,1,1,6,6,1,21,5,1332,8,1,JEEP COMPASS,5,E01012772,0,-1
2023471269975,2023,471269975,1,9,0,7,7,5,7,0,0,6,0,0,0,0,3,1,6,6,1,44,7,1332,8,1,JEEP COMPASS,4,E01020919,0,-1
2023010465229,2023,010465229,1,9,0,18,19,7,3,0,0,0,0,0,0,0,1,1,2,2,1,48,8,2359,1,11,JEEP COMPASS,9,E01024440,0,-1
2023451317292,2023,451317292,2,9,0,7,7,2,4,0,0,6,0,0,0,0,1,1,6,6,2,47,8,1368,1,4,JEEP COMPASS,7,E01030553,0,-1
2023501380655,2023,501380655,1,9,0,9,9,5,1,0,0,8,0,0,0,0,1,1,5,6,1,55,8,1332,8,1,JEEP COMPASS,10,E01028714,0,-1
2023010465218,2023,010465218,2,9,0,2,2,0,0,0,0,0,0,0,0,0,2,1,6,6,3,-1,-1,1332,8,1,JEEP COMPASS,-1,-1,0,-1
2023010436601,2023,010436601,2,9,0,11,11,3,7,0,0,1,0,0,0,0,1,1,6,6,2,36,7,1332,8,0,JEEP COMPASS,-1,-1,0,-1
2023421361783,2023,421361783,3,9,0,18,19,5,1,0,0,0,0,0,1,0,3,1,5,6,2,53,8,1956,2,5,JEEP COMPASS,7,E01021676,0,-1
2023552300590,2023,552300590,1,9,0,5,5,1,5,0,0,6,0,0,0,0,3,1,6,6,2,23,5,1332,8,1,JEEP COMPASS,3,E01033344,0,-1
2023201293809,2023,201293809,1,9,0,18,19,4,2,0,0,4,0,10,7,2,3,1,6,6,2,63,9,1598,2,5,JEEP COMPASS,1,E01010084,0,-1
2023371361894,2023,371361894,3,9,0,18,19,3,7,0,0,0,0,0,0,0,2,1,2,2,2,54,8,1332,8,0,JEEP COMPASS,2,E01021638,0,-1
2023061287803,2023,061287803,2,9,0,18,19,-1,-1,0,0,0,-1,-1,-1,0,2,1,5,6,2,26,6,1368,1,2,JEEP COMPASS,3,E01024884,0,-1
2023351298806,2023,351298806,2,9,0,9,9,5,3,0,0,2,0,0,0,0,3,1,3,7,2,38,7,2359,1,12,JEEP COMPASS,10,E01018204,0,-1
2023440112114,2023,440112114,2,9,0,4,4,3,7,0,0,0,0,0,0,0,2,1,3,7,2,35,6,1368,1,4,JEEP COMPASS,2,E01017238,0,-1
2023461383596,2023,461383596,3,9,0,3,3,1,4,0,0,0,0,0,0,0,1,1,5,6,1,44,7,1332,8,1,JEEP COMPASS,-1,-1,0,-1
2023332300095,2023,332300095,2,9,0,18,19,1,5,0,0,8,0,0,0,0,1,1,6,6,1,46,8,2143,2,11,JEEP COMPASS,1,E01013653,0,-1
2023131348621,2023,131348621,1,9,0,9,9,3,1,0,0,8,0,0,0,0,1,1,1,1,2,58,9,1368,1,5,JEEP COMPASS,4,E01011319,0,-1
2023351354465,2023,351354465,2,9,0,18,19,2,6,0,0,0,0,0,0,0,2,1,1,1,2,39,7,1332,8,0,JEEP COMPASS,4,E01026841,0,-1
2023010470213,2023,010470213,1,9,0,5,5,1,5,0,0,6,0,0,0,0,1,1,6,6,2,55,8,1469,8,0,JEEP COMPASS,8,E01000390,0,-1
2023461278588,2023,461278588,2,9,0,18,19,5,3,0,0,8,0,0,0,0,1,1,6,6,1,58,9,2359,1,11,JEEP COMPASS,4,E01024384,0,-1
2023543663023,2023,543663023,2,9,0,3,3,4,8,0,0,2,0,0,0,0,2,1,6,6,2,56,9,1956,2,5,JEEP COMPASS,8,E01032121,0,-1
2023622300049,2023,622300049,2,9,0,18,19,6,2,0,0,0,0,0,0,0,2,1,6,6,2,34,6,1368,1,4,JEEP COMPASS,7,W01001815,0,-1
2023010461595,2023,010461595,1,9,0,18,19,7,3,0,0,0,0,0,1,0,1,1,6,6,2,43,7,1368,1,3,JEEP COMPASS,8,E01024184,0,-1
2023201341534,2023,201341534,1,9,0,5,5,8,4,0,0,8,0,0,0,0,3,1,6,6,1,28,6,1332,8,1,JEEP COMPASS,3,E01000641,0,-1
2023010421209,2023,010421209,1,9,9,99,99,9,9,99,99,0,9,99,9,99,9,9,6,6,3,43,7,1332,8,1,JEEP COMPASS,6,E01001040,0,-1
2023141370890,2023,141370890,2,9,0,18,19,8,4,0,0,0,0,0,0,0,2,1,6,6,1,-1,-1,1332,8,1,JEEP COMPASS,9,E01019614,0,-1
2023201393491,2023,201393491,2,9,0,18,19,1,5,0,0,0,0,0,0,0,1,1,6,6,1,-1,-1,1598,2,2,JEEP COMPASS,-1,-1,0,-1
2023010431630,2023,010431630,2,9,0,9,9,1,7,0,0,8,0,0,0,0,1,1,6,6,2,34,6,1368,1,4,JEEP COMPASS,4,E01033745,0,-1
2023131360397,2023,131360397,1,9,0,7,7,1,3,0,0,8,0,0,0,0,4,1,5,6,2,27,6,1368,1,4,JEEP COMPASS,2,E01011632,0,-1
2023622300524,2023,622300524,1,9,0,18,19,8,4,0,0,8,0,0,0,0,1,1,6,6,1,51,8,1956,2,5,JEEP COMPASS,9,E01016112,0,-1
2023991309597,2023,991309597,1,9,0,16,19,5,1,0,0,0,0,0,7,0,1,1,5,6,1,47,8,1332,8,0,JEEP COMPASS,-1,-1,0,-1
2023991348815,2023,991348815,1,9,0,18,19,7,4,0,0,8,0,0,0,0,3,1,6,6,1,53,8,1332,8,1,JEEP COMPASS,9,-1,0,-1
2023052300988,2023,052300988,2,9,0,9,9,7,5,0,0,8,0,0,0,0,2,1,6,6,2,41,7,1368,1,4,JEEP COMPASS,1,E01032508,0,-1
2023131350643,2023,131350643,3,9,0,18,19,5,1,0,0,0,0,0,0,0,2,1,6,6,1,39,7,1598,2,5,JEEP COMPASS,4,E01011644,0,-1
2023991373730,2023,991373730,2,9,0,18,19,2,6,0,0,0,0,0,0,0,1,1,6,6,2,45,7,1368,1,5,JEEP COMPASS,-1,-1,0,-1
2023061284437,2023,061284437,1,9,0,7,7,3,5,0,0,8,0,0,0,0,1,1,6,6,1,-1,-1,1368,1,5,JEEP COMPASS,8,E01005862,0,-1
2023122300235,2023,122300235,1,9,0,18,19,6,7,0,0,3,0,0,0,0,3,1,1,1,2,62,9,1368,1,5,JEEP COMPASS,2,E01027827,0,-1
2023440287304,2023,440287304,2,9,0,18,19,8,4,0,0,1,0,0,0,0,1,1,6,6,1,33,6,1368,1,3,JEEP COMPASS,8,E01017293,0,-1
2023991355621,2023,991355621,2,9,0,18,19,7,3,0,0,0,0,0,0,0,1,1,6,6,2,22,5,1598,2,4,JEEP COMPASS,1,-1,0,-1
2023351298404,2023,351298404,1,9,0,5,5,5,1,0,0,4,0,0,0,0,1,1,6,6,1,78,11,1598,2,4,JEEP COMPASS,5,E01018195,0,-1
2023451295783,2023,451295783,1,9,0,18,19,5,1,0,0,1,1,0,2,0,4,1,5,6,2,33,6,1368,1,2,JEEP COMPASS,-1,-1,0,-1
2023010479277,2023,010479277,1,3,0,99,99,9,9,99,99,9,9,99,9,99,9,1,2,2,2,35,6,125,1,4,-1,3,E01002047,0,-1
2023471339191,2023,471339191,2,3,0,18,19,1,5,0,0,1,0,0,0,0,1,1,6,6,1,21,5,125,1,5,-1,3,E01020937,0,-1
2023041272178,2023,041272178,1,3,0,18,19,7,3,0,0,0,2,0,0,0,1,1,2,2,1,19,4,125,1,5,-1,4,E01025213,0,-1
2023010453270,2023,010453270,2,3,0,18,19,3,7,0,0,8,0,0,0,0,3,1,1,1,1,26,6,-1,3,1,-1,6,E01004534,0,-1
2023010473079,2023,010473079,7,4,0,2,2,0,0,0,0,0,0,0,0,0,2,1,6,6,3,-1,-1,-1,3,1,-1,-1,-1,0,-1
2023101327193,2023,101327193,2,9,0,18,19,7,3,0,0,0,0,0,0,0,-1,1,6,6,1,29,6,1991,1,0,MERCEDES AMG CLASS,6,E01008196,0,-1
2023201393326,2023,201393326,2,9,0,2,2,0,0,0,0,0,0,0,0,0,1,1,6,6,1,26,6,1991,1,4,MERCEDES AMG CLASS,1,E01009350,0,-1
2023131304395,2023,131304395,1,9,0,9,9,3,1,0,0,2,0,0,0,0,1,1,6,6,1,27,6,3982,1,6,MERCEDES AMG CLASS,1,E01011361,0,-1
2023440434935,2023,440434935,1,9,0,18,19,5,1,0,0,0,1,10,1,11,1,1,6,6,1,18,4,3982,1,4,MERCEDES AMG CLASS,3,E01033381,0,-1
2023010455525,2023,010455525,1,9,3,3,3,5,1,0,0,0,0,0,0,0,1,1,6,6,1,35,6,1991,1,3,MERCEDES AMG CLASS,2,E01001367,0,-1
2023991292835,2023,991292835,2,9,0,18,19,7,3,0,0,8,0,0,0,0,3,1,5,6,1,22,5,1991,1,3,MERCEDES AMG CLASS,4,-1,0,-1
2023141322104,2023,141322104,3,9,0,18,19,8,4,0,0,0,0,0,0,0,0,1,6,6,1,44,7,2996,1,5,MERCEDES AMG CLASS,7,E01007582,0,-1
2023991393724,2023,991393724,1,9,0,5,5,1,5,0,0,0,0,0,0,0,1,1,1,1,1,27,6,1991,8,0,MERCEDES AMG CLASS,-1,-1,0,-1
2023141384667,2023,141384667,1,9,0,17,19,3,1,0,0,2,2,0,1,4,4,1,6,6,1,39,7,3982,1,2,MERCEDES AMG CLASS,9,E01007601,0,-1
2023061310633,2023,061310633,1,9,-1,-1,-1,-1,-1,-1,-1,0,-1,-1,-1,0,-1,1,6,6,3,-1,-1,2996,1,2,MERCEDES AMG CLASS,-1,-1,0,-1
2023141346969,2023,141346969,3,9,0,18,19,6,4,0,0,1,0,0,0,0,2,1,6,6,1,35,6,3982,1,4,MERCEDES AMG CLASS,5,E01007478,0,-1
2023421371443,2023,421371443,2,9,0,18,19,3,7,0,0,1,0,0,0,0,4,1,6,6,1,32,6,3982,1,4,MERCEDES AMG CLASS,2,E01023338,0,-1
2023201429478,2023,201429478,2,9,0,9,9,7,3,0,0,1,0,0,0,0,1,1,6,6,1,-1,-1,1991,1,7,MERCEDES AMG CLASS,-1,-1,0,-1
2023010452878,2023,010452878,1,9,0,18,19,7,3,0,0,8,5,0,0,0,1,1,6,6,1,-1,-1,3982,8,2,MERCEDES AMG CLASS,-1,-1,0,-1
2023010419272,2023,010419272,2,9,0,99,99,9,9,99,99,9,9,99,9,99,9,9,6,6,3,-1,-1,3982,1,3,MERCEDES AMG CLASS,-1,-1,0,-1
2023421386984,2023,421386984,1,9,0,18,19,1,5,0,0,1,0,0,0,0,3,1,6,6,1,31,6,1991,1,0,MERCEDES AMG CLASS,-1,-1,0,-1
2023010467166,2023,010467166,1,9,0,1,1,3,7,0,0,1,0,0,0,0,1,1,6,6,1,59,9,1991,1,4,MERCEDES AMG CLASS,3,E01004228,0,-1
2023201326118,2023,201326118,2,9,0,9,9,7,5,0,0,8,0,0,0,0,4,1,6,6,1,32,6,2996,1,3,MERCEDES AMG CLASS,7,E01009260,0,-1
2023010471853,2023,010471853,1,9,0,4,4,1,5,0,0,2,0,0,0,0,4,1,6,6,1,32,6,2996,1,5,MERCEDES AMG CLASS,9,E01000698,0,-1
2023010469103,2023,010469103,3,9,0,13,13,3,7,0,0,0,0,4,0,0,1,1,6,6,1,25,5,2999,8,4,MERCEDES AMG CLASS,4,E01003743,0,-1
2023471280295,2023,471280295,1,9,0,5,5,8,4,0,0,0,0,0,0,0,0,1,5,6,1,43,7,1991,1,4,MERCEDES AMG CLASS,5,E01031577,0,-1
2023201400625,2023,201400625,1,9,0,11,11,6,2,0,0,0,0,0,0,0,4,1,6,6,1,-1,-1,3982,1,7,MERCEDES AMG CLASS,-1,-1,0,-1
2023531273002,2023,531273002,4,9,0,18,19,8,4,0,0,0,0,0,0,0,1,1,2,2,2,23,5,1991,1,1,MERCEDES AMG CLASS,5,E01022420,0,-1
2023430387746,2023,430387746,1,9,0,18,19,8,4,0,0,4,1,0,1,4,4,1,6,6,1,44,7,1991,1,4,MERCEDES AMG CLASS,2,E01028517,0,-1
2023201388126,2023,201388126,2,9,0,18,19,4,8,0,0,0,0,0,0,0,1,1,6,6,3,-1,-1,1991,1,4,MERCEDES AMG CLASS,-1,-1,0,-1
2023131314346,2023,131314346,2,9,0,4,4,3,8,0,0,1,0,0,0,0,2,1,2,2,1,36,7,1991,1,1,MERCEDES AMG CLASS,8,E01011579,0,-1
2023221321857,2023,221321857,3,9,0,18,19,4,8,0,0,0,0,0,0,0,1,1,5,6,1,58,9,3982,1,3,MERCEDES AMG CLASS,8,E01028919,0,-1
2023201277186,2023,201277186,1,9,0,16,19,4,7,0,0,0,0,10,7,4,1,1,6,6,1,-1,-1,3982,1,6,MERCEDES AMG CLASS,1,E01033650,0,-1
2023231370293,2023,231370293,1,9,0,13,13,4,8,0,0,0,0,0,0,0,1,1,6,6,1,63,9,3982,8,2,MERCEDES AMG CLASS,9,E01028792,0,-1
2023070285303,2023,070285303,1,9,0,18,19,8,4,9,9,4,1,9,0,2,3,1,6,6,1,83,11,3982,1,6,MERCEDES AMG CLASS,10,E01006137,0,-1
2023522301152,2023,522301152,1,9,0,18,19,6,2,0,0,0,0,0,0,0,4,1,6,6,1,27,6,1991,1,3,MERCEDES AMG CLASS,4,E01014590,0,-1
2023111387138,2023,111387138,1,9,0,1,1,3,7,0,0,0,0,0,0,0,2,1,6,6,1,58,9,1991,1,2,MERCEDES AMG CLASS,10,E01012336,0,-1
2023010454215,2023,010454215,1,9,0,18,19,5,1,0,0,0,0,0,0,0,4,1,6,6,1,30,6,1991,1,4,MERCEDES AMG CLASS,2,E01001633,0,-1
2023010467359,2023,010467359,2,9,9,99,99,9,9,99,99,9,9,99,9,99,9,9,6,6,3,-1,-1,2996,1,6,MERCEDES AMG CLASS,3,E01003609,0,-1
2023552301417,2023,552301417,1,9,0,9,9,4,3,0,0,5,0,0,0,0,4,1,6,6,1,28,6,1991,1,5,MERCEDES AMG CLASS,8,E01020583,0,-1
2023430519098,2023,430519098,2,9,0,8,8,5,7,0,0,1,0,0,0,0,3,1,6,6,2,50,8,1991,1,8,MERCEDES AMG CLASS,10,E01028669,0,-1
2023010444466,2023,010444466,2,9,0,99,99,9,9,99,99,9,9,99,9,99,9,9,6,6,1,34,6,1991,1,3,MERCEDES AMG CLASS,4,E01032639,0,-1
2023010459549,2023,010459549,2,9,0,18,19,7,3,0,0,0,0,0,0,0,2,1,6,6,1,47,8,3982,1,4,MERCEDES AMG CLASS,9,E01001273,0,-1
2023061389478,2023,061389478,1,9,0,16,19,1,4,0,0,8,0,0,1,11,1,1,6,6,1,-1,-1,2996,1,6,MERCEDES AMG CLASS,-1,-1,0,-1
2023320322686,2023,320322686,2,9,0,18,19,8,4,0,0,8,0,0,0,0,4,1,6,6,2,73,10,1991,1,2,MERCEDES AMG CLASS,7,E01026220,0,-1
2023041334172,2023,041334172,1,9,0,18,19,3,7,0,0,0,0,0,0,0,4,1,5,6,1,30,6,1991,1,2,MERCEDES AMG CLASS,1,E01012695,0,-1
2023421362674,2023,421362674,1,9,0,18,19,2,6,0,0,0,1,0,7,0,1,1,6,6,1,57,9,2996,1,6,MERCEDES AMG CLASS,7,E01021910,0,-1
2023201414730,2023,201414730,1,9,0,15,15,1,5,0,0,0,0,0,0,0,4,1,6,6,1,26,6,2996,1,5,MERCEDES AMG CLASS,1,E01008996,0,-1
2023311372244,2023,311372244,3,9,0,13,13,5,1,0,0,0,0,0,0,0,1,1,6,6,1,-1,-1,1991,8,0,MERCEDES AMG CLASS,5,E01013931,0,-1
2023010438258,2023,010438258,1,9,0,12,12,1,5,0,0,0,0,0,0,0,3,1,6,6,1,19,4,3982,1,2,MERCEDES AMG CLASS,4,E01002970,0,-1
2023440275504,2023,440275504,1,9,0,9,9,5,3,0,0,6,0,0,0,0,1,1,6,6,1,58,9,2996,1,6,MERCEDES AMG CLASS,5,E01017097,0,-1
2023010440656,2023,010440656,2,9,0,99,99,9,9,99,99,9,9,99,9,99,9,9,6,6,3,-1,-1,1991,1,1,MERCEDES AMG CLASS,9,E01030978,0,-1
2023201410121,2023,201410121,1,9,0,11,11,8,4,0,0,0,0,10,0,0,1,1,6,6,1,35,6,3982,1,7,MERCEDES AMG CLASS,1,E01009368,0,-1
2023010484021,2023,010484021,2,9,0,99,99,9,9,99,99,0,9,99,9,99,9,9,6,6,2,-1,-1,2996,1,7,MERCEDES AMG CLASS,8,E01033611,0,-1
2023131355823,2023,131355823,1,9,0,18,19,3,7,0,0,8,1,0,0,0,1,1,5,6,1,35,6,3982,1,7,MERCEDES AMG CLASS,1,E01011081,0,-1
2023010460816,2023,010460816,1,9,0,7,7,7,1,0,0,5,0,0,0,0,1,1,2,2,1,51,8,2999,8,0,MERCEDES AMG CLASS,9,E01002956,0,-1
2023461311331,2023,461311331,1,9,0,18,19,3,7,0,0,8,0,0,0,0,1,1,6,6,1,-1,-1,1991,1,3,MERCEDES AMG CLASS,-1,-1,0,-1
2023320788557,2023,320788557,2,9,0,2,2,0,0,0,0,0,0,0,0,0,2,1,6,6,1,42,7,1991,1,3,MERCEDES AMG CLASS,4,E01026253,0,-1
2023010454649,2023,010454649,1,9,0,18,19,3,7,0,0,3,0,0,0,0,1,1,6,6,2,30,6,2999,8,1,MERCEDES AMG CLASS,5,E01033577,0,-1
2023411427244,2023,411427244,1,9,0,8,8,7,1,0,0,6,0,0,0,0,1,1,6,6,1,26,6,1991,1,4,MERCEDES AMG CLASS,10,E01023768,0,-1
2023501325976,2023,501325976,2,9,0,9,9,7,3,0,0,1,1,4,1,0,3,1,5,6,1,22,5,2996,1,4,MERCEDES AMG CLASS,4,E01018944,0,-1
2023161322831,2023,161322831,2,9,0,9,9,7,3,0,0,8,0,0,0,0,3,1,2,2,2,27,6,1991,1,4,MERCEDES AMG CLASS,6,E01013285,0,-1
2023041311156,2023,041311156,1,9,0,18,19,1,5,0,0,0,0,0,0,0,1,1,5,6,1,26,6,5461,1,8,MERCEDES AMG CLASS,5,E01025212,0,-1
2023351404475,2023,351404475,2,9,0,18,19,1,5,0,0,0,0,0,0,0,1,1,1,1,1,20,4,1991,1,3,MERCEDES AMG CLASS,2,E01015601,0,-1
2023010485815,2023,010485815,1,9,0,17,19,1,5,9,9,1,0,4,1,10,4,1,6,6,1,25,5,3982,1,1,MERCEDES AMG CLASS,-1,-1,0,-1
2023010472834,2023,010472834,2,9,0,18,19,3,7,0,0,0,0,0,0,0,1,1,2,2,1,31,6,3982,8,0,MERCEDES AMG CLASS,6,E01033600,0,-1
2023451338939,2023,451338939,1,9,0,4,4,7,3,0,0,1,0,0,0,0,1,1,1,1,1,30,6,2996,1,4,MERCEDES AMG CLASS,8,E01016217,0,-1
2023430242459,2023,430242459,1,9,0,9,9,4,1,0,0,6,0,10,1,7,1,1,6,6,1,17,4,1991,1,4,MERCEDES AMG CLASS,4,E01016359,0,-1
2023122300530,2023,122300530,1,9,0,4,4,6,2,0,0,1,0,0,0,0,2,1,2,2,1,55,8,1991,1,3,MERCEDES AMG CLASS,8,E01027702,0,-1
2023061291097,2023,061291097,1,9,0,18,19,6,2,0,0,2,0,0,0,0,1,1,5,6,1,26,6,2996,1,7,MERCEDES AMG CLASS,8,E01006378,0,-1
2023010428397,2023,010428397,1,9,0,99,99,9,9,99,99,0,9,99,9,99,9,9,6,6,1,21,5,3982,1,5,MERCEDES AMG CLASS,3,E01000011,0,-1
2023041360945,2023,041360945,1,9,0,18,19,1,5,0,0,1,0,0,0,0,1,1,5,6,1,23,5,1991,1,4,MERCEDES AMG CLASS,1,E01025041,0,-1
2023332300274,2023,332300274,1,9,0,18,19,2,6,0,0,1,0,0,0,0,1,1,6,6,1,-1,-1,1991,1,3,MERCEDES AMG CLASS,-1,-1,0,-1
2023141370906,2023,141370906,1,9,0,5,5,3,7,0,0,0,0,0,0,0,2,1,6,6,1,35,6,3982,1,1,MERCEDES AMG CLASS,1,E01033585,0,-1
2023201321033,2023,201321033,1,9,0,18,19,8,4,0,0,0,0,0,0,0,1,1,6,6,3,-1,-1,1991,1,7,MERCEDES AMG CLASS,-1,-1,0,-1
2023131319028,2023,131319028,2,9,0,9,9,1,1,0,0,0,0,0,3,10,3,1,2,2,2,61,9,1991,1,1,MERCEDES AMG CLASS,8,E01007420,0,-1
2023548095423,2023,548095423,2,9,0,18,19,1,5,0,0,0,0,0,0,0,4,1,2,2,1,35,6,2996,1,6,MERCEDES AMG CLASS,5,E01022435,0,-1
2023010447430,2023,010447430,2,9,0,9,9,8,6,0,0,2,0,0,0,0,1,1,6,6,1,27,6,5461,1,6,MERCEDES AMG CLASS,2,E01015921,0,-1
2023440416860,2023,440416860,2,9,0,18,19,7,3,0,0,1,0,0,0,0,1,1,6,6,2,50,8,1991,1,2,MERCEDES AMG CLASS,10,E01031502,0,-1