collision_index,collision_year,collision_ref_no,vehicle_reference,vehicle_type,towing_and_articulation,vehicle_manoeuvre_historic,vehicle_manoeuvre,vehicle_direction_from,vehicle_direction_to,vehicle_location_restricted_lane_historic,vehicle_location_restricted_lane,junction_location,skidding_and_overturning,hit_object_in_carriageway,vehicle_leaving_carriageway,hit_object_off_carriageway,first_point_of_impact,vehicle_left_hand_drive,journey_purpose_of_driver_historic,journey_purpose_of_driver,sex_of_driver,age_of_driver,age_band_of_driver,engine_capacity_cc,propulsion_code,age_of_vehicle,generic_make_model,driver_imd_decile,lsoa_of_driver,escooter_flag,driver_distance_banding
2023471349308,2023,471349308,1,9,0,16,19,7,3,0,0,0,1,0,0,0,3,1,1,1,2,27,6,1991,1,6,MERCEDES AMG CLASS,7,E01031616,0,-1
2023010449599,2023,010449599,2,8,0,7,7,5,8,0,0,1,0,0,0,0,2,1,6,6,1,37,7,2996,1,6,-1,6,E01004360,0,-1
2023622300348,2023,622300348,1,9,0,18,19,4,8,0,0,0,1,7,7,1,1,1,6,6,1,28,6,3982,1,8,MERCEDES AMG CLASS,3,W01001764,0,-1
2023221323237,2023,221323237,1,9,0,13,13,4,8,0,0,0,0,0,0,0,3,1,5,6,1,76,11,1991,1,5,MERCEDES AMG CLASS,9,E01028865,0,-1
2023451366247,2023,451366247,1,9,0,18,19,5,1,0,0,0,1,0,1,4,1,1,5,6,1,53,8,3982,1,4,MERCEDES AMG CLASS,8,E01023486,0,-1
2023061318767,2023,061318767,1,9,0,18,19,5,1,0,0,8,0,0,0,0,1,1,6,6,1,27,6,1991,1,3,MERCEDES AMG CLASS,-1,-1,0,-1
2023440516523,2023,440516523,1,9,0,18,19,6,2,0,0,0,1,10,1,10,1,1,6,6,1,19,4,3982,1,4,MERCEDES AMG CLASS,-1,-1,0,-1
2023052301096,2023,052301096,1,9,0,18,19,5,1,0,0,8,0,0,0,0,1,1,6,6,3,-1,-1,1991,1,2,MERCEDES AMG CLASS,-1,-1,0,-1
2023421281598,2023,421281598,2,9,0,4,4,2,6,0,0,0,0,0,0,0,2,1,2,2,1,51,8,2996,1,1,MERCEDES AMG CLASS,9,E01022060,0,-1
2023302300714,2023,302300714,2,9,0,16,19,6,2,0,0,0,0,0,0,0,3,2,6,6,1,-1,-1,2999,8,3,MERCEDES AMG CLASS,2,E01033270,0,-1
2023131259758,2023,131259758,1,9,0,-1,-1,-1,-1,-1,-1,0,-1,-1,-1,-1,-1,1,6,6,3,-1,-1,2996,1,4,MERCEDES AMG CLASS,-1,-1,0,-1
2023311341580,2023,311341580,1,9,0,5,5,4,8,0,0,0,0,11,0,0,4,1,6,6,1,37,7,2996,1,0,MERCEDES AMG CLASS,9,E01013982,0,-1
2023451305953,2023,451305953,1,9,0,18,19,1,5,0,0,0,0,0,1,0,1,1,1,1,1,24,5,3982,1,4,MERCEDES AMG CLASS,6,E01031676,0,-1
2023131261831,2023,131261831,2,9,0,18,19,7,2,0,0,1,5,0,0,0,1,1,3,7,2,33,6,5461,1,7,MERCEDES AMG CLASS,4,E01010599,0,-1
2023010443715,2023,010443715,2,9,0,99,99,9,9,99,99,9,0,99,9,99,9,9,6,6,2,38,7,2996,1,6,MERCEDES AMG CLASS,2,E01000901,0,-1
2023501360603,2023,501360603,2,9,0,18,19,3,1,0,0,1,0,0,0,0,1,1,6,6,3,44,7,1991,1,4,MERCEDES AMG CLASS,-1,-1,0,-1
2023991289206,2023,991289206,1,9,0,18,19,7,3,0,0,1,1,0,1,2,1,1,5,6,1,36,7,3982,1,5,MERCEDES AMG CLASS,-1,-1,0,-1
2023311312203,2023,311312203,2,9,0,14,14,2,5,0,0,8,0,0,0,0,4,1,5,6,1,20,4,3982,1,4,MERCEDES AMG CLASS,1,E01009376,0,-1
2023332300608,2023,332300608,2,9,0,18,19,1,5,0,0,8,0,0,0,0,1,1,6,6,1,25,5,5461,1,8,MERCEDES AMG CLASS,1,E01013691,0,-1
2023010424083,2023,010424083,2,9,0,2,2,0,0,0,0,6,0,0,0,0,3,1,6,6,3,-1,-1,3982,1,4,MERCEDES AMG CLASS,-1,-1,0,-1
2023430404710,2023,430404710,2,9,0,18,19,4,8,0,0,2,0,0,0,0,3,1,6,6,1,42,7,2999,1,5,MERCEDES AMG CLASS,9,E01028660,0,-1
2023141295223,2023,141295223,1,9,0,17,19,7,3,0,0,1,0,4,0,0,1,1,5,6,1,40,7,2996,1,5,MERCEDES AMG CLASS,2,E01008112,0,-1
2023340NN0542,2023,340NN0542,1,9,0,18,19,5,1,0,0,1,0,0,4,0,1,1,6,6,1,25,5,2996,1,3,MERCEDES AMG CLASS,-1,-1,0,-1
2023010451067,2023,010451067,1,9,0,4,4,5,1,0,0,1,0,0,0,0,1,1,6,6,1,28,6,1991,1,1,MERCEDES AMG CLASS,7,E01004585,0,-1
2023031368674,2023,031368674,3,9,0,18,19,8,4,0,0,0,0,0,7,0,1,1,2,2,1,50,8,1991,1,3,MERCEDES AMG CLASS,7,E01019329,0,-1
2023141279933,2023,141279933,1,9,0,7,7,6,2,0,0,4,2,0,0,0,1,1,5,6,1,23,5,2996,1,4,MERCEDES AMG CLASS,1,E01033271,0,-1
2023991393430,2023,991393430,1,9,0,5,5,6,2,0,0,2,0,0,3,4,1,1,5,6,1,26,6,1991,1,7,MERCEDES AMG CLASS,-1,-1,0,-1
2023041283169,2023,041283169,1,9,0,18,19,7,3,0,0,0,0,0,0,0,1,1,5,6,1,22,5,1991,1,1,MERCEDES AMG CLASS,1,E01025184,0,-1
2023421384182,2023,421384182,1,9,0,5,5,1,5,0,0,2,0,0,0,0,1,1,6,6,1,36,7,3982,1,5,MERCEDES AMG CLASS,10,E01021569,0,-1
2023440218012,2023,440218012,1,9,0,1,1,2,6,0,0,0,0,0,0,0,2,1,6,6,1,-1,-1,5461,1,8,MERCEDES AMG CLASS,-1,-1,0,-1
2023061260771,2023,061260771,2,9,0,18,19,5,1,0,0,1,0,0,0,0,1,1,5,6,1,24,5,3982,1,7,MERCEDES AMG CLASS,4,E01005877,0,-1
2023411394669,2023,411394669,1,9,0,5,5,5,1,0,0,1,0,4,0,0,3,1,6,6,1,30,6,1991,1,3,MERCEDES AMG CLASS,7,E01002115,0,-1
2023351283936,2023,351283936,1,9,0,18,19,7,3,0,0,0,0,0,1,4,3,1,6,6,1,30,6,2999,8,4,MERCEDES AMG CLASS,4,E01014587,0,-1
2023070817608,2023,070817608,1,9,0,16,19,7,3,0,0,0,0,0,0,0,1,1,6,6,1,42,7,3982,1,7,MERCEDES AMG CLASS,4,E01018747,0,-1
2023430002693,2023,430002693,1,9,0,18,19,6,2,0,0,0,2,0,1,7,1,1,6,6,1,24,5,3982,1,6,MERCEDES AMG CLASS,7,E01028750,0,-1
2023320384382,2023,320384382,1,9,0,17,19,2,6,0,0,0,5,0,0,0,1,1,6,6,1,27,6,1991,1,1,MERCEDES AMG CLASS,6,E01019557,0,-1
2023461339707,2023,461339707,1,9,0,16,19,7,3,0,0,0,0,0,0,0,1,1,6,6,1,36,7,3982,1,7,MERCEDES AMG CLASS,7,E01016167,0,-1
2023010434523,2023,010434523,2,9,9,5,5,1,5,99,99,9,9,99,9,99,9,9,6,6,1,31,6,1991,1,1,MERCEDES AMG CLASS,9,E01000349,0,-1
2023201295795,2023,201295795,2,9,0,2,2,0,0,9,9,0,0,0,0,0,2,1,5,6,1,-1,-1,2996,1,5,MERCEDES AMG CLASS,1,E01009092,0,-1
2023451272332,2023,451272332,3,9,0,18,19,4,8,0,0,0,0,0,0,0,3,1,5,6,1,57,9,1991,1,2,MERCEDES AMG CLASS,10,E01030806,0,-1
2023461273748,2023,461273748,1,9,0,12,12,1,3,0,0,7,0,0,0,0,2,1,5,6,2,27,6,1991,1,1,MERCEDES AMG CLASS,7,E01024388,0,-1
2023421389398,2023,421389398,1,9,0,1,1,3,7,9,9,0,0,4,0,0,2,1,6,6,1,22,5,1991,1,4,MERCEDES AMG CLASS,2,E01002033,0,-1
2023421305594,2023,421305594,2,9,0,17,19,5,1,0,0,6,0,0,0,0,1,1,6,6,1,27,6,2996,1,5,MERCEDES AMG CLASS,10,E01030206,0,-1
2023010427948,2023,010427948,1,9,0,99,99,9,9,99,99,9,9,99,9,99,2,9,6,6,1,34,6,2996,1,2,MERCEDES AMG CLASS,4,E01002179,0,-1
2023010449311,2023,010449311,2,9,0,99,99,9,9,99,99,9,9,99,9,99,9,9,6,6,1,20,4,1991,1,1,MERCEDES AMG CLASS,1,E01003511,0,-1
2023302301115,2023,302301115,1,9,0,16,19,1,4,0,0,0,1,0,1,4,1,1,2,2,1,31,6,1991,1,7,MERCEDES AMG CLASS,5,E01019494,0,-1
2023302300403,2023,302300403,1,9,0,3,3,2,6,0,0,0,0,0,0,0,2,1,6,6,1,26,6,2999,8,1,MERCEDES AMG CLASS,6,E01033738,0,-1
2023161278982,2023,161278982,1,9,0,18,19,7,3,0,0,0,0,1,0,0,1,1,5,6,1,35,6,1991,1,4,MERCEDES AMG CLASS,1,E01013330,0,-1
2023010455330,2023,010455330,1,9,0,18,19,3,7,0,0,0,0,0,0,0,1,1,6,6,1,43,7,2996,1,2,MERCEDES AMG CLASS,7,E01023472,0,-1
2023010481019,2023,010481019,1,9,0,9,9,4,2,0,0,8,0,0,0,0,1,1,6,6,2,43,7,1991,1,3,MERCEDES AMG CLASS,-1,-1,0,-1
202354B304423,2023,54B304423,1,9,0,5,5,5,7,0,0,3,0,0,0,0,1,1,6,6,1,52,8,1991,1,4,MERCEDES AMG CLASS,10,E01015518,0,-1
2023421373621,2023,421373621,1,9,0,9,9,8,5,0,0,1,0,0,0,0,4,1,6,6,2,48,8,2996,1,3,MERCEDES AMG CLASS,4,E01021802,0,-1
2023131362322,2023,131362322,1,9,0,16,19,7,3,0,0,0,0,0,0,0,1,1,5,6,1,22,5,1991,1,3,MERCEDES AMG CLASS,4,E01011039,0,-1
2023451370933,2023,451370933,1,9,0,9,9,1,7,0,0,1,0,0,0,0,4,1,5,6,1,61,9,3982,1,5,MERCEDES AMG CLASS,8,E01030979,0,-1
2023041360358,2023,041360358,1,9,0,15,15,5,1,0,0,0,5,0,0,0,1,1,6,6,1,48,8,1991,1,0,MERCEDES AMG CLASS,1,E01005564,0,-1
2023991277164,2023,991277164,1,9,0,5,5,7,3,0,0,4,0,0,0,0,1,1,2,2,1,25,5,2996,1,5,MERCEDES AMG CLASS,-1,-1,0,-1
2023201393237,2023,201393237,2,9,0,18,19,2,6,0,0,8,0,0,0,0,1,1,5,6,1,35,6,5461,1,8,MERCEDES AMG CLASS,-1,-1,0,-1
2023471271783,2023,471271783,1,9,0,18,19,5,1,0,0,0,0,0,0,0,3,1,5,6,1,28,6,2996,1,5,MERCEDES AMG CLASS,4,E01031344,0,-1
2023010420500,2023,010420500,1,9,0,7,7,1,3,0,0,8,0,0,0,0,1,1,6,6,1,61,9,3982,1,3,MERCEDES AMG CLASS,8,E01023808,0,-1
2023141384534,2023,141384534,2,9,0,13,13,3,7,0,0,0,0,0,7,0,3,1,5,6,1,48,8,3982,1,0,MERCEDES AMG CLASS,9,E01007425,0,-1
2023221325246,2023,221325246,1,9,0,18,19,2,6,0,0,3,2,0,7,2,1,1,5,6,1,29,6,2996,1,0,MERCEDES AMG CLASS,-1,-1,0,-1
2023361347053,2023,361347053,3,9,0,10,10,1,7,0,0,1,0,0,0,0,1,1,2,2,1,51,8,1991,8,0,MERCEDES AMG CLASS,-1,-1,0,-1
2023010444337,2023,010444337,2,9,0,2,2,0,0,9,9,0,0,0,0,0,0,1,6,6,3,-1,-1,3982,1,1,MERCEDES AMG CLASS,-1,-1,0,-1
2023010422858,2023,010422858,2,9,0,99,99,9,9,99,99,9,9,99,9,99,1,9,6,6,3,-1,-1,2996,1,4,MERCEDES AMG CLASS,1,E01002091,0,-1
2023201289039,2023,201289039,1,9,0,18,19,2,6,0,0,0,0,0,0,0,4,1,6,6,1,32,6,3982,1,5,MERCEDES AMG CLASS,2,E01010363,0,-1
2023201426481,2023,201426481,1,9,0,18,19,8,4,0,0,2,0,0,0,0,1,1,1,1,1,22,5,1991,1,3,MERCEDES AMG CLASS,1,E01009110,0,-1
2023161384344,2023,161384344,1,9,0,4,4,1,5,0,0,8,0,0,3,9,4,1,6,6,1,45,7,2996,1,4,MERCEDES AMG CLASS,5,E01013078,0,-1
2023010454631,2023,010454631,2,9,0,99,99,9,9,99,99,9,9,99,9,99,9,9,6,6,3,-1,-1,2999,8,0,MERCEDES AMG CLASS,5,E01004695,0,-1
2023061368247,2023,061368247,1,9,-1,4,4,8,4,0,0,0,-1,-1,0,0,1,1,6,6,3,-1,-1,1991,1,4,MERCEDES AMG CLASS,-1,-1,0,-1
2023141360631,2023,141360631,1,9,0,18,19,1,5,0,0,0,0,0,0,0,1,1,5,6,1,30,6,3982,1,6,MERCEDES AMG CLASS,6,E01008046,0,-1
2023131332394,2023,131332394,1,9,0,18,19,3,7,0,0,0,2,0,1,0,1,1,6,6,1,22,5,1991,1,4,MERCEDES AMG CLASS,3,E01011601,0,-1
2023201288519,2023,201288519,2,9,0,18,19,2,6,0,0,1,0,0,0,0,1,1,6,6,3,-1,-1,2996,1,1,MERCEDES AMG CLASS,-1,-1,0,-1
2023010463085,2023,010463085,1,9,0,17,19,7,3,0,0,8,1,4,0,0,3,1,6,6,1,21,5,3982,1,6,MERCEDES AMG CLASS,6,E01000555,0,-1
2023451324869,2023,451324869,1,9,0,18,19,3,7,0,0,4,1,9,0,0,1,1,5,6,1,50,8,1991,1,2,MERCEDES AMG CLASS,9,E01030421,0,-1
2023501389931,2023,501389931,1,9,0,18,19,8,4,0,0,0,0,0,0,0,1,1,6,6,1,47,8,1991,1,6,MERCEDES AMG CLASS,10,E01014615,0,-1
2023201382806,2023,201382806,2,9,0,9,9,4,1,0,0,5,0,0,0,0,1,1,6,6,1,23,5,1991,1,4,MERCEDES AMG CLASS,2,E01010344,0,-1
2023351377630,2023,351377630,1,9,0,18,19,4,1,0,0,0,0,7,0,0,1,1,6,6,1,47,8,2996,1,1,MERCEDES AMG CLASS,4,E01015614,0,-1
2023010423994,2023,010423994,1,9,0,99,99,9,9,99,99,0,9,99,9,99,3,9,6,6,1,28,6,2996,1,4,MERCEDES AMG CLASS,6,E01016506,0,-1
2023010481142,2023,010481142,1,9,0,99,99,9,9,99,99,9,9,99,9,99,3,9,6,6,2,30,6,1991,1,1,MERCEDES AMG CLASS,2,E01002633,0,-1
2023010431514,2023,010431514,1,9,0,18,19,1,5,0,0,2,0,0,0,0,3,1,6,6,1,43,7,2996,1,4,MERCEDES AMG CLASS,4,E01002244,0,-1
2023041290408,2023,041290408,1,9,0,18,19,3,7,0,0,2,0,0,0,0,1,1,5,6,1,51,8,2996,1,3,MERCEDES AMG CLASS,10,E01025016,0,-1
2023010426968,2023,010426968,2,9,0,99,99,9,9,99,99,9,9,99,9,99,1,9,6,6,3,-1,-1,3982,1,8,MERCEDES AMG CLASS,-1,-1,0,-1
2023131309840,2023,131309840,2,9,0,9,9,5,3,0,0,8,1,0,0,0,1,1,5,6,1,41,7,3982,1,6,MERCEDES AMG CLASS,3,E01010789,0,-1
2023542517523,2023,542517523,1,9,0,18,19,4,8,0,0,4,1,7,1,2,1,1,6,6,1,54,8,2996,1,4,MERCEDES AMG CLASS,6,E01015585,0,-1
2023010460924,2023,010460924,1,9,0,99,99,9,9,99,99,9,9,99,9,99,1,9,2,2,1,42,7,2996,1,4,MERCEDES AMG CLASS,7,E01021791,0,-1
2023544670023,2023,544670023,2,9,0,4,4,8,4,0,0,0,0,0,0,0,2,1,2,2,1,55,8,2999,8,1,MERCEDES AMG CLASS,10,E01032080,0,-1
2023010420058,2023,010420058,1,9,0,18,19,3,7,1,1,0,0,0,1,10,1,1,6,6,1,47,8,1991,1,7,MERCEDES AMG CLASS,2,E01002054,0,-1
2023031351171,2023,031351171,1,9,0,18,19,5,1,0,0,0,0,0,0,0,1,1,5,6,1,26,6,3982,1,4,MERCEDES AMG CLASS,6,E01019315,0,-1
2023070203924,2023,070203924,1,9,0,4,4,1,5,0,0,1,1,0,0,0,1,1,6,6,2,24,5,3982,1,4,MERCEDES AMG CLASS,6,E01014289,0,-1
2023991340438,2023,991340438,2,9,0,9,9,5,3,0,0,8,0,0,7,0,3,1,5,6,1,31,6,1991,1,7,MERCEDES AMG CLASS,3,-1,0,-1
2023041260662,2023,041260662,1,9,0,13,13,1,5,0,0,0,1,0,2,0,1,1,5,6,1,27,6,3982,1,5,MERCEDES AMG CLASS,4,E01025225,0,-1
2023010471162,2023,010471162,2,9,0,99,99,9,9,99,99,9,9,99,9,99,9,9,6,6,3,-1,-1,2996,1,5,MERCEDES AMG CLASS,6,E01004749,0,-1
2023010452706,2023,010452706,2,9,0,18,19,2,6,0,0,8,0,0,0,0,1,1,6,6,1,23,5,3982,1,3,MERCEDES AMG CLASS,10,E01022773,0,-1
2023061386313,2023,061386313,1,9,0,18,19,7,3,0,0,0,1,0,1,2,1,1,5,6,1,32,6,2996,1,6,MERCEDES AMG CLASS,2,E01005460,0,-1
2023461382468,2023,461382468,1,9,0,16,19,6,2,0,0,0,5,0,7,0,1,1,1,1,1,28,6,2999,8,4,MERCEDES AMG CLASS,5,E01023992,0,-1
2023451294895,2023,451294895,1,9,0,18,19,3,7,0,0,2,0,0,0,0,3,1,5,6,2,69,10,3982,1,4,MERCEDES AMG CLASS,10,E01030937,0,-1
2023131368111,2023,131368111,2,9,0,18,19,7,3,0,0,1,0,0,0,0,3,1,6,6,3,-1,-1,1991,1,2,MERCEDES AMG CLASS,-1,-1,0,-1
2023991325404,2023,991325404,1,9,0,18,19,4,8,0,0,8,1,0,7,0,1,1,5,6,1,25,5,3982,1,6,MERCEDES AMG CLASS,5,E01009527,0,-1
2023061267893,2023,061267893,2,9,0,2,2,1,6,0,0,0,0,0,0,0,3,1,5,6,1,37,7,2996,1,4,MERCEDES AMG CLASS,7,E01006055,0,-1
202360A050703,2023,60A050703,2,9,0,9,9,5,3,0,0,6,0,0,0,0,1,1,6,6,1,46,8,1991,1,4,MERCEDES AMG CLASS,-1,-1,0,-1
2023201281725,2023,201281725,2,9,0,5,5,7,4,0,0,6,0,0,0,0,1,1,6,6,2,-1,-1,1991,1,2,MERCEDES AMG CLASS,1,E01009200,0,-1
2023010429851,2023,010429851,1,9,0,99,99,9,9,99,99,0,9,99,9,99,1,9,6,6,1,33,6,2996,1,6,MERCEDES AMG CLASS,10,E01021455,0,-1
2023451369024,2023,451369024,1,9,0,3,3,3,7,0,0,8,0,0,0,0,2,1,5,6,2,49,8,2996,1,4,MERCEDES AMG CLASS,5,E01002948,0,-1
2023351284473,2023,351284473,1,9,0,10,10,3,1,0,0,0,0,0,0,0,2,1,1,1,1,20,4,1991,1,1,MERCEDES AMG CLASS,4,E01018077,0,-1
2023010459853,2023,010459853,2,9,9,99,99,9,9,99,99,9,9,99,9,99,9,9,6,6,2,65,9,1991,1,5,MERCEDES AMG CLASS,5,E01004579,0,-1
2023430184318,2023,430184318,1,9,0,9,9,5,3,0,0,6,0,0,0,0,3,1,2,2,1,50,8,2999,8,0,MERCEDES AMG CLASS,10,E01027291,0,-1
2023041301930,2023,041301930,1,9,0,18,19,2,6,0,0,0,1,10,8,11,1,1,5,6,1,33,6,3982,1,8,MERCEDES AMG CLASS,4,E01025225,0,-1
2023201277494,2023,201277494,1,9,0,18,19,4,8,0,0,0,1,10,8,4,1,1,6,6,1,31,6,1991,1,4,MERCEDES AMG CLASS,8,E01010553,0,-1
2023101334439,2023,101334439,1,9,0,18,19,5,1,0,0,1,0,0,0,0,1,1,6,6,1,-1,-1,1991,1,2,MERCEDES AMG CLASS,-1,-1,0,-1
2023440239417,2023,440239417,1,9,0,9,9,2,8,0,0,8,0,0,0,0,4,1,2,2,1,22,5,1991,1,2,MERCEDES AMG CLASS,7,E01023032,0,-1
2023010479630,2023,010479630,1,9,0,5,5,5,1,0,0,1,0,0,0,0,1,1,6,6,1,27,6,2996,1,6,MERCEDES AMG CLASS,2,E01033587,0,-1
2023010440459,2023,010440459,3,9,0,12,12,7,3,0,0,0,0,0,0,0,2,1,6,6,1,30,6,1991,1,3,MERCEDES AMG CLASS,9,E01027208,0,-1
2023070452983,2023,070452983,1,9,0,9,9,5,1,0,0,0,0,0,0,0,3,1,6,6,1,28,6,1991,1,0,MERCEDES AMG CLASS,6,E01028857,0,-1
2023010452325,2023,010452325,1,9,0,18,19,1,5,0,0,0,1,4,0,0,1,1,6,6,1,21,5,1991,1,4,MERCEDES AMG CLASS,3,E01003526,0,-1
2023440464547,2023,440464547,2,9,0,18,19,8,4,0,0,1,0,0,0,0,1,1,1,1,1,45,7,-1,3,0,PORSCHE TAYCAN,10,E01016184,0,-1
2023471377803,2023,471377803,1,9,0,13,13,3,7,0,0,0,0,0,0,0,1,1,2,2,1,55,8,-1,3,0,PORSCHE TAYCAN,10,E01017896,0,-1
2023070519363,2023,070519363,1,9,0,18,19,3,7,0,0,0,0,0,0,0,1,1,6,6,1,45,7,-1,3,1,PORSCHE TAYCAN,9,E01018415,0,-1
2023311351455,2023,311351455,2,9,0,18,19,1,5,0,0,1,0,0,0,0,0,1,5,6,1,56,9,-1,3,0,PORSCHE TAYCAN,1,E01013920,0,-1
2023041377852,2023,041377852,1,9,0,17,19,1,5,0,0,0,0,0,1,9,1,1,5,6,1,36,7,-1,3,0,PORSCHE TAYCAN,8,E01025348,0,-1
2023010483426,2023,010483426,2,9,0,99,99,9,9,99,99,9,9,99,9,99,9,9,6,6,3,-1,-1,-1,3,3,PORSCHE TAYCAN,6,E01030550,0,-1
2023461395739,2023,461395739,2,9,0,18,19,3,7,0,0,8,0,0,0,0,4,1,3,7,2,48,8,-1,3,0,PORSCHE TAYCAN,5,E01024168,0,-1
2023010461886,2023,010461886,2,9,0,2,2,0,0,0,0,0,0,0,0,0,3,1,6,6,3,-1,-1,-1,3,2,PORSCHE TAYCAN,-1,-1,0,-1
2023010465196,2023,010465196,1,9,0,4,4,1,5,0,0,2,0,0,0,0,1,1,6,6,1,23,5,-1,3,2,PORSCHE TAYCAN,3,E01003088,0,-1
2023221264916,2023,221264916,1,9,0,18,19,4,8,0,0,0,0,0,0,0,1,1,2,2,1,40,7,-1,3,2,PORSCHE TAYCAN,5,E01032181,0,-1
2023010462650,2023,010462650,1,9,0,99,99,9,9,99,99,9,9,99,9,99,9,9,6,6,1,31,6,-1,3,2,PORSCHE TAYCAN,8,E01001122,0,-1
2023010480498,2023,010480498,1,9,0,99,99,9,9,99,99,9,9,99,9,99,1,9,6,6,1,63,9,-1,3,0,PORSCHE TAYCAN,5,E01000820,0,-1
2023421382001,2023,421382001,2,9,0,18,19,1,5,0,0,0,1,0,0,0,3,1,5,6,1,66,10,-1,3,0,PORSCHE TAYCAN,6,E01021398,0,-1
2023010451624,2023,010451624,2,9,0,99,99,9,9,99,99,9,9,99,9,99,1,9,6,6,3,-1,-1,-1,3,2,PORSCHE TAYCAN,-1,-1,0,-1
2023631357435,2023,631357435,3,9,0,18,19,3,7,0,0,0,0,0,0,0,4,1,6,6,2,40,7,-1,3,0,PORSCHE TAYCAN,9,W01000615,0,-1
2023010451551,2023,010451551,1,9,0,10,10,5,3,0,0,6,0,0,0,0,1,1,3,7,1,45,7,-1,3,0,PORSCHE TAYCAN,6,E01001917,0,-1
2023221382996,2023,221382996,2,9,0,13,13,5,1,0,0,0,0,0,0,0,1,1,6,6,1,39,7,-1,3,3,PORSCHE TAYCAN,5,E01032404,0,-1
2023101292158,2023,101292158,1,9,0,17,19,1,5,0,0,0,2,0,1,11,4,1,6,6,1,59,9,-1,3,1,PORSCHE TAYCAN,-1,-1,0,-1
2023461306123,2023,461306123,3,9,0,3,3,2,5,0,0,0,0,0,0,0,2,1,6,6,1,50,8,-1,3,0,PORSCHE TAYCAN,7,E01001049,0,-1
2023481380488,2023,481380488,1,9,0,18,19,5,1,0,0,1,0,0,0,0,1,1,5,6,1,67,10,-1,3,3,PORSCHE TAYCAN,-1,-1,0,-1
2023531326730,2023,531326730,2,9,0,18,19,7,3,0,0,0,0,0,0,0,1,2,5,6,1,37,7,-1,3,1,PORSCHE TAYCAN,2,E01000189,0,-1
2023311362084,2023,311362084,1,9,0,6,6,5,5,0,0,0,0,0,0,0,3,1,2,2,2,42,7,-1,3,2,PORSCHE TAYCAN,8,E01025739,0,-1
2023131382011,2023,131382011,2,9,0,18,19,7,3,0,0,8,0,0,0,0,2,1,5,6,1,38,7,-1,3,1,PORSCHE TAYCAN,7,E01010639,0,-1
2023421306770,2023,421306770,1,9,0,9,9,3,5,0,0,1,0,0,0,0,4,1,5,6,1,55,8,-1,3,2,PORSCHE TAYCAN,6,E01021879,0,-1
202360A066056,2023,60A066056,2,9,0,18,19,2,6,0,0,1,0,0,0,0,1,1,1,1,1,28,6,-1,3,2,PORSCHE TAYCAN,-1,-1,0,-1
2023411364150,2023,411364150,1,9,0,18,19,7,3,0,0,0,0,0,0,0,1,1,5,6,1,39,7,-1,3,2,PORSCHE TAYCAN,5,E01023727,0,-1
2023231334207,2023,231334207,2,9,0,17,19,6,2,0,0,0,0,0,0,0,1,1,5,6,1,37,7,-1,3,2,PORSCHE TAYCAN,7,E01031166,0,-1
2023411331102,2023,411331102,1,9,0,13,13,7,4,0,0,1,0,0,0,0,3,1,6,6,1,49,8,-1,3,0,PORSCHE TAYCAN,7,E01023492,0,-1
2023522400716,2023,522400716,1,9,0,18,19,8,4,0,0,8,0,0,0,0,1,1,6,6,1,52,8,-1,3,1,PORSCHE TAYCAN,9,E01014918,0,-1
2023311352394,2023,311352394,1,9,0,18,19,1,5,0,0,8,0,0,0,0,1,1,5,6,2,44,7,-1,3,1,PORSCHE TAYCAN,7,E01028325,0,-1
2023010474556,2023,010474556,2,9,0,2,2,0,0,0,0,0,0,0,0,0,3,1,6,6,3,-1,-1,-1,3,0,PORSCHE TAYCAN,-1,-1,0,-1
2023332300688,2023,332300688,1,9,0,18,19,5,1,0,0,0,2,0,7,4,1,1,6,6,1,58,9,-1,3,1,PORSCHE TAYCAN,8,E01025810,0,-1
2023010419645,2023,010419645,3,9,0,18,19,7,3,0,0,0,0,0,0,0,3,1,6,6,1,44,7,-1,3,1,PORSCHE TAYCAN,10,E01000756,0,-1
2023041314661,2023,041314661,1,9,0,18,19,3,7,0,0,8,0,0,7,0,1,1,5,6,1,47,8,-1,3,1,PORSCHE TAYCAN,9,E01025343,0,-1
2023010450831,2023,010450831,1,9,0,9,9,5,3,0,0,8,0,0,0,0,0,1,6,6,2,34,6,-1,3,2,PORSCHE TAYCAN,3,E01015959,0,-1
2023010438813,2023,010438813,1,9,0,18,19,7,3,0,0,8,1,0,2,11,2,1,6,6,2,35,6,-1,3,3,PORSCHE TAYCAN,8,E01000399,0,-1
2023201300701,2023,201300701,1,9,0,18,19,4,8,0,0,8,0,0,0,0,1,1,2,2,1,47,8,-1,3,3,PORSCHE TAYCAN,9,E01029672,0,-1
2023010454035,2023,010454035,2,9,0,12,12,2,6,0,0,1,0,0,0,0,2,1,6,6,1,50,8,-1,3,3,PORSCHE TAYCAN,6,E01003030,0,-1
2023010462128,2023,010462128,2,9,0,18,19,3,7,0,0,3,0,0,0,0,1,9,6,6,1,-1,-1,-1,3,0,PORSCHE TAYCAN,8,E01002990,0,-1
2023201318430,2023,201318430,1,9,0,18,19,4,6,0,0,1,0,0,0,0,1,1,6,6,2,-1,-1,-1,3,1,PORSCHE TAYCAN,4,E01010510,0,-1