collision_index,collision_year,collision_ref_no,vehicle_reference,vehicle_type,towing_and_articulation,vehicle_manoeuvre_historic,vehicle_manoeuvre,vehicle_direction_from,vehicle_direction_to,vehicle_location_restricted_lane_historic,vehicle_location_restricted_lane,junction_location,skidding_and_overturning,hit_object_in_carriageway,vehicle_leaving_carriageway,hit_object_off_carriageway,first_point_of_impact,vehicle_left_hand_drive,journey_purpose_of_driver_historic,journey_purpose_of_driver,sex_of_driver,age_of_driver,age_band_of_driver,engine_capacity_cc,propulsion_code,age_of_vehicle,generic_make_model,driver_imd_decile,lsoa_of_driver,escooter_flag,driver_distance_banding
2023501332208,2023,501332208,1,9,0,16,19,1,4,0,0,0,0,0,3,9,1,1,6,6,1,71,10,998,1,5,SUZUKI SWIFT,4,E01018820,0,-1
2023471294639,2023,471294639,2,9,0,18,19,8,4,0,0,1,0,0,0,0,3,1,5,6,2,60,9,1242,1,8,SUZUKI SWIFT,7,E01031396,0,-1
2023221305664,2023,221305664,1,9,0,18,19,5,1,0,0,0,0,0,1,11,1,1,5,6,1,17,4,1490,1,15,SUZUKI SWIFT,5,E01028928,0,-1
2023131283955,2023,131283955,1,9,0,7,7,2,3,0,0,0,0,0,1,1,1,1,1,1,1,31,6,1242,1,4,SUZUKI SWIFT,5,E01010934,0,-1
2023010454617,2023,010454617,2,9,9,99,99,9,9,99,99,9,9,99,9,99,9,9,6,6,3,43,7,1197,8,2,SUZUKI SWIFT,4,E01003329,0,-1
2023031387688,2023,031387688,1,9,0,18,19,5,1,0,0,0,2,0,1,0,1,1,5,6,1,22,5,1490,1,17,SUZUKI SWIFT,-1,-1,0,-1
2023991316431,2023,991316431,3,9,0,3,3,1,3,0,0,1,0,0,0,0,3,1,6,6,1,71,10,1242,1,10,SUZUKI SWIFT,-1,-1,0,-1
2023221303614,2023,221303614,3,9,0,2,2,0,0,0,0,0,0,0,0,0,4,1,5,6,1,63,9,1242,1,12,SUZUKI SWIFT,6,E01032200,0,-1
2023041310971,2023,041310971,2,9,0,17,19,4,1,0,0,0,0,0,0,0,4,1,1,1,2,53,8,1197,8,2,SUZUKI SWIFT,9,E01024964,0,-1
2023351320821,2023,351320821,2,9,0,3,3,4,8,0,0,1,0,0,0,0,2,1,5,6,2,23,5,1490,1,15,SUZUKI SWIFT,6,E01018076,0,-1
2023451311941,2023,451311941,1,9,0,5,5,1,5,0,0,4,0,0,0,0,2,1,5,6,1,37,7,1242,1,10,SUZUKI SWIFT,6,E01023140,0,-1
2023010465183,2023,010465183,1,9,9,99,99,9,9,0,0,0,9,99,9,99,9,9,2,2,1,54,8,1490,1,16,SUZUKI SWIFT,6,E01001347,0,-1
2023440147903,2023,440147903,1,9,0,18,19,7,3,0,0,4,0,0,0,0,1,1,6,6,3,19,4,1490,1,17,SUZUKI SWIFT,-1,-1,0,-1
2023421370230,2023,421370230,1,9,0,18,19,1,5,0,0,0,0,0,1,0,1,1,2,2,1,23,5,1490,1,15,SUZUKI SWIFT,10,E01021622,0,-1
2023552301048,2023,552301048,1,9,0,18,19,5,1,0,0,1,0,0,0,0,1,1,6,6,1,71,10,1242,8,3,SUZUKI SWIFT,10,E01020559,0,-1
2023161317819,2023,161317819,2,9,0,2,2,0,0,0,0,0,0,0,0,0,2,1,6,6,3,-1,-1,998,8,5,SUZUKI SWIFT,-1,-1,0,-1
2023471330889,2023,471330889,1,9,0,7,7,6,7,0,0,2,0,0,0,0,4,1,6,6,1,-1,-1,998,1,6,SUZUKI SWIFT,4,E01020952,0,-1
2023610040123,2023,610040123,1,9,0,9,9,4,1,0,0,8,0,0,1,0,4,1,6,6,1,18,4,1248,2,13,SUZUKI SWIFT,5,W01001493,0,-1
2023010438657,2023,010438657,2,9,0,12,12,5,1,0,0,2,0,0,0,0,1,1,6,6,1,64,9,1490,1,15,SUZUKI SWIFT,3,E01000287,0,-1
2023041271633,2023,041271633,1,9,0,9,9,5,3,0,0,1,0,0,0,0,3,1,5,6,1,34,6,1490,1,16,SUZUKI SWIFT,3,E01012741,0,-1
2023101383700,2023,101383700,1,9,0,18,19,4,8,0,0,8,0,0,0,0,1,1,6,6,2,64,9,1197,8,1,SUZUKI SWIFT,9,E01027526,0,-1
2023421370643,2023,421370643,2,9,0,18,19,6,2,0,0,0,0,0,0,0,2,1,5,6,2,45,7,998,1,4,SUZUKI SWIFT,3,E01003708,0,-1
2023622300406,2023,622300406,1,9,0,6,6,6,6,0,0,8,0,0,0,0,1,1,6,6,2,72,10,1242,8,3,SUZUKI SWIFT,5,W01001068,0,-1
2023411276129,2023,411276129,4,9,0,4,4,1,6,0,0,0,0,0,0,0,2,1,2,2,2,23,5,998,1,6,SUZUKI SWIFT,7,E01023944,0,-1
2023552301266,2023,552301266,1,9,0,18,19,3,7,0,0,0,0,0,0,0,4,1,1,1,3,-1,-1,1242,1,5,SUZUKI SWIFT,-1,-1,0,-1
2023010432580,2023,010432580,1,9,0,15,15,1,5,0,0,0,1,0,0,0,3,1,6,6,1,20,4,1328,1,17,SUZUKI SWIFT,4,E01002247,0,-1
2023471291524,2023,471291524,1,9,0,18,19,7,7,0,0,2,0,0,0,0,1,1,5,6,1,19,4,1328,1,15,SUZUKI SWIFT,8,E01031838,0,-1
2023371341419,2023,371341419,1,9,0,18,19,8,4,0,0,0,0,0,0,0,1,1,5,6,1,61,9,1242,1,13,SUZUKI SWIFT,6,E01029975,0,-1
2023610015123,2023,610015123,2,9,0,18,19,3,7,0,0,8,0,0,0,0,1,1,6,6,2,62,9,1242,1,8,SUZUKI SWIFT,9,W01001514,0,-1
2023010464122,2023,010464122,1,9,0,18,19,5,1,0,0,0,0,4,0,0,1,1,6,6,2,34,6,1490,1,16,SUZUKI SWIFT,3,E01002325,0,-1
2023351276424,2023,351276424,1,9,0,16,19,2,5,0,0,0,2,0,7,0,1,1,6,6,2,34,6,1328,1,13,SUZUKI SWIFT,6,E01018110,0,-1
2023231294265,2023,231294265,1,9,0,15,15,4,8,0,0,0,1,0,0,0,1,1,5,6,2,25,5,1586,1,9,SUZUKI SWIFT,3,E01031081,0,-1
2023451378198,2023,451378198,3,9,0,18,19,7,3,0,0,1,0,0,0,0,1,1,2,2,2,22,5,1242,1,12,SUZUKI SWIFT,10,E01002480,0,-1
2023411325807,2023,411325807,1,9,0,18,19,3,7,0,0,0,0,0,0,0,1,1,6,6,1,74,10,1197,8,2,SUZUKI SWIFT,9,E01023553,0,-1
2023401283838,2023,401283838,1,9,0,9,9,7,4,0,0,6,0,0,0,0,1,1,6,6,2,28,6,1328,1,17,SUZUKI SWIFT,4,E01015796,0,-1
2023041389284,2023,041389284,1,9,0,9,9,5,1,0,0,0,0,0,0,0,4,1,5,6,2,27,6,1197,8,2,SUZUKI SWIFT,4,E01012599,0,-1
2023211329219,2023,211329219,1,9,0,18,19,5,8,0,0,0,1,0,7,4,1,1,5,6,1,20,4,1328,1,13,SUZUKI SWIFT,5,E01014239,0,-1
2023201396816,2023,201396816,2,9,0,18,19,4,8,0,0,8,0,0,0,0,4,1,3,7,1,43,7,1490,1,17,SUZUKI SWIFT,5,E01009418,0,-1
2023991400930,2023,991400930,1,9,0,16,19,6,2,0,0,0,1,0,7,3,1,1,5,6,2,67,10,1242,1,8,SUZUKI SWIFT,6,-1,0,-1
2023052301148,2023,052301148,1,9,0,9,9,5,3,0,0,6,0,0,0,0,1,1,1,1,1,25,5,1586,1,9,SUZUKI SWIFT,3,E01007216,0,-1
2023401282570,2023,401282570,1,9,0,2,2,-1,-1,0,0,0,0,0,0,0,3,1,6,6,3,-1,-1,1197,8,2,SUZUKI SWIFT,-1,-1,0,-1
2023311351471,2023,311351471,2,9,0,2,2,4,8,6,6,0,0,0,0,0,1,1,6,6,1,37,7,1328,1,15,SUZUKI SWIFT,6,E01013894,0,-1
2023440174630,2023,440174630,1,9,0,9,9,3,1,0,0,8,0,0,0,0,4,1,6,6,2,28,6,1242,1,10,SUZUKI SWIFT,8,E01022641,0,-1
2023161305049,2023,161305049,2,9,0,18,19,1,5,0,0,1,0,0,0,0,1,1,5,6,1,25,5,1328,1,15,SUZUKI SWIFT,3,E01012817,0,-1
2023211437050,2023,211437050,1,9,-1,18,19,8,4,-1,-1,0,-1,-1,-1,0,-1,1,6,6,2,32,6,1242,1,10,SUZUKI SWIFT,10,E01029714,0,-1
2023421269726,2023,421269726,1,9,0,18,19,1,5,0,0,0,0,0,0,0,1,1,5,6,1,50,8,1242,1,9,SUZUKI SWIFT,6,E01021373,0,-1
2023411330641,2023,411330641,1,9,0,18,19,5,1,0,0,2,0,0,0,0,3,1,5,6,1,19,4,998,1,6,SUZUKI SWIFT,9,E01023460,0,-1
2023411364548,2023,411364548,1,9,0,9,9,-1,-1,0,0,8,0,0,0,0,1,1,6,6,2,60,9,1242,1,9,SUZUKI SWIFT,2,E01023860,0,-1
2023471376790,2023,471376790,2,9,0,5,5,1,5,0,0,1,0,0,0,0,2,1,3,7,2,31,6,1242,1,7,SUZUKI SWIFT,3,E01021185,0,-1
2023320406226,2023,320406226,1,9,0,17,19,3,7,0,0,0,1,0,2,11,1,1,2,2,1,18,4,1328,1,17,SUZUKI SWIFT,1,E01026010,0,-1
2023461389469,2023,461389469,1,9,0,9,9,5,1,0,0,1,0,0,0,0,3,1,6,6,1,18,4,1242,1,6,SUZUKI SWIFT,9,E01024269,0,-1
2023010424565,2023,010424565,1,9,0,5,5,1,5,0,0,0,0,12,0,0,4,1,3,7,1,29,6,1242,1,8,SUZUKI SWIFT,7,E01000215,0,-1
2023231330933,2023,231330933,2,9,0,4,4,1,5,0,0,0,0,0,0,0,2,1,6,6,2,62,9,1242,8,3,SUZUKI SWIFT,5,E01031203,0,-1
2023991332898,2023,991332898,1,9,0,1,1,5,5,0,0,1,0,0,0,0,4,1,6,6,2,40,7,1328,1,13,SUZUKI SWIFT,1,-1,0,-1
2023131302448,2023,131302448,1,9,0,9,9,5,1,0,0,5,0,0,0,0,2,1,6,6,1,53,8,1242,1,8,SUZUKI SWIFT,2,E01033689,0,-1
2023430006321,2023,430006321,2,9,0,3,3,8,4,0,0,1,0,0,0,0,2,1,6,6,2,23,5,998,8,5,SUZUKI SWIFT,-1,-1,0,-1
2023052300949,2023,052300949,3,9,0,4,4,7,3,0,0,0,0,0,0,0,2,1,6,6,1,49,8,1586,1,7,SUZUKI SWIFT,3,E01006295,0,-1
2023041346885,2023,041346885,1,9,0,3,3,1,5,0,0,4,0,0,0,0,0,1,6,6,1,31,6,1197,8,3,SUZUKI SWIFT,3,E01010988,0,-1
2023320474121,2023,320474121,1,9,0,16,19,6,2,0,0,0,0,0,7,4,1,1,6,6,1,29,6,1248,2,12,SUZUKI SWIFT,2,E01026175,0,-1
2023332300783,2023,332300783,2,9,0,18,19,4,8,0,0,1,0,0,0,0,1,1,2,2,1,30,6,1490,1,15,SUZUKI SWIFT,1,E01013760,0,-1
2023545327123,2023,545327123,2,9,0,5,5,2,6,0,0,3,0,0,0,0,3,1,2,2,1,39,7,1586,1,10,SUZUKI SWIFT,9,E01015481,0,-1
2023622300587,2023,622300587,1,9,0,5,5,7,3,0,0,8,0,0,0,0,1,1,6,6,2,26,6,1242,1,11,SUZUKI SWIFT,2,W01000789,0,-1
2023031390299,2023,031390299,3,9,0,18,19,-1,-1,0,0,1,0,0,0,0,1,1,5,6,2,53,8,1242,1,10,SUZUKI SWIFT,-1,-1,0,-1
2023332300912,2023,332300912,2,9,0,3,3,4,8,0,0,0,0,0,0,0,3,1,6,6,2,26,6,1197,8,1,SUZUKI SWIFT,10,E01025790,0,-1
2023351376703,2023,351376703,2,9,0,18,19,7,3,0,0,1,0,0,0,0,1,1,1,1,2,27,6,1490,1,16,SUZUKI SWIFT,10,E01033114,0,-1
2023501401941,2023,501401941,1,9,0,18,19,4,8,99,99,9,0,0,-1,0,1,1,2,2,1,50,8,1328,1,13,SUZUKI SWIFT,5,E01019982,0,-1
2023320172293,2023,320172293,1,9,0,1,1,1,1,0,0,5,0,0,0,0,2,1,6,6,1,61,9,1242,1,10,SUZUKI SWIFT,4,E01026082,0,-1
2023440438935,2023,440438935,2,9,0,18,19,6,2,0,0,1,0,0,0,0,1,1,6,6,2,79,11,1328,1,18,SUZUKI SWIFT,8,E01022952,0,-1
2023041371001,2023,041371001,1,9,0,16,19,5,7,0,0,0,1,11,0,0,4,1,5,6,1,19,4,1586,1,13,SUZUKI SWIFT,6,E01025004,0,-1
2023041332046,2023,041332046,1,9,0,18,19,7,3,0,0,1,0,0,0,0,1,1,6,6,2,41,7,998,1,6,SUZUKI SWIFT,6,E01025402,0,-1
2023010472074,2023,010472074,3,9,0,2,2,0,0,0,0,0,0,0,0,0,2,1,6,6,3,-1,-1,1197,8,1,SUZUKI SWIFT,-1,-1,0,-1
2023991282019,2023,991282019,2,9,0,18,19,3,7,0,0,4,0,0,0,0,1,1,6,6,1,18,4,1490,1,16,SUZUKI SWIFT,3,-1,0,-1
2023320686429,2023,320686429,1,9,0,9,9,3,8,0,0,6,0,0,0,0,3,1,6,6,1,61,9,998,8,5,SUZUKI SWIFT,3,E01026343,0,-1
2023131385060,2023,131385060,2,9,0,18,19,3,3,0,0,8,0,0,0,0,2,1,6,6,2,21,5,1242,1,11,SUZUKI SWIFT,1,E01011143,0,-1
2023351287026,2023,351287026,1,9,0,9,9,3,1,0,0,8,0,0,0,0,1,1,2,2,2,31,6,1586,1,8,SUZUKI SWIFT,6,E01018150,0,-1
2023451377487,2023,451377487,2,9,0,3,3,8,4,0,0,0,0,0,0,0,0,1,6,6,1,33,6,998,8,4,SUZUKI SWIFT,9,E01018054,0,-1
2023461316151,2023,461316151,1,9,0,16,19,5,1,0,0,0,0,0,1,3,1,1,2,2,2,59,9,1242,8,5,SUZUKI SWIFT,3,E01024119,0,-1
2023111370369,2023,111370369,2,9,0,18,19,3,7,0,0,1,0,0,0,0,4,1,2,2,2,51,8,1373,8,2,SUZUKI SWIFT,9,E01012255,0,-1
2023122300888,2023,122300888,1,9,0,18,19,7,3,0,0,0,0,0,1,4,1,1,2,2,2,55,8,1242,1,6,SUZUKI SWIFT,1,E01013000,0,-1
2023201382367,2023,201382367,2,9,0,9,9,2,8,0,0,5,0,0,0,0,4,1,5,6,2,42,7,1242,1,12,SUZUKI SWIFT,1,E01009484,0,-1
2023471266486,2023,471266486,4,9,0,2,2,0,0,0,0,0,0,0,0,0,2,1,6,6,3,-1,-1,1242,1,4,SUZUKI SWIFT,-1,-1,0,-1
2023231313751,2023,231313751,1,9,0,13,13,2,6,0,0,0,0,0,0,0,1,1,6,6,1,43,7,1197,8,2,SUZUKI SWIFT,1,E01031043,0,-1
2023031365278,2023,031365278,1,9,0,4,4,4,5,0,0,0,2,0,0,0,1,1,6,6,1,17,4,1242,1,10,SUZUKI SWIFT,-1,-1,0,-1
2023161267037,2023,161267037,2,9,0,3,3,1,3,0,0,1,0,0,0,0,2,1,6,6,1,42,7,1242,8,3,SUZUKI SWIFT,1,E01013140,0,-1
2023101338608,2023,101338608,2,9,0,17,19,7,3,0,0,3,0,0,0,0,4,1,1,1,2,65,9,1242,1,4,SUZUKI SWIFT,5,E01008490,0,-1
2023440168813,2023,440168813,1,9,0,17,19,7,5,0,0,0,0,0,2,4,1,1,6,6,2,22,5,1242,1,4,SUZUKI SWIFT,9,E01023275,0,-1
2023052302464,2023,052302464,2,9,0,18,19,3,7,0,0,0,1,0,1,7,2,1,6,6,2,23,5,1586,1,16,SUZUKI SWIFT,2,E01006725,0,-1
2023421312906,2023,421312906,3,9,0,2,2,0,0,9,9,2,0,0,0,0,1,1,6,6,3,-1,-1,1242,1,10,SUZUKI SWIFT,-1,-1,0,-1
2023610008223,2023,610008223,1,9,0,17,19,4,1,0,0,0,0,0,0,0,1,1,2,2,2,48,8,1242,8,3,SUZUKI SWIFT,9,W01001494,0,-1
2023520400634,2023,520400634,1,9,0,18,19,7,3,0,0,0,0,4,0,0,4,1,6,6,2,27,6,1242,1,8,SUZUKI SWIFT,8,E01029190,0,-1
2023340WN4212,2023,340WN4212,2,9,0,18,19,5,1,0,0,0,0,0,0,0,4,1,6,6,2,33,6,1328,1,13,SUZUKI SWIFT,6,E01026020,0,-1
2023010478544,2023,010478544,1,9,0,9,9,2,8,0,0,6,0,0,0,0,3,1,6,6,2,37,7,1490,1,16,SUZUKI SWIFT,4,E01004462,0,-1
2023631362859,2023,631362859,1,9,0,16,19,5,1,0,0,0,0,0,0,0,1,1,5,6,1,33,6,1328,1,16,SUZUKI SWIFT,5,W01000529,0,-1
2023545419923,2023,545419923,1,9,0,18,19,5,1,0,0,0,0,0,0,0,1,1,6,6,2,22,5,1242,1,8,SUZUKI SWIFT,4,W01001832,0,-1
2023041304360,2023,041304360,1,9,0,16,19,7,3,0,0,0,0,0,2,0,1,1,5,6,1,24,5,1586,1,16,SUZUKI SWIFT,9,E01012609,0,-1
2023320270149,2023,320270149,1,9,0,13,13,8,4,0,0,0,0,0,1,0,3,1,6,6,2,34,6,1248,2,11,SUZUKI SWIFT,2,E01026166,0,-1
202363B018223,2023,63B018223,1,9,0,13,13,1,4,0,0,0,1,0,0,0,1,1,6,6,1,47,8,1490,1,14,SUZUKI SWIFT,6,W01000541,0,-1
2023991288086,2023,991288086,2,9,0,2,2,0,0,6,6,0,0,0,0,0,1,1,6,6,3,-1,-1,1197,8,2,SUZUKI SWIFT,-1,-1,0,-1
2023361266105,2023,361266105,2,9,0,4,4,7,3,0,0,0,0,0,0,0,2,1,5,6,2,58,9,1242,1,5,SUZUKI SWIFT,7,E01026801,0,-1
2023430572417,2023,430572417,1,9,0,9,9,5,3,0,0,6,0,0,0,0,1,1,6,6,1,19,4,1242,1,10,SUZUKI SWIFT,7,E01016341,0,-1
2023552300765,2023,552300765,2,9,0,18,19,7,3,0,0,8,0,0,0,0,1,1,6,6,2,80,11,1242,1,4,SUZUKI SWIFT,8,E01020455,0,-1
2023010469179,2023,010469179,2,9,0,99,99,9,9,99,99,5,9,99,9,99,2,9,6,6,3,-1,-1,1242,1,8,SUZUKI SWIFT,-1,-1,0,-1
2023991356628,2023,991356628,2,9,0,18,19,2,6,0,0,1,0,0,0,0,3,1,5,6,1,71,10,1242,1,7,SUZUKI SWIFT,8,-1,0,-1
2023010484835,2023,010484835,2,9,0,2,2,0,0,0,0,1,0,4,0,0,1,1,6,6,3,-1,-1,1328,1,17,SUZUKI SWIFT,-1,-1,0,-1
2023622300325,2023,622300325,1,9,0,18,19,3,7,0,0,1,0,0,0,0,4,1,1,1,1,53,8,1248,2,14,SUZUKI SWIFT,1,W01000836,0,-1
2023552300860,2023,552300860,1,9,0,16,19,2,5,0,0,0,5,0,1,0,3,1,6,6,2,24,5,1242,1,10,SUZUKI SWIFT,8,E01024414,0,-1
2023161328088,2023,161328088,1,9,0,7,7,2,5,0,0,6,0,0,0,0,3,1,6,6,2,-1,-1,1242,1,5,SUZUKI SWIFT,1,E01012785,0,-1
2023101337957,2023,101337957,2,9,0,18,19,5,1,0,0,8,0,0,0,0,1,1,6,6,1,77,11,998,8,4,SUZUKI SWIFT,6,E01027505,0,-1
2023461279855,2023,461279855,1,9,0,17,19,2,7,0,0,0,1,0,7,0,1,1,6,6,1,20,4,1328,1,14,SUZUKI SWIFT,5,E01024788,0,-1
2023131350517,2023,131350517,2,9,0,18,19,4,8,0,0,1,0,0,0,0,0,1,6,6,2,59,9,1242,8,5,SUZUKI SWIFT,9,E01010935,0,-1
2023052302291,2023,052302291,2,9,0,9,9,1,7,0,0,8,0,0,0,0,1,1,6,6,1,36,7,1197,8,0,SUZUKI SWIFT,5,E01006933,0,-1
202363C006523,2023,63C006523,1,9,0,18,19,8,4,0,0,1,0,0,0,0,1,1,1,1,2,27,6,1242,1,11,SUZUKI SWIFT,4,W01000590,0,-1
2023430256800,2023,430256800,1,9,0,18,19,8,4,0,0,0,0,0,0,0,1,1,6,6,1,29,6,1490,1,14,SUZUKI SWIFT,5,E01017913,0,-1
2023991381206,2023,991381206,1,9,0,9,9,7,3,0,0,2,0,0,0,0,3,1,6,6,2,18,4,1242,1,8,SUZUKI SWIFT,-1,-1,0,-1
2023421291094,2023,421291094,1,9,0,18,19,3,7,0,0,0,0,0,1,3,3,1,1,1,1,27,6,1242,1,11,SUZUKI SWIFT,10,E01021618,0,-1
2023061328434,2023,061328434,3,9,0,18,19,4,8,0,0,1,0,0,0,0,4,1,6,6,3,30,6,1490,1,15,SUZUKI SWIFT,-1,-1,0,-1
2023101329776,2023,101329776,2,9,0,4,4,4,8,0,0,0,0,0,0,0,2,1,6,6,2,61,9,1242,1,8,SUZUKI SWIFT,10,E01008589,0,-1
2023131353930,2023,131353930,1,9,0,16,19,7,3,0,0,0,1,0,7,9,2,1,6,6,2,20,4,1490,1,15,SUZUKI SWIFT,4,E01011597,0,-1
2023010482492,2023,010482492,1,9,0,17,19,8,4,0,0,6,0,0,0,0,1,1,2,2,2,54,8,1490,1,14,SUZUKI SWIFT,5,E01000662,0,-1
2023170L11183,2023,170L11183,3,9,0,4,4,4,8,0,0,0,0,0,0,0,2,1,6,6,2,20,4,1586,1,8,SUZUKI SWIFT,9,E01012179,0,-1
2023101373462,2023,101373462,4,9,0,18,19,1,5,0,0,0,0,0,0,0,1,1,6,6,2,43,7,1242,8,4,SUZUKI SWIFT,7,E01027390,0,-1
2023141307651,2023,141307651,1,9,0,7,7,1,3,0,0,6,0,0,0,0,1,1,6,6,1,27,6,1373,1,5,SUZUKI SWIFT,2,E01008016,0,-1
2023141358303,2023,141358303,1,9,0,2,2,0,0,6,6,2,0,0,0,0,1,1,5,6,1,38,7,1242,1,11,SUZUKI SWIFT,2,E01007323,0,-1
2023221268298,2023,221268298,2,9,0,4,4,8,4,0,0,0,0,0,0,0,1,1,2,2,1,21,5,1490,1,16,SUZUKI SWIFT,7,E01028907,0,-1
2023471380707,2023,471380707,2,9,0,18,19,4,8,0,0,1,0,0,0,0,2,1,2,2,1,50,8,1586,1,8,SUZUKI SWIFT,9,E01031728,0,-1
2023010440421,2023,010440421,1,9,0,9,9,5,4,0,0,6,0,0,0,0,1,1,6,6,1,42,7,1242,1,11,SUZUKI SWIFT,7,E01001255,0,-1
2023061344065,2023,061344065,1,9,0,18,19,3,7,0,0,1,0,0,0,0,4,1,5,6,2,54,8,1328,1,15,SUZUKI SWIFT,8,E01005157,0,-1
2023440061900,2023,440061900,1,9,0,18,19,1,5,0,0,1,0,0,0,0,1,1,2,2,2,45,7,1490,1,17,SUZUKI SWIFT,5,E01022806,0,-1
2023111356365,2023,111356365,2,9,0,18,19,2,6,0,0,1,0,10,0,0,4,1,6,6,1,35,6,1328,1,15,SUZUKI SWIFT,4,E01020643,0,-1
2023340NN2672,2023,340NN2672,1,9,0,17,19,6,3,0,0,1,1,0,1,4,1,1,6,6,1,19,4,998,1,5,SUZUKI SWIFT,8,E01017504,0,-1
202363D007623,2023,63D007623,1,9,0,18,19,2,6,0,0,0,5,0,2,10,4,1,2,2,1,56,9,1248,2,14,SUZUKI SWIFT,7,W01000475,0,-1
2023461279452,2023,461279452,1,9,0,18,19,5,1,0,0,0,0,0,0,0,1,1,6,6,2,33,6,1197,8,3,SUZUKI SWIFT,2,E01000012,0,-1
2023421319546,2023,421319546,2,9,0,18,19,5,1,0,0,1,0,0,0,0,1,1,5,6,2,57,9,998,1,5,SUZUKI SWIFT,9,E01021682,0,-1
2023131367782,2023,131367782,2,9,0,18,19,1,5,0,0,1,0,0,0,0,1,1,6,6,1,24,5,1248,2,15,SUZUKI SWIFT,6,E01011480,0,-1
2023141384094,2023,141384094,1,9,0,18,19,1,5,0,0,0,0,0,0,0,4,1,3,7,2,70,10,1242,1,10,SUZUKI SWIFT,5,E01007489,0,-1
2023010460107,2023,010460107,2,9,0,99,99,9,9,99,99,9,9,99,9,99,1,1,6,6,3,-1,-1,1490,1,15,SUZUKI SWIFT,-1,-1,0,-1
2023061333173,2023,061333173,1,9,0,18,19,3,7,0,0,1,0,0,0,0,1,1,5,6,1,76,11,1197,8,1,SUZUKI SWIFT,3,E01006035,0,-1
2023161317365,2023,161317365,1,9,0,18,19,8,4,0,0,2,0,0,0,0,1,1,6,6,2,38,7,1328,1,13,SUZUKI SWIFT,1,E01012849,0,-1
2023061384203,2023,061384203,2,9,0,18,19,3,7,0,0,0,0,0,0,0,3,1,6,6,2,72,10,1197,8,2,SUZUKI SWIFT,7,E01005517,0,-1
2023440423190,2023,440423190,1,9,0,9,9,2,8,0,0,5,0,0,1,0,1,1,2,2,2,50,8,1242,1,9,SUZUKI SWIFT,4,E01017185,0,-1
2023552300244,2023,552300244,1,9,0,18,19,2,6,0,0,8,0,0,0,0,3,1,6,6,1,45,7,1586,1,13,SUZUKI SWIFT,5,E01015346,0,-1
2023451279519,2023,451279519,1,9,0,18,19,3,7,0,0,1,0,0,0,0,1,1,2,2,2,31,6,1328,1,14,SUZUKI SWIFT,7,E01030859,0,-1
202360A006014,2023,60A006014,1,9,0,18,19,8,4,0,0,0,0,0,0,0,1,1,6,6,1,20,4,1586,1,7,SUZUKI SWIFT,-1,-1,0,-1
2023010458076,2023,010458076,1,9,0,9,9,5,2,0,0,1,0,0,0,0,1,1,6,6,1,25,5,1490,1,16,SUZUKI SWIFT,8,E01002993,0,-1
2023471337063,2023,471337063,2,9,0,18,19,3,7,0,0,0,0,0,0,0,1,1,1,1,2,22,5,1328,1,13,SUZUKI SWIFT,8,E01021170,0,-1
2023101265474,2023,101265474,2,9,0,18,19,5,1,0,0,8,0,0,0,0,3,1,6,6,2,41,7,1242,1,10,SUZUKI SWIFT,4,E01008308,0,-1
2023371304157,2023,371304157,1,9,0,18,19,1,5,0,0,0,0,0,0,0,3,1,5,6,1,32,6,1242,1,13,SUZUKI SWIFT,10,E01023742,0,-1
2023991261699,2023,991261699,1,9,0,10,10,1,7,0,0,6,0,0,0,0,1,1,2,2,2,43,7,1490,1,16,SUZUKI SWIFT,8,-1,0,-1
2023991373789,2023,991373789,1,9,0,18,19,7,4,0,0,1,0,0,0,0,1,1,2,2,1,60,9,1328,1,13,SUZUKI SWIFT,6,-1,0,-1
2023991289551,2023,991289551,1,9,0,18,19,1,6,0,0,0,0,11,0,0,4,1,5,6,2,75,10,1197,8,2,SUZUKI SWIFT,4,-1,0,-1
2023440233868,2023,440233868,1,9,0,18,19,6,2,0,0,0,0,0,0,0,1,1,6,6,1,54,8,1242,1,12,SUZUKI SWIFT,4,E01017217,0,-1
2023010444629,2023,010444629,2,9,9,18,19,7,3,99,99,9,9,99,9,99,1,9,6,6,3,-1,-1,1490,1,18,SUZUKI SWIFT,-1,-1,0,-1
2023991354532,2023,991354532,1,9,0,6,6,3,3,0,0,0,0,0,0,0,3,1,6,6,2,76,11,1197,8,0,SUZUKI SWIFT,7,-1,0,-1
2023461349410,2023,461349410,4,9,0,18,19,3,7,0,0,1,0,0,0,0,1,1,1,1,2,36,7,1197,8,0,SUZUKI SWIFT,6,E01024225,0,-1
2023041310202,2023,041310202,2,9,0,18,19,1,5,0,0,2,1,0,0,0,3,1,5,6,1,75,10,1490,1,17,SUZUKI SWIFT,2,E01012625,0,-1
2023451300413,2023,451300413,1,9,0,7,7,2,4,9,9,6,0,0,0,0,1,1,5,6,1,81,11,1242,1,7,SUZUKI SWIFT,7,E01030429,0,-1
2023141292209,2023,141292209,2,9,0,4,4,3,7,0,0,1,0,0,0,0,2,1,6,6,1,52,8,1328,1,15,SUZUKI SWIFT,4,E01007444,0,-1
2023221395125,2023,221395125,1,9,0,4,4,4,8,0,0,0,0,0,0,0,2,1,2,2,2,57,9,1197,8,0,SUZUKI SWIFT,7,E01028921,0,-1
2023010466259,2023,010466259,1,9,0,5,5,7,3,0,0,8,0,0,0,0,4,1,6,6,2,24,5,1242,1,6,SUZUKI SWIFT,2,E01003160,0,-1
2023421338365,2023,421338365,1,9,0,18,19,8,4,0,0,0,0,10,1,1,4,1,6,6,1,43,7,998,8,5,SUZUKI SWIFT,2,E01015861,0,-1