collision_index,collision_year,collision_ref_no,vehicle_reference,vehicle_type,towing_and_articulation,vehicle_manoeuvre_historic,vehicle_manoeuvre,vehicle_direction_from,vehicle_direction_to,vehicle_location_restricted_lane_historic,vehicle_location_restricted_lane,junction_location,skidding_and_overturning,hit_object_in_carriageway,vehicle_leaving_carriageway,hit_object_off_carriageway,first_point_of_impact,vehicle_left_hand_drive,journey_purpose_of_driver_historic,journey_purpose_of_driver,sex_of_driver,age_of_driver,age_band_of_driver,engine_capacity_cc,propulsion_code,age_of_vehicle,generic_make_model,driver_imd_decile,lsoa_of_driver,escooter_flag,driver_distance_banding
2023131328821,2023,131328821,3,9,0,2,2,0,0,9,9,8,0,0,0,0,1,1,6,6,3,-1,-1,1242,1,10,SUZUKI SWIFT,-1,-1,0,-1
2023451340374,2023,451340374,2,9,0,18,19,3,7,0,0,1,0,0,0,0,1,1,5,6,2,62,9,1586,1,7,SUZUKI SWIFT,5,E01030750,0,-1
2023531276448,2023,531276448,2,9,0,7,7,2,6,0,0,1,0,0,0,0,3,1,2,2,2,21,5,1328,1,13,SUZUKI SWIFT,4,E01022326,0,-1
2023311362655,2023,311362655,1,9,0,18,19,7,3,0,0,0,0,0,0,0,1,1,5,6,1,41,7,1242,1,10,SUZUKI SWIFT,9,E01028222,0,-1
2023501304978,2023,501304978,1,9,0,18,19,3,7,0,0,0,1,0,1,10,4,1,5,6,1,19,4,1242,1,11,SUZUKI SWIFT,-1,-1,0,-1
2023430027606,2023,430027606,1,9,0,18,19,5,1,0,0,0,0,0,2,4,2,1,6,6,1,27,6,1586,1,14,SUZUKI SWIFT,10,E01028655,0,-1
2023201339700,2023,201339700,2,9,0,10,10,3,8,0,0,8,0,0,0,0,2,1,6,6,2,26,6,1490,1,17,SUZUKI SWIFT,1,E01008914,0,-1
2023010482146,2023,010482146,2,9,0,99,99,9,9,99,99,9,9,99,9,99,1,9,6,6,3,-1,-1,1328,1,15,SUZUKI SWIFT,3,E01017127,0,-1
2023340WN4172,2023,340WN4172,1,9,0,18,19,6,2,0,0,0,0,0,1,0,1,1,6,6,1,-1,-1,1490,1,15,SUZUKI SWIFT,-1,-1,0,-1
2023010442035,2023,010442035,2,9,0,99,99,9,9,99,99,9,9,99,9,99,9,9,6,6,3,-1,-1,1586,1,17,SUZUKI SWIFT,3,E01003916,0,-1
2023531362218,2023,531362218,1,9,0,12,12,1,5,0,0,1,5,7,0,0,1,1,6,6,1,21,5,1242,1,7,SUZUKI SWIFT,5,E01022266,0,-1
2023010420477,2023,010420477,1,9,0,18,19,8,4,0,0,1,0,0,0,0,1,1,6,6,2,25,5,998,8,5,SUZUKI SWIFT,2,E01002281,0,-1
2023320186927,2023,320186927,1,9,0,18,19,5,1,0,0,0,0,0,0,0,1,1,1,1,1,27,6,1373,1,4,SUZUKI SWIFT,4,E01013662,0,-1
2023111366024,2023,111366024,1,9,0,18,19,7,5,0,0,1,0,0,0,0,1,1,6,6,2,19,4,1242,1,10,SUZUKI SWIFT,6,E01020697,0,-1
2023131373958,2023,131373958,3,9,0,2,2,7,7,0,0,0,0,0,0,0,2,1,6,6,1,28,6,1242,1,7,SUZUKI SWIFT,1,E01033468,0,-1
2023221366291,2023,221366291,1,9,0,9,9,6,3,0,0,5,0,0,0,0,1,1,1,1,1,21,5,1242,1,8,SUZUKI SWIFT,4,W01001671,0,-1
2023131339620,2023,131339620,1,9,0,18,19,5,1,0,0,0,0,0,0,0,1,1,6,6,1,40,7,1242,1,12,SUZUKI SWIFT,3,E01010789,0,-1
2023201400881,2023,201400881,1,9,0,18,19,4,8,0,0,0,0,4,0,0,1,1,3,7,1,22,5,1248,2,11,SUZUKI SWIFT,2,E01009627,0,-1
2023231384247,2023,231384247,1,9,0,18,19,4,8,0,0,0,0,0,7,2,1,1,6,6,1,42,7,1248,2,15,SUZUKI SWIFT,5,E01031141,0,-1
2023311329589,2023,311329589,1,9,0,18,19,2,6,0,0,0,0,4,0,0,1,1,5,6,2,18,4,1242,1,8,SUZUKI SWIFT,4,E01027929,0,-1
2023311285903,2023,311285903,3,9,0,2,2,0,0,0,0,0,0,0,0,0,2,1,6,6,3,-1,-1,1242,8,3,SUZUKI SWIFT,-1,-1,0,-1
2023440324620,2023,440324620,1,9,0,5,5,3,7,0,0,8,0,0,0,0,1,1,6,6,1,23,5,1242,1,12,SUZUKI SWIFT,4,E01023192,0,-1
2023131368472,2023,131368472,1,9,0,5,5,7,7,0,0,0,0,0,0,0,3,1,5,6,1,52,8,1242,1,9,SUZUKI SWIFT,2,E01011815,0,-1
2023622300395,2023,622300395,1,9,0,18,19,2,6,0,0,6,0,0,0,0,1,1,1,1,2,50,8,998,8,5,SUZUKI SWIFT,4,W01000773,0,-1
2023471307713,2023,471307713,3,9,0,18,19,6,2,0,0,1,0,0,0,0,1,1,6,6,2,50,8,1197,8,1,SUZUKI SWIFT,3,E01020981,0,-1
2023440458601,2023,440458601,1,9,0,3,3,8,4,0,0,0,0,0,0,0,2,1,6,6,2,63,9,998,8,4,SUZUKI SWIFT,10,E01023200,0,-1
2023552301095,2023,552301095,1,9,0,18,19,3,7,0,0,8,0,0,1,11,1,1,6,6,2,47,8,1490,1,16,SUZUKI SWIFT,9,E01033156,0,-1
2023141339327,2023,141339327,1,9,0,18,19,8,5,0,0,8,0,0,0,0,2,1,5,6,1,72,10,998,8,4,SUZUKI SWIFT,1,E01007549,0,-1
2023440201157,2023,440201157,1,9,0,16,19,5,7,0,0,1,0,0,0,0,1,1,6,6,1,19,4,1490,1,16,SUZUKI SWIFT,5,E01023201,0,-1
2023010474596,2023,010474596,2,9,0,18,19,7,3,0,0,1,0,0,0,0,1,1,6,6,1,24,5,1490,1,16,SUZUKI SWIFT,6,E01031827,0,-1
2023041263118,2023,041263118,2,9,0,4,4,2,8,0,0,0,0,0,0,0,1,1,6,6,1,20,4,1242,1,7,SUZUKI SWIFT,10,E01025327,0,-1
2023061351968,2023,061351968,1,9,0,18,19,5,2,0,0,1,0,0,0,0,4,1,5,6,1,23,5,1373,1,5,SUZUKI SWIFT,1,E01005463,0,-1
2023010483437,2023,010483437,1,9,0,9,9,4,2,0,0,1,0,0,0,0,1,1,6,6,2,36,7,1490,1,13,SUZUKI SWIFT,-1,-1,0,-1
2023622300563,2023,622300563,1,8,0,18,19,6,2,0,0,1,0,0,0,0,1,1,6,6,2,20,4,1242,1,9,-1,4,W01000656,0,-1
2023531344800,2023,531344800,2,9,0,4,4,8,4,0,0,0,0,0,0,0,2,1,2,2,2,26,6,1242,1,3,SUZUKI SWIFT,9,E01022357,0,-1
2023010480039,2023,010480039,1,9,0,5,5,5,1,0,0,3,0,0,3,0,1,1,6,6,1,60,9,1490,1,17,SUZUKI SWIFT,-1,-1,0,-1
2023131328604,2023,131328604,3,9,0,18,19,3,7,0,0,0,0,0,0,0,4,1,2,2,1,29,6,1328,1,14,SUZUKI SWIFT,2,E01011814,0,-1
2023361282436,2023,361282436,3,9,0,3,3,3,1,0,0,0,0,0,0,0,2,1,5,6,2,62,9,998,1,4,SUZUKI SWIFT,4,E01026859,0,-1
2023430177842,2023,430177842,2,9,0,1,1,5,1,0,0,0,0,0,0,0,2,1,6,6,1,-1,-1,1328,1,16,SUZUKI SWIFT,-1,-1,0,-1
2023531329941,2023,531329941,2,9,0,10,10,3,1,0,0,5,0,0,0,0,2,1,5,6,1,37,7,1242,1,11,SUZUKI SWIFT,6,E01022260,0,-1
2023010486138,2023,010486138,2,9,9,3,3,5,1,0,0,5,5,99,0,0,1,9,6,6,2,67,10,1242,1,9,SUZUKI SWIFT,4,E01001158,0,-1
2023451333792,2023,451333792,2,9,0,17,19,6,2,0,0,0,1,0,1,9,1,1,6,6,1,55,8,1490,1,14,SUZUKI SWIFT,6,E01022880,0,-1
2023340NN0632,2023,340NN0632,1,9,0,18,19,7,3,0,0,0,0,0,0,0,1,1,2,2,1,47,8,1586,1,10,SUZUKI SWIFT,10,E01027121,0,-1
2023052302508,2023,052302508,1,9,0,18,19,5,1,0,0,1,0,0,0,0,1,1,6,6,1,70,10,1197,8,0,SUZUKI SWIFT,5,E01024958,0,-1
2023161388129,2023,161388129,1,9,0,12,12,8,4,0,0,0,0,0,0,0,2,1,2,2,1,27,6,1490,1,14,SUZUKI SWIFT,10,E01013117,0,-1
2023122301225,2023,122301225,2,9,0,18,19,7,3,0,0,8,0,0,0,0,1,1,1,1,2,39,7,1328,1,15,SUZUKI SWIFT,3,E01027612,0,-1
2023631381481,2023,631381481,1,9,0,17,19,4,8,0,0,0,1,0,0,0,1,1,2,2,1,18,4,1328,1,16,SUZUKI SWIFT,9,W01000481,0,-1
2023041364878,2023,041364878,1,9,0,18,19,3,7,0,0,0,0,0,0,0,1,1,5,6,1,64,9,1328,1,14,SUZUKI SWIFT,10,E01025414,0,-1
2023471374662,2023,471374662,2,9,0,18,19,7,3,0,0,0,0,0,0,0,1,1,6,6,2,24,5,1242,1,13,SUZUKI SWIFT,8,E01020963,0,-1
2023231273314,2023,231273314,1,9,0,18,19,1,5,0,0,6,0,0,0,0,1,1,6,6,2,26,6,1490,1,16,SUZUKI SWIFT,1,E01009307,0,-1
2023221342306,2023,221342306,2,9,0,5,5,6,2,0,0,6,0,0,0,0,1,1,5,6,2,83,11,1197,8,1,SUZUKI SWIFT,5,E01014050,0,-1
2023211354637,2023,211354637,2,9,0,3,3,8,4,0,0,0,0,0,0,0,3,1,3,7,2,36,7,1242,1,10,SUZUKI SWIFT,5,E01014360,0,-1
2023361332378,2023,361332378,1,9,0,18,19,7,2,0,0,0,0,0,0,0,1,1,5,6,1,69,10,998,1,5,SUZUKI SWIFT,7,E01026676,0,-1
2023552300798,2023,552300798,2,9,0,18,19,6,2,0,0,0,0,0,0,0,1,1,6,6,2,71,10,1242,1,12,SUZUKI SWIFT,5,E01020363,0,-1
2023061303653,2023,061303653,1,9,0,18,19,2,6,0,0,6,1,0,0,0,1,1,6,6,1,18,4,998,1,5,SUZUKI SWIFT,-1,-1,0,-1
202360A173663,2023,60A173663,2,9,0,18,19,7,4,0,0,8,0,0,0,0,1,1,6,6,2,86,11,1490,1,15,SUZUKI SWIFT,-1,-1,0,-1
2023421323873,2023,421323873,1,9,0,18,19,1,5,0,0,0,0,0,0,0,1,1,5,6,1,55,8,1490,1,16,SUZUKI SWIFT,2,E01021319,0,-1
2023311325625,2023,311325625,1,9,0,14,14,6,3,2,2,3,0,0,0,0,1,1,2,2,2,28,6,1242,1,7,SUZUKI SWIFT,4,E01013534,0,-1
2023361279675,2023,361279675,1,9,0,17,19,3,7,0,0,0,5,0,1,0,1,1,2,2,1,24,5,1586,1,13,SUZUKI SWIFT,6,E01030053,0,-1
2023461293645,2023,461293645,2,9,0,4,4,3,7,0,0,0,0,0,0,0,2,1,6,6,2,47,8,1242,1,6,SUZUKI SWIFT,8,E01024511,0,-1
2023520301667,2023,520301667,3,9,0,18,19,3,5,0,0,0,0,0,0,0,1,1,6,6,2,32,6,1328,1,15,SUZUKI SWIFT,8,E01032651,0,-1
2023430470794,2023,430470794,1,9,0,9,9,4,2,0,0,6,1,0,7,0,1,1,2,2,2,39,7,1248,2,12,SUZUKI SWIFT,7,E01028424,0,-1
2023991375080,2023,991375080,1,9,0,6,6,8,8,0,0,0,0,0,0,0,3,1,6,6,2,65,9,1242,1,4,SUZUKI SWIFT,-1,-1,0,-1
2023501366212,2023,501366212,2,9,0,18,19,5,1,0,0,0,0,0,0,0,4,1,2,2,1,54,8,1242,1,10,SUZUKI SWIFT,9,E01020265,0,-1
2023101387625,2023,101387625,2,9,0,18,19,3,7,0,0,8,0,0,0,0,1,1,6,6,2,55,8,1242,1,7,SUZUKI SWIFT,9,E01027367,0,-1
2023501344982,2023,501344982,2,9,0,4,4,5,1,0,0,0,0,0,0,0,2,1,5,6,2,47,8,998,1,6,SUZUKI SWIFT,7,E01011181,0,-1
2023991283537,2023,991283537,1,9,0,18,19,3,7,0,0,0,0,0,0,0,1,1,5,6,2,77,11,998,1,4,SUZUKI SWIFT,10,-1,0,-1
2023522300915,2023,522300915,1,9,0,9,9,4,2,0,0,5,0,0,0,0,4,1,6,6,1,24,5,1490,1,16,SUZUKI SWIFT,3,E01014681,0,-1
2023010470727,2023,010470727,2,9,0,99,99,9,9,99,99,9,9,99,9,99,9,9,6,6,3,-1,-1,1586,1,12,SUZUKI SWIFT,-1,-1,0,-1
2023302300577,2023,302300577,1,9,0,7,7,8,4,0,0,2,0,0,0,0,1,1,6,6,1,17,4,1248,2,11,SUZUKI SWIFT,6,E01019617,0,-1
2023461380846,2023,461380846,1,9,0,18,19,1,5,0,0,0,0,0,0,0,1,1,5,6,2,43,7,1197,8,2,SUZUKI SWIFT,9,E01024773,0,-1
2023010475279,2023,010475279,1,9,0,5,5,3,7,0,0,1,0,0,0,0,1,1,6,6,2,60,9,1328,1,13,SUZUKI SWIFT,2,E01000876,0,-1
2023101390380,2023,101390380,2,9,0,18,19,5,1,0,0,0,0,0,0,0,1,1,5,6,2,44,7,1242,1,8,SUZUKI SWIFT,5,E01008359,0,-1
2023401362070,2023,401362070,1,9,0,18,19,5,1,0,0,0,0,11,1,0,1,1,6,6,1,31,6,1490,1,15,SUZUKI SWIFT,6,E01017622,0,-1
2023371357184,2023,371357184,1,9,0,18,19,2,6,0,0,0,0,0,1,1,3,1,5,6,2,52,8,1328,1,17,SUZUKI SWIFT,7,E01030159,0,-1
2023221319092,2023,221319092,2,9,0,17,19,4,1,0,0,8,0,0,0,0,4,1,5,6,2,24,5,1242,1,11,SUZUKI SWIFT,5,E01028881,0,-1
2023371297301,2023,371297301,1,9,0,9,9,7,3,0,0,1,0,0,0,0,1,1,5,6,1,47,8,1328,1,13,SUZUKI SWIFT,2,E01026477,0,-1
2023351379995,2023,351379995,1,9,0,-1,-1,-1,-1,-1,-1,0,-1,-1,-1,0,4,1,6,6,1,76,11,1328,1,18,SUZUKI SWIFT,4,E01018060,0,-1
2023221270477,2023,221270477,2,9,0,9,9,5,3,0,0,6,0,0,0,0,1,1,5,6,2,55,8,1197,8,1,SUZUKI SWIFT,5,E01014088,0,-1
2023440271304,2023,440271304,1,9,0,18,19,3,7,0,0,4,0,0,0,0,1,1,6,6,2,76,11,1242,8,3,SUZUKI SWIFT,8,E01023090,0,-1
2023302301707,2023,302301707,2,9,0,10,10,4,2,0,0,1,0,0,0,0,2,1,6,6,2,37,7,1586,1,9,SUZUKI SWIFT,10,E01019712,0,-1
2023161333814,2023,161333814,1,9,0,16,19,5,1,0,0,0,1,0,1,11,1,1,5,6,2,21,5,1490,1,14,SUZUKI SWIFT,1,E01012894,0,-1
2023311386093,2023,311386093,1,9,0,18,19,4,8,0,0,2,0,4,0,0,1,1,6,6,1,29,6,1586,1,16,SUZUKI SWIFT,3,E01027977,0,-1
2023991334111,2023,991334111,1,9,0,16,19,6,1,0,0,0,1,0,0,0,1,1,1,1,1,18,4,1242,1,12,SUZUKI SWIFT,1,-1,0,-1
2023141304716,2023,141304716,2,9,0,9,9,3,8,0,0,1,0,0,0,0,4,1,5,6,1,48,8,1328,1,16,SUZUKI SWIFT,6,E01019782,0,-1
2023010459045,2023,010459045,1,9,0,18,19,5,1,0,0,8,0,0,0,0,3,1,6,6,3,-1,-1,1242,1,10,SUZUKI SWIFT,-1,-1,0,-1
202354A735223,2023,54A735223,1,9,0,18,19,4,8,0,0,1,0,0,0,0,1,1,6,6,1,-1,-1,1242,1,7,SUZUKI SWIFT,-1,-1,0,-1
2023010467578,2023,010467578,1,9,9,99,99,9,9,99,99,9,9,99,9,99,9,9,6,6,2,21,5,998,1,5,SUZUKI SWIFT,2,E01003595,0,-1
2023201301878,2023,201301878,2,9,0,13,13,2,8,0,0,0,0,4,0,0,4,1,6,6,1,21,5,1328,1,17,SUZUKI SWIFT,1,E01009349,0,-1
2023052301580,2023,052301580,1,9,0,18,19,2,6,0,0,0,0,0,0,0,1,1,6,6,2,41,7,1242,1,4,SUZUKI SWIFT,2,E01006899,0,-1
2023622300934,2023,622300934,3,9,0,18,19,8,4,0,0,0,0,0,0,0,1,1,6,6,2,22,5,1242,1,8,SUZUKI SWIFT,3,W01001216,0,-1
2023371265780,2023,371265780,2,9,0,4,4,7,3,0,0,1,0,0,0,0,1,1,4,7,1,18,4,1242,1,9,SUZUKI SWIFT,5,E01032526,0,-1
2023991292919,2023,991292919,2,9,0,2,2,1,4,0,0,1,0,0,0,0,2,1,5,6,2,55,8,1242,1,12,SUZUKI SWIFT,3,-1,0,-1
2023461300621,2023,461300621,2,9,0,18,19,1,5,0,0,0,0,2,0,0,2,1,2,2,2,30,6,1197,8,1,SUZUKI SWIFT,7,E01024802,0,-1
2023010465499,2023,010465499,1,9,0,18,19,7,3,0,0,0,0,0,0,0,2,1,1,1,1,40,7,1490,1,17,SUZUKI SWIFT,3,E01000128,0,-1
2023991357840,2023,991357840,2,9,0,15,15,5,1,0,0,1,0,0,1,0,4,1,5,6,2,76,11,1242,1,7,SUZUKI SWIFT,-1,-1,0,-1
2023221314935,2023,221314935,1,9,0,18,19,5,1,0,0,8,0,0,7,10,3,1,5,6,2,67,10,1490,1,15,SUZUKI SWIFT,4,E01028871,0,-1
2023131389409,2023,131389409,1,9,0,18,19,5,1,0,0,0,0,0,0,0,1,1,5,6,1,18,4,1328,1,13,SUZUKI SWIFT,3,E01010779,0,-1
2023371349517,2023,371349517,2,9,0,18,19,1,5,0,0,0,0,0,0,0,1,1,5,6,1,84,11,998,8,6,SUZUKI SWIFT,6,E01030097,0,-1
2023531314227,2023,531314227,1,9,0,18,19,1,5,9,9,3,0,0,3,11,1,1,5,6,2,89,11,1248,2,14,SUZUKI SWIFT,9,E01022357,0,-1
2023351315380,2023,351315380,2,9,0,18,19,1,5,0,0,8,0,0,0,0,1,1,2,2,2,22,5,1586,1,16,SUZUKI SWIFT,7,E01018115,0,-1
2023070258431,2023,070258431,2,9,0,3,3,5,3,0,0,1,0,0,0,0,2,1,6,6,1,55,8,1242,1,7,SUZUKI SWIFT,3,E01012454,0,-1
2023471293438,2023,471293438,1,9,0,9,9,3,1,0,0,5,0,0,0,0,1,1,5,6,1,76,11,1328,1,13,SUZUKI SWIFT,8,E01016931,0,-1
2023421290479,2023,421290479,2,9,0,18,19,4,8,0,0,0,0,0,0,0,1,1,6,6,1,20,4,1242,1,11,SUZUKI SWIFT,10,E01023502,0,-1
2023231280123,2023,231280123,1,9,0,5,5,6,8,0,0,6,0,0,0,0,3,1,6,6,1,32,6,1242,1,12,SUZUKI SWIFT,4,E01031054,0,-1
2023411271434,2023,411271434,2,9,0,18,19,7,2,0,0,0,0,0,0,0,1,1,6,6,1,25,5,1242,1,10,SUZUKI SWIFT,3,E01023323,0,-1
2023201376016,2023,201376016,1,9,0,18,19,4,8,0,0,0,0,0,0,0,1,1,6,6,1,-1,-1,1242,1,12,SUZUKI SWIFT,2,E01009942,0,-1
2023122301000,2023,122301000,2,9,0,18,19,6,2,0,0,8,0,0,1,1,1,1,2,2,1,42,7,1242,1,11,SUZUKI SWIFT,10,E01013439,0,-1
2023141366783,2023,141366783,1,9,0,5,5,7,3,0,0,0,0,0,0,0,1,1,5,6,1,25,5,1328,1,13,SUZUKI SWIFT,10,E01007959,0,-1
2023361259182,2023,361259182,3,9,0,18,19,1,5,0,0,1,0,0,0,0,1,1,5,6,1,69,10,1242,1,7,SUZUKI SWIFT,2,E01026680,0,-1
2023440174133,2023,440174133,2,9,0,18,19,7,3,0,0,0,0,0,0,0,1,1,6,6,1,26,6,1242,1,9,SUZUKI SWIFT,2,E01017109,0,-1
2023520400070,2023,520400070,2,9,0,18,19,4,7,0,0,8,0,0,0,0,1,1,6,6,1,21,5,1242,1,11,SUZUKI SWIFT,8,E01020066,0,-1
2023052301225,2023,052301225,2,9,0,8,8,8,4,0,0,1,0,0,0,0,1,1,6,6,1,44,7,1490,1,17,SUZUKI SWIFT,3,E01006521,0,-1
2023501371605,2023,501371605,2,9,0,3,3,1,5,0,0,1,0,0,0,0,2,1,2,2,2,38,7,1197,8,1,SUZUKI SWIFT,3,E01015209,0,-1
2023440303654,2023,440303654,1,9,0,18,19,1,5,0,0,8,0,0,1,11,4,1,6,6,2,44,7,1242,1,13,SUZUKI SWIFT,6,E01023199,0,-1
2023411307971,2023,411307971,2,9,0,18,19,1,5,0,0,1,0,0,0,0,4,1,6,6,2,62,9,1242,1,8,SUZUKI SWIFT,6,E01023340,0,-1
2023320146502,2023,320146502,2,9,0,18,19,4,8,0,0,2,0,0,0,0,3,1,6,6,2,39,7,1373,8,2,SUZUKI SWIFT,-1,-1,0,-1
2023320044145,2023,320044145,1,9,0,18,19,2,6,0,0,2,1,0,0,0,1,1,6,6,2,37,7,1490,1,15,SUZUKI SWIFT,4,E01026183,0,-1
2023552300337,2023,552300337,3,9,0,2,2,0,0,0,0,0,0,0,0,0,2,1,6,6,3,-1,-1,1242,1,10,SUZUKI SWIFT,-1,-1,0,-1
2023421331642,2023,421331642,1,9,0,18,19,2,7,0,0,0,1,0,1,4,1,1,6,6,1,39,7,1328,1,13,SUZUKI SWIFT,4,E01001615,0,-1
2023041350750,2023,041350750,1,9,0,9,9,5,2,0,0,0,0,0,0,0,1,2,6,6,2,25,5,1242,1,10,SUZUKI SWIFT,3,W01001685,0,-1
2023332300743,2023,332300743,2,9,0,18,19,5,1,0,0,8,0,0,0,0,1,1,6,6,2,44,7,1328,1,14,SUZUKI SWIFT,2,E01013690,0,-1
2023031370821,2023,031370821,1,9,0,4,4,3,7,0,0,0,0,0,0,0,1,1,6,6,1,40,7,1242,1,9,SUZUKI SWIFT,-1,-1,0,-1
2023101363443,2023,101363443,2,9,0,9,9,1,6,0,0,2,0,0,0,0,3,1,2,2,2,41,7,1242,1,9,SUZUKI SWIFT,2,E01008591,0,-1
2023111263841,2023,111263841,2,9,0,10,10,1,5,0,0,1,0,0,0,0,1,1,5,6,1,49,8,1248,2,14,SUZUKI SWIFT,1,E01020762,0,-1
2023131282406,2023,131282406,2,9,0,18,19,5,1,0,0,8,0,0,0,0,1,1,5,6,1,49,8,998,1,3,SUZUKI SWIFT,7,E01027727,0,-1
2023361390766,2023,361390766,2,9,0,7,7,5,8,0,0,0,0,0,0,0,4,1,5,6,2,65,9,1242,1,4,SUZUKI SWIFT,4,E01026752,0,-1
2023542045123,2023,542045123,2,9,0,4,4,6,2,0,0,3,0,0,0,0,2,1,6,6,2,48,8,1242,1,10,SUZUKI SWIFT,8,E01032709,0,-1
2023061340786,2023,061340786,2,9,0,4,4,4,8,0,0,1,0,0,0,0,2,1,5,6,2,46,8,1490,1,15,SUZUKI SWIFT,2,E01006218,0,-1
2023010468462,2023,010468462,1,9,0,18,19,5,1,0,0,1,0,0,0,0,3,1,2,2,1,23,5,1586,1,7,SUZUKI SWIFT,4,E01017567,0,-1
2023451324224,2023,451324224,2,9,0,18,19,5,1,0,0,1,0,0,0,0,1,1,6,6,1,27,6,1328,1,14,SUZUKI SWIFT,3,E01002560,0,-1
2023070382973,2023,070382973,1,9,0,11,11,1,5,0,0,7,1,0,0,3,2,1,6,6,1,42,7,1373,1,4,SUZUKI SWIFT,7,E01029612,0,-1
2023991281239,2023,991281239,2,9,0,18,19,3,7,0,0,3,0,0,0,0,3,1,2,2,2,25,5,1242,1,7,SUZUKI SWIFT,-1,-1,0,-1
2023361262435,2023,361262435,1,9,0,7,7,5,5,0,0,6,0,0,0,0,1,1,5,6,1,80,11,1197,8,2,SUZUKI SWIFT,1,E01026690,0,-1
2023546230023,2023,546230023,3,9,0,3,3,3,7,0,0,1,0,0,0,0,2,1,6,6,2,62,9,1373,8,2,SUZUKI SWIFT,9,E01031858,0,-1
2023031334673,2023,031334673,1,9,0,4,4,3,7,0,0,0,0,0,0,0,1,1,5,6,2,24,5,1242,1,10,SUZUKI SWIFT,-1,-1,0,-1
2023461355877,2023,461355877,2,9,0,3,3,2,6,0,0,1,0,0,0,0,2,1,6,6,2,21,5,1242,1,7,SUZUKI SWIFT,10,E01024745,0,-1
2023061302950,2023,061302950,1,9,0,18,19,3,7,0,0,1,0,0,0,0,1,1,6,6,3,30,6,1328,1,16,SUZUKI SWIFT,-1,-1,0,-1
2023371313827,2023,371313827,2,9,0,13,13,2,5,0,0,8,0,0,0,0,1,1,5,6,2,24,5,1197,8,1,SUZUKI SWIFT,4,E01030231,0,-1
2023041312262,2023,041312262,2,9,0,2,2,0,0,0,0,0,0,0,0,0,2,1,5,6,1,53,8,1197,8,0,SUZUKI SWIFT,2,E01010716,0,-1
2023101318718,2023,101318718,3,9,0,3,3,5,1,0,0,1,0,0,0,0,2,1,5,6,2,36,7,1242,1,10,SUZUKI SWIFT,10,E01008475,0,-1
2023351299297,2023,351299297,2,9,0,18,19,1,5,0,0,0,0,0,0,0,0,1,1,1,2,28,6,1242,1,11,SUZUKI SWIFT,8,E01027054,0,-1
2023302300768,2023,302300768,2,9,0,4,4,6,2,0,0,6,0,0,0,0,2,1,2,2,1,55,8,1242,1,6,SUZUKI SWIFT,4,E01019773,0,-1
2023531304789,2023,531304789,2,9,0,18,19,6,2,0,0,2,0,0,0,0,1,1,6,6,2,23,5,1328,1,16,SUZUKI SWIFT,4,E01022296,0,-1
2023010456721,2023,010456721,1,9,0,18,19,1,5,0,0,1,0,0,0,0,3,1,6,6,1,56,9,1586,1,10,SUZUKI SWIFT,3,E01000011,0,-1
2023201415196,2023,201415196,1,9,0,18,19,3,7,0,0,8,0,0,0,0,1,1,6,6,1,28,6,1242,1,8,SUZUKI SWIFT,5,E01009135,0,-1
2023501332227,2023,501332227,2,9,0,18,19,1,5,0,0,1,0,0,0,0,3,1,6,6,2,18,4,1242,1,8,SUZUKI SWIFT,7,E01019892,0,-1
2023201280742,2023,201280742,3,9,0,18,19,7,3,0,0,8,0,7,0,0,1,1,6,6,1,26,6,1328,1,12,SUZUKI SWIFT,2,E01010065,0,-1
2023991339154,2023,991339154,3,9,0,4,4,1,6,0,0,0,0,0,0,0,1,1,5,6,2,54,8,1248,2,15,SUZUKI SWIFT,5,-1,0,-1
2023332301036,2023,332301036,1,9,0,17,19,2,7,0,0,0,1,0,0,0,1,1,6,6,1,17,4,1328,1,16,SUZUKI SWIFT,3,E01025894,0,-1
2023421364302,2023,421364302,2,9,0,5,5,6,2,0,0,0,0,0,0,0,2,1,2,2,2,42,7,1242,1,6,SUZUKI SWIFT,9,E01021527,0,-1
2023440151636,2023,440151636,1,9,0,2,2,0,0,0,0,0,0,0,0,0,0,1,6,6,1,55,8,1242,8,3,SUZUKI SWIFT,5,E01017023,0,-1
2023122400018,2023,122400018,1,9,0,5,5,1,5,0,0,4,0,0,0,0,2,1,2,2,1,43,7,1242,1,12,SUZUKI SWIFT,7,E01027705,0,-1
2023361269826,2023,361269826,1,9,0,18,19,3,5,0,0,0,0,0,0,0,4,1,6,6,2,36,7,1242,1,11,SUZUKI SWIFT,5,E01026481,0,-1
2023031367809,2023,031367809,2,9,0,18,19,2,6,0,0,0,1,0,0,0,4,1,5,6,2,44,7,1242,8,3,SUZUKI SWIFT,2,E01019108,0,-1
2023010434863,2023,010434863,3,9,0,2,2,0,0,0,0,0,0,0,0,0,3,1,6,6,3,-1,-1,1242,1,9,SUZUKI SWIFT,-1,-1,0,-1
2023131316033,2023,131316033,1,9,0,9,9,3,1,0,0,5,0,0,0,0,1,1,6,6,2,25,5,1328,1,17,SUZUKI SWIFT,1,E01033013,0,-1
2023201320149,2023,201320149,2,9,0,18,19,4,8,0,0,4,0,0,0,0,1,1,6,6,1,27,6,1197,8,2,SUZUKI SWIFT,1,E01008898,0,-1
2023320533286,2023,320533286,3,9,0,18,19,3,7,0,0,1,0,0,0,0,1,1,6,6,1,30,6,1586,1,11,SUZUKI SWIFT,4,E01019574,0,-1
2023991340400,2023,991340400,1,9,0,18,19,3,7,0,0,0,0,0,0,0,1,1,5,6,1,22,5,1373,1,4,SUZUKI SWIFT,1,-1,0,-1
2023440220286,2023,440220286,1,9,0,13,13,5,1,0,0,0,1,0,7,4,1,1,6,6,1,22,5,1242,1,11,SUZUKI SWIFT,9,E01022998,0,-1