collision_index,collision_year,collision_ref_no,vehicle_reference,vehicle_type,towing_and_articulation,vehicle_manoeuvre_historic,vehicle_manoeuvre,vehicle_direction_from,vehicle_direction_to,vehicle_location_restricted_lane_historic,vehicle_location_restricted_lane,junction_location,skidding_and_overturning,hit_object_in_carriageway,vehicle_leaving_carriageway,hit_object_off_carriageway,first_point_of_impact,vehicle_left_hand_drive,journey_purpose_of_driver_historic,journey_purpose_of_driver,sex_of_driver,age_of_driver,age_band_of_driver,engine_capacity_cc,propulsion_code,age_of_vehicle,generic_make_model,driver_imd_decile,lsoa_of_driver,escooter_flag,driver_distance_banding
2023311387313,2023,311387313,1,9,0,9,9,5,3,0,0,1,0,0,0,0,1,1,6,6,1,38,7,1590,1,19,HONDA CIVIC,3,E01028062,0,-1
2023461285993,2023,461285993,1,9,0,18,19,8,4,0,0,0,1,0,0,0,1,1,5,6,1,24,5,988,1,6,HONDA CIVIC,5,E01024774,0,-1
2023170L30173,2023,170L30173,1,9,0,18,19,8,4,0,0,2,0,0,0,0,1,1,6,6,1,33,6,1799,1,16,HONDA CIVIC,1,E01012131,0,-1
2023501318763,2023,501318763,2,9,0,3,3,6,8,0,0,0,0,0,0,0,4,2,6,6,1,41,7,2204,2,14,HONDA CIVIC,3,E01029038,0,-1
2023991320907,2023,991320907,3,9,0,2,2,0,0,0,0,0,0,0,0,0,1,1,6,6,3,-1,-1,2204,2,16,HONDA CIVIC,-1,-1,0,-1
2023991320907,2023,991320907,4,9,0,2,2,0,0,0,0,0,0,0,0,0,1,1,6,6,3,-1,-1,2204,2,16,HONDA CIVIC,-1,-1,0,-1
2023201302880,2023,201302880,1,9,0,9,9,2,8,0,0,5,0,0,0,0,1,1,6,6,1,29,6,1590,1,19,HONDA CIVIC,9,E01032335,0,-1
2023010485379,2023,010485379,1,9,0,9,9,4,2,0,0,5,0,0,0,0,4,1,6,6,2,41,7,1339,1,7,HONDA CIVIC,4,E01001736,0,-1
2023010473662,2023,010473662,1,9,0,99,99,9,9,99,99,9,9,99,9,99,9,9,6,6,3,-1,-1,1799,1,16,HONDA CIVIC,-1,-1,0,-1
2023451281827,2023,451281827,1,9,0,18,19,1,5,0,0,0,0,0,0,0,1,1,2,2,2,48,8,1798,1,10,HONDA CIVIC,9,E01023130,0,-1
2023131300424,2023,131300424,1,9,0,9,9,2,4,0,0,8,0,0,0,0,1,1,6,6,1,19,4,1998,1,13,HONDA CIVIC,3,E01011125,0,-1
2023061381086,2023,061381086,1,9,0,18,19,4,8,0,0,1,0,0,0,0,1,1,6,6,3,30,6,1590,1,20,HONDA CIVIC,-1,-1,0,-1
2023010470278,2023,010470278,2,9,0,99,99,9,9,99,99,6,9,99,9,99,9,9,6,6,1,44,7,1339,1,10,HONDA CIVIC,3,E01004202,0,-1
2023411323981,2023,411323981,1,9,0,18,19,5,1,0,0,0,0,0,0,0,2,1,5,6,1,38,7,1590,1,22,HONDA CIVIC,6,E01023927,0,-1
2023302300624,2023,302300624,1,9,0,18,19,6,2,0,0,0,0,0,1,1,1,1,6,6,1,23,5,1339,1,14,HONDA CIVIC,6,E01019545,0,-1
2023610028923,2023,610028923,2,9,0,4,4,1,5,0,0,0,0,0,0,0,2,1,1,1,2,68,10,1799,1,14,HONDA CIVIC,3,W01001485,0,-1
2023010462056,2023,010462056,1,9,0,99,99,9,9,99,99,9,9,99,9,99,2,9,6,6,1,31,6,1799,1,15,HONDA CIVIC,6,E01004109,0,-1
2023041373810,2023,041373810,1,9,0,9,9,7,5,0,0,2,0,0,0,0,1,1,5,6,1,83,11,988,1,3,HONDA CIVIC,7,E01025078,0,-1
2023201413924,2023,201413924,2,9,0,18,19,2,6,0,0,0,0,0,0,0,1,1,6,6,1,27,6,1799,1,16,HONDA CIVIC,1,E01027249,0,-1
2023031313386,2023,031313386,1,9,0,1,1,8,6,0,0,8,0,0,0,0,2,1,5,6,1,78,11,988,1,4,HONDA CIVIC,9,E01019195,0,-1
2023201385628,2023,201385628,2,9,0,5,5,3,7,0,0,6,0,0,0,0,1,1,6,6,1,54,8,1339,1,17,HONDA CIVIC,6,E01032591,0,-1
2023131290516,2023,131290516,2,9,0,18,19,5,1,0,0,1,0,0,0,0,1,1,2,2,1,47,8,2204,2,14,HONDA CIVIC,1,E01033003,0,-1
2023991279746,2023,991279746,2,9,0,18,19,1,5,0,0,1,0,0,0,0,1,1,5,6,1,41,7,1597,2,5,HONDA CIVIC,8,-1,0,-1
2023010441309,2023,010441309,1,9,0,18,19,1,5,0,0,2,0,0,0,0,1,1,2,2,2,51,8,1799,1,15,HONDA CIVIC,10,E01031966,0,-1
2023131275799,2023,131275799,1,9,0,18,19,2,4,0,0,0,0,0,0,0,1,1,2,2,2,41,7,1798,1,9,HONDA CIVIC,9,E01011151,0,-1
2023221273312,2023,221273312,1,9,0,9,9,7,4,0,0,6,0,0,0,0,3,1,5,6,1,78,11,1799,1,13,HONDA CIVIC,9,E01032451,0,-1
2023221379190,2023,221379190,1,9,0,18,19,4,8,0,0,0,0,0,0,0,1,1,5,6,1,48,8,1998,1,21,HONDA CIVIC,9,W01000203,0,-1
2023221371106,2023,221371106,1,9,0,16,19,1,4,0,0,0,0,10,1,5,1,1,5,6,1,21,5,1590,1,18,HONDA CIVIC,2,E01032224,0,-1
2023010451425,2023,010451425,1,9,0,10,10,5,4,0,0,5,0,0,0,0,0,1,6,6,1,28,6,988,1,6,HONDA CIVIC,4,E01004538,0,-1
2023302301270,2023,302301270,1,9,0,5,5,2,6,0,0,0,0,0,0,0,1,1,6,6,1,-1,-1,1498,1,3,HONDA CIVIC,9,E01013599,0,-1
2023201378382,2023,201378382,1,9,0,18,19,4,8,0,0,6,0,0,0,0,1,1,6,6,1,55,8,1597,2,9,HONDA CIVIC,4,E01010457,0,-1
2023451325059,2023,451325059,2,9,0,5,5,1,3,0,0,2,0,0,0,0,3,1,6,6,1,60,9,1339,1,12,HONDA CIVIC,-1,-1,0,-1
2023332300358,2023,332300358,1,9,0,18,19,1,5,0,0,4,0,0,0,0,4,1,6,6,1,-1,-1,988,1,2,HONDA CIVIC,-1,-1,0,-1
2023010432850,2023,010432850,1,9,0,99,99,9,9,99,99,9,9,99,9,99,2,9,6,6,2,42,7,1339,1,15,HONDA CIVIC,1,E01000521,0,-1
2023522301378,2023,522301378,2,9,0,18,19,6,2,0,0,8,0,0,0,0,1,1,6,6,1,78,11,1590,1,18,HONDA CIVIC,5,E01014861,0,-1
2023401276128,2023,401276128,2,9,0,18,19,5,1,0,0,0,0,0,0,0,2,1,6,6,1,37,7,1996,1,4,HONDA CIVIC,8,E01032969,0,-1
2023411265836,2023,411265836,2,9,0,18,19,5,1,0,0,0,0,0,0,0,2,1,5,6,1,23,5,1590,1,17,HONDA CIVIC,10,E01033114,0,-1
2023320726528,2023,320726528,1,9,0,18,19,6,2,0,0,1,0,0,0,0,1,1,6,6,2,23,5,1799,1,17,HONDA CIVIC,5,E01026264,0,-1
2023111321558,2023,111321558,2,9,0,18,19,3,7,0,0,1,0,0,0,0,3,1,5,6,1,60,9,1798,1,8,HONDA CIVIC,9,E01008716,0,-1
2023211389261,2023,211389261,1,9,0,18,19,6,2,0,0,0,0,0,0,0,1,1,5,6,1,55,8,2204,2,16,HONDA CIVIC,6,E01029778,0,-1
2023201288501,2023,201288501,2,9,0,4,4,8,4,0,0,0,0,0,0,0,2,1,6,6,1,35,6,1339,1,12,HONDA CIVIC,9,E01029718,0,-1
2023010461712,2023,010461712,1,9,9,99,99,9,9,99,99,9,9,99,9,99,9,9,6,6,3,-1,-1,1396,1,22,HONDA CIVIC,-1,-1,0,-1
2023211332800,2023,211332800,1,9,0,5,5,4,8,0,0,0,0,0,0,0,3,1,5,6,2,39,7,1498,1,6,HONDA CIVIC,5,E01010393,0,-1
2023131383076,2023,131383076,1,9,0,9,9,3,7,0,0,0,0,0,0,0,3,1,1,1,1,57,9,1798,7,9,HONDA CIVIC,4,E01010801,0,-1
2023041351316,2023,041351316,1,9,0,7,7,7,3,0,0,2,1,0,3,0,3,1,6,6,1,39,7,1998,1,16,HONDA CIVIC,2,E01012648,0,-1
2023141281386,2023,141281386,1,9,0,18,19,8,4,0,0,8,0,0,0,0,4,1,1,1,1,35,6,1799,1,17,HONDA CIVIC,5,E01007558,0,-1
2023440523641,2023,440523641,2,9,0,3,3,1,5,0,0,1,0,0,0,0,2,1,6,6,2,40,7,988,1,6,HONDA CIVIC,3,E01022904,0,-1
2023991323835,2023,991323835,2,9,0,10,10,7,5,0,0,1,0,0,0,0,2,1,5,6,1,55,8,2204,2,13,HONDA CIVIC,4,-1,0,-1
2023411356122,2023,411356122,2,9,0,18,19,4,8,0,0,0,0,0,0,0,2,1,5,6,1,26,6,1498,1,4,HONDA CIVIC,5,E01000606,0,-1
2023320669547,2023,320669547,2,9,0,3,3,2,6,0,0,1,0,0,0,0,2,1,6,6,2,55,8,1597,2,4,HONDA CIVIC,-1,-1,0,-1
2023631312008,2023,631312008,2,9,0,4,4,1,5,0,0,1,0,0,0,0,2,1,5,6,2,44,7,1998,1,15,HONDA CIVIC,8,W01000467,0,-1
2023991290642,2023,991290642,1,9,0,18,19,6,2,0,0,1,0,0,0,0,1,1,5,6,1,60,9,1597,2,10,HONDA CIVIC,1,-1,0,-1
2023010444084,2023,010444084,2,9,0,7,7,5,7,0,0,1,0,0,0,0,1,1,6,6,1,65,9,1590,1,21,HONDA CIVIC,8,E01003426,0,-1
2023411271756,2023,411271756,1,9,0,18,19,1,5,0,0,0,0,0,0,0,1,1,5,6,1,27,6,1799,1,16,HONDA CIVIC,5,E01023829,0,-1
2023041350968,2023,041350968,7,9,0,2,2,0,0,0,0,2,0,0,0,0,4,1,6,6,3,-1,-1,1597,2,7,HONDA CIVIC,-1,-1,0,-1
2023061366290,2023,061366290,1,9,0,18,19,1,1,0,0,0,0,0,0,0,1,1,6,6,1,30,6,1798,1,10,HONDA CIVIC,-1,-1,0,-1
2023161330295,2023,161330295,1,9,0,7,7,3,1,4,4,0,0,0,1,0,4,1,2,2,2,38,7,1798,1,7,HONDA CIVIC,1,E01012808,0,-1
2023010453234,2023,010453234,1,9,0,18,19,1,5,9,9,1,5,0,1,2,1,1,2,2,2,52,8,1396,1,18,HONDA CIVIC,8,E01002216,0,-1
2023041345090,2023,041345090,1,9,0,6,6,6,2,0,0,0,0,0,0,0,3,1,1,1,1,63,9,988,1,6,HONDA CIVIC,8,E01007031,0,-1
2023461281179,2023,461281179,1,9,0,18,19,3,7,0,0,0,0,0,0,0,1,1,6,6,1,-1,-1,2204,2,15,HONDA CIVIC,5,E01013738,0,-1
2023471292852,2023,471292852,1,9,0,18,19,2,5,0,0,8,0,0,1,2,1,1,5,6,1,21,5,1799,1,14,HONDA CIVIC,5,E01024400,0,-1
2023052300980,2023,052300980,2,9,0,18,19,7,3,0,0,8,0,0,0,0,4,1,6,6,1,-1,-1,1597,2,10,HONDA CIVIC,7,E01012401,0,-1
2023401274683,2023,401274683,2,9,0,7,7,3,5,0,0,6,0,0,0,0,4,1,5,6,1,78,11,1590,1,20,HONDA CIVIC,8,E01017498,0,-1
2023440371264,2023,440371264,1,9,0,18,19,5,1,0,0,1,0,0,0,0,1,1,2,2,1,19,4,1339,1,17,HONDA CIVIC,10,E01030891,0,-1
2023531310924,2023,531310924,1,9,0,13,13,7,3,0,0,1,0,0,0,0,4,1,6,6,1,79,11,1799,1,16,HONDA CIVIC,8,E01022356,0,-1
2023622300658,2023,622300658,2,9,0,18,19,2,6,0,0,8,0,0,0,0,0,1,6,6,1,44,7,1799,1,17,HONDA CIVIC,3,W01001312,0,-1
2023411323930,2023,411323930,1,9,0,9,9,-1,-1,0,0,2,0,0,0,0,1,1,6,6,2,38,7,1590,1,21,HONDA CIVIC,4,E01015723,0,-1
2023991375773,2023,991375773,1,9,0,18,19,5,1,0,0,0,1,0,1,0,1,1,6,6,1,26,6,988,1,5,HONDA CIVIC,5,E01019167,0,-1
2023461372185,2023,461372185,1,9,0,18,19,2,6,0,0,0,0,0,0,0,1,1,5,6,1,35,6,1590,1,18,HONDA CIVIC,2,E01024633,0,-1
202354B509323,2023,54B509323,2,9,0,4,4,8,4,0,0,0,0,0,0,0,2,1,6,6,1,47,8,1597,2,6,HONDA CIVIC,9,E01015471,0,-1
2023010419803,2023,010419803,2,9,0,99,99,9,9,99,99,9,9,99,9,99,1,9,6,6,3,-1,-1,1590,1,19,HONDA CIVIC,-1,-1,0,-1
2023070997248,2023,070997248,1,9,0,15,15,1,5,0,0,0,0,0,0,0,1,1,6,6,2,83,11,1339,1,16,HONDA CIVIC,4,E01012521,0,-1
2023440178672,2023,440178672,8,9,0,18,19,1,5,0,0,0,0,0,0,0,2,1,6,6,1,27,6,2204,2,15,HONDA CIVIC,6,E01031538,0,-1
2023010465846,2023,010465846,1,9,0,4,4,3,7,0,0,3,0,0,0,0,1,1,2,2,1,62,9,1339,10,16,HONDA CIVIC,6,E01000161,0,-1
2023332300710,2023,332300710,3,9,0,18,19,4,8,0,0,0,0,0,1,9,3,1,6,6,1,29,6,1590,1,18,HONDA CIVIC,5,E01025875,0,-1
2023041331649,2023,041331649,1,9,0,18,19,6,2,0,0,0,1,0,0,0,1,1,6,6,1,38,7,1799,1,15,HONDA CIVIC,1,E01012603,0,-1
2023161387434,2023,161387434,1,9,0,9,9,2,8,9,9,5,0,0,0,0,1,1,5,6,2,42,7,1597,2,10,HONDA CIVIC,-1,-1,0,-1
2023211424070,2023,211424070,2,9,0,5,5,3,7,0,0,0,0,0,1,0,1,1,2,2,1,42,7,1799,1,13,HONDA CIVIC,5,E01029382,0,-1
2023010465758,2023,010465758,2,9,0,4,4,7,3,0,0,0,0,0,0,0,2,1,6,6,1,35,6,1339,1,12,HONDA CIVIC,5,E01002399,0,-1
2023440365813,2023,440365813,1,9,0,18,19,1,5,0,0,0,0,0,0,0,3,1,2,2,1,33,6,1799,1,17,HONDA CIVIC,10,E01023194,0,-1
2023061368038,2023,061368038,1,9,0,9,9,8,5,0,0,8,0,0,0,0,1,1,6,6,1,29,6,1339,8,14,HONDA CIVIC,2,-1,0,-1
2023361361357,2023,361361357,3,9,0,2,2,0,0,0,0,0,0,0,0,0,1,1,2,2,2,49,8,1597,2,8,HONDA CIVIC,6,E01026675,0,-1
2023411394297,2023,411394297,1,9,0,18,19,8,4,0,0,0,0,0,0,0,1,1,5,6,1,81,11,988,1,5,HONDA CIVIC,10,E01023410,0,-1
2023211338250,2023,211338250,2,9,0,18,19,7,3,0,0,0,0,0,0,0,1,1,2,2,2,34,6,2204,2,16,HONDA CIVIC,6,E01029389,0,-1
2023991307691,2023,991307691,1,9,0,18,19,3,7,0,0,0,0,0,0,0,4,1,5,6,2,18,4,1590,1,22,HONDA CIVIC,5,-1,0,-1
2023201278672,2023,201278672,2,9,0,18,19,3,1,0,0,8,0,0,0,0,4,1,6,6,1,50,8,1339,1,13,HONDA CIVIC,2,E01010411,0,-1
2023122300631,2023,122300631,2,9,0,4,4,3,7,0,0,0,0,0,0,0,2,1,6,6,1,56,9,1799,1,13,HONDA CIVIC,2,E01011268,0,-1
2023221358483,2023,221358483,1,9,0,1,1,8,4,0,0,0,0,4,1,1,2,1,5,6,2,90,11,1590,1,19,HONDA CIVIC,5,E01009159,0,-1
2023440344672,2023,440344672,1,9,0,18,19,3,7,0,0,1,0,0,0,0,1,1,6,6,1,82,11,1396,1,21,HONDA CIVIC,5,E01017353,0,-1
2023320113100,2023,320113100,1,9,0,18,19,8,4,0,0,0,0,0,0,0,3,1,6,6,1,43,7,2204,2,15,HONDA CIVIC,2,E01026378,0,-1
2023041304590,2023,041304590,1,9,0,9,9,1,2,0,0,5,0,0,0,0,2,1,5,6,1,26,6,1590,1,18,HONDA CIVIC,3,E01010986,0,-1
2023052302887,2023,052302887,1,9,0,7,7,4,5,0,0,2,0,0,0,0,1,1,6,6,1,55,8,1339,1,9,HONDA CIVIC,9,E01004897,0,-1
2023201421347,2023,201421347,1,9,0,18,19,5,1,0,0,0,0,0,0,0,1,1,6,6,1,27,6,1339,1,16,HONDA CIVIC,2,E01009609,0,-1
2023440182069,2023,440182069,1,9,0,6,6,2,2,0,0,1,0,0,0,0,1,1,6,6,2,82,11,1799,1,15,HONDA CIVIC,9,E01023147,0,-1
2023010455335,2023,010455335,2,9,0,9,9,7,5,0,0,1,0,0,4,0,4,1,6,6,1,67,10,1339,1,14,HONDA CIVIC,5,E01000467,0,-1
2023101371512,2023,101371512,1,9,0,18,19,6,2,0,0,1,0,0,0,0,1,1,6,6,2,57,9,1597,2,6,HONDA CIVIC,2,E01033716,0,-1
2023531358722,2023,531358722,1,9,0,18,19,3,7,0,0,0,0,0,0,0,1,1,5,6,1,46,8,1590,1,19,HONDA CIVIC,6,E01022400,0,-1
2023332300481,2023,332300481,1,9,0,4,4,4,8,0,0,0,0,0,0,0,2,1,6,6,2,36,7,1799,1,17,HONDA CIVIC,8,E01025812,0,-1
2023552301503,2023,552301503,1,9,0,1,1,5,4,0,0,6,0,0,0,0,2,1,6,6,1,17,4,1799,1,15,HONDA CIVIC,2,E01015341,0,-1
2023201366722,2023,201366722,2,9,0,17,19,4,2,0,0,0,0,0,0,0,1,1,1,1,1,24,5,1590,1,20,HONDA CIVIC,6,E01010380,0,-1
2023411281400,2023,411281400,1,9,0,18,19,8,4,0,0,1,0,0,0,0,1,1,5,6,2,33,6,1799,1,13,HONDA CIVIC,7,E01023484,0,-1
2023622300743,2023,622300743,1,9,0,18,19,1,5,0,0,1,0,0,0,0,1,1,6,6,3,-1,-1,1339,1,14,HONDA CIVIC,-1,-1,0,-1
2023010426990,2023,010426990,1,9,0,9,9,3,1,0,0,8,0,0,0,0,2,1,3,7,1,41,7,1799,1,13,HONDA CIVIC,10,E01002191,0,-1
2023461284031,2023,461284031,1,9,0,18,19,4,7,0,0,0,0,0,0,0,1,1,6,6,1,23,5,1339,8,15,HONDA CIVIC,10,E01024471,0,-1
2023131327681,2023,131327681,1,9,0,17,19,5,1,0,0,0,5,0,7,0,1,1,2,2,1,33,6,1996,1,4,HONDA CIVIC,10,E01011382,0,-1
2023201330112,2023,201330112,1,9,0,7,7,6,1,0,0,6,0,10,1,10,3,1,6,6,1,26,6,1339,1,15,HONDA CIVIC,1,E01009325,0,-1
2023141379115,2023,141379115,1,9,0,11,11,6,2,0,0,0,1,0,0,0,4,1,5,6,1,18,4,1396,1,23,HONDA CIVIC,5,E01007361,0,-1
2023052301500,2023,052301500,1,9,0,7,7,4,8,0,0,8,0,0,3,10,1,1,6,6,1,46,8,2204,2,14,HONDA CIVIC,1,E01006968,0,-1
2023361402511,2023,361402511,2,9,0,18,19,1,5,0,0,8,0,0,0,0,1,1,5,6,1,73,10,1597,2,8,HONDA CIVIC,7,E01026427,0,-1
2023101307949,2023,101307949,2,9,-1,18,19,4,8,0,0,1,0,0,0,0,1,1,6,6,1,78,11,1799,1,15,HONDA CIVIC,2,E01027546,0,-1
2023010442773,2023,010442773,2,9,0,99,99,9,9,99,99,9,9,99,9,99,9,9,6,6,3,-1,-1,1339,8,16,HONDA CIVIC,-1,-1,0,-1
2023361299496,2023,361299496,1,9,0,18,19,7,3,0,0,0,0,0,0,0,1,1,6,6,3,-1,-1,1799,1,17,HONDA CIVIC,-1,-1,0,-1
2023302300847,2023,302300847,2,9,0,16,19,8,4,0,0,0,0,0,0,0,1,1,6,6,1,30,6,1339,1,12,HONDA CIVIC,7,-1,0,-1
2023471360438,2023,471360438,1,9,0,18,19,1,5,0,0,1,0,0,0,0,4,1,2,2,1,37,7,1998,1,16,HONDA CIVIC,3,E01031409,0,-1
2023401313385,2023,401313385,1,9,0,9,9,4,2,0,0,0,0,0,0,0,1,1,6,6,2,26,6,1590,1,18,HONDA CIVIC,-1,-1,0,-1
2023201386898,2023,201386898,1,9,0,3,3,1,5,0,0,1,0,0,0,0,2,1,6,6,1,39,7,1799,1,16,HONDA CIVIC,1,E01009000,0,-1
2023371345330,2023,371345330,1,9,0,1,1,-1,-1,0,0,1,0,0,0,0,2,1,6,6,3,-1,-1,1998,1,18,HONDA CIVIC,-1,-1,0,-1
2023041391189,2023,041391189,1,9,0,18,19,7,1,0,0,4,0,11,0,0,1,1,6,6,1,44,7,1597,2,10,HONDA CIVIC,3,E01025442,0,-1
2023361314739,2023,361314739,2,9,0,2,2,0,0,0,0,0,0,0,0,0,2,1,5,6,1,70,10,1798,1,11,HONDA CIVIC,9,E01021335,0,-1
2023141267072,2023,141267072,1,9,0,18,19,6,2,0,0,0,0,0,0,0,1,1,5,6,2,88,11,1590,1,21,HONDA CIVIC,10,E01019794,0,-1
2023401346826,2023,401346826,2,9,0,18,19,1,8,0,0,0,0,0,0,0,2,1,6,6,1,29,6,1799,1,12,HONDA CIVIC,1,E01000528,0,-1
2023131373561,2023,131373561,1,9,0,18,19,5,1,0,0,6,0,0,0,0,2,1,6,6,1,75,10,1799,1,13,HONDA CIVIC,8,E01011694,0,-1
2023010435459,2023,010435459,1,9,9,99,99,9,9,99,99,0,9,99,9,99,9,9,6,6,3,51,8,1996,1,0,HONDA CIVIC,4,E01003056,0,-1
2023201374857,2023,201374857,2,9,0,5,5,6,2,0,0,0,0,0,0,0,1,1,6,6,1,30,6,1333,1,14,HONDA CIVIC,2,E01009121,0,-1
2023071106001,2023,071106001,1,9,0,9,9,7,2,0,0,6,0,0,0,0,3,1,6,6,1,54,8,1396,1,22,HONDA CIVIC,3,E01018534,0,-1
2023451339611,2023,451339611,1,9,0,16,19,3,7,0,0,0,1,0,0,0,1,1,2,2,1,32,6,2204,2,16,HONDA CIVIC,7,E01030577,0,-1
2023010438674,2023,010438674,2,9,0,18,19,7,3,0,0,8,0,0,0,0,1,1,6,6,2,45,7,1590,1,21,HONDA CIVIC,1,E01002038,0,-1
2023010444670,2023,010444670,1,9,0,99,99,9,9,99,99,9,9,99,9,99,2,9,6,6,2,40,7,1590,1,21,HONDA CIVIC,3,E01030400,0,-1
2023061386553,2023,061386553,1,8,-1,-1,-1,-1,-1,-1,-1,-1,-1,-1,-1,0,-1,1,1,1,1,-1,-1,1597,2,8,-1,-1,-1,0,-1
2023201266898,2023,201266898,3,9,0,4,4,8,4,0,0,0,1,0,0,0,4,1,6,6,2,49,8,1799,1,15,HONDA CIVIC,2,E01032538,0,-1
2023131331673,2023,131331673,4,9,0,2,2,0,0,9,9,8,0,0,0,0,4,1,6,6,3,-1,-1,1339,1,13,HONDA CIVIC,-1,-1,0,-1
2023010473293,2023,010473293,2,9,0,4,4,3,7,0,0,1,0,0,0,0,2,1,2,2,2,54,8,1339,1,13,HONDA CIVIC,8,E01004193,0,-1
2023010445694,2023,010445694,1,9,0,18,19,3,7,0,0,8,0,0,0,0,4,1,6,6,1,32,6,988,1,5,HONDA CIVIC,3,E01003154,0,-1
2023010458187,2023,010458187,1,9,0,9,9,7,4,0,0,6,1,0,0,0,1,1,6,6,1,29,6,1799,1,16,HONDA CIVIC,1,E01003291,0,-1
202360A131422,2023,60A131422,3,9,0,4,4,6,2,0,0,0,0,0,0,0,2,1,6,6,1,49,8,2199,2,11,HONDA CIVIC,-1,-1,0,-1
2023131301246,2023,131301246,1,9,0,18,19,7,3,0,0,8,0,0,0,0,3,1,6,6,3,-1,-1,1799,1,17,HONDA CIVIC,-1,-1,0,-1
2023320055485,2023,320055485,2,9,0,18,19,8,4,0,0,0,0,0,0,0,3,1,6,6,2,43,7,1799,1,13,HONDA CIVIC,7,E01026029,0,-1
2023010455230,2023,010455230,1,9,0,18,19,1,5,0,0,0,0,0,0,0,1,1,2,2,2,57,9,1590,1,20,HONDA CIVIC,3,E01001154,0,-1
2023010428831,2023,010428831,1,9,3,5,5,1,5,0,0,8,0,0,0,0,3,1,6,6,2,29,6,1590,1,20,HONDA CIVIC,2,E01001339,0,-1
2023111307813,2023,111307813,3,9,0,18,19,5,1,0,0,1,0,0,0,0,2,1,6,6,3,30,6,1339,1,16,HONDA CIVIC,-1,-1,0,-1
2023451364280,2023,451364280,1,9,0,4,4,7,3,0,0,5,1,0,0,0,1,1,2,2,2,43,7,1799,1,16,HONDA CIVIC,5,E01030481,0,-1
2023531322050,2023,531322050,2,9,0,18,19,7,3,0,0,8,0,0,0,0,1,1,5,6,1,26,6,1339,1,13,HONDA CIVIC,4,E01022192,0,-1
2023010449827,2023,010449827,2,9,9,99,99,9,9,99,99,9,9,99,9,99,9,9,6,6,3,-1,-1,1339,1,12,HONDA CIVIC,-1,-1,0,-1
2023622300342,2023,622300342,1,9,0,18,19,4,8,0,0,0,0,0,0,0,1,1,2,2,2,22,5,1799,1,16,HONDA CIVIC,6,W01001184,0,-1
2023451389882,2023,451389882,1,9,0,4,4,6,2,0,0,0,5,0,0,0,1,1,5,6,1,71,10,1798,1,8,HONDA CIVIC,5,E01020147,0,-1
2023131392557,2023,131392557,1,9,0,9,9,3,1,0,0,0,0,0,0,0,1,1,6,6,1,40,7,1799,1,15,HONDA CIVIC,1,E01011906,0,-1
2023131325382,2023,131325382,2,9,0,4,4,7,3,0,0,0,1,0,5,0,2,1,5,6,1,86,11,1799,1,13,HONDA CIVIC,2,E01011237,0,-1
2023010449854,2023,010449854,2,9,0,99,99,9,9,99,99,9,9,99,9,99,1,9,6,6,3,-1,-1,1597,2,7,HONDA CIVIC,-1,-1,0,-1
2023010437478,2023,010437478,1,9,0,99,99,9,9,99,99,9,9,99,9,99,9,9,6,6,1,32,6,1798,1,7,HONDA CIVIC,5,E01003741,0,-1
2023361306785,2023,361306785,3,9,0,2,2,0,0,0,0,0,0,0,0,0,1,1,6,6,2,38,7,1498,1,6,HONDA CIVIC,2,E01026820,0,-1
2023991287599,2023,991287599,1,9,0,18,19,6,3,0,0,1,0,0,2,0,2,1,5,6,1,22,5,1998,1,19,HONDA CIVIC,10,-1,0,-1
2023201299200,2023,201299200,2,9,0,18,19,6,2,0,0,8,0,0,0,0,1,1,5,6,1,33,6,1590,1,18,HONDA CIVIC,2,E01009991,0,-1
2023201396860,2023,201396860,2,9,0,2,2,0,0,0,0,0,0,0,0,0,2,1,6,6,1,34,6,1799,1,13,HONDA CIVIC,4,E01009970,0,-1
2023451377689,2023,451377689,2,9,0,18,19,7,3,0,0,0,0,0,0,0,2,1,6,6,2,45,7,1597,2,10,HONDA CIVIC,4,E01022527,0,-1
2023041267261,2023,041267261,1,9,0,9,9,7,3,0,0,5,0,0,0,0,1,1,6,6,1,27,6,1590,1,18,HONDA CIVIC,2,E01012589,0,-1
2023061375537,2023,061375537,1,9,0,18,19,7,3,0,0,1,0,0,1,10,1,1,6,6,1,18,4,1396,1,18,HONDA CIVIC,-1,-1,0,-1
2023440440076,2023,440440076,1,9,0,18,19,2,6,0,0,0,0,0,0,0,1,1,6,6,2,44,7,1339,1,15,HONDA CIVIC,1,E01017037,0,-1
2023351379816,2023,351379816,2,9,0,18,19,7,3,0,0,1,0,1,0,0,1,1,5,6,2,29,6,1339,1,13,HONDA CIVIC,7,E01029937,0,-1
2023041346990,2023,041346990,2,9,0,18,19,1,5,0,0,3,0,0,0,0,0,1,5,6,1,44,7,1799,1,13,HONDA CIVIC,4,E01012693,0,-1
2023201365641,2023,201365641,1,9,0,18,19,2,6,0,0,1,0,0,0,0,1,1,5,6,1,80,11,1590,1,19,HONDA CIVIC,4,E01009241,0,-1
2023501380632,2023,501380632,1,9,0,16,19,2,6,0,0,0,1,0,5,6,1,1,1,1,1,57,9,1493,1,26,HONDA CIVIC,7,E01029270,0,-1
2023451377304,2023,451377304,3,9,0,18,19,4,8,0,0,0,0,0,0,0,4,1,6,6,2,81,11,1590,1,19,HONDA CIVIC,10,E01030922,0,-1