collision_index,collision_year,collision_ref_no,vehicle_reference,vehicle_type,towing_and_articulation,vehicle_manoeuvre_historic,vehicle_manoeuvre,vehicle_direction_from,vehicle_direction_to,vehicle_location_restricted_lane_historic,vehicle_location_restricted_lane,junction_location,skidding_and_overturning,hit_object_in_carriageway,vehicle_leaving_carriageway,hit_object_off_carriageway,first_point_of_impact,vehicle_left_hand_drive,journey_purpose_of_driver_historic,journey_purpose_of_driver,sex_of_driver,age_of_driver,age_band_of_driver,engine_capacity_cc,propulsion_code,age_of_vehicle,generic_make_model,driver_imd_decile,lsoa_of_driver,escooter_flag,driver_distance_banding
2023361321645,2023,361321645,1,9,0,5,5,7,3,0,0,6,0,0,0,0,1,1,5,6,1,21,5,2204,2,14,HONDA CIVIC,4,E01026898,0,-1
2023070509893,2023,070509893,1,9,0,18,19,7,3,0,0,0,0,0,0,0,0,1,6,6,1,-1,-1,2204,2,16,HONDA CIVIC,-1,-1,0,-1
2023552301159,2023,552301159,2,9,0,4,4,3,7,0,0,0,0,0,0,0,2,1,6,6,1,57,9,1597,2,9,HONDA CIVIC,6,E01020063,0,-1
2023461316815,2023,461316815,2,9,0,18,19,7,3,0,0,8,0,4,0,0,3,1,5,6,1,23,5,1396,1,22,HONDA CIVIC,3,E01016146,0,-1
2023522300529,2023,522300529,1,9,0,18,19,7,3,0,0,0,0,0,0,0,3,1,6,6,2,39,7,1498,1,6,HONDA CIVIC,7,E01014847,0,-1
2023111298707,2023,111298707,3,9,0,18,19,1,5,0,0,0,0,0,0,0,0,1,5,6,1,18,4,1998,1,16,HONDA CIVIC,5,E01012343,0,-1
2023501263628,2023,501263628,1,9,0,18,19,3,7,0,0,0,5,0,2,10,1,1,2,2,1,35,6,1799,1,15,HONDA CIVIC,8,E01020061,0,-1
2023411307922,2023,411307922,1,9,0,18,19,1,5,0,0,0,1,0,1,4,1,1,5,6,1,33,6,1799,1,17,HONDA CIVIC,3,E01000441,0,-1
2023141379220,2023,141379220,1,9,0,11,11,5,1,0,0,0,0,0,0,0,2,1,5,6,1,59,9,1339,1,14,HONDA CIVIC,1,E01007372,0,-1
2023061349550,2023,061349550,2,9,0,2,2,0,0,0,0,2,0,0,0,0,3,1,5,6,2,49,8,1339,8,16,HONDA CIVIC,-1,-1,0,-1
2023430098382,2023,430098382,1,9,0,9,9,8,6,0,0,8,0,0,0,0,3,1,6,6,1,36,7,1339,1,10,HONDA CIVIC,7,E01027146,0,-1
2023010479246,2023,010479246,2,9,0,99,99,9,9,99,99,9,9,99,9,99,9,9,6,6,3,-1,-1,1396,1,21,HONDA CIVIC,-1,-1,0,-1
2023622300308,2023,622300308,2,9,0,18,19,2,6,0,0,0,0,0,0,0,2,1,6,6,2,42,7,1590,1,18,HONDA CIVIC,1,W01001811,0,-1
2023411301914,2023,411301914,1,9,0,16,19,1,5,0,0,0,1,11,7,0,1,1,6,6,3,-1,-1,1339,1,10,HONDA CIVIC,-1,-1,0,-1
2023061351798,2023,061351798,1,9,0,7,7,5,8,0,0,2,0,10,0,0,4,1,1,1,1,39,7,1339,1,15,HONDA CIVIC,3,E01005435,0,-1
202360A135998,2023,60A135998,1,9,0,18,19,8,4,0,0,0,0,0,0,0,1,1,6,6,2,55,8,1799,1,12,HONDA CIVIC,-1,-1,0,-1
2023421391541,2023,421391541,2,9,0,1,1,1,6,0,0,0,0,0,0,0,3,1,2,2,1,33,6,1998,1,15,HONDA CIVIC,-1,-1,0,-1
2023421258845,2023,421258845,1,9,0,18,19,3,7,0,0,0,0,0,1,0,1,1,6,6,1,-1,-1,1998,1,19,HONDA CIVIC,9,E01021710,0,-1
2023010431722,2023,010431722,1,9,0,18,19,5,1,0,0,1,5,7,0,0,1,1,6,6,1,21,5,1799,1,15,HONDA CIVIC,2,E01000065,0,-1
2023361372457,2023,361372457,1,9,0,18,19,6,2,0,0,4,0,0,0,0,3,1,6,6,1,61,9,1339,1,13,HONDA CIVIC,4,E01026750,0,-1
2023461270687,2023,461270687,1,9,0,18,19,7,3,0,0,1,0,0,0,0,1,1,6,6,1,-1,-1,1597,2,8,HONDA CIVIC,10,E01024327,0,-1
2023131276281,2023,131276281,1,9,0,7,7,1,5,0,0,6,0,0,0,0,1,2,5,6,1,17,4,1339,1,16,HONDA CIVIC,1,E01011358,0,-1
2023010430169,2023,010430169,1,9,0,18,19,7,3,0,0,4,2,10,3,0,1,1,6,6,1,35,6,1998,1,20,HONDA CIVIC,-1,-1,0,-1
2023522300063,2023,522300063,1,9,0,18,19,3,7,0,0,0,0,0,0,0,1,1,6,6,1,31,6,1590,1,19,HONDA CIVIC,9,E01014758,0,-1
2023520301072,2023,520301072,1,9,0,2,2,0,0,0,0,8,0,0,0,0,1,1,6,6,1,53,8,1498,1,2,HONDA CIVIC,9,E01029252,0,-1
2023622300314,2023,622300314,2,9,0,10,10,4,8,0,0,1,0,0,0,0,3,1,6,6,1,38,7,2204,2,14,HONDA CIVIC,2,W01001768,0,-1
2023010457643,2023,010457643,2,9,0,99,99,9,9,99,99,9,9,99,9,99,1,9,6,6,1,64,9,1339,8,14,HONDA CIVIC,8,E01002981,0,-1
2023161266891,2023,161266891,2,9,0,18,19,8,4,0,0,0,0,4,0,0,1,1,6,6,2,33,6,1498,1,6,HONDA CIVIC,8,E01012977,0,-1
2023041384507,2023,041384507,1,9,0,18,19,1,5,0,0,1,0,0,0,0,4,1,6,6,1,30,6,1339,1,14,HONDA CIVIC,-1,-1,0,-1
2023070050393,2023,070050393,1,9,0,9,9,1,7,0,0,1,0,0,0,0,0,1,6,6,1,41,7,1339,1,16,HONDA CIVIC,10,E01018490,0,-1
2023122300127,2023,122300127,1,9,0,16,19,5,1,0,0,0,1,0,0,0,4,1,6,6,1,21,5,1998,1,19,HONDA CIVIC,5,E01027763,0,-1
2023302300235,2023,302300235,1,9,0,13,13,6,4,0,0,0,0,0,0,0,1,1,2,2,1,50,8,1597,2,8,HONDA CIVIC,7,E01019765,0,-1
2023010431505,2023,010431505,1,9,0,99,99,9,9,99,99,9,9,99,9,99,9,9,6,6,1,53,8,1339,8,15,HONDA CIVIC,2,E01004023,0,-1
2023520400171,2023,520400171,1,9,0,18,19,8,4,0,0,8,0,0,0,0,4,1,6,6,1,27,6,1998,1,16,HONDA CIVIC,1,E01029046,0,-1
2023430162537,2023,430162537,2,9,0,9,9,4,2,0,0,6,0,0,0,0,4,1,6,6,1,-1,-1,1799,1,16,HONDA CIVIC,3,E01016486,0,-1
2023430092500,2023,430092500,2,9,0,18,19,4,8,0,0,0,0,0,0,0,1,1,6,6,1,66,10,2199,2,11,HONDA CIVIC,10,E01028609,0,-1
2023461356773,2023,461356773,4,9,0,2,2,0,0,0,0,0,0,0,0,0,1,1,6,6,1,-1,-1,1339,1,17,HONDA CIVIC,2,E01024247,0,-1
2023501273488,2023,501273488,1,9,0,18,19,3,5,0,0,0,0,0,0,0,4,1,5,6,1,49,8,1799,1,17,HONDA CIVIC,7,E01020105,0,-1
2023522301519,2023,522301519,1,9,0,18,19,5,2,0,0,8,0,0,0,0,1,1,6,6,2,50,8,2204,2,14,HONDA CIVIC,8,E01014854,0,-1
2023991262357,2023,991262357,1,9,0,18,19,1,5,0,0,8,0,0,0,0,1,1,1,1,1,61,9,1799,1,16,HONDA CIVIC,1,-1,0,-1
2023991340086,2023,991340086,2,9,0,17,19,4,1,0,0,0,0,0,0,0,1,1,5,6,2,62,9,1597,2,10,HONDA CIVIC,5,-1,0,-1
2023010462886,2023,010462886,1,9,0,7,7,2,5,0,0,6,0,0,0,0,1,1,6,6,3,-1,-1,1339,1,11,HONDA CIVIC,-1,-1,0,-1
2023221325734,2023,221325734,1,9,0,17,19,1,6,0,0,8,0,0,1,1,1,1,5,6,1,20,4,1590,1,18,HONDA CIVIC,9,E01014039,0,-1
2023440188042,2023,440188042,1,9,0,18,19,2,6,0,0,1,0,0,0,0,4,1,6,6,1,60,9,1799,1,14,HONDA CIVIC,9,E01032877,0,-1
2023340WN2772,2023,340WN2772,2,9,0,18,19,6,2,0,0,8,0,0,0,1,1,1,1,1,2,22,5,1799,1,16,HONDA CIVIC,2,E01027151,0,-1
2023991368528,2023,991368528,1,9,0,18,19,3,7,0,0,1,0,0,0,0,1,1,6,6,2,64,9,1998,1,16,HONDA CIVIC,-1,-1,0,-1
2023010420438,2023,010420438,1,9,0,99,99,9,9,99,99,9,9,99,9,99,1,9,6,6,2,59,9,1798,1,9,HONDA CIVIC,5,E01001344,0,-1
2023991343600,2023,991343600,2,9,0,18,19,5,1,0,0,1,0,0,0,0,2,1,6,6,1,35,6,988,1,4,HONDA CIVIC,6,-1,0,-1
2023201286891,2023,201286891,2,9,0,1,1,3,1,0,0,6,0,0,0,0,4,1,6,6,1,40,7,1799,1,14,HONDA CIVIC,2,E01009487,0,-1
2023430212689,2023,430212689,2,9,0,4,4,1,5,0,0,0,0,0,0,0,2,1,2,2,2,52,8,1590,1,18,HONDA CIVIC,10,E01028707,0,-1
2023991390218,2023,991390218,1,9,0,18,19,2,6,0,0,0,0,0,0,0,4,1,5,6,1,50,8,1799,1,15,HONDA CIVIC,2,-1,0,-1
2023061299188,2023,061299188,2,9,0,-1,-1,-1,-1,-1,-1,-1,-1,-1,-1,0,-1,1,2,2,1,28,6,988,1,2,HONDA CIVIC,1,E01005599,0,-1
2023041374321,2023,041374321,1,9,0,18,19,5,5,0,0,0,0,0,0,0,1,1,6,6,1,48,8,1998,1,15,HONDA CIVIC,1,E01012686,0,-1
2023451354595,2023,451354595,2,9,0,18,19,3,7,0,0,8,0,0,0,0,4,1,5,6,1,18,4,1590,1,21,HONDA CIVIC,10,E01030790,0,-1
2023010425140,2023,010425140,1,9,0,18,19,5,1,0,0,6,0,0,1,1,1,1,6,6,1,84,11,1996,1,5,HONDA CIVIC,6,E01002676,0,-1
2023430369982,2023,430369982,2,9,0,4,4,5,1,0,0,0,0,0,0,0,2,1,6,6,1,37,7,1597,2,8,HONDA CIVIC,5,E01019837,0,-1
2023991262581,2023,991262581,2,9,0,18,19,6,3,0,0,3,0,0,0,0,4,1,5,6,2,39,7,1799,1,15,HONDA CIVIC,-1,-1,0,-1
2023010453818,2023,010453818,2,9,0,4,4,1,5,0,0,0,1,0,0,0,3,1,6,6,2,44,7,1799,1,17,HONDA CIVIC,3,E01001229,0,-1
2023451384496,2023,451384496,2,9,0,4,4,1,5,0,0,0,0,0,0,0,1,1,6,6,2,63,9,1339,1,7,HONDA CIVIC,-1,-1,0,-1
2023471381346,2023,471381346,2,9,0,4,4,7,3,0,0,0,0,0,0,0,2,1,5,6,1,57,9,1799,1,14,HONDA CIVIC,1,E01022967,0,-1
2023371340439,2023,371340439,1,9,0,5,5,5,7,0,0,0,0,0,0,0,1,1,5,6,1,27,6,2204,2,13,HONDA CIVIC,2,E01033122,0,-1
2023201416191,2023,201416191,1,9,0,18,19,8,4,0,0,8,0,0,0,0,1,1,6,6,1,30,6,2204,2,16,HONDA CIVIC,3,E01009178,0,-1
202360A032782,2023,60A032782,3,9,0,18,19,6,2,0,0,0,0,1,0,0,1,1,6,6,1,81,11,988,1,4,HONDA CIVIC,-1,-1,0,-1
2023451300681,2023,451300681,1,9,0,18,19,1,3,0,0,0,0,0,0,0,0,1,6,6,3,30,6,1339,8,16,HONDA CIVIC,-1,-1,0,-1
2023411390561,2023,411390561,2,9,0,7,7,6,8,0,0,4,0,0,0,0,1,1,5,6,1,56,9,1339,1,12,HONDA CIVIC,6,E01023929,0,-1
202354B663723,2023,54B663723,1,9,0,18,19,5,1,0,0,1,0,0,0,0,1,1,6,6,2,37,7,1799,1,12,HONDA CIVIC,10,E01031903,0,-1
2023010429573,2023,010429573,2,9,0,18,19,1,5,0,0,8,0,0,0,0,4,1,6,6,1,29,6,1339,8,16,HONDA CIVIC,3,E01002064,0,-1
2023371356327,2023,371356327,1,9,0,18,19,1,5,0,0,1,0,0,0,0,1,1,5,6,1,86,11,1798,1,10,HONDA CIVIC,7,E01030171,0,-1
2023111320292,2023,111320292,2,9,0,13,13,1,5,0,0,0,1,10,7,0,4,1,5,6,1,22,5,1799,1,15,HONDA CIVIC,2,E01020648,0,-1
2023141371837,2023,141371837,2,9,0,18,19,5,1,0,0,8,0,0,0,0,4,1,5,6,1,19,4,1590,1,21,HONDA CIVIC,1,E01007734,0,-1
2023131378672,2023,131378672,1,9,0,18,19,8,4,0,0,0,0,0,0,0,4,1,1,1,1,53,8,1339,1,14,HONDA CIVIC,1,E01011338,0,-1
2023010456806,2023,010456806,1,9,0,9,9,3,8,4,4,1,0,0,0,0,3,1,6,6,1,52,8,1339,8,14,HONDA CIVIC,2,E01001734,0,-1
2023430164048,2023,430164048,2,9,0,18,19,8,4,0,0,0,0,0,0,0,3,1,2,2,1,31,6,1799,1,16,HONDA CIVIC,8,E01028472,0,-1
2023371309947,2023,371309947,1,9,0,5,5,2,6,0,0,4,0,0,0,0,1,1,5,6,1,39,7,1799,1,17,HONDA CIVIC,7,E01030207,0,-1
2023351349554,2023,351349554,2,9,0,5,5,2,4,0,0,2,0,0,0,0,1,1,5,6,1,32,6,1339,1,16,HONDA CIVIC,2,E01018070,0,-1
2023131300437,2023,131300437,2,9,0,9,9,5,3,0,0,8,0,0,0,0,3,1,5,6,1,55,8,1799,1,15,HONDA CIVIC,2,E01010667,0,-1
2023061354992,2023,061354992,2,9,0,3,3,4,8,0,0,0,0,0,0,0,1,1,5,6,1,34,6,1799,1,17,HONDA CIVIC,1,E01005464,0,-1
2023070433380,2023,070433380,2,9,0,9,9,7,5,0,0,1,0,0,1,0,3,1,6,6,1,28,6,988,1,4,HONDA CIVIC,9,E01012500,0,-1
2023451363819,2023,451363819,1,9,0,18,19,1,5,0,0,0,0,0,0,0,1,1,5,6,2,35,6,1799,1,16,HONDA CIVIC,3,E01002623,0,-1
2023501280919,2023,501280919,2,9,0,2,2,0,0,0,0,0,0,0,0,0,3,1,6,6,2,73,10,1799,1,17,HONDA CIVIC,6,E01020207,0,-1
2023471337951,2023,471337951,2,9,0,2,2,0,0,0,0,1,0,4,0,0,1,1,6,6,3,-1,-1,1597,2,9,HONDA CIVIC,-1,-1,0,-1
2023320691408,2023,320691408,2,9,0,18,19,6,2,0,0,0,0,0,0,0,1,1,6,6,2,47,8,1799,1,13,HONDA CIVIC,5,E01026373,0,-1
2023010421698,2023,010421698,2,9,0,99,99,9,9,99,99,9,9,99,9,99,9,9,6,6,3,-1,-1,1798,1,8,HONDA CIVIC,-1,-1,0,-1
2023421395797,2023,421395797,1,9,0,-1,-1,-1,-1,-1,-1,0,-1,-1,-1,0,-1,1,6,6,2,41,7,1339,8,12,HONDA CIVIC,2,E01015954,0,-1
2023471291101,2023,471291101,3,9,0,2,2,1,1,0,0,1,0,0,0,0,2,1,6,6,3,-1,-1,1597,2,8,HONDA CIVIC,-1,-1,0,-1
2023010452936,2023,010452936,1,9,0,99,99,9,9,99,99,9,9,99,9,99,9,9,2,2,1,37,7,1339,1,17,HONDA CIVIC,3,E01004397,0,-1
2023041287594,2023,041287594,2,9,0,5,5,8,4,0,0,4,0,0,0,0,4,1,5,6,1,33,6,1799,1,13,HONDA CIVIC,1,E01012672,0,-1
2023221317017,2023,221317017,2,9,0,18,19,1,5,0,0,8,0,0,0,0,1,1,5,6,2,42,7,1597,2,7,HONDA CIVIC,6,E01032395,0,-1
2023041357527,2023,041357527,2,9,0,17,19,3,7,0,0,0,0,0,1,10,1,1,6,6,1,63,9,1798,1,10,HONDA CIVIC,10,E01025008,0,-1
2023010433683,2023,010433683,1,9,0,9,9,5,2,0,0,8,0,0,0,0,1,1,6,6,1,24,5,1339,1,15,HONDA CIVIC,3,E01003584,0,-1
2023991359908,2023,991359908,1,9,0,17,19,3,7,0,0,0,1,0,8,0,4,1,2,2,1,17,4,1590,1,18,HONDA CIVIC,9,-1,0,-1
2023552301541,2023,552301541,1,9,0,16,19,2,4,0,0,8,1,0,1,4,1,1,6,6,1,18,4,1998,1,19,HONDA CIVIC,5,E01020536,0,-1
2023430239303,2023,430239303,1,9,0,18,19,3,7,0,0,6,0,0,0,0,1,1,6,6,2,27,6,1590,1,18,HONDA CIVIC,7,E01002494,0,-1
2023131367431,2023,131367431,1,9,0,18,19,3,7,0,0,0,0,0,0,0,1,1,6,6,2,37,7,2204,2,17,HONDA CIVIC,3,E01011843,0,-1
2023231310825,2023,231310825,1,9,0,18,19,4,8,0,0,0,0,0,0,0,1,2,5,6,1,36,7,2204,2,14,HONDA CIVIC,1,E01031057,0,-1
2023531315884,2023,531315884,1,9,0,7,7,5,1,0,0,0,0,0,0,0,4,1,5,6,1,68,10,1799,1,15,HONDA CIVIC,5,E01022150,0,-1
2023010476943,2023,010476943,2,9,0,5,5,1,5,0,0,6,0,0,0,0,1,1,6,6,2,35,6,1798,1,10,HONDA CIVIC,4,E01001511,0,-1
2023501285811,2023,501285811,1,9,0,4,4,1,5,0,0,4,1,0,0,0,1,1,2,2,1,28,6,1998,1,19,HONDA CIVIC,2,E01020037,0,-1
2023471367943,2023,471367943,1,9,0,18,19,6,2,0,0,1,0,0,0,0,1,1,6,6,1,-1,-1,2204,2,13,HONDA CIVIC,1,E01031429,0,-1
2023371311974,2023,371311974,1,9,0,18,19,3,7,0,0,0,0,0,0,0,2,1,6,6,1,39,7,1799,1,16,HONDA CIVIC,-1,-1,0,-1
2023501259642,2023,501259642,2,9,0,9,9,2,6,0,0,8,0,0,0,0,4,1,5,6,2,58,9,1996,1,5,HONDA CIVIC,3,E01015143,0,-1
2023451338298,2023,451338298,1,9,0,18,19,5,1,9,9,2,0,0,0,0,1,1,5,6,1,95,11,1590,1,22,HONDA CIVIC,9,E01030559,0,-1
2023010468861,2023,010468861,4,9,0,2,2,0,0,0,0,1,0,0,0,0,3,1,6,6,3,-1,-1,1339,1,13,HONDA CIVIC,-1,-1,0,-1
2023501305272,2023,501305272,2,9,0,-1,-1,7,3,0,0,1,0,0,0,0,1,1,6,6,2,27,6,1799,1,14,HONDA CIVIC,1,E01015261,0,-1
2023010460719,2023,010460719,2,9,0,3,3,7,3,0,0,1,0,0,0,0,2,1,6,6,1,47,8,1798,1,6,HONDA CIVIC,5,E01003433,0,-1
2023430493107,2023,430493107,1,9,0,18,19,1,5,0,0,0,0,7,7,0,1,1,1,1,2,39,7,1590,1,22,HONDA CIVIC,10,E01016687,0,-1
2023061265451,2023,061265451,2,9,-1,18,19,5,1,0,0,8,0,0,0,0,3,1,5,6,1,49,8,1339,1,13,HONDA CIVIC,3,E01005719,0,-1
2023041364445,2023,041364445,1,9,0,5,5,-1,-1,0,0,1,0,0,0,0,1,1,2,2,2,51,8,2204,2,12,HONDA CIVIC,1,E01012707,0,-1
2023440305309,2023,440305309,1,9,0,18,19,7,3,0,0,1,0,0,0,0,1,1,6,6,1,46,8,1590,1,19,HONDA CIVIC,8,E01022798,0,-1
2023332300045,2023,332300045,1,9,0,2,2,0,0,0,0,0,0,0,0,0,3,1,6,6,1,47,8,1799,1,13,HONDA CIVIC,3,E01013732,0,-1
2023361260030,2023,361260030,1,9,0,10,10,6,3,0,0,1,0,0,0,0,4,1,2,2,1,62,9,1798,1,8,HONDA CIVIC,-1,-1,0,-1
2023351291993,2023,351291993,2,9,0,4,4,5,1,0,0,0,0,0,0,0,2,1,6,6,2,69,10,1799,1,16,HONDA CIVIC,8,E01018219,0,-1
2023201320321,2023,201320321,2,9,0,18,19,8,4,0,0,0,0,0,0,0,1,1,6,6,2,28,6,1799,1,16,HONDA CIVIC,2,E01010533,0,-1
2023010454087,2023,010454087,2,9,0,18,19,7,3,0,0,1,0,0,0,0,2,1,2,2,1,45,7,1339,8,16,HONDA CIVIC,5,E01002249,0,-1
2023451326843,2023,451326843,1,9,0,7,7,7,3,0,0,1,0,0,0,0,1,1,2,2,1,33,6,1798,1,9,HONDA CIVIC,9,E01030761,0,-1
2023061306638,2023,061306638,1,9,0,9,9,7,3,0,0,1,0,0,0,0,1,1,2,2,1,51,8,1396,1,23,HONDA CIVIC,2,E01005337,0,-1
2023320185385,2023,320185385,2,9,0,9,9,4,2,0,0,6,0,0,0,0,4,1,6,6,2,44,7,1339,1,10,HONDA CIVIC,3,E01026325,0,-1
2023631333819,2023,631333819,1,9,0,17,19,4,1,0,0,0,1,0,1,10,1,1,5,6,1,18,4,1396,1,20,HONDA CIVIC,5,W01000698,0,-1
2023531391406,2023,531391406,1,9,0,18,19,3,7,0,0,1,0,0,0,0,1,1,6,6,2,27,6,1396,1,19,HONDA CIVIC,10,E01022318,0,-1
2023332300366,2023,332300366,1,9,0,17,19,5,3,0,0,8,0,0,0,0,1,1,6,6,1,65,9,988,1,3,HONDA CIVIC,6,E01025878,0,-1
2023010451707,2023,010451707,3,9,0,18,19,3,7,0,0,1,0,0,0,0,1,1,6,6,2,44,7,1799,1,18,HONDA CIVIC,3,E01003723,0,-1
2023041351107,2023,041351107,1,9,0,5,5,7,4,0,0,6,0,0,0,0,1,1,1,1,1,19,4,1339,1,11,HONDA CIVIC,2,E01024910,0,-1
2023430097267,2023,430097267,1,9,0,18,19,8,4,0,0,0,0,0,0,0,1,1,6,6,1,46,8,1799,1,17,HONDA CIVIC,10,E01017924,0,-1
2023070947222,2023,070947222,5,9,0,2,2,0,0,9,9,0,0,0,0,0,2,1,6,6,3,-1,-1,2204,2,17,HONDA CIVIC,-1,-1,0,-1
2023430428376,2023,430428376,3,9,0,2,2,0,0,0,0,0,0,0,0,0,4,1,6,6,1,-1,-1,1597,2,4,HONDA CIVIC,-1,-1,0,-1
2023141305525,2023,141305525,1,9,0,9,9,4,2,0,0,6,0,0,0,0,3,1,5,6,1,27,6,1590,1,19,HONDA CIVIC,1,E01008114,0,-1
2023991334143,2023,991334143,1,9,0,9,9,2,1,0,0,1,0,0,0,0,1,1,6,6,2,34,6,2204,2,16,HONDA CIVIC,3,-1,0,-1
2023622301043,2023,622301043,1,9,0,18,19,8,4,0,0,0,0,0,0,0,1,1,6,6,1,22,5,988,1,3,HONDA CIVIC,8,W01001725,0,-1
2023522401016,2023,522401016,2,9,0,12,12,6,2,0,0,0,0,0,0,0,3,1,6,6,1,24,5,1339,1,8,HONDA CIVIC,10,E01014855,0,-1
2023451392983,2023,451392983,1,9,0,18,19,1,5,0,0,1,0,0,0,0,1,1,5,6,1,61,9,1590,1,20,HONDA CIVIC,9,E01030394,0,-1
2023041371829,2023,041371829,1,9,0,18,19,3,7,9,9,4,1,10,7,6,1,1,6,6,1,76,11,2204,2,14,HONDA CIVIC,9,E01005019,0,-1
2023440399599,2023,440399599,1,9,0,17,19,2,8,0,0,0,0,0,1,4,4,1,6,6,1,26,6,1799,1,12,HONDA CIVIC,7,E01032039,0,-1
202354C899823,2023,54C899823,1,9,0,9,9,8,4,0,0,6,0,0,1,4,4,1,6,6,2,82,11,1590,1,18,HONDA CIVIC,8,E01015486,0,-1
2023010444769,2023,010444769,3,9,0,99,99,9,9,99,99,0,9,99,9,99,0,9,6,6,3,-1,-1,1798,1,7,HONDA CIVIC,-1,-1,0,-1
2023411355203,2023,411355203,3,9,0,18,19,3,7,0,0,0,0,0,0,0,1,1,5,6,3,45,7,1799,1,13,HONDA CIVIC,10,E01023577,0,-1
2023010466747,2023,010466747,1,9,0,7,7,8,3,4,4,8,0,0,0,0,4,1,2,2,1,28,6,1339,1,12,HONDA CIVIC,4,E01002973,0,-1
2023311327091,2023,311327091,1,9,0,9,9,6,3,0,0,1,0,0,0,0,4,1,6,6,2,58,9,1339,1,14,HONDA CIVIC,4,E01019522,0,-1
2023552400080,2023,552400080,2,9,0,18,19,2,6,0,0,8,0,0,0,0,1,1,6,6,2,42,7,2204,2,15,HONDA CIVIC,3,E01015310,0,-1
2023302301543,2023,302301543,1,9,0,16,19,4,6,0,0,0,0,0,0,0,1,1,6,6,1,19,4,2204,2,14,HONDA CIVIC,6,E01019585,0,-1
2023010482468,2023,010482468,1,9,0,16,19,5,1,0,0,8,0,0,0,0,1,1,6,6,3,-1,-1,1799,1,16,HONDA CIVIC,-1,-1,0,-1
2023052300669,2023,052300669,1,9,0,9,9,6,2,0,0,2,0,0,0,0,3,1,6,6,1,52,8,1799,1,15,HONDA CIVIC,6,E01007163,0,-1
2023340NN2922,2023,340NN2922,1,9,0,9,9,5,1,0,0,8,0,0,0,0,1,1,6,6,1,41,7,1998,1,13,HONDA CIVIC,6,E01027092,0,-1
2023010463437,2023,010463437,2,9,0,99,99,9,9,99,99,9,9,99,9,99,2,9,6,6,3,-1,-1,1396,1,20,HONDA CIVIC,-1,-1,0,-1
2023522400133,2023,522400133,1,9,0,7,7,1,3,0,0,6,0,0,0,0,1,1,6,6,1,34,6,1799,1,15,HONDA CIVIC,3,E01014519,0,-1
2023122300794,2023,122300794,1,9,0,18,19,5,1,0,0,0,2,0,7,10,1,1,6,6,1,34,6,1998,1,18,HONDA CIVIC,3,E01012057,0,-1
2023061287352,2023,061287352,2,9,0,9,9,2,1,0,0,0,0,0,0,0,4,1,6,6,2,44,7,1339,8,15,HONDA CIVIC,1,E01005698,0,-1
2023501372228,2023,501372228,1,9,0,17,19,1,5,0,0,0,2,0,2,10,3,1,2,2,2,26,6,988,1,2,HONDA CIVIC,3,E01020323,0,-1
2023010436078,2023,010436078,3,9,0,2,2,0,0,0,0,0,0,0,0,0,2,1,6,6,3,-1,-1,1597,2,9,HONDA CIVIC,-1,-1,0,-1
2023552300084,2023,552300084,2,9,0,3,3,2,6,0,0,0,0,0,0,0,2,1,6,6,1,30,6,1339,1,12,HONDA CIVIC,9,E01020385,0,-1
2023010420856,2023,010420856,1,9,0,4,4,1,5,0,0,1,0,0,0,0,1,1,6,6,1,86,11,1396,1,26,HONDA CIVIC,9,E01002242,0,-1
2023421326561,2023,421326561,2,9,0,18,19,5,1,0,0,0,0,0,4,0,2,1,5,6,1,41,7,1798,1,7,HONDA CIVIC,1,E01016083,0,-1
2023131309631,2023,131309631,1,9,0,18,19,1,5,0,0,1,0,0,0,0,1,1,6,6,1,17,4,1396,1,20,HONDA CIVIC,1,E01011134,0,-1
2023302301713,2023,302301713,1,9,0,9,9,5,4,0,0,6,0,0,7,10,4,1,6,6,2,41,7,1590,1,21,HONDA CIVIC,7,E01019472,0,-1
2023451292930,2023,451292930,3,9,0,10,10,1,5,0,0,0,0,0,0,0,2,1,6,6,1,32,6,1590,1,19,HONDA CIVIC,-1,-1,0,-1
2023401291304,2023,401291304,1,9,0,18,19,7,3,0,0,0,0,0,0,0,1,1,5,6,1,21,5,1339,8,14,HONDA CIVIC,4,E01015755,0,-1
2023991266315,2023,991266315,2,9,0,7,7,5,8,0,0,8,1,0,1,11,3,1,5,6,1,32,6,1597,2,7,HONDA CIVIC,9,-1,0,-1
2023010435990,2023,010435990,1,9,0,18,19,5,1,0,0,8,1,0,0,0,2,1,6,6,1,71,10,1798,1,8,HONDA CIVIC,9,E01002384,0,-1
2023131391788,2023,131391788,1,9,0,5,5,1,5,0,0,0,5,0,1,0,1,1,5,6,1,22,5,1590,1,19,HONDA CIVIC,9,E01010971,0,-1
202360A104090,2023,60A104090,1,9,0,9,9,7,5,0,0,5,0,0,0,0,0,1,6,6,1,-1,-1,2204,2,16,HONDA CIVIC,-1,-1,0,-1
2023201295703,2023,201295703,1,9,0,18,19,2,6,0,0,0,0,0,0,0,1,1,6,6,1,-1,-1,988,1,3,HONDA CIVIC,-1,-1,0,-1
2023552300351,2023,552300351,1,9,0,18,19,6,2,0,0,1,0,0,0,0,1,1,2,2,1,56,9,1396,1,19,HONDA CIVIC,3,E01015310,0,-1