collision_index,collision_year,collision_ref_no,vehicle_reference,vehicle_type,towing_and_articulation,vehicle_manoeuvre_historic,vehicle_manoeuvre,vehicle_direction_from,vehicle_direction_to,vehicle_location_restricted_lane_historic,vehicle_location_restricted_lane,junction_location,skidding_and_overturning,hit_object_in_carriageway,vehicle_leaving_carriageway,hit_object_off_carriageway,first_point_of_impact,vehicle_left_hand_drive,journey_purpose_of_driver_historic,journey_purpose_of_driver,sex_of_driver,age_of_driver,age_band_of_driver,engine_capacity_cc,propulsion_code,age_of_vehicle,generic_make_model,driver_imd_decile,lsoa_of_driver,escooter_flag,driver_distance_banding
2023430368091,2023,430368091,1,9,0,9,9,8,7,0,0,6,0,0,0,0,3,1,6,6,2,44,7,1396,1,18,HONDA CIVIC,9,E01017830,0,-1
2023552300255,2023,552300255,1,9,0,9,9,2,8,0,0,5,1,0,0,0,1,1,6,6,1,60,9,1799,1,16,HONDA CIVIC,6,E01020442,0,-1
2023522301330,2023,522301330,2,9,0,18,19,6,2,0,0,4,0,0,0,0,3,1,6,6,1,22,5,1799,1,17,HONDA CIVIC,10,E01014877,0,-1
2023061396762,2023,061396762,1,9,0,6,6,6,5,0,0,1,0,0,0,0,1,1,6,6,1,-1,-1,1597,2,9,HONDA CIVIC,-1,-1,0,-1
2023332300491,2023,332300491,2,9,0,9,9,7,5,0,0,6,0,0,0,0,4,1,6,6,1,-1,-1,1799,1,17,HONDA CIVIC,-1,-1,0,-1
2023052300473,2023,052300473,1,9,0,18,19,8,4,0,0,0,0,0,0,0,4,1,2,2,1,51,8,1799,1,15,HONDA CIVIC,2,E01033097,0,-1
2023440481511,2023,440481511,1,9,0,18,19,3,7,0,0,2,0,0,0,0,1,1,6,6,2,77,11,1590,1,18,HONDA CIVIC,10,E01030790,0,-1
2023010439259,2023,010439259,1,9,0,99,99,9,9,99,99,9,9,99,9,99,1,9,6,6,3,-1,-1,1339,1,15,HONDA CIVIC,-1,-1,0,-1
2023440005436,2023,440005436,1,9,0,17,19,5,1,0,0,0,1,0,1,4,1,1,6,6,1,36,7,1590,1,21,HONDA CIVIC,8,E01022591,0,-1
2023211279839,2023,211279839,2,9,0,18,19,1,5,0,0,0,1,7,0,0,2,1,1,1,2,41,7,1339,1,14,HONDA CIVIC,3,E01005435,0,-1
2023031381317,2023,031381317,1,9,0,9,9,8,5,0,0,5,0,0,0,0,1,1,5,6,1,48,8,1498,1,5,HONDA CIVIC,3,E01019215,0,-1
2023531327820,2023,531327820,2,9,0,4,4,1,5,0,0,0,0,0,0,0,1,1,2,2,2,22,5,1590,1,19,HONDA CIVIC,6,E01032352,0,-1
2023332300263,2023,332300263,2,9,0,9,9,2,8,0,0,6,0,0,0,0,1,1,6,6,2,30,6,2204,2,16,HONDA CIVIC,4,E01013663,0,-1
2023231349104,2023,231349104,1,9,0,18,19,2,6,0,0,0,1,0,7,4,1,1,6,6,1,47,8,1799,1,15,HONDA CIVIC,4,E01009658,0,-1
2023430322930,2023,430322930,2,9,0,18,19,5,1,0,0,8,0,0,0,0,1,1,6,6,1,20,4,1396,1,21,HONDA CIVIC,5,E01017913,0,-1
2023451311289,2023,451311289,2,9,0,18,19,3,7,0,0,1,0,0,0,0,4,1,6,6,1,56,9,1590,1,21,HONDA CIVIC,7,E01030332,0,-1
2023451282048,2023,451282048,1,9,0,18,19,2,6,0,0,0,0,0,0,0,1,1,1,1,2,62,9,1339,8,16,HONDA CIVIC,4,E01022635,0,-1
2023221270477,2023,221270477,1,9,0,18,19,3,7,0,0,8,0,0,0,0,1,1,5,6,1,19,4,1998,1,14,HONDA CIVIC,5,E01014051,0,-1
2023451391802,2023,451391802,2,9,0,16,19,3,7,0,0,0,0,0,0,0,2,1,2,2,1,32,6,1339,1,8,HONDA CIVIC,10,E01030386,0,-1
2023111380663,2023,111380663,2,9,0,18,19,3,7,0,0,0,0,0,0,0,1,1,6,6,1,26,6,1597,2,5,HONDA CIVIC,5,E01020867,0,-1
2023161311845,2023,161311845,1,9,0,18,19,5,1,0,0,8,0,0,0,0,1,1,6,6,1,24,5,1799,1,16,HONDA CIVIC,4,E01012981,0,-1
2023041275155,2023,041275155,1,9,0,18,19,1,5,0,0,2,0,0,0,0,1,1,6,6,1,28,6,2199,2,11,HONDA CIVIC,3,E01025111,0,-1
2023440352692,2023,440352692,2,9,0,18,19,1,5,0,0,2,0,0,0,0,1,1,6,6,2,56,9,1590,1,20,HONDA CIVIC,2,E01023006,0,-1
2023010480083,2023,010480083,1,9,0,7,7,3,6,0,0,1,0,0,0,0,1,1,6,6,1,43,7,1339,1,12,HONDA CIVIC,3,E01032764,0,-1
2023522400943,2023,522400943,1,9,0,1,1,1,5,0,0,0,0,0,0,0,4,1,6,6,2,47,8,1590,1,22,HONDA CIVIC,4,E01014590,0,-1
2023991373633,2023,991373633,1,9,0,9,9,4,1,0,0,8,0,0,0,0,2,1,6,6,1,22,5,1998,1,15,HONDA CIVIC,8,-1,0,-1
2023041355566,2023,041355566,1,9,0,1,1,1,5,0,0,1,0,0,0,0,2,1,6,6,1,22,5,1339,8,16,HONDA CIVIC,1,E01004839,0,-1
2023991346086,2023,991346086,1,9,0,2,2,6,3,0,0,0,0,4,0,0,2,1,6,6,2,57,9,1799,1,17,HONDA CIVIC,6,-1,0,-1
2023201416120,2023,201416120,2,9,0,18,19,8,4,0,0,8,0,0,0,0,3,1,2,2,1,40,7,1597,2,9,HONDA CIVIC,1,E01010063,0,-1
2023430456119,2023,430456119,1,9,0,9,9,8,7,0,0,5,0,0,0,0,1,1,6,6,1,60,9,1590,1,22,HONDA CIVIC,3,E01016373,0,-1
2023010478628,2023,010478628,2,9,0,99,99,9,9,99,99,9,9,99,9,99,9,9,6,6,3,-1,-1,1339,1,12,HONDA CIVIC,-1,-1,0,-1
2023311353162,2023,311353162,1,9,0,7,7,5,4,0,0,0,0,0,1,11,1,1,5,6,2,60,9,1590,1,18,HONDA CIVIC,2,E01028284,0,-1
2023010448178,2023,010448178,3,9,3,2,2,0,0,0,0,0,0,4,0,0,2,1,6,6,3,-1,-1,1799,1,16,HONDA CIVIC,-1,-1,0,-1
2023141278978,2023,141278978,1,9,0,18,19,2,6,0,0,0,0,0,0,0,1,1,2,2,1,51,8,1396,1,21,HONDA CIVIC,1,E01007791,0,-1
2023471339640,2023,471339640,1,9,0,17,19,3,7,0,0,8,1,7,0,0,1,1,5,6,1,33,6,1339,1,15,HONDA CIVIC,2,E01033726,0,-1
2023010426939,2023,010426939,1,9,9,99,99,9,9,99,99,9,9,99,9,99,9,9,6,6,1,36,7,1330,1,17,HONDA CIVIC,2,E01004405,0,-1
2023201284467,2023,201284467,2,9,0,18,19,2,6,0,0,8,0,0,0,0,3,1,6,6,1,51,8,1339,8,18,HONDA CIVIC,1,E01009305,0,-1
2023231321930,2023,231321930,1,9,0,9,9,2,8,0,0,5,0,0,0,0,1,1,5,6,2,39,7,2204,2,12,HONDA CIVIC,7,E01031023,0,-1
2023440361168,2023,440361168,1,9,0,18,19,1,5,0,0,8,0,0,0,0,4,1,3,7,2,30,6,1339,1,9,HONDA CIVIC,8,E01017351,0,-1
2023610035523,2023,610035523,3,9,0,18,19,2,6,0,0,0,0,0,0,0,1,1,1,1,1,51,8,2199,2,11,HONDA CIVIC,1,W01001479,0,-1
2023061363633,2023,061363633,1,9,0,9,9,1,6,0,0,1,0,0,0,0,1,1,6,6,3,30,6,1798,1,10,HONDA CIVIC,-1,-1,0,-1
2023161326604,2023,161326604,2,9,0,7,7,1,3,0,0,1,0,0,0,0,1,1,6,6,1,45,7,1799,1,14,HONDA CIVIC,-1,-1,0,-1
2023061378735,2023,061378735,3,9,0,18,19,5,1,0,0,0,0,0,0,0,3,1,5,6,1,63,9,1339,1,12,HONDA CIVIC,3,E01006282,0,-1
2023111328464,2023,111328464,1,9,0,18,19,7,4,0,0,0,0,0,0,0,3,1,6,6,1,18,4,1339,1,15,HONDA CIVIC,5,E01020641,0,-1
2023461354395,2023,461354395,1,9,0,7,7,5,7,0,0,3,0,0,0,0,1,1,6,6,2,-1,-1,1590,1,19,HONDA CIVIC,8,E01015960,0,-1
2023201388996,2023,201388996,1,9,0,9,9,1,3,0,0,6,0,0,0,0,1,1,6,6,1,74,10,1798,1,9,HONDA CIVIC,9,E01032142,0,-1
2023461347644,2023,461347644,1,9,0,18,19,5,1,0,0,0,0,0,0,0,1,1,5,6,1,40,7,1998,1,21,HONDA CIVIC,6,E01024589,0,-1
2023361332279,2023,361332279,2,9,0,4,4,1,5,0,0,0,0,0,0,0,2,1,5,6,2,33,6,1998,1,15,HONDA CIVIC,5,E01026643,0,-1
2023010485233,2023,010485233,1,9,0,5,5,7,3,0,0,1,0,0,0,0,0,1,6,6,1,43,7,1339,8,15,HONDA CIVIC,1,E01004324,0,-1
2023010470751,2023,010470751,1,9,0,4,4,2,6,0,0,0,0,0,0,0,4,1,6,6,1,37,7,988,1,6,HONDA CIVIC,4,E01002681,0,-1
2023361321645,2023,361321645,2,9,0,18,19,1,5,0,0,8,0,0,0,0,3,1,5,6,1,75,10,1799,1,12,HONDA CIVIC,5,E01030176,0,-1
2023471386232,2023,471386232,1,9,0,9,9,5,3,0,0,1,0,0,0,0,3,1,5,6,2,31,6,1597,2,10,HONDA CIVIC,5,E01031373,0,-1
2023161345578,2023,161345578,1,9,0,11,11,1,5,0,0,0,0,0,0,0,2,1,6,6,2,30,6,2204,2,16,HONDA CIVIC,9,E01013115,0,-1
2023010457207,2023,010457207,2,9,0,99,99,9,9,99,99,9,9,99,9,99,9,9,6,6,3,-1,-1,988,1,5,HONDA CIVIC,-1,-1,0,-1
2023201378518,2023,201378518,1,9,0,18,19,5,1,0,0,8,0,0,0,0,1,1,5,6,1,23,5,1799,1,16,HONDA CIVIC,1,E01009056,0,-1
2023471266420,2023,471266420,2,9,0,18,19,3,7,0,0,0,5,0,0,0,1,1,1,1,1,45,7,1339,1,16,HONDA CIVIC,1,E01016908,0,-1
2023141333618,2023,141333618,1,9,0,5,5,1,5,0,0,0,0,0,0,0,1,1,5,6,2,31,6,1339,1,13,HONDA CIVIC,1,E01008061,0,-1
2023991280530,2023,991280530,1,9,0,18,19,2,6,0,0,0,0,0,0,0,1,1,5,6,1,19,4,1590,1,18,HONDA CIVIC,2,-1,0,-1
2023161262433,2023,161262433,1,9,0,7,7,1,5,0,0,1,0,0,0,0,1,1,2,2,1,19,4,1396,1,22,HONDA CIVIC,5,E01013249,0,-1
2023401376918,2023,401376918,2,9,0,2,2,0,0,0,0,2,0,0,0,0,2,1,5,6,1,39,7,1339,8,15,HONDA CIVIC,4,E01015717,0,-1
2023010448232,2023,010448232,5,9,0,4,4,7,3,0,0,0,0,0,0,0,1,1,6,6,1,68,10,1339,8,17,HONDA CIVIC,2,E01003540,0,-1
2023131348635,2023,131348635,2,9,0,9,9,1,7,0,0,0,0,0,0,0,3,1,6,6,2,41,7,1799,1,14,HONDA CIVIC,3,E01010657,0,-1
2023991396573,2023,991396573,2,9,0,18,19,6,2,0,0,0,1,0,1,0,1,1,5,6,1,62,9,1799,1,14,HONDA CIVIC,8,-1,0,-1
2023461380650,2023,461380650,1,9,0,5,5,2,6,0,0,6,0,0,0,0,1,1,6,6,1,44,7,1396,1,24,HONDA CIVIC,2,E01024616,0,-1
2023991375410,2023,991375410,2,9,0,18,19,5,1,0,0,3,0,0,0,0,1,1,5,6,2,32,6,1396,1,21,HONDA CIVIC,2,-1,0,-1
2023991336183,2023,991336183,2,9,0,3,3,8,4,0,0,0,0,0,0,0,2,1,2,2,1,19,4,1339,1,8,HONDA CIVIC,4,-1,0,-1
2023010442548,2023,010442548,2,9,0,99,99,9,9,99,99,9,9,99,9,99,9,9,6,6,3,-1,-1,1590,1,22,HONDA CIVIC,-1,-1,0,-1
2023501285623,2023,501285623,3,9,0,18,19,3,7,0,0,0,0,0,0,0,1,1,6,6,1,40,7,1799,1,17,HONDA CIVIC,2,E01019076,0,-1
2023542364623,2023,542364623,1,9,0,18,19,1,5,0,0,0,1,10,1,11,1,1,6,6,1,30,6,2204,2,17,HONDA CIVIC,2,E01015506,0,-1
2023461390379,2023,461390379,2,9,0,5,5,5,1,0,0,0,1,0,0,0,0,1,2,2,1,34,6,2204,2,13,HONDA CIVIC,-1,-1,0,-1
2023501360267,2023,501360267,1,9,0,18,19,7,3,0,0,0,1,0,5,6,1,1,6,6,1,20,4,1590,1,19,HONDA CIVIC,7,E01032130,0,-1
2023320433992,2023,320433992,2,9,0,18,19,2,6,0,0,8,0,0,0,0,1,1,1,1,1,62,9,1590,1,21,HONDA CIVIC,5,E01026052,0,-1
2023010444696,2023,010444696,1,9,0,5,5,8,4,0,0,1,0,0,0,0,1,1,6,6,1,37,7,2204,2,16,HONDA CIVIC,2,E01004696,0,-1
2023991307546,2023,991307546,1,9,0,16,19,4,8,0,0,0,2,0,1,3,3,1,6,6,1,22,5,1493,1,28,HONDA CIVIC,8,-1,0,-1
2023471295954,2023,471295954,2,9,0,18,19,8,4,0,0,0,0,0,0,0,1,1,6,6,1,34,6,1998,1,13,HONDA CIVIC,3,E01031552,0,-1
2023010440342,2023,010440342,1,9,0,18,19,5,1,0,0,1,0,0,0,0,1,1,6,6,1,30,6,1590,1,18,HONDA CIVIC,-1,-1,0,-1
2023131310828,2023,131310828,1,9,0,17,19,1,5,0,0,1,0,0,0,0,1,1,1,1,1,42,7,988,1,6,HONDA CIVIC,2,E01010910,0,-1
2023061382769,2023,061382769,2,9,0,3,3,5,1,0,0,1,0,0,0,0,2,1,6,6,1,32,6,1396,1,21,HONDA CIVIC,1,E01005755,0,-1
2023622300845,2023,622300845,1,9,0,7,7,7,2,0,0,5,0,0,0,0,4,1,6,6,2,61,9,2204,2,17,HONDA CIVIC,10,W01000770,0,-1
2023411359296,2023,411359296,1,9,0,18,19,-1,-1,0,0,0,0,0,0,0,1,1,6,6,2,-1,-1,1597,2,8,HONDA CIVIC,8,E01023001,0,-1
2023501329624,2023,501329624,1,9,0,18,19,4,8,0,0,1,0,0,0,0,1,1,6,6,3,-1,-1,2204,2,16,HONDA CIVIC,-1,-1,0,-1
2023361368826,2023,361368826,1,9,0,18,19,1,5,0,0,0,5,0,0,0,1,1,2,2,1,18,4,1998,1,14,HONDA CIVIC,4,E01026445,0,-1
2023201381377,2023,201381377,1,9,0,18,19,6,2,0,0,1,0,0,0,0,1,1,5,6,1,-1,-1,1590,1,19,HONDA CIVIC,-1,-1,0,-1
2023522401000,2023,522401000,1,9,0,18,19,5,8,0,0,0,0,0,7,8,1,1,6,6,2,29,6,1590,1,22,HONDA CIVIC,-1,-1,0,-1
2023461320106,2023,461320106,5,9,0,18,19,6,2,0,0,0,0,0,0,0,3,1,6,6,1,30,6,1498,1,4,HONDA CIVIC,6,E01024094,0,-1
2023340WN3182,2023,340WN3182,1,9,0,6,6,7,3,0,0,8,1,0,0,0,1,1,6,6,1,71,10,1339,8,14,HONDA CIVIC,6,E01027306,0,-1
2023141363026,2023,141363026,1,9,0,3,3,4,1,0,0,1,0,0,0,0,2,1,1,1,1,52,8,1597,2,6,HONDA CIVIC,3,E01007473,0,-1
2023010436778,2023,010436778,1,9,0,9,9,7,5,0,0,6,0,0,0,0,1,1,6,6,1,28,6,1799,1,17,HONDA CIVIC,-1,-1,0,-1
2023320432164,2023,320432164,1,9,0,15,15,4,8,0,0,0,0,0,0,0,3,1,6,6,1,78,11,1590,1,18,HONDA CIVIC,5,E01026285,0,-1
2023520000662,2023,520000662,1,9,0,4,4,4,8,0,0,0,0,0,0,0,2,1,6,6,1,51,8,988,1,5,HONDA CIVIC,7,E01033079,0,-1
2023010446852,2023,010446852,1,9,0,15,15,5,1,0,0,0,5,0,0,0,1,2,6,6,3,-1,-1,1339,7,14,HONDA CIVIC,-1,-1,0,-1
2023622300837,2023,622300837,2,9,0,4,4,2,6,0,0,1,0,0,0,0,2,1,6,6,1,31,6,1498,1,5,HONDA CIVIC,9,W01000998,0,-1
2023411348463,2023,411348463,1,9,0,16,19,5,1,0,0,0,0,0,0,0,1,1,5,6,1,73,10,1799,1,14,HONDA CIVIC,7,E01023651,0,-1
2023231315124,2023,231315124,2,9,0,5,5,1,2,0,0,0,0,0,1,1,1,1,1,1,1,35,6,1339,1,16,HONDA CIVIC,1,E01008906,0,-1
2023302300644,2023,302300644,1,9,0,17,19,6,2,0,0,0,2,0,7,11,1,1,6,6,1,30,6,1998,1,18,HONDA CIVIC,1,E01005190,0,-1
2023401329270,2023,401329270,1,9,0,18,19,7,3,0,0,8,0,0,0,0,0,1,6,6,2,30,6,2199,2,10,HONDA CIVIC,3,E01017538,0,-1
2023401373942,2023,401373942,2,9,0,2,2,4,8,0,0,0,0,0,0,0,2,1,2,2,1,46,8,1798,1,9,HONDA CIVIC,4,E01015792,0,-1
2023440212512,2023,440212512,1,9,0,18,19,2,6,0,0,4,0,0,0,0,1,1,6,6,2,78,11,1339,1,15,HONDA CIVIC,10,E01023102,0,-1
2023332301005,2023,332301005,2,9,0,18,19,5,1,0,0,1,0,0,0,0,1,1,6,6,3,-1,-1,2204,2,15,HONDA CIVIC,-1,-1,0,-1
2023010452419,2023,010452419,2,9,0,99,99,9,9,99,99,9,9,99,9,99,9,9,6,6,3,24,5,1339,1,13,HONDA CIVIC,5,E01004488,0,-1
2023501378289,2023,501378289,1,9,0,18,19,7,3,0,0,0,0,0,0,0,3,1,1,1,2,40,7,2204,2,15,HONDA CIVIC,3,E01018799,0,-1
2023060979227,2023,060979227,1,9,0,4,4,5,1,0,0,8,0,0,0,0,1,1,6,6,2,32,6,1798,1,6,HONDA CIVIC,6,E01005885,0,-1
2023411290746,2023,411290746,1,9,0,9,9,1,7,0,0,5,0,0,0,0,1,1,6,6,1,-1,-1,2204,2,14,HONDA CIVIC,4,E01023794,0,-1
2023501315935,2023,501315935,1,9,0,13,13,8,4,0,0,0,5,0,0,0,1,1,5,6,1,20,4,1998,1,19,HONDA CIVIC,3,E01019036,0,-1
2023522301865,2023,522301865,2,9,0,16,19,8,3,0,0,1,0,0,0,0,1,1,6,6,3,-1,-1,1799,1,17,HONDA CIVIC,-1,-1,0,-1
2023010453135,2023,010453135,1,9,0,18,19,7,3,0,0,5,0,0,7,1,1,2,2,2,1,30,6,1339,1,12,HONDA CIVIC,10,E01024424,0,-1
2023141370878,2023,141370878,1,9,0,18,19,1,5,0,0,0,1,0,0,0,1,1,6,6,1,51,8,1597,2,9,HONDA CIVIC,4,E01007675,0,-1
2023010469068,2023,010469068,1,9,0,18,19,1,5,0,0,0,0,0,0,0,1,1,6,6,2,51,8,1798,1,10,HONDA CIVIC,4,E01001061,0,-1
2023211401906,2023,211401906,2,9,0,18,19,6,2,0,0,8,0,0,0,0,1,1,5,6,1,67,10,1590,1,21,HONDA CIVIC,7,E01010243,0,-1
2023010440574,2023,010440574,2,9,0,7,7,3,6,0,0,3,0,0,1,10,4,1,6,6,2,82,11,1590,1,19,HONDA CIVIC,6,E01021743,0,-1
2023520301584,2023,520301584,1,9,0,12,12,5,1,0,0,0,0,0,0,0,2,1,6,6,1,23,5,1998,1,17,HONDA CIVIC,9,E01029145,0,-1
2023351393808,2023,351393808,1,9,0,13,13,3,7,0,0,0,0,0,0,0,1,1,5,6,1,34,6,1799,1,15,HONDA CIVIC,8,E01021405,0,-1
2023010426856,2023,010426856,1,9,0,18,19,7,3,9,9,0,5,10,8,10,1,1,6,6,1,23,5,1799,1,18,HONDA CIVIC,2,E01000626,0,-1
2023421384555,2023,421384555,3,9,0,18,19,4,7,0,0,1,0,0,0,0,1,1,6,6,1,59,9,1396,1,20,HONDA CIVIC,-1,-1,0,-1
2023231358764,2023,231358764,1,9,0,15,15,2,6,0,0,8,0,0,0,0,1,1,6,6,1,45,7,1799,1,13,HONDA CIVIC,10,E01031331,0,-1
2023010447657,2023,010447657,1,9,0,9,9,1,7,0,0,5,0,0,0,0,3,1,6,6,1,59,9,1799,1,14,HONDA CIVIC,5,E01004641,0,-1
2023041369510,2023,041369510,3,9,0,2,2,0,0,9,9,0,0,0,0,0,2,1,6,6,3,-1,-1,2204,2,17,HONDA CIVIC,-1,-1,0,-1
2023131290261,2023,131290261,3,9,0,2,2,0,0,0,0,0,0,0,0,0,2,1,6,6,3,-1,-1,1339,8,16,HONDA CIVIC,-1,-1,0,-1
2023201456207,2023,201456207,2,9,0,9,9,7,1,0,0,8,0,0,0,0,1,1,6,6,3,-1,-1,2204,2,14,HONDA CIVIC,-1,-1,0,-1
2023141389913,2023,141389913,1,9,0,3,3,2,6,0,0,0,0,0,0,0,2,1,6,6,2,40,7,1597,2,9,HONDA CIVIC,10,E01011376,0,-1
2023440150310,2023,440150310,1,9,0,5,5,3,7,0,0,1,0,0,0,0,1,1,3,7,2,37,7,1798,1,11,HONDA CIVIC,9,E01022909,0,-1
2023201397997,2023,201397997,1,9,0,5,5,7,3,0,0,6,0,0,0,0,1,1,6,6,1,39,7,1799,1,15,HONDA CIVIC,2,E01009998,0,-1
2023471290478,2023,471290478,1,9,0,18,19,6,2,0,0,0,5,0,1,4,4,1,2,2,1,42,7,1590,1,18,HONDA CIVIC,6,E01024833,0,-1
2023031371359,2023,031371359,1,9,0,18,19,7,8,0,0,0,0,0,0,0,1,1,6,6,2,86,11,1799,1,12,HONDA CIVIC,10,E01019244,0,-1
2023421358041,2023,421358041,2,9,0,4,4,6,2,0,0,0,0,0,0,0,2,1,2,2,1,39,7,988,1,6,HONDA CIVIC,8,E01021544,0,-1
2023520400243,2023,520400243,1,9,0,18,19,4,8,0,0,8,0,0,0,0,2,1,6,6,2,39,7,1799,1,16,HONDA CIVIC,5,E01029020,0,-1
2023061310717,2023,061310717,3,9,0,2,2,0,0,0,0,0,0,0,0,0,3,1,6,6,1,32,6,1799,1,14,HONDA CIVIC,8,W01000467,0,-1
2023010477906,2023,010477906,1,9,0,99,99,9,9,99,99,9,9,99,9,99,2,9,2,2,1,38,7,1799,1,14,HONDA CIVIC,6,E01001184,0,-1
2023351379418,2023,351379418,1,9,0,99,99,-1,-1,99,99,9,0,0,9,0,1,1,6,6,3,-1,-1,1590,1,20,HONDA CIVIC,-1,-1,0,-1
2023122300998,2023,122300998,1,9,0,18,19,3,7,0,0,1,1,0,0,0,1,1,2,2,1,37,7,2204,2,16,HONDA CIVIC,4,E01027906,0,-1
2023061293135,2023,061293135,1,9,0,18,19,3,3,0,0,0,0,0,0,0,1,1,2,2,1,36,7,1798,1,9,HONDA CIVIC,1,E01005232,0,-1
2023440204160,2023,440204160,1,9,0,18,19,2,6,0,0,8,0,9,1,11,1,1,6,6,1,22,5,1498,1,4,HONDA CIVIC,10,E01022659,0,-1
2023451309606,2023,451309606,2,9,0,9,9,5,1,0,0,0,0,0,0,0,2,1,5,6,1,54,8,1396,1,21,HONDA CIVIC,5,E01002613,0,-1
2023430024426,2023,430024426,1,9,0,18,19,6,2,0,0,0,0,0,7,9,1,1,3,7,2,36,7,1590,1,21,HONDA CIVIC,-1,-1,0,-1
2023552300065,2023,552300065,4,9,0,3,3,7,3,0,0,0,0,0,0,0,3,1,3,7,1,44,7,1590,1,21,HONDA CIVIC,7,E01020375,0,-1
2023501283627,2023,501283627,1,9,0,18,19,6,2,0,0,0,1,0,0,0,1,1,6,6,2,39,7,2199,2,11,HONDA CIVIC,1,E01015257,0,-1
2023371369997,2023,371369997,1,9,0,17,19,5,3,0,0,0,0,0,0,0,1,1,2,2,2,30,6,2204,2,13,HONDA CIVIC,6,E01029891,0,-1
2023451370111,2023,451370111,2,9,0,2,2,0,0,0,0,0,0,0,1,0,1,1,5,6,1,49,8,1799,1,17,HONDA CIVIC,8,E01030915,0,-1
2023522400759,2023,522400759,1,9,0,18,19,8,4,0,0,2,0,0,0,0,1,1,6,6,1,60,9,1339,1,17,HONDA CIVIC,3,E01014690,0,-1
2023552301538,2023,552301538,1,9,0,18,19,4,8,0,0,3,0,0,0,0,1,1,6,6,1,33,6,1339,1,12,HONDA CIVIC,4,E01016378,0,-1
2023010420502,2023,010420502,1,9,0,18,19,5,1,0,0,0,0,4,0,0,1,1,6,6,1,41,7,2204,2,16,HONDA CIVIC,3,E01001784,0,-1
2023201368174,2023,201368174,1,9,0,9,9,6,4,0,0,6,0,0,0,0,1,1,5,6,1,36,7,2204,2,15,HONDA CIVIC,1,E01009361,0,-1
2023201410704,2023,201410704,2,9,0,18,19,4,2,0,0,8,0,0,0,0,4,1,6,6,2,29,6,1590,1,20,HONDA CIVIC,1,E01009539,0,-1
2023061355046,2023,061355046,1,9,0,18,19,3,7,0,0,0,0,0,0,0,3,1,5,6,2,-1,-1,1339,1,14,HONDA CIVIC,7,E01006222,0,-1
2023991362992,2023,991362992,1,9,0,17,19,1,6,0,0,0,0,0,0,0,1,1,5,6,1,18,4,1339,1,13,HONDA CIVIC,5,-1,0,-1
2023411273867,2023,411273867,2,9,0,3,3,5,1,0,0,0,0,0,0,0,2,1,6,6,2,33,6,1799,1,17,HONDA CIVIC,9,E01017432,0,-1
2023070087004,2023,070087004,2,9,0,18,19,6,2,0,0,1,0,0,0,11,1,1,2,2,2,17,4,1339,1,15,HONDA CIVIC,-1,-1,0,-1
2023340WN6612,2023,340WN6612,1,9,0,14,14,3,7,0,0,0,1,0,0,0,1,1,1,1,1,26,6,1799,1,16,HONDA CIVIC,3,E01027065,0,-1
2023201390114,2023,201390114,1,9,0,18,19,6,2,0,0,8,0,0,0,0,1,1,5,6,1,18,4,1498,1,5,HONDA CIVIC,4,E01009238,0,-1
2023451296681,2023,451296681,1,9,0,18,19,1,5,0,0,0,1,0,0,0,1,1,6,6,1,54,8,1998,1,15,HONDA CIVIC,5,E01030814,0,-1
2023010451360,2023,010451360,1,9,0,18,19,4,8,0,0,0,0,0,0,0,1,1,6,6,2,44,7,1798,1,8,HONDA CIVIC,4,E01001173,0,-1
2023302300479,2023,302300479,1,9,0,18,19,1,3,0,0,3,0,0,0,0,1,1,6,6,1,39,7,1339,1,8,HONDA CIVIC,8,E01019517,0,-1
2023231379399,2023,231379399,1,9,0,18,19,5,1,0,0,0,0,0,0,0,1,1,6,6,3,33,6,1493,1,23,HONDA CIVIC,-1,-1,0,-1
2023451294586,2023,451294586,1,9,0,5,5,1,1,0,0,0,0,0,0,0,1,1,5,6,1,45,7,1590,1,19,HONDA CIVIC,8,E01030479,0,-1
2023622300218,2023,622300218,2,9,0,17,19,8,4,0,0,0,0,0,0,0,1,1,6,6,2,44,7,1590,1,18,HONDA CIVIC,3,W01001322,0,-1
2023520400877,2023,520400877,2,9,0,2,2,0,0,0,0,0,0,0,0,0,2,1,6,6,2,45,7,2204,2,17,HONDA CIVIC,6,E01029077,0,-1
2023061344855,2023,061344855,1,9,0,18,19,2,6,0,0,0,0,0,0,0,4,1,6,6,1,30,6,1799,1,16,HONDA CIVIC,-1,-1,0,-1
2023421260671,2023,421260671,1,3,0,9,9,3,5,0,0,1,5,0,7,11,1,1,5,6,2,51,8,50,1,16,-1,-1,-1,0,-1
2023501373171,2023,501373171,1,17,0,18,19,6,2,0,0,0,2,0,0,0,4,1,5,6,1,13,3,854,2,5,-1,6,E01020246,0,-1
2023052300137,2023,052300137,1,3,0,18,19,8,4,0,0,0,1,0,0,0,4,1,6,6,1,33,6,125,1,3,KEEWAY RKS 125,2,E01018564,0,-1
2023520401067,2023,520401067,1,3,0,3,3,3,7,0,0,1,0,0,0,0,2,1,6,6,1,41,7,125,1,5,KEEWAY RKS 125,2,E01029239,0,-1