collision_index,collision_year,collision_ref_no,vehicle_reference,vehicle_type,towing_and_articulation,vehicle_manoeuvre_historic,vehicle_manoeuvre,vehicle_direction_from,vehicle_direction_to,vehicle_location_restricted_lane_historic,vehicle_location_restricted_lane,junction_location,skidding_and_overturning,hit_object_in_carriageway,vehicle_leaving_carriageway,hit_object_off_carriageway,first_point_of_impact,vehicle_left_hand_drive,journey_purpose_of_driver_historic,journey_purpose_of_driver,sex_of_driver,age_of_driver,age_band_of_driver,engine_capacity_cc,propulsion_code,age_of_vehicle,generic_make_model,driver_imd_decile,lsoa_of_driver,escooter_flag,driver_distance_banding
2023302301671,2023,302301671,1,9,0,18,19,8,4,0,0,2,0,0,0,0,1,1,6,6,1,37,7,1560,2,10,PEUGEOT 5008,5,E01019529,0,-1
2023421342055,2023,421342055,2,9,0,18,19,6,2,0,0,0,0,0,0,0,2,1,5,6,1,35,6,1500,2,1,PEUGEOT 5008,3,E01021862,0,-1
2023622400008,2023,622400008,1,9,0,18,19,6,2,0,0,0,1,0,1,7,1,1,6,6,1,40,7,1499,2,0,PEUGEOT 5008,10,W01001036,0,-1
2023451374537,2023,451374537,2,9,0,18,19,1,5,0,0,0,0,0,0,0,3,1,2,2,1,37,7,1200,1,5,PEUGEOT 5008,3,E01003379,0,-1
2023010454296,2023,010454296,2,9,0,99,99,9,9,99,99,9,9,99,9,99,2,9,6,6,1,62,9,1598,1,3,PEUGEOT 5008,2,E01001777,0,-1
2023471355450,2023,471355450,1,9,0,17,19,7,3,0,0,0,5,0,1,2,1,1,6,6,2,45,7,1560,2,12,PEUGEOT 5008,4,E01021006,0,-1
2023471343860,2023,471343860,2,9,0,2,2,0,0,0,0,0,0,0,0,0,4,1,6,6,3,-1,-1,1199,1,0,PEUGEOT 5008,-1,-1,0,-1
2023131261404,2023,131261404,1,9,0,12,12,7,3,0,0,2,0,0,7,0,1,1,6,6,3,-1,-1,1500,2,5,PEUGEOT 5008,-1,-1,0,-1
2023010447568,2023,010447568,1,9,0,9,9,2,8,0,0,6,0,0,0,0,1,1,6,6,1,28,6,1598,1,2,PEUGEOT 5008,3,E01032581,0,-1
2023052302623,2023,052302623,2,9,0,18,19,7,3,0,0,8,0,0,0,0,3,1,6,6,1,32,6,1997,2,8,PEUGEOT 5008,1,E01006693,0,-1
2023061331851,2023,061331851,2,9,0,9,9,-1,-1,0,0,0,0,0,0,0,1,1,6,6,2,39,7,1500,2,3,PEUGEOT 5008,9,E01006173,0,-1
2023501294680,2023,501294680,3,9,0,17,19,3,7,0,0,0,0,0,1,0,1,1,5,6,1,46,8,1200,1,5,PEUGEOT 5008,10,E01003362,0,-1
2023501280753,2023,501280753,2,9,0,10,10,3,1,0,0,1,0,0,0,0,4,1,6,6,2,17,4,1200,1,3,PEUGEOT 5008,2,E01020111,0,-1
2023302300556,2023,302300556,2,9,0,18,19,4,8,0,0,1,0,0,0,0,2,1,6,6,1,61,9,1560,2,5,PEUGEOT 5008,4,E01020738,0,-1
2023622300409,2023,622300409,1,9,0,17,19,8,4,0,0,0,0,0,0,0,4,1,4,7,2,30,6,1997,2,13,PEUGEOT 5008,8,W01000876,0,-1
2023461325993,2023,461325993,1,9,0,18,19,7,3,0,0,2,0,0,7,10,1,1,6,6,1,32,6,1560,2,5,PEUGEOT 5008,8,E01016094,0,-1
2023440386197,2023,440386197,3,9,0,4,4,2,6,0,0,0,0,0,0,0,2,1,2,2,1,55,8,1500,2,2,PEUGEOT 5008,2,E01022655,0,-1
2023201416948,2023,201416948,1,9,0,18,19,6,2,0,0,2,0,10,2,10,4,1,6,6,1,76,11,1560,2,7,PEUGEOT 5008,8,E01009668,0,-1
2023031304163,2023,031304163,1,9,0,17,19,5,1,0,0,0,0,0,0,0,1,1,1,1,1,52,8,1500,2,4,PEUGEOT 5008,1,-1,0,-1
2023411313461,2023,411313461,1,9,0,9,9,7,3,0,0,0,0,0,0,0,1,1,5,6,1,38,7,1598,1,10,PEUGEOT 5008,10,E01023614,0,-1
2023622300150,2023,622300150,1,9,0,18,19,6,2,0,0,0,0,0,0,0,4,1,6,6,1,67,10,1500,2,4,PEUGEOT 5008,3,W01000945,0,-1
2023461383841,2023,461383841,2,9,0,18,19,7,3,0,0,0,0,0,0,0,1,1,1,1,1,50,8,1997,2,1,PEUGEOT 5008,10,E01024147,0,-1
2023010427221,2023,010427221,2,9,0,99,99,9,9,99,99,9,9,99,9,99,9,9,6,6,3,-1,-1,1560,2,7,PEUGEOT 5008,-1,-1,0,-1
2023201289066,2023,201289066,1,9,0,18,19,6,2,0,0,0,0,0,0,0,1,1,6,6,1,68,10,1200,1,1,PEUGEOT 5008,1,E01009137,0,-1
2023451312473,2023,451312473,1,9,0,18,19,1,5,0,0,1,0,0,0,0,1,1,5,6,2,83,11,1560,2,8,PEUGEOT 5008,9,E01031504,0,-1
2023430176395,2023,430176395,2,9,0,18,19,1,5,0,0,0,0,0,0,0,4,1,3,7,2,39,7,1560,2,11,PEUGEOT 5008,5,E01028530,0,-1
2023131269462,2023,131269462,1,9,0,18,19,1,5,0,0,0,0,0,0,0,1,1,5,6,1,40,7,1560,2,11,PEUGEOT 5008,5,E01011765,0,-1
2023141378487,2023,141378487,3,9,0,18,19,6,2,0,0,0,0,0,0,0,2,1,6,6,1,58,9,1500,2,4,PEUGEOT 5008,7,E01019553,0,-1
2023010478281,2023,010478281,1,9,0,9,9,1,7,0,0,5,0,0,0,0,4,1,6,6,2,43,7,1199,1,0,PEUGEOT 5008,10,E01004101,0,-1
2023351321619,2023,351321619,2,9,0,18,19,7,3,0,0,1,0,0,0,0,1,1,1,1,1,44,7,1500,2,3,PEUGEOT 5008,7,E01020075,0,-1
2023070948480,2023,070948480,2,9,0,16,19,3,5,0,0,1,0,0,0,0,0,1,6,6,1,54,8,1200,1,1,PEUGEOT 5008,6,E01006900,0,-1
2023440484155,2023,440484155,2,9,0,18,19,6,5,0,0,8,0,0,0,0,1,1,6,6,1,20,4,1200,1,5,PEUGEOT 5008,-1,-1,0,-1
2023061278617,2023,061278617,2,9,0,3,3,7,3,0,0,8,0,0,0,0,2,1,5,6,2,38,7,1500,2,3,PEUGEOT 5008,9,E01006173,0,-1
2023440411051,2023,440411051,1,3,0,9,9,7,5,0,0,8,0,0,0,0,4,1,6,6,1,18,4,125,1,2,-1,-1,-1,0,-1
2023622300885,2023,622300885,2,3,0,18,19,4,8,0,0,1,0,0,0,0,3,1,6,6,1,63,9,125,1,1,-1,9,W01001743,0,-1
2023421284422,2023,421284422,2,3,0,18,19,3,7,0,0,0,0,0,0,0,3,1,6,6,1,34,6,125,1,3,-1,4,E01021799,0,-1
2023545804823,2023,545804823,1,3,0,18,19,1,5,0,0,0,0,0,0,0,1,1,6,6,1,21,5,125,1,2,-1,-1,-1,0,-1
2023461387517,2023,461387517,1,3,0,18,19,4,8,0,0,1,0,0,0,0,1,1,6,6,1,18,4,125,1,1,-1,7,E01024388,0,-1
2023440364474,2023,440364474,1,3,0,12,12,3,7,0,0,0,0,0,0,0,1,1,6,6,1,21,5,125,1,2,-1,4,E01022484,0,-1
2023031353545,2023,031353545,1,5,0,5,5,7,7,0,0,1,0,0,0,0,0,1,6,6,1,27,6,750,1,20,-1,-1,-1,0,-1
2023421267634,2023,421267634,1,5,0,18,19,7,3,0,0,0,1,0,0,0,3,1,5,6,1,40,7,749,1,25,-1,5,E01021261,0,-1
2023371358040,2023,371358040,1,5,0,18,19,3,1,0,0,0,0,0,0,0,3,1,6,6,1,18,4,749,1,23,-1,1,E01030249,0,-1
2023991294968,2023,991294968,1,5,0,9,9,1,7,0,0,5,0,0,0,0,3,1,5,6,1,62,9,750,1,20,-1,1,-1,0,-1
2023461283270,2023,461283270,1,5,0,18,19,6,2,0,0,1,1,4,7,0,4,1,6,6,1,34,6,750,1,23,-1,3,E01024684,0,-1
2023221309037,2023,221309037,1,5,0,16,19,4,6,0,0,0,1,0,7,0,1,1,5,6,1,55,8,750,1,23,-1,9,E01032451,0,-1
2023501316625,2023,501316625,1,5,0,4,4,8,4,0,0,0,2,0,0,0,1,1,5,6,1,66,10,750,1,17,-1,4,E01029232,0,-1
2023440442669,2023,440442669,1,5,0,18,19,1,5,0,0,8,0,0,0,0,4,1,6,6,1,22,5,750,1,25,-1,2,E01017356,0,-1
2023302301408,2023,302301408,2,5,0,18,19,2,6,0,0,8,0,0,0,0,1,1,6,6,1,56,9,900,1,3,-1,7,E01019713,0,-1
2023361317294,2023,361317294,2,4,0,18,19,5,1,0,0,0,0,0,0,0,0,1,5,6,1,58,9,900,1,2,-1,5,E01026464,0,-1
2023231317623,2023,231317623,2,3,0,18,19,2,6,0,0,8,0,0,0,0,1,1,5,6,1,22,5,900,1,5,-1,8,W01000610,0,-1
2023010427655,2023,010427655,1,5,0,99,99,9,9,99,99,9,9,99,9,99,9,1,2,2,1,34,6,900,1,6,-1,2,E01003980,0,-1
202360A003946,2023,60A003946,1,4,0,18,19,6,3,0,0,1,0,0,0,0,4,1,6,6,1,40,7,900,1,1,-1,-1,-1,0,-1
2023520300775,2023,520300775,2,9,0,18,19,3,7,0,0,0,0,0,0,0,3,1,6,6,1,29,6,1986,1,36,-1,6,E01029266,0,-1
2023520400178,2023,520400178,1,5,0,16,19,7,2,0,0,8,0,0,0,0,3,1,6,6,2,55,8,-1,-1,-1,-1,4,E01029298,0,-1
2023552300653,2023,552300653,1,5,0,18,19,3,7,0,0,0,0,0,1,4,1,1,6,6,1,52,8,1670,1,17,-1,3,E01015449,0,-1
2023471332017,2023,471332017,2,5,0,18,19,2,6,0,0,8,0,0,0,0,3,1,6,6,1,58,9,535,1,20,-1,5,E01016877,0,-1
2023311321333,2023,311321333,1,5,0,16,19,1,2,0,0,8,1,0,0,0,0,1,5,6,1,78,11,535,1,26,-1,1,E01028055,0,-1
2023430355855,2023,430355855,2,5,0,18,19,2,6,0,0,8,0,0,0,0,4,1,2,2,1,48,8,1600,1,23,-1,5,E01016560,0,-1
2023010463254,2023,010463254,1,3,0,18,19,5,1,0,0,5,0,0,0,0,1,1,6,6,1,41,7,1699,1,15,-1,1,E01003511,0,-1
2023461375999,2023,461375999,2,5,0,14,14,7,7,0,0,0,1,0,0,0,0,1,5,6,1,25,5,535,1,26,-1,5,E01024716,0,-1
2023070680258,2023,070680258,1,3,0,4,4,5,1,0,0,0,1,0,0,0,4,1,2,2,1,38,7,535,1,24,-1,9,W01000399,0,-1
202354D333123,2023,54D333123,1,4,0,9,9,2,1,0,0,6,0,0,0,0,3,1,6,6,1,25,5,535,1,21,-1,2,E01031896,0,-1
202360A044240,2023,60A044240,1,5,0,16,19,8,4,0,0,1,1,0,0,0,3,1,6,6,1,74,10,535,1,27,-1,-1,-1,0,-1
2023631315988,2023,631315988,1,5,0,16,19,5,8,0,0,1,0,0,1,10,1,1,5,6,1,78,11,535,1,23,-1,3,W01001498,0,-1
2023991280610,2023,991280610,1,90,0,7,7,7,2,0,0,3,0,0,0,0,1,1,5,6,1,22,5,348,1,17,-1,1,-1,0,-1
2023041318762,2023,041318762,1,97,0,18,19,3,3,0,0,6,0,0,0,0,1,1,6,6,1,33,6,660,1,18,-1,1,E01025218,0,-1
2023461358723,2023,461358723,2,90,0,18,19,7,3,0,0,0,0,0,0,0,1,1,6,6,1,39,7,638,1,17,-1,3,E01016150,0,-1
2023141347334,2023,141347334,1,17,0,16,19,5,1,0,0,0,0,0,0,0,4,1,5,6,1,24,5,638,1,19,-1,3,E01032550,0,-1
2023351370256,2023,351370256,2,9,0,7,7,-1,-1,0,0,5,0,0,0,0,4,1,5,6,1,52,8,1986,2,15,AUDI A4,10,E01018216,0,-1
2023552301356,2023,552301356,2,9,0,4,4,4,8,0,0,0,0,0,0,0,2,1,2,2,2,27,6,1984,1,16,AUDI A4,9,E01023076,0,-1
2023451329491,2023,451329491,1,9,0,9,9,5,1,0,0,5,0,0,0,0,2,1,2,2,1,32,6,1968,2,7,AUDI A4,-1,-1,0,-1
2023311386890,2023,311386890,1,9,0,18,19,1,5,0,0,1,0,0,0,0,1,1,6,6,2,80,11,1781,1,24,AUDI A4,3,E01028338,0,-1
202360A016961,2023,60A016961,2,9,0,3,3,4,8,0,0,0,0,0,0,0,2,1,6,6,1,48,8,1968,2,11,AUDI A4,-1,-1,0,-1
2023131309629,2023,131309629,4,9,0,2,2,0,0,0,0,0,0,4,0,0,4,1,6,6,3,-1,-1,1968,2,11,AUDI A4,-1,-1,0,-1
2023201291161,2023,201291161,1,9,0,18,19,6,2,0,0,2,0,4,0,0,1,1,6,6,1,-1,-1,1896,2,18,AUDI A4,-1,-1,0,-1
2023430064105,2023,430064105,3,9,0,3,3,2,6,0,0,0,0,0,0,0,3,1,6,6,2,24,5,1968,2,13,AUDI A4,9,E01028738,0,-1
2023520301156,2023,520301156,1,9,0,18,19,6,2,0,0,0,5,0,1,0,0,1,6,6,1,39,7,1896,2,19,AUDI A4,4,E01032516,0,-1
2023101285963,2023,101285963,2,9,0,9,9,5,7,0,0,1,0,0,7,0,3,1,5,6,1,63,9,1968,2,9,AUDI A4,5,E01027447,0,-1
202360A136610,2023,60A136610,1,9,0,18,19,2,6,0,0,8,5,0,1,2,1,1,6,6,1,41,7,1986,2,18,AUDI A4,-1,-1,0,-1
2023010466132,2023,010466132,1,9,0,18,19,1,5,0,0,0,0,0,0,0,1,1,2,2,1,32,6,1968,2,9,AUDI A4,9,E01017450,0,-1
2023430292437,2023,430292437,1,9,0,13,13,3,7,0,0,0,0,0,0,0,1,1,6,6,1,43,7,1968,2,2,AUDI A4,8,E01016760,0,-1
2023010441017,2023,010441017,1,9,0,99,99,9,9,99,99,9,9,99,9,99,2,9,6,6,1,39,7,1968,2,8,AUDI A4,5,E01004519,0,-1
2023201448219,2023,201448219,2,9,0,18,19,2,6,0,0,8,0,0,0,0,1,1,6,6,1,60,9,1968,2,14,AUDI A4,9,E01009528,0,-1
2023070158151,2023,070158151,5,9,0,4,4,7,3,0,0,0,0,0,0,0,2,1,1,1,1,60,9,1968,2,10,AUDI A4,9,W01000212,0,-1
2023440407446,2023,440407446,3,9,0,4,4,4,8,0,0,1,0,0,0,0,1,1,6,6,3,-1,-1,1986,2,16,AUDI A4,-1,-1,0,-1
2023320592795,2023,320592795,1,9,0,9,9,8,6,0,0,6,0,0,0,0,1,1,6,6,1,73,10,1968,2,13,AUDI A4,1,E01026126,0,-1
2023991369571,2023,991369571,1,9,0,18,19,2,7,0,0,1,0,0,0,0,4,1,3,7,2,34,6,1968,2,7,AUDI A4,1,-1,0,-1
2023010426354,2023,010426354,1,9,0,18,19,4,8,0,0,1,0,0,0,0,1,1,6,6,1,54,8,1798,1,14,AUDI A4,3,E01001116,0,-1
2023010423379,2023,010423379,2,9,0,99,99,9,9,99,99,9,9,99,9,99,1,9,6,6,3,-1,-1,1984,1,5,AUDI A4,3,E01004426,0,-1
2023471343420,2023,471343420,1,9,0,7,7,1,3,0,0,5,0,0,0,0,4,1,6,6,3,-1,-1,1968,2,13,AUDI A4,-1,-1,0,-1
2023520400198,2023,520400198,1,9,0,18,19,7,3,0,0,0,1,0,0,0,1,1,6,6,1,33,6,1986,2,18,AUDI A4,5,E01019886,0,-1
2023170H10633,2023,170H10633,2,9,0,18,19,6,2,0,0,4,0,0,0,0,1,1,6,6,1,39,7,1968,2,14,AUDI A4,2,E01011957,0,-1
2023010479181,2023,010479181,3,9,0,5,5,3,7,0,0,0,0,0,0,0,3,1,6,6,1,45,7,1798,1,9,AUDI A4,4,E01003766,0,-1
2023010439970,2023,010439970,2,9,0,99,99,9,9,99,99,9,9,99,9,99,1,9,6,6,3,-1,-1,1984,1,16,AUDI A4,-1,-1,0,-1
2023501369555,2023,501369555,1,9,0,4,4,6,2,0,0,0,1,0,0,0,2,1,6,6,1,23,5,1968,2,8,AUDI A4,8,E01015068,0,-1
2023010436990,2023,010436990,1,9,0,99,99,9,9,99,99,0,9,99,9,99,9,9,6,6,3,33,6,1968,2,7,AUDI A4,4,E01003543,0,-1
2023010428060,2023,010428060,2,9,9,16,19,5,1,0,0,0,9,99,0,0,3,9,6,6,3,-1,-1,1984,1,19,AUDI A4,-1,-1,0,-1
2023471334741,2023,471334741,5,9,0,2,2,0,0,0,0,1,0,0,0,0,3,1,6,6,3,-1,-1,1968,2,15,AUDI A4,-1,-1,0,-1
2023471259593,2023,471259593,2,9,0,7,7,1,3,0,0,8,0,0,0,0,0,1,1,1,1,40,7,2967,2,10,AUDI A4,6,E01021034,0,-1
2023041327609,2023,041327609,1,9,0,9,9,1,5,0,0,3,0,0,0,0,1,1,6,6,3,-1,-1,1781,1,17,AUDI A4,-1,-1,0,-1
2023041278797,2023,041278797,2,9,0,9,9,3,7,0,0,8,0,0,0,0,1,1,3,7,2,37,7,2698,2,14,AUDI A4,3,E01012632,0,-1
2023041363164,2023,041363164,1,9,0,18,19,7,3,0,0,8,0,0,0,0,4,1,5,6,1,21,5,1896,2,18,AUDI A4,10,E01025103,0,-1
2023991298667,2023,991298667,3,9,0,3,3,7,3,0,0,0,0,0,0,0,2,1,5,6,1,36,7,1395,1,7,AUDI A4,7,-1,0,-1
2023061292190,2023,061292190,1,9,0,18,19,4,8,0,0,0,0,0,0,0,1,1,6,6,1,48,8,2967,2,8,AUDI A4,5,E01004809,0,-1
2023010454764,2023,010454764,2,9,0,99,99,9,9,99,99,9,9,99,9,99,9,9,6,6,3,-1,-1,1984,1,13,AUDI A4,-1,-1,0,-1
2023991346103,2023,991346103,1,9,0,18,19,1,5,0,0,0,0,0,0,0,1,1,6,6,3,-1,-1,1968,2,10,AUDI A4,-1,-1,0,-1
2023201286626,2023,201286626,1,9,0,5,5,1,5,0,0,0,0,0,0,0,1,1,6,6,1,-1,-1,1968,2,7,AUDI A4,-1,-1,0,-1
2023471319680,2023,471319680,2,9,0,16,19,1,5,0,0,0,5,0,0,0,1,1,5,6,1,43,7,1984,1,7,AUDI A4,7,E01021184,0,-1
2023440028394,2023,440028394,4,9,0,2,2,0,0,0,0,2,0,0,0,0,1,1,6,6,3,-1,-1,1968,2,13,AUDI A4,-1,-1,0,-1
2023549620323,2023,549620323,2,9,0,18,19,3,7,0,0,0,0,0,0,0,3,1,6,6,1,40,7,1968,2,7,AUDI A4,4,E01032014,0,-1
2023991263790,2023,991263790,2,9,0,18,19,8,4,0,0,0,0,0,0,0,1,1,6,6,1,32,6,1968,2,6,AUDI A4,5,-1,0,-1
2023991337143,2023,991337143,2,9,0,18,19,6,3,0,0,8,0,0,0,0,1,1,6,6,2,54,8,1968,2,2,AUDI A4,8,-1,0,-1
2023201444640,2023,201444640,3,9,0,18,19,8,4,0,0,8,0,0,0,0,0,1,6,6,1,-1,-1,1984,1,1,AUDI A4,-1,-1,0,-1
2023440419211,2023,440419211,2,9,0,18,19,4,8,0,0,1,0,0,0,0,1,1,6,6,3,-1,-1,1968,2,7,AUDI A4,-1,-1,0,-1
2023552400100,2023,552400100,2,9,0,18,19,2,6,0,0,0,0,0,0,0,2,1,6,6,1,20,4,1984,1,0,AUDI A4,8,E01020474,0,-1
2023991384421,2023,991384421,1,9,0,18,19,5,1,0,0,0,2,0,1,4,3,1,5,6,1,39,7,1984,1,18,AUDI A4,2,-1,0,-1
2023451318857,2023,451318857,2,9,0,18,19,4,2,0,0,0,0,0,0,0,1,1,2,2,1,44,7,1968,2,14,AUDI A4,10,E01030635,0,-1
2023991271682,2023,991271682,1,9,0,18,19,1,5,0,0,1,0,0,7,7,4,1,5,6,1,27,6,1968,2,3,AUDI A4,1,-1,0,-1
2023411325361,2023,411325361,2,9,0,18,19,5,1,0,0,0,0,0,0,0,4,1,5,6,1,26,6,1984,1,17,AUDI A4,3,E01001669,0,-1
2023010483404,2023,010483404,2,9,0,4,4,7,3,0,0,1,0,0,0,0,1,1,6,6,1,43,7,1798,1,13,AUDI A4,2,E01003390,0,-1
2023201418017,2023,201418017,1,9,0,9,9,4,7,0,0,0,1,0,0,0,4,1,6,6,1,41,7,1968,2,13,AUDI A4,2,E01010428,0,-1
2023131313954,2023,131313954,2,9,0,13,13,5,8,0,0,0,0,0,0,0,1,1,6,6,3,-1,-1,2496,2,18,AUDI A4,-1,-1,0,-1
2023131313474,2023,131313474,3,9,0,2,2,0,0,0,0,0,0,0,0,0,3,1,6,6,3,-1,-1,1395,1,7,AUDI A4,-1,-1,0,-1
2023991297591,2023,991297591,2,9,0,18,19,2,6,0,0,0,0,0,0,0,1,1,1,1,1,33,6,1984,1,1,AUDI A4,-1,-1,0,-1
2023501291484,2023,501291484,1,9,0,18,19,1,5,0,0,0,0,0,8,10,3,1,5,6,1,25,5,1968,2,11,AUDI A4,-1,-1,0,-1
2023010428057,2023,010428057,2,9,9,99,99,9,9,99,99,9,9,99,9,99,9,9,6,6,3,-1,-1,2967,2,9,AUDI A4,-1,-1,0,-1
2023141293384,2023,141293384,2,9,0,4,4,8,4,0,0,1,0,0,0,0,2,1,6,6,1,39,7,1968,2,9,AUDI A4,2,E01033278,0,-1
2023201411747,2023,201411747,2,9,0,7,7,8,3,0,0,3,0,0,0,0,3,1,1,1,2,27,6,1984,1,3,AUDI A4,1,E01010032,0,-1
2023340WN3692,2023,340WN3692,3,9,0,3,3,1,5,0,0,1,0,0,0,0,2,1,6,6,1,33,6,1986,2,18,AUDI A4,5,E01027176,0,-1
2023041282859,2023,041282859,2,9,0,2,2,0,0,0,0,1,0,0,0,0,1,1,6,6,1,35,6,1968,2,4,AUDI A4,5,E01012411,0,-1
2023131388409,2023,131388409,1,9,0,16,19,3,7,0,0,0,1,4,0,0,4,1,5,6,2,27,6,1986,2,16,AUDI A4,2,E01011814,0,-1
2023052300063,2023,052300063,1,9,0,6,6,5,5,0,0,0,0,0,0,0,3,1,6,6,2,57,9,1968,2,9,AUDI A4,7,E01006666,0,-1
2023010453873,2023,010453873,1,9,0,7,7,4,7,0,0,1,0,0,0,0,4,1,6,6,1,38,7,1395,1,5,AUDI A4,-1,-1,0,-1
2023451275777,2023,451275777,1,9,0,9,9,6,2,0,0,1,0,0,0,0,3,1,5,6,1,54,8,1968,2,11,AUDI A4,9,E01030317,0,-1
2023201287462,2023,201287462,2,9,0,18,19,4,8,0,0,0,1,0,0,0,1,1,6,6,1,46,8,1984,1,14,AUDI A4,1,E01033650,0,-1
2023041391109,2023,041391109,1,9,0,1,1,5,1,0,0,0,0,0,0,0,2,1,6,6,1,43,7,1984,1,4,AUDI A4,6,E01025176,0,-1
2023320658535,2023,320658535,1,9,0,18,19,1,5,0,0,0,0,0,0,0,1,1,2,2,1,34,6,1984,1,18,AUDI A4,7,E01003682,0,-1
2023010442846,2023,010442846,1,9,0,3,3,3,7,0,0,0,0,4,0,0,2,1,6,6,1,24,5,1984,1,17,AUDI A4,2,E01000904,0,-1
2023122300796,2023,122300796,2,9,0,3,3,7,3,0,0,0,0,0,0,0,2,1,6,6,2,38,7,1798,1,15,AUDI A4,3,E01027612,0,-1
2023311322089,2023,311322089,1,9,0,18,19,5,1,0,0,0,0,0,0,0,3,1,5,6,1,27,6,1968,2,9,AUDI A4,8,E01028176,0,-1
2023471368718,2023,471368718,1,9,0,18,19,4,7,0,0,0,0,0,0,0,1,1,5,6,1,34,6,1968,2,14,AUDI A4,6,E01031352,0,-1
2023401338264,2023,401338264,1,9,0,9,9,7,3,0,0,1,0,0,0,0,1,1,5,6,1,29,6,1984,1,17,AUDI A4,10,E01017399,0,-1
2023161299769,2023,161299769,1,9,0,18,19,4,8,0,0,0,0,0,0,0,1,1,5,6,1,32,6,1984,1,16,AUDI A4,6,E01013301,0,-1
2023320172446,2023,320172446,2,9,0,3,3,2,6,0,0,0,0,0,0,0,2,1,6,6,1,75,10,1984,1,17,AUDI A4,6,E01026251,0,-1
2023201288501,2023,201288501,3,9,0,3,3,8,4,0,0,0,0,0,0,0,2,1,6,6,3,-1,-1,1984,1,17,AUDI A4,-1,-1,0,-1
2023361297241,2023,361297241,1,9,0,9,9,8,2,0,0,8,0,0,0,0,3,1,1,1,1,46,8,1968,2,8,AUDI A4,6,E01033036,0,-1
2023010419585,2023,010419585,1,9,0,99,99,9,9,99,99,9,9,99,9,99,2,9,6,6,1,61,9,1781,1,17,AUDI A4,4,E01003770,0,-1
2023010454027,2023,010454027,2,9,9,99,99,9,9,99,99,9,9,99,9,99,9,1,6,6,1,-1,-1,1984,1,11,AUDI A4,2,E01004424,0,-1
2023991417384,2023,991417384,1,9,0,9,9,1,7,0,0,6,0,0,0,0,1,1,2,2,2,52,8,1968,2,8,AUDI A4,2,-1,0,-1
2023421293982,2023,421293982,2,9,0,3,3,7,1,0,0,3,0,0,0,0,2,1,5,6,2,41,7,1798,1,11,AUDI A4,-1,-1,0,-1
2023061275462,2023,061275462,1,9,0,18,19,1,5,0,0,1,0,0,0,0,1,1,6,6,3,30,6,1968,2,10,AUDI A4,-1,-1,0,-1
2023440504580,2023,440504580,1,9,0,18,19,3,7,0,0,8,1,10,3,2,4,1,6,6,1,19,4,1395,1,5,AUDI A4,7,E01022489,0,-1
2023440200023,2023,440200023,1,9,0,17,19,4,1,0,0,0,0,10,1,4,1,1,6,6,1,22,5,1986,2,17,AUDI A4,3,E01022739,0,-1
2023461382422,2023,461382422,2,9,0,18,19,7,3,0,0,0,0,0,0,0,3,1,6,6,1,39,7,1986,2,17,AUDI A4,6,E01024410,0,-1
2023440136547,2023,440136547,1,9,0,3,3,1,5,0,0,1,0,0,0,0,2,1,6,6,2,33,6,1984,1,3,AUDI A4,10,E01023024,0,-1
2023461332568,2023,461332568,1,9,0,18,19,7,3,0,0,0,0,0,0,0,1,1,2,2,1,25,5,1984,1,4,AUDI A4,8,E01024313,0,-1
2023461300575,2023,461300575,2,9,0,18,19,7,3,0,0,0,0,0,0,0,3,1,6,6,1,62,9,1986,2,17,AUDI A4,8,E01016144,0,-1
2023010449708,2023,010449708,2,9,0,99,99,9,9,99,99,9,9,99,9,99,9,9,6,6,3,-1,-1,1798,1,13,AUDI A4,-1,-1,0,-1
2023131382311,2023,131382311,2,9,0,2,2,7,3,0,0,8,0,0,0,0,0,1,6,6,3,-1,-1,1968,2,11,AUDI A4,-1,-1,0,-1
2023161349581,2023,161349581,1,9,0,9,9,7,5,4,4,1,0,0,0,0,3,1,5,6,1,46,8,1968,2,13,AUDI A4,1,E01012850,0,-1
2023010434353,2023,010434353,1,9,0,99,99,9,9,99,99,9,9,99,9,99,2,9,6,6,2,68,10,1986,2,16,AUDI A4,2,E01002604,0,-1
2023531339622,2023,531339622,1,9,0,18,19,3,7,0,0,0,0,0,0,0,1,1,6,6,1,40,7,1968,2,9,AUDI A4,8,E01022352,0,-1
2023552300560,2023,552300560,2,9,0,18,19,5,1,0,0,0,0,0,0,0,1,1,6,6,2,38,7,1984,1,7,AUDI A4,3,E01033241,0,-1
2023351351658,2023,351351658,2,9,0,18,19,5,1,0,0,3,0,0,0,0,4,1,5,6,2,25,5,2967,2,9,AUDI A4,9,E01033433,0,-1
2023201342261,2023,201342261,1,9,0,18,19,4,8,0,0,8,0,0,0,0,1,1,6,6,2,23,5,1968,2,14,AUDI A4,6,E01010380,0,-1
2023052302772,2023,052302772,3,9,0,2,2,0,0,0,0,0,0,0,0,0,3,1,6,6,3,-1,-1,1986,2,19,AUDI A4,-1,-1,0,-1
2023061363474,2023,061363474,1,9,0,16,19,7,3,0,0,1,0,0,0,0,0,1,6,6,3,30,6,2967,2,8,AUDI A4,-1,-1,0,-1
202363C010123,2023,63C010123,1,9,0,18,19,4,8,0,0,0,5,0,2,10,4,1,6,6,1,21,5,1986,2,17,AUDI A4,3,W01000568,0,-1
2023061312442,2023,061312442,3,9,0,18,19,7,3,0,0,0,0,0,0,0,2,1,5,6,2,36,7,1395,1,6,AUDI A4,3,E01005179,0,-1