collision_index,collision_year,collision_ref_no,vehicle_reference,vehicle_type,towing_and_articulation,vehicle_manoeuvre_historic,vehicle_manoeuvre,vehicle_direction_from,vehicle_direction_to,vehicle_location_restricted_lane_historic,vehicle_location_restricted_lane,junction_location,skidding_and_overturning,hit_object_in_carriageway,vehicle_leaving_carriageway,hit_object_off_carriageway,first_point_of_impact,vehicle_left_hand_drive,journey_purpose_of_driver_historic,journey_purpose_of_driver,sex_of_driver,age_of_driver,age_band_of_driver,engine_capacity_cc,propulsion_code,age_of_vehicle,generic_make_model,driver_imd_decile,lsoa_of_driver,escooter_flag,driver_distance_banding
2023141278083,2023,141278083,1,9,0,9,9,1,5,0,0,1,0,0,0,0,3,1,5,6,1,49,8,1968,2,6,AUDI A4,4,E01011753,0,-1
2023411275590,2023,411275590,2,9,0,18,19,2,7,0,0,1,1,0,7,0,4,1,5,6,2,54,8,1896,2,17,AUDI A4,10,E01023615,0,-1
2023141353698,2023,141353698,1,9,0,18,19,6,2,0,0,1,0,0,0,0,1,1,6,6,2,27,6,2967,2,14,AUDI A4,2,E01007854,0,-1
2023070671687,2023,070671687,3,9,0,18,19,6,2,0,0,2,0,0,0,0,4,1,6,6,1,69,10,1984,1,5,AUDI A4,5,E01006688,0,-1
2023991390369,2023,991390369,1,9,0,18,19,5,1,0,0,0,5,0,1,11,1,1,5,6,2,41,7,1984,1,1,AUDI A4,7,-1,0,-1
2023991271175,2023,991271175,2,9,0,18,19,4,8,0,0,1,0,0,0,0,1,1,1,1,2,37,7,1781,1,18,AUDI A4,9,-1,0,-1
2023320480121,2023,320480121,2,9,0,18,19,8,7,0,0,8,0,0,0,0,4,1,6,6,2,26,6,1986,2,16,AUDI A4,4,E01026016,0,-1
2023061351515,2023,061351515,1,9,0,5,5,5,1,0,0,0,0,0,0,0,1,1,6,6,3,30,6,1984,1,16,AUDI A4,-1,-1,0,-1
2023461331262,2023,461331262,1,9,0,18,19,4,7,0,0,0,0,0,0,0,1,1,5,6,1,23,5,1968,2,7,AUDI A4,1,E01021306,0,-1
2023340WN0782,2023,340WN0782,1,9,0,12,12,1,5,0,0,8,0,0,0,0,3,1,2,2,1,40,7,1968,2,10,AUDI A4,3,E01027152,0,-1
2023010438774,2023,010438774,2,9,0,18,19,7,3,0,0,5,0,4,1,0,1,1,6,6,1,23,5,1986,2,18,AUDI A4,1,E01000782,0,-1
2023141357790,2023,141357790,2,9,0,18,19,5,1,0,0,8,0,0,0,0,1,1,1,1,1,82,11,1986,2,18,AUDI A4,8,E01007712,0,-1
2023061317562,2023,061317562,1,9,0,7,7,3,7,0,0,3,0,0,0,0,1,1,6,6,3,30,6,1896,2,20,AUDI A4,-1,-1,0,-1
2023302300895,2023,302300895,1,9,0,18,19,8,4,0,0,2,0,4,0,0,4,1,6,6,2,48,8,1968,2,9,AUDI A4,5,E01019494,0,-1
2023101312082,2023,101312082,1,9,0,7,7,1,3,0,0,8,0,0,0,0,4,1,6,6,1,32,6,1968,2,10,AUDI A4,5,E01020590,0,-1
2023340WN4802,2023,340WN4802,3,9,0,18,19,5,1,0,0,2,0,0,0,0,1,1,6,6,1,28,6,1968,2,18,AUDI A4,4,E01016347,0,-1
2023991280037,2023,991280037,3,9,0,18,19,1,5,0,0,1,0,0,0,0,1,1,6,6,1,33,6,1984,1,1,AUDI A4,-1,-1,0,-1
2023041379117,2023,041379117,1,9,0,18,19,3,7,0,0,0,0,0,0,0,1,1,6,6,1,31,6,1968,2,10,AUDI A4,3,E01025310,0,-1
2023991314415,2023,991314415,1,9,0,5,5,1,5,0,0,6,0,0,1,4,1,1,5,6,2,51,8,1968,2,10,AUDI A4,10,-1,0,-1
2023141387968,2023,141387968,2,9,0,9,9,8,6,0,0,8,0,0,0,0,3,1,5,6,1,56,9,1968,2,11,AUDI A4,3,E01007533,0,-1
2023131263547,2023,131263547,1,9,0,16,19,1,5,0,0,3,0,0,0,0,4,1,6,6,1,-1,-1,1968,2,13,AUDI A4,-1,-1,0,-1
2023010428027,2023,010428027,6,9,0,2,2,0,0,0,0,2,0,0,0,0,1,1,6,6,3,-1,-1,1986,2,16,AUDI A4,-1,-1,0,-1
2023471366580,2023,471366580,1,9,0,18,19,1,5,0,0,0,0,0,0,0,1,1,6,6,1,35,6,1968,2,11,AUDI A4,10,E01030581,0,-1
2023141304716,2023,141304716,1,9,0,18,19,8,4,0,0,1,0,0,0,0,1,1,2,2,2,25,5,1968,2,11,AUDI A4,1,E01007916,0,-1
2023531366382,2023,531366382,3,9,0,4,4,4,8,0,0,1,0,0,0,0,2,1,5,6,1,62,9,2976,1,21,AUDI A4,5,E01014004,0,-1
2023371343959,2023,371343959,1,9,0,18,19,5,1,0,0,0,0,0,0,0,1,1,5,6,1,48,8,1986,2,18,AUDI A4,4,E01026864,0,-1
2023531300414,2023,531300414,1,9,0,18,19,8,4,0,0,0,0,0,0,0,1,1,5,6,1,54,8,1968,2,13,AUDI A4,3,E01022403,0,-1
2023320495802,2023,320495802,1,9,0,16,19,6,2,0,0,1,1,0,7,0,1,1,6,6,1,58,9,1984,1,17,AUDI A4,4,E01026183,0,-1
2023471343079,2023,471343079,2,9,0,9,9,7,5,0,0,6,0,0,0,0,3,1,5,6,1,49,8,2967,2,13,AUDI A4,10,E01030871,0,-1
2023552300752,2023,552300752,1,9,0,18,19,2,6,0,0,0,1,0,0,0,1,1,6,6,1,45,7,1986,2,16,AUDI A4,10,E01030606,0,-1
2023201401807,2023,201401807,2,9,0,7,7,2,4,0,0,1,0,0,0,0,2,1,6,6,1,59,9,1798,1,15,AUDI A4,3,E01008933,0,-1
2023161352593,2023,161352593,1,9,0,4,4,5,1,0,0,0,0,0,0,0,1,1,5,6,1,90,11,1781,1,19,AUDI A4,10,E01012978,0,-1
2023201278639,2023,201278639,1,9,0,18,19,4,8,0,0,2,0,0,0,0,1,1,6,6,1,36,7,1968,2,10,AUDI A4,1,E01009146,0,-1
2023991321785,2023,991321785,1,9,0,18,19,2,6,0,0,0,0,0,0,0,1,1,5,6,1,19,4,1798,1,14,AUDI A4,1,-1,0,-1
2023041312091,2023,041312091,2,9,0,2,2,0,0,0,0,0,0,0,0,0,2,1,6,6,3,-1,-1,1968,2,13,AUDI A4,-1,-1,0,-1
2023401344246,2023,401344246,1,9,0,18,19,5,1,0,0,8,0,0,0,0,1,1,6,6,1,37,7,1968,2,10,AUDI A4,4,E01017473,0,-1
2023531410638,2023,531410638,1,9,0,18,19,8,4,0,0,0,0,0,0,0,1,1,6,6,1,38,7,1896,2,19,AUDI A4,6,E01022374,0,-1
2023991292542,2023,991292542,1,9,0,4,4,7,3,0,0,0,0,0,0,0,1,1,2,2,2,26,6,1984,1,4,AUDI A4,6,-1,0,-1
2023061365814,2023,061365814,2,9,0,18,19,5,1,0,0,1,0,0,0,0,3,1,2,2,2,34,6,1984,1,3,AUDI A4,8,E01004892,0,-1
2023440311265,2023,440311265,1,9,0,16,19,6,1,0,0,0,0,0,1,9,1,1,6,6,1,35,6,1968,2,10,AUDI A4,6,E01022824,0,-1
2023631365636,2023,631365636,2,9,0,3,3,6,2,0,0,8,0,0,0,0,2,1,6,6,2,42,7,1986,2,17,AUDI A4,7,W01000690,0,-1
2023041371802,2023,041371802,2,9,0,18,19,3,7,0,0,1,0,0,0,0,1,1,6,6,1,72,10,2967,2,8,AUDI A4,8,E01025344,0,-1
2023461273098,2023,461273098,1,9,0,18,19,5,1,0,0,0,0,0,0,0,1,1,6,6,1,51,8,1395,1,7,AUDI A4,8,E01024043,0,-1
2023070501962,2023,070501962,1,9,0,5,5,1,5,0,0,6,0,0,0,0,3,1,6,6,2,50,8,1986,2,14,AUDI A4,-1,-1,0,-1
2023451377338,2023,451377338,2,9,0,18,19,3,7,0,0,1,0,0,0,0,1,1,5,6,1,59,9,1984,1,16,AUDI A4,9,E01030783,0,-1
2023061346280,2023,061346280,2,9,0,18,19,1,5,0,0,1,0,0,0,0,1,1,6,6,2,29,6,1395,1,7,AUDI A4,-1,-1,0,-1
2023411271590,2023,411271590,2,9,0,18,19,5,1,0,0,0,0,0,0,0,2,1,2,2,1,23,5,1968,2,8,AUDI A4,3,E01015728,0,-1
2023061322190,2023,061322190,1,9,0,9,9,7,5,0,0,1,0,0,0,0,1,1,6,6,2,59,9,1968,2,15,AUDI A4,3,E01005818,0,-1
2023201279088,2023,201279088,3,9,0,18,19,4,8,0,0,0,0,0,0,0,0,1,1,1,1,-1,-1,1984,1,1,AUDI A4,-1,-1,0,-1
2023311260158,2023,311260158,2,9,0,18,19,7,3,0,0,0,0,0,0,0,1,1,5,6,1,78,11,1968,2,7,AUDI A4,8,E01028327,0,-1
2023161315885,2023,161315885,2,9,0,10,10,4,2,0,0,8,0,0,0,0,2,1,5,6,2,44,7,1968,2,8,AUDI A4,4,E01012904,0,-1
2023471390016,2023,471390016,2,9,0,2,2,0,0,0,0,2,0,0,7,0,2,1,6,6,3,-1,-1,1986,2,17,AUDI A4,-1,-1,0,-1
2023201346807,2023,201346807,2,9,0,18,19,8,3,0,0,4,0,0,0,0,4,1,6,6,1,21,5,1986,2,15,AUDI A4,1,E01009513,0,-1
2023461373046,2023,461373046,1,9,0,18,19,3,7,0,0,1,0,0,0,0,1,1,6,6,1,-1,-1,2393,1,20,AUDI A4,-1,-1,0,-1
2023991341115,2023,991341115,4,9,0,2,2,0,0,0,0,0,0,0,0,0,2,1,6,6,3,-1,-1,1968,2,7,AUDI A4,-1,-1,0,-1
2023221291955,2023,221291955,1,9,0,18,19,7,3,0,0,1,0,0,0,0,1,1,5,6,1,53,8,1968,2,2,AUDI A4,6,E01014184,0,-1
2023471358468,2023,471358468,3,9,0,5,5,8,4,0,0,2,0,0,0,0,2,1,2,2,1,56,9,1968,2,6,AUDI A4,2,E01031790,0,-1
2023211350118,2023,211350118,2,9,0,18,19,4,5,0,0,1,0,0,0,0,3,1,5,6,2,35,6,1968,2,12,AUDI A4,10,E01029839,0,-1
2023440356828,2023,440356828,3,9,0,2,2,0,0,0,0,1,0,0,0,0,1,1,6,6,3,-1,-1,1968,2,11,AUDI A4,-1,-1,0,-1
2023440207439,2023,440207439,1,9,0,9,9,5,2,0,0,1,0,0,0,0,3,1,2,2,1,32,6,1968,2,10,AUDI A4,4,E01022524,0,-1
2023010436022,2023,010436022,2,9,0,9,9,5,3,0,0,1,0,0,0,0,1,1,6,6,2,23,5,1984,1,16,AUDI A4,2,E01001700,0,-1
2023361277271,2023,361277271,2,9,0,18,19,7,3,0,0,0,0,0,0,0,3,1,6,6,1,37,7,1986,2,18,AUDI A4,2,E01033040,0,-1
2023440383515,2023,440383515,2,9,0,18,19,1,5,0,0,8,0,0,0,0,1,1,6,6,2,41,7,1984,1,5,AUDI A4,10,E01022686,0,-1
2023302301379,2023,302301379,2,9,0,3,3,8,2,0,0,1,0,0,0,0,2,1,6,6,1,52,8,1896,2,19,AUDI A4,6,E01019654,0,-1
2023041343262,2023,041343262,1,9,0,7,7,6,4,0,0,4,0,0,0,0,3,1,6,6,2,42,7,1984,1,1,AUDI A4,5,E01025243,0,-1
2023302300386,2023,302300386,2,9,0,3,3,6,2,0,0,1,0,0,0,0,2,1,6,6,1,37,7,1968,2,7,AUDI A4,10,E01019787,0,-1
2023161288677,2023,161288677,1,9,0,18,19,7,3,0,0,1,0,0,0,0,1,1,6,6,3,40,7,1395,1,5,AUDI A4,-1,-1,0,-1
2023141351518,2023,141351518,2,9,0,18,19,4,8,0,0,0,0,0,0,0,1,1,6,6,1,-1,-1,1968,2,9,AUDI A4,6,E01007426,0,-1
2023010443382,2023,010443382,4,9,0,2,2,0,0,0,0,0,0,0,0,0,2,1,6,6,3,-1,-1,1395,1,6,AUDI A4,-1,-1,0,-1
2023010472215,2023,010472215,2,9,0,99,99,9,9,99,99,9,9,99,9,99,1,9,6,6,3,-1,-1,1798,1,15,AUDI A4,-1,-1,0,-1
2023010426866,2023,010426866,1,9,0,18,19,7,3,0,0,6,0,0,0,0,1,1,2,2,1,26,6,1984,1,3,AUDI A4,5,E01003946,0,-1
2023201390093,2023,201390093,1,9,0,15,15,2,6,0,0,0,0,4,0,0,1,1,6,6,1,63,9,1968,2,6,AUDI A4,10,E01009428,0,-1
2023101298175,2023,101298175,1,9,0,4,4,7,3,0,0,0,0,0,0,0,1,1,6,6,1,40,7,1968,2,14,AUDI A4,-1,-1,0,-1
2023010483512,2023,010483512,2,9,9,99,99,9,9,99,99,8,9,99,9,99,9,1,6,6,2,74,10,1984,1,11,AUDI A4,7,E01002203,0,-1
2023070406291,2023,070406291,1,9,0,18,19,4,2,0,0,0,1,0,1,11,1,1,6,6,1,22,5,1968,2,12,AUDI A4,-1,-1,0,-1
2023631329587,2023,631329587,1,9,0,18,19,7,3,0,0,0,1,0,2,3,1,1,5,6,1,21,5,1968,2,13,AUDI A4,10,W01001935,0,-1
2023010464317,2023,010464317,1,9,0,99,99,9,9,99,99,9,9,99,9,99,9,9,6,6,2,34,6,1395,1,5,AUDI A4,2,E01001557,0,-1
2023131366653,2023,131366653,1,9,0,9,9,6,4,0,0,0,0,0,0,0,1,1,5,6,1,54,8,1968,2,10,AUDI A4,3,E01011341,0,-1
2023351317655,2023,351317655,1,9,0,4,4,-1,-1,0,0,0,0,0,0,0,2,1,6,6,1,34,6,1896,2,19,AUDI A4,5,E01033454,0,-1
2023411375637,2023,411375637,1,9,0,9,9,7,5,0,0,2,0,0,0,0,1,1,2,2,2,46,8,1984,1,1,AUDI A4,10,E01023457,0,-1
2023010478144,2023,010478144,1,9,0,9,9,7,4,0,0,1,0,0,0,0,1,1,6,6,1,23,5,1395,1,7,AUDI A4,2,E01004470,0,-1
202360A078736,2023,60A078736,1,9,0,18,19,1,5,0,0,0,0,0,0,0,4,1,6,6,3,-1,-1,1968,2,13,AUDI A4,-1,-1,0,-1
2023061268931,2023,061268931,1,9,0,18,19,1,5,0,0,1,0,0,1,1,1,1,5,6,1,23,5,1968,2,13,AUDI A4,3,E01004868,0,-1
2023010459133,2023,010459133,3,9,0,2,2,0,0,0,0,2,0,0,0,0,2,1,6,6,3,-1,-1,1984,1,4,AUDI A4,-1,-1,0,-1
2023131326282,2023,131326282,2,9,0,18,19,1,5,0,0,0,0,0,0,0,3,1,6,6,1,32,6,1968,2,10,AUDI A4,4,E01010669,0,-1
2023340WN6332,2023,340WN6332,1,9,0,18,19,3,6,0,0,0,5,0,7,0,1,1,6,6,1,29,6,1984,1,17,AUDI A4,9,E01027016,0,-1
2023531263079,2023,531263079,1,9,0,18,19,3,7,0,0,0,0,0,0,0,1,1,1,1,1,66,10,1968,2,6,AUDI A4,8,E01022394,0,-1
2023351330985,2023,351330985,1,9,0,18,19,-1,-1,0,0,0,0,0,0,0,1,1,6,6,1,49,8,1986,2,18,AUDI A4,5,E01018102,0,-1
202360A141452,2023,60A141452,1,9,0,1,1,8,4,0,0,0,0,0,0,0,2,1,6,6,1,28,6,1986,2,18,AUDI A4,-1,-1,0,-1
2023332300056,2023,332300056,1,9,0,5,5,2,6,0,0,2,0,0,0,0,1,1,3,7,2,35,6,1781,1,19,AUDI A4,9,E01025833,0,-1
2023201378769,2023,201378769,1,9,0,6,6,4,4,0,0,6,0,0,0,0,1,1,6,6,1,-1,-1,1968,2,13,AUDI A4,-1,-1,0,-1
2023201296545,2023,201296545,2,9,0,18,19,4,8,0,0,3,0,0,0,0,2,1,6,6,1,73,10,1984,1,0,AUDI A4,3,E01010094,0,-1
2023522301305,2023,522301305,1,9,0,18,19,6,2,0,0,1,0,0,0,0,1,1,6,6,1,28,6,1984,1,18,AUDI A4,1,E01009147,0,-1
2023501287020,2023,501287020,2,9,0,10,10,5,3,0,0,1,0,0,0,0,3,1,1,1,2,20,4,1986,2,18,AUDI A4,6,E01020276,0,-1
2023131275854,2023,131275854,1,9,0,5,5,6,8,0,0,6,0,0,0,0,1,1,2,2,1,55,8,1968,2,3,AUDI A4,5,E01011031,0,-1
2023340WN2242,2023,340WN2242,1,9,0,12,12,5,1,0,0,8,0,0,0,0,3,1,6,6,1,-1,-1,1798,1,9,AUDI A4,-1,-1,0,-1
2023010463904,2023,010463904,1,9,0,14,14,7,3,0,0,3,0,0,0,0,3,1,6,6,1,48,8,1984,1,6,AUDI A4,7,E01001904,0,-1
2023101390803,2023,101390803,2,9,0,8,8,7,3,0,0,0,0,0,0,0,2,1,1,1,2,46,8,1968,2,11,AUDI A4,2,E01008435,0,-1
2023531391892,2023,531391892,2,9,0,2,2,0,0,0,0,0,0,0,7,11,4,1,6,6,3,-1,-1,1781,1,19,AUDI A4,-1,-1,0,-1
2023332300900,2023,332300900,2,9,0,13,13,7,3,0,0,8,0,0,0,0,1,1,6,6,1,-1,-1,1986,2,17,AUDI A4,-1,-1,0,-1
2023041288380,2023,041288380,1,9,0,16,19,3,7,0,0,4,0,0,0,0,1,1,5,6,2,54,8,1968,2,10,AUDI A4,5,E01025431,0,-1
2023401342176,2023,401342176,2,9,0,9,9,6,5,0,0,0,0,0,0,0,1,1,5,6,1,28,6,1968,2,15,AUDI A4,10,E01017528,0,-1
2023311285761,2023,311285761,1,9,0,5,5,3,7,0,0,3,0,0,0,0,3,1,5,6,1,23,5,1984,1,17,AUDI A4,5,E01013913,0,-1
2023520301153,2023,520301153,3,9,0,3,3,2,6,0,0,2,0,0,0,0,3,1,6,6,1,49,8,2698,2,16,AUDI A4,7,E01015297,0,-1
2023041320440,2023,041320440,2,9,0,3,3,1,5,0,0,1,0,0,0,0,2,1,5,6,2,34,6,1968,2,15,AUDI A4,2,E01025032,0,-1
2023201314936,2023,201314936,4,9,0,18,19,7,3,0,0,0,0,0,0,0,1,1,2,2,2,25,5,1968,2,13,AUDI A4,1,E01008995,0,-1
2023401301092,2023,401301092,2,9,0,9,9,8,6,0,0,1,0,0,0,0,1,1,1,1,1,34,6,1968,2,6,AUDI A4,3,E01015783,0,-1
202363C018323,2023,63C018323,1,9,0,18,19,7,3,0,0,0,0,0,0,0,1,1,6,6,1,27,6,1896,2,21,AUDI A4,-1,-1,0,-1
2023421319264,2023,421319264,2,9,0,3,3,7,3,0,0,3,0,0,0,0,3,1,6,6,2,32,6,1968,2,11,AUDI A4,3,E01015825,0,-1
2023501399365,2023,501399365,1,9,0,18,19,4,2,0,0,1,0,0,0,0,0,1,5,6,1,47,8,1968,2,7,AUDI A4,7,E01015038,0,-1
2023170M11883,2023,170M11883,2,9,0,18,19,2,6,0,0,0,0,0,0,0,1,1,6,6,1,25,5,1968,2,4,AUDI A4,4,E01012056,0,-1
2023131309840,2023,131309840,3,9,0,18,19,1,5,0,0,8,0,0,1,0,3,1,6,6,1,44,7,1968,2,13,AUDI A4,3,E01010665,0,-1
2023052302271,2023,052302271,2,9,0,9,9,2,4,0,0,0,0,0,0,0,2,1,6,6,2,37,7,1968,2,2,AUDI A4,6,E01006935,0,-1
2023141357952,2023,141357952,1,9,0,5,5,1,1,0,0,0,0,0,0,0,2,1,6,6,1,38,7,1896,2,19,AUDI A4,5,E01007757,0,-1
2023201349202,2023,201349202,1,9,0,18,19,4,1,0,0,0,0,4,0,0,1,1,6,6,1,40,7,1968,2,9,AUDI A4,8,E01009949,0,-1
2023201408345,2023,201408345,7,9,0,2,2,0,0,0,0,0,0,0,0,0,3,1,6,6,1,33,6,1984,1,3,AUDI A4,2,E01009017,0,-1
2023161261237,2023,161261237,1,9,0,5,5,7,3,0,0,4,0,0,0,0,1,1,2,2,1,62,9,1968,2,8,AUDI A4,2,E01028112,0,-1
2023371277933,2023,371277933,1,9,0,7,7,8,3,0,0,1,0,0,0,0,1,1,6,6,1,64,9,1986,2,16,AUDI A4,6,E01030221,0,-1
2023461266650,2023,461266650,2,9,0,2,2,0,0,0,0,0,0,4,0,0,2,1,6,6,1,-1,-1,1968,2,12,AUDI A4,3,E01024656,0,-1
2023141339608,2023,141339608,1,9,0,18,19,7,3,0,0,0,0,0,0,0,4,1,6,6,3,-1,-1,1968,2,7,AUDI A4,-1,-1,0,-1
2023010448600,2023,010448600,1,9,0,18,19,1,5,0,0,1,0,0,0,0,1,1,2,2,2,44,7,1968,2,8,AUDI A4,1,E01033605,0,-1
2023010440288,2023,010440288,1,9,0,5,5,2,6,0,0,0,0,4,0,0,1,1,6,6,1,27,6,1984,1,16,AUDI A4,3,E01002620,0,-1
2023430246653,2023,430246653,2,9,0,9,9,1,7,0,0,5,0,0,0,0,1,1,6,6,2,49,8,1968,2,15,AUDI A4,4,E01016573,0,-1
2023371303746,2023,371303746,2,9,0,18,19,6,2,0,0,1,0,0,0,0,1,1,6,6,1,51,8,1986,2,15,AUDI A4,2,E01028284,0,-1
2023421384177,2023,421384177,2,9,0,2,2,0,0,0,0,0,0,0,0,0,2,1,6,6,1,64,9,2967,2,14,AUDI A4,8,E01021801,0,-1
2023991389128,2023,991389128,5,9,0,18,19,7,3,0,0,0,0,0,0,0,3,1,6,6,2,29,6,2967,2,5,AUDI A4,8,-1,0,-1
2023451389430,2023,451389430,1,9,0,18,19,5,1,0,0,0,0,0,0,0,2,1,5,6,2,42,7,1968,2,10,AUDI A4,4,E01030745,0,-1
2023552301064,2023,552301064,1,9,0,18,19,1,5,0,0,6,0,0,0,0,1,1,6,6,1,29,6,1986,2,15,AUDI A4,2,E01015367,0,-1
2023041319311,2023,041319311,2,9,0,18,19,8,4,0,0,8,0,0,0,0,4,1,6,6,1,59,9,2967,2,16,AUDI A4,2,E01033680,0,-1
2023520400732,2023,520400732,1,9,0,18,19,2,6,0,0,8,0,0,0,0,2,1,6,6,2,39,7,1984,1,3,AUDI A4,9,E01029210,0,-1
2023061328600,2023,061328600,1,9,-1,-1,-1,-1,-1,-1,-1,0,-1,-1,-1,0,-1,1,2,2,1,54,8,1984,1,1,AUDI A4,9,E01005038,0,-1
2023201400866,2023,201400866,1,9,0,9,9,1,3,0,0,5,0,0,0,0,1,1,6,6,1,28,6,1984,1,14,AUDI A4,2,E01009999,0,-1
2023211388482,2023,211388482,1,9,0,2,2,0,0,0,0,0,0,0,0,0,4,1,2,2,1,39,7,1968,2,11,AUDI A4,1,E01010478,0,-1
2023631327980,2023,631327980,2,9,0,9,9,2,8,0,0,6,0,0,0,0,3,1,6,6,2,39,7,1984,1,3,AUDI A4,7,W01000690,0,-1
2023201291946,2023,201291946,2,9,0,8,8,8,2,0,0,1,0,0,0,0,2,1,6,6,1,25,5,1968,2,9,AUDI A4,2,E01009934,0,-1
2023302300191,2023,302300191,1,9,0,4,4,1,5,0,0,1,0,0,0,0,2,1,1,1,1,46,8,1968,2,12,AUDI A4,3,E01019531,0,-1
2023122300626,2023,122300626,2,9,0,18,19,5,7,0,0,2,1,0,7,10,1,1,6,6,1,20,4,1968,2,8,AUDI A4,7,E01013442,0,-1
2023131290261,2023,131290261,4,9,0,2,2,0,0,0,0,0,0,4,0,0,2,1,6,6,3,-1,-1,1968,2,8,AUDI A4,-1,-1,0,-1
2023041268002,2023,041268002,2,9,0,18,19,1,5,0,0,1,0,0,0,0,4,1,5,6,2,31,6,1968,2,15,AUDI A4,4,E01025335,0,-1
2023461387238,2023,461387238,1,9,0,18,19,7,3,0,0,1,0,11,7,10,1,1,6,6,1,20,4,1986,2,16,AUDI A4,3,E01024001,0,-1
2023010483346,2023,010483346,2,9,0,99,99,9,9,99,99,9,9,99,9,99,1,9,6,6,3,-1,-1,1968,2,6,AUDI A4,-1,-1,0,-1
2023471357147,2023,471357147,1,9,0,18,19,8,3,0,0,0,0,0,0,0,1,1,6,6,1,-1,-1,1968,2,12,AUDI A4,-1,-1,0,-1
2023520301329,2023,520301329,1,9,0,18,19,3,7,0,0,8,0,0,0,0,1,1,6,6,1,36,7,1984,1,14,AUDI A4,5,E01019886,0,-1
2023332300099,2023,332300099,1,9,0,8,8,3,7,0,0,1,0,0,0,0,1,1,6,6,1,59,9,1968,2,13,AUDI A4,2,E01010106,0,-1
2023161391600,2023,161391600,1,9,0,18,19,2,6,0,0,0,0,0,0,0,1,1,2,2,1,41,7,1968,2,9,AUDI A4,10,E01012968,0,-1
2023131284150,2023,131284150,1,9,0,18,19,1,1,1,1,1,0,0,0,0,1,1,2,2,1,27,6,1968,2,7,AUDI A4,9,E01010900,0,-1
2023520301758,2023,520301758,2,9,0,18,19,1,5,0,0,8,0,0,0,0,3,1,6,6,1,21,5,1781,1,19,AUDI A4,10,E01032009,0,-1
2023361323828,2023,361323828,2,9,0,5,5,8,3,0,0,4,0,0,0,0,3,1,1,1,2,38,7,1968,2,10,AUDI A4,2,E01026858,0,-1
2023010456591,2023,010456591,1,9,0,18,19,1,5,0,0,3,0,0,0,0,1,1,6,6,1,36,7,1395,1,5,AUDI A4,7,E01002328,0,-1
2023010432809,2023,010432809,5,9,0,2,2,0,0,0,0,8,0,0,0,0,2,1,6,6,3,-1,-1,1984,1,3,AUDI A4,-1,-1,0,-1
2023010457578,2023,010457578,1,9,0,18,19,5,1,2,2,0,0,0,0,0,1,1,6,6,1,29,6,1968,2,2,AUDI A4,2,E01027105,0,-1
2023141358135,2023,141358135,1,9,0,18,19,7,3,0,0,1,0,0,0,0,1,1,5,6,2,41,7,1986,2,15,AUDI A4,1,E01026374,0,-1
2023041343693,2023,041343693,2,9,0,2,2,0,0,0,0,0,0,4,0,0,3,1,6,6,3,-1,-1,1968,2,15,AUDI A4,-1,-1,0,-1
2023421310267,2023,421310267,1,9,0,18,19,2,6,0,0,8,0,0,7,0,1,1,1,1,1,38,7,2967,2,9,AUDI A4,8,E01021544,0,-1
2023141281072,2023,141281072,2,9,0,18,19,6,8,0,0,8,0,0,0,0,0,1,1,1,1,-1,-1,2967,2,1,AUDI A4,1,E01007902,0,-1
2023610034923,2023,610034923,1,9,0,17,19,2,8,0,0,0,0,0,1,0,1,1,6,6,1,27,6,1968,2,14,AUDI A4,1,W01001345,0,-1
2023010460429,2023,010460429,2,9,0,18,19,7,3,0,0,8,0,0,0,0,4,1,6,6,3,-1,-1,1984,1,3,AUDI A4,-1,-1,0,-1
2023552301185,2023,552301185,3,9,0,18,19,4,8,0,0,8,0,0,0,0,3,1,6,6,2,31,6,1986,2,16,AUDI A4,-1,-1,0,-1
2023451264064,2023,451264064,1,9,0,18,19,3,7,0,0,1,0,0,0,0,1,1,6,6,1,39,7,1986,2,18,AUDI A4,3,E01000082,0,-1
2023101292180,2023,101292180,1,9,0,2,2,6,2,0,0,8,0,0,0,0,1,1,5,6,1,86,11,1395,1,5,AUDI A4,5,E01008356,0,-1
2023471312450,2023,471312450,3,9,0,18,19,7,3,0,0,1,0,0,0,0,3,1,2,2,1,39,7,1986,2,17,AUDI A4,6,E01016943,0,-1
2023991320357,2023,991320357,1,9,0,17,19,3,7,0,0,2,1,0,0,0,4,1,6,6,1,51,8,1986,2,17,AUDI A4,8,-1,0,-1
2023010449487,2023,010449487,1,9,0,4,4,1,5,0,0,8,0,0,0,0,1,1,6,6,1,59,9,1968,2,7,AUDI A4,5,E01001354,0,-1
2023522400248,2023,522400248,1,9,0,5,5,2,6,0,0,8,0,0,0,0,4,1,6,6,2,49,8,1968,2,11,AUDI A4,7,E01015013,0,-1
2023141300420,2023,141300420,2,9,0,4,4,4,8,0,0,1,0,0,0,0,1,1,6,6,1,64,9,1968,2,10,AUDI A4,3,E01007680,0,-1
2023041323673,2023,041323673,3,9,0,18,19,1,5,0,0,0,0,0,0,0,2,1,6,6,3,-1,-1,1968,2,6,AUDI A4,-1,-1,0,-1
2023461347411,2023,461347411,2,9,0,18,19,1,5,0,0,0,0,0,0,0,4,1,5,6,2,68,10,1968,2,8,AUDI A4,7,E01024743,0,-1
2023320067969,2023,320067969,2,9,0,18,19,4,8,0,0,1,0,0,0,0,2,1,1,1,1,55,8,1968,2,6,AUDI A4,7,E01025911,0,-1