collision_index,collision_year,collision_ref_no,vehicle_reference,vehicle_type,towing_and_articulation,vehicle_manoeuvre_historic,vehicle_manoeuvre,vehicle_direction_from,vehicle_direction_to,vehicle_location_restricted_lane_historic,vehicle_location_restricted_lane,junction_location,skidding_and_overturning,hit_object_in_carriageway,vehicle_leaving_carriageway,hit_object_off_carriageway,first_point_of_impact,vehicle_left_hand_drive,journey_purpose_of_driver_historic,journey_purpose_of_driver,sex_of_driver,age_of_driver,age_band_of_driver,engine_capacity_cc,propulsion_code,age_of_vehicle,generic_make_model,driver_imd_decile,lsoa_of_driver,escooter_flag,driver_distance_banding
2023531317796,2023,531317796,1,9,0,5,5,7,3,0,0,4,0,0,0,0,1,1,5,6,1,68,10,1968,2,13,AUDI A4,9,E01014022,0,-1
2023421351361,2023,421351361,2,9,0,9,9,1,5,0,0,8,0,0,0,0,1,1,2,2,1,59,9,1984,1,10,AUDI A4,-1,-1,0,-1
2023320263636,2023,320263636,1,9,0,4,4,7,3,0,0,1,0,0,0,0,1,1,6,6,1,48,8,1986,2,15,AUDI A4,1,E01028318,0,-1
2023061273281,2023,061273281,2,9,0,18,19,4,1,0,0,0,0,0,0,0,-1,1,6,6,1,33,6,2698,2,14,AUDI A4,1,E01005232,0,-1
2023141325929,2023,141325929,1,9,0,18,19,6,2,7,6,2,0,0,7,0,3,1,1,1,1,28,6,1968,2,11,AUDI A4,1,E01008098,0,-1
2023440464235,2023,440464235,2,9,0,10,10,6,2,0,0,1,0,0,0,0,2,1,3,7,2,25,5,1781,1,17,AUDI A4,-1,-1,0,-1
2023061322989,2023,061322989,2,9,0,13,13,2,6,0,0,8,0,0,0,0,1,1,1,1,1,-1,-1,2967,2,1,AUDI A4,-1,-1,0,-1
2023548044923,2023,548044923,1,9,0,18,19,8,4,0,0,8,0,0,0,0,1,1,6,6,1,42,7,1984,1,6,AUDI A4,6,E01029707,0,-1
2023010485805,2023,010485805,1,9,0,7,7,6,8,0,0,5,0,0,0,0,2,1,6,6,2,25,5,1968,2,7,AUDI A4,2,E01001746,0,-1
2023430279115,2023,430279115,1,8,0,6,6,7,7,0,0,0,0,0,0,0,4,1,1,1,1,68,10,1798,1,10,-1,4,E01016529,0,-1
2023531307118,2023,531307118,1,9,0,18,19,3,7,0,0,0,0,0,7,0,1,1,5,6,1,64,9,1798,1,11,AUDI A4,7,E01022397,0,-1
2023461333403,2023,461333403,1,9,0,9,9,4,2,0,0,8,0,0,0,0,3,1,6,6,1,38,7,1968,2,15,AUDI A4,1,E01024613,0,-1
2023440431329,2023,440431329,2,9,0,7,7,2,4,0,0,1,0,0,0,0,1,1,6,6,1,61,9,1968,2,9,AUDI A4,10,E01023035,0,-1
2023471348963,2023,471348963,2,9,0,4,4,8,4,0,0,0,0,0,2,0,1,1,2,2,1,30,6,1896,2,19,AUDI A4,3,E01031555,0,-1
2023041319585,2023,041319585,3,9,0,2,2,3,7,0,0,2,0,0,0,0,2,1,6,6,3,-1,-1,1781,1,16,AUDI A4,-1,-1,0,-1
2023111379347,2023,111379347,1,9,0,18,19,5,4,0,0,1,0,0,0,0,1,1,6,6,1,30,6,1896,2,16,AUDI A4,-1,-1,0,-1
2023041342681,2023,041342681,2,9,0,9,9,1,5,0,0,2,0,0,0,0,4,1,5,6,1,44,7,1781,1,18,AUDI A4,3,E01012734,0,-1
2023231376489,2023,231376489,1,9,0,18,19,5,1,0,0,0,0,0,0,0,1,1,5,6,1,44,7,1781,1,23,AUDI A4,6,E01031130,0,-1
2023161322364,2023,161322364,2,9,0,2,2,0,0,0,0,0,0,0,0,0,3,1,6,6,3,-1,-1,1986,2,16,AUDI A4,-1,-1,0,-1
2023451301318,2023,451301318,2,9,0,9,9,3,7,0,0,1,0,0,0,0,1,1,5,6,1,40,7,1968,2,9,AUDI A4,8,E01030390,0,-1
2023421328757,2023,421328757,1,9,0,18,19,1,3,0,0,0,0,0,0,0,1,1,5,6,1,20,4,1984,1,13,AUDI A4,5,E01021890,0,-1
2023201422197,2023,201422197,1,9,0,5,5,8,4,0,0,8,0,0,0,0,1,1,6,6,3,24,5,1986,2,15,AUDI A4,1,E01010364,0,-1
2023991295129,2023,991295129,1,9,0,17,19,8,5,0,0,1,1,4,0,0,1,1,6,6,1,27,6,1896,2,18,AUDI A4,2,-1,0,-1
2023361370319,2023,361370319,2,9,0,18,19,5,1,0,0,8,0,0,0,0,3,1,1,1,3,49,8,1968,2,10,AUDI A4,6,E01026553,0,-1
2023010451465,2023,010451465,2,9,0,99,99,9,9,99,99,9,9,99,9,99,9,9,6,6,3,-1,-1,1395,1,6,AUDI A4,4,E01004614,0,-1
2023622300978,2023,622300978,1,9,0,10,10,6,2,0,0,0,0,0,0,0,2,1,2,2,1,35,6,1968,2,12,AUDI A4,6,W01000979,0,-1
2023131296733,2023,131296733,3,9,0,2,2,1,1,0,0,2,0,0,0,0,2,1,2,2,1,37,7,1984,1,3,AUDI A4,8,E01011655,0,-1
2023421297169,2023,421297169,2,9,0,4,4,1,4,0,0,1,0,0,0,0,1,1,5,6,1,25,5,1984,1,3,AUDI A4,-1,-1,0,-1
2023010426400,2023,010426400,3,9,0,18,19,1,5,1,1,4,0,0,0,0,2,1,2,2,1,44,7,1986,2,14,AUDI A4,7,E01000711,0,-1
2023411312866,2023,411312866,3,9,0,4,4,-1,-1,0,0,0,0,0,0,0,2,1,6,6,1,40,7,1395,1,5,AUDI A4,-1,-1,0,-1
2023010482157,2023,010482157,3,9,0,99,99,9,9,99,99,0,9,99,9,99,0,9,6,6,3,-1,-1,1984,1,15,AUDI A4,-1,-1,0,-1
2023231331464,2023,231331464,2,9,0,9,9,6,4,0,0,5,0,0,0,0,3,1,2,2,1,28,6,1986,2,15,AUDI A4,9,E01031277,0,-1
2023411334326,2023,411334326,2,9,0,18,19,7,3,0,0,0,0,0,0,0,1,1,2,2,1,63,9,1984,1,3,AUDI A4,9,E01003748,0,-1
2023440453252,2023,440453252,2,9,0,5,5,5,1,0,0,8,0,0,0,0,1,1,6,6,2,36,7,1968,2,14,AUDI A4,8,E01016610,0,-1
2023061343059,2023,061343059,1,9,0,18,19,7,3,0,0,0,0,0,0,0,1,1,6,6,1,34,6,1968,2,14,AUDI A4,-1,-1,0,-1
2023461292157,2023,461292157,2,9,0,18,19,6,2,0,0,0,0,0,0,0,2,1,5,6,1,33,6,1968,2,6,AUDI A4,2,E01024505,0,-1
2023340WN3662,2023,340WN3662,2,9,0,18,19,2,6,0,0,8,0,10,0,0,4,1,2,2,1,26,6,1968,2,15,AUDI A4,2,E01027214,0,-1
2023010460293,2023,010460293,2,9,0,9,9,7,5,0,0,1,0,0,0,0,1,1,2,2,2,28,6,1968,2,7,AUDI A4,-1,-1,0,-1
2023471363134,2023,471363134,2,9,0,4,4,8,4,0,0,0,0,0,0,0,2,1,5,6,1,25,5,1986,2,16,AUDI A4,7,E01021093,0,-1
2023351324302,2023,351324302,2,9,-1,-1,-1,-1,-1,-1,-1,-1,-1,-1,-1,0,-1,1,5,6,2,50,8,1395,1,5,AUDI A4,5,E01015651,0,-1
2023201323217,2023,201323217,3,9,0,18,19,8,2,0,0,1,0,0,0,0,0,1,1,1,1,-1,-1,2967,2,0,AUDI A4,-1,-1,0,-1
2023351363645,2023,351363645,1,9,0,1,1,-1,-1,0,0,8,0,0,0,0,2,1,6,6,1,38,7,1986,2,16,AUDI A4,3,E01018145,0,-1
2023010453649,2023,010453649,7,9,0,2,2,0,0,0,0,0,0,0,0,0,1,1,6,6,3,-1,-1,1798,1,15,AUDI A4,-1,-1,0,-1
2023351346872,2023,351346872,1,9,0,18,19,1,5,0,0,0,0,0,0,0,2,1,5,6,2,37,7,1968,2,10,AUDI A4,7,E01023398,0,-1
2023201432811,2023,201432811,1,9,0,18,19,2,6,0,0,1,0,4,0,0,1,1,6,6,1,22,5,1798,1,13,AUDI A4,1,E01009489,0,-1
2023501353105,2023,501353105,2,9,0,4,4,2,6,0,0,1,0,0,0,0,2,1,5,6,1,25,5,1984,1,0,AUDI A4,3,E01019034,0,-1
2023552301506,2023,552301506,1,9,0,18,19,8,4,0,0,0,0,0,0,0,3,1,6,6,1,78,11,2967,2,16,AUDI A4,7,E01020498,0,-1
2023401288495,2023,401288495,1,9,0,18,19,1,5,0,0,0,0,0,0,0,1,1,6,6,3,-1,-1,1968,2,16,AUDI A4,-1,-1,0,-1
2023340WN4062,2023,340WN4062,2,9,0,4,4,4,8,0,0,0,0,0,0,0,2,1,2,2,1,44,7,1968,2,13,AUDI A4,3,E01027152,0,-1
2023440055053,2023,440055053,1,9,0,5,5,5,1,0,0,4,0,0,0,0,1,1,2,2,1,45,7,1968,2,10,AUDI A4,-1,-1,0,-1
2023552301378,2023,552301378,1,9,0,18,19,2,6,0,0,0,0,0,3,1,1,1,6,6,1,39,7,1984,1,0,AUDI A4,6,E01015460,0,-1
2023010473031,2023,010473031,2,9,9,99,99,9,9,99,99,9,9,99,9,99,1,9,6,6,3,-1,-1,1968,2,10,AUDI A4,-1,-1,0,-1
2023501379613,2023,501379613,1,9,0,18,19,7,3,0,0,0,0,0,0,0,1,2,1,1,1,53,8,1984,1,2,AUDI A4,8,E01015128,0,-1
2023122300325,2023,122300325,4,9,0,2,2,0,0,9,9,1,0,0,0,0,0,1,6,6,1,53,8,1968,2,2,AUDI A4,9,E01013356,0,-1
2023201413915,2023,201413915,1,9,0,18,19,2,6,0,0,1,0,0,0,0,1,1,6,6,3,43,7,1984,1,16,AUDI A4,4,E01032322,0,-1
2023031302249,2023,031302249,1,9,0,18,19,1,5,0,0,0,-1,0,0,0,1,1,6,6,1,29,6,1968,2,12,AUDI A4,7,E01025373,0,-1
2023161280538,2023,161280538,1,9,0,18,19,5,1,0,0,6,0,0,7,9,1,1,5,6,1,24,5,1968,2,9,AUDI A4,4,E01026377,0,-1
2023010422310,2023,010422310,1,9,0,5,5,0,7,0,0,0,0,0,0,0,4,1,6,6,1,18,4,2967,2,17,AUDI A4,2,E01000042,0,-1
2023461347237,2023,461347237,2,9,0,18,19,5,1,0,0,0,0,0,0,0,2,1,6,6,1,75,10,1986,2,16,AUDI A4,9,E01024104,0,-1
2023991373213,2023,991373213,4,9,0,2,2,0,0,0,0,2,0,0,0,0,2,1,6,6,3,-1,-1,1968,2,6,AUDI A4,-1,-1,0,-1
2023010431725,2023,010431725,2,9,0,12,12,1,5,0,0,0,1,4,0,0,1,1,6,6,1,33,6,1984,1,18,AUDI A4,2,E01000501,0,-1
2023161342000,2023,161342000,2,9,0,9,9,7,5,0,0,0,0,0,0,0,3,1,6,6,2,44,7,1984,1,1,AUDI A4,4,E01026377,0,-1
2023061351068,2023,061351068,2,9,0,4,4,5,1,0,0,5,0,0,0,0,0,1,1,1,2,31,6,2967,2,2,AUDI A4,-1,-1,0,-1
2023991293719,2023,991293719,1,8,0,14,14,4,8,0,0,2,0,0,0,0,1,1,5,6,1,58,9,1968,2,6,-1,-1,-1,0,-1
2023141322343,2023,141322343,1,9,0,4,4,5,1,0,0,0,0,0,0,0,2,1,1,1,1,32,6,2967,2,2,AUDI A4,1,E01007902,0,-1
2023010448307,2023,010448307,2,9,0,99,99,9,9,99,99,9,9,99,9,99,9,9,6,6,3,-1,-1,1968,2,12,AUDI A4,-1,-1,0,-1
2023302300312,2023,302300312,1,9,0,15,15,2,6,0,0,0,0,0,0,0,3,1,6,6,3,-1,-1,2967,2,17,AUDI A4,5,E01019456,0,-1
2023221340407,2023,221340407,2,9,0,18,19,2,6,0,0,0,0,0,0,0,3,1,6,6,2,49,8,1395,1,5,AUDI A4,2,E01009265,0,-1
2023010484586,2023,010484586,1,9,0,9,9,8,5,0,0,6,0,0,0,0,4,1,6,6,1,26,6,1984,1,0,AUDI A4,3,E01002781,0,-1
2023211381875,2023,211381875,2,9,0,18,19,6,2,0,0,0,0,0,0,0,3,1,5,6,2,30,6,1968,2,10,AUDI A4,3,E01029404,0,-1
2023461345191,2023,461345191,1,9,0,18,19,5,1,0,0,4,0,0,0,0,3,1,2,2,2,27,6,1798,1,15,AUDI A4,7,E01024576,0,-1
2023211312939,2023,211312939,1,9,0,3,3,-1,-1,-1,-1,0,0,4,0,0,-1,1,6,6,1,-1,-1,1968,2,12,AUDI A4,-1,-1,0,-1
2023991266214,2023,991266214,1,9,0,18,19,5,1,0,0,1,0,0,0,0,1,1,5,6,1,57,9,1968,2,6,AUDI A4,2,-1,0,-1
2023201281629,2023,201281629,1,9,0,18,19,8,4,0,0,1,0,0,0,0,1,1,6,6,2,52,8,1896,2,18,AUDI A4,4,E01010303,0,-1
2023451298029,2023,451298029,2,9,0,18,19,5,1,0,0,0,1,2,1,0,2,1,5,6,1,37,7,1968,2,11,AUDI A4,10,E01022590,0,-1
2023201302694,2023,201302694,2,9,0,18,19,8,4,0,0,0,0,0,0,0,1,1,6,6,2,43,7,1968,2,6,AUDI A4,9,E01010398,0,-1
2023522301231,2023,522301231,4,9,0,3,3,5,1,0,0,0,0,0,0,0,2,1,6,6,1,60,9,1968,2,7,AUDI A4,9,E01014667,0,-1
2023131275783,2023,131275783,1,9,0,7,7,1,3,0,0,1,0,0,0,0,1,1,5,6,2,45,7,1968,2,11,AUDI A4,4,E01011314,0,-1
2023010466311,2023,010466311,2,9,0,2,2,0,0,0,0,2,0,0,0,0,3,1,6,6,3,-1,-1,1968,2,8,AUDI A4,-1,-1,0,-1
2023547743823,2023,547743823,1,9,0,18,19,2,6,0,0,1,0,0,0,0,1,1,6,6,1,55,8,1896,2,18,AUDI A4,4,E01015578,0,-1
2023440409145,2023,440409145,1,9,0,12,12,1,5,0,0,0,5,0,0,0,3,1,2,2,1,48,8,1968,2,5,AUDI A4,5,E01017088,0,-1
2023041341646,2023,041341646,1,9,0,17,19,3,7,0,0,8,0,0,7,0,1,1,5,6,1,38,7,1968,2,13,AUDI A4,1,E01025423,0,-1
2023421326445,2023,421326445,2,9,0,18,19,7,3,0,0,0,0,0,0,0,3,1,5,6,2,29,6,1968,2,4,AUDI A4,7,E01027186,0,-1
2023061302103,2023,061302103,1,9,0,18,19,1,5,0,0,0,0,0,0,0,1,1,5,6,1,34,6,1984,1,5,AUDI A4,10,E01006191,0,-1
2023041327309,2023,041327309,1,9,0,12,12,7,5,0,0,8,0,0,0,0,3,1,6,6,2,53,8,2967,2,14,AUDI A4,6,E01025026,0,-1
2023161381094,2023,161381094,1,9,0,7,7,5,1,0,0,8,0,0,0,0,2,1,6,6,1,27,6,1968,2,7,AUDI A4,10,E01012967,0,-1
2023010446612,2023,010446612,2,9,0,18,19,3,7,0,0,0,0,0,0,0,2,1,6,6,1,37,7,1984,1,4,AUDI A4,2,E01001395,0,-1
2023320667878,2023,320667878,1,9,0,9,9,6,4,0,0,5,0,0,0,0,4,1,6,6,1,31,6,1986,2,18,AUDI A4,4,E01026379,0,-1
2023421370955,2023,421370955,2,9,0,2,2,4,4,0,0,0,1,0,0,0,3,1,6,6,3,-1,-1,1784,1,16,AUDI A4,-1,-1,0,-1
2023461381277,2023,461381277,2,9,0,3,3,1,5,0,0,0,0,0,0,0,2,1,5,6,1,42,7,1968,2,6,AUDI A4,10,E01024820,0,-1
2023461330811,2023,461330811,1,9,0,16,19,3,6,0,0,0,0,0,0,0,1,1,6,6,3,-1,-1,1968,2,14,AUDI A4,-1,-1,0,-1
2023471372545,2023,471372545,1,9,0,9,9,7,5,0,0,2,0,0,0,0,3,2,5,6,2,69,10,1984,1,4,AUDI A4,5,E01031807,0,-1
2023122300471,2023,122300471,1,9,0,9,9,5,1,0,0,1,0,0,0,0,1,1,6,6,1,50,8,1968,2,11,AUDI A4,7,E01027745,0,-1
2023552300760,2023,552300760,1,9,0,7,7,1,3,0,0,6,0,0,0,0,3,1,6,6,2,63,9,1984,1,18,AUDI A4,5,E01015441,0,-1
2023440380021,2023,440380021,1,9,0,18,19,1,5,0,0,2,0,0,7,0,1,1,6,6,1,27,6,3123,1,16,AUDI A4,2,E01022942,0,-1
2023991392355,2023,991392355,3,9,0,18,19,6,2,0,0,0,0,0,0,0,2,1,6,6,1,30,6,1984,1,1,AUDI A4,7,-1,0,-1
2023161291104,2023,161291104,1,9,0,18,19,1,5,0,0,0,0,4,1,2,4,1,6,6,3,-1,-1,2393,1,19,AUDI A4,-1,-1,0,-1
2023131348687,2023,131348687,1,9,0,11,11,1,5,0,0,0,0,0,0,0,4,1,5,6,1,41,7,1968,2,7,AUDI A4,1,E01010809,0,-1
2023520301437,2023,520301437,1,9,0,4,4,6,2,0,0,0,0,0,0,0,2,1,6,6,2,46,8,1968,2,12,AUDI A4,5,E01029059,0,-1
2023161328498,2023,161328498,2,9,0,18,19,2,6,0,0,0,0,0,0,0,1,1,6,6,1,30,6,1968,2,12,AUDI A4,1,E01012805,0,-1
2023991269158,2023,991269158,2,9,0,18,19,7,3,0,0,0,0,0,0,0,2,1,2,2,1,36,7,1968,2,7,AUDI A4,5,-1,0,-1
2023201408345,2023,201408345,2,9,0,2,2,0,0,0,0,0,0,0,0,0,3,1,6,6,1,37,7,1968,2,9,AUDI A4,2,E01033641,0,-1
2023041317415,2023,041317415,3,9,0,16,19,2,6,0,0,0,0,0,0,0,3,1,5,6,1,46,8,1896,2,20,AUDI A4,1,E01025217,0,-1
2023101388169,2023,101388169,2,9,0,18,19,5,1,0,0,2,0,0,0,0,4,1,6,6,1,32,6,1968,2,10,AUDI A4,4,E01020638,0,-1
2023041293072,2023,041293072,2,9,0,7,7,3,7,0,0,5,0,0,0,0,3,1,5,6,2,33,6,1968,2,10,AUDI A4,3,E01012623,0,-1
2023430374565,2023,430374565,2,9,0,18,19,8,4,0,0,0,0,0,0,0,2,1,6,6,1,39,7,1968,2,8,AUDI A4,-1,-1,0,-1
2023131349044,2023,131349044,2,9,0,18,19,3,3,0,0,2,0,0,0,0,4,1,2,2,1,70,10,1984,1,12,AUDI A4,9,E01010576,0,-1
2023471265443,2023,471265443,1,9,0,17,19,7,6,0,0,3,0,0,0,0,1,1,6,6,1,49,8,1984,1,20,AUDI A4,4,E01020916,0,-1
2023501286754,2023,501286754,1,9,0,18,19,3,1,0,0,6,0,0,0,0,1,1,6,6,1,44,7,2496,2,19,AUDI A4,6,E01019897,0,-1
2023101293594,2023,101293594,1,9,0,17,19,6,2,0,0,0,1,0,1,3,1,1,5,6,1,39,7,1968,2,14,AUDI A4,1,E01027451,0,-1
2023131307986,2023,131307986,1,9,0,5,5,7,5,0,0,1,0,0,0,0,1,1,6,6,2,27,6,1968,2,15,AUDI A4,1,E01011466,0,-1
2023010453342,2023,010453342,1,9,0,18,19,7,3,0,0,0,0,0,0,0,4,1,6,6,2,49,8,1798,1,15,AUDI A4,4,E01000722,0,-1
2023101264067,2023,101264067,1,9,0,18,19,6,2,0,0,8,0,0,0,0,3,1,2,2,2,48,8,1986,2,15,AUDI A4,4,E01008766,0,-1
2023430174676,2023,430174676,2,9,0,18,19,5,1,0,0,1,0,0,0,0,1,1,6,6,1,20,4,1986,2,15,AUDI A4,-1,-1,0,-1
2023522400288,2023,522400288,1,9,0,3,3,2,6,0,0,2,0,0,0,0,2,1,6,6,1,30,6,1984,1,18,AUDI A4,1,E01014486,0,-1
2023440185389,2023,440185389,2,9,0,13,13,5,1,0,0,0,0,0,0,0,4,1,6,6,2,73,10,2976,1,19,AUDI A4,10,E01022596,0,-1
2023010420816,2023,010420816,2,9,0,99,99,9,9,99,99,0,9,99,9,99,1,9,6,6,3,33,6,1968,2,14,AUDI A4,3,E01002058,0,-1
2023622301006,2023,622301006,1,9,0,18,19,8,4,0,0,1,0,0,0,0,1,1,6,6,2,70,10,1968,2,8,AUDI A4,4,W01001152,0,-1
2023501333932,2023,501333932,1,9,0,4,4,6,3,0,0,6,0,0,0,0,1,1,6,6,2,37,7,2976,1,17,AUDI A4,5,E01019924,0,-1
2023010459257,2023,010459257,1,9,9,99,99,9,9,99,99,9,9,99,9,99,2,9,6,6,1,25,5,1968,2,5,AUDI A4,9,E01024104,0,-1
2023548923623,2023,548923623,2,9,0,17,19,6,3,0,0,8,0,0,0,0,3,1,6,6,1,42,7,1968,2,11,AUDI A4,9,E01015586,0,-1
2023010422172,2023,010422172,2,9,0,99,99,9,9,99,99,9,9,99,9,99,1,9,6,6,1,46,8,1798,1,11,AUDI A4,6,E01000691,0,-1
2023440102918,2023,440102918,1,9,0,18,19,2,6,0,0,2,0,0,0,0,1,1,6,6,1,41,7,1986,2,18,AUDI A4,8,E01022991,0,-1
2023010472999,2023,010472999,1,9,0,7,7,7,8,0,0,8,1,0,0,0,2,1,6,6,1,54,8,1986,2,18,AUDI A4,3,E01001488,0,-1
2023991333168,2023,991333168,1,9,0,9,9,5,1,0,0,0,0,0,0,0,3,1,6,6,2,40,7,1968,2,8,AUDI A4,-1,-1,0,-1
2023501354947,2023,501354947,2,9,0,9,9,4,2,0,0,1,1,0,0,0,4,1,5,6,2,47,8,1798,1,15,AUDI A4,6,E01019936,0,-1
2023010484556,2023,010484556,1,9,0,18,19,1,5,0,0,1,0,4,0,0,1,1,6,6,1,35,6,1984,1,6,AUDI A4,5,E01001278,0,-1
2023031301592,2023,031301592,2,9,0,3,3,8,4,0,0,0,0,0,0,0,2,1,5,6,1,47,8,1968,2,12,AUDI A4,-1,-1,0,-1
2023461387547,2023,461387547,1,9,0,18,19,1,5,0,0,1,0,0,0,0,1,1,6,6,1,-1,-1,1968,2,14,AUDI A4,-1,-1,0,-1
2023371376208,2023,371376208,2,9,0,8,8,2,4,0,0,1,0,0,0,0,2,1,2,2,1,30,6,1968,2,6,AUDI A4,3,E01033046,0,-1
2023101321054,2023,101321054,2,9,0,5,5,7,1,0,0,1,0,0,0,0,2,1,5,6,1,46,8,1968,2,11,AUDI A4,-1,-1,0,-1
2023311303964,2023,311303964,1,9,0,18,19,7,7,0,0,0,0,0,0,0,1,1,2,2,1,24,5,1781,1,19,AUDI A4,3,E01028229,0,-1
2023131358080,2023,131358080,3,9,0,4,4,7,3,0,0,0,0,0,0,0,2,1,2,2,1,40,7,1395,1,5,AUDI A4,9,E01011209,0,-1
2023371274233,2023,371274233,2,9,0,18,19,6,2,0,0,0,0,0,0,0,3,1,6,6,1,37,7,1984,1,6,AUDI A4,8,E01030101,0,-1
2023471360315,2023,471360315,2,9,0,18,19,2,6,0,0,0,0,0,1,0,2,1,2,2,1,38,7,1968,2,13,AUDI A4,-1,-1,0,-1
2023471392153,2023,471392153,2,9,0,4,4,8,4,0,0,0,0,0,0,0,2,1,5,6,2,25,5,1968,2,10,AUDI A4,7,E01021236,0,-1
2023141370693,2023,141370693,1,9,0,5,5,5,5,0,0,8,0,0,0,0,3,2,5,6,1,50,8,1968,2,10,AUDI A4,4,E01007699,0,-1
2023010474744,2023,010474744,1,9,0,9,9,3,1,0,0,1,0,0,0,0,4,1,6,6,1,26,6,1984,1,7,AUDI A4,2,E01003582,0,-1
2023052301147,2023,052301147,1,9,0,15,15,6,2,0,0,0,0,0,0,0,1,1,2,2,1,48,8,1968,2,11,AUDI A4,10,E01006926,0,-1
2023201380590,2023,201380590,2,9,0,7,7,5,7,0,0,5,0,0,0,0,3,1,6,6,1,27,6,1968,2,11,AUDI A4,1,E01009195,0,-1
2023201284376,2023,201284376,3,9,0,15,15,-1,-1,0,0,0,1,0,0,0,3,1,6,6,3,42,7,1986,2,17,AUDI A4,2,E01010419,0,-1
2023371343182,2023,371343182,2,9,0,18,19,5,1,0,0,0,0,0,0,0,2,1,6,6,1,33,6,1968,2,7,AUDI A4,7,E01033540,0,-1
2023547395823,2023,547395823,1,9,0,18,19,2,6,0,0,0,5,0,0,0,1,1,6,6,1,21,5,1896,2,19,AUDI A4,1,W01001744,0,-1
2023440503489,2023,440503489,2,9,0,18,19,6,2,0,0,1,0,0,0,0,1,1,6,6,1,53,8,1968,2,10,AUDI A4,5,E01017044,0,-1
2023061350257,2023,061350257,1,9,0,7,7,1,2,0,0,0,0,0,0,0,4,1,6,6,1,36,7,1984,1,1,AUDI A4,7,E01005778,0,-1
2023501341365,2023,501341365,2,9,0,10,10,1,7,0,0,1,0,0,7,0,3,1,5,6,1,60,9,1984,1,4,AUDI A4,9,E01015199,0,-1
2023010437249,2023,010437249,1,9,0,3,3,8,4,0,0,0,0,0,0,0,2,1,6,6,1,50,8,1968,2,14,AUDI A4,7,E01020970,0,-1
2023131314626,2023,131314626,2,9,0,17,19,5,2,0,0,8,0,0,0,0,4,1,5,6,1,32,6,1984,1,4,AUDI A4,8,E01011217,0,-1
2023991295897,2023,991295897,1,9,0,18,19,4,8,0,0,8,0,0,0,0,1,1,5,6,1,49,8,1968,2,11,AUDI A4,4,E01010893,0,-1
2023471368749,2023,471368749,1,9,0,18,19,7,3,0,0,0,0,0,0,0,4,1,6,6,2,69,10,1798,1,10,AUDI A4,6,E01031520,0,-1
2023991349246,2023,991349246,1,9,0,9,9,5,2,0,0,1,0,0,0,0,1,1,5,6,1,42,7,1968,2,5,AUDI A4,2,-1,0,-1
2023101373600,2023,101373600,1,9,0,18,19,3,7,0,0,0,0,0,0,0,1,1,6,6,3,19,4,1798,1,15,AUDI A4,-1,-1,0,-1
2023010474725,2023,010474725,1,9,0,99,99,9,9,99,99,0,9,99,9,99,2,9,6,6,2,32,6,1984,1,4,AUDI A4,2,E01004003,0,-1
2023122300778,2023,122300778,2,9,0,9,9,1,7,0,0,5,0,0,0,0,1,1,3,7,1,46,8,1968,2,10,AUDI A4,9,E01012996,0,-1
2023421319511,2023,421319511,3,9,0,3,3,1,1,0,0,1,0,0,0,0,3,1,5,6,1,67,10,1986,2,17,AUDI A4,-1,-1,0,-1
2023231361408,2023,231361408,2,9,0,2,2,0,0,0,0,0,0,0,0,0,3,1,5,6,1,32,6,1781,1,19,AUDI A4,5,E01031266,0,-1
2023221329361,2023,221329361,1,9,0,17,19,6,3,0,0,0,0,6,0,0,4,1,5,6,2,52,8,1896,2,18,AUDI A4,5,E01032475,0,-1
2023031313097,2023,031313097,2,9,0,18,19,7,3,0,0,0,1,0,0,0,3,1,5,6,1,20,4,1968,2,14,AUDI A4,1,E01019095,0,-1
2023631385208,2023,631385208,1,9,0,16,19,3,7,0,0,0,1,0,7,4,1,1,5,6,1,41,7,1984,1,3,AUDI A4,6,W01000541,0,-1
2023010463461,2023,010463461,1,9,0,99,99,9,9,99,99,0,9,99,9,99,2,9,6,6,1,22,5,1984,1,16,AUDI A4,2,E01000087,0,-1
2023421301730,2023,421301730,1,9,0,16,19,1,4,0,0,1,0,0,1,0,1,1,5,6,1,54,8,1984,1,1,AUDI A4,4,E01016129,0,-1
2023311343588,2023,311343588,1,9,0,18,19,7,3,0,0,0,0,7,2,0,4,1,5,6,2,29,6,1968,2,3,AUDI A4,3,E01019797,0,-1
2023991292703,2023,991292703,1,9,0,18,19,6,2,0,0,0,0,0,0,0,1,1,2,2,1,25,5,1984,1,7,AUDI A4,8,-1,0,-1
2023411382924,2023,411382924,1,9,0,16,19,8,4,0,0,0,0,10,0,0,1,1,6,6,1,46,8,1968,2,1,AUDI A4,2,E01015828,0,-1
2023010436702,2023,010436702,2,9,0,99,99,9,9,99,99,9,9,99,9,99,1,9,6,6,2,37,7,1984,1,16,AUDI A4,2,E01000743,0,-1
2023010486124,2023,010486124,2,9,0,17,19,7,3,0,0,0,0,0,0,0,1,1,6,6,1,28,6,1781,1,16,AUDI A4,2,E01004243,0,-1
2023010479376,2023,010479376,2,9,0,99,99,9,9,99,99,9,9,99,9,99,9,9,6,6,3,-1,-1,1984,1,5,AUDI A4,3,E01002104,0,-1
2023141322247,2023,141322247,2,9,0,18,19,2,6,0,0,0,0,0,0,0,1,1,6,6,3,-1,-1,1968,2,14,AUDI A4,-1,-1,0,-1
2023131342069,2023,131342069,1,9,0,18,19,3,7,0,0,1,0,0,0,0,1,1,6,6,1,49,8,1968,2,14,AUDI A4,8,E01011210,0,-1