collision_index,collision_year,collision_ref_no,vehicle_reference,vehicle_type,towing_and_articulation,vehicle_manoeuvre_historic,vehicle_manoeuvre,vehicle_direction_from,vehicle_direction_to,vehicle_location_restricted_lane_historic,vehicle_location_restricted_lane,junction_location,skidding_and_overturning,hit_object_in_carriageway,vehicle_leaving_carriageway,hit_object_off_carriageway,first_point_of_impact,vehicle_left_hand_drive,journey_purpose_of_driver_historic,journey_purpose_of_driver,sex_of_driver,age_of_driver,age_band_of_driver,engine_capacity_cc,propulsion_code,age_of_vehicle,generic_make_model,driver_imd_decile,lsoa_of_driver,escooter_flag,driver_distance_banding
2023440036470,2023,440036470,2,9,0,4,4,7,3,0,0,0,0,0,0,0,2,1,2,2,2,49,8,1968,2,4,AUDI A4,9,E01023227,0,-1
2023332300466,2023,332300466,1,9,0,4,4,5,1,0,0,0,0,6,7,10,1,1,6,6,1,42,7,1968,2,9,AUDI A4,1,E01013674,0,-1
2023101360860,2023,101360860,2,9,0,18,19,1,5,0,0,0,0,0,0,0,2,1,5,6,2,44,7,1968,2,9,AUDI A4,1,E01020749,0,-1
2023622300436,2023,622300436,1,9,0,18,19,6,2,0,0,0,0,0,0,0,1,1,6,6,1,55,8,1798,1,9,AUDI A4,3,-1,0,-1
2023052300535,2023,052300535,2,9,0,18,19,3,7,0,0,8,0,7,0,0,3,1,6,6,1,31,6,1968,2,5,AUDI A4,5,E01012400,0,-1
2023311342671,2023,311342671,2,9,0,2,2,1,1,0,0,0,0,0,0,0,1,1,6,6,3,-1,-1,1968,2,8,AUDI A4,-1,-1,0,-1
2023461388712,2023,461388712,1,9,0,18,19,7,3,0,0,0,0,0,0,0,1,1,5,6,2,41,7,1984,1,4,AUDI A4,6,E01024736,0,-1
2023991262049,2023,991262049,1,9,0,18,19,6,2,0,0,0,0,4,0,0,1,1,6,6,1,30,6,1968,2,12,AUDI A4,4,-1,0,-1
2023111362451,2023,111362451,1,9,0,18,19,1,4,0,0,0,0,0,0,0,1,1,6,6,1,42,7,1798,1,11,AUDI A4,2,E01020716,0,-1
2023991362121,2023,991362121,1,9,0,17,19,6,2,0,0,0,0,0,0,0,1,1,5,6,1,46,8,1986,2,16,AUDI A4,6,-1,0,-1
2023461348826,2023,461348826,1,9,0,18,19,3,7,0,0,0,0,0,7,11,1,1,6,6,1,-1,-1,1968,2,14,AUDI A4,-1,-1,0,-1
2023451296809,2023,451296809,1,9,0,18,19,1,5,0,0,1,0,0,7,0,1,1,5,6,1,46,8,1986,2,16,AUDI A4,3,E01003374,0,-1
2023010462446,2023,010462446,1,9,0,5,5,1,5,0,0,0,0,4,0,0,1,1,6,6,1,61,9,1984,1,17,AUDI A4,2,E01000103,0,-1
2023440375946,2023,440375946,2,9,0,18,19,3,7,0,0,8,0,0,0,0,1,1,6,6,1,19,4,1984,1,15,AUDI A4,1,E01017039,0,-1
2023010435289,2023,010435289,2,9,0,18,19,7,3,0,0,0,0,0,0,0,1,1,6,6,1,42,7,1968,2,5,AUDI A4,10,E01002208,0,-1
2023371351671,2023,371351671,1,9,0,18,19,1,5,0,0,0,0,0,0,0,1,1,6,6,2,59,9,1968,2,15,AUDI A4,4,E01033123,0,-1
2023061333994,2023,061333994,2,9,0,3,3,3,7,0,0,0,0,0,0,0,2,1,6,6,1,33,6,1968,2,15,AUDI A4,2,E01032906,0,-1
2023461270730,2023,461270730,2,9,0,18,19,7,3,0,0,0,0,0,0,0,2,1,6,6,2,36,7,1781,1,19,AUDI A4,6,E01024530,0,-1
2023131327114,2023,131327114,1,9,0,-1,-1,-1,-1,-1,-1,2,-1,-1,-1,-1,-1,1,6,6,1,24,5,1968,2,11,AUDI A4,1,E01011361,0,-1
2023461339749,2023,461339749,1,9,0,5,5,5,1,0,0,1,0,0,0,0,1,1,6,6,2,54,8,1968,2,13,AUDI A4,5,E01024831,0,-1
2023411321893,2023,411321893,1,9,0,3,3,-1,-1,0,0,0,0,0,0,0,1,1,5,6,1,54,8,1968,2,5,AUDI A4,10,E01023693,0,-1
2023201377576,2023,201377576,1,9,0,18,19,1,5,0,0,0,0,0,0,0,1,1,5,6,1,40,7,1984,1,1,AUDI A4,8,E01009920,0,-1
2023201308358,2023,201308358,2,9,0,2,2,0,0,9,9,0,0,0,0,0,1,1,6,6,1,39,7,1968,2,11,AUDI A4,2,E01010277,0,-1
2023201293891,2023,201293891,3,9,0,4,4,8,4,0,0,0,0,0,0,0,2,1,1,1,1,34,6,1968,2,8,AUDI A4,1,E01009397,0,-1
2023131394386,2023,131394386,2,9,0,2,2,4,8,0,0,0,0,0,0,0,4,1,6,6,3,-1,-1,1984,1,12,AUDI A4,-1,-1,0,-1
2023522301862,2023,522301862,2,9,0,9,9,3,1,0,0,8,0,0,0,0,4,1,6,6,1,59,9,1984,1,19,AUDI A4,4,E01014401,0,-1
2023201387065,2023,201387065,1,9,0,3,3,3,7,0,0,8,0,0,0,0,3,1,5,6,2,25,5,1968,2,13,AUDI A4,1,E01009762,0,-1
2023501312619,2023,501312619,1,9,0,18,19,4,1,0,0,4,0,0,0,0,1,1,6,6,1,30,6,1968,2,8,AUDI A4,-1,-1,0,-1
2023101330815,2023,101330815,1,9,0,9,9,3,1,0,0,1,0,0,0,0,3,1,1,1,2,56,9,1968,2,4,AUDI A4,9,E01027687,0,-1
2023201323081,2023,201323081,1,9,0,5,5,4,8,0,0,0,0,0,0,0,1,1,6,6,1,23,5,1968,2,7,AUDI A4,1,E01009275,0,-1
2023061329686,2023,061329686,4,9,0,3,3,7,3,0,0,0,0,0,0,0,3,1,6,6,2,30,6,1968,2,9,AUDI A4,3,E01011903,0,-1
2023161356880,2023,161356880,1,9,0,18,19,1,5,0,0,8,0,0,0,0,1,1,6,6,1,24,5,1968,2,14,AUDI A4,3,E01001043,0,-1
2023311391216,2023,311391216,1,9,0,18,19,7,3,0,0,0,0,0,0,0,1,1,6,6,2,34,6,1968,2,15,AUDI A4,8,E01028253,0,-1
2023440039845,2023,440039845,1,9,0,18,19,3,7,0,0,0,0,0,0,0,1,1,6,6,2,52,8,1798,1,11,AUDI A4,5,E01017222,0,-1
2023440427073,2023,440427073,2,9,0,18,19,8,4,0,0,1,0,0,0,0,1,1,6,6,1,-1,-1,3123,1,17,AUDI A4,-1,-1,0,-1
2023041321546,2023,041321546,1,9,0,18,19,5,3,0,0,2,0,0,0,0,2,1,5,6,2,49,8,1781,1,16,AUDI A4,8,E01024978,0,-1
2023031300177,2023,031300177,3,9,0,7,7,3,1,0,0,1,0,0,0,0,1,1,2,2,2,34,6,1896,2,19,AUDI A4,5,E01019170,0,-1
2023311353430,2023,311353430,1,9,0,2,2,7,3,0,0,2,0,4,0,0,1,1,6,6,2,32,6,2598,1,26,AUDI A4,2,E01028319,0,-1
2023351397293,2023,351397293,2,9,0,17,19,5,1,0,0,1,0,0,0,0,1,1,5,6,1,60,9,1968,2,9,AUDI A4,9,E01018205,0,-1
2023201368159,2023,201368159,1,9,0,18,19,1,5,0,0,0,0,10,0,0,1,1,5,6,2,27,6,1984,1,4,AUDI A4,7,E01013333,0,-1
2023131361679,2023,131361679,1,9,0,18,19,3,7,0,0,0,0,0,0,0,1,1,6,6,2,28,6,1968,2,11,AUDI A4,1,E01011842,0,-1
2023231297766,2023,231297766,3,9,0,4,4,5,1,0,0,0,0,0,0,0,2,1,5,6,1,50,8,1984,1,15,AUDI A4,7,E01031297,0,-1
2023340NN3382,2023,340NN3382,4,9,0,3,3,2,6,0,0,0,0,0,0,0,2,1,2,2,1,41,7,1968,2,12,AUDI A4,5,E01027136,0,-1
2023991298667,2023,991298667,2,9,0,3,3,7,3,0,0,0,0,0,0,0,2,1,5,6,1,81,11,1986,2,16,AUDI A4,9,-1,0,-1
2023471318261,2023,471318261,2,9,0,2,2,0,0,0,0,0,0,0,0,0,3,1,6,6,3,-1,-1,2976,1,19,AUDI A4,-1,-1,0,-1
2023201307302,2023,201307302,2,9,0,3,3,4,8,0,0,1,0,0,0,0,3,1,6,6,1,87,11,1968,2,14,AUDI A4,1,E01010453,0,-1
2023221291472,2023,221291472,2,9,0,9,9,1,7,0,0,5,0,0,0,0,4,1,5,6,1,53,8,1986,2,18,AUDI A4,2,E01033249,0,-1
2023461333011,2023,461333011,4,9,0,2,2,0,0,0,0,0,0,4,0,0,2,1,6,6,3,-1,-1,1984,1,15,AUDI A4,-1,-1,0,-1
2023451323054,2023,451323054,2,9,0,18,19,5,1,0,0,1,0,0,0,0,4,1,1,1,1,40,7,2967,2,1,AUDI A4,10,E01022895,0,-1
2023340NN1022,2023,340NN1022,1,9,0,18,19,8,4,0,0,0,0,0,0,7,1,1,2,2,2,55,8,1968,2,5,AUDI A4,5,E01030076,0,-1
2023471380866,2023,471380866,1,9,0,9,9,1,7,0,0,5,0,0,0,0,1,1,1,1,1,68,10,1896,2,21,AUDI A4,8,E01031613,0,-1
2023501278543,2023,501278543,2,9,0,18,19,7,3,0,0,8,0,0,0,0,1,1,6,6,2,73,10,1896,2,19,AUDI A4,3,E01019053,0,-1
2023101339163,2023,101339163,2,9,0,2,2,0,0,5,5,1,0,0,0,0,4,1,6,6,3,-1,-1,1968,2,13,AUDI A4,-1,-1,0,-1
2023411297280,2023,411297280,2,9,0,2,2,0,0,0,0,0,0,0,0,0,2,1,6,6,1,27,6,1986,2,16,AUDI A4,6,E01023922,0,-1
2023231267147,2023,231267147,1,9,0,18,19,2,6,0,0,8,2,0,1,3,1,1,2,2,1,48,8,1968,2,4,AUDI A4,2,E01031010,0,-1
2023131260489,2023,131260489,1,9,0,17,19,2,6,0,0,0,0,0,0,0,1,1,2,2,1,37,7,1395,1,7,AUDI A4,8,E01011714,0,-1
2023201287104,2023,201287104,2,9,0,9,9,2,8,0,0,6,0,0,0,0,1,1,6,6,2,56,9,1781,1,18,AUDI A4,2,E01009265,0,-1
2023041370015,2023,041370015,1,9,0,4,4,7,3,0,0,0,0,0,0,0,1,1,5,6,2,22,5,1984,1,1,AUDI A4,3,E01012585,0,-1
2023131360796,2023,131360796,2,9,0,9,9,1,1,0,0,5,0,0,0,0,4,1,5,6,2,35,6,1968,2,7,AUDI A4,2,E01011105,0,-1
2023501376371,2023,501376371,2,9,0,2,2,0,0,0,0,0,0,4,0,0,1,1,6,6,3,-1,-1,1896,2,21,AUDI A4,-1,-1,0,-1
2023111361151,2023,111361151,2,9,0,18,19,1,5,0,0,1,0,0,0,0,1,1,6,6,2,47,8,1986,2,16,AUDI A4,2,E01020618,0,-1
2023070860667,2023,070860667,4,9,0,9,9,5,1,0,0,1,0,0,0,0,2,1,6,6,1,34,6,1968,2,8,AUDI A4,9,E01018405,0,-1
2023501262310,2023,501262310,1,9,0,3,3,5,8,0,0,6,0,0,0,0,1,1,2,2,1,50,8,1968,2,7,AUDI A4,4,E01018885,0,-1
2023311285497,2023,311285497,1,9,0,10,10,6,8,0,0,1,0,0,0,0,2,1,5,6,2,54,8,1984,1,2,AUDI A4,7,E01028290,0,-1
2023010445378,2023,010445378,1,9,0,7,7,6,1,9,9,5,0,0,1,0,1,1,6,6,1,23,5,1968,2,10,AUDI A4,-1,-1,0,-1
2023471285366,2023,471285366,2,9,0,18,19,7,3,0,0,1,0,0,7,0,4,1,5,6,1,72,10,1968,2,10,AUDI A4,6,E01016887,0,-1
2023010461481,2023,010461481,2,9,0,10,10,3,1,0,0,2,0,0,0,0,1,1,6,6,1,32,6,2393,1,19,AUDI A4,1,E01001410,0,-1
2023131368227,2023,131368227,2,9,0,18,19,3,7,0,0,0,0,0,0,0,2,1,5,6,1,46,8,1395,1,6,AUDI A4,2,E01010792,0,-1
202354B277323,2023,54B277323,3,9,0,2,2,0,0,0,0,1,0,0,0,0,3,1,6,6,3,38,7,1896,2,21,AUDI A4,10,E01031970,0,-1
2023010426503,2023,010426503,1,9,0,17,19,5,1,0,0,8,0,0,0,0,1,1,2,2,1,23,5,1984,1,6,AUDI A4,-1,-1,0,-1
2023201310933,2023,201310933,4,9,0,5,5,6,8,0,0,1,0,0,0,0,0,1,1,1,1,-1,-1,2967,2,0,AUDI A4,-1,-1,0,-1
2023161325226,2023,161325226,1,9,0,4,4,6,2,0,0,0,0,0,0,0,2,1,2,2,1,52,8,1984,1,2,AUDI A4,2,E01012863,0,-1
2023010438915,2023,010438915,3,9,0,18,19,1,5,0,0,3,1,0,8,11,1,1,6,6,1,25,5,1984,1,1,AUDI A4,2,E01003057,0,-1
2023531322060,2023,531322060,2,9,0,4,4,7,3,0,0,0,0,0,0,0,1,1,6,6,2,26,6,1395,1,6,AUDI A4,5,E01022421,0,-1
2023010478480,2023,010478480,1,9,0,5,5,5,1,0,0,2,0,0,0,0,2,1,6,6,1,27,6,1968,2,7,AUDI A4,3,E01001546,0,-1
2023351397218,2023,351397218,1,9,0,18,19,8,4,0,0,0,1,0,0,0,1,1,5,6,1,89,11,1896,2,21,AUDI A4,7,E01018022,0,-1
2023201426129,2023,201426129,1,9,0,5,5,1,5,0,0,4,0,0,0,0,4,1,6,6,2,27,6,1896,2,16,AUDI A4,1,E01009889,0,-1
2023201424688,2023,201424688,1,9,0,3,3,2,6,0,0,1,0,0,0,0,2,1,6,6,1,45,7,1968,2,6,AUDI A4,1,E01033187,0,-1
2023221297287,2023,221297287,1,9,0,13,13,7,3,0,0,8,0,0,0,0,4,1,6,6,1,86,11,1968,2,10,AUDI A4,9,W01000481,0,-1
2023131324958,2023,131324958,1,9,0,7,7,4,8,0,0,0,0,0,0,0,2,1,5,6,1,26,6,1986,2,16,AUDI A4,2,E01011859,0,-1
2023471290416,2023,471290416,1,9,0,18,19,6,1,0,0,4,0,0,0,0,1,1,6,6,1,50,8,1968,2,13,AUDI A4,5,E01031376,0,-1
2023201358733,2023,201358733,2,9,0,5,5,6,2,0,0,1,0,0,0,0,3,1,2,2,1,-1,-1,1896,2,21,AUDI A4,2,E01009516,0,-1
2023052302478,2023,052302478,1,9,0,5,5,7,3,0,0,1,0,0,0,0,3,1,6,6,2,-1,-1,1984,1,4,AUDI A4,-1,-1,0,-1
2023211437686,2023,211437686,2,9,0,13,13,5,1,0,0,0,0,0,0,0,1,1,5,6,1,20,4,1984,1,18,AUDI A4,3,E01014194,0,-1
2023471285453,2023,471285453,1,9,0,16,19,3,5,0,0,8,0,0,0,0,1,1,6,6,1,41,7,1986,2,16,AUDI A4,5,E01031481,0,-1
2023991373349,2023,991373349,1,9,0,9,9,2,8,0,0,8,0,0,0,0,3,1,6,6,2,37,7,1968,2,6,AUDI A4,1,-1,0,-1
2023061330555,2023,061330555,2,9,-1,-1,-1,-1,-1,-1,-1,0,-1,-1,-1,0,3,1,6,6,1,-1,-1,1968,2,6,AUDI A4,-1,-1,0,-1
2023421387215,2023,421387215,5,9,0,18,19,2,6,0,0,0,1,0,0,0,1,1,1,1,1,43,7,1984,1,0,AUDI A4,10,E01021738,0,-1
2023101315123,2023,101315123,1,9,0,18,19,3,7,0,0,1,0,0,0,0,1,1,5,6,2,70,10,1984,1,17,AUDI A4,10,E01027471,0,-1
2023340WN7352,2023,340WN7352,5,9,0,4,4,6,2,0,0,0,0,0,0,0,2,1,6,6,1,35,6,1984,1,6,AUDI A4,7,E01027078,0,-1
2023401313520,2023,401313520,2,9,0,18,19,7,3,0,0,0,0,0,0,0,1,1,5,6,2,45,7,1968,2,6,AUDI A4,9,E01017439,0,-1
2023440335632,2023,440335632,2,9,0,18,19,3,8,0,0,8,0,0,0,0,1,1,6,6,2,35,6,1395,1,5,AUDI A4,7,E01023123,0,-1
2023332300997,2023,332300997,1,9,0,18,19,3,7,0,0,8,0,0,0,0,1,1,6,6,1,58,9,1984,1,5,AUDI A4,9,E01025975,0,-1
2023311289597,2023,311289597,2,9,0,18,19,7,3,0,0,0,0,0,0,0,1,1,6,6,1,36,7,1968,2,10,AUDI A4,5,E01013970,0,-1
2023041376839,2023,041376839,1,9,0,17,19,5,3,0,0,1,0,0,0,0,1,1,6,6,1,25,5,2967,2,17,AUDI A4,2,E01012579,0,-1
2023440082397,2023,440082397,1,9,0,3,3,1,7,0,0,4,0,0,0,0,2,1,6,6,2,45,7,1968,2,18,AUDI A4,7,E01023135,0,-1
2023201377370,2023,201377370,1,9,0,9,9,3,1,0,0,5,0,0,0,0,3,1,6,6,1,46,8,1968,2,11,AUDI A4,3,E01016336,0,-1
2023010421355,2023,010421355,2,9,0,99,99,9,9,99,99,9,9,99,9,99,1,9,6,6,3,-1,-1,1984,1,14,AUDI A4,-1,-1,0,-1
2023481366798,2023,481366798,2,9,0,9,9,5,3,0,0,8,0,0,0,0,4,1,5,6,1,55,8,1968,2,13,AUDI A4,-1,-1,0,-1
2023131372539,2023,131372539,2,9,0,2,2,7,3,0,0,1,0,0,0,0,2,1,6,6,3,-1,-1,1968,2,3,AUDI A4,-1,-1,0,-1
2023122301183,2023,122301183,2,9,0,18,19,3,7,0,0,1,0,0,0,0,3,1,1,1,1,44,7,1968,2,8,AUDI A4,8,E01027858,0,-1
2023991378676,2023,991378676,1,9,0,16,19,3,7,0,0,0,0,0,7,10,1,1,2,2,2,62,9,1968,2,10,AUDI A4,7,-1,0,-1
2023201323066,2023,201323066,1,9,0,18,19,6,2,0,0,0,0,0,0,0,2,1,6,6,1,24,5,1968,2,9,AUDI A4,2,E01009210,0,-1
2023991268064,2023,991268064,1,9,0,11,11,6,2,0,0,3,0,0,0,0,1,1,2,2,1,30,6,1986,2,16,AUDI A4,-1,-1,0,-1
2023231388974,2023,231388974,1,9,0,18,19,6,2,0,0,8,0,0,0,0,1,1,6,6,1,46,8,1798,1,13,AUDI A4,1,E01029840,0,-1
2023201389131,2023,201389131,2,9,0,13,13,5,1,0,0,0,5,7,0,0,1,1,6,6,1,35,6,1781,1,20,AUDI A4,3,E01009790,0,-1
2023122301036,2023,122301036,1,9,0,9,9,3,1,0,0,8,0,0,0,0,1,1,6,6,1,35,6,1896,2,17,AUDI A4,6,E01027834,0,-1
2023991303697,2023,991303697,1,9,0,18,19,7,4,0,0,0,0,0,0,0,1,1,6,6,1,18,4,1986,2,17,AUDI A4,5,-1,0,-1
2023340WN0052,2023,340WN0052,2,9,0,3,3,7,3,0,0,1,0,0,0,0,2,1,6,6,1,48,8,1968,2,10,AUDI A4,5,E01027237,0,-1
2023010451882,2023,010451882,1,9,0,18,19,7,3,0,0,4,5,0,0,0,3,1,6,6,1,31,6,1595,1,18,-1,1,E01001013,0,-1
2023010420725,2023,010420725,2,9,0,99,99,9,9,99,99,9,0,99,0,0,9,1,6,6,3,-1,-1,1968,2,15,-1,-1,-1,0,-1
2023131348594,2023,131348594,1,9,0,9,9,7,3,0,0,6,1,11,1,1,3,1,5,6,1,38,7,1968,2,18,-1,1,E01010811,0,-1
202360A087652,2023,60A087652,1,9,0,18,19,5,1,0,0,6,0,0,0,0,1,1,6,6,2,43,7,2990,1,13,-1,-1,-1,0,-1
2023010468127,2023,010468127,2,9,0,99,99,9,9,99,99,9,9,99,9,99,9,9,6,6,3,51,8,1781,1,21,-1,5,E01004522,0,-1
2023411339385,2023,411339385,1,9,0,17,19,7,2,0,0,0,0,0,0,0,1,1,2,2,1,18,4,1390,1,9,-1,1,E01004722,0,-1
2023351315105,2023,351315105,2,9,0,18,19,3,7,0,0,0,1,0,0,0,1,1,2,2,1,47,8,2000,1,0,-1,10,E01018134,0,-1
2023201295689,2023,201295689,1,3,0,3,3,3,7,0,0,1,0,0,0,0,2,1,1,1,1,18,4,125,1,3,-1,4,E01010426,0,-1
2023461382218,2023,461382218,1,9,0,18,19,4,2,0,0,1,0,0,0,0,3,1,5,6,2,80,11,1360,1,27,-1,7,E01024794,0,-1
2023461372083,2023,461372083,1,5,0,18,19,8,3,0,0,0,1,11,1,0,1,1,6,6,1,61,9,1450,1,19,-1,3,E01032830,0,-1
2023371350445,2023,371350445,1,5,0,16,19,6,2,0,0,0,2,0,7,0,3,1,5,6,1,37,7,1450,1,22,-1,7,E01029875,0,-1
2023131305958,2023,131305958,1,9,0,18,19,1,5,0,0,0,0,0,0,0,1,1,5,6,2,46,8,2993,2,11,-1,7,E01011521,0,-1
2023421370750,2023,421370750,1,9,0,18,19,6,2,0,0,0,0,0,0,0,4,1,6,6,3,30,6,2993,2,11,-1,-1,-1,0,-1
2023531376813,2023,531376813,1,17,4,18,19,5,1,0,0,1,1,0,0,0,1,1,6,6,1,21,5,6786,2,0,-1,5,E01014066,0,-1
2023361357921,2023,361357921,1,17,5,18,19,3,7,0,0,0,0,0,0,0,3,1,1,1,1,20,4,6786,2,0,-1,9,E01026875,0,-1
2023231307907,2023,231307907,1,17,4,18,19,2,7,0,0,0,0,0,0,0,2,1,6,6,1,30,6,6786,2,1,-1,5,E01032391,0,-1
2023332301278,2023,332301278,1,3,0,18,19,7,3,0,0,8,0,0,0,0,1,1,6,6,1,23,5,125,1,21,-1,5,E01025858,0,-1
2023371288059,2023,371288059,1,9,0,5,5,5,1,0,0,2,1,0,0,0,4,1,2,2,1,36,7,5462,1,15,-1,7,E01021660,0,-1
2023231376948,2023,231376948,2,9,0,10,10,8,7,0,0,1,0,0,0,0,2,1,6,6,1,61,9,4966,1,20,-1,6,E01031187,0,-1
2023122301119,2023,122301119,2,9,0,18,19,4,7,0,0,0,0,0,1,11,1,1,6,6,1,51,8,5462,1,15,-1,10,E01027914,0,-1
2023010461409,2023,010461409,2,9,0,99,99,9,9,99,99,0,9,99,9,99,1,9,6,6,3,-1,-1,4663,1,12,-1,2,E01004725,0,-1
2023010466309,2023,010466309,1,9,0,18,19,5,1,0,0,8,0,0,0,0,1,1,6,6,1,85,11,4966,1,19,-1,5,E01020587,0,-1
2023501352480,2023,501352480,2,11,0,2,2,1,5,0,0,0,0,0,0,0,3,1,6,6,3,-1,-1,10677,2,5,MERCEDES TOURISMO,-1,-1,0,-1
2023461348719,2023,461348719,1,11,0,4,4,7,3,0,0,0,0,0,0,0,1,1,1,1,1,64,9,10667,2,1,MERCEDES TOURISMO,5,E01024623,0,-1
2023161351247,2023,161351247,1,11,0,7,7,7,1,0,0,1,0,0,0,0,4,1,1,1,1,49,8,10667,2,6,MERCEDES TOURISMO,1,E01013220,0,-1
2023361365184,2023,361365184,1,11,0,18,19,1,5,0,0,0,0,11,0,0,1,1,1,1,1,52,8,10667,2,6,MERCEDES TOURISMO,5,E01003274,0,-1
2023471338589,2023,471338589,1,11,0,7,7,5,7,0,0,6,0,0,0,0,4,1,1,1,1,21,5,10677,2,4,MERCEDES TOURISMO,3,E01000929,0,-1
2023501317899,2023,501317899,1,11,0,1,1,2,6,0,0,0,0,0,1,4,2,1,5,6,1,56,9,10667,2,4,MERCEDES TOURISMO,4,E01031628,0,-1
2023131332738,2023,131332738,1,11,0,18,19,5,1,0,0,8,0,0,0,0,1,1,1,1,1,46,8,10667,2,8,MERCEDES TOURISMO,3,E01010422,0,-1
2023332300357,2023,332300357,2,11,0,7,7,6,8,0,0,5,0,0,0,0,3,1,6,6,2,40,7,10667,2,4,MERCEDES TOURISMO,8,E01025938,0,-1
2023302300081,2023,302300081,2,11,0,2,2,0,0,0,0,0,0,0,0,0,3,1,6,6,3,-1,-1,10667,2,6,MERCEDES TOURISMO,-1,-1,0,-1
2023501295038,2023,501295038,1,11,0,18,19,5,1,0,0,1,0,0,0,0,1,1,1,1,2,52,8,10667,2,4,MERCEDES TOURISMO,6,E01023002,0,-1
2023501332971,2023,501332971,2,11,0,4,4,5,1,0,0,0,0,0,0,0,0,1,1,1,1,59,9,10667,2,1,MERCEDES TOURISMO,-1,-1,0,-1
2023351360232,2023,351360232,2,11,0,18,19,3,7,0,0,1,0,0,0,0,2,1,1,1,1,64,9,10667,2,7,MERCEDES TOURISMO,4,E01027061,0,-1
2023421329459,2023,421329459,3,11,0,18,19,7,3,0,0,1,0,0,0,0,1,1,1,1,1,50,8,10667,2,5,MERCEDES TOURISMO,1,E01021271,0,-1
2023010454300,2023,010454300,1,11,0,9,9,3,8,0,0,1,0,0,0,0,3,1,1,1,1,42,7,10667,2,3,MERCEDES TOURISMO,4,E01003722,0,-1
2023010459602,2023,010459602,2,11,0,99,99,9,9,99,99,9,9,99,9,99,2,9,6,6,3,-1,-1,10667,2,8,MERCEDES TOURISMO,-1,-1,0,-1
2023201267958,2023,201267958,1,11,0,3,3,4,8,0,0,1,0,0,0,0,1,1,1,1,1,57,9,10667,2,7,MERCEDES TOURISMO,1,E01009303,0,-1
2023631350198,2023,631350198,2,11,0,18,19,1,5,0,0,0,0,0,0,0,1,1,6,6,1,62,9,10667,2,6,MERCEDES TOURISMO,6,E01019237,0,-1
2023371340011,2023,371340011,1,11,0,7,7,3,6,0,0,0,0,0,0,0,2,1,1,1,1,64,9,10667,2,6,MERCEDES TOURISMO,6,E01018736,0,-1
2023010457469,2023,010457469,2,11,0,18,19,7,3,0,0,8,0,10,0,0,1,1,1,1,1,53,8,10667,2,8,MERCEDES TOURISMO,7,E01016579,0,-1
2023430369982,2023,430369982,1,11,0,18,19,5,1,0,0,0,0,0,0,0,1,1,1,1,1,66,10,10677,2,5,MERCEDES TOURISMO,2,E01010372,0,-1
2023122300955,2023,122300955,2,11,0,17,19,1,6,0,0,1,1,0,1,0,1,1,1,1,2,37,7,10677,2,5,MERCEDES TOURISMO,3,E01012109,0,-1
2023041320062,2023,041320062,1,11,0,6,6,1,7,0,0,8,0,0,0,0,3,1,1,1,1,68,10,10667,2,0,MERCEDES TOURISMO,7,E01024999,0,-1
2023010468759,2023,010468759,1,11,0,7,7,5,7,0,0,8,0,0,0,0,4,1,1,1,1,62,9,10667,2,1,MERCEDES TOURISMO,6,E01021659,0,-1
2023430032159,2023,430032159,2,11,0,18,19,8,4,0,0,0,0,0,0,0,1,1,2,2,1,41,7,10667,2,4,MERCEDES TOURISMO,7,E01032944,0,-1
2023451361959,2023,451361959,1,11,0,18,19,3,7,0,0,0,0,0,0,0,1,1,3,7,1,45,7,10667,2,0,MERCEDES TOURISMO,-1,-1,0,-1
2023440154328,2023,440154328,1,5,0,18,19,5,1,0,0,0,0,0,0,0,1,1,6,6,1,75,10,853,1,2,-1,8,E01023016,0,-1
2023421278554,2023,421278554,1,5,0,18,19,1,5,0,0,0,0,0,1,0,1,1,5,6,1,33,6,853,1,0,-1,-1,-1,0,-1
2023531304847,2023,531304847,1,5,0,18,19,3,7,0,0,0,2,0,0,0,3,1,2,2,2,45,7,744,1,9,-1,6,E01031234,0,-1
2023421343665,2023,421343665,1,5,0,18,19,3,7,0,0,0,5,0,0,0,1,1,5,6,2,42,7,744,1,5,-1,2,E01004060,0,-1
2023010457175,2023,010457175,2,9,0,10,10,7,4,0,0,1,0,0,0,0,1,1,6,6,1,57,9,1397,1,13,PEUGEOT 207,6,E01000161,0,-1
2023631364825,2023,631364825,1,9,0,16,19,5,1,0,0,0,1,0,7,0,1,1,5,6,2,47,8,1560,2,14,PEUGEOT 207,8,W01000577,0,-1
2023010433516,2023,010433516,1,9,0,16,19,5,1,9,9,0,1,0,7,4,4,1,6,6,1,41,7,1598,1,16,PEUGEOT 207,7,E01001455,0,-1
2023302300303,2023,302300303,1,9,0,18,19,2,6,0,0,0,0,0,0,0,1,1,6,6,2,52,8,1398,2,13,PEUGEOT 207,3,E01013508,0,-1
2023501389061,2023,501389061,1,9,0,16,19,5,7,0,0,0,1,0,0,0,1,1,5,6,2,22,5,1360,1,17,PEUGEOT 207,4,E01019071,0,-1
2023302300968,2023,302300968,1,9,0,9,9,5,2,0,0,6,0,0,0,0,1,1,6,6,1,28,6,1598,1,16,PEUGEOT 207,5,E01018626,0,-1
202360A079656,2023,60A079656,2,9,0,18,19,4,8,0,0,0,0,0,0,0,3,1,6,6,2,32,6,1360,1,12,PEUGEOT 207,-1,-1,0,-1