collision_index,collision_year,collision_ref_no,vehicle_reference,vehicle_type,towing_and_articulation,vehicle_manoeuvre_historic,vehicle_manoeuvre,vehicle_direction_from,vehicle_direction_to,vehicle_location_restricted_lane_historic,vehicle_location_restricted_lane,junction_location,skidding_and_overturning,hit_object_in_carriageway,vehicle_leaving_carriageway,hit_object_off_carriageway,first_point_of_impact,vehicle_left_hand_drive,journey_purpose_of_driver_historic,journey_purpose_of_driver,sex_of_driver,age_of_driver,age_band_of_driver,engine_capacity_cc,propulsion_code,age_of_vehicle,generic_make_model,driver_imd_decile,lsoa_of_driver,escooter_flag,driver_distance_banding
2023631346035,2023,631346035,1,9,0,17,19,5,1,0,0,0,5,0,0,0,1,1,5,6,1,19,4,1360,1,15,PEUGEOT 207,6,W01000541,0,-1
2023622300306,2023,622300306,6,9,0,2,2,0,0,0,0,0,0,0,0,0,1,1,6,6,3,-1,-1,1360,1,13,PEUGEOT 207,-1,-1,0,-1
2023052302228,2023,052302228,1,9,0,18,19,3,7,0,0,8,0,0,0,0,1,1,6,6,1,19,4,1398,2,14,PEUGEOT 207,1,E01007121,0,-1
2023471289706,2023,471289706,1,9,0,2,2,0,0,0,0,1,0,0,0,0,2,1,5,6,1,32,6,1360,1,16,PEUGEOT 207,4,E01020957,0,-1
2023141349691,2023,141349691,2,9,0,18,19,7,3,0,0,2,0,0,0,0,2,1,5,6,2,53,8,1360,1,16,PEUGEOT 207,7,E01007683,0,-1
2023430454961,2023,430454961,1,9,0,9,9,8,5,0,0,6,0,0,0,0,1,1,6,6,1,41,7,1360,1,16,PEUGEOT 207,6,E01017795,0,-1
2023461273033,2023,461273033,2,9,0,18,19,8,4,0,0,8,0,0,7,0,4,1,6,6,2,21,5,1560,2,17,PEUGEOT 207,3,E01033209,0,-1
2023010439589,2023,010439589,2,9,0,99,99,9,9,99,99,9,9,99,9,99,2,9,6,6,3,-1,-1,1360,1,13,PEUGEOT 207,-1,-1,0,-1
2023141319189,2023,141319189,1,9,0,9,9,7,5,0,0,6,0,0,0,0,1,1,3,7,2,43,7,1598,1,14,PEUGEOT 207,5,E01007828,0,-1
2023010450210,2023,010450210,2,9,0,99,99,9,9,99,99,9,9,99,9,99,1,9,6,6,3,-1,-1,1397,1,15,PEUGEOT 207,-1,-1,0,-1
2023371391466,2023,371391466,1,9,0,18,19,1,4,0,0,0,1,0,1,0,1,1,5,6,1,17,4,1398,2,12,PEUGEOT 207,7,E01033126,0,-1
2023610016223,2023,610016223,1,9,0,18,19,5,1,0,0,0,0,0,1,4,1,1,6,6,1,49,8,1360,1,15,PEUGEOT 207,3,W01001546,0,-1
2023061307942,2023,061307942,1,9,0,9,9,1,6,0,0,1,0,0,0,0,3,1,5,6,2,72,10,1360,1,13,PEUGEOT 207,-1,-1,0,-1
2023461274530,2023,461274530,2,9,0,17,19,7,3,0,0,0,0,0,0,0,1,1,5,6,1,39,7,1598,1,15,PEUGEOT 207,8,E01024603,0,-1
2023161391874,2023,161391874,2,9,0,18,19,3,7,0,0,1,0,0,0,0,4,1,1,1,1,24,5,1398,2,16,PEUGEOT 207,3,E01012866,0,-1
2023991340879,2023,991340879,3,9,0,18,19,3,7,0,0,0,1,0,0,0,0,1,6,6,1,31,6,1360,1,13,PEUGEOT 207,2,-1,0,-1
2023161334557,2023,161334557,2,9,0,2,2,0,0,0,0,0,0,0,0,0,3,1,6,6,1,20,4,1398,2,13,PEUGEOT 207,-1,-1,0,-1
2023340WN4712,2023,340WN4712,2,9,0,18,19,2,6,0,0,1,0,0,3,0,1,1,6,6,1,62,9,1560,2,15,PEUGEOT 207,1,E01027195,0,-1
2023421345231,2023,421345231,2,9,0,18,19,3,7,0,0,2,0,0,0,0,4,1,6,6,2,57,9,1360,1,12,PEUGEOT 207,4,E01021501,0,-1
2023201378348,2023,201378348,2,9,0,9,9,6,3,0,0,4,0,0,0,0,1,1,6,6,2,29,6,1598,1,15,PEUGEOT 207,2,E01009840,0,-1
2023302300877,2023,302300877,1,9,0,9,9,4,2,0,0,2,0,0,0,0,4,1,6,6,1,67,10,1560,2,14,PEUGEOT 207,4,E01019417,0,-1
202360A129567,2023,60A129567,1,9,0,9,9,6,4,0,0,6,0,0,0,0,1,1,6,6,2,19,4,1598,1,15,PEUGEOT 207,-1,-1,0,-1
2023221289647,2023,221289647,1,9,0,17,19,6,3,0,0,0,0,0,1,0,1,1,3,7,2,37,7,1360,1,11,PEUGEOT 207,4,E01013989,0,-1
2023052301478,2023,052301478,1,9,0,9,9,1,5,0,0,6,0,0,0,0,1,1,6,6,1,19,4,1360,1,16,PEUGEOT 207,6,E01007255,0,-1
2023421358255,2023,421358255,1,9,0,5,5,1,7,0,0,4,0,0,3,0,1,2,5,6,2,72,10,1560,2,15,PEUGEOT 207,2,E01022023,0,-1
2023371350766,2023,371350766,1,9,0,17,19,5,3,0,0,0,1,0,7,4,1,1,2,2,1,21,5,1397,1,15,PEUGEOT 207,5,E01033539,0,-1
2023411343190,2023,411343190,2,9,0,18,19,5,1,0,0,0,0,0,0,0,1,1,5,6,2,22,5,1360,1,12,PEUGEOT 207,4,E01000591,0,-1
2023122300920,2023,122300920,1,9,0,16,19,2,6,0,0,0,0,0,0,0,1,1,6,6,1,67,10,1560,2,14,PEUGEOT 207,1,E01011659,0,-1
2023221278490,2023,221278490,1,9,0,5,5,4,8,0,0,0,0,0,0,0,1,1,5,6,1,63,9,1360,1,13,PEUGEOT 207,3,W01000454,0,-1
2023131329756,2023,131329756,1,9,0,18,19,2,6,0,0,8,0,0,0,0,1,1,6,6,2,79,11,1360,1,12,PEUGEOT 207,5,E01027729,0,-1
2023010435698,2023,010435698,2,9,0,4,4,7,3,0,0,1,0,0,0,0,2,1,2,2,2,58,9,1360,1,12,PEUGEOT 207,3,E01021806,0,-1
2023010482214,2023,010482214,2,9,0,5,5,5,1,0,0,6,0,0,0,0,1,1,6,6,2,37,7,1598,1,15,PEUGEOT 207,3,E01002058,0,-1
2023451278214,2023,451278214,1,9,0,18,19,4,7,0,0,0,0,11,0,0,1,1,5,6,1,25,5,1360,1,17,PEUGEOT 207,6,E01031520,0,-1
2023546604823,2023,546604823,1,9,0,5,5,2,6,0,0,1,0,0,0,0,1,1,6,6,2,47,8,1560,2,10,PEUGEOT 207,5,E01031898,0,-1
2023541251223,2023,541251223,1,9,0,18,19,2,3,0,0,8,0,0,1,0,3,1,2,2,1,64,9,1398,2,13,PEUGEOT 207,5,E01028718,0,-1
2023631393599,2023,631393599,2,9,0,18,19,3,7,0,0,0,0,0,0,0,1,1,1,1,2,72,10,1560,2,12,PEUGEOT 207,4,W01000718,0,-1
2023501296830,2023,501296830,2,9,0,9,9,2,8,0,0,5,0,0,0,0,4,1,5,6,2,29,6,1598,1,13,PEUGEOT 207,4,E01018955,0,-1
2023361380098,2023,361380098,2,9,0,18,19,7,3,0,0,1,0,0,0,0,3,1,5,6,2,27,6,1598,1,14,PEUGEOT 207,1,E01026641,0,-1
2023052301457,2023,052301457,1,9,0,9,9,3,1,0,0,8,0,0,0,0,2,1,2,2,2,29,6,1397,1,14,PEUGEOT 207,8,E01028510,0,-1
2023501292949,2023,501292949,1,9,0,18,19,8,4,0,0,0,0,0,1,11,1,1,5,6,2,72,10,1560,2,15,PEUGEOT 207,2,E01019076,0,-1
2023101349374,2023,101349374,1,9,0,18,19,5,1,0,0,0,0,0,0,0,1,1,6,6,3,40,7,1398,2,13,PEUGEOT 207,-1,-1,0,-1
2023221305707,2023,221305707,1,9,0,18,19,1,5,0,0,0,0,0,0,0,1,1,5,6,2,18,4,1360,1,17,PEUGEOT 207,2,E01018539,0,-1
2023340NN0782,2023,340NN0782,1,9,0,9,9,8,6,0,0,5,0,0,0,0,4,1,6,6,2,45,7,1360,1,13,PEUGEOT 207,3,E01027060,0,-1
2023201444076,2023,201444076,2,9,0,5,5,1,5,0,0,8,0,10,0,0,1,1,5,6,2,46,8,1398,2,15,PEUGEOT 207,1,E01009360,0,-1
2023231328153,2023,231328153,1,9,0,18,19,5,1,0,0,0,1,10,8,0,1,1,2,2,1,58,9,1360,1,17,PEUGEOT 207,9,E01031154,0,-1
2023131365106,2023,131365106,1,9,0,-1,-1,-1,-1,-1,-1,-1,-1,-1,-1,-1,-1,1,6,6,3,-1,-1,1398,2,13,PEUGEOT 207,-1,-1,0,-1
2023520301246,2023,520301246,1,9,0,4,4,6,2,0,0,1,0,0,0,0,3,1,6,6,2,23,5,1360,1,11,PEUGEOT 207,2,E01029177,0,-1
2023052301149,2023,052301149,2,9,0,2,2,0,0,0,0,0,0,0,0,0,2,1,6,6,3,-1,-1,1360,1,16,PEUGEOT 207,-1,-1,0,-1
2023320390576,2023,320390576,2,9,0,9,9,6,2,0,0,6,0,0,0,0,1,1,6,6,1,38,7,1360,1,16,PEUGEOT 207,7,E01026267,0,-1
2023451294778,2023,451294778,2,9,0,18,19,1,3,0,0,1,0,0,0,0,2,1,6,6,2,40,7,1360,1,13,PEUGEOT 207,8,E01030491,0,-1
2023141389352,2023,141389352,2,9,0,18,19,5,1,0,0,0,0,0,0,0,1,1,6,6,2,56,9,1360,1,16,PEUGEOT 207,2,E01007517,0,-1
2023052302781,2023,052302781,1,9,0,5,5,7,3,0,0,4,0,0,0,0,3,1,6,6,2,27,6,1360,1,16,PEUGEOT 207,1,E01006880,0,-1
2023430296086,2023,430296086,1,9,0,18,19,5,1,0,0,1,0,0,0,0,1,1,6,6,1,23,5,1398,2,12,PEUGEOT 207,10,E01017864,0,-1
2023311327013,2023,311327013,1,9,0,9,9,6,4,0,0,5,0,0,0,0,1,1,6,6,1,45,7,1360,1,16,PEUGEOT 207,-1,-1,0,-1
2023430075382,2023,430075382,1,9,0,18,19,4,8,0,0,1,0,0,0,0,1,1,2,2,1,27,6,1397,1,11,PEUGEOT 207,9,E01016631,0,-1
2023471324235,2023,471324235,1,9,0,18,19,8,4,0,0,0,0,0,0,0,1,1,1,1,1,60,9,-1,-1,-1,PEUGEOT 207,10,E01031729,0,-1
2023340WN2462,2023,340WN2462,2,9,0,18,19,1,5,0,0,0,0,0,0,0,3,1,2,2,2,52,8,1398,2,16,PEUGEOT 207,2,E01009537,0,-1
2023320495897,2023,320495897,1,9,0,18,19,3,7,0,0,0,0,0,1,9,1,1,6,6,1,73,10,1560,2,15,PEUGEOT 207,9,E01026293,0,-1
2023622300441,2023,622300441,1,9,0,18,19,4,8,0,0,1,0,4,0,0,1,1,6,6,1,43,7,1360,1,16,PEUGEOT 207,1,W01001267,0,-1
2023351338934,2023,351338934,1,9,0,18,19,2,6,0,0,4,0,0,0,0,1,1,5,6,2,42,7,1360,1,15,PEUGEOT 207,3,E01018109,0,-1
2023991308592,2023,991308592,1,9,0,5,5,3,7,0,0,0,0,4,0,0,1,1,6,6,2,19,4,1398,2,16,PEUGEOT 207,-1,-1,0,-1
2023451369118,2023,451369118,3,9,0,18,19,5,1,0,0,0,0,0,0,0,1,1,6,6,1,28,6,1360,1,16,PEUGEOT 207,2,E01015096,0,-1
2023461350017,2023,461350017,3,9,0,3,3,0,0,0,0,1,0,0,0,0,4,1,2,2,2,38,7,1598,1,14,PEUGEOT 207,5,E01024282,0,-1
2023610013423,2023,610013423,1,9,0,16,19,7,2,0,0,0,0,0,1,1,3,1,2,2,1,25,5,1598,1,16,PEUGEOT 207,3,W01001335,0,-1
2023061320056,2023,061320056,1,9,0,18,19,3,7,0,0,3,1,0,7,0,1,1,5,6,1,20,4,1560,2,16,PEUGEOT 207,1,E01006336,0,-1
2023991327857,2023,991327857,1,9,0,18,19,6,2,0,0,3,0,0,0,0,1,1,5,6,1,68,10,1360,1,17,PEUGEOT 207,2,-1,0,-1
2023201355902,2023,201355902,1,9,0,18,19,6,2,0,0,2,0,10,7,4,1,1,6,6,2,24,5,1360,1,12,PEUGEOT 207,3,E01009316,0,-1
2023061283590,2023,061283590,1,9,-1,-1,-1,-1,-1,-1,-1,0,-1,-1,-1,0,3,1,2,2,2,32,6,1360,1,13,PEUGEOT 207,1,E01005195,0,-1
2023361381421,2023,361381421,2,9,0,18,19,1,5,0,0,1,0,0,0,0,1,1,6,6,2,76,11,1360,1,15,PEUGEOT 207,6,E01026457,0,-1
2023421368800,2023,421368800,1,9,0,7,7,3,7,0,0,0,0,0,0,0,4,1,6,6,2,20,4,1360,1,14,PEUGEOT 207,10,E01021614,0,-1
2023320562774,2023,320562774,1,9,0,18,19,4,8,0,0,0,0,0,8,9,1,1,6,6,2,43,7,1397,1,16,PEUGEOT 207,5,E01026287,0,-1
2023451262646,2023,451262646,2,9,0,18,19,5,1,0,0,0,0,0,0,0,1,1,2,2,2,32,6,1560,2,15,PEUGEOT 207,4,E01016529,0,-1
2023440371264,2023,440371264,2,9,0,4,4,5,1,0,0,1,0,0,0,0,2,1,2,2,2,34,6,1560,2,12,PEUGEOT 207,10,E01032852,0,-1
2023451365531,2023,451365531,1,9,0,18,19,1,5,0,0,0,0,7,0,0,1,1,5,6,2,74,10,1598,1,9,PEUGEOT 207,7,E01030651,0,-1
2023131344437,2023,131344437,1,9,0,18,19,1,5,0,0,1,0,0,0,0,1,1,6,6,1,43,7,1560,2,13,PEUGEOT 207,6,E01011599,0,-1
2023231317984,2023,231317984,3,9,0,2,2,0,0,6,6,1,0,0,0,0,0,1,6,6,3,-1,-1,1398,2,14,PEUGEOT 207,-1,-1,0,-1
2023522300567,2023,522300567,2,9,0,18,19,8,4,0,0,8,0,0,0,0,1,1,6,6,2,32,6,1397,1,15,PEUGEOT 207,10,E01014417,0,-1
2023052303047,2023,052303047,2,9,0,18,19,5,1,0,0,8,0,0,0,0,1,1,2,2,2,22,5,1360,1,17,PEUGEOT 207,1,E01012396,0,-1
2023131390908,2023,131390908,1,9,0,9,9,5,8,0,0,1,0,0,0,0,1,1,5,6,2,49,8,1360,1,15,PEUGEOT 207,9,E01011513,0,-1
2023122300257,2023,122300257,1,9,0,9,9,5,2,0,0,8,0,0,0,0,4,1,6,6,1,36,7,1398,2,16,PEUGEOT 207,8,E01027668,0,-1
2023010431005,2023,010431005,1,9,0,9,9,4,2,0,0,8,0,0,0,0,1,1,6,6,2,30,6,1397,1,12,PEUGEOT 207,3,E01016012,0,-1
2023520400917,2023,520400917,2,9,0,6,6,3,3,0,0,0,0,0,0,0,3,1,6,6,1,61,9,1560,2,16,PEUGEOT 207,2,E01032118,0,-1
2023131382538,2023,131382538,2,9,0,5,5,7,3,0,0,4,0,0,3,0,1,1,6,6,1,33,6,1560,2,13,PEUGEOT 207,4,E01010798,0,-1
2023201276347,2023,201276347,1,9,0,18,19,4,8,0,0,8,0,0,0,0,4,1,6,6,2,44,7,1598,1,12,PEUGEOT 207,2,E01009407,0,-1
2023201315429,2023,201315429,1,9,0,1,1,1,5,0,0,0,0,0,0,0,2,1,6,6,2,-1,-1,1398,2,17,PEUGEOT 207,1,E01009574,0,-1
2023170L20323,2023,170L20323,2,9,0,4,4,4,4,0,0,8,0,0,0,0,2,1,6,6,1,66,10,1398,2,17,PEUGEOT 207,-1,-1,0,-1
2023421328424,2023,421328424,2,9,0,2,2,0,0,0,0,0,0,0,0,0,2,1,6,6,3,-1,-1,1598,1,15,PEUGEOT 207,-1,-1,0,-1
2023211274450,2023,211274450,1,9,0,9,9,8,6,0,0,8,0,0,0,0,4,1,5,6,1,77,11,1560,2,13,PEUGEOT 207,9,E01029518,0,-1
2023451356218,2023,451356218,2,9,0,18,19,1,4,0,0,0,0,0,0,0,1,1,6,6,1,37,7,1397,1,12,PEUGEOT 207,4,E01030615,0,-1
2023332300713,2023,332300713,3,9,0,9,9,5,3,0,0,5,0,0,0,0,2,1,6,6,2,56,9,1360,1,14,PEUGEOT 207,7,E01025851,0,-1
2023361312348,2023,361312348,1,9,0,5,5,4,8,0,0,8,0,0,1,0,3,1,5,6,1,50,8,1398,2,14,PEUGEOT 207,4,E01026677,0,-1
2023161289259,2023,161289259,1,9,0,13,13,5,1,0,0,1,0,0,0,0,4,1,5,6,1,54,8,1560,2,13,PEUGEOT 207,1,E01012918,0,-1
2023522300147,2023,522300147,1,9,0,3,3,4,2,0,0,0,0,0,0,0,2,1,6,6,2,47,8,1360,1,11,PEUGEOT 207,2,E01014810,0,-1
2023311359885,2023,311359885,2,9,0,1,1,6,2,0,0,1,0,0,0,0,2,1,6,6,1,27,6,1360,1,13,PEUGEOT 207,1,E01027978,0,-1
2023461271729,2023,461271729,1,9,0,1,1,6,2,0,0,1,0,0,0,0,2,1,5,6,1,20,4,1397,1,13,PEUGEOT 207,5,E01024138,0,-1
2023991305034,2023,991305034,1,9,0,18,19,8,5,0,0,0,0,0,1,0,1,1,5,6,1,31,6,1398,2,16,PEUGEOT 207,5,-1,0,-1
2023122400011,2023,122400011,2,9,0,4,4,5,1,0,0,0,0,0,0,0,1,1,6,6,1,-1,-1,1360,1,11,PEUGEOT 207,-1,-1,0,-1
2023141268745,2023,141268745,1,9,0,16,19,5,8,0,0,0,2,0,3,11,1,1,6,6,1,25,5,1398,2,12,PEUGEOT 207,1,E01007869,0,-1
2023501281539,2023,501281539,2,9,0,3,3,-1,-1,0,0,0,0,0,0,0,2,1,5,6,2,50,8,1560,2,14,PEUGEOT 207,3,E01020323,0,-1
2023161323088,2023,161323088,2,9,0,18,19,4,8,0,0,8,0,0,0,0,1,1,6,6,1,-1,-1,1398,2,14,PEUGEOT 207,1,E01012834,0,-1
2023041370642,2023,041370642,1,9,0,-1,-1,-1,-1,-1,-1,-1,-1,-1,-1,0,-1,1,6,6,3,-1,-1,1598,1,15,PEUGEOT 207,-1,-1,0,-1
2023302301977,2023,302301977,2,9,0,2,2,0,0,0,0,1,0,0,7,0,4,1,6,6,3,-1,-1,1398,2,14,PEUGEOT 207,-1,-1,0,-1
2023430433066,2023,430433066,1,9,0,1,1,4,8,0,0,6,0,0,0,0,2,1,6,6,2,-1,-1,1560,2,15,PEUGEOT 207,-1,-1,0,-1
2023631308020,2023,631308020,2,9,0,18,19,2,6,0,0,8,0,0,0,0,1,1,5,6,2,67,10,1360,1,17,PEUGEOT 207,3,W01001021,0,-1
2023141300186,2023,141300186,2,9,0,2,2,0,0,0,0,0,1,0,0,0,2,1,6,6,3,-1,-1,1398,2,15,PEUGEOT 207,-1,-1,0,-1
2023501335620,2023,501335620,1,9,0,18,19,3,7,0,0,0,2,0,0,0,1,1,6,6,1,34,6,1360,1,14,PEUGEOT 207,4,E01019006,0,-1
2023101283036,2023,101283036,2,9,0,18,19,5,1,0,0,0,0,0,0,0,4,1,2,2,2,25,5,1398,2,12,PEUGEOT 207,2,E01027519,0,-1
2023531370409,2023,531370409,2,9,0,3,3,1,5,0,0,0,0,0,0,0,2,1,2,2,1,42,7,1598,1,12,PEUGEOT 207,10,E01022281,0,-1
2023351380464,2023,351380464,1,9,0,3,3,5,1,0,0,4,0,0,0,0,2,1,6,6,2,54,8,1360,1,16,PEUGEOT 207,5,E01015591,0,-1
2023522301172,2023,522301172,2,9,0,18,19,7,3,0,0,0,0,0,1,0,2,1,6,6,2,25,5,1397,1,13,PEUGEOT 207,3,E01014681,0,-1
2023311344252,2023,311344252,4,9,0,18,19,5,1,0,0,0,0,0,0,0,1,1,6,6,2,57,9,1598,1,14,PEUGEOT 207,2,E01013906,0,-1
2023549013823,2023,549013823,1,9,0,18,19,7,3,0,0,4,0,0,0,0,1,1,6,6,2,32,6,1360,1,14,PEUGEOT 207,2,E01015476,0,-1
2023552300546,2023,552300546,2,9,0,7,7,3,5,0,0,8,0,0,0,0,1,1,2,2,2,23,5,1398,2,16,PEUGEOT 207,1,E01015309,0,-1
2023041378855,2023,041378855,1,9,0,17,19,5,1,0,0,0,1,0,7,9,1,1,5,6,2,41,7,1598,1,16,PEUGEOT 207,6,E01025114,0,-1
2023052301858,2023,052301858,2,9,0,18,19,3,7,0,0,1,0,0,0,0,1,1,6,6,2,68,10,1560,2,12,PEUGEOT 207,9,E01007197,0,-1
2023440061042,2023,440061042,2,9,0,13,13,5,1,0,0,0,0,0,0,0,4,1,2,2,1,20,4,1360,1,11,PEUGEOT 207,8,E01022667,0,-1
2023122300264,2023,122300264,1,9,0,18,19,1,3,0,0,0,0,0,0,0,4,1,6,6,2,80,11,1397,1,13,PEUGEOT 207,8,E01027895,0,-1
2023141334164,2023,141334164,1,9,0,18,19,1,8,0,0,0,0,0,0,0,2,1,5,6,2,53,8,1398,2,12,PEUGEOT 207,1,E01007945,0,-1
2023302301722,2023,302301722,1,9,0,7,7,3,6,0,0,8,0,0,0,0,1,1,2,2,1,25,5,1598,1,16,PEUGEOT 207,3,E01019511,0,-1
2023471359331,2023,471359331,1,9,0,9,9,7,3,0,0,5,0,0,0,0,1,1,6,6,2,62,9,1360,1,14,PEUGEOT 207,4,E01016974,0,-1
2023010422433,2023,010422433,2,9,0,99,99,9,9,99,99,0,9,99,9,99,1,9,6,6,2,32,6,1397,1,13,PEUGEOT 207,4,E01003913,0,-1
2023421292280,2023,421292280,1,9,0,3,3,5,1,0,0,0,0,0,0,0,1,1,6,6,1,51,8,1360,1,14,PEUGEOT 207,1,E01021703,0,-1
2023440386762,2023,440386762,2,9,0,9,9,3,8,0,0,1,0,0,0,0,3,1,6,6,1,90,11,1598,1,11,PEUGEOT 207,8,E01022952,0,-1
202360A079478,2023,60A079478,1,9,0,16,19,8,5,0,0,0,2,0,7,11,1,1,6,6,1,19,4,1360,1,11,PEUGEOT 207,-1,-1,0,-1
2023461325163,2023,461325163,1,9,0,18,19,8,4,0,0,0,5,0,1,0,1,1,5,6,2,31,6,1560,2,16,PEUGEOT 207,1,E01024581,0,-1
2023131316896,2023,131316896,3,9,0,18,19,5,1,0,0,1,0,0,0,0,1,1,5,6,1,84,11,1397,1,16,PEUGEOT 207,9,E01011456,0,-1
2023141373375,2023,141373375,1,9,0,18,19,1,5,0,0,0,0,0,0,0,1,2,5,6,2,56,9,1360,1,14,PEUGEOT 207,4,E01007537,0,-1
2023010475157,2023,010475157,1,9,0,18,19,5,1,0,0,0,0,0,0,0,1,1,2,2,1,61,9,1360,1,13,PEUGEOT 207,3,E01000511,0,-1
2023010441544,2023,010441544,2,9,9,99,99,9,9,0,0,9,9,99,9,99,9,9,6,6,3,-1,-1,1598,1,16,PEUGEOT 207,-1,-1,0,-1
2023440200210,2023,440200210,1,9,0,9,9,5,3,0,0,8,0,0,0,0,1,1,2,2,1,37,7,1360,1,15,PEUGEOT 207,3,E01017127,0,-1
2023041326740,2023,041326740,1,9,0,4,4,2,6,0,0,0,0,0,0,0,1,1,5,6,2,26,6,1560,2,12,PEUGEOT 207,7,E01025400,0,-1
2023070747249,2023,070747249,1,9,0,18,19,3,7,0,0,0,0,0,7,11,1,1,6,6,1,30,6,1598,1,12,PEUGEOT 207,6,E01012515,0,-1
2023991343906,2023,991343906,1,9,0,16,19,4,8,0,0,0,0,0,7,0,4,1,6,6,1,18,4,1360,1,11,PEUGEOT 207,7,-1,0,-1
2023501328185,2023,501328185,1,9,0,18,19,7,3,0,0,0,1,10,2,10,1,2,5,6,1,17,4,1360,1,14,PEUGEOT 207,6,E01019945,0,-1
2023131332267,2023,131332267,1,9,0,18,19,3,7,0,0,0,1,0,0,0,4,1,2,2,1,41,7,1360,1,16,PEUGEOT 207,3,E01011139,0,-1
2023522400766,2023,522400766,2,9,0,2,2,0,0,0,0,0,0,0,0,0,2,1,6,6,2,51,8,1598,1,12,PEUGEOT 207,6,E01022227,0,-1
2023340WN9092,2023,340WN9092,1,9,0,9,9,3,8,0,0,6,0,0,0,0,2,1,6,6,1,65,9,1560,2,15,PEUGEOT 207,9,E01027286,0,-1
2023211367079,2023,211367079,2,9,0,18,19,5,1,0,0,0,0,0,0,0,3,1,6,6,3,-1,-1,1560,2,16,PEUGEOT 207,-1,-1,0,-1
2023010427106,2023,010427106,2,9,0,99,99,9,9,99,99,9,9,99,9,99,1,9,6,6,3,-1,-1,1598,1,15,PEUGEOT 207,-1,-1,0,-1
2023991370478,2023,991370478,1,9,0,9,9,5,4,0,0,8,1,0,0,0,1,1,5,6,2,28,6,1360,1,13,PEUGEOT 207,3,-1,0,-1
2023440052418,2023,440052418,1,9,0,5,5,1,5,0,0,6,0,0,0,0,1,1,6,6,2,62,9,1360,1,16,PEUGEOT 207,-1,-1,0,-1
2023302300905,2023,302300905,3,9,0,12,12,7,3,0,0,2,0,0,0,0,1,1,6,6,1,43,7,1360,1,17,PEUGEOT 207,8,E01013592,0,-1
2023471352944,2023,471352944,1,9,0,18,19,7,3,0,0,0,0,0,0,0,1,1,5,6,1,79,11,1560,2,14,PEUGEOT 207,9,E01021208,0,-1
2023371331512,2023,371331512,1,9,0,7,7,1,7,0,0,1,0,0,0,0,4,1,3,7,2,56,9,1598,1,14,PEUGEOT 207,5,E01030030,0,-1
2023122301132,2023,122301132,1,9,0,16,19,3,7,9,9,0,0,0,1,0,1,1,6,6,1,45,7,1560,2,13,PEUGEOT 207,-1,-1,0,-1
2023471356216,2023,471356216,1,9,0,18,19,4,8,0,0,0,0,4,0,0,4,1,5,6,2,39,7,1560,2,13,PEUGEOT 207,4,E01031788,0,-1
2023221378344,2023,221378344,1,9,0,4,4,6,2,0,0,1,0,0,0,0,1,1,6,6,1,35,6,1560,2,12,PEUGEOT 207,4,E01028968,0,-1
2023231354043,2023,231354043,1,9,0,18,19,7,3,0,0,1,0,0,0,0,1,1,6,6,2,35,6,1360,1,13,PEUGEOT 207,7,E01031334,0,-1
2023549768123,2023,549768123,1,9,0,11,11,2,6,0,0,8,0,0,0,0,1,1,6,6,2,37,7,1560,2,13,PEUGEOT 207,3,E01032094,0,-1
2023461301985,2023,461301985,3,9,0,18,19,6,2,0,0,1,0,0,0,0,1,1,1,1,1,40,7,1398,2,14,PEUGEOT 207,3,E01024372,0,-1
2023520400909,2023,520400909,1,9,0,13,13,5,1,0,0,0,0,0,0,0,4,1,6,6,2,38,7,1560,2,15,PEUGEOT 207,6,E01029054,0,-1
2023451357786,2023,451357786,2,9,0,2,2,1,3,0,0,0,0,0,0,0,0,1,6,6,3,30,6,1598,1,11,PEUGEOT 207,-1,-1,0,-1
2023520300904,2023,520300904,2,9,0,18,19,7,3,0,0,0,0,0,7,4,2,1,6,6,2,51,8,1397,1,15,PEUGEOT 207,7,E01020434,0,-1
2023461394834,2023,461394834,2,9,0,10,10,5,1,0,0,1,0,0,0,0,3,1,6,6,2,41,7,1560,2,12,PEUGEOT 207,4,E01024086,0,-1
2023501289454,2023,501289454,1,9,0,9,9,6,3,0,0,8,0,0,0,0,1,1,2,2,2,39,7,1360,1,16,PEUGEOT 207,3,E01018790,0,-1
2023610032723,2023,610032723,2,9,0,16,19,2,5,0,0,1,0,0,0,0,1,1,6,6,1,24,5,1560,2,16,PEUGEOT 207,5,W01001310,0,-1
2023221324507,2023,221324507,1,9,0,9,9,3,1,0,0,5,0,0,0,0,4,1,6,6,2,44,7,1560,2,14,PEUGEOT 207,5,E01032203,0,-1
2023440516815,2023,440516815,1,9,0,9,9,8,6,0,0,5,0,0,0,0,4,1,6,6,1,93,11,1360,1,16,PEUGEOT 207,10,E01023231,0,-1
2023501351817,2023,501351817,1,9,0,14,14,6,2,0,0,1,0,0,0,0,1,1,5,6,2,76,11,1360,1,17,PEUGEOT 207,6,E01020326,0,-1
2023201332996,2023,201332996,2,9,0,2,2,0,0,0,0,0,0,0,0,0,2,1,6,6,2,-1,-1,1560,2,14,PEUGEOT 207,-1,-1,0,-1
2023461318690,2023,461318690,2,9,0,4,4,5,1,0,0,0,0,0,0,0,2,1,6,6,1,60,9,1360,1,13,PEUGEOT 207,9,E01024445,0,-1