collision_index,collision_year,collision_ref_no,vehicle_reference,vehicle_type,towing_and_articulation,vehicle_manoeuvre_historic,vehicle_manoeuvre,vehicle_direction_from,vehicle_direction_to,vehicle_location_restricted_lane_historic,vehicle_location_restricted_lane,junction_location,skidding_and_overturning,hit_object_in_carriageway,vehicle_leaving_carriageway,hit_object_off_carriageway,first_point_of_impact,vehicle_left_hand_drive,journey_purpose_of_driver_historic,journey_purpose_of_driver,sex_of_driver,age_of_driver,age_band_of_driver,engine_capacity_cc,propulsion_code,age_of_vehicle,generic_make_model,driver_imd_decile,lsoa_of_driver,escooter_flag,driver_distance_banding
202363A023823,2023,63A023823,2,9,0,18,19,5,1,0,0,1,0,0,0,0,1,1,6,6,1,60,9,1560,2,15,PEUGEOT 207,1,W01000708,0,-1
2023991433672,2023,991433672,1,9,0,3,3,5,1,0,0,1,0,0,0,0,2,1,5,6,1,33,6,1360,1,14,PEUGEOT 207,-1,-1,0,-1
2023010448493,2023,010448493,2,9,9,99,99,9,9,99,99,9,9,99,9,99,9,9,6,6,3,25,5,1360,1,12,PEUGEOT 207,4,E01001090,0,-1
2023201303385,2023,201303385,1,9,0,18,19,8,4,0,0,0,0,0,0,0,1,1,6,6,3,-1,-1,1360,1,16,PEUGEOT 207,-1,-1,0,-1
2023520001143,2023,520001143,2,9,0,1,1,9,9,0,0,0,0,4,0,0,2,1,6,6,3,-1,-1,1560,2,12,PEUGEOT 207,-1,-1,0,-1
2023122301091,2023,122301091,2,9,0,17,19,6,2,0,0,0,0,0,0,0,4,1,6,6,2,26,6,1560,2,11,PEUGEOT 207,2,E01010718,0,-1
2023131299874,2023,131299874,4,9,0,4,4,6,2,0,0,0,0,0,0,0,1,1,5,6,2,31,6,1397,1,15,PEUGEOT 207,4,E01011585,0,-1
2023122301164,2023,122301164,4,9,0,18,19,3,7,0,0,0,0,0,0,0,1,1,2,2,1,17,4,1360,1,11,PEUGEOT 207,9,E01027794,0,-1
2023141301659,2023,141301659,1,9,0,9,9,6,4,0,0,1,0,0,0,0,3,1,5,6,1,38,7,1360,1,14,PEUGEOT 207,1,E01007885,0,-1
2023061272411,2023,061272411,1,9,0,5,5,2,4,0,0,0,0,0,0,0,1,1,5,6,2,69,10,1360,1,13,PEUGEOT 207,4,E01005151,0,-1
2023111377123,2023,111377123,1,9,0,13,13,8,4,0,0,0,0,0,0,0,1,1,6,6,1,49,8,1560,2,14,PEUGEOT 207,1,E01020807,0,-1
2023320663569,2023,320663569,1,9,0,18,19,4,8,0,0,0,1,0,0,0,1,1,6,6,1,51,8,1560,2,14,PEUGEOT 207,-1,-1,0,-1
2023010450997,2023,010450997,1,9,0,1,1,5,1,0,0,0,0,5,7,11,2,1,6,6,1,85,11,1598,1,13,PEUGEOT 207,8,E01001596,0,-1
2023201353897,2023,201353897,1,9,0,18,19,4,8,0,0,1,0,0,0,0,1,1,6,6,2,32,6,1398,2,14,PEUGEOT 207,1,E01009298,0,-1
2023371337698,2023,371337698,1,9,0,18,19,1,5,0,0,0,0,0,0,0,1,1,5,6,1,23,5,1360,1,15,PEUGEOT 207,8,E01029890,0,-1
2023421362534,2023,421362534,1,9,0,7,7,1,4,0,0,1,1,0,0,0,1,1,6,6,2,79,11,1560,2,13,PEUGEOT 207,9,E01021873,0,-1
2023201405338,2023,201405338,1,9,0,1,1,5,1,0,0,0,0,0,0,0,2,1,6,6,1,-1,-1,1360,1,16,PEUGEOT 207,-1,-1,0,-1
2023471331999,2023,471331999,1,9,0,18,19,1,5,0,0,0,0,10,0,0,1,2,5,6,1,18,4,1560,2,13,PEUGEOT 207,4,E01020974,0,-1
2023471377137,2023,471377137,1,9,0,9,9,8,5,0,0,0,0,0,0,0,4,1,2,2,1,58,9,-1,-1,-1,PEUGEOT 207,8,E01017010,0,-1
2023141303562,2023,141303562,1,9,0,10,10,6,3,0,0,4,0,0,0,0,3,1,5,6,2,53,8,1398,2,15,PEUGEOT 207,7,E01007551,0,-1
2023201328665,2023,201328665,1,9,0,14,14,1,5,0,0,8,0,0,0,0,4,1,1,1,2,37,7,1560,2,15,PEUGEOT 207,8,E01010161,0,-1
2023451325054,2023,451325054,1,9,0,17,19,1,5,0,0,0,1,0,0,0,4,1,6,6,2,20,4,1560,2,12,PEUGEOT 207,2,E01030599,0,-1
2023170L20633,2023,170L20633,2,9,0,3,3,8,4,0,0,0,0,0,0,0,2,1,6,6,2,27,6,1397,1,13,PEUGEOT 207,-1,-1,0,-1
2023131347678,2023,131347678,1,9,0,18,19,3,7,0,0,0,0,0,7,3,1,1,5,6,2,54,8,1360,1,16,PEUGEOT 207,4,E01011808,0,-1
2023991324001,2023,991324001,1,9,0,17,19,4,8,0,0,1,1,0,7,0,4,1,5,6,2,36,7,1560,2,15,PEUGEOT 207,2,-1,0,-1
2023361301416,2023,361301416,1,9,0,17,19,6,3,0,0,0,1,0,2,4,1,1,2,2,2,27,6,1598,1,16,PEUGEOT 207,6,E01026430,0,-1
2023131287665,2023,131287665,1,9,0,18,19,5,1,0,0,8,0,4,0,0,1,1,6,6,1,39,7,1360,1,16,PEUGEOT 207,4,E01011753,0,-1
2023131365541,2023,131365541,1,9,0,13,13,3,3,0,0,0,5,4,0,0,1,1,5,6,1,42,7,1360,1,13,PEUGEOT 207,3,E01011868,0,-1
2023371318953,2023,371318953,1,9,0,18,19,1,5,0,0,4,0,0,0,0,1,1,6,6,2,35,6,1360,1,17,PEUGEOT 207,2,E01029889,0,-1
2023131358516,2023,131358516,1,9,0,18,19,8,4,0,0,6,5,4,0,0,4,1,5,6,2,83,11,1360,1,11,PEUGEOT 207,2,E01011900,0,-1
2023320688944,2023,320688944,1,9,0,18,19,4,8,0,0,1,5,4,0,0,1,1,6,6,1,27,6,1398,2,15,PEUGEOT 207,1,E01026176,0,-1
2023371326010,2023,371326010,2,9,0,4,4,3,7,0,0,0,0,0,0,0,1,1,5,6,2,25,5,1398,2,14,PEUGEOT 207,7,E01029873,0,-1
2023461278648,2023,461278648,2,9,0,18,19,3,1,0,0,6,0,0,0,0,4,1,5,6,2,53,8,1360,1,17,PEUGEOT 207,1,E01024683,0,-1
2023552300481,2023,552300481,1,9,0,9,9,3,1,0,0,8,0,0,0,0,3,1,6,6,2,49,8,1397,1,13,PEUGEOT 207,5,E01015393,0,-1
2023141297585,2023,141297585,1,9,0,13,13,1,5,0,0,1,0,0,0,0,4,1,6,6,1,38,7,1560,2,16,PEUGEOT 207,4,E01007559,0,-1
2023010486975,2023,010486975,2,9,9,99,99,9,9,99,99,9,9,99,9,99,1,9,6,6,3,-1,-1,1360,1,11,PEUGEOT 207,-1,-1,0,-1
2023421276005,2023,421276005,3,9,0,3,3,7,3,0,0,0,0,0,0,0,2,1,6,6,1,-1,-1,1397,1,12,PEUGEOT 207,-1,-1,0,-1
2023440170477,2023,440170477,1,9,0,12,12,2,6,0,0,0,0,0,0,0,3,1,6,6,1,22,5,1360,1,17,PEUGEOT 207,4,E01022723,0,-1
2023401278303,2023,401278303,1,9,0,10,10,4,2,0,0,1,0,0,0,0,1,1,2,2,1,21,5,1360,1,14,PEUGEOT 207,4,E01017482,0,-1
2023421371796,2023,421371796,1,9,0,18,19,2,6,0,0,0,0,0,0,0,3,1,6,6,2,38,7,1397,1,12,PEUGEOT 207,6,E01033056,0,-1
2023461315879,2023,461315879,2,9,0,18,19,3,7,0,0,0,0,0,0,0,1,1,1,1,1,49,8,1360,1,16,PEUGEOT 207,1,E01024667,0,-1
2023070533163,2023,070533163,3,9,0,2,2,0,0,0,0,1,0,4,0,0,2,1,6,6,3,-1,-1,1560,2,14,PEUGEOT 207,-1,-1,0,-1
2023440466505,2023,440466505,1,9,0,1,1,8,4,0,0,0,0,4,0,0,2,1,6,6,1,17,4,1360,1,11,PEUGEOT 207,2,E01021268,0,-1
2023552300724,2023,552300724,1,9,0,5,5,1,5,0,0,0,0,0,0,0,1,1,6,6,1,33,6,1598,1,11,PEUGEOT 207,2,E01015367,0,-1
2023461383841,2023,461383841,4,9,0,4,4,0,0,0,0,0,0,0,0,0,2,1,6,6,3,-1,-1,1397,1,13,PEUGEOT 207,-1,-1,0,-1
2023361340866,2023,361340866,1,9,0,18,19,3,7,0,0,8,0,0,0,0,1,1,2,2,1,44,7,1560,2,13,PEUGEOT 207,1,E01026598,0,-1
2023440234309,2023,440234309,1,9,0,9,9,8,6,0,0,8,0,0,0,0,3,1,6,6,2,26,6,1360,1,16,PEUGEOT 207,8,E01032841,0,-1
2023340NN0442,2023,340NN0442,3,9,0,10,10,1,5,0,0,8,0,0,0,0,1,1,6,6,2,66,10,1360,1,16,PEUGEOT 207,6,E01027119,0,-1
2023471360858,2023,471360858,2,9,0,18,19,7,3,0,0,1,0,0,0,0,1,1,5,6,2,38,7,1360,1,12,PEUGEOT 207,6,E01017012,0,-1
2023010471169,2023,010471169,2,9,0,2,2,0,0,9,9,0,0,0,0,0,4,1,6,6,3,-1,-1,1360,1,17,PEUGEOT 207,-1,-1,0,-1
2023041292952,2023,041292952,2,9,0,18,19,2,2,0,0,1,0,0,0,0,4,1,5,6,1,37,7,1360,1,16,PEUGEOT 207,2,E01012625,0,-1
2023501303892,2023,501303892,1,9,0,18,19,6,1,0,0,0,0,0,0,0,0,1,5,6,2,46,8,1560,2,14,PEUGEOT 207,6,E01020069,0,-1
2023010479664,2023,010479664,2,9,0,18,19,8,4,0,0,8,0,99,9,99,9,9,6,6,3,-1,-1,1360,1,12,PEUGEOT 207,-1,-1,0,-1
2023061291485,2023,061291485,1,9,0,9,9,5,1,0,0,0,0,0,0,0,1,1,5,6,2,34,6,1360,1,14,PEUGEOT 207,1,E01005088,0,-1
2023451280276,2023,451280276,2,9,0,3,3,8,5,0,0,1,0,0,0,0,1,1,5,6,2,31,6,1397,1,14,PEUGEOT 207,8,E01030735,0,-1
2023501291387,2023,501291387,1,9,0,18,19,3,6,0,0,1,0,0,0,0,4,1,5,6,2,81,11,1360,1,11,PEUGEOT 207,4,E01018784,0,-1
2023411307867,2023,411307867,1,9,0,18,19,-1,-1,0,0,0,0,0,0,0,0,1,5,6,1,23,5,1360,1,14,PEUGEOT 207,6,E01033308,0,-1
202363D003423,2023,63D003423,1,9,0,18,19,8,4,0,0,2,1,0,7,11,1,1,6,6,1,50,8,1398,2,14,PEUGEOT 207,6,W01000496,0,-1
2023131330956,2023,131330956,3,9,0,18,19,5,1,0,0,0,0,0,0,0,2,1,6,6,2,40,7,1598,1,13,PEUGEOT 207,1,E01011764,0,-1
2023471377276,2023,471377276,3,9,0,18,19,3,7,0,0,0,0,0,0,0,1,1,5,6,1,31,6,1560,2,14,PEUGEOT 207,1,E01020901,0,-1
2023351316640,2023,351316640,1,9,0,18,19,7,3,0,0,0,0,0,0,0,1,1,5,6,1,48,8,1560,2,16,PEUGEOT 207,9,E01018159,0,-1
2023201372824,2023,201372824,1,9,0,18,19,8,4,0,0,4,0,0,0,0,1,1,6,6,2,31,6,1397,1,10,PEUGEOT 207,1,E01009258,0,-1
2023401364602,2023,401364602,2,9,-1,-1,-1,-1,-1,-1,-1,-1,-1,-1,-1,0,-1,1,6,6,2,21,5,1360,1,14,PEUGEOT 207,7,E01017416,0,-1
2023010484076,2023,010484076,2,9,0,5,5,7,3,0,0,1,0,0,0,0,1,1,6,6,2,22,5,1360,1,14,PEUGEOT 207,-1,-1,0,-1
2023041293072,2023,041293072,1,9,0,9,9,8,7,0,0,5,0,0,0,0,1,1,5,6,2,27,6,1560,2,16,PEUGEOT 207,1,E01025396,0,-1
2023361364879,2023,361364879,2,9,0,3,3,2,5,0,0,4,0,0,0,0,2,1,2,2,1,23,5,1360,1,13,PEUGEOT 207,1,E01026625,0,-1
2023131357944,2023,131357944,1,9,0,18,19,6,2,0,0,8,0,0,0,0,1,1,5,6,1,31,6,1398,2,13,PEUGEOT 207,2,E01010929,0,-1
2023201409139,2023,201409139,1,9,0,4,4,1,5,0,0,3,0,0,0,0,1,1,6,6,1,46,8,1397,1,11,PEUGEOT 207,8,E01032308,0,-1
2023320352191,2023,320352191,1,9,0,18,19,2,6,0,0,2,0,0,0,0,4,1,2,2,1,26,6,1560,2,12,PEUGEOT 207,5,E01026309,0,-1
2023631392899,2023,631392899,1,9,0,18,19,5,1,0,0,0,0,0,0,0,1,1,6,6,1,16,4,1360,1,13,PEUGEOT 207,2,W01000625,0,-1
2023141343699,2023,141343699,1,9,0,18,19,5,1,0,0,8,0,0,0,0,3,1,5,6,1,34,6,1360,1,14,PEUGEOT 207,7,-1,0,-1
2023540131723,2023,540131723,1,9,0,4,4,5,1,0,0,0,0,0,0,0,4,1,1,1,2,56,9,1360,1,13,PEUGEOT 207,7,E01015489,0,-1
2023141284212,2023,141284212,2,9,0,4,4,1,5,0,0,0,0,0,0,0,1,1,5,6,1,64,9,1560,2,13,PEUGEOT 207,6,E01007526,0,-1
2023201287884,2023,201287884,1,9,0,9,9,4,2,0,0,6,0,0,0,0,1,1,6,6,1,-1,-1,1598,1,16,PEUGEOT 207,-1,-1,0,-1
2023451322480,2023,451322480,1,9,0,3,3,1,1,7,6,0,0,0,0,0,1,1,5,6,2,81,11,1598,1,14,PEUGEOT 207,10,E01030329,0,-1
2023451293748,2023,451293748,2,9,0,18,19,8,4,0,0,0,0,0,1,0,1,1,5,6,2,33,6,1360,1,12,PEUGEOT 207,10,E01030495,0,-1
2023070688496,2023,070688496,2,9,0,18,19,2,6,0,0,0,0,0,0,0,2,1,6,6,1,26,6,1360,1,14,PEUGEOT 207,1,E01012424,0,-1
2023201390937,2023,201390937,1,9,0,1,1,4,8,0,0,0,0,0,0,0,2,1,5,6,1,-1,-1,1398,2,17,PEUGEOT 207,1,E01009571,0,-1
2023332300400,2023,332300400,2,9,0,18,19,6,2,0,0,8,0,0,0,0,1,1,6,6,2,70,10,1560,2,11,PEUGEOT 207,9,E01025769,0,-1
2023361342693,2023,361342693,1,9,0,18,19,5,1,0,0,0,1,0,7,0,1,1,5,6,1,23,5,1360,1,16,PEUGEOT 207,2,E01015938,0,-1
2023440511994,2023,440511994,1,9,0,18,19,6,2,0,0,0,0,0,0,0,1,1,6,6,1,44,7,1397,1,15,PEUGEOT 207,5,E01023201,0,-1
2023631309333,2023,631309333,1,9,0,18,19,5,1,0,0,0,5,0,1,10,1,1,2,2,2,38,7,1360,1,15,PEUGEOT 207,2,W01001467,0,-1
2023371412558,2023,371412558,2,9,0,18,19,3,7,0,0,8,0,0,0,0,1,1,6,6,2,57,9,1360,1,12,PEUGEOT 207,3,E01029954,0,-1
2023501351915,2023,501351915,1,9,0,18,19,7,3,0,0,0,5,0,1,11,4,1,5,6,1,17,4,1397,1,14,PEUGEOT 207,6,E01019945,0,-1
2023531286951,2023,531286951,1,9,0,17,19,3,7,0,0,0,2,0,1,4,1,1,2,2,2,21,5,1398,2,13,PEUGEOT 207,9,E01028648,0,-1
2023461279040,2023,461279040,2,9,0,18,19,8,5,0,0,3,0,0,0,0,2,1,6,6,2,34,6,1360,1,16,PEUGEOT 207,4,E01000805,0,-1
2023231287132,2023,231287132,1,9,0,7,7,5,7,0,0,6,0,0,0,0,1,1,6,6,1,17,4,1397,1,14,PEUGEOT 207,2,E01031063,0,-1
2023552301086,2023,552301086,3,9,0,2,2,0,0,6,6,2,0,0,0,0,2,1,6,6,3,-1,-1,1397,1,13,PEUGEOT 207,-1,-1,0,-1
2023201275452,2023,201275452,2,9,0,9,9,8,6,0,0,5,0,0,0,0,3,1,6,6,2,29,6,1560,2,15,PEUGEOT 207,1,E01010471,0,-1
2023991294664,2023,991294664,2,9,0,9,9,7,7,0,0,1,0,0,0,0,1,1,1,1,2,46,8,1398,2,13,PEUGEOT 207,4,-1,0,-1
2023131373704,2023,131373704,2,9,0,18,19,3,7,0,0,8,0,0,0,0,3,1,1,1,1,53,8,1398,2,12,PEUGEOT 207,2,E01011002,0,-1
2023471344086,2023,471344086,1,9,0,18,19,7,3,0,0,8,0,0,0,0,1,1,5,6,1,33,6,1360,1,16,PEUGEOT 207,4,E01031453,0,-1
2023430197336,2023,430197336,1,9,0,18,19,2,6,0,0,4,0,0,0,0,1,1,6,6,1,44,7,1598,1,15,PEUGEOT 207,8,E01017833,0,-1
2023471384714,2023,471384714,1,9,0,5,5,1,5,0,0,8,0,0,0,0,1,1,5,6,1,-1,-1,1397,1,12,PEUGEOT 207,4,E01021013,0,-1
2023161390985,2023,161390985,1,9,0,18,19,7,7,0,0,0,5,0,1,9,0,1,6,6,2,40,7,1560,2,16,PEUGEOT 207,3,E01013272,0,-1
202360A115226,2023,60A115226,1,9,0,16,19,6,2,0,0,0,1,0,0,0,1,1,6,6,1,38,7,1398,2,16,PEUGEOT 207,-1,-1,0,-1
2023461359660,2023,461359660,1,9,0,18,19,7,3,0,0,0,1,0,0,0,1,1,6,6,2,46,8,1398,2,16,PEUGEOT 207,1,E01024649,0,-1
2023522400464,2023,522400464,1,9,0,18,19,5,1,0,0,0,0,0,0,0,4,1,6,6,1,-1,-1,1560,2,10,PEUGEOT 207,-1,-1,0,-1
2023991354421,2023,991354421,1,9,0,3,3,5,8,0,0,2,0,0,0,0,1,1,5,6,1,23,5,1398,2,13,PEUGEOT 207,1,-1,0,-1
2023471329556,2023,471329556,1,9,0,16,19,1,5,0,0,2,5,0,7,0,0,1,1,1,1,52,8,1560,2,14,PEUGEOT 207,7,E01021212,0,-1
2023221377490,2023,221377490,1,9,0,18,19,4,6,0,0,0,0,0,7,11,1,1,6,6,1,55,8,1598,1,15,PEUGEOT 207,6,E01028923,0,-1
2023421321778,2023,421321778,1,9,0,5,5,3,7,0,0,3,0,0,0,0,1,1,5,6,2,45,7,1598,1,15,PEUGEOT 207,1,E01021325,0,-1
2023332300337,2023,332300337,1,9,0,18,19,3,7,0,0,3,0,0,0,0,4,1,6,6,2,52,8,1598,1,13,PEUGEOT 207,9,E01025916,0,-1
2023440070169,2023,440070169,4,9,0,18,19,7,3,0,0,0,0,0,0,0,1,1,6,6,2,22,5,1360,1,16,PEUGEOT 207,10,E01022895,0,-1
2023231358534,2023,231358534,1,9,0,18,19,4,8,0,0,1,0,0,0,0,1,1,2,2,1,25,5,1560,2,12,PEUGEOT 207,5,E01031141,0,-1
2023010443390,2023,010443390,2,9,9,18,19,3,7,99,99,9,9,0,0,0,9,9,6,6,2,17,4,1560,2,15,PEUGEOT 207,2,E01001114,0,-1
2023547765423,2023,547765423,3,9,0,2,2,0,0,0,0,0,0,4,0,0,1,1,6,6,1,-1,-1,1398,2,14,PEUGEOT 207,-1,-1,0,-1
2023131307668,2023,131307668,1,9,0,5,5,5,1,0,0,0,0,0,0,0,4,1,5,6,1,75,10,1560,2,10,PEUGEOT 207,6,E01011518,0,-1
2023451333792,2023,451333792,1,9,0,13,13,6,2,0,0,0,1,0,0,0,1,1,2,2,2,23,5,1397,1,15,PEUGEOT 207,8,E01030988,0,-1
2023991367835,2023,991367835,2,9,0,16,19,5,8,0,0,0,0,0,0,0,1,1,5,6,2,52,8,1397,1,15,PEUGEOT 207,8,-1,0,-1
2023010465717,2023,010465717,2,9,9,99,99,9,9,99,99,9,9,99,9,99,9,9,6,6,3,-1,-1,1560,2,15,PEUGEOT 207,2,E01004470,0,-1
2023131296408,2023,131296408,1,9,0,11,11,5,1,0,0,0,0,0,0,0,-1,1,6,6,3,25,5,1398,2,16,PEUGEOT 207,-1,-1,0,-1
2023201303454,2023,201303454,1,9,0,9,9,8,5,0,0,5,0,0,0,0,1,1,6,6,1,36,7,1360,1,16,PEUGEOT 207,1,E01009489,0,-1
2023451318936,2023,451318936,3,9,0,3,3,7,1,0,0,0,0,0,0,0,4,1,6,6,1,86,11,1598,1,14,PEUGEOT 207,10,E01030388,0,-1
2023471327279,2023,471327279,2,9,0,3,3,7,3,0,0,0,0,0,0,0,2,1,3,7,2,53,8,1360,1,16,PEUGEOT 207,3,E01031444,0,-1
2023371374369,2023,371374369,2,9,0,18,19,-1,-1,0,0,0,0,0,0,0,3,1,2,2,2,45,7,1598,1,12,PEUGEOT 207,6,E01030240,0,-1
2023440425383,2023,440425383,1,9,0,9,9,5,2,0,0,6,0,0,0,0,3,1,1,1,1,63,9,1985,1,30,-1,7,E01022592,0,-1
2023552300602,2023,552300602,2,9,0,18,19,5,1,0,0,0,0,0,0,0,2,1,6,6,1,75,10,1985,1,36,-1,10,E01020380,0,-1
2023440178046,2023,440178046,1,9,0,18,19,3,7,0,0,3,0,0,0,0,1,1,6,6,2,40,7,1985,1,33,-1,6,E01017212,0,-1
2023991329751,2023,991329751,1,9,4,17,19,4,8,0,0,0,4,0,1,11,1,1,5,6,1,67,10,1985,1,30,-1,8,-1,0,-1
2023361349222,2023,361349222,1,5,0,18,19,8,4,0,0,1,2,0,0,0,1,1,2,2,1,64,9,-1,-1,-1,-1,-1,-1,0,-1
2023061295097,2023,061295097,1,5,0,9,9,3,7,0,0,8,0,0,0,0,1,1,5,6,1,63,9,-1,-1,-1,-1,6,E01025496,0,-1
2023010456751,2023,010456751,1,3,0,18,19,5,1,0,0,0,0,4,0,0,2,1,6,6,1,33,6,638,1,14,-1,3,E01002151,0,-1
2023010479352,2023,010479352,1,97,0,99,99,9,9,99,99,9,9,99,9,99,2,9,6,6,1,38,7,638,1,5,-1,5,E01033741,0,-1
2023991314808,2023,991314808,2,5,0,17,19,3,8,0,0,0,0,0,0,0,1,1,5,6,1,72,10,-1,-1,-1,-1,5,-1,0,-1
2023351357218,2023,351357218,2,5,0,10,10,7,6,0,0,1,1,0,0,0,4,1,5,6,1,44,7,-1,-1,-1,-1,7,E01026326,0,-1
2023320242041,2023,320242041,1,5,0,18,19,8,4,0,0,0,0,0,1,1,3,1,6,6,1,37,7,-1,-1,-1,-1,6,E01026135,0,-1
2023061392106,2023,061392106,1,9,0,18,19,7,3,0,0,1,1,0,0,0,1,1,6,6,1,37,7,2387,1,1,-1,4,E01004920,0,-1
2023010483287,2023,010483287,1,4,0,18,19,3,7,0,0,1,0,0,0,0,1,1,1,1,1,29,6,125,1,0,-1,9,E01004133,0,-1
2023101435190,2023,101435190,2,3,0,18,19,1,5,0,0,1,1,0,0,0,0,1,6,6,1,52,8,125,1,0,-1,4,E01020681,0,-1
2023430496525,2023,430496525,2,3,0,9,9,2,8,0,0,8,0,0,0,0,3,1,6,6,1,69,10,125,1,1,-1,10,E01016633,0,-1
2023430385416,2023,430385416,1,2,0,18,19,5,1,0,0,0,0,0,0,0,1,1,6,6,1,16,4,50,1,8,-1,10,E01016621,0,-1
2023371324858,2023,371324858,1,2,0,18,19,2,8,0,0,0,1,0,0,0,0,1,6,6,1,16,4,50,1,9,-1,10,E01030192,0,-1
2023522401614,2023,522401614,2,2,0,18,19,8,4,0,0,8,0,0,0,0,1,1,6,6,1,16,4,50,1,3,-1,5,E01014915,0,-1
202360A075526,2023,60A075526,1,2,0,16,19,5,8,0,0,0,0,0,0,0,0,1,6,6,3,-1,-1,50,1,9,-1,-1,-1,0,-1
2023221304641,2023,221304641,2,17,0,9,9,8,7,0,0,5,0,0,0,0,3,1,1,1,1,46,8,4400,2,15,-1,4,E01028866,0,-1
2023471343584,2023,471343584,2,90,0,18,19,2,6,0,0,0,0,0,1,0,3,1,5,6,1,83,11,1995,2,0,-1,4,E01031469,0,-1
2023371274561,2023,371274561,1,9,0,18,19,4,8,0,0,0,1,10,0,0,1,1,6,6,2,18,4,1124,1,17,CITROEN C2,6,E01029876,0,-1
2023320529888,2023,320529888,1,9,0,18,19,1,5,0,0,0,0,0,0,3,1,1,1,1,1,40,7,1124,1,16,CITROEN C2,-1,-1,0,-1
2023122400135,2023,122400135,1,9,0,9,9,5,3,0,0,8,0,0,0,0,1,1,6,6,1,63,9,1587,1,17,CITROEN C2,5,E01027826,0,-1
2023501300034,2023,501300034,1,9,0,18,19,5,3,0,0,0,1,0,0,0,1,1,6,6,1,18,4,1124,1,18,CITROEN C2,3,E01018974,0,-1
2023471374662,2023,471374662,1,9,0,6,6,7,7,0,0,0,0,0,1,0,3,1,5,6,1,21,5,1124,1,17,CITROEN C2,6,E01021182,0,-1
2023552300404,2023,552300404,2,9,0,18,19,6,2,0,0,0,0,0,0,0,1,1,6,6,2,33,6,1124,1,15,CITROEN C2,7,E01015297,0,-1
2023221330176,2023,221330176,2,9,0,9,9,1,8,0,0,6,0,0,0,0,1,1,5,6,2,68,10,1124,1,16,CITROEN C2,5,E01014008,0,-1
2023041358586,2023,041358586,2,9,0,5,5,6,2,0,0,1,0,0,0,0,2,1,5,6,1,29,6,1360,1,17,CITROEN C2,9,E01025254,0,-1
2023320444483,2023,320444483,1,9,0,9,9,8,6,0,0,6,0,0,0,0,1,1,6,6,1,28,6,1124,1,16,CITROEN C2,-1,-1,0,-1
2023131285763,2023,131285763,1,9,0,9,9,4,8,0,0,6,0,0,0,0,1,1,5,6,1,23,5,1587,1,15,CITROEN C2,1,E01011427,0,-1
2023201337712,2023,201337712,1,9,0,18,19,3,7,0,0,0,0,0,0,0,1,1,6,6,1,-1,-1,1124,1,17,CITROEN C2,-1,-1,0,-1
2023010426611,2023,010426611,2,9,9,99,99,9,9,0,0,2,0,99,0,0,4,1,2,2,2,60,9,1124,1,15,CITROEN C2,-1,-1,0,-1
2023031368124,2023,031368124,2,9,0,13,13,2,7,0,0,0,0,0,0,0,0,1,1,1,2,37,7,1360,1,15,CITROEN C2,-1,-1,0,-1
2023991288754,2023,991288754,1,9,0,17,19,5,1,0,0,0,1,0,8,10,1,1,2,2,1,21,5,1124,1,16,CITROEN C2,1,-1,0,-1
2023320181874,2023,320181874,3,9,0,3,3,2,6,0,0,0,0,0,0,0,2,1,6,6,2,58,9,1587,1,15,CITROEN C2,3,E01026122,0,-1
2023461279641,2023,461279641,2,9,0,18,19,7,3,0,0,0,0,0,0,0,2,1,6,6,1,25,5,1124,1,18,CITROEN C2,5,E01021874,0,-1
2023170H10123,2023,170H10123,1,9,0,8,8,1,3,0,0,1,0,0,0,0,2,1,6,6,1,74,10,1124,1,19,CITROEN C2,9,E01011982,0,-1
2023061374327,2023,061374327,2,9,-1,-1,-1,-1,-1,-1,-1,-1,-1,-1,-1,0,-1,1,6,6,2,23,5,1124,1,18,CITROEN C2,4,E01012713,0,-1
2023520400037,2023,520400037,2,9,0,18,19,5,1,0,0,1,0,0,0,0,1,1,6,6,2,57,9,1360,1,16,CITROEN C2,3,E01029117,0,-1
2023111349622,2023,111349622,1,9,0,5,5,2,5,0,0,0,0,0,0,0,1,1,6,6,1,26,6,1587,1,16,CITROEN C2,5,E01012363,0,-1
2023540586123,2023,540586123,1,9,0,18,19,3,8,0,0,0,2,0,7,0,1,1,6,6,1,18,4,1124,1,16,CITROEN C2,10,E01014880,0,-1
2023131410007,2023,131410007,1,9,0,16,19,4,8,0,0,0,1,6,0,0,1,1,6,6,2,31,6,1124,1,15,CITROEN C2,8,E01010698,0,-1
2023122300316,2023,122300316,1,9,0,9,9,8,6,0,0,3,0,0,0,0,1,1,6,6,2,33,6,1124,1,19,CITROEN C2,4,E01027608,0,-1
2023430501594,2023,430501594,2,9,0,18,19,5,1,0,0,8,0,0,0,0,1,1,6,6,1,31,6,1587,1,15,CITROEN C2,9,E01017716,0,-1
2023302301699,2023,302301699,2,9,0,8,8,6,2,0,0,1,0,0,0,0,4,1,2,2,2,61,9,1360,1,19,CITROEN C2,4,E01019554,0,-1
202360A180711,2023,60A180711,2,9,0,13,13,1,5,0,0,0,5,10,7,11,1,1,6,6,1,24,5,1560,2,15,CITROEN C2,-1,-1,0,-1