collision_index,collision_year,collision_ref_no,vehicle_reference,vehicle_type,towing_and_articulation,vehicle_manoeuvre_historic,vehicle_manoeuvre,vehicle_direction_from,vehicle_direction_to,vehicle_location_restricted_lane_historic,vehicle_location_restricted_lane,junction_location,skidding_and_overturning,hit_object_in_carriageway,vehicle_leaving_carriageway,hit_object_off_carriageway,first_point_of_impact,vehicle_left_hand_drive,journey_purpose_of_driver_historic,journey_purpose_of_driver,sex_of_driver,age_of_driver,age_band_of_driver,engine_capacity_cc,propulsion_code,age_of_vehicle,generic_make_model,driver_imd_decile,lsoa_of_driver,escooter_flag,driver_distance_banding
2023520300579,2023,520300579,2,9,0,9,9,2,8,0,0,8,0,0,0,0,1,1,6,6,1,19,4,1587,1,19,CITROEN C2,8,E01032632,0,-1
2023131280319,2023,131280319,1,9,0,12,12,4,2,0,0,1,0,0,0,0,1,1,6,6,3,-1,-1,1124,1,18,CITROEN C2,-1,-1,0,-1
2023302301628,2023,302301628,1,9,0,7,7,1,3,0,0,1,0,0,0,0,2,1,6,6,2,58,9,1360,1,15,CITROEN C2,8,E01019517,0,-1
2023101327464,2023,101327464,2,9,0,18,19,6,2,0,0,1,0,0,0,0,2,1,5,6,2,31,6,1124,1,18,CITROEN C2,2,E01008697,0,-1
2023170S11973,2023,170S11973,1,9,0,10,10,2,8,0,0,1,0,0,0,0,2,1,6,6,2,52,8,1398,2,18,CITROEN C2,1,E01012258,0,-1
2023311278996,2023,311278996,2,9,0,2,2,0,0,0,0,0,0,0,0,0,3,1,5,6,1,51,8,1587,1,20,CITROEN C2,3,E01013932,0,-1
2023501315621,2023,501315621,3,9,0,18,19,3,1,0,0,0,1,0,0,0,1,1,6,6,1,49,8,1587,1,15,CITROEN C2,1,E01015149,0,-1
2023201301450,2023,201301450,1,9,0,18,19,7,3,0,0,8,0,0,0,0,1,1,2,2,2,21,5,1124,1,15,CITROEN C2,2,E01009257,0,-1
2023471319645,2023,471319645,1,9,0,16,19,7,2,0,0,1,2,0,0,0,1,1,5,6,1,18,4,1398,2,14,CITROEN C2,7,E01031660,0,-1
2023231276010,2023,231276010,1,9,0,16,19,8,4,0,0,8,0,0,7,2,1,1,5,6,1,56,9,1124,1,20,CITROEN C2,1,E01031057,0,-1
2023141319235,2023,141319235,1,9,0,18,19,8,4,0,0,0,0,10,1,2,1,1,5,6,1,52,8,1124,1,14,CITROEN C2,4,E01007842,0,-1
202363B018223,2023,63B018223,3,9,0,16,19,1,4,0,0,0,0,0,0,0,0,1,6,6,2,61,9,1124,1,17,CITROEN C2,5,W01000650,0,-1
2023231282329,2023,231282329,1,9,0,18,19,6,2,0,0,0,2,10,1,4,1,1,5,6,1,18,4,1124,1,14,CITROEN C2,8,E01031337,0,-1
2023501330352,2023,501330352,1,9,0,9,9,6,2,0,0,6,0,0,0,0,1,1,5,6,2,28,6,1124,1,14,CITROEN C2,6,E01031049,0,-1
2023552400252,2023,552400252,1,9,0,18,19,4,8,0,0,0,0,0,0,0,1,1,6,6,1,40,7,1360,1,14,CITROEN C2,3,E01015310,0,-1
2023141265109,2023,141265109,2,9,0,2,2,0,0,0,0,0,0,0,0,0,1,1,6,6,3,-1,-1,1587,1,18,CITROEN C2,-1,-1,0,-1
2023631314657,2023,631314657,1,9,0,17,19,7,4,0,0,6,2,0,1,10,1,1,6,6,1,31,6,1124,1,17,CITROEN C2,6,W01000720,0,-1
2023201278684,2023,201278684,3,9,0,4,4,8,4,0,0,0,0,0,0,0,1,1,1,1,3,31,6,1587,1,15,CITROEN C2,3,E01008893,0,-1
2023041269315,2023,041269315,2,9,0,9,9,5,5,0,0,0,0,0,7,0,2,1,6,6,1,19,4,1398,2,19,CITROEN C2,1,E01012670,0,-1
2023531378391,2023,531378391,1,9,0,16,19,3,5,0,0,8,1,0,0,0,3,1,6,6,2,71,10,1124,1,14,CITROEN C2,8,E01022384,0,-1
2023131315253,2023,131315253,1,9,0,18,19,7,3,0,0,8,0,4,0,0,1,1,2,2,1,30,6,1124,1,17,CITROEN C2,6,E01011071,0,-1
2023141263187,2023,141263187,1,9,0,18,19,2,4,0,0,1,0,0,0,0,1,1,5,6,1,17,4,1124,1,18,CITROEN C2,9,E01007893,0,-1
2023010431775,2023,010431775,1,9,0,5,5,3,7,0,0,8,0,0,0,0,1,1,6,6,1,33,6,1398,2,15,CITROEN C2,5,E01000979,0,-1
2023552301288,2023,552301288,1,9,0,18,19,1,5,0,0,8,1,0,0,0,1,1,6,6,1,18,4,1360,1,18,CITROEN C2,6,E01022405,0,-1
2023440503740,2023,440503740,1,9,0,18,19,2,6,0,0,0,1,0,8,2,1,1,6,6,1,21,5,1124,1,16,CITROEN C2,5,E01017365,0,-1
2023111267746,2023,111267746,1,9,0,5,5,5,7,0,0,4,1,10,0,0,1,1,6,6,1,34,6,1124,1,16,CITROEN C2,2,E01020606,0,-1
2023061276500,2023,061276500,2,9,-1,-1,-1,3,7,0,0,0,0,0,0,0,2,2,5,6,1,44,7,1587,1,16,CITROEN C2,3,E01006293,0,-1
2023131343872,2023,131343872,2,9,0,3,3,1,5,0,0,0,0,0,0,0,2,1,5,6,2,27,6,1124,1,18,CITROEN C2,4,E01010856,0,-1
2023461381893,2023,461381893,1,9,0,18,19,3,7,0,0,0,1,0,2,7,1,1,5,6,2,20,4,1360,1,14,CITROEN C2,8,E01032819,0,-1
2023430158683,2023,430158683,1,9,0,17,19,3,8,0,0,8,0,0,0,0,1,1,6,6,2,55,8,1360,1,16,CITROEN C2,10,E01028428,0,-1
2023071191009,2023,071191009,1,9,0,18,19,6,2,0,0,0,0,0,0,0,4,1,6,6,1,18,4,1124,1,15,CITROEN C2,9,E01018508,0,-1
2023010430745,2023,010430745,1,9,0,18,19,5,1,0,0,2,0,0,0,0,4,1,6,6,1,18,4,1124,1,17,CITROEN C2,3,E01003916,0,-1
2023631336212,2023,631336212,3,9,0,18,19,6,2,0,0,1,0,0,0,0,1,1,5,6,1,32,6,1124,1,14,CITROEN C2,6,W01000635,0,-1
2023991290171,2023,991290171,2,9,0,10,10,1,5,0,0,4,0,0,0,0,2,1,5,6,2,19,4,1124,1,14,CITROEN C2,-1,-1,0,-1
2023421297163,2023,421297163,2,5,0,13,13,7,3,0,0,8,0,0,0,0,1,1,5,6,1,30,6,849,1,11,-1,3,E01015884,0,-1
2023430555364,2023,430555364,1,19,0,18,19,2,6,0,0,3,0,0,0,0,3,1,6,6,1,56,9,1248,2,13,FIAT DOBLO,6,E01016588,0,-1
2023141306820,2023,141306820,1,19,0,18,19,2,6,0,0,4,0,0,0,0,3,1,1,1,1,61,9,1248,2,9,FIAT DOBLO,6,E01007706,0,-1
2023501273609,2023,501273609,3,9,0,18,19,7,3,0,0,8,0,0,0,0,1,1,5,6,1,39,7,1248,2,16,FIAT DOBLO,5,E01018780,0,-1
2023041366562,2023,041366562,2,9,0,18,19,1,5,0,0,1,1,0,0,0,1,1,5,6,2,67,10,1368,1,7,FIAT DOBLO,7,E01023517,0,-1
2023052301305,2023,052301305,1,19,0,5,5,5,1,0,0,0,0,0,0,0,3,1,6,6,2,71,10,1248,2,9,FIAT DOBLO,1,E01006637,0,-1
2023010464402,2023,010464402,1,19,0,1,1,3,7,0,0,8,0,0,0,0,2,1,1,1,1,43,7,-1,3,0,FIAT DOBLO,6,E01004474,0,-1
2023471319128,2023,471319128,2,9,0,10,10,1,7,0,0,0,0,0,0,0,3,1,5,6,1,76,11,1910,2,13,FIAT DOBLO,2,E01021049,0,-1
2023461352239,2023,461352239,1,19,0,18,19,3,7,0,0,0,0,0,0,0,1,1,5,6,1,25,5,1598,2,4,FIAT DOBLO,3,E01018090,0,-1
2023221289195,2023,221289195,2,9,0,3,3,3,7,0,0,1,0,0,0,0,2,1,1,1,1,30,6,1910,2,15,FIAT DOBLO,5,E01014097,0,-1
2023010471440,2023,010471440,2,9,0,99,99,9,9,99,99,9,9,99,9,99,1,9,6,6,3,-1,-1,1368,1,14,FIAT DOBLO,-1,-1,0,-1
2023421285178,2023,421285178,2,19,0,18,19,1,3,0,0,0,0,0,0,0,4,1,1,1,1,23,5,1248,2,2,FIAT DOBLO,5,E01021387,0,-1
2023340NN2702,2023,340NN2702,2,9,0,17,19,6,2,0,0,8,0,0,0,0,1,1,2,2,2,65,9,1248,2,18,FIAT DOBLO,8,E01027335,0,-1
2023161298370,2023,161298370,2,19,0,7,7,3,5,0,0,1,0,0,0,0,4,1,1,1,2,-1,-1,1598,2,10,FIAT DOBLO,-1,-1,0,-1
2023501373712,2023,501373712,1,9,0,9,9,7,5,0,0,5,0,0,0,0,1,1,6,6,1,60,9,1248,2,17,FIAT DOBLO,6,E01015076,0,-1
2023991357867,2023,991357867,2,9,0,11,11,2,6,0,0,8,0,0,0,0,4,1,5,6,2,86,11,1368,1,15,FIAT DOBLO,8,E01012008,0,-1
2023991286124,2023,991286124,2,9,0,3,3,3,1,0,0,0,0,0,0,0,2,1,5,6,2,67,10,1910,2,18,FIAT DOBLO,8,-1,0,-1
2023161313460,2023,161313460,2,9,0,15,15,5,7,0,0,0,0,0,0,0,1,1,6,6,3,-1,-1,1248,2,16,FIAT DOBLO,-1,-1,0,-1
2023430005080,2023,430005080,2,19,0,16,19,8,3,0,0,8,0,0,1,11,1,1,2,2,1,51,8,1248,2,4,FIAT DOBLO,5,E01017856,0,-1
2023421385783,2023,421385783,1,9,0,4,4,2,6,0,0,0,1,0,0,0,1,1,5,6,1,61,9,1910,2,15,FIAT DOBLO,5,E01021647,0,-1
2023010449297,2023,010449297,2,19,0,7,7,5,7,0,0,3,0,0,0,0,1,1,6,6,1,39,7,1248,2,7,FIAT DOBLO,-1,-1,0,-1
2023231273760,2023,231273760,1,19,0,18,19,4,8,0,0,1,0,0,0,0,1,1,1,1,1,27,6,1248,2,4,FIAT DOBLO,4,E01031231,0,-1
2023141332027,2023,141332027,1,19,0,18,19,1,5,0,0,0,0,0,0,0,4,1,2,2,1,68,10,1248,2,9,FIAT DOBLO,7,E01007616,0,-1
2023531275221,2023,531275221,2,9,0,2,2,0,0,0,0,0,0,0,0,0,2,1,6,6,3,-1,-1,1368,1,11,FIAT DOBLO,-1,-1,0,-1
2023131393513,2023,131393513,1,19,0,18,19,7,3,0,0,0,1,0,0,0,2,1,2,2,1,42,7,1499,2,0,FIAT DOBLO,2,E01011250,0,-1
2023010431794,2023,010431794,2,19,0,9,9,4,1,0,0,1,0,0,0,0,1,1,6,6,1,58,9,1248,2,2,FIAT DOBLO,2,E01003197,0,-1
2023451302279,2023,451302279,1,19,0,9,9,3,8,0,0,8,0,0,0,0,4,1,5,6,1,40,7,1598,2,1,FIAT DOBLO,9,E01030453,0,-1
2023471286212,2023,471286212,1,19,0,9,9,6,4,0,0,8,0,0,0,0,3,1,1,1,1,32,6,1248,2,2,FIAT DOBLO,8,E01021201,0,-1
2023421292222,2023,421292222,2,19,0,18,19,5,1,0,0,0,0,0,0,0,4,1,1,1,1,51,8,1598,2,9,FIAT DOBLO,6,E01021668,0,-1
2023320660827,2023,320660827,1,19,0,18,19,1,5,0,0,0,0,0,0,0,1,1,2,2,1,54,8,1248,2,8,FIAT DOBLO,10,E01026187,0,-1
2023101321028,2023,101321028,1,19,0,7,7,5,1,0,0,0,0,0,0,0,4,1,1,1,1,63,9,1598,2,9,FIAT DOBLO,1,E01007626,0,-1
2023440235806,2023,440235806,1,19,0,18,19,8,4,0,0,0,0,0,0,0,1,1,1,1,1,60,9,1248,2,11,FIAT DOBLO,7,E01023124,0,-1
2023061292198,2023,061292198,2,9,0,3,3,4,2,0,0,0,0,0,0,0,2,1,6,6,1,68,10,1910,2,15,FIAT DOBLO,-1,-1,0,-1
2023361384666,2023,361384666,1,9,0,18,19,4,8,0,0,1,0,0,0,0,1,1,6,6,1,67,10,1910,2,14,FIAT DOBLO,6,E01026515,0,-1
2023041309038,2023,041309038,1,19,0,18,19,1,5,0,0,0,0,0,0,0,1,1,5,6,1,47,8,1248,2,11,FIAT DOBLO,1,E01025120,0,-1
2023041387656,2023,041387656,2,9,0,18,19,1,5,0,0,8,0,0,0,0,1,1,5,6,1,76,11,1910,2,19,FIAT DOBLO,5,E01025095,0,-1
2023010427454,2023,010427454,2,19,0,99,99,9,9,99,99,9,9,99,9,99,2,9,6,6,1,59,9,1598,2,9,FIAT DOBLO,9,E01000424,0,-1
2023501368515,2023,501368515,2,9,0,3,3,2,6,0,0,1,0,0,0,0,2,1,2,2,2,40,7,1368,1,16,FIAT DOBLO,6,E01020338,0,-1
2023421376770,2023,421376770,1,19,0,9,9,8,3,0,0,0,0,0,7,0,3,1,6,6,1,41,7,1598,2,9,FIAT DOBLO,4,E01028453,0,-1
2023131380546,2023,131380546,1,19,0,7,7,5,7,0,0,1,0,0,0,0,1,1,6,6,3,-1,-1,1248,2,8,FIAT DOBLO,-1,-1,0,-1
2023461268110,2023,461268110,2,19,0,9,9,2,8,0,0,1,0,0,0,0,3,1,2,2,1,37,7,1598,2,2,FIAT DOBLO,8,E01016099,0,-1
2023201281155,2023,201281155,1,9,5,14,14,8,4,0,0,0,1,10,1,11,1,1,6,6,1,34,6,1910,2,19,FIAT DOBLO,1,E01009408,0,-1
2023430181298,2023,430181298,1,9,0,5,5,8,4,0,0,0,0,0,0,0,3,1,1,1,1,48,8,1910,2,20,FIAT DOBLO,5,E01016369,0,-1
2023401298012,2023,401298012,2,19,0,2,2,2,6,0,0,1,0,0,0,0,3,1,6,6,1,52,8,1248,2,13,FIAT DOBLO,4,E01017521,0,-1
2023471351195,2023,471351195,1,19,-1,18,19,5,1,0,0,0,0,0,0,0,1,1,5,6,1,28,6,1598,2,3,FIAT DOBLO,5,E01032295,0,-1
2023010436691,2023,010436691,1,9,0,5,5,5,1,0,0,1,0,0,0,0,1,1,6,6,1,49,8,1368,1,11,FIAT DOBLO,4,E01002511,0,-1
2023421282475,2023,421282475,1,9,0,4,4,7,5,6,6,2,0,0,0,0,1,1,5,6,2,65,9,1368,1,11,FIAT DOBLO,10,E01021519,0,-1
2023122300677,2023,122300677,2,19,0,18,19,8,4,0,0,1,0,0,0,0,1,1,6,6,2,49,8,1248,2,6,FIAT DOBLO,9,E01027619,0,-1
2023111282178,2023,111282178,2,9,0,3,3,2,5,0,0,0,0,0,0,0,2,1,6,6,2,31,6,1248,2,14,FIAT DOBLO,10,E01020713,0,-1
2023461367306,2023,461367306,2,9,0,2,2,0,0,0,0,0,0,0,0,0,4,1,6,6,3,-1,-1,1910,2,15,FIAT DOBLO,-1,-1,0,-1
2023991343146,2023,991343146,1,19,0,12,12,7,3,0,0,0,0,0,0,0,2,1,1,1,1,58,9,1598,2,5,FIAT DOBLO,-1,-1,0,-1
2023010465040,2023,010465040,1,19,0,18,19,4,8,9,9,2,0,11,7,10,1,1,6,6,1,49,8,1499,2,0,FIAT DOBLO,6,E01022520,0,-1
2023141391854,2023,141391854,2,19,0,2,2,0,0,0,0,2,0,0,0,0,2,1,6,6,3,-1,-1,1499,2,0,FIAT DOBLO,-1,-1,0,-1
2023221270432,2023,221270432,2,9,0,2,2,0,0,0,0,0,0,0,0,0,3,1,5,6,2,35,6,1910,2,16,FIAT DOBLO,5,E01014057,0,-1
2023302301645,2023,302301645,1,19,0,13,13,6,2,0,0,1,0,0,0,0,4,1,1,1,1,31,6,1598,2,7,FIAT DOBLO,1,E01007727,0,-1
2023421323856,2023,421323856,1,19,0,18,19,7,3,0,0,4,0,0,0,0,1,1,1,1,2,62,9,1598,2,9,FIAT DOBLO,7,E01021857,0,-1
2023131348713,2023,131348713,2,19,0,2,2,0,0,0,0,0,0,0,0,0,2,1,6,6,3,-1,-1,1248,2,10,FIAT DOBLO,-1,-1,0,-1
2023471306206,2023,471306206,1,19,0,17,19,6,1,0,0,0,0,0,0,0,3,1,6,6,1,22,5,1910,2,22,FIAT DOBLO,8,E01031642,0,-1
2023010445733,2023,010445733,3,19,0,18,19,3,7,0,0,0,0,0,0,0,4,1,6,6,1,51,8,1598,2,4,FIAT DOBLO,2,E01001553,0,-1
2023061388149,2023,061388149,2,9,0,18,19,1,5,0,0,1,0,0,0,0,4,1,3,7,2,57,9,1242,1,19,FIAT DOBLO,2,E01006214,0,-1
2023071095077,2023,071095077,1,19,0,18,19,3,7,0,0,1,1,0,3,9,1,1,1,1,1,49,8,1598,2,2,FIAT DOBLO,-1,-1,0,-1
2023522300545,2023,522300545,2,19,0,18,19,3,7,0,0,1,0,0,0,0,1,1,6,6,3,-1,-1,1598,2,11,FIAT DOBLO,-1,-1,0,-1
2023991269000,2023,991269000,1,19,0,18,19,7,3,0,0,1,0,0,0,0,4,1,1,1,1,51,8,1248,2,9,FIAT DOBLO,8,-1,0,-1
2023010452595,2023,010452595,5,9,0,4,4,7,3,0,0,0,0,0,0,0,2,1,6,6,1,66,10,-1,-1,-1,FIAT DOBLO,5,E01002682,0,-1
2023122300296,2023,122300296,1,9,0,7,7,1,3,0,0,2,0,0,0,0,1,1,1,1,1,62,9,1910,2,14,FIAT DOBLO,-1,-1,0,-1
2023311313363,2023,311313363,1,9,0,18,19,2,6,0,0,8,0,0,0,0,1,1,6,6,1,43,7,1598,2,9,FIAT DOBLO,5,E01028132,0,-1
2023401371256,2023,401371256,1,19,-1,9,9,3,1,0,0,5,0,0,0,0,1,1,6,6,1,28,6,1248,2,17,FIAT DOBLO,2,E01017539,0,-1
2023320681531,2023,320681531,1,19,0,18,19,6,2,0,0,0,0,0,7,9,1,1,6,6,1,24,5,1598,2,9,FIAT DOBLO,2,E01015657,0,-1
2023061347368,2023,061347368,2,9,0,18,19,2,6,0,0,0,0,0,0,0,2,1,6,6,1,54,8,1248,2,16,FIAT DOBLO,1,E01032497,0,-1
2023421323191,2023,421323191,1,19,0,1,1,7,3,0,0,0,0,0,0,0,2,1,6,6,1,26,6,1598,2,11,FIAT DOBLO,4,E01002593,0,-1
2023451339628,2023,451339628,2,19,0,18,19,8,4,0,0,0,0,0,0,0,4,1,6,6,3,30,6,1248,2,11,FIAT DOBLO,-1,-1,0,-1
2023461364482,2023,461364482,1,19,0,18,19,5,1,0,0,0,0,0,0,0,3,1,6,6,1,54,8,1248,2,10,FIAT DOBLO,6,E01024491,0,-1
2023430281991,2023,430281991,3,19,0,18,19,2,6,0,0,1,0,0,1,0,1,1,2,2,1,29,6,1248,2,6,FIAT DOBLO,7,E01028776,0,-1
2023991299900,2023,991299900,1,9,0,9,9,7,3,0,0,1,0,0,1,4,1,1,5,6,1,85,11,1368,1,10,FIAT DOBLO,5,-1,0,-1
2023991293380,2023,991293380,1,9,0,18,19,4,8,0,0,0,0,0,0,0,4,1,6,6,1,66,10,1910,2,20,FIAT DOBLO,-1,-1,0,-1
2023991382926,2023,991382926,1,9,0,17,19,1,3,0,0,8,0,0,0,0,4,1,6,6,2,25,5,1368,1,15,FIAT DOBLO,2,-1,0,-1
2023052301055,2023,052301055,1,19,0,18,19,5,2,0,0,0,0,0,0,0,1,1,6,6,1,-1,-1,1248,2,10,FIAT DOBLO,-1,-1,0,-1
2023501323783,2023,501323783,1,19,0,18,19,5,1,0,0,1,0,0,0,0,1,1,6,6,1,23,5,1248,2,12,FIAT DOBLO,4,E01018962,0,-1
2023101289027,2023,101289027,1,9,0,5,5,3,7,0,0,1,0,0,0,0,4,1,1,1,2,50,8,1910,2,16,FIAT DOBLO,1,E01008340,0,-1
2023201419482,2023,201419482,1,19,0,9,9,8,7,0,0,5,0,0,0,0,1,1,6,6,2,43,7,1248,2,10,FIAT DOBLO,7,E01032535,0,-1
2023010441526,2023,010441526,2,19,0,18,19,6,2,0,0,2,0,0,0,0,1,1,1,1,1,20,4,1248,2,6,FIAT DOBLO,10,E01004104,0,-1
2023141295924,2023,141295924,2,19,0,1,1,1,5,0,0,0,0,0,0,0,2,1,6,6,3,-1,-1,1248,2,17,FIAT DOBLO,-1,-1,0,-1
2023361299496,2023,361299496,2,19,0,4,4,7,3,0,0,0,0,0,0,0,2,1,1,1,2,51,8,1248,2,2,FIAT DOBLO,2,E01026865,0,-1
2023361383034,2023,361383034,1,19,0,9,9,1,5,0,0,5,0,0,7,0,0,1,6,6,1,49,8,1598,2,9,FIAT DOBLO,5,E01026767,0,-1
2023010431067,2023,010431067,1,9,0,18,19,5,1,0,0,8,0,0,0,0,1,1,2,2,2,61,9,1598,2,11,FIAT DOBLO,8,E01002931,0,-1
2023302301626,2023,302301626,2,19,0,18,19,1,5,0,0,0,0,0,0,0,3,1,1,1,2,34,6,1248,2,14,FIAT DOBLO,1,E01019568,0,-1
2023340WN9112,2023,340WN9112,1,19,0,9,9,8,4,0,0,5,0,0,0,0,4,1,6,6,1,23,5,1598,2,2,FIAT DOBLO,2,E01027161,0,-1
2023610011723,2023,610011723,1,19,0,18,19,2,6,0,0,0,2,10,2,10,1,1,1,1,1,29,6,1598,2,10,FIAT DOBLO,7,W01001354,0,-1
2023471379192,2023,471379192,1,9,0,16,19,7,3,0,0,1,0,0,0,0,1,1,5,6,1,74,10,1910,2,16,FIAT DOBLO,7,E01021130,0,-1
2023302300331,2023,302300331,2,19,0,18,19,8,4,0,0,0,0,0,1,0,2,1,6,6,1,64,9,1910,2,19,FIAT DOBLO,2,E01019497,0,-1
2023071265175,2023,071265175,1,9,0,18,19,3,7,0,0,0,0,0,0,0,1,1,6,6,1,79,11,1368,1,14,FIAT DOBLO,1,E01006850,0,-1
2023010440697,2023,010440697,1,19,0,18,19,1,5,0,0,1,0,0,0,0,1,1,1,1,1,40,7,1248,2,6,FIAT DOBLO,4,E01003632,0,-1
202360A018398,2023,60A018398,1,9,0,13,13,2,6,0,0,1,0,0,0,0,1,1,2,2,1,52,8,1910,2,16,FIAT DOBLO,-1,-1,0,-1
2023451363526,2023,451363526,1,19,0,12,12,6,2,0,0,0,0,0,0,0,2,1,1,1,1,62,9,1248,2,13,FIAT DOBLO,9,E01022859,0,-1
2023201287845,2023,201287845,2,9,0,11,11,1,5,0,0,0,0,0,0,0,2,1,6,6,2,31,6,1598,2,8,FIAT DOBLO,2,E01028517,0,-1
2023461276346,2023,461276346,2,9,0,18,19,1,5,0,0,1,0,0,0,0,3,1,1,1,2,48,8,1368,1,10,FIAT DOBLO,2,E01024627,0,-1
2023411352458,2023,411352458,1,19,0,13,13,7,3,0,0,1,0,4,-1,0,1,1,6,6,3,-1,-1,1248,2,5,FIAT DOBLO,-1,-1,0,-1
2023320739609,2023,320739609,2,19,0,2,2,0,0,6,6,0,0,0,1,9,2,1,1,1,2,55,8,1248,2,10,FIAT DOBLO,9,E01026234,0,-1
2023401374044,2023,401374044,1,5,0,4,4,8,4,0,0,0,0,0,0,0,1,1,1,1,1,32,6,649,1,2,HONDA CB,4,E01015756,0,-1
2023010474920,2023,010474920,1,4,0,99,99,9,9,99,99,9,9,99,9,99,9,1,6,6,2,60,9,471,1,6,HONDA CB,1,E01003087,0,-1
2023122300779,2023,122300779,2,5,0,17,19,8,4,0,0,0,0,0,0,0,1,1,6,6,1,34,6,919,1,20,HONDA CB,9,E01027555,0,-1
2023010439532,2023,010439532,2,5,0,18,19,1,5,0,0,1,0,0,0,0,1,1,6,6,1,51,8,599,1,16,HONDA CB,8,E01000320,0,-1
2023010484832,2023,010484832,2,4,9,99,99,9,9,99,99,9,9,99,9,99,9,1,6,6,3,-1,-1,471,1,7,HONDA CB,2,E01001246,0,-1
2023430402522,2023,430402522,1,5,0,18,19,3,7,0,0,0,1,0,1,0,4,1,6,6,1,32,6,919,1,21,HONDA CB,10,E01016695,0,-1
2023461348237,2023,461348237,1,5,0,18,19,3,3,0,0,5,0,0,0,0,1,1,5,6,1,40,7,599,1,21,HONDA CB,1,E01033211,0,-1
2023010424369,2023,010424369,2,4,0,13,13,7,3,0,0,1,5,0,0,0,1,1,6,6,1,44,7,471,1,10,HONDA CB,8,E01003470,0,-1
2023501298634,2023,501298634,1,5,0,18,19,1,1,0,0,1,1,0,0,0,1,1,6,6,1,26,6,649,1,0,HONDA CB,5,E01018817,0,-1
2023052302178,2023,052302178,2,4,0,18,19,1,7,0,0,1,0,0,0,0,4,1,6,6,1,54,8,470,1,10,HONDA CB,3,E01018534,0,-1
202360A133752,2023,60A133752,2,5,0,18,19,2,6,0,0,8,0,0,0,0,4,1,6,6,1,-1,-1,471,1,3,HONDA CB,-1,-1,0,-1
2023501399931,2023,501399931,1,4,-1,-1,-1,4,8,-1,-1,0,-1,-1,-1,0,-1,1,2,2,1,60,9,471,1,4,HONDA CB,7,E01018814,0,-1
2023010454797,2023,010454797,2,4,0,18,19,6,2,0,0,2,0,0,0,0,1,1,6,6,1,48,8,471,1,1,HONDA CB,3,E01000522,0,-1
2023991346441,2023,991346441,1,4,0,13,13,4,8,0,0,0,0,0,1,0,1,1,5,6,1,57,9,470,1,9,HONDA CB,6,-1,0,-1
2023061373807,2023,061373807,3,5,0,13,13,1,3,0,0,0,0,0,0,0,1,1,5,6,1,28,6,1284,1,17,HONDA CB,-1,-1,0,-1
2023501352614,2023,501352614,2,5,0,14,14,1,5,0,0,1,0,0,0,0,4,1,2,2,1,53,8,649,1,2,HONDA CB,8,E01019898,0,-1
2023471298627,2023,471298627,2,4,0,18,19,6,2,0,0,0,0,0,0,0,1,1,5,6,1,23,5,471,1,1,HONDA CB,10,E01031729,0,-1
2023010464364,2023,010464364,2,5,0,18,19,1,5,0,0,0,0,0,0,0,1,1,2,2,2,30,6,649,1,3,HONDA CB,-1,-1,0,-1
2023320386384,2023,320386384,2,4,0,13,13,8,4,0,0,0,5,0,0,0,4,1,6,6,1,62,9,600,1,17,HONDA CB,6,E01026398,0,-1
2023122301066,2023,122301066,2,5,0,14,14,1,5,0,0,8,0,0,0,0,1,1,6,6,1,49,8,998,1,11,HONDA CB,9,E01027856,0,-1
2023010457209,2023,010457209,1,4,0,18,19,4,8,0,0,0,1,0,0,0,1,1,6,6,1,39,7,998,1,4,HONDA CB,7,E01017575,0,-1
2023631367452,2023,631367452,1,5,0,13,13,1,5,0,0,0,0,0,7,10,4,1,5,6,1,32,6,599,1,21,HONDA CB,5,W01000542,0,-1
2023052400015,2023,052400015,2,5,0,18,19,5,1,0,0,8,0,0,0,0,1,1,2,2,1,43,7,471,1,4,HONDA CB,9,E01007111,0,-1
2023991341067,2023,991341067,2,5,0,18,19,7,3,0,0,1,0,0,0,0,1,1,6,6,1,51,8,998,1,2,HONDA CB,9,-1,0,-1
2023131273943,2023,131273943,2,5,0,18,19,2,6,0,0,1,0,0,0,0,1,1,5,6,1,25,5,599,1,15,HONDA CB,3,E01011784,0,-1
2023010451364,2023,010451364,2,5,0,99,99,9,9,99,99,9,9,99,9,99,0,1,6,6,3,-1,-1,471,1,4,HONDA CB,-1,-1,0,-1
2023340NN0192,2023,340NN0192,1,4,0,18,19,3,7,0,0,0,1,0,0,7,3,1,1,1,1,20,4,599,1,25,HONDA CB,1,E01027131,0,-1
2023070740317,2023,070740317,1,5,0,4,4,7,3,0,0,0,0,0,0,0,1,1,1,1,1,33,6,471,1,10,HONDA CB,8,E01018358,0,-1
2023010473653,2023,010473653,2,5,0,15,15,1,5,0,0,1,0,0,0,0,1,1,6,6,1,44,7,998,1,1,HONDA CB,9,E01002956,0,-1
2023461331256,2023,461331256,1,5,0,5,5,5,1,0,0,8,0,0,0,0,1,1,6,6,1,28,6,998,1,12,HONDA CB,4,E01016077,0,-1
2023201277821,2023,201277821,2,5,0,18,19,6,2,0,0,0,0,0,0,0,1,1,6,6,1,38,7,599,1,24,HONDA CB,9,E01032894,0,-1
2023461263772,2023,461263772,1,4,0,9,9,8,5,0,0,3,1,0,0,0,3,1,5,6,1,44,7,471,1,7,HONDA CB,1,E01016063,0,-1