collision_index,collision_year,collision_ref_no,vehicle_reference,vehicle_type,towing_and_articulation,vehicle_manoeuvre_historic,vehicle_manoeuvre,vehicle_direction_from,vehicle_direction_to,vehicle_location_restricted_lane_historic,vehicle_location_restricted_lane,junction_location,skidding_and_overturning,hit_object_in_carriageway,vehicle_leaving_carriageway,hit_object_off_carriageway,first_point_of_impact,vehicle_left_hand_drive,journey_purpose_of_driver_historic,journey_purpose_of_driver,sex_of_driver,age_of_driver,age_band_of_driver,engine_capacity_cc,propulsion_code,age_of_vehicle,generic_make_model,driver_imd_decile,lsoa_of_driver,escooter_flag,driver_distance_banding
2023501315514,2023,501315514,2,5,0,13,13,4,3,0,0,1,0,0,0,0,1,1,6,6,1,58,9,599,1,17,HONDA CB,3,E01015115,0,-1
2023010421532,2023,010421532,1,4,0,99,99,9,9,99,99,9,9,99,9,99,1,1,2,2,1,38,7,471,1,7,HONDA CB,7,E01030332,0,-1
2023041311637,2023,041311637,2,4,0,18,19,7,3,0,0,8,0,0,0,0,1,1,5,6,1,55,8,471,1,1,HONDA CB,7,E01025014,0,-1
2023010478448,2023,010478448,1,5,0,99,99,9,9,99,99,0,9,99,9,99,9,1,2,2,1,36,7,649,1,8,HONDA CB,5,E01024304,0,-1
2023010428287,2023,010428287,2,5,0,9,9,5,2,0,0,1,0,0,0,0,3,1,1,1,1,45,7,471,1,1,HONDA CB,-1,-1,0,-1
2023010429716,2023,010429716,1,5,0,18,19,8,4,0,0,0,2,0,0,0,3,1,6,6,1,46,8,471,1,8,HONDA CB,9,E01000358,0,-1
2023421286594,2023,421286594,2,4,0,10,10,1,2,0,0,1,0,0,0,0,3,1,2,2,2,44,7,471,1,6,HONDA CB,5,E01002302,0,-1
2023010461890,2023,010461890,1,4,0,18,19,1,5,0,0,2,0,0,0,0,1,1,2,2,1,53,8,471,1,1,HONDA CB,5,E01000469,0,-1
2023010434704,2023,010434704,1,4,0,99,99,9,9,99,99,9,9,99,9,99,1,1,2,2,1,32,6,471,1,4,HONDA CB,9,E01030317,0,-1
2023141376930,2023,141376930,1,4,0,18,19,2,7,0,0,8,1,7,0,0,1,1,2,2,1,39,7,471,1,4,HONDA CB,2,E01008056,0,-1
2023010473696,2023,010473696,1,5,0,7,7,3,5,0,0,1,0,0,0,0,4,1,6,6,1,37,7,998,1,2,HONDA CB,9,E01001227,0,-1
2023991318736,2023,991318736,1,5,0,18,19,7,3,0,0,0,5,0,0,0,1,1,6,6,1,26,6,649,1,0,HONDA CB,7,-1,0,-1
2023411366749,2023,411366749,1,5,0,18,19,3,7,0,0,1,0,0,0,0,1,1,1,1,1,20,4,649,1,2,HONDA CB,2,E01000095,0,-1
2023010474831,2023,010474831,1,5,0,13,13,6,2,0,0,1,0,7,0,0,4,1,6,6,1,20,4,1137,1,23,HONDA CB,-1,-1,0,-1
2023010483721,2023,010483721,1,5,0,18,19,7,3,0,0,1,0,0,0,0,1,1,6,6,1,35,6,599,1,13,HONDA CB,3,E01004126,0,-1
2023010463481,2023,010463481,1,5,0,18,19,7,3,0,0,0,0,0,0,0,1,1,6,6,1,29,6,919,1,21,HONDA CB,5,E01001973,0,-1
2023161363119,2023,161363119,2,5,0,18,19,2,6,0,0,0,5,0,0,0,1,1,1,1,1,80,11,471,1,5,HONDA CB,5,E01012937,0,-1
2023141277855,2023,141277855,1,4,0,-1,-1,-1,-1,0,0,0,0,0,0,0,1,1,6,6,1,-1,-1,249,1,41,HONDA CB,1,E01007365,0,-1
2023501390020,2023,501390020,2,5,0,18,19,8,4,0,0,5,0,0,0,0,1,1,2,2,1,42,7,755,1,0,HONDA CB,8,E01015068,0,-1
2023031388885,2023,031388885,1,9,0,18,19,4,8,0,0,0,0,0,0,0,1,1,6,6,1,50,8,2993,2,7,JAGUAR XJ SERIES,3,E01019194,0,-1
2023010485457,2023,010485457,3,9,0,3,3,3,7,0,0,0,0,0,0,0,2,1,2,2,1,52,8,2993,2,13,JAGUAR XJ SERIES,2,E01015900,0,-1
2023351323580,2023,351323580,1,9,0,9,9,3,1,0,0,6,0,0,0,0,3,1,6,6,1,69,10,4196,1,17,JAGUAR XJ SERIES,2,E01018070,0,-1
2023522301021,2023,522301021,1,9,0,3,3,7,3,0,0,1,0,0,0,0,2,1,6,6,1,75,10,2993,2,8,JAGUAR XJ SERIES,5,E01014746,0,-1
2023440165504,2023,440165504,1,9,0,18,19,3,7,0,0,0,2,0,1,7,3,1,6,6,1,66,10,2993,2,12,JAGUAR XJ SERIES,-1,-1,0,-1
2023351295868,2023,351295868,1,9,0,3,3,7,3,0,0,4,0,0,0,0,2,1,5,6,1,59,9,2720,2,17,JAGUAR XJ SERIES,6,E01018088,0,-1
2023631312986,2023,631312986,2,9,0,17,19,3,8,0,0,0,0,0,1,10,3,1,5,6,1,54,8,2993,2,12,JAGUAR XJ SERIES,8,E01032218,0,-1
2023141392468,2023,141392468,1,9,0,18,19,8,4,0,0,8,0,0,0,0,1,1,5,6,1,76,11,2720,2,17,JAGUAR XJ SERIES,7,E01007748,0,-1
2023201279193,2023,201279193,1,9,0,18,19,2,6,0,0,2,0,0,0,0,1,1,6,6,1,66,10,3248,1,25,JAGUAR XJ SERIES,2,E01010004,0,-1
2023451326768,2023,451326768,1,9,0,18,19,1,5,0,0,2,0,0,0,0,3,1,5,6,1,39,7,3239,1,27,JAGUAR XJ SERIES,6,E01022824,0,-1
2023041284969,2023,041284969,2,9,0,18,19,5,1,0,0,8,0,0,0,0,4,1,5,6,1,53,8,4196,1,19,JAGUAR XJ SERIES,4,E01025225,0,-1
2023451344080,2023,451344080,1,9,0,16,19,7,3,0,0,0,0,0,0,0,1,1,5,6,1,39,7,3239,1,27,JAGUAR XJ SERIES,8,E01030730,0,-1
2023401279671,2023,401279671,1,9,0,9,9,-1,-1,0,0,1,0,0,0,0,3,1,5,6,1,60,9,2720,2,17,JAGUAR XJ SERIES,5,E01017486,0,-1
2023351288643,2023,351288643,2,9,0,18,19,2,6,0,0,0,0,0,0,0,1,1,6,6,1,50,8,2993,2,11,JAGUAR XJ SERIES,5,E01018009,0,-1
2023461301668,2023,461301668,1,9,0,13,13,6,2,0,0,0,2,11,1,2,1,1,5,6,1,35,6,2993,2,13,JAGUAR XJ SERIES,1,E01024196,0,-1
2023010456899,2023,010456899,1,9,0,17,19,4,1,0,0,0,0,7,7,2,1,1,6,6,1,42,7,2993,2,8,JAGUAR XJ SERIES,5,E01002262,0,-1
2023141359063,2023,141359063,2,9,0,18,19,8,4,0,0,1,1,10,1,11,1,1,6,6,1,65,9,2993,2,11,JAGUAR XJ SERIES,5,E01008144,0,-1
2023401289091,2023,401289091,1,9,0,15,15,2,6,0,0,0,0,0,0,0,2,1,6,6,1,41,7,2993,2,13,JAGUAR XJ SERIES,7,E01033509,0,-1
2023401300259,2023,401300259,4,9,0,2,2,0,0,0,0,0,0,0,0,0,3,1,5,6,3,-1,-1,2993,2,4,JAGUAR XJ SERIES,-1,-1,0,-1
2023161328016,2023,161328016,1,9,0,17,19,5,2,0,0,0,0,0,1,4,1,1,1,1,1,37,7,2993,2,7,JAGUAR XJ SERIES,5,E01012964,0,-1
2023131363061,2023,131363061,1,9,0,18,19,7,3,0,0,0,0,0,0,0,1,1,5,6,1,75,10,2993,2,4,JAGUAR XJ SERIES,7,E01011708,0,-1
2023052300265,2023,052300265,2,9,0,2,2,0,0,0,0,0,0,0,0,0,1,1,6,6,3,-1,-1,2720,2,16,JAGUAR XJ SERIES,-1,-1,0,-1
2023041342149,2023,041342149,2,9,0,18,19,7,3,0,0,8,0,0,0,0,1,1,5,6,1,62,9,2720,2,14,JAGUAR XJ SERIES,1,E01012681,0,-1
2023411363804,2023,411363804,1,9,0,3,3,1,5,0,0,4,0,0,0,0,1,1,5,6,1,83,11,2720,2,15,JAGUAR XJ SERIES,6,E01023518,0,-1
2023991375396,2023,991375396,2,9,0,18,19,3,7,0,0,1,0,0,0,0,1,1,6,6,1,66,10,2993,2,10,JAGUAR XJ SERIES,7,-1,0,-1
2023131272592,2023,131272592,1,9,0,1,1,1,5,0,0,1,0,0,0,0,3,1,5,6,1,74,10,2967,1,18,JAGUAR XJ SERIES,1,E01011295,0,-1
2023440146504,2023,440146504,2,9,0,18,19,3,7,0,0,0,0,0,0,0,1,1,6,6,1,38,7,2967,1,18,JAGUAR XJ SERIES,7,E01017367,0,-1
2023141377902,2023,141377902,1,9,0,18,19,6,2,0,0,8,0,0,0,0,1,1,5,6,1,43,7,2993,2,11,JAGUAR XJ SERIES,9,E01007624,0,-1
2023010440277,2023,010440277,1,9,0,3,3,3,7,0,0,0,0,0,0,0,2,9,2,2,1,38,7,2993,2,11,JAGUAR XJ SERIES,4,E01030752,0,-1
2023501285911,2023,501285911,1,9,0,13,13,5,1,0,0,0,2,0,0,0,1,1,5,6,1,55,8,3996,1,23,JAGUAR XJ SERIES,4,E01018969,0,-1
2023440279845,2023,440279845,2,9,0,4,4,2,6,0,0,0,0,0,0,0,2,1,6,6,1,80,11,3590,1,34,JAGUAR XJ SERIES,2,E01022942,0,-1
2023340WN1622,2023,340WN1622,3,9,0,18,19,7,3,0,0,1,0,0,0,0,1,1,6,6,1,45,7,2720,2,18,JAGUAR XJ SERIES,9,E01027022,0,-1
2023010481205,2023,010481205,1,9,0,18,19,1,5,6,6,5,0,0,0,0,4,1,6,6,1,49,8,2993,2,9,JAGUAR XJ SERIES,1,E01031404,0,-1
2023461380398,2023,461380398,2,9,0,2,2,0,0,0,0,1,0,4,0,0,2,1,6,6,3,-1,-1,2720,2,15,JAGUAR XJ SERIES,-1,-1,0,-1
2023010423061,2023,010423061,2,9,0,99,99,9,9,99,99,9,9,99,9,99,1,9,6,6,3,-1,-1,2993,2,13,JAGUAR XJ SERIES,-1,-1,0,-1
2023421349406,2023,421349406,1,9,0,13,13,5,1,0,0,0,0,0,0,0,4,1,6,6,1,78,11,2993,2,6,JAGUAR XJ SERIES,10,E01021247,0,-1
2023471264424,2023,471264424,1,9,0,17,19,3,8,0,0,0,1,0,0,0,4,1,5,6,1,52,8,3996,1,22,JAGUAR XJ SERIES,4,E01031835,0,-1
2023991279016,2023,991279016,1,9,0,4,4,1,5,0,0,0,0,0,0,0,2,1,5,6,1,49,8,2993,2,10,JAGUAR XJ SERIES,7,-1,0,-1
2023471334819,2023,471334819,1,9,0,5,5,5,8,0,0,4,0,0,0,0,1,1,5,6,1,79,11,2993,2,6,JAGUAR XJ SERIES,10,E01031684,0,-1
2023010455483,2023,010455483,3,9,0,2,2,0,0,0,0,0,0,0,0,0,0,1,6,6,3,-1,-1,2967,1,19,JAGUAR XJ SERIES,-1,-1,0,-1
2023041373760,2023,041373760,1,9,0,18,19,1,5,0,0,0,0,0,0,0,1,1,2,2,1,58,9,2993,2,10,JAGUAR XJ SERIES,5,E01025013,0,-1
2023010473474,2023,010473474,1,8,0,9,9,5,3,0,0,5,0,0,0,0,1,1,1,1,1,44,7,-1,3,1,-1,4,E01030710,0,-1
2023010477931,2023,010477931,2,9,0,6,6,3,3,0,0,0,0,0,0,0,1,1,6,6,1,-1,-1,-1,3,1,-1,-1,-1,0,-1
2023430041679,2023,430041679,2,19,0,9,9,8,5,0,0,6,0,0,0,0,4,1,6,6,1,-1,-1,2488,2,15,NISSAN NAVARA,-1,-1,0,-1
2023010422748,2023,010422748,2,19,0,1,1,7,3,0,0,0,0,0,0,0,2,1,6,6,3,-1,-1,2488,2,16,NISSAN NAVARA,-1,-1,0,-1
2023411323640,2023,411323640,1,19,0,18,19,4,8,0,0,1,0,0,0,0,1,1,6,6,1,39,7,2488,2,15,NISSAN NAVARA,5,E01017390,0,-1
2023522400556,2023,522400556,2,19,0,1,1,1,5,0,0,0,0,0,0,0,2,1,6,6,3,-1,-1,2298,2,5,NISSAN NAVARA,-1,-1,0,-1
2023471358241,2023,471358241,1,19,0,18,19,7,3,0,0,0,0,0,5,6,1,1,5,6,1,51,8,2488,2,17,NISSAN NAVARA,10,E01023043,0,-1
2023451263098,2023,451263098,2,19,0,18,19,2,6,0,0,0,0,0,0,0,4,1,6,6,1,55,8,2298,2,7,NISSAN NAVARA,3,E01004182,0,-1
2023520300750,2023,520300750,2,20,0,4,4,7,3,0,0,0,0,0,0,0,0,1,6,6,1,61,9,-1,-1,-1,-1,5,E01029058,0,-1
2023010476185,2023,010476185,2,19,0,17,19,5,1,0,0,0,0,0,0,0,1,1,1,1,1,24,5,2298,2,7,NISSAN NAVARA,4,E01024339,0,-1
2023622300318,2023,622300318,1,19,0,18,19,3,7,0,0,0,0,2,0,0,1,1,2,2,1,43,7,2298,2,6,NISSAN NAVARA,5,W01000650,0,-1
2023430216991,2023,430216991,1,20,0,18,19,2,6,0,0,1,0,0,0,0,1,1,1,1,1,30,6,-1,-1,-1,-1,-1,-1,0,-1
2023631391056,2023,631391056,2,19,0,18,19,7,3,0,0,0,0,11,0,0,1,1,5,6,1,55,8,2299,2,4,NISSAN NAVARA,4,E01028992,0,-1
2023010433742,2023,010433742,1,19,0,99,99,9,9,99,99,9,9,99,9,99,2,9,1,1,1,58,9,2299,2,2,NISSAN NAVARA,9,E01002953,0,-1
2023371358984,2023,371358984,1,19,0,9,9,3,7,0,0,2,0,0,0,0,1,1,5,6,1,42,7,2488,2,9,NISSAN NAVARA,5,E01030281,0,-1
2023010420529,2023,010420529,1,19,0,99,99,9,9,99,99,9,9,99,9,99,2,9,6,6,1,42,7,2488,2,9,NISSAN NAVARA,5,E01003084,0,-1
2023501370718,2023,501370718,1,9,0,9,9,1,7,0,0,2,0,0,0,0,1,1,5,6,2,65,9,2953,2,20,-1,4,E01019918,0,-1
2023201377489,2023,201377489,1,9,0,14,14,6,4,0,0,8,0,0,0,0,1,1,6,6,1,46,8,2953,2,18,-1,2,E01009933,0,-1
2023010454900,2023,010454900,1,11,0,5,5,5,1,0,0,2,0,0,0,0,1,1,1,1,1,58,9,-1,3,9,-1,8,E01001106,0,-1
2023010476669,2023,010476669,1,11,0,5,5,1,5,0,0,6,0,0,0,0,4,1,1,1,1,67,10,4249,2,9,-1,4,E01001023,0,-1
2023501285498,2023,501285498,1,9,0,18,19,8,4,0,0,0,1,0,0,0,1,1,1,1,2,28,6,1500,2,4,PEUGEOT 3008,3,E01019053,0,-1
2023461298255,2023,461298255,1,9,0,4,4,1,5,0,0,4,0,0,0,0,2,1,5,6,1,28,6,1560,2,13,PEUGEOT 3008,4,E01024142,0,-1
2023440499864,2023,440499864,2,9,0,4,4,4,8,0,0,0,0,0,0,0,2,1,2,2,2,40,7,1560,2,7,PEUGEOT 3008,4,E01023033,0,-1
2023010441134,2023,010441134,2,9,0,99,99,9,9,99,99,9,9,99,9,99,4,9,6,6,3,58,9,1200,1,1,PEUGEOT 3008,3,E01004677,0,-1
2023010447950,2023,010447950,1,9,9,5,5,1,5,0,0,1,0,0,0,0,1,9,6,6,3,-1,-1,1200,1,6,PEUGEOT 3008,-1,-1,0,-1
2023421326323,2023,421326323,3,9,0,18,19,3,7,0,0,0,5,0,1,3,1,1,5,6,2,47,8,1199,1,1,PEUGEOT 3008,6,E01015925,0,-1
2023461396403,2023,461396403,2,9,0,4,4,4,8,0,0,0,0,0,0,0,2,1,6,6,2,52,8,1200,1,2,PEUGEOT 3008,9,E01024754,0,-1
2023991317670,2023,991317670,3,9,0,8,8,3,4,0,0,1,0,0,0,0,1,1,6,6,1,45,7,1200,1,3,PEUGEOT 3008,9,-1,0,-1
2023991370953,2023,991370953,1,9,0,17,19,5,1,0,0,0,0,0,0,0,1,1,5,6,1,68,10,1600,8,2,PEUGEOT 3008,-1,-1,0,-1
2023332300445,2023,332300445,1,9,0,18,19,2,6,0,0,8,0,0,0,0,1,1,6,6,2,45,7,1500,2,3,PEUGEOT 3008,1,E01013728,0,-1
2023010473922,2023,010473922,1,9,0,16,19,1,5,0,0,1,0,0,0,0,3,1,6,6,1,53,8,1560,2,7,PEUGEOT 3008,4,E01004569,0,-1
2023622300085,2023,622300085,1,9,0,7,7,8,1,0,0,6,0,0,0,0,1,1,6,6,1,35,6,1500,2,4,PEUGEOT 3008,9,W01000874,0,-1
2023070897490,2023,070897490,2,9,0,18,19,5,2,0,0,8,0,0,0,0,3,1,6,6,2,47,8,1499,2,1,PEUGEOT 3008,7,E01018336,0,-1
2023131363957,2023,131363957,1,9,0,18,19,2,6,0,0,8,0,0,0,0,1,1,3,7,1,36,7,1500,2,1,PEUGEOT 3008,4,E01011165,0,-1
2023201385992,2023,201385992,3,9,0,3,3,6,2,0,0,0,0,0,0,0,2,1,6,6,3,47,8,1560,2,10,PEUGEOT 3008,2,E01032461,0,-1
2023471280027,2023,471280027,1,9,0,18,19,5,1,0,0,1,0,0,0,0,4,1,2,2,2,44,7,1560,2,8,PEUGEOT 3008,3,E01020913,0,-1
202354A350723,2023,54A350723,2,9,0,18,19,5,1,0,0,1,0,0,0,0,1,1,6,6,2,56,9,1560,2,11,PEUGEOT 3008,4,E01032101,0,-1
2023371346256,2023,371346256,2,9,0,18,19,7,7,0,0,8,0,0,0,0,4,1,5,6,2,34,6,1560,2,9,PEUGEOT 3008,9,E01026422,0,-1
2023302301504,2023,302301504,1,9,0,9,9,6,2,0,0,8,0,0,0,0,4,1,6,6,1,55,8,1200,1,6,PEUGEOT 3008,8,E01025692,0,-1
2023522400328,2023,522400328,1,9,0,18,19,3,7,0,0,8,0,0,7,11,1,1,6,6,2,37,7,1500,2,2,PEUGEOT 3008,-1,-1,0,-1
2023991343804,2023,991343804,1,9,0,1,1,5,1,0,0,0,0,11,0,0,3,1,3,7,1,57,9,1199,1,0,PEUGEOT 3008,3,-1,0,-1
2023131273046,2023,131273046,1,9,0,18,19,3,7,0,0,0,0,0,0,0,1,1,5,6,1,85,11,1560,2,10,PEUGEOT 3008,10,E01011173,0,-1
2023311318939,2023,311318939,1,9,0,18,19,7,3,0,0,0,0,0,0,0,1,1,6,6,2,22,5,1560,2,6,PEUGEOT 3008,7,E01013875,0,-1
2023411364547,2023,411364547,6,9,0,18,19,5,1,0,0,0,0,0,0,0,2,1,6,6,2,50,8,1499,2,1,PEUGEOT 3008,-1,-1,0,-1
2023351405125,2023,351405125,1,9,0,7,7,1,7,0,0,0,0,0,7,1,1,1,6,6,2,-1,-1,1560,2,12,PEUGEOT 3008,3,E01018097,0,-1
2023221316433,2023,221316433,3,9,0,4,4,3,7,0,0,0,0,0,0,0,2,1,6,6,2,62,9,1200,1,4,PEUGEOT 3008,10,E01029748,0,-1
2023440513122,2023,440513122,1,9,0,9,9,6,4,0,0,4,0,0,0,0,3,1,6,6,2,61,9,1997,2,6,PEUGEOT 3008,6,E01022812,0,-1
2023421389159,2023,421389159,1,9,0,7,7,4,7,0,0,3,0,0,7,0,3,1,5,6,2,24,5,1500,2,5,PEUGEOT 3008,4,E01021342,0,-1
2023141376481,2023,141376481,1,9,0,18,19,7,3,0,0,8,1,0,0,0,4,1,5,6,2,31,6,1200,1,5,PEUGEOT 3008,7,E01007798,0,-1
2023052300042,2023,052300042,2,9,0,18,19,1,5,0,0,8,0,0,0,0,1,1,6,6,1,61,9,1200,1,5,PEUGEOT 3008,1,E01006444,0,-1
2023361372310,2023,361372310,2,9,0,4,4,5,1,0,0,0,0,0,0,0,2,1,5,6,2,71,10,1560,2,10,PEUGEOT 3008,2,E01026459,0,-1
2023010459425,2023,010459425,2,9,0,18,19,5,1,0,0,1,0,0,0,0,3,1,6,6,2,35,6,1500,2,3,PEUGEOT 3008,-1,-1,0,-1
2023421350555,2023,421350555,1,9,0,9,9,3,1,0,0,1,0,0,6,0,4,1,5,6,2,50,8,1560,2,6,PEUGEOT 3008,9,E01021527,0,-1
2023052302406,2023,052302406,2,9,0,4,4,6,2,0,0,1,0,0,0,0,4,1,6,6,2,33,6,1200,1,5,PEUGEOT 3008,4,E01007174,0,-1
2023351307759,2023,351307759,1,9,0,16,19,-1,-1,0,0,0,0,0,0,0,0,1,6,6,1,50,8,1200,1,4,PEUGEOT 3008,10,E01018301,0,-1
2023340NN3502,2023,340NN3502,2,9,0,18,19,8,4,0,0,0,0,0,0,0,4,1,1,1,2,44,7,1600,8,3,PEUGEOT 3008,8,E01015628,0,-1
2023430107044,2023,430107044,2,9,0,18,19,5,1,0,0,0,0,0,4,6,1,1,6,6,1,45,7,1560,2,10,PEUGEOT 3008,-1,-1,0,-1
2023351331865,2023,351331865,2,9,0,4,4,2,6,0,0,0,0,0,0,0,2,1,5,6,1,63,9,1200,1,2,PEUGEOT 3008,2,E01018068,0,-1
2023311284669,2023,311284669,2,9,0,7,7,8,2,0,0,0,0,0,0,0,1,1,6,6,2,28,6,1200,1,1,PEUGEOT 3008,-1,-1,0,-1
2023461382863,2023,461382863,2,9,0,18,19,3,7,0,0,0,0,0,0,0,4,1,6,6,2,52,8,1500,2,4,PEUGEOT 3008,7,E01024719,0,-1
2023545277323,2023,545277323,1,9,0,18,19,6,2,0,0,1,0,0,0,0,3,1,6,6,1,55,8,1200,1,6,PEUGEOT 3008,9,E01032701,0,-1
2023501268955,2023,501268955,2,9,0,16,19,3,7,0,0,0,0,0,0,0,2,1,5,6,1,27,6,1560,2,14,PEUGEOT 3008,5,E01018912,0,-1
2023421355803,2023,421355803,2,9,0,17,19,5,1,0,0,1,0,0,0,0,1,1,5,6,2,44,7,1200,1,6,PEUGEOT 3008,-1,-1,0,-1
2023461325557,2023,461325557,2,9,0,2,2,0,0,0,0,8,0,0,0,0,2,1,6,6,3,-1,-1,1560,2,13,PEUGEOT 3008,-1,-1,0,-1
2023501284540,2023,501284540,1,9,0,18,19,7,3,0,0,0,1,0,5,6,1,1,6,6,2,22,5,1560,2,12,PEUGEOT 3008,5,E01020331,0,-1
2023052302445,2023,052302445,1,9,0,4,4,2,1,0,0,1,1,0,0,0,-1,1,6,6,3,-1,-1,1560,2,12,PEUGEOT 3008,-1,-1,0,-1
202363D023123,2023,63D023123,1,9,0,12,12,6,2,0,0,0,0,0,0,0,1,1,6,6,1,46,8,1560,2,8,PEUGEOT 3008,8,W01000715,0,-1
2023440300392,2023,440300392,1,9,0,7,7,8,2,0,0,1,5,0,1,4,1,1,6,6,2,38,7,1200,1,3,PEUGEOT 3008,3,E01002781,0,-1
2023010481446,2023,010481446,1,9,0,18,19,1,5,0,0,1,0,0,0,0,1,1,6,6,3,51,8,1598,1,6,PEUGEOT 3008,3,E01003597,0,-1
2023041319783,2023,041319783,1,9,0,18,19,7,3,0,0,0,0,10,1,1,1,1,2,2,2,52,8,1500,2,4,PEUGEOT 3008,1,E01012577,0,-1
2023421343685,2023,421343685,2,9,0,18,19,5,1,0,0,8,1,0,0,0,1,1,5,6,1,68,10,1560,2,8,PEUGEOT 3008,2,E01021596,0,-1
2023052302474,2023,052302474,1,9,0,5,5,2,5,0,0,1,0,0,0,0,1,1,6,6,1,-1,-1,1997,2,13,PEUGEOT 3008,-1,-1,0,-1
2023061312843,2023,061312843,1,9,0,18,19,2,5,0,0,3,0,0,0,0,3,1,6,6,3,30,6,1200,1,1,PEUGEOT 3008,-1,-1,0,-1
2023522301519,2023,522301519,2,9,0,9,9,1,8,0,0,8,0,0,0,0,1,1,6,6,1,69,10,1200,1,3,PEUGEOT 3008,2,E01014810,0,-1
2023991329983,2023,991329983,1,9,0,18,19,3,7,0,0,2,0,0,0,0,1,1,5,6,2,46,8,1560,2,11,PEUGEOT 3008,8,-1,0,-1
2023071276522,2023,071276522,2,9,0,9,9,4,1,0,0,1,0,0,0,0,2,1,6,6,1,47,8,1560,2,13,PEUGEOT 3008,8,E01018567,0,-1
2023440057406,2023,440057406,2,9,0,9,9,7,5,0,0,8,0,0,0,0,3,1,6,6,1,54,8,1560,2,9,PEUGEOT 3008,5,E01017317,0,-1
2023351363289,2023,351363289,2,9,0,13,13,3,7,0,0,2,0,0,0,0,1,1,3,7,2,35,6,1560,2,7,PEUGEOT 3008,1,E01015637,0,-1
2023421383156,2023,421383156,1,9,0,8,8,1,3,0,0,4,0,0,0,0,1,1,6,6,2,41,7,1200,1,4,PEUGEOT 3008,6,E01015863,0,-1
2023471304775,2023,471304775,1,9,0,18,19,1,5,0,0,1,0,0,0,0,1,1,6,6,3,-1,-1,1500,2,3,PEUGEOT 3008,-1,-1,0,-1
2023041346995,2023,041346995,2,9,0,18,19,4,8,0,0,0,0,0,0,0,1,1,5,6,1,49,8,1560,2,9,PEUGEOT 3008,2,E01024902,0,-1
2023340WN3022,2023,340WN3022,1,9,0,18,19,1,5,0,0,1,0,0,0,0,1,1,2,2,2,33,6,1560,2,6,PEUGEOT 3008,-1,-1,0,-1
2023421294655,2023,421294655,3,9,0,18,19,3,7,0,0,0,0,0,0,0,1,1,6,6,2,44,7,1560,2,9,PEUGEOT 3008,5,E01033139,0,-1
2023451298044,2023,451298044,1,9,0,18,19,3,8,0,0,3,0,10,7,4,1,1,5,6,2,61,9,1560,2,12,PEUGEOT 3008,3,E01030657,0,-1
2023622300493,2023,622300493,3,9,0,2,2,0,0,0,0,1,0,0,0,0,2,1,6,6,3,-1,-1,1560,2,10,PEUGEOT 3008,-1,-1,0,-1
2023522300615,2023,522300615,1,9,0,9,9,7,5,0,0,6,0,0,0,0,1,1,6,6,1,44,7,1500,2,4,PEUGEOT 3008,3,E01014501,0,-1
2023201319055,2023,201319055,1,9,0,5,5,3,7,0,0,0,0,0,0,0,0,1,6,6,1,33,6,1200,1,6,PEUGEOT 3008,5,E01009591,0,-1
2023371392328,2023,371392328,4,9,0,18,19,1,5,0,0,0,0,0,0,0,1,1,5,6,2,71,10,1560,2,5,PEUGEOT 3008,6,E01030053,0,-1
2023351354772,2023,351354772,1,9,0,18,19,5,1,0,0,8,0,0,0,0,1,1,5,6,1,66,10,1200,1,6,PEUGEOT 3008,6,E01026021,0,-1
2023471372619,2023,471372619,2,9,0,3,3,6,2,0,0,0,0,0,0,0,2,1,5,6,1,39,7,1200,1,6,PEUGEOT 3008,9,E01031615,0,-1
2023522400262,2023,522400262,1,9,0,18,19,1,5,0,0,8,0,0,0,0,1,1,6,6,2,41,7,1560,2,10,PEUGEOT 3008,7,E01014916,0,-1
2023070535178,2023,070535178,1,9,0,18,19,3,7,0,0,1,0,0,0,0,3,1,1,1,2,58,9,1560,2,6,PEUGEOT 3008,-1,-1,0,-1
2023421361097,2023,421361097,2,9,0,-1,-1,-1,-1,-1,-1,0,-1,-1,-1,0,-1,1,6,6,2,40,7,1200,1,4,PEUGEOT 3008,6,E01021464,0,-1
2023141317414,2023,141317414,2,9,0,18,19,8,4,0,0,1,0,0,0,0,0,1,6,6,2,28,6,1560,2,6,PEUGEOT 3008,2,E01007697,0,-1
2023041347051,2023,041347051,1,9,0,7,7,5,3,0,0,8,0,2,0,0,1,1,6,6,3,-1,-1,1500,2,3,PEUGEOT 3008,-1,-1,0,-1
2023010425578,2023,010425578,2,9,0,3,3,3,7,0,0,0,0,0,0,0,9,9,6,6,3,-1,-1,1560,2,11,PEUGEOT 3008,-1,-1,0,-1
2023991284266,2023,991284266,2,9,0,7,7,8,3,0,0,1,0,0,0,0,2,1,5,6,2,35,6,1500,2,1,PEUGEOT 3008,8,-1,0,-1
2023522400290,2023,522400290,3,9,0,4,4,3,7,0,0,0,0,0,0,0,2,1,6,6,1,78,11,1200,1,5,PEUGEOT 3008,7,W01000494,0,-1
2023501327920,2023,501327920,2,9,0,4,4,3,1,0,0,0,0,0,0,0,1,1,5,6,2,31,6,1560,2,13,PEUGEOT 3008,2,E01022906,0,-1
2023461306038,2023,461306038,2,9,0,17,19,3,7,0,0,0,0,0,0,0,1,1,6,6,2,39,7,1560,2,11,PEUGEOT 3008,6,E01024756,0,-1