collision_index,collision_year,collision_ref_no,vehicle_reference,vehicle_type,towing_and_articulation,vehicle_manoeuvre_historic,vehicle_manoeuvre,vehicle_direction_from,vehicle_direction_to,vehicle_location_restricted_lane_historic,vehicle_location_restricted_lane,junction_location,skidding_and_overturning,hit_object_in_carriageway,vehicle_leaving_carriageway,hit_object_off_carriageway,first_point_of_impact,vehicle_left_hand_drive,journey_purpose_of_driver_historic,journey_purpose_of_driver,sex_of_driver,age_of_driver,age_band_of_driver,engine_capacity_cc,propulsion_code,age_of_vehicle,generic_make_model,driver_imd_decile,lsoa_of_driver,escooter_flag,driver_distance_banding
2023010467154,2023,010467154,1,9,0,6,6,3,3,0,0,0,0,0,0,0,3,1,6,6,2,61,9,1560,2,8,PEUGEOT 3008,8,E01004131,0,-1
2023440154254,2023,440154254,2,9,0,18,19,5,1,0,0,1,0,0,0,0,1,1,6,6,1,-1,-1,1560,2,12,PEUGEOT 3008,2,E01017115,0,-1
2023471273477,2023,471273477,1,9,0,1,1,1,5,9,9,0,0,10,1,10,1,1,6,6,1,82,11,1598,1,4,PEUGEOT 3008,9,E01031463,0,-1
2023010419352,2023,010419352,2,9,0,18,19,7,3,0,0,1,0,0,0,0,1,1,6,6,1,39,7,1560,2,5,PEUGEOT 3008,8,E01000563,0,-1
2023161380529,2023,161380529,2,9,0,18,19,3,7,0,0,1,0,0,0,0,1,1,6,6,1,65,9,1200,1,5,PEUGEOT 3008,3,E01013282,0,-1
2023451315376,2023,451315376,3,9,0,18,19,5,1,0,0,0,0,0,0,0,2,1,3,7,2,51,8,1200,1,5,PEUGEOT 3008,10,E01030878,0,-1
2023201405833,2023,201405833,2,9,0,7,7,7,6,0,0,1,0,0,0,0,2,1,2,2,1,44,7,1997,2,5,PEUGEOT 3008,2,E01033635,0,-1
2023340WN1372,2023,340WN1372,1,9,0,18,19,8,4,0,0,2,0,0,0,0,1,1,6,6,2,36,7,1598,1,12,PEUGEOT 3008,2,E01027248,0,-1
2023351284413,2023,351284413,3,9,0,7,7,7,3,7,6,7,0,0,0,0,0,1,6,6,3,51,8,1560,2,10,PEUGEOT 3008,2,E01015632,0,-1
2023461380745,2023,461380745,2,9,0,18,19,3,7,0,0,1,0,0,0,0,1,1,2,2,1,-1,-1,1560,2,10,PEUGEOT 3008,-1,-1,0,-1
202360A108493,2023,60A108493,2,9,0,18,19,7,3,0,0,0,0,0,0,0,2,1,6,6,1,47,8,1560,2,7,PEUGEOT 3008,-1,-1,0,-1
2023471316037,2023,471316037,1,9,0,18,19,7,3,0,0,0,0,0,0,0,1,1,5,6,2,40,7,1200,1,2,PEUGEOT 3008,4,E01031608,0,-1
2023522401061,2023,522401061,2,9,0,9,9,3,1,0,0,6,0,0,0,0,3,1,6,6,1,-1,-1,1598,1,12,PEUGEOT 3008,-1,-1,0,-1
2023351354762,2023,351354762,2,9,0,4,4,5,2,0,0,1,0,0,0,0,2,1,6,6,2,54,8,1560,2,11,PEUGEOT 3008,6,E01018151,0,-1
2023010458804,2023,010458804,1,9,0,18,19,5,1,0,0,1,0,0,0,0,1,1,2,2,1,60,9,1200,1,3,PEUGEOT 3008,4,E01003216,0,-1
2023052302105,2023,052302105,2,9,0,5,5,-1,-1,0,0,8,0,0,0,0,1,1,2,2,2,56,9,1560,2,10,PEUGEOT 3008,8,E01006992,0,-1
2023461383952,2023,461383952,1,9,0,9,9,1,7,0,0,8,0,0,0,0,3,1,5,6,1,45,7,1598,1,12,PEUGEOT 3008,8,E01000654,0,-1
2023340WN3352,2023,340WN3352,2,9,0,18,19,6,2,0,0,1,0,0,7,0,1,1,6,6,1,51,8,1560,2,13,PEUGEOT 3008,9,E01027148,0,-1
2023010460556,2023,010460556,2,9,0,18,19,1,5,0,0,0,0,0,0,0,2,1,6,6,1,56,9,1560,2,8,PEUGEOT 3008,6,E01003163,0,-1
2023101367526,2023,101367526,4,9,0,4,4,3,7,0,0,0,0,0,0,0,2,1,5,6,2,37,7,1997,2,10,PEUGEOT 3008,8,E01008409,0,-1
2023610038523,2023,610038523,2,9,0,2,2,0,0,0,0,2,0,0,0,0,2,1,6,6,2,60,9,1500,2,2,PEUGEOT 3008,8,W01001542,0,-1
2023070656235,2023,070656235,1,9,0,18,19,8,4,0,0,0,0,0,0,0,2,1,6,6,1,-1,-1,1200,1,5,PEUGEOT 3008,9,E01029687,0,-1
2023320353274,2023,320353274,2,9,0,18,19,3,7,0,0,1,1,0,1,1,2,1,6,6,1,31,6,1560,2,12,PEUGEOT 3008,8,E01028358,0,-1
2023211301192,2023,211301192,3,9,0,18,19,2,6,0,0,0,0,0,0,0,1,1,6,6,2,58,9,1997,2,10,PEUGEOT 3008,5,E01029702,0,-1
2023302300099,2023,302300099,1,9,0,3,3,4,8,0,0,8,0,0,0,0,2,1,6,6,2,63,9,1560,2,5,PEUGEOT 3008,9,E01019597,0,-1
2023622300783,2023,622300783,1,9,0,18,19,8,4,0,0,0,0,0,0,0,4,1,6,6,1,76,11,1560,2,7,PEUGEOT 3008,6,W01000613,0,-1
2023201388968,2023,201388968,2,9,0,18,19,2,6,0,0,0,0,0,0,0,4,1,6,6,2,37,7,1598,1,5,PEUGEOT 3008,1,E01010454,0,-1
2023052301673,2023,052301673,2,9,0,3,3,8,4,0,0,0,0,0,0,0,2,1,6,6,1,28,6,1997,2,6,PEUGEOT 3008,9,E01006348,0,-1
2023501265876,2023,501265876,2,9,0,18,19,2,6,0,0,0,0,0,0,0,3,1,3,7,2,40,7,1560,2,7,PEUGEOT 3008,1,E01019041,0,-1
2023141326627,2023,141326627,1,9,0,18,19,5,1,0,0,8,0,0,0,0,1,1,1,1,2,61,9,1598,1,5,PEUGEOT 3008,3,E01007781,0,-1
2023010439611,2023,010439611,2,9,0,18,19,3,7,0,0,1,0,0,0,0,4,1,6,6,1,48,8,1560,2,7,PEUGEOT 3008,4,E01001704,0,-1
2023010454723,2023,010454723,2,9,9,99,99,9,9,99,99,4,9,99,9,99,9,9,6,6,2,47,8,1500,2,1,PEUGEOT 3008,3,E01023842,0,-1
2023991320743,2023,991320743,2,9,0,18,19,4,8,0,0,1,0,0,0,0,1,1,6,6,2,63,9,1560,2,12,PEUGEOT 3008,7,-1,0,-1
2023041408690,2023,041408690,3,9,0,18,19,3,7,0,0,0,0,0,0,0,2,1,6,6,1,59,9,1499,2,0,PEUGEOT 3008,10,E01025258,0,-1
2023440199521,2023,440199521,2,9,0,18,19,6,2,0,0,1,0,0,0,0,1,1,6,6,2,30,6,1560,2,6,PEUGEOT 3008,6,E01022716,0,-1
2023361281998,2023,361281998,1,9,0,18,19,7,4,0,0,1,0,0,0,0,1,1,2,2,1,28,6,1997,2,6,PEUGEOT 3008,2,E01026459,0,-1
2023201376698,2023,201376698,2,9,0,1,1,2,6,0,0,0,0,0,0,0,2,1,1,1,2,54,8,1560,2,12,PEUGEOT 3008,7,E01029861,0,-1
2023501367110,2023,501367110,2,9,0,4,4,5,1,0,0,1,0,0,0,0,2,1,5,6,1,55,8,1560,2,12,PEUGEOT 3008,4,E01020288,0,-1
2023052301904,2023,052301904,1,9,0,17,19,6,2,0,0,0,0,0,1,0,1,1,6,6,1,60,9,1560,2,8,PEUGEOT 3008,4,E01018535,0,-1
2023131322295,2023,131322295,4,9,0,18,19,2,5,0,0,0,0,0,0,0,1,1,6,6,1,58,9,1560,2,12,PEUGEOT 3008,1,E01011106,0,-1
2023010438708,2023,010438708,1,9,0,99,99,9,9,99,99,9,9,99,9,99,9,9,6,6,2,32,6,1598,1,6,PEUGEOT 3008,6,E01001989,0,-1
2023131353753,2023,131353753,2,9,0,2,2,0,0,0,0,0,0,0,0,0,2,1,6,6,3,-1,-1,1560,2,13,PEUGEOT 3008,-1,-1,0,-1
2023461284323,2023,461284323,2,9,0,2,2,0,0,0,0,1,0,0,0,0,3,1,6,6,1,81,11,1560,2,14,PEUGEOT 3008,3,E01024534,0,-1
2023371361209,2023,371361209,2,9,0,5,5,2,3,0,0,4,0,0,0,0,1,1,6,6,2,22,5,1560,2,11,PEUGEOT 3008,5,E01033454,0,-1
2023501382093,2023,501382093,2,9,0,18,19,1,5,0,0,8,1,0,0,0,3,1,5,6,2,49,8,1199,1,0,PEUGEOT 3008,3,E01015061,0,-1
2023991322113,2023,991322113,2,9,0,10,10,7,3,0,0,0,0,0,0,0,2,1,2,2,1,45,7,1560,2,5,PEUGEOT 3008,1,-1,0,-1
2023010451452,2023,010451452,1,9,0,18,19,5,1,0,0,1,0,0,0,0,1,1,6,6,1,34,6,1200,1,3,PEUGEOT 3008,3,E01002548,0,-1
2023461341310,2023,461341310,1,9,0,4,4,7,3,0,0,7,0,0,0,0,1,1,6,6,2,45,7,1200,1,3,PEUGEOT 3008,7,E01024405,0,-1
2023211327806,2023,211327806,1,9,0,18,19,5,1,0,0,0,0,0,0,0,1,1,6,6,1,66,10,1997,12,9,PEUGEOT 3008,2,E01029410,0,-1
2023522301045,2023,522301045,1,9,0,7,7,3,5,0,0,8,0,0,0,0,4,1,6,6,2,42,7,1997,2,6,PEUGEOT 3008,4,E01014991,0,-1
2023201379607,2023,201379607,1,9,0,5,5,7,3,0,0,6,0,0,0,0,1,1,2,2,2,89,11,1200,1,4,PEUGEOT 3008,5,E01009710,0,-1
2023311296410,2023,311296410,1,9,0,4,4,6,2,0,0,1,0,0,0,0,1,1,6,6,1,58,9,1200,1,4,PEUGEOT 3008,7,E01028090,0,-1
2023161328221,2023,161328221,2,9,0,12,12,6,2,0,0,8,0,0,0,0,3,1,6,6,1,50,8,1560,2,5,PEUGEOT 3008,-1,-1,0,-1
2023991335837,2023,991335837,1,9,0,12,12,7,3,0,0,0,0,0,0,0,1,1,5,6,1,66,10,1560,2,5,PEUGEOT 3008,10,-1,0,-1
2023421379700,2023,421379700,1,9,0,7,7,6,8,0,0,0,0,0,0,0,1,1,6,6,3,20,4,1560,2,11,PEUGEOT 3008,-1,-1,0,-1
2023411325825,2023,411325825,3,9,0,10,10,4,2,0,0,1,0,0,0,0,3,1,5,6,1,66,10,1500,2,1,PEUGEOT 3008,9,E01023407,0,-1
2023440262125,2023,440262125,1,9,0,18,19,7,3,0,0,2,0,10,0,0,1,1,6,6,2,42,7,1500,2,5,PEUGEOT 3008,9,E01023134,0,-1
2023440228532,2023,440228532,1,9,0,16,19,7,1,0,0,1,0,0,0,0,1,1,6,6,1,70,10,1200,1,1,PEUGEOT 3008,7,E01017329,0,-1
2023991258832,2023,991258832,2,9,0,3,3,6,2,0,0,1,0,0,0,0,2,1,1,1,1,31,6,1500,2,2,PEUGEOT 3008,4,-1,0,-1
2023461274533,2023,461274533,1,9,0,16,19,7,3,0,0,0,0,0,0,0,1,1,5,6,1,42,7,1200,1,4,PEUGEOT 3008,2,E01001843,0,-1
2023320436227,2023,320436227,2,9,0,18,19,8,6,0,0,8,0,0,0,0,4,1,2,2,1,57,9,1500,2,1,PEUGEOT 3008,-1,-1,0,-1
2023340NN0162,2023,340NN0162,2,9,0,18,19,2,6,0,0,1,1,0,0,0,4,1,6,6,2,53,8,1560,2,6,PEUGEOT 3008,6,E01027326,0,-1
2023061362341,2023,061362341,2,9,-1,-1,-1,-1,-1,-1,-1,-1,-1,-1,-1,0,-1,1,6,6,1,71,10,1560,2,11,PEUGEOT 3008,10,E01006382,0,-1
2023340WN1562,2023,340WN1562,2,9,0,18,19,8,4,0,0,1,0,0,0,0,4,1,2,2,1,23,5,1560,2,13,PEUGEOT 3008,2,E01027227,0,-1
2023041316138,2023,041316138,1,9,0,12,12,1,5,0,0,0,0,0,4,0,1,1,5,6,2,51,8,1199,1,0,PEUGEOT 3008,1,E01004859,0,-1
2023031294574,2023,031294574,1,9,0,3,3,4,8,0,0,0,0,0,0,0,2,1,5,6,1,39,7,1199,1,1,PEUGEOT 3008,-1,-1,0,-1
2023141333838,2023,141333838,1,9,0,9,9,4,2,0,0,0,0,0,0,0,3,1,1,1,1,52,8,1560,2,13,PEUGEOT 3008,6,E01007771,0,-1
2023361351662,2023,361351662,1,9,0,14,14,8,4,0,0,0,0,0,0,0,1,1,6,6,2,77,11,1560,2,10,PEUGEOT 3008,8,E01026886,0,-1
2023552300293,2023,552300293,3,9,0,4,4,6,2,0,0,0,0,0,0,0,0,1,6,6,1,39,7,1500,2,1,PEUGEOT 3008,8,E01020408,0,-1
2023221390571,2023,221390571,1,9,0,18,19,7,5,0,0,0,0,8,0,0,1,1,6,6,1,70,10,1500,2,3,PEUGEOT 3008,4,E01014015,0,-1
2023471284650,2023,471284650,1,9,0,9,9,2,8,0,0,8,5,0,0,0,1,1,6,6,1,72,10,1560,2,10,PEUGEOT 3008,7,E01031354,0,-1
2023061304062,2023,061304062,1,9,0,9,9,6,3,0,0,1,0,0,0,0,3,1,5,6,2,47,8,1200,1,5,PEUGEOT 3008,10,E01004788,0,-1
2023471266071,2023,471266071,1,9,0,18,19,1,5,0,0,0,0,0,0,0,1,1,5,6,1,77,11,1560,2,8,PEUGEOT 3008,6,E01031342,0,-1
2023131389381,2023,131389381,1,9,0,5,5,1,1,0,0,0,0,0,0,0,2,1,6,6,1,65,9,1200,1,3,PEUGEOT 3008,4,E01011009,0,-1
2023201358473,2023,201358473,2,9,0,3,3,7,2,0,0,1,0,0,0,0,2,1,2,2,1,36,7,1560,2,6,PEUGEOT 3008,7,E01009693,0,-1
202360A071865,2023,60A071865,1,9,0,8,8,6,2,0,0,1,0,0,0,0,0,1,6,6,1,25,5,1560,2,11,PEUGEOT 3008,-1,-1,0,-1
2023052300300,2023,052300300,2,9,0,18,19,3,7,0,0,8,0,0,0,0,3,1,6,6,1,30,6,1560,2,8,PEUGEOT 3008,1,E01007227,0,-1
2023440181903,2023,440181903,2,9,0,18,19,8,4,0,0,1,0,0,0,0,1,1,6,6,2,66,10,1997,2,9,PEUGEOT 3008,-1,-1,0,-1
2023340WN1492,2023,340WN1492,3,9,0,4,4,7,3,0,0,0,0,0,0,0,2,1,2,2,1,72,10,1200,1,4,PEUGEOT 3008,9,E01027067,0,-1
2023461317875,2023,461317875,2,9,0,4,4,7,3,0,0,0,0,0,0,0,2,1,6,6,1,35,6,1200,1,6,PEUGEOT 3008,5,E01009556,0,-1
2023101307133,2023,101307133,1,9,0,18,19,2,6,0,0,0,2,7,1,0,1,1,5,6,1,24,5,1560,2,10,PEUGEOT 3008,1,E01027416,0,-1
2023161351431,2023,161351431,2,9,0,4,4,3,7,0,0,0,0,0,0,0,2,1,6,6,1,65,9,1560,2,5,PEUGEOT 3008,10,E01013092,0,-1
2023461334222,2023,461334222,1,9,0,4,4,7,3,0,0,0,0,0,0,0,4,1,6,6,2,41,7,1500,2,5,PEUGEOT 3008,7,E01024422,0,-1
2023311275128,2023,311275128,1,9,0,18,19,4,1,0,0,0,0,0,0,0,1,1,5,6,1,49,8,1560,2,12,PEUGEOT 3008,6,E01028283,0,-1
2023161328112,2023,161328112,1,9,0,18,19,2,6,0,0,0,0,0,0,0,2,1,5,6,1,80,11,1560,2,11,PEUGEOT 3008,1,E01012790,0,-1
2023170S11643,2023,170S11643,3,9,0,18,19,8,4,0,0,0,0,0,0,0,1,1,6,6,1,34,6,1560,2,10,PEUGEOT 3008,1,E01012195,0,-1
2023141300186,2023,141300186,1,9,0,14,14,3,7,0,0,0,1,4,0,0,1,1,5,6,1,78,11,1560,2,6,PEUGEOT 3008,2,E01007815,0,-1
2023440329869,2023,440329869,2,9,0,4,4,5,1,0,0,1,0,0,0,0,1,1,2,2,2,28,6,1560,2,12,PEUGEOT 3008,4,E01017193,0,-1
2023070529533,2023,070529533,2,9,0,5,5,3,7,0,0,1,0,0,0,0,4,1,1,1,2,54,8,1560,2,10,PEUGEOT 3008,1,E01012382,0,-1
2023010472493,2023,010472493,1,9,0,18,19,1,5,0,0,1,0,4,0,0,1,1,6,6,2,53,8,1500,2,4,PEUGEOT 3008,6,E01002241,0,-1
2023461349875,2023,461349875,1,9,0,7,7,3,5,0,0,8,0,0,0,0,1,1,6,6,1,67,10,1500,2,5,PEUGEOT 3008,6,E01000726,0,-1
2023122300097,2023,122300097,2,9,0,18,19,1,7,0,0,1,0,0,0,0,1,1,6,6,2,53,8,1560,2,12,PEUGEOT 3008,4,E01027906,0,-1
202360A093654,2023,60A093654,2,8,0,9,9,7,5,0,0,8,0,0,0,0,1,1,1,1,1,64,9,1560,2,8,-1,-1,-1,0,-1
2023211296837,2023,211296837,1,9,0,18,19,6,2,0,0,3,0,0,0,0,4,1,5,6,2,30,6,1200,1,4,PEUGEOT 3008,6,E01029400,0,-1
2023041356660,2023,041356660,2,9,0,18,19,5,1,0,0,1,0,0,0,0,4,1,5,6,2,61,9,1560,2,8,PEUGEOT 3008,10,E01024947,0,-1
2023041350479,2023,041350479,2,9,0,18,19,3,7,0,0,0,0,0,0,0,4,1,5,6,1,57,9,1560,2,11,PEUGEOT 3008,7,E01024999,0,-1
2023221300501,2023,221300501,1,9,0,18,19,3,7,0,0,0,1,0,0,0,1,1,5,6,2,36,7,1560,2,5,PEUGEOT 3008,7,E01014150,0,-1
2023440387608,2023,440387608,2,9,0,18,19,5,1,0,0,0,0,0,0,0,4,1,6,6,1,78,11,1598,1,5,PEUGEOT 3008,9,E01023272,0,-1
2023991345680,2023,991345680,1,9,0,18,19,7,2,9,9,0,0,0,7,2,1,1,6,6,1,43,7,1200,1,1,PEUGEOT 3008,8,-1,0,-1
2023351387789,2023,351387789,1,9,0,17,19,7,3,0,0,8,0,0,0,0,1,1,5,6,1,47,8,1500,2,2,PEUGEOT 3008,-1,-1,0,-1
2023320201092,2023,320201092,2,9,0,10,10,6,4,0,0,1,0,0,0,0,2,1,6,6,1,53,8,1200,1,2,PEUGEOT 3008,2,E01027429,0,-1
2023010443470,2023,010443470,1,9,0,2,2,0,0,0,0,2,0,7,0,0,2,1,6,6,3,-1,-1,1500,2,5,PEUGEOT 3008,-1,-1,0,-1
2023201372863,2023,201372863,1,9,0,18,19,3,7,0,0,0,0,0,0,0,1,1,6,6,1,40,7,1500,2,4,PEUGEOT 3008,1,E01009611,0,-1
2023320215318,2023,320215318,2,9,0,18,19,5,1,0,0,4,0,0,0,0,2,1,6,6,2,23,5,1560,2,13,PEUGEOT 3008,1,E01026127,0,-1
2023041306788,2023,041306788,3,9,0,2,2,0,0,0,0,1,0,0,0,0,2,1,6,6,3,-1,-1,1560,2,13,PEUGEOT 3008,-1,-1,0,-1
2023451303718,2023,451303718,1,9,0,16,19,7,3,0,0,0,0,0,0,0,1,1,5,6,1,29,6,1560,2,12,PEUGEOT 3008,2,E01004435,0,-1
2023471283903,2023,471283903,2,9,0,3,3,4,8,0,0,4,0,0,0,0,2,1,3,7,2,39,7,1560,2,10,PEUGEOT 3008,7,E01021181,0,-1
2023320323688,2023,320323688,1,9,0,18,19,7,3,0,0,6,0,0,0,4,1,1,6,6,1,88,11,1200,1,5,PEUGEOT 3008,-1,-1,0,-1
2023010472866,2023,010472866,2,9,9,99,99,9,9,99,99,9,9,99,9,99,9,9,6,6,3,-1,-1,1200,1,3,PEUGEOT 3008,-1,-1,0,-1
2023471260921,2023,471260921,2,9,0,18,19,7,3,0,0,0,0,0,0,0,1,2,5,6,2,53,8,1500,2,5,PEUGEOT 3008,10,E01031700,0,-1
2023991370853,2023,991370853,2,9,0,18,19,7,4,0,0,0,0,0,0,0,1,1,5,6,2,72,10,1560,2,7,PEUGEOT 3008,3,-1,0,-1
2023061389166,2023,061389166,1,9,0,18,19,8,4,0,0,1,0,0,0,0,1,1,1,1,2,36,7,1499,2,0,PEUGEOT 3008,-1,-1,0,-1
2023501309317,2023,501309317,1,9,0,16,19,7,1,0,0,8,0,0,0,0,1,1,5,6,1,78,11,1500,2,5,PEUGEOT 3008,5,E01020301,0,-1
2023501278549,2023,501278549,1,9,0,15,15,1,2,0,0,2,0,4,0,0,4,1,6,6,1,67,10,1500,2,3,PEUGEOT 3008,4,E01019013,0,-1
2023061361293,2023,061361293,1,9,0,4,4,-1,-1,0,0,1,0,0,0,0,1,1,6,6,3,-1,-1,1560,2,8,PEUGEOT 3008,-1,-1,0,-1
2023131291824,2023,131291824,1,9,0,9,9,4,8,0,0,0,0,0,0,0,3,1,2,2,2,49,8,1560,2,9,PEUGEOT 3008,1,E01011864,0,-1
2023451305004,2023,451305004,2,9,0,2,2,0,0,9,9,1,0,0,0,0,1,1,6,6,3,-1,-1,1560,2,9,PEUGEOT 3008,-1,-1,0,-1
2023440008380,2023,440008380,2,9,0,3,3,6,2,0,0,1,0,0,0,0,2,1,6,6,2,30,6,1200,1,6,PEUGEOT 3008,7,E01022948,0,-1
2023010425805,2023,010425805,2,9,0,99,99,9,9,99,99,9,9,99,9,99,1,9,6,6,3,33,6,1560,2,10,PEUGEOT 3008,-1,-1,0,-1
2023141276418,2023,141276418,3,9,0,18,19,3,7,0,0,0,0,0,0,0,2,1,2,2,1,45,7,1598,8,0,PEUGEOT 3008,8,E01007527,0,-1
2023041319133,2023,041319133,1,9,0,18,19,5,1,0,0,8,0,0,0,0,1,1,6,6,2,46,8,1200,1,5,PEUGEOT 3008,3,E01025269,0,-1
2023401276542,2023,401276542,2,9,0,18,19,6,2,0,0,0,0,0,0,0,1,1,5,6,1,40,7,1200,1,1,PEUGEOT 3008,6,E01010519,0,-1
2023320616744,2023,320616744,2,9,0,4,4,3,7,0,0,0,0,0,0,0,2,1,2,2,2,37,7,1598,1,3,PEUGEOT 3008,5,E01026283,0,-1
2023122301353,2023,122301353,1,9,0,9,9,3,1,0,0,1,0,0,0,0,4,1,6,6,2,63,9,1560,2,13,PEUGEOT 3008,10,E01027912,0,-1
2023131314348,2023,131314348,1,9,0,9,9,5,1,0,0,1,0,0,7,11,3,1,6,6,1,28,6,1560,2,10,PEUGEOT 3008,1,E01010944,0,-1
2023411363676,2023,411363676,1,9,0,7,7,1,5,0,0,1,0,0,0,0,4,1,6,6,2,40,7,1598,1,6,PEUGEOT 3008,8,E01023709,0,-1
2023010468558,2023,010468558,2,9,0,15,15,1,5,0,0,1,0,0,0,0,1,1,6,6,1,36,7,1500,2,5,PEUGEOT 3008,3,E01003185,0,-1
2023201328571,2023,201328571,1,9,0,18,19,3,7,0,0,0,0,0,0,0,1,1,1,1,1,42,7,1560,2,13,PEUGEOT 3008,2,E01010470,0,-1
2023131287173,2023,131287173,2,9,0,18,19,4,8,0,0,1,0,0,0,0,4,1,2,2,2,45,7,1200,1,6,PEUGEOT 3008,6,E01011005,0,-1
2023361351862,2023,361351862,2,9,0,18,19,4,8,0,0,8,0,0,0,0,1,1,5,6,1,35,6,1200,1,4,PEUGEOT 3008,3,E01004373,0,-1
2023991337971,2023,991337971,1,9,0,16,19,2,5,0,0,2,0,0,0,0,1,1,5,6,2,29,6,1500,2,4,PEUGEOT 3008,-1,-1,0,-1
2023010480066,2023,010480066,1,9,0,99,99,9,9,99,99,9,9,99,9,99,1,9,2,2,2,37,7,1200,1,3,PEUGEOT 3008,1,E01000605,0,-1
2023991272535,2023,991272535,1,9,0,17,19,1,5,0,0,0,1,0,0,0,1,1,5,6,2,60,9,1560,2,7,PEUGEOT 3008,8,-1,0,-1
2023131344706,2023,131344706,1,9,0,18,19,3,7,0,0,8,5,0,0,0,3,1,1,1,2,33,6,1500,2,3,PEUGEOT 3008,2,E01003120,0,-1
2023461384361,2023,461384361,4,9,0,4,4,5,1,0,0,0,1,7,4,6,3,1,6,6,2,31,6,1200,1,6,PEUGEOT 3008,4,E01024690,0,-1
2023501343230,2023,501343230,1,9,0,3,3,3,7,0,0,0,0,0,0,0,2,1,5,6,2,39,7,1560,2,12,PEUGEOT 3008,1,E01015043,0,-1
2023101364391,2023,101364391,2,9,-1,18,19,2,6,-1,-1,0,0,0,0,0,3,1,5,6,2,65,9,1200,1,1,PEUGEOT 3008,8,E01008294,0,-1
2023451327872,2023,451327872,2,9,0,18,19,5,1,0,0,0,0,0,0,0,2,1,5,6,2,53,8,1598,1,14,PEUGEOT 3008,6,E01030371,0,-1
2023101373600,2023,101373600,2,9,0,18,19,7,3,0,0,0,0,0,0,0,1,1,6,6,1,36,7,1500,2,2,PEUGEOT 3008,1,E01027412,0,-1
2023631390831,2023,631390831,1,9,0,18,19,6,2,9,9,0,0,0,1,11,1,1,6,6,2,40,7,1560,2,9,PEUGEOT 3008,9,W01000611,0,-1
2023010444691,2023,010444691,2,9,0,3,3,8,4,0,0,0,0,0,0,0,2,1,1,1,1,64,9,1500,2,1,PEUGEOT 3008,9,E01004155,0,-1
2023631336295,2023,631336295,1,9,0,5,5,6,4,0,0,6,0,0,0,0,1,1,5,6,1,61,9,1500,2,2,PEUGEOT 3008,5,W01000518,0,-1
2023061323637,2023,061323637,1,9,0,-1,-1,-1,-1,-1,-1,-1,-1,-1,-1,0,-1,1,6,6,1,-1,-1,1200,1,3,PEUGEOT 3008,7,E01005699,0,-1
2023010473250,2023,010473250,1,9,0,18,19,5,1,0,0,3,0,0,0,0,3,1,6,6,2,26,6,1200,1,3,PEUGEOT 3008,7,E01001120,0,-1
2023010444116,2023,010444116,1,9,0,1,1,5,1,0,0,1,0,0,0,0,1,1,6,6,1,51,8,1500,2,2,PEUGEOT 3008,2,E01032562,0,-1
2023131378689,2023,131378689,1,9,0,9,9,3,7,0,0,2,1,0,0,0,3,1,5,6,1,54,8,1600,8,1,PEUGEOT 3008,5,E01011732,0,-1
2023622300804,2023,622300804,1,9,0,18,19,5,1,0,0,0,0,0,0,0,4,1,6,6,1,33,6,1560,2,12,PEUGEOT 3008,10,W01001735,0,-1
2023361359929,2023,361359929,2,9,0,10,10,3,5,0,0,5,0,0,0,0,0,1,5,6,1,67,10,1200,1,2,PEUGEOT 3008,8,E01016794,0,-1
202363C011723,2023,63C011723,2,9,0,18,19,1,5,0,0,1,0,0,1,10,1,1,6,6,2,70,10,1997,12,10,PEUGEOT 3008,7,W01000553,0,-1
2023201381452,2023,201381452,1,9,0,18,19,1,5,0,0,1,0,0,0,0,2,1,5,6,3,-1,-1,1500,2,4,PEUGEOT 3008,-1,-1,0,-1
2023010465109,2023,010465109,2,9,0,99,99,9,9,99,99,9,9,99,9,99,1,9,6,6,3,-1,-1,1200,1,6,PEUGEOT 3008,-1,-1,0,-1
2023522300999,2023,522300999,2,9,0,14,14,7,3,0,0,0,0,0,0,0,1,1,6,6,1,-1,-1,1500,2,2,PEUGEOT 3008,-1,-1,0,-1
2023010454864,2023,010454864,1,9,0,99,99,9,9,99,99,0,9,99,9,99,2,9,6,6,1,34,6,1598,1,5,PEUGEOT 3008,3,E01003552,0,-1
2023471347776,2023,471347776,2,9,0,16,19,4,8,0,0,1,0,0,0,0,1,1,5,6,2,43,7,1600,8,2,PEUGEOT 3008,7,E01032717,0,-1
2023401273085,2023,401273085,3,9,0,4,4,3,3,0,0,0,0,0,0,0,2,1,5,6,1,42,7,1997,2,13,PEUGEOT 3008,7,E01023605,0,-1
2023332300115,2023,332300115,7,9,0,18,19,6,2,0,0,0,0,0,0,0,3,1,2,2,2,44,7,1500,2,3,PEUGEOT 3008,9,E01031306,0,-1
2023421286898,2023,421286898,2,9,0,18,19,1,5,0,0,4,0,0,0,0,4,1,2,2,2,30,6,1200,1,4,PEUGEOT 3008,8,E01021340,0,-1
2023332300787,2023,332300787,1,9,0,9,9,7,5,0,0,6,1,0,3,9,1,1,6,6,2,69,10,1598,1,3,PEUGEOT 3008,3,E01025822,0,-1
2023161351994,2023,161351994,2,9,0,8,8,1,3,0,0,1,0,0,0,0,3,1,6,6,1,35,6,1560,2,10,PEUGEOT 3008,1,E01013299,0,-1
2023501299579,2023,501299579,1,9,0,18,19,7,3,0,0,0,1,1,0,0,1,1,6,6,2,57,9,1560,2,7,PEUGEOT 3008,6,E01015109,0,-1