collision_index,collision_year,collision_ref_no,vehicle_reference,vehicle_type,towing_and_articulation,vehicle_manoeuvre_historic,vehicle_manoeuvre,vehicle_direction_from,vehicle_direction_to,vehicle_location_restricted_lane_historic,vehicle_location_restricted_lane,junction_location,skidding_and_overturning,hit_object_in_carriageway,vehicle_leaving_carriageway,hit_object_off_carriageway,first_point_of_impact,vehicle_left_hand_drive,journey_purpose_of_driver_historic,journey_purpose_of_driver,sex_of_driver,age_of_driver,age_band_of_driver,engine_capacity_cc,propulsion_code,age_of_vehicle,generic_make_model,driver_imd_decile,lsoa_of_driver,escooter_flag,driver_distance_banding
2023070917373,2023,070917373,1,9,0,7,7,2,4,9,9,6,1,10,3,10,4,1,6,6,1,83,11,1560,2,7,PEUGEOT 3008,9,E01018675,0,-1
2023031300882,2023,031300882,1,9,0,18,19,7,3,0,0,0,0,0,7,2,1,1,5,6,2,56,9,1560,2,10,PEUGEOT 3008,-1,-1,0,-1
2023070376925,2023,070376925,1,9,0,6,6,6,2,6,6,0,0,0,0,0,2,1,6,6,2,26,6,1997,2,6,PEUGEOT 3008,8,E01005361,0,-1
2023421359437,2023,421359437,1,9,0,16,19,5,8,0,0,2,0,0,0,0,4,1,2,2,2,47,8,1200,1,1,PEUGEOT 3008,-1,-1,0,-1
2023320615287,2023,320615287,2,9,0,18,19,8,4,0,0,8,0,0,0,0,3,1,6,6,2,35,6,1199,1,0,PEUGEOT 3008,5,E01026264,0,-1
2023461294201,2023,461294201,1,9,0,9,9,1,7,0,0,6,0,0,0,0,3,1,6,6,1,71,10,1500,2,3,PEUGEOT 3008,5,E01016127,0,-1
2023461380181,2023,461380181,2,9,0,3,3,5,1,0,0,1,0,0,0,0,4,1,6,6,1,62,9,1500,2,3,PEUGEOT 3008,4,E01024262,0,-1
2023471389428,2023,471389428,1,9,0,18,19,7,3,0,0,0,0,0,0,0,1,1,5,6,1,62,9,1598,1,6,PEUGEOT 3008,7,E01022597,0,-1
2023471362930,2023,471362930,2,9,0,18,19,8,4,0,0,0,0,0,0,0,1,1,1,1,1,42,7,1560,2,8,PEUGEOT 3008,3,E01031559,0,-1
2023461346491,2023,461346491,4,9,0,17,19,5,1,0,0,1,0,0,0,0,3,1,2,2,2,55,8,1560,2,12,PEUGEOT 3008,7,E01016078,0,-1
2023010466430,2023,010466430,1,9,0,99,99,9,9,0,0,8,0,0,0,0,9,9,6,6,1,45,7,1200,1,6,PEUGEOT 3008,6,E01004174,0,-1
2023440110111,2023,440110111,1,9,0,5,5,5,1,0,0,6,0,0,0,0,1,1,6,6,1,31,6,1560,2,13,PEUGEOT 3008,-1,-1,0,-1
2023101340441,2023,101340441,1,9,0,18,19,5,1,0,0,0,0,0,0,0,1,1,2,2,1,65,9,1560,2,12,PEUGEOT 3008,9,E01008479,0,-1
2023010459144,2023,010459144,2,9,0,99,99,9,9,99,99,0,9,99,9,99,1,9,6,6,3,-1,-1,1500,2,5,PEUGEOT 3008,-1,-1,0,-1
2023340WN4772,2023,340WN4772,2,9,0,18,19,7,4,0,0,8,0,0,0,0,4,1,6,6,1,57,9,1560,2,10,PEUGEOT 3008,9,E01011848,0,-1
2023141321671,2023,141321671,2,9,0,5,5,6,2,0,0,1,0,0,0,0,1,1,6,6,3,-1,-1,1560,2,9,PEUGEOT 3008,-1,-1,0,-1
202363D009623,2023,63D009623,1,9,0,7,7,5,8,0,0,8,0,0,0,0,1,1,3,7,2,47,8,1500,2,2,PEUGEOT 3008,7,W01000460,0,-1
2023141317243,2023,141317243,1,9,0,13,13,2,6,0,0,8,0,0,0,0,1,1,5,6,1,21,5,1560,2,9,PEUGEOT 3008,2,E01007967,0,-1
2023221378643,2023,221378643,3,9,0,4,4,5,1,0,0,0,0,0,0,0,2,1,6,6,1,55,8,1200,1,5,PEUGEOT 3008,6,E01022454,0,-1
2023170S11043,2023,170S11043,2,9,0,1,1,3,7,0,0,0,0,0,0,0,3,1,6,6,1,68,10,1598,1,2,PEUGEOT 3008,1,E01012273,0,-1
2023061374668,2023,061374668,2,9,-1,-1,-1,-1,-1,-1,-1,-1,-1,-1,-1,0,-1,1,6,6,1,69,10,1560,2,8,PEUGEOT 3008,4,E01006390,0,-1
2023430391539,2023,430391539,1,9,0,3,3,6,2,0,0,0,0,0,0,0,2,1,6,6,2,35,6,1560,2,8,PEUGEOT 3008,7,E01017854,0,-1
2023041332807,2023,041332807,2,9,0,18,19,5,1,0,0,0,0,0,1,4,3,1,5,6,1,60,9,1200,1,3,PEUGEOT 3008,10,E01025103,0,-1
2023421317330,2023,421317330,1,9,0,18,19,5,1,0,0,1,0,0,1,0,3,1,5,6,1,60,9,1200,1,4,PEUGEOT 3008,2,E01021327,0,-1
2023991308120,2023,991308120,2,9,0,18,19,1,5,0,0,0,0,0,0,0,1,1,6,6,1,70,10,1560,2,13,PEUGEOT 3008,5,-1,0,-1
2023170S11763,2023,170S11763,3,9,0,18,19,4,8,0,0,0,0,0,1,7,1,1,6,6,1,70,10,1560,2,9,PEUGEOT 3008,1,E01012250,0,-1
2023501310965,2023,501310965,2,9,0,7,7,7,7,0,0,0,0,0,0,0,4,1,5,6,2,31,6,1598,8,1,PEUGEOT 3008,3,E01015085,0,-1
2023131370263,2023,131370263,1,9,0,18,19,8,4,0,0,0,0,10,0,0,1,1,6,6,1,45,7,1560,2,13,PEUGEOT 3008,3,E01033542,0,-1
2023041384335,2023,041384335,1,9,0,17,19,5,1,0,0,8,0,0,0,0,1,1,2,2,2,40,7,1560,2,10,PEUGEOT 3008,1,E01012743,0,-1
2023440520900,2023,440520900,1,9,0,9,9,4,2,0,0,5,0,0,0,0,1,1,6,6,1,68,10,1598,1,12,PEUGEOT 3008,10,E01023278,0,-1
2023411359417,2023,411359417,2,9,0,18,19,-1,-1,0,0,1,0,0,0,0,1,1,2,2,2,31,6,1200,1,4,PEUGEOT 3008,3,E01023348,0,-1
2023471339506,2023,471339506,1,9,0,17,19,5,1,0,0,0,0,0,0,0,3,1,6,6,1,88,11,1560,2,12,PEUGEOT 3008,7,E01016899,0,-1
2023440524473,2023,440524473,1,9,0,5,5,5,1,0,0,4,0,0,0,0,1,1,6,6,1,41,7,1560,2,13,PEUGEOT 3008,7,E01023082,0,-1
2023451355683,2023,451355683,4,9,0,18,19,5,1,0,0,0,0,0,0,0,2,1,6,6,1,51,8,1598,1,4,PEUGEOT 3008,8,E01030648,0,-1
2023411340625,2023,411340625,1,9,0,4,4,3,6,0,0,0,1,0,0,0,1,1,5,6,1,56,9,1560,2,10,PEUGEOT 3008,9,E01023385,0,-1
2023052301987,2023,052301987,2,9,0,18,19,5,1,0,0,1,0,0,0,0,2,1,2,2,1,61,9,1500,2,2,PEUGEOT 3008,9,E01012598,0,-1
2023361342704,2023,361342704,1,9,0,1,1,5,1,0,0,0,0,0,0,0,4,1,1,1,2,53,8,1560,2,8,PEUGEOT 3008,4,E01026522,0,-1
2023461369740,2023,461369740,3,9,0,3,3,1,3,0,0,8,0,0,0,0,2,1,6,6,1,78,11,1560,2,7,PEUGEOT 3008,5,E01024319,0,-1
2023440206833,2023,440206833,2,9,0,17,19,3,7,0,0,0,0,4,0,0,1,1,6,6,2,64,9,1500,2,5,PEUGEOT 3008,2,E01030032,0,-1
2023122300494,2023,122300494,2,9,0,18,19,5,1,0,0,0,0,0,0,0,2,1,6,6,2,35,6,1560,2,11,PEUGEOT 3008,6,E01027881,0,-1
2023340NN4172,2023,340NN4172,2,9,0,18,19,4,8,0,0,1,0,0,4,0,1,1,2,2,2,28,6,1560,2,5,PEUGEOT 3008,8,E01025793,0,-1
2023522300547,2023,522300547,4,9,0,18,19,1,5,0,0,1,0,0,0,0,1,1,6,6,2,35,6,1200,1,5,PEUGEOT 3008,8,E01014890,0,-1
2023421275847,2023,421275847,2,9,0,5,5,1,2,0,0,2,0,0,0,0,1,1,6,6,1,30,6,1200,1,1,PEUGEOT 3008,6,E01021761,0,-1
2023041290606,2023,041290606,1,9,0,18,19,3,7,0,0,1,0,0,0,0,1,1,5,6,1,72,10,1200,1,6,PEUGEOT 3008,4,E01007513,0,-1
2023501276093,2023,501276093,3,9,0,18,19,5,1,0,0,0,0,0,1,0,1,1,5,6,2,69,10,1200,1,3,PEUGEOT 3008,-1,-1,0,-1
2023421329071,2023,421329071,3,9,0,18,19,3,7,0,0,0,0,0,0,0,1,1,5,6,2,57,9,1500,2,4,PEUGEOT 3008,6,E01021678,0,-1
2023131308822,2023,131308822,1,9,0,9,9,7,3,0,0,1,0,0,0,0,4,1,6,6,1,79,11,1200,1,3,PEUGEOT 3008,8,-1,0,-1
2023041307716,2023,041307716,2,9,0,3,3,3,7,0,0,1,0,0,0,0,2,1,1,1,1,49,8,1997,2,8,PEUGEOT 3008,3,E01025076,0,-1
202354C005223,2023,54C005223,1,9,0,12,12,8,4,0,0,7,1,0,0,0,3,1,1,1,1,39,7,1600,8,2,PEUGEOT 3008,1,E01031057,0,-1
2023991279359,2023,991279359,1,9,0,1,1,5,1,9,9,2,0,0,0,0,1,1,5,6,2,57,9,1598,1,6,PEUGEOT 3008,10,-1,0,-1
2023451263757,2023,451263757,1,9,0,18,19,7,3,0,0,0,2,0,1,4,1,1,2,2,1,35,6,1200,1,2,PEUGEOT 3008,10,E01023097,0,-1
2023302300473,2023,302300473,1,9,0,4,4,6,4,0,0,1,0,0,0,0,1,1,6,6,1,88,11,1200,1,4,PEUGEOT 3008,3,E01019404,0,-1
2023221402819,2023,221402819,2,9,0,18,19,4,1,0,0,0,0,0,0,0,1,1,6,6,2,24,5,1560,2,6,PEUGEOT 3008,4,E01014072,0,-1
2023471359110,2023,471359110,1,9,0,18,19,1,5,0,0,0,0,0,0,0,4,1,6,6,1,87,11,1200,1,2,PEUGEOT 3008,6,E01021021,0,-1
2023131324717,2023,131324717,2,9,0,-1,-1,-1,-1,-1,-1,0,-1,-1,-1,0,-1,1,5,6,1,38,7,1560,2,5,PEUGEOT 3008,5,E01011749,0,-1
2023501304598,2023,501304598,3,9,0,2,2,0,0,0,0,1,0,0,0,0,2,1,6,6,1,65,9,1600,8,3,PEUGEOT 3008,10,E01019905,0,-1
2023161292306,2023,161292306,1,9,0,11,11,4,8,0,0,0,0,0,0,0,4,1,5,6,1,46,8,1997,2,12,PEUGEOT 3008,1,E01012864,0,-1
2023991389421,2023,991389421,1,9,0,18,19,1,5,0,0,0,0,0,1,0,1,1,5,6,1,78,11,1500,2,2,PEUGEOT 3008,4,-1,0,-1
2023010477660,2023,010477660,2,9,0,99,99,9,9,99,99,9,9,99,9,99,1,9,6,6,3,-1,-1,1600,8,1,PEUGEOT 3008,4,E01004348,0,-1
2023010427672,2023,010427672,1,9,0,3,3,5,1,0,0,1,0,0,0,0,4,1,6,6,1,42,7,1200,1,1,PEUGEOT 3008,3,E01004571,0,-1
2023320746963,2023,320746963,1,9,0,18,19,8,4,0,0,1,0,0,0,0,1,1,2,2,1,26,6,1560,2,12,PEUGEOT 3008,7,E01026392,0,-1
2023340WN5692,2023,340WN5692,3,9,0,4,4,3,7,0,0,0,0,0,0,0,0,1,6,6,1,51,8,1200,1,7,PEUGEOT 3008,9,E01027250,0,-1
2023302301780,2023,302301780,1,9,0,4,4,8,4,0,0,7,0,0,0,0,2,1,6,6,1,77,11,1200,1,3,PEUGEOT 3008,2,E01013853,0,-1
2023991304914,2023,991304914,3,9,0,17,19,3,7,0,0,0,0,0,0,0,1,1,6,6,1,42,7,1560,2,13,PEUGEOT 3008,8,-1,0,-1
2023351270375,2023,351270375,1,9,0,14,14,5,1,0,0,0,0,0,0,0,3,1,6,6,1,79,11,1560,2,7,PEUGEOT 3008,10,E01018237,0,-1
2023622300251,2023,622300251,1,9,0,18,19,4,8,0,0,0,0,0,0,0,1,1,6,6,1,88,11,1598,1,4,PEUGEOT 3008,3,W01001211,0,-1
2023201377285,2023,201377285,2,9,0,18,19,3,7,0,0,0,0,0,0,0,1,1,1,1,1,78,11,1598,1,6,PEUGEOT 3008,5,E01009719,0,-1
2023471334734,2023,471334734,3,9,0,18,19,1,5,0,0,0,0,0,0,0,3,1,5,6,1,76,11,1560,2,12,PEUGEOT 3008,4,E01016130,0,-1
2023131330354,2023,131330354,2,9,0,2,2,0,0,0,0,0,0,0,0,0,3,1,6,6,1,31,6,-1,-1,-1,-1,3,E01010825,0,-1
2023131379168,2023,131379168,2,4,0,18,19,1,5,0,0,8,5,0,0,0,1,1,5,6,1,61,9,198,1,20,-1,1,E01010845,0,-1
2023161332660,2023,161332660,2,4,0,18,19,1,5,0,0,0,0,0,0,0,2,1,6,6,1,58,9,198,1,20,-1,9,E01013155,0,-1
2023041322207,2023,041322207,2,4,0,18,19,7,3,0,0,0,0,0,0,0,4,1,2,2,1,57,9,198,1,21,-1,3,E01025264,0,-1
2023440089773,2023,440089773,1,3,0,17,19,8,5,0,0,8,1,0,1,9,1,1,6,6,1,56,9,198,1,22,-1,6,E01022816,0,-1
2023010434911,2023,010434911,2,4,0,18,19,1,5,0,0,8,0,0,0,0,1,1,2,2,1,71,10,198,1,28,-1,6,E01004581,0,-1
2023471345998,2023,471345998,2,4,0,16,19,7,3,0,0,0,0,0,0,0,1,1,6,6,1,74,10,198,1,24,-1,3,E01020922,0,-1
2023211443404,2023,211443404,1,4,0,18,19,3,1,0,0,0,0,0,1,11,4,1,2,2,1,57,9,198,1,26,-1,-1,-1,0,-1
2023421389291,2023,421389291,2,3,0,18,19,1,5,0,0,0,0,0,0,0,4,1,6,6,1,58,9,198,1,41,-1,7,E01015979,0,-1
2023440344123,2023,440344123,1,4,0,18,19,1,5,0,0,0,0,0,0,0,3,1,6,6,1,57,9,198,1,23,-1,6,E01013528,0,-1
2023052302321,2023,052302321,2,9,0,9,9,1,3,0,0,8,0,0,0,0,1,1,6,6,2,73,10,1461,2,3,RENAULT KADJAR,1,E01006500,0,-1
2023221368328,2023,221368328,1,9,0,9,9,2,8,0,0,5,0,0,0,0,1,1,1,1,1,27,6,1461,2,7,RENAULT KADJAR,10,-1,0,-1
2023122300242,2023,122300242,1,9,0,18,19,3,7,0,0,0,1,0,0,0,1,1,6,6,1,44,7,1461,2,6,RENAULT KADJAR,1,E01027819,0,-1
2023041392561,2023,041392561,1,9,0,18,19,3,7,0,0,4,0,0,0,0,1,1,5,6,1,54,8,1461,2,7,RENAULT KADJAR,8,E01025547,0,-1
2023522401023,2023,522401023,1,9,0,9,9,5,3,0,0,5,0,0,0,0,2,1,6,6,1,49,8,1332,1,3,RENAULT KADJAR,7,E01029288,0,-1
2023451298094,2023,451298094,3,9,0,18,19,7,3,0,0,1,0,0,0,0,2,1,5,6,1,30,6,1198,1,6,RENAULT KADJAR,5,E01030786,0,-1
2023440500244,2023,440500244,2,9,0,10,10,4,8,0,0,0,0,0,0,0,2,1,6,6,1,61,9,1197,1,7,RENAULT KADJAR,2,E01022965,0,-1
2023552300995,2023,552300995,1,9,0,11,11,7,3,0,0,1,0,0,0,0,2,1,6,6,1,35,6,1461,2,6,RENAULT KADJAR,4,E01015343,0,-1
2023471389076,2023,471389076,1,9,0,18,19,6,2,0,0,0,0,0,0,0,1,1,5,6,2,70,10,1461,2,5,RENAULT KADJAR,4,E01021207,0,-1
2023421281038,2023,421281038,1,9,0,11,11,2,6,0,0,5,0,0,1,4,1,1,5,6,1,74,10,1461,2,7,RENAULT KADJAR,6,E01031464,0,-1
2023010445579,2023,010445579,1,9,0,18,19,7,3,0,0,8,0,0,5,6,1,1,6,6,1,31,6,1461,2,7,RENAULT KADJAR,3,E01002550,0,-1
2023544921823,2023,544921823,2,9,0,18,19,1,5,0,0,0,0,0,0,0,1,1,3,7,2,32,6,1197,1,5,RENAULT KADJAR,7,E01032000,0,-1
2023201381502,2023,201381502,1,9,0,5,5,2,8,0,0,6,0,0,0,0,1,1,6,6,2,64,9,1461,2,7,RENAULT KADJAR,3,E01009768,0,-1
2023201291205,2023,201291205,1,9,0,18,19,8,2,0,0,1,0,0,0,0,1,1,5,6,2,30,6,1461,2,7,RENAULT KADJAR,2,E01009403,0,-1
2023351390501,2023,351390501,3,9,0,2,2,0,0,0,0,1,0,0,0,0,1,1,6,6,3,-1,-1,1461,2,6,RENAULT KADJAR,-1,-1,0,-1
2023010462675,2023,010462675,3,9,0,3,3,1,5,0,0,0,0,0,0,0,1,1,6,6,2,-1,-1,1197,1,6,RENAULT KADJAR,2,E01004223,0,-1
2023010486264,2023,010486264,3,9,0,2,2,0,0,0,0,0,0,0,0,0,4,1,6,6,3,-1,-1,1332,1,4,RENAULT KADJAR,-1,-1,0,-1
2023010419884,2023,010419884,1,9,0,11,11,7,3,0,0,0,0,0,0,0,1,1,6,6,1,44,7,1461,2,6,RENAULT KADJAR,3,E01024309,0,-1
2023451363617,2023,451363617,1,9,0,4,4,6,7,0,0,0,0,0,0,0,0,1,3,7,2,36,7,1332,1,4,RENAULT KADJAR,10,E01030939,0,-1
2023311282260,2023,311282260,1,9,0,3,3,3,7,0,0,1,0,0,0,0,2,1,6,6,2,39,7,1198,1,7,RENAULT KADJAR,1,E01013942,0,-1
2023471378646,2023,471378646,2,9,0,7,7,6,8,0,0,4,0,0,0,0,1,1,2,2,1,31,6,1197,1,7,RENAULT KADJAR,5,E01031585,0,-1
2023010457701,2023,010457701,2,9,0,12,12,1,5,0,0,1,0,0,0,0,1,1,6,6,1,24,5,1330,1,5,RENAULT KADJAR,3,E01001365,0,-1
2023071222178,2023,071222178,2,9,0,9,9,2,8,0,0,8,0,0,0,0,4,1,6,6,2,30,6,1330,1,5,RENAULT KADJAR,7,E01018335,0,-1
2023010484243,2023,010484243,1,9,0,99,99,9,9,99,99,9,9,99,9,99,1,9,2,2,1,52,8,1332,1,4,RENAULT KADJAR,8,E01023938,0,-1
202363A011523,2023,63A011523,2,9,0,2,2,0,0,0,0,0,0,0,0,0,0,1,6,6,3,-1,-1,1330,1,4,RENAULT KADJAR,-1,-1,0,-1
2023010452101,2023,010452101,1,9,0,17,19,3,7,0,0,0,0,0,0,0,0,1,6,6,2,57,9,1461,2,6,RENAULT KADJAR,1,E01033585,0,-1
2023141390089,2023,141390089,3,9,0,4,4,1,5,0,0,0,0,0,0,0,2,1,5,6,1,60,9,1332,1,3,RENAULT KADJAR,10,E01028693,0,-1
2023991266494,2023,991266494,1,9,0,18,19,3,7,0,0,0,0,4,0,0,1,1,5,6,2,41,7,1198,1,5,RENAULT KADJAR,4,-1,0,-1
202360A124579,2023,60A124579,1,9,0,4,4,8,4,0,0,1,0,0,0,0,2,1,6,6,2,34,6,1461,2,5,RENAULT KADJAR,-1,-1,0,-1
2023070446178,2023,070446178,1,9,0,18,19,7,1,0,0,8,0,0,0,0,4,1,6,6,2,34,6,1461,2,7,RENAULT KADJAR,4,E01018744,0,-1
2023991298608,2023,991298608,4,9,0,18,19,5,1,0,0,0,0,0,0,0,2,1,2,2,1,57,9,1461,2,7,RENAULT KADJAR,4,-1,0,-1
2023351281380,2023,351281380,3,9,0,10,10,7,3,0,0,1,0,0,7,0,2,1,6,6,2,29,6,1598,2,7,RENAULT KADJAR,8,E01015626,0,-1
2023061317482,2023,061317482,1,9,0,12,12,8,5,0,0,0,0,0,0,0,2,1,6,6,1,42,7,1461,2,6,RENAULT KADJAR,1,E01005228,0,-1
2023552301430,2023,552301430,2,9,0,4,4,2,6,0,0,1,0,0,0,0,1,1,2,2,2,45,7,1461,2,6,RENAULT KADJAR,8,E01020416,0,-1
2023141319596,2023,141319596,2,9,0,18,19,4,8,0,0,1,0,0,1,0,1,1,2,2,1,28,6,1598,2,7,RENAULT KADJAR,8,E01007986,0,-1
2023211360572,2023,211360572,2,9,0,3,3,3,7,0,0,1,0,0,0,0,1,1,6,6,2,43,7,1198,1,7,RENAULT KADJAR,7,E01029385,0,-1
2023010420480,2023,010420480,1,9,0,18,19,3,7,0,0,1,0,4,0,0,1,1,6,6,1,50,8,1198,1,7,RENAULT KADJAR,4,E01004572,0,-1
2023070886014,2023,070886014,2,9,0,5,5,1,5,0,0,1,2,0,0,0,4,1,2,2,1,61,9,1461,2,8,RENAULT KADJAR,4,E01005293,0,-1
2023461339222,2023,461339222,1,9,0,15,15,1,5,0,0,1,0,0,0,0,1,1,2,2,1,36,7,1461,2,7,RENAULT KADJAR,7,E01024073,0,-1
202354C903023,2023,54C903023,1,9,0,15,15,1,5,0,0,5,0,0,0,0,1,1,6,6,2,39,7,1461,2,7,RENAULT KADJAR,8,E01031939,0,-1
2023302301292,2023,302301292,2,9,0,4,4,8,4,0,0,1,0,0,0,0,1,1,6,6,2,32,6,1461,2,6,RENAULT KADJAR,-1,-1,0,-1
2023991355138,2023,991355138,1,9,0,18,19,1,5,0,0,0,0,0,0,0,1,1,5,6,2,30,6,1461,2,7,RENAULT KADJAR,7,-1,0,-1
2023010441161,2023,010441161,1,9,0,99,99,9,9,0,0,8,0,0,0,0,9,9,6,6,3,50,8,1461,2,5,RENAULT KADJAR,8,E01003009,0,-1
2023501300378,2023,501300378,1,9,0,18,19,1,5,0,0,0,0,7,7,1,3,1,6,6,2,82,11,1332,1,3,RENAULT KADJAR,7,E01019948,0,-1
2023320590900,2023,320590900,1,9,0,18,19,8,4,0,0,2,0,0,1,1,1,1,6,6,1,45,7,1461,2,5,RENAULT KADJAR,1,E01013867,0,-1
2023131304856,2023,131304856,1,9,0,14,14,3,7,0,0,0,0,0,0,0,1,1,5,6,1,60,9,1461,2,4,RENAULT KADJAR,2,E01011740,0,-1
2023052400094,2023,052400094,1,9,0,18,19,5,1,0,0,8,0,0,0,0,4,2,2,2,1,44,7,1461,2,6,RENAULT KADJAR,1,E01006720,0,-1
2023141391953,2023,141391953,2,9,0,5,5,5,7,0,0,2,0,0,0,0,1,1,5,6,1,43,7,1461,2,7,RENAULT KADJAR,7,E01007614,0,-1
2023010466898,2023,010466898,2,9,0,99,99,9,9,99,99,9,9,99,9,99,9,9,6,6,3,-1,-1,1461,2,6,RENAULT KADJAR,-1,-1,0,-1
2023010431084,2023,010431084,1,9,0,99,99,9,9,99,99,9,9,99,9,99,1,9,6,6,1,49,8,1197,1,5,RENAULT KADJAR,3,E01003734,0,-1
2023622300877,2023,622300877,3,9,0,18,19,4,8,0,0,0,0,0,0,0,1,1,6,6,2,19,4,1461,2,5,RENAULT KADJAR,6,W01001726,0,-1
2023141370683,2023,141370683,2,9,0,9,9,4,2,0,0,3,0,0,0,0,1,1,6,6,2,51,8,1461,2,6,RENAULT KADJAR,1,E01007474,0,-1
2023401433323,2023,401433323,1,9,0,9,9,5,3,0,0,0,0,0,0,0,1,1,5,6,1,61,9,1198,1,6,RENAULT KADJAR,7,E01015694,0,-1
2023311353271,2023,311353271,2,9,0,17,19,2,8,0,0,3,0,0,0,0,1,1,6,6,2,28,6,1198,1,8,RENAULT KADJAR,7,E01028202,0,-1
2023421273695,2023,421273695,4,9,0,18,19,2,6,0,0,0,0,0,7,0,2,1,2,2,1,41,7,1461,2,6,RENAULT KADJAR,7,E01021981,0,-1
2023061273745,2023,061273745,2,9,0,18,19,1,5,0,0,0,0,0,1,0,1,1,6,6,2,63,9,1461,2,5,RENAULT KADJAR,3,E01004868,0,-1
2023541265223,2023,541265223,2,9,0,5,5,5,1,0,0,8,0,0,4,0,4,1,6,6,2,24,5,1198,1,5,RENAULT KADJAR,10,E01022203,0,-1
2023111300212,2023,111300212,1,9,0,18,19,8,3,0,0,0,0,0,0,0,1,1,6,6,3,30,6,1461,2,7,RENAULT KADJAR,-1,-1,0,-1
2023471393555,2023,471393555,1,9,0,9,9,7,5,0,0,6,0,0,0,0,1,1,5,6,2,40,7,1197,1,6,RENAULT KADJAR,5,E01021011,0,-1
2023170S11483,2023,170S11483,2,9,0,13,13,6,2,0,0,0,0,0,0,0,1,1,6,6,1,33,6,1332,1,3,RENAULT KADJAR,3,E01012017,0,-1
2023101375055,2023,101375055,2,9,0,18,19,5,1,0,0,0,1,0,0,0,1,1,6,6,1,67,10,1198,1,6,RENAULT KADJAR,9,E01008783,0,-1
2023340NN0372,2023,340NN0372,2,9,0,18,19,3,7,0,0,0,0,10,0,11,1,1,2,2,2,27,6,1198,1,6,RENAULT KADJAR,9,E01027042,0,-1
2023052302234,2023,052302234,4,9,0,4,4,2,1,0,0,1,0,4,0,0,2,1,6,6,2,50,8,1198,1,5,RENAULT KADJAR,7,E01006498,0,-1
2023010443169,2023,010443169,2,9,0,5,5,1,5,0,0,8,0,0,0,0,1,1,6,6,1,52,8,1461,2,7,RENAULT KADJAR,2,E01001783,0,-1
2023010470829,2023,010470829,3,9,0,2,2,0,0,0,0,1,0,0,0,0,4,1,6,6,3,-1,-1,1461,2,7,RENAULT KADJAR,-1,-1,0,-1
2023161264666,2023,161264666,1,9,0,16,19,3,7,0,0,0,0,0,3,10,1,1,6,6,1,45,7,1330,1,4,RENAULT KADJAR,8,E01013269,0,-1
2023031349267,2023,031349267,1,9,0,17,19,2,6,0,0,0,0,0,1,11,1,1,6,6,1,33,6,1198,1,6,RENAULT KADJAR,7,E01019329,0,-1
2023302301119,2023,302301119,4,9,0,18,19,4,8,0,0,0,0,0,0,0,1,1,6,6,2,71,10,1197,1,5,RENAULT KADJAR,4,E01019570,0,-1
2023201283376,2023,201283376,2,9,0,18,19,8,4,0,0,8,0,0,0,0,1,1,1,1,1,34,6,1198,1,7,RENAULT KADJAR,2,E01029859,0,-1
2023501398790,2023,501398790,1,9,0,5,5,5,1,0,0,4,0,0,0,0,3,1,6,6,2,52,8,1461,2,3,RENAULT KADJAR,4,E01018908,0,-1
2023201271014,2023,201271014,1,9,0,7,7,7,1,0,0,6,0,4,0,0,1,1,6,6,1,63,9,1332,1,3,RENAULT KADJAR,1,E01009354,0,-1
2023101299136,2023,101299136,1,9,0,18,19,2,6,0,0,0,0,0,0,0,1,1,2,2,2,45,7,1461,2,4,RENAULT KADJAR,6,E01019213,0,-1
2023122300398,2023,122300398,2,9,0,17,19,3,7,0,0,0,0,0,0,0,1,1,6,6,1,63,9,1461,2,6,RENAULT KADJAR,10,E01027722,0,-1
2023010427676,2023,010427676,3,9,0,18,19,7,3,0,0,2,0,0,0,0,1,1,2,2,1,45,7,1197,1,7,RENAULT KADJAR,5,E01033740,0,-1
2023201409846,2023,201409846,1,9,0,18,19,2,6,0,0,8,0,0,0,0,4,1,6,6,2,42,7,1461,2,8,RENAULT KADJAR,5,E01010256,0,-1
2023201301164,2023,201301164,1,9,0,18,19,6,2,0,0,2,0,0,0,0,4,1,2,2,1,59,9,1333,1,1,RENAULT KADJAR,5,E01009798,0,-1
2023991388831,2023,991388831,1,9,0,18,19,8,5,0,0,1,0,0,0,0,1,1,5,6,2,23,5,1330,1,4,RENAULT KADJAR,3,-1,0,-1
2023052302842,2023,052302842,2,9,0,18,19,6,2,0,0,8,0,0,0,0,4,1,6,6,2,38,7,1461,2,6,RENAULT KADJAR,2,E01006667,0,-1
2023141282629,2023,141282629,3,9,0,18,19,1,5,0,0,0,0,0,0,0,1,1,5,6,2,34,6,1598,2,7,RENAULT KADJAR,1,E01007320,0,-1
2023161311879,2023,161311879,1,9,0,18,19,8,4,0,0,2,0,0,0,0,4,1,6,6,2,50,8,1598,2,7,RENAULT KADJAR,1,E01012878,0,-1
2023461363720,2023,461363720,1,9,0,1,1,3,7,0,0,8,0,0,0,0,2,1,5,6,1,79,11,1461,2,8,RENAULT KADJAR,7,E01024189,0,-1
2023052302755,2023,052302755,2,9,0,9,9,7,1,0,0,8,1,0,0,0,4,1,6,6,1,39,7,1197,1,6,RENAULT KADJAR,2,E01006464,0,-1