collision_index,collision_year,collision_ref_no,vehicle_reference,vehicle_type,towing_and_articulation,vehicle_manoeuvre_historic,vehicle_manoeuvre,vehicle_direction_from,vehicle_direction_to,vehicle_location_restricted_lane_historic,vehicle_location_restricted_lane,junction_location,skidding_and_overturning,hit_object_in_carriageway,vehicle_leaving_carriageway,hit_object_off_carriageway,first_point_of_impact,vehicle_left_hand_drive,journey_purpose_of_driver_historic,journey_purpose_of_driver,sex_of_driver,age_of_driver,age_band_of_driver,engine_capacity_cc,propulsion_code,age_of_vehicle,generic_make_model,driver_imd_decile,lsoa_of_driver,escooter_flag,driver_distance_banding
2023201422197,2023,201422197,2,8,0,7,7,8,2,0,0,5,0,0,0,0,4,1,1,1,1,53,8,1995,2,4,-1,1,E01010366,0,-1
2023991291463,2023,991291463,1,8,0,18,19,1,5,0,0,0,0,0,0,0,1,1,5,6,1,68,10,1995,2,4,-1,1,-1,0,-1
2023622300100,2023,622300100,2,9,0,2,2,0,0,0,0,0,0,0,0,0,1,1,6,6,3,-1,-1,1995,2,6,-1,-1,-1,0,-1
2023361278409,2023,361278409,1,8,0,18,19,6,3,0,0,6,0,0,0,0,1,1,1,1,1,63,9,1995,2,5,-1,1,E01026626,0,-1
2023211380387,2023,211380387,1,8,0,18,19,5,7,0,0,1,0,0,0,0,1,1,1,1,1,44,7,1995,2,6,-1,-1,-1,0,-1
2023991293403,2023,991293403,1,8,0,7,7,2,2,0,0,3,0,0,0,0,0,1,1,1,1,49,8,1995,2,5,-1,3,-1,0,-1
2023440202685,2023,440202685,2,8,0,2,2,0,0,0,0,1,0,0,0,0,2,1,1,1,1,44,7,1995,2,3,-1,9,E01032849,0,-1
2023501342524,2023,501342524,2,19,0,18,19,3,7,0,0,0,0,0,0,0,3,1,1,1,1,46,8,1898,2,0,ISUZU D-MAX,4,E01020321,0,-1
2023531363405,2023,531363405,1,19,0,18,19,7,2,0,0,4,0,0,0,0,1,1,6,6,1,-1,-1,2499,2,6,ISUZU D-MAX,-1,-1,0,-1
2023221319427,2023,221319427,3,9,0,16,19,7,2,0,0,0,0,0,1,10,4,1,5,6,1,49,8,1898,2,6,-1,5,E01014056,0,-1
2023501275415,2023,501275415,1,19,0,1,1,3,8,0,0,1,0,0,0,0,2,1,1,1,1,60,9,1898,2,0,ISUZU D-MAX,6,E01020338,0,-1
2023531328896,2023,531328896,1,19,0,18,19,5,1,0,0,0,0,0,0,0,1,1,1,1,1,68,10,2499,2,8,ISUZU D-MAX,10,E01022317,0,-1
2023122300433,2023,122300433,2,19,0,16,19,2,6,0,0,0,0,0,0,0,3,1,6,6,1,65,9,2499,2,9,ISUZU D-MAX,4,E01027835,0,-1
2023421316987,2023,421316987,2,19,0,18,19,5,1,0,0,0,0,0,0,0,3,1,5,6,1,63,9,1898,2,1,ISUZU D-MAX,7,E01021655,0,-1
2023401315856,2023,401315856,1,19,0,1,1,3,7,0,0,2,0,0,0,0,2,1,6,6,1,-1,-1,2499,2,9,ISUZU D-MAX,-1,-1,0,-1
2023371350299,2023,371350299,8,19,0,4,4,5,1,0,0,0,0,0,0,0,1,1,6,6,1,-1,-1,1898,2,4,ISUZU D-MAX,-1,-1,0,-1
2023351320713,2023,351320713,1,19,0,18,19,-1,-1,0,0,0,0,0,0,0,0,1,6,6,1,55,8,1898,2,4,ISUZU D-MAX,3,E01026719,0,-1
2023320603789,2023,320603789,1,9,0,18,19,8,4,0,0,1,0,0,0,0,1,1,1,1,1,52,8,1898,2,2,-1,7,E01026412,0,-1
2023520301564,2023,520301564,1,19,0,4,4,2,6,0,0,8,0,0,0,0,2,1,6,6,1,25,5,2499,2,10,ISUZU D-MAX,5,E01020046,0,-1
2023520301586,2023,520301586,2,20,4,18,19,3,7,0,0,0,4,0,0,0,2,1,1,1,1,33,6,-1,-1,-1,-1,7,E01029166,0,-1
2023351293677,2023,351293677,1,19,0,7,7,3,7,0,0,1,0,0,0,0,1,1,2,2,1,35,6,2499,2,6,ISUZU D-MAX,5,E01018105,0,-1
2023610036023,2023,610036023,1,19,0,18,19,5,1,0,0,0,0,0,1,4,3,1,6,6,1,26,6,1898,2,3,ISUZU D-MAX,3,W01001760,0,-1
2023471330827,2023,471330827,1,19,0,5,5,5,1,0,0,6,0,0,0,0,1,1,2,2,2,61,9,1898,2,1,ISUZU D-MAX,8,E01021180,0,-1
2023440076302,2023,440076302,2,20,0,10,10,7,3,0,0,5,0,0,0,0,2,1,1,1,1,45,7,-1,-1,-1,-1,5,E01017209,0,-1
2023440251007,2023,440251007,2,19,0,7,7,7,1,0,0,8,0,0,0,0,2,1,6,6,1,25,5,2499,2,11,ISUZU D-MAX,5,E01017369,0,-1
2023540966623,2023,540966623,3,19,0,18,19,2,6,0,0,1,0,0,0,0,1,1,6,6,1,30,6,1898,2,5,ISUZU D-MAX,8,E01031900,0,-1
2023411355149,2023,411355149,1,9,5,4,4,3,6,9,9,4,1,11,0,0,0,1,5,6,1,60,9,2286,1,41,-1,10,E01023610,0,-1
2023061392527,2023,061392527,1,9,0,18,19,6,2,0,0,0,0,4,1,0,1,1,2,2,1,66,10,3528,1,-1,-1,2,E01004795,0,-1
2023010423808,2023,010423808,1,3,0,99,99,9,9,99,99,9,9,99,9,99,9,1,2,2,1,32,6,125,1,1,LEXMOTO DIABLO,8,E01000646,0,-1
2023440190259,2023,440190259,1,3,0,18,19,3,7,0,0,1,0,0,0,0,1,1,2,2,2,28,6,125,1,0,LEXMOTO DIABLO,2,E01017169,0,-1
2023501290427,2023,501290427,1,3,0,17,19,1,5,0,0,4,1,0,0,0,0,1,5,6,1,26,6,125,1,2,LEXMOTO DIABLO,7,E01015065,0,-1
2023440516645,2023,440516645,2,3,0,18,19,4,8,0,0,1,1,0,0,0,1,1,6,6,1,33,6,125,1,0,LEXMOTO DIABLO,10,E01022588,0,-1
2023061295735,2023,061295735,2,3,0,18,19,5,1,0,0,-1,0,0,7,0,-1,1,2,2,1,19,4,125,1,3,LEXMOTO DIABLO,4,E01005630,0,-1
2023501365723,2023,501365723,3,3,0,3,3,5,2,0,0,1,0,0,0,0,2,1,6,6,1,18,4,125,1,0,LEXMOTO DIABLO,3,E01015219,0,-1
2023010422550,2023,010422550,1,2,0,99,99,9,9,99,99,9,9,99,9,99,1,1,2,2,1,16,4,49,1,1,-1,8,E01000680,0,-1
2023531296906,2023,531296906,1,3,0,18,19,3,7,0,0,2,0,0,0,0,1,1,5,6,1,31,6,125,1,2,LEXMOTO DIABLO,5,E01022421,0,-1
2023440414301,2023,440414301,1,3,0,5,5,4,8,0,0,8,0,0,0,0,4,1,6,6,2,29,6,125,1,0,LEXMOTO DIABLO,2,E01017169,0,-1
2023161291464,2023,161291464,2,3,0,18,19,5,1,0,0,2,0,0,0,0,1,1,1,1,2,39,7,125,1,1,LEXMOTO DIABLO,1,E01033110,0,-1
2023332300344,2023,332300344,1,3,0,16,19,1,5,0,0,1,0,0,0,0,1,1,6,6,1,19,4,125,1,2,LEXMOTO DIABLO,2,E01025701,0,-1
2023542876223,2023,542876223,1,2,0,18,19,3,7,0,0,0,0,0,0,0,0,1,6,6,2,16,4,49,1,3,-1,10,E01031966,0,-1
2023320102124,2023,320102124,1,3,0,18,19,8,4,0,0,0,2,0,1,9,1,1,6,6,1,50,8,125,1,1,LEXMOTO DIABLO,4,E01026057,0,-1
2023522300516,2023,522300516,2,3,0,18,19,4,8,0,0,8,0,0,0,0,1,1,6,6,1,14,3,125,1,1,LEXMOTO DIABLO,7,E01014922,0,-1
2023610023923,2023,610023923,1,3,0,17,19,2,8,0,0,0,0,0,1,11,1,1,2,2,1,27,6,125,1,1,LEXMOTO DIABLO,7,E01022248,0,-1
2023421354223,2023,421354223,1,3,0,18,19,5,1,0,0,8,2,0,0,0,1,1,6,6,1,18,4,125,1,2,LEXMOTO DIABLO,1,E01021302,0,-1
2023440494769,2023,440494769,2,3,0,18,19,3,7,0,0,0,1,0,0,0,1,1,6,6,1,17,4,125,1,2,LEXMOTO DIABLO,8,E01022828,0,-1
2023231326974,2023,231326974,2,3,0,18,19,6,2,0,0,0,0,0,0,0,3,1,5,6,1,19,4,125,1,1,LEXMOTO DIABLO,4,E01031086,0,-1
2023221368128,2023,221368128,1,4,0,18,19,4,8,0,0,4,0,0,0,0,1,1,5,6,1,20,4,125,1,2,-1,8,E01028875,0,-1
2023010486369,2023,010486369,1,2,0,99,99,9,9,99,99,9,9,99,9,99,2,1,6,6,1,17,4,49,1,3,-1,3,E01003430,0,-1
2023041364022,2023,041364022,2,3,0,18,19,5,1,0,0,1,5,11,0,0,3,1,2,2,1,44,7,125,1,5,LEXMOTO DIABLO,9,E01025281,0,-1
2023340WN0362,2023,340WN0362,1,3,0,18,19,7,3,0,0,0,1,0,0,7,4,1,6,6,1,30,6,125,1,1,LEXMOTO DIABLO,2,E01010045,0,-1
2023610054123,2023,610054123,1,2,0,4,4,8,5,7,6,0,0,0,0,0,0,1,6,6,2,-1,-1,49,1,1,-1,2,W01001532,0,-1
202363A006023,2023,63A006023,1,4,0,18,19,4,8,0,0,1,0,0,0,0,1,1,6,6,1,26,6,125,1,7,-1,2,W01000729,0,-1
2023421362953,2023,421362953,2,3,0,18,19,7,3,0,0,8,0,0,0,0,1,1,5,6,1,22,5,125,1,5,LEXMOTO DIABLO,5,E01021921,0,-1
2023201412372,2023,201412372,2,3,0,18,19,1,5,9,9,8,0,0,0,0,1,1,5,6,1,35,6,125,1,0,LEXMOTO DIABLO,2,E01009028,0,-1
2023122300704,2023,122300704,1,2,0,18,19,3,7,0,0,0,1,0,0,0,0,1,1,1,1,19,4,125,1,0,-1,9,E01013365,0,-1
2023061324091,2023,061324091,2,3,0,-1,-1,-1,-1,-1,-1,-1,-1,-1,-1,0,-1,1,6,6,1,48,8,125,1,1,LEXMOTO DIABLO,5,E01006021,0,-1
2023522401419,2023,522401419,1,3,0,14,14,4,8,0,0,1,0,0,0,0,1,1,6,6,2,19,4,125,1,1,LEXMOTO DIABLO,7,E01014916,0,-1
2023451356196,2023,451356196,1,3,0,18,19,5,1,0,0,0,0,0,0,0,1,1,5,6,1,24,5,125,1,8,LEXMOTO DIABLO,8,E01030730,0,-1
2023231270175,2023,231270175,2,3,0,18,19,6,2,0,0,8,0,0,0,0,1,1,6,6,1,36,7,125,1,8,LEXMOTO DIABLO,5,E01009582,0,-1
2023520301360,2023,520301360,2,2,0,18,19,3,7,0,0,0,0,0,0,0,1,1,6,6,1,16,4,49,1,2,-1,4,E01029050,0,-1
2023440272834,2023,440272834,2,2,0,14,14,1,5,0,0,1,0,0,0,0,1,1,6,6,1,17,4,49,1,1,-1,9,E01022610,0,-1
2023071271223,2023,071271223,2,3,0,18,19,7,6,0,0,0,5,0,0,0,1,1,6,6,1,36,7,125,1,9,-1,8,E01018395,0,-1
2023501354862,2023,501354862,1,3,0,18,19,1,5,0,0,1,2,0,0,0,0,1,6,6,1,18,4,125,1,11,-1,6,E01020142,0,-1
2023501374064,2023,501374064,2,2,0,18,19,5,2,0,0,1,0,0,0,0,4,1,5,6,2,17,4,125,1,9,-1,1,E01015266,0,-1
2023010468742,2023,010468742,2,9,9,99,99,9,9,99,99,9,9,99,9,99,9,9,6,6,3,-1,-1,2493,8,10,LEXUS IS 300,-1,-1,0,-1
2023501322978,2023,501322978,1,9,0,3,3,7,4,0,0,1,0,0,0,0,3,1,6,6,1,28,6,2997,1,19,LEXUS IS 300,4,E01018919,0,-1
2023471343518,2023,471343518,1,9,0,18,19,6,3,0,0,8,0,10,1,2,1,1,1,1,1,41,7,2494,8,6,LEXUS IS 300,2,E01016914,0,-1
2023010438994,2023,010438994,1,9,0,18,19,8,4,0,0,0,0,0,0,0,4,1,6,6,1,59,9,2494,8,6,LEXUS IS 300,6,E01003657,0,-1
2023131268989,2023,131268989,1,9,0,18,19,1,5,0,0,2,0,0,0,0,1,1,2,2,1,30,6,2494,8,9,LEXUS IS 300,1,E01011133,0,-1
2023131392314,2023,131392314,1,9,0,18,19,7,3,0,0,0,0,0,1,0,1,1,1,1,1,27,6,2494,8,8,LEXUS IS 300,2,E01011421,0,-1
2023010433189,2023,010433189,1,9,0,99,99,9,9,99,99,9,9,99,9,99,9,9,6,6,3,44,7,2494,8,8,LEXUS IS 300,5,E01004057,0,-1
2023010424678,2023,010424678,2,9,0,99,99,9,9,99,99,9,9,99,9,99,2,9,6,6,3,33,6,2494,8,7,LEXUS IS 300,4,E01003721,0,-1
2023320328045,2023,320328045,1,9,0,18,19,8,4,0,0,6,1,0,0,0,4,1,6,6,1,57,9,2494,8,8,LEXUS IS 300,6,E01026040,0,-1
2023131367530,2023,131367530,1,9,0,9,9,1,5,0,0,8,0,0,1,0,4,1,5,6,2,72,10,2494,8,7,LEXUS IS 300,10,E01011593,0,-1
2023440117526,2023,440117526,2,9,0,9,9,5,3,0,0,2,0,0,0,0,4,1,6,6,1,34,6,2493,8,9,LEXUS IS 300,10,E01023073,0,-1
2023141276768,2023,141276768,1,9,0,4,4,2,5,0,0,0,0,0,0,0,2,1,6,6,1,33,6,2494,8,4,LEXUS IS 300,3,E01007449,0,-1
2023010459426,2023,010459426,7,9,0,2,2,0,0,0,0,0,0,0,0,0,3,1,6,6,3,-1,-1,2494,8,8,LEXUS IS 300,-1,-1,0,-1
2023622300029,2023,622300029,1,9,0,18,19,6,2,0,0,1,0,0,0,0,1,1,6,6,2,45,7,2494,8,4,LEXUS IS 300,-1,-1,0,-1
2023010434370,2023,010434370,1,8,0,5,5,7,3,0,0,1,0,0,0,0,1,1,6,6,1,37,7,2494,8,9,-1,2,E01033702,0,-1
2023010423698,2023,010423698,2,9,0,9,9,1,6,0,0,6,0,0,0,0,1,1,2,2,1,36,7,2494,8,8,LEXUS IS 300,4,E01001092,0,-1
2023461287302,2023,461287302,1,9,0,18,19,8,3,9,9,0,0,0,1,4,1,1,1,1,1,45,7,2494,8,5,LEXUS IS 300,5,E01016174,0,-1
2023141276694,2023,141276694,1,9,0,18,19,2,6,0,0,0,0,0,0,0,2,1,5,6,2,47,8,2493,8,9,LEXUS IS 300,10,E01007936,0,-1
2023471320508,2023,471320508,1,9,0,18,19,3,7,0,0,1,0,0,0,0,1,1,2,2,1,44,7,2997,1,22,LEXUS IS 300,4,E01031809,0,-1
2023010474984,2023,010474984,1,9,0,5,5,7,3,0,0,8,0,0,0,0,3,1,6,6,1,47,8,2997,1,20,LEXUS IS 300,2,E01003189,0,-1
2023010435524,2023,010435524,1,9,0,18,19,4,8,0,0,1,0,0,0,0,1,1,6,6,1,79,11,2493,8,9,LEXUS IS 300,3,E01001501,0,-1
2023010459621,2023,010459621,1,9,0,99,99,9,9,99,99,9,9,99,9,99,1,9,6,6,1,34,6,2494,8,6,LEXUS IS 300,9,E01002539,0,-1
2023131380995,2023,131380995,2,9,0,18,19,5,1,0,0,0,0,0,0,0,1,1,6,6,1,49,8,2494,8,7,LEXUS IS 300,1,E01010625,0,-1
2023010484294,2023,010484294,1,8,0,99,99,9,9,99,99,9,9,99,9,99,9,9,1,1,1,41,7,2494,8,9,-1,3,E01003569,0,-1
2023131269010,2023,131269010,3,9,0,18,19,7,3,0,0,0,0,0,0,0,2,1,1,1,1,53,8,2494,8,8,LEXUS IS 300,7,E01010775,0,-1
2023311359729,2023,311359729,1,9,0,4,4,7,3,0,0,0,0,0,0,0,1,1,6,6,3,35,6,2493,8,10,LEXUS IS 300,2,E01013870,0,-1
2023010486436,2023,010486436,2,9,0,99,99,9,9,99,99,9,9,99,9,99,9,9,6,6,3,-1,-1,2494,8,8,LEXUS IS 300,-1,-1,0,-1
2023430540632,2023,430540632,1,9,0,9,9,4,2,0,0,5,0,0,0,0,1,1,6,6,1,50,8,2493,8,10,LEXUS IS 300,4,E01017905,0,-1
2023052301784,2023,052301784,1,9,0,9,9,5,3,0,0,8,0,0,0,0,1,1,6,6,1,36,7,2494,8,8,LEXUS IS 300,4,E01025276,0,-1
2023010462034,2023,010462034,1,9,0,3,3,5,1,0,0,2,0,0,0,0,2,1,6,6,1,82,11,2494,8,4,LEXUS IS 300,8,E01030686,0,-1
2023010442748,2023,010442748,2,9,0,3,3,1,5,0,0,5,0,0,0,0,3,1,6,6,2,65,9,2494,8,8,LEXUS IS 300,7,E01000298,0,-1
2023010464547,2023,010464547,2,9,0,99,99,9,9,99,99,9,9,99,9,99,1,9,6,6,3,-1,-1,2493,8,9,LEXUS IS 300,-1,-1,0,-1
2023010466269,2023,010466269,1,9,0,1,1,3,7,0,0,1,0,0,0,0,2,1,6,6,1,29,6,2494,8,8,LEXUS IS 300,2,E01003582,0,-1
2023131322511,2023,131322511,1,9,0,5,5,5,1,0,0,1,0,0,0,0,0,1,6,6,3,-1,-1,2494,8,8,LEXUS IS 300,-1,-1,0,-1
2023131269319,2023,131269319,2,9,0,18,19,1,5,0,0,8,0,0,0,0,3,1,1,1,1,42,7,2494,8,4,LEXUS IS 300,3,E01010810,0,-1
2023010425555,2023,010425555,1,9,0,5,5,3,7,0,0,8,0,0,0,0,4,1,6,6,1,46,8,2493,8,9,LEXUS IS 300,3,E01003606,0,-1
2023622300608,2023,622300608,1,9,0,18,19,6,2,0,0,1,0,0,0,0,3,1,2,2,1,26,6,2494,8,7,LEXUS IS 300,10,W01001734,0,-1
2023010478067,2023,010478067,2,9,0,99,99,9,9,99,99,9,9,99,9,99,1,9,6,6,3,-1,-1,2494,8,8,LEXUS IS 300,-1,-1,0,-1
2023010431330,2023,010431330,1,9,0,18,19,7,3,0,0,8,0,0,0,0,1,1,6,6,1,69,10,2494,8,7,LEXUS IS 300,8,E01002174,0,-1
2023010465224,2023,010465224,1,9,0,5,5,0,7,0,0,0,0,0,0,0,1,1,6,6,1,31,6,2493,8,9,LEXUS IS 300,2,E01002080,0,-1
2023010463710,2023,010463710,2,9,0,99,99,9,9,99,99,9,9,99,9,99,9,9,6,6,3,-1,-1,2494,8,9,LEXUS IS 300,-1,-1,0,-1
2023430434186,2023,430434186,1,9,0,6,6,8,8,0,0,0,0,0,0,0,3,1,6,6,1,33,6,2493,8,9,LEXUS IS 300,-1,-1,0,-1
2023440297130,2023,440297130,1,9,0,9,9,5,7,0,0,6,0,0,0,0,1,1,6,6,3,-1,-1,2494,8,4,LEXUS IS 300,-1,-1,0,-1
2023010462590,2023,010462590,1,9,0,99,99,9,9,99,99,9,9,99,9,99,2,9,6,6,1,57,9,2494,8,9,LEXUS IS 300,6,E01003843,0,-1
2023010468355,2023,010468355,2,9,0,99,99,9,9,99,99,2,9,99,9,99,2,9,6,6,3,40,7,2494,8,7,LEXUS IS 300,3,E01003940,0,-1
2023131339531,2023,131339531,1,9,0,9,9,1,5,0,0,8,0,0,0,0,3,1,1,1,1,45,7,2494,8,5,LEXUS IS 300,4,E01011208,0,-1
2023471274969,2023,471274969,2,9,0,18,19,4,8,0,0,2,0,0,0,0,3,1,5,6,1,38,7,2493,8,9,LEXUS IS 300,10,E01016998,0,-1
2023010434637,2023,010434637,1,9,0,99,99,9,9,99,99,9,9,99,9,99,1,9,1,1,1,35,6,2494,8,7,LEXUS IS 300,2,E01032580,0,-1
2023061398540,2023,061398540,1,9,0,18,19,5,1,0,0,1,0,0,0,0,1,1,6,6,3,-1,-1,2494,8,8,LEXUS IS 300,-1,-1,0,-1
2023122300624,2023,122300624,1,8,0,18,19,4,8,0,0,8,0,0,0,0,1,1,1,1,1,40,7,2494,8,6,-1,2,E01007517,0,-1
2023010484246,2023,010484246,1,9,0,99,99,9,9,99,99,9,9,99,9,99,9,9,6,6,1,30,6,2493,8,10,LEXUS IS 300,2,E01000021,0,-1
2023131353188,2023,131353188,1,9,0,3,3,3,7,0,0,1,0,0,0,0,2,1,1,1,1,32,6,2494,8,4,LEXUS IS 300,3,E01010810,0,-1
2023010464238,2023,010464238,1,9,0,18,19,3,7,0,0,1,0,0,0,0,4,1,6,6,1,47,8,2493,8,10,LEXUS IS 300,3,E01004453,0,-1
2023552300366,2023,552300366,1,9,0,5,5,7,3,0,0,6,0,0,0,0,4,1,1,1,1,43,7,2494,8,8,LEXUS IS 300,8,E01020376,0,-1
2023010438842,2023,010438842,1,9,0,99,99,9,9,99,99,9,9,99,9,99,2,9,2,2,1,52,8,2494,8,7,LEXUS IS 300,10,E01003745,0,-1
2023991371830,2023,991371830,1,9,0,9,9,4,2,0,0,2,0,0,0,0,3,1,2,2,1,37,7,2494,8,8,LEXUS IS 300,3,-1,0,-1
2023631312189,2023,631312189,2,9,0,18,19,3,7,0,0,8,0,0,1,10,1,1,5,6,1,58,9,2494,8,4,LEXUS IS 300,8,W01000547,0,-1
2023010423737,2023,010423737,1,8,0,99,99,9,9,99,99,9,9,99,9,99,2,9,1,1,1,32,6,2494,8,7,-1,1,E01004272,0,-1
2023421367008,2023,421367008,2,9,0,4,4,7,3,0,0,1,0,0,0,0,2,1,5,6,1,30,6,2494,8,5,LEXUS IS 300,2,E01001432,0,-1
2023010462716,2023,010462716,1,9,0,4,4,5,1,0,0,1,0,0,0,0,1,1,6,6,1,39,7,2494,8,9,LEXUS IS 300,2,E01003591,0,-1
2023131358170,2023,131358170,2,8,0,2,2,0,0,0,0,6,0,0,0,0,3,1,1,1,1,45,7,2494,8,9,-1,5,E01011263,0,-1
2023010438180,2023,010438180,1,9,0,99,99,9,9,99,99,9,9,99,9,99,9,9,6,6,1,38,7,2493,8,10,LEXUS IS 300,1,E01004670,0,-1
2023421328753,2023,421328753,1,9,0,16,19,6,1,0,0,0,0,0,0,0,3,1,5,6,1,78,11,2494,8,3,LEXUS IS 300,3,E01021860,0,-1
2023131369421,2023,131369421,2,9,0,18,19,6,2,0,0,1,0,0,0,0,2,1,6,6,3,-1,-1,2494,8,9,LEXUS IS 300,-1,-1,0,-1
2023131318004,2023,131318004,1,9,0,18,19,3,7,0,0,1,0,0,0,0,3,1,1,1,1,50,8,2494,8,8,LEXUS IS 300,5,E01011356,0,-1
2023131320496,2023,131320496,2,9,0,9,9,1,7,0,0,8,0,0,0,0,4,1,1,1,1,64,9,2493,8,10,LEXUS IS 300,3,E01010761,0,-1
2023010426733,2023,010426733,1,9,0,18,19,5,1,0,0,6,0,0,0,0,3,1,6,6,1,42,7,2493,8,10,LEXUS IS 300,3,E01000081,0,-1
2023010440746,2023,010440746,3,9,0,3,3,1,5,0,0,2,0,0,0,0,0,1,2,2,1,27,6,1950,2,5,MERCEDES E CLASS,3,E01001856,0,-1
2023010423515,2023,010423515,1,9,0,5,5,5,1,0,0,1,0,0,0,0,1,1,6,6,1,50,8,1950,2,7,MERCEDES E CLASS,4,E01000846,0,-1
2023010477369,2023,010477369,3,9,0,10,10,5,2,0,0,1,0,0,0,0,0,1,6,6,1,67,10,2996,1,5,MERCEDES E CLASS,10,E01002480,0,-1
2023131356241,2023,131356241,2,9,0,18,19,1,5,0,0,8,0,0,0,0,1,1,5,6,1,24,5,2925,2,4,MERCEDES E CLASS,1,E01011430,0,-1
2023010473145,2023,010473145,1,9,0,99,99,9,9,99,99,9,9,99,9,99,9,9,6,6,2,37,7,2143,2,9,MERCEDES E CLASS,8,E01016674,0,-1
2023411352875,2023,411352875,1,9,0,18,19,3,7,0,0,1,2,4,0,0,1,1,6,6,1,31,6,1991,8,6,MERCEDES E CLASS,4,E01023530,0,-1
2023430495218,2023,430495218,1,9,0,13,13,7,3,0,0,0,2,0,0,0,1,1,2,2,1,38,7,2143,2,8,MERCEDES E CLASS,3,E01002130,0,-1
2023371363206,2023,371363206,1,9,0,18,19,7,5,0,0,0,0,0,0,0,1,1,6,6,1,25,5,1950,2,7,MERCEDES E CLASS,3,E01030025,0,-1
2023421365830,2023,421365830,1,9,0,-1,-1,-1,-1,-1,-1,0,-1,-1,-1,0,-1,1,6,6,2,24,5,1950,2,4,MERCEDES E CLASS,10,E01021466,0,-1
2023010458589,2023,010458589,2,9,0,99,99,9,9,99,99,9,9,99,9,99,9,9,6,6,3,-1,-1,1950,2,7,MERCEDES E CLASS,3,E01004034,0,-1
2023010463939,2023,010463939,1,9,0,18,19,7,3,9,9,0,0,0,7,11,1,1,6,6,2,41,7,1950,2,4,MERCEDES E CLASS,-1,-1,0,-1
2023010448264,2023,010448264,1,9,0,18,19,5,1,0,0,1,0,0,0,0,1,1,6,6,1,78,11,2143,2,13,MERCEDES E CLASS,3,E01000185,0,-1
2023201302034,2023,201302034,5,9,0,18,19,5,1,0,0,0,0,0,0,0,2,1,1,1,1,56,9,1950,2,4,MERCEDES E CLASS,4,E01028819,0,-1
2023411324391,2023,411324391,3,9,0,2,2,0,0,6,6,0,0,0,0,0,4,1,5,6,1,-1,-1,1950,2,3,MERCEDES E CLASS,-1,-1,0,-1
2023010458413,2023,010458413,2,9,9,99,99,9,9,99,99,9,9,99,9,99,9,9,6,6,1,61,9,3199,1,27,MERCEDES E CLASS,6,E01003657,0,-1
2023010465364,2023,010465364,1,9,0,99,99,9,9,99,99,0,9,99,9,99,1,9,6,6,1,25,5,1991,1,5,MERCEDES E CLASS,9,E01001039,0,-1
2023622300647,2023,622300647,2,9,0,7,7,2,4,0,0,6,0,0,0,0,1,1,2,2,1,35,6,1950,2,4,MERCEDES E CLASS,10,W01001827,0,-1
2023010470743,2023,010470743,1,9,0,3,3,1,5,0,0,0,0,0,0,0,2,1,1,1,1,66,10,1950,2,5,MERCEDES E CLASS,-1,-1,0,-1
2023010476712,2023,010476712,2,8,0,18,19,3,7,0,0,0,0,0,0,0,2,1,3,7,1,57,9,1950,2,6,MERCEDES E CLASS,7,E01004516,0,-1
2023991352205,2023,991352205,2,9,3,18,19,2,5,0,0,1,4,0,1,0,3,1,5,6,1,69,10,2925,2,3,MERCEDES E CLASS,10,E01028782,0,-1
2023010430599,2023,010430599,1,9,0,18,19,5,1,0,0,8,2,10,0,0,1,1,6,6,1,51,8,2925,2,4,MERCEDES E CLASS,1,E01001729,0,-1
2023010463723,2023,010463723,1,9,0,9,9,3,8,0,0,5,0,0,0,0,3,1,6,6,1,38,7,1950,2,6,MERCEDES E CLASS,7,E01017705,0,-1
2023010422385,2023,010422385,2,9,0,99,99,9,9,99,99,9,9,99,9,99,9,9,6,6,3,-1,-1,1950,2,3,MERCEDES E CLASS,-1,-1,0,-1
2023010469679,2023,010469679,1,9,9,99,99,9,9,99,99,9,9,99,9,99,9,9,6,6,2,41,7,1991,1,4,MERCEDES E CLASS,6,E01002955,0,-1
2023041324615,2023,041324615,1,9,0,18,19,8,4,0,0,0,0,0,0,0,1,1,1,1,1,48,8,1950,2,5,MERCEDES E CLASS,5,E01012723,0,-1
2023010427131,2023,010427131,2,9,0,99,99,9,9,99,99,9,9,99,9,99,1,9,6,6,2,29,6,1991,1,5,MERCEDES E CLASS,8,E01002210,0,-1
2023010439166,2023,010439166,2,9,0,99,99,9,9,99,99,9,9,99,9,99,9,9,6,6,1,-1,-1,1950,2,7,MERCEDES E CLASS,-1,-1,0,-1
2023010457329,2023,010457329,1,9,0,9,9,5,3,0,0,1,0,0,0,0,4,1,1,1,1,37,7,2143,12,10,MERCEDES E CLASS,2,E01000102,0,-1
2023631333347,2023,631333347,2,9,0,9,9,3,1,0,0,5,0,0,0,0,3,1,5,6,2,52,8,2987,2,13,MERCEDES E CLASS,8,W01000503,0,-1
2023332300472,2023,332300472,1,9,0,18,19,1,5,0,0,0,0,0,1,9,1,1,6,6,1,52,8,1950,2,4,MERCEDES E CLASS,9,E01025728,0,-1