collision_index,collision_year,collision_ref_no,vehicle_reference,vehicle_type,towing_and_articulation,vehicle_manoeuvre_historic,vehicle_manoeuvre,vehicle_direction_from,vehicle_direction_to,vehicle_location_restricted_lane_historic,vehicle_location_restricted_lane,junction_location,skidding_and_overturning,hit_object_in_carriageway,vehicle_leaving_carriageway,hit_object_off_carriageway,first_point_of_impact,vehicle_left_hand_drive,journey_purpose_of_driver_historic,journey_purpose_of_driver,sex_of_driver,age_of_driver,age_band_of_driver,engine_capacity_cc,propulsion_code,age_of_vehicle,generic_make_model,driver_imd_decile,lsoa_of_driver,escooter_flag,driver_distance_banding
2023010479616,2023,010479616,1,9,0,16,19,5,1,0,0,1,0,0,0,0,1,1,6,6,1,33,6,1950,2,7,MERCEDES E CLASS,8,E01000969,0,-1
2023101297898,2023,101297898,2,9,0,3,3,3,7,0,0,4,0,0,0,0,2,1,1,1,1,37,7,1950,2,7,MERCEDES E CLASS,1,E01008325,0,-1
2023461318061,2023,461318061,2,9,0,18,19,5,1,0,0,0,0,0,0,0,1,1,5,6,1,50,8,1950,2,4,MERCEDES E CLASS,6,E01024491,0,-1
2023010423890,2023,010423890,2,9,0,99,99,9,9,99,99,9,9,99,9,99,9,9,6,6,1,37,7,1950,2,6,MERCEDES E CLASS,6,E01001275,0,-1
2023351266806,2023,351266806,1,9,0,18,19,3,7,0,0,0,0,0,0,0,2,1,6,6,3,-1,-1,2987,2,7,MERCEDES E CLASS,-1,-1,0,-1
2023461384174,2023,461384174,2,9,0,18,19,3,7,0,0,0,0,0,0,0,2,1,6,6,1,75,10,2143,2,9,MERCEDES E CLASS,10,E01024320,0,-1
2023332300140,2023,332300140,1,9,0,16,19,3,6,0,0,0,0,0,0,0,1,1,6,6,1,43,7,2685,2,19,MERCEDES E CLASS,8,E01025739,0,-1
2023101314149,2023,101314149,1,9,-1,9,9,2,8,0,0,8,0,0,0,0,1,1,6,6,1,-1,-1,2143,2,7,MERCEDES E CLASS,4,E01027381,0,-1
2023231317500,2023,231317500,1,9,0,7,7,5,7,0,0,1,0,0,0,0,1,1,5,6,2,51,8,2143,2,10,MERCEDES E CLASS,10,E01031314,0,-1
2023461393423,2023,461393423,2,9,0,18,19,2,6,0,0,1,0,0,0,0,1,1,5,6,1,49,8,2143,2,10,MERCEDES E CLASS,3,E01020941,0,-1
2023302300275,2023,302300275,1,9,0,9,9,6,4,0,0,6,0,0,0,0,1,1,3,7,2,40,7,2143,2,11,MERCEDES E CLASS,9,E01019879,0,-1
2023010470178,2023,010470178,2,9,0,99,99,9,9,99,99,9,9,99,9,99,4,9,6,6,3,-1,-1,1950,2,4,MERCEDES E CLASS,-1,-1,0,-1
2023221330491,2023,221330491,1,9,0,13,13,3,5,0,0,2,0,0,0,0,1,1,5,6,1,42,7,1950,12,3,MERCEDES E CLASS,7,E01014204,0,-1
2023131361236,2023,131361236,1,9,0,5,5,0,0,9,9,0,0,0,0,0,4,1,6,6,3,99,11,2987,2,12,MERCEDES E CLASS,10,E01011797,0,-1
2023311269887,2023,311269887,1,9,0,3,3,5,1,0,0,1,0,0,0,0,4,1,3,7,1,48,8,1950,2,7,MERCEDES E CLASS,-1,-1,0,-1
2023010444281,2023,010444281,2,9,0,99,99,9,9,99,99,9,9,99,9,99,9,9,6,6,3,-1,-1,2143,2,8,MERCEDES E CLASS,-1,-1,0,-1
2023010419994,2023,010419994,2,9,0,99,99,9,9,99,99,9,9,99,9,99,9,9,6,6,3,-1,-1,1950,2,5,MERCEDES E CLASS,-1,-1,0,-1
2023041328428,2023,041328428,1,9,0,5,5,4,8,0,0,0,0,0,0,0,0,1,5,6,2,49,8,1950,2,4,MERCEDES E CLASS,10,E01025016,0,-1
2023061344911,2023,061344911,1,9,0,18,19,7,3,9,9,5,0,0,3,4,1,1,5,6,1,26,6,1950,12,1,MERCEDES E CLASS,-1,-1,0,-1
2023411355230,2023,411355230,1,9,0,18,19,8,3,0,0,0,0,7,3,0,1,1,6,6,3,-1,-1,1991,1,6,MERCEDES E CLASS,-1,-1,0,-1
2023131388366,2023,131388366,2,9,0,18,19,3,7,0,0,0,0,0,0,0,2,1,1,1,1,59,9,1950,2,5,MERCEDES E CLASS,7,E01005627,0,-1
2023061291481,2023,061291481,3,9,0,2,2,0,0,0,0,2,0,0,0,0,2,1,6,6,1,42,7,1950,2,7,MERCEDES E CLASS,4,E01005217,0,-1
2023010485339,2023,010485339,1,9,0,18,19,5,1,0,0,8,0,0,0,0,1,1,6,6,1,24,5,1991,8,6,MERCEDES E CLASS,7,E01000135,0,-1
2023430480297,2023,430480297,2,9,0,18,19,1,5,0,0,8,0,0,0,0,1,1,6,6,1,-1,-1,2987,2,15,MERCEDES E CLASS,-1,-1,0,-1
2023061371980,2023,061371980,2,9,0,18,19,7,3,0,0,0,0,0,0,0,4,1,6,6,1,29,6,2987,2,6,MERCEDES E CLASS,2,E01005337,0,-1
2023061375676,2023,061375676,1,9,0,4,4,8,4,0,0,0,0,0,0,0,1,1,5,6,1,21,5,2143,2,8,MERCEDES E CLASS,2,E01005323,0,-1
2023430140317,2023,430140317,2,9,0,16,19,6,1,0,0,0,0,0,0,0,1,1,1,1,1,19,4,2700,2,18,MERCEDES E CLASS,8,E01025881,0,-1
2023411286171,2023,411286171,2,9,0,4,4,8,8,0,0,0,0,0,0,0,2,1,5,6,1,56,9,3199,1,20,MERCEDES E CLASS,5,E01023533,0,-1
2023010484482,2023,010484482,1,9,0,3,3,5,1,9,9,8,0,0,0,0,2,1,6,6,1,35,6,1991,8,0,MERCEDES E CLASS,3,E01000499,0,-1
2023311364479,2023,311364479,1,9,0,18,19,8,4,0,0,0,0,0,0,0,1,1,6,6,1,75,10,2143,2,12,MERCEDES E CLASS,10,E01028328,0,-1
2023010454685,2023,010454685,2,9,9,18,19,1,5,99,99,9,9,99,9,99,9,9,4,7,1,52,8,2143,2,8,MERCEDES E CLASS,7,E01000786,0,-1
2023430332636,2023,430332636,1,9,0,18,19,4,8,0,0,0,0,0,0,0,4,1,6,6,2,33,6,2987,2,14,MERCEDES E CLASS,10,E01016649,0,-1
2023010460871,2023,010460871,2,9,0,99,99,9,9,0,0,0,9,99,9,99,2,9,6,6,3,-1,-1,1950,2,6,MERCEDES E CLASS,-1,-1,0,-1
2023461372433,2023,461372433,2,9,0,18,19,2,6,0,0,0,0,0,0,0,1,1,1,1,1,26,6,1991,1,3,MERCEDES E CLASS,7,E01024375,0,-1
2023371349674,2023,371349674,1,9,0,18,19,-1,-1,0,0,0,0,0,0,0,4,1,5,6,1,27,6,2143,2,8,MERCEDES E CLASS,7,E01029995,0,-1
2023201395487,2023,201395487,2,9,0,16,19,2,5,0,0,1,0,0,0,0,1,1,6,6,1,50,8,2143,2,7,MERCEDES E CLASS,2,E01008999,0,-1
2023201419503,2023,201419503,2,9,0,9,9,2,7,0,0,8,1,0,0,0,1,1,5,6,1,87,11,2143,2,8,MERCEDES E CLASS,6,E01028842,0,-1
2023170S21753,2023,170S21753,1,9,0,18,19,6,2,0,0,0,0,0,0,0,2,1,6,6,2,56,9,2143,2,11,MERCEDES E CLASS,1,E01011977,0,-1
2023451279546,2023,451279546,1,9,0,9,9,3,1,0,0,8,0,0,0,0,1,1,5,6,2,63,9,2987,2,8,MERCEDES E CLASS,10,E01030886,0,-1
2023531284112,2023,531284112,1,9,0,5,5,2,6,0,0,8,0,0,0,0,1,1,5,6,2,48,8,1950,2,7,MERCEDES E CLASS,6,E01022343,0,-1
2023010423279,2023,010423279,1,8,0,99,99,9,9,99,99,9,9,99,9,99,4,9,1,1,1,46,8,1950,2,5,MERCEDES E CLASS,3,E01002612,0,-1
2023010468050,2023,010468050,2,9,0,99,99,9,9,99,99,9,9,99,9,99,1,9,6,6,1,36,7,1950,2,5,MERCEDES E CLASS,2,E01000073,0,-1
2023211393717,2023,211393717,1,9,0,4,4,3,7,0,0,1,0,0,3,0,1,1,5,6,1,23,5,2143,2,11,MERCEDES E CLASS,10,E01018293,0,-1
2023411316773,2023,411316773,1,9,0,9,9,-1,-1,0,0,6,0,0,0,0,1,1,6,6,1,42,7,2143,2,7,MERCEDES E CLASS,4,E01023870,0,-1
2023131370646,2023,131370646,1,9,0,18,19,1,5,0,0,1,0,0,0,0,3,1,5,6,1,33,6,1950,2,3,MERCEDES E CLASS,7,E01011873,0,-1
2023231370293,2023,231370293,2,9,0,13,13,4,8,0,0,0,0,0,0,0,1,1,6,6,1,74,10,2143,2,11,MERCEDES E CLASS,9,E01028799,0,-1
2023041322349,2023,041322349,2,9,0,18,19,-1,-1,0,0,1,0,0,0,0,-1,1,1,1,1,43,7,1950,2,7,MERCEDES E CLASS,1,E01033231,0,-1
2023231353626,2023,231353626,1,9,0,10,10,4,1,0,0,7,0,0,0,0,1,1,2,2,1,55,8,1950,2,5,MERCEDES E CLASS,2,E01001357,0,-1
2023201296690,2023,201296690,2,9,0,18,19,1,5,0,0,1,0,0,0,0,1,1,6,6,1,-1,-1,2143,2,11,MERCEDES E CLASS,-1,-1,0,-1
2023010479378,2023,010479378,1,9,0,9,9,5,2,0,0,5,0,0,0,0,1,2,6,6,1,62,9,2143,2,7,MERCEDES E CLASS,7,E01002998,0,-1
2023010445623,2023,010445623,2,9,0,1,1,1,5,0,0,0,0,0,0,0,3,1,6,6,1,25,5,1950,2,7,MERCEDES E CLASS,7,E01033451,0,-1
2023451352245,2023,451352245,1,9,0,1,1,1,5,9,9,7,0,0,0,0,2,1,6,6,1,30,6,1950,2,7,MERCEDES E CLASS,1,E01000521,0,-1
2023010440865,2023,010440865,1,9,0,9,9,8,5,0,0,5,0,0,0,0,1,1,6,6,1,-1,-1,1950,12,1,MERCEDES E CLASS,-1,-1,0,-1
2023141344888,2023,141344888,3,9,0,2,2,0,0,0,0,2,0,0,0,0,2,1,6,6,3,-1,-1,2143,2,10,MERCEDES E CLASS,-1,-1,0,-1
2023411270886,2023,411270886,1,9,0,17,19,-1,-1,0,0,4,0,0,0,0,1,1,6,6,1,37,7,2987,2,17,MERCEDES E CLASS,7,E01023776,0,-1
2023430443548,2023,430443548,1,9,0,9,9,6,4,0,0,6,0,0,0,0,1,1,6,6,1,71,10,2987,2,11,MERCEDES E CLASS,8,E01016252,0,-1
2023131316148,2023,131316148,1,9,0,4,4,2,6,9,9,4,1,0,2,10,1,1,6,6,1,19,4,1950,2,5,MERCEDES E CLASS,3,E01011670,0,-1
2023371393204,2023,371393204,1,9,0,18,19,-1,-1,0,0,1,0,0,0,0,1,1,6,6,1,-1,-1,2987,2,8,MERCEDES E CLASS,8,E01029909,0,-1
2023201292335,2023,201292335,1,9,0,18,19,6,2,0,0,8,0,0,0,0,1,1,6,6,1,57,9,2148,2,15,MERCEDES E CLASS,2,E01009017,0,-1
2023531358081,2023,531358081,1,9,0,16,19,7,3,0,0,0,0,0,2,7,1,1,5,6,1,85,11,2143,2,11,MERCEDES E CLASS,7,E01022230,0,-1
2023451311873,2023,451311873,1,9,0,9,9,1,5,0,0,3,0,0,0,0,1,1,2,2,1,43,7,1950,2,6,MERCEDES E CLASS,6,E01016506,0,-1
2023010478349,2023,010478349,2,9,0,99,99,9,9,99,99,9,9,99,9,99,9,9,6,6,3,-1,-1,2143,2,8,MERCEDES E CLASS,-1,-1,0,-1
2023141389241,2023,141389241,1,9,0,18,19,2,6,0,0,0,0,0,1,0,1,1,6,6,3,-1,-1,2143,2,12,MERCEDES E CLASS,-1,-1,0,-1
2023010452249,2023,010452249,2,9,0,99,99,9,9,99,99,0,9,99,9,99,1,9,6,6,2,-1,-1,1796,1,12,MERCEDES E CLASS,3,E01001359,0,-1
2023320150516,2023,320150516,1,9,0,18,19,1,5,0,0,2,0,0,0,0,3,1,2,2,1,42,7,2143,2,9,MERCEDES E CLASS,1,E01026114,0,-1
2023311312069,2023,311312069,1,9,0,18,19,6,2,0,0,1,0,0,0,0,1,1,6,6,1,37,7,1950,2,6,MERCEDES E CLASS,2,E01013906,0,-1
2023041317268,2023,041317268,3,9,0,8,8,5,7,0,0,1,0,0,0,0,3,1,5,6,1,61,9,2143,2,8,MERCEDES E CLASS,4,E01025172,0,-1
2023471323072,2023,471323072,2,9,0,7,7,5,1,0,0,3,0,0,0,0,4,1,5,6,1,66,10,2987,2,9,MERCEDES E CLASS,9,E01004111,0,-1
2023010476224,2023,010476224,2,9,0,99,99,9,9,99,99,9,9,99,9,99,9,9,6,6,1,45,7,1950,2,5,MERCEDES E CLASS,2,E01000084,0,-1
2023501345675,2023,501345675,2,9,0,18,19,1,5,0,0,0,1,7,8,7,1,1,6,6,1,42,7,5439,1,19,MERCEDES E CLASS,1,E01015196,0,-1
2023622300385,2023,622300385,3,9,0,3,3,2,6,0,0,0,0,0,0,0,2,1,6,6,1,24,5,1950,2,4,MERCEDES E CLASS,1,W01001762,0,-1
2023221265348,2023,221265348,1,9,0,18,19,2,6,0,0,0,0,0,0,0,1,1,6,6,1,61,9,1950,12,2,MERCEDES E CLASS,-1,-1,0,-1
2023131284647,2023,131284647,2,9,0,18,19,1,5,0,0,0,0,0,0,0,1,1,5,6,1,36,7,3226,2,20,MERCEDES E CLASS,-1,-1,0,-1
2023531302706,2023,531302706,2,9,0,5,5,3,7,0,0,0,0,0,0,0,2,1,2,2,2,28,6,1950,2,6,MERCEDES E CLASS,5,E01032415,0,-1
2023332300282,2023,332300282,3,9,0,2,2,0,0,9,9,8,0,0,0,0,2,1,6,6,3,-1,-1,2143,2,11,MERCEDES E CLASS,-1,-1,0,-1
2023340WN4382,2023,340WN4382,1,9,0,18,19,5,1,0,0,1,0,0,0,0,1,1,6,6,2,32,6,2987,2,13,MERCEDES E CLASS,2,E01026992,0,-1
2023461340216,2023,461340216,1,9,0,16,19,7,3,0,0,0,5,0,0,0,1,1,6,6,1,84,11,2149,2,16,MERCEDES E CLASS,4,E01024120,0,-1
2023320547288,2023,320547288,2,9,0,3,3,6,2,0,0,1,0,0,0,0,2,1,6,6,2,78,11,2987,2,16,MERCEDES E CLASS,7,E01026051,0,-1
2023141346012,2023,141346012,2,9,0,17,19,7,3,0,0,0,0,0,1,0,1,1,6,6,1,56,9,1950,2,2,MERCEDES E CLASS,8,E01032997,0,-1
2023201296061,2023,201296061,1,9,0,14,14,6,2,0,0,0,0,4,0,0,1,1,6,6,2,43,7,2143,2,10,MERCEDES E CLASS,9,E01010515,0,-1
2023010456865,2023,010456865,2,9,9,99,99,9,9,99,99,0,9,99,9,99,9,9,6,6,2,-1,-1,1950,2,4,MERCEDES E CLASS,8,E01025942,0,-1
2023231271765,2023,231271765,2,9,0,4,4,2,6,0,0,0,0,0,0,0,2,1,6,6,1,57,9,2987,2,15,MERCEDES E CLASS,1,E01009476,0,-1
2023010439718,2023,010439718,2,9,0,18,19,5,1,0,0,0,0,0,0,0,3,1,1,1,1,25,5,2987,2,6,MERCEDES E CLASS,4,E01000699,0,-1
2023010453900,2023,010453900,1,9,0,18,19,3,7,0,0,0,0,0,0,0,1,1,6,6,1,45,7,1950,2,7,MERCEDES E CLASS,2,E01033341,0,-1
2023010438206,2023,010438206,1,9,0,18,19,3,7,0,0,8,0,0,0,0,4,1,1,1,1,51,8,1950,12,2,MERCEDES E CLASS,5,E01003664,0,-1
2023010433074,2023,010433074,1,9,0,99,99,9,9,99,99,9,9,99,9,99,9,9,6,6,1,44,7,1950,12,3,MERCEDES E CLASS,10,E01016628,0,-1
2023451278275,2023,451278275,2,9,0,18,19,5,1,0,0,0,0,0,0,0,1,1,6,6,2,40,7,1950,2,5,MERCEDES E CLASS,7,E01017803,0,-1
2023010444163,2023,010444163,1,9,0,9,9,4,2,0,0,1,0,0,0,0,1,1,1,1,1,26,6,1950,2,4,MERCEDES E CLASS,4,E01000676,0,-1
2023430153207,2023,430153207,2,8,0,18,19,4,8,0,0,0,0,0,0,0,1,1,1,1,1,55,8,2143,2,8,MERCEDES E CLASS,5,E01017907,0,-1
2023440359657,2023,440359657,2,9,0,18,19,4,8,0,0,1,0,0,0,0,1,1,6,6,2,29,6,2143,2,10,MERCEDES E CLASS,4,E01017246,0,-1
2023010485984,2023,010485984,1,9,0,16,19,7,3,0,0,0,1,4,0,0,1,1,6,6,1,19,4,5461,1,10,MERCEDES E CLASS,3,E01032574,0,-1
2023440340161,2023,440340161,2,9,0,18,19,6,2,0,0,1,0,0,0,0,1,1,6,6,1,79,11,2143,2,10,MERCEDES E CLASS,9,E01020404,0,-1
2023221391120,2023,221391120,2,9,0,7,7,6,1,0,0,2,0,0,0,0,3,1,5,6,1,51,8,2987,2,8,MERCEDES E CLASS,5,E01028886,0,-1
2023010460995,2023,010460995,1,9,0,3,3,5,1,0,0,8,0,0,0,0,1,1,6,6,1,39,7,1991,8,1,MERCEDES E CLASS,2,E01010419,0,-1
2023451329620,2023,451329620,4,9,0,18,19,0,4,0,0,0,0,0,0,0,2,1,1,1,1,38,7,1950,2,6,MERCEDES E CLASS,5,E01030946,0,-1
2023010433842,2023,010433842,1,9,0,18,19,3,7,0,0,8,0,0,0,0,1,1,2,2,2,39,7,1950,2,6,MERCEDES E CLASS,4,E01016705,0,-1
2023471260419,2023,471260419,1,9,0,16,19,6,1,0,0,0,0,0,0,0,3,1,2,2,1,68,10,1950,2,6,MERCEDES E CLASS,9,E01004080,0,-1
2023010457190,2023,010457190,2,9,0,99,99,9,9,99,99,9,9,99,9,99,1,9,6,6,3,-1,-1,1796,1,12,MERCEDES E CLASS,-1,-1,0,-1
2023221358938,2023,221358938,1,9,0,18,19,1,5,0,0,3,0,0,0,0,1,1,6,6,1,34,6,2143,2,7,MERCEDES E CLASS,6,E01032345,0,-1
2023010477416,2023,010477416,2,9,0,99,99,9,9,99,99,9,9,99,9,99,9,9,6,6,3,-1,-1,1950,2,5,MERCEDES E CLASS,-1,-1,0,-1
2023010449001,2023,010449001,2,9,9,99,99,9,9,99,99,9,9,99,9,99,9,9,6,6,3,-1,-1,1991,8,4,MERCEDES E CLASS,-1,-1,0,-1
2023461323291,2023,461323291,1,9,0,5,5,1,5,0,0,0,0,0,7,0,1,1,6,6,1,38,7,2987,2,8,MERCEDES E CLASS,9,E01024849,0,-1
2023131381978,2023,131381978,1,9,0,18,19,1,1,0,0,4,0,0,0,0,2,1,6,6,1,49,8,2143,2,11,MERCEDES E CLASS,2,E01010804,0,-1
2023351339664,2023,351339664,1,9,0,18,19,-1,-1,0,0,0,0,0,0,0,1,1,6,6,1,49,8,2143,2,11,MERCEDES E CLASS,1,E01015663,0,-1
2023991374986,2023,991374986,1,9,0,18,19,6,2,0,0,0,0,0,0,0,1,1,1,1,1,27,6,2143,2,11,MERCEDES E CLASS,3,-1,0,-1
2023201413497,2023,201413497,2,9,0,18,19,1,5,0,0,8,0,0,0,0,4,1,6,6,1,44,7,2143,12,10,MERCEDES E CLASS,4,E01010254,0,-1
2023010457780,2023,010457780,1,9,0,4,4,7,3,0,0,0,1,0,0,0,2,1,6,6,1,37,7,1950,2,4,MERCEDES E CLASS,1,E01004469,0,-1
2023311335545,2023,311335545,1,9,0,17,19,6,2,0,0,2,2,10,1,0,1,1,5,6,1,29,6,2143,2,9,MERCEDES E CLASS,4,E01027963,0,-1
2023461297899,2023,461297899,4,9,0,2,2,0,0,0,0,0,0,0,0,0,0,1,6,6,3,-1,-1,2143,2,7,MERCEDES E CLASS,-1,-1,0,-1
2023201405815,2023,201405815,1,9,0,9,9,1,6,0,0,5,0,0,0,0,1,1,6,6,2,55,8,2143,2,11,MERCEDES E CLASS,3,E01009264,0,-1
2023010438384,2023,010438384,2,9,0,99,99,9,9,99,99,9,9,99,9,99,2,9,6,6,3,-1,-1,1950,2,7,MERCEDES E CLASS,-1,-1,0,-1
2023010433461,2023,010433461,2,9,0,18,19,5,1,0,0,1,0,0,0,0,1,1,6,6,1,49,8,1796,1,11,MERCEDES E CLASS,7,E01001226,0,-1
2023141347804,2023,141347804,1,9,0,18,19,2,6,0,0,1,0,0,0,0,3,1,6,6,1,32,6,1950,2,7,MERCEDES E CLASS,2,E01007783,0,-1
2023070285708,2023,070285708,1,9,0,4,4,3,7,0,0,1,0,0,0,0,1,1,6,6,1,44,7,2148,2,19,MERCEDES E CLASS,8,W01000517,0,-1
2023361391768,2023,361391768,2,9,0,8,8,1,5,0,0,1,0,0,0,0,3,1,2,2,1,30,6,2143,2,10,MERCEDES E CLASS,7,E01026565,0,-1
2023161392895,2023,161392895,1,9,0,18,19,5,1,0,0,4,0,0,0,0,1,1,5,6,1,43,7,2143,2,11,MERCEDES E CLASS,5,E01013211,0,-1
2023131272133,2023,131272133,1,9,0,6,6,1,1,0,0,0,0,0,0,0,4,1,6,6,3,-1,-1,1991,1,5,MERCEDES E CLASS,-1,-1,0,-1
2023421262240,2023,421262240,1,9,0,18,19,5,1,0,0,0,1,0,1,7,3,1,6,6,1,38,7,1950,2,4,MERCEDES E CLASS,7,E01022098,0,-1
2023010454844,2023,010454844,3,9,0,3,3,7,3,0,0,8,0,0,0,0,1,1,1,1,1,51,8,1950,2,6,MERCEDES E CLASS,4,E01015712,0,-1
2023010425210,2023,010425210,3,9,0,2,2,0,0,0,0,1,0,4,0,0,2,1,6,6,3,-1,-1,1950,2,6,MERCEDES E CLASS,-1,-1,0,-1
2023311302337,2023,311302337,1,8,0,2,2,5,1,9,9,0,0,0,0,0,1,1,1,1,1,57,9,2143,2,9,MERCEDES E CLASS,3,E01013944,0,-1
2023430426244,2023,430426244,2,9,0,18,19,6,2,0,0,0,0,0,3,10,1,1,6,6,1,26,6,2143,2,12,MERCEDES E CLASS,8,E01017836,0,-1
2023411347483,2023,411347483,1,9,0,2,2,0,0,0,0,0,0,0,0,0,0,1,5,6,1,29,6,1991,1,5,MERCEDES E CLASS,1,E01015593,0,-1
2023991311544,2023,991311544,1,9,0,10,10,4,1,0,0,4,0,0,0,0,0,1,2,2,1,42,7,1950,2,4,MERCEDES E CLASS,1,-1,0,-1
2023161328247,2023,161328247,1,9,0,7,7,5,3,0,0,0,0,0,0,0,4,1,1,1,1,-1,-1,1950,2,6,MERCEDES E CLASS,-1,-1,0,-1
2023061293945,2023,061293945,2,9,0,18,19,-1,-1,0,0,0,0,0,0,0,4,1,6,6,3,44,7,2143,2,9,MERCEDES E CLASS,7,E01006182,0,-1
2023161260872,2023,161260872,1,9,0,9,9,7,7,0,0,0,0,0,0,0,1,1,5,6,2,26,6,2148,2,17,MERCEDES E CLASS,1,E01012895,0,-1
2023201402876,2023,201402876,2,9,0,18,19,6,1,0,0,1,0,0,0,0,1,1,6,6,1,-1,-1,2987,2,15,MERCEDES E CLASS,-1,-1,0,-1
2023010461725,2023,010461725,2,8,0,99,99,9,9,99,99,9,9,99,9,99,1,9,6,6,3,-1,-1,1950,2,4,MERCEDES E CLASS,3,E01001466,0,-1
2023141304084,2023,141304084,1,9,0,18,19,5,1,0,0,2,0,0,0,0,1,1,5,6,1,23,5,2143,2,12,MERCEDES E CLASS,3,E01007680,0,-1
2023622300349,2023,622300349,1,9,0,9,9,4,2,0,0,6,0,0,1,0,3,1,6,6,1,31,6,2987,2,16,MERCEDES E CLASS,7,W01001947,0,-1
2023010426081,2023,010426081,1,9,0,10,10,7,4,0,0,1,0,0,0,0,4,1,6,6,1,32,6,2987,2,4,MERCEDES E CLASS,6,E01000727,0,-1
2023061389478,2023,061389478,2,8,0,17,19,4,1,0,0,8,0,0,0,0,3,1,1,1,1,55,8,2143,2,7,MERCEDES E CLASS,2,E01005238,0,-1
2023201423235,2023,201423235,1,9,0,18,19,5,1,0,0,4,0,0,0,0,1,1,6,6,2,38,7,1991,8,2,MERCEDES E CLASS,3,E01009086,0,-1
2023201289270,2023,201289270,2,9,0,2,2,0,0,6,6,0,0,0,0,0,1,1,1,1,1,44,7,2925,2,3,MERCEDES E CLASS,3,E01016465,0,-1
2023061282146,2023,061282146,2,9,-1,18,19,-1,-1,0,0,8,0,0,0,0,-1,1,6,6,1,50,8,2143,2,9,MERCEDES E CLASS,2,E01005708,0,-1
2023010483394,2023,010483394,2,9,9,99,99,9,9,99,99,9,9,99,9,99,9,9,6,6,3,-1,-1,1950,2,4,MERCEDES E CLASS,-1,-1,0,-1
2023010452288,2023,010452288,1,9,0,9,9,1,7,5,5,0,0,0,0,0,0,1,6,6,1,57,9,1991,8,5,MERCEDES E CLASS,3,E01002532,0,-1
2023991311816,2023,991311816,1,9,0,9,9,3,8,0,0,1,0,0,0,0,4,1,5,6,2,67,10,1796,1,17,MERCEDES E CLASS,1,-1,0,-1
2023401361537,2023,401361537,1,9,0,18,19,-1,-1,0,0,0,0,0,0,0,1,1,6,6,1,59,9,3498,1,11,MERCEDES E CLASS,7,E01017457,0,-1
2023010466700,2023,010466700,2,9,0,99,99,9,9,99,99,9,9,99,9,99,1,9,6,6,3,47,8,1950,2,6,MERCEDES E CLASS,3,E01003615,0,-1
2023010421623,2023,010421623,1,9,9,99,99,9,9,99,99,0,9,99,9,99,1,9,6,6,1,64,9,1950,2,4,MERCEDES E CLASS,2,E01000956,0,-1
2023010475150,2023,010475150,4,9,0,3,3,7,3,0,0,4,0,0,0,0,1,1,6,6,1,44,7,2143,2,8,MERCEDES E CLASS,3,E01003606,0,-1
2023411353883,2023,411353883,2,9,0,18,19,1,5,0,0,4,0,0,0,0,2,1,5,6,1,42,7,2143,2,9,MERCEDES E CLASS,8,E01023478,0,-1
2023061382056,2023,061382056,2,9,0,15,15,3,7,0,0,8,0,0,0,0,3,1,1,1,1,44,7,2143,2,10,MERCEDES E CLASS,1,E01005224,0,-1
2023311333307,2023,311333307,2,8,0,4,4,6,2,0,0,1,0,0,0,0,2,1,1,1,1,23,5,1950,2,6,MERCEDES E CLASS,-1,-1,0,-1
2023010457312,2023,010457312,1,9,9,99,99,9,9,99,99,9,9,99,9,99,2,9,1,1,1,35,6,1950,2,4,MERCEDES E CLASS,5,E01030747,0,-1
2023451266067,2023,451266067,4,9,0,18,19,7,3,0,0,0,0,0,0,0,1,1,1,1,1,39,7,2143,12,10,MERCEDES E CLASS,4,E01016516,0,-1
2023332300653,2023,332300653,1,9,0,18,19,7,3,0,0,0,0,0,0,0,1,1,2,2,2,53,8,2143,2,10,MERCEDES E CLASS,10,E01025649,0,-1
2023131309311,2023,131309311,1,9,0,18,19,7,3,9,9,0,0,11,0,0,1,1,6,6,3,-1,-1,2987,2,15,MERCEDES E CLASS,-1,-1,0,-1
2023471308916,2023,471308916,1,9,0,2,2,0,0,0,0,2,0,0,0,0,3,1,6,6,1,-1,-1,1950,2,5,MERCEDES E CLASS,6,E01024456,0,-1
2023401356383,2023,401356383,3,9,0,18,19,4,8,0,0,0,0,11,0,0,4,1,6,6,1,34,6,2143,2,10,MERCEDES E CLASS,2,E01010091,0,-1
2023201305840,2023,201305840,3,9,0,2,2,0,0,0,0,2,0,0,0,0,1,1,1,1,1,28,6,2143,2,9,MERCEDES E CLASS,1,E01026157,0,-1
2023010467973,2023,010467973,1,9,0,7,7,1,3,0,0,2,0,0,0,0,1,1,6,6,1,35,6,1950,2,6,MERCEDES E CLASS,2,E01002080,0,-1
2023010450846,2023,010450846,1,9,0,18,19,5,1,0,0,1,0,0,0,0,1,1,6,6,1,43,7,1950,12,4,MERCEDES E CLASS,2,E01003538,0,-1