collision_index,collision_year,collision_ref_no,vehicle_reference,vehicle_type,towing_and_articulation,vehicle_manoeuvre_historic,vehicle_manoeuvre,vehicle_direction_from,vehicle_direction_to,vehicle_location_restricted_lane_historic,vehicle_location_restricted_lane,junction_location,skidding_and_overturning,hit_object_in_carriageway,vehicle_leaving_carriageway,hit_object_off_carriageway,first_point_of_impact,vehicle_left_hand_drive,journey_purpose_of_driver_historic,journey_purpose_of_driver,sex_of_driver,age_of_driver,age_band_of_driver,engine_capacity_cc,propulsion_code,age_of_vehicle,generic_make_model,driver_imd_decile,lsoa_of_driver,escooter_flag,driver_distance_banding
2023320440181,2023,320440181,1,8,0,18,19,8,4,0,0,8,0,0,0,0,4,1,1,1,2,38,7,2143,2,8,MERCEDES E CLASS,3,E01026310,0,-1
2023411283563,2023,411283563,1,8,0,9,9,1,6,0,0,0,0,0,0,0,1,1,1,1,1,-1,-1,1950,2,6,MERCEDES E CLASS,7,E01033023,0,-1
2023010430750,2023,010430750,2,9,0,99,99,9,9,99,99,9,9,99,9,99,1,9,6,6,3,-1,-1,1950,2,4,MERCEDES E CLASS,-1,-1,0,-1
2023010426473,2023,010426473,2,9,0,99,99,9,9,99,99,9,9,99,9,99,1,9,6,6,3,-1,-1,1950,2,6,MERCEDES E CLASS,-1,-1,0,-1
2023010469138,2023,010469138,1,9,0,5,5,5,1,0,0,1,0,0,0,0,1,1,6,6,2,56,9,2143,2,9,MERCEDES E CLASS,3,E01003105,0,-1
2023320512957,2023,320512957,2,9,0,18,19,6,2,0,0,8,0,0,0,0,3,1,6,6,2,34,6,1950,2,6,MERCEDES E CLASS,9,E01026225,0,-1
2023201371883,2023,201371883,2,9,0,1,1,7,4,0,0,0,0,0,0,0,4,1,5,6,1,35,6,1950,2,6,MERCEDES E CLASS,1,E01000093,0,-1
2023010456362,2023,010456362,2,9,0,18,19,3,7,0,0,2,0,0,0,0,2,1,6,6,1,-1,-1,1950,2,6,MERCEDES E CLASS,6,E01002655,0,-1
2023010478640,2023,010478640,2,9,0,3,3,5,1,0,0,0,0,0,0,0,3,1,6,6,1,38,7,2143,2,8,MERCEDES E CLASS,2,E01000017,0,-1
2023461281149,2023,461281149,1,9,0,18,19,3,7,0,0,0,0,0,0,0,1,1,6,6,1,35,6,2685,2,20,MERCEDES E CLASS,2,E01016040,0,-1
2023421319597,2023,421319597,1,9,0,18,19,1,5,0,0,0,0,0,0,0,1,1,6,6,1,49,8,1950,2,3,MERCEDES E CLASS,2,E01033148,0,-1
2023451314698,2023,451314698,1,9,0,4,4,5,1,0,0,0,0,0,0,0,1,1,5,6,1,46,8,2143,2,11,MERCEDES E CLASS,6,E01033418,0,-1
2023010426361,2023,010426361,1,9,0,9,9,3,1,0,0,1,0,0,0,0,1,1,1,1,1,47,8,1950,2,5,MERCEDES E CLASS,6,E01000365,0,-1
2023101277137,2023,101277137,2,8,0,3,3,3,7,0,0,4,0,0,0,0,0,1,1,1,1,66,10,2143,2,7,MERCEDES E CLASS,2,E01008630,0,-1
2023010433503,2023,010433503,2,9,0,18,19,7,3,0,0,2,0,0,0,0,2,1,1,1,1,41,7,1950,12,3,MERCEDES E CLASS,2,E01015931,0,-1
2023201422894,2023,201422894,2,9,0,2,2,0,0,0,0,2,0,0,0,0,2,1,6,6,1,-1,-1,2143,2,7,MERCEDES E CLASS,2,E01033641,0,-1
2023440502626,2023,440502626,1,9,0,13,13,1,5,0,0,0,2,7,1,9,2,1,2,2,1,52,8,2685,2,20,MERCEDES E CLASS,8,E01021436,0,-1
2023010462233,2023,010462233,2,9,0,18,19,1,5,0,0,8,0,0,0,0,1,1,6,6,2,-1,-1,1950,2,2,MERCEDES E CLASS,5,E01000239,0,-1
2023411342147,2023,411342147,2,9,0,18,19,7,3,0,0,8,0,0,0,0,1,1,1,1,1,50,8,1950,12,2,MERCEDES E CLASS,8,E01027183,0,-1
2023010450144,2023,010450144,1,9,9,99,99,9,9,99,99,0,9,99,9,99,9,9,6,6,3,-1,-1,1991,1,4,MERCEDES E CLASS,-1,-1,0,-1
2023451373456,2023,451373456,1,9,0,9,9,7,3,0,0,0,0,0,0,0,2,1,2,2,1,33,6,1950,2,3,MERCEDES E CLASS,9,E01030712,0,-1
2023010420203,2023,010420203,1,9,0,17,19,7,3,0,0,3,0,0,0,0,1,1,6,6,1,52,8,1796,1,18,MERCEDES E CLASS,3,E01003686,0,-1
2023041314557,2023,041314557,1,9,0,9,9,7,5,8,6,0,0,0,0,0,4,1,5,6,1,43,7,2987,2,8,MERCEDES E CLASS,6,E01025548,0,-1
2023421314305,2023,421314305,3,9,0,18,19,8,4,0,0,0,0,0,0,0,1,1,6,6,2,45,7,1998,1,21,MERCEDES E CLASS,5,E01004353,0,-1
2023520400345,2023,520400345,2,9,0,18,19,7,3,0,0,8,0,0,0,0,1,1,6,6,1,79,11,3222,2,20,MERCEDES E CLASS,6,E01029320,0,-1
2023010425222,2023,010425222,1,9,0,99,99,9,9,99,99,9,9,99,9,99,2,9,2,2,2,55,8,2143,2,8,MERCEDES E CLASS,4,E01001404,0,-1
2023201323601,2023,201323601,5,9,0,18,19,8,4,0,0,1,0,0,0,0,1,1,6,6,1,25,5,2143,2,9,MERCEDES E CLASS,1,E01010450,0,-1
2023141328053,2023,141328053,1,9,0,4,4,1,5,0,0,0,0,0,0,0,1,1,2,2,1,50,8,2143,12,9,MERCEDES E CLASS,1,E01007370,0,-1
2023522401071,2023,522401071,3,9,0,4,4,5,1,0,0,0,0,0,0,0,2,1,6,6,1,59,9,2143,2,9,MERCEDES E CLASS,9,E01029129,0,-1
2023371312377,2023,371312377,1,9,0,18,19,3,6,0,0,0,5,0,1,0,1,1,5,6,1,74,10,1950,2,3,MERCEDES E CLASS,6,E01030041,0,-1
2023531294473,2023,531294473,2,9,0,18,19,5,1,0,0,0,0,0,0,0,2,1,5,6,1,61,9,3222,2,18,MERCEDES E CLASS,10,E01022306,0,-1
2023548322023,2023,548322023,2,9,0,4,4,2,6,0,0,1,0,0,0,0,2,1,6,6,1,25,5,2149,2,13,MERCEDES E CLASS,2,E01029248,0,-1
2023010435490,2023,010435490,2,9,0,9,9,3,1,0,0,6,0,0,0,0,1,1,6,6,3,23,5,2685,2,18,MERCEDES E CLASS,-1,-1,0,-1
2023340NN0302,2023,340NN0302,2,9,0,18,19,8,4,0,0,0,0,0,0,0,2,1,6,6,1,29,6,1950,2,4,MERCEDES E CLASS,4,E01027061,0,-1
2023201290820,2023,201290820,2,9,-1,2,2,-1,-1,0,0,2,0,0,0,0,1,1,1,1,1,43,7,1950,2,6,MERCEDES E CLASS,1,E01009047,0,-1
2023010473499,2023,010473499,1,9,0,5,5,3,7,9,9,1,0,0,0,0,3,1,6,6,1,27,6,3199,1,20,MERCEDES E CLASS,5,E01000036,0,-1
2023411323169,2023,411323169,1,9,0,18,19,5,1,0,0,0,0,0,0,0,3,1,2,2,1,37,7,2987,2,13,MERCEDES E CLASS,6,E01023915,0,-1
2023010465512,2023,010465512,1,8,0,3,3,3,7,0,0,1,0,0,0,0,0,1,2,2,1,74,10,1950,2,7,MERCEDES E CLASS,6,E01001997,0,-1
2023340WN4222,2023,340WN4222,1,9,0,9,9,1,7,0,0,5,0,0,0,0,1,1,6,6,1,76,11,2143,2,7,MERCEDES E CLASS,9,E01027218,0,-1
2023451278143,2023,451278143,2,9,0,17,19,1,7,0,0,0,5,0,0,0,3,1,5,6,2,29,6,2148,2,18,MERCEDES E CLASS,9,E01030918,0,-1
2023411294396,2023,411294396,2,9,0,9,9,7,5,0,0,5,0,0,0,0,1,1,6,6,1,33,6,1950,2,3,MERCEDES E CLASS,6,E01016536,0,-1
2023131320899,2023,131320899,3,9,0,5,5,7,3,0,0,0,0,0,4,0,1,1,5,6,1,31,6,1950,2,6,MERCEDES E CLASS,2,E01011502,0,-1
2023531393380,2023,531393380,1,9,0,18,19,1,5,0,0,8,0,0,0,0,4,1,6,6,1,40,7,2148,2,15,MERCEDES E CLASS,7,E01024067,0,-1
2023461298341,2023,461298341,2,9,0,5,5,1,5,0,0,0,0,0,1,0,2,1,6,6,1,65,9,2143,2,9,MERCEDES E CLASS,2,E01024311,0,-1
2023531361687,2023,531361687,3,9,0,4,4,1,5,0,0,0,0,0,0,0,1,1,6,6,1,57,9,1950,2,4,MERCEDES E CLASS,3,E01032187,0,-1
2023201295506,2023,201295506,1,9,0,18,19,5,1,0,0,0,0,0,0,0,1,1,2,2,1,40,7,2143,2,7,MERCEDES E CLASS,2,E01010065,0,-1
2023501314492,2023,501314492,1,9,0,9,9,2,8,0,0,4,0,0,0,0,4,1,6,6,1,83,11,2987,2,10,MERCEDES E CLASS,6,E01020312,0,-1
2023411264976,2023,411264976,2,9,0,2,2,0,0,0,0,0,0,0,0,0,2,1,6,6,1,23,5,1950,12,4,MERCEDES E CLASS,9,E01018029,0,-1
2023401322823,2023,401322823,1,8,0,11,11,-1,-1,0,0,0,0,0,0,0,4,1,6,6,1,44,7,2143,2,8,MERCEDES E CLASS,4,E01017505,0,-1
2023141371671,2023,141371671,1,9,0,17,19,4,8,0,0,0,1,0,0,0,1,1,6,6,1,55,8,2987,2,15,MERCEDES E CLASS,1,E01007626,0,-1
2023010444832,2023,010444832,2,9,0,99,99,9,9,99,99,9,9,99,9,99,1,9,6,6,3,57,9,1950,2,3,MERCEDES E CLASS,-1,-1,0,-1
2023070360102,2023,070360102,1,9,0,7,7,8,3,0,0,8,0,9,1,11,1,1,6,6,1,61,9,2143,2,8,MERCEDES E CLASS,9,E01005848,0,-1
2023170L21383,2023,170L21383,1,9,0,1,1,5,1,9,9,1,0,0,0,0,2,1,6,6,1,27,6,2143,2,12,MERCEDES E CLASS,1,E01012112,0,-1
202360A099917,2023,60A099917,1,9,0,16,19,5,1,0,0,0,0,0,0,0,1,1,6,6,1,83,11,2143,2,9,MERCEDES E CLASS,-1,-1,0,-1
2023010430952,2023,010430952,4,9,0,2,2,0,0,0,0,0,0,0,0,0,2,1,6,6,3,-1,-1,2143,2,7,MERCEDES E CLASS,-1,-1,0,-1
2023010449122,2023,010449122,1,9,0,9,9,8,5,0,0,6,0,0,0,0,3,1,6,6,1,33,6,2143,2,7,MERCEDES E CLASS,2,E01000040,0,-1
2023131348628,2023,131348628,2,9,0,4,4,5,1,0,0,0,0,0,0,0,2,1,5,6,2,47,8,3226,2,21,MERCEDES E CLASS,2,E01011246,0,-1
2023061303344,2023,061303344,2,9,0,18,19,2,6,0,0,0,0,0,0,0,3,1,6,6,3,45,7,1950,2,6,MERCEDES E CLASS,-1,-1,0,-1
2023451362265,2023,451362265,1,9,0,18,19,3,3,0,0,0,0,0,0,0,4,1,6,6,1,49,8,1950,2,4,MERCEDES E CLASS,4,E01004643,0,-1
2023311334795,2023,311334795,1,9,0,18,19,2,6,0,0,0,0,0,0,0,1,1,6,6,1,20,4,2143,2,9,MERCEDES E CLASS,9,E01013979,0,-1
2023302300744,2023,302300744,2,9,0,18,19,4,8,0,0,0,0,0,0,0,2,1,6,6,1,68,10,2143,2,10,MERCEDES E CLASS,1,E01014211,0,-1
2023010426846,2023,010426846,2,9,0,2,2,0,0,0,0,0,0,0,0,0,4,1,6,6,3,-1,-1,2143,2,8,MERCEDES E CLASS,-1,-1,0,-1
2023461326593,2023,461326593,2,9,0,5,5,4,8,0,0,0,0,0,1,0,4,1,6,6,1,33,6,2987,2,7,MERCEDES E CLASS,2,E01021103,0,-1
2023421364252,2023,421364252,1,9,0,18,19,6,2,0,0,0,0,0,0,0,3,1,5,6,1,23,5,1950,2,4,MERCEDES E CLASS,5,E01003713,0,-1
2023010473252,2023,010473252,2,9,0,99,99,9,9,99,99,9,9,99,9,99,2,9,6,6,3,45,7,1950,2,7,MERCEDES E CLASS,4,E01002592,0,-1
2023010444971,2023,010444971,2,8,0,99,99,9,9,99,99,9,9,99,9,99,1,9,6,6,3,-1,-1,2143,2,8,MERCEDES E CLASS,-1,-1,0,-1
2023010430952,2023,010430952,3,9,0,2,2,0,0,0,0,0,0,0,0,0,2,2,6,6,3,-1,-1,1991,1,2,MERCEDES E CLASS,-1,-1,0,-1
2023522301238,2023,522301238,1,9,0,3,3,4,8,0,0,8,0,0,0,0,2,1,6,6,1,-1,-1,2143,12,8,MERCEDES E CLASS,-1,-1,0,-1
2023411310407,2023,411310407,2,9,0,18,19,5,1,0,0,0,0,0,0,0,1,1,6,6,1,56,9,2685,2,19,MERCEDES E CLASS,1,E01007544,0,-1
2023522301001,2023,522301001,1,8,0,2,2,0,0,0,0,8,0,0,0,0,3,1,1,1,1,-1,-1,1950,2,4,MERCEDES E CLASS,-1,-1,0,-1
2023010445024,2023,010445024,1,9,0,9,9,7,5,0,0,1,0,0,0,0,1,1,2,2,2,46,8,1950,2,7,MERCEDES E CLASS,2,E01003506,0,-1
2023041369510,2023,041369510,2,9,0,18,19,7,3,0,0,0,0,0,0,0,1,1,5,6,1,23,5,2148,2,17,MERCEDES E CLASS,4,E01012740,0,-1
2023010451087,2023,010451087,1,9,0,9,9,5,4,0,0,2,0,0,0,0,1,1,6,6,1,30,6,1950,2,6,MERCEDES E CLASS,-1,-1,0,-1
2023052300332,2023,052300332,2,9,0,18,19,8,4,0,0,1,0,0,0,0,1,1,6,6,1,29,6,2143,2,8,MERCEDES E CLASS,1,E01006645,0,-1
2023010456520,2023,010456520,1,9,0,4,4,1,5,0,0,3,0,0,0,0,2,1,6,6,1,25,5,2143,2,14,MERCEDES E CLASS,3,E01004454,0,-1
2023440475253,2023,440475253,1,9,0,3,3,3,7,0,0,1,0,0,0,0,2,1,6,6,1,45,7,2143,2,10,MERCEDES E CLASS,6,E01032011,0,-1
2023401307925,2023,401307925,2,9,0,10,10,5,3,0,0,1,0,0,0,0,2,1,5,6,2,64,9,2143,2,7,MERCEDES E CLASS,8,E01017411,0,-1
202360A114222,2023,60A114222,1,9,0,18,19,1,5,0,0,8,0,0,0,0,4,1,6,6,1,53,8,1991,1,4,MERCEDES E CLASS,-1,-1,0,-1
2023141374022,2023,141374022,1,9,0,18,19,1,5,0,0,2,0,0,0,0,1,1,6,6,1,55,8,1991,1,5,MERCEDES E CLASS,2,E01008056,0,-1
2023531291366,2023,531291366,1,9,0,4,4,2,6,0,0,1,0,0,0,0,1,1,6,6,1,-1,-1,2143,2,10,MERCEDES E CLASS,7,E01022449,0,-1
2023201415295,2023,201415295,1,9,0,18,19,3,7,0,0,8,0,0,0,0,1,1,6,6,2,42,7,2685,2,20,MERCEDES E CLASS,9,E01009912,0,-1
2023010472009,2023,010472009,1,8,0,99,99,9,9,99,99,0,9,99,9,99,2,9,1,1,1,36,7,1950,2,4,MERCEDES E CLASS,8,E01002931,0,-1
2023430307897,2023,430307897,2,9,0,18,19,1,5,0,0,8,0,0,0,0,1,1,6,6,1,29,6,1950,2,6,MERCEDES E CLASS,7,E01017909,0,-1
2023070348912,2023,070348912,1,9,0,16,19,3,5,0,0,4,0,0,0,0,1,1,6,6,1,72,10,2143,2,10,MERCEDES E CLASS,8,E01006087,0,-1
2023010423168,2023,010423168,1,9,0,17,19,1,8,0,0,1,0,0,0,0,1,1,6,6,1,28,6,2143,2,7,MERCEDES E CLASS,2,E01003313,0,-1
2023302301035,2023,302301035,2,9,0,17,19,6,4,0,0,1,1,0,0,0,3,1,6,6,1,35,6,2143,2,10,MERCEDES E CLASS,1,E01005427,0,-1
2023201289731,2023,201289731,2,9,0,18,19,4,8,0,0,0,0,0,0,0,1,1,6,6,2,43,7,2143,2,13,MERCEDES E CLASS,1,E01009021,0,-1
2023991288711,2023,991288711,1,9,0,18,19,1,5,0,0,0,2,0,7,10,1,1,5,6,1,41,7,2987,2,12,MERCEDES E CLASS,6,-1,0,-1
2023010465227,2023,010465227,1,9,0,18,19,5,1,0,0,2,0,0,0,0,1,1,6,6,1,20,4,1950,2,6,MERCEDES E CLASS,3,E01000948,0,-1
2023010434549,2023,010434549,2,9,0,9,9,1,7,0,0,8,0,0,0,0,4,1,2,2,1,42,7,1950,2,6,MERCEDES E CLASS,5,E01004275,0,-1
2023010422206,2023,010422206,1,9,0,99,99,9,9,99,99,9,9,99,9,99,2,9,2,2,2,34,6,1950,2,4,MERCEDES E CLASS,6,E01027234,0,-1
2023201379130,2023,201379130,2,8,0,1,1,7,3,0,0,0,0,0,0,0,2,1,1,1,1,38,7,1950,2,7,MERCEDES E CLASS,2,E01009630,0,-1
2023411364677,2023,411364677,2,9,0,9,9,8,7,0,0,0,0,0,1,11,3,1,6,6,1,63,9,2143,2,10,MERCEDES E CLASS,4,E01015750,0,-1
2023201416954,2023,201416954,2,9,0,9,9,8,6,0,0,2,0,0,0,0,3,1,1,1,1,58,9,2143,2,8,MERCEDES E CLASS,1,E01009479,0,-1
2023340WN7072,2023,340WN7072,2,9,0,18,19,5,1,0,0,0,1,0,0,0,4,1,2,2,1,29,6,2143,2,9,MERCEDES E CLASS,3,E01015769,0,-1
2023010455039,2023,010455039,1,9,0,99,99,9,9,99,99,9,9,99,9,99,4,9,6,6,1,36,7,2143,2,8,MERCEDES E CLASS,2,E01001654,0,-1
2023501344886,2023,501344886,2,9,0,18,19,1,5,0,0,0,0,0,0,0,3,2,6,6,1,56,9,2987,2,8,MERCEDES E CLASS,5,E01018756,0,-1
2023101321346,2023,101321346,1,9,0,18,19,6,2,0,0,0,0,0,0,0,1,1,6,6,1,-1,-1,1991,1,4,MERCEDES E CLASS,10,E01007933,0,-1
2023302301447,2023,302301447,2,9,0,18,19,3,7,0,0,0,0,0,0,0,1,1,6,6,3,-1,-1,2987,2,14,MERCEDES E CLASS,5,E01019456,0,-1
2023131299993,2023,131299993,3,9,0,2,2,0,0,0,0,8,0,0,7,0,2,1,6,6,3,-1,-1,1950,2,6,MERCEDES E CLASS,-1,-1,0,-1
2023061283561,2023,061283561,2,9,0,10,10,1,6,0,0,1,0,0,0,0,4,1,5,6,2,46,8,1950,2,5,MERCEDES E CLASS,6,E01005845,0,-1
2023010450503,2023,010450503,1,9,0,18,19,4,8,0,0,2,0,0,0,0,4,1,6,6,1,46,8,2143,2,8,MERCEDES E CLASS,7,E01015567,0,-1
2023411394776,2023,411394776,1,9,0,18,19,7,3,0,0,0,0,0,0,0,3,1,1,1,1,50,8,1950,2,6,MERCEDES E CLASS,3,E01017712,0,-1
2023471327256,2023,471327256,1,9,0,1,1,2,2,0,0,1,0,0,0,0,2,1,6,6,1,48,8,2143,2,8,MERCEDES E CLASS,10,E01020940,0,-1
2023221366377,2023,221366377,1,9,0,4,4,7,3,0,0,1,0,0,0,0,2,1,5,6,1,41,7,2143,2,14,MERCEDES E CLASS,3,E01032242,0,-1
2023451265059,2023,451265059,1,9,0,5,5,3,5,9,9,0,0,0,0,0,1,1,6,6,1,45,7,1950,2,7,MERCEDES E CLASS,5,E01016560,0,-1
2023010466211,2023,010466211,1,9,0,99,99,9,9,99,99,9,9,99,9,99,9,9,6,6,2,32,6,1950,2,7,MERCEDES E CLASS,4,E01000235,0,-1
2023010484720,2023,010484720,1,9,0,99,99,9,9,99,99,9,9,99,9,99,1,9,6,6,2,31,6,2148,2,16,MERCEDES E CLASS,5,E01023533,0,-1
2023010451520,2023,010451520,3,9,0,18,19,1,5,0,0,8,0,0,0,0,4,1,6,6,1,17,4,1950,2,5,MERCEDES E CLASS,-1,-1,0,-1
2023461350205,2023,461350205,1,9,0,18,19,1,5,0,0,6,0,0,0,0,1,1,6,6,1,-1,-1,2143,2,12,MERCEDES E CLASS,9,E01024626,0,-1
2023501331612,2023,501331612,2,9,0,4,4,1,5,0,0,0,0,0,0,0,2,1,2,2,1,60,9,2987,2,10,MERCEDES E CLASS,9,E01020151,0,-1
2023010445279,2023,010445279,2,9,0,16,19,7,3,0,0,0,0,0,1,10,3,1,6,6,1,31,6,1950,2,2,MERCEDES E CLASS,2,E01000057,0,-1
2023471387412,2023,471387412,2,9,0,10,10,7,3,0,0,0,0,0,0,0,2,1,5,6,1,37,7,2143,2,9,MERCEDES E CLASS,10,E01031580,0,-1
2023361288751,2023,361288751,1,9,0,5,5,5,8,0,0,6,0,0,0,0,4,1,2,2,1,22,5,1950,2,6,MERCEDES E CLASS,8,E01026566,0,-1
2023010481930,2023,010481930,1,9,0,99,99,9,9,99,99,9,9,99,9,99,2,9,6,6,1,36,7,1950,2,6,MERCEDES E CLASS,2,E01002031,0,-1
2023010421109,2023,010421109,1,9,0,99,99,9,9,99,99,0,9,99,9,99,2,9,6,6,2,24,5,1950,2,5,MERCEDES E CLASS,2,E01003604,0,-1
2023361308591,2023,361308591,1,8,0,2,2,0,0,0,0,8,0,0,0,0,1,1,1,1,1,42,7,1950,2,5,MERCEDES E CLASS,8,E01026531,0,-1
2023010484264,2023,010484264,1,9,0,18,19,7,3,0,0,1,0,0,0,0,4,1,1,1,1,40,7,1950,2,4,MERCEDES E CLASS,4,E01003554,0,-1
2023522400038,2023,522400038,2,8,0,9,9,1,7,0,0,6,0,0,0,0,0,1,1,1,3,-1,-1,1950,2,3,MERCEDES E CLASS,-1,-1,0,-1
2023340WN0462,2023,340WN0462,2,9,0,18,19,8,4,0,0,1,0,0,0,0,1,1,2,2,2,60,9,1950,12,3,MERCEDES E CLASS,10,E01028199,0,-1
2023010436588,2023,010436588,1,9,0,18,19,5,1,0,0,0,0,4,0,0,1,1,6,6,1,58,9,2987,2,13,MERCEDES E CLASS,-1,-1,0,-1
2023010444066,2023,010444066,1,8,0,3,3,1,5,99,99,4,0,99,9,99,1,2,6,6,1,23,5,1950,2,4,MERCEDES E CLASS,4,E01003784,0,-1
2023332300917,2023,332300917,3,9,0,10,10,6,4,0,0,1,0,0,0,0,1,1,6,6,2,40,7,2143,2,10,MERCEDES E CLASS,6,E01025788,0,-1
2023991392852,2023,991392852,2,9,0,18,19,4,8,0,0,0,0,0,0,0,3,1,6,6,1,42,7,1950,2,6,MERCEDES E CLASS,4,-1,0,-1
2023430417794,2023,430417794,2,9,0,18,19,4,8,0,0,0,0,0,0,0,3,1,2,2,1,25,5,2996,1,6,MERCEDES E CLASS,9,E01028760,0,-1
2023010468638,2023,010468638,2,9,0,18,19,7,3,0,0,1,0,0,0,0,1,1,1,1,1,30,6,1950,2,6,MERCEDES E CLASS,2,E01000856,0,-1
2023010455346,2023,010455346,2,9,0,99,99,9,9,99,99,9,9,99,9,99,9,9,6,6,3,-1,-1,1796,1,10,MERCEDES E CLASS,-1,-1,0,-1
2023070567644,2023,070567644,2,9,0,2,2,0,0,6,6,2,0,0,0,0,2,1,6,6,3,-1,-1,2143,2,10,MERCEDES E CLASS,-1,-1,0,-1
2023201322732,2023,201322732,1,9,0,9,9,1,7,0,0,5,0,0,0,0,1,1,6,6,1,-1,-1,1991,1,5,MERCEDES E CLASS,4,E01010006,0,-1
2023471389428,2023,471389428,2,9,0,17,19,3,7,0,0,0,0,0,0,0,1,1,5,6,2,58,9,1950,2,2,MERCEDES E CLASS,6,E01031465,0,-1
2023471317803,2023,471317803,2,9,0,18,19,3,7,0,0,1,0,0,0,0,4,1,5,6,1,48,8,1950,2,3,MERCEDES E CLASS,6,E01031827,0,-1
2023010434223,2023,010434223,1,9,0,15,15,8,4,9,9,8,0,0,0,0,4,1,6,6,1,29,6,2143,2,8,MERCEDES E CLASS,-1,-1,0,-1
2023010438872,2023,010438872,2,9,0,9,9,5,3,0,0,8,0,0,0,0,1,1,6,6,1,38,7,1950,2,5,MERCEDES E CLASS,2,E01015716,0,-1
2023010459536,2023,010459536,1,9,0,12,12,1,5,0,0,0,0,0,0,0,2,1,6,6,1,27,6,1950,2,3,MERCEDES E CLASS,2,E01001283,0,-1
2023201296047,2023,201296047,2,9,0,14,14,8,4,0,0,8,0,0,0,0,1,1,3,7,2,41,7,2143,2,10,MERCEDES E CLASS,6,E01009278,0,-1
2023010437021,2023,010437021,2,9,0,99,99,9,9,99,99,9,9,99,9,99,2,9,6,6,3,-1,-1,2597,1,20,MERCEDES E CLASS,-1,-1,0,-1
2023010471473,2023,010471473,1,9,0,18,19,1,5,0,0,1,0,0,0,0,1,1,1,1,1,64,9,1950,2,6,MERCEDES E CLASS,3,E01003571,0,-1
2023061290201,2023,061290201,3,9,0,9,9,1,7,0,0,6,0,0,0,0,4,1,6,6,1,20,4,2143,2,9,MERCEDES E CLASS,2,E01006112,0,-1
2023471282907,2023,471282907,2,9,0,18,19,1,5,0,0,1,0,0,0,0,3,1,5,6,2,60,9,2143,2,11,MERCEDES E CLASS,10,E01031654,0,-1
2023122300234,2023,122300234,1,9,0,14,14,3,7,0,0,1,0,0,0,0,1,1,6,6,1,84,11,1950,2,7,MERCEDES E CLASS,9,E01010648,0,-1
2023461347062,2023,461347062,1,9,0,4,4,2,6,0,0,0,0,0,0,0,2,1,6,6,2,59,9,3498,1,7,MERCEDES E CLASS,7,E01024067,0,-1
2023010455350,2023,010455350,1,9,0,18,19,5,1,0,0,8,5,0,0,0,1,1,6,6,1,36,7,1796,1,11,MERCEDES E CLASS,5,E01001157,0,-1
2023010479721,2023,010479721,1,9,0,18,19,1,5,0,0,6,0,0,0,0,3,1,3,7,1,63,9,2143,12,10,MERCEDES E CLASS,8,E01030562,0,-1
2023010423113,2023,010423113,1,9,0,7,7,3,5,2,2,5,0,0,0,0,4,1,2,2,2,52,8,1950,2,5,MERCEDES E CLASS,9,E01030909,0,-1
2023061302738,2023,061302738,1,9,0,7,7,3,5,0,0,0,0,0,0,0,1,1,6,6,3,30,6,1950,2,6,MERCEDES E CLASS,-1,-1,0,-1
2023010426269,2023,010426269,4,9,0,16,19,1,5,0,0,1,0,0,0,0,1,1,6,6,1,42,7,2143,2,10,MERCEDES E CLASS,4,E01004525,0,-1
2023411281928,2023,411281928,1,9,0,18,19,7,3,0,0,0,0,0,0,0,1,1,6,6,1,43,7,2987,2,9,MERCEDES E CLASS,10,E01023628,0,-1
2023061289232,2023,061289232,4,8,0,17,19,7,3,0,0,0,0,0,0,0,3,1,2,2,1,61,9,2143,2,10,MERCEDES E CLASS,8,E01006384,0,-1
2023010439668,2023,010439668,1,9,0,5,5,7,3,0,0,1,0,0,0,0,1,1,6,6,1,40,7,2987,2,8,MERCEDES E CLASS,9,E01002339,0,-1
2023461395732,2023,461395732,1,9,0,18,19,5,1,0,0,0,0,0,0,0,1,1,6,6,1,54,8,1950,2,6,MERCEDES E CLASS,5,E01033089,0,-1
2023010423870,2023,010423870,1,8,0,99,99,9,9,99,99,9,9,99,9,99,1,9,1,1,1,32,6,1950,12,4,MERCEDES E CLASS,3,E01004454,0,-1
2023010429848,2023,010429848,2,9,0,99,99,9,9,99,99,9,9,99,9,99,0,9,6,6,3,-1,-1,1991,8,3,MERCEDES E CLASS,-1,-1,0,-1
2023411441119,2023,411441119,3,9,0,18,19,7,3,0,0,1,0,0,0,0,1,1,6,6,1,33,6,1950,2,7,MERCEDES E CLASS,4,E01023403,0,-1
2023101389540,2023,101389540,2,9,0,18,19,1,5,0,0,0,0,0,0,0,3,1,5,6,1,73,10,2143,2,9,MERCEDES E CLASS,7,E01012120,0,-1