collision_index,collision_year,collision_ref_no,vehicle_reference,vehicle_type,towing_and_articulation,vehicle_manoeuvre_historic,vehicle_manoeuvre,vehicle_direction_from,vehicle_direction_to,vehicle_location_restricted_lane_historic,vehicle_location_restricted_lane,junction_location,skidding_and_overturning,hit_object_in_carriageway,vehicle_leaving_carriageway,hit_object_off_carriageway,first_point_of_impact,vehicle_left_hand_drive,journey_purpose_of_driver_historic,journey_purpose_of_driver,sex_of_driver,age_of_driver,age_band_of_driver,engine_capacity_cc,propulsion_code,age_of_vehicle,generic_make_model,driver_imd_decile,lsoa_of_driver,escooter_flag,driver_distance_banding
2023440024879,2023,440024879,1,9,0,3,3,2,1,0,0,0,0,0,0,0,2,1,6,6,1,62,9,1950,12,4,MERCEDES E CLASS,5,E01017307,0,-1
2023451262683,2023,451262683,1,9,0,9,9,5,3,0,0,8,0,0,0,0,3,1,1,1,1,46,8,1950,2,5,MERCEDES E CLASS,10,E01030992,0,-1
2023411288669,2023,411288669,2,9,0,17,19,1,7,0,0,8,0,0,0,0,4,1,6,6,1,66,10,2987,2,16,MERCEDES E CLASS,9,E01023833,0,-1
2023522300830,2023,522300830,1,9,0,18,19,3,7,0,0,6,0,0,0,0,1,1,6,6,1,36,7,1991,8,5,MERCEDES E CLASS,2,E01022324,0,-1
2023041410588,2023,041410588,1,9,0,5,5,1,5,0,0,8,0,0,0,0,3,1,2,2,1,26,6,2143,2,7,MERCEDES E CLASS,10,E01025678,0,-1
2023122301200,2023,122301200,2,9,0,9,9,5,3,0,0,0,0,0,0,0,1,1,6,6,1,44,7,2143,2,12,MERCEDES E CLASS,5,E01011648,0,-1
2023010450846,2023,010450846,2,9,0,18,19,3,7,0,0,1,0,0,7,1,2,1,6,6,2,31,6,1950,2,7,MERCEDES E CLASS,4,E01003529,0,-1
2023471380156,2023,471380156,1,8,0,12,12,8,4,0,0,0,0,0,0,0,1,1,1,1,1,42,7,1950,2,7,MERCEDES E CLASS,7,E01016913,0,-1
2023221289059,2023,221289059,1,9,0,18,19,4,8,0,0,0,0,0,0,0,1,1,6,6,1,51,8,1950,2,4,MERCEDES E CLASS,8,W01001553,0,-1
2023010429754,2023,010429754,1,9,0,5,5,1,5,9,9,1,0,0,7,11,1,1,6,6,1,26,6,2996,1,4,MERCEDES E CLASS,3,E01004378,0,-1
2023010454540,2023,010454540,2,9,0,9,9,1,7,0,0,1,0,0,0,0,3,1,3,7,1,25,5,1950,2,6,MERCEDES E CLASS,3,E01001733,0,-1
2023552301454,2023,552301454,1,9,0,5,5,4,8,0,0,6,0,0,0,0,1,1,3,7,1,33,6,2143,2,12,MERCEDES E CLASS,6,E01015440,0,-1
2023010425210,2023,010425210,2,9,0,4,4,8,4,0,0,1,0,0,0,0,1,1,1,1,1,40,7,1950,2,6,MERCEDES E CLASS,5,E01021399,0,-1
2023231345341,2023,231345341,2,9,0,4,4,4,8,0,0,0,0,0,0,0,2,1,6,6,1,39,7,2143,2,9,MERCEDES E CLASS,2,E01009630,0,-1
2023320488488,2023,320488488,2,9,0,18,19,8,5,0,0,8,1,0,0,0,1,1,6,6,2,44,7,2987,2,10,MERCEDES E CLASS,6,E01026404,0,-1
2023522300586,2023,522300586,4,9,0,2,2,0,0,0,0,2,0,0,0,0,4,1,6,6,1,33,6,2148,2,14,MERCEDES E CLASS,2,E01014806,0,-1
2023010459788,2023,010459788,2,9,0,99,99,9,9,99,99,9,9,99,9,99,9,9,6,6,3,-1,-1,2685,2,19,MERCEDES E CLASS,-1,-1,0,-1
2023071052538,2023,071052538,3,9,0,4,4,6,2,0,0,0,0,0,0,0,2,1,2,2,1,39,7,2987,2,18,MERCEDES E CLASS,2,E01018522,0,-1
2023010457081,2023,010457081,1,9,0,18,19,4,8,0,0,8,0,10,0,0,1,1,1,1,1,44,7,1950,2,4,MERCEDES E CLASS,6,E01003449,0,-1
2023010436114,2023,010436114,2,8,0,99,99,9,9,99,99,9,9,99,9,99,1,9,6,6,1,44,7,1950,2,4,MERCEDES E CLASS,5,E01003640,0,-1
2023430000107,2023,430000107,2,8,0,3,3,4,8,0,0,1,0,0,0,0,2,1,1,1,1,47,8,1950,2,5,MERCEDES E CLASS,6,E01028557,0,-1
2023461320611,2023,461320611,1,9,0,4,4,1,5,0,0,1,1,0,1,1,3,1,5,6,1,31,6,2597,1,22,MERCEDES E CLASS,8,E01024810,0,-1
2023332301105,2023,332301105,2,9,0,10,10,7,5,0,0,8,0,0,0,0,3,1,6,6,1,56,9,1950,2,5,MERCEDES E CLASS,8,E01025679,0,-1
2023061327790,2023,061327790,2,9,0,4,4,1,4,0,0,1,0,0,0,0,1,1,6,6,1,47,8,1950,2,7,MERCEDES E CLASS,7,E01006176,0,-1
2023231334207,2023,231334207,1,9,0,16,19,2,6,0,0,0,1,0,7,11,1,1,5,6,1,36,7,2143,2,9,MERCEDES E CLASS,4,E01031127,0,-1
2023010456860,2023,010456860,1,9,0,18,19,1,5,0,0,0,0,0,7,0,1,1,6,6,1,47,8,2597,1,19,MERCEDES E CLASS,9,E01002107,0,-1
2023302301544,2023,302301544,2,9,0,13,13,8,4,0,0,0,0,0,0,0,1,1,6,6,1,76,11,2987,2,10,MERCEDES E CLASS,10,E01013527,0,-1
2023440290534,2023,440290534,1,9,0,12,12,8,4,0,0,3,0,7,1,7,3,1,6,6,1,75,10,1950,2,4,MERCEDES E CLASS,9,W01000777,0,-1
2023411351764,2023,411351764,3,8,0,4,4,5,1,0,0,0,0,0,0,0,2,1,6,6,1,47,8,1950,2,6,MERCEDES E CLASS,-1,-1,0,-1
2023440093928,2023,440093928,2,9,0,18,19,5,1,0,0,0,0,0,0,0,1,1,6,6,1,67,10,2143,2,8,MERCEDES E CLASS,9,E01022633,0,-1
2023430432417,2023,430432417,2,9,0,6,6,1,1,0,0,0,0,0,0,0,3,1,6,6,1,-1,-1,2685,2,20,MERCEDES E CLASS,-1,-1,0,-1
2023010454883,2023,010454883,1,9,0,9,9,5,3,0,0,6,0,0,0,0,3,1,6,6,1,76,11,2925,2,3,MERCEDES E CLASS,9,E01000775,0,-1
2023010458130,2023,010458130,1,9,0,99,99,9,9,99,99,9,9,99,9,99,9,9,6,6,1,54,8,2143,2,8,MERCEDES E CLASS,3,E01016465,0,-1
2023440301034,2023,440301034,3,9,0,2,2,0,0,0,0,1,0,0,0,0,3,1,6,6,1,23,5,2143,2,11,MERCEDES E CLASS,-1,-1,0,-1
2023471300873,2023,471300873,1,9,0,18,19,5,1,0,0,0,0,0,0,0,1,1,6,6,2,31,6,2987,2,12,MERCEDES E CLASS,5,E01031818,0,-1
2023471350477,2023,471350477,2,9,0,4,4,3,7,0,0,0,0,0,0,0,2,1,5,6,1,76,11,1950,2,3,MERCEDES E CLASS,6,E01004163,0,-1
2023010466590,2023,010466590,1,9,0,3,3,1,5,0,0,1,0,0,0,0,1,1,6,6,1,48,8,1950,2,2,MERCEDES E CLASS,8,E01003823,0,-1
2023010453502,2023,010453502,2,9,0,99,99,9,9,99,99,9,9,99,9,99,9,9,6,6,1,65,9,2143,2,7,MERCEDES E CLASS,3,E01004280,0,-1
2023061341731,2023,061341731,1,9,0,18,19,5,1,0,0,8,0,0,0,0,1,1,6,6,1,42,7,3222,2,19,MERCEDES E CLASS,1,E01005948,0,-1
2023201295703,2023,201295703,2,9,0,3,3,1,6,0,0,0,0,0,0,0,1,1,1,1,1,35,6,1950,2,7,MERCEDES E CLASS,7,E01009040,0,-1
2023131352790,2023,131352790,1,9,0,-1,-1,-1,-1,-1,-1,-1,-1,-1,-1,0,-1,1,6,6,3,-1,-1,2143,2,11,MERCEDES E CLASS,-1,-1,0,-1
2023010445359,2023,010445359,2,9,0,6,6,7,7,0,0,0,0,0,0,0,9,9,6,6,3,-1,-1,1950,2,7,MERCEDES E CLASS,5,E01003713,0,-1
2023440298840,2023,440298840,1,8,0,7,7,7,1,0,0,8,0,0,0,0,1,1,1,1,1,36,7,1950,2,6,MERCEDES E CLASS,2,E01017156,0,-1
2023010479214,2023,010479214,3,9,0,2,2,0,0,0,0,8,0,10,0,0,2,1,6,6,3,-1,-1,1950,12,2,MERCEDES E CLASS,-1,-1,0,-1
2023201414339,2023,201414339,1,9,0,3,3,6,2,0,0,0,0,0,0,0,4,1,6,6,1,37,7,1950,2,6,MERCEDES E CLASS,1,E01009480,0,-1
2023411330221,2023,411330221,1,9,0,1,1,7,3,0,0,0,0,0,0,0,2,1,2,2,1,52,8,2987,2,17,MERCEDES E CLASS,5,E01023592,0,-1
2023231318822,2023,231318822,1,9,0,18,19,8,4,0,0,0,0,4,0,0,1,1,5,6,1,30,6,1991,1,8,MERCEDES E CLASS,-1,-1,0,-1
2023430314975,2023,430314975,1,9,0,7,7,8,2,0,0,5,0,0,0,0,0,1,6,6,1,69,10,2143,2,11,MERCEDES E CLASS,10,E01017942,0,-1
2023461289539,2023,461289539,2,9,0,2,2,0,0,0,0,0,0,0,0,0,4,1,6,6,2,39,7,2143,2,11,MERCEDES E CLASS,4,E01024195,0,-1
2023401303853,2023,401303853,3,9,0,2,2,0,0,9,9,1,0,0,0,0,2,1,5,6,3,-1,-1,1950,2,6,MERCEDES E CLASS,-1,-1,0,-1
2023461394312,2023,461394312,2,9,0,18,19,3,7,0,0,0,1,0,0,0,1,1,5,6,2,-1,-1,1991,1,5,MERCEDES E CLASS,8,E01032620,0,-1
2023010449888,2023,010449888,4,9,0,3,3,2,6,0,0,0,0,0,0,0,2,1,6,6,1,27,6,1950,2,7,MERCEDES E CLASS,4,E01024293,0,-1
2023010470676,2023,010470676,1,9,0,9,9,3,2,0,0,6,0,0,0,0,1,1,6,6,1,73,10,1950,2,7,MERCEDES E CLASS,8,E01004170,0,-1
2023010426927,2023,010426927,2,9,0,5,5,6,2,0,0,5,1,0,0,0,1,1,6,6,1,37,7,5461,1,9,MERCEDES E CLASS,2,E01016463,0,-1
2023451363434,2023,451363434,2,9,0,18,19,5,1,0,0,0,0,0,0,0,1,1,6,6,3,45,7,1950,2,4,MERCEDES E CLASS,-1,-1,0,-1
2023010467741,2023,010467741,1,9,0,8,8,6,1,0,0,6,0,0,0,0,1,1,6,6,1,35,6,1950,2,3,MERCEDES E CLASS,3,E01003526,0,-1
2023010485464,2023,010485464,2,9,0,18,19,1,5,0,0,8,0,0,7,0,4,1,1,1,1,42,7,1950,2,6,MERCEDES E CLASS,3,E01001166,0,-1
2023451350557,2023,451350557,2,9,0,9,9,7,5,0,0,6,0,0,0,0,1,1,6,6,2,31,6,2143,2,9,MERCEDES E CLASS,10,E01030754,0,-1
2023170L21233,2023,170L21233,1,9,0,9,9,8,6,0,0,8,0,0,0,0,3,1,6,6,2,29,6,2143,2,7,MERCEDES E CLASS,5,E01012110,0,-1
2023161296598,2023,161296598,1,9,0,3,3,3,5,0,0,1,0,0,0,0,2,1,2,2,2,52,8,1993,12,1,MERCEDES E CLASS,8,E01013273,0,-1
2023010469626,2023,010469626,2,9,0,18,19,3,7,0,0,8,0,0,0,0,1,1,6,6,3,-1,-1,2987,2,16,MERCEDES E CLASS,-1,-1,0,-1
2023010453337,2023,010453337,2,9,0,99,99,9,9,99,99,9,9,99,9,99,1,9,6,6,3,-1,-1,1950,2,7,MERCEDES E CLASS,-1,-1,0,-1
2023430493508,2023,430493508,2,8,0,3,3,1,5,0,0,0,0,0,0,0,2,1,1,1,1,40,7,1950,2,6,MERCEDES E CLASS,10,E01028594,0,-1
2023010436392,2023,010436392,1,9,0,1,1,2,6,0,0,0,0,0,0,0,2,1,6,6,1,35,6,1950,2,6,MERCEDES E CLASS,8,E01003679,0,-1
2023991354569,2023,991354569,1,9,0,9,9,1,6,0,0,1,1,0,0,0,4,1,5,6,2,32,6,1950,2,6,MERCEDES E CLASS,7,-1,0,-1
2023010431807,2023,010431807,1,8,0,99,99,9,9,99,99,9,9,99,9,99,1,9,2,2,1,46,8,1950,12,1,MERCEDES E CLASS,-1,-1,0,-1
2023010460998,2023,010460998,2,9,0,99,99,9,9,99,99,0,9,99,9,99,1,9,6,6,1,46,8,2987,2,13,MERCEDES E CLASS,3,E01001000,0,-1
2023501352930,2023,501352930,1,9,0,18,19,5,1,0,0,0,0,0,0,0,1,1,5,6,1,67,10,2987,2,12,MERCEDES E CLASS,1,E01015153,0,-1
2023471312595,2023,471312595,2,9,0,18,19,3,7,0,0,8,1,0,1,4,4,1,5,6,2,38,7,1950,2,6,MERCEDES E CLASS,1,E01016904,0,-1
2023010478312,2023,010478312,1,8,0,6,6,6,6,0,0,0,0,0,0,0,3,1,1,1,1,51,8,1950,2,5,MERCEDES E CLASS,6,E01002126,0,-1
2023471385342,2023,471385342,3,9,0,2,2,0,0,9,9,0,0,4,0,0,2,1,6,6,3,-1,-1,2143,2,8,MERCEDES E CLASS,-1,-1,0,-1
2023332301191,2023,332301191,2,9,0,18,19,2,6,0,0,2,0,0,0,0,1,1,6,6,1,24,5,3222,2,18,MERCEDES E CLASS,4,E01013749,0,-1
2023010479214,2023,010479214,1,9,0,17,19,8,4,0,0,8,1,4,0,0,1,1,6,6,1,41,7,1950,2,5,MERCEDES E CLASS,-1,-1,0,-1
2023010453082,2023,010453082,1,8,0,18,19,5,1,0,0,1,0,0,0,0,1,1,1,1,1,62,9,1950,2,6,MERCEDES E CLASS,9,E01016202,0,-1
2023070405396,2023,070405396,2,9,0,3,3,4,8,0,0,0,0,0,0,0,2,1,6,6,1,42,7,1950,2,6,MERCEDES E CLASS,7,E01018409,0,-1
2023041364796,2023,041364796,1,9,0,18,19,8,2,0,0,0,0,0,0,0,1,1,5,6,1,41,7,1950,2,4,MERCEDES E CLASS,1,E01025042,0,-1
2023311356188,2023,311356188,1,9,0,18,19,7,3,0,0,0,0,0,0,0,1,1,5,6,1,28,6,1950,2,6,MERCEDES E CLASS,3,E01013915,0,-1
2023010426604,2023,010426604,2,9,0,16,19,1,5,0,0,2,1,0,0,0,1,1,2,2,1,45,7,2148,2,16,MERCEDES E CLASS,5,E01002446,0,-1
2023052301222,2023,052301222,2,9,0,18,19,5,1,0,0,8,0,0,0,0,3,1,6,6,2,53,8,1991,1,5,MERCEDES E CLASS,8,E01006683,0,-1
2023010438472,2023,010438472,1,9,0,7,7,3,5,0,0,8,0,0,0,0,4,1,2,2,1,65,9,2987,2,5,MERCEDES E CLASS,6,E01001937,0,-1
2023231298316,2023,231298316,1,9,0,18,19,4,8,0,0,0,1,0,1,4,1,1,5,6,1,43,7,1950,2,7,MERCEDES E CLASS,7,E01010246,0,-1
2023010482569,2023,010482569,5,9,0,18,19,1,5,0,0,0,0,0,0,0,1,1,6,6,1,-1,-1,2143,2,7,MERCEDES E CLASS,-1,-1,0,-1
2023010435074,2023,010435074,1,9,0,18,19,1,5,9,9,0,0,10,0,0,1,1,6,6,2,40,7,2143,2,9,MERCEDES E CLASS,7,E01001131,0,-1
2023010472855,2023,010472855,2,9,9,99,99,9,9,99,99,0,9,99,9,99,9,9,6,6,3,-1,-1,2987,2,15,MERCEDES E CLASS,-1,-1,0,-1
2023010423223,2023,010423223,2,9,0,99,99,9,9,99,99,9,9,99,9,99,1,9,6,6,3,-1,-1,1950,2,6,MERCEDES E CLASS,-1,-1,0,-1
2023430374565,2023,430374565,3,9,0,18,19,8,4,0,0,0,0,0,0,0,2,1,6,6,3,-1,-1,1950,2,6,MERCEDES E CLASS,-1,-1,0,-1
2023010468696,2023,010468696,2,9,0,99,99,9,9,99,99,9,9,99,9,99,1,9,6,6,3,-1,-1,1950,2,6,MERCEDES E CLASS,2,E01001136,0,-1
2023041376845,2023,041376845,2,9,0,18,19,3,7,0,0,3,0,0,0,0,4,1,2,2,2,51,8,2143,2,9,MERCEDES E CLASS,4,E01025308,0,-1
2023421392050,2023,421392050,1,9,0,18,19,5,1,0,0,0,5,0,1,0,1,1,6,6,1,63,9,2987,2,10,MERCEDES E CLASS,10,E01021643,0,-1
2023010455056,2023,010455056,1,8,0,99,99,9,9,99,99,0,9,99,9,99,9,9,1,1,1,57,9,1950,2,7,MERCEDES E CLASS,6,E01001184,0,-1
2023052302764,2023,052302764,1,9,0,11,11,1,8,0,0,0,0,0,0,0,4,1,2,2,1,50,8,2143,2,12,MERCEDES E CLASS,8,E01007075,0,-1
2023451292467,2023,451292467,2,9,0,18,19,8,4,0,0,0,0,0,0,0,1,1,1,1,1,54,8,2143,2,10,MERCEDES E CLASS,10,E01030871,0,-1
2023052302846,2023,052302846,1,9,0,18,19,7,3,0,0,0,0,0,0,0,1,1,6,6,2,41,7,2143,2,12,MERCEDES E CLASS,7,E01007306,0,-1
2023451288789,2023,451288789,2,9,0,9,9,5,7,0,0,1,0,0,0,0,1,1,3,7,2,44,7,3498,1,11,MERCEDES E CLASS,8,E01030708,0,-1
2023440057399,2023,440057399,2,8,0,18,19,4,8,0,0,1,0,0,0,0,1,1,1,1,1,43,7,1950,2,6,MERCEDES E CLASS,5,E01023262,0,-1
2023351375696,2023,351375696,3,9,0,18,19,3,7,0,0,0,0,0,0,0,3,1,5,6,1,40,7,2143,2,10,MERCEDES E CLASS,8,E01018215,0,-1
2023010424622,2023,010424622,2,9,0,18,19,7,3,0,0,0,0,0,0,0,2,1,6,6,1,49,8,1950,2,4,MERCEDES E CLASS,2,E01004679,0,-1
2023501294854,2023,501294854,2,9,0,18,19,4,2,0,0,0,0,0,0,0,1,1,5,6,1,79,11,2143,2,11,MERCEDES E CLASS,7,E01018879,0,-1
2023361358711,2023,361358711,1,9,0,18,19,5,1,0,0,1,0,0,0,0,1,1,1,1,2,26,6,1950,2,7,MERCEDES E CLASS,6,E01026436,0,-1
2023401367215,2023,401367215,2,9,0,4,4,5,1,0,0,4,0,0,0,0,1,1,6,6,1,59,9,1950,2,2,MERCEDES E CLASS,-1,-1,0,-1
2023501401990,2023,501401990,1,8,0,6,6,5,7,0,0,8,0,0,0,0,4,1,1,1,1,51,8,2149,2,16,MERCEDES E CLASS,3,E01015148,0,-1
2023010426193,2023,010426193,2,9,0,6,6,3,3,0,0,2,0,0,0,0,4,1,6,6,1,28,6,1991,1,5,MERCEDES E CLASS,5,E01004641,0,-1
2023010461293,2023,010461293,2,9,0,99,99,9,9,99,99,9,9,99,9,99,1,9,6,6,3,-1,-1,2143,2,7,MERCEDES E CLASS,1,E01003291,0,-1
2023522300853,2023,522300853,1,8,0,18,19,6,2,0,0,1,0,0,0,0,3,1,1,1,1,46,8,1950,2,6,MERCEDES E CLASS,1,E01014654,0,-1
2023010486257,2023,010486257,1,9,0,99,99,9,9,99,99,9,9,99,9,99,2,9,6,6,1,31,6,1950,2,4,MERCEDES E CLASS,2,E01003501,0,-1
2023010431816,2023,010431816,2,9,9,99,99,9,9,99,99,9,9,99,9,99,9,9,6,6,3,-1,-1,2143,2,8,MERCEDES E CLASS,2,E01002392,0,-1
2023211381703,2023,211381703,2,9,0,10,10,4,8,0,0,8,0,0,0,0,2,1,6,6,2,29,6,2987,2,9,MERCEDES E CLASS,-1,-1,0,-1
2023101331150,2023,101331150,2,9,0,4,4,2,7,0,0,1,0,0,0,0,2,1,5,6,1,55,8,1950,2,4,MERCEDES E CLASS,7,E01008760,0,-1
2023461353397,2023,461353397,4,9,0,2,2,0,0,0,0,0,0,0,0,0,2,1,6,6,3,-1,-1,1950,2,6,MERCEDES E CLASS,-1,-1,0,-1
2023052302497,2023,052302497,2,8,0,4,4,3,7,0,0,0,0,0,0,0,2,1,1,1,1,-1,-1,2143,2,10,MERCEDES E CLASS,-1,-1,0,-1
2023440288274,2023,440288274,1,9,0,9,9,2,8,0,0,8,0,0,0,0,4,1,2,2,1,48,8,2143,2,9,MERCEDES E CLASS,10,E01022747,0,-1
2023201400728,2023,201400728,1,9,0,18,19,1,5,0,0,8,0,0,0,0,1,1,6,6,1,69,10,2148,2,18,MERCEDES E CLASS,1,E01008976,0,-1
2023451341628,2023,451341628,1,9,0,18,19,3,7,0,0,1,0,0,0,0,4,1,5,6,2,51,8,2987,2,17,MERCEDES E CLASS,10,E01030581,0,-1
2023010445891,2023,010445891,1,9,0,17,19,1,5,0,0,2,1,10,1,2,4,1,2,2,1,77,11,1991,1,5,MERCEDES E CLASS,5,E01001291,0,-1
2023010478676,2023,010478676,1,9,0,99,99,9,9,99,99,9,9,99,9,99,9,9,6,6,3,-1,-1,1950,2,7,MERCEDES E CLASS,-1,-1,0,-1
2023302301784,2023,302301784,2,9,0,3,3,6,2,0,0,0,0,0,0,0,2,1,1,1,2,36,7,2987,2,13,MERCEDES E CLASS,10,E01019880,0,-1
2023010426417,2023,010426417,2,8,0,99,99,9,9,99,99,9,9,99,9,99,9,9,6,6,3,-1,-1,1950,2,6,MERCEDES E CLASS,-1,-1,0,-1
2023361367167,2023,361367167,2,9,0,2,2,6,6,0,0,0,0,0,0,0,2,1,6,6,3,-1,-1,2987,2,14,MERCEDES E CLASS,-1,-1,0,-1
2023010450845,2023,010450845,4,9,0,4,4,7,3,0,0,1,0,0,0,0,2,1,1,1,1,58,9,1950,2,6,MERCEDES E CLASS,3,E01001768,0,-1
2023122300990,2023,122300990,1,9,0,18,19,1,5,0,0,1,0,0,0,0,1,1,6,6,1,73,10,2925,2,0,MERCEDES E CLASS,7,E01019258,0,-1
2023401398530,2023,401398530,1,9,0,18,19,5,1,0,0,0,0,0,0,0,1,1,6,6,1,44,7,2143,2,8,MERCEDES E CLASS,2,E01001328,0,-1
2023170M30573,2023,170M30573,1,9,0,18,19,7,3,0,0,0,0,0,0,0,1,1,6,6,1,27,6,2143,2,10,MERCEDES E CLASS,7,E01012064,0,-1
2023302300040,2023,302300040,1,9,0,3,3,8,4,0,0,0,0,0,0,0,2,1,6,6,2,51,8,2987,2,9,MERCEDES E CLASS,7,E01009450,0,-1
2023010479531,2023,010479531,2,9,0,99,99,9,9,99,99,9,9,99,9,99,1,9,6,6,1,-1,-1,1950,12,3,MERCEDES E CLASS,4,E01002681,0,-1
2023010453657,2023,010453657,2,9,0,18,19,1,5,0,0,4,0,0,0,0,3,1,1,1,1,44,7,1950,2,4,MERCEDES E CLASS,1,E01003515,0,-1
2023451287250,2023,451287250,3,9,0,18,19,1,5,0,0,0,0,0,0,0,1,1,1,1,1,36,7,1950,2,4,MERCEDES E CLASS,2,E01001977,0,-1
2023451393429,2023,451393429,1,9,0,18,19,3,7,0,0,0,0,0,0,0,1,1,1,1,1,32,6,1950,2,4,MERCEDES E CLASS,5,E01004096,0,-1
2023461315256,2023,461315256,2,9,0,7,7,5,1,0,0,8,0,0,0,0,4,1,6,6,1,46,8,2143,2,8,MERCEDES E CLASS,6,E01024833,0,-1
2023522300883,2023,522300883,3,9,0,3,3,2,6,0,0,0,0,0,0,0,2,1,6,6,1,26,6,1796,1,10,MERCEDES E CLASS,7,E01014945,0,-1
2023411384395,2023,411384395,2,9,0,18,19,5,1,0,0,0,0,0,0,0,3,1,5,6,2,36,7,1950,2,3,MERCEDES E CLASS,-1,-1,0,-1
2023010478660,2023,010478660,1,9,0,99,99,9,9,99,99,9,9,99,9,99,2,9,6,6,3,50,8,1950,2,6,MERCEDES E CLASS,2,E01003055,0,-1
2023401360060,2023,401360060,1,9,0,5,5,8,3,0,0,1,0,0,0,0,3,1,3,7,2,36,7,2143,2,11,MERCEDES E CLASS,1,E01015699,0,-1
2023131329807,2023,131329807,3,9,0,9,9,7,3,0,0,8,0,0,0,0,2,1,6,6,1,31,6,2143,2,9,MERCEDES E CLASS,6,E01011774,0,-1
2023010438069,2023,010438069,1,8,0,99,99,9,9,99,99,9,9,99,9,99,2,9,6,6,3,-1,-1,1950,2,6,MERCEDES E CLASS,-1,-1,0,-1
2023451303629,2023,451303629,2,9,0,18,19,1,5,0,0,0,1,0,0,0,3,1,6,6,1,39,7,1950,2,5,MERCEDES E CLASS,9,E01001063,0,-1
2023010424272,2023,010424272,1,9,0,18,19,5,1,0,0,8,0,0,0,0,1,1,1,1,1,37,7,1950,2,4,MERCEDES E CLASS,7,E01033631,0,-1
2023991318726,2023,991318726,2,9,0,18,19,3,7,0,0,0,0,0,0,0,3,1,5,6,1,52,8,2143,2,9,MERCEDES E CLASS,10,-1,0,-1
2023131370047,2023,131370047,3,9,0,2,2,8,4,0,0,0,0,0,0,0,3,1,6,6,3,-1,-1,2987,2,15,MERCEDES E CLASS,-1,-1,0,-1
2023361282828,2023,361282828,1,9,0,4,4,7,4,0,0,2,0,0,0,0,3,1,5,6,1,50,8,2987,2,14,MERCEDES E CLASS,8,E01026918,0,-1
2023010433200,2023,010433200,1,9,0,18,19,1,5,0,0,5,0,0,0,0,4,1,6,6,1,31,6,1950,2,6,MERCEDES E CLASS,4,E01000155,0,-1
2023141346213,2023,141346213,1,9,0,9,9,3,7,0,0,1,0,0,0,0,3,1,1,1,1,60,9,1950,2,4,MERCEDES E CLASS,3,E01008068,0,-1
2023010425210,2023,010425210,4,9,0,2,2,0,0,0,0,2,0,4,0,0,4,1,6,6,3,-1,-1,1950,2,4,MERCEDES E CLASS,-1,-1,0,-1
2023010471832,2023,010471832,3,8,0,18,19,1,5,0,0,1,0,0,0,0,1,1,1,1,1,26,6,1950,2,6,MERCEDES E CLASS,1,E01003535,0,-1
2023010464845,2023,010464845,1,9,0,18,19,3,7,0,0,1,0,0,0,0,1,1,6,6,1,47,8,3199,1,20,MERCEDES E CLASS,5,E01003737,0,-1
2023201297699,2023,201297699,3,9,0,2,2,0,0,0,0,0,0,0,0,0,2,1,6,6,2,28,6,1950,2,5,MERCEDES E CLASS,1,E01014163,0,-1
2023471322490,2023,471322490,1,9,0,18,19,3,7,0,0,1,0,0,0,0,1,1,2,2,1,39,7,1950,2,5,MERCEDES E CLASS,5,E01016994,0,-1
2023471392799,2023,471392799,1,9,0,18,19,1,1,0,0,0,0,0,0,0,2,1,2,2,1,24,5,2684,2,19,MERCEDES E CLASS,2,E01031436,0,-1
2023061342815,2023,061342815,4,9,0,2,2,0,0,0,0,2,0,0,0,0,1,1,6,6,1,70,10,1950,2,2,MERCEDES E CLASS,5,E01005301,0,-1
2023010466825,2023,010466825,2,9,0,99,99,9,9,99,99,0,9,99,9,99,9,9,6,6,3,-1,-1,1950,2,6,MERCEDES E CLASS,-1,-1,0,-1
2023010445096,2023,010445096,1,9,0,99,99,9,9,99,99,0,9,99,9,99,2,1,6,6,2,63,9,1796,1,16,MERCEDES E CLASS,9,E01002339,0,-1
2023041332791,2023,041332791,1,9,0,9,9,1,7,0,0,8,0,0,0,0,1,1,1,1,1,33,6,1950,2,6,MERCEDES E CLASS,5,E01025541,0,-1
2023010422819,2023,010422819,1,9,0,5,5,2,6,0,0,2,0,0,0,0,1,1,6,6,1,61,9,2143,2,7,MERCEDES E CLASS,2,E01001815,0,-1
2023501353874,2023,501353874,2,9,0,18,19,7,3,0,0,8,1,0,1,1,4,1,5,6,1,76,11,1993,12,1,MERCEDES E CLASS,8,E01020080,0,-1
2023061348260,2023,061348260,1,9,0,5,5,7,2,0,0,3,0,0,0,0,4,1,1,1,1,47,8,1950,2,6,MERCEDES E CLASS,1,E01005119,0,-1
2023451298571,2023,451298571,1,9,0,18,19,7,3,0,0,0,0,11,0,0,1,1,5,6,2,67,10,2143,2,10,MERCEDES E CLASS,10,E01030341,0,-1