collision_index,collision_year,collision_ref_no,vehicle_reference,vehicle_type,towing_and_articulation,vehicle_manoeuvre_historic,vehicle_manoeuvre,vehicle_direction_from,vehicle_direction_to,vehicle_location_restricted_lane_historic,vehicle_location_restricted_lane,junction_location,skidding_and_overturning,hit_object_in_carriageway,vehicle_leaving_carriageway,hit_object_off_carriageway,first_point_of_impact,vehicle_left_hand_drive,journey_purpose_of_driver_historic,journey_purpose_of_driver,sex_of_driver,age_of_driver,age_band_of_driver,engine_capacity_cc,propulsion_code,age_of_vehicle,generic_make_model,driver_imd_decile,lsoa_of_driver,escooter_flag,driver_distance_banding
2023471302665,2023,471302665,1,9,0,17,19,4,3,0,0,0,0,4,2,0,3,1,6,6,1,-1,-1,2685,2,20,MERCEDES E CLASS,-1,-1,0,-1
2023547743823,2023,547743823,2,9,0,18,19,2,6,0,0,1,0,0,0,0,2,1,6,6,1,28,6,2148,2,17,MERCEDES E CLASS,3,E01015527,0,-1
2023520301202,2023,520301202,1,9,0,18,19,4,1,0,0,8,0,0,0,0,2,1,6,6,2,81,11,1991,1,9,MERCEDES E CLASS,10,E01029083,0,-1
2023052301230,2023,052301230,2,9,0,8,8,7,8,0,0,1,0,0,0,0,1,1,6,6,1,31,6,1950,2,5,MERCEDES E CLASS,1,E01033763,0,-1
2023010424718,2023,010424718,2,9,0,99,99,9,9,99,99,9,9,99,9,99,1,9,6,6,3,36,7,1950,2,4,MERCEDES E CLASS,9,E01004155,0,-1
2023061368038,2023,061368038,2,9,0,18,19,3,8,0,0,8,0,0,0,0,1,1,1,1,1,29,6,2143,2,8,MERCEDES E CLASS,-1,-1,0,-1
2023131372939,2023,131372939,1,9,0,-1,-1,-1,-1,-1,-1,-1,-1,-1,-1,-1,-1,1,6,6,3,-1,-1,2143,2,11,MERCEDES E CLASS,-1,-1,0,-1
2023421345575,2023,421345575,3,9,0,4,4,7,3,0,0,0,0,0,0,0,2,1,5,6,2,35,6,1950,2,5,MERCEDES E CLASS,8,E01001402,0,-1
2023010438683,2023,010438683,1,9,0,12,12,1,5,0,0,7,1,0,1,7,4,1,6,6,1,27,6,1950,2,7,MERCEDES E CLASS,6,E01000110,0,-1
2023440110030,2023,440110030,2,9,0,2,2,0,0,0,0,0,0,0,0,0,2,1,6,6,3,-1,-1,2143,2,8,MERCEDES E CLASS,-1,-1,0,-1
2023201400501,2023,201400501,2,9,0,18,19,3,7,0,0,8,0,0,0,0,4,1,6,6,2,57,9,2143,2,8,MERCEDES E CLASS,1,E01009354,0,-1
2023451343706,2023,451343706,2,9,0,18,19,1,5,0,0,0,0,0,0,0,1,1,5,6,2,52,8,2987,2,17,MERCEDES E CLASS,10,E01030637,0,-1
2023010463674,2023,010463674,2,9,0,99,99,9,9,99,99,9,9,99,9,99,9,9,6,6,3,-1,-1,1991,1,4,MERCEDES E CLASS,2,E01003988,0,-1
2023010466035,2023,010466035,1,9,0,99,99,9,9,99,99,9,9,99,9,99,2,9,6,6,1,46,8,1950,2,7,MERCEDES E CLASS,3,E01002771,0,-1
2023010454668,2023,010454668,2,9,0,99,99,9,9,99,99,0,9,99,9,99,9,9,6,6,3,-1,-1,1950,2,5,MERCEDES E CLASS,-1,-1,0,-1
2023320590509,2023,320590509,2,9,0,18,19,2,6,0,0,8,0,0,0,0,1,1,1,1,1,56,9,1950,2,3,MERCEDES E CLASS,5,E01013518,0,-1
2023421286572,2023,421286572,1,9,0,17,19,6,3,0,0,0,1,11,1,3,1,1,6,6,1,27,6,2143,2,8,MERCEDES E CLASS,6,E01022095,0,-1
2023101330003,2023,101330003,1,9,0,18,19,8,2,0,0,8,2,0,3,1,1,1,5,6,1,56,9,2987,2,7,MERCEDES E CLASS,1,E01012027,0,-1
2023010424655,2023,010424655,1,9,0,18,19,4,8,0,0,0,1,0,0,0,1,1,6,6,1,24,5,1950,2,5,MERCEDES E CLASS,6,E01002117,0,-1
2023461297747,2023,461297747,1,9,0,18,19,7,3,0,0,1,1,0,0,0,4,1,6,6,2,86,11,3498,1,12,MERCEDES E CLASS,6,E01024628,0,-1
2023440362594,2023,440362594,1,9,0,9,9,3,7,0,0,8,0,0,0,0,1,1,6,6,1,40,7,1950,2,5,MERCEDES E CLASS,10,E01022546,0,-1
2023010423116,2023,010423116,1,9,0,18,19,1,5,9,9,5,0,0,0,0,1,1,6,6,1,48,8,2987,2,8,MERCEDES E CLASS,5,E01002352,0,-1
2023451363125,2023,451363125,2,9,0,12,12,1,1,0,0,0,1,0,0,0,1,1,6,6,2,62,9,1950,2,3,MERCEDES E CLASS,3,E01002599,0,-1
2023010431371,2023,010431371,1,9,0,18,19,7,3,0,0,0,0,0,0,0,4,1,6,6,1,31,6,1950,2,6,MERCEDES E CLASS,2,E01001755,0,-1
2023010486032,2023,010486032,1,9,0,99,99,9,9,99,99,9,9,99,9,99,9,9,2,2,1,43,7,1950,2,7,MERCEDES E CLASS,4,E01002369,0,-1
2023201390540,2023,201390540,1,9,0,7,7,3,6,0,0,5,0,0,0,0,1,1,2,2,1,50,8,1950,2,6,MERCEDES E CLASS,4,E01009868,0,-1
2023131347430,2023,131347430,1,9,0,5,5,8,8,0,0,0,0,0,7,0,3,1,2,2,2,53,8,2143,2,7,MERCEDES E CLASS,1,E01011620,0,-1
2023430450869,2023,430450869,2,9,0,17,19,4,1,0,0,0,1,0,1,9,1,1,6,6,1,43,7,2987,2,9,MERCEDES E CLASS,8,E01028647,0,-1
2023302300331,2023,302300331,1,9,0,18,19,8,4,0,0,0,0,0,0,0,1,1,6,6,1,35,6,1950,2,4,MERCEDES E CLASS,2,E01019498,0,-1
2023131354987,2023,131354987,2,9,0,18,19,4,8,0,0,0,0,0,0,0,3,1,5,6,1,50,8,1950,2,5,MERCEDES E CLASS,1,E01011140,0,-1
2023010477615,2023,010477615,2,9,0,99,99,9,9,99,99,9,9,99,9,99,9,9,6,6,3,-1,-1,2925,2,4,MERCEDES E CLASS,-1,-1,0,-1
2023411365105,2023,411365105,2,9,0,18,19,7,3,0,0,0,0,0,0,0,3,1,6,6,1,31,6,2143,2,7,MERCEDES E CLASS,6,E01023518,0,-1
2023991357057,2023,991357057,1,9,0,7,7,5,8,0,0,4,0,0,0,0,1,1,6,6,1,28,6,1950,2,7,MERCEDES E CLASS,-1,-1,0,-1
2023101320973,2023,101320973,1,9,0,17,19,1,5,0,0,0,1,0,0,0,1,1,5,6,1,34,6,2987,2,9,MERCEDES E CLASS,5,E01008811,0,-1
2023010435259,2023,010435259,2,9,0,18,19,3,7,0,0,0,0,0,0,0,3,1,6,6,2,33,6,1950,2,5,MERCEDES E CLASS,5,E01033577,0,-1
2023010430579,2023,010430579,1,9,0,99,99,9,9,99,99,9,9,99,9,99,2,9,6,6,1,37,7,2143,2,7,MERCEDES E CLASS,3,E01000948,0,-1
2023461374626,2023,461374626,2,9,0,18,19,6,2,0,0,0,0,0,0,0,2,1,2,2,1,54,8,2143,2,10,MERCEDES E CLASS,10,E01024811,0,-1
2023010455960,2023,010455960,1,9,0,99,99,9,9,99,99,9,9,99,9,99,2,9,6,6,1,23,5,1991,8,1,MERCEDES E CLASS,2,E01003187,0,-1
2023010470192,2023,010470192,1,9,0,9,9,7,5,0,0,8,0,0,0,0,1,1,6,6,1,39,7,1950,2,5,MERCEDES E CLASS,3,E01004313,0,-1
2023061332333,2023,061332333,2,9,0,18,19,2,6,0,0,0,0,0,0,0,1,1,6,6,1,25,5,1950,2,2,MERCEDES E CLASS,-1,-1,0,-1
2023201373852,2023,201373852,2,9,0,12,12,6,2,0,0,0,0,4,7,0,1,1,2,2,1,23,5,1950,2,5,MERCEDES E CLASS,3,E01009145,0,-1
2023010474619,2023,010474619,1,9,0,99,99,9,9,99,99,0,9,99,9,99,1,9,6,6,1,40,7,1950,2,6,MERCEDES E CLASS,3,E01003716,0,-1
2023061269314,2023,061269314,1,9,0,18,19,4,8,0,0,1,0,4,0,0,1,1,6,6,1,25,5,2987,2,18,MERCEDES E CLASS,-1,-1,0,-1
2023131376407,2023,131376407,4,9,0,18,19,6,2,0,0,0,0,0,4,6,1,1,5,6,2,52,8,1950,2,7,MERCEDES E CLASS,1,E01010739,0,-1
2023421331619,2023,421331619,2,9,0,18,19,2,8,0,0,0,0,0,7,0,1,1,5,6,1,78,11,2143,2,10,MERCEDES E CLASS,7,E01021571,0,-1
2023010450397,2023,010450397,1,9,0,7,7,2,4,2,2,8,0,0,0,0,1,1,6,6,1,23,5,1950,2,3,MERCEDES E CLASS,6,E01001184,0,-1
2023010463823,2023,010463823,1,9,0,5,5,1,5,0,0,5,0,0,0,0,1,2,1,1,1,67,10,1950,2,7,MERCEDES E CLASS,6,E01004491,0,-1
2023401375618,2023,401375618,1,9,0,18,19,5,1,0,0,0,1,0,0,0,1,1,6,6,1,27,6,1950,2,7,MERCEDES E CLASS,-1,-1,0,-1
2023010455060,2023,010455060,1,9,0,5,5,3,7,0,0,2,0,0,0,0,4,1,6,6,1,42,7,1950,2,7,MERCEDES E CLASS,2,E01001710,0,-1
2023991275939,2023,991275939,1,9,0,18,19,7,3,0,0,1,0,0,1,11,1,1,1,1,1,53,8,2987,2,12,MERCEDES E CLASS,7,-1,0,-1
2023201415176,2023,201415176,1,9,0,18,19,5,1,0,0,1,0,0,0,0,1,1,6,6,3,34,6,1950,2,7,MERCEDES E CLASS,2,E01009391,0,-1
2023010455977,2023,010455977,2,8,0,99,99,9,9,99,99,9,9,99,9,99,2,9,6,6,1,47,8,1950,2,7,MERCEDES E CLASS,1,E01003961,0,-1
2023041391815,2023,041391815,1,9,0,18,19,3,7,0,0,1,5,0,0,0,1,1,5,6,1,82,11,3222,2,19,MERCEDES E CLASS,1,E01025382,0,-1
2023481366726,2023,481366726,1,8,0,18,19,1,5,0,0,2,0,0,0,0,3,1,1,1,1,21,5,1950,2,7,MERCEDES E CLASS,-1,-1,0,-1
2023311324838,2023,311324838,2,8,0,3,3,2,6,0,0,2,0,0,0,0,1,1,1,1,1,48,8,1950,2,5,MERCEDES E CLASS,2,E01013845,0,-1
2023010433694,2023,010433694,1,9,0,18,19,5,1,0,0,8,0,0,0,0,1,1,6,6,1,22,5,1950,2,4,MERCEDES E CLASS,1,E01002758,0,-1
2023131334632,2023,131334632,2,9,0,18,19,7,3,0,0,0,0,0,0,0,3,1,5,6,1,40,7,1950,2,3,MERCEDES E CLASS,-1,-1,0,-1
2023010440331,2023,010440331,3,9,0,18,19,3,7,0,0,1,0,0,0,0,2,1,6,6,1,64,9,1950,2,6,MERCEDES E CLASS,4,E01000788,0,-1
2023010438578,2023,010438578,2,9,0,99,99,9,9,99,99,9,9,99,9,99,1,9,6,6,3,-1,-1,1950,2,5,MERCEDES E CLASS,1,E01004722,0,-1
2023461307947,2023,461307947,2,9,0,2,2,5,1,0,0,0,0,4,0,0,2,1,5,6,1,-1,-1,2987,2,7,MERCEDES E CLASS,10,E01024631,0,-1
2023351316260,2023,351316260,2,9,-1,18,19,-1,-1,0,0,0,0,0,0,0,2,1,5,6,2,41,7,2143,2,9,MERCEDES E CLASS,8,E01026714,0,-1
2023010466000,2023,010466000,1,9,0,9,9,5,2,0,0,6,0,0,0,0,3,1,6,6,1,83,11,1991,1,8,MERCEDES E CLASS,8,E01000985,0,-1
2023010483058,2023,010483058,1,9,0,9,9,7,5,1,1,1,0,0,0,0,1,1,6,6,1,38,7,2143,2,11,MERCEDES E CLASS,1,E01001558,0,-1
2023010466920,2023,010466920,1,9,0,4,4,5,1,0,0,6,0,0,0,0,4,1,3,7,1,36,7,1950,2,3,MERCEDES E CLASS,-1,-1,0,-1
2023010442349,2023,010442349,1,9,0,9,9,4,1,0,0,5,0,0,0,0,4,1,6,6,3,-1,-1,1950,12,4,MERCEDES E CLASS,-1,-1,0,-1
2023122300393,2023,122300393,1,9,0,13,13,5,1,0,0,1,0,0,0,0,2,1,2,2,1,39,7,2143,2,14,MERCEDES E CLASS,2,E01027825,0,-1
2023451316553,2023,451316553,2,9,0,18,19,2,6,0,0,0,0,0,0,0,2,1,1,1,1,52,8,1950,2,4,MERCEDES E CLASS,10,E01016618,0,-1
2023010436775,2023,010436775,2,9,0,8,8,7,1,6,6,6,0,0,0,0,3,1,6,6,1,76,11,1991,1,5,MERCEDES E CLASS,9,E01004092,0,-1
2023471361248,2023,471361248,1,9,0,7,7,3,5,0,0,6,0,0,0,0,3,1,5,6,1,78,11,2143,2,12,MERCEDES E CLASS,10,E01031645,0,-1
2023221335916,2023,221335916,2,9,0,18,19,3,7,0,0,0,0,0,0,0,3,1,5,6,1,47,8,2143,2,10,MERCEDES E CLASS,5,E01032279,0,-1
2023010484791,2023,010484791,1,9,0,99,99,9,9,99,99,9,9,99,9,99,2,9,6,6,2,33,6,2987,2,8,MERCEDES E CLASS,8,E01003765,0,-1
2023622300065,2023,622300065,2,9,0,7,7,4,2,0,0,8,0,0,0,0,3,1,6,6,1,38,7,2987,2,13,MERCEDES E CLASS,2,W01000744,0,-1
2023010465478,2023,010465478,2,9,0,99,99,9,9,99,99,9,9,99,9,99,1,9,6,6,3,-1,-1,2143,2,8,MERCEDES E CLASS,-1,-1,0,-1
2023430424553,2023,430424553,2,9,0,9,9,5,3,0,0,6,0,0,0,0,1,1,6,6,3,-1,-1,2143,2,7,MERCEDES E CLASS,-1,-1,0,-1
2023430529243,2023,430529243,2,9,0,9,9,2,8,0,0,6,0,0,0,0,1,1,6,6,1,-1,-1,2143,2,10,MERCEDES E CLASS,-1,-1,0,-1
2023201363667,2023,201363667,2,9,0,18,19,6,2,0,0,0,0,0,0,0,1,1,6,6,1,39,7,1950,2,5,MERCEDES E CLASS,2,E01009014,0,-1
2023010445173,2023,010445173,2,9,0,99,99,9,9,99,99,0,9,99,9,99,9,9,6,6,3,-1,-1,1991,1,4,MERCEDES E CLASS,-1,-1,0,-1
2023461343737,2023,461343737,2,9,0,18,19,3,7,0,0,1,0,0,0,0,1,1,6,6,1,57,9,2143,2,9,MERCEDES E CLASS,4,E01024541,0,-1
2023411295362,2023,411295362,1,9,0,5,5,1,5,0,0,4,0,0,0,0,1,1,6,6,1,26,6,1950,2,6,MERCEDES E CLASS,4,E01015782,0,-1
2023010474674,2023,010474674,1,9,0,18,19,7,3,0,0,8,0,0,0,0,0,1,6,6,1,77,11,3222,2,19,MERCEDES E CLASS,9,E01003444,0,-1
202354C636323,2023,54C636323,2,9,0,3,3,8,4,0,0,0,0,0,0,0,2,1,6,6,1,51,8,2987,2,13,MERCEDES E CLASS,10,E01022878,0,-1
2023010434158,2023,010434158,1,9,0,18,19,7,3,0,0,0,0,0,0,0,1,1,6,6,2,30,6,1950,2,5,MERCEDES E CLASS,4,E01003684,0,-1
2023201414951,2023,201414951,2,9,0,9,9,1,7,0,0,5,0,0,0,0,3,1,6,6,1,23,5,1950,2,7,MERCEDES E CLASS,3,E01009660,0,-1
2023010431827,2023,010431827,1,9,0,18,19,3,7,0,0,1,0,0,0,0,3,1,6,6,1,50,8,1796,1,12,MERCEDES E CLASS,6,E01000581,0,-1
2023411404774,2023,411404774,2,9,0,2,2,0,0,0,0,0,0,0,0,0,4,1,6,6,3,-1,-1,2143,2,11,MERCEDES E CLASS,-1,-1,0,-1
2023010455480,2023,010455480,1,9,0,9,9,1,6,0,0,8,0,0,0,0,4,1,1,1,1,39,7,1950,2,7,MERCEDES E CLASS,1,E01001944,0,-1
2023041293394,2023,041293394,1,9,0,6,6,4,1,0,0,0,0,0,0,0,3,1,5,6,1,52,8,1950,12,1,MERCEDES E CLASS,4,E01025300,0,-1
2023451314490,2023,451314490,2,9,0,18,19,1,5,0,0,0,0,0,0,0,1,1,6,6,1,59,9,1950,2,2,MERCEDES E CLASS,6,E01000232,0,-1
2023010430903,2023,010430903,1,9,0,15,15,7,3,0,0,1,5,0,0,0,3,1,6,6,1,22,5,2148,2,15,MERCEDES E CLASS,4,E01021287,0,-1
2023430049167,2023,430049167,1,9,0,18,19,2,6,0,0,8,2,9,3,2,1,1,6,6,1,25,5,2987,2,14,MERCEDES E CLASS,4,E01016837,0,-1
2023111326164,2023,111326164,1,9,0,18,19,1,5,0,0,0,0,0,0,0,1,1,6,6,3,30,6,1950,2,5,MERCEDES E CLASS,10,E01008378,0,-1
2023351333223,2023,351333223,1,9,0,9,9,3,1,0,0,2,1,0,1,9,1,1,6,6,2,71,10,1991,1,5,MERCEDES E CLASS,9,E01028659,0,-1
2023010449470,2023,010449470,2,9,0,99,99,9,9,99,99,9,9,99,9,99,2,9,6,6,3,-1,-1,1796,1,19,MERCEDES E CLASS,-1,-1,0,-1
2023061287390,2023,061287390,3,9,0,3,3,6,2,0,0,0,0,0,0,0,2,1,6,6,1,-1,-1,2143,2,11,MERCEDES E CLASS,5,E01010923,0,-1
2023622300204,2023,622300204,1,9,0,18,19,1,5,0,0,0,0,0,0,0,1,1,2,2,1,44,7,2143,2,11,MERCEDES E CLASS,1,W01001002,0,-1
2023201377517,2023,201377517,1,9,0,9,9,5,3,0,0,8,0,0,0,0,1,1,6,6,2,27,6,2148,2,18,MERCEDES E CLASS,3,E01010290,0,-1
2023010461983,2023,010461983,1,9,0,9,9,1,6,0,0,5,0,0,0,0,1,1,6,6,1,64,9,1991,1,3,MERCEDES E CLASS,5,E01004644,0,-1
202354A886223,2023,54A886223,1,9,0,6,6,2,2,8,6,0,0,0,0,0,3,1,6,6,1,69,10,2148,2,18,MERCEDES E CLASS,10,W01001574,0,-1
2023451384845,2023,451384845,1,9,0,18,19,1,1,0,0,1,0,0,0,0,1,1,1,1,1,27,6,2987,2,9,MERCEDES E CLASS,4,E01032847,0,-1
2023052302153,2023,052302153,1,9,0,18,19,5,6,0,0,8,0,0,0,0,1,1,6,6,1,35,6,1950,2,7,MERCEDES E CLASS,1,E01004957,0,-1
2023471362456,2023,471362456,2,9,0,18,19,4,1,0,0,8,0,0,0,0,4,1,2,2,1,66,10,2597,1,22,MERCEDES E CLASS,5,E01031524,0,-1
2023430292410,2023,430292410,1,9,0,17,19,2,7,0,0,0,0,0,0,0,1,1,6,6,1,40,7,2987,2,18,MERCEDES E CLASS,5,E01016379,0,-1
2023010473495,2023,010473495,2,9,0,18,19,1,5,0,0,1,0,0,0,0,0,1,6,6,1,49,8,2143,2,8,MERCEDES E CLASS,3,E01000642,0,-1
2023451388434,2023,451388434,1,9,0,5,5,5,1,0,0,0,0,0,0,0,1,1,5,6,1,63,9,2143,2,8,MERCEDES E CLASS,10,E01030603,0,-1
2023340WN0232,2023,340WN0232,2,9,0,3,3,7,3,0,0,1,0,0,0,0,1,1,6,6,1,47,8,2143,2,10,MERCEDES E CLASS,1,E01033166,0,-1
2023010478747,2023,010478747,2,9,0,99,99,9,9,99,99,0,9,99,9,99,9,9,6,6,3,53,8,1950,2,6,MERCEDES E CLASS,1,E01003921,0,-1
2023461399066,2023,461399066,1,9,0,18,19,8,4,0,0,0,0,0,4,0,1,1,6,6,1,44,7,1950,2,4,MERCEDES E CLASS,2,E01000548,0,-1
2023010433792,2023,010433792,1,9,0,99,99,9,9,0,0,0,9,99,9,99,2,9,2,2,1,29,6,2143,2,13,MERCEDES E CLASS,3,E01001365,0,-1
2023522301679,2023,522301679,1,9,0,18,19,2,6,0,0,8,0,0,0,0,4,1,6,6,1,61,9,2143,2,8,MERCEDES E CLASS,7,E01014962,0,-1
2023010475388,2023,010475388,1,9,0,18,19,3,7,0,0,1,0,0,0,0,1,1,6,6,1,29,6,2143,2,8,MERCEDES E CLASS,8,E01001062,0,-1
2023161276179,2023,161276179,1,9,0,1,1,2,6,9,9,0,0,0,0,0,2,1,6,6,1,-1,-1,2987,2,17,MERCEDES E CLASS,1,E01013136,0,-1
2023010480422,2023,010480422,2,9,0,99,99,9,9,99,99,9,9,99,9,99,2,9,6,6,3,-1,-1,2987,2,9,MERCEDES E CLASS,-1,-1,0,-1
2023010484794,2023,010484794,2,9,0,99,99,9,9,99,99,9,9,99,9,99,1,9,6,6,3,-1,-1,1950,2,4,MERCEDES E CLASS,2,E01003032,0,-1
2023991364913,2023,991364913,1,9,0,18,19,1,5,0,0,1,1,11,0,0,1,1,6,6,1,25,5,2143,2,7,MERCEDES E CLASS,8,-1,0,-1
2023471302647,2023,471302647,2,9,0,18,19,2,6,0,0,0,0,0,0,0,1,1,6,6,1,60,9,2143,2,9,MERCEDES E CLASS,3,E01031360,0,-1
2023302300053,2023,302300053,1,8,0,7,7,2,4,0,0,2,0,0,0,0,1,1,1,1,1,62,9,2143,2,12,MERCEDES E CLASS,3,E01013572,0,-1
2023411380395,2023,411380395,4,9,0,4,4,1,5,0,0,0,0,0,0,0,2,1,5,6,2,28,6,2143,2,9,MERCEDES E CLASS,10,E01023567,0,-1
2023010450622,2023,010450622,1,8,0,18,19,1,5,0,0,1,0,0,0,0,1,1,1,1,1,53,8,1950,2,5,MERCEDES E CLASS,2,E01000063,0,-1
2023010441586,2023,010441586,1,9,0,18,19,6,2,0,0,2,0,0,0,0,3,1,1,1,1,26,6,1950,2,4,MERCEDES E CLASS,7,E01004516,0,-1
2023451280293,2023,451280293,3,9,0,18,19,2,6,0,0,1,0,1,0,0,1,1,2,2,1,62,9,2987,2,10,MERCEDES E CLASS,10,E01023114,0,-1
2023010478413,2023,010478413,1,9,0,7,7,7,2,0,0,1,0,0,0,0,4,1,6,6,2,37,7,1950,2,6,MERCEDES E CLASS,2,E01003196,0,-1
2023010473579,2023,010473579,1,9,0,9,9,8,7,4,4,5,0,8,3,0,1,1,1,1,1,47,8,1991,8,4,MERCEDES E CLASS,5,E01003863,0,-1
2023061306529,2023,061306529,1,9,0,9,9,1,7,0,0,1,0,0,0,0,1,1,6,6,2,67,10,1950,12,2,MERCEDES E CLASS,8,E01005852,0,-1
2023991282012,2023,991282012,1,9,0,16,19,7,3,0,0,0,0,0,1,11,1,1,5,6,2,25,5,1796,1,12,MERCEDES E CLASS,5,-1,0,-1
2023461363330,2023,461363330,1,9,0,18,19,6,2,0,0,0,0,0,0,0,1,1,6,6,1,29,6,1950,2,7,MERCEDES E CLASS,2,E01024248,0,-1
2023451338869,2023,451338869,2,9,0,18,19,1,5,0,0,0,0,0,0,0,2,1,1,1,1,51,8,1991,8,6,MERCEDES E CLASS,2,E01031450,0,-1
2023010429745,2023,010429745,3,9,0,18,19,1,5,0,0,0,0,0,0,0,3,1,6,6,1,55,8,1796,1,20,MERCEDES E CLASS,10,E01022862,0,-1
2023010469868,2023,010469868,1,9,0,18,19,3,7,0,0,4,0,0,0,0,1,1,6,6,2,74,10,2143,2,8,MERCEDES E CLASS,3,E01002585,0,-1
2023010421588,2023,010421588,2,9,9,99,99,9,9,99,99,9,9,99,9,99,9,9,6,6,2,49,8,2143,2,8,MERCEDES E CLASS,5,E01000302,0,-1
2023351306033,2023,351306033,2,9,0,18,19,7,3,0,0,1,0,0,0,0,1,1,5,6,2,28,6,2148,2,15,MERCEDES E CLASS,4,E01015614,0,-1
2023010478703,2023,010478703,2,9,0,9,9,5,3,0,0,1,0,0,0,0,0,1,6,6,1,24,5,2987,2,15,MERCEDES E CLASS,6,E01002662,0,-1
2023201316756,2023,201316756,1,9,0,18,19,4,8,0,0,2,0,0,0,0,1,1,6,6,1,36,7,1950,2,6,MERCEDES E CLASS,4,E01010149,0,-1
2023010433115,2023,010433115,1,9,0,99,99,9,9,0,0,9,9,99,9,99,2,9,6,6,2,25,5,2143,2,8,MERCEDES E CLASS,4,E01017058,0,-1
2023471304928,2023,471304928,1,9,0,12,12,4,8,0,0,0,0,0,0,0,3,1,5,6,1,64,9,2149,2,16,MERCEDES E CLASS,2,E01021091,0,-1
2023010446370,2023,010446370,2,9,0,5,5,3,7,0,0,1,0,0,0,0,3,1,2,2,1,32,6,2143,2,7,MERCEDES E CLASS,5,E01000564,0,-1
2023161386021,2023,161386021,1,9,0,7,7,5,3,9,9,1,1,0,4,0,1,1,5,6,1,43,7,1950,2,4,MERCEDES E CLASS,6,E01012953,0,-1
2023430430955,2023,430430955,2,9,0,18,19,4,8,0,0,1,0,0,0,0,1,1,6,6,1,20,4,1950,2,6,MERCEDES E CLASS,-1,-1,0,-1
2023061347063,2023,061347063,2,9,0,18,19,3,7,0,0,0,0,0,0,0,2,1,6,6,1,28,6,2143,2,8,MERCEDES E CLASS,2,E01005950,0,-1
2023070509815,2023,070509815,1,9,0,7,7,2,6,0,0,1,0,0,0,0,1,1,6,6,1,88,11,2987,2,14,MERCEDES E CLASS,5,E01018654,0,-1
2023411300810,2023,411300810,2,9,0,10,10,-1,-1,0,0,8,1,0,0,0,2,1,6,6,1,47,8,1950,2,6,MERCEDES E CLASS,2,E01015702,0,-1
2023311371839,2023,311371839,1,9,0,3,3,2,6,0,0,0,0,0,0,0,2,1,6,6,1,43,7,2143,2,7,MERCEDES E CLASS,1,E01013959,0,-1
2023340NN2592,2023,340NN2592,3,9,0,3,3,1,5,0,0,0,0,0,0,0,2,1,6,6,1,53,8,2987,2,15,MERCEDES E CLASS,3,E01027340,0,-1
2023061267857,2023,061267857,2,9,0,8,8,3,5,0,0,1,0,0,0,0,4,1,3,7,2,49,8,2149,2,15,MERCEDES E CLASS,6,E01005010,0,-1
2023421338364,2023,421338364,1,9,0,16,19,7,2,0,0,0,0,0,0,0,1,1,6,6,1,28,6,2996,1,9,MERCEDES E CLASS,3,E01021269,0,-1
2023101308576,2023,101308576,1,9,0,9,9,1,7,0,0,1,0,0,0,0,4,1,2,2,1,30,6,2143,2,12,MERCEDES E CLASS,3,E01008222,0,-1
2023545544223,2023,545544223,2,9,0,18,19,8,4,0,0,1,0,0,0,0,1,1,2,2,2,60,9,2143,2,9,MERCEDES E CLASS,2,E01015537,0,-1
2023471280513,2023,471280513,2,9,0,18,19,1,5,0,0,0,0,0,5,6,2,1,5,6,1,31,6,1950,2,5,MERCEDES E CLASS,3,E01031552,0,-1
2023131358170,2023,131358170,1,9,0,18,19,1,5,0,0,1,0,0,0,0,1,1,6,6,3,-1,-1,2987,2,6,MERCEDES E CLASS,-1,-1,0,-1
2023501310210,2023,501310210,2,9,0,9,9,7,8,0,0,1,0,0,0,0,3,1,6,6,1,27,6,2996,1,4,MERCEDES E CLASS,8,E01033232,0,-1
2023320159279,2023,320159279,2,9,0,9,9,5,3,0,0,5,0,0,0,0,0,1,1,1,2,57,9,2987,2,9,MERCEDES E CLASS,7,E01026179,0,-1
2023461374260,2023,461374260,2,8,0,18,19,1,5,0,0,8,0,0,0,0,1,1,1,1,1,65,9,1950,2,6,MERCEDES E CLASS,9,E01024849,0,-1
2023010458789,2023,010458789,1,9,0,99,99,9,9,99,99,9,9,99,9,99,2,9,6,6,1,46,8,2987,2,12,MERCEDES E CLASS,5,E01004307,0,-1
2023010475233,2023,010475233,1,9,0,99,99,9,9,99,99,9,9,99,9,99,9,9,6,6,1,26,6,1950,2,2,MERCEDES E CLASS,2,E01003594,0,-1
2023430546937,2023,430546937,2,9,0,18,19,3,7,0,0,0,0,0,0,0,1,1,6,6,1,31,6,1950,2,3,MERCEDES E CLASS,5,E01016841,0,-1