collision_index,collision_year,collision_ref_no,vehicle_reference,vehicle_type,towing_and_articulation,vehicle_manoeuvre_historic,vehicle_manoeuvre,vehicle_direction_from,vehicle_direction_to,vehicle_location_restricted_lane_historic,vehicle_location_restricted_lane,junction_location,skidding_and_overturning,hit_object_in_carriageway,vehicle_leaving_carriageway,hit_object_off_carriageway,first_point_of_impact,vehicle_left_hand_drive,journey_purpose_of_driver_historic,journey_purpose_of_driver,sex_of_driver,age_of_driver,age_band_of_driver,engine_capacity_cc,propulsion_code,age_of_vehicle,generic_make_model,driver_imd_decile,lsoa_of_driver,escooter_flag,driver_distance_banding
2023041294828,2023,041294828,1,9,0,18,19,7,3,0,0,1,1,0,3,11,1,1,2,2,1,44,7,2148,2,15,MERCEDES E CLASS,3,E01024952,0,-1
2023231366874,2023,231366874,1,9,0,9,9,1,2,0,0,6,0,0,0,0,1,1,6,6,1,83,11,2143,2,13,MERCEDES E CLASS,9,E01031243,0,-1
2023041283045,2023,041283045,1,9,0,7,7,1,3,0,0,0,5,0,0,0,2,1,6,6,1,64,9,2685,2,19,MERCEDES E CLASS,3,E01012676,0,-1
2023201283449,2023,201283449,1,9,0,9,9,5,3,0,0,5,0,0,0,0,1,1,6,6,1,21,5,2996,2,32,MERCEDES E CLASS,2,E01009505,0,-1
2023122301050,2023,122301050,1,9,0,18,19,3,7,0,0,8,0,0,0,0,4,1,6,6,1,27,6,2143,2,9,MERCEDES E CLASS,3,E01012307,0,-1
2023041287166,2023,041287166,2,9,0,18,19,3,7,0,0,0,0,0,0,0,1,1,2,2,2,30,6,2143,2,10,MERCEDES E CLASS,5,E01025271,0,-1
2023201408345,2023,201408345,1,9,0,18,19,7,3,0,0,0,0,4,0,0,1,1,6,6,1,21,5,1950,2,7,MERCEDES E CLASS,1,E01033643,0,-1
2023471272471,2023,471272471,2,9,0,18,19,5,1,0,0,0,0,0,0,0,1,1,6,6,2,50,8,1991,1,7,MERCEDES E CLASS,9,E01031728,0,-1
2023421330989,2023,421330989,2,9,0,5,5,3,7,0,0,1,0,0,0,0,3,1,1,1,1,51,8,1950,2,5,MERCEDES E CLASS,5,E01022034,0,-1
2023010451606,2023,010451606,1,8,0,99,99,9,9,99,99,9,9,99,9,99,9,9,2,2,1,46,8,1950,2,7,MERCEDES E CLASS,2,E01000078,0,-1
2023041304736,2023,041304736,1,9,0,18,19,-1,-1,0,0,1,0,0,0,0,-1,1,6,6,1,51,8,1950,2,4,MERCEDES E CLASS,5,E01025304,0,-1
2023531394482,2023,531394482,1,9,0,17,19,5,1,0,0,0,0,0,0,0,1,1,6,6,1,67,10,2987,2,12,MERCEDES E CLASS,10,E01031948,0,-1
2023340WN3412,2023,340WN3412,1,9,0,18,19,5,1,0,0,0,0,0,0,0,1,1,6,6,3,-1,-1,1950,2,4,MERCEDES E CLASS,-1,-1,0,-1
2023010483947,2023,010483947,2,8,0,99,99,9,9,99,99,9,9,99,9,99,9,9,6,6,3,41,7,1950,2,6,MERCEDES E CLASS,3,E01033583,0,-1
2023440332684,2023,440332684,1,9,0,18,19,4,8,0,0,1,0,0,7,1,4,1,6,6,1,28,6,2148,2,18,MERCEDES E CLASS,3,E01032738,0,-1
2023201384273,2023,201384273,2,9,0,18,19,5,1,0,0,8,0,0,0,0,1,1,6,6,1,27,6,1950,2,3,MERCEDES E CLASS,4,E01022399,0,-1
2023461353691,2023,461353691,1,9,-1,-1,-1,-1,-1,-1,-1,0,-1,-1,-1,0,-1,1,6,6,1,33,6,1950,2,5,MERCEDES E CLASS,7,E01024435,0,-1
2023010448551,2023,010448551,1,9,0,9,9,3,8,0,0,6,0,0,0,0,1,1,1,1,1,63,9,1950,2,6,MERCEDES E CLASS,2,E01001219,0,-1
2023010470655,2023,010470655,1,9,0,6,6,1,1,0,0,5,0,0,0,0,1,1,6,6,1,45,7,2143,2,8,MERCEDES E CLASS,-1,-1,0,-1
2023131310627,2023,131310627,1,9,0,-1,-1,-1,-1,-1,-1,0,-1,-1,-1,0,-1,1,6,6,3,-1,-1,2143,2,9,MERCEDES E CLASS,7,E01011521,0,-1
2023010445749,2023,010445749,2,9,0,16,19,2,5,0,0,1,0,0,0,0,1,1,6,6,1,66,10,2987,2,13,MERCEDES E CLASS,9,E01004097,0,-1
2023351313427,2023,351313427,2,9,0,18,19,6,7,0,0,0,0,0,0,0,1,1,5,6,1,54,8,1950,2,6,MERCEDES E CLASS,6,E01018020,0,-1
2023010429988,2023,010429988,1,9,0,18,19,1,5,0,0,1,0,0,0,0,4,1,6,6,2,43,7,1950,2,4,MERCEDES E CLASS,-1,-1,0,-1
2023010437429,2023,010437429,1,8,0,99,99,9,9,99,99,9,9,99,9,99,9,9,1,1,1,50,8,1950,2,4,MERCEDES E CLASS,3,E01002396,0,-1
2023471300521,2023,471300521,1,9,0,5,5,7,3,0,0,3,0,0,0,0,1,1,1,1,2,32,6,1950,2,6,MERCEDES E CLASS,6,E01031342,0,-1
2023501347303,2023,501347303,1,9,0,9,9,4,4,0,0,2,0,0,0,0,1,1,6,6,1,20,4,2148,2,16,MERCEDES E CLASS,5,E01015123,0,-1
2023430218005,2023,430218005,4,9,0,18,19,6,2,0,0,0,0,0,0,0,1,1,6,6,1,58,9,2143,2,8,MERCEDES E CLASS,6,E01028559,0,-1
2023471326980,2023,471326980,1,9,0,18,19,3,7,0,0,0,0,0,0,0,4,1,5,6,1,28,6,5439,1,20,MERCEDES E CLASS,8,E01031439,0,-1
2023421302045,2023,421302045,2,9,0,18,19,1,5,0,0,3,0,0,0,0,1,1,5,6,2,31,6,1950,2,5,MERCEDES E CLASS,5,E01021575,0,-1
2023451363434,2023,451363434,1,9,0,18,19,5,1,0,0,0,0,0,0,0,2,1,1,1,1,38,7,1950,2,5,MERCEDES E CLASS,4,E01030645,0,-1
2023010452712,2023,010452712,1,8,0,18,19,5,1,0,0,0,0,0,0,0,1,2,1,1,1,48,8,1950,2,5,MERCEDES E CLASS,5,E01004520,0,-1
2023201374910,2023,201374910,2,9,0,10,10,1,7,0,0,1,0,0,0,0,2,1,2,2,1,35,6,2143,2,12,MERCEDES E CLASS,3,E01010051,0,-1
2023061322585,2023,061322585,4,9,0,2,2,0,0,0,0,6,0,0,0,0,1,1,6,6,3,-1,-1,2143,2,11,MERCEDES E CLASS,-1,-1,0,-1
202360A129504,2023,60A129504,3,9,0,3,3,6,2,0,0,0,0,0,0,0,2,1,6,6,2,45,7,2143,2,12,MERCEDES E CLASS,-1,-1,0,-1
2023010458597,2023,010458597,2,9,0,9,9,8,5,0,0,2,0,0,0,0,0,1,6,6,3,-1,-1,2143,12,8,MERCEDES E CLASS,-1,-1,0,-1
2023010454088,2023,010454088,1,8,0,99,99,9,9,99,99,9,9,99,9,99,2,9,6,6,2,38,7,1950,2,5,MERCEDES E CLASS,2,E01033712,0,-1
2023451383706,2023,451383706,1,9,0,14,14,7,3,0,0,0,0,0,0,0,4,1,2,2,1,72,10,2987,2,6,MERCEDES E CLASS,10,E01030561,0,-1
2023201448029,2023,201448029,2,9,0,18,19,6,2,0,0,8,0,0,0,0,1,1,6,6,1,56,9,2143,2,9,MERCEDES E CLASS,10,E01029513,0,-1
2023010441294,2023,010441294,1,9,0,99,99,9,9,99,99,9,9,99,9,99,9,9,6,6,2,41,7,2143,2,14,MERCEDES E CLASS,10,E01023370,0,-1
2023440226337,2023,440226337,1,9,0,2,2,0,0,0,0,0,0,0,0,0,3,1,6,6,1,49,8,2143,2,8,MERCEDES E CLASS,7,E01017259,0,-1
2023131291046,2023,131291046,2,9,0,18,19,7,3,0,0,0,0,0,0,0,3,1,6,6,1,57,9,1950,2,4,MERCEDES E CLASS,9,E01026402,0,-1
2023201331811,2023,201331811,1,9,0,9,9,6,4,0,0,6,0,0,0,0,1,1,6,6,1,73,10,2987,2,10,MERCEDES E CLASS,7,E01010246,0,-1
2023411394237,2023,411394237,2,9,0,4,4,3,7,0,0,0,0,0,0,0,2,1,2,2,1,34,6,2987,2,6,MERCEDES E CLASS,7,E01000228,0,-1
2023401344363,2023,401344363,1,9,0,18,19,-1,-1,0,0,0,0,0,0,0,4,1,5,6,1,76,11,2143,2,14,MERCEDES E CLASS,10,E01017606,0,-1
2023010444722,2023,010444722,1,9,0,9,9,5,2,0,0,1,0,0,0,0,1,1,6,6,2,33,6,1950,2,6,MERCEDES E CLASS,4,E01001995,0,-1
2023010440831,2023,010440831,3,9,0,2,2,0,0,0,0,0,0,0,0,0,1,1,6,6,3,-1,-1,1950,2,7,MERCEDES E CLASS,-1,-1,0,-1
2023201450877,2023,201450877,1,9,0,9,9,6,4,0,0,6,0,0,1,0,1,1,6,6,3,22,5,1950,2,5,MERCEDES E CLASS,4,E01033099,0,-1
2023430157933,2023,430157933,1,9,0,18,19,4,8,0,0,0,0,0,7,10,1,1,6,6,1,55,8,1950,2,6,MERCEDES E CLASS,3,E01020556,0,-1
2023411359307,2023,411359307,1,9,0,13,13,7,3,0,0,1,0,0,0,0,4,1,2,2,1,25,5,1950,2,7,MERCEDES E CLASS,2,E01015733,0,-1
2023010460533,2023,010460533,1,9,0,17,19,1,5,0,0,1,0,0,7,0,1,1,6,6,1,57,9,1950,2,6,MERCEDES E CLASS,2,E01022900,0,-1
2023131260767,2023,131260767,1,9,0,18,19,1,5,0,0,0,5,10,1,2,4,1,2,2,1,27,6,2987,2,11,MERCEDES E CLASS,8,E01032488,0,-1
2023471369497,2023,471369497,2,9,0,4,4,6,3,0,0,0,0,0,0,0,1,1,5,6,1,55,8,1950,2,6,MERCEDES E CLASS,6,E01031586,0,-1
2023010455309,2023,010455309,2,8,0,99,99,9,9,99,99,9,9,99,9,99,1,9,6,6,3,-1,-1,1991,8,3,MERCEDES E CLASS,-1,-1,0,-1
2023201383284,2023,201383284,1,9,0,18,19,5,1,0,0,5,0,0,0,0,4,1,2,2,1,25,5,2987,2,12,MERCEDES E CLASS,1,E01009326,0,-1
2023010460792,2023,010460792,2,9,0,99,99,9,9,99,99,9,9,99,9,99,2,9,6,6,3,-1,-1,1950,2,2,MERCEDES E CLASS,-1,-1,0,-1
2023010469145,2023,010469145,2,9,0,99,99,9,9,99,99,9,9,99,9,99,9,9,6,6,3,-1,-1,1950,2,6,MERCEDES E CLASS,3,E01032581,0,-1
2023101285846,2023,101285846,2,9,0,18,19,1,5,0,0,1,0,0,0,0,1,1,5,6,1,52,8,1950,12,4,MERCEDES E CLASS,-1,-1,0,-1
2023991327522,2023,991327522,2,9,0,4,4,4,8,0,0,0,0,0,0,0,1,1,5,6,1,63,9,2987,2,7,MERCEDES E CLASS,2,-1,0,-1
2023461366272,2023,461366272,1,9,0,17,19,7,8,0,0,1,1,10,1,0,4,1,6,6,2,44,7,2143,2,11,MERCEDES E CLASS,6,E01024512,0,-1
202360A067594,2023,60A067594,2,9,0,2,2,0,0,0,0,0,0,0,0,0,1,1,6,6,2,58,9,2143,2,12,MERCEDES E CLASS,-1,-1,0,-1
202360A175062,2023,60A175062,2,9,0,9,9,6,4,0,0,1,0,0,0,0,3,1,6,6,1,60,9,2143,2,9,MERCEDES E CLASS,-1,-1,0,-1
2023461384041,2023,461384041,2,9,0,18,19,5,1,0,0,0,0,0,0,0,1,1,5,6,2,44,7,2987,2,15,MERCEDES E CLASS,8,E01030877,0,-1
2023010452041,2023,010452041,1,9,0,18,19,1,5,0,0,0,0,0,0,0,0,1,1,1,1,45,7,1991,1,3,MERCEDES E CLASS,4,E01001939,0,-1
2023010428956,2023,010428956,2,9,0,2,2,0,0,0,0,2,0,4,0,0,2,1,6,6,3,-1,-1,2597,1,20,MERCEDES E CLASS,-1,-1,0,-1
2023131375655,2023,131375655,1,9,0,-1,-1,-1,-1,-1,-1,-1,-1,-1,-1,0,-1,1,6,6,3,-1,-1,1991,8,1,MERCEDES E CLASS,-1,-1,0,-1
2023010434736,2023,010434736,1,9,0,14,14,5,1,0,0,0,0,0,0,0,1,1,1,1,1,44,7,1950,12,2,MERCEDES E CLASS,9,E01000456,0,-1
2023451299431,2023,451299431,1,9,0,7,7,3,7,0,0,3,0,0,0,0,1,1,3,7,1,35,6,3222,2,20,MERCEDES E CLASS,2,E01002606,0,-1
2023451366298,2023,451366298,3,9,0,18,19,1,5,0,0,0,0,0,0,0,2,1,5,6,1,41,7,1950,2,5,MERCEDES E CLASS,5,E01002489,0,-1
2023451344258,2023,451344258,4,9,0,18,19,1,5,0,0,0,0,0,0,0,1,1,5,6,1,41,7,2987,2,14,MERCEDES E CLASS,10,E01018263,0,-1
2023421284102,2023,421284102,1,9,0,18,19,7,3,0,0,0,0,0,0,0,3,1,5,6,1,28,6,1950,2,3,MERCEDES E CLASS,4,E01021501,0,-1
2023522301337,2023,522301337,1,9,0,18,19,5,1,0,0,8,0,0,0,0,1,1,6,6,1,55,8,1950,2,2,MERCEDES E CLASS,10,E01014855,0,-1
2023101312697,2023,101312697,1,9,0,18,19,8,3,0,0,0,0,0,0,0,4,1,6,6,1,69,10,2143,2,13,MERCEDES E CLASS,9,-1,0,-1
2023440085690,2023,440085690,2,9,0,18,19,5,1,0,0,4,0,0,0,0,1,1,6,6,2,45,7,2143,2,11,MERCEDES E CLASS,9,E01022639,0,-1
2023010432757,2023,010432757,1,8,0,14,14,1,5,0,0,1,9,0,0,0,4,9,1,1,1,40,7,1950,2,4,MERCEDES E CLASS,5,E01004646,0,-1
2023201387633,2023,201387633,3,9,0,4,4,3,7,0,0,1,0,0,0,0,3,1,6,6,1,66,10,2148,2,15,MERCEDES E CLASS,1,E01009182,0,-1
2023461309872,2023,461309872,2,9,0,18,19,7,3,0,0,0,0,0,0,0,2,1,6,6,1,46,8,2143,12,11,MERCEDES E CLASS,3,E01002251,0,-1
2023141322985,2023,141322985,1,9,0,18,19,7,7,0,0,0,5,4,0,0,4,1,5,6,1,38,7,2149,2,16,MERCEDES E CLASS,5,E01033262,0,-1
2023430514120,2023,430514120,1,8,0,18,19,2,6,0,0,8,0,0,0,0,3,1,1,1,1,54,8,1950,2,6,MERCEDES E CLASS,1,E01016811,0,-1
2023471295042,2023,471295042,1,9,0,17,19,8,8,0,0,0,0,0,0,0,1,1,5,6,2,42,7,2143,2,11,MERCEDES E CLASS,5,E01030482,0,-1
2023430111832,2023,430111832,2,9,0,18,19,5,1,0,0,8,0,0,0,0,4,1,6,6,1,33,6,2685,2,21,MERCEDES E CLASS,4,E01017570,0,-1
2023010435214,2023,010435214,1,9,0,9,9,3,1,0,0,0,0,0,0,0,1,1,6,6,1,32,6,2143,2,9,MERCEDES E CLASS,4,E01015936,0,-1
2023010461111,2023,010461111,1,9,0,99,99,9,9,99,99,0,9,99,9,99,2,9,6,6,1,39,7,1950,2,4,MERCEDES E CLASS,-1,-1,0,-1
2023101264671,2023,101264671,1,9,0,5,5,6,2,0,0,0,0,0,0,0,4,1,1,1,1,23,5,2143,2,7,MERCEDES E CLASS,7,E01008243,0,-1
2023481377645,2023,481377645,2,9,0,18,19,1,5,0,0,0,0,0,0,0,4,1,5,6,1,34,6,1950,2,5,MERCEDES E CLASS,-1,-1,0,-1
2023010474945,2023,010474945,1,9,0,18,19,3,7,0,0,1,0,0,0,0,1,1,6,6,3,-1,-1,1950,2,6,MERCEDES E CLASS,-1,-1,0,-1
2023461302677,2023,461302677,1,9,0,18,19,1,5,0,0,0,0,0,0,0,0,1,6,6,2,41,7,2143,2,6,MERCEDES E CLASS,8,E01024271,0,-1
2023010474935,2023,010474935,1,9,0,99,99,9,9,99,99,0,9,99,9,99,9,9,6,6,2,72,10,2143,2,12,MERCEDES E CLASS,4,E01003216,0,-1
2023010444833,2023,010444833,1,9,0,7,7,5,7,0,0,5,0,0,0,0,1,2,6,6,1,33,6,1950,2,6,MERCEDES E CLASS,4,E01017903,0,-1
2023622300226,2023,622300226,1,9,0,1,1,8,4,0,0,0,0,0,0,0,2,1,6,6,1,75,10,2143,2,10,MERCEDES E CLASS,10,W01001896,0,-1
2023471259733,2023,471259733,2,9,0,9,9,4,3,0,0,1,0,0,0,0,4,1,6,6,1,64,9,1950,2,6,MERCEDES E CLASS,7,E01032717,0,-1
2023010454969,2023,010454969,1,8,0,3,3,1,5,0,0,1,0,8,0,0,4,1,1,1,1,45,7,1991,8,6,MERCEDES E CLASS,7,E01004635,0,-1
2023161352166,2023,161352166,1,9,0,18,19,3,7,0,0,0,0,0,0,0,3,1,6,6,1,74,10,1796,1,12,MERCEDES E CLASS,2,E01011815,0,-1
2023610013723,2023,610013723,1,9,0,4,4,6,2,0,0,0,0,0,0,0,2,1,6,6,1,65,9,2143,2,7,MERCEDES E CLASS,2,W01001660,0,-1
2023010454418,2023,010454418,1,9,0,7,7,3,5,99,99,0,9,0,0,0,1,1,6,6,1,56,9,2143,2,7,MERCEDES E CLASS,2,E01003542,0,-1
2023041318701,2023,041318701,1,9,0,18,19,8,4,0,0,2,0,0,2,0,1,1,5,6,1,39,7,2143,2,11,MERCEDES E CLASS,8,E01025241,0,-1
2023461273195,2023,461273195,1,9,0,18,19,1,4,0,0,1,0,0,0,0,1,1,6,6,2,-1,-1,2143,2,8,MERCEDES E CLASS,3,E01016150,0,-1
2023041307206,2023,041307206,1,9,0,17,19,7,1,0,0,1,0,0,0,0,3,1,6,6,2,35,6,2143,2,11,MERCEDES E CLASS,1,E01024898,0,-1
2023141274912,2023,141274912,2,9,0,18,19,1,5,0,0,1,0,0,0,0,1,1,5,6,1,27,6,2143,2,14,MERCEDES E CLASS,1,E01007634,0,-1
2023411334326,2023,411334326,1,9,0,18,19,7,3,0,0,0,0,0,0,0,2,1,5,6,1,49,8,1950,2,5,MERCEDES E CLASS,4,E01009688,0,-1
2023010472276,2023,010472276,2,9,0,99,99,9,9,99,99,9,9,99,9,99,1,9,6,6,3,-1,-1,2925,2,3,MERCEDES E CLASS,-1,-1,0,-1
2023361288051,2023,361288051,2,9,0,18,19,3,7,0,0,1,1,0,0,0,1,1,6,6,2,36,7,2143,2,13,MERCEDES E CLASS,5,E01026428,0,-1
2023361333721,2023,361333721,1,9,0,6,6,2,2,0,0,1,0,0,0,0,3,1,5,6,1,72,10,2987,2,9,MERCEDES E CLASS,8,E01007610,0,-1
2023351325350,2023,351325350,1,9,0,18,19,5,1,0,0,1,0,0,0,0,1,1,5,6,1,45,7,1950,2,3,MERCEDES E CLASS,2,E01015654,0,-1
2023622300431,2023,622300431,1,9,0,18,19,4,8,0,0,1,0,0,0,0,0,1,6,6,1,44,7,2143,2,9,MERCEDES E CLASS,1,W01001694,0,-1
2023010447781,2023,010447781,2,9,0,99,99,9,9,99,99,9,9,99,9,99,2,9,6,6,3,-1,-1,1950,2,5,MERCEDES E CLASS,-1,-1,0,-1
2023061295142,2023,061295142,1,9,0,18,19,3,7,0,0,0,0,0,1,0,1,1,5,6,1,75,10,2143,2,11,MERCEDES E CLASS,3,E01006282,0,-1
2023302300656,2023,302300656,1,9,0,7,7,2,3,0,0,6,0,0,0,0,1,1,6,6,1,60,9,2143,2,11,MERCEDES E CLASS,7,E01013558,0,-1
2023201419505,2023,201419505,2,9,0,18,19,2,4,0,0,2,0,0,0,0,2,1,6,6,1,56,9,1950,2,4,MERCEDES E CLASS,2,E01009098,0,-1
2023010424967,2023,010424967,3,9,0,99,99,9,9,0,0,0,0,0,0,0,1,9,6,6,1,26,6,2143,2,8,MERCEDES E CLASS,3,E01000062,0,-1
2023141273980,2023,141273980,2,9,0,18,19,2,7,0,0,0,1,0,0,0,1,1,6,6,3,-1,-1,2685,2,19,MERCEDES E CLASS,-1,-1,0,-1
2023451297518,2023,451297518,2,9,0,5,5,3,7,0,0,2,0,0,0,0,3,1,5,6,1,58,9,3498,1,13,MERCEDES E CLASS,7,E01030515,0,-1
2023201375985,2023,201375985,1,9,0,5,5,5,8,0,0,0,0,0,0,0,1,1,6,6,2,44,7,1993,12,0,MERCEDES E CLASS,9,E01029672,0,-1
2023549903523,2023,549903523,1,8,0,18,19,5,1,0,0,1,0,0,0,0,1,1,6,6,1,42,7,2143,2,8,MERCEDES E CLASS,7,E01031976,0,-1
2023361380935,2023,361380935,2,9,0,4,4,1,5,0,0,1,0,0,0,0,2,1,6,6,2,38,7,2143,2,9,MERCEDES E CLASS,6,E01026797,0,-1
2023231280032,2023,231280032,1,9,0,17,19,1,6,0,0,0,0,0,0,0,1,1,6,6,1,25,5,1950,2,6,MERCEDES E CLASS,2,E01031119,0,-1
2023351358965,2023,351358965,1,9,0,14,14,5,1,0,0,0,0,0,0,0,1,1,6,6,3,-1,-1,2143,2,11,MERCEDES E CLASS,-1,-1,0,-1
2023430549276,2023,430549276,1,8,0,17,19,5,2,0,0,8,0,0,0,0,3,1,1,1,1,60,9,2143,2,8,MERCEDES E CLASS,-1,-1,0,-1
2023010438832,2023,010438832,4,9,0,2,2,0,0,0,0,0,0,0,0,0,1,1,6,6,3,-1,-1,1796,1,13,MERCEDES E CLASS,-1,-1,0,-1
2023361317446,2023,361317446,1,8,0,9,9,3,7,0,0,7,0,0,0,0,1,1,2,2,1,60,9,2143,2,12,MERCEDES E CLASS,5,E01026902,0,-1
2023041341618,2023,041341618,4,9,0,18,19,1,5,0,0,1,0,0,0,0,2,1,6,6,1,61,9,2143,2,12,MERCEDES E CLASS,7,E01025102,0,-1
2023010446514,2023,010446514,2,9,0,18,19,7,3,0,0,8,0,0,0,0,1,1,6,6,1,-1,-1,2987,2,7,MERCEDES E CLASS,-1,-1,0,-1
2023010468236,2023,010468236,1,9,0,18,19,1,5,0,0,1,0,0,0,0,1,1,6,6,1,50,8,2987,2,12,MERCEDES E CLASS,4,E01002001,0,-1
2023041365024,2023,041365024,1,9,0,18,19,7,3,0,0,1,0,0,0,0,1,1,5,6,1,26,6,2143,2,9,MERCEDES E CLASS,7,E01025079,0,-1
2023461297283,2023,461297283,1,9,0,5,5,6,2,0,0,0,0,0,0,0,1,1,6,6,1,-1,-1,1796,1,12,MERCEDES E CLASS,-1,-1,0,-1
2023430270056,2023,430270056,1,8,0,18,19,8,4,0,0,0,0,0,0,0,1,1,1,1,1,46,8,2143,12,9,MERCEDES E CLASS,6,E01017911,0,-1
2023531285560,2023,531285560,1,9,0,18,19,8,4,0,0,1,0,0,0,0,1,1,5,6,1,63,9,2987,2,12,MERCEDES E CLASS,4,E01022102,0,-1
2023131348924,2023,131348924,2,9,0,3,3,5,1,0,0,1,0,0,0,0,2,1,5,6,1,63,9,1950,2,3,MERCEDES E CLASS,7,E01011067,0,-1
2023052302854,2023,052302854,1,9,0,9,9,2,1,0,0,1,0,0,0,0,1,1,1,1,1,66,10,1950,2,5,MERCEDES E CLASS,9,E01007284,0,-1
2023201424160,2023,201424160,1,9,0,3,3,-1,-1,0,0,1,0,0,0,0,1,1,6,6,2,50,8,2143,2,7,MERCEDES E CLASS,1,E01009117,0,-1
2023401379299,2023,401379299,2,9,0,9,9,3,7,0,0,8,0,0,0,0,3,1,6,6,2,40,7,2148,2,18,MERCEDES E CLASS,3,E01017580,0,-1
2023421381919,2023,421381919,1,9,0,9,9,3,5,0,0,5,0,0,0,0,1,1,5,6,1,62,9,2925,2,0,MERCEDES E CLASS,10,E01021455,0,-1
2023041297166,2023,041297166,2,9,0,7,7,5,5,0,0,1,0,0,0,0,1,1,1,1,1,46,8,2148,2,15,MERCEDES E CLASS,1,E01025592,0,-1
2023010423495,2023,010423495,2,9,0,99,99,9,9,99,99,9,9,99,9,99,1,9,6,6,3,-1,-1,2143,2,9,MERCEDES E CLASS,2,E01002505,0,-1
2023201416297,2023,201416297,3,9,0,3,3,8,4,0,0,1,0,0,0,0,3,1,2,2,3,43,7,2987,2,12,MERCEDES E CLASS,1,E01010443,0,-1
2023430279115,2023,430279115,2,9,0,18,19,3,7,0,0,0,0,0,0,0,1,1,1,1,2,31,6,1950,2,5,MERCEDES E CLASS,8,E01016491,0,-1
2023340WN6592,2023,340WN6592,2,9,0,18,19,2,6,0,0,0,0,0,1,9,3,1,2,2,1,56,9,1991,8,3,MERCEDES E CLASS,8,E01027181,0,-1
2023201315297,2023,201315297,1,9,0,17,19,2,6,0,0,6,0,0,0,0,1,1,6,6,1,43,7,2143,2,13,MERCEDES E CLASS,2,E01009022,0,-1
2023302301275,2023,302301275,2,9,0,4,4,4,8,0,0,1,0,0,0,0,2,1,6,6,2,55,8,2148,2,19,MERCEDES E CLASS,9,E01006017,0,-1
2023010450629,2023,010450629,1,9,0,18,19,1,5,0,0,0,0,0,0,0,1,1,6,6,1,22,5,1950,2,1,MERCEDES E CLASS,5,E01001647,0,-1
2023070432980,2023,070432980,2,9,0,16,19,1,5,0,0,2,0,0,0,0,3,1,6,6,1,42,7,1950,2,7,MERCEDES E CLASS,2,E01033302,0,-1
2023311290692,2023,311290692,2,9,0,5,5,5,1,0,0,1,0,0,3,0,1,1,6,6,1,80,11,2685,2,20,MERCEDES E CLASS,3,E01028033,0,-1
2023010458682,2023,010458682,1,9,0,9,9,1,8,0,0,8,0,0,0,0,1,1,6,6,2,67,10,2143,2,11,MERCEDES E CLASS,-1,-1,0,-1
2023010434261,2023,010434261,1,9,3,9,9,1,7,0,0,6,0,0,0,0,3,1,2,2,1,60,9,1950,2,5,MERCEDES E CLASS,6,E01001573,0,-1
2023010438190,2023,010438190,2,9,0,99,99,9,9,99,99,9,9,99,9,99,1,9,6,6,3,-1,-1,1950,2,5,MERCEDES E CLASS,-1,-1,0,-1
2023122301066,2023,122301066,1,9,0,9,9,5,1,0,0,5,0,0,0,0,0,1,6,6,1,30,6,1950,2,6,MERCEDES E CLASS,1,E01027804,0,-1
2023010485015,2023,010485015,6,9,0,4,4,7,3,0,0,0,0,0,0,0,1,1,2,2,1,55,8,1950,2,5,MERCEDES E CLASS,3,E01024263,0,-1
2023332300820,2023,332300820,2,9,0,2,2,0,0,0,0,2,0,0,0,0,2,1,6,6,3,-1,-1,1950,2,4,MERCEDES E CLASS,-1,-1,0,-1
2023010452502,2023,010452502,1,9,0,4,4,1,5,0,0,2,0,0,0,0,2,1,2,2,1,44,7,1950,2,6,MERCEDES E CLASS,3,E01002532,0,-1
2023471373649,2023,471373649,1,9,0,5,5,0,7,0,0,0,0,0,0,0,3,1,5,6,1,32,6,2143,2,8,MERCEDES E CLASS,5,E01031577,0,-1
2023430301142,2023,430301142,1,9,0,18,19,2,6,0,0,1,0,0,0,0,1,1,6,6,2,21,5,2143,2,14,MERCEDES E CLASS,10,E01016634,0,-1
2023311349037,2023,311349037,2,9,0,3,3,4,8,0,0,8,0,0,0,0,2,1,6,6,1,46,8,2987,2,12,MERCEDES E CLASS,1,E01013882,0,-1
2023010444468,2023,010444468,2,9,0,7,7,1,4,0,0,8,0,0,0,0,1,1,6,6,1,40,7,1950,2,6,MERCEDES E CLASS,6,E01003843,0,-1
2023010456934,2023,010456934,1,9,0,9,9,7,4,0,0,2,0,0,0,0,4,1,6,6,1,46,8,1991,8,6,MERCEDES E CLASS,1,E01033605,0,-1
2023201298263,2023,201298263,1,9,0,18,19,2,6,0,0,4,0,10,1,0,3,1,1,1,1,49,8,2143,2,10,MERCEDES E CLASS,4,E01009035,0,-1
2023201415088,2023,201415088,2,9,0,18,19,8,4,0,0,0,0,0,0,0,1,1,6,6,1,40,7,1950,2,5,MERCEDES E CLASS,1,E01009136,0,-1