collision_index,collision_year,collision_ref_no,vehicle_reference,vehicle_type,towing_and_articulation,vehicle_manoeuvre_historic,vehicle_manoeuvre,vehicle_direction_from,vehicle_direction_to,vehicle_location_restricted_lane_historic,vehicle_location_restricted_lane,junction_location,skidding_and_overturning,hit_object_in_carriageway,vehicle_leaving_carriageway,hit_object_off_carriageway,first_point_of_impact,vehicle_left_hand_drive,journey_purpose_of_driver_historic,journey_purpose_of_driver,sex_of_driver,age_of_driver,age_band_of_driver,engine_capacity_cc,propulsion_code,age_of_vehicle,generic_make_model,driver_imd_decile,lsoa_of_driver,escooter_flag,driver_distance_banding
2023520000985,2023,520000985,1,9,0,18,19,3,7,0,0,3,0,0,7,4,3,1,6,6,1,32,6,3498,1,8,MERCEDES E CLASS,7,E01014702,0,-1
2023340WN7132,2023,340WN7132,1,8,0,18,19,3,7,0,0,2,0,0,0,0,1,1,1,1,1,41,7,1950,2,5,MERCEDES E CLASS,6,E01016832,0,-1
2023010465365,2023,010465365,1,9,0,5,5,1,5,0,0,1,0,0,0,0,3,1,6,6,1,27,6,1950,2,2,MERCEDES E CLASS,4,E01004027,0,-1
2023010459831,2023,010459831,2,9,0,99,99,9,9,99,99,9,9,99,9,99,9,9,6,6,3,-1,-1,1950,2,6,MERCEDES E CLASS,7,E01003651,0,-1
2023411342175,2023,411342175,2,9,0,18,19,1,5,0,0,0,0,0,0,0,3,1,6,6,1,80,11,1950,2,6,MERCEDES E CLASS,10,E01023367,0,-1
2023010425257,2023,010425257,1,9,0,7,7,5,8,1,1,1,0,10,0,0,1,1,6,6,2,41,7,1950,2,6,MERCEDES E CLASS,3,E01002235,0,-1
2023522400500,2023,522400500,1,9,0,3,3,1,5,0,0,2,0,0,0,0,2,1,6,6,1,76,11,2143,2,8,MERCEDES E CLASS,3,E01014731,0,-1
2023351406489,2023,351406489,2,9,0,18,19,3,7,0,0,0,0,0,0,0,2,1,6,6,1,58,9,2987,2,16,MERCEDES E CLASS,10,E01018305,0,-1
2023010431547,2023,010431547,1,9,0,18,19,1,5,0,0,0,5,10,0,0,1,1,6,6,1,23,5,1950,2,3,MERCEDES E CLASS,3,E01001505,0,-1
2023991389435,2023,991389435,2,9,0,2,2,0,0,0,0,0,0,0,0,0,2,1,6,6,3,-1,-1,1950,2,4,MERCEDES E CLASS,-1,-1,0,-1
2023471364165,2023,471364165,2,9,0,18,19,8,5,0,0,1,0,0,0,0,1,1,5,6,1,69,10,1950,2,2,MERCEDES E CLASS,2,E01020911,0,-1
2023010476122,2023,010476122,2,9,0,9,9,3,1,0,0,8,0,0,0,0,3,1,6,6,1,34,6,1950,2,4,MERCEDES E CLASS,1,E01001549,0,-1
2023231291589,2023,231291589,1,9,0,5,5,7,3,0,0,0,0,0,0,0,1,1,6,6,1,46,8,2143,2,8,MERCEDES E CLASS,3,E01031047,0,-1
2023010452938,2023,010452938,1,9,0,18,19,3,7,0,0,6,0,7,7,0,1,1,6,6,1,24,5,1991,8,1,MERCEDES E CLASS,-1,-1,0,-1
2023010462520,2023,010462520,1,9,0,99,99,9,9,99,99,0,9,99,9,99,2,9,6,6,1,47,8,1950,2,4,MERCEDES E CLASS,3,E01003625,0,-1
2023010468217,2023,010468217,2,8,0,9,9,5,3,99,99,9,9,0,0,0,3,9,6,6,3,42,7,1950,12,4,MERCEDES E CLASS,2,E01000154,0,-1
2023430487533,2023,430487533,1,9,0,3,3,7,3,0,0,0,0,0,0,0,2,1,2,2,2,51,8,1950,2,7,MERCEDES E CLASS,10,E01016284,0,-1
2023061357346,2023,061357346,1,9,0,18,19,8,4,0,0,0,0,0,0,0,1,1,5,6,1,42,7,2987,2,18,MERCEDES E CLASS,1,E01005703,0,-1
2023520301402,2023,520301402,1,9,0,9,9,1,7,0,0,5,0,0,0,0,3,1,6,6,1,42,7,1950,2,4,MERCEDES E CLASS,-1,-1,0,-1
2023010459543,2023,010459543,1,8,0,99,99,9,9,99,99,9,9,99,9,99,1,9,1,1,1,48,8,1950,2,5,MERCEDES E CLASS,5,E01000159,0,-1
2023010484488,2023,010484488,2,9,0,3,3,5,1,0,0,1,0,0,0,0,2,2,6,6,1,42,7,1950,12,3,MERCEDES E CLASS,6,E01003840,0,-1
2023141292177,2023,141292177,2,9,0,4,4,5,1,0,0,1,0,0,0,0,1,1,5,6,1,26,6,2143,2,8,MERCEDES E CLASS,3,E01007550,0,-1
2023010484598,2023,010484598,1,9,0,5,5,1,5,0,0,0,0,0,0,0,3,1,6,6,1,64,9,2143,12,8,MERCEDES E CLASS,3,E01020991,0,-1
2023010432881,2023,010432881,2,9,0,10,10,1,6,0,0,1,0,0,0,0,2,1,6,6,1,44,7,2987,2,18,MERCEDES E CLASS,7,E01000710,0,-1
2023111362081,2023,111362081,1,9,0,16,19,8,4,0,0,0,0,0,0,0,1,1,5,6,1,49,8,2987,2,12,MERCEDES E CLASS,6,E01008574,0,-1
2023471358130,2023,471358130,1,9,0,9,9,4,8,0,0,0,0,0,1,10,1,1,6,6,1,36,7,5439,1,19,MERCEDES E CLASS,8,E01021147,0,-1
2023631321300,2023,631321300,1,9,0,18,19,6,2,0,0,0,0,0,0,0,1,1,6,6,1,81,11,2987,2,6,MERCEDES E CLASS,8,W01001569,0,-1
2023351393932,2023,351393932,1,9,0,-1,-1,-1,-1,-1,-1,0,-1,-1,-1,0,-1,1,6,6,1,49,8,1950,2,7,MERCEDES E CLASS,4,E01014192,0,-1
2023010476943,2023,010476943,3,9,0,18,19,3,7,0,0,1,0,0,0,0,1,1,6,6,1,45,7,1950,2,6,MERCEDES E CLASS,-1,-1,0,-1
2023501354894,2023,501354894,2,9,0,18,19,7,3,0,0,0,0,0,0,0,1,1,5,6,1,84,11,2685,2,19,MERCEDES E CLASS,3,E01018990,0,-1
2023430173794,2023,430173794,2,8,0,18,19,4,8,0,0,0,0,0,0,0,1,1,3,7,1,51,8,1950,2,7,MERCEDES E CLASS,-1,-1,0,-1
2023010463676,2023,010463676,1,9,0,9,9,1,7,0,0,1,0,0,0,0,1,1,6,6,2,56,9,1991,1,5,MERCEDES E CLASS,9,E01000827,0,-1
2023010485231,2023,010485231,1,9,0,12,12,1,5,0,0,2,0,0,0,0,3,1,1,1,1,50,8,1950,2,5,MERCEDES E CLASS,1,E01000106,0,-1
2023010469255,2023,010469255,2,8,0,7,7,6,1,0,0,1,0,0,0,0,3,1,1,1,1,32,6,1950,2,4,MERCEDES E CLASS,7,E01023335,0,-1
2023010455480,2023,010455480,2,9,0,18,19,4,8,0,0,8,0,0,1,11,3,1,6,6,2,63,9,1950,2,6,MERCEDES E CLASS,2,E01033485,0,-1
2023010464272,2023,010464272,1,9,0,18,19,3,7,0,0,2,0,0,0,0,1,1,6,6,1,33,6,2143,2,8,MERCEDES E CLASS,3,E01003588,0,-1
2023010428363,2023,010428363,2,9,0,18,19,5,1,0,0,1,0,0,0,0,1,1,6,6,1,48,8,2143,2,8,MERCEDES E CLASS,7,E01002578,0,-1
2023320097745,2023,320097745,2,9,0,2,2,0,0,0,0,0,0,0,0,0,3,1,6,6,3,-1,-1,2987,2,14,MERCEDES E CLASS,-1,-1,0,-1
2023010445748,2023,010445748,2,9,0,6,6,1,1,0,0,1,0,0,0,0,1,2,6,6,1,22,5,1950,2,6,MERCEDES E CLASS,4,E01003803,0,-1
2023522400882,2023,522400882,1,8,0,12,12,7,3,0,0,0,0,0,0,0,2,1,1,1,1,32,6,1950,2,7,MERCEDES E CLASS,2,E01014685,0,-1
2023461329314,2023,461329314,1,9,0,18,19,7,3,0,0,0,0,7,3,4,1,1,6,6,1,20,4,1991,1,6,MERCEDES E CLASS,3,E01000367,0,-1
2023401302846,2023,401302846,1,9,0,18,19,1,5,0,0,0,0,0,0,0,1,1,6,6,1,37,7,2143,2,14,MERCEDES E CLASS,1,E01015736,0,-1
2023010461918,2023,010461918,1,9,0,18,19,5,1,0,0,1,0,0,0,0,1,1,6,6,1,33,6,1950,2,7,MERCEDES E CLASS,-1,-1,0,-1
2023991377670,2023,991377670,1,9,0,7,7,5,7,0,0,6,0,0,0,0,1,1,5,6,1,52,8,1950,2,2,MERCEDES E CLASS,5,-1,0,-1
2023461386710,2023,461386710,2,9,0,18,19,6,1,0,0,0,0,0,0,0,2,1,1,1,1,43,7,1950,2,4,MERCEDES E CLASS,10,E01024461,0,-1
2023070876593,2023,070876593,1,9,0,18,19,6,2,0,0,1,0,0,0,0,1,1,6,6,1,-1,-1,1950,12,3,MERCEDES E CLASS,-1,-1,0,-1
2023170L30233,2023,170L30233,1,9,0,18,19,4,8,0,0,0,0,0,0,0,1,1,6,6,1,68,10,2143,2,11,MERCEDES E CLASS,-1,-1,0,-1
2023622300078,2023,622300078,1,9,0,9,9,3,7,0,0,1,0,0,0,0,1,1,6,6,1,34,6,2143,2,10,MERCEDES E CLASS,5,W01001786,0,-1
2023010467729,2023,010467729,1,8,0,99,99,9,9,99,99,9,9,99,9,99,1,9,6,6,1,28,6,1950,2,3,MERCEDES E CLASS,3,E01003493,0,-1
2023520401063,2023,520401063,1,9,0,18,19,7,6,0,0,0,0,0,0,0,1,1,6,6,1,87,11,1796,1,11,MERCEDES E CLASS,6,E01029061,0,-1
2023201393029,2023,201393029,3,9,0,2,2,0,0,0,0,1,0,0,0,0,3,1,6,6,1,48,8,2143,2,8,MERCEDES E CLASS,1,E01009275,0,-1
2023430415938,2023,430415938,3,9,0,4,4,5,1,0,0,0,0,0,0,0,2,1,6,6,1,76,11,2143,2,10,MERCEDES E CLASS,-1,-1,0,-1
2023501351293,2023,501351293,2,9,0,18,19,3,7,0,0,8,0,0,0,0,3,1,6,6,1,35,6,2987,2,11,MERCEDES E CLASS,2,E01015176,0,-1
2023010440384,2023,010440384,2,9,0,1,1,7,3,0,0,1,0,0,0,0,0,2,6,6,1,33,6,1950,2,6,MERCEDES E CLASS,2,E01004310,0,-1
2023201288901,2023,201288901,1,9,0,9,9,2,8,0,0,6,0,10,4,0,1,1,6,6,1,40,7,2143,2,10,MERCEDES E CLASS,7,E01010493,0,-1
2023991311407,2023,991311407,1,9,0,18,19,3,7,0,0,0,0,0,0,0,4,1,3,7,1,51,8,2143,2,11,MERCEDES E CLASS,6,-1,0,-1
2023010429005,2023,010429005,4,9,0,18,19,7,3,0,0,1,0,0,0,0,1,1,6,6,2,34,6,2143,2,7,MERCEDES E CLASS,3,E01002243,0,-1
2023302300558,2023,302300558,1,9,0,5,5,6,2,9,9,0,0,0,1,10,1,1,6,6,1,61,9,1950,2,6,MERCEDES E CLASS,9,E01019805,0,-1
2023440034593,2023,440034593,1,9,0,9,9,1,7,0,0,1,0,0,0,0,1,1,6,6,1,31,6,1991,1,4,MERCEDES E CLASS,6,E01032748,0,-1
2023430220685,2023,430220685,1,9,0,18,19,6,2,0,0,1,0,0,0,0,1,1,6,6,1,-1,-1,5439,1,23,MERCEDES E CLASS,-1,-1,0,-1
2023010479352,2023,010479352,2,9,0,99,99,9,9,99,99,9,9,99,9,99,1,9,6,6,3,-1,-1,2143,2,11,MERCEDES E CLASS,-1,-1,0,-1
2023010425227,2023,010425227,2,9,0,5,5,1,5,0,0,2,0,0,0,0,1,1,6,6,3,-1,-1,1950,2,4,MERCEDES E CLASS,-1,-1,0,-1
2023010484366,2023,010484366,1,9,0,9,9,5,3,0,0,6,0,0,0,0,1,1,6,6,1,24,5,1950,2,7,MERCEDES E CLASS,5,E01000516,0,-1
2023010439466,2023,010439466,1,9,0,10,10,3,1,0,0,1,0,0,0,0,3,1,2,2,1,56,9,1991,1,6,MERCEDES E CLASS,2,E01001110,0,-1
2023221289237,2023,221289237,2,9,0,17,19,4,1,0,0,0,0,0,0,0,1,1,5,6,1,67,10,2143,2,9,MERCEDES E CLASS,4,E01009065,0,-1
2023010468645,2023,010468645,2,9,0,99,99,9,9,99,99,9,9,99,9,99,9,9,6,6,3,-1,-1,2987,2,12,MERCEDES E CLASS,-1,-1,0,-1
2023351298958,2023,351298958,2,9,0,11,11,5,1,0,0,3,0,0,0,0,1,1,6,6,1,21,5,2987,2,18,MERCEDES E CLASS,2,E01015632,0,-1
2023411311313,2023,411311313,1,8,-1,-1,-1,-1,-1,-1,-1,-1,-1,-1,-1,0,-1,1,6,6,1,66,10,2148,2,16,MERCEDES E CLASS,5,E01023358,0,-1
2023440412166,2023,440412166,2,9,0,2,2,0,0,0,0,0,0,0,0,0,2,1,6,6,1,79,11,2143,2,13,MERCEDES E CLASS,-1,-1,0,-1
2023991286325,2023,991286325,2,9,0,18,19,5,1,0,0,0,0,0,0,0,1,1,1,1,1,46,8,2143,2,9,MERCEDES E CLASS,10,-1,0,-1
2023061354498,2023,061354498,4,9,0,2,2,0,0,9,9,2,0,0,0,0,4,1,6,6,3,-1,-1,2987,2,10,MERCEDES E CLASS,-1,-1,0,-1
2023231267251,2023,231267251,2,9,0,18,19,6,2,0,0,0,0,0,0,0,2,1,1,1,1,50,8,1950,2,5,MERCEDES E CLASS,4,E01031086,0,-1
2023471276292,2023,471276292,1,9,0,9,9,2,4,0,0,8,0,0,0,0,1,1,2,2,1,46,8,1950,2,4,MERCEDES E CLASS,6,E01031606,0,-1
2023411401680,2023,411401680,1,9,0,4,4,7,5,0,0,1,0,0,0,0,1,1,6,6,1,68,10,2143,2,11,MERCEDES E CLASS,2,E01015781,0,-1
2023061353507,2023,061353507,1,8,0,9,9,4,2,0,0,8,0,0,0,0,1,1,1,1,1,30,6,1950,2,6,MERCEDES E CLASS,1,E01005259,0,-1
2023131314342,2023,131314342,1,9,0,18,19,1,5,0,0,1,0,0,0,0,1,1,5,6,1,33,6,2143,2,11,MERCEDES E CLASS,2,E01010852,0,-1
2023201385593,2023,201385593,1,9,0,18,19,-1,-1,0,0,0,0,0,0,0,4,1,6,6,1,-1,-1,2987,2,13,MERCEDES E CLASS,-1,-1,0,-1
2023010463906,2023,010463906,1,9,0,4,4,7,3,0,0,2,0,0,0,0,4,1,1,1,1,32,6,1950,2,6,MERCEDES E CLASS,1,E01000939,0,-1
2023010477674,2023,010477674,2,9,0,99,99,9,9,99,99,9,9,99,9,99,1,9,6,6,3,-1,-1,1950,2,6,MERCEDES E CLASS,-1,-1,0,-1
2023010428821,2023,010428821,1,9,0,18,19,7,3,0,0,1,0,0,0,0,1,1,6,6,1,26,6,1991,1,4,MERCEDES E CLASS,2,E01001441,0,-1
2023451360508,2023,451360508,2,9,0,18,19,1,5,0,0,1,0,0,0,0,1,1,6,6,1,53,8,1950,2,3,MERCEDES E CLASS,-1,-1,0,-1
2023010443031,2023,010443031,2,9,0,99,99,9,9,99,99,9,9,99,9,99,4,9,6,6,1,31,6,2143,2,9,MERCEDES E CLASS,6,E01003647,0,-1
2023461306103,2023,461306103,4,9,0,18,19,5,1,0,0,0,0,0,0,0,2,1,6,6,1,32,6,2987,2,16,MERCEDES E CLASS,2,E01024108,0,-1
2023010485569,2023,010485569,1,9,0,1,1,8,6,0,0,8,0,0,0,0,2,1,6,6,2,41,7,2987,2,16,MERCEDES E CLASS,4,E01024296,0,-1
2023311270598,2023,311270598,2,9,0,7,7,5,4,0,0,0,0,0,0,0,4,1,6,6,2,43,7,1991,8,4,MERCEDES E CLASS,-1,-1,0,-1
2023131329780,2023,131329780,2,9,0,9,9,7,5,0,0,0,0,0,0,0,4,1,5,6,1,58,9,2143,2,13,MERCEDES E CLASS,3,E01011919,0,-1
2023522300794,2023,522300794,1,9,0,9,9,4,2,0,0,5,0,0,0,0,1,1,6,6,1,21,5,2148,2,16,MERCEDES E CLASS,4,E01015948,0,-1
2023461392264,2023,461392264,1,9,0,15,15,1,5,0,0,1,0,0,0,0,1,1,5,6,1,79,11,2685,2,19,MERCEDES E CLASS,5,E01024651,0,-1
2023991352707,2023,991352707,1,9,0,16,19,1,5,0,0,0,1,0,0,0,1,1,2,2,1,62,9,1950,2,3,MERCEDES E CLASS,7,-1,0,-1
2023010475407,2023,010475407,2,8,0,7,7,3,5,0,0,2,0,0,0,0,3,1,1,1,1,42,7,1991,8,3,MERCEDES E CLASS,3,E01003073,0,-1
2023221316894,2023,221316894,2,9,0,4,4,1,5,0,0,0,0,0,0,0,2,1,5,6,1,36,7,2148,2,14,MERCEDES E CLASS,1,E01032318,0,-1
2023552300400,2023,552300400,1,9,3,18,19,1,5,0,0,0,0,0,0,0,4,1,6,6,1,58,9,1950,12,3,MERCEDES E CLASS,10,E01022873,0,-1
2023440046354,2023,440046354,2,9,0,18,19,3,7,0,0,1,0,0,0,0,1,1,6,6,3,-1,-1,2148,2,20,MERCEDES E CLASS,-1,-1,0,-1
2023311368273,2023,311368273,1,9,0,9,9,1,6,0,0,2,0,0,0,0,3,1,6,6,1,29,6,3222,2,18,MERCEDES E CLASS,-1,-1,0,-1
2023010448273,2023,010448273,1,8,0,99,99,9,9,99,99,0,9,99,9,99,2,9,6,6,1,23,5,1950,12,4,MERCEDES E CLASS,3,E01003563,0,-1
2023991288323,2023,991288323,3,9,0,17,19,4,8,0,0,0,0,0,1,0,3,1,5,6,1,52,8,3222,2,19,MERCEDES E CLASS,8,-1,0,-1
2023430273857,2023,430273857,1,8,0,6,6,3,3,0,0,0,0,0,0,0,3,1,1,1,1,60,9,2143,2,9,MERCEDES E CLASS,4,E01016448,0,-1
2023010483276,2023,010483276,2,9,0,13,13,5,1,0,0,0,0,0,0,0,4,1,6,6,2,34,6,2143,2,7,MERCEDES E CLASS,4,E01002179,0,-1
2023010435477,2023,010435477,2,9,0,99,99,9,9,99,99,9,9,99,9,99,9,9,6,6,3,-1,-1,2143,2,7,MERCEDES E CLASS,-1,-1,0,-1
2023010424390,2023,010424390,2,9,0,99,99,9,9,99,99,9,9,99,9,99,0,9,6,6,1,77,11,1950,2,4,MERCEDES E CLASS,6,E01000514,0,-1
2023201314113,2023,201314113,1,9,0,18,19,1,5,0,0,1,0,0,0,0,1,1,6,6,1,-1,-1,2149,2,16,MERCEDES E CLASS,-1,-1,0,-1
2023552301016,2023,552301016,1,9,0,5,5,5,1,0,0,6,0,0,0,0,1,1,6,6,1,81,11,2987,2,13,MERCEDES E CLASS,10,E01020402,0,-1
2023010431007,2023,010431007,2,9,9,99,99,9,9,99,99,9,9,99,9,99,9,9,6,6,3,63,9,1991,1,10,MERCEDES E CLASS,8,E01001924,0,-1
2023211359858,2023,211359858,3,9,0,3,3,3,3,0,0,1,0,0,0,0,2,1,2,2,3,50,8,2143,2,10,MERCEDES E CLASS,-1,-1,0,-1
2023461368601,2023,461368601,1,9,0,16,19,8,4,0,0,0,0,0,0,0,1,1,6,6,1,53,8,2987,2,11,MERCEDES E CLASS,7,E01016170,0,-1
2023010442687,2023,010442687,3,9,0,2,2,0,0,0,0,0,0,0,0,0,1,1,6,6,3,-1,-1,1950,2,7,MERCEDES E CLASS,-1,-1,0,-1
2023010444172,2023,010444172,1,9,0,4,4,7,3,0,0,1,0,0,0,0,1,1,6,6,1,56,9,1796,1,12,MERCEDES E CLASS,-1,-1,0,-1
2023010481323,2023,010481323,1,8,0,18,19,7,3,0,0,1,0,0,0,0,1,1,6,6,1,32,6,1950,2,4,MERCEDES E CLASS,4,E01033579,0,-1
2023010431810,2023,010431810,1,9,0,7,7,7,2,0,0,1,0,0,0,0,1,1,6,6,1,42,7,2143,2,14,MERCEDES E CLASS,1,E01001425,0,-1
2023010476717,2023,010476717,2,9,0,99,99,9,9,99,99,9,9,99,9,99,9,9,6,6,3,-1,-1,1950,12,4,MERCEDES E CLASS,-1,-1,0,-1
2023421374936,2023,421374936,1,9,0,18,19,7,3,0,0,0,0,0,0,0,1,1,6,6,1,50,8,2143,2,10,MERCEDES E CLASS,4,E01015901,0,-1
2023010426917,2023,010426917,2,9,0,99,99,9,9,99,99,9,9,99,9,99,1,9,6,6,3,-1,-1,2987,2,13,MERCEDES E CLASS,6,E01004181,0,-1
2023010465034,2023,010465034,1,9,0,7,7,7,2,0,0,0,0,0,0,0,4,1,6,6,3,-1,-1,1950,2,5,MERCEDES E CLASS,-1,-1,0,-1
2023542022723,2023,542022723,1,9,0,18,19,5,1,0,0,0,0,0,0,0,1,1,6,6,1,60,9,2143,2,8,MERCEDES E CLASS,8,E01028807,0,-1
2023010464839,2023,010464839,2,9,0,99,99,9,9,99,99,9,9,99,9,99,9,9,6,6,3,-1,-1,1950,2,7,MERCEDES E CLASS,-1,-1,0,-1
2023010451422,2023,010451422,1,9,0,18,19,3,7,0,0,4,0,0,0,0,3,1,6,6,2,58,9,1796,1,14,MERCEDES E CLASS,-1,-1,0,-1
2023010439856,2023,010439856,1,9,0,99,99,9,9,99,99,9,9,99,9,99,1,1,6,6,1,33,6,1950,2,6,MERCEDES E CLASS,3,E01001213,0,-1
2023052301841,2023,052301841,2,9,0,4,4,7,3,0,0,0,0,0,0,0,2,1,6,6,1,30,6,2143,2,10,MERCEDES E CLASS,2,E01025471,0,-1
2023552300422,2023,552300422,1,9,0,18,19,2,6,0,0,0,0,0,0,0,1,1,6,6,1,32,6,2143,2,7,MERCEDES E CLASS,5,E01015421,0,-1
2023010442310,2023,010442310,1,9,0,7,7,1,3,4,4,8,0,0,0,0,1,1,6,6,1,27,6,1950,12,4,MERCEDES E CLASS,2,E01004332,0,-1
2023010438694,2023,010438694,1,9,0,18,19,5,1,0,0,0,0,0,0,0,4,1,6,6,1,27,6,1950,2,5,MERCEDES E CLASS,2,E01000104,0,-1
2023010420561,2023,010420561,1,9,0,5,5,3,7,0,0,1,0,0,0,0,3,1,6,6,2,54,8,2143,2,8,MERCEDES E CLASS,6,E01000487,0,-1
2023430312627,2023,430312627,1,9,0,18,19,8,4,0,0,0,1,0,0,0,1,1,6,6,2,74,10,3199,1,21,MERCEDES E CLASS,8,E01016595,0,-1
2023201277429,2023,201277429,2,9,0,3,3,3,7,0,0,2,0,0,0,0,2,1,6,6,1,46,8,1950,2,6,MERCEDES E CLASS,2,E01009090,0,-1
2023010470162,2023,010470162,1,9,0,99,99,9,9,99,99,9,9,99,9,99,2,9,2,2,1,46,8,2148,2,16,MERCEDES E CLASS,6,E01003840,0,-1
2023010435519,2023,010435519,1,9,0,18,19,5,1,0,0,8,0,0,0,0,1,1,6,6,2,21,5,2987,2,14,MERCEDES E CLASS,4,E01016514,0,-1
2023010420037,2023,010420037,1,9,0,6,6,3,3,0,0,0,0,0,0,0,0,1,2,2,1,29,6,2148,2,17,MERCEDES E CLASS,4,E01024296,0,-1
2023071278537,2023,071278537,2,9,0,18,19,4,8,0,0,0,0,0,0,0,2,1,6,6,1,58,9,2143,2,9,MERCEDES E CLASS,10,E01017883,0,-1
2023421452570,2023,421452570,1,9,0,18,19,1,5,0,0,0,0,0,0,0,3,1,6,6,1,84,11,3199,1,19,MERCEDES E CLASS,10,E01023440,0,-1
2023430087095,2023,430087095,1,9,0,7,7,8,2,0,0,5,0,0,0,0,4,1,6,6,1,56,9,1950,2,2,MERCEDES E CLASS,-1,-1,0,-1
2023351342212,2023,351342212,1,9,0,15,15,8,4,0,0,8,2,4,1,10,1,1,5,6,1,69,10,2143,2,11,MERCEDES E CLASS,6,E01018208,0,-1
2023010471928,2023,010471928,2,9,0,18,19,5,1,0,0,2,0,0,0,0,4,1,6,6,1,26,6,2996,1,4,MERCEDES E CLASS,2,E01001878,0,-1
2023401360183,2023,401360183,2,9,0,18,19,2,6,0,0,8,0,0,0,0,1,1,5,6,1,23,5,1950,2,4,MERCEDES E CLASS,-1,-1,0,-1
2023010444504,2023,010444504,2,9,0,99,99,9,9,99,99,9,9,99,9,99,1,9,6,6,3,-1,-1,2987,2,9,MERCEDES E CLASS,-1,-1,0,-1
2023122300155,2023,122300155,1,9,0,5,5,1,5,0,0,8,0,0,0,0,1,1,6,6,1,83,11,1950,2,6,MERCEDES E CLASS,6,E01027684,0,-1
2023332300150,2023,332300150,2,9,0,18,19,6,2,0,0,0,0,0,1,3,1,1,6,6,2,37,7,1950,12,4,MERCEDES E CLASS,-1,-1,0,-1
2023201384712,2023,201384712,1,8,0,18,19,-1,-1,0,0,0,0,0,0,0,1,1,6,6,1,-1,-1,2143,2,10,MERCEDES E CLASS,-1,-1,0,-1
2023201393536,2023,201393536,1,9,0,5,5,6,4,9,9,6,0,0,0,0,1,1,6,6,1,27,6,3222,2,19,MERCEDES E CLASS,1,E01009361,0,-1
2023041366911,2023,041366911,1,9,0,18,19,6,2,0,0,0,0,0,1,0,4,1,6,6,3,-1,-1,1950,2,3,MERCEDES E CLASS,-1,-1,0,-1
2023471342382,2023,471342382,1,9,0,18,19,1,5,0,0,8,0,0,0,0,1,1,6,6,1,-1,-1,1950,2,4,MERCEDES E CLASS,-1,-1,0,-1
2023010428755,2023,010428755,2,9,0,18,19,7,3,0,0,0,0,0,0,0,1,1,6,6,2,49,8,1950,2,5,MERCEDES E CLASS,2,E01001528,0,-1
2023440250631,2023,440250631,1,9,0,10,10,3,1,0,0,1,0,0,0,0,2,1,6,6,1,56,9,1950,12,4,MERCEDES E CLASS,6,E01022816,0,-1
2023501375126,2023,501375126,2,9,0,2,2,0,0,0,0,0,0,0,0,0,4,1,6,6,1,-1,-1,2143,2,11,MERCEDES E CLASS,3,E01015238,0,-1
2023522300788,2023,522300788,2,9,0,9,9,8,5,0,0,6,0,0,0,0,1,1,6,6,1,55,8,1950,2,7,MERCEDES E CLASS,4,E01003715,0,-1
2023010471257,2023,010471257,1,9,0,18,19,3,7,0,0,8,0,0,0,0,1,1,2,2,1,47,8,1950,2,3,MERCEDES E CLASS,5,E01030739,0,-1
2023010429301,2023,010429301,2,9,0,9,9,7,4,0,0,5,0,0,0,0,4,1,6,6,1,-1,-1,2143,2,8,MERCEDES E CLASS,-1,-1,0,-1
2023440310726,2023,440310726,2,9,0,18,19,7,3,0,0,8,0,0,0,0,1,1,6,6,1,29,6,3222,2,19,MERCEDES E CLASS,7,E01017247,0,-1
2023351363382,2023,351363382,1,9,0,18,19,3,7,0,0,1,0,0,0,0,1,1,5,6,1,46,8,4966,1,19,MERCEDES E CLASS,10,E01018248,0,-1
2023522301121,2023,522301121,2,8,0,18,19,8,4,0,0,6,0,0,0,0,1,1,1,1,1,45,7,2143,2,8,MERCEDES E CLASS,3,E01014736,0,-1
2023201277784,2023,201277784,2,9,0,16,19,3,4,0,0,0,0,0,0,0,3,1,6,6,1,-1,-1,1950,2,7,MERCEDES E CLASS,1,E01009026,0,-1
2023461376425,2023,461376425,2,8,0,18,19,3,7,0,0,8,0,0,7,7,4,1,1,1,1,42,7,1950,2,6,MERCEDES E CLASS,8,E01024653,0,-1
2023010442253,2023,010442253,1,8,0,9,9,6,4,0,0,5,0,0,0,0,3,1,1,1,1,52,8,1950,2,4,MERCEDES E CLASS,3,E01001170,0,-1
2023010443385,2023,010443385,1,8,9,99,99,9,9,99,99,0,9,99,9,0,9,9,6,6,1,48,8,1950,2,6,MERCEDES E CLASS,6,E01001040,0,-1
2023070429211,2023,070429211,1,9,0,5,5,5,1,0,0,2,0,0,1,2,1,1,6,6,1,66,10,2148,2,18,MERCEDES E CLASS,-1,-1,0,-1
2023010426719,2023,010426719,1,9,0,18,19,1,5,0,0,0,0,4,1,0,4,1,6,6,1,52,8,2987,2,18,MERCEDES E CLASS,3,E01001365,0,-1