collision_index,collision_year,collision_ref_no,vehicle_reference,vehicle_type,towing_and_articulation,vehicle_manoeuvre_historic,vehicle_manoeuvre,vehicle_direction_from,vehicle_direction_to,vehicle_location_restricted_lane_historic,vehicle_location_restricted_lane,junction_location,skidding_and_overturning,hit_object_in_carriageway,vehicle_leaving_carriageway,hit_object_off_carriageway,first_point_of_impact,vehicle_left_hand_drive,journey_purpose_of_driver_historic,journey_purpose_of_driver,sex_of_driver,age_of_driver,age_band_of_driver,engine_capacity_cc,propulsion_code,age_of_vehicle,generic_make_model,driver_imd_decile,lsoa_of_driver,escooter_flag,driver_distance_banding
2023010473630,2023,010473630,2,9,0,99,99,9,9,99,99,9,9,99,9,99,0,9,6,6,3,-1,-1,1991,1,4,MERCEDES E CLASS,-1,-1,0,-1
2023461339752,2023,461339752,2,9,0,18,19,7,3,0,0,0,0,0,0,0,2,1,6,6,1,-1,-1,1993,12,1,MERCEDES E CLASS,10,E01024102,0,-1
2023131391998,2023,131391998,1,9,0,18,19,3,7,0,0,0,0,0,0,0,1,1,5,6,2,51,8,2143,2,9,MERCEDES E CLASS,9,E01011507,0,-1
2023302301105,2023,302301105,2,9,0,12,12,6,2,0,0,2,0,0,0,0,3,1,6,6,2,41,7,2143,2,11,MERCEDES E CLASS,9,E01007670,0,-1
2023122301099,2023,122301099,1,9,0,18,19,8,4,0,0,0,0,0,0,0,1,1,6,6,1,86,11,2987,2,13,MERCEDES E CLASS,10,E01027699,0,-1
2023221311206,2023,221311206,1,9,0,17,19,6,2,0,0,8,0,0,0,0,3,1,5,6,1,41,7,2143,2,11,MERCEDES E CLASS,1,E01014113,0,-1
2023010469966,2023,010469966,1,9,0,9,9,7,4,0,0,7,0,0,0,0,1,1,1,1,1,55,8,1991,1,2,MERCEDES E CLASS,5,E01016991,0,-1
2023332300432,2023,332300432,1,9,0,18,19,8,4,0,0,8,0,0,0,0,4,2,6,6,1,60,9,2143,2,8,MERCEDES E CLASS,6,E01013709,0,-1
2023010453061,2023,010453061,1,9,0,18,19,1,5,0,0,1,0,0,0,0,1,1,6,6,1,26,6,1950,2,5,MERCEDES E CLASS,10,E01017760,0,-1
2023340WN5972,2023,340WN5972,1,9,0,18,19,5,1,0,0,6,0,0,0,0,1,1,1,1,1,46,8,1950,2,4,MERCEDES E CLASS,3,E01027185,0,-1
2023201393118,2023,201393118,2,9,0,18,19,8,4,0,0,8,0,0,0,0,1,1,6,6,1,37,7,1950,2,7,MERCEDES E CLASS,1,E01008916,0,-1
2023010436465,2023,010436465,2,9,0,99,99,9,9,99,99,9,9,99,9,99,9,9,6,6,3,45,7,1950,2,6,MERCEDES E CLASS,1,E01002095,0,-1
2023522300600,2023,522300600,2,8,0,9,9,1,7,0,0,8,0,0,0,0,1,1,1,1,1,-1,-1,1950,2,5,MERCEDES E CLASS,-1,-1,0,-1
2023010487425,2023,010487425,2,9,0,99,99,9,9,99,99,9,9,99,9,99,2,9,6,6,3,-1,-1,1950,2,5,MERCEDES E CLASS,-1,-1,0,-1
2023421272494,2023,421272494,2,9,0,2,2,0,0,0,0,0,0,0,0,0,2,1,6,6,3,-1,-1,1991,1,5,MERCEDES E CLASS,-1,-1,0,-1
2023010467039,2023,010467039,2,9,0,99,99,9,9,99,99,9,9,99,9,99,9,9,6,6,3,-1,-1,2987,2,8,MERCEDES E CLASS,-1,-1,0,-1
2023430216205,2023,430216205,1,9,0,18,19,3,7,0,0,1,0,0,0,0,1,1,6,6,1,-1,-1,2987,2,10,MERCEDES E CLASS,-1,-1,0,-1
2023170L11013,2023,170L11013,2,9,0,18,19,8,4,0,0,0,0,0,0,0,3,1,6,6,1,63,9,2987,2,6,MERCEDES E CLASS,8,E01007811,0,-1
2023201403003,2023,201403003,1,9,0,4,4,6,2,0,0,1,0,0,0,0,1,1,6,6,1,40,7,2148,2,18,MERCEDES E CLASS,1,E01010526,0,-1
2023070034165,2023,070034165,2,9,0,18,19,4,8,0,0,8,0,0,0,0,1,1,3,7,2,38,7,2143,2,9,MERCEDES E CLASS,-1,-1,0,-1
2023010480224,2023,010480224,2,9,0,2,2,0,0,0,0,1,0,0,0,0,3,1,6,6,3,-1,-1,1950,2,6,MERCEDES E CLASS,-1,-1,0,-1
2023531371319,2023,531371319,1,9,0,5,5,1,5,0,0,0,0,0,0,0,2,1,5,6,1,36,7,1991,1,3,MERCEDES E CLASS,1,E01022329,0,-1
2023010483190,2023,010483190,2,9,0,99,99,9,9,99,99,9,9,99,9,99,2,9,6,6,3,41,7,1991,8,6,MERCEDES E CLASS,2,E01001977,0,-1
2023010438107,2023,010438107,3,9,0,99,99,9,9,99,99,9,9,99,9,99,1,9,6,6,3,-1,-1,2143,2,10,MERCEDES E CLASS,-1,-1,0,-1
2023320453420,2023,320453420,1,9,0,9,9,6,2,0,0,8,0,0,0,0,4,1,6,6,1,62,9,2987,2,17,MERCEDES E CLASS,4,E01026057,0,-1
2023131275148,2023,131275148,2,9,0,4,4,8,6,0,0,0,0,0,0,0,4,1,6,6,1,70,10,2987,2,11,MERCEDES E CLASS,7,E01011216,0,-1
2023010445392,2023,010445392,2,9,9,99,99,9,9,99,99,9,9,99,9,99,9,9,6,6,3,-1,-1,1991,8,4,MERCEDES E CLASS,-1,-1,0,-1
2023421297054,2023,421297054,1,9,0,2,2,7,3,6,6,8,0,4,0,0,2,1,5,6,1,49,8,3226,2,23,MERCEDES E CLASS,-1,-1,0,-1
2023061347102,2023,061347102,2,9,0,18,19,3,3,0,0,1,0,0,0,0,1,1,5,6,2,42,7,2143,2,7,MERCEDES E CLASS,-1,-1,0,-1
2023010425967,2023,010425967,1,9,0,18,19,3,7,0,0,0,2,0,1,1,4,1,6,6,1,33,6,3498,1,17,MERCEDES E CLASS,1,E01001562,0,-1
2023010482628,2023,010482628,1,9,0,18,19,3,7,0,0,0,0,0,0,0,1,1,1,1,1,56,9,1950,2,6,MERCEDES E CLASS,5,E01031599,0,-1
2023010433902,2023,010433902,3,8,0,18,19,3,7,0,0,0,0,0,0,0,2,1,6,6,1,36,7,1950,12,2,MERCEDES E CLASS,2,E01003489,0,-1
2023440332192,2023,440332192,1,9,0,9,9,3,1,0,0,8,0,0,0,0,3,1,6,6,1,82,11,2143,2,12,MERCEDES E CLASS,4,E01017258,0,-1
2023141342388,2023,141342388,1,9,0,18,19,3,7,0,0,0,0,0,0,0,2,1,6,6,2,46,8,1991,1,4,MERCEDES E CLASS,9,E01007380,0,-1
2023010446943,2023,010446943,2,9,0,99,99,9,9,99,99,9,9,99,9,99,2,9,6,6,3,-1,-1,1950,2,5,MERCEDES E CLASS,4,E01001158,0,-1
2023451352701,2023,451352701,1,9,0,2,2,1,1,0,0,1,0,0,0,0,3,1,6,6,2,47,8,1991,8,2,MERCEDES E CLASS,7,E01030651,0,-1
2023421326562,2023,421326562,2,9,0,18,19,5,1,0,0,0,0,0,0,0,3,1,5,6,1,35,6,2143,2,9,MERCEDES E CLASS,4,E01016008,0,-1
2023320499996,2023,320499996,1,9,0,18,19,3,7,0,0,1,0,0,1,2,1,1,6,6,1,56,9,2987,2,7,MERCEDES E CLASS,9,E01007802,0,-1
2023010421968,2023,010421968,1,9,0,4,4,1,5,0,0,1,0,10,0,0,1,1,6,6,1,24,5,1950,2,4,MERCEDES E CLASS,2,E01000141,0,-1
2023010466036,2023,010466036,1,9,0,18,19,1,5,0,0,1,0,0,0,0,4,1,6,6,1,26,6,1950,2,7,MERCEDES E CLASS,8,E01017726,0,-1
2023311304001,2023,311304001,2,9,0,3,3,1,5,0,0,0,0,0,0,0,2,1,6,6,2,31,6,1950,2,5,MERCEDES E CLASS,2,E01028044,0,-1
202360A168573,2023,60A168573,1,9,0,18,19,5,1,0,0,0,0,0,0,0,1,1,6,6,2,36,7,1950,2,6,MERCEDES E CLASS,-1,-1,0,-1
2023461394554,2023,461394554,1,9,0,18,19,4,8,0,0,1,2,0,6,7,4,1,6,6,1,30,6,2143,2,12,MERCEDES E CLASS,6,E01024216,0,-1
2023991329736,2023,991329736,1,9,0,18,19,1,8,0,0,0,0,0,0,0,1,1,6,6,3,-1,-1,2148,2,14,MERCEDES E CLASS,-1,-1,0,-1
2023061396621,2023,061396621,1,9,0,18,19,2,7,0,0,0,0,0,0,0,0,1,6,6,1,23,5,1950,2,4,MERCEDES E CLASS,6,E01004912,0,-1
2023010445375,2023,010445375,1,9,0,18,19,5,1,0,0,1,0,0,0,0,1,1,6,6,1,28,6,1950,2,6,MERCEDES E CLASS,6,E01001598,0,-1
2023010495568,2023,010495568,1,9,0,99,99,9,9,99,99,0,9,99,9,99,2,9,6,6,1,30,6,1950,2,7,MERCEDES E CLASS,3,E01000011,0,-1
2023201323646,2023,201323646,1,9,0,18,19,8,4,0,0,0,0,0,0,0,1,1,6,6,1,37,7,2987,2,6,MERCEDES E CLASS,9,E01010334,0,-1
2023010480619,2023,010480619,1,9,0,99,99,9,9,99,99,0,9,99,9,99,2,9,1,1,1,50,8,1950,2,6,MERCEDES E CLASS,3,E01000035,0,-1
2023010475337,2023,010475337,1,9,0,99,99,9,9,99,99,9,9,99,9,99,9,9,6,6,2,28,6,1950,2,4,MERCEDES E CLASS,8,E01018132,0,-1
2023461361342,2023,461361342,3,9,0,2,2,0,0,0,0,1,0,0,0,0,1,1,6,6,3,-1,-1,2143,2,9,MERCEDES E CLASS,-1,-1,0,-1
2023070770081,2023,070770081,2,9,0,9,9,3,7,0,0,4,0,0,0,0,4,1,6,6,1,24,5,1950,2,2,MERCEDES E CLASS,10,E01007079,0,-1
2023010448965,2023,010448965,2,9,0,99,99,9,9,99,99,9,9,99,9,99,9,9,6,6,3,36,7,1950,2,4,MERCEDES E CLASS,3,E01004678,0,-1
2023451260443,2023,451260443,1,90,0,16,19,5,1,0,0,0,0,0,0,0,1,1,1,1,1,67,10,-1,-1,-1,-1,10,E01016640,0,-1
2023010452074,2023,010452074,1,9,0,18,19,1,5,0,0,1,0,0,0,0,1,1,6,6,1,33,6,1950,2,5,MERCEDES E CLASS,7,E01000218,0,-1
2023010428017,2023,010428017,1,9,0,3,3,3,7,9,9,6,0,0,0,0,1,1,6,6,1,41,7,1950,2,4,MERCEDES E CLASS,10,E01030320,0,-1
2023522301681,2023,522301681,1,9,0,6,6,3,3,0,0,2,0,0,0,0,3,1,6,6,1,63,9,1991,8,6,MERCEDES E CLASS,1,E01014583,0,-1
2023501345725,2023,501345725,3,8,0,18,19,3,7,0,0,1,0,0,0,0,4,1,6,6,1,67,10,1993,12,1,MERCEDES E CLASS,5,E01020040,0,-1
2023010469183,2023,010469183,1,9,0,18,19,3,7,0,0,7,0,0,0,0,2,1,6,6,1,47,8,1991,8,1,MERCEDES E CLASS,6,E01015863,0,-1
2023061316961,2023,061316961,1,9,0,18,19,2,6,0,0,0,0,0,0,0,4,1,6,6,3,30,6,2143,2,11,MERCEDES E CLASS,-1,-1,0,-1
2023332300937,2023,332300937,1,8,0,18,19,3,7,0,0,0,0,0,0,0,1,1,1,1,1,42,7,2143,2,9,MERCEDES E CLASS,2,E01013667,0,-1
2023101326835,2023,101326835,1,9,0,18,19,4,1,0,0,8,0,0,0,0,1,1,6,6,1,29,6,2143,2,9,MERCEDES E CLASS,4,E01008833,0,-1
2023430205697,2023,430205697,2,9,0,9,9,2,8,0,0,6,5,0,0,0,1,1,6,6,1,53,8,2148,2,18,MERCEDES E CLASS,8,E01017814,0,-1
2023421312420,2023,421312420,2,9,0,18,19,5,1,0,0,0,0,0,0,0,2,1,5,6,1,75,10,1950,2,7,MERCEDES E CLASS,1,E01009147,0,-1
2023010467582,2023,010467582,2,8,0,99,99,9,9,99,99,9,9,99,9,99,1,9,6,6,1,-1,-1,1950,2,4,MERCEDES E CLASS,9,E01022674,0,-1
2023340NN3262,2023,340NN3262,1,9,0,9,9,4,1,0,0,5,0,0,0,0,1,1,6,6,1,27,6,2143,2,10,MERCEDES E CLASS,1,E01026965,0,-1
2023461362558,2023,461362558,1,9,0,9,9,5,3,0,0,1,0,0,0,0,1,1,6,6,1,36,7,1950,2,6,MERCEDES E CLASS,5,E01024796,0,-1
2023430362046,2023,430362046,2,8,0,18,19,4,8,2,2,8,0,0,0,0,1,1,6,6,1,40,7,1950,2,7,MERCEDES E CLASS,3,E01016381,0,-1
2023440227009,2023,440227009,1,9,0,12,12,3,7,0,0,0,0,0,0,0,2,1,6,6,1,38,7,1950,2,6,MERCEDES E CLASS,8,E01030580,0,-1
2023548201623,2023,548201623,1,9,0,5,5,3,5,0,0,4,0,0,0,0,1,1,6,6,1,24,5,1950,2,5,MERCEDES E CLASS,9,E01032701,0,-1
2023461313671,2023,461313671,3,9,0,2,2,0,0,0,0,0,0,0,0,0,2,1,6,6,1,37,7,2987,2,11,MERCEDES E CLASS,5,E01016157,0,-1
2023041266438,2023,041266438,1,9,0,5,5,5,1,0,0,8,0,0,0,0,1,1,1,1,1,47,8,1950,2,5,MERCEDES E CLASS,5,E01012723,0,-1
2023471283714,2023,471283714,3,9,0,18,19,7,3,0,0,0,0,0,0,0,2,1,6,6,1,-1,-1,1950,2,6,MERCEDES E CLASS,4,E01001087,0,-1
2023411293304,2023,411293304,1,9,0,9,9,5,7,0,0,1,0,0,0,0,1,1,6,6,1,-1,-1,2996,1,18,MERCEDES E CLASS,9,E01023811,0,-1
2023430189328,2023,430189328,2,9,0,18,19,3,7,0,0,0,0,0,0,0,2,1,6,6,1,50,8,1950,2,3,MERCEDES E CLASS,-1,-1,0,-1
2023201298798,2023,201298798,2,9,0,2,2,0,0,0,0,0,0,0,0,0,1,1,6,6,1,-1,-1,3222,2,20,MERCEDES E CLASS,-1,-1,0,-1
2023010454083,2023,010454083,2,9,0,5,5,3,7,0,0,0,0,0,0,0,1,1,6,6,3,-1,-1,1950,2,7,MERCEDES E CLASS,-1,-1,0,-1
2023010457613,2023,010457613,3,9,0,99,99,9,9,99,99,9,9,99,9,99,2,9,6,6,3,-1,-1,1991,1,8,MERCEDES E CLASS,-1,-1,0,-1
2023340WN1152,2023,340WN1152,1,9,0,9,9,3,1,0,0,6,0,0,0,0,1,1,6,6,1,46,8,1991,1,5,MERCEDES E CLASS,1,E01027168,0,-1
2023201418680,2023,201418680,3,9,0,4,4,5,1,0,0,0,0,0,0,0,2,1,1,1,1,30,6,2143,2,7,MERCEDES E CLASS,1,E01009359,0,-1
2023201370364,2023,201370364,1,9,0,3,3,6,2,0,0,1,0,0,0,0,1,1,6,6,2,34,6,2143,2,10,MERCEDES E CLASS,5,E01010431,0,-1
2023141388302,2023,141388302,1,9,0,18,19,7,3,0,0,0,0,0,0,0,1,1,6,6,1,62,9,1993,12,0,MERCEDES E CLASS,-1,-1,0,-1
2023010436096,2023,010436096,1,9,0,4,4,1,5,2,2,0,0,0,0,0,0,1,6,6,1,54,8,1950,2,4,MERCEDES E CLASS,2,E01002045,0,-1
2023141354202,2023,141354202,3,9,0,18,19,3,7,0,0,0,0,0,0,0,1,1,5,6,2,54,8,2143,2,9,MERCEDES E CLASS,-1,-1,0,-1
2023010447296,2023,010447296,2,9,0,2,2,0,0,0,0,0,0,0,0,0,4,1,6,6,3,-1,-1,2685,2,21,MERCEDES E CLASS,-1,-1,0,-1
2023010458782,2023,010458782,1,8,0,17,19,7,3,0,0,1,0,0,0,0,1,1,1,1,1,54,8,1950,2,5,MERCEDES E CLASS,4,E01032732,0,-1
2023101304977,2023,101304977,3,9,0,18,19,1,5,0,0,0,0,0,0,0,0,1,5,6,2,59,9,1950,2,5,MERCEDES E CLASS,6,E01008539,0,-1
2023010474569,2023,010474569,1,8,0,99,99,9,9,99,99,9,9,99,9,99,2,9,1,1,1,48,8,1950,2,4,MERCEDES E CLASS,4,E01002486,0,-1
2023340WN2682,2023,340WN2682,3,9,0,18,19,1,5,0,0,4,0,0,0,0,2,1,6,6,1,48,8,1991,1,4,MERCEDES E CLASS,2,E01027241,0,-1
2023010485780,2023,010485780,1,9,0,10,10,4,1,0,0,2,0,0,7,0,1,1,6,6,2,53,8,1950,12,3,MERCEDES E CLASS,6,E01002135,0,-1
2023010485056,2023,010485056,2,9,0,99,99,9,9,99,99,9,9,99,9,99,9,9,6,6,3,-1,-1,1950,2,4,MERCEDES E CLASS,-1,-1,0,-1
2023461307617,2023,461307617,6,9,0,18,19,8,4,0,0,0,1,0,1,0,4,1,5,6,1,40,7,1950,2,6,MERCEDES E CLASS,9,E01024832,0,-1
2023461278525,2023,461278525,2,8,0,2,2,0,0,0,0,1,0,0,0,0,4,1,5,6,1,36,7,1950,2,6,MERCEDES E CLASS,6,E01024016,0,-1
2023010422459,2023,010422459,1,8,0,3,3,1,5,0,0,1,0,0,0,0,2,1,1,1,1,52,8,1950,2,4,MERCEDES E CLASS,5,E01000150,0,-1
2023430196862,2023,430196862,3,9,0,2,2,0,0,0,0,0,0,0,0,0,4,1,6,6,3,-1,-1,1950,2,2,MERCEDES E CLASS,-1,-1,0,-1
2023010464689,2023,010464689,1,8,0,99,99,9,9,99,99,0,9,99,9,99,2,9,1,1,1,33,6,1950,12,4,MERCEDES E CLASS,3,E01004454,0,-1
2023010455941,2023,010455941,2,9,0,2,2,0,0,0,0,0,0,0,1,11,2,1,6,6,3,-1,-1,1950,2,6,MERCEDES E CLASS,-1,-1,0,-1
2023332300230,2023,332300230,1,9,0,14,14,4,8,0,0,0,0,0,0,0,1,1,6,6,2,26,6,2143,2,10,MERCEDES E CLASS,8,E01025981,0,-1
2023440154254,2023,440154254,1,9,0,18,19,1,5,0,0,1,0,0,7,11,1,1,6,6,1,74,10,2143,2,11,MERCEDES E CLASS,8,E01022798,0,-1
2023461270581,2023,461270581,2,9,0,18,19,1,5,0,0,0,0,0,0,0,1,1,5,6,2,37,7,2996,1,18,MERCEDES E CLASS,7,E01024746,0,-1
2023010448270,2023,010448270,3,9,0,2,2,0,0,0,0,0,0,4,0,0,3,1,6,6,3,-1,-1,1950,2,6,MERCEDES E CLASS,-1,-1,0,-1
2023430415938,2023,430415938,4,9,0,4,4,5,1,0,0,0,0,0,0,0,2,1,6,6,1,27,6,1950,2,6,MERCEDES E CLASS,-1,-1,0,-1
2023010422383,2023,010422383,2,9,0,5,5,7,3,0,0,1,0,0,0,0,2,1,6,6,1,54,8,3199,1,21,MERCEDES E CLASS,4,E01033099,0,-1
202360A186834,2023,60A186834,2,9,0,17,19,4,1,0,0,0,0,0,0,0,3,1,6,6,1,47,8,2987,2,14,MERCEDES E CLASS,-1,-1,0,-1
2023471302278,2023,471302278,1,9,0,11,11,6,2,0,0,0,1,0,7,0,2,1,1,1,1,57,9,1950,2,6,MERCEDES E CLASS,4,E01022953,0,-1
2023010427914,2023,010427914,1,9,0,18,19,1,5,0,0,1,0,0,0,0,1,1,6,6,1,50,8,2143,2,11,MERCEDES E CLASS,2,E01003066,0,-1
2023351304334,2023,351304334,1,9,0,18,19,6,3,0,0,8,0,0,0,0,1,1,5,6,2,66,10,2143,2,8,MERCEDES E CLASS,3,E01018093,0,-1
2023010436245,2023,010436245,1,9,0,18,19,7,3,0,0,1,0,0,0,0,1,1,1,1,1,48,8,1950,2,5,MERCEDES E CLASS,2,E01004289,0,-1
2023411305880,2023,411305880,3,9,0,18,19,5,1,0,0,0,0,0,0,0,2,1,6,6,1,44,7,1950,2,6,MERCEDES E CLASS,4,E01004065,0,-1
2023340WN5232,2023,340WN5232,2,9,0,18,19,4,8,0,0,2,1,0,0,0,2,1,6,6,1,38,7,2143,2,10,MERCEDES E CLASS,8,E01007678,0,-1
2023430299595,2023,430299595,2,9,0,18,19,6,2,0,0,1,0,0,0,0,1,1,6,6,1,34,6,2143,12,8,MERCEDES E CLASS,3,E01028546,0,-1
2023010419777,2023,010419777,1,8,0,18,19,1,5,0,0,8,0,0,0,0,1,1,1,1,1,41,7,2143,2,8,MERCEDES E CLASS,5,E01031594,0,-1
2023451314259,2023,451314259,3,9,0,18,19,7,3,0,0,0,0,0,0,0,1,2,5,6,2,46,8,1796,1,11,MERCEDES E CLASS,10,E01030523,0,-1
2023461395021,2023,461395021,1,9,0,4,4,-1,-1,0,0,1,0,0,0,0,3,1,6,6,2,43,7,1950,2,5,MERCEDES E CLASS,5,E01024191,0,-1
2023010462589,2023,010462589,1,9,0,99,99,9,9,99,99,9,9,99,9,99,9,9,6,6,1,32,6,1991,1,5,MERCEDES E CLASS,3,E01003989,0,-1
2023421377222,2023,421377222,1,9,0,18,19,3,7,0,0,2,0,4,0,0,4,1,6,6,1,74,10,2143,2,10,MERCEDES E CLASS,5,E01021976,0,-1
2023201322700,2023,201322700,1,9,0,4,4,-1,-1,0,0,0,0,0,0,0,0,1,6,6,1,60,9,2143,2,11,MERCEDES E CLASS,10,E01032151,0,-1
2023161314030,2023,161314030,1,9,0,18,19,7,3,0,0,0,1,0,5,6,1,1,5,6,1,23,5,2987,2,8,MERCEDES E CLASS,4,E01013146,0,-1
2023461318686,2023,461318686,1,9,0,5,5,5,7,0,0,4,0,0,0,0,3,1,6,6,1,22,5,1950,2,4,MERCEDES E CLASS,9,E01002110,0,-1
2023501314533,2023,501314533,1,9,0,18,19,1,5,0,0,0,0,0,0,0,2,1,2,2,1,43,7,2143,2,9,MERCEDES E CLASS,4,E01015268,0,-1
2023440427820,2023,440427820,1,9,0,18,19,3,7,0,0,0,0,0,0,0,4,1,2,2,1,63,9,2143,2,11,MERCEDES E CLASS,7,E01027617,0,-1
2023101304112,2023,101304112,1,9,0,18,19,2,6,0,0,8,0,0,0,0,4,1,1,1,1,52,8,1950,2,4,MERCEDES E CLASS,6,E01008256,0,-1
2023351364516,2023,351364516,1,9,0,14,14,3,7,0,0,0,0,0,0,0,1,1,5,6,1,30,6,2149,2,16,MERCEDES E CLASS,4,E01015622,0,-1
2023161294706,2023,161294706,1,9,0,18,19,4,8,0,0,0,2,0,1,0,1,1,5,6,1,24,5,2143,2,7,MERCEDES E CLASS,5,E01013211,0,-1
2023041319969,2023,041319969,2,9,0,18,19,5,1,0,0,0,0,0,0,0,3,1,5,6,1,50,8,1991,8,1,MERCEDES E CLASS,-1,-1,0,-1
2023131373892,2023,131373892,2,9,0,18,19,5,1,0,0,8,0,0,0,0,2,1,6,6,1,35,6,2143,2,6,MERCEDES E CLASS,4,E01025962,0,-1
2023010446078,2023,010446078,2,9,9,99,99,9,9,99,99,9,9,99,9,99,9,9,6,6,3,-1,-1,1950,2,7,MERCEDES E CLASS,2,E01003783,0,-1
2023991302423,2023,991302423,2,9,0,9,9,3,7,0,0,1,0,0,1,0,1,1,1,1,1,83,11,2143,2,14,MERCEDES E CLASS,7,-1,0,-1
2023010435504,2023,010435504,2,9,0,99,99,9,9,99,99,9,9,99,9,99,9,9,6,6,3,-1,-1,1950,2,5,MERCEDES E CLASS,5,E01004681,0,-1
2023010465646,2023,010465646,1,9,0,18,19,1,5,0,0,6,0,0,0,0,1,1,6,6,1,23,5,1950,2,6,MERCEDES E CLASS,-1,-1,0,-1
2023010419895,2023,010419895,2,9,0,99,99,9,9,99,99,0,9,99,9,99,9,9,6,6,3,-1,-1,1950,2,2,MERCEDES E CLASS,-1,-1,0,-1
2023041362973,2023,041362973,1,9,0,9,9,1,5,0,0,1,0,0,0,0,3,1,5,6,1,44,7,2143,2,7,MERCEDES E CLASS,1,E01012646,0,-1
2023471289220,2023,471289220,2,9,0,18,19,3,7,0,0,0,0,0,0,0,3,1,1,1,1,33,6,1950,2,5,MERCEDES E CLASS,6,E01021097,0,-1
2023010423720,2023,010423720,1,9,0,6,6,3,3,0,0,0,0,0,0,0,2,1,6,6,1,48,8,1950,2,6,MERCEDES E CLASS,6,E01002373,0,-1
2023010450623,2023,010450623,1,8,0,9,9,3,8,0,0,1,0,0,0,0,3,1,6,6,1,46,8,1950,2,5,MERCEDES E CLASS,6,E01023921,0,-1
2023010421138,2023,010421138,1,9,0,18,19,1,5,0,0,8,0,0,0,0,1,1,6,6,1,36,7,1950,2,5,MERCEDES E CLASS,7,E01002199,0,-1
2023061350842,2023,061350842,1,9,0,18,19,8,6,0,0,0,0,0,0,0,1,1,5,6,1,80,11,2800,2,27,-1,3,E01006020,0,-1
2023520301594,2023,520301594,1,9,3,18,19,1,5,0,0,0,0,0,0,0,0,1,6,6,1,73,10,2830,2,29,-1,4,E01015630,0,-1
2023361346478,2023,361346478,2,9,0,18,19,3,7,0,0,1,0,0,0,0,1,1,5,6,1,32,6,1461,2,9,NISSAN QASHQAI,8,E01026480,0,-1
2023061368600,2023,061368600,1,9,0,18,19,3,6,0,0,8,0,0,0,0,1,1,5,6,1,55,8,1461,2,13,NISSAN QASHQAI,1,E01005482,0,-1
2023141279387,2023,141279387,1,9,0,18,19,2,6,0,0,0,0,0,0,0,1,1,5,6,2,68,10,1197,1,7,NISSAN QASHQAI,5,E01007331,0,-1
2023052301523,2023,052301523,2,9,0,4,4,1,5,0,0,1,0,0,0,0,1,1,6,6,2,57,9,1461,2,8,NISSAN QASHQAI,2,E01007271,0,-1
2023552301497,2023,552301497,2,9,0,3,3,8,4,0,0,0,0,0,0,0,2,1,2,2,1,60,9,1197,1,6,NISSAN QASHQAI,-1,-1,0,-1
2023451348124,2023,451348124,1,9,0,7,7,2,4,0,0,0,0,0,0,0,3,1,1,1,1,53,8,1332,8,1,NISSAN QASHQAI,10,E01030435,0,-1
2023471325680,2023,471325680,3,9,0,2,2,0,0,0,0,0,0,0,1,0,2,1,6,6,3,-1,-1,1197,1,5,NISSAN QASHQAI,-1,-1,0,-1
2023421310954,2023,421310954,2,9,0,2,2,3,7,0,0,1,0,0,0,0,4,1,5,6,1,43,7,1997,1,14,NISSAN QASHQAI,2,E01015900,0,-1
2023041353378,2023,041353378,2,9,0,18,19,6,2,0,0,1,0,0,0,0,1,1,5,6,2,46,8,1332,8,0,NISSAN QASHQAI,10,E01025467,0,-1
2023471327742,2023,471327742,1,9,0,3,3,5,1,0,0,1,0,0,0,0,1,1,6,6,1,28,6,1598,1,14,NISSAN QASHQAI,3,E01003122,0,-1
2023430213483,2023,430213483,2,9,0,18,19,5,1,0,0,0,0,0,0,0,1,1,6,6,2,-1,-1,1461,2,12,NISSAN QASHQAI,-1,-1,0,-1
2023010452708,2023,010452708,2,9,0,2,2,0,0,0,0,0,0,4,0,0,1,2,6,6,3,-1,-1,1598,1,11,NISSAN QASHQAI,-1,-1,0,-1
2023141319535,2023,141319535,1,9,0,18,19,5,1,0,0,0,0,0,0,0,1,1,2,2,1,38,7,1461,2,9,NISSAN QASHQAI,1,E01007892,0,-1
2023430580245,2023,430580245,2,9,0,11,11,4,8,0,0,8,0,0,0,0,1,1,6,6,3,-1,-1,1598,2,7,NISSAN QASHQAI,-1,-1,0,-1
2023371293989,2023,371293989,3,9,0,2,2,0,0,0,0,0,0,0,0,0,4,1,6,6,3,-1,-1,1461,2,10,NISSAN QASHQAI,-1,-1,0,-1
2023552301250,2023,552301250,2,9,0,8,8,7,8,0,0,1,0,0,0,0,3,1,2,2,2,28,6,1461,2,12,NISSAN QASHQAI,3,E01015305,0,-1
2023041305752,2023,041305752,2,9,0,18,19,3,7,0,0,0,2,0,1,11,3,1,5,6,2,29,6,1598,1,12,NISSAN QASHQAI,3,E01012623,0,-1