collision_index,collision_year,collision_ref_no,vehicle_reference,vehicle_type,towing_and_articulation,vehicle_manoeuvre_historic,vehicle_manoeuvre,vehicle_direction_from,vehicle_direction_to,vehicle_location_restricted_lane_historic,vehicle_location_restricted_lane,junction_location,skidding_and_overturning,hit_object_in_carriageway,vehicle_leaving_carriageway,hit_object_off_carriageway,first_point_of_impact,vehicle_left_hand_drive,journey_purpose_of_driver_historic,journey_purpose_of_driver,sex_of_driver,age_of_driver,age_band_of_driver,engine_capacity_cc,propulsion_code,age_of_vehicle,generic_make_model,driver_imd_decile,lsoa_of_driver,escooter_flag,driver_distance_banding
2023201393255,2023,201393255,2,9,0,9,9,6,4,0,0,6,0,0,0,0,3,1,5,6,1,34,6,1598,2,6,NISSAN QASHQAI,8,E01010360,0,-1
2023501314966,2023,501314966,1,9,0,9,9,4,2,0,0,8,0,0,0,0,1,2,5,6,1,80,11,1598,2,6,NISSAN QASHQAI,9,E01015197,0,-1
2023221295995,2023,221295995,2,9,0,18,19,6,2,0,0,0,1,0,0,0,2,1,5,6,1,36,7,1461,2,9,NISSAN QASHQAI,2,W01001418,0,-1
2023461340537,2023,461340537,1,9,0,18,19,1,5,0,0,0,0,0,0,0,4,1,6,6,1,-1,-1,1995,2,12,NISSAN QASHQAI,9,E01016147,0,-1
2023010467866,2023,010467866,2,9,0,99,99,9,9,99,99,1,0,99,9,99,9,1,6,6,3,-1,-1,1598,1,15,NISSAN QASHQAI,-1,-1,0,-1
2023010430414,2023,010430414,1,9,0,9,9,1,6,0,0,1,0,0,0,0,1,1,6,6,1,75,10,1198,1,9,NISSAN QASHQAI,6,E01000700,0,-1
2023991368745,2023,991368745,2,9,0,10,10,6,4,0,0,1,0,0,0,0,2,1,3,7,2,31,6,1461,2,14,NISSAN QASHQAI,1,-1,0,-1
2023421327088,2023,421327088,1,9,0,18,19,8,4,0,0,0,0,0,7,0,2,1,2,2,1,46,8,1598,1,13,NISSAN QASHQAI,6,E01021464,0,-1
2023131267621,2023,131267621,1,9,0,18,19,7,3,0,0,2,0,0,0,0,3,1,2,2,1,54,8,1461,2,13,NISSAN QASHQAI,1,E01011918,0,-1
2023631360784,2023,631360784,2,9,0,16,19,4,8,0,0,0,0,0,0,0,2,1,5,6,1,57,9,1461,2,5,NISSAN QASHQAI,2,E01018327,0,-1
2023131342418,2023,131342418,1,9,0,8,8,1,1,0,0,6,5,0,2,0,1,1,5,6,2,34,6,1598,1,11,NISSAN QASHQAI,1,E01011101,0,-1
2023010444522,2023,010444522,3,9,0,2,2,0,0,0,0,0,0,0,0,0,1,1,6,6,3,-1,-1,1598,1,10,NISSAN QASHQAI,-1,-1,0,-1
2023351347147,2023,351347147,2,9,0,18,19,5,1,0,0,0,0,0,1,9,1,1,5,6,2,34,6,1461,2,13,NISSAN QASHQAI,7,E01017965,0,-1
202354A179923,2023,54A179923,1,9,0,18,19,8,4,0,0,2,0,0,7,11,1,1,6,6,1,82,11,1461,2,16,NISSAN QASHQAI,10,E01032017,0,-1
2023461379716,2023,461379716,3,9,0,3,3,8,4,0,0,0,0,0,0,0,2,1,6,6,1,46,8,1332,8,1,NISSAN QASHQAI,2,E01024374,0,-1
2023501348220,2023,501348220,1,9,0,18,19,1,5,0,0,0,2,0,2,11,1,1,6,6,1,19,4,1461,2,4,NISSAN QASHQAI,8,E01015108,0,-1
2023430496681,2023,430496681,2,9,0,18,19,1,5,0,0,1,1,0,0,0,1,1,6,6,1,32,6,1197,1,6,NISSAN QASHQAI,4,E01016361,0,-1
2023440219601,2023,440219601,1,9,0,18,19,4,8,0,0,2,0,0,0,0,4,1,6,6,1,56,9,1197,1,6,NISSAN QASHQAI,10,E01022794,0,-1
2023430141550,2023,430141550,2,9,0,18,19,3,7,0,0,8,0,0,1,10,1,1,6,6,1,83,11,1461,2,13,NISSAN QASHQAI,6,E01028691,0,-1
2023991374333,2023,991374333,2,9,0,2,2,0,0,0,0,0,0,0,1,0,3,1,6,6,3,-1,-1,1332,1,3,NISSAN QASHQAI,-1,-1,0,-1
2023411398948,2023,411398948,2,9,0,18,19,7,2,0,0,0,0,0,1,10,1,1,6,6,2,56,9,1332,1,2,NISSAN QASHQAI,8,E01023541,0,-1
202354B690023,2023,54B690023,1,9,0,9,9,8,6,0,0,1,0,0,0,0,1,1,6,6,1,22,5,1461,2,11,NISSAN QASHQAI,5,E01015529,0,-1
2023302301607,2023,302301607,1,9,0,3,3,8,4,0,0,1,0,0,0,0,4,1,2,2,2,38,7,1461,2,8,NISSAN QASHQAI,1,E01013590,0,-1
2023010448821,2023,010448821,2,9,0,18,19,1,5,0,0,0,0,0,0,0,3,1,2,2,1,57,9,1997,1,13,NISSAN QASHQAI,5,E01002515,0,-1
2023170L20943,2023,170L20943,1,9,0,2,2,0,0,0,0,0,0,0,0,0,3,1,6,6,2,56,9,1461,2,14,NISSAN QASHQAI,-1,-1,0,-1
2023430229616,2023,430229616,1,9,0,18,19,1,5,0,0,8,0,0,0,0,4,1,6,6,3,-1,-1,1332,8,1,NISSAN QASHQAI,-1,-1,0,-1
2023440049938,2023,440049938,3,9,0,18,19,2,6,0,0,1,0,0,0,0,1,1,3,7,2,37,7,1598,2,9,NISSAN QASHQAI,5,E01023201,0,-1
2023111320292,2023,111320292,1,9,0,6,6,1,5,0,0,0,0,0,0,0,1,1,6,6,1,30,6,1332,8,1,NISSAN QASHQAI,-1,-1,0,-1
2023361283609,2023,361283609,2,9,0,18,19,3,7,0,0,8,0,0,0,0,1,1,2,2,2,42,7,1598,2,7,NISSAN QASHQAI,4,E01026665,0,-1
2023161380570,2023,161380570,2,9,0,18,19,5,1,0,0,1,0,0,0,0,1,1,5,6,2,42,7,1332,1,3,NISSAN QASHQAI,1,E01012849,0,-1
2023041383172,2023,041383172,2,9,0,3,3,1,5,0,0,4,0,0,0,0,1,1,2,2,2,39,7,1461,2,9,NISSAN QASHQAI,6,E01025486,0,-1
2023122400060,2023,122400060,2,9,0,16,19,6,2,0,0,0,0,0,0,0,1,1,6,6,1,73,10,1461,2,6,NISSAN QASHQAI,10,E01027683,0,-1
2023061360318,2023,061360318,3,9,0,18,19,3,7,0,0,0,0,0,3,0,2,1,5,6,1,55,8,1332,1,4,NISSAN QASHQAI,3,E01005013,0,-1
2023111325474,2023,111325474,1,9,0,18,19,1,5,0,0,0,0,0,0,0,1,1,3,7,1,24,5,1461,2,11,NISSAN QASHQAI,6,E01020794,0,-1
2023302300375,2023,302300375,1,9,0,3,3,2,6,0,0,1,0,0,0,0,3,1,6,6,2,42,7,1461,2,11,NISSAN QASHQAI,1,E01013486,0,-1
2023010460695,2023,010460695,2,9,0,18,19,5,1,6,6,0,0,0,0,0,1,1,6,6,1,29,6,1598,1,11,NISSAN QASHQAI,6,E01016506,0,-1
2023520400403,2023,520400403,1,9,0,4,4,5,1,0,0,0,0,0,0,0,2,1,6,6,2,36,7,1618,1,7,NISSAN QASHQAI,9,E01014470,0,-1
2023461380100,2023,461380100,2,9,0,15,15,1,5,0,0,1,0,0,0,0,1,1,5,6,1,74,10,1332,8,1,NISSAN QASHQAI,3,E01024656,0,-1
2023101383824,2023,101383824,3,9,0,3,3,6,2,0,0,8,0,0,0,0,4,1,6,6,2,22,5,1598,1,15,NISSAN QASHQAI,1,E01008839,0,-1
2023411334032,2023,411334032,1,9,0,1,1,-1,-1,0,0,1,0,0,0,0,2,1,6,6,3,-1,-1,1598,1,15,NISSAN QASHQAI,-1,-1,0,-1
2023991391489,2023,991391489,1,9,0,1,1,5,1,9,9,0,0,0,0,0,2,1,6,6,3,-1,-1,1332,1,3,NISSAN QASHQAI,-1,-1,0,-1
2023361372403,2023,361372403,2,9,0,18,19,7,8,0,0,0,0,0,0,0,1,1,1,1,1,58,9,1461,2,6,NISSAN QASHQAI,4,E01026749,0,-1
2023041312605,2023,041312605,1,9,0,5,5,1,1,0,0,1,0,0,0,0,1,1,5,6,2,38,7,1197,1,7,NISSAN QASHQAI,4,E01012740,0,-1
2023451331222,2023,451331222,2,9,0,18,19,5,1,0,0,8,0,0,0,0,1,1,5,6,2,44,7,1197,1,6,NISSAN QASHQAI,10,E01030316,0,-1
2023061307815,2023,061307815,1,9,0,18,19,1,5,0,0,0,0,0,0,0,4,1,6,6,3,30,6,1332,8,1,NISSAN QASHQAI,-1,-1,0,-1
2023302300051,2023,302300051,3,9,0,18,19,7,3,0,0,0,0,0,0,0,4,1,6,6,2,51,8,1461,2,7,NISSAN QASHQAI,9,E01019758,0,-1
2023430038003,2023,430038003,1,9,0,17,19,2,8,0,0,2,0,0,0,0,1,1,6,6,1,45,7,1997,1,14,NISSAN QASHQAI,-1,-1,0,-1
2023010449286,2023,010449286,2,9,0,99,99,9,9,99,99,9,9,99,9,99,9,9,6,6,2,54,8,1997,1,14,NISSAN QASHQAI,8,E01003807,0,-1
2023201370880,2023,201370880,2,9,0,14,14,8,4,0,0,0,0,0,0,0,4,1,5,6,1,52,8,1461,2,6,NISSAN QASHQAI,1,E01009269,0,-1
2023311295540,2023,311295540,1,9,0,18,19,7,3,0,0,2,0,0,0,0,1,1,6,6,1,33,6,1461,2,6,NISSAN QASHQAI,9,E01029458,0,-1
2023201278840,2023,201278840,3,9,0,18,19,8,4,0,0,0,0,0,0,0,2,1,6,6,2,64,9,1332,8,1,NISSAN QASHQAI,9,E01032336,0,-1
2023131285058,2023,131285058,1,9,0,18,19,1,5,0,0,2,0,0,0,0,1,1,2,2,1,44,7,1598,1,12,NISSAN QASHQAI,3,E01011783,0,-1
2023010436262,2023,010436262,1,9,0,99,99,9,9,99,99,9,9,99,9,99,2,9,2,2,2,46,8,1332,8,2,NISSAN QASHQAI,4,E01004376,0,-1
2023041375150,2023,041375150,2,9,0,18,19,1,5,0,0,8,0,0,0,0,2,1,5,6,2,70,10,1197,1,7,NISSAN QASHQAI,1,E01025049,0,-1
2023041393421,2023,041393421,1,9,0,5,5,3,7,0,0,4,0,0,0,0,1,1,5,6,2,68,10,1197,1,5,NISSAN QASHQAI,9,E01025533,0,-1
2023010454925,2023,010454925,2,9,0,99,99,9,9,99,99,9,9,99,9,99,9,9,6,6,3,33,6,1197,1,6,NISSAN QASHQAI,-1,-1,0,-1
2023010468323,2023,010468323,2,9,0,18,19,1,5,0,0,8,9,0,0,0,1,9,6,6,3,-1,-1,1332,1,3,NISSAN QASHQAI,-1,-1,0,-1
2023320631358,2023,320631358,2,9,0,18,19,4,8,0,0,8,1,0,0,0,1,1,6,6,1,57,9,1332,1,4,NISSAN QASHQAI,10,E01026187,0,-1
2023421307162,2023,421307162,3,9,0,4,4,7,3,0,0,0,0,0,0,0,2,1,6,6,2,52,8,1598,1,12,NISSAN QASHQAI,10,E01021465,0,-1
2023101344969,2023,101344969,2,9,0,18,19,1,5,0,0,1,1,0,0,0,1,1,5,6,2,64,9,1332,1,3,NISSAN QASHQAI,-1,-1,0,-1
2023371272530,2023,371272530,1,9,0,10,10,1,7,0,0,8,0,0,0,0,3,1,1,1,2,62,9,1332,8,1,NISSAN QASHQAI,10,E01030070,0,-1
2023131263724,2023,131263724,1,9,0,18,19,5,5,0,0,2,0,0,0,0,1,1,5,6,1,30,6,1997,1,15,NISSAN QASHQAI,1,E01011339,0,-1
2023430238584,2023,430238584,2,9,0,18,19,1,5,0,0,2,0,0,0,0,1,1,6,6,1,81,11,1332,8,1,NISSAN QASHQAI,-1,-1,0,-1
2023421366084,2023,421366084,1,9,0,-1,-1,-1,-1,-1,-1,0,-1,-1,-1,0,-1,1,6,6,3,-1,-1,1461,2,7,NISSAN QASHQAI,-1,-1,0,-1
2023201291684,2023,201291684,1,9,0,11,11,6,2,0,0,2,0,0,0,0,2,1,5,6,1,46,8,1197,1,7,NISSAN QASHQAI,8,E01009440,0,-1
2023401351287,2023,401351287,2,9,0,11,11,5,3,0,0,1,0,0,0,0,0,1,5,6,3,52,8,1461,2,11,NISSAN QASHQAI,2,E01011020,0,-1
2023991392247,2023,991392247,1,9,0,18,19,4,8,0,0,0,1,0,0,0,1,2,5,6,1,29,6,1332,1,2,NISSAN QASHQAI,3,E01002847,0,-1
2023361327245,2023,361327245,3,9,0,18,19,6,2,0,0,0,0,0,0,0,1,1,5,6,1,62,9,1332,1,2,NISSAN QASHQAI,8,E01026563,0,-1
2023010451114,2023,010451114,4,9,0,2,2,0,0,0,0,0,1,0,0,0,3,1,6,6,3,-1,-1,1197,1,7,NISSAN QASHQAI,-1,-1,0,-1
2023061373792,2023,061373792,1,9,-1,-1,-1,-1,-1,-1,-1,-1,-1,-1,-1,0,-1,1,6,6,2,53,8,1497,8,1,NISSAN QASHQAI,3,E01019759,0,-1
2023010465654,2023,010465654,2,9,0,99,99,9,9,99,99,9,9,99,9,99,9,9,6,6,3,39,7,1461,2,8,NISSAN QASHQAI,3,E01003244,0,-1
2023041370393,2023,041370393,2,9,0,5,5,5,1,0,0,4,0,0,0,0,1,1,2,2,1,38,7,1332,1,4,NISSAN QASHQAI,5,E01025387,0,-1
2023440185244,2023,440185244,1,9,0,17,19,5,2,0,0,8,0,0,0,0,1,1,6,6,2,46,8,1197,1,8,NISSAN QASHQAI,10,E01022595,0,-1
2023201288912,2023,201288912,2,9,0,9,9,7,5,0,0,6,0,0,0,0,1,1,5,6,2,32,6,1461,2,6,NISSAN QASHQAI,3,E01008921,0,-1
2023332300942,2023,332300942,2,9,0,7,7,3,7,4,4,5,0,0,0,0,1,1,6,6,3,-1,-1,1598,2,10,NISSAN QASHQAI,-1,-1,0,-1
2023041362867,2023,041362867,1,9,0,9,9,1,5,0,0,1,0,0,0,0,1,1,5,6,1,46,8,1461,2,14,NISSAN QASHQAI,1,E01012624,0,-1
2023522400739,2023,522400739,3,9,0,3,3,1,5,0,0,0,0,0,0,0,2,1,6,6,1,33,6,1332,1,2,NISSAN QASHQAI,-1,-1,0,-1
2023131377798,2023,131377798,1,9,0,18,19,5,1,0,0,0,0,0,0,0,1,1,6,6,1,56,9,1598,1,12,NISSAN QASHQAI,1,E01005261,0,-1
2023161345806,2023,161345806,1,9,0,18,19,7,3,0,0,0,0,0,1,0,1,1,5,6,1,55,8,1598,2,5,NISSAN QASHQAI,10,E01012926,0,-1
2023010431780,2023,010431780,1,9,0,18,19,1,5,0,0,2,0,10,1,0,1,1,6,6,1,48,8,1198,1,8,NISSAN QASHQAI,7,E01001888,0,-1
2023302300866,2023,302300866,1,9,0,18,19,5,1,0,0,6,0,0,0,0,3,1,6,6,2,58,9,1461,2,11,NISSAN QASHQAI,7,E01019812,0,-1
2023371316325,2023,371316325,1,9,0,18,19,4,8,0,0,0,0,4,0,0,4,1,5,6,1,63,9,1461,2,13,NISSAN QASHQAI,6,E01030232,0,-1
2023451374554,2023,451374554,2,9,0,18,19,7,3,0,0,0,1,0,0,0,1,1,1,1,1,41,7,1332,1,3,NISSAN QASHQAI,6,E01003285,0,-1
2023010458202,2023,010458202,2,9,0,99,99,9,9,99,99,9,9,99,9,99,9,9,6,6,3,23,5,1197,1,8,NISSAN QASHQAI,7,E01000236,0,-1
2023231427787,2023,231427787,1,9,0,18,19,5,1,0,0,0,0,0,0,0,1,1,6,6,1,44,7,1332,8,1,NISSAN QASHQAI,10,E01031259,0,-1
2023201403676,2023,201403676,1,9,0,7,7,8,2,0,0,6,0,0,0,0,3,1,5,6,1,-1,-1,1461,2,7,NISSAN QASHQAI,-1,-1,0,-1
2023010462324,2023,010462324,1,9,0,99,99,9,9,99,99,0,9,99,9,99,9,9,6,6,2,46,8,1197,1,5,NISSAN QASHQAI,2,E01002314,0,-1
2023010456001,2023,010456001,1,9,0,7,7,3,5,0,0,1,0,0,0,0,1,1,6,6,1,24,5,1461,2,13,NISSAN QASHQAI,5,E01003156,0,-1
202360A148081,2023,60A148081,2,9,0,18,19,1,4,0,0,1,0,0,0,0,4,1,3,7,2,29,6,1461,2,10,NISSAN QASHQAI,-1,-1,0,-1
2023501299044,2023,501299044,2,9,0,18,19,5,2,0,0,1,0,0,0,0,2,1,6,6,1,60,9,1598,2,7,NISSAN QASHQAI,-1,-1,0,-1
2023401367701,2023,401367701,2,9,0,4,4,5,1,0,0,0,0,0,0,0,2,1,6,6,2,63,9,1197,1,7,NISSAN QASHQAI,3,E01000312,0,-1
2023471317029,2023,471317029,1,9,0,2,2,1,5,0,0,0,0,0,0,0,1,1,2,2,2,58,9,1497,8,1,NISSAN QASHQAI,7,E01021236,0,-1
2023451319661,2023,451319661,1,9,0,4,4,1,5,0,0,0,0,0,0,0,2,1,6,6,1,45,7,1461,2,9,NISSAN QASHQAI,8,E01030782,0,-1
2023052302857,2023,052302857,2,9,0,18,19,3,7,0,0,1,0,0,0,0,4,1,2,2,2,36,7,1461,2,13,NISSAN QASHQAI,2,E01032510,0,-1
2023610001523,2023,610001523,1,9,0,18,19,5,1,0,0,8,0,0,0,0,1,1,6,6,2,38,7,1461,2,5,NISSAN QASHQAI,5,W01001350,0,-1
2023010453182,2023,010453182,2,9,0,99,99,9,9,99,99,9,9,99,9,99,9,9,6,6,3,-1,-1,1461,2,7,NISSAN QASHQAI,-1,-1,0,-1
2023302301651,2023,302301651,1,9,0,9,9,5,2,0,0,2,0,0,0,0,1,1,6,6,1,39,7,1598,1,11,NISSAN QASHQAI,3,E01013453,0,-1
2023471327052,2023,471327052,1,9,0,1,1,4,7,0,0,1,0,0,0,0,4,1,6,6,2,43,7,1598,1,12,NISSAN QASHQAI,10,E01020940,0,-1
2023231392989,2023,231392989,2,9,0,9,9,7,5,0,0,8,0,0,0,0,4,1,6,6,2,30,6,1197,1,8,NISSAN QASHQAI,4,E01031231,0,-1
2023070238554,2023,070238554,1,9,0,12,12,3,8,0,0,3,0,0,0,0,4,1,6,6,2,-1,-1,1497,8,0,NISSAN QASHQAI,2,E01006910,0,-1
2023991295398,2023,991295398,2,9,0,18,19,1,6,0,0,0,0,0,0,0,4,1,5,6,1,47,8,1461,2,7,NISSAN QASHQAI,5,-1,0,-1
2023531373713,2023,531373713,1,9,0,7,7,1,5,0,0,5,0,0,0,0,0,1,5,6,2,60,9,1197,1,6,NISSAN QASHQAI,1,E01022147,0,-1
2023421362611,2023,421362611,1,9,0,18,19,8,5,0,0,0,0,0,0,0,3,1,6,6,2,34,6,1598,1,14,NISSAN QASHQAI,4,E01021894,0,-1
2023061264706,2023,061264706,1,9,0,18,19,3,7,0,0,1,0,0,0,0,1,1,5,6,2,30,6,1461,2,11,NISSAN QASHQAI,-1,-1,0,-1
2023461342778,2023,461342778,2,9,0,3,3,7,3,0,0,3,0,0,1,0,2,1,6,6,2,41,7,1598,1,10,NISSAN QASHQAI,4,E01032800,0,-1
2023010466881,2023,010466881,1,9,0,7,7,7,1,0,0,1,0,0,0,0,4,1,2,2,1,66,10,1461,2,6,NISSAN QASHQAI,8,E01015970,0,-1
2023041310121,2023,041310121,1,9,0,18,19,7,3,0,0,2,0,0,0,0,1,1,5,6,2,32,6,1598,1,15,NISSAN QASHQAI,10,E01025016,0,-1
2023522300429,2023,522300429,1,9,0,3,3,4,8,0,0,0,0,0,0,0,2,1,2,2,2,25,5,1461,2,12,NISSAN QASHQAI,9,E01033333,0,-1
2023991357243,2023,991357243,1,9,0,18,19,5,2,0,0,1,0,0,0,0,2,1,6,6,2,27,6,1332,1,3,NISSAN QASHQAI,-1,-1,0,-1
2023520400881,2023,520400881,1,9,0,3,3,1,5,0,0,0,0,0,0,0,2,1,6,6,2,32,6,1197,1,5,NISSAN QASHQAI,6,E01029227,0,-1
2023461343121,2023,461343121,1,9,0,4,4,1,5,0,0,1,0,0,0,0,1,1,5,6,2,43,7,1598,1,11,NISSAN QASHQAI,8,E01024098,0,-1
2023522300932,2023,522300932,2,9,0,13,13,2,6,0,0,8,0,0,0,0,1,1,6,6,1,-1,-1,1461,2,12,NISSAN QASHQAI,-1,-1,0,-1
2023010462532,2023,010462532,2,9,0,18,19,1,5,0,0,0,0,4,0,0,1,1,6,6,2,35,6,1598,1,12,NISSAN QASHQAI,6,E01001662,0,-1
2023552301461,2023,552301461,2,9,0,18,19,2,6,0,0,8,0,0,0,0,4,1,3,7,2,33,6,1598,2,6,NISSAN QASHQAI,8,E01023069,0,-1
2023501337205,2023,501337205,3,9,0,18,19,2,6,0,0,0,1,0,1,0,1,1,5,6,2,36,7,1997,1,16,NISSAN QASHQAI,9,E01014550,0,-1
2023010478209,2023,010478209,1,9,0,18,19,7,3,0,0,0,0,0,0,0,2,1,2,2,1,48,8,1332,1,2,NISSAN QASHQAI,2,E01004253,0,-1
2023061306884,2023,061306884,1,9,0,18,19,5,1,0,0,0,0,11,0,0,4,1,5,6,1,30,6,1461,2,6,NISSAN QASHQAI,2,E01005981,0,-1
2023221304013,2023,221304013,1,9,0,9,9,7,5,0,0,4,0,0,0,0,1,1,5,6,1,19,4,1994,2,15,NISSAN QASHQAI,6,E01032407,0,-1
2023471362529,2023,471362529,1,9,0,9,9,8,6,0,0,8,0,0,1,2,1,1,5,6,2,43,7,1332,1,2,NISSAN QASHQAI,7,E01031566,0,-1
2023010478912,2023,010478912,1,9,0,99,99,9,9,99,99,9,9,99,9,99,1,9,6,6,1,-1,-1,1197,1,7,NISSAN QASHQAI,6,E01002602,0,-1
2023141345621,2023,141345621,2,9,0,18,19,5,1,0,0,1,0,0,0,0,3,1,6,6,2,37,7,1461,2,7,NISSAN QASHQAI,1,E01007462,0,-1
2023061344274,2023,061344274,2,9,0,10,10,7,4,0,0,1,0,0,0,0,2,1,5,6,2,42,7,1461,2,8,NISSAN QASHQAI,2,E01005199,0,-1
2023041361294,2023,041361294,1,9,0,17,19,5,1,0,0,1,0,0,7,0,1,1,5,6,1,30,6,1598,1,16,NISSAN QASHQAI,4,E01025262,0,-1
2023421315017,2023,421315017,1,9,0,1,1,1,5,0,0,1,0,0,0,0,2,1,6,6,2,39,7,1598,1,10,NISSAN QASHQAI,-1,-1,0,-1
2023430212515,2023,430212515,1,9,0,9,9,7,6,0,0,5,0,0,0,0,3,1,6,6,1,32,6,1197,1,6,NISSAN QASHQAI,-1,-1,0,-1
2023010441858,2023,010441858,2,9,0,2,2,0,0,0,0,0,0,0,0,0,2,1,6,6,3,-1,-1,1997,1,15,NISSAN QASHQAI,-1,-1,0,-1
2023201393534,2023,201393534,1,9,0,13,13,4,8,0,0,0,0,0,0,0,3,1,6,6,2,36,7,1197,1,7,NISSAN QASHQAI,6,E01009976,0,-1
2023010442962,2023,010442962,1,9,0,9,9,5,2,0,0,8,0,0,0,0,3,1,6,6,2,64,9,1598,1,12,NISSAN QASHQAI,2,E01003086,0,-1
2023311301061,2023,311301061,1,9,0,3,3,1,5,0,0,0,0,0,0,0,2,1,2,2,2,49,8,1598,2,9,NISSAN QASHQAI,4,E01013939,0,-1
2023522400625,2023,522400625,1,9,0,18,19,1,5,0,0,8,0,0,0,0,1,1,6,6,1,72,10,1461,2,7,NISSAN QASHQAI,1,E01014486,0,-1
2023411363265,2023,411363265,1,9,0,17,19,5,1,0,0,0,0,11,0,0,1,1,5,6,2,46,8,1461,2,8,NISSAN QASHQAI,3,E01023640,0,-1
2023010477937,2023,010477937,1,9,0,99,99,9,9,99,99,0,9,99,9,99,2,9,6,6,1,40,7,1197,1,8,NISSAN QASHQAI,1,E01003517,0,-1
2023111364157,2023,111364157,1,9,0,18,19,3,7,0,0,4,0,0,0,0,1,1,2,2,1,58,9,1461,2,5,NISSAN QASHQAI,1,E01032543,0,-1
2023061346041,2023,061346041,1,9,0,18,19,7,3,9,9,2,0,0,3,0,1,1,5,6,1,44,7,1598,2,6,NISSAN QASHQAI,9,E01019751,0,-1
2023421331056,2023,421331056,2,9,0,18,19,5,1,0,0,0,0,0,0,0,2,1,6,6,2,36,7,1197,1,7,NISSAN QASHQAI,10,E01021445,0,-1
2023461354629,2023,461354629,2,9,0,18,19,2,5,0,0,0,0,0,0,0,3,1,6,6,1,65,9,1618,1,8,NISSAN QASHQAI,7,E01023527,0,-1
2023010453883,2023,010453883,1,9,0,18,19,5,1,9,9,1,0,0,7,2,3,1,6,6,1,62,9,1197,1,7,NISSAN QASHQAI,8,E01001604,0,-1
2023421357202,2023,421357202,1,9,0,4,4,8,4,0,0,1,0,0,0,0,1,1,2,2,2,39,7,1332,1,3,NISSAN QASHQAI,6,E01021930,0,-1
2023351287838,2023,351287838,1,9,0,13,13,1,5,0,0,0,0,0,1,9,4,1,6,6,2,42,7,1598,1,10,NISSAN QASHQAI,6,E01018042,0,-1
2023122300480,2023,122300480,1,9,0,3,3,2,6,0,0,0,0,0,0,0,2,1,2,2,1,52,8,1332,8,0,NISSAN QASHQAI,5,E01033069,0,-1
2023520400732,2023,520400732,2,9,0,18,19,2,6,0,0,8,0,0,0,0,1,1,6,6,1,21,5,1994,2,16,NISSAN QASHQAI,3,E01029072,0,-1
2023010469532,2023,010469532,2,9,0,99,99,9,9,99,99,9,9,99,9,99,1,9,6,6,3,-1,-1,1598,1,13,NISSAN QASHQAI,-1,-1,0,-1
2023411368478,2023,411368478,2,9,0,13,13,-1,-1,0,0,0,0,0,0,0,3,1,6,6,2,51,8,1461,2,12,NISSAN QASHQAI,7,E01021657,0,-1
2023101299854,2023,101299854,1,9,0,18,19,3,7,0,0,0,0,0,0,0,1,1,5,6,1,75,10,1332,1,2,NISSAN QASHQAI,4,E01008510,0,-1
2023430053721,2023,430053721,3,9,0,16,19,4,7,0,0,8,0,0,0,0,1,1,6,6,1,53,8,1197,1,8,NISSAN QASHQAI,8,E01017855,0,-1
2023010448386,2023,010448386,1,9,0,9,9,5,3,0,0,8,0,0,0,0,1,1,6,6,1,31,6,1198,1,8,NISSAN QASHQAI,3,E01002375,0,-1
2023010473369,2023,010473369,2,9,0,18,19,5,1,0,0,1,0,0,0,0,1,1,6,6,1,39,7,1598,1,14,NISSAN QASHQAI,5,E01004451,0,-1
2023052301303,2023,052301303,2,9,0,18,19,5,1,0,0,3,0,0,0,0,4,1,6,6,1,32,6,1332,1,4,NISSAN QASHQAI,1,E01006677,0,-1
2023010460359,2023,010460359,1,9,0,18,19,7,3,0,0,1,0,0,0,0,1,1,6,6,2,32,6,1598,1,10,NISSAN QASHQAI,2,E01003988,0,-1
2023471299888,2023,471299888,1,9,0,18,19,5,1,0,0,4,0,0,0,0,2,1,1,1,2,49,8,1461,2,6,NISSAN QASHQAI,6,E01031839,0,-1
2023010457758,2023,010457758,1,9,0,99,99,9,9,99,99,9,9,99,9,99,9,9,2,2,1,54,8,1197,1,8,NISSAN QASHQAI,5,E01003083,0,-1
2023201343467,2023,201343467,1,9,0,4,4,1,1,0,0,0,0,0,0,0,1,1,5,6,1,30,6,1461,2,8,NISSAN QASHQAI,4,E01010424,0,-1
2023010424248,2023,010424248,1,9,0,18,19,5,1,0,0,1,0,0,0,0,3,1,6,6,1,55,8,1197,1,5,NISSAN QASHQAI,2,E01000604,0,-1
2023340WN2802,2023,340WN2802,1,9,0,18,19,5,1,0,0,0,0,0,0,0,3,1,6,6,3,-1,-1,1197,1,5,NISSAN QASHQAI,-1,-1,0,-1
2023061389758,2023,061389758,1,9,-1,-1,-1,-1,-1,-1,-1,-1,-1,-1,-1,0,-1,1,6,6,1,-1,-1,1461,2,10,NISSAN QASHQAI,3,E01005208,0,-1
2023451294699,2023,451294699,2,9,0,9,9,5,1,0,0,8,0,0,0,0,4,1,1,1,2,52,8,1997,1,15,NISSAN QASHQAI,3,E01032729,0,-1
2023201302908,2023,201302908,3,9,0,2,2,0,0,0,0,2,0,0,0,0,3,1,6,6,3,-1,-1,1461,2,8,NISSAN QASHQAI,-1,-1,0,-1
2023440021475,2023,440021475,2,9,0,18,19,3,7,0,0,0,0,0,0,0,1,1,1,1,2,66,10,1197,1,7,NISSAN QASHQAI,10,E01022756,0,-1