collision_index,collision_year,collision_ref_no,vehicle_reference,vehicle_type,towing_and_articulation,vehicle_manoeuvre_historic,vehicle_manoeuvre,vehicle_direction_from,vehicle_direction_to,vehicle_location_restricted_lane_historic,vehicle_location_restricted_lane,junction_location,skidding_and_overturning,hit_object_in_carriageway,vehicle_leaving_carriageway,hit_object_off_carriageway,first_point_of_impact,vehicle_left_hand_drive,journey_purpose_of_driver_historic,journey_purpose_of_driver,sex_of_driver,age_of_driver,age_band_of_driver,engine_capacity_cc,propulsion_code,age_of_vehicle,generic_make_model,driver_imd_decile,lsoa_of_driver,escooter_flag,driver_distance_banding
2023161352659,2023,161352659,2,9,0,4,4,8,4,0,0,0,0,0,0,0,1,1,1,1,1,50,8,1598,1,10,NISSAN QASHQAI,-1,-1,0,-1
2023552300270,2023,552300270,2,9,0,4,4,6,2,0,0,8,0,0,0,0,2,1,6,6,2,53,8,1461,2,4,NISSAN QASHQAI,7,E01020509,0,-1
2023031326398,2023,031326398,1,9,0,17,19,1,2,0,0,2,1,0,0,0,1,1,1,1,1,42,7,1461,2,11,NISSAN QASHQAI,-1,-1,0,-1
2023552300012,2023,552300012,1,9,0,18,19,4,8,0,0,0,0,0,0,0,4,1,6,6,1,79,11,1461,2,7,NISSAN QASHQAI,6,E01020466,0,-1
2023371383894,2023,371383894,1,9,0,18,19,1,2,0,0,1,0,0,0,0,1,1,6,6,1,34,6,1598,1,15,NISSAN QASHQAI,6,E01030002,0,-1
2023481371637,2023,481371637,1,9,0,18,19,5,1,0,0,0,0,0,0,0,1,1,6,6,1,40,7,1598,1,10,NISSAN QASHQAI,-1,-1,0,-1
2023141311169,2023,141311169,3,9,0,6,6,7,3,0,0,6,0,0,0,0,0,1,2,2,1,62,9,1461,2,4,NISSAN QASHQAI,10,E01028391,0,-1
2023161315751,2023,161315751,1,9,0,18,19,8,4,0,0,0,0,0,0,0,1,1,6,6,1,-1,-1,1197,1,6,NISSAN QASHQAI,6,E01013160,0,-1
2023461322598,2023,461322598,3,9,0,2,2,0,0,1,1,0,0,0,0,0,0,1,6,6,2,54,8,1332,8,2,NISSAN QASHQAI,7,E01024141,0,-1
2023201422869,2023,201422869,1,9,0,3,3,1,3,0,0,0,0,0,0,0,2,1,6,6,1,47,8,1461,2,10,NISSAN QASHQAI,6,E01010536,0,-1
2023622300329,2023,622300329,1,9,0,9,9,8,4,0,0,0,0,0,0,0,4,1,3,7,1,48,8,1461,2,12,NISSAN QASHQAI,-1,-1,0,-1
2023010426682,2023,010426682,2,9,0,3,3,1,5,0,0,1,0,0,0,0,2,1,6,6,3,-1,-1,1332,1,4,NISSAN QASHQAI,-1,-1,0,-1
2023421362513,2023,421362513,3,9,0,10,10,1,7,0,0,0,0,0,0,0,1,1,5,6,1,47,8,1197,1,7,NISSAN QASHQAI,7,E01021722,0,-1
2023201288959,2023,201288959,1,9,0,14,14,4,8,0,0,0,0,0,0,0,4,1,1,1,2,59,9,1461,2,12,NISSAN QASHQAI,-1,-1,0,-1
2023061360761,2023,061360761,1,9,0,15,15,2,6,0,0,0,0,0,0,0,0,1,6,6,1,50,8,1332,8,1,NISSAN QASHQAI,-1,-1,0,-1
2023332301277,2023,332301277,2,9,0,2,2,0,0,0,0,0,0,0,0,0,2,1,6,6,1,51,8,1461,2,9,NISSAN QASHQAI,-1,-1,0,-1
2023421299756,2023,421299756,2,9,0,18,19,7,5,0,0,0,0,0,0,0,1,1,5,6,1,65,9,1332,8,1,NISSAN QASHQAI,9,E01022099,0,-1
2023010451842,2023,010451842,4,9,0,2,2,0,0,0,0,0,0,4,0,0,1,1,6,6,3,-1,-1,1598,1,13,NISSAN QASHQAI,-1,-1,0,-1
2023010441661,2023,010441661,2,9,0,99,99,9,9,99,99,9,9,99,9,99,9,9,6,6,3,-1,-1,1198,1,8,NISSAN QASHQAI,-1,-1,0,-1
2023320478272,2023,320478272,1,9,0,9,9,8,6,0,0,6,0,0,0,0,0,1,6,6,2,60,9,1598,2,9,NISSAN QASHQAI,7,E01026185,0,-1
2023552300459,2023,552300459,1,9,0,18,19,3,7,0,0,0,0,0,0,0,1,1,6,6,2,31,6,1461,2,11,NISSAN QASHQAI,7,E01020361,0,-1
2023010470047,2023,010470047,1,9,0,13,13,7,3,0,0,1,0,0,0,0,2,1,6,6,1,30,6,1598,2,6,NISSAN QASHQAI,2,E01002033,0,-1
2023010420027,2023,010420027,1,9,0,18,19,5,1,0,0,2,0,0,0,0,1,1,6,6,1,76,11,1197,1,6,NISSAN QASHQAI,8,E01002163,0,-1
2023361349113,2023,361349113,1,9,0,18,19,3,6,0,0,0,0,0,0,0,4,1,2,2,2,42,7,1461,2,8,NISSAN QASHQAI,6,E01026535,0,-1
2023231263886,2023,231263886,2,9,0,18,19,7,3,0,0,0,0,11,0,0,1,1,6,6,2,37,7,1461,2,13,NISSAN QASHQAI,9,E01017387,0,-1
2023010431022,2023,010431022,2,9,0,99,99,9,9,99,99,9,9,99,9,99,1,9,6,6,3,33,6,1598,1,12,NISSAN QASHQAI,-1,-1,0,-1
2023461301222,2023,461301222,1,9,0,18,19,7,3,0,0,3,0,0,0,0,1,1,6,6,1,-1,-1,1497,8,0,NISSAN QASHQAI,3,E01024499,0,-1
2023131303874,2023,131303874,2,9,0,2,2,1,5,0,0,0,0,0,0,0,4,1,6,6,3,-1,-1,1598,2,11,NISSAN QASHQAI,-1,-1,0,-1
2023052300664,2023,052300664,2,9,0,2,2,0,0,0,0,1,0,0,0,0,3,1,6,6,3,-1,-1,1332,8,2,NISSAN QASHQAI,-1,-1,0,-1
2023010447896,2023,010447896,1,9,0,5,5,1,5,0,0,4,0,0,0,0,1,1,6,6,1,26,6,1598,1,11,NISSAN QASHQAI,2,E01024476,0,-1
2023451272620,2023,451272620,1,9,0,18,19,4,7,0,0,0,5,10,3,10,3,1,5,6,1,20,4,1461,2,14,NISSAN QASHQAI,8,E01030840,0,-1
2023320452073,2023,320452073,1,9,0,18,19,2,6,0,0,0,0,0,1,0,1,1,6,6,1,28,6,1461,2,14,NISSAN QASHQAI,-1,-1,0,-1
2023461293411,2023,461293411,1,9,0,9,9,1,7,0,0,8,0,0,0,0,1,1,6,6,2,75,10,1461,2,11,NISSAN QASHQAI,4,E01024533,0,-1
2023201296516,2023,201296516,1,9,0,9,9,1,4,0,0,6,0,0,0,0,3,1,3,7,2,38,7,1461,2,5,NISSAN QASHQAI,2,E01009445,0,-1
2023041267606,2023,041267606,1,9,0,9,9,1,4,0,0,8,0,0,0,0,4,1,5,6,1,40,7,1461,2,7,NISSAN QASHQAI,7,E01025448,0,-1
2023122300989,2023,122300989,1,9,0,16,19,1,5,0,0,0,0,0,0,0,1,1,6,6,2,79,11,1197,1,5,NISSAN QASHQAI,6,E01027797,0,-1
2023010468023,2023,010468023,1,9,0,3,3,2,6,0,0,7,0,0,0,0,2,1,6,6,1,40,7,1332,1,3,NISSAN QASHQAI,9,E01002376,0,-1
2023061263071,2023,061263071,1,9,0,18,19,7,3,0,0,0,0,0,0,0,1,1,6,6,2,59,9,1598,1,10,NISSAN QASHQAI,6,E01005396,0,-1
2023411353987,2023,411353987,1,9,0,18,19,-1,-1,0,0,8,0,0,0,0,1,1,6,6,1,51,8,1598,1,13,NISSAN QASHQAI,3,E01023873,0,-1
2023461297765,2023,461297765,2,9,0,18,19,5,1,0,0,1,2,0,0,0,3,1,5,6,1,68,10,1198,1,9,NISSAN QASHQAI,3,E01024552,0,-1
2023451326314,2023,451326314,5,9,0,2,2,0,0,9,9,0,0,0,0,0,1,1,6,6,3,-1,-1,1197,1,8,NISSAN QASHQAI,-1,-1,0,-1
2023101291559,2023,101291559,2,9,0,9,9,2,8,0,0,0,0,0,0,0,1,1,5,6,2,39,7,1461,2,6,NISSAN QASHQAI,-1,-1,0,-1
2023010439905,2023,010439905,1,9,0,18,19,5,1,0,0,0,0,0,0,0,1,1,6,6,1,59,9,1598,1,15,NISSAN QASHQAI,4,E01002168,0,-1
2023430009322,2023,430009322,1,9,0,9,9,8,6,0,0,6,0,0,0,0,4,1,6,6,1,53,8,1598,1,10,NISSAN QASHQAI,5,E01016404,0,-1
2023131278127,2023,131278127,2,9,0,18,19,1,5,0,0,8,0,0,0,0,1,1,5,6,1,62,9,1461,2,6,NISSAN QASHQAI,7,E01011650,0,-1
2023501305098,2023,501305098,2,9,0,2,2,0,0,0,0,0,0,4,0,0,3,1,6,6,3,-1,-1,1598,1,14,NISSAN QASHQAI,-1,-1,0,-1
2023332300950,2023,332300950,1,9,0,7,7,1,7,0,0,5,0,0,0,0,4,1,6,6,1,49,8,1995,2,12,NISSAN QASHQAI,6,E01013670,0,-1
2023141355472,2023,141355472,1,9,0,2,2,1,1,0,0,0,0,0,0,0,3,1,6,6,2,38,7,1461,2,14,NISSAN QASHQAI,2,E01007336,0,-1
2023471262442,2023,471262442,3,9,0,18,19,2,6,0,0,0,0,0,0,0,2,1,2,2,2,31,6,1598,1,14,NISSAN QASHQAI,8,E01031587,0,-1
2023332301102,2023,332301102,1,9,0,4,4,7,3,0,0,0,1,0,0,0,0,1,6,6,2,49,8,1598,1,10,NISSAN QASHQAI,8,E01025743,0,-1
2023501393584,2023,501393584,1,9,0,18,19,6,2,0,0,4,5,9,0,0,1,1,3,7,1,54,8,1461,2,8,NISSAN QASHQAI,4,E01018916,0,-1
2023010436587,2023,010436587,2,9,0,2,2,0,0,0,0,0,0,0,0,0,2,1,6,6,3,-1,-1,1197,1,7,NISSAN QASHQAI,-1,-1,0,-1
2023010432956,2023,010432956,1,9,0,5,5,1,5,0,0,2,0,0,0,0,4,1,6,6,1,33,6,1461,2,8,NISSAN QASHQAI,4,E01001297,0,-1
2023010452339,2023,010452339,2,9,0,99,99,9,9,99,99,9,9,99,9,99,1,9,6,6,3,37,7,1997,1,14,NISSAN QASHQAI,7,E01003816,0,-1
2023101383651,2023,101383651,2,8,0,18,19,6,8,0,0,0,0,0,0,0,4,1,5,6,1,34,6,1461,2,7,-1,2,E01008489,0,-1
2023311307020,2023,311307020,1,9,0,18,19,6,2,0,0,1,0,0,0,0,1,1,6,6,1,51,8,1598,1,15,NISSAN QASHQAI,7,E01028207,0,-1
2023010426517,2023,010426517,2,9,0,5,5,6,2,99,99,0,0,0,0,0,2,1,6,6,1,47,8,1997,1,13,NISSAN QASHQAI,2,E01003599,0,-1
2023440258772,2023,440258772,3,9,0,3,3,1,5,0,0,1,0,0,0,0,2,1,6,6,2,55,8,1461,2,8,NISSAN QASHQAI,9,E01017146,0,-1
2023622300424,2023,622300424,1,8,0,18,19,5,2,0,0,1,0,0,0,0,1,1,6,6,1,42,7,1461,2,11,-1,1,W01001081,0,-1
2023461298428,2023,461298428,1,9,0,18,19,5,1,0,0,8,0,0,0,0,1,1,5,6,2,64,9,1497,8,0,NISSAN QASHQAI,5,E01024198,0,-1
2023010438751,2023,010438751,2,9,0,2,2,0,0,0,0,2,0,0,0,0,2,1,6,6,3,-1,-1,1598,1,16,NISSAN QASHQAI,-1,-1,0,-1
2023010481482,2023,010481482,2,9,0,99,99,9,9,99,99,9,9,99,9,99,9,9,6,6,3,-1,-1,1197,1,7,NISSAN QASHQAI,-1,-1,0,-1
2023010439963,2023,010439963,3,9,0,10,10,5,4,0,0,1,0,0,0,0,0,1,2,2,1,50,8,1332,8,2,NISSAN QASHQAI,3,E01004043,0,-1
2023351427871,2023,351427871,1,9,0,9,9,5,1,0,0,1,1,0,0,0,1,1,6,6,1,42,7,1598,2,7,NISSAN QASHQAI,2,E01015599,0,-1
2023010481311,2023,010481311,1,9,0,9,9,3,1,0,0,8,0,0,1,0,1,1,6,6,2,79,11,1332,1,4,NISSAN QASHQAI,2,E01000730,0,-1
2023461350452,2023,461350452,2,9,0,-1,-1,-1,-1,-1,-1,-1,-1,-1,-1,0,-1,1,6,6,3,-1,-1,1461,2,10,NISSAN QASHQAI,4,E01024293,0,-1
2023010444338,2023,010444338,2,9,0,9,9,5,3,0,0,1,1,0,0,0,3,1,2,2,2,40,7,1197,1,7,NISSAN QASHQAI,8,E01004081,0,-1
2023401352772,2023,401352772,4,9,0,2,2,0,0,0,0,2,0,0,0,0,2,1,6,6,3,-1,-1,1197,1,6,NISSAN QASHQAI,-1,-1,0,-1
2023311267299,2023,311267299,1,9,0,18,19,6,2,0,0,0,0,0,0,0,1,1,5,6,2,34,6,1598,2,11,NISSAN QASHQAI,2,E01013907,0,-1
2023340WN4362,2023,340WN4362,2,9,0,9,9,1,7,0,0,5,0,0,0,0,3,1,1,1,3,58,9,1598,1,12,NISSAN QASHQAI,2,E01027246,0,-1
2023010444595,2023,010444595,1,9,3,5,5,4,8,0,0,4,1,0,0,0,1,1,6,6,2,59,9,1332,8,1,NISSAN QASHQAI,6,E01001084,0,-1
2023010481601,2023,010481601,2,9,0,5,5,7,3,0,0,6,0,0,0,0,1,1,6,6,3,-1,-1,1332,8,1,NISSAN QASHQAI,-1,-1,0,-1
2023461369605,2023,461369605,2,9,0,18,19,7,3,0,0,0,0,0,0,0,1,1,6,6,1,51,8,1461,2,11,NISSAN QASHQAI,5,E01024381,0,-1
2023010444167,2023,010444167,2,9,0,9,9,1,6,0,0,1,0,0,0,0,3,1,6,6,1,72,10,1598,1,10,NISSAN QASHQAI,7,E01001204,0,-1
2023440342603,2023,440342603,2,9,0,5,5,8,4,0,0,6,0,0,0,0,3,1,6,6,2,43,7,1461,2,10,NISSAN QASHQAI,9,E01022658,0,-1
2023631310265,2023,631310265,1,9,0,18,19,6,2,0,0,8,5,0,1,11,1,1,5,6,2,26,6,1197,1,8,NISSAN QASHQAI,5,W01000717,0,-1
2023440172343,2023,440172343,1,9,0,5,5,6,2,0,0,0,0,0,0,0,1,1,2,2,2,49,8,1598,2,8,NISSAN QASHQAI,5,E01017275,0,-1
2023451365640,2023,451365640,1,9,0,18,19,5,1,0,0,0,0,0,0,0,4,1,5,6,1,33,6,1332,1,3,NISSAN QASHQAI,7,E01030684,0,-1
2023320419549,2023,320419549,3,9,0,18,19,2,6,0,0,0,0,0,0,0,3,1,6,6,1,54,8,1598,1,10,NISSAN QASHQAI,-1,-1,0,-1
2023440485550,2023,440485550,1,9,0,18,19,2,6,0,0,1,0,0,0,0,1,1,2,2,2,47,8,1598,2,11,NISSAN QASHQAI,8,E01017226,0,-1
2023101274667,2023,101274667,2,9,0,18,19,5,1,0,0,8,0,0,0,0,1,1,5,6,2,45,7,1332,1,3,NISSAN QASHQAI,2,E01008757,0,-1
2023010459564,2023,010459564,1,9,0,18,19,7,3,0,0,0,0,0,0,0,4,1,6,6,2,36,7,1332,1,4,NISSAN QASHQAI,1,E01001545,0,-1
2023041308939,2023,041308939,1,9,0,18,19,5,1,0,0,1,0,10,1,2,1,1,5,6,2,57,9,1332,8,1,NISSAN QASHQAI,2,E01007026,0,-1
2023010441519,2023,010441519,2,9,0,9,9,5,3,0,0,1,0,0,0,0,1,1,6,6,1,43,7,1197,1,8,NISSAN QASHQAI,5,E01004071,0,-1
2023070604868,2023,070604868,1,9,0,18,19,7,3,0,0,4,0,0,0,0,1,1,6,6,1,39,7,1332,1,4,NISSAN QASHQAI,-1,-1,0,-1
2023010480181,2023,010480181,1,9,0,18,19,7,3,0,0,0,5,0,0,0,1,1,6,6,1,56,9,1332,8,0,NISSAN QASHQAI,1,E01004206,0,-1
2023440043650,2023,440043650,2,9,0,18,19,1,5,0,0,1,0,0,0,0,1,1,2,2,1,35,6,1598,1,12,NISSAN QASHQAI,10,E01022694,0,-1
2023010459349,2023,010459349,2,9,0,99,99,9,9,99,99,9,9,99,9,99,9,9,6,6,3,57,9,1197,1,6,NISSAN QASHQAI,3,E01000385,0,-1
2023361291200,2023,361291200,1,9,0,7,7,7,3,0,0,1,0,0,0,0,1,1,5,6,2,51,8,1332,8,1,NISSAN QASHQAI,5,E01026878,0,-1
2023622300729,2023,622300729,1,9,0,18,19,1,5,0,0,1,0,0,0,0,3,1,6,6,2,42,7,1197,1,8,NISSAN QASHQAI,1,W01000836,0,-1
2023430138212,2023,430138212,3,9,0,6,6,2,2,0,0,1,0,0,0,0,4,1,6,6,2,51,8,1598,2,10,NISSAN QASHQAI,-1,-1,0,-1
2023221399813,2023,221399813,2,9,0,18,19,8,4,0,0,0,5,0,0,0,1,1,5,6,2,43,7,1197,1,5,NISSAN QASHQAI,4,E01028838,0,-1
2023461303568,2023,461303568,1,9,0,18,19,3,3,0,0,0,0,0,0,0,1,1,6,6,2,48,8,1461,2,5,NISSAN QASHQAI,3,E01024154,0,-1
2023010469993,2023,010469993,1,9,0,9,9,5,3,0,0,1,0,0,0,0,4,1,6,6,1,57,9,1461,2,7,NISSAN QASHQAI,2,E01001800,0,-1
2023471297571,2023,471297571,1,9,0,5,5,1,3,0,0,6,0,0,0,0,1,1,5,6,1,65,9,1197,1,7,NISSAN QASHQAI,8,E01021197,0,-1
2023010454114,2023,010454114,1,8,0,7,7,5,7,0,0,5,0,0,1,10,3,1,6,6,1,55,8,1598,1,13,-1,7,E01002962,0,-1
2023451359461,2023,451359461,2,9,0,18,19,7,3,0,0,1,0,0,0,0,3,1,5,6,2,33,6,1598,2,9,NISSAN QASHQAI,10,E01023093,0,-1
2023991378160,2023,991378160,1,9,0,16,19,3,7,0,0,0,0,0,0,0,1,1,6,6,2,39,7,1197,1,7,NISSAN QASHQAI,-1,-1,0,-1
2023010434442,2023,010434442,1,9,0,99,99,9,9,99,99,9,9,99,9,99,2,9,6,6,1,36,7,1598,1,14,NISSAN QASHQAI,6,E01002331,0,-1
2023461390406,2023,461390406,2,9,0,18,19,7,3,0,0,0,1,0,0,0,9,1,6,6,2,-1,-1,1598,2,6,NISSAN QASHQAI,5,E01024025,0,-1
2023041345777,2023,041345777,2,9,0,9,9,1,3,0,0,8,0,0,0,0,3,1,1,1,1,29,6,1461,2,6,NISSAN QASHQAI,6,E01025031,0,-1
2023161288664,2023,161288664,1,9,0,7,7,4,6,0,0,1,0,0,0,0,4,1,5,6,2,60,9,1598,1,13,NISSAN QASHQAI,7,E01012954,0,-1
2023501376242,2023,501376242,1,9,0,18,19,3,7,0,0,8,0,0,0,0,4,1,6,6,3,-1,-1,1197,1,8,NISSAN QASHQAI,-1,-1,0,-1
2023501322978,2023,501322978,2,9,0,18,19,3,7,0,0,1,0,0,0,0,3,1,6,6,1,63,9,1461,2,5,NISSAN QASHQAI,4,E01018877,0,-1
2023041341232,2023,041341232,2,9,0,18,19,1,5,0,0,4,0,0,0,0,2,1,5,6,2,33,6,1332,1,3,NISSAN QASHQAI,6,E01005626,0,-1
2023010455254,2023,010455254,1,9,9,99,99,9,9,99,99,0,9,99,9,99,1,9,6,6,2,33,6,1197,1,7,NISSAN QASHQAI,2,E01001202,0,-1
2023010470068,2023,010470068,1,9,0,7,7,7,1,0,0,2,0,0,0,0,3,1,6,6,2,46,8,1197,1,7,NISSAN QASHQAI,3,E01002283,0,-1
2023421290520,2023,421290520,1,9,0,18,19,8,4,0,0,8,0,0,0,0,1,1,5,6,1,58,9,1461,2,6,NISSAN QASHQAI,8,E01021737,0,-1
2023440478573,2023,440478573,2,9,0,18,19,3,6,0,0,8,0,0,0,0,1,1,6,6,2,-1,-1,1461,2,7,NISSAN QASHQAI,-1,-1,0,-1
2023440223131,2023,440223131,1,9,0,7,7,8,2,0,0,4,0,0,0,0,4,1,2,2,1,38,7,1461,2,9,NISSAN QASHQAI,4,E01017233,0,-1
2023131371311,2023,131371311,1,9,0,18,19,3,7,0,0,8,0,0,0,0,1,1,1,1,1,42,7,1461,2,13,NISSAN QASHQAI,1,E01010617,0,-1
202360A027797,2023,60A027797,2,9,0,18,19,1,5,0,0,0,0,0,0,0,4,1,6,6,2,52,8,1461,2,10,NISSAN QASHQAI,-1,-1,0,-1
2023991334656,2023,991334656,1,9,0,17,19,5,1,0,0,0,0,0,0,0,1,1,5,6,1,38,7,1461,2,14,NISSAN QASHQAI,-1,-1,0,-1
2023010445416,2023,010445416,1,9,0,18,19,1,5,0,0,1,0,4,1,4,1,1,6,6,2,40,7,1332,1,3,NISSAN QASHQAI,4,E01032800,0,-1
2023351276568,2023,351276568,2,9,0,18,19,7,3,0,0,8,0,0,0,0,0,1,5,6,2,57,9,1332,1,2,NISSAN QASHQAI,3,E01027058,0,-1
2023320614702,2023,320614702,1,9,0,18,19,7,3,0,0,0,1,0,1,0,4,1,1,1,2,34,6,1461,2,7,NISSAN QASHQAI,9,E01026222,0,-1
2023010476762,2023,010476762,1,9,0,9,9,7,4,2,2,1,0,0,0,0,1,1,2,2,1,58,9,1997,1,15,NISSAN QASHQAI,4,E01000978,0,-1
2023311269789,2023,311269789,1,9,0,3,3,7,5,0,0,6,0,0,0,0,4,1,5,6,1,76,11,1598,2,6,NISSAN QASHQAI,10,E01028393,0,-1
2023361292922,2023,361292922,1,9,0,11,11,5,1,9,9,3,0,0,0,0,4,1,5,6,2,59,9,1197,1,6,NISSAN QASHQAI,10,E01026546,0,-1
2023440122429,2023,440122429,2,9,0,18,19,1,5,0,0,8,0,0,7,0,1,1,6,6,1,39,7,1197,1,6,NISSAN QASHQAI,10,E01023276,0,-1
2023052303092,2023,052303092,1,9,0,18,19,1,5,0,0,0,5,0,0,0,1,1,6,6,1,80,11,1332,8,0,NISSAN QASHQAI,4,E01006537,0,-1
2023111344862,2023,111344862,2,9,0,4,4,1,5,0,0,1,0,0,0,0,2,1,1,1,1,60,9,1461,2,4,NISSAN QASHQAI,7,E01020830,0,-1
2023211315056,2023,211315056,1,9,0,18,19,1,5,0,0,0,2,0,8,4,3,1,6,6,2,35,6,1598,1,11,NISSAN QASHQAI,8,E01029688,0,-1
2023010482444,2023,010482444,2,9,0,18,19,5,1,0,0,1,0,0,0,0,1,1,6,6,2,54,8,1598,1,14,NISSAN QASHQAI,4,E01000609,0,-1
2023320569914,2023,320569914,2,9,0,18,19,8,4,0,0,8,0,0,0,0,1,1,6,6,2,56,9,1332,1,4,NISSAN QASHQAI,6,E01026251,0,-1
2023531325943,2023,531325943,2,9,0,18,19,3,7,0,0,0,0,0,0,0,1,1,2,2,1,44,7,1197,1,7,NISSAN QASHQAI,9,E01022207,0,-1
2023451329649,2023,451329649,1,9,0,18,19,1,5,0,0,0,0,0,0,0,4,1,5,6,2,40,7,1197,1,6,NISSAN QASHQAI,7,E01017789,0,-1
2023111342084,2023,111342084,1,9,0,18,19,3,7,0,0,1,0,0,0,0,4,1,5,6,1,53,8,1461,2,8,NISSAN QASHQAI,6,E01020619,0,-1
2023221343284,2023,221343284,1,9,0,18,19,5,1,0,0,0,0,4,1,0,1,1,5,6,2,54,8,1332,1,3,NISSAN QASHQAI,-1,-1,0,-1
2023471348170,2023,471348170,1,9,0,6,6,4,4,8,6,0,0,0,0,0,3,1,5,6,2,79,11,1461,2,16,NISSAN QASHQAI,10,E01031367,0,-1
2023061331093,2023,061331093,4,9,0,18,19,2,6,0,0,0,0,0,0,0,2,1,6,6,2,59,9,1332,1,4,NISSAN QASHQAI,1,E01005422,0,-1
2023340WN7302,2023,340WN7302,3,9,0,18,19,1,5,0,0,1,0,0,0,0,4,1,6,6,1,54,8,1332,8,0,NISSAN QASHQAI,1,E01010803,0,-1
2023010460785,2023,010460785,2,9,0,18,19,1,5,0,0,2,0,0,0,0,0,1,2,2,2,64,9,1598,2,8,NISSAN QASHQAI,4,E01001180,0,-1
2023141286769,2023,141286769,1,9,0,6,6,7,3,0,0,0,0,0,0,0,3,1,5,6,2,38,7,1332,1,3,NISSAN QASHQAI,1,E01007764,0,-1
2023311357009,2023,311357009,1,9,0,4,4,2,6,0,0,1,0,0,0,0,2,1,1,1,1,28,6,1332,8,0,NISSAN QASHQAI,2,E01007495,0,-1
2023501278549,2023,501278549,3,9,0,2,2,0,0,0,0,2,0,0,0,0,1,1,5,6,3,-1,-1,1332,1,3,NISSAN QASHQAI,4,E01019057,0,-1
2023141267698,2023,141267698,3,9,0,18,19,3,7,0,0,1,0,0,0,0,1,1,6,6,3,-1,-1,1598,1,12,NISSAN QASHQAI,-1,-1,0,-1
2023101366644,2023,101366644,2,9,0,18,19,1,5,0,0,0,0,0,0,0,3,1,6,6,1,58,9,1461,2,8,NISSAN QASHQAI,1,E01008332,0,-1
2023421326412,2023,421326412,2,9,-1,18,19,3,7,0,0,0,0,0,0,0,3,1,5,6,2,36,7,1598,1,12,NISSAN QASHQAI,6,E01021794,0,-1
2023010453796,2023,010453796,1,9,0,9,9,3,1,0,0,5,0,0,0,0,1,2,6,6,2,55,8,1997,1,15,NISSAN QASHQAI,3,E01002599,0,-1
2023440216635,2023,440216635,1,9,0,7,7,1,3,0,0,3,0,0,0,0,1,1,6,6,1,-1,-1,1332,1,2,NISSAN QASHQAI,10,E01022838,0,-1
2023361366289,2023,361366289,1,9,0,5,5,1,7,0,0,1,0,0,0,0,1,1,5,6,2,41,7,1461,2,10,NISSAN QASHQAI,3,E01026632,0,-1
2023991391954,2023,991391954,1,9,0,3,3,3,7,0,0,1,0,0,0,0,4,1,5,6,1,77,11,1332,1,3,NISSAN QASHQAI,2,-1,0,-1
2023440310891,2023,440310891,1,9,0,2,2,0,0,6,6,0,0,0,0,0,3,1,6,6,3,-1,-1,1618,1,6,NISSAN QASHQAI,-1,-1,0,-1
2023010501673,2023,010501673,1,9,0,99,99,9,9,99,99,9,9,99,9,99,2,9,6,6,2,31,6,1598,2,6,NISSAN QASHQAI,5,E01027237,0,-1
2023332301206,2023,332301206,1,9,0,17,19,1,6,0,0,8,5,0,1,11,4,1,6,6,2,28,6,1461,2,6,NISSAN QASHQAI,8,E01025959,0,-1
202354B168123,2023,54B168123,1,9,0,4,4,4,8,0,0,0,0,0,0,0,2,1,2,2,2,30,6,1997,1,15,NISSAN QASHQAI,6,E01032117,0,-1
2023010453833,2023,010453833,1,9,0,18,19,1,5,0,0,0,0,0,0,0,1,1,6,6,2,59,9,1197,1,8,NISSAN QASHQAI,3,E01003391,0,-1
2023101287179,2023,101287179,4,9,0,3,3,6,2,0,0,8,0,0,0,0,2,1,6,6,2,63,9,1332,1,3,NISSAN QASHQAI,2,E01008670,0,-1
2023421349961,2023,421349961,2,9,0,3,3,3,7,0,0,4,0,0,0,0,2,1,5,6,2,32,6,1461,2,7,NISSAN QASHQAI,8,E01021959,0,-1
2023010455736,2023,010455736,1,9,0,9,9,1,7,0,0,5,0,0,0,0,1,1,6,6,1,42,7,1332,8,0,NISSAN QASHQAI,1,E01001562,0,-1
2023010475497,2023,010475497,2,9,0,99,99,9,9,99,99,0,9,99,9,99,9,9,6,6,3,-1,-1,1598,1,12,NISSAN QASHQAI,2,E01002829,0,-1
2023052302665,2023,052302665,2,9,0,18,19,7,3,0,0,1,0,0,0,0,3,1,6,6,2,71,10,1332,8,1,NISSAN QASHQAI,1,E01006758,0,-1
2023010434701,2023,010434701,2,9,0,99,99,9,9,99,99,0,9,99,9,99,1,9,6,6,3,-1,-1,1598,1,11,NISSAN QASHQAI,-1,-1,0,-1
2023302400083,2023,302400083,2,9,0,17,19,5,1,0,0,1,0,10,0,0,4,1,6,6,1,62,9,1332,8,1,NISSAN QASHQAI,7,E01013562,0,-1
2023461279565,2023,461279565,1,9,0,18,19,-1,-1,0,0,0,0,0,0,0,1,1,6,6,3,-1,-1,1997,1,16,NISSAN QASHQAI,-1,-1,0,-1
2023131305315,2023,131305315,1,9,0,18,19,1,5,0,0,0,0,0,0,0,4,1,5,6,1,45,7,1461,2,15,NISSAN QASHQAI,1,E01010808,0,-1
2023041290622,2023,041290622,2,9,0,18,19,5,1,0,0,1,0,0,0,0,2,2,5,6,1,58,9,1461,2,8,NISSAN QASHQAI,4,E01025267,0,-1