collision_index,collision_year,collision_ref_no,vehicle_reference,vehicle_type,towing_and_articulation,vehicle_manoeuvre_historic,vehicle_manoeuvre,vehicle_direction_from,vehicle_direction_to,vehicle_location_restricted_lane_historic,vehicle_location_restricted_lane,junction_location,skidding_and_overturning,hit_object_in_carriageway,vehicle_leaving_carriageway,hit_object_off_carriageway,first_point_of_impact,vehicle_left_hand_drive,journey_purpose_of_driver_historic,journey_purpose_of_driver,sex_of_driver,age_of_driver,age_band_of_driver,engine_capacity_cc,propulsion_code,age_of_vehicle,generic_make_model,driver_imd_decile,lsoa_of_driver,escooter_flag,driver_distance_banding
2023010454210,2023,010454210,2,9,0,99,99,9,9,99,99,0,9,99,9,99,1,9,6,6,3,-1,-1,1997,1,11,NISSAN QASHQAI,-1,-1,0,-1
2023451299915,2023,451299915,1,9,0,18,19,1,1,0,0,0,0,0,0,0,2,1,6,6,2,55,8,1997,1,13,NISSAN QASHQAI,5,E01004096,0,-1
2023541481523,2023,541481523,1,9,0,9,9,2,8,0,0,1,0,0,0,0,1,1,3,7,2,72,10,1497,8,0,NISSAN QASHQAI,9,E01015473,0,-1
2023041277283,2023,041277283,1,9,0,18,19,7,3,0,0,1,0,4,0,0,1,1,2,2,2,31,6,1461,2,10,NISSAN QASHQAI,1,E01024899,0,-1
2023010444657,2023,010444657,2,9,0,99,99,9,9,99,99,9,9,99,9,99,1,9,6,6,3,-1,-1,1598,2,7,NISSAN QASHQAI,-1,-1,0,-1
2023461268102,2023,461268102,2,9,0,18,19,4,8,0,0,8,0,0,0,0,4,1,5,6,2,37,7,1461,2,12,NISSAN QASHQAI,7,E01024361,0,-1
2023010458647,2023,010458647,2,9,0,3,3,2,6,0,0,1,0,0,0,0,1,1,6,6,1,64,9,1332,1,2,NISSAN QASHQAI,1,E01001857,0,-1
2023010439615,2023,010439615,2,9,0,99,99,9,9,99,99,9,9,99,9,99,9,9,6,6,3,-1,-1,1598,2,8,NISSAN QASHQAI,3,E01004066,0,-1
2023471376556,2023,471376556,1,9,0,11,11,8,4,0,0,0,0,0,0,0,1,1,6,6,2,29,6,1461,2,13,NISSAN QASHQAI,6,E01031604,0,-1
2023401353945,2023,401353945,2,9,0,18,19,2,6,0,0,0,0,0,0,0,3,1,6,6,1,61,9,1461,2,5,NISSAN QASHQAI,10,E01017407,0,-1
2023302300381,2023,302300381,2,9,0,18,19,6,2,0,0,0,0,0,0,0,2,1,6,6,2,28,6,1461,2,12,NISSAN QASHQAI,4,E01013460,0,-1
2023440334916,2023,440334916,2,9,0,9,9,7,5,0,0,8,0,0,0,0,4,1,6,6,2,17,4,1598,2,8,NISSAN QASHQAI,2,E01022949,0,-1
2023061287786,2023,061287786,1,9,0,5,5,3,6,0,0,1,0,0,0,0,1,1,3,7,2,62,9,1197,1,5,NISSAN QASHQAI,3,E01005120,0,-1
2023231352405,2023,231352405,1,9,0,18,19,7,3,0,0,0,0,0,0,0,1,1,2,2,2,40,7,1332,8,0,NISSAN QASHQAI,10,E01031304,0,-1
2023471285303,2023,471285303,1,9,0,5,5,7,3,0,0,4,0,0,0,0,1,1,6,6,2,45,7,1598,2,6,NISSAN QASHQAI,6,E01031468,0,-1
2023010445100,2023,010445100,2,9,0,7,7,4,7,0,0,6,0,0,0,0,2,1,6,6,1,55,8,1332,8,1,NISSAN QASHQAI,5,E01000402,0,-1
2023552300535,2023,552300535,3,9,0,10,10,5,1,0,0,8,0,0,0,0,2,1,6,6,2,51,8,1461,2,5,NISSAN QASHQAI,1,E01033674,0,-1
2023010467090,2023,010467090,1,9,0,18,19,3,7,0,0,8,0,7,0,0,1,1,1,1,1,37,7,1332,1,5,NISSAN QASHQAI,5,E01000337,0,-1
2023010422109,2023,010422109,1,9,0,18,19,7,3,0,0,0,0,0,0,0,3,1,2,2,1,40,7,1997,1,16,NISSAN QASHQAI,3,E01001640,0,-1
2023311359401,2023,311359401,2,9,0,2,2,0,0,0,0,0,0,0,0,0,2,1,6,6,3,-1,-1,1461,2,9,NISSAN QASHQAI,-1,-1,0,-1
2023351314221,2023,351314221,2,9,0,18,19,3,7,0,0,0,1,4,0,0,4,1,2,2,2,35,6,1461,2,4,NISSAN QASHQAI,2,E01015605,0,-1
2023371310881,2023,371310881,1,9,0,9,9,7,8,0,0,6,0,0,0,0,3,1,1,1,2,43,7,1461,2,13,NISSAN QASHQAI,5,E01030210,0,-1
2023461354867,2023,461354867,1,9,0,18,19,5,1,0,0,0,0,0,0,0,1,1,5,6,2,-1,-1,1598,1,13,NISSAN QASHQAI,2,E01000724,0,-1
2023141374580,2023,141374580,1,9,0,18,19,5,1,0,0,0,0,0,0,0,3,1,6,6,2,28,6,1332,1,3,NISSAN QASHQAI,1,E01008017,0,-1
2023141324372,2023,141324372,1,9,0,18,19,3,8,0,0,2,0,7,0,0,1,1,6,6,1,53,8,1197,1,8,NISSAN QASHQAI,1,E01007906,0,-1
2023010440012,2023,010440012,2,9,0,7,7,5,7,2,2,0,0,0,0,0,0,1,6,6,2,38,7,1461,2,6,NISSAN QASHQAI,-1,-1,0,-1
2023010457100,2023,010457100,1,9,0,99,99,9,9,0,0,0,0,99,0,0,9,9,6,6,1,-1,-1,1332,1,2,NISSAN QASHQAI,4,E01000068,0,-1
2023461330033,2023,461330033,1,9,0,18,19,7,3,0,0,0,0,0,0,0,1,1,6,6,1,34,6,1332,8,1,NISSAN QASHQAI,5,E01024503,0,-1
2023101364846,2023,101364846,2,9,0,2,2,7,3,0,0,0,0,0,0,0,3,1,5,6,2,37,7,1461,2,10,NISSAN QASHQAI,8,E01008781,0,-1
2023010439050,2023,010439050,1,9,0,18,19,3,7,0,0,1,0,0,0,0,0,1,6,6,1,37,7,1197,1,7,NISSAN QASHQAI,6,E01016509,0,-1
2023010466708,2023,010466708,1,9,0,99,99,9,9,99,99,9,9,99,9,99,1,9,2,2,1,69,10,1598,1,12,NISSAN QASHQAI,6,E01024432,0,-1
2023061323528,2023,061323528,1,9,0,18,19,-1,-1,0,0,0,0,0,0,0,1,1,6,6,1,-1,-1,1461,2,14,NISSAN QASHQAI,-1,-1,0,-1
2023111307414,2023,111307414,2,9,0,8,8,2,5,0,0,1,1,0,0,0,2,1,5,6,1,44,7,1598,1,11,NISSAN QASHQAI,4,E01032545,0,-1
2023141304356,2023,141304356,1,9,0,18,19,6,2,0,0,1,0,0,0,0,1,1,6,6,3,-1,-1,1197,1,7,NISSAN QASHQAI,-1,-1,0,-1
2023052300935,2023,052300935,2,9,0,18,19,3,7,0,0,3,0,0,0,0,3,1,6,6,2,40,7,1197,1,7,NISSAN QASHQAI,1,E01006648,0,-1
2023010467285,2023,010467285,1,9,0,6,6,5,5,0,0,0,0,0,0,0,2,1,6,6,1,20,4,1332,1,4,NISSAN QASHQAI,5,E01001232,0,-1
2023201443013,2023,201443013,2,9,0,9,9,4,1,0,0,6,0,0,0,0,3,1,2,2,1,44,7,1749,2,3,NISSAN QASHQAI,3,E01008952,0,-1
2023031299221,2023,031299221,1,9,0,18,19,5,8,0,0,0,0,0,0,0,3,1,2,2,2,35,6,1332,1,4,NISSAN QASHQAI,-1,-1,0,-1
2023991396173,2023,991396173,2,9,0,12,12,1,5,0,0,0,0,0,0,0,2,2,5,6,1,39,7,1197,1,5,NISSAN QASHQAI,9,-1,0,-1
2023440053179,2023,440053179,2,9,0,9,9,6,4,0,0,1,0,0,0,0,1,1,6,6,2,42,7,1461,2,8,NISSAN QASHQAI,4,E01017185,0,-1
2023401334023,2023,401334023,2,9,0,4,4,7,3,0,0,0,0,0,0,0,2,1,5,6,2,56,9,1497,8,0,NISSAN QASHQAI,10,E01033508,0,-1
2023320791444,2023,320791444,1,9,0,18,19,8,4,0,0,2,1,0,0,0,1,1,6,6,2,33,6,1461,2,11,NISSAN QASHQAI,7,E01013228,0,-1
2023461314872,2023,461314872,2,9,0,3,3,0,0,0,0,1,0,0,0,0,3,1,6,6,2,31,6,1618,1,8,NISSAN QASHQAI,4,E01024132,0,-1
2023131332586,2023,131332586,1,9,0,18,19,1,5,0,0,8,0,0,0,0,4,1,5,6,2,35,6,1461,2,8,NISSAN QASHQAI,5,E01010992,0,-1
2023311375733,2023,311375733,2,9,0,18,19,1,1,9,9,1,0,0,0,0,4,1,6,6,2,55,8,1332,1,3,NISSAN QASHQAI,-1,-1,0,-1
2023361346709,2023,361346709,1,9,0,1,1,7,3,9,9,0,0,0,0,0,2,1,3,7,2,-1,-1,1461,2,7,NISSAN QASHQAI,-1,-1,0,-1
2023041282037,2023,041282037,2,9,0,18,19,7,3,0,0,0,0,0,0,0,2,1,2,2,1,54,8,1461,2,7,NISSAN QASHQAI,4,E01025308,0,-1
2023010427520,2023,010427520,2,9,0,99,99,9,9,99,99,9,9,99,9,99,1,9,6,6,3,45,7,1198,1,8,NISSAN QASHQAI,6,E01002984,0,-1
2023421383241,2023,421383241,1,9,0,-1,-1,-1,-1,-1,-1,0,-1,-1,-1,0,-1,1,6,6,2,67,10,1332,1,4,NISSAN QASHQAI,2,E01015900,0,-1
2023010444948,2023,010444948,2,9,0,3,3,1,5,0,0,1,0,0,0,0,1,1,6,6,1,43,7,1332,1,3,NISSAN QASHQAI,3,E01000092,0,-1
2023332300075,2023,332300075,1,9,0,4,4,4,8,0,0,0,0,0,0,0,4,1,3,7,2,40,7,1461,2,4,NISSAN QASHQAI,9,E01025712,0,-1
2023501364419,2023,501364419,1,9,0,18,19,3,7,0,0,1,0,0,0,0,3,1,6,6,2,29,6,1461,2,5,NISSAN QASHQAI,7,E01018934,0,-1
2023010485036,2023,010485036,2,9,0,99,99,9,9,99,99,9,9,99,9,99,9,1,6,6,1,-1,-1,1332,8,1,NISSAN QASHQAI,7,E01023484,0,-1
2023010425296,2023,010425296,2,9,0,99,99,9,9,99,99,9,9,99,9,99,2,9,6,6,3,30,6,1598,1,10,NISSAN QASHQAI,4,E01000323,0,-1
2023430254136,2023,430254136,1,9,0,9,9,6,2,0,0,6,0,0,0,0,3,1,6,6,2,31,6,1198,1,9,NISSAN QASHQAI,-1,-1,0,-1
2023991342057,2023,991342057,1,9,0,18,19,7,3,0,0,4,0,0,0,0,1,2,6,6,1,66,10,1332,8,0,NISSAN QASHQAI,9,-1,0,-1
2023010460218,2023,010460218,1,9,0,9,9,3,1,0,0,4,0,0,0,0,1,1,6,6,1,72,10,1332,1,2,NISSAN QASHQAI,2,E01003266,0,-1
2023010471031,2023,010471031,1,9,0,9,9,7,4,0,0,1,0,0,0,0,1,1,6,6,1,23,5,1332,1,3,NISSAN QASHQAI,3,E01003575,0,-1
2023041384130,2023,041384130,2,9,0,18,19,3,7,0,0,0,0,0,0,0,4,1,5,6,1,40,7,1461,2,5,NISSAN QASHQAI,8,E01025233,0,-1
2023522400210,2023,522400210,2,9,0,18,19,7,3,0,0,6,0,0,0,0,1,1,6,6,2,31,6,1598,1,16,NISSAN QASHQAI,2,E01014608,0,-1
2023010441128,2023,010441128,2,9,0,99,99,9,9,99,99,9,9,99,9,99,1,9,6,6,3,-1,-1,1598,2,7,NISSAN QASHQAI,-1,-1,0,-1
2023071090135,2023,071090135,1,9,0,5,5,1,2,0,0,6,0,0,0,0,3,1,6,6,2,28,6,1461,2,11,NISSAN QASHQAI,5,E01012464,0,-1
2023010454956,2023,010454956,2,9,0,99,99,9,9,99,99,9,9,99,9,99,9,9,6,6,3,-1,-1,1332,8,1,NISSAN QASHQAI,-1,-1,0,-1
2023101327511,2023,101327511,2,9,0,18,19,3,6,0,0,8,0,0,0,0,4,1,5,6,1,62,9,1461,2,8,NISSAN QASHQAI,1,E01008425,0,-1
2023361332378,2023,361332378,2,9,0,5,5,1,5,0,0,0,0,0,1,0,3,1,5,6,1,75,10,1598,1,12,NISSAN QASHQAI,7,E01026655,0,-1
2023010452034,2023,010452034,1,9,0,99,99,9,9,0,0,0,0,0,0,0,9,9,6,6,2,33,6,1461,2,6,NISSAN QASHQAI,2,E01000730,0,-1
2023010455459,2023,010455459,2,9,0,18,19,1,5,0,0,0,0,0,0,0,0,1,6,6,1,23,5,1598,2,6,NISSAN QASHQAI,2,E01001633,0,-1
2023631319583,2023,631319583,2,9,0,4,4,2,4,0,0,8,0,0,0,0,2,1,5,6,1,39,7,1461,2,10,NISSAN QASHQAI,5,W01000427,0,-1
2023010478380,2023,010478380,1,9,0,9,9,7,4,0,0,5,0,0,0,0,1,1,6,6,2,49,8,1461,2,12,NISSAN QASHQAI,9,E01004191,0,-1
2023340WN4902,2023,340WN4902,1,9,0,18,19,7,1,0,0,4,0,0,0,0,3,1,6,6,1,80,11,1332,8,1,NISSAN QASHQAI,7,E01027262,0,-1
2023522301867,2023,522301867,2,9,0,7,7,7,1,0,0,6,0,0,0,0,1,1,2,2,1,-1,-1,1618,1,7,NISSAN QASHQAI,-1,-1,0,-1
2023421357687,2023,421357687,3,9,0,18,19,5,8,0,0,0,0,0,0,0,2,1,5,6,1,67,10,1497,8,0,NISSAN QASHQAI,10,E01028414,0,-1
2023061386468,2023,061386468,2,9,0,18,19,1,1,0,0,1,0,0,0,0,3,1,6,6,2,47,8,1461,2,8,NISSAN QASHQAI,1,E01033220,0,-1
2023010468278,2023,010468278,1,9,0,9,9,5,3,0,0,6,0,0,0,0,3,1,6,6,1,55,8,1197,1,8,NISSAN QASHQAI,3,E01000137,0,-1
2023201390650,2023,201390650,1,9,0,9,9,4,2,0,0,6,0,0,0,0,3,1,1,1,1,-1,-1,1197,1,8,NISSAN QASHQAI,6,E01010502,0,-1
2023471286195,2023,471286195,2,9,0,18,19,6,2,0,0,1,0,7,1,10,4,1,5,6,2,43,7,1598,1,15,NISSAN QASHQAI,4,E01031553,0,-1
2023371341190,2023,371341190,3,9,0,2,2,0,0,9,9,1,0,0,0,0,2,1,6,6,3,-1,-1,1995,2,12,NISSAN QASHQAI,-1,-1,0,-1
2023421393210,2023,421393210,1,9,0,18,19,7,2,0,0,0,0,0,0,0,3,1,5,6,1,75,10,1997,2,14,NISSAN QASHQAI,6,E01021435,0,-1
2023201276849,2023,201276849,2,9,0,18,19,8,4,0,0,8,0,0,0,0,1,1,6,6,1,35,6,1197,1,8,NISSAN QASHQAI,5,E01010552,0,-1
2023101328183,2023,101328183,2,9,0,18,19,5,1,0,0,8,5,0,0,0,4,1,3,7,1,49,8,1997,1,15,NISSAN QASHQAI,1,E01008439,0,-1
2023010430436,2023,010430436,1,9,0,18,19,5,1,0,0,1,0,0,0,0,1,1,6,6,1,36,7,1332,1,3,NISSAN QASHQAI,-1,-1,0,-1
2023991388704,2023,991388704,2,9,0,3,3,7,2,0,0,1,0,0,0,0,2,1,2,2,2,29,6,1332,1,3,NISSAN QASHQAI,7,-1,0,-1
2023351338242,2023,351338242,1,9,0,18,19,4,8,0,0,0,0,0,0,0,1,1,6,6,1,27,6,1461,2,8,NISSAN QASHQAI,5,E01018080,0,-1
2023451290917,2023,451290917,1,9,0,18,19,1,5,0,0,0,0,0,0,0,4,1,6,6,2,43,7,1197,1,7,NISSAN QASHQAI,3,E01030400,0,-1
2023361286004,2023,361286004,1,9,0,9,9,5,2,9,9,3,0,0,1,11,1,1,2,2,1,61,9,1332,1,4,NISSAN QASHQAI,9,E01026936,0,-1
2023401333121,2023,401333121,1,9,0,18,19,3,7,0,0,0,0,0,0,0,1,1,5,6,2,37,7,1332,1,5,NISSAN QASHQAI,7,E01017516,0,-1
2023451391847,2023,451391847,1,9,0,2,2,0,0,0,0,0,0,0,0,0,2,1,6,6,3,-1,-1,1598,1,16,NISSAN QASHQAI,-1,-1,0,-1
2023010470964,2023,010470964,1,9,0,18,19,5,1,0,0,0,0,0,0,0,1,1,6,6,2,50,8,1332,1,4,NISSAN QASHQAI,7,E01000413,0,-1
2023041308642,2023,041308642,2,9,0,5,5,1,5,0,0,2,0,0,0,0,4,1,1,1,2,40,7,1461,2,11,NISSAN QASHQAI,1,E01024875,0,-1
2023340WN2722,2023,340WN2722,1,9,0,17,19,4,1,0,0,8,0,0,0,0,4,1,6,6,2,41,7,1332,8,1,NISSAN QASHQAI,8,E01027028,0,-1
2023010420968,2023,010420968,1,9,0,99,99,9,9,99,99,9,9,99,9,99,9,9,2,2,1,47,8,1598,1,11,NISSAN QASHQAI,2,E01000077,0,-1
2023451283773,2023,451283773,1,9,0,1,1,6,2,0,0,0,0,0,0,0,2,1,6,6,2,46,8,1618,1,8,NISSAN QASHQAI,4,E01003900,0,-1
2023461379556,2023,461379556,1,9,0,1,1,2,6,0,0,0,0,0,0,0,2,1,1,1,1,44,7,1997,1,12,NISSAN QASHQAI,5,E01000338,0,-1
2023320066821,2023,320066821,2,9,0,18,19,2,6,0,0,0,0,0,0,0,3,1,6,6,2,26,6,1461,2,13,NISSAN QASHQAI,3,E01026235,0,-1
2023221306498,2023,221306498,2,9,0,16,19,8,4,0,0,1,0,0,0,0,3,1,5,6,1,27,6,1461,2,13,NISSAN QASHQAI,5,E01028933,0,-1
2023201408850,2023,201408850,1,9,0,9,9,1,7,0,0,1,0,7,0,0,4,1,6,6,2,62,9,1461,2,8,NISSAN QASHQAI,7,E01010461,0,-1
2023010439963,2023,010439963,2,9,0,5,5,1,5,0,0,1,0,0,0,0,0,1,3,7,2,35,6,1598,2,6,NISSAN QASHQAI,3,E01001043,0,-1
2023201393295,2023,201393295,1,9,0,18,19,2,3,0,0,3,0,0,0,0,1,1,2,2,2,-1,-1,1598,1,13,NISSAN QASHQAI,-1,-1,0,-1
2023052302369,2023,052302369,2,9,0,18,19,1,5,0,0,0,0,0,0,0,4,1,6,6,2,46,8,1598,2,9,NISSAN QASHQAI,8,E01007250,0,-1
2023201395961,2023,201395961,2,9,0,9,9,5,3,0,0,1,0,0,0,0,2,1,6,6,2,49,8,1461,2,6,NISSAN QASHQAI,1,E01010282,0,-1
2023421299064,2023,421299064,2,9,0,3,3,3,7,0,0,1,0,0,0,0,2,1,3,7,2,29,6,1197,1,7,NISSAN QASHQAI,10,E01015890,0,-1
2023501307220,2023,501307220,2,9,0,18,19,7,4,0,0,0,0,0,0,0,2,1,6,6,2,51,8,1461,2,4,NISSAN QASHQAI,8,E01020110,0,-1
2023421380565,2023,421380565,2,9,0,3,3,3,7,0,0,0,0,0,0,0,2,1,5,6,2,52,8,1598,2,6,NISSAN QASHQAI,10,E01021409,0,-1
2023332301057,2023,332301057,1,9,0,18,19,3,7,0,0,1,0,0,0,0,1,1,6,6,1,35,6,1197,1,6,NISSAN QASHQAI,-1,-1,0,-1
2023010473080,2023,010473080,1,9,0,8,8,5,8,0,0,1,0,0,0,0,1,1,6,6,2,70,10,1197,1,5,NISSAN QASHQAI,4,E01003220,0,-1
2023010465407,2023,010465407,1,9,0,10,10,5,2,0,0,1,0,0,0,0,3,1,6,6,1,50,8,1332,8,1,NISSAN QASHQAI,3,E01001941,0,-1
2023440427885,2023,440427885,2,9,0,18,19,7,3,0,0,1,0,0,0,0,1,1,2,2,1,38,7,1598,1,16,NISSAN QASHQAI,4,E01017172,0,-1
2023440388882,2023,440388882,1,9,0,9,9,2,6,0,0,1,0,0,0,0,1,1,2,2,1,59,9,1598,1,12,NISSAN QASHQAI,9,E01031496,0,-1
2023552300835,2023,552300835,2,9,0,18,19,4,8,0,0,0,0,0,0,0,1,1,6,6,2,57,9,1598,1,12,NISSAN QASHQAI,7,E01015330,0,-1
2023061300852,2023,061300852,3,9,0,10,10,6,4,0,0,1,0,0,0,0,1,1,6,6,1,29,6,1197,1,7,NISSAN QASHQAI,2,E01005566,0,-1
2023471302154,2023,471302154,1,9,0,18,19,3,7,0,0,0,0,0,0,0,1,1,6,6,1,33,6,1598,2,6,NISSAN QASHQAI,7,E01016976,0,-1
2023221354314,2023,221354314,2,9,0,17,19,2,7,0,0,8,0,0,0,0,1,1,5,6,2,45,7,1598,2,10,NISSAN QASHQAI,4,E01014122,0,-1
2023440438963,2023,440438963,2,9,0,18,19,7,3,0,0,2,0,7,1,4,1,1,6,6,1,90,11,1997,1,14,NISSAN QASHQAI,10,E01023035,0,-1
2023010454704,2023,010454704,2,9,0,2,2,0,0,0,0,1,0,4,0,0,4,1,6,6,3,-1,-1,1332,1,2,NISSAN QASHQAI,-1,-1,0,-1
2023991372264,2023,991372264,1,9,0,18,19,6,2,0,0,0,0,0,0,0,1,1,6,6,2,33,6,1461,2,3,NISSAN QASHQAI,9,-1,0,-1
2023131287243,2023,131287243,2,9,0,5,5,1,5,0,0,1,0,0,0,0,1,1,2,2,1,62,9,1332,1,4,NISSAN QASHQAI,8,E01011051,0,-1
2023421388042,2023,421388042,1,9,0,9,9,4,1,0,0,2,0,0,0,0,4,1,1,1,2,41,7,1332,1,2,NISSAN QASHQAI,2,E01000025,0,-1
2023010422869,2023,010422869,3,9,0,4,4,7,3,0,0,8,0,0,0,0,2,1,6,6,2,42,7,1197,1,6,NISSAN QASHQAI,5,E01000430,0,-1
2023052300558,2023,052300558,2,9,0,6,6,3,3,0,0,0,0,0,0,0,3,1,1,1,2,59,9,1598,1,11,NISSAN QASHQAI,1,E01006875,0,-1
2023161279425,2023,161279425,1,9,0,4,4,8,4,0,0,0,0,0,0,0,2,1,2,2,2,46,8,1461,2,11,NISSAN QASHQAI,7,E01033106,0,-1
2023010467031,2023,010467031,1,9,9,99,99,9,9,99,99,9,9,99,9,99,9,9,6,6,1,41,7,1197,1,8,NISSAN QASHQAI,5,E01021770,0,-1
2023440315452,2023,440315452,3,9,0,2,2,0,0,0,0,0,0,0,0,0,2,1,6,6,1,57,9,1332,8,0,NISSAN QASHQAI,-1,-1,0,-1
2023041283322,2023,041283322,1,9,0,4,4,7,3,0,0,1,0,0,1,0,1,1,2,2,1,19,4,1461,2,16,NISSAN QASHQAI,-1,-1,0,-1
2023031339642,2023,031339642,2,9,0,2,2,3,3,6,6,0,0,4,0,0,3,1,6,6,3,-1,-1,1461,2,9,NISSAN QASHQAI,-1,-1,0,-1
2023461359327,2023,461359327,3,9,0,5,5,7,3,0,0,1,0,0,0,0,3,1,6,6,1,47,8,1461,2,6,NISSAN QASHQAI,8,E01024063,0,-1
2023531272587,2023,531272587,1,9,0,18,19,1,3,0,0,0,0,0,0,0,2,1,5,6,2,46,8,1332,1,2,NISSAN QASHQAI,4,E01032936,0,-1
2023131383289,2023,131383289,1,9,0,18,19,5,1,0,0,0,0,0,0,0,1,1,5,6,2,33,6,1995,2,12,NISSAN QASHQAI,2,E01011724,0,-1
2023131312305,2023,131312305,2,9,0,18,19,1,1,0,0,2,0,0,0,0,2,1,5,6,1,39,7,1598,1,10,NISSAN QASHQAI,10,E01011516,0,-1
2023541889423,2023,541889423,1,9,0,18,19,1,5,0,0,0,0,0,0,0,4,1,6,6,1,77,11,1461,2,12,NISSAN QASHQAI,9,E01031992,0,-1
2023332300350,2023,332300350,1,9,0,18,19,8,4,0,0,8,0,0,0,0,3,1,6,6,1,23,5,1461,2,13,NISSAN QASHQAI,2,E01013753,0,-1
2023221354382,2023,221354382,2,9,0,17,19,5,2,0,0,0,0,0,7,9,1,1,5,6,1,43,7,1332,1,4,NISSAN QASHQAI,8,E01028887,0,-1
2023320790487,2023,320790487,2,9,0,18,19,4,8,0,0,8,1,0,7,0,4,1,6,6,1,62,9,1497,8,0,NISSAN QASHQAI,1,E01026072,0,-1
2023010464363,2023,010464363,3,9,0,3,3,1,5,0,0,2,0,0,0,0,1,1,6,6,2,34,6,1332,8,1,NISSAN QASHQAI,7,E01002154,0,-1
2023122300610,2023,122300610,1,9,0,18,19,3,7,0,0,0,0,0,4,6,2,1,6,6,2,27,6,1461,2,6,NISSAN QASHQAI,7,E01011393,0,-1
2023430420714,2023,430420714,2,9,0,18,19,8,4,0,0,1,0,0,0,0,1,1,6,6,1,51,8,1332,8,0,NISSAN QASHQAI,-1,-1,0,-1
2023332300916,2023,332300916,1,9,0,18,19,4,8,0,0,8,0,0,0,0,4,1,6,6,1,45,7,1598,1,10,NISSAN QASHQAI,4,E01013617,0,-1
2023991299223,2023,991299223,1,9,0,18,19,8,4,0,0,0,5,0,5,10,4,1,5,6,2,47,8,1461,2,5,NISSAN QASHQAI,4,-1,0,-1
2023540770123,2023,540770123,2,9,0,18,19,6,2,0,0,1,0,0,0,0,1,1,6,6,2,27,6,1461,2,4,NISSAN QASHQAI,5,E01032716,0,-1
2023991316501,2023,991316501,1,9,0,9,9,5,2,0,0,1,5,0,0,0,3,1,5,6,1,81,11,1332,1,4,NISSAN QASHQAI,8,-1,0,-1
2023991364297,2023,991364297,1,9,0,9,9,5,3,0,0,1,0,0,0,0,1,1,5,6,1,77,11,1598,1,11,NISSAN QASHQAI,7,-1,0,-1
2023440315939,2023,440315939,2,9,0,18,19,7,3,0,0,1,0,0,0,0,1,1,1,1,2,37,7,1598,2,11,NISSAN QASHQAI,4,E01016400,0,-1
202360A099917,2023,60A099917,3,9,0,17,19,1,5,0,0,0,0,0,0,0,4,1,2,2,1,38,7,1598,2,11,NISSAN QASHQAI,-1,-1,0,-1
2023221282207,2023,221282207,1,9,0,18,19,3,7,0,0,0,0,10,1,4,1,1,5,6,1,35,6,1598,1,14,NISSAN QASHQAI,5,E01032447,0,-1
2023061272724,2023,061272724,2,9,0,3,3,1,5,0,0,0,0,0,0,0,2,1,6,6,2,34,6,1461,2,10,NISSAN QASHQAI,5,E01006184,0,-1
2023010426529,2023,010426529,2,9,0,18,19,1,5,0,0,8,0,0,0,0,1,1,6,6,1,57,9,1332,1,4,NISSAN QASHQAI,4,E01001613,0,-1
2023401286627,2023,401286627,2,9,0,18,19,-1,-1,0,0,0,0,0,0,0,2,1,5,6,2,48,8,1197,1,5,NISSAN QASHQAI,1,E01015771,0,-1
2023131316494,2023,131316494,1,9,0,9,9,1,5,0,0,0,0,0,0,0,1,1,6,6,1,28,6,1332,1,2,NISSAN QASHQAI,5,E01011731,0,-1
2023522400278,2023,522400278,1,9,0,18,19,2,6,0,0,0,0,0,0,0,3,1,6,6,2,41,7,1197,1,8,NISSAN QASHQAI,8,E01014896,0,-1
2023471276134,2023,471276134,2,9,0,7,7,1,5,0,0,0,0,0,0,0,2,1,5,6,1,42,7,1461,2,6,NISSAN QASHQAI,6,E01031743,0,-1
2023501393727,2023,501393727,1,9,0,18,19,1,6,0,0,0,2,0,0,0,1,1,3,7,2,42,7,1598,2,7,NISSAN QASHQAI,4,E01018863,0,-1
2023221316698,2023,221316698,1,9,0,6,6,6,6,0,0,8,0,0,1,0,1,1,6,6,2,34,6,1461,2,9,NISSAN QASHQAI,7,E01028884,0,-1
2023411394303,2023,411394303,1,9,0,5,5,-1,-1,0,0,2,0,0,0,0,1,1,6,6,2,62,9,1332,1,4,NISSAN QASHQAI,7,E01023776,0,-1
2023302300723,2023,302300723,1,9,0,4,4,8,4,0,0,8,0,0,0,0,2,1,6,6,1,38,7,1197,1,5,NISSAN QASHQAI,2,E01027942,0,-1
2023501313778,2023,501313778,3,9,0,3,3,6,2,0,0,0,0,4,0,0,2,2,5,6,2,49,8,1332,8,1,NISSAN QASHQAI,4,E01018994,0,-1
2023201262851,2023,201262851,1,9,0,18,19,8,4,0,0,0,0,0,0,0,1,1,6,6,1,35,6,1332,8,1,NISSAN QASHQAI,3,E01009084,0,-1
2023520300674,2023,520300674,1,9,0,18,19,5,1,0,0,8,0,0,0,0,4,1,6,6,2,37,7,1461,2,12,NISSAN QASHQAI,-1,-1,0,-1
2023531327082,2023,531327082,1,9,0,18,19,5,1,0,0,0,0,0,0,0,1,1,5,6,2,65,9,1997,1,12,NISSAN QASHQAI,5,E01018620,0,-1
2023161382048,2023,161382048,1,9,0,16,19,2,6,0,0,0,1,0,0,0,1,1,2,2,1,46,8,1461,2,6,NISSAN QASHQAI,1,E01012851,0,-1