collision_index,collision_year,collision_ref_no,vehicle_reference,vehicle_type,towing_and_articulation,vehicle_manoeuvre_historic,vehicle_manoeuvre,vehicle_direction_from,vehicle_direction_to,vehicle_location_restricted_lane_historic,vehicle_location_restricted_lane,junction_location,skidding_and_overturning,hit_object_in_carriageway,vehicle_leaving_carriageway,hit_object_off_carriageway,first_point_of_impact,vehicle_left_hand_drive,journey_purpose_of_driver_historic,journey_purpose_of_driver,sex_of_driver,age_of_driver,age_band_of_driver,engine_capacity_cc,propulsion_code,age_of_vehicle,generic_make_model,driver_imd_decile,lsoa_of_driver,escooter_flag,driver_distance_banding
2023440023114,2023,440023114,2,9,0,18,19,5,1,0,0,1,0,0,0,0,1,1,6,6,2,35,6,1461,2,7,NISSAN QASHQAI,3,E01017099,0,-1
2023471346505,2023,471346505,3,9,0,18,19,1,5,0,0,0,0,0,0,0,2,1,6,6,2,37,7,1198,1,8,NISSAN QASHQAI,1,E01033207,0,-1
2023010420244,2023,010420244,1,9,0,2,2,0,0,0,0,0,0,0,0,0,3,1,6,6,3,-1,-1,1598,1,11,NISSAN QASHQAI,-1,-1,0,-1
2023340WN7242,2023,340WN7242,2,9,0,18,19,2,6,0,0,8,0,0,0,0,1,1,2,2,1,27,6,1461,2,10,NISSAN QASHQAI,4,E01027142,0,-1
2023010460339,2023,010460339,2,9,0,5,5,1,5,0,0,4,0,0,0,0,1,1,6,6,1,69,10,1461,2,13,NISSAN QASHQAI,5,E01001068,0,-1
2023201403999,2023,201403999,2,9,0,2,2,0,0,0,0,0,0,0,0,0,1,1,6,6,1,52,8,1332,1,3,NISSAN QASHQAI,-1,-1,0,-1
2023131285512,2023,131285512,1,9,0,17,19,2,6,0,0,8,0,0,0,0,1,1,5,6,1,37,7,1332,1,2,NISSAN QASHQAI,1,E01011803,0,-1
2023421320695,2023,421320695,1,9,0,4,4,1,5,0,0,0,0,0,0,0,2,1,5,6,2,58,9,1461,2,6,NISSAN QASHQAI,4,E01033048,0,-1
2023010446680,2023,010446680,1,9,0,12,12,1,5,0,0,0,0,0,0,0,2,1,6,6,2,40,7,1598,1,13,NISSAN QASHQAI,1,E01001458,0,-1
2023610026023,2023,610026023,2,9,0,18,19,4,8,0,0,1,0,0,0,0,1,1,6,6,2,43,7,1197,1,7,NISSAN QASHQAI,10,E01010386,0,-1
2023361316287,2023,361316287,1,9,0,18,19,1,5,0,0,1,0,0,0,0,3,1,2,2,2,54,8,1995,2,12,NISSAN QASHQAI,3,E01026447,0,-1
2023520301141,2023,520301141,2,9,0,4,4,5,8,0,0,8,0,0,0,0,2,1,6,6,1,39,7,1598,2,6,NISSAN QASHQAI,9,E01014440,0,-1
2023421387813,2023,421387813,1,9,0,18,19,1,5,0,0,8,0,0,0,0,1,1,6,6,3,-1,-1,1461,2,14,NISSAN QASHQAI,-1,-1,0,-1
2023461301273,2023,461301273,2,9,0,12,12,8,2,0,0,1,0,0,0,0,1,1,6,6,2,37,7,1461,2,11,NISSAN QASHQAI,3,E01024641,0,-1
2023548507223,2023,548507223,2,9,0,10,10,3,1,0,0,1,0,0,0,0,2,1,6,6,2,49,8,1197,1,8,NISSAN QASHQAI,5,E01032066,0,-1
2023361373215,2023,361373215,1,9,0,18,19,8,4,0,0,0,0,0,0,0,1,1,6,6,1,61,9,1198,1,9,NISSAN QASHQAI,-1,-1,0,-1
2023010446970,2023,010446970,1,9,0,3,3,7,3,0,0,0,0,0,0,0,2,1,6,6,1,40,7,1332,1,2,NISSAN QASHQAI,7,E01003064,0,-1
2023061371174,2023,061371174,1,9,0,7,7,8,2,0,0,1,0,0,0,0,1,1,6,6,1,40,7,1598,2,12,NISSAN QASHQAI,9,E01006373,0,-1
2023010437369,2023,010437369,2,9,0,18,19,3,7,0,0,1,0,0,0,0,1,1,6,6,2,59,9,1598,1,11,NISSAN QASHQAI,3,E01003193,0,-1
2023052302716,2023,052302716,2,9,0,18,19,5,1,0,0,1,0,0,0,0,1,1,2,2,1,23,5,1332,8,1,NISSAN QASHQAI,4,E01033756,0,-1
2023461313785,2023,461313785,2,9,0,2,2,0,0,0,0,0,0,0,0,0,3,1,5,6,3,-1,-1,1497,8,0,NISSAN QASHQAI,-1,-1,0,-1
2023501337082,2023,501337082,3,9,0,2,2,0,0,0,0,2,0,0,0,0,2,1,5,6,3,-1,-1,1461,2,7,NISSAN QASHQAI,-1,-1,0,-1
2023010457909,2023,010457909,1,9,0,99,99,9,9,99,99,9,9,99,9,99,2,9,6,6,2,41,7,1332,8,0,NISSAN QASHQAI,2,E01003309,0,-1
2023010440594,2023,010440594,1,9,0,18,19,8,4,0,0,0,0,10,0,0,1,1,6,6,2,49,8,1461,2,11,NISSAN QASHQAI,6,E01001295,0,-1
2023170M11533,2023,170M11533,2,9,0,18,19,3,6,0,0,1,0,0,0,0,1,1,6,6,1,24,5,1461,2,13,NISSAN QASHQAI,-1,-1,0,-1
2023201404529,2023,201404529,2,9,0,18,19,8,4,0,0,8,0,0,0,0,1,1,2,2,2,36,7,1995,2,12,NISSAN QASHQAI,6,E01009869,0,-1
2023471392263,2023,471392263,2,9,0,18,19,7,3,0,0,1,0,0,0,0,2,1,5,6,1,53,8,1497,8,0,NISSAN QASHQAI,9,E01021023,0,-1
2023451302624,2023,451302624,1,9,0,18,19,5,1,0,0,1,0,0,0,0,1,1,5,6,2,38,7,1598,1,12,NISSAN QASHQAI,4,E01030383,0,-1
2023320324035,2023,320324035,1,9,0,16,19,4,8,0,0,0,1,0,7,9,1,1,6,6,1,40,7,1461,2,11,NISSAN QASHQAI,10,E01020713,0,-1
2023201303516,2023,201303516,3,9,-1,2,2,-1,-1,0,0,0,0,0,0,0,4,1,6,6,1,-1,-1,1461,2,13,NISSAN QASHQAI,6,E01009036,0,-1
2023041333302,2023,041333302,2,9,0,9,9,6,2,0,0,8,0,0,0,0,1,1,5,6,2,49,8,1332,1,4,NISSAN QASHQAI,1,E01024953,0,-1
2023041350968,2023,041350968,6,9,0,2,2,0,0,0,0,1,0,0,0,0,4,1,6,6,3,-1,-1,1461,2,9,NISSAN QASHQAI,-1,-1,0,-1
2023131348713,2023,131348713,1,9,0,18,19,1,5,0,0,0,0,0,0,0,1,1,2,2,1,34,6,1461,2,9,NISSAN QASHQAI,2,E01011250,0,-1
2023541202923,2023,541202923,3,9,0,3,3,1,5,0,0,0,0,0,0,0,2,1,6,6,1,33,6,1997,1,12,NISSAN QASHQAI,6,E01032085,0,-1
2023471316818,2023,471316818,1,9,0,18,19,7,3,0,0,1,0,0,0,0,1,1,6,6,1,28,6,1461,2,13,NISSAN QASHQAI,4,E01031786,0,-1
2023401374348,2023,401374348,3,9,0,3,3,7,3,0,0,0,0,0,0,0,3,1,5,6,1,35,6,1332,8,1,NISSAN QASHQAI,2,E01003566,0,-1
2023010483102,2023,010483102,1,9,0,3,3,5,1,0,0,1,0,0,0,0,1,1,6,6,1,42,7,1197,1,8,NISSAN QASHQAI,2,E01003159,0,-1
2023031363122,2023,031363122,1,9,0,9,9,3,1,0,0,6,0,0,0,0,1,1,5,6,2,36,7,1332,8,1,NISSAN QASHQAI,5,E01019220,0,-1
2023471313322,2023,471313322,1,9,0,5,5,2,6,0,0,3,0,0,0,0,4,1,5,6,2,75,10,1332,1,4,NISSAN QASHQAI,10,E01031424,0,-1
2023010463657,2023,010463657,1,9,0,99,99,9,9,99,99,9,9,99,9,99,1,9,6,6,3,46,8,1598,1,12,NISSAN QASHQAI,9,E01000647,0,-1
2023201317647,2023,201317647,2,9,0,17,19,4,1,0,0,8,0,0,0,0,1,1,6,6,1,29,6,1598,1,11,NISSAN QASHQAI,4,E01010510,0,-1
2023421269966,2023,421269966,1,9,0,18,19,7,3,0,0,0,0,0,0,0,1,1,6,6,2,40,7,1997,1,14,NISSAN QASHQAI,3,E01015924,0,-1
2023471280615,2023,471280615,2,9,0,18,19,6,2,0,0,8,0,0,0,0,4,1,6,6,1,76,11,1997,1,14,NISSAN QASHQAI,6,E01031743,0,-1
2023010426167,2023,010426167,1,9,0,8,8,5,8,0,0,1,0,0,0,0,1,1,6,6,2,51,8,1332,1,2,NISSAN QASHQAI,5,E01002410,0,-1
2023131268782,2023,131268782,2,9,0,18,19,5,5,0,0,1,0,0,0,0,1,1,5,6,2,36,7,1461,2,9,NISSAN QASHQAI,3,E01033032,0,-1
2023430434596,2023,430434596,1,9,0,3,3,6,2,0,0,0,0,0,0,0,2,1,3,7,2,33,6,1461,2,13,NISSAN QASHQAI,6,E01016704,0,-1
2023161378054,2023,161378054,1,9,0,4,4,5,1,0,0,0,0,0,0,0,2,1,6,6,2,50,8,1332,1,2,NISSAN QASHQAI,9,E01012974,0,-1
2023430507688,2023,430507688,1,9,0,4,4,8,4,0,0,0,0,0,0,0,1,1,6,6,2,32,6,1461,2,7,NISSAN QASHQAI,9,E01017920,0,-1
2023471362874,2023,471362874,1,9,0,8,8,7,3,0,0,8,0,0,0,0,3,1,5,6,1,68,10,1197,1,6,NISSAN QASHQAI,4,E01031377,0,-1
2023010435090,2023,010435090,2,9,0,18,19,5,1,0,0,1,0,0,0,0,1,1,6,6,1,55,8,1461,2,7,NISSAN QASHQAI,2,E01004584,0,-1
2023010437467,2023,010437467,1,9,0,99,99,9,9,99,99,9,9,99,9,99,9,9,6,6,2,51,8,1198,1,8,NISSAN QASHQAI,1,E01001634,0,-1
2023010455378,2023,010455378,1,9,0,17,19,5,1,0,0,1,0,0,0,0,1,1,6,6,2,52,8,1197,1,5,NISSAN QASHQAI,-1,-1,0,-1
2023440205004,2023,440205004,1,9,4,7,7,8,2,0,0,2,0,0,0,0,3,1,6,6,1,88,11,1332,1,3,NISSAN QASHQAI,8,E01022627,0,-1
2023010485107,2023,010485107,1,9,0,4,4,1,5,0,0,8,0,99,0,0,2,9,6,6,2,42,7,1598,1,11,NISSAN QASHQAI,3,E01003720,0,-1
2023461363422,2023,461363422,3,9,0,2,2,0,0,0,0,1,0,0,0,0,3,1,6,6,3,-1,-1,1461,2,9,NISSAN QASHQAI,-1,-1,0,-1
2023461342216,2023,461342216,1,9,0,18,19,7,3,0,0,0,0,0,0,0,1,1,6,6,1,74,10,1461,2,9,NISSAN QASHQAI,1,E01024580,0,-1
2023332301168,2023,332301168,3,9,0,18,19,8,4,0,0,0,0,0,0,0,0,1,6,6,2,43,7,1332,1,4,NISSAN QASHQAI,8,E01025892,0,-1
2023520400309,2023,520400309,2,9,0,2,2,0,0,0,0,0,0,0,0,0,2,1,6,6,3,-1,-1,1332,8,0,NISSAN QASHQAI,-1,-1,0,-1
2023010453259,2023,010453259,2,9,0,13,13,7,3,0,0,1,0,0,1,11,1,1,6,6,3,-1,-1,1598,2,5,NISSAN QASHQAI,-1,-1,0,-1
2023471378247,2023,471378247,1,9,0,17,19,1,6,0,0,8,0,0,0,0,3,1,5,6,1,30,6,1461,2,13,NISSAN QASHQAI,8,E01031505,0,-1
2023320575339,2023,320575339,2,9,0,8,8,7,2,0,0,1,0,0,0,0,3,1,3,7,2,49,8,1461,2,11,NISSAN QASHQAI,6,E01026282,0,-1
2023421345286,2023,421345286,2,9,0,4,4,2,5,0,0,0,0,0,0,0,2,1,6,6,1,49,8,1598,1,12,NISSAN QASHQAI,3,E01000163,0,-1
2023201405826,2023,201405826,2,9,0,18,19,2,6,0,0,3,0,0,0,0,4,1,6,6,3,41,7,1461,2,13,NISSAN QASHQAI,1,E01009299,0,-1
2023031311795,2023,031311795,1,9,0,9,9,3,1,0,0,4,0,0,0,0,1,1,5,6,2,76,11,1995,2,12,NISSAN QASHQAI,5,E01019314,0,-1
2023161316316,2023,161316316,2,9,0,4,4,5,1,0,0,0,0,0,0,0,2,1,6,6,2,31,6,1198,1,9,NISSAN QASHQAI,1,E01012855,0,-1
2023471285635,2023,471285635,1,9,0,18,19,1,5,0,0,1,0,0,0,0,1,1,3,7,2,32,6,1598,1,12,NISSAN QASHQAI,9,E01031582,0,-1
2023061366989,2023,061366989,1,9,0,18,19,7,3,0,0,0,0,0,0,0,4,1,5,6,1,57,9,1461,2,13,NISSAN QASHQAI,1,E01005947,0,-1
2023010474452,2023,010474452,1,9,0,13,13,7,3,0,0,1,0,0,0,0,1,1,6,6,1,21,5,1332,8,2,NISSAN QASHQAI,2,E01003302,0,-1
2023010432231,2023,010432231,1,9,0,99,99,9,9,99,99,9,9,99,9,99,9,9,6,6,2,36,7,1197,1,6,NISSAN QASHQAI,10,E01000325,0,-1
2023421364434,2023,421364434,1,9,0,10,10,5,3,0,0,0,0,0,0,0,3,1,5,6,2,42,7,1598,1,10,NISSAN QASHQAI,3,E01021588,0,-1
2023010484227,2023,010484227,1,9,0,9,9,3,1,0,0,0,0,0,0,0,0,1,3,7,1,41,7,1598,1,11,NISSAN QASHQAI,10,E01003364,0,-1
2023061311356,2023,061311356,1,9,0,7,7,3,1,0,0,8,0,0,0,0,4,1,6,6,1,33,6,1197,1,5,NISSAN QASHQAI,3,E01005966,0,-1
2023440342447,2023,440342447,1,9,0,5,5,7,3,0,0,8,0,0,0,0,3,1,6,6,1,58,9,1332,1,3,NISSAN QASHQAI,3,E01017194,0,-1
2023161331983,2023,161331983,1,9,0,18,19,7,3,0,0,0,0,11,0,0,4,1,5,6,2,39,7,1332,1,4,NISSAN QASHQAI,3,E01012825,0,-1
2023531378902,2023,531378902,1,9,0,15,15,1,5,0,0,0,0,0,0,0,1,1,2,2,1,44,7,1461,2,12,NISSAN QASHQAI,6,E01022194,0,-1
2023471302639,2023,471302639,3,9,0,3,3,3,7,0,0,2,0,0,0,0,3,1,5,6,1,45,7,1332,1,4,NISSAN QASHQAI,4,E01016986,0,-1
2023061394136,2023,061394136,3,9,0,2,2,0,0,0,0,2,0,0,0,0,2,1,6,6,3,-1,-1,1749,2,4,NISSAN QASHQAI,-1,-1,0,-1
2023991276078,2023,991276078,2,9,0,17,19,2,6,0,0,0,0,0,0,0,2,1,6,6,2,42,7,1332,8,1,NISSAN QASHQAI,-1,-1,0,-1
2023010486735,2023,010486735,2,9,9,99,99,9,9,99,99,9,9,99,9,99,9,9,6,6,3,22,5,1198,1,8,NISSAN QASHQAI,1,E01000551,0,-1
2023041387896,2023,041387896,1,9,0,18,19,3,7,0,0,6,0,0,0,0,1,1,5,6,1,59,9,1461,2,12,NISSAN QASHQAI,3,W01000287,0,-1
2023461360971,2023,461360971,2,9,0,18,19,5,1,0,0,0,0,0,0,0,1,1,5,6,2,34,6,1332,1,4,NISSAN QASHQAI,4,E01024541,0,-1
2023010441375,2023,010441375,1,9,0,18,19,1,5,0,0,1,0,0,0,0,4,1,6,6,1,41,7,1461,2,5,NISSAN QASHQAI,6,E01001897,0,-1
2023471333301,2023,471333301,1,9,0,7,7,6,8,0,0,6,0,0,0,0,1,1,6,6,2,72,10,1497,8,0,NISSAN QASHQAI,8,E01021197,0,-1
202354D061423,2023,54D061423,2,9,0,18,19,5,1,0,0,0,0,0,0,0,1,1,1,1,1,70,10,1461,2,4,NISSAN QASHQAI,8,E01031883,0,-1
202360A113840,2023,60A113840,1,9,0,9,9,1,2,0,0,1,0,0,0,0,1,1,6,6,1,49,8,1461,2,5,NISSAN QASHQAI,-1,-1,0,-1
2023311373690,2023,311373690,2,9,0,18,19,2,6,0,0,0,0,0,0,0,2,1,6,6,1,26,6,1461,2,7,NISSAN QASHQAI,1,E01013868,0,-1
2023351294326,2023,351294326,1,9,0,9,9,3,1,0,0,6,0,0,7,0,1,1,6,6,1,32,6,1461,2,4,NISSAN QASHQAI,6,E01018110,0,-1
2023010455085,2023,010455085,1,9,0,18,19,5,1,0,0,0,0,11,0,0,1,1,6,6,2,34,6,1198,1,9,NISSAN QASHQAI,3,E01004020,0,-1
2023010445506,2023,010445506,5,9,0,2,2,0,0,0,0,0,0,10,0,0,4,1,6,6,3,-1,-1,1197,1,6,NISSAN QASHQAI,-1,-1,0,-1
2023010422466,2023,010422466,1,9,0,18,19,7,3,0,0,1,0,0,0,0,1,1,6,6,2,58,9,1598,1,11,NISSAN QASHQAI,3,E01003926,0,-1
2023545357323,2023,545357323,1,9,0,5,5,6,2,0,0,0,0,0,0,0,1,1,6,6,2,31,6,1461,2,13,NISSAN QASHQAI,7,E01032116,0,-1
2023010456436,2023,010456436,2,9,0,99,99,9,9,99,99,9,9,99,9,99,9,9,6,6,3,-1,-1,1197,1,6,NISSAN QASHQAI,-1,-1,0,-1
202354B933323,2023,54B933323,1,9,0,18,19,5,1,0,0,0,0,0,0,0,1,1,6,6,1,52,8,1598,1,13,NISSAN QASHQAI,2,E01015528,0,-1
2023010449007,2023,010449007,2,9,0,99,99,9,9,99,99,9,9,99,9,99,9,9,6,6,3,-1,-1,1332,1,3,NISSAN QASHQAI,-1,-1,0,-1
2023430160163,2023,430160163,1,9,0,16,19,2,5,0,0,0,1,0,7,4,1,1,6,6,1,18,4,1197,1,6,NISSAN QASHQAI,-1,-1,0,-1
2023461296708,2023,461296708,2,9,0,17,19,4,1,0,0,0,0,0,0,0,1,1,5,6,2,31,6,1332,8,1,NISSAN QASHQAI,-1,-1,0,-1
2023440306340,2023,440306340,2,9,0,4,4,7,3,0,0,2,0,0,0,0,2,1,6,6,2,30,6,1598,2,7,NISSAN QASHQAI,7,E01023125,0,-1
2023041347026,2023,041347026,1,9,0,18,19,8,4,0,0,6,0,0,0,0,3,1,5,6,1,63,9,1332,8,2,NISSAN QASHQAI,1,E01025083,0,-1
2023010460153,2023,010460153,1,9,0,1,1,3,7,0,0,1,0,0,0,0,0,1,2,2,2,29,6,1332,1,2,NISSAN QASHQAI,6,E01001599,0,-1
2023461358751,2023,461358751,3,9,0,2,2,0,0,0,0,0,0,0,0,0,4,1,6,6,3,-1,-1,1598,1,14,NISSAN QASHQAI,-1,-1,0,-1
2023340WN1622,2023,340WN1622,2,9,0,18,19,4,8,0,0,1,0,0,0,0,3,1,6,6,1,74,10,1598,2,7,NISSAN QASHQAI,5,E01027145,0,-1
2023161275629,2023,161275629,1,9,0,18,19,7,3,0,0,8,0,0,0,0,2,1,5,6,1,32,6,1598,1,11,NISSAN QASHQAI,1,E01012858,0,-1
2023052301862,2023,052301862,2,9,0,18,19,1,5,0,0,1,0,0,0,0,2,1,6,6,1,50,8,1332,1,2,NISSAN QASHQAI,-1,-1,0,-1
2023991328668,2023,991328668,2,9,0,18,19,7,2,0,0,0,0,0,1,0,0,1,6,6,1,53,8,1332,8,1,NISSAN QASHQAI,1,-1,0,-1
2023010458870,2023,010458870,1,9,0,9,9,1,7,0,0,8,0,0,0,0,0,1,6,6,1,59,9,1197,1,7,NISSAN QASHQAI,5,E01003173,0,-1
2023131334424,2023,131334424,2,9,0,9,9,7,5,0,0,8,0,0,0,0,1,1,5,6,1,55,8,1598,2,6,NISSAN QASHQAI,10,E01021618,0,-1
2023041331532,2023,041331532,2,9,0,18,19,7,3,0,0,0,0,0,0,0,2,1,5,6,2,34,6,1598,1,9,NISSAN QASHQAI,7,E01025270,0,-1
2023131319974,2023,131319974,1,9,0,17,19,1,5,0,0,0,0,0,2,2,1,1,5,6,1,82,11,1598,2,7,NISSAN QASHQAI,5,E01011395,0,-1
2023010445514,2023,010445514,1,9,0,99,99,9,9,99,99,9,9,99,9,99,2,9,6,6,1,48,8,1197,1,6,NISSAN QASHQAI,9,E01033569,0,-1
2023631314092,2023,631314092,1,9,0,12,12,3,7,0,0,0,0,0,0,0,3,1,5,6,1,76,11,1461,2,6,NISSAN QASHQAI,2,E01009740,0,-1
2023451325116,2023,451325116,1,9,0,10,10,1,5,0,0,1,0,0,0,0,2,1,5,6,1,35,6,1598,1,11,NISSAN QASHQAI,10,E01030764,0,-1
2023041391652,2023,041391652,1,9,0,16,19,1,5,0,0,0,2,0,8,0,1,1,5,6,1,18,4,1461,2,9,NISSAN QASHQAI,3,E01024864,0,-1
2023461310870,2023,461310870,2,9,0,4,4,1,5,0,0,0,0,0,0,0,2,1,6,6,1,48,8,1332,1,4,NISSAN QASHQAI,8,E01002291,0,-1
2023231383319,2023,231383319,3,9,0,3,3,8,4,0,0,1,0,0,0,0,2,1,6,6,2,30,6,1197,1,6,NISSAN QASHQAI,9,E01031268,0,-1
2023461359390,2023,461359390,1,9,0,18,19,5,1,0,0,8,0,0,0,0,1,1,6,6,2,80,11,1598,1,10,NISSAN QASHQAI,10,E01024147,0,-1
2023031375806,2023,031375806,4,9,0,18,19,6,2,0,0,1,0,0,0,0,2,1,2,2,1,33,6,1332,8,2,NISSAN QASHQAI,-1,-1,0,-1
2023221382852,2023,221382852,2,9,0,2,2,0,0,0,0,0,0,0,1,0,2,1,6,6,1,49,8,1461,2,4,NISSAN QASHQAI,8,E01014195,0,-1
2023010429900,2023,010429900,1,9,0,9,9,5,3,0,0,5,0,0,0,0,3,1,6,6,1,72,10,1598,2,7,NISSAN QASHQAI,10,E01004477,0,-1
2023010450195,2023,010450195,1,9,0,18,19,1,5,0,0,1,0,0,0,0,1,1,6,6,3,40,7,1598,1,12,NISSAN QASHQAI,3,E01000222,0,-1
2023052303045,2023,052303045,2,9,0,4,4,1,5,0,0,4,0,0,0,0,2,1,6,6,2,36,7,1598,1,10,NISSAN QASHQAI,1,E01007006,0,-1
2023010469247,2023,010469247,1,9,0,4,4,6,2,0,0,2,0,0,0,0,1,1,1,1,1,64,9,1598,1,12,NISSAN QASHQAI,-1,-1,0,-1
2023221381028,2023,221381028,2,9,0,3,3,2,6,0,0,0,0,0,0,0,2,1,2,2,1,41,7,1461,2,10,NISSAN QASHQAI,2,E01032250,0,-1
2023320564809,2023,320564809,2,9,0,18,19,8,4,0,0,8,0,0,3,0,1,1,6,6,1,34,6,1598,2,10,NISSAN QASHQAI,-1,-1,0,-1
2023041359524,2023,041359524,1,9,0,9,9,1,5,0,0,6,0,0,0,0,4,1,5,6,2,41,7,1461,2,12,NISSAN QASHQAI,7,E01025005,0,-1
2023161355131,2023,161355131,1,9,0,3,3,6,2,0,0,0,0,0,0,0,2,1,2,2,1,39,7,1332,1,4,NISSAN QASHQAI,5,E01012796,0,-1
2023010469732,2023,010469732,1,9,0,12,12,5,1,0,0,1,0,0,0,0,3,1,6,6,2,39,7,1461,2,7,NISSAN QASHQAI,1,E01003070,0,-1
2023461376567,2023,461376567,1,9,0,18,19,8,4,0,0,0,0,10,1,3,1,1,2,2,1,27,6,1497,8,0,NISSAN QASHQAI,9,E01016027,0,-1
2023010429054,2023,010429054,1,9,0,99,99,9,9,99,99,0,9,99,9,99,2,9,6,6,1,55,8,1598,1,12,NISSAN QASHQAI,6,E01021629,0,-1
2023501314893,2023,501314893,1,9,0,9,9,3,6,0,0,8,0,0,0,0,1,1,6,6,1,58,9,1997,1,12,NISSAN QASHQAI,1,E01020094,0,-1
2023501338996,2023,501338996,1,9,0,9,9,8,6,0,0,6,0,0,0,0,3,1,6,6,2,64,9,1618,1,7,NISSAN QASHQAI,6,E01005007,0,-1
2023430016374,2023,430016374,1,9,0,9,9,4,2,0,0,8,0,0,0,0,4,1,2,2,2,49,8,1598,1,12,NISSAN QASHQAI,4,E01016705,0,-1
2023010482305,2023,010482305,1,9,0,99,99,9,9,0,0,0,0,0,0,0,1,1,2,2,1,51,8,1598,1,15,NISSAN QASHQAI,2,E01003576,0,-1
2023010440744,2023,010440744,1,9,0,99,99,9,9,99,99,9,9,99,9,99,2,9,6,6,2,45,7,1197,1,5,NISSAN QASHQAI,6,E01004181,0,-1
2023421293915,2023,421293915,2,9,0,3,3,8,4,0,0,0,0,0,0,0,4,1,2,2,2,34,6,1198,1,9,NISSAN QASHQAI,3,E01021847,0,-1
2023991392184,2023,991392184,1,9,0,18,19,2,6,0,0,0,1,0,7,11,1,1,2,2,1,56,9,1461,2,4,NISSAN QASHQAI,4,-1,0,-1
2023010432795,2023,010432795,1,9,0,18,19,1,5,0,0,8,0,0,0,0,1,1,6,6,1,37,7,1197,1,6,NISSAN QASHQAI,5,E01033592,0,-1
2023401313663,2023,401313663,1,9,0,18,19,1,8,0,0,0,0,0,0,0,1,1,1,1,2,38,7,1461,2,12,NISSAN QASHQAI,3,E01017609,0,-1
202360A196875,2023,60A196875,2,9,0,18,19,4,8,0,0,0,0,0,0,0,3,1,6,6,2,51,8,1461,2,10,NISSAN QASHQAI,-1,-1,0,-1
2023052302947,2023,052302947,1,9,0,18,19,5,3,0,0,0,0,0,0,0,1,1,6,6,1,48,8,1332,8,0,NISSAN QASHQAI,2,E01007091,0,-1
2023010433163,2023,010433163,2,9,0,99,99,9,9,99,99,9,9,99,9,99,2,9,6,6,3,44,7,1197,1,6,NISSAN QASHQAI,5,E01024156,0,-1
2023010455844,2023,010455844,1,9,0,12,12,1,5,0,0,1,0,0,0,0,2,1,6,6,2,50,8,1198,1,8,NISSAN QASHQAI,3,E01003244,0,-1
2023101378911,2023,101378911,1,8,0,3,3,7,3,0,0,0,0,0,0,0,1,1,6,6,1,44,7,1461,2,6,-1,1,E01033547,0,-1
2023311284635,2023,311284635,2,9,0,5,5,7,3,0,0,0,0,0,0,0,2,1,6,6,2,53,8,1461,2,4,NISSAN QASHQAI,4,E01028103,0,-1
2023010446320,2023,010446320,1,9,0,3,3,1,5,0,0,1,0,0,0,0,2,1,2,2,2,51,8,1598,1,11,NISSAN QASHQAI,2,E01001833,0,-1
2023411342709,2023,411342709,1,9,0,18,19,5,1,0,0,0,1,0,0,0,1,1,5,6,1,53,8,1598,1,15,NISSAN QASHQAI,2,E01015807,0,-1
2023010467960,2023,010467960,1,9,0,99,99,9,9,99,99,9,9,99,9,99,4,9,6,6,2,25,5,1598,1,16,NISSAN QASHQAI,10,E01024139,0,-1
2023421367893,2023,421367893,1,9,0,2,2,1,5,0,0,0,0,0,0,0,2,1,5,6,1,46,8,1197,1,5,NISSAN QASHQAI,2,E01003305,0,-1
2023010475066,2023,010475066,1,9,0,99,99,9,9,99,99,9,9,99,9,99,2,9,6,6,2,40,7,1197,1,6,NISSAN QASHQAI,1,E01001787,0,-1
2023430182133,2023,430182133,2,9,0,18,19,4,8,0,0,8,0,0,0,0,1,1,2,2,1,54,8,1598,1,12,NISSAN QASHQAI,10,E01027266,0,-1
2023101325255,2023,101325255,1,9,0,18,19,3,7,0,0,0,0,0,0,0,1,1,5,6,1,77,11,1461,2,11,NISSAN QASHQAI,1,E01008667,0,-1
2023531265601,2023,531265601,1,9,0,9,9,3,1,0,0,8,0,0,0,0,1,1,2,2,1,59,9,1994,2,15,NISSAN QASHQAI,9,E01022436,0,-1
2023070216185,2023,070216185,2,9,0,18,19,5,8,0,0,4,0,0,0,0,2,1,6,6,1,52,8,1598,2,10,NISSAN QASHQAI,9,E01012518,0,-1
2023440170777,2023,440170777,1,9,0,18,19,7,3,0,0,1,5,0,1,4,1,1,6,6,1,29,6,1461,2,11,NISSAN QASHQAI,10,E01022596,0,-1
2023991363057,2023,991363057,1,9,0,17,19,2,6,9,9,4,1,11,1,2,1,1,2,2,1,42,7,1461,2,8,NISSAN QASHQAI,6,E01006051,0,-1
2023211276689,2023,211276689,1,9,-1,9,9,2,8,-1,-1,-1,-1,-1,-1,0,-1,1,6,6,1,55,8,1598,2,10,NISSAN QASHQAI,4,E01014353,0,-1
2023991348758,2023,991348758,2,9,0,18,19,8,4,0,0,1,5,0,0,0,1,1,1,1,1,56,9,1598,1,10,NISSAN QASHQAI,10,-1,0,-1
2023070054457,2023,070054457,1,9,0,17,19,4,1,0,0,0,1,6,0,0,1,1,2,2,2,54,8,1332,8,1,NISSAN QASHQAI,6,E01006146,0,-1
2023351390433,2023,351390433,2,9,0,18,19,2,6,0,0,4,0,0,0,0,2,1,6,6,1,57,9,1332,1,3,NISSAN QASHQAI,4,E01015621,0,-1