collision_index,collision_year,collision_ref_no,vehicle_reference,vehicle_type,towing_and_articulation,vehicle_manoeuvre_historic,vehicle_manoeuvre,vehicle_direction_from,vehicle_direction_to,vehicle_location_restricted_lane_historic,vehicle_location_restricted_lane,junction_location,skidding_and_overturning,hit_object_in_carriageway,vehicle_leaving_carriageway,hit_object_off_carriageway,first_point_of_impact,vehicle_left_hand_drive,journey_purpose_of_driver_historic,journey_purpose_of_driver,sex_of_driver,age_of_driver,age_band_of_driver,engine_capacity_cc,propulsion_code,age_of_vehicle,generic_make_model,driver_imd_decile,lsoa_of_driver,escooter_flag,driver_distance_banding
2023440020751,2023,440020751,1,9,0,18,19,5,1,0,0,2,0,0,0,0,1,1,6,6,1,79,11,1332,8,1,NISSAN QASHQAI,3,E01017349,0,-1
2023622301063,2023,622301063,1,9,0,18,19,4,8,0,0,1,0,4,0,0,1,1,6,6,1,74,10,1461,2,9,NISSAN QASHQAI,1,W01001207,0,-1
2023302300429,2023,302300429,2,9,0,18,19,6,2,0,0,8,0,0,0,0,2,1,6,6,1,55,8,1332,1,3,NISSAN QASHQAI,8,E01029430,0,-1
2023041315139,2023,041315139,1,9,0,18,19,1,5,0,0,1,0,0,0,0,3,1,6,6,1,-1,-1,1461,2,13,NISSAN QASHQAI,2,E01025185,0,-1
2023161304433,2023,161304433,1,9,0,18,19,1,5,0,0,8,0,0,0,0,4,1,6,6,2,36,7,1598,2,8,NISSAN QASHQAI,-1,-1,0,-1
2023010477627,2023,010477627,2,9,0,99,99,9,9,99,99,9,9,99,9,99,9,9,6,6,3,-1,-1,1598,1,15,NISSAN QASHQAI,-1,-1,0,-1
2023010485761,2023,010485761,1,9,0,99,99,9,9,99,99,0,9,99,9,99,9,9,6,6,1,34,6,1198,1,9,NISSAN QASHQAI,4,E01000745,0,-1
2023041302363,2023,041302363,1,9,0,9,9,5,2,0,0,2,0,11,0,0,1,1,5,6,2,34,6,1197,1,8,NISSAN QASHQAI,5,E01025459,0,-1
2023010453046,2023,010453046,1,9,0,99,99,9,9,99,99,9,9,99,9,99,1,9,6,6,2,36,7,1997,1,16,NISSAN QASHQAI,3,E01002532,0,-1
2023361313862,2023,361313862,1,9,0,18,19,5,1,0,0,0,0,0,0,0,2,1,6,6,2,61,9,1461,2,9,NISSAN QASHQAI,7,E01026502,0,-1
2023052302270,2023,052302270,2,9,0,18,19,7,3,0,0,0,0,0,0,0,1,1,2,2,1,48,8,1598,1,11,NISSAN QASHQAI,1,E01006463,0,-1
2023520301669,2023,520301669,1,9,0,18,19,3,7,0,0,8,0,0,0,0,3,1,6,6,1,31,6,1461,2,12,NISSAN QASHQAI,4,E01018840,0,-1
2023622300775,2023,622300775,1,9,0,18,19,4,8,0,0,0,0,0,7,4,1,1,6,6,1,35,6,1461,2,15,NISSAN QASHQAI,2,W01001138,0,-1
2023010467404,2023,010467404,2,9,0,18,19,3,7,0,0,0,0,0,0,0,1,1,6,6,1,36,7,1198,1,9,NISSAN QASHQAI,5,E01002447,0,-1
2023302300445,2023,302300445,1,9,0,9,9,5,4,9,9,1,0,0,7,11,1,1,6,6,1,88,11,1332,1,3,NISSAN QASHQAI,8,E01019734,0,-1
2023461354506,2023,461354506,2,9,0,9,9,5,1,0,0,0,1,0,0,0,2,1,5,6,2,51,8,1461,2,4,NISSAN QASHQAI,3,E01024529,0,-1
2023302300905,2023,302300905,2,9,0,18,19,7,3,0,0,2,0,0,0,0,2,1,6,6,1,20,4,1994,2,15,NISSAN QASHQAI,1,E01005667,0,-1
2023991286719,2023,991286719,3,9,0,4,4,1,5,0,0,8,0,0,0,0,3,1,5,6,1,63,9,1332,8,2,NISSAN QASHQAI,-1,-1,0,-1
2023461349555,2023,461349555,1,9,0,4,4,3,7,0,0,0,0,0,7,0,1,1,5,6,2,82,11,1598,1,12,NISSAN QASHQAI,7,E01024707,0,-1
2023052301408,2023,052301408,4,9,0,18,19,3,7,0,0,0,0,0,0,0,2,1,6,6,3,-1,-1,1598,1,16,NISSAN QASHQAI,-1,-1,0,-1
2023501335637,2023,501335637,2,9,0,18,19,1,5,0,0,1,0,0,0,0,1,1,6,6,2,50,8,1332,1,2,NISSAN QASHQAI,6,E01019014,0,-1
2023340WN6822,2023,340WN6822,2,9,0,3,3,2,6,0,0,6,0,0,0,0,2,1,6,6,2,47,8,1461,2,6,NISSAN QASHQAI,5,E01027179,0,-1
2023131408007,2023,131408007,1,9,0,9,9,2,3,0,0,1,0,0,0,0,1,1,6,6,1,62,9,1332,8,1,NISSAN QASHQAI,1,E01011483,0,-1
2023421334288,2023,421334288,2,9,0,3,3,5,1,0,0,0,0,0,0,0,2,1,5,6,2,32,6,1461,2,8,NISSAN QASHQAI,7,E01021457,0,-1
2023991364423,2023,991364423,2,9,0,18,19,5,1,0,0,0,0,0,0,0,3,1,2,2,1,59,9,1461,2,4,NISSAN QASHQAI,7,-1,0,-1
2023411407623,2023,411407623,1,9,0,5,5,4,8,0,0,1,0,0,0,0,1,1,6,6,2,41,7,1198,1,9,NISSAN QASHQAI,5,E01023838,0,-1
2023622300544,2023,622300544,2,9,0,2,2,0,0,0,0,0,0,0,0,0,1,1,6,6,2,37,7,1598,1,11,NISSAN QASHQAI,5,W01001016,0,-1
2023052300259,2023,052300259,1,9,0,18,19,5,1,0,0,0,0,0,0,0,1,1,2,2,2,42,7,1461,2,7,NISSAN QASHQAI,6,E01006529,0,-1
2023401319487,2023,401319487,3,9,0,18,19,1,5,0,0,8,0,0,1,9,1,1,3,7,2,31,6,1197,1,7,NISSAN QASHQAI,10,E01017405,0,-1
2023201348451,2023,201348451,1,9,0,3,3,2,6,0,0,2,0,0,0,0,2,1,6,6,2,60,9,1332,8,2,NISSAN QASHQAI,5,E01009888,0,-1
2023522301330,2023,522301330,1,9,0,9,9,2,8,0,0,8,1,0,0,0,3,1,6,6,1,19,4,1598,1,16,NISSAN QASHQAI,5,E01014925,0,-1
2023991260446,2023,991260446,1,9,0,11,11,7,3,2,2,0,0,0,0,0,0,1,6,6,1,43,7,1461,2,6,NISSAN QASHQAI,1,-1,0,-1
2023201426369,2023,201426369,1,9,0,18,19,4,8,0,0,8,0,0,0,0,4,1,2,2,2,42,7,1332,8,1,NISSAN QASHQAI,9,E01029675,0,-1
2023052302329,2023,052302329,2,9,0,18,19,2,6,0,0,8,0,0,0,0,1,1,6,6,1,50,8,1332,1,3,NISSAN QASHQAI,2,E01006655,0,-1
2023010423881,2023,010423881,1,9,0,18,19,1,5,0,0,4,0,0,3,0,1,1,2,2,2,34,6,1598,2,6,NISSAN QASHQAI,2,E01000013,0,-1
2023552300734,2023,552300734,1,9,0,9,9,2,8,0,0,5,0,0,0,0,3,1,6,6,2,32,6,1598,1,11,NISSAN QASHQAI,3,E01015293,0,-1
2023622300808,2023,622300808,3,9,0,2,2,0,0,0,0,0,0,0,0,0,2,1,6,6,3,-1,-1,1332,1,3,NISSAN QASHQAI,-1,-1,0,-1
2023101384230,2023,101384230,2,9,0,3,3,5,1,0,0,8,0,0,0,0,2,1,6,6,2,34,6,1461,2,10,NISSAN QASHQAI,1,E01027545,0,-1
2023170M11673,2023,170M11673,3,9,0,18,19,6,2,0,0,1,0,0,0,0,1,1,2,2,2,43,7,1332,1,4,NISSAN QASHQAI,4,E01012292,0,-1
2023421319597,2023,421319597,2,9,0,4,4,1,5,0,0,0,0,0,0,0,2,1,5,6,2,28,6,1461,2,7,NISSAN QASHQAI,2,E01033040,0,-1
2023332301035,2023,332301035,1,9,0,18,19,7,3,0,0,0,0,0,0,0,0,1,2,2,1,43,7,1197,1,6,NISSAN QASHQAI,3,E01013773,0,-1
2023010469271,2023,010469271,1,9,0,18,19,8,4,2,2,0,0,0,0,0,4,1,6,6,1,48,8,1598,1,12,NISSAN QASHQAI,3,E01003214,0,-1
2023552300418,2023,552300418,2,9,0,4,4,5,1,0,0,0,0,0,0,0,1,1,6,6,2,63,9,1461,2,7,NISSAN QASHQAI,6,E01020516,0,-1
2023411331891,2023,411331891,1,9,0,18,19,7,3,0,0,0,0,0,0,0,1,1,6,6,2,47,8,1598,1,12,NISSAN QASHQAI,7,E01023514,0,-1
2023411380827,2023,411380827,2,9,0,9,9,1,3,0,0,8,0,0,0,0,1,1,5,6,2,33,6,1598,1,11,NISSAN QASHQAI,7,E01023434,0,-1
2023010438934,2023,010438934,2,9,0,18,19,1,5,0,0,1,0,0,0,0,1,1,6,6,1,56,9,1461,2,4,NISSAN QASHQAI,1,E01002782,0,-1
2023070123324,2023,070123324,1,9,0,5,5,8,4,0,0,4,0,0,0,0,1,1,6,6,2,-1,-1,1332,1,2,NISSAN QASHQAI,5,E01012542,0,-1
2023991359996,2023,991359996,3,9,0,9,9,7,5,0,0,1,0,0,0,0,1,1,1,1,1,28,6,1332,8,0,NISSAN QASHQAI,3,-1,0,-1
2023361339321,2023,361339321,2,9,-1,-1,-1,-1,-1,0,0,8,-1,-1,-1,0,4,1,5,6,1,47,8,1997,1,11,NISSAN QASHQAI,5,E01026831,0,-1
2023010465300,2023,010465300,1,9,3,18,19,8,4,0,0,8,0,0,0,0,1,2,6,6,2,31,6,1997,1,16,NISSAN QASHQAI,6,E01002919,0,-1
2023010463986,2023,010463986,2,9,0,99,99,9,9,99,99,9,9,99,9,99,9,9,6,6,1,-1,-1,1598,1,11,NISSAN QASHQAI,3,E01003388,0,-1
2023221295969,2023,221295969,2,9,0,3,3,7,3,0,0,0,0,0,0,0,2,1,6,6,2,49,8,1598,2,11,NISSAN QASHQAI,6,E01022253,0,-1
2023010475865,2023,010475865,1,9,0,99,99,9,9,99,99,0,9,99,9,99,9,9,6,6,2,30,6,1332,1,2,NISSAN QASHQAI,2,E01001575,0,-1
2023061310633,2023,061310633,2,9,0,3,3,-1,-1,0,0,0,0,0,0,0,2,1,5,6,2,36,7,1461,2,9,NISSAN QASHQAI,4,E01004964,0,-1
2023010456708,2023,010456708,1,9,9,99,99,9,9,99,99,9,9,99,9,99,9,9,6,6,3,-1,-1,1598,1,10,NISSAN QASHQAI,4,E01001153,0,-1
2023161383014,2023,161383014,1,9,0,18,19,3,7,0,0,1,0,0,0,0,3,1,3,7,2,32,6,1197,1,5,NISSAN QASHQAI,6,E01012766,0,-1
2023010437527,2023,010437527,1,9,0,3,3,7,3,0,0,1,0,0,0,0,2,1,6,6,1,67,10,1332,8,1,NISSAN QASHQAI,3,E01002808,0,-1
2023531270588,2023,531270588,1,9,0,18,19,5,1,0,0,0,0,0,0,0,3,1,2,2,2,48,8,1461,2,9,NISSAN QASHQAI,10,E01022425,0,-1
2023501308721,2023,501308721,2,9,0,18,19,1,5,0,0,0,0,0,0,0,2,1,6,6,2,31,6,1332,1,3,NISSAN QASHQAI,6,E01020202,0,-1
2023010445533,2023,010445533,1,9,0,18,19,4,8,0,0,5,0,0,0,0,1,1,6,6,2,29,6,1197,1,8,NISSAN QASHQAI,3,E01003841,0,-1
2023231375278,2023,231375278,1,9,0,9,9,7,5,0,0,6,0,0,0,0,1,1,5,6,1,31,6,1197,1,7,NISSAN QASHQAI,5,E01031098,0,-1
2023401374348,2023,401374348,1,9,0,18,19,3,7,0,0,0,0,10,2,3,1,1,6,6,3,-1,-1,1598,1,12,NISSAN QASHQAI,-1,-1,0,-1
2023052302185,2023,052302185,1,9,0,9,9,3,1,0,0,1,0,0,0,0,3,1,6,6,2,30,6,1598,1,13,NISSAN QASHQAI,4,E01007230,0,-1
2023371367410,2023,371367410,2,9,0,18,19,7,4,0,0,8,0,0,0,0,4,1,5,6,2,64,9,1461,2,15,NISSAN QASHQAI,7,E01030049,0,-1
2023991383907,2023,991383907,1,9,0,18,19,2,6,0,0,0,0,11,0,0,1,1,6,6,2,32,6,1198,1,9,NISSAN QASHQAI,4,-1,0,-1
2023070065414,2023,070065414,2,9,0,18,19,5,3,0,0,1,0,0,0,0,1,1,1,1,2,35,6,1461,2,14,NISSAN QASHQAI,3,E01012454,0,-1
2023161277553,2023,161277553,5,9,0,2,2,0,0,0,0,0,0,0,0,0,2,1,6,6,3,-1,-1,1598,1,10,NISSAN QASHQAI,-1,-1,0,-1
2023361358274,2023,361358274,3,9,0,18,19,5,1,0,0,0,0,0,0,0,1,1,5,6,1,51,8,1332,1,4,NISSAN QASHQAI,9,E01026560,0,-1
2023522324525,2023,522324525,2,9,0,6,6,1,1,0,0,0,0,0,0,0,9,1,6,6,3,-1,-1,1197,1,5,NISSAN QASHQAI,-1,-1,0,-1
2023471361585,2023,471361585,1,9,0,16,19,3,6,0,0,0,0,0,0,0,1,1,6,6,2,73,10,1332,8,1,NISSAN QASHQAI,4,E01031443,0,-1
2023010485396,2023,010485396,1,9,0,18,19,7,3,0,0,0,0,0,0,0,1,1,6,6,1,23,5,1598,1,13,NISSAN QASHQAI,7,E01000197,0,-1
2023461274617,2023,461274617,1,9,0,9,9,7,1,0,0,6,0,0,1,0,1,1,2,2,1,29,6,1461,2,9,NISSAN QASHQAI,7,E01024522,0,-1
2023010442652,2023,010442652,1,9,0,9,9,8,5,0,0,1,0,0,0,0,3,1,6,6,2,74,10,1332,8,1,NISSAN QASHQAI,8,E01000749,0,-1
2023010428796,2023,010428796,1,9,0,18,19,1,5,0,0,7,0,0,0,0,2,1,6,6,1,35,6,1197,1,6,NISSAN QASHQAI,4,E01002444,0,-1
2023010476561,2023,010476561,2,9,0,99,99,9,9,99,99,9,9,99,9,99,1,9,6,6,3,-1,-1,1497,8,0,NISSAN QASHQAI,1,E01002074,0,-1
2023361337864,2023,361337864,1,9,0,6,6,1,5,8,6,0,0,0,0,0,3,1,6,6,2,66,10,1461,2,7,NISSAN QASHQAI,8,E01026558,0,-1
2023201292065,2023,201292065,1,9,0,15,15,1,5,0,0,8,0,0,0,0,3,1,2,2,1,46,8,1461,2,11,NISSAN QASHQAI,6,E01032258,0,-1
2023041295548,2023,041295548,2,9,0,18,19,1,5,0,0,1,0,0,0,0,1,1,6,6,2,27,6,1618,1,6,NISSAN QASHQAI,5,E01012723,0,-1
2023131325932,2023,131325932,3,9,0,18,19,7,5,0,0,0,0,0,0,0,4,1,6,6,1,43,7,1461,2,9,NISSAN QASHQAI,7,E01007493,0,-1
2023010435872,2023,010435872,1,9,0,18,19,5,1,0,0,1,0,11,0,0,1,1,6,6,2,67,10,1197,1,5,NISSAN QASHQAI,6,E01004163,0,-1
2023361283060,2023,361283060,2,9,0,18,19,6,2,0,0,0,1,0,1,3,1,1,5,6,2,68,10,1598,1,12,NISSAN QASHQAI,7,E01026579,0,-1
2023221305707,2023,221305707,2,9,0,4,4,1,5,0,0,0,0,0,0,0,2,1,5,6,1,54,8,1461,2,7,NISSAN QASHQAI,7,W01000389,0,-1
2023430346219,2023,430346219,1,9,0,18,19,6,2,0,0,4,0,0,0,0,1,1,6,6,1,43,7,1994,2,16,NISSAN QASHQAI,8,E01028547,0,-1
2023430249932,2023,430249932,1,9,0,18,19,2,6,0,0,6,0,0,0,0,1,1,6,6,1,59,9,1618,1,6,NISSAN QASHQAI,10,E01016427,0,-1
2023451367380,2023,451367380,1,9,0,12,12,7,3,0,0,0,0,0,0,0,3,1,5,6,2,44,7,1197,1,6,NISSAN QASHQAI,5,E01024156,0,-1
2023010449051,2023,010449051,1,9,9,99,99,9,9,99,99,9,9,99,9,99,9,9,6,6,3,-1,-1,1332,8,2,NISSAN QASHQAI,-1,-1,0,-1
2023531332037,2023,531332037,2,9,0,18,19,5,1,0,0,8,0,0,0,0,3,1,2,2,1,30,6,1332,1,4,NISSAN QASHQAI,4,E01022428,0,-1
2023131342673,2023,131342673,2,9,0,9,9,2,5,0,0,8,0,0,0,0,3,1,2,2,1,54,8,1332,8,1,NISSAN QASHQAI,3,E01032606,0,-1
2023010442676,2023,010442676,1,9,0,9,9,5,2,0,0,1,0,0,0,0,2,1,6,6,1,52,8,1332,1,4,NISSAN QASHQAI,4,E01001618,0,-1
2023010434408,2023,010434408,1,9,0,18,19,5,1,0,0,1,0,0,0,0,1,1,6,6,2,44,7,1997,1,11,NISSAN QASHQAI,-1,-1,0,-1
2023010465910,2023,010465910,4,9,0,18,19,5,1,0,0,1,0,0,0,0,4,1,6,6,1,60,9,1197,1,5,NISSAN QASHQAI,5,E01003946,0,-1
2023010465481,2023,010465481,3,9,0,8,8,3,6,0,0,1,0,0,0,0,1,1,6,6,1,48,8,1197,1,6,NISSAN QASHQAI,10,E01002476,0,-1
2023471325463,2023,471325463,1,9,0,2,2,0,0,9,9,1,0,0,0,0,4,1,5,6,1,42,7,1461,2,9,NISSAN QASHQAI,5,E01016957,0,-1
2023440196295,2023,440196295,2,9,0,9,9,2,8,0,0,0,0,0,0,0,2,1,6,6,2,30,6,1461,2,12,NISSAN QASHQAI,5,E01017283,0,-1
2023421337922,2023,421337922,1,9,0,17,19,3,1,0,0,2,0,0,0,0,3,1,1,1,1,34,6,1461,2,7,NISSAN QASHQAI,3,E01022007,0,-1
2023421264275,2023,421264275,2,9,0,4,4,8,1,0,0,0,0,0,0,0,1,1,6,6,2,55,8,1618,1,8,NISSAN QASHQAI,8,E01022093,0,-1
2023430185331,2023,430185331,1,9,0,2,2,0,0,0,0,0,0,0,0,0,4,1,6,6,1,25,5,1598,1,13,NISSAN QASHQAI,3,E01012137,0,-1
2023421410220,2023,421410220,2,9,0,4,4,8,4,0,0,1,0,0,0,0,1,1,5,6,2,42,7,1598,1,12,NISSAN QASHQAI,8,E01021599,0,-1
2023552301536,2023,552301536,2,9,0,4,4,4,8,0,0,0,0,0,0,0,2,1,6,6,1,41,7,1198,1,9,NISSAN QASHQAI,5,E01020353,0,-1
2023111374117,2023,111374117,2,9,0,18,19,5,1,0,0,1,0,0,7,4,1,1,5,6,2,31,6,1598,1,11,NISSAN QASHQAI,1,E01020764,0,-1
2023544670023,2023,544670023,1,9,0,18,19,8,4,0,0,0,0,0,0,0,1,1,6,6,2,39,7,1461,2,11,NISSAN QASHQAI,6,E01031884,0,-1
2023430473601,2023,430473601,2,9,0,4,4,2,6,0,0,8,0,0,0,0,2,1,6,6,1,45,7,1598,1,15,NISSAN QASHQAI,-1,-1,0,-1
2023544710623,2023,544710623,2,9,0,4,4,8,4,0,0,1,0,0,0,0,2,1,6,6,2,50,8,1332,1,4,NISSAN QASHQAI,7,E01031976,0,-1
2023440056603,2023,440056603,1,9,0,18,19,7,3,0,0,6,0,0,0,0,3,1,6,6,1,79,11,1497,8,1,NISSAN QASHQAI,9,E01017146,0,-1
2023548930623,2023,548930623,2,9,0,18,19,6,2,0,0,1,0,0,0,0,4,1,6,6,2,51,8,1461,2,4,NISSAN QASHQAI,8,E01022387,0,-1
2023101366687,2023,101366687,1,9,0,5,5,3,1,0,0,8,0,0,0,0,3,1,5,6,2,33,6,1461,2,7,NISSAN QASHQAI,2,E01008435,0,-1
2023010456901,2023,010456901,1,9,0,18,19,1,5,0,0,1,0,0,0,0,1,1,2,2,1,42,7,1197,1,6,NISSAN QASHQAI,2,E01000902,0,-1
2023061261035,2023,061261035,2,9,0,7,7,1,3,0,0,1,0,0,0,0,1,1,5,6,2,40,7,1598,1,12,NISSAN QASHQAI,1,E01005206,0,-1
2023991355394,2023,991355394,1,9,0,15,15,6,2,0,0,2,0,0,1,10,1,1,2,2,1,32,6,1598,1,14,NISSAN QASHQAI,10,-1,0,-1
2023070284214,2023,070284214,1,9,0,18,19,3,7,0,0,0,0,0,5,6,1,1,6,6,1,79,11,1332,1,4,NISSAN QASHQAI,10,E01018366,0,-1
2023111352648,2023,111352648,3,9,0,2,2,0,0,0,0,0,0,0,0,0,3,1,6,6,3,-1,-1,1598,2,5,NISSAN QASHQAI,-1,-1,0,-1
2023552301312,2023,552301312,2,9,0,9,9,4,2,0,0,6,0,0,0,0,1,1,6,6,2,23,5,1461,2,14,NISSAN QASHQAI,8,E01020477,0,-1
2023061313373,2023,061313373,1,9,0,18,19,3,7,0,0,8,0,0,0,0,2,1,6,6,2,30,6,1461,2,13,NISSAN QASHQAI,1,E01005486,0,-1
2023101278513,2023,101278513,3,9,0,12,12,3,7,0,0,0,0,0,0,0,2,1,5,6,1,51,8,1461,2,5,NISSAN QASHQAI,7,E01008845,0,-1
2023041362579,2023,041362579,2,9,0,9,9,3,1,0,0,5,0,0,0,0,3,1,5,6,2,37,7,1598,1,13,NISSAN QASHQAI,1,E01024872,0,-1
2023522400576,2023,522400576,1,9,0,5,5,6,2,0,0,0,0,0,0,0,2,1,6,6,2,73,10,1598,1,10,NISSAN QASHQAI,1,E01014580,0,-1
2023201383221,2023,201383221,1,9,0,5,5,7,2,0,0,4,0,4,0,0,1,1,6,6,1,72,10,1332,1,2,NISSAN QASHQAI,7,E01010246,0,-1
2023411307861,2023,411307861,2,9,0,5,5,5,1,0,0,0,0,0,0,0,1,1,2,2,2,56,9,1598,2,9,NISSAN QASHQAI,8,E01022089,0,-1
2023991370027,2023,991370027,1,9,0,18,19,2,6,0,0,2,0,7,0,0,1,1,6,6,1,49,8,1461,2,5,NISSAN QASHQAI,1,-1,0,-1
2023010446440,2023,010446440,1,9,0,6,6,1,1,0,0,5,0,0,0,0,1,1,6,6,1,56,9,1461,2,5,NISSAN QASHQAI,3,E01004432,0,-1
2023010459606,2023,010459606,1,9,0,18,19,1,5,9,9,1,0,10,0,0,1,1,6,6,1,34,6,1332,8,1,NISSAN QASHQAI,4,E01021802,0,-1
2023411394703,2023,411394703,2,9,0,18,19,8,4,0,0,0,0,0,0,0,3,1,5,6,2,27,6,1332,8,0,NISSAN QASHQAI,7,E01023623,0,-1
2023440322769,2023,440322769,1,9,0,18,19,5,1,0,0,1,0,0,0,0,1,1,6,6,2,29,6,1461,2,4,NISSAN QASHQAI,4,E01022973,0,-1
2023461357089,2023,461357089,2,9,0,2,2,0,0,0,0,0,0,0,0,0,3,1,6,6,3,-1,-1,1461,2,5,NISSAN QASHQAI,-1,-1,0,-1
2023332300548,2023,332300548,1,9,0,18,19,7,3,0,0,0,0,0,0,0,1,1,1,1,2,-1,-1,1461,2,11,NISSAN QASHQAI,-1,-1,0,-1
2023010443833,2023,010443833,1,9,0,7,7,5,7,0,0,5,0,0,0,0,4,1,2,2,2,62,9,1332,8,1,NISSAN QASHQAI,10,E01030377,0,-1
2023622300977,2023,622300977,1,9,0,18,19,4,8,0,0,3,0,0,0,0,1,1,6,6,1,47,8,1461,2,14,NISSAN QASHQAI,1,W01000833,0,-1
2023122301354,2023,122301354,1,9,0,18,19,1,5,0,0,0,0,0,0,0,3,1,6,6,1,56,9,1598,2,6,NISSAN QASHQAI,1,E01011850,0,-1
2023010462150,2023,010462150,2,9,0,18,19,5,1,0,0,8,0,0,0,0,1,1,2,2,1,26,6,1598,1,12,NISSAN QASHQAI,4,E01002179,0,-1
2023471362742,2023,471362742,1,9,0,9,9,5,3,0,0,6,0,0,0,0,3,1,5,6,2,63,9,1461,2,11,NISSAN QASHQAI,6,E01031468,0,-1
2023351321267,2023,351321267,2,9,0,18,19,2,6,0,0,8,0,0,1,0,1,1,6,6,2,46,8,1461,2,6,NISSAN QASHQAI,7,E01026240,0,-1
2023411269700,2023,411269700,2,9,0,4,4,-1,-1,0,0,0,0,0,0,0,1,1,6,6,1,44,7,1598,1,14,NISSAN QASHQAI,7,E01002154,0,-1
2023311295891,2023,311295891,2,9,0,3,3,5,3,0,0,8,0,0,0,0,2,1,6,6,2,26,6,1332,1,4,NISSAN QASHQAI,6,E01028106,0,-1
2023131385947,2023,131385947,1,9,0,18,19,3,7,0,0,1,0,0,0,0,1,1,5,6,2,31,6,1461,2,5,NISSAN QASHQAI,1,E01011294,0,-1
2023522400560,2023,522400560,2,9,0,4,4,6,2,0,0,0,0,0,0,0,2,1,6,6,1,44,7,1197,1,6,NISSAN QASHQAI,7,E01014974,0,-1
2023010469773,2023,010469773,1,9,0,9,9,7,4,0,0,8,0,0,1,0,3,1,6,6,1,43,7,1197,1,5,NISSAN QASHQAI,6,E01000576,0,-1
2023501362648,2023,501362648,3,9,0,3,3,2,7,0,0,2,0,0,0,0,3,1,5,6,1,63,9,1461,2,11,NISSAN QASHQAI,3,E01015115,0,-1
2023010453137,2023,010453137,1,9,0,7,7,1,3,0,0,5,0,0,0,0,0,1,6,6,1,47,8,1197,1,7,NISSAN QASHQAI,3,E01003405,0,-1
2023061396036,2023,061396036,1,9,-1,-1,-1,-1,-1,-1,-1,-1,-1,-1,-1,0,-1,1,6,6,3,-1,-1,1461,2,13,NISSAN QASHQAI,-1,-1,0,-1
2023010467936,2023,010467936,2,9,9,99,99,9,9,0,0,9,0,99,9,99,9,9,6,6,3,-1,-1,1197,1,8,NISSAN QASHQAI,-1,-1,0,-1
2023991292656,2023,991292656,1,9,0,18,19,6,2,0,0,0,0,0,0,0,1,1,6,6,1,36,7,1598,2,7,NISSAN QASHQAI,9,-1,0,-1
2023411286982,2023,411286982,1,9,0,5,5,8,4,0,0,1,0,0,0,0,3,1,6,6,2,36,7,1332,1,3,NISSAN QASHQAI,5,E01023402,0,-1
2023361392485,2023,361392485,2,9,0,2,2,0,0,5,5,0,1,0,0,0,2,2,6,6,3,-1,-1,1197,1,6,NISSAN QASHQAI,-1,-1,0,-1
2023010436664,2023,010436664,1,9,0,18,19,7,3,0,0,5,5,10,1,11,1,1,6,6,1,26,6,1332,8,1,NISSAN QASHQAI,3,E01002552,0,-1
2023501259228,2023,501259228,1,9,0,18,19,6,2,0,0,1,0,0,0,0,1,1,6,6,2,-1,-1,1461,2,11,NISSAN QASHQAI,-1,-1,0,-1
2023351283823,2023,351283823,1,9,0,18,19,-1,-1,0,0,0,0,0,0,0,1,1,6,6,1,34,6,1332,8,1,NISSAN QASHQAI,6,E01018207,0,-1
2023211314600,2023,211314600,1,9,0,18,19,1,1,0,0,0,0,0,0,0,4,1,5,6,1,78,11,1497,8,0,NISSAN QASHQAI,6,E01014333,0,-1
2023201413889,2023,201413889,2,9,0,2,2,0,0,0,0,0,0,0,0,0,3,1,6,6,3,-1,-1,1461,2,12,NISSAN QASHQAI,-1,-1,0,-1
2023440187912,2023,440187912,1,9,0,18,19,5,1,0,0,1,0,0,0,0,1,1,6,6,2,56,9,1997,1,14,NISSAN QASHQAI,2,E01022819,0,-1
2023440354603,2023,440354603,1,9,0,18,19,2,6,0,0,0,0,0,0,0,1,1,6,6,1,29,6,1461,2,5,NISSAN QASHQAI,10,E01022883,0,-1
2023010461300,2023,010461300,2,9,0,5,5,5,1,0,0,4,0,0,0,0,1,1,6,6,3,33,6,1461,2,14,NISSAN QASHQAI,-1,-1,0,-1
2023010483404,2023,010483404,1,9,0,4,4,7,3,0,0,1,0,0,0,0,2,1,6,6,2,39,7,1198,1,8,NISSAN QASHQAI,6,E01004078,0,-1
2023201288921,2023,201288921,1,9,0,18,19,4,8,0,0,3,0,0,0,0,1,1,6,6,1,29,6,1598,2,6,NISSAN QASHQAI,2,E01009758,0,-1
2023010469766,2023,010469766,2,9,0,5,5,0,7,0,0,1,0,0,0,0,1,1,3,7,2,22,5,1461,2,7,NISSAN QASHQAI,7,E01001610,0,-1
2023161390111,2023,161390111,2,9,0,4,4,8,4,0,0,0,0,0,0,0,2,1,5,6,1,39,7,1461,2,5,NISSAN QASHQAI,1,E01013210,0,-1
2023052303031,2023,052303031,1,8,0,9,9,3,5,0,0,8,0,0,0,0,1,1,1,1,1,61,9,1461,2,5,-1,5,E01006526,0,-1
2023010435235,2023,010435235,1,9,9,99,99,9,9,99,99,9,9,99,9,99,9,9,6,6,2,41,7,1332,1,4,NISSAN QASHQAI,1,E01004286,0,-1