collision_index,collision_year,collision_ref_no,vehicle_reference,vehicle_type,towing_and_articulation,vehicle_manoeuvre_historic,vehicle_manoeuvre,vehicle_direction_from,vehicle_direction_to,vehicle_location_restricted_lane_historic,vehicle_location_restricted_lane,junction_location,skidding_and_overturning,hit_object_in_carriageway,vehicle_leaving_carriageway,hit_object_off_carriageway,first_point_of_impact,vehicle_left_hand_drive,journey_purpose_of_driver_historic,journey_purpose_of_driver,sex_of_driver,age_of_driver,age_band_of_driver,engine_capacity_cc,propulsion_code,age_of_vehicle,generic_make_model,driver_imd_decile,lsoa_of_driver,escooter_flag,driver_distance_banding
2023421388613,2023,421388613,2,9,0,4,4,5,1,0,0,0,0,0,0,0,2,1,6,6,2,63,9,1332,1,5,NISSAN QASHQAI,7,E01018125,0,-1
2023010439276,2023,010439276,2,8,0,99,99,9,9,99,99,0,9,99,9,99,9,9,6,6,3,39,7,1598,1,14,-1,5,E01002660,0,-1
2023552300228,2023,552300228,2,9,0,4,4,7,3,0,0,0,0,0,0,0,2,1,6,6,2,31,6,1461,2,12,NISSAN QASHQAI,7,E01020375,0,-1
2023041338655,2023,041338655,2,9,0,18,19,3,7,0,0,1,0,0,0,0,4,1,1,1,2,53,8,1198,1,9,NISSAN QASHQAI,3,E01025264,0,-1
2023501298645,2023,501298645,1,9,0,18,19,6,2,0,0,0,0,0,0,0,1,1,6,6,2,34,6,1997,1,14,NISSAN QASHQAI,10,E01020167,0,-1
2023211367658,2023,211367658,2,9,-1,-1,-1,-1,-1,-1,-1,-1,-1,-1,-1,0,-1,1,6,6,1,37,7,1461,2,13,NISSAN QASHQAI,2,E01013483,0,-1
2023451381018,2023,451381018,1,9,0,2,2,5,1,0,0,0,0,0,0,0,2,1,5,6,1,73,10,1332,1,4,NISSAN QASHQAI,5,E01002948,0,-1
2023131389440,2023,131389440,3,9,0,2,2,7,3,0,0,0,0,4,0,0,3,1,6,6,3,-1,-1,1461,2,9,NISSAN QASHQAI,-1,-1,0,-1
2023302301028,2023,302301028,1,9,0,9,9,1,7,0,0,5,0,0,0,0,3,1,6,6,1,34,6,1197,1,5,NISSAN QASHQAI,1,E01013591,0,-1
2023010428550,2023,010428550,1,9,0,5,5,1,5,0,0,1,0,0,0,0,1,1,6,6,1,51,8,1598,1,12,NISSAN QASHQAI,6,E01003957,0,-1
2023010448901,2023,010448901,2,9,9,99,99,9,9,99,99,9,9,99,9,99,9,9,6,6,1,-1,-1,1332,8,1,NISSAN QASHQAI,-1,-1,0,-1
2023161379370,2023,161379370,1,9,0,18,19,3,7,0,0,0,0,0,0,0,1,1,6,6,1,45,7,1994,2,15,NISSAN QASHQAI,1,E01013296,0,-1
2023201339737,2023,201339737,1,9,0,1,1,7,3,9,9,6,0,0,0,0,2,1,6,6,2,-1,-1,1332,8,1,NISSAN QASHQAI,-1,-1,0,-1
2023430440478,2023,430440478,1,9,0,18,19,3,7,0,0,1,0,0,0,0,1,1,6,6,1,28,6,1332,1,2,NISSAN QASHQAI,3,E01016455,0,-1
2023421357852,2023,421357852,2,9,0,2,2,0,0,0,0,0,0,0,0,0,3,1,5,6,2,37,7,1197,1,5,NISSAN QASHQAI,1,E01021323,0,-1
2023041315673,2023,041315673,1,9,0,4,4,1,7,0,0,0,0,0,1,0,2,1,5,6,2,20,4,1598,2,11,NISSAN QASHQAI,1,E01024878,0,-1
2023421307283,2023,421307283,2,9,0,2,2,0,0,0,0,0,0,0,0,0,4,1,6,6,3,-1,-1,1332,1,4,NISSAN QASHQAI,-1,-1,0,-1
2023070766158,2023,070766158,2,9,0,4,4,7,3,0,0,2,0,0,0,0,3,1,6,6,2,49,8,1197,1,6,NISSAN QASHQAI,9,E01018697,0,-1
2023010485661,2023,010485661,3,9,0,2,2,0,0,0,0,0,0,0,0,0,2,1,6,6,3,-1,-1,1332,8,0,NISSAN QASHQAI,-1,-1,0,-1
2023411347454,2023,411347454,1,9,0,5,5,7,3,0,0,4,0,0,0,0,4,1,6,6,2,49,8,1598,1,11,NISSAN QASHQAI,3,E01023294,0,-1
2023401338272,2023,401338272,1,9,0,5,5,1,5,0,0,1,0,0,0,0,4,1,5,6,2,50,8,1332,8,2,NISSAN QASHQAI,3,E01017518,0,-1
2023421320908,2023,421320908,1,9,0,9,9,1,6,0,0,8,0,0,0,0,1,1,2,2,2,41,7,1598,1,15,NISSAN QASHQAI,8,E01021931,0,-1
2023221345091,2023,221345091,1,9,0,12,12,6,4,0,0,3,0,0,0,0,3,1,6,6,1,78,11,1332,8,0,NISSAN QASHQAI,4,W01001665,0,-1
2023041347789,2023,041347789,1,9,0,18,19,1,5,0,0,1,0,0,0,0,1,1,2,2,1,46,8,1461,2,9,NISSAN QASHQAI,2,E01025185,0,-1
2023010449130,2023,010449130,1,9,0,18,19,1,5,0,0,8,1,4,0,0,4,1,6,6,2,55,8,1332,1,2,NISSAN QASHQAI,-1,-1,0,-1
2023440367302,2023,440367302,1,9,0,18,19,1,5,0,0,0,0,0,0,0,1,1,6,6,1,44,7,1197,1,8,NISSAN QASHQAI,7,E01002154,0,-1
2023552300412,2023,552300412,1,9,0,1,1,3,7,0,0,6,0,0,0,0,4,1,6,6,2,64,9,1461,2,6,NISSAN QASHQAI,4,E01020571,0,-1
2023161354300,2023,161354300,2,9,0,9,9,7,5,0,0,8,0,-1,0,0,1,1,3,7,2,-1,-1,1598,1,13,NISSAN QASHQAI,6,E01012793,0,-1
2023361310233,2023,361310233,1,9,0,18,19,5,1,0,0,1,0,0,0,0,1,1,5,6,1,60,9,1461,2,12,NISSAN QASHQAI,5,E01026255,0,-1
2023010452452,2023,010452452,1,9,0,9,9,5,3,0,0,1,0,0,0,0,4,1,6,6,2,66,10,1332,8,1,NISSAN QASHQAI,3,E01001263,0,-1
2023471367090,2023,471367090,2,9,0,5,5,7,1,0,0,4,0,0,0,0,2,1,5,6,2,36,7,1461,2,8,NISSAN QASHQAI,8,E01021209,0,-1
2023010431965,2023,010431965,2,9,0,5,5,3,7,0,0,1,0,0,0,0,1,2,6,6,1,65,9,1598,1,14,NISSAN QASHQAI,-1,-1,0,-1
2023430531001,2023,430531001,3,9,0,18,19,8,4,0,0,0,0,0,0,0,2,1,6,6,1,31,6,1598,1,10,NISSAN QASHQAI,8,E01017838,0,-1
2023010483420,2023,010483420,2,9,0,99,99,9,9,99,99,9,9,99,9,99,1,9,6,6,3,28,6,1598,1,13,NISSAN QASHQAI,2,E01001161,0,-1
2023361333670,2023,361333670,4,9,0,4,4,7,3,0,0,0,0,0,0,0,2,1,5,6,2,45,7,1461,2,5,NISSAN QASHQAI,9,E01027125,0,-1
2023161381022,2023,161381022,2,9,0,18,19,8,4,0,0,1,0,0,0,0,2,1,5,6,2,59,9,1332,1,3,NISSAN QASHQAI,10,E01013091,0,-1
2023302301988,2023,302301988,2,9,0,1,1,1,5,0,0,1,0,0,0,0,2,1,6,6,1,30,6,1461,2,12,NISSAN QASHQAI,1,E01013885,0,-1
2023010447167,2023,010447167,1,9,0,7,7,7,1,0,0,5,0,0,0,0,4,1,6,6,1,30,6,1332,8,1,NISSAN QASHQAI,3,E01003617,0,-1
202360A112647,2023,60A112647,1,9,0,5,5,2,7,0,0,6,0,0,0,0,1,1,6,6,1,62,9,1197,1,6,NISSAN QASHQAI,-1,-1,0,-1
2023411308035,2023,411308035,2,9,0,18,19,2,6,0,0,0,0,0,0,0,2,1,5,6,2,28,6,1197,1,6,NISSAN QASHQAI,5,E01030913,0,-1
2023471290156,2023,471290156,2,9,0,2,2,0,0,0,0,0,0,0,0,0,2,1,6,6,3,-1,-1,1197,1,6,NISSAN QASHQAI,-1,-1,0,-1
2023201411319,2023,201411319,2,9,0,5,5,4,8,0,0,8,5,0,0,0,1,1,6,6,1,51,8,1461,2,8,NISSAN QASHQAI,1,E01010455,0,-1
2023430138592,2023,430138592,1,9,0,18,19,5,1,0,0,8,0,0,0,0,4,1,6,6,2,54,8,1332,9,1,NISSAN QASHQAI,10,E01016228,0,-1
2023401279739,2023,401279739,2,9,0,4,4,2,6,0,0,0,0,0,0,0,2,1,6,6,1,25,5,1598,1,14,NISSAN QASHQAI,5,E01015762,0,-1
2023131306960,2023,131306960,1,9,0,18,19,6,6,0,0,0,0,4,0,0,1,1,2,2,1,58,9,1332,1,3,NISSAN QASHQAI,1,E01011725,0,-1
2023061366030,2023,061366030,1,9,0,13,13,3,7,0,0,0,2,0,1,0,4,1,2,2,1,53,8,1332,1,4,NISSAN QASHQAI,5,E01005677,0,-1
2023622300406,2023,622300406,2,9,0,18,19,4,8,0,0,1,0,0,0,0,1,1,2,2,2,40,7,1461,2,11,NISSAN QASHQAI,5,W01001096,0,-1
2023411367677,2023,411367677,3,9,0,18,19,1,5,0,0,0,0,0,0,0,2,1,6,6,1,35,6,1198,1,8,NISSAN QASHQAI,3,E01013930,0,-1
2023311285617,2023,311285617,2,9,0,2,2,0,0,0,0,0,0,0,0,0,2,1,6,6,3,-1,-1,1461,2,8,NISSAN QASHQAI,-1,-1,0,-1
2023451305953,2023,451305953,2,9,0,18,19,1,5,0,0,0,5,0,6,4,2,1,2,2,2,42,7,1997,1,10,NISSAN QASHQAI,3,E01030547,0,-1
2023010484285,2023,010484285,1,9,0,18,19,5,1,0,0,0,0,4,0,0,2,1,6,6,1,48,8,1598,1,14,NISSAN QASHQAI,2,E01021864,0,-1
2023461353904,2023,461353904,2,9,0,4,4,5,1,0,0,3,0,0,0,0,2,1,6,6,2,27,6,1598,1,10,NISSAN QASHQAI,5,E01000738,0,-1
2023471366217,2023,471366217,1,9,0,9,9,6,3,0,0,8,0,0,0,0,4,1,5,6,1,39,7,1598,1,10,NISSAN QASHQAI,9,E01031711,0,-1
2023320042285,2023,320042285,2,9,0,5,5,2,6,0,0,0,0,0,0,0,3,1,6,6,2,22,5,1461,2,9,NISSAN QASHQAI,7,E01026202,0,-1
2023122300873,2023,122300873,1,9,0,3,3,5,1,0,0,1,0,0,0,0,0,1,6,6,1,43,7,1332,1,3,NISSAN QASHQAI,8,E01011556,0,-1
2023111317466,2023,111317466,2,9,0,18,19,1,5,0,0,0,0,0,1,0,1,1,5,6,2,31,6,1461,2,8,NISSAN QASHQAI,7,E01020906,0,-1
2023010447074,2023,010447074,1,9,0,99,99,9,9,99,99,9,9,99,9,99,2,9,6,6,1,43,7,1332,8,1,NISSAN QASHQAI,10,E01030585,0,-1
2023010472168,2023,010472168,1,9,0,18,19,5,1,0,0,8,0,4,0,0,1,1,6,6,2,51,8,1332,1,5,NISSAN QASHQAI,3,E01001076,0,-1
2023501345949,2023,501345949,2,9,0,2,2,0,0,0,0,0,0,0,0,0,4,1,5,6,1,56,9,1332,8,1,NISSAN QASHQAI,5,E01018976,0,-1
2023161274182,2023,161274182,3,9,0,18,19,2,6,0,0,1,1,0,0,0,1,1,6,6,1,59,9,1461,2,9,NISSAN QASHQAI,5,E01013009,0,-1
2023061318275,2023,061318275,3,9,0,3,3,7,3,0,0,0,0,0,0,0,2,1,2,2,1,61,9,1461,2,13,NISSAN QASHQAI,7,E01005701,0,-1
2023041352152,2023,041352152,2,9,0,18,19,1,5,0,0,1,0,0,0,0,1,1,5,6,2,60,9,1332,1,2,NISSAN QASHQAI,6,E01004962,0,-1
2023421275342,2023,421275342,2,9,0,18,19,7,3,0,0,8,0,0,0,0,1,1,5,6,1,67,10,1598,2,9,NISSAN QASHQAI,9,E01021462,0,-1
2023430490126,2023,430490126,1,9,0,18,19,1,5,0,0,0,0,0,0,0,1,1,6,6,1,39,7,1497,8,0,NISSAN QASHQAI,-1,-1,0,-1
2023010484157,2023,010484157,2,9,0,18,19,1,5,0,0,8,0,0,0,0,1,1,6,6,2,48,8,1197,1,8,NISSAN QASHQAI,-1,-1,0,-1
2023111266609,2023,111266609,1,9,0,18,19,8,4,0,0,0,0,0,0,0,1,1,5,6,1,49,8,1332,1,2,NISSAN QASHQAI,5,E01020890,0,-1
2023421326682,2023,421326682,1,9,0,18,19,6,2,0,0,8,0,0,0,0,1,1,6,6,2,55,8,1197,1,6,NISSAN QASHQAI,7,E01003643,0,-1
2023401280873,2023,401280873,2,9,0,18,19,1,5,0,0,0,0,0,0,0,2,1,6,6,1,49,8,1598,1,12,NISSAN QASHQAI,-1,-1,0,-1
2023440466150,2023,440466150,1,9,0,17,19,1,7,0,0,8,1,0,1,0,1,1,6,6,2,54,8,1332,1,3,NISSAN QASHQAI,3,E01017251,0,-1
2023501363213,2023,501363213,1,9,0,4,4,7,3,0,0,8,0,0,0,0,2,1,5,6,1,64,9,1198,1,9,NISSAN QASHQAI,10,E01028622,0,-1
2023552300069,2023,552300069,1,9,0,9,9,2,8,0,0,5,0,0,0,0,1,1,6,6,1,75,10,1332,8,2,NISSAN QASHQAI,7,E01020390,0,-1
2023041350917,2023,041350917,3,9,0,2,2,0,0,9,9,0,0,0,0,0,4,1,6,6,3,-1,-1,1461,2,9,NISSAN QASHQAI,-1,-1,0,-1
2023010451855,2023,010451855,1,9,0,18,19,5,1,0,0,0,0,0,0,0,3,1,6,6,2,61,9,1332,8,1,NISSAN QASHQAI,2,E01000627,0,-1
2023531374046,2023,531374046,1,9,0,18,19,7,3,0,0,4,0,0,0,0,1,1,6,6,2,63,9,1461,2,8,NISSAN QASHQAI,6,E01022391,0,-1
2023201387927,2023,201387927,1,9,0,5,5,7,3,0,0,6,0,0,0,0,1,1,2,2,1,51,8,1197,1,8,NISSAN QASHQAI,3,E01008989,0,-1
2023411278627,2023,411278627,1,9,0,9,9,7,5,0,0,6,0,0,0,0,4,1,1,1,2,51,8,1598,1,10,NISSAN QASHQAI,9,E01023428,0,-1
2023501276753,2023,501276753,2,9,0,18,19,2,5,0,0,2,0,0,0,0,4,1,6,6,2,26,6,1461,2,7,NISSAN QASHQAI,6,E01020304,0,-1
2023401380362,2023,401380362,1,9,0,18,19,1,5,0,0,0,0,4,0,0,1,1,5,6,1,30,6,1994,2,14,NISSAN QASHQAI,3,E01017453,0,-1
2023131311800,2023,131311800,1,9,0,18,19,3,7,0,0,8,0,0,0,0,4,1,6,6,1,55,8,1461,2,14,NISSAN QASHQAI,1,E01032497,0,-1
2023411286660,2023,411286660,1,9,0,4,4,-1,-1,0,0,1,1,11,1,2,1,1,5,6,2,28,6,1598,1,15,NISSAN QASHQAI,6,E01033308,0,-1
2023010475860,2023,010475860,1,9,0,18,19,1,5,0,0,8,0,0,0,0,1,1,2,2,2,49,8,1598,1,15,NISSAN QASHQAI,3,E01001479,0,-1
2023010449221,2023,010449221,2,9,0,99,99,9,9,99,99,9,9,99,9,99,9,9,6,6,3,-1,-1,1197,1,7,NISSAN QASHQAI,-1,-1,0,-1
2023010422778,2023,010422778,1,9,0,7,7,7,2,0,0,5,0,0,0,0,1,2,6,6,2,67,10,1332,1,2,NISSAN QASHQAI,5,E01004056,0,-1
2023361409922,2023,361409922,3,9,0,3,3,7,4,0,0,0,0,0,0,0,2,1,6,6,1,33,6,1598,1,12,NISSAN QASHQAI,7,E01026917,0,-1
2023010457626,2023,010457626,1,9,0,99,99,9,9,99,99,9,9,99,9,99,9,9,2,2,2,51,8,1997,1,14,NISSAN QASHQAI,1,E01003087,0,-1
2023041326371,2023,041326371,3,9,0,2,2,1,5,6,6,0,0,0,0,0,1,1,5,6,2,35,6,1461,2,6,NISSAN QASHQAI,10,E01025403,0,-1
2023461383566,2023,461383566,2,9,0,2,2,0,0,0,0,0,0,4,0,0,2,1,6,6,3,-1,-1,1461,2,8,NISSAN QASHQAI,-1,-1,0,-1
2023991289640,2023,991289640,1,9,0,9,9,2,7,0,0,5,0,0,0,0,1,1,5,6,1,49,8,1197,1,6,NISSAN QASHQAI,10,-1,0,-1
2023430094205,2023,430094205,2,9,0,14,14,8,4,0,0,8,0,0,0,0,4,1,6,6,1,-1,-1,1332,1,3,NISSAN QASHQAI,-1,-1,0,-1
2023010422899,2023,010422899,2,9,0,10,10,3,2,0,0,1,0,0,0,0,1,1,6,6,1,42,7,1332,1,2,NISSAN QASHQAI,10,E01000793,0,-1
2023061392527,2023,061392527,2,9,0,2,2,0,0,9,9,0,0,0,0,0,4,1,6,6,2,31,6,1461,2,8,NISSAN QASHQAI,2,E01004795,0,-1
2023010432659,2023,010432659,1,9,9,99,99,9,9,99,99,9,9,99,9,99,9,1,6,6,3,-1,-1,1598,1,14,NISSAN QASHQAI,-1,-1,0,-1
2023471339078,2023,471339078,2,9,0,9,9,7,5,0,0,5,0,0,0,0,4,1,5,6,1,38,7,1598,1,12,NISSAN QASHQAI,7,E01016960,0,-1
2023052302468,2023,052302468,2,9,0,18,19,1,5,0,0,8,0,0,1,2,4,1,6,6,1,65,9,1461,2,9,NISSAN QASHQAI,4,E01006454,0,-1
2023461262658,2023,461262658,2,9,0,18,19,3,7,0,0,0,0,0,0,0,1,1,5,6,2,43,7,1461,2,8,NISSAN QASHQAI,4,E01000731,0,-1
2023991318746,2023,991318746,1,9,0,13,13,1,5,0,0,1,0,0,0,0,1,1,5,6,1,47,8,1332,8,1,NISSAN QASHQAI,3,-1,0,-1
2023631360564,2023,631360564,1,9,0,15,15,1,5,0,0,0,0,0,0,0,3,1,6,6,2,27,6,1332,1,4,NISSAN QASHQAI,10,W01001543,0,-1
2023201365619,2023,201365619,1,9,0,7,7,2,4,0,0,6,0,0,0,0,3,1,5,6,1,49,8,1332,8,1,NISSAN QASHQAI,1,E01033642,0,-1
2023531387154,2023,531387154,2,9,-1,4,4,4,8,0,0,1,0,0,0,0,2,1,6,6,1,78,11,1332,8,1,NISSAN QASHQAI,8,E01014040,0,-1
2023440067337,2023,440067337,1,9,0,9,9,6,4,0,0,8,0,0,0,0,4,1,6,6,1,47,8,1598,2,10,NISSAN QASHQAI,10,E01032850,0,-1
2023041324550,2023,041324550,2,9,0,18,19,1,5,0,0,1,0,0,0,0,1,1,5,6,2,38,7,1332,1,4,NISSAN QASHQAI,3,E01012726,0,-1
2023010431612,2023,010431612,2,9,0,99,99,9,9,99,99,9,9,99,9,99,1,9,6,6,3,-1,-1,1197,1,5,NISSAN QASHQAI,5,E01002292,0,-1
2023101302987,2023,101302987,3,9,0,2,2,1,2,9,9,0,0,0,0,0,1,1,6,6,2,48,8,1461,2,7,NISSAN QASHQAI,-1,-1,0,-1
2023351375612,2023,351375612,4,9,0,18,19,7,3,0,0,0,0,0,0,0,1,1,2,2,1,43,7,1197,1,8,NISSAN QASHQAI,-1,-1,0,-1
2023010434228,2023,010434228,1,9,0,99,99,9,9,99,99,9,9,99,9,99,2,9,6,6,2,54,8,1997,1,10,NISSAN QASHQAI,5,E01000468,0,-1
2023201290954,2023,201290954,1,9,0,18,19,8,4,2,2,0,1,10,0,0,1,1,6,6,1,74,10,1598,1,13,NISSAN QASHQAI,9,E01010206,0,-1
2023010472436,2023,010472436,2,9,0,99,99,9,9,99,99,9,9,99,9,99,9,9,6,6,3,-1,-1,1197,1,7,NISSAN QASHQAI,-1,-1,0,-1
2023320199304,2023,320199304,2,9,0,2,2,0,0,0,0,0,0,0,0,10,2,1,6,6,2,31,6,1598,1,11,NISSAN QASHQAI,9,E01026396,0,-1
2023451367466,2023,451367466,3,9,0,18,19,6,2,0,0,0,0,0,0,0,1,1,2,2,1,64,9,1332,8,1,NISSAN QASHQAI,5,E01003140,0,-1
2023010479425,2023,010479425,3,9,0,2,2,0,0,0,0,0,0,0,1,11,1,1,6,6,3,-1,-1,1198,1,8,NISSAN QASHQAI,-1,-1,0,-1
2023302300082,2023,302300082,1,9,0,9,9,4,2,0,0,7,0,0,0,0,3,1,6,6,2,29,6,1198,1,9,NISSAN QASHQAI,4,E01013534,0,-1
2023430453620,2023,430453620,1,9,0,18,19,6,2,0,0,0,0,0,0,0,1,1,1,1,1,58,9,1461,2,5,NISSAN QASHQAI,-1,-1,0,-1
2023461358332,2023,461358332,2,9,0,4,4,2,1,0,0,0,0,0,0,0,2,1,6,6,2,48,8,1332,8,0,NISSAN QASHQAI,8,E01016099,0,-1
2023461382658,2023,461382658,1,9,0,18,19,7,3,0,0,1,0,4,1,0,1,1,6,6,1,23,5,1598,1,11,NISSAN QASHQAI,3,E01004037,0,-1
2023010448270,2023,010448270,4,9,0,2,2,0,0,0,0,0,0,4,0,0,3,1,6,6,3,-1,-1,1197,1,5,NISSAN QASHQAI,-1,-1,0,-1
2023041300776,2023,041300776,3,9,0,3,3,3,1,0,0,8,0,0,0,0,2,1,5,6,2,28,6,1461,2,8,NISSAN QASHQAI,6,E01025026,0,-1
2023430024109,2023,430024109,1,9,0,18,19,2,6,0,0,1,0,0,0,0,1,1,6,6,2,49,8,1461,2,6,NISSAN QASHQAI,8,E01016567,0,-1
2023501302058,2023,501302058,3,9,0,3,3,2,6,0,0,0,0,0,0,0,2,1,6,6,1,54,8,1598,1,12,NISSAN QASHQAI,6,E01020493,0,-1
2023010474827,2023,010474827,2,9,0,99,99,9,9,99,99,9,9,99,9,99,1,9,6,6,3,-1,-1,1598,1,11,NISSAN QASHQAI,-1,-1,0,-1
2023401386529,2023,401386529,2,9,0,3,3,6,2,0,0,0,0,0,0,0,2,1,5,6,1,41,7,1461,2,6,NISSAN QASHQAI,9,E01015697,0,-1
2023010436637,2023,010436637,1,9,0,4,4,3,7,0,0,0,0,0,0,0,2,1,2,2,1,38,7,1198,1,9,NISSAN QASHQAI,4,E01024162,0,-1
2023552300468,2023,552300468,1,9,0,4,4,3,7,0,0,0,1,0,1,0,3,1,2,2,2,49,8,1332,8,1,NISSAN QASHQAI,10,E01020525,0,-1
2023010444168,2023,010444168,2,9,9,99,99,9,9,99,99,9,9,99,9,99,9,9,6,6,1,22,5,1598,1,15,NISSAN QASHQAI,-1,-1,0,-1
2023010456068,2023,010456068,2,9,0,99,99,9,9,99,99,9,9,99,9,99,1,9,6,6,3,-1,-1,1198,1,9,NISSAN QASHQAI,-1,-1,0,-1
2023131343965,2023,131343965,1,9,0,-1,-1,-1,-1,-1,-1,-1,-1,-1,-1,-1,1,1,6,6,3,-1,-1,1598,1,13,NISSAN QASHQAI,-1,-1,0,-1
2023221306084,2023,221306084,1,9,0,9,9,4,2,9,9,6,0,0,0,0,1,1,2,2,1,38,7,1598,2,8,NISSAN QASHQAI,8,E01032441,0,-1
2023471275168,2023,471275168,1,9,0,18,19,7,2,0,0,4,0,0,0,0,3,1,6,6,1,70,10,1461,2,6,NISSAN QASHQAI,10,E01031644,0,-1
2023010477593,2023,010477593,1,9,0,18,19,7,3,0,0,0,0,0,0,0,1,1,6,6,1,52,8,1332,1,4,NISSAN QASHQAI,-1,-1,0,-1
2023010481966,2023,010481966,2,9,0,99,99,9,9,99,99,9,9,99,9,99,1,9,6,6,3,-1,-1,1332,8,1,NISSAN QASHQAI,-1,-1,0,-1
2023430290778,2023,430290778,1,9,0,9,9,4,2,0,0,8,0,0,0,0,4,1,6,6,2,63,9,1332,8,1,NISSAN QASHQAI,6,E01032959,0,-1
2023501383636,2023,501383636,2,9,0,9,9,5,3,0,0,5,0,0,0,0,3,1,1,1,2,36,7,1461,2,13,NISSAN QASHQAI,7,E01019892,0,-1
2023131365041,2023,131365041,2,9,0,18,19,5,1,0,0,8,0,0,0,0,2,1,3,7,2,44,7,1332,1,4,NISSAN QASHQAI,10,E01011280,0,-1
2023231286699,2023,231286699,1,9,0,18,19,7,3,0,0,0,0,0,0,0,1,1,3,7,1,29,6,1461,2,8,NISSAN QASHQAI,3,E01031077,0,-1
2023010473973,2023,010473973,2,9,0,99,99,9,9,99,99,9,9,99,9,99,9,9,6,6,1,55,8,1997,1,14,NISSAN QASHQAI,4,E01001153,0,-1
2023221381399,2023,221381399,2,9,0,18,19,6,2,0,0,8,1,0,0,0,1,1,6,6,1,58,9,1332,8,0,NISSAN QASHQAI,6,E01032166,0,-1
2023231355095,2023,231355095,1,9,0,4,4,8,4,0,0,0,0,0,0,0,2,1,6,6,1,44,7,1197,1,6,NISSAN QASHQAI,2,E01010266,0,-1
2023010432294,2023,010432294,1,9,0,99,99,9,9,99,99,0,9,99,9,99,1,9,6,6,3,37,7,1598,1,13,NISSAN QASHQAI,3,E01004229,0,-1
2023010471240,2023,010471240,2,9,0,5,5,1,5,0,0,0,0,0,0,0,4,1,6,6,2,40,7,1997,1,15,NISSAN QASHQAI,10,E01018040,0,-1
2023010452093,2023,010452093,2,9,0,99,99,9,9,99,99,9,9,99,9,99,2,9,6,6,3,-1,-1,1332,1,4,NISSAN QASHQAI,-1,-1,0,-1
2023501348163,2023,501348163,3,9,0,18,19,7,3,0,0,0,1,0,0,0,1,1,6,6,1,39,7,1598,2,7,NISSAN QASHQAI,4,E01020217,0,-1
2023411394215,2023,411394215,1,9,0,3,3,1,5,0,0,1,0,0,0,0,2,1,5,6,2,47,8,1461,2,7,NISSAN QASHQAI,6,E01023570,0,-1
2023071048366,2023,071048366,3,9,0,4,4,3,7,0,0,0,0,0,0,0,2,1,6,6,2,29,6,1461,2,11,NISSAN QASHQAI,3,W01000226,0,-1
2023052300961,2023,052300961,2,9,0,18,19,7,3,0,0,8,0,0,0,0,4,1,1,1,2,55,8,1197,1,5,NISSAN QASHQAI,10,E01012489,0,-1
2023400411580,2023,400411580,2,9,0,18,19,3,7,0,0,0,0,0,1,4,3,1,6,6,1,40,7,1197,1,5,NISSAN QASHQAI,6,E01016745,0,-1
2023320549670,2023,320549670,1,9,0,9,9,6,4,0,0,0,0,0,0,0,0,1,6,6,1,39,7,1995,2,12,NISSAN QASHQAI,1,E01005074,0,-1
2023010473145,2023,010473145,2,9,0,99,99,9,9,99,99,9,9,99,9,99,9,9,6,6,3,-1,-1,1197,1,7,NISSAN QASHQAI,3,E01001368,0,-1
2023201382841,2023,201382841,2,9,0,18,19,6,2,0,0,0,0,0,0,0,2,1,6,6,2,40,7,1461,2,7,NISSAN QASHQAI,1,E01009272,0,-1
2023201276908,2023,201276908,1,9,0,9,9,3,1,0,0,5,0,0,0,0,1,1,2,2,1,-1,-1,1461,2,7,NISSAN QASHQAI,1,E01014596,0,-1
2023552300948,2023,552300948,1,9,0,18,19,8,4,0,0,0,0,0,0,0,1,1,6,6,1,44,7,1598,1,11,NISSAN QASHQAI,10,E01020523,0,-1
2023061368341,2023,061368341,2,9,0,9,9,5,1,0,0,1,0,0,0,0,1,1,5,6,1,48,8,1461,2,12,NISSAN QASHQAI,2,E01004922,0,-1
2023991354421,2023,991354421,2,9,0,3,3,5,8,0,0,2,0,0,0,0,2,1,1,1,1,59,9,1332,8,2,NISSAN QASHQAI,3,-1,0,-1
2023430052964,2023,430052964,1,9,0,9,9,1,7,0,0,5,0,0,0,0,4,1,6,6,1,37,7,1197,1,5,NISSAN QASHQAI,7,E01016470,0,-1
2023501367176,2023,501367176,1,9,0,4,4,7,8,0,0,1,0,0,0,0,1,1,5,6,2,43,7,1461,2,5,NISSAN QASHQAI,7,E01019977,0,-1
2023991364004,2023,991364004,1,9,0,18,19,4,8,0,0,0,0,0,0,0,1,1,6,6,1,67,10,1461,2,13,NISSAN QASHQAI,-1,-1,0,-1
2023411404199,2023,411404199,1,9,0,18,19,7,3,0,0,1,0,0,0,0,1,1,6,6,1,64,9,1497,8,0,NISSAN QASHQAI,4,E01023906,0,-1
2023430234868,2023,430234868,1,9,0,18,19,5,1,0,0,4,0,0,0,0,1,1,6,6,2,-1,-1,1332,8,1,NISSAN QASHQAI,-1,-1,0,-1
2023622400006,2023,622400006,2,9,0,4,4,2,6,0,0,0,0,0,0,0,2,1,6,6,1,57,9,1461,2,6,NISSAN QASHQAI,1,W01000884,0,-1
2023421312100,2023,421312100,1,9,0,4,4,1,5,0,0,0,0,0,0,0,1,1,6,6,1,31,6,1461,2,6,NISSAN QASHQAI,6,E01021398,0,-1