collision_index,collision_year,collision_ref_no,vehicle_reference,vehicle_type,towing_and_articulation,vehicle_manoeuvre_historic,vehicle_manoeuvre,vehicle_direction_from,vehicle_direction_to,vehicle_location_restricted_lane_historic,vehicle_location_restricted_lane,junction_location,skidding_and_overturning,hit_object_in_carriageway,vehicle_leaving_carriageway,hit_object_off_carriageway,first_point_of_impact,vehicle_left_hand_drive,journey_purpose_of_driver_historic,journey_purpose_of_driver,sex_of_driver,age_of_driver,age_band_of_driver,engine_capacity_cc,propulsion_code,age_of_vehicle,generic_make_model,driver_imd_decile,lsoa_of_driver,escooter_flag,driver_distance_banding
2023201422947,2023,201422947,1,9,0,18,19,8,4,0,0,0,0,0,0,0,1,1,3,7,2,51,8,1598,1,14,NISSAN QASHQAI,2,E01009877,0,-1
2023430465771,2023,430465771,1,9,0,18,19,3,7,0,0,0,0,0,0,0,3,1,1,1,2,50,8,1198,1,8,NISSAN QASHQAI,9,E01017840,0,-1
2023531369162,2023,531369162,1,9,0,7,7,7,3,0,0,5,0,0,0,0,3,1,6,6,2,42,7,1461,2,11,NISSAN QASHQAI,10,E01032940,0,-1
2023320549670,2023,320549670,6,9,0,4,4,6,2,0,0,0,0,0,0,0,2,1,6,6,1,71,10,1461,2,13,NISSAN QASHQAI,-1,-1,0,-1
2023101371910,2023,101371910,2,9,0,18,19,7,3,0,0,0,0,0,0,0,1,1,5,6,1,39,7,1497,8,0,NISSAN QASHQAI,3,E01008567,0,-1
2023010455075,2023,010455075,1,9,0,99,99,9,9,99,99,9,9,99,9,99,2,9,6,6,2,37,7,1197,1,8,NISSAN QASHQAI,2,E01001439,0,-1
2023401328192,2023,401328192,2,9,0,-1,-1,-1,-1,0,0,0,-1,0,0,0,4,1,2,2,1,40,7,1461,2,7,NISSAN QASHQAI,4,E01017600,0,-1
2023061275890,2023,061275890,2,9,-1,18,19,5,1,0,0,0,0,0,0,0,3,1,6,6,1,37,7,1332,8,0,NISSAN QASHQAI,8,E01024916,0,-1
2023461282717,2023,461282717,2,9,0,3,3,5,1,0,0,1,0,0,0,0,1,1,6,6,1,36,7,1332,1,2,NISSAN QASHQAI,7,E01024522,0,-1
2023010432608,2023,010432608,1,9,0,99,99,9,9,99,99,9,9,99,9,99,9,9,6,6,2,37,7,1997,1,11,NISSAN QASHQAI,8,E01002382,0,-1
2023631322679,2023,631322679,1,9,0,5,5,3,7,0,0,4,0,0,0,0,3,1,3,7,2,33,6,1197,1,7,NISSAN QASHQAI,8,W01000552,0,-1
2023061355075,2023,061355075,2,9,0,17,19,6,3,0,0,1,0,0,0,0,1,1,2,2,2,37,7,1332,1,3,NISSAN QASHQAI,9,E01005577,0,-1
2023111351958,2023,111351958,2,9,0,18,19,8,4,0,0,1,0,0,0,0,3,1,6,6,1,53,8,1332,8,1,NISSAN QASHQAI,2,E01020878,0,-1
2023421383086,2023,421383086,3,9,0,5,5,1,5,0,0,4,0,0,0,0,3,1,6,6,2,57,9,1997,1,12,NISSAN QASHQAI,5,E01021942,0,-1
2023531316891,2023,531316891,1,9,0,18,19,1,5,0,0,0,0,0,0,0,3,1,2,2,2,62,9,1598,2,8,NISSAN QASHQAI,7,E01015010,0,-1
2023371268766,2023,371268766,1,9,0,4,4,5,1,9,9,0,0,0,1,0,1,1,6,6,1,60,9,1461,2,6,NISSAN QASHQAI,1,E01029982,0,-1
2023221382202,2023,221382202,2,9,0,18,19,4,8,0,0,8,0,0,0,0,1,1,6,6,1,30,6,1461,2,6,NISSAN QASHQAI,-1,-1,0,-1
2023201437116,2023,201437116,1,9,0,5,5,3,1,0,0,6,0,0,0,0,1,1,2,2,1,38,7,1497,8,0,NISSAN QASHQAI,4,E01010015,0,-1
2023540940523,2023,540940523,1,9,0,4,4,5,1,0,0,0,1,0,0,0,1,1,2,2,1,42,7,1598,1,16,NISSAN QASHQAI,9,E01032049,0,-1
2023461265034,2023,461265034,2,9,0,2,2,0,0,0,0,0,0,0,0,0,2,1,6,6,1,-1,-1,1461,2,7,NISSAN QASHQAI,-1,-1,0,-1
2023041350578,2023,041350578,1,9,0,18,19,8,4,0,0,0,0,10,0,0,1,1,5,6,1,70,10,1461,2,4,NISSAN QASHQAI,9,E01024972,0,-1
2023010433103,2023,010433103,1,9,0,16,19,7,3,0,0,6,0,0,0,0,1,1,6,6,3,-1,-1,1997,1,13,NISSAN QASHQAI,-1,-1,0,-1
2023471282187,2023,471282187,1,9,0,9,9,5,1,0,0,8,0,0,0,0,1,1,2,2,1,30,6,1598,1,14,NISSAN QASHQAI,7,E01031421,0,-1
2023041320293,2023,041320293,2,9,0,4,4,1,5,0,0,1,0,0,0,0,2,1,5,6,2,32,6,1332,8,1,NISSAN QASHQAI,1,E01012720,0,-1
2023010471102,2023,010471102,2,9,9,99,99,9,9,99,99,9,9,99,9,99,9,9,6,6,3,-1,-1,1598,1,10,NISSAN QASHQAI,-1,-1,0,-1
2023501299363,2023,501299363,2,9,0,7,7,2,6,0,0,1,0,0,0,0,1,1,6,6,2,43,7,1461,2,12,NISSAN QASHQAI,4,E01020217,0,-1
2023111273888,2023,111273888,1,9,0,18,19,5,1,0,0,0,0,0,0,0,1,1,6,6,1,30,6,1461,2,16,NISSAN QASHQAI,-1,-1,0,-1
2023010462462,2023,010462462,2,9,0,17,19,1,5,0,0,1,1,7,1,3,3,1,6,6,1,60,9,1332,1,4,NISSAN QASHQAI,8,E01000717,0,-1
2023991314842,2023,991314842,1,9,0,9,9,6,5,0,0,1,0,0,0,0,1,1,6,6,1,70,10,1198,1,9,NISSAN QASHQAI,9,-1,0,-1
2023471265422,2023,471265422,2,9,0,18,19,2,4,0,0,0,0,0,0,0,2,1,5,6,2,46,8,1598,1,11,NISSAN QASHQAI,6,E01031529,0,-1
2023141284241,2023,141284241,2,9,0,9,9,1,7,0,0,1,0,0,0,0,1,1,6,6,1,51,8,1332,1,2,NISSAN QASHQAI,2,E01007968,0,-1
2023041290571,2023,041290571,2,9,0,18,19,5,1,0,0,0,0,0,0,0,1,1,2,2,1,57,9,1332,1,4,NISSAN QASHQAI,2,E01012745,0,-1
2023461287158,2023,461287158,2,9,0,3,3,5,1,0,0,0,0,0,0,0,2,1,6,6,2,33,6,1461,2,6,NISSAN QASHQAI,7,E01024550,0,-1
2023430217234,2023,430217234,1,9,0,18,19,5,1,0,0,0,0,0,5,6,1,1,6,6,1,37,7,1197,1,8,NISSAN QASHQAI,2,E01009573,0,-1
2023010443378,2023,010443378,1,9,0,9,9,8,6,0,0,1,0,0,0,0,1,1,6,6,1,29,6,1598,1,10,NISSAN QASHQAI,3,E01004325,0,-1
2023010441858,2023,010441858,1,9,5,18,19,3,7,0,0,0,5,4,1,0,1,1,6,6,2,41,7,1598,1,10,NISSAN QASHQAI,2,E01000015,0,-1
20231700H1862,2023,1700H1862,1,9,0,10,10,4,5,0,0,1,0,0,0,0,1,1,6,6,2,71,10,1332,1,3,NISSAN QASHQAI,4,E01011988,0,-1
2023131294160,2023,131294160,1,9,0,18,19,7,3,0,0,0,0,0,0,0,1,1,6,6,3,-1,-1,1618,1,7,NISSAN QASHQAI,-1,-1,0,-1
2023031340448,2023,031340448,1,9,0,17,19,7,3,0,0,0,0,0,0,0,1,1,6,6,2,29,6,1461,2,7,NISSAN QASHQAI,2,E01003556,0,-1
2023010477542,2023,010477542,1,9,0,7,7,3,5,0,0,2,0,0,0,0,0,1,6,6,2,36,7,1997,1,16,NISSAN QASHQAI,10,E01003745,0,-1
2023052300369,2023,052300369,1,9,0,18,19,6,2,0,0,0,0,0,0,0,1,1,3,7,2,32,6,1461,2,11,NISSAN QASHQAI,4,E01006805,0,-1
2023411362025,2023,411362025,2,9,0,2,2,-1,-1,0,0,0,0,0,0,0,4,1,5,6,1,29,6,1461,2,9,NISSAN QASHQAI,-1,-1,0,-1
2023061301853,2023,061301853,1,9,0,6,6,-1,-1,0,0,0,0,0,0,0,1,1,6,6,1,35,6,1994,2,15,NISSAN QASHQAI,1,E01005194,0,-1
2023631346141,2023,631346141,1,9,0,16,19,5,1,0,0,0,0,0,0,0,1,1,5,6,1,44,7,1461,2,3,NISSAN QASHQAI,7,W01000564,0,-1
2023010478170,2023,010478170,2,9,0,99,99,9,9,99,99,9,9,99,9,99,9,9,6,6,1,31,6,1598,1,12,NISSAN QASHQAI,2,E01003236,0,-1
2023451274688,2023,451274688,1,9,0,9,9,7,5,0,0,8,0,0,0,0,3,1,3,7,2,37,7,1995,2,12,NISSAN QASHQAI,9,E01030330,0,-1
2023522400362,2023,522400362,1,9,0,17,19,1,7,0,0,8,0,0,0,0,3,1,6,6,2,63,9,1461,2,8,NISSAN QASHQAI,8,E01032672,0,-1
2023221384430,2023,221384430,2,9,0,7,7,7,1,0,0,5,0,0,0,0,1,1,6,6,2,38,7,1598,2,8,NISSAN QASHQAI,9,E01033528,0,-1
2023061334354,2023,061334354,1,9,0,18,19,5,1,0,0,0,0,0,0,0,1,1,5,6,1,60,9,1461,2,8,NISSAN QASHQAI,3,E01028062,0,-1
2023141360048,2023,141360048,1,9,0,18,19,8,4,0,0,0,0,0,0,0,4,1,1,1,2,38,7,1461,2,7,NISSAN QASHQAI,9,E01007711,0,-1
2023311264953,2023,311264953,1,9,0,18,19,1,5,0,0,3,0,0,0,0,2,1,6,6,2,31,6,1461,2,11,NISSAN QASHQAI,1,E01013881,0,-1
2023010432851,2023,010432851,1,9,0,5,5,6,2,0,0,8,0,0,0,0,4,1,2,2,1,48,8,1197,1,8,NISSAN QASHQAI,7,E01001918,0,-1
2023041266362,2023,041266362,1,9,0,7,7,7,3,0,0,8,0,0,0,0,1,1,6,6,3,63,9,1332,1,2,NISSAN QASHQAI,5,E01009913,0,-1
2023010462401,2023,010462401,1,9,0,9,9,1,7,0,0,5,0,0,0,0,4,1,6,6,1,56,9,1332,8,1,NISSAN QASHQAI,3,E01003976,0,-1
2023010454370,2023,010454370,1,9,0,99,99,9,9,99,99,9,9,99,9,99,1,9,6,6,1,45,7,1598,1,10,NISSAN QASHQAI,5,E01000620,0,-1
2023052300959,2023,052300959,2,9,0,14,14,8,4,0,0,0,0,0,0,0,4,2,6,6,1,67,10,1461,2,4,NISSAN QASHQAI,4,E01006954,0,-1
2023061324068,2023,061324068,1,9,0,2,2,0,0,0,0,1,0,0,0,0,4,1,6,6,1,68,10,1497,8,0,NISSAN QASHQAI,3,E01005115,0,-1
2023451334739,2023,451334739,3,9,0,2,2,0,0,0,0,2,0,0,0,0,4,1,6,6,3,-1,-1,1461,2,7,NISSAN QASHQAI,-1,-1,0,-1
2023010446893,2023,010446893,2,9,0,10,10,4,1,0,0,1,0,0,0,0,0,1,6,6,1,47,8,1497,8,0,NISSAN QASHQAI,6,E01001073,0,-1
2023052301095,2023,052301095,1,9,0,1,1,1,5,0,0,0,0,0,0,0,2,1,6,6,1,88,11,1997,1,11,NISSAN QASHQAI,6,E01006972,0,-1
202354D642523,2023,54D642523,2,9,0,18,19,1,5,0,0,0,0,0,0,0,1,1,6,6,1,71,10,1461,2,8,NISSAN QASHQAI,10,E01031970,0,-1
2023201408366,2023,201408366,2,9,0,9,9,4,1,0,0,6,0,0,0,0,3,1,6,6,2,64,9,1598,2,11,NISSAN QASHQAI,2,E01009499,0,-1
2023211350488,2023,211350488,2,9,0,18,19,6,2,0,0,0,0,0,0,0,1,1,6,6,1,39,7,1461,2,7,NISSAN QASHQAI,5,E01014369,0,-1
2023461286134,2023,461286134,2,9,0,18,19,7,3,0,0,2,0,0,0,0,3,1,5,6,1,77,11,1332,1,2,NISSAN QASHQAI,8,E01024419,0,-1
2023371279715,2023,371279715,1,9,0,16,19,6,2,0,0,0,0,0,0,0,1,1,5,6,1,62,9,1461,2,13,NISSAN QASHQAI,3,E01026488,0,-1
2023101351152,2023,101351152,3,9,0,3,3,4,8,0,0,0,0,0,0,0,2,1,6,6,1,63,9,1198,1,9,NISSAN QASHQAI,1,E01008392,0,-1
2023010437400,2023,010437400,2,9,0,99,99,9,9,99,99,9,9,99,9,99,9,9,6,6,3,-1,-1,1332,1,2,NISSAN QASHQAI,-1,-1,0,-1
2023440426376,2023,440426376,1,9,0,18,19,7,3,9,9,8,0,0,0,0,4,1,6,6,1,34,6,1461,2,12,NISSAN QASHQAI,8,E01022951,0,-1
2023071020676,2023,071020676,2,9,0,18,19,1,5,0,0,1,0,0,7,0,1,1,2,2,1,32,6,1598,1,15,NISSAN QASHQAI,8,E01018536,0,-1
2023010450157,2023,010450157,2,9,0,18,19,3,7,0,0,8,0,0,0,0,1,1,2,2,2,45,7,1197,1,5,NISSAN QASHQAI,2,E01003336,0,-1
2023371425836,2023,371425836,2,9,0,18,19,8,5,0,0,8,0,0,0,0,3,1,6,6,2,37,7,1461,2,6,NISSAN QASHQAI,6,E01030005,0,-1
2023201377397,2023,201377397,1,9,0,18,19,2,6,0,0,4,0,0,0,0,1,1,6,6,2,65,9,1598,1,12,NISSAN QASHQAI,3,E01009875,0,-1
2023010446537,2023,010446537,1,9,0,7,7,5,8,0,0,4,1,7,0,0,1,1,2,2,2,40,7,1598,1,15,NISSAN QASHQAI,3,E01004182,0,-1
2023131364784,2023,131364784,1,9,0,-1,-1,-1,-1,-1,-1,8,-1,-1,-1,0,4,1,6,6,3,-1,-1,1332,1,3,NISSAN QASHQAI,-1,-1,0,-1
2023461298476,2023,461298476,1,9,0,4,4,2,6,0,0,1,0,0,0,0,0,1,5,6,1,26,6,1197,1,6,NISSAN QASHQAI,7,E01030851,0,-1
2023010480401,2023,010480401,2,9,0,99,99,9,9,99,99,5,9,99,9,99,9,9,6,6,3,-1,-1,1461,2,6,NISSAN QASHQAI,-1,-1,0,-1
2023991312104,2023,991312104,2,9,0,18,19,6,2,0,0,0,0,0,0,0,2,1,5,6,2,36,7,1461,2,7,NISSAN QASHQAI,9,-1,0,-1
2023991294633,2023,991294633,2,9,0,18,19,4,1,0,0,0,0,0,1,0,1,1,6,6,2,57,9,1332,1,3,NISSAN QASHQAI,5,-1,0,-1
2023010427653,2023,010427653,2,9,0,9,9,3,1,0,0,6,0,0,0,0,1,1,6,6,3,-1,-1,1332,8,2,NISSAN QASHQAI,-1,-1,0,-1
2023471318180,2023,471318180,1,9,0,4,4,4,6,0,0,1,0,0,0,0,2,1,6,6,1,-1,-1,1997,1,14,NISSAN QASHQAI,5,E01031401,0,-1
2023041329129,2023,041329129,1,9,0,16,19,3,7,0,0,1,1,0,7,11,1,1,5,6,1,19,4,1994,2,15,NISSAN QASHQAI,1,E01025184,0,-1
2023501307063,2023,501307063,1,9,0,9,9,3,1,0,0,0,0,0,0,0,1,1,5,6,1,76,11,1598,1,10,NISSAN QASHQAI,4,E01020053,0,-1
2023141267094,2023,141267094,1,9,0,18,19,5,1,0,0,1,0,0,0,0,4,1,5,6,2,25,5,1461,2,5,NISSAN QASHQAI,1,E01007628,0,-1
2023041362938,2023,041362938,1,9,0,18,19,5,1,0,0,6,0,0,0,0,4,1,5,6,2,54,8,1332,8,1,NISSAN QASHQAI,3,E01025366,0,-1
2023991347662,2023,991347662,2,9,0,18,19,5,1,0,0,0,0,0,0,0,4,1,5,6,1,74,10,1598,1,15,NISSAN QASHQAI,2,-1,0,-1
2023131376179,2023,131376179,2,9,0,2,2,0,0,0,0,1,0,0,0,0,2,1,6,6,3,-1,-1,1598,2,10,NISSAN QASHQAI,-1,-1,0,-1
2023010431766,2023,010431766,1,9,0,99,99,9,9,99,99,9,9,99,9,99,1,9,6,6,1,39,7,1197,1,7,NISSAN QASHQAI,5,E01000159,0,-1
2023161282884,2023,161282884,2,9,0,4,4,7,3,0,0,1,0,0,0,0,2,1,6,6,2,38,7,1332,8,1,NISSAN QASHQAI,5,E01013107,0,-1
2023101391906,2023,101391906,2,9,0,18,19,5,1,0,0,8,0,0,7,0,1,1,5,6,1,53,8,1497,8,0,NISSAN QASHQAI,-1,-1,0,-1
2023451260924,2023,451260924,2,9,0,18,19,2,6,0,0,0,0,0,0,0,1,1,6,6,2,32,6,1461,2,8,NISSAN QASHQAI,10,E01030958,0,-1
2023010484433,2023,010484433,2,9,0,99,99,9,9,99,99,9,9,99,9,99,1,9,6,6,3,47,8,1997,1,13,NISSAN QASHQAI,1,E01004449,0,-1
2023421361113,2023,421361113,2,9,0,4,4,5,1,0,0,0,0,0,0,0,2,1,5,6,1,75,10,1598,2,7,NISSAN QASHQAI,10,E01023455,0,-1
2023010450769,2023,010450769,2,9,0,18,19,1,5,0,0,0,0,0,0,0,1,1,6,6,3,-1,-1,1332,1,3,NISSAN QASHQAI,-1,-1,0,-1
2023010456928,2023,010456928,2,9,0,99,99,9,9,99,99,9,9,99,9,99,9,9,6,6,3,-1,-1,1497,8,0,NISSAN QASHQAI,-1,-1,0,-1
2023201349562,2023,201349562,3,9,0,2,2,0,0,9,9,2,0,0,0,0,3,1,6,6,1,45,7,1598,1,11,NISSAN QASHQAI,1,E01009134,0,-1
2023320217891,2023,320217891,1,9,0,17,19,6,2,0,0,0,1,0,7,4,1,1,6,6,1,18,4,1598,1,14,NISSAN QASHQAI,-1,-1,0,-1
2023010472846,2023,010472846,1,9,0,99,99,9,9,99,99,9,9,99,9,99,9,9,6,6,1,53,8,1598,1,10,NISSAN QASHQAI,4,E01003740,0,-1
2023061281375,2023,061281375,2,9,0,18,19,6,2,0,0,8,0,0,0,0,3,1,2,2,2,40,7,1197,1,7,NISSAN QASHQAI,4,E01006047,0,-1
2023430343808,2023,430343808,1,9,0,17,19,8,5,0,0,0,0,0,1,1,1,1,1,1,1,60,9,1461,2,10,NISSAN QASHQAI,-1,-1,0,-1
2023461287410,2023,461287410,1,9,0,18,19,3,7,0,0,8,0,0,0,0,1,1,6,6,1,30,6,1332,8,1,NISSAN QASHQAI,6,E01021117,0,-1
2023991347918,2023,991347918,4,9,0,9,9,1,5,0,0,1,0,0,7,0,2,1,2,2,2,62,9,1461,2,9,NISSAN QASHQAI,6,-1,0,-1
2023131261103,2023,131261103,1,9,0,9,9,7,5,0,0,8,0,0,0,0,3,1,6,6,1,74,10,1461,2,4,NISSAN QASHQAI,6,E01011490,0,-1
2023101263353,2023,101263353,1,9,0,18,19,6,2,0,0,0,0,0,0,0,1,1,6,6,3,-1,-1,1332,8,2,NISSAN QASHQAI,-1,-1,0,-1
2023991353098,2023,991353098,1,9,0,18,19,3,7,0,0,0,0,0,0,0,1,1,5,6,1,34,6,1332,8,0,NISSAN QASHQAI,1,-1,0,-1
2023201291616,2023,201291616,1,9,0,1,1,8,2,9,9,6,0,0,0,0,2,1,6,6,2,77,11,1598,2,8,NISSAN QASHQAI,8,E01009437,0,-1
2023041329129,2023,041329129,2,9,0,18,19,7,3,0,0,1,0,0,1,0,3,1,6,6,1,57,9,1461,2,9,NISSAN QASHQAI,8,E01025214,0,-1
2023201409573,2023,201409573,2,9,0,9,9,5,3,0,0,5,0,0,0,0,2,1,6,6,3,36,7,1332,1,3,NISSAN QASHQAI,2,E01033630,0,-1
2023010453204,2023,010453204,1,9,0,4,4,1,5,0,0,1,0,0,1,0,1,1,3,7,1,33,6,1197,1,5,NISSAN QASHQAI,4,E01004339,0,-1
2023010423262,2023,010423262,1,9,0,18,19,3,7,0,0,0,0,0,0,0,1,1,6,6,2,43,7,1197,1,7,NISSAN QASHQAI,4,E01016008,0,-1
2023010452260,2023,010452260,1,9,0,7,7,1,4,0,0,5,0,0,0,0,4,1,6,6,3,-1,-1,1598,1,15,NISSAN QASHQAI,-1,-1,0,-1
2023131317765,2023,131317765,1,9,0,18,19,3,7,0,0,0,0,0,0,0,1,1,5,6,1,50,8,1461,2,11,NISSAN QASHQAI,1,E01011140,0,-1
2023401296191,2023,401296191,1,9,0,3,3,-1,-1,0,0,1,0,0,0,0,1,1,6,6,1,32,6,1598,1,13,NISSAN QASHQAI,7,E01000314,0,-1
2023111388783,2023,111388783,1,9,0,9,9,1,3,0,0,8,0,0,0,0,1,1,1,1,1,58,9,1332,1,3,NISSAN QASHQAI,8,E01011496,0,-1
2023141312503,2023,141312503,3,9,0,18,19,1,5,0,0,0,0,0,0,0,1,1,2,2,1,52,8,1497,8,0,NISSAN QASHQAI,4,E01007580,0,-1
2023991297587,2023,991297587,1,9,0,1,1,1,5,0,0,0,0,8,0,0,2,1,6,6,2,35,6,1332,1,3,NISSAN QASHQAI,4,-1,0,-1
2023501360052,2023,501360052,1,9,0,18,19,7,3,0,0,0,0,0,0,0,1,1,6,6,2,47,8,1332,1,4,NISSAN QASHQAI,1,E01005746,0,-1
2023351268872,2023,351268872,1,9,0,18,19,8,4,0,0,4,0,0,0,0,1,1,6,6,2,37,7,1197,1,7,NISSAN QASHQAI,5,E01015669,0,-1
2023430118787,2023,430118787,1,9,0,18,19,4,8,0,0,4,0,0,0,0,1,1,6,6,1,45,7,1497,8,0,NISSAN QASHQAI,-1,-1,0,-1
2023041290530,2023,041290530,2,9,0,18,19,3,7,0,0,0,0,0,0,0,1,1,2,2,2,44,7,1461,2,5,NISSAN QASHQAI,9,E01025343,0,-1
2023351315860,2023,351315860,2,9,0,18,19,-1,-1,0,0,0,0,0,0,0,3,1,5,6,2,42,7,1332,8,0,NISSAN QASHQAI,3,E01018072,0,-1
2023010462559,2023,010462559,2,9,0,2,2,0,0,0,0,2,0,0,1,0,3,1,6,6,3,-1,-1,1332,1,4,NISSAN QASHQAI,-1,-1,0,-1
2023991365543,2023,991365543,1,9,0,1,1,1,6,9,9,6,0,0,0,0,2,1,2,2,1,36,7,1461,2,8,NISSAN QASHQAI,3,-1,0,-1
2023031298594,2023,031298594,1,9,0,18,19,7,3,0,0,8,0,0,0,0,4,1,6,6,2,34,6,1197,1,8,NISSAN QASHQAI,4,E01019389,0,-1
2023552300544,2023,552300544,2,9,0,3,3,2,4,0,0,1,0,0,0,0,2,1,1,1,1,39,7,1197,1,5,NISSAN QASHQAI,6,E01015454,0,-1
2023471380459,2023,471380459,1,9,0,6,6,7,3,0,0,0,0,0,0,0,3,1,5,6,1,39,7,1332,1,4,NISSAN QASHQAI,6,E01021113,0,-1
2023320203861,2023,320203861,3,9,0,4,4,6,2,0,0,0,0,0,0,0,2,1,6,6,2,51,8,1598,2,10,NISSAN QASHQAI,9,E01026160,0,-1
2023451314490,2023,451314490,1,9,0,18,19,1,5,0,0,0,0,0,0,0,2,1,5,6,2,26,6,1197,1,5,NISSAN QASHQAI,8,E01030549,0,-1
2023411293992,2023,411293992,1,9,0,16,19,2,6,0,0,1,0,0,0,0,1,1,6,6,2,46,8,1197,1,7,NISSAN QASHQAI,7,E01023329,0,-1
2023010421160,2023,010421160,2,9,0,99,99,9,9,99,99,0,9,99,9,99,2,9,6,6,3,-1,-1,1197,1,5,NISSAN QASHQAI,-1,-1,0,-1
2023010428535,2023,010428535,1,9,0,18,19,5,1,0,0,8,0,0,0,0,3,1,6,6,2,58,9,1197,1,7,NISSAN QASHQAI,2,E01001625,0,-1
2023131280400,2023,131280400,2,9,0,3,3,3,2,0,0,8,0,0,0,0,2,1,6,6,2,53,8,1598,2,11,NISSAN QASHQAI,8,E01011397,0,-1
2023351293212,2023,351293212,2,9,0,18,19,5,1,0,0,3,0,0,0,0,1,1,3,7,2,52,8,1598,2,10,NISSAN QASHQAI,4,E01017542,0,-1
2023451304101,2023,451304101,1,9,0,3,3,7,3,0,0,0,0,0,0,0,2,1,3,7,2,69,10,1461,2,4,NISSAN QASHQAI,4,E01030746,0,-1
2023031366647,2023,031366647,1,9,0,18,19,7,3,0,0,1,0,0,0,0,1,1,5,6,1,85,11,1618,1,7,NISSAN QASHQAI,10,E01019393,0,-1
2023430243080,2023,430243080,1,9,0,5,5,4,8,0,0,0,0,0,0,0,1,1,6,6,2,26,6,1332,8,1,NISSAN QASHQAI,4,E01016484,0,-1
2023544810723,2023,544810723,1,9,0,9,9,5,3,0,0,6,0,0,0,0,3,1,6,6,2,38,7,1598,2,10,NISSAN QASHQAI,6,E01032011,0,-1
2023991303986,2023,991303986,1,9,0,18,19,8,3,0,0,2,5,11,0,0,1,1,6,6,2,58,9,1461,2,4,NISSAN QASHQAI,-1,-1,0,-1
2023010430371,2023,010430371,1,9,0,18,19,3,7,0,0,1,0,4,0,0,3,1,6,6,2,58,9,1997,1,15,NISSAN QASHQAI,4,E01002845,0,-1
2023552300717,2023,552300717,1,9,0,9,9,7,5,0,0,6,0,0,0,0,3,1,6,6,2,50,8,1332,1,3,NISSAN QASHQAI,1,E01015309,0,-1
2023122301323,2023,122301323,3,9,0,18,19,2,6,0,0,1,0,0,0,0,1,1,6,6,2,57,9,1197,1,6,NISSAN QASHQAI,7,E01027873,0,-1
2023201379034,2023,201379034,2,9,0,10,10,4,8,0,0,8,0,0,0,0,3,1,3,7,1,39,7,1598,1,16,NISSAN QASHQAI,5,E01008971,0,-1
2023010455889,2023,010455889,1,9,0,3,3,3,7,0,0,1,0,0,0,0,1,1,6,6,1,67,10,1598,2,6,NISSAN QASHQAI,2,E01003732,0,-1
2023371300297,2023,371300297,2,9,0,18,19,1,5,0,0,0,0,0,0,0,0,1,5,6,2,41,7,1598,1,14,NISSAN QASHQAI,6,E01030003,0,-1
2023070884806,2023,070884806,2,9,0,2,2,0,0,0,0,0,0,0,0,0,2,1,6,6,1,32,6,1461,2,7,NISSAN QASHQAI,8,E01018440,0,-1
2023010473959,2023,010473959,1,9,0,18,19,7,3,0,0,6,0,0,0,0,1,1,1,1,2,36,7,1332,1,2,NISSAN QASHQAI,5,E01001038,0,-1
2023340NN0272,2023,340NN0272,1,9,0,18,19,3,7,0,0,1,0,0,0,0,1,1,6,6,2,57,9,1197,1,6,NISSAN QASHQAI,3,E01026983,0,-1
2023010428518,2023,010428518,1,9,0,18,19,4,8,0,0,8,0,0,0,0,3,1,2,2,1,69,10,1332,1,3,NISSAN QASHQAI,4,E01000864,0,-1
2023161271148,2023,161271148,1,9,0,7,7,1,3,0,0,6,0,0,0,0,1,1,5,6,1,75,10,1461,2,11,NISSAN QASHQAI,9,E01026402,0,-1
2023141347712,2023,141347712,1,9,0,7,7,5,7,0,0,5,0,0,0,0,2,1,6,6,2,42,7,1598,2,6,NISSAN QASHQAI,2,E01007556,0,-1
2023061273883,2023,061273883,1,9,0,18,19,8,4,0,0,1,0,0,0,0,1,1,6,6,2,-1,-1,1461,2,14,NISSAN QASHQAI,-1,-1,0,-1
2023991373144,2023,991373144,2,9,0,3,3,2,6,0,0,1,0,0,0,0,3,1,5,6,2,51,8,1198,1,9,NISSAN QASHQAI,2,-1,0,-1
2023010434058,2023,010434058,1,9,0,9,9,6,4,0,0,1,0,0,0,0,1,1,6,6,1,30,6,1461,2,7,NISSAN QASHQAI,4,E01002665,0,-1
2023061382534,2023,061382534,1,9,0,18,19,1,5,0,0,1,0,0,0,0,2,1,5,6,2,36,7,1994,2,14,NISSAN QASHQAI,3,E01032919,0,-1
2023052302941,2023,052302941,2,9,0,18,19,5,1,0,0,1,0,0,0,0,4,1,6,6,1,44,7,1461,2,14,NISSAN QASHQAI,1,E01006556,0,-1
2023010480970,2023,010480970,1,9,0,18,19,7,3,0,0,1,0,0,0,0,1,1,6,6,1,17,4,1598,2,6,NISSAN QASHQAI,2,E01001911,0,-1
2023161349311,2023,161349311,1,9,0,9,9,1,3,0,0,2,0,0,0,0,1,1,6,6,2,55,8,1461,2,11,NISSAN QASHQAI,5,E01013200,0,-1
2023471276898,2023,471276898,1,9,0,18,19,5,1,0,0,4,0,0,0,0,1,1,2,2,2,59,9,1994,2,15,NISSAN QASHQAI,8,E01031457,0,-1
2023070388892,2023,070388892,3,9,0,4,4,8,4,0,0,1,0,0,0,0,3,1,6,6,1,50,8,1461,2,8,NISSAN QASHQAI,9,E01018492,0,-1