collision_index,collision_year,collision_ref_no,vehicle_reference,vehicle_type,towing_and_articulation,vehicle_manoeuvre_historic,vehicle_manoeuvre,vehicle_direction_from,vehicle_direction_to,vehicle_location_restricted_lane_historic,vehicle_location_restricted_lane,junction_location,skidding_and_overturning,hit_object_in_carriageway,vehicle_leaving_carriageway,hit_object_off_carriageway,first_point_of_impact,vehicle_left_hand_drive,journey_purpose_of_driver_historic,journey_purpose_of_driver,sex_of_driver,age_of_driver,age_band_of_driver,engine_capacity_cc,propulsion_code,age_of_vehicle,generic_make_model,driver_imd_decile,lsoa_of_driver,escooter_flag,driver_distance_banding
2023070869130,2023,070869130,2,9,0,9,9,7,3,0,0,8,0,0,0,0,2,1,6,6,2,39,7,1598,2,9,NISSAN QASHQAI,2,E01018739,0,-1
2023010441044,2023,010441044,2,9,0,99,99,9,9,99,99,9,9,99,9,99,1,9,6,6,3,-1,-1,1332,1,4,NISSAN QASHQAI,-1,-1,0,-1
2023411298484,2023,411298484,3,9,0,4,4,5,1,0,0,0,0,0,0,0,1,1,5,6,1,51,8,1598,1,15,NISSAN QASHQAI,5,E01015762,0,-1
2023161390440,2023,161390440,1,9,0,5,5,1,3,0,0,1,0,0,7,0,4,1,6,6,2,63,9,1461,2,6,NISSAN QASHQAI,1,E01012781,0,-1
2023340NN4562,2023,340NN4562,1,9,0,15,15,7,3,9,9,0,0,0,1,0,4,1,6,6,2,-1,-1,1198,1,9,NISSAN QASHQAI,-1,-1,0,-1
2023131294160,2023,131294160,2,9,0,18,19,5,1,0,0,0,0,0,0,0,3,1,5,6,2,29,6,1461,2,4,NISSAN QASHQAI,7,E01011643,0,-1
2023461382832,2023,461382832,3,9,0,10,10,3,5,0,0,0,0,0,0,0,2,1,5,6,2,35,6,1197,1,5,NISSAN QASHQAI,5,E01024075,0,-1
2023461262642,2023,461262642,2,9,0,18,19,3,7,0,0,1,0,0,0,0,3,1,5,6,2,36,7,1198,1,9,NISSAN QASHQAI,2,E01016110,0,-1
2023141278245,2023,141278245,1,9,0,7,7,4,2,0,0,3,0,0,0,0,1,1,2,2,2,52,8,1461,2,6,NISSAN QASHQAI,6,E01008046,0,-1
2023010449862,2023,010449862,1,9,0,3,3,1,5,0,0,0,0,0,0,0,0,1,6,6,1,56,9,1332,8,1,NISSAN QASHQAI,2,E01001976,0,-1
2023461264179,2023,461264179,2,9,0,5,5,4,2,0,0,0,0,0,0,0,4,1,5,6,2,33,6,1461,2,13,NISSAN QASHQAI,2,E01024294,0,-1
2023131371311,2023,131371311,2,9,0,17,19,8,4,0,0,6,0,0,0,0,1,1,6,6,2,41,7,1332,8,1,NISSAN QASHQAI,6,E01011083,0,-1
2023010448821,2023,010448821,3,9,0,18,19,1,5,0,0,0,0,0,0,0,2,1,2,2,2,53,8,1197,1,8,NISSAN QASHQAI,-1,-1,0,-1
2023320034548,2023,320034548,1,9,0,18,19,1,5,0,0,0,1,0,1,4,1,1,6,6,2,28,6,1332,1,4,NISSAN QASHQAI,2,E01015657,0,-1
2023010465912,2023,010465912,2,9,0,18,19,8,4,0,0,0,0,0,0,0,2,1,2,2,2,34,6,1598,1,13,NISSAN QASHQAI,2,E01021816,0,-1
2023131373862,2023,131373862,1,9,0,5,5,1,5,0,0,8,0,0,0,0,1,1,3,7,2,41,7,1461,2,6,NISSAN QASHQAI,1,E01011355,0,-1
2023010460925,2023,010460925,1,9,0,7,7,3,5,0,0,1,0,0,0,0,4,1,6,6,1,39,7,1332,8,0,NISSAN QASHQAI,1,E01001364,0,-1
2023361380069,2023,361380069,1,9,0,4,4,8,4,0,0,0,0,0,0,0,3,1,6,6,1,78,11,1461,2,9,NISSAN QASHQAI,3,E01026601,0,-1
2023170M30423,2023,170M30423,1,9,0,4,4,8,4,0,0,0,0,0,0,0,1,1,6,6,2,33,6,1461,2,5,NISSAN QASHQAI,1,E01012084,0,-1
2023010427635,2023,010427635,1,9,0,18,19,7,3,0,0,0,0,0,0,0,4,1,6,6,1,49,8,1332,8,0,NISSAN QASHQAI,5,E01004463,0,-1
2023351275700,2023,351275700,1,9,0,5,5,6,2,0,0,0,0,0,0,0,1,1,5,6,1,49,8,1197,1,7,NISSAN QASHQAI,4,E01015621,0,-1
2023010464266,2023,010464266,1,9,0,99,99,9,9,99,99,9,9,99,9,99,2,9,6,6,2,35,6,1197,1,8,NISSAN QASHQAI,2,E01001006,0,-1
2023401335615,2023,401335615,2,9,0,10,10,-1,-1,0,0,1,0,0,1,0,2,1,5,6,2,49,8,1332,1,4,NISSAN QASHQAI,2,E01017472,0,-1
2023201412404,2023,201412404,1,9,0,18,19,3,7,0,0,1,0,0,0,0,1,1,6,6,1,60,9,1197,1,7,NISSAN QASHQAI,2,E01009991,0,-1
2023311347863,2023,311347863,2,9,0,2,2,0,0,0,0,2,0,0,0,0,2,1,6,6,2,30,6,1332,8,1,NISSAN QASHQAI,7,E01028086,0,-1
2023440200471,2023,440200471,2,9,0,18,19,4,8,0,0,8,0,0,0,0,3,1,6,6,2,40,7,1598,1,16,NISSAN QASHQAI,7,E01017329,0,-1
2023411308035,2023,411308035,1,9,0,18,19,2,6,0,0,0,0,0,0,0,1,1,5,6,1,53,8,1332,8,1,NISSAN QASHQAI,6,E01021401,0,-1
2023010467488,2023,010467488,2,9,9,99,99,9,9,99,99,9,9,99,9,99,9,9,6,6,3,-1,-1,1332,8,1,NISSAN QASHQAI,-1,-1,0,-1
2023411398442,2023,411398442,2,9,0,10,10,-1,-1,0,0,0,0,0,0,0,4,1,5,6,2,31,6,1598,1,11,NISSAN QASHQAI,-1,-1,0,-1
2023461306622,2023,461306622,2,9,0,4,4,4,7,0,0,1,0,0,0,0,2,1,6,6,1,41,7,1598,1,14,NISSAN QASHQAI,9,E01024446,0,-1
2023631325293,2023,631325293,2,9,0,18,19,4,8,0,0,0,0,0,0,0,4,1,5,6,1,62,9,1461,2,11,NISSAN QASHQAI,4,W01000586,0,-1
2023010463326,2023,010463326,1,9,0,9,9,5,3,0,0,5,0,0,0,0,1,1,6,6,1,63,9,1598,1,12,NISSAN QASHQAI,1,E01003052,0,-1
2023010436023,2023,010436023,2,9,0,99,99,9,9,0,0,8,0,0,0,0,4,1,6,6,3,-1,-1,1461,2,8,NISSAN QASHQAI,-1,-1,0,-1
2023991355673,2023,991355673,2,9,0,18,19,8,4,0,0,1,0,0,0,0,3,1,5,6,1,71,10,1332,8,0,NISSAN QASHQAI,-1,-1,0,-1
2023371355954,2023,371355954,1,9,0,14,14,6,3,0,0,2,0,0,0,0,1,1,1,1,1,47,8,1461,2,10,NISSAN QASHQAI,4,E01029949,0,-1
2023461348522,2023,461348522,2,9,0,18,19,5,1,0,0,6,0,0,0,0,1,1,6,6,1,60,9,1461,2,9,NISSAN QASHQAI,5,E01024673,0,-1
2023610030623,2023,610030623,1,9,0,18,19,4,7,0,0,0,0,0,0,0,3,1,6,6,1,51,8,1598,2,10,NISSAN QASHQAI,9,W01001390,0,-1
2023010450775,2023,010450775,1,9,0,99,99,9,9,99,99,9,9,99,9,99,2,9,2,2,1,45,7,1598,1,10,NISSAN QASHQAI,4,E01001216,0,-1
2023041316070,2023,041316070,1,9,0,7,7,5,1,0,0,2,0,0,0,0,1,1,5,6,1,50,8,1598,1,10,NISSAN QASHQAI,2,E01025581,0,-1
2023111359153,2023,111359153,2,9,0,3,3,2,7,0,0,0,0,0,0,0,2,1,6,6,2,23,5,1197,1,7,NISSAN QASHQAI,4,E01008866,0,-1
2023041313675,2023,041313675,1,9,0,9,9,5,3,0,0,1,0,0,0,0,1,1,5,6,2,36,7,1461,2,8,NISSAN QASHQAI,8,E01025280,0,-1
2023061309087,2023,061309087,1,9,0,9,9,7,3,0,0,8,0,0,0,0,1,1,6,6,2,39,7,1198,1,8,NISSAN QASHQAI,1,E01005186,0,-1
2023061276236,2023,061276236,1,9,0,5,5,7,3,0,0,0,0,0,0,0,3,1,6,6,1,45,7,1461,2,12,NISSAN QASHQAI,2,E01004873,0,-1
2023141368009,2023,141368009,3,9,0,4,4,8,4,0,0,0,0,0,0,0,2,1,5,6,2,42,7,1332,1,4,NISSAN QASHQAI,1,E01008012,0,-1
2023052301185,2023,052301185,1,9,0,18,19,4,8,0,0,1,0,0,0,0,1,1,6,6,1,67,10,1332,1,3,NISSAN QASHQAI,1,E01006483,0,-1
2023552300125,2023,552300125,1,9,0,18,19,4,2,0,0,5,0,0,0,0,1,1,1,1,2,37,7,1461,2,10,NISSAN QASHQAI,5,E01020368,0,-1
2023361359739,2023,361359739,2,9,0,2,2,0,0,0,0,0,0,0,0,0,2,1,5,6,1,54,8,1461,2,5,NISSAN QASHQAI,2,E01026828,0,-1
2023461337168,2023,461337168,2,9,0,3,3,5,1,0,0,4,0,0,0,0,2,1,5,6,2,74,10,1598,1,10,NISSAN QASHQAI,10,E01024386,0,-1
2023161368277,2023,161368277,2,9,0,18,19,7,3,0,0,1,0,0,0,0,1,1,5,6,2,67,10,1332,1,4,NISSAN QASHQAI,7,E01010753,0,-1
2023440117526,2023,440117526,1,9,0,2,2,0,0,0,0,2,0,0,0,0,3,1,6,6,1,60,9,1461,2,11,NISSAN QASHQAI,1,E01017039,0,-1
2023421356892,2023,421356892,2,9,0,4,4,3,7,0,0,0,0,0,0,0,2,1,6,6,1,54,8,1332,8,2,NISSAN QASHQAI,-1,-1,0,-1
2023010465995,2023,010465995,2,9,0,17,19,7,3,0,0,8,0,0,0,0,1,1,2,2,2,45,7,1997,1,10,NISSAN QASHQAI,-1,-1,0,-1
2023010466984,2023,010466984,2,9,0,99,99,9,9,99,99,9,9,99,9,99,1,9,6,6,3,-1,-1,1461,2,7,NISSAN QASHQAI,-1,-1,0,-1
2023010439925,2023,010439925,2,8,0,99,99,9,9,99,99,9,9,99,9,99,9,9,6,6,3,39,7,1461,2,7,-1,4,E01001421,0,-1
2023131308971,2023,131308971,1,9,0,18,19,3,7,0,0,8,0,11,0,0,1,1,6,6,2,55,8,1332,8,1,NISSAN QASHQAI,2,E01011262,0,-1
2023161384538,2023,161384538,1,9,0,18,19,3,7,0,0,0,0,0,7,2,1,1,6,6,3,-1,-1,1598,1,13,NISSAN QASHQAI,-1,-1,0,-1
2023461302007,2023,461302007,1,9,0,18,19,1,5,0,0,0,0,0,0,0,1,1,5,6,1,33,6,1198,1,9,NISSAN QASHQAI,6,E01024314,0,-1
2023041334432,2023,041334432,2,9,0,6,6,4,4,0,0,0,0,0,0,0,2,1,6,6,2,31,6,1461,2,5,NISSAN QASHQAI,5,E01024917,0,-1
2023010465428,2023,010465428,2,9,0,9,9,5,3,0,0,1,0,0,0,0,1,1,2,2,1,65,9,1197,1,5,NISSAN QASHQAI,1,E01003052,0,-1
2023010463342,2023,010463342,2,9,0,5,5,7,3,0,0,6,0,0,0,0,1,1,6,6,2,37,7,1598,1,11,NISSAN QASHQAI,3,E01000432,0,-1
2023332301280,2023,332301280,2,9,0,7,7,7,2,0,0,5,0,0,0,0,1,1,6,6,1,-1,-1,1461,2,14,NISSAN QASHQAI,-1,-1,0,-1
2023501283099,2023,501283099,3,9,0,18,19,3,6,0,0,1,0,0,0,0,1,1,6,6,1,51,8,1332,8,1,NISSAN QASHQAI,4,E01015031,0,-1
2023440347991,2023,440347991,1,9,0,4,4,8,4,0,0,0,0,0,0,0,2,1,6,6,1,77,11,1598,2,8,NISSAN QASHQAI,8,E01023221,0,-1
2023552300422,2023,552300422,2,9,0,3,3,2,6,0,0,0,0,0,0,0,2,1,6,6,2,34,6,1598,2,7,NISSAN QASHQAI,6,E01023028,0,-1
2023010431661,2023,010431661,2,9,0,18,19,7,3,0,0,0,0,0,0,0,3,2,6,6,2,42,7,1598,2,7,NISSAN QASHQAI,10,E01030388,0,-1
2023471302609,2023,471302609,2,9,0,3,3,7,3,0,0,1,0,0,0,0,2,1,2,2,1,48,8,1497,8,1,NISSAN QASHQAI,3,E01021565,0,-1
2023010463806,2023,010463806,2,9,0,9,9,7,4,0,0,5,0,0,0,0,3,1,6,6,2,51,8,1598,1,11,NISSAN QASHQAI,7,E01001308,0,-1
2023471337292,2023,471337292,2,9,0,18,19,6,1,0,0,0,1,0,1,0,1,2,6,6,2,54,8,1598,2,12,NISSAN QASHQAI,9,E01031704,0,-1
2023070054578,2023,070054578,2,9,0,18,19,1,5,0,0,8,0,0,1,0,4,1,2,2,2,43,7,1461,2,8,NISSAN QASHQAI,5,E01012544,0,-1
2023461352324,2023,461352324,2,9,0,3,3,7,3,0,0,0,0,0,0,0,2,1,6,6,2,41,7,1461,2,7,NISSAN QASHQAI,9,E01032813,0,-1
2023340NN1172,2023,340NN1172,2,9,0,18,19,3,7,0,0,8,5,0,0,0,4,1,6,6,1,41,7,1598,1,11,NISSAN QASHQAI,3,E01027112,0,-1
2023111365990,2023,111365990,2,9,0,18,19,2,7,0,0,1,0,0,0,0,1,1,6,6,1,37,7,1995,2,12,NISSAN QASHQAI,9,E01033163,0,-1
2023332300776,2023,332300776,1,9,0,7,7,4,6,0,0,5,0,0,0,0,3,1,3,7,2,36,7,1598,2,7,NISSAN QASHQAI,7,E01013666,0,-1
2023070274965,2023,070274965,1,9,0,18,19,1,5,0,0,0,0,0,0,0,3,1,6,6,1,-1,-1,1598,1,16,NISSAN QASHQAI,-1,-1,0,-1
2023461278648,2023,461278648,1,9,0,18,19,7,1,0,0,6,0,0,0,0,1,1,5,6,3,-1,-1,1598,1,16,NISSAN QASHQAI,-1,-1,0,-1
2023070320915,2023,070320915,2,9,0,3,3,3,7,0,0,1,0,0,0,0,1,1,6,6,2,49,8,1598,2,10,NISSAN QASHQAI,4,E01021674,0,-1
2023361279303,2023,361279303,1,9,0,18,19,5,1,0,0,8,0,0,0,0,1,1,2,2,1,61,9,1461,2,11,NISSAN QASHQAI,5,E01026433,0,-1
2023461281288,2023,461281288,2,9,0,3,3,7,3,0,0,0,0,0,0,0,2,1,6,6,2,39,7,1332,8,1,NISSAN QASHQAI,9,E01024175,0,-1
2023520001032,2023,520001032,4,9,0,4,4,3,7,0,0,0,0,0,0,0,2,1,6,6,1,53,8,1461,2,6,NISSAN QASHQAI,9,E01032060,0,-1
2023131291792,2023,131291792,2,9,0,18,19,2,3,0,0,1,0,0,0,0,2,1,6,6,2,32,6,1461,2,7,NISSAN QASHQAI,5,E01011392,0,-1
2023052300379,2023,052300379,1,9,0,7,7,6,8,0,0,8,0,10,0,0,1,1,6,6,2,51,8,1461,2,11,NISSAN QASHQAI,3,E01007178,0,-1
2023501370795,2023,501370795,2,9,0,3,3,3,7,0,0,0,0,0,0,0,2,1,6,6,2,33,6,1618,1,7,NISSAN QASHQAI,7,E01019045,0,-1
2023501386916,2023,501386916,3,9,0,3,3,1,1,0,0,1,0,0,0,0,2,1,5,6,2,53,8,1994,2,14,NISSAN QASHQAI,2,E01015234,0,-1
2023471295474,2023,471295474,1,9,0,18,19,8,4,0,0,6,0,0,0,0,1,1,6,6,2,-1,-1,1461,2,13,NISSAN QASHQAI,2,E01020925,0,-1
2023031315058,2023,031315058,1,9,0,18,19,3,7,0,0,0,0,0,0,0,1,1,5,6,1,43,7,1461,2,9,NISSAN QASHQAI,-1,-1,0,-1
2023161326570,2023,161326570,4,9,0,2,2,0,0,0,0,1,0,0,0,0,0,1,5,6,3,-1,-1,1461,2,7,NISSAN QASHQAI,-1,-1,0,-1
2023991445738,2023,991445738,3,9,0,3,3,8,4,0,0,0,0,0,0,0,2,1,6,6,1,38,7,1197,1,7,NISSAN QASHQAI,2,-1,0,-1
2023061333421,2023,061333421,2,9,0,18,19,1,5,0,0,8,0,0,0,0,4,1,3,7,2,48,8,1994,2,13,NISSAN QASHQAI,6,E01005305,0,-1
2023010420757,2023,010420757,3,9,0,18,19,1,5,0,0,0,0,0,0,0,9,1,6,6,3,-1,-1,1598,1,10,NISSAN QASHQAI,8,E01003422,0,-1
2023041270636,2023,041270636,1,9,0,9,9,7,3,0,0,8,0,0,7,0,1,1,2,2,2,51,8,1461,2,7,NISSAN QASHQAI,2,E01024886,0,-1
2023351395175,2023,351395175,1,9,0,18,19,6,2,0,0,0,0,0,0,0,1,1,2,2,1,52,8,1461,2,8,NISSAN QASHQAI,10,E01018267,0,-1
2023421329939,2023,421329939,2,9,0,17,19,7,3,0,0,0,0,0,0,0,1,1,6,6,2,35,6,1461,2,8,NISSAN QASHQAI,2,E01015840,0,-1
2023131313485,2023,131313485,1,9,0,18,19,3,7,0,0,0,0,0,0,0,2,1,6,6,1,48,8,1461,2,3,NISSAN QASHQAI,3,E01005332,0,-1
2023010473697,2023,010473697,2,9,0,18,19,7,3,0,0,0,0,0,0,0,1,1,1,1,1,63,9,1332,1,4,NISSAN QASHQAI,2,E01032744,0,-1
2023451262602,2023,451262602,1,9,0,9,9,5,1,0,0,8,0,0,0,0,1,1,3,7,2,39,7,1197,1,6,NISSAN QASHQAI,6,E01030714,0,-1
2023010474715,2023,010474715,1,9,0,5,5,1,5,0,0,1,0,0,0,0,3,1,6,6,1,31,6,1461,2,7,NISSAN QASHQAI,8,E01002178,0,-1
2023061353985,2023,061353985,2,9,0,17,19,1,5,0,0,0,1,0,0,0,2,1,6,6,1,42,7,1461,2,3,NISSAN QASHQAI,7,E01004775,0,-1
2023552300985,2023,552300985,2,9,0,18,19,8,4,0,0,0,0,0,0,0,1,1,2,2,2,43,7,1198,1,9,NISSAN QASHQAI,7,E01015376,0,-1
2023201342261,2023,201342261,2,9,0,18,19,8,4,0,0,8,0,0,0,0,3,1,6,6,1,33,6,1994,2,14,NISSAN QASHQAI,5,E01009882,0,-1
2023461325107,2023,461325107,1,9,0,18,19,7,3,0,0,0,0,0,0,0,4,1,6,6,2,37,7,1598,1,12,NISSAN QASHQAI,-1,-1,0,-1
2023340WN1442,2023,340WN1442,1,9,0,16,19,1,3,0,0,0,0,0,0,0,1,1,2,2,2,55,8,1332,1,3,NISSAN QASHQAI,5,E01027138,0,-1
2023101334415,2023,101334415,2,9,0,7,7,8,8,0,0,0,0,0,0,0,2,1,5,6,1,46,8,1598,2,11,NISSAN QASHQAI,4,E01008451,0,-1
2023061398444,2023,061398444,1,9,0,18,19,7,3,0,0,1,0,0,0,0,3,1,6,6,3,-1,-1,1461,2,10,NISSAN QASHQAI,-1,-1,0,-1
2023401297829,2023,401297829,1,9,0,18,19,7,3,0,0,3,0,0,0,0,1,1,6,6,2,61,9,1332,8,1,NISSAN QASHQAI,10,E01030965,0,-1
2023141388266,2023,141388266,1,9,0,16,19,1,5,0,0,0,0,0,0,0,3,1,5,6,1,50,8,1461,2,9,NISSAN QASHQAI,1,E01007735,0,-1
2023332301219,2023,332301219,1,9,0,18,19,8,4,0,0,8,0,0,0,0,1,1,6,6,2,43,7,1461,2,7,NISSAN QASHQAI,1,E01013723,0,-1
2023010419280,2023,010419280,2,9,0,18,19,1,5,0,0,2,0,7,3,10,3,1,6,6,2,35,6,1197,1,4,NISSAN QASHQAI,6,E01004634,0,-1
2023622301049,2023,622301049,2,9,0,4,4,4,8,0,0,0,0,0,0,0,1,1,6,6,2,35,6,1332,1,2,NISSAN QASHQAI,8,W01000106,0,-1
2023361360057,2023,361360057,3,9,0,2,2,0,0,6,6,0,0,0,0,0,1,1,5,6,2,41,7,1198,1,9,NISSAN QASHQAI,1,E01026830,0,-1
2023421379126,2023,421379126,2,9,0,2,2,0,0,0,0,0,0,0,0,0,2,1,6,6,3,-1,-1,1461,2,11,NISSAN QASHQAI,-1,-1,0,-1
2023010467017,2023,010467017,1,9,0,3,3,1,5,0,0,5,0,0,0,0,2,1,6,6,1,38,7,1497,8,0,NISSAN QASHQAI,2,E01004679,0,-1
2023340NN4222,2023,340NN4222,2,9,0,12,12,4,8,0,0,0,0,0,0,0,2,1,6,6,1,63,9,1497,8,0,NISSAN QASHQAI,6,E01027092,0,-1
2023010437912,2023,010437912,2,9,0,5,5,7,3,0,0,0,0,0,0,0,2,1,6,6,2,64,9,1332,1,3,NISSAN QASHQAI,1,E01003192,0,-1
2023461389332,2023,461389332,1,9,0,18,19,5,1,0,0,8,0,0,0,0,1,1,5,6,1,41,7,1198,1,8,NISSAN QASHQAI,9,E01000396,0,-1
2023131369956,2023,131369956,1,9,0,18,19,3,7,0,0,0,0,0,0,0,4,1,6,6,2,54,8,1332,8,0,NISSAN QASHQAI,1,E01010659,0,-1
2023010452229,2023,010452229,2,9,0,99,99,9,9,99,99,9,9,99,9,99,9,9,6,6,3,-1,-1,1997,1,14,NISSAN QASHQAI,-1,-1,0,-1
2023311273829,2023,311273829,2,9,0,4,4,5,5,0,0,1,0,0,0,0,2,1,6,6,3,38,7,1198,1,9,NISSAN QASHQAI,-1,-1,0,-1
2023622300672,2023,622300672,1,9,0,18,19,8,4,0,0,1,0,0,0,0,1,1,6,6,3,-1,-1,1461,2,5,NISSAN QASHQAI,-1,-1,0,-1
2023421296798,2023,421296798,3,9,0,18,19,3,6,0,0,0,0,0,0,0,1,1,5,6,1,48,8,1332,1,3,NISSAN QASHQAI,7,E01021722,0,-1
2023411281148,2023,411281148,1,9,0,9,9,3,7,0,0,0,0,0,0,0,1,1,1,1,2,44,7,1997,1,12,NISSAN QASHQAI,5,E01021838,0,-1
2023531347301,2023,531347301,1,9,0,18,19,5,1,0,0,8,0,0,0,0,1,1,6,6,2,-1,-1,1618,1,7,NISSAN QASHQAI,-1,-1,0,-1
2023041328121,2023,041328121,1,9,0,5,5,3,7,0,0,1,0,0,0,0,1,1,5,6,1,43,7,1598,1,11,NISSAN QASHQAI,10,E01025552,0,-1
2023991405009,2023,991405009,1,9,0,4,4,5,1,0,0,4,0,0,0,0,1,2,6,6,2,30,6,1461,2,8,NISSAN QASHQAI,-1,-1,0,-1
2023201348451,2023,201348451,2,9,0,18,19,2,6,0,0,2,0,0,0,0,1,1,6,6,2,32,6,1598,2,11,NISSAN QASHQAI,2,E01009842,0,-1
2023211284299,2023,211284299,2,9,0,4,4,2,6,0,0,0,0,0,0,0,2,1,5,6,1,40,7,1618,1,7,NISSAN QASHQAI,9,E01029641,0,-1
2023131319023,2023,131319023,2,9,0,18,19,5,1,0,0,0,0,0,0,0,3,1,6,6,2,46,8,1197,1,6,NISSAN QASHQAI,4,E01010890,0,-1
2023471262729,2023,471262729,1,9,0,9,9,3,1,0,0,5,0,0,0,0,3,1,5,6,1,55,8,1332,1,4,NISSAN QASHQAI,5,E01031501,0,-1
2023010444606,2023,010444606,2,9,9,99,99,9,9,99,99,9,9,99,0,0,9,9,6,6,1,47,8,1197,1,6,NISSAN QASHQAI,9,E01030568,0,-1
2023010451647,2023,010451647,1,9,0,99,99,9,9,99,99,0,9,99,9,99,9,9,6,6,2,31,6,1598,1,14,NISSAN QASHQAI,8,E01001106,0,-1
2023361369182,2023,361369182,2,9,0,9,9,7,5,0,0,8,0,0,0,0,3,1,5,6,1,38,7,1997,1,13,NISSAN QASHQAI,10,E01026507,0,-1
2023531373503,2023,531373503,1,9,0,18,19,5,1,0,0,8,0,0,1,9,1,1,6,6,1,30,6,1332,8,0,NISSAN QASHQAI,-1,-1,0,-1
2023461306483,2023,461306483,2,9,0,18,19,3,7,0,0,1,0,0,0,0,3,1,6,6,2,76,11,1197,1,8,NISSAN QASHQAI,10,E01032828,0,-1
2023451339990,2023,451339990,2,9,0,17,19,2,6,0,0,1,0,0,0,0,3,1,5,6,2,67,10,1598,1,11,NISSAN QASHQAI,7,E01032717,0,-1
2023010468492,2023,010468492,2,9,0,2,2,0,0,0,0,1,0,0,0,0,3,1,6,6,3,-1,-1,1997,1,13,NISSAN QASHQAI,-1,-1,0,-1
2023340WN5652,2023,340WN5652,3,9,0,18,19,8,4,0,0,1,0,0,0,0,1,1,6,6,1,58,9,1332,8,1,NISSAN QASHQAI,8,E01027282,0,-1
2023421366691,2023,421366691,2,9,0,18,19,6,2,0,0,0,0,0,1,7,2,1,2,2,1,31,6,1598,1,14,NISSAN QASHQAI,4,E01013756,0,-1
2023211320530,2023,211320530,1,9,0,5,5,6,2,0,0,0,0,0,0,0,3,1,6,6,1,37,7,1461,2,10,NISSAN QASHQAI,-1,-1,0,-1
2023131389212,2023,131389212,2,9,0,2,2,0,0,0,0,1,0,0,0,0,4,1,6,6,3,-1,-1,1598,1,16,NISSAN QASHQAI,-1,-1,0,-1
2023622300857,2023,622300857,1,8,0,18,19,6,2,0,0,1,0,0,0,0,3,1,3,7,2,38,7,1994,2,16,-1,2,W01001810,0,-1
2023440318701,2023,440318701,1,9,0,4,4,5,1,0,0,0,0,0,0,0,3,1,6,6,2,53,8,1598,2,11,NISSAN QASHQAI,9,E01022930,0,-1
2023052302760,2023,052302760,2,9,0,18,19,3,7,0,0,8,0,0,0,0,1,1,6,6,1,80,11,1598,1,12,NISSAN QASHQAI,6,E01007159,0,-1
2023631334604,2023,631334604,1,9,0,18,19,2,6,0,0,0,0,0,0,0,1,1,6,6,1,75,10,1598,1,16,NISSAN QASHQAI,4,W01000508,0,-1
2023231322790,2023,231322790,2,9,0,3,3,2,6,0,0,0,0,0,0,0,2,1,5,6,2,46,8,1197,1,8,NISSAN QASHQAI,8,E01019788,0,-1
2023451266232,2023,451266232,2,9,0,18,19,1,5,0,0,1,0,0,0,0,1,1,1,1,1,24,5,1598,1,14,NISSAN QASHQAI,3,E01002508,0,-1
2023622300923,2023,622300923,1,9,0,18,19,4,8,0,0,2,0,0,0,0,4,1,6,6,2,33,6,1461,2,10,NISSAN QASHQAI,3,W01001247,0,-1
2023461302762,2023,461302762,1,9,0,18,19,7,3,0,0,0,0,0,0,0,0,1,6,6,3,-1,-1,1197,1,8,NISSAN QASHQAI,-1,-1,0,-1
2023101372200,2023,101372200,1,9,0,18,19,1,5,0,0,0,0,0,0,0,3,1,6,6,1,60,9,1461,2,6,NISSAN QASHQAI,4,E01027362,0,-1
2023451364787,2023,451364787,1,9,0,18,19,1,5,0,0,0,0,0,0,0,4,1,6,6,1,73,10,1332,1,2,NISSAN QASHQAI,10,E01023734,0,-1
2023371260244,2023,371260244,2,9,0,18,19,4,5,0,0,0,0,0,0,0,2,1,3,7,2,35,6,1198,1,9,NISSAN QASHQAI,9,E01029967,0,-1
2023010428976,2023,010428976,2,9,0,99,99,9,9,99,99,9,9,99,9,99,1,9,6,6,3,-1,-1,1197,1,6,NISSAN QASHQAI,-1,-1,0,-1
2023991324283,2023,991324283,1,9,0,5,5,6,2,0,0,1,0,0,0,0,3,1,6,6,2,39,7,1197,1,6,NISSAN QASHQAI,2,-1,0,-1
2023010480181,2023,010480181,2,9,0,2,2,0,0,0,0,0,0,0,0,0,4,1,6,6,3,-1,-1,1497,8,0,NISSAN QASHQAI,-1,-1,0,-1
2023401291690,2023,401291690,1,9,0,18,19,-1,-1,0,0,7,0,0,0,0,1,1,6,6,1,64,9,1461,2,12,NISSAN QASHQAI,7,W01000430,0,-1
2023161310058,2023,161310058,2,9,0,2,2,0,0,0,0,0,0,0,0,0,3,1,6,6,1,-1,-1,1461,2,14,NISSAN QASHQAI,1,E01013142,0,-1
2023010465965,2023,010465965,2,9,0,99,99,9,9,99,99,9,9,99,9,99,9,9,6,6,3,78,11,1332,1,3,NISSAN QASHQAI,7,E01024439,0,-1
2023430357069,2023,430357069,2,9,0,3,3,5,1,0,0,1,0,0,0,0,3,1,6,6,2,45,7,1461,2,12,NISSAN QASHQAI,6,E01028700,0,-1
2023411364629,2023,411364629,1,9,0,4,4,5,1,0,0,1,0,0,0,0,1,1,6,6,2,29,6,1997,1,15,NISSAN QASHQAI,10,E01023502,0,-1
2023010459008,2023,010459008,2,9,0,2,2,0,0,0,0,0,0,0,0,0,2,1,6,6,3,-1,-1,1461,2,10,NISSAN QASHQAI,-1,-1,0,-1