collision_index,collision_year,collision_ref_no,vehicle_reference,vehicle_type,towing_and_articulation,vehicle_manoeuvre_historic,vehicle_manoeuvre,vehicle_direction_from,vehicle_direction_to,vehicle_location_restricted_lane_historic,vehicle_location_restricted_lane,junction_location,skidding_and_overturning,hit_object_in_carriageway,vehicle_leaving_carriageway,hit_object_off_carriageway,first_point_of_impact,vehicle_left_hand_drive,journey_purpose_of_driver_historic,journey_purpose_of_driver,sex_of_driver,age_of_driver,age_band_of_driver,engine_capacity_cc,propulsion_code,age_of_vehicle,generic_make_model,driver_imd_decile,lsoa_of_driver,escooter_flag,driver_distance_banding
2023010432188,2023,010432188,1,9,0,7,7,5,7,0,0,8,0,0,0,0,1,1,6,6,1,79,11,1598,1,10,NISSAN QASHQAI,-1,-1,0,-1
2023052301920,2023,052301920,3,9,0,2,2,0,0,0,0,0,0,0,0,0,2,1,6,6,3,-1,-1,1197,1,6,NISSAN QASHQAI,-1,-1,0,-1
2023010426208,2023,010426208,1,9,0,99,99,9,9,99,99,9,9,99,9,99,2,9,2,2,2,37,7,1618,1,8,NISSAN QASHQAI,4,E01002346,0,-1
2023471386948,2023,471386948,2,9,0,16,19,4,7,0,0,0,1,0,0,0,1,1,6,6,2,49,8,1198,1,8,NISSAN QASHQAI,7,E01031500,0,-1
2023010435099,2023,010435099,2,9,0,2,2,0,0,0,0,2,0,0,0,0,2,1,6,6,3,-1,-1,1598,1,15,NISSAN QASHQAI,-1,-1,0,-1
2023451357962,2023,451357962,2,9,0,2,2,0,0,9,9,1,0,0,0,0,1,1,6,6,1,30,6,1598,1,12,NISSAN QASHQAI,-1,-1,0,-1
2023010478248,2023,010478248,1,9,0,18,19,6,2,0,0,0,5,4,0,0,1,1,6,6,1,49,8,1598,1,15,NISSAN QASHQAI,9,E01002108,0,-1
2023201372497,2023,201372497,2,9,0,9,9,4,2,0,0,5,0,0,0,0,4,1,6,6,1,-1,-1,1461,2,14,NISSAN QASHQAI,2,E01009389,0,-1
2023101290582,2023,101290582,2,9,0,18,19,5,1,0,0,8,0,0,0,0,1,1,6,6,1,44,7,1332,1,5,NISSAN QASHQAI,8,E01027406,0,-1
2023461286723,2023,461286723,2,9,0,4,4,3,7,0,0,8,0,0,0,0,1,1,6,6,1,36,7,1461,2,6,NISSAN QASHQAI,6,E01024520,0,-1
2023302301432,2023,302301432,1,9,0,18,19,6,2,0,0,1,0,0,0,0,4,1,6,6,1,70,10,1598,2,5,NISSAN QASHQAI,9,E01012224,0,-1
2023320744092,2023,320744092,1,9,0,18,19,5,1,0,0,0,1,0,0,0,2,1,6,6,2,40,7,1598,1,15,NISSAN QASHQAI,-1,-1,0,-1
2023991284010,2023,991284010,1,9,0,13,13,6,2,0,0,0,2,0,1,1,1,1,6,6,2,26,6,1198,1,9,NISSAN QASHQAI,-1,-1,0,-1
2023161370710,2023,161370710,1,9,0,3,3,5,1,0,0,8,0,0,0,0,2,1,5,6,2,65,9,1197,1,6,NISSAN QASHQAI,2,E01013331,0,-1
2023041309508,2023,041309508,1,9,0,18,19,1,5,0,0,0,0,0,0,0,1,1,5,6,1,64,9,1332,8,1,NISSAN QASHQAI,9,E01019255,0,-1
2023041290585,2023,041290585,1,9,0,18,19,1,3,0,0,0,0,0,0,0,2,1,6,6,2,66,10,1332,8,2,NISSAN QASHQAI,7,E01025400,0,-1
2023041298126,2023,041298126,2,9,0,18,19,5,1,0,0,0,0,0,0,0,3,1,6,6,1,51,8,1598,2,9,NISSAN QASHQAI,3,E01010988,0,-1
2023411414975,2023,411414975,1,9,0,4,4,1,5,0,0,1,1,0,0,0,0,1,6,6,3,46,8,1461,2,4,NISSAN QASHQAI,7,E01023602,0,-1
2023131389300,2023,131389300,2,9,0,18,19,1,5,0,0,0,0,0,0,0,3,1,6,6,1,24,5,1598,2,6,NISSAN QASHQAI,8,E01011406,0,-1
2023201394326,2023,201394326,2,9,0,18,19,8,4,0,0,1,0,10,1,1,3,1,5,6,2,56,9,1598,2,11,NISSAN QASHQAI,3,E01010451,0,-1
2023461305182,2023,461305182,2,9,0,18,19,2,7,0,0,0,0,0,0,0,0,1,6,6,1,37,7,1461,2,14,NISSAN QASHQAI,5,E01024122,0,-1
2023471360139,2023,471360139,1,9,0,17,19,4,1,0,0,0,0,0,0,0,3,1,6,6,1,61,9,1461,2,5,NISSAN QASHQAI,4,E01031453,0,-1
2023201292487,2023,201292487,2,9,0,18,19,5,1,0,0,8,0,0,0,0,4,1,6,6,2,-1,-1,1598,1,11,NISSAN QASHQAI,-1,-1,0,-1
2023991320019,2023,991320019,2,9,0,18,19,5,2,0,0,8,0,0,0,0,1,1,5,6,1,51,8,1332,8,1,NISSAN QASHQAI,-1,-1,0,-1
2023522301267,2023,522301267,1,9,0,9,9,3,1,0,0,8,0,0,0,0,1,1,6,6,2,45,7,1197,1,5,NISSAN QASHQAI,2,E01014575,0,-1
2023991386544,2023,991386544,2,9,0,18,19,6,2,0,0,1,0,0,0,0,4,1,5,6,1,61,9,1461,2,5,NISSAN QASHQAI,2,-1,0,-1
2023421308764,2023,421308764,1,9,0,18,19,1,5,0,0,1,0,0,0,0,1,1,6,6,1,38,7,1197,1,6,NISSAN QASHQAI,1,E01015895,0,-1
2023201323536,2023,201323536,1,9,0,18,19,6,2,0,0,0,5,10,7,1,1,1,5,6,1,42,7,1598,1,12,NISSAN QASHQAI,2,E01008958,0,-1
2023201387606,2023,201387606,3,9,0,2,2,0,0,0,0,2,0,0,0,0,1,1,6,6,1,-1,-1,1332,8,2,NISSAN QASHQAI,-1,-1,0,-1
2023351357581,2023,351357581,3,9,0,17,19,1,5,0,0,1,0,0,0,0,2,1,6,6,2,36,7,1461,2,5,NISSAN QASHQAI,4,E01026280,0,-1
2023201420149,2023,201420149,1,9,0,18,19,8,4,0,0,0,5,0,0,0,4,1,6,6,2,26,6,1461,2,5,NISSAN QASHQAI,1,E01005386,0,-1
2023010482764,2023,010482764,2,9,0,99,99,9,9,99,99,9,9,99,9,99,9,9,6,6,3,-1,-1,1598,1,12,NISSAN QASHQAI,-1,-1,0,-1
2023451275675,2023,451275675,2,9,0,18,19,3,7,0,0,0,0,0,0,0,3,1,5,6,1,40,7,1598,1,15,NISSAN QASHQAI,5,E01030750,0,-1
2023122301149,2023,122301149,1,9,0,18,19,2,6,0,0,0,0,0,0,0,4,1,6,6,2,53,8,1332,1,3,NISSAN QASHQAI,7,E01027571,0,-1
2023161361756,2023,161361756,1,9,0,17,19,1,3,0,0,0,0,0,0,0,3,1,6,6,1,52,8,1197,1,5,NISSAN QASHQAI,2,E01012775,0,-1
2023991313969,2023,991313969,1,9,0,16,19,7,3,0,0,0,0,0,0,0,3,1,5,6,1,62,9,1332,8,1,NISSAN QASHQAI,-1,-1,0,-1
2023052302352,2023,052302352,2,9,0,18,19,1,5,0,0,8,0,0,0,0,2,1,6,6,2,33,6,1461,2,7,NISSAN QASHQAI,4,E01006619,0,-1
2023161380638,2023,161380638,1,9,0,18,19,4,8,0,0,8,0,0,0,0,4,1,5,6,1,37,7,1461,2,7,NISSAN QASHQAI,-1,-1,0,-1
2023221394754,2023,221394754,2,9,0,5,5,2,6,0,0,0,0,0,0,0,1,1,6,6,2,31,6,1461,2,15,NISSAN QASHQAI,5,E01028933,0,-1
2023501373927,2023,501373927,2,9,0,18,19,1,5,0,0,1,0,0,0,0,4,1,2,2,2,47,8,1197,1,5,NISSAN QASHQAI,10,E01015033,0,-1
2023041318271,2023,041318271,2,9,0,18,19,3,3,0,0,0,1,0,0,0,2,1,5,6,2,53,8,1461,2,6,NISSAN QASHQAI,7,E01012602,0,-1
2023401352032,2023,401352032,1,9,0,18,19,3,7,0,0,0,0,0,0,0,3,1,6,6,1,49,8,1332,1,2,NISSAN QASHQAI,-1,-1,0,-1
2023010480299,2023,010480299,2,9,0,5,5,1,5,6,6,6,0,0,0,0,1,1,6,6,2,32,6,1197,1,6,NISSAN QASHQAI,8,E01002209,0,-1
2023010441433,2023,010441433,2,9,0,2,2,0,0,0,0,2,0,0,0,0,1,1,6,6,3,-1,-1,1995,2,10,NISSAN QASHQAI,-1,-1,0,-1
2023552301247,2023,552301247,2,9,0,3,3,8,4,0,0,1,0,0,0,0,4,1,6,6,2,50,8,1461,2,11,NISSAN QASHQAI,6,E01020439,0,-1
2023401363458,2023,401363458,1,9,0,16,19,7,3,0,0,0,0,0,0,0,1,1,2,2,2,37,7,1497,8,0,NISSAN QASHQAI,-1,-1,0,-1
2023302301214,2023,302301214,2,9,0,2,2,0,0,9,9,2,0,0,0,0,4,1,6,6,3,-1,-1,1461,2,14,NISSAN QASHQAI,-1,-1,0,-1
2023111321592,2023,111321592,2,9,0,4,4,5,1,0,0,8,0,0,0,0,1,1,3,7,2,34,6,1461,2,6,NISSAN QASHQAI,3,E01020658,0,-1
2023010478839,2023,010478839,2,9,0,4,4,5,1,0,0,2,0,0,0,0,3,1,6,6,2,45,7,1598,2,7,NISSAN QASHQAI,3,E01001728,0,-1
2023071052538,2023,071052538,2,9,0,4,4,6,2,0,0,0,0,0,0,0,2,1,6,6,2,46,8,1197,1,7,NISSAN QASHQAI,7,E01032039,0,-1
2023320317254,2023,320317254,1,9,0,16,19,2,4,0,0,0,0,0,0,0,1,1,6,6,2,47,8,1332,8,0,NISSAN QASHQAI,2,E01013687,0,-1
2023501270870,2023,501270870,1,9,0,13,13,3,7,0,0,1,0,0,0,0,4,1,6,6,1,65,9,1461,2,5,NISSAN QASHQAI,4,E01018965,0,-1
2023461318690,2023,461318690,1,9,0,4,4,5,1,0,0,0,0,0,0,0,1,1,6,6,2,23,5,1461,2,8,NISSAN QASHQAI,9,E01024454,0,-1
2023471339102,2023,471339102,2,9,0,4,4,3,7,0,0,0,0,0,0,0,2,1,5,6,1,57,9,1598,2,8,NISSAN QASHQAI,9,E01031413,0,-1
2023461326582,2023,461326582,1,9,0,18,19,7,3,0,0,0,0,0,0,0,3,1,1,1,2,58,9,1997,1,11,NISSAN QASHQAI,5,E01024623,0,-1
2023522301221,2023,522301221,2,9,0,11,11,6,2,0,0,2,0,0,0,0,4,1,6,6,2,32,6,1197,1,7,NISSAN QASHQAI,1,E01014638,0,-1
2023010477651,2023,010477651,2,9,0,99,99,9,9,99,99,9,9,99,9,99,9,9,6,6,3,-1,-1,1598,1,12,NISSAN QASHQAI,-1,-1,0,-1
2023471384492,2023,471384492,2,9,0,2,2,0,0,0,0,0,0,0,0,0,3,1,6,6,3,-1,-1,1197,1,5,NISSAN QASHQAI,-1,-1,0,-1
2023552300175,2023,552300175,1,9,0,5,5,3,7,0,0,4,0,0,0,0,3,1,6,6,2,41,7,1461,2,11,NISSAN QASHQAI,10,E01020384,0,-1
2023332301075,2023,332301075,1,9,0,4,4,4,7,0,0,0,0,0,0,0,2,1,1,1,2,36,7,1994,2,16,NISSAN QASHQAI,8,E01025839,0,-1
2023031390801,2023,031390801,1,9,0,9,9,5,3,0,0,1,0,0,0,0,4,1,5,6,1,76,11,1332,8,1,NISSAN QASHQAI,5,E01019278,0,-1
2023070925253,2023,070925253,1,9,0,18,19,7,3,0,0,0,2,0,1,2,1,1,6,6,3,-1,-1,1598,1,14,NISSAN QASHQAI,-1,-1,0,-1
2023052302554,2023,052302554,3,9,0,8,8,0,0,0,0,1,0,0,0,0,1,1,6,6,1,32,6,1461,2,6,NISSAN QASHQAI,7,E01006471,0,-1
2023471314263,2023,471314263,3,9,0,18,19,5,1,0,0,0,0,0,1,0,3,1,5,6,2,33,6,1598,2,6,NISSAN QASHQAI,4,E01030702,0,-1
2023401321912,2023,401321912,2,9,0,10,10,5,1,0,0,0,0,0,0,0,3,1,5,6,1,73,10,1598,2,11,NISSAN QASHQAI,10,E01023697,0,-1
2023201411023,2023,201411023,1,9,0,11,11,1,5,0,0,0,0,0,0,0,4,1,6,6,1,46,8,1997,1,14,NISSAN QASHQAI,2,E01009630,0,-1
2023340WN0162,2023,340WN0162,1,9,0,9,9,6,4,0,0,8,0,0,0,0,1,1,6,6,1,56,9,1461,2,8,NISSAN QASHQAI,5,E01027139,0,-1
2023010457222,2023,010457222,2,9,0,2,2,0,0,0,0,1,0,0,1,11,2,1,6,6,3,-1,-1,1332,1,5,NISSAN QASHQAI,-1,-1,0,-1
2023461307253,2023,461307253,2,9,0,18,19,1,5,0,0,8,0,0,0,0,4,1,6,6,1,44,7,1197,1,5,NISSAN QASHQAI,8,E01016126,0,-1
2023461355120,2023,461355120,1,9,0,18,19,3,7,0,0,8,0,0,0,0,1,1,6,6,1,54,8,1598,1,13,NISSAN QASHQAI,6,E01024161,0,-1
2023440363078,2023,440363078,1,9,0,7,7,8,2,0,0,6,0,0,0,0,3,1,6,6,1,23,5,1598,2,8,NISSAN QASHQAI,5,E01023061,0,-1
2023461276167,2023,461276167,3,9,0,4,4,8,4,0,0,1,0,0,0,0,2,1,5,6,2,40,7,1461,2,6,NISSAN QASHQAI,1,E01024597,0,-1
2023311398129,2023,311398129,2,9,0,18,19,3,7,0,0,0,0,11,0,0,1,1,6,6,1,29,6,1598,2,7,NISSAN QASHQAI,1,E01026597,0,-1
2023010439883,2023,010439883,2,9,0,99,99,9,9,99,99,9,9,99,9,99,1,9,6,6,3,-1,-1,1332,8,0,NISSAN QASHQAI,-1,-1,0,-1
2023451315376,2023,451315376,2,9,0,18,19,5,1,0,0,0,0,0,0,0,1,1,2,2,2,22,5,1598,1,16,NISSAN QASHQAI,6,E01030973,0,-1
2023052300384,2023,052300384,1,9,0,7,7,5,7,0,0,1,0,0,0,0,4,1,6,6,2,39,7,1332,8,1,NISSAN QASHQAI,8,E01007170,0,-1
2023101296376,2023,101296376,1,9,0,7,7,4,4,0,0,3,0,0,0,0,4,1,6,6,2,35,6,1461,2,11,NISSAN QASHQAI,1,E01008541,0,-1
2023201287881,2023,201287881,1,9,0,9,9,6,4,0,0,6,0,0,0,0,1,1,6,6,2,-1,-1,1461,2,11,NISSAN QASHQAI,-1,-1,0,-1
2023010483332,2023,010483332,2,9,0,99,99,9,9,99,99,9,9,99,9,99,9,9,6,6,3,45,7,1197,1,8,NISSAN QASHQAI,3,E01004034,0,-1
2023010439288,2023,010439288,1,9,0,18,19,8,4,0,0,8,0,0,3,0,1,1,2,2,2,57,9,1198,1,9,NISSAN QASHQAI,8,E01003649,0,-1
2023010459620,2023,010459620,2,9,0,99,99,9,9,99,99,9,9,99,9,99,9,9,6,6,3,-1,-1,1197,1,6,NISSAN QASHQAI,3,E01003539,0,-1
2023361355385,2023,361355385,2,9,0,7,7,4,7,0,0,1,0,0,0,0,4,1,6,6,2,48,8,1461,2,6,NISSAN QASHQAI,9,E01026908,0,-1
2023061275462,2023,061275462,2,9,0,10,10,1,6,0,0,1,0,0,0,0,2,1,5,6,2,44,7,1461,2,5,NISSAN QASHQAI,4,E01005494,0,-1
2023010469752,2023,010469752,2,9,9,99,99,9,9,99,99,9,9,99,9,99,9,9,6,6,3,-1,-1,1197,1,6,NISSAN QASHQAI,-1,-1,0,-1
2023471314640,2023,471314640,4,9,0,18,19,5,1,0,0,1,0,0,1,0,1,1,5,6,2,42,7,1997,1,10,NISSAN QASHQAI,6,E01031514,0,-1
2023311302106,2023,311302106,1,9,0,13,13,4,8,0,0,0,1,0,7,0,4,1,2,2,1,29,6,1461,2,14,NISSAN QASHQAI,4,E01028239,0,-1
2023061337968,2023,061337968,1,9,0,3,3,1,5,0,0,1,0,0,0,0,3,1,2,2,2,54,8,1598,2,7,NISSAN QASHQAI,2,E01006322,0,-1
2023461300285,2023,461300285,1,9,0,18,19,4,8,0,0,0,0,0,0,0,1,1,6,6,2,35,6,1598,1,10,NISSAN QASHQAI,6,E01024736,0,-1
2023010482198,2023,010482198,2,9,0,18,19,4,8,0,0,0,0,0,0,0,2,1,6,6,2,53,8,1332,1,3,NISSAN QASHQAI,10,E01023591,0,-1
2023471364850,2023,471364850,1,9,0,9,9,7,3,0,0,8,0,0,0,0,4,1,3,7,2,25,5,1598,2,10,NISSAN QASHQAI,10,E01031619,0,-1
2023401310136,2023,401310136,1,9,0,7,7,7,1,0,0,1,0,4,0,0,1,1,6,6,1,46,8,1461,2,8,NISSAN QASHQAI,8,E01017467,0,-1
2023361355287,2023,361355287,1,9,0,18,19,6,2,0,0,0,0,0,7,0,1,1,5,6,1,82,11,1198,1,9,NISSAN QASHQAI,4,E01029900,0,-1
2023061350931,2023,061350931,3,9,0,4,4,6,1,0,0,4,0,0,0,0,2,1,6,6,1,36,7,1461,2,12,NISSAN QASHQAI,4,E01006278,0,-1
2023340WN1522,2023,340WN1522,2,9,0,18,19,1,5,0,0,0,0,0,0,0,2,1,6,6,1,41,7,1461,2,7,NISSAN QASHQAI,-1,-1,0,-1
2023122301140,2023,122301140,1,9,0,9,9,2,4,0,0,6,0,0,0,0,1,1,2,2,1,45,7,1598,1,11,NISSAN QASHQAI,7,E01033106,0,-1
2023332300625,2023,332300625,2,9,0,18,19,8,4,0,0,0,0,0,1,0,1,1,6,6,1,64,9,1598,2,8,NISSAN QASHQAI,10,E01031317,0,-1
2023421303760,2023,421303760,2,9,0,18,19,7,3,0,0,0,0,0,0,0,2,1,5,6,2,31,6,1997,1,15,NISSAN QASHQAI,3,E01002264,0,-1
2023440204087,2023,440204087,1,9,0,10,10,3,1,0,0,1,0,0,0,0,2,1,6,6,2,65,9,1598,2,8,NISSAN QASHQAI,6,E01022925,0,-1
2023010463639,2023,010463639,3,9,0,18,19,8,4,0,0,1,0,0,0,0,3,1,6,6,3,-1,-1,1461,2,6,NISSAN QASHQAI,-1,-1,0,-1
2023610020923,2023,610020923,1,9,0,18,19,6,2,0,0,8,0,0,0,0,1,1,3,7,1,36,7,1461,2,11,NISSAN QASHQAI,1,W01001479,0,-1
2023351284845,2023,351284845,2,9,0,11,11,3,7,0,0,3,0,0,7,11,2,1,2,2,1,-1,-1,1618,1,5,NISSAN QASHQAI,6,E01015672,0,-1
2023411298021,2023,411298021,1,9,0,5,5,6,8,0,0,4,0,0,0,0,3,1,5,6,1,76,11,1197,1,8,NISSAN QASHQAI,7,E01023923,0,-1
2023451304946,2023,451304946,1,9,0,5,5,1,2,0,0,4,0,0,0,0,1,1,5,6,1,74,10,1598,1,11,NISSAN QASHQAI,9,E01004191,0,-1
2023201280742,2023,201280742,1,9,0,9,9,3,2,0,0,5,0,0,0,0,1,1,6,6,1,38,7,1461,2,16,NISSAN QASHQAI,2,E01010049,0,-1
2023201278616,2023,201278616,3,9,0,2,2,0,0,0,0,2,0,0,0,0,3,1,6,6,3,-1,-1,1332,8,1,NISSAN QASHQAI,-1,-1,0,-1
2023131312355,2023,131312355,1,9,0,18,19,3,7,0,0,0,0,0,0,0,4,1,1,1,2,87,11,1332,1,2,NISSAN QASHQAI,4,E01011089,0,-1
2023010465170,2023,010465170,1,9,0,9,9,3,1,0,0,8,0,0,0,0,3,1,6,6,2,32,6,1497,8,0,NISSAN QASHQAI,1,E01003052,0,-1
2023101267637,2023,101267637,1,9,0,18,19,7,3,0,0,0,0,0,1,0,1,1,5,6,1,86,11,1332,1,3,NISSAN QASHQAI,9,E01027449,0,-1
2023451310153,2023,451310153,2,9,0,18,19,1,5,0,0,6,0,0,0,0,2,1,5,6,1,52,8,1461,2,7,NISSAN QASHQAI,9,E01030325,0,-1
2023411302011,2023,411302011,2,9,0,3,3,5,1,0,0,1,0,0,0,0,2,1,3,7,2,45,7,1461,2,10,NISSAN QASHQAI,2,E01023404,0,-1
2023010452427,2023,010452427,1,9,0,99,99,9,9,99,99,9,9,99,9,99,2,9,6,6,1,52,8,1332,1,4,NISSAN QASHQAI,2,E01001218,0,-1
2023052400337,2023,052400337,2,9,0,18,19,7,3,0,0,0,0,0,0,0,2,1,6,6,2,40,7,1497,8,0,NISSAN QASHQAI,4,E01006459,0,-1
2023461330818,2023,461330818,2,9,0,12,12,2,8,0,0,4,0,0,0,0,2,1,6,6,1,29,6,1197,1,8,NISSAN QASHQAI,2,E01024246,0,-1
2023302301808,2023,302301808,2,9,0,18,19,7,3,0,0,2,1,0,1,10,2,1,6,6,1,39,7,1197,1,6,NISSAN QASHQAI,2,E01013947,0,-1
2023520300957,2023,520300957,1,9,0,18,19,8,3,0,0,0,0,0,0,0,1,1,6,6,1,39,7,1461,2,6,NISSAN QASHQAI,6,E01019893,0,-1
2023071091035,2023,071091035,2,9,0,18,19,6,2,0,0,0,0,0,0,0,2,1,6,6,1,84,11,1197,1,5,NISSAN QASHQAI,9,E01005908,0,-1
2023101374297,2023,101374297,2,9,0,18,19,1,5,0,0,0,0,0,0,0,4,1,6,6,1,40,7,1332,8,1,NISSAN QASHQAI,7,E01008518,0,-1
2023010423992,2023,010423992,2,9,0,99,99,9,9,99,99,0,9,99,9,99,1,9,6,6,3,-1,-1,1598,1,16,NISSAN QASHQAI,-1,-1,0,-1
2023461368244,2023,461368244,2,9,0,4,4,5,1,0,0,4,0,0,0,0,2,1,6,6,1,35,6,1332,8,0,NISSAN QASHQAI,3,E01031459,0,-1
2023010431137,2023,010431137,1,9,0,18,19,3,7,0,0,1,0,0,0,0,1,1,2,2,1,52,8,1332,1,4,NISSAN QASHQAI,3,E01002311,0,-1
2023070908246,2023,070908246,2,9,0,5,5,8,3,0,0,6,0,0,0,0,4,1,6,6,2,54,8,1598,1,14,NISSAN QASHQAI,10,E01018683,0,-1
2023131299610,2023,131299610,2,9,0,18,19,3,7,0,0,0,5,0,0,0,3,1,2,2,2,44,7,1598,1,13,NISSAN QASHQAI,7,E01011416,0,-1
2023421389993,2023,421389993,2,9,0,18,19,1,5,0,0,0,0,0,0,0,4,1,6,6,2,48,8,1598,1,12,NISSAN QASHQAI,3,E01015927,0,-1
2023010447548,2023,010447548,2,9,0,99,99,9,9,99,99,9,9,99,9,99,1,9,6,6,1,52,8,1598,1,12,NISSAN QASHQAI,2,E01002032,0,-1
2023430166965,2023,430166965,2,9,0,9,9,7,5,0,0,8,0,0,0,0,1,1,6,6,1,35,6,1461,2,6,NISSAN QASHQAI,6,E01016745,0,-1
2023061340073,2023,061340073,1,9,0,9,9,2,8,0,0,0,0,0,0,0,3,1,5,6,1,49,8,1461,2,15,NISSAN QASHQAI,9,E01006122,0,-1
2023520300895,2023,520300895,2,9,0,3,3,2,7,0,0,0,0,0,0,0,2,1,6,6,1,65,9,1332,1,3,NISSAN QASHQAI,-1,-1,0,-1
2023471303554,2023,471303554,1,9,0,7,7,7,1,0,0,8,0,0,0,0,1,1,5,6,2,22,5,1598,2,7,NISSAN QASHQAI,8,E01021197,0,-1
2023041350349,2023,041350349,3,9,0,2,2,7,7,0,0,1,0,0,0,0,1,1,6,6,3,-1,-1,1461,2,14,NISSAN QASHQAI,-1,-1,0,-1
2023131306383,2023,131306383,1,9,0,18,19,1,5,0,0,0,0,0,0,0,1,1,2,2,2,29,6,1598,1,15,NISSAN QASHQAI,1,E01011622,0,-1
2023440118089,2023,440118089,1,9,0,5,5,5,1,0,0,4,0,0,0,0,3,1,6,6,1,36,7,1332,8,2,NISSAN QASHQAI,10,E01023243,0,-1
2023440089585,2023,440089585,1,9,0,18,19,1,5,0,0,1,0,0,0,0,1,1,6,6,1,38,7,1197,1,5,NISSAN QASHQAI,3,E01017078,0,-1
2023991371321,2023,991371321,1,9,0,18,19,1,5,0,0,0,0,0,0,0,1,2,3,7,2,38,7,1332,1,3,NISSAN QASHQAI,9,-1,0,-1
2023991270606,2023,991270606,1,9,0,9,9,4,1,0,0,1,0,0,0,0,1,1,5,6,1,32,6,1332,8,1,NISSAN QASHQAI,1,-1,0,-1
2023201290716,2023,201290716,1,9,0,1,1,3,7,0,0,2,0,10,1,0,2,1,6,6,1,-1,-1,1332,1,4,NISSAN QASHQAI,-1,-1,0,-1
2023070253263,2023,070253263,1,9,0,7,7,6,2,0,0,4,0,0,0,0,4,1,6,6,2,59,9,1332,1,3,NISSAN QASHQAI,9,E01018723,0,-1
2023221311206,2023,221311206,2,9,0,9,9,2,8,0,0,5,0,0,0,0,1,1,5,6,2,40,7,1461,2,8,NISSAN QASHQAI,9,E01014103,0,-1
2023010481140,2023,010481140,1,9,0,4,4,1,5,0,0,2,0,0,0,0,2,1,6,6,1,32,6,1461,2,7,NISSAN QASHQAI,4,E01003212,0,-1
2023461305931,2023,461305931,2,9,0,18,19,4,8,0,0,1,0,0,0,0,1,1,3,7,1,45,7,1618,1,7,NISSAN QASHQAI,6,E01024428,0,-1
2023351338934,2023,351338934,2,9,0,9,9,6,4,0,0,3,0,9,0,0,1,1,5,6,2,60,9,1598,1,11,NISSAN QASHQAI,1,E01018103,0,-1
2023010448172,2023,010448172,1,9,0,7,7,7,1,0,0,8,0,0,0,0,3,1,6,6,2,36,7,1461,2,9,NISSAN QASHQAI,9,E01001063,0,-1
2023041402541,2023,041402541,1,9,0,18,19,3,7,0,0,0,0,0,0,0,4,1,5,6,2,86,11,1332,1,4,NISSAN QASHQAI,9,E01025240,0,-1
2023201416074,2023,201416074,1,9,0,18,19,3,7,0,0,8,0,0,0,0,1,1,5,6,2,48,8,1461,2,8,NISSAN QASHQAI,2,E01009050,0,-1
2023010486114,2023,010486114,1,9,0,99,99,9,9,99,99,0,9,99,9,99,9,9,6,6,1,37,7,1332,8,0,NISSAN QASHQAI,1,E01000798,0,-1
2023010423635,2023,010423635,1,9,0,17,19,5,1,0,0,0,0,4,0,0,1,1,6,6,2,55,8,1997,1,16,NISSAN QASHQAI,6,E01003836,0,-1
2023131261744,2023,131261744,3,9,0,18,19,2,6,0,0,0,0,0,0,0,3,1,5,6,1,32,6,1461,2,9,NISSAN QASHQAI,4,E01010902,0,-1
2023622300598,2023,622300598,1,9,0,18,19,6,2,0,0,1,0,10,1,1,1,1,6,6,2,49,8,1461,2,6,NISSAN QASHQAI,4,W01001272,0,-1
2023211353330,2023,211353330,2,9,0,10,10,6,2,0,0,0,0,0,0,0,2,1,6,6,2,30,6,1197,1,8,NISSAN QASHQAI,7,E01029683,0,-1
2023361291200,2023,361291200,2,9,0,18,19,1,5,0,0,1,0,0,0,0,4,1,5,6,2,71,10,1598,2,5,NISSAN QASHQAI,6,E01026877,0,-1
2023010458915,2023,010458915,1,9,0,99,99,9,9,99,99,9,9,99,9,99,9,9,6,6,1,44,7,1197,1,7,NISSAN QASHQAI,2,E01004389,0,-1
2023010479773,2023,010479773,1,9,0,5,5,7,3,0,0,1,0,0,0,0,3,1,6,6,1,32,6,1332,8,0,NISSAN QASHQAI,2,E01000021,0,-1
2023302301531,2023,302301531,1,9,0,9,9,4,1,0,0,1,0,0,0,0,1,1,6,6,1,84,11,1332,1,3,NISSAN QASHQAI,2,E01019567,0,-1
2023471274639,2023,471274639,1,9,0,4,4,6,2,0,0,4,0,0,0,0,3,1,6,6,1,-1,-1,1461,2,12,NISSAN QASHQAI,5,E01031750,0,-1
2023010480848,2023,010480848,2,9,0,2,2,0,0,0,0,1,0,0,0,0,3,1,6,6,3,-1,-1,1332,8,0,NISSAN QASHQAI,-1,-1,0,-1
2023010480988,2023,010480988,2,9,0,18,19,1,5,0,0,0,5,0,0,0,1,1,6,6,1,81,11,1997,1,16,NISSAN QASHQAI,6,E01000727,0,-1
2023010419665,2023,010419665,1,9,0,9,9,7,5,0,0,1,0,0,0,0,3,1,2,2,2,44,7,1461,2,4,NISSAN QASHQAI,8,E01004103,0,-1
2023052300053,2023,052300053,2,9,0,18,19,6,8,0,0,1,0,4,0,0,1,1,6,6,2,26,6,1461,2,4,NISSAN QASHQAI,1,E01006908,0,-1
2023010430241,2023,010430241,1,9,0,7,7,4,5,0,0,1,0,0,0,0,1,1,6,6,2,38,7,1497,8,0,NISSAN QASHQAI,3,E01001117,0,-1