collision_index,collision_year,collision_ref_no,vehicle_reference,vehicle_type,towing_and_articulation,vehicle_manoeuvre_historic,vehicle_manoeuvre,vehicle_direction_from,vehicle_direction_to,vehicle_location_restricted_lane_historic,vehicle_location_restricted_lane,junction_location,skidding_and_overturning,hit_object_in_carriageway,vehicle_leaving_carriageway,hit_object_off_carriageway,first_point_of_impact,vehicle_left_hand_drive,journey_purpose_of_driver_historic,journey_purpose_of_driver,sex_of_driver,age_of_driver,age_band_of_driver,engine_capacity_cc,propulsion_code,age_of_vehicle,generic_make_model,driver_imd_decile,lsoa_of_driver,escooter_flag,driver_distance_banding
2023501374562,2023,501374562,4,9,0,4,4,1,5,0,0,1,0,0,0,0,2,1,5,6,1,21,5,1461,2,8,NISSAN QASHQAI,6,E01018753,0,-1
2023010443784,2023,010443784,1,9,0,3,3,5,1,0,0,0,0,0,0,0,0,1,2,2,1,47,8,1332,1,3,NISSAN QASHQAI,2,E01003324,0,-1
2023531375683,2023,531375683,1,9,0,18,19,1,5,0,0,1,0,0,0,0,1,1,6,6,1,59,9,1332,1,2,NISSAN QASHQAI,5,E01022441,0,-1
2023131281264,2023,131281264,2,9,0,18,19,1,5,0,0,8,0,0,0,0,2,1,4,7,2,49,8,1461,2,8,NISSAN QASHQAI,4,E01011095,0,-1
2023211363024,2023,211363024,1,9,0,18,19,5,1,0,0,0,0,0,0,0,1,1,5,6,2,75,10,1618,1,7,NISSAN QASHQAI,8,E01029813,0,-1
2023440267410,2023,440267410,2,9,0,4,4,2,6,0,0,1,0,0,0,0,2,1,6,6,2,30,6,1598,2,10,NISSAN QASHQAI,9,E01022674,0,-1
2023010469362,2023,010469362,2,9,0,99,99,9,9,99,99,9,9,99,9,99,9,9,6,6,1,36,7,1332,1,1,NISSAN QASHQAI,10,E01030509,0,-1
2023201338879,2023,201338879,2,9,0,18,19,8,4,0,0,8,0,0,0,0,3,1,6,6,1,60,9,1332,1,3,NISSAN QASHQAI,1,E01009748,0,-1
2023201322711,2023,201322711,1,9,0,18,19,8,4,0,0,0,0,7,1,10,1,1,6,6,1,33,6,1461,2,6,NISSAN QASHQAI,-1,-1,0,-1
2023131394023,2023,131394023,1,9,0,18,19,3,7,0,0,0,0,0,0,0,1,1,6,6,3,-1,-1,1598,2,8,NISSAN QASHQAI,-1,-1,0,-1
2023371317020,2023,371317020,2,9,0,3,3,7,3,0,0,1,0,0,0,0,2,1,5,6,2,31,6,1598,1,10,NISSAN QASHQAI,8,E01030242,0,-1
2023430039937,2023,430039937,1,9,0,4,4,8,4,0,0,0,0,0,0,0,2,1,1,1,2,27,6,1332,8,2,NISSAN QASHQAI,4,E01016453,0,-1
2023371272530,2023,371272530,3,9,0,9,9,4,1,0,0,1,0,0,0,0,3,1,6,6,1,32,6,1461,2,6,NISSAN QASHQAI,7,E01033126,0,-1
2023622300958,2023,622300958,1,9,0,16,19,4,8,0,0,0,0,0,0,0,1,1,2,2,1,60,9,1461,2,6,NISSAN QASHQAI,3,W01001200,0,-1
2023010467817,2023,010467817,2,9,0,3,3,1,5,0,0,1,0,0,0,0,0,1,6,6,1,53,8,1332,8,0,NISSAN QASHQAI,3,E01001117,0,-1
2023101322938,2023,101322938,2,9,0,18,19,4,8,0,0,0,0,0,0,0,3,1,5,6,2,42,7,1461,2,8,NISSAN QASHQAI,8,E01008808,0,-1
2023440339551,2023,440339551,2,9,0,2,2,0,0,0,0,0,0,0,0,0,3,1,6,6,2,-1,-1,1461,2,12,NISSAN QASHQAI,-1,-1,0,-1
2023622300808,2023,622300808,6,9,0,2,2,0,0,0,0,0,0,0,0,0,2,1,6,6,3,-1,-1,1598,1,12,NISSAN QASHQAI,-1,-1,0,-1
2023010447963,2023,010447963,2,9,0,99,99,9,9,99,99,9,9,99,9,99,1,9,6,6,3,-1,-1,1197,1,7,NISSAN QASHQAI,-1,-1,0,-1
2023461380301,2023,461380301,1,9,0,-1,-1,-1,-1,-1,-1,0,-1,-1,-1,0,0,1,6,6,1,82,11,1461,2,10,NISSAN QASHQAI,5,E01016151,0,-1
2023461320331,2023,461320331,2,9,0,18,19,5,1,0,0,8,0,0,0,0,1,1,6,6,2,48,8,1598,1,11,NISSAN QASHQAI,2,E01024699,0,-1
2023010468711,2023,010468711,1,9,0,99,99,9,9,99,99,9,9,99,9,99,9,9,6,6,2,42,7,1461,2,6,NISSAN QASHQAI,9,E01000351,0,-1
2023552301121,2023,552301121,2,9,0,18,19,6,2,0,0,8,0,0,0,0,1,1,6,6,2,46,8,1461,2,7,NISSAN QASHQAI,6,E01015318,0,-1
2023991358242,2023,991358242,1,9,0,18,19,6,2,0,0,0,0,0,0,0,0,1,5,6,1,61,9,1497,8,1,NISSAN QASHQAI,-1,-1,0,-1
2023161275276,2023,161275276,1,9,0,15,15,2,6,0,0,0,0,0,0,0,1,1,2,2,1,32,6,1332,1,4,NISSAN QASHQAI,1,E01012809,0,-1
2023440491894,2023,440491894,2,9,0,4,4,8,4,0,0,0,0,0,0,0,1,1,6,6,1,-1,-1,1198,1,9,NISSAN QASHQAI,-1,-1,0,-1
2023201382715,2023,201382715,1,9,0,16,19,1,4,0,0,0,0,4,0,0,1,1,6,6,1,83,11,1461,2,5,NISSAN QASHQAI,1,E01009096,0,-1
2023131283901,2023,131283901,1,9,0,9,9,2,2,0,0,3,0,0,1,0,4,1,3,7,2,36,7,1332,1,4,NISSAN QASHQAI,1,E01011423,0,-1
2023332301015,2023,332301015,2,9,0,16,19,0,0,0,0,0,0,0,1,0,1,1,6,6,1,24,5,1598,2,11,NISSAN QASHQAI,8,E01025786,0,-1
2023131340055,2023,131340055,1,9,0,18,19,7,1,0,0,8,0,0,0,0,2,1,6,6,2,56,9,1461,2,12,NISSAN QASHQAI,8,E01010698,0,-1
2023010438705,2023,010438705,1,9,0,18,19,4,8,0,0,0,0,0,0,0,4,1,6,6,1,38,7,1598,1,11,NISSAN QASHQAI,-1,-1,0,-1
2023010476848,2023,010476848,2,9,0,99,99,9,9,99,99,9,9,99,9,99,9,9,6,6,3,-1,-1,1197,1,6,NISSAN QASHQAI,-1,-1,0,-1
2023421328601,2023,421328601,1,9,0,18,19,3,7,0,0,0,0,0,1,4,1,1,5,6,2,45,7,1332,1,4,NISSAN QASHQAI,4,E01015948,0,-1
2023332301147,2023,332301147,2,9,0,18,19,5,1,0,0,2,5,0,0,0,4,1,6,6,1,65,9,1618,1,8,NISSAN QASHQAI,3,E01025717,0,-1
2023201372899,2023,201372899,2,9,0,16,19,2,4,0,0,2,0,4,0,0,1,1,5,6,2,31,6,1995,2,12,NISSAN QASHQAI,1,E01009588,0,-1
2023010445087,2023,010445087,2,9,0,99,99,9,9,99,99,9,9,99,9,99,9,9,6,6,3,-1,-1,1332,8,1,NISSAN QASHQAI,4,E01003626,0,-1
2023440248851,2023,440248851,3,9,0,18,19,8,4,0,0,0,0,0,0,0,1,1,6,6,2,55,8,1461,2,8,NISSAN QASHQAI,9,E01022836,0,-1
2023531263916,2023,531263916,1,9,0,18,19,2,6,1,1,8,0,0,0,0,1,1,3,7,1,35,6,1598,2,10,NISSAN QASHQAI,8,E01022423,0,-1
2023131323192,2023,131323192,2,9,0,9,9,0,7,0,0,6,0,0,0,0,3,1,6,6,1,32,6,1461,2,11,NISSAN QASHQAI,2,E01011324,0,-1
2023471337972,2023,471337972,2,9,0,18,19,3,7,0,0,0,0,0,0,0,2,1,1,1,2,53,8,1997,1,15,NISSAN QASHQAI,7,E01031500,0,-1
2023070065483,2023,070065483,3,9,0,18,19,3,7,0,0,1,0,0,0,0,1,2,6,6,1,46,8,1461,2,8,NISSAN QASHQAI,-1,-1,0,-1
202360A181787,2023,60A181787,2,9,0,18,19,3,7,0,0,1,0,0,0,0,4,1,6,6,1,-1,-1,1197,1,7,NISSAN QASHQAI,-1,-1,0,-1
2023070419615,2023,070419615,1,9,0,3,3,7,3,0,0,1,0,0,0,0,3,1,6,6,2,54,8,1618,1,6,NISSAN QASHQAI,7,E01018540,0,-1
2023430222254,2023,430222254,1,9,0,4,4,8,4,0,0,3,0,0,0,0,2,1,6,6,1,36,7,1461,2,10,NISSAN QASHQAI,6,-1,0,-1
2023010443176,2023,010443176,1,9,0,18,19,5,1,0,0,1,0,0,0,0,1,1,6,6,1,23,5,1198,1,9,NISSAN QASHQAI,2,E01003506,0,-1
2023522301689,2023,522301689,1,9,0,18,19,7,3,0,0,1,0,0,0,0,1,1,6,6,3,-1,-1,1332,1,5,NISSAN QASHQAI,-1,-1,0,-1
2023010456387,2023,010456387,1,9,0,9,9,6,3,0,0,5,0,0,0,0,1,1,6,6,2,30,6,1461,2,11,NISSAN QASHQAI,7,E01001564,0,-1
2023061345648,2023,061345648,2,9,0,18,19,5,1,0,0,0,0,0,0,0,3,1,5,6,2,34,6,1332,8,2,NISSAN QASHQAI,1,E01005067,0,-1
2023361366338,2023,361366338,2,9,0,9,9,7,5,0,0,2,0,0,0,0,3,1,3,7,2,34,6,1461,2,6,NISSAN QASHQAI,9,E01026582,0,-1
2023101330486,2023,101330486,1,9,0,18,19,1,5,0,0,0,0,0,0,0,1,1,5,6,1,78,11,1461,2,7,NISSAN QASHQAI,2,E01008383,0,-1
2023520400244,2023,520400244,1,9,0,18,19,5,7,0,0,0,2,0,1,9,1,1,6,6,1,16,4,1461,2,4,NISSAN QASHQAI,6,E01029121,0,-1
2023131261706,2023,131261706,2,9,0,3,3,4,8,0,0,2,0,0,0,0,0,1,6,6,1,40,7,1497,8,0,NISSAN QASHQAI,1,E01010807,0,-1
2023320362334,2023,320362334,1,9,0,18,19,8,4,0,0,8,2,0,7,4,4,1,6,6,2,59,9,1461,2,11,NISSAN QASHQAI,-1,-1,0,-1
2023131281523,2023,131281523,1,9,0,18,19,5,1,0,0,8,0,0,0,0,3,1,2,2,2,37,7,1461,2,8,NISSAN QASHQAI,3,E01011125,0,-1
2023010443688,2023,010443688,2,9,0,99,99,9,9,99,99,9,9,99,9,99,1,9,6,6,3,-1,-1,1598,1,14,NISSAN QASHQAI,-1,-1,0,-1
2023010423449,2023,010423449,1,9,0,11,11,7,3,0,0,1,0,0,0,0,4,1,6,6,1,58,9,1598,1,12,NISSAN QASHQAI,2,E01003063,0,-1
2023010477936,2023,010477936,2,9,0,18,19,5,1,99,99,9,9,99,9,99,9,1,6,6,2,55,8,1598,1,11,NISSAN QASHQAI,4,E01001158,0,-1
2023131279743,2023,131279743,3,9,0,-1,-1,-1,-1,-1,-1,0,-1,-1,-1,0,-1,1,6,6,3,-1,-1,1461,2,11,NISSAN QASHQAI,-1,-1,0,-1
2023552300434,2023,552300434,2,9,0,4,4,8,4,0,0,5,0,0,0,0,2,1,6,6,2,34,6,1197,1,5,NISSAN QASHQAI,10,E01015445,0,-1
2023201295887,2023,201295887,3,9,0,2,2,0,0,9,9,0,0,0,0,0,0,1,6,6,3,-1,-1,1198,1,9,NISSAN QASHQAI,-1,-1,0,-1
2023622300262,2023,622300262,4,9,0,3,3,8,4,0,0,0,0,0,0,0,2,1,2,2,2,48,8,1332,1,3,NISSAN QASHQAI,8,W01000634,0,-1
2023010426735,2023,010426735,1,9,0,7,7,7,1,0,0,8,0,0,0,0,1,1,6,6,2,52,8,1198,1,8,NISSAN QASHQAI,10,E01000834,0,-1
2023141293701,2023,141293701,1,9,0,18,19,1,2,0,0,0,0,0,0,0,1,1,5,6,1,77,11,1197,1,7,NISSAN QASHQAI,4,E01007728,0,-1
2023201325650,2023,201325650,1,9,0,18,19,2,6,0,0,4,0,0,0,0,1,1,6,6,1,78,11,1197,1,5,NISSAN QASHQAI,7,E01010537,0,-1
2023471367986,2023,471367986,2,9,0,17,19,8,4,0,0,8,0,0,0,0,4,1,5,6,2,33,6,1461,2,4,NISSAN QASHQAI,3,E01016922,0,-1
2023070446178,2023,070446178,2,9,0,9,9,8,4,0,0,4,0,0,0,0,1,1,6,6,1,68,10,1332,1,4,NISSAN QASHQAI,-1,-1,0,-1
2023221277255,2023,221277255,2,9,0,9,9,5,2,0,0,5,0,0,0,0,1,1,5,6,1,53,8,1598,2,5,NISSAN QASHQAI,9,E01013987,0,-1
2023451339778,2023,451339778,2,9,0,18,19,1,5,0,0,0,0,0,0,0,1,1,6,6,3,45,7,1332,1,3,NISSAN QASHQAI,-1,-1,0,-1
2023461339696,2023,461339696,1,9,0,18,19,3,5,0,0,4,0,0,0,0,1,1,6,6,2,39,7,1598,1,11,NISSAN QASHQAI,4,E01024290,0,-1
2023231280032,2023,231280032,3,9,0,4,4,1,6,0,0,0,0,0,0,0,2,1,6,6,2,36,7,1461,2,6,NISSAN QASHQAI,2,E01031044,0,-1
2023991359119,2023,991359119,1,9,0,3,3,6,2,0,0,0,0,0,0,0,2,1,5,6,1,55,8,1461,2,5,NISSAN QASHQAI,2,-1,0,-1
2023361323980,2023,361323980,2,9,0,18,19,5,1,0,0,0,1,0,1,0,2,1,5,6,1,39,7,1332,1,2,NISSAN QASHQAI,4,E01026713,0,-1
2023131386947,2023,131386947,1,9,0,18,19,7,3,0,0,0,0,0,0,0,2,1,6,6,2,52,8,1461,2,7,NISSAN QASHQAI,3,E01011832,0,-1
2023451313985,2023,451313985,1,9,0,18,19,5,1,0,0,0,0,0,0,0,1,1,5,6,2,37,7,1332,1,4,NISSAN QASHQAI,10,E01023114,0,-1
2023010450938,2023,010450938,2,9,0,5,5,7,3,0,0,4,0,0,0,0,1,1,3,7,2,37,7,1332,1,2,NISSAN QASHQAI,3,E01000725,0,-1
2023520301237,2023,520301237,1,9,0,7,7,6,8,0,0,5,0,0,0,0,1,1,6,6,2,25,5,1332,1,3,NISSAN QASHQAI,8,E01020091,0,-1
2023631327980,2023,631327980,1,9,0,18,19,8,4,0,0,2,0,0,0,0,1,2,2,2,2,41,7,1461,2,12,NISSAN QASHQAI,5,W01000706,0,-1
2023131373480,2023,131373480,1,9,0,9,9,3,5,0,0,8,0,0,0,0,1,1,5,6,1,76,11,1197,1,5,NISSAN QASHQAI,10,E01011213,0,-1
2023010444409,2023,010444409,1,9,0,5,5,0,7,0,0,5,0,0,1,11,1,1,6,6,2,49,8,1198,1,8,NISSAN QASHQAI,5,E01002374,0,-1
2023471389741,2023,471389741,1,9,0,9,9,5,3,0,0,6,0,0,0,0,1,1,5,6,1,71,10,1598,2,11,NISSAN QASHQAI,8,E01031814,0,-1
2023201315940,2023,201315940,1,9,0,18,19,4,8,0,0,3,0,0,0,0,4,1,6,6,1,37,7,1461,2,5,NISSAN QASHQAI,2,E01010341,0,-1
2023052300517,2023,052300517,1,9,0,18,19,1,5,0,0,0,0,0,0,0,1,1,6,6,1,43,7,1332,1,3,NISSAN QASHQAI,1,E01006850,0,-1
2023122300748,2023,122300748,2,9,0,2,2,0,0,0,0,0,0,0,0,0,4,1,6,6,2,33,6,1332,1,3,NISSAN QASHQAI,6,E01027600,0,-1
2023041288482,2023,041288482,2,9,0,3,3,3,7,0,0,0,0,0,0,0,1,1,5,6,2,53,8,1332,1,3,NISSAN QASHQAI,1,E01025584,0,-1
2023201380841,2023,201380841,1,9,0,5,5,2,6,0,0,3,0,0,0,0,1,1,6,6,1,40,7,1461,2,12,NISSAN QASHQAI,1,E01010433,0,-1
2023201289742,2023,201289742,1,9,0,18,19,7,3,0,0,0,0,0,0,0,4,1,6,6,2,-1,-1,1598,1,11,NISSAN QASHQAI,-1,-1,0,-1
2023451350345,2023,451350345,2,9,0,18,19,1,5,0,0,0,0,0,0,0,4,1,2,2,2,53,8,1461,2,7,NISSAN QASHQAI,8,E01016252,0,-1
2023010443048,2023,010443048,2,9,0,99,99,9,9,99,99,9,9,99,9,99,2,9,6,6,3,48,8,1197,1,7,NISSAN QASHQAI,5,E01004188,0,-1
2023010486622,2023,010486622,2,9,0,99,99,9,9,99,99,6,9,99,9,99,9,9,6,6,3,-1,-1,1497,8,0,NISSAN QASHQAI,-1,-1,0,-1
2023170L40053,2023,170L40053,1,9,0,9,9,2,8,0,0,8,0,0,0,0,1,1,6,6,1,43,7,1461,2,5,NISSAN QASHQAI,5,E01012106,0,-1
2023201426398,2023,201426398,1,9,0,1,1,4,8,0,0,6,0,0,0,0,4,1,6,6,1,35,6,1332,8,1,NISSAN QASHQAI,1,E01009123,0,-1
2023221297714,2023,221297714,4,9,0,18,19,1,5,0,0,1,0,0,0,0,1,1,5,6,1,34,6,1461,2,12,NISSAN QASHQAI,3,E01029014,0,-1
2023552300719,2023,552300719,1,9,0,18,19,3,7,0,0,0,0,0,0,0,3,1,6,6,2,69,10,1332,1,4,NISSAN QASHQAI,5,E01020535,0,-1
2023540824123,2023,540824123,2,9,0,7,7,7,2,0,0,6,0,0,0,0,2,1,6,6,1,80,11,1332,1,4,NISSAN QASHQAI,9,E01032099,0,-1
2023010431774,2023,010431774,1,9,0,99,99,9,9,99,99,9,9,99,9,99,2,9,6,6,1,52,8,1197,1,5,NISSAN QASHQAI,6,E01001342,0,-1
2023421285019,2023,421285019,1,9,0,11,11,7,3,0,0,0,0,0,0,0,4,1,6,6,1,53,8,1332,1,4,NISSAN QASHQAI,10,E01021624,0,-1
2023461261717,2023,461261717,2,9,0,18,19,5,1,0,0,8,0,0,0,0,3,1,6,6,1,33,6,1461,2,12,NISSAN QASHQAI,2,E01024081,0,-1
2023610008623,2023,610008623,1,9,0,18,19,5,1,0,0,0,0,0,0,0,1,1,1,1,1,23,5,1598,2,5,NISSAN QASHQAI,3,W01001632,0,-1
2023070364162,2023,070364162,2,9,0,18,19,5,1,0,0,0,0,0,0,0,2,1,6,6,2,62,9,1197,1,5,NISSAN QASHQAI,1,E01005032,0,-1
2023070032817,2023,070032817,2,9,0,3,3,1,3,0,0,1,0,0,0,0,2,1,6,6,2,33,6,1461,2,7,NISSAN QASHQAI,6,E01018380,0,-1
2023471299800,2023,471299800,2,9,0,2,2,0,0,0,0,0,0,0,0,0,3,1,6,6,3,-1,-1,1197,1,7,NISSAN QASHQAI,-1,-1,0,-1
2023471318765,2023,471318765,1,9,0,18,19,3,7,0,0,1,5,0,1,1,1,1,5,6,1,90,11,1332,1,4,NISSAN QASHQAI,8,E01021599,0,-1
2023631316022,2023,631316022,1,9,0,12,12,6,2,0,0,0,0,0,0,0,1,1,5,6,2,24,5,1461,2,12,NISSAN QASHQAI,6,W01000502,0,-1
2023451283071,2023,451283071,3,9,0,2,2,0,0,0,0,2,0,0,0,0,4,1,1,1,2,35,6,1461,2,5,NISSAN QASHQAI,8,E01030474,0,-1
2023141354491,2023,141354491,2,9,0,18,19,7,3,0,0,0,0,0,0,0,1,1,6,6,1,32,6,1598,2,6,NISSAN QASHQAI,3,E01007449,0,-1
2023041371375,2023,041371375,2,9,0,18,19,3,7,0,0,1,0,0,0,0,1,1,2,2,2,25,5,1461,2,11,NISSAN QASHQAI,7,E01025339,0,-1
2023201295238,2023,201295238,1,9,0,6,6,1,1,0,0,0,0,0,0,0,4,1,6,6,2,30,6,1461,2,12,NISSAN QASHQAI,1,E01010456,0,-1
2023010459174,2023,010459174,2,9,0,18,19,7,3,0,0,1,0,8,0,0,3,1,6,6,2,28,6,1332,8,2,NISSAN QASHQAI,4,E01001233,0,-1
2023201409392,2023,201409392,2,9,0,10,10,1,7,0,0,8,0,0,0,0,2,1,6,6,3,52,8,1461,2,7,NISSAN QASHQAI,4,E01009268,0,-1
2023401329287,2023,401329287,1,9,0,5,5,5,3,0,0,1,0,0,0,0,1,1,5,6,1,48,8,1461,2,7,NISSAN QASHQAI,3,E01009589,0,-1
2023010464956,2023,010464956,2,9,0,9,9,1,6,0,0,8,0,0,0,0,1,1,6,6,1,41,7,1598,1,13,NISSAN QASHQAI,8,E01022660,0,-1
2023340WN7032,2023,340WN7032,1,9,0,18,19,3,7,0,0,0,0,0,0,0,1,1,2,2,2,43,7,1461,2,6,NISSAN QASHQAI,10,E01027271,0,-1
2023070194691,2023,070194691,1,9,0,5,5,7,3,9,9,2,1,0,7,2,1,1,2,2,1,21,5,1461,2,16,NISSAN QASHQAI,7,E01018338,0,-1
2023451355599,2023,451355599,2,9,0,18,19,1,5,0,0,0,0,0,0,0,1,1,5,6,1,55,8,1197,1,7,NISSAN QASHQAI,10,E01030940,0,-1
2023451393497,2023,451393497,1,9,0,18,19,1,5,0,0,1,0,0,0,0,1,1,6,6,1,45,7,1461,2,8,NISSAN QASHQAI,-1,-1,0,-1
2023401356012,2023,401356012,2,9,0,18,19,7,3,0,0,2,0,0,0,0,0,1,5,6,2,57,9,1197,1,6,NISSAN QASHQAI,5,E01023737,0,-1
2023471334440,2023,471334440,2,9,0,18,19,5,1,0,0,1,0,0,1,0,1,1,5,6,1,46,8,1995,2,13,NISSAN QASHQAI,7,E01021007,0,-1
2023471290153,2023,471290153,2,9,0,16,19,5,7,0,0,2,0,0,0,0,4,1,6,6,1,58,9,1461,2,16,NISSAN QASHQAI,1,E01016895,0,-1
2023481361901,2023,481361901,2,9,0,18,19,3,7,0,0,0,0,0,0,0,3,1,5,6,1,39,7,1997,1,10,NISSAN QASHQAI,-1,-1,0,-1
2023471266379,2023,471266379,1,9,0,17,19,7,3,0,0,0,1,0,7,0,1,1,5,6,2,31,6,1332,1,4,NISSAN QASHQAI,6,E01017009,0,-1
2023010462975,2023,010462975,2,9,0,99,99,9,9,99,99,9,9,99,9,99,2,9,6,6,3,-1,-1,1332,1,4,NISSAN QASHQAI,-1,-1,0,-1
2023371301945,2023,371301945,1,9,0,17,19,7,4,0,0,0,0,0,1,0,4,1,2,2,1,26,6,1461,2,10,NISSAN QASHQAI,4,E01030109,0,-1
2023010470700,2023,010470700,1,9,0,18,19,5,1,0,0,1,0,0,0,0,1,1,6,6,1,61,9,1598,1,15,NISSAN QASHQAI,3,E01003548,0,-1
2023010464216,2023,010464216,1,9,0,9,9,1,8,0,0,6,0,0,0,0,1,1,6,6,1,76,11,1198,1,9,NISSAN QASHQAI,9,E01002935,0,-1
2023141311247,2023,141311247,2,9,0,18,19,8,4,0,0,0,0,0,0,0,1,1,6,6,1,23,5,1461,2,14,NISSAN QASHQAI,3,E01007720,0,-1
2023451296553,2023,451296553,1,9,0,9,9,3,7,0,0,2,1,0,0,0,4,1,6,6,2,57,9,1598,1,15,NISSAN QASHQAI,3,E01016043,0,-1
2023440379430,2023,440379430,1,9,0,18,19,7,3,0,0,0,1,0,7,4,1,1,6,6,1,39,7,1598,2,11,NISSAN QASHQAI,8,E01023141,0,-1
2023302301031,2023,302301031,2,9,0,7,7,2,5,0,0,1,0,0,0,0,2,1,6,6,2,45,7,1198,1,9,NISSAN QASHQAI,9,E01019839,0,-1
2023061381083,2023,061381083,1,9,0,7,7,4,8,0,0,8,0,0,0,0,1,1,5,6,1,31,6,1332,1,4,NISSAN QASHQAI,1,E01005490,0,-1
2023141279004,2023,141279004,1,9,0,18,19,7,3,0,0,0,0,0,0,0,1,1,6,6,1,49,8,1461,2,14,NISSAN QASHQAI,6,E01007586,0,-1
2023991280545,2023,991280545,1,9,0,7,7,3,5,0,0,8,0,0,0,0,4,1,6,6,1,58,9,1461,2,6,NISSAN QASHQAI,3,-1,0,-1
2023461293639,2023,461293639,1,9,0,9,9,1,5,0,0,8,0,0,0,0,1,1,6,6,2,48,8,1332,8,1,NISSAN QASHQAI,10,E01024644,0,-1
2023440324380,2023,440324380,1,9,0,9,9,1,7,0,0,1,0,0,0,0,3,1,6,6,2,49,8,1461,2,11,NISSAN QASHQAI,10,E01017865,0,-1
2023332301058,2023,332301058,4,9,0,3,3,7,3,0,0,1,0,0,0,0,2,1,6,6,1,44,7,1461,2,11,NISSAN QASHQAI,2,E01013694,0,-1
2023010458901,2023,010458901,2,9,0,18,19,5,1,0,0,8,0,0,0,0,4,1,6,6,1,57,9,1332,1,4,NISSAN QASHQAI,4,E01002000,0,-1
2023010433282,2023,010433282,1,9,0,99,99,9,9,99,99,9,9,99,9,99,2,9,6,6,2,41,7,1598,1,11,NISSAN QASHQAI,2,E01032569,0,-1
2023061307746,2023,061307746,2,9,0,4,4,-1,-1,0,0,1,0,0,0,0,1,1,5,6,2,44,7,1461,2,13,NISSAN QASHQAI,9,E01005854,0,-1
2023010462433,2023,010462433,1,9,0,99,99,9,9,99,99,9,9,99,9,99,1,9,6,6,2,32,6,1332,8,0,NISSAN QASHQAI,2,E01002776,0,-1
2023141312589,2023,141312589,4,9,0,18,19,5,1,0,0,0,0,0,0,0,0,1,5,6,2,37,7,1598,1,14,NISSAN QASHQAI,4,E01020563,0,-1
2023201278639,2023,201278639,2,9,0,18,19,8,4,0,0,1,0,0,0,0,1,1,6,6,2,-1,-1,1598,1,10,NISSAN QASHQAI,2,E01008987,0,-1
2023622300728,2023,622300728,1,9,0,18,19,8,4,0,0,1,0,0,0,0,0,1,6,6,1,79,11,1332,8,1,NISSAN QASHQAI,1,W01000835,0,-1
2023161374182,2023,161374182,2,9,0,2,2,0,0,0,0,2,0,0,0,0,3,1,6,6,3,-1,-1,1461,2,11,NISSAN QASHQAI,-1,-1,0,-1
2023211313512,2023,211313512,2,9,0,16,19,6,3,0,0,1,5,0,0,0,4,1,5,6,1,76,11,1332,8,1,NISSAN QASHQAI,7,E01028899,0,-1
2023031364474,2023,031364474,2,9,0,10,10,3,7,0,0,0,0,0,0,0,2,1,2,2,2,35,6,1461,2,7,NISSAN QASHQAI,4,E01027413,0,-1
2023371346285,2023,371346285,2,9,0,18,19,3,7,0,0,0,0,0,0,0,1,1,5,6,1,24,5,1461,2,8,NISSAN QASHQAI,6,E01030209,0,-1
2023451390375,2023,451390375,1,9,0,12,12,3,7,0,0,0,1,0,0,0,1,1,5,6,2,23,5,1598,1,15,NISSAN QASHQAI,2,E01015802,0,-1
2023991265687,2023,991265687,1,9,0,18,19,2,6,0,0,0,0,4,0,0,1,1,6,6,2,32,6,1461,2,8,NISSAN QASHQAI,3,-1,0,-1
2023351373028,2023,351373028,1,9,0,9,9,1,7,0,0,1,0,0,0,0,1,1,1,1,1,37,7,1598,1,14,NISSAN QASHQAI,6,E01018052,0,-1
2023061332623,2023,061332623,1,9,-1,-1,-1,-1,-1,-1,-1,0,-1,-1,-1,0,2,1,2,2,2,44,7,1461,2,12,NISSAN QASHQAI,8,E01006138,0,-1
2023201415178,2023,201415178,1,9,0,18,19,4,8,0,0,6,0,0,1,0,1,1,6,6,1,42,7,1598,1,15,NISSAN QASHQAI,1,E01010366,0,-1
2023411287552,2023,411287552,3,9,0,18,19,3,7,0,0,0,0,0,0,0,1,1,2,2,2,39,7,1332,8,1,NISSAN QASHQAI,4,E01023349,0,-1
2023451268057,2023,451268057,1,9,0,4,4,5,1,0,0,0,0,0,0,0,2,1,5,6,1,58,9,1332,1,2,NISSAN QASHQAI,6,E01016473,0,-1
2023471387402,2023,471387402,2,9,0,18,19,3,7,0,0,0,0,0,0,0,2,1,6,6,2,43,7,1332,8,2,NISSAN QASHQAI,8,E01016962,0,-1
2023471312643,2023,471312643,1,9,0,9,9,7,4,0,0,0,0,0,0,0,3,1,5,6,2,27,6,1332,8,1,NISSAN QASHQAI,9,E01031623,0,-1
2023221368922,2023,221368922,2,9,0,10,10,5,3,0,0,8,0,0,0,0,2,1,5,6,2,63,9,1461,2,13,NISSAN QASHQAI,3,E01029014,0,-1
2023552301114,2023,552301114,2,9,0,3,3,2,6,0,0,1,0,0,0,0,2,1,2,2,1,69,10,1461,2,12,NISSAN QASHQAI,8,E01015311,0,-1
2023131311107,2023,131311107,2,9,0,18,19,4,8,0,0,8,0,0,0,0,3,1,5,6,2,35,6,1598,2,9,NISSAN QASHQAI,1,E01011918,0,-1
2023141288368,2023,141288368,3,9,0,18,19,2,6,0,0,8,0,0,0,0,3,1,5,6,1,63,9,1461,2,9,NISSAN QASHQAI,2,E01007998,0,-1