collision_index,collision_year,collision_ref_no,vehicle_reference,vehicle_type,towing_and_articulation,vehicle_manoeuvre_historic,vehicle_manoeuvre,vehicle_direction_from,vehicle_direction_to,vehicle_location_restricted_lane_historic,vehicle_location_restricted_lane,junction_location,skidding_and_overturning,hit_object_in_carriageway,vehicle_leaving_carriageway,hit_object_off_carriageway,first_point_of_impact,vehicle_left_hand_drive,journey_purpose_of_driver_historic,journey_purpose_of_driver,sex_of_driver,age_of_driver,age_band_of_driver,engine_capacity_cc,propulsion_code,age_of_vehicle,generic_make_model,driver_imd_decile,lsoa_of_driver,escooter_flag,driver_distance_banding
2023211266269,2023,211266269,2,9,0,18,19,3,7,0,0,1,0,0,0,0,1,1,1,1,1,28,6,1560,2,6,PEUGEOT 2008,10,E01029714,0,-1
2023010466966,2023,010466966,2,9,0,18,19,5,1,0,0,1,0,0,0,0,1,1,6,6,1,61,9,1199,1,1,PEUGEOT 2008,3,E01004741,0,-1
2023101406472,2023,101406472,1,9,0,9,9,8,4,0,0,2,0,0,0,0,1,1,2,2,1,50,8,1199,1,1,PEUGEOT 2008,10,E01011213,0,-1
2023122300659,2023,122300659,2,9,0,18,19,1,5,0,0,1,0,0,0,0,2,1,6,6,2,70,10,1199,1,4,PEUGEOT 2008,1,E01027805,0,-1
2023501268431,2023,501268431,2,9,0,18,19,4,8,0,0,1,0,0,0,0,1,1,5,6,2,64,9,1200,1,4,PEUGEOT 2008,4,E01018968,0,-1
2023320697731,2023,320697731,1,9,0,18,19,8,4,0,0,0,0,0,7,0,1,1,6,6,1,63,9,1200,1,2,PEUGEOT 2008,7,E01016166,0,-1
2023052301860,2023,052301860,1,9,0,18,19,1,5,0,0,0,0,0,0,0,1,1,2,2,2,44,7,1199,1,0,PEUGEOT 2008,2,E01006564,0,-1
2023141266027,2023,141266027,1,9,0,7,7,1,3,0,0,6,0,0,0,0,1,1,6,6,3,-1,-1,1200,1,6,PEUGEOT 2008,-1,-1,0,-1
2023071014775,2023,071014775,1,9,0,5,5,2,7,0,0,4,0,0,0,0,3,1,6,6,1,86,11,-1,3,0,PEUGEOT 2008,10,E01018554,0,-1
2023552300804,2023,552300804,1,9,0,18,19,4,8,0,0,0,0,0,0,0,1,1,6,6,1,40,7,1560,2,9,PEUGEOT 2008,6,E01015438,0,-1
2023211374243,2023,211374243,1,9,0,18,19,5,1,0,0,0,0,0,0,0,1,1,5,6,2,-1,-1,1560,2,10,PEUGEOT 2008,10,E01029741,0,-1
2023010458739,2023,010458739,2,9,9,99,99,9,9,99,99,0,9,99,9,99,9,9,6,6,3,-1,-1,1200,1,4,PEUGEOT 2008,-1,-1,0,-1
2023010424977,2023,010424977,1,9,0,9,9,1,6,0,0,5,0,0,0,0,2,1,2,2,2,35,6,-1,3,2,PEUGEOT 2008,2,E01003137,0,-1
2023311391375,2023,311391375,2,9,0,10,10,8,3,0,0,1,0,0,0,0,2,1,6,6,2,69,10,1199,1,4,PEUGEOT 2008,9,E01028117,0,-1
2023501340670,2023,501340670,2,9,0,17,19,4,2,0,0,3,0,0,0,0,4,1,1,1,1,60,9,-1,3,2,PEUGEOT 2008,5,E01018935,0,-1
2023440455758,2023,440455758,2,9,0,18,19,6,2,0,0,1,0,0,0,0,3,1,2,2,1,59,9,1200,1,3,PEUGEOT 2008,8,E01022829,0,-1
2023221321641,2023,221321641,1,9,0,18,19,6,2,0,0,0,0,0,0,0,1,1,6,6,1,37,7,1560,2,7,PEUGEOT 2008,9,E01009735,0,-1
2023231278285,2023,231278285,1,9,0,18,19,2,6,0,0,8,0,0,0,0,1,1,6,6,1,39,7,1200,1,8,PEUGEOT 2008,9,E01031136,0,-1
2023549357123,2023,549357123,1,9,0,5,5,1,5,0,0,4,0,0,0,0,1,1,1,1,2,26,6,1200,1,2,PEUGEOT 2008,3,E01015289,0,-1
2023201293551,2023,201293551,2,9,0,9,9,8,6,0,0,5,0,0,0,0,4,1,1,1,2,27,6,1560,2,6,PEUGEOT 2008,4,E01031087,0,-1
2023461380227,2023,461380227,2,9,0,18,19,1,5,0,0,1,0,0,0,0,1,1,6,6,2,38,7,1560,2,9,PEUGEOT 2008,4,E01024622,0,-1
2023451371372,2023,451371372,1,9,0,7,7,5,3,0,0,0,0,0,8,0,1,1,6,6,1,44,7,1200,1,3,PEUGEOT 2008,10,E01030437,0,-1
2023430514790,2023,430514790,2,9,0,9,9,8,6,0,0,6,0,0,0,0,1,1,6,6,1,30,6,1200,1,2,PEUGEOT 2008,-1,-1,0,-1
2023520400056,2023,520400056,1,9,0,7,7,8,3,0,0,6,0,0,0,0,2,1,6,6,1,50,8,1200,1,1,PEUGEOT 2008,9,E01029142,0,-1
2023010453822,2023,010453822,1,8,0,4,4,1,5,0,0,6,0,0,0,0,1,1,1,1,1,44,7,-1,3,1,-1,5,E01001646,0,-1
2023031282043,2023,031282043,1,9,0,18,19,5,1,0,0,0,0,0,0,0,0,1,5,6,2,44,7,1398,2,8,PEUGEOT 2008,1,E01019301,0,-1
2023201277171,2023,201277171,2,9,0,3,3,5,1,0,0,1,0,0,0,0,2,1,6,6,2,-1,-1,1200,1,3,PEUGEOT 2008,9,E01009557,0,-1
2023201291117,2023,201291117,2,9,0,18,19,2,6,0,0,8,0,0,0,0,3,1,5,6,2,57,9,1200,1,7,PEUGEOT 2008,7,E01009292,0,-1
2023311281206,2023,311281206,1,9,0,5,5,2,6,0,0,2,0,0,0,0,1,1,2,2,1,22,5,1199,1,5,PEUGEOT 2008,3,E01033402,0,-1
2023010484925,2023,010484925,2,9,0,9,9,8,6,0,0,0,0,0,0,0,2,1,1,1,1,33,6,1199,1,0,PEUGEOT 2008,7,E01024037,0,-1
2023161367070,2023,161367070,4,9,0,18,19,1,5,0,0,0,0,0,0,0,1,1,6,6,3,-1,-1,-1,3,1,PEUGEOT 2008,-1,-1,0,-1
2023320055547,2023,320055547,2,9,0,5,5,2,6,0,0,4,0,0,0,0,2,1,6,6,2,60,9,1199,1,4,PEUGEOT 2008,6,E01026411,0,-1
2023302300930,2023,302300930,3,9,0,4,4,2,6,0,0,1,0,0,0,0,2,1,6,6,2,59,9,1200,1,2,PEUGEOT 2008,6,E01028283,0,-1
2023440057251,2023,440057251,3,9,0,18,19,1,5,0,0,0,0,0,0,0,2,1,6,6,2,41,7,1560,2,9,PEUGEOT 2008,1,E01017112,0,-1
2023451269762,2023,451269762,2,9,0,18,19,3,7,0,0,0,0,0,1,0,1,1,5,6,1,73,10,1598,1,8,PEUGEOT 2008,6,E01030311,0,-1
2023201382528,2023,201382528,2,9,0,18,19,-1,-1,0,0,0,0,0,0,0,2,1,5,6,1,30,6,1560,2,9,PEUGEOT 2008,2,E01010038,0,-1
2023991378174,2023,991378174,3,9,0,18,19,7,3,0,0,0,1,0,0,0,1,1,5,6,2,66,10,1199,1,0,PEUGEOT 2008,-1,-1,0,-1
2023451303511,2023,451303511,1,9,0,9,9,1,5,0,0,8,0,0,0,0,4,1,5,6,1,88,11,1200,1,3,PEUGEOT 2008,4,E01030503,0,-1
2023052300392,2023,052300392,1,9,0,9,9,1,7,0,0,8,0,0,0,0,3,1,6,6,2,52,8,-1,3,2,PEUGEOT 2008,5,E01007235,0,-1
2023991359563,2023,991359563,1,9,0,18,19,7,3,0,0,8,0,0,0,0,1,1,2,2,2,41,7,1200,1,6,PEUGEOT 2008,2,-1,0,-1
2023461374770,2023,461374770,1,9,0,7,7,5,7,0,0,8,0,0,0,0,3,1,6,6,1,48,8,1200,1,7,PEUGEOT 2008,10,E01024068,0,-1
2023430044851,2023,430044851,1,9,0,16,19,2,5,0,0,3,0,0,0,0,1,1,2,2,2,47,8,1560,2,9,PEUGEOT 2008,7,E01028620,0,-1
2023471282983,2023,471282983,2,9,0,18,19,4,1,0,0,0,0,0,0,0,1,1,3,7,2,32,6,1498,2,4,PEUGEOT 2008,5,E01024842,0,-1
2023031298009,2023,031298009,1,9,0,18,19,5,1,0,0,8,0,0,2,11,1,1,2,2,1,52,8,1560,2,9,PEUGEOT 2008,4,E01019102,0,-1
2023991299274,2023,991299274,3,9,0,9,9,4,1,0,0,1,0,0,0,0,3,1,6,6,2,45,7,1200,1,7,PEUGEOT 2008,-1,-1,0,-1
2023991352256,2023,991352256,2,9,0,3,3,7,3,0,0,0,0,0,0,0,2,1,6,6,1,53,8,1199,1,5,PEUGEOT 2008,3,-1,0,-1
2023061349279,2023,061349279,2,9,0,18,19,5,1,0,0,8,0,0,0,0,4,1,5,6,1,57,9,1200,1,1,PEUGEOT 2008,8,E01006018,0,-1
2023430501129,2023,430501129,2,9,0,18,19,6,2,0,0,4,0,0,0,0,3,1,6,6,2,38,7,1560,2,9,PEUGEOT 2008,5,E01016203,0,-1
2023451383522,2023,451383522,1,9,0,-1,-1,1,3,-1,-1,0,-1,-1,-1,0,-1,1,6,6,2,30,6,1199,1,0,PEUGEOT 2008,-1,-1,0,-1
2023440411760,2023,440411760,1,9,0,18,19,7,3,0,0,1,0,0,1,5,1,1,6,6,2,20,4,1199,1,0,PEUGEOT 2008,7,E01023039,0,-1
2023061270087,2023,061270087,1,9,0,18,19,1,5,0,0,8,0,0,0,0,1,1,6,6,2,30,6,1199,1,0,PEUGEOT 2008,4,E01005757,0,-1
2023141299125,2023,141299125,2,9,0,3,3,6,2,0,0,0,0,0,0,0,2,1,6,6,2,56,9,1199,1,0,PEUGEOT 2008,3,E01007433,0,-1
2023161391340,2023,161391340,2,9,0,4,4,3,7,0,0,0,0,0,0,0,1,1,6,6,1,82,11,1560,2,7,PEUGEOT 2008,6,E01026411,0,-1
2023631330283,2023,631330283,1,9,0,18,19,4,8,0,0,0,5,0,8,10,1,1,5,6,1,87,11,1199,1,0,PEUGEOT 2008,10,W01000525,0,-1
2023201276886,2023,201276886,1,9,0,7,7,7,5,0,0,2,0,0,6,0,1,1,2,2,2,52,8,1560,2,8,PEUGEOT 2008,2,E01010448,0,-1
2023201418576,2023,201418576,1,9,0,12,12,8,4,0,0,1,0,0,0,0,1,1,1,1,1,46,8,1200,1,10,PEUGEOT 2008,2,E01009348,0,-1
2023070443542,2023,070443542,1,9,0,18,19,2,6,0,0,8,0,0,0,0,3,1,6,6,1,68,10,1200,1,3,PEUGEOT 2008,9,E01018430,0,-1
2023141389112,2023,141389112,1,9,0,7,7,1,3,0,0,0,0,0,0,0,4,1,5,6,1,55,8,-1,3,0,PEUGEOT 2008,6,E01008002,0,-1
2023201374220,2023,201374220,2,9,0,9,9,6,2,0,0,5,0,0,0,0,4,1,5,6,2,41,7,1199,1,0,PEUGEOT 2008,1,E01009311,0,-1
2023361374287,2023,361374287,1,9,0,18,19,1,5,0,0,0,0,4,0,0,1,1,5,6,2,36,7,1199,1,4,PEUGEOT 2008,9,E01026933,0,-1
2023461375663,2023,461375663,1,9,0,9,9,7,3,0,0,1,0,0,0,0,1,1,6,6,2,28,6,1200,1,6,PEUGEOT 2008,9,E01024298,0,-1
2023061346343,2023,061346343,2,9,0,3,3,3,5,0,0,0,0,0,0,0,2,1,5,6,2,41,7,1199,1,1,PEUGEOT 2008,6,E01005830,0,-1
2023320044145,2023,320044145,2,9,0,3,3,2,6,0,0,2,0,0,0,0,2,1,6,6,2,52,8,1200,1,5,PEUGEOT 2008,4,E01026105,0,-1
2023221287492,2023,221287492,1,9,0,4,4,3,7,0,0,0,1,0,0,0,1,1,5,6,2,27,6,1200,1,3,PEUGEOT 2008,6,E01022225,0,-1
2023041317268,2023,041317268,1,9,0,18,19,1,5,0,0,6,0,0,0,0,1,1,5,6,2,33,6,1200,1,4,PEUGEOT 2008,10,E01006990,0,-1
2023351387692,2023,351387692,3,9,0,18,19,1,5,0,0,0,0,0,0,0,2,1,5,6,1,21,5,1199,1,0,PEUGEOT 2008,4,E01013711,0,-1
2023471287198,2023,471287198,1,9,0,18,19,5,1,0,0,2,0,0,0,0,4,1,2,2,2,54,8,1200,1,2,PEUGEOT 2008,2,E01031558,0,-1
2023991279509,2023,991279509,2,9,-1,-1,-1,-1,-1,-1,-1,-1,-1,-1,-1,0,-1,1,5,6,1,68,10,1200,1,6,PEUGEOT 2008,3,-1,0,-1
2023411309871,2023,411309871,1,9,0,7,7,3,5,0,0,1,1,4,0,0,4,1,5,6,1,17,4,1199,1,0,PEUGEOT 2008,9,E01023439,0,-1
2023461325800,2023,461325800,1,9,0,5,5,1,5,0,0,0,0,0,0,0,1,1,6,6,2,27,6,1560,2,10,PEUGEOT 2008,-1,-1,0,-1
2023061343371,2023,061343371,2,9,0,10,10,3,7,0,0,8,0,0,0,0,2,1,1,1,2,60,9,1200,1,2,PEUGEOT 2008,3,E01006034,0,-1
2023101275571,2023,101275571,1,9,0,9,9,7,3,0,0,1,0,0,0,0,1,1,5,6,1,52,8,-1,3,2,PEUGEOT 2008,1,E01008170,0,-1
2023141296799,2023,141296799,2,9,0,2,2,0,0,0,0,0,0,0,0,0,1,1,6,6,3,-1,-1,1200,1,3,PEUGEOT 2008,-1,-1,0,-1
2023010443135,2023,010443135,1,9,0,7,7,7,1,0,0,6,0,0,0,0,4,1,6,6,1,43,7,1200,1,1,PEUGEOT 2008,1,E01003515,0,-1
2023547998023,2023,547998023,2,9,0,18,19,8,4,0,0,0,0,0,1,0,3,1,6,6,1,59,9,1560,2,7,PEUGEOT 2008,7,W01001230,0,-1
2023440170535,2023,440170535,1,9,0,18,19,4,8,0,0,1,0,0,0,0,1,1,6,6,1,63,9,1199,1,1,PEUGEOT 2008,10,E01022694,0,-1
2023501285593,2023,501285593,2,9,0,18,19,7,3,0,0,8,1,0,0,0,4,1,2,2,2,64,9,1560,2,5,PEUGEOT 2008,4,E01018866,0,-1
2023221387919,2023,221387919,1,9,0,18,19,4,8,0,0,0,1,0,8,7,2,1,2,2,2,30,6,1560,2,7,PEUGEOT 2008,2,E01014125,0,-1
2023451334525,2023,451334525,2,9,0,17,19,2,6,0,0,0,0,0,0,0,3,1,5,6,1,78,11,1560,2,7,PEUGEOT 2008,6,E01030524,0,-1
2023461278575,2023,461278575,2,9,0,18,19,1,5,0,0,0,0,0,0,0,1,1,6,6,2,40,7,1398,2,9,PEUGEOT 2008,9,E01024349,0,-1
2023991353960,2023,991353960,2,9,0,17,19,7,3,0,0,1,0,0,0,0,1,1,5,6,1,41,7,1200,1,7,PEUGEOT 2008,3,-1,0,-1
2023010481598,2023,010481598,1,9,0,99,99,9,9,99,99,9,9,99,9,99,9,9,6,6,1,45,7,1200,1,3,PEUGEOT 2008,2,E01001010,0,-1
2023052400183,2023,052400183,1,9,0,18,19,5,1,0,0,0,0,0,0,0,4,1,6,6,2,-1,-1,1398,2,8,PEUGEOT 2008,-1,-1,0,-1
2023302301799,2023,302301799,1,9,0,17,19,2,6,0,0,8,0,0,1,0,1,1,6,6,1,-1,-1,1560,2,6,PEUGEOT 2008,9,E01013579,0,-1
2023111359526,2023,111359526,2,9,0,18,19,3,7,0,0,0,0,0,0,0,1,1,5,6,2,42,7,-1,3,1,PEUGEOT 2008,2,E01020618,0,-1
2023010429635,2023,010429635,1,9,0,7,7,1,3,0,0,3,0,0,0,0,1,1,1,1,2,64,9,1200,1,5,PEUGEOT 2008,8,E01002941,0,-1
2023610010823,2023,610010823,2,9,0,11,11,3,7,0,0,0,0,0,0,0,1,1,2,2,1,42,7,1200,1,2,PEUGEOT 2008,-1,-1,0,-1
2023201377274,2023,201377274,2,9,0,18,19,4,8,0,0,0,0,0,0,0,1,1,6,6,1,31,6,1200,1,6,PEUGEOT 2008,1,E01009488,0,-1
2023501368659,2023,501368659,1,9,0,18,19,1,4,0,0,0,0,0,0,0,2,1,5,6,2,25,5,1560,2,9,PEUGEOT 2008,6,E01020207,0,-1
2023311368497,2023,311368497,2,9,0,4,4,5,2,0,0,3,0,0,0,0,1,1,2,2,2,61,9,1200,1,1,PEUGEOT 2008,9,E01028061,0,-1
2023010461210,2023,010461210,2,9,0,99,99,9,9,99,99,9,9,99,9,99,1,9,6,6,2,33,6,1200,1,9,PEUGEOT 2008,7,E01000983,0,-1
202363A015323,2023,63A015323,3,9,0,2,2,0,0,6,6,8,0,0,0,0,1,1,6,6,1,85,11,1200,1,4,PEUGEOT 2008,2,W01000729,0,-1
2023320203861,2023,320203861,1,9,0,18,19,6,2,0,0,0,0,0,0,0,1,1,6,6,2,57,9,1200,1,7,PEUGEOT 2008,10,E01026215,0,-1
2023991365426,2023,991365426,2,9,0,18,19,1,5,0,0,1,0,0,0,0,1,1,5,6,2,58,9,1560,2,7,PEUGEOT 2008,7,-1,0,-1
2023411322761,2023,411322761,1,9,0,18,19,3,7,0,0,8,0,0,0,0,4,1,5,6,2,33,6,1199,1,0,PEUGEOT 2008,7,E01033023,0,-1
2023430458777,2023,430458777,1,9,0,18,19,8,4,0,0,1,0,0,0,0,1,1,6,6,2,33,6,-1,3,2,PEUGEOT 2008,-1,-1,0,-1
2023351352464,2023,351352464,2,9,0,9,9,2,5,0,0,1,0,0,0,0,2,1,1,1,1,75,10,1199,1,4,PEUGEOT 2008,5,E01015669,0,-1
2023061381847,2023,061381847,3,9,0,2,2,0,0,0,0,0,0,0,0,0,2,1,6,6,1,32,6,1200,1,4,PEUGEOT 2008,1,E01005258,0,-1
2023201295849,2023,201295849,1,9,0,17,19,5,2,0,0,8,0,0,0,0,1,1,2,2,1,68,10,1200,1,2,PEUGEOT 2008,1,E01033628,0,-1
2023471350477,2023,471350477,3,9,0,4,4,3,7,0,0,0,0,0,0,0,2,1,5,6,2,68,10,1200,1,5,PEUGEOT 2008,9,E01022909,0,-1
2023131359462,2023,131359462,1,9,0,18,19,3,7,0,0,1,0,0,0,0,1,1,6,6,1,54,8,1200,1,2,PEUGEOT 2008,5,E01011818,0,-1
2023141349691,2023,141349691,3,9,0,18,19,3,7,0,0,1,0,0,0,0,1,1,5,6,2,58,9,1560,2,5,PEUGEOT 2008,4,E01007780,0,-1
2023010455778,2023,010455778,1,9,0,18,19,2,6,0,0,0,0,0,0,0,4,1,6,6,1,39,7,1200,1,2,PEUGEOT 2008,1,E01004005,0,-1
2023320602663,2023,320602663,1,9,0,9,9,5,4,0,0,6,0,0,0,0,4,1,2,2,1,48,8,1200,1,9,PEUGEOT 2008,4,E01026278,0,-1
2023471321814,2023,471321814,2,9,0,18,19,5,1,0,0,0,0,0,0,0,1,1,6,6,1,86,11,1598,1,8,PEUGEOT 2008,7,E01032717,0,-1
2023010449755,2023,010449755,3,9,0,99,99,9,9,0,0,1,0,0,0,0,2,9,6,6,3,-1,-1,-1,3,1,PEUGEOT 2008,2,E01003325,0,-1
202360A191598,2023,60A191598,1,9,0,18,19,1,5,0,0,0,0,0,0,0,1,1,6,6,1,49,8,1200,1,2,PEUGEOT 2008,-1,-1,0,-1
2023430275445,2023,430275445,2,9,0,18,19,7,3,0,0,8,0,0,7,1,1,1,6,6,2,52,8,1560,2,9,PEUGEOT 2008,9,E01028794,0,-1
2023461289146,2023,461289146,2,9,0,3,3,7,3,0,0,0,0,0,0,0,1,1,6,6,2,36,7,1560,2,8,PEUGEOT 2008,4,E01024681,0,-1
2023451301721,2023,451301721,1,9,0,9,9,6,8,0,0,8,5,0,8,10,1,1,5,6,1,67,10,1200,1,2,PEUGEOT 2008,7,E01023123,0,-1
2023131309527,2023,131309527,2,9,0,18,19,7,3,0,0,8,0,0,0,0,1,1,5,6,2,23,5,1200,1,2,PEUGEOT 2008,5,E01011860,0,-1
2023991381031,2023,991381031,1,9,0,18,19,6,6,0,0,0,0,0,0,0,1,1,5,6,2,30,6,1560,2,6,PEUGEOT 2008,6,-1,0,-1
2023302300250,2023,302300250,2,9,0,5,5,1,4,0,0,4,0,0,0,0,2,1,6,6,1,52,8,1598,1,9,PEUGEOT 2008,3,E01019401,0,-1
2023320262391,2023,320262391,3,9,0,18,19,7,3,0,0,0,0,0,0,0,1,1,6,6,1,86,11,1498,2,4,PEUGEOT 2008,9,E01025901,0,-1
2023161363096,2023,161363096,1,9,0,9,9,1,7,0,0,0,0,0,0,0,1,1,5,6,2,39,7,1560,2,6,PEUGEOT 2008,1,E01012867,0,-1
2023010468104,2023,010468104,2,9,0,99,99,9,9,99,99,9,9,99,9,99,9,9,6,6,3,-1,-1,1598,1,8,PEUGEOT 2008,-1,-1,0,-1
2023430047712,2023,430047712,3,9,0,18,19,8,4,0,0,8,0,0,0,0,1,1,6,6,1,58,9,1200,1,3,PEUGEOT 2008,10,E01017732,0,-1
2023161352185,2023,161352185,1,9,0,18,19,5,1,0,0,8,0,0,0,0,3,1,6,6,2,25,5,1200,1,9,PEUGEOT 2008,3,E01013238,0,-1
2023451370480,2023,451370480,1,9,0,18,19,1,5,0,0,0,0,0,0,0,1,1,5,6,2,43,7,1200,1,3,PEUGEOT 2008,10,E01030897,0,-1
2023332300513,2023,332300513,1,9,0,18,19,1,5,0,0,8,0,0,0,0,4,1,2,2,2,32,6,1200,1,7,PEUGEOT 2008,7,E01025941,0,-1
2023201339765,2023,201339765,2,9,0,9,9,3,1,0,0,6,0,0,0,0,4,1,6,6,2,40,7,1199,1,0,PEUGEOT 2008,1,E01008905,0,-1
2023332301139,2023,332301139,1,9,0,18,19,7,3,0,0,0,0,0,0,0,1,1,3,7,2,44,7,1560,2,9,PEUGEOT 2008,-1,-1,0,-1
2023010464310,2023,010464310,1,9,0,99,99,9,9,99,99,0,9,99,9,99,2,9,6,6,1,47,8,1200,1,3,PEUGEOT 2008,6,E01002353,0,-1
2023501360477,2023,501360477,1,9,0,18,19,1,5,0,0,8,0,0,0,0,4,1,6,6,1,80,11,1200,1,7,PEUGEOT 2008,3,E01015094,0,-1
2023501276289,2023,501276289,1,9,0,16,19,4,8,0,0,0,0,0,1,0,1,1,6,6,2,61,9,1560,2,7,PEUGEOT 2008,2,E01019047,0,-1
2023122300582,2023,122300582,1,9,0,18,19,5,1,0,0,0,0,0,0,0,1,1,6,6,3,74,10,1200,1,5,PEUGEOT 2008,10,E01028711,0,-1
202354C307923,2023,54C307923,1,9,0,9,9,4,2,0,0,1,0,0,0,0,3,1,6,6,2,73,10,1200,1,2,PEUGEOT 2008,10,E01032018,0,-1
2023122301235,2023,122301235,1,9,0,17,19,2,6,0,0,0,0,0,0,0,3,1,6,6,2,30,6,1560,2,9,PEUGEOT 2008,6,E01027923,0,-1
2023501369579,2023,501369579,1,9,0,9,9,8,2,0,0,2,0,0,0,0,3,1,6,6,1,57,9,1200,1,8,PEUGEOT 2008,8,E01015113,0,-1
2023461361505,2023,461361505,1,9,0,17,19,3,7,0,0,0,0,0,0,0,1,1,6,6,2,23,5,1199,1,1,PEUGEOT 2008,9,E01024853,0,-1
2023052301157,2023,052301157,1,9,0,18,19,3,7,0,0,0,0,0,0,0,1,1,6,6,2,25,5,1200,1,3,PEUGEOT 2008,3,E01006433,0,-1
2023061356845,2023,061356845,1,9,-1,-1,-1,-1,-1,-1,-1,-1,-1,-1,-1,0,-1,1,6,6,1,45,7,1598,1,8,PEUGEOT 2008,5,E01005617,0,-1
2023421391861,2023,421391861,1,9,0,18,19,3,7,0,0,0,0,0,0,0,1,1,5,6,1,41,7,1498,2,4,PEUGEOT 2008,3,E01021300,0,-1
2023991326134,2023,991326134,1,9,0,18,19,3,7,0,0,8,0,0,0,0,4,1,2,2,2,53,8,1200,1,3,PEUGEOT 2008,9,-1,0,-1
2023501345600,2023,501345600,3,9,0,18,19,3,3,0,0,0,0,0,0,0,2,1,5,6,2,42,7,1560,2,9,PEUGEOT 2008,5,E01018864,0,-1
2023320361988,2023,320361988,1,9,0,18,19,2,6,0,0,8,0,0,0,0,3,1,6,6,1,67,10,1200,1,6,PEUGEOT 2008,9,E01026836,0,-1
2023061276236,2023,061276236,2,9,0,18,19,5,1,0,0,0,0,0,0,0,4,1,6,6,2,39,7,1560,2,7,PEUGEOT 2008,1,E01004861,0,-1
2023101327554,2023,101327554,1,9,0,18,19,3,7,0,0,8,0,0,0,0,4,1,6,6,1,35,6,-1,3,0,PEUGEOT 2008,1,E01008390,0,-1
2023201367665,2023,201367665,1,9,0,2,2,0,0,0,0,0,0,4,0,0,4,1,6,6,2,32,6,1200,1,5,PEUGEOT 2008,3,E01010097,0,-1
2023411319098,2023,411319098,1,9,0,5,5,3,7,0,0,0,0,0,0,0,3,1,2,2,2,41,7,1200,1,7,PEUGEOT 2008,9,E01017389,0,-1
2023131391022,2023,131391022,2,9,0,18,19,3,7,0,0,0,0,0,0,0,2,1,6,6,1,35,6,1200,1,4,PEUGEOT 2008,2,E01007847,0,-1
2023201315802,2023,201315802,1,9,0,18,19,-1,-1,0,0,0,0,0,0,0,1,1,6,6,1,29,6,1200,1,2,PEUGEOT 2008,3,E01009118,0,-1
2023231327923,2023,231327923,1,9,0,17,19,1,6,0,0,0,0,0,1,0,1,1,5,6,1,34,6,1200,1,2,PEUGEOT 2008,5,E01031168,0,-1
2023461337877,2023,461337877,2,9,0,16,19,6,1,0,0,0,0,0,0,0,1,1,6,6,1,71,10,1200,1,4,PEUGEOT 2008,2,E01001082,0,-1
2023411330100,2023,411330100,1,9,0,18,19,-1,-1,0,0,4,0,0,0,0,1,1,6,6,3,-1,-1,1200,1,3,PEUGEOT 2008,-1,-1,0,-1
2023141334312,2023,141334312,2,9,0,2,2,0,0,0,0,2,0,0,0,0,1,1,5,6,2,58,9,1560,2,5,PEUGEOT 2008,1,E01008119,0,-1
2023991372758,2023,991372758,2,9,0,7,7,4,8,0,0,0,0,0,0,0,3,1,2,2,2,32,6,1199,1,5,PEUGEOT 2008,4,-1,0,-1
2023131344142,2023,131344142,3,9,0,2,2,0,0,0,0,1,0,4,0,0,2,1,6,6,3,-1,-1,1560,2,9,PEUGEOT 2008,-1,-1,0,-1
2023010436721,2023,010436721,2,9,0,9,9,1,7,0,0,6,9,0,0,0,1,9,6,6,3,55,8,1200,1,4,PEUGEOT 2008,2,E01001066,0,-1
2023421373797,2023,421373797,2,9,0,2,2,-1,-1,-1,-1,0,-1,-1,-1,0,-1,1,3,7,1,-1,-1,1200,1,1,PEUGEOT 2008,-1,-1,0,-1
2023451383588,2023,451383588,1,9,0,18,19,1,5,0,0,0,0,0,0,0,2,1,5,6,2,35,6,1200,1,7,PEUGEOT 2008,6,E01016224,0,-1
2023471311925,2023,471311925,2,9,0,3,3,3,7,0,0,1,0,0,0,0,2,1,6,6,2,23,5,1498,2,4,PEUGEOT 2008,10,E01016982,0,-1
2023131273130,2023,131273130,3,9,0,18,19,5,1,0,0,0,0,0,0,0,4,1,2,2,1,64,9,1560,2,9,PEUGEOT 2008,1,E01008061,0,-1
2023501371107,2023,501371107,2,9,0,4,4,5,1,0,0,0,0,0,0,0,2,1,6,6,1,38,7,1560,2,8,PEUGEOT 2008,4,W01001405,0,-1
2023010441192,2023,010441192,3,9,0,18,19,5,1,0,0,1,0,0,0,0,0,1,6,6,2,31,6,1200,1,7,PEUGEOT 2008,3,E01016012,0,-1
2023320237488,2023,320237488,1,9,0,17,19,8,4,0,0,0,0,11,0,0,4,1,6,6,1,87,11,1200,1,5,PEUGEOT 2008,9,E01026211,0,-1
2023201362003,2023,201362003,4,9,0,2,2,0,0,0,0,2,0,0,0,0,2,1,6,6,3,-1,-1,1200,1,5,PEUGEOT 2008,-1,-1,0,-1
2023010444158,2023,010444158,2,9,0,5,5,0,1,0,0,6,0,0,0,0,4,1,6,6,1,28,6,1200,1,2,PEUGEOT 2008,8,E01016190,0,-1
2023061376304,2023,061376304,1,9,0,9,9,6,1,0,0,1,0,0,0,0,1,1,6,6,2,42,7,1199,1,0,PEUGEOT 2008,3,E01005115,0,-1
2023052301045,2023,052301045,1,9,0,4,4,3,7,0,0,0,0,0,0,0,1,1,6,6,2,27,6,1200,1,5,PEUGEOT 2008,4,E01006584,0,-1
2023421292625,2023,421292625,1,9,0,7,7,3,5,0,0,1,0,0,0,0,1,1,5,6,1,25,5,1560,2,7,PEUGEOT 2008,6,E01021678,0,-1