collision_index,collision_year,collision_ref_no,vehicle_reference,vehicle_type,towing_and_articulation,vehicle_manoeuvre_historic,vehicle_manoeuvre,vehicle_direction_from,vehicle_direction_to,vehicle_location_restricted_lane_historic,vehicle_location_restricted_lane,junction_location,skidding_and_overturning,hit_object_in_carriageway,vehicle_leaving_carriageway,hit_object_off_carriageway,first_point_of_impact,vehicle_left_hand_drive,journey_purpose_of_driver_historic,journey_purpose_of_driver,sex_of_driver,age_of_driver,age_band_of_driver,engine_capacity_cc,propulsion_code,age_of_vehicle,generic_make_model,driver_imd_decile,lsoa_of_driver,escooter_flag,driver_distance_banding
2023052301476,2023,052301476,2,9,0,2,2,0,0,0,0,0,0,0,0,0,3,1,3,7,2,33,6,-1,3,2,PEUGEOT 2008,1,E01006440,0,-1
2023010425713,2023,010425713,2,9,0,9,9,7,5,0,0,8,0,0,0,0,2,1,6,6,2,35,6,1200,1,6,PEUGEOT 2008,2,E01003303,0,-1
2023141391921,2023,141391921,1,9,0,4,4,5,1,0,0,0,0,0,0,0,2,1,1,1,2,39,7,1560,2,8,PEUGEOT 2008,6,E01019585,0,-1
2023211332519,2023,211332519,2,9,0,3,3,4,4,0,0,0,0,0,0,0,1,1,2,2,1,29,6,1560,2,8,PEUGEOT 2008,7,E01019786,0,-1
2023061364922,2023,061364922,1,9,0,5,5,1,4,0,0,1,5,4,0,0,1,1,6,6,1,53,8,1200,1,2,PEUGEOT 2008,1,E01005746,0,-1
2023211362881,2023,211362881,1,9,0,18,19,7,3,0,0,1,0,0,0,0,0,1,2,2,1,42,7,1200,1,5,PEUGEOT 2008,1,E01014358,0,-1
2023440204672,2023,440204672,1,9,0,3,3,5,1,0,0,1,0,0,0,0,2,1,6,6,2,53,8,1560,2,7,PEUGEOT 2008,10,E01022644,0,-1
2023201448535,2023,201448535,1,9,0,7,7,7,1,0,0,5,0,0,0,0,1,1,6,6,2,67,10,1200,1,1,PEUGEOT 2008,7,E01009442,0,-1
2023991376855,2023,991376855,2,9,0,10,10,6,4,0,0,1,0,0,0,0,2,1,6,6,1,33,6,1199,1,0,PEUGEOT 2008,-1,-1,0,-1
2023471292263,2023,471292263,2,9,0,3,3,7,3,0,0,0,0,0,0,0,2,1,5,6,1,37,7,1200,1,2,PEUGEOT 2008,10,E01022181,0,-1
2023545115423,2023,545115423,1,9,0,9,9,1,7,0,0,5,0,0,0,0,3,1,6,6,2,34,6,1560,2,10,PEUGEOT 2008,9,E01031879,0,-1
2023421367857,2023,421367857,3,9,0,18,19,3,7,0,0,0,5,0,0,0,1,1,2,2,1,72,10,1560,2,6,PEUGEOT 2008,3,E01021806,0,-1
2023052400028,2023,052400028,1,9,0,9,9,7,3,0,0,4,0,0,0,0,3,1,6,6,1,81,11,1498,2,4,PEUGEOT 2008,8,E01006829,0,-1
2023991373474,2023,991373474,1,9,0,18,19,7,3,0,0,0,0,0,7,7,1,1,2,2,1,17,4,1560,2,8,PEUGEOT 2008,9,-1,0,-1
2023991302956,2023,991302956,1,9,0,18,19,5,2,0,0,3,0,0,0,0,4,1,5,6,2,42,7,1199,1,4,PEUGEOT 2008,1,-1,0,-1
2023991303697,2023,991303697,2,9,0,3,3,7,4,0,0,0,0,0,1,11,2,1,6,6,1,52,8,1200,1,2,PEUGEOT 2008,-1,-1,0,-1
2023010471737,2023,010471737,1,9,0,10,10,1,6,0,0,8,0,0,0,0,1,1,6,6,1,43,7,1200,1,6,PEUGEOT 2008,3,E01000511,0,-1
2023522300950,2023,522300950,1,9,0,12,12,4,8,0,0,8,0,0,0,0,3,1,6,6,1,36,7,1200,1,1,PEUGEOT 2008,4,E01014404,0,-1
2023451404613,2023,451404613,1,9,0,9,9,3,7,0,0,2,0,0,0,0,1,1,5,6,2,27,6,1200,1,7,PEUGEOT 2008,8,E01030485,0,-1
2023311378979,2023,311378979,2,9,0,11,11,8,4,0,0,0,0,0,1,0,2,1,6,6,1,49,8,1560,2,9,PEUGEOT 2008,4,E01019455,0,-1
2023522301127,2023,522301127,1,9,0,18,19,5,1,0,0,8,0,0,0,0,1,1,6,6,2,31,6,1199,1,5,PEUGEOT 2008,2,E01014692,0,-1
2023991351412,2023,991351412,2,9,0,18,19,5,1,0,0,0,0,0,1,0,3,1,2,2,2,31,6,-1,3,1,PEUGEOT 2008,1,-1,0,-1
2023010475285,2023,010475285,1,9,0,99,99,9,9,99,99,9,9,99,9,99,2,9,2,2,2,56,9,1200,1,7,PEUGEOT 2008,4,E01001007,0,-1
2023520301780,2023,520301780,2,9,0,18,19,1,5,0,0,8,0,0,0,0,1,1,6,6,2,71,10,1560,2,7,PEUGEOT 2008,3,E01029110,0,-1
2023501325885,2023,501325885,1,9,0,18,19,6,2,0,0,0,0,0,0,0,1,1,5,6,2,39,7,1560,2,10,PEUGEOT 2008,5,E01018864,0,-1
2023010445296,2023,010445296,2,9,0,13,13,5,1,0,0,1,0,0,0,0,0,2,6,6,3,-1,-1,1200,1,4,PEUGEOT 2008,6,E01000324,0,-1
2023991346221,2023,991346221,1,9,0,17,19,3,7,0,0,0,0,0,7,0,1,1,5,6,1,34,6,1200,1,1,PEUGEOT 2008,-1,-1,0,-1
2023101389655,2023,101389655,1,9,0,18,19,4,8,0,0,0,0,0,0,0,4,1,6,6,1,38,7,-1,3,2,PEUGEOT 2008,1,E01027545,0,-1
2023302300254,2023,302300254,2,9,0,4,4,4,8,0,0,4,0,0,0,0,2,1,6,6,3,-1,-1,1200,1,2,PEUGEOT 2008,5,E01019456,0,-1
2023231301155,2023,231301155,1,9,0,18,19,2,6,0,0,8,5,0,0,0,2,1,6,6,2,52,8,1560,2,9,PEUGEOT 2008,5,E01031105,0,-1
2023991332283,2023,991332283,4,9,0,17,19,1,4,0,0,0,0,0,1,0,1,1,5,6,1,62,9,1200,1,2,PEUGEOT 2008,-1,-1,0,-1
2023170M10213,2023,170M10213,2,9,0,9,9,6,3,0,0,8,0,0,0,0,1,1,6,6,1,44,7,-1,3,2,PEUGEOT 2008,1,E01012027,0,-1
2023340NN3632,2023,340NN3632,1,9,0,18,19,5,1,0,0,7,1,0,0,0,1,1,6,6,2,38,7,1200,1,6,PEUGEOT 2008,5,E01027100,0,-1
2023221299849,2023,221299849,2,9,0,17,19,2,1,0,0,0,0,0,0,0,1,1,6,6,1,42,7,1560,2,7,PEUGEOT 2008,9,E01032396,0,-1
2023010459780,2023,010459780,1,9,0,3,3,1,5,0,0,1,0,0,0,0,4,1,6,6,1,33,6,1200,1,3,PEUGEOT 2008,4,E01033730,0,-1
2023010476588,2023,010476588,1,9,0,18,19,7,3,0,0,1,0,0,0,0,1,1,6,6,2,27,6,1200,1,2,PEUGEOT 2008,-1,-1,0,-1
2023501370876,2023,501370876,7,9,0,18,19,5,1,0,0,0,0,0,0,0,0,1,6,6,1,43,7,1560,2,8,PEUGEOT 2008,3,E01018815,0,-1
2023501314381,2023,501314381,1,9,0,18,19,3,7,0,0,0,1,0,0,0,3,1,2,2,1,30,6,-1,3,2,PEUGEOT 2008,4,E01020302,0,-1
2023061272667,2023,061272667,1,9,0,18,19,6,2,0,0,8,0,0,0,0,1,1,6,6,2,30,6,1560,2,9,PEUGEOT 2008,5,E01005040,0,-1
2023131314536,2023,131314536,2,9,0,18,19,6,2,0,0,1,0,0,0,0,1,1,1,1,2,48,8,1560,2,9,PEUGEOT 2008,2,E01011061,0,-1
2023010451164,2023,010451164,1,9,0,18,19,4,8,0,0,8,0,0,0,0,2,1,6,6,1,28,6,1200,1,8,PEUGEOT 2008,3,E01003146,0,-1
2023031340424,2023,031340424,2,9,0,2,2,0,0,0,0,1,0,0,1,0,1,1,1,1,1,22,5,1199,1,1,PEUGEOT 2008,6,E01012205,0,-1
2023320733107,2023,320733107,2,9,0,18,19,6,2,0,0,8,0,0,0,0,3,1,2,2,2,39,7,1200,1,6,PEUGEOT 2008,7,E01026412,0,-1
2023201321072,2023,201321072,2,9,0,18,19,2,6,0,0,8,0,0,0,0,4,1,6,6,2,46,8,1560,2,9,PEUGEOT 2008,2,E01010261,0,-1
2023531360454,2023,531360454,1,9,0,18,19,4,8,0,0,0,0,0,0,0,1,1,5,6,1,88,11,1200,1,5,PEUGEOT 2008,7,E01022221,0,-1
2023010462191,2023,010462191,2,9,0,99,99,9,9,99,99,9,9,99,9,99,9,9,6,6,3,-1,-1,1200,1,2,PEUGEOT 2008,5,E01002249,0,-1
2023101295144,2023,101295144,1,9,0,9,9,1,7,0,0,1,0,0,0,0,1,1,6,6,1,50,8,1200,1,2,PEUGEOT 2008,10,E01027494,0,-1
2023361329863,2023,361329863,1,9,0,18,19,3,7,0,0,8,0,0,0,0,1,1,5,6,2,62,9,1200,1,4,PEUGEOT 2008,3,E01026630,0,-1
2023501337614,2023,501337614,1,9,0,16,19,1,5,0,0,0,5,11,8,0,1,1,5,6,1,69,10,1199,1,4,PEUGEOT 2008,5,E01032371,0,-1
2023991268060,2023,991268060,1,9,0,13,13,2,6,0,0,0,0,0,0,0,1,1,6,6,2,31,6,1560,2,5,PEUGEOT 2008,7,-1,0,-1
2023070685270,2023,070685270,1,9,0,4,4,1,5,0,0,0,0,0,0,0,4,1,6,6,2,55,8,1199,1,5,PEUGEOT 2008,1,E01010654,0,-1
2023991266155,2023,991266155,1,9,0,18,19,3,7,0,0,0,0,0,0,0,1,1,2,2,1,63,9,1560,2,7,PEUGEOT 2008,1,-1,0,-1
2023052302980,2023,052302980,1,9,0,9,9,3,1,0,0,1,0,0,0,0,1,1,6,6,1,-1,-1,1200,1,6,PEUGEOT 2008,5,E01006669,0,-1
2023052301332,2023,052301332,1,9,0,7,7,1,7,0,0,1,0,0,7,3,1,1,6,6,2,51,8,1200,1,1,PEUGEOT 2008,10,E01018569,0,-1
2023471305930,2023,471305930,1,9,0,18,19,8,4,0,0,1,0,0,0,0,1,1,6,6,3,-1,-1,1200,1,2,PEUGEOT 2008,-1,-1,0,-1
2023141281493,2023,141281493,1,9,0,18,19,1,5,0,0,8,0,0,0,0,1,1,2,2,2,33,6,1560,2,9,PEUGEOT 2008,1,E01007946,0,-1
2023471286430,2023,471286430,1,9,0,18,19,3,7,0,0,8,0,0,0,0,1,1,5,6,1,49,8,1200,1,2,PEUGEOT 2008,9,E01031395,0,-1
2023101322239,2023,101322239,2,9,0,3,3,5,1,0,0,0,0,0,0,0,2,1,5,6,2,41,7,1200,1,4,PEUGEOT 2008,3,E01008349,0,-1
2023070342536,2023,070342536,2,9,0,4,4,3,7,0,0,0,0,0,0,0,2,1,6,6,1,35,6,1200,1,1,PEUGEOT 2008,5,E01005617,0,-1
2023010474850,2023,010474850,2,9,0,99,99,9,9,99,99,9,9,99,9,99,9,9,6,6,3,-1,-1,1200,1,9,PEUGEOT 2008,-1,-1,0,-1
2023061273533,2023,061273533,1,9,0,18,19,5,1,0,0,0,0,0,0,0,0,1,2,2,1,31,6,1560,2,8,PEUGEOT 2008,1,E01005565,0,-1
2023010466094,2023,010466094,1,9,0,9,9,1,6,0,0,5,0,0,0,0,1,1,6,6,1,63,9,1200,1,9,PEUGEOT 2008,5,E01003878,0,-1
2023010478313,2023,010478313,1,9,0,11,11,3,7,0,0,1,0,0,0,0,4,1,2,2,2,20,4,1560,2,7,PEUGEOT 2008,-1,-1,0,-1
2023031384153,2023,031384153,1,9,0,18,19,8,3,0,0,0,0,0,2,7,2,1,6,6,1,88,11,1199,1,5,PEUGEOT 2008,5,E01019313,0,-1
2023451272155,2023,451272155,1,9,0,9,9,1,7,0,0,8,0,0,0,0,1,1,5,6,2,44,7,-1,3,2,PEUGEOT 2008,7,E01030858,0,-1
2023041348946,2023,041348946,1,9,0,18,19,5,1,0,0,3,0,10,7,0,3,1,2,2,1,25,5,1200,1,4,PEUGEOT 2008,3,E01012676,0,-1
2023351373882,2023,351373882,1,9,-1,3,3,5,1,0,0,0,0,0,0,0,1,1,5,6,1,80,11,1200,1,1,PEUGEOT 2008,8,E01018203,0,-1
2023991381401,2023,991381401,1,9,0,18,19,1,5,0,0,3,0,0,0,0,1,1,5,6,2,63,9,1199,1,0,PEUGEOT 2008,7,-1,0,-1
2023430516316,2023,430516316,1,9,0,18,19,4,8,0,0,7,0,0,0,0,1,1,6,6,2,38,7,1199,1,0,PEUGEOT 2008,4,E01016829,0,-1
2023041377302,2023,041377302,2,9,0,5,5,3,3,0,0,2,0,0,7,0,1,1,5,6,1,54,8,1560,2,9,PEUGEOT 2008,1,E01025493,0,-1
2023991349276,2023,991349276,1,9,0,9,9,6,8,0,0,1,0,0,0,0,1,1,5,6,1,22,5,1200,1,3,PEUGEOT 2008,1,-1,0,-1
2023361344967,2023,361344967,2,9,0,9,9,6,2,0,0,1,0,0,0,0,1,1,1,1,2,53,8,1199,1,1,PEUGEOT 2008,3,E01026447,0,-1
2023131265057,2023,131265057,1,9,0,18,19,4,8,0,0,0,1,0,1,7,1,1,6,6,1,47,8,1398,2,8,PEUGEOT 2008,1,E01010819,0,-1
2023211293724,2023,211293724,1,9,0,4,4,7,3,0,0,0,0,0,0,0,1,1,2,2,2,80,11,1560,2,7,PEUGEOT 2008,5,E01029726,0,-1
2023440054182,2023,440054182,3,9,0,3,3,2,6,0,0,1,0,0,0,0,2,1,6,6,1,36,7,1398,2,9,PEUGEOT 2008,-1,-1,0,-1
2023010433309,2023,010433309,2,9,0,99,99,9,9,99,99,1,9,99,9,99,9,9,6,6,2,54,8,1598,1,9,PEUGEOT 2008,3,E01024263,0,-1
2023010459415,2023,010459415,2,9,0,99,99,9,9,99,99,9,9,99,9,99,1,9,6,6,3,-1,-1,1560,2,9,PEUGEOT 2008,7,E01004138,0,-1
2023552301109,2023,552301109,1,9,0,18,19,7,3,0,0,0,0,0,0,0,1,1,2,2,1,54,8,1560,2,6,PEUGEOT 2008,8,E01020579,0,-1
2023451382610,2023,451382610,2,9,0,7,7,5,1,0,0,3,0,0,0,0,1,1,2,2,2,35,6,1200,1,2,PEUGEOT 2008,5,E01023867,0,-1
2023041392429,2023,041392429,1,9,0,11,11,4,8,9,9,2,0,0,0,0,1,1,5,6,1,31,6,1199,1,0,PEUGEOT 2008,3,E01025312,0,-1
2023552300995,2023,552300995,2,9,0,18,19,7,3,0,0,1,0,0,0,0,1,1,6,6,1,76,11,1560,2,5,PEUGEOT 2008,7,E01020359,0,-1
2023421278138,2023,421278138,2,9,0,7,7,1,3,0,0,8,1,0,1,0,1,1,5,6,2,33,6,1200,1,4,PEUGEOT 2008,6,E01002260,0,-1
2023131283142,2023,131283142,2,9,0,18,19,7,3,0,0,1,0,0,0,0,1,1,6,6,1,42,7,1200,1,5,PEUGEOT 2008,2,E01027909,0,-1
2023302300152,2023,302300152,1,9,0,18,19,4,8,0,0,8,0,0,0,0,1,1,6,6,2,33,6,1560,2,9,PEUGEOT 2008,8,E01019847,0,-1
2023991378827,2023,991378827,2,9,0,18,19,7,3,0,0,0,1,0,0,0,4,1,5,6,2,28,6,1200,1,10,PEUGEOT 2008,6,-1,0,-1
2023311343847,2023,311343847,3,9,0,5,5,1,3,0,0,1,0,0,0,0,1,1,5,6,1,55,8,1200,1,5,PEUGEOT 2008,8,E01028353,0,-1
2023201399586,2023,201399586,2,9,0,18,19,5,1,0,0,0,0,0,0,0,1,1,6,6,2,29,6,1560,2,8,PEUGEOT 2008,1,E01009409,0,-1
2023131351633,2023,131351633,1,9,0,18,19,6,2,0,0,1,0,0,0,0,4,1,2,2,2,46,8,1200,1,4,PEUGEOT 2008,7,E01011214,0,-1
2023430150273,2023,430150273,1,9,0,18,19,6,2,0,0,0,2,0,0,0,1,1,6,6,1,51,8,1200,1,1,PEUGEOT 2008,8,E01028817,0,-1
2023311334076,2023,311334076,1,9,0,7,7,6,2,0,0,6,0,0,0,0,1,1,6,6,2,53,8,1200,1,3,PEUGEOT 2008,-1,-1,0,-1
2023131374963,2023,131374963,1,9,0,12,12,7,3,0,0,0,0,4,0,0,1,1,5,6,2,80,11,1200,1,6,PEUGEOT 2008,10,E01010946,0,-1
2023131291774,2023,131291774,1,9,0,17,19,5,1,0,0,0,2,0,7,10,1,1,6,6,2,36,7,1560,2,10,PEUGEOT 2008,3,E01011222,0,-1
2023131298095,2023,131298095,1,9,0,18,19,6,2,0,0,0,0,0,0,0,-1,1,6,6,3,-1,-1,1200,1,7,PEUGEOT 2008,-1,-1,0,-1
2023461329100,2023,461329100,1,9,0,18,19,1,5,0,0,2,0,10,0,0,1,1,2,2,2,53,8,1598,1,8,PEUGEOT 2008,7,E01016139,0,-1
2023451267701,2023,451267701,1,9,0,7,7,3,5,0,0,6,0,0,0,0,1,1,1,1,2,35,6,1200,1,3,PEUGEOT 2008,6,E01002601,0,-1
2023501309856,2023,501309856,2,9,0,3,3,6,2,0,0,1,0,0,0,0,2,1,5,6,1,43,7,1560,2,7,PEUGEOT 2008,9,E01020086,0,-1
2023010428709,2023,010428709,1,9,0,99,99,9,9,99,99,9,9,99,9,99,2,9,6,6,2,23,5,1200,1,10,PEUGEOT 2008,5,E01000747,0,-1
2023010482111,2023,010482111,2,9,0,99,99,9,9,99,99,9,9,99,9,99,1,9,6,6,2,27,6,1199,1,0,PEUGEOT 2008,3,E01001942,0,-1
2023320706843,2023,320706843,1,9,0,18,19,4,8,0,0,8,0,0,0,0,1,1,6,6,1,89,11,1200,1,2,PEUGEOT 2008,4,E01026016,0,-1
2023371329463,2023,371329463,1,9,0,18,19,3,7,0,0,2,0,0,0,0,1,1,5,6,2,80,11,1200,1,5,PEUGEOT 2008,7,E01030243,0,-1
2023401302846,2023,401302846,2,9,0,18,19,1,5,0,0,0,0,0,0,0,2,1,6,6,1,33,6,1200,1,2,PEUGEOT 2008,2,E01015735,0,-1
2023552300099,2023,552300099,1,9,0,9,9,4,2,0,0,6,0,0,0,0,1,1,6,6,2,33,6,1560,2,10,PEUGEOT 2008,6,E01017026,0,-1
2023101381575,2023,101381575,6,9,0,3,3,7,3,0,0,0,0,0,0,0,2,1,6,6,2,43,7,1200,1,4,PEUGEOT 2008,7,E01027490,0,-1
2023991337642,2023,991337642,2,9,0,7,7,8,4,0,0,0,0,0,0,0,4,1,6,6,2,26,6,1200,1,3,PEUGEOT 2008,-1,-1,0,-1
2023421309323,2023,421309323,3,9,0,10,10,2,8,0,0,1,0,0,0,0,2,1,1,1,2,49,8,1560,2,10,PEUGEOT 2008,5,E01021664,0,-1
2023010472151,2023,010472151,3,9,0,5,5,3,7,0,0,3,0,0,0,0,2,1,6,6,2,57,9,-1,3,0,PEUGEOT 2008,5,E01003411,0,-1
2023311317654,2023,311317654,1,9,0,9,9,6,3,0,0,0,0,0,0,0,3,1,5,6,2,80,11,1199,1,1,PEUGEOT 2008,-1,-1,0,-1
2023131355750,2023,131355750,2,9,0,2,2,5,5,6,6,2,0,0,7,0,2,1,6,6,1,48,8,1200,1,9,PEUGEOT 2008,1,E01011422,0,-1
2023610021223,2023,610021223,1,9,0,7,7,3,5,0,0,5,0,0,0,0,4,1,6,6,2,67,10,1200,1,4,PEUGEOT 2008,-1,-1,0,-1
2023471373477,2023,471373477,1,9,0,18,19,2,6,0,0,1,0,0,1,0,1,1,5,6,1,26,6,1560,2,9,PEUGEOT 2008,9,E01021028,0,-1
2023320737382,2023,320737382,1,9,0,18,19,6,2,0,0,0,0,0,0,0,1,1,3,7,2,35,6,1199,1,0,PEUGEOT 2008,-1,-1,0,-1
2023170S10293,2023,170S10293,1,9,0,17,19,8,5,0,0,0,0,0,1,4,1,1,6,6,2,29,6,1560,2,10,PEUGEOT 2008,1,E01012245,0,-1
2023311350008,2023,311350008,3,9,0,2,2,0,0,6,6,2,0,0,0,0,3,1,5,6,2,62,9,1498,2,3,PEUGEOT 2008,5,E01027949,0,-1
2023141306747,2023,141306747,3,9,0,18,19,7,3,0,0,0,0,0,0,0,1,1,6,6,2,30,6,1560,2,9,PEUGEOT 2008,2,E01007349,0,-1
2023430219716,2023,430219716,2,9,0,9,9,6,4,0,0,5,0,0,0,0,1,1,6,6,1,-1,-1,1200,1,7,PEUGEOT 2008,-1,-1,0,-1
2023031314583,2023,031314583,1,9,0,18,19,5,1,0,0,0,0,0,0,0,1,1,5,6,2,26,6,1560,2,5,PEUGEOT 2008,-1,-1,0,-1
2023622301057,2023,622301057,1,9,0,18,19,4,8,0,0,0,0,0,0,0,1,1,6,6,1,35,6,1199,1,0,PEUGEOT 2008,9,W01001170,0,-1
2023361378863,2023,361378863,2,9,0,9,9,7,3,0,0,2,0,0,0,0,3,1,5,6,2,67,10,1200,1,6,PEUGEOT 2008,10,E01007954,0,-1
2023991298092,2023,991298092,2,2,0,18,19,3,7,0,0,0,0,0,0,0,2,1,6,6,1,20,4,49,1,22,PEUGEOT SPEEDFIGHT,-1,-1,0,-1
2023421267976,2023,421267976,1,2,0,4,4,7,3,0,0,1,1,0,0,0,3,1,4,7,1,16,4,49,1,4,PEUGEOT SPEEDFIGHT,4,E01021272,0,-1
2023351333666,2023,351333666,1,2,0,18,19,5,1,0,0,0,0,0,0,0,1,1,6,6,1,16,4,49,1,11,PEUGEOT SPEEDFIGHT,10,E01018284,0,-1
2023010472415,2023,010472415,1,3,0,18,19,1,5,0,0,0,2,4,7,10,4,1,6,6,1,16,4,125,1,4,PEUGEOT SPEEDFIGHT,2,E01003266,0,-1
2023010428788,2023,010428788,2,3,0,18,19,5,1,0,0,1,0,0,0,0,1,1,1,1,1,34,6,125,1,5,PEUGEOT SPEEDFIGHT,4,E01033081,0,-1
2023311372174,2023,311372174,1,2,0,18,19,4,1,0,0,0,0,0,0,0,1,1,6,6,1,16,4,49,1,13,PEUGEOT SPEEDFIGHT,4,E01019433,0,-1
2023010443901,2023,010443901,1,3,0,4,4,7,3,0,0,1,0,0,0,0,2,1,2,2,1,46,8,125,1,5,PEUGEOT SPEEDFIGHT,7,E01001346,0,-1
2023451300937,2023,451300937,1,3,0,18,19,5,1,0,0,1,0,0,0,0,1,1,5,6,1,27,6,125,1,5,PEUGEOT SPEEDFIGHT,5,E01030984,0,-1
2023440333581,2023,440333581,1,3,0,17,19,7,3,0,0,3,0,0,0,0,1,1,6,6,1,17,4,49,1,13,PEUGEOT SPEEDFIGHT,10,E01022691,0,-1
2023131294911,2023,131294911,1,3,0,17,19,1,5,0,0,0,0,4,1,0,2,1,5,6,1,39,7,125,1,3,PEUGEOT SPEEDFIGHT,8,E01011930,0,-1
2023131356865,2023,131356865,2,2,0,18,19,1,5,0,0,1,5,0,0,0,1,1,4,7,1,17,4,49,1,21,PEUGEOT SPEEDFIGHT,1,E01010925,0,-1
2023061296833,2023,061296833,1,2,0,16,19,4,8,0,0,0,0,2,0,0,1,1,6,6,1,30,6,125,1,8,PEUGEOT SPEEDFIGHT,2,E01005974,0,-1
2023461310877,2023,461310877,1,3,0,18,19,5,8,0,0,1,5,0,7,0,1,1,6,6,1,33,6,125,1,9,PEUGEOT SPEEDFIGHT,-1,-1,0,-1
2023211319958,2023,211319958,1,2,0,5,5,3,7,0,0,0,0,0,0,0,1,1,6,6,1,35,6,125,1,9,PEUGEOT SPEEDFIGHT,2,E01014345,0,-1
2023302301734,2023,302301734,2,3,0,12,12,5,8,0,0,2,0,0,0,0,3,1,2,2,1,19,4,125,1,5,PEUGEOT SPEEDFIGHT,6,E01013507,0,-1
2023201309098,2023,201309098,1,3,0,18,19,7,3,0,0,1,0,0,0,0,1,1,6,6,1,19,4,125,1,5,PEUGEOT SPEEDFIGHT,3,E01029635,0,-1
2023421330156,2023,421330156,2,3,0,18,19,3,7,0,0,1,0,0,0,0,1,1,6,6,1,32,6,125,1,6,PEUGEOT SPEEDFIGHT,9,E01021661,0,-1
2023522301408,2023,522301408,2,2,0,18,19,7,3,0,0,8,0,0,0,0,1,1,6,6,2,61,9,125,1,4,PEUGEOT SPEEDFIGHT,5,E01014973,0,-1
2023010436140,2023,010436140,3,3,0,11,11,7,3,0,0,0,0,0,0,0,1,1,2,2,1,18,4,125,1,8,PEUGEOT SPEEDFIGHT,8,E01033724,0,-1
2023010419502,2023,010419502,1,3,0,3,3,1,5,0,0,0,0,0,0,0,2,1,1,1,1,38,7,125,1,5,PEUGEOT SPEEDFIGHT,2,E01004252,0,-1
2023371299605,2023,371299605,2,3,0,-1,-1,-1,-1,-1,-1,0,-1,-1,-1,0,1,1,5,6,1,17,4,125,1,5,PEUGEOT SPEEDFIGHT,6,E01030221,0,-1
2023501314966,2023,501314966,2,2,0,18,19,8,4,9,9,8,1,0,1,1,1,1,4,7,1,17,4,125,1,5,PEUGEOT SPEEDFIGHT,5,E01020213,0,-1
2023440264433,2023,440264433,1,3,0,18,19,7,3,0,0,1,0,0,0,0,1,1,6,6,1,28,6,125,1,3,PEUGEOT SPEEDFIGHT,5,E01017275,0,-1
2023221384430,2023,221384430,1,2,0,14,14,3,7,0,0,8,0,0,0,0,3,1,6,6,1,16,4,49,1,2,PEUGEOT SPEEDFIGHT,6,E01028927,0,-1
2023522400057,2023,522400057,2,3,0,16,19,7,2,0,0,8,0,0,0,0,4,1,6,6,1,29,6,125,1,2,PEUGEOT SPEEDFIGHT,4,E01014576,0,-1
2023440150142,2023,440150142,1,3,0,9,9,8,6,0,0,8,0,0,0,0,1,1,1,1,1,33,6,100,1,16,PEUGEOT SPEEDFIGHT,-1,-1,0,-1
2023010435740,2023,010435740,2,3,0,9,9,5,2,0,0,1,0,0,4,0,1,1,6,6,1,17,4,-1,-1,-1,PEUGEOT SPEEDFIGHT,5,E01024478,0,-1
2023320691733,2023,320691733,2,3,0,18,19,2,6,0,0,1,5,0,0,0,1,1,2,2,1,38,7,49,1,26,PEUGEOT SPEEDFIGHT,1,E01026168,0,-1
2023421272487,2023,421272487,2,3,0,18,19,2,6,0,0,8,1,0,0,0,1,1,5,6,1,75,10,125,1,2,PEUGEOT SPEEDFIGHT,8,E01022015,0,-1
2023122301357,2023,122301357,1,2,0,18,19,3,7,0,0,0,1,10,0,0,1,1,6,6,1,17,4,49,1,13,PEUGEOT SPEEDFIGHT,1,E01027819,0,-1
2023552301117,2023,552301117,1,2,0,18,19,8,4,0,0,0,1,0,0,0,3,1,2,2,1,24,5,49,1,6,PEUGEOT SPEEDFIGHT,8,E01020501,0,-1
2023061280554,2023,061280554,1,3,0,9,9,6,2,0,0,1,1,0,0,0,1,1,5,6,1,36,7,100,1,23,PEUGEOT SPEEDFIGHT,3,E01006340,0,-1
2023531295782,2023,531295782,2,3,0,14,14,1,5,0,0,1,0,0,0,0,4,1,5,6,2,27,6,125,1,7,PEUGEOT SPEEDFIGHT,4,E01022310,0,-1
2023122400004,2023,122400004,2,3,0,17,19,1,5,0,0,1,0,0,0,0,1,1,6,6,2,18,4,125,1,3,PEUGEOT SPEEDFIGHT,8,E01027859,0,-1
2023302300275,2023,302300275,2,4,0,5,5,4,8,0,0,1,0,0,0,0,4,1,1,1,1,58,9,125,1,3,-1,3,E01019856,0,-1
202354A194123,2023,54A194123,1,2,0,17,19,5,3,0,0,8,0,0,0,0,0,1,2,2,2,16,4,49,1,12,PEUGEOT SPEEDFIGHT,3,E01031963,0,-1
2023361378078,2023,361378078,1,2,0,18,19,1,5,0,0,0,1,0,0,0,0,1,6,6,1,16,4,49,1,6,PEUGEOT SPEEDFIGHT,4,E01026679,0,-1
2023552301246,2023,552301246,2,3,0,18,19,4,8,0,0,8,0,0,0,0,1,1,6,6,1,17,4,-1,-1,-1,PEUGEOT SPEEDFIGHT,2,E01015304,0,-1
2023361383034,2023,361383034,2,2,0,18,19,1,5,0,0,6,0,0,0,0,1,1,6,6,1,16,4,49,1,6,PEUGEOT SPEEDFIGHT,9,E01026936,0,-1
2023010434865,2023,010434865,1,3,0,99,99,9,9,99,99,0,9,99,9,99,1,1,6,6,1,43,7,125,1,7,PEUGEOT SPEEDFIGHT,5,E01016158,0,-1
2023302301139,2023,302301139,2,3,0,4,4,5,1,0,0,1,0,0,0,0,1,1,6,6,1,18,4,125,1,3,PEUGEOT SPEEDFIGHT,3,E01013549,0,-1