collision_index,collision_year,collision_ref_no,vehicle_reference,vehicle_type,towing_and_articulation,vehicle_manoeuvre_historic,vehicle_manoeuvre,vehicle_direction_from,vehicle_direction_to,vehicle_location_restricted_lane_historic,vehicle_location_restricted_lane,junction_location,skidding_and_overturning,hit_object_in_carriageway,vehicle_leaving_carriageway,hit_object_off_carriageway,first_point_of_impact,vehicle_left_hand_drive,journey_purpose_of_driver_historic,journey_purpose_of_driver,sex_of_driver,age_of_driver,age_band_of_driver,engine_capacity_cc,propulsion_code,age_of_vehicle,generic_make_model,driver_imd_decile,lsoa_of_driver,escooter_flag,driver_distance_banding
2023031341358,2023,031341358,2,9,0,16,19,6,2,0,0,0,0,0,0,0,1,1,5,6,1,29,6,1968,2,6,SEAT LEON,-1,-1,0,-1
2023231377234,2023,231377234,2,9,0,18,19,2,6,0,0,8,0,0,0,0,1,1,6,6,1,48,8,1598,2,9,SEAT LEON,9,E01019857,0,-1
2023010453887,2023,010453887,1,9,0,9,9,3,1,0,0,5,0,0,0,0,0,1,6,6,1,21,5,1197,1,10,SEAT LEON,3,E01004266,0,-1
2023531423118,2023,531423118,1,9,0,18,19,7,3,0,0,3,0,0,0,0,1,1,6,6,1,20,4,1498,1,4,SEAT LEON,2,E01022458,0,-1
2023991268240,2023,991268240,1,9,0,9,9,4,1,0,0,1,0,0,0,0,1,1,5,6,1,73,10,1197,1,12,SEAT LEON,-1,-1,0,-1
2023501323405,2023,501323405,1,9,0,9,9,1,5,0,0,3,1,0,1,9,1,1,6,6,1,33,6,1984,1,3,SEAT LEON,2,E01020111,0,-1
2023991313147,2023,991313147,3,9,0,18,19,6,2,0,0,0,0,0,0,0,3,1,5,6,1,58,9,1395,1,9,SEAT LEON,1,E01024987,0,-1
2023141389173,2023,141389173,2,9,0,17,19,3,7,0,0,0,5,0,0,0,1,1,5,6,1,26,6,1968,2,12,SEAT LEON,1,E01011130,0,-1
2023131280750,2023,131280750,2,9,0,18,19,1,4,0,0,1,0,0,0,0,1,1,3,7,2,40,7,1968,2,12,SEAT LEON,4,E01010671,0,-1
2023631333546,2023,631333546,2,9,0,2,2,0,0,0,0,2,0,0,0,0,3,1,6,6,3,-1,-1,1197,1,12,SEAT LEON,-1,-1,0,-1
2023010468699,2023,010468699,2,9,0,3,3,7,3,0,0,1,0,0,0,0,1,1,6,6,1,28,6,1395,1,10,SEAT LEON,4,E01024167,0,-1
2023302300281,2023,302300281,2,9,0,9,9,6,4,0,0,6,0,0,0,0,3,1,6,6,1,23,5,1598,2,9,SEAT LEON,1,E01013567,0,-1
2023070988974,2023,070988974,2,9,0,18,19,7,4,0,0,1,0,0,0,0,4,1,6,6,1,21,5,1598,2,12,SEAT LEON,7,E01018369,0,-1
2023201366035,2023,201366035,2,9,0,9,9,8,5,0,0,5,0,0,0,0,4,1,6,6,2,76,11,1896,2,14,SEAT LEON,6,E01009681,0,-1
2023221389537,2023,221389537,2,9,0,18,19,2,6,0,0,8,0,0,0,0,1,1,6,6,2,31,6,1395,1,5,SEAT LEON,7,E01032366,0,-1
2023141298077,2023,141298077,1,9,0,18,19,4,8,0,0,1,0,0,0,0,1,1,2,2,1,22,5,1798,1,5,SEAT LEON,3,E01007447,0,-1
2023430079577,2023,430079577,1,9,0,5,5,7,2,0,0,8,0,0,0,0,1,1,2,2,2,25,5,1197,1,8,SEAT LEON,9,E01017681,0,-1
2023101268504,2023,101268504,1,9,0,4,4,4,8,0,0,0,0,0,0,0,4,1,6,6,3,-1,-1,1896,2,16,SEAT LEON,-1,-1,0,-1
2023991380445,2023,991380445,3,9,0,18,19,1,5,0,0,1,0,0,0,0,3,1,5,6,2,62,9,1968,2,12,SEAT LEON,9,-1,0,-1
2023031363411,2023,031363411,1,9,0,18,19,6,2,0,0,0,0,0,0,0,1,1,2,2,2,40,7,1598,2,12,SEAT LEON,-1,-1,0,-1
2023061271178,2023,061271178,33,9,0,18,19,3,7,0,0,0,1,0,0,0,4,1,5,6,1,39,7,1968,2,10,SEAT LEON,1,E01025186,0,-1
2023421341576,2023,421341576,1,9,0,4,4,7,3,0,0,0,0,0,0,0,1,1,6,6,1,53,8,1896,2,14,SEAT LEON,3,E01021312,0,-1
2023131288367,2023,131288367,3,9,0,18,19,1,5,0,0,0,0,0,0,0,1,1,6,6,1,26,6,1498,1,3,SEAT LEON,2,E01011866,0,-1
2023041329840,2023,041329840,1,9,0,12,12,3,7,0,0,1,1,0,1,0,1,1,5,6,1,21,5,1968,2,14,SEAT LEON,3,E01010657,0,-1
2023141275143,2023,141275143,2,9,0,5,5,5,3,0,0,6,0,0,0,0,1,1,6,6,3,-1,-1,1390,1,13,SEAT LEON,-1,-1,0,-1
2023131389318,2023,131389318,1,9,0,17,19,7,3,0,0,1,5,0,1,1,1,1,6,6,1,21,5,1984,1,3,SEAT LEON,8,E01010686,0,-1
2023061265036,2023,061265036,3,9,0,2,2,0,0,0,0,1,0,0,0,0,1,1,6,6,3,-1,-1,1395,1,6,SEAT LEON,-1,-1,0,-1
2023471317391,2023,471317391,1,9,0,18,19,7,3,0,0,1,0,4,7,11,1,1,5,6,1,17,4,1197,1,10,SEAT LEON,7,E01031423,0,-1
2023161316590,2023,161316590,2,9,0,18,19,3,7,0,0,0,0,0,0,0,2,1,6,6,2,46,8,1395,1,5,SEAT LEON,7,E01013150,0,-1
2023131348615,2023,131348615,2,9,0,18,19,1,5,0,0,8,0,0,0,0,3,1,6,6,2,26,6,1598,2,6,SEAT LEON,3,E01010789,0,-1
2023451298094,2023,451298094,4,9,0,9,9,3,7,0,0,1,0,0,0,0,2,1,5,6,1,51,8,1498,1,1,SEAT LEON,10,E01022863,0,-1
2023201285315,2023,201285315,2,9,0,8,8,2,5,0,0,1,0,0,0,0,2,1,6,6,3,23,5,1390,1,13,SEAT LEON,1,E01009397,0,-1
2023061331851,2023,061331851,1,9,0,13,13,-1,-1,0,0,0,0,0,0,0,1,1,6,6,3,-1,-1,1968,2,16,SEAT LEON,-1,-1,0,-1
2023141393922,2023,141393922,2,9,0,3,3,6,2,0,0,1,0,0,0,0,1,1,6,6,3,-1,-1,1395,1,9,SEAT LEON,-1,-1,0,-1
2023411405524,2023,411405524,1,9,0,15,15,2,7,0,0,8,0,0,1,0,1,1,6,6,1,44,7,1984,1,4,SEAT LEON,4,E01023646,0,-1
2023440451373,2023,440451373,2,9,0,18,19,6,2,0,0,1,0,0,0,0,4,1,6,6,2,35,6,1598,2,9,SEAT LEON,6,E01022956,0,-1
2023170M11763,2023,170M11763,2,9,0,18,19,6,2,0,0,0,0,0,0,0,1,1,6,6,2,19,4,1598,2,9,SEAT LEON,7,E01012025,0,-1
2023501295344,2023,501295344,1,9,0,11,11,1,5,0,0,0,0,0,0,0,3,1,6,6,1,31,6,1598,2,8,SEAT LEON,1,E01015088,0,-1
2023302301491,2023,302301491,2,9,0,18,19,4,8,0,0,0,0,0,0,0,1,1,6,6,2,36,7,1968,2,14,SEAT LEON,3,E01019792,0,-1
2023471287582,2023,471287582,2,9,0,16,19,8,3,0,0,0,0,0,7,7,1,1,6,6,1,39,7,1498,1,1,SEAT LEON,8,E01021055,0,-1
2023201349629,2023,201349629,2,9,0,4,4,2,5,0,0,0,0,0,0,0,2,1,6,6,2,23,5,1968,2,3,SEAT LEON,4,E01008973,0,-1
2023501331584,2023,501331584,1,9,0,9,9,2,6,0,0,8,0,0,0,0,3,1,5,6,2,25,5,1395,1,6,SEAT LEON,6,E01020312,0,-1
2023471302155,2023,471302155,1,9,0,16,19,2,5,0,0,1,0,0,0,0,1,1,5,6,1,23,5,1395,1,10,SEAT LEON,1,E01020982,0,-1
2023430054986,2023,430054986,1,9,0,18,19,6,2,0,0,3,0,10,1,2,1,1,1,1,2,21,5,1197,1,9,SEAT LEON,5,E01016518,0,-1
2023461278246,2023,461278246,1,9,0,16,19,8,4,0,0,0,0,0,0,0,3,1,1,1,1,37,7,999,1,5,SEAT LEON,5,E01016029,0,-1
2023231291631,2023,231291631,2,9,0,4,4,2,6,0,0,0,0,0,0,0,2,1,2,2,1,21,5,1984,1,4,SEAT LEON,8,E01031223,0,-1
2023141369980,2023,141369980,1,9,0,14,14,7,2,0,0,0,5,0,1,11,1,1,5,6,1,19,4,1968,2,13,SEAT LEON,8,E01007383,0,-1
2023302300197,2023,302300197,2,9,0,18,19,0,0,0,0,0,0,0,0,0,3,1,6,6,2,42,7,1598,2,10,SEAT LEON,4,E01013493,0,-1
2023131316079,2023,131316079,2,9,0,18,19,3,7,0,0,1,0,0,0,0,2,1,5,6,1,41,7,1968,2,9,SEAT LEON,2,E01010799,0,-1
2023131262309,2023,131262309,1,9,0,-1,-1,-1,-1,-1,-1,0,-1,-1,-1,-1,-1,1,6,6,3,-1,-1,1598,2,10,SEAT LEON,-1,-1,0,-1
2023221330115,2023,221330115,1,9,0,9,9,4,2,0,0,6,0,0,0,0,1,1,5,6,2,35,6,1595,1,17,SEAT LEON,3,E01032478,0,-1
2023501319771,2023,501319771,2,9,0,3,3,8,4,0,0,0,0,0,0,0,2,1,5,6,2,45,7,1984,1,14,SEAT LEON,8,E01020190,0,-1
2023201311244,2023,201311244,2,9,0,18,19,7,1,0,0,8,1,0,0,0,3,1,6,6,1,51,8,1595,1,14,SEAT LEON,1,E01009081,0,-1
2023131292975,2023,131292975,1,9,0,16,19,1,5,9,9,0,1,0,1,2,1,1,6,6,1,43,7,1968,2,11,SEAT LEON,1,E01010943,0,-1
2023061336752,2023,061336752,2,9,-1,-1,-1,-1,-1,-1,-1,-1,-1,-1,-1,0,-1,1,6,6,2,-1,-1,1598,2,7,SEAT LEON,1,E01005106,0,-1
2023131288367,2023,131288367,4,9,0,18,19,1,5,0,0,0,0,0,0,0,1,1,6,6,2,20,4,1395,1,7,SEAT LEON,2,E01011872,0,-1
2023201281137,2023,201281137,2,9,0,18,19,1,5,0,0,1,0,0,0,0,0,1,5,6,1,25,5,1395,1,6,SEAT LEON,5,E01009267,0,-1
2023201320206,2023,201320206,4,9,0,18,19,8,4,0,0,2,0,0,0,0,2,1,6,6,2,-1,-1,1598,2,10,SEAT LEON,9,E01010168,0,-1
2023131354097,2023,131354097,2,9,0,17,19,1,6,0,0,8,0,0,0,0,3,1,6,6,1,21,5,1984,1,9,SEAT LEON,1,E01010735,0,-1
2023201344127,2023,201344127,1,9,0,18,19,3,7,0,0,1,0,10,1,0,1,1,6,6,1,-1,-1,1984,1,6,SEAT LEON,-1,-1,0,-1
2023421292610,2023,421292610,1,9,0,18,19,7,3,0,0,0,2,7,0,0,1,1,6,6,1,22,5,1598,2,7,SEAT LEON,6,E01023317,0,-1
2023302301799,2023,302301799,2,9,0,9,9,6,4,0,0,8,0,0,7,1,4,1,6,6,2,49,8,1498,8,2,SEAT LEON,6,E01019882,0,-1
2023311287964,2023,311287964,1,9,0,5,5,1,5,0,0,0,0,0,0,0,1,1,2,2,2,63,9,1968,2,5,SEAT LEON,-1,-1,0,-1
2023361368706,2023,361368706,2,9,0,11,11,1,6,0,0,0,0,0,0,0,3,1,5,6,2,20,4,1395,1,10,SEAT LEON,5,E01030058,0,-1
2023131361702,2023,131361702,1,9,0,-1,-1,-1,-1,-1,-1,0,-1,-1,-1,-1,-1,1,6,6,3,-1,-1,1598,2,9,SEAT LEON,-1,-1,0,-1
2023141317414,2023,141317414,3,9,0,18,19,3,7,0,0,8,0,0,7,11,3,1,5,6,1,27,6,1968,2,16,SEAT LEON,8,E01032924,0,-1
2023041305752,2023,041305752,1,9,0,15,15,3,7,0,0,0,0,0,0,0,4,1,5,6,1,27,6,1395,1,5,SEAT LEON,2,E01012605,0,-1
2023461323492,2023,461323492,2,9,0,3,3,2,4,0,0,0,0,0,0,0,2,1,2,2,1,31,6,1197,1,11,SEAT LEON,5,E01024206,0,-1
2023041288337,2023,041288337,1,9,0,4,4,7,3,0,0,4,0,0,0,0,3,1,1,1,2,33,6,999,1,2,SEAT LEON,8,E01025550,0,-1
2023161331615,2023,161331615,2,9,0,18,19,5,1,0,0,2,0,0,0,0,2,1,6,6,2,45,7,1598,2,12,SEAT LEON,6,E01012961,0,-1
2023131321280,2023,131321280,2,9,0,18,19,1,5,0,0,8,0,0,0,0,3,1,5,6,2,50,8,1598,2,11,SEAT LEON,1,E01010807,0,-1
202360A047605,2023,60A047605,2,9,0,18,19,3,7,0,0,1,0,0,0,0,1,1,6,6,1,33,6,1984,1,14,SEAT LEON,-1,-1,0,-1
2023131345935,2023,131345935,2,9,0,7,7,2,6,0,0,1,0,0,0,0,4,1,6,6,2,31,6,1896,2,15,SEAT LEON,-1,-1,0,-1
2023361321452,2023,361321452,2,9,0,9,9,5,1,0,0,0,0,0,0,0,3,1,2,2,1,32,6,1968,2,16,SEAT LEON,5,E01026727,0,-1
2023141387972,2023,141387972,1,9,0,18,19,1,5,0,0,0,1,0,1,10,1,1,6,6,1,31,6,1598,2,13,SEAT LEON,9,E01007825,0,-1
2023501296876,2023,501296876,1,9,0,9,9,7,5,0,0,5,0,0,0,0,4,1,5,6,2,17,4,1395,1,8,SEAT LEON,9,E01019993,0,-1
2023201403090,2023,201403090,2,9,0,18,19,2,6,0,0,0,0,0,0,0,1,1,6,6,3,-1,-1,1896,2,14,SEAT LEON,-1,-1,0,-1
2023302301563,2023,302301563,2,9,0,7,7,4,8,0,0,1,0,0,0,0,2,1,6,6,1,17,4,1968,2,7,SEAT LEON,8,E01013546,0,-1
2023141280470,2023,141280470,1,9,0,18,19,2,4,0,0,0,0,0,0,0,3,1,5,6,1,72,10,1498,1,4,SEAT LEON,3,E01007720,0,-1
2023061270867,2023,061270867,1,9,0,7,7,1,3,0,0,8,0,0,0,0,1,1,6,6,2,66,10,1197,1,7,SEAT LEON,6,E01005307,0,-1
2023010439929,2023,010439929,2,9,0,2,2,0,0,0,0,1,0,4,0,0,3,1,6,6,3,-1,-1,1968,2,13,SEAT LEON,-1,-1,0,-1
2023371341979,2023,371341979,1,9,0,18,19,5,1,0,0,4,0,0,0,0,1,1,5,6,2,50,8,1896,2,13,SEAT LEON,1,E01029982,0,-1
2023052302808,2023,052302808,2,9,0,18,19,3,7,0,0,1,0,0,0,0,1,1,6,6,2,37,7,1598,2,9,SEAT LEON,2,E01006977,0,-1
2023991307128,2023,991307128,1,9,0,9,9,3,1,0,0,8,0,0,0,0,4,1,5,6,2,28,6,1498,1,3,SEAT LEON,1,-1,0,-1
2023548495623,2023,548495623,2,9,0,18,19,4,8,0,0,1,0,0,0,0,1,1,2,2,2,28,6,1896,2,18,SEAT LEON,7,E01031872,0,-1
2023161279300,2023,161279300,2,9,0,3,3,8,3,0,0,0,0,0,0,0,1,1,6,6,2,32,6,999,1,2,SEAT LEON,5,E01013297,0,-1
2023610026923,2023,610026923,2,9,0,5,5,4,8,0,0,0,1,4,0,0,4,1,6,6,1,32,6,1896,2,17,SEAT LEON,1,W01001334,0,-1
2023170S12123,2023,170S12123,1,9,0,18,19,5,1,0,0,2,0,0,0,0,1,1,6,6,1,24,5,1968,2,7,SEAT LEON,3,E01012137,0,-1
2023351270236,2023,351270236,1,9,0,18,19,1,5,0,0,8,0,0,0,0,1,1,6,6,2,-1,-1,1968,2,9,SEAT LEON,3,E01018083,0,-1
2023010430569,2023,010430569,1,9,0,9,9,1,6,0,0,8,0,0,0,0,1,1,1,1,1,36,7,999,1,1,SEAT LEON,3,E01003989,0,-1
2023201408317,2023,201408317,1,9,0,18,19,7,3,0,0,8,0,0,0,0,1,1,1,1,3,18,4,1984,1,4,SEAT LEON,1,E01009362,0,-1
2023522400868,2023,522400868,4,9,0,4,4,1,5,0,0,8,0,0,0,0,2,1,6,6,1,38,7,1781,1,18,SEAT LEON,4,E01014567,0,-1
2023101339731,2023,101339731,2,9,0,9,9,3,1,0,0,6,0,0,0,0,4,1,3,7,2,36,7,1395,1,5,SEAT LEON,9,E01008674,0,-1
2023101284140,2023,101284140,1,9,0,18,19,3,7,0,0,0,0,0,0,0,4,1,2,2,1,37,7,1598,2,9,SEAT LEON,6,E01008685,0,-1
2023041340697,2023,041340697,2,9,0,2,2,3,7,9,9,0,0,0,0,0,3,1,6,6,3,-1,-1,1598,2,10,SEAT LEON,-1,-1,0,-1
2023201384384,2023,201384384,1,9,0,18,19,6,3,0,0,1,1,10,7,4,1,1,5,6,1,-1,-1,1984,1,4,SEAT LEON,-1,-1,0,-1
202360A203057,2023,60A203057,1,9,0,13,13,1,5,0,0,0,0,0,0,0,2,1,6,6,1,73,10,1968,2,6,SEAT LEON,-1,-1,0,-1
2023421377419,2023,421377419,1,9,0,18,19,-1,-1,0,0,0,0,0,0,0,4,1,6,6,1,77,11,1498,1,3,SEAT LEON,5,E01021550,0,-1
2023302300861,2023,302300861,1,9,0,9,9,6,4,0,0,1,0,0,0,0,4,1,6,6,1,41,7,1968,2,14,SEAT LEON,2,E01013499,0,-1
2023231314962,2023,231314962,1,9,0,16,19,2,6,0,0,8,0,0,0,0,1,1,5,6,2,32,6,1968,2,4,SEAT LEON,-1,-1,0,-1
2023371337946,2023,371337946,1,9,0,3,3,7,8,0,0,1,0,0,0,0,2,1,6,6,2,59,9,1395,1,6,SEAT LEON,-1,-1,0,-1
2023522400395,2023,522400395,1,9,0,9,9,7,5,0,0,8,0,0,0,0,3,1,6,6,2,59,9,1395,1,7,SEAT LEON,9,E01014739,0,-1
2023531382067,2023,531382067,3,9,0,9,9,5,1,0,0,0,0,0,0,0,3,1,1,1,2,47,8,1968,2,9,SEAT LEON,9,E01022340,0,-1
2023122400009,2023,122400009,1,9,0,18,19,5,1,0,0,0,0,10,1,3,1,1,6,6,1,25,5,1984,1,15,SEAT LEON,4,E01010727,0,-1
2023141388871,2023,141388871,2,9,0,18,19,1,5,0,0,8,0,0,0,0,1,1,5,6,1,20,4,1395,1,7,SEAT LEON,1,E01007723,0,-1
2023991382973,2023,991382973,2,9,0,18,19,5,1,0,0,1,0,0,0,0,1,1,2,2,1,32,6,1968,2,12,SEAT LEON,3,-1,0,-1
2023430464559,2023,430464559,1,9,0,18,19,7,3,0,0,8,0,9,3,0,1,1,6,6,1,35,6,1498,1,1,SEAT LEON,5,E01017497,0,-1
2023201316233,2023,201316233,1,9,0,7,7,8,3,0,0,3,0,0,0,0,1,1,6,6,1,23,5,1390,1,14,SEAT LEON,8,E01010134,0,-1
2023071057088,2023,071057088,1,9,0,9,9,8,4,0,0,1,0,0,0,0,1,1,6,6,1,79,11,1498,1,3,SEAT LEON,4,E01018315,0,-1
2023991318281,2023,991318281,1,9,0,15,15,6,2,0,0,0,0,0,0,0,1,1,2,2,1,35,6,1984,1,3,SEAT LEON,7,-1,0,-1
2023201362077,2023,201362077,1,9,0,18,19,2,6,0,0,8,0,0,0,0,0,1,6,6,1,34,6,1197,1,11,SEAT LEON,8,E01009794,0,-1
2023131305881,2023,131305881,2,9,0,2,2,0,0,0,0,2,0,0,1,0,2,1,6,6,3,-1,-1,1197,1,5,SEAT LEON,-1,-1,0,-1
2023201325607,2023,201325607,2,9,0,18,19,6,2,0,0,8,0,7,0,0,1,1,6,6,2,21,5,1498,1,4,SEAT LEON,7,E01031244,0,-1
2023311338010,2023,311338010,1,9,0,18,19,3,7,0,0,1,1,7,7,0,1,1,6,6,1,29,6,1984,1,7,SEAT LEON,1,E01013849,0,-1
2023471359330,2023,471359330,1,9,0,18,19,1,6,0,0,1,0,0,0,0,4,1,5,6,1,73,10,1498,1,1,SEAT LEON,8,E01021147,0,-1
2023552300393,2023,552300393,1,9,0,18,19,4,1,0,0,4,0,0,0,0,1,1,6,6,2,33,6,1197,1,6,SEAT LEON,-1,-1,0,-1
2023622300944,2023,622300944,1,9,0,9,9,6,3,0,0,2,0,0,0,0,1,1,1,1,1,-1,-1,1984,1,3,SEAT LEON,6,W01000974,0,-1
2023131377816,2023,131377816,1,9,0,14,14,5,5,0,0,0,1,0,0,0,1,1,6,6,1,26,6,1395,1,6,SEAT LEON,2,E01010958,0,-1
2023131289340,2023,131289340,1,9,0,-1,-1,-1,-1,-1,-1,-1,-1,-1,-1,-1,-1,1,6,6,3,-1,-1,1986,2,16,SEAT LEON,-1,-1,0,-1
2023161263115,2023,161263115,1,9,0,18,19,3,7,0,0,0,0,0,0,0,1,2,2,2,2,27,6,1598,2,11,SEAT LEON,-1,-1,0,-1
2023131272381,2023,131272381,2,9,0,18,19,1,3,0,0,1,0,0,0,0,1,1,5,6,2,26,6,1598,2,8,SEAT LEON,2,E01011915,0,-1
2023101293341,2023,101293341,1,9,0,18,19,5,1,9,9,0,0,0,1,0,4,1,5,6,2,66,10,1197,1,9,SEAT LEON,3,E01008476,0,-1
2023332300074,2023,332300074,2,9,0,4,4,4,8,0,0,0,0,0,0,0,1,1,6,6,1,39,7,1968,2,15,SEAT LEON,4,E01013696,0,-1
2023131324059,2023,131324059,1,9,0,1,1,5,1,0,0,8,0,0,0,0,2,1,6,6,3,-1,-1,1968,2,13,SEAT LEON,-1,-1,0,-1
2023631362859,2023,631362859,3,9,0,10,10,5,1,0,0,0,0,0,0,0,2,1,5,6,1,33,6,1968,2,10,SEAT LEON,7,W01000545,0,-1
2023101346552,2023,101346552,2,9,0,18,19,5,1,0,0,8,0,0,0,0,1,1,5,6,1,26,6,1390,1,15,SEAT LEON,5,E01008675,0,-1
2023131288367,2023,131288367,1,9,0,18,19,5,1,0,0,0,0,0,0,0,1,1,6,6,1,18,4,1896,2,20,SEAT LEON,2,E01011856,0,-1
2023010485657,2023,010485657,1,9,0,5,5,1,5,0,0,2,0,0,0,0,1,1,6,6,3,-1,-1,1498,1,4,SEAT LEON,-1,-1,0,-1
2023010457155,2023,010457155,2,9,0,99,99,9,9,99,99,0,9,99,9,99,1,9,6,6,2,24,5,1197,1,8,SEAT LEON,5,E01002183,0,-1
2023031339823,2023,031339823,1,9,0,10,10,1,5,0,0,0,0,0,0,0,1,1,1,1,2,28,6,1395,8,3,SEAT LEON,-1,-1,0,-1
2023061346066,2023,061346066,1,9,0,9,9,3,7,0,0,8,0,0,0,0,3,1,5,6,1,19,4,1395,1,6,SEAT LEON,3,E01004816,0,-1
2023520400915,2023,520400915,1,9,0,18,19,1,5,0,0,0,0,0,0,0,3,1,6,6,2,25,5,1598,2,11,SEAT LEON,3,E01029093,0,-1
2023471356528,2023,471356528,2,9,0,3,3,5,1,0,0,1,0,0,0,0,2,1,5,6,1,47,8,1598,2,11,SEAT LEON,8,E01031821,0,-1
2023461369870,2023,461369870,2,9,0,3,3,8,4,0,0,2,0,0,0,0,3,1,6,6,1,52,8,1197,1,10,SEAT LEON,1,E01024659,0,-1
2023010449296,2023,010449296,1,9,0,14,14,8,4,0,0,1,0,0,0,0,1,1,6,6,1,24,5,1984,1,3,SEAT LEON,3,E01002595,0,-1
2023111394599,2023,111394599,2,9,0,18,19,6,2,0,0,0,0,0,0,0,2,1,2,2,1,50,8,1968,2,13,SEAT LEON,3,E01008831,0,-1
2023430322930,2023,430322930,1,9,0,18,19,7,3,0,0,6,0,0,0,0,3,1,6,6,1,24,5,1896,2,15,SEAT LEON,4,E01017905,0,-1
2023371360934,2023,371360934,3,9,0,2,2,0,0,0,0,0,0,0,0,0,2,1,6,6,3,-1,-1,1968,2,5,SEAT LEON,-1,-1,0,-1
2023061341194,2023,061341194,2,9,0,18,19,5,3,0,0,1,0,0,0,0,3,1,5,6,1,47,8,1798,1,9,SEAT LEON,1,E01005164,0,-1
2023401315518,2023,401315518,2,9,0,5,5,1,5,0,0,8,0,0,2,0,3,1,5,6,1,21,5,1598,1,18,SEAT LEON,1,E01015699,0,-1
2023461352896,2023,461352896,1,9,0,18,19,1,5,0,0,0,0,0,0,0,1,1,6,6,1,22,5,1984,1,7,SEAT LEON,6,E01024568,0,-1
2023461398322,2023,461398322,1,9,0,18,19,5,1,6,6,0,1,11,2,4,4,1,6,6,1,24,5,1984,1,15,SEAT LEON,6,E01024460,0,-1
2023302301982,2023,302301982,1,9,0,18,19,4,8,0,0,8,0,0,1,0,4,1,6,6,3,34,6,1984,1,3,SEAT LEON,8,E01013575,0,-1
2023411377512,2023,411377512,1,9,0,7,7,3,8,0,0,5,0,0,0,0,1,1,5,6,1,44,7,1598,2,9,SEAT LEON,6,E01016832,0,-1
2023221378094,2023,221378094,2,9,0,4,4,1,5,0,0,0,0,0,0,0,1,1,1,1,2,51,8,1598,2,9,SEAT LEON,3,E01032321,0,-1
2023311373550,2023,311373550,5,9,0,2,2,1,5,0,0,0,0,0,0,0,3,1,6,6,1,40,7,1498,1,4,SEAT LEON,1,E01013876,0,-1
2023141273980,2023,141273980,1,9,0,18,19,7,4,0,0,0,1,0,0,0,1,1,5,6,1,27,6,1598,2,10,SEAT LEON,2,E01007651,0,-1
2023461330194,2023,461330194,1,9,0,18,19,2,6,0,0,0,0,0,0,0,3,1,6,6,2,82,11,1395,1,8,SEAT LEON,8,E01024237,0,-1
2023302300560,2023,302300560,1,9,0,9,9,2,8,0,0,8,0,0,0,0,3,1,6,6,1,-1,-1,1968,2,5,SEAT LEON,-1,-1,0,-1
2023010445999,2023,010445999,1,9,0,18,19,7,3,0,0,3,0,0,0,0,4,1,6,6,1,20,4,1498,1,4,SEAT LEON,2,E01003553,0,-1
2023052301375,2023,052301375,2,9,0,18,19,1,5,0,0,8,0,0,0,0,2,1,6,6,1,33,6,1598,2,6,SEAT LEON,4,E01006001,0,-1
2023311330416,2023,311330416,1,9,0,18,19,8,4,0,0,0,0,0,7,9,3,1,5,6,1,41,7,1395,8,3,SEAT LEON,4,E01026192,0,-1
2023131382399,2023,131382399,1,9,0,18,19,3,7,0,0,8,0,0,0,0,1,1,6,6,3,-1,-1,1598,2,7,SEAT LEON,-1,-1,0,-1
2023131307654,2023,131307654,3,9,0,2,2,0,0,0,0,2,0,0,0,0,2,1,6,6,3,-1,-1,1968,1,17,SEAT LEON,-1,-1,0,-1
2023320460200,2023,320460200,2,9,0,18,19,4,8,0,0,1,0,0,0,0,4,1,6,6,2,18,4,999,1,2,SEAT LEON,7,E01026397,0,-1
2023131301344,2023,131301344,2,9,0,18,19,8,4,0,0,2,0,0,0,0,1,1,5,6,1,24,5,1598,2,8,SEAT LEON,1,E01011422,0,-1
2023461354910,2023,461354910,2,9,0,5,5,7,3,0,0,2,0,0,0,0,4,1,5,6,1,41,7,1984,1,8,SEAT LEON,7,E01024689,0,-1
2023411363831,2023,411363831,1,9,0,18,19,5,1,0,0,0,0,0,0,0,1,1,1,1,1,27,6,1598,2,13,SEAT LEON,5,E01023956,0,-1
2023131306845,2023,131306845,2,9,0,17,19,1,5,0,0,2,5,0,1,9,1,1,6,6,1,19,4,1968,2,11,SEAT LEON,1,E01010663,0,-1
2023371343542,2023,371343542,2,9,0,11,11,8,4,0,0,3,0,0,0,0,3,1,5,6,1,30,6,1498,1,2,SEAT LEON,2,E01030274,0,-1
2023031319951,2023,031319951,1,9,0,9,9,8,5,0,0,8,0,0,0,0,1,1,5,6,1,77,11,1498,1,4,SEAT LEON,-1,-1,0,-1
2023221261702,2023,221261702,1,9,0,9,9,2,8,0,0,5,0,0,0,0,4,1,2,2,1,34,6,1598,1,20,SEAT LEON,4,E01032194,0,-1
2023501305098,2023,501305098,1,8,0,7,7,7,1,0,0,0,0,7,0,0,4,1,1,1,1,37,7,1598,2,6,-1,1,E01014829,0,-1
2023501391256,2023,501391256,1,9,0,18,19,4,8,0,0,1,0,0,7,10,1,1,6,6,1,72,10,1968,2,11,SEAT LEON,3,E01018872,0,-1
2023131352800,2023,131352800,1,9,0,18,19,5,1,0,0,2,0,0,0,0,1,1,6,6,2,29,6,1598,2,11,SEAT LEON,3,E01011212,0,-1