collision_index,collision_year,collision_ref_no,vehicle_reference,vehicle_type,towing_and_articulation,vehicle_manoeuvre_historic,vehicle_manoeuvre,vehicle_direction_from,vehicle_direction_to,vehicle_location_restricted_lane_historic,vehicle_location_restricted_lane,junction_location,skidding_and_overturning,hit_object_in_carriageway,vehicle_leaving_carriageway,hit_object_off_carriageway,first_point_of_impact,vehicle_left_hand_drive,journey_purpose_of_driver_historic,journey_purpose_of_driver,sex_of_driver,age_of_driver,age_band_of_driver,engine_capacity_cc,propulsion_code,age_of_vehicle,generic_make_model,driver_imd_decile,lsoa_of_driver,escooter_flag,driver_distance_banding
2023131324717,2023,131324717,1,9,0,-1,-1,-1,-1,-1,-1,0,-1,-1,-1,0,-1,1,5,6,2,51,8,1968,2,13,SEAT LEON,5,E01011924,0,-1
2023131393136,2023,131393136,5,9,0,2,2,0,0,0,0,0,0,0,0,0,1,1,6,6,3,-1,-1,1968,2,13,SEAT LEON,-1,-1,0,-1
2023161372791,2023,161372791,1,9,0,18,19,3,7,0,0,0,0,0,0,0,1,1,6,6,2,42,7,1395,1,5,SEAT LEON,6,E01012961,0,-1
2023522400146,2023,522400146,1,9,0,12,12,6,2,0,0,2,0,4,0,0,1,1,6,6,1,23,5,1197,1,10,SEAT LEON,1,E01014663,0,-1
2023552301195,2023,552301195,2,9,0,10,10,4,8,0,0,8,0,0,0,0,2,1,2,2,2,51,8,1395,1,5,SEAT LEON,9,E01020417,0,-1
2023471263084,2023,471263084,1,9,0,5,5,3,5,0,0,0,0,0,1,1,3,1,1,1,1,54,8,1968,2,10,SEAT LEON,5,E01021195,0,-1
2023010478393,2023,010478393,1,9,0,99,99,9,9,99,99,9,9,99,9,99,9,9,2,2,1,52,8,1197,1,7,SEAT LEON,8,E01003138,0,-1
2023231264189,2023,231264189,1,9,0,7,7,5,8,0,0,6,0,0,0,0,1,1,5,6,1,23,5,1498,1,5,SEAT LEON,3,E01031332,0,-1
2023302300974,2023,302300974,1,9,0,18,19,2,6,0,0,0,0,10,2,11,1,1,6,6,2,24,5,1896,2,15,SEAT LEON,1,E01019566,0,-1
2023311319558,2023,311319558,1,9,0,18,19,8,4,0,0,8,0,0,0,0,1,1,6,6,1,19,4,1395,1,7,SEAT LEON,1,E01013882,0,-1
2023010419272,2023,010419272,1,9,0,99,99,9,9,99,99,9,9,99,9,99,9,9,6,6,1,28,6,1984,1,4,SEAT LEON,9,E01000341,0,-1
2023131386155,2023,131386155,1,9,0,18,19,1,5,0,0,0,1,0,1,11,1,1,6,6,1,23,5,1968,2,14,SEAT LEON,1,E01010833,0,-1
2023991341890,2023,991341890,2,9,0,4,4,7,3,0,0,0,0,0,0,0,2,1,1,1,2,28,6,1498,1,4,SEAT LEON,3,-1,0,-1
2023010435581,2023,010435581,1,9,0,9,9,4,2,0,0,1,1,0,0,0,4,1,6,6,1,20,4,999,1,5,SEAT LEON,4,E01001674,0,-1
2023131364568,2023,131364568,1,9,0,18,19,3,1,0,0,1,0,0,0,0,1,1,5,6,1,35,6,1896,2,14,SEAT LEON,1,E01010926,0,-1
2023991344438,2023,991344438,1,9,0,18,19,2,6,0,0,2,0,0,0,0,3,1,6,6,1,82,11,1197,1,8,SEAT LEON,9,-1,0,-1
2023991323839,2023,991323839,2,9,0,2,2,0,0,0,0,1,0,0,0,0,4,1,6,6,3,-1,-1,1598,2,4,SEAT LEON,-1,-1,0,-1
2023141263187,2023,141263187,4,9,0,18,19,4,2,0,0,1,0,0,0,0,3,1,5,6,1,52,8,1498,1,4,SEAT LEON,2,E01007343,0,-1
2023131343776,2023,131343776,1,9,0,11,11,3,7,0,0,1,0,0,0,0,4,1,6,6,3,41,7,1896,2,15,SEAT LEON,-1,-1,0,-1
2023201306187,2023,201306187,2,9,0,18,19,3,7,0,0,2,0,0,0,0,1,1,6,6,1,56,9,1395,1,7,SEAT LEON,3,E01010097,0,-1
2023430386028,2023,430386028,1,9,0,18,19,7,3,0,0,8,5,9,3,1,1,1,6,6,1,23,5,1395,1,5,SEAT LEON,5,E01033522,0,-1
2023311391105,2023,311391105,1,9,0,9,9,1,3,0,0,8,0,0,0,0,1,1,6,6,1,22,5,1968,2,17,SEAT LEON,7,E01028240,0,-1
2023201377102,2023,201377102,2,9,0,18,19,8,4,0,0,8,0,0,0,0,4,1,5,6,2,26,6,1598,2,5,SEAT LEON,1,E01009258,0,-1
2023141264962,2023,141264962,1,9,0,18,19,2,6,0,0,6,0,0,0,0,1,1,1,1,1,34,6,1598,2,3,SEAT LEON,1,E01006698,0,-1
2023141311134,2023,141311134,1,9,0,9,9,1,7,0,0,1,0,0,0,0,1,1,5,6,2,33,6,1968,2,15,SEAT LEON,1,E01008061,0,-1
2023522301517,2023,522301517,2,9,0,11,11,2,6,0,0,0,0,0,0,0,4,1,6,6,1,22,5,1595,1,14,SEAT LEON,1,E01014654,0,-1
2023440048057,2023,440048057,1,9,0,18,19,4,8,0,0,0,0,0,1,1,3,1,6,6,2,47,8,1197,1,5,SEAT LEON,10,E01030906,0,-1
2023070155837,2023,070155837,2,9,0,3,3,7,3,0,0,1,0,0,0,0,2,1,6,6,2,34,6,1968,2,9,SEAT LEON,8,E01018465,0,-1
2023201378605,2023,201378605,1,9,0,18,19,4,8,0,0,1,0,0,0,0,1,1,6,6,1,22,5,1390,1,12,SEAT LEON,2,E01009515,0,-1
202354C502623,2023,54C502623,1,9,0,18,19,8,2,0,0,4,0,0,0,0,1,1,2,2,2,29,6,1598,2,11,SEAT LEON,5,E01015505,0,-1
2023061322375,2023,061322375,1,9,0,17,19,5,1,0,0,0,0,0,1,11,1,1,6,6,1,20,4,1598,2,5,SEAT LEON,7,E01006165,0,-1
2023401320666,2023,401320666,1,9,0,10,10,8,4,0,0,1,0,11,1,11,3,1,5,6,1,23,5,1498,1,4,SEAT LEON,1,E01017466,0,-1
2023131317209,2023,131317209,1,9,0,15,15,1,5,0,0,1,5,0,0,0,1,1,6,6,2,19,4,1598,2,10,SEAT LEON,3,E01010629,0,-1
2023131391215,2023,131391215,1,9,0,9,9,5,3,0,0,5,0,0,0,0,1,1,5,6,2,33,6,1968,2,15,SEAT LEON,3,E01011341,0,-1
2023430469504,2023,430469504,2,9,0,18,19,6,2,0,0,1,0,0,0,0,1,1,6,6,2,-1,-1,999,1,6,SEAT LEON,-1,-1,0,-1
2023201341335,2023,201341335,1,9,0,9,9,2,8,0,0,8,0,0,0,0,4,1,2,2,1,39,7,1968,2,13,SEAT LEON,3,E01009145,0,-1
2023201291218,2023,201291218,1,9,0,13,13,4,8,0,0,0,0,0,0,0,4,1,6,6,1,30,6,1984,1,15,SEAT LEON,6,E01009419,0,-1
2023471266420,2023,471266420,1,9,0,18,19,7,3,0,0,0,0,0,0,0,1,1,6,6,3,-1,-1,1984,1,4,SEAT LEON,-1,-1,0,-1
2023522301622,2023,522301622,2,9,0,18,19,6,2,0,0,8,0,0,0,0,3,1,6,6,1,31,6,999,1,2,SEAT LEON,3,E01014501,0,-1
2023471309409,2023,471309409,1,9,0,18,19,8,4,0,0,4,0,0,0,0,3,2,5,6,1,62,9,1968,2,14,SEAT LEON,5,E01031577,0,-1
2023061376332,2023,061376332,1,9,0,18,19,7,3,0,0,1,0,0,0,0,0,1,6,6,1,22,5,1395,1,5,SEAT LEON,-1,-1,0,-1
2023552301047,2023,552301047,2,9,0,4,4,4,8,0,0,0,0,0,0,0,2,1,6,6,1,45,7,1498,1,4,SEAT LEON,6,E01015336,0,-1
2023411372520,2023,411372520,1,9,0,5,5,2,3,0,0,6,0,0,0,0,1,1,6,6,1,77,11,1498,8,2,SEAT LEON,7,E01023356,0,-1
2023131317316,2023,131317316,2,9,0,18,19,3,3,0,0,2,0,0,0,0,3,1,5,6,1,22,5,1598,2,8,SEAT LEON,6,E01011607,0,-1
202360A075743,2023,60A075743,1,9,0,17,19,6,2,0,0,0,0,0,7,11,1,1,6,6,1,18,4,1896,2,18,SEAT LEON,-1,-1,0,-1
2023440170438,2023,440170438,1,9,0,14,14,8,4,0,0,0,0,0,0,0,1,1,6,6,1,19,4,1896,2,18,SEAT LEON,7,E01023166,0,-1
2023622300907,2023,622300907,2,9,0,17,19,6,2,0,0,0,0,0,0,0,1,1,6,6,1,37,7,1968,2,9,SEAT LEON,3,W01001140,0,-1
2023010436750,2023,010436750,1,9,0,18,19,5,1,0,0,1,1,0,8,11,1,1,6,6,1,19,4,1197,1,12,SEAT LEON,2,E01001702,0,-1
2023531352357,2023,531352357,1,9,0,9,9,3,7,0,0,0,0,0,0,0,1,1,2,2,1,60,9,1968,2,17,SEAT LEON,9,E01022456,0,-1
2023211320437,2023,211320437,1,9,0,9,9,8,5,0,0,0,1,0,0,0,1,1,2,2,1,80,11,1395,1,5,SEAT LEON,-1,-1,0,-1
2023201418473,2023,201418473,1,9,0,18,19,3,7,0,0,0,0,0,0,0,1,1,5,6,1,21,5,1598,2,10,SEAT LEON,2,E01010344,0,-1
2023061351200,2023,061351200,1,9,0,7,7,2,4,0,0,8,0,0,0,0,1,1,5,6,3,30,6,1598,2,10,SEAT LEON,-1,-1,0,-1
2023010431770,2023,010431770,1,9,0,99,99,9,9,99,99,9,9,99,9,99,2,9,6,6,1,37,7,1984,1,4,SEAT LEON,2,E01001551,0,-1
2023041343291,2023,041343291,2,9,0,18,19,7,3,0,0,0,0,0,0,0,3,1,5,6,1,21,5,1197,1,13,SEAT LEON,4,E01025216,0,-1
2023201347521,2023,201347521,2,9,0,18,19,2,6,0,0,8,0,0,0,0,1,1,6,6,1,21,5,1984,1,15,SEAT LEON,1,E01009376,0,-1
2023610008823,2023,610008823,1,9,0,18,19,1,5,0,0,3,0,0,0,0,1,1,6,6,1,41,7,1968,2,12,SEAT LEON,7,W01001490,0,-1
2023501377048,2023,501377048,1,9,0,17,19,7,3,0,0,1,5,0,1,4,1,1,5,6,1,29,6,1968,2,15,SEAT LEON,5,E01015202,0,-1
2023131350957,2023,131350957,1,9,0,18,19,7,3,0,0,1,0,0,0,0,1,1,5,6,2,31,6,1598,2,10,SEAT LEON,1,E01010833,0,-1
2023041328448,2023,041328448,1,9,0,18,19,7,3,0,0,1,0,0,0,0,1,1,5,6,1,21,5,1984,1,4,SEAT LEON,3,E01025269,0,-1
2023161347682,2023,161347682,2,9,0,5,5,7,1,0,0,1,0,0,0,0,1,1,2,2,1,46,8,1896,2,14,SEAT LEON,2,E01013002,0,-1
2023010450591,2023,010450591,1,9,0,4,4,8,4,0,0,1,0,0,0,0,2,1,6,6,1,53,8,1968,2,6,SEAT LEON,5,E01001542,0,-1
2023041307640,2023,041307640,1,9,0,13,13,3,7,0,0,0,1,0,0,0,1,1,5,6,1,20,4,1395,1,9,SEAT LEON,4,E01025267,0,-1
2023302300047,2023,302300047,2,9,0,12,12,6,2,0,0,7,0,0,2,7,3,1,6,6,1,30,6,1896,2,16,SEAT LEON,-1,-1,0,-1
2023302301832,2023,302301832,1,9,0,18,19,4,8,0,0,8,0,0,0,0,4,1,6,6,1,29,6,1968,2,13,SEAT LEON,8,E01019609,0,-1
2023161287175,2023,161287175,1,9,0,18,19,6,2,0,0,0,0,0,0,0,1,1,6,6,2,19,4,1197,1,7,SEAT LEON,7,E01013228,0,-1
2023451300803,2023,451300803,1,9,0,5,5,1,5,0,0,0,0,0,0,0,1,1,2,2,2,40,7,999,1,1,SEAT LEON,8,E01030734,0,-1
2023010441672,2023,010441672,1,9,0,9,9,7,6,0,0,8,0,0,0,0,4,1,6,6,1,22,5,1984,1,4,SEAT LEON,3,E01002052,0,-1
2023311292727,2023,311292727,1,9,0,12,12,1,5,0,0,8,0,0,0,0,3,1,6,6,3,-1,-1,1598,2,9,SEAT LEON,-1,-1,0,-1
2023461282228,2023,461282228,1,9,0,14,14,1,3,0,0,0,0,4,0,0,4,1,2,2,2,74,10,1598,2,13,SEAT LEON,7,E01021098,0,-1
2023340WN7282,2023,340WN7282,1,9,0,6,6,4,4,0,0,6,0,0,0,0,2,1,6,6,2,70,10,1598,2,7,SEAT LEON,5,E01027113,0,-1
2023201376712,2023,201376712,2,9,0,18,19,7,3,0,0,8,0,0,0,0,3,1,5,6,2,26,6,1390,1,14,SEAT LEON,4,E01009626,0,-1
2023010485522,2023,010485522,2,9,0,99,99,9,9,99,99,9,9,99,9,99,9,9,6,6,3,-1,-1,1984,1,5,SEAT LEON,-1,-1,0,-1
2023201281734,2023,201281734,1,9,0,4,4,8,4,0,0,0,0,0,0,0,1,1,6,6,2,-1,-1,1968,2,16,SEAT LEON,7,E01010498,0,-1
2023231349886,2023,231349886,1,9,4,18,19,2,6,0,0,8,0,0,0,0,1,1,2,2,1,37,7,1968,2,9,SEAT LEON,1,E01031118,0,-1
2023421390859,2023,421390859,2,9,0,18,19,4,8,0,0,0,0,0,0,0,4,1,5,6,2,56,9,1395,1,5,SEAT LEON,7,E01021540,0,-1
2023501304513,2023,501304513,1,9,0,17,19,7,3,0,0,0,5,0,7,4,1,1,2,2,1,43,7,1968,2,16,SEAT LEON,1,E01019020,0,-1
2023411310527,2023,411310527,2,9,0,3,3,3,7,0,0,1,0,0,0,0,2,1,1,1,2,42,7,1781,1,20,SEAT LEON,10,E01033025,0,-1
2023161308051,2023,161308051,1,9,0,18,19,5,1,0,0,3,0,0,0,0,1,1,5,6,1,31,6,1390,1,18,SEAT LEON,7,E01012815,0,-1
2023471367864,2023,471367864,1,9,0,18,19,4,8,0,0,0,5,0,8,4,1,1,6,6,1,27,6,1984,1,6,SEAT LEON,7,E01021009,0,-1
2023131291847,2023,131291847,1,9,0,9,9,5,1,0,0,4,0,0,0,0,1,1,5,6,1,30,6,1968,2,9,SEAT LEON,1,E01011357,0,-1
2023041393405,2023,041393405,2,9,0,18,19,7,3,0,0,8,0,0,0,0,4,1,5,6,1,26,6,1598,2,9,SEAT LEON,1,E01012670,0,-1
2023311262506,2023,311262506,1,9,0,3,3,6,2,0,0,1,0,0,0,0,2,1,6,6,2,40,7,1968,2,15,SEAT LEON,4,E01013912,0,-1
2023501359894,2023,501359894,6,9,0,18,19,1,5,0,0,0,0,1,0,0,1,1,6,6,1,54,8,1598,2,4,SEAT LEON,3,E01015193,0,-1
2023451293397,2023,451293397,1,9,0,9,9,6,6,0,0,5,0,0,0,0,3,1,5,6,2,30,6,1598,2,9,SEAT LEON,6,E01030957,0,-1
2023302301750,2023,302301750,1,9,0,16,19,5,8,0,0,0,1,0,7,4,1,1,6,6,1,59,9,1968,2,14,SEAT LEON,3,E01013532,0,-1
2023548879323,2023,548879323,1,9,0,5,5,3,8,0,0,6,0,0,0,0,3,1,3,7,2,41,7,1968,2,10,SEAT LEON,8,E01031977,0,-1
2023610002323,2023,610002323,1,9,0,9,9,1,7,0,0,6,0,0,0,0,1,1,6,6,1,33,6,1395,1,7,SEAT LEON,3,W01001539,0,-1
2023101363842,2023,101363842,2,9,0,2,2,0,0,0,0,0,0,0,0,0,2,1,6,6,3,-1,-1,1498,1,5,SEAT LEON,-1,-1,0,-1
2023201277371,2023,201277371,1,9,0,18,19,2,4,0,0,1,0,0,0,0,4,1,6,6,2,42,7,1197,1,6,SEAT LEON,5,E01009234,0,-1
2023061350023,2023,061350023,1,9,0,18,19,4,8,0,0,1,0,0,0,0,1,1,1,1,1,30,6,1968,2,13,SEAT LEON,-1,-1,0,-1
2023161275704,2023,161275704,1,9,0,18,19,6,2,0,0,2,1,10,2,0,4,1,6,6,1,36,7,1968,2,8,SEAT LEON,8,E01012977,0,-1
2023041322070,2023,041322070,2,9,0,18,19,1,5,0,0,0,0,0,0,0,2,1,5,6,1,21,5,1798,1,7,SEAT LEON,9,E01025595,0,-1
2023010481517,2023,010481517,1,9,0,99,99,9,9,99,99,9,9,99,9,99,1,9,6,6,2,41,7,999,1,5,SEAT LEON,8,E01001390,0,-1
2023201313661,2023,201313661,2,9,0,2,2,0,0,0,0,0,0,0,0,0,1,1,6,6,1,56,9,1968,2,15,SEAT LEON,1,E01009572,0,-1
2023131377802,2023,131377802,2,9,0,4,4,4,8,0,0,8,0,0,0,0,2,1,6,6,1,24,5,1968,2,7,SEAT LEON,3,E01010805,0,-1
2023302301412,2023,302301412,1,9,0,17,19,6,3,0,0,0,1,0,1,4,1,1,6,6,1,65,9,1498,1,1,SEAT LEON,1,E01009323,0,-1
2023411269840,2023,411269840,3,9,0,4,4,6,2,0,0,0,1,10,0,0,1,1,6,6,1,22,5,1395,1,7,SEAT LEON,8,E01023360,0,-1
2023430094213,2023,430094213,2,9,0,18,19,6,2,0,0,1,0,0,0,0,1,1,6,6,1,-1,-1,1968,2,11,SEAT LEON,-1,-1,0,-1
2023031266641,2023,031266641,1,9,0,18,19,3,7,0,0,0,0,0,3,11,1,1,6,6,1,34,6,1968,2,15,SEAT LEON,1,E01019095,0,-1
2023031339642,2023,031339642,1,9,0,18,19,8,2,0,0,0,0,4,0,0,4,1,5,6,1,19,4,1197,1,5,SEAT LEON,1,E01019295,0,-1
2023311275295,2023,311275295,1,9,0,9,9,2,8,0,0,6,0,0,0,0,3,1,5,6,1,23,5,1968,2,8,SEAT LEON,1,E01013833,0,-1
2023320123541,2023,320123541,4,9,0,2,2,0,0,0,0,0,0,0,0,0,2,1,1,1,1,36,7,1598,2,7,SEAT LEON,3,E01015677,0,-1
2023010445313,2023,010445313,3,9,0,18,19,3,7,0,0,0,0,0,0,0,1,1,6,6,1,30,6,1781,1,19,SEAT LEON,-1,-1,0,-1
2023061327738,2023,061327738,1,9,-1,-1,-1,-1,-1,-1,-1,0,-1,-1,-1,0,-1,1,6,6,2,36,7,1984,1,17,SEAT LEON,4,E01005957,0,-1
2023471295908,2023,471295908,1,9,0,18,19,4,8,0,0,6,0,0,0,0,1,1,5,6,1,20,4,1598,2,5,SEAT LEON,9,E01021208,0,-1
2023010484285,2023,010484285,3,9,0,18,19,5,1,0,0,0,0,0,0,0,1,1,6,6,3,-1,-1,1595,1,18,SEAT LEON,-1,-1,0,-1
2023451296043,2023,451296043,2,9,0,18,19,2,6,0,0,0,1,0,5,0,3,1,5,6,2,39,7,1498,8,2,SEAT LEON,9,E01030571,0,-1
2023061260518,2023,061260518,2,9,0,18,19,7,3,2,2,8,0,0,0,0,1,1,6,6,1,26,6,1968,2,8,SEAT LEON,5,E01004899,0,-1
2023161327438,2023,161327438,1,9,0,13,13,1,5,0,0,0,0,0,1,9,1,1,6,6,1,20,4,1598,2,9,SEAT LEON,3,E01013319,0,-1
2023522400628,2023,522400628,2,9,0,18,19,3,7,0,0,8,0,0,0,0,4,1,6,6,1,33,6,1395,1,7,SEAT LEON,3,E01029110,0,-1
2023471381514,2023,471381514,2,9,0,2,2,0,0,0,0,0,0,4,0,0,3,1,6,6,3,-1,-1,1395,1,8,SEAT LEON,-1,-1,0,-1
2023461363409,2023,461363409,2,9,0,18,19,5,1,0,0,1,0,0,0,0,1,1,6,6,1,34,6,1984,1,16,SEAT LEON,10,E01016051,0,-1
2023010475341,2023,010475341,2,9,0,99,99,9,9,99,99,9,9,99,9,99,1,9,6,6,1,36,7,1395,1,8,SEAT LEON,5,E01033573,0,-1
2023010447636,2023,010447636,2,9,0,2,2,0,0,0,0,0,0,0,0,0,1,1,6,6,3,-1,-1,1498,8,2,SEAT LEON,-1,-1,0,-1
2023101324916,2023,101324916,2,9,0,3,3,1,3,0,0,0,0,0,0,0,4,1,5,6,2,25,5,1498,1,5,SEAT LEON,2,E01020733,0,-1
2023010455140,2023,010455140,1,9,0,17,19,3,7,0,0,8,0,0,0,0,1,1,2,2,1,32,6,1197,1,7,SEAT LEON,-1,-1,0,-1
2023201379821,2023,201379821,1,9,0,5,5,6,2,0,0,0,0,4,0,0,3,1,6,6,3,-1,-1,1968,2,12,SEAT LEON,-1,-1,0,-1
2023302301723,2023,302301723,1,9,0,17,19,8,5,0,0,8,0,0,0,0,3,1,2,2,1,21,5,1395,1,8,SEAT LEON,1,E01013479,0,-1
2023041280282,2023,041280282,2,9,0,18,19,1,5,0,0,8,0,0,7,10,1,1,5,6,1,45,7,1598,2,13,SEAT LEON,5,E01012645,0,-1
2023631374652,2023,631374652,1,9,0,5,5,3,7,0,0,0,0,4,0,0,1,1,5,6,2,46,8,1498,1,3,SEAT LEON,6,W01000720,0,-1
2023231297783,2023,231297783,4,9,0,18,19,8,4,0,0,0,0,0,0,0,1,1,6,6,1,55,8,1968,2,8,SEAT LEON,7,E01029671,0,-1
2023141262108,2023,141262108,2,9,0,18,19,7,3,0,0,0,0,0,0,0,1,1,6,6,1,31,6,1395,1,6,SEAT LEON,1,E01007402,0,-1
2023340WN4282,2023,340WN4282,2,9,0,11,11,1,5,0,0,2,0,0,0,0,1,1,6,6,1,42,7,1595,1,23,SEAT LEON,-1,-1,0,-1
2023631390217,2023,631390217,2,9,0,18,19,7,3,0,0,0,0,0,0,0,2,1,5,6,1,65,9,1498,1,4,SEAT LEON,6,W01000595,0,-1
2023201296554,2023,201296554,2,9,0,16,19,2,4,0,0,7,0,0,0,0,2,1,6,6,1,24,5,1968,2,13,SEAT LEON,2,E01008881,0,-1
2023991382286,2023,991382286,2,8,0,18,19,5,1,0,0,0,0,0,0,0,1,1,1,1,1,56,9,1598,2,4,-1,-1,-1,0,-1
2023351361073,2023,351361073,2,9,0,9,9,7,5,0,0,1,0,0,0,0,1,1,2,2,2,26,6,1968,2,7,SEAT LEON,8,E01018197,0,-1
2023547786323,2023,547786323,2,9,0,4,4,6,2,0,0,1,0,0,0,0,2,1,2,2,2,36,7,1598,2,4,SEAT LEON,8,E01015552,0,-1
2023302300593,2023,302300593,2,9,0,9,9,2,8,0,0,1,0,0,0,0,3,1,6,6,1,41,7,1598,2,6,SEAT LEON,9,E01019627,0,-1
2023010430119,2023,010430119,3,9,0,3,3,3,7,0,0,4,0,0,0,0,2,1,1,1,1,68,10,1598,2,4,SEAT LEON,2,E01003580,0,-1
2023302300123,2023,302300123,1,9,0,4,4,8,4,0,0,1,0,0,0,0,1,1,2,2,1,52,8,1598,2,11,SEAT LEON,3,E01013457,0,-1
2023141389663,2023,141389663,1,9,0,18,19,7,3,0,0,0,0,0,0,0,3,1,2,2,1,51,8,1197,1,8,SEAT LEON,1,E01007715,0,-1
2023340WN0062,2023,340WN0062,1,9,0,9,9,1,5,0,0,5,0,0,0,0,3,1,2,2,1,39,7,1598,2,4,SEAT LEON,4,E01031165,0,-1
2023131325912,2023,131325912,2,9,0,18,19,1,5,0,0,0,0,0,0,0,1,1,6,6,1,32,6,1984,1,16,SEAT LEON,1,E01010831,0,-1
2023010442382,2023,010442382,1,9,0,2,2,0,0,0,0,0,0,0,0,0,3,1,6,6,3,-1,-1,1498,1,3,SEAT LEON,-1,-1,0,-1
2023471363276,2023,471363276,2,9,0,5,5,2,6,0,0,1,0,0,0,0,1,1,1,1,1,34,6,1968,2,14,SEAT LEON,4,E01020966,0,-1
2023052301683,2023,052301683,2,9,0,15,15,5,1,0,0,0,5,10,1,11,0,1,6,6,1,32,6,1984,1,3,SEAT LEON,9,E01007070,0,-1
2023141316030,2023,141316030,1,9,0,18,19,1,5,0,0,8,0,0,0,0,3,1,6,6,1,31,6,1598,2,7,SEAT LEON,-1,-1,0,-1
2023161315504,2023,161315504,2,9,0,2,2,0,0,0,0,2,0,0,0,0,1,1,5,6,3,-1,-1,1498,1,4,SEAT LEON,-1,-1,0,-1
2023440061905,2023,440061905,1,9,0,9,9,1,7,0,0,1,0,0,0,0,3,1,2,2,1,21,5,1395,1,9,SEAT LEON,10,E01020366,0,-1
2023471264913,2023,471264913,2,9,0,7,7,8,4,0,0,1,1,0,0,0,3,1,5,6,2,33,6,1197,1,5,SEAT LEON,8,E01020987,0,-1
2023061380651,2023,061380651,1,9,0,9,9,1,7,0,0,1,0,0,0,0,1,1,5,6,1,27,6,1598,2,8,SEAT LEON,7,E01011595,0,-1
2023991356603,2023,991356603,1,9,0,18,19,7,2,0,0,0,0,0,0,0,2,1,5,6,1,30,6,1984,1,3,SEAT LEON,8,-1,0,-1
2023461265235,2023,461265235,1,9,-1,-1,-1,-1,-1,-1,-1,0,-1,-1,-1,0,1,1,6,6,2,-1,-1,1984,1,8,SEAT LEON,4,E01030824,0,-1
2023461281347,2023,461281347,1,9,0,18,19,3,7,0,0,0,0,0,0,0,1,1,6,6,1,67,10,1395,1,6,SEAT LEON,4,E01024561,0,-1
2023552301074,2023,552301074,1,9,0,5,5,5,3,8,6,6,0,0,0,0,4,1,6,6,2,43,7,1598,2,12,SEAT LEON,3,E01029029,0,-1
2023340NN3712,2023,340NN3712,1,9,0,13,13,5,1,0,0,0,0,0,0,0,1,1,2,2,1,57,9,1968,2,7,SEAT LEON,9,E01025805,0,-1
2023041356258,2023,041356258,1,9,0,18,19,5,1,0,0,1,0,0,0,0,1,1,5,6,1,56,9,1984,1,13,SEAT LEON,1,E01012751,0,-1
2023991311003,2023,991311003,1,9,0,9,9,1,7,0,0,8,0,0,0,0,4,1,6,6,2,59,9,1197,1,6,SEAT LEON,10,-1,0,-1
2023411359742,2023,411359742,2,9,0,4,4,-1,-1,0,0,0,0,0,0,0,2,1,2,2,2,49,8,1598,2,7,SEAT LEON,4,E01023296,0,-1
2023131295574,2023,131295574,1,9,0,18,19,8,4,0,0,0,0,2,0,0,1,1,5,6,1,35,6,1896,2,15,SEAT LEON,4,E01011075,0,-1
2023010440696,2023,010440696,1,9,0,99,99,9,9,99,99,9,9,99,9,99,1,9,2,2,1,31,6,1498,8,1,SEAT LEON,2,E01001712,0,-1
2023201366283,2023,201366283,2,9,0,18,19,2,6,0,0,1,0,0,0,0,1,1,6,6,3,-1,-1,1968,2,8,SEAT LEON,-1,-1,0,-1
2023461267949,2023,461267949,1,9,0,18,19,3,7,0,0,0,0,4,0,0,4,1,5,6,1,43,7,1197,1,8,SEAT LEON,10,E01032827,0,-1
2023131387034,2023,131387034,2,9,0,18,19,5,1,0,0,0,1,7,0,0,3,1,1,1,1,37,7,1598,2,11,SEAT LEON,1,E01010744,0,-1
2023201288653,2023,201288653,2,9,0,2,2,-1,-1,0,0,0,0,0,0,0,4,1,6,6,3,-1,-1,1390,1,13,SEAT LEON,-1,-1,0,-1
2023061353935,2023,061353935,1,9,0,9,9,3,1,0,0,8,0,0,0,0,1,1,5,6,2,26,6,1984,1,4,SEAT LEON,4,E01006104,0,-1
2023302301192,2023,302301192,2,9,0,18,19,8,4,0,0,8,0,0,0,0,4,1,6,6,2,25,5,1395,1,6,SEAT LEON,1,E01019662,0,-1
2023161355858,2023,161355858,1,9,0,18,19,3,7,0,0,0,0,0,0,0,1,1,5,6,1,30,6,1896,2,14,SEAT LEON,2,E01033104,0,-1
2023061273111,2023,061273111,1,9,0,9,9,8,2,0,0,1,0,0,0,0,1,1,6,6,1,-1,-1,1498,1,3,SEAT LEON,-1,-1,0,-1
2023522300822,2023,522300822,3,9,0,2,2,0,0,0,0,0,0,4,0,0,2,1,6,6,3,-1,-1,999,1,2,SEAT LEON,-1,-1,0,-1
2023010435689,2023,010435689,2,9,0,18,19,4,8,9,9,1,0,10,2,1,1,1,6,6,1,20,4,1595,1,15,SEAT LEON,7,E01001231,0,-1
2023201297281,2023,201297281,2,9,0,18,19,1,5,0,0,4,1,0,0,0,0,1,6,6,1,28,6,1598,2,11,SEAT LEON,1,E01009502,0,-1
2023131304688,2023,131304688,1,9,0,16,19,8,4,0,0,0,0,0,0,0,1,1,6,6,3,-1,-1,1598,2,12,SEAT LEON,-1,-1,0,-1
2023010478235,2023,010478235,2,9,0,99,99,9,9,99,99,0,9,99,9,99,1,9,6,6,3,-1,-1,999,1,6,SEAT LEON,-1,-1,0,-1