collision_index,collision_year,collision_ref_no,vehicle_reference,vehicle_type,towing_and_articulation,vehicle_manoeuvre_historic,vehicle_manoeuvre,vehicle_direction_from,vehicle_direction_to,vehicle_location_restricted_lane_historic,vehicle_location_restricted_lane,junction_location,skidding_and_overturning,hit_object_in_carriageway,vehicle_leaving_carriageway,hit_object_off_carriageway,first_point_of_impact,vehicle_left_hand_drive,journey_purpose_of_driver_historic,journey_purpose_of_driver,sex_of_driver,age_of_driver,age_band_of_driver,engine_capacity_cc,propulsion_code,age_of_vehicle,generic_make_model,driver_imd_decile,lsoa_of_driver,escooter_flag,driver_distance_banding
2023461342324,2023,461342324,1,9,0,5,5,4,8,0,0,4,0,0,0,0,3,1,6,6,2,50,8,1598,2,12,SEAT LEON,6,E01024172,0,-1
2023131348622,2023,131348622,1,9,0,18,19,3,7,0,0,8,0,0,0,0,1,1,5,6,2,29,6,1598,2,13,SEAT LEON,1,E01011081,0,-1
2023061333421,2023,061333421,1,9,0,12,12,1,5,0,0,8,0,0,0,0,3,1,6,6,1,24,5,1598,2,10,SEAT LEON,5,E01012645,0,-1
2023430003358,2023,430003358,2,9,0,14,14,7,3,0,0,0,0,0,0,0,4,1,6,6,1,30,6,1595,1,17,SEAT LEON,-1,-1,0,-1
2023351338040,2023,351338040,1,9,0,15,15,8,1,0,0,1,0,0,0,0,1,1,5,6,1,19,4,1984,1,4,SEAT LEON,4,E01018184,0,-1
2023201387447,2023,201387447,1,9,0,18,19,1,4,0,0,0,0,10,7,2,1,1,5,6,1,21,5,1197,1,6,SEAT LEON,2,E01010071,0,-1
2023131311622,2023,131311622,1,9,0,18,19,5,1,0,0,0,2,0,1,1,4,1,6,6,3,-1,-1,1598,2,10,SEAT LEON,-1,-1,0,-1
2023332300917,2023,332300917,2,8,0,18,19,4,8,0,0,8,0,0,0,0,1,1,1,1,3,-1,-1,1598,2,5,-1,-1,-1,0,-1
2023520400138,2023,520400138,1,9,0,18,19,1,5,0,0,0,5,0,7,3,1,1,6,6,1,56,9,1968,2,13,SEAT LEON,3,E01029202,0,-1
2023401272758,2023,401272758,1,9,0,18,19,6,2,0,0,0,0,0,0,0,1,1,6,6,1,17,4,1984,1,16,SEAT LEON,2,E01017474,0,-1
2023131354694,2023,131354694,2,9,0,7,7,7,3,0,0,8,0,0,0,0,3,1,6,6,1,32,6,1968,2,9,SEAT LEON,8,E01011086,0,-1
2023991355350,2023,991355350,1,9,0,18,19,8,4,0,0,1,0,0,0,0,1,1,1,1,2,22,5,1598,2,3,SEAT LEON,10,-1,0,-1
2023131317107,2023,131317107,1,9,0,5,5,5,1,0,0,1,0,0,0,0,1,1,6,6,3,-1,-1,1896,2,13,SEAT LEON,-1,-1,0,-1
2023131366951,2023,131366951,1,9,0,18,19,8,4,0,0,1,0,0,0,0,1,1,6,6,1,-1,-1,1395,1,7,SEAT LEON,-1,-1,0,-1
2023421353379,2023,421353379,1,9,0,16,19,1,5,0,0,0,1,0,8,4,1,1,6,6,1,27,6,1896,2,14,SEAT LEON,7,E01022067,0,-1
2023070401000,2023,070401000,1,9,0,18,19,1,5,0,0,0,0,0,0,0,1,1,6,6,1,-1,-1,1197,1,10,SEAT LEON,-1,-1,0,-1
2023122300265,2023,122300265,1,9,0,4,4,2,6,0,0,0,0,0,0,0,2,1,6,6,1,18,4,1968,2,11,SEAT LEON,4,E01027835,0,-1
2023440441281,2023,440441281,1,9,0,18,19,7,3,0,0,0,2,10,0,0,4,1,6,6,1,26,6,1781,1,20,SEAT LEON,9,E01022674,0,-1
2023440176145,2023,440176145,1,9,0,18,19,4,8,0,0,0,0,0,0,0,1,1,6,6,1,22,5,1984,1,15,SEAT LEON,10,E01023005,0,-1
202360A107714,2023,60A107714,2,9,0,2,2,0,0,0,0,0,0,0,0,0,1,1,6,6,2,-1,-1,1896,2,14,SEAT LEON,-1,-1,0,-1
2023411330886,2023,411330886,1,9,0,18,19,5,1,0,0,8,0,0,0,0,4,1,2,2,1,21,5,1498,1,2,SEAT LEON,9,E01023461,0,-1
2023201291386,2023,201291386,1,9,0,-1,-1,-1,-1,0,0,4,-1,0,0,0,1,1,6,6,1,-1,-1,1498,1,4,SEAT LEON,7,E01010123,0,-1
2023520300968,2023,520300968,2,9,0,4,4,3,7,0,0,8,0,0,0,0,2,1,6,6,2,41,7,1968,2,17,SEAT LEON,1,E01029106,0,-1
2023131343094,2023,131343094,2,9,0,9,9,4,2,0,0,8,0,0,0,0,3,1,5,6,2,33,6,1968,2,12,SEAT LEON,3,E01010776,0,-1
2023361321445,2023,361321445,2,9,0,18,19,1,4,0,0,2,0,0,0,0,3,1,1,1,1,60,9,1498,1,4,SEAT LEON,6,E01026797,0,-1
2023201454051,2023,201454051,1,9,0,18,19,2,6,0,0,0,0,0,0,0,1,1,6,6,1,-1,-1,1197,1,9,SEAT LEON,1,E01009303,0,-1
2023010451651,2023,010451651,1,9,0,99,99,9,9,99,99,0,9,99,9,99,2,9,6,6,1,76,11,1395,1,5,SEAT LEON,9,E01002386,0,-1
2023461347834,2023,461347834,2,9,0,3,3,2,6,0,0,0,0,0,0,0,2,1,2,2,1,28,6,1395,1,5,SEAT LEON,3,E01024534,0,-1
2023131307974,2023,131307974,2,9,0,3,3,3,7,0,0,1,0,0,0,0,1,1,5,6,2,30,6,1598,2,12,SEAT LEON,1,E01010674,0,-1
2023401295797,2023,401295797,1,9,0,11,11,-1,-1,0,0,4,0,0,5,6,3,1,5,6,2,30,6,1598,2,7,SEAT LEON,8,E01015805,0,-1
2023211327223,2023,211327223,1,9,0,5,5,1,5,0,0,1,0,0,0,0,1,1,5,6,1,50,8,1598,1,18,SEAT LEON,-1,-1,0,-1
2023332300270,2023,332300270,1,9,0,18,19,8,4,0,0,0,1,0,2,4,4,1,6,6,1,-1,-1,1984,1,4,SEAT LEON,-1,-1,0,-1
2023531322336,2023,531322336,2,9,0,9,9,1,5,0,0,8,5,0,0,0,4,1,5,6,2,24,5,1395,1,5,SEAT LEON,3,E01022124,0,-1
202360A078437,2023,60A078437,2,9,0,18,19,6,2,0,0,2,0,0,0,0,4,1,2,2,1,23,5,1798,1,5,SEAT LEON,-1,-1,0,-1
2023451294837,2023,451294837,2,9,0,4,4,7,3,0,0,0,0,0,0,0,2,1,5,6,2,28,6,1498,1,5,SEAT LEON,10,E01017859,0,-1
2023221325734,2023,221325734,2,9,0,2,2,0,0,9,9,8,0,0,0,0,3,1,5,6,1,23,5,1968,2,17,SEAT LEON,3,E01032292,0,-1
2023201315447,2023,201315447,1,9,0,17,19,7,3,0,0,2,1,10,1,2,1,1,6,6,1,18,4,1598,2,6,SEAT LEON,1,E01010053,0,-1
2023411325789,2023,411325789,1,9,0,18,19,1,5,0,0,1,0,0,0,0,1,1,6,6,1,-1,-1,1395,1,8,SEAT LEON,-1,-1,0,-1
2023122300924,2023,122300924,2,9,0,17,19,6,4,0,0,8,0,0,0,0,4,1,6,6,2,25,5,1598,2,12,SEAT LEON,1,E01010702,0,-1
2023522301741,2023,522301741,1,9,0,3,3,7,3,0,0,1,0,0,0,0,2,1,6,6,1,35,6,1896,2,14,SEAT LEON,1,E01014589,0,-1
2023351352803,2023,351352803,1,9,0,18,19,1,5,0,0,0,0,0,0,0,1,1,6,6,1,33,6,1598,2,8,SEAT LEON,6,E01017973,0,-1
2023131302261,2023,131302261,1,9,0,18,19,1,4,0,0,4,0,0,0,0,1,1,6,6,3,-1,-1,1395,1,5,SEAT LEON,-1,-1,0,-1
2023552300828,2023,552300828,1,9,0,5,5,4,2,0,0,6,0,0,0,0,1,1,6,6,1,42,7,1896,2,14,SEAT LEON,3,E01015439,0,-1
2023231380386,2023,231380386,1,9,0,16,19,2,6,0,0,0,1,0,2,4,1,1,5,6,1,25,5,1896,2,17,SEAT LEON,4,E01009689,0,-1
2023991321357,2023,991321357,2,9,0,15,15,8,4,0,0,0,0,0,0,0,3,1,6,6,1,20,4,1968,2,8,SEAT LEON,7,-1,0,-1
2023141392844,2023,141392844,1,9,0,18,19,8,4,0,0,0,0,0,0,0,3,1,6,6,1,31,6,1984,1,4,SEAT LEON,5,E01011870,0,-1
2023131402698,2023,131402698,1,9,0,18,19,7,3,9,9,8,0,0,1,2,1,1,6,6,1,22,5,1984,1,14,SEAT LEON,1,E01010813,0,-1
2023201389606,2023,201389606,1,9,0,18,19,6,2,0,0,0,0,0,0,0,1,1,1,1,1,39,7,1968,2,9,SEAT LEON,4,E01009518,0,-1
2023141348748,2023,141348748,2,9,0,1,1,2,6,0,0,1,0,0,0,0,2,1,6,6,3,25,5,1197,1,11,SEAT LEON,-1,-1,0,-1
2023041392110,2023,041392110,1,9,0,18,19,7,3,0,0,0,5,0,0,0,1,1,5,6,1,56,9,1595,1,16,SEAT LEON,4,E01012715,0,-1
2023201288479,2023,201288479,2,9,0,9,9,4,2,0,0,5,0,0,0,0,2,1,6,6,1,31,6,1598,2,4,SEAT LEON,1,E01009408,0,-1
2023061395944,2023,061395944,1,9,0,5,5,8,5,0,0,1,0,0,0,0,1,1,6,6,1,-1,-1,1498,1,5,SEAT LEON,-1,-1,0,-1
2023332300729,2023,332300729,1,9,0,9,9,7,5,0,0,5,0,0,0,0,4,1,6,6,1,38,7,1595,1,16,SEAT LEON,10,E01025726,0,-1
2023041269371,2023,041269371,1,9,0,18,19,3,7,0,0,1,0,0,0,0,1,1,6,6,1,29,6,1896,2,16,SEAT LEON,4,E01025213,0,-1
2023031378882,2023,031378882,1,9,0,4,4,1,6,0,0,6,0,0,0,0,1,1,5,6,2,45,7,1395,1,5,SEAT LEON,4,E01019260,0,-1
2023311287165,2023,311287165,1,9,0,5,5,3,7,0,0,1,0,0,0,0,1,1,1,1,1,22,5,1498,1,5,SEAT LEON,1,E01013604,0,-1
2023010451177,2023,010451177,2,9,0,18,19,6,2,0,0,1,0,0,0,0,4,1,6,6,1,24,5,999,1,6,SEAT LEON,5,E01002682,0,-1
2023131324161,2023,131324161,1,9,0,18,19,7,7,0,0,2,0,0,0,0,1,1,6,6,2,30,6,1968,2,14,SEAT LEON,3,E01010584,0,-1
2023991260441,2023,991260441,1,9,0,9,9,3,7,0,0,2,0,0,0,0,3,1,5,6,2,36,7,1598,2,11,SEAT LEON,4,-1,0,-1
2023401327861,2023,401327861,1,9,0,18,19,-1,-1,0,0,1,0,0,0,0,1,1,6,6,1,-1,-1,1598,2,10,SEAT LEON,-1,-1,0,-1
2023201313118,2023,201313118,2,9,0,3,3,6,2,0,0,1,0,0,0,0,2,1,5,6,2,39,7,1968,2,10,SEAT LEON,3,E01010479,0,-1
2023201396598,2023,201396598,1,9,0,13,13,3,7,0,0,8,0,0,0,0,1,1,6,6,3,-1,-1,1498,1,4,SEAT LEON,-1,-1,0,-1
2023010427653,2023,010427653,1,9,0,99,99,9,9,99,99,9,9,99,9,99,3,9,6,6,2,31,6,1197,1,12,SEAT LEON,4,E01003409,0,-1
2023471358468,2023,471358468,1,9,0,5,5,8,4,0,0,2,0,0,0,0,1,1,3,7,2,48,8,999,1,6,SEAT LEON,2,E01021179,0,-1
2023302301977,2023,302301977,1,9,0,18,19,3,7,0,0,1,5,4,0,0,3,1,6,6,1,25,5,1498,1,3,SEAT LEON,1,E01010622,0,-1
2023010461444,2023,010461444,2,9,0,99,99,9,9,99,99,9,9,99,9,99,9,9,6,6,3,-1,-1,1968,2,8,SEAT LEON,-1,-1,0,-1
2023041308855,2023,041308855,1,9,0,9,9,7,5,0,0,6,0,0,0,0,1,1,6,6,1,-1,-1,999,1,2,SEAT LEON,-1,-1,0,-1
2023411354966,2023,411354966,3,9,0,18,19,1,5,0,0,0,0,0,0,0,1,1,6,6,1,41,7,1598,2,5,SEAT LEON,8,E01018289,0,-1
2023101363025,2023,101363025,1,9,0,18,19,1,5,0,0,0,0,0,0,0,1,1,6,6,1,49,8,1498,1,4,SEAT LEON,4,E01027474,0,-1
2023131381156,2023,131381156,1,9,0,18,19,6,2,0,0,0,0,0,0,0,1,1,5,6,1,20,4,1498,1,4,SEAT LEON,10,E01011797,0,-1
2023201385682,2023,201385682,2,9,0,4,4,5,1,0,0,0,0,0,0,0,1,1,1,1,1,29,6,1395,1,5,SEAT LEON,-1,-1,0,-1
2023031391180,2023,031391180,2,9,0,3,3,7,3,0,0,0,0,0,0,0,2,1,5,6,2,23,5,1197,1,6,SEAT LEON,-1,-1,0,-1
2023052302015,2023,052302015,1,9,0,17,19,1,5,0,0,8,1,10,3,6,1,2,2,2,1,20,4,1395,1,5,SEAT LEON,1,E01006752,0,-1
2023131339377,2023,131339377,1,9,0,18,19,1,5,0,0,0,0,4,0,0,1,1,5,6,1,57,9,1968,2,16,SEAT LEON,2,E01010799,0,-1
2023320440706,2023,320440706,2,9,0,4,4,2,6,0,0,1,0,0,0,0,2,1,6,6,2,46,8,1968,2,7,SEAT LEON,-1,-1,0,-1
2023332300081,2023,332300081,2,9,0,9,9,1,7,0,0,6,0,0,0,0,3,1,6,6,2,47,8,1197,1,12,SEAT LEON,5,E01013700,0,-1
2023131298606,2023,131298606,2,9,0,18,19,3,7,0,0,8,0,0,0,0,1,1,5,6,2,36,7,1197,1,12,SEAT LEON,1,E01010653,0,-1
2023501392836,2023,501392836,2,9,0,18,19,2,6,0,0,1,0,0,0,0,1,1,6,6,1,24,5,1968,2,11,SEAT LEON,4,E01019037,0,-1
2023201311842,2023,201311842,1,9,0,18,19,4,8,0,0,0,0,0,0,0,1,1,6,6,1,22,5,1595,1,16,SEAT LEON,8,E01031149,0,-1
2023131258735,2023,131258735,1,9,0,18,19,3,7,0,0,0,0,0,0,0,4,1,5,6,1,50,8,1896,2,12,SEAT LEON,1,E01011138,0,-1
2023522400961,2023,522400961,2,9,0,18,19,2,6,0,0,8,0,0,0,0,1,1,6,6,1,28,6,1197,1,11,SEAT LEON,4,E01014623,0,-1
2023501327557,2023,501327557,2,9,0,18,19,6,2,0,0,8,1,0,0,0,1,1,5,6,1,33,6,1986,2,16,SEAT LEON,8,E01015251,0,-1
2023311341630,2023,311341630,2,9,0,18,19,2,6,0,0,0,0,0,0,0,2,1,6,6,1,40,7,1598,2,8,SEAT LEON,2,E01013976,0,-1
2023430500366,2023,430500366,2,9,0,9,9,6,4,0,0,6,0,0,0,0,1,1,6,6,1,32,6,1395,1,9,SEAT LEON,5,E01016416,0,-1
2023471323285,2023,471323285,2,9,0,2,2,0,0,0,0,0,0,0,0,0,1,1,6,6,3,-1,-1,1598,2,9,SEAT LEON,-1,-1,0,-1
2023131317909,2023,131317909,2,9,0,18,19,8,5,0,0,0,0,0,0,0,1,1,5,6,1,56,9,1896,2,17,SEAT LEON,4,E01011049,0,-1
2023311398003,2023,311398003,1,9,0,5,5,1,5,0,0,8,0,0,0,0,1,1,5,6,1,79,11,1197,1,7,SEAT LEON,2,E01013965,0,-1
2023430226803,2023,430226803,1,9,0,18,19,1,5,0,0,4,0,0,0,0,1,1,6,6,2,18,4,1968,2,15,SEAT LEON,6,E01017795,0,-1
2023340WN5552,2023,340WN5552,2,9,0,18,19,6,2,0,0,0,0,0,0,0,1,1,6,6,1,17,4,1968,2,13,SEAT LEON,1,E01027244,0,-1
2023440505496,2023,440505496,1,9,0,9,9,2,7,0,0,8,0,0,0,0,1,1,6,6,1,29,6,1968,2,7,SEAT LEON,6,E01022715,0,-1
2023131327139,2023,131327139,1,9,0,9,9,1,3,0,0,4,0,0,0,0,0,1,5,6,1,42,7,1498,1,4,SEAT LEON,6,E01011574,0,-1
2023430040591,2023,430040591,2,9,0,18,19,8,4,0,0,8,0,0,0,0,4,1,2,2,1,49,8,1197,1,13,SEAT LEON,9,E01028792,0,-1
2023201353833,2023,201353833,1,9,0,18,19,5,1,0,0,8,0,0,0,0,1,1,6,6,1,-1,-1,1984,1,16,SEAT LEON,-1,-1,0,-1
2023201315257,2023,201315257,1,9,0,9,9,8,5,0,0,6,0,4,0,0,1,1,6,6,1,-1,-1,1968,2,13,SEAT LEON,-1,-1,0,-1
2023061293624,2023,061293624,1,9,0,18,19,5,1,0,0,1,0,0,0,0,3,1,2,2,1,21,5,1395,1,5,SEAT LEON,-1,-1,0,-1
2023131304920,2023,131304920,1,9,0,18,19,1,1,0,0,0,0,0,0,0,1,1,5,6,1,23,5,1395,1,5,SEAT LEON,5,E01011820,0,-1
2023501307489,2023,501307489,1,9,0,18,19,6,3,0,0,0,0,7,1,0,1,1,5,6,2,39,7,1598,2,13,SEAT LEON,3,E01019051,0,-1
2023131307214,2023,131307214,2,9,0,18,19,5,1,0,0,0,0,0,0,0,2,1,5,6,1,29,6,1598,2,8,SEAT LEON,7,E01011835,0,-1
2023131309702,2023,131309702,2,9,0,18,19,6,2,0,0,8,0,0,0,0,4,1,5,6,1,21,5,1968,2,11,SEAT LEON,1,E01011428,0,-1
2023311365518,2023,311365518,4,9,0,18,19,5,1,0,0,8,0,0,0,0,1,1,6,6,2,19,4,1598,2,12,SEAT LEON,3,E01026134,0,-1
2023131374558,2023,131374558,1,9,0,4,4,4,8,0,0,1,0,0,0,0,2,1,6,6,3,23,5,1395,1,9,SEAT LEON,7,E01011775,0,-1
2023211377897,2023,211377897,1,9,-1,-1,-1,1,5,-1,-1,0,-1,-1,-1,0,-1,1,6,6,1,28,6,1598,2,4,SEAT LEON,5,E01009037,0,-1
2023201267385,2023,201267385,2,9,0,18,19,2,6,0,0,8,0,0,0,0,4,1,6,6,2,30,6,1598,2,9,SEAT LEON,1,E01009632,0,-1
2023010436165,2023,010436165,2,9,0,18,19,1,5,0,0,1,0,0,0,0,1,1,6,6,3,-1,-1,1781,1,19,SEAT LEON,-1,-1,0,-1
2023302300721,2023,302300721,3,9,0,18,19,6,2,0,0,0,0,0,0,0,1,1,6,6,1,21,5,999,1,2,SEAT LEON,1,E01013484,0,-1
2023991360627,2023,991360627,1,9,0,18,19,7,3,0,0,0,1,10,8,0,1,1,5,6,1,28,6,1968,2,7,SEAT LEON,-1,-1,0,-1
2023552300284,2023,552300284,5,9,0,2,2,0,0,0,0,0,0,0,0,0,3,1,6,6,3,-1,-1,1968,2,8,SEAT LEON,-1,-1,0,-1
2023101271711,2023,101271711,2,9,0,2,2,0,0,9,9,0,0,4,0,0,1,1,6,6,2,57,9,1968,2,8,SEAT LEON,5,E01027409,0,-1
2023122301164,2023,122301164,1,9,0,18,19,3,7,0,0,0,0,0,0,0,2,1,2,2,2,34,6,1395,1,5,SEAT LEON,7,E01013401,0,-1
202360A197295,2023,60A197295,1,9,0,7,7,5,8,0,0,6,0,0,0,0,3,1,2,2,1,24,5,1598,2,4,SEAT LEON,-1,-1,0,-1
2023111344639,2023,111344639,1,9,0,18,19,7,3,0,0,2,0,0,0,0,4,1,6,6,2,21,5,1395,1,5,SEAT LEON,4,E01020871,0,-1
2023111273904,2023,111273904,1,9,0,18,19,2,7,0,0,0,0,0,0,0,1,1,6,6,3,30,6,1498,1,2,SEAT LEON,-1,-1,0,-1
2023061310868,2023,061310868,2,9,0,18,19,1,5,0,0,1,0,0,0,0,2,1,6,6,3,30,6,1390,1,12,SEAT LEON,3,E01025398,0,-1
2023221361371,2023,221361371,2,9,0,9,9,7,4,0,0,6,0,0,0,0,3,1,6,6,2,27,6,1598,2,10,SEAT LEON,4,E01014024,0,-1
2023991309427,2023,991309427,1,9,0,18,19,6,2,0,0,0,0,0,0,0,1,1,6,6,1,18,4,1896,2,16,SEAT LEON,-1,-1,0,-1
2023991359519,2023,991359519,2,9,0,18,19,5,1,0,0,1,0,0,0,0,1,1,5,6,1,22,5,1395,1,5,SEAT LEON,5,-1,0,-1
2023201279138,2023,201279138,1,9,0,4,4,2,6,0,0,1,0,0,0,0,4,1,1,1,2,51,8,1595,1,14,SEAT LEON,5,E01029348,0,-1
2023201409915,2023,201409915,1,9,0,12,12,1,5,0,0,2,0,0,0,0,3,1,6,6,1,-1,-1,1984,1,15,SEAT LEON,-1,-1,0,-1
2023501266575,2023,501266575,2,9,0,18,19,7,3,0,0,8,0,0,7,0,3,1,5,6,2,40,7,1498,1,4,SEAT LEON,5,E01015205,0,-1
2023131264430,2023,131264430,2,9,0,2,2,3,7,0,0,0,0,0,0,0,3,1,6,6,3,-1,-1,1896,2,14,SEAT LEON,-1,-1,0,-1
2023522301431,2023,522301431,1,9,0,18,19,3,7,0,0,2,0,0,0,0,1,1,6,6,1,45,7,1968,2,8,SEAT LEON,10,E01014855,0,-1
2023010473005,2023,010473005,3,9,0,18,19,3,7,0,0,0,0,0,0,0,1,1,6,6,1,30,6,1498,1,4,SEAT LEON,5,E01017378,0,-1
2023231287474,2023,231287474,1,9,0,16,19,2,5,0,0,0,0,0,7,9,1,1,5,6,1,19,4,1197,1,9,SEAT LEON,2,E01009608,0,-1
2023351315794,2023,351315794,4,9,0,15,15,7,3,0,0,0,0,0,0,0,0,1,6,6,2,74,10,1197,1,7,SEAT LEON,8,E01017526,0,-1
2023471361386,2023,471361386,2,9,0,3,3,3,6,0,0,1,0,0,0,0,2,1,3,7,2,36,7,1598,2,8,SEAT LEON,4,E01016925,0,-1
2023010446862,2023,010446862,2,9,0,18,19,7,3,0,0,8,0,0,0,0,1,1,6,6,1,18,4,1390,1,14,SEAT LEON,4,E01021869,0,-1
2023010451407,2023,010451407,3,9,0,18,19,1,5,0,0,1,0,0,0,0,1,1,6,6,1,23,5,1798,1,5,SEAT LEON,3,E01004262,0,-1
2023522301431,2023,522301431,2,9,0,17,19,7,3,0,0,1,0,0,0,0,1,1,6,6,1,41,7,1968,2,18,SEAT LEON,5,E01014820,0,-1
2023031351435,2023,031351435,1,9,0,9,9,3,2,0,0,1,0,0,0,0,3,1,6,6,1,35,6,1968,2,9,SEAT LEON,1,E01019263,0,-1
2023131259157,2023,131259157,2,9,0,18,19,1,5,0,0,0,0,0,0,0,1,1,5,6,1,31,6,1598,2,8,SEAT LEON,2,E01011082,0,-1
2023430534046,2023,430534046,1,9,0,18,19,1,5,0,0,0,1,0,1,4,1,1,6,6,1,20,4,1595,1,16,SEAT LEON,5,E01015746,0,-1
202360A019999,2023,60A019999,2,9,0,18,19,8,4,0,0,0,0,0,1,9,1,1,2,2,1,21,5,1984,1,7,SEAT LEON,-1,-1,0,-1
2023170L30993,2023,170L30993,2,9,0,4,4,7,3,0,0,1,0,0,0,0,2,1,6,6,1,36,7,1598,2,10,SEAT LEON,10,E01008322,0,-1
2023991375559,2023,991375559,1,9,0,18,19,6,2,0,0,0,0,0,0,0,1,1,2,2,1,31,6,1984,1,3,SEAT LEON,2,-1,0,-1
2023430041376,2023,430041376,2,8,0,18,19,7,3,0,0,8,0,0,0,0,1,1,1,1,1,39,7,1395,1,8,-1,3,E01017605,0,-1
2023201402696,2023,201402696,1,9,0,5,5,2,6,0,0,0,0,0,0,0,0,1,6,6,1,33,6,1598,2,12,SEAT LEON,1,E01009215,0,-1
2023201356296,2023,201356296,1,9,0,18,19,4,8,0,0,1,0,0,0,0,1,1,1,1,2,33,6,999,1,2,SEAT LEON,6,E01009972,0,-1
2023201438264,2023,201438264,1,9,0,7,7,4,6,0,0,5,0,0,0,0,4,1,5,6,2,45,7,1798,1,5,SEAT LEON,1,E01008941,0,-1
2023010463770,2023,010463770,2,9,0,18,19,5,1,0,0,0,0,0,0,0,1,1,6,6,1,36,7,1968,2,17,SEAT LEON,1,E01002036,0,-1
2023451263573,2023,451263573,2,9,0,2,2,0,0,9,9,0,0,0,0,0,1,1,6,6,3,-1,-1,1197,1,11,SEAT LEON,-1,-1,0,-1
2023111308632,2023,111308632,1,9,0,18,19,3,7,0,0,1,0,0,0,0,4,1,5,6,1,45,7,1968,2,12,SEAT LEON,2,E01008252,0,-1
2023201296136,2023,201296136,1,9,0,5,5,7,3,0,0,8,0,0,0,0,1,1,6,6,1,48,8,1598,2,9,SEAT LEON,2,E01010533,0,-1
2023131314369,2023,131314369,1,9,0,18,19,5,1,0,0,0,0,0,3,11,1,1,5,6,1,22,5,1197,1,12,SEAT LEON,1,E01024877,0,-1
2023351341545,2023,351341545,1,9,0,18,19,7,5,0,0,0,0,0,1,11,1,1,5,6,3,-1,-1,1598,2,12,SEAT LEON,-1,-1,0,-1
2023141295924,2023,141295924,1,9,0,18,19,5,1,0,0,0,0,0,0,0,1,1,6,6,2,55,8,1197,1,8,SEAT LEON,5,E01007501,0,-1
2023201291639,2023,201291639,2,9,0,18,19,1,5,0,0,1,0,0,0,0,1,1,3,7,1,22,5,1395,1,9,SEAT LEON,4,E01009087,0,-1
2023311353826,2023,311353826,2,9,0,2,2,6,2,0,0,0,0,0,0,0,2,1,6,6,3,-1,-1,1395,1,7,SEAT LEON,-1,-1,0,-1
2023131278107,2023,131278107,1,9,0,1,1,3,1,0,0,8,0,0,0,0,3,1,5,6,1,62,9,1395,1,5,SEAT LEON,7,E01011351,0,-1
2023461393423,2023,461393423,1,9,0,18,19,7,3,0,0,1,0,0,0,0,4,1,6,6,1,25,5,1595,1,18,SEAT LEON,2,E01014659,0,-1
2023010462892,2023,010462892,2,9,0,18,19,7,3,0,0,8,0,0,0,0,1,1,2,2,1,31,6,1197,1,9,SEAT LEON,1,E01004206,0,-1
2023010437866,2023,010437866,1,9,0,18,19,3,7,0,0,1,0,0,0,0,1,1,6,6,3,-1,-1,1968,2,15,SEAT LEON,-1,-1,0,-1
2023131272605,2023,131272605,1,9,0,18,19,7,3,0,0,0,5,0,0,0,3,1,5,6,1,18,4,1498,1,2,SEAT LEON,2,E01011284,0,-1
2023131393367,2023,131393367,2,9,0,2,2,1,5,9,9,8,0,0,0,0,2,1,6,6,3,-1,-1,1968,2,13,SEAT LEON,-1,-1,0,-1
2023451314259,2023,451314259,2,9,0,18,19,7,3,0,0,0,0,0,0,0,1,1,5,6,2,50,8,1896,2,16,SEAT LEON,10,E01030807,0,-1
2023501346419,2023,501346419,1,9,-1,-1,-1,-1,-1,-1,-1,-1,-1,-1,-1,0,-1,1,6,6,2,32,6,1598,2,11,SEAT LEON,6,E01020083,0,-1
2023501294188,2023,501294188,1,9,0,18,19,5,1,0,0,1,0,0,0,0,4,1,6,6,1,82,11,1598,2,8,SEAT LEON,8,E01020023,0,-1
2023430208214,2023,430208214,3,9,0,18,19,8,5,0,0,0,0,0,2,11,1,1,2,2,1,25,5,1968,2,16,SEAT LEON,7,E01017925,0,-1
2023340WN3782,2023,340WN3782,2,9,0,3,3,5,1,0,0,0,0,0,0,0,2,1,6,6,1,21,5,1798,1,6,SEAT LEON,8,E01026977,0,-1
2023311351140,2023,311351140,2,9,0,5,5,3,7,0,0,4,0,0,0,0,3,1,5,6,1,25,5,1798,1,5,SEAT LEON,4,E01013912,0,-1
2023131354550,2023,131354550,1,9,0,18,19,1,3,0,0,1,1,0,1,11,4,1,6,6,3,99,11,1598,2,10,SEAT LEON,-1,-1,0,-1
2023501330437,2023,501330437,1,9,0,5,5,3,7,0,0,1,0,0,0,0,3,1,6,6,1,35,6,1395,1,9,SEAT LEON,3,E01015032,0,-1
2023101379055,2023,101379055,3,9,0,10,10,1,3,0,0,6,0,0,0,0,1,1,5,6,1,37,7,1968,2,12,SEAT LEON,1,E01033075,0,-1
2023311344131,2023,311344131,1,9,0,18,19,5,6,0,0,0,0,0,0,0,1,1,6,6,1,25,5,1598,2,11,SEAT LEON,4,E01019693,0,-1
2023061364429,2023,061364429,1,9,0,18,19,7,3,0,0,0,0,0,0,0,1,1,6,6,1,27,6,1598,2,9,SEAT LEON,1,E01005381,0,-1
2023351388133,2023,351388133,1,9,0,18,19,4,8,0,0,0,0,0,0,0,1,1,2,2,2,43,7,1395,1,8,SEAT LEON,6,E01030150,0,-1
2023201389262,2023,201389262,1,9,0,5,5,5,2,0,0,6,0,0,0,0,3,1,6,6,2,20,4,999,1,5,SEAT LEON,9,E01009416,0,-1