collision_index,collision_year,collision_ref_no,vehicle_reference,vehicle_type,towing_and_articulation,vehicle_manoeuvre_historic,vehicle_manoeuvre,vehicle_direction_from,vehicle_direction_to,vehicle_location_restricted_lane_historic,vehicle_location_restricted_lane,junction_location,skidding_and_overturning,hit_object_in_carriageway,vehicle_leaving_carriageway,hit_object_off_carriageway,first_point_of_impact,vehicle_left_hand_drive,journey_purpose_of_driver_historic,journey_purpose_of_driver,sex_of_driver,age_of_driver,age_band_of_driver,engine_capacity_cc,propulsion_code,age_of_vehicle,generic_make_model,driver_imd_decile,lsoa_of_driver,escooter_flag,driver_distance_banding
2023201311691,2023,201311691,2,9,0,18,19,1,5,0,0,8,0,0,0,0,1,1,6,6,1,61,9,1968,2,13,SEAT LEON,7,E01010027,0,-1
2023371266492,2023,371266492,1,9,0,9,9,1,3,0,0,0,0,0,0,0,4,1,5,6,1,63,9,1598,2,3,SEAT LEON,8,E01030237,0,-1
2023061352935,2023,061352935,3,9,0,18,19,3,7,0,0,0,0,0,0,0,2,1,6,6,1,55,8,1498,1,4,SEAT LEON,-1,-1,0,-1
2023201298702,2023,201298702,2,9,0,18,19,6,2,0,0,0,0,0,0,0,0,1,6,6,1,22,5,1968,2,10,SEAT LEON,3,E01009599,0,-1
2023991343669,2023,991343669,1,9,0,9,9,2,8,0,0,5,0,0,0,0,4,1,2,2,2,49,8,1498,1,2,SEAT LEON,6,-1,0,-1
2023070361113,2023,070361113,3,9,0,4,4,3,7,0,0,0,0,0,0,0,2,1,6,6,3,-1,-1,1498,1,2,SEAT LEON,-1,-1,0,-1
2023201372458,2023,201372458,1,9,0,4,4,8,4,0,0,8,0,0,0,0,1,1,1,1,2,31,6,1390,1,13,SEAT LEON,2,E01010266,0,-1
2023131360354,2023,131360354,2,9,0,5,5,7,-1,0,0,3,0,0,0,0,-1,1,6,6,3,-1,-1,1598,2,10,SEAT LEON,-1,-1,0,-1
2023302301434,2023,302301434,2,9,0,4,4,5,2,0,0,1,0,0,0,0,3,1,6,6,1,42,7,1781,1,18,SEAT LEON,8,E01019874,0,-1
2023401356401,2023,401356401,2,9,0,9,9,7,4,0,0,0,0,0,0,0,4,1,6,6,1,56,9,1598,2,9,SEAT LEON,6,E01017616,0,-1
2023471324828,2023,471324828,2,9,0,18,19,4,8,0,0,0,0,0,0,0,4,1,5,6,1,51,8,1498,1,4,SEAT LEON,9,E01030326,0,-1
2023122301022,2023,122301022,2,9,0,18,19,1,5,0,0,0,0,0,0,0,2,1,6,6,2,31,6,1498,1,5,SEAT LEON,4,E01012026,0,-1
2023201276347,2023,201276347,2,9,0,6,6,4,4,0,0,8,0,0,0,0,1,1,6,6,2,-1,-1,1598,2,13,SEAT LEON,-1,-1,0,-1
2023991285378,2023,991285378,1,9,0,9,9,5,3,0,0,2,0,0,0,0,3,1,6,6,1,25,5,1598,2,6,SEAT LEON,10,-1,0,-1
2023501298127,2023,501298127,2,9,0,3,3,1,3,0,0,1,0,0,0,0,3,1,6,6,2,28,6,1968,2,9,SEAT LEON,7,E01020074,0,-1
2023061339879,2023,061339879,2,9,0,18,19,6,2,0,0,0,0,0,0,0,1,1,6,6,2,30,6,1598,2,11,SEAT LEON,2,E01005338,0,-1
2023131391412,2023,131391412,1,9,0,18,19,7,3,0,0,8,0,0,0,0,1,1,6,6,1,20,4,1395,1,8,SEAT LEON,4,E01010801,0,-1
2023131324200,2023,131324200,2,9,0,-1,-1,-1,-1,-1,-1,-1,-1,-1,-1,-1,-1,1,3,7,2,29,6,1968,2,14,SEAT LEON,1,E01010611,0,-1
2023440383223,2023,440383223,1,9,0,18,19,8,4,0,0,8,0,0,0,0,1,1,2,2,2,34,6,1598,2,9,SEAT LEON,1,E01017120,0,-1
2023221355429,2023,221355429,2,9,0,18,19,3,7,0,0,0,0,0,1,0,1,1,5,6,1,31,6,1968,2,11,SEAT LEON,8,E01020388,0,-1
2023201393125,2023,201393125,2,9,0,9,9,1,3,0,0,5,0,0,0,0,4,1,6,6,1,19,4,1498,1,3,SEAT LEON,-1,-1,0,-1
2023411268239,2023,411268239,2,9,0,4,4,5,3,0,0,0,0,0,0,0,1,1,6,6,2,78,11,1984,1,4,SEAT LEON,6,E01023940,0,-1
2023201368174,2023,201368174,2,9,0,18,19,4,8,0,0,8,0,10,1,10,1,1,5,6,1,23,5,1968,2,12,SEAT LEON,1,E01033646,0,-1
2023141389173,2023,141389173,1,9,0,17,19,3,7,0,0,0,1,0,1,11,1,1,6,6,3,-1,-1,1968,2,14,SEAT LEON,-1,-1,0,-1
2023430080449,2023,430080449,2,9,0,7,7,2,4,0,0,6,0,0,0,0,4,1,6,6,1,-1,-1,1395,1,6,SEAT LEON,8,E01016281,0,-1
2023201279215,2023,201279215,4,9,0,2,2,0,0,0,0,8,0,10,7,11,2,1,6,6,2,-1,-1,1197,1,10,SEAT LEON,-1,-1,0,-1
2023061315759,2023,061315759,1,9,0,18,19,1,1,0,0,0,0,0,0,0,1,1,6,6,1,52,8,1197,1,9,SEAT LEON,3,E01005554,0,-1
2023041391220,2023,041391220,2,9,0,18,19,1,5,0,0,1,0,0,0,0,3,1,1,1,1,49,8,1984,1,3,SEAT LEON,3,E01025371,0,-1
202360A136437,2023,60A136437,2,9,0,18,19,1,5,0,0,1,0,0,0,0,4,1,1,1,1,32,6,1968,2,5,SEAT LEON,-1,-1,0,-1
2023471380734,2023,471380734,1,9,0,3,3,2,5,0,0,0,0,0,1,0,2,1,2,2,1,24,5,1498,1,4,SEAT LEON,3,E01031783,0,-1
2023471294894,2023,471294894,2,9,0,18,19,3,7,0,0,0,0,0,0,0,2,1,2,2,1,42,7,1598,2,13,SEAT LEON,2,E01021091,0,-1
2023010463394,2023,010463394,2,9,0,99,99,9,9,99,99,9,9,99,9,99,1,9,6,6,3,57,9,999,1,0,SEAT LEON,3,E01021847,0,-1
2023010426573,2023,010426573,3,9,0,18,19,2,6,0,0,4,0,0,0,0,1,1,6,6,1,29,6,1498,1,4,SEAT LEON,2,E01003735,0,-1
2023991352256,2023,991352256,3,9,0,3,3,7,3,0,0,0,0,0,0,0,2,1,2,2,1,31,6,1395,1,5,SEAT LEON,2,-1,0,-1
2023131319767,2023,131319767,1,9,0,17,19,5,1,0,0,0,2,0,7,4,1,1,5,6,1,43,7,1781,1,18,SEAT LEON,9,E01011310,0,-1
2023461361546,2023,461361546,2,9,0,9,9,1,7,0,0,1,0,0,0,0,2,1,6,6,2,38,7,1968,2,8,SEAT LEON,6,E01024806,0,-1
2023201375879,2023,201375879,1,9,0,18,19,6,2,0,0,1,0,0,0,0,2,1,6,6,1,51,8,1197,1,6,SEAT LEON,1,E01009372,0,-1
2023122301160,2023,122301160,1,9,0,17,19,1,7,0,0,0,2,0,2,11,1,1,6,6,1,38,7,1968,2,16,SEAT LEON,1,E01010624,0,-1
2023440093928,2023,440093928,1,9,0,18,19,1,5,0,0,0,1,0,0,0,1,1,6,6,1,73,10,1598,2,9,SEAT LEON,6,E01022640,0,-1
2023332300347,2023,332300347,4,9,0,2,2,0,0,0,0,0,0,0,0,0,2,1,6,6,3,-1,-1,1498,1,4,SEAT LEON,-1,-1,0,-1
2023440506767,2023,440506767,2,9,0,4,4,2,6,0,0,0,0,0,0,0,2,1,6,6,2,49,8,1968,2,10,SEAT LEON,6,E01015318,0,-1
2023201371561,2023,201371561,2,9,0,18,19,4,8,0,0,8,1,10,8,10,4,1,6,6,3,-1,-1,1968,2,14,SEAT LEON,-1,-1,0,-1
2023311329982,2023,311329982,1,9,0,1,1,0,0,6,6,6,0,0,0,0,2,1,1,1,1,37,7,1968,2,14,SEAT LEON,4,E01028249,0,-1
2023101311527,2023,101311527,1,9,0,18,19,4,8,0,0,0,0,0,1,0,1,1,6,6,3,35,6,1968,2,4,SEAT LEON,-1,-1,0,-1
2023440475171,2023,440475171,1,9,0,18,19,3,7,0,0,0,0,0,0,0,4,1,6,6,1,41,7,1896,2,18,SEAT LEON,4,E01015343,0,-1
2023302301170,2023,302301170,1,9,0,9,9,4,2,0,0,8,0,0,0,0,3,1,6,6,1,29,6,1598,2,6,SEAT LEON,3,E01010846,0,-1
2023201424635,2023,201424635,1,9,0,18,19,3,7,0,0,0,0,0,0,0,1,1,6,6,1,24,5,1395,1,6,SEAT LEON,1,E01009397,0,-1
2023311357760,2023,311357760,2,9,0,18,19,7,3,0,0,1,0,0,0,0,1,1,6,6,2,47,8,1598,2,6,SEAT LEON,2,E01013842,0,-1
2023041318626,2023,041318626,1,9,0,9,9,1,5,0,0,0,0,0,0,0,1,1,5,6,1,23,5,1598,2,11,SEAT LEON,4,E01025335,0,-1
2023411367581,2023,411367581,2,9,0,3,3,4,8,0,0,0,0,0,0,0,1,1,2,2,2,40,7,1395,1,8,SEAT LEON,7,E01023424,0,-1
2023201332578,2023,201332578,2,9,0,18,19,5,1,0,0,8,0,0,0,0,1,1,6,6,1,19,4,1390,1,14,SEAT LEON,1,E01008910,0,-1
2023211351944,2023,211351944,1,9,-1,-1,-1,-1,-1,-1,-1,0,-1,-1,-1,0,-1,1,6,6,1,70,10,1498,1,3,SEAT LEON,9,E01021161,0,-1
2023320212140,2023,320212140,2,9,0,3,3,3,7,0,0,0,0,0,0,0,3,1,6,6,1,30,6,1598,2,5,SEAT LEON,7,E01026029,0,-1
2023361309400,2023,361309400,1,9,0,18,19,1,5,0,0,0,0,0,0,0,4,1,6,6,1,42,7,1968,2,11,SEAT LEON,3,E01026717,0,-1
2023010425261,2023,010425261,2,9,0,99,99,9,9,99,99,9,9,99,9,99,9,9,6,6,3,46,8,1984,1,5,SEAT LEON,3,E01033744,0,-1
2023010468775,2023,010468775,2,9,0,99,99,9,9,99,99,0,9,99,9,99,9,9,6,6,1,51,8,1984,1,17,SEAT LEON,6,E01000414,0,-1
2023101305063,2023,101305063,2,9,0,3,3,7,3,0,0,1,0,0,0,0,2,1,6,6,1,44,7,1968,2,7,SEAT LEON,8,E01027514,0,-1
2023061355035,2023,061355035,1,9,0,18,19,6,2,0,0,0,0,0,0,0,1,1,5,6,1,20,4,1395,1,9,SEAT LEON,-1,-1,0,-1
2023161289210,2023,161289210,2,9,0,7,7,6,2,0,0,6,0,0,0,0,1,1,6,6,1,58,9,1498,1,2,SEAT LEON,7,E01013289,0,-1
2023141356252,2023,141356252,1,9,0,7,7,7,1,0,0,2,0,0,0,0,1,1,6,6,3,-1,-1,1968,2,17,SEAT LEON,-1,-1,0,-1
2023010485049,2023,010485049,1,9,0,4,4,1,5,0,0,1,0,0,0,0,3,1,6,6,1,35,6,1595,1,15,SEAT LEON,2,E01010028,0,-1
2023320379060,2023,320379060,1,9,0,9,9,6,3,0,0,8,0,0,0,0,3,1,2,2,1,45,7,1896,2,15,SEAT LEON,10,E01026189,0,-1
2023161259609,2023,161259609,1,9,0,5,5,7,3,0,0,4,0,0,0,0,1,1,6,6,1,28,6,1395,1,9,SEAT LEON,1,E01013204,0,-1
2023351339346,2023,351339346,3,9,0,3,3,-1,-1,0,0,0,0,0,0,0,2,1,6,6,3,-1,-1,1197,1,12,SEAT LEON,-1,-1,0,-1
2023201339233,2023,201339233,1,9,0,18,19,4,8,0,0,8,0,0,0,0,4,1,6,6,1,21,5,1598,2,8,SEAT LEON,1,E01009016,0,-1
2023991307019,2023,991307019,1,9,0,18,19,7,4,0,0,0,0,0,0,0,1,1,6,6,2,44,7,1498,1,4,SEAT LEON,6,-1,0,-1
2023991307511,2023,991307511,2,9,0,18,19,1,5,0,0,1,0,0,0,0,1,1,1,1,1,68,10,1984,1,17,SEAT LEON,-1,-1,0,-1
2023451379338,2023,451379338,2,9,0,18,19,3,7,0,0,8,0,0,0,0,1,1,3,7,2,38,7,1595,1,15,SEAT LEON,4,E01030650,0,-1
2023061324848,2023,061324848,1,9,0,9,9,3,1,0,0,8,0,0,0,0,4,1,5,6,1,34,6,1968,2,9,SEAT LEON,2,E01006065,0,-1
2023161276262,2023,161276262,2,9,0,18,19,2,6,0,0,1,0,0,0,0,1,1,2,2,2,51,8,1968,2,9,SEAT LEON,6,E01027834,0,-1
2023501371103,2023,501371103,1,9,0,18,19,1,4,0,0,1,0,0,0,0,1,1,6,6,2,29,6,1598,2,12,SEAT LEON,5,E01019050,0,-1
2023161272607,2023,161272607,2,9,0,9,9,7,5,0,0,8,0,0,0,0,2,1,1,1,2,28,6,1598,2,9,SEAT LEON,2,E01012763,0,-1
2023010454485,2023,010454485,2,9,0,99,99,9,9,99,99,9,9,99,9,99,9,9,6,6,3,-1,-1,1395,1,7,SEAT LEON,-1,-1,0,-1
2023411345431,2023,411345431,1,9,0,4,4,5,1,0,0,1,0,0,0,0,3,1,6,6,1,41,7,1598,2,4,SEAT LEON,5,E01023661,0,-1
2023070795219,2023,070795219,1,9,0,5,5,7,3,0,0,4,0,0,0,0,3,1,6,6,1,37,7,1498,1,3,SEAT LEON,-1,-1,0,-1
2023501291441,2023,501291441,2,9,0,18,19,8,5,0,0,1,1,0,0,0,1,1,5,6,1,28,6,1395,1,9,SEAT LEON,4,E01020328,0,-1
2023361333041,2023,361333041,2,9,0,18,19,8,4,0,0,0,0,0,0,0,1,1,5,6,2,39,7,1798,1,5,SEAT LEON,7,E01026897,0,-1
2023131317903,2023,131317903,3,9,0,17,19,3,7,0,0,0,1,0,0,0,1,1,6,6,1,21,5,1197,1,11,SEAT LEON,2,E01011000,0,-1
2023131314626,2023,131314626,1,9,0,9,9,7,3,0,0,6,0,0,0,0,1,1,6,6,3,-1,-1,1968,2,16,SEAT LEON,-1,-1,0,-1
2023361375896,2023,361375896,2,9,0,18,19,7,3,0,0,0,0,0,0,0,1,1,6,6,2,21,5,1896,2,18,SEAT LEON,4,E01026759,0,-1
2023131348651,2023,131348651,2,9,0,3,3,1,5,0,0,4,0,0,0,0,3,1,5,6,2,17,4,1498,1,5,SEAT LEON,10,E01011458,0,-1
2023991332900,2023,991332900,2,9,0,10,10,4,8,0,0,1,0,0,1,0,2,1,5,6,2,35,6,1197,1,6,SEAT LEON,9,-1,0,-1
2023440251030,2023,440251030,1,9,0,18,19,2,6,0,0,0,0,4,1,11,1,1,6,6,1,20,4,1968,2,13,SEAT LEON,4,E01017342,0,-1
2023061380662,2023,061380662,2,9,0,9,9,1,5,0,0,1,1,0,0,0,1,1,1,1,2,31,6,1598,2,8,SEAT LEON,4,E01005327,0,-1
2023141389180,2023,141389180,3,9,0,2,2,0,0,0,0,2,0,0,0,0,1,1,6,6,3,-1,-1,1896,2,14,SEAT LEON,-1,-1,0,-1
2023311309293,2023,311309293,1,9,0,18,19,1,5,0,0,3,0,0,0,0,3,1,1,1,1,21,5,1984,1,4,SEAT LEON,-1,-1,0,-1
2023131309698,2023,131309698,1,9,0,4,4,7,5,0,0,3,0,0,0,0,2,1,5,6,1,20,4,1896,2,16,SEAT LEON,2,E01010804,0,-1
2023041345206,2023,041345206,1,9,0,7,7,5,3,0,0,6,0,0,1,0,1,1,6,6,3,-1,-1,1968,2,16,SEAT LEON,-1,-1,0,-1
2023320159575,2023,320159575,1,9,0,18,19,2,6,0,0,8,1,0,0,0,1,1,2,2,1,32,6,1498,1,3,SEAT LEON,3,E01026032,0,-1
2023631374112,2023,631374112,2,9,0,3,3,3,7,0,0,0,0,0,1,10,2,1,6,6,2,49,8,1968,2,10,SEAT LEON,8,W01000609,0,-1
2023122300952,2023,122300952,2,9,0,6,6,3,3,8,6,0,0,0,0,0,3,1,1,1,1,41,7,1896,2,14,SEAT LEON,1,E01010832,0,-1
2023201371433,2023,201371433,1,9,0,9,9,2,8,0,0,6,0,0,0,0,1,1,1,1,1,31,6,1197,1,9,SEAT LEON,2,E01009955,0,-1
2023141309813,2023,141309813,1,9,0,2,2,0,0,0,0,0,0,4,0,0,1,1,6,6,1,21,5,1395,1,7,SEAT LEON,9,E01007926,0,-1
2023201298769,2023,201298769,2,9,0,4,4,3,7,0,0,1,0,0,0,0,2,1,6,6,1,24,5,1197,1,10,SEAT LEON,3,E01009619,0,-1
2023061297811,2023,061297811,1,9,-1,8,8,-1,-1,0,0,0,0,0,0,0,0,1,6,6,3,30,6,1984,1,12,SEAT LEON,1,E01005434,0,-1
2023302300910,2023,302300910,2,9,0,13,13,4,8,0,0,0,0,0,0,0,0,1,6,6,1,26,6,1395,1,6,SEAT LEON,9,E01005409,0,-1
2023041313559,2023,041313559,2,9,0,9,9,3,1,0,0,0,0,0,0,0,1,1,2,2,2,46,8,1498,1,1,SEAT LEON,5,E01025431,0,-1
2023440010262,2023,440010262,1,9,0,18,19,5,1,0,0,8,0,0,0,0,1,1,6,6,2,28,6,1598,2,9,SEAT LEON,3,E01022811,0,-1
2023351337747,2023,351337747,1,9,0,3,3,7,3,0,0,1,0,0,0,0,3,1,1,1,1,38,7,1968,2,9,SEAT LEON,7,E01018192,0,-1
2023041388933,2023,041388933,1,9,0,18,19,3,7,0,0,1,1,0,5,10,3,1,5,6,2,32,6,1498,1,5,SEAT LEON,1,E01004802,0,-1
2023131311977,2023,131311977,2,9,0,18,19,1,5,0,0,8,0,0,0,0,1,1,5,6,1,19,4,1598,2,12,SEAT LEON,1,E01010737,0,-1
2023010423530,2023,010423530,1,9,0,18,19,3,7,9,9,1,0,0,1,1,3,1,6,6,3,-1,-1,1984,1,4,SEAT LEON,-1,-1,0,-1
2023302300885,2023,302300885,1,9,0,17,19,2,8,0,0,1,1,0,2,2,1,1,6,6,1,20,4,1968,2,13,SEAT LEON,6,E01019545,0,-1
2023122300994,2023,122300994,1,9,0,18,19,7,3,0,0,0,0,0,7,0,1,1,6,6,2,85,11,1197,1,9,SEAT LEON,7,E01013419,0,-1
2023302301592,2023,302301592,1,9,0,7,7,8,4,0,0,6,0,0,0,0,1,1,6,6,1,30,6,1896,2,16,SEAT LEON,1,E01013568,0,-1
2023131269006,2023,131269006,1,9,0,18,19,3,7,0,0,1,0,0,0,0,4,1,6,6,2,26,6,999,1,1,SEAT LEON,3,E01011853,0,-1
2023201400692,2023,201400692,3,9,0,2,2,0,0,0,0,0,0,0,0,0,3,1,5,6,1,33,6,1598,2,8,SEAT LEON,1,E01032887,0,-1
2023161356474,2023,161356474,2,9,0,10,10,5,3,0,0,1,0,0,0,0,4,1,6,6,1,30,6,1984,1,16,SEAT LEON,-1,-1,0,-1
2023061369769,2023,061369769,2,9,-1,-1,-1,-1,-1,-1,-1,0,-1,-1,-1,0,-1,1,6,6,2,39,7,1498,1,4,SEAT LEON,1,E01010663,0,-1
2023221367292,2023,221367292,1,9,0,7,7,2,3,0,0,2,0,0,0,0,1,1,6,6,2,22,5,1598,2,5,SEAT LEON,3,E01008893,0,-1
2023544479023,2023,544479023,2,9,0,4,4,2,6,0,0,1,0,0,0,0,2,1,6,6,2,38,7,1968,2,14,SEAT LEON,9,E01032713,0,-1
2023622300446,2023,622300446,1,9,0,9,9,1,7,0,0,1,0,0,0,0,1,1,2,2,1,17,4,1197,1,10,SEAT LEON,1,W01001811,0,-1
2023991362380,2023,991362380,1,9,0,15,15,3,7,0,0,0,5,0,1,11,1,1,5,6,1,21,5,1896,2,18,SEAT LEON,-1,-1,0,-1
2023061289345,2023,061289345,1,9,-1,-1,-1,-1,-1,-1,-1,-1,-1,-1,-1,0,-1,1,6,6,1,-1,-1,1968,2,9,SEAT LEON,-1,-1,0,-1
2023201413824,2023,201413824,1,9,0,18,19,3,7,0,0,6,0,0,0,0,1,1,6,6,2,51,8,1390,1,14,SEAT LEON,1,E01010375,0,-1
2023010483115,2023,010483115,3,9,0,18,19,3,7,0,0,2,0,0,0,0,0,1,6,6,1,69,10,1598,2,7,SEAT LEON,3,E01001779,0,-1
2023221317517,2023,221317517,1,9,0,18,19,5,1,5,5,0,0,10,1,0,1,1,1,1,2,26,6,1197,1,7,SEAT LEON,4,E01014122,0,-1
2023231361326,2023,231361326,1,9,0,7,7,5,7,0,0,6,0,0,0,0,1,1,2,2,1,20,4,1968,2,7,SEAT LEON,10,E01031232,0,-1
2023041375285,2023,041375285,1,9,0,3,3,7,3,0,0,8,0,0,0,0,4,1,1,1,2,25,5,1598,2,10,SEAT LEON,4,E01025335,0,-1
2023361370724,2023,361370724,1,9,0,5,5,3,5,0,0,8,0,0,0,0,1,1,6,6,1,37,7,1968,2,9,SEAT LEON,3,E01026843,0,-1
2023201310430,2023,201310430,2,9,0,9,9,8,5,0,0,8,0,0,0,0,4,1,6,6,2,29,6,1598,2,8,SEAT LEON,2,E01009163,0,-1
2023430285563,2023,430285563,1,9,0,5,5,8,4,0,0,0,0,7,0,0,1,1,6,6,1,96,11,1498,1,4,SEAT LEON,10,E01017737,0,-1
2023201339725,2023,201339725,2,9,0,18,19,6,2,0,0,0,0,0,0,0,2,1,6,6,1,49,8,1896,2,15,SEAT LEON,6,E01009496,0,-1
2023440315233,2023,440315233,1,9,0,18,19,6,2,0,0,0,0,0,1,4,1,1,6,6,1,37,7,1598,2,12,SEAT LEON,6,E01029040,0,-1
2023131285152,2023,131285152,1,9,0,18,19,6,2,0,0,8,0,0,0,0,1,1,5,6,2,44,7,999,1,2,SEAT LEON,2,E01011249,0,-1
2023041342377,2023,041342377,1,9,0,18,19,3,7,0,0,0,0,0,7,0,1,1,5,6,1,18,4,1390,1,18,SEAT LEON,1,E01004841,0,-1
2023440161663,2023,440161663,1,9,0,1,1,5,1,0,0,8,0,0,0,0,2,1,6,6,1,48,8,1896,2,14,SEAT LEON,1,E01017332,0,-1
2023451361940,2023,451361940,2,9,0,18,19,7,1,0,0,1,0,0,0,0,1,1,6,6,1,35,6,1598,2,10,SEAT LEON,-1,-1,0,-1
2023141334175,2023,141334175,1,9,0,18,19,5,5,0,0,8,0,11,1,1,1,1,5,6,2,18,4,1968,2,13,SEAT LEON,2,E01007708,0,-1
2023131350831,2023,131350831,1,9,0,18,19,5,1,0,0,1,0,0,7,0,1,1,6,6,3,-1,-1,1968,2,12,SEAT LEON,-1,-1,0,-1
2023010425548,2023,010425548,1,9,0,13,13,1,5,9,9,0,2,0,7,9,4,1,6,6,1,21,5,1395,1,6,SEAT LEON,8,E01003710,0,-1
2023131384012,2023,131384012,1,9,0,18,19,5,1,0,0,0,0,0,0,0,2,1,5,6,2,49,8,1896,2,16,SEAT LEON,4,E01010601,0,-1
2023361353471,2023,361353471,1,9,0,5,5,2,4,0,0,2,0,0,0,0,2,1,1,1,1,38,7,1598,2,3,SEAT LEON,2,E01026822,0,-1
2023451287767,2023,451287767,2,9,0,18,19,7,1,0,0,6,0,0,0,0,1,1,5,6,1,26,6,1498,1,4,SEAT LEON,7,E01015352,0,-1
2023332300747,2023,332300747,3,9,0,18,19,1,5,0,0,0,0,0,0,0,2,1,6,6,3,-1,-1,1968,2,9,SEAT LEON,-1,-1,0,-1
2023141340329,2023,141340329,2,9,0,9,9,6,3,0,0,1,0,0,0,0,1,1,2,2,1,23,5,1968,2,4,SEAT LEON,6,E01007554,0,-1
2023010420815,2023,010420815,1,3,0,14,14,4,8,0,0,8,0,0,0,0,4,1,2,2,1,48,8,125,1,1,-1,10,E01004157,0,-1
2023052300874,2023,052300874,2,3,0,18,19,5,1,0,0,1,0,0,0,0,1,1,6,6,2,18,4,125,1,1,-1,6,E01018373,0,-1
2023010452569,2023,010452569,1,3,0,16,19,5,1,0,0,2,1,0,0,0,1,1,6,6,1,29,6,125,1,0,-1,4,E01033727,0,-1
2023451372940,2023,451372940,2,3,0,17,19,1,5,0,0,0,0,0,0,0,4,1,2,2,2,22,5,125,1,1,-1,4,E01030433,0,-1
2023471306344,2023,471306344,2,3,0,18,19,8,4,0,0,8,0,0,0,0,1,1,5,6,1,17,4,125,1,2,-1,6,E01021097,0,-1
2023520300539,2023,520300539,2,4,0,18,19,5,2,0,0,8,0,0,0,0,1,1,6,6,1,19,4,125,1,1,-1,8,E01029296,0,-1
2023461278304,2023,461278304,1,3,0,18,19,1,6,0,0,3,1,0,0,0,1,1,6,6,1,31,6,125,1,1,-1,7,E01024355,0,-1
2023201416039,2023,201416039,2,9,0,18,19,3,7,0,0,4,0,0,0,0,3,1,6,6,1,47,8,1896,2,14,VOLKSWAGEN SHARAN,2,E01008964,0,-1
2023010421056,2023,010421056,1,9,0,99,99,9,9,99,99,9,9,99,9,99,1,9,6,6,3,57,9,1968,2,6,VOLKSWAGEN SHARAN,9,E01032576,0,-1
2023010460211,2023,010460211,1,9,0,18,19,7,3,9,9,0,0,0,0,0,3,1,6,6,1,44,7,1968,2,7,VOLKSWAGEN SHARAN,1,E01000601,0,-1
2023010424712,2023,010424712,3,9,0,9,9,5,3,0,0,2,0,0,0,0,1,1,6,6,1,49,8,1395,1,4,VOLKSWAGEN SHARAN,6,E01032780,0,-1
2023451351014,2023,451351014,2,9,0,2,2,0,0,0,0,0,0,0,0,0,2,1,6,6,3,-1,-1,1896,2,18,VOLKSWAGEN SHARAN,-1,-1,0,-1
2023430509932,2023,430509932,1,8,0,18,19,6,2,0,0,0,0,0,0,0,2,1,1,1,1,48,8,1968,2,11,VOLKSWAGEN SHARAN,5,E01016395,0,-1
2023010454492,2023,010454492,2,8,0,3,3,3,7,0,0,5,0,0,0,0,2,1,1,1,1,51,8,1968,2,3,VOLKSWAGEN SHARAN,3,E01004452,0,-1
2023451323625,2023,451323625,1,9,0,18,19,7,3,0,0,0,0,0,0,0,1,1,6,6,1,41,7,1968,2,6,VOLKSWAGEN SHARAN,2,E01002633,0,-1
2023101341239,2023,101341239,1,8,0,18,19,5,1,0,0,8,0,0,0,0,1,1,6,6,1,52,8,1968,2,7,VOLKSWAGEN SHARAN,9,E01008311,0,-1
2023010473359,2023,010473359,2,9,0,5,5,1,5,0,0,1,0,0,0,0,1,1,1,1,1,45,7,1968,2,7,VOLKSWAGEN SHARAN,6,E01004518,0,-1
2023401358915,2023,401358915,1,8,0,9,9,4,2,0,0,1,0,0,0,0,1,1,6,6,1,55,8,1968,2,9,VOLKSWAGEN SHARAN,4,E01017521,0,-1
2023010440659,2023,010440659,1,9,0,99,99,9,9,99,99,9,9,99,9,99,2,9,2,2,1,59,9,1968,2,11,VOLKSWAGEN SHARAN,1,E01000093,0,-1
2023010462456,2023,010462456,1,8,0,99,99,9,9,99,99,9,9,99,9,99,2,9,6,6,1,40,7,1968,2,4,VOLKSWAGEN SHARAN,4,E01003766,0,-1
2023131388368,2023,131388368,1,9,0,18,19,6,2,0,0,8,0,0,1,11,1,1,5,6,2,52,8,1968,2,16,VOLKSWAGEN SHARAN,7,E01027696,0,-1
2023471361117,2023,471361117,2,9,0,18,19,7,2,0,0,8,0,0,0,0,4,1,1,1,1,45,7,1968,2,8,VOLKSWAGEN SHARAN,5,E01032836,0,-1
2023010463138,2023,010463138,1,9,9,18,19,1,5,0,0,9,9,0,9,0,3,1,6,6,1,73,10,1896,2,16,VOLKSWAGEN SHARAN,2,E01004524,0,-1
2023010442330,2023,010442330,2,9,0,3,3,1,5,0,0,2,0,0,0,0,1,1,6,6,1,36,7,1968,2,6,VOLKSWAGEN SHARAN,3,E01003536,0,-1
2023991372264,2023,991372264,3,9,0,18,19,6,2,0,0,0,0,0,0,0,1,1,6,6,2,53,8,1968,2,4,VOLKSWAGEN SHARAN,7,-1,0,-1
2023451323323,2023,451323323,1,8,0,18,19,5,1,0,0,0,0,0,0,0,1,1,6,6,1,65,9,1968,2,4,VOLKSWAGEN SHARAN,10,E01022884,0,-1
2023131293006,2023,131293006,1,9,0,18,19,1,5,0,0,0,0,0,0,0,1,1,5,6,1,34,6,1896,2,19,VOLKSWAGEN SHARAN,1,E01011433,0,-1
2023461344263,2023,461344263,1,9,0,18,19,2,4,0,0,6,0,0,0,0,1,1,6,6,2,36,7,1968,2,12,VOLKSWAGEN SHARAN,10,E01024353,0,-1