collision_index,collision_year,collision_ref_no,vehicle_reference,vehicle_type,towing_and_articulation,vehicle_manoeuvre_historic,vehicle_manoeuvre,vehicle_direction_from,vehicle_direction_to,vehicle_location_restricted_lane_historic,vehicle_location_restricted_lane,junction_location,skidding_and_overturning,hit_object_in_carriageway,vehicle_leaving_carriageway,hit_object_off_carriageway,first_point_of_impact,vehicle_left_hand_drive,journey_purpose_of_driver_historic,journey_purpose_of_driver,sex_of_driver,age_of_driver,age_band_of_driver,engine_capacity_cc,propulsion_code,age_of_vehicle,generic_make_model,driver_imd_decile,lsoa_of_driver,escooter_flag,driver_distance_banding
2023161307316,2023,161307316,1,9,0,10,10,4,1,0,0,8,0,0,0,0,2,1,5,6,1,40,7,1968,2,4,VOLKSWAGEN SHARAN,1,E01013300,0,-1
2023010477100,2023,010477100,2,9,9,18,19,1,5,99,99,9,9,99,9,99,9,9,6,6,1,62,9,1968,2,7,VOLKSWAGEN SHARAN,1,E01001813,0,-1
2023122300421,2023,122300421,2,9,0,4,4,3,7,0,0,1,0,0,0,0,3,1,2,2,1,36,7,1968,2,14,VOLKSWAGEN SHARAN,1,E01011431,0,-1
2023010441910,2023,010441910,1,8,0,99,99,9,9,99,99,9,9,99,9,99,4,9,1,1,1,40,7,1968,2,5,VOLKSWAGEN SHARAN,5,E01003415,0,-1
2023991392118,2023,991392118,2,9,0,18,19,7,3,0,0,0,0,0,0,0,3,1,5,6,2,39,7,1968,2,6,VOLKSWAGEN SHARAN,7,-1,0,-1
2023131367357,2023,131367357,2,9,0,18,19,1,1,0,0,2,0,0,0,0,1,1,6,6,1,71,10,1896,2,17,VOLKSWAGEN SHARAN,2,E01011061,0,-1
2023010426376,2023,010426376,1,9,9,99,99,9,9,99,99,9,9,99,9,99,9,9,6,6,3,-1,-1,1968,2,4,VOLKSWAGEN SHARAN,-1,-1,0,-1
2023451344051,2023,451344051,1,9,0,18,19,1,1,0,0,1,0,0,0,0,2,1,6,6,2,55,8,1968,2,9,VOLKSWAGEN SHARAN,10,E01032624,0,-1
2023010462709,2023,010462709,1,8,0,18,19,3,7,0,0,8,0,0,0,0,1,1,6,6,1,57,9,1395,1,4,VOLKSWAGEN SHARAN,6,E01000513,0,-1
2023461293117,2023,461293117,2,9,0,18,19,7,3,0,0,8,1,0,0,0,1,1,5,6,1,72,10,1968,2,6,VOLKSWAGEN SHARAN,6,E01024787,0,-1
2023010465726,2023,010465726,2,9,9,99,99,9,9,99,99,9,9,99,9,99,9,9,6,6,1,-1,-1,1968,2,7,VOLKSWAGEN SHARAN,4,E01001478,0,-1
2023520400585,2023,520400585,1,9,0,18,19,6,2,0,0,0,0,0,0,0,1,1,6,6,2,45,7,1968,2,11,VOLKSWAGEN SHARAN,9,E01029076,0,-1
2023141273997,2023,141273997,1,9,0,18,19,5,1,0,0,0,0,10,0,0,1,1,2,2,1,56,9,1896,2,16,VOLKSWAGEN SHARAN,1,E01007913,0,-1
2023351381274,2023,351381274,2,9,0,7,7,-1,-1,0,0,2,0,0,0,0,1,1,3,7,2,-1,-1,1968,2,9,VOLKSWAGEN SHARAN,-1,-1,0,-1
2023211349592,2023,211349592,1,9,0,1,1,3,7,6,6,0,0,0,0,0,2,1,5,6,2,86,11,1896,2,14,VOLKSWAGEN SHARAN,1,E01029358,0,-1
2023451285736,2023,451285736,2,9,0,18,19,8,4,0,0,1,0,0,0,0,4,1,1,1,1,47,8,1968,2,6,VOLKSWAGEN SHARAN,6,E01003840,0,-1
2023010485896,2023,010485896,1,8,0,99,99,9,9,99,99,9,9,99,9,99,1,9,6,6,3,-1,-1,1968,2,7,VOLKSWAGEN SHARAN,-1,-1,0,-1
2023552300611,2023,552300611,1,9,0,18,19,5,1,0,0,1,0,0,0,0,1,1,6,6,3,-1,-1,1896,2,20,VOLKSWAGEN SHARAN,-1,-1,0,-1
2023430242183,2023,430242183,2,9,0,3,3,2,6,0,0,1,0,0,0,0,2,1,2,2,1,52,8,1968,2,7,VOLKSWAGEN SHARAN,8,E01016274,0,-1
2023421328562,2023,421328562,1,9,0,7,7,3,5,0,0,8,0,0,0,0,1,1,6,6,1,48,8,1395,1,3,VOLKSWAGEN SHARAN,4,E01015901,0,-1
2023010467931,2023,010467931,1,9,0,18,19,3,7,0,0,1,0,0,0,0,0,1,1,1,1,31,6,1968,2,8,VOLKSWAGEN SHARAN,4,E01000031,0,-1
2023131299359,2023,131299359,1,9,0,-1,-1,-1,-1,-1,-1,-1,-1,-1,-1,-1,-1,1,6,6,2,30,6,1896,2,16,VOLKSWAGEN SHARAN,1,E01010702,0,-1
2023421390132,2023,421390132,2,9,0,18,19,7,2,0,0,0,0,0,0,0,2,1,6,6,1,37,7,1968,2,5,VOLKSWAGEN SHARAN,10,E01021452,0,-1
2023010481287,2023,010481287,1,8,0,9,9,3,1,0,0,8,0,0,0,0,4,1,1,1,1,65,9,1968,2,6,VOLKSWAGEN SHARAN,1,E01001562,0,-1
2023411361996,2023,411361996,1,9,0,18,19,5,1,0,0,8,0,0,0,0,4,1,5,6,2,43,7,1968,2,9,VOLKSWAGEN SHARAN,8,E01023672,0,-1
2023411343194,2023,411343194,2,9,0,18,19,1,5,0,0,0,1,0,0,0,4,1,5,6,1,49,8,1968,2,10,VOLKSWAGEN SHARAN,5,W01001710,0,-1
2023010428651,2023,010428651,2,9,0,99,99,9,9,99,99,9,9,99,9,99,1,9,6,6,3,-1,-1,1968,2,4,VOLKSWAGEN SHARAN,-1,-1,0,-1
2023622300110,2023,622300110,1,8,0,18,19,1,5,0,0,2,0,0,0,0,1,1,1,1,1,52,8,1968,2,10,VOLKSWAGEN SHARAN,6,W01001756,0,-1
2023010474229,2023,010474229,1,9,0,9,9,1,8,0,0,1,0,0,0,0,3,1,6,6,1,48,8,1968,2,7,VOLKSWAGEN SHARAN,3,E01002780,0,-1
2023010461692,2023,010461692,1,8,0,18,19,7,3,0,0,0,0,4,0,0,1,1,1,1,1,57,9,1968,2,9,VOLKSWAGEN SHARAN,4,E01003389,0,-1
2023010481029,2023,010481029,2,9,9,99,99,9,9,99,99,9,9,99,9,99,9,9,6,6,3,-1,-1,1968,2,5,VOLKSWAGEN SHARAN,-1,-1,0,-1
2023052400036,2023,052400036,2,9,0,18,19,5,1,0,0,0,0,0,0,0,3,1,1,1,1,47,8,1968,2,10,VOLKSWAGEN SHARAN,-1,-1,0,-1
2023501309586,2023,501309586,1,9,0,16,19,8,4,0,0,0,5,0,2,11,4,1,5,6,2,42,7,1968,2,10,VOLKSWAGEN SHARAN,2,E01019047,0,-1
2023061372769,2023,061372769,3,8,0,18,19,3,7,0,0,0,1,0,0,0,1,1,1,1,1,31,6,1968,2,9,VOLKSWAGEN SHARAN,1,E01004811,0,-1
2023070915659,2023,070915659,2,8,0,3,3,1,5,0,0,0,0,0,0,0,2,1,1,1,1,49,8,1968,2,10,VOLKSWAGEN SHARAN,-1,-1,0,-1
2023010484821,2023,010484821,1,9,0,99,99,9,9,0,0,9,0,0,0,0,9,1,6,6,2,42,7,1395,1,2,VOLKSWAGEN SHARAN,7,E01000288,0,-1
2023122300507,2023,122300507,2,9,0,18,19,3,7,0,0,8,0,0,0,0,1,1,6,6,1,55,8,1968,2,8,VOLKSWAGEN SHARAN,3,E01013366,0,-1
2023131357081,2023,131357081,3,9,0,5,5,1,1,0,0,0,0,0,0,0,1,1,6,6,1,48,8,1968,2,7,VOLKSWAGEN SHARAN,4,E01011098,0,-1
2023010485059,2023,010485059,1,8,0,18,19,5,1,0,0,8,1,0,0,0,1,1,1,1,1,54,8,1968,2,4,VOLKSWAGEN SHARAN,-1,-1,0,-1
2023991346147,2023,991346147,4,9,0,2,2,0,0,0,0,2,0,0,0,0,4,1,6,6,3,-1,-1,1968,2,9,VOLKSWAGEN SHARAN,-1,-1,0,-1
2023440444485,2023,440444485,2,9,0,18,19,1,5,0,0,0,0,0,0,0,1,1,6,6,1,55,8,1896,2,17,VOLKSWAGEN SHARAN,5,E01022567,0,-1
2023351272899,2023,351272899,2,9,0,18,19,5,1,0,0,0,0,0,0,0,3,1,5,6,2,47,8,1984,1,20,VOLKSWAGEN SHARAN,1,E01004721,0,-1
2023461369603,2023,461369603,2,8,0,18,19,1,5,0,0,1,0,0,0,0,1,1,1,1,1,33,6,1968,2,8,VOLKSWAGEN SHARAN,3,E01024795,0,-1
2023010426988,2023,010426988,1,9,0,3,3,5,1,1,1,1,0,0,0,0,1,1,6,6,2,43,7,1968,2,11,VOLKSWAGEN SHARAN,1,E01032513,0,-1
2023010447048,2023,010447048,1,9,0,18,19,1,5,0,0,1,0,7,7,2,1,1,3,7,1,43,7,1968,2,6,VOLKSWAGEN SHARAN,4,E01003119,0,-1
2023421349950,2023,421349950,2,9,0,4,4,4,8,0,0,0,0,0,0,0,2,1,6,6,1,47,8,1968,2,9,VOLKSWAGEN SHARAN,5,E01033089,0,-1
2023010435746,2023,010435746,3,9,0,2,2,0,0,0,0,2,0,0,0,0,1,2,6,6,3,-1,-1,1968,2,9,VOLKSWAGEN SHARAN,-1,-1,0,-1
2023010476677,2023,010476677,1,8,0,9,9,5,3,0,0,4,0,0,0,0,1,1,6,6,1,74,10,1968,2,4,VOLKSWAGEN SHARAN,7,E01032573,0,-1
2023201384479,2023,201384479,2,9,0,3,3,7,3,0,0,1,0,0,0,0,2,1,5,6,2,53,8,1968,2,7,VOLKSWAGEN SHARAN,-1,-1,0,-1
2023131277307,2023,131277307,1,9,0,7,7,8,2,0,0,2,0,4,0,0,1,1,6,6,3,-1,-1,1896,2,17,VOLKSWAGEN SHARAN,-1,-1,0,-1
2023131311976,2023,131311976,2,9,0,18,19,1,5,0,0,0,0,0,0,0,1,1,1,1,1,44,7,1968,2,4,VOLKSWAGEN SHARAN,2,E01010728,0,-1
2023010435483,2023,010435483,2,9,0,99,99,9,9,99,99,9,9,99,9,99,9,9,6,6,3,-1,-1,1968,2,6,VOLKSWAGEN SHARAN,2,E01000525,0,-1
2023010422154,2023,010422154,1,8,0,7,7,1,3,0,0,5,0,0,0,0,1,1,6,6,1,60,9,1968,2,4,VOLKSWAGEN SHARAN,3,E01001370,0,-1
2023131278970,2023,131278970,2,9,0,18,19,7,3,0,0,8,0,0,0,0,3,1,6,6,1,36,7,1968,2,11,VOLKSWAGEN SHARAN,4,E01011875,0,-1
2023010470004,2023,010470004,1,8,0,99,99,9,9,0,0,8,0,0,0,0,3,1,6,6,3,57,9,1968,2,6,VOLKSWAGEN SHARAN,6,E01003755,0,-1
2023461369634,2023,461369634,1,9,0,16,19,1,3,0,0,0,0,0,7,0,1,1,5,6,1,31,6,1968,2,6,VOLKSWAGEN SHARAN,4,E01003450,0,-1
2023451320747,2023,451320747,2,9,0,4,4,1,5,0,0,0,0,0,0,0,3,1,1,1,1,44,7,1968,2,5,VOLKSWAGEN SHARAN,4,E01031549,0,-1
2023010451202,2023,010451202,1,9,0,18,19,3,7,0,0,4,0,0,0,0,1,2,1,1,1,53,8,1968,2,5,VOLKSWAGEN SHARAN,3,E01000610,0,-1
2023010422165,2023,010422165,1,9,0,18,19,1,5,0,0,1,0,0,0,0,0,1,1,1,1,42,7,1968,2,8,VOLKSWAGEN SHARAN,1,E01000552,0,-1
2023010473245,2023,010473245,2,8,0,99,99,9,9,99,99,9,9,99,9,99,1,9,6,6,1,35,6,1968,2,5,VOLKSWAGEN SHARAN,8,E01000172,0,-1
2023451347635,2023,451347635,2,9,0,5,5,1,7,0,0,6,0,0,0,0,1,1,5,6,2,49,8,1968,2,7,VOLKSWAGEN SHARAN,10,E01030473,0,-1
2023201295834,2023,201295834,2,9,0,18,19,2,6,0,0,8,0,0,0,0,1,1,1,1,1,54,8,1968,2,3,VOLKSWAGEN SHARAN,4,E01009236,0,-1
2023411383327,2023,411383327,1,9,0,18,19,1,5,0,0,0,0,0,0,0,1,1,1,1,1,36,7,1968,2,4,VOLKSWAGEN SHARAN,2,E01003607,0,-1
2023010473866,2023,010473866,2,9,0,18,19,7,3,0,0,1,1,0,0,0,1,1,6,6,1,18,4,1968,2,9,VOLKSWAGEN SHARAN,3,E01001368,0,-1
2023010486413,2023,010486413,1,9,0,9,9,1,7,0,0,8,0,0,0,0,2,1,1,1,1,53,8,1968,2,5,VOLKSWAGEN SHARAN,3,E01004421,0,-1
2023471269338,2023,471269338,2,9,0,3,3,4,1,0,0,1,0,0,0,0,2,1,6,6,1,45,7,1968,2,7,VOLKSWAGEN SHARAN,4,E01031573,0,-1
2023451321724,2023,451321724,2,9,0,9,9,7,3,0,0,1,0,0,0,0,1,1,6,6,1,48,8,1968,2,4,VOLKSWAGEN SHARAN,1,E01003060,0,-1
2023010477038,2023,010477038,2,9,0,18,19,5,1,0,0,8,0,0,0,0,1,2,1,1,1,42,7,1968,2,7,VOLKSWAGEN SHARAN,-1,-1,0,-1
2023041280245,2023,041280245,2,9,0,18,19,8,4,0,0,1,5,0,0,0,4,1,5,6,1,74,10,1395,1,3,VOLKSWAGEN SHARAN,1,E01012687,0,-1
2023061296444,2023,061296444,2,8,0,18,19,7,3,0,0,1,0,0,0,0,1,1,1,1,1,35,6,1968,2,8,VOLKSWAGEN SHARAN,2,E01005237,0,-1
2023010435509,2023,010435509,2,9,0,99,99,9,9,99,99,9,9,99,9,99,2,9,6,6,1,-1,-1,1896,2,18,VOLKSWAGEN SHARAN,3,E01003571,0,-1
2023010476065,2023,010476065,1,9,0,99,99,9,9,99,99,9,9,99,9,99,1,9,6,6,1,46,8,1968,2,6,VOLKSWAGEN SHARAN,2,E01024165,0,-1
2023622300240,2023,622300240,2,8,0,18,19,4,8,0,0,0,0,0,0,0,1,1,1,1,1,37,7,1968,2,11,VOLKSWAGEN SHARAN,7,W01001354,0,-1
2023430277504,2023,430277504,2,9,0,18,19,6,2,0,0,4,0,0,0,0,3,1,6,6,1,-1,-1,1968,2,6,VOLKSWAGEN SHARAN,-1,-1,0,-1
2023010455203,2023,010455203,1,9,0,18,19,7,3,0,0,1,0,0,0,0,0,1,1,1,1,29,6,1395,1,2,VOLKSWAGEN SHARAN,4,E01004142,0,-1
2023471389923,2023,471389923,1,9,0,10,10,3,7,0,0,1,0,0,0,0,1,1,1,1,1,50,8,1968,2,4,VOLKSWAGEN SHARAN,8,E01032835,0,-1
2023401303853,2023,401303853,4,9,0,2,2,0,0,9,9,1,0,0,0,0,1,1,5,6,3,-1,-1,1896,2,14,VOLKSWAGEN SHARAN,-1,-1,0,-1
2023010463060,2023,010463060,2,8,0,3,3,5,1,0,0,1,0,0,0,0,2,1,6,6,1,46,8,1968,2,5,VOLKSWAGEN SHARAN,2,E01001066,0,-1
2023361294271,2023,361294271,1,9,0,10,10,1,7,0,0,1,0,0,0,0,4,1,6,6,1,61,9,1968,2,7,VOLKSWAGEN SHARAN,5,E01026442,0,-1
2023010429564,2023,010429564,2,9,0,18,19,1,5,0,0,8,0,0,0,0,4,1,1,1,1,51,8,1968,2,4,VOLKSWAGEN SHARAN,5,E01023427,0,-1
2023010439010,2023,010439010,1,9,0,9,9,5,2,0,0,5,0,0,0,0,2,1,2,2,1,46,8,1968,2,4,VOLKSWAGEN SHARAN,5,E01002456,0,-1
2023430552688,2023,430552688,1,9,0,18,19,2,6,0,0,2,0,0,0,0,1,1,6,6,1,-1,-1,1968,2,10,VOLKSWAGEN SHARAN,4,E01016400,0,-1
2023401274202,2023,401274202,2,9,0,3,3,1,5,0,0,4,0,0,0,0,1,1,6,6,1,46,8,1968,2,4,VOLKSWAGEN SHARAN,2,E01015737,0,-1
2023041348405,2023,041348405,1,9,0,9,9,5,1,0,0,0,0,0,0,0,3,1,6,6,1,43,7,1896,2,13,VOLKSWAGEN SHARAN,7,E01025231,0,-1
2023991355638,2023,991355638,2,9,0,17,19,5,1,0,0,1,0,0,0,0,1,1,1,1,1,44,7,1968,2,5,VOLKSWAGEN SHARAN,3,-1,0,-1
2023131280062,2023,131280062,2,9,0,18,19,8,3,0,0,8,5,0,0,0,3,1,5,6,1,49,8,1896,2,19,VOLKSWAGEN SHARAN,1,E01010743,0,-1
2023411272905,2023,411272905,1,9,0,9,9,3,5,0,0,4,0,0,0,0,3,1,3,7,1,45,7,1968,2,10,VOLKSWAGEN SHARAN,4,E01023669,0,-1
2023430388589,2023,430388589,2,9,0,18,19,2,6,0,0,8,0,0,0,0,3,1,6,6,1,45,7,1968,2,8,VOLKSWAGEN SHARAN,-1,-1,0,-1
2023010435616,2023,010435616,2,9,0,99,99,9,9,99,99,9,9,99,9,99,1,9,6,6,3,-1,-1,1968,2,6,VOLKSWAGEN SHARAN,-1,-1,0,-1
2023461319322,2023,461319322,1,9,0,18,19,4,8,0,0,0,0,0,0,0,1,1,6,6,3,-1,-1,1968,2,13,VOLKSWAGEN SHARAN,-1,-1,0,-1
2023401325581,2023,401325581,1,9,0,5,5,-1,-1,8,6,0,0,0,0,0,1,1,6,6,1,-1,-1,1968,2,16,VOLKSWAGEN SHARAN,-1,-1,0,-1
2023201339932,2023,201339932,2,9,0,10,10,2,8,0,0,8,0,0,0,0,2,1,6,6,1,42,7,1968,2,13,VOLKSWAGEN SHARAN,2,E01010016,0,-1
2023522300401,2023,522300401,2,9,0,9,9,8,5,0,0,6,0,0,0,0,1,1,6,6,1,-1,-1,1968,2,4,VOLKSWAGEN SHARAN,-1,-1,0,-1
2023010451509,2023,010451509,2,8,0,99,99,9,9,99,99,9,9,99,9,99,2,9,6,6,3,-1,-1,1968,2,7,VOLKSWAGEN SHARAN,-1,-1,0,-1
2023010445806,2023,010445806,1,9,0,17,19,7,4,0,0,8,0,0,0,0,1,1,1,1,1,55,8,1968,2,4,VOLKSWAGEN SHARAN,2,E01003108,0,-1
2023411339035,2023,411339035,1,9,0,5,5,2,4,0,0,4,0,0,0,0,1,1,6,6,1,-1,-1,1968,2,4,VOLKSWAGEN SHARAN,-1,-1,0,-1
2023471340482,2023,471340482,2,9,0,2,2,0,0,0,0,0,0,0,0,0,2,1,6,6,3,-1,-1,1896,2,18,VOLKSWAGEN SHARAN,-1,-1,0,-1
2023401310090,2023,401310090,1,8,0,9,9,3,1,0,0,3,0,0,0,0,1,1,1,1,1,44,7,1968,2,8,VOLKSWAGEN SHARAN,1,E01017523,0,-1
2023522400250,2023,522400250,1,8,0,17,19,3,1,0,0,2,0,0,0,0,1,1,6,6,1,58,9,1968,2,7,VOLKSWAGEN SHARAN,2,E01033352,0,-1
2023010472784,2023,010472784,1,8,0,18,19,4,8,0,0,1,0,0,0,0,1,1,1,1,1,45,7,1968,2,6,VOLKSWAGEN SHARAN,8,E01002201,0,-1
2023010444429,2023,010444429,1,8,0,9,9,4,1,0,0,6,0,0,0,0,1,1,6,6,1,54,8,1395,1,4,VOLKSWAGEN SHARAN,2,E01000050,0,-1
2023010444983,2023,010444983,1,8,0,7,7,3,6,0,0,5,0,0,0,0,4,1,2,2,1,57,9,1968,2,4,VOLKSWAGEN SHARAN,2,E01021485,0,-1
2023101276442,2023,101276442,2,9,0,4,4,6,2,0,0,0,0,0,0,0,2,1,1,1,1,56,9,1968,2,4,VOLKSWAGEN SHARAN,10,E01008319,0,-1
2023010446850,2023,010446850,2,9,0,7,7,6,7,0,0,0,0,0,0,0,1,1,6,6,1,41,7,1968,2,6,VOLKSWAGEN SHARAN,3,E01030010,0,-1
2023451391873,2023,451391873,2,9,0,12,12,1,2,0,0,1,0,0,0,0,1,1,5,6,1,44,7,1968,2,5,VOLKSWAGEN SHARAN,2,E01001011,0,-1
2023010486798,2023,010486798,1,8,0,7,7,5,7,0,0,8,0,0,0,0,4,1,6,6,1,26,6,1395,1,4,VOLKSWAGEN SHARAN,2,E01001800,0,-1
2023010469857,2023,010469857,2,8,0,99,99,9,9,99,99,9,9,99,9,99,1,9,6,6,3,-1,-1,1968,2,6,VOLKSWAGEN SHARAN,-1,-1,0,-1
2023481371637,2023,481371637,2,9,0,4,4,5,1,0,0,0,0,0,0,0,2,1,6,6,1,31,6,1968,2,5,VOLKSWAGEN SHARAN,-1,-1,0,-1
2023622300483,2023,622300483,2,9,0,2,2,0,0,0,0,0,0,0,0,0,1,1,6,6,3,-1,-1,1968,2,10,VOLKSWAGEN SHARAN,-1,-1,0,-1
2023201418017,2023,201418017,2,9,0,18,19,1,7,0,0,0,0,0,0,0,1,1,2,2,1,42,7,1968,2,16,VOLKSWAGEN SHARAN,2,E01010335,0,-1
2023010422822,2023,010422822,2,9,0,18,19,1,5,0,0,1,0,0,0,0,1,1,1,1,1,47,8,1968,2,6,VOLKSWAGEN SHARAN,6,E01001295,0,-1
2023031268520,2023,031268520,1,9,0,18,19,1,5,0,0,2,0,0,0,0,3,1,6,6,2,69,10,1395,1,2,VOLKSWAGEN SHARAN,5,E01019371,0,-1
2023010457911,2023,010457911,2,8,0,18,19,1,5,0,0,8,0,0,0,0,2,1,1,1,1,42,7,1968,2,4,VOLKSWAGEN SHARAN,4,E01003621,0,-1
2023010486019,2023,010486019,2,9,9,99,99,9,9,99,99,9,9,99,9,99,9,9,6,6,3,-1,-1,1968,2,6,VOLKSWAGEN SHARAN,-1,-1,0,-1
2023010425244,2023,010425244,2,8,0,99,99,9,9,99,99,9,9,99,9,99,9,9,6,6,3,-1,-1,1968,2,4,VOLKSWAGEN SHARAN,-1,-1,0,-1
2023010466290,2023,010466290,2,8,0,99,99,9,9,99,99,9,9,99,9,99,1,9,6,6,1,-1,-1,1968,2,4,VOLKSWAGEN SHARAN,2,E01032722,0,-1
2023010454586,2023,010454586,2,8,0,7,7,2,4,0,0,6,0,0,0,0,1,1,1,1,1,45,7,1968,2,8,VOLKSWAGEN SHARAN,2,E01004140,0,-1
2023421300136,2023,421300136,2,9,0,18,19,1,5,0,0,0,0,0,0,0,4,1,6,6,1,28,6,1968,2,5,VOLKSWAGEN SHARAN,6,E01001319,0,-1
2023010439253,2023,010439253,1,8,0,99,99,9,9,99,99,9,9,99,9,99,2,9,1,1,1,48,8,1968,2,4,VOLKSWAGEN SHARAN,5,E01000070,0,-1
2023631371415,2023,631371415,1,9,0,18,19,7,3,0,0,0,0,0,7,10,4,1,2,2,1,59,9,1984,1,20,VOLKSWAGEN SHARAN,1,E01033636,0,-1
2023010454939,2023,010454939,3,8,0,3,3,1,5,0,0,1,0,0,0,0,2,1,1,1,1,48,8,1968,2,8,VOLKSWAGEN SHARAN,1,W01001699,0,-1
2023010427437,2023,010427437,1,9,0,3,3,3,7,0,0,1,0,0,0,0,2,1,1,1,1,34,6,1968,2,4,VOLKSWAGEN SHARAN,2,E01003556,0,-1
2023522301001,2023,522301001,2,8,0,1,1,1,5,0,0,6,0,0,0,0,2,1,1,1,1,-1,-1,1968,2,5,VOLKSWAGEN SHARAN,-1,-1,0,-1
2023010480451,2023,010480451,2,9,0,99,99,9,9,99,99,9,9,99,9,99,9,9,6,6,3,-1,-1,1968,2,7,VOLKSWAGEN SHARAN,-1,-1,0,-1
2023010435649,2023,010435649,1,9,0,7,7,5,7,0,0,8,0,0,0,0,1,1,6,6,1,42,7,1968,2,3,VOLKSWAGEN SHARAN,1,E01001772,0,-1
2023501371077,2023,501371077,2,9,0,18,19,5,1,0,0,0,0,0,0,0,2,1,2,2,2,47,8,1968,2,12,VOLKSWAGEN SHARAN,8,E01020261,0,-1
2023401313348,2023,401313348,2,9,0,3,3,1,5,0,0,2,0,0,0,0,2,1,5,6,2,39,7,1968,2,6,VOLKSWAGEN SHARAN,5,E01015746,0,-1
2023302300486,2023,302300486,1,9,0,3,3,4,8,0,0,1,0,0,0,0,2,1,6,6,2,65,9,1395,1,3,VOLKSWAGEN SHARAN,-1,-1,0,-1
2023010433351,2023,010433351,2,8,0,99,99,9,9,99,99,9,9,99,9,99,9,9,6,6,1,59,9,1968,2,5,VOLKSWAGEN SHARAN,2,E01001754,0,-1
2023451370937,2023,451370937,1,9,0,18,19,3,7,0,0,0,1,0,1,0,3,1,5,6,1,43,7,1968,2,12,VOLKSWAGEN SHARAN,10,E01030500,0,-1
2023101298159,2023,101298159,1,9,0,7,7,1,7,0,0,6,0,0,0,0,1,1,1,1,1,26,6,1896,2,21,VOLKSWAGEN SHARAN,6,E01020617,0,-1
2023061264910,2023,061264910,1,9,0,18,19,1,1,0,0,0,0,0,0,0,1,1,6,6,3,57,9,1896,2,18,VOLKSWAGEN SHARAN,2,E01005959,0,-1
2023131344974,2023,131344974,1,9,0,9,9,5,1,0,0,8,0,0,0,0,1,1,6,6,1,45,7,1968,2,12,VOLKSWAGEN SHARAN,2,E01011235,0,-1
2023010453854,2023,010453854,1,8,0,6,6,5,5,0,0,8,0,0,0,0,2,1,1,1,1,45,7,1968,2,5,VOLKSWAGEN SHARAN,4,E01002759,0,-1
2023122300671,2023,122300671,1,9,0,6,6,6,6,0,0,0,0,0,0,0,4,1,1,1,1,39,7,1896,2,18,VOLKSWAGEN SHARAN,1,E01011430,0,-1
2023471326978,2023,471326978,2,9,0,18,19,5,1,0,0,8,0,0,0,0,4,1,5,6,2,54,8,1968,2,12,VOLKSWAGEN SHARAN,6,E01021204,0,-1
2023041314803,2023,041314803,2,9,0,2,2,5,1,0,0,2,1,10,0,0,2,1,6,6,3,-1,-1,1896,2,18,VOLKSWAGEN SHARAN,-1,-1,0,-1
2023201296201,2023,201296201,1,9,0,18,19,6,2,0,0,4,0,0,0,0,1,1,1,1,1,45,7,1968,2,6,VOLKSWAGEN SHARAN,1,E01009345,0,-1
2023461289687,2023,461289687,2,9,0,9,9,3,7,0,0,1,0,0,7,0,3,1,6,6,1,32,6,1968,2,8,VOLKSWAGEN SHARAN,8,E01023983,0,-1
2023451329125,2023,451329125,1,9,0,18,19,4,8,0,0,1,0,0,0,0,1,1,1,1,1,51,8,1968,2,5,VOLKSWAGEN SHARAN,9,E01031730,0,-1
2023131371569,2023,131371569,1,9,0,16,19,3,7,0,0,0,0,0,0,0,4,1,6,6,3,40,7,1896,2,15,VOLKSWAGEN SHARAN,-1,-1,0,-1
2023010424050,2023,010424050,2,9,0,18,19,7,3,0,0,0,0,0,0,0,1,1,1,1,1,36,7,1968,2,4,VOLKSWAGEN SHARAN,-1,-1,0,-1
2023461296293,2023,461296293,2,9,0,18,19,2,6,0,0,8,2,0,2,0,4,1,6,6,1,64,9,1896,2,26,VOLKSWAGEN SHARAN,7,E01024439,0,-1
2023010455727,2023,010455727,1,9,0,99,99,9,9,99,99,9,9,99,9,99,9,9,6,6,1,46,8,1968,2,5,VOLKSWAGEN SHARAN,9,E01000751,0,-1
2023201314916,2023,201314916,2,9,0,9,9,4,2,0,0,5,0,0,0,0,3,1,2,2,2,44,7,1395,1,2,VOLKSWAGEN SHARAN,3,E01009995,0,-1
2023010483127,2023,010483127,1,9,0,3,3,7,3,0,0,2,0,0,0,0,2,1,1,1,1,49,8,1968,2,4,VOLKSWAGEN SHARAN,1,E01004721,0,-1
2023131357839,2023,131357839,2,9,0,9,9,4,3,0,0,5,0,0,0,0,4,1,1,1,1,55,8,1968,2,4,VOLKSWAGEN SHARAN,1,E01010960,0,-1
2023351355157,2023,351355157,2,9,0,9,9,3,1,0,0,6,0,0,0,0,3,1,5,6,1,43,7,1968,2,15,VOLKSWAGEN SHARAN,5,E01018080,0,-1
2023201411507,2023,201411507,1,9,0,18,19,5,1,0,0,4,0,0,0,0,2,1,5,6,1,32,6,1896,2,19,VOLKSWAGEN SHARAN,2,E01009029,0,-1
2023010486829,2023,010486829,1,8,0,18,19,7,3,0,0,2,0,0,0,0,4,1,6,6,1,41,7,1968,2,4,VOLKSWAGEN SHARAN,2,E01000600,0,-1
2023010479616,2023,010479616,2,9,0,17,19,1,5,0,0,1,0,0,0,0,1,1,6,6,1,51,8,1968,2,4,VOLKSWAGEN SHARAN,3,E01000945,0,-1
2023411387576,2023,411387576,1,9,0,9,9,1,3,0,0,5,0,0,0,0,1,1,6,6,1,61,9,1395,1,2,VOLKSWAGEN SHARAN,10,E01023926,0,-1
2023541061323,2023,541061323,1,9,0,18,19,1,5,0,0,1,0,0,0,0,1,1,6,6,1,21,5,1968,2,12,VOLKSWAGEN SHARAN,4,E01000518,0,-1