collision_index,collision_year,collision_ref_no,vehicle_reference,vehicle_type,towing_and_articulation,vehicle_manoeuvre_historic,vehicle_manoeuvre,vehicle_direction_from,vehicle_direction_to,vehicle_location_restricted_lane_historic,vehicle_location_restricted_lane,junction_location,skidding_and_overturning,hit_object_in_carriageway,vehicle_leaving_carriageway,hit_object_off_carriageway,first_point_of_impact,vehicle_left_hand_drive,journey_purpose_of_driver_historic,journey_purpose_of_driver,sex_of_driver,age_of_driver,age_band_of_driver,engine_capacity_cc,propulsion_code,age_of_vehicle,generic_make_model,driver_imd_decile,lsoa_of_driver,escooter_flag,driver_distance_banding
2023201416055,2023,201416055,1,9,0,18,19,2,6,0,0,0,0,0,0,0,1,1,6,6,1,60,9,1368,1,11,ALFA ROMEO GIULIETTA,1,E01010435,0,-1
2023631384092,2023,631384092,1,9,0,18,19,2,6,0,0,0,0,0,7,1,1,1,6,6,1,66,10,1598,2,9,ALFA ROMEO GIULIETTA,7,W01000448,0,-1
2023401328554,2023,401328554,1,9,0,16,19,7,2,0,0,0,0,0,0,0,1,1,5,6,1,52,8,1368,1,8,ALFA ROMEO GIULIETTA,10,E01017413,0,-1
2023340WN5012,2023,340WN5012,2,9,0,18,19,6,2,0,0,1,0,0,0,0,3,1,2,2,2,25,5,1368,1,12,ALFA ROMEO GIULIETTA,7,E01027221,0,-1
2023101298272,2023,101298272,2,9,0,18,19,1,5,0,0,0,0,0,0,0,2,1,2,2,2,38,7,1598,2,12,ALFA ROMEO GIULIETTA,2,E01020753,0,-1
2023010437976,2023,010437976,1,9,0,18,19,1,5,0,0,0,0,0,0,0,4,1,6,6,1,68,10,1368,1,10,ALFA ROMEO GIULIETTA,6,E01000304,0,-1
2023010455139,2023,010455139,1,9,3,18,19,7,3,0,0,2,0,0,0,0,1,1,6,6,2,22,5,1368,1,11,ALFA ROMEO GIULIETTA,4,E01000611,0,-1
2023430087285,2023,430087285,2,9,0,4,4,2,6,0,0,0,0,0,0,0,2,1,6,6,2,40,7,1368,1,8,ALFA ROMEO GIULIETTA,9,E01028463,0,-1
2023440363479,2023,440363479,1,9,0,18,19,7,3,0,0,0,0,0,0,0,3,1,2,2,1,18,4,1368,1,11,ALFA ROMEO GIULIETTA,10,E01022599,0,-1
2023010426612,2023,010426612,1,9,0,99,99,9,9,99,99,9,9,99,9,99,2,9,2,2,1,56,9,1368,1,7,ALFA ROMEO GIULIETTA,10,E01031734,0,-1
2023302301546,2023,302301546,1,9,0,3,3,6,2,0,0,0,0,0,0,0,3,1,6,6,1,32,6,1598,2,10,ALFA ROMEO GIULIETTA,5,E01013530,0,-1
2023991343669,2023,991343669,2,5,0,18,19,6,2,0,0,1,0,0,0,0,1,1,5,6,1,58,9,1197,1,8,-1,5,-1,0,-1
2023320534458,2023,320534458,2,5,0,14,14,8,4,0,0,0,5,0,0,0,4,1,6,6,1,60,9,1197,1,8,-1,5,E01027998,0,-1
2023351390568,2023,351390568,2,3,0,18,19,-1,-1,0,0,8,1,0,0,0,1,1,6,6,1,19,4,124,1,9,-1,9,E01018278,0,-1
2023010435653,2023,010435653,2,4,0,18,19,5,1,0,0,1,1,0,0,0,1,1,1,1,1,39,7,803,1,4,-1,6,E01004653,0,-1
2023522301476,2023,522301476,2,5,0,18,19,3,7,0,0,0,0,0,0,0,3,1,6,6,2,48,8,803,1,3,-1,9,E01014470,0,-1
2023302301154,2023,302301154,2,5,0,18,19,1,5,0,0,1,1,0,1,2,1,1,6,6,3,-1,-1,803,1,6,-1,5,E01019456,0,-1
2023010466202,2023,010466202,2,5,0,13,13,3,7,0,0,8,2,0,0,0,3,1,6,6,1,23,5,803,1,6,-1,9,E01024446,0,-1
202360A104090,2023,60A104090,2,5,0,18,19,3,7,0,0,1,2,0,0,0,0,1,6,6,1,38,7,1584,1,16,-1,-1,-1,0,-1
2023010443618,2023,010443618,1,5,0,99,99,9,9,99,99,9,9,99,9,99,2,1,2,2,1,26,6,1450,1,18,-1,4,E01003129,0,-1
2023010428147,2023,010428147,2,9,9,99,99,9,9,99,99,9,9,99,9,99,1,9,6,6,3,-1,-1,49,1,3,-1,-1,-1,0,-1
2023311300871,2023,311300871,2,3,0,2,2,1,1,0,0,0,0,0,0,0,1,1,1,1,1,44,7,125,1,17,HONDA XL125V,-1,-1,0,-1
2023320172610,2023,320172610,2,4,0,18,19,3,7,0,0,8,0,0,0,0,1,1,2,2,1,42,7,125,1,7,-1,7,E01028293,0,-1
2023320244982,2023,320244982,1,3,0,18,19,7,3,0,0,0,5,0,0,6,1,1,1,1,1,18,4,125,1,19,HONDA XL125V,4,E01026230,0,-1
2023520301782,2023,520301782,1,4,0,3,3,9,9,0,0,1,0,0,0,0,9,9,6,6,1,56,9,125,1,17,-1,6,E01029070,0,-1
2023471263259,2023,471263259,1,3,0,18,19,7,3,0,0,2,0,0,0,0,3,1,2,2,1,36,7,125,1,13,HONDA XL125V,4,E01031836,0,-1
2023302301661,2023,302301661,1,3,0,18,19,8,3,0,0,2,0,0,0,0,4,1,1,1,1,59,9,125,1,7,HONDA XL125V,1,E01013550,0,-1
2023320534619,2023,320534619,1,4,0,18,19,2,6,0,0,0,0,0,1,11,4,1,6,6,1,34,6,125,1,17,-1,8,E01028353,0,-1
2023451312034,2023,451312034,1,3,0,18,19,3,7,0,0,0,2,0,0,0,4,1,5,6,1,56,9,125,1,11,HONDA XL125V,7,E01030515,0,-1
2023101325120,2023,101325120,1,3,0,16,19,7,3,0,0,0,1,0,0,0,1,1,6,6,1,21,5,125,1,19,HONDA XL125V,5,E01027447,0,-1
2023101275456,2023,101275456,1,3,0,18,19,3,7,0,0,0,0,7,0,0,1,1,5,6,1,49,8,125,1,18,HONDA XL125V,-1,-1,0,-1
2023010441205,2023,010441205,3,3,0,13,13,5,1,0,0,0,0,0,0,0,1,1,1,1,1,55,8,125,1,15,HONDA XL125V,3,E01000586,0,-1
2023131299857,2023,131299857,2,3,0,18,19,5,1,0,0,1,0,0,0,0,1,1,6,6,1,47,8,125,1,16,HONDA XL125V,7,E01010933,0,-1
2023451275020,2023,451275020,2,3,0,7,7,1,5,0,0,5,1,0,1,0,2,1,1,1,1,35,6,125,1,16,HONDA XL125V,-1,-1,0,-1
2023010459834,2023,010459834,1,5,0,3,3,5,1,0,0,1,0,0,0,0,1,1,2,2,1,47,8,125,1,14,-1,5,E01001157,0,-1
2023552301454,2023,552301454,2,3,0,15,15,2,6,0,0,8,0,0,0,0,4,1,6,6,1,18,4,125,1,19,HONDA XL125V,10,E01020366,0,-1
2023221310088,2023,221310088,1,4,0,18,19,8,4,0,0,8,0,0,0,0,1,1,6,6,1,32,6,125,1,16,-1,5,E01014078,0,-1
2023052300834,2023,052300834,2,3,0,18,19,7,3,0,0,1,0,4,0,0,1,1,6,6,1,31,6,125,1,16,HONDA XL125V,1,E01012397,0,-1
2023010466070,2023,010466070,1,3,0,99,99,9,9,99,99,9,9,99,9,99,9,1,6,6,1,26,6,125,1,12,HONDA XL125V,7,E01004650,0,-1
2023311315187,2023,311315187,1,4,0,18,19,3,7,0,0,1,0,0,0,0,1,1,5,6,1,17,4,125,1,16,-1,8,E01028327,0,-1
2023122300445,2023,122300445,2,4,0,18,19,6,2,0,0,2,0,0,0,0,1,1,6,6,1,31,6,125,1,18,-1,7,E01027860,0,-1
2023461325547,2023,461325547,1,4,0,18,19,3,7,0,0,0,0,0,0,0,1,1,5,6,1,18,4,125,1,19,-1,8,E01016119,0,-1
2023131280684,2023,131280684,1,3,0,18,19,1,5,0,0,1,0,0,0,0,3,1,2,2,1,35,6,125,1,15,HONDA XL125V,1,E01011899,0,-1
2023411313031,2023,411313031,2,3,0,9,9,5,1,0,0,1,5,0,0,0,4,1,2,2,1,18,4,125,1,16,HONDA XL125V,5,E01023791,0,-1
2023010468700,2023,010468700,1,3,0,99,99,9,9,99,99,9,9,99,9,99,2,1,6,6,1,40,7,125,1,15,HONDA XL125V,5,E01001389,0,-1
2023991367848,2023,991367848,2,3,0,18,19,2,6,0,0,1,0,0,0,0,1,1,6,6,1,55,8,125,1,11,HONDA XL125V,8,-1,0,-1
2023531347399,2023,531347399,1,3,0,18,19,3,7,0,0,0,0,0,0,0,0,1,5,6,1,53,8,125,1,11,HONDA XL125V,5,E01022435,0,-1
2023221355923,2023,221355923,2,3,0,13,13,3,7,0,0,8,0,0,0,0,1,1,5,6,1,21,5,125,1,21,HONDA XL125V,2,E01028934,0,-1
2023361357656,2023,361357656,1,4,0,4,4,4,8,0,0,4,0,0,0,0,0,1,6,6,1,38,7,125,1,17,-1,7,E01026910,0,-1
2023501370811,2023,501370811,1,3,0,17,19,7,1,0,0,0,2,0,2,10,4,1,5,6,1,24,5,125,1,20,HONDA XL125V,3,E01020096,0,-1
2023010453415,2023,010453415,1,3,0,99,99,9,9,99,99,9,9,99,9,99,9,1,2,2,1,47,8,125,1,15,HONDA XL125V,4,E01000066,0,-1
2023302301142,2023,302301142,1,3,0,14,14,5,1,0,0,0,0,0,0,0,1,1,6,6,1,35,6,125,1,14,HONDA XL125V,5,E01019470,0,-1
2023501318359,2023,501318359,2,3,0,13,13,7,3,0,0,1,0,0,0,0,1,1,6,6,1,35,6,125,1,5,HONDA XL125V,4,E01020189,0,-1
2023311370446,2023,311370446,1,3,0,13,13,5,1,0,0,0,0,11,0,0,1,1,2,2,1,18,4,125,1,20,HONDA XL125V,3,E01013863,0,-1
2023991273553,2023,991273553,2,3,0,4,4,1,5,0,0,0,0,0,0,0,1,1,5,6,1,55,8,125,1,21,HONDA XL125V,3,-1,0,-1
2023161384111,2023,161384111,1,3,0,4,4,7,3,0,0,0,2,0,0,0,3,1,2,2,1,62,9,125,1,18,HONDA XL125V,1,E01012865,0,-1
2023451372562,2023,451372562,2,4,0,18,19,7,3,0,0,0,0,0,0,0,4,1,2,2,1,32,6,249,1,8,-1,8,E01030803,0,-1
2023031308920,2023,031308920,1,4,0,18,19,8,8,0,0,1,1,4,0,0,1,1,6,6,1,47,8,249,1,7,-1,5,E01019388,0,-1
2023122300855,2023,122300855,1,4,0,12,12,3,7,0,0,7,0,0,0,0,1,1,6,6,2,52,8,249,1,7,-1,6,E01027784,0,-1
2023010487449,2023,010487449,1,5,0,99,99,9,9,99,99,0,9,99,9,99,1,1,6,6,1,49,8,903,1,17,KAWASAKI MODEL MISSING,5,E01001344,0,-1
2023622300586,2023,622300586,1,5,0,18,19,7,3,0,0,1,0,0,0,0,1,1,2,2,1,33,6,599,1,16,KAWASAKI MODEL MISSING,10,W01001103,0,-1
2023141367269,2023,141367269,2,5,0,18,19,6,2,0,0,0,1,0,0,0,1,1,6,6,1,59,9,1500,1,21,KAWASAKI MODEL MISSING,3,E01019730,0,-1
2023631331564,2023,631331564,1,5,0,13,13,7,3,0,0,0,1,0,0,0,1,1,5,6,1,29,6,900,1,25,KAWASAKI MODEL MISSING,2,E01014390,0,-1
2023070359145,2023,070359145,1,5,0,17,19,2,6,0,0,0,1,0,1,11,3,1,6,6,1,21,5,592,1,34,KAWASAKI MODEL MISSING,8,E01029769,0,-1
2023531360845,2023,531360845,3,5,0,18,19,2,6,0,0,1,0,0,0,0,4,1,5,6,1,32,6,998,1,9,KAWASAKI MODEL MISSING,7,E01015474,0,-1
2023211269115,2023,211269115,1,17,0,16,19,8,1,0,0,0,2,0,2,10,4,2,1,1,1,50,8,617,1,18,-1,-1,-1,0,-1
2023451302274,2023,451302274,2,5,0,4,4,1,6,0,0,1,5,0,0,0,2,1,2,2,1,53,8,1052,1,27,KAWASAKI MODEL MISSING,8,E01022652,0,-1
2023622300552,2023,622300552,1,3,0,13,13,4,8,0,0,1,0,0,0,0,1,1,6,6,1,48,8,397,1,30,-1,2,W01001206,0,-1
2023471361471,2023,471361471,2,5,0,18,19,6,2,0,0,8,0,0,0,0,4,1,5,6,1,55,8,899,1,25,KAWASAKI MODEL MISSING,4,E01016890,0,-1
2023522301293,2023,522301293,2,5,0,18,19,3,7,0,0,8,0,0,0,0,1,1,6,6,1,57,9,1052,1,28,KAWASAKI MODEL MISSING,7,E01031926,0,-1
2023991344899,2023,991344899,1,5,0,18,19,5,1,0,0,0,1,12,0,0,1,1,5,6,1,54,8,650,1,46,KAWASAKI MODEL MISSING,6,-1,0,-1
2023421319295,2023,421319295,3,5,0,18,19,8,4,0,0,3,0,0,0,0,1,1,2,2,1,29,6,600,1,27,KAWASAKI MODEL MISSING,9,E01021568,0,-1
2023010433364,2023,010433364,2,5,0,15,15,3,7,0,0,1,0,0,0,0,1,1,2,2,1,37,7,1043,1,13,KAWASAKI MODEL MISSING,4,E01003333,0,-1
2023461343735,2023,461343735,1,17,0,18,19,7,3,0,0,0,0,11,0,0,1,1,1,1,1,55,8,401,1,4,-1,6,E01024513,0,-1
2023041267233,2023,041267233,2,3,0,5,5,3,7,0,0,1,0,0,0,0,1,1,2,2,1,19,4,124,1,33,-1,2,E01012705,0,-1
202360A080349,2023,60A080349,2,5,0,18,19,2,6,0,0,1,0,0,0,0,1,1,6,6,1,55,8,1300,1,44,KAWASAKI MODEL MISSING,-1,-1,0,-1
2023311294614,2023,311294614,2,5,0,18,19,3,7,0,0,0,0,0,0,0,1,1,5,6,1,27,6,599,1,27,KAWASAKI MODEL MISSING,6,E01028331,0,-1
2023501381655,2023,501381655,1,90,0,17,19,3,7,0,0,0,2,0,0,0,1,1,2,2,2,17,4,290,1,17,-1,4,E01020291,0,-1
2023340WN5362,2023,340WN5362,2,5,0,3,3,8,4,0,0,1,0,0,0,0,2,1,6,6,1,62,9,748,1,48,KAWASAKI MODEL MISSING,7,E01027216,0,-1
2023552301552,2023,552301552,1,5,0,18,19,8,4,0,0,0,1,0,0,0,3,1,6,6,1,61,9,805,1,28,KAWASAKI MODEL MISSING,3,E01015442,0,-1
2023552301373,2023,552301373,1,4,0,4,4,3,7,0,0,0,0,0,0,0,0,1,2,2,1,60,9,805,1,28,-1,3,E01015442,0,-1
2023320469707,2023,320469707,1,4,0,17,19,6,2,0,0,0,1,12,7,0,1,1,6,6,1,19,4,498,1,27,-1,3,E01026140,0,-1
202360A065742,2023,60A065742,1,5,0,18,19,8,4,0,0,0,5,0,0,0,3,1,1,1,1,57,9,1052,1,31,KAWASAKI MODEL MISSING,-1,-1,0,-1
2023351345283,2023,351345283,1,5,0,17,19,5,5,0,0,0,2,0,1,0,1,1,6,6,1,24,5,636,1,19,KAWASAKI MODEL MISSING,7,E01017963,0,-1
2023421378558,2023,421378558,1,5,0,18,19,7,3,0,0,0,1,0,0,0,3,1,6,6,1,50,8,1000,1,45,KAWASAKI MODEL MISSING,4,E01021651,0,-1
2023461300721,2023,461300721,2,5,0,7,7,7,7,0,0,0,1,0,0,0,2,1,6,6,1,48,8,1199,1,19,KAWASAKI MODEL MISSING,3,E01024695,0,-1
2023070455962,2023,070455962,1,5,0,18,19,1,5,0,0,0,2,4,0,0,1,1,6,6,1,38,7,748,1,26,KAWASAKI MODEL MISSING,1,E01012508,0,-1
2023010468478,2023,010468478,2,5,0,18,19,6,2,0,0,8,5,0,0,0,1,1,6,6,1,50,8,599,1,21,KAWASAKI MODEL MISSING,3,E01004533,0,-1
2023320499926,2023,320499926,2,5,0,18,19,8,4,0,0,0,1,0,7,4,3,1,6,6,1,57,9,-1,-1,-1,KAWASAKI MODEL MISSING,-1,-1,0,-1
2023201370635,2023,201370635,1,5,0,14,14,4,8,0,0,8,0,2,7,0,0,1,2,2,1,35,6,998,1,13,KAWASAKI MODEL MISSING,8,E01032168,0,-1
2023411353883,2023,411353883,1,5,0,9,9,7,3,0,0,4,0,0,0,0,1,1,5,6,1,62,9,597,1,23,KAWASAKI MODEL MISSING,5,E01023792,0,-1
2023531353143,2023,531353143,2,5,0,18,19,2,6,0,0,8,0,0,0,0,1,1,6,6,1,59,9,1015,1,42,KAWASAKI MODEL MISSING,-1,-1,0,-1
2023548621323,2023,548621323,1,4,0,18,19,5,3,0,0,1,1,0,1,0,0,1,6,6,1,35,6,903,1,16,-1,5,E01015571,0,-1
2023471319830,2023,471319830,1,5,0,13,13,7,3,0,0,0,0,0,0,0,0,1,6,6,1,65,9,1052,1,26,KAWASAKI MODEL MISSING,4,E01031628,0,-1
2023131350561,2023,131350561,1,5,0,18,19,5,1,0,0,8,0,0,0,0,1,1,5,6,1,31,6,599,1,27,KAWASAKI MODEL MISSING,1,E01011094,0,-1
2023471298572,2023,471298572,2,5,0,18,19,2,6,0,0,1,0,0,0,0,0,1,5,6,1,27,6,900,1,23,KAWASAKI MODEL MISSING,7,E01021018,0,-1
2023371307450,2023,371307450,1,4,0,18,19,1,4,0,0,1,1,0,0,0,3,1,5,6,1,22,5,249,1,30,-1,9,E01026587,0,-1
2023471303713,2023,471303713,1,5,0,17,19,7,3,0,0,0,1,0,1,11,1,1,5,6,1,36,7,599,1,28,KAWASAKI MODEL MISSING,5,E01031467,0,-1
2023170L10613,2023,170L10613,1,5,0,16,19,2,6,0,0,0,0,0,7,0,1,1,6,6,1,40,7,899,1,26,KAWASAKI MODEL MISSING,1,E01011999,0,-1
2023461376460,2023,461376460,1,4,0,15,15,6,2,0,0,0,0,0,1,0,3,1,6,6,1,57,9,1052,1,28,-1,4,E01024624,0,-1
2023991335586,2023,991335586,1,5,0,18,19,1,5,0,0,7,0,0,0,0,1,1,6,6,1,56,9,650,1,-1,KAWASAKI MODEL MISSING,-1,-1,0,-1
2023052301028,2023,052301028,2,5,0,18,19,1,5,0,0,1,0,0,1,11,3,1,6,6,1,43,7,749,1,27,KAWASAKI MODEL MISSING,10,E01006914,0,-1
2023111352592,2023,111352592,2,5,0,18,19,2,6,0,0,8,0,0,0,0,1,1,6,6,1,50,8,1199,1,19,KAWASAKI MODEL MISSING,9,E01012236,0,-1
2023371325499,2023,371325499,1,5,0,16,19,8,4,0,0,0,0,0,7,4,1,1,5,6,1,44,7,599,1,27,KAWASAKI MODEL MISSING,5,E01033446,0,-1
2023361308535,2023,361308535,2,5,0,18,19,1,5,0,0,1,0,0,0,0,1,1,6,6,1,50,8,599,1,27,KAWASAKI MODEL MISSING,6,E01026701,0,-1
2023070513528,2023,070513528,1,5,0,16,19,2,4,0,0,0,0,0,0,0,1,1,2,2,1,45,7,1100,1,33,KAWASAKI MODEL MISSING,1,E01007278,0,-1
2023371310009,2023,371310009,1,4,0,18,19,1,5,0,0,0,0,11,0,0,1,1,6,6,1,25,5,600,1,25,-1,5,E01030266,0,-1
2023451354701,2023,451354701,1,3,0,17,19,7,3,0,0,0,1,0,1,0,3,1,6,6,1,24,5,125,1,5,-1,7,E01004138,0,-1
2023010466827,2023,010466827,1,3,5,13,13,3,7,0,0,0,0,0,0,0,4,1,2,2,1,53,8,299,1,9,-1,6,E01000180,0,-1
2023010440459,2023,010440459,1,4,0,12,12,7,3,0,0,0,0,0,0,0,1,1,1,1,1,47,8,125,1,4,-1,8,E01033724,0,-1
2023101315739,2023,101315739,2,3,0,18,19,7,3,0,0,1,0,0,0,0,4,1,1,1,1,24,5,125,1,6,-1,3,E01008167,0,-1
2023461330050,2023,461330050,1,3,0,13,13,6,2,0,0,1,0,0,0,0,1,1,6,6,1,-1,-1,125,1,7,-1,-1,-1,0,-1
2023010460621,2023,010460621,2,4,0,13,13,2,6,0,0,0,0,0,0,0,1,1,6,6,1,24,5,125,1,4,-1,3,E01003587,0,-1
2023010429156,2023,010429156,1,4,0,18,19,7,3,2,2,2,2,0,1,5,1,1,6,6,1,19,4,125,1,7,-1,4,E01001097,0,-1
2023991279509,2023,991279509,1,4,-1,-1,-1,-1,-1,-1,-1,-1,-1,-1,-1,0,3,1,5,6,1,65,9,125,1,5,-1,3,-1,0,-1
2023061315920,2023,061315920,2,3,0,18,19,7,3,0,0,1,0,0,0,0,4,1,5,6,1,45,7,125,1,8,KEEWAY SUPERLIGHT,6,E01033671,0,-1
2023552301097,2023,552301097,1,3,0,18,19,2,6,0,0,4,0,0,0,0,3,1,6,6,1,18,4,125,1,3,KEEWAY SUPERLIGHT,3,E01015381,0,-1
2023221345073,2023,221345073,1,3,0,18,19,8,4,0,0,6,0,0,0,0,1,1,5,6,1,29,6,125,1,3,KEEWAY SUPERLIGHT,3,W01000480,0,-1
2023101306903,2023,101306903,2,3,0,18,19,8,4,0,0,1,1,0,0,0,4,1,2,2,1,23,5,124,1,1,KEEWAY SUPERLIGHT,3,E01008503,0,-1
2023543518023,2023,543518023,1,3,0,18,19,5,2,0,0,8,1,0,0,0,0,1,6,6,1,18,4,125,1,3,KEEWAY SUPERLIGHT,2,E01015540,0,-1
2023440462758,2023,440462758,1,4,0,4,4,2,6,0,0,1,1,0,0,0,0,1,6,6,1,51,8,125,1,7,-1,5,E01017213,0,-1
2023421307277,2023,421307277,1,3,0,5,5,4,2,0,0,6,1,0,0,0,3,1,2,2,2,36,7,125,1,3,KEEWAY SUPERLIGHT,7,E01021902,0,-1
2023501323974,2023,501323974,1,3,0,18,19,1,5,0,0,0,1,0,0,0,1,1,6,6,1,20,4,124,1,1,KEEWAY SUPERLIGHT,4,E01020017,0,-1
2023122301308,2023,122301308,2,3,0,18,19,7,3,0,0,1,0,0,0,0,4,1,2,2,1,48,8,124,1,1,KEEWAY SUPERLIGHT,6,E01027823,0,-1
2023221324364,2023,221324364,2,3,0,17,19,6,3,0,0,0,1,0,0,0,1,1,2,2,1,48,8,124,1,1,KEEWAY SUPERLIGHT,-1,-1,0,-1
2023010431097,2023,010431097,2,4,0,18,19,5,1,0,0,1,0,0,0,0,4,1,6,6,1,45,7,124,1,0,-1,3,E01004458,0,-1
2023440005593,2023,440005593,1,4,0,18,19,8,4,0,0,4,0,0,0,0,0,1,6,6,1,26,6,124,1,0,-1,-1,-1,0,-1
2023461335558,2023,461335558,1,3,0,18,19,1,5,0,0,8,0,0,0,0,1,1,6,6,1,26,6,125,1,8,KEEWAY SUPERLIGHT,4,E01016129,0,-1
2023041310108,2023,041310108,2,3,0,18,19,3,7,0,0,1,0,0,0,0,1,1,5,6,2,33,6,125,1,5,KEEWAY SUPERLIGHT,1,E01024908,0,-1
2023351270466,2023,351270466,2,3,0,2,2,-1,-1,0,0,0,0,0,0,0,2,1,2,2,1,39,7,124,1,1,KEEWAY SUPERLIGHT,6,E01017973,0,-1
2023041300861,2023,041300861,1,3,0,18,19,3,7,0,0,1,0,0,0,0,1,1,6,6,1,25,5,125,1,3,KEEWAY SUPERLIGHT,1,E01012724,0,-1
2023161351653,2023,161351653,1,3,0,18,19,3,7,0,0,0,2,0,0,0,1,1,6,6,1,49,8,125,1,6,KEEWAY SUPERLIGHT,5,E01012937,0,-1
2023061289865,2023,061289865,1,2,0,18,19,1,1,0,0,0,0,0,0,0,1,1,6,6,1,22,5,124,1,2,-1,2,E01005566,0,-1
2023430126839,2023,430126839,1,2,0,13,13,4,8,0,0,8,0,0,0,0,1,1,2,2,1,19,4,125,1,5,-1,10,E01028476,0,-1
2023622300392,2023,622300392,2,3,0,18,19,8,4,0,0,0,0,0,0,0,2,1,6,6,1,33,6,124,1,1,KEEWAY SUPERLIGHT,10,W01001635,0,-1
2023622300741,2023,622300741,2,4,0,18,19,4,8,0,0,1,0,0,0,0,1,1,6,6,1,57,9,124,1,2,-1,1,W01001267,0,-1
2023302300285,2023,302300285,2,4,0,18,19,8,4,0,0,1,0,0,0,0,3,1,6,6,1,33,6,125,1,3,-1,2,E01019688,0,-1
2023010435727,2023,010435727,1,3,0,9,9,3,1,0,0,2,1,0,1,0,4,1,6,6,1,22,5,124,1,1,KEEWAY SUPERLIGHT,5,E01003279,0,-1
2023201293448,2023,201293448,2,3,0,18,19,7,3,0,0,0,0,0,0,0,3,1,2,2,1,35,6,125,1,5,KEEWAY SUPERLIGHT,2,E01010408,0,-1
2023211283310,2023,211283310,1,3,0,4,4,6,2,0,0,0,5,0,0,0,1,1,2,2,1,38,7,125,1,3,KEEWAY SUPERLIGHT,-1,-1,0,-1
2023501268061,2023,501268061,2,3,0,4,4,7,3,0,0,0,0,0,0,0,3,1,2,2,1,25,5,124,1,1,KEEWAY SUPERLIGHT,2,E01018977,0,-1
2023631375367,2023,631375367,1,3,0,18,19,7,3,0,0,0,0,0,0,0,1,1,5,6,1,39,7,124,1,1,KEEWAY SUPERLIGHT,3,W01000670,0,-1
2023302301943,2023,302301943,1,4,0,18,19,7,3,0,0,8,0,0,0,0,1,1,6,6,1,21,5,124,1,0,-1,2,E01019579,0,-1
2023052300234,2023,052300234,1,3,0,18,19,7,3,0,0,0,1,0,0,0,1,1,6,6,1,40,7,124,1,2,KEEWAY SUPERLIGHT,1,E01007274,0,-1
2023440418744,2023,440418744,1,3,0,18,19,7,3,0,0,8,0,0,0,0,4,1,2,2,1,25,5,124,1,1,KEEWAY SUPERLIGHT,1,E01017037,0,-1
2023320788557,2023,320788557,1,4,0,18,19,6,2,0,0,0,1,4,0,0,1,1,6,6,1,24,5,124,1,2,-1,4,E01026250,0,-1
2023122300825,2023,122300825,2,3,0,4,4,7,3,0,0,0,1,0,0,0,1,1,6,6,1,20,4,124,1,0,KEEWAY SUPERLIGHT,9,E01011935,0,-1
2023552300545,2023,552300545,1,3,0,18,19,2,6,0,0,0,0,0,0,0,4,1,2,2,1,58,9,124,1,1,KEEWAY SUPERLIGHT,-1,-1,0,-1
2023010463420,2023,010463420,1,3,0,12,12,2,6,0,0,1,0,0,0,0,3,1,6,6,1,33,6,124,1,1,KEEWAY SUPERLIGHT,6,E01004491,0,-1
2023010424551,2023,010424551,2,3,0,15,15,1,5,0,0,1,5,0,0,0,1,1,6,6,1,35,6,124,1,2,KEEWAY SUPERLIGHT,-1,-1,0,-1
2023041326967,2023,041326967,1,3,0,9,9,1,5,0,0,0,2,0,0,0,1,1,5,6,1,45,7,125,1,6,KEEWAY SUPERLIGHT,1,E01006950,0,-1
2023501335480,2023,501335480,1,3,0,18,19,7,3,0,0,1,5,0,0,0,3,1,5,6,1,41,7,124,1,0,KEEWAY SUPERLIGHT,1,E01015030,0,-1
2023311391904,2023,311391904,2,3,0,18,19,1,5,0,0,1,2,0,0,0,1,1,6,6,1,40,7,125,1,4,KEEWAY SUPERLIGHT,6,E01028108,0,-1
2023161282158,2023,161282158,2,3,0,18,19,4,8,0,0,1,0,0,0,0,3,1,2,2,1,40,7,125,1,8,KEEWAY SUPERLIGHT,1,E01012881,0,-1
2023440188776,2023,440188776,2,3,0,18,19,6,2,0,0,0,0,0,0,0,3,1,6,6,3,-1,-1,125,1,3,KEEWAY SUPERLIGHT,-1,-1,0,-1
2023451299100,2023,451299100,1,3,0,18,19,1,5,0,0,0,0,0,1,0,3,1,5,6,1,18,4,124,1,1,KEEWAY SUPERLIGHT,5,E01031731,0,-1
2023545582423,2023,545582423,2,3,0,6,6,4,4,0,0,8,0,0,0,0,1,1,6,6,1,33,6,124,1,0,KEEWAY SUPERLIGHT,8,E01015534,0,-1
2023320691272,2023,320691272,1,3,0,18,19,6,2,0,0,2,0,0,0,0,1,1,2,2,1,19,4,124,1,0,KEEWAY SUPERLIGHT,3,E01026311,0,-1
2023052302137,2023,052302137,1,3,0,18,19,7,3,0,0,0,0,4,0,0,1,1,6,6,1,36,7,124,1,0,KEEWAY SUPERLIGHT,10,E01007264,0,-1