collision_index,collision_year,collision_ref_no,vehicle_reference,vehicle_type,towing_and_articulation,vehicle_manoeuvre_historic,vehicle_manoeuvre,vehicle_direction_from,vehicle_direction_to,vehicle_location_restricted_lane_historic,vehicle_location_restricted_lane,junction_location,skidding_and_overturning,hit_object_in_carriageway,vehicle_leaving_carriageway,hit_object_off_carriageway,first_point_of_impact,vehicle_left_hand_drive,journey_purpose_of_driver_historic,journey_purpose_of_driver,sex_of_driver,age_of_driver,age_band_of_driver,engine_capacity_cc,propulsion_code,age_of_vehicle,generic_make_model,driver_imd_decile,lsoa_of_driver,escooter_flag,driver_distance_banding
2023501346124,2023,501346124,1,9,0,7,7,8,2,0,0,8,0,0,0,0,1,1,6,6,1,53,8,1995,2,14,NISSAN X-TRAIL,6,E01018832,0,-1
2023010445030,2023,010445030,1,9,0,4,4,3,7,0,0,1,0,0,1,0,2,1,2,2,1,40,7,1598,2,6,NISSAN X-TRAIL,5,E01030494,0,-1
2023991302428,2023,991302428,2,9,0,12,12,2,6,0,0,0,0,0,0,0,1,1,5,6,1,59,9,1598,2,6,NISSAN X-TRAIL,5,-1,0,-1
2023552300073,2023,552300073,2,9,0,9,9,1,7,0,0,5,0,0,0,0,3,1,2,2,2,56,9,1598,2,7,NISSAN X-TRAIL,7,E01020434,0,-1
2023471376679,2023,471376679,1,9,0,2,2,0,0,0,0,1,0,0,0,0,4,1,5,6,2,31,6,1598,2,7,NISSAN X-TRAIL,2,E01020955,0,-1
2023430080005,2023,430080005,2,9,0,18,19,4,8,0,0,1,0,0,0,0,1,1,6,6,2,-1,-1,1598,2,7,NISSAN X-TRAIL,-1,-1,0,-1
2023371338032,2023,371338032,1,9,-1,-1,-1,-1,-1,-1,-1,0,-1,-1,-1,0,-1,1,6,6,2,86,11,1995,2,15,NISSAN X-TRAIL,7,E01030082,0,-1
2023461387547,2023,461387547,2,9,0,18,19,3,7,0,0,1,0,0,0,0,1,1,6,6,1,28,6,1598,2,7,NISSAN X-TRAIL,2,E01024840,0,-1
2023221371065,2023,221371065,2,9,0,18,19,5,1,0,0,2,0,0,0,0,1,1,5,6,1,64,9,1995,2,13,NISSAN X-TRAIL,2,E01032224,0,-1
2023430158683,2023,430158683,2,9,0,9,9,6,3,0,0,6,0,0,0,0,3,1,6,6,2,39,7,1598,2,6,NISSAN X-TRAIL,1,E01009564,0,-1
2023401333121,2023,401333121,2,9,0,4,4,3,7,0,0,0,0,0,0,0,2,1,5,6,1,50,8,1598,2,7,NISSAN X-TRAIL,8,E01017461,0,-1
2023122300225,2023,122300225,1,9,0,16,19,5,8,0,0,0,0,0,0,0,1,1,1,1,2,28,6,1995,2,6,NISSAN X-TRAIL,3,E01013335,0,-1
2023552301121,2023,552301121,1,9,0,18,19,8,4,9,9,8,0,0,0,0,1,1,2,2,1,20,4,2184,2,19,NISSAN X-TRAIL,3,E01015386,0,-1
2023451316616,2023,451316616,1,9,0,18,19,3,7,0,0,0,1,0,0,0,1,1,2,2,1,56,9,1598,2,6,NISSAN X-TRAIL,8,E01030794,0,-1
2023052301965,2023,052301965,3,9,0,2,2,0,0,0,0,0,0,0,0,0,4,1,6,6,3,-1,-1,1598,2,6,NISSAN X-TRAIL,-1,-1,0,-1
2023201393241,2023,201393241,3,9,0,5,5,8,4,0,0,1,0,0,0,0,2,1,1,1,1,-1,-1,1598,2,7,NISSAN X-TRAIL,7,E01010359,0,-1
2023421342897,2023,421342897,2,9,0,18,19,7,3,0,0,0,0,0,0,0,1,1,5,6,1,77,11,1749,2,3,NISSAN X-TRAIL,4,E01021812,0,-1
2023101305183,2023,101305183,1,9,0,9,9,5,1,0,0,3,0,0,0,0,4,1,5,6,1,80,11,1497,8,0,NISSAN X-TRAIL,5,E01008329,0,-1
2023351364498,2023,351364498,1,9,-1,-1,-1,-1,-1,-1,-1,-1,-1,-1,-1,0,-1,1,6,6,1,76,11,2488,1,17,NISSAN X-TRAIL,10,E01018239,0,-1
2023041317430,2023,041317430,2,9,0,2,2,0,0,0,0,0,5,0,0,0,2,1,5,6,1,83,11,1598,2,7,NISSAN X-TRAIL,2,E01005659,0,-1
2023501394248,2023,501394248,2,9,0,4,4,5,1,0,0,0,0,0,0,0,4,1,1,1,2,37,7,1749,2,4,NISSAN X-TRAIL,3,E01020229,0,-1
2023010475245,2023,010475245,2,9,0,9,9,5,3,0,0,6,0,0,0,0,1,1,6,6,2,53,8,1332,1,3,NISSAN X-TRAIL,3,E01003331,0,-1
2023131302124,2023,131302124,2,9,0,18,19,3,7,0,0,1,0,0,0,0,1,1,6,6,1,22,5,1749,2,3,NISSAN X-TRAIL,2,E01011284,0,-1
2023141278121,2023,141278121,2,9,0,4,4,3,7,0,0,1,0,0,0,0,2,1,5,6,2,42,7,1598,2,6,NISSAN X-TRAIL,3,E01007449,0,-1
2023041294953,2023,041294953,2,9,0,9,9,3,7,0,0,8,0,0,0,0,1,1,5,6,1,48,8,1598,2,7,NISSAN X-TRAIL,1,E01025295,0,-1
2023041349867,2023,041349867,2,9,0,2,2,5,1,0,0,1,0,0,0,0,3,1,5,6,2,44,7,1598,2,7,NISSAN X-TRAIL,5,E01025190,0,-1
2023440510230,2023,440510230,2,9,0,18,19,4,8,0,0,0,0,0,0,0,4,1,6,6,2,50,8,1618,1,5,NISSAN X-TRAIL,10,E01023175,0,-1
2023461316807,2023,461316807,1,9,0,1,1,5,3,0,0,0,0,0,0,0,2,1,6,6,1,37,7,1998,1,22,NISSAN X-TRAIL,2,E01015791,0,-1
2023010442438,2023,010442438,1,9,0,99,99,9,9,99,99,0,9,99,9,99,1,9,6,6,1,63,9,1598,2,7,NISSAN X-TRAIL,4,E01002406,0,-1
2023991367459,2023,991367459,1,9,0,9,9,7,5,0,0,4,0,0,0,0,1,1,2,2,1,54,8,2184,2,18,NISSAN X-TRAIL,8,-1,0,-1
2023522301512,2023,522301512,3,9,0,18,19,6,2,0,0,0,0,0,0,0,1,1,6,6,1,49,8,1598,2,8,NISSAN X-TRAIL,4,E01014843,0,-1
2023311332930,2023,311332930,1,9,0,7,7,4,3,0,0,1,0,0,0,0,3,1,5,6,1,55,8,1995,2,16,NISSAN X-TRAIL,5,E01013914,0,-1
2023361352348,2023,361352348,1,9,0,18,19,6,8,0,0,3,0,0,0,0,4,1,5,6,2,46,8,1598,2,6,NISSAN X-TRAIL,4,E01026618,0,-1
2023430190942,2023,430190942,2,9,0,17,19,1,6,0,0,0,0,0,0,0,3,1,6,6,1,36,7,1618,1,7,NISSAN X-TRAIL,8,E01027261,0,-1
2023041337378,2023,041337378,1,9,0,18,19,3,5,0,0,6,0,0,0,0,1,1,5,6,2,26,6,1598,2,7,NISSAN X-TRAIL,2,E01025091,0,-1
2023361285020,2023,361285020,1,9,0,18,19,1,6,0,0,0,0,0,2,0,1,1,5,6,1,60,9,1618,1,7,NISSAN X-TRAIL,6,E01030064,0,-1
202360A164096,2023,60A164096,1,9,0,5,5,8,4,0,0,4,0,0,0,0,1,1,6,6,1,73,10,1995,2,13,NISSAN X-TRAIL,-1,-1,0,-1
2023501401990,2023,501401990,2,9,0,7,7,5,7,0,0,8,0,0,0,0,1,1,6,6,1,38,7,1598,2,5,NISSAN X-TRAIL,-1,-1,0,-1
2023451316616,2023,451316616,2,9,0,4,4,2,6,0,0,0,0,0,0,0,2,1,2,2,2,41,7,1598,2,7,NISSAN X-TRAIL,10,E01016184,0,-1
2023421330290,2023,421330290,1,9,0,18,19,7,3,0,0,2,0,0,0,0,4,1,5,6,2,36,7,1598,2,7,NISSAN X-TRAIL,5,E01021683,0,-1
2023031347288,2023,031347288,5,9,0,18,19,5,1,0,0,1,0,0,0,0,3,1,5,6,1,68,10,1598,2,6,NISSAN X-TRAIL,1,E01005766,0,-1
2023010476425,2023,010476425,1,9,0,18,19,8,4,0,0,8,0,0,0,0,1,1,3,7,2,36,7,1332,1,4,NISSAN X-TRAIL,4,E01003929,0,-1
2023111261320,2023,111261320,2,9,0,18,19,3,7,0,0,1,0,0,0,0,1,1,6,6,1,65,9,1749,2,3,NISSAN X-TRAIL,-1,-1,0,-1
2023052302967,2023,052302967,1,9,0,18,19,2,6,0,0,0,5,4,0,0,1,1,6,6,1,79,11,2184,2,18,NISSAN X-TRAIL,7,E01007225,0,-1
2023461305220,2023,461305220,1,9,0,13,13,6,2,0,0,0,0,0,0,0,3,1,6,6,1,62,9,2488,1,14,NISSAN X-TRAIL,6,E01024036,0,-1
2023141261246,2023,141261246,1,9,0,18,19,3,7,0,0,1,0,0,0,0,1,1,6,6,2,-1,-1,1618,1,8,NISSAN X-TRAIL,1,E01007365,0,-1
2023311305481,2023,311305481,2,9,0,9,9,7,5,0,0,1,0,0,0,0,1,1,6,6,2,34,6,1598,2,7,NISSAN X-TRAIL,-1,-1,0,-1
2023311354129,2023,311354129,1,9,0,7,7,6,2,0,0,5,0,0,0,0,0,1,2,2,1,48,8,1995,2,12,NISSAN X-TRAIL,-1,-1,0,-1
2023501327944,2023,501327944,1,9,0,4,4,4,7,6,6,0,0,0,0,0,1,1,5,6,2,87,11,1995,2,14,NISSAN X-TRAIL,7,E01006800,0,-1
2023520301707,2023,520301707,1,9,0,4,4,7,3,0,0,8,0,0,0,0,2,1,6,6,1,49,8,2488,1,17,NISSAN X-TRAIL,6,E01029231,0,-1
2023421329594,2023,421329594,1,9,0,17,19,6,2,0,0,1,0,0,1,0,1,1,5,6,1,35,6,1497,8,0,NISSAN X-TRAIL,1,E01033207,0,-1
2023010478952,2023,010478952,2,9,0,18,19,3,7,0,0,2,0,0,0,0,1,1,6,6,2,54,8,1598,2,7,NISSAN X-TRAIL,2,E01000076,0,-1
2023010424294,2023,010424294,1,9,0,5,5,5,1,0,0,8,1,10,0,0,4,1,3,7,2,37,7,1598,2,6,NISSAN X-TRAIL,2,E01000739,0,-1
2023061281042,2023,061281042,1,9,0,12,12,7,3,0,0,1,5,0,0,0,3,1,6,6,2,39,7,1995,2,16,NISSAN X-TRAIL,1,E01005289,0,-1
2023451269003,2023,451269003,2,9,0,1,1,3,7,0,0,0,0,0,0,0,3,1,5,6,1,70,10,2184,2,17,NISSAN X-TRAIL,5,E01030740,0,-1
2023061297087,2023,061297087,2,9,0,17,19,7,4,0,0,1,0,0,0,0,4,1,1,1,1,36,7,1995,2,5,NISSAN X-TRAIL,6,E01005942,0,-1
2023440092404,2023,440092404,1,9,0,1,1,3,7,0,0,8,0,0,0,11,1,1,6,6,1,84,11,2488,1,19,NISSAN X-TRAIL,4,E01017359,0,-1
2023361297031,2023,361297031,1,9,0,5,5,8,8,0,0,2,0,0,0,0,0,1,5,6,1,31,6,2184,2,18,NISSAN X-TRAIL,7,E01033540,0,-1
2023201409509,2023,201409509,2,9,0,7,7,1,2,9,9,1,0,0,0,0,1,1,6,6,1,-1,-1,1995,2,14,NISSAN X-TRAIL,9,E01032141,0,-1
2023141355479,2023,141355479,1,9,0,9,9,5,3,0,0,1,0,0,0,0,2,1,5,6,2,43,7,2184,2,17,NISSAN X-TRAIL,2,E01007541,0,-1
2023010449327,2023,010449327,1,9,0,18,19,5,1,0,0,8,0,0,1,1,3,1,6,6,1,79,11,2184,2,20,NISSAN X-TRAIL,-1,-1,0,-1
2023311338712,2023,311338712,1,9,0,9,9,5,7,0,0,2,0,0,0,0,1,1,5,6,2,59,9,1598,2,6,NISSAN X-TRAIL,9,E01019805,0,-1
2023161271912,2023,161271912,3,9,0,18,19,3,6,0,0,0,0,0,0,0,3,1,6,6,1,39,7,1749,2,4,NISSAN X-TRAIL,4,E01027835,0,-1
2023471276548,2023,471276548,2,9,0,3,3,5,2,0,0,2,0,0,0,0,2,1,3,7,2,53,8,1598,2,5,NISSAN X-TRAIL,6,E01021125,0,-1
2023501327423,2023,501327423,2,9,0,4,4,6,2,0,0,0,0,0,0,0,1,1,3,7,2,42,7,2184,2,17,NISSAN X-TRAIL,5,E01018921,0,-1
2023461323038,2023,461323038,2,9,0,2,2,0,0,0,0,0,0,4,1,0,3,1,6,6,1,40,7,1598,2,7,NISSAN X-TRAIL,3,E01002402,0,-1
2023010454865,2023,010454865,1,9,0,5,5,6,2,0,0,1,0,0,0,0,1,1,6,6,1,56,9,1749,2,4,NISSAN X-TRAIL,4,E01001723,0,-1
2023041339073,2023,041339073,2,9,0,18,19,7,3,0,0,0,0,0,0,0,4,1,2,2,1,55,8,1598,2,7,NISSAN X-TRAIL,5,E01025459,0,-1
2023141313560,2023,141313560,1,9,0,9,9,3,7,0,0,0,0,0,7,10,1,1,6,6,1,38,7,2184,2,17,NISSAN X-TRAIL,6,E01007512,0,-1
2023430132912,2023,430132912,2,9,0,5,5,2,6,0,0,0,0,0,0,0,1,1,6,6,1,-1,-1,1618,1,8,NISSAN X-TRAIL,-1,-1,0,-1
2023471326273,2023,471326273,2,9,0,2,2,0,0,0,0,0,0,0,0,0,3,1,5,6,1,54,8,1749,2,4,NISSAN X-TRAIL,3,E01031609,0,-1
2023201312878,2023,201312878,1,9,0,7,7,6,8,0,0,1,0,0,0,0,1,1,6,6,1,-1,-1,1598,2,7,NISSAN X-TRAIL,3,E01010444,0,-1
2023451354709,2023,451354709,1,9,0,4,4,3,7,0,0,0,0,0,0,0,2,1,3,7,2,36,7,1598,2,8,NISSAN X-TRAIL,5,E01023110,0,-1
2023010471816,2023,010471816,1,9,0,18,19,1,5,0,0,8,0,0,0,0,3,1,6,6,2,31,6,1618,1,5,NISSAN X-TRAIL,2,E01002314,0,-1
2023010487033,2023,010487033,2,9,9,99,99,9,9,99,99,9,9,99,9,99,9,2,6,6,1,45,7,1995,2,5,NISSAN X-TRAIL,2,E01033624,0,-1
2023320204523,2023,320204523,3,9,0,2,2,0,0,9,9,0,0,0,0,0,4,1,6,6,3,-1,-1,1598,2,8,NISSAN X-TRAIL,-1,-1,0,-1
2023010453195,2023,010453195,1,9,0,18,19,7,3,0,0,8,1,10,3,0,2,1,6,6,2,41,7,1332,1,2,NISSAN X-TRAIL,2,E01001824,0,-1
2023351309943,2023,351309943,1,9,0,18,19,1,5,0,0,8,0,0,0,0,1,1,6,6,1,-1,-1,1497,8,1,NISSAN X-TRAIL,3,E01018097,0,-1
2023610017423,2023,610017423,1,9,0,9,9,7,5,0,0,8,1,0,0,0,3,1,6,6,2,34,6,1598,2,5,NISSAN X-TRAIL,4,W01001405,0,-1
2023501260641,2023,501260641,2,9,0,5,5,2,6,0,0,6,0,0,0,0,4,1,6,6,1,78,11,1995,2,9,NISSAN X-TRAIL,8,E01020003,0,-1
2023052301138,2023,052301138,1,9,0,8,8,3,5,0,0,6,0,0,0,0,0,1,6,6,1,49,8,1598,2,8,NISSAN X-TRAIL,7,E01006973,0,-1
2023170M10983,2023,170M10983,1,9,0,18,19,8,4,0,0,1,0,0,0,0,3,1,6,6,1,57,9,1598,2,6,NISSAN X-TRAIL,3,E01012057,0,-1
2023546864623,2023,546864623,2,9,0,4,4,1,5,0,0,0,0,0,0,0,2,1,6,6,1,43,7,1598,2,9,NISSAN X-TRAIL,7,E01032007,0,-1
2023520300628,2023,520300628,1,9,0,18,19,7,3,0,0,0,0,0,0,0,4,1,6,6,3,-1,-1,1598,2,8,NISSAN X-TRAIL,-1,-1,0,-1
2023501370640,2023,501370640,2,9,0,18,19,7,3,0,0,0,1,0,0,0,1,1,5,6,2,42,7,1995,2,11,NISSAN X-TRAIL,10,E01020004,0,-1
2023201388623,2023,201388623,1,9,0,1,1,4,8,9,9,6,0,0,0,0,2,1,5,6,2,38,7,1598,2,8,NISSAN X-TRAIL,4,E01010323,0,-1
2023010481973,2023,010481973,1,9,0,9,9,6,3,0,0,1,0,0,0,0,1,1,2,2,1,62,9,1618,1,6,NISSAN X-TRAIL,4,E01002065,0,-1
2023451272725,2023,451272725,2,9,0,18,19,2,6,0,0,4,0,0,0,0,1,1,6,6,1,48,8,1598,2,8,NISSAN X-TRAIL,5,E01030740,0,-1
2023041312107,2023,041312107,1,9,0,18,19,3,7,0,0,0,0,0,0,0,4,1,6,6,1,78,11,1332,1,3,NISSAN X-TRAIL,8,E01024934,0,-1
2023131383630,2023,131383630,2,9,0,3,3,5,1,0,0,0,0,0,0,0,2,1,2,2,2,42,7,1618,1,7,NISSAN X-TRAIL,8,E01011051,0,-1
2023201301041,2023,201301041,2,9,0,2,2,0,0,0,0,0,0,0,0,0,1,1,6,6,1,-1,-1,2184,2,18,NISSAN X-TRAIL,-1,-1,0,-1
2023545774823,2023,545774823,1,9,0,18,19,5,8,0,0,0,0,0,0,0,1,1,6,6,1,76,11,2184,2,17,NISSAN X-TRAIL,10,E01028711,0,-1
2023311316471,2023,311316471,1,9,0,4,4,3,7,0,0,0,0,0,0,0,2,1,5,6,2,38,7,1598,2,6,NISSAN X-TRAIL,1,E01013865,0,-1
2023010442255,2023,010442255,2,9,0,11,11,8,4,0,0,0,0,0,0,0,4,1,6,6,1,43,7,1332,1,4,NISSAN X-TRAIL,6,E01000273,0,-1
2023010437234,2023,010437234,2,9,0,99,99,9,9,99,99,0,9,99,9,99,9,9,6,6,1,35,6,1618,1,6,NISSAN X-TRAIL,3,E01003496,0,-1
2023540792823,2023,540792823,1,9,0,5,5,1,5,0,0,8,0,0,0,0,1,1,6,6,1,64,9,1598,2,8,NISSAN X-TRAIL,8,E01032071,0,-1
2023501296007,2023,501296007,1,9,0,4,4,2,6,0,0,1,0,0,0,0,1,1,6,6,2,60,9,1332,1,4,NISSAN X-TRAIL,6,E01019044,0,-1
2023041377180,2023,041377180,1,9,0,18,19,1,5,0,0,0,0,0,0,0,1,1,2,2,1,34,6,2184,2,17,NISSAN X-TRAIL,1,E01024953,0,-1
2023351384288,2023,351384288,1,9,0,18,19,1,1,0,0,0,0,0,0,0,1,1,6,6,2,52,8,1598,2,7,NISSAN X-TRAIL,5,E01015651,0,-1
2023552301513,2023,552301513,1,9,0,18,19,6,2,0,0,0,0,0,0,0,1,1,6,6,1,41,7,2184,2,19,NISSAN X-TRAIL,2,E01015338,0,-1
2023010427918,2023,010427918,1,9,0,5,5,1,5,0,0,3,0,0,0,0,1,1,6,6,1,32,6,2184,2,18,NISSAN X-TRAIL,6,E01028646,0,-1
2023010472130,2023,010472130,1,9,0,9,9,3,1,0,0,6,0,0,0,0,1,1,6,6,1,54,8,2488,1,15,NISSAN X-TRAIL,4,E01001180,0,-1
2023552400039,2023,552400039,2,9,0,4,4,8,4,0,0,0,0,0,0,0,2,1,6,6,2,31,6,1598,2,6,NISSAN X-TRAIL,8,E01020477,0,-1
2023440241135,2023,440241135,1,9,0,9,9,8,5,0,0,0,0,0,0,0,4,1,6,6,2,31,6,1598,2,8,NISSAN X-TRAIL,1,E01017039,0,-1
2023351271914,2023,351271914,1,9,0,18,19,-1,-1,0,0,3,0,0,0,0,4,1,6,6,1,35,6,1598,2,7,NISSAN X-TRAIL,6,E01017999,0,-1
2023461378383,2023,461378383,1,9,0,18,19,7,3,0,0,1,0,0,0,0,1,1,6,6,1,31,6,1598,2,6,NISSAN X-TRAIL,5,E01024283,0,-1
2023461344435,2023,461344435,1,9,0,18,19,5,1,0,0,1,5,0,0,0,1,1,6,6,2,51,8,1598,2,8,NISSAN X-TRAIL,6,E01024520,0,-1
2023340WN4602,2023,340WN4602,2,9,0,3,3,4,8,0,0,8,0,0,0,0,2,1,6,6,1,60,9,2488,1,15,NISSAN X-TRAIL,8,E01017670,0,-1
2023471282041,2023,471282041,1,9,0,18,19,2,6,0,0,0,1,0,2,0,4,1,2,2,2,62,9,1332,1,2,NISSAN X-TRAIL,2,E01001633,0,-1
2023221330120,2023,221330120,1,9,0,9,9,1,7,0,0,4,0,0,0,0,3,1,5,6,2,44,7,1598,2,6,NISSAN X-TRAIL,10,E01028972,0,-1
2023031382025,2023,031382025,2,9,0,7,7,1,8,0,0,2,0,1,0,0,1,1,5,6,2,38,7,1598,2,5,NISSAN X-TRAIL,5,E01019356,0,-1
2023451262114,2023,451262114,1,9,0,11,11,5,1,0,0,0,0,0,0,0,1,1,5,6,1,70,10,1618,1,6,NISSAN X-TRAIL,1,E01011620,0,-1
2023231279101,2023,231279101,1,9,0,18,19,6,2,0,0,1,0,0,0,0,3,1,2,2,1,46,8,1995,2,14,NISSAN X-TRAIL,7,E01031033,0,-1
2023041340738,2023,041340738,4,9,0,2,2,0,0,0,0,0,0,4,0,0,3,1,6,6,3,-1,-1,1995,2,6,NISSAN X-TRAIL,-1,-1,0,-1
2023141270302,2023,141270302,1,9,0,3,3,2,6,0,0,1,0,0,0,0,1,1,6,6,1,36,7,1598,2,5,NISSAN X-TRAIL,-1,-1,0,-1
2023231270929,2023,231270929,2,9,0,2,2,0,0,0,0,0,0,0,0,0,2,1,6,6,1,51,8,1598,2,6,NISSAN X-TRAIL,5,E01031168,0,-1
2023622300188,2023,622300188,2,9,0,16,19,4,8,0,0,0,0,0,0,0,2,1,6,6,1,41,7,1598,2,8,NISSAN X-TRAIL,7,W01001028,0,-1
2023421270627,2023,421270627,2,9,0,18,19,8,3,0,0,0,0,0,0,0,1,1,5,6,2,40,7,1598,2,7,NISSAN X-TRAIL,4,E01021495,0,-1
202360A077077,2023,60A077077,2,9,0,4,4,3,7,0,0,0,0,0,0,0,2,1,6,6,1,64,9,1332,1,4,NISSAN X-TRAIL,-1,-1,0,-1
2023031282877,2023,031282877,5,9,0,2,2,0,0,6,6,0,0,0,0,0,2,1,5,6,2,56,9,1598,2,6,NISSAN X-TRAIL,4,E01019120,0,-1
2023311285873,2023,311285873,1,9,0,9,9,4,2,0,0,1,0,0,0,0,3,1,5,6,1,41,7,1598,2,6,NISSAN X-TRAIL,1,E01013940,0,-1
2023101282698,2023,101282698,1,9,0,16,19,3,5,0,0,0,0,0,0,0,0,1,6,6,1,39,7,1995,2,15,NISSAN X-TRAIL,5,E01008554,0,-1
2023122301355,2023,122301355,2,9,0,17,19,2,7,0,0,0,0,0,0,0,1,1,6,6,1,57,9,2184,2,17,NISSAN X-TRAIL,5,E01027789,0,-1
2023010443893,2023,010443893,2,9,0,18,19,6,2,0,0,8,0,0,0,0,3,1,6,6,2,50,8,1332,1,4,NISSAN X-TRAIL,-1,-1,0,-1
2023401367215,2023,401367215,1,9,0,3,3,5,1,0,0,4,0,0,0,0,2,1,6,6,2,56,9,1598,2,6,NISSAN X-TRAIL,10,E01017393,0,-1
2023221395960,2023,221395960,1,9,0,9,9,2,8,0,0,6,0,0,0,0,1,1,6,6,2,41,7,1598,2,8,NISSAN X-TRAIL,4,E01014098,0,-1
2023010433066,2023,010433066,2,9,0,99,99,9,9,99,99,0,9,99,9,99,1,9,6,6,3,38,7,1749,2,2,NISSAN X-TRAIL,7,E01004130,0,-1
2023010479018,2023,010479018,2,9,0,99,99,9,9,99,99,9,9,99,9,99,9,9,6,6,3,-1,-1,1332,1,2,NISSAN X-TRAIL,-1,-1,0,-1
2023010463234,2023,010463234,3,9,0,5,5,5,1,0,0,6,0,0,0,0,2,1,6,6,2,45,7,1332,1,3,NISSAN X-TRAIL,9,E01000827,0,-1
2023440181345,2023,440181345,2,9,0,5,5,3,7,0,0,3,0,0,0,0,4,1,3,7,2,54,8,2184,2,17,NISSAN X-TRAIL,4,E01023099,0,-1
2023010435259,2023,010435259,3,9,0,18,19,3,7,0,0,0,0,0,0,0,1,1,6,6,1,43,7,1598,2,6,NISSAN X-TRAIL,1,E01004309,0,-1
2023201328509,2023,201328509,1,9,0,17,19,7,4,0,0,8,0,10,2,0,1,1,6,6,1,44,7,1598,2,6,NISSAN X-TRAIL,4,E01009226,0,-1
2023010444893,2023,010444893,1,9,0,3,3,2,6,9,9,1,1,0,1,0,2,1,6,6,1,41,7,1598,2,6,NISSAN X-TRAIL,3,E01000740,0,-1
2023061319985,2023,061319985,3,9,0,2,2,0,0,0,0,0,0,0,0,0,4,1,6,6,3,-1,-1,1598,2,8,NISSAN X-TRAIL,-1,-1,0,-1
2023122301095,2023,122301095,3,9,0,18,19,5,1,0,0,1,0,0,0,0,1,1,6,6,1,54,8,1598,2,6,NISSAN X-TRAIL,6,E01027758,0,-1
2023430127041,2023,430127041,1,9,0,9,9,5,2,0,0,6,0,0,0,0,1,1,6,6,1,75,10,2184,2,20,NISSAN X-TRAIL,10,E01016290,0,-1
2023531323463,2023,531323463,4,9,0,9,9,4,3,0,0,1,0,0,0,0,2,1,2,2,1,46,8,1598,2,8,NISSAN X-TRAIL,3,E01022121,0,-1
2023461306123,2023,461306123,2,9,0,3,3,2,5,0,0,0,0,0,0,0,2,1,6,6,2,-1,-1,2488,1,20,NISSAN X-TRAIL,9,E01021943,0,-1
2023461311013,2023,461311013,2,9,0,4,4,8,5,0,0,0,0,0,0,0,1,1,2,2,1,31,6,1332,1,3,NISSAN X-TRAIL,2,E01023973,0,-1
2023461394142,2023,461394142,2,9,0,18,19,7,3,0,0,0,0,0,0,0,3,1,6,6,1,34,6,1598,2,7,NISSAN X-TRAIL,2,E01001654,0,-1
2023622300302,2023,622300302,1,9,0,5,5,3,7,0,0,8,0,0,0,0,1,1,6,6,1,80,11,1598,2,8,NISSAN X-TRAIL,7,W01001264,0,-1
2023531381622,2023,531381622,1,9,0,18,19,4,8,0,0,2,0,0,1,11,1,1,2,2,1,39,7,2184,2,18,NISSAN X-TRAIL,7,E01028753,0,-1
2023070795255,2023,070795255,4,9,0,18,19,3,7,0,0,0,0,0,0,0,2,1,6,6,2,-1,-1,1749,2,4,NISSAN X-TRAIL,-1,-1,0,-1
2023332300961,2023,332300961,1,9,0,9,9,6,1,0,0,5,0,0,0,0,3,1,6,6,1,47,8,1598,2,8,NISSAN X-TRAIL,2,E01013683,0,-1
2023351307904,2023,351307904,3,9,0,18,19,1,5,0,0,1,0,0,0,0,3,1,6,6,1,42,7,1598,2,8,NISSAN X-TRAIL,9,E01015598,0,-1
2023471290164,2023,471290164,1,9,0,5,5,1,5,0,0,0,0,0,0,0,1,1,6,6,2,-1,-1,1598,2,5,NISSAN X-TRAIL,7,E01031379,0,-1
2023471351102,2023,471351102,2,9,0,18,19,1,5,0,0,0,0,0,0,0,1,1,5,6,1,39,7,1598,2,7,NISSAN X-TRAIL,1,E01032575,0,-1
2023461265232,2023,461265232,1,9,0,16,19,6,2,0,0,0,0,0,0,0,1,1,5,6,2,76,11,1995,2,14,NISSAN X-TRAIL,1,E01024678,0,-1
2023501324769,2023,501324769,1,9,0,2,2,2,8,0,0,1,0,0,0,0,3,1,6,6,1,-1,-1,2184,2,18,NISSAN X-TRAIL,4,E01018894,0,-1
2023471381442,2023,471381442,2,9,0,18,19,4,2,0,0,0,0,0,0,0,3,1,2,2,2,62,9,1749,2,3,NISSAN X-TRAIL,9,E01031662,0,-1
2023631345246,2023,631345246,1,9,0,18,19,4,8,0,0,1,0,0,0,0,4,1,6,6,1,74,10,2184,2,19,NISSAN X-TRAIL,4,W01000970,0,-1
2023548697323,2023,548697323,1,9,0,5,5,8,4,0,0,1,0,0,0,0,2,1,6,6,2,41,7,1598,2,6,NISSAN X-TRAIL,2,E01009481,0,-1
2023101381915,2023,101381915,1,9,0,5,5,3,1,0,0,0,0,0,0,0,3,1,6,6,3,29,6,1995,2,15,NISSAN X-TRAIL,-1,-1,0,-1
2023461354258,2023,461354258,2,9,0,18,19,7,3,0,0,1,0,0,0,0,1,1,6,6,1,39,7,1995,2,15,NISSAN X-TRAIL,4,E01024200,0,-1
2023141281515,2023,141281515,1,9,0,17,19,8,6,0,0,8,0,0,0,0,3,1,5,6,1,70,10,1598,2,6,NISSAN X-TRAIL,1,E01008083,0,-1
2023991330232,2023,991330232,1,9,0,18,19,1,5,0,0,1,0,0,0,0,1,1,5,6,1,56,9,1598,2,4,NISSAN X-TRAIL,9,-1,0,-1
2023471268245,2023,471268245,1,9,0,18,19,3,7,0,0,1,0,0,0,0,4,1,5,6,1,53,8,1598,2,9,NISSAN X-TRAIL,8,E01031767,0,-1