collision_index,collision_year,collision_ref_no,vehicle_reference,vehicle_type,towing_and_articulation,vehicle_manoeuvre_historic,vehicle_manoeuvre,vehicle_direction_from,vehicle_direction_to,vehicle_location_restricted_lane_historic,vehicle_location_restricted_lane,junction_location,skidding_and_overturning,hit_object_in_carriageway,vehicle_leaving_carriageway,hit_object_off_carriageway,first_point_of_impact,vehicle_left_hand_drive,journey_purpose_of_driver_historic,journey_purpose_of_driver,sex_of_driver,age_of_driver,age_band_of_driver,engine_capacity_cc,propulsion_code,age_of_vehicle,generic_make_model,driver_imd_decile,lsoa_of_driver,escooter_flag,driver_distance_banding
2023161368044,2023,161368044,1,9,0,9,9,1,8,0,0,2,0,0,0,0,0,1,5,6,1,69,10,1995,2,6,NISSAN X-TRAIL,8,E01013127,0,-1
2023991372442,2023,991372442,1,9,0,18,19,2,6,0,0,0,0,0,0,0,1,1,5,6,1,62,9,2184,2,17,NISSAN X-TRAIL,-1,-1,0,-1
2023010476657,2023,010476657,2,9,0,99,99,9,9,99,99,9,9,99,9,99,9,9,6,6,3,-1,-1,1598,2,6,NISSAN X-TRAIL,-1,-1,0,-1
2023070297621,2023,070297621,2,9,0,9,9,3,1,0,0,0,0,0,0,0,3,1,6,6,1,73,10,1598,2,7,NISSAN X-TRAIL,5,E01012468,0,-1
2023440311113,2023,440311113,2,9,0,18,19,2,6,0,0,8,0,0,0,0,1,1,6,6,1,19,4,1598,2,8,NISSAN X-TRAIL,10,E01022708,0,-1
2023311293890,2023,311293890,1,9,0,18,19,3,6,0,0,0,0,0,7,4,1,1,5,6,2,44,7,1598,2,6,NISSAN X-TRAIL,1,E01013868,0,-1
2023320251995,2023,320251995,3,9,0,3,3,6,2,0,0,1,0,0,0,1,1,1,6,6,1,88,11,1995,2,16,NISSAN X-TRAIL,7,E01026392,0,-1
2023430324236,2023,430324236,2,9,0,3,3,7,3,0,0,0,0,0,0,0,3,1,6,6,1,65,9,1598,2,5,NISSAN X-TRAIL,1,E01016842,0,-1
2023320452341,2023,320452341,2,9,0,18,19,8,4,0,0,8,0,0,1,0,1,1,6,6,1,58,9,1995,2,14,NISSAN X-TRAIL,9,E01026209,0,-1
2023631324825,2023,631324825,1,9,0,18,19,4,8,0,0,8,0,0,0,0,1,1,2,2,2,46,8,1598,2,7,NISSAN X-TRAIL,7,W01000564,0,-1
2023531311991,2023,531311991,2,9,0,2,2,0,0,0,0,0,0,0,1,9,3,1,6,6,3,-1,-1,1995,2,5,NISSAN X-TRAIL,-1,-1,0,-1
2023141262938,2023,141262938,2,9,0,18,19,3,7,0,0,4,0,0,0,0,1,1,6,6,2,-1,-1,1332,1,4,NISSAN X-TRAIL,-1,-1,0,-1
2023010439668,2023,010439668,3,9,0,18,19,7,3,0,0,1,0,0,0,0,3,1,6,6,2,42,7,1332,1,2,NISSAN X-TRAIL,7,E01021722,0,-1
2023061312945,2023,061312945,2,9,0,8,8,7,1,0,0,1,0,0,0,0,2,1,6,6,1,59,9,1598,2,5,NISSAN X-TRAIL,9,E01006117,0,-1
2023031378224,2023,031378224,1,9,0,9,9,5,3,9,9,5,0,0,7,0,3,1,6,6,1,71,10,1332,1,3,NISSAN X-TRAIL,5,E01019282,0,-1
2023061341848,2023,061341848,2,9,0,9,9,3,7,0,0,8,0,0,0,0,3,1,5,6,1,46,8,1598,2,7,NISSAN X-TRAIL,9,E01005573,0,-1
2023371322396,2023,371322396,2,9,0,3,3,4,8,0,0,1,0,0,0,0,2,1,5,6,2,39,7,1618,1,7,NISSAN X-TRAIL,7,E01029923,0,-1
2023501370905,2023,501370905,1,9,0,15,15,4,6,0,0,0,0,0,0,0,3,1,6,6,2,45,7,1598,2,6,NISSAN X-TRAIL,9,E01019984,0,-1
2023361287890,2023,361287890,2,9,0,18,19,6,2,0,0,0,0,0,0,0,3,1,6,6,2,60,9,1497,8,1,NISSAN X-TRAIL,4,E01026762,0,-1
2023501303325,2023,501303325,1,9,0,7,7,8,2,0,0,8,0,0,0,0,4,1,6,6,1,62,9,1995,2,15,NISSAN X-TRAIL,4,E01018980,0,-1
2023461360013,2023,461360013,2,9,0,18,19,5,1,0,0,0,0,0,0,0,2,1,6,6,2,39,7,1598,2,7,NISSAN X-TRAIL,5,E01024623,0,-1
2023070880662,2023,070880662,1,9,0,13,13,8,4,0,0,0,2,0,1,10,1,1,6,6,1,51,8,2184,2,18,NISSAN X-TRAIL,1,E01018311,0,-1
2023131294812,2023,131294812,1,9,0,9,9,6,3,0,0,6,0,0,0,0,4,1,5,6,2,42,7,1598,2,8,NISSAN X-TRAIL,1,E01011671,0,-1
202354B921723,2023,54B921723,2,9,0,18,19,5,1,0,0,0,0,0,0,0,1,1,1,1,1,61,9,1995,2,10,NISSAN X-TRAIL,9,E01032032,0,-1
2023541292923,2023,541292923,2,9,0,4,4,4,8,0,0,0,0,0,0,0,2,1,6,6,1,37,7,1598,2,7,NISSAN X-TRAIL,9,E01015485,0,-1
2023052302531,2023,052302531,2,9,0,4,4,5,1,0,0,0,0,0,0,0,2,1,6,6,1,35,6,1618,1,5,NISSAN X-TRAIL,2,E01006656,0,-1
2023451288752,2023,451288752,2,9,0,4,4,3,7,0,0,8,0,0,0,0,2,1,1,1,1,51,8,1598,2,7,NISSAN X-TRAIL,4,E01004572,0,-1
2023430294355,2023,430294355,2,9,0,9,9,5,3,0,0,6,0,0,0,0,1,1,6,6,2,-1,-1,1497,8,0,NISSAN X-TRAIL,-1,-1,0,-1
2023211373165,2023,211373165,2,9,0,3,3,5,5,0,0,0,0,0,0,0,2,1,5,6,2,36,7,1598,2,5,NISSAN X-TRAIL,6,E01029667,0,-1
2023231357597,2023,231357597,1,9,0,4,4,4,8,0,0,0,1,0,4,0,2,1,5,6,1,36,7,1598,2,6,NISSAN X-TRAIL,1,E01033647,0,-1
2023201331724,2023,201331724,1,9,0,9,9,4,2,0,0,2,0,0,0,0,1,1,6,6,2,35,6,1995,2,6,NISSAN X-TRAIL,1,E01008932,0,-1
2023631364431,2023,631364431,2,9,0,18,19,3,7,0,0,1,0,0,0,0,2,1,6,6,2,32,6,1598,2,6,NISSAN X-TRAIL,5,W01000723,0,-1
2023010462560,2023,010462560,2,9,0,18,19,7,3,0,0,2,0,0,0,0,4,1,6,6,2,33,6,1618,1,4,NISSAN X-TRAIL,4,E01003322,0,-1
2023010474338,2023,010474338,2,9,0,4,4,1,5,0,0,1,0,0,0,0,1,1,6,6,2,58,9,1497,8,0,NISSAN X-TRAIL,2,E01003059,0,-1
2023010449439,2023,010449439,1,9,0,18,19,1,5,0,0,1,0,99,0,0,1,1,6,6,3,-1,-1,1598,2,7,NISSAN X-TRAIL,-1,-1,0,-1
2023071294534,2023,071294534,1,9,0,9,9,5,3,0,0,8,0,0,0,0,1,1,2,2,2,55,8,1598,2,6,NISSAN X-TRAIL,2,E01005974,0,-1
2023421387816,2023,421387816,1,9,0,18,19,1,5,0,0,0,0,0,1,0,1,1,5,6,1,60,9,2488,1,15,NISSAN X-TRAIL,7,E01021679,0,-1
2023361354279,2023,361354279,1,9,0,18,19,7,3,0,0,1,0,0,0,0,1,1,5,6,1,51,8,1598,2,5,NISSAN X-TRAIL,9,E01026513,0,-1
202360A141133,2023,60A141133,2,9,0,17,19,1,6,0,0,0,0,0,0,0,3,1,6,6,1,57,9,1995,2,13,NISSAN X-TRAIL,-1,-1,0,-1
2023101380271,2023,101380271,2,9,0,4,4,8,4,0,0,1,0,0,0,0,2,1,5,6,2,62,9,1497,8,0,NISSAN X-TRAIL,2,E01008571,0,-1
2023221291281,2023,221291281,2,9,0,4,4,5,1,0,0,0,0,0,0,0,2,1,5,6,2,30,6,1995,2,11,NISSAN X-TRAIL,4,E01028922,0,-1
2023631319562,2023,631319562,1,9,0,18,19,6,2,0,0,6,0,0,0,0,1,1,1,1,1,29,6,2184,2,18,NISSAN X-TRAIL,5,W01000685,0,-1
2023010482641,2023,010482641,2,9,0,10,10,1,7,0,0,0,0,0,0,0,4,1,6,6,2,44,7,1598,2,8,NISSAN X-TRAIL,2,E01032569,0,-1
2023320141133,2023,320141133,2,9,0,18,19,7,3,0,0,0,0,0,0,0,4,1,1,1,1,64,9,1497,8,1,NISSAN X-TRAIL,3,E01026311,0,-1
2023361277814,2023,361277814,2,9,0,17,19,5,1,0,0,1,1,4,1,0,1,1,2,2,1,51,8,2184,2,17,NISSAN X-TRAIL,-1,-1,0,-1
2023471334478,2023,471334478,2,9,0,18,19,1,5,0,0,1,0,0,1,11,1,1,5,6,1,58,9,1332,1,4,NISSAN X-TRAIL,6,E01031499,0,-1
2023501331980,2023,501331980,1,9,0,9,9,4,1,0,0,5,0,0,0,0,3,1,5,6,1,30,6,1598,2,7,NISSAN X-TRAIL,2,E01006966,0,-1
2023411329357,2023,411329357,2,9,0,15,15,3,7,0,0,6,0,0,0,0,1,1,5,6,2,53,8,1332,1,3,NISSAN X-TRAIL,9,E01023680,0,-1
2023501334464,2023,501334464,2,9,0,18,19,7,3,0,0,0,0,0,0,0,1,1,6,6,1,58,9,1598,2,5,NISSAN X-TRAIL,4,E01018766,0,-1
2023201278717,2023,201278717,2,9,0,5,5,1,4,0,0,4,0,0,0,0,2,1,1,1,1,40,7,1598,2,7,NISSAN X-TRAIL,2,E01009650,0,-1
2023131304193,2023,131304193,2,9,0,4,4,3,7,0,0,8,0,0,0,0,2,1,6,6,1,35,6,1598,2,7,NISSAN X-TRAIL,10,E01027879,0,-1
2023010425834,2023,010425834,1,9,0,18,19,3,7,0,0,8,0,0,0,0,1,1,6,6,1,35,6,2184,2,16,NISSAN X-TRAIL,8,E01030552,0,-1
2023101358977,2023,101358977,2,9,0,9,9,1,3,0,0,8,0,0,0,0,3,1,1,1,1,26,6,1618,1,5,NISSAN X-TRAIL,2,E01020618,0,-1
2023430214118,2023,430214118,1,9,0,14,14,3,7,0,0,0,0,0,0,0,1,1,6,6,1,50,8,1598,2,7,NISSAN X-TRAIL,1,E01016810,0,-1
2023471345292,2023,471345292,2,9,0,17,19,5,2,0,0,2,0,0,0,0,1,1,2,2,2,45,7,1497,8,0,NISSAN X-TRAIL,9,E01020939,0,-1
2023311306817,2023,311306817,1,9,0,13,13,7,3,0,0,8,0,0,0,0,4,1,6,6,1,36,7,1598,2,6,NISSAN X-TRAIL,6,E01013978,0,-1
2023471321350,2023,471321350,1,9,0,9,9,6,3,1,1,1,0,0,0,0,4,1,1,1,3,63,9,1598,2,7,NISSAN X-TRAIL,6,E01020999,0,-1
202354A030023,2023,54A030023,1,9,3,9,9,5,3,0,0,6,0,0,0,0,3,1,6,6,1,81,11,2184,2,17,NISSAN X-TRAIL,-1,-1,0,-1
2023451314812,2023,451314812,3,9,0,2,2,0,0,9,9,0,0,0,0,0,2,1,6,6,3,-1,-1,1995,2,13,NISSAN X-TRAIL,-1,-1,0,-1
2023010430356,2023,010430356,1,9,0,10,10,2,8,9,9,6,0,0,0,0,3,1,2,2,1,48,8,1749,2,4,NISSAN X-TRAIL,2,E01000796,0,-1
2023302301764,2023,302301764,2,9,0,4,4,3,7,0,0,1,0,0,0,0,1,1,3,7,2,36,7,1598,2,6,NISSAN X-TRAIL,4,E01019450,0,-1
2023501324359,2023,501324359,2,9,0,18,19,3,7,0,0,8,0,0,0,0,2,1,6,6,2,51,8,1598,2,9,NISSAN X-TRAIL,4,E01015177,0,-1
2023430257289,2023,430257289,2,9,0,3,3,5,1,0,0,0,0,0,0,0,2,1,6,6,2,33,6,1618,1,7,NISSAN X-TRAIL,3,E01016445,0,-1
2023041328103,2023,041328103,2,9,0,18,19,1,5,0,0,0,0,0,0,0,2,1,5,6,2,61,9,1749,2,4,NISSAN X-TRAIL,4,E01025119,0,-1
2023361379740,2023,361379740,1,9,0,18,19,1,3,0,0,1,0,0,0,0,1,1,2,2,1,64,9,1995,2,15,NISSAN X-TRAIL,10,E01026510,0,-1
2023421347013,2023,421347013,1,9,0,5,5,7,3,0,0,0,0,0,0,0,1,1,2,2,2,56,9,1618,1,5,NISSAN X-TRAIL,4,E01021670,0,-1
2023451317231,2023,451317231,2,9,0,18,19,4,8,0,0,0,0,0,0,0,1,1,5,6,2,57,9,1332,1,3,NISSAN X-TRAIL,-1,-1,0,-1
2023501391538,2023,501391538,2,9,0,18,19,5,1,0,0,1,0,0,0,0,1,1,2,2,1,66,10,2184,2,16,NISSAN X-TRAIL,5,E01018947,0,-1
2023211268935,2023,211268935,1,9,-1,9,9,5,2,-1,-1,-1,-1,-1,-1,0,-1,1,6,6,2,31,6,1995,2,5,NISSAN X-TRAIL,3,E01014341,0,-1
2023010435412,2023,010435412,1,9,0,99,99,9,9,99,99,9,9,99,9,99,3,9,6,6,1,38,7,2488,1,18,NISSAN X-TRAIL,7,E01020537,0,-1
2023101349078,2023,101349078,2,9,0,3,3,2,4,0,0,2,0,0,0,0,2,1,5,6,1,59,9,1995,2,9,NISSAN X-TRAIL,1,E01020777,0,-1
2023430189021,2023,430189021,1,9,0,7,7,1,3,0,0,8,0,0,0,0,3,1,6,6,2,60,9,1332,1,2,NISSAN X-TRAIL,2,E01016741,0,-1
2023991391550,2023,991391550,2,9,0,18,19,7,3,0,0,0,0,0,0,0,2,1,5,6,2,62,9,1497,8,0,NISSAN X-TRAIL,1,-1,0,-1
2023311330897,2023,311330897,1,9,0,5,5,5,1,0,0,6,0,0,0,0,3,1,6,6,1,60,9,1995,2,13,NISSAN X-TRAIL,4,E01027996,0,-1
2023311383654,2023,311383654,1,9,0,1,1,4,8,0,0,0,0,0,0,0,2,1,6,6,1,-1,-1,2184,2,17,NISSAN X-TRAIL,-1,-1,0,-1
2023520301659,2023,520301659,1,9,0,7,7,8,5,0,0,6,0,0,0,0,1,1,6,6,2,53,8,1749,2,4,NISSAN X-TRAIL,3,E01029072,0,-1
2023010447825,2023,010447825,1,9,0,4,4,7,3,0,0,0,0,0,0,0,3,1,6,6,2,45,7,1598,2,7,NISSAN X-TRAIL,6,E01004577,0,-1
2023471296979,2023,471296979,2,9,0,18,19,4,8,0,0,1,0,0,0,0,4,1,2,2,2,46,8,1598,2,8,NISSAN X-TRAIL,10,E01020942,0,-1
2023122300204,2023,122300204,3,9,0,3,3,1,3,0,0,1,0,0,0,0,2,1,1,1,2,52,8,2184,2,16,NISSAN X-TRAIL,9,E01027876,0,-1
2023041326758,2023,041326758,2,9,0,17,19,7,5,0,0,8,0,0,0,0,1,1,5,6,1,65,9,1749,2,3,NISSAN X-TRAIL,3,E01025376,0,-1
2023552300559,2023,552300559,2,9,0,3,3,4,8,0,0,0,0,0,0,0,2,1,6,6,2,27,6,1598,2,6,NISSAN X-TRAIL,-1,-1,0,-1
2023010469299,2023,010469299,2,9,0,99,99,9,9,99,99,9,9,99,9,99,1,9,6,6,3,60,9,1497,8,0,NISSAN X-TRAIL,3,E01002084,0,-1
2023122301164,2023,122301164,3,9,0,18,19,3,7,0,0,0,0,0,0,0,1,1,2,2,1,52,8,1995,2,14,NISSAN X-TRAIL,10,E01013402,0,-1
2023131384447,2023,131384447,1,9,0,5,5,5,7,0,0,6,0,0,0,0,1,1,5,6,1,64,9,1497,8,0,NISSAN X-TRAIL,5,E01011391,0,-1
2023451308422,2023,451308422,2,9,0,7,7,1,2,0,0,1,0,0,0,0,1,1,6,6,2,45,7,1598,2,7,NISSAN X-TRAIL,9,E01030716,0,-1
2023411428279,2023,411428279,1,9,0,2,2,0,0,9,9,0,0,0,0,0,3,1,5,6,2,52,8,1497,8,0,NISSAN X-TRAIL,3,E01023294,0,-1
2023520300919,2023,520300919,1,9,0,18,19,3,7,0,0,0,0,0,0,0,1,1,6,6,1,32,6,1995,2,15,NISSAN X-TRAIL,7,E01029262,0,-1
2023332300227,2023,332300227,1,9,0,9,9,5,3,0,0,6,0,0,0,0,1,1,6,6,1,61,9,2184,2,18,NISSAN X-TRAIL,5,E01013790,0,-1
2023010468129,2023,010468129,2,9,9,99,99,9,9,99,99,9,9,99,9,99,1,9,6,6,3,-1,-1,1332,1,2,NISSAN X-TRAIL,-1,-1,0,-1
2023501363301,2023,501363301,1,9,0,1,1,4,2,0,0,1,0,0,0,0,2,1,6,6,1,55,8,2488,1,17,NISSAN X-TRAIL,7,E01000812,0,-1
2023451340877,2023,451340877,2,9,0,18,19,1,5,0,0,0,1,0,1,0,1,1,1,1,1,28,6,1598,2,6,NISSAN X-TRAIL,5,E01030981,0,-1
2023440224141,2023,440224141,1,9,0,7,7,4,6,0,0,2,0,0,0,0,2,1,6,6,2,35,6,1598,2,7,NISSAN X-TRAIL,5,E01023086,0,-1
2023061259725,2023,061259725,4,9,0,3,3,1,5,0,0,1,0,0,0,0,3,1,5,6,1,48,8,1598,2,5,NISSAN X-TRAIL,7,E01005468,0,-1
2023170H10263,2023,170H10263,1,9,0,18,19,4,8,0,0,0,0,0,0,0,4,1,6,6,1,67,10,1598,2,7,NISSAN X-TRAIL,3,E01020742,0,-1
2023461265816,2023,461265816,1,9,0,18,19,3,7,0,0,0,0,0,0,0,1,1,6,6,2,59,9,1598,2,6,NISSAN X-TRAIL,4,E01024197,0,-1
2023440230164,2023,440230164,2,9,0,7,7,8,2,0,0,8,0,0,0,0,1,1,6,6,1,-1,-1,1598,2,7,NISSAN X-TRAIL,-1,-1,0,-1
2023010440297,2023,010440297,1,9,0,18,19,7,3,0,0,0,0,0,0,0,4,1,6,6,1,46,8,1749,2,3,NISSAN X-TRAIL,2,E01000189,0,-1
2023052300604,2023,052300604,2,9,0,18,19,1,5,0,0,0,0,0,0,0,2,1,6,6,1,57,9,2184,2,16,NISSAN X-TRAIL,4,E01006681,0,-1
2023440036739,2023,440036739,2,9,0,18,19,8,4,0,0,1,0,0,0,0,1,1,6,6,2,44,7,2184,2,18,NISSAN X-TRAIL,8,E01022631,0,-1
2023451352922,2023,451352922,1,9,0,2,2,7,3,0,0,0,0,0,0,0,4,1,3,7,2,42,7,1598,2,7,NISSAN X-TRAIL,10,E01030316,0,-1
2023010464092,2023,010464092,2,9,0,99,99,9,9,99,99,9,9,99,9,99,1,9,6,6,3,-1,-1,1497,8,0,NISSAN X-TRAIL,-1,-1,0,-1
2023010472888,2023,010472888,1,9,0,18,19,3,7,0,0,2,0,0,0,0,1,1,3,7,2,33,6,1332,1,4,NISSAN X-TRAIL,2,E01001746,0,-1
2023461383979,2023,461383979,2,9,0,9,9,5,3,0,0,0,0,0,0,0,2,1,6,6,2,36,7,1497,8,0,NISSAN X-TRAIL,1,E01024615,0,-1
2023520400769,2023,520400769,1,9,0,18,19,4,8,0,0,0,0,0,0,0,3,1,6,6,2,66,10,2184,2,17,NISSAN X-TRAIL,4,E01029232,0,-1
2023991392908,2023,991392908,2,9,0,17,19,5,1,0,0,0,0,0,0,0,1,1,6,6,1,72,10,1995,2,12,NISSAN X-TRAIL,4,-1,0,-1
2023440484716,2023,440484716,2,9,0,18,19,4,8,0,0,0,0,0,0,0,1,1,6,6,2,35,6,1998,1,21,NISSAN X-TRAIL,1,E01022968,0,-1
2023041351568,2023,041351568,1,9,0,5,5,1,5,0,0,1,0,0,0,0,1,1,5,6,1,80,11,1995,2,12,NISSAN X-TRAIL,10,E01025355,0,-1
2023131294231,2023,131294231,2,9,0,18,19,1,5,0,0,1,0,0,0,0,3,1,5,6,2,39,7,1598,2,5,NISSAN X-TRAIL,1,E01010838,0,-1
2023991312597,2023,991312597,2,9,0,4,4,1,6,0,0,0,0,0,0,0,2,1,6,6,2,48,8,1332,1,4,NISSAN X-TRAIL,-1,-1,0,-1
2023010442493,2023,010442493,1,9,0,18,19,1,5,0,0,1,0,0,0,0,1,1,2,2,1,58,9,2184,2,16,NISSAN X-TRAIL,8,E01033028,0,-1
2023201415590,2023,201415590,1,9,0,5,5,5,1,0,0,1,0,0,0,0,0,1,6,6,2,50,8,1598,2,7,NISSAN X-TRAIL,3,E01010083,0,-1
2023401316721,2023,401316721,1,9,0,18,19,2,6,0,0,1,0,0,7,0,1,1,5,6,2,-1,-1,1598,2,6,NISSAN X-TRAIL,2,E01015749,0,-1
2023041265824,2023,041265824,1,9,0,17,19,3,7,0,0,1,1,0,0,0,1,1,2,2,1,34,6,1598,2,7,NISSAN X-TRAIL,3,E01024879,0,-1
2023010437249,2023,010437249,2,19,0,3,3,8,4,0,0,0,0,0,0,0,2,1,1,1,1,22,5,1560,2,6,PEUGEOT PARTNER,5,E01021338,0,-1
2023010471261,2023,010471261,1,19,0,18,19,1,5,0,0,1,0,0,0,0,3,1,6,6,1,30,6,1498,2,3,PEUGEOT PARTNER,-1,-1,0,-1
2023421320205,2023,421320205,6,19,0,3,3,3,6,0,0,0,0,0,0,0,3,1,6,6,1,65,9,1498,2,2,PEUGEOT PARTNER,-1,-1,0,-1
2023522400300,2023,522400300,1,9,0,3,3,3,6,0,0,1,0,0,0,0,2,1,6,6,2,42,7,1560,2,17,PEUGEOT PARTNER,4,E01014573,0,-1
2023070264921,2023,070264921,2,19,0,18,19,6,2,0,0,0,0,0,0,0,1,1,1,1,1,34,6,1498,2,2,PEUGEOT PARTNER,4,E01018337,0,-1
2023101365921,2023,101365921,1,19,-1,1,1,3,6,0,0,0,0,0,0,0,-1,1,6,6,1,20,4,1560,2,9,PEUGEOT PARTNER,4,E01033077,0,-1
2023531350273,2023,531350273,1,19,0,18,19,5,1,0,0,0,5,4,0,0,1,1,6,6,1,35,6,1498,2,3,PEUGEOT PARTNER,8,E01022423,0,-1
2023991361070,2023,991361070,2,19,0,18,19,1,4,0,0,0,0,0,0,0,2,1,1,1,1,61,9,1560,2,10,PEUGEOT PARTNER,7,-1,0,-1
2023430291008,2023,430291008,1,19,0,18,19,4,8,0,0,0,0,0,0,0,4,1,1,1,1,36,7,1498,2,3,PEUGEOT PARTNER,8,E01016275,0,-1
2023170M21303,2023,170M21303,1,19,0,18,19,8,4,0,0,0,0,0,0,0,1,1,1,1,1,63,9,1560,2,9,PEUGEOT PARTNER,-1,-1,0,-1
2023440178672,2023,440178672,1,19,0,18,19,1,5,0,0,0,0,0,0,0,0,1,6,6,1,31,6,1560,2,7,PEUGEOT PARTNER,3,E01003829,0,-1
2023461371793,2023,461371793,2,19,0,18,19,1,5,0,0,0,0,0,0,0,1,1,5,6,1,44,7,1560,2,4,PEUGEOT PARTNER,10,E01016145,0,-1
2023010465510,2023,010465510,1,19,0,5,5,1,5,0,0,6,0,0,0,0,1,1,1,1,2,44,7,1200,1,4,PEUGEOT PARTNER,2,E01003239,0,-1
2023221364224,2023,221364224,1,19,0,18,19,2,6,0,0,0,1,0,7,10,1,1,5,6,1,19,4,1560,2,10,PEUGEOT PARTNER,4,E01028914,0,-1
2023111321579,2023,111321579,2,19,0,3,3,1,5,0,0,1,0,0,0,0,2,1,1,1,1,48,8,1500,2,2,PEUGEOT PARTNER,1,E01020874,0,-1
2023201351485,2023,201351485,1,19,0,18,19,4,8,0,0,2,0,0,0,0,1,1,1,1,1,41,7,1498,2,2,PEUGEOT PARTNER,8,E01025446,0,-1
2023010482535,2023,010482535,2,19,0,18,19,1,5,0,0,0,0,0,0,0,2,1,1,1,1,40,7,1560,2,6,PEUGEOT PARTNER,7,E01017705,0,-1
2023101305818,2023,101305818,2,9,-1,18,19,1,6,0,0,3,0,0,0,0,2,1,1,1,1,43,7,2728,2,12,PEUGEOT PARTNER,5,E01008835,0,-1
2023010478491,2023,010478491,2,19,0,99,99,9,9,99,99,9,9,99,9,99,1,9,6,6,3,31,6,1200,1,6,PEUGEOT PARTNER,-1,-1,0,-1
2023543558423,2023,543558423,2,19,0,4,4,6,2,0,0,0,1,0,1,9,0,1,1,1,1,34,6,1560,2,8,PEUGEOT PARTNER,5,E01031947,0,-1
2023010454426,2023,010454426,2,19,0,18,19,7,3,0,0,0,0,0,0,0,2,1,1,1,1,33,6,1498,2,2,PEUGEOT PARTNER,8,E01021516,0,-1
2023010444028,2023,010444028,1,19,0,18,19,5,1,0,0,8,1,0,0,0,1,1,6,6,1,47,8,1560,2,4,PEUGEOT PARTNER,2,E01004436,0,-1
2023440013398,2023,440013398,2,19,0,9,9,5,3,0,0,8,0,0,0,0,3,1,1,1,1,50,8,1500,2,3,PEUGEOT PARTNER,4,E01017164,0,-1
2023622300969,2023,622300969,1,9,0,5,5,3,7,0,0,1,0,0,0,0,2,1,6,6,2,22,5,1560,2,10,PEUGEOT PARTNER,1,W01000991,0,-1
2023991322165,2023,991322165,1,19,0,18,19,3,7,0,0,0,1,0,2,0,4,1,2,2,1,49,8,1560,2,9,PEUGEOT PARTNER,2,-1,0,-1
2023221377558,2023,221377558,2,19,0,18,19,7,3,0,0,0,0,0,1,11,1,1,2,2,1,19,4,1498,2,4,PEUGEOT PARTNER,4,E01028984,0,-1
2023141262552,2023,141262552,1,19,0,18,19,6,2,0,0,0,0,0,0,0,4,1,1,1,1,-1,-1,1200,1,3,PEUGEOT PARTNER,-1,-1,0,-1
2023610041723,2023,610041723,1,19,0,18,19,6,2,0,0,0,0,4,0,0,1,1,6,6,1,24,5,1560,2,4,PEUGEOT PARTNER,10,W01001543,0,-1
2023161301697,2023,161301697,2,9,0,18,19,6,1,0,0,1,0,0,0,0,3,1,6,6,1,-1,-1,1560,2,10,PEUGEOT PARTNER,-1,-1,0,-1
2023010472641,2023,010472641,1,19,0,4,4,6,2,0,0,1,0,0,0,0,1,1,1,1,1,61,9,1560,2,5,PEUGEOT PARTNER,4,E01003332,0,-1
2023041279022,2023,041279022,1,19,0,7,7,3,1,0,0,5,0,0,0,0,1,1,5,6,1,52,8,1560,2,9,PEUGEOT PARTNER,4,E01024919,0,-1
2023461303998,2023,461303998,2,19,0,18,19,7,3,0,0,8,0,0,0,0,1,1,6,6,1,36,7,1560,2,12,PEUGEOT PARTNER,6,E01024021,0,-1
2023430096553,2023,430096553,1,19,0,9,9,8,5,0,0,8,0,0,0,0,1,1,1,1,1,59,9,1560,2,9,PEUGEOT PARTNER,8,E01015536,0,-1
2023010475039,2023,010475039,2,19,0,99,99,9,9,99,99,9,9,99,9,99,1,9,6,6,3,-1,-1,1560,2,6,PEUGEOT PARTNER,-1,-1,0,-1
2023461349891,2023,461349891,1,19,0,18,19,3,7,9,9,0,0,0,0,0,3,1,1,1,2,-1,-1,1560,2,11,PEUGEOT PARTNER,7,E01024417,0,-1
2023991281795,2023,991281795,1,19,0,18,19,7,3,0,0,0,0,0,0,0,4,1,1,1,1,52,8,1560,2,4,PEUGEOT PARTNER,6,-1,0,-1
2023430280204,2023,430280204,2,19,0,9,9,6,4,0,0,0,0,0,0,0,1,1,6,6,1,-1,-1,1560,2,9,PEUGEOT PARTNER,10,E01016253,0,-1
2023221272831,2023,221272831,1,19,0,13,13,5,1,0,0,0,0,0,7,4,3,1,1,1,1,61,9,1560,2,11,PEUGEOT PARTNER,5,E01014097,0,-1
2023340NN1142,2023,340NN1142,2,19,0,18,19,4,8,0,0,0,0,0,0,0,1,1,1,1,1,59,9,1498,2,4,PEUGEOT PARTNER,7,E01027095,0,-1
202354A533523,2023,54A533523,1,19,0,18,19,2,6,0,0,0,0,0,1,3,1,1,1,1,1,51,8,1560,2,4,PEUGEOT PARTNER,5,E01032103,0,-1
2023501353570,2023,501353570,1,19,0,18,19,8,4,0,0,0,0,0,0,0,4,1,6,6,3,-1,-1,1560,2,6,PEUGEOT PARTNER,-1,-1,0,-1
2023170M11153,2023,170M11153,1,19,0,18,19,4,8,0,0,0,0,0,0,0,1,1,1,1,1,-1,-1,1560,2,6,PEUGEOT PARTNER,-1,-1,0,-1
2023531356254,2023,531356254,2,19,0,4,4,5,1,0,0,0,0,0,0,0,2,1,1,1,1,32,6,1498,2,2,PEUGEOT PARTNER,9,E01032183,0,-1
2023991314358,2023,991314358,1,19,0,6,6,5,5,0,0,0,0,0,0,0,4,1,1,1,2,56,9,1560,2,9,PEUGEOT PARTNER,8,-1,0,-1
2023461276972,2023,461276972,2,19,0,3,3,2,6,0,0,0,0,0,0,0,2,1,2,2,1,29,6,1997,2,18,PEUGEOT PARTNER,5,E01024654,0,-1