collision_index,collision_year,collision_ref_no,vehicle_reference,vehicle_type,towing_and_articulation,vehicle_manoeuvre_historic,vehicle_manoeuvre,vehicle_direction_from,vehicle_direction_to,vehicle_location_restricted_lane_historic,vehicle_location_restricted_lane,junction_location,skidding_and_overturning,hit_object_in_carriageway,vehicle_leaving_carriageway,hit_object_off_carriageway,first_point_of_impact,vehicle_left_hand_drive,journey_purpose_of_driver_historic,journey_purpose_of_driver,sex_of_driver,age_of_driver,age_band_of_driver,engine_capacity_cc,propulsion_code,age_of_vehicle,generic_make_model,driver_imd_decile,lsoa_of_driver,escooter_flag,driver_distance_banding
2023552301362,2023,552301362,1,19,0,7,7,8,2,0,0,5,0,0,0,0,4,1,6,6,3,33,6,1560,2,10,PEUGEOT PARTNER,-1,-1,0,-1
2023411377525,2023,411377525,3,19,0,3,3,1,2,0,0,3,0,0,0,0,1,1,1,1,1,40,7,1560,2,9,PEUGEOT PARTNER,6,E01023762,0,-1
2023461311661,2023,461311661,1,19,0,9,9,3,7,0,0,4,0,0,0,0,4,1,1,1,1,53,8,1560,2,15,PEUGEOT PARTNER,2,E01001651,0,-1
2023471390376,2023,471390376,1,19,0,4,4,7,3,0,0,0,0,0,0,0,1,1,2,2,1,41,7,1500,2,1,PEUGEOT PARTNER,8,E01021077,0,-1
2023161314047,2023,161314047,2,9,0,7,7,6,8,0,0,0,0,0,0,0,1,1,6,6,3,-1,-1,-1,-1,-1,PEUGEOT PARTNER,-1,-1,0,-1
2023351280927,2023,351280927,1,9,0,17,19,2,5,0,0,0,2,0,1,0,1,1,5,6,1,60,9,1868,2,21,PEUGEOT PARTNER,5,E01030151,0,-1
2023411273872,2023,411273872,1,19,0,18,19,8,4,0,0,0,0,0,0,0,1,1,6,6,1,55,8,1498,2,3,PEUGEOT PARTNER,9,E01023553,0,-1
2023541494723,2023,541494723,2,9,0,18,19,1,5,0,0,0,0,0,0,0,1,1,6,6,1,82,11,1560,2,13,PEUGEOT PARTNER,5,E01031916,0,-1
2023371343542,2023,371343542,1,19,0,12,12,8,4,0,0,3,0,0,0,0,4,1,6,6,1,-1,-1,1498,2,2,PEUGEOT PARTNER,6,E01029975,0,-1
2023340NN4552,2023,340NN4552,2,19,0,2,2,0,0,0,0,2,0,0,0,0,3,1,6,6,1,37,7,1500,2,1,PEUGEOT PARTNER,5,E01026973,0,-1
2023401390647,2023,401390647,4,19,0,18,19,1,5,0,0,0,0,0,0,0,1,1,6,6,1,37,7,1868,2,21,PEUGEOT PARTNER,5,E01016807,0,-1
2023501277335,2023,501277335,2,19,0,18,19,1,5,0,0,0,1,0,0,0,3,1,6,6,3,-1,-1,1560,2,9,PEUGEOT PARTNER,-1,-1,0,-1
2023471296979,2023,471296979,1,19,0,9,9,8,6,0,0,2,0,0,0,0,4,1,6,6,1,36,7,1560,2,5,PEUGEOT PARTNER,8,E01021082,0,-1
2023131319231,2023,131319231,1,19,0,5,5,7,3,0,0,6,0,0,0,0,1,1,1,1,1,51,8,1560,2,8,PEUGEOT PARTNER,6,E01011074,0,-1
2023501297473,2023,501297473,1,19,0,18,19,1,5,0,0,8,0,0,0,0,4,1,1,1,1,38,7,1560,2,5,PEUGEOT PARTNER,4,E01015077,0,-1
2023311275796,2023,311275796,1,19,0,18,19,7,3,0,0,1,0,0,0,0,1,1,5,6,1,62,9,1560,2,11,PEUGEOT PARTNER,6,E01026398,0,-1
2023070884781,2023,070884781,1,19,0,4,4,5,1,0,0,1,0,0,0,0,1,1,1,1,1,55,8,1498,2,3,PEUGEOT PARTNER,7,E01024073,0,-1
2023010448785,2023,010448785,2,19,0,18,19,1,5,0,0,8,0,0,0,0,3,1,1,1,1,46,8,1498,2,2,PEUGEOT PARTNER,4,E01000625,0,-1
202360A180733,2023,60A180733,1,19,0,2,2,0,0,0,0,0,0,0,0,0,2,1,6,6,1,48,8,1560,2,5,PEUGEOT PARTNER,-1,-1,0,-1
2023131377722,2023,131377722,1,19,0,18,19,1,5,0,0,1,0,0,0,0,1,1,1,1,1,26,6,1560,2,9,PEUGEOT PARTNER,8,E01011217,0,-1
2023440149475,2023,440149475,7,19,0,18,19,5,1,0,0,0,0,0,0,0,1,1,6,6,3,-1,-1,1560,2,10,PEUGEOT PARTNER,-1,-1,0,-1
2023041350361,2023,041350361,1,19,0,9,9,5,3,0,0,8,5,0,0,0,4,1,1,1,1,32,6,1498,2,3,PEUGEOT PARTNER,2,E01027579,0,-1
2023010467815,2023,010467815,2,19,9,99,99,9,9,99,99,0,9,99,9,99,9,9,6,6,3,-1,-1,1560,2,10,PEUGEOT PARTNER,-1,-1,0,-1
2023010446115,2023,010446115,2,19,0,99,99,9,9,99,99,0,9,99,9,99,9,9,6,6,3,-1,-1,1498,2,2,PEUGEOT PARTNER,2,E01010411,0,-1
2023071019423,2023,071019423,2,19,0,9,9,7,1,0,0,1,0,0,0,0,0,1,2,2,1,-1,-1,1560,2,5,PEUGEOT PARTNER,-1,-1,0,-1
2023411366496,2023,411366496,1,19,0,18,19,-1,-1,0,0,4,0,0,0,0,1,1,6,6,1,-1,-1,1500,2,3,PEUGEOT PARTNER,9,E01023831,0,-1
2023311318939,2023,311318939,2,19,0,4,4,7,3,0,0,0,0,0,0,0,2,1,6,6,1,35,6,1500,2,2,PEUGEOT PARTNER,6,E01013894,0,-1
2023471264066,2023,471264066,1,19,0,18,19,5,1,0,0,0,0,0,1,0,1,1,6,6,1,22,5,1560,2,6,PEUGEOT PARTNER,6,E01024367,0,-1
2023010432765,2023,010432765,1,19,0,18,19,6,2,0,0,0,0,0,0,0,1,1,2,2,1,33,6,1498,2,4,PEUGEOT PARTNER,5,E01031594,0,-1
2023122300911,2023,122300911,1,19,0,18,19,5,1,0,0,0,0,0,7,3,1,1,1,1,1,43,7,1560,2,5,PEUGEOT PARTNER,1,E01011747,0,-1
2023411345475,2023,411345475,1,19,0,7,7,5,1,0,0,2,0,0,0,0,1,1,5,6,1,20,4,1560,2,4,PEUGEOT PARTNER,7,E01018218,0,-1
2023010443043,2023,010443043,2,19,0,18,19,3,7,0,0,0,0,0,0,0,4,1,2,2,1,24,5,1500,2,4,PEUGEOT PARTNER,-1,-1,0,-1
2023161339056,2023,161339056,2,19,0,18,19,5,1,0,0,0,0,0,0,0,1,1,6,6,3,-1,-1,1560,2,5,PEUGEOT PARTNER,-1,-1,0,-1
2023471359083,2023,471359083,1,19,0,9,9,2,8,0,0,6,0,0,0,0,1,1,1,1,2,28,6,1498,2,3,PEUGEOT PARTNER,4,E01021004,0,-1
2023430462660,2023,430462660,2,19,0,17,19,4,1,0,0,0,0,0,0,0,3,1,6,6,1,53,8,1560,2,16,PEUGEOT PARTNER,10,E01017739,0,-1
2023549580923,2023,549580923,1,19,0,11,11,3,7,0,0,0,0,0,0,0,4,1,6,6,1,22,5,1560,2,7,PEUGEOT PARTNER,2,E01018478,0,-1
2023501288043,2023,501288043,1,19,0,18,19,6,1,0,0,0,0,0,0,0,1,1,1,1,1,39,7,1560,2,5,PEUGEOT PARTNER,5,E01020040,0,-1
2023622300992,2023,622300992,1,19,0,18,19,4,8,0,0,1,0,0,0,0,1,1,1,1,1,29,6,1560,2,11,PEUGEOT PARTNER,6,W01001369,0,-1
2023031368120,2023,031368120,1,19,0,17,19,3,3,0,0,0,0,0,0,0,1,1,1,1,2,39,7,1560,2,9,PEUGEOT PARTNER,3,E01019126,0,-1
2023221387586,2023,221387586,1,19,0,18,19,2,6,0,0,0,0,0,0,0,1,1,1,1,2,23,5,1560,2,11,PEUGEOT PARTNER,6,E01032395,0,-1
2023471310272,2023,471310272,3,19,0,2,2,0,0,0,0,1,0,0,0,0,2,1,6,6,3,-1,-1,1498,2,2,PEUGEOT PARTNER,-1,-1,0,-1
2023501272580,2023,501272580,2,19,0,18,19,4,8,0,0,0,0,0,0,0,1,1,6,6,1,-1,-1,1560,2,10,PEUGEOT PARTNER,-1,-1,0,-1
2023141359837,2023,141359837,1,9,0,9,9,5,3,0,0,1,0,0,0,0,1,1,1,1,1,50,8,-1,-1,-1,PEUGEOT PARTNER,1,E01008090,0,-1
2023401299344,2023,401299344,1,19,0,18,19,2,6,0,0,1,0,0,0,0,1,1,1,1,1,31,6,1560,2,4,PEUGEOT PARTNER,9,E01017389,0,-1
2023461372461,2023,461372461,1,19,0,4,4,6,2,0,0,0,0,0,0,0,1,1,2,2,1,21,5,1498,2,4,PEUGEOT PARTNER,2,E01024081,0,-1
2023421361814,2023,421361814,2,19,0,18,19,1,5,0,0,8,5,0,1,0,3,1,2,2,1,23,5,1560,2,4,PEUGEOT PARTNER,4,E01015948,0,-1
2023332301209,2023,332301209,2,19,0,16,19,2,4,0,0,0,1,0,0,0,1,1,1,1,2,32,6,1560,2,9,PEUGEOT PARTNER,6,E01025747,0,-1
2023010480026,2023,010480026,1,19,0,18,19,3,7,0,0,0,0,0,0,0,4,1,2,2,1,21,5,1500,2,2,PEUGEOT PARTNER,1,E01004298,0,-1
2023010464516,2023,010464516,1,19,0,9,9,3,1,0,0,8,0,0,0,0,1,1,1,1,1,42,7,1499,2,1,PEUGEOT PARTNER,4,E01021849,0,-1
2023421370439,2023,421370439,1,19,0,16,19,1,5,0,0,0,0,0,0,0,1,1,6,6,1,40,7,1560,2,4,PEUGEOT PARTNER,7,E01021657,0,-1
2023421289726,2023,421289726,1,19,0,18,19,7,3,0,0,8,0,0,0,0,4,1,2,2,2,27,6,1560,2,4,PEUGEOT PARTNER,8,E01021717,0,-1
2023411379454,2023,411379454,2,19,0,18,19,7,3,0,0,0,0,0,0,0,2,1,6,6,1,18,4,1499,2,0,PEUGEOT PARTNER,10,E01022553,0,-1
2023471327389,2023,471327389,2,19,0,18,19,3,7,0,0,0,0,0,0,0,3,1,2,2,2,60,9,1560,2,15,PEUGEOT PARTNER,2,E01031808,0,-1
2023061374611,2023,061374611,2,19,0,3,3,4,8,0,0,1,0,0,0,0,2,1,5,6,1,69,10,1560,2,9,PEUGEOT PARTNER,-1,-1,0,-1
2023501402412,2023,501402412,1,19,0,18,19,1,5,0,0,1,0,0,0,0,1,1,1,1,1,28,6,1500,2,1,PEUGEOT PARTNER,5,E01018947,0,-1
2023531366598,2023,531366598,1,19,0,18,19,5,1,0,0,0,0,0,0,0,1,1,5,6,1,37,7,1560,2,12,PEUGEOT PARTNER,6,E01022260,0,-1
2023471368595,2023,471368595,1,19,0,16,19,3,6,0,0,0,0,0,0,0,1,1,2,2,1,30,6,1560,2,7,PEUGEOT PARTNER,4,E01009590,0,-1
2023161283887,2023,161283887,1,19,0,10,10,4,6,0,0,8,0,0,0,0,3,1,1,1,1,31,6,1498,2,2,PEUGEOT PARTNER,3,E01012899,0,-1
2023340NN3492,2023,340NN3492,2,9,0,2,2,0,0,0,0,0,0,0,0,0,1,1,6,6,3,-1,-1,-1,-1,-1,PEUGEOT PARTNER,-1,-1,0,-1
2023421335927,2023,421335927,2,19,0,18,19,1,5,0,0,2,0,0,0,0,1,1,6,6,1,57,9,1868,2,18,PEUGEOT PARTNER,-1,-1,0,-1
2023041302033,2023,041302033,1,19,0,18,19,3,7,0,0,0,0,0,0,0,1,1,2,2,1,32,6,1560,2,8,PEUGEOT PARTNER,1,E01024953,0,-1
2023161352996,2023,161352996,3,9,0,18,19,3,7,0,0,0,0,0,0,0,1,1,6,6,1,18,4,1997,2,21,PEUGEOT PARTNER,5,E01012767,0,-1
2023161332809,2023,161332809,1,19,0,18,19,1,5,0,0,0,0,0,0,0,1,1,1,1,1,60,9,1560,2,9,PEUGEOT PARTNER,8,E01013170,0,-1
2023451422839,2023,451422839,1,19,0,1,1,1,5,0,0,0,0,0,0,0,2,1,1,1,2,44,7,1560,2,11,PEUGEOT PARTNER,5,E01030971,0,-1
2023010482341,2023,010482341,2,19,0,99,99,9,9,99,99,9,9,99,9,99,2,9,6,6,1,54,8,1498,2,2,PEUGEOT PARTNER,6,E01000566,0,-1
2023351363907,2023,351363907,1,19,0,18,19,6,2,0,0,1,0,0,0,0,2,1,6,6,1,32,6,1560,2,11,PEUGEOT PARTNER,-1,-1,0,-1
2023201315757,2023,201315757,1,9,0,4,4,5,1,0,0,0,0,0,0,0,0,1,6,6,1,29,6,1560,2,5,PEUGEOT PARTNER,5,E01010539,0,-1
2023361366910,2023,361366910,2,19,5,18,19,7,3,0,0,0,0,0,0,0,1,1,1,1,1,47,8,1560,2,6,PEUGEOT PARTNER,8,E01021382,0,-1
2023161310876,2023,161310876,3,19,0,3,3,8,4,0,0,1,0,0,0,0,2,1,2,2,1,43,7,1560,2,5,PEUGEOT PARTNER,9,E01013257,0,-1
2023461353404,2023,461353404,1,19,0,4,4,7,5,0,0,2,0,0,0,0,2,1,6,6,1,36,7,1560,2,11,PEUGEOT PARTNER,-1,-1,0,-1
2023010451405,2023,010451405,2,19,0,99,99,9,9,99,99,9,9,99,9,99,1,9,6,6,3,-1,-1,1560,2,5,PEUGEOT PARTNER,-1,-1,0,-1
2023141331135,2023,141331135,3,19,0,4,4,8,4,0,0,6,0,0,0,0,2,1,1,1,2,59,9,1498,2,2,PEUGEOT PARTNER,6,E01028191,0,-1
2023010477918,2023,010477918,2,19,0,99,99,9,9,99,99,9,9,99,9,99,1,9,6,6,3,-1,-1,1498,2,4,PEUGEOT PARTNER,6,E01001312,0,-1
2023461351187,2023,461351187,1,19,0,18,19,2,2,0,0,0,0,0,0,0,1,1,6,6,1,37,7,1560,2,9,PEUGEOT PARTNER,6,E01021118,0,-1
2023440201442,2023,440201442,1,19,0,7,7,1,3,0,0,8,0,0,0,0,4,1,1,1,2,44,7,1560,2,5,PEUGEOT PARTNER,1,E01017218,0,-1
2023471331958,2023,471331958,1,19,0,6,6,5,3,0,0,1,0,0,0,0,3,1,6,6,1,54,8,1560,2,9,PEUGEOT PARTNER,6,E01021046,0,-1
2023421288741,2023,421288741,1,19,0,11,11,2,6,0,0,0,0,0,0,0,4,1,1,1,1,63,9,1500,2,1,PEUGEOT PARTNER,9,E01015939,0,-1
2023320224391,2023,320224391,2,19,0,18,19,8,4,0,0,0,0,0,0,0,3,1,1,1,1,60,9,1500,2,1,PEUGEOT PARTNER,3,E01026113,0,-1
2023421379719,2023,421379719,2,19,-1,18,19,1,5,0,0,1,0,0,0,0,4,1,1,1,1,34,6,1499,2,0,PEUGEOT PARTNER,9,E01021682,0,-1
2023471280868,2023,471280868,3,19,0,3,3,1,5,0,0,0,0,0,0,0,2,1,1,1,1,25,5,1560,2,9,PEUGEOT PARTNER,8,E01021086,0,-1
2023010450485,2023,010450485,1,19,0,18,19,3,7,0,0,8,0,0,0,0,3,1,1,1,2,29,6,1560,2,7,PEUGEOT PARTNER,-1,-1,0,-1
2023531268475,2023,531268475,2,19,0,18,19,7,3,0,0,0,0,0,0,0,1,1,1,1,1,62,9,1498,2,3,PEUGEOT PARTNER,5,E01022155,0,-1
2023231337175,2023,231337175,2,19,0,17,19,5,8,0,0,8,1,0,1,0,3,1,2,2,1,23,5,1498,2,2,PEUGEOT PARTNER,5,E01008888,0,-1
2023440023104,2023,440023104,2,19,0,9,9,7,5,0,0,1,0,0,0,0,1,1,1,1,1,21,5,1500,2,1,PEUGEOT PARTNER,8,E01025830,0,-1
2023052300797,2023,052300797,2,19,0,3,3,1,5,0,0,0,0,0,0,0,2,1,1,1,1,24,5,1560,2,11,PEUGEOT PARTNER,3,E01033760,0,-1
2023340WN9042,2023,340WN9042,1,19,0,18,19,7,3,0,0,4,0,0,0,0,1,1,2,2,1,40,7,1560,2,7,PEUGEOT PARTNER,5,E01027136,0,-1
2023052300568,2023,052300568,1,9,0,16,19,4,2,0,0,0,0,10,8,10,1,1,6,6,1,68,10,1560,2,6,PEUGEOT PARTNER,1,E01006771,0,-1
2023440034226,2023,440034226,4,19,0,18,19,1,5,0,0,0,0,0,0,0,3,1,1,1,1,37,7,1560,2,7,PEUGEOT PARTNER,2,E01028450,0,-1
2023010470350,2023,010470350,1,19,0,9,9,5,2,0,0,8,0,0,0,0,1,1,1,1,2,54,8,1499,2,0,PEUGEOT PARTNER,6,E01001270,0,-1
2023041380987,2023,041380987,1,19,0,18,19,2,6,0,0,2,1,10,3,4,1,1,2,2,1,30,6,1560,2,11,PEUGEOT PARTNER,2,E01006309,0,-1
2023461412314,2023,461412314,1,19,0,9,9,1,3,0,0,1,0,0,0,0,1,1,6,6,1,62,9,1560,2,11,PEUGEOT PARTNER,6,E01024285,0,-1
2023031375806,2023,031375806,3,19,0,18,19,6,2,0,0,1,0,0,0,0,2,1,1,1,1,46,8,1498,2,3,PEUGEOT PARTNER,-1,-1,0,-1
2023991268426,2023,991268426,2,19,0,18,19,6,1,0,0,1,0,0,0,0,2,1,1,1,1,62,9,1560,2,4,PEUGEOT PARTNER,1,-1,0,-1
2023131325876,2023,131325876,1,19,0,5,5,7,3,0,0,4,0,0,0,0,4,1,1,1,1,59,9,1560,2,7,PEUGEOT PARTNER,6,E01010594,0,-1
2023111286428,2023,111286428,1,19,0,6,6,3,7,0,0,3,0,0,0,0,1,1,6,6,1,35,6,1560,2,6,PEUGEOT PARTNER,3,E01012997,0,-1
2023421344155,2023,421344155,1,19,0,18,19,1,3,0,0,0,0,0,0,0,2,1,6,6,1,27,6,1498,2,4,PEUGEOT PARTNER,1,E01004456,0,-1
2023421356833,2023,421356833,2,19,0,6,6,5,5,0,0,0,0,0,0,0,3,1,1,1,1,41,7,1500,2,3,PEUGEOT PARTNER,6,E01030080,0,-1
2023991383088,2023,991383088,1,19,0,18,19,5,8,0,0,0,0,0,0,0,3,1,2,2,1,27,6,1560,2,6,PEUGEOT PARTNER,5,-1,0,-1
2023010479388,2023,010479388,1,19,0,9,9,8,6,0,0,8,0,0,0,0,3,1,2,2,2,18,4,1500,2,1,PEUGEOT PARTNER,9,E01033613,0,-1
2023421372784,2023,421372784,1,19,0,9,9,1,3,0,0,2,0,0,0,0,1,1,6,6,2,46,8,1560,2,8,PEUGEOT PARTNER,-1,-1,0,-1
2023010466195,2023,010466195,1,19,0,18,19,7,3,0,0,1,0,0,0,0,1,1,1,1,1,32,6,1560,2,6,PEUGEOT PARTNER,3,E01001763,0,-1
2023201454001,2023,201454001,1,19,0,18,19,2,6,0,0,8,0,0,0,0,1,1,6,6,1,38,7,1560,2,8,PEUGEOT PARTNER,1,E01009494,0,-1
2023010483952,2023,010483952,2,9,0,6,6,5,5,0,0,1,0,0,0,0,1,1,1,1,1,28,6,-1,-1,-1,PEUGEOT PARTNER,5,E01000747,0,-1
2023041350087,2023,041350087,1,9,0,9,9,7,5,0,0,8,0,0,0,0,1,1,1,1,1,56,9,1560,2,5,PEUGEOT PARTNER,1,E01025151,0,-1
2023332300973,2023,332300973,1,19,0,5,5,1,5,0,0,0,0,0,0,0,1,1,1,1,1,37,7,1560,2,5,PEUGEOT PARTNER,10,E01025870,0,-1
2023141335416,2023,141335416,1,19,0,18,19,2,6,0,0,2,1,7,0,0,1,1,2,2,1,44,7,1560,2,4,PEUGEOT PARTNER,2,E01033278,0,-1
2023161288766,2023,161288766,2,9,0,16,19,2,6,0,0,1,0,0,1,0,1,1,5,6,1,68,10,1560,2,12,PEUGEOT PARTNER,1,E01027805,0,-1
2023041380123,2023,041380123,1,19,0,15,15,3,3,0,0,4,0,2,0,0,3,1,2,2,1,37,7,1498,2,3,PEUGEOT PARTNER,4,E01025407,0,-1
2023320111161,2023,320111161,2,19,0,18,19,6,2,0,0,8,0,0,0,0,1,1,1,1,1,60,9,1560,2,4,PEUGEOT PARTNER,5,E01013211,0,-1
2023161390052,2023,161390052,1,19,0,16,19,6,2,0,0,0,0,7,0,0,3,1,6,6,1,31,6,1868,2,19,PEUGEOT PARTNER,8,E01026061,0,-1
2023231373595,2023,231373595,1,19,0,18,19,2,6,0,0,6,0,0,0,0,1,1,6,6,1,63,9,1560,2,13,PEUGEOT PARTNER,5,E01031102,0,-1
2023430284515,2023,430284515,2,19,0,2,2,0,0,0,0,2,0,0,0,0,2,1,1,1,3,-1,-1,1498,2,3,PEUGEOT PARTNER,-1,-1,0,-1
2023010438375,2023,010438375,2,19,0,9,9,1,7,0,0,1,0,0,0,0,0,1,1,1,1,22,5,1498,2,2,PEUGEOT PARTNER,1,E01004199,0,-1
2023440340206,2023,440340206,1,19,0,10,10,6,2,0,0,1,0,0,0,0,2,1,6,6,2,34,6,1560,2,9,PEUGEOT PARTNER,9,E01022653,0,-1
2023010448892,2023,010448892,2,19,0,99,99,9,9,99,99,0,9,99,9,99,9,9,6,6,3,34,6,1560,2,7,PEUGEOT PARTNER,8,E01000708,0,-1
2023461397066,2023,461397066,1,19,0,18,19,3,7,0,0,0,0,0,1,0,1,1,6,6,1,39,7,1560,2,9,PEUGEOT PARTNER,-1,-1,0,-1
2023501357175,2023,501357175,2,19,0,3,3,2,6,0,0,0,0,0,0,0,2,1,1,1,1,73,10,1560,2,10,PEUGEOT PARTNER,9,E01015118,0,-1
2023351286552,2023,351286552,1,19,0,13,13,7,3,0,0,0,0,0,0,0,2,1,2,2,1,74,10,1560,2,5,PEUGEOT PARTNER,5,E01029955,0,-1
2023041327834,2023,041327834,2,19,0,1,1,0,6,0,0,1,0,0,0,0,3,1,2,2,1,51,8,1868,2,19,PEUGEOT PARTNER,8,E01025040,0,-1
2023421353144,2023,421353144,1,19,0,18,19,3,7,0,0,0,0,0,0,0,4,1,6,6,1,56,9,1500,2,2,PEUGEOT PARTNER,3,E01022055,0,-1
2023311266325,2023,311266325,1,19,0,5,5,8,5,9,9,1,1,0,1,0,2,1,1,1,2,38,7,1560,2,11,PEUGEOT PARTNER,8,E01027973,0,-1
2023461361520,2023,461361520,1,19,0,18,19,6,2,0,0,1,0,0,0,0,1,1,6,6,2,53,8,1560,2,12,PEUGEOT PARTNER,9,E01024297,0,-1
2023122300394,2023,122300394,2,19,0,18,19,7,5,0,0,0,0,0,0,0,1,1,6,6,3,-1,-1,1560,2,6,PEUGEOT PARTNER,-1,-1,0,-1
2023201301510,2023,201301510,2,19,0,2,2,0,0,0,0,0,0,0,0,0,3,1,6,6,1,25,5,1560,2,4,PEUGEOT PARTNER,2,E01008943,0,-1
2023010472347,2023,010472347,2,19,0,18,19,7,3,0,0,0,0,0,0,0,2,1,6,6,1,32,6,1498,2,3,PEUGEOT PARTNER,4,E01002267,0,-1
2023991390794,2023,991390794,1,19,0,18,19,2,6,0,0,0,0,0,0,0,1,1,1,1,1,17,4,1560,2,6,PEUGEOT PARTNER,10,-1,0,-1
2023332301168,2023,332301168,2,9,0,18,19,4,8,0,0,0,0,0,0,0,1,1,6,6,1,64,9,1997,2,19,PEUGEOT PARTNER,8,E01025892,0,-1
2023622300227,2023,622300227,1,8,0,7,7,3,5,0,0,8,0,0,0,0,3,1,1,1,1,48,8,1560,2,13,-1,2,W01001768,0,-1
2023201279291,2023,201279291,1,19,0,18,19,-1,-1,0,0,4,0,0,0,0,1,1,6,6,1,-1,-1,1560,2,13,PEUGEOT PARTNER,1,E01009297,0,-1
2023161310292,2023,161310292,2,19,0,18,19,3,7,0,0,8,0,0,0,0,1,1,5,6,1,33,6,1560,2,9,PEUGEOT PARTNER,1,E01012875,0,-1
2023332300009,2023,332300009,1,19,0,16,19,7,3,0,0,1,0,0,0,0,1,1,1,1,1,43,7,1500,2,2,PEUGEOT PARTNER,1,E01010148,0,-1
2023201292472,2023,201292472,2,9,0,18,19,6,2,0,0,0,0,0,0,0,2,1,1,1,1,39,7,1560,2,15,PEUGEOT PARTNER,5,E01010160,0,-1
2023552301426,2023,552301426,1,19,0,9,9,3,1,0,0,6,0,0,0,0,1,1,1,1,1,62,9,1560,2,9,PEUGEOT PARTNER,8,E01020501,0,-1
2023111290801,2023,111290801,1,19,0,9,9,2,3,0,0,1,0,0,0,0,3,1,5,6,1,28,6,1560,2,12,PEUGEOT PARTNER,6,E01012317,0,-1
2023010456490,2023,010456490,1,19,0,8,8,7,8,0,0,5,0,0,1,0,4,1,1,1,1,59,9,1560,2,7,PEUGEOT PARTNER,8,E01004543,0,-1
2023122300405,2023,122300405,1,19,0,18,19,1,5,0,0,0,1,0,0,0,1,1,6,6,1,29,6,1498,2,4,PEUGEOT PARTNER,5,E01011732,0,-1
2023061275495,2023,061275495,1,19,0,5,5,8,4,0,0,0,0,0,0,0,1,1,6,6,1,30,6,1560,2,10,PEUGEOT PARTNER,7,E01005375,0,-1
2023131345517,2023,131345517,1,19,0,5,5,1,5,8,6,4,0,0,0,0,1,1,1,1,1,53,8,1200,1,6,PEUGEOT PARTNER,2,E01010796,0,-1
2023411380705,2023,411380705,2,19,0,18,19,-1,-1,0,0,0,0,99,0,0,1,1,5,6,1,35,6,1499,2,0,PEUGEOT PARTNER,7,E01018043,0,-1
2023991309032,2023,991309032,2,19,0,5,5,1,7,0,0,6,0,0,0,0,3,1,5,6,2,30,6,1560,2,5,PEUGEOT PARTNER,-1,-1,0,-1
2023430368154,2023,430368154,1,19,0,18,19,2,6,0,0,8,0,0,0,0,1,1,1,1,1,42,7,1498,2,3,PEUGEOT PARTNER,6,E01003429,0,-1
2023221375607,2023,221375607,2,19,0,2,2,0,0,9,9,0,0,0,1,11,2,1,1,1,1,45,7,1560,2,5,PEUGEOT PARTNER,6,E01032244,0,-1
2023211341475,2023,211341475,1,19,0,4,4,8,4,0,0,1,1,0,0,0,1,1,1,1,1,49,8,1560,2,13,PEUGEOT PARTNER,9,E01029617,0,-1
2023552300277,2023,552300277,1,19,0,16,19,8,3,0,0,0,1,0,0,0,1,1,6,6,1,35,6,1560,2,5,PEUGEOT PARTNER,8,E01020054,0,-1
2023622300042,2023,622300042,1,19,0,9,9,8,6,0,0,5,0,0,0,0,1,1,2,2,2,50,8,1560,2,6,PEUGEOT PARTNER,5,W01000821,0,-1
2023401301608,2023,401301608,1,9,0,18,19,-1,-1,0,0,0,0,0,0,0,1,1,6,6,3,-1,-1,-1,-1,-1,PEUGEOT PARTNER,-1,-1,0,-1
2023421295086,2023,421295086,1,19,0,13,13,4,7,0,0,8,0,0,0,0,1,1,5,6,1,56,9,1560,2,12,PEUGEOT PARTNER,7,E01021385,0,-1
2023340WN6212,2023,340WN6212,1,19,0,9,9,4,2,0,0,6,0,0,0,0,3,1,1,1,1,19,4,1560,2,8,PEUGEOT PARTNER,9,E01027254,0,-1
2023141295019,2023,141295019,1,9,0,17,19,4,8,0,0,0,0,0,0,0,1,1,5,6,1,65,9,1560,2,16,PEUGEOT PARTNER,5,E01007828,0,-1
2023031371542,2023,031371542,1,19,0,3,3,2,6,0,0,0,0,0,0,0,2,1,5,6,1,33,6,1498,2,2,PEUGEOT PARTNER,-1,-1,0,-1
2023010434507,2023,010434507,1,19,0,17,19,2,6,0,0,4,0,0,0,0,4,1,1,1,1,56,9,1560,2,9,PEUGEOT PARTNER,5,E01002520,0,-1
2023010476365,2023,010476365,1,19,0,18,19,1,5,0,0,3,0,0,0,0,1,1,6,6,1,62,9,1560,2,6,PEUGEOT PARTNER,3,E01002048,0,-1
2023010434289,2023,010434289,2,19,0,4,4,5,1,0,0,1,0,0,0,0,1,9,6,6,1,57,9,1560,2,6,PEUGEOT PARTNER,3,E01000109,0,-1
2023031291052,2023,031291052,1,19,0,18,19,1,5,0,0,0,0,0,0,0,1,1,1,1,1,60,9,1560,2,8,PEUGEOT PARTNER,4,E01019247,0,-1
2023471283323,2023,471283323,1,19,0,16,19,5,1,0,0,0,0,0,1,4,1,1,1,1,1,26,6,1560,2,13,PEUGEOT PARTNER,7,E01031488,0,-1