collision_index,collision_year,collision_ref_no,vehicle_reference,vehicle_type,towing_and_articulation,vehicle_manoeuvre_historic,vehicle_manoeuvre,vehicle_direction_from,vehicle_direction_to,vehicle_location_restricted_lane_historic,vehicle_location_restricted_lane,junction_location,skidding_and_overturning,hit_object_in_carriageway,vehicle_leaving_carriageway,hit_object_off_carriageway,first_point_of_impact,vehicle_left_hand_drive,journey_purpose_of_driver_historic,journey_purpose_of_driver,sex_of_driver,age_of_driver,age_band_of_driver,engine_capacity_cc,propulsion_code,age_of_vehicle,generic_make_model,driver_imd_decile,lsoa_of_driver,escooter_flag,driver_distance_banding
2023411310956,2023,411310956,2,9,0,18,19,1,5,0,0,0,0,0,0,0,3,1,1,1,1,38,7,1968,2,1,VOLKSWAGEN ARTEON,6,E01004936,0,-1
2023430243437,2023,430243437,1,9,0,3,3,8,4,0,0,0,0,0,0,0,2,1,6,6,1,19,4,1984,1,4,VOLKSWAGEN ARTEON,-1,-1,0,-1
2023010423571,2023,010423571,1,9,0,18,19,3,7,0,0,1,0,0,0,0,1,1,2,2,1,63,9,1968,2,5,VOLKSWAGEN ARTEON,-1,-1,0,-1
2023991341067,2023,991341067,1,9,0,5,5,8,3,0,0,2,0,0,0,0,2,1,6,6,1,67,10,1968,2,0,VOLKSWAGEN ARTEON,8,-1,0,-1
2023131299721,2023,131299721,1,9,0,9,9,5,7,8,6,0,0,0,0,0,3,1,6,6,1,33,6,1984,1,6,VOLKSWAGEN ARTEON,6,E01010909,0,-1
2023161375701,2023,161375701,2,9,0,3,3,6,2,0,0,0,0,0,0,0,1,1,6,6,2,20,4,1984,1,2,VOLKSWAGEN ARTEON,-1,-1,0,-1
2023201310553,2023,201310553,1,9,0,18,19,8,4,0,0,0,0,0,0,0,3,1,6,6,1,27,6,1968,2,5,VOLKSWAGEN ARTEON,-1,-1,0,-1
2023451372664,2023,451372664,1,9,0,4,4,1,5,0,0,0,0,0,0,0,2,1,2,2,1,57,9,1984,1,3,VOLKSWAGEN ARTEON,8,E01031411,0,-1
2023010446583,2023,010446583,1,9,0,9,9,2,8,0,0,2,0,0,0,0,1,1,3,7,1,44,7,1984,1,1,VOLKSWAGEN ARTEON,1,E01033701,0,-1
2023991281091,2023,991281091,1,9,0,18,19,6,8,0,0,1,0,0,0,0,1,1,5,6,1,26,6,1984,1,5,VOLKSWAGEN ARTEON,4,-1,0,-1
2023131384366,2023,131384366,1,9,0,2,2,0,0,9,9,2,0,0,0,0,2,1,6,6,3,-1,-1,1968,2,4,VOLKSWAGEN ARTEON,-1,-1,0,-1
2023451303180,2023,451303180,2,9,0,18,19,6,2,9,9,0,1,0,0,0,1,1,2,2,1,28,6,1498,1,5,VOLKSWAGEN ARTEON,5,E01030983,0,-1
2023161305568,2023,161305568,1,3,0,17,19,6,3,0,0,0,1,0,0,0,1,1,2,2,1,-1,-1,125,1,7,-1,7,E01013034,0,-1
2023211427099,2023,211427099,1,3,0,18,19,5,5,0,0,0,5,0,0,0,0,1,6,6,1,19,4,-1,-1,-1,-1,3,E01029804,0,-1
2023161374342,2023,161374342,1,3,0,5,5,5,1,0,0,1,0,0,0,0,3,1,4,7,1,17,4,124,1,5,APRILIA RX 125,4,E01012829,0,-1
2023421379663,2023,421379663,2,3,0,18,19,7,3,0,0,0,0,0,0,0,3,1,6,6,1,31,6,124,1,0,APRILIA RX 125,7,E01021920,0,-1
2023411271410,2023,411271410,2,3,0,9,9,4,1,0,0,6,0,0,0,0,1,1,6,6,1,23,5,124,1,2,APRILIA RX 125,6,E01023868,0,-1
2023451356637,2023,451356637,1,3,0,9,9,2,6,0,0,1,2,0,0,0,1,1,5,6,1,21,5,124,1,1,APRILIA RX 125,9,E01030761,0,-1
2023010438114,2023,010438114,1,3,0,13,13,7,3,0,0,0,1,0,0,0,1,1,6,6,1,23,5,125,1,27,APRILIA RX 125,-1,-1,0,-1
2023471328642,2023,471328642,1,3,0,18,19,5,1,0,0,0,0,4,0,0,1,1,2,2,1,23,5,124,1,2,APRILIA RX 125,6,E01024749,0,-1
2023451296763,2023,451296763,1,3,0,18,19,5,1,0,0,8,0,0,0,0,3,1,2,2,1,19,4,124,1,1,APRILIA RX 125,7,E01001125,0,-1
2023520301388,2023,520301388,2,3,0,18,19,3,6,0,0,8,0,0,0,0,1,1,6,6,1,20,4,124,1,3,APRILIA RX 125,1,E01029293,0,-1
2023531293765,2023,531293765,2,3,0,18,19,5,1,0,0,1,0,0,0,0,1,1,5,6,1,19,4,124,1,3,APRILIA RX 125,6,E01022380,0,-1
2023161377694,2023,161377694,1,3,0,9,9,1,5,0,0,3,0,0,0,0,4,1,5,6,1,23,5,124,1,2,APRILIA RX 125,7,E01013323,0,-1
2023991382693,2023,991382693,1,8,0,18,19,5,8,0,0,1,0,0,0,0,1,1,1,1,1,71,10,1560,2,5,-1,4,-1,0,-1
2023131386201,2023,131386201,1,8,0,18,19,5,5,0,0,0,0,0,0,0,1,1,1,1,1,52,8,1560,2,5,-1,2,E01010804,0,-1
2023031309852,2023,031309852,2,8,0,1,1,1,5,0,0,2,0,0,0,0,2,1,1,1,2,28,6,1500,2,4,-1,8,E01019370,0,-1
2023541900223,2023,541900223,3,9,0,18,19,5,1,0,0,0,0,0,0,0,1,1,6,6,1,40,7,1500,2,4,-1,7,E01020513,0,-1
2023010470826,2023,010470826,1,9,0,18,19,1,5,0,0,1,0,0,0,0,1,1,6,6,2,22,5,1997,2,0,-1,5,E01003480,0,-1
2023041288028,2023,041288028,1,9,0,18,19,8,2,0,0,1,0,0,0,0,1,1,5,6,1,53,8,1560,2,5,-1,1,E01024899,0,-1
2023461260258,2023,461260258,2,9,0,18,19,3,5,0,0,4,0,0,0,0,3,1,6,6,1,56,9,1560,2,5,-1,5,E01000430,0,-1
2023501373830,2023,501373830,1,9,0,13,13,2,4,0,0,2,0,0,0,0,4,1,6,6,2,36,7,1500,2,2,-1,5,E01020088,0,-1
2023111309659,2023,111309659,1,5,0,17,19,4,8,0,0,0,0,0,1,11,1,1,5,6,1,57,9,1285,1,7,-1,-1,-1,0,-1
2023010444406,2023,010444406,1,5,0,13,13,5,1,0,0,8,1,0,0,0,1,1,6,6,1,34,6,1285,1,7,-1,2,E01003126,0,-1
2023122301304,2023,122301304,1,3,0,18,19,8,4,0,0,0,1,0,0,0,4,1,2,2,1,61,9,998,1,19,-1,10,E01027704,0,-1
2023430278838,2023,430278838,1,5,0,16,19,3,6,0,0,0,0,0,0,0,1,1,6,6,1,33,6,998,1,21,-1,4,W01001462,0,-1
2023440228455,2023,440228455,3,5,0,16,19,4,8,0,0,0,1,0,0,0,1,1,6,6,1,56,9,998,1,18,-1,8,E01022589,0,-1
2023211397660,2023,211397660,6,9,0,2,2,0,0,0,0,0,0,4,0,0,4,1,6,6,1,30,6,1368,1,14,FIAT BRAVO,3,E01029812,0,-1
2023122300726,2023,122300726,2,9,0,18,19,1,8,0,0,0,0,0,7,4,1,1,6,6,1,50,8,1368,1,14,FIAT BRAVO,-1,-1,0,-1
2023122301393,2023,122301393,1,9,0,18,19,5,1,0,0,0,2,0,2,10,4,1,6,6,1,37,7,1368,1,15,FIAT BRAVO,-1,-1,0,-1
2023041312304,2023,041312304,1,9,0,11,11,5,1,0,0,0,1,0,2,7,4,1,6,6,2,33,6,1368,1,15,FIAT BRAVO,4,E01024919,0,-1
2023122300244,2023,122300244,2,9,0,18,19,3,7,0,0,1,0,0,0,0,4,1,2,2,1,70,10,1368,1,15,FIAT BRAVO,10,E01027683,0,-1
2023531354336,2023,531354336,1,9,0,18,19,5,1,0,0,0,0,0,0,0,1,1,5,6,1,19,4,1598,2,12,FIAT BRAVO,4,E01023302,0,-1
2023131276259,2023,131276259,1,9,0,-1,-1,-1,-1,-1,-1,0,-1,-1,-1,-1,-1,1,6,6,3,-1,-1,1368,1,16,FIAT BRAVO,-1,-1,0,-1
2023131342500,2023,131342500,1,9,0,18,19,2,7,0,0,8,0,0,0,0,3,1,2,2,1,58,9,1368,1,14,FIAT BRAVO,2,E01011246,0,-1
2023101321343,2023,101321343,1,9,0,18,19,7,3,0,0,8,0,0,0,0,1,1,1,1,1,44,7,1910,2,15,FIAT BRAVO,1,E01008427,0,-1
2023010459576,2023,010459576,4,9,0,18,19,7,3,0,0,0,0,0,0,0,2,1,6,6,1,35,6,1368,1,16,FIAT BRAVO,5,E01016015,0,-1
2023141354254,2023,141354254,1,9,0,18,19,3,7,0,0,0,0,0,0,0,1,1,5,6,2,52,8,1368,1,15,FIAT BRAVO,3,E01007488,0,-1
2023052301888,2023,052301888,2,9,0,18,19,7,3,0,0,8,0,0,0,0,4,1,6,6,1,50,8,1368,1,11,FIAT BRAVO,1,E01007010,0,-1
2023471371199,2023,471371199,2,9,0,18,19,1,5,0,0,0,0,0,0,0,1,1,5,6,1,83,11,1368,1,14,FIAT BRAVO,6,E01020950,0,-1
2023351267897,2023,351267897,1,9,0,9,9,2,8,0,0,5,0,0,0,0,1,1,1,1,1,38,7,1910,2,15,FIAT BRAVO,1,E01015647,0,-1
2023141324787,2023,141324787,2,9,0,18,19,8,2,0,0,0,0,0,0,0,1,1,5,6,2,38,7,1368,1,16,FIAT BRAVO,-1,-1,0,-1
2023461298661,2023,461298661,1,9,0,13,13,4,8,0,0,0,5,0,0,0,0,1,6,6,1,20,4,1368,1,14,FIAT BRAVO,3,E01024608,0,-1
2023531380852,2023,531380852,1,9,0,7,7,7,1,0,0,8,0,0,0,0,1,1,6,6,1,33,6,1368,1,14,FIAT BRAVO,2,E01022160,0,-1
2023131345766,2023,131345766,1,9,0,9,9,7,3,0,0,6,0,0,0,0,3,1,5,6,1,19,4,1368,1,15,FIAT BRAVO,1,E01011348,0,-1
2023411335932,2023,411335932,1,9,0,18,19,-1,-1,0,0,4,0,0,0,0,1,1,6,6,1,24,5,1368,1,12,FIAT BRAVO,9,E01029551,0,-1
2023041329956,2023,041329956,1,9,0,18,19,7,3,0,0,2,0,0,0,0,3,1,6,6,1,20,4,1368,1,16,FIAT BRAVO,2,E01025245,0,-1
2023131367336,2023,131367336,2,9,0,11,11,3,5,0,0,8,0,0,1,0,1,1,2,2,1,28,6,1368,1,15,FIAT BRAVO,1,E01011349,0,-1
2023010442682,2023,010442682,3,9,0,2,2,0,0,9,9,1,0,0,0,0,0,1,6,6,3,-1,-1,1368,1,16,FIAT BRAVO,-1,-1,0,-1
2023141330047,2023,141330047,1,9,0,18,19,1,5,0,0,0,0,0,0,0,1,1,6,6,3,73,10,1368,1,13,FIAT BRAVO,8,E01008048,0,-1
2023010454161,2023,010454161,2,9,0,99,99,9,9,99,99,9,9,99,9,99,9,9,6,6,3,35,6,1368,1,12,FIAT BRAVO,1,E01009355,0,-1
2023371280372,2023,371280372,2,9,0,17,19,5,2,0,0,0,1,0,1,0,1,1,5,6,2,29,6,1910,2,16,FIAT BRAVO,2,E01030023,0,-1
2023061384526,2023,061384526,1,9,0,18,19,6,2,0,0,1,1,0,0,0,1,1,6,6,2,55,8,1598,2,14,FIAT BRAVO,4,E01019750,0,-1
2023340NN2242,2023,340NN2242,2,9,0,18,19,5,1,0,0,1,0,0,0,0,1,1,6,6,1,37,7,1368,1,15,FIAT BRAVO,3,E01027154,0,-1
2023010426842,2023,010426842,1,9,0,99,99,9,9,99,99,0,9,99,9,99,9,9,6,6,2,43,7,1368,1,11,FIAT BRAVO,7,E01001472,0,-1
2023010437299,2023,010437299,1,9,0,18,19,5,1,0,0,8,0,0,0,0,1,1,6,6,1,26,6,1368,1,16,FIAT BRAVO,2,E01004460,0,-1
2023351309162,2023,351309162,1,9,0,3,3,3,7,0,0,0,0,0,0,0,2,1,5,6,1,40,7,1368,1,13,FIAT BRAVO,8,E01031503,0,-1
2023552300760,2023,552300760,2,9,0,18,19,7,3,0,0,8,0,0,0,0,1,1,6,6,2,24,5,1368,1,15,FIAT BRAVO,2,E01015288,0,-1
2023010430335,2023,010430335,2,9,0,18,19,1,5,0,0,8,0,0,0,0,1,1,6,6,2,29,6,1598,2,13,FIAT BRAVO,5,E01024485,0,-1
2023070521585,2023,070521585,3,9,0,18,19,3,7,0,0,8,0,0,0,0,1,1,1,1,2,27,6,1108,1,15,FIAT PANDA,7,E01005749,0,-1
2023041318585,2023,041318585,1,9,0,18,19,1,5,0,0,0,0,0,0,0,4,1,5,6,1,69,10,1242,1,14,FIAT PANDA,-1,-1,0,-1
2023031331484,2023,031331484,1,9,0,18,19,1,2,0,0,1,0,0,0,0,3,1,6,6,2,75,10,1242,1,10,FIAT PANDA,7,E01019092,0,-1
2023361394053,2023,361394053,1,9,0,18,19,3,7,0,0,0,0,10,1,2,1,2,5,6,1,80,11,1242,1,8,FIAT PANDA,4,E01026909,0,-1
2023522301109,2023,522301109,2,9,0,5,5,7,3,0,0,0,0,0,0,0,3,1,6,6,1,33,6,1248,2,17,FIAT PANDA,10,E01014869,0,-1
2023111376962,2023,111376962,1,9,0,18,19,2,6,0,0,0,0,0,0,0,1,1,6,6,1,30,6,1108,1,13,FIAT PANDA,-1,-1,0,-1
2023520301051,2023,520301051,1,9,0,18,19,1,5,0,0,8,0,0,7,10,1,1,6,6,1,75,10,1242,1,9,FIAT PANDA,5,E01029208,0,-1
2023041334765,2023,041334765,3,9,0,18,19,1,5,0,0,0,0,0,0,0,4,1,5,6,2,53,8,1242,1,15,FIAT PANDA,4,-1,0,-1
2023991313068,2023,991313068,1,9,0,18,19,8,4,0,0,0,0,0,0,0,1,1,1,1,1,51,8,1242,1,8,FIAT PANDA,-1,-1,0,-1
2023141380893,2023,141380893,1,9,0,17,19,1,5,0,0,0,1,0,1,4,1,1,2,2,2,63,9,1242,1,10,FIAT PANDA,3,E01007550,0,-1
2023430450582,2023,430450582,2,9,0,18,19,3,7,0,0,8,0,0,0,0,4,1,6,6,2,77,11,875,1,8,FIAT PANDA,6,E01028586,0,-1
2023131342373,2023,131342373,1,9,0,-1,-1,-1,-1,-1,-1,8,-1,-1,-1,0,-1,1,6,6,3,-1,-1,1242,1,18,FIAT PANDA,-1,-1,0,-1
2023501354516,2023,501354516,2,9,0,2,2,0,0,0,0,0,0,0,1,0,3,1,5,6,2,44,7,1242,1,14,FIAT PANDA,4,E01018941,0,-1
2023201285387,2023,201285387,2,9,0,9,9,6,4,0,0,5,0,0,0,0,1,1,6,6,2,18,4,1242,1,11,FIAT PANDA,5,E01008959,0,-1
2023070953269,2023,070953269,2,9,0,1,1,0,0,0,0,0,0,0,0,0,2,1,2,2,2,30,6,1242,1,19,FIAT PANDA,8,E01018609,0,-1
2023421282845,2023,421282845,2,9,0,6,6,2,5,0,0,0,0,0,0,0,3,1,1,1,2,42,7,1242,1,15,FIAT PANDA,5,E01021810,0,-1
2023461319082,2023,461319082,1,9,0,18,19,4,8,0,0,0,0,0,0,0,1,1,5,6,2,58,9,1248,2,16,FIAT PANDA,1,E01024618,0,-1
2023231374697,2023,231374697,2,9,0,9,9,2,8,0,0,2,0,0,0,0,3,1,6,6,2,28,6,1242,1,18,FIAT PANDA,6,E01031018,0,-1
2023440478238,2023,440478238,1,9,0,18,19,4,8,0,0,0,0,0,0,0,1,1,6,6,2,23,5,1248,2,14,FIAT PANDA,9,E01022564,0,-1
2023201296637,2023,201296637,2,9,0,3,3,-1,-1,0,0,0,0,0,0,0,4,1,6,6,1,55,8,1248,2,14,FIAT PANDA,6,E01010883,0,-1
2023010465093,2023,010465093,1,9,0,99,99,9,9,99,99,9,9,99,9,99,2,9,6,6,2,56,9,1242,1,14,FIAT PANDA,2,E01000014,0,-1
2023031269918,2023,031269918,1,9,0,9,9,3,6,0,0,6,0,0,0,0,3,1,5,6,1,90,11,1242,1,10,FIAT PANDA,2,E01019227,0,-1
2023201370126,2023,201370126,1,9,0,2,2,0,0,0,0,0,0,0,0,0,1,1,3,7,2,69,10,1242,1,12,FIAT PANDA,4,E01009767,0,-1
2023552300991,2023,552300991,1,9,0,9,9,6,4,0,0,6,5,0,0,0,4,1,2,2,1,42,7,1242,1,19,FIAT PANDA,2,E01029236,0,-1
2023141289226,2023,141289226,1,9,0,18,19,1,5,0,0,1,0,0,0,0,1,1,5,6,1,41,7,1242,1,8,FIAT PANDA,3,E01033274,0,-1
2023371346360,2023,371346360,2,9,0,18,19,6,2,0,0,8,0,0,0,0,3,1,5,6,2,42,7,1108,1,15,FIAT PANDA,3,E01029968,0,-1
2023061373471,2023,061373471,2,9,0,9,9,1,7,0,0,1,0,0,0,0,3,1,5,6,2,25,5,1242,1,12,FIAT PANDA,8,E01006102,0,-1
2023451362141,2023,451362141,1,9,0,18,19,5,1,0,0,0,0,0,0,0,1,1,1,1,2,22,5,1108,1,17,FIAT PANDA,9,E01031730,0,-1
2023421357687,2023,421357687,2,9,0,18,19,4,8,0,0,0,5,0,0,0,2,1,5,6,1,79,11,1242,1,12,FIAT PANDA,8,E01027070,0,-1
2023430476189,2023,430476189,1,9,0,18,19,5,3,0,0,5,0,0,0,0,1,1,6,6,1,45,7,875,1,3,FIAT PANDA,-1,-1,0,-1
2023101338813,2023,101338813,1,9,0,5,5,7,3,0,0,4,0,0,0,0,1,1,5,6,2,59,9,1242,1,9,FIAT PANDA,4,E01008174,0,-1
2023411312989,2023,411312989,2,9,0,2,2,0,0,0,0,1,0,0,0,0,2,1,5,6,3,-1,-1,1242,1,9,FIAT PANDA,-1,-1,0,-1
2023501357829,2023,501357829,1,9,0,18,19,3,7,0,0,0,0,0,0,0,1,1,6,6,1,32,6,1108,1,13,FIAT PANDA,3,E01018978,0,-1
2023221351699,2023,221351699,2,9,0,9,9,8,6,0,0,5,0,0,0,0,3,1,5,6,2,38,7,1242,1,8,FIAT PANDA,6,E01032166,0,-1
2023461380389,2023,461380389,1,9,0,18,19,1,5,0,0,0,2,0,0,0,3,1,5,6,1,55,8,1242,1,12,FIAT PANDA,6,E01024236,0,-1
2023610031423,2023,610031423,1,9,0,16,19,1,4,0,0,1,0,0,0,0,1,1,6,6,1,60,9,875,1,4,FIAT PANDA,3,W01001449,0,-1
2023552300383,2023,552300383,1,9,0,18,19,8,4,0,0,0,5,0,1,0,1,1,6,6,1,62,9,1242,1,19,FIAT PANDA,5,E01020518,0,-1
2023471361737,2023,471361737,1,9,0,17,19,7,5,0,0,0,0,0,0,0,1,1,5,6,2,79,11,1242,1,9,FIAT PANDA,8,E01017003,0,-1
2023361333711,2023,361333711,1,9,0,9,9,4,2,0,0,0,0,0,0,0,1,1,5,6,2,84,11,875,1,5,FIAT PANDA,7,E01026421,0,-1
2023501324911,2023,501324911,2,9,0,18,19,2,5,0,0,0,0,0,0,0,1,1,5,6,2,64,9,1242,1,11,FIAT PANDA,4,E01020052,0,-1
2023552301326,2023,552301326,1,9,0,18,19,2,6,0,0,0,5,0,0,0,1,1,6,6,2,77,11,1242,1,7,FIAT PANDA,4,E01015303,0,-1
2023221310826,2023,221310826,1,9,0,18,19,3,7,0,0,0,0,0,0,0,1,1,5,6,1,63,9,1242,1,9,FIAT PANDA,6,E01028885,0,-1
2023010422670,2023,010422670,2,9,0,99,99,9,9,99,99,9,9,99,9,99,9,9,6,6,3,-1,-1,1242,1,10,FIAT PANDA,-1,-1,0,-1
2023430110058,2023,430110058,2,9,0,9,9,8,6,0,0,6,0,0,0,0,3,1,6,6,2,60,9,1242,1,6,FIAT PANDA,-1,-1,0,-1
2023101280553,2023,101280553,1,9,0,18,19,7,3,0,0,2,0,0,1,0,1,1,5,6,2,22,5,1108,1,18,FIAT PANDA,-1,-1,0,-1
2023052303089,2023,052303089,3,9,0,2,2,0,0,0,0,0,0,0,0,0,4,1,6,6,3,-1,-1,1242,1,11,FIAT PANDA,-1,-1,0,-1
2023471329797,2023,471329797,1,9,0,18,19,3,7,0,0,8,0,0,0,0,1,1,5,6,1,87,11,1242,1,20,FIAT PANDA,4,E01031455,0,-1
2023411394382,2023,411394382,1,9,0,4,4,5,1,0,0,0,0,0,0,0,1,1,6,6,2,69,10,1242,1,7,FIAT PANDA,5,E01023384,0,-1
2023991325481,2023,991325481,2,9,0,18,19,5,8,0,0,8,0,0,0,0,1,1,5,6,2,62,9,1242,1,12,FIAT PANDA,3,-1,0,-1
2023461295736,2023,461295736,2,9,0,18,19,2,6,0,0,1,0,0,0,0,1,1,6,6,2,24,5,1242,1,8,FIAT PANDA,10,E01024781,0,-1
2023201413917,2023,201413917,2,9,0,2,2,0,0,0,0,0,0,4,0,0,2,1,6,6,1,32,6,1242,1,11,FIAT PANDA,10,E01009903,0,-1
2023101390380,2023,101390380,1,9,0,18,19,1,5,0,0,0,0,0,0,0,1,1,5,6,2,23,5,1108,1,14,FIAT PANDA,-1,-1,0,-1
202354C728923,2023,54C728923,5,9,0,2,2,0,0,0,0,0,0,0,0,0,2,1,6,6,2,-1,-1,1248,2,9,FIAT PANDA,-1,-1,0,-1
2023201401820,2023,201401820,2,9,0,18,19,8,4,0,0,8,0,0,0,0,1,1,6,6,1,66,10,1108,1,17,FIAT PANDA,2,E01009874,0,-1
2023010465103,2023,010465103,1,9,0,7,7,3,5,0,0,5,0,0,0,0,4,1,6,6,2,79,11,1108,1,13,FIAT PANDA,2,E01000730,0,-1
2023501281201,2023,501281201,1,9,-1,-1,-1,7,3,-1,-1,-1,-1,-1,-1,0,-1,1,6,6,2,68,10,1242,1,8,FIAT PANDA,7,E01020008,0,-1
2023221349943,2023,221349943,1,9,0,18,19,2,6,0,0,6,0,0,0,0,1,1,5,6,2,39,7,1242,1,16,FIAT PANDA,4,E01014284,0,-1
2023461386658,2023,461386658,1,9,0,18,19,1,5,0,0,0,0,4,0,0,1,1,6,6,1,-1,-1,1242,1,10,FIAT PANDA,-1,-1,0,-1
2023311307114,2023,311307114,1,9,0,18,19,1,5,0,0,8,0,0,0,0,1,2,6,6,2,57,9,1242,1,10,FIAT PANDA,5,E01028022,0,-1
2023481377458,2023,481377458,1,9,0,18,19,3,1,0,0,8,0,0,0,0,1,1,6,6,2,30,6,1108,1,17,FIAT PANDA,-1,-1,0,-1
2023451366679,2023,451366679,1,9,0,18,19,5,1,0,0,0,1,0,0,0,1,1,2,2,1,34,6,1242,1,14,FIAT PANDA,5,E01030814,0,-1
2023451265156,2023,451265156,1,9,0,18,19,3,7,0,0,0,1,0,0,0,1,1,2,2,2,46,8,1242,1,9,FIAT PANDA,9,E01030932,0,-1
2023471380571,2023,471380571,1,9,0,18,19,1,5,0,0,3,0,0,0,0,4,1,5,6,2,22,5,1108,1,13,FIAT PANDA,3,E01021178,0,-1
2023131296806,2023,131296806,2,9,0,18,19,7,3,0,0,8,0,0,0,0,3,1,5,6,1,22,5,1242,1,11,FIAT PANDA,1,E01011348,0,-1
2023141393639,2023,141393639,3,9,0,18,19,1,5,0,0,2,0,0,0,0,3,1,5,6,1,44,7,1242,1,12,FIAT PANDA,2,E01008107,0,-1
2023101361237,2023,101361237,1,9,0,17,19,1,5,0,0,0,2,10,0,0,1,1,6,6,1,88,11,1242,1,7,FIAT PANDA,4,E01027485,0,-1
2023031304876,2023,031304876,1,9,0,2,2,0,0,0,0,2,0,0,0,0,1,1,6,6,2,58,9,875,1,8,FIAT PANDA,5,E01019305,0,-1
2023451366586,2023,451366586,2,9,0,18,19,1,1,0,0,0,0,0,0,0,1,1,5,6,2,18,4,1108,1,17,FIAT PANDA,10,E01030603,0,-1
2023070926449,2023,070926449,2,9,0,3,3,7,3,0,0,1,0,0,0,0,2,1,6,6,2,78,11,1242,1,11,FIAT PANDA,2,E01012409,0,-1
2023520300857,2023,520300857,1,9,0,9,9,5,3,0,0,8,0,0,0,0,1,1,6,6,1,45,7,1242,1,9,FIAT PANDA,5,E01029255,0,-1
2023161314326,2023,161314326,3,9,0,2,2,0,0,0,0,0,0,0,0,0,2,1,5,6,1,88,11,1242,1,12,FIAT PANDA,1,E01012874,0,-1
2023070624676,2023,070624676,2,9,0,3,3,7,3,0,0,2,0,0,0,0,2,1,3,7,2,40,7,1242,1,9,FIAT PANDA,1,E01012546,0,-1
2023461337441,2023,461337441,1,9,0,18,19,-1,-1,0,0,8,0,0,0,0,1,1,6,6,2,28,6,1248,2,18,FIAT PANDA,7,E01032737,0,-1
2023421364925,2023,421364925,2,9,0,2,2,0,0,0,0,0,0,0,0,0,1,1,6,6,2,24,5,1108,1,14,FIAT PANDA,4,E01015947,0,-1
2023520300771,2023,520300771,1,9,0,18,19,4,8,0,0,0,0,0,0,0,1,1,6,6,2,70,10,1108,1,13,FIAT PANDA,5,E01029075,0,-1
2023010476774,2023,010476774,2,9,0,99,99,9,9,99,99,9,9,99,9,99,1,9,6,6,3,52,8,1108,1,17,FIAT PANDA,2,E01004251,0,-1
2023461390785,2023,461390785,1,9,0,16,19,2,1,0,0,1,0,10,3,1,1,1,5,6,2,45,7,1242,1,18,FIAT PANDA,7,E01024101,0,-1
2023471382122,2023,471382122,1,9,0,16,19,7,3,0,0,0,1,0,1,0,1,1,5,6,2,46,8,1242,1,16,FIAT PANDA,10,E01016982,0,-1
2023991383597,2023,991383597,1,9,0,17,19,6,6,0,0,0,1,0,0,0,1,1,3,7,2,43,7,1242,1,10,FIAT PANDA,5,-1,0,-1
2023471327386,2023,471327386,4,9,0,18,19,1,5,0,0,0,0,0,0,0,2,1,5,6,1,68,10,1242,1,9,FIAT PANDA,4,E01031364,0,-1
2023041392562,2023,041392562,1,9,0,18,19,1,5,0,0,0,0,7,0,0,1,1,5,6,2,77,11,1248,2,15,FIAT PANDA,8,E01024924,0,-1
2023010439857,2023,010439857,2,9,0,7,7,6,8,0,0,1,0,10,0,0,3,1,6,6,2,51,8,1108,1,13,FIAT PANDA,5,E01004647,0,-1
2023010480944,2023,010480944,2,9,0,99,99,9,9,99,99,9,9,99,9,99,1,9,6,6,3,-1,-1,1108,1,12,FIAT PANDA,-1,-1,0,-1
2023221387865,2023,221387865,2,9,0,18,19,8,4,0,0,0,0,0,0,0,1,1,6,6,1,70,10,1242,1,17,FIAT PANDA,5,E01014056,0,-1
2023351390678,2023,351390678,1,9,0,18,19,5,1,0,0,0,0,0,7,4,1,1,5,6,1,63,9,1108,1,13,FIAT PANDA,8,E01023708,0,-1
2023471316944,2023,471316944,1,9,0,1,1,3,7,0,0,0,5,0,0,0,2,1,5,6,1,42,7,1242,1,7,FIAT PANDA,7,E01031701,0,-1
2023411277030,2023,411277030,2,9,0,18,19,-1,-1,0,0,8,0,0,0,0,3,1,6,6,2,53,8,1248,2,10,FIAT PANDA,5,E01023560,0,-1
2023471319862,2023,471319862,1,9,0,18,19,1,5,0,0,8,0,0,1,10,4,1,5,6,1,77,11,1108,1,14,FIAT PANDA,6,E01017012,0,-1
2023311304411,2023,311304411,1,9,0,7,7,4,6,0,0,6,0,0,7,0,1,1,6,6,2,75,10,875,1,7,FIAT PANDA,6,E01028308,0,-1
2023471297058,2023,471297058,1,9,0,18,19,4,8,0,0,3,0,0,7,2,1,1,5,6,2,87,11,1242,1,12,FIAT PANDA,6,E01031465,0,-1
2023361311524,2023,361311524,1,9,0,-1,-1,-1,-1,-1,-1,-1,-1,-1,-1,0,-1,1,6,6,1,58,9,1242,1,17,FIAT PANDA,2,E01026633,0,-1
2023622300903,2023,622300903,1,9,0,5,5,8,4,0,0,0,0,0,0,0,4,1,6,6,1,66,10,1242,1,8,FIAT PANDA,9,W01000816,0,-1
2023991384484,2023,991384484,1,9,0,17,19,5,1,0,0,0,0,0,1,11,1,1,5,6,1,21,5,875,1,10,FIAT PANDA,8,-1,0,-1
202354A097523,2023,54A097523,1,9,0,18,19,3,7,0,0,0,0,4,0,0,1,1,6,6,1,85,11,1242,1,17,FIAT PANDA,9,E01031847,0,-1