collision_index,collision_year,collision_ref_no,vehicle_reference,vehicle_type,towing_and_articulation,vehicle_manoeuvre_historic,vehicle_manoeuvre,vehicle_direction_from,vehicle_direction_to,vehicle_location_restricted_lane_historic,vehicle_location_restricted_lane,junction_location,skidding_and_overturning,hit_object_in_carriageway,vehicle_leaving_carriageway,hit_object_off_carriageway,first_point_of_impact,vehicle_left_hand_drive,journey_purpose_of_driver_historic,journey_purpose_of_driver,sex_of_driver,age_of_driver,age_band_of_driver,engine_capacity_cc,propulsion_code,age_of_vehicle,generic_make_model,driver_imd_decile,lsoa_of_driver,escooter_flag,driver_distance_banding
2023070514020,2023,070514020,1,9,0,18,19,5,5,0,0,4,0,0,0,0,3,1,6,6,1,-1,-1,1242,1,11,FIAT PANDA,-1,-1,0,-1
2023501298897,2023,501298897,1,9,0,7,7,5,3,0,0,0,0,4,0,0,1,1,6,6,1,29,6,1242,1,8,FIAT PANDA,8,E01020066,0,-1
2023991278921,2023,991278921,2,9,0,9,9,3,1,0,0,2,2,10,1,1,2,1,5,6,1,78,11,999,1,2,FIAT PANDA,9,-1,0,-1
2023041346864,2023,041346864,3,9,0,2,2,0,0,9,9,1,0,0,0,0,2,1,6,6,3,-1,-1,1242,1,19,FIAT PANDA,-1,-1,0,-1
2023311386093,2023,311386093,2,9,0,2,2,0,0,0,0,2,0,4,1,0,2,1,6,6,3,-1,-1,1242,1,9,FIAT PANDA,-1,-1,0,-1
2023371273794,2023,371273794,1,9,0,18,19,6,2,0,0,0,0,0,0,0,3,1,6,6,1,81,11,1242,1,8,FIAT PANDA,5,E01026585,0,-1
2023471344174,2023,471344174,3,9,0,3,3,2,6,0,0,0,0,0,0,0,2,1,5,6,2,26,6,1242,1,9,FIAT PANDA,3,E01021012,0,-1
2023501288223,2023,501288223,2,9,0,18,19,7,3,0,0,0,0,0,0,0,0,1,5,6,2,18,4,1248,2,17,FIAT PANDA,4,E01018863,0,-1
2023141351874,2023,141351874,3,9,0,2,2,0,0,9,9,0,0,0,0,0,1,1,6,6,3,-1,-1,1242,1,11,FIAT PANDA,-1,-1,0,-1
2023471360334,2023,471360334,1,9,0,16,19,1,5,0,0,0,5,0,7,0,1,1,6,6,2,55,8,1242,1,18,FIAT PANDA,5,E01021084,0,-1
2023101355682,2023,101355682,2,9,0,3,3,5,1,0,0,1,0,0,0,0,2,1,5,6,1,70,10,1242,1,12,FIAT PANDA,8,E01008249,0,-1
2023131293377,2023,131293377,2,9,0,18,19,8,4,0,0,8,0,0,0,0,1,1,5,6,1,59,9,1242,1,8,FIAT PANDA,3,E01011060,0,-1
2023211332943,2023,211332943,1,9,0,18,19,6,2,0,0,0,1,10,2,10,4,1,2,2,1,72,10,1242,1,19,FIAT PANDA,1,E01010318,0,-1
2023131348891,2023,131348891,1,9,0,18,19,5,1,0,0,0,0,0,0,0,1,1,5,6,1,28,6,1242,1,12,FIAT PANDA,6,E01011518,0,-1
2023421323856,2023,421323856,3,9,0,3,3,1,5,0,0,1,0,0,0,0,0,1,6,6,2,54,8,1242,1,13,FIAT PANDA,2,E01021851,0,-1
2023440312162,2023,440312162,2,9,0,18,19,4,8,0,0,4,0,0,0,0,1,1,6,6,3,-1,-1,1368,1,13,FIAT PANDA,-1,-1,0,-1
2023201297699,2023,201297699,1,9,0,18,19,2,6,0,0,0,0,4,0,0,1,1,6,6,2,80,11,1108,1,19,FIAT PANDA,8,E01010492,0,-1
2023161356192,2023,161356192,1,9,0,18,19,5,1,0,0,0,0,0,0,0,3,1,1,1,2,52,8,875,1,0,FIAT PANDA,1,E01013312,0,-1
2023430076300,2023,430076300,1,9,0,17,19,1,6,0,0,2,0,0,1,11,1,1,6,6,1,23,5,1108,1,14,FIAT PANDA,7,E01028776,0,-1
2023991338012,2023,991338012,1,9,0,12,12,3,7,0,0,0,0,0,0,0,3,1,2,2,1,31,6,1242,1,9,FIAT PANDA,1,-1,0,-1
2023631317210,2023,631317210,2,9,0,4,4,7,5,0,0,0,0,0,0,0,1,1,6,6,1,67,10,1242,1,11,FIAT PANDA,8,W01000547,0,-1
2023440452128,2023,440452128,1,9,0,18,19,3,7,0,0,8,1,0,1,1,3,1,6,6,1,80,11,1242,1,5,FIAT PANDA,10,E01022731,0,-1
2023031380171,2023,031380171,1,9,0,18,19,3,7,0,0,0,1,0,1,4,1,1,5,6,1,19,4,1242,1,15,FIAT PANDA,8,E01010907,0,-1
2023991335474,2023,991335474,1,9,0,17,19,2,7,0,0,0,0,0,0,0,1,1,5,6,2,18,4,1242,1,12,FIAT PANDA,4,-1,0,-1
2023440024175,2023,440024175,1,9,0,7,7,7,1,0,0,6,0,0,0,0,0,1,6,6,2,80,11,1242,1,4,FIAT PANDA,5,E01017055,0,-1
2023461375998,2023,461375998,2,9,0,3,3,8,8,0,0,0,0,4,0,0,2,1,6,6,2,67,10,1108,1,14,FIAT PANDA,7,E01024689,0,-1
2023371355281,2023,371355281,1,9,0,5,5,5,2,0,0,0,0,0,0,0,1,1,5,6,2,75,10,1108,1,13,FIAT PANDA,9,E01033450,0,-1
2023070076834,2023,070076834,1,9,0,5,5,2,7,0,0,1,0,0,0,0,1,1,6,6,2,87,11,1108,1,14,FIAT PANDA,3,E01012391,0,-1
2023501353112,2023,501353112,3,9,0,2,2,0,0,0,0,0,0,0,0,0,1,1,5,6,3,47,8,1108,1,14,FIAT PANDA,-1,-1,0,-1
2023552400092,2023,552400092,1,9,0,18,19,4,8,0,0,0,0,0,0,0,1,1,3,7,2,57,9,1248,2,15,FIAT PANDA,5,E01015345,0,-1
2023622300980,2023,622300980,1,9,0,5,5,3,7,0,0,4,0,0,0,0,1,1,6,6,2,54,8,1108,1,19,FIAT PANDA,2,W01000895,0,-1
2023471337958,2023,471337958,3,9,0,16,19,3,7,0,0,0,0,0,0,0,4,1,1,1,1,65,9,875,1,7,FIAT PANDA,6,E01021070,0,-1
2023552300130,2023,552300130,1,9,0,5,5,7,2,0,0,4,0,0,0,0,1,1,6,6,1,71,10,1242,1,6,FIAT PANDA,3,E01015426,0,-1
2023501319289,2023,501319289,2,9,0,2,2,0,0,0,0,1,0,4,1,11,3,1,6,6,2,74,10,1242,1,15,FIAT PANDA,4,E01015269,0,-1
2023501370055,2023,501370055,1,9,0,18,19,2,6,0,0,8,0,0,0,0,1,1,6,6,2,56,9,1242,1,9,FIAT PANDA,5,E01018921,0,-1
2023471294749,2023,471294749,2,9,0,9,9,4,2,0,0,0,0,0,0,0,2,1,6,6,1,75,10,1242,1,12,FIAT PANDA,8,E01021134,0,-1
2023430502432,2023,430502432,2,9,0,13,13,4,8,0,0,0,0,0,0,0,2,1,6,6,1,60,9,1108,1,14,FIAT PANDA,-1,-1,0,-1
2023501281020,2023,501281020,1,9,0,3,3,7,3,0,0,0,0,0,0,0,1,1,5,6,1,93,11,1242,1,10,FIAT PANDA,6,E01018764,0,-1
2023501367495,2023,501367495,1,9,0,7,7,8,3,0,0,6,0,0,0,0,2,1,6,6,1,42,7,1248,2,15,FIAT PANDA,5,E01019950,0,-1
2023501303089,2023,501303089,1,9,0,18,19,1,5,0,0,0,0,0,0,0,1,1,6,6,2,47,8,1242,1,13,FIAT PANDA,6,E01019058,0,-1
2023170S22193,2023,170S22193,1,9,0,18,19,2,6,0,0,0,0,7,0,0,1,1,6,6,1,79,11,1242,1,14,FIAT PANDA,3,E01012214,0,-1
2023461387519,2023,461387519,1,9,0,18,19,3,7,0,0,1,0,0,0,0,1,1,6,6,2,71,10,1242,1,17,FIAT PANDA,6,E01024655,0,-1
2023520301033,2023,520301033,2,9,0,18,19,7,3,0,0,8,0,0,1,11,1,1,6,6,1,19,4,1108,1,13,FIAT PANDA,7,E01029055,0,-1
2023010419504,2023,010419504,2,9,0,99,99,9,9,99,99,9,9,99,9,99,9,9,6,6,3,-1,-1,1242,1,6,FIAT PANDA,-1,-1,0,-1
2023071239765,2023,071239765,4,9,0,4,4,6,2,0,0,0,0,0,0,0,1,1,6,6,2,38,7,1242,1,7,FIAT PANDA,-1,-1,0,-1
2023061297278,2023,061297278,2,9,0,4,4,5,1,0,0,1,0,0,0,0,2,1,5,6,2,18,4,1108,1,16,FIAT PANDA,9,E01006204,0,-1
2023031347288,2023,031347288,1,9,0,18,19,1,5,0,0,1,0,0,0,0,1,1,5,6,1,80,11,1248,2,6,FIAT PANDA,9,E01019085,0,-1
2023131282035,2023,131282035,1,9,0,9,9,5,1,0,0,6,0,0,0,0,1,1,5,6,1,64,9,999,1,1,FIAT PANDA,2,E01011915,0,-1
2023010446775,2023,010446775,2,9,0,99,99,9,9,99,99,9,9,99,9,99,1,9,6,6,3,-1,-1,1242,1,11,FIAT PANDA,-1,-1,0,-1
2023421389365,2023,421389365,2,9,0,18,19,3,6,0,0,1,0,0,0,0,1,1,6,6,1,28,6,1242,1,9,FIAT PANDA,3,E01033722,0,-1
2023991379421,2023,991379421,1,9,0,4,4,4,8,0,0,0,0,0,0,0,1,1,6,6,2,78,11,1242,1,8,FIAT PANDA,5,-1,0,-1
2023010453717,2023,010453717,2,9,0,18,19,3,7,0,0,0,0,0,0,0,3,1,6,6,1,52,8,1242,1,12,FIAT PANDA,3,E01004391,0,-1
2023991345106,2023,991345106,2,9,0,4,4,7,3,0,0,0,5,2,0,0,2,1,5,6,1,81,11,1108,1,19,FIAT PANDA,2,-1,0,-1
2023461380398,2023,461380398,1,9,0,18,19,3,3,0,0,2,0,4,0,0,1,1,2,2,2,28,6,1108,1,14,FIAT PANDA,4,E01024219,0,-1
2023991392252,2023,991392252,1,9,0,18,19,7,3,0,0,1,0,0,0,0,1,1,6,6,1,18,4,1108,1,13,FIAT PANDA,3,-1,0,-1
2023421370358,2023,421370358,1,9,0,18,19,1,5,0,0,0,0,0,0,0,1,1,2,2,1,33,6,1242,1,14,FIAT PANDA,3,E01004411,0,-1
2023461303849,2023,461303849,2,9,0,18,19,4,8,0,0,1,0,0,0,0,3,1,6,6,1,30,6,1108,1,14,FIAT PANDA,4,E01024742,0,-1
2023461271748,2023,461271748,1,9,0,9,9,5,3,0,0,0,0,0,0,0,1,1,6,6,2,78,11,1242,1,8,FIAT PANDA,7,E01024009,0,-1
2023131279310,2023,131279310,3,9,0,18,19,1,5,0,0,4,0,0,0,0,0,1,6,6,3,-1,-1,1242,1,12,FIAT PANDA,-1,-1,0,-1
2023031335821,2023,031335821,3,9,0,2,2,0,0,0,0,0,0,4,0,0,3,1,6,6,3,-1,-1,1242,1,8,FIAT PANDA,-1,-1,0,-1
2023041388834,2023,041388834,2,9,0,18,19,3,7,0,0,0,0,0,1,7,3,1,6,6,1,19,4,1248,2,13,FIAT PANDA,5,E01025190,0,-1
2023070006348,2023,070006348,1,9,0,18,19,5,1,0,0,1,0,0,0,0,1,1,6,6,2,52,8,1242,1,12,FIAT PANDA,2,E01018498,0,-1
2023991360418,2023,991360418,1,9,0,4,4,2,6,0,0,1,5,10,0,0,1,1,5,6,1,29,6,1108,1,13,FIAT PANDA,4,-1,0,-1
2023991333647,2023,991333647,1,9,0,5,5,7,6,0,0,8,1,0,0,0,3,1,6,6,2,75,10,1242,1,11,FIAT PANDA,6,-1,0,-1
2023411377652,2023,411377652,1,9,0,9,9,6,3,0,0,4,0,0,0,0,1,1,5,6,2,82,11,1242,1,8,FIAT PANDA,9,E01023917,0,-1
2023131348009,2023,131348009,2,9,0,2,2,0,0,9,9,8,0,0,0,0,2,1,5,6,2,74,10,999,1,3,FIAT PANDA,5,E01004888,0,-1
2023161367425,2023,161367425,1,9,0,18,19,5,1,0,0,0,0,0,1,10,1,1,2,2,2,27,6,1108,1,14,FIAT PANDA,4,E01012981,0,-1
2023991283818,2023,991283818,2,9,0,2,2,6,2,0,0,2,0,0,0,0,2,1,6,6,3,-1,-1,1108,1,13,FIAT PANDA,-1,-1,0,-1
2023201318613,2023,201318613,1,9,0,5,5,6,7,0,0,0,0,0,0,0,3,1,5,6,1,83,11,1242,1,8,FIAT PANDA,3,E01010218,0,-1
2023610042623,2023,610042623,1,9,0,18,19,2,6,0,0,0,0,0,0,0,4,1,6,6,2,52,8,1242,1,8,FIAT PANDA,10,W01001585,0,-1
2023141281072,2023,141281072,1,9,0,7,7,6,8,0,0,3,0,10,5,4,1,1,5,6,1,17,4,1242,1,15,FIAT PANDA,3,E01007465,0,-1
2023351379894,2023,351379894,1,9,0,18,19,1,5,0,0,0,0,12,-1,0,1,1,6,6,3,-1,-1,1242,1,14,FIAT PANDA,-1,-1,0,-1
2023041373476,2023,041373476,1,9,0,11,11,1,5,0,0,8,0,0,0,0,1,1,6,6,1,33,6,1248,2,16,FIAT PANDA,1,E01012735,0,-1
2023221262334,2023,221262334,1,9,0,18,19,5,1,0,0,0,0,0,0,0,4,1,6,6,2,69,10,1108,1,13,FIAT PANDA,10,E01032148,0,-1
2023501324804,2023,501324804,1,9,0,18,19,7,3,0,0,0,0,0,1,11,1,1,5,6,1,58,9,1248,2,17,FIAT PANDA,3,E01019008,0,-1
2023451322313,2023,451322313,2,9,0,4,4,1,3,0,0,1,0,0,0,0,1,1,6,6,2,83,11,1242,1,17,FIAT PANDA,5,E01030724,0,-1
2023430493493,2023,430493493,2,9,0,18,19,4,8,0,0,6,0,0,0,0,3,1,6,6,1,-1,-1,1242,1,17,FIAT PANDA,-1,-1,0,-1
2023052302846,2023,052302846,2,9,0,2,2,0,0,0,0,0,0,0,0,0,2,1,6,6,1,24,5,1242,1,16,FIAT PANDA,10,E01007259,0,-1
2023052301250,2023,052301250,2,9,0,18,19,5,1,0,0,1,0,0,0,0,1,1,6,6,2,21,5,999,1,29,FIAT PANDA,6,E01006371,0,-1
2023522300680,2023,522300680,1,9,0,2,2,0,0,0,0,0,0,0,0,0,2,1,6,6,2,-1,-1,1242,1,9,FIAT PANDA,-1,-1,0,-1
2023471351355,2023,471351355,2,9,0,18,19,6,2,0,0,1,0,0,0,0,1,1,5,6,1,79,11,1108,1,16,FIAT PANDA,6,E01021021,0,-1
2023101360427,2023,101360427,1,9,0,9,9,1,6,0,0,8,0,0,0,0,1,1,5,6,2,58,9,1242,1,12,FIAT PANDA,7,E01008360,0,-1
2023161317831,2023,161317831,1,9,0,2,2,0,0,0,0,0,0,0,0,0,3,1,6,6,3,-1,-1,1108,1,19,FIAT PANDA,-1,-1,0,-1
2023631328359,2023,631328359,1,9,0,5,5,5,3,0,0,8,0,0,0,0,3,1,5,6,2,18,4,1242,1,9,FIAT PANDA,6,W01000579,0,-1
2023991374989,2023,991374989,1,9,0,18,19,6,2,0,0,8,1,11,0,0,1,1,2,2,2,47,8,1242,1,12,FIAT PANDA,6,-1,0,-1
2023461341158,2023,461341158,1,9,0,18,19,1,5,0,0,1,0,0,0,0,4,1,6,6,2,26,6,1242,1,13,FIAT PANDA,7,E01024712,0,-1
2023141287101,2023,141287101,2,9,0,18,19,5,1,0,0,2,0,0,1,0,4,1,5,6,2,50,8,1108,1,14,FIAT PANDA,6,E01007408,0,-1
2023440187912,2023,440187912,2,9,0,9,9,7,5,0,0,6,0,0,0,0,3,1,6,6,1,82,11,1242,1,4,FIAT PANDA,10,E01022741,0,-1
2023221274251,2023,221274251,1,9,0,18,19,2,6,0,0,2,0,0,0,0,1,1,5,6,2,20,4,1108,1,14,FIAT PANDA,7,E01014112,0,-1
2023471383807,2023,471383807,1,9,0,9,9,6,2,0,0,2,0,0,0,0,4,1,5,6,2,18,4,1242,1,13,FIAT PANDA,7,E01021088,0,-1
2023520300872,2023,520300872,2,9,0,18,19,5,1,0,0,8,0,0,0,0,1,1,6,6,2,67,10,1242,1,11,FIAT PANDA,6,E01029290,0,-1
2023010485635,2023,010485635,2,9,0,9,9,1,6,0,0,1,0,0,0,0,1,1,6,6,1,59,9,1242,1,17,FIAT PANDA,8,E01030333,0,-1
2023351281574,2023,351281574,3,9,0,18,19,6,2,0,0,1,0,0,0,0,3,1,6,6,1,79,11,1242,1,19,FIAT PANDA,9,E01018307,0,-1
2023501271152,2023,501271152,1,9,0,9,9,7,4,0,0,6,0,0,0,0,4,1,5,6,1,76,11,875,1,5,FIAT PANDA,6,E01019936,0,-1
2023070456298,2023,070456298,2,9,0,18,19,2,6,0,0,1,5,0,0,0,1,1,6,6,1,60,9,1242,1,6,FIAT PANDA,3,E01028880,0,-1
2023991387946,2023,991387946,1,9,0,18,19,3,7,0,0,1,0,0,0,0,4,1,5,6,2,57,9,1242,1,9,FIAT PANDA,4,-1,0,-1
2023520301008,2023,520301008,1,9,0,18,19,5,1,0,0,8,0,0,0,0,1,1,6,6,1,51,8,1108,1,16,FIAT PANDA,6,E01029221,0,-1
2023122300656,2023,122300656,1,9,0,10,10,5,1,0,0,1,0,0,0,0,1,1,6,6,2,32,6,1108,1,15,FIAT PANDA,1,E01027819,0,-1
2023041375874,2023,041375874,1,9,0,18,19,1,5,0,0,0,0,0,0,0,1,1,2,2,1,24,5,1242,1,16,FIAT PANDA,5,E01025431,0,-1
2023131320105,2023,131320105,1,9,0,9,9,5,3,0,0,0,0,0,0,0,3,1,5,6,2,76,11,1108,1,14,FIAT PANDA,4,E01010978,0,-1
2023010427178,2023,010427178,2,9,0,99,99,9,9,99,99,9,9,99,9,99,9,9,6,6,3,58,9,1242,1,8,FIAT PANDA,5,E01004517,0,-1
2023041306782,2023,041306782,1,9,0,18,19,1,5,0,0,1,0,0,0,0,4,1,5,6,2,64,9,1242,1,10,FIAT PANDA,9,E01025148,0,-1
2023111298937,2023,111298937,2,9,0,18,19,4,8,0,0,3,0,0,0,0,4,1,5,6,2,87,11,1242,1,10,FIAT PANDA,9,E01020628,0,-1
2023451262222,2023,451262222,1,9,0,18,19,1,5,0,0,0,0,11,4,6,1,1,6,6,2,30,6,1242,1,11,FIAT PANDA,8,E01003001,0,-1
2023421279886,2023,421279886,1,9,0,5,5,1,6,0,0,6,0,0,0,0,1,1,5,6,1,84,11,1242,1,8,FIAT PANDA,5,E01021768,0,-1
2023340NN4312,2023,340NN4312,1,9,0,18,19,8,4,0,0,0,0,0,0,0,1,1,6,6,2,75,10,875,1,10,FIAT PANDA,-1,-1,0,-1
2023302300582,2023,302300582,1,9,0,9,9,7,5,0,0,2,0,0,0,0,1,1,6,6,1,61,9,1242,1,19,FIAT PANDA,2,E01013552,0,-1
2023471385342,2023,471385342,2,9,0,2,2,0,0,9,9,0,0,0,0,0,1,1,6,6,3,-1,-1,1108,1,16,FIAT PANDA,-1,-1,0,-1
2023451299115,2023,451299115,2,9,0,18,19,7,3,0,0,0,0,0,0,0,3,1,5,6,2,69,10,1242,1,8,FIAT PANDA,8,E01030668,0,-1
2023411303081,2023,411303081,1,9,0,18,19,4,8,0,0,0,5,0,7,0,1,1,5,6,1,43,7,1242,1,6,FIAT PANDA,8,E01023576,0,-1
2023201409794,2023,201409794,1,9,0,18,19,1,3,0,0,2,0,0,0,0,1,1,6,6,1,31,6,1242,1,12,FIAT PANDA,5,E01032411,0,-1
2023010435556,2023,010435556,2,9,9,18,19,5,1,0,0,1,9,0,9,99,9,1,6,6,3,-1,-1,1242,1,14,FIAT PANDA,-1,-1,0,-1
2023451359717,2023,451359717,1,9,0,3,3,5,1,0,0,4,0,0,0,0,2,1,2,2,1,34,6,1242,1,9,FIAT PANDA,4,E01031657,0,-1
2023531258726,2023,531258726,1,9,0,9,9,6,2,0,0,8,0,0,0,0,1,1,5,6,2,57,9,1242,1,8,FIAT PANDA,4,E01022399,0,-1
2023101366685,2023,101366685,1,9,0,17,19,8,5,0,0,0,1,0,2,0,1,1,5,6,2,38,7,1242,1,9,FIAT PANDA,4,E01008162,0,-1
2023031385161,2023,031385161,1,9,0,16,19,5,1,0,0,0,1,0,1,0,4,1,6,6,2,21,5,1242,1,17,FIAT PANDA,4,E01019389,0,-1
2023161356447,2023,161356447,1,9,0,3,3,5,2,0,0,0,0,0,0,0,2,1,5,6,1,45,7,1108,1,13,FIAT PANDA,5,E01012964,0,-1
2023461382775,2023,461382775,2,9,0,4,4,1,4,0,0,0,0,0,0,0,2,1,1,1,2,35,6,1248,2,9,FIAT PANDA,6,E01024556,0,-1
2023161389417,2023,161389417,4,9,0,2,2,0,0,0,0,0,0,0,0,0,1,1,6,6,3,-1,-1,1242,1,12,FIAT PANDA,-1,-1,0,-1
2023031324573,2023,031324573,1,9,0,5,5,7,3,0,0,6,0,0,0,0,1,1,5,6,1,38,7,1242,1,4,FIAT PANDA,10,E01021545,0,-1
2023501313047,2023,501313047,1,9,0,5,5,5,3,0,0,0,0,0,0,0,1,1,6,6,2,44,7,1248,2,17,FIAT PANDA,2,E01019076,0,-1
2023010445330,2023,010445330,1,9,0,5,5,1,5,0,0,1,0,0,0,0,1,1,6,6,1,41,7,1108,1,14,FIAT PANDA,1,E01000858,0,-1
2023332301225,2023,332301225,1,9,0,18,19,5,1,0,0,8,1,10,0,0,3,1,6,6,2,75,10,875,1,8,FIAT PANDA,10,E01025797,0,-1
2023471368183,2023,471368183,3,9,0,2,2,0,0,0,0,2,0,0,0,0,1,1,6,6,3,-1,-1,875,1,4,FIAT PANDA,-1,-1,0,-1
2023991324191,2023,991324191,1,9,0,6,6,1,1,0,0,0,0,0,0,0,3,1,2,2,1,60,9,1108,1,18,FIAT PANDA,2,-1,0,-1
2023631331934,2023,631331934,1,9,0,18,19,1,5,0,0,0,1,0,0,0,1,1,6,6,2,53,8,1242,1,11,FIAT PANDA,1,W01001301,0,-1
2023122301399,2023,122301399,2,9,0,18,19,7,3,0,0,0,5,0,7,0,3,1,6,6,2,61,9,1108,1,14,FIAT PANDA,3,E01013447,0,-1
2023440263369,2023,440263369,2,9,0,18,19,2,6,0,0,1,0,0,0,0,4,1,6,6,2,39,7,1242,1,7,FIAT PANDA,1,E01015546,0,-1
2023302300257,2023,302300257,2,9,0,18,19,6,2,0,0,8,2,0,1,9,4,1,6,6,2,36,7,1242,1,4,FIAT PANDA,3,E01028229,0,-1
2023501274902,2023,501274902,1,9,0,17,19,4,8,0,0,0,2,0,0,0,4,1,6,6,1,20,4,1242,1,16,FIAT PANDA,9,E01020090,0,-1
2023461368784,2023,461368784,1,9,0,18,19,3,7,0,0,0,0,0,0,0,0,1,6,6,1,18,4,1242,1,17,FIAT PANDA,9,E01016176,0,-1
2023471330359,2023,471330359,1,9,0,9,9,1,7,0,0,2,0,0,0,0,3,1,5,6,2,47,8,1108,1,17,FIAT PANDA,3,E01031791,0,-1
2023302301511,2023,302301511,1,9,0,17,19,2,8,0,0,0,1,0,0,0,1,1,6,6,1,19,4,1242,1,12,FIAT PANDA,7,E01019711,0,-1
2023451278000,2023,451278000,1,9,0,18,19,5,1,0,0,0,0,0,0,0,1,1,6,6,2,49,8,1242,1,8,FIAT PANDA,8,E01030544,0,-1
2023451342044,2023,451342044,1,9,0,3,3,4,8,0,0,0,0,0,0,0,2,1,5,6,2,26,6,1242,1,9,FIAT PANDA,2,E01027105,0,-1
202360A190509,2023,60A190509,1,9,0,9,9,5,3,8,6,6,0,0,1,10,1,1,2,2,1,85,11,1242,1,14,FIAT PANDA,-1,-1,0,-1
2023320104194,2023,320104194,1,9,0,9,9,8,6,0,0,8,0,0,0,0,4,1,6,6,1,79,11,1242,1,15,FIAT PANDA,2,E01026050,0,-1
2023211380359,2023,211380359,1,9,0,18,19,7,5,0,0,1,0,0,0,0,1,1,6,6,2,24,5,1242,1,6,FIAT PANDA,2,E01014337,0,-1
2023501266432,2023,501266432,2,9,0,18,19,7,3,0,0,1,0,0,0,0,1,1,6,6,2,73,10,1242,1,6,FIAT PANDA,6,E01020059,0,-1
2023461279641,2023,461279641,3,9,0,18,19,7,3,0,0,0,0,0,0,0,2,1,6,6,2,-1,-1,1242,1,17,FIAT PANDA,8,E01024721,0,-1
2023111307813,2023,111307813,1,9,0,18,19,5,1,0,0,1,0,0,0,0,1,1,6,6,3,30,6,1242,1,14,FIAT PANDA,-1,-1,0,-1
2023010462104,2023,010462104,3,9,0,2,2,0,0,0,0,1,0,0,0,0,2,2,6,6,3,-1,-1,1242,1,16,FIAT PANDA,-1,-1,0,-1
2023031292640,2023,031292640,1,9,0,18,19,1,5,0,0,0,0,0,7,0,1,1,5,6,1,18,4,1242,1,18,FIAT PANDA,6,E01019398,0,-1
2023631369962,2023,631369962,2,9,0,17,19,5,1,0,0,0,0,0,0,0,3,1,5,6,2,81,11,1242,1,8,FIAT PANDA,6,W01000540,0,-1
2023501365639,2023,501365639,1,9,0,9,9,8,4,0,0,1,0,0,0,0,1,1,5,6,1,59,9,1242,1,19,FIAT PANDA,3,E01018809,0,-1
2023201285330,2023,201285330,1,9,0,12,12,6,2,0,0,8,0,0,0,0,3,1,2,2,2,28,6,1242,1,5,FIAT PANDA,2,E01009505,0,-1
2023231324319,2023,231324319,2,9,0,2,2,0,0,9,9,8,0,0,0,0,1,1,6,6,3,-1,-1,1242,1,12,FIAT PANDA,-1,-1,0,-1
2023010437970,2023,010437970,1,9,0,18,19,1,5,0,0,0,0,0,1,0,1,1,2,2,2,48,8,1242,1,12,FIAT PANDA,3,E01032581,0,-1
2023451363133,2023,451363133,1,5,0,13,13,1,5,0,0,2,0,0,1,0,1,1,5,6,1,35,6,1801,1,7,-1,8,E01030538,0,-1
2023520301524,2023,520301524,1,3,0,18,19,3,7,0,0,0,0,0,0,0,1,1,6,6,1,23,5,124,1,14,-1,-1,-1,0,-1
2023101288428,2023,101288428,4,9,0,16,19,1,5,0,0,1,0,0,0,0,1,1,6,6,1,64,9,2925,2,1,-1,8,E01008560,0,-1
2023451328726,2023,451328726,1,9,0,16,19,5,1,0,0,8,0,0,0,0,2,1,5,6,2,48,8,2925,2,1,-1,10,E01030596,0,-1
202363C021323,2023,63C021323,2,9,0,10,10,5,3,0,0,8,0,0,0,0,2,1,6,6,1,67,10,2987,2,10,-1,7,W01000562,0,-1
2023451344887,2023,451344887,1,9,0,16,19,1,5,0,0,1,0,0,0,0,1,1,5,6,2,57,9,1998,1,8,-1,9,E01030492,0,-1
2023340WN2912,2023,340WN2912,1,9,0,11,11,2,6,0,0,5,1,0,1,4,1,1,6,6,2,34,6,1496,2,9,-1,6,E01032977,0,-1
2023311351555,2023,311351555,2,9,0,5,5,4,8,9,9,0,0,0,0,0,3,1,1,1,2,56,9,1998,1,8,-1,2,E01013899,0,-1
2023201277775,2023,201277775,3,9,0,18,19,4,8,0,0,1,0,0,0,0,1,1,6,6,2,45,7,1995,2,9,-1,6,E01031022,0,-1
2023991337270,2023,991337270,1,9,0,7,7,5,7,0,0,8,0,0,1,0,1,1,5,6,2,44,7,1995,2,7,-1,1,-1,0,-1
2023131311186,2023,131311186,2,9,0,2,2,0,0,9,9,8,0,0,0,0,1,1,6,6,3,-1,-1,1496,2,9,-1,-1,-1,0,-1
2023320270149,2023,320270149,2,9,0,18,19,4,8,0,0,0,0,0,1,0,3,1,6,6,2,59,9,1499,1,8,-1,-1,-1,0,-1
2023361378622,2023,361378622,2,9,0,4,4,1,5,0,0,0,0,0,0,0,1,1,6,6,2,25,5,1995,2,9,-1,4,E01026728,0,-1
2023520300601,2023,520300601,1,9,0,18,19,8,4,0,0,0,0,4,0,0,1,1,6,6,1,78,11,1098,1,-1,-1,3,E01029041,0,-1
2023461326051,2023,461326051,1,9,0,16,19,7,3,0,0,0,1,0,1,0,1,1,6,6,1,20,4,948,1,-1,-1,6,E01024038,0,-1
2023531333847,2023,531333847,2,9,0,3,3,2,6,0,0,0,0,0,0,0,2,1,5,6,1,64,9,1098,1,52,-1,5,E01022459,0,-1
2023010455261,2023,010455261,1,9,0,18,19,3,7,0,0,0,0,7,0,0,4,2,6,6,1,83,11,1275,1,58,-1,-1,-1,0,-1