collision_index,collision_year,collision_ref_no,vehicle_reference,vehicle_type,towing_and_articulation,vehicle_manoeuvre_historic,vehicle_manoeuvre,vehicle_direction_from,vehicle_direction_to,vehicle_location_restricted_lane_historic,vehicle_location_restricted_lane,junction_location,skidding_and_overturning,hit_object_in_carriageway,vehicle_leaving_carriageway,hit_object_off_carriageway,first_point_of_impact,vehicle_left_hand_drive,journey_purpose_of_driver_historic,journey_purpose_of_driver,sex_of_driver,age_of_driver,age_band_of_driver,engine_capacity_cc,propulsion_code,age_of_vehicle,generic_make_model,driver_imd_decile,lsoa_of_driver,escooter_flag,driver_distance_banding
2023361259788,2023,361259788,1,19,0,13,13,6,2,0,0,0,0,0,0,0,4,1,1,1,1,36,7,2488,2,9,-1,8,E01026558,0,-1
2023991373182,2023,991373182,3,19,0,18,19,6,6,0,0,0,0,0,1,0,1,1,1,1,1,60,9,2488,2,9,-1,2,-1,0,-1
2023991356506,2023,991356506,2,20,0,18,19,3,7,0,0,0,0,0,0,0,1,1,1,1,1,50,8,2488,2,8,-1,3,-1,0,-1
2023010437138,2023,010437138,3,19,0,18,19,1,5,0,0,0,0,0,0,0,4,1,1,1,1,40,7,2953,2,5,-1,2,E01000018,0,-1
2023501357871,2023,501357871,2,19,0,2,2,0,0,0,0,0,0,0,0,0,1,1,6,6,3,-1,-1,2953,2,6,-1,-1,-1,0,-1
2023991306461,2023,991306461,1,19,0,7,7,2,1,0,0,7,0,0,0,0,4,1,2,2,1,52,8,2953,2,6,-1,7,-1,0,-1
2023421321151,2023,421321151,1,19,0,18,19,5,1,0,0,0,0,0,0,0,4,1,6,6,1,22,5,2488,2,6,-1,-1,-1,0,-1
2023010471000,2023,010471000,1,19,0,4,4,7,3,0,0,1,0,0,1,4,1,1,1,1,1,45,7,2953,2,6,-1,3,E01003602,0,-1
2023520001032,2023,520001032,5,19,0,4,4,3,7,0,0,0,0,0,0,0,2,1,6,6,1,69,10,2953,2,6,-1,6,E01032519,0,-1
2023451323800,2023,451323800,3,19,0,4,4,7,3,0,0,1,0,0,0,0,3,1,2,2,1,55,8,2488,2,7,-1,8,E01030908,0,-1
2023010458236,2023,010458236,1,3,0,13,13,3,7,0,0,0,1,0,0,0,4,1,6,6,1,64,9,150,1,21,-1,10,E01030811,0,-1
2023141313864,2023,141313864,2,9,0,18,19,4,8,0,0,8,0,0,0,0,1,1,2,2,2,55,8,1984,1,3,SKODA KODIAQ,10,E01007923,0,-1
2023430090319,2023,430090319,1,9,0,8,8,5,7,0,0,1,0,0,0,0,2,1,6,6,2,32,6,1968,2,4,SKODA KODIAQ,9,E01017825,0,-1
2023070230100,2023,070230100,2,9,0,4,4,3,7,0,0,0,0,2,0,0,2,1,6,6,1,43,7,1498,1,1,SKODA KODIAQ,4,E01005816,0,-1
2023430137997,2023,430137997,1,8,0,17,19,5,2,0,0,0,0,0,0,0,1,1,1,1,1,65,9,1984,1,1,-1,2,E01017709,0,-1
2023461364617,2023,461364617,5,9,0,18,19,-1,-1,0,0,8,0,0,0,0,3,1,5,6,1,32,6,1984,1,0,SKODA KODIAQ,6,E01024432,0,-1
2023010441219,2023,010441219,1,9,0,99,99,9,9,99,99,9,9,99,9,99,1,9,6,6,1,40,7,1498,1,4,SKODA KODIAQ,2,E01004223,0,-1
2023041356640,2023,041356640,1,9,0,18,19,2,8,0,0,0,0,0,7,11,1,1,6,6,1,74,10,1984,1,4,SKODA KODIAQ,6,E01006949,0,-1
2023991388290,2023,991388290,1,9,0,9,9,4,2,0,0,0,0,0,0,0,3,1,6,6,1,56,9,1498,1,2,SKODA KODIAQ,4,-1,0,-1
2023122301194,2023,122301194,1,9,0,16,19,2,5,0,0,0,1,0,7,9,1,1,6,6,1,35,6,1395,1,5,SKODA KODIAQ,3,E01004590,0,-1
2023471324218,2023,471324218,2,9,0,18,19,3,7,0,0,1,0,10,1,0,3,1,5,6,1,80,11,1395,1,6,SKODA KODIAQ,4,E01031628,0,-1
2023302300816,2023,302300816,3,9,0,18,19,4,8,0,0,0,0,0,2,11,3,1,6,6,1,61,9,1968,2,2,SKODA KODIAQ,7,E01019771,0,-1
2023501294678,2023,501294678,1,9,0,17,19,1,5,0,0,1,5,0,7,10,4,1,6,6,2,37,7,1395,1,6,SKODA KODIAQ,-1,-1,0,-1
2023522400170,2023,522400170,1,9,0,18,19,1,5,0,0,0,0,0,0,0,2,1,6,6,1,61,9,1498,1,0,SKODA KODIAQ,5,E01029268,0,-1
2023501324655,2023,501324655,2,9,0,18,19,4,8,0,0,0,0,0,0,0,2,1,5,6,2,29,6,1968,2,6,SKODA KODIAQ,5,E01019886,0,-1
2023411394222,2023,411394222,1,9,0,4,4,1,5,0,0,4,0,0,0,0,2,1,6,6,1,47,8,1984,1,5,SKODA KODIAQ,9,E01023747,0,-1
2023361361138,2023,361361138,1,8,0,14,14,1,5,0,0,2,0,0,0,0,1,1,1,1,1,58,9,1984,1,0,-1,4,E01026729,0,-1
2023041341100,2023,041341100,1,9,0,18,19,3,7,0,0,0,0,0,0,0,4,1,6,6,1,58,9,1968,2,2,SKODA KODIAQ,10,E01025341,0,-1
2023302300627,2023,302300627,1,9,0,5,5,5,1,0,0,4,0,0,0,0,2,1,1,1,2,49,8,1968,2,5,SKODA KODIAQ,2,E01019799,0,-1
2023351289108,2023,351289108,1,9,0,18,19,8,4,0,0,8,0,0,0,0,1,1,6,6,1,39,7,1968,2,6,SKODA KODIAQ,8,E01014167,0,-1
2023201325768,2023,201325768,1,9,0,18,19,7,3,0,0,1,0,0,0,0,0,1,6,6,2,44,7,1395,1,6,SKODA KODIAQ,6,E01032462,0,-1
2023010479875,2023,010479875,2,9,0,99,99,9,9,99,99,9,9,99,9,99,0,9,6,6,3,38,7,1395,1,6,SKODA KODIAQ,5,E01032803,0,-1
2023010463536,2023,010463536,3,9,0,3,3,3,7,0,0,0,0,0,0,0,3,1,6,6,2,52,8,1498,1,1,SKODA KODIAQ,1,E01001562,0,-1
2023991369135,2023,991369135,1,9,0,9,9,7,5,0,0,0,0,0,1,0,2,1,5,6,1,33,6,1498,1,4,SKODA KODIAQ,-1,-1,0,-1
2023461324038,2023,461324038,2,9,0,16,19,4,8,0,0,0,5,0,8,4,1,1,6,6,1,45,7,1498,1,3,SKODA KODIAQ,7,E01001610,0,-1
2023010483577,2023,010483577,3,9,0,7,7,1,2,0,0,6,0,0,0,0,0,1,6,6,2,51,8,1968,2,6,SKODA KODIAQ,10,E01003443,0,-1
2023451321774,2023,451321774,3,9,0,2,2,0,0,9,9,1,0,0,0,0,4,1,6,6,3,-1,-1,1984,1,5,SKODA KODIAQ,-1,-1,0,-1
2023440432479,2023,440432479,2,9,0,18,19,7,3,0,0,8,0,0,0,0,1,1,6,6,1,29,6,1498,1,2,SKODA KODIAQ,10,E01023279,0,-1
2023302301629,2023,302301629,1,9,0,4,4,4,8,0,0,2,0,0,0,0,2,1,6,6,1,56,9,1968,2,5,SKODA KODIAQ,5,E01019620,0,-1
2023101347034,2023,101347034,2,9,0,18,19,2,6,0,0,1,0,0,0,0,3,1,6,6,1,48,8,1498,1,1,SKODA KODIAQ,5,E01027448,0,-1
2023440217416,2023,440217416,2,9,0,1,1,8,4,0,0,0,0,0,0,0,2,1,6,6,1,48,8,1968,2,5,SKODA KODIAQ,6,E01023284,0,-1
2023201316317,2023,201316317,3,9,0,4,4,4,8,0,0,0,0,0,0,0,1,1,6,6,2,43,7,1498,1,1,SKODA KODIAQ,10,E01022128,0,-1
2023451389141,2023,451389141,1,9,0,18,19,1,5,0,0,0,0,0,5,0,3,1,5,6,1,68,10,1498,1,1,SKODA KODIAQ,8,E01030538,0,-1
2023411273177,2023,411273177,2,9,0,5,5,7,3,0,0,6,0,0,0,0,1,1,6,6,1,44,7,1968,2,1,SKODA KODIAQ,9,E01023438,0,-1
2023471316818,2023,471316818,3,9,0,3,3,7,3,0,0,1,0,0,0,0,2,1,5,6,1,65,9,1498,1,1,SKODA KODIAQ,4,E01031809,0,-1
2023471384756,2023,471384756,2,9,0,12,12,5,5,0,0,1,0,0,0,0,4,1,5,6,2,33,6,1968,2,5,SKODA KODIAQ,6,E01031464,0,-1
2023131377330,2023,131377330,2,9,0,5,5,1,5,0,0,4,0,0,0,0,1,1,2,2,1,54,8,1498,1,2,SKODA KODIAQ,3,E01011832,0,-1
2023430158501,2023,430158501,2,9,0,18,19,2,6,0,0,0,0,0,0,0,3,1,6,6,2,36,7,1968,2,6,SKODA KODIAQ,10,E01028782,0,-1
2023461362354,2023,461362354,2,9,0,4,4,3,7,0,0,8,0,0,0,0,3,1,6,6,1,39,7,1498,1,4,SKODA KODIAQ,8,E01024575,0,-1
2023421359625,2023,421359625,1,9,0,18,19,1,5,0,0,0,0,0,0,0,1,1,1,1,2,48,8,1498,1,1,SKODA KODIAQ,9,E01021586,0,-1
2023302300553,2023,302300553,2,9,0,3,3,6,2,0,0,0,0,0,0,0,2,1,1,1,1,46,8,1968,2,5,SKODA KODIAQ,1,E01013536,0,-1
2023451326705,2023,451326705,1,9,0,9,9,3,5,0,0,8,0,0,0,0,1,1,6,6,1,61,9,1984,1,1,SKODA KODIAQ,2,E01030985,0,-1
2023010445181,2023,010445181,1,9,0,2,2,0,0,0,0,0,0,0,0,0,3,1,6,6,3,-1,-1,1984,1,2,SKODA KODIAQ,-1,-1,0,-1
2023471301712,2023,471301712,1,9,0,18,19,1,3,9,9,6,0,0,0,0,4,1,5,6,1,54,8,1498,1,3,SKODA KODIAQ,8,E01031535,0,-1
2023501366182,2023,501366182,1,9,0,9,9,1,6,0,0,6,0,0,0,0,3,1,5,6,1,49,8,1984,1,1,SKODA KODIAQ,6,E01023250,0,-1
2023430076895,2023,430076895,2,9,0,4,4,7,3,0,0,0,0,0,0,0,2,1,6,6,1,45,7,1395,1,5,SKODA KODIAQ,1,E01004839,0,-1
2023451370984,2023,451370984,2,9,0,16,19,3,7,0,0,0,0,0,1,0,1,2,5,6,2,36,7,1498,1,4,SKODA KODIAQ,10,E01030876,0,-1
2023041365700,2023,041365700,1,9,0,18,19,4,8,0,0,1,0,0,0,0,1,1,5,6,1,48,8,1498,1,2,SKODA KODIAQ,5,E01024917,0,-1
2023421320449,2023,421320449,2,9,0,18,19,5,1,0,0,0,0,0,4,6,2,1,5,6,1,56,9,1498,1,0,SKODA KODIAQ,7,E01021830,0,-1
2023302301860,2023,302301860,1,9,0,17,19,2,6,0,0,0,2,0,1,0,4,1,6,6,1,-1,-1,1968,2,6,SKODA KODIAQ,10,E01019604,0,-1
2023031329817,2023,031329817,1,9,0,18,19,7,2,0,0,1,0,0,0,0,4,1,6,6,1,50,8,1968,2,4,SKODA KODIAQ,4,E01019247,0,-1
2023122300151,2023,122300151,1,9,0,18,19,5,1,0,0,0,1,0,7,9,1,1,6,6,2,35,6,1968,2,5,SKODA KODIAQ,8,E01027713,0,-1
2023141312252,2023,141312252,2,9,0,13,13,5,1,0,0,0,0,0,0,0,1,1,1,1,1,48,8,1968,2,1,SKODA KODIAQ,3,E01007437,0,-1
2023221389975,2023,221389975,2,9,0,4,4,4,8,0,0,0,0,0,0,0,2,1,3,7,1,47,8,1968,2,5,SKODA KODIAQ,8,E01028875,0,-1
2023320111160,2023,320111160,1,9,0,18,19,8,4,0,0,0,0,4,1,3,2,1,6,6,1,34,6,1395,1,5,SKODA KODIAQ,4,E01026256,0,-1
2023010479268,2023,010479268,2,9,0,15,15,3,7,0,0,1,0,0,0,0,4,1,1,1,1,43,7,1968,2,4,SKODA KODIAQ,-1,-1,0,-1
2023052302749,2023,052302749,2,9,0,18,19,3,7,0,0,1,0,0,0,0,0,1,1,1,1,40,7,1968,2,3,SKODA KODIAQ,-1,-1,0,-1
2023411300770,2023,411300770,2,9,0,9,9,3,5,0,0,2,0,0,0,0,2,1,6,6,1,38,7,1395,1,5,SKODA KODIAQ,10,E01023489,0,-1
2023010467887,2023,010467887,1,9,0,99,99,9,9,99,99,9,9,99,9,99,2,9,6,6,2,61,9,1498,1,4,SKODA KODIAQ,5,E01016577,0,-1
2023471390722,2023,471390722,1,9,0,9,9,6,4,0,0,4,0,0,0,0,1,1,2,2,2,49,8,1968,2,5,SKODA KODIAQ,1,E01020994,0,-1
2023501339833,2023,501339833,2,9,0,2,2,1,5,0,0,0,0,0,0,0,2,1,1,1,1,60,9,1968,2,0,SKODA KODIAQ,7,E01018818,0,-1
2023101380815,2023,101380815,1,9,0,11,11,5,1,0,0,0,0,0,0,0,2,1,1,1,2,52,8,1498,1,0,SKODA KODIAQ,7,E01008273,0,-1
2023070691759,2023,070691759,1,9,0,18,19,8,4,0,0,0,0,0,0,0,1,1,6,6,2,64,9,1498,1,1,SKODA KODIAQ,8,E01018465,0,-1
2023161358183,2023,161358183,1,9,0,18,19,1,5,0,0,0,0,0,0,0,1,1,2,2,1,57,9,1984,1,0,SKODA KODIAQ,10,E01013171,0,-1
2023231369631,2023,231369631,1,9,0,18,19,6,2,0,0,0,0,0,0,0,1,1,6,6,2,51,8,1498,1,3,SKODA KODIAQ,7,E01031007,0,-1
2023141311878,2023,141311878,2,9,0,18,19,0,0,0,0,0,0,0,0,0,3,1,5,6,1,47,8,1968,2,0,SKODA KODIAQ,4,E01007607,0,-1
2023010466167,2023,010466167,2,9,0,18,19,8,4,0,0,0,0,0,0,0,1,1,6,6,1,45,7,1968,2,1,SKODA KODIAQ,4,E01001090,0,-1
2023131320718,2023,131320718,1,9,0,9,9,5,1,0,0,5,0,0,0,0,1,1,1,1,2,59,9,1498,1,3,SKODA KODIAQ,7,E01011309,0,-1
2023010442414,2023,010442414,4,9,0,2,2,0,0,0,0,8,0,0,0,0,0,1,6,6,3,-1,-1,1498,1,0,SKODA KODIAQ,-1,-1,0,-1
2023340WN4862,2023,340WN4862,1,9,0,18,19,2,6,0,0,4,0,0,0,0,1,1,6,6,2,58,9,1498,1,0,SKODA KODIAQ,6,E01027234,0,-1
2023631320416,2023,631320416,1,9,0,18,19,7,3,0,0,0,1,0,1,4,1,1,5,6,1,33,6,1498,1,2,SKODA KODIAQ,3,W01000604,0,-1
2023010465534,2023,010465534,2,9,0,9,9,1,7,0,0,1,0,0,0,0,1,1,3,7,2,34,6,1968,2,6,SKODA KODIAQ,3,E01001449,0,-1
2023221274597,2023,221274597,1,9,0,9,9,7,5,0,0,5,0,0,0,0,2,1,5,6,2,36,7,1498,1,3,SKODA KODIAQ,9,E01032178,0,-1
2023451391454,2023,451391454,2,9,0,18,19,3,7,0,0,0,0,0,0,0,1,1,1,1,2,41,7,1498,1,0,SKODA KODIAQ,10,E01022595,0,-1
2023010424034,2023,010424034,2,9,0,9,9,8,6,0,0,6,0,0,0,0,3,1,6,6,1,39,7,1968,2,4,SKODA KODIAQ,6,E01001347,0,-1
2023221317913,2023,221317913,1,9,0,18,19,8,4,0,0,0,0,0,1,9,3,1,5,6,1,57,9,1498,1,3,SKODA KODIAQ,9,E01032402,0,-1
2023010449177,2023,010449177,1,9,0,13,13,5,1,0,0,0,0,0,0,0,1,1,6,6,1,33,6,1984,1,6,SKODA KODIAQ,2,E01002045,0,-1
2023440356762,2023,440356762,2,9,0,18,19,2,6,0,0,0,0,0,0,0,1,1,1,1,2,28,6,1968,2,3,SKODA KODIAQ,3,E01017347,0,-1
2023201339735,2023,201339735,1,9,0,18,19,8,4,0,0,1,0,0,0,0,1,1,6,6,2,-1,-1,1498,1,1,SKODA KODIAQ,-1,-1,0,-1
2023010426424,2023,010426424,1,9,0,99,99,9,9,99,99,9,9,99,9,99,2,9,6,6,1,40,7,1395,1,6,SKODA KODIAQ,2,E01033491,0,-1
2023622300280,2023,622300280,2,9,0,18,19,8,4,0,0,3,1,0,0,0,1,1,2,2,2,42,7,1968,2,5,SKODA KODIAQ,4,W01001233,0,-1
2023501315666,2023,501315666,1,9,0,9,9,3,1,0,0,6,0,0,0,0,1,1,3,7,2,48,8,1984,1,5,SKODA KODIAQ,8,E01019890,0,-1
2023501366455,2023,501366455,1,9,0,9,9,7,5,0,0,4,0,0,0,0,3,1,5,6,2,49,8,1498,1,0,SKODA KODIAQ,4,E01018894,0,-1
2023421347480,2023,421347480,1,9,0,18,19,6,2,0,0,0,0,0,0,0,1,1,5,6,1,43,7,1395,1,5,SKODA KODIAQ,10,E01024778,0,-1
2023501311922,2023,501311922,1,9,0,18,19,5,1,0,0,0,0,0,0,0,0,1,1,1,1,40,7,1968,2,3,SKODA KODIAQ,-1,-1,0,-1
2023411301255,2023,411301255,1,9,0,5,5,3,7,0,0,0,0,0,0,0,0,1,5,6,2,46,8,1968,2,5,SKODA KODIAQ,9,E01023463,0,-1
2023451374445,2023,451374445,5,9,0,18,19,7,3,0,0,0,0,0,0,0,1,1,5,6,2,43,7,1968,2,0,SKODA KODIAQ,10,E01030881,0,-1
2023361268480,2023,361268480,3,9,0,18,19,3,8,0,0,1,0,0,0,0,3,1,5,6,1,70,10,1498,1,3,SKODA KODIAQ,4,E01030278,0,-1
2023430467628,2023,430467628,1,9,0,18,19,2,6,0,0,8,0,0,0,0,3,1,6,6,2,31,6,1498,1,1,SKODA KODIAQ,10,E01016386,0,-1
2023401344181,2023,401344181,2,9,0,18,19,8,2,0,0,8,0,0,0,0,1,1,6,6,1,34,6,1498,1,1,SKODA KODIAQ,2,E01015781,0,-1
2023522300448,2023,522300448,1,9,0,2,2,0,0,0,0,0,0,0,0,0,3,1,6,6,2,40,7,1395,1,5,SKODA KODIAQ,10,E01014513,0,-1
2023201322654,2023,201322654,2,9,0,18,19,8,4,0,0,6,0,7,7,0,3,1,1,1,1,38,7,1968,2,0,SKODA KODIAQ,9,E01010168,0,-1
2023010466822,2023,010466822,3,9,0,2,2,0,0,9,9,1,0,0,0,0,4,1,6,6,3,-1,-1,1395,1,6,SKODA KODIAQ,-1,-1,0,-1
2023052302881,2023,052302881,1,9,0,18,19,1,5,0,0,0,0,0,0,0,0,1,6,6,2,59,9,1968,2,4,SKODA KODIAQ,3,E01006906,0,-1
202354C048923,2023,54C048923,1,9,0,9,9,2,1,0,0,6,0,0,0,0,3,1,1,1,1,35,6,1968,2,3,SKODA KODIAQ,5,E01032066,0,-1
2023122301079,2023,122301079,3,9,0,18,19,7,3,0,0,0,0,0,0,0,1,1,1,1,1,31,6,1968,2,0,SKODA KODIAQ,10,E01013337,0,-1
2023430413379,2023,430413379,1,9,0,18,19,1,5,0,0,8,0,0,0,0,1,1,6,6,1,27,6,1968,2,0,SKODA KODIAQ,4,E01016514,0,-1
2023070304125,2023,070304125,1,9,0,9,9,7,5,0,0,2,0,0,0,0,0,1,6,6,1,27,6,1984,1,5,SKODA KODIAQ,2,E01018478,0,-1
2023010452368,2023,010452368,2,9,0,99,99,9,9,99,99,9,9,99,9,99,9,9,6,6,3,-1,-1,1968,2,6,SKODA KODIAQ,-1,-1,0,-1
2023461313904,2023,461313904,1,9,0,4,4,7,3,0,0,0,0,0,0,0,1,1,6,6,2,33,6,1498,1,0,SKODA KODIAQ,5,E01024191,0,-1
2023440390770,2023,440390770,2,9,0,4,4,3,7,0,0,1,0,0,0,0,2,1,6,6,2,50,8,1968,2,6,SKODA KODIAQ,6,E01023155,0,-1
2023010474937,2023,010474937,2,9,0,99,99,9,9,99,99,9,9,99,9,99,9,9,6,6,3,-1,-1,1498,1,2,SKODA KODIAQ,-1,-1,0,-1
2023421388396,2023,421388396,1,9,0,9,9,5,1,0,0,6,0,0,0,0,0,1,6,6,2,43,7,1968,2,6,SKODA KODIAQ,8,E01021729,0,-1
2023401394663,2023,401394663,2,9,0,5,5,8,3,0,0,1,0,0,0,0,1,1,5,6,2,47,8,1984,1,6,SKODA KODIAQ,5,E01017588,0,-1
2023471328656,2023,471328656,1,9,0,18,19,2,5,0,0,0,5,0,7,0,1,1,6,6,2,39,7,1498,1,1,SKODA KODIAQ,1,E01021015,0,-1
2023010427131,2023,010427131,1,9,0,99,99,9,9,99,99,9,9,99,9,99,1,9,6,6,1,59,9,1984,1,6,SKODA KODIAQ,8,E01030648,0,-1
2023041275005,2023,041275005,2,9,0,18,19,1,5,0,0,0,0,0,0,0,1,1,5,6,1,42,7,1498,1,2,SKODA KODIAQ,9,E01025277,0,-1
2023552301025,2023,552301025,2,9,0,3,3,2,6,0,0,0,0,0,0,0,2,1,6,6,1,41,7,1968,2,0,SKODA KODIAQ,6,E01033091,0,-1
2023461346954,2023,461346954,2,9,0,18,19,5,5,0,0,1,0,0,0,0,4,1,6,6,1,43,7,1498,1,0,SKODA KODIAQ,1,E01024257,0,-1
2023531307188,2023,531307188,3,9,0,18,19,5,1,0,0,0,0,11,0,0,1,1,5,6,1,44,7,1968,2,5,SKODA KODIAQ,7,E01022216,0,-1
2023061362625,2023,061362625,3,9,0,18,19,7,3,0,0,0,0,0,0,0,1,1,6,6,2,30,6,1984,1,0,SKODA KODIAQ,5,E01005521,0,-1
2023010465452,2023,010465452,1,9,0,99,99,9,9,99,99,9,9,99,9,99,2,9,6,6,2,38,7,1395,1,6,SKODA KODIAQ,7,E01002577,0,-1
2023231367021,2023,231367021,2,9,0,18,19,8,4,0,0,8,0,0,7,0,1,1,6,6,2,41,7,1498,1,3,SKODA KODIAQ,10,E01032246,0,-1
2023131290709,2023,131290709,1,9,0,18,19,5,1,0,0,8,0,0,0,0,4,1,5,6,2,72,10,1498,1,1,SKODA KODIAQ,7,E01010911,0,-1
2023501337623,2023,501337623,1,9,0,3,3,3,7,0,0,0,0,0,0,0,2,1,5,6,2,62,9,1498,1,3,SKODA KODIAQ,8,E01018805,0,-1
2023430009114,2023,430009114,2,9,0,18,19,8,4,0,0,1,0,0,0,0,1,1,6,6,1,-1,-1,1395,1,6,SKODA KODIAQ,-1,-1,0,-1
2023552301039,2023,552301039,2,9,0,3,3,7,3,0,0,1,0,0,0,0,2,1,1,1,1,64,9,1498,1,2,SKODA KODIAQ,7,E01032746,0,-1
2023061329999,2023,061329999,2,9,0,2,2,0,0,0,0,0,0,0,0,0,4,1,6,6,3,-1,-1,1498,1,1,SKODA KODIAQ,-1,-1,0,-1
2023351393932,2023,351393932,2,9,0,-1,-1,-1,-1,-1,-1,0,-1,-1,-1,0,-1,1,6,6,3,-1,-1,1968,2,4,SKODA KODIAQ,-1,-1,0,-1
2023010449514,2023,010449514,1,9,0,99,99,9,9,99,99,9,9,99,9,99,2,9,6,6,2,59,9,1968,2,6,SKODA KODIAQ,9,E01024265,0,-1
2023101288428,2023,101288428,3,9,0,18,19,1,5,0,0,1,0,0,0,0,0,1,6,6,2,68,10,1968,2,2,SKODA KODIAQ,-1,-1,0,-1
2023440394728,2023,440394728,2,9,0,17,19,4,8,0,0,8,0,0,0,0,1,1,6,6,1,58,9,1968,2,0,SKODA KODIAQ,8,E01022627,0,-1
2023010466521,2023,010466521,1,9,0,9,9,6,4,0,0,5,0,0,1,0,2,1,6,6,1,54,8,1968,2,5,SKODA KODIAQ,1,E01002036,0,-1
2023471385694,2023,471385694,2,9,0,3,3,7,3,0,0,8,0,0,0,0,2,1,3,7,2,33,6,1498,1,2,SKODA KODIAQ,8,E01021041,0,-1
2023440530917,2023,440530917,1,9,0,4,4,3,7,0,0,1,0,0,0,0,1,1,6,6,1,36,7,1968,2,4,SKODA KODIAQ,9,E01017064,0,-1
2023440522641,2023,440522641,2,9,0,3,3,4,8,0,0,1,0,0,0,0,2,1,2,2,1,53,8,1498,1,0,SKODA KODIAQ,9,E01022778,0,-1
2023361320181,2023,361320181,2,9,0,18,19,7,5,0,0,1,0,0,0,0,1,1,3,7,1,43,7,1968,2,3,SKODA KODIAQ,-1,-1,0,-1
2023430562949,2023,430562949,1,9,0,3,3,8,4,0,0,8,0,0,0,0,2,1,6,6,1,65,9,1968,2,5,SKODA KODIAQ,10,E01017638,0,-1
2023041340460,2023,041340460,2,9,0,18,19,5,1,0,0,1,0,0,0,0,3,1,2,2,1,32,6,1968,2,5,SKODA KODIAQ,2,E01025092,0,-1
2023070759036,2023,070759036,1,9,0,18,19,8,6,0,0,0,1,0,1,2,1,1,6,6,1,52,8,1968,2,5,SKODA KODIAQ,9,E01018513,0,-1
2023461380480,2023,461380480,2,9,0,18,19,1,5,0,0,1,1,0,7,0,4,1,6,6,2,56,9,1395,1,6,SKODA KODIAQ,7,E01024804,0,-1
2023501397885,2023,501397885,1,9,0,3,3,5,1,0,0,1,0,0,0,0,2,1,5,6,2,35,6,1395,1,6,SKODA KODIAQ,6,E01015102,0,-1
2023052400063,2023,052400063,1,9,0,17,19,6,8,0,0,0,1,0,1,10,1,1,6,6,1,45,7,1498,1,0,SKODA KODIAQ,1,E01007138,0,-1
2023471326769,2023,471326769,2,9,0,18,19,4,8,0,0,0,0,0,0,0,3,1,2,2,1,33,6,1498,1,1,SKODA KODIAQ,10,E01031710,0,-1
2023501350570,2023,501350570,2,9,0,18,19,6,2,0,0,8,0,0,0,0,3,1,5,6,2,28,6,1968,2,1,SKODA KODIAQ,4,E01018843,0,-1
2023170L31053,2023,170L31053,1,9,0,9,9,7,5,0,0,2,0,0,0,0,1,1,6,6,1,35,6,1498,1,0,SKODA KODIAQ,-1,-1,0,-1
2023440114825,2023,440114825,2,9,0,7,7,1,3,0,0,8,0,0,0,0,3,1,6,6,1,44,7,1968,2,4,SKODA KODIAQ,5,E01017283,0,-1
2023430415938,2023,430415938,1,8,0,12,12,5,1,0,0,0,0,0,0,0,3,1,6,6,1,50,8,1968,2,3,-1,-1,-1,0,-1
2023131346847,2023,131346847,2,9,0,18,19,2,6,0,0,0,0,0,0,0,2,1,5,6,1,48,8,1498,1,0,SKODA KODIAQ,7,E01011879,0,-1
2023231357373,2023,231357373,2,9,0,18,19,1,5,0,0,8,0,0,0,0,1,1,6,6,2,39,7,1498,1,0,SKODA KODIAQ,7,E01031247,0,-1
2023010469260,2023,010469260,1,9,0,99,99,9,9,99,99,9,9,99,9,99,1,9,6,6,1,32,6,1395,1,6,SKODA KODIAQ,6,E01003665,0,-1
2023451265079,2023,451265079,1,9,0,18,19,1,1,0,0,0,0,0,0,0,3,1,5,6,2,35,6,1498,1,4,SKODA KODIAQ,9,E01030835,0,-1
2023010434626,2023,010434626,2,9,0,18,19,3,7,0,0,2,0,0,0,0,3,1,6,6,1,52,8,1498,1,3,SKODA KODIAQ,3,E01001930,0,-1
2023991351641,2023,991351641,2,9,0,3,3,3,8,0,0,1,0,0,0,0,2,1,5,6,2,41,7,1968,2,4,SKODA KODIAQ,5,-1,0,-1
2023010477983,2023,010477983,2,9,0,99,99,9,9,99,99,9,9,99,9,99,1,9,6,6,3,-1,-1,1498,1,1,SKODA KODIAQ,-1,-1,0,-1
2023070190575,2023,070190575,2,9,0,4,4,5,1,0,0,0,0,0,0,0,2,1,6,6,1,59,9,1968,2,4,SKODA KODIAQ,1,E01011904,0,-1
2023991391411,2023,991391411,1,9,0,9,9,5,3,0,0,6,0,0,0,0,1,1,6,6,2,52,8,1984,1,6,SKODA KODIAQ,10,-1,0,-1
2023010446178,2023,010446178,2,9,0,99,99,9,9,99,99,9,9,99,9,99,1,9,6,6,2,-1,-1,1498,1,2,SKODA KODIAQ,10,E01004556,0,-1
2023010437264,2023,010437264,1,9,0,4,4,1,5,0,0,1,0,0,0,0,2,1,6,6,2,35,6,1498,1,1,SKODA KODIAQ,-1,-1,0,-1
2023302300572,2023,302300572,1,9,0,9,9,2,8,0,0,8,0,0,0,0,4,1,6,6,1,32,6,1498,1,1,SKODA KODIAQ,9,E01013540,0,-1
2023161392338,2023,161392338,1,9,0,18,19,3,7,0,0,0,0,0,0,0,1,1,5,6,1,50,8,1498,1,0,SKODA KODIAQ,1,E01010611,0,-1
2023070913300,2023,070913300,2,9,0,3,3,8,4,0,0,0,0,0,0,0,2,1,6,6,2,48,8,1984,1,0,SKODA KODIAQ,-1,-1,0,-1