collision_index,collision_year,collision_ref_no,vehicle_reference,vehicle_type,towing_and_articulation,vehicle_manoeuvre_historic,vehicle_manoeuvre,vehicle_direction_from,vehicle_direction_to,vehicle_location_restricted_lane_historic,vehicle_location_restricted_lane,junction_location,skidding_and_overturning,hit_object_in_carriageway,vehicle_leaving_carriageway,hit_object_off_carriageway,first_point_of_impact,vehicle_left_hand_drive,journey_purpose_of_driver_historic,journey_purpose_of_driver,sex_of_driver,age_of_driver,age_band_of_driver,engine_capacity_cc,propulsion_code,age_of_vehicle,generic_make_model,driver_imd_decile,lsoa_of_driver,escooter_flag,driver_distance_banding
2023430392367,2023,430392367,1,9,0,9,9,4,2,0,0,8,0,0,0,0,3,1,6,6,1,30,6,1995,2,15,BMW 1 SERIES,8,E01016794,0,-1
2023010475554,2023,010475554,2,9,0,99,99,9,9,99,99,9,9,99,9,99,9,9,6,6,3,-1,-1,1995,2,5,BMW 1 SERIES,-1,-1,0,-1
2023411342694,2023,411342694,1,9,0,4,4,3,4,0,0,0,0,0,0,0,1,1,5,6,2,84,11,1995,1,16,BMW 1 SERIES,10,E01023550,0,-1
2023471368726,2023,471368726,2,9,0,2,2,0,0,0,0,0,0,0,0,0,2,1,6,6,3,-1,-1,1995,2,13,BMW 1 SERIES,-1,-1,0,-1
2023430387992,2023,430387992,1,9,0,9,9,4,2,0,0,5,0,0,0,0,4,1,1,1,2,61,9,1995,2,10,BMW 1 SERIES,10,E01017771,0,-1
2023010457469,2023,010457469,1,9,0,4,4,7,3,0,0,2,0,0,0,0,2,1,6,6,2,53,8,1499,1,2,BMW 1 SERIES,5,E01023400,0,-1
2023221300941,2023,221300941,2,9,0,9,9,4,2,0,0,5,0,0,0,0,4,1,5,6,1,20,4,1995,2,13,BMW 1 SERIES,8,E01014147,0,-1
2023122300549,2023,122300549,1,9,0,17,19,4,8,0,0,0,0,0,1,9,4,1,6,6,1,22,5,1995,2,11,BMW 1 SERIES,6,E01011607,0,-1
2023340NN1652,2023,340NN1652,1,9,0,18,19,1,5,0,0,1,0,0,0,0,1,1,6,6,2,33,6,1499,1,2,BMW 1 SERIES,4,E01033178,0,-1
2023371388616,2023,371388616,2,9,0,-1,-1,-1,-1,0,0,0,0,0,1,0,2,1,6,6,3,-1,-1,1499,1,0,BMW 1 SERIES,-1,-1,0,-1
2023141278135,2023,141278135,2,9,0,7,7,5,1,0,0,0,0,0,0,0,2,1,6,6,1,22,5,1598,2,10,BMW 1 SERIES,2,E01007340,0,-1
2023631351275,2023,631351275,1,9,0,5,5,7,2,6,6,0,0,0,0,0,4,1,5,6,1,28,6,1995,2,14,BMW 1 SERIES,7,W01000501,0,-1
2023622300794,2023,622300794,1,9,0,5,5,4,2,0,0,5,0,0,0,0,3,1,6,6,1,25,5,1496,2,8,BMW 1 SERIES,6,W01001839,0,-1
2023010461426,2023,010461426,2,9,9,99,99,9,9,99,99,9,9,99,9,99,9,9,6,6,3,-1,-1,1596,1,16,BMW 1 SERIES,-1,-1,0,-1
2023531293368,2023,531293368,1,9,0,18,19,7,3,0,0,0,1,0,0,0,1,1,5,6,1,24,5,2000,2,14,BMW 1 SERIES,7,E01022216,0,-1
2023041346131,2023,041346131,1,9,0,18,19,1,5,0,0,1,0,4,0,0,1,1,6,6,2,56,9,1499,1,6,BMW 1 SERIES,1,E01024987,0,-1
2023041316488,2023,041316488,1,9,0,18,19,3,7,0,0,0,0,0,0,0,1,1,5,6,2,72,10,1995,2,14,BMW 1 SERIES,8,E01024924,0,-1
2023070061660,2023,070061660,1,9,0,18,19,4,8,0,0,0,0,0,0,0,1,1,6,6,1,47,8,1496,2,8,BMW 1 SERIES,7,E01018499,0,-1
2023411377595,2023,411377595,2,9,-1,-1,-1,-1,-1,-1,-1,-1,-1,-1,-1,0,-1,1,6,6,1,18,4,1598,1,11,BMW 1 SERIES,5,E01023324,0,-1
2023311283287,2023,311283287,3,9,0,18,19,2,6,0,0,1,0,0,0,0,1,1,6,6,1,19,4,1995,2,11,BMW 1 SERIES,8,E01028344,0,-1
202354C208823,2023,54C208823,1,9,0,13,13,3,7,0,0,0,0,0,7,9,4,1,6,6,1,44,7,1995,2,17,BMW 1 SERIES,6,E01032010,0,-1
2023070954042,2023,070954042,1,9,0,7,7,8,6,0,0,8,0,0,0,0,1,1,1,1,1,31,6,1995,2,8,BMW 1 SERIES,3,E01018464,0,-1
2023170H10533,2023,170H10533,1,9,0,18,19,4,8,0,0,0,0,0,0,0,1,1,6,6,1,25,5,1995,2,18,BMW 1 SERIES,-1,-1,0,-1
2023201394140,2023,201394140,1,9,0,18,19,-1,-1,0,0,0,0,0,0,0,1,1,6,6,2,30,6,1995,2,17,BMW 1 SERIES,2,E01031097,0,-1
2023101389961,2023,101389961,1,9,0,18,19,8,5,0,0,1,0,0,0,0,1,1,2,2,1,27,6,1995,2,16,BMW 1 SERIES,3,E01008683,0,-1
2023010480360,2023,010480360,1,9,0,99,99,9,9,99,99,9,9,99,9,99,2,9,6,6,1,31,6,1995,1,13,BMW 1 SERIES,4,E01003771,0,-1
2023061294964,2023,061294964,1,9,0,17,19,3,7,9,9,2,0,0,1,0,1,1,6,6,1,27,6,1995,2,5,BMW 1 SERIES,-1,-1,0,-1
2023141362485,2023,141362485,3,9,0,2,2,0,0,9,9,0,0,0,0,0,2,1,6,6,3,-1,-1,1995,2,14,BMW 1 SERIES,-1,-1,0,-1
2023311295117,2023,311295117,2,9,0,4,4,8,4,0,0,0,1,0,0,0,1,1,5,6,1,28,6,1995,2,10,BMW 1 SERIES,-1,-1,0,-1
2023461341480,2023,461341480,2,9,0,18,19,5,1,0,0,8,0,0,0,0,1,1,6,6,1,31,6,1995,2,15,BMW 1 SERIES,4,E01024200,0,-1
2023302301999,2023,302301999,1,9,0,9,9,5,3,0,0,8,0,0,0,0,1,1,6,6,3,-1,-1,1496,2,4,BMW 1 SERIES,5,E01019456,0,-1
2023070629724,2023,070629724,3,9,0,2,2,0,0,0,0,0,0,0,0,0,3,1,6,6,3,-1,-1,1995,2,17,BMW 1 SERIES,-1,-1,0,-1
2023421285733,2023,421285733,1,9,0,17,19,3,7,0,0,0,1,0,1,4,1,1,5,6,1,27,6,1995,2,10,BMW 1 SERIES,2,E01022006,0,-1
2023061317482,2023,061317482,3,9,0,16,19,8,4,0,0,0,0,0,0,0,1,1,5,6,2,20,4,1598,1,9,BMW 1 SERIES,5,E01024917,0,-1
2023440099868,2023,440099868,1,9,0,18,19,1,5,0,0,8,0,0,0,0,1,1,6,6,1,-1,-1,1995,2,17,BMW 1 SERIES,-1,-1,0,-1
2023311268048,2023,311268048,1,9,0,6,6,1,1,0,0,0,0,0,0,0,3,1,3,7,2,37,7,1995,2,13,BMW 1 SERIES,-1,-1,0,-1
2023440239456,2023,440239456,1,9,0,18,19,2,6,0,0,0,0,0,0,0,1,1,6,6,1,46,8,2996,1,13,BMW 1 SERIES,5,E01030663,0,-1
2023421322302,2023,421322302,2,9,0,4,4,4,8,0,0,0,0,0,0,0,2,1,5,6,1,25,5,1598,2,10,BMW 1 SERIES,8,E01021891,0,-1
2023401270715,2023,401270715,1,9,0,18,19,4,8,0,0,8,0,0,0,0,2,1,5,6,1,20,4,1496,2,8,BMW 1 SERIES,8,E01015706,0,-1
2023010473125,2023,010473125,2,9,0,99,99,9,9,99,99,9,9,99,9,99,1,9,6,6,3,-1,-1,1598,1,11,BMW 1 SERIES,2,E01003137,0,-1
2023622300555,2023,622300555,3,9,0,18,19,7,3,0,0,0,0,0,0,0,2,1,6,6,1,47,8,1995,2,12,BMW 1 SERIES,2,W01001761,0,-1
2023320104714,2023,320104714,2,9,0,16,19,2,6,0,0,0,0,0,0,0,3,1,6,6,1,25,5,1995,1,13,BMW 1 SERIES,-1,-1,0,-1
2023141391993,2023,141391993,1,9,0,18,19,7,3,0,0,0,1,0,1,4,1,1,5,6,1,29,6,1995,2,6,BMW 1 SERIES,2,E01007541,0,-1
2023440169692,2023,440169692,2,9,0,2,2,0,0,0,0,1,0,0,0,0,1,1,6,6,1,52,8,1995,2,18,BMW 1 SERIES,-1,-1,0,-1
2023320509599,2023,320509599,1,9,0,7,7,3,6,0,0,6,0,0,0,0,3,1,6,6,1,29,6,1995,2,12,BMW 1 SERIES,-1,-1,0,-1
2023010451453,2023,010451453,2,9,9,99,99,9,9,99,99,9,9,99,9,99,9,9,6,6,2,-1,-1,1995,1,18,BMW 1 SERIES,3,E01003625,0,-1
2023461303766,2023,461303766,2,9,0,3,3,7,3,0,0,0,0,0,0,0,2,1,6,6,1,23,5,1598,1,8,BMW 1 SERIES,5,E01000375,0,-1
2023101361842,2023,101361842,3,9,0,3,3,8,8,0,0,0,0,0,0,0,2,1,2,2,1,36,7,1598,1,10,BMW 1 SERIES,9,E01008564,0,-1
2023052300211,2023,052300211,1,9,0,15,15,5,1,0,0,8,0,0,0,0,1,1,2,2,2,21,5,1995,2,4,BMW 1 SERIES,9,E01007187,0,-1
2023471285365,2023,471285365,1,9,0,18,19,3,7,0,0,1,0,0,0,0,3,1,5,6,1,64,9,1499,1,5,BMW 1 SERIES,10,E01021247,0,-1
202360A157101,2023,60A157101,2,9,0,2,2,0,0,0,0,0,0,0,0,0,2,1,6,6,2,52,8,1995,2,10,BMW 1 SERIES,-1,-1,0,-1
2023010447251,2023,010447251,1,9,0,18,19,1,5,0,0,1,0,0,0,0,3,1,6,6,1,33,6,1598,1,10,BMW 1 SERIES,6,E01004618,0,-1
2023361284600,2023,361284600,2,9,0,18,19,5,1,0,0,0,0,0,0,0,1,1,2,2,1,27,6,1995,2,3,BMW 1 SERIES,4,E01026636,0,-1
2023141334187,2023,141334187,1,9,0,18,19,4,8,0,0,0,0,4,0,0,1,1,6,6,1,33,6,1995,2,17,BMW 1 SERIES,1,E01007634,0,-1
2023421366985,2023,421366985,1,9,0,18,19,3,3,0,0,0,0,0,0,0,2,1,2,2,1,24,5,1598,1,9,BMW 1 SERIES,4,E01015957,0,-1
2023421346060,2023,421346060,1,9,0,18,19,3,7,0,0,0,0,0,0,0,1,1,6,6,1,29,6,1995,2,13,BMW 1 SERIES,-1,-1,0,-1
2023622300428,2023,622300428,1,9,0,18,19,8,4,0,0,0,0,4,0,0,1,1,6,6,1,27,6,1596,1,17,BMW 1 SERIES,3,W01001043,0,-1
2023010468234,2023,010468234,2,9,0,2,2,0,0,0,0,8,0,0,0,0,1,1,6,6,3,-1,-1,1995,1,13,BMW 1 SERIES,-1,-1,0,-1
2023522301685,2023,522301685,1,9,0,18,19,7,3,0,0,8,0,10,2,11,1,1,6,6,1,21,5,1596,1,17,BMW 1 SERIES,2,E01014685,0,-1
2023340NN0972,2023,340NN0972,1,9,0,9,9,6,4,0,0,5,0,0,0,0,1,1,6,6,2,21,5,1995,2,18,BMW 1 SERIES,4,E01027320,0,-1
2023052302414,2023,052302414,2,9,0,18,19,5,1,0,0,8,0,0,7,11,4,1,6,6,2,50,8,1998,1,0,BMW 1 SERIES,4,E01006681,0,-1
2023622300486,2023,622300486,1,9,0,7,7,5,1,0,0,0,2,0,0,0,0,1,6,6,1,17,4,1598,2,9,BMW 1 SERIES,1,W01001173,0,-1
2023622300266,2023,622300266,1,9,0,18,19,6,2,0,0,0,0,0,0,0,1,1,6,6,3,-1,-1,1496,2,7,BMW 1 SERIES,-1,-1,0,-1
2023010429765,2023,010429765,2,9,0,18,19,3,7,0,0,0,0,0,0,0,2,1,6,6,2,29,6,1995,1,12,BMW 1 SERIES,2,E01003236,0,-1
2023440006825,2023,440006825,2,9,0,18,19,3,7,0,0,1,0,0,0,0,1,1,6,6,1,20,4,1995,2,11,BMW 1 SERIES,9,E01031973,0,-1
2023340WN1652,2023,340WN1652,1,9,0,13,13,8,4,0,0,0,0,0,7,0,3,1,6,6,1,33,6,1995,2,15,BMW 1 SERIES,7,E01027182,0,-1
2023041263744,2023,041263744,2,9,0,18,19,3,7,0,0,1,0,0,0,0,2,1,5,6,1,26,6,1496,2,8,BMW 1 SERIES,10,E01025007,0,-1
2023061314230,2023,061314230,1,9,0,18,19,3,7,0,0,0,0,0,0,0,1,1,5,6,2,30,6,1496,2,6,BMW 1 SERIES,-1,-1,0,-1
2023201296549,2023,201296549,2,9,0,18,19,4,8,0,0,0,0,0,0,0,3,1,6,6,2,-1,-1,1995,2,9,BMW 1 SERIES,-1,-1,0,-1
2023201291947,2023,201291947,1,9,0,13,13,-1,-1,0,0,0,0,0,0,0,2,1,6,6,1,-1,-1,1596,7,17,BMW 1 SERIES,-1,-1,0,-1
2023010469106,2023,010469106,1,9,0,18,19,7,3,0,0,1,0,0,1,0,2,1,2,2,1,20,4,1598,1,12,BMW 1 SERIES,4,E01003117,0,-1
2023201287739,2023,201287739,1,9,0,18,19,7,3,0,0,2,0,0,0,0,1,1,6,6,1,59,9,1598,1,10,BMW 1 SERIES,3,E01009411,0,-1
2023010430325,2023,010430325,2,9,0,4,4,7,3,0,0,0,0,0,0,0,1,1,6,6,1,17,4,1499,1,5,BMW 1 SERIES,3,E01032774,0,-1
2023041350349,2023,041350349,1,9,0,18,19,1,5,0,0,2,0,0,0,0,1,1,6,6,1,63,9,1496,2,7,BMW 1 SERIES,1,E01012736,0,-1
2023010482426,2023,010482426,2,9,0,99,99,9,9,99,99,9,9,99,9,99,9,9,6,6,3,-1,-1,1598,1,12,BMW 1 SERIES,2,E01000781,0,-1
2023351291232,2023,351291232,2,9,0,18,19,2,6,6,6,0,1,10,1,0,1,1,5,6,2,27,6,1995,2,11,BMW 1 SERIES,6,E01031468,0,-1
2023430197505,2023,430197505,1,9,0,13,13,5,1,0,0,0,0,10,1,9,4,1,6,6,1,28,6,1995,2,16,BMW 1 SERIES,5,E01016580,0,-1
2023061258785,2023,061258785,2,9,0,18,19,3,7,0,0,2,0,0,0,0,1,1,5,6,2,41,7,1496,2,5,BMW 1 SERIES,3,E01006272,0,-1
2023610025123,2023,610025123,1,9,0,18,19,1,5,0,0,0,5,4,0,0,1,1,6,6,1,45,7,1995,1,14,BMW 1 SERIES,7,W01001515,0,-1
2023401368405,2023,401368405,1,9,0,18,19,1,5,0,0,0,1,0,7,2,1,1,5,6,1,25,5,1598,2,9,BMW 1 SERIES,10,E01017436,0,-1
2023211373878,2023,211373878,2,9,0,18,19,1,5,0,0,1,0,0,0,0,4,1,5,6,2,54,8,1995,2,4,BMW 1 SERIES,7,E01014362,0,-1
2023201315930,2023,201315930,1,9,0,7,7,5,7,0,0,6,0,0,0,0,1,1,6,6,2,-1,-1,1499,1,7,BMW 1 SERIES,1,E01009540,0,-1
2023131384773,2023,131384773,2,9,0,18,19,7,3,0,0,0,0,0,0,0,1,1,5,6,2,41,7,1995,2,3,BMW 1 SERIES,5,E01011391,0,-1
2023010441932,2023,010441932,2,9,0,5,5,5,1,0,0,1,0,0,0,0,3,1,6,6,2,24,5,1496,2,7,BMW 1 SERIES,2,E01002049,0,-1
2023201387048,2023,201387048,1,9,0,18,19,4,8,0,0,0,0,0,0,0,1,1,6,6,2,24,5,1995,2,10,BMW 1 SERIES,1,E01008935,0,-1
2023421337596,2023,421337596,4,9,0,3,3,2,6,0,0,0,0,0,0,0,2,1,5,6,2,29,6,1995,1,16,BMW 1 SERIES,9,E01021828,0,-1
2023451277756,2023,451277756,1,9,0,18,19,3,6,0,0,0,2,4,0,0,1,1,2,2,1,25,5,1499,1,5,BMW 1 SERIES,10,E01030906,0,-1
2023010461325,2023,010461325,1,9,0,18,19,7,3,0,0,0,0,0,0,0,1,1,6,6,1,37,7,1995,2,11,BMW 1 SERIES,-1,-1,0,-1
2023351315993,2023,351315993,2,9,0,13,13,2,6,0,0,8,0,0,0,0,1,1,2,2,1,22,5,1598,2,11,BMW 1 SERIES,1,E01015663,0,-1
2023010451606,2023,010451606,2,9,9,99,99,9,9,99,99,9,9,99,9,99,9,9,6,6,1,-1,-1,1598,1,10,BMW 1 SERIES,3,E01004045,0,-1
2023302300480,2023,302300480,1,9,0,9,9,8,6,0,0,8,1,0,7,0,3,1,6,6,1,19,4,1995,2,10,BMW 1 SERIES,4,E01019570,0,-1
2023540369523,2023,540369523,1,9,0,1,1,1,5,9,9,6,0,0,0,0,2,1,6,6,1,19,4,1596,1,16,BMW 1 SERIES,10,E01032017,0,-1
2023052301936,2023,052301936,2,9,0,18,19,1,5,0,0,8,0,0,7,2,4,1,6,6,2,30,6,1598,2,10,BMW 1 SERIES,3,E01006535,0,-1
2023052300697,2023,052300697,1,9,0,9,9,6,2,0,0,5,0,0,0,0,3,1,6,6,1,45,7,1995,2,14,BMW 1 SERIES,1,E01006478,0,-1
2023421331056,2023,421331056,1,9,0,18,19,1,5,0,0,0,0,0,0,0,1,1,6,6,1,23,5,1995,2,6,BMW 1 SERIES,7,E01002366,0,-1
2023340NN0352,2023,340NN0352,1,9,0,9,9,2,4,0,0,8,0,0,0,0,1,1,6,6,2,23,5,1598,2,11,BMW 1 SERIES,6,E01032964,0,-1
2023061376302,2023,061376302,2,9,0,18,19,5,1,0,0,5,0,0,0,0,4,1,6,6,3,-1,-1,1599,1,15,BMW 1 SERIES,-1,-1,0,-1
2023010476191,2023,010476191,2,9,0,6,6,5,5,0,0,1,0,0,0,0,3,1,6,6,2,34,6,1995,1,13,BMW 1 SERIES,5,E01001168,0,-1
2023041355631,2023,041355631,1,9,0,18,19,5,3,0,0,0,0,0,0,0,4,1,5,6,1,61,9,1995,2,13,BMW 1 SERIES,4,E01024919,0,-1
2023170S11813,2023,170S11813,1,9,0,9,9,5,2,0,0,8,0,0,0,0,1,1,6,6,1,56,9,1496,2,8,BMW 1 SERIES,9,E01012203,0,-1
2023440173855,2023,440173855,1,9,0,18,19,1,5,0,0,0,1,0,0,0,1,1,6,6,1,27,6,1995,2,7,BMW 1 SERIES,8,E01022769,0,-1
2023141290988,2023,141290988,1,9,0,4,4,6,5,0,0,0,0,0,0,0,2,1,5,6,2,57,9,1995,2,11,BMW 1 SERIES,4,E01007653,0,-1
2023010436514,2023,010436514,1,9,0,9,9,7,5,0,0,1,0,0,0,0,0,1,6,6,1,19,4,1496,2,8,BMW 1 SERIES,2,E01004223,0,-1
2023501354691,2023,501354691,1,9,0,18,19,7,3,0,0,8,1,0,7,0,3,1,5,6,1,19,4,1596,1,16,BMW 1 SERIES,5,E01015123,0,-1
2023302300385,2023,302300385,1,9,0,4,4,8,4,0,0,2,0,0,0,0,1,1,6,6,2,29,6,1995,2,13,BMW 1 SERIES,1,E01027956,0,-1
2023430510901,2023,430510901,2,9,0,18,19,1,5,0,0,0,0,0,0,0,3,1,6,6,1,28,6,1496,2,6,BMW 1 SERIES,9,E01030978,0,-1
2023421324033,2023,421324033,2,9,0,3,3,5,1,0,0,4,0,0,0,0,2,1,5,6,2,28,6,1496,2,6,BMW 1 SERIES,3,E01029985,0,-1
2023430291207,2023,430291207,1,9,0,18,19,6,2,0,0,0,0,0,0,0,1,1,6,6,1,52,8,1995,2,13,BMW 1 SERIES,10,E01023194,0,-1
2023461300337,2023,461300337,1,9,0,4,4,8,5,0,0,0,0,0,0,0,4,1,6,6,1,23,5,1995,2,6,BMW 1 SERIES,8,E01024085,0,-1
2023421259761,2023,421259761,2,9,0,18,19,3,7,0,0,2,0,0,0,0,1,1,5,6,1,20,4,1496,2,5,BMW 1 SERIES,-1,-1,0,-1
2023231370344,2023,231370344,2,9,0,11,11,4,8,0,0,3,1,0,0,0,4,1,6,6,3,25,5,1995,2,9,BMW 1 SERIES,-1,-1,0,-1
2023170M11233,2023,170M11233,1,9,0,4,4,4,8,0,0,0,0,0,0,0,2,1,6,6,2,31,6,1995,2,9,BMW 1 SERIES,9,E01033474,0,-1
2023131370842,2023,131370842,2,9,0,8,8,4,8,0,0,6,0,0,0,0,2,1,5,6,2,43,7,1995,2,11,BMW 1 SERIES,1,E01011904,0,-1
2023371346772,2023,371346772,1,9,0,7,7,3,7,0,0,2,0,0,0,0,3,1,5,6,1,28,6,1995,2,8,BMW 1 SERIES,4,E01030295,0,-1
2023552300699,2023,552300699,1,9,0,18,19,5,1,0,0,1,0,0,0,0,1,1,6,6,1,22,5,1995,2,12,BMW 1 SERIES,5,E01015346,0,-1
2023010467674,2023,010467674,1,9,0,99,99,9,9,99,99,9,9,99,9,99,2,9,2,2,2,27,6,1496,2,6,BMW 1 SERIES,2,E01000525,0,-1
2023010449393,2023,010449393,1,9,0,7,7,5,7,0,0,8,0,0,0,0,1,1,6,6,1,40,7,1995,1,13,BMW 1 SERIES,2,E01003497,0,-1
2023461262543,2023,461262543,2,9,0,-1,-1,-1,-1,-1,-1,0,-1,-1,-1,0,2,1,6,6,1,29,6,1995,2,17,BMW 1 SERIES,8,E01024779,0,-1
2023231372898,2023,231372898,1,9,0,18,19,7,5,0,0,5,0,0,0,0,1,1,6,6,1,59,9,1995,2,6,BMW 1 SERIES,10,E01031296,0,-1
2023010460300,2023,010460300,1,9,0,1,1,8,4,0,0,0,0,0,0,0,2,1,6,6,1,22,5,1496,2,7,BMW 1 SERIES,1,E01004309,0,-1
2023070633587,2023,070633587,1,9,0,18,19,6,2,0,0,0,0,0,0,0,1,1,6,6,1,-1,-1,1995,2,14,BMW 1 SERIES,-1,-1,0,-1
2023361336086,2023,361336086,1,9,0,5,5,7,3,0,0,1,0,0,0,0,1,1,6,6,1,23,5,1995,2,10,BMW 1 SERIES,4,E01026841,0,-1
2023122301113,2023,122301113,1,9,0,18,19,8,4,0,0,0,0,0,0,0,3,1,3,7,3,35,6,1995,2,15,BMW 1 SERIES,9,E01027556,0,-1
2023440065878,2023,440065878,1,9,0,9,9,4,8,0,0,8,0,0,0,0,1,1,6,6,2,35,6,1995,2,9,BMW 1 SERIES,8,E01022829,0,-1
2023010461362,2023,010461362,1,9,0,9,9,5,4,0,0,5,0,0,0,0,1,1,6,6,1,40,7,2000,1,14,BMW 1 SERIES,8,E01033612,0,-1
2023461291335,2023,461291335,3,9,0,10,10,5,1,0,0,0,0,0,0,0,2,1,6,6,2,33,6,1995,1,14,BMW 1 SERIES,-1,-1,0,-1
2023070840618,2023,070840618,1,9,0,13,13,8,4,0,0,1,0,0,7,0,1,1,6,6,3,-1,-1,1995,2,4,BMW 1 SERIES,-1,-1,0,-1
2023440133985,2023,440133985,1,9,0,9,9,4,2,0,0,8,0,0,0,0,3,1,6,6,2,72,10,1499,1,0,BMW 1 SERIES,-1,-1,0,-1
2023451320517,2023,451320517,2,9,0,9,9,7,5,8,6,2,0,0,2,0,1,1,5,6,1,17,4,1496,2,6,BMW 1 SERIES,7,E01004130,0,-1
2023440292806,2023,440292806,3,9,0,18,19,3,7,0,0,1,0,0,0,0,1,1,6,6,3,-1,-1,1599,1,15,BMW 1 SERIES,-1,-1,0,-1
2023320697731,2023,320697731,3,9,0,18,19,4,8,0,0,0,0,0,0,0,1,1,1,1,2,28,6,1995,2,16,BMW 1 SERIES,3,E01026024,0,-1
2023461357092,2023,461357092,1,9,0,7,7,8,4,0,0,6,0,0,0,0,2,1,6,6,2,42,7,1995,2,13,BMW 1 SERIES,6,E01024335,0,-1
2023201301639,2023,201301639,1,9,0,18,19,4,8,0,0,0,0,7,0,0,1,1,6,6,1,18,4,1995,1,13,BMW 1 SERIES,1,E01033187,0,-1
2023421340592,2023,421340592,1,9,0,1,1,2,5,0,0,0,0,0,0,0,2,1,6,6,2,-1,-1,1995,2,17,BMW 1 SERIES,-1,-1,0,-1
2023543546323,2023,543546323,1,9,0,14,14,3,7,0,0,0,0,0,0,0,4,1,2,2,2,50,8,1499,1,3,BMW 1 SERIES,3,E01029036,0,-1
2023451298571,2023,451298571,2,9,0,7,7,1,5,0,0,0,0,11,1,2,2,1,5,6,2,30,6,1995,2,9,BMW 1 SERIES,7,E01030652,0,-1
2023041378272,2023,041378272,2,9,0,18,19,1,5,0,0,8,0,0,1,0,3,1,5,6,1,28,6,1995,2,7,BMW 1 SERIES,4,E01010801,0,-1
2023052302036,2023,052302036,1,9,0,9,9,5,1,0,0,1,0,0,0,0,1,1,6,6,2,22,5,1995,2,4,BMW 1 SERIES,7,E01006623,0,-1
2023471325513,2023,471325513,2,9,0,18,19,3,7,0,0,1,0,0,7,0,1,1,5,6,2,22,5,1995,2,10,BMW 1 SERIES,6,E01020949,0,-1
2023401270249,2023,401270249,1,9,0,18,19,5,1,0,0,0,0,0,0,0,1,1,6,6,1,38,7,1995,2,8,BMW 1 SERIES,5,E01017586,0,-1
2023631363109,2023,631363109,2,9,0,5,5,1,5,0,0,0,0,0,0,0,1,1,2,2,2,29,6,1998,1,6,BMW 1 SERIES,8,W01000554,0,-1
2023201306642,2023,201306642,1,9,0,17,19,4,7,0,0,0,0,0,0,0,4,1,6,6,1,48,8,1998,1,2,BMW 1 SERIES,9,E01028790,0,-1
2023170M10283,2023,170M10283,2,9,0,9,9,2,8,4,4,8,0,0,0,0,1,1,6,6,2,22,5,1496,2,1,BMW 1 SERIES,1,E01012089,0,-1
2023010459904,2023,010459904,2,9,0,18,19,3,7,0,0,1,0,0,0,0,3,1,6,6,1,38,7,1995,1,16,BMW 1 SERIES,3,E01033744,0,-1
2023131331339,2023,131331339,1,9,0,18,19,1,5,0,0,0,0,0,0,0,1,1,5,6,1,43,7,1995,2,13,BMW 1 SERIES,9,E01027595,0,-1
2023451362294,2023,451362294,2,9,0,9,9,4,8,0,0,1,0,0,0,0,1,1,6,6,1,40,7,1995,1,12,BMW 1 SERIES,9,E01022874,0,-1
2023161304159,2023,161304159,1,9,0,9,9,4,3,0,0,1,0,0,1,0,1,1,5,6,1,52,8,1995,2,15,BMW 1 SERIES,1,E01013181,0,-1
2023332300798,2023,332300798,1,9,0,18,19,2,6,0,0,8,0,0,0,0,1,1,6,6,1,-1,-1,1599,1,14,BMW 1 SERIES,-1,-1,0,-1
2023351349935,2023,351349935,5,9,0,2,2,0,0,0,0,0,0,4,0,0,2,1,5,6,3,-1,-1,1995,2,4,BMW 1 SERIES,-1,-1,0,-1
2023201277451,2023,201277451,2,9,0,5,5,8,4,0,0,6,0,0,0,0,1,1,6,6,2,27,6,1499,1,7,BMW 1 SERIES,1,E01009498,0,-1
2023141305508,2023,141305508,1,9,0,9,9,3,7,0,0,8,0,0,0,0,1,1,6,6,1,17,4,1496,2,7,BMW 1 SERIES,1,E01007716,0,-1
2023052301967,2023,052301967,1,9,0,9,9,3,7,0,0,8,0,0,0,0,4,1,6,6,2,31,6,1995,2,13,BMW 1 SERIES,3,E01006535,0,-1
2023501343275,2023,501343275,1,9,0,18,19,7,3,0,0,6,0,11,0,0,1,1,6,6,2,29,6,1995,2,19,BMW 1 SERIES,5,E01018847,0,-1
2023401314956,2023,401314956,1,9,0,18,19,8,4,0,0,0,1,0,7,0,1,1,6,6,1,36,7,1995,2,11,BMW 1 SERIES,6,E01017508,0,-1
2023340506790,2023,340506790,2,9,0,18,19,5,1,0,0,0,1,0,0,0,2,1,2,2,1,44,7,1600,2,11,BMW 1 SERIES,5,E01028441,0,-1
2023111307675,2023,111307675,2,9,0,10,10,1,5,0,0,8,0,0,0,0,2,1,5,6,2,44,7,1995,2,15,BMW 1 SERIES,2,E01020784,0,-1
2023421313554,2023,421313554,1,9,0,18,19,7,3,0,0,8,0,0,0,0,1,1,5,6,1,38,7,1995,2,17,BMW 1 SERIES,3,E01033051,0,-1
2023440378225,2023,440378225,2,9,0,2,2,0,0,-1,-1,0,0,0,0,0,1,1,6,6,2,53,8,1995,2,11,BMW 1 SERIES,-1,-1,0,-1
2023340WN3112,2023,340WN3112,2,9,0,18,19,6,2,0,0,1,0,0,0,0,1,1,6,6,2,19,4,1995,2,12,BMW 1 SERIES,1,E01027249,0,-1
2023401310940,2023,401310940,1,9,0,10,10,1,5,0,0,0,0,0,0,0,1,1,6,6,1,18,4,1995,1,17,BMW 1 SERIES,1,E01015773,0,-1