collision_index,collision_year,collision_ref_no,vehicle_reference,vehicle_type,towing_and_articulation,vehicle_manoeuvre_historic,vehicle_manoeuvre,vehicle_direction_from,vehicle_direction_to,vehicle_location_restricted_lane_historic,vehicle_location_restricted_lane,junction_location,skidding_and_overturning,hit_object_in_carriageway,vehicle_leaving_carriageway,hit_object_off_carriageway,first_point_of_impact,vehicle_left_hand_drive,journey_purpose_of_driver_historic,journey_purpose_of_driver,sex_of_driver,age_of_driver,age_band_of_driver,engine_capacity_cc,propulsion_code,age_of_vehicle,generic_make_model,driver_imd_decile,lsoa_of_driver,escooter_flag,driver_distance_banding
2023010467810,2023,010467810,1,9,0,18,19,1,5,0,0,0,0,0,1,0,1,1,6,6,1,23,5,1496,2,4,BMW 1 SERIES,4,E01000792,0,-1
2023311338679,2023,311338679,1,9,0,5,5,1,4,0,0,1,0,0,0,0,1,1,5,6,2,50,8,1499,1,5,BMW 1 SERIES,6,E01028283,0,-1
2023010445411,2023,010445411,3,9,0,99,99,9,9,99,99,9,9,99,0,0,1,9,6,6,2,27,6,1499,1,4,BMW 1 SERIES,-1,-1,0,-1
2023071031995,2023,071031995,1,9,0,18,19,1,5,0,0,0,1,0,5,7,1,1,2,2,2,20,4,1496,2,7,BMW 1 SERIES,1,E01007179,0,-1
2023401379858,2023,401379858,2,9,0,5,5,5,2,9,9,0,0,0,0,0,1,1,6,6,2,22,5,1995,2,8,BMW 1 SERIES,4,E01015786,0,-1
2023010484194,2023,010484194,2,9,0,99,99,9,9,99,99,9,9,99,9,99,9,9,6,6,3,-1,-1,1995,1,14,BMW 1 SERIES,-1,-1,0,-1
2023471326345,2023,471326345,2,9,0,2,2,3,7,0,0,0,0,0,1,11,2,1,6,6,1,66,10,1995,2,14,BMW 1 SERIES,7,E01016883,0,-1
2023451344635,2023,451344635,2,9,0,18,19,5,1,0,0,1,0,0,0,0,1,1,6,6,1,20,4,1995,1,17,BMW 1 SERIES,10,E01030614,0,-1
2023170H10573,2023,170H10573,1,9,0,7,7,3,5,0,0,8,0,0,0,0,1,1,6,6,1,42,7,1496,2,6,BMW 1 SERIES,6,E01011967,0,-1
2023070010150,2023,070010150,3,9,0,4,4,1,5,0,0,1,0,0,0,0,2,1,2,2,2,35,6,1995,2,13,BMW 1 SERIES,9,E01018650,0,-1
2023320187947,2023,320187947,1,9,0,18,19,6,2,0,0,1,0,0,0,0,4,1,6,6,1,44,7,1995,2,4,BMW 1 SERIES,10,E01026395,0,-1
2023041328103,2023,041328103,1,9,0,18,19,1,5,0,0,0,0,0,0,0,1,1,6,6,3,-1,-1,1995,2,14,BMW 1 SERIES,-1,-1,0,-1
2023010459431,2023,010459431,2,9,9,6,6,1,1,99,99,0,9,99,9,99,9,9,6,6,2,-1,-1,1499,1,4,BMW 1 SERIES,-1,-1,0,-1
2023010424717,2023,010424717,2,9,0,99,99,9,9,99,99,9,9,99,9,99,9,9,6,6,3,-1,-1,1499,1,4,BMW 1 SERIES,-1,-1,0,-1
2023501373478,2023,501373478,1,9,0,18,19,6,3,0,0,0,0,0,8,11,1,1,6,6,1,49,8,1995,2,12,BMW 1 SERIES,3,E01018799,0,-1
2023221332596,2023,221332596,1,9,0,17,19,2,7,0,0,0,1,10,1,11,1,1,6,6,1,31,6,1995,2,14,BMW 1 SERIES,9,E01032433,0,-1
2023320212140,2023,320212140,1,9,0,4,4,7,3,0,0,0,0,0,0,0,1,1,6,6,1,27,6,1995,2,13,BMW 1 SERIES,6,E01026021,0,-1
2023340WN6362,2023,340WN6362,1,9,0,18,19,4,8,0,0,1,0,0,1,1,1,1,6,6,1,33,6,1995,2,13,BMW 1 SERIES,9,E01027218,0,-1
2023010453671,2023,010453671,3,9,9,99,99,9,9,99,99,9,9,99,9,99,9,9,6,6,3,-1,-1,1499,1,5,BMW 1 SERIES,-1,-1,0,-1
2023041296992,2023,041296992,2,9,0,18,19,5,1,0,0,1,0,0,0,0,1,1,5,6,2,36,7,1598,1,10,BMW 1 SERIES,2,E01025234,0,-1
2023501344092,2023,501344092,1,9,0,18,19,7,1,0,0,1,0,0,0,0,1,1,6,6,1,19,4,1995,2,16,BMW 1 SERIES,2,E01019076,0,-1
2023501319378,2023,501319378,2,9,0,18,19,1,5,0,0,1,0,0,0,0,1,1,3,7,2,43,7,1995,2,18,BMW 1 SERIES,8,E01015068,0,-1
2023461304225,2023,461304225,1,9,0,18,19,7,1,0,0,0,0,0,0,0,1,1,6,6,1,47,8,1499,1,5,BMW 1 SERIES,4,E01024665,0,-1
2023991332621,2023,991332621,3,9,0,2,2,6,2,0,0,0,0,4,0,0,3,1,5,6,1,49,8,2996,1,15,BMW 1 SERIES,-1,-1,0,-1
2023440146738,2023,440146738,1,9,0,18,19,5,1,0,0,8,0,0,0,0,1,1,6,6,1,30,6,1596,1,17,BMW 1 SERIES,9,E01022783,0,-1
2023421316942,2023,421316942,1,9,0,9,9,2,1,0,0,8,0,0,0,0,1,1,5,6,1,71,10,1995,2,13,BMW 1 SERIES,6,E01033056,0,-1
2023201313709,2023,201313709,1,9,0,7,7,8,1,0,0,4,0,0,0,0,3,1,6,6,1,21,5,2979,1,14,BMW 1 SERIES,4,E01009835,0,-1
2023201365761,2023,201365761,1,9,0,18,19,3,7,0,0,6,1,0,0,0,1,1,5,6,1,26,6,1598,1,9,BMW 1 SERIES,6,E01032591,0,-1
2023201413872,2023,201413872,1,9,0,9,9,4,2,0,0,5,0,0,0,0,1,1,6,6,1,-1,-1,1995,2,14,BMW 1 SERIES,-1,-1,0,-1
2023201393227,2023,201393227,1,9,0,18,19,6,2,0,0,0,0,0,0,0,3,1,6,6,3,-1,-1,1995,2,14,BMW 1 SERIES,-1,-1,0,-1
2023311344252,2023,311344252,5,9,0,18,19,5,1,0,0,0,0,0,0,0,2,1,6,6,2,37,7,1496,2,8,BMW 1 SERIES,2,E01013897,0,-1
2023471337304,2023,471337304,2,9,0,18,19,2,6,0,0,0,0,0,0,0,1,1,5,6,1,18,4,1598,1,12,BMW 1 SERIES,7,E01031421,0,-1
2023411348249,2023,411348249,2,9,0,3,3,1,5,0,0,0,0,0,0,0,2,1,6,6,1,36,7,1995,1,13,BMW 1 SERIES,7,E01023888,0,-1
2023221356376,2023,221356376,1,9,0,18,19,3,7,0,0,4,0,0,0,0,1,1,6,6,2,42,7,1496,2,6,BMW 1 SERIES,3,E01014141,0,-1
2023041365419,2023,041365419,1,9,0,18,19,3,7,0,0,1,0,0,0,0,1,1,5,6,1,21,5,1496,2,6,BMW 1 SERIES,1,E01005009,0,-1
2023311281318,2023,311281318,2,9,0,18,19,6,2,0,0,0,0,0,0,0,3,1,6,6,2,-1,-1,1995,2,17,BMW 1 SERIES,1,E01026383,0,-1
2023010439028,2023,010439028,1,9,0,4,4,7,3,0,0,0,0,0,0,0,2,1,6,6,2,24,5,1499,1,4,BMW 1 SERIES,4,E01002650,0,-1
202360A194726,2023,60A194726,3,9,0,18,19,6,2,0,0,1,0,0,0,0,4,1,6,6,2,31,6,1995,2,15,BMW 1 SERIES,-1,-1,0,-1
2023421272433,2023,421272433,1,9,0,18,19,5,1,0,0,0,0,0,0,0,1,1,3,7,2,25,5,1995,2,11,BMW 1 SERIES,1,E01021970,0,-1
2023010460716,2023,010460716,1,9,0,11,11,7,3,0,0,1,0,0,0,0,2,1,6,6,2,68,10,1995,2,4,BMW 1 SERIES,2,E01014236,0,-1
2023421380097,2023,421380097,2,9,0,2,2,7,3,0,0,0,0,0,0,0,2,1,6,6,3,-1,-1,1995,2,10,BMW 1 SERIES,-1,-1,0,-1
2023010461824,2023,010461824,1,9,0,99,99,9,9,99,99,0,9,99,9,99,9,9,6,6,1,22,5,1496,2,7,BMW 1 SERIES,6,E01000555,0,-1
2023631309379,2023,631309379,2,9,0,3,3,4,8,0,0,0,0,0,0,0,2,1,5,6,1,30,6,1496,2,4,BMW 1 SERIES,5,W01000740,0,-1
2023622300099,2023,622300099,2,9,0,18,19,6,2,0,0,8,0,0,0,0,1,1,6,6,2,39,7,1995,2,12,BMW 1 SERIES,8,W01001672,0,-1
2023320372982,2023,320372982,1,9,0,13,13,4,8,0,0,1,1,0,1,9,4,1,6,6,1,25,5,1995,2,7,BMW 1 SERIES,2,E01009121,0,-1
2023471291429,2023,471291429,2,9,0,3,3,7,3,0,0,0,0,0,0,0,2,1,2,2,1,41,7,1496,2,7,BMW 1 SERIES,7,E01020962,0,-1
2023501367015,2023,501367015,2,9,0,3,3,6,3,0,0,1,0,0,0,0,1,1,2,2,2,47,8,1995,2,13,BMW 1 SERIES,9,E01015197,0,-1
2023440114561,2023,440114561,2,9,0,18,19,7,5,0,0,8,0,0,0,0,1,1,6,6,1,27,6,1496,2,5,BMW 1 SERIES,5,E01017044,0,-1
2023211436163,2023,211436163,2,9,0,18,19,7,3,0,0,1,0,0,0,0,3,1,5,6,2,42,7,1995,2,9,BMW 1 SERIES,-1,-1,0,-1
2023010474538,2023,010474538,2,9,0,3,3,1,5,0,0,5,0,0,0,0,1,1,6,6,1,21,5,1995,1,14,BMW 1 SERIES,3,E01000195,0,-1
2023302301052,2023,302301052,1,9,0,18,19,2,6,0,0,0,0,0,0,0,4,1,6,6,2,59,9,1995,2,6,BMW 1 SERIES,10,E01013466,0,-1
2023010471451,2023,010471451,1,9,0,99,99,9,9,99,99,9,9,99,9,99,3,9,6,6,1,34,6,1499,1,7,BMW 1 SERIES,2,E01000084,0,-1
2023070551852,2023,070551852,1,9,0,7,7,7,3,0,0,5,0,0,0,0,4,1,6,6,1,-1,-1,1598,1,11,BMW 1 SERIES,-1,-1,0,-1
2023421285133,2023,421285133,1,9,0,16,19,8,4,0,0,0,1,0,7,9,1,1,5,6,2,23,5,1995,2,10,BMW 1 SERIES,5,E01021880,0,-1
2023522400165,2023,522400165,2,9,0,18,19,5,1,0,0,8,0,0,0,0,1,1,6,6,2,20,4,1995,2,18,BMW 1 SERIES,4,E01032104,0,-1
2023010442546,2023,010442546,1,9,0,99,99,9,9,99,99,0,9,99,9,99,1,9,6,6,2,40,7,1995,2,7,BMW 1 SERIES,9,E01004100,0,-1
202354B148823,2023,54B148823,1,9,0,18,19,8,4,0,0,3,0,0,0,0,1,1,6,6,1,22,5,1596,1,17,BMW 1 SERIES,4,E01017158,0,-1
2023201364041,2023,201364041,2,9,0,2,2,0,0,0,0,0,0,0,0,0,4,1,6,6,1,20,4,1499,1,6,BMW 1 SERIES,3,E01010382,0,-1
2023221388234,2023,221388234,2,9,0,3,3,1,5,0,0,0,1,0,0,0,2,1,6,6,1,26,6,1499,1,5,BMW 1 SERIES,5,E01032264,0,-1
2023010449944,2023,010449944,1,9,0,18,19,7,3,0,0,1,0,0,0,0,1,1,6,6,1,35,6,1600,1,12,BMW 1 SERIES,4,E01002250,0,-1
2023111378029,2023,111378029,2,9,0,18,19,7,3,0,0,0,0,0,0,0,1,1,6,6,2,43,7,1995,2,13,BMW 1 SERIES,7,E01020879,0,-1
2023010437939,2023,010437939,2,9,0,99,99,9,9,99,99,9,9,99,9,99,1,9,6,6,3,-1,-1,1599,1,15,BMW 1 SERIES,-1,-1,0,-1
2023010462319,2023,010462319,2,9,0,4,4,2,6,0,0,1,0,0,0,0,1,1,6,6,2,53,8,1995,2,10,BMW 1 SERIES,7,E01023517,0,-1
2023061325559,2023,061325559,1,9,-1,18,19,1,5,0,0,8,0,0,0,0,1,1,6,6,3,30,6,1995,2,14,BMW 1 SERIES,-1,-1,0,-1
2023351396801,2023,351396801,1,9,0,9,9,6,4,0,0,5,0,0,0,0,1,1,5,6,2,25,5,1995,2,18,BMW 1 SERIES,9,E01017428,0,-1
2023070945165,2023,070945165,1,9,0,18,19,2,6,0,0,3,0,0,0,0,1,1,6,6,1,38,7,1995,2,14,BMW 1 SERIES,1,E01018519,0,-1
2023101328421,2023,101328421,2,9,0,2,2,1,5,0,0,0,1,0,1,0,2,1,5,6,2,26,6,1995,2,9,BMW 1 SERIES,5,E01008707,0,-1
2023332300727,2023,332300727,1,9,0,18,19,6,2,0,0,8,0,0,0,0,1,1,6,6,1,48,8,1995,1,14,BMW 1 SERIES,6,E01031025,0,-1
2023302300221,2023,302300221,2,9,0,9,9,8,6,0,0,0,0,0,0,0,2,1,6,6,2,51,8,1995,2,12,BMW 1 SERIES,3,E01019777,0,-1
2023010475910,2023,010475910,1,9,0,99,99,9,9,99,99,9,9,99,9,99,2,1,6,6,1,32,6,1997,1,9,BMW 1 SERIES,2,E01001695,0,-1
2023061267348,2023,061267348,2,9,-1,18,19,6,2,0,0,8,0,0,0,0,1,1,6,6,1,36,7,1598,2,10,BMW 1 SERIES,1,E01005472,0,-1
2023302302003,2023,302302003,1,9,0,18,19,2,6,0,0,0,0,0,0,0,4,1,2,2,1,24,5,1995,2,7,BMW 1 SERIES,3,E01019759,0,-1
2023201339750,2023,201339750,1,9,0,13,13,8,4,0,0,8,0,0,0,0,1,1,6,6,1,21,5,1496,2,4,BMW 1 SERIES,9,W01001631,0,-1
2023221298199,2023,221298199,1,9,0,16,19,4,7,0,0,0,0,0,0,0,1,1,6,6,1,33,6,1995,2,13,BMW 1 SERIES,2,E01008919,0,-1
2023401365996,2023,401365996,2,9,0,9,9,6,3,0,0,1,0,0,0,0,1,1,2,2,1,28,6,1596,1,16,BMW 1 SERIES,8,E01017461,0,-1
2023401279985,2023,401279985,2,9,0,18,19,4,8,0,0,0,0,0,7,0,2,1,5,6,2,39,7,1499,1,6,BMW 1 SERIES,10,E01023686,0,-1
2023111287325,2023,111287325,1,9,0,5,5,8,1,0,0,6,0,0,0,0,1,1,6,6,3,30,6,1995,2,5,BMW 1 SERIES,-1,-1,0,-1
2023010419729,2023,010419729,2,9,0,99,99,9,9,99,99,9,9,99,9,99,0,9,6,6,3,-1,-1,1597,1,16,BMW 1 SERIES,4,E01000559,0,-1
2023010473238,2023,010473238,1,9,0,13,13,1,5,0,0,2,0,0,0,0,1,1,6,6,1,23,5,1598,1,8,BMW 1 SERIES,-1,-1,0,-1
2023421292224,2023,421292224,1,9,0,18,19,3,7,0,0,1,0,0,0,0,1,1,6,6,1,67,10,1995,2,13,BMW 1 SERIES,3,E01015868,0,-1
2023111283350,2023,111283350,2,9,0,18,19,1,5,0,0,3,0,0,0,0,2,1,5,6,2,25,5,1995,2,10,BMW 1 SERIES,9,E01020611,0,-1
2023401265937,2023,401265937,3,9,0,3,3,1,5,0,0,0,0,0,0,0,2,1,6,6,1,66,10,1995,2,15,BMW 1 SERIES,8,E01023315,0,-1
2023010485015,2023,010485015,5,9,0,4,4,7,3,0,0,0,0,0,0,0,1,1,6,6,1,29,6,1496,2,6,BMW 1 SERIES,3,E01003269,0,-1
2023201316350,2023,201316350,1,9,0,13,13,4,8,0,0,2,0,0,0,0,4,1,6,6,1,23,5,1499,1,5,BMW 1 SERIES,1,E01009542,0,-1
2023520300670,2023,520300670,1,9,0,18,19,4,8,0,0,8,0,0,0,0,4,1,6,6,1,22,5,1995,2,14,BMW 1 SERIES,5,E01029047,0,-1
2023170H10563,2023,170H10563,2,9,0,18,19,5,1,0,0,8,0,0,0,0,4,1,6,6,1,24,5,1995,2,8,BMW 1 SERIES,4,E01033467,0,-1
2023430095546,2023,430095546,1,9,0,18,19,7,3,0,0,8,1,10,3,9,1,1,6,6,1,21,5,1496,2,3,BMW 1 SERIES,10,E01016430,0,-1
2023421349312,2023,421349312,1,9,0,5,5,7,6,0,0,8,0,0,0,0,3,1,5,6,1,19,4,1995,1,14,BMW 1 SERIES,3,E01021437,0,-1
2023520301312,2023,520301312,1,9,0,18,19,7,3,0,0,8,0,0,0,0,1,1,6,6,2,22,5,1995,2,16,BMW 1 SERIES,6,E01029054,0,-1
202360A113840,2023,60A113840,2,9,0,18,19,2,1,0,0,1,0,0,0,0,1,1,6,6,2,22,5,1598,2,10,BMW 1 SERIES,-1,-1,0,-1
2023531316483,2023,531316483,2,9,0,4,4,3,7,0,0,0,0,0,0,0,2,1,2,2,2,32,6,1995,2,11,BMW 1 SERIES,5,E01022459,0,-1
2023010436994,2023,010436994,2,9,0,99,99,9,9,99,99,0,9,99,9,99,9,9,6,6,3,-1,-1,1995,1,15,BMW 1 SERIES,-1,-1,0,-1
2023371373307,2023,371373307,2,9,-1,-1,-1,2,1,-1,-1,0,-1,-1,-1,0,1,1,6,6,1,19,4,1499,1,4,BMW 1 SERIES,8,E01030015,0,-1
2023421307011,2023,421307011,1,9,0,17,19,3,7,0,0,0,0,0,7,0,1,1,5,6,2,18,4,1496,2,5,BMW 1 SERIES,2,E01021816,0,-1
2023631391569,2023,631391569,1,9,0,16,19,1,5,0,0,0,0,0,0,0,1,1,1,1,1,29,6,1995,2,7,BMW 1 SERIES,4,W01000730,0,-1
2023231375726,2023,231375726,1,9,0,5,5,6,2,0,0,6,0,0,0,0,1,1,5,6,2,62,9,1499,1,2,BMW 1 SERIES,10,E01010183,0,-1
2023421341737,2023,421341737,2,9,0,18,19,5,1,0,0,1,0,0,0,0,2,1,6,6,2,40,7,1995,2,18,BMW 1 SERIES,9,E01021560,0,-1
2023010463079,2023,010463079,2,9,0,2,2,0,0,0,0,0,0,0,0,0,3,1,6,6,3,-1,-1,2996,1,15,BMW 1 SERIES,-1,-1,0,-1
2023520300910,2023,520300910,1,9,0,18,19,5,1,0,0,0,0,0,0,0,1,1,6,6,2,59,9,1496,2,7,BMW 1 SERIES,4,E01029044,0,-1
2023221395854,2023,221395854,1,9,0,18,19,2,7,0,0,0,0,0,1,10,1,1,6,6,1,24,5,1496,2,6,BMW 1 SERIES,2,E01014042,0,-1
2023371313152,2023,371313152,2,9,0,2,2,0,0,0,0,0,0,0,0,0,3,1,5,6,2,54,8,1496,2,1,BMW 1 SERIES,5,E01029884,0,-1
2023131334149,2023,131334149,1,9,0,18,19,4,8,0,0,8,0,0,0,0,1,1,5,6,1,29,6,1496,2,7,BMW 1 SERIES,1,E01011429,0,-1
2023141321961,2023,141321961,2,9,0,18,19,2,6,0,0,0,0,0,0,0,2,1,5,6,1,21,5,1995,2,13,BMW 1 SERIES,-1,-1,0,-1
2023421284206,2023,421284206,1,9,0,18,19,3,7,0,0,0,0,0,0,0,1,1,6,6,2,61,9,1995,1,18,BMW 1 SERIES,4,E01021785,0,-1
2023101392969,2023,101392969,1,9,0,18,19,7,3,0,0,0,0,0,0,0,1,1,6,6,2,30,6,1598,1,9,BMW 1 SERIES,2,E01008699,0,-1
2023991302525,2023,991302525,1,9,0,18,19,7,3,0,0,0,0,0,0,0,1,1,5,6,1,51,8,1995,2,10,BMW 1 SERIES,10,-1,0,-1
2023061310074,2023,061310074,2,9,0,18,19,6,2,0,0,8,0,0,0,0,3,1,6,6,2,33,6,1995,2,11,BMW 1 SERIES,6,E01006271,0,-1
2023471350821,2023,471350821,2,9,0,2,2,0,0,0,0,0,0,0,0,0,3,1,6,6,3,-1,-1,1995,2,9,BMW 1 SERIES,-1,-1,0,-1
2023010478843,2023,010478843,1,9,0,99,99,9,9,99,99,9,9,99,9,99,2,9,6,6,2,29,6,1496,2,6,BMW 1 SERIES,1,E01001847,0,-1
2023302300585,2023,302300585,1,9,0,18,19,4,8,0,0,0,0,0,0,0,1,1,6,6,3,-1,-1,1995,2,15,BMW 1 SERIES,5,E01019456,0,-1
2023041324569,2023,041324569,2,9,0,18,19,1,5,0,0,1,0,0,0,0,1,1,6,6,1,26,6,1995,2,10,BMW 1 SERIES,8,E01025233,0,-1
2023311299835,2023,311299835,2,9,0,18,19,5,1,0,0,0,0,0,0,0,1,1,5,6,1,28,6,1499,1,2,BMW 1 SERIES,-1,-1,0,-1
2023131264059,2023,131264059,1,9,0,7,7,8,3,0,0,6,0,0,0,0,1,1,2,2,1,55,8,1496,2,6,BMW 1 SERIES,5,E01011749,0,-1
2023041363008,2023,041363008,1,9,0,17,19,2,6,0,0,0,0,0,0,0,1,1,2,2,1,23,5,1995,2,13,BMW 1 SERIES,4,E01025065,0,-1
2023421284479,2023,421284479,2,9,0,7,7,1,3,0,0,3,0,0,0,0,3,1,5,6,1,29,6,1597,1,15,BMW 1 SERIES,5,E01002292,0,-1
2023101300957,2023,101300957,1,9,0,9,9,6,5,0,0,8,0,0,0,0,1,1,6,6,2,23,5,1995,1,13,BMW 1 SERIES,1,E01008218,0,-1
2023010443448,2023,010443448,2,9,0,99,99,9,9,0,0,8,0,0,0,0,1,9,6,6,1,-1,-1,1995,2,2,BMW 1 SERIES,-1,-1,0,-1
2023401284992,2023,401284992,1,9,-1,-1,-1,7,3,-1,-1,-1,-1,-1,-1,0,-1,1,6,6,3,-1,-1,1995,2,6,BMW 1 SERIES,-1,-1,0,-1
2023340WN3682,2023,340WN3682,1,9,0,9,9,8,6,0,0,5,0,0,0,0,1,1,6,6,2,22,5,1995,2,11,BMW 1 SERIES,9,E01027263,0,-1
2023361305981,2023,361305981,1,9,0,9,9,5,3,0,0,6,0,0,0,0,1,1,5,6,2,19,4,1995,2,15,BMW 1 SERIES,4,E01026278,0,-1
2023461360295,2023,461360295,1,9,0,18,19,1,5,0,0,0,0,0,0,0,2,1,6,6,1,21,5,1995,2,15,BMW 1 SERIES,9,E01024123,0,-1
2023170S12053,2023,170S12053,2,9,0,16,19,6,2,0,0,3,0,0,0,0,1,1,6,6,1,19,4,1499,1,6,BMW 1 SERIES,10,E01012201,0,-1
2023010429735,2023,010429735,1,9,0,99,99,9,9,99,99,0,9,99,9,99,2,9,6,6,2,30,6,1995,2,10,BMW 1 SERIES,7,E01002255,0,-1
2023471327935,2023,471327935,1,9,0,9,9,1,4,0,0,5,1,10,7,1,1,1,5,6,1,23,5,1598,1,12,BMW 1 SERIES,9,E01021153,0,-1
2023010471273,2023,010471273,3,9,0,18,19,3,7,0,0,1,0,0,0,0,0,1,6,6,3,-1,-1,1995,2,1,BMW 1 SERIES,-1,-1,0,-1
2023471264004,2023,471264004,1,9,0,4,4,3,7,0,0,0,0,0,0,0,1,1,5,6,1,31,6,1995,2,15,BMW 1 SERIES,3,E01016922,0,-1
2023411301490,2023,411301490,1,9,0,4,4,2,6,0,0,0,0,0,0,0,4,1,2,2,1,58,9,1995,2,15,BMW 1 SERIES,5,E01023384,0,-1
2023461391517,2023,461391517,1,9,0,9,9,1,7,0,0,5,0,0,0,0,4,1,5,6,1,21,5,1598,1,11,BMW 1 SERIES,2,E01024496,0,-1
2023131346050,2023,131346050,1,9,0,18,19,3,7,0,0,8,0,0,0,0,1,1,5,6,2,38,7,1995,2,11,BMW 1 SERIES,2,E01011758,0,-1
2023430472063,2023,430472063,1,9,0,18,19,7,3,0,0,0,0,0,0,0,3,1,2,2,1,39,7,1995,2,17,BMW 1 SERIES,10,E01028672,0,-1
2023231281681,2023,231281681,1,9,0,18,19,5,1,0,0,6,0,0,0,0,1,1,5,6,1,36,7,1995,2,8,BMW 1 SERIES,10,E01025834,0,-1
2023351271354,2023,351271354,1,9,0,13,13,5,1,0,0,0,1,0,0,0,1,1,5,6,2,44,7,1496,2,7,BMW 1 SERIES,-1,-1,0,-1
2023041322284,2023,041322284,2,9,0,2,2,0,0,9,9,1,0,0,0,0,2,1,6,6,3,-1,-1,1995,2,4,BMW 1 SERIES,-1,-1,0,-1
2023221372131,2023,221372131,3,9,0,18,19,6,2,0,0,2,1,0,0,0,1,1,2,2,2,24,5,1995,2,17,BMW 1 SERIES,8,E01032189,0,-1
2023010472711,2023,010472711,2,9,0,99,99,9,9,99,99,9,9,99,9,99,9,9,6,6,3,-1,-1,1496,2,2,BMW 1 SERIES,-1,-1,0,-1
2023320756744,2023,320756744,2,9,0,18,19,6,8,0,0,4,0,0,0,0,4,1,2,2,1,25,5,1995,2,10,BMW 1 SERIES,3,E01026318,0,-1
2023340WN3912,2023,340WN3912,1,9,0,9,9,1,5,0,0,1,0,0,7,4,1,1,6,6,1,23,5,1598,2,10,BMW 1 SERIES,10,E01025800,0,-1
2023471336011,2023,471336011,3,9,0,3,3,5,1,0,0,0,0,0,0,0,2,1,5,6,1,44,7,1598,2,10,BMW 1 SERIES,6,E01021145,0,-1
2023170S11553,2023,170S11553,2,9,0,18,19,6,2,0,0,0,0,0,0,0,1,1,6,6,2,49,8,1995,2,11,BMW 1 SERIES,3,E01012253,0,-1
2023302301732,2023,302301732,1,9,0,18,19,1,5,0,0,0,0,0,0,0,2,1,6,6,2,70,10,1995,2,13,BMW 1 SERIES,7,E01019429,0,-1
2023041280282,2023,041280282,1,9,0,7,7,3,7,0,0,6,0,0,0,0,1,1,6,6,3,-1,-1,1995,2,13,BMW 1 SERIES,-1,-1,0,-1
2023221300537,2023,221300537,2,9,0,16,19,4,8,0,0,0,0,0,0,0,1,1,5,6,2,33,6,1995,2,16,BMW 1 SERIES,9,E01032448,0,-1
2023471346378,2023,471346378,1,9,0,13,13,3,7,0,0,0,0,0,0,0,1,1,2,2,1,33,6,1499,1,3,BMW 1 SERIES,1,E01020980,0,-1
2023061280126,2023,061280126,1,9,0,9,9,5,3,0,0,5,0,4,0,0,2,1,6,6,3,-1,-1,1499,1,5,BMW 1 SERIES,-1,-1,0,-1
2023461291348,2023,461291348,1,9,0,7,7,1,5,0,0,0,1,10,0,0,1,1,6,6,1,25,5,1499,1,4,BMW 1 SERIES,3,E01002030,0,-1
2023991367823,2023,991367823,2,9,0,18,19,6,3,0,0,1,0,0,0,0,1,1,5,6,2,28,6,1995,2,4,BMW 1 SERIES,2,-1,0,-1
2023201393238,2023,201393238,1,9,0,18,19,2,6,0,0,4,0,0,0,0,1,1,6,6,3,-1,-1,1598,1,11,BMW 1 SERIES,-1,-1,0,-1
2023201373859,2023,201373859,2,9,0,4,4,2,6,0,0,0,0,0,0,0,2,1,1,1,1,23,5,1496,2,8,BMW 1 SERIES,2,E01010096,0,-1
2023351319352,2023,351319352,1,9,0,4,4,-1,-1,0,0,6,0,0,0,0,1,1,6,6,2,-1,-1,1995,2,9,BMW 1 SERIES,4,E01018095,0,-1
2023201409290,2023,201409290,1,9,0,9,9,6,4,0,0,6,0,0,0,0,1,1,6,6,2,52,8,1995,1,14,BMW 1 SERIES,1,E01009380,0,-1
2023340NN3692,2023,340NN3692,1,9,0,17,19,6,2,0,0,0,2,0,2,2,1,1,6,6,1,32,6,1995,2,12,BMW 1 SERIES,7,E01032967,0,-1
2023010459055,2023,010459055,4,9,0,18,19,3,7,0,0,0,0,0,0,0,1,1,6,6,1,25,5,1496,2,7,BMW 1 SERIES,8,E01021717,0,-1
2023010446108,2023,010446108,2,9,9,99,99,9,9,99,99,9,9,99,9,99,9,9,6,6,1,22,5,1496,2,6,BMW 1 SERIES,4,E01004439,0,-1
2023421340039,2023,421340039,1,9,0,18,19,7,3,0,0,2,0,0,0,0,1,1,2,2,1,31,6,1995,2,14,BMW 1 SERIES,4,E01024120,0,-1
2023201320321,2023,201320321,1,9,0,2,2,0,0,0,0,0,0,0,0,0,2,1,6,6,1,36,7,1499,1,3,BMW 1 SERIES,5,E01009734,0,-1
2023451358222,2023,451358222,1,9,0,18,19,1,4,0,0,1,0,0,0,0,3,1,6,6,1,22,5,1499,1,4,BMW 1 SERIES,6,E01030336,0,-1
2023531319899,2023,531319899,1,9,0,17,19,7,3,0,0,2,1,0,0,0,4,1,6,6,2,24,5,1995,2,8,BMW 1 SERIES,4,E01022240,0,-1
2023361374926,2023,361374926,1,9,0,18,19,-1,-1,0,0,0,0,0,0,0,4,1,5,6,2,67,10,1995,2,13,BMW 1 SERIES,5,E01030176,0,-1
2023501357530,2023,501357530,2,9,0,18,19,7,3,0,0,1,0,0,0,0,4,1,5,6,2,52,8,1598,2,10,BMW 1 SERIES,10,E01019943,0,-1
2023531321487,2023,531321487,1,9,0,18,19,7,3,0,0,0,0,0,0,0,1,1,6,6,2,53,8,1598,2,11,BMW 1 SERIES,5,E01022459,0,-1