collision_index,collision_year,collision_ref_no,vehicle_reference,vehicle_type,towing_and_articulation,vehicle_manoeuvre_historic,vehicle_manoeuvre,vehicle_direction_from,vehicle_direction_to,vehicle_location_restricted_lane_historic,vehicle_location_restricted_lane,junction_location,skidding_and_overturning,hit_object_in_carriageway,vehicle_leaving_carriageway,hit_object_off_carriageway,first_point_of_impact,vehicle_left_hand_drive,journey_purpose_of_driver_historic,journey_purpose_of_driver,sex_of_driver,age_of_driver,age_band_of_driver,engine_capacity_cc,propulsion_code,age_of_vehicle,generic_make_model,driver_imd_decile,lsoa_of_driver,escooter_flag,driver_distance_banding
2023141330698,2023,141330698,2,9,0,5,5,8,4,0,0,6,0,0,0,0,3,1,5,6,1,60,9,1995,1,13,BMW 1 SERIES,5,E01007785,0,-1
2023161326671,2023,161326671,2,9,0,18,19,1,5,0,0,1,0,0,0,0,1,1,6,6,2,28,6,1995,2,12,BMW 1 SERIES,1,E01013201,0,-1
2023320105430,2023,320105430,1,9,0,14,14,7,3,0,0,4,0,0,0,0,4,1,6,6,2,34,6,1995,2,10,BMW 1 SERIES,-1,-1,0,-1
2023311398350,2023,311398350,1,9,0,18,19,5,1,0,0,0,0,0,0,0,1,1,6,6,1,39,7,1499,1,7,BMW 1 SERIES,3,E01013932,0,-1
2023430481298,2023,430481298,1,9,0,9,9,6,4,0,0,4,0,0,0,0,1,1,2,2,2,30,6,1499,1,4,BMW 1 SERIES,10,E01028680,0,-1
2023440268622,2023,440268622,1,9,0,18,19,6,2,0,0,0,1,0,0,0,1,1,2,2,1,40,7,1499,1,3,BMW 1 SERIES,9,E01023170,0,-1
2023010447283,2023,010447283,1,9,0,4,4,1,5,0,0,0,0,0,0,0,1,1,6,6,1,39,7,1499,1,4,BMW 1 SERIES,6,E01003153,0,-1
2023010482917,2023,010482917,5,9,0,2,2,0,0,0,0,0,0,0,0,0,2,1,6,6,3,-1,-1,1598,1,10,BMW 1 SERIES,-1,-1,0,-1
2023111287176,2023,111287176,1,9,0,18,19,8,4,0,0,0,1,0,1,10,1,1,6,6,1,46,8,1496,2,7,BMW 1 SERIES,1,E01020816,0,-1
2023010476175,2023,010476175,2,9,0,99,99,9,9,99,99,9,9,99,9,99,4,9,6,6,3,-1,-1,1596,1,16,BMW 1 SERIES,-1,-1,0,-1
2023311283187,2023,311283187,1,9,0,13,13,2,6,0,0,0,0,0,0,0,2,1,6,6,3,-1,-1,1995,2,15,BMW 1 SERIES,1,E01028055,0,-1
2023131317845,2023,131317845,1,9,0,17,19,3,7,0,0,8,0,0,0,0,3,1,5,6,1,41,7,1995,2,17,BMW 1 SERIES,5,E01030151,0,-1
2023010485633,2023,010485633,1,9,0,9,9,7,5,0,0,2,0,0,0,0,1,1,6,6,2,39,7,1598,1,11,BMW 1 SERIES,3,E01001465,0,-1
2023221319441,2023,221319441,1,9,0,13,13,4,8,0,0,0,1,0,0,0,3,1,5,6,1,30,6,1995,2,10,BMW 1 SERIES,5,E01028881,0,-1
2023010436383,2023,010436383,1,9,0,7,7,5,7,0,0,2,0,0,0,0,3,1,6,6,1,24,5,1598,1,8,BMW 1 SERIES,6,E01001312,0,-1
2023070861229,2023,070861229,1,9,0,3,3,6,2,0,0,1,0,0,0,0,1,1,6,6,3,-1,-1,1995,2,8,BMW 1 SERIES,-1,-1,0,-1
2023311392732,2023,311392732,2,9,0,3,3,3,5,0,0,4,0,0,0,0,2,1,6,6,2,54,8,1496,2,7,BMW 1 SERIES,4,E01027950,0,-1
2023010480279,2023,010480279,3,9,0,18,19,3,7,0,0,0,0,0,0,0,1,1,6,6,1,19,4,1995,2,15,BMW 1 SERIES,8,E01018238,0,-1
2023061350931,2023,061350931,1,9,0,4,4,6,1,0,0,4,0,0,0,0,1,1,6,6,1,31,6,1995,2,12,BMW 1 SERIES,8,E01004892,0,-1
2023061351461,2023,061351461,1,9,-1,-1,-1,-1,-1,-1,-1,-1,-1,-1,-1,0,-1,1,6,6,1,-1,-1,1598,2,9,BMW 1 SERIES,-1,-1,0,-1
2023332301077,2023,332301077,1,9,0,18,19,6,2,0,0,1,0,0,0,0,4,1,6,6,1,31,6,1598,2,9,BMW 1 SERIES,6,E01013771,0,-1
2023361277271,2023,361277271,1,9,0,18,19,2,6,0,0,0,0,0,7,0,3,1,6,6,1,29,6,1995,2,8,BMW 1 SERIES,9,E01018006,0,-1
2023010424077,2023,010424077,1,9,0,3,3,3,7,0,0,0,0,0,0,0,4,1,6,6,1,29,6,1499,1,5,BMW 1 SERIES,8,E01002333,0,-1
2023061365464,2023,061365464,1,9,0,18,19,2,6,0,0,0,0,0,0,0,1,1,6,6,1,20,4,1598,2,8,BMW 1 SERIES,2,E01005343,0,-1
2023101289049,2023,101289049,1,9,0,12,12,2,6,0,0,8,0,0,0,0,3,1,6,6,3,-1,-1,1995,2,11,BMW 1 SERIES,-1,-1,0,-1
2023471306754,2023,471306754,1,9,0,18,19,3,7,0,0,0,0,0,0,0,1,1,1,1,2,22,5,1597,1,16,BMW 1 SERIES,7,E01031374,0,-1
2023531369527,2023,531369527,3,9,0,2,2,0,0,9,9,0,0,0,0,0,3,2,6,6,3,-1,-1,1995,1,11,BMW 1 SERIES,-1,-1,0,-1
2023052301649,2023,052301649,1,9,0,18,19,4,8,0,0,8,0,0,1,1,3,1,6,6,3,-1,-1,1995,2,0,BMW 1 SERIES,-1,-1,0,-1
2023010440989,2023,010440989,1,9,0,18,19,4,8,0,0,3,0,0,1,7,1,1,6,6,1,24,5,1995,2,8,BMW 1 SERIES,-1,-1,0,-1
2023302300979,2023,302300979,2,9,0,2,2,0,0,6,6,2,0,0,0,0,3,1,6,6,1,-1,-1,1496,2,5,BMW 1 SERIES,1,E01014330,0,-1
2023461282177,2023,461282177,1,9,0,18,19,7,3,0,0,0,0,0,0,0,1,1,6,6,2,19,4,1496,2,4,BMW 1 SERIES,4,E01024694,0,-1
2023501281002,2023,501281002,1,9,0,10,10,8,4,0,0,1,0,0,0,0,1,1,6,6,1,17,4,1995,2,13,BMW 1 SERIES,-1,-1,0,-1
2023311365518,2023,311365518,2,9,0,18,19,1,5,0,0,8,5,0,2,0,1,1,6,6,1,20,4,1496,2,8,BMW 1 SERIES,6,E01028006,0,-1
2023411261504,2023,411261504,1,9,0,1,1,3,7,0,0,0,0,0,0,0,2,1,6,6,2,21,5,1496,2,4,BMW 1 SERIES,4,E01023857,0,-1
2023501272693,2023,501272693,3,9,0,10,10,2,7,0,0,0,0,0,0,0,2,1,5,6,2,58,9,1995,2,10,BMW 1 SERIES,4,E01018961,0,-1
2023991359119,2023,991359119,2,9,0,3,3,6,2,0,0,0,0,0,0,0,1,1,5,6,1,21,5,1499,1,4,BMW 1 SERIES,7,-1,0,-1
202360A105105,2023,60A105105,3,9,0,18,19,3,7,0,0,0,0,0,0,0,4,1,6,6,1,22,5,1995,2,10,BMW 1 SERIES,-1,-1,0,-1
2023421264452,2023,421264452,1,9,0,14,14,1,5,0,0,0,0,0,0,0,1,1,5,6,2,83,11,2996,1,15,BMW 1 SERIES,9,E01021568,0,-1
2023201289701,2023,201289701,1,9,0,13,13,3,7,0,0,1,0,0,0,0,1,1,6,6,3,-1,-1,1995,2,15,BMW 1 SERIES,-1,-1,0,-1
2023201316317,2023,201316317,2,9,0,4,4,4,8,0,0,0,0,0,0,0,2,1,6,6,1,50,8,1499,1,6,BMW 1 SERIES,1,E01009378,0,-1
2023141360556,2023,141360556,2,9,0,18,19,1,5,0,0,1,0,0,0,0,3,1,2,2,2,54,8,1995,2,10,BMW 1 SERIES,7,E01008049,0,-1
2023010456188,2023,010456188,1,9,0,99,99,9,9,99,99,9,9,99,9,99,2,9,6,6,1,20,4,1496,2,2,BMW 1 SERIES,2,E01004755,0,-1
2023010448285,2023,010448285,1,9,0,18,19,5,1,0,0,0,0,0,0,0,1,1,6,6,1,19,4,1599,1,14,BMW 1 SERIES,2,E01001339,0,-1
2023010480586,2023,010480586,1,9,0,18,19,1,5,0,0,8,0,0,3,1,1,1,6,6,1,90,11,1499,1,4,BMW 1 SERIES,9,E01000658,0,-1
2023010436395,2023,010436395,2,9,0,99,99,9,9,99,99,9,9,99,9,99,9,9,6,6,3,-1,-1,1995,2,14,BMW 1 SERIES,-1,-1,0,-1
2023010461010,2023,010461010,2,9,0,99,99,9,9,99,99,9,9,99,9,99,2,9,6,6,3,-1,-1,1597,1,16,BMW 1 SERIES,1,E01000521,0,-1
2023061313160,2023,061313160,2,9,-1,-1,-1,-1,-1,-1,-1,0,-1,-1,-1,0,-1,1,6,6,1,27,6,1995,2,6,BMW 1 SERIES,-1,-1,0,-1
2023010449002,2023,010449002,1,9,0,18,19,1,5,0,0,0,0,0,0,0,1,1,6,6,1,26,6,1998,1,4,BMW 1 SERIES,2,E01001486,0,-1
2023170M10803,2023,170M10803,1,9,0,18,19,6,2,0,0,8,0,0,0,0,1,1,6,6,1,19,4,1598,1,10,BMW 1 SERIES,1,E01012114,0,-1
2023052302938,2023,052302938,2,9,0,4,4,8,4,0,0,0,0,0,0,0,2,1,6,6,1,32,6,1499,1,4,BMW 1 SERIES,5,E01006488,0,-1
2023010485575,2023,010485575,2,9,0,13,13,5,1,0,0,1,0,0,0,0,3,1,6,6,1,27,6,1499,1,0,BMW 1 SERIES,3,E01003431,0,-1
2023010485919,2023,010485919,2,9,0,18,19,7,3,0,0,1,0,0,0,0,1,1,6,6,1,20,4,1995,1,14,BMW 1 SERIES,4,E01002593,0,-1
2023131306996,2023,131306996,1,9,0,9,9,2,7,0,0,8,0,7,0,0,4,1,5,6,1,20,4,1995,2,6,BMW 1 SERIES,3,E01011832,0,-1
2023340WN1112,2023,340WN1112,2,9,0,5,5,1,5,0,0,0,0,0,0,0,2,1,2,2,1,-1,-1,1995,2,8,BMW 1 SERIES,5,E01027328,0,-1
2023161369091,2023,161369091,2,9,0,4,4,3,7,0,0,0,0,0,0,0,3,1,1,1,1,45,7,1499,1,0,BMW 1 SERIES,6,E01025031,0,-1
2023440478238,2023,440478238,2,9,0,18,19,4,8,0,0,0,0,0,0,0,2,1,2,2,2,23,5,1499,1,5,BMW 1 SERIES,9,E01029210,0,-1
2023522400716,2023,522400716,2,9,0,9,9,2,8,0,0,6,0,0,0,0,3,1,6,6,2,51,8,1995,1,10,BMW 1 SERIES,2,E01014529,0,-1
2023010474517,2023,010474517,2,9,0,3,3,2,6,0,0,1,0,0,3,0,2,1,6,6,1,23,5,1995,1,14,BMW 1 SERIES,3,E01016373,0,-1
2023122300414,2023,122300414,1,9,0,18,19,5,1,0,0,0,1,0,4,6,1,1,6,6,1,23,5,1496,2,3,BMW 1 SERIES,5,E01020620,0,-1
2023201364148,2023,201364148,2,9,0,5,5,8,4,0,0,8,0,10,1,0,1,1,6,6,1,-1,-1,1496,2,3,BMW 1 SERIES,8,E01010226,0,-1
2023340WN0702,2023,340WN0702,1,9,0,18,19,2,7,0,0,0,0,0,0,0,1,1,6,6,1,32,6,1995,2,13,BMW 1 SERIES,2,E01028513,0,-1
2023430509932,2023,430509932,2,9,0,18,19,6,2,0,0,0,0,0,0,0,1,1,6,6,1,-1,-1,1995,2,10,BMW 1 SERIES,-1,-1,0,-1
2023440185929,2023,440185929,1,9,0,3,3,5,1,0,0,0,0,0,0,0,2,1,3,7,2,30,6,1995,2,10,BMW 1 SERIES,2,E01022819,0,-1
2023010431253,2023,010431253,1,9,0,5,5,1,5,0,0,8,0,0,0,0,3,1,6,6,2,21,5,1499,1,7,BMW 1 SERIES,1,E01001562,0,-1
2023031317279,2023,031317279,3,9,0,3,3,6,1,0,0,0,0,0,0,0,0,1,5,6,1,27,6,1499,1,2,BMW 1 SERIES,-1,-1,0,-1
2023340WN5172,2023,340WN5172,2,9,0,4,4,4,8,0,0,0,0,0,0,0,2,1,2,2,1,28,6,1499,1,4,BMW 1 SERIES,9,E01027208,0,-1
2023440531461,2023,440531461,1,9,0,16,19,5,8,0,0,1,0,0,7,4,1,1,6,6,1,20,4,1995,2,18,BMW 1 SERIES,6,E01030912,0,-1
2023061365882,2023,061365882,1,9,-1,-1,-1,-1,-1,-1,-1,-1,-1,-1,-1,0,-1,1,6,6,1,22,5,1596,1,17,BMW 1 SERIES,1,E01005953,0,-1
2023991273556,2023,991273556,1,9,0,16,19,5,1,0,0,0,5,0,7,0,1,1,2,2,1,18,4,1995,2,9,BMW 1 SERIES,-1,-1,0,-1
2023302301246,2023,302301246,1,9,0,9,9,3,1,0,0,0,0,0,0,0,3,1,1,1,1,48,8,1995,2,14,BMW 1 SERIES,1,E01028301,0,-1
2023461362176,2023,461362176,2,9,0,18,19,5,1,0,0,3,0,0,0,0,3,1,5,6,1,32,6,1995,2,12,BMW 1 SERIES,7,E01024576,0,-1
2023221366094,2023,221366094,1,9,0,14,14,5,1,0,0,8,0,0,0,0,1,1,2,2,1,24,5,1995,2,15,BMW 1 SERIES,7,E01028921,0,-1
2023440026373,2023,440026373,2,9,0,9,9,3,1,0,0,8,0,0,0,0,3,1,6,6,2,35,6,1995,2,11,BMW 1 SERIES,3,E01022902,0,-1
2023440523641,2023,440523641,1,9,0,18,19,1,5,0,0,1,0,0,0,0,1,1,6,6,2,-1,-1,1995,2,18,BMW 1 SERIES,-1,-1,0,-1
2023302300762,2023,302300762,2,9,0,18,19,2,6,0,0,0,0,0,7,9,3,1,6,6,1,-1,-1,1598,1,11,BMW 1 SERIES,3,E01019877,0,-1
2023332300873,2023,332300873,1,9,0,18,19,8,4,0,0,8,0,0,0,0,1,1,6,6,1,29,6,1598,1,11,BMW 1 SERIES,2,E01013647,0,-1
2023061356221,2023,061356221,1,9,0,7,7,8,5,0,0,3,1,11,0,0,1,1,5,6,1,20,4,1598,1,11,BMW 1 SERIES,-1,-1,0,-1
2023430523033,2023,430523033,1,9,0,18,19,1,5,0,0,0,0,7,0,0,1,1,6,6,1,30,6,1995,2,10,BMW 1 SERIES,1,E01016441,0,-1
2023131304740,2023,131304740,1,9,0,5,5,6,1,0,0,1,0,0,0,0,3,1,5,6,1,49,8,1995,2,13,BMW 1 SERIES,5,E01011749,0,-1
2023010441658,2023,010441658,1,9,0,99,99,9,9,99,99,9,9,99,9,99,1,9,6,6,1,-1,-1,1598,1,10,BMW 1 SERIES,3,E01004045,0,-1
2023010473495,2023,010473495,1,9,0,18,19,1,5,0,0,1,0,0,0,0,0,1,6,6,2,23,5,1598,1,10,BMW 1 SERIES,10,E01016524,0,-1
2023501286386,2023,501286386,1,9,0,18,19,6,2,0,0,0,2,0,2,11,1,1,2,2,1,35,6,1995,1,13,BMW 1 SERIES,4,E01018969,0,-1
2023010461847,2023,010461847,3,9,0,18,19,7,3,0,0,1,0,0,0,0,1,1,6,6,1,35,6,1995,2,15,BMW 1 SERIES,-1,-1,0,-1
2023041284156,2023,041284156,2,9,0,4,4,1,5,0,0,0,0,0,0,0,2,1,5,6,1,29,6,1995,2,12,BMW 1 SERIES,3,E01012632,0,-1
2023421312419,2023,421312419,2,9,0,18,19,5,1,9,9,2,0,0,3,10,1,1,6,6,2,25,5,1995,2,11,BMW 1 SERIES,7,E01015837,0,-1
2023101310729,2023,101310729,1,9,0,18,19,5,1,0,0,0,0,0,0,0,1,1,5,6,1,35,6,1995,2,10,BMW 1 SERIES,5,E01008514,0,-1
2023201286890,2023,201286890,1,9,0,7,7,8,2,0,0,6,0,0,0,0,1,1,6,6,1,20,4,1995,1,15,BMW 1 SERIES,5,E01009447,0,-1
2023201289266,2023,201289266,1,9,0,18,19,2,6,0,0,8,0,10,1,0,1,1,1,1,1,21,5,1496,2,7,BMW 1 SERIES,6,E01009749,0,-1
2023332300258,2023,332300258,1,9,0,2,2,0,0,6,6,0,0,0,0,0,0,1,6,6,2,20,4,1598,1,9,BMW 1 SERIES,8,E01025681,0,-1
2023010427484,2023,010427484,2,9,0,18,19,1,5,0,0,8,0,0,0,0,1,1,6,6,3,-1,-1,1598,1,11,BMW 1 SERIES,-1,-1,0,-1
2023201278855,2023,201278855,1,9,0,18,19,5,1,0,0,2,0,0,0,0,4,1,6,6,3,-1,-1,1995,2,15,BMW 1 SERIES,-1,-1,0,-1
2023451317757,2023,451317757,1,9,0,3,3,1,5,0,0,2,0,0,0,0,2,1,5,6,1,32,6,1499,1,3,BMW 1 SERIES,6,E01030363,0,-1
2023421382642,2023,421382642,2,9,0,18,19,1,5,0,0,1,0,0,0,0,3,1,5,6,1,53,8,1995,2,13,BMW 1 SERIES,5,E01021921,0,-1
2023041373476,2023,041373476,2,9,0,9,9,3,5,0,0,1,0,0,0,0,2,1,5,6,1,26,6,1995,2,11,BMW 1 SERIES,3,E01025578,0,-1
2023481409665,2023,481409665,2,9,0,3,3,3,7,0,0,0,0,0,0,0,2,1,5,6,1,32,6,1995,1,12,BMW 1 SERIES,-1,-1,0,-1
2023061293520,2023,061293520,1,9,0,18,19,2,6,0,0,4,0,0,0,0,1,1,6,6,1,30,6,1995,2,14,BMW 1 SERIES,2,E01005222,0,-1
2023111365990,2023,111365990,1,9,0,9,9,3,2,0,0,2,0,0,0,0,3,1,6,6,2,22,5,1995,2,16,BMW 1 SERIES,1,E01020759,0,-1
2023131371984,2023,131371984,2,9,0,9,9,3,7,0,0,8,0,0,0,0,4,1,2,2,2,61,9,1499,1,2,BMW 1 SERIES,7,E01011351,0,-1
2023440382732,2023,440382732,2,9,0,18,19,5,1,0,0,8,0,0,0,0,1,1,6,6,2,33,6,1499,1,4,BMW 1 SERIES,10,E01022546,0,-1
2023010471345,2023,010471345,2,9,0,99,99,9,9,99,99,9,9,99,9,99,9,9,6,6,2,29,6,1596,1,17,BMW 1 SERIES,1,E01000661,0,-1
2023531303125,2023,531303125,2,9,0,18,19,1,7,0,0,3,0,0,0,0,-1,1,6,6,3,-1,-1,1995,1,13,BMW 1 SERIES,-1,-1,0,-1
2023610022923,2023,610022923,1,9,0,16,19,7,2,0,0,0,0,0,7,11,1,1,6,6,1,22,5,1995,2,18,BMW 1 SERIES,2,W01001325,0,-1
2023161350903,2023,161350903,1,9,0,5,5,8,2,0,0,8,0,0,0,0,2,1,6,6,2,36,7,1995,2,11,BMW 1 SERIES,8,E01013055,0,-1
2023061353985,2023,061353985,1,9,0,17,19,1,5,0,0,0,1,0,0,0,1,1,5,6,1,23,5,1995,2,18,BMW 1 SERIES,-1,-1,0,-1
2023501271369,2023,501271369,1,9,0,18,19,7,3,0,0,1,0,0,1,0,1,1,1,1,2,34,6,1496,2,3,BMW 1 SERIES,1,E01019004,0,-1
2023061323807,2023,061323807,2,9,0,18,19,3,7,0,0,1,1,0,0,0,4,1,6,6,1,21,5,1598,1,11,BMW 1 SERIES,-1,-1,0,-1
2023061375459,2023,061375459,1,9,0,18,19,3,3,0,0,8,0,0,0,0,1,1,5,6,2,23,5,1995,2,15,BMW 1 SERIES,2,E01005430,0,-1
2023991327608,2023,991327608,1,9,0,18,19,7,3,0,0,8,0,0,1,11,1,1,5,6,1,37,7,1995,1,12,BMW 1 SERIES,1,-1,0,-1
2023451378198,2023,451378198,2,9,0,18,19,7,3,0,0,1,0,0,0,0,2,1,2,2,1,30,6,1995,2,14,BMW 1 SERIES,-1,-1,0,-1
2023010437677,2023,010437677,1,9,0,18,19,5,1,2,2,0,0,0,0,0,1,1,6,6,1,33,6,1496,2,7,BMW 1 SERIES,3,E01002151,0,-1
2023471355376,2023,471355376,1,9,0,7,7,1,4,0,0,5,0,0,0,0,3,1,5,6,2,22,5,1496,2,4,BMW 1 SERIES,3,E01016879,0,-1
2023332300608,2023,332300608,1,9,0,18,19,7,3,0,0,8,0,0,0,0,4,1,2,2,2,33,6,1995,2,17,BMW 1 SERIES,6,E01013710,0,-1
2023351339296,2023,351339296,2,9,0,18,19,3,7,0,0,0,0,4,0,0,3,1,6,6,1,48,8,1995,1,13,BMW 1 SERIES,6,E01017951,0,-1
2023332300104,2023,332300104,4,9,0,17,19,3,8,0,0,0,0,0,0,0,1,1,1,1,1,-1,-1,1995,2,9,BMW 1 SERIES,5,E01025884,0,-1
2023041372580,2023,041372580,1,9,0,18,19,2,6,0,0,8,0,0,0,0,1,1,6,6,1,20,4,1496,2,8,BMW 1 SERIES,1,E01025068,0,-1
2023041307342,2023,041307342,2,9,0,18,19,7,3,0,0,8,0,0,0,0,2,1,2,2,1,41,7,1995,2,12,BMW 1 SERIES,4,E01012661,0,-1
2023111383728,2023,111383728,2,9,0,4,4,8,4,0,0,0,0,0,0,0,1,1,6,6,2,35,6,1499,1,1,BMW 1 SERIES,6,E01033161,0,-1
2023351364145,2023,351364145,2,9,0,18,19,3,7,0,0,0,0,0,4,6,4,1,6,6,2,39,7,1995,2,1,BMW 1 SERIES,2,E01021278,0,-1
2023451324917,2023,451324917,2,9,0,18,19,6,2,0,0,0,0,0,0,0,1,1,5,6,1,21,5,1998,1,0,BMW 1 SERIES,6,E01030411,0,-1
2023201310933,2023,201310933,3,9,0,5,5,8,4,0,0,1,0,0,0,0,1,1,6,6,1,40,7,1598,2,10,BMW 1 SERIES,2,E01010313,0,-1
2023010427055,2023,010427055,2,9,0,99,99,9,9,99,99,0,9,99,9,99,9,9,6,6,3,-1,-1,1598,1,10,BMW 1 SERIES,6,E01002422,0,-1
2023221313658,2023,221313658,1,9,0,18,19,8,4,0,0,0,1,7,1,11,1,1,5,6,1,19,4,1995,2,12,BMW 1 SERIES,6,E01028857,0,-1
2023161351973,2023,161351973,1,9,0,4,4,5,1,0,0,0,1,0,0,0,3,1,5,6,2,45,7,1995,2,14,BMW 1 SERIES,7,E01012935,0,-1
2023010426461,2023,010426461,1,9,0,18,19,6,2,0,0,8,0,0,0,0,3,1,6,6,1,59,9,1499,1,3,BMW 1 SERIES,6,E01032567,0,-1
2023461275446,2023,461275446,1,9,0,18,19,7,3,0,0,0,0,0,0,0,1,1,6,6,1,31,6,1995,2,15,BMW 1 SERIES,8,E01033210,0,-1
2023461368331,2023,461368331,1,9,0,1,1,2,6,0,0,1,0,0,0,0,2,1,6,6,1,43,7,1596,1,19,BMW 1 SERIES,2,E01024646,0,-1
2023991313432,2023,991313432,1,9,0,18,19,6,2,0,0,0,1,0,1,0,1,1,5,6,1,18,4,1598,1,8,BMW 1 SERIES,6,-1,0,-1
2023501302349,2023,501302349,1,9,0,18,19,4,8,0,0,0,0,0,0,0,4,1,5,6,1,21,5,1995,2,11,BMW 1 SERIES,5,E01015163,0,-1
2023451345562,2023,451345562,1,9,0,1,1,3,7,0,0,0,0,0,0,0,2,1,5,6,1,22,5,1995,2,8,BMW 1 SERIES,5,E01030494,0,-1
2023411369414,2023,411369414,2,9,0,18,19,2,5,0,0,2,0,0,1,11,3,1,1,1,1,42,7,1995,2,4,BMW 1 SERIES,10,E01023655,0,-1
2023631391862,2023,631391862,1,9,0,9,9,7,3,0,0,0,0,0,0,0,4,1,5,6,1,21,5,1995,2,14,BMW 1 SERIES,6,W01000700,0,-1
2023501337626,2023,501337626,3,9,0,18,19,7,3,0,0,8,0,0,0,0,3,1,6,6,2,24,5,1598,2,10,BMW 1 SERIES,5,E01018947,0,-1
2023461348832,2023,461348832,2,9,0,3,3,1,5,0,0,0,0,0,0,0,2,1,1,1,2,33,6,1496,2,5,BMW 1 SERIES,6,E01024520,0,-1
2023461364084,2023,461364084,2,9,0,18,19,1,5,0,0,0,0,0,1,0,1,1,6,6,2,31,6,1995,2,14,BMW 1 SERIES,6,E01024005,0,-1
2023010436588,2023,010436588,3,9,0,2,2,0,0,0,0,0,0,4,0,0,1,1,6,6,3,-1,-1,1598,2,10,BMW 1 SERIES,-1,-1,0,-1
2023552301353,2023,552301353,1,9,0,9,9,4,2,0,0,6,0,0,0,0,4,1,6,6,1,48,8,1995,2,11,BMW 1 SERIES,5,E01020518,0,-1
2023010454388,2023,010454388,2,9,0,99,99,9,9,99,99,9,9,99,9,99,9,9,6,6,3,-1,-1,1995,1,13,BMW 1 SERIES,-1,-1,0,-1
2023471338314,2023,471338314,2,9,0,9,9,1,3,0,0,6,0,0,0,0,1,2,2,2,2,29,6,1499,1,3,BMW 1 SERIES,5,E01031415,0,-1
2023071174006,2023,071174006,2,9,0,2,2,0,0,6,6,1,0,0,0,0,3,1,6,6,2,-1,-1,1499,1,0,BMW 1 SERIES,-1,-1,0,-1
2023471355747,2023,471355747,2,9,0,18,19,4,8,0,0,1,0,0,0,0,4,1,5,6,3,54,8,1995,2,7,BMW 1 SERIES,6,E01021068,0,-1
2023201403276,2023,201403276,2,9,0,18,19,6,2,0,0,0,0,0,0,0,1,1,1,1,1,39,7,2996,1,14,BMW 1 SERIES,3,E01009441,0,-1
2023201342583,2023,201342583,1,9,0,18,19,-1,-1,0,0,0,0,0,0,0,1,1,6,6,3,-1,-1,1496,2,5,BMW 1 SERIES,-1,-1,0,-1
2023371374121,2023,371374121,2,9,0,18,19,4,8,0,0,0,1,0,0,0,1,1,6,6,2,24,5,1995,2,12,BMW 1 SERIES,-1,-1,0,-1
2023061261453,2023,061261453,2,9,0,18,19,5,1,0,0,1,0,0,0,0,2,1,6,6,2,49,8,1499,1,7,BMW 1 SERIES,4,E01005534,0,-1
2023010484827,2023,010484827,1,9,0,18,19,7,3,0,0,1,0,0,0,0,1,1,6,6,1,56,9,1496,2,7,BMW 1 SERIES,2,E01000599,0,-1
2023552300806,2023,552300806,1,9,0,18,19,4,7,0,0,0,0,0,1,0,1,1,6,6,2,73,10,1995,2,12,BMW 1 SERIES,3,E01018989,0,-1
2023010467747,2023,010467747,2,9,0,3,3,5,1,0,0,1,0,0,0,0,2,1,6,6,2,38,7,1998,1,5,BMW 1 SERIES,9,E01000456,0,-1
2023141264046,2023,141264046,1,9,0,3,3,1,5,0,0,0,1,0,0,0,1,1,5,6,1,20,4,1995,2,9,BMW 1 SERIES,9,E01007926,0,-1
2023401298458,2023,401298458,2,9,0,9,9,5,3,0,0,8,0,0,0,0,1,1,6,6,1,36,7,1598,1,10,BMW 1 SERIES,7,E01017548,0,-1
2023332301172,2023,332301172,1,9,0,11,11,7,3,0,0,0,0,0,1,7,4,1,2,2,1,22,5,1499,1,2,BMW 1 SERIES,2,E01014236,0,-1
2023541851823,2023,541851823,1,9,0,9,9,1,5,0,0,1,0,0,0,0,3,1,6,6,2,35,6,1499,1,7,BMW 1 SERIES,9,E01032703,0,-1
2023430254576,2023,430254576,1,9,0,18,19,6,2,0,0,0,5,0,4,6,1,1,6,6,1,21,5,1596,1,17,BMW 1 SERIES,6,E01015373,0,-1
2023010427298,2023,010427298,2,9,0,99,99,9,9,99,99,0,9,99,9,99,9,9,6,6,3,-1,-1,1598,1,11,BMW 1 SERIES,-1,-1,0,-1
2023430172076,2023,430172076,2,9,0,3,3,7,3,0,0,1,0,0,0,0,2,1,6,6,1,22,5,1995,2,7,BMW 1 SERIES,8,E01017718,0,-1
202363C013623,2023,63C013623,2,9,0,18,19,8,4,0,0,8,0,0,0,0,1,1,6,6,2,31,6,1995,2,18,BMW 1 SERIES,8,W01000580,0,-1
2023461353824,2023,461353824,2,9,0,18,19,8,3,0,0,1,0,0,0,0,4,1,5,6,1,20,4,1995,2,10,BMW 1 SERIES,5,E01024537,0,-1
2023061350218,2023,061350218,2,9,0,3,3,5,1,0,0,0,0,0,0,0,2,1,6,6,1,52,8,1499,1,0,BMW 1 SERIES,4,E01005853,0,-1
2023201276709,2023,201276709,1,9,0,18,19,7,3,0,0,8,0,0,0,0,1,1,6,6,1,27,6,1499,1,3,BMW 1 SERIES,3,E01009086,0,-1
2023622300324,2023,622300324,1,9,0,9,9,3,1,0,0,2,0,0,0,0,1,1,6,6,1,26,6,1496,2,5,BMW 1 SERIES,10,W01001771,0,-1
2023411343883,2023,411343883,1,9,0,7,7,6,3,0,0,3,0,0,0,0,1,1,5,6,2,28,6,1995,2,12,BMW 1 SERIES,7,E01016777,0,-1