collision_index,collision_year,collision_ref_no,vehicle_reference,vehicle_type,towing_and_articulation,vehicle_manoeuvre_historic,vehicle_manoeuvre,vehicle_direction_from,vehicle_direction_to,vehicle_location_restricted_lane_historic,vehicle_location_restricted_lane,junction_location,skidding_and_overturning,hit_object_in_carriageway,vehicle_leaving_carriageway,hit_object_off_carriageway,first_point_of_impact,vehicle_left_hand_drive,journey_purpose_of_driver_historic,journey_purpose_of_driver,sex_of_driver,age_of_driver,age_band_of_driver,engine_capacity_cc,propulsion_code,age_of_vehicle,generic_make_model,driver_imd_decile,lsoa_of_driver,escooter_flag,driver_distance_banding
2023070005051,2023,070005051,1,9,0,18,19,4,8,0,0,0,0,0,0,0,1,1,6,6,1,77,11,1318,1,4,HONDA JAZZ,10,E01018325,0,-1
2023451278072,2023,451278072,1,9,0,18,19,1,5,0,0,1,0,0,0,0,1,1,5,6,2,78,11,1339,1,11,HONDA JAZZ,9,E01030987,0,-1
2023991276802,2023,991276802,2,9,0,18,19,3,7,0,0,8,0,0,0,0,1,1,5,6,1,78,11,1498,8,0,HONDA JAZZ,10,-1,0,-1
2023440334520,2023,440334520,1,9,0,9,9,6,4,0,0,6,0,0,0,0,3,1,6,6,2,25,5,1339,1,10,HONDA JAZZ,5,E01017368,0,-1
2023991378609,2023,991378609,1,9,0,4,4,2,7,0,0,0,0,0,0,0,1,1,5,6,1,62,9,1318,1,5,HONDA JAZZ,9,-1,0,-1
2023451284121,2023,451284121,1,9,0,18,19,8,4,0,0,0,0,0,1,4,1,1,5,6,1,86,11,1318,1,5,HONDA JAZZ,8,E01030479,0,-1
2023421367619,2023,421367619,1,9,0,17,19,7,5,0,0,0,1,0,0,0,1,1,5,6,1,59,9,1339,1,18,HONDA JAZZ,7,E01021967,0,-1
2023052300362,2023,052300362,1,9,0,18,19,3,7,0,0,0,0,0,0,0,4,1,6,6,1,88,11,1339,1,15,HONDA JAZZ,10,E01006991,0,-1
2023371390988,2023,371390988,1,9,0,9,9,3,1,0,0,8,0,0,0,0,-1,1,6,6,1,82,11,1318,1,7,HONDA JAZZ,6,E01030218,0,-1
2023141274074,2023,141274074,1,9,0,17,19,3,7,0,0,0,1,4,1,0,1,1,6,6,1,20,4,1198,1,14,HONDA JAZZ,1,E01007892,0,-1
2023061351156,2023,061351156,1,9,0,18,19,5,1,0,0,0,0,0,0,0,1,1,1,1,3,-1,-1,1198,1,8,HONDA JAZZ,2,E01005149,0,-1
2023622300736,2023,622300736,2,9,0,18,19,5,1,0,0,0,0,0,0,0,1,1,2,2,1,35,6,1339,1,17,HONDA JAZZ,5,W01001829,0,-1
2023010477700,2023,010477700,1,9,0,5,5,6,2,0,0,3,0,0,0,0,1,1,6,6,3,-1,-1,1339,1,15,HONDA JAZZ,-1,-1,0,-1
2023430464950,2023,430464950,1,9,0,5,5,5,1,0,0,1,0,0,0,0,3,1,1,1,2,43,7,1339,1,18,HONDA JAZZ,3,E01017723,0,-1
2023010484215,2023,010484215,2,9,0,18,19,1,5,0,0,8,0,0,0,0,1,1,6,6,2,-1,-1,1498,8,2,HONDA JAZZ,-1,-1,0,-1
2023471376343,2023,471376343,2,9,0,-1,-1,-1,-1,-1,-1,-1,-1,-1,-1,0,1,1,6,6,1,33,6,1339,1,20,HONDA JAZZ,10,E01031822,0,-1
2023131298554,2023,131298554,2,9,0,18,19,3,7,0,0,0,0,0,0,0,2,1,5,6,1,50,8,1339,1,17,HONDA JAZZ,1,E01011358,0,-1
2023101388940,2023,101388940,2,9,0,7,7,5,7,0,0,6,0,0,0,0,4,1,6,6,1,64,9,1498,8,2,HONDA JAZZ,-1,-1,0,-1
2023010459970,2023,010459970,1,9,0,18,19,8,4,0,0,0,0,10,2,2,1,1,6,6,2,87,11,1498,8,2,HONDA JAZZ,4,E01001234,0,-1
2023201300555,2023,201300555,2,9,0,18,19,6,2,0,0,8,0,10,1,4,1,1,6,6,1,26,6,1339,1,17,HONDA JAZZ,1,E01009390,0,-1
2023471297004,2023,471297004,2,9,0,18,19,6,2,0,0,8,0,0,0,0,1,1,5,6,2,53,8,1339,1,16,HONDA JAZZ,8,E01016875,0,-1
2023421321320,2023,421321320,1,9,0,5,5,8,6,0,0,8,0,0,0,0,1,1,5,6,2,81,11,1339,1,9,HONDA JAZZ,4,E01022036,0,-1
2023501372558,2023,501372558,2,9,0,18,19,1,5,0,0,0,0,0,0,0,1,1,5,6,2,68,10,1339,8,12,HONDA JAZZ,4,E01018862,0,-1
2023131296403,2023,131296403,1,9,0,18,19,5,1,0,0,0,5,7,0,0,1,1,5,6,1,65,9,1318,1,4,HONDA JAZZ,6,E01010952,0,-1
2023010465732,2023,010465732,1,9,0,7,7,1,2,9,9,1,0,0,1,0,1,1,6,6,2,87,11,1339,1,15,HONDA JAZZ,4,E01000290,0,-1
2023411382920,2023,411382920,2,9,0,18,19,2,6,0,0,8,0,0,0,0,4,1,6,6,1,74,10,1339,1,19,HONDA JAZZ,4,E01023401,0,-1
2023221354035,2023,221354035,1,9,0,9,9,1,7,0,0,5,0,0,0,0,3,1,5,6,1,83,11,1318,1,6,HONDA JAZZ,4,E01014016,0,-1
2023010447761,2023,010447761,1,9,0,9,9,2,7,0,0,8,5,9,0,0,3,1,6,6,1,17,4,1339,1,16,HONDA JAZZ,2,E01001633,0,-1
2023010460695,2023,010460695,1,9,0,3,3,5,1,0,0,0,0,0,0,0,2,1,6,6,2,56,9,1339,1,14,HONDA JAZZ,6,E01001268,0,-1
2023421342947,2023,421342947,1,9,0,9,9,6,4,0,0,1,0,0,0,0,1,1,6,6,1,-1,-1,1339,1,18,HONDA JAZZ,7,E01021582,0,-1
2023221314197,2023,221314197,1,9,0,7,7,2,5,0,0,3,0,0,0,0,1,1,5,6,2,74,10,1498,8,3,HONDA JAZZ,6,E01012509,0,-1
2023302301912,2023,302301912,1,9,0,17,19,5,2,0,0,0,2,0,2,11,1,1,6,6,1,26,6,1339,1,16,HONDA JAZZ,5,E01027975,0,-1
2023991353125,2023,991353125,1,9,0,18,19,4,8,0,0,0,0,0,0,0,1,1,6,6,1,68,10,1498,8,2,HONDA JAZZ,10,-1,0,-1
2023471387863,2023,471387863,2,9,0,2,2,0,0,0,0,0,0,0,0,0,0,1,6,6,3,-1,-1,1339,1,12,HONDA JAZZ,-1,-1,0,-1
2023302301702,2023,302301702,1,9,0,18,19,6,2,0,0,1,0,0,0,0,1,1,6,6,2,73,10,1339,1,11,HONDA JAZZ,9,E01019879,0,-1
2023010446194,2023,010446194,1,9,0,9,9,7,5,0,0,6,0,0,0,0,1,1,6,6,2,54,8,1246,1,17,HONDA JAZZ,-1,-1,0,-1
2023010458171,2023,010458171,1,9,0,99,99,9,9,99,99,9,9,99,9,99,9,9,2,2,1,34,6,1339,1,18,HONDA JAZZ,3,E01002508,0,-1
2023201281597,2023,201281597,2,9,0,2,2,0,0,9,9,0,0,0,0,0,2,1,6,6,3,-1,-1,1339,1,15,HONDA JAZZ,-1,-1,0,-1
2023052302040,2023,052302040,2,9,0,4,4,3,7,0,0,0,0,0,0,0,2,1,6,6,2,51,8,1246,1,16,HONDA JAZZ,1,E01007273,0,-1
2023201372311,2023,201372311,2,9,0,18,19,8,4,0,0,6,0,0,0,0,3,1,6,6,2,30,6,1339,1,17,HONDA JAZZ,3,E01009140,0,-1
2023543987023,2023,543987023,2,9,0,18,19,4,8,0,0,1,0,0,0,0,1,1,1,1,2,33,6,1339,1,17,HONDA JAZZ,10,E01014434,0,-1
2023311332558,2023,311332558,4,9,0,2,2,0,0,0,0,1,0,0,0,0,2,1,6,6,3,-1,-1,1339,1,18,HONDA JAZZ,-1,-1,0,-1
2023201416097,2023,201416097,1,9,0,18,19,3,8,0,0,0,0,0,0,0,1,1,6,6,1,19,4,1339,1,16,HONDA JAZZ,2,E01009163,0,-1
2023461358897,2023,461358897,1,9,0,18,19,2,5,0,0,3,0,0,0,0,1,1,6,6,2,61,9,1498,8,3,HONDA JAZZ,6,E01024314,0,-1
2023991271006,2023,991271006,1,9,0,18,19,8,4,0,0,1,0,0,0,0,1,1,3,7,2,46,8,1339,1,15,HONDA JAZZ,4,-1,0,-1
2023411305328,2023,411305328,1,9,-1,-1,-1,-1,-1,-1,-1,0,-1,-1,-1,0,-1,1,6,6,2,31,6,1339,1,17,HONDA JAZZ,4,E01023775,0,-1
2023131285471,2023,131285471,2,9,0,18,19,1,5,0,0,0,5,0,0,0,4,1,5,6,1,56,9,1300,1,12,HONDA JAZZ,9,E01011874,0,-1
2023231310601,2023,231310601,5,9,0,4,4,8,4,0,0,0,0,0,0,0,2,1,6,6,1,81,11,1339,1,13,HONDA JAZZ,8,E01010192,0,-1
2023061302041,2023,061302041,2,9,0,1,1,2,2,0,0,0,0,4,0,0,2,1,6,6,1,42,7,1339,1,14,HONDA JAZZ,-1,-1,0,-1
2023461264179,2023,461264179,3,9,0,3,3,8,4,0,0,0,0,0,0,0,3,1,5,6,2,43,7,1339,1,14,HONDA JAZZ,9,E01024297,0,-1
2023440141739,2023,440141739,1,9,0,9,9,8,6,0,0,5,0,0,0,0,1,1,6,6,1,72,10,1498,8,2,HONDA JAZZ,-1,-1,0,-1
2023451386482,2023,451386482,2,9,0,5,5,4,2,0,0,4,0,0,0,0,3,1,2,2,2,44,7,1339,1,14,HONDA JAZZ,6,E01030587,0,-1
2023471357815,2023,471357815,1,9,0,18,19,7,2,0,0,0,0,0,0,0,1,1,5,6,2,76,11,1498,8,2,HONDA JAZZ,3,E01021122,0,-1
2023010454964,2023,010454964,1,9,0,99,99,9,9,99,99,0,9,99,9,99,2,9,6,6,2,26,6,1339,1,13,HONDA JAZZ,3,E01001445,0,-1
2023101285829,2023,101285829,1,9,0,18,19,3,1,0,0,0,0,0,0,0,1,1,5,6,2,59,9,1246,1,16,HONDA JAZZ,4,E01027498,0,-1
2023451338159,2023,451338159,1,9,0,18,19,3,7,9,9,0,0,0,3,10,1,1,5,6,2,77,11,1246,1,16,HONDA JAZZ,8,E01030977,0,-1
2023451364726,2023,451364726,1,9,0,18,19,3,7,0,0,0,0,0,1,0,1,1,5,6,2,22,5,1339,1,19,HONDA JAZZ,10,E01030462,0,-1
2023991333703,2023,991333703,1,9,0,7,7,5,7,0,0,6,0,0,0,0,1,1,5,6,2,74,10,1318,1,8,HONDA JAZZ,8,-1,0,-1
2023010437757,2023,010437757,1,9,3,9,9,3,8,0,0,3,0,0,0,0,1,2,1,1,1,53,8,1339,1,16,HONDA JAZZ,5,E01000402,0,-1
2023461382346,2023,461382346,1,9,0,18,19,7,3,0,0,0,1,0,0,0,1,1,6,6,1,-1,-1,1339,1,16,HONDA JAZZ,1,E01016031,0,-1
2023401325681,2023,401325681,3,9,0,18,19,7,2,0,0,0,0,0,0,0,1,1,6,6,2,33,6,1339,1,12,HONDA JAZZ,5,E01017569,0,-1
2023201382350,2023,201382350,1,9,0,5,5,4,8,0,0,1,0,0,0,0,1,1,6,6,2,-1,-1,1339,1,16,HONDA JAZZ,9,E01010116,0,-1
2023010466861,2023,010466861,2,9,0,99,99,9,9,99,99,9,9,99,9,99,1,9,6,6,3,-1,-1,1339,1,11,HONDA JAZZ,-1,-1,0,-1
2023991338313,2023,991338313,2,9,0,18,19,3,8,0,0,1,0,0,0,0,1,1,6,6,1,18,4,1318,1,4,HONDA JAZZ,10,-1,0,-1
2023010422793,2023,010422793,1,9,0,99,99,9,9,99,99,9,9,99,9,99,9,9,6,6,2,67,10,1330,8,10,HONDA JAZZ,5,E01032770,0,-1
2023010478141,2023,010478141,2,9,0,99,99,9,9,99,99,9,9,99,9,99,2,9,6,6,3,35,6,1339,1,12,HONDA JAZZ,3,E01001874,0,-1
2023010455500,2023,010455500,2,9,0,99,99,9,9,99,99,9,9,99,9,99,1,9,6,6,3,-1,-1,1339,1,14,HONDA JAZZ,8,E01004160,0,-1
2023010448031,2023,010448031,1,9,0,16,19,2,6,0,0,2,0,0,0,0,1,1,6,6,1,14,3,1339,1,20,HONDA JAZZ,3,E01004331,0,-1
2023991289591,2023,991289591,1,9,0,18,19,6,3,9,9,0,0,0,1,0,1,1,5,6,2,79,11,1339,1,15,HONDA JAZZ,3,-1,0,-1
2023421374567,2023,421374567,1,9,0,18,19,2,6,6,6,0,0,4,0,0,1,1,6,6,2,82,11,1339,1,13,HONDA JAZZ,7,E01022087,0,-1
2023010483085,2023,010483085,1,9,0,99,99,9,9,99,99,0,9,99,9,99,1,9,6,6,2,-1,-1,1339,1,9,HONDA JAZZ,9,E01001119,0,-1
2023211341512,2023,211341512,1,9,0,16,19,2,4,0,0,0,1,0,0,0,1,1,5,6,2,20,4,1339,1,17,HONDA JAZZ,1,E01024580,0,-1
2023440113775,2023,440113775,2,9,0,18,19,8,4,0,0,8,0,0,0,0,1,1,6,6,1,66,10,1318,1,5,HONDA JAZZ,9,E01022922,0,-1
2023332300614,2023,332300614,1,9,0,3,3,1,5,0,0,0,0,0,0,0,2,1,6,6,2,45,7,1498,1,5,HONDA JAZZ,6,E01013737,0,-1
2023421353285,2023,421353285,1,9,0,18,19,7,3,0,0,0,5,0,0,0,1,1,5,6,1,85,11,1339,1,10,HONDA JAZZ,7,E01021882,0,-1
2023440421124,2023,440421124,2,9,0,3,3,5,1,0,0,2,0,0,0,0,2,1,6,6,2,72,10,1318,1,6,HONDA JAZZ,9,E01022525,0,-1
2023421322952,2023,421322952,2,9,0,11,11,3,7,0,0,0,0,0,0,0,2,1,5,6,1,73,10,1318,1,5,HONDA JAZZ,3,E01023326,0,-1
2023461274330,2023,461274330,1,9,0,7,7,3,7,0,0,3,1,0,0,0,4,1,5,6,2,58,9,1318,1,7,HONDA JAZZ,9,E01024213,0,-1
2023371294949,2023,371294949,1,9,0,15,15,7,3,0,0,0,0,0,0,0,3,1,6,6,1,83,11,1339,1,12,HONDA JAZZ,7,E01030125,0,-1
2023010481733,2023,010481733,1,9,0,99,99,9,9,0,0,1,0,99,0,0,1,9,6,6,2,38,7,1246,1,17,HONDA JAZZ,5,E01003700,0,-1
2023451302035,2023,451302035,1,9,0,18,19,1,5,0,0,1,0,0,0,0,1,1,5,6,1,58,9,1339,1,16,HONDA JAZZ,9,E01030978,0,-1
2023471364448,2023,471364448,1,9,0,18,19,7,3,0,0,2,5,0,0,0,3,1,6,6,1,91,11,1339,1,15,HONDA JAZZ,8,E01031466,0,-1
2023461289593,2023,461289593,1,9,0,16,19,4,8,0,0,0,0,0,7,0,1,1,5,6,2,50,8,1339,1,18,HONDA JAZZ,6,E01024420,0,-1
2023122400026,2023,122400026,2,9,0,5,5,2,8,0,0,1,0,0,0,0,0,1,6,6,1,80,11,1318,1,3,HONDA JAZZ,8,E01013409,0,-1
2023461291745,2023,461291745,2,9,0,18,19,4,8,0,0,8,0,0,1,0,1,1,6,6,2,49,8,1339,1,12,HONDA JAZZ,9,E01024253,0,-1
2023201384309,2023,201384309,3,9,0,3,3,8,4,0,0,0,0,0,0,0,3,1,6,6,1,70,10,1318,1,7,HONDA JAZZ,1,E01010103,0,-1
2023201393264,2023,201393264,2,9,0,18,19,6,2,0,0,8,0,0,0,0,4,1,6,6,2,34,6,1339,1,8,HONDA JAZZ,4,E01009296,0,-1
2023122301337,2023,122301337,1,9,0,18,19,8,4,0,0,8,0,0,0,0,4,1,1,1,1,68,10,1339,1,11,HONDA JAZZ,8,E01027666,0,-1
2023461376393,2023,461376393,1,9,0,18,19,5,6,0,0,1,2,0,0,0,4,2,6,6,1,27,6,1339,1,15,HONDA JAZZ,3,E01023972,0,-1
2023522400901,2023,522400901,1,9,0,18,19,5,1,0,0,6,0,0,0,0,1,1,6,6,2,32,6,1339,1,18,HONDA JAZZ,3,E01014622,0,-1
2023320078641,2023,320078641,1,9,0,9,9,4,2,0,0,8,0,0,0,0,4,1,2,2,2,41,7,1339,1,17,HONDA JAZZ,-1,-1,0,-1
2023351318979,2023,351318979,2,9,0,17,19,-1,-1,0,0,8,0,0,0,0,1,1,5,6,2,17,4,1339,1,17,HONDA JAZZ,9,E01018199,0,-1
2023101355524,2023,101355524,1,9,0,18,19,6,2,0,0,0,0,0,0,0,3,1,6,6,2,43,7,1339,1,16,HONDA JAZZ,1,E01008437,0,-1
2023131392280,2023,131392280,1,9,0,18,19,1,5,0,0,8,0,0,0,0,3,1,6,6,2,72,10,1339,1,9,HONDA JAZZ,10,E01011948,0,-1
2023430402031,2023,430402031,1,9,0,2,2,0,0,0,0,0,0,0,0,0,3,1,6,6,2,77,11,1339,1,21,HONDA JAZZ,7,E01028527,0,-1
2023010449327,2023,010449327,3,9,0,18,19,5,1,0,0,8,0,0,0,0,2,1,6,6,2,51,8,1339,1,19,HONDA JAZZ,1,E01000744,0,-1
2023361360465,2023,361360465,1,9,0,5,5,3,7,0,0,1,0,0,0,0,4,1,6,6,1,26,6,1246,1,17,HONDA JAZZ,1,E01026626,0,-1
2023201298405,2023,201298405,5,9,0,2,2,0,0,0,0,0,0,0,0,0,1,1,1,1,1,36,7,1198,1,14,HONDA JAZZ,1,E01033649,0,-1
2023201381344,2023,201381344,1,9,0,1,1,8,4,0,0,6,0,0,0,0,1,1,5,6,1,30,6,1339,1,15,HONDA JAZZ,1,E01009143,0,-1
2023451295469,2023,451295469,1,9,0,18,19,6,2,0,0,1,0,0,0,0,2,1,5,6,1,83,11,1339,1,18,HONDA JAZZ,10,E01030881,0,-1
2023010430329,2023,010430329,1,9,0,18,19,2,6,9,9,0,0,0,7,0,2,1,6,6,1,56,9,1339,1,21,HONDA JAZZ,2,E01015934,0,-1
2023010449322,2023,010449322,1,9,0,99,99,9,9,99,99,9,9,99,9,99,2,9,6,6,2,24,5,1339,1,17,HONDA JAZZ,2,E01001588,0,-1
2023549709723,2023,549709723,2,9,0,9,9,7,5,0,0,8,0,0,0,0,1,1,6,6,1,44,7,1339,1,14,HONDA JAZZ,9,E01015535,0,-1
2023061309738,2023,061309738,1,9,0,12,12,1,5,0,0,3,0,0,0,0,3,1,6,6,2,35,6,1198,1,13,HONDA JAZZ,1,E01005077,0,-1
2023131352501,2023,131352501,1,9,0,17,19,-1,-1,0,0,8,0,0,-1,-1,3,1,6,6,3,99,11,1339,1,17,HONDA JAZZ,-1,-1,0,-1
2023351299019,2023,351299019,2,9,0,4,4,6,2,0,0,1,0,11,0,0,2,1,2,2,2,35,6,1339,1,21,HONDA JAZZ,8,E01018174,0,-1
2023010477161,2023,010477161,5,9,0,2,2,0,0,9,9,0,0,0,0,0,1,1,6,6,3,-1,-1,1490,8,7,HONDA JAZZ,-1,-1,0,-1
2023430333371,2023,430333371,2,9,0,18,19,3,7,0,0,0,0,0,0,0,1,1,2,2,2,19,4,1339,1,8,HONDA JAZZ,10,E01016528,0,-1
2023111364716,2023,111364716,1,9,0,5,5,6,1,0,0,4,0,0,0,0,1,1,6,6,1,45,7,1339,1,14,HONDA JAZZ,8,E01020817,0,-1
2023552300109,2023,552300109,1,9,0,18,19,8,4,0,0,0,0,0,0,0,1,1,6,6,1,32,6,1339,1,15,HONDA JAZZ,5,E01015286,0,-1
2023401301183,2023,401301183,2,9,0,7,7,2,6,0,0,1,1,0,0,0,1,1,2,2,1,22,5,1339,1,20,HONDA JAZZ,2,E01017474,0,-1
2023440028394,2023,440028394,2,9,0,2,2,0,0,0,0,2,0,0,0,0,1,1,6,6,3,-1,-1,1339,1,17,HONDA JAZZ,-1,-1,0,-1
2023201284916,2023,201284916,1,9,0,18,19,8,4,0,0,8,0,0,0,0,1,1,6,6,1,64,9,1339,1,13,HONDA JAZZ,1,E01009346,0,-1
2023440069716,2023,440069716,2,9,0,18,19,2,4,0,0,3,0,0,0,0,1,1,6,6,1,36,7,1318,1,5,HONDA JAZZ,10,E01022516,0,-1
2023332300468,2023,332300468,1,9,0,9,9,1,7,0,0,6,0,0,0,0,1,1,6,6,1,76,11,1339,8,9,HONDA JAZZ,9,E01026194,0,-1
2023010474406,2023,010474406,2,9,0,7,7,7,1,2,2,1,0,0,0,0,1,1,6,6,1,20,4,1339,1,11,HONDA JAZZ,3,E01000222,0,-1
2023552300225,2023,552300225,1,9,0,9,9,4,2,0,0,6,0,0,0,0,1,1,6,6,1,75,10,1318,1,5,HONDA JAZZ,10,E01020350,0,-1
2023451302254,2023,451302254,1,9,0,9,9,1,7,0,0,0,0,0,0,0,1,1,5,6,2,85,11,1339,1,15,HONDA JAZZ,10,E01030758,0,-1
2023421343247,2023,421343247,1,9,0,18,19,4,8,0,0,5,0,0,7,0,1,1,5,6,2,77,11,1318,1,4,HONDA JAZZ,6,E01021404,0,-1
2023501362271,2023,501362271,1,9,0,2,2,0,0,9,9,2,0,0,0,0,2,1,5,6,2,49,8,1339,1,14,HONDA JAZZ,7,E01020169,0,-1
2023421391876,2023,421391876,1,9,0,18,19,7,3,0,0,0,0,0,0,0,1,1,6,6,2,21,5,1339,1,17,HONDA JAZZ,2,E01004264,0,-1
2023010425050,2023,010425050,2,9,0,18,19,4,8,0,0,0,1,0,0,0,2,1,6,6,2,57,9,1339,1,16,HONDA JAZZ,1,E01003245,0,-1
2023522301753,2023,522301753,1,9,0,18,19,4,8,0,0,0,0,0,0,0,1,1,6,6,2,92,11,1339,1,11,HONDA JAZZ,5,E01014642,0,-1
2023401375239,2023,401375239,2,9,0,3,3,3,7,0,0,0,0,99,0,0,2,1,1,1,2,44,7,1318,1,4,HONDA JAZZ,2,E01015802,0,-1
2023010464441,2023,010464441,1,9,0,9,9,1,6,0,0,8,0,0,0,0,4,1,6,6,1,49,8,1339,1,17,HONDA JAZZ,3,E01001874,0,-1
2023201403455,2023,201403455,2,9,0,5,5,8,3,0,0,8,0,0,0,0,1,1,6,6,1,34,6,1330,1,11,HONDA JAZZ,1,E01009339,0,-1
2023552300960,2023,552300960,1,9,0,18,19,2,6,0,0,0,0,0,0,0,1,1,6,6,2,66,10,1339,1,8,HONDA JAZZ,9,E01020505,0,-1
2023622300875,2023,622300875,1,9,0,9,9,4,2,0,0,2,0,0,1,11,1,1,6,6,1,79,11,1498,8,1,HONDA JAZZ,10,W01001036,0,-1
2023351374879,2023,351374879,1,9,0,5,5,8,4,0,0,0,0,11,3,2,1,1,5,6,2,79,11,1198,1,14,HONDA JAZZ,9,E01017968,0,-1
2023010442623,2023,010442623,1,9,0,18,19,5,1,0,0,1,0,0,0,0,1,1,6,6,1,60,9,1318,1,7,HONDA JAZZ,6,E01002484,0,-1
2023461395582,2023,461395582,2,9,0,17,19,8,5,0,0,1,0,0,0,0,4,1,6,6,2,26,6,1339,1,9,HONDA JAZZ,1,E01016032,0,-1
2023430289109,2023,430289109,2,9,0,4,4,4,8,0,0,1,0,0,0,0,2,1,6,6,1,25,5,1339,1,20,HONDA JAZZ,-1,-1,0,-1
2023451354610,2023,451354610,1,9,0,16,19,3,7,9,9,0,2,0,7,11,1,1,5,6,1,18,4,1318,1,3,HONDA JAZZ,5,E01030572,0,-1
2023430093833,2023,430093833,1,9,0,11,11,5,1,0,0,5,0,10,0,11,1,1,6,6,1,95,11,1339,1,9,HONDA JAZZ,10,E01028664,0,-1
2023010453052,2023,010453052,1,9,0,7,7,5,7,0,0,8,0,0,0,0,1,1,6,6,2,40,7,1339,1,8,HONDA JAZZ,7,E01004139,0,-1
2023201432811,2023,201432811,4,9,0,2,2,0,0,0,0,2,0,0,0,0,1,1,6,6,3,-1,-1,1339,1,18,HONDA JAZZ,-1,-1,0,-1
2023440416728,2023,440416728,1,9,0,18,19,1,5,9,9,0,0,0,0,0,1,1,6,6,1,88,11,1318,1,5,HONDA JAZZ,10,E01022596,0,-1
2023221326678,2023,221326678,1,9,0,9,9,7,6,0,0,8,0,0,0,0,1,1,5,6,1,23,5,1339,1,18,HONDA JAZZ,1,E01032471,0,-1
2023522400948,2023,522400948,2,9,0,8,8,6,2,0,0,1,0,0,0,0,2,1,6,6,1,52,8,1339,1,16,HONDA JAZZ,1,E01033366,0,-1
2023201330905,2023,201330905,1,9,0,9,9,2,8,0,0,6,0,0,0,0,1,1,6,6,2,-1,-1,1198,1,9,HONDA JAZZ,-1,-1,0,-1
2023010426551,2023,010426551,1,9,0,7,7,7,1,5,5,1,0,0,1,0,2,1,2,2,1,36,7,1339,1,19,HONDA JAZZ,4,E01003914,0,-1
2023070504304,2023,070504304,3,9,0,18,19,2,6,0,0,0,0,0,0,0,0,1,6,6,1,36,7,1339,1,8,HONDA JAZZ,-1,-1,0,-1
2023461352654,2023,461352654,1,9,0,18,19,5,1,0,0,1,0,0,0,0,1,1,6,6,2,61,9,1339,1,14,HONDA JAZZ,4,E01024142,0,-1
2023451317999,2023,451317999,2,9,0,9,9,2,6,0,0,0,0,0,0,0,1,1,5,6,2,67,10,1318,1,4,HONDA JAZZ,10,E01030894,0,-1
2023010451055,2023,010451055,1,9,0,99,99,9,9,99,99,9,9,99,9,99,0,9,6,6,2,39,7,1339,1,14,HONDA JAZZ,3,E01000099,0,-1
2023010432551,2023,010432551,1,9,0,99,99,9,9,99,99,9,9,99,9,99,2,9,6,6,1,32,6,1339,1,14,HONDA JAZZ,4,E01021809,0,-1
2023552300966,2023,552300966,1,9,0,9,9,8,6,0,0,2,0,0,0,0,4,1,6,6,1,43,7,1246,1,17,HONDA JAZZ,4,E01015327,0,-1
2023041335197,2023,041335197,2,9,0,18,19,3,7,0,0,0,0,0,0,0,2,1,5,6,1,51,8,1318,1,6,HONDA JAZZ,10,E01025007,0,-1
2023461310303,2023,461310303,1,9,0,18,19,6,2,0,0,0,0,4,0,0,1,1,6,6,1,33,6,1339,1,17,HONDA JAZZ,7,E01024766,0,-1
2023471348111,2023,471348111,1,9,0,18,19,3,7,0,0,1,0,0,0,0,1,1,5,6,2,73,10,1498,8,2,HONDA JAZZ,3,E01031409,0,-1
2023221287533,2023,221287533,2,9,0,2,2,0,0,0,0,1,0,0,0,0,2,1,6,6,2,61,9,1339,1,13,HONDA JAZZ,2,E01014042,0,-1
2023302301317,2023,302301317,1,9,0,17,19,8,4,0,0,0,0,0,0,0,1,1,6,6,2,38,7,1339,1,11,HONDA JAZZ,1,E01013472,0,-1
2023302300826,2023,302300826,1,9,0,5,5,2,7,0,0,8,0,0,0,0,1,1,2,2,2,20,4,1339,1,14,HONDA JAZZ,6,E01033536,0,-1
2023201364264,2023,201364264,1,9,0,5,5,2,6,0,0,4,0,0,0,0,1,1,6,6,2,77,11,1339,1,12,HONDA JAZZ,7,E01010136,0,-1
2023010459604,2023,010459604,2,9,0,2,2,0,0,7,6,1,0,0,0,0,2,1,6,6,3,-1,-1,1339,1,20,HONDA JAZZ,-1,-1,0,-1
2023201305840,2023,201305840,1,9,0,6,6,6,6,0,0,1,0,0,0,0,1,1,1,1,1,33,6,1339,1,18,HONDA JAZZ,1,E01033647,0,-1
2023211341229,2023,211341229,1,9,0,13,13,8,6,0,0,1,0,0,0,0,3,1,5,6,1,57,9,1339,1,18,HONDA JAZZ,1,E01014224,0,-1
2023041358233,2023,041358233,1,9,0,18,19,3,7,0,0,0,0,0,0,0,3,1,5,6,1,80,11,1339,1,13,HONDA JAZZ,10,E01005052,0,-1
2023361271645,2023,361271645,1,9,0,18,19,4,8,0,0,2,0,0,0,0,1,1,5,6,1,81,11,1498,8,1,HONDA JAZZ,9,E01026901,0,-1
2023010445048,2023,010445048,1,9,0,99,99,9,9,99,99,9,9,99,9,99,1,9,6,6,1,-1,-1,1318,1,5,HONDA JAZZ,3,E01003099,0,-1
2023991358086,2023,991358086,3,9,0,18,19,8,4,0,0,0,1,0,2,11,1,1,5,6,1,34,6,1198,1,12,HONDA JAZZ,6,-1,0,-1
2023302301277,2023,302301277,2,9,0,18,19,6,2,0,0,3,0,0,0,0,4,1,6,6,1,29,6,1339,1,12,HONDA JAZZ,1,E01013570,0,-1