collision_index,collision_year,collision_ref_no,vehicle_reference,vehicle_type,towing_and_articulation,vehicle_manoeuvre_historic,vehicle_manoeuvre,vehicle_direction_from,vehicle_direction_to,vehicle_location_restricted_lane_historic,vehicle_location_restricted_lane,junction_location,skidding_and_overturning,hit_object_in_carriageway,vehicle_leaving_carriageway,hit_object_off_carriageway,first_point_of_impact,vehicle_left_hand_drive,journey_purpose_of_driver_historic,journey_purpose_of_driver,sex_of_driver,age_of_driver,age_band_of_driver,engine_capacity_cc,propulsion_code,age_of_vehicle,generic_make_model,driver_imd_decile,lsoa_of_driver,escooter_flag,driver_distance_banding
2023340NN0952,2023,340NN0952,1,9,0,18,19,8,4,0,0,0,1,0,0,0,1,1,1,1,1,39,7,1339,1,13,HONDA JAZZ,5,E01027113,0,-1
2023061378735,2023,061378735,2,9,0,18,19,5,1,0,0,0,0,0,0,0,3,1,1,1,2,52,8,1339,1,12,HONDA JAZZ,8,E01025550,0,-1
2023052300782,2023,052300782,1,9,0,18,19,1,5,0,0,0,0,0,0,0,1,1,6,6,1,26,6,1339,1,15,HONDA JAZZ,1,E01006787,0,-1
2023531267858,2023,531267858,1,9,0,18,19,3,7,0,0,3,0,0,0,0,2,1,5,6,2,37,7,1339,1,19,HONDA JAZZ,4,E01022331,0,-1
2023471312215,2023,471312215,1,9,0,18,19,7,2,0,0,0,0,0,0,0,1,1,5,6,1,85,11,1318,1,4,HONDA JAZZ,9,E01031458,0,-1
2023552300902,2023,552300902,1,9,0,9,9,8,6,0,0,5,0,0,0,0,1,1,6,6,1,90,11,1318,1,4,HONDA JAZZ,4,E01020485,0,-1
2023610051923,2023,610051923,2,9,0,18,19,3,7,0,0,0,0,0,0,0,1,1,6,6,2,77,11,1498,8,3,HONDA JAZZ,-1,-1,0,-1
2023211358694,2023,211358694,1,9,0,18,19,1,5,0,0,0,5,0,1,0,1,1,6,6,2,82,11,1318,1,7,HONDA JAZZ,9,E01029793,0,-1
2023201433915,2023,201433915,1,9,0,18,19,6,2,0,0,8,0,0,0,0,3,1,6,6,2,32,6,1339,8,11,HONDA JAZZ,1,E01009406,0,-1
2023041355523,2023,041355523,1,9,0,18,19,1,7,0,0,1,1,7,0,0,3,1,5,6,1,88,11,1339,1,18,HONDA JAZZ,5,E01012635,0,-1
2023122301219,2023,122301219,2,9,0,18,19,3,6,0,0,0,0,0,7,9,1,1,6,6,2,19,4,1339,1,20,HONDA JAZZ,10,E01013427,0,-1
2023010459321,2023,010459321,1,9,0,99,99,9,9,99,99,9,9,99,9,99,1,9,6,6,2,58,9,1339,1,14,HONDA JAZZ,9,E01000327,0,-1
2023010425044,2023,010425044,2,9,0,6,6,3,3,0,0,2,0,0,0,0,4,1,6,6,1,57,9,1339,1,17,HONDA JAZZ,5,E01003700,0,-1
2023440345637,2023,440345637,2,9,0,18,19,6,2,0,0,1,0,0,0,0,1,1,6,6,1,39,7,1339,1,9,HONDA JAZZ,-1,-1,0,-1
2023010425430,2023,010425430,2,9,9,99,99,9,9,99,99,9,9,99,9,99,1,9,6,6,3,-1,-1,1339,1,12,HONDA JAZZ,-1,-1,0,-1
2023451349602,2023,451349602,1,9,0,18,19,3,7,0,0,0,0,0,0,0,1,1,5,6,2,38,7,1339,1,15,HONDA JAZZ,5,E01030812,0,-1
2023201308385,2023,201308385,3,9,0,2,2,0,0,0,0,1,0,0,0,0,1,1,6,6,1,-1,-1,1339,1,15,HONDA JAZZ,-1,-1,0,-1
2023071174985,2023,071174985,1,9,0,9,9,6,2,0,0,6,0,0,0,0,3,1,6,6,2,62,9,1498,1,4,HONDA JAZZ,-1,-1,0,-1
2023351316213,2023,351316213,1,9,0,18,19,5,1,0,0,0,0,7,0,0,1,1,5,6,1,78,11,1498,8,0,HONDA JAZZ,8,E01015629,0,-1
2023451362921,2023,451362921,1,9,0,18,19,7,3,0,0,0,0,0,0,0,1,1,6,6,1,45,7,1339,1,19,HONDA JAZZ,10,E01031003,0,-1
2023501372104,2023,501372104,3,9,0,3,3,1,5,0,0,0,0,0,0,0,4,1,6,6,2,51,8,1339,1,16,HONDA JAZZ,7,E01015250,0,-1
2023041282063,2023,041282063,1,9,0,18,19,5,1,0,0,0,0,0,7,9,3,1,6,6,1,79,11,1318,1,8,HONDA JAZZ,8,E01025166,0,-1
2023010422535,2023,010422535,2,9,0,18,19,7,3,0,0,8,0,0,0,0,1,1,6,6,1,-1,-1,1339,1,12,HONDA JAZZ,-1,-1,0,-1
2023631358753,2023,631358753,1,9,0,18,19,5,1,0,0,0,0,0,0,0,1,1,5,6,1,46,8,1318,1,5,HONDA JAZZ,2,W01000895,0,-1
2023221361622,2023,221361622,1,9,0,18,19,6,2,0,0,0,2,0,4,6,1,1,6,6,1,21,5,1339,1,17,HONDA JAZZ,9,E01011464,0,-1
2023481363694,2023,481363694,2,9,0,18,19,3,7,0,0,0,0,0,0,0,1,1,5,6,1,39,7,1498,8,2,HONDA JAZZ,-1,-1,0,-1
2023010468491,2023,010468491,1,9,0,18,19,7,3,0,0,0,0,0,0,0,1,1,6,6,2,81,11,1318,1,4,HONDA JAZZ,8,E01000453,0,-1
2023361274377,2023,361274377,2,9,0,18,19,2,6,0,0,0,0,0,0,0,3,1,5,6,2,88,11,1198,1,11,HONDA JAZZ,5,E01026718,0,-1
2023010484346,2023,010484346,2,9,0,99,99,9,9,99,99,9,9,99,9,99,9,9,6,6,3,-1,-1,1498,8,1,HONDA JAZZ,-1,-1,0,-1
2023622300345,2023,622300345,1,9,0,18,19,3,7,0,0,0,0,0,1,0,1,1,6,6,1,34,6,1339,1,14,HONDA JAZZ,3,W01001154,0,-1
2023221309247,2023,221309247,1,9,0,9,9,7,5,0,0,6,0,0,0,0,3,1,5,6,2,75,10,1318,1,4,HONDA JAZZ,4,E01029588,0,-1
2023131320912,2023,131320912,2,9,0,9,9,1,5,0,0,8,0,0,0,0,1,1,3,7,2,45,7,1339,1,18,HONDA JAZZ,1,E01011361,0,-1
2023010438066,2023,010438066,2,9,0,99,99,9,9,99,99,9,9,99,9,99,9,9,6,6,3,-1,-1,1339,1,17,HONDA JAZZ,-1,-1,0,-1
2023622300193,2023,622300193,2,9,0,3,3,5,1,0,0,1,0,0,3,6,2,1,6,6,1,33,6,1339,1,16,HONDA JAZZ,3,W01001875,0,-1
2023991338741,2023,991338741,1,9,0,18,19,8,4,0,0,0,2,4,0,0,3,1,5,6,1,36,7,1339,1,11,HONDA JAZZ,8,E01000563,0,-1
2023461333433,2023,461333433,1,9,0,18,19,8,4,0,0,8,0,0,0,0,1,1,5,6,1,67,10,1339,1,13,HONDA JAZZ,1,E01016031,0,-1
2023010486671,2023,010486671,1,9,0,18,19,6,2,0,0,0,0,0,0,0,1,1,6,6,1,45,7,1318,1,6,HONDA JAZZ,10,E01002195,0,-1
2023631316089,2023,631316089,1,9,0,17,19,6,3,0,0,0,0,0,2,10,1,1,6,6,2,29,6,1339,1,19,HONDA JAZZ,4,W01000516,0,-1
2023461337422,2023,461337422,1,9,0,3,3,7,3,0,0,2,0,0,0,0,2,1,5,6,1,44,7,1498,8,0,HONDA JAZZ,10,E01024386,0,-1
2023041324160,2023,041324160,1,9,0,9,9,7,5,0,0,8,0,0,0,0,1,1,5,6,1,88,11,1339,1,12,HONDA JAZZ,7,E01025029,0,-1
2023010437951,2023,010437951,1,9,0,18,19,8,4,0,0,0,0,7,0,0,1,1,6,6,1,23,5,1339,1,17,HONDA JAZZ,6,E01002602,0,-1
2023421294827,2023,421294827,1,9,0,18,19,1,5,0,0,0,0,0,0,0,1,1,5,6,1,30,6,1339,1,17,HONDA JAZZ,6,E01021986,0,-1
2023010423807,2023,010423807,1,9,0,99,99,9,9,99,99,9,9,99,9,99,1,9,6,6,2,71,10,1339,1,10,HONDA JAZZ,5,E01004057,0,-1
2023501323638,2023,501323638,2,9,0,18,19,4,1,0,0,1,0,0,0,0,1,1,6,6,2,-1,-1,1339,1,12,HONDA JAZZ,6,E01019938,0,-1
2023552300633,2023,552300633,1,9,0,5,5,6,8,0,0,6,0,0,0,0,1,1,2,2,1,34,6,1339,1,14,HONDA JAZZ,5,E01015393,0,-1
2023010431019,2023,010431019,1,9,0,9,9,3,1,0,0,2,0,0,0,0,1,1,6,6,2,32,6,1318,1,6,HONDA JAZZ,3,E01000392,0,-1
2023440493527,2023,440493527,2,9,0,18,19,8,4,0,0,1,0,0,0,0,1,1,6,6,1,23,5,1339,1,18,HONDA JAZZ,10,E01022763,0,-1
2023010439213,2023,010439213,1,9,0,9,9,5,2,0,0,8,0,0,0,0,1,1,6,6,1,55,8,1339,1,12,HONDA JAZZ,6,E01003449,0,-1
2023991392563,2023,991392563,1,9,0,9,9,4,2,0,0,1,0,0,0,0,4,1,5,6,2,76,11,1498,1,5,HONDA JAZZ,4,-1,0,-1
2023411387776,2023,411387776,1,9,0,18,19,3,7,0,0,0,0,0,0,0,1,1,2,2,1,39,7,1339,1,13,HONDA JAZZ,5,E01023827,0,-1
2023451291131,2023,451291131,2,9,0,18,19,1,5,0,0,0,0,0,0,0,2,1,5,6,2,50,8,1318,1,4,HONDA JAZZ,8,E01004502,0,-1
2023041360762,2023,041360762,1,9,0,18,19,3,7,0,0,1,0,0,0,0,4,1,5,6,2,86,11,1198,1,9,HONDA JAZZ,9,E01024992,0,-1
2023010467815,2023,010467815,1,9,9,99,99,9,9,99,99,0,9,99,9,99,9,9,6,6,1,37,7,1339,1,18,HONDA JAZZ,6,E01000575,0,-1
2023471324583,2023,471324583,1,9,0,18,19,5,5,0,0,0,1,0,0,0,1,1,5,6,2,68,10,1318,1,4,HONDA JAZZ,5,E01021216,0,-1
2023440083864,2023,440083864,2,9,0,18,19,4,1,0,0,8,0,0,0,0,1,1,6,6,1,65,9,1339,1,12,HONDA JAZZ,10,E01023268,0,-1
2023991291860,2023,991291860,2,9,0,18,19,5,1,0,0,1,0,0,0,0,1,1,5,6,1,88,11,1339,1,15,HONDA JAZZ,5,-1,0,-1
2023010484750,2023,010484750,2,9,0,99,99,9,9,99,99,9,9,99,9,99,1,9,6,6,3,-1,-1,1318,1,8,HONDA JAZZ,6,E01004637,0,-1
2023311328269,2023,311328269,1,9,0,18,19,1,5,0,0,0,0,0,0,0,1,1,5,6,1,72,10,1318,1,6,HONDA JAZZ,4,E01027960,0,-1
2023430078592,2023,430078592,1,9,0,18,19,5,1,0,0,0,0,0,0,0,1,1,6,6,2,40,7,1339,1,13,HONDA JAZZ,9,E01028761,0,-1
2023010435751,2023,010435751,2,9,9,9,9,1,6,99,99,9,9,99,9,99,9,1,6,6,3,-1,-1,1339,1,11,HONDA JAZZ,-1,-1,0,-1
2023010447456,2023,010447456,1,9,0,18,19,7,3,0,0,6,0,0,0,0,4,1,2,2,2,55,8,1339,1,11,HONDA JAZZ,1,E01003517,0,-1
2023320195338,2023,320195338,1,9,0,17,19,2,7,0,0,0,1,0,1,4,1,1,6,6,1,19,4,1339,1,21,HONDA JAZZ,7,E01032989,0,-1
2023131279889,2023,131279889,2,9,0,2,2,0,0,0,0,8,0,0,0,0,1,1,6,6,3,-1,-1,1339,1,15,HONDA JAZZ,-1,-1,0,-1
2023010428062,2023,010428062,2,9,0,99,99,9,9,99,99,9,9,99,9,99,9,9,6,6,3,-1,-1,1498,8,3,HONDA JAZZ,7,E01004627,0,-1
2023520300990,2023,520300990,1,9,0,18,19,7,3,0,0,0,0,0,1,10,1,1,6,6,1,30,6,1246,1,17,HONDA JAZZ,6,E01014769,0,-1
2023052301579,2023,052301579,2,9,0,18,19,2,6,0,0,8,0,0,0,0,1,1,6,6,2,62,9,1339,1,20,HONDA JAZZ,6,E01007287,0,-1
2023361342156,2023,361342156,1,9,0,18,19,5,1,0,0,2,2,0,0,0,1,1,5,6,1,31,6,1339,1,16,HONDA JAZZ,6,E01026642,0,-1
2023471366122,2023,471366122,1,9,0,18,19,6,2,0,0,0,0,0,0,0,4,1,6,6,2,58,9,1339,1,9,HONDA JAZZ,9,E01031772,0,-1
2023010439648,2023,010439648,1,9,0,99,99,9,9,99,99,9,9,99,9,99,2,9,6,6,1,39,7,1339,1,12,HONDA JAZZ,4,E01000124,0,-1
2023010469372,2023,010469372,1,9,0,18,19,3,7,0,0,2,0,0,0,0,1,1,6,6,2,45,7,1198,1,14,HONDA JAZZ,1,E01033585,0,-1
2023161388833,2023,161388833,3,9,0,18,19,7,3,0,0,0,0,0,0,0,1,1,5,6,1,75,10,1498,1,4,HONDA JAZZ,9,E01011937,0,-1
2023061298864,2023,061298864,2,9,-1,18,19,-1,-1,0,0,0,0,0,0,0,0,1,6,6,3,20,4,1246,1,16,HONDA JAZZ,2,E01005163,0,-1
2023430409686,2023,430409686,2,9,0,18,19,8,4,0,0,0,0,0,0,0,1,1,6,6,2,24,5,1339,1,18,HONDA JAZZ,7,E01028545,0,-1
2023010452860,2023,010452860,2,9,0,18,19,7,3,0,0,4,0,0,0,0,2,1,2,2,1,38,7,1339,1,12,HONDA JAZZ,1,E01002066,0,-1
2023201393118,2023,201393118,1,9,0,7,7,2,4,0,0,6,0,0,0,0,2,1,6,6,3,-1,-1,1339,1,16,HONDA JAZZ,-1,-1,0,-1
2023361271744,2023,361271744,1,9,0,18,19,5,1,0,0,2,0,0,0,0,1,1,5,6,1,50,8,1339,1,16,HONDA JAZZ,6,E01026437,0,-1
2023010450528,2023,010450528,1,9,0,99,99,9,9,99,99,9,0,99,9,99,9,1,6,6,1,58,9,1339,1,16,HONDA JAZZ,3,E01002457,0,-1
2023471292960,2023,471292960,1,9,0,18,19,6,2,0,0,1,0,0,0,0,1,1,5,6,1,67,10,1339,1,16,HONDA JAZZ,6,E01021152,0,-1
2023010437587,2023,010437587,2,9,0,18,19,7,3,0,0,8,0,0,0,0,3,1,6,6,1,44,7,1339,1,8,HONDA JAZZ,-1,-1,0,-1
2023501332911,2023,501332911,2,9,0,3,3,8,4,0,0,0,0,0,0,0,2,1,5,6,1,62,9,1339,1,13,HONDA JAZZ,7,E01019969,0,-1
2023622300082,2023,622300082,1,9,0,4,4,6,2,0,0,1,0,0,0,0,2,1,6,6,2,66,10,1339,1,17,HONDA JAZZ,2,W01001271,0,-1
2023351379816,2023,351379816,1,9,0,9,9,1,5,0,0,8,0,0,0,0,3,1,5,6,2,87,11,1339,1,17,HONDA JAZZ,9,E01018013,0,-1
2023141318072,2023,141318072,1,9,0,5,5,1,3,0,0,0,0,0,1,0,1,1,1,1,2,57,9,1318,1,6,HONDA JAZZ,9,E01007428,0,-1
2023451306391,2023,451306391,3,9,0,4,4,3,7,0,0,0,0,0,0,0,2,1,5,6,1,34,6,1318,1,6,HONDA JAZZ,9,E01017252,0,-1
2023461366498,2023,461366498,1,9,0,18,19,3,7,0,0,0,5,0,0,0,4,1,6,6,1,29,6,1339,1,15,HONDA JAZZ,1,E01016069,0,-1
2023101326180,2023,101326180,1,9,0,7,7,5,7,0,0,8,0,0,0,0,1,1,3,7,2,38,7,1339,1,15,HONDA JAZZ,4,E01008455,0,-1
2023332300368,2023,332300368,1,9,0,5,5,3,7,0,0,1,0,0,0,0,1,1,2,2,1,53,8,1339,1,20,HONDA JAZZ,3,E01013777,0,-1
2023501269141,2023,501269141,1,9,0,18,19,5,1,0,0,0,0,0,0,0,4,1,6,6,2,69,10,1339,1,17,HONDA JAZZ,4,E01018783,0,-1
2023061366862,2023,061366862,2,9,0,8,8,3,5,0,0,0,0,0,0,0,2,1,3,7,2,27,6,1339,1,17,HONDA JAZZ,4,E01005286,0,-1
2023461291627,2023,461291627,2,9,0,3,3,-1,-1,0,0,0,0,0,0,0,2,1,1,1,2,42,7,1339,1,13,HONDA JAZZ,8,E01024653,0,-1
2023471351373,2023,471351373,1,9,0,9,9,3,3,0,0,6,0,0,0,0,3,2,2,2,1,42,7,1339,8,9,HONDA JAZZ,8,E01031439,0,-1
2023520400645,2023,520400645,1,9,0,18,19,8,4,0,0,8,0,0,0,0,3,1,6,6,1,93,11,1339,1,20,HONDA JAZZ,8,E01020495,0,-1
2023440258703,2023,440258703,1,9,0,9,9,7,5,0,0,8,0,0,0,0,4,1,6,6,2,63,9,1318,1,6,HONDA JAZZ,6,E01022812,0,-1
2023332300091,2023,332300091,1,9,0,18,19,7,3,0,0,2,0,7,0,0,1,1,6,6,1,85,11,1246,1,18,HONDA JAZZ,6,E01025978,0,-1
2023991340076,2023,991340076,1,9,0,1,1,4,2,9,9,1,0,0,0,0,2,1,5,6,1,81,11,1498,8,2,HONDA JAZZ,-1,-1,0,-1
2023340WN4952,2023,340WN4952,1,9,0,7,7,2,5,0,0,6,0,0,0,0,1,1,2,2,2,65,9,1318,1,7,HONDA JAZZ,1,E01027195,0,-1
2023552300441,2023,552300441,2,9,0,13,13,3,7,0,0,8,0,0,0,0,4,1,2,2,2,65,9,1318,1,8,HONDA JAZZ,10,E01022981,0,-1
2023320336665,2023,320336665,1,9,0,9,9,6,4,0,0,2,0,0,0,0,1,1,6,6,1,90,11,1318,1,4,HONDA JAZZ,4,E01026705,0,-1
2023430142245,2023,430142245,1,9,0,9,9,2,8,0,0,6,0,0,0,0,3,1,6,6,2,82,11,1318,1,7,HONDA JAZZ,7,E01028762,0,-1
2023041352538,2023,041352538,1,9,0,9,9,7,5,0,0,8,0,0,3,0,1,1,5,6,2,85,11,1339,1,16,HONDA JAZZ,7,E01025169,0,-1
2023401326454,2023,401326454,2,9,0,3,3,-1,-1,0,0,2,0,0,0,0,2,1,6,6,2,27,6,1339,1,16,HONDA JAZZ,4,E01017476,0,-1
2023451369612,2023,451369612,1,9,0,17,19,1,5,0,0,4,0,0,0,0,1,1,5,6,2,75,10,1498,8,0,HONDA JAZZ,10,E01030303,0,-1
2023070341731,2023,070341731,4,9,0,3,3,3,7,0,0,1,0,0,0,0,2,1,6,6,2,74,10,1318,1,7,HONDA JAZZ,7,E01018725,0,-1
2023501318568,2023,501318568,1,9,0,18,19,2,7,0,0,4,0,9,3,10,1,1,6,6,2,90,11,1198,1,8,HONDA JAZZ,7,E01018879,0,-1
2023440147815,2023,440147815,1,9,0,7,7,8,2,0,0,6,0,0,0,0,1,1,6,6,1,40,7,1339,1,20,HONDA JAZZ,10,E01022726,0,-1
2023221267743,2023,221267743,1,9,0,18,19,8,4,0,0,0,0,0,0,0,1,1,6,6,2,78,11,1339,1,18,HONDA JAZZ,7,E01032122,0,-1
2023161367303,2023,161367303,1,9,0,18,19,3,7,0,0,1,0,0,0,0,2,1,5,6,1,60,9,1498,8,3,HONDA JAZZ,6,E01012771,0,-1
2023010448824,2023,010448824,1,9,0,99,99,9,9,99,99,9,9,99,9,99,2,9,2,2,2,51,8,1318,1,5,HONDA JAZZ,4,E01001934,0,-1
2023552300390,2023,552300390,1,9,0,18,19,6,2,0,0,6,0,0,0,0,4,1,6,6,2,76,11,1339,1,13,HONDA JAZZ,5,E01020469,0,-1
2023010477704,2023,010477704,2,9,0,99,99,9,9,99,99,9,9,99,9,99,9,9,6,6,3,-1,-1,1339,1,13,HONDA JAZZ,-1,-1,0,-1
2023161320997,2023,161320997,1,9,0,18,19,7,3,0,0,0,0,0,0,0,1,1,2,2,2,40,7,1339,1,8,HONDA JAZZ,2,E01013315,0,-1
2023520301376,2023,520301376,1,9,0,18,19,7,3,0,0,0,0,0,0,0,1,1,6,6,1,82,11,1198,1,10,HONDA JAZZ,10,E01029254,0,-1
2023522324603,2023,522324603,1,9,0,4,4,5,1,0,0,1,0,0,0,0,2,1,6,6,2,34,6,1339,1,19,HONDA JAZZ,6,E01014531,0,-1
2023111324269,2023,111324269,1,9,0,9,9,1,6,0,0,6,0,0,0,0,1,1,5,6,2,86,11,1339,1,16,HONDA JAZZ,7,E01020654,0,-1
2023401347510,2023,401347510,1,9,0,18,19,3,7,0,0,2,0,4,0,0,1,1,5,6,1,86,11,1339,1,14,HONDA JAZZ,7,E01017524,0,-1
2023401274683,2023,401274683,1,9,0,18,19,1,5,0,0,8,0,0,0,0,1,1,6,6,1,19,4,1339,1,14,HONDA JAZZ,10,E01027255,0,-1
2023141290640,2023,141290640,2,9,0,7,7,4,8,0,0,2,0,0,0,0,3,1,6,6,3,-1,-1,1339,1,15,HONDA JAZZ,-1,-1,0,-1
2023361349229,2023,361349229,1,9,0,9,9,5,3,0,0,0,0,0,0,0,1,1,5,6,2,85,11,1498,8,2,HONDA JAZZ,8,E01026530,0,-1
2023010485301,2023,010485301,1,9,0,9,9,5,3,0,0,1,0,0,0,0,1,1,6,6,1,31,6,1339,1,10,HONDA JAZZ,-1,-1,0,-1
2023010453338,2023,010453338,2,9,0,99,99,9,9,99,99,9,9,99,9,99,1,9,6,6,3,-1,-1,1339,1,16,HONDA JAZZ,-1,-1,0,-1
2023471323732,2023,471323732,1,9,0,18,19,8,4,0,0,0,0,0,0,0,4,1,5,6,2,74,10,1318,1,4,HONDA JAZZ,6,E01031825,0,-1
2023010441623,2023,010441623,2,9,0,99,99,9,9,99,99,9,9,99,9,99,2,9,6,6,3,-1,-1,1339,1,13,HONDA JAZZ,10,E01003362,0,-1
2023061377572,2023,061377572,1,9,0,18,19,7,3,0,0,1,0,0,0,0,1,1,6,6,1,20,4,1339,1,17,HONDA JAZZ,-1,-1,0,-1
2023010441880,2023,010441880,1,9,0,9,9,8,6,0,0,8,5,0,1,0,3,1,6,6,2,23,5,1490,8,8,HONDA JAZZ,2,E01000154,0,-1
2023991370181,2023,991370181,2,9,0,5,5,5,2,0,0,4,0,0,0,0,1,1,2,2,1,26,6,1339,1,14,HONDA JAZZ,-1,-1,0,-1
2023010478087,2023,010478087,2,9,0,99,99,9,9,99,99,9,9,99,9,99,9,9,6,6,1,-1,-1,1339,1,18,HONDA JAZZ,4,E01003133,0,-1
2023010474662,2023,010474662,3,9,0,18,19,8,4,0,0,0,0,0,1,0,1,1,6,6,1,33,6,1339,1,9,HONDA JAZZ,4,E01003573,0,-1
2023531289130,2023,531289130,2,9,0,18,19,2,6,0,0,0,0,0,0,0,3,1,5,6,2,76,11,1339,1,11,HONDA JAZZ,9,E01022137,0,-1
2023501388830,2023,501388830,1,9,0,9,9,6,3,0,0,5,0,0,0,0,4,1,5,6,1,69,10,1318,1,5,HONDA JAZZ,7,E01015198,0,-1
2023052302511,2023,052302511,2,9,0,18,19,3,6,0,0,1,0,0,0,0,1,1,6,6,2,85,11,1339,1,17,HONDA JAZZ,8,E01006581,0,-1
2023471332295,2023,471332295,2,9,0,18,19,1,5,0,0,0,0,0,0,0,2,1,5,6,2,71,10,1318,1,7,HONDA JAZZ,5,E01031401,0,-1
2023010438856,2023,010438856,2,9,0,4,4,1,5,0,0,0,0,0,0,0,2,1,6,6,1,26,6,1339,1,14,HONDA JAZZ,2,E01001878,0,-1
2023201298263,2023,201298263,2,9,0,18,19,3,7,0,0,4,0,0,0,0,1,1,6,6,1,30,6,1198,1,11,HONDA JAZZ,1,E01009491,0,-1
2023010470954,2023,010470954,2,9,0,99,99,9,9,99,99,9,9,99,9,99,9,9,6,6,3,-1,-1,1246,1,16,HONDA JAZZ,-1,-1,0,-1
2023541118423,2023,541118423,1,9,0,17,19,1,6,0,0,0,0,0,1,4,1,1,6,6,1,18,4,1339,1,19,HONDA JAZZ,8,E01031946,0,-1
2023031345071,2023,031345071,2,9,0,18,19,7,6,0,0,0,0,0,0,0,2,1,6,6,1,75,10,1318,1,4,HONDA JAZZ,-1,-1,0,-1
2023010430742,2023,010430742,1,9,0,18,19,3,7,0,0,4,0,0,0,0,3,2,1,1,2,49,8,1318,1,4,HONDA JAZZ,-1,-1,0,-1
2023501365115,2023,501365115,2,9,0,18,19,5,1,0,0,0,0,0,0,0,1,1,5,6,2,78,11,1246,1,18,HONDA JAZZ,2,E01015190,0,-1
2023010426945,2023,010426945,1,9,0,99,99,9,9,99,99,9,9,99,9,99,9,9,6,6,1,47,8,1339,1,19,HONDA JAZZ,4,E01000557,0,-1
2023451296634,2023,451296634,2,9,0,18,19,4,8,0,0,0,0,0,0,0,1,1,2,2,1,42,7,1318,1,7,HONDA JAZZ,10,E01022849,0,-1
2023371291017,2023,371291017,1,9,0,18,19,3,7,0,0,0,0,0,0,0,4,1,5,6,2,69,10,1339,1,9,HONDA JAZZ,6,E01030221,0,-1
2023440323635,2023,440323635,1,9,0,18,19,3,5,0,0,4,0,0,0,0,3,1,6,6,2,-1,-1,1339,1,11,HONDA JAZZ,10,E01022972,0,-1
2023401299344,2023,401299344,2,9,0,3,3,2,6,0,0,1,0,0,0,0,2,1,1,1,2,40,7,1339,1,19,HONDA JAZZ,9,E01017389,0,-1
2023501353677,2023,501353677,1,9,0,4,4,5,1,0,0,0,2,0,0,0,3,1,1,1,1,33,6,1339,1,17,HONDA JAZZ,4,E01015269,0,-1
2023522300437,2023,522300437,3,9,0,18,19,4,7,0,0,8,0,0,0,0,3,1,6,6,1,37,7,1498,8,1,HONDA JAZZ,5,E01014518,0,-1
2023552300519,2023,552300519,2,9,0,3,3,2,6,0,0,0,0,0,0,0,2,1,6,6,1,58,9,1339,1,14,HONDA JAZZ,2,E01000789,0,-1
2023061330272,2023,061330272,3,9,0,8,8,4,8,0,0,1,0,0,0,0,1,1,5,6,1,60,9,1339,1,19,HONDA JAZZ,2,E01005274,0,-1
2023010426916,2023,010426916,1,9,0,99,99,9,9,99,99,9,9,99,9,99,1,9,6,6,3,-1,-1,1339,1,16,HONDA JAZZ,2,E01004235,0,-1
2023122301382,2023,122301382,1,9,0,9,9,1,7,0,0,6,0,0,0,0,1,1,6,6,1,57,9,1339,1,9,HONDA JAZZ,-1,-1,0,-1
2023320454258,2023,320454258,1,9,0,9,9,4,3,0,0,5,0,0,0,0,4,1,6,6,3,-1,-1,1339,1,12,HONDA JAZZ,-1,-1,0,-1
2023501355460,2023,501355460,2,9,0,4,4,7,3,0,0,0,0,0,0,0,2,1,5,6,1,63,9,1339,1,14,HONDA JAZZ,2,E01033292,0,-1
2023471266076,2023,471266076,2,9,0,4,4,3,7,0,0,1,0,0,0,0,2,1,6,6,2,45,7,1339,1,17,HONDA JAZZ,4,E01031835,0,-1
2023010442143,2023,010442143,1,9,0,7,7,1,2,2,2,1,0,0,0,0,2,1,6,6,2,32,6,1198,1,12,HONDA JAZZ,3,E01017975,0,-1
2023010439885,2023,010439885,1,9,0,6,6,1,1,0,0,0,0,0,0,0,1,1,6,6,1,28,6,1339,1,19,HONDA JAZZ,-1,-1,0,-1
2023010482726,2023,010482726,4,9,0,2,2,0,0,0,0,0,0,0,0,0,4,1,6,6,3,-1,-1,1339,1,10,HONDA JAZZ,-1,-1,0,-1
2023010463331,2023,010463331,2,9,0,99,99,9,9,99,99,9,9,99,9,99,9,9,6,6,3,-1,-1,1318,1,3,HONDA JAZZ,-1,-1,0,-1
2023010449212,2023,010449212,3,9,0,2,2,0,0,0,0,1,0,0,0,0,1,1,6,6,3,-1,-1,1339,1,14,HONDA JAZZ,-1,-1,0,-1
2023010433637,2023,010433637,4,9,0,2,2,0,0,0,0,0,0,4,0,0,1,1,6,6,3,-1,-1,1330,8,12,HONDA JAZZ,-1,-1,0,-1
2023041451590,2023,041451590,2,9,0,4,4,3,7,0,0,0,0,4,0,0,1,1,6,6,1,37,7,1339,1,14,HONDA JAZZ,-1,-1,0,-1
2023071086121,2023,071086121,2,9,0,2,2,0,0,0,0,0,0,0,0,0,2,1,6,6,3,-1,-1,1339,1,12,HONDA JAZZ,-1,-1,0,-1
2023131320515,2023,131320515,1,9,0,18,19,7,3,0,0,3,0,0,0,0,1,1,2,2,2,50,8,1339,1,14,HONDA JAZZ,2,E01011691,0,-1
2023010466189,2023,010466189,2,9,0,18,19,3,7,0,0,8,0,0,0,0,1,1,6,6,1,69,10,1198,1,13,HONDA JAZZ,4,E01002665,0,-1
2023010439258,2023,010439258,2,9,0,99,99,9,9,99,99,9,9,99,9,99,1,9,6,6,3,-1,-1,1498,8,2,HONDA JAZZ,-1,-1,0,-1