collision_index,collision_year,collision_ref_no,vehicle_reference,vehicle_type,towing_and_articulation,vehicle_manoeuvre_historic,vehicle_manoeuvre,vehicle_direction_from,vehicle_direction_to,vehicle_location_restricted_lane_historic,vehicle_location_restricted_lane,junction_location,skidding_and_overturning,hit_object_in_carriageway,vehicle_leaving_carriageway,hit_object_off_carriageway,first_point_of_impact,vehicle_left_hand_drive,journey_purpose_of_driver_historic,journey_purpose_of_driver,sex_of_driver,age_of_driver,age_band_of_driver,engine_capacity_cc,propulsion_code,age_of_vehicle,generic_make_model,driver_imd_decile,lsoa_of_driver,escooter_flag,driver_distance_banding
2023122400166,2023,122400166,1,9,0,5,5,1,5,0,0,6,0,0,0,0,1,1,6,6,1,56,9,1318,1,5,HONDA JAZZ,3,E01013350,0,-1
2023170S20393,2023,170S20393,2,9,0,7,7,6,1,0,0,4,0,0,0,0,1,1,6,6,1,29,6,1339,1,10,HONDA JAZZ,5,E01012259,0,-1
2023461366272,2023,461366272,2,9,0,7,7,2,8,0,0,6,0,0,0,0,0,1,6,6,1,34,6,1198,1,15,HONDA JAZZ,4,E01024535,0,-1
2023320131488,2023,320131488,2,9,0,18,19,2,6,0,0,5,0,0,0,0,1,1,6,6,1,49,8,1339,1,15,HONDA JAZZ,8,E01026035,0,-1
2023010457848,2023,010457848,1,9,0,18,19,3,7,0,0,1,0,4,0,0,1,1,6,6,1,88,11,1339,1,20,HONDA JAZZ,4,E01001297,0,-1
2023131261831,2023,131261831,1,9,0,9,9,4,7,0,0,6,0,0,0,0,1,1,6,6,2,33,6,1339,1,17,HONDA JAZZ,4,E01010602,0,-1
2023340WN3322,2023,340WN3322,2,9,0,3,3,7,1,0,0,4,0,0,0,0,2,1,6,6,1,84,11,1318,1,7,HONDA JAZZ,4,E01027142,0,-1
2023010465039,2023,010465039,1,9,0,99,99,9,9,99,99,9,9,99,9,99,2,9,2,2,1,38,7,1339,1,18,HONDA JAZZ,1,E01001732,0,-1
2023010483742,2023,010483742,2,9,0,99,99,9,9,99,99,9,9,99,9,99,9,9,6,6,1,40,7,1339,1,13,HONDA JAZZ,1,E01004199,0,-1
2023461380486,2023,461380486,1,9,0,18,19,1,3,0,0,0,2,0,0,0,1,1,6,6,2,21,5,1339,1,17,HONDA JAZZ,6,E01003311,0,-1
2023010457916,2023,010457916,2,9,0,99,99,9,9,99,99,9,9,99,9,99,2,9,6,6,2,40,7,1339,1,12,HONDA JAZZ,2,E01001553,0,-1
2023451369125,2023,451369125,1,9,0,18,19,7,3,0,0,1,0,0,0,0,1,1,6,6,2,82,11,1339,1,9,HONDA JAZZ,5,E01030962,0,-1
2023471260686,2023,471260686,1,9,0,7,7,1,3,0,0,0,0,0,0,0,3,1,5,6,2,33,6,1339,1,17,HONDA JAZZ,8,E01021169,0,-1
2023440123286,2023,440123286,1,9,0,18,19,4,8,0,0,0,0,0,8,4,3,1,6,6,2,81,11,1339,1,16,HONDA JAZZ,4,E01031494,0,-1
2023411275591,2023,411275591,2,9,0,3,3,-1,-1,0,0,0,0,0,0,0,2,1,6,6,2,49,8,1318,1,8,HONDA JAZZ,10,E01017777,0,-1
2023041353761,2023,041353761,3,9,0,2,2,0,0,0,0,1,0,0,0,0,4,1,6,6,3,-1,-1,1339,1,11,HONDA JAZZ,-1,-1,0,-1
2023421366323,2023,421366323,1,9,0,18,19,3,7,0,0,0,0,0,7,0,4,1,1,1,1,19,4,1339,1,21,HONDA JAZZ,3,E01016036,0,-1
2023010481148,2023,010481148,2,9,0,99,99,9,9,99,99,9,9,99,9,99,1,9,6,6,3,-1,-1,1339,1,16,HONDA JAZZ,-1,-1,0,-1
2023141294667,2023,141294667,1,9,0,4,4,3,7,0,0,0,0,0,0,0,2,1,5,6,2,44,7,1318,1,5,HONDA JAZZ,1,E01008124,0,-1
2023440505833,2023,440505833,2,9,0,18,19,8,4,0,0,1,0,0,0,0,1,1,6,6,1,74,10,1318,1,6,HONDA JAZZ,6,E01016254,0,-1
2023010478354,2023,010478354,2,9,0,5,5,1,5,0,0,8,0,10,7,2,3,1,6,6,2,58,9,1498,8,0,HONDA JAZZ,7,E01001049,0,-1
2023332300514,2023,332300514,2,9,0,9,9,3,7,0,0,6,0,0,0,0,4,1,6,6,1,66,10,1339,1,20,HONDA JAZZ,1,E01013653,0,-1
2023461321184,2023,461321184,2,9,0,18,19,3,7,0,0,0,0,0,0,0,2,1,6,6,2,41,7,1318,1,4,HONDA JAZZ,4,E01031553,0,-1
2023351294000,2023,351294000,1,9,0,4,4,1,5,0,0,0,0,0,0,0,1,1,6,6,1,66,10,1339,1,9,HONDA JAZZ,4,E01026366,0,-1
2023471356988,2023,471356988,2,9,0,18,19,8,3,0,0,1,0,0,0,0,1,1,5,6,2,85,11,1339,1,9,HONDA JAZZ,6,E01024428,0,-1
2023201289764,2023,201289764,1,9,0,3,3,4,8,0,0,0,0,0,0,0,2,1,6,6,2,49,8,1339,1,19,HONDA JAZZ,1,E01008929,0,-1
2023010466117,2023,010466117,2,9,0,99,99,9,9,99,99,9,9,99,9,99,1,9,6,6,3,27,6,1339,1,14,HONDA JAZZ,3,E01001003,0,-1
2023451266100,2023,451266100,1,9,0,18,19,7,3,0,0,0,0,0,0,0,4,1,5,6,2,85,11,1339,1,17,HONDA JAZZ,5,E01030981,0,-1
2023451370772,2023,451370772,4,9,0,2,2,0,0,0,0,0,0,0,0,0,4,1,6,6,3,-1,-1,1318,1,7,HONDA JAZZ,-1,-1,0,-1
2023221287337,2023,221287337,1,9,0,4,4,8,4,0,0,1,0,0,0,0,2,1,5,6,2,59,9,1339,1,18,HONDA JAZZ,4,E01028968,0,-1
2023141280405,2023,141280405,1,9,0,18,19,5,1,0,0,0,0,0,0,0,1,1,5,6,1,19,4,1339,1,15,HONDA JAZZ,4,E01007820,0,-1
2023010461986,2023,010461986,2,9,0,18,19,1,5,0,0,8,0,0,0,0,1,1,6,6,1,76,11,1339,1,10,HONDA JAZZ,6,E01000726,0,-1
2023522301777,2023,522301777,2,9,0,17,19,6,3,0,0,0,0,0,0,0,1,1,6,6,2,77,11,1498,1,5,HONDA JAZZ,10,E01014715,0,-1
2023332300701,2023,332300701,1,9,0,12,12,3,7,0,0,0,0,0,0,0,3,1,6,6,1,64,9,1339,1,10,HONDA JAZZ,3,E01013698,0,-1
2023061313315,2023,061313315,1,9,0,9,9,4,8,0,0,8,0,0,0,0,1,1,5,6,2,70,10,1339,1,13,HONDA JAZZ,4,E01005712,0,-1
2023010423819,2023,010423819,1,9,3,18,19,5,1,0,0,0,0,0,0,0,1,1,6,6,1,75,10,1318,1,7,HONDA JAZZ,5,E01004099,0,-1
2023622300509,2023,622300509,3,9,0,2,2,0,0,0,0,0,0,0,0,0,1,1,6,6,3,-1,-1,1339,1,18,HONDA JAZZ,-1,-1,0,-1
2023010434204,2023,010434204,1,9,0,99,99,9,9,99,99,9,9,99,9,99,2,9,6,6,2,32,6,1339,1,21,HONDA JAZZ,2,E01000013,0,-1
2023010437816,2023,010437816,2,9,0,99,99,9,9,99,99,9,0,99,0,0,9,9,6,6,3,56,9,1339,1,16,HONDA JAZZ,2,E01004238,0,-1
2023122300105,2023,122300105,3,9,0,18,19,2,6,0,0,0,1,0,0,0,1,1,6,6,1,34,6,1498,8,2,HONDA JAZZ,3,E01012943,0,-1
2023010477384,2023,010477384,1,9,0,9,9,6,3,0,0,2,0,0,0,0,1,1,2,2,1,74,10,1246,1,18,HONDA JAZZ,1,E01002857,0,-1
2023411291277,2023,411291277,2,9,0,18,19,1,5,0,0,8,0,0,0,0,1,1,5,6,1,77,11,1318,1,4,HONDA JAZZ,3,E01023310,0,-1
2023340WN6232,2023,340WN6232,1,9,0,18,19,4,7,0,0,4,0,0,0,0,2,1,1,1,1,25,5,1339,1,16,HONDA JAZZ,1,E01027199,0,-1
2023010471130,2023,010471130,2,9,0,18,19,3,7,0,0,1,0,0,3,0,1,1,6,6,1,50,8,1246,1,17,HONDA JAZZ,8,E01002207,0,-1
2023141324604,2023,141324604,1,9,0,5,5,2,6,0,0,6,0,0,0,0,4,1,5,6,1,33,6,1339,1,14,HONDA JAZZ,1,E01007530,0,-1
2023520301425,2023,520301425,1,9,0,18,19,8,4,0,0,4,0,0,0,0,1,1,6,6,1,89,11,1318,1,7,HONDA JAZZ,6,E01029218,0,-1
2023010451134,2023,010451134,2,9,0,99,99,9,9,99,99,9,9,99,9,99,2,9,6,6,3,-1,-1,1339,1,13,HONDA JAZZ,-1,-1,0,-1
2023010478371,2023,010478371,2,9,0,99,99,9,9,99,99,9,9,99,9,99,3,9,6,6,3,-1,-1,1339,1,13,HONDA JAZZ,-1,-1,0,-1
2023340WN4632,2023,340WN4632,2,9,0,18,19,5,1,0,0,8,0,0,0,0,3,1,6,6,2,75,10,1339,1,11,HONDA JAZZ,3,E01027184,0,-1
2023061310397,2023,061310397,1,9,-1,-1,-1,-1,-1,-1,-1,-1,-1,-1,-1,0,-1,1,6,6,1,38,7,1339,1,12,HONDA JAZZ,2,E01005526,0,-1
2023201431398,2023,201431398,1,9,0,18,19,2,6,0,0,1,0,0,0,0,1,1,6,6,2,44,7,1339,1,11,HONDA JAZZ,7,E01009417,0,-1
2023461331296,2023,461331296,1,9,0,17,19,3,7,0,0,0,0,0,0,0,4,1,6,6,2,86,11,1339,1,16,HONDA JAZZ,5,E01024786,0,-1
2023451327446,2023,451327446,3,9,0,18,19,7,3,0,0,0,1,0,4,0,4,1,5,6,1,71,10,1339,1,9,HONDA JAZZ,5,E01024640,0,-1
2023010420782,2023,010420782,1,9,0,99,99,9,9,0,0,9,1,0,0,0,1,1,2,2,1,21,5,1339,1,19,HONDA JAZZ,8,E01016232,0,-1
2023552300038,2023,552300038,1,9,0,18,19,8,4,0,0,8,0,0,7,4,1,1,6,6,2,31,6,1339,1,19,HONDA JAZZ,5,E01015421,0,-1
2023471299517,2023,471299517,1,9,0,18,19,1,5,0,0,1,0,0,0,0,1,1,6,6,1,82,11,1318,1,4,HONDA JAZZ,8,E01021082,0,-1
2023451327170,2023,451327170,1,9,0,18,19,6,2,0,0,1,0,0,0,0,1,1,6,6,2,61,9,1339,1,10,HONDA JAZZ,6,E01001254,0,-1
2023041377758,2023,041377758,1,9,0,18,19,4,8,0,0,0,0,0,0,0,2,1,5,6,1,50,8,1339,1,15,HONDA JAZZ,10,E01025466,0,-1
2023010459055,2023,010459055,1,9,0,18,19,3,7,0,0,0,0,0,0,0,2,1,6,6,2,36,7,1198,1,14,HONDA JAZZ,4,E01003793,0,-1
2023332300756,2023,332300756,1,9,0,1,1,3,7,0,0,0,0,0,0,0,3,1,6,6,1,19,4,1339,1,16,HONDA JAZZ,3,E01013698,0,-1
2023991366814,2023,991366814,1,9,0,17,19,4,1,0,0,0,2,0,1,11,1,2,5,6,1,18,4,1339,1,15,HONDA JAZZ,7,-1,0,-1
2023501267450,2023,501267450,2,9,0,18,19,7,3,0,0,0,0,0,0,0,1,1,5,6,2,61,9,1339,1,19,HONDA JAZZ,2,E01018797,0,-1
2023010476423,2023,010476423,1,9,4,99,99,9,9,99,99,0,9,99,9,99,2,9,6,6,2,36,7,1339,8,12,HONDA JAZZ,-1,-1,0,-1
2023522400478,2023,522400478,2,9,0,18,19,2,6,0,0,0,0,0,0,0,3,1,6,6,3,-1,-1,1300,8,12,HONDA JAZZ,-1,-1,0,-1
2023041320293,2023,041320293,1,9,0,18,19,1,5,0,0,1,1,0,0,0,1,1,5,6,2,41,7,1246,1,18,HONDA JAZZ,4,E01025556,0,-1
2023461295682,2023,461295682,2,9,0,18,19,7,3,0,0,0,0,0,7,0,1,1,6,6,1,-1,-1,1339,1,15,HONDA JAZZ,9,E01000436,0,-1
2023010454693,2023,010454693,1,9,0,8,8,6,1,0,0,5,0,0,0,0,0,1,6,6,1,35,6,1339,1,19,HONDA JAZZ,4,E01023538,0,-1
2023201295774,2023,201295774,1,9,0,9,9,2,8,0,0,5,0,0,0,0,4,1,6,6,1,32,6,1339,1,15,HONDA JAZZ,3,E01010089,0,-1
2023302301960,2023,302301960,1,9,0,18,19,6,1,0,0,3,0,0,0,0,1,1,3,7,2,45,7,1339,1,15,HONDA JAZZ,1,E01013583,0,-1
2023302301003,2023,302301003,4,9,0,2,2,0,0,9,9,2,0,0,0,0,3,1,6,6,3,-1,-1,1339,1,17,HONDA JAZZ,-1,-1,0,-1
2023010451114,2023,010451114,5,9,0,2,2,0,0,0,0,0,0,0,0,0,3,1,6,6,3,-1,-1,1318,1,6,HONDA JAZZ,-1,-1,0,-1
2023520400789,2023,520400789,1,9,0,18,19,8,4,0,0,0,1,0,0,0,3,1,6,6,2,76,11,1339,1,13,HONDA JAZZ,3,E01029202,0,-1
2023061277010,2023,061277010,1,9,-1,12,12,5,1,0,0,0,0,0,0,0,4,1,6,6,2,-1,-1,1339,1,17,HONDA JAZZ,2,E01004812,0,-1
2023010434025,2023,010434025,1,9,0,18,19,1,5,0,0,1,0,0,0,0,2,1,1,1,2,45,7,1318,1,7,HONDA JAZZ,-1,-1,0,-1
2023411360063,2023,411360063,1,9,0,9,9,7,5,0,0,5,0,0,0,0,1,1,5,6,2,90,11,1339,1,9,HONDA JAZZ,10,E01023568,0,-1
2023991304578,2023,991304578,2,9,0,18,19,5,1,0,0,8,0,0,7,0,1,1,5,6,2,64,9,1318,1,7,HONDA JAZZ,6,-1,0,-1
2023340WN2592,2023,340WN2592,1,9,0,18,19,2,6,0,0,6,5,0,7,0,4,1,6,6,2,39,7,1339,1,16,HONDA JAZZ,9,E01027021,0,-1
2023520300583,2023,520300583,1,9,0,18,19,1,7,0,0,8,0,0,0,0,3,1,6,6,2,77,11,1339,1,14,HONDA JAZZ,5,E01029152,0,-1
2023141279407,2023,141279407,1,9,0,11,11,5,7,0,0,1,0,0,0,0,1,1,5,6,2,33,6,1339,1,11,HONDA JAZZ,-1,-1,0,-1
2023131326873,2023,131326873,1,9,0,18,19,3,7,0,0,0,0,0,0,0,1,1,1,1,2,45,7,1339,1,16,HONDA JAZZ,8,E01011413,0,-1
2023501327040,2023,501327040,1,9,0,5,5,7,3,0,0,3,0,0,0,0,1,1,5,6,2,85,11,1339,1,15,HONDA JAZZ,-1,-1,0,-1
2023461383995,2023,461383995,1,9,0,16,19,1,3,0,0,0,1,0,3,0,3,1,6,6,1,32,6,1339,1,12,HONDA JAZZ,6,E01023985,0,-1
2023201293162,2023,201293162,2,9,0,4,4,6,2,0,0,0,0,0,0,0,2,1,5,6,2,61,9,1339,1,13,HONDA JAZZ,6,E01010114,0,-1
2023141286894,2023,141286894,2,9,0,16,19,1,5,0,0,0,1,0,0,0,1,1,6,6,1,29,6,1246,1,17,HONDA JAZZ,6,E01032708,0,-1
2023440071744,2023,440071744,3,9,0,18,19,8,4,0,0,0,0,0,0,0,1,1,2,2,1,24,5,1246,1,16,HONDA JAZZ,6,E01023284,0,-1
2023320767790,2023,320767790,1,9,0,18,19,3,7,0,0,0,0,4,0,0,1,1,6,6,1,88,11,1498,1,5,HONDA JAZZ,-1,-1,0,-1
2023010452018,2023,010452018,2,9,0,5,5,7,3,0,0,6,0,0,0,0,1,1,6,6,1,49,8,1339,1,18,HONDA JAZZ,6,E01000575,0,-1
2023311322110,2023,311322110,1,9,0,9,9,4,2,0,0,5,0,0,0,0,1,1,5,6,1,45,7,1339,1,17,HONDA JAZZ,4,E01027960,0,-1
2023010428994,2023,010428994,1,9,0,9,9,3,2,0,0,1,0,0,0,0,1,1,2,2,1,37,7,1339,1,11,HONDA JAZZ,3,E01032785,0,-1
2023131271180,2023,131271180,2,9,0,9,9,2,6,0,0,8,0,0,0,0,4,1,6,6,1,28,6,1339,1,14,HONDA JAZZ,1,E01010623,0,-1
2023131392081,2023,131392081,1,9,0,-1,-1,-1,-1,-1,-1,-1,-1,-1,-1,-1,-1,1,6,6,3,-1,-1,1198,1,12,HONDA JAZZ,-1,-1,0,-1
2023361269352,2023,361269352,1,9,0,18,19,1,1,0,0,0,0,0,0,0,1,1,2,2,2,41,7,1198,1,13,HONDA JAZZ,7,E01033434,0,-1
2023471359976,2023,471359976,1,9,0,17,19,1,5,0,0,0,0,4,1,0,1,1,5,6,2,44,7,1339,1,19,HONDA JAZZ,7,E01021098,0,-1
2023010473738,2023,010473738,2,9,9,99,99,9,9,99,99,9,9,99,9,99,9,9,6,6,3,-1,-1,1339,1,17,HONDA JAZZ,-1,-1,0,-1
2023141365422,2023,141365422,1,9,0,17,19,4,1,0,0,2,0,0,1,10,1,1,1,1,1,34,6,1339,1,19,HONDA JAZZ,8,E01007379,0,-1
2023451353321,2023,451353321,2,9,0,17,19,7,7,0,0,0,0,0,0,0,1,1,5,6,2,31,6,1339,1,16,HONDA JAZZ,9,E01030539,0,-1
2023552301398,2023,552301398,1,9,0,9,9,1,7,0,0,5,0,0,0,0,4,1,6,6,2,37,7,1318,1,5,HONDA JAZZ,2,E01015341,0,-1
2023361300727,2023,361300727,1,9,0,17,19,6,2,0,0,0,0,0,0,0,2,1,5,6,1,85,11,1498,8,3,HONDA JAZZ,5,E01026727,0,-1
2023010482114,2023,010482114,2,9,0,17,19,3,7,0,0,1,0,0,0,0,1,1,1,1,2,42,7,1339,1,21,HONDA JAZZ,2,E01000008,0,-1
2023161278109,2023,161278109,1,9,0,18,19,4,8,0,0,1,5,4,0,0,1,1,6,6,1,84,11,1498,8,2,HONDA JAZZ,10,E01013215,0,-1
2023520400968,2023,520400968,2,9,0,4,4,0,0,0,0,0,5,0,1,0,2,1,6,6,1,73,10,1339,1,13,HONDA JAZZ,-1,-1,0,-1
2023622300960,2023,622300960,2,9,0,18,19,8,4,0,0,1,0,0,0,0,2,1,6,6,2,55,8,1339,1,11,HONDA JAZZ,2,W01001751,0,-1
2023451325514,2023,451325514,2,9,0,12,12,5,1,0,0,0,0,7,0,0,3,1,2,2,1,37,7,1339,1,16,HONDA JAZZ,8,E01030829,0,-1
2023201323920,2023,201323920,1,9,0,5,5,6,4,0,0,1,0,0,0,0,1,1,3,7,1,38,7,1339,1,15,HONDA JAZZ,1,E01009057,0,-1
2023501272881,2023,501272881,1,9,0,18,19,1,5,0,0,0,0,0,0,0,1,1,6,6,2,75,10,1339,1,12,HONDA JAZZ,9,E01033235,0,-1
2023371270769,2023,371270769,1,9,0,4,4,3,3,2,2,0,0,0,0,0,1,1,5,6,2,48,8,1339,1,14,HONDA JAZZ,7,E01029965,0,-1
2023501262748,2023,501262748,3,9,0,2,2,0,0,0,0,8,0,0,0,0,4,1,6,6,3,-1,-1,1198,1,14,HONDA JAZZ,-1,-1,0,-1
2023070877591,2023,070877591,2,9,0,4,4,1,5,0,0,0,0,0,0,0,2,1,6,6,1,26,6,1339,1,15,HONDA JAZZ,7,E01031297,0,-1
2023010449858,2023,010449858,2,9,0,99,99,9,9,99,99,9,9,99,9,99,1,9,6,6,3,-1,-1,1318,1,7,HONDA JAZZ,-1,-1,0,-1
2023451347369,2023,451347369,1,9,0,12,12,8,5,0,0,8,0,0,0,0,3,1,5,6,2,75,10,1318,1,6,HONDA JAZZ,10,E01030509,0,-1
2023041370462,2023,041370462,1,9,0,18,19,8,4,0,0,8,1,10,3,11,4,1,4,7,2,33,6,1318,1,6,HONDA JAZZ,1,E01033226,0,-1
2023010435202,2023,010435202,1,9,0,7,7,5,8,0,0,6,0,0,0,0,1,1,6,6,2,61,9,1318,1,7,HONDA JAZZ,10,W01001727,0,-1
2023041304142,2023,041304142,1,9,0,16,19,2,6,0,0,0,1,0,0,0,4,1,6,6,1,47,8,1339,1,19,HONDA JAZZ,6,E01004930,0,-1
2023451292880,2023,451292880,1,9,0,16,19,7,3,0,0,1,0,0,1,4,1,1,1,1,2,19,4,1330,1,16,HONDA JAZZ,10,E01022599,0,-1
2023411339526,2023,411339526,1,9,0,9,9,3,1,0,0,1,1,0,0,0,3,1,5,6,2,78,11,1339,1,10,HONDA JAZZ,10,E01023749,0,-1
2023010426073,2023,010426073,1,9,0,5,5,5,1,0,0,1,0,0,0,0,1,1,1,1,1,66,10,1339,8,11,HONDA JAZZ,10,E01023364,0,-1
2023451368712,2023,451368712,4,9,0,18,19,5,1,0,0,0,0,0,0,0,1,1,5,6,1,80,11,1339,1,10,HONDA JAZZ,9,E01030856,0,-1
2023201450374,2023,201450374,1,9,0,18,19,8,4,0,0,1,0,0,0,0,1,1,6,6,1,38,7,1339,1,16,HONDA JAZZ,2,E01009385,0,-1
2023332301257,2023,332301257,2,9,0,4,4,4,8,0,0,0,0,0,0,0,2,1,6,6,1,55,8,1339,1,17,HONDA JAZZ,1,E01013754,0,-1
2023061355016,2023,061355016,2,9,0,18,19,7,4,0,0,1,0,0,0,0,2,1,5,6,2,42,7,1339,1,19,HONDA JAZZ,2,E01005471,0,-1
2023061323528,2023,061323528,2,9,0,3,3,-1,-1,0,0,0,0,0,0,0,2,1,5,6,1,32,6,1339,1,15,HONDA JAZZ,-1,-1,0,-1
2023361343391,2023,361343391,1,9,0,4,4,5,1,0,0,1,0,0,7,1,1,1,5,6,2,84,11,1339,1,9,HONDA JAZZ,5,E01026290,0,-1
2023010450345,2023,010450345,1,9,0,99,99,9,9,99,99,0,9,99,9,99,9,9,6,6,3,-1,-1,1339,1,11,HONDA JAZZ,-1,-1,0,-1
2023161308232,2023,161308232,1,9,0,18,19,6,2,0,0,8,0,0,0,0,1,1,6,6,2,60,9,1198,1,14,HONDA JAZZ,6,E01001897,0,-1
2023501350945,2023,501350945,1,9,0,17,19,6,2,0,0,0,2,0,2,10,1,1,5,6,3,-1,-1,1339,1,20,HONDA JAZZ,-1,-1,0,-1
2023552300453,2023,552300453,1,9,0,4,4,2,6,0,0,0,1,0,0,0,1,1,6,6,2,82,11,1339,1,15,HONDA JAZZ,9,E01020558,0,-1
2023622300386,2023,622300386,2,9,0,18,19,4,8,0,0,0,0,0,0,0,1,1,6,6,1,73,10,1339,1,17,HONDA JAZZ,5,W01000765,0,-1
2023411358535,2023,411358535,4,9,0,18,19,1,5,0,0,1,0,0,0,0,2,1,6,6,2,51,8,1339,1,13,HONDA JAZZ,10,E01023716,0,-1
2023010466539,2023,010466539,2,9,0,2,2,0,0,0,0,5,0,0,0,0,2,1,6,6,3,-1,-1,1339,1,14,HONDA JAZZ,-1,-1,0,-1
202354A099523,2023,54A099523,2,9,0,18,19,7,3,0,0,1,0,0,0,0,1,1,6,6,1,61,9,1339,1,20,HONDA JAZZ,9,E01031958,0,-1
2023010449540,2023,010449540,1,9,0,9,9,1,6,0,0,1,0,0,0,0,1,1,6,6,1,80,11,1339,1,9,HONDA JAZZ,9,E01004092,0,-1
2023010463471,2023,010463471,1,9,0,99,99,9,9,99,99,9,9,99,9,99,2,9,6,6,1,75,10,1339,1,14,HONDA JAZZ,6,E01015775,0,-1
2023101279391,2023,101279391,1,9,0,18,19,3,7,0,0,0,0,0,0,0,1,1,6,6,2,40,7,1339,1,16,HONDA JAZZ,5,E01027436,0,-1
2023461359610,2023,461359610,1,9,0,4,4,3,7,0,0,0,0,0,0,0,1,1,6,6,1,18,4,1318,1,6,HONDA JAZZ,8,E01024015,0,-1
2023131268930,2023,131268930,2,9,0,18,19,5,1,0,0,2,0,0,0,0,4,1,5,6,2,76,11,1318,1,6,HONDA JAZZ,9,E01010648,0,-1
2023031372670,2023,031372670,1,9,0,1,1,4,8,9,9,0,0,7,0,0,2,1,6,6,2,76,11,1498,8,3,HONDA JAZZ,6,E01019133,0,-1
2023010474010,2023,010474010,1,9,0,18,19,7,3,0,0,4,0,0,0,0,3,1,6,6,1,63,9,1339,8,11,HONDA JAZZ,5,E01001200,0,-1
2023010451047,2023,010451047,2,9,0,10,10,4,2,0,0,1,0,0,0,0,2,1,6,6,1,54,8,1339,1,20,HONDA JAZZ,7,E01000983,0,-1
2023010483331,2023,010483331,1,9,0,99,99,9,9,99,99,0,9,99,9,99,2,9,2,2,2,36,7,1339,1,16,HONDA JAZZ,1,E01004407,0,-1
2023010427239,2023,010427239,1,9,0,5,5,3,7,0,0,0,0,0,0,0,1,1,6,6,2,85,11,1498,8,1,HONDA JAZZ,7,E01000298,0,-1
2023991392765,2023,991392765,1,9,0,1,1,7,3,9,9,0,0,0,0,0,2,1,5,6,1,70,10,1498,8,2,HONDA JAZZ,10,-1,0,-1
2023440020601,2023,440020601,1,9,0,4,4,1,5,0,0,2,0,0,0,0,2,1,6,6,2,47,8,1339,1,10,HONDA JAZZ,7,W01000545,0,-1
2023070560429,2023,070560429,1,9,0,7,7,7,1,0,0,3,0,11,7,1,4,1,6,6,1,33,6,1339,1,18,HONDA JAZZ,9,E01028932,0,-1
2023201404978,2023,201404978,1,9,0,18,19,2,6,0,0,0,0,0,0,0,1,1,6,6,1,-1,-1,1339,1,15,HONDA JAZZ,3,E01009838,0,-1
2023010432530,2023,010432530,2,9,0,99,99,9,9,99,99,9,9,99,9,99,9,9,6,6,1,53,8,1339,1,16,HONDA JAZZ,5,E01000402,0,-1
2023010478273,2023,010478273,1,9,0,7,7,3,5,0,0,1,0,0,0,0,4,1,2,2,1,56,9,1339,1,15,HONDA JAZZ,2,E01004013,0,-1
2023010452471,2023,010452471,1,9,0,99,99,9,9,99,99,9,9,99,9,99,9,9,6,6,2,38,7,1339,1,13,HONDA JAZZ,1,E01001562,0,-1
2023010434612,2023,010434612,1,9,0,3,3,2,6,0,0,0,0,0,0,0,2,1,6,6,1,59,9,1339,1,14,HONDA JAZZ,-1,-1,0,-1
2023991316561,2023,991316561,1,9,0,6,6,3,3,0,0,0,0,0,1,0,3,1,6,6,1,89,11,1318,1,7,HONDA JAZZ,-1,-1,0,-1
2023461287921,2023,461287921,1,9,0,17,19,7,3,0,0,0,0,0,0,0,1,1,6,6,1,63,9,1339,1,11,HONDA JAZZ,2,E01024294,0,-1
2023440013386,2023,440013386,1,9,0,18,19,5,1,0,0,6,0,0,0,0,3,1,6,6,2,75,10,1339,1,10,HONDA JAZZ,8,E01022984,0,-1
2023501322750,2023,501322750,1,9,0,18,19,8,4,0,0,8,0,0,0,0,1,1,5,6,1,88,11,1318,1,3,HONDA JAZZ,3,E01018769,0,-1
2023311313592,2023,311313592,1,9,0,4,4,3,7,0,0,0,1,0,1,0,3,1,5,6,1,26,6,1339,1,20,HONDA JAZZ,1,E01010925,0,-1
2023311293947,2023,311293947,2,9,0,18,19,7,2,0,0,0,0,0,4,7,3,1,5,6,2,19,4,1339,1,13,HONDA JAZZ,9,E01002571,0,-1
2023421326993,2023,421326993,1,9,0,7,7,6,7,0,0,0,0,0,1,0,1,1,6,6,1,80,11,1339,1,18,HONDA JAZZ,3,E01021300,0,-1
2023421381660,2023,421381660,2,9,0,9,9,3,7,0,0,6,0,0,0,0,4,1,1,1,1,41,7,1339,1,18,HONDA JAZZ,7,E01021546,0,-1
2023010481985,2023,010481985,1,9,0,99,99,9,9,99,99,9,9,99,9,99,1,9,6,6,1,57,9,1339,1,17,HONDA JAZZ,5,E01000302,0,-1
2023461318189,2023,461318189,1,9,0,9,9,7,3,0,0,1,0,0,0,0,4,1,6,6,2,76,11,1339,1,15,HONDA JAZZ,10,E01024755,0,-1
2023302301802,2023,302301802,2,9,0,16,19,4,7,0,0,0,1,0,7,9,1,1,6,6,2,24,5,1339,1,18,HONDA JAZZ,2,E01013522,0,-1
2023501299579,2023,501299579,5,9,0,4,4,7,3,0,0,0,0,1,0,0,2,1,6,6,1,66,10,1318,1,3,HONDA JAZZ,6,E01020161,0,-1
2023010433304,2023,010433304,1,9,0,4,4,5,1,0,0,6,0,1,0,0,1,1,6,6,1,42,7,1318,1,6,HONDA JAZZ,6,E01004724,0,-1
2023010438248,2023,010438248,1,9,9,99,99,9,9,99,99,9,9,99,9,99,9,9,6,6,1,82,11,1339,1,10,HONDA JAZZ,10,E01030408,0,-1