collision_index,collision_year,collision_ref_no,vehicle_reference,vehicle_type,towing_and_articulation,vehicle_manoeuvre_historic,vehicle_manoeuvre,vehicle_direction_from,vehicle_direction_to,vehicle_location_restricted_lane_historic,vehicle_location_restricted_lane,junction_location,skidding_and_overturning,hit_object_in_carriageway,vehicle_leaving_carriageway,hit_object_off_carriageway,first_point_of_impact,vehicle_left_hand_drive,journey_purpose_of_driver_historic,journey_purpose_of_driver,sex_of_driver,age_of_driver,age_band_of_driver,engine_capacity_cc,propulsion_code,age_of_vehicle,generic_make_model,driver_imd_decile,lsoa_of_driver,escooter_flag,driver_distance_banding
2023201377857,2023,201377857,1,9,0,18,19,5,1,0,0,8,0,0,0,0,1,1,6,6,3,30,6,1339,1,14,HONDA JAZZ,-1,-1,0,-1
2023010456244,2023,010456244,2,9,0,99,99,9,9,99,99,0,9,99,9,99,9,9,6,6,3,-1,-1,1339,1,17,HONDA JAZZ,-1,-1,0,-1
2023201288647,2023,201288647,2,9,0,18,19,5,1,0,0,1,0,0,0,0,1,1,6,6,2,22,5,1339,1,21,HONDA JAZZ,5,E01033619,0,-1
2023221362404,2023,221362404,1,9,0,18,19,8,4,0,0,1,0,0,0,0,1,1,5,6,1,57,9,1339,1,12,HONDA JAZZ,9,E01032299,0,-1
2023622300646,2023,622300646,2,9,0,3,3,8,4,0,0,1,0,0,0,0,2,1,6,6,1,66,10,1339,1,21,HONDA JAZZ,1,W01001081,0,-1
2023010444043,2023,010444043,2,9,0,99,99,9,9,99,99,0,9,99,9,99,1,9,6,6,2,79,11,1499,8,9,HONDA JAZZ,3,E01001673,0,-1
2023991384117,2023,991384117,1,9,0,9,9,3,8,0,0,5,0,0,0,0,1,1,5,6,2,81,11,1318,1,4,HONDA JAZZ,3,-1,0,-1
2023401302756,2023,401302756,2,9,0,6,6,7,5,0,0,4,0,0,0,0,1,1,6,6,2,87,11,1318,1,5,HONDA JAZZ,8,E01017496,0,-1
2023461322674,2023,461322674,1,9,0,6,6,7,3,0,0,0,0,0,0,0,1,1,6,6,1,55,8,1339,1,17,HONDA JAZZ,2,E01000100,0,-1
2023131263226,2023,131263226,1,9,0,9,9,5,7,0,0,6,0,0,0,0,3,1,5,6,2,49,8,1339,1,14,HONDA JAZZ,1,E01011130,0,-1
2023351363504,2023,351363504,2,9,0,2,2,0,0,0,0,0,0,0,0,0,3,1,6,6,3,47,8,1339,1,9,HONDA JAZZ,9,E01018291,0,-1
2023430550818,2023,430550818,1,9,0,9,9,2,8,0,0,5,0,0,0,0,4,1,6,6,1,73,10,1318,1,4,HONDA JAZZ,-1,-1,0,-1
2023332301041,2023,332301041,2,9,0,9,9,1,7,2,2,5,0,0,0,0,4,1,6,6,1,39,7,1339,1,16,HONDA JAZZ,4,E01013749,0,-1
2023471339984,2023,471339984,1,9,0,6,6,8,8,0,0,0,0,0,0,0,1,1,5,6,2,72,10,1318,1,6,HONDA JAZZ,8,E01017504,0,-1
2023201293894,2023,201293894,1,9,0,9,9,8,5,0,0,5,0,0,0,0,1,1,3,7,1,44,7,1198,1,13,HONDA JAZZ,2,E01010021,0,-1
2023010434949,2023,010434949,1,9,0,99,99,9,9,99,99,9,9,99,9,99,2,9,6,6,1,33,6,1498,8,1,HONDA JAZZ,3,E01013775,0,-1
2023461305617,2023,461305617,1,9,0,18,19,7,5,0,0,0,0,0,7,0,3,1,6,6,2,73,10,1318,1,5,HONDA JAZZ,7,E01024812,0,-1
202360A175389,2023,60A175389,2,9,0,9,9,3,1,0,0,5,0,0,0,0,1,1,6,6,2,61,9,1339,1,10,HONDA JAZZ,-1,-1,0,-1
2023430207492,2023,430207492,1,9,0,18,19,8,4,0,0,8,0,0,0,0,3,1,2,2,2,56,9,1498,1,5,HONDA JAZZ,10,E01028615,0,-1
2023010433842,2023,010433842,3,9,0,2,2,0,0,0,0,1,0,4,0,0,2,1,6,6,3,-1,-1,1339,8,10,HONDA JAZZ,-1,-1,0,-1
2023311290587,2023,311290587,1,9,0,7,7,1,3,0,0,8,0,0,0,0,1,1,6,6,1,89,11,1198,1,8,HONDA JAZZ,5,E01028336,0,-1
2023111358512,2023,111358512,1,9,0,9,9,7,5,0,0,1,0,0,0,0,1,1,6,6,2,43,7,1198,1,13,HONDA JAZZ,6,E01020632,0,-1
2023010425174,2023,010425174,2,9,0,99,99,9,9,99,99,9,9,99,9,99,1,9,6,6,3,-1,-1,1498,1,5,HONDA JAZZ,-1,-1,0,-1
2023010444635,2023,010444635,1,9,0,18,19,4,8,0,0,0,0,4,0,0,1,1,6,6,1,87,11,1339,1,9,HONDA JAZZ,7,E01023561,0,-1
2023010473877,2023,010473877,2,9,0,99,99,9,9,99,99,9,9,99,9,99,9,9,6,6,3,-1,-1,1318,1,6,HONDA JAZZ,-1,-1,0,-1
2023010470009,2023,010470009,1,9,0,9,9,5,2,0,0,1,0,0,0,0,3,1,2,2,2,38,7,1339,8,12,HONDA JAZZ,7,E01002470,0,-1
2023052302586,2023,052302586,1,9,0,9,9,5,7,0,0,6,0,0,0,0,1,1,6,6,1,33,6,1498,1,5,HONDA JAZZ,1,E01006630,0,-1
2023451305197,2023,451305197,1,9,0,11,11,1,4,0,0,0,0,0,7,4,3,1,6,6,2,61,9,1498,8,1,HONDA JAZZ,6,E01030524,0,-1
2023010442145,2023,010442145,1,9,0,9,9,7,5,0,0,8,0,0,0,0,3,1,6,6,2,71,10,1318,1,4,HONDA JAZZ,7,E01000437,0,-1
2023010485755,2023,010485755,2,9,0,18,19,7,3,0,0,1,0,0,0,0,2,1,6,6,2,49,8,1339,8,11,HONDA JAZZ,5,E01003345,0,-1
2023991311047,2023,991311047,3,9,0,18,19,5,1,0,0,0,0,0,0,0,0,1,6,6,2,59,9,1339,1,15,HONDA JAZZ,4,-1,0,-1
2023010423826,2023,010423826,2,9,0,99,99,9,9,99,99,9,9,99,9,99,9,9,6,6,3,-1,-1,1318,1,3,HONDA JAZZ,3,E01000929,0,-1
2023141275174,2023,141275174,1,9,0,18,19,1,5,0,0,0,0,0,0,0,3,1,5,6,1,79,11,1339,8,10,HONDA JAZZ,1,E01007450,0,-1
2023071091107,2023,071091107,1,9,0,9,9,6,3,0,0,8,0,0,0,0,1,1,6,6,2,84,11,1339,1,11,HONDA JAZZ,9,E01007182,0,-1
2023010450234,2023,010450234,1,9,0,3,3,5,1,0,0,1,0,0,0,0,2,1,6,6,2,46,8,1339,1,10,HONDA JAZZ,5,E01002449,0,-1
2023552301181,2023,552301181,2,9,0,2,2,0,0,0,0,1,0,0,0,0,3,1,6,6,3,-1,-1,1318,1,7,HONDA JAZZ,-1,-1,0,-1
2023311372129,2023,311372129,1,9,0,3,3,5,1,0,0,4,0,0,0,0,2,1,6,6,2,23,5,1339,1,20,HONDA JAZZ,7,E01013419,0,-1
2023010430325,2023,010430325,3,9,0,4,4,7,3,0,0,0,0,0,0,0,1,1,6,6,2,38,7,1339,1,19,HONDA JAZZ,3,E01024166,0,-1
2023451321979,2023,451321979,2,9,0,18,19,5,1,0,0,0,0,0,0,0,2,1,2,2,2,30,6,1339,1,16,HONDA JAZZ,10,E01030941,0,-1
2023201426436,2023,201426436,2,9,0,3,3,4,8,0,0,1,0,0,0,0,2,1,6,6,1,41,7,1330,8,11,HONDA JAZZ,1,E01010039,0,-1
2023501321781,2023,501321781,1,9,0,9,9,1,6,0,0,8,0,0,0,0,1,1,5,6,2,48,8,1498,8,1,HONDA JAZZ,6,E01025925,0,-1
2023122300809,2023,122300809,1,9,0,9,9,5,1,0,0,8,0,0,0,0,1,1,6,6,2,74,10,1318,1,8,HONDA JAZZ,10,E01011706,0,-1
2023351295443,2023,351295443,1,9,0,9,9,3,1,0,0,1,0,0,1,0,1,1,5,6,2,68,10,1498,8,2,HONDA JAZZ,5,E01029955,0,-1
2023552301137,2023,552301137,1,9,0,18,19,2,6,9,9,0,0,0,1,0,4,1,6,6,2,46,8,1339,1,17,HONDA JAZZ,4,E01020551,0,-1
2023041301309,2023,041301309,3,9,0,18,19,7,3,0,0,0,0,0,0,0,2,1,6,6,1,59,9,1339,1,17,HONDA JAZZ,1,E01012686,0,-1
2023201305247,2023,201305247,1,9,0,18,19,1,5,0,0,1,0,0,0,0,0,1,6,6,1,-1,-1,1330,8,13,HONDA JAZZ,-1,-1,0,-1
2023531383198,2023,531383198,2,9,0,18,19,7,3,0,0,1,0,0,0,0,4,1,1,1,2,34,6,1339,1,20,HONDA JAZZ,1,E01022122,0,-1
2023351297432,2023,351297432,1,9,0,13,13,1,5,0,0,0,0,0,0,0,1,1,5,6,2,61,9,1498,1,5,HONDA JAZZ,6,E01033121,0,-1
2023052300833,2023,052300833,1,9,0,18,19,4,8,0,0,8,0,0,0,0,1,1,6,6,1,54,8,1246,1,18,HONDA JAZZ,1,E01006483,0,-1
2023010477185,2023,010477185,1,9,0,18,19,3,7,0,0,1,0,0,0,0,2,1,3,7,2,45,7,1339,1,15,HONDA JAZZ,6,E01002919,0,-1
2023421339384,2023,421339384,2,9,0,18,19,5,1,0,0,0,0,0,0,0,3,1,3,7,2,34,6,1339,1,12,HONDA JAZZ,6,E01021353,0,-1
2023451275034,2023,451275034,1,9,0,18,19,4,8,0,0,0,0,0,0,0,1,2,2,2,2,35,6,1198,1,13,HONDA JAZZ,8,E01032835,0,-1
2023010471028,2023,010471028,2,9,0,2,2,0,0,0,0,2,0,0,1,0,3,1,6,6,3,-1,-1,1339,1,19,HONDA JAZZ,-1,-1,0,-1
2023430039050,2023,430039050,2,9,0,18,19,3,7,0,0,8,0,0,0,0,1,1,2,2,1,50,8,1498,8,2,HONDA JAZZ,10,E01028684,0,-1
2023201384641,2023,201384641,1,9,0,18,19,5,1,0,0,1,0,0,0,0,1,1,6,6,1,25,5,1339,1,14,HONDA JAZZ,-1,-1,0,-1
2023131265057,2023,131265057,2,9,0,18,19,4,8,0,0,0,5,0,2,4,4,1,1,1,2,22,5,1339,1,11,HONDA JAZZ,9,E01008799,0,-1
2023201411223,2023,201411223,2,9,0,2,2,0,0,0,0,0,0,0,0,0,1,1,6,6,1,24,5,1339,1,20,HONDA JAZZ,1,E01009490,0,-1
2023052301816,2023,052301816,2,9,0,18,19,1,5,0,0,0,0,0,0,0,2,1,6,6,1,49,8,1318,1,4,HONDA JAZZ,3,E01007058,0,-1
2023471260472,2023,471260472,1,9,0,18,19,7,3,0,0,2,0,0,0,0,1,1,6,6,2,66,10,1339,1,18,HONDA JAZZ,3,E01016922,0,-1
2023122400030,2023,122400030,1,9,0,18,19,6,2,0,0,8,0,0,0,0,4,1,6,6,1,75,10,1339,1,14,HONDA JAZZ,9,E01008722,0,-1
2023440056227,2023,440056227,1,9,0,15,15,4,8,0,0,0,2,10,1,0,3,1,2,2,2,20,4,1339,1,12,HONDA JAZZ,-1,-1,0,-1
2023631359102,2023,631359102,1,9,0,7,7,6,2,0,0,1,0,0,0,0,1,1,5,6,1,64,9,1339,1,20,HONDA JAZZ,6,W01001906,0,-1
2023451311929,2023,451311929,2,9,0,13,13,5,3,0,0,0,0,0,0,0,1,1,6,6,1,55,8,1339,1,21,HONDA JAZZ,5,E01030981,0,-1
2023010444765,2023,010444765,1,9,0,3,3,5,1,0,0,1,0,0,0,0,4,1,2,2,2,64,9,1339,1,15,HONDA JAZZ,2,E01001971,0,-1
2023010475529,2023,010475529,1,9,0,9,9,5,2,0,0,8,0,0,0,0,1,1,6,6,2,76,11,1318,1,7,HONDA JAZZ,1,E01000891,0,-1
2023221293405,2023,221293405,1,9,0,17,19,5,2,0,0,2,2,10,7,0,1,1,5,6,2,18,4,1339,1,17,HONDA JAZZ,5,E01014035,0,-1
2023451293376,2023,451293376,3,9,0,4,4,5,1,0,0,0,0,0,0,0,2,1,6,6,1,69,10,1498,8,3,HONDA JAZZ,8,E01030825,0,-1
2023421324331,2023,421324331,1,9,0,18,19,8,5,0,0,0,0,0,1,0,1,1,5,6,1,88,11,1339,1,12,HONDA JAZZ,9,E01021560,0,-1
2023430474202,2023,430474202,1,9,0,9,9,6,4,0,0,5,0,0,0,0,4,1,6,6,1,58,9,1339,1,16,HONDA JAZZ,4,E01028529,0,-1
2023010429437,2023,010429437,1,9,0,9,9,5,3,0,0,1,0,0,0,0,1,1,3,7,2,37,7,1339,1,16,HONDA JAZZ,5,E01003345,0,-1
2023010422764,2023,010422764,1,9,0,18,19,7,3,0,0,8,0,0,0,0,1,1,6,6,2,76,11,1339,1,17,HONDA JAZZ,4,E01000290,0,-1
2023221382225,2023,221382225,2,9,0,18,19,4,1,0,0,0,0,0,0,0,1,1,6,6,2,73,10,1339,1,9,HONDA JAZZ,4,E01028838,0,-1
2023991270482,2023,991270482,2,9,0,4,4,4,8,0,0,4,0,0,0,0,2,1,5,6,2,25,5,1318,1,4,HONDA JAZZ,6,-1,0,-1
2023010455372,2023,010455372,1,9,0,18,19,7,3,0,0,2,0,0,0,0,1,1,6,6,1,70,10,1339,1,17,HONDA JAZZ,4,E01003628,0,-1
2023461312863,2023,461312863,2,9,0,9,9,3,8,0,0,5,0,0,0,0,3,1,5,6,2,29,6,1339,1,16,HONDA JAZZ,4,E01016129,0,-1
2023421281482,2023,421281482,1,9,0,18,19,4,8,0,0,1,0,0,0,0,1,1,1,1,1,47,8,1198,1,14,HONDA JAZZ,3,E01003736,0,-1
2023531356193,2023,531356193,1,9,0,7,7,2,4,0,0,8,0,0,0,0,4,1,5,6,2,67,10,1318,1,7,HONDA JAZZ,8,E01022101,0,-1
2023520400911,2023,520400911,1,9,0,9,9,4,2,0,0,2,0,0,0,0,1,1,6,6,1,42,7,1339,1,18,HONDA JAZZ,3,E01029235,0,-1
2023201410094,2023,201410094,2,9,0,3,3,5,1,0,0,0,0,0,0,0,2,1,6,6,2,48,8,1339,1,11,HONDA JAZZ,6,E01009796,0,-1
2023451345788,2023,451345788,1,9,0,15,15,2,6,0,0,0,0,0,0,0,4,1,1,1,2,29,6,1339,1,16,HONDA JAZZ,5,E01004165,0,-1
2023371343446,2023,371343446,1,9,0,16,19,8,3,0,0,0,0,0,0,0,4,1,5,6,1,35,6,1498,8,0,HONDA JAZZ,3,E01029918,0,-1
2023161365267,2023,161365267,1,9,0,18,19,8,4,0,0,1,0,0,0,0,1,1,5,6,1,93,11,1339,1,11,HONDA JAZZ,9,E01013193,0,-1
2023351322718,2023,351322718,1,9,-1,-1,-1,-1,-1,-1,-1,-1,-1,-1,-1,0,1,1,5,6,1,-1,-1,1339,1,11,HONDA JAZZ,8,E01033119,0,-1
2023010479721,2023,010479721,2,9,0,18,19,4,8,0,0,2,0,0,0,0,1,1,6,6,2,36,7,1339,1,17,HONDA JAZZ,3,E01004182,0,-1
2023010443417,2023,010443417,2,9,0,11,11,2,6,0,0,1,0,0,0,0,0,1,6,6,1,73,10,1339,1,13,HONDA JAZZ,7,E01001587,0,-1
2023010430019,2023,010430019,2,9,0,99,99,9,9,99,99,9,9,99,9,99,1,9,6,6,3,-1,-1,1339,1,14,HONDA JAZZ,-1,-1,0,-1
2023501299106,2023,501299106,2,9,0,16,19,7,2,0,0,1,0,0,0,0,1,1,6,6,1,57,9,1339,1,20,HONDA JAZZ,7,E01020193,0,-1
2023471294862,2023,471294862,1,9,0,9,9,7,3,0,0,0,0,0,0,0,3,1,5,6,2,64,9,1339,1,15,HONDA JAZZ,8,E01031356,0,-1
2023221319413,2023,221319413,1,9,0,4,4,2,5,0,0,0,0,4,0,0,1,1,5,6,1,79,11,1318,1,6,HONDA JAZZ,10,E01032337,0,-1
2023430189435,2023,430189435,1,9,0,8,8,5,7,0,0,1,0,0,0,0,3,1,6,6,1,27,6,1339,1,18,HONDA JAZZ,3,E01016490,0,-1
2023471305723,2023,471305723,2,9,0,9,9,7,5,0,0,6,0,0,0,0,1,1,6,6,2,81,11,1318,1,4,HONDA JAZZ,6,E01031499,0,-1
2023221347669,2023,221347669,1,9,0,5,5,3,7,0,0,6,0,0,0,0,1,1,5,6,1,87,11,1339,1,10,HONDA JAZZ,9,E01031269,0,-1
2023010442378,2023,010442378,1,9,0,18,19,8,4,0,0,1,0,7,0,0,1,1,6,6,2,77,11,1339,1,17,HONDA JAZZ,9,E01003868,0,-1
2023421324496,2023,421324496,2,9,0,18,19,5,1,0,0,1,0,0,0,0,1,1,6,6,1,42,7,1339,1,18,HONDA JAZZ,2,E01015934,0,-1
2023010437552,2023,010437552,2,9,0,99,99,9,9,99,99,9,9,99,9,99,1,9,6,6,3,-1,-1,1498,8,3,HONDA JAZZ,-1,-1,0,-1
2023552301457,2023,552301457,1,9,0,7,7,1,2,0,0,6,0,0,0,0,1,1,6,6,2,86,11,1339,1,11,HONDA JAZZ,10,E01020407,0,-1
2023141363868,2023,141363868,2,9,0,16,19,2,7,0,0,0,0,0,0,0,1,1,5,6,2,39,7,1339,1,9,HONDA JAZZ,2,E01007392,0,-1
2023411313776,2023,411313776,1,9,0,4,4,3,7,9,9,0,0,0,1,0,1,1,6,6,2,63,9,1339,1,12,HONDA JAZZ,10,E01023820,0,-1
2023010464004,2023,010464004,2,9,0,18,19,5,1,0,0,1,0,0,0,0,2,1,6,6,1,26,6,1330,8,12,HONDA JAZZ,4,E01003628,0,-1
2023991274786,2023,991274786,1,9,0,6,6,4,4,0,0,2,0,0,0,0,1,1,6,6,2,55,8,1339,1,11,HONDA JAZZ,-1,-1,0,-1
2023451390315,2023,451390315,2,9,0,18,19,5,1,0,0,1,0,0,0,0,1,1,5,6,1,53,8,1339,1,15,HONDA JAZZ,5,E01001105,0,-1
2023361354932,2023,361354932,1,9,0,9,9,6,4,0,0,1,0,0,0,0,1,1,5,6,2,38,7,1339,1,15,HONDA JAZZ,-1,-1,0,-1
2023471378724,2023,471378724,1,9,0,18,19,4,8,0,0,8,5,0,7,0,4,1,5,6,1,40,7,1339,1,17,HONDA JAZZ,8,E01032835,0,-1
2023302300231,2023,302300231,1,9,0,18,19,4,8,0,0,1,0,0,0,0,2,1,6,6,1,51,8,1339,1,19,HONDA JAZZ,1,E01013584,0,-1
2023122300358,2023,122300358,1,9,0,18,19,5,1,0,0,6,1,0,1,0,1,1,6,6,2,63,9,1318,1,5,HONDA JAZZ,5,E01027798,0,-1
2023041269939,2023,041269939,2,9,0,11,11,5,1,0,0,0,0,0,0,0,1,1,5,6,2,62,9,1318,1,5,HONDA JAZZ,1,E01025082,0,-1
2023010424954,2023,010424954,2,9,0,99,99,9,9,99,99,9,9,99,9,99,2,9,6,6,3,-1,-1,1339,1,16,HONDA JAZZ,-1,-1,0,-1
2023991353521,2023,991353521,1,9,0,18,19,3,7,0,0,0,5,0,4,6,1,1,5,6,1,25,5,1339,1,15,HONDA JAZZ,7,-1,0,-1
2023311341637,2023,311341637,1,9,0,8,8,3,7,0,0,0,0,0,0,0,1,1,5,6,1,39,7,1318,1,7,HONDA JAZZ,-1,-1,0,-1
2023131344706,2023,131344706,2,9,0,9,9,1,5,0,0,8,0,0,0,0,1,1,6,6,2,83,11,1339,1,17,HONDA JAZZ,6,E01010787,0,-1
2023471307701,2023,471307701,2,9,0,18,19,4,8,0,0,8,0,0,0,0,4,1,5,6,2,84,11,1339,1,14,HONDA JAZZ,9,E01031476,0,-1
2023302301924,2023,302301924,2,9,0,5,5,5,2,0,0,8,0,0,0,0,1,1,6,6,1,48,8,1339,1,15,HONDA JAZZ,4,E01002233,0,-1
2023201392710,2023,201392710,2,9,0,9,9,8,6,0,0,8,0,0,0,0,1,1,5,6,1,32,6,1339,1,19,HONDA JAZZ,1,E01010054,0,-1
2023010441840,2023,010441840,3,9,0,5,5,7,3,0,0,6,0,0,0,0,1,1,6,6,1,30,6,1339,1,14,HONDA JAZZ,3,E01003521,0,-1
2023201420419,2023,201420419,4,9,0,2,2,0,0,0,0,0,0,0,0,0,2,1,6,6,2,22,5,1339,1,14,HONDA JAZZ,2,E01010065,0,-1
2023371316325,2023,371316325,2,9,0,2,2,0,0,0,0,0,0,0,0,0,1,1,6,6,2,-1,-1,1339,1,20,HONDA JAZZ,5,E01030285,0,-1
2023461313913,2023,461313913,1,9,0,16,19,8,4,0,0,0,0,0,0,0,3,1,6,6,2,38,7,1339,1,9,HONDA JAZZ,7,E01024437,0,-1
2023522301423,2023,522301423,2,9,0,4,4,2,6,0,0,8,0,0,0,0,2,1,6,6,1,27,6,1339,1,21,HONDA JAZZ,9,E01014908,0,-1
2023201392187,2023,201392187,2,9,0,9,9,5,3,0,0,5,0,0,0,0,4,1,6,6,2,26,6,1318,1,6,HONDA JAZZ,5,E01009449,0,-1
2023471274901,2023,471274901,2,9,0,18,19,8,4,0,0,0,1,0,8,0,1,1,5,6,1,78,11,1318,1,3,HONDA JAZZ,4,E01031596,0,-1
2023122301359,2023,122301359,1,9,0,18,19,6,3,0,0,0,0,0,0,0,1,1,6,6,1,57,9,1318,1,7,HONDA JAZZ,1,E01027806,0,-1
2023201280801,2023,201280801,1,9,0,18,19,3,7,0,0,4,0,0,0,0,1,1,6,6,1,-1,-1,1339,1,10,HONDA JAZZ,-1,-1,0,-1
2023010460549,2023,010460549,2,9,0,99,99,9,9,99,99,9,9,99,9,99,1,9,6,6,3,-1,-1,1339,1,13,HONDA JAZZ,-1,-1,0,-1
2023461342733,2023,461342733,2,9,0,18,19,5,1,0,0,0,0,0,0,0,3,1,6,6,1,65,9,1339,1,14,HONDA JAZZ,2,E01003994,0,-1
2023010479389,2023,010479389,1,9,0,4,4,5,1,0,0,0,0,0,0,0,1,1,6,6,3,-1,-1,1246,1,17,HONDA JAZZ,3,E01002542,0,-1
2023522300822,2023,522300822,2,9,0,2,2,0,0,0,0,0,0,4,0,0,1,1,6,6,3,-1,-1,1339,1,18,HONDA JAZZ,-1,-1,0,-1
2023010438142,2023,010438142,2,9,0,2,2,0,0,0,0,0,0,0,0,0,3,1,6,6,3,-1,-1,1339,1,18,HONDA JAZZ,-1,-1,0,-1
2023231374056,2023,231374056,2,9,0,4,4,2,6,0,0,1,0,0,0,0,1,1,6,6,2,61,9,1339,1,8,HONDA JAZZ,9,E01028535,0,-1
2023201372653,2023,201372653,1,9,0,18,19,2,6,0,0,1,0,0,0,0,1,1,6,6,1,46,8,1318,1,5,HONDA JAZZ,1,E01032887,0,-1
2023451322935,2023,451322935,1,9,0,18,19,3,7,0,0,0,0,2,0,0,1,1,1,1,1,23,5,1339,1,18,HONDA JAZZ,3,E01001371,0,-1
2023201277178,2023,201277178,2,9,0,4,4,2,6,0,0,1,0,0,0,0,2,1,6,6,2,-1,-1,1339,1,13,HONDA JAZZ,2,E01009102,0,-1
2023010489160,2023,010489160,1,9,9,5,5,5,1,99,99,0,9,0,9,0,9,9,6,6,1,40,7,1339,1,14,HONDA JAZZ,6,E01001266,0,-1
2023052301869,2023,052301869,1,9,0,9,9,1,5,0,0,6,0,0,0,0,4,1,6,6,2,85,11,1339,1,11,HONDA JAZZ,7,E01007267,0,-1
2023552301550,2023,552301550,2,9,0,18,19,5,1,0,0,8,0,0,3,1,1,1,6,6,2,25,5,1246,1,16,HONDA JAZZ,3,E01020564,0,-1
2023991317962,2023,991317962,2,9,0,18,19,7,3,0,0,0,0,0,0,0,1,1,6,6,2,76,11,1318,1,6,HONDA JAZZ,3,-1,0,-1
2023430202517,2023,430202517,2,9,0,18,19,4,8,0,0,0,0,0,0,0,1,1,6,6,1,-1,-1,1339,1,16,HONDA JAZZ,-1,-1,0,-1
2023451266430,2023,451266430,1,9,0,18,19,2,6,0,0,1,0,0,0,0,4,1,5,6,2,75,10,1339,1,16,HONDA JAZZ,10,E01030855,0,-1
2023010467233,2023,010467233,1,9,0,2,2,0,0,0,0,2,0,0,0,0,4,1,6,6,3,-1,-1,1339,1,19,HONDA JAZZ,-1,-1,0,-1
2023991327417,2023,991327417,1,9,0,18,19,6,2,0,0,0,1,0,1,1,1,1,5,6,1,30,6,1339,1,8,HONDA JAZZ,6,-1,0,-1
2023201416045,2023,201416045,2,9,0,5,5,4,1,0,0,6,0,0,0,0,1,1,6,6,1,34,6,1339,1,14,HONDA JAZZ,1,E01009401,0,-1
2023332300244,2023,332300244,2,9,0,18,19,1,5,0,0,0,0,0,1,7,3,1,6,6,1,66,10,1339,1,19,HONDA JAZZ,5,E01002123,0,-1
2023061342242,2023,061342242,1,9,-1,-1,-1,-1,-1,-1,-1,-1,-1,-1,-1,0,-1,1,6,6,3,-1,-1,1339,1,9,HONDA JAZZ,-1,-1,0,-1
2023430227124,2023,430227124,1,9,0,18,19,4,8,0,0,3,0,0,0,0,2,1,2,2,1,36,7,1339,1,13,HONDA JAZZ,6,E01016385,0,-1
2023122300271,2023,122300271,1,9,0,2,2,0,0,0,0,1,0,0,0,0,3,1,6,6,2,74,10,1318,1,8,HONDA JAZZ,9,E01027898,0,-1
2023320213888,2023,320213888,1,9,0,18,19,1,5,0,0,2,0,0,0,0,1,1,2,2,1,54,8,1339,1,11,HONDA JAZZ,-1,-1,0,-1
2023141287859,2023,141287859,1,9,0,2,2,0,0,0,0,0,0,0,0,0,2,1,6,6,2,32,6,1339,1,11,HONDA JAZZ,6,E01007421,0,-1
2023520400347,2023,520400347,2,9,0,5,5,5,3,0,0,8,0,0,1,4,1,1,6,6,1,78,11,1318,1,5,HONDA JAZZ,9,E01029318,0,-1
2023010457282,2023,010457282,2,9,0,99,99,9,9,99,99,9,9,99,9,99,9,9,6,6,3,-1,-1,1339,1,13,HONDA JAZZ,3,E01003625,0,-1
2023451311014,2023,451311014,1,9,0,1,1,7,3,0,0,0,0,0,0,0,2,1,5,6,1,45,7,1198,1,14,HONDA JAZZ,4,E01030816,0,-1
2023061274567,2023,061274567,1,9,0,18,19,4,8,0,0,8,0,0,0,0,1,1,6,6,3,18,4,1339,1,18,HONDA JAZZ,-1,-1,0,-1
2023302301162,2023,302301162,4,9,0,18,19,6,2,0,0,0,1,0,0,0,1,1,6,6,2,40,7,1339,1,13,HONDA JAZZ,10,E01030616,0,-1
2023010465908,2023,010465908,2,9,0,9,9,5,3,0,0,0,0,0,0,0,4,1,6,6,1,84,11,1339,1,9,HONDA JAZZ,8,E01000451,0,-1
2023471359111,2023,471359111,1,9,0,18,19,4,8,0,0,0,0,11,0,0,1,1,2,2,1,30,6,1339,1,8,HONDA JAZZ,7,E01024804,0,-1
2023010476474,2023,010476474,2,9,0,99,99,9,9,99,99,9,9,99,9,99,9,9,6,6,3,-1,-1,1339,1,19,HONDA JAZZ,-1,-1,0,-1
2023010441498,2023,010441498,2,9,0,7,7,3,5,0,0,8,0,0,0,0,1,1,2,2,2,35,6,1339,1,17,HONDA JAZZ,-1,-1,0,-1
2023430096555,2023,430096555,1,9,0,18,19,9,9,0,0,0,0,0,0,0,1,1,6,6,2,76,11,1318,1,6,HONDA JAZZ,-1,-1,0,-1
2023010421100,2023,010421100,2,9,0,99,99,9,9,99,99,9,9,99,9,99,9,9,6,6,3,-1,-1,1318,1,5,HONDA JAZZ,-1,-1,0,-1
2023622300266,2023,622300266,2,9,0,18,19,6,2,0,0,0,0,0,0,0,3,1,6,6,2,37,7,1318,1,4,HONDA JAZZ,5,W01001603,0,-1
2023548369323,2023,548369323,2,9,0,5,5,2,6,0,0,0,0,0,0,0,3,1,6,6,2,75,10,1339,1,21,HONDA JAZZ,3,E01015510,0,-1
2023991339790,2023,991339790,2,9,0,3,3,7,3,0,0,1,0,0,0,0,2,1,5,6,1,69,10,1498,8,2,HONDA JAZZ,10,-1,0,-1
2023552300175,2023,552300175,2,9,0,5,5,1,5,0,0,8,0,0,0,0,1,1,6,6,2,68,10,1498,8,2,HONDA JAZZ,10,E01015399,0,-1
2023010435896,2023,010435896,2,9,0,99,99,9,9,99,99,9,9,99,9,99,9,9,6,6,3,-1,-1,1339,1,19,HONDA JAZZ,-1,-1,0,-1
2023451332276,2023,451332276,2,9,0,3,3,5,1,0,0,0,0,0,0,0,2,1,2,2,1,40,7,1339,1,18,HONDA JAZZ,4,E01032732,0,-1