collision_index,collision_year,collision_ref_no,vehicle_reference,vehicle_type,towing_and_articulation,vehicle_manoeuvre_historic,vehicle_manoeuvre,vehicle_direction_from,vehicle_direction_to,vehicle_location_restricted_lane_historic,vehicle_location_restricted_lane,junction_location,skidding_and_overturning,hit_object_in_carriageway,vehicle_leaving_carriageway,hit_object_off_carriageway,first_point_of_impact,vehicle_left_hand_drive,journey_purpose_of_driver_historic,journey_purpose_of_driver,sex_of_driver,age_of_driver,age_band_of_driver,engine_capacity_cc,propulsion_code,age_of_vehicle,generic_make_model,driver_imd_decile,lsoa_of_driver,escooter_flag,driver_distance_banding
2023501319161,2023,501319161,2,9,0,18,19,7,3,0,0,8,0,0,0,0,1,1,5,6,1,70,10,2400,2,10,VOLVO XC90,7,E01026340,0,-1
2023221349171,2023,221349171,3,9,0,13,13,5,1,0,0,0,0,0,0,0,0,1,1,1,1,28,6,1969,12,1,VOLVO XC90,-1,-1,0,-1
2023552300120,2023,552300120,2,9,0,18,19,6,8,0,0,5,0,0,0,0,0,1,1,1,1,-1,-1,1969,8,2,VOLVO XC90,7,E01020491,0,-1
2023461323594,2023,461323594,2,9,0,18,19,1,5,0,0,8,0,0,0,0,2,1,5,6,1,76,11,1969,8,3,VOLVO XC90,7,E01024388,0,-1
2023010420408,2023,010420408,2,9,0,99,99,9,9,99,99,9,9,99,9,99,1,9,6,6,2,47,8,1969,2,6,VOLVO XC90,2,E01032722,0,-1
2023031301662,2023,031301662,1,9,0,2,2,3,5,0,0,0,0,0,7,0,1,1,1,1,1,47,8,1969,1,5,VOLVO XC90,10,E01019251,0,-1
2023010485827,2023,010485827,1,9,0,18,19,1,5,0,0,1,0,0,0,0,4,1,6,6,2,36,7,2401,2,18,VOLVO XC90,7,E01003816,0,-1
2023010430538,2023,010430538,2,9,0,5,5,2,6,0,0,6,0,0,0,0,1,1,6,6,2,44,7,1969,8,2,VOLVO XC90,7,E01004516,0,-1
2023011394555,2023,011394555,2,9,0,18,19,1,5,0,0,3,0,0,0,0,1,1,1,1,1,-1,-1,1969,8,0,VOLVO XC90,-1,-1,0,-1
2023991311613,2023,991311613,1,9,0,9,9,5,3,0,0,1,0,0,0,0,4,1,1,1,1,51,8,1969,12,2,VOLVO XC90,10,-1,0,-1
2023010423069,2023,010423069,1,9,0,99,99,9,9,99,99,9,9,99,9,99,9,9,6,6,2,33,6,1969,8,5,VOLVO XC90,2,E01000925,0,-1
2023461341149,2023,461341149,2,9,0,18,19,3,7,0,0,0,0,0,5,0,3,1,6,6,1,32,6,2401,2,17,VOLVO XC90,-1,-1,0,-1
2023501304598,2023,501304598,4,9,0,18,19,7,8,0,0,1,0,0,0,0,0,1,1,1,1,-1,-1,1969,1,2,VOLVO XC90,-1,-1,0,-1
2023421366876,2023,421366876,2,9,0,3,3,-1,-1,0,0,0,0,0,0,0,1,1,6,6,2,32,6,1969,2,5,VOLVO XC90,10,E01021379,0,-1
2023461265245,2023,461265245,2,9,0,18,19,5,1,0,0,0,0,0,0,0,1,1,5,6,1,31,6,2400,2,13,VOLVO XC90,7,E01032643,0,-1
2023221334142,2023,221334142,2,9,0,7,7,6,8,0,0,2,0,0,0,0,0,1,1,1,1,38,7,1969,12,1,VOLVO XC90,3,E01014010,0,-1
2023010453981,2023,010453981,2,9,0,99,99,9,9,99,99,9,9,99,9,99,1,9,6,6,2,44,7,1969,8,2,VOLVO XC90,8,E01003138,0,-1
2023131370426,2023,131370426,1,9,0,18,19,1,5,0,0,0,0,0,0,0,1,1,6,6,1,55,8,2401,2,17,VOLVO XC90,6,E01021542,0,-1
2023622300341,2023,622300341,3,9,0,4,4,4,8,0,0,1,0,0,0,0,2,1,6,6,1,50,8,1969,8,6,VOLVO XC90,7,W01001003,0,-1
2023430377420,2023,430377420,1,9,0,17,19,4,1,0,0,0,0,0,0,0,1,1,6,6,2,42,7,1969,8,2,VOLVO XC90,7,E01028612,0,-1
2023430557992,2023,430557992,1,9,0,3,3,2,6,0,0,1,0,0,0,0,2,1,6,6,1,38,7,1969,12,1,VOLVO XC90,10,E01032759,0,-1
2023010463615,2023,010463615,2,9,0,18,19,1,5,0,0,1,0,0,0,0,0,1,1,1,1,33,6,1969,8,1,VOLVO XC90,-1,-1,0,-1
2023430558147,2023,430558147,2,9,0,7,7,1,3,0,0,5,0,0,0,0,4,1,6,6,2,41,7,2400,2,13,VOLVO XC90,5,E01016437,0,-1
2023010445168,2023,010445168,2,9,0,99,99,9,9,99,99,9,9,99,9,99,9,9,6,6,3,-1,-1,2401,2,17,VOLVO XC90,-1,-1,0,-1
2023302300675,2023,302300675,2,9,0,17,19,6,2,0,0,0,0,0,0,0,3,1,1,1,2,42,7,1969,8,1,VOLVO XC90,10,E01007930,0,-1
2023471348817,2023,471348817,2,9,0,2,2,0,0,0,0,0,0,0,0,0,1,1,6,6,3,-1,-1,2400,2,10,VOLVO XC90,-1,-1,0,-1
2023010466263,2023,010466263,2,9,0,18,19,8,4,0,0,1,0,0,0,0,0,1,1,1,1,30,6,1969,8,1,VOLVO XC90,4,E01003937,0,-1
2023351294519,2023,351294519,1,9,0,18,19,1,5,0,0,8,0,0,0,0,4,1,6,6,2,56,9,2400,2,13,VOLVO XC90,5,E01018049,0,-1
2023010481574,2023,010481574,2,9,0,3,3,5,1,0,0,2,0,0,0,0,0,1,1,1,1,36,7,1969,8,1,VOLVO XC90,3,E01002133,0,-1
2023061326057,2023,061326057,1,9,0,18,19,-1,-1,0,0,0,0,0,0,0,1,1,6,6,2,38,7,2400,2,13,VOLVO XC90,9,E01006250,0,-1
2023061346185,2023,061346185,1,9,0,14,14,3,7,0,0,1,0,0,0,0,1,1,1,1,1,32,6,1969,8,1,VOLVO XC90,2,E01005950,0,-1
2023010484535,2023,010484535,1,9,0,3,3,5,1,1,1,0,0,0,0,0,1,1,6,6,1,44,7,1969,8,2,VOLVO XC90,9,E01000667,0,-1
2023501268493,2023,501268493,2,9,0,18,19,7,3,0,0,0,1,0,0,0,1,1,1,1,1,41,7,1969,8,1,VOLVO XC90,5,E01015123,0,-1
2023010438886,2023,010438886,1,9,0,9,9,1,7,0,0,6,0,0,0,0,1,1,6,6,2,46,8,2400,2,12,VOLVO XC90,6,E01004163,0,-1
2023461378503,2023,461378503,1,9,0,18,19,3,7,0,0,1,0,0,0,0,4,1,6,6,3,-1,-1,2400,2,13,VOLVO XC90,-1,-1,0,-1
2023221268338,2023,221268338,2,9,0,18,19,4,8,0,0,2,0,0,0,0,1,1,5,6,1,78,11,2400,2,11,VOLVO XC90,9,E01032351,0,-1
2023141348601,2023,141348601,1,9,0,7,7,5,8,0,0,1,0,0,0,0,4,1,3,7,1,52,8,2401,2,16,VOLVO XC90,10,E01007915,0,-1
2023461295758,2023,461295758,2,9,0,18,19,7,3,0,0,0,0,0,0,0,2,1,1,1,1,-1,-1,1969,8,2,VOLVO XC90,3,E01024717,0,-1
2023411356123,2023,411356123,1,9,0,5,5,4,8,0,0,1,0,0,0,0,1,1,6,6,1,47,8,2401,2,16,VOLVO XC90,4,E01023861,0,-1
2023471260631,2023,471260631,2,9,0,18,19,1,5,0,0,1,0,0,0,0,1,1,6,6,2,45,7,2400,2,10,VOLVO XC90,9,E01021161,0,-1
2023010434182,2023,010434182,2,9,0,99,99,9,9,99,99,9,9,99,9,99,1,9,6,6,2,34,6,1969,8,0,VOLVO XC90,9,E01001227,0,-1
2023501338980,2023,501338980,2,9,0,3,3,8,4,0,0,0,0,0,0,0,1,1,2,2,2,30,6,2401,2,19,VOLVO XC90,7,E01020075,0,-1
2023501363047,2023,501363047,5,9,0,18,19,3,1,0,0,1,0,0,0,0,0,1,1,1,1,-1,-1,1969,8,1,VOLVO XC90,-1,-1,0,-1
2023111309062,2023,111309062,1,9,0,1,1,6,2,0,0,1,0,0,0,0,2,1,1,1,1,35,6,1969,8,2,VOLVO XC90,-1,-1,0,-1
2023010441577,2023,010441577,2,9,0,18,19,1,5,0,0,1,0,0,0,0,1,1,1,1,1,33,6,1969,8,1,VOLVO XC90,-1,-1,0,-1
2023041338206,2023,041338206,1,9,0,18,19,5,1,0,0,0,0,0,0,0,1,1,5,6,1,43,7,2401,2,17,VOLVO XC90,6,E01019200,0,-1
2023010443442,2023,010443442,2,9,0,99,99,9,9,99,99,9,9,99,9,99,1,9,6,6,3,-1,-1,1969,2,5,VOLVO XC90,-1,-1,0,-1
2023440277654,2023,440277654,2,9,0,3,3,6,2,0,0,0,0,0,0,0,2,1,2,2,1,39,7,1969,1,4,VOLVO XC90,10,E01022785,0,-1
2023141264303,2023,141264303,2,9,0,7,7,3,5,0,0,8,0,0,0,0,1,1,6,6,2,49,8,1969,12,0,VOLVO XC90,5,E01007813,0,-1
2023340WN1302,2023,340WN1302,2,9,0,18,19,8,4,0,0,1,0,0,0,0,1,1,6,6,1,46,8,2400,2,12,VOLVO XC90,9,E01027022,0,-1
2023010476747,2023,010476747,1,9,0,99,99,9,9,99,99,0,9,99,9,99,2,9,6,6,2,42,7,1969,8,1,VOLVO XC90,8,E01002193,0,-1
2023010468859,2023,010468859,1,9,0,18,19,1,5,0,0,0,0,0,0,0,1,1,6,6,2,40,7,1969,2,7,VOLVO XC90,4,E01003230,0,-1
2023461288843,2023,461288843,3,9,0,18,19,3,3,0,0,1,0,0,0,0,0,1,1,1,1,34,6,1968,8,1,VOLVO XC90,-1,-1,0,-1
2023441393335,2023,441393335,2,9,0,18,19,1,5,0,0,0,0,0,0,0,1,1,5,6,1,59,9,1969,8,0,VOLVO XC90,-1,-1,0,-1
2023461354629,2023,461354629,3,9,0,18,19,2,5,0,0,0,0,0,0,0,1,1,6,6,1,32,6,2401,2,18,VOLVO XC90,4,E01032810,0,-1
202354B149223,2023,54B149223,4,9,0,2,2,0,0,6,6,0,0,0,0,0,0,1,6,6,1,50,8,1969,8,0,VOLVO XC90,2,E01014691,0,-1
2023010425432,2023,010425432,1,9,0,99,99,9,9,99,99,9,9,99,9,99,2,9,6,6,2,44,7,1969,2,8,VOLVO XC90,7,E01002896,0,-1
2023361309737,2023,361309737,3,9,3,3,3,6,2,0,0,0,0,0,0,0,2,1,5,6,2,64,9,1969,2,5,VOLVO XC90,8,E01027999,0,-1
2023061322986,2023,061322986,2,9,0,17,19,7,3,0,0,8,0,0,0,0,0,1,1,1,1,50,8,1969,8,1,VOLVO XC90,4,E01005730,0,-1
2023161316527,2023,161316527,3,9,0,18,19,2,6,0,0,0,0,0,0,0,4,1,2,2,2,52,8,1969,2,7,VOLVO XC90,10,E01013091,0,-1
2023340WN3792,2023,340WN3792,3,9,0,4,4,7,3,0,0,0,0,0,0,0,2,1,3,7,2,31,6,1969,8,3,VOLVO XC90,3,E01027225,0,-1
2023471304737,2023,471304737,2,9,0,18,19,1,5,0,0,0,1,0,4,4,3,1,5,6,1,53,8,1969,12,0,VOLVO XC90,7,E01021181,0,-1
2023451260678,2023,451260678,1,9,0,18,19,1,5,0,0,1,0,0,0,0,3,1,5,6,2,53,8,2400,2,10,VOLVO XC90,7,E01030530,0,-1
2023471356008,2023,471356008,1,9,0,9,9,1,7,0,0,6,0,0,0,0,1,1,5,6,1,45,7,1969,8,0,VOLVO XC90,7,E01021205,0,-1
2023421261300,2023,421261300,2,9,0,9,9,1,7,0,0,8,0,0,0,0,1,1,1,1,1,32,6,1969,8,2,VOLVO XC90,8,E01021544,0,-1
2023302300486,2023,302300486,2,9,0,3,3,4,8,0,0,1,0,0,0,0,2,1,6,6,1,43,7,1969,8,1,VOLVO XC90,-1,-1,0,-1
2023340WN3772,2023,340WN3772,2,9,0,7,7,8,2,0,0,6,0,0,0,0,1,1,3,7,2,32,6,1969,8,1,VOLVO XC90,6,E01027220,0,-1
2023451362632,2023,451362632,3,9,0,18,19,5,1,0,0,0,0,0,0,0,3,1,3,7,1,43,7,1969,2,4,VOLVO XC90,8,E01001094,0,-1
2023421366323,2023,421366323,2,9,0,18,19,3,7,0,0,0,0,0,0,0,1,1,2,2,1,43,7,1969,8,6,VOLVO XC90,4,E01015948,0,-1
2023430506556,2023,430506556,4,9,0,4,4,7,3,0,0,0,0,0,0,0,1,1,1,1,1,44,7,1969,2,4,VOLVO XC90,10,E01016606,0,-1
2023010462222,2023,010462222,3,9,0,4,4,5,1,0,0,1,0,0,0,0,0,1,6,6,1,33,6,1969,8,1,VOLVO XC90,3,E01002133,0,-1
2023041283365,2023,041283365,2,9,0,4,4,1,5,0,0,1,0,0,0,0,3,1,1,1,1,-1,-1,1969,8,1,VOLVO XC90,1,E01012686,0,-1
2023311265056,2023,311265056,2,9,0,18,19,1,5,0,0,8,0,0,0,0,4,1,6,6,2,43,7,2400,2,12,VOLVO XC90,-1,-1,0,-1
2023061263619,2023,061263619,2,9,0,18,19,2,6,0,0,0,0,0,0,0,0,1,1,1,1,44,7,1969,8,2,VOLVO XC90,-1,-1,0,-1
2023520301237,2023,520301237,2,9,0,18,19,8,4,0,0,1,0,0,0,0,1,1,6,6,2,34,6,1969,2,4,VOLVO XC90,8,E01029023,0,-1
2023501307050,2023,501307050,1,9,0,18,19,5,1,0,0,0,0,0,0,0,3,1,5,6,1,43,7,1969,8,1,VOLVO XC90,9,E01015547,0,-1
2023010457636,2023,010457636,1,9,0,18,19,7,3,0,0,0,0,0,0,0,0,1,6,6,3,22,5,1969,8,1,VOLVO XC90,-1,-1,0,-1
2023010439747,2023,010439747,1,9,0,5,5,1,5,0,0,6,0,0,0,0,1,1,6,6,1,69,10,1969,1,3,VOLVO XC90,-1,-1,0,-1
2023010478769,2023,010478769,2,9,0,99,99,9,9,99,99,0,9,99,9,99,1,9,6,6,3,-1,-1,2401,2,19,VOLVO XC90,-1,-1,0,-1
2023201453341,2023,201453341,2,9,0,3,3,7,2,0,0,2,0,0,0,0,1,1,2,2,1,41,7,4414,1,16,VOLVO XC90,6,E01009034,0,-1
2023371312317,2023,371312317,1,9,0,9,9,3,5,0,0,1,0,0,0,0,1,1,5,6,2,51,8,1969,2,7,VOLVO XC90,7,E01029911,0,-1
2023041386886,2023,041386886,4,9,0,17,19,5,1,0,0,0,0,0,0,0,0,1,1,1,1,31,6,1969,8,1,VOLVO XC90,9,E01025453,0,-1
2023543452623,2023,543452623,1,9,0,18,19,1,5,0,0,1,0,0,0,0,1,1,6,6,2,-1,-1,2400,2,13,VOLVO XC90,8,E01023195,0,-1
2023451358637,2023,451358637,2,9,0,5,5,1,5,0,0,0,0,0,0,0,3,1,6,6,2,34,6,2400,2,14,VOLVO XC90,9,E01030298,0,-1
2023471293749,2023,471293749,2,9,0,18,19,7,3,0,0,1,0,0,0,0,1,1,5,6,1,48,8,1969,2,6,VOLVO XC90,7,E01024804,0,-1
2023320773907,2023,320773907,2,9,0,7,7,8,3,0,0,5,0,0,1,4,3,1,6,6,2,54,8,2400,2,14,VOLVO XC90,9,E01013797,0,-1
2023031322785,2023,031322785,2,9,0,18,19,5,5,0,0,0,0,0,1,0,4,1,5,6,1,47,8,1969,8,3,VOLVO XC90,-1,-1,0,-1
2023461337742,2023,461337742,1,9,0,3,3,7,3,0,0,0,0,0,0,0,0,1,6,6,1,51,8,2400,2,9,VOLVO XC90,7,E01024109,0,-1
2023451287283,2023,451287283,2,9,0,9,9,5,3,0,0,1,0,0,0,0,3,1,6,6,2,40,7,1969,2,5,VOLVO XC90,10,E01030437,0,-1
2023991269495,2023,991269495,1,9,0,17,19,5,1,0,0,0,1,0,8,0,1,1,1,1,1,28,6,1969,12,1,VOLVO XC90,9,-1,0,-1
2023131388339,2023,131388339,1,9,0,9,9,4,2,0,0,2,0,0,0,0,1,1,6,6,1,76,11,1969,12,2,VOLVO XC90,8,E01010575,0,-1
2023010475415,2023,010475415,2,9,0,2,2,0,0,0,0,0,0,0,0,0,0,1,6,6,3,-1,-1,2400,2,13,VOLVO XC90,-1,-1,0,-1
2023061289676,2023,061289676,2,9,0,16,19,5,1,0,0,0,0,0,0,0,0,1,1,1,1,42,7,1969,8,2,VOLVO XC90,-1,-1,0,-1
2023221340237,2023,221340237,2,9,0,13,13,2,6,0,0,8,0,10,1,11,1,1,5,6,1,18,4,2401,2,18,VOLVO XC90,6,E01032480,0,-1
2023010425512,2023,010425512,1,9,0,4,4,1,5,0,0,0,0,0,0,0,1,1,6,6,2,43,7,1969,2,5,VOLVO XC90,3,E01000689,0,-1
2023122301240,2023,122301240,2,9,0,18,19,5,1,9,9,7,0,0,0,0,1,1,2,2,3,47,8,1969,1,4,VOLVO XC90,7,E01027799,0,-1
2023461331661,2023,461331661,1,9,0,18,19,1,5,0,0,0,0,0,0,0,3,1,6,6,1,33,6,1969,8,2,VOLVO XC90,3,E01024717,0,-1
2023991294605,2023,991294605,3,9,0,3,3,3,3,0,0,0,0,0,0,0,3,1,5,6,2,33,6,1969,12,1,VOLVO XC90,1,-1,0,-1
2023520400044,2023,520400044,1,9,0,3,3,1,5,0,0,0,0,0,0,0,2,1,6,6,1,33,6,1969,8,6,VOLVO XC90,2,E01029237,0,-1
2023991330339,2023,991330339,2,9,0,18,19,4,1,0,0,1,0,0,0,0,3,1,6,6,2,41,7,2400,2,11,VOLVO XC90,6,-1,0,-1
2023231395080,2023,231395080,3,9,0,16,19,7,1,0,0,8,0,0,0,0,0,1,1,1,1,44,7,1969,8,1,VOLVO XC90,8,E01031284,0,-1
2023010429709,2023,010429709,1,9,0,99,99,9,9,99,99,9,9,99,9,99,2,9,6,6,2,41,7,1969,2,5,VOLVO XC90,4,E01002593,0,-1
2023010447994,2023,010447994,2,9,0,18,19,5,1,0,0,1,0,0,0,0,0,1,1,1,1,53,8,1969,8,1,VOLVO XC90,-1,-1,0,-1
2023471314640,2023,471314640,1,9,0,18,19,1,4,0,0,8,1,0,0,0,4,1,5,6,2,26,6,2401,2,17,VOLVO XC90,6,E01031468,0,-1
2023451285060,2023,451285060,1,9,0,1,1,1,5,0,0,0,0,0,0,0,2,1,3,7,2,47,8,1969,2,4,VOLVO XC90,10,E01030770,0,-1
2023010419303,2023,010419303,3,9,0,9,9,2,7,0,0,8,0,0,0,0,3,1,6,6,3,23,5,1969,8,1,VOLVO XC90,4,E01001247,0,-1
2023332301225,2023,332301225,2,9,0,9,9,1,7,0,0,5,0,0,0,0,1,1,6,6,1,-1,-1,2401,2,18,VOLVO XC90,-1,-1,0,-1
2023041318701,2023,041318701,2,9,0,18,19,4,8,0,0,1,1,0,0,0,3,1,2,2,1,39,7,1969,2,4,VOLVO XC90,9,E01025158,0,-1
2023451324481,2023,451324481,2,9,0,9,9,3,1,0,0,0,0,0,0,0,0,1,5,6,2,44,7,2400,2,11,VOLVO XC90,10,E01031675,0,-1
2023471279523,2023,471279523,1,9,0,4,4,5,1,0,0,1,0,0,0,0,1,1,5,6,2,47,8,1969,2,8,VOLVO XC90,10,E01031797,0,-1
2023411287753,2023,411287753,1,9,0,5,5,5,1,0,0,0,5,11,7,11,1,1,5,6,1,41,7,2400,2,13,VOLVO XC90,10,E01023455,0,-1
2023351374942,2023,351374942,2,9,-1,-1,-1,-1,-1,-1,-1,-1,-1,-1,-1,0,-1,1,5,6,2,38,7,2400,2,9,VOLVO XC90,-1,-1,0,-1
2023061374292,2023,061374292,2,9,0,18,19,3,7,0,0,0,0,0,0,0,2,1,6,6,1,42,7,1969,2,8,VOLVO XC90,9,E01005882,0,-1
2023010482656,2023,010482656,2,9,0,1,1,7,3,0,0,2,0,0,0,0,4,1,3,7,2,81,11,1969,8,2,VOLVO XC90,6,E01000700,0,-1
2023340WN7342,2023,340WN7342,2,9,0,18,19,5,1,0,0,8,0,0,0,0,1,1,6,6,1,36,7,2400,2,13,VOLVO XC90,1,E01027249,0,-1
2023471306952,2023,471306952,2,9,0,10,10,6,2,0,0,1,0,0,0,0,1,1,6,6,1,-1,-1,2401,2,17,VOLVO XC90,9,E01021168,0,-1
2023010472573,2023,010472573,1,9,0,18,19,3,7,0,0,1,0,0,0,0,0,1,1,1,1,39,7,1969,8,1,VOLVO XC90,6,E01003013,0,-1
2023371337764,2023,371337764,2,9,0,3,3,2,6,0,0,0,0,0,0,0,2,1,5,6,2,63,9,2400,2,12,VOLVO XC90,5,E01018041,0,-1
2023471380484,2023,471380484,1,9,0,5,5,3,1,0,0,3,0,0,0,0,3,2,5,6,2,48,8,1969,8,4,VOLVO XC90,8,E01030595,0,-1
2023231338301,2023,231338301,1,9,0,17,19,7,3,0,0,0,1,0,0,0,4,1,5,6,1,22,5,2401,2,19,VOLVO XC90,9,E01025913,0,-1
2023061384579,2023,061384579,3,9,0,4,4,6,1,0,0,1,0,0,0,0,0,1,1,1,1,38,7,1969,8,1,VOLVO XC90,-1,-1,0,-1
2023141341444,2023,141341444,1,9,0,18,19,7,3,0,0,0,0,0,0,0,1,1,5,6,2,48,8,1969,2,4,VOLVO XC90,4,E01011098,0,-1
2023010434901,2023,010434901,3,9,0,18,19,3,7,0,0,8,0,0,0,0,1,1,2,2,1,27,6,1969,12,3,VOLVO XC90,6,E01001496,0,-1
2023010455787,2023,010455787,2,9,0,16,19,7,1,9,9,7,0,0,1,0,4,1,1,1,1,45,7,1969,8,1,VOLVO XC90,-1,-1,0,-1
2023070483724,2023,070483724,2,9,0,9,9,2,8,0,0,8,0,0,0,0,4,1,6,6,2,44,7,2401,2,18,VOLVO XC90,3,E01018631,0,-1
2023061371000,2023,061371000,1,9,0,18,19,2,6,0,0,0,0,7,0,0,1,1,5,6,1,29,6,1969,8,1,VOLVO XC90,4,E01004986,0,-1
2023231317984,2023,231317984,2,9,0,18,19,5,1,0,0,1,0,0,0,0,0,1,1,1,1,33,6,1969,8,1,VOLVO XC90,-1,-1,0,-1
2023201337691,2023,201337691,1,9,0,3,3,8,4,0,0,2,0,0,0,0,2,1,6,6,2,53,8,2400,2,14,VOLVO XC90,3,E01009989,0,-1
2023421297466,2023,421297466,2,9,0,2,2,3,7,0,0,0,0,0,0,0,3,1,6,6,3,-1,-1,2400,2,12,VOLVO XC90,-1,-1,0,-1
2023010419400,2023,010419400,1,9,0,9,9,5,2,0,0,5,0,0,0,0,3,1,6,6,1,51,8,2401,2,20,VOLVO XC90,-1,-1,0,-1
2023430218005,2023,430218005,3,9,0,18,19,2,6,0,0,0,0,0,0,0,1,1,6,6,2,48,8,1969,12,1,VOLVO XC90,3,E01031956,0,-1
2023371293004,2023,371293004,1,9,0,13,13,1,5,0,0,0,0,0,7,0,1,1,1,1,1,26,6,1969,8,1,VOLVO XC90,5,E01030093,0,-1
2023991331622,2023,991331622,1,9,0,18,19,1,5,0,0,0,0,0,0,0,1,1,1,1,2,48,8,1969,2,4,VOLVO XC90,1,E01014328,0,-1
2023430117120,2023,430117120,1,9,0,9,9,6,4,0,0,5,1,0,1,11,1,1,1,1,1,32,6,1969,8,1,VOLVO XC90,10,E01017742,0,-1
2023010423909,2023,010423909,2,9,0,18,19,3,7,0,0,8,0,0,0,0,1,1,6,6,1,54,8,2401,2,19,VOLVO XC90,-1,-1,0,-1
2023122301027,2023,122301027,2,9,0,18,19,1,5,0,0,0,0,0,0,0,2,1,2,2,3,52,8,1969,12,1,VOLVO XC90,-1,-1,0,-1
2023421362892,2023,421362892,1,9,0,14,14,6,2,0,0,0,0,0,0,0,4,1,5,6,1,47,8,1969,2,6,VOLVO XC90,6,E01003705,0,-1
2023531268475,2023,531268475,1,9,0,18,19,3,7,0,0,0,1,0,0,0,1,1,1,1,1,38,7,1969,8,2,VOLVO XC90,5,E01022420,0,-1
2023010445763,2023,010445763,2,9,0,18,19,3,7,0,0,1,0,0,0,0,3,1,1,1,1,30,6,1969,8,1,VOLVO XC90,4,E01004142,0,-1
2023201420287,2023,201420287,2,9,0,9,9,4,2,0,0,5,0,0,0,0,3,1,1,1,1,49,8,1969,8,2,VOLVO XC90,7,E01009793,0,-1
2023440239523,2023,440239523,2,9,0,18,19,2,6,0,0,0,0,0,0,0,1,1,6,6,1,46,8,1969,8,3,VOLVO XC90,9,E01022594,0,-1
2023361312349,2023,361312349,2,9,0,10,10,4,4,0,0,1,0,0,0,0,2,1,2,2,1,60,9,1969,2,6,VOLVO XC90,5,E01026783,0,-1
2023070250715,2023,070250715,2,9,0,10,10,1,4,0,0,1,0,0,0,0,1,1,6,6,1,45,7,1969,8,2,VOLVO XC90,8,E01012389,0,-1
2023010436754,2023,010436754,2,9,0,99,99,9,9,99,99,9,9,99,9,99,1,9,6,6,3,-1,-1,2401,2,17,VOLVO XC90,9,E01020497,0,-1
2023421303114,2023,421303114,2,9,0,18,19,8,8,0,0,1,0,0,0,0,0,1,1,1,1,32,6,1969,8,1,VOLVO XC90,5,E01021720,0,-1
2023010480837,2023,010480837,2,9,0,99,99,9,9,99,99,0,9,99,9,99,9,9,6,6,3,-1,-1,1969,8,6,VOLVO XC90,-1,-1,0,-1
2023451296217,2023,451296217,1,9,0,18,19,1,5,0,0,8,0,0,0,0,3,1,5,6,2,49,8,1969,8,6,VOLVO XC90,10,E01030368,0,-1
2023131326693,2023,131326693,3,9,0,18,19,2,6,0,0,0,0,0,0,0,0,1,1,1,1,34,6,1969,8,1,VOLVO XC90,1,E01010730,0,-1
2023211360199,2023,211360199,2,9,0,7,7,8,2,0,0,1,0,0,0,0,0,1,1,1,1,52,8,1969,8,0,VOLVO XC90,8,E01029742,0,-1
2023031323688,2023,031323688,2,9,0,18,19,5,1,0,0,0,0,0,7,0,0,1,5,6,1,-1,-1,1969,8,0,VOLVO XC90,5,E01019220,0,-1
2023031355648,2023,031355648,2,9,0,18,19,3,7,0,0,0,0,0,0,0,0,1,1,1,1,34,6,1969,8,0,VOLVO XC90,8,E01019370,0,-1
2023531335945,2023,531335945,1,9,0,15,15,8,4,0,0,0,0,0,0,0,1,1,5,6,1,64,9,1969,12,2,VOLVO XC90,10,E01031256,0,-1
2023041274546,2023,041274546,1,9,0,18,19,1,5,0,0,0,0,0,8,11,3,1,1,1,1,35,6,1969,8,1,VOLVO XC90,6,E01025562,0,-1
2023501294876,2023,501294876,2,9,0,18,19,3,7,0,0,0,0,0,0,0,1,1,5,6,2,67,10,1969,8,1,VOLVO XC90,10,E01003747,0,-1
2023010472008,2023,010472008,2,9,0,18,19,3,7,0,0,0,0,0,0,0,3,1,6,6,1,67,10,1969,2,8,VOLVO XC90,-1,-1,0,-1
2023401363774,2023,401363774,1,9,0,17,19,5,3,0,0,8,0,0,3,7,1,1,5,6,2,68,10,1969,8,0,VOLVO XC90,6,E01023722,0,-1
2023340WN0892,2023,340WN0892,3,9,0,13,13,5,1,0,0,0,0,0,0,0,0,1,1,1,1,-1,-1,1969,8,1,VOLVO XC90,8,E01027162,0,-1
2023010475187,2023,010475187,1,9,0,18,19,7,3,0,0,1,0,0,0,0,1,1,6,6,1,36,7,1969,8,2,VOLVO XC90,4,E01002055,0,-1
2023461338146,2023,461338146,2,9,0,17,19,1,5,0,0,0,0,0,0,0,1,1,1,1,1,42,7,1969,8,1,VOLVO XC90,3,E01024717,0,-1
2023061382078,2023,061382078,3,9,0,18,19,4,8,0,0,0,1,7,0,0,1,1,1,1,1,54,8,1969,8,1,VOLVO XC90,-1,-1,0,-1
2023111370994,2023,111370994,4,9,0,3,3,5,1,6,6,0,0,0,0,0,0,1,1,1,1,50,8,1969,8,2,VOLVO XC90,9,E01011997,0,-1
2023471295784,2023,471295784,2,9,0,9,9,2,6,0,0,1,0,0,0,0,3,1,5,6,1,45,7,1969,1,4,VOLVO XC90,8,E01031655,0,-1
2023531364914,2023,531364914,3,9,0,18,19,5,1,0,0,0,0,0,0,0,4,1,6,6,1,83,11,1969,2,5,VOLVO XC90,10,E01028845,0,-1
2023522400024,2023,522400024,2,9,0,18,19,7,3,0,0,8,0,0,0,0,1,1,1,1,1,-1,-1,1969,12,3,VOLVO XC90,-1,-1,0,-1