collision_index,collision_year,collision_ref_no,vehicle_reference,vehicle_type,towing_and_articulation,vehicle_manoeuvre_historic,vehicle_manoeuvre,vehicle_direction_from,vehicle_direction_to,vehicle_location_restricted_lane_historic,vehicle_location_restricted_lane,junction_location,skidding_and_overturning,hit_object_in_carriageway,vehicle_leaving_carriageway,hit_object_off_carriageway,first_point_of_impact,vehicle_left_hand_drive,journey_purpose_of_driver_historic,journey_purpose_of_driver,sex_of_driver,age_of_driver,age_band_of_driver,engine_capacity_cc,propulsion_code,age_of_vehicle,generic_make_model,driver_imd_decile,lsoa_of_driver,escooter_flag,driver_distance_banding
2023010474720,2023,010474720,1,5,0,99,99,9,9,99,99,0,9,99,9,99,1,1,2,2,1,33,6,745,1,7,HONDA NC750,10,E01030417,0,-1
2023440491287,2023,440491287,1,9,0,4,4,6,2,0,0,0,0,0,1,3,2,1,6,6,2,83,11,2099,1,21,JAGUAR X TYPE,9,E01023275,0,-1
2023991300694,2023,991300694,1,9,0,18,19,7,3,0,0,2,0,0,0,0,1,1,2,2,1,60,9,1988,2,18,JAGUAR X TYPE,6,-1,0,-1
2023131307156,2023,131307156,2,9,0,7,7,1,5,0,0,1,0,0,0,0,-1,1,6,6,3,-1,-1,1988,2,16,JAGUAR X TYPE,7,E01019681,0,-1
2023461356975,2023,461356975,1,9,0,18,19,3,7,0,0,0,1,0,1,4,1,1,6,6,1,-1,-1,2099,1,21,JAGUAR X TYPE,-1,-1,0,-1
202360A194232,2023,60A194232,1,9,0,18,19,6,2,0,0,4,0,0,0,0,1,1,6,6,1,-1,-1,1998,2,14,JAGUAR X TYPE,-1,-1,0,-1
2023622300098,2023,622300098,1,9,0,18,19,3,7,0,0,0,0,0,0,0,1,1,6,6,1,75,10,1988,2,16,JAGUAR X TYPE,5,W01000662,0,-1
2023031341224,2023,031341224,2,9,0,2,2,0,0,0,0,8,0,0,0,0,2,1,6,6,2,61,9,2099,2,18,JAGUAR X TYPE,-1,-1,0,-1
2023221300501,2023,221300501,2,9,0,18,19,3,7,0,0,0,1,0,5,6,1,1,1,1,1,39,7,2198,2,18,JAGUAR X TYPE,2,E01014196,0,-1
2023320235671,2023,320235671,2,9,0,18,19,5,1,0,0,8,1,0,0,0,1,1,2,2,1,32,6,2099,2,17,JAGUAR X TYPE,9,E01026406,0,-1
2023351370133,2023,351370133,2,9,0,18,19,5,6,0,0,1,0,0,0,0,1,1,5,6,2,44,7,1988,2,16,JAGUAR X TYPE,4,E01018046,0,-1
2023451342992,2023,451342992,2,9,0,9,9,7,3,0,0,8,0,0,0,0,3,1,6,6,1,45,7,2198,2,15,JAGUAR X TYPE,5,E01017365,0,-1
2023010462866,2023,010462866,1,9,0,7,7,3,5,0,0,5,0,0,0,0,1,1,6,6,3,-1,-1,2198,2,14,JAGUAR X TYPE,-1,-1,0,-1
2023161377381,2023,161377381,1,9,0,18,19,4,8,0,0,3,0,0,0,0,4,1,6,6,1,42,7,1998,2,14,JAGUAR X TYPE,7,E01013020,0,-1
2023440453165,2023,440453165,2,9,0,9,9,2,8,0,0,6,0,0,0,0,1,1,6,6,3,-1,-1,2099,1,20,JAGUAR X TYPE,-1,-1,0,-1
2023421392030,2023,421392030,1,9,0,7,7,2,7,0,0,1,0,0,0,0,3,1,5,6,1,81,11,1988,2,18,JAGUAR X TYPE,3,E01021955,0,-1
2023991350382,2023,991350382,2,9,0,18,19,8,4,0,0,1,0,0,0,0,3,1,5,6,2,52,8,2198,2,15,JAGUAR X TYPE,10,-1,0,-1
2023471316296,2023,471316296,1,9,0,18,19,4,8,0,0,1,0,0,0,0,1,1,1,1,1,60,9,2198,2,15,JAGUAR X TYPE,3,E01031459,0,-1
2023440158938,2023,440158938,2,9,0,4,4,8,4,0,0,2,0,0,0,0,1,1,6,6,2,65,9,2099,1,21,JAGUAR X TYPE,9,E01022719,0,-1
2023161375701,2023,161375701,1,9,0,3,3,6,2,0,0,0,0,0,0,0,2,1,2,2,2,29,6,1998,2,14,JAGUAR X TYPE,9,E01012920,0,-1
2023520400861,2023,520400861,1,9,0,18,19,1,5,0,0,0,0,0,0,0,1,1,6,6,1,51,8,2496,1,19,JAGUAR X TYPE,8,E01029034,0,-1
2023201395659,2023,201395659,1,9,0,9,9,5,2,0,0,6,0,0,0,0,3,1,6,6,1,64,9,1988,2,15,JAGUAR X TYPE,9,E01009724,0,-1
2023010449158,2023,010449158,2,9,0,99,99,9,9,99,99,9,9,99,9,99,3,9,6,6,3,-1,-1,2099,1,21,JAGUAR X TYPE,-1,-1,0,-1
2023010432752,2023,010432752,2,9,0,99,99,9,9,99,99,9,9,99,9,99,2,9,6,6,3,-1,-1,2496,1,19,JAGUAR X TYPE,-1,-1,0,-1
2023471366593,2023,471366593,2,9,0,18,19,3,7,0,0,0,5,0,2,0,3,1,5,6,2,73,10,2495,1,17,JAGUAR X TYPE,7,E01031616,0,-1
2023461323850,2023,461323850,2,9,0,4,4,7,3,0,0,0,0,0,0,0,1,1,5,6,1,59,9,2967,1,17,JAGUAR X TYPE,3,E01001649,0,-1
2023320091760,2023,320091760,1,9,0,9,9,8,6,0,0,8,0,0,7,0,1,1,6,6,2,50,8,2198,2,14,JAGUAR X TYPE,4,E01026144,0,-1
2023461320623,2023,461320623,2,9,0,2,2,0,0,0,0,1,0,0,0,0,3,1,6,6,1,59,9,2967,1,19,JAGUAR X TYPE,8,E01024527,0,-1
2023351298523,2023,351298523,2,9,0,9,9,5,7,0,0,1,0,0,0,0,1,1,3,7,1,35,6,2198,2,17,JAGUAR X TYPE,3,E01018073,0,-1
2023340NN2572,2023,340NN2572,2,9,0,3,3,5,1,0,0,0,0,0,0,0,2,1,2,2,2,64,9,2099,2,17,JAGUAR X TYPE,5,E01027130,0,-1
2023041361035,2023,041361035,1,9,0,1,1,8,4,0,0,1,0,0,0,0,2,1,5,6,1,77,11,2099,1,21,JAGUAR X TYPE,8,E01025012,0,-1
2023440052982,2023,440052982,2,9,0,18,19,7,3,0,0,1,0,0,0,0,4,1,2,2,1,52,8,1988,2,18,JAGUAR X TYPE,3,E01017051,0,-1
2023221389807,2023,221389807,2,9,0,14,14,8,4,0,0,0,0,4,0,0,1,1,6,6,1,78,11,2198,2,15,JAGUAR X TYPE,5,E01028828,0,-1
2023552300944,2023,552300944,2,9,0,3,3,3,7,0,0,8,0,0,0,0,2,1,6,6,1,72,10,2099,1,18,JAGUAR X TYPE,3,E01015283,0,-1
2023351334100,2023,351334100,1,9,-1,-1,-1,-1,-1,-1,-1,0,-1,-1,-1,0,-1,1,5,6,1,26,6,2198,2,14,JAGUAR X TYPE,9,E01018172,0,-1
2023471374162,2023,471374162,2,9,0,18,19,1,5,0,0,8,0,0,0,0,2,1,2,2,2,39,7,1998,2,14,JAGUAR X TYPE,8,E01031613,0,-1
2023421269451,2023,421269451,1,9,0,16,19,2,6,0,0,0,1,0,7,0,1,1,6,6,1,61,9,2099,2,17,JAGUAR X TYPE,5,E01021901,0,-1
2023010433502,2023,010433502,1,9,0,99,99,9,9,99,99,9,9,99,9,99,9,9,6,6,1,56,9,2496,1,22,JAGUAR X TYPE,10,E01002466,0,-1
2023031302393,2023,031302393,2,9,0,18,19,5,1,0,0,0,0,0,0,0,3,1,5,6,1,41,7,2198,2,15,JAGUAR X TYPE,4,E01013353,0,-1
2023141267663,2023,141267663,2,9,0,18,19,5,8,0,0,0,1,0,1,7,1,1,2,2,1,30,6,1988,2,18,JAGUAR X TYPE,2,E01007593,0,-1
2023501366947,2023,501366947,3,9,0,18,19,1,5,0,0,0,0,0,0,0,2,1,6,6,1,57,9,1988,2,16,JAGUAR X TYPE,2,E01017188,0,-1
2023421311971,2023,421311971,1,9,0,6,6,1,8,0,0,0,0,0,0,0,4,1,2,2,2,71,10,2496,1,19,JAGUAR X TYPE,9,E01021561,0,-1
2023010486571,2023,010486571,2,9,0,18,19,7,3,0,0,0,1,7,2,10,1,1,6,6,3,-1,-1,2496,1,20,JAGUAR X TYPE,-1,-1,0,-1
2023320042388,2023,320042388,1,9,0,18,19,6,2,0,0,1,1,0,0,0,1,1,6,6,1,59,9,1998,2,15,JAGUAR X TYPE,7,E01026188,0,-1
2023211357027,2023,211357027,2,9,0,8,8,0,0,0,0,0,0,0,0,0,2,1,6,6,1,61,9,1988,2,19,JAGUAR X TYPE,1,E01014229,0,-1
2023041372144,2023,041372144,1,9,0,9,9,7,3,0,0,8,0,0,0,0,1,1,5,6,1,71,10,2099,1,18,JAGUAR X TYPE,5,E01025415,0,-1
2023522301067,2023,522301067,1,9,0,9,9,1,7,0,0,5,0,0,0,0,4,1,6,6,1,55,8,2198,2,15,JAGUAR X TYPE,4,E01014686,0,-1
2023351391379,2023,351391379,1,9,0,18,19,5,8,0,0,0,0,6,0,0,2,1,6,6,2,76,11,2496,1,17,JAGUAR X TYPE,9,E01018148,0,-1
2023361346181,2023,361346181,4,9,0,18,19,7,3,0,0,0,0,0,0,0,1,1,5,6,1,30,6,2198,2,15,JAGUAR X TYPE,8,E01026889,0,-1
2023461358487,2023,461358487,1,9,0,18,19,2,6,0,0,0,0,0,0,0,1,1,6,6,1,77,11,2198,2,14,JAGUAR X TYPE,4,E01024377,0,-1
2023201269825,2023,201269825,1,9,-1,9,9,-1,-1,0,0,8,0,0,0,0,4,1,6,6,1,60,9,2198,2,15,JAGUAR X TYPE,3,E01009237,0,-1
2023991305895,2023,991305895,2,9,0,18,19,3,7,0,0,1,0,0,0,0,4,1,5,6,2,59,9,1988,2,16,JAGUAR X TYPE,4,-1,0,-1
2023122300130,2023,122300130,1,9,0,18,19,2,6,0,0,0,0,0,0,0,1,1,6,6,1,60,9,2198,2,14,JAGUAR X TYPE,2,E01027825,0,-1
2023302301876,2023,302301876,2,9,0,3,3,6,2,0,0,1,0,0,0,0,3,1,6,6,2,59,9,2198,2,15,JAGUAR X TYPE,4,E01019526,0,-1
2023010474066,2023,010474066,2,9,0,1,1,7,3,0,0,1,0,0,0,0,2,1,6,6,3,-1,-1,2496,1,17,JAGUAR X TYPE,-1,-1,0,-1
2023161288649,2023,161288649,1,9,0,18,19,3,7,0,0,0,0,0,0,0,1,1,5,6,1,82,11,2198,2,14,JAGUAR X TYPE,8,E01013055,0,-1
2023131390306,2023,131390306,2,9,0,18,19,5,1,0,0,0,0,0,0,0,1,1,6,6,1,37,7,2198,2,15,JAGUAR X TYPE,4,E01010669,0,-1
2023411383390,2023,411383390,2,9,0,18,19,8,2,0,0,0,0,0,0,0,4,1,5,6,1,66,10,2967,7,21,JAGUAR X TYPE,7,E01018279,0,-1
2023201375879,2023,201375879,2,9,0,18,19,6,2,0,0,1,0,0,0,0,1,1,6,6,1,74,10,2495,1,22,JAGUAR X TYPE,4,E01009188,0,-1
2023101367993,2023,101367993,2,9,0,3,3,8,4,0,0,8,0,0,0,0,2,1,6,6,2,38,7,2198,2,14,JAGUAR X TYPE,3,E01008656,0,-1
2023421293698,2023,421293698,1,9,0,5,5,1,5,0,0,0,0,0,1,0,1,1,5,6,1,58,9,2198,2,14,JAGUAR X TYPE,5,E01022051,0,-1
2023031357463,2023,031357463,2,9,0,18,19,7,3,0,0,8,0,0,0,0,1,1,5,6,2,69,10,1998,2,14,JAGUAR X TYPE,-1,-1,0,-1
2023320470948,2023,320470948,1,9,0,9,9,8,6,0,0,8,0,0,0,0,1,1,6,6,1,31,6,1998,2,15,JAGUAR X TYPE,4,E01026060,0,-1
2023041372296,2023,041372296,1,9,0,4,4,5,1,0,0,1,0,0,0,0,1,2,5,6,1,77,11,2496,1,19,JAGUAR X TYPE,3,E01025087,0,-1
2023010421716,2023,010421716,2,9,0,2,2,0,0,0,0,1,0,0,0,0,0,1,6,6,3,-1,-1,1988,2,16,JAGUAR X TYPE,-1,-1,0,-1
2023501365115,2023,501365115,1,9,0,3,3,5,1,0,0,0,0,0,0,0,2,1,5,6,2,54,8,2198,2,14,JAGUAR X TYPE,5,E01015202,0,-1
2023041344778,2023,041344778,2,9,0,16,19,1,5,0,0,4,0,0,0,0,3,1,6,6,1,81,11,2198,2,15,JAGUAR X TYPE,7,E01025485,0,-1
2023101258638,2023,101258638,1,9,0,18,19,2,6,0,0,0,2,0,1,4,1,1,2,2,1,19,4,2496,1,16,JAGUAR X TYPE,5,E01027384,0,-1
2023461333011,2023,461333011,3,9,0,2,2,0,0,0,0,0,0,4,0,0,3,1,6,6,3,-1,-1,2496,1,16,JAGUAR X TYPE,-1,-1,0,-1
2023052301469,2023,052301469,2,9,0,18,19,2,6,0,0,1,0,0,0,0,2,1,6,6,1,50,8,2496,1,19,JAGUAR X TYPE,5,E01006268,0,-1
2023201370577,2023,201370577,1,9,0,18,19,4,3,0,0,3,0,0,0,0,0,1,6,6,3,-1,-1,2198,2,17,JAGUAR X TYPE,-1,-1,0,-1
2023320715299,2023,320715299,2,9,0,9,9,2,8,0,0,5,0,0,0,0,4,1,6,6,1,53,8,2198,2,17,JAGUAR X TYPE,8,E01026214,0,-1
2023471331949,2023,471331949,5,9,0,2,2,0,0,0,0,0,0,0,0,0,2,1,6,6,3,-1,-1,2198,2,16,JAGUAR X TYPE,-1,-1,0,-1
2023122301423,2023,122301423,2,9,0,9,9,3,1,0,0,8,0,0,0,0,1,1,6,6,1,68,10,2198,2,14,JAGUAR X TYPE,9,E01027596,0,-1
2023010458548,2023,010458548,2,9,0,12,12,5,1,0,0,0,0,0,0,0,3,1,6,6,1,36,7,2496,1,17,JAGUAR X TYPE,3,E01003405,0,-1
2023320198298,2023,320198298,2,9,0,17,19,2,8,0,0,1,0,0,0,0,1,1,6,6,1,38,7,2198,2,17,JAGUAR X TYPE,2,E01019498,0,-1
2023421274536,2023,421274536,3,9,0,4,4,5,1,0,0,0,0,0,0,0,2,1,6,6,1,46,8,1998,2,14,JAGUAR X TYPE,9,E01030175,0,-1
2023501288437,2023,501288437,1,9,0,18,19,5,1,0,0,1,0,0,0,0,1,1,6,6,3,-1,-1,2198,2,15,JAGUAR X TYPE,-1,-1,0,-1
2023461308029,2023,461308029,1,9,0,9,9,3,7,0,0,1,1,0,0,0,1,1,5,6,1,65,9,2198,2,14,JAGUAR X TYPE,8,E01032620,0,-1
2023010457508,2023,010457508,1,9,0,9,9,5,3,0,0,5,0,0,0,0,1,1,6,6,3,-1,-1,2496,1,17,JAGUAR X TYPE,-1,-1,0,-1
2023501329847,2023,501329847,1,9,0,6,6,1,4,0,0,2,0,0,0,0,2,1,5,6,1,77,11,2198,2,15,JAGUAR X TYPE,5,E01025625,0,-1
2023361322549,2023,361322549,2,5,0,13,13,4,6,0,0,0,2,0,0,0,1,1,5,6,1,61,9,738,1,20,KAWASAKI ZR,6,E01026707,0,-1
2023991402722,2023,991402722,1,5,0,18,19,7,3,0,0,1,1,0,0,0,1,1,6,6,1,45,7,1000,1,15,KAWASAKI ZR,2,-1,0,-1
2023371278540,2023,371278540,1,5,0,5,5,1,5,0,0,3,0,0,0,0,4,1,5,6,1,54,8,806,1,8,KAWASAKI ZR,1,E01033131,0,-1
2023010469872,2023,010469872,1,5,0,18,19,7,3,0,0,1,5,0,0,0,4,1,2,2,1,33,6,748,1,13,KAWASAKI ZR,3,E01003250,0,-1
2023010472005,2023,010472005,1,5,0,16,19,3,7,0,0,3,5,10,0,0,1,1,6,6,1,29,6,953,1,14,KAWASAKI ZR,-1,-1,0,-1
2023010478640,2023,010478640,1,5,0,18,19,1,5,0,0,0,2,0,0,0,1,1,6,6,1,32,6,748,1,10,KAWASAKI ZR,2,E01003580,0,-1
2023052301264,2023,052301264,1,5,0,17,19,5,1,0,0,0,0,0,0,0,0,1,6,6,1,59,9,748,1,17,KAWASAKI ZR,1,E01006952,0,-1
2023421294655,2023,421294655,1,5,0,18,19,7,3,0,0,0,0,0,8,0,1,1,6,6,1,30,6,948,1,2,KAWASAKI ZR,6,E01021263,0,-1
2023501325024,2023,501325024,1,5,0,4,4,8,5,0,0,0,2,0,0,0,1,1,5,6,1,34,6,953,1,20,KAWASAKI ZR,6,E01015252,0,-1
2023131361588,2023,131361588,2,5,0,18,19,3,7,0,0,4,5,0,0,0,4,1,6,6,1,63,9,1052,1,27,KAWASAKI ZR,2,E01033031,0,-1
2023471311425,2023,471311425,3,5,0,18,19,1,5,0,0,0,5,0,1,0,2,1,6,6,1,65,9,998,1,3,KAWASAKI ZR,9,E01031829,0,-1
2023141363625,2023,141363625,2,5,0,18,19,7,7,0,0,1,5,0,0,0,1,1,6,6,1,40,7,748,1,14,KAWASAKI ZR,2,E01007349,0,-1
2023631318105,2023,631318105,1,5,0,16,19,3,6,0,0,0,0,0,0,0,0,1,5,6,1,61,9,948,1,4,KAWASAKI ZR,10,W01001513,0,-1
2023622300995,2023,622300995,1,5,0,18,19,8,4,0,0,0,0,0,0,0,1,1,1,1,1,28,6,738,1,23,KAWASAKI ZR,5,W01000533,0,-1
2023302300466,2023,302300466,2,5,0,18,19,5,1,0,0,1,0,0,0,0,1,1,6,6,1,31,6,748,1,19,KAWASAKI ZR,2,E01019441,0,-1
2023421319971,2023,421319971,1,5,0,16,19,6,1,0,0,0,1,0,0,0,3,1,6,6,1,56,9,1000,1,16,KAWASAKI ZR,8,E01021332,0,-1
2023471290875,2023,471290875,1,5,0,18,19,5,1,2,2,1,2,0,0,0,4,1,6,6,1,72,10,948,1,2,KAWASAKI ZR,4,E01031809,0,-1
2023461315252,2023,461315252,2,5,0,3,3,2,6,0,0,0,0,0,0,0,1,1,6,6,1,25,5,948,1,4,KAWASAKI ZR,5,E01024304,0,-1
2023991423718,2023,991423718,1,5,0,18,19,4,8,0,0,1,0,0,0,0,1,1,5,6,1,50,8,948,1,6,KAWASAKI ZR,8,E01028431,0,-1
2023302301444,2023,302301444,2,5,0,3,3,2,6,0,0,0,0,0,0,0,1,1,6,6,2,62,9,948,1,4,KAWASAKI ZR,5,E01029795,0,-1
2023041334072,2023,041334072,1,5,0,18,19,7,3,0,0,1,0,0,0,0,1,1,5,6,1,65,9,948,1,2,KAWASAKI ZR,10,E01025438,0,-1
2023361362237,2023,361362237,1,5,0,18,19,7,8,0,0,0,2,12,0,0,1,1,5,6,1,34,6,806,1,10,KAWASAKI ZR,9,E01026509,0,-1
2023201391021,2023,201391021,1,5,0,17,19,4,1,0,0,2,0,0,0,0,4,1,6,6,1,55,8,948,1,5,KAWASAKI ZR,1,E01009307,0,-1
2023010431368,2023,010431368,2,5,0,18,19,3,7,0,0,0,0,0,0,0,4,1,6,6,1,36,7,806,1,8,KAWASAKI ZR,-1,-1,0,-1
2023332301237,2023,332301237,1,5,0,18,19,6,2,0,0,0,0,0,1,10,1,1,1,1,1,67,10,948,1,0,KAWASAKI ZR,8,E01025745,0,-1
2023461301575,2023,461301575,1,5,0,18,19,2,4,0,0,6,0,0,0,0,1,1,6,6,1,34,6,806,1,7,KAWASAKI ZR,5,E01016156,0,-1
2023451332964,2023,451332964,2,5,0,18,19,7,3,0,0,8,0,0,0,0,1,1,5,6,1,39,7,948,1,6,KAWASAKI ZR,9,E01030488,0,-1
2023061314582,2023,061314582,1,5,0,4,4,4,8,0,0,0,0,0,0,0,1,1,5,6,1,37,7,1043,1,7,KAWASAKI ZR,2,E01006030,0,-1
2023010484557,2023,010484557,1,5,0,15,15,3,7,0,0,1,0,0,0,0,3,1,6,6,1,42,7,948,1,2,KAWASAKI ZR,5,E01001291,0,-1
2023351350316,2023,351350316,1,5,0,18,19,7,3,0,0,4,2,0,0,0,1,1,6,6,1,38,7,748,1,19,KAWASAKI ZR,7,E01033427,0,-1
2023501354168,2023,501354168,1,5,0,18,19,6,2,2,2,1,0,0,0,0,3,1,6,6,1,26,6,748,1,18,KAWASAKI ZR,8,E01015068,0,-1
2023031317127,2023,031317127,1,5,0,18,19,6,2,0,0,0,0,0,0,0,1,1,5,6,1,62,9,1052,1,24,KAWASAKI ZR,9,-1,0,-1
2023522300546,2023,522300546,1,5,0,10,10,2,8,0,0,1,0,0,0,0,4,1,6,6,1,36,7,748,1,13,KAWASAKI ZR,5,E01014679,0,-1
2023170H10633,2023,170H10633,1,5,0,18,19,5,1,0,0,8,0,0,0,0,4,1,6,6,1,65,9,948,1,5,KAWASAKI ZR,1,E01011992,0,-1
2023361349286,2023,361349286,1,5,0,16,19,7,3,0,0,0,1,0,0,0,1,1,5,6,1,57,9,748,1,13,KAWASAKI ZR,1,E01026832,0,-1
2023631346037,2023,631346037,1,5,0,18,19,7,3,0,0,0,0,0,1,0,1,1,5,6,1,63,9,953,1,19,KAWASAKI ZR,1,W01001209,0,-1
2023991313888,2023,991313888,1,5,0,18,19,8,4,0,0,0,2,0,4,6,3,1,5,6,2,58,9,948,1,5,KAWASAKI ZR,2,-1,0,-1
2023991349177,2023,991349177,1,5,0,16,19,7,3,0,0,0,0,0,7,0,1,1,5,6,1,51,8,748,1,18,KAWASAKI ZR,3,-1,0,-1
2023041278484,2023,041278484,1,5,0,17,19,7,3,0,0,0,0,0,1,1,1,1,5,6,1,33,6,806,1,8,KAWASAKI ZR,6,E01025121,0,-1
2023010486540,2023,010486540,1,5,0,18,19,5,1,0,0,0,0,0,0,0,0,1,6,6,1,31,6,948,1,1,KAWASAKI ZR,2,E01000065,0,-1
2023440410048,2023,440410048,1,5,0,18,19,8,4,0,0,0,0,10,1,0,4,1,6,6,1,27,6,748,1,17,KAWASAKI ZR,6,E01017809,0,-1
2023991313551,2023,991313551,1,5,0,16,19,1,5,0,0,0,1,0,7,0,4,1,5,6,1,59,9,1164,1,19,KAWASAKI ZR,3,-1,0,-1
2023451283221,2023,451283221,1,5,0,18,19,3,7,0,0,0,5,0,0,0,1,1,5,6,1,27,6,806,1,6,KAWASAKI ZR,5,E01030743,0,-1
2023430252077,2023,430252077,1,5,0,16,19,6,1,0,0,0,0,0,1,9,4,1,6,6,1,28,6,806,1,9,KAWASAKI ZR,4,E01016453,0,-1
2023122301325,2023,122301325,2,5,0,18,19,5,1,0,0,1,1,0,0,0,1,1,6,6,1,32,6,748,1,15,KAWASAKI ZR,4,E01027866,0,-1
202360A081226,2023,60A081226,1,5,0,16,19,5,8,0,0,0,0,0,0,0,3,1,6,6,1,52,8,948,1,4,KAWASAKI ZR,-1,-1,0,-1
2023991308088,2023,991308088,1,5,0,17,19,8,4,0,0,0,1,0,1,2,1,1,2,2,1,27,6,953,1,15,KAWASAKI ZR,10,-1,0,-1
2023010437960,2023,010437960,2,5,0,18,19,7,3,0,0,8,0,0,0,0,1,1,2,2,1,33,6,748,1,15,KAWASAKI ZR,2,E01021311,0,-1
2023010435620,2023,010435620,1,5,0,18,19,3,7,0,0,1,5,0,0,0,4,1,2,2,1,37,7,806,1,9,KAWASAKI ZR,9,E01016107,0,-1
2023141342918,2023,141342918,1,5,0,18,19,3,7,0,0,0,0,0,5,0,1,1,5,6,1,63,9,948,1,3,KAWASAKI ZR,8,E01007713,0,-1
2023161356474,2023,161356474,1,5,0,4,4,8,5,0,0,1,0,0,0,0,4,1,5,6,1,53,8,953,1,13,KAWASAKI ZR,3,E01012963,0,-1
2023520300920,2023,520300920,2,5,0,18,19,3,7,0,0,8,0,0,0,0,1,1,6,6,1,35,6,948,1,2,KAWASAKI ZR,5,E01029102,0,-1
2023221359774,2023,221359774,1,4,0,18,19,7,3,0,0,8,0,0,0,0,1,1,6,6,1,65,9,948,1,5,-1,3,W01000480,0,-1
2023471308285,2023,471308285,1,5,0,18,19,3,7,0,0,0,0,12,0,0,1,1,1,1,1,56,9,1000,1,16,KAWASAKI ZR,10,E01021132,0,-1
2023991345638,2023,991345638,2,5,0,10,10,3,1,0,0,1,0,0,0,0,2,1,5,6,1,52,8,806,1,7,KAWASAKI ZR,-1,-1,0,-1
2023340WN2072,2023,340WN2072,1,5,0,17,19,1,5,0,0,0,5,10,0,4,1,1,6,6,1,56,9,738,1,32,KAWASAKI ZR,6,E01032970,0,-1
2023010459950,2023,010459950,1,5,0,18,19,7,3,2,2,1,0,0,1,0,4,1,2,2,1,36,7,806,1,8,KAWASAKI ZR,7,E01024173,0,-1
2023302301032,2023,302301032,2,5,0,16,19,8,3,0,0,1,0,0,0,0,1,1,6,6,1,59,9,1043,1,5,KAWASAKI ZR,8,E01028178,0,-1
2023411380455,2023,411380455,1,5,0,5,5,8,2,0,0,0,2,10,3,0,1,1,5,6,1,25,5,806,1,8,KAWASAKI ZR,6,E01022090,0,-1
2023201370155,2023,201370155,2,3,0,18,19,3,7,0,0,0,0,10,4,0,2,1,6,6,1,35,6,948,1,3,-1,8,E01010357,0,-1
2023991294997,2023,991294997,1,5,0,18,19,6,2,0,0,0,0,0,1,0,4,1,5,6,1,33,6,1052,1,25,KAWASAKI ZR,4,-1,0,-1
2023010453808,2023,010453808,1,5,0,18,19,1,5,0,0,0,0,0,0,0,1,1,2,2,1,33,6,806,1,10,KAWASAKI ZR,4,E01002101,0,-1
2023010432762,2023,010432762,2,5,0,99,99,9,9,99,99,9,9,99,9,99,9,1,6,6,3,-1,-1,948,1,5,KAWASAKI ZR,-1,-1,0,-1
2023010475561,2023,010475561,2,5,0,13,13,5,1,0,0,8,0,0,0,0,4,1,6,6,1,30,6,948,1,5,KAWASAKI ZR,4,E01001174,0,-1
2023061307260,2023,061307260,2,5,0,18,19,5,1,0,0,1,0,0,0,0,4,1,5,6,1,44,7,748,1,16,KAWASAKI ZR,2,E01005338,0,-1
2023070502257,2023,070502257,1,5,0,17,19,1,5,0,0,0,2,0,0,0,1,1,6,6,1,28,6,1043,1,8,KAWASAKI ZR,6,E01006818,0,-1
2023991304517,2023,991304517,2,5,0,3,3,5,1,0,0,1,0,0,0,0,1,1,6,6,1,63,9,948,1,5,KAWASAKI ZR,6,-1,0,-1
2023501307154,2023,501307154,3,5,0,18,19,4,5,0,0,0,0,0,0,0,1,1,6,6,1,52,8,953,1,15,KAWASAKI ZR,6,E01020168,0,-1
2023141357767,2023,141357767,2,5,0,18,19,7,3,0,0,0,0,0,0,0,1,1,2,2,1,49,8,948,1,2,KAWASAKI ZR,8,E01008131,0,-1
2023010440849,2023,010440849,2,5,0,18,19,5,1,2,2,4,0,0,0,0,3,1,6,6,1,40,7,1043,1,7,KAWASAKI ZR,1,E01002732,0,-1
2023010436126,2023,010436126,1,5,0,99,99,9,9,99,99,9,9,99,9,99,9,1,6,6,1,51,8,806,1,7,KAWASAKI ZR,10,E01002188,0,-1
2023411313610,2023,411313610,1,5,0,3,3,6,7,0,0,0,0,0,0,0,1,1,6,6,1,44,7,948,1,4,KAWASAKI ZR,2,E01001653,0,-1
2023101264203,2023,101264203,1,3,0,11,11,1,5,0,0,0,0,0,0,0,1,1,2,2,1,30,6,748,1,11,-1,2,E01008859,0,-1
2023371350758,2023,371350758,2,5,0,18,19,6,3,0,0,8,2,0,0,0,1,1,5,6,1,65,9,948,1,3,KAWASAKI ZR,8,E01021737,0,-1
2023631348173,2023,631348173,1,5,0,16,19,8,3,0,0,0,1,7,0,0,3,1,5,6,1,52,8,948,1,0,KAWASAKI ZR,3,W01000965,0,-1
2023501327541,2023,501327541,2,5,0,18,19,8,4,0,0,1,1,0,1,9,4,1,6,6,1,28,6,953,1,17,KAWASAKI ZR,4,E01018955,0,-1
2023991332015,2023,991332015,1,5,0,16,19,6,2,0,0,0,0,0,7,0,1,1,5,6,1,67,10,1043,1,8,KAWASAKI ZR,2,-1,0,-1
2023010483964,2023,010483964,1,5,0,99,99,9,9,99,99,9,9,99,9,99,1,1,6,6,1,36,7,748,1,18,KAWASAKI ZR,2,E01024311,0,-1
2023552301160,2023,552301160,2,5,0,18,19,2,6,0,0,8,0,0,0,0,1,1,6,6,1,42,7,1043,1,8,KAWASAKI ZR,3,E01015273,0,-1
2023041376195,2023,041376195,2,5,0,18,19,5,1,0,0,8,2,0,0,0,1,1,5,6,1,29,6,998,1,3,KAWASAKI ZR,4,E01025567,0,-1