collision_index,collision_year,collision_ref_no,vehicle_reference,vehicle_type,towing_and_articulation,vehicle_manoeuvre_historic,vehicle_manoeuvre,vehicle_direction_from,vehicle_direction_to,vehicle_location_restricted_lane_historic,vehicle_location_restricted_lane,junction_location,skidding_and_overturning,hit_object_in_carriageway,vehicle_leaving_carriageway,hit_object_off_carriageway,first_point_of_impact,vehicle_left_hand_drive,journey_purpose_of_driver_historic,journey_purpose_of_driver,sex_of_driver,age_of_driver,age_band_of_driver,engine_capacity_cc,propulsion_code,age_of_vehicle,generic_make_model,driver_imd_decile,lsoa_of_driver,escooter_flag,driver_distance_banding
2023451319849,2023,451319849,1,5,0,18,19,5,1,0,0,0,0,0,0,0,0,1,5,6,1,63,9,948,1,1,KAWASAKI ZR,5,E01030814,0,-1
2023010432361,2023,010432361,1,2,0,18,19,5,1,0,0,0,0,0,0,0,1,1,6,6,1,29,6,948,1,4,-1,2,E01001328,0,-1
2023201306187,2023,201306187,1,5,0,18,19,7,3,0,0,1,0,0,0,0,1,1,6,6,1,56,9,948,1,2,KAWASAKI ZR,5,E01009765,0,-1
2023991350678,2023,991350678,1,5,0,18,19,7,3,0,0,0,0,0,0,0,4,1,5,6,1,46,8,1043,1,10,KAWASAKI ZR,1,-1,0,-1
2023302300963,2023,302300963,1,5,0,17,19,4,8,0,0,0,0,0,0,0,3,1,6,6,1,26,6,748,1,11,KAWASAKI ZR,4,E01019649,0,-1
2023361304883,2023,361304883,1,5,0,18,19,3,7,0,0,0,0,0,0,0,1,1,6,6,1,38,7,750,1,18,KAWASAKI ZR,5,E01029953,0,-1
2023421381736,2023,421381736,1,5,0,18,19,7,3,0,0,0,0,0,0,0,4,1,5,6,1,24,5,948,1,2,KAWASAKI ZR,5,E01021494,0,-1
2023010439980,2023,010439980,1,5,0,99,99,9,9,99,99,9,9,99,9,99,1,1,6,6,1,54,8,738,1,19,KAWASAKI ZR,7,E01030864,0,-1
2023041304686,2023,041304686,1,5,0,18,19,3,7,0,0,0,1,0,0,0,0,1,5,6,1,29,6,1165,1,20,KAWASAKI ZR,6,E01007061,0,-1
2023991276706,2023,991276706,1,5,0,18,19,8,4,0,0,3,0,0,0,0,4,1,5,6,1,27,6,953,1,18,KAWASAKI ZR,3,-1,0,-1
2023141326743,2023,141326743,1,5,0,11,11,5,7,0,0,3,0,0,0,0,1,1,2,2,1,53,8,953,1,17,KAWASAKI ZR,1,E01007768,0,-1
2023401342682,2023,401342682,4,5,0,18,19,2,6,0,0,0,0,0,0,0,2,1,2,2,1,30,6,748,1,16,KAWASAKI ZR,6,E01017513,0,-1
2023471290905,2023,471290905,2,5,0,18,19,7,3,0,0,0,0,0,0,0,4,1,5,6,1,61,9,806,1,7,KAWASAKI ZR,-1,-1,0,-1
2023471349677,2023,471349677,2,5,0,13,13,8,4,0,0,0,0,0,0,0,1,1,5,6,1,53,8,948,1,2,KAWASAKI ZR,9,E01031704,0,-1
2023031338319,2023,031338319,1,5,0,-1,-1,-1,-1,-1,-1,0,-1,-1,-1,0,1,1,6,6,1,60,9,948,1,0,KAWASAKI ZR,6,E01019178,0,-1
2023351334333,2023,351334333,1,5,0,5,5,7,3,0,0,0,0,0,0,0,4,1,5,6,1,33,6,948,1,5,KAWASAKI ZR,5,E01017949,0,-1
2023461344514,2023,461344514,2,5,0,18,19,1,5,0,0,0,5,0,0,0,1,1,6,6,2,25,5,750,1,18,KAWASAKI ZR,3,E01024795,0,-1
2023332300224,2023,332300224,1,5,0,6,6,7,7,0,0,0,0,0,0,0,1,1,6,6,1,54,8,1000,1,16,KAWASAKI ZR,8,E01025959,0,-1
2023440506294,2023,440506294,1,3,0,14,14,6,2,0,0,8,0,0,0,0,1,1,2,2,1,31,6,125,1,0,LEXMOTO CL,3,E01022739,0,-1
2023010480805,2023,010480805,2,3,0,18,19,5,1,0,0,1,2,0,0,0,1,1,6,6,1,27,6,125,1,2,LEXMOTO CL,4,E01001995,0,-1
2023010466644,2023,010466644,1,3,0,18,19,1,5,0,0,0,1,0,0,0,0,1,6,6,1,22,5,125,1,2,LEXMOTO CL,3,E01002404,0,-1
2023311321877,2023,311321877,2,3,0,7,7,1,5,0,0,3,0,0,0,0,3,1,1,1,1,40,7,125,1,1,LEXMOTO CL,10,E01028292,0,-1
2023010441661,2023,010441661,1,3,0,99,99,9,9,99,99,9,9,99,9,99,9,1,6,6,1,33,6,125,1,2,LEXMOTO CL,3,E01003328,0,-1
2023010454981,2023,010454981,1,3,0,99,99,9,9,99,99,0,9,99,9,99,9,1,1,1,1,18,4,125,1,0,LEXMOTO CL,5,E01001664,0,-1
2023531278142,2023,531278142,1,3,0,18,19,7,3,0,0,8,0,0,0,0,2,1,6,6,1,28,6,125,1,2,LEXMOTO CL,4,E01022102,0,-1
2023010477363,2023,010477363,1,3,0,99,99,9,9,99,99,9,9,99,9,99,1,1,6,6,1,17,4,125,1,2,LEXMOTO CL,3,E01002627,0,-1
2023010427306,2023,010427306,1,3,0,9,9,4,3,0,0,4,1,0,0,0,0,1,6,6,2,59,9,125,1,1,LEXMOTO CL,3,E01001229,0,-1
2023010467639,2023,010467639,1,3,0,99,99,9,9,99,99,9,9,99,9,99,2,1,2,2,1,23,5,125,1,2,LEXMOTO CL,2,E01002392,0,-1
2023451281954,2023,451281954,2,3,0,17,19,5,3,0,0,8,0,0,0,0,1,1,5,6,1,17,4,124,1,1,LEXMOTO LXR,10,E01031002,0,-1
2023122300825,2023,122300825,1,3,0,4,4,7,3,0,0,0,1,0,0,0,2,1,6,6,1,31,6,124,1,0,LEXMOTO LXR,9,E01011935,0,-1
2023451390359,2023,451390359,2,3,0,18,19,3,7,1,1,0,2,0,0,0,1,1,5,6,1,19,4,125,1,4,LEXMOTO LXR,6,E01030674,0,-1
2023430032946,2023,430032946,1,4,0,5,5,8,4,0,0,1,0,0,0,0,4,1,2,2,1,22,5,125,1,4,LEXMOTO LXR,-1,-1,0,-1
2023311302306,2023,311302306,1,3,0,13,13,7,3,6,6,0,1,0,1,0,1,1,2,2,1,20,4,125,1,3,LEXMOTO LXR,4,E01028228,0,-1
2023010467077,2023,010467077,2,3,0,18,19,4,8,0,0,0,0,0,0,0,1,1,6,6,1,18,4,125,1,3,LEXMOTO LXR,2,E01002606,0,-1
2023430391641,2023,430391641,2,4,0,18,19,2,6,0,0,8,0,0,0,0,1,1,6,6,1,44,7,125,1,4,LEXMOTO LXR,-1,-1,0,-1
2023461330239,2023,461330239,1,3,0,17,19,7,3,0,0,6,1,0,1,0,1,1,5,6,1,18,4,125,1,4,LEXMOTO LXR,1,E01016063,0,-1
2023430218017,2023,430218017,2,3,0,18,19,1,5,0,0,8,1,0,0,0,1,1,6,6,1,34,6,124,1,1,LEXMOTO LXR,3,E01016465,0,-1
2023010444464,2023,010444464,2,3,0,18,19,3,7,0,0,1,0,0,0,0,1,1,6,6,1,17,4,125,1,3,LEXMOTO LXR,1,E01001655,0,-1
2023501377773,2023,501377773,1,3,0,18,19,3,1,0,0,0,1,0,0,0,1,1,2,2,1,39,7,124,1,2,LEXMOTO LXR,1,E01015155,0,-1
2023141303803,2023,141303803,1,3,0,18,19,4,1,0,0,0,0,0,0,0,1,1,6,6,1,28,6,124,1,1,LEXMOTO LXR,7,E01007700,0,-1
2023411375168,2023,411375168,2,3,0,11,11,1,5,0,0,8,0,0,0,0,0,1,5,6,1,26,6,125,1,3,LEXMOTO LXR,7,E01023935,0,-1
2023451294093,2023,451294093,2,3,0,16,19,8,4,0,0,0,2,0,0,0,1,1,2,2,1,21,5,125,1,3,LEXMOTO LXR,10,E01030873,0,-1
2023010467173,2023,010467173,2,3,0,18,19,3,7,0,0,0,0,0,0,0,4,1,6,6,1,23,5,125,1,4,LEXMOTO LXR,2,E01004260,0,-1
2023430561334,2023,430561334,1,3,0,17,19,8,5,0,0,0,1,0,1,0,1,1,6,6,1,32,6,125,1,4,LEXMOTO LXR,4,E01032942,0,-1
2023332300957,2023,332300957,1,4,0,18,19,1,5,0,0,0,0,10,0,0,1,1,6,6,1,37,7,125,1,3,LEXMOTO LXR,7,E01013686,0,-1
2023231352140,2023,231352140,1,3,0,17,19,4,1,0,0,0,1,10,0,0,1,1,1,1,1,19,4,124,1,2,LEXMOTO LXR,1,E01032890,0,-1
2023010425182,2023,010425182,1,3,0,4,4,1,5,0,0,0,0,0,0,0,1,1,2,2,1,44,7,125,1,3,LEXMOTO LXR,3,E01003209,0,-1
2023122301363,2023,122301363,1,4,0,16,19,1,5,0,0,4,1,0,0,0,3,1,2,2,1,45,7,125,1,5,LEXMOTO LXR,5,E01025206,0,-1
2023041368290,2023,041368290,2,3,0,18,19,3,7,0,0,1,0,0,0,0,1,1,5,6,1,31,6,124,1,0,LEXMOTO LXR,1,E01012673,0,-1
2023501324359,2023,501324359,1,4,0,18,19,3,7,0,0,8,0,0,0,0,1,1,6,6,1,20,4,124,1,2,LEXMOTO LXR,2,E01015081,0,-1
2023991278959,2023,991278959,2,3,0,18,19,3,7,0,0,2,5,0,0,0,1,1,5,6,1,26,6,125,1,3,LEXMOTO LXR,4,-1,0,-1
2023070264159,2023,070264159,1,3,0,17,19,6,3,0,0,0,0,0,0,0,4,1,6,6,2,18,4,125,1,4,LEXMOTO LXR,3,E01033273,0,-1
202354B946923,2023,54B946923,1,3,0,4,4,7,3,0,0,4,1,9,0,0,3,1,2,2,1,17,4,124,1,0,LEXMOTO LXR,7,E01032039,0,-1
2023122301200,2023,122301200,1,3,0,18,19,7,3,0,0,0,0,0,0,0,1,1,2,2,1,20,4,125,1,3,LEXMOTO LXR,4,E01013382,0,-1
2023461387850,2023,461387850,2,3,0,18,19,1,5,0,0,1,0,0,0,0,1,1,6,6,1,43,7,124,1,2,LEXMOTO LXR,7,E01024355,0,-1
2023471319680,2023,471319680,1,3,0,16,19,1,5,1,1,0,0,10,0,0,2,1,6,6,1,21,5,124,1,2,LEXMOTO LXR,3,E01021122,0,-1
2023501280524,2023,501280524,1,3,0,9,9,4,8,0,0,0,0,10,0,0,4,1,5,6,1,21,5,124,1,1,LEXMOTO LXR,3,E01020010,0,-1
2023141325518,2023,141325518,2,3,0,4,4,1,1,0,0,0,5,0,0,0,1,1,2,2,1,17,4,125,1,4,LEXMOTO LXR,3,E01008148,0,-1
2023311352578,2023,311352578,2,3,0,10,10,3,7,0,0,4,0,0,0,0,1,1,1,1,1,33,6,125,1,3,LEXMOTO LXR,-1,-1,0,-1
2023320336665,2023,320336665,2,3,0,18,19,8,4,0,0,1,1,0,0,0,1,1,6,6,1,21,5,124,1,1,LEXMOTO LXR,6,E01026040,0,-1
2023211325407,2023,211325407,1,3,0,16,19,8,4,0,0,0,5,10,5,6,1,1,5,6,1,35,6,125,1,3,LEXMOTO LXR,6,E01029764,0,-1
2023451366396,2023,451366396,1,3,0,4,4,7,3,0,0,0,0,0,0,0,4,1,2,2,1,28,6,124,1,1,LEXMOTO LXR,4,E01030615,0,-1
2023141259406,2023,141259406,1,3,0,18,19,8,4,0,0,0,0,0,0,0,3,1,2,2,1,22,5,125,1,3,LEXMOTO LXR,1,E01008124,0,-1
2023471280451,2023,471280451,1,3,0,18,19,5,1,0,0,0,5,0,0,0,3,1,5,6,1,25,5,124,1,1,LEXMOTO LXR,10,E01031511,0,-1
2023991322095,2023,991322095,1,3,0,18,19,7,3,0,0,2,0,0,0,0,1,1,6,6,1,23,5,125,1,3,LEXMOTO LXR,4,-1,0,-1
2023211263426,2023,211263426,2,3,0,18,19,7,3,0,0,1,0,0,0,0,1,1,2,2,1,48,8,125,1,4,LEXMOTO LXR,7,E01014297,0,-1
2023041369506,2023,041369506,1,3,0,18,19,5,1,0,0,0,1,0,0,0,4,1,5,6,1,29,6,125,1,2,LEXMOTO LXR,1,E01012721,0,-1
2023501372104,2023,501372104,1,3,0,14,14,5,1,0,0,0,1,0,0,0,1,1,6,6,1,20,4,125,1,3,LEXMOTO LXR,8,E01015223,0,-1
2023451380606,2023,451380606,2,3,0,18,19,1,5,0,0,1,0,0,0,0,1,1,2,2,1,19,4,125,1,3,LEXMOTO LXR,4,E01031657,0,-1
2023401322680,2023,401322680,2,3,0,9,9,-1,-1,0,0,8,2,0,0,0,1,1,5,6,1,26,6,124,1,0,LEXMOTO LXR,-1,-1,0,-1
2023471313507,2023,471313507,1,3,0,13,13,7,3,0,0,0,0,0,0,0,4,1,5,6,1,18,4,124,1,2,LEXMOTO LXR,4,E01031786,0,-1
2023471317223,2023,471317223,2,3,0,9,9,7,4,0,0,8,1,0,0,0,1,1,5,6,1,17,4,125,1,3,LEXMOTO LXR,3,E01016858,0,-1
2023122301150,2023,122301150,1,5,0,18,19,7,3,0,0,0,0,0,0,0,1,1,6,6,1,18,4,124,1,1,-1,6,E01013023,0,-1
2023311393514,2023,311393514,2,3,0,13,13,5,1,0,0,0,0,0,0,0,1,1,5,6,1,19,4,125,1,3,LEXMOTO LXR,-1,-1,0,-1
2023471376740,2023,471376740,2,3,0,18,19,6,2,0,0,8,1,0,0,0,4,1,5,6,1,18,4,124,1,0,LEXMOTO LXR,7,E01031534,0,-1
2023041357892,2023,041357892,2,3,0,18,19,1,5,0,0,0,1,0,0,0,1,1,5,6,2,21,5,125,1,3,LEXMOTO LXR,1,E01012704,0,-1
2023010428516,2023,010428516,1,3,0,3,3,1,5,0,0,2,0,0,0,0,1,1,4,7,1,20,4,125,1,3,LEXMOTO LXR,1,E01001958,0,-1
2023131348638,2023,131348638,1,3,0,18,19,3,7,0,0,8,5,0,0,0,3,1,2,2,1,21,5,125,1,4,LEXMOTO LXR,6,E01011460,0,-1
2023311290687,2023,311290687,1,3,0,18,19,2,1,0,0,3,0,0,0,0,3,1,2,2,1,21,5,125,1,3,LEXMOTO LXR,8,E01028235,0,-1
2023549653723,2023,549653723,1,3,0,17,19,2,6,0,0,1,0,0,1,9,1,1,6,6,1,18,4,124,1,0,LEXMOTO LXR,9,E01031998,0,-1
2023361342204,2023,361342204,1,4,0,18,19,5,5,0,0,1,0,0,0,0,1,1,5,6,1,29,6,125,1,3,LEXMOTO LXR,1,E01026625,0,-1
2023302301632,2023,302301632,2,4,0,18,19,2,6,0,0,2,1,0,0,0,1,1,6,6,1,51,8,124,1,1,LEXMOTO LXR,-1,-1,0,-1
2023320377375,2023,320377375,1,3,0,4,4,4,8,0,0,1,5,0,0,0,4,1,2,2,1,23,5,125,1,3,LEXMOTO LXR,4,E01026016,0,-1
2023471389904,2023,471389904,1,3,0,18,19,7,3,0,0,8,1,0,0,0,1,1,5,6,1,17,4,125,1,3,LEXMOTO LXR,3,E01016858,0,-1
2023522400586,2023,522400586,2,3,0,18,19,4,8,0,0,8,0,0,0,0,1,1,6,6,1,22,5,124,1,2,LEXMOTO LXR,7,E01014551,0,-1
2023311315705,2023,311315705,1,4,0,18,19,2,6,0,0,1,2,0,0,0,1,1,6,6,1,40,7,125,1,3,LEXMOTO LXR,7,E01033394,0,-1
2023401309903,2023,401309903,2,3,0,9,9,2,6,0,0,1,0,0,0,0,1,1,6,6,1,20,4,125,1,4,LEXMOTO LXR,3,E01015744,0,-1
2023430249790,2023,430249790,2,3,0,9,9,7,5,0,0,5,0,0,0,0,3,1,6,6,1,21,5,124,1,0,LEXMOTO LXR,10,E01028667,0,-1
2023010442379,2023,010442379,1,3,0,18,19,1,5,0,0,8,0,0,0,0,1,1,6,6,1,47,8,124,1,2,LEXMOTO LXR,3,E01004590,0,-1
2023501355115,2023,501355115,2,3,0,3,3,1,5,0,0,8,0,0,0,0,2,1,2,2,1,17,4,125,1,3,LEXMOTO LXR,4,E01020310,0,-1
2023201403232,2023,201403232,2,2,0,4,4,4,8,0,0,1,1,0,0,0,4,1,6,6,1,18,4,124,1,2,-1,2,E01010071,0,-1
2023531304739,2023,531304739,2,3,0,18,19,2,6,0,0,1,0,0,0,0,4,1,6,6,1,30,6,124,1,1,LEXMOTO LXR,1,E01032932,0,-1
2023010429086,2023,010429086,1,3,0,99,99,9,9,99,99,1,9,99,9,99,1,1,6,6,1,25,5,124,1,2,LEXMOTO LXR,3,E01001240,0,-1
2023440046596,2023,440046596,1,3,0,13,13,6,2,0,0,1,0,0,0,0,1,1,2,2,1,18,4,124,1,1,LEXMOTO LXR,7,E01017259,0,-1
2023052300310,2023,052300310,2,3,0,18,19,1,5,0,0,8,1,0,0,0,1,1,6,6,1,19,4,125,1,3,LEXMOTO LXR,1,E01006448,0,-1
2023201417851,2023,201417851,2,3,0,9,9,5,2,0,0,6,1,0,0,0,0,1,6,6,1,19,4,124,1,0,LEXMOTO LXR,1,E01010416,0,-1
2023361289651,2023,361289651,1,4,0,12,12,1,2,0,0,0,1,0,0,0,3,1,6,6,1,30,6,124,1,1,LEXMOTO LXR,1,E01026603,0,-1
2023302300699,2023,302300699,2,3,0,18,19,2,6,0,0,0,0,0,0,0,1,1,6,6,1,21,5,125,1,4,LEXMOTO LXR,5,E01013551,0,-1
2023461383757,2023,461383757,1,3,0,13,13,5,2,0,0,0,0,0,0,0,3,1,6,6,1,17,4,124,1,0,LEXMOTO LXR,3,E01023972,0,-1
2023440366414,2023,440366414,1,3,0,16,19,3,6,0,0,0,1,10,0,0,4,1,6,6,1,31,6,124,1,0,LEXMOTO LXR,3,E01003136,0,-1
2023501394515,2023,501394515,1,3,0,14,14,6,2,0,0,4,2,4,0,0,1,1,5,6,1,20,4,124,1,1,LEXMOTO LXR,-1,-1,0,-1
2023010452477,2023,010452477,2,3,0,18,19,5,1,0,0,8,0,0,0,0,4,1,6,6,1,24,5,125,1,4,LEXMOTO LXR,-1,-1,0,-1
2023501381745,2023,501381745,1,3,0,18,19,1,5,0,0,0,1,0,0,0,4,1,6,6,1,17,4,125,1,4,LEXMOTO LXR,4,E01015011,0,-1
2023430430716,2023,430430716,1,3,0,18,19,2,6,0,0,8,0,0,0,0,1,1,2,2,1,20,4,125,1,4,LEXMOTO LXR,3,E01028552,0,-1
2023010460578,2023,010460578,1,4,0,5,5,5,1,0,0,1,0,0,0,0,4,1,2,2,1,36,7,125,1,3,LEXMOTO LXR,1,E01003052,0,-1
2023052300236,2023,052300236,2,4,0,18,19,5,1,0,0,1,0,0,0,0,1,1,6,6,1,23,5,124,1,1,LEXMOTO LXR,4,E01025509,0,-1
2023131353110,2023,131353110,1,4,0,13,13,6,2,6,6,0,1,0,0,0,0,1,6,6,1,22,5,125,1,3,LEXMOTO LXR,8,E01011590,0,-1
2023501343810,2023,501343810,1,3,0,18,19,3,7,0,0,8,5,0,0,0,-1,1,6,6,1,32,6,125,1,4,LEXMOTO LXR,2,E01018977,0,-1
2023332300495,2023,332300495,1,3,0,16,19,8,5,0,0,0,1,0,0,0,1,1,2,2,1,17,4,125,1,3,LEXMOTO LXR,7,E01025825,0,-1
2023361299166,2023,361299166,2,4,0,10,10,5,3,0,0,8,0,0,0,0,2,1,5,6,1,21,5,125,1,3,LEXMOTO LXR,9,E01026587,0,-1
2023201291728,2023,201291728,1,3,0,18,19,4,8,0,0,0,0,0,0,0,2,1,1,1,1,37,7,125,1,3,LEXMOTO LXR,3,E01009633,0,-1
2023461379971,2023,461379971,1,3,0,4,4,3,7,0,0,1,0,0,0,0,0,1,6,6,2,18,4,125,1,4,LEXMOTO LXR,3,E01024241,0,-1
2023010454586,2023,010454586,1,3,0,14,14,7,3,0,0,1,0,0,0,0,4,1,2,2,1,25,5,124,1,1,LEXMOTO LXR,8,E01001044,0,-1
2023461345389,2023,461345389,1,4,0,10,10,1,3,0,0,2,5,0,0,0,0,1,6,6,1,20,4,125,1,3,LEXMOTO LXR,3,E01024795,0,-1
2023461379286,2023,461379286,1,3,0,18,19,3,4,0,0,1,0,0,0,0,1,1,6,6,1,36,7,125,1,4,LEXMOTO LXR,9,E01024175,0,-1
2023010484384,2023,010484384,1,3,9,99,99,9,9,99,99,9,9,99,9,99,9,1,6,6,3,17,4,125,1,3,LEXMOTO LXR,2,E01000429,0,-1
2023320598295,2023,320598295,1,3,0,4,4,1,5,0,0,0,2,0,0,0,1,1,6,6,1,27,6,124,1,0,LEXMOTO LXR,2,E01026006,0,-1
2023041322437,2023,041322437,2,3,0,9,9,8,6,0,0,8,0,0,0,0,3,1,5,6,1,20,4,125,1,4,LEXMOTO LXR,3,E01025356,0,-1
2023471386996,2023,471386996,1,3,0,18,19,7,3,0,0,0,0,0,0,0,1,1,5,6,1,22,5,125,1,5,LEXMOTO LXR,-1,-1,0,-1
2023531296019,2023,531296019,1,3,0,18,19,1,5,0,0,0,1,0,0,0,4,1,6,6,1,33,6,125,1,4,LEXMOTO LXR,3,E01022286,0,-1
2023361363613,2023,361363613,1,3,0,18,19,7,3,0,0,8,2,0,0,0,1,1,6,6,1,25,5,124,1,0,LEXMOTO LXR,7,E01026934,0,-1
2023351354441,2023,351354441,2,3,0,18,19,1,3,0,0,1,0,0,0,0,1,1,5,6,1,37,7,124,1,2,LEXMOTO LXR,-1,-1,0,-1
2023320220420,2023,320220420,1,3,0,16,19,4,8,0,0,0,1,0,7,1,1,1,2,2,1,27,6,125,1,3,LEXMOTO LXR,3,E01026117,0,-1
2023430049482,2023,430049482,2,3,0,18,19,4,8,0,0,8,0,0,0,0,1,1,6,6,1,23,5,125,1,3,LEXMOTO LXR,3,E01016501,0,-1
2023430259656,2023,430259656,1,3,0,13,13,3,7,0,0,0,0,0,0,0,1,1,6,6,1,46,8,124,1,2,LEXMOTO LXR,7,E01028640,0,-1
2023440068160,2023,440068160,1,3,0,18,19,6,2,0,0,0,1,0,0,0,0,1,6,6,1,25,5,124,1,2,LEXMOTO LXR,2,E01022965,0,-1
2023440405009,2023,440405009,2,3,0,18,19,3,7,0,0,8,0,0,0,0,1,1,6,6,1,36,7,125,1,3,LEXMOTO LXR,6,E01017176,0,-1
2023552400176,2023,552400176,1,3,0,18,19,6,8,0,0,0,0,0,1,4,1,1,6,6,1,24,5,125,1,2,LEXMOTO LXR,9,E01015388,0,-1
2023320152564,2023,320152564,1,3,0,5,5,6,2,0,0,0,1,0,1,0,3,1,6,6,1,17,4,125,1,3,LEXMOTO LXR,5,E01026361,0,-1
202360A109376,2023,60A109376,1,3,0,18,19,4,8,0,0,0,0,10,1,0,4,1,6,6,1,27,6,125,1,3,LEXMOTO LXR,-1,-1,0,-1
2023501367816,2023,501367816,1,3,0,18,19,1,5,0,0,1,0,0,0,0,1,1,5,6,1,18,4,125,1,4,LEXMOTO LXR,3,E01015060,0,-1
2023061283561,2023,061283561,1,3,0,18,19,1,5,0,0,1,0,0,0,0,1,1,6,6,1,20,4,124,1,1,LEXMOTO LXR,3,E01005761,0,-1
2023440470298,2023,440470298,1,3,0,4,4,5,1,0,0,0,1,0,0,0,4,1,4,7,1,17,4,124,1,2,LEXMOTO LXR,6,E01022907,0,-1
2023421378181,2023,421378181,2,3,0,13,13,1,5,0,0,0,0,0,0,0,4,1,6,6,1,21,5,124,1,0,LEXMOTO LXR,1,E01015916,0,-1
2023201338802,2023,201338802,2,4,0,18,19,4,8,0,0,8,0,0,0,0,1,1,2,2,1,19,4,125,1,3,LEXMOTO LXR,2,E01009505,0,-1
2023302400010,2023,302400010,1,3,0,4,4,8,4,0,0,0,1,0,0,0,1,1,6,6,1,44,7,125,1,3,LEXMOTO LXR,9,E01018513,0,-1
2023421339311,2023,421339311,2,3,0,5,5,1,5,2,2,3,0,0,0,0,1,1,6,6,1,24,5,124,1,1,LEXMOTO LXR,-1,-1,0,-1
2023501370875,2023,501370875,1,3,0,16,19,5,8,0,0,0,1,0,0,0,3,1,2,2,1,19,4,125,1,3,LEXMOTO LXR,9,E01019949,0,-1
2023451325389,2023,451325389,1,3,0,18,19,7,3,0,0,0,1,0,0,0,4,1,5,6,1,18,4,124,1,1,LEXMOTO LXR,10,E01030617,0,-1
2023010438602,2023,010438602,1,3,0,18,19,1,5,0,0,0,0,0,0,0,1,1,4,7,1,22,5,125,1,4,LEXMOTO LXR,-1,-1,0,-1
2023101339232,2023,101339232,1,3,0,18,19,5,1,0,0,0,0,0,0,0,1,1,6,6,1,54,8,124,1,1,LEXMOTO LXR,2,E01008491,0,-1
2023131357787,2023,131357787,2,3,0,18,19,1,1,0,0,8,0,0,0,0,1,1,5,6,1,17,4,124,1,2,LEXMOTO LXR,8,E01013073,0,-1
2023501352277,2023,501352277,1,3,0,13,13,3,6,0,0,2,0,0,0,0,1,1,6,6,1,22,5,125,1,3,LEXMOTO LXR,8,E01020270,0,-1
2023320710434,2023,320710434,1,3,0,4,4,6,2,0,0,1,0,0,0,0,1,1,2,2,1,18,4,124,1,1,LEXMOTO LXR,1,E01026308,0,-1
2023010454750,2023,010454750,1,3,0,99,99,9,9,99,99,9,9,99,9,99,9,1,2,2,2,20,4,124,1,1,LEXMOTO LXR,6,E01002617,0,-1
2023401356768,2023,401356768,2,3,0,13,13,3,7,0,0,0,0,11,0,0,4,1,5,6,1,42,7,124,1,1,LEXMOTO LXR,2,E01015726,0,-1
2023440188332,2023,440188332,1,3,0,9,9,7,5,0,0,6,0,0,0,0,3,1,6,6,1,24,5,125,1,5,LEXMOTO LXR,4,E01017235,0,-1
2023411284892,2023,411284892,1,4,0,18,19,7,3,0,0,8,1,11,0,0,1,1,6,6,1,22,5,124,1,1,LEXMOTO LXR,7,E01023517,0,-1
2023211289419,2023,211289419,1,3,0,18,19,7,4,0,0,0,0,0,0,0,3,1,5,6,1,20,4,124,1,1,LEXMOTO LXR,2,E01029564,0,-1
2023481363646,2023,481363646,2,3,0,18,19,1,6,0,0,8,0,0,0,0,1,1,2,2,1,26,6,125,1,4,LEXMOTO LXR,-1,-1,0,-1
2023461272851,2023,461272851,2,3,0,18,19,3,7,0,0,0,0,0,1,0,1,1,5,6,1,27,6,124,1,1,LEXMOTO LXR,6,E01024516,0,-1
2023161376342,2023,161376342,2,3,0,18,19,5,1,0,0,8,1,0,0,0,1,1,6,6,1,17,4,125,1,3,LEXMOTO LXR,1,E01012843,0,-1
2023430309773,2023,430309773,2,3,0,18,19,7,3,0,0,1,0,0,0,0,1,1,2,2,1,31,6,125,1,4,LEXMOTO LXR,10,E01028461,0,-1
2023010466314,2023,010466314,2,3,0,15,15,5,1,0,0,8,2,7,0,0,1,1,2,2,1,32,6,125,1,3,LEXMOTO LXR,2,E01003265,0,-1
2023991403033,2023,991403033,2,2,0,3,3,6,2,0,0,1,0,0,0,0,4,1,6,6,1,27,6,124,1,0,-1,9,-1,0,-1
2023351358804,2023,351358804,2,3,0,18,19,7,3,0,0,1,0,0,0,0,1,1,1,1,1,17,4,124,1,1,LEXMOTO LXR,8,E01018206,0,-1
2023501399401,2023,501399401,2,3,0,18,19,-1,-1,0,0,1,0,0,0,0,-1,1,1,1,1,17,4,125,1,3,LEXMOTO LXR,3,E01020282,0,-1
2023231371599,2023,231371599,1,3,0,9,9,6,4,0,0,8,0,0,0,0,4,1,2,2,1,23,5,124,1,2,LEXMOTO LXR,5,E01031163,0,-1
2023622300938,2023,622300938,2,3,0,14,14,8,4,0,0,1,0,0,0,0,1,1,6,6,1,27,6,124,1,1,LEXMOTO LXR,10,W01001780,0,-1
2023201285239,2023,201285239,2,3,0,17,19,1,5,0,0,1,0,0,0,0,1,1,6,6,1,36,7,124,1,1,LEXMOTO LXR,3,E01009636,0,-1
2023610010523,2023,610010523,2,3,0,18,19,3,7,0,0,8,0,0,0,0,1,1,2,2,1,38,7,124,1,1,LEXMOTO LXR,1,W01001662,0,-1
2023501358259,2023,501358259,1,3,0,18,19,5,2,0,0,0,1,0,0,0,1,1,6,6,1,24,5,125,1,2,LEXMOTO LXR,4,E01019972,0,-1
2023010432257,2023,010432257,1,3,0,18,19,3,7,0,0,0,5,0,0,0,4,1,6,6,1,22,5,124,1,1,LEXMOTO LXR,2,E01002345,0,-1
2023991341064,2023,991341064,1,3,0,17,19,6,3,0,0,2,2,10,0,0,4,1,5,6,1,21,5,125,1,3,LEXMOTO LXR,1,-1,0,-1