collision_index,collision_year,collision_ref_no,vehicle_reference,vehicle_type,towing_and_articulation,vehicle_manoeuvre_historic,vehicle_manoeuvre,vehicle_direction_from,vehicle_direction_to,vehicle_location_restricted_lane_historic,vehicle_location_restricted_lane,junction_location,skidding_and_overturning,hit_object_in_carriageway,vehicle_leaving_carriageway,hit_object_off_carriageway,first_point_of_impact,vehicle_left_hand_drive,journey_purpose_of_driver_historic,journey_purpose_of_driver,sex_of_driver,age_of_driver,age_band_of_driver,engine_capacity_cc,propulsion_code,age_of_vehicle,generic_make_model,driver_imd_decile,lsoa_of_driver,escooter_flag,driver_distance_banding
2023211377741,2023,211377741,1,3,0,18,19,1,5,0,0,0,0,0,0,0,3,1,6,6,1,18,4,125,1,3,LEXMOTO LXR,1,E01014237,0,-1
2023471340483,2023,471340483,1,3,0,18,19,4,3,0,0,1,1,0,0,0,1,1,6,6,3,-1,-1,125,1,4,LEXMOTO LXR,-1,-1,0,-1
2023041361751,2023,041361751,1,3,0,18,19,3,7,0,0,0,1,0,0,0,3,1,2,2,2,39,7,125,1,5,-1,6,E01025176,0,-1
2023371393865,2023,371393865,1,9,0,18,19,3,7,0,0,0,0,0,1,4,1,1,6,6,1,21,5,3456,1,1,-1,7,E01030096,0,-1
2023430355330,2023,430355330,1,9,0,18,19,6,2,0,0,8,2,0,7,0,1,1,6,6,1,44,7,3456,1,0,-1,10,E01016639,0,-1
2023631327157,2023,631327157,1,9,0,18,19,6,2,0,0,0,0,0,0,0,1,1,5,6,1,68,10,2998,2,30,-1,9,W01000549,0,-1
2023361392485,2023,361392485,1,9,0,1,1,7,3,9,9,0,0,4,2,0,2,2,5,6,2,72,10,2962,1,37,-1,5,E01026591,0,-1
2023211313896,2023,211313896,2,9,0,3,3,2,6,0,0,1,0,0,0,0,2,1,5,6,1,85,11,1905,2,26,PEUGEOT 306,7,E01031035,0,-1
2023201414278,2023,201414278,2,9,0,2,2,0,0,0,0,0,0,0,0,0,1,1,6,6,1,57,9,1905,2,24,PEUGEOT 306,1,E01009272,0,-1
2023471310773,2023,471310773,1,9,0,18,19,5,1,0,0,0,0,4,0,0,1,1,2,2,1,21,5,1997,2,22,PEUGEOT 306,9,E01031683,0,-1
2023041334576,2023,041334576,3,9,0,2,2,0,0,9,9,0,0,0,0,0,2,1,6,6,3,-1,-1,1360,1,24,PEUGEOT 306,-1,-1,0,-1
2023320199304,2023,320199304,1,9,0,18,19,4,8,0,0,0,5,4,0,0,1,1,6,6,2,22,5,1997,2,23,PEUGEOT 306,6,E01026404,0,-1
2023440287416,2023,440287416,1,9,0,9,9,3,1,0,0,8,0,0,0,0,1,1,6,6,1,75,10,1360,1,22,PEUGEOT 306,10,E01023038,0,-1
2023041319818,2023,041319818,1,9,0,18,19,5,1,0,0,8,0,0,0,0,1,1,5,6,2,57,9,1868,2,23,PEUGEOT 306,8,E01025519,0,-1
2023141283209,2023,141283209,1,9,0,18,19,7,3,0,0,0,1,0,2,2,4,1,2,2,1,23,5,1998,1,23,PEUGEOT 306,10,E01007935,0,-1
2023010430133,2023,010430133,1,9,0,3,3,4,8,0,0,8,0,0,0,0,1,1,6,6,1,69,10,1997,2,22,PEUGEOT 306,5,E01002950,0,-1
2023552300323,2023,552300323,1,9,0,9,9,3,1,0,0,5,1,0,0,0,1,1,6,6,1,64,9,1587,1,24,PEUGEOT 306,4,E01015276,0,-1
2023041322398,2023,041322398,2,9,0,18,19,3,7,0,0,0,0,0,0,0,2,1,2,2,1,55,8,1868,2,22,PEUGEOT 306,7,E01027571,0,-1
2023501354607,2023,501354607,1,9,0,18,19,7,3,0,0,0,0,0,0,0,1,1,6,6,1,42,7,1587,1,22,PEUGEOT 306,4,E01020310,0,-1
2023211259371,2023,211259371,2,9,0,18,19,6,2,0,0,4,0,0,0,0,4,1,5,6,1,76,11,1905,2,28,PEUGEOT 306,8,E01029370,0,-1
2023371329850,2023,371329850,1,9,0,17,19,8,6,0,0,0,1,0,0,0,1,1,5,6,1,18,4,1360,1,22,PEUGEOT 306,9,E01026931,0,-1
2023552301460,2023,552301460,1,9,0,7,7,3,6,0,0,8,0,0,0,0,1,1,6,6,1,22,5,1360,1,23,PEUGEOT 306,9,E01020435,0,-1
2023522301522,2023,522301522,1,9,0,9,9,7,5,0,0,8,0,0,0,0,1,1,6,6,1,47,8,1598,1,11,PEUGEOT RCZ,3,E01014942,0,-1
2023421387510,2023,421387510,1,9,0,5,5,8,4,0,0,4,0,0,0,0,3,1,2,2,1,44,7,1598,1,12,PEUGEOT RCZ,2,E01021846,0,-1
2023522400463,2023,522400463,1,9,0,2,2,0,0,0,0,0,0,0,0,0,1,1,2,2,2,52,8,1598,1,12,PEUGEOT RCZ,7,E01014884,0,-1
2023122301051,2023,122301051,1,9,0,9,9,4,2,0,0,8,0,0,0,0,1,1,6,6,1,42,7,1598,1,11,PEUGEOT RCZ,2,E01027749,0,-1
2023332300866,2023,332300866,2,9,0,18,19,5,1,0,0,0,1,0,0,0,1,1,6,6,1,-1,-1,1598,1,10,PEUGEOT RCZ,-1,-1,0,-1
2023440207114,2023,440207114,1,9,0,7,7,2,4,0,0,6,0,0,0,0,1,1,6,6,1,71,10,1598,1,12,PEUGEOT RCZ,4,E01022810,0,-1
2023101286615,2023,101286615,2,9,0,3,3,3,7,0,0,4,0,0,0,0,2,1,5,6,2,37,7,1598,1,10,PEUGEOT RCZ,10,E01008321,0,-1
2023010469114,2023,010469114,1,9,0,18,19,5,1,0,0,2,0,0,1,0,1,1,6,6,1,39,7,1598,1,12,PEUGEOT RCZ,2,E01021816,0,-1
2023302301986,2023,302301986,2,9,0,7,7,5,8,0,0,8,0,0,0,0,3,1,6,6,3,-1,-1,1598,1,12,PEUGEOT RCZ,-1,-1,0,-1
2023501387477,2023,501387477,2,9,0,18,19,4,8,0,0,6,0,0,1,1,3,1,6,6,1,41,7,1997,2,13,PEUGEOT RCZ,-1,-1,0,-1
2023430480787,2023,430480787,2,9,0,2,2,0,0,0,0,0,0,0,0,0,3,1,6,6,1,-1,-1,1598,1,12,PEUGEOT RCZ,-1,-1,0,-1
2023461289605,2023,461289605,3,9,0,18,19,4,1,0,0,0,0,0,0,0,4,1,2,2,2,53,8,1598,1,13,PEUGEOT RCZ,4,E01024620,0,-1
2023471363848,2023,471363848,2,9,0,2,2,0,0,0,0,2,0,0,0,0,2,1,6,6,3,-1,-1,1598,1,9,PEUGEOT RCZ,-1,-1,0,-1
2023131304998,2023,131304998,3,9,0,18,19,7,3,0,0,0,0,0,0,0,3,1,6,6,2,48,8,1598,1,10,PEUGEOT RCZ,4,E01010601,0,-1
2023010421798,2023,010421798,1,9,0,7,7,2,4,0,0,1,0,0,0,0,4,1,1,1,2,37,7,1598,1,12,PEUGEOT RCZ,3,E01002370,0,-1
2023111388791,2023,111388791,1,9,0,9,9,3,1,0,0,6,0,0,0,0,3,1,6,6,2,57,9,1997,2,10,PEUGEOT RCZ,2,E01020805,0,-1
2023052302437,2023,052302437,1,9,0,18,19,3,7,0,0,0,0,4,0,0,1,1,6,6,1,91,11,1598,1,13,PEUGEOT RCZ,7,E01007256,0,-1
2023340NN0512,2023,340NN0512,2,9,0,18,19,6,2,0,0,8,0,0,0,0,1,1,1,1,2,30,6,1598,1,9,PEUGEOT RCZ,2,E01027342,0,-1
2023471380964,2023,471380964,2,9,0,2,2,0,0,0,0,1,0,0,0,0,2,1,6,6,3,-1,-1,1598,1,11,PEUGEOT RCZ,-1,-1,0,-1
2023070807061,2023,070807061,1,9,0,17,19,8,4,0,0,8,0,0,0,0,1,1,6,6,1,-1,-1,1598,1,12,PEUGEOT RCZ,1,E01012441,0,-1
2023211332934,2023,211332934,2,9,0,4,4,4,8,0,0,0,0,0,0,0,2,1,1,1,1,66,10,1997,2,12,PEUGEOT RCZ,3,E01029355,0,-1
2023131287754,2023,131287754,1,9,0,5,5,5,5,1,1,6,0,0,0,0,3,1,1,1,1,25,5,1997,2,11,PEUGEOT RCZ,1,E01010868,0,-1
2023161276313,2023,161276313,2,9,0,18,19,3,7,0,0,0,0,0,0,0,1,2,5,6,1,39,7,1997,2,13,PEUGEOT RCZ,1,E01007634,0,-1
2023010459017,2023,010459017,1,9,0,18,19,3,7,0,0,2,0,0,0,0,1,1,6,6,1,36,7,1598,1,8,PEUGEOT RCZ,-1,-1,0,-1
2023531278817,2023,531278817,2,9,0,7,7,7,3,0,0,6,0,0,0,0,3,1,5,6,2,54,8,1598,1,9,PEUGEOT RCZ,9,E01022282,0,-1
2023340NN3662,2023,340NN3662,1,9,0,18,19,6,2,0,0,4,0,0,1,0,2,1,2,2,1,50,8,1997,2,10,PEUGEOT RCZ,1,E01027131,0,-1
2023411380992,2023,411380992,1,9,0,3,3,4,8,0,0,0,0,0,0,0,1,1,6,6,1,60,9,3600,1,20,PORSCHE 911,2,E01001748,0,-1
2023131309603,2023,131309603,1,9,0,5,5,3,5,0,0,2,0,0,0,0,3,1,2,2,1,47,8,3800,1,9,PORSCHE 911,8,E01010972,0,-1
2023411325737,2023,411325737,1,9,0,3,3,-1,-1,0,0,1,0,0,0,0,4,1,6,6,2,78,11,3436,1,10,PORSCHE 911,8,E01030763,0,-1
2023552300877,2023,552300877,1,9,0,18,19,2,6,0,0,0,0,0,0,0,4,1,6,6,1,42,7,3436,1,11,PORSCHE 911,10,E01015459,0,-1
2023411322000,2023,411322000,1,9,0,18,19,1,5,0,0,0,0,0,0,0,1,1,5,6,1,50,8,2981,1,2,PORSCHE 911,6,E01002844,0,-1
2023991315577,2023,991315577,3,9,0,18,19,6,2,0,0,0,0,0,0,0,2,1,5,6,1,51,8,2981,1,2,PORSCHE 911,9,-1,0,-1
2023991309592,2023,991309592,2,9,0,18,19,1,5,0,0,0,0,0,0,0,1,1,5,6,1,56,9,3600,6,29,PORSCHE 911,-1,-1,0,-1
2023471368391,2023,471368391,1,9,0,18,19,1,5,0,0,0,0,0,0,0,1,1,5,6,2,72,10,3824,1,17,PORSCHE 911,9,E01021168,0,-1
2023471350954,2023,471350954,1,9,0,13,13,8,6,0,0,0,0,0,0,0,3,1,5,6,1,45,7,3600,1,15,PORSCHE 911,2,E01031808,0,-1
2023311363072,2023,311363072,1,9,0,18,19,4,8,0,0,0,1,0,1,0,4,1,6,6,1,60,9,3996,1,5,PORSCHE 911,10,E01011706,0,-1
2023010452817,2023,010452817,2,9,0,99,99,9,9,99,99,9,9,99,9,99,1,9,6,6,2,48,8,3436,1,9,PORSCHE 911,7,E01000732,0,-1
2023451298628,2023,451298628,3,9,0,16,19,1,5,0,0,0,0,0,0,0,1,1,2,2,1,60,9,3400,6,25,PORSCHE 911,10,E01030448,0,-1
2023991312995,2023,991312995,2,9,0,4,4,1,5,0,0,0,0,0,0,0,2,1,5,6,1,49,8,2981,1,0,PORSCHE 911,2,-1,0,-1
2023991302351,2023,991302351,1,9,0,18,19,8,4,0,0,0,2,0,1,0,1,1,5,6,1,47,8,2981,1,4,PORSCHE 911,7,-1,0,-1
2023201378499,2023,201378499,1,9,0,18,19,4,8,0,0,0,0,0,0,0,1,1,6,6,1,-1,-1,3600,1,21,PORSCHE 911,-1,-1,0,-1
2023122301321,2023,122301321,1,9,0,13,13,3,7,0,0,0,0,0,0,0,1,1,6,6,1,53,8,3800,1,8,PORSCHE 911,5,E01025479,0,-1
2023531330001,2023,531330001,1,9,0,18,19,5,1,0,0,0,1,10,8,4,1,1,5,6,1,51,8,3800,1,11,PORSCHE 911,5,E01022421,0,-1
2023131278127,2023,131278127,1,9,0,9,9,1,3,0,0,8,0,0,0,0,1,1,5,6,1,44,7,3996,1,7,PORSCHE 911,4,E01011644,0,-1
2023221307709,2023,221307709,1,9,0,18,19,1,4,0,0,4,0,0,0,0,1,1,6,6,1,47,8,2981,1,1,PORSCHE 911,5,E01000903,0,-1
2023461349380,2023,461349380,4,9,0,2,2,0,0,0,0,0,0,0,0,0,1,1,6,6,3,-1,-1,3387,1,22,PORSCHE 911,-1,-1,0,-1
2023991263420,2023,991263420,1,9,0,18,19,7,3,0,0,1,0,0,0,0,3,1,5,6,1,46,8,3600,1,20,PORSCHE 911,4,-1,0,-1
2023631363095,2023,631363095,2,9,0,8,8,5,7,0,0,4,0,0,0,0,1,1,5,6,1,72,10,3500,1,20,PORSCHE 911,8,W01000555,0,-1
2023531353320,2023,531353320,3,9,0,3,3,5,1,0,0,1,0,0,0,0,2,1,6,6,2,53,8,3800,1,12,PORSCHE 911,10,E01022354,0,-1
2023010441192,2023,010441192,1,9,0,18,19,5,1,0,0,1,0,0,0,0,0,1,6,6,1,36,7,2981,1,1,PORSCHE 911,7,E01024187,0,-1
2023010426116,2023,010426116,1,9,0,99,99,9,9,0,0,9,9,99,9,99,9,9,6,6,1,52,8,2981,1,7,PORSCHE 911,4,E01000242,0,-1
2023010478772,2023,010478772,1,9,0,9,9,3,1,0,0,6,0,0,0,0,2,1,6,6,1,43,7,2981,1,1,PORSCHE 911,9,E01004598,0,-1
2023991368547,2023,991368547,2,9,0,18,19,1,5,0,0,0,0,0,0,0,1,1,5,6,1,45,7,3745,1,0,PORSCHE 911,7,-1,0,-1
2023451351421,2023,451351421,1,9,0,18,19,4,1,0,0,2,0,0,0,0,1,1,6,6,1,51,8,2981,1,0,PORSCHE 911,8,E01030622,0,-1
2023010468470,2023,010468470,2,9,0,99,99,9,9,99,99,9,9,99,9,99,1,9,6,6,3,63,9,2981,1,7,PORSCHE 911,9,E01003847,0,-1
2023041306741,2023,041306741,2,9,0,18,19,1,5,0,0,1,0,0,7,11,4,1,5,6,1,58,9,3745,1,1,PORSCHE 911,6,E01025107,0,-1
2023451358075,2023,451358075,1,9,0,18,19,1,5,0,0,0,0,0,0,0,4,1,2,2,1,41,7,3600,6,27,PORSCHE 911,9,E01030679,0,-1
2023471375415,2023,471375415,1,9,0,18,19,1,5,0,0,0,1,0,4,0,4,1,2,2,1,39,7,3839,1,18,PORSCHE 911,9,E01031816,0,-1
2023991287294,2023,991287294,1,9,0,4,4,8,2,0,0,6,0,0,0,0,1,1,5,6,1,76,11,2981,1,5,PORSCHE 911,7,-1,0,-1
2023041367104,2023,041367104,1,9,0,18,19,7,3,0,0,1,0,0,0,0,1,1,5,6,2,55,8,2981,1,7,PORSCHE 911,10,E01025019,0,-1
2023211306208,2023,211306208,1,9,0,18,19,3,7,0,0,0,0,11,1,0,1,1,6,6,1,47,8,2981,1,4,PORSCHE 911,10,E01029776,0,-1
2023471360729,2023,471360729,2,9,0,4,4,1,5,0,0,0,0,0,0,0,2,1,5,6,1,53,8,2981,1,2,PORSCHE 911,9,E01021168,0,-1
2023430079577,2023,430079577,2,9,0,4,4,8,2,0,0,8,0,0,0,0,2,1,6,6,1,45,7,2981,1,4,PORSCHE 911,-1,-1,0,-1
2023010459935,2023,010459935,7,9,0,2,2,0,0,0,0,1,0,0,0,0,0,1,6,6,3,-1,-1,3800,1,11,PORSCHE 911,-1,-1,0,-1
2023311334155,2023,311334155,1,9,0,5,5,1,5,0,0,1,0,0,0,0,1,1,6,6,1,26,6,3800,1,14,PORSCHE 911,8,E01028204,0,-1
2023320553974,2023,320553974,1,9,0,16,19,6,8,0,0,2,1,0,7,9,3,1,6,6,1,66,10,2981,1,1,PORSCHE 911,-1,-1,0,-1
2023552400007,2023,552400007,1,9,0,18,19,7,3,4,4,1,0,0,0,0,1,1,6,6,2,33,6,2981,1,4,PORSCHE 911,-1,-1,0,-1
2023170L10923,2023,170L10923,3,9,0,3,3,6,2,0,0,0,0,0,0,0,3,1,6,6,2,52,8,1998,2,8,-1,1,E01012100,0,-1
2023010444872,2023,010444872,1,9,0,18,19,7,3,0,0,1,0,0,0,0,0,1,6,6,1,40,7,2157,2,6,-1,2,E01004535,0,-1
2023552300254,2023,552300254,2,9,0,5,5,8,4,0,0,0,0,0,0,0,1,1,6,6,1,67,10,2157,2,2,-1,8,E01015320,0,-1
2023401368465,2023,401368465,2,9,-1,-1,-1,-1,-1,-1,-1,0,-1,-1,-1,0,-1,1,5,6,1,57,9,1998,2,9,-1,7,E01026202,0,-1
2023461293645,2023,461293645,1,9,0,18,19,3,7,0,0,0,0,0,0,0,1,1,6,6,2,48,8,2696,2,19,-1,7,E01024518,0,-1
2023451265625,2023,451265625,3,9,0,18,19,5,1,0,0,0,0,0,0,0,2,1,6,6,1,64,9,2696,2,14,-1,1,E01021988,0,-1
2023351352496,2023,351352496,2,9,0,4,4,5,1,0,0,1,0,0,0,0,2,1,6,6,2,46,8,1197,1,1,SSANGYONG TIVOLI,3,E01018160,0,-1
2023631391202,2023,631391202,1,9,0,18,19,3,7,0,0,0,1,0,0,0,1,1,6,6,2,64,9,1597,2,7,SSANGYONG TIVOLI,3,W01001378,0,-1
2023501298377,2023,501298377,1,9,0,5,5,1,5,0,0,4,0,0,0,0,1,1,6,6,2,36,7,1597,1,5,SSANGYONG TIVOLI,6,E01020207,0,-1
2023161350743,2023,161350743,1,9,0,7,7,7,1,0,0,1,0,0,0,0,4,1,5,6,1,46,8,1497,1,2,SSANGYONG TIVOLI,3,E01012757,0,-1
2023041332259,2023,041332259,1,9,0,9,9,8,6,0,0,8,0,0,0,0,3,1,5,6,1,21,5,1597,2,7,SSANGYONG TIVOLI,1,E01025295,0,-1
2023131390626,2023,131390626,1,9,0,2,2,4,8,0,0,1,5,4,0,0,1,1,1,1,2,31,6,1597,1,5,SSANGYONG TIVOLI,2,E01011618,0,-1
2023010430413,2023,010430413,1,9,0,18,19,3,7,0,0,1,0,0,0,0,3,2,6,6,1,57,9,1597,1,7,SSANGYONG TIVOLI,4,E01002050,0,-1
2023010458167,2023,010458167,2,9,0,99,99,9,9,99,99,9,9,99,9,99,3,9,6,6,3,-1,-1,1597,1,7,SSANGYONG TIVOLI,-1,-1,0,-1
2023010484636,2023,010484636,1,9,0,9,9,1,7,0,0,1,0,0,0,0,4,1,6,6,2,51,8,1597,1,6,SSANGYONG TIVOLI,2,E01001112,0,-1
2023161360073,2023,161360073,2,9,0,3,3,6,2,0,0,1,0,0,0,0,2,1,6,6,1,56,9,1597,1,8,SSANGYONG TIVOLI,6,E01013006,0,-1
2023421322502,2023,421322502,2,8,0,18,19,1,5,0,0,2,0,0,0,0,1,1,1,1,1,50,8,1597,2,6,-1,4,E01015873,0,-1
2023340WN1832,2023,340WN1832,3,9,0,4,4,5,1,0,0,0,0,0,0,0,2,1,6,6,2,23,5,1597,1,5,SSANGYONG TIVOLI,6,E01027979,0,-1
2023541894123,2023,541894123,1,9,0,18,19,1,5,0,0,0,0,4,0,0,1,1,6,6,2,62,9,1497,1,2,SSANGYONG TIVOLI,2,E01032118,0,-1
2023201412591,2023,201412591,1,9,0,9,9,1,7,0,0,6,0,0,0,0,1,1,6,6,2,37,7,1597,1,8,SSANGYONG TIVOLI,4,E01008947,0,-1
2023531327396,2023,531327396,1,9,0,7,7,4,8,0,0,1,0,0,0,0,1,1,6,6,2,30,6,1597,1,8,SSANGYONG TIVOLI,9,E01014871,0,-1
2023531279563,2023,531279563,1,9,0,9,9,5,7,0,0,0,0,0,0,0,4,1,5,6,1,80,11,1497,1,2,SSANGYONG TIVOLI,6,E01022442,0,-1
2023631366702,2023,631366702,1,9,0,18,19,3,7,0,0,0,2,0,1,11,1,1,2,2,1,29,6,1597,1,7,SSANGYONG TIVOLI,7,W01000735,0,-1
2023010428788,2023,010428788,1,9,0,9,9,1,7,0,0,1,0,0,0,0,3,1,1,1,1,42,7,1597,2,5,SSANGYONG TIVOLI,6,E01002565,0,-1
2023451363098,2023,451363098,2,9,0,9,9,3,1,0,0,6,0,0,0,0,3,1,6,6,3,40,7,1197,1,1,SSANGYONG TIVOLI,-1,-1,0,-1
2023522301698,2023,522301698,3,9,0,3,3,8,4,0,0,1,0,0,0,0,1,1,6,6,2,52,8,1597,1,7,SSANGYONG TIVOLI,1,E01014581,0,-1
2023010469028,2023,010469028,2,9,0,99,99,9,9,99,99,6,9,99,9,99,9,9,6,6,3,-1,-1,1597,1,4,SSANGYONG TIVOLI,-1,-1,0,-1
2023010454067,2023,010454067,2,9,0,4,4,7,3,0,0,4,0,0,0,0,2,1,6,6,2,52,8,1597,1,8,SSANGYONG TIVOLI,2,E01004008,0,-1
2023010481223,2023,010481223,1,5,0,15,15,3,7,0,0,0,1,0,0,0,4,1,6,6,1,58,9,1037,1,1,-1,5,E01000142,0,-1
2023010445512,2023,010445512,1,5,0,99,99,9,9,99,99,9,9,99,9,99,1,1,6,6,1,42,7,1037,1,2,-1,6,E01015942,0,-1
2023361355901,2023,361355901,2,5,0,18,19,1,5,0,0,8,0,0,0,0,4,1,6,6,1,52,8,1037,1,0,-1,4,E01026638,0,-1
202360A119732,2023,60A119732,2,5,0,16,19,6,1,0,0,1,0,0,0,0,1,1,6,6,1,44,7,1037,1,2,-1,-1,-1,0,-1
2023991330763,2023,991330763,2,5,0,5,5,8,5,0,0,8,0,0,0,0,1,1,6,6,1,55,8,1037,1,1,-1,7,-1,0,-1
2023451385279,2023,451385279,1,9,0,9,9,7,3,0,0,2,0,0,0,0,1,1,5,6,1,53,8,4164,2,24,TOYOTA LANDCRUISER,8,E01030528,0,-1
2023031358266,2023,031358266,1,9,0,4,4,4,7,0,0,0,0,0,0,0,1,1,5,6,1,36,7,2755,2,1,TOYOTA LANDCRUISER,9,E01019249,0,-1
2023531374979,2023,531374979,1,9,0,18,19,5,1,0,0,0,2,0,1,9,1,1,5,6,1,84,11,2982,2,25,TOYOTA LANDCRUISER,7,E01022449,0,-1
2023010419818,2023,010419818,1,9,0,18,19,5,1,0,0,1,0,0,0,0,1,1,2,2,1,44,7,2982,2,20,TOYOTA LANDCRUISER,4,E01002233,0,-1
2023010475019,2023,010475019,2,9,0,3,3,3,7,0,0,3,0,0,0,0,1,1,6,6,3,-1,-1,2982,2,19,TOYOTA LANDCRUISER,-1,-1,0,-1
2023201278406,2023,201278406,1,9,0,18,19,3,7,0,0,0,0,0,0,0,1,1,6,6,1,52,8,2982,2,19,TOYOTA LANDCRUISER,3,E01009790,0,-1
2023041352297,2023,041352297,1,9,0,17,19,4,8,0,0,0,0,6,1,2,1,1,6,6,1,18,4,2982,2,25,TOYOTA LANDCRUISER,5,E01024989,0,-1
2023471287589,2023,471287589,1,9,0,4,4,8,4,0,0,0,0,0,0,0,1,1,2,2,1,23,5,2982,2,25,TOYOTA LANDCRUISER,8,E01021147,0,-1
2023010451989,2023,010451989,1,9,9,10,10,3,1,99,99,6,9,99,9,99,1,9,6,6,1,80,11,4164,2,32,TOYOTA LANDCRUISER,5,E01000664,0,-1
2023141314042,2023,141314042,1,9,4,18,19,7,3,0,0,0,0,0,0,0,0,1,5,6,2,29,6,2982,2,10,TOYOTA LANDCRUISER,3,E01007702,0,-1
2023430197568,2023,430197568,1,9,0,18,19,3,7,0,0,4,0,0,0,0,1,1,6,6,1,39,7,4164,2,21,TOYOTA LANDCRUISER,10,E01016253,0,-1
2023122300267,2023,122300267,2,9,0,17,19,5,1,0,0,0,1,0,0,0,1,1,6,6,2,57,9,2755,2,0,TOYOTA LANDCRUISER,4,E01027835,0,-1
2023201343756,2023,201343756,1,9,0,9,9,-1,-1,0,0,3,0,0,0,0,1,1,1,1,1,46,8,2982,2,19,TOYOTA LANDCRUISER,1,E01009325,0,-1
2023070049632,2023,070049632,2,9,0,18,19,7,3,0,0,1,5,0,1,0,3,1,6,6,1,48,8,2982,2,22,TOYOTA LANDCRUISER,9,E01018723,0,-1
2023122300633,2023,122300633,3,9,0,3,3,2,6,0,0,1,0,0,0,0,0,1,6,6,1,55,8,2755,2,1,TOYOTA LANDCRUISER,7,E01027743,0,-1
2023991389399,2023,991389399,3,9,0,18,19,7,2,0,0,0,0,0,0,0,3,1,6,6,1,48,8,4477,1,26,TOYOTA LANDCRUISER,-1,-1,0,-1
2023061324266,2023,061324266,1,9,0,1,1,3,7,0,0,1,0,0,0,0,2,1,6,6,1,18,4,2982,2,16,TOYOTA LANDCRUISER,-1,-1,0,-1
2023501364034,2023,501364034,2,9,0,18,19,4,8,0,0,0,0,0,0,0,3,1,2,2,1,54,8,2982,2,15,TOYOTA LANDCRUISER,4,E01018846,0,-1
2023010436975,2023,010436975,2,9,0,2,2,0,0,9,9,2,0,0,0,0,1,1,6,6,3,-1,-1,4663,7,23,TOYOTA LANDCRUISER,-1,-1,0,-1
2023430513567,2023,430513567,2,9,0,17,19,5,2,0,0,0,0,0,0,0,1,1,6,6,2,69,10,2982,2,23,TOYOTA LANDCRUISER,7,E01028515,0,-1
2023520401040,2023,520401040,1,9,0,9,9,1,8,0,0,8,0,0,1,10,1,1,6,6,1,79,11,4461,2,12,TOYOTA LANDCRUISER,7,E01029267,0,-1
2023320671334,2023,320671334,1,9,0,16,19,8,4,0,0,8,0,0,0,0,3,1,6,6,1,-1,-1,2982,2,20,TOYOTA LANDCRUISER,-1,-1,0,-1
2023231338061,2023,231338061,1,9,4,16,19,8,3,0,0,0,0,0,0,0,3,1,6,6,1,22,5,2982,2,19,TOYOTA LANDCRUISER,9,E01025816,0,-1
2023061321373,2023,061321373,1,9,0,18,19,1,5,0,0,8,0,0,3,11,1,1,6,6,1,24,5,2982,2,21,TOYOTA LANDCRUISER,2,E01005633,0,-1
2023010458261,2023,010458261,2,9,0,99,99,9,9,99,99,9,9,99,9,99,9,9,6,6,3,42,7,2982,2,17,TOYOTA LANDCRUISER,4,E01001187,0,-1
2023471354875,2023,471354875,1,9,0,18,19,8,4,0,0,0,0,0,0,0,1,1,5,6,1,33,6,4164,2,20,TOYOTA LANDCRUISER,2,E01031361,0,-1
2023520400406,2023,520400406,1,9,0,18,19,4,7,0,0,0,0,0,0,0,4,1,6,6,1,56,9,2755,2,8,TOYOTA LANDCRUISER,6,E01029061,0,-1
2023041258714,2023,041258714,1,9,0,18,19,6,2,0,0,0,0,0,0,0,1,1,5,6,1,72,10,2982,2,20,TOYOTA LANDCRUISER,9,E01012660,0,-1
2023991303697,2023,991303697,5,9,0,2,2,0,0,0,0,0,0,0,0,0,3,1,6,6,3,-1,-1,2982,2,21,TOYOTA LANDCRUISER,-1,-1,0,-1
2023552300716,2023,552300716,1,9,0,18,19,4,8,0,0,0,0,0,0,0,1,1,6,6,1,78,11,2982,2,15,TOYOTA LANDCRUISER,-1,-1,0,-1
2023440092574,2023,440092574,2,9,0,18,19,1,5,0,0,0,0,0,0,0,3,1,6,6,1,57,9,2755,2,1,TOYOTA LANDCRUISER,9,E01022689,0,-1
202360A043605,2023,60A043605,2,9,0,18,19,4,8,0,0,0,1,0,1,0,3,1,6,6,1,65,9,3000,2,26,TOYOTA LANDCRUISER,-1,-1,0,-1
2023141302869,2023,141302869,2,9,0,18,19,3,7,0,0,1,0,0,0,0,1,1,6,6,1,70,10,4164,2,21,TOYOTA LANDCRUISER,5,E01007996,0,-1
2023451347039,2023,451347039,2,9,0,18,19,5,1,0,0,0,0,0,0,0,2,1,2,2,1,53,8,2982,2,13,TOYOTA LANDCRUISER,9,E01017842,0,-1
2023010477509,2023,010477509,3,9,0,2,2,0,0,0,0,1,0,0,0,0,4,1,6,6,3,-1,-1,2982,2,20,TOYOTA LANDCRUISER,-1,-1,0,-1
2023471281170,2023,471281170,2,9,0,16,19,7,3,0,0,0,0,0,0,0,3,1,5,6,1,32,6,2982,2,15,TOYOTA LANDCRUISER,7,E01021146,0,-1
2023302301128,2023,302301128,1,9,0,14,14,3,7,0,0,0,0,0,0,0,1,1,6,6,1,63,9,4164,2,26,TOYOTA LANDCRUISER,10,E01017651,0,-1
2023010436253,2023,010436253,2,9,0,99,99,9,9,99,99,9,9,99,9,99,1,9,6,6,3,38,7,1199,1,4,VAUXHALL CROSSLAND,1,E01003188,0,-1