collision_index,collision_year,collision_ref_no,vehicle_reference,vehicle_type,towing_and_articulation,vehicle_manoeuvre_historic,vehicle_manoeuvre,vehicle_direction_from,vehicle_direction_to,vehicle_location_restricted_lane_historic,vehicle_location_restricted_lane,junction_location,skidding_and_overturning,hit_object_in_carriageway,vehicle_leaving_carriageway,hit_object_off_carriageway,first_point_of_impact,vehicle_left_hand_drive,journey_purpose_of_driver_historic,journey_purpose_of_driver,sex_of_driver,age_of_driver,age_band_of_driver,engine_capacity_cc,propulsion_code,age_of_vehicle,generic_make_model,driver_imd_decile,lsoa_of_driver,escooter_flag,driver_distance_banding
2023411340688,2023,411340688,2,9,0,18,19,4,8,0,0,1,0,0,0,0,1,1,6,6,2,59,9,1199,1,1,VAUXHALL CROSSLAND,4,E01021812,0,-1
2023302300481,2023,302300481,2,9,0,6,6,1,1,0,0,2,1,0,0,0,4,1,6,6,2,56,9,1199,1,1,VAUXHALL CROSSLAND,3,E01013517,0,-1
2023141314602,2023,141314602,1,9,0,18,19,1,5,0,0,1,0,0,0,0,1,1,2,2,2,64,9,1560,2,5,VAUXHALL CROSSLAND,4,E01007557,0,-1
2023052300046,2023,052300046,2,9,0,18,19,3,7,0,0,1,0,0,0,0,1,1,6,6,1,69,10,1199,1,5,VAUXHALL CROSSLAND,1,E01006865,0,-1
2023430396761,2023,430396761,2,9,0,18,19,8,4,0,0,0,0,0,0,0,1,1,6,6,2,60,9,1199,1,2,VAUXHALL CROSSLAND,6,E01028676,0,-1
2023061340509,2023,061340509,2,9,0,4,4,6,4,0,0,1,0,0,0,0,4,1,5,6,2,34,6,1199,1,3,VAUXHALL CROSSLAND,4,E01005712,0,-1
2023440450543,2023,440450543,3,9,0,2,2,0,0,0,0,0,0,0,0,0,1,1,6,6,3,-1,-1,1199,1,2,VAUXHALL CROSSLAND,-1,-1,0,-1
2023320254421,2023,320254421,1,9,0,18,19,4,8,0,0,0,0,0,0,0,1,1,6,6,1,61,9,1199,1,3,VAUXHALL CROSSLAND,9,E01026234,0,-1
2023471382960,2023,471382960,1,9,-1,18,19,8,4,0,0,0,0,0,0,0,1,1,6,6,1,-1,-1,1199,1,0,VAUXHALL CROSSLAND,-1,-1,0,-1
2023101341907,2023,101341907,2,9,0,18,19,3,7,0,0,8,0,0,0,0,1,1,6,6,2,57,9,1199,1,3,VAUXHALL CROSSLAND,-1,-1,0,-1
2023440074293,2023,440074293,2,9,0,18,19,7,3,0,0,8,0,0,0,0,4,1,6,6,1,22,5,1199,1,4,VAUXHALL CROSSLAND,6,E01023056,0,-1
2023131280261,2023,131280261,1,9,0,18,19,1,5,0,0,1,0,0,0,0,4,1,5,6,1,49,8,1499,2,3,VAUXHALL CROSSLAND,3,E01010974,0,-1
2023302300618,2023,302300618,2,9,0,12,12,4,8,0,0,2,0,0,0,0,3,1,6,6,2,54,8,1199,1,1,VAUXHALL CROSSLAND,5,E01031050,0,-1
2023440420970,2023,440420970,2,9,0,18,19,6,2,0,0,1,0,0,0,0,1,1,6,6,2,-1,-1,1199,1,3,VAUXHALL CROSSLAND,10,E01022519,0,-1
2023201384255,2023,201384255,1,9,0,5,5,4,8,0,0,0,0,0,0,0,1,1,6,6,2,43,7,1199,1,5,VAUXHALL CROSSLAND,3,E01009763,0,-1
2023101342594,2023,101342594,1,9,0,18,19,7,3,0,0,0,0,0,0,0,1,1,6,6,2,65,9,1199,1,5,VAUXHALL CROSSLAND,8,E01008538,0,-1
2023211385472,2023,211385472,2,9,0,18,19,5,5,0,0,0,0,0,0,0,1,2,6,6,1,37,7,1199,1,1,VAUXHALL CROSSLAND,-1,-1,0,-1
2023361297046,2023,361297046,2,9,0,18,19,6,2,0,0,1,0,0,1,0,1,1,5,6,2,21,5,1199,1,2,VAUXHALL CROSSLAND,-1,-1,0,-1
2023201377382,2023,201377382,1,9,0,18,19,8,4,0,0,0,0,0,0,0,4,1,5,6,1,64,9,1199,1,2,VAUXHALL CROSSLAND,4,E01009223,0,-1
2023201417836,2023,201417836,1,9,0,18,19,6,2,0,0,4,0,0,0,0,1,1,6,6,3,-1,-1,1199,1,2,VAUXHALL CROSSLAND,-1,-1,0,-1
2023320015580,2023,320015580,2,9,0,4,4,4,8,0,0,0,0,0,0,0,2,1,2,2,2,26,6,1499,2,1,VAUXHALL CROSSLAND,-1,-1,0,-1
2023351369061,2023,351369061,4,9,0,18,19,3,7,0,0,1,0,0,0,0,1,1,6,6,1,25,5,1199,1,2,VAUXHALL CROSSLAND,-1,-1,0,-1
2023471285365,2023,471285365,2,9,0,9,9,1,7,0,0,6,0,0,0,0,4,1,5,6,2,38,7,1199,1,2,VAUXHALL CROSSLAND,5,E01031571,0,-1
2023302301471,2023,302301471,2,9,0,4,4,2,6,0,0,1,0,0,0,0,2,1,6,6,2,61,9,1199,1,2,VAUXHALL CROSSLAND,5,E01033413,0,-1
2023430357119,2023,430357119,1,9,0,8,8,5,6,0,0,1,0,0,0,0,2,1,6,6,2,33,6,1560,2,6,VAUXHALL CROSSLAND,2,E01016368,0,-1
2023231285206,2023,231285206,2,9,0,18,19,1,5,0,0,0,0,0,0,0,2,1,1,1,1,34,6,1199,1,3,VAUXHALL CROSSLAND,5,E01007608,0,-1
2023231380318,2023,231380318,2,9,0,17,19,2,8,0,0,8,0,0,0,0,1,1,5,6,2,55,8,1499,2,4,VAUXHALL CROSSLAND,1,E01031090,0,-1
2023041367124,2023,041367124,1,9,0,13,13,5,1,0,0,1,5,0,0,0,1,1,5,6,1,22,5,1199,1,4,VAUXHALL CROSSLAND,4,E01024894,0,-1
2023161260569,2023,161260569,1,9,0,4,4,7,3,0,0,1,0,0,0,0,1,1,5,6,2,56,9,1199,1,2,VAUXHALL CROSSLAND,-1,-1,0,-1
2023471276233,2023,471276233,1,9,0,9,9,7,5,0,0,8,0,0,0,0,4,1,5,6,2,33,6,1229,1,6,VAUXHALL CROSSLAND,9,E01031711,0,-1
2023461277368,2023,461277368,1,9,0,18,19,3,7,0,0,0,0,0,0,0,4,1,6,6,1,84,11,1199,1,3,VAUXHALL CROSSLAND,10,E01024329,0,-1
2023010440916,2023,010440916,1,9,0,18,19,1,5,0,0,1,0,0,0,0,1,1,3,7,2,32,6,1199,1,4,VAUXHALL CROSSLAND,6,E01004077,0,-1
2023131353753,2023,131353753,1,9,0,5,5,6,2,0,0,0,0,0,0,0,4,1,5,6,1,79,11,1199,1,1,VAUXHALL CROSSLAND,6,E01006198,0,-1
2023340WN4072,2023,340WN4072,1,9,0,16,19,4,8,0,0,3,0,0,0,0,1,1,6,6,2,32,6,1199,1,3,VAUXHALL CROSSLAND,-1,-1,0,-1
2023041275198,2023,041275198,2,9,0,2,2,6,5,0,0,1,0,0,0,0,2,1,5,6,1,46,8,1199,1,4,VAUXHALL CROSSLAND,-1,-1,0,-1
2023141343513,2023,141343513,1,9,0,17,19,1,5,0,0,0,0,0,3,11,2,1,5,6,1,59,9,1199,1,2,VAUXHALL CROSSLAND,1,E01008090,0,-1
2023361319700,2023,361319700,1,9,0,18,19,5,1,0,0,0,0,0,0,0,1,1,5,6,1,76,11,1199,1,2,VAUXHALL CROSSLAND,5,E01026501,0,-1
2023070321148,2023,070321148,2,9,0,3,3,7,3,0,0,0,0,0,0,0,2,1,6,6,2,49,8,1199,1,3,VAUXHALL CROSSLAND,2,E01018551,0,-1
2023340WN1662,2023,340WN1662,2,9,0,3,3,2,6,0,0,0,0,0,0,0,2,1,6,6,2,56,9,1199,1,6,VAUXHALL CROSSLAND,-1,-1,0,-1
2023101391914,2023,101391914,2,9,0,18,19,7,3,0,0,8,0,0,0,0,4,1,5,6,2,81,11,1499,2,2,VAUXHALL CROSSLAND,-1,-1,0,-1
2023411364197,2023,411364197,1,9,0,5,5,1,5,0,0,1,0,0,0,0,1,1,5,6,1,52,8,1199,1,1,VAUXHALL CROSSLAND,6,E01023390,0,-1
2023552300673,2023,552300673,3,9,0,18,19,3,7,0,0,8,0,0,0,0,1,1,6,6,2,49,8,1199,1,2,VAUXHALL CROSSLAND,8,E01015436,0,-1
2023111370668,2023,111370668,2,9,0,18,19,5,2,0,0,1,0,0,0,0,1,1,5,6,1,65,9,1499,2,4,VAUXHALL CROSSLAND,5,E01020904,0,-1
2023131306811,2023,131306811,2,9,0,18,19,2,3,0,0,8,0,0,0,0,1,1,6,6,1,50,8,1199,1,3,VAUXHALL CROSSLAND,-1,-1,0,-1
2023440315387,2023,440315387,1,9,0,18,19,6,2,0,0,1,0,0,0,0,1,1,6,6,1,39,7,1499,2,2,VAUXHALL CROSSLAND,4,E01002672,0,-1
2023401374459,2023,401374459,1,9,0,4,4,8,4,0,0,1,0,0,0,0,0,1,5,6,2,40,7,1199,1,4,VAUXHALL CROSSLAND,9,E01015806,0,-1
2023122300641,2023,122300641,3,9,0,4,4,5,1,0,0,0,0,0,0,0,2,1,6,6,1,71,10,1199,1,4,VAUXHALL CROSSLAND,6,E01018627,0,-1
2023520301532,2023,520301532,2,9,0,10,10,6,3,0,0,1,0,0,0,0,2,1,6,6,1,66,10,1499,2,1,VAUXHALL CROSSLAND,5,E01029152,0,-1
2023221316667,2023,221316667,2,9,0,18,19,2,6,0,0,0,0,0,0,0,1,1,6,6,1,46,8,1199,1,2,VAUXHALL CROSSLAND,3,E01014156,0,-1
2023302301917,2023,302301917,2,9,0,7,7,7,1,0,0,0,0,0,0,0,1,1,6,6,1,55,8,1199,1,3,VAUXHALL CROSSLAND,10,E01013563,0,-1
2023052301458,2023,052301458,2,9,0,18,19,3,7,0,0,0,0,0,0,0,1,1,3,7,2,57,9,1199,1,2,VAUXHALL CROSSLAND,3,E01018552,0,-1
2023010426510,2023,010426510,2,9,0,99,99,9,9,99,99,9,9,99,9,99,1,9,6,6,3,36,7,1199,1,3,VAUXHALL CROSSLAND,2,E01001692,0,-1
2023211420523,2023,211420523,1,9,0,4,4,1,5,0,0,0,0,0,0,0,1,1,2,2,2,35,6,1199,1,4,VAUXHALL CROSSLAND,1,E01029548,0,-1
2023991265986,2023,991265986,2,9,0,18,19,1,6,0,0,3,0,0,1,1,4,1,6,6,1,62,9,1199,1,0,VAUXHALL CROSSLAND,4,-1,0,-1
2023991265176,2023,991265176,1,9,0,18,19,5,1,0,0,0,5,10,0,0,1,1,6,6,2,30,6,1199,1,1,VAUXHALL CROSSLAND,8,-1,0,-1
2023010434151,2023,010434151,2,9,0,99,99,9,9,99,99,9,9,99,9,99,1,9,6,6,3,-1,-1,1499,2,4,VAUXHALL CROSSLAND,3,E01030400,0,-1
2023010426477,2023,010426477,1,9,0,99,99,9,9,99,99,9,9,99,9,99,2,9,6,6,2,50,8,1199,1,3,VAUXHALL CROSSLAND,2,E01023339,0,-1
2023041350578,2023,041350578,2,9,0,9,9,6,1,0,0,0,0,0,0,0,1,1,5,6,1,43,7,1199,1,6,VAUXHALL CROSSLAND,7,E01024938,0,-1
2023010422339,2023,010422339,1,9,0,99,99,9,9,99,99,0,9,99,9,99,2,9,6,6,2,38,7,1199,1,6,VAUXHALL CROSSLAND,9,E01001025,0,-1
2023010430737,2023,010430737,1,9,0,9,9,2,1,0,0,6,0,0,0,0,1,1,6,6,1,59,9,1199,1,3,VAUXHALL CROSSLAND,2,E01002077,0,-1
2023401354793,2023,401354793,1,9,0,7,7,4,7,0,0,3,0,0,0,0,1,1,6,6,2,42,7,1199,1,4,VAUXHALL CROSSLAND,3,E01015758,0,-1
2023991372400,2023,991372400,1,9,0,18,19,8,4,0,0,0,0,0,0,0,1,1,2,2,1,71,10,1199,1,0,VAUXHALL CROSSLAND,8,E01031883,0,-1
2023101302987,2023,101302987,2,9,0,16,19,1,2,0,0,0,0,0,0,0,1,1,5,6,1,55,8,1199,1,1,VAUXHALL CROSSLAND,-1,-1,0,-1
2023430024940,2023,430024940,2,9,0,18,19,6,2,0,0,4,0,0,0,0,1,1,6,6,1,-1,-1,1199,1,2,VAUXHALL CROSSLAND,-1,-1,0,-1
2023361341752,2023,361341752,2,9,0,4,4,7,3,0,0,0,1,0,0,0,1,1,5,6,1,76,11,1199,1,2,VAUXHALL CROSSLAND,6,E01026612,0,-1
2023552300369,2023,552300369,1,8,0,18,19,3,7,0,0,8,0,0,0,0,4,1,6,6,1,51,8,1199,1,4,-1,5,E01015393,0,-1
2023501300427,2023,501300427,1,9,0,18,19,1,7,0,0,8,0,0,0,0,1,1,5,6,1,47,8,1199,1,3,VAUXHALL CROSSLAND,1,E01015145,0,-1
2023201298353,2023,201298353,1,9,0,18,19,6,2,0,0,0,0,0,0,0,1,1,6,6,1,37,7,1199,1,1,VAUXHALL CROSSLAND,1,E01010076,0,-1
2023461282658,2023,461282658,2,9,0,2,2,0,0,0,0,1,0,0,0,0,3,1,6,6,2,64,9,1560,2,5,VAUXHALL CROSSLAND,4,E01024231,0,-1
2023401305605,2023,401305605,2,9,0,2,2,6,2,0,0,0,0,0,0,0,2,1,5,6,1,85,11,1199,1,5,VAUXHALL CROSSLAND,10,E01017429,0,-1
2023461295758,2023,461295758,4,9,0,18,19,7,3,0,0,0,0,0,0,0,0,1,1,1,1,-1,-1,1199,1,1,VAUXHALL CROSSLAND,6,E01032798,0,-1
2023522400343,2023,522400343,2,9,0,18,19,5,1,0,0,8,0,0,0,0,4,1,6,6,1,58,9,1199,1,5,VAUXHALL CROSSLAND,3,E01014493,0,-1
2023231357316,2023,231357316,2,9,0,8,8,4,6,0,0,1,0,0,0,0,2,1,6,6,1,36,7,1199,1,4,VAUXHALL CROSSLAND,6,E01031249,0,-1
2023101302621,2023,101302621,2,9,0,18,19,3,7,0,0,0,0,0,0,0,1,1,6,6,1,74,10,1199,1,5,VAUXHALL CROSSLAND,10,E01027458,0,-1
2023141313820,2023,141313820,3,9,0,18,19,6,2,0,0,0,0,0,0,0,1,1,1,1,2,49,8,1199,1,3,VAUXHALL CROSSLAND,9,E01018537,0,-1
2023540503523,2023,540503523,2,9,0,18,19,1,5,0,0,2,0,0,0,0,1,1,6,6,2,26,6,1499,2,5,VAUXHALL CROSSLAND,10,E01032072,0,-1
2023010440866,2023,010440866,2,9,0,3,3,7,3,0,0,1,0,4,0,0,2,1,6,6,2,36,7,1199,1,2,VAUXHALL CROSSLAND,1,E01003051,0,-1
2023010483862,2023,010483862,1,9,0,18,19,5,1,0,0,0,0,0,0,0,1,1,6,6,2,55,8,1199,1,2,VAUXHALL CROSSLAND,3,E01004045,0,-1
2023131289199,2023,131289199,1,9,0,18,19,1,5,0,0,1,0,0,0,0,1,1,6,6,1,50,8,1199,1,3,VAUXHALL CROSSLAND,1,E01011364,0,-1
2023201303897,2023,201303897,1,9,0,18,19,8,4,0,0,0,0,0,0,0,4,1,2,2,2,55,8,1199,1,1,VAUXHALL CROSSLAND,5,E01008974,0,-1
2023052301539,2023,052301539,1,9,0,18,19,1,5,0,0,0,0,0,0,0,1,1,6,6,2,23,5,1199,1,6,VAUXHALL CROSSLAND,2,E01007218,0,-1
2023302300527,2023,302300527,1,9,0,1,1,8,4,9,9,0,0,0,0,0,2,1,6,6,2,32,6,1199,1,2,VAUXHALL CROSSLAND,9,E01019703,0,-1
2023161310976,2023,161310976,1,9,0,18,19,3,7,9,9,1,0,10,1,0,1,1,6,6,3,-1,-1,1199,1,3,VAUXHALL CROSSLAND,-1,-1,0,-1
2023041275380,2023,041275380,1,9,0,18,19,3,7,0,0,8,0,0,0,0,1,1,5,6,1,81,11,1499,2,1,VAUXHALL CROSSLAND,4,E01033072,0,-1
2023052302831,2023,052302831,2,9,0,10,10,3,1,0,0,1,0,0,0,0,2,1,6,6,2,27,6,1199,1,3,VAUXHALL CROSSLAND,7,E01006810,0,-1
2023501399571,2023,501399571,2,9,0,4,4,1,5,0,0,0,0,0,0,0,2,1,5,6,2,72,10,1199,1,1,VAUXHALL CROSSLAND,5,E01015024,0,-1
2023421354157,2023,421354157,1,9,0,16,19,3,7,0,0,1,5,0,1,0,4,1,5,6,1,29,6,1199,1,4,VAUXHALL CROSSLAND,3,E01021291,0,-1
2023070278681,2023,070278681,1,9,0,5,5,4,6,0,0,8,0,0,0,0,1,1,6,6,2,-1,-1,1199,1,5,VAUXHALL CROSSLAND,-1,-1,0,-1
2023411301940,2023,411301940,1,9,0,1,1,7,3,0,0,1,0,0,0,0,2,1,6,6,1,24,5,1199,1,2,VAUXHALL CROSSLAND,10,E01023379,0,-1
2023010456396,2023,010456396,1,9,0,99,99,9,9,99,99,0,9,99,9,99,1,9,6,6,2,43,7,1560,2,5,VAUXHALL CROSSLAND,4,E01021809,0,-1
2023451265702,2023,451265702,1,9,0,5,5,1,5,0,0,0,5,4,2,0,1,1,5,6,2,38,7,1199,1,2,VAUXHALL CROSSLAND,7,E01023135,0,-1
2023411362372,2023,411362372,1,9,0,4,4,5,1,0,0,8,0,0,0,0,1,1,6,6,2,54,8,1199,1,2,VAUXHALL CROSSLAND,9,E01015806,0,-1
2023991325936,2023,991325936,2,9,0,7,7,3,5,0,0,0,0,0,0,0,2,1,6,6,2,32,6,1199,1,4,VAUXHALL CROSSLAND,3,-1,0,-1
2023531329777,2023,531329777,1,9,0,18,19,1,5,0,0,1,0,0,0,0,1,1,5,6,1,27,6,1199,1,2,VAUXHALL CROSSLAND,1,E01033621,0,-1
2023131327213,2023,131327213,3,9,0,18,19,1,5,0,0,8,0,0,0,0,2,1,6,6,3,-1,-1,1199,1,3,VAUXHALL CROSSLAND,-1,-1,0,-1
2023010445015,2023,010445015,1,9,0,18,19,1,5,0,0,0,0,0,0,0,4,1,6,6,2,44,7,1199,1,5,VAUXHALL CROSSLAND,2,E01000856,0,-1
2023361323712,2023,361323712,2,9,0,18,19,5,1,0,0,2,0,0,0,0,4,1,2,2,2,58,9,1199,1,1,VAUXHALL CROSSLAND,4,E01033041,0,-1
2023440296687,2023,440296687,1,9,0,9,9,7,5,0,0,6,0,0,0,0,1,1,6,6,2,36,7,1199,1,4,VAUXHALL CROSSLAND,10,E01022683,0,-1
2023161296353,2023,161296353,1,9,0,3,3,5,1,0,0,2,0,0,0,0,2,1,3,7,1,61,9,1199,1,5,VAUXHALL CROSSLAND,9,E01013103,0,-1
2023041348219,2023,041348219,2,9,0,18,19,2,6,0,0,1,0,0,0,0,1,1,5,6,1,19,4,1199,1,3,VAUXHALL CROSSLAND,5,E01007030,0,-1
2023052302886,2023,052302886,1,9,0,5,5,5,1,0,0,8,0,0,0,0,1,1,1,1,3,-1,-1,1199,1,1,VAUXHALL CROSSLAND,-1,-1,0,-1
2023221348712,2023,221348712,1,9,0,16,19,2,6,0,0,0,0,10,7,10,1,1,5,6,1,68,10,1199,1,2,VAUXHALL CROSSLAND,6,E01028924,0,-1
2023991299108,2023,991299108,2,9,0,16,19,7,2,0,0,0,0,0,1,0,1,2,5,6,2,31,6,1199,1,5,VAUXHALL CROSSLAND,3,-1,0,-1
2023461310303,2023,461310303,2,9,0,2,2,0,0,0,0,0,0,0,0,0,3,1,6,6,3,-1,-1,1199,1,4,VAUXHALL CROSSLAND,-1,-1,0,-1
2023332300735,2023,332300735,2,9,0,18,19,4,8,0,0,1,0,0,0,0,1,1,6,6,1,81,11,1499,2,1,VAUXHALL CROSSLAND,1,E01013677,0,-1
2023101386793,2023,101386793,2,9,0,18,19,1,5,0,0,4,0,0,0,0,2,1,2,2,2,49,8,1199,1,2,VAUXHALL CROSSLAND,7,E01008315,0,-1
2023311322465,2023,311322465,1,9,0,9,9,5,7,0,0,6,0,0,0,0,1,1,5,6,1,71,10,1199,1,4,VAUXHALL CROSSLAND,1,E01013884,0,-1
2023461372461,2023,461372461,3,9,0,2,2,0,0,0,0,0,0,0,0,0,3,1,2,2,2,54,8,1499,2,1,VAUXHALL CROSSLAND,2,E01024108,0,-1
2023520301644,2023,520301644,1,9,0,18,19,1,5,0,0,8,0,0,0,0,1,1,6,6,2,78,11,1199,1,3,VAUXHALL CROSSLAND,3,E01020078,0,-1
2023430178192,2023,430178192,2,9,0,7,7,2,5,0,0,6,0,0,0,0,3,1,6,6,1,78,11,1199,1,2,VAUXHALL CROSSLAND,7,E01016825,0,-1
2023101347622,2023,101347622,1,9,0,18,19,5,1,0,0,0,0,0,0,0,0,1,6,6,2,52,8,1199,1,1,VAUXHALL CROSSLAND,2,E01001042,0,-1
2023991327459,2023,991327459,2,9,0,18,19,4,8,0,0,0,0,0,0,0,3,1,5,6,2,22,5,1199,1,5,VAUXHALL CROSSLAND,3,-1,0,-1
2023010451770,2023,010451770,1,9,0,99,99,9,9,0,0,0,0,0,0,0,0,1,1,1,2,41,7,1199,1,3,VAUXHALL CROSSLAND,3,E01002313,0,-1
202363A024823,2023,63A024823,1,9,0,18,19,4,8,0,0,8,0,0,0,0,4,1,6,6,1,69,10,1199,1,4,VAUXHALL CROSSLAND,6,W01000687,0,-1
2023010467526,2023,010467526,1,9,0,18,19,5,1,0,0,1,0,0,0,0,4,1,6,6,2,57,9,1199,1,2,VAUXHALL CROSSLAND,7,E01002300,0,-1
2023471312942,2023,471312942,2,9,0,18,19,7,3,0,0,8,0,0,0,0,2,1,5,6,1,65,9,1199,1,1,VAUXHALL CROSSLAND,2,E01001777,0,-1
2023221265282,2023,221265282,2,9,0,18,19,1,5,0,0,0,0,0,0,0,2,1,5,6,2,59,9,1199,1,1,VAUXHALL CROSSLAND,8,E01013990,0,-1
2023221388234,2023,221388234,3,9,0,3,3,1,5,0,0,0,0,0,0,0,4,1,6,6,2,59,9,1199,1,3,VAUXHALL CROSSLAND,5,E01032357,0,-1
2023451260843,2023,451260843,1,9,0,18,19,3,7,0,0,0,1,0,4,6,3,1,5,6,2,24,5,1199,1,5,VAUXHALL CROSSLAND,9,E01014441,0,-1
2023471307713,2023,471307713,2,9,0,18,19,2,6,0,0,1,1,10,0,0,1,1,5,6,2,49,8,1199,1,6,VAUXHALL CROSSLAND,2,E01020977,0,-1
2023991288244,2023,991288244,1,9,0,18,19,1,5,0,0,0,0,0,0,0,3,1,2,2,1,27,6,1199,1,5,VAUXHALL CROSSLAND,2,-1,0,-1
2023631316027,2023,631316027,1,9,0,18,19,8,4,0,0,0,0,0,1,11,1,1,5,6,1,86,11,1199,1,5,VAUXHALL CROSSLAND,5,W01000728,0,-1
2023101353578,2023,101353578,1,9,0,5,5,4,8,0,0,0,0,0,0,0,1,1,3,7,2,45,7,1199,1,2,VAUXHALL CROSSLAND,2,E01008571,0,-1
2023201323618,2023,201323618,1,9,0,18,19,5,1,0,0,0,0,0,0,0,1,1,6,6,1,-1,-1,1199,1,1,VAUXHALL CROSSLAND,-1,-1,0,-1
2023544402823,2023,544402823,2,9,0,5,5,7,3,0,0,6,0,0,0,0,4,1,6,6,2,40,7,1199,1,3,VAUXHALL CROSSLAND,1,E01015546,0,-1
2023421321621,2023,421321621,1,9,0,18,19,1,5,0,0,4,0,0,0,0,1,1,6,6,2,38,7,1199,1,2,VAUXHALL CROSSLAND,2,E01015898,0,-1
2023010457236,2023,010457236,2,9,0,10,10,5,3,0,0,1,0,0,0,0,3,1,2,2,1,40,7,1199,1,5,VAUXHALL CROSSLAND,2,E01001128,0,-1
2023991338543,2023,991338543,1,9,0,9,9,2,8,0,0,5,0,0,0,0,1,1,5,6,1,58,9,1199,1,3,VAUXHALL CROSSLAND,-1,-1,0,-1
2023991380445,2023,991380445,1,9,0,14,14,5,1,0,0,2,1,4,0,0,4,1,5,6,1,75,10,1199,1,3,VAUXHALL CROSSLAND,-1,-1,0,-1
2023522301146,2023,522301146,1,9,0,5,5,1,3,0,0,4,0,0,0,0,3,1,6,6,1,64,9,1199,1,1,VAUXHALL CROSSLAND,-1,-1,0,-1
2023991307044,2023,991307044,2,9,0,18,19,4,8,0,0,8,0,0,0,0,1,1,6,6,1,30,6,1199,1,3,VAUXHALL CROSSLAND,3,-1,0,-1
2023041360675,2023,041360675,1,9,0,18,19,7,3,0,0,0,0,0,0,0,1,1,5,6,2,31,6,1199,1,4,VAUXHALL CROSSLAND,3,E01025076,0,-1
2023471355451,2023,471355451,2,9,0,4,4,6,1,0,0,0,0,0,0,0,2,1,6,6,2,59,9,1499,2,1,VAUXHALL CROSSLAND,5,E01031524,0,-1
2023141377252,2023,141377252,2,9,0,5,5,7,1,0,0,1,0,0,3,0,2,1,5,6,1,59,9,1199,1,1,VAUXHALL CROSSLAND,3,E01007533,0,-1
2023010485999,2023,010485999,3,9,0,18,19,3,7,0,0,0,0,0,0,0,0,1,6,6,1,35,6,1199,1,2,VAUXHALL CROSSLAND,3,E01003730,0,-1
2023991331157,2023,991331157,1,9,0,18,19,3,7,0,0,1,0,0,0,0,1,1,5,6,2,41,7,1199,1,4,VAUXHALL CROSSLAND,-1,-1,0,-1
2023440355390,2023,440355390,1,9,0,12,12,3,7,0,0,0,5,11,0,0,1,1,6,6,1,60,9,1199,1,3,VAUXHALL CROSSLAND,-1,-1,0,-1
2023052301158,2023,052301158,2,9,0,18,19,2,6,0,0,0,0,0,0,0,1,1,6,6,2,22,5,1499,2,4,VAUXHALL CROSSLAND,1,E01007133,0,-1
2023401397149,2023,401397149,3,9,0,3,3,2,5,0,0,0,0,0,0,0,2,1,2,2,1,52,8,1199,1,3,VAUXHALL CROSSLAND,10,E01018266,0,-1
2023061281042,2023,061281042,2,9,0,18,19,7,3,0,0,1,0,0,0,0,4,1,2,2,2,38,7,1199,1,2,VAUXHALL CROSSLAND,-1,-1,0,-1
2023131353343,2023,131353343,1,9,0,18,19,5,1,0,0,0,1,0,1,2,1,1,2,2,1,42,7,1560,2,5,VAUXHALL CROSSLAND,8,E01011714,0,-1
2023221303038,2023,221303038,1,9,0,18,19,1,5,0,0,0,0,4,0,0,1,1,6,6,2,41,7,1199,1,2,VAUXHALL CROSSLAND,1,E01032232,0,-1
2023401291400,2023,401291400,2,9,0,11,11,5,8,6,6,0,1,11,1,1,3,1,6,6,2,50,8,1199,1,3,VAUXHALL CROSSLAND,3,E01017605,0,-1
2023991334560,2023,991334560,2,9,0,16,19,2,6,0,0,0,0,0,0,0,3,1,5,6,2,51,8,1199,1,4,VAUXHALL CROSSLAND,7,-1,0,-1
2023440329847,2023,440329847,3,9,0,3,3,8,4,0,0,0,0,0,0,0,2,1,6,6,1,75,10,1199,1,3,VAUXHALL CROSSLAND,3,E01017020,0,-1
2023010455678,2023,010455678,1,9,0,18,19,5,1,0,0,1,0,0,0,0,1,1,2,2,2,61,9,1199,1,5,VAUXHALL CROSSLAND,5,E01004451,0,-1
2023501370628,2023,501370628,1,9,0,9,9,1,7,0,0,6,0,0,0,0,1,1,6,6,1,80,11,1199,1,3,VAUXHALL CROSSLAND,5,E01018837,0,-1
2023041275842,2023,041275842,2,9,0,1,1,1,1,0,0,0,0,0,0,0,1,1,2,2,1,40,7,1199,1,1,VAUXHALL CROSSLAND,1,E01006334,0,-1
2023549135223,2023,549135223,1,9,0,18,19,7,3,0,0,2,0,10,3,11,1,1,6,6,2,44,7,1199,1,0,VAUXHALL CROSSLAND,10,E01015533,0,-1
2023461377358,2023,461377358,2,9,0,18,19,8,4,0,0,0,0,0,0,0,2,1,6,6,2,34,6,1199,1,4,VAUXHALL CROSSLAND,1,E01024682,0,-1
2023201382986,2023,201382986,2,9,0,14,14,4,8,0,0,8,0,4,0,0,1,1,6,6,1,30,6,1199,1,3,VAUXHALL CROSSLAND,1,E01033647,0,-1
2023101372285,2023,101372285,1,9,0,18,19,2,6,0,0,0,0,0,0,0,1,1,6,6,1,85,11,1199,1,0,VAUXHALL CROSSLAND,9,E01008200,0,-1
2023141298625,2023,141298625,1,9,0,18,19,1,5,0,0,1,0,0,0,0,1,1,5,6,2,60,9,1499,2,1,VAUXHALL CROSSLAND,1,E01007574,0,-1