collision_index,collision_year,collision_ref_no,vehicle_reference,vehicle_type,towing_and_articulation,vehicle_manoeuvre_historic,vehicle_manoeuvre,vehicle_direction_from,vehicle_direction_to,vehicle_location_restricted_lane_historic,vehicle_location_restricted_lane,junction_location,skidding_and_overturning,hit_object_in_carriageway,vehicle_leaving_carriageway,hit_object_off_carriageway,first_point_of_impact,vehicle_left_hand_drive,journey_purpose_of_driver_historic,journey_purpose_of_driver,sex_of_driver,age_of_driver,age_band_of_driver,engine_capacity_cc,propulsion_code,age_of_vehicle,generic_make_model,driver_imd_decile,lsoa_of_driver,escooter_flag,driver_distance_banding
2023430242154,2023,430242154,1,9,0,7,7,8,3,0,0,6,0,0,0,0,0,1,6,6,1,72,10,1199,1,0,VAUXHALL CROSSLAND,7,E01028501,0,-1
2023991360605,2023,991360605,1,9,0,18,19,3,7,0,0,0,1,0,0,0,1,1,5,6,1,65,9,1199,1,2,VAUXHALL CROSSLAND,3,-1,0,-1
2023361386516,2023,361386516,1,9,0,18,19,2,6,0,0,0,5,4,0,0,1,1,5,6,1,65,9,1199,1,1,VAUXHALL CROSSLAND,4,E01026659,0,-1
2023010464266,2023,010464266,2,9,0,99,99,9,9,99,99,9,9,99,9,99,1,9,6,6,3,-1,-1,1199,1,2,VAUXHALL CROSSLAND,6,E01001077,0,-1
2023041352928,2023,041352928,1,9,0,18,19,5,1,0,0,1,0,0,0,0,4,1,5,6,2,27,6,1199,1,5,VAUXHALL CROSSLAND,3,E01025578,0,-1
2023052301943,2023,052301943,2,9,0,2,2,0,0,0,0,0,0,0,0,0,0,1,1,1,2,-1,-1,1199,1,2,VAUXHALL CROSSLAND,-1,-1,0,-1
2023010481298,2023,010481298,1,9,0,9,9,7,4,0,0,8,0,0,0,0,1,1,6,6,2,28,6,1199,1,4,VAUXHALL CROSSLAND,1,E01001821,0,-1
202360A119754,2023,60A119754,2,9,0,3,3,4,8,0,0,1,0,0,1,1,2,1,6,6,1,51,8,1199,1,4,VAUXHALL CROSSLAND,-1,-1,0,-1
2023440234722,2023,440234722,2,9,0,18,19,4,8,0,0,1,0,0,0,0,1,1,6,6,1,26,6,1199,1,3,VAUXHALL CROSSLAND,4,E01022681,0,-1
2023131315118,2023,131315118,2,9,0,3,3,1,1,0,0,8,0,0,0,0,1,1,6,6,1,53,8,1199,1,0,VAUXHALL CROSSLAND,7,E01010641,0,-1
2023991259746,2023,991259746,1,9,0,18,19,8,4,0,0,0,1,0,0,0,1,1,6,6,1,77,11,1199,1,3,VAUXHALL CROSSLAND,2,-1,0,-1
2023501298889,2023,501298889,1,9,0,18,19,1,5,0,0,8,0,0,0,0,1,1,6,6,2,31,6,1199,1,3,VAUXHALL CROSSLAND,7,E01015250,0,-1
2023440488693,2023,440488693,1,9,0,13,13,3,7,0,0,0,1,0,1,1,4,1,6,6,1,59,9,1199,1,3,VAUXHALL CROSSLAND,9,E01023064,0,-1
2023010449429,2023,010449429,1,9,0,18,19,3,7,0,0,1,0,10,1,1,1,1,6,6,1,75,10,1199,1,1,VAUXHALL CROSSLAND,9,E01000686,0,-1
2023471280513,2023,471280513,1,9,0,18,19,1,5,0,0,0,5,0,0,0,1,1,5,6,1,20,4,1199,1,2,VAUXHALL CROSSLAND,4,E01001148,0,-1
2023052300422,2023,052300422,1,9,0,9,9,2,6,0,0,1,0,0,0,0,4,1,2,2,2,52,8,1199,1,3,VAUXHALL CROSSLAND,1,E01018550,0,-1
2023010478390,2023,010478390,2,9,0,99,99,9,9,99,99,9,9,99,9,99,1,9,6,6,2,35,6,1199,1,5,VAUXHALL CROSSLAND,6,E01003157,0,-1
2023041358293,2023,041358293,1,9,0,9,9,1,2,0,0,1,0,0,0,0,1,1,6,6,2,66,10,1199,1,6,VAUXHALL CROSSLAND,4,E01006388,0,-1
2023201293235,2023,201293235,2,9,0,18,19,6,2,0,0,0,0,0,0,0,1,1,6,6,1,-1,-1,1199,1,4,VAUXHALL CROSSLAND,5,E01010160,0,-1
2023501319378,2023,501319378,1,9,0,18,19,1,5,0,0,1,0,0,0,0,1,1,6,6,2,53,8,1199,1,2,VAUXHALL CROSSLAND,4,E01015031,0,-1
2023010450798,2023,010450798,1,9,0,99,99,9,9,99,99,9,9,99,9,99,9,9,6,6,1,26,6,1199,1,3,VAUXHALL CROSSLAND,2,E01003500,0,-1
2023010423325,2023,010423325,1,9,0,10,10,1,7,0,0,1,0,0,0,0,1,1,6,6,1,56,9,1199,1,2,VAUXHALL CROSSLAND,-1,-1,0,-1
2023070196251,2023,070196251,1,9,0,18,19,5,1,0,0,0,5,0,1,0,1,1,6,6,2,77,11,1199,1,1,VAUXHALL CROSSLAND,6,E01012509,0,-1
2023461270724,2023,461270724,3,9,0,10,10,3,7,0,0,1,0,0,0,0,2,1,5,6,2,45,7,1199,1,1,VAUXHALL CROSSLAND,8,E01024564,0,-1
2023622300718,2023,622300718,1,9,0,18,19,4,8,0,0,0,5,0,1,11,1,1,6,6,1,75,10,1199,1,1,VAUXHALL CROSSLAND,3,W01001898,0,-1
2023170S10103,2023,170S10103,1,9,0,9,9,1,7,0,0,8,0,0,0,0,1,1,6,6,1,73,10,1199,1,4,VAUXHALL CROSSLAND,9,E01012210,0,-1
2023071083135,2023,071083135,2,9,0,18,19,3,7,0,0,0,0,0,1,0,3,1,6,6,2,39,7,1199,1,1,VAUXHALL CROSSLAND,1,E01018351,0,-1
2023421314755,2023,421314755,2,9,0,16,19,3,6,0,0,0,0,0,0,0,1,1,5,6,1,82,11,1199,1,5,VAUXHALL CROSSLAND,5,E01021388,0,-1
2023991292589,2023,991292589,2,9,0,18,19,7,3,0,0,0,0,0,0,0,2,1,5,6,1,73,10,1499,2,1,VAUXHALL CROSSLAND,3,-1,0,-1
2023991345744,2023,991345744,1,9,0,5,5,7,3,0,0,0,0,0,0,0,1,1,6,6,1,47,8,1199,1,5,VAUXHALL CROSSLAND,-1,-1,0,-1
2023320419050,2023,320419050,3,9,0,4,4,1,5,0,0,0,0,0,0,0,2,1,6,6,1,73,10,1199,1,4,VAUXHALL CROSSLAND,6,E01026205,0,-1
2023622300405,2023,622300405,2,9,0,2,2,0,0,0,0,0,0,0,0,0,2,1,6,6,3,-1,-1,1199,1,2,VAUXHALL CROSSLAND,-1,-1,0,-1
2023461383255,2023,461383255,1,9,0,18,19,3,7,0,0,0,0,0,0,0,1,1,5,6,2,-1,-1,1199,1,3,VAUXHALL CROSSLAND,8,E01024653,0,-1
2023430184703,2023,430184703,1,9,0,18,19,4,8,0,0,1,0,0,0,0,1,1,6,6,1,30,6,1499,2,2,VAUXHALL CROSSLAND,-1,-1,0,-1
2023170S11633,2023,170S11633,1,9,0,18,19,4,8,0,0,8,0,0,0,0,1,1,6,6,1,62,9,1560,2,5,VAUXHALL CROSSLAND,8,E01012189,0,-1
2023041269009,2023,041269009,2,9,0,2,2,0,0,0,0,2,0,0,0,0,1,1,6,6,3,-1,-1,1199,1,4,VAUXHALL CROSSLAND,-1,-1,0,-1
2023522300803,2023,522300803,1,9,0,18,19,6,2,0,0,0,0,0,0,0,3,1,6,6,1,-1,-1,1199,1,3,VAUXHALL CROSSLAND,-1,-1,0,-1
2023522301227,2023,522301227,1,9,0,6,6,4,4,0,0,8,0,0,0,0,4,1,6,6,2,56,9,1199,1,3,VAUXHALL CROSSLAND,10,W01001639,0,-1
2023461385112,2023,461385112,1,9,0,18,19,7,3,0,0,0,2,0,2,0,1,1,6,6,1,24,5,1199,1,3,VAUXHALL CROSSLAND,5,E01024774,0,-1
2023991318301,2023,991318301,2,9,0,18,19,7,3,0,0,0,0,0,0,0,2,1,5,6,2,42,7,1199,1,2,VAUXHALL CROSSLAND,3,-1,0,-1
2023991266925,2023,991266925,1,9,0,18,19,1,5,0,0,0,0,0,0,0,1,1,5,6,2,57,9,1199,1,3,VAUXHALL CROSSLAND,1,-1,0,-1
2023421371346,2023,421371346,1,9,0,9,9,3,1,0,0,8,0,0,0,0,1,1,5,6,1,49,8,1199,1,3,VAUXHALL CROSSLAND,8,E01015833,0,-1
2023010438861,2023,010438861,1,9,0,9,9,1,6,0,0,5,2,0,0,0,2,1,6,6,1,41,7,1199,1,1,VAUXHALL CROSSLAND,3,E01004656,0,-1
2023061358844,2023,061358844,1,9,-1,-1,-1,-1,-1,-1,-1,0,-1,-1,-1,0,-1,1,6,6,3,-1,-1,1199,1,5,VAUXHALL CROSSLAND,-1,-1,0,-1
2023501327556,2023,501327556,1,9,0,18,19,5,1,9,9,0,0,4,7,0,3,1,2,2,1,29,6,1199,1,3,VAUXHALL CROSSLAND,9,E01033233,0,-1
2023010426804,2023,010426804,1,9,0,4,4,3,7,0,0,0,0,0,0,0,2,1,6,6,1,31,6,1199,1,1,VAUXHALL CROSSLAND,3,E01016171,0,-1
2023531360342,2023,531360342,2,9,0,18,19,7,3,0,0,1,0,0,0,0,1,1,6,6,1,39,7,1499,2,1,VAUXHALL CROSSLAND,4,E01022301,0,-1
2023991264679,2023,991264679,1,9,0,18,19,5,8,0,0,0,0,0,0,0,4,1,5,6,2,23,5,1199,1,4,VAUXHALL CROSSLAND,4,-1,0,-1
2023421362534,2023,421362534,2,9,0,9,9,3,1,0,0,1,0,0,0,0,1,1,6,6,1,79,11,1199,1,3,VAUXHALL CROSSLAND,3,E01021594,0,-1
2023991324053,2023,991324053,1,9,0,11,11,3,7,0,0,1,0,0,0,0,3,1,5,6,1,71,10,1199,1,2,VAUXHALL CROSSLAND,-1,-1,0,-1
2023471364830,2023,471364830,2,9,0,16,19,5,8,0,0,3,0,0,0,0,1,1,5,6,2,71,10,1199,1,1,VAUXHALL CROSSLAND,2,E01031558,0,-1
2023010431724,2023,010431724,1,9,0,18,19,1,5,0,0,4,0,0,3,1,1,1,2,2,1,47,8,1199,1,4,VAUXHALL CROSSLAND,2,E01003619,0,-1
2023401281719,2023,401281719,2,9,0,18,19,7,3,0,0,0,0,0,0,0,4,1,2,2,1,33,6,1560,2,5,VAUXHALL CROSSLAND,9,E01017573,0,-1
2023451316063,2023,451316063,1,9,0,18,19,7,3,0,0,0,0,0,0,0,2,1,2,2,2,56,9,1199,1,4,VAUXHALL CROSSLAND,10,E01030320,0,-1
2023041305382,2023,041305382,1,9,0,18,19,1,5,0,0,8,0,0,1,0,1,1,5,6,1,72,10,1199,1,1,VAUXHALL CROSSLAND,1,E01012752,0,-1
2023991290034,2023,991290034,1,9,0,17,19,4,1,0,0,3,0,0,0,0,3,1,5,6,1,58,9,1560,2,5,VAUXHALL CROSSLAND,-1,-1,0,-1
2023351281380,2023,351281380,2,9,0,3,3,7,3,0,0,1,0,0,1,0,2,1,6,6,1,52,8,1199,1,4,VAUXHALL CROSSLAND,7,E01027050,0,-1
2023101388877,2023,101388877,2,9,0,18,19,4,8,0,0,0,1,0,7,0,1,1,5,6,1,74,10,1499,2,1,VAUXHALL CROSSLAND,2,E01027443,0,-1
2023311359354,2023,311359354,1,9,0,18,19,4,8,0,0,2,0,0,0,0,3,1,5,6,2,45,7,1199,1,5,VAUXHALL CROSSLAND,-1,-1,0,-1
2023991327400,2023,991327400,2,9,0,18,19,8,4,0,0,1,0,0,0,0,1,1,5,6,2,76,11,1499,2,2,VAUXHALL CROSSLAND,4,-1,0,-1
2023440021108,2023,440021108,1,9,0,4,4,5,1,0,0,0,0,0,0,0,2,1,6,6,2,61,9,1199,1,4,VAUXHALL CROSSLAND,7,E01023012,0,-1
2023041275169,2023,041275169,1,9,0,18,19,5,1,0,0,0,0,0,0,0,1,1,6,6,1,78,11,1199,1,3,VAUXHALL CROSSLAND,6,E01025563,0,-1
2023991346577,2023,991346577,1,9,0,5,5,2,6,0,0,3,0,0,0,0,1,1,6,6,2,27,6,1199,1,3,VAUXHALL CROSSLAND,2,-1,0,-1
2023131392834,2023,131392834,2,9,0,4,4,3,7,1,1,0,0,0,0,0,2,1,6,6,2,54,8,1199,1,5,VAUXHALL CROSSLAND,6,E01011299,0,-1
2023531263139,2023,531263139,1,9,0,7,7,1,5,0,0,1,0,0,1,11,1,1,6,6,1,85,11,1199,1,5,VAUXHALL CROSSLAND,10,E01022368,0,-1
2023061378226,2023,061378226,2,9,0,18,19,4,8,0,0,1,0,0,0,0,4,1,6,6,2,66,10,1199,1,3,VAUXHALL CROSSLAND,3,E01006220,0,-1
2023552400039,2023,552400039,5,9,0,4,4,8,4,0,0,0,0,0,0,0,2,1,6,6,2,32,6,1199,1,4,VAUXHALL CROSSLAND,5,E01020469,0,-1
2023461309077,2023,461309077,1,9,0,9,9,7,3,0,0,0,0,0,0,0,4,1,6,6,1,79,11,1199,1,1,VAUXHALL CROSSLAND,6,E01024069,0,-1
2023010465176,2023,010465176,1,9,0,5,5,7,3,0,0,6,0,4,0,0,1,1,6,6,1,64,9,1199,1,2,VAUXHALL CROSSLAND,-1,-1,0,-1
2023201354001,2023,201354001,2,9,0,9,9,5,4,0,0,6,1,0,0,0,4,1,6,6,1,32,6,1199,1,2,VAUXHALL CROSSLAND,1,E01009274,0,-1
2023361273969,2023,361273969,2,9,0,4,4,7,3,0,0,6,1,0,1,0,0,1,6,6,1,74,10,1560,2,5,VAUXHALL CROSSLAND,6,E01026553,0,-1
2023052302700,2023,052302700,1,9,0,11,11,7,3,0,0,0,0,0,0,0,4,1,6,6,1,75,10,1499,2,1,VAUXHALL CROSSLAND,2,E01006663,0,-1
2023622301022,2023,622301022,1,9,0,18,19,6,2,0,0,8,0,0,0,0,3,1,6,6,1,74,10,1199,1,3,VAUXHALL CROSSLAND,3,W01001695,0,-1
2023411383311,2023,411383311,1,9,0,9,9,8,6,0,0,1,0,0,0,0,1,1,6,6,2,46,8,1199,1,2,VAUXHALL CROSSLAND,4,E01023883,0,-1
2023430238294,2023,430238294,1,9,0,18,19,1,4,0,0,8,0,0,0,0,4,1,2,2,1,64,9,1199,1,2,VAUXHALL CROSSLAND,5,E01016461,0,-1
2023320179721,2023,320179721,2,9,0,18,19,6,2,0,0,8,0,0,0,0,3,1,6,6,2,33,6,1199,1,4,VAUXHALL CROSSLAND,1,E01027198,0,-1
2023041318734,2023,041318734,3,9,0,2,2,0,0,0,0,1,0,0,0,0,2,1,6,6,3,-1,-1,1199,1,2,VAUXHALL CROSSLAND,-1,-1,0,-1
2023201409309,2023,201409309,1,9,0,9,9,8,5,0,0,6,0,0,0,0,1,1,6,6,2,55,8,1499,2,3,VAUXHALL CROSSLAND,2,E01010104,0,-1
202360A132606,2023,60A132606,2,9,0,9,9,1,7,0,0,6,0,0,0,0,3,1,6,6,1,26,6,1199,1,1,VAUXHALL CROSSLAND,-1,-1,0,-1
2023122300531,2023,122300531,1,9,0,18,19,7,3,0,0,0,0,0,0,0,1,1,1,1,1,22,5,1199,1,2,VAUXHALL CROSSLAND,10,E01011455,0,-1
2023010448139,2023,010448139,2,9,0,99,99,9,9,99,99,9,9,99,9,99,1,9,6,6,3,66,10,1199,1,5,VAUXHALL CROSSLAND,7,E01000668,0,-1
2023991360294,2023,991360294,1,9,0,18,19,3,7,0,0,0,0,0,0,0,1,1,5,6,2,35,6,1199,1,2,VAUXHALL CROSSLAND,1,-1,0,-1
2023991329613,2023,991329613,1,9,0,9,9,7,5,0,0,1,0,0,0,0,3,1,5,6,2,26,6,1199,1,5,VAUXHALL CROSSLAND,3,-1,0,-1
2023211332159,2023,211332159,2,9,-1,-1,-1,-1,-1,-1,-1,0,-1,-1,-1,0,-1,1,5,6,2,52,8,1199,1,5,VAUXHALL CROSSLAND,1,E01029427,0,-1
2023052300505,2023,052300505,1,9,0,1,1,1,5,0,0,0,0,0,0,0,2,1,6,6,2,-1,-1,1199,1,4,VAUXHALL CROSSLAND,-1,-1,0,-1
2023061320937,2023,061320937,3,9,0,8,8,8,1,0,0,2,0,0,0,0,1,1,5,6,2,46,8,1199,1,1,VAUXHALL CROSSLAND,1,E01005319,0,-1
2023122301106,2023,122301106,1,9,0,10,10,1,7,0,0,1,0,0,0,0,2,1,6,6,1,61,9,1199,1,4,VAUXHALL CROSSLAND,10,E01013372,0,-1
2023031274252,2023,031274252,2,9,0,18,19,5,8,0,0,0,0,0,0,0,1,1,5,6,2,47,8,1199,1,1,VAUXHALL CROSSLAND,7,E01019219,0,-1
2023320737594,2023,320737594,1,9,0,18,19,8,4,0,0,0,0,0,1,9,1,1,6,6,2,74,10,1199,1,1,VAUXHALL CROSSLAND,7,E01025199,0,-1
2023320525468,2023,320525468,1,9,0,17,19,8,4,0,0,0,5,0,1,9,4,1,6,6,1,68,10,1199,1,3,VAUXHALL CROSSLAND,4,E01026379,0,-1
2023522300495,2023,522300495,2,9,0,4,4,6,4,0,0,8,0,0,0,0,2,1,6,6,1,78,11,1199,1,3,VAUXHALL CROSSLAND,9,E01014816,0,-1
2023401307925,2023,401307925,1,9,0,18,19,5,1,0,0,1,0,0,0,0,1,1,5,6,2,35,6,1199,1,3,VAUXHALL CROSSLAND,8,E01017461,0,-1
202354A474423,2023,54A474423,1,9,0,18,19,8,4,0,0,7,0,0,0,0,4,1,6,6,1,48,8,1199,1,3,VAUXHALL CROSSLAND,-1,-1,0,-1
2023340NN2262,2023,340NN2262,1,9,0,18,19,3,7,0,0,0,1,0,7,9,1,1,6,6,2,66,10,1199,1,2,VAUXHALL CROSSLAND,3,E01027124,0,-1
2023340WN2062,2023,340WN2062,1,9,0,9,9,7,1,0,0,8,0,0,0,0,1,1,6,6,1,29,6,1968,2,8,VOLKSWAGEN CC,2,E01027243,0,-1
2023332300074,2023,332300074,1,9,0,4,4,4,8,0,0,0,0,0,0,0,2,1,6,6,1,24,5,1968,2,11,VOLKSWAGEN CC,2,E01013605,0,-1
2023041281071,2023,041281071,2,9,0,5,5,3,7,0,0,8,0,0,0,0,3,1,6,6,1,44,7,1968,2,10,VOLKSWAGEN CC,2,E01024926,0,-1
2023052301765,2023,052301765,2,9,0,2,2,0,0,0,0,4,0,0,0,0,2,1,6,6,1,54,8,1968,2,10,VOLKSWAGEN CC,3,E01006452,0,-1
2023991275215,2023,991275215,2,8,0,3,3,3,7,0,0,0,0,4,0,0,2,1,1,1,1,38,7,-1,-1,-1,-1,7,-1,0,-1
2023451318936,2023,451318936,2,9,0,3,3,7,1,0,0,0,0,0,0,0,1,1,6,6,1,32,6,1968,2,11,VOLKSWAGEN CC,7,E01002918,0,-1
2023131334149,2023,131334149,2,9,0,18,19,6,2,0,0,8,0,0,0,0,3,1,5,6,1,19,4,1968,2,9,VOLKSWAGEN CC,1,E01012596,0,-1
2023041313511,2023,041313511,2,9,0,12,12,7,3,0,0,0,0,0,0,0,2,1,2,2,1,25,5,1968,2,7,VOLKSWAGEN CC,9,E01005357,0,-1
2023131272616,2023,131272616,1,9,0,18,19,1,1,9,9,0,0,0,0,0,1,1,6,6,1,27,6,1968,2,11,VOLKSWAGEN CC,2,E01011000,0,-1
2023041277533,2023,041277533,1,9,0,18,19,7,1,0,0,1,0,0,1,0,1,1,6,6,1,37,7,1968,2,8,VOLKSWAGEN CC,1,E01012754,0,-1
2023201388147,2023,201388147,1,9,0,9,9,2,8,0,0,5,0,0,0,0,4,1,6,6,1,21,5,1968,2,9,VOLKSWAGEN CC,2,E01011167,0,-1
2023111310389,2023,111310389,1,9,0,6,6,3,7,0,0,7,0,0,0,0,3,1,2,2,1,29,6,1968,2,10,VOLKSWAGEN CC,6,E01020794,0,-1
202360A062112,2023,60A062112,1,9,0,18,19,6,2,0,0,0,0,0,0,0,1,1,6,6,2,60,9,1968,2,8,VOLKSWAGEN CC,-1,-1,0,-1
2023440407446,2023,440407446,2,9,0,3,3,4,8,0,0,1,0,0,0,0,2,1,6,6,3,-1,-1,1968,2,9,VOLKSWAGEN CC,-1,-1,0,-1
2023131392100,2023,131392100,1,9,0,2,2,7,3,9,9,0,0,0,1,11,1,1,6,6,3,-1,-1,1968,2,9,VOLKSWAGEN CC,-1,-1,0,-1
2023041355039,2023,041355039,1,9,0,5,5,7,3,0,0,6,0,0,0,0,1,1,5,6,1,24,5,1968,2,11,VOLKSWAGEN CC,4,E01025034,0,-1
2023430237398,2023,430237398,2,9,0,18,19,5,1,0,0,0,0,0,0,0,1,1,6,6,1,60,9,1968,2,8,VOLKSWAGEN CC,4,E01003721,0,-1
2023340WN3302,2023,340WN3302,3,9,0,2,2,0,0,6,6,2,0,0,0,0,2,1,6,6,1,47,8,1968,2,10,VOLKSWAGEN CC,1,E01007352,0,-1
2023131308595,2023,131308595,1,8,0,18,19,5,1,0,0,0,0,0,0,0,3,1,1,1,1,31,6,-1,-1,-1,-1,7,E01010999,0,-1
2023411315987,2023,411315987,2,9,0,9,9,8,2,0,0,8,0,0,7,0,3,1,1,1,1,24,5,1968,2,8,VOLKSWAGEN CC,6,E01023932,0,-1
2023141312513,2023,141312513,1,9,0,13,13,3,7,0,0,0,1,7,4,1,1,1,6,6,1,25,5,1968,2,11,VOLKSWAGEN CC,1,E01008118,0,-1
2023430521985,2023,430521985,2,9,0,18,19,4,8,0,0,0,0,0,0,0,1,1,6,6,1,45,7,1968,2,11,VOLKSWAGEN CC,-1,-1,0,-1
2023041294677,2023,041294677,1,9,0,18,19,5,1,0,0,1,0,0,0,0,1,1,6,6,3,-1,-1,1968,2,7,VOLKSWAGEN CC,-1,-1,0,-1
2023010422333,2023,010422333,1,9,0,3,3,1,5,0,0,1,0,0,0,0,0,1,6,6,1,23,5,1968,2,9,VOLKSWAGEN CC,4,E01001148,0,-1
2023101322142,2023,101322142,2,9,0,2,2,0,0,9,9,0,0,0,0,0,2,1,6,6,3,-1,-1,1968,2,10,VOLKSWAGEN CC,-1,-1,0,-1
2023122300496,2023,122300496,1,9,0,9,9,1,7,0,0,6,0,0,0,0,3,1,6,6,1,50,8,1968,2,8,VOLKSWAGEN CC,2,E01027909,0,-1
2023371393866,2023,371393866,4,9,0,18,19,5,1,0,0,0,1,0,7,0,1,1,5,6,1,45,7,1968,2,9,VOLKSWAGEN CC,6,E01033541,0,-1
2023430310283,2023,430310283,3,9,0,2,2,0,0,0,0,0,0,0,0,0,3,1,6,6,3,-1,-1,1968,2,10,VOLKSWAGEN CC,-1,-1,0,-1
2023101335575,2023,101335575,1,9,0,18,19,3,7,0,0,8,0,0,0,0,1,1,5,6,1,38,7,1968,2,9,VOLKSWAGEN CC,-1,-1,0,-1
2023131321352,2023,131321352,1,9,0,18,19,3,7,0,0,0,0,0,0,0,3,1,5,6,1,29,6,1968,2,11,VOLKSWAGEN CC,2,E01010628,0,-1
2023141366640,2023,141366640,3,9,0,3,3,1,1,0,0,1,0,0,0,0,1,1,5,6,1,31,6,1968,2,11,VOLKSWAGEN CC,1,E01007648,0,-1
2023201383990,2023,201383990,2,9,0,2,2,0,0,0,0,2,0,0,0,0,4,1,6,6,3,-1,-1,1968,2,11,VOLKSWAGEN CC,-1,-1,0,-1
2023631356621,2023,631356621,2,9,0,3,3,1,5,0,0,1,0,0,0,0,2,1,6,6,2,41,7,1968,2,7,VOLKSWAGEN CC,9,W01001934,0,-1
2023430520912,2023,430520912,3,9,0,2,2,0,0,0,0,2,0,0,0,0,1,1,6,6,3,-1,-1,1968,2,8,VOLKSWAGEN CC,-1,-1,0,-1
2023411353531,2023,411353531,1,9,0,18,19,8,4,0,0,8,0,0,0,0,1,1,6,6,1,54,8,1968,2,10,VOLKSWAGEN CC,7,E01023888,0,-1
2023061324610,2023,061324610,2,9,0,18,19,7,3,0,0,0,0,0,7,11,1,1,5,6,1,29,6,1968,2,9,VOLKSWAGEN CC,4,E01025213,0,-1
2023340WN7352,2023,340WN7352,2,9,0,4,4,6,2,0,0,0,0,0,0,0,2,1,6,6,1,24,5,1968,2,10,VOLKSWAGEN CC,2,E01027246,0,-1
2023421361783,2023,421361783,2,9,0,18,19,5,1,0,0,0,1,0,0,0,3,1,5,6,1,81,11,1968,2,7,VOLKSWAGEN CC,10,E01021559,0,-1
2023411337434,2023,411337434,1,9,0,13,13,1,1,0,0,0,0,0,0,0,2,1,6,6,1,28,6,1968,2,7,VOLKSWAGEN CC,5,E01023904,0,-1
2023311275055,2023,311275055,2,9,0,16,19,5,3,0,0,0,0,0,0,0,1,1,5,6,2,26,6,1968,2,8,VOLKSWAGEN CC,1,E01028247,0,-1
2023552300846,2023,552300846,2,9,0,4,4,8,4,0,0,0,0,0,0,0,2,1,6,6,1,79,11,1968,2,10,VOLKSWAGEN CC,1,E01014116,0,-1
2023461303616,2023,461303616,1,9,0,18,19,2,6,0,0,4,0,0,0,0,3,1,6,6,1,45,7,1968,2,8,VOLKSWAGEN CC,3,E01000335,0,-1
2023131293362,2023,131293362,2,9,0,9,9,7,5,0,0,8,0,0,0,0,3,1,6,6,1,33,6,1968,2,7,VOLKSWAGEN CC,1,E01010868,0,-1
2023411375291,2023,411375291,2,9,0,18,19,3,7,0,0,3,0,0,0,0,1,1,5,6,1,40,7,1968,2,10,VOLKSWAGEN CC,7,E01023585,0,-1
2023101366644,2023,101366644,5,9,0,18,19,5,1,0,0,0,0,0,0,0,1,1,5,6,1,42,7,1968,2,10,VOLKSWAGEN CC,4,E01008654,0,-1
2023991315571,2023,991315571,1,9,0,16,19,7,3,0,0,0,1,0,0,0,1,1,6,6,2,62,9,1968,2,11,VOLKSWAGEN CC,5,-1,0,-1
2023010422194,2023,010422194,1,9,0,1,1,8,4,0,0,2,0,0,0,0,2,1,6,6,1,33,6,1968,2,10,VOLKSWAGEN CC,-1,-1,0,-1
2023010437584,2023,010437584,1,9,0,99,99,9,9,99,99,9,9,99,9,99,2,9,6,6,2,36,7,1968,2,8,VOLKSWAGEN CC,2,E01002097,0,-1
2023211309968,2023,211309968,1,9,0,18,19,5,1,0,0,0,0,0,0,0,3,1,1,1,1,43,7,1968,2,10,VOLKSWAGEN CC,-1,-1,0,-1
2023991339144,2023,991339144,1,9,0,9,9,2,8,0,0,0,0,0,0,0,1,1,5,6,1,35,6,1968,2,8,VOLKSWAGEN CC,2,E01012666,0,-1
2023430563159,2023,430563159,3,9,0,3,3,8,4,0,0,0,0,0,0,0,2,1,6,6,1,55,8,1968,2,11,VOLKSWAGEN CC,-1,-1,0,-1
2023070049814,2023,070049814,1,9,0,18,19,5,1,0,0,0,5,4,0,0,1,1,6,6,1,69,10,1968,2,9,VOLKSWAGEN CC,9,E01018494,0,-1
2023340WN0252,2023,340WN0252,2,9,0,3,3,5,1,0,0,0,0,0,0,0,2,1,2,2,1,38,7,1968,2,9,VOLKSWAGEN CC,8,E01027160,0,-1
2023131349523,2023,131349523,2,9,0,13,13,5,2,0,0,0,0,11,1,0,3,1,3,7,1,46,8,1968,2,9,VOLKSWAGEN CC,1,E01011294,0,-1
2023201339750,2023,201339750,2,9,0,18,19,8,4,0,0,8,0,0,0,0,3,1,6,6,1,-1,-1,1968,2,9,VOLKSWAGEN CC,-1,-1,0,-1
2023041296826,2023,041296826,1,9,0,18,19,7,3,0,0,0,0,0,0,0,1,1,2,2,1,35,6,1968,2,8,VOLKSWAGEN CC,3,E01012587,0,-1
2023522301172,2023,522301172,1,9,0,18,19,7,3,0,0,0,0,0,1,0,1,1,6,6,1,32,6,1968,2,10,VOLKSWAGEN CC,-1,-1,0,-1
2023221283487,2023,221283487,1,9,0,9,9,7,5,0,0,5,0,0,0,0,4,1,5,6,2,62,9,1968,2,10,VOLKSWAGEN CC,8,E01014167,0,-1
2023421312249,2023,421312249,2,9,0,4,4,7,3,0,0,0,0,0,0,0,2,1,6,6,1,42,7,1968,2,9,VOLKSWAGEN CC,8,E01031620,0,-1
2023131312635,2023,131312635,1,9,0,18,19,3,7,0,0,1,5,0,3,11,1,1,6,6,3,-1,-1,1968,2,8,VOLKSWAGEN CC,-1,-1,0,-1
2023340WN5922,2023,340WN5922,2,9,0,5,5,6,2,0,0,4,0,0,0,0,2,1,6,6,1,45,7,1968,2,7,VOLKSWAGEN CC,1,E01027249,0,-1
2023010423161,2023,010423161,1,9,0,99,99,9,9,99,99,9,9,99,9,99,9,9,6,6,1,25,5,1968,2,8,VOLKSWAGEN CC,7,E01000674,0,-1