collision_index,collision_year,collision_ref_no,vehicle_reference,vehicle_type,towing_and_articulation,vehicle_manoeuvre_historic,vehicle_manoeuvre,vehicle_direction_from,vehicle_direction_to,vehicle_location_restricted_lane_historic,vehicle_location_restricted_lane,junction_location,skidding_and_overturning,hit_object_in_carriageway,vehicle_leaving_carriageway,hit_object_off_carriageway,first_point_of_impact,vehicle_left_hand_drive,journey_purpose_of_driver_historic,journey_purpose_of_driver,sex_of_driver,age_of_driver,age_band_of_driver,engine_capacity_cc,propulsion_code,age_of_vehicle,generic_make_model,driver_imd_decile,lsoa_of_driver,escooter_flag,driver_distance_banding
2023991282894,2023,991282894,1,9,0,6,6,4,4,0,0,1,0,0,3,0,3,1,5,6,1,42,7,1968,2,10,VOLKSWAGEN CC,-1,-1,0,-1
2023201380010,2023,201380010,1,9,0,4,4,1,5,0,0,0,0,0,0,0,1,1,6,6,1,-1,-1,1968,2,9,VOLKSWAGEN CC,2,E01010338,0,-1
2023201384776,2023,201384776,3,9,0,18,19,3,7,0,0,0,0,0,0,0,2,1,5,6,2,52,8,1968,2,7,VOLKSWAGEN CC,1,E01010272,0,-1
2023302301211,2023,302301211,1,9,0,18,19,2,6,0,0,0,0,0,0,0,3,1,6,6,1,53,8,1968,2,8,VOLKSWAGEN CC,1,E01013485,0,-1
2023531356154,2023,531356154,2,9,0,3,3,5,1,0,0,4,0,0,0,0,2,1,6,6,1,-1,-1,1968,2,9,VOLKSWAGEN CC,-1,-1,0,-1
2023101354122,2023,101354122,1,9,0,18,19,7,3,0,0,1,0,0,0,0,1,1,1,1,1,36,7,1968,2,10,VOLKSWAGEN CC,-1,-1,0,-1
2023501377660,2023,501377660,1,3,0,14,14,7,3,0,0,1,0,0,0,0,3,1,6,6,1,38,7,124,1,6,-1,6,E01018858,0,-1
2023010484153,2023,010484153,2,9,9,1,1,9,9,99,99,9,9,99,9,99,9,9,6,6,3,-1,-1,5935,1,9,-1,-1,-1,0,-1
2023552301046,2023,552301046,1,9,0,18,19,7,3,0,0,0,0,0,1,0,3,1,6,6,1,48,8,5935,1,11,-1,9,E01022982,0,-1
2023440414599,2023,440414599,1,5,0,18,19,8,4,0,0,2,0,0,0,0,1,1,6,6,1,60,9,652,1,0,-1,9,E01022774,0,-1
2023461356299,2023,461356299,1,5,0,18,19,8,1,0,0,3,2,0,0,0,3,1,5,6,1,76,11,652,1,0,-1,5,E01024110,0,-1
2023131317249,2023,131317249,1,5,0,4,4,7,3,0,0,1,0,0,0,0,2,1,5,6,1,74,10,652,1,0,-1,8,E01011203,0,-1
2023430539781,2023,430539781,2,5,0,10,10,1,5,0,0,1,0,0,0,0,2,1,6,6,1,40,7,693,1,0,-1,9,E01028747,0,-1
2023141270916,2023,141270916,1,3,0,18,19,1,5,0,0,8,5,0,0,0,1,1,6,6,1,51,8,102,1,16,-1,2,E01007539,0,-1
2023302300055,2023,302300055,2,2,0,18,19,6,2,0,0,1,0,0,0,0,4,1,6,6,1,34,6,102,1,18,-1,-1,-1,0,-1
2023501276953,2023,501276953,2,3,0,7,7,5,7,0,0,8,0,0,0,0,1,1,5,6,1,61,9,102,1,19,-1,4,E01020189,0,-1
2023501389406,2023,501389406,1,3,0,18,19,1,5,0,0,1,0,0,0,0,1,1,1,1,1,19,4,102,1,16,-1,2,E01015023,0,-1
2023610017423,2023,610017423,2,5,0,18,19,5,1,0,0,8,0,0,0,0,1,1,6,6,1,35,6,625,1,18,-1,3,W01001353,0,-1
2023361347575,2023,361347575,1,5,0,18,19,3,7,0,0,0,1,0,0,0,1,1,5,6,1,52,8,693,1,2,KTM 690 SMC,2,E01026607,0,-1
2023471341407,2023,471341407,2,5,0,18,19,3,7,0,0,8,5,0,0,0,4,1,6,6,1,34,6,693,1,0,KTM 690 SMC,6,E01030818,0,-1
2023361353847,2023,361353847,1,5,0,13,13,3,7,0,0,0,0,0,0,0,1,1,5,6,1,36,7,693,1,1,KTM 690 SMC,8,E01026948,0,-1
2023401364783,2023,401364783,1,5,0,18,19,2,4,0,0,1,0,0,0,0,1,1,6,6,1,30,6,654,1,12,KTM 690 SMC,9,E01017549,0,-1
2023421330173,2023,421330173,1,5,0,5,5,3,6,0,0,1,0,0,0,0,1,1,5,6,1,30,6,690,1,9,KTM 690 SMC,9,E01021397,0,-1
2023461312863,2023,461312863,1,5,0,13,13,2,6,0,0,1,0,0,0,0,1,1,5,6,1,32,6,690,1,7,KTM 690 SMC,5,E01016156,0,-1
2023010427970,2023,010427970,2,5,0,18,19,4,8,0,0,1,2,0,0,0,1,1,2,2,1,34,6,693,1,1,KTM 690 SMC,9,E01030413,0,-1
2023010486695,2023,010486695,1,5,0,18,19,1,5,2,2,1,0,0,0,0,1,1,6,6,1,37,7,693,1,1,KTM 690 SMC,5,E01003016,0,-1
2023010470944,2023,010470944,1,5,0,18,19,3,7,0,0,0,2,0,0,0,1,1,6,6,1,32,6,693,1,0,KTM 690 SMC,-1,-1,0,-1
2023170S11373,2023,170S11373,2,5,0,13,13,2,6,0,0,8,0,0,0,0,1,1,6,6,1,41,7,693,1,3,KTM 690 SMC,1,E01032542,0,-1
2023522300992,2023,522300992,2,5,0,18,19,7,2,0,0,8,0,0,0,0,2,1,6,6,1,54,8,690,1,7,KTM 690 SMC,7,E01014554,0,-1
2023440403576,2023,440403576,1,3,0,14,14,6,2,0,0,0,0,0,0,0,1,1,6,6,1,20,4,124,1,12,-1,2,E01017265,0,-1
2023161304414,2023,161304414,2,9,0,18,19,6,2,0,0,0,0,0,0,0,1,1,6,6,2,47,8,1798,1,11,MAZDA 6,-1,-1,0,-1
2023351318878,2023,351318878,1,9,0,18,19,8,4,0,0,0,0,0,8,6,4,1,2,2,1,28,6,2184,2,9,MAZDA 6,6,E01018111,0,-1
2023531259765,2023,531259765,3,9,0,18,19,1,5,0,0,0,0,0,0,0,3,1,6,6,1,25,5,1999,1,16,MAZDA 6,4,E01032936,0,-1
2023340WN6732,2023,340WN6732,2,9,0,18,19,7,3,0,0,8,1,0,0,0,3,1,6,6,1,45,7,1999,1,13,MAZDA 6,3,E01027152,0,-1
2023461371931,2023,461371931,1,9,0,18,19,5,1,0,0,0,0,0,0,0,1,1,2,2,1,70,10,1998,1,15,MAZDA 6,7,E01016124,0,-1
2023101324560,2023,101324560,1,9,0,18,19,8,5,0,0,0,0,0,0,0,1,1,6,6,1,-1,-1,1999,1,17,MAZDA 6,-1,-1,0,-1
2023052302362,2023,052302362,3,9,0,18,19,7,3,0,0,0,0,0,0,0,2,1,2,2,1,44,7,1998,1,8,MAZDA 6,2,E01006441,0,-1
2023440081745,2023,440081745,3,9,0,3,3,5,1,0,0,0,0,0,0,0,2,1,2,2,1,37,7,1997,1,8,MAZDA 6,7,E01031417,0,-1
2023461356470,2023,461356470,1,9,0,17,19,1,5,0,0,0,0,0,0,0,1,1,2,2,1,53,8,2191,2,7,MAZDA 6,8,E01024057,0,-1
2023461328976,2023,461328976,2,9,0,3,3,4,8,0,0,0,0,0,0,0,2,1,6,6,1,51,8,2488,1,15,MAZDA 6,8,E01016082,0,-1
2023451277321,2023,451277321,1,9,0,18,19,3,7,0,0,1,0,0,0,0,1,1,5,6,1,56,9,2191,2,7,MAZDA 6,10,E01030604,0,-1
2023401338272,2023,401338272,4,9,0,2,2,0,0,0,0,1,0,0,0,0,2,1,6,6,1,-1,-1,1998,2,15,MAZDA 6,3,E01017518,0,-1
2023201416130,2023,201416130,2,9,0,18,19,6,2,0,0,0,0,0,0,0,2,1,2,2,1,48,8,2183,2,13,MAZDA 6,2,E01010021,0,-1
2023010473201,2023,010473201,2,9,0,18,19,5,1,0,0,5,0,0,0,0,1,1,2,2,1,34,6,2191,2,7,MAZDA 6,6,E01017812,0,-1
2023211378150,2023,211378150,1,9,0,7,7,1,4,0,0,1,0,0,0,0,3,1,5,6,2,48,8,1998,1,5,MAZDA 6,2,E01029346,0,-1
2023622300640,2023,622300640,1,9,0,9,9,2,7,0,0,0,0,0,0,0,2,1,6,6,1,77,11,2191,2,5,MAZDA 6,9,E01013059,0,-1
2023201393148,2023,201393148,2,9,0,9,9,2,8,0,0,3,0,10,1,2,4,1,1,1,1,50,8,1998,1,7,MAZDA 6,1,E01009581,0,-1
2023010431029,2023,010431029,2,9,0,99,99,9,9,99,99,9,9,99,9,99,9,9,6,6,3,-1,-1,2191,2,5,MAZDA 6,-1,-1,0,-1
2023161335869,2023,161335869,1,9,0,18,19,3,7,0,0,0,0,0,0,0,3,1,6,6,1,33,6,2184,2,14,MAZDA 6,1,E01012880,0,-1
2023010481429,2023,010481429,1,9,0,3,3,5,1,0,0,1,0,0,0,0,4,1,1,1,1,26,6,2184,2,14,MAZDA 6,1,E01002036,0,-1
2023401316265,2023,401316265,4,9,-1,-1,-1,-1,-1,-1,-1,-1,-1,-1,-1,0,-1,1,6,6,3,-1,-1,2183,2,13,MAZDA 6,-1,-1,0,-1
2023161322684,2023,161322684,2,9,0,5,5,3,7,0,0,1,0,0,0,0,1,1,6,6,1,47,8,2183,2,12,MAZDA 6,-1,-1,0,-1
2023440040123,2023,440040123,2,9,0,18,19,1,5,0,0,2,0,0,0,0,2,1,6,6,1,30,6,2191,2,9,MAZDA 6,6,E01022520,0,-1
2023061382126,2023,061382126,4,9,0,2,2,0,0,0,0,0,1,0,0,0,2,1,6,6,3,-1,-1,1998,1,2,MAZDA 6,-1,-1,0,-1
2023501350178,2023,501350178,2,9,0,18,19,1,5,0,0,8,0,0,0,0,1,1,5,6,2,80,11,1998,1,14,MAZDA 6,8,E01019934,0,-1
2023451340107,2023,451340107,1,9,0,4,4,5,1,0,0,1,0,0,0,0,1,1,5,6,1,19,4,2191,2,8,MAZDA 6,8,E01030556,0,-1
2023010447278,2023,010447278,1,9,0,18,19,3,7,0,0,2,0,0,0,0,1,1,6,6,1,35,6,2191,2,10,MAZDA 6,7,E01000309,0,-1
2023471290136,2023,471290136,1,9,0,18,19,5,1,0,0,1,0,0,0,0,3,1,6,6,1,-1,-1,1998,2,15,MAZDA 6,-1,-1,0,-1
2023061323528,2023,061323528,3,9,0,3,3,-1,-1,0,0,0,0,0,0,0,2,1,6,6,1,-1,-1,2184,2,9,MAZDA 6,1,E01005147,0,-1
2023201398657,2023,201398657,1,9,0,9,9,3,1,0,0,6,0,0,0,0,1,1,6,6,1,48,8,2488,1,15,MAZDA 6,2,E01032369,0,-1
2023361382953,2023,361382953,1,9,0,4,4,5,1,0,0,1,0,0,0,0,1,1,6,6,2,38,7,1998,1,0,MAZDA 6,5,E01026766,0,-1
2023401377050,2023,401377050,2,9,0,3,3,1,5,0,0,0,0,0,0,0,2,1,2,2,1,23,5,2191,2,7,MAZDA 6,-1,-1,0,-1
2023221303387,2023,221303387,2,9,0,18,19,3,7,0,0,0,0,0,0,0,1,1,5,6,2,31,6,2183,2,13,MAZDA 6,8,E01028917,0,-1
2023161272123,2023,161272123,1,9,0,18,19,5,1,0,0,2,0,0,0,0,4,1,2,2,1,50,8,1798,1,11,MAZDA 6,2,E01013332,0,-1
2023440355840,2023,440355840,1,9,0,18,19,4,8,0,0,0,0,4,0,0,1,1,6,6,1,67,10,2184,2,14,MAZDA 6,8,E01030782,0,-1
2023471338771,2023,471338771,2,9,0,18,19,1,5,0,0,1,0,0,0,0,1,1,5,6,1,23,5,1999,1,11,MAZDA 6,6,E01002186,0,-1
2023531282171,2023,531282171,1,9,0,18,19,8,4,0,0,0,0,0,1,0,3,1,6,6,1,23,5,2183,2,12,MAZDA 6,2,E01015791,0,-1
2023010464637,2023,010464637,2,9,0,7,7,1,3,0,0,4,0,0,0,0,0,1,6,6,1,47,8,2191,2,8,MAZDA 6,2,E01002314,0,-1
2023010422218,2023,010422218,1,9,0,99,99,9,9,0,0,8,0,0,0,0,1,1,6,6,3,-1,-1,2183,2,13,MAZDA 6,-1,-1,0,-1
2023010431258,2023,010431258,1,9,0,4,4,6,2,0,0,0,0,0,0,0,3,1,2,2,2,40,7,2184,2,9,MAZDA 6,9,E01000341,0,-1
2023010431795,2023,010431795,2,9,0,18,19,2,6,0,0,0,0,0,0,0,3,1,6,6,1,25,5,1798,1,17,MAZDA 6,4,E01002250,0,-1
2023231353436,2023,231353436,2,9,0,17,19,2,6,0,0,0,0,0,1,0,1,1,5,6,2,30,6,2191,2,7,MAZDA 6,5,E01022379,0,-1
2023351356106,2023,351356106,3,9,0,4,4,7,3,0,0,0,0,0,0,0,1,1,5,6,2,59,9,1999,1,13,MAZDA 6,5,E01031327,0,-1
2023440306112,2023,440306112,1,9,0,18,19,2,6,0,0,0,0,0,1,4,1,1,2,2,1,26,6,1999,1,14,MAZDA 6,10,E01022580,0,-1
2023461271313,2023,461271313,1,9,0,11,11,4,8,0,0,0,0,0,0,0,3,1,5,6,1,43,7,2191,2,4,MAZDA 6,5,E01024366,0,-1
2023111329067,2023,111329067,2,9,0,18,19,5,1,0,0,8,0,0,0,0,1,1,6,6,2,57,9,1998,1,4,MAZDA 6,1,E01020819,0,-1
2023111383225,2023,111383225,1,9,0,18,19,1,5,0,0,8,1,0,1,0,1,1,2,2,1,58,9,2183,2,13,MAZDA 6,8,E01008808,0,-1
2023991314828,2023,991314828,1,9,0,2,2,0,0,0,0,0,0,10,0,0,1,1,5,6,1,33,6,1798,1,11,MAZDA 6,-1,-1,0,-1
2023231339484,2023,231339484,1,9,0,9,9,2,8,0,0,5,0,0,0,0,1,1,5,6,1,40,7,1999,1,17,MAZDA 6,10,E01031313,0,-1
2023440198451,2023,440198451,2,9,0,18,19,1,5,0,0,8,0,0,0,0,1,1,6,6,1,24,5,1998,2,15,MAZDA 6,8,E01022758,0,-1
2023461311360,2023,461311360,2,9,0,4,4,6,1,0,0,3,0,0,0,0,2,1,6,6,1,-1,-1,2183,2,13,MAZDA 6,5,E01024638,0,-1
2023440038678,2023,440038678,1,9,0,18,19,7,3,0,0,0,0,0,0,0,1,1,6,6,2,79,11,1998,1,9,MAZDA 6,4,E01017128,0,-1
2023131361758,2023,131361758,4,9,0,5,5,5,1,0,0,0,0,0,0,0,3,1,6,6,2,50,8,2191,2,9,MAZDA 6,1,E01010673,0,-1
2023010424107,2023,010424107,2,9,0,18,19,1,5,0,0,0,0,0,1,0,1,1,1,1,1,48,8,1999,1,12,MAZDA 6,4,E01001609,0,-1
2023411306238,2023,411306238,1,9,0,5,5,3,7,0,0,8,0,0,0,0,1,1,5,6,1,68,10,2191,2,6,MAZDA 6,9,E01017389,0,-1
2023501372084,2023,501372084,1,9,0,18,19,2,6,0,0,0,0,0,2,10,4,1,5,6,1,54,8,2183,2,12,MAZDA 6,1,E01018767,0,-1
2023531332277,2023,531332277,2,9,0,18,19,5,1,0,0,8,0,0,0,0,1,1,5,6,1,34,6,1798,1,13,MAZDA 6,8,E01022447,0,-1
2023231273884,2023,231273884,1,9,0,18,19,1,5,0,0,1,0,0,0,0,2,1,5,6,1,39,7,2191,2,9,MAZDA 6,2,E01031046,0,-1
2023221351956,2023,221351956,1,9,0,18,19,4,8,0,0,8,0,0,0,0,4,1,1,1,1,47,8,2191,2,5,MAZDA 6,10,E01032154,0,-1
2023161342580,2023,161342580,1,9,0,11,11,7,2,0,0,0,0,0,0,0,4,1,5,6,2,61,9,2191,2,8,MAZDA 6,9,E01032683,0,-1
2023501286139,2023,501286139,2,9,0,18,19,5,1,0,0,1,0,0,0,0,1,1,6,6,1,38,7,2488,1,15,MAZDA 6,5,E01015188,0,-1
2023311380704,2023,311380704,1,9,0,18,19,2,6,0,0,0,0,0,0,0,1,1,5,6,2,66,10,2183,2,12,MAZDA 6,5,E01027945,0,-1
2023461369205,2023,461369205,1,9,0,18,19,3,7,0,0,1,0,0,0,0,1,1,6,6,1,53,8,1998,1,6,MAZDA 6,-1,-1,0,-1
2023401315414,2023,401315414,2,9,0,18,19,3,7,0,0,4,0,0,0,0,2,1,6,6,1,45,7,1999,1,12,MAZDA 6,7,E01017548,0,-1
2023340NN0322,2023,340NN0322,1,9,0,13,13,8,4,0,0,1,1,0,0,0,1,1,6,6,1,38,7,1999,1,16,MAZDA 6,8,E01027101,0,-1
2023471314562,2023,471314562,1,9,0,5,5,3,5,0,0,3,0,0,0,0,1,1,5,6,1,82,11,1999,1,13,MAZDA 6,8,E01031564,0,-1
2023440218486,2023,440218486,2,9,0,18,19,7,3,0,0,8,0,0,0,0,4,1,6,6,1,50,8,2191,2,7,MAZDA 6,10,E01023268,0,-1
2023010475192,2023,010475192,2,9,0,99,99,9,9,99,99,9,9,99,9,99,1,9,6,6,3,29,6,1999,1,17,MAZDA 6,8,E01023307,0,-1
2023991316933,2023,991316933,1,9,0,4,4,1,5,0,0,0,0,0,0,0,1,1,5,6,2,36,7,2183,2,12,MAZDA 6,5,-1,0,-1
2023552300430,2023,552300430,3,9,0,10,10,3,2,0,0,1,0,0,0,0,1,1,6,6,1,22,5,2488,1,4,MAZDA 6,3,E01015429,0,-1
2023440493088,2023,440493088,2,9,0,5,5,1,5,0,0,8,0,0,0,0,3,1,6,6,1,44,7,1998,1,8,MAZDA 6,6,E01023236,0,-1
2023111369344,2023,111369344,1,9,0,5,5,8,4,0,0,0,0,0,0,0,1,1,6,6,2,30,6,2183,2,11,MAZDA 6,-1,-1,0,-1
2023010434932,2023,010434932,1,9,0,99,99,9,9,99,99,9,9,99,9,99,2,9,6,6,1,34,6,1998,1,7,MAZDA 6,2,E01001118,0,-1
2023101387682,2023,101387682,1,9,0,18,19,-1,-1,0,0,2,0,0,0,0,0,1,1,1,1,-1,-1,2191,2,8,MAZDA 6,-1,-1,0,-1
2023010464059,2023,010464059,4,9,0,2,2,0,0,9,9,8,0,0,0,0,1,1,6,6,3,-1,-1,1998,1,15,MAZDA 6,-1,-1,0,-1
2023131307057,2023,131307057,1,9,0,-1,-1,-1,-1,-1,-1,0,-1,-1,-1,-1,-1,1,5,6,1,44,7,2183,2,11,MAZDA 6,8,E01011514,0,-1
2023122301120,2023,122301120,1,9,0,18,19,8,4,0,0,0,0,0,1,0,1,1,6,6,2,18,4,2191,2,7,MAZDA 6,8,-1,0,-1
2023010448743,2023,010448743,4,9,0,2,2,0,0,0,0,0,0,0,0,0,2,1,6,6,3,-1,-1,1998,1,10,MAZDA 6,-1,-1,0,-1
2023531267337,2023,531267337,1,9,0,18,19,3,7,0,0,0,0,0,0,0,-1,1,6,6,1,69,10,2191,2,8,MAZDA 6,9,E01014888,0,-1
2023340NN3572,2023,340NN3572,2,9,0,16,19,5,2,0,0,3,0,0,0,0,4,1,6,6,3,-1,-1,2191,2,8,MAZDA 6,-1,-1,0,-1
2023991272283,2023,991272283,1,9,0,18,19,4,8,0,0,4,0,0,0,0,1,1,5,6,1,49,8,1998,1,5,MAZDA 6,5,-1,0,-1
2023201388993,2023,201388993,1,9,0,9,9,5,4,0,0,6,0,0,0,0,4,1,6,6,1,71,10,1998,1,8,MAZDA 6,2,E01032470,0,-1
2023010431591,2023,010431591,1,9,0,1,1,3,7,0,0,1,0,0,0,0,2,1,6,6,3,-1,-1,2184,2,14,MAZDA 6,-1,-1,0,-1
2023010443114,2023,010443114,2,9,0,99,99,9,9,99,99,9,9,99,9,99,1,9,6,6,3,-1,-1,1998,1,10,MAZDA 6,-1,-1,0,-1
2023991314530,2023,991314530,1,9,0,18,19,7,2,0,0,0,0,0,0,0,1,1,5,6,1,42,7,2191,2,9,MAZDA 6,2,-1,0,-1
2023411349564,2023,411349564,2,9,-1,-1,-1,-1,-1,-1,-1,0,-1,-1,-1,0,-1,1,5,6,2,32,6,1998,2,16,MAZDA 6,9,E01023509,0,-1
2023041284750,2023,041284750,1,9,0,18,19,3,7,0,0,1,0,0,0,0,1,1,5,6,1,43,7,1798,1,11,MAZDA 6,10,E01025414,0,-1
2023440325757,2023,440325757,1,9,0,4,4,6,2,0,0,0,0,0,0,0,2,1,1,1,2,34,6,1998,2,14,MAZDA 6,2,E01015312,0,-1
2023010443000,2023,010443000,2,9,9,99,99,9,9,99,99,9,9,99,9,99,9,9,6,6,3,-1,-1,1998,2,15,MAZDA 6,-1,-1,0,-1
2023131292874,2023,131292874,2,9,0,17,19,5,1,0,0,1,0,0,0,0,1,1,5,6,1,35,6,1999,1,17,MAZDA 6,2,E01010796,0,-1
2023471385411,2023,471385411,2,9,0,18,19,3,7,0,0,1,0,0,0,0,1,1,5,6,1,31,6,1999,1,18,MAZDA 6,1,E01020980,0,-1
2023211293246,2023,211293246,3,9,0,2,2,4,4,0,0,0,0,0,0,0,1,1,5,6,3,-1,-1,2488,1,15,MAZDA 6,-1,-1,0,-1
2023430561863,2023,430561863,2,9,0,18,19,6,2,0,0,0,0,0,0,0,1,1,6,6,1,-1,-1,1999,1,21,MAZDA 6,-1,-1,0,-1
2023430552553,2023,430552553,2,9,0,18,19,4,8,0,0,0,0,0,0,0,3,1,6,6,1,37,7,2183,2,13,MAZDA 6,-1,-1,0,-1
2023440425660,2023,440425660,1,9,0,9,9,6,4,0,0,8,0,0,0,0,1,1,3,7,1,70,10,1999,1,16,MAZDA 6,-1,-1,0,-1
2023010485015,2023,010485015,3,9,0,4,4,7,3,0,0,0,0,0,0,0,1,1,6,6,1,28,6,1999,1,16,MAZDA 6,7,E01016124,0,-1
2023991333638,2023,991333638,1,9,0,18,19,2,6,0,0,0,0,4,0,0,1,1,5,6,1,58,9,1998,1,15,MAZDA 6,5,-1,0,-1
2023101388169,2023,101388169,1,9,0,9,9,3,7,0,0,2,0,0,0,0,1,1,6,6,1,24,5,2184,2,14,MAZDA 6,6,E01008233,0,-1
2023131317116,2023,131317116,1,9,0,18,19,7,3,0,0,2,0,0,0,0,1,1,5,6,1,57,9,2191,2,7,MAZDA 6,4,E01027892,0,-1
2023010441039,2023,010441039,1,9,0,1,1,1,5,99,99,9,9,0,0,0,9,9,6,6,1,54,8,2191,2,8,MAZDA 6,2,E01003239,0,-1
2023201297237,2023,201297237,1,9,0,15,15,6,2,0,0,8,0,0,0,0,1,1,5,6,3,-1,-1,1998,1,14,MAZDA 6,-1,-1,0,-1
2023010439443,2023,010439443,3,9,0,2,2,0,0,0,0,1,0,4,0,0,1,1,6,6,3,-1,-1,1999,1,16,MAZDA 6,-1,-1,0,-1
2023010459693,2023,010459693,1,9,0,4,4,1,5,0,0,0,0,10,1,0,3,1,6,6,1,41,7,1999,1,16,MAZDA 6,6,E01001991,0,-1
2023421293982,2023,421293982,1,9,0,7,7,7,1,0,0,3,0,0,0,0,4,1,6,6,2,37,7,1999,1,12,MAZDA 6,4,E01022016,0,-1
2023010462428,2023,010462428,3,9,0,18,19,7,3,0,0,3,0,0,0,0,2,1,6,6,1,44,7,2191,2,7,MAZDA 6,6,E01002162,0,-1
2023501377315,2023,501377315,1,9,0,18,19,5,2,0,0,1,5,10,0,0,3,1,2,2,1,67,10,1998,1,1,MAZDA 6,5,E01019886,0,-1
2023351341749,2023,351341749,2,9,0,18,19,3,7,0,0,0,0,0,1,11,4,1,2,2,1,41,7,2191,2,8,MAZDA 6,8,E01015685,0,-1
2023552300328,2023,552300328,2,9,0,18,19,3,7,0,0,8,0,0,1,2,3,1,6,6,2,41,7,2183,2,12,MAZDA 6,6,E01015318,0,-1
2023121311443,2023,121311443,2,9,0,18,19,1,5,0,0,0,0,0,0,0,2,1,6,6,2,58,9,1998,1,15,MAZDA 6,6,E01027916,0,-1
2023440100362,2023,440100362,2,9,0,3,3,2,6,0,0,1,0,0,0,0,2,1,2,2,2,22,5,2261,1,18,MAZDA 6,2,E01017272,0,-1
2023421308836,2023,421308836,2,9,0,18,19,5,1,0,0,0,0,0,0,0,1,1,5,6,2,35,6,1997,1,9,MAZDA 6,8,E01024414,0,-1
2023131316053,2023,131316053,2,9,0,9,9,3,1,0,0,8,0,0,0,0,4,1,6,6,1,67,10,2488,1,13,MAZDA 6,1,E01011475,0,-1
2023991387622,2023,991387622,2,9,0,18,19,3,7,0,0,0,0,0,0,0,2,1,6,6,1,35,6,1997,1,9,MAZDA 6,6,-1,0,-1
2023471313963,2023,471313963,4,9,0,18,19,1,5,0,0,1,0,0,0,0,2,1,1,1,2,45,7,1998,1,4,MAZDA 6,6,E01029750,0,-1
2023451303064,2023,451303064,1,9,0,18,19,1,1,0,0,8,0,0,0,0,4,1,5,6,2,42,7,1999,1,16,MAZDA 6,4,E01030619,0,-1
2023201292356,2023,201292356,2,9,0,10,10,4,2,0,0,8,0,0,0,0,2,1,6,6,1,49,8,2184,2,14,MAZDA 6,6,E01013285,0,-1
2023010431906,2023,010431906,1,9,0,99,99,9,9,0,0,9,0,0,0,0,1,1,2,2,2,44,7,2183,2,11,MAZDA 6,9,E01003824,0,-1
2023302301779,2023,302301779,1,9,0,15,15,1,5,0,0,8,1,0,1,11,3,1,6,6,1,24,5,2191,2,10,MAZDA 6,1,E01013484,0,-1
2023201292107,2023,201292107,2,9,0,18,19,7,3,0,0,8,0,0,0,0,1,1,6,6,1,33,6,1998,1,4,MAZDA 6,1,E01010430,0,-1
2023430016300,2023,430016300,1,9,0,3,3,1,5,0,0,0,0,0,0,0,2,1,2,2,1,38,7,2191,2,6,MAZDA 6,4,E01023877,0,-1
2023302300844,2023,302300844,3,9,0,18,19,6,2,0,0,0,0,0,0,0,1,1,2,2,1,34,6,2191,2,4,MAZDA 6,2,E01012318,0,-1
2023201284368,2023,201284368,1,9,0,18,19,7,3,0,0,0,0,0,0,0,1,1,6,6,1,-1,-1,1999,1,18,MAZDA 6,-1,-1,0,-1
2023071239075,2023,071239075,1,9,0,9,9,5,3,0,0,5,0,0,0,0,1,1,6,6,2,80,11,1998,2,17,MAZDA 6,6,E01012426,0,-1
2023451354019,2023,451354019,1,9,0,9,9,3,7,0,0,8,0,0,0,0,4,1,5,6,1,48,8,1998,1,14,MAZDA 6,9,E01030660,0,-1
2023421269967,2023,421269967,2,9,0,18,19,4,8,0,0,0,0,0,0,0,1,1,2,2,1,35,6,1999,1,18,MAZDA 6,4,E01021287,0,-1
2023141374265,2023,141374265,2,9,0,18,19,8,4,0,0,0,0,4,0,0,1,1,6,6,1,47,8,2191,2,8,MAZDA 6,3,E01029701,0,-1
2023041355407,2023,041355407,1,9,0,18,19,3,3,0,0,0,0,0,0,0,3,1,5,6,2,45,7,2191,2,10,MAZDA 6,8,E01025516,0,-1
2023131326348,2023,131326348,3,9,0,3,3,3,7,0,0,8,0,0,0,0,2,1,5,6,1,22,5,2191,2,6,MAZDA 6,4,E01011839,0,-1
2023351284413,2023,351284413,1,9,0,18,19,7,3,0,0,7,0,0,0,0,2,1,1,1,1,62,9,1998,1,1,MAZDA 6,7,E01018127,0,-1
2023991302005,2023,991302005,2,9,0,9,9,4,1,0,0,8,0,0,0,0,2,1,5,6,1,60,9,2191,2,7,MAZDA 6,9,-1,0,-1
2023522300378,2023,522300378,1,9,0,18,19,3,7,0,0,8,5,0,1,11,4,1,6,6,1,42,7,1999,1,16,MAZDA 6,10,E01014782,0,-1
2023122300255,2023,122300255,1,9,0,18,19,4,8,0,0,1,0,0,0,0,1,1,6,6,2,45,7,2184,2,9,MAZDA 6,6,E01027842,0,-1
2023231277510,2023,231277510,4,9,0,18,19,2,6,0,0,0,0,0,0,0,1,1,2,2,1,32,6,2183,2,12,MAZDA 6,10,E01028423,0,-1
2023421319588,2023,421319588,2,9,0,18,19,5,1,0,0,1,0,0,0,0,4,1,5,6,1,68,10,1999,1,16,MAZDA 6,4,E01015930,0,-1
2023010460223,2023,010460223,2,9,0,10,10,6,3,0,0,5,0,0,0,0,3,1,6,6,2,39,7,2184,2,14,MAZDA 6,3,E01030400,0,-1
2023010436239,2023,010436239,2,9,0,18,19,1,5,0,0,0,0,0,0,0,1,1,2,2,1,36,7,1798,1,14,MAZDA 6,1,E01002040,0,-1
2023430217795,2023,430217795,2,9,0,18,19,2,6,0,0,1,0,0,0,0,1,1,6,6,1,45,7,2183,2,12,MAZDA 6,-1,-1,0,-1
2023010443039,2023,010443039,1,9,0,10,10,1,7,0,0,6,0,0,0,0,1,1,6,6,1,70,10,1999,1,14,MAZDA 6,7,E01004134,0,-1