collision_index,collision_year,collision_ref_no,vehicle_reference,vehicle_type,towing_and_articulation,vehicle_manoeuvre_historic,vehicle_manoeuvre,vehicle_direction_from,vehicle_direction_to,vehicle_location_restricted_lane_historic,vehicle_location_restricted_lane,junction_location,skidding_and_overturning,hit_object_in_carriageway,vehicle_leaving_carriageway,hit_object_off_carriageway,first_point_of_impact,vehicle_left_hand_drive,journey_purpose_of_driver_historic,journey_purpose_of_driver,sex_of_driver,age_of_driver,age_band_of_driver,engine_capacity_cc,propulsion_code,age_of_vehicle,generic_make_model,driver_imd_decile,lsoa_of_driver,escooter_flag,driver_distance_banding
2023131346138,2023,131346138,2,9,0,2,2,0,0,0,0,8,0,0,0,0,4,1,6,6,3,-1,-1,2191,2,7,MAZDA 6,-1,-1,0,-1
2023461321978,2023,461321978,2,9,0,5,5,3,7,0,0,3,0,0,0,0,3,1,6,6,2,61,9,2183,2,12,MAZDA 6,7,E01016078,0,-1
2023371280387,2023,371280387,3,9,0,2,2,1,3,0,0,0,0,0,0,0,2,1,5,6,1,34,6,1998,1,3,MAZDA 6,2,E01029984,0,-1
2023201379957,2023,201379957,4,9,0,18,19,7,3,0,0,0,0,0,0,0,1,1,6,6,1,33,6,1998,2,14,MAZDA 6,1,E01010375,0,-1
2023552300972,2023,552300972,1,9,0,9,9,2,8,0,0,6,0,0,0,0,3,1,6,6,2,38,7,2183,2,13,MAZDA 6,3,E01015381,0,-1
2023010475693,2023,010475693,1,9,0,18,19,6,2,0,0,1,0,0,0,0,1,1,6,6,1,84,11,2191,2,7,MAZDA 6,9,E01023950,0,-1
2023332300223,2023,332300223,1,9,0,18,19,1,5,0,0,2,0,0,0,0,1,1,2,2,1,23,5,2191,2,6,MAZDA 6,2,E01032872,0,-1
2023070051618,2023,070051618,1,9,0,17,19,7,3,0,0,1,1,4,0,0,1,1,3,7,1,50,8,1999,1,12,MAZDA 6,2,E01018400,0,-1
2023231345208,2023,231345208,2,9,0,18,19,6,2,0,0,0,0,0,0,0,4,1,6,6,2,56,9,1998,1,1,MAZDA 6,10,E01022878,0,-1
2023340WN7302,2023,340WN7302,2,9,0,18,19,1,5,0,0,1,0,0,0,0,2,1,6,6,1,32,6,2183,2,13,MAZDA 6,1,E01013725,0,-1
2023010454403,2023,010454403,1,9,0,99,99,9,9,99,99,9,9,99,9,99,9,9,6,6,1,23,5,1999,1,16,MAZDA 6,3,E01000130,0,-1
2023361275027,2023,361275027,3,9,0,18,19,7,7,0,0,0,0,0,0,0,0,1,5,6,1,43,7,1998,2,15,MAZDA 6,5,E01026870,0,-1
2023311298716,2023,311298716,2,9,0,8,8,7,1,0,0,8,0,0,0,0,1,1,5,6,1,32,6,1999,1,14,MAZDA 6,7,E01028289,0,-1
2023520301251,2023,520301251,1,9,0,18,19,2,6,0,0,0,0,4,0,0,4,1,6,6,2,86,11,2261,1,19,MAZDA 6,5,E01029144,0,-1
2023430533994,2023,430533994,2,9,0,3,3,8,4,0,0,1,0,0,0,0,2,1,2,2,1,49,8,2183,2,12,MAZDA 6,2,E01016847,0,-1
202354C478023,2023,54C478023,2,9,0,4,4,6,2,0,0,0,0,0,0,0,2,1,6,6,1,69,10,2191,2,4,MAZDA 6,10,E01031970,0,-1
2023161332406,2023,161332406,2,9,0,18,19,5,1,0,0,8,0,0,0,0,1,1,6,6,1,52,8,1999,1,16,MAZDA 6,3,E01012839,0,-1
2023520000662,2023,520000662,2,9,0,4,4,4,8,0,0,0,0,0,0,0,1,1,6,6,1,21,5,1998,2,15,MAZDA 6,5,E01014432,0,-1
2023131290665,2023,131290665,1,9,0,18,19,8,4,0,0,1,0,0,0,0,1,1,5,6,1,44,7,2191,2,4,MAZDA 6,6,E01007695,0,-1
2023122301313,2023,122301313,2,9,0,18,19,3,7,0,0,0,0,0,0,0,1,1,6,6,1,40,7,2191,2,8,MAZDA 6,4,E01012056,0,-1
2023440352411,2023,440352411,1,9,0,18,19,7,3,0,0,0,0,0,0,0,1,1,6,6,1,54,8,1798,1,12,MAZDA 6,4,E01032847,0,-1
2023010424787,2023,010424787,1,9,0,10,10,2,7,0,0,8,0,0,0,0,1,1,6,6,1,25,5,1999,1,13,MAZDA 6,3,E01002405,0,-1
2023440379601,2023,440379601,2,9,0,18,19,3,7,0,0,8,0,11,3,10,3,1,6,6,2,80,11,1998,1,9,MAZDA 6,4,E01017128,0,-1
2023430542159,2023,430542159,2,9,0,18,19,6,2,0,0,0,0,0,0,0,3,1,6,6,2,37,7,2183,2,13,MAZDA 6,5,E01032726,0,-1
2023010480301,2023,010480301,1,9,0,18,19,3,7,2,2,1,0,0,0,0,1,1,6,6,1,37,7,1998,1,9,MAZDA 6,5,E01001859,0,-1
2023461302679,2023,461302679,1,9,0,4,4,-1,-1,0,0,4,0,0,0,0,1,1,5,6,1,72,10,2184,2,9,MAZDA 6,7,E01024189,0,-1
2023302301978,2023,302301978,2,9,0,18,19,7,3,0,0,8,0,0,0,0,3,1,6,6,1,29,6,2191,2,7,MAZDA 6,-1,-1,0,-1
2023071201897,2023,071201897,2,9,0,3,3,6,2,0,0,1,0,0,0,0,2,1,6,6,1,69,10,2183,2,11,MAZDA 6,7,E01025576,0,-1
2023340NN3672,2023,340NN3672,1,9,0,9,9,5,2,0,0,6,0,0,0,0,1,1,6,6,1,25,5,1998,1,10,MAZDA 6,4,E01027320,0,-1
2023122300815,2023,122300815,1,9,0,9,9,2,8,0,0,8,0,0,0,0,1,1,6,6,2,40,7,1798,1,11,MAZDA 6,6,E01013383,0,-1
2023440287442,2023,440287442,1,9,0,3,3,4,8,0,0,2,0,0,0,0,2,1,6,6,2,58,9,2191,2,8,MAZDA 6,1,E01017163,0,-1
2023231352872,2023,231352872,2,9,0,9,9,5,3,0,0,4,0,0,0,0,3,1,6,6,1,53,8,1998,1,3,MAZDA 6,8,E01025810,0,-1
2023010485834,2023,010485834,2,9,0,99,99,9,9,99,99,9,9,99,9,99,1,9,6,6,3,-1,-1,1999,1,17,MAZDA 6,-1,-1,0,-1
2023471375180,2023,471375180,1,9,0,18,19,3,7,0,0,0,0,0,0,0,1,1,5,6,1,52,8,2191,2,6,MAZDA 6,7,E01031616,0,-1
2023041319512,2023,041319512,2,9,0,18,19,6,2,0,0,0,0,0,0,0,3,1,3,7,2,49,8,2184,2,14,MAZDA 6,7,E01024985,0,-1
2023201306687,2023,201306687,3,9,0,3,3,5,1,0,0,1,0,0,0,0,3,1,1,1,1,64,9,1999,1,13,MAZDA 6,1,E01009335,0,-1
2023411387735,2023,411387735,2,9,0,18,19,1,5,0,0,8,0,0,0,0,1,1,5,6,1,49,8,2488,1,15,MAZDA 6,9,E01023406,0,-1
2023311351140,2023,311351140,1,9,0,7,7,2,3,0,0,3,0,0,0,0,3,1,6,6,1,19,4,1999,1,16,MAZDA 6,1,E01028318,0,-1
2023320510593,2023,320510593,1,9,0,18,19,1,5,0,0,0,0,0,1,0,1,1,2,2,1,54,8,2191,2,7,MAZDA 6,8,E01026368,0,-1
2023010443830,2023,010443830,2,9,0,15,15,8,4,0,0,1,0,0,0,0,1,1,1,1,1,30,6,2191,2,8,MAZDA 6,-1,-1,0,-1
2023430325749,2023,430325749,2,9,0,2,2,0,0,6,6,0,0,0,0,0,0,1,6,6,1,36,7,2184,2,14,MAZDA 6,6,E01013837,0,-1
2023411352392,2023,411352392,2,9,0,-1,-1,-1,-1,-1,-1,0,-1,-1,-1,0,-1,1,2,2,1,38,7,2191,2,9,MAZDA 6,5,E01023867,0,-1
2023451259263,2023,451259263,1,9,0,18,19,1,3,0,0,6,0,0,0,0,3,1,2,2,2,50,8,1999,1,13,MAZDA 6,10,E01030998,0,-1
2023361354118,2023,361354118,1,9,0,18,19,4,7,0,0,0,0,0,0,0,1,1,6,6,1,66,10,2191,2,7,MAZDA 6,8,E01026772,0,-1
2023522400389,2023,522400389,2,9,0,9,9,7,5,0,0,6,0,0,0,0,3,1,6,6,1,50,8,1999,1,16,MAZDA 6,1,E01014658,0,-1
2023201301203,2023,201301203,2,9,0,9,9,5,3,0,0,1,0,0,0,0,2,1,1,1,1,46,8,2261,1,17,MAZDA 6,4,E01002631,0,-1
2023010483858,2023,010483858,2,9,0,99,99,9,9,99,99,9,9,99,9,99,9,9,6,6,3,-1,-1,1998,1,7,MAZDA 6,-1,-1,0,-1
2023430357404,2023,430357404,2,9,0,2,2,0,0,6,6,0,0,0,0,0,2,1,6,6,1,54,8,2183,2,12,MAZDA 6,1,E01017250,0,-1
2023010455580,2023,010455580,1,9,0,18,19,7,3,0,0,2,0,0,0,0,4,1,2,2,1,49,8,2191,2,5,MAZDA 6,10,E01016214,0,-1
2023010449991,2023,010449991,2,9,0,99,99,9,9,99,99,9,9,99,9,99,1,9,6,6,1,65,9,1999,1,14,MAZDA 6,3,E01004698,0,-1
2023141362132,2023,141362132,2,9,0,9,9,4,2,0,0,8,0,0,0,0,1,1,2,2,2,45,7,1997,1,9,MAZDA 6,8,E01007713,0,-1
2023131356589,2023,131356589,1,9,0,18,19,5,1,0,0,0,0,4,0,0,1,1,5,6,1,73,10,1999,1,13,MAZDA 6,8,E01011889,0,-1
2023461350653,2023,461350653,1,9,0,16,19,5,1,0,0,0,0,0,7,0,1,1,6,6,1,71,10,2488,1,3,MAZDA 6,6,E01024023,0,-1
2023471275592,2023,471275592,1,9,0,18,19,5,8,0,0,0,1,4,7,11,1,1,5,6,1,28,6,1998,1,3,MAZDA 6,2,E01020911,0,-1
2023461289146,2023,461289146,1,9,0,3,3,7,3,0,0,0,0,0,0,0,2,1,3,7,1,23,5,1999,1,12,MAZDA 6,1,E01024682,0,-1
2023531291404,2023,531291404,1,9,0,18,19,5,1,0,0,4,0,0,0,0,1,1,2,2,2,49,8,2191,2,5,MAZDA 6,10,E01022193,0,-1
202360A058565,2023,60A058565,2,9,0,4,4,7,3,0,0,0,0,0,0,0,2,1,6,6,2,38,7,2183,2,12,MAZDA 6,-1,-1,0,-1
2023991263522,2023,991263522,2,9,0,18,19,5,8,0,0,1,0,0,0,0,1,1,6,6,1,39,7,2183,2,13,MAZDA 6,3,-1,0,-1
2023302301815,2023,302301815,1,9,0,18,19,2,6,0,0,0,1,0,1,11,1,1,6,6,1,21,5,2191,2,4,MAZDA 6,3,E01019437,0,-1
2023052301327,2023,052301327,2,9,0,7,7,1,7,0,0,1,0,0,0,0,3,1,6,6,2,56,9,1998,1,15,MAZDA 6,1,E01006729,0,-1
2023421318106,2023,421318106,1,9,0,16,19,3,7,0,0,0,0,0,0,0,1,1,5,6,1,82,11,1999,1,16,MAZDA 6,6,E01000232,0,-1
2023010474234,2023,010474234,2,9,0,99,99,9,9,99,99,9,9,99,9,99,1,9,6,6,3,-1,-1,2191,2,7,MAZDA 6,-1,-1,0,-1
2023302300100,2023,302300100,2,9,0,18,19,2,6,0,0,8,0,0,0,0,1,1,6,6,1,61,9,1998,1,4,MAZDA 6,7,E01019422,0,-1
2023421342540,2023,421342540,1,9,0,18,19,1,5,0,0,0,0,0,0,0,1,1,6,6,1,25,5,1999,1,13,MAZDA 6,2,E01021846,0,-1
2023401278386,2023,401278386,1,9,0,18,19,3,7,0,0,8,0,0,0,0,1,1,6,6,2,40,7,1999,1,16,MAZDA 6,4,E01017567,0,-1
2023010442871,2023,010442871,2,9,0,99,99,9,9,99,99,9,9,99,9,99,9,9,6,6,3,-1,-1,-1,3,1,MG 5,-1,-1,0,-1
2023010456110,2023,010456110,2,9,0,99,99,9,9,99,99,9,9,99,9,99,9,9,6,6,3,46,8,-1,3,2,MG 5,7,E01017575,0,-1
2023010436967,2023,010436967,1,9,0,5,5,5,1,0,0,4,0,0,0,0,1,1,2,2,1,59,9,-1,3,2,MG 5,-1,-1,0,-1
2023361375321,2023,361375321,1,9,0,7,7,8,4,0,0,8,0,0,0,0,4,1,5,6,1,69,10,-1,3,2,MG 5,6,E01026919,0,-1
2023440178652,2023,440178652,1,9,0,18,19,1,5,0,0,0,0,0,0,0,1,1,6,6,1,39,7,-1,3,1,MG 5,2,E01017139,0,-1
2023010436395,2023,010436395,1,9,0,99,99,9,9,99,99,9,9,99,9,99,9,9,1,1,1,40,7,-1,3,1,MG 5,2,E01003093,0,-1
2023131276112,2023,131276112,1,9,0,5,5,1,5,0,0,8,0,0,0,0,1,1,6,6,1,60,9,-1,3,2,MG 5,6,E01010640,0,-1
2023471390376,2023,471390376,2,9,0,4,4,7,3,0,0,0,0,0,0,0,2,1,2,2,1,31,6,-1,3,3,MG 5,4,E01031716,0,-1
2023451374658,2023,451374658,1,9,0,18,19,3,7,0,0,0,0,0,0,0,1,1,1,1,1,49,8,-1,3,0,MG 5,4,E01000611,0,-1
2023010436146,2023,010436146,2,9,0,99,99,9,9,99,99,9,9,99,9,99,1,9,6,6,3,-1,-1,-1,3,1,MG 5,-1,-1,0,-1
2023010448462,2023,010448462,2,8,0,99,99,9,9,99,99,9,9,99,9,99,1,9,6,6,3,53,8,-1,3,2,MG 5,3,E01000610,0,-1
2023010437252,2023,010437252,2,9,0,99,99,9,9,99,99,9,9,99,9,99,9,9,6,6,3,-1,-1,-1,3,2,MG 5,-1,-1,0,-1
2023451367380,2023,451367380,2,9,0,18,19,7,3,0,0,0,0,0,0,0,3,1,1,1,1,49,8,-1,3,2,MG 5,10,E01030620,0,-1
2023501392245,2023,501392245,2,9,0,18,19,4,8,0,0,8,0,0,0,0,1,1,5,6,1,46,8,-1,3,2,MG 5,5,E01018921,0,-1
2023010452776,2023,010452776,2,8,0,5,5,3,7,0,0,1,0,0,0,0,2,1,1,1,1,51,8,-1,3,2,MG 5,4,E01002973,0,-1
2023010440210,2023,010440210,2,9,0,10,10,5,2,0,0,0,0,0,0,0,1,1,6,6,1,52,8,-1,3,1,MG 5,2,E01003336,0,-1
2023351390175,2023,351390175,1,9,0,5,5,4,8,9,9,6,1,0,0,0,-1,1,6,6,3,-1,-1,-1,3,1,MG 5,-1,-1,0,-1
2023010428602,2023,010428602,1,9,0,99,99,9,9,99,99,9,9,99,9,99,4,9,1,1,1,-1,-1,-1,3,1,MG 5,3,E01000641,0,-1
2023010481921,2023,010481921,2,8,0,5,5,5,1,0,0,4,0,0,0,0,1,1,1,1,1,66,10,-1,3,1,MG 5,4,E01001023,0,-1
2023010474530,2023,010474530,2,8,0,9,9,6,5,0,0,2,0,0,0,0,1,1,1,1,1,39,7,-1,3,1,MG 5,6,E01000981,0,-1
2023010438291,2023,010438291,2,9,0,99,99,9,9,0,0,8,0,0,0,0,9,9,6,6,1,38,7,-1,3,2,MG 5,3,E01003405,0,-1
2023010457695,2023,010457695,1,9,0,4,4,5,1,0,0,2,0,0,0,0,2,1,1,1,1,67,10,-1,3,2,MG 5,2,E01001693,0,-1
2023401333979,2023,401333979,2,9,0,3,3,5,1,0,0,1,0,0,0,0,1,1,2,2,1,56,9,-1,3,1,MG 5,3,E01027060,0,-1
2023351305553,2023,351305553,2,9,0,17,19,7,3,0,0,0,0,0,0,0,1,1,5,6,2,56,9,-1,3,1,MG 5,6,E01021406,0,-1
2023010484983,2023,010484983,1,9,0,9,9,1,7,0,0,6,0,0,0,0,1,1,2,2,1,35,6,-1,3,1,MG 5,2,E01001783,0,-1
2023010452526,2023,010452526,2,9,0,9,9,5,3,0,0,8,0,0,0,0,1,1,2,2,1,40,7,-1,3,2,MG 5,2,E01000870,0,-1
2023010452848,2023,010452848,2,8,0,16,19,4,8,0,0,4,1,10,1,0,2,2,6,6,1,38,7,-1,3,2,MG 5,2,E01004235,0,-1
2023010437276,2023,010437276,2,9,0,99,99,9,9,99,99,0,9,99,9,99,1,9,6,6,3,-1,-1,-1,3,1,MG 5,6,E01004218,0,-1
2023010443971,2023,010443971,1,8,0,99,99,9,9,99,99,9,9,99,9,99,9,9,1,1,1,30,6,-1,3,2,MG 5,3,E01001836,0,-1
2023010450076,2023,010450076,3,9,0,99,99,9,9,99,99,0,9,99,9,99,2,9,6,6,3,-1,-1,-1,3,2,MG 5,2,E01004041,0,-1
2023010449985,2023,010449985,1,9,0,18,19,7,3,0,0,8,0,0,0,0,3,1,1,1,1,38,7,-1,3,1,MG 5,4,E01002406,0,-1
2023010435068,2023,010435068,1,9,0,7,7,7,2,4,4,5,0,0,0,0,0,1,1,1,1,44,7,-1,3,1,MG 5,4,E01033099,0,-1
2023010444134,2023,010444134,1,8,0,5,5,5,1,0,0,1,0,0,0,0,1,1,1,1,1,32,6,-1,3,1,MG 5,6,E01003764,0,-1
2023010494344,2023,010494344,1,8,0,2,2,0,0,0,0,0,0,0,0,0,3,1,6,6,3,-1,-1,-1,3,2,MG 5,-1,-1,0,-1
2023332301050,2023,332301050,2,8,0,18,19,2,6,0,0,8,0,0,0,0,3,1,1,1,1,41,7,-1,3,2,MG 5,2,E01013694,0,-1
2023010450659,2023,010450659,2,8,0,99,99,9,9,99,99,9,9,99,9,99,1,9,6,6,3,57,9,-1,3,1,MG 5,4,E01003560,0,-1
2023010438453,2023,010438453,1,9,9,99,99,9,9,99,99,9,9,99,9,99,2,9,1,1,1,37,7,-1,3,2,MG 5,1,E01004035,0,-1
2023010478898,2023,010478898,3,9,9,99,99,9,9,99,99,0,9,99,0,0,9,9,6,6,1,48,8,-1,3,1,MG 5,1,E01004702,0,-1
2023522300732,2023,522300732,2,9,0,17,19,6,4,0,0,0,0,0,0,0,1,1,6,6,2,31,6,-1,3,1,MG 5,8,E01014506,0,-1
2023010453365,2023,010453365,1,9,0,99,99,9,9,99,99,9,9,99,9,99,1,9,6,6,3,-1,-1,-1,3,2,MG 5,-1,-1,0,-1
2023010458599,2023,010458599,1,8,0,99,99,9,9,99,99,9,9,99,9,99,2,9,1,1,1,54,8,-1,3,1,MG 5,2,E01004264,0,-1
2023010460229,2023,010460229,2,9,0,99,99,9,9,99,99,9,9,99,9,99,9,9,6,6,3,-1,-1,-1,3,1,MG 5,-1,-1,0,-1
2023010449783,2023,010449783,2,9,0,18,19,3,7,0,0,0,0,0,0,0,1,1,1,1,1,35,6,-1,3,1,MG 5,5,E01003411,0,-1
2023010427104,2023,010427104,2,8,0,18,19,3,7,0,0,0,0,0,0,0,2,1,1,1,1,30,6,-1,3,2,MG 5,5,E01002371,0,-1
2023371375502,2023,371375502,1,9,-1,9,9,3,7,-1,-1,1,-1,-1,-1,0,3,1,5,6,1,46,8,-1,3,1,MG 5,4,E01029970,0,-1
2023010469614,2023,010469614,2,9,0,18,19,5,1,0,0,0,0,0,0,0,2,1,1,1,1,56,9,-1,3,2,MG 5,9,E01003477,0,-1
2023010452324,2023,010452324,1,9,0,3,3,7,3,0,0,1,0,0,0,0,0,1,6,6,1,25,5,-1,3,3,MG 5,2,E01001703,0,-1
2023010471654,2023,010471654,2,9,0,18,19,5,1,0,0,1,0,0,0,0,1,9,6,6,3,-1,-1,-1,3,2,MG 5,-1,-1,0,-1
2023010472759,2023,010472759,2,9,0,18,19,5,1,0,0,1,0,0,0,0,3,1,1,1,1,43,7,-1,3,2,MG 5,6,E01003030,0,-1
2023481356323,2023,481356323,1,9,0,18,19,1,5,0,0,2,0,0,0,0,3,1,6,6,3,-1,-1,-1,3,2,MG 5,-1,-1,0,-1
2023991321782,2023,991321782,2,9,0,2,2,0,0,0,0,0,0,0,0,0,3,1,6,6,3,-1,-1,-1,3,2,MG 5,-1,-1,0,-1
2023010460756,2023,010460756,2,9,0,99,99,9,9,99,99,9,9,99,9,99,1,9,6,6,1,-1,-1,-1,3,2,MG 5,5,E01002488,0,-1
2023991350160,2023,991350160,1,8,0,5,5,0,6,0,0,2,0,0,0,0,1,1,1,1,1,49,8,-1,3,1,MG 5,5,-1,0,-1
2023471387441,2023,471387441,1,9,0,18,19,2,6,0,0,1,0,0,0,0,1,1,5,6,1,32,6,-1,3,2,MG 5,8,E01031420,0,-1
2023010450315,2023,010450315,1,9,0,18,19,3,7,0,0,6,0,0,0,0,3,1,1,1,1,26,6,-1,3,1,MG 5,-1,-1,0,-1
2023451267209,2023,451267209,1,9,0,18,19,7,3,0,0,0,0,0,0,0,1,1,1,1,1,60,9,-1,3,1,MG 5,3,E01017170,0,-1
2023631360303,2023,631360303,2,9,0,18,19,1,5,0,0,1,0,0,7,10,4,1,6,6,1,37,7,-1,3,3,MG 5,8,W01000547,0,-1
2023010427945,2023,010427945,2,8,0,10,10,1,7,0,0,3,0,0,0,0,1,1,1,1,1,49,8,-1,3,1,MG 5,3,E01000092,0,-1
2023471283714,2023,471283714,1,9,0,18,19,7,3,0,0,0,0,0,0,0,1,1,1,1,1,56,9,-1,3,2,MG 5,2,E01004423,0,-1
2023991288329,2023,991288329,1,8,0,18,19,2,6,0,0,4,0,0,0,0,4,1,1,1,1,63,9,-1,3,1,MG 5,-1,-1,0,-1
2023430453455,2023,430453455,1,9,0,18,19,4,8,0,0,1,0,0,0,0,1,1,6,6,1,-1,-1,-1,3,2,MG 5,-1,-1,0,-1
2023411292470,2023,411292470,2,9,0,18,19,3,7,0,0,0,0,0,0,0,2,1,2,2,1,30,6,-1,3,0,MG 5,9,E01023597,0,-1
2023010426532,2023,010426532,1,9,0,9,9,1,7,0,0,3,0,0,0,0,3,1,1,1,1,56,9,-1,3,2,MG 5,2,E01002003,0,-1
2023010426283,2023,010426283,1,9,0,99,99,9,9,99,99,9,9,99,9,99,2,9,6,6,3,-1,-1,-1,3,1,MG 5,3,E01000502,0,-1
2023010444141,2023,010444141,1,9,0,18,19,1,5,0,0,0,0,0,0,0,1,1,1,1,1,39,7,-1,3,1,MG 5,3,E01000044,0,-1
2023010475868,2023,010475868,1,9,0,5,5,5,1,0,0,2,0,0,0,0,1,1,1,1,2,52,8,-1,3,2,MG 5,3,E01001363,0,-1
2023622300701,2023,622300701,1,9,0,5,5,4,8,0,0,6,0,0,0,0,1,1,6,6,1,66,10,-1,3,1,MG 5,2,W01001761,0,-1
2023010432469,2023,010432469,2,9,0,99,99,9,9,99,99,0,9,99,9,99,3,9,6,6,1,55,8,-1,3,1,MG 5,5,E01000516,0,-1
2023991389039,2023,991389039,1,9,0,18,19,2,6,0,0,0,0,0,0,0,1,1,5,6,2,41,7,-1,3,1,MG 5,6,-1,0,-1
2023991312191,2023,991312191,1,9,0,9,9,6,3,0,0,8,0,0,7,0,1,1,6,6,1,53,8,-1,3,2,MG 5,3,-1,0,-1
2023371333376,2023,371333376,2,9,0,9,9,4,2,0,0,0,0,0,0,0,4,1,6,6,2,42,7,-1,3,1,MG 5,7,E01030098,0,-1
2023010441440,2023,010441440,1,9,0,9,9,8,5,0,0,7,0,0,0,0,0,1,1,1,2,42,7,-1,3,0,MG 5,3,E01004031,0,-1
2023010459542,2023,010459542,1,9,0,9,9,7,5,0,0,1,0,0,0,0,1,1,6,6,2,43,7,-1,3,1,MG 5,3,E01002909,0,-1
2023010447384,2023,010447384,1,9,0,18,19,1,5,9,9,3,2,7,0,0,1,1,6,6,1,60,9,-1,3,1,MG 5,3,E01003627,0,-1
2023010481620,2023,010481620,1,9,0,4,4,7,3,0,0,0,0,0,0,0,2,1,6,6,1,44,7,-1,3,1,MG 5,5,E01002651,0,-1
2023010459455,2023,010459455,1,9,0,99,99,9,9,99,99,9,9,99,9,99,2,9,1,1,1,30,6,-1,3,2,MG 5,8,E01001030,0,-1
2023010470148,2023,010470148,1,8,9,99,99,9,9,99,99,9,9,99,9,99,9,9,1,1,1,45,7,-1,3,1,MG 5,2,E01032720,0,-1
2023440424176,2023,440424176,1,9,0,18,19,2,6,0,0,0,0,0,0,0,0,1,2,2,2,35,6,-1,3,0,MG 5,4,E01022711,0,-1
2023010457886,2023,010457886,1,8,0,99,99,9,9,99,99,0,9,99,9,99,2,9,1,1,1,29,6,-1,3,2,MG 5,4,E01002250,0,-1
2023010471124,2023,010471124,2,8,0,99,99,9,9,99,99,9,9,99,9,99,1,9,6,6,3,-1,-1,-1,3,2,MG 5,2,E01024165,0,-1
2023440203952,2023,440203952,1,9,0,3,3,2,6,0,0,1,0,0,3,0,2,1,6,6,2,33,6,-1,3,1,MG 5,10,E01022848,0,-1
2023010455023,2023,010455023,1,8,0,4,4,3,7,0,0,6,0,0,0,0,4,1,1,1,1,37,7,-1,3,1,MG 5,8,E01016082,0,-1
2023010426245,2023,010426245,2,9,0,99,99,9,9,99,99,9,9,99,9,99,1,9,6,6,3,46,8,-1,3,1,MG 5,10,E01023840,0,-1
2023010469138,2023,010469138,2,9,0,5,5,5,1,0,0,1,0,0,0,0,1,1,6,6,1,56,9,-1,3,1,MG 5,4,E01003166,0,-1
2023010447387,2023,010447387,1,9,0,5,5,7,3,0,0,1,0,0,0,0,1,1,1,1,1,60,9,-1,3,2,MG 5,3,E01001048,0,-1
2023361401946,2023,361401946,3,9,0,18,19,3,7,0,0,0,0,0,0,0,2,1,1,1,1,52,8,-1,3,1,MG 5,3,E01026786,0,-1
2023010471651,2023,010471651,2,9,0,99,99,9,9,99,99,9,9,99,9,99,1,9,6,6,1,43,7,-1,3,1,MG 5,2,E01003920,0,-1
2023010425312,2023,010425312,2,9,0,99,99,9,9,99,99,9,9,99,9,99,0,9,6,6,3,-1,-1,-1,3,2,MG 5,-1,-1,0,-1
2023010482644,2023,010482644,5,9,0,18,19,1,5,0,0,1,0,0,0,0,0,1,6,6,1,51,8,-1,3,1,MG 5,3,E01021859,0,-1
2023010436510,2023,010436510,1,9,0,18,19,3,7,0,0,1,0,0,0,0,3,1,6,6,1,64,9,-1,3,2,MG 5,2,E01004332,0,-1
2023010454654,2023,010454654,1,9,0,9,9,3,8,0,0,2,0,0,0,0,4,1,6,6,2,37,7,1600,1,8,MINI COOPER,2,E01004023,0,-1
2023361340284,2023,361340284,1,9,0,7,7,3,6,0,0,5,1,0,7,1,1,1,5,6,2,24,5,1499,1,5,MINI COOPER,10,E01026568,0,-1
2023501324250,2023,501324250,1,9,0,17,19,7,5,0,0,1,1,10,1,11,4,1,5,6,1,53,8,1598,1,16,MINI COOPER,3,E01020118,0,-1
2023451348006,2023,451348006,2,9,0,10,10,1,5,0,0,1,0,0,0,0,2,1,5,6,2,43,7,1998,1,7,MINI COOPER,9,E01030929,0,-1
2023010424084,2023,010424084,2,9,9,99,99,9,9,99,99,9,9,99,9,99,9,9,6,6,3,-1,-1,1998,1,2,MINI COOPER,-1,-1,0,-1
2023201291227,2023,201291227,2,9,0,9,9,8,6,0,0,5,0,0,0,0,1,1,2,2,2,20,4,1598,1,12,MINI COOPER,7,E01029393,0,-1
2023061319534,2023,061319534,1,9,0,18,19,7,3,0,0,2,0,0,0,0,1,1,5,6,1,33,6,1598,1,14,MINI COOPER,4,E01005823,0,-1
2023501346222,2023,501346222,2,9,0,18,19,4,8,0,0,8,0,0,0,0,1,1,6,6,2,60,9,1598,1,14,MINI COOPER,6,E01018826,0,-1
2023010434864,2023,010434864,2,9,0,99,99,9,9,99,99,9,9,99,9,99,1,9,6,6,2,27,6,1499,1,8,MINI COOPER,10,E01004478,0,-1
2023522400167,2023,522400167,2,9,0,9,9,5,2,0,0,6,0,0,0,0,3,1,6,6,3,-1,-1,1499,1,5,MINI COOPER,-1,-1,0,-1
2023141330021,2023,141330021,2,9,0,3,3,4,8,0,0,0,0,0,0,0,2,1,5,6,2,55,8,1598,2,10,MINI COOPER,1,E01008124,0,-1
202360A012822,2023,60A012822,1,9,0,5,5,4,8,0,0,0,0,0,0,0,1,1,6,6,2,41,7,1499,1,6,MINI COOPER,-1,-1,0,-1
2023201403325,2023,201403325,2,9,0,18,19,8,4,0,0,1,0,0,0,0,3,1,6,6,2,27,6,1499,1,3,MINI COOPER,4,E01009085,0,-1
2023421389946,2023,421389946,1,9,0,7,7,7,3,0,0,0,0,0,0,0,1,1,6,6,3,29,6,1499,1,9,MINI COOPER,10,E01021616,0,-1
2023010453824,2023,010453824,2,9,0,99,99,9,9,99,99,9,9,99,9,99,1,9,6,6,3,-1,-1,1499,1,2,MINI COOPER,-1,-1,0,-1
2023010420645,2023,010420645,1,9,0,18,19,7,3,0,0,1,0,12,0,0,1,1,6,6,1,62,9,-1,3,1,MINI COOPER,5,E01003028,0,-1