collision_index,collision_year,collision_ref_no,vehicle_reference,vehicle_type,towing_and_articulation,vehicle_manoeuvre_historic,vehicle_manoeuvre,vehicle_direction_from,vehicle_direction_to,vehicle_location_restricted_lane_historic,vehicle_location_restricted_lane,junction_location,skidding_and_overturning,hit_object_in_carriageway,vehicle_leaving_carriageway,hit_object_off_carriageway,first_point_of_impact,vehicle_left_hand_drive,journey_purpose_of_driver_historic,journey_purpose_of_driver,sex_of_driver,age_of_driver,age_band_of_driver,engine_capacity_cc,propulsion_code,age_of_vehicle,generic_make_model,driver_imd_decile,lsoa_of_driver,escooter_flag,driver_distance_banding
2023440283692,2023,440283692,1,9,0,18,19,1,0,0,0,8,0,0,1,11,1,1,6,6,1,24,5,1598,1,8,MINI COOPER,10,E01022686,0,-1
2023221389857,2023,221389857,2,9,0,18,19,8,5,0,0,8,0,0,0,0,1,1,5,6,1,30,6,1598,1,18,MINI COOPER,5,E01028846,0,-1
2023010424025,2023,010424025,1,9,0,18,19,3,7,0,0,1,2,0,0,0,4,1,1,1,1,22,5,1598,1,19,MINI COOPER,4,E01004611,0,-1
2023421363155,2023,421363155,2,9,0,3,3,5,8,0,0,0,0,0,0,0,4,1,6,6,1,28,6,1598,1,11,MINI COOPER,9,E01021682,0,-1
2023430068548,2023,430068548,1,9,0,4,4,6,2,0,0,1,0,0,0,0,2,1,6,6,1,57,9,1499,1,3,MINI COOPER,10,E01017930,0,-1
2023201299373,2023,201299373,1,9,0,18,19,5,1,0,0,8,0,0,0,0,3,1,6,6,1,33,6,1560,2,16,MINI COOPER,1,E01010308,0,-1
2023371293989,2023,371293989,1,9,0,18,19,8,4,0,0,0,0,4,0,0,1,1,1,1,2,54,8,1598,1,20,MINI COOPER,1,E01029982,0,-1
2023351406829,2023,351406829,2,9,0,10,10,8,3,0,0,4,0,0,0,0,0,1,2,2,2,56,9,1499,1,8,MINI COOPER,9,E01033173,0,-1
2023421285532,2023,421285532,3,9,0,16,19,4,6,0,0,0,0,0,0,0,1,1,6,6,2,56,9,1499,1,8,MINI COOPER,6,E01015943,0,-1
2023010462254,2023,010462254,2,9,0,18,19,7,3,2,2,0,1,0,0,0,1,1,6,6,1,23,5,1499,1,5,MINI COOPER,-1,-1,0,-1
2023351377516,2023,351377516,2,9,0,2,2,0,0,0,0,0,0,0,0,0,2,1,6,6,2,47,8,1998,1,7,MINI COOPER,10,E01018141,0,-1
2023320705664,2023,320705664,2,9,0,4,4,5,1,0,0,1,0,0,0,0,2,1,6,6,1,53,8,1998,1,0,MINI COOPER,3,E01013192,0,-1
2023041370052,2023,041370052,2,9,0,18,19,3,7,0,0,0,0,0,0,0,1,1,5,6,2,62,9,1499,1,2,MINI COOPER,7,E01012727,0,-1
2023351360224,2023,351360224,1,9,0,18,19,8,4,0,0,0,0,0,1,0,1,1,5,6,2,31,6,1598,1,17,MINI COOPER,3,E01015819,0,-1
2023010454756,2023,010454756,2,9,0,18,19,1,5,0,0,1,0,0,0,0,1,1,6,6,1,22,5,1499,1,7,MINI COOPER,5,E01002625,0,-1
2023302300521,2023,302300521,1,9,0,16,19,5,1,0,0,0,1,0,1,2,4,1,6,6,1,19,4,1598,1,21,MINI COOPER,5,E01007823,0,-1
2023430365398,2023,430365398,2,9,0,18,19,8,4,0,0,8,0,0,0,0,3,1,6,6,3,21,5,1598,1,17,MINI COOPER,9,E01016342,0,-1
2023991379230,2023,991379230,1,9,0,18,19,7,3,0,0,0,0,0,0,0,4,1,5,6,1,26,6,1499,1,8,MINI COOPER,3,-1,0,-1
2023421394139,2023,421394139,2,9,0,8,8,8,2,0,0,1,0,0,0,0,2,1,6,6,2,45,7,1998,1,2,MINI COOPER,9,E01023461,0,-1
2023122300074,2023,122300074,1,9,0,8,8,1,3,0,0,1,0,0,1,0,4,1,6,6,3,-1,-1,1598,1,8,MINI COOPER,-1,-1,0,-1
2023010464869,2023,010464869,1,9,0,9,9,3,8,0,0,8,0,0,0,0,1,1,6,6,2,22,5,1998,1,0,MINI COOPER,3,E01030400,0,-1
2023471296934,2023,471296934,1,9,0,18,19,1,5,0,0,1,0,0,0,0,1,1,5,6,2,57,9,1598,1,19,MINI COOPER,5,E01016876,0,-1
2023546047923,2023,546047923,1,9,0,9,9,3,7,0,0,6,0,0,0,0,3,1,6,6,1,77,11,1598,2,13,MINI COOPER,6,E01032010,0,-1
2023061329978,2023,061329978,1,9,0,11,11,3,7,0,0,0,0,0,0,0,1,1,1,1,2,23,5,1499,1,0,MINI COOPER,6,E01012922,0,-1
2023201301203,2023,201301203,1,9,0,18,19,5,1,0,0,1,0,0,0,0,1,1,6,6,1,-1,-1,1598,1,19,MINI COOPER,-1,-1,0,-1
2023440294757,2023,440294757,1,9,0,18,19,5,1,0,0,0,0,0,1,9,1,1,6,6,2,19,4,1598,1,17,MINI COOPER,10,E01023228,0,-1
2023010470522,2023,010470522,1,9,0,18,19,3,7,0,0,0,2,7,0,0,4,1,2,2,1,25,5,1499,1,5,MINI COOPER,3,E01001467,0,-1
2023461294725,2023,461294725,2,9,0,18,19,3,3,0,0,8,0,0,0,0,4,1,5,6,2,60,9,1598,1,14,MINI COOPER,7,E01024675,0,-1
2023170M10743,2023,170M10743,1,9,0,9,9,7,6,0,0,8,0,0,0,0,1,1,6,6,1,-1,-1,1998,1,5,MINI COOPER,7,E01012053,0,-1
2023302301394,2023,302301394,2,9,0,9,9,2,8,0,0,8,0,0,0,0,4,1,6,6,2,26,6,1995,2,12,MINI COOPER,2,E01006039,0,-1
2023311387438,2023,311387438,1,9,0,5,5,7,3,0,0,0,0,0,0,0,1,1,6,6,2,73,10,1998,1,1,MINI COOPER,7,E01028411,0,-1
2023311306455,2023,311306455,2,9,0,5,5,2,6,0,0,0,0,0,0,0,1,1,6,6,2,18,4,1499,1,4,MINI COOPER,-1,-1,0,-1
2023440302438,2023,440302438,1,9,0,18,19,4,8,0,0,0,0,11,0,0,1,1,6,6,2,55,8,1598,1,17,MINI COOPER,6,E01023013,0,-1
2023311364848,2023,311364848,1,9,0,18,19,6,2,0,0,0,0,0,0,0,1,1,5,6,2,42,7,1499,1,7,MINI COOPER,-1,-1,0,-1
2023010473253,2023,010473253,2,9,0,99,99,9,9,99,99,9,9,99,9,99,2,9,6,6,3,-1,-1,1998,1,5,MINI COOPER,-1,-1,0,-1
2023461321833,2023,461321833,1,9,0,10,10,5,3,0,0,6,0,0,0,0,1,1,6,6,2,-1,-1,1499,1,4,MINI COOPER,7,E01024347,0,-1
2023461368416,2023,461368416,2,9,0,18,19,8,3,0,0,0,0,0,0,0,4,1,6,6,2,53,8,1598,1,14,MINI COOPER,7,E01001120,0,-1
2023471370863,2023,471370863,1,9,0,18,19,7,3,0,0,2,0,0,0,0,1,1,6,6,1,18,4,1598,1,14,MINI COOPER,6,E01016887,0,-1
2023010429885,2023,010429885,1,9,0,3,3,1,5,0,0,1,0,0,0,0,0,1,6,6,2,27,6,1499,1,1,MINI COOPER,2,E01033085,0,-1
2023371388052,2023,371388052,1,9,0,5,5,1,5,0,0,2,0,0,0,0,1,1,6,6,2,56,9,1496,2,7,MINI COOPER,6,E01029925,0,-1
2023430424026,2023,430424026,1,9,0,9,9,5,3,0,0,6,0,0,0,0,3,1,6,6,1,69,10,1600,1,11,MINI COOPER,6,E01020529,0,-1
2023201291578,2023,201291578,1,9,0,18,19,5,1,0,0,1,0,0,0,0,1,1,1,1,1,62,9,1598,1,18,MINI COOPER,9,E01031277,0,-1
2023542224723,2023,542224723,1,9,0,13,13,2,6,0,0,0,0,0,0,0,1,1,6,6,2,26,6,1598,1,13,MINI COOPER,8,E01015561,0,-1
2023201297964,2023,201297964,1,9,0,3,3,1,3,0,0,0,0,0,0,0,1,1,6,6,2,20,4,1499,1,3,MINI COOPER,2,E01017665,0,-1
2023531267547,2023,531267547,1,9,0,-1,-1,3,7,0,0,0,-1,-1,-1,0,-1,1,6,6,2,44,7,1560,2,16,MINI COOPER,6,E01022380,0,-1
2023161271663,2023,161271663,2,9,0,18,19,5,1,0,0,0,0,10,1,0,4,1,6,6,2,61,9,1496,2,6,MINI COOPER,6,E01013169,0,-1
2023440133451,2023,440133451,2,9,0,4,4,5,1,0,0,0,0,0,0,0,1,1,1,1,1,31,6,1560,2,13,MINI COOPER,1,E01017280,0,-1
2023311274425,2023,311274425,2,9,0,9,9,6,8,0,0,6,0,0,0,0,3,1,6,6,2,48,8,1598,1,16,MINI COOPER,-1,-1,0,-1
2023610052723,2023,610052723,1,9,0,18,19,2,6,0,0,0,0,0,0,0,1,1,6,6,2,74,10,1598,1,15,MINI COOPER,5,W01001878,0,-1
2023401278267,2023,401278267,2,9,0,18,19,6,2,0,0,8,0,0,0,0,1,1,6,6,1,49,8,1598,1,19,MINI COOPER,5,E01017586,0,-1
2023440418475,2023,440418475,2,9,0,18,19,6,2,0,0,1,0,0,0,0,1,1,2,2,2,55,8,1499,1,8,MINI COOPER,8,E01023176,0,-1
2023520000735,2023,520000735,1,9,0,2,2,0,0,0,0,0,0,0,0,0,3,1,6,6,3,-1,-1,1598,1,17,MINI COOPER,-1,-1,0,-1
2023451313464,2023,451313464,1,9,0,5,5,1,8,0,0,0,0,0,0,0,2,1,5,6,1,35,6,1598,1,16,MINI COOPER,6,E01002940,0,-1
2023421282560,2023,421282560,1,9,0,18,19,7,3,0,0,0,2,0,1,0,4,1,6,6,1,18,4,1598,1,17,MINI COOPER,8,E01021729,0,-1
2023471393039,2023,471393039,1,9,0,18,19,4,8,0,0,1,0,0,0,0,1,1,6,6,1,20,4,1598,1,15,MINI COOPER,6,E01021152,0,-1
2023451329521,2023,451329521,2,9,0,8,8,3,5,0,0,6,0,0,0,0,1,1,6,6,1,22,5,1598,1,13,MINI COOPER,-1,-1,0,-1
2023231301818,2023,231301818,2,9,0,18,19,6,2,0,0,0,0,0,0,0,4,1,6,6,2,28,6,1499,1,1,MINI COOPER,7,E01031023,0,-1
2023471368391,2023,471368391,2,9,0,3,3,1,5,0,0,0,0,0,0,0,2,1,2,2,2,55,8,1998,1,5,MINI COOPER,4,E01016872,0,-1
2023451332583,2023,451332583,1,9,0,3,3,5,1,0,0,0,0,0,0,0,3,1,5,6,2,48,8,1998,1,7,MINI COOPER,10,E01030382,0,-1
2023161392053,2023,161392053,2,9,0,2,2,0,0,0,0,0,0,0,0,0,2,1,6,6,3,-1,-1,1598,1,13,MINI COOPER,-1,-1,0,-1
2023061396176,2023,061396176,1,9,0,18,19,4,8,0,0,1,0,0,0,0,3,1,6,6,2,-1,-1,1598,1,11,MINI COOPER,-1,-1,0,-1
2023430459081,2023,430459081,1,9,0,18,19,8,4,0,0,0,0,0,0,0,4,1,2,2,2,29,6,1499,1,0,MINI COOPER,10,E01016672,0,-1
2023201409392,2023,201409392,1,9,0,18,19,1,5,0,0,8,0,0,0,0,1,1,6,6,1,-1,-1,1598,1,21,MINI COOPER,1,E01009378,0,-1
2023471268569,2023,471268569,1,9,0,17,19,1,4,0,0,0,2,0,7,0,3,1,5,6,1,20,4,1598,1,19,MINI COOPER,7,E01021063,0,-1
2023010481800,2023,010481800,1,9,0,9,9,2,7,0,0,1,0,0,0,0,4,1,6,6,2,45,7,1499,1,8,MINI COOPER,3,E01003725,0,-1
2023991263669,2023,991263669,1,9,0,16,19,7,3,0,0,0,2,0,7,0,1,1,5,6,2,52,8,1998,1,3,MINI COOPER,7,-1,0,-1
2023131349662,2023,131349662,2,9,0,2,2,0,0,0,0,0,0,0,0,0,2,1,6,6,3,-1,-1,1499,1,6,MINI COOPER,-1,-1,0,-1
2023991353347,2023,991353347,1,9,0,16,19,5,1,0,0,0,2,0,2,0,4,1,5,6,2,32,6,1598,1,15,MINI COOPER,-1,-1,0,-1
2023010469056,2023,010469056,2,9,0,2,2,0,0,0,0,1,0,0,0,0,2,1,6,6,3,-1,-1,1598,1,17,MINI COOPER,-1,-1,0,-1
2023421287127,2023,421287127,1,9,0,2,2,0,0,0,0,0,0,0,0,0,3,1,5,6,2,25,5,1598,1,10,MINI COOPER,10,E01021787,0,-1
2023201346300,2023,201346300,3,9,0,8,8,3,5,0,0,1,0,0,0,0,2,1,6,6,2,54,8,1496,2,7,MINI COOPER,5,E01009798,0,-1
2023211392144,2023,211392144,2,9,0,2,2,3,7,6,6,2,0,0,0,0,4,1,6,6,3,-1,-1,1998,1,6,MINI COOPER,-1,-1,0,-1
2023041293913,2023,041293913,2,9,0,18,19,1,5,0,0,1,0,0,0,0,3,1,2,2,2,24,5,1499,1,0,MINI COOPER,8,E01024920,0,-1
2023451320747,2023,451320747,1,9,0,4,4,1,5,0,0,0,1,0,1,10,1,2,5,6,1,18,4,1598,1,21,MINI COOPER,8,E01030825,0,-1
2023010479996,2023,010479996,1,9,0,18,19,1,5,0,0,6,0,0,0,0,3,1,6,6,2,29,6,1598,1,14,MINI COOPER,1,E01006432,0,-1
2023010477248,2023,010477248,1,9,0,99,99,9,9,99,99,9,9,99,9,99,2,9,6,6,2,48,8,1998,1,4,MINI COOPER,7,E01023739,0,-1
2023531328909,2023,531328909,2,9,0,4,4,4,8,0,0,1,0,0,0,0,2,1,6,6,1,60,9,1598,1,17,MINI COOPER,6,E01022225,0,-1
2023101272595,2023,101272595,1,9,0,18,19,7,3,0,0,0,0,0,1,11,1,1,5,6,1,21,5,1598,1,16,MINI COOPER,2,E01027431,0,-1
2023101379960,2023,101379960,1,9,0,9,9,1,5,0,0,1,0,0,0,0,1,1,6,6,2,20,4,1499,1,6,MINI COOPER,6,E01027358,0,-1
2023451317256,2023,451317256,1,9,0,5,5,3,5,0,0,0,0,0,0,0,1,1,6,6,2,54,8,1499,1,6,MINI COOPER,8,E01030988,0,-1
2023221346263,2023,221346263,2,9,0,18,19,3,7,0,0,0,0,0,0,0,1,1,2,2,2,42,7,1598,1,10,MINI COOPER,7,E01028940,0,-1
2023131296731,2023,131296731,1,9,0,5,5,7,3,0,0,0,0,0,0,0,1,1,1,1,2,50,8,-1,3,0,MINI COOPER,9,E01011170,0,-1
2023451378239,2023,451378239,1,9,0,9,9,1,5,0,0,1,0,0,0,0,4,1,6,6,2,52,8,1598,1,9,MINI COOPER,6,E01020999,0,-1
2023201355907,2023,201355907,2,9,0,9,9,2,8,0,0,6,0,0,0,0,1,1,6,6,2,32,6,1496,2,6,MINI COOPER,8,E01010201,0,-1
2023440295028,2023,440295028,1,9,0,18,19,8,4,0,0,0,0,0,1,11,1,1,6,6,2,21,5,1598,1,17,MINI COOPER,10,E01023102,0,-1
2023991275139,2023,991275139,2,9,0,18,19,1,5,0,0,1,0,0,0,0,3,1,5,6,2,17,4,1499,1,7,MINI COOPER,9,-1,0,-1
2023991267161,2023,991267161,1,9,0,9,9,7,5,0,0,6,0,0,0,0,4,1,2,2,1,71,10,1499,1,5,MINI COOPER,9,-1,0,-1
2023471265443,2023,471265443,2,9,0,17,19,7,6,0,0,3,0,0,0,0,2,1,5,6,2,36,7,1499,1,4,MINI COOPER,4,E01020914,0,-1
2023311377869,2023,311377869,2,9,0,18,19,7,3,0,0,1,0,0,0,0,4,1,6,6,1,34,6,1598,1,20,MINI COOPER,6,E01028295,0,-1
2023131351094,2023,131351094,1,9,0,18,19,3,7,0,0,0,0,4,0,0,4,1,6,6,2,35,6,1598,1,12,MINI COOPER,5,E01011218,0,-1
2023221289375,2023,221289375,1,9,0,4,4,4,8,0,0,8,0,0,0,0,2,1,2,2,2,36,7,1598,1,11,MINI COOPER,10,E01032364,0,-1
2023501285652,2023,501285652,2,9,0,18,19,2,6,0,0,1,0,0,0,0,1,1,5,6,2,27,6,1499,1,9,MINI COOPER,8,E01033232,0,-1
2023010460158,2023,010460158,1,9,0,99,99,9,9,99,99,9,9,99,9,99,9,9,6,6,1,32,6,1998,1,0,MINI COOPER,8,E01021744,0,-1
2023421300095,2023,421300095,2,9,0,9,9,7,5,0,0,8,0,0,0,0,4,1,6,6,1,24,5,1560,2,14,MINI COOPER,4,E01021822,0,-1
2023311358869,2023,311358869,2,9,0,5,5,1,5,0,0,0,0,0,0,0,4,1,5,6,2,31,6,1499,1,3,MINI COOPER,9,E01033391,0,-1
2023361266770,2023,361266770,1,9,0,18,19,6,3,0,0,0,2,0,0,0,1,1,1,1,2,22,5,1598,1,17,MINI COOPER,6,E01026456,0,-1
2023010437301,2023,010437301,2,9,0,18,19,7,3,0,0,1,0,0,0,0,1,1,6,6,1,76,11,1598,1,13,MINI COOPER,3,E01002753,0,-1
2023010429713,2023,010429713,2,9,0,99,99,9,9,99,99,9,9,99,9,99,1,9,6,6,3,-1,-1,1998,1,7,MINI COOPER,-1,-1,0,-1
2023430085696,2023,430085696,2,9,0,18,19,1,5,0,0,1,0,0,0,0,1,1,6,6,1,-1,-1,1598,1,14,MINI COOPER,-1,-1,0,-1
2023411289344,2023,411289344,2,9,0,18,19,-1,-1,0,0,0,1,0,2,0,3,1,5,6,2,26,6,1499,1,8,MINI COOPER,-1,-1,0,-1
2023010438738,2023,010438738,1,9,0,6,6,8,8,0,0,0,0,0,0,0,1,1,6,6,2,33,6,1496,2,6,MINI COOPER,5,E01000505,0,-1
2023122300738,2023,122300738,1,9,0,18,19,1,5,0,0,6,0,0,0,0,1,1,6,6,1,57,9,1598,1,19,MINI COOPER,6,E01013418,0,-1
2023010463886,2023,010463886,1,9,0,18,19,1,5,0,0,0,0,4,0,0,1,1,6,6,1,64,9,1499,1,2,MINI COOPER,5,E01001407,0,-1
2023131290278,2023,131290278,1,9,0,18,19,2,2,0,0,0,0,0,0,0,1,1,6,6,1,40,7,1598,2,11,MINI COOPER,1,E01011850,0,-1
2023101306446,2023,101306446,4,9,0,18,19,1,5,0,0,2,0,0,0,0,2,1,5,6,2,38,7,1499,1,6,MINI COOPER,-1,-1,0,-1
2023010419688,2023,010419688,2,9,0,18,19,7,3,0,0,8,0,0,0,0,1,1,6,6,2,47,8,1499,1,6,MINI COOPER,3,E01002264,0,-1
2023991352880,2023,991352880,1,9,0,5,5,8,3,0,0,4,0,0,0,0,1,1,6,6,2,22,5,1499,1,5,MINI COOPER,9,-1,0,-1
2023461293859,2023,461293859,1,9,0,9,9,5,3,0,0,8,0,0,0,0,3,1,6,6,1,67,10,1998,1,9,MINI COOPER,10,E01032655,0,-1
2023010442171,2023,010442171,1,9,0,1,1,1,6,0,0,1,0,0,0,0,1,1,6,6,3,-1,-1,1499,1,7,MINI COOPER,-1,-1,0,-1
2023302301239,2023,302301239,2,9,0,18,19,1,5,0,0,0,0,0,1,0,3,1,6,6,1,19,4,1598,1,18,MINI COOPER,2,E01019567,0,-1
2023302300156,2023,302300156,2,9,0,3,3,7,3,0,0,7,0,0,0,0,3,1,2,2,2,32,6,1499,1,8,MINI COOPER,10,E01019881,0,-1
2023471280290,2023,471280290,2,9,0,18,19,2,6,0,0,1,0,0,0,0,2,1,5,6,1,52,8,1598,1,16,MINI COOPER,10,E01021162,0,-1
2023122300596,2023,122300596,1,9,0,18,19,3,5,0,0,7,0,0,0,0,1,1,2,2,1,22,5,1499,1,8,MINI COOPER,8,E01027635,0,-1
2023010475415,2023,010475415,3,9,0,2,2,0,0,0,0,0,0,0,0,0,0,1,6,6,3,-1,-1,1499,1,7,MINI COOPER,-1,-1,0,-1
2023101324808,2023,101324808,1,9,0,18,19,4,8,0,0,8,0,0,0,0,4,1,5,6,2,78,11,1499,1,5,MINI COOPER,9,E01008526,0,-1
2023320390138,2023,320390138,3,9,0,18,19,8,4,0,0,0,0,0,0,0,1,1,6,6,2,58,9,1499,1,3,MINI COOPER,3,E01026075,0,-1
2023991282815,2023,991282815,1,9,0,18,19,7,3,0,0,0,0,0,0,0,1,1,5,6,2,22,5,1496,2,5,MINI COOPER,3,-1,0,-1
2023031391204,2023,031391204,1,9,0,18,19,3,7,0,0,0,5,0,2,11,4,1,5,6,2,64,9,1499,1,1,MINI COOPER,9,E01019085,0,-1
2023501286847,2023,501286847,1,9,0,3,3,4,8,0,0,0,0,0,0,0,2,1,6,6,2,50,8,1499,1,8,MINI COOPER,6,E01020226,0,-1
2023041383235,2023,041383235,1,9,0,5,5,3,7,0,0,0,1,0,0,0,1,1,2,2,2,20,4,1499,1,4,MINI COOPER,10,E01025341,0,-1
2023401313291,2023,401313291,2,9,0,3,3,7,3,0,0,1,0,0,0,0,2,1,2,2,2,25,5,1496,2,7,MINI COOPER,7,E01017548,0,-1
2023361299901,2023,361299901,3,9,0,10,10,1,7,0,0,1,0,0,0,0,0,1,5,6,2,30,6,1598,1,14,MINI COOPER,6,E01030040,0,-1
2023471322290,2023,471322290,3,9,0,2,2,0,0,0,0,2,0,0,0,0,2,1,6,6,3,-1,-1,1998,1,6,MINI COOPER,-1,-1,0,-1
2023471361743,2023,471361743,1,9,0,9,9,2,8,0,0,6,0,0,0,0,3,1,5,6,2,55,8,1598,1,16,MINI COOPER,9,E01031727,0,-1
2023440084361,2023,440084361,1,9,0,18,19,4,8,0,0,4,0,0,0,0,1,1,6,6,1,31,6,1598,1,20,MINI COOPER,2,E01017265,0,-1
2023010443716,2023,010443716,1,9,0,99,99,9,9,99,99,0,9,99,9,99,9,1,6,6,3,83,11,1499,1,5,MINI COOPER,8,E01000136,0,-1
2023161361126,2023,161361126,1,9,0,18,19,1,5,0,0,0,1,0,1,0,1,1,6,6,1,20,4,1598,1,16,MINI COOPER,1,E01012946,0,-1
2023101295161,2023,101295161,3,9,0,18,19,5,1,0,0,0,0,0,0,0,1,1,5,6,2,23,5,1499,1,8,MINI COOPER,2,E01008653,0,-1
2023531314126,2023,531314126,2,9,0,18,19,-1,-1,0,0,1,1,0,0,0,3,1,5,6,2,21,5,1598,1,11,MINI COOPER,8,E01022101,0,-1
2023451330319,2023,451330319,2,9,0,18,19,3,7,0,0,0,0,0,0,0,1,1,5,6,2,19,4,1598,1,16,MINI COOPER,10,E01030513,0,-1
2023161319895,2023,161319895,1,9,0,18,19,7,3,0,0,0,0,0,0,0,1,1,5,6,1,18,4,1560,2,16,MINI COOPER,3,E01027833,0,-1
2023991328397,2023,991328397,1,9,0,18,19,7,3,0,0,0,0,0,0,0,1,1,5,6,2,19,4,1499,1,5,MINI COOPER,8,-1,0,-1
2023631378656,2023,631378656,1,9,0,4,4,4,8,0,0,1,0,0,0,0,1,1,5,6,2,17,4,1499,1,5,MINI COOPER,7,W01000494,0,-1
2023041268561,2023,041268561,1,9,0,9,9,4,2,0,0,6,0,0,0,0,3,1,5,6,2,59,9,-1,3,2,MINI COOPER,4,E01025452,0,-1
2023010481614,2023,010481614,1,9,0,9,9,3,1,0,0,6,0,0,0,0,1,1,6,6,1,31,6,1598,1,17,MINI COOPER,1,E01001206,0,-1
2023010454973,2023,010454973,1,9,0,9,9,1,7,0,0,8,0,0,0,0,1,1,1,1,1,21,5,-1,3,0,MINI COOPER,3,E01004432,0,-1
2023545235723,2023,545235723,2,9,0,18,19,1,5,0,0,0,0,0,7,11,1,1,1,1,2,41,7,1598,1,14,MINI COOPER,6,E01031876,0,-1
2023461317469,2023,461317469,2,9,0,4,4,3,7,0,0,0,0,0,0,0,2,1,6,6,2,63,9,1600,1,12,MINI COOPER,5,E01001652,0,-1
2023201313397,2023,201313397,1,9,0,18,19,2,6,0,0,1,0,0,0,0,1,1,6,6,3,-1,-1,1598,1,12,MINI COOPER,-1,-1,0,-1
2023501381374,2023,501381374,1,9,0,3,3,3,1,0,0,1,0,0,0,0,2,1,5,6,1,49,8,-1,3,0,MINI COOPER,2,E01015086,0,-1
2023161338911,2023,161338911,2,9,0,7,7,6,8,0,0,0,0,0,0,0,1,1,6,6,1,74,10,1998,1,4,MINI COOPER,8,E01012909,0,-1
2023201298405,2023,201298405,4,9,0,2,2,0,0,0,0,0,0,4,0,0,1,1,6,6,1,30,6,1598,1,15,MINI COOPER,1,E01009194,0,-1
2023101390897,2023,101390897,2,9,0,5,5,4,1,0,0,3,0,0,0,0,1,1,6,6,2,52,8,1499,1,3,MINI COOPER,6,E01008770,0,-1
2023471371783,2023,471371783,2,9,0,11,11,3,7,0,0,0,0,0,0,0,2,1,6,6,1,23,5,1499,1,0,MINI COOPER,6,E01031365,0,-1
2023421328905,2023,421328905,2,9,0,18,19,6,8,0,0,0,0,0,0,0,4,1,6,6,1,31,6,1998,1,6,MINI COOPER,8,E01029890,0,-1
2023501274521,2023,501274521,1,9,0,18,19,8,4,0,0,1,5,4,0,0,4,1,6,6,2,20,4,1598,1,17,MINI COOPER,3,E01019916,0,-1
2023161378897,2023,161378897,1,9,0,18,19,5,1,0,0,0,0,0,1,0,4,1,5,6,1,24,5,1598,1,20,MINI COOPER,6,E01027918,0,-1
2023311378311,2023,311378311,1,9,0,18,19,5,1,0,0,0,0,0,0,0,1,1,6,6,1,57,9,1995,2,12,MINI COOPER,3,E01019506,0,-1
2023201281801,2023,201281801,1,9,0,18,19,4,8,0,0,2,1,10,2,1,3,1,6,6,1,25,5,1499,1,6,MINI COOPER,5,E01009283,0,-1
2023131347854,2023,131347854,2,9,0,9,9,3,7,0,0,1,0,0,0,0,2,1,5,6,1,41,7,1598,2,10,MINI COOPER,2,E01010778,0,-1
2023302300188,2023,302300188,1,9,0,18,19,2,6,0,0,0,0,0,1,7,1,1,6,6,3,-1,-1,1598,1,19,MINI COOPER,5,E01019456,0,-1
2023451312034,2023,451312034,2,9,0,2,2,0,0,0,0,0,0,0,0,0,3,1,5,6,3,27,6,1499,1,6,MINI COOPER,7,E01031567,0,-1
2023041316075,2023,041316075,1,9,0,5,5,3,5,0,0,0,0,0,0,0,1,1,5,6,1,20,4,1499,1,3,MINI COOPER,8,E01025323,0,-1
2023430133814,2023,430133814,1,9,0,16,19,1,4,0,0,0,0,0,8,4,1,1,6,6,1,23,5,1496,2,6,MINI COOPER,8,E01028716,0,-1
2023101366058,2023,101366058,2,9,0,4,4,5,1,0,0,0,0,0,0,0,2,1,6,6,2,37,7,1499,1,3,MINI COOPER,4,E01027524,0,-1
2023231358895,2023,231358895,2,9,0,7,7,2,8,0,0,5,0,0,0,0,2,1,5,6,2,44,7,1499,1,0,MINI COOPER,9,E01008023,0,-1
2023041392884,2023,041392884,3,9,0,18,19,5,1,0,0,0,0,0,0,0,1,1,5,6,1,59,9,1499,1,7,MINI COOPER,6,E01019131,0,-1
2023122301037,2023,122301037,1,9,0,14,14,8,4,0,0,0,0,4,0,0,1,1,2,2,2,21,5,1499,1,4,MINI COOPER,8,E01027666,0,-1
2023332300176,2023,332300176,1,9,0,14,14,2,6,0,0,1,0,0,0,0,1,1,6,6,2,30,6,1496,2,8,MINI COOPER,8,E01025830,0,-1
2023545931923,2023,545931923,2,9,0,18,19,1,5,0,0,0,0,0,0,0,0,1,6,6,2,40,7,1598,1,11,MINI COOPER,-1,-1,0,-1
2023991370873,2023,991370873,1,9,0,4,4,2,6,0,0,1,0,0,0,0,1,1,2,2,2,60,9,1598,1,14,MINI COOPER,3,-1,0,-1
2023010472615,2023,010472615,2,9,0,99,99,9,9,99,99,9,9,99,9,99,1,9,6,6,3,-1,-1,1998,1,5,MINI COOPER,-1,-1,0,-1