collision_index,collision_year,collision_ref_no,vehicle_reference,vehicle_type,towing_and_articulation,vehicle_manoeuvre_historic,vehicle_manoeuvre,vehicle_direction_from,vehicle_direction_to,vehicle_location_restricted_lane_historic,vehicle_location_restricted_lane,junction_location,skidding_and_overturning,hit_object_in_carriageway,vehicle_leaving_carriageway,hit_object_off_carriageway,first_point_of_impact,vehicle_left_hand_drive,journey_purpose_of_driver_historic,journey_purpose_of_driver,sex_of_driver,age_of_driver,age_band_of_driver,engine_capacity_cc,propulsion_code,age_of_vehicle,generic_make_model,driver_imd_decile,lsoa_of_driver,escooter_flag,driver_distance_banding
2023010422354,2023,010422354,1,9,0,5,5,5,1,0,0,1,0,0,0,0,1,1,6,6,2,62,9,1600,1,12,MINI COOPER,6,E01033457,0,-1
2023411298395,2023,411298395,1,9,0,18,19,-1,-1,0,0,0,0,0,0,0,1,1,6,6,1,28,6,1499,1,7,MINI COOPER,6,E01023921,0,-1
2023041363008,2023,041363008,2,9,0,18,19,2,6,0,0,0,0,0,1,0,2,1,2,2,1,35,6,1600,1,12,MINI COOPER,4,E01025034,0,-1
2023461275108,2023,461275108,1,9,0,4,4,5,7,0,0,0,0,0,0,0,1,1,6,6,2,61,9,1600,1,12,MINI COOPER,9,E01024265,0,-1
2023522300859,2023,522300859,1,9,0,18,19,8,4,0,0,8,0,0,0,0,1,1,6,6,2,47,8,1499,1,3,MINI COOPER,8,E01014669,0,-1
2023451288047,2023,451288047,1,9,0,17,19,4,8,0,0,0,5,0,1,10,1,1,5,6,2,55,8,1598,2,9,MINI COOPER,7,E01030864,0,-1
2023991329666,2023,991329666,1,9,0,17,19,1,5,0,0,0,0,0,0,0,4,1,1,1,2,37,7,1598,1,22,MINI COOPER,3,-1,0,-1
2023010447403,2023,010447403,2,9,0,2,2,0,0,0,0,8,0,0,0,0,3,1,6,6,3,-1,-1,1598,1,13,MINI COOPER,-1,-1,0,-1
2023430017584,2023,430017584,2,9,0,9,9,2,8,0,0,5,0,0,0,0,3,1,6,6,2,40,7,1499,1,4,MINI COOPER,-1,-1,0,-1
2023991322911,2023,991322911,1,9,0,18,19,1,5,0,0,1,0,0,7,0,3,1,5,6,2,19,4,1496,2,9,MINI COOPER,6,-1,0,-1
2023071128272,2023,071128272,4,9,0,2,2,7,3,0,0,0,0,0,0,0,2,1,6,6,1,-1,-1,-1,3,1,MINI COOPER,-1,-1,0,-1
2023231380847,2023,231380847,2,9,0,4,4,6,2,0,0,8,0,0,0,0,2,1,2,2,1,73,10,1499,1,7,MINI COOPER,9,E01033251,0,-1
2023351269577,2023,351269577,1,9,0,10,10,8,4,0,0,1,0,0,0,0,2,1,6,6,2,46,8,1499,1,7,MINI COOPER,10,E01018189,0,-1
2023451329695,2023,451329695,1,9,0,18,19,1,5,0,0,0,0,0,0,0,3,1,5,6,2,64,9,1499,1,5,MINI COOPER,10,E01030754,0,-1
2023361402191,2023,361402191,4,9,0,2,2,0,0,6,6,0,0,0,0,0,4,1,6,6,3,-1,-1,1598,1,18,MINI COOPER,-1,-1,0,-1
2023421303700,2023,421303700,1,9,0,16,19,7,3,0,0,0,0,0,0,0,1,1,6,6,2,22,5,1499,1,5,MINI COOPER,4,E01021425,0,-1
2023351353537,2023,351353537,2,9,0,18,19,6,3,0,0,1,1,0,0,0,3,1,5,6,2,32,6,1998,1,4,MINI COOPER,8,E01018228,0,-1
2023041276763,2023,041276763,2,9,0,18,19,1,5,0,0,2,0,0,0,0,2,1,5,6,2,33,6,1598,2,13,MINI COOPER,7,E01025079,0,-1
2023421269323,2023,421269323,1,9,0,18,19,1,5,0,0,0,0,0,7,0,1,1,6,6,1,18,4,1598,1,20,MINI COOPER,3,E01021423,0,-1
2023361370761,2023,361370761,1,9,0,18,19,1,5,0,0,0,0,0,7,0,1,1,6,6,1,21,5,1598,1,21,MINI COOPER,5,E01026730,0,-1
2023991286803,2023,991286803,1,9,0,9,9,8,4,8,6,6,0,0,0,0,3,1,5,6,2,17,4,1499,1,0,MINI COOPER,10,-1,0,-1
2023401288662,2023,401288662,1,9,0,17,19,6,2,0,0,0,2,10,1,0,1,1,5,6,2,36,7,1598,1,18,MINI COOPER,6,E01017385,0,-1
2023421306846,2023,421306846,2,9,0,18,19,1,5,0,0,8,0,0,0,0,1,1,5,6,1,35,6,1598,1,14,MINI COOPER,3,E01029914,0,-1
2023501313550,2023,501313550,1,9,0,17,19,5,1,0,0,0,2,0,2,10,4,1,5,6,2,19,4,1598,1,16,MINI COOPER,2,E01020113,0,-1
2023440480048,2023,440480048,2,9,0,4,4,4,8,0,0,1,0,0,0,0,4,1,6,6,2,57,9,1998,1,1,MINI COOPER,8,E01031873,0,-1
2023131330885,2023,131330885,2,9,0,18,19,5,1,0,0,0,0,0,0,0,1,1,6,6,1,45,7,1598,1,20,MINI COOPER,6,E01011400,0,-1
2023332300052,2023,332300052,1,9,0,13,13,8,4,0,0,8,0,0,0,0,1,1,6,6,1,46,8,1598,1,20,MINI COOPER,-1,-1,0,-1
2023991354577,2023,991354577,1,9,0,18,19,3,7,0,0,0,0,0,0,0,1,1,2,2,2,30,6,1998,1,4,MINI COOPER,6,-1,0,-1
2023340WN2242,2023,340WN2242,2,9,0,18,19,5,1,0,0,8,0,9,7,0,4,1,2,2,2,30,6,1998,1,4,MINI COOPER,1,E01013754,0,-1
2023101370982,2023,101370982,3,9,0,2,2,0,0,9,9,2,0,0,0,0,1,1,6,6,3,-1,-1,1998,1,3,MINI COOPER,-1,-1,0,-1
2023010473079,2023,010473079,1,9,0,18,19,5,1,0,0,0,0,4,0,0,1,1,6,6,1,70,10,-1,3,0,MINI COOPER,3,E01004763,0,-1
2023461324035,2023,461324035,1,9,0,9,9,5,2,9,9,0,1,10,1,10,1,1,5,6,1,24,5,1598,1,20,MINI COOPER,9,E01024849,0,-1
2023161372873,2023,161372873,2,9,0,18,19,3,7,0,0,0,0,0,0,0,2,1,6,6,2,52,8,1598,1,15,MINI COOPER,5,E01013082,0,-1
2023631370028,2023,631370028,1,9,0,17,19,5,1,0,0,0,0,0,2,0,1,1,5,6,1,21,5,1598,1,19,MINI COOPER,4,W01000605,0,-1
2023451298993,2023,451298993,1,9,0,3,3,4,8,0,0,8,0,0,0,0,2,1,2,2,2,27,6,1499,1,7,MINI COOPER,10,E01023112,0,-1
2023070694998,2023,070694998,2,9,0,5,5,2,6,0,0,1,0,0,0,0,4,1,6,6,2,70,10,1499,1,0,MINI COOPER,5,E01012542,0,-1
2023201277373,2023,201277373,3,9,0,18,19,4,8,0,0,1,0,0,0,0,2,1,6,6,1,51,8,1598,1,16,MINI COOPER,1,E01009133,0,-1
2023451322534,2023,451322534,2,9,0,15,15,1,1,0,0,0,0,0,0,0,4,1,6,6,2,19,4,1499,1,7,MINI COOPER,6,E01023314,0,-1
2023311350147,2023,311350147,1,9,0,9,9,1,5,0,0,0,0,0,0,0,2,1,2,2,2,34,6,1560,2,16,MINI COOPER,10,E01019413,0,-1
2023471361585,2023,471361585,3,9,0,18,19,6,2,0,0,0,0,0,0,0,1,1,2,2,2,55,8,1499,1,4,MINI COOPER,10,E01022931,0,-1
2023010464120,2023,010464120,1,9,0,99,99,9,9,99,99,9,9,99,9,99,2,9,2,2,1,52,8,1598,1,10,MINI COOPER,4,E01004447,0,-1
2023010438414,2023,010438414,2,9,0,9,9,4,2,0,0,6,0,0,0,0,1,1,6,6,2,26,6,1499,1,1,MINI COOPER,-1,-1,0,-1
2023552301185,2023,552301185,2,9,0,18,19,4,8,0,0,8,0,0,0,0,4,1,6,6,2,60,9,1499,1,4,MINI COOPER,4,E01015326,0,-1
2023010452394,2023,010452394,1,9,0,18,19,5,1,0,0,2,0,0,0,0,1,1,6,6,1,47,8,1499,1,4,MINI COOPER,4,E01000155,0,-1
2023401352553,2023,401352553,2,9,0,18,19,8,6,0,0,8,0,0,3,4,4,1,5,6,1,29,6,1598,1,15,MINI COOPER,8,E01016757,0,-1
2023010466037,2023,010466037,2,9,0,17,19,7,3,0,0,1,0,0,0,0,1,1,1,1,2,28,6,1499,1,1,MINI COOPER,-1,-1,0,-1
2023991383643,2023,991383643,1,9,0,18,19,4,8,0,0,8,0,0,0,0,1,1,5,6,2,40,7,1499,1,0,MINI COOPER,5,-1,0,-1
2023061268759,2023,061268759,1,9,0,3,3,1,1,0,0,0,0,0,0,0,1,1,6,6,2,30,6,-1,3,2,MINI COOPER,3,E01006054,0,-1
2023302300546,2023,302300546,2,9,0,18,19,8,4,0,0,0,2,0,1,10,1,1,6,6,2,17,4,1598,1,18,MINI COOPER,2,E01019572,0,-1
2023631368284,2023,631368284,2,9,0,18,19,5,1,0,0,0,0,0,0,0,1,1,5,6,1,60,9,1499,1,3,MINI COOPER,8,W01000443,0,-1
2023231358534,2023,231358534,2,9,0,8,8,4,6,0,0,1,0,0,0,0,2,1,2,2,2,61,9,1598,1,11,MINI COOPER,10,E01032895,0,-1
2023221317888,2023,221317888,2,9,0,17,19,8,5,0,0,8,0,0,0,0,4,1,5,6,1,47,8,1499,1,7,MINI COOPER,9,E01032339,0,-1
2023440240850,2023,440240850,2,9,0,18,19,3,7,0,0,0,0,0,0,0,1,1,6,6,2,24,5,1598,1,14,MINI COOPER,9,E01022653,0,-1
2023471297045,2023,471297045,1,9,0,18,19,7,3,0,0,1,0,0,1,0,1,1,5,6,2,18,4,1499,1,6,MINI COOPER,9,E01030932,0,-1
2023201384242,2023,201384242,1,9,0,14,14,1,5,0,0,1,0,4,0,0,4,1,6,6,2,20,4,1598,1,16,MINI COOPER,9,E01009912,0,-1
2023421275847,2023,421275847,1,9,0,18,19,7,3,0,0,1,0,0,0,0,1,1,6,6,1,-1,-1,1598,1,15,MINI COOPER,-1,-1,0,-1
2023101374925,2023,101374925,2,9,0,5,5,3,7,0,0,1,0,0,0,0,1,1,5,6,2,20,4,1598,2,11,MINI COOPER,4,E01008711,0,-1
2023991384156,2023,991384156,2,9,0,17,19,2,7,0,0,0,0,11,0,0,3,1,5,6,1,50,8,1598,1,11,MINI COOPER,7,-1,0,-1
2023531288324,2023,531288324,3,9,0,18,19,2,6,0,0,0,0,0,7,0,3,1,5,6,2,53,8,1499,1,4,MINI COOPER,10,E01022426,0,-1
2023361295741,2023,361295741,1,9,0,18,19,3,2,0,0,0,0,0,7,0,1,1,5,6,2,83,11,1598,1,17,MINI COOPER,4,E01026741,0,-1
2023451266077,2023,451266077,1,9,0,18,19,2,6,0,0,0,0,0,0,0,1,1,6,6,1,22,5,1598,1,19,MINI COOPER,8,E01030846,0,-1
2023461390845,2023,461390845,1,9,0,18,19,5,1,0,0,0,1,10,8,10,3,2,5,6,1,18,4,1598,1,19,MINI COOPER,5,E01024640,0,-1
2023461372793,2023,461372793,1,9,0,12,12,5,1,0,0,0,2,10,1,0,4,1,6,6,2,42,7,1598,1,19,MINI COOPER,6,E01024806,0,-1
2023401378468,2023,401378468,1,9,0,16,19,2,1,0,0,0,0,0,5,6,1,1,2,2,2,50,8,1598,1,20,MINI COOPER,1,E01027131,0,-1
2023010453194,2023,010453194,1,9,0,18,19,1,5,0,0,8,0,0,0,0,2,1,2,2,2,57,9,1499,1,3,MINI COOPER,6,E01000252,0,-1
2023361362812,2023,361362812,1,9,0,9,9,8,2,0,0,0,0,0,0,0,4,1,2,2,2,69,10,1499,1,6,MINI COOPER,7,E01026801,0,-1
2023010425079,2023,010425079,1,9,0,99,99,9,9,99,99,9,9,99,9,99,2,9,2,2,1,32,6,1998,1,2,MINI COOPER,5,E01030725,0,-1
2023041299957,2023,041299957,3,9,0,2,2,0,0,0,0,8,0,0,0,0,4,1,6,6,3,-1,-1,1598,1,19,MINI COOPER,-1,-1,0,-1
2023440068376,2023,440068376,2,9,0,10,10,8,4,0,0,1,0,0,0,0,2,1,6,6,2,40,7,1499,1,5,MINI COOPER,-1,-1,0,-1
2023010486732,2023,010486732,1,9,0,18,19,1,5,4,4,0,0,0,0,0,3,1,6,6,1,46,8,1998,1,1,MINI COOPER,5,E01000583,0,-1
2023010422162,2023,010422162,1,9,0,9,9,7,6,0,0,6,0,0,0,0,1,1,6,6,1,26,6,1598,1,13,MINI COOPER,7,E01004609,0,-1
2023010458868,2023,010458868,2,9,0,99,99,9,9,99,99,9,9,99,9,99,9,9,6,6,3,-1,-1,1598,1,13,MINI COOPER,-1,-1,0,-1
2023131273060,2023,131273060,2,9,0,18,19,3,7,0,0,1,0,0,0,0,3,1,6,6,2,48,8,1496,2,9,MINI COOPER,10,E01005407,0,-1
2023311373671,2023,311373671,1,9,0,6,6,1,5,0,0,2,0,0,0,0,3,1,6,6,2,36,7,1998,1,1,MINI COOPER,2,E01013843,0,-1
2023531299934,2023,531299934,1,9,0,18,19,5,1,0,0,0,0,0,0,0,0,1,6,6,2,65,9,-1,3,2,MINI COOPER,6,E01032407,0,-1
2023141332539,2023,141332539,1,9,0,18,19,8,4,0,0,1,0,0,0,0,4,1,1,1,2,23,5,1499,1,8,MINI COOPER,2,E01007745,0,-1
2023010442187,2023,010442187,1,9,0,99,99,9,9,99,99,9,9,99,9,99,9,9,6,6,2,24,5,1499,1,6,MINI COOPER,5,E01001277,0,-1
2023440036318,2023,440036318,2,9,0,18,19,8,4,0,0,1,0,0,0,0,1,1,2,2,1,63,9,1499,1,3,MINI COOPER,9,E01022601,0,-1
2023010471448,2023,010471448,1,9,0,18,19,5,1,0,0,8,0,0,0,0,3,1,6,6,2,34,6,1499,1,0,MINI COOPER,1,E01003075,0,-1
2023451341912,2023,451341912,1,9,0,4,4,6,2,0,0,0,0,0,0,0,1,1,2,2,1,29,6,1598,1,17,MINI COOPER,2,E01003258,0,-1
2023010433707,2023,010433707,1,9,0,10,10,7,5,0,0,1,0,0,0,0,2,9,6,6,2,49,8,1499,1,3,MINI COOPER,9,E01000440,0,-1
2023122400147,2023,122400147,1,9,0,18,19,1,5,0,0,0,0,0,0,0,1,1,6,6,1,18,4,1598,1,10,MINI COOPER,5,E01027723,0,-1
2023421274064,2023,421274064,1,9,0,5,5,4,1,0,0,2,1,0,0,0,1,1,5,6,2,20,4,1598,1,16,MINI COOPER,8,E01021583,0,-1
2023010449845,2023,010449845,2,9,0,99,99,9,9,99,99,9,9,99,9,99,1,9,6,6,2,20,4,1560,2,16,MINI COOPER,9,E01004087,0,-1
2023520301371,2023,520301371,2,9,0,18,19,1,5,0,0,8,0,0,0,0,1,1,6,6,2,76,11,1598,1,13,MINI COOPER,6,E01029217,0,-1
2023311334076,2023,311334076,2,9,0,5,5,8,4,0,0,8,0,0,0,0,2,1,6,6,2,18,4,1598,1,18,MINI COOPER,-1,-1,0,-1
2023201268294,2023,201268294,1,9,0,5,5,8,4,0,0,0,0,0,0,0,1,1,6,6,1,-1,-1,1598,1,19,MINI COOPER,3,E01008989,0,-1
2023991390313,2023,991390313,2,9,0,18,19,7,3,0,0,8,1,10,7,0,1,1,5,6,2,41,7,1499,1,7,MINI COOPER,1,-1,0,-1
2023221388314,2023,221388314,2,9,0,10,10,2,8,0,0,1,0,0,0,0,3,1,6,6,2,81,11,1499,1,4,MINI COOPER,10,E01032298,0,-1
2023052301563,2023,052301563,1,9,0,18,19,6,2,0,0,8,0,0,0,0,1,1,2,2,2,49,8,1496,2,8,MINI COOPER,6,E01006529,0,-1
2023451343537,2023,451343537,2,9,0,18,19,2,6,0,0,2,0,0,0,0,1,1,2,2,2,21,5,1598,1,17,MINI COOPER,4,E01030676,0,-1
2023101285957,2023,101285957,1,9,0,18,19,7,1,0,0,1,1,0,0,0,1,1,2,2,2,30,6,1598,1,10,MINI COOPER,4,E01008875,0,-1
2023991357045,2023,991357045,2,9,0,18,19,7,3,0,0,1,1,0,7,0,1,1,6,6,2,23,5,1499,1,6,MINI COOPER,7,-1,0,-1
2023451373472,2023,451373472,1,9,0,17,19,3,7,0,0,0,5,0,1,1,1,1,6,6,1,24,5,1598,1,12,MINI COOPER,-1,-1,0,-1
2023340WN6412,2023,340WN6412,1,9,0,9,9,3,1,0,0,6,0,0,0,0,3,1,2,2,2,25,5,1598,2,10,MINI COOPER,9,E01027253,0,-1
2023010425982,2023,010425982,1,9,0,17,19,3,7,0,0,0,0,10,0,0,1,1,6,6,1,27,6,1998,1,7,MINI COOPER,-1,-1,0,-1
2023111290123,2023,111290123,3,9,0,18,19,7,3,0,0,0,0,0,0,0,0,1,5,6,2,68,10,1499,1,2,MINI COOPER,7,E01020709,0,-1
2023010441202,2023,010441202,1,9,0,18,19,1,5,0,0,0,0,0,0,0,1,1,6,6,1,18,4,1598,1,17,MINI COOPER,3,E01015927,0,-1
2023122300669,2023,122300669,1,9,0,7,7,4,6,0,0,8,0,0,0,0,3,1,6,6,2,37,7,1598,1,13,MINI COOPER,6,E01027742,0,-1
2023991355003,2023,991355003,1,9,0,18,19,2,6,0,0,0,0,0,0,0,1,1,5,6,1,58,9,1499,1,7,MINI COOPER,5,-1,0,-1
2023061349716,2023,061349716,1,9,0,5,5,2,2,0,0,0,0,0,0,0,1,1,5,6,1,26,6,1995,2,6,MINI COOPER,-1,-1,0,-1
2023430337468,2023,430337468,2,9,0,9,9,2,8,0,0,8,0,9,6,0,4,1,6,6,2,20,4,1598,1,15,MINI COOPER,1,E01016810,0,-1
2023351337186,2023,351337186,1,9,0,18,19,8,4,0,0,0,0,0,8,4,1,1,2,2,2,50,8,1598,1,15,MINI COOPER,5,E01018183,0,-1
2023071288252,2023,071288252,2,9,0,5,5,3,7,0,0,0,0,0,0,0,1,1,6,6,2,54,8,1499,1,8,MINI COOPER,8,E01018649,0,-1
2023430531515,2023,430531515,2,9,0,18,19,6,2,0,0,0,1,4,0,0,4,1,6,6,2,21,5,1560,2,14,MINI COOPER,8,E01017912,0,-1
2023440430374,2023,440430374,1,9,0,18,19,8,4,0,0,0,0,0,0,0,1,1,6,6,2,38,7,1560,2,15,MINI COOPER,3,E01017127,0,-1
2023622400069,2023,622400069,3,9,0,2,2,0,0,0,0,2,0,0,0,0,2,1,6,6,3,-1,-1,1598,1,10,MINI COOPER,-1,-1,0,-1
2023141367772,2023,141367772,1,9,0,18,19,5,1,0,0,0,0,0,0,0,1,1,5,6,2,29,6,1499,1,5,MINI COOPER,2,E01007495,0,-1
2023010474755,2023,010474755,1,9,0,99,99,9,9,99,99,9,9,99,9,99,2,9,6,6,2,43,7,1499,1,3,MINI COOPER,10,E01003463,0,-1
2023411406801,2023,411406801,4,9,0,18,19,5,1,0,0,0,0,0,0,0,1,1,5,6,2,49,8,1499,1,3,MINI COOPER,7,E01017446,0,-1
2023451350102,2023,451350102,1,9,0,18,19,2,4,0,0,0,0,0,0,0,1,2,5,6,2,49,8,1499,1,0,MINI COOPER,9,E01030446,0,-1
2023041361266,2023,041361266,2,9,0,18,19,5,1,0,0,0,0,2,4,6,4,1,5,6,2,67,10,1998,1,4,MINI COOPER,9,-1,0,-1
2023522400688,2023,522400688,1,9,0,2,2,0,0,0,0,0,0,0,0,0,3,1,6,6,1,36,7,1598,1,17,MINI COOPER,-1,-1,0,-1
2023440242110,2023,440242110,1,9,0,18,19,2,6,0,0,0,1,0,1,7,1,1,6,6,1,55,8,1598,1,16,MINI COOPER,7,E01002569,0,-1
2023430220126,2023,430220126,3,9,0,2,2,0,0,0,0,0,0,0,0,0,1,1,6,6,1,50,8,1499,1,5,MINI COOPER,8,E01016544,0,-1
2023552301352,2023,552301352,2,9,0,18,19,4,8,0,0,0,0,0,0,0,3,1,3,7,1,44,7,1598,1,20,MINI COOPER,7,E01020539,0,-1
2023221354669,2023,221354669,2,9,0,18,19,1,5,0,0,3,0,0,0,0,2,1,5,6,2,54,8,1499,1,1,MINI COOPER,6,E01032372,0,-1
2023070049814,2023,070049814,2,9,0,2,2,0,0,9,9,0,0,0,0,0,2,1,6,6,1,28,6,1598,1,8,MINI COOPER,4,E01018454,0,-1
2023201291167,2023,201291167,1,9,0,18,19,4,8,0,0,1,0,0,0,0,4,1,6,6,1,49,8,1998,1,1,MINI COOPER,1,E01010054,0,-1
2023411324108,2023,411324108,1,9,0,9,9,5,1,0,0,4,0,0,0,0,3,1,6,6,2,18,4,1598,1,18,MINI COOPER,4,E01023646,0,-1
2023131363592,2023,131363592,1,9,0,5,5,1,5,0,0,1,0,0,0,0,4,1,2,2,2,61,9,1499,1,7,MINI COOPER,8,E01011414,0,-1
2023161338352,2023,161338352,3,9,0,2,2,0,0,0,0,0,0,0,0,0,3,1,6,6,3,-1,-1,1598,1,16,MINI COOPER,-1,-1,0,-1
2023161287600,2023,161287600,1,9,0,18,19,3,7,0,0,0,0,0,0,0,1,1,5,6,2,18,4,1598,1,19,MINI COOPER,7,E01013032,0,-1
2023451325333,2023,451325333,2,9,0,9,9,5,7,0,0,1,0,0,0,0,1,1,6,6,1,47,8,1499,1,1,MINI COOPER,-1,-1,0,-1
2023991387131,2023,991387131,1,9,0,18,19,6,1,0,0,1,0,0,0,0,3,1,6,6,2,62,9,1998,1,5,MINI COOPER,4,-1,0,-1
2023010464263,2023,010464263,1,9,0,99,99,9,9,99,99,0,9,99,9,99,2,9,6,6,2,35,6,-1,3,0,MINI COOPER,4,E01003781,0,-1
2023010424388,2023,010424388,2,9,0,18,19,8,4,0,0,1,0,0,0,0,2,1,6,6,2,34,6,1598,1,16,MINI COOPER,5,E01002897,0,-1
2023430013265,2023,430013265,1,9,0,18,19,5,1,0,0,8,0,0,0,0,1,1,2,2,2,54,8,1499,1,8,MINI COOPER,-1,-1,0,-1
2023548060023,2023,548060023,2,9,0,3,3,1,5,0,0,0,0,0,0,0,2,1,1,1,1,51,8,1998,1,8,MINI COOPER,5,E01032066,0,-1
2023010483655,2023,010483655,2,9,0,99,99,9,9,99,99,9,9,99,9,99,9,9,6,6,3,-1,-1,1998,1,1,MINI COOPER,10,E01000756,0,-1
2023471392364,2023,471392364,1,9,0,4,4,1,5,0,0,1,0,0,0,0,1,1,2,2,1,38,7,1598,1,15,MINI COOPER,4,E01021131,0,-1
2023401268194,2023,401268194,2,9,0,2,2,8,4,0,0,0,0,0,0,0,2,1,2,2,2,49,8,1499,1,1,MINI COOPER,5,E01018135,0,-1
2023101367348,2023,101367348,2,9,0,3,3,2,5,0,0,0,0,0,0,0,2,1,5,6,2,44,7,1598,1,15,MINI COOPER,7,E01008552,0,-1
2023991316241,2023,991316241,2,9,0,18,19,6,2,0,0,8,0,0,0,0,1,1,6,6,2,68,10,1598,1,22,MINI COOPER,5,-1,0,-1
2023430174666,2023,430174666,1,9,0,4,4,6,2,0,0,1,0,0,0,0,2,1,6,6,2,75,10,1499,1,7,MINI COOPER,-1,-1,0,-1
2023991339918,2023,991339918,2,9,0,3,3,1,5,0,0,1,0,0,0,0,3,1,5,6,1,59,9,1499,1,4,MINI COOPER,-1,-1,0,-1
2023052300766,2023,052300766,1,9,0,18,19,5,1,0,0,8,0,0,0,0,4,1,6,6,2,60,9,1499,1,5,MINI COOPER,-1,-1,0,-1
2023501392250,2023,501392250,1,9,0,18,19,2,6,0,0,0,0,0,0,0,1,1,1,1,1,62,9,1598,1,18,MINI COOPER,3,E01015032,0,-1
2023471379218,2023,471379218,3,9,0,2,2,0,0,0,0,0,0,4,0,0,2,1,6,6,3,-1,-1,1598,1,17,MINI COOPER,-1,-1,0,-1
2023991309545,2023,991309545,1,9,0,18,19,1,5,0,0,1,0,0,0,0,1,1,5,6,2,55,8,1499,1,0,MINI COOPER,9,-1,0,-1
2023141344846,2023,141344846,1,9,0,18,19,5,1,0,0,0,0,0,0,0,4,1,5,6,1,23,5,1998,1,5,MINI COOPER,4,E01007353,0,-1
2023411267825,2023,411267825,2,9,0,4,4,5,1,0,0,0,0,0,0,0,1,1,6,6,2,68,10,1598,1,17,MINI COOPER,10,E01023965,0,-1
2023332301191,2023,332301191,1,9,0,6,6,2,2,0,0,1,0,0,0,0,4,1,6,6,2,28,6,1499,1,5,MINI COOPER,2,E01013739,0,-1
2023161332483,2023,161332483,2,9,0,9,9,3,1,0,0,8,0,0,0,0,1,1,5,6,2,53,8,1499,1,6,MINI COOPER,6,E01012811,0,-1
2023332300740,2023,332300740,1,9,0,18,19,1,5,0,0,8,0,0,0,0,1,1,6,6,2,55,8,1598,2,10,MINI COOPER,8,E01031182,0,-1
2023430062247,2023,430062247,2,9,0,18,19,1,5,0,0,0,0,0,1,4,1,1,6,6,1,26,6,1496,2,8,MINI COOPER,9,E01028723,0,-1
2023471292871,2023,471292871,1,9,0,18,19,5,1,0,0,8,0,0,0,0,1,1,1,1,1,55,8,1600,1,12,MINI COOPER,3,E01003105,0,-1
2023211316868,2023,211316868,1,9,0,18,19,3,6,0,0,0,1,0,1,0,3,1,5,6,1,19,4,1598,1,13,MINI COOPER,10,E01009899,0,-1
2023421343540,2023,421343540,1,9,0,18,19,3,7,0,0,0,5,4,0,0,1,1,5,6,1,17,4,1598,1,18,MINI COOPER,6,E01021723,0,-1
2023122301437,2023,122301437,2,9,0,3,3,7,1,0,0,1,0,0,0,0,2,1,6,6,1,37,7,1598,1,16,MINI COOPER,3,E01013385,0,-1
2023161389897,2023,161389897,2,9,0,6,6,2,6,0,0,0,0,0,0,0,1,1,6,6,1,-1,-1,1600,2,12,MINI COOPER,-1,-1,0,-1
2023041281010,2023,041281010,2,9,0,10,10,5,1,0,0,0,0,0,0,0,2,1,1,1,2,39,7,-1,3,1,MINI COOPER,8,E01024934,0,-1
2023461307261,2023,461307261,1,9,0,11,11,7,3,0,0,0,0,0,0,0,4,1,6,6,1,-1,-1,1598,1,17,MINI COOPER,-1,-1,0,-1
2023010459935,2023,010459935,5,9,0,2,2,0,0,0,0,1,0,0,0,0,0,1,6,6,3,-1,-1,1499,1,8,MINI COOPER,-1,-1,0,-1
2023411344366,2023,411344366,1,9,0,18,19,4,8,0,0,1,0,0,0,0,1,1,6,6,1,39,7,1995,2,10,MINI COOPER,8,E01016544,0,-1
2023340WN6242,2023,340WN6242,3,9,0,2,2,0,0,0,0,0,0,0,0,0,4,1,6,6,2,38,7,1998,1,5,MINI COOPER,9,E01027264,0,-1
2023010421979,2023,010421979,1,9,0,99,99,9,9,99,99,9,9,99,9,99,2,9,2,2,2,30,6,1998,1,4,MINI COOPER,8,E01003765,0,-1
2023361390214,2023,361390214,1,9,0,18,19,7,5,0,0,8,5,0,1,0,1,1,1,1,2,19,4,1499,1,6,MINI COOPER,4,E01026458,0,-1
2023041363164,2023,041363164,4,9,0,2,2,0,0,0,0,2,0,0,0,0,0,1,6,6,3,-1,-1,1598,1,18,MINI COOPER,-1,-1,0,-1
2023471302381,2023,471302381,1,9,0,16,19,8,4,0,0,0,0,0,7,0,1,2,6,6,2,38,7,1598,1,18,MINI COOPER,1,E01031427,0,-1
202360A177238,2023,60A177238,2,9,0,3,3,2,6,0,0,2,0,0,0,0,2,1,2,2,1,63,9,1598,1,12,MINI COOPER,-1,-1,0,-1
202363A018923,2023,63A018923,1,9,0,18,19,2,6,0,0,0,1,0,8,11,1,1,2,2,2,20,4,1598,1,16,MINI COOPER,5,W01000650,0,-1
2023340WN5042,2023,340WN5042,2,9,0,18,19,5,1,0,0,0,0,0,0,0,1,1,6,6,2,25,5,1499,1,3,MINI COOPER,9,E01027014,0,-1