collision_index,collision_year,collision_ref_no,vehicle_reference,vehicle_type,towing_and_articulation,vehicle_manoeuvre_historic,vehicle_manoeuvre,vehicle_direction_from,vehicle_direction_to,vehicle_location_restricted_lane_historic,vehicle_location_restricted_lane,junction_location,skidding_and_overturning,hit_object_in_carriageway,vehicle_leaving_carriageway,hit_object_off_carriageway,first_point_of_impact,vehicle_left_hand_drive,journey_purpose_of_driver_historic,journey_purpose_of_driver,sex_of_driver,age_of_driver,age_band_of_driver,engine_capacity_cc,propulsion_code,age_of_vehicle,generic_make_model,driver_imd_decile,lsoa_of_driver,escooter_flag,driver_distance_banding
2023231396125,2023,231396125,2,9,0,4,4,6,2,0,0,0,0,0,1,3,1,1,6,6,1,59,9,1998,1,4,MINI COOPER,7,E01029863,0,-1
2023141273767,2023,141273767,1,9,0,18,19,6,2,0,0,1,0,0,0,0,3,1,6,6,2,26,6,1499,1,6,MINI COOPER,7,E01007358,0,-1
2023122300451,2023,122300451,2,9,0,18,19,7,5,0,0,1,0,0,0,0,1,1,2,2,2,24,5,1499,1,2,MINI COOPER,1,E01010626,0,-1
2023041314803,2023,041314803,1,9,0,18,19,5,1,0,0,2,5,4,0,0,4,1,6,6,2,57,9,1598,1,18,MINI COOPER,5,E01025422,0,-1
2023302301361,2023,302301361,1,9,0,18,19,7,3,0,0,0,0,0,0,0,1,1,6,6,2,19,4,1499,1,4,MINI COOPER,-1,-1,0,-1
2023421341780,2023,421341780,3,9,0,2,2,0,0,9,9,0,0,0,0,0,1,1,6,6,3,43,7,1598,1,17,MINI COOPER,-1,-1,0,-1
2023302301808,2023,302301808,1,9,0,18,19,7,3,0,0,2,0,0,1,0,1,1,6,6,3,-1,-1,-1,3,3,MINI COOPER,5,E01019456,0,-1
2023481361901,2023,481361901,1,9,0,18,19,7,3,0,0,0,0,0,0,0,1,1,5,6,1,37,7,1499,1,6,MINI COOPER,-1,-1,0,-1
2023411320226,2023,411320226,2,9,0,5,5,5,8,0,0,3,1,0,0,0,3,1,6,6,2,45,7,1499,1,6,MINI COOPER,8,E01023879,0,-1
2023351364614,2023,351364614,2,9,0,11,11,3,7,0,0,0,0,0,0,0,4,1,5,6,2,31,6,1499,1,2,MINI COOPER,8,E01018003,0,-1
2023461337325,2023,461337325,1,9,0,10,10,2,6,0,0,1,0,0,0,0,1,1,5,6,2,31,6,1998,1,8,MINI COOPER,5,E01024223,0,-1
2023201328539,2023,201328539,2,9,0,9,9,8,6,0,0,5,0,0,0,0,3,1,2,2,2,33,6,1598,2,10,MINI COOPER,2,E01010503,0,-1
2023061335677,2023,061335677,1,9,0,18,19,5,8,0,0,2,0,0,0,0,1,1,6,6,2,47,8,1598,1,17,MINI COOPER,3,E01004966,0,-1
2023440304293,2023,440304293,2,9,0,18,19,4,8,0,0,0,1,0,1,0,0,1,6,6,1,51,8,1499,1,6,MINI COOPER,5,E01017221,0,-1
2023070352677,2023,070352677,1,9,0,18,19,8,4,0,0,0,0,0,0,0,1,1,6,6,1,42,7,1598,2,10,MINI COOPER,7,E01019136,0,-1
2023311386829,2023,311386829,1,9,0,18,19,2,1,0,0,0,1,0,7,11,1,1,6,6,1,19,4,1598,1,20,MINI COOPER,1,E01028268,0,-1
2023141388710,2023,141388710,1,9,0,14,14,6,2,0,0,0,0,0,0,0,1,1,2,2,2,47,8,-1,3,2,MINI COOPER,5,E01007803,0,-1
2023122300137,2023,122300137,2,9,0,18,19,6,2,0,0,0,0,0,0,0,1,1,6,6,2,60,9,1598,1,19,MINI COOPER,2,E01013347,0,-1
2023451338445,2023,451338445,2,9,0,5,5,7,3,0,0,0,0,0,0,0,3,1,6,6,2,45,7,1598,1,17,MINI COOPER,6,E01030610,0,-1
2023991276551,2023,991276551,1,9,0,18,19,1,5,0,0,0,0,0,0,0,4,1,2,2,2,32,6,1598,1,11,MINI COOPER,8,-1,0,-1
2023101374504,2023,101374504,2,9,0,3,3,7,4,0,0,1,0,0,0,0,2,1,5,6,1,28,6,1598,1,15,MINI COOPER,10,E01027458,0,-1
2023052302504,2023,052302504,2,9,0,18,19,3,7,0,0,8,0,0,0,0,4,1,6,6,1,59,9,1598,1,10,MINI COOPER,6,E01007045,0,-1
2023010476781,2023,010476781,2,9,0,9,9,3,1,0,0,5,0,0,0,0,4,1,6,6,2,27,6,1598,1,16,MINI COOPER,10,E01000826,0,-1
2023430218029,2023,430218029,1,9,0,9,9,1,7,0,0,5,0,0,0,0,4,1,2,2,2,29,6,1499,1,6,MINI COOPER,9,E01028495,0,-1
2023201454214,2023,201454214,1,9,0,18,19,8,4,0,0,0,0,0,0,0,1,1,6,6,2,37,7,1998,1,5,MINI COOPER,1,E01009335,0,-1
2023371334063,2023,371334063,2,9,0,3,3,1,5,0,0,0,0,0,0,0,4,1,5,6,2,51,8,1598,1,11,MINI COOPER,5,E01030259,0,-1
2023411344264,2023,411344264,1,9,0,10,10,-1,-1,0,0,1,0,0,0,0,1,1,6,6,2,48,8,1499,1,5,MINI COOPER,9,E01023946,0,-1
2023161341282,2023,161341282,1,9,0,16,19,3,5,0,0,0,0,0,1,9,1,1,5,6,2,17,4,1499,1,5,MINI COOPER,4,E01013271,0,-1
2023201287379,2023,201287379,1,9,0,18,19,8,4,0,0,0,0,4,0,0,1,1,5,6,1,63,9,1598,1,16,MINI COOPER,2,E01010559,0,-1
2023440388392,2023,440388392,1,9,0,18,19,2,6,0,0,0,0,0,0,0,3,1,6,6,1,52,8,1598,1,11,MINI COOPER,8,E01022589,0,-1
2023010482526,2023,010482526,2,9,0,99,99,9,9,99,99,9,9,99,9,99,9,9,6,6,3,-1,-1,1598,1,20,MINI COOPER,-1,-1,0,-1
2023471322151,2023,471322151,2,9,0,18,19,2,6,0,0,0,0,0,0,0,3,1,2,2,1,22,5,1998,1,6,MINI COOPER,6,E01031390,0,-1
2023991270654,2023,991270654,2,9,0,18,19,1,7,0,0,1,0,0,0,0,4,1,5,6,2,48,8,1499,1,2,MINI COOPER,9,-1,0,-1
2023351353639,2023,351353639,1,9,0,13,13,3,7,0,0,1,0,0,0,0,4,1,1,1,2,52,8,1499,1,1,MINI COOPER,3,E01018090,0,-1
2023221354698,2023,221354698,1,9,0,18,19,2,6,0,0,0,0,10,7,0,4,1,5,6,2,58,9,1998,1,5,MINI COOPER,5,E01032214,0,-1
2023430367023,2023,430367023,1,9,0,9,9,4,2,0,0,5,0,0,0,0,1,1,6,6,1,42,7,1998,1,9,MINI COOPER,10,E01017782,0,-1
2023221350252,2023,221350252,2,9,0,18,19,5,1,0,0,0,0,0,0,0,4,1,5,6,2,56,9,1499,1,3,MINI COOPER,6,E01014133,0,-1
2023451345970,2023,451345970,1,9,0,18,19,4,8,0,0,0,1,0,1,7,1,1,5,6,2,79,11,1598,1,18,MINI COOPER,8,E01028610,0,-1
2023010437249,2023,010437249,3,9,0,4,4,8,4,0,0,0,0,0,0,0,2,1,6,6,1,62,9,1499,1,9,MINI COOPER,6,E01000795,0,-1
2023501381114,2023,501381114,1,9,0,18,19,6,2,0,0,8,2,0,3,11,1,1,6,6,1,27,6,1560,2,13,MINI COOPER,1,E01015058,0,-1
2023161298332,2023,161298332,2,9,0,18,19,5,1,0,0,8,0,0,0,0,1,1,6,6,1,-1,-1,1499,1,9,MINI COOPER,9,E01027913,0,-1
2023170M11703,2023,170M11703,2,9,0,12,12,2,6,0,0,0,0,0,0,0,3,1,2,2,2,59,9,1598,2,11,MINI COOPER,7,E01012053,0,-1
2023010464889,2023,010464889,5,9,0,2,2,0,0,9,9,2,0,0,0,0,1,1,6,6,3,-1,-1,1598,1,16,MINI COOPER,-1,-1,0,-1
2023041285136,2023,041285136,1,9,0,11,11,1,1,0,0,1,0,0,0,0,4,1,1,1,2,26,6,1496,2,9,MINI COOPER,3,E01025397,0,-1
2023211336657,2023,211336657,1,9,0,18,19,2,6,0,0,1,0,0,0,0,1,1,6,6,2,64,9,1598,1,22,MINI COOPER,4,E01010489,0,-1
2023991393304,2023,991393304,1,9,0,18,19,1,5,0,0,0,0,4,0,0,4,1,5,6,1,80,11,1598,1,22,MINI COOPER,4,-1,0,-1
2023552300200,2023,552300200,1,9,0,9,9,6,5,0,0,5,0,0,0,0,1,1,6,6,2,32,6,1499,1,7,MINI COOPER,5,E01015345,0,-1
2023221382996,2023,221382996,1,9,0,13,13,5,1,0,0,0,0,0,0,0,3,1,6,6,1,58,9,1598,1,20,MINI COOPER,10,E01032356,0,-1
2023520300153,2023,520300153,2,9,0,18,19,5,1,0,0,8,0,0,0,0,9,1,6,6,2,-1,-1,1499,1,6,MINI COOPER,6,E01029221,0,-1
2023471318079,2023,471318079,2,9,0,18,19,5,1,0,0,0,0,0,0,0,1,1,5,6,2,29,6,1998,1,5,MINI COOPER,8,E01030628,0,-1
2023501364821,2023,501364821,2,9,0,18,19,6,2,0,0,0,0,0,0,0,1,1,2,2,1,55,8,1598,1,19,MINI COOPER,6,E01018750,0,-1
2023451381413,2023,451381413,3,9,0,18,19,1,5,0,0,1,0,0,0,0,3,1,2,2,1,70,10,1499,1,5,MINI COOPER,10,E01030680,0,-1
2023471292714,2023,471292714,3,9,0,18,19,2,6,0,0,2,0,0,0,0,2,1,6,6,2,58,9,1998,1,5,MINI COOPER,6,E01031345,0,-1
2023440146158,2023,440146158,1,9,0,12,12,2,6,0,0,1,0,0,0,0,3,1,6,6,2,69,10,1499,1,7,MINI COOPER,10,E01016629,0,-1
2023340WN3042,2023,340WN3042,4,9,0,2,2,0,0,2,2,0,0,0,0,0,2,1,6,6,1,61,9,1499,1,7,MINI COOPER,3,E01027224,0,-1
2023451383926,2023,451383926,1,9,0,7,7,5,8,0,0,6,0,0,0,0,1,1,1,1,2,37,7,1499,1,8,MINI COOPER,10,E01030476,0,-1
2023340NN3362,2023,340NN3362,1,9,0,7,7,8,2,0,0,6,0,0,0,0,3,1,6,6,1,50,8,1499,1,6,MINI COOPER,8,E01027103,0,-1
2023991266889,2023,991266889,1,9,0,7,7,2,4,0,0,5,0,0,0,0,1,1,5,6,1,20,4,1598,1,11,MINI COOPER,10,-1,0,-1
2023070492982,2023,070492982,2,9,0,18,19,8,4,6,6,8,0,0,0,0,1,1,1,1,2,58,9,1499,1,3,MINI COOPER,6,E01007286,0,-1
2023041283716,2023,041283716,1,9,0,1,1,0,0,9,9,0,0,0,0,0,2,1,6,6,3,-1,-1,1499,1,5,MINI COOPER,-1,-1,0,-1
2023430073669,2023,430073669,3,9,0,16,19,2,7,0,0,2,0,0,0,0,1,1,6,6,2,38,7,1598,2,9,MINI COOPER,7,E01028509,0,-1
2023201442887,2023,201442887,1,9,0,18,19,8,4,0,0,0,0,0,0,0,1,1,6,6,1,-1,-1,1598,1,17,MINI COOPER,-1,-1,0,-1
2023991342514,2023,991342514,2,9,0,18,19,2,6,0,0,0,0,0,0,0,1,1,5,6,2,21,5,1499,1,6,MINI COOPER,4,-1,0,-1
2023302300435,2023,302300435,1,9,0,5,5,1,7,0,0,6,1,0,1,0,3,1,1,1,2,36,7,1496,2,6,MINI COOPER,8,E01019811,0,-1
2023411397110,2023,411397110,1,9,0,3,3,5,1,0,0,1,0,0,0,0,0,1,6,6,2,32,6,1598,1,20,MINI COOPER,6,E01000924,0,-1
2023161331218,2023,161331218,2,9,0,9,9,6,3,0,0,1,0,0,1,0,2,1,5,6,2,39,7,1499,1,8,MINI COOPER,10,E01013091,0,-1
2023302301502,2023,302301502,1,9,0,9,9,7,5,0,0,8,0,0,0,0,1,1,6,6,1,25,5,1998,1,0,MINI COOPER,-1,-1,0,-1
2023461332440,2023,461332440,1,9,0,4,4,5,1,0,0,0,0,0,0,0,1,1,6,6,1,59,9,1499,1,6,MINI COOPER,10,E01024748,0,-1
2023061393593,2023,061393593,2,9,0,18,19,7,3,0,0,1,0,0,0,0,2,1,5,6,1,44,7,1598,1,15,MINI COOPER,1,E01005466,0,-1
2023010444793,2023,010444793,2,9,9,99,99,9,9,99,99,9,9,99,9,99,9,9,6,6,3,-1,-1,1499,1,5,MINI COOPER,-1,-1,0,-1
2023010425562,2023,010425562,1,9,0,1,1,7,3,0,0,0,0,0,0,0,2,1,6,6,1,67,10,1598,1,15,MINI COOPER,5,E01004450,0,-1
2023401356012,2023,401356012,1,9,0,7,7,1,3,0,0,7,0,0,0,0,0,1,5,6,2,62,9,1496,2,5,MINI COOPER,5,E01015753,0,-1
2023010464521,2023,010464521,2,9,0,99,99,9,9,99,99,9,9,99,9,99,1,9,6,6,3,-1,-1,1499,1,0,MINI COOPER,-1,-1,0,-1
2023340NN2202,2023,340NN2202,2,9,0,18,19,3,7,0,0,0,0,0,0,0,2,1,6,6,1,20,4,1598,1,16,MINI COOPER,5,E01027091,0,-1
2023311398129,2023,311398129,3,9,0,18,19,7,3,0,0,0,0,11,0,0,1,1,6,6,2,28,6,1998,1,5,MINI COOPER,7,E01028270,0,-1
2023430426745,2023,430426745,2,9,0,18,19,1,5,0,0,0,0,0,0,0,3,1,6,6,2,54,8,1499,1,1,MINI COOPER,8,E01027294,0,-1
2023320435658,2023,320435658,1,9,0,9,9,5,3,0,0,8,1,0,2,0,2,1,6,6,2,61,9,1995,2,8,MINI COOPER,4,E01026732,0,-1
2023061395733,2023,061395733,1,9,0,-1,-1,-1,-1,-1,-1,-1,-1,-1,-1,0,1,1,6,6,3,-1,-1,1598,1,10,MINI COOPER,-1,-1,0,-1
2023451360484,2023,451360484,2,9,0,18,19,8,4,0,0,0,0,0,0,0,2,1,5,6,2,33,6,1560,2,14,MINI COOPER,2,E01003305,0,-1
2023211278194,2023,211278194,1,9,0,1,1,6,2,0,0,6,0,0,0,0,2,1,6,6,2,40,7,1598,1,12,MINI COOPER,4,E01029555,0,-1
2023552300841,2023,552300841,2,9,0,18,19,2,8,0,0,8,0,0,0,0,4,1,6,6,1,28,6,1998,1,9,MINI COOPER,9,E01020351,0,-1
2023991261755,2023,991261755,1,9,0,17,19,3,6,0,0,0,2,0,0,0,1,1,5,6,1,19,4,1560,2,15,MINI COOPER,-1,-1,0,-1
2023471310642,2023,471310642,2,9,0,4,4,3,7,0,0,1,0,0,0,0,2,1,5,6,1,30,6,1598,1,22,MINI COOPER,1,E01017167,0,-1
2023221330625,2023,221330625,3,9,0,3,3,2,6,0,0,8,0,0,0,0,1,1,5,6,1,40,7,1598,1,16,MINI COOPER,9,E01022143,0,-1
2023010459303,2023,010459303,2,9,0,99,99,9,9,0,0,8,0,0,0,0,1,9,6,6,1,60,9,-1,3,3,MINI COOPER,4,E01000242,0,-1
2023451331196,2023,451331196,1,9,0,18,19,8,4,0,0,8,0,10,1,0,3,1,5,6,2,55,8,1598,1,17,MINI COOPER,9,E01030539,0,-1
2023451415620,2023,451415620,2,9,0,3,3,3,7,0,0,0,0,0,0,0,2,1,5,6,2,27,6,1998,1,8,MINI COOPER,5,E01030493,0,-1
2023991317855,2023,991317855,1,9,0,18,19,3,7,0,0,4,0,0,0,0,1,1,5,6,2,29,6,1499,1,5,MINI COOPER,4,-1,0,-1
2023440053730,2023,440053730,2,9,0,9,9,7,4,0,0,6,0,0,0,0,1,1,6,6,1,66,10,1496,2,9,MINI COOPER,10,E01022763,0,-1
2023010433735,2023,010433735,2,9,0,6,6,3,3,0,0,0,0,0,0,0,1,1,6,6,2,24,5,1560,2,16,MINI COOPER,9,E01030560,0,-1
2023471302743,2023,471302743,2,9,0,18,19,8,4,0,0,8,1,0,0,0,3,1,5,6,1,33,6,1998,1,9,MINI COOPER,9,E01031751,0,-1
2023010428004,2023,010428004,2,9,0,18,19,1,5,0,0,1,0,0,0,0,2,9,6,6,2,-1,-1,1598,1,15,MINI COOPER,9,E01000344,0,-1
2023461329305,2023,461329305,1,9,0,13,13,7,7,0,0,0,0,0,0,0,4,1,6,6,2,20,4,1499,1,7,MINI COOPER,9,E01024835,0,-1
2023461264705,2023,461264705,1,9,0,18,19,2,6,0,0,0,0,0,0,0,1,1,6,6,1,32,6,1499,1,1,MINI COOPER,3,E01024688,0,-1
2023041287903,2023,041287903,1,9,0,18,19,1,5,0,0,1,0,0,0,0,1,1,5,6,2,19,4,1499,1,6,MINI COOPER,10,E01025438,0,-1
2023501317287,2023,501317287,1,9,0,2,2,7,3,0,0,0,0,0,0,0,3,1,2,2,2,26,6,1560,2,13,MINI COOPER,5,E01018780,0,-1
2023451297988,2023,451297988,1,9,0,18,19,3,7,0,0,0,0,0,0,0,3,1,6,6,2,51,8,1598,1,17,MINI COOPER,9,E01030421,0,-1
2023421281161,2023,421281161,1,9,0,18,19,7,3,0,0,0,0,0,0,0,1,1,6,6,2,77,11,1499,1,9,MINI COOPER,10,E01021409,0,-1
2023991374649,2023,991374649,2,9,0,2,2,0,0,0,0,0,0,0,0,0,4,1,6,6,3,-1,-1,1499,1,8,MINI COOPER,-1,-1,0,-1
2023010478613,2023,010478613,2,9,0,99,99,9,9,99,99,9,9,99,9,99,9,9,6,6,3,-1,-1,1598,1,10,MINI COOPER,-1,-1,0,-1
2023461305910,2023,461305910,2,9,0,18,19,5,1,0,0,1,0,0,0,0,1,1,6,6,2,49,8,1998,1,0,MINI COOPER,8,E01024362,0,-1
2023991365306,2023,991365306,1,9,0,16,19,5,8,0,0,0,0,0,1,4,1,1,6,6,2,35,6,1598,1,16,MINI COOPER,4,-1,0,-1
2023401308879,2023,401308879,1,9,0,5,5,3,7,0,0,8,0,0,0,0,4,1,5,6,2,56,9,1499,1,6,MINI COOPER,6,E01017479,0,-1
2023302300151,2023,302300151,1,9,0,4,4,6,8,0,0,3,0,0,0,0,1,1,2,2,2,36,7,1496,2,8,MINI COOPER,7,E01031160,0,-1
2023471367642,2023,471367642,1,9,0,18,19,6,2,0,0,0,0,12,0,0,1,1,5,6,2,34,6,1499,1,7,MINI COOPER,8,E01030491,0,-1
2023141273514,2023,141273514,1,9,0,18,19,4,7,0,0,0,0,0,0,0,2,1,5,6,1,58,9,1496,2,7,MINI COOPER,9,E01007380,0,-1
2023010444498,2023,010444498,1,9,0,18,19,1,5,0,0,0,0,0,0,0,4,1,6,6,2,22,5,1600,1,12,MINI COOPER,2,E01032562,0,-1
2023320570730,2023,320570730,2,9,0,18,19,5,1,0,0,8,0,0,0,0,1,1,6,6,1,73,10,1499,1,6,MINI COOPER,5,E01026407,0,-1
2023471314640,2023,471314640,3,9,0,18,19,5,1,0,0,8,0,0,0,0,3,1,5,6,2,67,10,1499,1,7,MINI COOPER,8,E01003798,0,-1
2023211341140,2023,211341140,2,9,0,18,19,4,8,0,0,0,0,0,0,0,3,1,6,6,2,47,8,1499,1,0,MINI COOPER,9,E01029375,0,-1
2023010446351,2023,010446351,2,9,0,7,7,7,2,0,0,5,0,0,0,0,4,1,2,2,2,36,7,1499,1,4,MINI COOPER,7,E01000135,0,-1
2023421394978,2023,421394978,2,9,0,4,4,3,7,0,0,1,0,0,0,0,1,1,6,6,2,59,9,1998,1,7,MINI COOPER,2,E01015840,0,-1
2023010479838,2023,010479838,1,9,0,9,9,4,2,0,0,1,0,0,0,0,3,1,1,1,2,21,5,1499,1,0,MINI COOPER,6,E01003644,0,-1
2023440067802,2023,440067802,1,9,0,18,19,1,5,0,0,8,0,10,7,10,1,1,6,6,1,21,5,1560,2,16,MINI COOPER,1,E01017130,0,-1
2023520300916,2023,520300916,1,9,0,18,19,7,3,0,0,0,0,0,1,9,2,1,6,6,1,53,8,1598,1,17,MINI COOPER,-1,-1,0,-1
202360A179378,2023,60A179378,1,9,0,18,19,1,5,0,0,0,0,0,1,0,3,1,6,6,1,63,9,1598,1,20,MINI COOPER,-1,-1,0,-1
2023461325434,2023,461325434,1,9,0,18,19,5,1,0,0,0,0,0,0,0,1,1,6,6,1,24,5,1598,1,18,MINI COOPER,7,E01024766,0,-1
2023411340353,2023,411340353,1,9,0,5,5,7,3,0,0,0,0,0,0,0,0,1,6,6,1,39,7,1598,1,18,MINI COOPER,7,E01023863,0,-1
2023101301830,2023,101301830,2,9,0,18,19,5,1,0,0,0,0,0,0,0,3,1,5,6,1,22,5,1598,1,17,MINI COOPER,-1,-1,0,-1
2023101317220,2023,101317220,1,9,0,18,19,1,5,0,0,0,0,0,1,0,1,1,6,6,1,20,4,1598,1,18,MINI COOPER,5,E01027506,0,-1
2023320282498,2023,320282498,1,9,0,13,13,1,5,0,0,0,0,0,0,0,1,1,6,6,1,77,11,1499,1,3,MINI COOPER,9,E01026222,0,-1
2023201314223,2023,201314223,1,9,0,18,19,2,6,0,0,1,0,0,0,0,1,1,6,6,1,47,8,1598,1,13,MINI COOPER,1,E01010080,0,-1
202360A175608,2023,60A175608,1,9,0,17,19,5,1,0,0,0,0,0,0,0,1,1,6,6,2,52,8,1998,1,6,MINI COOPER,-1,-1,0,-1
2023071082802,2023,071082802,2,9,0,18,19,8,4,0,0,8,0,0,0,0,1,1,2,2,1,37,7,1598,1,17,MINI COOPER,5,E01005268,0,-1
2023201413894,2023,201413894,2,9,0,9,9,4,2,0,0,5,0,0,0,0,4,1,6,6,2,18,4,1598,1,12,MINI COOPER,10,E01032145,0,-1
2023451345641,2023,451345641,1,9,0,9,9,7,5,0,0,8,0,0,0,0,3,1,5,6,1,18,4,1598,1,14,MINI COOPER,8,E01030556,0,-1
202360A041794,2023,60A041794,1,9,0,9,9,2,6,0,0,5,0,0,0,0,0,1,6,6,1,84,11,1600,2,12,MINI COOPER,-1,-1,0,-1
2023421323586,2023,421323586,2,9,0,8,8,4,8,0,0,1,0,0,0,0,2,1,5,6,2,48,8,1598,1,16,MINI COOPER,9,E01021456,0,-1
2023631364903,2023,631364903,1,9,0,18,19,4,8,0,0,0,5,0,8,0,1,1,5,6,1,21,5,1598,1,20,MINI COOPER,2,W01000729,0,-1
2023010451283,2023,010451283,1,9,0,4,4,1,5,0,0,0,0,0,0,0,2,1,6,6,2,54,8,1499,1,5,MINI COOPER,9,E01014859,0,-1
2023401323973,2023,401323973,2,9,0,9,9,-1,-1,0,0,5,0,0,0,0,3,1,6,6,2,45,7,1598,1,16,MINI COOPER,2,E01015727,0,-1
2023320699354,2023,320699354,2,9,0,7,7,6,8,0,0,6,0,0,0,0,3,1,6,6,2,75,10,1998,1,4,MINI COOPER,9,E01026293,0,-1
2023221354786,2023,221354786,1,9,0,9,9,6,5,0,0,5,0,0,0,0,1,1,5,6,2,39,7,1598,1,14,MINI COOPER,8,E01032400,0,-1
2023070467627,2023,070467627,2,9,0,18,19,4,8,0,0,1,0,0,0,0,2,1,6,6,2,-1,-1,1499,1,8,MINI COOPER,9,E01018442,0,-1
2023111373749,2023,111373749,1,9,0,14,14,7,3,0,0,0,0,0,0,0,1,1,2,2,2,55,8,1499,1,6,MINI COOPER,6,E01008354,0,-1
2023520300438,2023,520300438,1,9,0,18,19,6,2,0,0,0,5,0,1,9,1,1,6,6,1,17,4,1560,2,15,MINI COOPER,2,E01029095,0,-1
2023111326760,2023,111326760,1,9,0,17,19,1,5,0,0,2,2,4,0,0,3,1,5,6,1,21,5,1598,1,20,MINI COOPER,4,E01020825,0,-1
2023010461297,2023,010461297,1,9,0,18,19,5,1,0,0,1,0,0,0,0,1,1,6,6,1,61,9,1598,1,18,MINI COOPER,7,E01000665,0,-1
2023010431068,2023,010431068,2,9,0,99,99,9,9,99,99,9,9,99,9,99,1,9,6,6,3,-1,-1,1499,1,5,MINI COOPER,-1,-1,0,-1
2023991317687,2023,991317687,2,9,0,3,3,8,4,0,0,8,0,0,0,0,1,1,5,6,1,51,8,1998,1,8,MINI COOPER,2,-1,0,-1
2023622300918,2023,622300918,1,9,0,9,9,2,8,0,0,6,0,0,0,0,2,1,6,6,2,74,10,1499,1,8,MINI COOPER,9,W01001105,0,-1
2023010474036,2023,010474036,1,9,0,18,19,3,7,0,0,1,0,0,0,0,1,1,6,6,1,26,6,1598,1,16,MINI COOPER,-1,-1,0,-1
2023461386686,2023,461386686,1,9,0,18,19,7,3,0,0,0,1,10,0,0,1,1,5,6,1,18,4,1598,1,14,MINI COOPER,8,E01016148,0,-1
2023991338541,2023,991338541,2,9,0,16,19,6,1,0,0,0,0,0,0,0,1,1,5,6,1,59,9,1560,2,13,MINI COOPER,6,-1,0,-1
2023332300346,2023,332300346,1,9,0,18,19,7,3,0,0,2,0,0,0,0,1,1,6,6,1,28,6,1560,2,13,MINI COOPER,4,E01013617,0,-1
2023131290152,2023,131290152,2,9,0,3,3,7,3,0,0,2,0,0,0,0,2,1,5,6,1,66,10,1499,1,7,MINI COOPER,9,E01011151,0,-1
2023351388183,2023,351388183,1,9,0,18,19,4,8,0,0,0,0,0,1,0,1,1,6,6,1,33,6,1598,1,14,MINI COOPER,6,E01029952,0,-1
2023010440852,2023,010440852,1,9,0,4,4,5,1,0,0,0,0,0,0,0,0,1,2,2,1,68,10,-1,3,2,MINI COOPER,9,E01000202,0,-1
2023471366223,2023,471366223,1,9,0,18,19,8,4,0,0,4,0,0,0,0,3,1,5,6,2,43,7,1995,2,12,MINI COOPER,-1,-1,0,-1
2023141309798,2023,141309798,1,9,0,4,4,4,8,0,0,0,0,0,0,0,2,1,5,6,1,30,6,1560,2,13,MINI COOPER,5,E01007588,0,-1
2023101343638,2023,101343638,1,9,0,18,19,6,2,0,0,0,0,0,0,0,1,1,5,6,2,51,8,1998,1,5,MINI COOPER,8,E01020623,0,-1
2023411394669,2023,411394669,3,9,0,3,3,5,1,0,0,1,0,0,0,0,2,1,6,6,2,32,6,1598,1,19,MINI COOPER,5,E01023843,0,-1
2023421304783,2023,421304783,1,9,0,18,19,5,8,0,0,4,0,0,3,4,1,1,5,6,2,34,6,1598,1,14,MINI COOPER,2,E01001328,0,-1
2023421326808,2023,421326808,1,9,0,18,19,1,5,0,0,0,0,0,0,0,4,1,5,6,1,23,5,1499,1,9,MINI COOPER,7,E01033052,0,-1
2023531315676,2023,531315676,1,9,0,18,19,5,1,0,0,0,1,0,5,6,3,1,5,6,2,26,6,1598,1,14,MINI COOPER,6,E01031188,0,-1
2023161381052,2023,161381052,2,9,0,18,19,4,8,0,0,8,1,0,1,2,4,1,2,2,2,24,5,1995,2,11,MINI COOPER,6,E01012922,0,-1
2023010436397,2023,010436397,3,9,0,2,2,0,0,0,0,0,0,0,0,0,2,1,6,6,3,-1,-1,1598,1,17,MINI COOPER,-1,-1,0,-1
2023170M10233,2023,170M10233,1,9,0,4,4,3,7,0,0,1,0,0,0,0,2,1,6,6,2,26,6,1499,1,5,MINI COOPER,9,E01033478,0,-1
2023070502161,2023,070502161,2,9,0,2,2,0,0,0,0,0,0,0,0,0,2,1,6,6,2,39,7,1499,1,2,MINI COOPER,10,E01018664,0,-1
2023622301024,2023,622301024,1,9,0,4,4,4,8,0,0,8,0,0,0,0,1,1,6,6,2,25,5,1496,2,6,MINI COOPER,5,W01001837,0,-1
2023010476839,2023,010476839,2,9,0,99,99,9,9,99,99,9,9,99,9,99,9,9,6,6,3,-1,-1,1499,1,1,MINI COOPER,-1,-1,0,-1
2023201405799,2023,201405799,1,9,0,18,19,3,6,0,0,0,0,0,0,0,1,1,1,1,1,20,4,1598,1,11,MINI COOPER,8,E01010124,0,-1