collision_index,collision_year,collision_ref_no,vehicle_reference,vehicle_type,towing_and_articulation,vehicle_manoeuvre_historic,vehicle_manoeuvre,vehicle_direction_from,vehicle_direction_to,vehicle_location_restricted_lane_historic,vehicle_location_restricted_lane,junction_location,skidding_and_overturning,hit_object_in_carriageway,vehicle_leaving_carriageway,hit_object_off_carriageway,first_point_of_impact,vehicle_left_hand_drive,journey_purpose_of_driver_historic,journey_purpose_of_driver,sex_of_driver,age_of_driver,age_band_of_driver,engine_capacity_cc,propulsion_code,age_of_vehicle,generic_make_model,driver_imd_decile,lsoa_of_driver,escooter_flag,driver_distance_banding
2023461339313,2023,461339313,1,9,0,17,19,5,2,0,0,0,2,7,1,0,4,1,5,6,2,58,9,1598,1,18,MINI COOPER,5,E01024025,0,-1
2023302300585,2023,302300585,2,9,0,14,14,4,8,0,0,0,0,0,0,0,2,1,6,6,2,52,8,1598,1,14,MINI COOPER,6,E01006051,0,-1
2023471260900,2023,471260900,1,9,0,18,19,7,3,0,0,8,0,0,0,0,4,1,5,6,1,76,11,1499,1,4,MINI COOPER,10,E01024838,0,-1
2023451312608,2023,451312608,1,9,0,18,19,7,3,0,0,0,1,0,2,0,1,1,5,6,1,45,7,1598,1,10,MINI COOPER,10,E01000793,0,-1
2023010457564,2023,010457564,2,9,9,99,99,9,9,99,99,9,9,99,9,99,9,9,6,6,3,57,9,1998,1,2,MINI COOPER,10,E01024468,0,-1
2023542426423,2023,542426423,1,9,0,16,19,3,6,0,0,2,0,10,7,11,1,1,6,6,1,33,6,1598,1,18,MINI COOPER,10,E01031923,0,-1
2023052302875,2023,052302875,2,9,0,2,2,0,0,0,0,0,0,0,0,0,3,1,6,6,3,-1,-1,1598,1,17,MINI COOPER,-1,-1,0,-1
2023461337318,2023,461337318,3,9,0,3,3,7,3,0,0,0,0,0,0,0,2,1,6,6,2,56,9,1499,1,8,MINI COOPER,3,E01001999,0,-1
2023010477107,2023,010477107,2,9,0,99,99,9,9,99,99,9,9,99,9,99,9,9,6,6,3,-1,-1,1499,1,5,MINI COOPER,-1,-1,0,-1
2023361315305,2023,361315305,1,9,0,9,9,1,4,0,0,1,0,0,0,0,4,1,2,2,1,17,4,1598,1,12,MINI COOPER,-1,-1,0,-1
2023010454989,2023,010454989,2,9,0,99,99,9,9,99,99,9,9,99,9,99,2,9,6,6,3,44,7,1598,1,14,MINI COOPER,2,E01000863,0,-1
2023070673717,2023,070673717,2,9,0,10,10,1,7,0,0,3,0,9,7,11,1,1,2,2,2,19,4,1560,2,16,MINI COOPER,4,E01011075,0,-1
2023991279809,2023,991279809,1,9,0,18,19,7,4,0,0,0,0,0,1,4,1,1,5,6,2,78,11,1499,1,3,MINI COOPER,8,-1,0,-1
2023531305911,2023,531305911,2,9,0,13,13,1,5,0,0,0,0,0,0,0,1,1,6,6,1,59,9,1499,1,4,MINI COOPER,8,E01022191,0,-1
2023201433825,2023,201433825,1,9,0,18,19,6,2,0,0,0,0,10,0,0,1,1,6,6,2,23,5,1998,1,5,MINI COOPER,9,E01009816,0,-1
2023501314760,2023,501314760,1,9,0,18,19,3,7,0,0,8,0,0,0,0,1,1,6,6,1,27,6,1598,1,17,MINI COOPER,5,E01017206,0,-1
2023501270620,2023,501270620,2,9,0,9,9,1,6,0,0,4,0,0,0,0,1,1,5,6,1,78,11,1499,1,7,MINI COOPER,-1,-1,0,-1
2023231274831,2023,231274831,1,9,0,13,13,8,4,0,0,8,5,0,1,11,1,1,6,6,2,63,9,1598,1,12,MINI COOPER,4,E01027336,0,-1
2023461348442,2023,461348442,1,9,0,18,19,1,5,0,0,0,5,0,1,9,1,1,6,6,2,18,4,1598,2,13,MINI COOPER,6,E01023978,0,-1
2023131341427,2023,131341427,3,9,0,18,19,3,7,0,0,6,0,0,1,0,1,1,5,6,1,56,9,1995,2,11,MINI COOPER,8,E01011116,0,-1
2023421378864,2023,421378864,3,9,0,2,2,0,0,0,0,0,0,0,0,0,2,1,6,6,3,-1,-1,1598,1,19,MINI COOPER,-1,-1,0,-1
2023471377794,2023,471377794,1,9,0,4,4,8,4,0,0,0,0,0,0,0,2,1,5,6,2,35,6,1998,1,1,MINI COOPER,5,E01021121,0,-1
2023501272118,2023,501272118,1,9,0,18,19,3,7,0,0,1,0,0,0,0,1,1,6,6,2,64,9,1598,1,16,MINI COOPER,2,E01020211,0,-1
2023201384273,2023,201384273,1,9,0,18,19,7,3,0,0,8,0,0,0,0,3,1,6,6,3,-1,-1,1499,1,8,MINI COOPER,-1,-1,0,-1
2023010436273,2023,010436273,1,9,0,99,99,9,9,99,99,9,9,99,9,99,2,9,2,2,2,28,6,1496,2,9,MINI COOPER,2,E01001205,0,-1
2023161318941,2023,161318941,3,9,0,18,19,8,3,0,0,0,0,0,0,0,1,1,6,6,2,51,8,1998,1,3,MINI COOPER,7,E01013346,0,-1
2023010476301,2023,010476301,1,9,0,18,19,7,3,0,0,5,0,0,0,0,2,1,2,2,1,64,9,1598,1,18,MINI COOPER,6,E01003434,0,-1
2023061322697,2023,061322697,1,9,0,9,9,1,5,0,0,5,0,0,0,0,1,1,5,6,2,19,4,1499,1,7,MINI COOPER,3,E01005506,0,-1
2023440373245,2023,440373245,2,9,0,5,5,1,5,0,0,0,0,0,0,0,4,1,6,6,3,-1,-1,1499,1,7,MINI COOPER,-1,-1,0,-1
2023231267937,2023,231267937,2,9,0,18,19,2,6,0,0,0,0,0,1,0,1,1,5,6,1,55,8,1998,1,5,MINI COOPER,6,E01014917,0,-1
2023411267167,2023,411267167,1,9,0,1,1,3,3,0,0,1,1,0,0,0,0,1,5,6,2,73,10,1499,1,3,MINI COOPER,8,E01023321,0,-1
2023520000971,2023,520000971,4,9,0,18,19,4,8,0,0,1,0,0,0,0,1,1,6,6,2,62,9,1998,1,2,MINI COOPER,4,E01014815,0,-1
2023010432119,2023,010432119,2,9,0,99,99,9,9,99,99,9,9,99,9,99,0,9,6,6,3,21,5,1499,1,7,MINI COOPER,5,E01029287,0,-1
2023201374481,2023,201374481,2,9,0,18,19,5,1,0,0,1,0,0,0,0,1,1,5,6,2,25,5,1499,1,4,MINI COOPER,8,E01029616,0,-1
2023430387816,2023,430387816,2,9,0,9,9,2,8,0,0,8,0,0,0,0,4,1,6,6,1,19,4,1598,1,14,MINI COOPER,10,E01028455,0,-1
2023552300841,2023,552300841,1,9,0,18,19,6,2,0,0,6,0,0,0,0,1,1,6,6,1,73,10,1499,1,2,MINI COOPER,9,E01015451,0,-1
2023371276180,2023,371276180,3,9,0,18,19,2,6,0,0,0,0,0,0,0,1,1,5,6,2,43,7,1496,2,9,MINI COOPER,2,E01030248,0,-1
2023201388699,2023,201388699,1,9,0,18,19,6,2,0,0,1,0,0,0,0,1,1,6,6,1,-1,-1,1499,1,0,MINI COOPER,-1,-1,0,-1
2023131307180,2023,131307180,4,9,0,2,2,0,0,0,0,1,0,0,0,0,2,1,6,6,3,-1,-1,1998,1,4,MINI COOPER,-1,-1,0,-1
2023201288459,2023,201288459,2,9,0,18,19,3,7,0,0,0,0,0,0,0,4,1,6,6,1,55,8,1499,1,6,MINI COOPER,4,E01009030,0,-1
2023471270626,2023,471270626,1,9,0,17,19,4,8,0,0,0,1,0,2,0,4,1,5,6,1,24,5,1598,1,16,MINI COOPER,8,E01031629,0,-1
2023471372175,2023,471372175,1,9,0,18,19,8,4,0,0,0,1,0,0,0,3,1,5,6,2,49,8,1499,1,7,MINI COOPER,-1,-1,0,-1
2023131370533,2023,131370533,3,9,0,5,5,5,1,0,0,1,0,0,0,0,2,1,5,6,1,19,4,1598,1,17,MINI COOPER,9,E01011935,0,-1
2023061327673,2023,061327673,1,9,-1,-1,-1,-1,-1,-1,-1,-1,-1,-1,-1,0,-1,1,6,6,2,30,6,1598,1,17,MINI COOPER,2,E01006207,0,-1
2023501285308,2023,501285308,1,9,0,18,19,6,2,0,0,0,0,0,0,0,1,1,6,6,1,-1,-1,1995,2,8,MINI COOPER,1,E01015088,0,-1
2023010432229,2023,010432229,1,9,0,99,99,9,9,99,99,9,9,99,9,99,2,9,2,2,2,23,5,1598,1,17,MINI COOPER,6,E01002968,0,-1
2023010433917,2023,010433917,2,9,0,99,99,9,9,99,99,9,9,99,9,99,9,9,6,6,3,-1,-1,1499,1,8,MINI COOPER,3,E01002841,0,-1
2023041317383,2023,041317383,1,9,0,4,4,3,7,0,0,1,0,0,0,0,1,1,6,6,3,-1,-1,1598,1,17,MINI COOPER,-1,-1,0,-1
2023311391154,2023,311391154,2,9,0,18,19,4,3,0,0,0,0,0,0,0,1,1,6,6,1,20,4,1598,1,21,MINI COOPER,2,E01013659,0,-1
2023201277074,2023,201277074,2,9,0,3,3,4,8,0,0,1,0,0,0,0,2,1,6,6,1,47,8,1998,1,6,MINI COOPER,7,E01010551,0,-1
2023451278523,2023,451278523,1,9,0,9,9,7,5,0,0,8,0,0,0,0,0,1,5,6,1,56,9,1499,1,2,MINI COOPER,8,E01030591,0,-1
2023991299735,2023,991299735,3,9,0,18,19,5,1,0,0,0,0,0,0,0,0,1,5,6,2,67,10,1598,1,16,MINI COOPER,7,-1,0,-1
2023471334819,2023,471334819,2,9,0,18,19,8,5,0,0,8,1,0,0,0,4,1,5,6,2,31,6,1560,2,13,MINI COOPER,2,E01016945,0,-1
2023461266554,2023,461266554,1,9,0,18,19,3,8,0,0,2,1,0,2,0,4,1,5,6,2,25,5,1598,1,18,MINI COOPER,7,E01031660,0,-1
2023461263879,2023,461263879,1,9,0,7,7,3,7,0,0,8,0,0,0,0,4,1,6,6,1,19,4,1499,1,4,MINI COOPER,3,E01024396,0,-1
2023141339630,2023,141339630,1,9,0,16,19,8,4,0,0,0,5,0,7,0,1,1,6,6,2,46,8,1598,1,11,MINI COOPER,3,E01007789,0,-1
2023311291490,2023,311291490,1,9,0,17,19,3,7,0,0,0,0,0,0,0,1,1,5,6,1,19,4,1598,1,19,MINI COOPER,7,E01028277,0,-1
2023991376158,2023,991376158,3,9,0,3,3,2,6,0,0,0,0,0,0,0,3,1,5,6,1,22,5,1499,1,3,MINI COOPER,1,-1,0,-1
2023471327332,2023,471327332,1,9,0,15,15,3,7,0,0,0,0,0,1,10,1,1,5,6,1,18,4,1496,2,9,MINI COOPER,7,E01021080,0,-1
2023991282322,2023,991282322,1,9,0,18,19,2,6,0,0,0,0,0,0,0,1,1,5,6,1,25,5,1998,1,1,MINI COOPER,7,-1,0,-1
2023061394320,2023,061394320,2,9,0,18,19,1,1,0,0,4,0,0,0,0,4,2,6,6,2,33,6,1499,1,6,MINI COOPER,1,E01005252,0,-1
2023332300435,2023,332300435,2,9,0,9,9,3,1,0,0,6,5,0,1,0,1,1,6,6,2,82,11,1499,1,9,MINI COOPER,7,E01025909,0,-1
2023131341978,2023,131341978,1,9,0,18,19,3,7,0,0,8,0,0,0,0,1,1,6,6,2,17,4,1499,1,3,MINI COOPER,6,E01010882,0,-1
2023531304512,2023,531304512,2,9,0,17,19,5,1,0,0,1,0,0,0,0,1,1,5,6,2,61,9,1598,2,11,MINI COOPER,7,E01031248,0,-1
2023161302937,2023,161302937,1,9,0,10,10,7,5,0,0,1,0,0,0,0,2,1,6,6,2,50,8,1598,1,16,MINI COOPER,1,E01012858,0,-1
202354D143623,2023,54D143623,2,9,0,18,19,4,8,0,0,1,0,0,0,0,2,1,6,6,1,48,8,1598,1,14,MINI COOPER,2,E01015573,0,-1
2023451289900,2023,451289900,2,9,0,4,4,5,1,0,0,0,0,0,0,0,1,1,6,6,1,36,7,1598,1,14,MINI COOPER,9,E01002976,0,-1
2023131352851,2023,131352851,1,9,0,9,9,5,1,0,0,0,0,0,0,0,3,1,5,6,2,57,9,1998,1,3,MINI COOPER,2,E01011852,0,-1
2023471293289,2023,471293289,1,9,0,18,19,3,7,0,0,0,0,0,0,0,1,1,6,6,2,23,5,1499,1,3,MINI COOPER,8,E01031812,0,-1
2023471260143,2023,471260143,1,9,0,18,19,5,1,0,0,0,0,0,0,0,1,1,1,1,1,41,7,1598,1,19,MINI COOPER,3,E01020913,0,-1
2023221330922,2023,221330922,1,9,0,18,19,7,3,0,0,0,1,0,5,6,1,1,5,6,1,41,7,1598,1,20,MINI COOPER,1,E01008927,0,-1
2023161326307,2023,161326307,2,9,0,18,19,2,6,0,0,0,0,0,0,0,1,1,2,2,2,52,8,1998,1,4,MINI COOPER,6,E01028316,0,-1
2023411291290,2023,411291290,1,9,0,5,5,5,1,0,0,4,0,0,0,0,1,1,6,6,2,32,6,1499,1,2,MINI COOPER,8,E01023596,0,-1
2023542732723,2023,542732723,2,9,0,3,3,7,3,0,0,4,0,0,0,0,2,1,2,2,2,58,9,1598,2,10,MINI COOPER,9,E01031930,0,-1
2023010431307,2023,010431307,1,9,0,18,19,3,7,0,0,4,0,0,0,0,1,1,6,6,2,57,9,1998,1,6,MINI COOPER,5,E01028955,0,-1
2023451389882,2023,451389882,2,9,0,4,4,6,2,0,0,0,1,0,1,0,2,1,2,2,2,56,9,1598,1,10,MINI COOPER,8,E01002949,0,-1
2023052300629,2023,052300629,1,9,0,7,7,5,7,0,0,1,0,0,0,0,4,1,6,6,1,-1,-1,1998,1,1,MINI COOPER,-1,-1,0,-1
2023131283672,2023,131283672,1,9,0,18,19,3,7,0,0,8,0,0,0,0,4,1,2,2,2,62,9,1600,2,12,MINI COOPER,3,E01032606,0,-1
2023221296159,2023,221296159,1,9,0,18,19,1,5,0,0,8,0,0,0,0,1,1,5,6,2,57,9,1598,1,17,MINI COOPER,10,E01032346,0,-1
2023411265836,2023,411265836,1,9,0,12,12,5,1,0,0,0,1,6,0,0,1,1,5,6,1,20,4,1598,1,12,MINI COOPER,9,E01023479,0,-1
2023071274562,2023,071274562,1,9,0,18,19,1,5,0,0,0,5,0,2,4,1,1,6,6,1,18,4,1560,2,15,MINI COOPER,9,E01018516,0,-1
2023461309127,2023,461309127,1,9,0,18,19,5,1,0,0,2,0,0,0,0,3,1,6,6,1,47,8,1560,2,15,MINI COOPER,7,E01024732,0,-1
2023471366443,2023,471366443,1,9,0,18,19,5,1,0,0,4,0,0,0,0,1,1,6,6,2,51,8,1499,1,6,MINI COOPER,4,E01016855,0,-1
2023351286183,2023,351286183,2,9,0,8,8,5,7,0,0,2,0,0,0,0,2,1,3,7,2,52,8,1499,1,7,MINI COOPER,10,E01023657,0,-1
2023170H10563,2023,170H10563,1,9,0,9,9,5,2,0,0,8,0,0,0,0,3,1,6,6,2,61,9,1499,1,9,MINI COOPER,9,E01012299,0,-1
2023302301933,2023,302301933,2,9,0,3,3,5,1,0,0,0,0,0,0,0,2,1,6,6,1,25,5,1598,1,20,MINI COOPER,6,E01013589,0,-1
2023010425813,2023,010425813,2,9,0,99,99,9,9,99,99,9,9,99,9,99,9,9,6,6,2,37,7,1499,1,6,MINI COOPER,1,E01003245,0,-1
2023010442114,2023,010442114,1,9,4,99,99,9,9,99,99,0,9,99,9,99,1,9,2,2,2,55,8,1499,1,7,MINI COOPER,8,E01032620,0,-1
2023311343456,2023,311343456,1,9,0,3,3,5,1,0,0,1,0,0,0,0,4,1,2,2,2,22,5,1499,1,9,MINI COOPER,4,E01027935,0,-1
2023010428444,2023,010428444,1,9,0,99,99,9,9,99,99,9,9,99,9,99,1,9,6,6,2,60,9,1598,1,12,MINI COOPER,6,E01023830,0,-1
2023131295184,2023,131295184,1,9,0,16,19,3,7,0,0,0,0,0,0,0,1,1,5,6,2,40,7,1598,1,19,MINI COOPER,1,E01024875,0,-1
2023991362254,2023,991362254,1,9,0,16,19,1,3,0,0,1,0,0,0,0,1,1,5,6,2,19,4,1499,1,5,MINI COOPER,5,-1,0,-1
2023161295036,2023,161295036,1,9,0,18,19,3,7,0,0,0,0,0,0,0,1,1,5,6,2,17,4,1598,1,15,MINI COOPER,9,E01013115,0,-1
2023430120042,2023,430120042,1,9,0,18,19,4,8,0,0,1,0,0,0,0,1,1,6,6,1,25,5,1499,1,4,MINI COOPER,10,E01016188,0,-1
2023461267045,2023,461267045,2,9,0,15,15,7,3,0,0,0,0,0,0,0,2,1,5,6,1,30,6,1998,1,7,MINI COOPER,4,E01023981,0,-1
2023211203740,2023,211203740,2,9,0,17,19,3,7,0,0,0,0,0,0,0,1,1,6,6,2,28,6,1499,1,5,MINI COOPER,4,E01006022,0,-1
2023201391773,2023,201391773,3,9,0,3,3,8,4,0,0,0,0,0,0,0,2,1,6,6,2,68,10,1598,1,14,MINI COOPER,5,E01009719,0,-1
2023201346342,2023,201346342,3,9,0,2,2,0,0,0,0,2,0,0,0,0,1,1,6,6,3,-1,-1,1499,1,8,MINI COOPER,-1,-1,0,-1
2023122400094,2023,122400094,1,9,0,18,19,3,7,0,0,0,0,0,0,0,1,1,6,6,2,61,9,1998,1,5,MINI COOPER,8,E01027643,0,-1
2023421360491,2023,421360491,2,9,0,4,4,4,8,0,0,0,0,0,0,0,2,1,6,6,2,39,7,1998,1,0,MINI COOPER,4,E01003743,0,-1
2023421281337,2023,421281337,1,9,0,18,19,4,8,0,0,8,0,0,0,0,4,1,5,6,2,51,8,1598,1,17,MINI COOPER,5,E01021443,0,-1
2023440428936,2023,440428936,1,9,0,18,19,2,6,0,0,0,5,0,1,4,4,1,2,2,1,18,4,1598,1,17,MINI COOPER,10,E01032859,0,-1
2023111376993,2023,111376993,1,9,0,18,19,5,1,0,0,0,0,0,0,0,1,1,6,6,2,25,5,1496,2,7,MINI COOPER,8,E01008452,0,-1
2023201402137,2023,201402137,2,9,0,18,19,2,6,0,0,8,0,7,4,0,1,1,5,6,2,47,8,1499,1,4,MINI COOPER,8,E01009949,0,-1
2023411344359,2023,411344359,1,9,0,10,10,3,1,0,0,6,0,0,0,0,1,1,5,6,2,43,7,1598,1,20,MINI COOPER,3,E01023326,0,-1
2023461296138,2023,461296138,2,9,0,18,19,5,1,0,0,0,0,0,4,0,1,1,5,6,2,42,7,1598,1,13,MINI COOPER,6,E01024728,0,-1
2023421355526,2023,421355526,3,9,0,4,4,2,7,0,0,8,0,0,0,0,1,1,6,6,2,49,8,1998,1,8,MINI COOPER,8,E01021604,0,-1
2023371347384,2023,371347384,3,9,0,4,4,8,1,9,9,1,0,0,0,0,1,1,5,6,2,23,5,1995,2,7,MINI COOPER,9,E01029897,0,-1
2023141313037,2023,141313037,1,9,0,18,19,1,5,0,0,0,0,0,0,0,1,1,5,6,2,23,5,1598,1,11,MINI COOPER,6,E01007347,0,-1
2023610002623,2023,610002623,2,9,0,17,19,4,1,0,0,8,0,0,0,0,1,1,6,6,1,52,8,1598,1,15,MINI COOPER,8,W01001897,0,-1
2023361336238,2023,361336238,2,9,0,2,2,5,5,0,0,0,0,0,0,0,2,1,5,6,1,49,8,1598,1,14,MINI COOPER,6,E01026534,0,-1
2023131300424,2023,131300424,2,9,0,16,19,8,8,0,0,8,0,0,0,0,4,1,2,2,1,53,8,1598,1,17,MINI COOPER,3,E01011240,0,-1
2023440236190,2023,440236190,2,9,0,4,4,6,2,0,0,2,0,0,0,0,2,1,1,1,1,27,6,1598,1,19,MINI COOPER,5,E01022579,0,-1
2023122301368,2023,122301368,1,9,0,5,5,2,5,0,0,0,0,0,0,0,1,1,6,6,1,24,5,1499,1,6,MINI COOPER,7,E01027735,0,-1
2023010426726,2023,010426726,2,9,0,99,99,9,9,99,99,0,9,99,9,99,2,9,6,6,1,29,6,1499,1,4,MINI COOPER,4,E01001484,0,-1
2023520400037,2023,520400037,1,9,0,18,19,7,5,0,0,8,0,0,0,0,3,1,6,6,2,26,6,1499,1,4,MINI COOPER,8,E01029089,0,-1
2023340NN0152,2023,340NN0152,2,9,0,18,19,4,8,0,0,2,0,0,0,0,2,1,2,2,1,43,7,1600,2,12,MINI COOPER,3,E01027104,0,-1
2023371330954,2023,371330954,4,9,0,4,4,3,7,0,0,0,0,0,0,0,0,1,6,6,3,-1,-1,1499,1,5,MINI COOPER,-1,-1,0,-1
2023991368829,2023,991368829,1,9,0,11,11,6,4,0,0,8,0,0,0,0,3,1,1,1,2,51,8,1499,1,4,MINI COOPER,9,-1,0,-1
2023122300844,2023,122300844,1,9,0,18,19,2,6,0,0,1,0,0,0,0,1,1,1,1,2,18,4,1598,1,18,MINI COOPER,3,E01027629,0,-1
2023010450718,2023,010450718,2,9,0,3,3,2,6,0,0,0,0,0,0,0,2,1,6,6,2,57,9,1499,1,0,MINI COOPER,-1,-1,0,-1
2023351334320,2023,351334320,1,9,0,18,19,5,1,9,9,8,0,0,0,0,4,1,2,2,2,43,7,1499,1,1,MINI COOPER,6,E01015644,0,-1
2023501363930,2023,501363930,1,9,0,18,19,5,1,0,0,0,0,0,7,3,3,1,6,6,2,41,7,1598,1,19,MINI COOPER,7,E01018934,0,-1
2023131313628,2023,131313628,1,9,0,9,9,5,3,0,0,1,0,0,0,0,3,1,5,6,2,32,6,1998,1,4,MINI COOPER,3,E01011519,0,-1
2023061345416,2023,061345416,2,9,0,9,9,2,7,0,0,1,0,0,0,0,3,1,6,6,2,30,6,1499,1,0,MINI COOPER,7,E01005468,0,-1
2023471266076,2023,471266076,1,9,0,4,4,3,7,0,0,1,0,0,0,0,1,1,6,6,1,24,5,1598,1,20,MINI COOPER,-1,-1,0,-1
2023010479999,2023,010479999,1,9,0,18,19,3,7,0,0,0,0,0,0,0,1,1,6,6,1,30,6,1598,1,14,MINI COOPER,4,E01016462,0,-1
2023430287669,2023,430287669,1,9,0,9,9,3,8,0,0,4,0,0,0,0,3,1,6,6,2,41,7,1499,1,5,MINI COOPER,10,E01016559,0,-1
2023471381385,2023,471381385,2,9,0,18,19,1,5,0,0,1,1,0,0,0,1,1,5,6,2,41,7,1598,1,13,MINI COOPER,5,E01031501,0,-1
2023122301229,2023,122301229,1,9,0,18,19,3,7,0,0,0,0,0,0,0,4,1,6,6,1,78,11,1598,1,20,MINI COOPER,8,E01027666,0,-1
2023041330356,2023,041330356,1,11,0,5,5,4,8,0,0,1,0,0,0,0,0,1,1,1,1,58,9,6690,2,6,-1,3,E01024879,0,-1
2023070049813,2023,070049813,2,11,0,9,9,6,4,0,0,8,0,0,0,0,4,1,1,1,1,60,9,4250,2,11,-1,1,E01012546,0,-1
2023411340229,2023,411340229,2,11,0,18,19,7,3,0,0,8,0,0,0,0,1,1,1,1,2,63,9,4250,2,12,-1,6,E01021794,0,-1
2023041362370,2023,041362370,2,11,0,18,19,7,3,0,0,1,0,0,0,0,0,1,1,1,1,43,7,6690,2,6,-1,2,E01025229,0,-1
2023451340245,2023,451340245,1,11,0,2,2,0,0,0,0,0,0,0,0,0,4,1,5,6,3,50,8,6700,2,8,-1,10,E01030499,0,-1
2023101329460,2023,101329460,1,11,0,7,7,4,6,0,0,8,0,0,0,0,4,1,1,1,1,25,5,6700,2,13,-1,4,E01008255,0,-1
2023041377288,2023,041377288,1,11,0,18,19,5,1,0,0,0,0,0,0,0,0,1,6,6,3,-1,-1,5130,2,5,-1,-1,-1,0,-1
2023041262555,2023,041262555,2,11,0,9,9,3,3,2,2,1,0,0,0,0,3,1,1,1,1,65,9,6690,2,6,-1,4,E01025394,0,-1
2023302301728,2023,302301728,1,11,0,9,9,5,2,9,9,2,0,0,0,0,0,1,1,1,1,52,8,6690,2,7,-1,5,E01014239,0,-1
2023010441487,2023,010441487,2,9,9,99,99,9,9,99,99,0,9,99,9,99,9,9,6,6,1,55,8,-1,3,7,-1,9,E01000208,0,-1
2023411394189,2023,411394189,2,2,0,14,14,3,8,0,0,1,0,4,0,0,4,1,6,6,1,27,6,349,1,0,-1,9,E01017933,0,-1
2023201375089,2023,201375089,1,3,9,18,19,6,2,0,0,0,0,0,0,0,1,1,6,6,2,21,5,125,1,5,-1,2,E01009980,0,-1
2023041316600,2023,041316600,1,3,0,18,19,5,7,0,0,0,0,0,7,11,1,1,5,6,1,32,6,124,1,18,-1,1,E01025151,0,-1
2023122300618,2023,122300618,2,5,0,13,13,6,2,0,0,0,0,0,7,11,4,1,6,6,1,79,11,1160,1,1,TRIUMPH SPEED TRIPLE,7,E01027735,0,-1
2023161342859,2023,161342859,2,5,0,18,19,2,6,0,0,1,5,0,0,0,1,1,6,6,1,48,8,1050,1,5,TRIUMPH SPEED TRIPLE,9,E01013365,0,-1
2023461363009,2023,461363009,1,2,0,18,19,7,3,0,0,0,0,0,0,0,1,1,6,6,1,57,9,1050,1,14,-1,2,E01024398,0,-1
2023332300805,2023,332300805,1,5,0,18,19,8,4,0,0,8,0,0,0,0,2,1,2,2,1,60,9,1160,1,1,TRIUMPH SPEED TRIPLE,1,E01013651,0,-1
2023231363376,2023,231363376,3,5,0,18,19,4,8,0,0,0,0,0,0,0,1,1,6,6,1,59,9,1050,1,4,TRIUMPH SPEED TRIPLE,10,E01018587,0,-1
2023231311030,2023,231311030,1,2,0,18,19,6,2,0,0,8,0,0,0,0,1,1,5,6,1,58,9,1050,1,6,-1,3,E01031006,0,-1
2023122301012,2023,122301012,1,5,0,16,19,3,7,0,0,0,1,0,0,0,4,1,6,6,1,69,10,1050,1,8,TRIUMPH SPEED TRIPLE,6,E01025179,0,-1
202363D023123,2023,63D023123,3,5,0,18,19,2,6,0,0,0,0,0,0,0,1,1,6,6,1,47,8,1050,1,8,TRIUMPH SPEED TRIPLE,5,W01001291,0,-1
2023340NN3012,2023,340NN3012,1,5,0,13,13,6,2,0,0,0,0,0,0,0,1,1,6,6,1,75,10,1050,1,7,TRIUMPH SPEED TRIPLE,6,E01018304,0,-1
2023061337968,2023,061337968,2,5,0,14,14,1,5,0,0,1,0,0,0,0,4,1,2,2,1,33,6,1050,1,9,TRIUMPH SPEED TRIPLE,3,E01006286,0,-1
2023471304145,2023,471304145,2,5,0,16,19,7,5,0,0,0,0,0,7,0,3,1,2,2,1,58,9,1050,1,6,TRIUMPH SPEED TRIPLE,9,E01031561,0,-1
2023070708364,2023,070708364,1,4,0,9,9,6,2,0,0,0,0,0,0,0,1,1,6,6,1,27,6,1050,1,4,-1,1,E01006324,0,-1
2023320534683,2023,320534683,2,5,0,18,19,4,8,0,0,0,0,0,0,0,3,1,6,6,1,54,8,1050,1,5,TRIUMPH SPEED TRIPLE,4,E01026248,0,-1
2023320046501,2023,320046501,2,5,0,18,19,4,8,0,0,1,2,0,0,0,3,1,2,2,1,35,6,955,1,19,TRIUMPH SPEED TRIPLE,1,E01026688,0,-1
2023545558123,2023,545558123,2,5,0,18,19,5,1,0,0,1,0,0,1,11,1,1,6,6,1,60,9,1050,1,6,TRIUMPH SPEED TRIPLE,8,E01015588,0,-1
2023211411769,2023,211411769,1,4,0,18,19,3,7,0,0,0,5,0,0,0,1,1,6,6,1,37,7,1050,1,3,-1,3,E01029404,0,-1
2023451285853,2023,451285853,1,5,0,18,19,8,4,0,0,8,0,0,4,0,3,1,5,6,1,25,5,1050,1,18,TRIUMPH SPEED TRIPLE,7,E01031539,0,-1
2023302301564,2023,302301564,1,5,0,16,19,3,6,0,0,1,1,0,0,0,0,1,6,6,1,26,6,1050,1,10,TRIUMPH SPEED TRIPLE,7,E01013529,0,-1
2023201397968,2023,201397968,2,4,0,3,3,8,4,0,0,1,0,0,0,0,2,1,6,6,1,47,8,1050,1,11,-1,2,E01010090,0,-1