collision_index,collision_year,collision_ref_no,vehicle_reference,vehicle_type,towing_and_articulation,vehicle_manoeuvre_historic,vehicle_manoeuvre,vehicle_direction_from,vehicle_direction_to,vehicle_location_restricted_lane_historic,vehicle_location_restricted_lane,junction_location,skidding_and_overturning,hit_object_in_carriageway,vehicle_leaving_carriageway,hit_object_off_carriageway,first_point_of_impact,vehicle_left_hand_drive,journey_purpose_of_driver_historic,journey_purpose_of_driver,sex_of_driver,age_of_driver,age_band_of_driver,engine_capacity_cc,propulsion_code,age_of_vehicle,generic_make_model,driver_imd_decile,lsoa_of_driver,escooter_flag,driver_distance_banding
2023161350754,2023,161350754,1,9,0,16,19,2,5,0,0,1,0,10,0,0,1,1,6,6,2,18,4,998,1,12,PEUGEOT 107,9,E01013265,0,-1
2023552300322,2023,552300322,2,9,0,3,3,6,2,0,0,1,0,0,0,0,1,1,6,6,2,21,5,998,1,16,PEUGEOT 107,8,E01015436,0,-1
2023991397032,2023,991397032,2,9,0,9,9,5,3,0,0,5,0,0,7,4,3,1,6,6,2,41,7,998,1,10,PEUGEOT 107,1,-1,0,-1
2023440514534,2023,440514534,1,9,0,18,19,2,6,0,0,0,1,0,1,9,1,1,6,6,1,18,4,998,1,13,PEUGEOT 107,10,E01030886,0,-1
2023340NN0592,2023,340NN0592,2,9,0,3,3,5,1,0,0,1,0,0,0,0,2,1,2,2,2,31,6,998,1,14,PEUGEOT 107,5,E01026970,0,-1
2023122300858,2023,122300858,1,9,0,18,19,3,7,0,0,0,0,0,1,9,4,1,6,6,2,18,4,998,1,17,PEUGEOT 107,4,E01027910,0,-1
2023622300665,2023,622300665,2,9,0,18,19,6,2,0,0,1,0,0,0,0,1,1,6,6,2,56,9,998,1,10,PEUGEOT 107,1,W01001070,0,-1
2023010460786,2023,010460786,2,9,0,9,9,7,4,0,0,1,0,0,0,0,1,1,6,6,1,24,5,998,1,17,PEUGEOT 107,5,E01024364,0,-1
2023610035923,2023,610035923,1,9,0,2,2,0,0,0,0,0,0,0,0,0,2,1,6,6,1,41,7,998,1,14,PEUGEOT 107,2,W01001358,0,-1
2023531304794,2023,531304794,1,9,0,18,19,6,2,0,0,0,0,0,0,0,1,1,5,6,1,18,4,998,1,13,PEUGEOT 107,8,E01022165,0,-1
2023471389157,2023,471389157,2,9,0,16,19,6,2,0,0,0,0,10,0,0,2,1,6,6,1,37,7,998,1,16,PEUGEOT 107,1,E01031404,0,-1
2023461265058,2023,461265058,1,9,0,18,19,5,1,0,0,0,2,0,1,0,1,1,6,6,2,24,5,998,1,13,PEUGEOT 107,5,E01024701,0,-1
2023131344668,2023,131344668,1,9,0,18,19,3,7,0,0,0,0,0,0,0,1,1,6,6,2,24,5,998,1,10,PEUGEOT 107,6,E01010927,0,-1
2023991321771,2023,991321771,3,9,0,18,19,2,6,0,0,0,0,0,0,0,1,1,6,6,1,64,9,998,1,12,PEUGEOT 107,5,-1,0,-1
2023340NN0872,2023,340NN0872,2,9,0,16,19,7,3,0,0,1,0,0,0,0,1,1,6,6,1,24,5,998,1,17,PEUGEOT 107,5,E01027114,0,-1
2023201402767,2023,201402767,1,9,0,18,19,7,2,0,0,8,0,0,0,0,3,1,5,6,2,49,8,998,1,10,PEUGEOT 107,4,E01009766,0,-1
2023122300900,2023,122300900,1,9,0,18,19,7,3,0,0,1,0,0,0,0,1,1,6,6,2,17,4,998,1,9,PEUGEOT 107,7,E01020853,0,-1
2023302300159,2023,302300159,2,9,0,18,19,4,8,0,0,8,0,0,0,0,1,1,6,6,1,61,9,998,1,15,PEUGEOT 107,1,E01013486,0,-1
2023041341218,2023,041341218,2,9,0,18,19,6,2,0,0,1,0,0,0,0,1,1,5,6,2,19,4,998,1,10,PEUGEOT 107,4,E01025198,0,-1
2023451282663,2023,451282663,1,9,0,7,7,7,2,0,0,8,0,0,1,9,1,1,5,6,2,22,5,998,1,12,PEUGEOT 107,9,E01031615,0,-1
2023501350776,2023,501350776,1,9,0,18,19,4,7,0,0,1,0,0,0,0,3,1,6,6,2,54,8,998,1,14,PEUGEOT 107,5,E01015062,0,-1
2023052300249,2023,052300249,2,9,0,4,4,1,5,0,0,0,0,0,0,0,2,1,6,6,2,36,7,998,1,13,PEUGEOT 107,4,E01006566,0,-1
2023471325714,2023,471325714,1,9,0,18,19,1,5,0,0,1,0,0,0,0,1,1,6,6,3,-1,-1,998,1,17,PEUGEOT 107,-1,-1,0,-1
2023371279141,2023,371279141,2,9,0,9,9,6,4,0,0,8,0,0,0,0,1,1,2,2,2,48,8,998,1,16,PEUGEOT 107,4,E01029978,0,-1
2023052302991,2023,052302991,1,9,0,18,19,3,7,0,0,1,0,0,0,0,1,1,6,6,2,64,9,998,1,12,PEUGEOT 107,5,E01007057,0,-1
2023031356915,2023,031356915,1,9,0,18,19,1,5,0,0,1,0,0,0,0,1,1,5,6,2,19,4,998,1,16,PEUGEOT 107,6,E01019256,0,-1
2023461291753,2023,461291753,2,9,0,18,19,4,8,0,0,1,0,0,0,0,4,1,6,6,2,20,4,998,1,17,PEUGEOT 107,9,E01024297,0,-1
2023522301128,2023,522301128,1,9,0,9,9,2,8,0,0,5,0,0,0,0,4,1,6,6,1,42,7,998,1,15,PEUGEOT 107,4,E01014542,0,-1
2023471307071,2023,471307071,1,9,0,9,9,7,6,0,0,1,0,0,1,0,3,1,1,1,2,18,4,998,1,17,PEUGEOT 107,9,E01031393,0,-1
2023501329174,2023,501329174,1,9,0,18,19,7,3,0,0,0,0,0,7,0,1,1,5,6,2,59,9,998,1,15,PEUGEOT 107,4,E01029343,0,-1
2023201416665,2023,201416665,1,9,-1,-1,-1,-1,-1,-1,-1,0,-1,-1,-1,0,-1,1,1,1,2,34,6,998,1,13,PEUGEOT 107,1,E01009491,0,-1
2023041391726,2023,041391726,1,9,0,18,19,5,1,0,0,0,0,0,0,0,1,1,5,6,2,81,11,998,1,16,PEUGEOT 107,10,E01024997,0,-1
2023401389787,2023,401389787,1,9,0,5,5,1,5,0,0,0,0,0,0,0,1,1,1,1,2,40,7,998,1,14,PEUGEOT 107,3,E01017501,0,-1
2023340WN0812,2023,340WN0812,2,9,0,18,19,5,1,0,0,8,0,0,0,0,2,1,2,2,2,24,5,998,1,9,PEUGEOT 107,9,E01027265,0,-1
2023201297708,2023,201297708,2,9,0,3,3,7,3,0,0,1,0,0,0,0,2,1,6,6,2,26,6,998,1,12,PEUGEOT 107,2,E01032260,0,-1
2023010427252,2023,010427252,1,9,0,18,19,6,2,0,0,2,0,0,0,0,1,1,1,1,1,35,6,998,1,15,PEUGEOT 107,3,E01000689,0,-1
2023122300848,2023,122300848,1,9,0,16,19,8,4,0,0,0,0,0,0,0,1,1,6,6,1,30,6,998,1,12,PEUGEOT 107,6,E01027569,0,-1
2023122300904,2023,122300904,1,9,0,7,7,7,1,0,0,6,0,0,0,0,1,2,6,6,1,18,4,998,1,13,PEUGEOT 107,5,E01027582,0,-1
2023552301435,2023,552301435,3,9,0,2,2,0,0,0,0,0,0,0,0,0,3,1,6,6,3,-1,-1,998,1,12,PEUGEOT 107,-1,-1,0,-1
2023231337219,2023,231337219,1,9,0,10,10,2,8,0,0,0,0,0,0,0,4,1,5,6,1,25,5,998,1,17,PEUGEOT 107,2,E01032389,0,-1
2023052301869,2023,052301869,2,9,0,18,19,3,7,0,0,6,0,0,0,0,4,1,6,6,2,36,7,998,1,10,PEUGEOT 107,3,E01018534,0,-1
2023531402065,2023,531402065,2,9,0,18,19,1,5,0,0,8,0,0,0,0,1,1,6,6,2,20,4,998,1,15,PEUGEOT 107,1,E01032932,0,-1
2023302300020,2023,302300020,1,9,0,18,19,8,4,0,0,2,0,0,0,0,1,1,6,6,1,58,9,998,1,14,PEUGEOT 107,1,E01013486,0,-1
2023430178992,2023,430178992,1,9,0,7,7,1,2,0,0,5,0,0,0,0,4,1,2,2,2,25,5,998,1,11,PEUGEOT 107,10,E01017863,0,-1
2023201285239,2023,201285239,1,9,0,9,9,5,3,0,0,8,0,0,0,0,4,1,2,2,1,-1,-1,998,1,12,PEUGEOT 107,6,E01009598,0,-1
2023471326764,2023,471326764,1,9,0,5,5,3,8,0,0,8,0,0,0,0,1,1,5,6,2,56,9,998,1,12,PEUGEOT 107,2,E01031348,0,-1
2023221318606,2023,221318606,2,9,0,18,19,8,4,0,0,0,0,0,0,0,1,1,5,6,2,39,7,998,1,11,PEUGEOT 107,6,W01000455,0,-1
2023010447444,2023,010447444,2,9,0,99,99,9,9,99,99,0,9,99,9,99,2,9,6,6,3,22,5,998,1,14,PEUGEOT 107,1,E01003252,0,-1
2023052301007,2023,052301007,3,9,0,3,3,5,1,0,0,1,0,0,0,0,2,1,6,6,2,52,8,998,1,16,PEUGEOT 107,4,E01025509,0,-1
2023548332823,2023,548332823,1,9,0,18,19,2,6,0,0,1,0,0,0,0,1,1,6,6,2,77,11,998,1,16,PEUGEOT 107,8,E01032077,0,-1
2023522301642,2023,522301642,10,9,0,2,2,0,0,0,0,0,0,0,0,0,3,1,6,6,3,-1,-1,998,1,10,PEUGEOT 107,-1,-1,0,-1
2023311386250,2023,311386250,2,9,0,18,19,3,7,0,0,0,0,0,0,0,1,1,6,6,2,18,4,998,1,10,PEUGEOT 107,-1,-1,0,-1
2023010440503,2023,010440503,1,9,0,99,99,9,9,99,99,9,9,99,9,99,2,9,6,6,2,48,8,998,1,15,PEUGEOT 107,10,E01000757,0,-1
2023010449995,2023,010449995,2,9,0,18,19,1,5,0,0,1,0,0,0,0,1,1,6,6,1,49,8,998,1,13,PEUGEOT 107,8,E01030860,0,-1
2023101317886,2023,101317886,1,9,0,18,19,3,7,0,0,0,1,0,0,0,1,1,5,6,1,32,6,998,1,15,PEUGEOT 107,-1,-1,0,-1
2023401380834,2023,401380834,1,9,0,18,19,7,3,0,0,0,0,0,1,9,1,1,5,6,2,18,4,998,1,14,PEUGEOT 107,9,E01017546,0,-1
2023471300873,2023,471300873,2,9,0,2,2,0,0,0,0,0,0,0,0,0,2,1,6,6,3,-1,-1,998,1,12,PEUGEOT 107,-1,-1,0,-1
2023101307095,2023,101307095,2,9,0,4,4,1,5,0,0,0,0,0,0,0,2,1,5,6,2,43,7,998,1,17,PEUGEOT 107,2,E01008632,0,-1
2023552300989,2023,552300989,1,9,0,18,19,5,1,0,0,0,0,0,0,0,1,1,6,6,1,21,5,998,1,11,PEUGEOT 107,5,E01020503,0,-1
2023101333102,2023,101333102,1,9,0,18,19,5,1,0,0,0,0,0,0,0,1,1,6,6,1,82,11,998,1,12,PEUGEOT 107,5,E01027436,0,-1
2023440035174,2023,440035174,1,9,0,18,19,4,8,0,0,8,0,7,0,0,1,1,6,6,2,84,11,998,1,17,PEUGEOT 107,8,E01017183,0,-1
2023320322753,2023,320322753,2,9,0,18,19,4,8,0,0,0,0,0,1,0,1,1,6,6,2,58,9,998,1,11,PEUGEOT 107,1,E01026074,0,-1
2023401380476,2023,401380476,1,9,0,18,19,1,5,0,0,0,0,0,0,0,1,1,5,6,1,19,4,998,1,14,PEUGEOT 107,8,E01017529,0,-1
2023340WN2032,2023,340WN2032,2,9,0,3,3,7,3,0,0,0,0,0,0,0,2,1,2,2,2,25,5,998,1,13,PEUGEOT 107,2,E01027170,0,-1
2023461310073,2023,461310073,2,9,0,18,19,7,3,0,0,0,0,4,0,0,4,1,5,6,2,-1,-1,998,1,16,PEUGEOT 107,3,E01024480,0,-1
2023520301608,2023,520301608,1,9,0,4,4,8,5,0,0,8,0,0,0,0,1,1,6,6,2,19,4,998,1,14,PEUGEOT 107,6,E01029305,0,-1
2023010459369,2023,010459369,2,9,0,99,99,9,9,99,99,9,9,99,9,99,1,9,6,6,3,-1,-1,998,1,17,PEUGEOT 107,-1,-1,0,-1
2023991379702,2023,991379702,2,9,0,18,19,3,7,0,0,1,0,0,0,0,3,1,5,6,1,72,10,998,1,10,PEUGEOT 107,3,-1,0,-1
2023631336212,2023,631336212,1,9,0,4,4,6,2,0,0,1,0,0,0,0,2,1,5,6,1,58,9,998,1,16,PEUGEOT 107,5,W01000871,0,-1
2023010439852,2023,010439852,1,9,0,8,8,1,3,0,0,6,0,0,0,0,2,1,6,6,1,17,4,998,1,10,PEUGEOT 107,-1,-1,0,-1
2023371363415,2023,371363415,1,9,0,18,19,3,7,0,0,0,0,0,0,0,1,1,2,2,2,30,6,998,1,15,PEUGEOT 107,10,E01018019,0,-1
2023451318344,2023,451318344,1,9,0,9,9,3,7,0,0,8,0,0,0,0,4,1,5,6,2,23,5,998,1,15,PEUGEOT 107,5,E01002950,0,-1
2023302301863,2023,302301863,2,9,0,18,19,4,8,0,0,3,0,0,1,0,4,1,6,6,2,29,6,998,1,10,PEUGEOT 107,7,E01025946,0,-1
2023411271274,2023,411271274,1,9,0,18,19,8,4,0,0,1,0,0,0,0,4,1,6,6,1,53,8,998,1,13,PEUGEOT 107,7,E01033023,0,-1
2023471312574,2023,471312574,1,9,0,5,5,1,5,0,0,8,0,0,0,0,1,1,5,6,2,63,9,998,1,11,PEUGEOT 107,8,E01031659,0,-1
2023302301565,2023,302301565,1,9,0,18,19,5,1,0,0,0,0,0,0,0,2,1,6,6,2,65,9,998,1,11,PEUGEOT 107,8,E01019806,0,-1
2023332300640,2023,332300640,1,9,0,1,1,5,1,0,0,6,0,0,0,0,2,1,6,6,2,70,10,998,1,9,PEUGEOT 107,4,E01025849,0,-1
202360A115079,2023,60A115079,1,9,0,5,5,1,5,0,0,2,0,0,0,0,4,1,6,6,1,62,9,998,1,13,PEUGEOT 107,-1,-1,0,-1
2023440020537,2023,440020537,1,9,0,18,19,3,7,0,0,2,0,0,0,0,4,1,6,6,2,29,6,998,1,14,PEUGEOT 107,2,E01017328,0,-1
2023501354982,2023,501354982,2,9,0,4,4,1,5,0,0,0,1,0,0,0,1,1,6,6,2,18,4,998,1,12,PEUGEOT 107,6,E01018824,0,-1
2023440388870,2023,440388870,1,9,0,4,4,1,5,0,0,0,0,0,0,0,2,1,6,6,2,50,8,998,1,14,PEUGEOT 107,7,E01022795,0,-1
202360A077868,2023,60A077868,2,9,0,4,4,8,4,0,0,0,0,0,0,0,1,1,2,2,1,26,6,998,1,14,PEUGEOT 107,-1,-1,0,-1
202360A143188,2023,60A143188,1,9,0,18,19,3,7,0,0,0,0,0,0,0,4,1,6,6,2,69,10,998,1,13,PEUGEOT 107,-1,-1,0,-1
2023549462723,2023,549462723,1,9,0,18,19,3,7,0,0,1,0,0,1,7,1,1,2,2,1,17,4,998,1,14,PEUGEOT 107,8,E01015561,0,-1
2023421351845,2023,421351845,1,9,0,18,19,5,1,0,0,0,0,0,0,0,1,1,2,2,2,31,6,998,1,14,PEUGEOT 107,5,E01023342,0,-1
2023302301821,2023,302301821,1,9,0,9,9,2,8,0,0,2,0,0,0,0,3,1,6,6,2,19,4,998,1,11,PEUGEOT 107,9,E01019767,0,-1
2023010426133,2023,010426133,1,9,0,5,5,3,7,0,0,6,0,0,0,0,1,1,6,6,2,31,6,998,1,11,PEUGEOT 107,3,E01004378,0,-1
2023430216457,2023,430216457,2,9,0,9,9,1,7,0,0,5,0,0,0,0,3,1,2,2,1,65,9,998,1,15,PEUGEOT 107,4,E01028632,0,-1
2023549793823,2023,549793823,2,9,0,18,19,5,1,0,0,8,0,0,0,0,4,1,2,2,1,17,4,998,1,10,PEUGEOT 107,10,E01015521,0,-1
2023101365711,2023,101365711,2,9,0,18,19,4,1,0,0,8,0,0,0,0,4,1,5,6,2,17,4,998,1,11,PEUGEOT 107,3,E01027396,0,-1
2023302301603,2023,302301603,1,9,0,9,9,2,8,0,0,6,0,0,0,0,1,2,6,6,2,66,10,998,1,12,PEUGEOT 107,3,E01019797,0,-1
2023010457453,2023,010457453,1,9,0,18,19,5,1,0,0,8,9,0,0,0,4,9,6,6,2,25,5,998,1,16,PEUGEOT 107,3,E01001111,0,-1
2023552300358,2023,552300358,4,9,0,18,19,8,4,0,0,0,1,0,0,0,1,1,6,6,2,23,5,998,1,14,PEUGEOT 107,9,E01020505,0,-1
2023010480860,2023,010480860,2,9,0,99,99,9,9,99,99,9,9,99,9,99,9,9,6,6,3,-1,-1,998,1,9,PEUGEOT 107,-1,-1,0,-1
2023501317827,2023,501317827,2,9,0,17,19,8,5,0,0,1,0,0,0,0,3,1,5,6,2,39,7,998,1,10,PEUGEOT 107,5,E01023418,0,-1
2023440350702,2023,440350702,4,9,0,4,4,3,7,0,0,0,0,0,0,0,2,1,6,6,2,22,5,998,1,14,PEUGEOT 107,3,E01017099,0,-1
2023520301018,2023,520301018,1,9,0,18,19,3,7,0,0,0,0,0,7,10,3,1,2,2,1,69,10,998,1,9,PEUGEOT 107,8,E01029124,0,-1
2023440327533,2023,440327533,5,9,0,2,2,0,0,0,0,0,0,0,0,0,4,1,6,6,3,-1,-1,998,1,12,PEUGEOT 107,-1,-1,0,-1
2023471320111,2023,471320111,1,9,0,18,19,3,7,0,0,1,0,0,0,0,1,1,5,6,1,18,4,998,1,15,PEUGEOT 107,2,E01031819,0,-1
2023461283384,2023,461283384,2,9,0,4,4,2,5,0,0,0,0,0,0,0,4,1,5,6,2,46,8,998,1,15,PEUGEOT 107,1,E01024240,0,-1
2023010474503,2023,010474503,2,9,0,18,19,2,6,0,0,0,0,0,0,0,3,1,6,6,1,32,6,998,1,16,PEUGEOT 107,8,E01002181,0,-1
2023201382813,2023,201382813,2,9,0,18,19,-1,-1,0,0,8,0,0,0,0,1,1,5,6,1,45,7,998,1,13,PEUGEOT 107,1,E01010375,0,-1
2023010463099,2023,010463099,1,9,0,99,99,9,9,99,99,0,9,99,9,99,2,9,6,6,2,19,4,998,1,16,PEUGEOT 107,9,E01003837,0,-1
2023332300062,2023,332300062,1,9,0,18,19,6,2,0,0,2,0,10,0,0,1,1,6,6,2,28,6,998,1,13,PEUGEOT 107,3,E01003532,0,-1
2023471345613,2023,471345613,2,9,0,18,19,3,7,0,0,1,0,0,1,0,3,1,1,1,1,30,6,998,1,17,PEUGEOT 107,2,E01017011,0,-1
2023211348098,2023,211348098,1,9,0,5,5,6,2,0,0,0,0,0,0,0,3,1,6,6,1,19,4,998,1,13,PEUGEOT 107,10,E01029748,0,-1
2023201284830,2023,201284830,1,9,0,18,19,2,6,0,0,8,0,0,0,0,1,1,6,6,1,29,6,998,1,13,PEUGEOT 107,1,E01009401,0,-1
2023131340825,2023,131340825,1,9,0,9,9,1,1,4,4,0,0,0,0,0,4,1,5,6,1,59,9,998,1,16,PEUGEOT 107,6,E01011490,0,-1
2023531377268,2023,531377268,2,9,0,18,19,5,1,0,0,8,0,0,0,0,1,1,2,2,2,20,4,998,1,13,PEUGEOT 107,7,E01022355,0,-1
2023010433190,2023,010433190,1,9,0,99,99,9,9,99,99,9,9,99,9,99,9,9,6,6,2,17,4,998,1,15,PEUGEOT 107,5,E01002520,0,-1
202354B421823,2023,54B421823,1,9,0,4,4,5,1,0,0,0,2,0,0,0,1,1,2,2,1,21,5,998,1,17,PEUGEOT 107,8,E01014391,0,-1
2023010456210,2023,010456210,2,9,0,4,4,7,3,0,0,2,0,7,0,0,2,1,2,2,1,39,7,998,1,13,PEUGEOT 107,4,E01004348,0,-1
2023201313115,2023,201313115,1,9,0,6,6,4,4,0,0,0,0,0,0,0,3,1,6,6,1,52,8,998,1,17,PEUGEOT 107,2,E01009890,0,-1
2023461275975,2023,461275975,1,9,0,18,19,6,2,0,0,1,0,0,0,0,4,1,6,6,1,46,8,998,1,11,PEUGEOT 107,1,E01024498,0,-1
2023122300124,2023,122300124,3,9,0,4,4,5,1,0,0,0,0,0,0,0,2,1,6,6,1,29,6,998,1,12,PEUGEOT 107,5,E01027826,0,-1
2023221289059,2023,221289059,2,9,0,4,4,4,8,0,0,0,0,0,0,0,2,1,3,7,2,48,8,998,1,10,PEUGEOT 107,5,E01014032,0,-1
2023461357093,2023,461357093,1,9,0,7,7,7,3,0,0,1,0,11,1,0,1,1,6,6,2,70,10,998,1,14,PEUGEOT 107,4,E01024566,0,-1
2023061292198,2023,061292198,3,9,0,3,3,6,2,0,0,0,0,0,0,0,2,1,6,6,1,18,4,998,1,18,PEUGEOT 107,3,E01006061,0,-1
2023361382987,2023,361382987,1,9,0,18,19,2,5,0,0,0,0,0,1,11,1,1,6,6,2,82,11,998,1,11,PEUGEOT 107,10,E01026927,0,-1
2023631327967,2023,631327967,1,9,0,4,4,8,4,0,0,1,0,0,0,0,2,1,2,2,2,36,7,998,1,16,PEUGEOT 107,3,W01000608,0,-1
2023991284177,2023,991284177,1,9,0,18,19,7,3,0,0,0,0,0,0,0,1,1,5,6,1,71,10,998,1,16,PEUGEOT 107,-1,-1,0,-1
2023471319851,2023,471319851,2,9,0,16,19,5,1,0,0,0,0,0,0,0,3,1,5,6,2,21,5,998,1,9,PEUGEOT 107,5,E01031750,0,-1
2023471270005,2023,471270005,2,9,0,9,9,5,3,0,0,1,0,11,1,11,3,1,6,6,2,22,5,998,1,14,PEUGEOT 107,9,E01021023,0,-1
2023302302001,2023,302302001,2,9,0,18,19,1,4,0,0,3,0,0,8,2,4,1,2,2,2,24,5,998,1,17,PEUGEOT 107,5,E01019827,0,-1
2023522300577,2023,522300577,3,9,0,2,2,0,0,0,0,0,0,0,0,0,2,1,6,6,3,-1,-1,998,1,13,PEUGEOT 107,-1,-1,0,-1
2023320511715,2023,320511715,2,9,0,18,19,2,6,0,0,0,0,0,0,0,1,1,6,6,2,45,7,998,1,13,PEUGEOT 107,7,E01026197,0,-1
2023471332286,2023,471332286,2,9,0,9,9,3,7,0,0,2,0,0,0,0,4,1,5,6,1,76,11,998,1,10,PEUGEOT 107,4,E01021017,0,-1
2023101367348,2023,101367348,1,9,0,18,19,2,5,0,0,0,0,0,0,0,1,1,5,6,2,91,11,998,1,12,PEUGEOT 107,8,E01008521,0,-1
2023440027378,2023,440027378,1,9,0,18,19,8,4,0,0,0,0,0,1,7,4,1,6,6,2,47,8,998,1,11,PEUGEOT 107,3,E01022738,0,-1
2023041349232,2023,041349232,1,9,0,5,5,1,7,0,0,0,0,0,6,0,1,1,5,6,1,85,11,998,1,10,PEUGEOT 107,1,E01025181,0,-1
2023451344051,2023,451344051,2,9,0,18,19,7,7,0,0,8,0,0,0,0,1,1,6,6,2,20,4,998,1,10,PEUGEOT 107,-1,-1,0,-1
2023211361908,2023,211361908,2,9,0,18,19,8,4,0,0,0,0,0,0,0,3,1,5,6,1,36,7,998,1,16,PEUGEOT 107,6,E01014333,0,-1
2023111351962,2023,111351962,1,9,0,18,19,8,4,0,0,8,0,0,0,0,1,1,2,2,2,19,4,998,1,12,PEUGEOT 107,-1,-1,0,-1
2023991349737,2023,991349737,1,9,0,9,9,2,6,0,0,0,5,0,0,0,0,2,5,6,1,18,4,998,1,14,PEUGEOT 107,2,-1,0,-1
2023302300800,2023,302300800,3,9,0,18,19,8,4,0,0,0,0,0,0,0,0,1,6,6,2,45,7,998,1,16,PEUGEOT 107,3,E01019569,0,-1
2023201411230,2023,201411230,3,9,0,3,3,4,8,0,0,1,0,0,0,0,2,1,1,1,1,-1,-1,998,1,17,PEUGEOT 107,-1,-1,0,-1
2023461349027,2023,461349027,2,9,0,-1,-1,1,5,0,0,0,0,0,0,0,2,1,5,6,2,18,4,998,1,13,PEUGEOT 107,-1,-1,0,-1
2023991318719,2023,991318719,1,9,0,18,19,4,8,0,0,0,0,0,0,0,1,1,5,6,1,27,6,998,1,15,PEUGEOT 107,2,-1,0,-1
2023351271761,2023,351271761,1,9,0,16,19,7,3,0,0,0,1,0,4,6,3,1,5,6,2,22,5,998,1,10,PEUGEOT 107,10,E01017404,0,-1
2023320790487,2023,320790487,1,9,0,18,19,6,2,0,0,8,0,0,0,0,1,1,6,6,2,78,11,998,1,10,PEUGEOT 107,1,E01026048,0,-1
2023332300722,2023,332300722,2,9,0,5,5,5,1,0,0,0,0,0,0,0,1,1,1,1,1,61,9,998,1,10,PEUGEOT 107,6,E01025850,0,-1
2023010427790,2023,010427790,2,9,0,9,9,4,2,0,0,6,0,0,0,0,3,1,6,6,2,21,5,998,1,15,PEUGEOT 107,5,E01004527,0,-1
2023131261694,2023,131261694,2,9,0,18,19,5,1,0,0,0,0,0,0,0,4,1,2,2,2,27,6,998,1,14,PEUGEOT 107,6,E01010915,0,-1
2023471350454,2023,471350454,1,9,0,18,19,7,3,0,0,2,0,0,0,0,1,1,6,6,1,80,11,998,1,13,PEUGEOT 107,4,E01021127,0,-1
2023131371615,2023,131371615,1,9,0,16,19,7,3,0,0,0,2,10,7,4,1,1,5,6,1,17,4,998,1,9,PEUGEOT 107,10,E01010771,0,-1
2023010461861,2023,010461861,1,9,0,7,7,3,5,4,4,5,0,0,0,0,1,1,6,6,1,41,7,998,1,15,PEUGEOT 107,8,E01004160,0,-1
2023320023235,2023,320023235,1,9,0,7,7,6,8,0,0,7,0,0,0,0,3,1,6,6,2,23,5,998,1,14,PEUGEOT 107,3,E01026310,0,-1
2023211270481,2023,211270481,1,9,0,18,19,5,1,0,0,2,0,0,0,0,1,1,5,6,1,53,8,998,1,18,PEUGEOT 107,3,E01014257,0,-1
2023440071847,2023,440071847,1,9,0,12,12,8,4,0,0,0,1,0,0,0,3,1,6,6,2,66,10,998,1,12,PEUGEOT 107,4,E01022804,0,-1
2023332300721,2023,332300721,1,9,0,4,4,1,5,0,0,1,0,0,0,0,2,1,6,6,1,74,10,998,1,10,PEUGEOT 107,1,E01013620,0,-1
2023201296606,2023,201296606,1,9,0,7,7,6,8,0,0,1,0,0,0,0,2,1,6,6,1,46,8,998,1,10,PEUGEOT 107,3,E01010491,0,-1
2023622300420,2023,622300420,1,9,0,12,12,1,5,0,0,3,0,0,7,1,1,1,6,6,2,90,11,998,1,13,PEUGEOT 107,6,W01000918,0,-1
2023201364132,2023,201364132,3,9,0,18,19,1,5,0,0,1,0,0,0,0,1,1,6,6,2,21,5,998,1,11,PEUGEOT 107,5,E01010539,0,-1
2023010483149,2023,010483149,1,9,0,14,14,1,5,0,0,0,0,11,9,0,0,1,6,6,2,75,10,998,1,10,PEUGEOT 107,-1,-1,0,-1
2023161348879,2023,161348879,1,9,0,8,8,5,8,0,0,1,0,0,0,0,4,1,2,2,2,40,7,998,1,12,PEUGEOT 107,2,E01012821,0,-1
2023332300047,2023,332300047,1,9,0,9,9,7,5,0,0,5,1,0,7,0,4,1,6,6,1,20,4,998,1,12,PEUGEOT 107,4,E01013749,0,-1
2023411364514,2023,411364514,1,9,0,18,19,3,7,0,0,0,0,11,0,0,1,1,5,6,2,21,5,998,1,17,PEUGEOT 107,9,E01023467,0,-1
2023052300664,2023,052300664,1,9,0,5,5,5,1,0,0,2,0,4,0,0,4,1,6,6,1,89,11,998,1,11,PEUGEOT 107,7,E01007192,0,-1
2023320737595,2023,320737595,2,9,0,18,19,4,8,0,0,8,0,0,0,0,1,1,6,6,2,74,10,998,1,11,PEUGEOT 107,4,E01026410,0,-1
2023311329209,2023,311329209,2,9,0,7,7,4,6,0,0,6,0,0,0,0,4,1,6,6,2,61,9,998,1,11,PEUGEOT 107,7,E01013892,0,-1
2023201295769,2023,201295769,1,9,0,18,19,4,8,0,0,0,0,0,0,0,1,1,6,6,1,92,11,998,1,10,PEUGEOT 107,3,E01009954,0,-1
2023332301063,2023,332301063,2,9,0,18,19,1,5,0,0,0,0,0,0,0,4,1,6,6,2,33,6,998,1,13,PEUGEOT 107,1,E01013727,0,-1