collision_index,collision_year,collision_ref_no,vehicle_reference,vehicle_type,towing_and_articulation,vehicle_manoeuvre_historic,vehicle_manoeuvre,vehicle_direction_from,vehicle_direction_to,vehicle_location_restricted_lane_historic,vehicle_location_restricted_lane,junction_location,skidding_and_overturning,hit_object_in_carriageway,vehicle_leaving_carriageway,hit_object_off_carriageway,first_point_of_impact,vehicle_left_hand_drive,journey_purpose_of_driver_historic,journey_purpose_of_driver,sex_of_driver,age_of_driver,age_band_of_driver,engine_capacity_cc,propulsion_code,age_of_vehicle,generic_make_model,driver_imd_decile,lsoa_of_driver,escooter_flag,driver_distance_banding
2023991292631,2023,991292631,1,9,0,18,19,3,8,0,0,1,0,0,0,0,1,1,5,6,2,40,7,998,1,14,PEUGEOT 107,2,-1,0,-1
2023361345082,2023,361345082,1,9,0,18,19,7,1,0,0,0,0,0,0,0,1,1,6,6,2,53,8,998,1,10,PEUGEOT 107,5,E01026744,0,-1
2023311364249,2023,311364249,2,9,0,18,19,1,5,0,0,0,0,0,0,0,1,1,5,6,2,54,8,998,1,16,PEUGEOT 107,5,E01028002,0,-1
2023401379985,2023,401379985,2,9,0,13,13,5,1,0,0,3,0,0,0,0,1,1,6,6,1,18,4,998,1,17,PEUGEOT 107,3,E01017619,0,-1
2023351382306,2023,351382306,2,9,0,18,19,3,7,0,0,1,0,0,0,0,1,1,6,6,2,39,7,998,1,14,PEUGEOT 107,10,E01018259,0,-1
2023041330327,2023,041330327,3,9,0,2,2,0,0,0,0,2,0,4,0,0,2,1,6,6,3,-1,-1,998,1,15,PEUGEOT 107,-1,-1,0,-1
2023061379803,2023,061379803,2,9,0,18,19,-1,-1,0,0,-1,0,0,0,0,4,1,6,6,2,17,4,998,1,16,PEUGEOT 107,8,E01006285,0,-1
2023548186223,2023,548186223,1,9,0,5,5,5,1,0,0,4,0,0,0,0,3,1,6,6,1,52,8,998,1,13,PEUGEOT 107,2,E01015476,0,-1
2023010475977,2023,010475977,2,9,0,7,7,8,3,0,0,1,0,0,0,0,0,1,6,6,2,22,5,998,1,12,PEUGEOT 107,2,E01000064,0,-1
2023451365509,2023,451365509,1,9,0,9,9,3,1,0,0,6,0,0,0,0,3,1,5,6,1,21,5,998,1,13,PEUGEOT 107,10,E01030998,0,-1
2023631319169,2023,631319169,2,9,0,4,4,8,7,0,0,8,0,0,0,0,2,1,6,6,2,41,7,998,1,13,PEUGEOT 107,2,W01000498,0,-1
2023361370990,2023,361370990,1,9,0,18,19,5,1,0,0,0,1,0,7,4,1,1,6,6,1,37,7,998,1,14,PEUGEOT 107,-1,-1,0,-1
2023991273824,2023,991273824,1,9,0,18,19,7,3,0,0,1,0,0,0,0,3,1,6,6,1,51,8,998,1,13,PEUGEOT 107,1,-1,0,-1
2023302301535,2023,302301535,1,9,0,18,19,6,2,0,0,2,0,0,0,0,1,1,2,2,1,51,8,998,1,18,PEUGEOT 107,4,E01019504,0,-1
2023201281739,2023,201281739,1,9,0,4,4,5,1,0,0,8,0,0,0,0,1,1,6,6,1,48,8,998,1,12,PEUGEOT 107,1,E01009476,0,-1
2023610034323,2023,610034323,2,9,0,3,3,1,7,0,0,1,0,0,0,0,1,1,1,1,2,24,5,998,1,14,PEUGEOT 107,6,W01001567,0,-1
2023421324702,2023,421324702,1,9,0,18,19,7,3,0,0,0,0,0,0,0,2,1,5,6,2,59,9,998,1,9,PEUGEOT 107,10,E01000811,0,-1
2023010485930,2023,010485930,3,9,0,3,3,5,1,0,0,1,2,0,0,0,2,1,2,2,1,36,7,998,1,10,PEUGEOT 107,-1,-1,0,-1
2023010484281,2023,010484281,1,9,0,18,19,5,1,0,0,0,0,0,0,0,1,2,6,6,2,43,7,998,1,13,PEUGEOT 107,8,E01000672,0,-1
2023421362257,2023,421362257,2,9,0,18,19,3,7,0,0,1,0,0,0,0,1,1,5,6,1,18,4,998,1,13,PEUGEOT 107,10,E01021645,0,-1
2023231371728,2023,231371728,2,9,0,3,3,6,2,0,0,8,0,0,0,0,4,1,6,6,2,31,6,998,1,11,PEUGEOT 107,3,E01031053,0,-1
2023361371826,2023,361371826,1,9,0,17,19,7,4,0,0,1,1,0,0,0,4,1,5,6,1,18,4,998,1,10,PEUGEOT 107,-1,-1,0,-1
2023461306103,2023,461306103,5,9,0,18,19,5,1,0,0,0,0,0,0,0,1,1,6,6,2,54,8,998,1,13,PEUGEOT 107,4,E01024694,0,-1
2023991283815,2023,991283815,3,9,0,18,19,4,8,0,0,0,0,0,0,0,1,1,5,6,2,27,6,998,1,10,PEUGEOT 107,8,E01019322,0,-1
2023440170477,2023,440170477,2,9,0,11,11,2,6,0,0,0,5,0,1,0,4,1,6,6,2,25,5,998,1,12,PEUGEOT 107,6,E01017066,0,-1
2023052300479,2023,052300479,1,9,0,18,19,7,3,0,0,0,0,0,0,0,1,1,6,6,2,85,11,998,1,17,PEUGEOT 107,10,E01007200,0,-1
2023461359215,2023,461359215,1,9,0,18,19,1,5,0,0,8,0,0,0,0,3,1,6,6,2,83,11,998,1,11,PEUGEOT 107,7,E01024064,0,-1
2023440435827,2023,440435827,1,9,0,14,14,5,1,0,0,8,0,0,7,0,1,1,2,2,1,23,5,998,1,10,PEUGEOT 107,5,E01023151,0,-1
2023471375632,2023,471375632,1,9,0,18,19,5,1,0,0,0,0,0,0,0,1,1,6,6,2,87,11,998,1,11,PEUGEOT 107,10,E01031805,0,-1
2023361372632,2023,361372632,1,9,0,16,19,5,7,0,0,0,0,0,7,4,3,1,6,6,1,23,5,998,1,15,PEUGEOT 107,8,E01026912,0,-1
2023631312508,2023,631312508,2,9,0,4,4,4,2,0,0,1,0,0,0,0,2,1,5,6,2,21,5,998,1,16,PEUGEOT 107,2,W01001503,0,-1
2023461342381,2023,461342381,1,9,0,5,5,8,4,0,0,0,0,0,8,0,3,1,6,6,2,90,11,998,1,13,PEUGEOT 107,2,E01024477,0,-1
2023461291675,2023,461291675,2,9,0,18,19,7,3,0,0,1,0,0,0,0,1,1,6,6,2,92,11,998,1,15,PEUGEOT 107,2,E01024664,0,-1
2023201356280,2023,201356280,3,9,-1,3,3,5,1,0,0,1,0,0,0,0,4,1,6,6,1,-1,-1,998,1,13,PEUGEOT 107,2,E01009656,0,-1
2023471364058,2023,471364058,1,9,0,17,19,8,4,0,0,0,0,0,1,4,1,1,6,6,2,18,4,998,1,15,PEUGEOT 107,8,E01031506,0,-1
2023421386984,2023,421386984,2,9,0,18,19,5,1,0,0,1,0,0,0,0,3,1,6,6,2,18,4,998,1,14,PEUGEOT 107,10,E01021939,0,-1
2023991277759,2023,991277759,1,9,0,9,9,8,5,0,0,0,0,0,0,0,1,1,5,6,1,21,5,998,1,11,PEUGEOT 107,10,-1,0,-1
2023461380186,2023,461380186,1,9,0,17,19,1,7,0,0,1,1,0,0,0,1,1,6,6,2,59,9,998,1,17,PEUGEOT 107,3,E01002047,0,-1
2023991322566,2023,991322566,1,9,0,16,19,4,7,0,0,0,1,0,0,0,1,1,5,6,1,28,6,998,1,13,PEUGEOT 107,7,-1,0,-1
2023131311622,2023,131311622,3,9,0,17,19,3,7,0,0,0,0,0,0,0,4,1,2,2,1,61,9,998,1,10,PEUGEOT 107,9,E01010953,0,-1
2023211278969,2023,211278969,1,9,0,10,10,2,6,0,0,1,0,0,0,0,1,1,6,6,2,20,4,998,1,9,PEUGEOT 107,2,E01029734,0,-1
2023552301213,2023,552301213,2,9,0,18,19,2,6,0,0,0,0,0,0,4,1,1,6,6,2,19,4,998,1,16,PEUGEOT 107,2,E01015304,0,-1
2023070149091,2023,070149091,1,9,0,18,19,5,1,0,0,1,0,0,0,0,1,1,6,6,2,26,6,998,1,13,PEUGEOT 107,6,E01012440,0,-1
2023302300208,2023,302300208,1,9,0,9,9,5,2,0,0,8,0,0,0,0,1,1,6,6,2,22,5,998,1,14,PEUGEOT 107,5,E01026100,0,-1
2023231325703,2023,231325703,1,9,0,5,5,1,5,0,0,6,0,0,0,0,1,1,5,6,1,29,6,998,1,9,PEUGEOT 107,6,E01031025,0,-1
2023461366849,2023,461366849,1,9,0,18,19,5,1,0,0,0,0,0,0,0,3,1,6,6,2,33,6,998,1,9,PEUGEOT 107,7,E01024101,0,-1
2023311348248,2023,311348248,1,9,0,18,19,7,3,0,0,8,0,0,0,0,1,1,6,6,1,65,9,998,1,13,PEUGEOT 107,1,E01027956,0,-1
2023041334581,2023,041334581,2,9,0,18,19,1,5,0,0,0,0,0,0,0,2,1,5,6,2,28,6,998,1,13,PEUGEOT 107,2,E01025234,0,-1
2023201364062,2023,201364062,2,9,0,18,19,8,4,0,0,1,0,0,0,0,1,1,6,6,1,32,6,998,1,12,PEUGEOT 107,2,E01008919,0,-1
2023501373151,2023,501373151,1,9,0,9,9,2,1,0,0,2,0,0,0,0,0,1,6,6,2,67,10,998,1,11,PEUGEOT 107,4,E01018881,0,-1
2023421345870,2023,421345870,1,9,0,9,9,7,5,0,0,7,0,0,0,0,1,1,5,6,2,35,6,998,1,10,PEUGEOT 107,6,E01023396,0,-1
2023461333742,2023,461333742,1,9,0,9,9,4,2,0,0,1,0,0,0,0,1,1,6,6,1,30,6,998,1,14,PEUGEOT 107,6,E01024848,0,-1
2023010463620,2023,010463620,1,9,0,5,5,7,3,9,9,3,0,7,0,0,1,1,6,6,1,17,4,998,1,11,PEUGEOT 107,3,E01000432,0,-1
2023501305876,2023,501305876,1,9,0,18,19,7,3,0,0,1,0,0,0,0,1,1,6,6,1,21,5,998,1,17,PEUGEOT 107,4,E01020284,0,-1
2023131295191,2023,131295191,1,9,0,18,19,5,1,0,0,0,1,0,0,0,3,1,5,6,1,17,4,998,1,12,PEUGEOT 107,2,E01010628,0,-1
2023371326707,2023,371326707,1,9,0,17,19,7,3,9,9,0,0,0,1,3,4,1,2,2,2,24,5,998,1,17,PEUGEOT 107,8,E01030048,0,-1
2023071152262,2023,071152262,2,9,0,18,19,5,1,0,0,0,1,0,0,0,3,1,6,6,2,24,5,998,1,15,PEUGEOT 107,5,E01014549,0,-1
2023520301856,2023,520301856,1,9,0,7,7,8,2,0,0,8,0,0,0,0,2,1,6,6,2,39,7,998,1,11,PEUGEOT 107,10,E01029160,0,-1
2023221300537,2023,221300537,3,9,0,2,2,0,0,0,0,0,0,0,0,0,3,1,5,6,1,47,8,998,1,15,PEUGEOT 107,-1,-1,0,-1
2023522400366,2023,522400366,2,9,0,18,19,3,7,0,0,6,0,0,0,0,1,1,6,6,2,63,9,998,1,15,PEUGEOT 107,10,E01014822,0,-1
2023141393170,2023,141393170,1,9,0,9,9,1,6,0,0,6,0,0,0,0,3,1,6,6,1,43,7,998,1,12,PEUGEOT 107,4,E01007354,0,-1
2023320544150,2023,320544150,2,9,0,3,3,5,1,0,0,4,0,0,0,0,2,1,6,6,1,83,11,998,1,10,PEUGEOT 107,7,E01028293,0,-1
2023371378211,2023,371378211,2,9,0,18,19,5,1,0,0,1,0,0,0,0,1,1,6,6,1,60,9,998,1,14,PEUGEOT 107,-1,-1,0,-1
2023201318353,2023,201318353,2,9,0,18,19,6,2,0,0,0,0,0,0,0,1,1,2,2,2,22,5,998,1,12,PEUGEOT 107,10,E01031300,0,-1
2023430088303,2023,430088303,2,9,0,17,19,2,7,0,0,1,0,0,0,0,1,1,6,6,1,20,4,998,1,12,PEUGEOT 107,9,E01030660,0,-1
2023320684786,2023,320684786,2,9,0,18,19,7,3,0,0,8,0,0,0,0,1,1,6,6,2,31,6,998,1,12,PEUGEOT 107,8,E01026368,0,-1
2023221324431,2023,221324431,1,9,0,18,19,1,5,0,0,4,1,9,0,0,1,1,5,6,2,18,4,998,1,16,PEUGEOT 107,5,E01014060,0,-1
2023520300841,2023,520300841,1,9,0,18,19,8,4,0,0,8,0,0,0,0,3,1,6,6,2,42,7,998,1,11,PEUGEOT 107,-1,-1,0,-1
2023340NN4542,2023,340NN4542,1,9,0,18,19,3,7,0,0,1,0,0,0,0,4,1,6,6,1,56,9,998,1,17,PEUGEOT 107,3,E01027104,0,-1
2023991342014,2023,991342014,2,9,0,3,3,3,7,0,0,0,0,0,0,0,2,1,5,6,2,17,4,998,1,14,PEUGEOT 107,10,-1,0,-1
2023122300720,2023,122300720,2,9,0,18,19,3,7,0,0,0,0,0,0,0,1,1,6,6,2,29,6,998,1,15,PEUGEOT 107,7,E01027782,0,-1
2023161390840,2023,161390840,1,9,0,5,5,7,3,0,0,8,0,0,0,0,4,1,5,6,2,19,4,998,1,16,PEUGEOT 107,1,E01012843,0,-1
2023161274950,2023,161274950,2,9,0,18,19,6,2,0,0,0,0,0,0,0,1,1,2,2,2,42,7,998,1,17,PEUGEOT 107,8,E01013214,0,-1
2023622300503,2023,622300503,2,9,0,2,2,0,0,0,0,0,0,0,0,0,1,1,6,6,3,-1,-1,998,1,13,PEUGEOT 107,-1,-1,0,-1
2023010476975,2023,010476975,2,9,0,99,99,9,9,99,99,9,9,99,9,99,9,9,6,6,3,-1,-1,998,1,10,PEUGEOT 107,8,E01023879,0,-1
2023320023185,2023,320023185,1,9,0,5,5,1,5,0,0,0,0,0,0,0,3,1,6,6,2,-1,-1,998,1,14,PEUGEOT 107,-1,-1,0,-1
2023461359406,2023,461359406,1,9,0,5,5,2,8,0,0,1,0,0,0,0,4,1,6,6,2,18,4,998,1,14,PEUGEOT 107,9,E01024213,0,-1
2023411281419,2023,411281419,1,9,0,18,19,5,1,0,0,0,0,0,0,0,1,1,2,2,1,19,4,998,1,15,PEUGEOT 107,7,E01023776,0,-1
2023451380272,2023,451380272,2,9,0,1,1,6,4,0,0,0,0,0,0,0,2,1,6,6,2,17,4,998,1,9,PEUGEOT 107,10,E01030418,0,-1
2023991328602,2023,991328602,1,9,0,18,19,5,1,0,0,0,0,11,0,0,1,1,2,2,2,51,8,998,1,12,PEUGEOT 107,3,-1,0,-1
2023211388805,2023,211388805,1,9,0,1,1,2,6,9,9,6,0,0,0,0,2,1,5,6,2,45,7,998,1,13,PEUGEOT 107,-1,-1,0,-1
2023201297749,2023,201297749,2,9,0,3,3,6,2,0,0,0,0,0,0,0,2,1,5,6,1,20,4,998,1,13,PEUGEOT 107,1,E01031090,0,-1
2023461345121,2023,461345121,2,9,-1,3,3,5,1,0,0,0,0,0,0,0,2,1,6,6,2,21,5,998,1,10,PEUGEOT 107,6,E01024472,0,-1
2023552300609,2023,552300609,2,9,0,18,19,3,7,0,0,0,0,0,0,0,4,1,1,1,2,18,4,998,1,17,PEUGEOT 107,4,E01015420,0,-1
2023520400370,2023,520400370,2,9,0,10,10,5,2,0,0,8,0,0,0,0,4,1,6,6,2,84,11,998,1,17,PEUGEOT 107,10,E01029128,0,-1
2023170S41423,2023,170S41423,1,9,0,18,19,6,2,0,0,0,0,0,0,0,1,1,2,2,2,23,5,998,1,15,PEUGEOT 107,8,E01012235,0,-1
2023221347669,2023,221347669,2,9,0,18,19,5,1,0,0,8,0,0,0,0,3,1,5,6,2,86,11,998,1,12,PEUGEOT 107,8,W01000458,0,-1
2023122300461,2023,122300461,2,9,0,17,19,3,7,0,0,0,0,0,7,0,1,1,6,6,2,73,10,998,1,9,PEUGEOT 107,10,E01011280,0,-1
2023010425603,2023,010425603,2,9,0,99,99,9,9,99,99,0,9,99,9,99,1,9,6,6,3,-1,-1,998,1,13,PEUGEOT 107,-1,-1,0,-1
2023201281585,2023,201281585,1,9,0,18,19,5,1,0,0,1,0,4,0,0,1,1,3,7,1,17,4,998,1,10,PEUGEOT 107,8,E01009919,0,-1
2023451368250,2023,451368250,2,9,0,2,2,5,1,0,0,0,0,0,7,10,2,1,1,1,1,52,8,998,1,13,PEUGEOT 107,4,E01030615,0,-1
2023440284429,2023,440284429,1,9,0,18,19,4,8,0,0,1,0,11,0,0,1,1,1,1,2,64,9,998,1,11,PEUGEOT 107,5,E01017282,0,-1
2023101380323,2023,101380323,2,9,0,18,19,1,5,0,0,1,0,0,0,0,4,1,1,1,1,-1,-1,998,1,9,PEUGEOT 107,10,E01033551,0,-1
2023131293347,2023,131293347,2,9,0,9,9,3,1,0,0,8,0,0,0,0,3,1,2,2,2,21,5,998,1,10,PEUGEOT 107,1,E01033692,0,-1
202354A242723,2023,54A242723,1,9,0,7,7,2,4,0,0,6,0,0,0,0,1,1,6,6,2,79,11,998,1,16,PEUGEOT 107,5,E01032103,0,-1
2023010439031,2023,010439031,2,9,0,9,9,1,7,0,0,6,0,0,0,0,4,1,6,6,2,24,5,998,1,16,PEUGEOT 107,-1,-1,0,-1
2023361388542,2023,361388542,1,9,0,4,4,8,3,0,0,0,0,0,0,0,1,1,2,2,1,53,8,998,1,13,PEUGEOT 107,5,E01026774,0,-1
202354D084723,2023,54D084723,2,9,0,4,4,3,7,0,0,1,0,0,0,0,2,1,6,6,2,19,4,998,1,18,PEUGEOT 107,6,E01016340,0,-1
2023552400034,2023,552400034,2,9,0,4,4,7,3,0,0,0,0,0,0,0,2,1,6,6,2,32,6,998,1,18,PEUGEOT 107,6,E01015402,0,-1
2023231341860,2023,231341860,1,9,0,9,9,6,4,0,0,6,0,0,0,0,4,1,6,6,2,52,8,998,1,18,PEUGEOT 107,9,E01031258,0,-1
2023991291857,2023,991291857,2,9,0,18,19,1,5,0,0,1,0,0,0,0,1,1,5,6,2,24,5,998,1,14,PEUGEOT 107,8,-1,0,-1
2023631317682,2023,631317682,1,9,0,17,19,3,8,0,0,0,0,0,0,0,1,1,5,6,2,20,4,998,1,9,PEUGEOT 107,7,W01000523,0,-1
2023231345479,2023,231345479,1,9,0,18,19,6,2,0,0,0,0,0,0,0,1,1,6,6,1,17,4,998,1,13,PEUGEOT 107,8,E01025862,0,-1
2023461317808,2023,461317808,1,9,0,16,19,5,7,0,0,0,1,0,1,0,1,1,5,6,2,26,6,998,1,13,PEUGEOT 107,7,E01024727,0,-1
2023010441894,2023,010441894,2,9,0,18,19,5,1,0,0,1,0,0,0,0,3,1,6,6,2,38,7,998,1,15,PEUGEOT 107,6,E01002601,0,-1
2023991302546,2023,991302546,1,9,0,16,19,5,1,0,0,0,1,0,0,0,4,1,5,6,2,55,8,998,1,11,PEUGEOT 107,-1,-1,0,-1
2023401365962,2023,401365962,1,9,0,3,3,-1,-1,2,2,0,0,0,0,0,2,1,6,6,2,60,9,998,1,15,PEUGEOT 107,3,E01017489,0,-1
2023201418842,2023,201418842,2,9,0,9,9,6,5,0,0,8,0,0,0,0,1,1,6,6,3,25,5,998,1,14,PEUGEOT 107,2,E01009487,0,-1
2023061283639,2023,061283639,1,9,0,18,19,5,1,0,0,0,1,0,1,2,3,1,5,6,2,18,4,998,1,15,PEUGEOT 107,6,E01024859,0,-1
2023440498379,2023,440498379,1,9,0,9,9,4,2,0,0,8,0,0,7,0,1,1,6,6,2,77,11,998,1,13,PEUGEOT 107,10,E01022663,0,-1
2023471343860,2023,471343860,1,9,0,18,19,7,3,0,0,0,0,8,0,0,4,1,6,6,1,87,11,998,1,11,PEUGEOT 107,5,E01021121,0,-1
2023552300341,2023,552300341,2,9,0,18,19,2,6,0,0,8,0,0,0,0,2,1,6,6,2,19,4,998,1,14,PEUGEOT 107,7,E01020467,0,-1
2023361374833,2023,361374833,2,9,0,10,10,5,1,0,0,8,1,0,0,0,2,1,5,6,2,47,8,998,1,9,PEUGEOT 107,9,E01026513,0,-1
2023552301261,2023,552301261,2,9,0,18,19,2,6,0,0,8,0,0,0,0,1,1,6,6,2,45,7,998,1,11,PEUGEOT 107,6,E01015440,0,-1
2023111355984,2023,111355984,1,9,0,18,19,2,6,0,0,0,0,0,0,0,1,1,6,6,1,30,6,998,1,11,PEUGEOT 107,-1,-1,0,-1
2023201298235,2023,201298235,1,9,0,18,19,6,2,0,0,2,0,0,0,0,1,1,6,6,3,-1,-1,998,1,14,PEUGEOT 107,-1,-1,0,-1
2023421350109,2023,421350109,1,9,0,5,5,7,3,0,0,0,1,0,1,0,3,1,2,2,1,56,9,998,1,11,PEUGEOT 107,3,E01021842,0,-1
2023430437959,2023,430437959,1,9,0,9,9,8,6,0,0,5,0,0,0,0,1,1,6,6,1,31,6,998,1,13,PEUGEOT 107,-1,-1,0,-1
2023440388929,2023,440388929,3,9,0,3,3,2,4,0,0,1,0,0,0,0,2,1,6,6,2,-1,-1,998,1,13,PEUGEOT 107,10,E01022696,0,-1
2023141317334,2023,141317334,1,9,0,7,7,7,2,0,0,4,0,0,0,0,1,1,6,6,2,31,6,998,1,16,PEUGEOT 107,1,E01007945,0,-1
2023161391545,2023,161391545,2,9,0,2,2,0,0,0,0,0,0,0,0,0,2,1,6,6,3,-1,-1,998,1,15,PEUGEOT 107,-1,-1,0,-1
2023531285513,2023,531285513,2,9,0,18,19,5,2,0,0,0,0,0,0,0,1,1,2,2,2,28,6,998,1,10,PEUGEOT 107,7,E01015526,0,-1
2023461295768,2023,461295768,4,9,0,2,2,0,0,0,0,0,0,0,0,0,2,1,6,6,3,-1,-1,998,1,11,PEUGEOT 107,-1,-1,0,-1
2023052300848,2023,052300848,1,9,0,18,19,7,3,0,0,8,0,0,0,0,1,1,6,6,2,21,5,998,1,13,PEUGEOT 107,5,E01006896,0,-1
2023991269974,2023,991269974,2,9,0,10,10,3,1,0,0,8,0,0,0,0,2,1,2,2,2,23,5,998,1,10,PEUGEOT 107,5,-1,0,-1
2023451367044,2023,451367044,1,9,-1,-1,-1,1,5,-1,-1,-1,-1,-1,-1,0,-1,1,6,6,3,-1,-1,998,1,9,PEUGEOT 107,-1,-1,0,-1
2023010449699,2023,010449699,2,9,0,99,99,9,9,99,99,9,9,99,9,99,9,9,6,6,1,55,8,998,1,14,PEUGEOT 107,9,E01017389,0,-1
2023501362363,2023,501362363,1,9,0,4,4,4,8,0,0,1,0,0,0,0,1,1,6,6,2,18,4,998,1,12,PEUGEOT 107,6,E01020145,0,-1
2023461382127,2023,461382127,1,9,0,18,19,3,5,0,0,0,2,0,0,0,3,1,5,6,1,17,4,998,1,16,PEUGEOT 107,9,E01024708,0,-1
2023361293553,2023,361293553,2,9,0,2,2,1,1,6,6,0,0,0,0,0,1,1,5,6,2,76,11,998,1,13,PEUGEOT 107,6,E01026758,0,-1
2023440345637,2023,440345637,1,9,0,5,5,3,7,0,0,8,0,0,0,0,4,1,6,6,1,88,11,998,1,10,PEUGEOT 107,10,E01023175,0,-1
2023501374057,2023,501374057,1,9,0,17,19,4,8,0,0,0,0,0,0,0,4,1,2,2,2,35,6,998,1,16,PEUGEOT 107,1,E01015231,0,-1
2023320204071,2023,320204071,1,9,0,9,9,8,6,0,0,6,0,0,0,0,1,1,6,6,2,67,10,998,1,10,PEUGEOT 107,9,E01026186,0,-1
2023201283957,2023,201283957,2,9,0,18,19,3,7,0,0,1,0,0,0,0,1,1,6,6,2,60,9,998,1,12,PEUGEOT 107,3,E01009772,0,-1
2023010480834,2023,010480834,2,9,0,99,99,9,9,0,0,9,0,0,0,0,2,1,6,6,1,-1,-1,998,1,11,PEUGEOT 107,3,E01002375,0,-1
2023461331661,2023,461331661,2,9,0,18,19,3,7,0,0,0,0,0,0,0,1,1,6,6,1,60,9,998,1,11,PEUGEOT 107,10,E01024720,0,-1
2023340WN2862,2023,340WN2862,1,9,0,18,19,1,5,0,0,0,0,0,0,0,1,1,6,6,2,41,7,998,1,13,PEUGEOT 107,8,E01027297,0,-1
2023031309569,2023,031309569,2,9,0,4,4,6,1,0,0,0,0,0,0,0,2,1,6,6,1,22,5,998,1,10,PEUGEOT 107,7,E01019212,0,-1
2023421374352,2023,421374352,1,9,0,-1,-1,-1,-1,-1,-1,0,-1,-1,-1,0,-1,1,6,6,2,37,7,998,1,12,PEUGEOT 107,9,E01003749,0,-1
2023031269489,2023,031269489,1,9,0,16,19,5,5,0,0,0,1,0,0,0,1,1,2,2,1,30,6,998,1,16,PEUGEOT 107,9,E01019396,0,-1
2023631367452,2023,631367452,3,9,0,18,19,1,5,0,0,0,0,0,0,0,0,1,5,6,2,71,10,998,1,12,PEUGEOT 107,8,W01000552,0,-1
2023991384514,2023,991384514,1,9,0,18,19,1,5,0,0,0,0,0,0,0,1,1,6,6,2,27,6,998,1,10,PEUGEOT 107,6,-1,0,-1
2023461349681,2023,461349681,2,9,0,2,2,0,0,0,0,1,0,0,0,0,1,1,6,6,3,-1,-1,998,1,14,PEUGEOT 107,-1,-1,0,-1
2023351394737,2023,351394737,1,9,0,18,19,3,7,0,0,0,0,0,0,0,1,1,5,6,2,17,4,998,1,15,PEUGEOT 107,6,E01027032,0,-1
2023622300730,2023,622300730,3,9,0,4,4,8,4,0,0,0,0,0,0,0,2,1,6,6,1,49,8,998,1,9,PEUGEOT 107,4,W01001065,0,-1
2023520300922,2023,520300922,1,9,0,18,19,5,1,0,0,0,1,0,1,4,1,1,6,6,2,18,4,998,1,12,PEUGEOT 107,5,E01029173,0,-1
2023501373074,2023,501373074,1,9,0,18,19,1,5,0,0,8,0,0,0,0,3,1,6,6,2,20,4,998,1,15,PEUGEOT 107,5,E01015191,0,-1
2023320370786,2023,320370786,1,9,0,9,9,2,8,0,0,8,0,0,0,0,1,1,2,2,2,57,9,998,1,15,PEUGEOT 107,9,E01026231,0,-1
2023440101615,2023,440101615,2,9,0,5,5,2,6,0,0,4,0,0,0,0,3,1,2,2,2,58,9,998,1,13,PEUGEOT 107,9,E01017150,0,-1
2023101261542,2023,101261542,1,9,0,5,5,7,5,0,0,6,0,0,0,0,1,1,6,6,2,34,6,998,1,15,PEUGEOT 107,2,E01008690,0,-1
2023061310259,2023,061310259,2,9,0,3,3,7,3,0,0,0,0,0,0,0,2,1,2,2,2,42,7,998,1,15,PEUGEOT 107,1,E01012739,0,-1
2023031381461,2023,031381461,2,9,0,18,19,7,3,0,0,1,1,0,0,0,1,1,5,6,1,73,10,998,1,15,PEUGEOT 107,2,E01019299,0,-1
2023622300426,2023,622300426,1,9,0,18,19,8,4,0,0,0,0,0,0,0,4,1,2,2,1,20,4,998,1,14,PEUGEOT 107,8,W01001724,0,-1
2023520400107,2023,520400107,1,9,0,4,4,4,6,0,0,3,0,0,0,0,2,1,6,6,2,71,10,998,1,12,PEUGEOT 107,8,E01029023,0,-1
2023471289759,2023,471289759,1,9,0,17,19,5,1,0,0,1,0,0,4,6,1,1,5,6,2,31,6,998,1,18,PEUGEOT 107,-1,-1,0,-1
2023421317580,2023,421317580,3,9,0,2,2,0,0,0,0,0,0,0,0,0,4,1,6,6,3,-1,-1,998,1,15,PEUGEOT 107,-1,-1,0,-1
2023041373529,2023,041373529,1,9,0,7,7,1,5,0,0,1,0,0,0,0,1,2,5,6,2,29,6,998,1,14,PEUGEOT 107,2,E01012600,0,-1
2023991436088,2023,991436088,1,9,0,5,5,6,2,0,0,0,0,0,0,0,2,1,6,6,2,17,4,998,1,15,PEUGEOT 107,3,-1,0,-1
2023010483131,2023,010483131,1,9,0,99,99,9,9,99,99,9,9,99,9,99,2,9,2,2,2,19,4,998,1,16,PEUGEOT 107,4,E01000162,0,-1
2023131353188,2023,131353188,2,9,0,18,19,3,7,0,0,1,0,0,0,0,4,1,6,6,2,19,4,998,1,11,PEUGEOT 107,9,E01010706,0,-1
2023010432248,2023,010432248,1,9,0,18,19,2,6,0,0,1,0,0,0,0,1,1,6,6,1,45,7,998,1,17,PEUGEOT 107,4,E01002236,0,-1
2023041285145,2023,041285145,1,9,0,9,9,5,1,0,0,0,0,0,0,0,4,1,5,6,2,17,4,998,1,11,PEUGEOT 107,1,E01025250,0,-1
2023101323430,2023,101323430,2,9,0,18,19,6,2,0,0,8,0,0,0,0,3,1,6,6,2,28,6,998,1,13,PEUGEOT 107,1,E01008299,0,-1