collision_index,collision_year,collision_ref_no,vehicle_reference,vehicle_type,towing_and_articulation,vehicle_manoeuvre_historic,vehicle_manoeuvre,vehicle_direction_from,vehicle_direction_to,vehicle_location_restricted_lane_historic,vehicle_location_restricted_lane,junction_location,skidding_and_overturning,hit_object_in_carriageway,vehicle_leaving_carriageway,hit_object_off_carriageway,first_point_of_impact,vehicle_left_hand_drive,journey_purpose_of_driver_historic,journey_purpose_of_driver,sex_of_driver,age_of_driver,age_band_of_driver,engine_capacity_cc,propulsion_code,age_of_vehicle,generic_make_model,driver_imd_decile,lsoa_of_driver,escooter_flag,driver_distance_banding
2023401341840,2023,401341840,2,9,0,18,19,3,7,0,0,8,0,0,0,0,4,1,6,6,1,47,8,1580,8,6,HYUNDAI IONIQ,4,E01017535,0,-1
2023122301022,2023,122301022,1,9,0,18,19,1,5,0,0,0,0,0,0,0,1,1,6,6,2,70,10,1580,8,6,HYUNDAI IONIQ,-1,-1,0,-1
2023010443493,2023,010443493,3,9,0,18,19,1,5,0,0,1,0,0,0,0,0,1,6,6,1,39,7,1580,8,5,HYUNDAI IONIQ,4,E01003666,0,-1
2023440264454,2023,440264454,2,9,0,13,13,5,1,0,0,0,0,0,0,0,4,1,6,6,1,50,8,-1,3,1,HYUNDAI IONIQ,9,E01023281,0,-1
2023031355250,2023,031355250,1,9,0,5,5,6,6,0,0,1,0,0,0,0,3,1,6,6,1,45,7,-1,3,2,HYUNDAI IONIQ,-1,-1,0,-1
2023340NN2092,2023,340NN2092,1,9,0,7,7,5,6,0,0,3,0,10,0,0,1,1,6,6,1,24,5,-1,3,0,HYUNDAI IONIQ,4,E01027315,0,-1
2023010432987,2023,010432987,1,9,0,5,5,0,7,0,0,0,0,4,0,0,1,1,6,6,2,88,11,1580,8,5,HYUNDAI IONIQ,6,E01001253,0,-1
2023170L20643,2023,170L20643,1,9,0,9,9,8,4,0,0,8,0,0,0,0,1,1,6,6,1,48,8,1580,8,2,HYUNDAI IONIQ,1,E01012093,0,-1
2023991355370,2023,991355370,1,9,0,18,19,3,1,0,0,4,0,0,0,0,1,1,6,6,1,42,7,1580,8,3,HYUNDAI IONIQ,1,-1,0,-1
2023010473187,2023,010473187,2,9,0,6,6,6,6,0,0,0,0,0,0,0,3,1,1,1,1,34,6,1580,8,5,HYUNDAI IONIQ,3,E01000032,0,-1
2023122301077,2023,122301077,2,9,0,18,19,7,3,0,0,5,0,0,0,0,1,1,2,2,1,51,8,-1,3,1,HYUNDAI IONIQ,10,E01027731,0,-1
2023332300553,2023,332300553,1,9,0,17,19,3,1,0,0,8,0,0,1,10,1,1,2,2,1,17,4,1580,8,2,HYUNDAI IONIQ,8,E01025792,0,-1
2023010426459,2023,010426459,1,9,0,9,9,1,8,0,0,1,0,0,0,0,1,1,6,6,1,73,10,1580,8,1,HYUNDAI IONIQ,6,E01000187,0,-1
2023421306522,2023,421306522,2,9,0,18,19,3,7,0,0,3,1,0,0,0,3,1,6,6,1,52,8,1580,8,4,HYUNDAI IONIQ,5,E01015904,0,-1
2023471306639,2023,471306639,2,8,0,18,19,7,3,0,0,8,0,0,0,0,4,1,1,1,1,50,8,1580,8,2,HYUNDAI IONIQ,5,E01016884,0,-1
2023010432301,2023,010432301,1,9,0,18,19,1,5,0,0,8,0,0,0,0,1,1,6,6,1,27,6,1580,8,6,HYUNDAI IONIQ,6,E01031554,0,-1
2023010450988,2023,010450988,1,9,0,18,19,6,2,0,0,2,0,0,0,0,3,1,1,1,1,65,9,1580,8,5,HYUNDAI IONIQ,1,E01004241,0,-1
2023991268609,2023,991268609,1,8,0,18,19,1,4,0,0,0,0,0,0,0,1,1,1,1,1,48,8,1580,8,6,HYUNDAI IONIQ,6,-1,0,-1
2023061355503,2023,061355503,2,8,0,18,19,8,4,0,0,0,0,0,0,0,1,1,6,6,1,31,6,1580,8,5,HYUNDAI IONIQ,2,E01005460,0,-1
2023131294628,2023,131294628,2,9,0,-1,-1,-1,-1,-1,-1,-1,-1,-1,-1,-1,-1,1,6,6,3,-1,-1,1580,8,1,HYUNDAI IONIQ,-1,-1,0,-1
2023010439691,2023,010439691,1,8,9,99,99,9,9,99,99,9,9,99,9,99,9,9,6,6,3,-1,-1,1580,8,6,HYUNDAI IONIQ,-1,-1,0,-1
2023010453731,2023,010453731,2,9,9,99,99,9,9,99,99,9,9,99,9,99,9,9,6,6,3,-1,-1,-1,3,1,HYUNDAI IONIQ,-1,-1,0,-1
2023010448991,2023,010448991,1,8,0,18,19,7,3,0,0,1,0,0,1,0,1,1,6,6,1,25,5,-1,3,2,HYUNDAI IONIQ,2,E01002811,0,-1
2023010435794,2023,010435794,1,8,0,99,99,9,9,99,99,9,9,99,9,99,9,9,1,1,1,42,7,1580,8,5,HYUNDAI IONIQ,1,E01002715,0,-1
2023052300266,2023,052300266,2,8,0,18,19,5,1,0,0,8,0,0,0,0,4,1,1,1,1,53,8,1580,8,2,HYUNDAI IONIQ,2,E01007130,0,-1
2023461326822,2023,461326822,2,9,0,18,19,3,7,0,0,1,0,0,0,0,1,1,6,6,1,40,7,1580,8,2,HYUNDAI IONIQ,8,E01032819,0,-1
2023522400635,2023,522400635,2,9,0,4,4,6,2,0,0,1,0,0,0,0,2,1,6,6,1,43,7,1580,8,4,HYUNDAI IONIQ,1,E01014658,0,-1
2023010437622,2023,010437622,2,9,0,99,99,9,9,99,99,9,9,99,9,99,9,9,6,6,1,46,8,-1,3,3,HYUNDAI IONIQ,4,E01004177,0,-1
2023010445026,2023,010445026,1,9,0,99,99,9,9,99,99,0,9,99,9,99,9,9,6,6,1,53,8,1580,8,4,HYUNDAI IONIQ,2,E01004242,0,-1
2023010440911,2023,010440911,1,9,0,3,3,3,7,0,0,1,0,0,0,0,4,1,1,1,1,30,6,1580,8,1,HYUNDAI IONIQ,5,E01000975,0,-1
2023520000786,2023,520000786,2,9,0,2,2,0,0,0,0,0,0,0,0,0,3,1,6,6,1,-1,-1,1580,8,6,HYUNDAI IONIQ,10,E01014376,0,-1
2023201298478,2023,201298478,2,9,0,9,9,6,4,0,0,6,0,0,0,0,4,1,6,6,3,-1,-1,1580,8,6,HYUNDAI IONIQ,-1,-1,0,-1
2023430132050,2023,430132050,1,9,0,18,19,2,6,0,0,1,0,0,0,0,1,1,6,6,1,-1,-1,1580,8,3,HYUNDAI IONIQ,-1,-1,0,-1
2023010483821,2023,010483821,1,9,0,2,2,0,0,0,0,1,0,0,0,0,3,1,6,6,3,-1,-1,-1,3,1,HYUNDAI IONIQ,-1,-1,0,-1
2023041359980,2023,041359980,2,9,0,2,2,0,0,0,0,1,0,4,0,0,4,2,6,6,3,-1,-1,1580,8,5,HYUNDAI IONIQ,-1,-1,0,-1
2023430168752,2023,430168752,1,9,0,3,3,1,5,0,0,1,0,0,0,0,3,1,6,6,1,32,6,1580,8,7,HYUNDAI IONIQ,7,E01016537,0,-1
2023010451582,2023,010451582,1,8,0,99,99,9,9,99,99,0,9,99,9,99,4,1,6,6,3,-1,-1,1580,8,6,HYUNDAI IONIQ,-1,-1,0,-1
2023501380160,2023,501380160,1,8,0,18,19,7,5,0,0,6,0,0,3,11,1,1,1,1,1,79,11,1580,8,6,HYUNDAI IONIQ,3,E01018838,0,-1
2023991268138,2023,991268138,1,8,0,9,9,3,7,0,0,4,0,0,0,0,1,1,1,1,2,26,6,1580,8,5,HYUNDAI IONIQ,3,-1,0,-1
2023010450527,2023,010450527,2,9,0,99,99,9,9,99,99,9,9,99,9,99,1,9,6,6,3,-1,-1,-1,3,1,HYUNDAI IONIQ,5,E01003019,0,-1
2023010468346,2023,010468346,2,9,0,99,99,9,9,99,99,9,9,99,9,99,1,9,6,6,3,-1,-1,-1,3,3,HYUNDAI IONIQ,-1,-1,0,-1
2023351341690,2023,351341690,1,9,0,18,19,7,2,0,0,0,0,0,0,0,1,1,6,6,1,45,7,1580,8,6,HYUNDAI IONIQ,8,E01015645,0,-1
2023010432944,2023,010432944,1,9,0,18,19,5,1,0,0,2,0,0,0,0,1,1,6,6,1,38,7,1580,8,3,HYUNDAI IONIQ,6,E01003397,0,-1
2023991360543,2023,991360543,1,8,0,6,6,7,7,0,0,0,0,0,0,0,3,1,1,1,1,56,9,1580,8,6,HYUNDAI IONIQ,6,-1,0,-1
2023440504628,2023,440504628,2,9,0,6,6,1,1,0,0,0,0,0,0,0,2,1,1,1,1,37,7,1580,8,3,HYUNDAI IONIQ,6,E01017029,0,-1
2023010435930,2023,010435930,2,9,0,99,99,9,9,99,99,9,9,99,9,99,1,9,6,6,3,-1,-1,1580,8,5,HYUNDAI IONIQ,-1,-1,0,-1
2023010448339,2023,010448339,1,9,0,6,6,5,5,0,0,6,0,0,0,0,1,1,6,6,1,35,6,-1,3,3,HYUNDAI IONIQ,2,E01003309,0,-1
2023991347182,2023,991347182,1,8,0,4,4,3,7,4,4,0,0,0,0,0,4,1,1,1,1,49,8,1580,8,6,HYUNDAI IONIQ,-1,-1,0,-1
2023421296400,2023,421296400,1,9,0,17,19,4,3,0,0,1,1,4,0,0,4,1,1,1,1,35,6,1580,8,3,HYUNDAI IONIQ,1,E01015895,0,-1
2023052301802,2023,052301802,1,8,0,18,19,7,3,0,0,8,0,0,0,0,3,1,1,1,1,34,6,1580,8,5,HYUNDAI IONIQ,1,E01006691,0,-1
2023361299901,2023,361299901,2,9,0,10,10,1,7,0,0,1,0,0,0,0,2,1,5,6,2,68,10,1580,8,4,HYUNDAI IONIQ,5,E01026715,0,-1
2023010454053,2023,010454053,2,8,0,99,99,9,9,99,99,9,9,99,9,99,9,9,6,6,1,51,8,1580,8,4,HYUNDAI IONIQ,2,E01001340,0,-1
2023010440063,2023,010440063,1,8,0,99,99,9,9,99,99,0,9,99,9,99,2,9,1,1,1,50,8,1580,8,5,HYUNDAI IONIQ,3,E01001489,0,-1
2023461286090,2023,461286090,1,9,0,18,19,3,7,0,0,0,0,0,0,0,1,1,1,1,1,72,10,1580,8,4,HYUNDAI IONIQ,3,E01024182,0,-1
2023041386930,2023,041386930,1,9,0,9,9,3,1,0,0,6,0,0,0,0,1,1,1,1,1,48,8,1580,8,5,HYUNDAI IONIQ,9,E01025600,0,-1
2023010476333,2023,010476333,2,8,0,99,99,9,9,99,99,8,9,99,9,99,9,9,6,6,1,33,6,-1,3,2,HYUNDAI IONIQ,2,E01004284,0,-1
2023010428298,2023,010428298,2,9,0,99,99,9,9,99,99,9,9,99,9,99,1,9,6,6,1,34,6,1580,8,5,HYUNDAI IONIQ,3,E01003555,0,-1
2023461335574,2023,461335574,1,9,0,5,5,5,1,0,0,0,0,0,0,0,1,1,6,6,2,-1,-1,1580,8,2,HYUNDAI IONIQ,-1,-1,0,-1
2023010447843,2023,010447843,2,9,0,18,19,5,1,0,0,4,0,0,0,0,4,1,1,1,1,51,8,1580,8,5,HYUNDAI IONIQ,2,E01002608,0,-1
2023010436307,2023,010436307,2,9,0,99,99,9,9,99,99,9,9,99,9,99,9,9,6,6,3,-1,-1,1580,8,1,HYUNDAI IONIQ,-1,-1,0,-1
2023141334175,2023,141334175,2,9,0,18,19,3,3,0,0,1,0,0,0,0,1,1,5,6,1,25,5,1580,8,6,HYUNDAI IONIQ,1,E01007768,0,-1
2023010444819,2023,010444819,2,9,0,99,99,9,9,99,99,9,9,99,9,99,9,9,6,6,3,-1,-1,-1,3,1,HYUNDAI IONIQ,6,E01003163,0,-1
2023501293746,2023,501293746,1,9,0,9,9,7,2,0,0,6,0,0,0,0,1,1,5,6,1,61,9,1580,8,4,HYUNDAI IONIQ,2,E01015157,0,-1
2023010474308,2023,010474308,2,8,0,99,99,9,9,99,99,9,9,99,9,99,9,9,6,6,3,-1,-1,1580,8,6,HYUNDAI IONIQ,-1,-1,0,-1
2023052300576,2023,052300576,2,9,0,18,19,3,7,0,0,0,0,0,0,0,1,1,6,6,2,48,8,-1,3,0,HYUNDAI IONIQ,6,E01006438,0,-1
2023010446004,2023,010446004,2,9,0,3,3,1,5,0,0,0,0,0,0,0,3,1,6,6,1,40,7,-1,3,5,HYUNDAI IONIQ,8,E01002216,0,-1
2023141325304,2023,141325304,1,9,0,3,3,5,1,0,0,0,0,0,0,0,2,1,6,6,2,49,8,-1,3,1,HYUNDAI IONIQ,5,E01011178,0,-1
2023010426382,2023,010426382,1,8,0,99,99,9,9,99,99,9,9,99,9,99,2,9,1,1,1,37,7,-1,3,1,HYUNDAI IONIQ,8,E01000412,0,-1
2023010453788,2023,010453788,2,9,0,18,19,7,3,0,0,0,1,4,0,0,1,1,6,6,1,21,5,1580,8,1,HYUNDAI IONIQ,-1,-1,0,-1
2023010475790,2023,010475790,2,8,0,99,99,9,9,99,99,0,9,99,9,99,1,9,6,6,3,-1,-1,1580,8,5,HYUNDAI IONIQ,-1,-1,0,-1
2023010472645,2023,010472645,1,8,0,99,99,9,9,99,99,9,9,99,9,99,2,9,1,1,1,49,8,-1,3,3,HYUNDAI IONIQ,2,E01004255,0,-1
2023010476526,2023,010476526,1,9,0,99,99,9,9,99,99,9,9,99,9,99,1,9,6,6,1,56,9,1580,8,5,HYUNDAI IONIQ,4,E01004551,0,-1
2023421318768,2023,421318768,2,9,0,17,19,1,7,0,0,0,0,0,0,0,1,1,1,1,1,43,7,1580,8,4,HYUNDAI IONIQ,10,E01021431,0,-1
2023131264266,2023,131264266,2,9,0,5,5,7,3,0,0,6,0,0,0,0,1,1,1,1,1,54,8,1580,8,6,HYUNDAI IONIQ,1,E01011432,0,-1
2023481366721,2023,481366721,2,8,0,3,3,3,7,0,0,1,0,0,0,0,2,1,1,1,1,45,7,1580,8,5,HYUNDAI IONIQ,-1,-1,0,-1
2023061321258,2023,061321258,1,9,0,18,19,3,6,0,0,8,1,0,0,0,4,1,6,6,1,35,6,-1,3,1,HYUNDAI IONIQ,8,E01005955,0,-1
2023351367576,2023,351367576,1,9,0,18,19,2,7,5,5,2,0,0,0,0,1,1,1,1,1,28,6,1580,8,5,HYUNDAI IONIQ,3,E01001318,0,-1
2023302300804,2023,302300804,3,9,0,2,2,0,0,0,0,0,0,0,0,0,4,1,6,6,1,33,6,1580,8,4,HYUNDAI IONIQ,2,E01013565,0,-1
2023131348893,2023,131348893,1,9,0,17,19,3,8,0,0,3,0,0,0,0,2,1,1,1,1,53,8,1580,8,5,HYUNDAI IONIQ,4,E01010801,0,-1
2023201408762,2023,201408762,1,9,0,18,19,-1,-1,0,0,0,0,0,0,0,1,1,6,6,3,-1,-1,1580,8,5,HYUNDAI IONIQ,-1,-1,0,-1
2023201411031,2023,201411031,1,9,0,18,19,4,8,0,0,0,0,0,0,0,4,1,1,1,3,33,6,1580,8,7,HYUNDAI IONIQ,1,E01009125,0,-1
2023010482721,2023,010482721,2,9,0,99,99,9,9,99,99,9,9,99,9,99,1,9,6,6,3,46,8,1580,8,6,HYUNDAI IONIQ,4,E01000475,0,-1
2023010454626,2023,010454626,2,8,0,99,99,9,9,99,99,9,9,99,9,99,9,9,6,6,1,56,9,1580,8,6,HYUNDAI IONIQ,3,E01003584,0,-1
2023010446877,2023,010446877,2,8,0,99,99,9,9,99,99,9,9,99,9,99,1,9,6,6,3,-1,-1,-1,3,3,HYUNDAI IONIQ,8,E01024184,0,-1
2023010424520,2023,010424520,1,9,0,10,10,5,2,0,0,8,0,0,0,0,3,1,6,6,1,33,6,-1,3,1,HYUNDAI IONIQ,1,E01004309,0,-1
2023041315758,2023,041315758,1,9,0,18,19,1,5,0,0,2,0,0,0,0,0,1,6,6,1,74,10,1580,8,4,HYUNDAI IONIQ,9,-1,0,-1
2023010458447,2023,010458447,2,9,0,99,99,9,9,99,99,9,9,99,9,99,1,9,6,6,3,-1,-1,1580,8,4,HYUNDAI IONIQ,-1,-1,0,-1
2023010459136,2023,010459136,3,9,0,18,19,3,7,0,0,4,0,0,0,0,0,1,6,6,1,31,6,1580,8,5,HYUNDAI IONIQ,3,E01003221,0,-1
2023010484205,2023,010484205,1,9,0,3,3,7,3,0,0,1,0,0,0,0,0,1,6,6,2,46,8,1580,8,4,HYUNDAI IONIQ,3,E01002133,0,-1
2023622300829,2023,622300829,1,9,0,9,9,6,2,0,0,8,0,0,0,0,1,1,6,6,1,51,8,1580,8,3,HYUNDAI IONIQ,2,W01001862,0,-1
2023010485528,2023,010485528,2,8,0,99,99,9,9,99,99,9,9,99,9,99,9,9,6,6,3,-1,-1,1580,8,6,HYUNDAI IONIQ,-1,-1,0,-1
2023421372790,2023,421372790,2,8,0,18,19,5,1,0,0,8,0,0,0,0,3,1,1,1,1,28,6,1580,8,4,HYUNDAI IONIQ,4,E01015907,0,-1
2023010460553,2023,010460553,1,9,0,9,9,7,5,0,0,1,0,0,0,0,4,1,6,6,1,57,9,-1,3,1,HYUNDAI IONIQ,6,E01004738,0,-1
2023201403003,2023,201403003,2,9,0,4,4,6,2,0,0,1,0,0,0,0,2,1,1,1,1,51,8,1580,8,5,HYUNDAI IONIQ,2,E01009891,0,-1
2023061328027,2023,061328027,2,9,0,18,19,7,7,0,0,0,1,0,0,0,2,1,1,1,1,34,6,1580,8,5,HYUNDAI IONIQ,1,E01005682,0,-1
2023991335542,2023,991335542,1,9,0,5,5,2,4,0,0,2,0,0,0,0,3,1,5,6,1,26,6,1580,8,2,HYUNDAI IONIQ,-1,-1,0,-1
2023061358715,2023,061358715,1,9,0,18,19,5,1,0,0,8,0,0,0,0,3,1,1,1,1,51,8,1580,8,4,HYUNDAI IONIQ,2,E01006036,0,-1
2023041345090,2023,041345090,2,9,0,13,13,2,5,0,0,0,0,0,0,0,1,1,2,2,2,41,7,-1,3,2,HYUNDAI IONIQ,8,E01025437,0,-1
2023010435804,2023,010435804,1,9,0,18,19,5,1,0,0,8,0,0,0,0,1,1,6,6,3,-1,-1,1580,8,4,HYUNDAI IONIQ,-1,-1,0,-1
2023451292596,2023,451292596,2,9,0,4,4,1,5,0,0,0,0,0,0,0,2,1,5,6,2,38,7,-1,3,1,HYUNDAI IONIQ,6,E01001656,0,-1
2023311313592,2023,311313592,2,9,0,18,19,1,5,0,0,0,1,0,0,0,1,1,5,6,1,34,6,1580,8,6,HYUNDAI IONIQ,-1,-1,0,-1
2023131390341,2023,131390341,1,9,0,18,19,5,1,0,0,2,0,0,0,0,1,1,1,1,1,42,7,1580,8,1,HYUNDAI IONIQ,2,E01010799,0,-1
2023010463889,2023,010463889,1,9,0,6,6,1,1,0,0,8,0,0,0,0,3,1,1,1,1,31,6,1580,8,4,HYUNDAI IONIQ,2,E01003162,0,-1
2023010476812,2023,010476812,1,9,0,99,99,9,9,99,99,9,9,99,9,99,2,9,1,1,1,49,8,-1,3,3,HYUNDAI IONIQ,2,E01004255,0,-1
2023501328479,2023,501328479,2,8,0,1,1,5,1,0,0,1,0,0,0,0,2,1,5,6,2,48,8,1580,8,4,HYUNDAI IONIQ,2,E01015055,0,-1
2023010423872,2023,010423872,2,9,0,99,99,9,9,99,99,9,9,99,9,99,0,9,6,6,3,-1,-1,-1,3,2,HYUNDAI IONIQ,-1,-1,0,-1
2023010476404,2023,010476404,1,9,0,4,4,5,1,0,0,8,0,0,0,0,2,1,6,6,1,36,7,1580,8,4,HYUNDAI IONIQ,4,E01004376,0,-1
2023131348534,2023,131348534,2,9,0,18,19,4,8,0,0,8,0,0,0,0,0,1,5,6,1,61,9,-1,3,2,HYUNDAI IONIQ,3,E01010793,0,-1
2023201300976,2023,201300976,1,9,0,18,19,4,8,0,0,8,0,0,0,0,1,1,6,6,1,41,7,1580,8,7,HYUNDAI IONIQ,9,E01009917,0,-1
2023471361753,2023,471361753,1,8,0,13,13,3,7,0,0,0,0,0,0,0,4,1,1,1,1,45,7,1580,8,7,HYUNDAI IONIQ,3,E01031372,0,-1
2023201410617,2023,201410617,2,8,0,12,12,8,4,0,0,0,0,0,0,0,2,1,5,6,1,-1,-1,1580,8,5,HYUNDAI IONIQ,4,E01010510,0,-1
2023991349278,2023,991349278,2,9,0,18,19,1,5,0,0,1,0,0,0,0,1,1,2,2,1,32,6,1580,8,2,HYUNDAI IONIQ,10,E01005813,0,-1
2023131382811,2023,131382811,1,9,0,9,9,1,1,0,0,0,0,0,0,0,1,1,1,1,1,54,8,1580,8,7,HYUNDAI IONIQ,1,E01010606,0,-1
2023010436340,2023,010436340,2,9,0,16,19,1,5,0,0,1,0,0,0,0,3,1,1,1,1,58,9,1580,8,4,HYUNDAI IONIQ,2,E01016039,0,-1
2023201397851,2023,201397851,1,9,0,5,5,3,7,0,0,6,0,0,0,0,1,1,6,6,1,46,8,1580,8,5,HYUNDAI IONIQ,1,E01008941,0,-1
2023010476475,2023,010476475,2,9,0,99,99,9,9,99,99,9,9,99,9,99,1,9,6,6,3,-1,-1,1580,8,5,HYUNDAI IONIQ,-1,-1,0,-1
2023010473159,2023,010473159,1,9,9,99,99,9,9,99,99,9,9,99,9,99,9,1,6,6,3,58,9,1580,8,4,HYUNDAI IONIQ,1,E01001545,0,-1
2023010429461,2023,010429461,2,9,0,99,99,9,9,99,99,9,9,99,9,99,9,9,6,6,1,27,6,1580,8,5,HYUNDAI IONIQ,4,E01002307,0,-1
2023522300978,2023,522300978,1,8,0,5,5,3,7,0,0,1,0,0,0,0,1,1,1,1,1,34,6,1580,8,5,HYUNDAI IONIQ,4,E01014587,0,-1
2023052302701,2023,052302701,1,9,0,17,19,1,5,0,0,8,0,0,0,0,1,1,6,6,2,55,8,1580,8,2,HYUNDAI IONIQ,4,E01002970,0,-1
2023131390626,2023,131390626,2,9,0,2,2,0,0,0,0,2,0,0,0,0,3,1,6,6,3,-1,-1,1580,8,2,HYUNDAI IONIQ,-1,-1,0,-1
2023052303025,2023,052303025,2,8,0,2,2,0,0,0,0,0,0,0,0,0,1,1,1,1,1,43,7,1580,8,2,HYUNDAI IONIQ,2,E01007205,0,-1
2023101391803,2023,101391803,1,9,0,18,19,1,5,0,0,0,0,0,0,0,1,2,5,6,2,42,7,1580,8,4,HYUNDAI IONIQ,4,E01008565,0,-1
2023451369534,2023,451369534,2,9,0,9,9,3,5,0,0,6,0,0,0,0,1,1,5,6,1,34,6,1580,8,5,HYUNDAI IONIQ,5,E01016488,0,-1
2023340WN2092,2023,340WN2092,1,9,0,9,9,7,5,0,0,8,0,0,0,0,1,1,6,6,1,66,10,1580,8,4,HYUNDAI IONIQ,-1,-1,0,-1
2023991274559,2023,991274559,3,9,0,18,19,2,6,0,0,0,0,0,0,0,2,1,2,2,1,47,8,1580,8,6,HYUNDAI IONIQ,9,-1,0,-1
2023010482749,2023,010482749,2,9,9,99,99,9,9,99,99,9,9,99,9,99,9,9,6,6,3,-1,-1,1580,8,6,HYUNDAI IONIQ,2,E01000863,0,-1
2023061351156,2023,061351156,2,9,0,3,3,1,5,0,0,0,0,0,0,0,4,1,2,2,2,35,6,-1,3,0,HYUNDAI IONIQ,1,E01005552,0,-1
2023481407554,2023,481407554,1,9,0,18,19,7,3,0,0,1,0,0,0,0,4,1,6,6,1,40,7,1580,8,5,HYUNDAI IONIQ,-1,-1,0,-1
2023010442446,2023,010442446,1,9,0,99,99,9,9,99,99,9,9,99,9,99,4,9,6,6,1,32,6,1580,8,1,HYUNDAI IONIQ,4,E01004215,0,-1
2023231352328,2023,231352328,1,9,0,2,2,0,0,0,0,0,0,0,0,0,1,1,5,6,2,68,10,-1,3,2,HYUNDAI IONIQ,-1,-1,0,-1
2023010455607,2023,010455607,2,8,0,99,99,9,9,99,99,9,9,99,9,99,2,9,6,6,1,53,8,1580,8,6,HYUNDAI IONIQ,3,E01000046,0,-1
2023131320935,2023,131320935,3,8,0,5,5,5,3,0,0,8,0,0,0,0,0,1,1,1,1,24,5,1580,8,6,HYUNDAI IONIQ,1,E01011623,0,-1
2023131357395,2023,131357395,1,9,0,-1,-1,-1,-1,-1,-1,0,-1,-1,-1,0,-1,1,6,6,1,54,8,1580,8,2,HYUNDAI IONIQ,2,E01011424,0,-1
2023201328553,2023,201328553,2,9,0,8,8,4,6,0,0,1,0,0,0,0,4,1,1,1,1,-1,-1,1580,8,4,HYUNDAI IONIQ,1,E01009756,0,-1
2023010475531,2023,010475531,1,8,0,7,7,7,2,0,0,1,0,0,0,0,3,1,1,1,1,42,7,-1,3,3,HYUNDAI IONIQ,2,E01003349,0,-1
2023170S30173,2023,170S30173,1,9,0,18,19,5,1,0,0,0,0,0,0,0,1,1,6,6,2,39,7,-1,3,1,HYUNDAI IONIQ,9,E01012236,0,-1
2023010421287,2023,010421287,1,8,0,5,5,1,5,0,0,2,0,0,0,0,1,1,1,1,1,67,10,1580,8,6,HYUNDAI IONIQ,3,E01003597,0,-1
2023131379168,2023,131379168,1,9,0,18,19,3,7,0,0,4,0,0,0,0,3,1,2,2,2,52,8,-1,3,3,HYUNDAI IONIQ,8,E01010860,0,-1
2023010446852,2023,010446852,2,9,0,3,3,5,1,0,0,0,0,0,0,0,2,2,6,6,1,45,7,1580,8,4,HYUNDAI IONIQ,7,E01003419,0,-1
2023991341613,2023,991341613,1,8,0,16,19,5,1,0,0,8,0,0,0,0,1,1,1,1,1,45,7,1580,8,5,HYUNDAI IONIQ,5,-1,0,-1
2023061359584,2023,061359584,1,9,0,9,9,8,4,0,0,8,0,0,7,11,1,1,5,6,1,33,6,-1,3,1,HYUNDAI IONIQ,2,E01005477,0,-1
2023010441600,2023,010441600,1,9,0,18,19,7,3,0,0,1,0,0,0,0,1,1,6,6,2,30,6,-1,3,1,HYUNDAI IONIQ,7,E01003199,0,-1
2023010434941,2023,010434941,2,9,0,9,9,5,3,0,0,8,0,0,0,0,3,1,6,6,1,37,7,1580,8,6,HYUNDAI IONIQ,6,E01004501,0,-1
2023311329192,2023,311329192,1,8,0,18,19,4,7,0,0,1,0,0,0,0,3,1,6,6,1,42,7,1580,8,4,HYUNDAI IONIQ,1,E01013921,0,-1
2023041344643,2023,041344643,1,9,0,18,19,1,5,0,0,0,0,0,0,0,1,1,6,6,2,65,9,1580,8,2,HYUNDAI IONIQ,4,E01024945,0,-1
2023351325160,2023,351325160,2,9,0,4,4,5,1,0,0,0,0,0,0,0,2,1,5,6,2,-1,-1,-1,3,0,HYUNDAI IONIQ,7,E01023662,0,-1
2023501273512,2023,501273512,1,9,0,5,5,3,1,0,0,0,0,0,0,0,1,1,6,6,2,-1,-1,1580,8,1,HYUNDAI IONIQ,4,E01018777,0,-1
2023010461660,2023,010461660,2,8,0,99,99,9,9,99,99,9,9,99,9,99,9,9,6,6,3,-1,-1,-1,3,2,HYUNDAI IONIQ,-1,-1,0,-1
2023010450083,2023,010450083,2,9,9,99,99,9,9,99,99,9,9,99,9,99,9,9,6,6,3,-1,-1,1580,8,4,HYUNDAI IONIQ,-1,-1,0,-1
2023010449590,2023,010449590,2,9,0,2,2,0,0,0,0,2,0,0,0,0,2,1,6,6,3,-1,-1,1580,8,6,HYUNDAI IONIQ,-1,-1,0,-1
2023010446060,2023,010446060,2,9,0,11,11,1,5,2,2,1,0,0,0,0,0,1,6,6,1,39,7,1580,8,5,HYUNDAI IONIQ,6,E01000238,0,-1
2023520000655,2023,520000655,2,9,0,18,19,3,8,0,0,8,0,0,0,0,1,1,6,6,1,32,6,1580,8,3,HYUNDAI IONIQ,6,E01014923,0,-1
2023052301618,2023,052301618,2,9,0,2,2,0,0,0,0,0,0,0,0,0,3,1,6,6,3,-1,-1,1580,8,3,HYUNDAI IONIQ,-1,-1,0,-1
2023201371935,2023,201371935,1,9,0,18,19,1,4,0,0,1,0,0,0,0,1,1,6,6,1,30,6,1580,8,2,HYUNDAI IONIQ,-1,-1,0,-1
2023531304512,2023,531304512,1,9,0,5,5,1,5,0,0,6,0,0,0,0,1,1,5,6,1,41,7,1580,8,2,HYUNDAI IONIQ,8,E01016711,0,-1
2023401341538,2023,401341538,1,9,0,18,19,5,1,0,0,1,0,0,0,0,4,1,1,1,1,27,6,1580,8,4,HYUNDAI IONIQ,3,E01017514,0,-1
2023501366595,2023,501366595,2,9,0,3,3,5,1,0,0,0,1,0,0,0,2,1,6,6,1,65,9,1580,8,2,HYUNDAI IONIQ,8,E01031195,0,-1
2023371356949,2023,371356949,2,9,0,18,19,8,4,0,0,0,0,0,0,0,3,1,5,6,2,40,7,-1,3,1,HYUNDAI IONIQ,3,E01000866,0,-1
2023010465714,2023,010465714,1,9,0,99,99,9,9,99,99,9,9,99,9,99,9,9,1,1,1,44,7,1580,8,4,HYUNDAI IONIQ,6,E01017858,0,-1