collision_index,collision_year,collision_ref_no,vehicle_reference,vehicle_type,towing_and_articulation,vehicle_manoeuvre_historic,vehicle_manoeuvre,vehicle_direction_from,vehicle_direction_to,vehicle_location_restricted_lane_historic,vehicle_location_restricted_lane,junction_location,skidding_and_overturning,hit_object_in_carriageway,vehicle_leaving_carriageway,hit_object_off_carriageway,first_point_of_impact,vehicle_left_hand_drive,journey_purpose_of_driver_historic,journey_purpose_of_driver,sex_of_driver,age_of_driver,age_band_of_driver,engine_capacity_cc,propulsion_code,age_of_vehicle,generic_make_model,driver_imd_decile,lsoa_of_driver,escooter_flag,driver_distance_banding
2023131307161,2023,131307161,2,9,0,18,19,3,7,0,0,2,0,0,0,0,2,1,1,1,1,48,8,1580,8,5,HYUNDAI IONIQ,2,E01011481,0,-1
2023122300548,2023,122300548,1,9,0,9,9,7,5,0,0,6,0,0,0,0,3,1,6,6,2,38,7,1580,8,5,HYUNDAI IONIQ,9,E01028666,0,-1
2023010443809,2023,010443809,1,9,0,18,19,8,4,0,0,0,0,0,0,0,1,1,6,6,3,-1,-1,-1,3,1,HYUNDAI IONIQ,-1,-1,0,-1
2023201393290,2023,201393290,1,9,0,18,19,7,3,0,0,4,0,0,0,0,1,1,6,6,1,28,6,-1,3,1,HYUNDAI IONIQ,5,E01009923,0,-1
2023010476859,2023,010476859,2,9,0,10,10,5,4,0,0,5,0,0,0,0,3,1,6,6,1,49,8,1580,8,4,HYUNDAI IONIQ,-1,-1,0,-1
2023461325434,2023,461325434,3,9,0,18,19,5,1,0,0,0,0,0,0,0,1,1,6,6,1,33,6,1580,8,5,HYUNDAI IONIQ,7,E01024789,0,-1
2023131378943,2023,131378943,1,9,0,6,6,7,3,0,0,0,0,0,0,0,1,1,1,1,1,42,7,1580,8,3,HYUNDAI IONIQ,1,E01033035,0,-1
2023421317098,2023,421317098,3,9,0,3,3,2,6,0,0,0,0,0,0,0,2,1,5,6,1,47,8,1580,8,5,HYUNDAI IONIQ,2,E01021327,0,-1
2023061356552,2023,061356552,1,8,0,3,3,5,1,0,0,0,0,0,0,0,4,1,1,1,1,31,6,1580,8,5,HYUNDAI IONIQ,1,E01005429,0,-1
2023622300405,2023,622300405,1,9,0,18,19,8,4,0,0,0,0,4,0,0,1,1,6,6,1,67,10,1580,8,4,HYUNDAI IONIQ,9,W01001434,0,-1
2023010474379,2023,010474379,1,9,0,99,99,9,9,99,99,9,9,99,9,99,9,9,6,6,2,35,6,-1,3,2,HYUNDAI IONIQ,7,E01032570,0,-1
2023061332193,2023,061332193,2,9,0,5,5,3,7,0,0,1,0,0,0,0,1,1,1,1,1,43,7,1580,8,1,HYUNDAI IONIQ,2,E01005250,0,-1
2023131365292,2023,131365292,1,9,0,9,9,1,1,0,0,0,0,0,0,0,4,1,1,1,1,31,6,1580,8,6,HYUNDAI IONIQ,1,E01011621,0,-1
2023010426254,2023,010426254,1,9,0,18,19,4,8,0,0,1,0,0,0,0,4,1,1,1,1,43,7,-1,3,6,HYUNDAI IONIQ,-1,-1,0,-1
2023010463086,2023,010463086,1,9,4,99,99,9,9,99,99,9,9,99,9,99,9,9,2,2,1,56,9,-1,3,0,HYUNDAI IONIQ,5,E01001659,0,-1
2023010462816,2023,010462816,1,9,0,18,19,1,5,2,2,1,0,0,0,0,1,1,6,6,1,25,5,-1,3,0,HYUNDAI IONIQ,4,E01033576,0,-1
2023161328149,2023,161328149,1,9,0,18,19,7,3,0,0,0,0,0,7,0,3,1,6,6,2,67,10,-1,3,2,HYUNDAI IONIQ,5,E01013078,0,-1
2023071212114,2023,071212114,1,9,0,18,19,7,4,0,0,0,0,0,0,0,4,1,6,6,1,-1,-1,1580,8,6,HYUNDAI IONIQ,2,E01004812,0,-1
2023991368107,2023,991368107,1,8,0,9,9,5,3,0,0,1,0,0,0,0,1,1,1,1,1,53,8,1580,8,5,HYUNDAI IONIQ,7,-1,0,-1
2023320716098,2023,320716098,1,9,0,16,19,6,1,0,0,2,0,0,0,0,1,1,6,6,1,69,10,1580,8,6,HYUNDAI IONIQ,9,E01026402,0,-1
2023010436511,2023,010436511,1,9,0,18,19,1,5,0,0,0,0,0,0,0,4,1,6,6,1,59,9,1580,8,3,HYUNDAI IONIQ,5,E01003640,0,-1
2023131330103,2023,131330103,1,9,0,11,11,1,7,0,0,0,0,0,0,0,4,1,1,1,1,64,9,1580,8,6,HYUNDAI IONIQ,1,E01010608,0,-1
2023522400874,2023,522400874,1,9,0,12,12,6,2,0,0,1,0,0,0,0,3,1,6,6,1,31,6,1580,8,5,HYUNDAI IONIQ,1,E01014653,0,-1
2023401342317,2023,401342317,1,9,0,4,4,5,1,0,0,0,0,0,0,0,2,1,6,6,2,32,6,-1,3,1,HYUNDAI IONIQ,2,E01015802,0,-1
2023311317725,2023,311317725,1,8,0,2,2,1,1,0,0,2,0,0,0,0,4,1,2,2,1,56,9,1580,8,6,HYUNDAI IONIQ,-1,-1,0,-1
2023010444790,2023,010444790,2,9,0,99,99,9,9,99,99,9,9,99,9,99,1,9,6,6,3,-1,-1,1580,8,5,HYUNDAI IONIQ,3,E01000741,0,-1
2023010461500,2023,010461500,1,8,0,5,5,1,5,0,0,0,0,0,0,0,0,1,1,1,1,67,10,1580,8,6,HYUNDAI IONIQ,6,E01003429,0,-1
2023540322023,2023,540322023,1,9,0,13,13,3,7,0,0,0,0,0,0,0,2,1,6,6,1,46,8,-1,3,1,HYUNDAI IONIQ,5,E01015505,0,-1
2023071093152,2023,071093152,2,9,0,4,4,3,7,0,0,0,0,0,0,0,1,1,1,1,2,41,7,1580,8,0,HYUNDAI IONIQ,2,E01012383,0,-1
2023010476581,2023,010476581,1,9,0,18,19,7,3,0,0,0,0,0,7,11,1,1,6,6,1,28,6,1580,8,3,HYUNDAI IONIQ,8,E01030698,0,-1
2023010426934,2023,010426934,1,9,9,99,99,9,9,99,99,9,9,99,9,99,9,9,6,6,3,66,10,1580,8,5,HYUNDAI IONIQ,1,E01002758,0,-1
2023141384069,2023,141384069,1,9,0,18,19,2,6,0,0,1,0,0,0,0,1,1,1,1,1,44,7,1580,8,4,HYUNDAI IONIQ,2,E01008112,0,-1
2023010436260,2023,010436260,2,9,0,2,2,0,0,0,0,0,0,0,0,0,1,1,6,6,3,-1,-1,-1,3,1,HYUNDAI IONIQ,-1,-1,0,-1
2023061341554,2023,061341554,2,9,0,12,12,4,7,0,0,1,0,0,0,0,3,1,2,2,1,26,6,1580,8,6,HYUNDAI IONIQ,4,E01005436,0,-1
2023101379558,2023,101379558,2,9,0,3,3,5,1,0,0,4,0,0,0,0,2,1,2,2,1,28,6,1580,8,6,HYUNDAI IONIQ,3,E01008396,0,-1
2023010433691,2023,010433691,3,9,0,4,4,1,5,0,0,8,0,0,0,0,1,1,6,6,1,64,9,-1,3,1,HYUNDAI IONIQ,10,E01003780,0,-1
2023411271274,2023,411271274,2,9,0,10,10,1,6,0,0,1,0,0,0,0,1,1,2,2,2,36,7,1580,8,2,HYUNDAI IONIQ,9,E01023680,0,-1
2023010461227,2023,010461227,3,9,0,4,4,3,7,0,0,1,0,0,0,0,1,1,1,1,1,51,8,1580,8,5,HYUNDAI IONIQ,1,E01001562,0,-1
2023421272328,2023,421272328,2,9,0,9,9,1,7,0,0,1,1,0,3,3,3,1,6,6,2,41,7,1580,8,5,HYUNDAI IONIQ,7,E01021952,0,-1
2023010438895,2023,010438895,3,9,0,18,19,4,8,0,0,0,0,0,0,0,2,1,1,1,1,45,7,-1,3,2,HYUNDAI IONIQ,4,E01001233,0,-1
2023061338135,2023,061338135,2,8,0,4,4,6,2,0,0,0,0,0,0,0,2,1,1,1,1,34,6,1580,8,5,HYUNDAI IONIQ,3,E01005498,0,-1
2023070711149,2023,070711149,2,9,0,4,4,5,1,0,0,0,0,0,0,0,2,1,6,6,1,63,9,1580,8,2,HYUNDAI IONIQ,4,E01029090,0,-1
2023461384628,2023,461384628,1,9,0,13,13,6,2,9,9,1,1,0,3,2,1,1,1,1,1,31,6,1580,8,4,HYUNDAI IONIQ,1,E01033632,0,-1
2023010434158,2023,010434158,2,9,0,18,19,7,3,0,0,0,0,0,0,0,2,1,6,6,3,-1,-1,1580,8,5,HYUNDAI IONIQ,2,E01004201,0,-1
2023010446866,2023,010446866,1,9,0,18,19,7,3,0,0,1,0,0,0,0,1,1,6,6,2,35,6,-1,3,0,HYUNDAI IONIQ,2,E01004001,0,-1
2023361328782,2023,361328782,1,9,0,12,12,7,3,0,0,0,0,0,7,0,1,1,6,6,1,34,6,1580,8,1,HYUNDAI IONIQ,1,E01030277,0,-1
2023010422126,2023,010422126,1,8,0,14,14,5,1,0,0,0,0,0,0,0,1,1,1,1,1,41,7,1580,8,5,HYUNDAI IONIQ,7,E01002538,0,-1
2023141320886,2023,141320886,1,9,0,18,19,2,6,0,0,1,0,0,0,0,4,1,3,7,2,34,6,1580,8,5,HYUNDAI IONIQ,1,E01007626,0,-1
2023052301243,2023,052301243,1,9,0,18,19,1,5,0,0,1,0,0,0,0,1,1,1,1,1,37,7,1580,8,6,HYUNDAI IONIQ,3,E01025237,0,-1
2023991372758,2023,991372758,1,9,0,7,7,8,3,0,0,0,0,0,0,0,3,1,1,1,1,27,6,1580,8,2,HYUNDAI IONIQ,1,-1,0,-1
2023451294617,2023,451294617,3,9,0,18,19,1,5,0,0,0,0,0,0,0,2,1,5,6,1,53,8,1580,8,5,HYUNDAI IONIQ,5,E01030981,0,-1
2023302301308,2023,302301308,1,9,0,8,8,6,8,0,0,1,0,0,0,0,1,1,1,1,3,-1,-1,1580,8,6,HYUNDAI IONIQ,5,E01019456,0,-1
2023440097474,2023,440097474,3,9,0,3,3,4,8,0,0,1,0,0,0,0,2,1,1,1,1,43,7,1580,8,5,HYUNDAI IONIQ,2,E01017272,0,-1
2023010479084,2023,010479084,2,9,0,99,99,9,9,99,99,9,9,99,9,99,1,9,6,6,3,-1,-1,1580,8,6,HYUNDAI IONIQ,-1,-1,0,-1
2023010484712,2023,010484712,1,8,0,9,9,3,8,0,0,8,0,0,0,0,3,1,1,1,1,42,7,1580,8,5,HYUNDAI IONIQ,4,E01001974,0,-1
2023351343789,2023,351343789,2,8,0,18,19,-1,-1,0,0,8,0,0,0,0,1,1,1,1,1,39,7,1580,8,6,HYUNDAI IONIQ,2,E01015680,0,-1
2023052302946,2023,052302946,1,9,0,18,19,1,5,0,0,0,0,0,0,0,1,1,1,1,3,-1,-1,1580,8,2,HYUNDAI IONIQ,-1,-1,0,-1
2023052300547,2023,052300547,2,9,0,18,19,5,1,0,0,0,0,0,0,0,1,1,1,1,1,61,9,1580,8,3,HYUNDAI IONIQ,1,E01007119,0,-1
2023010440797,2023,010440797,1,9,0,9,9,6,3,0,0,1,0,0,0,0,3,1,6,6,1,54,8,1580,8,2,HYUNDAI IONIQ,2,E01003338,0,-1
2023141340471,2023,141340471,1,9,0,9,9,8,5,0,0,2,0,0,0,0,3,1,5,6,1,56,9,1580,8,2,HYUNDAI IONIQ,4,E01007460,0,-1
2023141325458,2023,141325458,1,9,0,16,19,7,3,0,0,0,0,0,0,0,3,1,5,6,2,48,8,1580,8,1,HYUNDAI IONIQ,1,E01008124,0,-1
2023061267150,2023,061267150,1,9,0,18,19,4,8,0,0,1,0,0,0,0,1,1,6,6,1,30,6,1580,8,5,HYUNDAI IONIQ,-1,-1,0,-1
2023041391526,2023,041391526,1,9,0,18,19,3,7,0,0,1,0,0,0,0,3,1,6,6,2,33,6,-1,3,1,HYUNDAI IONIQ,5,E01024954,0,-1
2023522301638,2023,522301638,1,8,0,18,19,5,1,2,2,8,0,0,0,0,1,1,1,1,1,30,6,1580,8,4,HYUNDAI IONIQ,3,E01014646,0,-1
2023010482949,2023,010482949,1,9,0,18,19,3,7,0,0,1,0,0,0,0,1,1,6,6,3,-1,-1,1580,8,5,HYUNDAI IONIQ,-1,-1,0,-1
2023010436330,2023,010436330,2,9,0,9,9,6,4,0,0,8,0,0,0,0,3,1,6,6,1,57,9,1580,8,1,HYUNDAI IONIQ,7,E01000339,0,-1
2023010462730,2023,010462730,1,8,0,9,9,3,8,0,0,1,0,0,0,0,1,1,1,1,1,51,8,1580,8,5,HYUNDAI IONIQ,1,E01001562,0,-1
2023991305977,2023,991305977,2,8,0,9,9,1,7,0,0,6,0,0,0,0,4,1,5,6,1,32,6,1580,8,4,HYUNDAI IONIQ,10,-1,0,-1
2023991378922,2023,991378922,2,9,0,4,4,3,7,0,0,4,0,0,0,0,2,1,5,6,1,50,8,-1,3,0,HYUNDAI IONIQ,3,-1,0,-1
2023010429823,2023,010429823,1,9,0,3,3,1,5,0,0,0,0,0,0,0,2,9,6,6,3,42,7,1580,8,6,HYUNDAI IONIQ,2,E01000901,0,-1
2023361306933,2023,361306933,1,9,0,18,19,2,6,0,0,0,0,0,0,0,1,1,5,6,1,35,6,1580,8,6,HYUNDAI IONIQ,7,E01030096,0,-1
2023010426278,2023,010426278,1,9,0,18,19,1,5,0,0,0,0,0,0,0,1,1,3,7,1,42,7,1580,8,5,HYUNDAI IONIQ,-1,-1,0,-1
2023221267743,2023,221267743,2,8,0,18,19,4,8,0,0,0,0,0,0,0,1,1,1,1,1,44,7,1580,8,2,HYUNDAI IONIQ,2,E01010343,0,-1
2023440315196,2023,440315196,2,9,0,18,19,6,2,0,0,1,0,0,0,0,1,1,6,6,1,45,7,1580,8,2,HYUNDAI IONIQ,3,E01017052,0,-1
2023061325967,2023,061325967,2,9,0,18,19,7,3,0,0,8,0,0,0,0,2,1,5,6,1,48,8,-1,3,0,HYUNDAI IONIQ,5,E01005990,0,-1
2023411363790,2023,411363790,2,9,0,3,3,-1,-1,0,0,1,0,0,0,0,2,1,3,7,1,35,6,1580,8,6,HYUNDAI IONIQ,6,E01023929,0,-1
2023010446485,2023,010446485,2,9,0,99,99,9,9,99,99,9,9,99,9,99,1,9,6,6,3,-1,-1,-1,3,1,HYUNDAI IONIQ,-1,-1,0,-1
2023010455934,2023,010455934,2,9,0,99,99,9,9,99,99,9,9,99,9,99,2,9,6,6,3,-1,-1,1580,8,3,HYUNDAI IONIQ,-1,-1,0,-1
2023010476423,2023,010476423,2,9,9,99,99,9,9,99,99,0,9,99,9,99,9,9,6,6,3,-1,-1,1580,8,5,HYUNDAI IONIQ,-1,-1,0,-1
2023201389654,2023,201389654,2,9,0,3,3,6,2,0,0,0,0,0,0,0,2,1,2,2,2,58,9,1580,8,4,HYUNDAI IONIQ,2,E01010555,0,-1
2023052300590,2023,052300590,1,8,0,9,9,1,8,0,0,1,0,0,3,11,3,1,1,1,1,27,6,1580,8,4,HYUNDAI IONIQ,1,E01006556,0,-1
2023440065871,2023,440065871,1,9,0,18,19,2,6,0,0,1,0,0,0,0,1,1,2,2,2,30,6,-1,3,4,HYUNDAI IONIQ,5,E01022579,0,-1
2023311270208,2023,311270208,1,9,0,5,5,1,1,0,0,2,0,0,0,0,0,1,1,1,1,70,10,1580,8,4,HYUNDAI IONIQ,2,E01028186,0,-1
2023461395891,2023,461395891,2,9,0,9,9,1,7,0,0,8,0,0,0,0,2,1,6,6,1,36,7,1580,8,4,HYUNDAI IONIQ,3,E01016020,0,-1
2023010426704,2023,010426704,2,9,0,2,2,0,0,0,0,0,0,0,0,0,1,1,6,6,3,-1,-1,1580,8,5,HYUNDAI IONIQ,-1,-1,0,-1
2023430359916,2023,430359916,1,9,0,4,4,8,4,0,0,0,0,0,0,0,1,1,6,6,1,46,8,1580,8,6,HYUNDAI IONIQ,9,E01017676,0,-1
2023351298803,2023,351298803,1,9,0,18,19,1,5,0,0,1,0,0,0,0,1,1,6,6,2,53,8,1580,8,3,HYUNDAI IONIQ,10,E01018305,0,-1
2023351344744,2023,351344744,2,9,-1,-1,-1,-1,-1,-1,-1,-1,-1,-1,-1,0,-1,1,6,6,1,37,7,1580,8,5,HYUNDAI IONIQ,3,E01017971,0,-1
2023010476356,2023,010476356,1,9,0,5,5,4,8,0,0,6,0,0,0,0,1,1,6,6,3,-1,-1,1580,8,3,HYUNDAI IONIQ,-1,-1,0,-1
2023471307530,2023,471307530,2,9,0,18,19,8,4,0,0,1,0,0,0,0,1,1,5,6,2,59,9,1580,8,4,HYUNDAI IONIQ,9,E01031829,0,-1
2023131301242,2023,131301242,1,9,0,18,19,1,5,0,0,0,0,0,0,0,1,1,1,1,1,53,8,1580,8,6,HYUNDAI IONIQ,1,E01010832,0,-1
2023052302647,2023,052302647,2,9,0,18,19,7,3,0,0,8,0,0,0,0,3,1,6,6,1,50,8,1580,8,5,HYUNDAI IONIQ,1,E01007127,0,-1
2023481380311,2023,481380311,1,8,0,1,1,1,5,0,0,0,0,0,0,0,2,1,1,1,1,45,7,1580,8,6,HYUNDAI IONIQ,-1,-1,0,-1
2023052302765,2023,052302765,1,8,0,9,9,6,4,0,0,6,0,0,0,0,1,1,1,1,1,50,8,1580,8,2,HYUNDAI IONIQ,2,E01007176,0,-1
2023361375160,2023,361375160,2,8,0,18,19,3,7,0,0,8,0,0,0,0,-1,1,1,1,1,32,6,1580,8,4,HYUNDAI IONIQ,1,E01026819,0,-1
2023101267637,2023,101267637,2,9,0,18,19,7,3,0,0,0,0,0,1,0,2,1,5,6,1,69,10,-1,3,1,HYUNDAI IONIQ,10,E01027507,0,-1
2023131380980,2023,131380980,1,9,0,1,1,5,3,0,0,8,0,0,0,0,2,1,1,1,1,28,6,1580,8,6,HYUNDAI IONIQ,2,E01010930,0,-1
2023010437397,2023,010437397,1,9,0,99,99,9,9,99,99,9,9,99,9,99,1,9,1,1,1,35,6,-1,3,3,HYUNDAI IONIQ,6,E01001065,0,-1
2023010422635,2023,010422635,2,9,0,99,99,9,9,99,99,9,9,99,9,99,0,9,6,6,3,-1,-1,1580,8,6,HYUNDAI IONIQ,-1,-1,0,-1
2023401389659,2023,401389659,1,8,0,5,5,3,7,0,0,1,0,0,0,0,1,1,1,1,1,26,6,1580,8,4,HYUNDAI IONIQ,1,E01017466,0,-1
2023201385500,2023,201385500,1,9,0,18,19,4,8,0,0,1,0,0,0,0,1,1,6,6,1,40,7,1580,8,6,HYUNDAI IONIQ,1,E01009201,0,-1
2023052302486,2023,052302486,2,8,0,18,19,1,7,0,0,5,0,0,1,10,1,1,1,1,1,28,6,1580,8,4,HYUNDAI IONIQ,1,E01006556,0,-1
2023010431266,2023,010431266,1,9,0,99,99,9,9,99,99,9,9,99,9,99,2,9,1,1,1,34,6,1580,8,5,HYUNDAI IONIQ,3,E01003609,0,-1
2023010470690,2023,010470690,3,9,0,3,3,1,5,0,0,0,0,0,0,0,1,1,1,1,1,32,6,1580,8,5,HYUNDAI IONIQ,3,E01000108,0,-1
2023131370752,2023,131370752,2,9,0,9,9,3,7,0,0,0,0,0,7,11,3,1,1,1,1,51,8,1580,8,5,HYUNDAI IONIQ,1,E01011138,0,-1
2023522401028,2023,522401028,1,8,0,6,6,5,5,2,2,2,0,0,0,0,3,1,6,6,1,37,7,1580,8,4,HYUNDAI IONIQ,2,E01014977,0,-1
2023131359164,2023,131359164,2,9,0,18,19,5,1,0,0,0,0,0,0,0,2,1,1,1,1,43,7,1580,8,5,HYUNDAI IONIQ,2,E01010930,0,-1
2023461282553,2023,461282553,2,9,0,18,19,3,7,0,0,8,0,0,0,0,1,1,6,6,1,59,9,-1,3,2,HYUNDAI IONIQ,3,E01024529,0,-1
2023010429633,2023,010429633,2,9,0,99,99,9,9,99,99,9,9,99,9,99,1,9,6,6,3,-1,-1,1580,8,5,HYUNDAI IONIQ,1,E01002755,0,-1
202354D640723,2023,54D640723,1,9,0,7,7,2,5,0,0,8,0,0,0,0,1,1,6,6,1,63,9,-1,3,1,HYUNDAI IONIQ,1,E01015575,0,-1
2023471291856,2023,471291856,2,9,0,18,19,5,1,0,0,2,0,0,0,0,4,1,1,1,1,65,9,1580,8,5,HYUNDAI IONIQ,4,E01016882,0,-1
2023010419418,2023,010419418,2,9,0,99,99,9,9,99,99,9,9,99,9,99,9,9,6,6,3,-1,-1,1580,8,3,HYUNDAI IONIQ,-1,-1,0,-1
2023401386675,2023,401386675,1,9,0,18,19,-1,-1,0,0,0,0,0,0,0,1,1,6,6,1,51,8,1580,8,5,HYUNDAI IONIQ,4,E01015782,0,-1
2023451296182,2023,451296182,2,9,0,3,3,1,5,0,0,0,0,0,0,0,1,1,6,6,1,45,7,1580,8,5,HYUNDAI IONIQ,-1,-1,0,-1
2023991319618,2023,991319618,1,8,0,3,3,4,2,0,0,1,0,0,0,0,4,1,6,6,1,36,7,1580,8,5,HYUNDAI IONIQ,-1,-1,0,-1
2023161358978,2023,161358978,1,9,0,4,4,5,1,0,0,0,1,0,0,0,3,1,5,6,2,51,8,1580,8,2,HYUNDAI IONIQ,1,E01013222,0,-1
2023122300542,2023,122300542,3,9,0,18,19,2,6,0,0,0,0,0,0,0,2,1,6,6,2,38,7,-1,3,2,HYUNDAI IONIQ,10,E01011570,0,-1
2023411374711,2023,411374711,3,9,0,4,4,1,5,0,0,2,0,0,0,0,1,1,5,6,1,56,9,1580,8,2,HYUNDAI IONIQ,7,E01017510,0,-1
2023440189054,2023,440189054,1,9,0,9,9,4,2,0,0,6,0,0,0,0,3,1,2,2,1,30,6,1580,8,2,HYUNDAI IONIQ,9,E01017252,0,-1
2023010432920,2023,010432920,1,9,0,99,99,9,9,99,99,9,9,99,9,99,9,9,6,6,1,32,6,1580,8,6,HYUNDAI IONIQ,2,E01001491,0,-1
2023061390511,2023,061390511,1,9,-1,-1,-1,-1,-1,-1,-1,0,-1,-1,-1,0,-1,1,6,6,3,-1,-1,1580,8,4,HYUNDAI IONIQ,3,E01005249,0,-1
2023201284718,2023,201284718,1,9,0,18,19,4,8,0,0,6,0,10,1,0,3,1,6,6,2,38,7,1580,8,4,HYUNDAI IONIQ,2,E01009516,0,-1
2023991271811,2023,991271811,1,9,0,9,9,6,4,0,0,1,0,0,0,0,1,1,6,6,1,63,9,1580,8,2,HYUNDAI IONIQ,-1,-1,0,-1
2023522300879,2023,522300879,1,8,0,1,1,6,2,0,0,8,0,0,0,0,2,1,6,6,1,-1,-1,1580,8,2,HYUNDAI IONIQ,-1,-1,0,-1
2023991268990,2023,991268990,1,8,0,5,5,1,1,0,0,1,0,0,0,0,3,1,1,1,1,44,7,1580,8,6,HYUNDAI IONIQ,2,-1,0,-1
2023451326709,2023,451326709,1,9,0,9,9,2,3,0,0,4,0,0,0,0,1,1,1,1,1,29,6,-1,3,2,HYUNDAI IONIQ,3,E01000092,0,-1
2023010430326,2023,010430326,2,9,0,18,19,7,3,0,0,1,0,0,0,0,9,9,6,6,2,-1,-1,-1,3,3,HYUNDAI IONIQ,3,E01003539,0,-1
2023411376937,2023,411376937,1,9,0,1,1,1,5,0,0,0,0,0,0,0,2,1,1,1,1,41,7,1580,8,4,HYUNDAI IONIQ,5,E01023904,0,-1
2023544114823,2023,544114823,2,9,0,3,3,4,8,0,0,7,0,0,0,0,2,1,2,2,2,39,7,-1,3,6,HYUNDAI IONIQ,10,E01031924,0,-1
2023401305164,2023,401305164,2,8,0,3,3,-1,-1,0,0,1,0,0,0,0,2,1,1,1,1,51,8,1580,8,4,HYUNDAI IONIQ,3,E01015751,0,-1
2023010438714,2023,010438714,2,8,0,99,99,9,9,99,99,9,9,99,9,99,9,9,6,6,3,34,6,-1,3,2,HYUNDAI IONIQ,8,E01001470,0,-1
2023061338976,2023,061338976,1,8,0,18,19,6,2,0,0,0,0,0,0,0,1,1,1,1,1,59,9,1580,8,3,HYUNDAI IONIQ,3,E01005218,0,-1
2023201294399,2023,201294399,1,9,0,18,19,2,6,0,0,1,0,7,7,3,1,1,6,6,3,49,8,1580,8,2,HYUNDAI IONIQ,8,E01009468,0,-1
2023440308802,2023,440308802,1,9,0,18,19,5,1,0,0,0,0,0,0,0,1,1,6,6,1,46,8,-1,3,2,HYUNDAI IONIQ,10,E01023112,0,-1
2023471259898,2023,471259898,2,9,0,18,19,3,7,6,6,0,0,0,0,0,2,1,1,1,2,69,10,1580,8,6,HYUNDAI IONIQ,6,E01017009,0,-1
2023010449388,2023,010449388,2,9,0,99,99,9,9,99,99,9,9,99,9,99,1,9,6,6,3,39,7,1580,8,3,HYUNDAI IONIQ,4,W01001410,0,-1
2023010438267,2023,010438267,1,9,0,4,4,3,7,0,0,1,0,0,0,0,2,1,1,1,1,34,6,1580,8,3,HYUNDAI IONIQ,2,E01001830,0,-1
2023010474161,2023,010474161,1,9,0,3,3,3,7,0,0,0,0,0,0,0,4,1,1,1,1,35,6,1580,8,6,HYUNDAI IONIQ,3,E01001203,0,-1
2023471304286,2023,471304286,1,9,0,18,19,-1,-1,0,0,0,0,0,0,0,1,1,6,6,1,63,9,1580,8,6,HYUNDAI IONIQ,1,E01016866,0,-1
2023471306839,2023,471306839,1,9,0,6,6,2,2,0,0,0,0,0,0,0,3,1,1,1,1,46,8,1580,8,6,HYUNDAI IONIQ,8,E01031356,0,-1
2023041384324,2023,041384324,1,9,0,9,9,1,3,0,0,8,0,0,0,0,4,1,1,1,1,29,6,1580,8,4,HYUNDAI IONIQ,1,E01025083,0,-1
2023991370478,2023,991370478,2,8,0,18,19,1,5,0,0,8,0,0,0,0,1,1,1,1,1,48,8,1580,8,5,HYUNDAI IONIQ,9,-1,0,-1
2023430287623,2023,430287623,1,9,0,9,9,3,8,0,0,6,0,0,0,0,4,1,6,6,1,76,11,1580,8,6,HYUNDAI IONIQ,10,E01017755,0,-1
2023041447796,2023,041447796,2,9,0,9,9,2,6,0,0,6,0,0,0,0,1,1,1,1,1,51,8,1580,8,4,HYUNDAI IONIQ,1,E01025230,0,-1
2023361366570,2023,361366570,1,9,0,5,5,5,1,0,0,8,0,0,0,0,1,1,5,6,1,40,7,-1,3,1,HYUNDAI IONIQ,10,E01026838,0,-1
2023461311256,2023,461311256,1,8,0,5,5,1,5,0,0,0,0,0,0,0,0,1,1,1,1,-1,-1,1580,8,0,HYUNDAI IONIQ,2,E01016040,0,-1
2023201289079,2023,201289079,1,9,0,18,19,8,4,0,0,0,0,0,0,0,1,1,1,1,1,-1,-1,1580,8,2,HYUNDAI IONIQ,-1,-1,0,-1
2023010466298,2023,010466298,2,9,0,99,99,9,9,99,99,9,9,99,9,99,1,9,6,6,3,31,6,1580,8,6,HYUNDAI IONIQ,4,E01000155,0,-1
2023061341558,2023,061341558,1,9,0,13,13,7,3,0,0,1,0,0,0,0,1,1,6,6,1,-1,-1,1580,8,4,HYUNDAI IONIQ,-1,-1,0,-1
2023451284878,2023,451284878,1,9,0,4,4,6,2,0,0,0,0,0,0,0,2,1,1,1,1,36,7,1580,8,4,HYUNDAI IONIQ,5,E01030974,0,-1
2023010427286,2023,010427286,2,9,0,99,99,9,9,99,99,9,9,99,9,99,1,9,6,6,3,-1,-1,-1,3,3,HYUNDAI IONIQ,-1,-1,0,-1
2023010458837,2023,010458837,2,9,0,99,99,9,9,99,99,9,9,99,9,99,1,9,6,6,3,-1,-1,-1,3,1,HYUNDAI IONIQ,-1,-1,0,-1
2023010431921,2023,010431921,2,9,0,18,19,7,3,0,0,1,0,0,0,0,1,1,6,6,1,-1,-1,1580,8,3,HYUNDAI IONIQ,-1,-1,0,-1
2023010479446,2023,010479446,2,9,0,99,99,9,9,99,99,9,9,99,9,99,9,9,6,6,3,-1,-1,1580,8,5,HYUNDAI IONIQ,-1,-1,0,-1
2023161314237,2023,161314237,1,9,0,18,19,6,2,0,0,8,0,0,0,0,1,1,1,1,1,33,6,1580,8,5,HYUNDAI IONIQ,1,E01012809,0,-1
2023052300596,2023,052300596,2,8,0,4,4,1,5,0,0,0,0,0,0,0,2,1,6,6,1,59,9,1580,8,2,HYUNDAI IONIQ,-1,-1,0,-1
2023131355329,2023,131355329,1,9,0,9,9,5,1,0,0,0,0,0,0,0,4,1,1,1,1,32,6,1580,8,7,HYUNDAI IONIQ,7,E01011878,0,-1
2023010447004,2023,010447004,1,8,0,99,99,9,9,99,99,0,9,99,9,99,2,9,1,1,1,41,7,1580,8,6,HYUNDAI IONIQ,9,E01002164,0,-1
2023010419754,2023,010419754,2,9,0,99,99,9,9,99,99,9,9,99,9,99,9,9,6,6,3,42,7,1580,8,4,HYUNDAI IONIQ,8,E01000204,0,-1
2023302300325,2023,302300325,2,9,0,17,19,6,4,0,0,0,0,0,0,0,3,1,6,6,2,36,7,-1,3,3,HYUNDAI IONIQ,3,E01019437,0,-1