collision_index,collision_year,collision_ref_no,vehicle_reference,vehicle_type,towing_and_articulation,vehicle_manoeuvre_historic,vehicle_manoeuvre,vehicle_direction_from,vehicle_direction_to,vehicle_location_restricted_lane_historic,vehicle_location_restricted_lane,junction_location,skidding_and_overturning,hit_object_in_carriageway,vehicle_leaving_carriageway,hit_object_off_carriageway,first_point_of_impact,vehicle_left_hand_drive,journey_purpose_of_driver_historic,journey_purpose_of_driver,sex_of_driver,age_of_driver,age_band_of_driver,engine_capacity_cc,propulsion_code,age_of_vehicle,generic_make_model,driver_imd_decile,lsoa_of_driver,escooter_flag,driver_distance_banding
2023332300713,2023,332300713,1,8,0,12,12,5,1,0,0,1,0,0,4,0,1,1,6,6,1,32,6,1580,8,6,HYUNDAI IONIQ,2,E01013774,0,-1
2023010422151,2023,010422151,1,8,0,9,9,5,2,1,1,8,0,0,0,0,0,1,3,7,1,40,7,1580,8,2,HYUNDAI IONIQ,5,E01000520,0,-1
2023010470333,2023,010470333,1,9,0,9,9,7,5,0,0,6,0,0,0,0,1,1,6,6,1,44,7,1580,8,5,HYUNDAI IONIQ,4,E01000799,0,-1
2023010424075,2023,010424075,1,9,0,99,99,9,9,99,99,9,9,99,9,99,9,9,6,6,1,41,7,1580,8,6,HYUNDAI IONIQ,4,E01001463,0,-1
2023991267922,2023,991267922,2,8,0,3,3,6,2,0,0,1,0,0,0,0,2,1,1,1,1,53,8,1580,8,3,HYUNDAI IONIQ,10,-1,0,-1
2023411288444,2023,411288444,2,8,0,3,3,-1,-1,0,0,4,0,0,0,0,2,1,1,1,1,49,8,1580,8,5,HYUNDAI IONIQ,7,E01023398,0,-1
2023131265669,2023,131265669,2,9,0,18,19,1,7,0,0,8,0,0,0,0,3,2,1,1,1,59,9,1580,8,6,HYUNDAI IONIQ,6,E01011517,0,-1
2023010461914,2023,010461914,1,8,0,3,3,5,1,0,0,1,0,0,1,0,3,1,1,1,1,53,8,-1,3,3,HYUNDAI IONIQ,3,E01001638,0,-1
2023461276846,2023,461276846,1,9,0,-1,-1,-1,-1,-1,-1,0,-1,-1,-1,0,1,1,6,6,1,65,9,1580,8,4,HYUNDAI IONIQ,10,E01024326,0,-1
2023010433733,2023,010433733,1,9,0,9,9,7,6,0,0,1,0,0,0,0,4,1,1,1,1,43,7,1580,8,2,HYUNDAI IONIQ,7,E01001304,0,-1
2023010447859,2023,010447859,2,9,0,18,19,5,1,0,0,1,0,0,0,0,0,1,1,1,1,39,7,1580,8,5,HYUNDAI IONIQ,2,E01001830,0,-1
2023010430842,2023,010430842,1,9,0,4,4,1,5,0,0,2,0,0,0,0,1,1,1,1,1,44,7,1580,8,3,HYUNDAI IONIQ,3,E01017568,0,-1
2023131302816,2023,131302816,2,9,0,7,7,3,1,0,0,5,0,0,0,0,2,1,6,6,1,38,7,1580,8,5,HYUNDAI IONIQ,1,E01011429,0,-1
2023010459993,2023,010459993,2,9,0,5,5,5,1,0,0,4,0,0,0,0,1,1,6,6,3,-1,-1,1580,8,6,HYUNDAI IONIQ,-1,-1,0,-1
2023610004323,2023,610004323,1,9,0,18,19,6,2,0,0,5,0,0,0,0,1,1,6,6,2,70,10,1580,8,2,HYUNDAI IONIQ,4,W01001605,0,-1
2023471374150,2023,471374150,2,9,0,18,19,7,3,0,0,0,0,0,1,0,3,1,5,6,1,69,10,-1,3,3,HYUNDAI IONIQ,4,E01026679,0,-1
2023041305391,2023,041305391,1,9,0,7,7,7,3,0,0,1,0,0,0,0,4,1,1,1,1,53,8,1580,8,4,HYUNDAI IONIQ,2,E01012579,0,-1
2023991293418,2023,991293418,1,5,0,16,19,2,6,0,0,8,2,0,7,11,1,1,5,6,1,33,6,942,1,16,-1,8,-1,0,-1
2023501314376,2023,501314376,2,5,0,18,19,3,8,0,0,1,0,0,0,0,2,1,6,6,1,60,9,942,1,16,-1,5,E01020259,0,-1
2023041381034,2023,041381034,2,9,0,18,19,7,1,0,0,0,1,0,0,0,1,1,5,6,2,19,4,1497,2,8,MAZDA CX-3,9,E01024983,0,-1
2023101308858,2023,101308858,2,9,0,18,19,7,3,0,0,0,0,0,0,0,1,1,5,6,1,61,9,1998,1,4,MAZDA CX-3,10,E01027494,0,-1
2023541291823,2023,541291823,2,9,0,18,19,7,3,0,0,2,0,0,0,0,1,1,6,6,1,48,8,1497,2,8,MAZDA CX-3,8,E01029148,0,-1
2023052302598,2023,052302598,2,9,0,18,19,7,3,0,0,3,0,0,0,0,2,1,6,6,2,70,10,1998,1,4,MAZDA CX-3,3,E01007178,0,-1
2023401354224,2023,401354224,2,9,0,8,8,5,7,0,0,1,0,0,0,0,2,1,5,6,2,28,6,1998,1,4,MAZDA CX-3,9,E01017450,0,-1
2023070515515,2023,070515515,1,9,0,17,19,1,1,0,0,1,5,0,0,11,1,1,6,6,2,80,11,1998,1,8,MAZDA CX-3,9,E01012502,0,-1
2023541271023,2023,541271023,2,9,0,18,19,8,4,0,0,8,0,0,0,0,1,1,6,6,2,40,7,1998,1,4,MAZDA CX-3,9,E01031870,0,-1
2023061338195,2023,061338195,1,9,0,18,19,5,1,0,0,0,0,0,0,0,1,1,5,6,1,21,5,1998,1,8,MAZDA CX-3,3,E01008138,0,-1
2023010439261,2023,010439261,1,9,0,99,99,9,9,99,99,0,9,99,9,99,1,9,6,6,2,22,5,1998,1,4,MAZDA CX-3,4,E01001061,0,-1
2023041348959,2023,041348959,1,9,0,5,5,1,5,0,0,1,0,0,0,0,4,1,5,6,1,63,9,1998,1,7,MAZDA CX-3,10,E01024963,0,-1
2023991376417,2023,991376417,1,9,0,9,9,5,2,0,0,8,0,0,7,9,1,1,5,6,2,38,7,1998,1,5,MAZDA CX-3,2,-1,0,-1
2023010460460,2023,010460460,1,9,0,99,99,9,9,99,99,9,9,99,9,99,1,9,6,6,1,35,6,1998,1,6,MAZDA CX-3,10,E01000353,0,-1
2023101339413,2023,101339413,2,9,0,18,19,5,1,0,0,0,0,0,0,0,1,1,5,6,1,35,6,1998,1,4,MAZDA CX-3,9,E01027410,0,-1
2023302300736,2023,302300736,1,9,0,7,7,8,1,0,0,1,0,0,0,0,4,1,1,1,1,27,6,1998,1,8,MAZDA CX-3,2,E01013569,0,-1
2023361341353,2023,361341353,2,9,0,3,3,7,3,0,0,0,0,0,0,0,2,1,5,6,2,30,6,1497,2,7,MAZDA CX-3,4,E01026445,0,-1
2023430416061,2023,430416061,2,9,0,18,19,7,4,0,0,8,0,0,0,0,4,1,6,6,2,77,11,1998,1,6,MAZDA CX-3,9,E01017744,0,-1
2023070260055,2023,070260055,1,9,0,16,19,3,7,0,0,0,0,0,0,0,1,1,3,7,2,44,7,1998,1,7,MAZDA CX-3,9,E01018381,0,-1
2023440290591,2023,440290591,1,9,0,18,19,8,4,0,0,1,0,0,0,0,1,1,6,6,1,66,10,1998,1,6,MAZDA CX-3,8,E01022992,0,-1
202363D017723,2023,63D017723,1,9,0,17,19,6,3,0,0,2,0,0,1,11,1,1,6,6,2,79,11,1998,1,4,MAZDA CX-3,4,E01028978,0,-1
2023991353735,2023,991353735,2,9,0,5,5,5,8,0,0,1,0,0,0,0,1,1,6,6,1,52,8,1998,1,8,MAZDA CX-3,-1,-1,0,-1
2023501278900,2023,501278900,1,9,0,18,19,1,5,0,0,1,0,0,0,0,1,1,6,6,1,-1,-1,1998,1,4,MAZDA CX-3,3,E01019028,0,-1
2023101369270,2023,101369270,2,9,0,3,3,4,8,0,0,8,0,0,0,0,2,1,6,6,1,31,6,1998,1,8,MAZDA CX-3,1,E01008542,0,-1
2023461383705,2023,461383705,1,9,0,13,13,5,3,0,0,0,0,0,0,0,1,1,6,6,1,54,8,1998,1,4,MAZDA CX-3,9,E01016172,0,-1
2023010458881,2023,010458881,1,9,0,99,99,9,9,0,0,9,0,99,9,99,9,9,6,6,3,54,8,1998,1,4,MAZDA CX-3,7,E01001600,0,-1
2023520400953,2023,520400953,1,9,0,18,19,7,1,0,0,1,0,0,0,0,1,1,6,6,1,51,8,1998,1,7,MAZDA CX-3,10,E01029303,0,-1
2023170M10243,2023,170M10243,1,9,0,18,19,7,3,0,0,8,0,0,0,0,1,1,2,2,1,39,7,1998,1,8,MAZDA CX-3,9,E01012232,0,-1
2023131286550,2023,131286550,1,9,0,16,19,3,7,0,0,0,0,0,0,0,1,1,5,6,1,83,11,1998,1,5,MAZDA CX-3,4,E01011727,0,-1
2023061341764,2023,061341764,1,9,0,7,7,1,3,0,0,6,0,0,0,0,1,1,6,6,2,77,11,1998,1,6,MAZDA CX-3,10,E01006192,0,-1
2023201311842,2023,201311842,3,9,0,18,19,1,5,0,0,0,0,0,0,0,4,1,6,6,2,45,7,1998,1,5,MAZDA CX-3,10,E01010172,0,-1
2023010421559,2023,010421559,1,9,0,99,99,9,9,99,99,9,9,99,9,99,2,9,6,6,1,47,8,1497,2,8,MAZDA CX-3,3,E01023954,0,-1
2023320149538,2023,320149538,1,9,0,3,3,8,4,0,0,0,0,0,0,0,3,1,3,7,2,38,7,1497,2,7,MAZDA CX-3,5,E01026018,0,-1
2023552300754,2023,552300754,1,9,0,18,19,8,4,0,0,0,0,0,0,0,1,1,6,6,2,50,8,1998,1,6,MAZDA CX-3,5,E01015380,0,-1
2023520400172,2023,520400172,1,9,0,4,4,5,1,0,0,0,0,0,0,0,0,1,6,6,1,78,11,1998,1,6,MAZDA CX-3,6,E01029219,0,-1
2023131352177,2023,131352177,1,9,0,18,19,1,5,0,0,0,0,0,0,0,3,1,5,6,2,66,10,1998,1,4,MAZDA CX-3,7,E01010933,0,-1
2023451322117,2023,451322117,2,9,0,18,19,7,3,0,0,0,0,0,0,0,2,1,5,6,1,56,9,1998,1,8,MAZDA CX-3,8,E01023132,0,-1
2023010477226,2023,010477226,1,9,0,6,6,5,5,0,0,2,0,0,0,0,3,1,6,6,2,31,6,1998,1,4,MAZDA CX-3,6,E01001563,0,-1
2023991393317,2023,991393317,1,9,0,9,9,2,7,0,0,1,0,0,0,0,1,1,5,6,1,34,6,1497,2,5,MAZDA CX-3,5,-1,0,-1
2023440287304,2023,440287304,1,9,0,9,9,2,8,0,0,6,0,0,0,0,3,1,6,6,2,34,6,1998,1,6,MAZDA CX-3,5,E01033229,0,-1
2023302300832,2023,302300832,1,9,0,1,1,6,8,0,0,1,0,0,0,0,2,1,6,6,1,26,6,1998,1,5,MAZDA CX-3,2,E01019842,0,-1
2023141366993,2023,141366993,1,9,0,9,9,7,5,0,0,2,0,0,0,0,3,1,5,6,2,53,8,1998,1,7,MAZDA CX-3,6,E01007585,0,-1
2023991263923,2023,991263923,1,9,0,5,5,5,8,0,0,8,0,0,0,0,1,1,5,6,2,44,7,1998,1,5,MAZDA CX-3,6,-1,0,-1
2023010447583,2023,010447583,2,9,0,99,99,9,9,99,99,9,9,99,0,0,9,9,6,6,3,27,6,1998,1,5,MAZDA CX-3,-1,-1,0,-1
2023552400119,2023,552400119,2,9,0,18,19,8,4,0,0,0,0,0,0,0,1,1,2,2,2,50,8,1497,2,6,MAZDA CX-3,-1,-1,0,-1
2023332300393,2023,332300393,1,9,0,10,10,3,1,0,0,1,0,0,0,0,2,1,2,2,1,50,8,1998,1,5,MAZDA CX-3,9,E01025731,0,-1
2023451342881,2023,451342881,4,9,0,3,3,6,2,0,0,0,1,0,0,0,2,1,5,6,1,63,9,2179,2,19,-1,4,E01024162,0,-1
2023340NN4132,2023,340NN4132,1,9,0,18,19,1,4,0,0,8,0,0,0,0,1,1,2,2,1,53,8,1997,2,16,-1,5,E01026287,0,-1
2023052300864,2023,052300864,2,90,0,18,19,2,6,0,0,0,5,0,1,0,4,1,6,6,1,33,6,952,1,1,-1,1,E01006698,0,-1
2023361365741,2023,361365741,1,3,0,18,19,1,5,9,9,0,1,4,0,0,1,1,5,6,1,26,6,144,1,11,-1,1,E01026662,0,-1
2023010486565,2023,010486565,1,9,0,5,5,7,3,0,0,2,0,0,0,0,2,1,6,6,1,25,5,1390,1,13,VOLKSWAGEN JETTA,2,E01002077,0,-1
2023010458505,2023,010458505,4,9,0,18,19,5,1,0,0,1,0,0,0,0,0,1,1,1,1,50,8,1598,1,16,VOLKSWAGEN JETTA,10,E01000697,0,-1
2023131289641,2023,131289641,3,9,0,3,3,6,2,0,0,1,0,0,0,0,1,1,6,6,1,35,6,1968,2,12,VOLKSWAGEN JETTA,1,E01010807,0,-1
2023991321785,2023,991321785,2,8,0,18,19,6,2,0,0,0,0,0,0,0,1,1,5,6,2,50,8,1968,2,6,-1,-1,-1,0,-1
2023010424755,2023,010424755,2,9,0,99,99,9,9,99,99,9,9,99,9,99,3,9,6,6,1,29,6,1598,2,8,VOLKSWAGEN JETTA,3,E01001546,0,-1
2023311373390,2023,311373390,1,9,0,7,7,7,4,0,0,5,0,0,5,0,1,1,5,6,2,38,7,1896,2,16,VOLKSWAGEN JETTA,7,E01013975,0,-1
2023522301639,2023,522301639,2,9,0,18,19,1,3,0,0,0,0,0,0,0,1,1,6,6,1,58,9,1896,2,17,VOLKSWAGEN JETTA,5,E01029066,0,-1
2023131325472,2023,131325472,1,9,0,18,19,5,1,0,0,0,0,0,0,0,4,1,5,6,1,40,7,1968,2,15,VOLKSWAGEN JETTA,1,E01010817,0,-1
2023320498179,2023,320498179,1,9,0,18,19,4,8,0,0,0,0,0,7,11,3,1,6,6,1,64,9,1968,2,7,VOLKSWAGEN JETTA,2,E01019761,0,-1
2023201426509,2023,201426509,1,9,0,18,19,5,1,0,0,0,0,4,0,0,1,1,6,6,2,56,9,1968,2,16,VOLKSWAGEN JETTA,1,E01009325,0,-1
2023131350076,2023,131350076,1,9,0,18,19,1,5,0,0,1,0,0,0,0,1,1,1,1,2,48,8,1968,2,16,VOLKSWAGEN JETTA,1,E01010677,0,-1
2023311301187,2023,311301187,275,9,0,5,5,5,1,0,0,0,0,0,0,0,1,1,1,1,1,36,7,1896,2,16,VOLKSWAGEN JETTA,7,E01028203,0,-1
2023070104172,2023,070104172,2,9,0,18,19,3,7,0,0,1,0,1,0,0,4,1,6,6,1,35,6,1968,2,10,VOLKSWAGEN JETTA,7,E01007222,0,-1
2023161365767,2023,161365767,2,8,0,18,19,2,6,0,0,1,0,0,0,0,4,1,5,6,1,51,8,1598,2,11,-1,-1,-1,0,-1
2023131377802,2023,131377802,1,9,0,4,4,4,8,0,0,8,0,0,0,0,2,1,6,6,2,47,8,1896,2,16,VOLKSWAGEN JETTA,3,E01010835,0,-1
2023991299021,2023,991299021,2,9,0,17,19,4,8,0,0,0,0,0,7,0,3,1,5,6,1,81,11,1598,2,9,VOLKSWAGEN JETTA,9,E01013407,0,-1
2023141265484,2023,141265484,1,9,0,18,19,8,4,0,0,2,0,0,0,0,1,1,5,6,1,31,6,1968,2,16,VOLKSWAGEN JETTA,4,E01007882,0,-1
2023461329248,2023,461329248,2,9,0,18,19,2,5,0,0,3,0,0,0,0,4,1,6,6,2,42,7,1968,2,17,VOLKSWAGEN JETTA,2,E01016068,0,-1
2023201415190,2023,201415190,2,9,0,4,4,2,6,0,0,6,0,0,0,0,3,1,6,6,1,22,5,1968,2,15,VOLKSWAGEN JETTA,2,E01009481,0,-1
2023451371134,2023,451371134,1,9,0,3,3,5,1,0,0,1,0,0,0,0,2,1,2,2,1,56,9,1390,1,13,VOLKSWAGEN JETTA,4,E01002596,0,-1
2023411324335,2023,411324335,2,9,0,3,3,-1,-1,0,0,4,0,0,0,0,2,1,2,2,2,38,7,1896,2,17,VOLKSWAGEN JETTA,9,E01023442,0,-1
2023010461325,2023,010461325,3,9,0,2,2,0,0,0,0,0,0,0,0,0,3,1,6,6,3,-1,-1,1968,2,8,VOLKSWAGEN JETTA,-1,-1,0,-1
2023430431431,2023,430431431,2,9,0,9,9,8,6,0,0,5,0,0,3,4,1,1,6,6,1,21,5,1968,2,15,VOLKSWAGEN JETTA,9,E01017767,0,-1
2023531364468,2023,531364468,1,9,0,18,19,7,3,0,0,1,0,0,0,0,4,1,6,6,1,23,5,1968,2,13,VOLKSWAGEN JETTA,4,E01022326,0,-1
2023361292032,2023,361292032,1,9,0,9,9,6,4,0,0,2,0,0,0,0,4,1,5,6,1,66,10,1968,2,13,VOLKSWAGEN JETTA,6,E01026797,0,-1
2023340NN1682,2023,340NN1682,1,9,0,9,9,7,3,9,9,8,0,0,1,11,1,1,6,6,1,21,5,1390,1,13,VOLKSWAGEN JETTA,9,E01027071,0,-1
2023010423679,2023,010423679,1,9,0,18,19,7,3,0,0,0,1,0,0,0,1,1,6,6,1,26,6,1968,2,16,VOLKSWAGEN JETTA,3,E01000089,0,-1
2023461353395,2023,461353395,2,9,0,3,3,3,7,0,0,0,0,0,0,0,2,1,6,6,2,42,7,1598,2,13,VOLKSWAGEN JETTA,4,E01024120,0,-1
2023131290539,2023,131290539,1,9,0,5,5,5,1,0,0,0,0,0,0,0,1,1,6,6,1,29,6,1896,2,17,VOLKSWAGEN JETTA,1,E01010666,0,-1
2023471376047,2023,471376047,1,9,0,18,19,5,1,0,0,1,0,0,0,0,1,1,6,6,2,39,7,1896,2,16,VOLKSWAGEN JETTA,3,E01031830,0,-1
2023141375671,2023,141375671,2,9,0,5,5,3,5,0,0,1,0,0,0,0,1,1,6,6,1,-1,-1,1598,2,9,VOLKSWAGEN JETTA,3,E01007744,0,-1
2023041362651,2023,041362651,3,9,0,2,2,0,0,0,0,2,0,0,0,0,2,1,6,6,3,-1,-1,1896,2,16,VOLKSWAGEN JETTA,-1,-1,0,-1
2023471294530,2023,471294530,1,9,0,4,4,6,2,0,0,0,0,0,0,0,4,1,5,6,1,32,6,1968,2,16,VOLKSWAGEN JETTA,5,E01031442,0,-1
2023010480371,2023,010480371,1,9,0,11,11,5,1,7,6,1,1,7,2,1,2,1,6,6,1,19,4,1968,2,16,VOLKSWAGEN JETTA,-1,-1,0,-1
2023131306853,2023,131306853,1,9,0,9,9,8,5,0,0,8,0,0,1,11,1,1,6,6,1,24,5,1598,2,12,VOLKSWAGEN JETTA,1,E01010802,0,-1
2023991302599,2023,991302599,1,9,0,18,19,3,7,0,0,0,0,0,0,0,1,1,6,6,1,37,7,1968,2,7,VOLKSWAGEN JETTA,2,-1,0,-1
2023010454797,2023,010454797,1,9,0,5,5,4,8,0,0,2,0,0,0,0,3,1,6,6,1,36,7,1968,2,9,VOLKSWAGEN JETTA,6,E01004724,0,-1
2023371388140,2023,371388140,1,9,0,4,4,5,-1,0,0,1,0,0,0,0,4,1,1,1,2,25,5,1896,2,16,VOLKSWAGEN JETTA,10,E01033444,0,-1
2023320585247,2023,320585247,1,9,0,18,19,8,4,0,0,1,1,0,1,4,1,1,6,6,1,50,8,1984,1,16,VOLKSWAGEN JETTA,6,E01018106,0,-1
2023141390579,2023,141390579,1,9,0,17,19,7,3,0,0,1,0,0,0,0,4,1,2,2,1,34,6,1896,2,15,VOLKSWAGEN JETTA,2,E01011259,0,-1
2023201289318,2023,201289318,2,9,0,18,19,7,3,0,0,8,0,0,0,0,1,1,6,6,3,28,6,1598,2,10,VOLKSWAGEN JETTA,10,E01010156,0,-1
2023061268968,2023,061268968,2,9,0,9,9,1,1,0,0,5,0,0,7,0,1,1,2,2,1,23,5,1968,2,17,VOLKSWAGEN JETTA,5,E01006156,0,-1
2023522301548,2023,522301548,2,9,0,18,19,1,5,0,0,1,0,0,0,0,1,1,6,6,1,-1,-1,1896,2,15,VOLKSWAGEN JETTA,2,E01024214,0,-1
2023010484155,2023,010484155,2,9,0,18,19,7,3,0,0,0,0,0,0,0,1,1,6,6,3,-1,-1,1984,1,17,VOLKSWAGEN JETTA,-1,-1,0,-1
2023131299516,2023,131299516,2,9,0,17,19,8,2,0,0,0,0,0,0,0,1,1,5,6,1,26,6,1598,2,12,VOLKSWAGEN JETTA,6,E01032946,0,-1
2023201297315,2023,201297315,2,9,0,7,7,3,6,0,0,6,0,0,0,0,3,1,6,6,1,31,6,1968,2,15,VOLKSWAGEN JETTA,2,E01009890,0,-1
202360A037140,2023,60A037140,2,9,0,18,19,1,5,0,0,1,0,0,7,0,3,1,6,6,1,38,7,1395,1,6,VOLKSWAGEN JETTA,-1,-1,0,-1
2023131294936,2023,131294936,1,9,0,-1,-1,-1,-1,-1,-1,-1,-1,-1,-1,-1,-1,1,6,6,3,-1,-1,1968,2,14,VOLKSWAGEN JETTA,-1,-1,0,-1
202360A152350,2023,60A152350,2,9,0,4,4,4,6,0,0,5,0,0,0,0,2,1,6,6,1,56,9,1968,2,7,VOLKSWAGEN JETTA,-1,-1,0,-1
2023201388656,2023,201388656,1,9,0,18,19,4,8,0,0,4,1,10,7,0,1,1,5,6,1,25,5,1968,2,8,VOLKSWAGEN JETTA,2,E01010240,0,-1
2023141276147,2023,141276147,1,9,0,18,19,5,1,0,0,1,0,0,1,0,3,1,2,2,1,63,9,1598,2,11,VOLKSWAGEN JETTA,8,E01007599,0,-1
2023201291606,2023,201291606,1,9,0,7,7,7,1,0,0,6,0,0,0,0,1,1,6,6,1,-1,-1,1896,2,15,VOLKSWAGEN JETTA,-1,-1,0,-1
2023461293849,2023,461293849,2,9,0,18,19,1,5,0,0,8,0,0,0,0,3,1,6,6,2,57,9,1968,2,12,VOLKSWAGEN JETTA,3,E01024656,0,-1
2023411271905,2023,411271905,2,9,0,3,3,2,4,0,0,5,0,0,0,0,2,1,2,2,2,42,7,1984,1,17,VOLKSWAGEN JETTA,3,E01023873,0,-1
2023351286674,2023,351286674,1,9,0,18,19,5,1,0,0,0,0,11,1,3,4,1,5,6,1,35,6,1968,2,14,VOLKSWAGEN JETTA,6,E01002380,0,-1
2023221286030,2023,221286030,2,9,0,17,19,3,8,0,0,8,0,0,0,0,1,1,6,6,2,34,6,1968,2,17,VOLKSWAGEN JETTA,2,E01014042,0,-1
2023421347753,2023,421347753,1,8,0,5,5,-1,-1,-1,-1,0,0,0,0,0,-1,1,1,1,1,-1,-1,1598,2,10,-1,-1,-1,0,-1
2023401307296,2023,401307296,1,9,0,18,19,-1,-1,0,0,1,0,0,0,0,4,1,6,6,3,-1,-1,1896,2,17,VOLKSWAGEN JETTA,-1,-1,0,-1
2023061321806,2023,061321806,1,9,0,18,19,3,3,0,0,0,1,7,8,0,3,1,5,6,1,37,7,1968,2,7,VOLKSWAGEN JETTA,1,E01005061,0,-1
2023401337733,2023,401337733,1,9,0,9,9,-1,-1,0,0,2,0,0,0,0,1,1,6,6,1,35,6,1896,2,17,VOLKSWAGEN JETTA,1,E01017477,0,-1
2023340NN2172,2023,340NN2172,2,9,0,18,19,7,3,0,0,8,0,0,0,0,1,1,6,6,1,71,10,1968,2,9,VOLKSWAGEN JETTA,6,E01028146,0,-1
2023131288466,2023,131288466,1,9,0,5,5,5,1,9,9,1,0,0,0,0,1,1,6,6,3,-1,-1,1968,2,17,VOLKSWAGEN JETTA,-1,-1,0,-1
2023440326117,2023,440326117,1,9,0,9,9,6,2,0,0,5,0,0,0,0,3,1,6,6,3,-1,-1,1896,2,16,VOLKSWAGEN JETTA,-1,-1,0,-1
2023131292874,2023,131292874,1,9,0,9,9,3,7,0,0,1,0,0,0,0,1,1,5,6,1,22,5,1968,2,15,VOLKSWAGEN JETTA,1,E01010721,0,-1
2023131339620,2023,131339620,2,9,0,2,2,0,0,0,0,0,0,0,0,0,1,1,6,6,3,-1,-1,1968,2,15,VOLKSWAGEN JETTA,-1,-1,0,-1
2023201408334,2023,201408334,1,9,0,18,19,6,2,0,0,0,0,0,0,0,1,1,6,6,1,-1,-1,1968,2,8,VOLKSWAGEN JETTA,1,E01009486,0,-1
2023131392043,2023,131392043,1,9,0,9,9,7,1,0,0,8,0,0,0,0,3,1,6,6,1,29,6,1896,2,17,VOLKSWAGEN JETTA,4,E01010669,0,-1
2023061392546,2023,061392546,1,9,0,9,9,7,4,0,0,1,0,0,0,0,1,1,5,6,1,42,7,1968,2,11,VOLKSWAGEN JETTA,2,E01004906,0,-1
2023440162138,2023,440162138,1,9,0,1,1,3,7,0,0,0,0,0,0,0,2,1,6,6,2,38,7,1598,2,13,VOLKSWAGEN JETTA,9,E01032848,0,-1
2023421389100,2023,421389100,1,9,0,18,19,6,2,0,0,1,1,0,0,0,1,1,5,6,2,36,7,1968,2,9,VOLKSWAGEN JETTA,9,E01023299,0,-1
2023010450980,2023,010450980,1,9,0,9,9,1,6,0,0,8,0,0,0,0,3,1,6,6,1,47,8,1896,2,16,VOLKSWAGEN JETTA,3,E01003785,0,-1
2023061267935,2023,061267935,1,9,0,11,11,5,1,0,0,0,5,7,1,0,1,1,2,2,1,68,10,1598,2,11,VOLKSWAGEN JETTA,2,E01005504,0,-1
2023461291772,2023,461291772,1,9,0,1,1,7,5,0,0,0,0,0,0,0,2,1,6,6,1,28,6,1598,2,12,VOLKSWAGEN JETTA,9,E01032816,0,-1
2023471335519,2023,471335519,1,9,0,18,19,5,1,0,0,8,0,0,0,0,1,1,2,2,1,24,5,1968,2,15,VOLKSWAGEN JETTA,3,E01031548,0,-1
2023061269502,2023,061269502,2,9,0,18,19,1,5,0,0,2,0,0,0,0,3,1,5,6,1,22,5,1598,2,11,VOLKSWAGEN JETTA,2,E01005471,0,-1
2023041424834,2023,041424834,1,3,0,13,13,3,7,0,0,1,0,0,0,0,1,1,6,6,1,57,9,124,1,4,-1,5,E01024928,0,-1
2023371270708,2023,371270708,1,3,0,12,12,7,1,0,0,0,2,0,4,0,1,1,2,2,1,18,4,124,1,3,-1,9,E01030216,0,-1
2023531375382,2023,531375382,2,3,0,4,4,7,3,0,0,1,0,0,0,0,1,1,6,6,1,24,5,124,1,3,-1,8,E01022387,0,-1
2023461330050,2023,461330050,3,3,0,13,13,6,2,0,0,1,0,0,0,0,1,1,6,6,1,-1,-1,124,1,2,-1,-1,-1,0,-1
2023010430901,2023,010430901,2,3,0,18,19,5,1,0,0,1,0,0,0,0,1,1,6,6,1,33,6,124,1,5,-1,3,E01021326,0,-1
2023320384000,2023,320384000,2,9,0,9,9,7,6,0,0,6,0,0,0,0,3,1,2,2,1,20,4,1368,1,15,-1,10,E01026413,0,-1
2023201356118,2023,201356118,3,9,0,2,2,0,0,0,0,0,0,0,0,0,0,1,6,6,3,-1,-1,1368,1,11,-1,-1,-1,0,-1
2023131348073,2023,131348073,2,5,0,18,19,5,1,0,0,8,0,0,0,0,4,1,5,6,1,31,6,500,1,2,-1,1,E01024893,0,-1
2023010441634,2023,010441634,1,5,0,99,99,9,9,99,99,9,9,99,9,99,9,1,1,1,1,35,6,853,1,5,BMW F 750,7,E01000909,0,-1
2023010436373,2023,010436373,1,5,0,18,19,3,7,0,0,0,0,0,0,0,3,1,1,1,2,34,6,853,1,1,BMW F 750,4,E01000472,0,-1
2023471347701,2023,471347701,1,5,0,18,19,6,2,0,0,1,0,0,0,0,1,1,5,6,1,49,8,853,1,5,BMW F 750,4,E01031573,0,-1
2023552301348,2023,552301348,2,5,0,18,19,6,2,0,0,0,0,0,0,0,1,1,6,6,1,39,7,853,1,1,BMW F 750,5,E01020506,0,-1
2023010463631,2023,010463631,2,5,0,18,19,3,7,0,0,1,0,0,0,0,1,1,1,1,2,25,5,853,1,1,BMW F 750,9,E01031615,0,-1
2023010471042,2023,010471042,1,5,0,4,4,3,7,0,0,0,5,0,0,0,1,1,1,1,1,32,6,853,1,4,BMW F 750,2,E01000008,0,-1
2023010422771,2023,010422771,1,5,0,4,4,4,8,0,0,1,0,0,0,0,0,1,1,1,1,45,7,853,1,3,BMW F 750,4,E01004142,0,-1
2023201343004,2023,201343004,2,5,0,18,19,1,4,0,0,8,2,7,1,0,3,1,6,6,1,38,7,853,1,0,BMW F 750,10,E01029758,0,-1
2023010469048,2023,010469048,2,5,0,18,19,5,1,0,0,0,0,0,0,0,0,1,1,1,1,35,6,853,1,4,BMW F 750,-1,-1,0,-1
2023052301196,2023,052301196,1,5,0,18,19,3,7,0,0,1,0,0,0,0,0,1,1,1,1,51,8,853,1,3,BMW F 750,-1,-1,0,-1