collision_index,collision_year,collision_ref_no,vehicle_reference,vehicle_type,towing_and_articulation,vehicle_manoeuvre_historic,vehicle_manoeuvre,vehicle_direction_from,vehicle_direction_to,vehicle_location_restricted_lane_historic,vehicle_location_restricted_lane,junction_location,skidding_and_overturning,hit_object_in_carriageway,vehicle_leaving_carriageway,hit_object_off_carriageway,first_point_of_impact,vehicle_left_hand_drive,journey_purpose_of_driver_historic,journey_purpose_of_driver,sex_of_driver,age_of_driver,age_band_of_driver,engine_capacity_cc,propulsion_code,age_of_vehicle,generic_make_model,driver_imd_decile,lsoa_of_driver,escooter_flag,driver_distance_banding
2023141304592,2023,141304592,3,9,0,18,19,7,2,0,0,0,0,0,0,0,2,1,6,6,2,32,6,1796,2,10,MERCEDES B CLASS,9,E01007602,0,-1
2023440516240,2023,440516240,2,9,0,18,19,2,6,0,0,1,0,0,0,0,1,1,6,6,1,36,7,1461,2,8,MERCEDES B CLASS,2,E01017276,0,-1
2023440375668,2023,440375668,2,9,0,9,9,7,5,0,0,8,0,0,0,0,1,1,6,6,1,-1,-1,1950,2,1,MERCEDES B CLASS,-1,-1,0,-1
2023010454210,2023,010454210,3,9,0,99,99,9,9,99,99,0,9,99,9,99,2,9,6,6,3,-1,-1,1498,1,15,MERCEDES B CLASS,9,E01023428,0,-1
2023522300118,2023,522300118,1,9,0,18,19,1,5,0,0,0,0,0,0,0,1,1,6,6,1,81,11,1332,1,2,MERCEDES B CLASS,1,E01014654,0,-1
2023041340738,2023,041340738,2,9,0,18,19,5,1,0,0,0,0,0,0,0,1,1,6,6,1,77,11,1595,1,10,MERCEDES B CLASS,7,E01025593,0,-1
2023010448588,2023,010448588,1,9,0,18,19,3,7,0,0,1,0,0,0,0,1,1,3,7,2,41,7,1461,2,7,MERCEDES B CLASS,2,E01003093,0,-1
2023010484486,2023,010484486,2,9,0,99,99,9,9,99,99,9,9,99,9,99,1,9,6,6,2,-1,-1,2143,2,6,MERCEDES B CLASS,2,E01004253,0,-1
2023461376038,2023,461376038,2,9,0,18,19,8,4,0,0,0,0,0,0,0,2,1,6,6,2,50,8,1461,2,5,MERCEDES B CLASS,9,E01000775,0,-1
2023421382001,2023,421382001,3,9,0,18,19,8,4,0,0,0,0,0,0,0,3,1,5,6,1,34,6,1991,2,14,MERCEDES B CLASS,7,E01021408,0,-1
2023430031108,2023,430031108,4,9,0,18,19,7,3,0,0,0,0,0,5,6,2,1,6,6,1,91,11,1796,2,10,MERCEDES B CLASS,8,E01016675,0,-1
2023351333613,2023,351333613,1,9,0,4,4,3,7,0,0,0,0,0,0,0,1,1,2,2,2,46,8,1461,2,9,MERCEDES B CLASS,6,E01017961,0,-1
2023131288747,2023,131288747,1,9,0,18,19,1,1,0,0,0,0,0,0,0,3,1,2,2,2,54,8,1461,2,5,MERCEDES B CLASS,5,E01011391,0,-1
2023010466272,2023,010466272,1,9,0,9,9,7,5,0,0,8,0,0,0,0,4,1,6,6,2,35,6,1498,1,17,MERCEDES B CLASS,9,E01000762,0,-1
2023041346380,2023,041346380,2,9,0,18,19,1,5,0,0,0,0,0,0,0,2,1,5,6,1,65,9,1699,1,15,MERCEDES B CLASS,1,E01025583,0,-1
2023631365758,2023,631365758,1,9,0,17,19,8,4,0,0,0,0,0,1,0,1,1,2,2,2,53,8,2035,1,17,MERCEDES B CLASS,7,W01000460,0,-1
2023010431976,2023,010431976,1,9,0,99,99,9,9,99,99,9,9,99,9,99,1,9,6,6,1,32,6,2035,1,16,MERCEDES B CLASS,3,E01004066,0,-1
2023010479947,2023,010479947,1,9,0,18,19,3,7,0,0,0,5,4,0,0,1,1,6,6,1,39,7,1498,1,17,MERCEDES B CLASS,3,E01001243,0,-1
2023501283884,2023,501283884,1,9,0,4,4,2,6,9,9,0,0,0,0,0,3,1,5,6,1,72,10,1498,1,14,MERCEDES B CLASS,2,E01015176,0,-1
2023161301432,2023,161301432,2,9,0,18,19,6,2,0,0,8,0,0,0,0,4,1,6,6,2,-1,-1,1796,2,10,MERCEDES B CLASS,4,E01013271,0,-1
2023010471933,2023,010471933,1,9,0,7,7,2,5,0,0,6,0,0,1,0,3,1,6,6,2,39,7,1699,1,16,MERCEDES B CLASS,-1,-1,0,-1
2023010449755,2023,010449755,2,9,0,99,99,9,9,0,0,1,0,0,0,0,1,9,6,6,3,-1,-1,1595,1,11,MERCEDES B CLASS,-1,-1,0,-1
2023161356483,2023,161356483,1,9,0,5,5,5,1,0,0,8,0,0,0,0,0,1,2,2,2,64,9,1991,2,13,MERCEDES B CLASS,9,E01013152,0,-1
2023501317873,2023,501317873,3,9,0,2,2,0,0,0,0,2,0,0,0,0,2,1,6,6,3,-1,-1,1461,2,9,MERCEDES B CLASS,-1,-1,0,-1
2023061315516,2023,061315516,2,9,0,2,2,0,0,0,0,1,0,0,0,0,4,1,3,7,1,38,7,1991,2,12,MERCEDES B CLASS,1,E01005206,0,-1
2023010439093,2023,010439093,2,9,0,6,6,5,5,0,0,1,0,0,0,0,3,1,2,2,1,60,9,1595,1,10,MERCEDES B CLASS,-1,-1,0,-1
2023430422499,2023,430422499,1,9,0,9,9,6,4,0,0,6,0,0,0,0,4,2,6,6,1,74,10,1461,2,8,MERCEDES B CLASS,8,E01028510,0,-1
2023041352911,2023,041352911,4,9,0,18,19,7,3,0,0,0,0,0,0,0,2,1,2,2,1,53,8,1461,2,5,MERCEDES B CLASS,6,E01004936,0,-1
2023451360610,2023,451360610,1,9,0,18,19,3,7,0,0,0,0,0,0,0,4,1,5,6,2,31,6,2143,2,8,MERCEDES B CLASS,7,E01004500,0,-1
2023340WN1542,2023,340WN1542,1,9,0,18,19,4,8,0,0,2,0,0,0,0,1,1,6,6,1,26,6,1992,2,16,MERCEDES B CLASS,3,E01027152,0,-1
2023010424025,2023,010424025,2,9,0,18,19,3,7,0,0,6,1,0,0,0,3,1,6,6,1,43,7,1461,2,9,MERCEDES B CLASS,7,E01002428,0,-1
2023351356121,2023,351356121,2,9,0,18,19,5,1,0,0,0,0,0,0,0,2,1,6,6,1,37,7,1699,1,16,MERCEDES B CLASS,3,E01004562,0,-1
2023101302472,2023,101302472,1,9,0,9,9,1,5,0,0,8,0,0,0,0,4,1,5,6,1,39,7,1461,2,9,MERCEDES B CLASS,2,E01008460,0,-1
2023430148536,2023,430148536,1,9,0,18,19,1,5,0,0,4,0,0,0,0,1,1,6,6,2,57,9,1991,2,14,MERCEDES B CLASS,9,E01016703,0,-1
2023231285412,2023,231285412,1,9,0,1,1,1,5,0,0,0,0,11,0,0,2,1,5,6,2,76,11,1991,2,12,MERCEDES B CLASS,5,E01031186,0,-1
2023430565998,2023,430565998,2,9,0,9,9,5,3,0,0,6,0,0,0,0,1,1,6,6,2,-1,-1,2143,2,5,MERCEDES B CLASS,10,E01016259,0,-1
2023461351661,2023,461351661,2,9,0,18,19,3,7,0,0,0,1,0,8,0,2,1,6,6,2,29,6,1461,2,7,MERCEDES B CLASS,9,E01016104,0,-1
2023010451803,2023,010451803,2,9,0,99,99,9,9,99,99,9,9,99,9,99,1,9,6,6,3,-1,-1,1332,1,3,MERCEDES B CLASS,6,E01001083,0,-1
2023131348653,2023,131348653,2,9,0,18,19,5,1,0,0,8,1,0,1,7,3,1,6,6,1,69,10,1498,1,16,MERCEDES B CLASS,3,E01032550,0,-1
2023401314139,2023,401314139,2,9,0,18,19,3,8,0,0,1,0,0,0,0,1,1,6,6,2,61,9,1595,1,5,MERCEDES B CLASS,7,E01033432,0,-1
2023471302234,2023,471302234,2,9,0,18,19,3,7,0,0,0,0,0,0,0,3,1,5,6,2,43,7,1991,2,14,MERCEDES B CLASS,7,E01016917,0,-1
2023201289837,2023,201289837,1,9,0,2,2,-1,-1,0,0,0,0,0,0,0,2,1,6,6,1,60,9,1498,1,12,MERCEDES B CLASS,4,E01009268,0,-1
2023131346540,2023,131346540,1,9,0,5,5,1,1,0,0,1,0,0,0,0,4,1,1,1,1,35,6,1991,2,12,MERCEDES B CLASS,3,E01011832,0,-1
2023411366809,2023,411366809,1,9,0,18,19,7,2,0,0,0,5,10,0,0,3,1,5,6,1,80,11,1595,1,10,MERCEDES B CLASS,10,E01023966,0,-1
2023010462120,2023,010462120,2,9,9,99,99,9,9,99,99,9,9,99,9,99,9,9,6,6,3,-1,-1,1498,1,14,MERCEDES B CLASS,-1,-1,0,-1
2023421290094,2023,421290094,2,9,0,4,4,8,5,0,0,1,0,0,0,0,2,1,5,6,1,40,7,2143,2,8,MERCEDES B CLASS,10,E01021474,0,-1
2023010449050,2023,010449050,2,9,0,99,99,9,9,99,99,9,9,99,9,99,1,9,6,6,3,-1,-1,1461,2,8,MERCEDES B CLASS,-1,-1,0,-1
2023010441530,2023,010441530,2,9,0,2,2,0,0,9,9,0,0,0,0,0,3,1,6,6,3,-1,-1,2143,2,6,MERCEDES B CLASS,-1,-1,0,-1
2023201372988,2023,201372988,1,9,0,16,19,1,4,0,0,2,0,10,7,1,1,1,5,6,2,18,4,1332,1,2,MERCEDES B CLASS,6,E01009467,0,-1
2023201365090,2023,201365090,1,9,0,10,10,5,1,0,0,8,0,0,0,0,1,1,5,6,1,30,6,1332,1,2,MERCEDES B CLASS,-1,-1,0,-1
2023052301577,2023,052301577,2,9,0,6,6,5,5,0,0,6,0,0,0,0,4,1,6,6,1,56,9,1461,2,9,MERCEDES B CLASS,4,E01006570,0,-1
2023451272223,2023,451272223,2,9,0,18,19,2,6,0,0,0,0,0,0,0,1,1,5,6,2,42,7,1461,2,5,MERCEDES B CLASS,8,E01030979,0,-1
2023211436163,2023,211436163,1,9,0,2,2,0,0,0,0,2,0,0,0,0,4,1,5,6,1,66,10,1332,1,3,MERCEDES B CLASS,-1,-1,0,-1
2023131379777,2023,131379777,2,9,0,18,19,1,1,0,0,0,0,4,0,0,1,1,5,6,1,71,10,1498,1,15,MERCEDES B CLASS,6,E01011802,0,-1
2023061349902,2023,061349902,1,9,0,18,19,2,6,0,0,2,0,0,1,1,4,1,6,6,1,72,10,2143,2,8,MERCEDES B CLASS,2,E01006274,0,-1
2023231316722,2023,231316722,2,9,0,5,5,-1,-1,0,0,0,0,0,0,0,0,1,6,6,2,86,11,1498,1,13,MERCEDES B CLASS,5,E01031186,0,-1
2023201379862,2023,201379862,2,9,0,18,19,4,8,0,0,0,0,0,0,0,1,1,2,2,2,54,8,1595,1,6,MERCEDES B CLASS,2,E01010310,0,-1
2023440251020,2023,440251020,2,9,0,13,13,5,1,0,0,0,0,0,0,0,1,1,6,6,1,37,7,1498,1,13,MERCEDES B CLASS,-1,-1,0,-1
2023461295265,2023,461295265,1,9,0,6,6,3,7,0,0,0,0,0,0,0,3,1,6,6,1,17,4,1992,2,15,MERCEDES B CLASS,2,E01016040,0,-1
2023010459077,2023,010459077,1,9,0,5,5,0,1,0,0,0,0,0,0,0,1,1,6,6,2,33,6,2143,2,6,MERCEDES B CLASS,2,E01001438,0,-1
2023421316533,2023,421316533,1,9,0,18,19,3,7,0,0,0,0,0,0,0,1,1,6,6,1,35,6,1796,2,11,MERCEDES B CLASS,1,E01021304,0,-1
2023540923823,2023,540923823,3,9,0,2,2,0,0,0,0,0,0,0,0,0,0,1,6,6,1,84,11,1991,2,14,MERCEDES B CLASS,7,E01032000,0,-1
2023520301793,2023,520301793,2,9,0,18,19,2,6,0,0,8,0,0,0,0,4,1,6,6,2,37,7,1992,2,18,MERCEDES B CLASS,1,E01029292,0,-1
2023010432115,2023,010432115,2,9,0,99,99,9,9,99,99,9,9,99,9,99,1,9,6,6,3,-1,-1,1498,1,15,MERCEDES B CLASS,-1,-1,0,-1
2023201296686,2023,201296686,1,9,0,4,4,6,2,0,0,0,0,0,0,0,1,1,6,6,1,-1,-1,1991,2,14,MERCEDES B CLASS,-1,-1,0,-1
2023471368705,2023,471368705,1,9,0,18,19,3,1,0,0,1,0,0,0,0,1,1,5,6,2,30,6,1461,2,9,MERCEDES B CLASS,4,E01020919,0,-1
2023451304644,2023,451304644,1,9,0,9,9,2,3,0,0,6,0,0,0,0,3,1,3,7,2,49,8,1332,1,2,MERCEDES B CLASS,10,E01030316,0,-1
2023010484262,2023,010484262,2,9,9,99,99,9,9,99,99,9,9,99,9,99,9,9,6,6,1,25,5,1461,2,9,MERCEDES B CLASS,6,E01018246,0,-1
2023302301449,2023,302301449,1,9,0,18,19,1,5,0,0,0,0,0,1,2,1,1,6,6,1,83,11,1595,1,8,MERCEDES B CLASS,-1,-1,0,-1
2023520400831,2023,520400831,1,9,0,3,3,4,6,0,0,1,0,0,0,0,2,1,6,6,2,65,9,1595,1,11,MERCEDES B CLASS,-1,-1,0,-1
2023010441883,2023,010441883,2,9,0,9,9,5,3,0,0,6,9,0,0,0,1,9,6,6,3,-1,-1,1461,2,7,MERCEDES B CLASS,-1,-1,0,-1
2023010433361,2023,010433361,2,9,9,99,99,9,9,99,99,9,9,99,9,99,1,9,6,6,3,-1,-1,1498,1,13,MERCEDES B CLASS,-1,-1,0,-1
2023010430672,2023,010430672,1,9,0,99,99,9,9,99,99,9,9,99,9,99,4,9,2,2,2,39,7,1498,1,13,MERCEDES B CLASS,7,E01002424,0,-1
2023010433004,2023,010433004,2,9,0,9,9,1,7,0,0,5,0,0,0,0,3,1,6,6,2,59,9,2035,1,17,MERCEDES B CLASS,6,E01002140,0,-1
2023131371822,2023,131371822,8,9,0,2,2,0,0,0,0,2,0,0,0,0,1,1,6,6,3,-1,-1,1461,2,9,MERCEDES B CLASS,-1,-1,0,-1
2023461380240,2023,461380240,1,9,0,18,19,3,7,0,0,0,0,0,0,0,1,1,2,2,2,33,6,1498,1,12,MERCEDES B CLASS,5,E01024638,0,-1
2023501342034,2023,501342034,1,9,0,13,13,5,1,0,0,0,0,0,0,0,4,1,6,6,1,89,11,1991,2,14,MERCEDES B CLASS,9,E01020090,0,-1
2023070140762,2023,070140762,1,9,0,9,9,5,3,0,0,1,0,0,0,0,1,1,6,6,1,44,7,2143,2,7,MERCEDES B CLASS,9,E01018602,0,-1
2023471293755,2023,471293755,1,9,0,5,5,5,1,0,0,2,0,0,0,0,1,1,5,6,2,60,9,1595,1,5,MERCEDES B CLASS,9,E01020948,0,-1
2023010476135,2023,010476135,2,9,0,2,2,0,0,0,0,0,0,0,0,0,4,1,6,6,3,-1,-1,2143,2,7,MERCEDES B CLASS,-1,-1,0,-1
2023991389932,2023,991389932,1,9,0,17,19,6,2,0,0,0,0,0,1,0,1,1,5,6,1,39,7,1991,2,13,MERCEDES B CLASS,1,-1,0,-1
2023430389078,2023,430389078,2,9,0,9,9,5,3,0,0,6,0,0,0,0,1,1,6,6,1,60,9,1796,2,10,MERCEDES B CLASS,9,E01017783,0,-1
2023041359105,2023,041359105,2,9,0,18,19,5,1,0,0,4,0,0,0,0,1,1,5,6,1,77,11,1595,1,6,MERCEDES B CLASS,3,E01012662,0,-1
2023332301151,2023,332301151,1,9,0,18,19,2,6,0,0,1,0,0,0,0,1,1,2,2,1,46,8,2143,2,7,MERCEDES B CLASS,6,E01032863,0,-1
2023010457285,2023,010457285,2,9,0,18,19,1,5,0,0,2,0,0,0,0,2,1,6,6,2,68,10,1595,1,7,MERCEDES B CLASS,4,E01000543,0,-1
2023522301394,2023,522301394,2,9,0,4,4,7,3,0,0,0,0,0,0,0,2,1,6,6,1,28,6,1796,2,11,MERCEDES B CLASS,3,W01001630,0,-1
2023010422276,2023,010422276,1,9,0,9,9,1,7,0,0,8,0,0,0,0,1,1,6,6,2,43,7,1461,2,6,MERCEDES B CLASS,2,E01000433,0,-1
2023010483658,2023,010483658,1,9,0,18,19,5,1,0,0,5,0,0,3,6,1,1,6,6,1,39,7,1498,1,16,MERCEDES B CLASS,5,E01001310,0,-1
2023010475156,2023,010475156,1,9,0,99,99,9,9,99,99,9,9,99,9,99,2,9,6,6,2,27,6,1498,1,14,MERCEDES B CLASS,3,E01002120,0,-1
2023471344328,2023,471344328,1,9,0,18,19,5,1,0,0,8,0,0,0,0,4,1,6,6,2,38,7,1461,2,10,MERCEDES B CLASS,10,E01031678,0,-1
2023010459889,2023,010459889,1,9,0,7,7,6,1,0,0,5,0,0,0,0,4,1,2,2,1,42,7,1595,1,11,MERCEDES B CLASS,3,E01003286,0,-1
2023010428453,2023,010428453,1,9,0,18,19,5,1,0,0,2,0,0,0,0,4,1,6,6,1,44,7,1699,1,17,MERCEDES B CLASS,9,E01002509,0,-1
2023010463177,2023,010463177,1,9,0,18,19,7,3,0,0,0,0,0,7,0,1,1,6,6,1,52,8,1699,1,15,MERCEDES B CLASS,3,E01000245,0,-1
2023471350469,2023,471350469,1,9,0,10,10,7,3,6,6,2,0,0,0,0,4,1,6,6,1,-1,-1,1992,2,15,MERCEDES B CLASS,-1,-1,0,-1
2023010465856,2023,010465856,1,9,0,18,19,1,5,0,0,0,0,0,0,0,1,1,2,2,2,49,8,1699,1,16,MERCEDES B CLASS,6,E01002140,0,-1
2023361402507,2023,361402507,2,9,0,2,2,0,0,0,0,1,0,0,0,0,0,1,6,6,3,-1,-1,1595,1,6,MERCEDES B CLASS,-1,-1,0,-1
2023411354844,2023,411354844,2,9,0,3,3,-1,-1,0,0,0,0,0,0,0,2,1,2,2,2,43,7,1461,2,6,MERCEDES B CLASS,5,E01000255,0,-1
2023010432157,2023,010432157,2,9,0,99,99,9,9,99,99,9,9,99,9,99,1,9,6,6,3,72,10,1332,1,4,MERCEDES B CLASS,9,E01004625,0,-1
2023440337038,2023,440337038,3,9,0,10,10,4,8,0,0,1,0,0,0,0,1,1,6,6,2,77,11,1991,2,15,MERCEDES B CLASS,9,E01023060,0,-1
2023552400044,2023,552400044,1,9,0,18,19,6,2,0,0,1,0,0,0,0,1,1,6,6,1,38,7,1992,2,16,MERCEDES B CLASS,7,E01015330,0,-1
2023451371870,2023,451371870,2,9,0,18,19,7,3,0,0,0,0,0,0,0,1,1,5,6,1,46,8,-1,3,7,MERCEDES B CLASS,10,E01003461,0,-1
2023061280847,2023,061280847,1,9,0,18,19,3,7,0,0,2,0,0,0,0,4,1,6,6,2,-1,-1,1332,1,4,MERCEDES B CLASS,-1,-1,0,-1
2023302300221,2023,302300221,1,9,0,18,19,8,4,0,0,0,0,0,0,0,1,1,6,6,1,54,8,1332,1,4,MERCEDES B CLASS,7,E01013558,0,-1
2023461380957,2023,461380957,1,9,0,9,9,1,7,0,0,1,0,0,0,0,1,1,6,6,1,38,7,1461,2,6,MERCEDES B CLASS,7,E01024540,0,-1
2023201400896,2023,201400896,1,9,0,2,2,0,0,0,0,0,0,0,0,0,2,1,6,6,1,69,10,1332,1,4,MERCEDES B CLASS,6,E01009467,0,-1
2023552300641,2023,552300641,1,9,0,18,19,7,4,0,0,0,0,0,0,0,4,1,6,6,2,47,8,1796,2,10,MERCEDES B CLASS,7,E01015391,0,-1
2023010479172,2023,010479172,1,9,0,18,19,3,7,0,0,1,0,0,0,0,1,1,6,6,1,56,9,1332,1,3,MERCEDES B CLASS,3,E01001373,0,-1
2023991351657,2023,991351657,4,9,0,18,19,5,1,0,0,0,0,0,0,0,2,1,5,6,1,54,8,2143,2,6,MERCEDES B CLASS,4,-1,0,-1
2023010467498,2023,010467498,1,9,0,99,99,9,9,99,99,9,9,99,9,99,9,9,6,6,1,34,6,2035,1,15,MERCEDES B CLASS,3,E01004066,0,-1
2023991359801,2023,991359801,2,9,0,17,19,3,3,0,0,8,0,0,0,0,2,1,5,6,2,54,8,1332,1,2,MERCEDES B CLASS,5,-1,0,-1
2023031288222,2023,031288222,3,9,0,2,2,0,0,0,0,0,0,0,0,0,2,1,6,6,1,58,9,1595,1,11,MERCEDES B CLASS,-1,-1,0,-1
2023451311150,2023,451311150,1,9,0,4,4,7,3,0,0,0,0,0,0,0,1,1,3,7,2,34,6,1461,2,6,MERCEDES B CLASS,8,E01030784,0,-1
2023991314475,2023,991314475,2,9,0,18,19,3,7,0,0,8,0,0,0,0,1,1,5,6,2,48,8,2143,2,8,MERCEDES B CLASS,10,-1,0,-1
2023010486269,2023,010486269,2,9,0,17,19,5,1,0,0,8,0,0,0,0,0,1,6,6,2,28,6,1498,1,14,MERCEDES B CLASS,3,E01003388,0,-1
2023430430455,2023,430430455,2,9,0,18,19,2,6,0,0,0,0,0,0,0,3,1,6,6,1,78,11,1461,2,6,MERCEDES B CLASS,6,E01015555,0,-1
2023461287664,2023,461287664,2,9,0,3,3,5,3,0,0,8,0,0,0,0,2,1,6,6,1,36,7,1461,2,5,MERCEDES B CLASS,3,E01024309,0,-1
2023070991470,2023,070991470,2,9,0,5,5,5,1,0,0,4,0,0,0,0,1,1,2,2,1,62,9,1595,1,10,MERCEDES B CLASS,9,E01018636,0,-1
2023201285257,2023,201285257,1,9,0,5,5,2,4,0,0,6,0,0,0,0,1,1,6,6,1,58,9,1796,2,11,MERCEDES B CLASS,10,E01032139,0,-1
2023430291008,2023,430291008,2,9,0,2,2,0,0,0,0,0,0,0,0,0,3,1,6,6,2,-1,-1,2143,2,7,MERCEDES B CLASS,7,E01016409,0,-1
2023052300292,2023,052300292,1,9,0,18,19,5,1,0,0,4,0,0,0,0,3,1,6,6,2,63,9,1595,1,4,MERCEDES B CLASS,8,E01006532,0,-1
2023010426230,2023,010426230,2,9,0,9,9,1,8,0,0,5,0,0,0,0,4,1,6,6,2,53,8,1498,1,14,MERCEDES B CLASS,5,E01001291,0,-1
2023411284560,2023,411284560,1,9,0,18,19,-1,-1,0,0,8,0,0,0,0,1,1,5,6,1,-1,-1,1461,2,7,MERCEDES B CLASS,6,E01000273,0,-1
2023421356899,2023,421356899,1,9,0,7,7,5,1,0,0,6,0,0,0,0,3,1,3,7,2,41,7,1992,2,16,MERCEDES B CLASS,9,E01021517,0,-1
2023531354715,2023,531354715,2,9,0,9,9,5,1,0,0,1,0,0,0,0,3,1,6,6,1,33,6,1992,2,17,MERCEDES B CLASS,6,E01023250,0,-1
2023101365096,2023,101365096,2,9,0,18,19,7,3,0,0,2,0,0,0,0,1,1,6,6,2,50,8,2143,2,7,MERCEDES B CLASS,10,E01008472,0,-1
2023010468636,2023,010468636,2,9,0,99,99,9,9,99,99,9,9,99,9,99,9,9,6,6,3,-1,-1,1461,2,9,MERCEDES B CLASS,3,E01033464,0,-1
2023010484324,2023,010484324,2,9,0,18,19,2,6,0,0,1,0,0,0,0,1,1,6,6,1,46,8,1699,1,17,MERCEDES B CLASS,1,E01004273,0,-1
2023440327930,2023,440327930,2,9,0,18,19,6,2,0,0,0,0,0,0,0,1,1,6,6,1,-1,-1,1498,1,14,MERCEDES B CLASS,-1,-1,0,-1
2023361316595,2023,361316595,2,9,0,2,2,0,0,0,0,0,0,0,-1,0,2,1,6,6,3,-1,-1,1991,2,14,MERCEDES B CLASS,-1,-1,0,-1
2023201410823,2023,201410823,2,9,0,9,9,2,8,0,0,6,0,0,0,0,3,1,6,6,1,65,9,1796,2,11,MERCEDES B CLASS,2,E01009890,0,-1
2023010454731,2023,010454731,1,9,0,9,9,6,3,0,0,5,0,0,0,0,4,1,2,2,1,56,9,1498,1,15,MERCEDES B CLASS,2,E01001780,0,-1
2023061359289,2023,061359289,2,9,0,18,19,2,6,0,0,0,0,0,0,0,1,1,6,6,1,38,7,1991,2,15,MERCEDES B CLASS,1,E01005104,0,-1
2023340WN0972,2023,340WN0972,2,9,0,18,19,5,1,0,0,0,0,0,0,0,3,1,6,6,1,64,9,1699,1,14,MERCEDES B CLASS,2,E01001792,0,-1
2023471345818,2023,471345818,3,9,0,18,19,5,1,0,0,2,0,0,0,0,2,1,6,6,1,37,7,1992,2,16,MERCEDES B CLASS,4,E01031799,0,-1
2023547042523,2023,547042523,1,9,0,8,8,7,1,0,0,6,0,0,0,0,3,1,6,6,2,35,6,1991,2,14,MERCEDES B CLASS,9,E01032099,0,-1
2023010442237,2023,010442237,1,9,0,2,2,0,0,0,0,2,0,0,0,0,1,1,6,6,3,-1,-1,1950,2,4,MERCEDES B CLASS,-1,-1,0,-1
2023451352943,2023,451352943,2,9,0,13,13,1,5,0,0,0,0,0,0,0,3,1,6,6,2,47,8,1461,2,6,MERCEDES B CLASS,8,E01030302,0,-1
2023401297721,2023,401297721,2,9,0,3,3,8,4,0,0,1,0,0,0,0,2,1,2,2,1,28,6,1991,2,13,MERCEDES B CLASS,1,E01015732,0,-1
2023031331228,2023,031331228,1,9,0,18,19,5,1,0,0,0,0,0,0,0,4,1,5,6,2,74,10,1461,2,3,MERCEDES B CLASS,6,E01019324,0,-1
2023131280583,2023,131280583,1,9,0,13,13,8,4,0,0,1,0,0,0,0,4,1,5,6,1,58,9,1699,1,15,MERCEDES B CLASS,3,E01011919,0,-1
2023010489311,2023,010489311,1,9,0,99,99,9,9,99,99,9,9,99,0,0,9,9,6,6,3,-1,-1,1332,1,4,MERCEDES B CLASS,-1,-1,0,-1
2023201316445,2023,201316445,1,9,0,5,5,1,3,0,0,6,1,10,0,0,2,1,6,6,2,32,6,1498,1,14,MERCEDES B CLASS,1,E01008966,0,-1
2023451313987,2023,451313987,1,9,0,9,9,3,7,0,0,0,0,0,3,0,4,1,5,6,2,55,8,1498,1,12,MERCEDES B CLASS,9,E01003478,0,-1
2023991258992,2023,991258992,2,9,0,18,19,8,5,0,0,1,0,0,1,10,1,1,5,6,1,75,10,1461,2,7,MERCEDES B CLASS,10,-1,0,-1
2023320761374,2023,320761374,3,9,0,4,4,1,5,0,0,0,0,0,0,0,2,1,6,6,2,45,7,1992,2,16,MERCEDES B CLASS,3,E01026122,0,-1
2023010451731,2023,010451731,1,9,0,99,99,9,9,99,99,0,9,99,9,99,2,9,2,2,2,47,8,1461,2,6,MERCEDES B CLASS,10,E01000834,0,-1
2023010454915,2023,010454915,1,9,0,4,4,7,3,0,0,1,0,0,0,0,4,1,3,7,2,43,7,1595,1,10,MERCEDES B CLASS,5,E01000968,0,-1
2023461313605,2023,461313605,1,9,0,5,5,-1,-1,0,0,2,0,0,0,0,1,1,5,6,1,86,11,1332,1,3,MERCEDES B CLASS,8,E01024063,0,-1
2023302301152,2023,302301152,2,9,0,5,5,8,4,0,0,2,0,0,0,0,1,1,6,6,1,84,11,1950,2,3,MERCEDES B CLASS,6,E01019819,0,-1
2023010431097,2023,010431097,1,9,0,9,9,7,5,9,9,6,0,0,0,0,4,1,6,6,1,61,9,1498,1,14,MERCEDES B CLASS,5,E01004353,0,-1
2023010463370,2023,010463370,1,9,0,99,99,9,9,99,99,9,9,99,9,99,2,9,6,6,2,75,10,1950,2,4,MERCEDES B CLASS,9,E01028754,0,-1
2023010458042,2023,010458042,2,9,0,2,2,0,0,0,0,0,0,0,0,0,0,1,6,6,3,-1,-1,1498,1,14,MERCEDES B CLASS,-1,-1,0,-1
2023010477724,2023,010477724,1,9,0,18,19,1,5,0,0,8,0,0,0,0,1,1,6,6,1,39,7,1498,1,16,MERCEDES B CLASS,3,E01001747,0,-1
2023061366862,2023,061366862,1,9,-1,-1,-1,-1,-1,0,0,0,0,0,0,0,1,1,6,6,3,-1,-1,2035,1,16,MERCEDES B CLASS,-1,-1,0,-1
2023552301111,2023,552301111,4,9,0,18,19,2,6,0,0,0,0,0,0,0,3,1,2,2,2,55,8,1461,2,9,MERCEDES B CLASS,10,E01020423,0,-1