collision_index,collision_year,collision_ref_no,vehicle_reference,vehicle_type,towing_and_articulation,vehicle_manoeuvre_historic,vehicle_manoeuvre,vehicle_direction_from,vehicle_direction_to,vehicle_location_restricted_lane_historic,vehicle_location_restricted_lane,junction_location,skidding_and_overturning,hit_object_in_carriageway,vehicle_leaving_carriageway,hit_object_off_carriageway,first_point_of_impact,vehicle_left_hand_drive,journey_purpose_of_driver_historic,journey_purpose_of_driver,sex_of_driver,age_of_driver,age_band_of_driver,engine_capacity_cc,propulsion_code,age_of_vehicle,generic_make_model,driver_imd_decile,lsoa_of_driver,escooter_flag,driver_distance_banding
2023471368715,2023,471368715,4,9,0,18,19,5,1,0,0,1,0,0,0,0,2,1,5,6,2,39,7,2925,2,3,MERCEDES GLE CLASS,6,E01021087,0,-1
2023031373736,2023,031373736,2,9,0,2,2,4,4,6,6,0,1,0,0,0,3,1,5,6,2,35,6,1950,12,1,MERCEDES GLE CLASS,7,E01032967,0,-1
2023010451866,2023,010451866,1,9,0,9,9,3,8,0,0,5,0,0,0,0,3,1,6,6,1,47,8,2999,8,3,MERCEDES GLE CLASS,8,E01003867,0,-1
2023010459161,2023,010459161,4,9,0,18,19,1,5,0,0,0,0,0,0,0,3,1,6,6,2,52,8,2987,2,7,MERCEDES GLE CLASS,2,E01001082,0,-1
2023201415363,2023,201415363,2,9,0,18,19,3,7,0,0,8,0,0,0,0,1,1,6,6,1,26,6,2925,2,1,MERCEDES GLE CLASS,7,E01029673,0,-1
2023461317495,2023,461317495,1,9,0,4,4,-1,-1,0,0,0,0,0,0,0,1,1,5,6,1,31,6,2999,8,4,MERCEDES GLE CLASS,8,E01024286,0,-1
2023451294416,2023,451294416,2,9,0,18,19,2,6,0,0,0,0,0,0,0,2,1,2,2,1,50,8,2143,2,5,MERCEDES GLE CLASS,9,E01030660,0,-1
2023061371183,2023,061371183,2,9,0,18,19,2,6,0,0,8,0,0,0,0,0,1,6,6,3,-1,-1,2143,2,6,MERCEDES GLE CLASS,1,E01005264,0,-1
2023411295929,2023,411295929,2,9,0,2,2,0,0,0,0,0,0,0,0,0,3,1,5,6,3,-1,-1,2987,2,6,MERCEDES GLE CLASS,-1,-1,0,-1
2023991349320,2023,991349320,1,9,0,18,19,6,2,0,0,0,0,0,0,0,1,1,6,6,1,62,9,2987,2,8,MERCEDES GLE CLASS,2,-1,0,-1
2023052302409,2023,052302409,2,9,0,18,19,1,5,0,0,0,0,0,0,0,2,1,6,6,2,39,7,1950,2,2,MERCEDES GLE CLASS,8,E01018428,0,-1
2023501388770,2023,501388770,1,9,0,5,5,1,5,0,0,0,0,4,0,0,1,1,5,6,2,45,7,2143,2,7,MERCEDES GLE CLASS,7,E01018775,0,-1
2023461330433,2023,461330433,1,9,0,18,19,6,2,0,0,0,1,0,1,9,1,1,5,6,2,53,8,2987,2,8,MERCEDES GLE CLASS,1,E01004399,0,-1
2023101327548,2023,101327548,1,9,0,18,19,4,8,0,0,1,0,0,0,0,1,1,6,6,1,38,7,2987,2,7,MERCEDES GLE CLASS,5,E01030482,0,-1
2023041329447,2023,041329447,1,9,0,9,9,3,1,0,0,0,0,0,0,0,4,1,5,6,1,34,6,2143,2,5,MERCEDES GLE CLASS,3,E01024897,0,-1
2023991332896,2023,991332896,1,9,0,18,19,8,6,0,0,1,0,0,0,0,4,2,6,6,2,44,7,2925,2,1,MERCEDES GLE CLASS,-1,-1,0,-1
2023991365410,2023,991365410,2,9,0,18,19,3,7,0,0,8,0,0,0,0,1,1,5,6,1,46,8,1950,2,3,MERCEDES GLE CLASS,4,-1,0,-1
2023010460848,2023,010460848,2,9,9,18,19,5,1,99,99,9,9,99,9,99,1,9,6,6,1,-1,-1,2987,2,5,MERCEDES GLE CLASS,-1,-1,0,-1
2023161342016,2023,161342016,2,9,0,18,19,5,1,0,0,8,0,0,0,0,4,1,5,6,2,44,7,2143,2,5,MERCEDES GLE CLASS,6,E01012914,0,-1
2023340WN6692,2023,340WN6692,2,9,0,18,19,3,7,0,0,0,0,0,0,0,3,1,2,2,1,54,8,2925,2,4,MERCEDES GLE CLASS,-1,-1,0,-1
2023010467979,2023,010467979,1,9,0,18,19,7,3,0,0,3,0,0,0,0,1,1,6,6,1,33,6,2143,2,5,MERCEDES GLE CLASS,-1,-1,0,-1
2023010425976,2023,010425976,1,9,0,9,9,6,3,0,0,1,0,0,0,0,1,1,6,6,2,50,8,2999,8,2,MERCEDES GLE CLASS,6,E01001937,0,-1
2023201338833,2023,201338833,1,9,0,9,9,2,8,0,0,5,0,0,0,0,1,1,5,6,1,30,6,2143,2,5,MERCEDES GLE CLASS,3,E01010094,0,-1
2023010440214,2023,010440214,2,9,0,3,3,7,3,0,0,1,0,0,0,0,2,1,6,6,2,46,8,1950,2,4,MERCEDES GLE CLASS,7,E01000562,0,-1
2023221377552,2023,221377552,2,9,0,4,4,3,7,0,0,8,0,0,0,0,2,1,6,6,1,37,7,2987,2,5,MERCEDES GLE CLASS,6,E01029494,0,-1
2023430107328,2023,430107328,3,9,0,18,19,2,6,0,0,1,0,0,0,0,1,1,6,6,1,60,9,2987,2,5,MERCEDES GLE CLASS,-1,-1,0,-1
2023201364977,2023,201364977,1,9,0,16,19,5,8,0,0,0,5,10,0,0,4,1,6,6,1,39,7,2987,2,7,MERCEDES GLE CLASS,6,E01010075,0,-1
2023451292979,2023,451292979,1,9,0,18,19,2,4,9,9,0,1,0,1,0,3,1,5,6,1,64,9,2996,8,6,MERCEDES GLE CLASS,7,E01002888,0,-1
2023451344932,2023,451344932,2,9,0,18,19,5,1,0,0,0,0,0,0,0,3,1,5,6,2,59,9,2925,2,0,MERCEDES GLE CLASS,8,E01016830,0,-1
2023461296620,2023,461296620,1,9,0,5,5,2,6,0,0,1,0,0,0,0,3,1,6,6,1,34,6,2143,2,8,MERCEDES GLE CLASS,7,E01024813,0,-1
2023461373841,2023,461373841,1,9,0,18,19,5,2,0,0,0,1,0,1,0,1,1,5,6,1,53,8,2925,2,4,MERCEDES GLE CLASS,6,E01001419,0,-1
2023201343742,2023,201343742,1,9,0,13,13,6,3,0,0,8,0,0,0,0,1,1,6,6,1,-1,-1,2987,2,5,MERCEDES GLE CLASS,3,E01009145,0,-1
2023010468834,2023,010468834,3,9,0,18,19,5,1,0,0,2,0,0,0,0,2,1,6,6,3,-1,-1,2925,2,1,MERCEDES GLE CLASS,-1,-1,0,-1
2023461378112,2023,461378112,2,9,0,2,2,3,4,0,0,0,0,4,0,0,3,1,6,6,1,-1,-1,2987,2,5,MERCEDES GLE CLASS,-1,-1,0,-1
2023010428578,2023,010428578,2,9,0,99,99,9,9,99,99,9,9,99,9,99,9,9,6,6,3,-1,-1,2143,2,5,MERCEDES GLE CLASS,-1,-1,0,-1
2023010474902,2023,010474902,2,9,0,99,99,9,9,99,99,6,9,99,9,99,9,9,6,6,3,60,9,2143,2,7,MERCEDES GLE CLASS,3,E01000372,0,-1
2023421264452,2023,421264452,2,9,0,2,2,0,0,0,0,0,0,0,0,0,2,1,6,6,3,-1,-1,1950,12,2,MERCEDES GLE CLASS,-1,-1,0,-1
2023421264395,2023,421264395,1,9,0,17,19,1,7,0,0,8,0,0,0,0,1,1,5,6,2,53,8,2143,2,7,MERCEDES GLE CLASS,9,E01021397,0,-1
2023010470953,2023,010470953,7,9,0,18,19,3,7,0,0,0,0,0,0,0,4,1,6,6,1,41,7,2925,2,3,MERCEDES GLE CLASS,-1,-1,0,-1
2023010463640,2023,010463640,2,9,0,99,99,9,9,99,99,9,9,99,9,99,1,9,6,6,3,-1,-1,2987,2,5,MERCEDES GLE CLASS,6,E01004146,0,-1
2023201411101,2023,201411101,1,9,0,4,4,2,6,0,0,0,0,0,0,0,1,1,1,1,1,54,8,1950,12,1,MERCEDES GLE CLASS,8,E01014160,0,-1
2023010431281,2023,010431281,1,9,0,18,19,7,3,0,0,8,0,0,0,0,4,1,3,7,2,46,8,2987,2,7,MERCEDES GLE CLASS,3,E01004437,0,-1
2023010480316,2023,010480316,2,9,9,99,99,9,9,99,99,0,9,99,9,99,9,9,6,6,3,-1,-1,2987,2,8,MERCEDES GLE CLASS,-1,-1,0,-1
2023061382042,2023,061382042,2,9,0,2,2,4,1,0,0,1,0,0,0,0,1,1,6,6,3,-1,-1,1950,12,2,MERCEDES GLE CLASS,-1,-1,0,-1
2023451353165,2023,451353165,1,9,0,5,5,1,5,0,0,0,0,0,0,0,1,1,5,6,2,39,7,1950,12,2,MERCEDES GLE CLASS,9,E01030761,0,-1
2023421287551,2023,421287551,2,9,0,18,19,5,1,0,0,1,0,0,0,0,1,1,3,7,2,41,7,2143,2,8,MERCEDES GLE CLASS,8,E01023491,0,-1
2023010465051,2023,010465051,1,9,0,2,2,0,0,0,0,1,0,0,0,0,0,1,6,6,3,-1,-1,2925,2,4,MERCEDES GLE CLASS,-1,-1,0,-1
2023010444214,2023,010444214,2,9,0,99,99,9,9,99,99,9,9,99,9,99,9,9,6,6,3,-1,-1,2987,2,5,MERCEDES GLE CLASS,-1,-1,0,-1
2023010463682,2023,010463682,2,9,0,99,99,9,9,99,99,0,9,99,9,99,9,9,6,6,3,-1,-1,2925,2,1,MERCEDES GLE CLASS,9,E01004277,0,-1
2023451284269,2023,451284269,1,9,0,9,9,1,7,0,0,0,0,0,0,0,1,1,5,6,2,53,8,2143,2,6,MERCEDES GLE CLASS,10,E01004114,0,-1
2023201419557,2023,201419557,2,9,0,2,2,0,0,0,0,0,0,0,0,0,2,1,6,6,2,54,8,2143,2,5,MERCEDES GLE CLASS,8,E01010209,0,-1
2023010422359,2023,010422359,1,9,0,10,10,1,6,0,0,2,0,0,0,0,0,1,6,6,1,51,8,2987,2,5,MERCEDES GLE CLASS,2,E01003190,0,-1
2023010423945,2023,010423945,2,9,0,2,2,0,0,0,0,0,0,4,0,0,1,1,6,6,3,-1,-1,2996,8,5,MERCEDES GLE CLASS,-1,-1,0,-1
2023421335612,2023,421335612,2,9,0,3,3,5,1,0,0,1,0,0,0,0,2,1,5,6,2,34,6,2143,2,7,MERCEDES GLE CLASS,8,E01022057,0,-1
2023122300660,2023,122300660,1,9,0,4,4,2,6,0,0,0,0,0,0,0,2,1,6,6,1,40,7,2987,2,6,MERCEDES GLE CLASS,8,E01027591,0,-1
2023010478688,2023,010478688,1,9,0,1,1,3,7,0,0,2,0,0,0,0,0,1,6,6,1,43,7,2999,1,3,MERCEDES GLE CLASS,8,E01002265,0,-1
2023421333352,2023,421333352,1,9,0,5,5,2,8,0,0,8,0,0,0,0,3,1,2,2,1,50,8,2143,2,7,MERCEDES GLE CLASS,4,E01021392,0,-1
2023010424964,2023,010424964,2,9,0,99,99,9,9,99,99,9,9,99,9,99,1,9,6,6,3,-1,-1,2987,2,6,MERCEDES GLE CLASS,1,E01001483,0,-1
2023131322518,2023,131322518,1,9,0,1,1,3,3,0,0,8,0,0,0,0,2,1,5,6,1,63,9,2143,2,6,MERCEDES GLE CLASS,6,E01010634,0,-1
2023101284959,2023,101284959,1,9,0,18,19,6,2,0,0,0,0,0,0,0,1,1,6,6,1,-1,-1,1950,2,4,MERCEDES GLE CLASS,-1,-1,0,-1
2023471369497,2023,471369497,1,9,0,18,19,7,3,0,0,0,0,0,0,0,1,1,5,6,2,37,7,2143,2,5,MERCEDES GLE CLASS,8,E01031587,0,-1
2023991290514,2023,991290514,1,9,0,18,19,4,8,0,0,0,5,0,4,6,1,1,5,6,1,48,8,2925,2,2,MERCEDES GLE CLASS,9,E01029672,0,-1
2023131283109,2023,131283109,1,9,0,18,19,1,1,0,0,1,0,0,0,0,1,1,2,2,1,34,6,1950,2,4,MERCEDES GLE CLASS,4,E01011165,0,-1
2023552301501,2023,552301501,2,9,0,3,3,4,8,0,0,4,0,0,0,0,1,1,6,6,2,31,6,2143,2,6,MERCEDES GLE CLASS,-1,-1,0,-1
2023010466647,2023,010466647,2,9,0,99,99,9,9,99,99,9,9,99,9,99,3,9,6,6,3,-1,-1,1950,12,1,MERCEDES GLE CLASS,-1,-1,0,-1
2023471315703,2023,471315703,2,9,0,7,7,1,5,0,0,0,0,0,0,0,1,1,5,6,1,79,11,2999,8,3,MERCEDES GLE CLASS,4,E01028871,0,-1
2023201411035,2023,201411035,1,9,0,18,19,8,4,0,0,8,0,0,0,0,1,1,6,6,1,35,6,2987,2,7,MERCEDES GLE CLASS,2,E01010363,0,-1
2023010483800,2023,010483800,3,9,0,17,19,3,7,0,0,0,1,0,0,0,4,1,2,2,1,45,7,2143,2,7,MERCEDES GLE CLASS,9,E01015982,0,-1
2023141365692,2023,141365692,4,9,0,2,2,0,0,0,0,0,0,0,0,0,3,1,6,6,3,-1,-1,2987,2,5,MERCEDES GLE CLASS,-1,-1,0,-1
2023421260873,2023,421260873,2,9,0,9,9,7,3,0,0,0,0,0,0,0,3,1,6,6,2,45,7,2143,2,5,MERCEDES GLE CLASS,10,E01022587,0,-1
2023010449318,2023,010449318,1,9,0,7,7,7,2,0,0,8,0,0,0,0,1,1,6,6,1,-1,-1,2925,2,3,MERCEDES GLE CLASS,-1,-1,0,-1
2023010465650,2023,010465650,2,9,0,15,15,5,1,0,0,1,0,0,0,0,3,1,6,6,1,37,7,2925,2,1,MERCEDES GLE CLASS,-1,-1,0,-1
2023471312978,2023,471312978,2,9,0,4,4,5,1,0,0,1,0,0,0,0,2,1,6,6,1,47,8,2143,2,7,MERCEDES GLE CLASS,4,E01031835,0,-1
2023052302461,2023,052302461,2,9,0,4,4,1,5,0,0,1,0,0,0,0,2,1,6,6,1,38,7,2143,2,7,MERCEDES GLE CLASS,1,E01006443,0,-1
2023010478631,2023,010478631,3,9,0,2,2,0,0,0,0,0,0,4,0,0,1,1,6,6,3,-1,-1,2987,2,7,MERCEDES GLE CLASS,-1,-1,0,-1
2023010451312,2023,010451312,2,9,9,99,99,9,9,0,0,1,9,99,0,0,9,9,6,6,1,37,7,2143,2,6,MERCEDES GLE CLASS,9,E01003759,0,-1
2023471285064,2023,471285064,2,19,0,9,9,8,6,0,0,1,0,0,0,0,1,1,6,6,3,-1,-1,2998,2,6,MITSUBISHI FUSO CANTER,-1,-1,0,-1
2023061309112,2023,061309112,1,19,4,18,19,2,6,0,0,0,0,0,0,0,1,1,6,6,1,50,8,2998,2,0,MITSUBISHI FUSO CANTER,5,E01004975,0,-1
2023622300708,2023,622300708,1,20,0,18,19,2,6,0,0,2,0,0,0,0,1,1,1,1,1,37,7,2998,2,0,MITSUBISHI FUSO CANTER,2,W01001162,0,-1
2023070901753,2023,070901753,2,20,0,18,19,7,3,0,0,1,0,0,0,0,1,1,1,1,1,61,9,2998,2,6,MITSUBISHI FUSO CANTER,1,E01005756,0,-1
2023610002923,2023,610002923,1,20,0,18,19,7,3,0,0,0,5,0,7,9,4,1,1,1,1,45,7,-1,-1,-1,MITSUBISHI FUSO CANTER,2,W01001385,0,-1
2023010449680,2023,010449680,1,19,0,18,19,7,3,0,0,1,0,0,0,0,1,1,1,1,1,69,10,2998,2,6,MITSUBISHI FUSO CANTER,1,E01004674,0,-1
2023010466822,2023,010466822,1,19,0,1,1,3,7,9,9,6,0,0,0,0,2,1,1,1,1,71,10,2998,2,5,MITSUBISHI FUSO CANTER,8,E01002385,0,-1
2023471351355,2023,471351355,1,19,0,9,9,1,6,0,0,6,0,0,0,0,1,1,1,1,1,55,8,2998,2,0,MITSUBISHI FUSO CANTER,6,E01031343,0,-1
2023421269726,2023,421269726,2,20,0,18,19,1,5,0,0,0,0,0,0,0,2,1,1,1,1,29,6,2998,2,8,MITSUBISHI FUSO CANTER,8,E01029921,0,-1
2023010461761,2023,010461761,2,20,4,99,99,9,9,99,99,9,9,99,9,99,9,9,6,6,1,36,7,2977,2,16,MITSUBISHI FUSO CANTER,3,E01000511,0,-1
2023010462904,2023,010462904,1,19,0,7,7,1,3,0,0,8,0,0,0,0,4,1,1,1,1,48,8,2998,2,4,MITSUBISHI FUSO CANTER,4,E01023957,0,-1
2023302300569,2023,302300569,3,19,0,10,10,8,6,0,0,1,0,0,0,0,1,1,1,1,1,49,8,2998,2,2,MITSUBISHI FUSO CANTER,5,E01019525,0,-1
2023070710399,2023,070710399,1,21,0,9,9,2,6,0,0,1,0,0,0,0,3,1,1,1,1,55,8,-1,-1,-1,-1,2,E01018716,0,-1
2023440131100,2023,440131100,1,20,0,18,19,3,7,0,0,0,0,0,0,0,1,1,1,1,1,53,8,2998,2,6,MITSUBISHI FUSO CANTER,8,E01017059,0,-1
2023010469870,2023,010469870,2,20,9,99,99,9,9,99,99,9,9,99,9,99,9,9,6,6,3,-1,-1,2998,2,4,MITSUBISHI FUSO CANTER,8,E01023321,0,-1
2023421329494,2023,421329494,1,21,0,18,19,5,1,0,0,0,1,0,0,0,4,1,1,1,1,58,9,2998,2,5,-1,3,E01000062,0,-1
2023546864623,2023,546864623,1,19,0,18,19,1,5,0,0,0,0,0,0,0,1,1,1,1,1,28,6,2998,2,6,MITSUBISHI FUSO CANTER,7,E01031974,0,-1
2023471287333,2023,471287333,2,19,0,3,3,5,1,0,0,0,0,0,0,0,2,1,1,1,1,39,7,2998,2,7,MITSUBISHI FUSO CANTER,2,E01021179,0,-1
2023010477708,2023,010477708,2,19,0,99,99,9,9,99,99,9,9,99,9,99,1,9,6,6,1,30,6,2998,2,1,MITSUBISHI FUSO CANTER,7,E01002171,0,-1
2023421320978,2023,421320978,1,19,0,7,7,5,7,0,0,5,0,0,0,0,4,1,6,6,1,64,9,2998,2,12,MITSUBISHI FUSO CANTER,4,E01022022,0,-1
2023131281967,2023,131281967,1,90,0,5,5,0,5,0,0,1,0,0,1,0,1,1,1,1,1,57,9,-1,-1,-1,-1,3,E01011463,0,-1
2023221380245,2023,221380245,1,20,0,2,2,0,0,0,0,1,0,0,0,0,2,1,1,1,1,46,8,-1,-1,-1,MITSUBISHI FUSO CANTER,-1,-1,0,-1
2023010484247,2023,010484247,6,19,0,4,4,7,3,0,0,4,0,0,0,0,2,1,1,1,1,51,8,-1,-1,-1,MITSUBISHI FUSO CANTER,5,E01015926,0,-1
2023520301162,2023,520301162,2,20,0,13,13,3,7,0,0,1,0,0,0,0,1,1,6,6,1,24,5,2998,2,4,MITSUBISHI FUSO CANTER,3,E01029280,0,-1
2023131370309,2023,131370309,1,20,0,18,19,3,7,0,0,0,0,0,0,0,1,1,1,1,1,58,9,2998,2,5,MITSUBISHI FUSO CANTER,1,E01006458,0,-1
2023471333115,2023,471333115,1,19,0,18,19,6,2,0,0,0,0,0,0,0,1,1,6,6,1,57,9,1598,2,4,NISSAN NV300,5,E01031385,0,-1
2023010457808,2023,010457808,1,19,0,18,19,3,7,0,0,2,0,4,7,0,1,1,6,6,1,22,5,1598,2,6,NISSAN NV300,3,E01003406,0,-1
2023101275879,2023,101275879,1,19,0,18,19,2,6,0,0,0,0,0,0,0,1,1,6,6,3,-1,-1,1598,2,4,NISSAN NV300,-1,-1,0,-1
2023010446985,2023,010446985,1,19,0,99,99,9,9,99,99,9,9,99,9,99,2,9,1,1,1,43,7,1598,2,4,NISSAN NV300,6,E01017592,0,-1
2023010463966,2023,010463966,1,19,0,1,1,7,3,9,9,6,0,0,0,0,4,1,1,1,1,56,9,1598,2,6,NISSAN NV300,2,E01000101,0,-1
2023221360984,2023,221360984,2,19,0,10,10,5,3,0,0,1,0,0,0,0,3,1,1,1,1,37,7,1997,2,2,NISSAN NV300,5,E01014084,0,-1
2023101307673,2023,101307673,1,90,0,18,19,7,3,0,0,0,0,0,0,0,1,1,5,6,1,41,7,1598,2,5,-1,2,E01008694,0,-1
2023451324119,2023,451324119,2,19,0,18,19,3,7,0,0,0,0,0,0,0,1,1,1,1,1,27,6,1997,2,3,NISSAN NV300,3,E01003372,0,-1
2023361378622,2023,361378622,3,19,0,4,4,8,5,0,0,0,0,0,0,0,2,1,2,2,1,32,6,1997,2,3,NISSAN NV300,3,E01026670,0,-1
2023340WN5782,2023,340WN5782,1,19,0,18,19,4,8,0,0,1,0,0,0,0,1,1,1,1,1,47,8,1997,2,2,NISSAN NV300,1,E01021306,0,-1
2023141364424,2023,141364424,1,19,0,18,19,7,3,0,0,1,0,0,0,0,1,1,6,6,1,49,8,1598,2,5,NISSAN NV300,2,E01007849,0,-1
2023101351152,2023,101351152,2,20,0,18,19,4,8,0,0,0,0,0,0,0,2,1,1,1,1,50,8,-1,-1,-1,-1,5,E01020687,0,-1
2023411311261,2023,411311261,2,9,0,2,2,0,0,0,0,8,0,0,0,0,4,1,6,6,1,72,10,848,1,24,-1,6,E01023874,0,-1
2023622300747,2023,622300747,2,9,0,2,2,0,0,0,0,1,0,0,0,0,2,1,6,6,1,70,10,848,1,42,-1,2,W01000789,0,-1
2023991348203,2023,991348203,1,90,0,2,2,3,7,0,0,0,1,0,0,0,1,1,5,6,1,36,7,858,1,46,-1,6,-1,0,-1
2023430007341,2023,430007341,2,17,0,18,19,6,2,0,0,8,5,0,0,0,2,1,6,6,1,52,8,-1,2,41,-1,4,E01016716,0,-1
2023471356839,2023,471356839,1,11,0,18,19,5,1,0,0,4,0,0,0,0,1,1,1,1,1,55,8,9000,2,15,SCANIA MODEL MISSING,10,E01031640,0,-1
2023010475409,2023,010475409,1,19,0,4,4,1,5,0,0,1,0,0,0,0,1,1,1,1,1,38,7,9290,2,2,SCANIA MODEL MISSING,5,E01033592,0,-1
2023440487768,2023,440487768,2,21,1,3,3,7,3,0,0,8,0,0,0,0,2,1,1,1,1,57,9,16353,2,1,SCANIA MODEL MISSING,2,E01022655,0,-1
2023622300284,2023,622300284,1,21,0,17,19,6,2,0,0,0,0,0,0,0,1,1,1,1,1,21,5,16400,2,7,SCANIA MODEL MISSING,2,E01029453,0,-1
2023010430095,2023,010430095,2,21,0,18,19,5,1,0,0,0,0,0,0,0,1,1,6,6,1,22,5,16353,2,4,SCANIA MODEL MISSING,6,E01031877,0,-1
2023311383642,2023,311383642,1,11,0,18,19,3,7,0,0,0,0,0,0,0,1,1,1,1,2,63,9,9000,2,9,SCANIA MODEL MISSING,1,E01013962,0,-1
2023371332682,2023,371332682,1,21,5,18,19,7,3,0,0,0,0,0,0,0,1,1,1,1,1,-1,-1,12740,2,9,SCANIA MODEL MISSING,5,E01022034,0,-1
2023501354579,2023,501354579,2,21,0,2,2,0,0,0,0,1,0,4,0,0,2,1,6,6,1,31,6,12742,2,2,SCANIA MODEL MISSING,-1,-1,0,-1
2023221268195,2023,221268195,3,21,1,18,19,7,3,0,0,0,0,0,0,0,0,1,1,1,1,48,8,16400,2,7,SCANIA MODEL MISSING,4,E01028920,0,-1
2023552301212,2023,552301212,2,11,0,18,19,1,5,0,0,0,0,0,0,0,1,1,1,1,1,65,9,9000,2,17,SCANIA MODEL MISSING,8,E01015299,0,-1
2023201318574,2023,201318574,1,21,1,18,19,4,8,0,0,0,0,0,0,0,1,1,1,1,1,37,7,12742,2,2,SCANIA MODEL MISSING,5,-1,0,-1
2023311371494,2023,311371494,1,11,0,5,5,1,5,0,0,1,0,0,0,0,0,1,1,1,1,62,9,9300,5,4,SCANIA MODEL MISSING,4,E01028165,0,-1
2023311280556,2023,311280556,2,11,0,18,19,5,8,0,0,8,0,0,0,0,0,1,1,1,1,63,9,9000,2,9,SCANIA MODEL MISSING,10,E01028216,0,-1
2023461307738,2023,461307738,1,11,0,12,12,2,7,0,0,8,0,0,0,0,4,1,1,1,2,-1,-1,9000,2,13,SCANIA MODEL MISSING,6,E01024491,0,-1
2023201281177,2023,201281177,1,21,0,18,19,7,3,0,0,8,0,0,0,0,1,1,1,1,1,31,6,12742,2,4,SCANIA MODEL MISSING,2,E01009782,0,-1
2023631388272,2023,631388272,1,21,0,18,19,7,3,0,0,0,0,0,0,0,3,1,2,2,1,46,8,12742,2,4,SCANIA MODEL MISSING,6,W01000700,0,-1
2023031343294,2023,031343294,1,21,4,9,9,1,7,0,0,8,5,0,0,0,0,1,1,1,1,54,8,12740,2,6,SCANIA MODEL MISSING,2,E01019227,0,-1
2023311347873,2023,311347873,1,11,0,4,4,6,1,2,2,1,0,0,0,0,0,1,1,1,1,67,10,9300,5,4,SCANIA MODEL MISSING,8,E01028150,0,-1
2023471301951,2023,471301951,1,11,0,18,19,8,4,0,0,0,0,0,0,0,2,1,6,6,1,24,5,9000,2,14,SCANIA MODEL MISSING,8,E01020988,0,-1
2023451282831,2023,451282831,2,21,0,4,4,1,5,0,0,0,0,0,0,0,4,1,6,6,1,59,9,12742,2,6,SCANIA MODEL MISSING,7,E01017255,0,-1
2023131316572,2023,131316572,2,21,0,18,19,1,5,0,0,0,0,0,0,0,2,1,1,1,1,48,8,16353,2,1,SCANIA MODEL MISSING,2,-1,0,-1
2023061382488,2023,061382488,1,20,4,18,19,7,3,0,0,0,0,0,0,0,1,1,1,1,1,29,6,-1,-1,-1,SCANIA MODEL MISSING,4,E01005834,0,-1
2023421344340,2023,421344340,1,21,4,7,7,5,7,0,0,8,0,0,0,0,1,1,1,1,1,55,8,12742,2,1,SCANIA MODEL MISSING,5,E01021338,0,-1
2023461340557,2023,461340557,1,11,0,18,19,7,3,0,0,1,0,0,0,0,1,1,1,1,1,57,9,9000,2,15,SCANIA MODEL MISSING,6,E01024216,0,-1
2023471333282,2023,471333282,2,90,0,17,19,3,8,0,0,1,0,0,0,0,1,1,1,1,1,30,6,-1,-1,-1,SCANIA MODEL MISSING,3,E01021126,0,-1
2023461339752,2023,461339752,1,11,0,18,19,7,3,0,0,0,0,0,0,0,1,1,6,6,1,-1,-1,9000,2,14,SCANIA MODEL MISSING,6,E01032807,0,-1
2023131312206,2023,131312206,1,21,0,18,19,3,7,0,0,0,0,0,0,0,1,1,1,1,1,66,10,12740,5,2,SCANIA MODEL MISSING,3,E01007237,0,-1
2023451352176,2023,451352176,2,20,1,15,15,3,1,0,0,0,0,0,0,0,4,1,6,6,1,36,7,12740,2,8,SCANIA MODEL MISSING,6,E01016393,0,-1
2023991378575,2023,991378575,1,21,1,18,19,3,7,0,0,1,0,12,0,0,4,1,5,6,1,34,6,7700,2,2,SCANIA MODEL MISSING,9,E01021951,0,-1
2023451286349,2023,451286349,2,21,0,18,19,3,7,0,0,0,0,0,0,0,1,1,1,1,1,40,7,12742,2,5,SCANIA MODEL MISSING,8,E01029844,0,-1
2023221315004,2023,221315004,3,21,1,18,19,4,8,0,0,0,0,0,0,0,3,1,1,1,1,34,6,16353,2,0,SCANIA MODEL MISSING,5,E01028904,0,-1
2023010454765,2023,010454765,2,21,0,18,19,4,8,0,0,0,0,0,0,0,1,1,1,1,1,58,9,12742,2,0,SCANIA MODEL MISSING,1,E01021500,0,-1
2023311352314,2023,311352314,1,10,0,9,9,4,1,0,0,0,0,4,0,0,2,1,1,1,1,58,9,-1,-1,-1,-1,1,E01013826,0,-1
2023421365924,2023,421365924,1,19,0,18,19,1,5,0,0,0,0,0,0,0,0,1,6,6,3,-1,-1,12742,2,1,SCANIA MODEL MISSING,-1,-1,0,-1
202354B092823,2023,54B092823,1,21,0,18,19,5,1,0,0,1,1,0,1,1,1,1,1,1,1,48,8,16353,2,1,SCANIA MODEL MISSING,9,E01020464,0,-1