collision_index,collision_year,collision_ref_no,vehicle_reference,vehicle_type,towing_and_articulation,vehicle_manoeuvre_historic,vehicle_manoeuvre,vehicle_direction_from,vehicle_direction_to,vehicle_location_restricted_lane_historic,vehicle_location_restricted_lane,junction_location,skidding_and_overturning,hit_object_in_carriageway,vehicle_leaving_carriageway,hit_object_off_carriageway,first_point_of_impact,vehicle_left_hand_drive,journey_purpose_of_driver_historic,journey_purpose_of_driver,sex_of_driver,age_of_driver,age_band_of_driver,engine_capacity_cc,propulsion_code,age_of_vehicle,generic_make_model,driver_imd_decile,lsoa_of_driver,escooter_flag,driver_distance_banding
202363A020323,2023,63A020323,1,21,0,17,19,7,4,0,0,0,5,0,2,10,4,1,1,1,1,88,11,8970,2,23,SCANIA MODEL MISSING,6,W01000842,0,-1
2023501321775,2023,501321775,2,21,2,18,19,5,1,0,0,0,0,0,0,0,1,1,1,1,1,29,6,12742,2,3,SCANIA MODEL MISSING,5,E01020331,0,-1
2023631332309,2023,631332309,2,21,0,18,19,4,8,0,0,1,0,0,0,0,2,1,1,1,1,35,6,12742,2,0,SCANIA MODEL MISSING,4,W01000970,0,-1
2023461359418,2023,461359418,1,20,0,9,9,3,7,0,0,8,5,0,0,0,0,1,1,1,1,47,8,12740,2,10,SCANIA MODEL MISSING,6,E01024371,0,-1
2023332300925,2023,332300925,2,21,0,18,19,2,6,0,0,0,0,0,0,0,1,1,1,1,1,28,6,12742,2,7,SCANIA MODEL MISSING,5,E01014055,0,-1
2023311327994,2023,311327994,3,11,0,2,2,0,0,0,0,0,0,0,0,0,2,1,1,1,2,23,5,9000,2,6,SCANIA MODEL MISSING,-1,-1,0,-1
2023070493413,2023,070493413,1,21,1,18,19,1,5,0,0,0,0,0,0,0,1,1,6,6,3,-1,-1,12742,2,4,SCANIA MODEL MISSING,-1,-1,0,-1
2023122400086,2023,122400086,2,21,0,2,2,0,0,0,0,8,0,0,0,0,2,1,1,1,1,58,9,9290,2,6,SCANIA MODEL MISSING,4,E01012264,0,-1
2023311307359,2023,311307359,1,11,0,2,2,7,3,0,0,0,0,0,0,0,2,1,1,1,1,62,9,9000,2,9,SCANIA MODEL MISSING,-1,-1,0,-1
2023531280617,2023,531280617,2,21,1,12,12,5,3,0,0,0,0,0,0,0,3,1,1,1,1,57,9,12740,2,7,SCANIA MODEL MISSING,1,E01013203,0,-1
2023501378245,2023,501378245,1,21,0,18,19,3,6,0,0,0,0,0,0,0,1,1,1,1,1,58,9,12742,2,5,SCANIA MODEL MISSING,9,E01018796,0,-1
2023451331880,2023,451331880,3,21,0,18,19,7,3,0,0,0,0,0,0,0,0,1,1,1,1,44,7,-1,-1,-1,SCANIA MODEL MISSING,10,E01030931,0,-1
2023430130257,2023,430130257,2,21,4,11,11,1,5,0,0,2,0,0,0,0,4,1,6,6,1,45,7,12740,2,8,SCANIA MODEL MISSING,-1,-1,0,-1
2023401363449,2023,401363449,2,21,1,2,2,0,0,6,6,0,0,0,0,0,2,1,5,6,1,33,6,12742,2,5,SCANIA MODEL MISSING,3,E01016846,0,-1
2023540543923,2023,540543923,3,90,0,18,19,7,3,0,0,1,1,0,7,3,1,1,6,6,1,44,7,9290,2,12,SCANIA MODEL MISSING,6,E01032037,0,-1
2023622300058,2023,622300058,1,11,0,5,5,6,2,0,0,0,0,4,1,4,1,1,1,1,1,55,8,9400,2,17,SCANIA MODEL MISSING,3,W01001290,0,-1
2023991339000,2023,991339000,2,21,1,18,19,1,5,0,0,0,0,0,0,0,1,1,1,1,1,59,9,12742,2,0,SCANIA MODEL MISSING,4,-1,0,-1
2023221372249,2023,221372249,2,21,1,18,19,3,7,0,0,0,0,0,0,0,1,1,1,1,1,41,7,11705,2,14,SCANIA MODEL MISSING,5,E01029005,0,-1
2023501350920,2023,501350920,1,11,0,5,5,6,2,0,0,0,0,0,0,0,0,1,6,6,1,36,7,9000,2,10,SCANIA MODEL MISSING,5,E01015237,0,-1
2023311326178,2023,311326178,1,11,0,5,5,5,7,0,0,1,0,0,0,0,0,1,1,1,1,44,7,9000,2,8,SCANIA MODEL MISSING,1,E01013920,0,-1
2023302400013,2023,302400013,2,21,1,11,11,1,5,0,0,2,0,0,0,0,4,1,1,1,1,-1,-1,12742,2,4,SCANIA MODEL MISSING,-1,-1,0,-1
2023451373053,2023,451373053,1,11,0,17,19,2,6,0,0,8,0,0,0,0,1,1,1,1,2,62,9,9000,2,15,SCANIA MODEL MISSING,4,E01031575,0,-1
2023991364701,2023,991364701,1,21,0,16,19,1,4,0,0,0,0,0,0,0,2,1,1,1,3,39,7,12740,2,6,SCANIA MODEL MISSING,1,-1,0,-1
2023201328575,2023,201328575,1,11,0,4,4,6,2,0,0,1,0,0,0,0,1,1,1,1,1,59,9,9000,2,14,SCANIA MODEL MISSING,1,E01010316,0,-1
2023311371847,2023,311371847,1,21,1,18,19,1,1,0,0,0,0,4,0,0,4,1,1,1,1,31,6,12742,2,5,SCANIA MODEL MISSING,9,E01013599,0,-1
2023481371509,2023,481371509,1,11,0,7,7,1,3,0,0,8,0,0,0,0,0,1,1,1,1,22,5,9000,2,15,SCANIA MODEL MISSING,-1,-1,0,-1
2023471305380,2023,471305380,2,21,0,18,19,7,3,0,0,2,0,0,0,0,4,1,1,1,1,57,9,9290,2,7,SCANIA MODEL MISSING,5,E01024031,0,-1
2023122400146,2023,122400146,2,21,1,18,19,1,5,0,0,0,0,0,0,0,2,1,1,1,1,60,9,12742,2,1,SCANIA MODEL MISSING,5,E01020904,0,-1
2023221354752,2023,221354752,2,21,0,16,19,3,6,0,0,8,0,0,0,0,1,1,1,1,1,49,8,9290,2,11,SCANIA MODEL MISSING,1,E01009841,0,-1
2023471307995,2023,471307995,1,21,0,1,1,7,3,9,9,0,5,0,0,0,4,1,1,1,1,61,9,12740,2,8,SCANIA MODEL MISSING,9,E01033214,0,-1
2023010472471,2023,010472471,1,20,9,99,99,9,9,99,99,9,9,99,9,99,9,1,6,6,1,26,6,9290,2,2,SCANIA MODEL MISSING,3,E01015819,0,-1
2023542970223,2023,542970223,1,21,0,18,19,6,2,0,0,1,0,0,0,0,1,1,1,1,1,50,8,12740,2,7,SCANIA MODEL MISSING,5,E01032103,0,-1
2023061316725,2023,061316725,1,21,1,4,4,5,1,0,0,0,0,0,0,0,1,1,1,1,1,59,9,12742,2,5,SCANIA MODEL MISSING,10,E01025316,0,-1
2023430051002,2023,430051002,1,21,0,18,19,4,8,0,0,0,0,0,1,0,3,1,1,1,1,36,7,12740,2,6,SCANIA MODEL MISSING,7,E01015582,0,-1
2023991264937,2023,991264937,2,21,0,18,19,8,4,0,0,0,1,0,0,0,2,1,1,1,1,27,6,12742,2,2,SCANIA MODEL MISSING,-1,-1,0,-1
2023010453473,2023,010453473,2,21,1,18,19,7,3,0,0,2,0,0,0,0,1,1,1,1,1,45,7,12740,2,7,SCANIA MODEL MISSING,8,E01015517,0,-1
2023052300517,2023,052300517,2,21,1,18,19,7,3,0,0,0,0,0,0,0,1,1,1,1,1,63,9,12742,2,3,SCANIA MODEL MISSING,3,E01006906,0,-1
2023122300035,2023,122300035,1,21,1,18,19,3,7,0,0,0,0,0,0,0,1,1,1,1,1,33,6,12740,2,8,SCANIA MODEL MISSING,2,E01008665,0,-1
2023440108349,2023,440108349,3,21,1,18,19,3,7,0,0,2,0,0,0,0,1,1,1,1,1,45,7,16353,2,3,SCANIA MODEL MISSING,6,E01017298,0,-1
2023101333275,2023,101333275,1,19,0,1,1,5,5,0,0,1,0,0,0,0,2,1,1,1,1,47,8,-1,-1,-1,SCANIA MODEL MISSING,3,E01008183,0,-1
2023320662364,2023,320662364,1,21,1,4,4,4,8,0,0,1,0,0,0,0,1,1,1,1,1,38,7,12742,2,0,SCANIA MODEL MISSING,8,E01006829,0,-1
2023320214792,2023,320214792,1,21,0,17,19,7,4,0,0,0,5,0,1,0,1,1,1,1,1,58,9,12740,2,10,SCANIA MODEL MISSING,7,E01031068,0,-1
2023991351371,2023,991351371,2,90,0,18,19,3,7,0,0,0,0,0,0,0,3,1,1,1,1,57,9,-1,-1,-1,SCANIA MODEL MISSING,5,-1,0,-1
2023340WN3812,2023,340WN3812,2,11,0,17,19,2,6,0,0,0,0,0,0,0,0,1,1,1,1,31,6,9000,2,14,SCANIA MODEL MISSING,8,E01027217,0,-1
2023131314174,2023,131314174,1,21,0,18,19,3,7,0,0,0,0,0,0,0,1,2,6,6,3,-1,-1,12742,2,1,SCANIA MODEL MISSING,-1,-1,0,-1
2023991300401,2023,991300401,2,21,0,18,19,7,4,0,0,0,0,0,0,0,4,1,1,1,1,32,6,12740,2,6,SCANIA MODEL MISSING,4,-1,0,-1
2023302301458,2023,302301458,1,11,0,18,19,1,5,0,0,1,0,0,0,0,4,1,1,1,1,55,8,9000,2,14,SCANIA MODEL MISSING,3,E01007747,0,-1
2023501381815,2023,501381815,2,21,1,18,19,2,6,0,0,0,0,0,0,0,3,1,1,1,1,50,8,12740,2,6,SCANIA MODEL MISSING,5,E01020296,0,-1
2023302301428,2023,302301428,1,21,0,18,19,6,2,0,0,1,0,0,0,0,1,1,1,1,1,59,9,9290,2,1,SCANIA MODEL MISSING,7,E01033280,0,-1
2023041267019,2023,041267019,1,21,0,13,13,4,8,0,0,1,0,0,0,0,1,1,1,1,1,46,8,12742,2,0,SCANIA MODEL MISSING,2,E01019108,0,-1
2023991357891,2023,991357891,1,21,1,5,5,2,6,0,0,4,0,0,0,0,4,1,1,1,1,34,6,12742,2,3,SCANIA MODEL MISSING,-1,-1,0,-1
2023311318992,2023,311318992,1,11,0,18,19,8,4,0,0,8,0,0,0,0,0,1,1,1,1,45,7,9000,2,9,SCANIA MODEL MISSING,9,E01019706,0,-1
2023440444485,2023,440444485,1,21,1,11,11,1,5,0,0,0,0,0,0,0,2,1,1,1,1,61,9,12740,2,6,SCANIA MODEL MISSING,2,E01017165,0,-1
2023041332372,2023,041332372,1,21,0,18,19,5,1,0,0,0,0,0,0,0,1,1,1,1,1,23,5,16400,2,7,SCANIA MODEL MISSING,5,E01025415,0,-1
2023061344945,2023,061344945,1,20,0,18,19,5,1,0,0,8,0,0,0,0,1,1,1,1,1,48,8,7700,2,0,SCANIA MODEL MISSING,-1,-1,0,-1
2023991283547,2023,991283547,2,21,0,9,9,2,1,0,0,0,0,0,0,0,2,1,1,1,1,56,9,12742,2,4,SCANIA MODEL MISSING,8,-1,0,-1
2023421356210,2023,421356210,2,21,1,4,4,7,3,0,0,0,0,0,0,0,2,1,1,1,1,52,8,12742,2,3,SCANIA MODEL MISSING,8,E01029883,0,-1
2023340NN3092,2023,340NN3092,1,21,0,5,5,5,1,0,0,4,0,0,0,0,1,1,6,6,1,-1,-1,12742,2,1,SCANIA MODEL MISSING,-1,-1,0,-1
2023070088879,2023,070088879,1,21,4,18,19,7,3,0,0,0,0,2,0,0,1,1,1,1,1,53,8,-1,2,8,SCANIA MODEL MISSING,-1,-1,0,-1
2023461364668,2023,461364668,1,11,0,18,19,7,3,0,0,1,0,0,0,0,1,1,6,6,1,-1,-1,9000,2,7,SCANIA MODEL MISSING,7,E01021010,0,-1
2023501281953,2023,501281953,2,21,0,18,19,5,1,0,0,0,0,0,0,0,4,1,1,1,1,29,6,12742,2,5,SCANIA MODEL MISSING,3,E01019916,0,-1
2023471297884,2023,471297884,2,21,0,18,19,4,8,0,0,0,0,10,0,0,3,1,1,1,1,34,6,7700,2,0,SCANIA MODEL MISSING,3,E01009862,0,-1
2023430065561,2023,430065561,2,21,0,2,2,0,0,6,6,0,0,0,0,0,1,1,1,1,1,40,7,12742,2,4,SCANIA MODEL MISSING,2,E01027342,0,-1
2023471372045,2023,471372045,1,11,0,18,19,2,5,0,0,0,0,0,0,0,0,1,1,1,1,54,8,9000,2,13,SCANIA MODEL MISSING,8,E01021106,0,-1
2023211334882,2023,211334882,2,19,0,18,19,5,2,0,0,1,0,0,0,0,3,1,1,1,1,58,9,12742,2,5,SCANIA MODEL MISSING,7,E01031024,0,-1
2023221353446,2023,221353446,1,21,0,18,19,4,8,0,0,8,0,0,0,0,1,1,1,1,1,62,9,12740,2,8,SCANIA MODEL MISSING,8,E01031241,0,-1
2023041334438,2023,041334438,2,21,0,18,19,3,7,0,0,0,0,0,0,0,1,1,1,1,1,54,8,12742,2,4,SCANIA MODEL MISSING,7,E01027696,0,-1
2023070378708,2023,070378708,2,21,1,9,9,7,5,0,0,6,0,0,0,0,4,1,1,1,1,26,6,12742,2,5,SCANIA MODEL MISSING,5,E01028895,0,-1
2023061370342,2023,061370342,1,20,0,18,19,2,2,0,0,1,0,0,0,0,4,1,1,1,1,45,7,12740,2,6,SCANIA MODEL MISSING,1,E01004859,0,-1
2023340NN4042,2023,340NN4042,2,11,0,2,2,0,0,0,0,0,0,0,0,0,2,1,1,1,1,59,9,-1,2,22,SCANIA MODEL MISSING,9,E01018153,0,-1
2023501333725,2023,501333725,2,21,4,17,19,7,3,0,0,0,0,0,7,0,1,1,1,1,1,62,9,12742,2,2,SCANIA MODEL MISSING,1,E01014802,0,-1
2023332300815,2023,332300815,2,21,0,17,19,8,4,0,0,0,0,0,0,0,1,1,1,1,1,37,7,12740,2,8,SCANIA MODEL MISSING,2,E01029988,0,-1
2023471283047,2023,471283047,1,11,0,4,4,7,3,0,0,0,0,0,0,0,0,1,1,1,1,22,5,9000,2,7,SCANIA MODEL MISSING,6,E01021113,0,-1
2023041365787,2023,041365787,1,11,0,18,19,1,5,0,0,1,0,0,0,0,1,1,6,6,1,58,9,9000,2,8,SCANIA MODEL MISSING,-1,-1,0,-1
2023041362781,2023,041362781,1,11,0,18,19,5,1,0,0,0,0,0,0,0,4,1,6,6,3,-1,-1,9000,2,11,SCANIA MODEL MISSING,-1,-1,0,-1
2023351359455,2023,351359455,3,21,1,17,19,7,3,0,0,0,0,0,0,0,1,1,2,2,1,53,8,12742,2,2,SCANIA MODEL MISSING,4,E01032995,0,-1
2023332301100,2023,332301100,2,21,0,18,19,5,1,0,0,8,0,0,0,0,1,1,1,1,1,52,8,9290,2,4,SCANIA MODEL MISSING,7,E01014303,0,-1
2023991318254,2023,991318254,3,21,0,18,19,1,5,0,0,0,0,0,0,0,3,1,1,1,1,61,9,16400,2,7,SCANIA MODEL MISSING,2,-1,0,-1
2023302300176,2023,302300176,1,11,0,7,7,7,2,0,0,1,0,0,0,0,0,1,1,1,1,64,9,9000,2,11,SCANIA MODEL MISSING,6,E01019545,0,-1
2023311342078,2023,311342078,2,21,1,2,2,2,6,6,6,0,0,0,0,0,2,1,1,1,1,53,8,12742,2,3,SCANIA MODEL MISSING,7,E01014092,0,-1
2023461384270,2023,461384270,1,21,1,4,4,4,8,0,0,0,0,0,0,0,1,1,1,1,1,38,7,16353,2,2,SCANIA MODEL MISSING,4,E01018146,0,-1
2023010444306,2023,010444306,2,19,0,18,19,5,1,0,0,0,0,0,0,0,0,1,1,1,1,55,8,9290,2,2,SCANIA MODEL MISSING,10,E01007865,0,-1
2023052300886,2023,052300886,2,11,0,2,2,0,0,0,0,0,0,0,0,0,2,1,1,1,1,54,8,9000,2,7,SCANIA MODEL MISSING,7,E01005778,0,-1
2023311268648,2023,311268648,1,21,1,18,19,3,7,0,0,0,0,0,0,0,1,1,1,1,1,55,8,12740,2,9,SCANIA MODEL MISSING,6,E01028152,0,-1
2023501329174,2023,501329174,2,21,4,18,19,4,7,0,0,0,0,0,0,0,1,1,1,1,1,56,9,12742,2,4,SCANIA MODEL MISSING,1,E01007048,0,-1
2023340NN9082,2023,340NN9082,1,21,0,5,5,5,1,0,0,1,0,0,0,0,3,1,1,1,1,43,7,12742,2,2,SCANIA MODEL MISSING,1,E01026965,0,-1
2023991315868,2023,991315868,3,21,0,18,19,2,6,0,0,1,0,0,0,0,1,1,1,1,1,30,6,12740,2,11,SCANIA MODEL MISSING,-1,-1,0,-1
202360A077077,2023,60A077077,1,21,0,18,19,3,7,0,0,0,0,0,0,0,1,1,6,6,1,60,9,12742,2,4,SCANIA MODEL MISSING,-1,-1,0,-1
2023471324003,2023,471324003,1,11,0,18,19,3,7,0,0,1,0,0,0,0,0,1,1,1,1,43,7,9000,2,16,SCANIA MODEL MISSING,8,E01016901,0,-1
2023141280425,2023,141280425,2,21,0,17,19,3,7,0,0,4,0,0,0,0,3,1,1,1,1,36,7,7700,2,2,SCANIA MODEL MISSING,9,E01028059,0,-1
2023547126923,2023,547126923,1,21,0,18,19,5,1,0,0,3,0,0,0,0,3,1,6,6,1,28,6,9290,2,7,SCANIA MODEL MISSING,2,E01010406,0,-1
2023131382550,2023,131382550,1,21,0,9,9,5,7,0,0,0,0,0,0,0,4,1,1,1,1,25,5,16353,2,6,SCANIA MODEL MISSING,2,E01007592,0,-1
2023201278679,2023,201278679,2,20,1,7,7,2,4,0,0,5,0,0,0,0,1,1,1,1,1,20,4,-1,-1,-1,SCANIA MODEL MISSING,-1,-1,0,-1
2023010423667,2023,010423667,2,20,9,99,99,9,9,99,99,9,9,99,9,99,9,9,6,6,3,-1,-1,12740,2,8,SCANIA MODEL MISSING,6,E01021473,0,-1
2023122300133,2023,122300133,1,21,0,17,19,5,1,0,0,0,2,6,7,3,1,1,6,6,1,50,8,9290,2,8,SCANIA MODEL MISSING,8,E01021801,0,-1
2023221381173,2023,221381173,2,21,1,18,19,3,8,0,0,0,0,0,0,0,3,1,1,1,1,48,8,12742,2,3,SCANIA MODEL MISSING,2,E01019990,0,-1
2023361340784,2023,361340784,1,20,0,4,4,8,4,0,0,0,0,4,0,0,1,1,1,1,1,32,6,12742,2,5,SCANIA MODEL MISSING,4,E01026656,0,-1
2023320361988,2023,320361988,2,21,0,18,19,7,3,0,0,8,0,0,0,0,1,1,2,2,1,64,9,12740,2,10,SCANIA MODEL MISSING,3,E01026113,0,-1
2023052301375,2023,052301375,3,90,0,18,19,7,3,0,0,8,0,0,0,0,0,1,2,2,3,-1,-1,9290,2,4,SCANIA MODEL MISSING,-1,-1,0,-1
2023520300580,2023,520300580,4,21,1,4,4,5,1,0,0,0,0,0,7,0,0,1,6,6,1,39,7,15607,2,14,SCANIA MODEL MISSING,9,E01031904,0,-1
2023302300462,2023,302300462,1,90,0,18,19,2,6,0,0,0,0,0,1,4,4,1,1,1,1,34,6,9290,2,11,SCANIA MODEL MISSING,8,E01019600,0,-1
2023371330954,2023,371330954,1,21,1,4,4,3,7,0,0,0,0,0,0,0,1,1,1,1,1,58,9,12742,2,3,SCANIA MODEL MISSING,10,E01023654,0,-1
2023340WN1842,2023,340WN1842,1,21,0,18,19,5,1,0,0,1,0,0,0,0,1,1,1,1,1,31,6,12742,2,0,SCANIA MODEL MISSING,4,E01031032,0,-1
2023221265386,2023,221265386,2,21,1,18,19,6,2,0,0,0,0,0,0,0,3,1,1,1,1,53,8,12742,2,2,SCANIA MODEL MISSING,5,E01019744,0,-1
2023340WN2082,2023,340WN2082,1,20,0,16,19,8,3,0,0,1,1,0,0,0,1,1,1,1,1,48,8,-1,-1,-1,SCANIA MODEL MISSING,8,E01011171,0,-1
2023991381259,2023,991381259,2,21,0,18,19,4,8,0,0,0,0,0,0,0,2,1,1,1,1,58,9,-1,-1,-1,SCANIA MODEL MISSING,-1,-1,0,-1
2023311294934,2023,311294934,1,11,0,4,4,1,5,0,0,1,0,0,0,0,0,1,1,1,1,60,9,9300,5,1,SCANIA MODEL MISSING,1,E01013920,0,-1
2023421313949,2023,421313949,1,21,4,5,5,2,7,0,0,0,0,0,0,0,2,1,1,1,1,53,8,12742,2,5,SCANIA MODEL MISSING,5,E01023342,0,-1
2023320069100,2023,320069100,1,21,0,11,11,5,1,0,0,0,0,0,0,0,1,1,1,1,1,56,9,9290,2,11,SCANIA MODEL MISSING,3,E01026311,0,-1
2023351375612,2023,351375612,2,90,0,18,19,7,3,0,0,0,0,0,7,0,1,1,1,1,1,55,8,-1,-1,-1,SCANIA MODEL MISSING,-1,-1,0,-1
202363B007323,2023,63B007323,1,19,0,18,19,7,3,0,0,8,0,0,0,0,1,1,1,1,1,40,7,9290,2,2,SCANIA MODEL MISSING,2,E01009960,0,-1
2023161330840,2023,161330840,1,21,1,11,11,2,6,0,0,0,0,0,0,0,4,1,1,1,1,47,8,-1,2,9,SCANIA MODEL MISSING,-1,-1,0,-1
2023991317905,2023,991317905,2,21,1,18,19,6,2,0,0,0,0,0,0,0,3,1,1,1,1,62,9,12742,2,3,SCANIA MODEL MISSING,5,-1,0,-1
2023421322473,2023,421322473,2,21,1,9,9,7,2,0,0,0,0,0,0,0,2,1,1,1,1,43,7,12742,2,0,SCANIA MODEL MISSING,7,E01021294,0,-1
2023010445976,2023,010445976,2,21,0,99,99,9,9,99,99,9,9,99,9,99,9,9,6,6,1,34,6,12740,2,9,SCANIA MODEL MISSING,3,E01001688,0,-1
2023161383002,2023,161383002,1,21,0,18,19,5,1,0,0,0,5,4,1,0,1,1,1,1,1,35,6,16353,2,4,SCANIA MODEL MISSING,4,E01026705,0,-1
2023451326127,2023,451326127,1,21,1,18,19,4,8,0,0,0,0,0,1,0,1,1,1,1,1,54,8,16353,2,1,SCANIA MODEL MISSING,2,E01029356,0,-1
2023052301532,2023,052301532,1,11,0,2,2,0,0,0,0,0,0,0,0,0,2,1,1,1,1,36,7,9000,2,14,SCANIA MODEL MISSING,2,E01007125,0,-1
2023421322940,2023,421322940,1,21,1,7,7,3,5,0,0,3,0,0,0,0,1,1,1,1,1,23,5,12742,2,2,SCANIA MODEL MISSING,6,E01021595,0,-1
2023430310079,2023,430310079,3,21,0,18,19,8,4,0,0,1,0,0,0,0,1,1,1,1,1,58,9,12740,2,8,SCANIA MODEL MISSING,6,E01000193,0,-1
2023440256766,2023,440256766,1,21,0,9,9,3,1,0,0,6,0,0,0,0,3,1,1,1,1,50,8,12742,2,3,SCANIA MODEL MISSING,9,E01025816,0,-1
2023311286314,2023,311286314,1,20,1,18,19,7,3,0,0,4,0,0,0,0,1,1,1,1,1,35,6,-1,-1,-1,SCANIA MODEL MISSING,1,E01015607,0,-1
2023201310324,2023,201310324,1,21,0,11,11,8,4,0,0,0,0,0,0,0,4,1,6,6,1,-1,-1,12742,2,3,SCANIA MODEL MISSING,-1,-1,0,-1
2023052300075,2023,052300075,1,90,0,1,1,2,8,0,0,8,0,4,0,0,4,1,1,1,1,40,7,9290,2,4,SCANIA MODEL MISSING,1,E01006693,0,-1
2023411364257,2023,411364257,3,20,1,9,9,5,1,0,0,0,0,0,0,0,2,1,1,1,1,44,7,-1,-1,-1,SCANIA MODEL MISSING,9,E01015708,0,-1
2023522301643,2023,522301643,3,21,0,18,19,4,8,0,0,1,0,0,0,0,1,1,6,6,1,36,7,7700,2,3,SCANIA MODEL MISSING,9,E01015015,0,-1
2023231373801,2023,231373801,2,21,1,18,19,6,2,0,0,8,1,0,0,0,1,1,1,1,1,30,6,12742,2,2,SCANIA MODEL MISSING,9,E01031039,0,-1
2023991325893,2023,991325893,2,21,4,17,19,3,8,0,0,0,0,0,0,0,3,1,1,1,1,35,6,12740,2,7,SCANIA MODEL MISSING,8,E01011254,0,-1
2023552300526,2023,552300526,1,21,0,18,19,8,4,0,0,0,0,0,0,0,0,1,1,1,1,42,7,9290,2,6,SCANIA MODEL MISSING,9,E01002467,0,-1
2023471294146,2023,471294146,2,11,0,18,19,5,1,0,0,0,0,0,0,0,1,1,1,1,1,36,7,9000,2,14,SCANIA MODEL MISSING,4,E01031546,0,-1
2023361285106,2023,361285106,2,21,1,3,3,7,3,0,0,0,0,0,0,0,2,1,1,1,1,44,7,12742,2,5,SCANIA MODEL MISSING,4,E01018096,0,-1
2023361329603,2023,361329603,2,21,0,10,10,5,3,0,0,1,0,0,0,0,2,1,1,1,1,41,7,7700,2,4,SCANIA MODEL MISSING,8,E01030015,0,-1
2023440425002,2023,440425002,2,21,1,18,19,1,5,0,0,0,0,0,0,0,3,1,6,6,1,32,6,-1,2,8,SCANIA MODEL MISSING,4,E01009921,0,-1
2023010459401,2023,010459401,1,19,0,18,19,1,5,0,0,0,0,0,0,0,4,1,1,1,1,36,7,7700,2,3,SCANIA MODEL MISSING,4,E01000588,0,-1
2023991266164,2023,991266164,2,21,0,15,15,5,1,0,0,0,0,0,0,0,2,1,1,1,1,59,9,12740,2,6,SCANIA MODEL MISSING,2,-1,0,-1
2023131266170,2023,131266170,1,11,0,18,19,2,6,0,0,8,0,0,0,0,0,1,3,7,1,48,8,9000,2,14,SCANIA MODEL MISSING,3,E01011519,0,-1
2023320325633,2023,320325633,1,21,0,18,19,4,8,0,0,4,0,0,0,0,1,1,1,1,1,55,8,12742,2,5,SCANIA MODEL MISSING,-1,-1,0,-1
2023211269090,2023,211269090,2,20,1,2,2,0,0,6,6,0,0,0,0,0,2,1,1,1,1,-1,-1,12742,2,4,SCANIA MODEL MISSING,2,E01006010,0,-1
2023332300050,2023,332300050,1,21,0,18,19,7,3,0,0,0,0,0,0,0,1,1,1,1,2,47,8,12742,2,5,SCANIA MODEL MISSING,5,E01026287,0,-1
2023631351534,2023,631351534,2,11,0,18,19,5,1,0,0,0,0,0,0,0,1,1,3,7,1,53,8,9291,2,0,SCANIA MODEL MISSING,2,W01000483,0,-1
2023991380170,2023,991380170,1,21,2,18,19,8,4,0,0,0,1,0,0,0,0,1,1,1,1,54,8,16353,2,0,SCANIA MODEL MISSING,5,E01027503,0,-1
2023141294075,2023,141294075,2,21,0,18,19,6,2,0,0,8,0,0,0,0,1,1,1,1,1,50,8,-1,-1,-1,SCANIA MODEL MISSING,2,E01007910,0,-1
2023071166502,2023,071166502,1,21,1,18,19,2,7,0,0,0,0,2,7,9,1,1,2,2,1,63,9,12740,2,9,SCANIA MODEL MISSING,6,E01029789,0,-1
2023531286310,2023,531286310,1,11,0,11,11,2,6,0,0,1,0,0,0,0,4,1,1,1,1,34,6,9000,2,2,SCANIA MODEL MISSING,8,E01032189,0,-1
2023440465862,2023,440465862,2,21,1,18,19,1,5,0,0,1,0,0,0,0,1,1,1,1,1,49,8,12742,2,1,SCANIA MODEL MISSING,1,E01005464,0,-1
2023361277324,2023,361277324,3,11,0,17,19,6,3,0,0,0,0,0,0,0,3,1,1,1,1,56,9,9000,2,4,SCANIA MODEL MISSING,4,E01026706,0,-1
2023052301802,2023,052301802,2,11,0,18,19,7,3,0,0,8,0,0,0,0,3,1,1,1,2,60,9,9000,2,11,SCANIA MODEL MISSING,-1,-1,0,-1
2023070007940,2023,070007940,2,21,1,18,19,1,5,0,0,0,0,11,0,0,0,1,1,1,1,64,9,12742,2,1,SCANIA MODEL MISSING,3,E01006359,0,-1
2023471272471,2023,471272471,1,21,0,18,19,1,5,0,0,0,2,0,7,11,1,1,1,1,1,24,5,9290,2,9,SCANIA MODEL MISSING,3,E01002589,0,-1