collision_index,collision_year,collision_ref_no,vehicle_reference,vehicle_type,towing_and_articulation,vehicle_manoeuvre_historic,vehicle_manoeuvre,vehicle_direction_from,vehicle_direction_to,vehicle_location_restricted_lane_historic,vehicle_location_restricted_lane,junction_location,skidding_and_overturning,hit_object_in_carriageway,vehicle_leaving_carriageway,hit_object_off_carriageway,first_point_of_impact,vehicle_left_hand_drive,journey_purpose_of_driver_historic,journey_purpose_of_driver,sex_of_driver,age_of_driver,age_band_of_driver,engine_capacity_cc,propulsion_code,age_of_vehicle,generic_make_model,driver_imd_decile,lsoa_of_driver,escooter_flag,driver_distance_banding
2023461383763,2023,461383763,1,21,1,1,1,8,2,0,0,8,0,0,0,0,4,2,1,1,1,46,8,16353,2,6,SCANIA MODEL MISSING,8,E01025771,0,-1
2023070287395,2023,070287395,1,21,1,5,5,1,5,0,0,8,0,0,0,0,1,1,2,2,1,29,6,12740,2,10,SCANIA MODEL MISSING,-1,-1,0,-1
2023070658267,2023,070658267,2,21,1,18,19,1,5,0,0,8,0,0,0,0,3,1,1,1,1,58,9,12742,2,5,SCANIA MODEL MISSING,7,W01001005,0,-1
2023332300520,2023,332300520,1,21,0,15,15,1,5,0,0,0,0,0,1,3,3,1,1,1,1,36,7,12742,2,2,SCANIA MODEL MISSING,6,E01023155,0,-1
2023421321271,2023,421321271,1,11,0,3,3,1,5,0,0,1,0,0,0,0,0,1,1,1,2,56,9,9000,2,15,SCANIA MODEL MISSING,-1,-1,0,-1
2023411348318,2023,411348318,3,21,0,18,19,1,5,0,0,1,0,0,0,0,3,1,1,1,1,59,9,12740,2,5,SCANIA MODEL MISSING,6,E01026040,0,-1
2023501289703,2023,501289703,2,11,-1,-1,-1,-1,-1,-1,-1,-1,-1,-1,-1,0,-1,1,1,1,1,27,6,9000,2,13,SCANIA MODEL MISSING,-1,-1,0,-1
2023221337604,2023,221337604,2,21,0,4,4,4,8,0,0,0,0,0,0,0,2,1,1,1,1,33,6,12740,2,7,SCANIA MODEL MISSING,8,E01013264,0,-1
2023622300071,2023,622300071,2,20,0,18,19,1,5,0,0,0,0,0,0,0,1,1,1,1,1,60,9,-1,-1,-1,SCANIA MODEL MISSING,2,W01000895,0,-1
2023351357594,2023,351357594,1,21,1,18,19,6,2,0,0,0,0,0,0,0,0,1,1,1,3,-1,-1,12742,2,1,SCANIA MODEL MISSING,-1,-1,0,-1
2023522400542,2023,522400542,2,21,0,12,12,1,5,0,0,0,0,0,0,0,1,1,1,1,1,65,9,12742,2,2,SCANIA MODEL MISSING,4,E01014448,0,-1
2023501392148,2023,501392148,1,21,0,10,10,5,1,0,0,1,0,0,0,0,1,1,1,1,1,62,9,12740,2,9,SCANIA MODEL MISSING,3,E01018918,0,-1
2023340NN2542,2023,340NN2542,3,21,0,18,19,8,4,0,0,1,0,1,0,0,1,1,1,1,1,63,9,12742,2,4,SCANIA MODEL MISSING,1,E01026965,0,-1
2023122300587,2023,122300587,2,21,1,18,19,3,7,0,0,8,0,0,0,0,2,1,1,1,1,53,8,12742,2,4,SCANIA MODEL MISSING,7,-1,0,-1
2023351380229,2023,351380229,1,11,0,18,19,1,5,0,0,1,0,0,0,0,3,1,2,2,2,47,8,13000,2,10,SCANIA MODEL MISSING,8,E01033429,0,-1
2023471377341,2023,471377341,1,11,0,18,19,2,6,0,0,0,0,0,0,0,0,1,6,6,3,-1,-1,9000,2,14,SCANIA MODEL MISSING,6,E01016912,0,-1
2023471326922,2023,471326922,1,11,0,2,2,1,5,0,0,0,0,0,0,0,0,1,1,1,1,35,6,9000,2,16,SCANIA MODEL MISSING,2,E01016873,0,-1
2023361311071,2023,361311071,1,21,1,18,19,3,7,0,0,2,0,0,0,0,3,1,1,1,1,58,9,12742,2,1,SCANIA MODEL MISSING,1,E01019566,0,-1
2023501319587,2023,501319587,3,21,0,18,19,2,6,0,0,0,0,0,0,0,1,1,6,6,1,55,8,9290,2,6,SCANIA MODEL MISSING,4,E01018979,0,-1
2023141328966,2023,141328966,2,21,0,1,1,5,8,0,0,1,0,0,0,0,2,1,6,6,1,43,7,16400,2,6,SCANIA MODEL MISSING,-1,-1,0,-1
2023351383276,2023,351383276,3,21,1,4,4,3,7,0,0,0,0,0,0,0,2,1,1,1,1,56,9,12742,2,2,SCANIA MODEL MISSING,5,E01022017,0,-1
2023471327925,2023,471327925,2,11,0,9,9,3,2,0,0,8,0,0,0,0,0,1,1,1,1,26,6,9000,2,14,SCANIA MODEL MISSING,3,E01020981,0,-1
2023141369721,2023,141369721,2,21,0,12,12,4,5,0,0,0,0,0,0,0,3,1,6,6,1,35,6,-1,2,8,SCANIA MODEL MISSING,2,E01007548,0,-1
2023421327964,2023,421327964,2,21,1,18,19,3,7,0,0,0,0,0,0,0,3,1,1,1,1,52,8,12742,2,4,SCANIA MODEL MISSING,7,E01014297,0,-1
2023201372720,2023,201372720,2,11,0,18,19,8,4,0,0,8,0,0,0,0,3,2,1,1,1,57,9,9000,2,13,SCANIA MODEL MISSING,2,E01010056,0,-1
2023332300607,2023,332300607,1,21,0,18,19,5,1,0,0,0,0,0,1,4,1,1,1,1,1,58,9,9290,2,0,SCANIA MODEL MISSING,1,E01013142,0,-1
2023141345945,2023,141345945,1,11,0,5,5,1,5,0,0,0,0,0,0,0,0,1,1,1,1,48,8,9000,2,12,SCANIA MODEL MISSING,5,E01007786,0,-1
2023302301333,2023,302301333,1,20,1,18,19,1,5,0,0,0,0,0,0,0,4,1,1,1,1,39,7,-1,-1,-1,SCANIA MODEL MISSING,4,E01026067,0,-1
2023332300839,2023,332300839,1,11,0,18,19,2,6,0,0,1,0,0,0,0,1,1,1,1,1,30,6,9000,2,8,SCANIA MODEL MISSING,2,E01028147,0,-1
2023031263909,2023,031263909,2,21,1,18,19,2,5,0,0,1,0,0,0,0,4,1,1,1,1,40,7,12740,2,10,SCANIA MODEL MISSING,9,E01025158,0,-1
2023131320423,2023,131320423,1,21,0,18,19,3,7,0,0,0,0,0,0,0,1,1,1,1,1,27,6,12742,2,4,SCANIA MODEL MISSING,4,E01011073,0,-1
2023552301409,2023,552301409,3,21,0,18,19,8,4,0,0,1,0,0,0,0,0,1,1,1,1,69,10,9290,2,3,SCANIA MODEL MISSING,8,E01023280,0,-1
2023010423170,2023,010423170,2,19,0,2,2,0,0,0,0,8,0,0,0,0,2,1,6,6,3,-1,-1,9290,2,1,SCANIA MODEL MISSING,-1,-1,0,-1
2023552301082,2023,552301082,2,21,0,18,19,7,3,0,0,8,0,0,0,0,1,1,1,1,1,52,8,12740,2,5,SCANIA MODEL MISSING,5,E01029253,0,-1
2023311341949,2023,311341949,1,21,0,18,19,1,4,0,0,0,0,0,0,0,0,1,6,6,1,40,7,12742,2,6,SCANIA MODEL MISSING,-1,-1,0,-1
2023991323434,2023,991323434,2,21,0,17,19,3,7,0,0,8,0,0,0,0,1,1,1,1,1,32,6,12740,2,5,SCANIA MODEL MISSING,1,-1,0,-1
2023991290885,2023,991290885,1,21,0,4,4,6,2,0,0,1,0,0,0,0,1,1,1,1,1,54,8,12742,2,1,SCANIA MODEL MISSING,-1,-1,0,-1
2023451299112,2023,451299112,1,21,0,18,19,5,1,0,0,0,0,0,0,0,1,1,1,1,1,33,6,16400,2,9,SCANIA MODEL MISSING,2,E01013585,0,-1
2023991325963,2023,991325963,1,21,1,17,19,7,3,0,0,0,2,0,1,1,4,1,1,1,1,22,5,16353,2,3,SCANIA MODEL MISSING,1,E01019231,0,-1
2023471324182,2023,471324182,1,21,0,2,2,3,7,0,0,0,0,0,7,0,2,1,1,1,1,57,9,9290,2,0,SCANIA MODEL MISSING,10,E01030614,0,-1
2023340NN4452,2023,340NN4452,2,21,0,2,2,0,0,0,0,0,0,0,0,0,2,1,2,2,1,36,7,12742,2,4,SCANIA MODEL MISSING,5,E01021647,0,-1
2023541341123,2023,541341123,2,21,0,18,19,5,1,0,0,0,0,0,0,0,3,1,1,1,1,43,7,12742,2,3,SCANIA MODEL MISSING,4,E01014450,0,-1
2023351271802,2023,351271802,2,21,1,18,19,1,5,0,0,0,0,0,0,0,2,1,1,1,1,37,7,12742,2,1,SCANIA MODEL MISSING,8,E01019616,0,-1
2023991288057,2023,991288057,2,21,0,17,19,7,3,0,0,0,0,0,0,0,1,1,1,1,1,45,7,9290,2,5,SCANIA MODEL MISSING,8,-1,0,-1
2023311370063,2023,311370063,1,21,4,7,7,5,7,0,0,8,0,0,1,0,1,1,1,1,1,27,6,12742,5,0,SCANIA MODEL MISSING,5,E01033016,0,-1
2023070411116,2023,070411116,1,21,1,18,19,1,5,0,0,1,1,0,0,0,1,1,1,1,1,69,10,12740,2,10,SCANIA MODEL MISSING,1,E01013995,0,-1
2023411339024,2023,411339024,2,21,1,18,19,3,1,0,0,8,0,0,0,0,3,1,1,1,1,63,9,12742,2,5,SCANIA MODEL MISSING,3,E01004037,0,-1
2023041329253,2023,041329253,2,21,0,2,2,5,1,6,6,0,0,0,0,0,2,1,5,6,1,41,7,12742,2,4,SCANIA MODEL MISSING,3,E01024943,0,-1
2023311352936,2023,311352936,2,21,1,18,19,2,6,0,0,1,1,0,0,0,1,1,1,1,1,32,6,16400,2,6,SCANIA MODEL MISSING,6,E01025912,0,-1
2023991364099,2023,991364099,1,21,1,11,11,6,2,0,0,0,0,0,0,0,4,1,1,1,1,32,6,12742,2,0,SCANIA MODEL MISSING,9,-1,0,-1
2023520300884,2023,520300884,2,21,1,18,19,4,8,0,0,8,0,0,0,0,1,1,6,6,1,45,7,12742,2,2,SCANIA MODEL MISSING,6,E01029222,0,-1
2023010460476,2023,010460476,1,21,0,18,19,6,2,0,0,0,0,0,0,0,1,1,6,6,1,36,7,12740,2,6,SCANIA MODEL MISSING,5,E01021518,0,-1
2023991284621,2023,991284621,2,21,1,18,19,1,5,0,0,0,0,0,0,0,1,1,1,1,1,40,7,12742,2,4,SCANIA MODEL MISSING,4,E01029090,0,-1
2023501326999,2023,501326999,3,21,0,18,19,7,3,0,0,0,0,0,0,0,0,1,6,6,1,23,5,12740,2,6,SCANIA MODEL MISSING,1,E01018910,0,-1
2023430335520,2023,430335520,2,21,0,9,9,7,1,0,0,5,0,0,0,0,0,1,1,1,1,19,4,12742,2,0,SCANIA MODEL MISSING,8,E01032349,0,-1
2023351369061,2023,351369061,1,21,1,18,19,7,3,0,0,1,0,0,0,0,1,1,1,1,1,56,9,9290,2,10,SCANIA MODEL MISSING,6,E01026887,0,-1
2023311381739,2023,311381739,1,11,0,5,5,7,3,0,0,0,0,0,0,0,0,1,1,1,1,44,7,9000,5,5,SCANIA MODEL MISSING,2,E01013834,0,-1
2023522301326,2023,522301326,1,11,0,18,19,5,1,0,0,8,0,0,0,0,4,1,1,1,1,56,9,9300,5,3,SCANIA MODEL MISSING,8,E01014938,0,-1
2023991309072,2023,991309072,2,21,1,18,19,2,7,0,0,1,0,0,0,0,4,1,1,1,1,40,7,12742,2,0,SCANIA MODEL MISSING,3,-1,0,-1
2023161262433,2023,161262433,2,21,0,18,19,7,3,0,0,8,0,0,0,0,4,1,1,1,1,38,7,12740,2,10,SCANIA MODEL MISSING,1,E01013278,0,-1
2023451343286,2023,451343286,1,21,0,18,19,3,7,0,0,0,0,0,0,0,1,1,1,1,1,39,7,12742,2,0,SCANIA MODEL MISSING,9,E01014872,0,-1
2023351383276,2023,351383276,1,21,0,18,19,3,7,0,0,0,1,0,1,4,1,1,1,1,1,59,9,12740,2,6,SCANIA MODEL MISSING,9,E01011628,0,-1
2023552300864,2023,552300864,2,21,0,18,19,8,3,0,0,8,0,0,0,0,4,1,1,1,1,59,9,12740,2,5,SCANIA MODEL MISSING,5,E01020472,0,-1
2023231320691,2023,231320691,1,21,1,18,19,3,7,0,0,0,0,0,0,0,1,1,1,1,1,27,6,12742,2,2,SCANIA MODEL MISSING,6,E01032407,0,-1
2023302300421,2023,302300421,7,21,1,18,19,5,1,0,0,0,0,0,0,0,1,1,1,1,1,39,7,12740,2,13,SCANIA MODEL MISSING,3,E01013547,0,-1
2023070581206,2023,070581206,1,21,1,18,19,2,6,0,0,0,2,0,0,0,1,1,1,1,1,47,8,16353,2,0,SCANIA MODEL MISSING,-1,-1,0,-1
2023421262639,2023,421262639,1,21,0,18,19,1,5,0,0,0,0,0,0,0,1,1,1,1,1,38,7,12742,2,1,SCANIA MODEL MISSING,1,E01020992,0,-1
2023070138581,2023,070138581,1,21,1,16,19,6,2,0,0,0,0,0,1,11,1,1,1,1,1,39,7,12742,2,1,SCANIA MODEL MISSING,1,E01012367,0,-1
2023610047323,2023,610047323,2,21,1,11,11,8,4,0,0,0,0,0,0,0,1,1,1,1,1,37,7,16353,2,6,SCANIA MODEL MISSING,8,E01025857,0,-1
2023302301972,2023,302301972,3,21,1,18,19,6,2,0,0,0,0,0,0,0,1,1,1,1,1,60,9,16353,2,3,SCANIA MODEL MISSING,4,E01018647,0,-1
2023451290119,2023,451290119,2,21,0,2,2,0,0,6,6,0,0,0,0,0,2,1,1,1,1,56,9,12742,2,3,SCANIA MODEL MISSING,4,E01022527,0,-1
2023361353758,2023,361353758,2,21,0,18,19,4,8,0,0,8,0,0,1,0,1,1,1,1,1,59,9,12740,2,8,SCANIA MODEL MISSING,7,E01026746,0,-1
2023320453461,2023,320453461,2,21,0,17,19,3,7,0,0,0,0,0,0,0,3,1,1,1,1,56,9,12742,2,2,SCANIA MODEL MISSING,8,E01026238,0,-1
2023991345357,2023,991345357,1,21,0,18,19,8,4,0,0,1,0,0,7,3,1,1,1,1,1,43,7,12740,2,9,SCANIA MODEL MISSING,4,-1,0,-1
2023332301097,2023,332301097,1,21,0,18,19,5,1,0,0,0,0,0,1,4,1,1,6,6,1,39,7,12740,2,9,SCANIA MODEL MISSING,4,E01009658,0,-1
2023161387781,2023,161387781,1,21,1,18,19,5,1,0,0,2,0,0,0,0,4,1,1,1,1,62,9,12742,2,0,SCANIA MODEL MISSING,7,E01013097,0,-1
2023546929323,2023,546929323,1,11,0,18,19,5,1,0,0,1,0,0,0,0,1,1,1,1,2,50,8,9000,2,15,SCANIA MODEL MISSING,10,E01015499,0,-1
202363D008423,2023,63D008423,1,11,0,18,19,8,4,0,0,0,0,0,0,0,0,1,1,1,1,53,8,9000,2,8,SCANIA MODEL MISSING,7,W01000430,0,-1
2023471326946,2023,471326946,1,11,0,11,11,3,7,0,0,0,0,0,0,0,1,1,1,1,1,43,7,11000,2,17,SCANIA MODEL MISSING,8,E01031776,0,-1
2023131350450,2023,131350450,2,21,0,18,19,5,1,0,0,0,0,0,0,0,4,1,1,1,1,58,9,12742,2,5,SCANIA MODEL MISSING,6,E01027578,0,-1
2023311268648,2023,311268648,2,21,4,18,19,7,3,0,0,0,0,0,0,0,1,1,1,1,1,51,8,12742,2,4,SCANIA MODEL MISSING,-1,-1,0,-1
2023010429758,2023,010429758,2,21,2,18,19,1,5,0,0,0,0,0,0,0,1,1,1,1,1,39,7,12742,2,4,SCANIA MODEL MISSING,2,E01019563,0,-1
2023311360411,2023,311360411,1,21,1,4,4,7,3,7,6,0,0,4,0,0,1,1,1,1,1,68,10,12742,2,2,SCANIA MODEL MISSING,8,E01026035,0,-1
2023161341121,2023,161341121,2,21,0,2,2,6,2,0,0,0,0,4,1,0,2,1,1,1,1,61,9,12742,2,2,SCANIA MODEL MISSING,-1,-1,0,-1
2023320425993,2023,320425993,3,21,0,18,19,5,1,0,0,1,0,0,0,0,0,1,1,1,1,31,6,9290,2,2,SCANIA MODEL MISSING,7,E01026351,0,-1
2023031336225,2023,031336225,1,21,2,18,19,4,7,0,0,0,0,10,0,0,0,1,1,1,1,20,4,16353,2,2,SCANIA MODEL MISSING,6,E01010920,0,-1
2023010454628,2023,010454628,3,21,1,18,19,1,5,0,0,0,0,0,0,0,1,1,1,1,2,45,7,12742,2,4,SCANIA MODEL MISSING,9,E01024297,0,-1
2023231377095,2023,231377095,1,21,1,11,11,4,8,0,0,0,0,0,0,0,2,1,6,6,1,46,8,12742,2,0,SCANIA MODEL MISSING,4,E01014011,0,-1
2023351318125,2023,351318125,1,21,1,11,11,1,5,0,0,0,0,0,0,0,1,1,1,1,1,48,8,12740,2,6,SCANIA MODEL MISSING,3,E01002370,0,-1
2023440087098,2023,440087098,2,21,1,18,19,6,2,0,0,0,0,0,0,0,2,1,1,1,1,41,7,12742,2,3,SCANIA MODEL MISSING,8,E01032842,0,-1
2023351331508,2023,351331508,1,21,4,9,9,7,3,0,0,1,0,0,0,0,2,1,1,1,1,36,7,11705,2,20,SCANIA MODEL MISSING,8,E01018515,0,-1
2023351387692,2023,351387692,1,21,0,11,11,1,5,0,0,0,0,0,0,0,1,1,1,1,1,67,10,12742,2,4,SCANIA MODEL MISSING,5,E01018187,0,-1
2023010445935,2023,010445935,2,21,1,99,99,9,9,99,99,9,9,99,9,99,9,9,6,6,3,-1,-1,12740,2,6,SCANIA MODEL MISSING,8,E01023549,0,-1
2023451287935,2023,451287935,2,21,0,11,11,3,1,0,0,0,0,0,0,0,4,1,6,6,1,50,8,12740,2,7,SCANIA MODEL MISSING,-1,-1,0,-1
2023451357546,2023,451357546,1,21,0,9,9,7,6,0,0,2,0,0,1,0,4,1,1,1,1,69,10,12740,2,10,SCANIA MODEL MISSING,10,E01031718,0,-1
2023430055454,2023,430055454,1,21,0,18,19,3,7,0,0,8,0,0,0,0,1,1,1,1,1,45,7,12740,2,7,SCANIA MODEL MISSING,-1,-1,0,-1
2023332300237,2023,332300237,2,21,0,18,19,6,2,0,0,0,0,0,0,0,2,1,1,1,1,25,5,12742,2,0,SCANIA MODEL MISSING,10,E01028407,0,-1
2023221296088,2023,221296088,2,21,1,18,19,7,3,0,0,0,0,0,0,0,3,1,1,1,1,65,9,12740,2,7,SCANIA MODEL MISSING,7,W01000501,0,-1
2023501377573,2023,501377573,2,21,1,17,19,1,5,0,0,2,1,0,0,0,1,1,1,1,1,47,8,12742,2,1,SCANIA MODEL MISSING,3,E01018790,0,-1
2023311325625,2023,311325625,2,11,0,2,2,6,2,2,2,3,0,0,0,0,2,1,1,1,1,52,8,9300,5,1,SCANIA MODEL MISSING,-1,-1,0,-1
2023211302488,2023,211302488,1,11,-1,4,4,4,2,-1,-1,-1,-1,-1,-1,0,-1,1,1,1,1,-1,-1,9000,2,8,SCANIA MODEL MISSING,3,E01013454,0,-1
2023041393257,2023,041393257,2,21,0,18,19,3,7,0,0,0,0,0,0,0,3,1,1,1,1,39,7,12742,2,4,SCANIA MODEL MISSING,2,E01018400,0,-1
2023351360232,2023,351360232,1,21,1,7,7,3,5,0,0,1,0,0,0,0,0,1,1,1,1,45,7,12742,2,2,SCANIA MODEL MISSING,5,W01000337,0,-1
2023520301416,2023,520301416,2,21,1,16,19,1,5,0,0,0,0,0,0,0,1,1,6,6,1,30,6,12742,2,5,SCANIA MODEL MISSING,6,E01029077,0,-1
2023371346692,2023,371346692,1,21,0,9,9,6,8,0,0,1,0,0,0,0,2,1,1,1,1,44,7,12742,2,0,SCANIA MODEL MISSING,-1,-1,0,-1
2023991298608,2023,991298608,1,21,0,18,19,5,1,0,0,0,0,0,0,0,1,1,1,1,1,60,9,12740,2,9,SCANIA MODEL MISSING,2,-1,0,-1
2023311344861,2023,311344861,1,11,0,4,4,1,4,0,0,1,0,0,0,0,0,1,1,1,1,39,7,9300,5,4,SCANIA MODEL MISSING,-1,-1,0,-1
2023131379781,2023,131379781,1,21,0,18,19,4,8,0,0,0,5,5,0,0,1,1,1,1,1,40,7,12740,2,6,SCANIA MODEL MISSING,8,E01015682,0,-1
2023421286277,2023,421286277,3,21,0,18,19,5,1,0,0,0,0,0,0,0,1,1,1,1,1,49,8,8970,2,17,SCANIA MODEL MISSING,8,E01021734,0,-1
2023471361739,2023,471361739,2,21,1,1,1,5,1,0,0,0,0,0,0,0,0,1,1,1,1,-1,-1,12742,2,2,SCANIA MODEL MISSING,-1,-1,0,-1
2023070673615,2023,070673615,1,21,1,4,4,1,5,0,0,1,0,0,0,0,1,1,1,1,1,49,8,12742,2,4,SCANIA MODEL MISSING,3,W01000355,0,-1
2023131265441,2023,131265441,1,11,0,18,19,1,5,0,0,0,0,0,0,0,1,1,1,1,1,42,7,-1,2,20,SCANIA MODEL MISSING,1,E01011616,0,-1
2023211324155,2023,211324155,3,21,1,18,19,4,8,0,0,0,0,0,0,0,3,1,1,1,1,54,8,12742,2,5,SCANIA MODEL MISSING,5,E01031132,0,-1
2023991345666,2023,991345666,2,21,1,4,4,1,5,0,0,4,0,0,7,0,1,1,1,1,1,64,9,12742,2,3,SCANIA MODEL MISSING,4,-1,0,-1
2023544804623,2023,544804623,1,21,0,18,19,6,1,0,0,1,0,0,0,0,1,1,6,6,1,56,9,12740,2,8,SCANIA MODEL MISSING,3,E01015503,0,-1
2023311327241,2023,311327241,1,11,0,4,4,1,5,0,0,0,0,0,0,0,0,1,1,1,1,56,9,9300,5,1,SCANIA MODEL MISSING,1,E01013920,0,-1
2023451378176,2023,451378176,1,21,0,5,5,3,7,0,0,0,0,0,0,0,1,1,1,1,1,63,9,12742,2,5,SCANIA MODEL MISSING,4,E01030634,0,-1
2023522400924,2023,522400924,1,11,0,18,19,7,3,0,0,0,0,0,0,0,1,1,6,6,1,35,6,9300,5,3,SCANIA MODEL MISSING,2,E01014601,0,-1
2023991318219,2023,991318219,2,21,0,18,19,1,4,0,0,0,0,0,0,0,3,1,1,1,1,44,7,12742,2,6,SCANIA MODEL MISSING,5,E01025483,0,-1
2023351332700,2023,351332700,1,21,0,18,19,-1,-1,0,0,8,0,0,0,0,1,1,1,1,1,52,8,12742,2,4,SCANIA MODEL MISSING,2,E01001977,0,-1
2023421292638,2023,421292638,2,21,1,2,2,0,0,6,6,0,0,0,0,0,3,1,1,1,1,48,8,-1,2,8,SCANIA MODEL MISSING,8,E01010241,0,-1
2023161365951,2023,161365951,2,21,0,9,9,6,5,0,0,0,0,0,0,0,2,1,1,1,1,35,6,12740,2,7,SCANIA MODEL MISSING,-1,-1,0,-1
2023052302041,2023,052302041,2,21,1,5,5,4,1,0,0,8,0,0,0,0,4,1,1,1,1,65,9,12742,2,0,SCANIA MODEL MISSING,5,E01006304,0,-1
2023991264937,2023,991264937,3,21,0,18,19,8,4,0,0,0,0,0,0,0,1,1,1,1,1,28,6,12742,2,5,SCANIA MODEL MISSING,-1,-1,0,-1
2023170M10403,2023,170M10403,1,21,0,18,19,6,2,0,0,8,0,0,0,0,1,1,1,1,1,38,7,-1,-1,-1,SCANIA MODEL MISSING,-1,-1,0,-1
2023131280582,2023,131280582,1,21,0,12,12,7,3,0,0,0,0,0,0,0,3,1,6,6,1,-1,-1,16353,2,1,SCANIA MODEL MISSING,-1,-1,0,-1
2023622300668,2023,622300668,3,21,0,7,7,3,4,0,0,1,0,0,0,0,3,1,6,6,1,32,6,13000,2,7,SCANIA MODEL MISSING,10,E01024483,0,-1
2023052302634,2023,052302634,3,21,1,18,19,5,1,0,0,1,0,0,0,0,1,1,1,1,3,-1,-1,16350,2,1,SCANIA MODEL MISSING,-1,-1,0,-1
2023320138652,2023,320138652,2,21,0,2,2,0,0,6,6,0,0,0,0,0,2,1,1,1,1,52,8,12742,2,0,SCANIA MODEL MISSING,5,E01021139,0,-1
2023421327349,2023,421327349,2,21,1,18,19,2,7,0,0,8,0,0,0,0,3,1,1,1,1,41,7,12742,2,3,SCANIA MODEL MISSING,3,E01016005,0,-1
2023052301257,2023,052301257,3,21,4,18,19,5,1,0,0,0,0,0,0,0,3,1,1,1,3,-1,-1,12742,2,1,SCANIA MODEL MISSING,-1,-1,0,-1
2023070291808,2023,070291808,2,21,0,18,19,8,4,0,0,0,0,0,0,0,1,1,1,1,1,39,7,12742,2,1,SCANIA MODEL MISSING,-1,-1,0,-1
2023351337098,2023,351337098,2,20,0,18,19,1,5,0,0,0,0,0,0,0,1,1,1,1,1,30,6,12742,2,4,SCANIA MODEL MISSING,5,E01017543,0,-1
2023061386313,2023,061386313,2,21,0,18,19,7,3,0,0,0,0,0,0,0,2,1,1,1,1,39,7,12740,2,6,SCANIA MODEL MISSING,6,E01025401,0,-1
2023401375312,2023,401375312,1,21,1,18,19,8,4,0,0,0,0,0,0,0,4,1,6,6,1,-1,-1,12742,2,0,SCANIA MODEL MISSING,6,E01025898,0,-1
2023520301501,2023,520301501,2,21,1,1,1,9,9,0,0,0,0,0,0,0,2,1,6,6,3,-1,-1,12740,2,6,SCANIA MODEL MISSING,-1,-1,0,-1
2023531279314,2023,531279314,1,21,1,9,9,1,7,0,0,8,0,0,0,0,1,1,6,6,1,28,6,12742,2,1,SCANIA MODEL MISSING,4,W01000966,0,-1
2023430445506,2023,430445506,1,20,0,12,12,3,7,0,0,8,0,0,0,0,3,1,1,1,3,-1,-1,-1,-1,-1,SCANIA MODEL MISSING,-1,-1,0,-1
2023070077949,2023,070077949,1,21,1,11,11,3,7,0,0,0,0,0,0,0,4,1,1,1,1,45,7,12742,2,4,SCANIA MODEL MISSING,7,E01025487,0,-1
2023991341577,2023,991341577,2,21,0,18,19,1,5,0,0,0,0,0,0,0,1,1,1,1,1,57,9,12742,2,4,SCANIA MODEL MISSING,4,-1,0,-1
2023010452975,2023,010452975,2,21,0,18,19,7,3,0,0,9,9,99,0,0,1,9,6,6,3,-1,-1,-1,-1,-1,SCANIA MODEL MISSING,-1,-1,0,-1
2023421353728,2023,421353728,1,21,0,18,19,7,4,0,0,0,1,0,0,0,1,1,1,1,1,50,8,12740,2,9,SCANIA MODEL MISSING,3,E01002313,0,-1
2023544074223,2023,544074223,1,11,0,4,4,5,1,0,0,0,0,0,0,0,0,1,1,1,1,56,9,9000,2,15,SCANIA MODEL MISSING,5,E01031867,0,-1
2023201417732,2023,201417732,1,11,0,3,3,8,4,2,2,0,0,0,0,0,2,1,1,1,2,53,8,9000,2,13,SCANIA MODEL MISSING,1,E01009378,0,-1
2023610018823,2023,610018823,1,21,0,18,19,4,8,0,0,3,0,0,0,0,3,1,1,1,1,49,8,12740,2,5,SCANIA MODEL MISSING,9,E01018034,0,-1
2023361360019,2023,361360019,1,21,1,18,19,7,3,0,0,0,0,0,1,10,4,1,1,1,1,51,8,-1,2,8,SCANIA MODEL MISSING,3,E01026747,0,-1
2023471267507,2023,471267507,1,11,0,18,19,1,5,0,0,0,0,0,0,0,1,1,1,1,1,50,8,9000,2,17,SCANIA MODEL MISSING,2,E01021179,0,-1
2023311364341,2023,311364341,1,11,0,5,5,8,6,0,0,0,0,0,0,0,0,1,1,1,1,61,9,9000,5,5,SCANIA MODEL MISSING,-1,-1,0,-1
2023610022523,2023,610022523,1,11,0,18,19,4,8,0,0,0,0,0,0,0,1,1,1,1,1,63,9,9000,2,4,SCANIA MODEL MISSING,4,E01007115,0,-1