collision_index,collision_year,collision_ref_no,vehicle_reference,vehicle_type,towing_and_articulation,vehicle_manoeuvre_historic,vehicle_manoeuvre,vehicle_direction_from,vehicle_direction_to,vehicle_location_restricted_lane_historic,vehicle_location_restricted_lane,junction_location,skidding_and_overturning,hit_object_in_carriageway,vehicle_leaving_carriageway,hit_object_off_carriageway,first_point_of_impact,vehicle_left_hand_drive,journey_purpose_of_driver_historic,journey_purpose_of_driver,sex_of_driver,age_of_driver,age_band_of_driver,engine_capacity_cc,propulsion_code,age_of_vehicle,generic_make_model,driver_imd_decile,lsoa_of_driver,escooter_flag,driver_distance_banding
2023501328374,2023,501328374,1,21,1,7,7,4,7,9,9,0,0,0,0,0,4,1,1,1,1,46,8,12742,2,1,SCANIA MODEL MISSING,6,E01020221,0,-1
2023311362195,2023,311362195,1,11,0,18,19,7,3,0,0,0,0,0,0,0,1,1,5,6,1,55,8,9300,5,4,SCANIA MODEL MISSING,-1,-1,0,-1
2023311389848,2023,311389848,2,11,0,18,19,7,3,0,0,0,0,0,0,0,0,1,1,1,2,44,7,9300,5,1,SCANIA MODEL MISSING,2,E01032621,0,-1
2023101389684,2023,101389684,1,21,1,18,19,1,5,0,0,0,5,0,1,0,4,1,1,1,1,57,9,12742,2,1,SCANIA MODEL MISSING,8,E01020828,0,-1
2023351271054,2023,351271054,1,11,0,18,19,5,1,0,0,0,0,0,0,0,1,1,1,1,1,-1,-1,9000,2,14,SCANIA MODEL MISSING,-1,-1,0,-1
2023070959366,2023,070959366,2,21,1,18,19,2,6,0,0,0,0,0,0,0,2,1,1,1,1,40,7,12742,2,0,SCANIA MODEL MISSING,5,E01006212,0,-1
202360A109430,2023,60A109430,2,21,0,18,19,7,3,0,0,1,0,0,0,0,3,1,1,1,1,45,7,16400,2,7,SCANIA MODEL MISSING,-1,-1,0,-1
2023471265162,2023,471265162,1,90,0,11,11,3,7,0,0,0,0,0,1,0,4,1,1,1,1,53,8,-1,-1,-1,SCANIA MODEL MISSING,8,E01027332,0,-1
2023501359882,2023,501359882,1,11,0,18,19,4,8,0,0,0,0,0,0,0,3,1,6,6,1,43,7,9000,2,10,SCANIA MODEL MISSING,8,E01015223,0,-1
2023332301182,2023,332301182,2,21,0,2,2,0,0,6,6,0,0,0,1,0,2,1,1,1,1,61,9,12742,2,4,SCANIA MODEL MISSING,1,E01010874,0,-1
2023061270747,2023,061270747,1,21,0,18,19,2,6,0,0,1,0,0,0,0,1,1,1,1,1,30,6,11021,2,19,SCANIA MODEL MISSING,2,E01004948,0,-1
2023430238584,2023,430238584,1,11,0,3,3,1,5,0,0,2,0,0,0,0,2,1,1,1,1,73,10,9000,2,14,SCANIA MODEL MISSING,7,E01028640,0,-1
2023991381017,2023,991381017,1,21,1,18,19,7,3,0,0,0,5,0,7,7,1,1,1,1,1,54,8,12742,2,5,SCANIA MODEL MISSING,3,E01019228,0,-1
2023421362882,2023,421362882,2,21,1,18,19,3,7,0,0,0,0,0,0,0,2,1,1,1,1,29,6,12742,2,3,SCANIA MODEL MISSING,5,E01026284,0,-1
2023351274401,2023,351274401,2,21,1,18,19,-1,-1,0,0,0,0,0,0,0,1,1,6,6,1,70,10,12742,2,3,SCANIA MODEL MISSING,6,E01026272,0,-1
2023131327272,2023,131327272,2,21,0,16,19,4,8,0,0,0,0,0,0,0,1,1,1,1,1,48,8,12740,2,9,SCANIA MODEL MISSING,1,E01011842,0,-1
2023211360023,2023,211360023,2,21,1,18,19,3,7,0,0,0,0,0,0,0,0,1,1,1,1,55,8,12740,2,7,SCANIA MODEL MISSING,5,E01029470,0,-1
2023501326418,2023,501326418,1,21,1,4,4,1,5,0,0,0,-1,-1,-1,0,0,1,6,6,1,38,7,16353,2,2,SCANIA MODEL MISSING,6,E01015027,0,-1
202354B837223,2023,54B837223,1,21,0,18,19,7,3,0,0,0,0,0,0,0,1,1,1,1,1,49,8,12742,2,4,SCANIA MODEL MISSING,-1,-1,0,-1
2023501282952,2023,501282952,3,21,0,18,19,7,3,0,0,0,0,0,0,0,1,1,1,1,1,71,10,12742,2,4,SCANIA MODEL MISSING,6,E01018858,0,-1
2023501342613,2023,501342613,1,21,0,18,19,1,5,0,0,1,0,0,0,0,4,1,1,1,1,36,7,-1,-1,-1,SCANIA MODEL MISSING,7,E01020219,0,-1
2023451331628,2023,451331628,1,21,0,18,19,7,3,0,0,0,0,0,1,0,4,1,1,1,1,58,9,9290,2,7,SCANIA MODEL MISSING,6,E01022486,0,-1
2023340WN5282,2023,340WN5282,1,21,0,4,4,7,3,0,0,0,0,0,0,0,1,1,1,1,1,44,7,12742,2,2,SCANIA MODEL MISSING,3,E01027058,0,-1
2023010469704,2023,010469704,1,21,0,18,19,7,3,0,0,0,0,0,0,0,4,1,1,1,1,49,8,9290,2,2,SCANIA MODEL MISSING,6,E01002496,0,-1
2023221276895,2023,221276895,2,21,1,17,19,4,2,0,0,0,0,0,0,0,3,1,1,1,1,30,6,12740,2,6,SCANIA MODEL MISSING,3,E01005618,0,-1
2023340WN2462,2023,340WN2462,1,21,0,11,11,1,5,0,0,0,0,0,0,0,1,1,1,1,1,63,9,12742,2,3,SCANIA MODEL MISSING,10,E01031111,0,-1
2023421322928,2023,421322928,2,21,1,18,19,3,7,0,0,0,0,0,0,0,1,1,1,1,1,39,7,12742,2,0,SCANIA MODEL MISSING,2,E01007910,0,-1
2023991298551,2023,991298551,1,21,0,18,19,7,4,0,0,1,0,0,0,0,4,1,1,1,1,43,7,-1,-1,-1,SCANIA MODEL MISSING,3,-1,0,-1
2023440206742,2023,440206742,1,21,0,18,19,2,6,0,0,0,1,0,0,0,1,1,1,1,1,52,8,12740,2,8,SCANIA MODEL MISSING,1,E01011475,0,-1
2023070699736,2023,070699736,2,21,1,18,19,7,3,0,0,0,0,0,0,0,0,1,1,1,1,61,9,12742,2,4,SCANIA MODEL MISSING,3,E01028306,0,-1
2023131314354,2023,131314354,2,11,0,18,19,5,1,0,0,1,0,0,0,0,1,1,1,1,1,59,9,13000,2,7,SCANIA MODEL MISSING,1,E01011338,0,-1
2023351333621,2023,351333621,2,21,1,18,19,3,7,0,0,0,0,0,0,0,1,1,1,1,1,38,7,16400,2,6,SCANIA MODEL MISSING,7,E01018064,0,-1
2023302301969,2023,302301969,2,11,0,18,19,7,3,0,0,0,0,0,0,0,3,1,1,1,1,60,9,9000,2,14,SCANIA MODEL MISSING,2,E01013497,0,-1
2023421322928,2023,421322928,1,21,1,18,19,3,7,0,0,0,1,0,0,0,1,1,1,1,1,60,9,12740,2,8,SCANIA MODEL MISSING,2,E01029496,0,-1
2023421361113,2023,421361113,1,21,0,4,4,5,1,0,0,0,0,0,0,0,1,1,1,1,1,55,8,16353,2,5,SCANIA MODEL MISSING,4,E01020656,0,-1
2023631331989,2023,631331989,2,21,1,16,19,2,5,0,0,1,0,0,0,0,1,1,5,6,1,41,7,-1,-1,-1,SCANIA MODEL MISSING,3,W01000478,0,-1
2023421379537,2023,421379537,3,21,1,18,19,3,7,0,0,0,0,0,0,0,1,1,1,1,1,39,7,16400,2,8,SCANIA MODEL MISSING,3,-1,0,-1
2023351326124,2023,351326124,1,11,0,18,19,-1,-1,0,0,4,0,0,0,0,1,1,1,1,3,-1,-1,9000,2,8,SCANIA MODEL MISSING,-1,-1,0,-1
2023061381122,2023,061381122,2,21,1,18,19,7,3,0,0,0,0,0,0,0,1,1,1,1,1,41,7,12742,2,0,SCANIA MODEL MISSING,10,E01027206,0,-1
2023351275473,2023,351275473,1,21,1,18,19,7,3,0,0,0,0,7,7,0,1,1,1,1,1,61,9,12742,2,3,SCANIA MODEL MISSING,6,E01018076,0,-1
2023231271765,2023,231271765,5,21,1,4,4,2,6,0,0,0,0,0,0,0,2,1,6,6,1,57,9,12740,2,6,SCANIA MODEL MISSING,9,W01000087,0,-1
2023991359875,2023,991359875,1,21,1,18,19,6,2,0,0,0,0,2,1,1,4,1,1,1,1,37,7,12742,2,4,SCANIA MODEL MISSING,9,-1,0,-1
2023461367258,2023,461367258,2,21,0,11,11,5,2,0,0,0,0,0,7,0,4,1,1,1,1,34,6,12742,2,0,SCANIA MODEL MISSING,1,E01024610,0,-1
2023161283433,2023,161283433,1,21,0,18,19,5,1,0,0,0,1,0,0,0,1,1,1,1,1,35,6,12742,2,1,SCANIA MODEL MISSING,3,E01033392,0,-1
2023201367574,2023,201367574,2,11,0,3,3,8,4,0,0,1,0,0,0,0,2,1,1,1,1,56,9,9000,2,13,SCANIA MODEL MISSING,2,E01010102,0,-1
2023461383709,2023,461383709,1,11,0,5,5,3,7,0,0,1,0,0,0,0,0,1,1,1,1,-1,-1,9000,2,14,SCANIA MODEL MISSING,6,E01024212,0,-1
2023161351767,2023,161351767,1,21,0,4,4,1,5,0,0,1,0,0,0,0,2,1,1,1,2,29,6,12742,2,4,SCANIA MODEL MISSING,2,E01007638,0,-1
2023522400904,2023,522400904,1,21,0,5,5,1,5,0,0,1,0,0,0,0,1,1,6,6,1,54,8,12742,2,0,SCANIA MODEL MISSING,6,E01029027,0,-1
2023071254952,2023,071254952,3,21,1,18,19,1,5,0,0,0,0,0,0,0,2,1,1,1,1,44,7,12742,2,4,SCANIA MODEL MISSING,-1,-1,0,-1
2023531369890,2023,531369890,2,21,0,18,19,7,3,0,0,0,0,0,0,0,1,1,1,1,1,34,6,9290,2,8,SCANIA MODEL MISSING,5,W01001647,0,-1
2023520400491,2023,520400491,2,21,1,18,19,4,8,0,0,0,0,0,0,0,1,1,6,6,1,28,6,12740,2,7,SCANIA MODEL MISSING,6,E01029222,0,-1
2023161333750,2023,161333750,1,21,1,18,19,3,7,0,0,0,5,2,1,7,4,1,1,1,1,24,5,15607,2,18,SCANIA MODEL MISSING,1,E01007648,0,-1
2023311353310,2023,311353310,1,21,0,18,19,7,3,0,0,0,0,0,0,0,4,1,1,1,3,-1,-1,12742,2,2,SCANIA MODEL MISSING,-1,-1,0,-1
2023231403667,2023,231403667,3,11,0,18,19,6,2,0,0,8,0,0,0,0,1,1,1,1,1,44,7,9000,2,13,SCANIA MODEL MISSING,5,E01031325,0,-1
2023361279688,2023,361279688,2,21,0,18,19,7,3,0,0,0,0,0,0,0,1,1,1,1,1,52,8,9290,2,3,SCANIA MODEL MISSING,2,E01005438,0,-1
2023451261296,2023,451261296,2,21,0,11,11,2,6,0,0,0,0,0,0,0,4,1,1,1,1,42,7,12740,2,7,SCANIA MODEL MISSING,7,E01030515,0,-1
2023320761339,2023,320761339,2,21,0,7,7,6,8,0,0,5,0,0,0,0,2,1,1,1,1,59,9,12742,2,4,SCANIA MODEL MISSING,10,E01026204,0,-1
2023991303371,2023,991303371,2,21,0,2,2,0,0,6,6,0,0,0,0,0,2,1,1,1,1,60,9,16353,2,1,SCANIA MODEL MISSING,-1,-1,0,-1
2023041331940,2023,041331940,2,11,0,18,19,1,3,0,0,1,0,0,0,0,0,1,1,1,1,46,8,9000,2,13,SCANIA MODEL MISSING,2,E01025157,0,-1
2023545019523,2023,545019523,2,21,0,18,19,2,8,0,0,1,0,0,0,0,3,1,1,1,1,39,7,12742,2,3,SCANIA MODEL MISSING,6,E01018053,0,-1
2023320749349,2023,320749349,1,11,0,4,4,8,4,0,0,2,0,0,0,0,0,1,1,1,2,54,8,9000,2,14,SCANIA MODEL MISSING,2,E01026277,0,-1
2023991359228,2023,991359228,1,21,1,18,19,5,1,0,0,0,5,2,0,0,3,1,1,1,1,61,9,12742,2,6,SCANIA MODEL MISSING,9,E01032299,0,-1
2023052302898,2023,052302898,1,21,0,18,19,7,3,0,0,0,0,0,0,0,1,1,1,1,1,45,7,-1,-1,-1,SCANIA MODEL MISSING,9,E01006889,0,-1
2023131272441,2023,131272441,2,21,4,18,19,8,4,0,0,2,0,0,0,0,1,1,1,1,1,35,6,12742,2,3,SCANIA MODEL MISSING,1,E01011107,0,-1
2023010471459,2023,010471459,4,20,0,2,2,0,0,0,0,1,0,0,0,0,2,1,6,6,3,-1,-1,-1,-1,-1,SCANIA MODEL MISSING,-1,-1,0,-1
2023141337983,2023,141337983,2,11,0,5,5,6,2,2,2,0,0,0,0,0,3,1,1,1,1,26,6,9000,2,9,SCANIA MODEL MISSING,3,E01019775,0,-1
2023622300596,2023,622300596,1,21,0,18,19,4,8,0,0,1,0,0,0,0,1,1,1,1,1,55,8,12742,2,3,SCANIA MODEL MISSING,9,W01001319,0,-1
2023351302775,2023,351302775,2,21,1,7,7,8,4,0,0,0,0,0,0,0,2,1,1,1,1,49,8,12740,2,7,SCANIA MODEL MISSING,3,E01031173,0,-1
2023531298082,2023,531298082,1,21,1,18,19,1,5,0,0,0,0,0,0,0,1,1,1,1,1,53,8,12742,2,5,SCANIA MODEL MISSING,9,E01028063,0,-1
2023010426644,2023,010426644,2,21,1,99,99,9,9,99,99,9,9,99,9,99,2,9,6,6,3,-1,-1,12742,2,3,SCANIA MODEL MISSING,-1,-1,0,-1
2023320018844,2023,320018844,3,21,0,18,19,1,5,0,0,0,0,0,0,0,1,1,1,1,1,71,10,12742,2,4,SCANIA MODEL MISSING,7,E01028023,0,-1
2023340NN3522,2023,340NN3522,1,21,0,16,19,1,4,0,0,0,0,0,7,4,3,1,1,1,1,27,6,12742,2,6,SCANIA MODEL MISSING,3,E01032608,0,-1
2023320741943,2023,320741943,2,21,0,18,19,4,2,0,0,8,0,0,0,0,4,1,6,6,1,32,6,-1,2,9,SCANIA MODEL MISSING,4,E01026230,0,-1
2023201410376,2023,201410376,2,21,1,18,19,6,2,0,0,0,0,0,0,0,4,1,6,6,1,32,6,12742,2,0,SCANIA MODEL MISSING,9,E01032901,0,-1
2023351362149,2023,351362149,1,21,0,18,19,8,4,0,0,0,0,0,0,0,4,1,1,1,1,54,8,12740,2,6,SCANIA MODEL MISSING,5,E01032414,0,-1
2023371351330,2023,371351330,1,21,1,18,19,1,5,0,0,0,1,0,0,0,1,1,1,1,1,57,9,12740,2,10,SCANIA MODEL MISSING,-1,-1,0,-1
2023122300257,2023,122300257,2,21,1,18,19,3,7,0,0,8,0,0,0,0,1,1,1,1,1,52,8,16400,2,9,SCANIA MODEL MISSING,10,E01027561,0,-1
2023351325631,2023,351325631,1,21,1,18,19,5,1,0,0,0,0,0,0,0,1,1,1,1,1,38,7,16400,2,8,SCANIA MODEL MISSING,4,E01003482,0,-1
2023471364345,2023,471364345,2,21,0,17,19,8,5,0,0,1,0,0,0,0,2,1,1,1,1,57,9,12742,2,1,SCANIA MODEL MISSING,4,E01001009,0,-1
2023131380175,2023,131380175,2,21,1,18,19,7,3,0,0,0,0,0,0,0,4,1,1,1,1,58,9,9290,2,3,SCANIA MODEL MISSING,4,E01005015,0,-1
2023201300019,2023,201300019,3,20,0,18,19,5,1,0,0,0,0,0,0,0,1,1,1,1,1,57,9,12740,2,6,SCANIA MODEL MISSING,5,E01031037,0,-1
2023131322818,2023,131322818,1,11,0,18,19,1,1,0,0,8,0,0,0,0,0,1,6,6,3,-1,-1,9000,2,16,SCANIA MODEL MISSING,-1,-1,0,-1
2023371327928,2023,371327928,2,21,1,17,19,6,2,0,0,0,0,0,0,0,3,1,1,1,1,39,7,16353,2,0,SCANIA MODEL MISSING,5,E01030076,0,-1
2023311381472,2023,311381472,1,11,0,4,4,0,0,2,2,2,0,0,0,0,4,1,1,1,1,37,7,9300,5,4,SCANIA MODEL MISSING,-1,-1,0,-1
2023221362692,2023,221362692,2,21,1,16,19,1,4,0,0,8,5,0,0,0,4,1,1,1,1,37,7,12742,2,0,SCANIA MODEL MISSING,5,E01028989,0,-1
2023041304040,2023,041304040,1,21,0,18,19,5,1,0,0,0,0,0,0,0,3,1,1,1,2,31,6,12742,2,4,SCANIA MODEL MISSING,1,E01012670,0,-1
2023010438301,2023,010438301,2,11,0,18,19,5,1,0,0,0,0,0,0,0,1,1,6,6,1,73,10,13000,2,6,SCANIA MODEL MISSING,10,E01024441,0,-1
2023522400273,2023,522400273,2,21,9,11,11,2,6,0,0,0,0,0,0,0,4,1,6,6,1,-1,-1,12740,2,7,SCANIA MODEL MISSING,-1,-1,0,-1
2023211298649,2023,211298649,1,21,1,16,19,4,7,0,0,8,5,10,1,7,4,1,1,1,1,45,7,16353,2,4,SCANIA MODEL MISSING,-1,-1,0,-1
2023010446781,2023,010446781,1,11,0,9,9,1,6,0,0,1,0,0,0,0,0,1,1,1,1,52,8,9000,2,14,SCANIA MODEL MISSING,3,E01003526,0,-1
2023522400888,2023,522400888,2,11,0,18,19,6,2,0,0,8,0,0,0,0,1,1,1,1,1,-1,-1,9300,5,3,SCANIA MODEL MISSING,-1,-1,0,-1
2023201387115,2023,201387115,1,19,0,14,14,2,6,0,0,0,0,0,0,0,1,1,1,1,1,37,7,-1,-1,-1,SCANIA MODEL MISSING,2,E01010048,0,-1
2023522300451,2023,522300451,2,21,0,18,19,7,3,0,0,0,0,0,0,0,3,1,1,1,1,-1,-1,12740,2,7,SCANIA MODEL MISSING,-1,-1,0,-1
2023501303026,2023,501303026,2,21,1,18,19,1,5,0,0,0,5,0,1,10,1,1,1,1,1,58,9,12742,2,4,SCANIA MODEL MISSING,2,E01029311,0,-1
2023501367934,2023,501367934,2,11,0,18,19,4,8,0,0,0,1,0,0,0,1,1,1,1,1,59,9,9000,2,10,SCANIA MODEL MISSING,-1,-1,0,-1
2023161318721,2023,161318721,1,90,0,13,13,7,3,0,0,0,0,0,0,0,1,1,1,1,1,51,8,9290,2,5,SCANIA MODEL MISSING,1,E01013330,0,-1
2023311353084,2023,311353084,1,11,0,2,2,5,1,0,0,0,0,0,0,0,0,1,1,1,1,35,6,9000,5,6,SCANIA MODEL MISSING,2,E01013900,0,-1
2023522401014,2023,522401014,2,21,1,18,19,2,6,0,0,1,0,0,0,0,1,1,1,1,1,37,7,12742,2,0,SCANIA MODEL MISSING,6,E01020033,0,-1
2023302301001,2023,302301001,2,21,4,18,19,2,6,0,0,8,0,0,0,0,1,1,1,1,1,51,8,12742,2,5,SCANIA MODEL MISSING,8,E01007606,0,-1
2023101269644,2023,101269644,1,11,0,18,19,1,5,0,0,1,0,0,0,0,4,1,1,1,1,62,9,9000,5,9,SCANIA MODEL MISSING,4,-1,0,-1
2023302300304,2023,302300304,2,21,1,16,19,8,4,0,0,0,0,0,0,0,1,1,1,1,1,36,7,12742,2,4,SCANIA MODEL MISSING,1,E01014238,0,-1
2023451319007,2023,451319007,2,21,0,18,19,1,5,0,0,0,0,0,0,0,2,1,1,1,1,24,5,7700,2,2,SCANIA MODEL MISSING,10,E01022847,0,-1
2023311361656,2023,311361656,1,11,0,5,5,1,5,0,0,0,0,0,0,0,1,1,1,1,1,41,7,9000,2,12,SCANIA MODEL MISSING,5,E01007751,0,-1
2023311370363,2023,311370363,1,11,0,2,2,5,1,0,0,0,0,0,0,0,0,1,1,1,1,31,6,9000,2,8,SCANIA MODEL MISSING,-1,-1,0,-1
2023302301864,2023,302301864,2,21,0,9,9,2,8,0,0,2,0,0,0,0,3,1,1,1,1,55,8,12742,2,1,SCANIA MODEL MISSING,7,E01029379,0,-1
2023421259696,2023,421259696,1,21,1,16,19,7,2,0,0,0,5,0,0,0,3,1,1,1,1,46,8,12740,2,7,SCANIA MODEL MISSING,1,E01005552,0,-1
2023031295896,2023,031295896,2,21,1,16,19,2,6,0,0,1,0,0,0,0,4,1,1,1,1,68,10,14200,2,27,SCANIA MODEL MISSING,-1,-1,0,-1
2023471306374,2023,471306374,1,21,0,1,1,4,2,0,0,8,0,0,0,0,4,1,1,1,1,37,7,12742,2,4,SCANIA MODEL MISSING,4,E01031549,0,-1
2023320050978,2023,320050978,2,21,0,18,19,5,1,0,0,0,0,0,0,0,0,1,1,1,1,63,9,12740,2,13,SCANIA MODEL MISSING,9,E01013411,0,-1
2023531318244,2023,531318244,2,21,0,18,19,1,5,0,0,2,0,0,0,0,4,1,1,1,1,44,7,12742,2,6,SCANIA MODEL MISSING,5,E01032385,0,-1
2023201291593,2023,201291593,2,21,0,4,4,5,8,0,0,0,0,0,0,0,2,1,1,1,1,47,8,16353,2,1,SCANIA MODEL MISSING,5,E01031088,0,-1
2023070142459,2023,070142459,1,21,1,18,19,4,8,0,0,2,0,0,0,0,1,1,1,1,1,54,8,12742,2,3,SCANIA MODEL MISSING,2,E01018354,0,-1
2023311309539,2023,311309539,1,11,0,18,19,5,1,0,0,0,0,0,0,0,1,1,1,1,1,27,6,9000,2,15,SCANIA MODEL MISSING,5,E01013308,0,-1
2023430520188,2023,430520188,2,21,0,12,12,4,8,0,0,0,0,0,0,0,3,1,6,6,3,-1,-1,16353,2,1,SCANIA MODEL MISSING,-1,-1,0,-1
2023471303554,2023,471303554,2,21,0,14,14,1,5,0,0,1,0,0,0,0,1,1,1,1,1,44,7,12742,2,3,SCANIA MODEL MISSING,3,E01033328,0,-1
2023421317172,2023,421317172,2,21,1,16,19,7,3,0,0,0,0,0,0,0,1,1,1,1,1,54,8,12742,2,3,SCANIA MODEL MISSING,7,E01023798,0,-1
2023430332020,2023,430332020,2,11,0,18,19,1,5,0,0,8,0,0,0,0,1,1,1,1,2,36,7,9000,2,14,SCANIA MODEL MISSING,9,E01028535,0,-1
2023501285044,2023,501285044,1,21,0,18,19,6,5,0,0,0,0,0,0,0,1,1,6,6,1,50,8,12742,2,4,SCANIA MODEL MISSING,-1,-1,0,-1
2023311301236,2023,311301236,2,11,0,18,19,1,1,0,0,1,0,0,0,0,0,1,1,1,1,27,6,9000,2,9,SCANIA MODEL MISSING,1,E01013920,0,-1
2023451356196,2023,451356196,2,90,0,11,11,5,1,0,0,0,0,0,0,0,2,1,1,1,1,50,8,9290,2,5,SCANIA MODEL MISSING,4,E01031553,0,-1
2023430330859,2023,430330859,2,21,0,18,19,7,3,0,0,0,0,0,0,0,2,1,1,1,1,53,8,16353,2,1,SCANIA MODEL MISSING,5,E01018960,0,-1
2023622300780,2023,622300780,1,21,0,17,19,8,4,0,0,0,0,10,1,4,1,2,1,1,1,52,8,12742,2,0,SCANIA MODEL MISSING,6,W01000829,0,-1
2023991308597,2023,991308597,1,21,0,5,5,5,1,0,0,4,0,0,0,0,1,1,1,1,1,29,6,12742,2,0,SCANIA MODEL MISSING,5,-1,0,-1
2023351281380,2023,351281380,1,21,1,18,19,7,3,0,0,1,0,0,0,0,1,1,1,1,1,47,8,16353,2,5,SCANIA MODEL MISSING,10,E01025773,0,-1
2023031273558,2023,031273558,1,21,0,16,19,5,1,0,0,0,0,0,7,0,3,1,1,1,1,62,9,12740,2,6,SCANIA MODEL MISSING,6,-1,0,-1
2023430102354,2023,430102354,2,11,0,18,19,5,1,0,0,8,0,0,0,0,1,1,1,1,1,38,7,9000,2,12,SCANIA MODEL MISSING,10,E01027270,0,-1
2023421351164,2023,421351164,1,20,0,18,19,8,3,0,0,0,0,0,0,0,4,1,1,1,1,49,8,12742,2,0,SCANIA MODEL MISSING,9,E01015999,0,-1
2023501293750,2023,501293750,1,21,0,17,19,5,2,0,0,0,2,0,1,4,4,1,1,1,1,56,9,12740,2,5,SCANIA MODEL MISSING,-1,-1,0,-1
2023052301617,2023,052301617,1,90,0,18,19,5,1,0,0,0,0,0,0,0,1,1,2,2,1,26,6,9290,2,11,SCANIA MODEL MISSING,4,E01033756,0,-1
2023351267826,2023,351267826,2,21,0,17,19,3,7,0,0,0,0,0,7,0,1,1,1,1,1,59,9,12742,2,1,SCANIA MODEL MISSING,10,E01026303,0,-1
2023311294128,2023,311294128,2,21,0,4,4,1,1,0,0,8,0,0,0,0,1,1,1,1,1,66,10,12740,2,6,SCANIA MODEL MISSING,9,E01007749,0,-1
2023991350524,2023,991350524,2,21,1,18,19,5,1,0,0,0,0,0,1,0,1,1,1,1,1,54,8,16353,2,2,SCANIA MODEL MISSING,9,-1,0,-1
2023061287222,2023,061287222,1,21,1,7,7,5,8,0,0,8,0,0,0,0,4,1,1,1,1,55,8,16400,2,7,SCANIA MODEL MISSING,2,E01005999,0,-1
2023010453346,2023,010453346,2,21,0,7,7,1,3,0,0,1,0,0,0,0,0,1,1,1,1,36,7,12740,2,9,SCANIA MODEL MISSING,5,E01024032,0,-1
2023141383443,2023,141383443,2,21,1,18,19,5,1,0,0,0,0,0,0,0,1,1,1,1,1,55,8,12742,2,1,SCANIA MODEL MISSING,5,E01019525,0,-1
2023010435323,2023,010435323,2,11,0,4,4,7,3,0,0,0,0,0,0,0,2,1,1,1,1,48,8,11000,2,17,SCANIA MODEL MISSING,6,E01001341,0,-1
2023332301125,2023,332301125,1,21,0,18,19,1,5,0,0,0,0,0,0,0,2,1,1,1,1,44,7,12742,2,4,SCANIA MODEL MISSING,9,E01033173,0,-1
2023451339094,2023,451339094,2,21,0,18,19,3,7,0,0,0,0,0,0,0,3,1,1,1,1,55,8,8970,2,24,SCANIA MODEL MISSING,6,E01030862,0,-1
2023411349607,2023,411349607,1,90,0,2,2,-1,-1,0,0,0,0,0,0,0,2,1,6,6,1,-1,-1,-1,-1,-1,SCANIA MODEL MISSING,-1,-1,0,-1
2023101320350,2023,101320350,2,21,1,18,19,4,8,0,0,0,0,0,0,0,3,1,1,1,1,58,9,12742,2,2,SCANIA MODEL MISSING,-1,-1,0,-1
2023221399915,2023,221399915,2,11,0,14,14,5,1,0,0,0,0,4,0,0,1,1,1,1,1,44,7,9291,2,1,SCANIA MODEL MISSING,10,E01032243,0,-1
2023122300218,2023,122300218,3,21,1,3,3,1,5,0,0,0,0,0,0,0,2,1,1,1,1,58,9,12742,2,4,SCANIA MODEL MISSING,6,E01012923,0,-1
2023430353847,2023,430353847,1,21,0,18,19,4,8,0,0,0,0,0,0,0,1,1,1,1,1,67,10,12742,2,4,SCANIA MODEL MISSING,9,E01002518,0,-1
202363C020723,2023,63C020723,1,21,0,18,19,4,8,0,0,0,5,0,1,11,1,1,1,1,1,37,7,12740,2,8,SCANIA MODEL MISSING,7,W01000585,0,-1
2023471345652,2023,471345652,2,21,0,18,19,5,1,0,0,0,0,0,0,0,1,1,1,1,1,38,7,12740,2,6,SCANIA MODEL MISSING,1,E01016908,0,-1
2023421340241,2023,421340241,2,21,1,14,14,5,1,0,0,0,0,0,0,0,3,1,1,1,1,23,5,12742,2,2,SCANIA MODEL MISSING,4,E01022041,0,-1
2023421354729,2023,421354729,1,11,0,18,19,1,5,0,0,0,0,0,0,0,1,1,1,1,1,47,8,9000,2,18,SCANIA MODEL MISSING,9,E01023438,0,-1
2023311378876,2023,311378876,2,11,0,18,19,5,1,0,0,1,0,0,0,0,4,1,1,1,1,32,6,9000,2,9,SCANIA MODEL MISSING,10,E01028139,0,-1