collision_index,collision_year,collision_ref_no,vehicle_reference,vehicle_type,towing_and_articulation,vehicle_manoeuvre_historic,vehicle_manoeuvre,vehicle_direction_from,vehicle_direction_to,vehicle_location_restricted_lane_historic,vehicle_location_restricted_lane,junction_location,skidding_and_overturning,hit_object_in_carriageway,vehicle_leaving_carriageway,hit_object_off_carriageway,first_point_of_impact,vehicle_left_hand_drive,journey_purpose_of_driver_historic,journey_purpose_of_driver,sex_of_driver,age_of_driver,age_band_of_driver,engine_capacity_cc,propulsion_code,age_of_vehicle,generic_make_model,driver_imd_decile,lsoa_of_driver,escooter_flag,driver_distance_banding
2023631364431,2023,631364431,3,11,0,18,19,3,7,0,0,1,0,0,0,0,1,1,6,6,3,35,6,-1,2,21,SCANIA MODEL MISSING,2,W01000638,0,-1
2023320255533,2023,320255533,1,21,0,4,4,8,4,0,0,0,0,0,0,0,1,1,1,1,1,62,9,12740,2,6,SCANIA MODEL MISSING,3,E01015613,0,-1
2023471325431,2023,471325431,2,21,0,5,5,5,3,0,0,4,0,0,0,0,3,1,1,1,1,56,9,12740,2,6,SCANIA MODEL MISSING,5,E01031431,0,-1
2023552300299,2023,552300299,1,21,1,18,19,3,7,0,0,0,1,0,7,0,1,1,1,1,1,32,6,12742,2,5,SCANIA MODEL MISSING,3,E01015193,0,-1
2023311363770,2023,311363770,1,11,0,3,3,6,2,0,0,0,0,0,0,0,0,1,1,1,1,51,8,9000,2,9,SCANIA MODEL MISSING,1,E01013920,0,-1
2023361302968,2023,361302968,1,21,5,11,11,5,1,0,0,0,0,0,0,0,2,1,1,1,1,55,8,15607,2,14,SCANIA MODEL MISSING,7,E01032079,0,-1
2023520400902,2023,520400902,2,20,1,18,19,3,7,0,0,8,0,0,0,0,1,1,6,6,1,62,9,-1,-1,-1,SCANIA MODEL MISSING,8,E01032651,0,-1
2023501288118,2023,501288118,1,21,0,11,11,3,4,0,0,0,0,0,0,0,4,1,6,6,1,70,10,12740,2,6,SCANIA MODEL MISSING,4,E01019024,0,-1
2023471381955,2023,471381955,1,11,0,9,9,1,3,0,0,8,0,0,0,0,1,1,1,1,1,37,7,9000,2,14,SCANIA MODEL MISSING,2,E01020923,0,-1
2023501294844,2023,501294844,2,11,0,18,19,7,3,0,0,0,0,0,1,10,3,1,1,1,1,23,5,9000,2,13,SCANIA MODEL MISSING,-1,-1,0,-1
2023311398129,2023,311398129,1,21,0,18,19,7,3,0,0,0,0,0,0,0,0,1,1,1,1,30,6,12740,2,10,SCANIA MODEL MISSING,3,E01033392,0,-1
2023991376758,2023,991376758,1,21,0,18,19,8,4,0,0,2,0,0,7,0,1,1,1,1,1,41,7,15607,2,17,SCANIA MODEL MISSING,-1,-1,0,-1
2023991366845,2023,991366845,2,21,1,18,19,7,3,0,0,0,0,0,0,0,4,1,1,1,1,66,10,12742,2,2,SCANIA MODEL MISSING,5,-1,0,-1
2023531283531,2023,531283531,1,21,1,18,19,1,5,0,0,0,0,0,0,0,1,1,1,1,1,56,9,12742,2,5,SCANIA MODEL MISSING,4,E01014019,0,-1
2023010438879,2023,010438879,1,11,0,18,19,1,5,0,0,1,0,0,0,0,1,1,1,1,1,43,7,13000,2,6,SCANIA MODEL MISSING,2,E01003111,0,-1
2023031362392,2023,031362392,2,21,1,2,2,4,8,6,6,0,0,0,0,0,2,1,1,1,1,71,10,12742,2,0,SCANIA MODEL MISSING,4,-1,0,-1
2023361265168,2023,361265168,2,21,4,18,19,7,3,0,0,0,0,0,0,0,1,1,1,1,1,37,7,12740,2,6,SCANIA MODEL MISSING,9,E01026301,0,-1
2023471324468,2023,471324468,1,11,0,4,4,4,8,0,0,4,0,0,0,0,0,1,6,6,1,-1,-1,9000,2,14,SCANIA MODEL MISSING,-1,-1,0,-1
2023351311840,2023,351311840,1,21,1,17,19,7,3,0,0,0,4,0,7,9,4,1,1,1,1,31,6,12742,2,2,SCANIA MODEL MISSING,10,E01023591,0,-1
2023531354336,2023,531354336,2,21,0,18,19,5,1,0,0,0,0,0,0,0,2,1,1,1,1,59,9,12742,2,3,SCANIA MODEL MISSING,5,E01026241,0,-1
2023430274584,2023,430274584,1,21,0,18,19,8,4,0,0,0,0,0,1,7,1,1,1,1,1,40,7,12742,2,4,SCANIA MODEL MISSING,6,E01030130,0,-1
2023141320920,2023,141320920,1,11,0,18,19,5,8,0,0,0,0,0,0,0,1,1,1,1,1,64,9,9000,2,14,SCANIA MODEL MISSING,1,E01019578,0,-1
2023311352261,2023,311352261,2,21,1,18,19,3,8,0,0,8,0,0,0,0,0,1,1,1,1,53,8,12742,2,4,SCANIA MODEL MISSING,6,E01019445,0,-1
2023361320555,2023,361320555,2,21,4,4,4,3,7,0,0,1,0,0,0,0,2,1,1,1,1,27,6,12742,2,2,SCANIA MODEL MISSING,6,E01026919,0,-1
2023440333864,2023,440333864,2,21,0,11,11,7,3,0,0,0,0,0,0,0,4,1,1,1,1,-1,-1,16400,2,7,SCANIA MODEL MISSING,-1,-1,0,-1
2023531392069,2023,531392069,1,11,0,1,1,3,7,3,2,0,0,4,0,0,3,1,6,6,2,-1,-1,9000,2,2,SCANIA MODEL MISSING,-1,-1,0,-1
2023501287180,2023,501287180,1,20,4,13,13,7,3,0,0,0,0,0,0,0,2,1,1,1,1,29,6,-1,-1,-1,SCANIA MODEL MISSING,2,E01018949,0,-1
2023061341554,2023,061341554,1,21,1,5,5,4,7,0,0,1,0,0,0,0,1,1,1,1,1,58,9,12740,2,8,SCANIA MODEL MISSING,1,E01005434,0,-1
202354B149223,2023,54B149223,2,21,0,18,19,7,3,0,0,0,2,4,0,0,1,1,1,1,1,62,9,12742,2,4,SCANIA MODEL MISSING,8,E01026013,0,-1
2023010444763,2023,010444763,2,90,0,7,7,3,5,0,0,2,0,0,0,0,1,1,1,1,1,43,7,-1,-1,-1,SCANIA MODEL MISSING,2,E01003507,0,-1
2023461354216,2023,461354216,1,21,0,18,19,3,7,0,0,0,0,0,0,0,0,1,1,1,1,20,4,12742,2,2,SCANIA MODEL MISSING,6,E01024238,0,-1
2023531284306,2023,531284306,3,21,0,18,19,1,5,0,0,0,0,0,0,0,3,1,1,1,1,46,8,12740,2,5,SCANIA MODEL MISSING,6,E01015579,0,-1
2023201287076,2023,201287076,1,21,1,17,19,5,2,0,0,0,5,0,2,7,4,1,1,1,2,58,9,12742,2,5,SCANIA MODEL MISSING,5,E01025331,0,-1
2023010445189,2023,010445189,3,21,1,18,19,5,1,0,0,0,0,0,0,0,1,1,1,1,1,51,8,16353,2,7,SCANIA MODEL MISSING,9,E01028916,0,-1
2023631359102,2023,631359102,2,21,0,4,4,2,6,0,0,1,0,0,0,0,1,1,1,1,1,55,8,12742,2,0,SCANIA MODEL MISSING,3,W01000360,0,-1
2023461328190,2023,461328190,4,21,0,18,19,3,7,0,0,0,0,0,0,0,2,1,5,6,1,-1,-1,12740,2,5,SCANIA MODEL MISSING,1,E01000105,0,-1
2023430236477,2023,430236477,1,19,0,18,19,8,4,0,0,0,0,0,0,0,1,1,2,2,1,40,7,9290,2,6,SCANIA MODEL MISSING,7,E01016824,0,-1
2023311262585,2023,311262585,1,11,0,18,19,7,3,0,0,0,0,0,0,0,0,1,1,1,1,45,7,9300,5,1,SCANIA MODEL MISSING,2,E01013852,0,-1
2023071210987,2023,071210987,2,21,1,16,19,7,3,0,0,8,0,0,0,0,1,1,1,1,1,48,8,12742,2,5,SCANIA MODEL MISSING,1,E01006706,0,-1
2023041387256,2023,041387256,1,11,0,18,19,5,1,0,0,1,0,0,0,0,1,1,1,1,1,50,8,9000,2,10,SCANIA MODEL MISSING,1,E01025296,0,-1
2023552400039,2023,552400039,1,21,0,18,19,8,4,0,0,0,0,0,0,0,1,1,1,1,1,31,6,11705,2,21,SCANIA MODEL MISSING,10,E01020409,0,-1
2023122301254,2023,122301254,1,21,1,11,11,3,7,0,0,0,0,0,0,0,1,1,1,1,1,31,6,16353,2,2,SCANIA MODEL MISSING,-1,-1,0,-1
2023991301765,2023,991301765,2,11,0,18,19,6,2,0,0,0,0,0,0,0,1,1,1,1,1,60,9,13000,2,5,SCANIA MODEL MISSING,3,-1,0,-1
2023141360802,2023,141360802,1,21,0,4,4,5,1,0,0,1,0,0,0,0,2,1,1,1,1,24,5,12740,2,10,SCANIA MODEL MISSING,-1,-1,0,-1
2023991311850,2023,991311850,2,21,1,17,19,1,5,0,0,0,0,0,0,0,1,1,1,1,1,29,6,12742,2,2,SCANIA MODEL MISSING,8,-1,0,-1
2023421304567,2023,421304567,1,21,1,18,19,7,3,0,0,8,1,0,0,0,1,1,1,1,1,34,6,12742,2,5,SCANIA MODEL MISSING,1,E01021317,0,-1
2023320632586,2023,320632586,2,21,0,18,19,7,2,0,0,4,0,0,0,0,1,1,1,1,1,29,6,12740,2,9,SCANIA MODEL MISSING,8,E01026065,0,-1
2023302300421,2023,302300421,6,21,1,18,19,5,1,0,0,0,0,0,0,0,1,1,1,1,1,50,8,12742,2,3,SCANIA MODEL MISSING,7,E01020479,0,-1
2023461354424,2023,461354424,1,21,4,14,14,7,3,0,0,7,0,0,0,0,4,1,6,6,1,50,8,12740,2,9,SCANIA MODEL MISSING,2,E01015632,0,-1
2023421292222,2023,421292222,7,21,1,4,4,5,1,0,0,0,1,0,0,0,1,1,1,1,1,27,6,12742,2,4,SCANIA MODEL MISSING,8,E01021995,0,-1
2023010462328,2023,010462328,2,19,0,99,99,9,9,99,99,9,9,99,9,99,3,1,6,6,3,-1,-1,12740,2,10,SCANIA MODEL MISSING,4,E01003326,0,-1
2023520301018,2023,520301018,2,21,1,18,19,7,3,0,0,0,0,0,0,0,3,1,1,1,1,59,9,12742,2,2,SCANIA MODEL MISSING,4,E01020081,0,-1
2023311376347,2023,311376347,1,11,0,18,19,8,4,0,0,0,0,0,0,0,0,1,1,1,1,55,8,9000,5,6,SCANIA MODEL MISSING,1,E01013920,0,-1
2023311351740,2023,311351740,1,11,0,5,5,5,1,0,0,0,0,0,0,0,0,1,1,1,2,47,8,9000,2,9,SCANIA MODEL MISSING,1,E01013920,0,-1
2023421315648,2023,421315648,2,21,0,2,2,7,4,0,0,0,0,0,0,0,2,1,1,1,1,58,9,12742,2,1,SCANIA MODEL MISSING,9,E01021593,0,-1
2023231331945,2023,231331945,2,20,0,6,6,2,4,0,0,5,0,0,0,0,2,1,1,1,1,50,8,12742,2,3,SCANIA MODEL MISSING,8,E01031042,0,-1
2023311319790,2023,311319790,1,21,1,18,19,1,5,0,0,0,0,0,0,0,0,1,1,1,1,56,9,12740,2,9,SCANIA MODEL MISSING,-1,-1,0,-1
2023471389520,2023,471389520,2,21,1,18,19,1,5,0,0,1,0,0,0,0,1,1,1,1,1,42,7,12742,5,0,SCANIA MODEL MISSING,10,E01017436,0,-1
2023061369969,2023,061369969,1,21,1,18,19,3,7,0,0,3,0,0,0,0,1,1,1,1,1,59,9,12742,2,0,SCANIA MODEL MISSING,6,W01000164,0,-1
2023161389447,2023,161389447,1,21,1,3,3,2,6,0,0,4,0,0,0,0,2,1,1,1,1,29,6,12742,2,4,SCANIA MODEL MISSING,1,E01007655,0,-1
2023332300262,2023,332300262,1,21,0,18,19,3,7,0,0,0,0,0,0,0,1,1,1,1,1,49,8,12742,2,0,SCANIA MODEL MISSING,8,E01031182,0,-1
2023991282740,2023,991282740,2,21,0,18,19,8,4,0,0,0,0,0,1,0,1,1,1,1,1,62,9,12742,2,5,SCANIA MODEL MISSING,7,-1,0,-1
2023991297539,2023,991297539,2,11,0,18,19,5,1,0,0,0,0,0,0,0,1,1,1,1,1,49,8,9000,2,2,SCANIA MODEL MISSING,1,-1,0,-1
2023371330693,2023,371330693,2,11,0,18,19,3,7,0,0,0,0,0,0,0,1,1,1,1,1,54,8,9000,2,19,SCANIA MODEL MISSING,5,E01029990,0,-1
2023471277291,2023,471277291,2,21,0,2,2,0,0,6,6,0,0,0,0,0,2,1,1,1,1,25,5,9290,2,7,SCANIA MODEL MISSING,4,E01021496,0,-1
2023311397344,2023,311397344,1,11,0,18,19,3,8,0,0,0,0,0,0,0,1,1,1,1,1,40,7,9000,2,9,SCANIA MODEL MISSING,1,E01013920,0,-1
2023471348682,2023,471348682,1,11,0,18,19,3,7,0,0,8,0,0,0,0,0,1,5,6,1,54,8,9000,2,18,SCANIA MODEL MISSING,10,E01031706,0,-1
2023991390843,2023,991390843,4,21,0,18,19,6,2,0,0,0,0,4,0,0,1,1,1,1,1,68,10,12742,2,3,SCANIA MODEL MISSING,10,-1,0,-1
2023351333696,2023,351333696,1,21,1,18,19,-1,-1,0,0,0,1,0,7,4,1,1,1,1,1,43,7,12742,2,4,SCANIA MODEL MISSING,6,E01015671,0,-1
2023501366595,2023,501366595,1,21,0,4,4,5,1,0,0,0,1,0,0,0,1,1,6,6,1,50,8,9290,2,3,SCANIA MODEL MISSING,1,E01015217,0,-1
2023010468144,2023,010468144,2,20,0,18,19,1,5,0,0,3,0,0,0,0,2,1,1,1,1,61,9,12740,2,5,SCANIA MODEL MISSING,5,E01033577,0,-1
2023201401138,2023,201401138,1,11,0,18,19,2,6,0,0,8,0,0,0,0,1,1,1,1,1,55,8,9000,2,14,SCANIA MODEL MISSING,9,E01029506,0,-1
2023010482140,2023,010482140,2,21,9,18,19,7,3,99,99,9,9,99,9,99,1,1,6,6,3,-1,-1,12742,2,5,SCANIA MODEL MISSING,-1,-1,0,-1
2023401289522,2023,401289522,1,21,1,18,19,8,4,0,0,0,0,0,0,0,1,1,1,1,1,53,8,12742,2,5,SCANIA MODEL MISSING,8,E01027094,0,-1
2023311292172,2023,311292172,1,21,1,18,19,4,8,0,0,0,0,0,0,0,1,1,1,1,1,67,10,12742,2,6,SCANIA MODEL MISSING,-1,-1,0,-1
202360A021712,2023,60A021712,1,21,1,4,4,3,7,0,0,2,0,0,0,0,1,1,1,1,1,31,6,12740,2,7,SCANIA MODEL MISSING,-1,-1,0,-1
2023070341731,2023,070341731,2,21,1,4,4,3,7,0,0,1,0,0,0,0,2,1,1,1,1,44,7,12742,2,3,SCANIA MODEL MISSING,3,W01000423,0,-1
2023302301271,2023,302301271,1,9,0,18,19,4,8,0,0,0,5,0,0,0,4,1,6,6,2,80,11,1197,1,6,SKODA YETI,10,E01013463,0,-1
2023430270689,2023,430270689,2,9,0,3,3,4,8,0,0,8,0,0,0,0,2,1,6,6,2,35,6,1968,2,11,SKODA YETI,7,E01016840,0,-1
2023520400637,2023,520400637,1,9,0,18,19,4,8,0,0,0,0,0,0,0,3,1,6,6,2,50,8,1968,2,9,SKODA YETI,6,E01022445,0,-1
2023411277506,2023,411277506,2,9,0,4,4,6,1,0,0,2,0,12,0,0,4,1,5,6,2,56,9,1968,2,7,SKODA YETI,7,E01023739,0,-1
2023010480287,2023,010480287,1,9,0,18,19,3,7,0,0,1,0,0,0,0,0,1,6,6,2,58,9,1197,1,6,SKODA YETI,5,E01024525,0,-1
2023111359559,2023,111359559,2,9,0,9,9,1,6,0,0,6,0,0,0,0,1,1,5,6,1,70,10,1968,2,9,SKODA YETI,8,E01020862,0,-1
2023221267551,2023,221267551,1,9,0,17,19,2,6,0,0,0,0,0,0,0,1,1,6,6,2,79,11,1968,2,9,SKODA YETI,-1,-1,0,-1
2023041355843,2023,041355843,1,9,0,18,19,7,3,0,0,0,0,0,0,0,1,1,5,6,1,67,10,1968,2,9,SKODA YETI,7,E01025180,0,-1
2023351324067,2023,351324067,1,9,0,7,7,5,8,0,0,1,0,0,7,11,1,1,5,6,2,50,8,1598,2,12,SKODA YETI,7,E01018255,0,-1
2023010460025,2023,010460025,2,9,0,99,99,9,9,99,99,9,9,99,9,99,9,9,6,6,3,-1,-1,1197,1,8,SKODA YETI,6,E01003163,0,-1
2023461381158,2023,461381158,2,9,0,5,5,3,7,0,0,1,0,0,0,0,2,1,2,2,2,37,7,1968,2,6,SKODA YETI,4,E01024582,0,-1
2023522301307,2023,522301307,2,9,0,18,19,6,2,0,0,8,0,0,7,4,3,1,6,6,2,63,9,1968,2,7,SKODA YETI,5,E01014518,0,-1
2023520400508,2023,520400508,3,9,0,9,9,5,3,0,0,8,0,0,0,0,4,1,6,6,1,84,11,1197,1,9,SKODA YETI,4,E01029187,0,-1
2023010448826,2023,010448826,2,9,0,99,99,9,9,99,99,9,9,99,9,99,1,9,6,6,3,-1,-1,1390,1,10,SKODA YETI,-1,-1,0,-1
2023461282380,2023,461282380,1,9,0,18,19,7,3,0,0,0,0,0,0,0,1,1,6,6,1,73,10,1968,2,12,SKODA YETI,7,E01024274,0,-1
2023161320167,2023,161320167,2,9,0,18,19,4,8,0,0,8,0,0,0,0,1,1,6,6,3,-1,-1,1968,2,10,SKODA YETI,-1,-1,0,-1
2023122301049,2023,122301049,2,9,0,18,19,5,1,0,0,0,0,0,0,0,2,1,6,6,2,56,9,1968,2,11,SKODA YETI,6,E01008195,0,-1
2023131381480,2023,131381480,1,9,0,18,19,1,5,0,0,0,0,0,0,0,1,1,2,2,2,52,8,1598,2,10,SKODA YETI,6,E01027479,0,-1
2023111298937,2023,111298937,1,9,0,18,19,6,2,0,0,4,0,0,0,0,1,1,5,6,1,79,11,1968,2,10,SKODA YETI,4,E01020644,0,-1
2023131303726,2023,131303726,2,9,0,18,19,5,1,0,0,8,0,0,2,11,2,1,5,6,1,36,7,1968,2,9,SKODA YETI,1,E01011662,0,-1
2023010482031,2023,010482031,1,9,9,99,99,9,9,99,99,5,9,99,9,99,9,9,6,6,1,82,11,1197,1,6,SKODA YETI,2,E01003079,0,-1
2023122300733,2023,122300733,2,9,0,9,9,1,7,0,0,8,0,0,0,0,2,1,6,6,1,78,11,1968,2,8,SKODA YETI,-1,-1,0,-1
2023211263037,2023,211263037,1,9,0,14,14,1,5,0,0,0,0,0,0,0,1,1,6,6,1,64,9,1968,2,13,SKODA YETI,4,E01029783,0,-1
2023451262043,2023,451262043,1,9,0,9,9,1,2,0,0,2,0,0,0,0,1,1,6,6,2,43,7,1968,2,10,SKODA YETI,10,E01030873,0,-1
2023221265352,2023,221265352,1,9,0,18,19,5,1,0,0,0,0,6,0,0,1,1,5,6,2,70,10,1197,1,10,SKODA YETI,5,E01028996,0,-1
2023041322310,2023,041322310,2,9,0,18,19,7,3,0,0,0,0,0,0,0,2,1,5,6,1,69,10,1598,2,10,SKODA YETI,1,E01005382,0,-1
2023991330015,2023,991330015,3,9,0,16,19,8,8,0,0,0,0,0,2,0,1,1,5,6,1,67,10,1968,2,8,SKODA YETI,6,-1,0,-1
2023461387136,2023,461387136,2,9,0,18,19,3,7,0,0,0,0,0,0,0,2,1,6,6,2,52,8,1968,2,9,SKODA YETI,6,E01024728,0,-1
2023451380162,2023,451380162,1,9,0,4,4,7,2,0,0,0,0,0,0,0,2,1,3,7,2,50,8,1968,2,8,SKODA YETI,10,E01030940,0,-1
2023451319604,2023,451319604,1,9,0,18,19,7,3,0,0,1,0,0,0,0,1,1,1,1,1,83,11,1968,2,10,SKODA YETI,10,E01024483,0,-1
2023371372825,2023,371372825,1,9,0,1,1,7,4,0,0,0,0,0,0,0,3,1,2,2,2,64,9,1197,1,12,SKODA YETI,7,E01029870,0,-1
2023501340752,2023,501340752,1,9,0,17,19,7,4,0,0,0,0,0,0,0,3,1,5,6,1,66,10,1598,2,10,SKODA YETI,5,E01020147,0,-1
2023201384343,2023,201384343,1,9,0,9,9,1,6,0,0,5,0,0,0,0,4,1,5,6,1,53,8,1197,1,7,SKODA YETI,3,E01009954,0,-1
2023010424141,2023,010424141,2,9,0,99,99,9,9,99,99,9,9,99,9,99,1,9,6,6,1,53,8,1197,1,8,SKODA YETI,4,E01033746,0,-1
2023991375489,2023,991375489,1,9,0,18,19,6,2,0,0,1,0,4,0,0,1,1,5,6,1,46,8,1598,2,10,SKODA YETI,6,-1,0,-1
2023451375358,2023,451375358,2,9,0,9,9,5,4,0,0,0,0,0,0,0,9,1,6,6,2,62,9,1197,1,12,SKODA YETI,-1,-1,0,-1
2023471322699,2023,471322699,2,9,0,7,7,2,5,0,0,1,0,0,0,0,2,1,6,6,2,64,9,1197,1,7,SKODA YETI,10,E01031641,0,-1
2023131296782,2023,131296782,2,9,0,17,19,7,3,0,0,0,0,0,0,0,3,1,5,6,1,80,11,1197,1,7,SKODA YETI,9,E01012957,0,-1
2023451300358,2023,451300358,3,9,0,18,19,1,5,0,0,0,0,0,0,0,4,1,5,6,2,46,8,1197,1,10,SKODA YETI,8,E01030928,0,-1
2023161309999,2023,161309999,1,9,0,1,1,0,4,0,0,0,0,0,0,0,3,1,6,6,1,-1,-1,1197,1,8,SKODA YETI,-1,-1,0,-1
2023440252873,2023,440252873,2,9,0,17,19,8,5,0,0,0,0,0,0,0,1,1,6,6,1,40,7,1197,1,8,SKODA YETI,10,E01023273,0,-1
2023052301643,2023,052301643,1,9,0,5,5,5,1,0,0,1,0,0,0,0,1,1,6,6,2,73,10,1197,1,6,SKODA YETI,8,E01007193,0,-1
2023440448843,2023,440448843,2,9,0,4,4,7,3,0,0,1,0,0,0,0,1,1,6,6,2,51,8,1197,1,10,SKODA YETI,2,E01017119,0,-1
2023131286515,2023,131286515,1,9,0,9,9,1,7,0,0,8,0,0,0,0,1,1,2,2,2,51,8,1968,2,6,SKODA YETI,1,E01010608,0,-1
2023501343649,2023,501343649,1,9,0,9,9,8,7,0,0,6,0,0,0,0,1,1,5,6,2,45,7,1968,2,7,SKODA YETI,6,E01018753,0,-1
2023351381227,2023,351381227,2,9,0,18,19,3,7,0,0,1,0,0,0,0,1,1,5,6,2,75,10,1798,1,13,SKODA YETI,4,E01018060,0,-1
2023430447717,2023,430447717,2,9,0,2,2,0,0,0,0,0,0,0,0,0,2,1,6,6,2,81,11,1390,1,10,SKODA YETI,9,E01016237,0,-1
2023122300213,2023,122300213,2,9,0,18,19,6,2,0,0,1,0,0,0,0,1,1,6,6,1,49,8,1197,1,7,SKODA YETI,9,E01013389,0,-1
2023010480226,2023,010480226,2,9,0,2,2,0,0,0,0,1,0,0,0,0,2,1,6,6,3,-1,-1,1968,2,8,SKODA YETI,-1,-1,0,-1
2023010444614,2023,010444614,2,9,9,99,99,9,9,99,99,9,9,99,9,99,1,9,6,6,3,-1,-1,1197,1,13,SKODA YETI,-1,-1,0,-1
2023471382122,2023,471382122,3,9,0,16,19,7,3,0,0,0,1,0,2,7,3,1,5,6,1,50,8,1197,1,10,SKODA YETI,8,E01021075,0,-1
2023361347129,2023,361347129,1,9,0,18,19,7,3,0,0,1,0,0,0,0,1,1,5,6,1,77,11,1968,2,9,SKODA YETI,8,E01026653,0,-1
2023430508839,2023,430508839,2,9,0,18,19,4,8,0,0,8,0,0,0,0,1,1,6,6,1,81,11,1968,2,8,SKODA YETI,8,E01016780,0,-1
2023552300631,2023,552300631,2,9,0,18,19,2,6,0,0,8,0,0,0,0,2,1,6,6,1,52,8,1197,1,8,SKODA YETI,7,E01015450,0,-1
2023471258878,2023,471258878,1,9,0,18,19,4,8,0,0,0,0,0,0,0,1,1,5,6,2,63,9,1197,1,8,SKODA YETI,6,E01031520,0,-1
2023440021584,2023,440021584,2,9,0,3,3,5,1,0,0,0,0,0,0,0,1,1,6,6,1,66,10,1968,2,7,SKODA YETI,4,E01022621,0,-1
2023211270504,2023,211270504,1,9,0,-1,-1,-1,-1,-1,-1,0,-1,-1,-1,0,-1,1,6,6,3,-1,-1,1598,2,9,SKODA YETI,-1,-1,0,-1
2023440215119,2023,440215119,2,9,0,18,19,2,6,0,0,8,5,0,0,0,1,1,6,6,1,83,11,1197,1,9,SKODA YETI,10,E01032850,0,-1
2023221383989,2023,221383989,1,9,0,18,19,4,8,0,0,4,0,0,0,0,1,1,6,6,2,76,11,1968,2,9,SKODA YETI,7,E01014075,0,-1
2023141396351,2023,141396351,2,9,0,9,9,1,7,0,0,2,0,0,0,0,1,1,6,6,1,49,8,1968,2,13,SKODA YETI,1,E01008082,0,-1
2023552301175,2023,552301175,2,9,0,9,9,7,5,0,0,6,0,0,0,0,3,1,6,6,1,77,11,1968,2,8,SKODA YETI,9,E01020497,0,-1
2023201291368,2023,201291368,1,9,0,4,4,5,3,0,0,0,0,7,7,10,1,1,6,6,1,94,11,1197,1,10,SKODA YETI,10,E01009859,0,-1
2023041353760,2023,041353760,1,9,0,7,7,1,5,6,6,2,0,0,0,0,1,1,5,6,2,83,11,1197,1,7,SKODA YETI,8,E01025191,0,-1
2023471330196,2023,471330196,1,9,0,17,19,8,4,0,0,8,0,0,7,0,3,1,5,6,1,89,11,1197,1,9,SKODA YETI,8,E01021147,0,-1
2023430005957,2023,430005957,2,9,0,18,19,5,1,0,0,0,0,0,1,0,1,1,6,6,1,82,11,1197,1,6,SKODA YETI,10,E01028654,0,-1
2023451370772,2023,451370772,3,9,0,2,2,0,0,0,0,0,0,0,1,0,3,1,6,6,3,-1,-1,1798,1,9,SKODA YETI,-1,-1,0,-1
2023010424551,2023,010424551,1,9,0,9,9,5,2,0,0,1,0,0,0,0,1,1,6,6,2,72,10,1197,1,8,SKODA YETI,10,E01030407,0,-1
2023991350738,2023,991350738,1,9,0,18,19,6,1,0,0,1,0,0,1,2,1,1,5,6,1,69,10,1197,1,7,SKODA YETI,7,-1,0,-1
2023430046389,2023,430046389,1,9,0,18,19,1,5,0,0,0,0,0,0,0,1,1,6,6,2,86,11,1197,1,8,SKODA YETI,7,E01028800,0,-1
2023371374282,2023,371374282,1,9,0,3,3,-1,-1,0,0,4,0,0,0,0,-1,1,6,6,1,88,11,1197,1,6,SKODA YETI,10,E01030292,0,-1
2023031303349,2023,031303349,3,9,0,2,2,0,0,0,0,0,0,0,0,0,1,1,5,6,1,62,9,1197,1,6,SKODA YETI,5,E01019318,0,-1
2023361324106,2023,361324106,1,9,0,9,9,5,3,0,0,2,0,0,0,0,3,1,6,6,2,56,9,1197,1,7,SKODA YETI,5,E01026481,0,-1
2023351337210,2023,351337210,1,9,0,18,19,3,1,0,0,3,0,0,0,0,2,1,5,6,1,78,11,1968,2,9,SKODA YETI,7,E01011216,0,-1
2023041297092,2023,041297092,1,9,0,5,5,3,7,0,0,1,0,4,0,0,1,1,5,6,1,28,6,1968,2,10,SKODA YETI,1,E01024987,0,-1
2023991326313,2023,991326313,1,9,0,18,19,6,2,0,0,0,5,0,7,9,3,1,5,6,1,36,7,1197,1,7,SKODA YETI,-1,-1,0,-1
2023440020601,2023,440020601,4,9,0,18,19,1,5,0,0,2,0,0,0,0,1,1,6,6,1,78,11,1197,1,7,SKODA YETI,8,E01022828,0,-1
2023520301775,2023,520301775,1,9,0,4,4,5,2,0,0,8,0,0,0,0,2,1,6,6,1,-1,-1,1798,1,12,SKODA YETI,8,E01029023,0,-1
2023501386922,2023,501386922,1,9,0,18,19,7,3,0,0,0,0,0,1,11,1,1,6,6,2,71,10,1197,1,9,SKODA YETI,6,E01019893,0,-1