collision_index,collision_year,collision_ref_no,vehicle_reference,vehicle_type,towing_and_articulation,vehicle_manoeuvre_historic,vehicle_manoeuvre,vehicle_direction_from,vehicle_direction_to,vehicle_location_restricted_lane_historic,vehicle_location_restricted_lane,junction_location,skidding_and_overturning,hit_object_in_carriageway,vehicle_leaving_carriageway,hit_object_off_carriageway,first_point_of_impact,vehicle_left_hand_drive,journey_purpose_of_driver_historic,journey_purpose_of_driver,sex_of_driver,age_of_driver,age_band_of_driver,engine_capacity_cc,propulsion_code,age_of_vehicle,generic_make_model,driver_imd_decile,lsoa_of_driver,escooter_flag,driver_distance_banding
2023131286994,2023,131286994,8,9,0,18,19,5,1,0,0,0,0,0,0,0,1,1,1,1,1,32,6,1582,2,5,KIA CEED,2,E01011256,0,-1
2023440292806,2023,440292806,2,9,0,18,19,7,3,0,0,2,0,0,0,0,0,1,6,6,3,-1,-1,1582,2,10,KIA CEED,-1,-1,0,-1
2023430369982,2023,430369982,3,9,0,3,3,5,1,0,0,0,0,0,0,0,2,1,6,6,1,62,9,1582,2,11,KIA CEED,9,E01008159,0,-1
2023622300973,2023,622300973,3,9,0,9,9,4,2,0,0,5,0,0,0,0,2,1,3,7,2,43,7,1582,2,12,KIA CEED,7,W01001109,0,-1
2023361366413,2023,361366413,2,9,0,2,2,0,0,0,0,0,0,0,0,0,2,1,6,6,3,-1,-1,1598,8,2,KIA CEED,-1,-1,0,-1
2023531365110,2023,531365110,2,9,0,3,3,1,5,0,0,0,0,0,0,0,2,1,2,2,1,61,9,1582,2,11,KIA CEED,7,E01032699,0,-1
2023371259552,2023,371259552,1,9,0,9,9,7,5,0,0,0,0,0,0,0,3,1,5,6,1,36,7,1482,1,1,KIA CEED,5,E01029946,0,-1
2023461367332,2023,461367332,1,9,0,4,4,6,2,0,0,0,1,0,1,0,3,1,2,2,1,35,6,1582,2,10,KIA CEED,2,E01024616,0,-1
2023122300984,2023,122300984,2,9,0,18,19,3,7,0,0,1,0,0,0,0,1,1,6,6,2,21,5,1396,2,8,KIA CEED,8,E01027694,0,-1
2023201284924,2023,201284924,1,9,0,5,5,3,7,9,9,0,0,0,0,0,1,1,6,6,1,25,5,1482,1,1,KIA CEED,10,E01029678,0,-1
2023061325967,2023,061325967,1,9,0,5,5,5,1,0,0,6,0,0,0,0,1,1,6,6,2,25,5,1582,2,14,KIA CEED,8,E01005988,0,-1
2023991316088,2023,991316088,1,9,0,7,7,4,6,0,0,5,0,0,0,0,4,1,5,6,2,66,10,998,1,1,KIA CEED,-1,-1,0,-1
2023545433623,2023,545433623,2,9,0,18,19,2,6,0,0,0,0,0,1,3,3,1,6,6,1,61,9,1396,1,9,KIA CEED,6,E01031902,0,-1
2023131370646,2023,131370646,2,9,0,9,9,1,5,0,0,1,0,0,7,0,3,1,6,6,2,31,6,1591,1,16,KIA CEED,5,E01011902,0,-1
2023622301016,2023,622301016,1,9,0,18,19,5,2,0,0,2,0,0,0,0,1,1,6,6,2,38,7,1482,1,0,KIA CEED,1,W01000992,0,-1
2023520400477,2023,520400477,1,9,0,2,2,0,0,0,0,0,0,0,0,0,9,1,6,6,3,-1,-1,1582,2,16,KIA CEED,-1,-1,0,-1
2023141292209,2023,141292209,1,9,0,4,4,3,7,0,0,1,0,0,0,0,2,1,2,2,1,50,8,1582,2,15,KIA CEED,7,E01007423,0,-1
2023440020948,2023,440020948,2,9,0,18,19,4,8,0,0,0,0,0,5,6,3,1,6,6,2,38,7,1353,1,4,KIA CEED,4,E01017104,0,-1
2023471370395,2023,471370395,2,9,0,7,7,4,6,0,0,6,0,0,0,0,0,1,6,6,2,19,4,1582,2,7,KIA CEED,1,E01016868,0,-1
2023131354768,2023,131354768,2,9,0,2,2,3,7,9,9,0,0,0,0,0,1,1,6,6,3,-1,-1,1582,2,8,KIA CEED,-1,-1,0,-1
2023041286755,2023,041286755,1,9,0,18,19,3,7,0,0,0,5,0,1,0,0,1,6,6,2,35,6,1582,2,7,KIA CEED,-1,-1,0,-1
2023548881023,2023,548881023,2,9,0,18,19,7,3,0,0,1,0,0,0,0,1,1,6,6,1,70,10,1396,2,10,KIA CEED,-1,-1,0,-1
2023070828788,2023,070828788,2,9,0,18,19,8,4,0,0,0,0,0,0,0,2,1,6,6,2,71,10,1582,2,10,KIA CEED,1,E01018519,0,-1
2023340NN1982,2023,340NN1982,1,9,0,9,9,2,8,0,0,5,0,0,0,0,1,1,6,6,1,62,9,1591,1,13,KIA CEED,2,E01027342,0,-1
2023052300913,2023,052300913,1,9,0,18,19,3,5,0,0,2,0,0,0,0,1,1,6,6,2,40,7,1582,2,7,KIA CEED,5,E01006593,0,-1
2023052300163,2023,052300163,1,9,0,18,19,1,5,0,0,1,0,0,0,0,3,1,6,6,2,46,8,1582,2,12,KIA CEED,2,E01012506,0,-1
2023520300128,2023,520300128,1,9,0,18,19,8,4,0,0,0,1,0,7,4,1,1,6,6,1,30,6,1582,2,14,KIA CEED,4,E01029187,0,-1
2023201408329,2023,201408329,2,9,0,18,19,3,7,0,0,8,0,0,0,0,4,1,2,2,1,36,7,1582,2,8,KIA CEED,1,E01009640,0,-1
2023201454263,2023,201454263,1,9,0,9,9,5,2,0,0,6,0,0,0,0,0,1,2,2,2,59,9,1582,2,7,KIA CEED,3,E01009077,0,-1
2023170S22333,2023,170S22333,2,9,0,3,3,4,8,0,0,1,0,0,0,0,2,1,2,2,2,39,7,1396,2,10,KIA CEED,3,E01012278,0,-1
2023010421406,2023,010421406,1,9,0,7,7,5,8,0,0,5,0,0,0,0,1,1,6,6,1,46,8,1582,2,5,KIA CEED,9,E01002239,0,-1
2023131321161,2023,131321161,2,9,0,18,19,3,7,0,0,8,0,0,0,0,4,1,5,6,1,29,6,1598,2,4,KIA CEED,1,E01011346,0,-1
2023471300750,2023,471300750,1,9,0,18,19,4,8,0,0,0,0,0,0,0,3,1,5,6,1,36,7,998,1,1,KIA CEED,8,E01023232,0,-1
2023101354555,2023,101354555,2,9,0,18,19,8,4,0,0,0,0,0,1,0,0,1,1,1,1,50,8,1582,2,11,KIA CEED,7,E01008320,0,-1
2023070324649,2023,070324649,1,9,0,9,9,4,8,0,0,1,0,0,0,0,3,1,6,6,1,31,6,1582,2,13,KIA CEED,8,E01005852,0,-1
2023201285209,2023,201285209,1,9,0,18,19,5,1,0,0,8,0,0,0,0,0,1,1,1,1,57,9,1582,2,10,KIA CEED,3,W01001449,0,-1
2023061281776,2023,061281776,2,9,0,8,8,5,8,0,0,0,0,0,0,0,2,1,5,6,2,31,6,1582,2,13,KIA CEED,1,E01005683,0,-1
2023440173348,2023,440173348,2,9,0,16,19,1,4,0,0,0,0,0,0,0,1,1,6,6,1,61,9,1396,1,13,KIA CEED,2,E01022833,0,-1
2023041384495,2023,041384495,1,9,0,18,19,5,1,0,0,4,0,0,0,0,1,1,5,6,1,42,7,1582,2,10,KIA CEED,1,E01033231,0,-1
2023552301389,2023,552301389,1,9,0,9,9,4,2,0,0,6,0,0,0,0,1,1,2,2,2,25,5,1582,2,13,KIA CEED,10,E01020560,0,-1
2023411374373,2023,411374373,2,9,0,4,4,1,5,0,0,0,0,0,0,0,2,1,5,6,2,30,6,1582,2,11,KIA CEED,9,E01033194,0,-1
2023302300230,2023,302300230,1,9,0,18,19,6,2,0,0,1,0,0,0,0,1,1,6,6,1,86,11,1582,2,10,KIA CEED,8,E01019476,0,-1
2023421363629,2023,421363629,1,9,0,6,6,4,8,0,0,0,0,0,0,0,3,1,6,6,1,-1,-1,1582,2,13,KIA CEED,-1,-1,0,-1
2023061333331,2023,061333331,1,9,0,6,6,2,1,0,0,1,0,4,0,0,4,1,2,2,1,35,6,1396,2,8,KIA CEED,3,E01005013,0,-1
2023991393543,2023,991393543,2,9,0,17,19,4,7,0,0,0,1,0,8,0,1,1,6,6,1,40,7,998,1,3,KIA CEED,4,-1,0,-1
2023010420547,2023,010420547,2,9,0,99,99,9,9,99,99,9,9,99,9,99,1,9,6,6,2,-1,-1,1396,1,13,KIA CEED,6,E01003449,0,-1
2023041288248,2023,041288248,2,9,0,18,19,3,7,0,0,0,0,0,1,11,1,1,5,6,2,26,6,1582,2,8,KIA CEED,5,E01025589,0,-1
2023332300098,2023,332300098,1,9,0,9,9,7,5,0,0,5,0,0,1,0,4,1,6,6,1,22,5,1591,1,15,KIA CEED,8,E01013650,0,-1
2023052302321,2023,052302321,1,8,0,18,19,5,1,0,0,8,0,0,0,0,1,1,1,1,1,37,7,1582,2,9,-1,1,E01006552,0,-1
2023070175999,2023,070175999,2,9,0,18,19,5,1,0,0,0,0,0,0,0,2,1,2,2,1,45,7,1582,2,12,KIA CEED,6,E01006864,0,-1
2023501337205,2023,501337205,2,9,0,16,19,2,6,0,0,0,1,0,5,6,1,1,2,2,1,75,10,1396,1,9,KIA CEED,4,E01015268,0,-1
2023371313981,2023,371313981,2,9,0,10,10,3,7,0,0,1,0,11,0,0,2,1,5,6,1,54,8,1396,2,8,KIA CEED,5,E01030222,0,-1
2023631375890,2023,631375890,2,9,0,18,19,1,5,0,0,0,0,0,0,0,1,1,6,6,1,53,8,1582,2,7,KIA CEED,2,E01006653,0,-1
2023221364927,2023,221364927,1,9,0,17,19,8,5,0,0,0,0,0,0,0,1,1,5,6,1,54,8,1582,2,7,KIA CEED,1,E01032424,0,-1
2023131390761,2023,131390761,2,9,0,18,19,7,3,0,0,8,0,0,1,11,1,1,5,6,2,62,9,1582,2,6,KIA CEED,1,E01010814,0,-1
2023131285921,2023,131285921,1,9,0,18,19,3,7,0,0,0,0,0,1,11,1,1,5,6,1,18,4,998,1,1,KIA CEED,8,E01011769,0,-1
2023311276218,2023,311276218,2,9,0,10,10,5,1,0,0,0,0,0,0,0,4,1,6,6,1,22,5,1582,2,7,KIA CEED,2,E01028230,0,-1
2023041282490,2023,041282490,2,9,0,18,19,1,5,0,0,0,0,0,0,0,1,1,5,6,1,33,6,1582,2,13,KIA CEED,3,E01012617,0,-1
2023122301305,2023,122301305,1,9,0,6,6,3,3,0,0,0,0,0,0,0,3,1,6,6,1,71,10,1582,2,6,KIA CEED,7,E01025180,0,-1
2023041307640,2023,041307640,3,9,0,18,19,3,7,0,0,0,0,0,0,0,0,1,5,6,2,72,10,1591,1,15,KIA CEED,7,E01025448,0,-1
2023131330778,2023,131330778,1,9,0,7,7,1,5,0,0,3,0,0,3,0,2,1,6,6,2,29,6,1582,2,11,KIA CEED,1,E01011318,0,-1
2023302301666,2023,302301666,1,9,0,18,19,4,8,0,0,0,0,10,1,7,1,1,6,6,1,40,7,1582,2,7,KIA CEED,9,E01019589,0,-1
2023010461228,2023,010461228,1,9,0,18,19,3,7,0,0,1,0,0,0,0,4,1,6,6,2,21,5,1591,1,13,KIA CEED,2,E01000604,0,-1
2023041391621,2023,041391621,2,9,0,18,19,7,3,0,0,0,0,0,0,0,1,1,2,2,1,52,8,1582,2,9,KIA CEED,7,E01025561,0,-1
2023141391522,2023,141391522,1,9,0,9,9,6,4,0,0,1,0,0,0,0,4,1,5,6,2,49,8,1582,2,8,KIA CEED,2,E01007651,0,-1
2023471384905,2023,471384905,1,9,0,18,19,2,6,0,0,0,0,0,0,0,1,1,6,6,1,54,8,1582,2,16,KIA CEED,5,E01031574,0,-1
2023141312125,2023,141312125,2,9,0,2,2,0,0,0,0,0,0,0,0,0,3,1,6,6,3,-1,-1,1582,2,13,KIA CEED,-1,-1,0,-1
2023101375990,2023,101375990,1,9,0,18,19,5,1,0,0,8,0,0,0,0,1,1,6,6,1,50,8,998,1,2,KIA CEED,3,E01008503,0,-1
2023520300715,2023,520300715,2,9,0,18,19,7,3,0,0,8,0,0,0,0,1,1,6,6,2,-1,-1,1582,2,10,KIA CEED,4,E01029090,0,-1
2023131302470,2023,131302470,2,9,0,12,12,5,1,0,0,0,0,0,0,0,2,1,5,6,1,30,6,1396,1,13,KIA CEED,6,E01032159,0,-1
2023010471233,2023,010471233,1,9,0,5,5,0,7,0,0,8,0,0,0,0,1,1,6,6,2,55,8,1396,1,8,KIA CEED,1,E01003487,0,-1
2023010446013,2023,010446013,2,9,9,99,99,9,9,99,99,9,9,99,9,99,1,9,6,6,3,-1,-1,1591,1,9,KIA CEED,-1,-1,0,-1
2023010473086,2023,010473086,2,9,0,99,99,9,9,99,99,9,9,99,9,99,9,9,6,6,3,51,8,1591,1,15,KIA CEED,5,E01001157,0,-1
2023471314181,2023,471314181,2,9,0,4,4,7,3,0,0,1,0,0,0,0,0,1,5,6,1,35,6,998,1,4,KIA CEED,3,E01023323,0,-1
2023461387344,2023,461387344,1,9,0,18,19,3,7,0,0,8,0,0,0,0,1,1,6,6,1,39,7,1991,2,15,KIA CEED,7,E01024003,0,-1
2023010431239,2023,010431239,1,9,9,8,8,1,4,99,99,9,9,99,9,99,1,9,6,6,1,45,7,1591,1,16,KIA CEED,1,E01024148,0,-1
2023991263929,2023,991263929,1,9,0,7,7,7,2,0,0,6,0,0,7,1,1,1,5,6,1,70,10,1598,2,3,KIA CEED,4,-1,0,-1
2023221328531,2023,221328531,1,9,0,4,4,4,8,0,0,0,0,0,0,0,2,1,5,6,1,58,9,1582,2,12,KIA CEED,9,E01014183,0,-1
2023041350917,2023,041350917,1,9,0,18,19,3,7,0,0,0,0,4,0,0,1,1,5,6,1,27,6,1598,2,4,KIA CEED,9,E01025512,0,-1
2023471271125,2023,471271125,2,9,0,18,19,2,7,0,0,1,0,0,0,0,1,1,5,6,2,27,6,1582,2,11,KIA CEED,8,E01031382,0,-1
2023622300733,2023,622300733,1,9,0,17,19,4,1,0,0,0,0,0,1,0,1,1,6,6,2,32,6,1582,2,7,KIA CEED,5,W01001360,0,-1
2023031381659,2023,031381659,1,9,0,9,9,5,3,0,0,5,1,11,0,0,2,1,5,6,1,30,6,1582,2,12,KIA CEED,1,E01019174,0,-1
2023991303798,2023,991303798,3,9,0,2,2,0,0,0,0,0,0,0,0,0,1,2,6,6,3,-1,-1,1591,1,15,KIA CEED,-1,-1,0,-1
2023311366652,2023,311366652,1,9,0,18,19,1,5,0,0,0,0,0,0,0,1,1,5,6,1,27,6,1582,2,10,KIA CEED,2,E01013891,0,-1
2023010432613,2023,010432613,1,9,0,18,19,5,1,0,0,1,0,0,0,0,4,1,6,6,2,38,7,1482,1,1,KIA CEED,1,E01001554,0,-1
2023211436667,2023,211436667,2,9,0,11,11,7,3,0,0,0,0,0,0,0,4,1,2,2,1,36,7,998,1,4,KIA CEED,-1,-1,0,-1
2023311329651,2023,311329651,1,9,0,3,3,7,5,0,0,1,0,0,0,0,4,1,1,1,2,25,5,1591,1,16,KIA CEED,2,E01028233,0,-1
2023522300498,2023,522300498,1,9,0,18,19,6,2,0,0,0,0,0,0,0,1,1,6,6,1,66,10,998,1,1,KIA CEED,3,E01014519,0,-1
2023141306325,2023,141306325,1,9,0,18,19,1,5,0,0,8,0,0,0,0,1,1,6,6,1,49,8,1582,2,7,KIA CEED,8,E01007594,0,-1
202360A055288,2023,60A055288,2,9,0,18,19,3,7,0,0,1,0,0,0,0,4,1,6,6,1,51,8,1582,2,6,KIA CEED,-1,-1,0,-1
2023451269302,2023,451269302,1,9,0,4,4,5,1,0,0,1,0,0,0,0,1,1,5,6,1,45,7,1582,2,9,KIA CEED,10,E01030499,0,-1
2023302301994,2023,302301994,2,8,0,18,19,5,1,0,0,1,0,0,0,0,1,1,1,1,1,48,8,1582,2,6,-1,10,E01029454,0,-1
2023411362594,2023,411362594,2,9,0,18,19,1,5,0,0,1,0,0,0,0,4,1,5,6,1,86,11,1598,2,4,KIA CEED,4,E01023357,0,-1
2023461379078,2023,461379078,1,9,0,9,9,1,3,0,0,6,0,0,0,0,1,1,5,6,1,42,7,1591,1,15,KIA CEED,6,E01024212,0,-1
2023471316355,2023,471316355,1,9,0,9,9,3,1,0,0,8,0,0,0,0,1,1,2,2,1,17,4,1582,2,8,KIA CEED,10,E01031627,0,-1
2023622300840,2023,622300840,2,9,0,18,19,4,8,0,0,0,0,0,0,0,1,1,6,6,1,61,9,1591,1,5,KIA CEED,4,W01000688,0,-1
2023122301046,2023,122301046,2,9,0,18,19,7,3,0,0,1,0,0,0,0,1,1,1,1,1,62,9,1598,2,4,KIA CEED,8,E01027754,0,-1
2023411335914,2023,411335914,1,9,0,9,9,3,7,0,0,5,0,0,0,0,2,1,5,6,2,58,9,1582,2,14,KIA CEED,6,E01023494,0,-1
2023440128575,2023,440128575,1,9,0,6,6,3,3,0,0,0,0,0,0,0,4,1,1,1,1,28,6,1582,2,11,KIA CEED,4,E01030432,0,-1
2023041335463,2023,041335463,1,9,0,18,19,5,1,0,0,1,0,0,0,0,4,1,5,6,1,61,9,1582,2,5,KIA CEED,5,E01025100,0,-1
2023131361825,2023,131361825,1,9,0,17,19,7,3,0,0,0,2,0,0,0,3,1,5,6,1,19,4,1591,1,9,KIA CEED,7,E01011581,0,-1
202360A117291,2023,60A117291,2,9,0,9,9,2,8,0,0,6,0,0,0,0,3,1,2,2,2,47,8,1396,2,8,KIA CEED,-1,-1,0,-1
2023041381098,2023,041381098,1,9,0,9,9,7,5,0,0,8,0,0,0,0,4,1,5,6,1,34,6,1482,1,1,KIA CEED,-1,-1,0,-1
2023451340835,2023,451340835,2,9,0,9,9,3,7,0,0,1,0,0,0,0,1,1,5,6,1,45,7,1396,1,16,KIA CEED,8,E01030701,0,-1
2023451378705,2023,451378705,1,9,0,3,3,1,5,0,0,0,0,0,0,0,2,1,5,6,1,45,7,1591,1,8,KIA CEED,10,E01030953,0,-1
2023122300357,2023,122300357,1,9,0,9,9,7,5,0,0,8,0,0,0,0,4,1,6,6,1,60,9,1396,1,15,KIA CEED,2,E01013347,0,-1
2023101367936,2023,101367936,1,9,0,18,19,6,2,0,0,0,0,0,0,0,1,1,6,6,2,39,7,1598,8,2,KIA CEED,5,E01008496,0,-1
2023221397614,2023,221397614,3,9,0,18,19,8,4,0,0,0,0,0,0,0,1,1,2,2,2,28,6,1582,2,10,KIA CEED,7,E01028884,0,-1
2023201412617,2023,201412617,1,9,0,5,5,4,8,0,0,6,0,0,0,0,4,1,6,6,2,38,7,1582,2,10,KIA CEED,3,E01010218,0,-1
2023991375445,2023,991375445,3,9,0,18,19,7,3,0,0,0,0,0,0,0,2,1,6,6,1,58,9,1582,2,7,KIA CEED,-1,-1,0,-1
2023471357240,2023,471357240,1,9,0,7,7,5,1,0,0,8,0,0,0,0,1,1,6,6,2,58,9,1396,1,14,KIA CEED,10,E01031666,0,-1
2023071174006,2023,071174006,1,9,0,14,14,6,2,0,0,1,0,0,0,0,1,1,6,6,1,62,9,1582,2,11,KIA CEED,-1,-1,0,-1
2023010423746,2023,010423746,2,9,0,2,2,0,0,0,0,1,0,0,0,0,1,1,6,6,3,-1,-1,1396,1,11,KIA CEED,-1,-1,0,-1
2023351377664,2023,351377664,1,9,0,18,19,7,3,0,0,2,0,0,3,0,1,1,5,6,1,62,9,1582,2,13,KIA CEED,1,E01033112,0,-1
2023421368618,2023,421368618,2,9,0,18,19,4,8,0,0,0,0,0,0,0,3,1,6,6,2,32,6,1582,2,5,KIA CEED,10,E01021622,0,-1
2023231342332,2023,231342332,1,9,0,18,19,6,2,0,0,0,0,0,0,0,1,1,5,6,1,33,6,1582,2,13,KIA CEED,6,E01031178,0,-1
2023141383082,2023,141383082,2,9,0,2,2,0,0,0,0,2,0,0,0,0,2,1,6,6,3,-1,-1,1482,1,0,KIA CEED,-1,-1,0,-1
2023461296514,2023,461296514,1,9,0,-1,-1,-1,-1,-1,-1,0,-1,-1,-1,0,-1,1,6,6,2,-1,-1,1582,2,13,KIA CEED,8,E01024012,0,-1
2023351381445,2023,351381445,1,9,0,18,19,5,8,0,0,0,0,0,0,0,1,1,6,6,1,31,6,1482,1,0,KIA CEED,1,E01002092,0,-1
2023991260655,2023,991260655,1,9,0,18,19,6,6,0,0,3,1,0,0,0,4,1,5,6,2,37,7,1582,2,11,KIA CEED,4,-1,0,-1
2023101298154,2023,101298154,1,9,0,18,19,1,5,1,1,1,0,0,0,0,3,1,1,1,2,34,6,1582,2,5,KIA CEED,6,E01020619,0,-1
2023141289755,2023,141289755,3,9,0,2,2,5,2,0,0,1,0,0,0,0,2,1,5,6,2,46,8,1582,2,7,KIA CEED,1,E01008007,0,-1
2023471340381,2023,471340381,1,9,0,18,19,5,1,0,0,0,0,0,0,0,4,1,6,6,1,80,11,1582,2,11,KIA CEED,3,E01016951,0,-1
2023131348502,2023,131348502,1,9,0,18,19,1,5,0,0,0,0,0,0,0,1,1,6,6,1,28,6,1598,12,0,KIA CEED,10,E01011948,0,-1
2023010456340,2023,010456340,1,9,0,99,99,9,9,99,99,9,9,99,9,99,9,9,6,6,3,-1,-1,998,1,5,KIA CEED,-1,-1,0,-1
2023221344076,2023,221344076,1,9,0,18,19,2,6,0,0,1,0,0,0,0,1,1,6,6,2,58,9,1598,2,4,KIA CEED,6,E01032462,0,-1
2023052302979,2023,052302979,1,8,0,5,5,8,2,0,0,1,0,0,0,0,1,1,1,1,1,30,6,1582,2,8,-1,3,E01006996,0,-1
2023061293042,2023,061293042,1,9,-1,3,3,7,3,0,0,0,0,0,0,0,1,1,6,6,1,-1,-1,1582,2,6,KIA CEED,-1,-1,0,-1
2023131346161,2023,131346161,1,9,0,-1,-1,-1,-1,-1,-1,-1,-1,-1,-1,-1,-1,1,6,6,3,-1,-1,1582,2,14,KIA CEED,-1,-1,0,-1
2023440332387,2023,440332387,1,9,0,18,19,2,6,0,0,1,0,0,0,0,1,1,6,6,1,58,9,1582,2,6,KIA CEED,9,E01017061,0,-1
2023131304879,2023,131304879,2,9,0,18,19,3,3,0,0,1,0,0,0,0,1,1,5,6,1,17,4,1582,2,14,KIA CEED,1,E01033693,0,-1
2023302301898,2023,302301898,6,9,0,4,4,8,4,0,0,0,1,1,0,0,1,1,2,2,2,35,6,1582,2,10,KIA CEED,2,E01013585,0,-1
2023070972719,2023,070972719,2,9,0,3,3,4,8,0,0,1,0,0,0,0,2,1,1,1,1,53,8,1582,2,11,KIA CEED,2,E01012390,0,-1
2023401292040,2023,401292040,1,9,0,18,19,1,5,0,0,1,0,0,0,0,1,1,6,6,2,54,8,1582,2,9,KIA CEED,7,E01017437,0,-1
2023061382334,2023,061382334,2,9,0,18,19,6,2,0,0,1,0,0,3,0,1,1,6,6,1,28,6,1582,2,9,KIA CEED,1,E01005092,0,-1
2023031318292,2023,031318292,1,9,0,18,19,1,5,0,0,0,5,0,0,0,3,1,5,6,2,78,11,1591,1,9,KIA CEED,8,E01019372,0,-1
2023440295722,2023,440295722,3,9,0,2,2,0,0,0,0,0,0,4,0,0,1,1,6,6,3,-1,-1,1582,2,7,KIA CEED,-1,-1,0,-1
2023471275469,2023,471275469,1,9,0,7,7,7,1,0,0,6,0,0,0,0,1,1,6,6,2,27,6,998,1,4,KIA CEED,1,E01016915,0,-1
2023302300328,2023,302300328,1,9,0,9,9,6,4,0,0,4,0,0,0,0,1,1,6,6,2,38,7,998,1,7,KIA CEED,9,E01019706,0,-1
2023631338704,2023,631338704,2,9,0,17,19,1,6,0,0,0,0,0,1,10,1,1,5,6,1,35,6,1582,2,15,KIA CEED,8,W01001860,0,-1
2023361343673,2023,361343673,1,9,0,9,9,3,4,0,0,7,0,0,0,0,4,1,6,6,1,67,10,1582,2,14,KIA CEED,3,E01026747,0,-1
2023991355834,2023,991355834,2,9,0,18,19,2,6,0,0,0,0,0,0,0,1,1,5,6,2,30,6,1353,1,4,KIA CEED,3,-1,0,-1
2023131287173,2023,131287173,1,9,0,5,5,1,3,0,0,8,0,0,0,0,1,1,5,6,1,73,10,1582,2,13,KIA CEED,2,E01011126,0,-1
2023501284172,2023,501284172,2,9,0,18,19,1,5,0,0,2,0,0,0,0,3,1,5,6,2,60,9,1582,2,10,KIA CEED,7,E01019988,0,-1
2023520301614,2023,520301614,1,9,0,9,9,4,8,0,0,8,0,0,0,0,1,1,6,6,1,50,8,1582,2,15,KIA CEED,5,E01029081,0,-1
2023430358390,2023,430358390,1,9,0,3,3,7,3,0,0,0,0,0,0,0,2,1,6,6,2,75,10,1591,1,16,KIA CEED,10,E01017630,0,-1
2023430308793,2023,430308793,2,9,0,18,19,4,8,0,0,4,0,0,0,0,3,1,6,6,3,-1,-1,1582,2,9,KIA CEED,-1,-1,0,-1
202360A095426,2023,60A095426,2,9,0,3,3,4,8,0,0,1,0,0,0,0,2,1,6,6,1,22,5,1353,1,3,KIA CEED,-1,-1,0,-1
2023041355398,2023,041355398,3,9,0,18,19,1,5,0,0,2,0,0,0,0,2,1,5,6,1,69,10,1591,1,14,KIA CEED,10,E01025466,0,-1
2023991294361,2023,991294361,2,9,0,3,3,4,7,0,0,1,0,0,0,0,2,1,1,1,1,25,5,1582,2,9,KIA CEED,9,-1,0,-1
2023371326010,2023,371326010,1,9,0,4,4,3,7,0,0,0,0,0,0,0,2,1,1,1,1,59,9,1580,8,2,KIA CEED,9,E01030191,0,-1
2023501297016,2023,501297016,2,9,0,18,19,8,4,0,0,0,0,0,2,0,1,1,5,6,2,64,9,1591,1,8,KIA CEED,6,E01020142,0,-1
2023041379582,2023,041379582,1,9,0,18,19,1,5,0,0,0,1,0,0,0,1,1,6,6,1,27,6,1582,2,9,KIA CEED,2,E01012580,0,-1
2023141305494,2023,141305494,1,9,0,9,9,5,3,0,0,1,0,0,0,0,1,1,1,1,2,47,8,1591,1,14,KIA CEED,2,E01007726,0,-1
2023041314631,2023,041314631,1,9,0,6,6,1,5,0,0,8,0,0,5,6,4,1,5,6,1,86,11,1582,2,8,KIA CEED,2,E01010583,0,-1
2023451299257,2023,451299257,1,9,0,18,19,7,3,0,0,0,0,0,0,0,3,1,6,6,2,38,7,1396,1,8,KIA CEED,4,E01030749,0,-1
2023052302753,2023,052302753,1,9,0,9,9,1,2,0,0,8,0,0,0,0,1,1,6,6,1,47,8,1582,2,11,KIA CEED,1,E01006599,0,-1
2023010478233,2023,010478233,1,9,0,9,9,5,3,0,0,1,0,0,0,0,2,1,6,6,1,48,8,1591,1,15,KIA CEED,8,E01004557,0,-1
2023010475863,2023,010475863,1,9,0,3,3,7,3,0,0,0,0,0,0,0,2,1,6,6,1,36,7,1591,1,14,KIA CEED,3,E01001479,0,-1
2023070691759,2023,070691759,2,9,0,18,19,4,8,0,0,0,0,0,0,0,3,1,6,6,2,48,8,1598,2,4,KIA CEED,10,E01018431,0,-1
2023552301070,2023,552301070,1,9,0,18,19,3,7,0,0,8,0,7,0,0,1,1,6,6,2,38,7,1482,1,1,KIA CEED,-1,-1,0,-1
2023545548823,2023,545548823,2,9,0,18,19,1,5,0,0,0,0,0,0,0,3,1,6,6,1,55,8,1582,2,9,KIA CEED,8,E01032033,0,-1
2023161380849,2023,161380849,1,9,0,7,7,4,8,0,0,1,0,0,0,0,3,1,2,2,2,46,8,1582,2,10,KIA CEED,2,E01013281,0,-1
2023991309304,2023,991309304,1,9,0,5,5,5,7,0,0,6,0,0,0,0,1,1,5,6,2,74,10,1582,2,8,KIA CEED,-1,-1,0,-1
2023501347154,2023,501347154,1,9,0,18,19,7,3,0,0,0,0,0,0,0,1,1,6,6,1,24,5,1396,1,13,KIA CEED,3,E01018872,0,-1
2023552300419,2023,552300419,1,9,0,7,7,6,8,0,0,6,0,0,0,0,1,1,2,2,2,45,7,1582,2,12,KIA CEED,8,E01015350,0,-1
2023010471965,2023,010471965,2,9,0,99,99,9,9,99,99,0,9,99,9,99,1,9,6,6,3,-1,-1,1591,1,15,KIA CEED,-1,-1,0,-1