collision_index,collision_year,collision_ref_no,vehicle_reference,vehicle_type,towing_and_articulation,vehicle_manoeuvre_historic,vehicle_manoeuvre,vehicle_direction_from,vehicle_direction_to,vehicle_location_restricted_lane_historic,vehicle_location_restricted_lane,junction_location,skidding_and_overturning,hit_object_in_carriageway,vehicle_leaving_carriageway,hit_object_off_carriageway,first_point_of_impact,vehicle_left_hand_drive,journey_purpose_of_driver_historic,journey_purpose_of_driver,sex_of_driver,age_of_driver,age_band_of_driver,engine_capacity_cc,propulsion_code,age_of_vehicle,generic_make_model,driver_imd_decile,lsoa_of_driver,escooter_flag,driver_distance_banding
2023471371750,2023,471371750,1,9,0,18,19,3,7,0,0,1,0,0,0,0,1,1,6,6,2,62,9,1582,2,11,KIA CEED,8,E01031815,0,-1
2023501352273,2023,501352273,1,9,0,5,5,4,8,0,0,4,1,0,0,0,1,1,6,6,1,30,6,1582,2,5,KIA CEED,3,E01019070,0,-1
2023430401390,2023,430401390,2,9,0,2,2,0,0,0,0,0,0,0,0,0,3,1,6,6,3,-1,-1,1591,1,8,KIA CEED,-1,-1,0,-1
2023141334520,2023,141334520,1,9,0,10,10,4,1,0,0,0,0,0,0,0,1,1,6,6,1,45,7,1353,1,4,KIA CEED,1,E01008096,0,-1
2023231388974,2023,231388974,2,9,0,18,19,6,2,0,0,8,5,0,1,0,2,1,6,6,1,43,7,1582,2,10,KIA CEED,6,E01019878,0,-1
2023041258821,2023,041258821,2,9,0,2,2,0,0,0,0,1,0,0,0,0,3,1,5,6,1,37,7,1582,2,10,KIA CEED,1,E01012571,0,-1
2023440325781,2023,440325781,2,9,0,4,4,2,6,0,0,0,0,0,0,0,2,1,2,2,1,28,6,1482,1,0,KIA CEED,4,E01022484,0,-1
2023211285017,2023,211285017,1,9,0,17,19,1,2,0,0,0,1,0,0,0,1,1,1,1,1,50,8,1582,2,12,KIA CEED,2,E01010525,0,-1
2023131358961,2023,131358961,2,9,0,18,19,5,1,0,0,0,1,0,0,0,4,1,1,1,2,57,9,1591,1,10,KIA CEED,3,E01011234,0,-1
2023401305829,2023,401305829,1,9,0,18,19,5,1,0,0,1,0,0,0,0,1,1,5,6,1,29,6,1582,2,10,KIA CEED,7,E01017431,0,-1
2023070740317,2023,070740317,2,9,0,4,4,7,3,0,0,0,0,0,0,0,2,1,1,1,2,26,6,998,1,6,KIA CEED,8,E01018344,0,-1
2023201431406,2023,201431406,1,9,0,18,19,4,8,0,0,8,0,0,0,0,1,1,6,6,2,55,8,1582,2,6,KIA CEED,3,E01008989,0,-1
2023311392732,2023,311392732,1,9,0,18,19,3,7,0,0,4,0,0,0,0,1,1,5,6,1,51,8,1582,2,15,KIA CEED,6,E01019514,0,-1
2023461277398,2023,461277398,1,9,0,11,11,5,1,0,0,0,5,10,1,0,0,1,5,6,1,23,5,1353,1,4,KIA CEED,4,E01024027,0,-1
2023311316530,2023,311316530,3,9,0,3,3,6,2,0,0,0,0,0,0,0,2,1,2,2,1,35,6,1582,2,8,KIA CEED,-1,-1,0,-1
2023421307369,2023,421307369,2,9,0,18,19,3,7,0,0,0,0,0,0,0,2,1,6,6,2,34,6,998,1,4,KIA CEED,5,E01021338,0,-1
2023141319102,2023,141319102,2,9,0,2,2,0,0,0,0,2,0,0,0,0,2,1,6,6,3,-1,-1,1598,2,5,KIA CEED,-1,-1,0,-1
2023461317657,2023,461317657,2,9,0,3,3,3,6,0,0,0,0,0,0,0,2,1,6,6,2,-1,-1,1582,2,11,KIA CEED,-1,-1,0,-1
2023122400006,2023,122400006,2,9,0,18,19,1,5,0,0,8,0,0,0,0,3,1,6,6,2,32,6,1582,2,8,KIA CEED,10,E01027675,0,-1
2023131268486,2023,131268486,2,9,0,18,19,5,1,0,0,8,0,0,0,0,3,1,1,1,1,30,6,1598,8,2,KIA CEED,4,E01011075,0,-1
2023622300173,2023,622300173,1,9,0,9,9,4,2,0,0,8,0,0,0,0,1,1,6,6,1,22,5,1591,1,13,KIA CEED,6,W01000857,0,-1
2023201297372,2023,201297372,2,9,0,5,5,7,6,0,0,6,0,0,0,0,1,1,1,1,2,24,5,998,1,1,KIA CEED,8,E01010487,0,-1
2023610032223,2023,610032223,1,9,0,4,4,2,6,0,0,0,0,0,0,0,1,1,6,6,1,50,8,1582,2,13,KIA CEED,4,W01001355,0,-1
2023552300626,2023,552300626,2,9,0,16,19,5,8,0,0,0,0,0,0,0,1,1,6,6,1,71,10,1591,1,8,KIA CEED,-1,-1,0,-1
2023471279844,2023,471279844,1,9,0,4,4,1,5,0,0,2,0,0,0,0,2,1,5,6,1,59,9,1582,2,11,KIA CEED,5,E01016892,0,-1
2023201325709,2023,201325709,1,9,0,4,4,4,8,0,0,1,0,0,0,0,3,1,2,2,2,56,9,1582,2,13,KIA CEED,2,E01009751,0,-1
2023451364985,2023,451364985,1,9,0,5,5,5,1,0,0,8,0,0,0,0,1,1,5,6,1,31,6,1591,1,13,KIA CEED,8,E01002942,0,-1
2023991323797,2023,991323797,1,9,0,13,13,4,8,0,0,0,0,0,0,0,1,1,5,6,1,77,11,1598,2,4,KIA CEED,-1,-1,0,-1
2023430423714,2023,430423714,1,9,0,18,19,3,7,0,0,1,0,0,0,0,1,1,1,1,1,74,10,1582,2,13,KIA CEED,10,E01023421,0,-1
2023161380903,2023,161380903,2,9,0,9,9,2,6,0,0,6,0,0,0,0,1,1,6,6,1,30,6,1591,1,16,KIA CEED,-1,-1,0,-1
2023070519776,2023,070519776,1,9,0,4,4,3,7,0,0,1,0,0,0,0,1,1,6,6,1,-1,-1,1582,2,12,KIA CEED,10,E01018642,0,-1
2023101365438,2023,101365438,1,9,0,3,3,8,4,0,0,0,0,0,0,0,1,1,6,6,2,32,6,1591,1,9,KIA CEED,5,E01020706,0,-1
2023041330327,2023,041330327,2,9,0,2,2,0,0,0,0,2,0,4,0,0,2,1,6,6,3,-1,-1,1582,2,12,KIA CEED,-1,-1,0,-1
2023122300939,2023,122300939,1,9,0,9,9,1,7,0,0,8,1,0,0,0,1,1,6,6,2,51,8,1598,2,4,KIA CEED,9,E01010953,0,-1
2023161309760,2023,161309760,1,9,0,18,19,7,3,0,0,0,0,0,0,0,1,1,6,6,1,67,10,1582,2,7,KIA CEED,5,E01013297,0,-1
2023471344731,2023,471344731,3,9,0,8,8,7,1,0,0,0,0,0,0,0,2,1,5,6,2,67,10,1582,2,6,KIA CEED,8,E01021041,0,-1
2023141380089,2023,141380089,2,9,0,10,10,8,6,0,0,1,0,0,0,0,1,1,6,6,1,55,8,1582,2,14,KIA CEED,-1,-1,0,-1
2023041389677,2023,041389677,1,9,0,18,19,1,5,0,0,1,0,0,0,0,0,1,3,7,2,34,6,1591,1,10,KIA CEED,3,E01025366,0,-1
2023231347104,2023,231347104,1,9,0,13,13,8,4,0,0,0,0,0,0,0,1,1,6,6,1,22,5,1582,2,8,KIA CEED,10,E01031101,0,-1
2023101278513,2023,101278513,2,8,0,12,12,3,7,0,0,0,0,0,0,0,2,1,1,1,1,62,9,1598,12,1,-1,10,E01008272,0,-1
2023501332422,2023,501332422,1,9,0,18,19,1,5,0,0,5,0,0,0,0,1,1,6,6,2,56,9,1396,1,15,KIA CEED,4,E01018969,0,-1
2023010421840,2023,010421840,2,9,0,99,99,9,9,99,99,9,9,99,9,99,9,9,6,6,3,-1,-1,1591,1,14,KIA CEED,-1,-1,0,-1
2023052301629,2023,052301629,2,9,0,18,19,6,2,0,0,0,0,0,0,0,0,1,6,6,1,50,8,1598,2,3,KIA CEED,3,E01006433,0,-1
2023201338817,2023,201338817,1,9,0,11,11,6,2,0,0,0,1,4,0,0,3,1,6,6,3,-1,-1,1482,1,0,KIA CEED,-1,-1,0,-1
2023451390822,2023,451390822,1,9,0,9,9,5,2,0,0,8,0,0,0,0,1,1,5,6,2,32,6,1582,2,5,KIA CEED,8,E01030611,0,-1
2023421319256,2023,421319256,2,9,0,3,3,7,3,0,0,0,0,0,0,0,1,1,6,6,1,30,6,1591,1,15,KIA CEED,2,E01021711,0,-1
2023031309569,2023,031309569,1,9,0,18,19,5,1,0,0,0,0,0,0,0,1,1,6,6,1,42,7,1582,2,12,KIA CEED,7,E01019240,0,-1
2023540229923,2023,540229923,1,9,0,4,4,2,6,0,0,0,0,0,0,0,0,1,6,6,1,39,7,1582,2,10,KIA CEED,4,E01015492,0,-1
2023131377333,2023,131377333,4,9,0,18,19,5,1,0,0,1,0,0,0,0,1,1,6,6,1,49,8,1582,2,9,KIA CEED,6,E01011651,0,-1
2023010459249,2023,010459249,2,9,0,3,3,5,1,0,0,8,0,0,0,0,4,1,6,6,1,35,6,1482,1,0,KIA CEED,-1,-1,0,-1
2023501392278,2023,501392278,3,9,0,3,3,5,1,0,0,0,0,0,0,0,4,1,5,6,2,58,9,1591,1,14,KIA CEED,4,E01020196,0,-1
202360A144850,2023,60A144850,1,9,0,18,19,6,2,0,0,0,0,0,0,0,3,1,2,2,1,24,5,1396,1,9,KIA CEED,-1,-1,0,-1
2023010430366,2023,010430366,2,9,0,99,99,9,9,99,99,9,9,99,9,99,9,9,6,6,3,-1,-1,1396,1,11,KIA CEED,-1,-1,0,-1
2023421322112,2023,421322112,1,9,0,18,19,3,7,0,0,0,5,0,7,0,1,1,6,6,1,31,6,1582,2,12,KIA CEED,10,E01033053,0,-1
2023430370001,2023,430370001,2,9,0,18,19,8,4,0,0,8,0,0,0,0,1,1,6,6,2,70,10,1582,2,6,KIA CEED,10,E01017732,0,-1
2023070436282,2023,070436282,2,9,0,3,3,1,5,0,0,0,0,0,0,0,2,1,2,2,2,25,5,1353,1,5,KIA CEED,9,E01018737,0,-1
202354C295823,2023,54C295823,3,9,0,9,9,1,5,0,0,4,0,0,0,0,2,1,6,6,2,73,10,1591,1,5,KIA CEED,3,E01015488,0,-1
2023141340620,2023,141340620,1,9,0,18,19,7,3,0,0,0,0,0,0,0,4,1,6,6,3,35,6,1582,2,15,KIA CEED,-1,-1,0,-1
2023332300369,2023,332300369,1,9,0,7,7,3,5,0,0,6,0,0,0,0,1,1,6,6,1,58,9,1591,1,16,KIA CEED,4,E01013750,0,-1
202354D627523,2023,54D627523,2,9,0,2,2,0,0,0,0,0,0,0,0,0,4,1,6,6,3,-1,-1,1582,2,12,KIA CEED,-1,-1,0,-1
2023010434138,2023,010434138,2,9,0,99,99,9,9,99,99,9,9,99,9,99,1,9,6,6,3,-1,-1,1582,2,12,KIA CEED,-1,-1,0,-1
2023010437150,2023,010437150,2,9,0,99,99,9,9,99,99,9,9,99,9,99,9,9,6,6,3,-1,-1,998,1,3,KIA CEED,-1,-1,0,-1
2023201358325,2023,201358325,1,9,0,4,4,7,3,0,0,8,0,0,0,0,1,1,6,6,1,32,6,1598,2,4,KIA CEED,1,E01009752,0,-1
2023052300021,2023,052300021,1,9,0,5,5,4,8,0,0,8,0,0,0,0,1,1,6,6,1,33,6,1598,2,3,KIA CEED,1,E01006765,0,-1
2023311292775,2023,311292775,1,9,0,7,7,7,5,0,0,5,0,10,0,0,1,1,1,1,2,57,9,1582,2,8,KIA CEED,10,E01028396,0,-1
2023991295991,2023,991295991,1,9,0,3,3,7,3,0,0,1,0,0,0,0,1,1,2,2,1,40,7,1598,8,2,KIA CEED,6,-1,0,-1
2023520301535,2023,520301535,2,9,0,9,9,7,1,0,0,8,0,0,0,0,1,1,6,6,2,33,6,1582,2,9,KIA CEED,2,E01029097,0,-1
2023371384629,2023,371384629,1,9,0,9,9,-1,-1,0,0,1,0,0,0,0,1,1,6,6,1,-1,-1,1582,2,11,KIA CEED,5,E01030138,0,-1
2023010481738,2023,010481738,1,9,0,18,19,5,1,0,0,7,0,0,0,0,2,1,6,6,2,46,8,998,1,3,KIA CEED,7,E01021857,0,-1
2023161352584,2023,161352584,1,9,0,11,11,6,2,0,0,0,0,0,0,0,1,1,6,6,1,24,5,1598,2,4,KIA CEED,1,E01007643,0,-1
2023351388116,2023,351388116,1,9,0,6,6,2,6,0,0,1,0,0,0,0,1,1,5,6,1,51,8,1482,1,0,KIA CEED,1,E01015611,0,-1
2023131343828,2023,131343828,1,9,0,15,15,7,3,0,0,0,0,0,0,0,1,1,2,2,1,44,7,1582,2,5,KIA CEED,9,E01025299,0,-1
2023302301484,2023,302301484,1,9,0,1,1,1,5,0,0,8,0,0,0,0,2,1,6,6,3,-1,-1,1582,2,13,KIA CEED,5,E01019456,0,-1
2023461387487,2023,461387487,1,9,0,3,3,2,6,0,0,0,0,0,0,0,1,1,6,6,2,29,6,1582,2,12,KIA CEED,7,E01024636,0,-1
2023131331921,2023,131331921,1,9,0,18,19,7,3,0,0,0,0,0,0,0,2,1,1,1,1,28,6,1482,1,1,KIA CEED,3,E01013385,0,-1
2023332300152,2023,332300152,2,9,0,17,19,5,1,0,0,0,0,0,0,0,4,1,2,2,1,36,7,1482,1,1,KIA CEED,10,E01025648,0,-1
2023041279763,2023,041279763,1,9,0,9,9,5,2,0,0,5,0,0,0,0,3,1,5,6,1,70,10,1396,1,14,KIA CEED,9,E01025377,0,-1
2023061286886,2023,061286886,1,8,0,3,3,-1,-1,0,0,-1,-1,1,1,0,3,1,6,6,1,-1,-1,1600,2,11,-1,-1,-1,0,-1
2023411375237,2023,411375237,1,9,0,5,5,-1,-1,9,9,9,0,0,0,0,9,1,6,6,2,46,8,1591,1,13,KIA CEED,6,E01023929,0,-1
2023311354995,2023,311354995,2,9,0,3,3,4,7,8,6,0,0,0,0,0,4,1,5,6,1,36,7,1582,2,10,KIA CEED,-1,-1,0,-1
2023371323255,2023,371323255,1,9,0,5,5,1,5,0,0,8,0,0,0,0,2,1,2,2,1,41,7,1582,2,10,KIA CEED,9,E01029893,0,-1
2023311334493,2023,311334493,1,9,0,5,5,4,8,0,0,0,0,0,0,0,0,1,1,1,1,43,7,1582,2,14,KIA CEED,1,E01027968,0,-1
2023471355698,2023,471355698,1,9,0,12,12,4,8,0,0,0,0,0,0,0,2,1,5,6,1,55,8,1591,1,3,KIA CEED,4,E01021076,0,-1
2023010477272,2023,010477272,2,9,0,2,2,0,0,0,0,0,0,0,0,0,2,1,6,6,3,-1,-1,1582,2,10,KIA CEED,-1,-1,0,-1
2023131302712,2023,131302712,1,9,0,18,19,5,1,0,0,0,0,0,0,0,1,1,1,1,1,62,9,1582,2,9,KIA CEED,1,E01011001,0,-1
2023361379640,2023,361379640,1,9,0,9,9,1,3,0,0,5,0,0,0,0,0,1,6,6,1,54,8,1582,2,8,KIA CEED,5,E01026730,0,-1
2023552301445,2023,552301445,1,9,0,9,9,5,2,0,0,6,0,0,0,0,3,1,3,7,1,49,8,1582,2,12,KIA CEED,8,E01015311,0,-1
2023552301323,2023,552301323,2,9,0,7,7,8,2,0,0,6,0,0,0,0,4,1,2,2,2,27,6,1582,2,16,KIA CEED,3,E01015439,0,-1
2023440497286,2023,440497286,1,9,0,18,19,1,5,0,0,1,0,0,0,0,1,1,6,6,2,46,8,1582,2,9,KIA CEED,-1,-1,0,-1
2023421296400,2023,421296400,2,9,0,2,2,0,0,0,0,1,0,0,0,0,3,1,6,6,3,16,4,1582,2,9,KIA CEED,-1,-1,0,-1
2023471340878,2023,471340878,2,9,0,4,4,7,1,0,0,0,0,0,0,0,4,1,5,6,2,29,6,1582,2,12,KIA CEED,6,E01031468,0,-1
2023061296722,2023,061296722,1,9,0,18,19,1,5,0,0,1,0,0,0,0,1,1,6,6,1,30,6,1582,2,15,KIA CEED,4,E01004943,0,-1
2023320317152,2023,320317152,1,9,0,9,9,2,6,0,0,8,0,0,0,0,1,1,6,6,1,87,11,1582,2,8,KIA CEED,-1,-1,0,-1
2023311366824,2023,311366824,1,9,0,3,3,5,2,0,0,0,0,0,0,0,2,1,6,6,2,49,8,1582,2,11,KIA CEED,7,E01027990,0,-1
2023430013677,2023,430013677,1,9,0,3,3,8,4,0,0,1,0,0,0,0,2,1,3,7,2,50,8,1582,2,13,KIA CEED,7,E01017789,0,-1
2023010468595,2023,010468595,2,9,0,99,99,9,9,99,99,0,9,99,9,99,9,9,6,6,3,66,10,1591,1,13,KIA CEED,5,E01001525,0,-1
2023010445593,2023,010445593,2,9,0,18,19,3,7,0,0,4,0,0,0,0,2,1,6,6,1,59,9,1591,1,14,KIA CEED,6,E01001984,0,-1
2023471365710,2023,471365710,1,9,0,9,9,5,3,0,0,6,0,0,0,0,3,1,5,6,2,29,6,1582,2,9,KIA CEED,6,E01031408,0,-1
2023320770235,2023,320770235,3,9,0,2,2,0,0,0,0,0,0,0,0,0,1,1,6,6,1,30,6,1591,1,13,KIA CEED,4,E01026248,0,-1
2023332300777,2023,332300777,1,9,0,5,5,5,1,0,0,6,0,0,7,1,4,1,6,6,1,41,7,1582,2,9,KIA CEED,1,E01009571,0,-1
2023440230653,2023,440230653,3,9,0,2,2,0,0,0,0,2,0,0,0,0,4,1,6,6,1,36,7,1396,2,9,KIA CEED,-1,-1,0,-1
2023161263129,2023,161263129,2,9,0,18,19,2,6,0,0,8,0,0,0,0,4,1,6,6,2,30,6,1591,1,15,KIA CEED,2,E01013206,0,-1
2023991280183,2023,991280183,1,9,0,18,19,1,5,0,0,0,0,0,7,0,1,1,5,6,1,63,9,1582,2,9,KIA CEED,4,-1,0,-1
2023991378114,2023,991378114,1,9,0,18,19,8,4,0,0,8,0,0,0,0,1,1,6,6,1,24,5,1396,1,15,KIA CEED,4,-1,0,-1
2023010430699,2023,010430699,2,9,0,99,99,9,9,99,99,9,9,99,9,99,9,9,6,6,3,-1,-1,1396,1,15,KIA CEED,-1,-1,0,-1
2023631347290,2023,631347290,1,9,0,17,19,2,6,0,0,0,1,0,0,0,1,1,6,6,1,18,4,1582,2,10,KIA CEED,8,W01000596,0,-1
2023471310269,2023,471310269,2,9,0,18,19,5,1,0,0,0,1,4,0,0,1,1,2,2,1,42,7,1582,2,6,KIA CEED,4,E01031716,0,-1
2023010426385,2023,010426385,1,9,0,99,99,9,9,99,99,9,9,99,9,99,2,9,6,6,1,34,6,1591,1,16,KIA CEED,5,E01032771,0,-1
2023201356334,2023,201356334,2,9,0,1,1,3,7,0,0,0,0,0,0,0,1,1,6,6,1,38,7,1582,2,6,KIA CEED,3,E01010094,0,-1
2023430231207,2023,430231207,1,9,0,18,19,1,5,0,0,5,0,0,0,0,1,1,6,6,1,40,7,1582,2,10,KIA CEED,-1,-1,0,-1
2023211334751,2023,211334751,1,9,0,5,5,4,8,0,0,0,0,0,0,0,0,1,5,6,1,24,5,1598,2,4,KIA CEED,7,E01029735,0,-1
2023122300574,2023,122300574,1,9,0,3,3,5,1,0,0,1,0,0,0,0,2,1,6,6,1,51,8,1582,2,11,KIA CEED,8,E01027895,0,-1
2023010420730,2023,010420730,1,9,0,5,5,1,5,0,0,1,0,0,0,0,4,1,6,6,2,76,11,1396,1,13,KIA CEED,10,E01002419,0,-1
2023351301596,2023,351301596,2,9,0,3,3,2,6,0,0,0,0,0,0,0,2,1,6,6,2,37,7,1582,2,9,KIA CEED,4,E01018095,0,-1
2023501328723,2023,501328723,1,9,0,5,5,3,7,0,0,0,0,0,0,0,3,1,5,6,1,53,8,1396,1,16,KIA CEED,8,E01020281,0,-1
2023401309148,2023,401309148,1,9,0,18,19,2,6,0,0,1,0,0,1,11,1,1,5,6,1,77,11,1598,2,4,KIA CEED,9,E01017585,0,-1
2023141336261,2023,141336261,2,9,0,18,19,7,3,0,0,1,0,0,0,0,1,1,1,1,1,18,4,1598,2,4,KIA CEED,4,E01007559,0,-1
2023471317223,2023,471317223,1,9,0,18,19,3,7,0,0,4,0,0,0,0,4,1,5,6,2,33,6,1582,2,11,KIA CEED,6,E01017009,0,-1
2023311367738,2023,311367738,1,9,0,5,5,1,6,0,0,2,1,10,7,0,1,1,5,6,2,42,7,1582,2,9,KIA CEED,5,E01028132,0,-1
2023320255534,2023,320255534,1,9,0,13,13,2,6,0,0,8,0,0,7,11,1,1,2,2,2,41,7,1353,1,4,KIA CEED,-1,-1,0,-1
2023101298270,2023,101298270,2,9,0,4,4,4,4,0,0,1,0,4,0,0,2,1,5,6,1,34,6,1591,1,9,KIA CEED,1,E01008645,0,-1
2023061279268,2023,061279268,2,8,0,18,19,2,6,0,0,0,0,0,0,0,1,1,1,1,1,23,5,998,1,1,-1,1,E01005427,0,-1
2023320115424,2023,320115424,2,9,0,9,9,5,3,0,0,6,0,0,0,0,1,1,6,6,1,22,5,1582,2,12,KIA CEED,7,E01026199,0,-1
2023991286719,2023,991286719,2,9,0,18,19,1,5,0,0,8,0,0,0,0,4,1,6,6,1,44,7,1582,2,7,KIA CEED,-1,-1,0,-1
2023440516092,2023,440516092,2,9,0,9,9,3,1,0,0,6,0,0,0,0,1,1,6,6,2,71,10,1582,2,8,KIA CEED,6,E01017300,0,-1
2023471264923,2023,471264923,1,9,0,13,13,1,5,0,0,0,0,0,0,0,1,1,5,6,2,59,9,1582,2,12,KIA CEED,10,E01021159,0,-1
2023010480379,2023,010480379,3,9,0,2,2,0,0,0,0,0,0,4,0,0,4,1,6,6,3,-1,-1,1353,1,4,KIA CEED,-1,-1,0,-1
2023631391701,2023,631391701,1,9,0,18,19,8,5,0,0,0,5,0,2,4,4,1,5,6,1,47,8,1582,2,11,KIA CEED,-1,-1,0,-1
2023540501823,2023,540501823,4,9,0,18,19,1,5,0,0,0,0,0,0,0,0,1,6,6,2,34,6,1591,1,9,KIA CEED,2,E01015528,0,-1
2023302300257,2023,302300257,1,9,0,9,9,8,6,0,0,2,0,0,0,0,1,1,2,2,1,20,4,1582,2,11,KIA CEED,2,W01001768,0,-1
2023991293747,2023,991293747,3,9,0,2,2,4,4,0,0,0,0,0,0,0,2,1,6,6,3,-1,-1,1582,2,10,KIA CEED,-1,-1,0,-1
2023991351641,2023,991351641,3,9,0,3,3,3,8,0,0,1,0,0,0,0,2,1,5,6,1,29,6,1582,2,7,KIA CEED,7,-1,0,-1
2023141327240,2023,141327240,1,9,0,18,19,5,1,0,0,8,1,0,0,0,1,1,2,2,1,59,9,1582,2,12,KIA CEED,7,E01007846,0,-1
2023010442687,2023,010442687,4,9,0,2,2,0,0,0,0,0,0,0,0,0,2,1,6,6,3,-1,-1,1582,2,15,KIA CEED,-1,-1,0,-1
2023471365396,2023,471365396,1,9,0,8,8,5,7,0,0,0,0,0,0,0,1,1,6,6,2,84,11,1582,2,9,KIA CEED,8,E01031420,0,-1
2023061363533,2023,061363533,2,9,0,3,3,3,7,0,0,1,0,0,0,0,2,1,5,6,2,63,9,1582,2,11,KIA CEED,5,E01005254,0,-1
2023461388557,2023,461388557,1,9,0,18,19,5,3,0,0,0,1,7,0,0,1,1,6,6,1,21,5,1582,2,12,KIA CEED,-1,-1,0,-1
2023991328013,2023,991328013,1,9,0,13,13,2,6,0,0,0,0,0,0,0,4,1,5,6,1,26,6,1482,1,0,KIA CEED,-1,-1,0,-1
2023991265654,2023,991265654,3,9,0,18,19,1,5,0,0,0,0,0,1,4,1,1,6,6,1,36,7,1582,2,12,KIA CEED,5,-1,0,-1
2023411373019,2023,411373019,1,9,0,5,5,8,4,0,0,0,0,0,0,0,1,1,2,2,1,42,7,1582,2,8,KIA CEED,8,E01021671,0,-1
2023201292359,2023,201292359,1,9,0,18,19,8,4,0,0,6,0,0,0,0,1,1,6,6,2,48,8,1582,2,5,KIA CEED,1,E01009983,0,-1
2023302301209,2023,302301209,1,9,0,17,19,3,8,0,0,1,0,0,0,0,1,1,6,6,2,37,7,1582,2,7,KIA CEED,9,E01025917,0,-1
2023311301485,2023,311301485,2,9,0,10,10,5,1,0,0,1,0,0,0,0,2,1,5,6,2,26,6,1582,2,11,KIA CEED,3,E01013915,0,-1
2023070370899,2023,070370899,1,9,0,5,5,4,8,0,0,2,0,0,0,0,1,1,6,6,3,-1,-1,998,1,1,KIA CEED,-1,-1,0,-1
2023122300707,2023,122300707,1,9,0,12,12,1,5,0,0,0,0,0,0,0,3,1,6,6,2,32,6,1598,2,4,KIA CEED,-1,-1,0,-1
2023320499926,2023,320499926,1,9,0,18,19,4,8,0,0,0,0,0,0,0,3,1,6,6,2,60,9,998,1,1,KIA CEED,1,E01026312,0,-1
2023991293319,2023,991293319,1,9,0,18,19,4,8,0,0,0,0,0,0,0,1,1,5,6,2,58,9,1582,2,11,KIA CEED,9,-1,0,-1
2023340NN1032,2023,340NN1032,1,9,0,5,5,3,7,0,0,6,0,0,1,11,1,1,6,6,2,52,8,1582,2,11,KIA CEED,1,E01027083,0,-1
2023131302138,2023,131302138,1,9,0,9,9,5,3,0,0,0,0,0,0,0,4,1,1,1,1,78,11,1582,2,9,KIA CEED,5,E01010849,0,-1
2023401367728,2023,401367728,2,9,-1,18,19,-1,-1,0,0,1,0,0,0,0,3,1,5,6,1,29,6,1582,2,9,KIA CEED,10,E01017483,0,-1
2023461305732,2023,461305732,2,9,0,5,5,2,8,0,0,8,0,0,0,0,1,1,1,1,2,38,7,1582,2,7,KIA CEED,4,E01016141,0,-1
2023302300189,2023,302300189,2,9,0,9,9,5,3,0,0,8,0,0,0,0,2,1,6,6,2,-1,-1,1582,2,11,KIA CEED,3,E01019541,0,-1
2023302301597,2023,302301597,1,9,0,17,19,6,7,0,0,0,2,0,1,4,1,1,6,6,1,20,4,998,1,5,KIA CEED,7,E01019490,0,-1
2023471332050,2023,471332050,1,9,0,7,7,1,1,0,0,1,0,0,0,0,1,1,2,2,2,45,7,1591,1,13,KIA CEED,2,E01020923,0,-1
2023340WN6372,2023,340WN6372,1,9,0,6,6,7,5,0,0,0,0,0,0,0,1,1,3,7,1,48,8,1582,2,12,KIA CEED,1,E01027244,0,-1
2023041276771,2023,041276771,1,9,0,7,7,7,3,0,0,1,0,0,0,0,1,1,6,6,3,-1,-1,1368,1,7,KIA CEED,-1,-1,0,-1
2023320532989,2023,320532989,1,9,0,18,19,1,5,0,0,0,0,0,7,6,3,2,6,6,1,52,8,1582,2,15,KIA CEED,8,E01026291,0,-1
2023332301056,2023,332301056,1,9,0,4,4,4,8,0,0,0,0,0,0,0,2,1,6,6,2,42,7,1582,2,14,KIA CEED,8,E01025830,0,-1
202363A014123,2023,63A014123,2,9,0,18,19,1,5,0,0,0,0,0,0,0,3,1,6,6,2,51,8,1591,1,15,KIA CEED,6,W01000701,0,-1
2023141320804,2023,141320804,1,9,0,7,7,5,7,9,9,0,1,0,1,11,2,1,5,6,1,17,4,1582,2,13,KIA CEED,1,E01007716,0,-1
2023031299268,2023,031299268,2,9,0,18,19,8,4,0,0,0,2,0,1,0,3,1,2,2,1,35,6,998,1,3,KIA CEED,7,-1,0,-1
2023430334149,2023,430334149,2,9,0,18,19,8,4,0,0,0,0,0,0,0,1,1,6,6,1,70,10,1582,2,11,KIA CEED,9,E01028749,0,-1
2023501355377,2023,501355377,1,9,0,18,19,1,3,0,0,0,1,10,0,0,1,1,6,6,1,70,10,1482,1,1,KIA CEED,2,E01015157,0,-1
2023031382119,2023,031382119,1,9,0,18,19,3,7,0,0,0,1,0,7,10,1,1,5,6,1,25,5,1582,2,9,KIA CEED,-1,-1,0,-1
2023461291436,2023,461291436,3,9,0,3,3,1,5,0,0,0,0,0,0,0,2,1,2,2,2,43,7,998,1,1,KIA CEED,4,E01024541,0,-1
2023070483346,2023,070483346,1,9,0,5,5,3,7,0,0,6,0,0,0,0,1,1,1,1,2,40,7,1582,2,13,KIA CEED,7,E01018488,0,-1
2023201403214,2023,201403214,1,9,0,18,19,7,3,0,0,8,0,0,0,0,4,1,6,6,1,24,5,1591,1,14,KIA CEED,1,E01009359,0,-1
2023401380476,2023,401380476,2,9,0,2,2,0,0,0,0,0,0,0,0,0,1,1,6,6,3,-1,-1,1582,2,10,KIA CEED,-1,-1,0,-1