collision_index,collision_year,collision_ref_no,vehicle_reference,vehicle_type,towing_and_articulation,vehicle_manoeuvre_historic,vehicle_manoeuvre,vehicle_direction_from,vehicle_direction_to,vehicle_location_restricted_lane_historic,vehicle_location_restricted_lane,junction_location,skidding_and_overturning,hit_object_in_carriageway,vehicle_leaving_carriageway,hit_object_off_carriageway,first_point_of_impact,vehicle_left_hand_drive,journey_purpose_of_driver_historic,journey_purpose_of_driver,sex_of_driver,age_of_driver,age_band_of_driver,engine_capacity_cc,propulsion_code,age_of_vehicle,generic_make_model,driver_imd_decile,lsoa_of_driver,escooter_flag,driver_distance_banding
2023010424690,2023,010424690,2,9,0,99,99,9,9,99,99,0,9,99,9,99,9,9,6,6,2,48,8,-1,3,6,TESLA MODEL X,6,E01002875,0,-1
2023161350514,2023,161350514,1,90,0,18,19,5,3,0,0,8,5,11,0,0,3,1,1,1,1,41,7,1568,2,1,-1,8,E01012791,0,-1
2023471295323,2023,471295323,2,9,0,9,9,5,2,0,0,8,0,0,0,0,3,1,1,1,1,56,9,2494,2,8,TOYOTA HILUX,9,E01031395,0,-1
2023991310688,2023,991310688,2,9,4,16,19,4,8,0,0,0,0,0,0,0,1,1,5,6,1,31,6,2982,2,10,TOYOTA HILUX,7,-1,0,-1
2023041349008,2023,041349008,1,9,4,18,19,5,1,0,0,2,0,0,0,0,0,1,1,1,1,71,10,2494,2,22,TOYOTA HILUX,8,E01024869,0,-1
2023061354454,2023,061354454,1,9,0,9,9,8,7,0,0,2,0,0,0,0,1,1,6,6,1,54,8,2982,2,12,TOYOTA HILUX,6,E01025586,0,-1
2023501315474,2023,501315474,1,9,0,18,19,1,5,0,0,0,0,0,0,0,4,1,6,6,3,-1,-1,2982,2,9,TOYOTA HILUX,-1,-1,0,-1
2023631314565,2023,631314565,3,90,0,4,4,4,8,0,0,8,0,0,0,0,2,1,5,6,2,33,6,-1,-1,-1,-1,7,W01000474,0,-1
2023320083619,2023,320083619,1,9,0,4,4,6,2,0,0,0,0,0,0,0,3,1,1,1,1,34,6,2494,2,10,TOYOTA HILUX,8,E01013792,0,-1
2023430423714,2023,430423714,2,9,0,9,9,3,1,0,0,5,0,0,0,0,2,1,1,1,1,28,6,2755,2,1,TOYOTA HILUX,8,E01017818,0,-1
2023371337913,2023,371337913,2,9,0,18,19,1,5,0,0,0,0,0,1,0,1,1,6,6,1,58,9,2494,2,11,TOYOTA HILUX,6,E01030052,0,-1
202360A042185,2023,60A042185,1,9,3,17,19,2,7,0,0,0,0,0,0,0,3,1,1,1,1,67,10,2982,2,10,TOYOTA HILUX,-1,-1,0,-1
2023411312869,2023,411312869,1,9,0,18,19,2,4,0,0,4,0,0,0,0,1,1,6,6,3,-1,-1,2755,2,0,TOYOTA HILUX,-1,-1,0,-1
2023320474907,2023,320474907,1,9,0,7,7,8,2,0,0,6,0,0,0,0,1,1,2,2,1,26,6,2980,2,28,TOYOTA HILUX,9,E01026231,0,-1
2023991360708,2023,991360708,2,9,0,18,19,1,5,0,0,0,0,0,0,0,4,1,1,1,2,32,6,2494,2,14,TOYOTA HILUX,-1,-1,0,-1
2023461325335,2023,461325335,2,9,0,17,19,7,3,0,0,0,0,0,0,0,1,1,6,6,1,70,10,2982,2,11,TOYOTA HILUX,4,E01024387,0,-1
2023351301891,2023,351301891,1,9,4,13,13,-1,-1,0,0,0,0,0,0,0,2,1,6,6,1,40,7,2982,2,16,TOYOTA HILUX,7,E01027076,0,-1
2023471361599,2023,471361599,1,9,0,9,9,6,4,0,0,8,0,0,0,0,4,1,5,6,1,62,9,2982,2,9,TOYOTA HILUX,6,E01021105,0,-1
2023531330318,2023,531330318,1,9,0,18,19,8,4,0,0,1,0,0,0,0,1,1,6,6,1,61,9,2982,2,14,TOYOTA HILUX,9,E01032351,0,-1
2023201410815,2023,201410815,1,9,0,18,19,1,5,0,0,4,0,0,0,0,1,1,6,6,1,-1,-1,2393,2,6,TOYOTA HILUX,-1,-1,0,-1
2023231331383,2023,231331383,1,9,4,9,9,2,8,0,0,5,0,0,0,0,4,1,1,1,1,34,6,2393,2,7,TOYOTA HILUX,7,E01025825,0,-1
2023131332917,2023,131332917,2,9,0,2,2,0,0,6,6,0,0,0,0,0,3,1,1,1,1,34,6,2494,2,11,TOYOTA HILUX,9,E01011195,0,-1
2023031306401,2023,031306401,2,9,4,17,19,8,5,0,0,1,0,0,0,0,1,1,1,1,1,33,6,2393,2,2,TOYOTA HILUX,-1,-1,0,-1
2023371366766,2023,371366766,2,9,0,18,19,8,4,0,0,0,0,0,0,0,1,1,1,1,1,36,7,2393,2,2,TOYOTA HILUX,5,E01032783,0,-1
2023010437212,2023,010437212,1,9,0,99,99,9,9,99,99,9,9,99,9,99,9,9,6,6,3,-1,-1,2755,2,2,TOYOTA HILUX,9,E01028332,0,-1
2023531334721,2023,531334721,2,9,0,18,19,7,3,0,0,0,0,0,0,0,0,1,6,6,1,59,9,2982,2,9,TOYOTA HILUX,9,E01022174,0,-1
2023411311466,2023,411311466,2,9,0,18,19,2,6,0,0,1,0,0,0,0,1,1,1,1,1,27,6,2393,2,3,TOYOTA HILUX,7,E01023492,0,-1
2023471306602,2023,471306602,2,9,0,18,19,6,2,0,0,1,0,0,0,0,2,2,2,2,1,50,8,2393,2,2,TOYOTA HILUX,10,E01021194,0,-1
2023440362692,2023,440362692,1,9,0,18,19,6,2,0,0,1,0,0,0,0,3,1,1,1,1,20,4,2393,2,6,TOYOTA HILUX,10,E01022854,0,-1
202360A126945,2023,60A126945,2,9,0,16,19,8,4,0,0,0,0,0,0,0,1,1,1,1,1,25,5,2393,2,5,TOYOTA HILUX,-1,-1,0,-1
2023991314378,2023,991314378,3,9,0,18,19,8,4,0,0,0,0,1,0,0,1,1,6,6,1,52,8,2393,2,2,TOYOTA HILUX,9,-1,0,-1
2023371282225,2023,371282225,2,9,0,18,19,7,3,0,0,0,0,0,0,0,1,1,5,6,1,58,9,2982,2,8,TOYOTA HILUX,4,E01030231,0,-1
2023010430148,2023,010430148,4,9,0,2,2,0,0,0,0,2,0,0,0,0,2,1,6,6,3,-1,-1,2393,2,2,TOYOTA HILUX,-1,-1,0,-1
2023531318791,2023,531318791,1,9,0,1,1,3,7,0,0,0,0,0,0,0,2,1,6,6,1,59,9,2755,2,0,TOYOTA HILUX,10,E01023813,0,-1
2023471271165,2023,471271165,1,9,0,9,9,2,8,0,0,0,0,0,0,0,1,1,5,6,2,44,7,2494,2,17,TOYOTA HILUX,6,E01031477,0,-1
2023122301059,2023,122301059,2,9,0,17,19,6,2,0,0,0,0,0,1,11,3,1,1,1,1,25,5,2393,2,7,TOYOTA HILUX,8,E01027586,0,-1
2023552301104,2023,552301104,1,9,0,18,19,3,7,0,0,0,0,0,0,0,1,1,2,2,1,42,7,2494,2,8,TOYOTA HILUX,-1,-1,0,-1
2023010428367,2023,010428367,1,9,0,7,7,1,4,0,0,0,0,0,0,0,0,1,1,1,1,56,9,2494,2,11,TOYOTA HILUX,2,E01004326,0,-1
2023991359512,2023,991359512,1,9,0,17,19,7,3,0,0,0,1,0,8,0,1,1,6,6,2,41,7,2982,2,14,TOYOTA HILUX,6,-1,0,-1
2023302300272,2023,302300272,1,9,0,16,19,6,8,0,0,0,5,10,0,0,1,1,6,6,1,22,5,2494,2,11,TOYOTA HILUX,7,W01000488,0,-1
2023131281548,2023,131281548,3,9,0,2,2,0,0,0,0,0,0,0,0,0,1,1,6,6,3,-1,-1,2494,2,18,TOYOTA HILUX,-1,-1,0,-1
2023010483155,2023,010483155,2,9,0,10,10,1,7,0,0,8,0,0,0,0,1,1,2,2,1,44,7,2393,2,6,TOYOTA HILUX,6,E01000590,0,-1
2023111308632,2023,111308632,2,9,0,9,9,5,2,0,0,8,0,0,0,0,1,1,1,1,1,33,6,2755,2,2,TOYOTA HILUX,8,E01020732,0,-1
2023430270689,2023,430270689,1,9,0,18,19,4,8,0,0,1,0,0,0,0,1,1,6,6,1,50,8,2393,2,5,TOYOTA HILUX,3,E01009584,0,-1
2023101372672,2023,101372672,2,9,0,18,19,3,7,0,0,0,0,0,0,0,2,1,6,6,2,51,8,2393,2,5,TOYOTA HILUX,1,E01027451,0,-1
2023481359397,2023,481359397,1,9,0,18,19,3,7,0,0,0,0,0,0,0,1,1,1,1,1,50,8,2393,2,4,TOYOTA HILUX,-1,-1,0,-1
2023041377273,2023,041377273,1,9,0,18,19,7,3,0,0,1,0,0,0,0,2,1,6,6,2,40,7,2982,2,8,TOYOTA HILUX,8,E01025547,0,-1
2023141326227,2023,141326227,1,9,0,10,10,8,4,0,0,0,1,0,0,0,2,1,1,1,1,57,9,2494,2,12,TOYOTA HILUX,3,E01007632,0,-1
2023221378415,2023,221378415,1,8,0,9,9,4,2,0,0,5,0,0,0,0,1,1,6,6,2,51,8,-1,-1,-1,-1,7,E01028950,0,-1
2023451260583,2023,451260583,2,9,0,2,2,4,8,0,0,0,0,0,0,0,1,1,6,6,3,-1,-1,2393,2,2,TOYOTA HILUX,-1,-1,0,-1
2023430075655,2023,430075655,2,9,0,18,19,8,4,0,0,8,0,0,0,0,1,1,3,7,2,35,6,2393,2,6,TOYOTA HILUX,8,E01028647,0,-1
2023221325673,2023,221325673,2,9,0,18,19,6,2,0,0,8,0,0,0,0,1,1,5,6,1,64,9,2393,2,0,TOYOTA HILUX,5,E01014088,0,-1
2023991347579,2023,991347579,2,9,0,4,4,5,2,0,0,0,0,0,1,0,3,1,1,1,1,54,8,2393,2,1,TOYOTA HILUX,6,-1,0,-1
202360A104788,2023,60A104788,1,9,0,18,19,4,8,0,0,1,0,0,0,0,1,1,6,6,1,-1,-1,2494,2,21,TOYOTA HILUX,-1,-1,0,-1
2023211286018,2023,211286018,2,9,0,17,19,7,4,0,0,0,0,0,0,0,1,1,2,2,2,38,7,2755,2,1,TOYOTA HILUX,8,E01014167,0,-1
2023451338103,2023,451338103,1,9,0,2,2,7,3,0,0,0,0,0,0,0,2,1,6,6,1,50,8,2393,2,7,TOYOTA HILUX,-1,-1,0,-1
2023161288036,2023,161288036,2,9,0,18,19,3,7,0,0,0,0,0,0,0,1,1,6,6,1,43,7,2982,2,10,TOYOTA HILUX,10,E01012973,0,-1
2023010437948,2023,010437948,2,9,4,9,9,3,8,0,0,5,0,0,0,0,3,1,6,6,1,36,7,2393,2,2,TOYOTA HILUX,4,E01028252,0,-1
2023361339587,2023,361339587,1,9,0,7,7,3,4,0,0,1,0,0,0,0,1,1,1,1,2,24,5,2494,2,16,TOYOTA HILUX,5,E01026435,0,-1
2023141306413,2023,141306413,1,9,0,2,2,0,0,0,0,1,0,0,0,0,1,1,6,6,3,-1,-1,2494,2,16,TOYOTA HILUX,-1,-1,0,-1
2023041345206,2023,041345206,3,9,0,18,19,3,7,0,0,1,0,0,0,0,1,1,5,6,1,61,9,2494,2,16,TOYOTA HILUX,4,E01025359,0,-1
2023430196469,2023,430196469,1,9,0,16,19,8,3,0,0,0,5,0,7,10,1,1,6,6,2,44,7,2494,2,12,TOYOTA HILUX,7,E01028598,0,-1
2023501369163,2023,501369163,1,9,0,16,19,1,4,0,0,0,0,0,0,0,1,1,2,2,1,64,9,2494,2,12,TOYOTA HILUX,6,E01020142,0,-1
2023221277117,2023,221277117,1,19,0,5,5,4,8,0,0,0,0,0,0,0,1,1,6,6,1,71,10,2446,2,26,-1,5,E01032198,0,-1
2023531375850,2023,531375850,1,9,0,18,19,3,7,0,0,1,0,0,0,0,1,1,6,6,1,31,6,2494,2,21,TOYOTA HILUX,2,W01000756,0,-1
2023010442268,2023,010442268,2,9,0,99,99,9,9,99,99,9,9,99,9,99,1,9,6,6,3,-1,-1,2393,2,5,TOYOTA HILUX,-1,-1,0,-1
2023461303560,2023,461303560,2,9,0,4,4,1,5,0,0,0,0,0,0,0,3,1,6,6,1,42,7,2755,2,1,TOYOTA HILUX,5,E01024565,0,-1
2023522301529,2023,522301529,2,9,0,16,19,4,6,0,0,0,0,0,0,0,1,1,6,6,1,63,9,2393,2,7,TOYOTA HILUX,9,E01014862,0,-1
2023991388842,2023,991388842,3,9,4,18,19,3,7,0,0,1,0,0,1,0,1,1,2,2,1,47,8,2982,2,9,TOYOTA HILUX,8,-1,0,-1
2023471353607,2023,471353607,2,9,0,2,2,0,0,0,0,1,0,0,0,0,0,1,6,6,3,-1,-1,2755,2,2,TOYOTA HILUX,-1,-1,0,-1
2023221363594,2023,221363594,1,9,0,9,9,4,5,0,0,5,0,0,0,0,4,1,5,6,1,64,9,2393,2,0,TOYOTA HILUX,8,E01013990,0,-1
2023231346318,2023,231346318,2,9,0,18,19,1,5,0,0,8,0,0,1,9,1,1,5,6,2,44,7,2393,2,0,TOYOTA HILUX,3,E01032527,0,-1
2023501324238,2023,501324238,2,9,0,4,4,5,2,0,0,0,0,0,0,0,3,1,5,6,1,70,10,2393,2,4,TOYOTA HILUX,4,E01020131,0,-1
2023320416923,2023,320416923,3,9,0,18,19,4,8,0,0,8,0,0,0,0,4,1,6,6,1,76,11,2393,2,6,TOYOTA HILUX,4,E01026071,0,-1
2023010420375,2023,010420375,1,9,0,18,19,3,7,0,0,2,0,0,0,0,1,1,1,1,1,66,10,2393,2,6,TOYOTA HILUX,4,E01000869,0,-1
2023302301160,2023,302301160,2,9,0,4,4,6,3,0,0,0,0,0,0,0,1,1,2,2,1,73,10,2494,2,20,TOYOTA HILUX,5,E01019605,0,-1
202363A016923,2023,63A016923,2,9,0,4,4,4,8,0,0,0,0,0,0,0,4,1,1,1,1,26,6,2393,2,6,TOYOTA HILUX,3,W01000695,0,-1
2023320720377,2023,320720377,2,9,0,5,5,2,6,0,0,0,0,0,0,0,1,1,1,1,1,33,6,2393,2,2,TOYOTA HILUX,8,W01000095,0,-1
2023440084903,2023,440084903,2,9,4,18,19,3,7,0,0,0,0,0,0,0,3,1,1,1,1,36,7,2494,2,19,TOYOTA HILUX,8,E01022991,0,-1
2023201415957,2023,201415957,1,9,0,18,19,6,2,0,0,0,0,10,1,10,1,1,6,6,1,31,6,2494,2,11,TOYOTA HILUX,10,E01029711,0,-1
2023421397025,2023,421397025,1,9,0,1,1,1,5,0,0,0,0,0,0,0,2,1,6,6,1,-1,-1,2393,2,3,TOYOTA HILUX,-1,-1,0,-1
2023440368555,2023,440368555,2,9,0,18,19,4,8,0,0,1,0,0,7,11,1,1,6,6,2,49,8,2982,2,8,TOYOTA HILUX,10,E01023229,0,-1
2023421294690,2023,421294690,2,9,0,2,2,1,5,0,0,0,0,0,0,0,2,1,6,6,3,-1,-1,2982,2,8,TOYOTA HILUX,-1,-1,0,-1
2023351293490,2023,351293490,1,9,0,18,19,6,2,0,0,0,0,0,0,0,1,1,5,6,2,35,6,2755,2,1,TOYOTA HILUX,5,E01018009,0,-1
2023501342613,2023,501342613,3,9,0,18,19,2,5,0,0,7,0,0,0,0,0,1,1,1,1,46,8,2393,2,6,TOYOTA HILUX,1,E01015146,0,-1
2023401339552,2023,401339552,2,9,0,18,19,3,1,0,0,4,0,0,4,11,1,1,6,6,1,20,4,2755,2,0,TOYOTA HILUX,4,E01015784,0,-1
2023501273932,2023,501273932,1,9,4,2,2,0,0,-1,-1,-1,-1,-1,-1,0,-1,1,6,6,2,-1,-1,2755,2,1,TOYOTA HILUX,-1,-1,0,-1
2023131359824,2023,131359824,1,9,0,18,19,5,1,0,0,0,0,0,0,0,1,1,6,6,1,29,6,2393,2,5,TOYOTA HILUX,8,E01027586,0,-1
2023221363021,2023,221363021,2,9,0,4,4,1,5,0,0,0,0,0,0,0,2,1,5,6,1,63,9,2755,2,2,TOYOTA HILUX,4,E01028871,0,-1
2023201292320,2023,201292320,2,9,0,18,19,3,7,0,0,0,0,0,0,0,4,1,1,1,1,63,9,2494,2,8,TOYOTA HILUX,8,E01009555,0,-1
2023542900323,2023,542900323,2,9,0,18,19,4,8,0,0,0,0,0,1,0,1,1,1,1,1,54,8,2446,2,22,TOYOTA HILUX,7,E01031942,0,-1
2023052301386,2023,052301386,1,9,0,9,9,1,7,0,0,2,0,0,0,0,2,1,2,2,1,35,6,2393,2,0,TOYOTA HILUX,1,E01006585,0,-1
2023320276939,2023,320276939,1,9,0,18,19,6,2,0,0,2,0,0,0,0,1,1,6,6,1,67,10,2393,2,7,TOYOTA HILUX,7,E01013324,0,-1
2023340NN0882,2023,340NN0882,2,9,0,18,19,6,2,0,0,1,0,0,1,4,1,1,6,6,1,60,9,2393,2,5,TOYOTA HILUX,9,E01027284,0,-1
2023010424048,2023,010424048,1,9,4,9,9,7,4,0,0,0,0,4,0,0,2,1,1,1,1,36,7,2393,2,7,TOYOTA HILUX,6,E01020202,0,-1
2023122301064,2023,122301064,2,9,0,9,9,3,7,0,0,6,0,0,0,0,1,1,1,1,1,34,6,2393,2,2,TOYOTA HILUX,3,E01018746,0,-1
2023141376120,2023,141376120,1,9,0,18,19,4,8,0,0,0,0,0,0,0,2,1,5,6,1,41,7,2393,2,1,TOYOTA HILUX,6,E01006048,0,-1
2023471343852,2023,471343852,1,9,0,18,19,1,5,0,0,4,0,0,0,0,1,1,6,6,1,-1,-1,2982,2,14,TOYOTA HILUX,-1,-1,0,-1
2023430537438,2023,430537438,2,9,0,17,19,8,5,0,0,0,0,0,1,0,3,1,6,6,1,46,8,2755,2,0,TOYOTA HILUX,7,E01031215,0,-1
2023061322986,2023,061322986,4,9,0,2,2,0,0,0,0,1,0,0,0,0,1,1,6,6,3,-1,-1,2393,2,3,TOYOTA HILUX,-1,-1,0,-1
2023471312447,2023,471312447,2,9,0,3,3,5,1,0,0,1,0,0,0,0,1,1,6,6,1,48,8,2755,2,2,TOYOTA HILUX,6,E01021193,0,-1
2023101338440,2023,101338440,1,9,0,9,9,6,2,0,0,1,0,0,0,0,1,1,2,2,1,39,7,2755,2,1,TOYOTA HILUX,3,E01008533,0,-1
2023471350128,2023,471350128,3,9,0,18,19,7,3,0,0,8,5,0,0,0,4,1,6,6,1,23,5,2755,2,1,TOYOTA HILUX,4,E01021802,0,-1
2023501356335,2023,501356335,1,9,0,18,19,5,1,0,0,0,0,0,0,0,1,1,6,6,1,26,6,2494,2,10,TOYOTA HILUX,1,E01015196,0,-1
2023361357989,2023,361357989,2,9,4,18,19,7,3,0,0,1,0,0,0,0,1,1,1,1,1,22,5,2982,2,7,TOYOTA HILUX,6,E01026514,0,-1
2023501263944,2023,501263944,2,9,0,18,19,7,3,0,0,8,0,0,0,0,1,1,6,6,1,67,10,2755,2,2,TOYOTA HILUX,4,E01018784,0,-1
2023440486626,2023,440486626,3,9,0,4,4,8,4,0,0,2,0,0,0,0,2,1,6,6,1,56,9,2494,2,9,TOYOTA HILUX,4,E01022711,0,-1
2023461383674,2023,461383674,4,9,0,18,19,4,8,0,0,0,0,1,0,0,2,1,6,6,1,51,8,2755,2,0,TOYOTA HILUX,1,E01024563,0,-1
2023461380091,2023,461380091,1,9,0,17,19,1,5,0,0,0,0,0,0,0,3,1,5,6,1,37,7,2393,2,2,TOYOTA HILUX,5,E01024788,0,-1
202354B209423,2023,54B209423,1,9,0,1,1,7,3,5,5,0,0,0,0,0,2,1,6,6,3,63,9,2446,2,23,TOYOTA HILUX,7,E01022206,0,-1
2023332300180,2023,332300180,1,9,4,18,19,2,6,0,0,0,0,0,0,0,0,1,1,1,1,39,7,2755,2,2,TOYOTA HILUX,6,E01031017,0,-1
2023302301190,2023,302301190,1,9,0,7,7,1,3,0,0,0,1,0,7,4,1,1,6,6,1,22,5,2982,2,10,TOYOTA HILUX,4,E01019417,0,-1
2023440284497,2023,440284497,1,9,0,12,12,3,7,0,0,0,1,0,5,6,3,1,6,6,1,53,8,2393,2,0,TOYOTA HILUX,9,E01022593,0,-1
2023531396441,2023,531396441,3,9,0,18,19,7,3,0,0,0,0,0,0,0,2,1,5,6,1,51,8,2393,2,5,TOYOTA HILUX,5,E01022421,0,-1
2023461328072,2023,461328072,1,9,0,4,4,5,1,0,0,8,0,0,0,0,1,1,6,6,1,55,8,2393,2,4,TOYOTA HILUX,7,E01024801,0,-1
202354D751323,2023,54D751323,1,9,0,18,19,3,7,0,0,4,0,0,0,0,1,1,6,6,1,34,6,2494,2,12,TOYOTA HILUX,8,E01031977,0,-1
2023991282969,2023,991282969,3,9,4,18,19,3,7,0,0,0,0,0,0,0,3,1,1,1,1,40,7,2755,2,1,TOYOTA HILUX,7,-1,0,-1
2023101366271,2023,101366271,2,9,0,3,3,3,1,0,0,0,0,0,0,0,2,1,1,1,1,54,8,2755,2,1,TOYOTA HILUX,2,E01008457,0,-1
2023991351265,2023,991351265,2,9,0,17,19,2,7,0,0,0,0,0,0,0,1,1,5,6,2,28,6,2982,2,9,TOYOTA HILUX,7,-1,0,-1
2023320778029,2023,320778029,2,9,0,16,19,2,6,0,0,0,0,0,0,0,1,1,1,1,1,57,9,2393,2,3,TOYOTA HILUX,3,E01026085,0,-1
2023421291251,2023,421291251,1,9,0,5,5,4,2,0,0,4,0,0,3,0,1,1,5,6,1,39,7,2393,2,4,TOYOTA HILUX,4,E01021642,0,-1
2023501275367,2023,501275367,1,9,0,15,15,7,1,0,0,0,0,0,0,0,1,1,6,6,1,27,6,2982,2,10,TOYOTA HILUX,7,E01020214,0,-1
2023131311185,2023,131311185,3,9,0,2,2,0,0,9,9,8,0,0,0,0,1,1,6,6,3,-1,-1,2755,2,1,TOYOTA HILUX,-1,-1,0,-1
2023340NN4192,2023,340NN4192,3,9,0,10,10,6,2,0,0,8,0,0,0,0,3,1,1,1,1,46,8,2393,2,6,TOYOTA HILUX,6,E01027043,0,-1
2023161267470,2023,161267470,1,9,0,18,19,3,7,0,0,0,1,0,0,0,1,1,1,1,1,32,6,2982,2,10,TOYOTA HILUX,5,E01013001,0,-1
2023501287090,2023,501287090,1,9,0,18,19,4,1,0,0,0,0,12,0,0,4,1,1,1,1,56,9,2393,2,6,TOYOTA HILUX,4,E01018829,0,-1
2023471276638,2023,471276638,2,9,0,18,19,5,2,0,0,0,0,0,0,0,1,1,1,1,1,44,7,2393,2,7,TOYOTA HILUX,5,E01021109,0,-1
2023501283422,2023,501283422,1,9,0,1,1,2,6,0,0,1,0,0,0,0,2,1,6,6,1,48,8,2393,2,6,TOYOTA HILUX,9,E01019940,0,-1
2023522301309,2023,522301309,2,9,0,9,9,5,3,0,0,8,0,0,0,0,1,1,6,6,1,82,11,2982,2,14,TOYOTA HILUX,8,E01014766,0,-1
2023361384605,2023,361384605,1,9,0,9,9,6,2,0,0,0,0,0,0,0,2,1,6,6,1,-1,-1,2755,2,1,TOYOTA HILUX,-1,-1,0,-1
2023430031544,2023,430031544,1,9,0,18,19,4,8,0,0,0,2,0,0,0,1,1,6,6,1,19,4,2494,2,21,TOYOTA HILUX,8,E01028507,0,-1
2023231368907,2023,231368907,2,9,0,16,19,7,2,0,0,8,1,0,0,0,1,1,6,6,1,38,7,2982,2,12,TOYOTA HILUX,7,E01031166,0,-1
2023501335637,2023,501335637,1,9,0,18,19,5,1,0,0,1,0,0,0,0,1,1,6,6,1,26,6,2494,2,14,TOYOTA HILUX,3,E01018974,0,-1
2023471376955,2023,471376955,1,9,0,17,19,6,3,0,0,0,1,0,1,4,1,1,5,6,1,39,7,2755,2,2,TOYOTA HILUX,6,E01021145,0,-1
2023041339279,2023,041339279,1,9,0,9,9,1,5,0,0,0,0,0,0,0,3,1,5,6,1,45,7,2982,2,10,TOYOTA HILUX,10,E01032486,0,-1
2023552300586,2023,552300586,1,9,0,9,9,7,5,0,0,5,0,0,0,0,3,1,1,1,1,33,6,2393,2,3,TOYOTA HILUX,2,W01000844,0,-1
2023141292576,2023,141292576,1,9,0,18,19,7,3,0,0,0,1,0,2,4,1,1,5,6,1,41,7,2755,2,1,TOYOTA HILUX,5,E01007583,0,-1
2023340WN5532,2023,340WN5532,1,9,0,17,19,4,2,0,0,1,0,0,7,0,3,1,1,1,1,35,6,2393,2,7,TOYOTA HILUX,10,E01017816,0,-1
2023122301087,2023,122301087,2,9,0,13,13,1,5,0,0,0,0,0,0,0,4,1,6,6,1,54,8,2393,2,3,TOYOTA HILUX,5,E01027813,0,-1
2023461362113,2023,461362113,2,9,0,11,11,2,5,0,0,0,0,0,0,0,4,1,6,6,1,29,6,2393,2,4,TOYOTA HILUX,5,E01028314,0,-1
2023501314377,2023,501314377,1,9,0,18,19,6,2,0,0,0,5,12,8,11,1,1,1,1,1,21,5,2393,2,6,TOYOTA HILUX,5,E01020049,0,-1
2023361367407,2023,361367407,2,9,0,18,19,1,5,0,0,0,1,0,0,0,1,1,6,6,1,21,5,2494,2,22,TOYOTA HILUX,2,E01033040,0,-1
2023231301818,2023,231301818,1,9,0,5,5,8,4,9,9,0,0,0,1,0,1,1,6,6,1,31,6,2494,2,18,TOYOTA HILUX,2,E01009403,0,-1
2023320146213,2023,320146213,2,9,0,18,19,8,4,0,0,8,0,0,0,0,1,1,1,1,1,58,9,2393,2,2,TOYOTA HILUX,9,E01026422,0,-1
2023471330827,2023,471330827,2,9,0,18,19,7,3,0,0,8,0,0,0,0,4,1,1,1,1,43,7,2393,2,2,TOYOTA HILUX,7,E01021184,0,-1
2023041338276,2023,041338276,1,9,0,3,3,3,7,0,0,4,0,0,0,0,1,1,6,6,1,59,9,2755,2,1,TOYOTA HILUX,5,E01025580,0,-1
2023451270612,2023,451270612,1,9,0,2,2,0,0,9,9,0,0,0,0,0,3,1,3,7,1,49,8,2393,2,3,TOYOTA HILUX,4,E01001736,0,-1
2023991359512,2023,991359512,2,9,0,18,19,3,7,0,0,0,0,0,0,0,1,1,2,2,1,59,9,2393,2,5,TOYOTA HILUX,7,-1,0,-1
2023231268721,2023,231268721,2,9,0,3,3,2,6,0,0,0,0,0,0,0,2,1,1,1,1,61,9,2494,2,9,TOYOTA HILUX,7,E01031023,0,-1
2023070329237,2023,070329237,3,9,0,4,4,5,1,0,0,0,0,0,0,0,2,1,6,6,1,39,7,2755,2,1,TOYOTA HILUX,10,E01022197,0,-1
2023361285020,2023,361285020,2,9,0,18,19,1,6,0,0,0,0,0,0,0,2,1,1,1,1,52,8,2393,2,1,TOYOTA HILUX,5,E01030267,0,-1
2023201400608,2023,201400608,3,9,0,2,2,0,0,0,0,2,0,0,0,0,2,1,1,1,1,32,6,2393,2,2,TOYOTA HILUX,6,E01009749,0,-1
2023122301208,2023,122301208,1,9,4,18,19,1,5,0,0,0,4,0,1,4,1,1,1,1,1,28,6,2755,2,0,TOYOTA HILUX,-1,-1,0,-1
202360A123957,2023,60A123957,1,9,0,18,19,3,7,0,0,0,0,0,0,0,1,1,6,6,1,64,9,2982,2,10,TOYOTA HILUX,-1,-1,0,-1
2023101366926,2023,101366926,1,9,0,1,1,7,3,0,0,0,0,0,0,0,2,1,5,6,1,40,7,2393,2,3,TOYOTA HILUX,-1,-1,0,-1
2023451297060,2023,451297060,2,9,0,18,19,5,1,0,0,1,1,0,0,0,4,1,1,1,1,57,9,2494,2,19,TOYOTA HILUX,8,E01030529,0,-1
2023991299509,2023,991299509,2,9,0,17,19,4,1,0,0,0,0,0,0,0,3,1,1,1,2,30,6,2755,2,1,TOYOTA HILUX,4,-1,0,-1
2023411277218,2023,411277218,2,9,0,18,19,1,5,0,0,0,0,0,0,0,2,1,2,2,1,20,4,2982,2,9,TOYOTA HILUX,9,E01033609,0,-1
2023501308479,2023,501308479,3,9,0,18,19,5,1,0,0,0,0,0,0,0,1,1,3,7,2,31,6,2393,2,5,TOYOTA HILUX,5,E01020235,0,-1
2023991341058,2023,991341058,1,9,0,18,19,8,4,0,0,0,0,0,7,0,1,1,5,6,1,32,6,2982,2,10,TOYOTA HILUX,6,-1,0,-1
2023471347151,2023,471347151,2,9,0,17,19,6,2,0,0,0,0,0,0,0,4,1,5,6,1,52,8,2982,2,10,TOYOTA HILUX,7,E01031539,0,-1
2023101375161,2023,101375161,4,9,0,2,2,1,1,0,0,0,0,0,0,0,2,1,1,1,1,52,8,2393,2,0,TOYOTA HILUX,4,E01008732,0,-1