collision_index,collision_year,collision_ref_no,vehicle_reference,vehicle_type,towing_and_articulation,vehicle_manoeuvre_historic,vehicle_manoeuvre,vehicle_direction_from,vehicle_direction_to,vehicle_location_restricted_lane_historic,vehicle_location_restricted_lane,junction_location,skidding_and_overturning,hit_object_in_carriageway,vehicle_leaving_carriageway,hit_object_off_carriageway,first_point_of_impact,vehicle_left_hand_drive,journey_purpose_of_driver_historic,journey_purpose_of_driver,sex_of_driver,age_of_driver,age_band_of_driver,engine_capacity_cc,propulsion_code,age_of_vehicle,generic_make_model,driver_imd_decile,lsoa_of_driver,escooter_flag,driver_distance_banding
2023010423837,2023,010423837,2,9,0,99,99,9,9,99,99,9,9,99,9,99,1,9,6,6,3,-1,-1,2393,2,6,TOYOTA HILUX,-1,-1,0,-1
2023471341964,2023,471341964,2,9,0,2,2,0,0,0,0,0,0,0,0,0,3,1,6,6,3,-1,-1,2494,2,8,TOYOTA HILUX,-1,-1,0,-1
2023031322785,2023,031322785,1,9,0,18,19,5,5,0,0,0,2,0,8,0,4,1,5,6,1,33,6,2494,2,13,TOYOTA HILUX,-1,-1,0,-1
2023221314491,2023,221314491,1,9,0,9,9,4,2,0,0,5,0,0,0,0,0,1,5,6,1,67,10,2393,2,1,TOYOTA HILUX,4,E01009241,0,-1
2023411377881,2023,411377881,1,9,0,18,19,3,7,0,0,0,0,0,0,0,1,1,5,6,1,18,4,2755,2,1,TOYOTA HILUX,-1,-1,0,-1
2023461353611,2023,461353611,1,9,0,9,9,5,3,0,0,1,0,0,0,0,3,1,6,6,1,60,9,2755,2,0,TOYOTA HILUX,7,E01024316,0,-1
202360A091768,2023,60A091768,1,9,0,17,19,4,8,0,0,0,0,0,1,4,3,1,1,1,1,33,6,2393,2,4,TOYOTA HILUX,-1,-1,0,-1
2023201303833,2023,201303833,1,9,0,18,19,4,8,0,0,1,0,0,0,0,1,1,6,6,3,-1,-1,2393,2,5,TOYOTA HILUX,-1,-1,0,-1
2023440223693,2023,440223693,2,9,0,9,9,4,2,0,0,1,2,0,1,0,4,1,6,6,1,70,10,2494,2,13,TOYOTA HILUX,8,E01022887,0,-1
2023451389719,2023,451389719,1,9,0,18,19,1,5,0,0,0,0,0,0,0,1,1,5,6,1,60,9,2755,2,0,TOYOTA HILUX,9,E01030880,0,-1
2023122300571,2023,122300571,2,9,0,9,9,1,6,0,0,6,0,0,0,0,3,1,6,6,2,51,8,2393,2,6,TOYOTA HILUX,7,E01027693,0,-1
2023430400621,2023,430400621,2,9,0,3,3,7,3,0,0,0,0,0,0,0,2,1,6,6,1,-1,-1,2755,2,0,TOYOTA HILUX,-1,-1,0,-1
2023302301560,2023,302301560,1,9,0,9,9,8,6,0,0,5,0,4,0,0,1,1,6,6,1,35,6,2982,2,11,TOYOTA HILUX,5,E01013506,0,-1
2023052301640,2023,052301640,1,9,0,18,19,3,7,0,0,0,0,0,0,0,1,1,6,6,1,40,7,2982,2,11,TOYOTA HILUX,6,E01007033,0,-1
2023991306372,2023,991306372,1,9,0,10,10,8,6,0,0,1,0,0,0,0,0,1,2,2,1,56,9,2982,2,11,TOYOTA HILUX,8,-1,0,-1
2023351291329,2023,351291329,2,9,0,18,19,3,7,0,0,1,0,0,0,0,1,1,1,1,1,49,8,2393,2,4,TOYOTA HILUX,8,E01013788,0,-1
2023371337913,2023,371337913,1,9,0,5,5,3,1,0,0,0,0,0,0,0,3,1,5,6,1,52,8,2393,2,4,TOYOTA HILUX,8,E01030048,0,-1
2023361334500,2023,361334500,2,9,0,10,10,7,5,0,0,1,0,0,0,0,2,1,5,6,1,38,7,2393,2,4,TOYOTA HILUX,7,E01026539,0,-1
2023010429947,2023,010429947,1,9,0,5,5,3,7,0,0,0,0,2,0,0,1,1,2,2,2,51,8,2393,2,1,TOYOTA HILUX,-1,-1,0,-1
2023548779523,2023,548779523,1,9,0,18,19,4,8,0,0,1,0,0,7,4,1,1,6,6,1,39,7,2393,2,4,TOYOTA HILUX,7,E01031951,0,-1
2023161376125,2023,161376125,1,9,0,18,19,5,1,0,0,6,0,0,0,0,3,1,5,6,1,74,10,2982,2,7,TOYOTA HILUX,6,E01013253,0,-1
2023451285721,2023,451285721,1,19,0,18,19,3,7,0,0,0,0,0,7,4,1,1,5,6,1,53,8,2446,2,26,-1,7,E01023124,0,-1
2023991370953,2023,991370953,2,9,0,16,19,1,5,0,0,0,0,0,0,0,1,1,6,6,1,63,9,2494,2,9,TOYOTA HILUX,9,-1,0,-1
2023320038233,2023,320038233,2,9,4,2,2,0,0,0,0,0,0,0,0,0,2,1,6,6,1,46,8,2393,2,5,TOYOTA HILUX,2,E01026111,0,-1
2023471327951,2023,471327951,4,9,4,14,14,2,6,0,0,0,0,0,0,0,0,1,2,2,1,75,10,2393,2,4,TOYOTA HILUX,7,E01022592,0,-1
2023461315829,2023,461315829,1,9,0,18,19,5,1,0,0,0,0,0,7,4,3,1,5,6,1,25,5,2393,2,5,TOYOTA HILUX,7,E01024550,0,-1
2023430503590,2023,430503590,2,9,0,18,19,8,4,0,0,0,0,0,4,0,4,1,2,2,1,28,6,2393,2,3,TOYOTA HILUX,-1,-1,0,-1
2023451339337,2023,451339337,2,9,0,18,19,7,3,0,0,0,0,0,1,0,1,1,5,6,1,27,6,2755,2,0,TOYOTA HILUX,9,E01030781,0,-1
2023401396415,2023,401396415,1,9,0,18,19,3,6,0,0,1,0,0,0,0,1,1,2,2,1,66,10,2755,2,2,TOYOTA HILUX,5,E01015767,0,-1
2023111317360,2023,111317360,2,9,0,10,10,2,8,0,0,1,0,0,0,0,0,1,5,6,1,39,7,2393,2,4,TOYOTA HILUX,5,E01020660,0,-1
2023371292418,2023,371292418,1,9,0,4,4,4,8,0,0,0,1,0,0,0,1,1,5,6,1,24,5,2982,2,10,TOYOTA HILUX,5,E01030285,0,-1
2023501282440,2023,501282440,2,9,0,9,9,8,5,0,0,5,0,0,0,0,3,1,5,6,1,53,8,2982,2,11,TOYOTA HILUX,5,E01018785,0,-1
2023401369875,2023,401369875,1,9,-1,-1,-1,-1,-1,-1,-1,0,-1,-1,-1,0,-1,1,6,6,1,-1,-1,2982,2,11,TOYOTA HILUX,-1,-1,0,-1
2023991334186,2023,991334186,1,9,0,18,19,1,5,0,0,0,2,0,8,11,1,1,5,6,1,57,9,2446,2,22,TOYOTA HILUX,5,-1,0,-1
2023010464190,2023,010464190,2,9,0,99,99,9,9,99,99,9,9,99,9,99,9,9,6,6,3,-1,-1,2755,2,1,TOYOTA HILUX,1,E01010868,0,-1
2023131372907,2023,131372907,1,9,0,-1,-1,-1,-1,-1,-1,0,-1,-1,-1,-1,-1,1,6,6,3,-1,-1,2393,2,6,TOYOTA HILUX,-1,-1,0,-1
2023461307740,2023,461307740,2,9,0,18,19,5,1,0,0,8,0,0,0,0,4,1,6,6,1,32,6,2393,2,5,TOYOTA HILUX,10,E01024323,0,-1
2023201438151,2023,201438151,1,9,0,9,9,6,4,9,9,5,0,10,1,0,1,1,1,1,1,61,9,2982,2,14,TOYOTA HILUX,2,E01010564,0,-1
2023221327094,2023,221327094,1,9,0,18,19,7,3,0,0,0,0,0,0,0,1,1,1,1,1,46,8,2494,2,10,TOYOTA HILUX,1,E01032469,0,-1
2023371338284,2023,371338284,1,19,0,5,5,1,2,0,0,0,0,0,0,0,1,1,1,1,1,83,11,2494,2,21,-1,4,E01026466,0,-1
202354C602323,2023,54C602323,1,9,0,5,5,5,1,0,0,1,0,0,0,0,1,1,1,1,1,35,6,2393,2,2,TOYOTA HILUX,8,E01032002,0,-1
2023122301326,2023,122301326,1,9,0,18,19,2,6,0,0,1,0,0,0,0,1,1,6,6,1,43,7,2982,2,13,TOYOTA HILUX,6,E01027562,0,-1
2023430126665,2023,430126665,2,9,0,9,9,3,1,0,0,6,0,0,0,0,1,1,6,6,1,-1,-1,2494,2,13,TOYOTA HILUX,-1,-1,0,-1
2023622300330,2023,622300330,2,9,0,18,19,8,4,0,0,0,0,0,1,0,3,1,6,6,1,74,10,2755,2,0,TOYOTA HILUX,8,W01001190,0,-1
2023141389352,2023,141389352,3,9,0,18,19,5,1,0,0,0,0,0,0,0,2,1,6,6,3,-1,-1,2755,2,2,TOYOTA HILUX,-1,-1,0,-1
2023440199649,2023,440199649,2,9,0,8,8,3,5,0,0,1,0,0,0,0,2,1,1,1,1,53,8,2755,2,1,TOYOTA HILUX,8,E01030732,0,-1
2023010434222,2023,010434222,1,9,0,5,5,1,5,0,0,0,0,0,0,0,2,1,6,6,1,71,10,1798,1,17,VOLVO S40,1,E01000093,0,-1
2023201287744,2023,201287744,1,9,0,18,19,2,6,0,0,0,0,0,0,0,1,1,2,2,2,45,7,1560,2,11,VOLVO S40,3,E01009237,0,-1
2023991283709,2023,991283709,1,9,0,18,19,4,8,0,0,0,0,0,1,10,1,1,5,6,1,25,5,2435,1,17,VOLVO S40,4,-1,0,-1
2023531345833,2023,531345833,1,9,0,18,19,7,3,0,0,0,0,0,0,0,1,1,2,2,2,59,9,1948,1,21,VOLVO S40,7,E01028708,0,-1
2023061266986,2023,061266986,1,9,0,7,7,1,3,0,0,8,0,0,0,0,1,1,6,6,3,30,6,1596,1,15,VOLVO S40,-1,-1,0,-1
2023461357113,2023,461357113,2,9,0,3,3,7,3,0,0,1,0,0,0,0,2,1,6,6,1,66,10,1870,2,19,VOLVO S40,2,E01033212,0,-1
2023201362021,2023,201362021,2,9,0,2,2,0,0,0,0,2,0,0,0,0,1,1,6,6,3,-1,-1,2401,2,15,VOLVO S40,-1,-1,0,-1
2023141284604,2023,141284604,1,9,0,18,19,2,6,0,0,0,0,0,0,0,1,1,6,6,3,-1,-1,1596,1,15,VOLVO S40,-1,-1,0,-1
2023351363408,2023,351363408,2,9,0,18,19,-1,-1,0,0,1,0,0,0,0,1,1,2,2,1,33,6,1560,2,13,VOLVO S40,5,E01033113,0,-1
2023131355840,2023,131355840,2,9,0,9,9,5,1,0,0,1,0,0,0,0,3,1,1,1,1,30,6,1596,1,15,VOLVO S40,2,E01011790,0,-1
2023041269009,2023,041269009,1,9,0,18,19,1,5,0,0,2,5,0,7,0,1,1,6,6,3,-1,-1,1596,1,15,VOLVO S40,-1,-1,0,-1
2023161296038,2023,161296038,1,9,0,18,19,3,7,0,0,2,2,0,1,3,3,1,6,6,1,16,4,1948,1,27,VOLVO S40,6,E01015331,0,-1
2023440356055,2023,440356055,2,9,0,16,19,5,1,0,0,8,0,0,0,0,1,1,6,6,1,62,9,1731,1,25,VOLVO S40,-1,-1,0,-1
2023010450973,2023,010450973,2,9,0,2,2,0,0,0,0,0,0,0,0,0,2,1,6,6,3,-1,-1,1999,1,17,VOLVO S40,-1,-1,0,-1
2023542393123,2023,542393123,2,9,0,18,19,3,7,0,0,8,1,0,0,0,4,1,6,6,2,37,7,1560,2,12,VOLVO S40,2,E01015542,0,-1
2023231384381,2023,231384381,2,9,0,18,19,5,1,0,0,1,0,0,0,0,4,1,3,7,1,17,4,1596,1,15,VOLVO S40,7,E01031244,0,-1
2023131344716,2023,131344716,1,9,0,-1,-1,-1,-1,-1,-1,8,-1,-1,-1,0,-1,1,6,6,1,17,4,1997,2,13,VOLVO S40,3,E01010717,0,-1
2023070195618,2023,070195618,1,9,0,7,7,2,6,0,0,1,0,0,0,0,1,1,6,6,1,73,10,1596,1,14,VOLVO S40,5,E01018313,0,-1
2023501296455,2023,501296455,1,9,0,18,19,2,6,0,0,0,0,0,0,0,4,1,6,6,1,51,8,1998,2,16,VOLVO S40,1,E01015045,0,-1
2023052300547,2023,052300547,1,9,0,18,19,1,5,0,0,0,0,0,0,0,1,1,6,6,1,28,6,1596,1,14,VOLVO S40,1,E01007123,0,-1
2023531391459,2023,531391459,1,9,0,18,19,1,5,0,0,0,0,0,0,0,4,1,2,2,2,54,8,1596,1,15,VOLVO S40,6,E01022335,0,-1
2023201417790,2023,201417790,1,9,0,1,1,2,6,0,0,2,0,0,0,0,1,1,6,6,1,40,7,1984,2,12,VOLVO S40,-1,-1,0,-1
2023991294920,2023,991294920,1,9,0,17,19,4,8,0,0,0,0,0,0,0,1,1,6,6,1,51,8,1998,2,15,VOLVO S40,4,-1,0,-1
2023430022333,2023,430022333,2,9,0,18,19,4,8,0,0,0,0,0,0,0,4,1,1,1,1,45,7,1596,1,15,VOLVO S40,7,E01023835,0,-1
2023041277596,2023,041277596,2,9,0,18,19,8,4,0,0,8,0,0,0,0,4,1,5,6,1,58,9,1560,2,13,VOLVO S40,2,E01025173,0,-1
2023010431673,2023,010431673,4,9,0,18,19,1,5,0,0,0,0,0,0,0,1,1,6,6,2,32,6,1798,1,14,VOLVO S40,9,E01032020,0,-1
2023122301040,2023,122301040,1,9,0,4,4,1,5,0,0,2,0,0,0,0,1,1,6,6,2,52,8,1560,2,11,VOLVO S40,7,E01011511,0,-1
2023520300869,2023,520300869,2,9,0,3,3,1,5,0,0,0,0,0,0,0,2,1,6,6,2,36,7,1560,2,12,VOLVO S40,5,E01029253,0,-1
2023041381560,2023,041381560,1,9,0,5,5,5,1,8,6,0,0,0,0,0,1,1,2,2,1,48,8,1948,1,20,VOLVO S40,5,E01025605,0,-1
2023461361520,2023,461361520,2,9,0,18,19,6,2,0,0,1,0,0,0,0,2,1,6,6,2,75,10,1870,2,19,VOLVO S40,3,E01016152,0,-1
2023161305404,2023,161305404,2,9,0,4,4,6,2,0,0,0,0,0,0,0,1,1,6,6,1,40,7,1560,2,14,VOLVO S40,6,E01012923,0,-1
2023122301049,2023,122301049,1,9,0,18,19,5,1,0,0,0,0,0,0,0,1,1,6,6,1,52,8,2401,2,16,VOLVO S40,1,E01013822,0,-1
2023311341179,2023,311341179,1,9,0,18,19,3,7,0,0,0,0,0,0,0,1,1,6,6,1,40,7,1997,2,16,VOLVO S40,1,E01013855,0,-1
2023010469533,2023,010469533,1,9,0,99,99,9,9,99,99,9,9,99,9,99,9,9,6,6,1,29,6,1596,1,15,VOLVO S40,2,E01003160,0,-1
2023361294603,2023,361294603,1,9,0,12,12,3,5,0,0,3,0,0,0,0,2,1,5,6,1,19,4,1998,2,19,VOLVO S40,6,E01030282,0,-1
2023311383456,2023,311383456,2,9,0,18,19,2,6,0,0,0,0,0,0,0,1,1,6,6,1,62,9,1596,1,17,VOLVO S40,7,E01028289,0,-1
2023061374104,2023,061374104,1,9,0,18,19,5,1,0,0,0,2,7,4,6,3,1,6,6,1,64,9,2435,1,16,VOLVO S40,2,E01005650,0,-1
2023201390976,2023,201390976,1,9,0,18,19,1,5,0,0,1,0,0,0,0,1,1,6,6,1,25,5,1596,1,17,VOLVO S40,8,E01015098,0,-1
2023421382596,2023,421382596,2,9,0,9,9,7,5,0,0,6,0,0,0,0,1,1,6,6,2,62,9,1783,1,19,VOLVO S40,5,E01021551,0,-1
2023351316321,2023,351316321,2,9,0,18,19,-1,-1,0,0,8,0,0,0,0,1,1,6,6,1,-1,-1,1560,2,11,VOLVO S40,5,E01026241,0,-1
2023622300626,2023,622300626,2,9,0,18,19,3,7,0,0,8,0,0,0,0,1,1,6,6,1,37,7,1998,2,15,VOLVO S40,5,W01000426,0,-1
2023201297795,2023,201297795,3,9,0,2,2,0,0,0,0,1,0,0,0,0,1,1,6,6,1,-1,-1,1596,1,15,VOLVO S40,-1,-1,0,-1
2023430204132,2023,430204132,2,9,0,18,19,6,2,0,0,0,0,0,0,0,1,1,2,2,1,37,7,1798,1,16,VOLVO S40,7,E01016778,0,-1
2023411289385,2023,411289385,1,9,0,14,14,-1,-1,0,0,0,0,0,0,0,4,1,6,6,1,73,10,1560,2,12,VOLVO S40,5,E01023791,0,-1
2023201419975,2023,201419975,2,9,0,4,4,8,8,0,0,1,0,0,0,0,2,1,1,1,1,57,9,1560,2,11,VOLVO S40,7,E01029671,0,-1
2023531330048,2023,531330048,2,9,0,3,3,5,1,0,0,0,0,0,0,0,2,1,2,2,1,32,6,1798,1,14,VOLVO S40,5,E01022334,0,-1
2023041328197,2023,041328197,1,9,0,1,1,7,3,0,0,1,0,0,0,0,2,1,5,6,1,42,7,1560,2,14,VOLVO S40,2,E01012629,0,-1
2023461309171,2023,461309171,1,9,0,17,19,7,5,0,0,8,0,10,0,0,1,1,6,6,1,-1,-1,1998,2,18,VOLVO S40,1,E01000720,0,-1
2023010458975,2023,010458975,2,9,0,15,15,3,7,0,0,0,0,0,0,0,1,2,6,6,3,-1,-1,1948,1,20,VOLVO S40,-1,-1,0,-1
2023340NN2412,2023,340NN2412,1,9,0,18,19,6,2,0,0,2,0,0,0,0,1,1,6,6,2,-1,-1,1798,1,15,VOLVO S40,-1,-1,0,-1
2023052300440,2023,052300440,1,9,0,5,5,3,7,0,0,2,0,0,0,0,4,1,2,2,1,51,8,1798,1,16,VOLVO S40,2,E01006713,0,-1
2023440068836,2023,440068836,1,9,0,18,19,5,1,0,0,8,0,0,2,7,1,1,6,6,1,37,7,1998,2,14,VOLVO S40,4,E01016378,0,-1
2023552301239,2023,552301239,2,9,0,4,4,6,2,0,0,0,0,0,0,0,1,1,1,1,1,68,10,1560,2,11,VOLVO S40,2,E01020499,0,-1
2023361314254,2023,361314254,1,9,0,9,9,5,3,0,0,1,0,0,0,0,0,1,6,6,2,42,7,1998,2,18,VOLVO S40,-1,-1,0,-1
2023161289117,2023,161289117,1,9,0,7,7,8,2,0,0,1,0,0,0,0,2,1,5,6,1,30,6,1798,1,18,VOLVO S40,1,E01013141,0,-1
2023430244134,2023,430244134,1,9,0,16,19,1,4,0,0,0,0,0,0,0,1,1,6,6,1,61,9,1783,1,20,VOLVO S40,10,E01016587,0,-1
2023361282390,2023,361282390,2,9,0,18,19,1,5,0,0,1,0,0,0,0,1,1,5,6,1,19,4,1560,2,13,VOLVO S40,5,E01026768,0,-1
2023451393562,2023,451393562,2,9,0,18,19,1,4,0,0,0,0,0,0,0,1,1,6,6,1,98,11,1798,1,17,VOLVO S40,7,E01030738,0,-1
2023221364524,2023,221364524,2,9,0,9,9,2,7,0,0,5,0,0,3,0,4,1,5,6,1,76,11,2435,1,17,VOLVO S40,5,E01014171,0,-1
2023161325385,2023,161325385,2,9,0,18,19,3,7,0,0,0,0,0,0,0,1,1,6,6,1,26,6,1998,2,18,VOLVO S40,1,E01012918,0,-1
2023221302644,2023,221302644,1,9,0,6,6,7,7,0,0,6,0,0,0,0,3,1,5,6,1,57,9,1560,2,14,VOLVO S40,5,E01014060,0,-1
2023141322997,2023,141322997,1,9,0,18,19,5,1,0,0,0,0,0,0,0,4,1,5,6,1,32,6,1984,2,12,VOLVO S40,2,E01007763,0,-1
2023411293872,2023,411293872,1,9,-1,-1,-1,-1,-1,-1,-1,-1,-1,-1,-1,0,-1,1,6,6,3,-1,-1,1998,2,14,VOLVO S40,-1,-1,0,-1
2023010461397,2023,010461397,1,9,0,7,7,3,6,0,0,1,0,0,0,0,1,1,6,6,1,41,7,1948,1,21,VOLVO S40,6,E01023845,0,-1
2023161317437,2023,161317437,1,9,0,18,19,7,3,0,0,0,0,0,0,0,1,1,5,6,1,73,10,1998,2,17,VOLVO S40,1,E01013311,0,-1
2023501313778,2023,501313778,2,9,0,4,4,6,2,0,0,0,0,0,0,0,3,1,2,2,1,31,6,1798,1,17,VOLVO S40,4,E01019007,0,-1
2023401333075,2023,401333075,1,9,0,5,5,7,3,0,0,4,0,0,0,0,1,1,6,6,2,62,9,1596,1,13,VOLVO S40,8,E01017583,0,-1
2023302301687,2023,302301687,1,9,0,18,19,2,6,0,0,4,0,0,0,0,3,1,2,2,1,40,7,1798,1,14,VOLVO S40,2,E01013834,0,-1
2023451266755,2023,451266755,2,9,0,18,19,7,3,0,0,0,0,0,7,0,1,1,5,6,1,79,11,1855,1,24,VOLVO S40,3,E01030588,0,-1
2023201289070,2023,201289070,1,9,0,18,19,4,8,0,0,2,0,0,1,0,3,1,2,2,1,27,6,1998,2,16,VOLVO S40,2,E01010533,0,-1
2023101303655,2023,101303655,1,9,0,4,4,1,5,0,0,4,0,0,0,0,1,1,6,6,1,40,7,1596,1,16,VOLVO S40,-1,-1,0,-1
2023131290506,2023,131290506,1,9,0,18,19,3,7,0,0,0,0,0,0,0,1,1,5,6,1,52,8,1998,2,15,VOLVO S40,2,E01010961,0,-1
2023440218130,2023,440218130,1,5,0,18,19,8,4,0,0,1,0,0,0,0,1,1,6,6,1,62,9,1520,1,26,-1,3,E01027317,0,-1
2023311332192,2023,311332192,1,5,0,3,3,7,3,0,0,0,5,0,0,0,2,1,5,6,1,52,8,1261,1,19,-1,4,E01013964,0,-1
2023320559424,2023,320559424,2,4,0,3,3,4,8,0,0,4,5,0,0,0,2,1,6,6,1,55,8,1261,1,20,-1,8,E01026238,0,-1
2023010427103,2023,010427103,2,4,0,18,19,3,7,0,0,8,0,0,0,0,4,1,2,2,1,32,6,649,1,1,-1,2,E01003689,0,-1
2023010459241,2023,010459241,1,5,0,18,19,3,7,0,0,0,0,0,0,0,4,1,6,6,1,34,6,649,1,3,KAWASAKI EX650,2,E01033578,0,-1
2023010469707,2023,010469707,1,5,0,18,19,1,5,0,0,1,0,0,0,0,1,1,6,6,1,38,7,649,1,1,KAWASAKI EX650,5,E01023638,0,-1
2023131283109,2023,131283109,2,5,0,16,19,1,1,0,0,1,0,0,0,0,2,1,2,2,1,69,10,649,1,3,KAWASAKI EX650,4,E01011157,0,-1
2023421356853,2023,421356853,1,3,0,18,19,5,1,2,2,0,0,0,0,0,3,1,6,6,1,48,8,649,1,0,-1,3,E01021359,0,-1
2023991278333,2023,991278333,1,5,0,18,19,3,6,0,0,2,5,0,0,0,4,1,2,2,2,23,5,649,1,1,KAWASAKI EX650,6,-1,0,-1
2023010471792,2023,010471792,1,5,0,18,19,8,4,0,0,8,0,0,0,0,1,1,6,6,1,36,7,649,1,0,KAWASAKI EX650,10,E01021192,0,-1
2023302300622,2023,302300622,1,5,0,16,19,3,8,0,0,1,1,0,0,0,1,1,6,6,1,21,5,649,1,3,KAWASAKI EX650,8,E01007678,0,-1
2023520301375,2023,520301375,2,5,0,18,19,7,3,0,0,8,0,0,0,0,3,1,6,6,1,32,6,649,1,0,KAWASAKI EX650,2,E01029236,0,-1
2023061313532,2023,061313532,2,5,0,18,19,5,1,0,0,8,0,0,0,0,1,1,6,6,1,47,8,649,1,0,KAWASAKI EX650,3,E01005726,0,-1
2023161347781,2023,161347781,1,5,0,17,19,3,1,0,0,0,5,0,1,0,4,1,5,6,1,46,8,649,1,2,KAWASAKI EX650,6,E01013176,0,-1
2023401361443,2023,401361443,1,5,0,18,19,2,6,0,0,1,0,0,0,0,1,1,5,6,1,34,6,649,1,4,KAWASAKI EX650,2,E01015759,0,-1
2023622300724,2023,622300724,1,5,0,18,19,8,4,0,0,4,0,0,1,9,1,1,6,6,2,44,7,649,1,0,KAWASAKI EX650,4,W01001248,0,-1
2023440408908,2023,440408908,1,5,0,18,19,4,8,0,0,0,0,0,1,9,1,1,6,6,1,36,7,649,1,0,KAWASAKI EX650,6,E01023155,0,-1
2023332300813,2023,332300813,1,5,0,16,19,6,1,0,0,0,0,0,1,9,3,1,6,6,1,29,6,649,1,1,KAWASAKI EX650,2,E01013497,0,-1
2023351377456,2023,351377456,1,5,0,4,4,5,1,0,0,0,0,0,0,0,1,1,5,6,1,21,5,649,1,0,KAWASAKI EX650,5,E01007953,0,-1
2023631364018,2023,631364018,1,3,0,18,19,1,5,0,0,0,1,0,0,0,4,1,6,6,1,17,4,125,1,7,-1,4,W01000697,0,-1
2023501272835,2023,501272835,1,3,0,4,4,2,6,0,0,8,0,0,0,0,1,1,5,6,1,28,6,125,1,10,-1,3,E01018932,0,-1
2023610028323,2023,610028323,1,3,0,18,19,4,8,0,0,3,0,0,0,0,3,1,6,6,1,18,4,125,1,6,-1,3,W01001408,0,-1
2023071145714,2023,071145714,2,4,0,18,19,3,7,0,0,3,0,0,0,0,2,1,1,1,1,41,7,125,1,8,-1,3,E01018464,0,-1
2023122301191,2023,122301191,1,3,0,18,19,1,8,0,0,1,0,0,0,0,1,1,6,6,1,18,4,124,1,13,-1,6,E01027842,0,-1
2023010455959,2023,010455959,1,9,0,18,19,1,5,3,2,1,0,0,0,0,4,2,2,2,1,61,9,1987,8,3,LEXUS UX 250,3,E01004454,0,-1
2023320474984,2023,320474984,1,9,0,18,19,4,8,9,9,2,0,0,0,0,1,1,6,6,3,-1,-1,1987,8,3,LEXUS UX 250,-1,-1,0,-1
2023231314052,2023,231314052,4,9,0,2,2,0,0,0,0,2,0,0,0,0,1,1,6,6,1,65,9,1987,8,1,LEXUS UX 250,9,E01009671,0,-1
2023010460502,2023,010460502,2,9,0,99,99,9,9,99,99,9,9,99,9,99,9,9,6,6,3,-1,-1,1987,8,3,LEXUS UX 250,-1,-1,0,-1
2023371363343,2023,371363343,1,9,0,4,4,2,6,0,0,2,0,0,0,0,1,1,6,6,1,62,9,1987,8,1,LEXUS UX 250,6,E01015244,0,-1
2023211309526,2023,211309526,3,9,0,10,10,5,3,0,0,1,0,0,0,0,2,1,5,6,2,54,8,1987,8,0,LEXUS UX 250,3,E01010085,0,-1
2023311262460,2023,311262460,2,9,0,18,19,3,7,0,0,8,0,0,0,0,1,1,2,2,2,52,8,1987,8,3,LEXUS UX 250,-1,-1,0,-1
2023311382951,2023,311382951,1,9,0,2,2,5,1,0,0,0,0,0,0,0,2,1,1,1,2,57,9,1987,8,4,LEXUS UX 250,-1,-1,0,-1
2023061368304,2023,061368304,1,9,0,18,19,1,5,0,0,0,0,0,0,0,1,1,6,6,3,30,6,1987,8,0,LEXUS UX 250,-1,-1,0,-1
2023161358552,2023,161358552,2,9,0,18,19,5,1,0,0,4,0,0,0,0,3,1,2,2,2,47,8,1987,8,3,LEXUS UX 250,9,E01013103,0,-1
2023010448665,2023,010448665,2,9,0,18,19,1,5,0,0,8,0,0,0,0,1,1,2,2,1,22,5,1987,8,1,LEXUS UX 250,3,E01001440,0,-1
2023052302714,2023,052302714,2,9,0,18,19,5,1,0,0,0,1,0,0,0,4,1,6,6,1,48,8,1987,8,2,LEXUS UX 250,1,E01033768,0,-1
2023451291089,2023,451291089,1,9,0,18,19,1,5,0,0,0,0,0,7,2,1,1,6,6,2,65,9,1987,8,2,LEXUS UX 250,9,E01030421,0,-1
2023430041015,2023,430041015,1,9,0,8,8,6,7,0,0,1,0,0,0,0,2,1,6,6,1,31,6,1987,8,1,LEXUS UX 250,10,E01017636,0,-1
2023052302392,2023,052302392,2,9,0,18,19,7,3,0,0,0,0,0,0,0,2,1,6,6,2,32,6,1987,8,0,LEXUS UX 250,7,E01007002,0,-1
2023302300990,2023,302300990,1,9,0,18,19,4,8,0,0,1,0,0,0,0,1,1,6,6,2,-1,-1,1987,8,3,LEXUS UX 250,10,E01033169,0,-1
2023421277286,2023,421277286,2,9,0,18,19,3,8,0,0,0,0,0,0,0,1,1,5,6,2,80,11,1987,8,1,LEXUS UX 250,9,E01021564,0,-1
2023332300795,2023,332300795,1,9,0,3,3,5,1,0,0,0,0,0,0,0,2,1,2,2,1,39,7,1987,8,2,LEXUS UX 250,4,E01025766,0,-1
2023010439426,2023,010439426,2,9,0,99,99,9,9,99,99,9,9,99,9,99,1,9,6,6,3,-1,-1,1987,8,3,LEXUS UX 250,-1,-1,0,-1
2023401362447,2023,401362447,1,9,0,5,5,5,1,0,0,0,1,0,1,0,1,1,2,2,1,21,5,1987,8,0,LEXUS UX 250,10,E01017604,0,-1
2023010480310,2023,010480310,1,9,0,9,9,1,6,1,1,4,0,0,0,0,1,1,6,6,2,46,8,1987,8,4,LEXUS UX 250,3,E01002401,0,-1