collision_index,collision_year,collision_ref_no,vehicle_reference,vehicle_type,towing_and_articulation,vehicle_manoeuvre_historic,vehicle_manoeuvre,vehicle_direction_from,vehicle_direction_to,vehicle_location_restricted_lane_historic,vehicle_location_restricted_lane,junction_location,skidding_and_overturning,hit_object_in_carriageway,vehicle_leaving_carriageway,hit_object_off_carriageway,first_point_of_impact,vehicle_left_hand_drive,journey_purpose_of_driver_historic,journey_purpose_of_driver,sex_of_driver,age_of_driver,age_band_of_driver,engine_capacity_cc,propulsion_code,age_of_vehicle,generic_make_model,driver_imd_decile,lsoa_of_driver,escooter_flag,driver_distance_banding
2023451369582,2023,451369582,1,9,0,18,19,6,2,0,0,3,0,0,0,0,1,1,5,6,2,60,9,1987,8,2,LEXUS UX 250,6,E01030765,0,-1
2023010483379,2023,010483379,2,9,0,99,99,9,9,99,99,9,9,99,9,99,1,9,6,6,2,40,7,1987,8,1,LEXUS UX 250,4,E01001738,0,-1
2023451299057,2023,451299057,2,9,0,18,19,5,1,0,0,1,0,0,0,0,1,1,5,6,2,64,9,1987,8,4,LEXUS UX 250,5,E01030572,0,-1
2023451347635,2023,451347635,1,9,0,18,19,4,8,0,0,1,5,0,7,0,1,1,5,6,2,78,11,1987,8,3,LEXUS UX 250,10,E01030990,0,-1
2023531274532,2023,531274532,2,9,0,18,19,6,2,0,0,0,0,0,0,0,2,1,1,1,2,43,7,1987,8,1,LEXUS UX 250,5,E01022228,0,-1
2023351306606,2023,351306606,1,9,0,18,19,1,5,0,0,4,0,0,0,0,1,1,6,6,3,-1,-1,1987,8,0,LEXUS UX 250,-1,-1,0,-1
2023010483390,2023,010483390,2,9,0,18,19,7,3,0,0,8,0,0,0,0,1,1,6,6,2,68,10,1987,8,1,LEXUS UX 250,8,E01000212,0,-1
2023201265342,2023,201265342,2,9,0,9,9,7,4,0,0,1,0,0,0,0,1,1,6,6,1,39,7,1987,8,3,LEXUS UX 250,7,E01009974,0,-1
2023991319765,2023,991319765,1,9,0,18,19,3,6,0,0,2,0,0,0,0,1,1,5,6,2,40,7,1987,8,2,LEXUS UX 250,10,-1,0,-1
2023010479830,2023,010479830,1,9,0,17,19,6,2,0,0,6,0,4,3,11,1,1,6,6,1,63,9,1987,8,0,LEXUS UX 250,-1,-1,0,-1
2023010464217,2023,010464217,2,9,0,18,19,7,3,0,0,0,0,0,0,0,1,1,6,6,2,77,11,1987,8,4,LEXUS UX 250,10,E01024471,0,-1
2023451270862,2023,451270862,2,9,0,18,19,7,3,0,0,1,0,0,0,0,1,1,6,6,2,30,6,1987,8,3,LEXUS UX 250,-1,-1,0,-1
2023101304335,2023,101304335,2,9,0,18,19,6,2,0,0,0,0,0,0,0,0,1,6,6,2,38,7,1987,8,0,LEXUS UX 250,1,E01008541,0,-1
2023010475878,2023,010475878,1,9,0,18,19,7,3,9,9,1,0,0,1,2,1,1,6,6,2,27,6,1987,8,0,LEXUS UX 250,5,E01001658,0,-1
2023501331426,2023,501331426,1,9,0,18,19,5,1,0,0,0,0,0,0,0,1,1,5,6,1,60,9,1987,8,0,LEXUS UX 250,-1,-1,0,-1
2023041366878,2023,041366878,1,9,0,9,9,5,7,0,0,6,0,0,0,0,1,1,5,6,1,76,11,1987,8,0,LEXUS UX 250,10,E01025019,0,-1
2023010457656,2023,010457656,2,9,0,9,9,5,3,0,0,8,0,0,0,0,1,1,6,6,2,55,8,1987,8,2,LEXUS UX 250,8,E01000342,0,-1
2023540375523,2023,540375523,1,9,0,5,5,3,7,0,0,4,0,0,0,0,1,1,6,6,1,49,8,1987,8,3,LEXUS UX 250,7,E01029063,0,-1
2023461279608,2023,461279608,1,9,0,5,5,7,3,0,0,1,0,0,0,0,3,1,6,6,1,45,7,1987,8,1,LEXUS UX 250,8,E01024839,0,-1
2023552301502,2023,552301502,1,9,0,9,9,6,4,0,0,6,0,0,2,10,3,1,1,1,2,49,8,1987,8,3,LEXUS UX 250,5,E01015423,0,-1
2023991329130,2023,991329130,1,9,0,5,5,1,3,0,0,0,0,0,0,0,2,1,5,6,1,78,11,1987,8,3,LEXUS UX 250,4,-1,0,-1
2023311369944,2023,311369944,2,9,0,18,19,5,1,0,0,0,0,0,2,7,3,1,6,6,1,32,6,1987,8,0,LEXUS UX 250,9,E01026001,0,-1
2023010442637,2023,010442637,1,9,0,99,99,9,9,99,99,9,9,99,9,99,2,9,6,6,1,37,7,1987,8,1,LEXUS UX 250,5,E01000636,0,-1
2023052300870,2023,052300870,1,9,0,18,19,5,1,0,0,1,0,0,4,1,1,1,6,6,2,27,6,1987,8,3,LEXUS UX 250,5,E01006473,0,-1
2023201394481,2023,201394481,1,9,0,7,7,4,6,0,0,6,0,0,0,0,3,1,6,6,1,56,9,1987,8,1,LEXUS UX 250,2,E01010412,0,-1
2023101275129,2023,101275129,1,9,0,18,19,3,7,0,0,0,0,0,7,0,1,1,5,6,2,80,11,1987,8,3,LEXUS UX 250,1,E01008398,0,-1
2023061325984,2023,061325984,2,9,0,18,19,3,7,0,0,3,0,0,0,0,4,1,5,6,1,39,7,1987,8,3,LEXUS UX 250,8,E01006243,0,-1
2023991277699,2023,991277699,1,9,0,18,19,1,5,0,0,0,5,7,0,0,1,1,5,6,1,70,10,1987,8,4,LEXUS UX 250,10,-1,0,-1
2023461274336,2023,461274336,1,9,0,5,5,6,8,0,0,0,0,0,3,0,1,1,6,6,1,79,11,1987,8,4,LEXUS UX 250,9,E01024112,0,-1
2023451352565,2023,451352565,1,9,0,18,19,5,1,0,0,0,5,6,0,0,1,1,5,6,1,42,7,1987,8,2,LEXUS UX 250,4,E01002603,0,-1
2023991347376,2023,991347376,1,9,0,18,19,7,3,0,0,0,0,0,0,0,4,1,5,6,2,59,9,1987,8,2,LEXUS UX 250,4,-1,0,-1
2023010480943,2023,010480943,1,9,0,17,19,7,3,0,0,3,0,0,3,0,1,1,2,2,2,67,10,1987,8,3,LEXUS UX 250,-1,-1,0,-1
2023141331497,2023,141331497,1,9,0,2,2,0,0,0,0,0,0,0,0,0,1,1,6,6,2,70,10,1987,8,0,LEXUS UX 250,1,E01007822,0,-1
2023311293239,2023,311293239,1,9,0,18,19,4,8,0,0,0,0,0,0,0,1,1,6,6,2,33,6,1560,2,8,MAZDA 5,3,E01028111,0,-1
2023302300199,2023,302300199,1,9,0,9,9,7,4,0,0,2,0,0,0,0,1,1,2,2,1,34,6,1998,2,15,MAZDA 5,3,E01019777,0,-1
2023461286391,2023,461286391,1,9,0,18,19,7,3,0,0,4,0,0,0,0,1,1,6,6,1,-1,-1,1798,1,11,MAZDA 5,4,E01024090,0,-1
202354D333123,2023,54D333123,2,9,0,18,19,1,5,0,0,1,0,0,0,0,1,1,6,6,2,34,6,1798,1,14,MAZDA 5,6,E01031842,0,-1
2023461356347,2023,461356347,1,9,0,9,9,3,7,0,0,6,0,0,0,0,1,1,6,6,1,76,11,1798,1,13,MAZDA 5,3,E01024688,0,-1
2023461348375,2023,461348375,2,9,0,18,19,5,3,0,0,0,1,0,1,7,1,1,6,6,2,35,6,1798,1,16,MAZDA 5,4,E01024164,0,-1
2023311359885,2023,311359885,1,9,0,-1,-1,2,6,0,0,1,0,0,0,0,1,1,6,6,2,40,7,1999,1,16,MAZDA 5,2,E01028223,0,-1
2023461344765,2023,461344765,5,9,0,3,3,5,1,0,0,0,0,0,0,0,1,1,5,6,1,69,10,1798,1,11,MAZDA 5,9,E01024253,0,-1
2023340NN1452,2023,340NN1452,2,9,0,18,19,6,2,0,0,8,0,0,0,0,3,1,6,6,1,48,8,1999,1,17,MAZDA 5,6,E01032970,0,-1
2023201411306,2023,201411306,1,9,0,18,19,8,4,0,0,6,0,0,0,0,1,1,6,6,1,43,7,1999,1,18,MAZDA 5,1,E01009141,0,-1
2023302300512,2023,302300512,1,9,0,6,6,6,6,0,0,1,0,0,0,0,3,1,6,6,1,55,8,1560,2,8,MAZDA 5,1,E01013485,0,-1
2023552301543,2023,552301543,2,9,0,18,19,6,2,0,0,0,0,0,0,0,0,1,6,6,2,28,6,1999,1,15,MAZDA 5,3,E01015308,0,-1
2023221325224,2023,221325224,1,9,0,18,19,4,8,0,0,0,5,0,2,10,4,1,1,1,1,30,6,1998,2,14,MAZDA 5,5,E01008885,0,-1
2023010464732,2023,010464732,2,9,0,99,99,9,9,99,99,6,9,99,9,99,9,9,6,6,3,-1,-1,1798,1,16,MAZDA 5,-1,-1,0,-1
2023010440451,2023,010440451,2,9,0,2,2,0,0,0,0,0,0,4,0,0,1,1,6,6,3,-1,-1,1999,1,15,MAZDA 5,-1,-1,0,-1
2023411274299,2023,411274299,5,9,0,18,19,5,1,0,0,0,0,0,0,0,1,1,6,6,2,32,6,1998,2,15,MAZDA 5,7,E01032960,0,-1
2023471338265,2023,471338265,2,9,0,3,3,7,3,0,0,2,0,0,0,0,2,1,2,2,2,48,8,1798,1,14,MAZDA 5,6,E01031390,0,-1
2023010485878,2023,010485878,1,9,0,99,99,9,9,99,99,0,9,99,9,99,9,9,6,6,1,47,8,1798,1,15,MAZDA 5,3,E01004262,0,-1
2023221292076,2023,221292076,3,9,0,18,19,1,5,0,0,1,0,0,0,0,1,1,5,6,1,70,10,1998,2,15,MAZDA 5,2,E01014125,0,-1
2023311381921,2023,311381921,2,9,0,2,2,3,7,9,9,0,0,0,0,0,2,1,6,6,2,58,9,1798,1,13,MAZDA 5,-1,-1,0,-1
2023201298687,2023,201298687,2,9,0,3,3,1,5,0,0,0,0,0,0,0,2,1,6,6,1,41,7,1560,2,9,MAZDA 5,1,E01005167,0,-1
2023471312595,2023,471312595,1,9,0,9,9,7,5,0,0,6,0,0,0,0,1,1,5,6,2,35,6,1999,1,11,MAZDA 5,9,E01031338,0,-1
2023451312067,2023,451312067,2,9,0,18,19,1,5,0,0,0,0,1,0,0,3,1,5,6,1,47,8,1999,1,16,MAZDA 5,10,E01030998,0,-1
2023010468655,2023,010468655,2,9,0,18,19,1,5,0,0,0,0,0,0,0,1,1,2,2,1,47,8,1999,1,10,MAZDA 5,9,E01004092,0,-1
2023101344726,2023,101344726,1,9,-1,10,10,5,4,0,0,1,0,0,0,0,2,1,5,6,1,44,7,1999,1,16,MAZDA 5,3,E01008163,0,-1
2023610034623,2023,610034623,2,9,0,18,19,1,0,0,0,0,1,0,0,0,1,1,6,6,1,-1,-1,1798,1,16,MAZDA 5,1,E01014801,0,-1
2023201315772,2023,201315772,1,9,0,9,9,-1,-1,0,0,1,0,0,0,0,1,1,5,6,1,30,6,1798,1,15,MAZDA 5,2,E01009840,0,-1
2023471302887,2023,471302887,1,9,0,7,7,6,1,0,0,2,0,0,0,0,3,1,5,6,2,38,7,1999,1,17,MAZDA 5,3,E01031556,0,-1
2023471331561,2023,471331561,2,9,0,3,3,1,5,0,0,1,0,0,0,0,2,1,6,6,2,49,8,1798,1,13,MAZDA 5,6,E01031533,0,-1
2023141308512,2023,141308512,1,9,0,5,5,7,5,0,0,8,0,0,0,0,1,1,5,6,1,45,7,1999,1,16,MAZDA 5,4,E01008019,0,-1
2023010481781,2023,010481781,1,9,0,18,19,5,1,1,1,1,0,0,0,0,1,1,6,6,1,48,8,1999,1,14,MAZDA 5,8,E01003445,0,-1
2023401377644,2023,401377644,1,9,0,18,19,2,3,0,0,4,0,0,0,0,1,1,6,6,1,34,6,1998,2,14,MAZDA 5,3,E01015757,0,-1
2023440050075,2023,440050075,1,9,0,18,19,2,6,0,0,2,0,0,0,0,1,1,1,1,1,53,8,1560,2,10,MAZDA 5,10,E01022784,0,-1
2023371374009,2023,371374009,3,9,0,4,4,0,0,0,0,0,0,0,0,0,2,1,5,6,2,44,7,1560,2,10,MAZDA 5,7,E01029875,0,-1
2023552300533,2023,552300533,3,9,0,2,2,0,0,0,0,0,0,0,0,0,2,1,6,6,3,-1,-1,1999,1,8,MAZDA 5,-1,-1,0,-1
2023010457622,2023,010457622,1,9,0,99,99,9,9,99,99,9,9,99,9,99,2,9,6,6,1,53,8,1999,1,16,MAZDA 5,1,E01004324,0,-1
2023332300052,2023,332300052,2,9,0,18,19,2,6,0,0,5,0,0,0,0,3,1,6,6,2,63,9,1998,2,15,MAZDA 5,2,E01013657,0,-1
2023471392120,2023,471392120,1,9,0,16,19,5,1,0,0,0,1,0,8,10,2,1,5,6,1,32,6,1999,1,15,MAZDA 5,4,E01021045,0,-1
2023010449416,2023,010449416,2,9,0,14,14,7,3,0,0,8,2,0,6,6,1,1,6,6,1,51,8,1798,1,14,MAZDA 5,5,E01000071,0,-1
2023991349296,2023,991349296,1,9,0,18,19,2,6,0,0,0,0,0,0,0,2,1,6,6,2,39,7,1560,2,11,MAZDA 5,2,-1,0,-1
2023461323864,2023,461323864,1,9,0,18,19,5,1,0,0,0,1,0,2,0,1,1,3,7,2,40,7,1999,1,16,MAZDA 5,10,E01024233,0,-1
2023451335909,2023,451335909,2,9,0,18,19,3,7,0,0,1,0,0,0,0,1,1,5,6,2,52,8,1999,1,13,MAZDA 5,7,E01030569,0,-1
2023451332008,2023,451332008,2,9,0,18,19,5,1,0,0,0,0,0,0,0,1,1,6,6,2,47,8,1560,2,12,MAZDA 5,7,E01030850,0,-1
2023221335592,2023,221335592,1,9,0,4,4,2,7,0,0,1,0,0,0,0,2,1,5,6,1,62,9,1999,1,17,MAZDA 5,5,E01014004,0,-1
2023552400201,2023,552400201,2,9,0,18,19,8,4,0,0,0,0,0,0,0,1,1,1,1,1,46,8,1999,1,16,MAZDA 5,5,E01015417,0,-1
2023311297037,2023,311297037,1,8,0,2,2,5,1,0,0,0,0,0,0,0,2,1,1,1,1,59,9,1997,2,9,-1,6,E01013838,0,-1
2023471370695,2023,471370695,1,9,0,18,19,7,3,0,0,1,0,0,0,0,1,1,1,1,1,40,7,-1,-1,-1,-1,1,E01016947,0,-1
2023201419936,2023,201419936,1,9,0,4,4,2,6,0,0,2,0,0,0,0,2,1,2,2,1,48,8,-1,-1,-1,-1,4,E01009894,0,-1
2023622300988,2023,622300988,2,9,0,4,4,3,8,0,0,1,0,0,0,0,2,1,1,1,1,45,7,-1,-1,-1,-1,2,W01001765,0,-1
2023340NN1492,2023,340NN1492,1,8,0,7,7,5,7,0,0,6,0,0,0,0,4,1,1,1,1,41,7,1997,2,10,-1,4,E01026972,0,-1
2023052300608,2023,052300608,1,8,0,18,19,3,7,0,0,1,0,0,0,0,1,1,1,1,1,53,8,1997,2,10,-1,3,E01012427,0,-1
2023471319862,2023,471319862,2,9,0,18,19,3,7,0,0,8,0,0,0,0,1,1,1,1,1,40,7,-1,-1,-1,-1,1,E01016947,0,-1
2023471277725,2023,471277725,2,9,0,16,19,6,2,0,0,0,0,0,0,0,1,1,6,6,1,69,10,1197,1,9,SKODA ROOMSTER,9,E01031723,0,-1
2023052301569,2023,052301569,2,9,0,9,9,5,3,0,0,8,0,0,0,0,4,1,2,2,1,27,6,1197,1,11,SKODA ROOMSTER,3,E01005554,0,-1
2023010433942,2023,010433942,1,9,0,5,5,5,1,0,0,6,0,10,1,11,1,1,6,6,2,84,11,1197,1,12,SKODA ROOMSTER,6,E01004145,0,-1
2023111307414,2023,111307414,1,9,0,18,19,2,6,0,0,1,0,4,0,0,1,1,6,6,1,30,6,1422,2,14,SKODA ROOMSTER,-1,-1,0,-1
2023161308080,2023,161308080,1,9,0,9,9,7,4,0,0,5,0,0,0,0,1,1,5,6,2,78,11,1197,1,8,SKODA ROOMSTER,9,E01013154,0,-1
2023221295250,2023,221295250,2,9,0,17,19,6,2,0,0,8,0,0,0,0,1,1,5,6,2,27,6,1197,1,9,SKODA ROOMSTER,3,E01014145,0,-1
2023371319665,2023,371319665,2,9,0,3,3,5,1,0,0,0,0,0,0,0,2,1,5,6,1,76,11,1197,1,12,SKODA ROOMSTER,9,E01030190,0,-1
2023122301296,2023,122301296,1,9,0,18,19,3,7,0,0,1,0,0,0,0,1,1,2,2,2,44,7,1197,1,11,SKODA ROOMSTER,6,E01010640,0,-1
2023332300647,2023,332300647,2,9,0,18,19,5,1,0,0,1,0,0,0,0,1,1,6,6,1,23,5,1197,1,9,SKODA ROOMSTER,3,E01025976,0,-1
2023131312014,2023,131312014,1,9,0,-1,-1,-1,-1,-1,-1,0,-1,-1,-1,-1,-1,1,6,6,3,-1,-1,1896,2,16,SKODA ROOMSTER,-1,-1,0,-1
2023471261197,2023,471261197,1,9,0,9,9,7,5,0,0,1,0,0,0,0,1,1,5,6,2,86,11,1197,1,10,SKODA ROOMSTER,5,E01024025,0,-1
2023631371331,2023,631371331,2,9,0,18,19,7,3,0,0,0,0,0,1,0,3,1,2,2,1,71,10,1422,2,15,SKODA ROOMSTER,7,W01000477,0,-1
2023471373087,2023,471373087,2,9,0,3,3,7,3,0,0,0,0,0,0,0,2,1,5,6,2,83,11,1197,1,10,SKODA ROOMSTER,9,E01031693,0,-1
2023351318436,2023,351318436,1,9,0,12,12,7,4,0,0,0,0,0,0,0,1,1,6,6,1,81,11,1197,1,10,SKODA ROOMSTER,3,E01018093,0,-1
2023411366496,2023,411366496,2,9,0,3,3,-1,-1,0,0,4,0,0,0,0,2,1,2,2,1,35,6,1197,1,9,SKODA ROOMSTER,9,E01023831,0,-1
2023320384266,2023,320384266,1,9,0,18,19,4,1,0,0,8,0,0,0,0,1,1,6,6,1,79,11,1598,1,15,SKODA ROOMSTER,8,E01026365,0,-1
2023991357686,2023,991357686,3,9,0,18,19,6,1,0,0,0,0,0,0,0,1,1,6,6,2,50,8,1598,2,10,SKODA ROOMSTER,3,-1,0,-1
202363D002723,2023,63D002723,3,9,0,3,3,1,5,0,0,0,0,0,0,0,2,1,2,2,1,63,9,1896,2,16,SKODA ROOMSTER,6,W01000433,0,-1
2023141322292,2023,141322292,1,9,0,18,19,3,7,0,0,0,0,0,0,0,2,1,5,6,2,27,6,1197,1,10,SKODA ROOMSTER,-1,-1,0,-1
2023131393162,2023,131393162,1,9,0,5,5,8,4,0,0,0,0,0,0,0,3,1,6,6,1,63,9,1197,1,9,SKODA ROOMSTER,5,E01016754,0,-1
2023501370222,2023,501370222,2,9,0,18,19,2,6,0,0,0,0,0,0,0,4,1,5,6,2,53,8,1197,1,9,SKODA ROOMSTER,4,E01020012,0,-1
2023122300839,2023,122300839,1,9,0,18,19,3,7,0,0,0,0,0,7,9,1,1,1,1,1,52,8,1422,2,16,SKODA ROOMSTER,5,E01027630,0,-1
2023361340778,2023,361340778,1,9,0,9,9,3,7,0,0,6,0,0,0,0,1,1,6,6,2,73,10,1197,1,9,SKODA ROOMSTER,6,E01026863,0,-1
2023461376906,2023,461376906,1,9,0,18,19,1,5,0,0,0,1,4,0,0,4,1,5,6,1,29,6,1896,2,16,SKODA ROOMSTER,10,E01016092,0,-1
2023501358082,2023,501358082,2,9,0,18,19,5,1,0,0,0,0,0,0,0,1,1,6,6,1,38,7,1896,2,15,SKODA ROOMSTER,7,E01020132,0,-1
2023061326167,2023,061326167,1,9,0,18,19,4,8,0,0,0,0,0,0,0,2,1,5,6,1,62,9,1197,1,10,SKODA ROOMSTER,4,E01005171,0,-1
2023991330395,2023,991330395,3,9,3,4,4,8,4,0,0,0,0,0,0,0,3,1,5,6,1,79,11,1598,2,9,SKODA ROOMSTER,2,E01019172,0,-1
2023201277776,2023,201277776,1,9,0,5,5,5,1,0,0,4,0,0,0,0,3,1,2,2,1,57,9,1197,1,11,SKODA ROOMSTER,7,E01010246,0,-1
2023041368167,2023,041368167,2,9,0,18,19,3,3,0,0,0,0,0,0,0,1,1,5,6,1,41,7,1197,1,8,SKODA ROOMSTER,3,E01012617,0,-1
2023991361299,2023,991361299,1,9,0,9,9,7,4,0,0,2,0,0,0,0,1,1,1,1,1,52,8,1896,2,17,SKODA ROOMSTER,1,-1,0,-1
2023010480060,2023,010480060,1,9,0,15,15,7,3,0,0,1,0,0,0,0,1,1,6,6,3,-1,-1,1598,1,14,SKODA ROOMSTER,-1,-1,0,-1
2023141294370,2023,141294370,1,9,0,4,4,2,6,0,0,0,0,0,0,0,2,1,5,6,1,38,7,1598,2,11,SKODA ROOMSTER,3,E01011903,0,-1
2023061280486,2023,061280486,3,9,0,4,4,4,8,0,0,0,0,0,0,0,1,1,5,6,1,40,7,1422,2,14,SKODA ROOMSTER,5,E01025009,0,-1
2023361272124,2023,361272124,1,9,0,18,19,5,5,0,0,2,0,0,0,0,1,1,6,6,1,-1,-1,1422,2,15,SKODA ROOMSTER,-1,-1,0,-1
2023430090310,2023,430090310,2,9,0,3,3,4,8,0,0,1,0,0,0,0,2,1,2,2,1,36,7,1896,2,16,SKODA ROOMSTER,10,E01028685,0,-1
2023351300192,2023,351300192,1,9,0,18,19,-1,-1,0,0,0,0,1,0,0,1,1,6,6,1,34,6,1598,1,15,SKODA ROOMSTER,1,E01003065,0,-1
2023010463079,2023,010463079,1,9,0,2,2,0,0,0,0,0,0,4,0,0,2,1,6,6,3,-1,-1,1197,1,13,SKODA ROOMSTER,-1,-1,0,-1
2023471322456,2023,471322456,1,9,0,9,9,6,8,0,0,5,0,0,0,0,2,1,5,6,1,61,9,1598,1,15,SKODA ROOMSTER,6,E01021149,0,-1
2023122300542,2023,122300542,2,9,4,18,19,6,2,0,0,0,0,0,0,0,1,1,6,6,1,64,9,1598,2,13,SKODA ROOMSTER,10,E01011570,0,-1
2023461352129,2023,461352129,3,9,0,2,2,0,0,0,0,0,0,0,0,0,2,1,6,6,3,-1,-1,1896,2,16,SKODA ROOMSTER,-1,-1,0,-1
2023501325914,2023,501325914,1,9,0,18,19,7,3,0,0,1,0,0,0,0,4,1,5,6,2,57,9,1598,2,11,SKODA ROOMSTER,5,E01010923,0,-1
2023531377268,2023,531377268,1,9,0,9,9,1,7,0,0,8,0,0,0,0,4,1,5,6,2,59,9,1896,2,13,SKODA ROOMSTER,6,E01022383,0,-1
2023547418623,2023,547418623,2,9,0,18,19,6,2,0,0,8,0,0,1,2,1,1,6,6,2,83,11,1197,1,9,SKODA ROOMSTER,8,E01032121,0,-1
2023351318364,2023,351318364,1,9,0,18,19,-1,-1,0,0,1,0,0,0,0,1,1,6,6,3,-1,-1,1198,1,13,SKODA ROOMSTER,-1,-1,0,-1
2023471332271,2023,471332271,1,5,0,18,19,1,6,0,0,1,1,0,0,0,4,1,5,6,1,25,5,805,1,23,-1,9,E01020954,0,-1
2023610025623,2023,610025623,2,4,0,18,19,7,3,0,0,8,0,0,0,0,3,1,6,6,1,68,10,805,1,24,-1,1,W01001471,0,-1
2023430024775,2023,430024775,1,5,0,18,19,7,3,0,0,0,1,0,0,0,4,1,6,6,1,35,6,805,1,17,-1,10,E01033517,0,-1
2023041302078,2023,041302078,1,5,0,18,19,5,3,0,0,1,0,0,7,0,1,1,1,1,1,55,8,805,1,26,-1,7,E01010639,0,-1
2023061299403,2023,061299403,2,3,0,18,19,8,4,0,0,1,2,0,0,0,1,1,6,6,1,27,6,805,1,25,-1,1,E01005068,0,-1
2023161351787,2023,161351787,2,5,0,18,19,7,3,0,0,1,0,0,0,0,1,1,5,6,1,27,6,805,1,14,-1,6,E01012923,0,-1
2023231337369,2023,231337369,2,5,0,18,19,5,1,0,0,8,0,0,0,0,4,1,6,6,1,33,6,805,1,14,-1,4,E01031276,0,-1
2023401363758,2023,401363758,2,3,0,18,19,1,5,0,0,0,0,0,0,0,1,1,5,6,1,43,7,955,1,21,-1,-1,-1,0,-1
2023440428949,2023,440428949,1,5,0,18,19,8,4,0,0,0,0,0,0,0,0,1,6,6,1,52,8,955,1,21,-1,9,E01022555,0,-1
2023131267631,2023,131267631,1,5,0,18,19,1,5,0,0,8,0,0,0,0,4,1,5,6,1,60,9,955,1,19,-1,4,E01010727,0,-1
2023471349842,2023,471349842,1,3,0,18,19,1,5,0,0,0,0,0,0,0,1,1,5,6,1,34,6,50,1,46,-1,3,E01031789,0,-1
2023440214844,2023,440214844,2,2,0,18,19,1,5,0,0,8,0,0,0,0,1,1,6,6,1,57,9,49,1,28,-1,10,E01022647,0,-1
2023471384257,2023,471384257,2,9,0,18,19,5,1,0,0,1,0,0,0,0,4,1,5,6,1,40,7,2461,2,20,VOLKSWAGEN MODEL MISSING,9,E01031683,0,-1
2023010451320,2023,010451320,1,10,0,99,99,9,9,99,99,9,9,99,9,99,4,9,6,6,2,58,9,1968,2,5,-1,2,E01003346,0,-1
2023070840618,2023,070840618,2,90,0,9,9,8,4,0,0,1,0,0,1,0,3,1,6,6,1,58,9,1584,1,-1,-1,6,E01018422,0,-1
2023211271536,2023,211271536,1,9,-1,1,1,6,2,-1,-1,-1,-1,-1,-1,0,-1,1,6,6,1,-1,-1,2370,2,31,VOLKSWAGEN MODEL MISSING,4,E01026067,0,-1
2023461383817,2023,461383817,1,90,0,18,19,3,7,0,0,8,0,0,7,11,3,1,6,6,1,21,5,2100,1,32,-1,8,E01030838,0,-1
2023010473187,2023,010473187,5,9,0,2,2,0,0,9,9,0,0,0,0,0,1,1,6,6,3,-1,-1,1380,1,12,VOLKSWAGEN MODEL MISSING,-1,-1,0,-1
2023010458045,2023,010458045,2,9,0,99,99,9,9,99,99,0,9,99,9,99,1,9,6,6,3,-1,-1,1400,1,12,VOLKSWAGEN MODEL MISSING,-1,-1,0,-1
2023201390882,2023,201390882,2,9,0,14,14,7,3,0,0,0,0,8,0,0,1,1,5,6,1,61,9,1598,1,19,VOLKSWAGEN MODEL MISSING,2,E01010074,0,-1
2023010446395,2023,010446395,1,9,0,17,19,5,3,0,0,2,0,0,0,0,3,2,6,6,1,76,11,1968,2,6,VOLKSWAGEN MODEL MISSING,1,E01004214,0,-1
2023361353372,2023,361353372,1,9,0,18,19,4,8,0,0,8,5,0,1,0,4,1,5,6,2,20,4,1197,1,12,VOLKSWAGEN MODEL MISSING,8,E01026450,0,-1
2023501334507,2023,501334507,2,19,0,9,9,7,5,0,0,1,0,0,0,0,3,1,2,2,1,49,8,2461,2,16,-1,5,E01019901,0,-1
2023010441025,2023,010441025,2,9,0,99,99,9,9,99,99,0,9,99,9,99,1,9,6,6,1,56,9,2000,1,14,VOLKSWAGEN MODEL MISSING,8,E01000673,0,-1
2023340NN3122,2023,340NN3122,1,9,0,9,9,7,5,0,0,5,0,0,3,1,4,1,6,6,1,31,6,1390,1,23,VOLKSWAGEN MODEL MISSING,3,E01027060,0,-1
2023061370352,2023,061370352,1,9,0,17,19,1,6,0,0,8,0,0,7,11,3,1,6,6,1,19,4,1968,2,19,VOLKSWAGEN MODEL MISSING,-1,-1,0,-1
2023351314924,2023,351314924,1,9,0,5,5,2,4,0,0,4,0,0,0,0,1,1,5,6,2,37,7,2000,1,1,VOLKSWAGEN MODEL MISSING,9,E01033433,0,-1
2023421338940,2023,421338940,1,9,0,18,19,2,6,0,0,0,0,0,0,0,1,1,5,6,2,45,7,1600,1,49,VOLKSWAGEN MODEL MISSING,6,E01030068,0,-1
2023161350719,2023,161350719,1,9,0,18,19,5,1,0,0,0,1,0,5,0,1,1,6,6,2,21,5,1390,1,19,VOLKSWAGEN MODEL MISSING,1,E01012915,0,-1
2023201299457,2023,201299457,1,9,0,4,4,2,6,0,0,0,0,0,0,0,1,1,6,6,1,21,5,1395,1,8,VOLKSWAGEN MODEL MISSING,4,E01013967,0,-1
2023041334531,2023,041334531,2,9,0,18,19,3,7,0,0,8,0,0,0,0,1,1,5,6,1,22,5,1968,2,16,VOLKSWAGEN MODEL MISSING,1,E01012577,0,-1
2023430416553,2023,430416553,1,9,0,3,3,4,8,0,0,0,0,0,0,0,2,1,3,7,2,37,7,1390,1,11,VOLKSWAGEN MODEL MISSING,8,E01017628,0,-1
2023332301008,2023,332301008,1,9,0,18,19,4,8,0,0,0,0,0,0,0,1,1,6,6,1,48,8,1399,1,12,VOLKSWAGEN MODEL MISSING,8,E01032600,0,-1