collision_index,collision_year,collision_ref_no,vehicle_reference,vehicle_type,towing_and_articulation,vehicle_manoeuvre_historic,vehicle_manoeuvre,vehicle_direction_from,vehicle_direction_to,vehicle_location_restricted_lane_historic,vehicle_location_restricted_lane,junction_location,skidding_and_overturning,hit_object_in_carriageway,vehicle_leaving_carriageway,hit_object_off_carriageway,first_point_of_impact,vehicle_left_hand_drive,journey_purpose_of_driver_historic,journey_purpose_of_driver,sex_of_driver,age_of_driver,age_band_of_driver,engine_capacity_cc,propulsion_code,age_of_vehicle,generic_make_model,driver_imd_decile,lsoa_of_driver,escooter_flag,driver_distance_banding
2023131321456,2023,131321456,1,3,0,18,19,7,3,0,0,0,0,0,0,0,1,1,2,2,1,25,5,125,1,5,KTM 125 DUKE,4,E01010591,0,-1
2023221289861,2023,221289861,2,3,0,14,14,8,4,0,0,8,0,0,0,0,1,1,2,2,1,24,5,125,1,3,KTM 125 DUKE,5,E01028858,0,-1
2023461364511,2023,461364511,1,3,0,12,12,5,2,0,0,0,0,0,0,0,3,1,6,6,1,34,6,125,1,0,KTM 125 DUKE,3,E01016059,0,-1
2023471269975,2023,471269975,2,3,0,18,19,3,7,0,0,1,0,0,0,0,1,1,6,6,1,17,4,125,1,3,KTM 125 DUKE,2,E01020923,0,-1
2023311378492,2023,311378492,2,3,0,9,9,5,1,0,0,1,0,0,0,0,1,1,6,6,1,19,4,125,1,1,KTM 125 DUKE,4,E01028252,0,-1
2023430489385,2023,430489385,2,3,0,18,19,8,4,0,0,8,0,0,0,0,4,1,6,6,1,20,4,125,1,5,KTM 125 DUKE,3,E01028546,0,-1
2023421378936,2023,421378936,2,3,0,9,9,7,5,0,0,8,0,0,0,0,1,1,6,6,2,18,4,125,1,0,KTM 125 DUKE,9,E01021280,0,-1
2023520400386,2023,520400386,1,3,0,18,19,8,4,0,0,0,0,0,0,0,1,1,6,6,1,34,6,125,1,2,KTM 125 DUKE,7,E01032694,0,-1
2023622300546,2023,622300546,1,3,0,14,14,7,3,0,0,1,0,0,0,0,1,1,6,6,1,39,7,125,1,4,KTM 125 DUKE,1,W01001459,0,-1
2023552300600,2023,552300600,2,3,0,18,19,5,1,0,0,8,0,0,0,0,1,1,1,1,1,29,6,125,1,2,KTM 125 DUKE,1,E01020555,0,-1
2023070926248,2023,070926248,1,3,0,4,4,5,1,0,0,1,2,0,0,0,1,1,6,6,1,20,4,125,1,9,KTM 125 DUKE,2,E01018739,0,-1
2023501344491,2023,501344491,1,3,0,18,19,1,5,0,0,3,1,0,0,0,1,1,5,6,1,18,4,125,1,0,KTM 125 DUKE,9,E01020090,0,-1
2023501337673,2023,501337673,1,3,0,13,13,2,3,0,0,1,1,4,0,0,1,1,5,6,1,15,3,125,1,8,KTM 125 DUKE,-1,-1,0,-1
2023340WN5392,2023,340WN5392,1,3,0,18,19,6,2,0,0,1,0,0,0,0,1,1,6,6,1,25,5,125,1,3,KTM 125 DUKE,1,E01027249,0,-1
2023010473544,2023,010473544,2,4,0,15,15,7,3,2,2,8,0,0,0,0,1,1,2,2,1,34,6,125,1,3,KTM 125 DUKE,3,E01001831,0,-1
2023440464850,2023,440464850,1,3,0,18,19,2,6,0,0,0,0,0,0,0,3,1,6,6,2,18,4,125,1,1,KTM 125 DUKE,3,E01022840,0,-1
2023131263226,2023,131263226,2,4,0,18,19,7,3,0,0,1,0,0,0,0,1,1,5,6,1,30,6,125,1,8,KTM 125 DUKE,2,E01011255,0,-1
2023010465816,2023,010465816,1,3,0,99,99,9,9,99,99,9,9,99,9,99,9,1,6,6,1,17,4,125,1,4,KTM 125 DUKE,8,E01000390,0,-1
2023991453360,2023,991453360,2,3,0,3,3,7,3,0,0,0,1,4,0,0,2,1,5,6,1,21,5,125,1,0,KTM 125 DUKE,7,-1,0,-1
2023010468283,2023,010468283,1,3,0,18,19,5,1,0,0,0,0,10,1,10,1,1,6,6,1,33,6,125,1,4,KTM 125 DUKE,2,E01001698,0,-1
2023311378111,2023,311378111,2,4,0,18,19,3,7,0,0,0,0,0,0,0,1,1,6,6,1,26,6,125,1,3,KTM 125 DUKE,4,E01027985,0,-1
2023440235523,2023,440235523,1,3,0,4,4,4,8,0,0,0,0,0,0,0,2,1,6,6,1,34,6,125,1,4,KTM 125 DUKE,9,E01022874,0,-1
202360A127042,2023,60A127042,2,3,0,18,19,6,2,0,0,8,0,0,0,0,1,1,6,6,1,30,6,125,1,1,KTM 125 DUKE,-1,-1,0,-1
2023430222926,2023,430222926,1,4,0,18,19,3,7,0,0,8,1,0,0,0,4,1,6,6,2,18,4,125,1,1,KTM 125 DUKE,5,E01032726,0,-1
2023461289923,2023,461289923,1,3,0,13,13,1,5,0,0,0,0,0,0,0,1,1,6,6,1,-1,-1,125,1,6,KTM 125 DUKE,2,E01024193,0,-1
2023461310320,2023,461310320,2,3,0,3,3,7,2,0,0,4,0,0,0,0,2,1,6,6,1,33,6,125,1,1,KTM 125 DUKE,7,E01024157,0,-1
2023543413823,2023,543413823,1,3,0,18,19,8,5,0,0,0,1,0,1,2,1,1,6,6,1,18,4,125,1,7,KTM 125 DUKE,5,E01031898,0,-1
2023421356417,2023,421356417,1,3,0,18,19,2,6,0,0,0,0,0,0,0,1,1,2,2,1,28,6,125,1,2,KTM 125 DUKE,8,E01021405,0,-1
2023421270010,2023,421270010,1,3,0,18,19,3,8,0,0,0,5,4,0,0,1,1,6,6,1,20,4,125,1,1,KTM 125 DUKE,4,E01021360,0,-1
2023131390713,2023,131390713,1,3,0,17,19,8,4,0,0,8,5,0,1,10,1,1,6,6,1,18,4,125,1,7,KTM 125 DUKE,4,E01011757,0,-1
2023430379688,2023,430379688,2,4,0,18,19,5,1,0,0,8,0,0,0,0,1,1,2,2,1,29,6,125,1,10,KTM 125 DUKE,-1,-1,0,-1
2023161334034,2023,161334034,1,3,0,18,19,3,7,0,0,1,1,0,0,0,1,1,5,6,1,18,4,125,1,7,KTM 125 DUKE,2,E01013284,0,-1
2023547594423,2023,547594423,1,3,0,13,13,6,2,0,0,0,0,0,0,0,1,1,6,6,1,37,7,125,1,5,KTM 125 DUKE,6,E01032114,0,-1
2023010447793,2023,010447793,2,3,0,13,13,7,3,0,0,1,1,0,0,0,4,1,6,6,1,27,6,125,1,4,KTM 125 DUKE,7,E01003396,0,-1
2023991324191,2023,991324191,2,3,0,18,19,1,5,0,0,0,0,0,0,0,1,1,6,6,1,27,6,125,1,1,KTM 125 DUKE,2,-1,0,-1
2023440500387,2023,440500387,2,3,0,18,19,7,3,0,0,1,0,0,0,0,1,1,2,2,1,26,6,125,1,6,KTM 125 DUKE,1,E01017274,0,-1
2023351373790,2023,351373790,2,2,0,18,19,1,5,0,0,8,0,0,0,0,1,1,6,6,1,21,5,125,1,6,-1,8,E01018280,0,-1
2023451314132,2023,451314132,1,3,0,18,19,3,7,0,0,0,1,0,0,0,3,1,6,6,1,20,4,125,1,8,KTM 125 DUKE,9,E01016550,0,-1
2023631343512,2023,631343512,1,3,0,18,19,3,7,0,0,0,1,0,1,10,1,1,2,2,1,25,5,125,1,0,KTM 125 DUKE,2,W01000600,0,-1
2023430413969,2023,430413969,1,3,0,14,14,5,1,0,0,1,0,0,0,0,2,1,2,2,1,20,4,125,1,4,KTM 125 DUKE,10,E01028709,0,-1
2023201289925,2023,201289925,1,3,0,18,19,4,8,0,0,8,0,0,0,0,1,1,6,6,1,19,4,125,1,2,KTM 125 DUKE,-1,-1,0,-1
2023170H10833,2023,170H10833,1,3,0,18,19,3,7,0,0,8,0,0,0,0,1,1,6,6,1,15,3,125,1,9,KTM 125 DUKE,4,E01011990,0,-1
2023141346504,2023,141346504,1,3,0,16,19,1,5,0,0,0,0,0,0,0,1,1,6,6,3,-1,-1,125,1,0,KTM 125 DUKE,-1,-1,0,-1
2023451325159,2023,451325159,1,3,0,4,4,3,1,0,0,0,0,10,0,0,1,1,6,6,1,24,5,125,1,5,KTM 125 DUKE,8,E01030877,0,-1
2023010424237,2023,010424237,2,3,0,18,19,1,5,0,0,2,0,0,0,0,1,1,6,6,1,16,4,125,1,5,KTM 125 DUKE,3,E01002527,0,-1
2023461357557,2023,461357557,1,2,0,18,19,7,3,0,0,1,1,10,1,1,1,1,2,2,1,20,4,125,1,0,-1,-1,-1,0,-1
2023201404420,2023,201404420,2,3,0,18,19,1,5,0,0,3,0,0,0,0,2,1,6,6,1,22,5,125,1,0,KTM 125 DUKE,1,E01009480,0,-1
2023010477775,2023,010477775,2,3,0,9,9,5,2,0,0,1,0,0,1,0,4,1,6,6,1,22,5,125,1,0,KTM 125 DUKE,5,E01003359,0,-1
2023010461596,2023,010461596,2,3,0,14,14,1,5,0,0,1,0,0,0,0,3,1,6,6,1,19,4,125,1,5,KTM 125 DUKE,7,E01003407,0,-1
2023302300857,2023,302300857,1,3,0,7,7,4,7,0,0,4,0,0,0,0,1,1,6,6,1,49,8,125,1,2,KTM 125 DUKE,3,E01019675,0,-1
2023991318159,2023,991318159,2,3,0,18,19,8,4,0,0,8,5,0,0,0,1,1,2,2,1,23,5,125,1,2,KTM 125 DUKE,1,-1,0,-1
2023430134549,2023,430134549,1,3,0,18,19,1,5,0,0,0,0,0,0,0,0,1,2,2,1,21,5,125,1,2,KTM 125 DUKE,7,E01017846,0,-1
2023131377312,2023,131377312,2,3,0,18,19,3,7,0,0,0,0,0,0,0,4,1,2,2,1,25,5,125,1,4,KTM 125 DUKE,5,E01011788,0,-1
2023201378538,2023,201378538,2,3,0,18,19,1,5,0,0,8,0,0,0,0,1,1,2,2,1,32,6,125,1,1,KTM 125 DUKE,4,E01009089,0,-1
2023302301238,2023,302301238,2,3,0,17,19,2,6,0,0,1,0,0,0,0,1,1,6,6,2,21,5,125,1,0,KTM 125 DUKE,9,E01019478,0,-1
2023161268568,2023,161268568,2,3,0,18,19,2,6,0,0,1,1,0,0,0,1,1,6,6,1,30,6,125,1,3,KTM 125 DUKE,1,E01012952,0,-1
2023311370885,2023,311370885,1,3,0,7,7,3,7,0,0,1,1,0,0,0,4,1,6,6,1,23,5,125,1,5,KTM 125 DUKE,5,E01028078,0,-1
2023010459374,2023,010459374,1,3,0,18,19,5,1,0,0,1,0,0,0,0,1,1,2,2,1,38,7,125,1,3,KTM 125 DUKE,7,E01002009,0,-1
2023421316218,2023,421316218,2,3,0,4,4,1,5,0,0,0,0,0,0,0,1,1,2,2,1,21,5,125,1,3,KTM 125 DUKE,3,E01024291,0,-1
2023461351452,2023,461351452,1,3,0,18,19,5,1,0,0,8,5,0,0,0,1,1,2,2,1,23,5,125,1,2,KTM 125 DUKE,4,E01032810,0,-1
2023351287821,2023,351287821,2,3,0,13,13,1,5,0,0,0,0,0,0,0,1,1,2,2,1,25,5,125,1,2,KTM 125 DUKE,6,E01018207,0,-1
2023361323766,2023,361323766,1,3,0,3,3,7,3,0,0,0,0,11,0,0,1,1,2,2,1,23,5,125,1,4,KTM 125 DUKE,8,E01026881,0,-1
2023991303232,2023,991303232,1,3,0,18,19,8,5,0,0,1,0,0,0,0,4,1,6,6,1,19,4,125,1,3,KTM 125 DUKE,7,-1,0,-1
2023430402350,2023,430402350,2,3,0,16,19,1,4,0,0,0,0,0,0,0,1,1,6,6,1,22,5,125,1,0,KTM 125 DUKE,4,E01028604,0,-1
2023041287592,2023,041287592,1,3,0,18,19,1,5,0,0,1,0,0,0,0,1,1,5,6,1,17,4,125,1,0,KTM 125 DUKE,4,E01025065,0,-1
2023010424016,2023,010424016,1,3,0,9,9,1,8,0,0,1,1,0,0,0,1,1,6,6,1,33,6,125,1,1,KTM 125 DUKE,8,E01001031,0,-1
2023440061593,2023,440061593,1,3,0,18,19,7,3,0,0,0,1,0,0,0,0,1,6,6,1,30,6,125,1,4,LEXMOTO ENIGMA,9,E01022767,0,-1
2023440067338,2023,440067338,1,4,0,18,19,8,4,0,0,0,1,0,0,0,1,1,6,6,1,27,6,125,1,3,-1,7,E01022630,0,-1
2023520300968,2023,520300968,1,3,0,18,19,3,7,0,0,8,0,0,0,0,1,1,6,6,1,17,4,125,1,4,LEXMOTO ENIGMA,5,E01029257,0,-1
2023131284246,2023,131284246,2,3,0,18,19,3,7,0,0,0,0,0,0,0,1,1,2,2,1,50,8,125,1,4,LEXMOTO ENIGMA,4,E01011810,0,-1
2023440024175,2023,440024175,2,3,0,18,19,6,2,0,0,1,0,0,0,0,1,1,6,6,1,18,4,125,1,3,LEXMOTO ENIGMA,7,E01017047,0,-1
2023302300027,2023,302300027,1,2,0,18,19,6,2,0,0,2,0,0,0,0,1,1,6,6,1,24,5,125,1,4,-1,4,E01019458,0,-1
2023131286784,2023,131286784,2,3,0,14,14,1,5,9,9,0,0,0,0,0,1,1,5,6,1,38,7,125,1,3,LEXMOTO ENIGMA,5,E01011798,0,-1
2023010460917,2023,010460917,2,3,0,18,19,3,7,0,0,1,0,0,0,0,1,1,2,2,1,33,6,125,1,3,LEXMOTO ENIGMA,-1,-1,0,-1
2023371292471,2023,371292471,1,3,0,18,19,7,3,0,0,1,1,0,0,0,1,1,3,7,1,17,4,125,1,3,LEXMOTO ENIGMA,3,E01030253,0,-1
2023010455844,2023,010455844,2,3,0,18,19,1,5,0,0,1,0,0,0,0,1,1,6,6,1,39,7,125,1,4,LEXMOTO ENIGMA,2,E01000724,0,-1
2023010421743,2023,010421743,1,3,0,99,99,9,9,99,99,9,9,99,9,99,1,1,6,6,2,35,6,125,1,4,LEXMOTO ENIGMA,3,E01000586,0,-1
2023010473252,2023,010473252,1,3,0,99,99,9,9,99,99,9,9,99,9,99,1,1,2,2,2,29,6,125,1,3,LEXMOTO ENIGMA,7,E01004597,0,-1
2023622300373,2023,622300373,1,3,0,18,19,7,3,0,0,1,1,0,0,0,0,1,2,2,1,21,5,125,1,3,LEXMOTO ENIGMA,1,W01001267,0,-1
2023440204087,2023,440204087,2,3,0,18,19,3,7,0,0,1,0,0,0,0,1,1,2,2,1,39,7,125,1,4,LEXMOTO ENIGMA,2,E01022964,0,-1
2023401339020,2023,401339020,1,3,0,16,19,2,6,0,0,0,5,0,0,0,1,1,5,6,2,18,4,125,1,2,LEXMOTO ENIGMA,2,E01015716,0,-1
2023421323916,2023,421323916,1,4,0,18,19,2,6,0,0,0,0,0,0,0,1,1,2,2,1,25,5,125,1,3,-1,2,E01022056,0,-1
2023041381560,2023,041381560,2,3,0,14,14,1,5,0,0,0,5,0,0,0,1,1,5,6,1,28,6,125,1,4,LEXMOTO ENIGMA,6,E01025591,0,-1
2023010420676,2023,010420676,1,3,0,99,99,9,9,99,99,9,9,99,9,99,9,1,2,2,2,29,6,125,1,3,LEXMOTO ENIGMA,7,E01004597,0,-1
2023010423561,2023,010423561,1,3,0,18,19,1,5,0,0,2,0,0,0,0,0,1,2,2,1,26,6,125,1,3,LEXMOTO ENIGMA,3,E01003113,0,-1
2023461287172,2023,461287172,2,3,0,4,4,5,1,0,0,4,0,0,0,0,2,1,6,6,1,27,6,125,1,4,LEXMOTO ENIGMA,1,E01024308,0,-1
2023440193834,2023,440193834,1,3,0,18,19,5,1,0,0,0,1,0,1,7,3,1,2,2,1,21,5,125,1,3,LEXMOTO ENIGMA,4,E01022804,0,-1
2023010474897,2023,010474897,1,3,0,99,99,9,9,99,99,9,9,99,9,99,1,1,6,6,1,28,6,125,1,3,LEXMOTO ENIGMA,4,E01001153,0,-1
2023401300784,2023,401300784,2,3,0,17,19,3,7,0,0,4,0,0,0,0,1,1,2,2,1,42,7,124,1,6,-1,1,E01015773,0,-1
2023520400154,2023,520400154,1,3,0,18,19,1,5,0,0,8,0,0,0,0,1,1,6,6,1,20,4,124,1,5,-1,1,E01029293,0,-1
2023421311182,2023,421311182,2,3,0,18,19,7,3,0,0,4,1,0,0,0,1,1,6,6,1,16,4,124,1,6,-1,5,E01016015,0,-1
2023201339758,2023,201339758,2,3,0,3,3,1,4,0,0,1,0,0,0,0,2,1,6,6,1,20,4,124,1,6,-1,6,E01010133,0,-1
2023041329485,2023,041329485,2,3,0,18,19,7,3,0,0,1,0,0,0,0,1,1,5,6,1,18,4,124,1,6,-1,1,E01012680,0,-1
2023010421666,2023,010421666,1,9,0,99,99,9,9,99,99,9,9,99,9,99,9,9,6,6,1,20,4,1796,1,13,MERCEDES CLC CLASS,2,E01001441,0,-1
2023010483061,2023,010483061,1,9,0,14,14,1,5,0,0,1,0,0,0,0,1,1,6,6,3,-1,-1,1796,1,15,MERCEDES CLC CLASS,-1,-1,0,-1
2023131384001,2023,131384001,1,9,0,9,9,5,3,0,0,6,0,0,0,0,1,1,6,6,1,59,9,1796,1,14,MERCEDES CLC CLASS,1,E01011510,0,-1
2023552301383,2023,552301383,1,9,0,18,19,8,4,0,0,8,0,0,1,0,4,1,6,6,1,-1,-1,1796,1,14,MERCEDES CLC CLASS,-1,-1,0,-1
2023221278585,2023,221278585,1,9,0,9,9,2,8,0,0,6,0,0,0,0,3,1,5,6,1,40,7,2148,2,15,MERCEDES CLC CLASS,2,E01014105,0,-1
2023351288992,2023,351288992,1,9,0,13,13,6,2,0,0,0,5,0,1,4,1,1,5,6,2,53,8,2148,2,13,MERCEDES CLC CLASS,6,E01018076,0,-1
2023461326856,2023,461326856,2,9,0,4,4,7,3,0,0,0,0,0,0,0,2,1,6,6,2,66,10,1796,1,13,MERCEDES CLC CLASS,7,E01024793,0,-1
2023010455616,2023,010455616,2,9,0,99,99,9,9,99,99,9,9,99,9,99,9,9,6,6,3,-1,-1,1796,1,13,MERCEDES CLC CLASS,-1,-1,0,-1
2023052302297,2023,052302297,1,9,0,18,19,6,2,0,0,0,0,4,0,0,1,1,6,6,1,66,10,2148,2,15,MERCEDES CLC CLASS,1,E01007238,0,-1
2023201416568,2023,201416568,1,9,0,12,12,1,5,0,0,1,0,0,0,0,1,1,6,6,3,-1,-1,2148,2,15,MERCEDES CLC CLASS,-1,-1,0,-1
2023010445255,2023,010445255,2,9,0,99,99,9,9,99,99,0,9,99,9,99,1,9,6,6,3,-1,-1,1796,1,12,MERCEDES CLC CLASS,-1,-1,0,-1
202360A132481,2023,60A132481,1,9,0,16,19,8,4,0,0,8,0,0,8,11,1,1,6,6,1,86,11,1796,1,15,MERCEDES CLC CLASS,-1,-1,0,-1
2023451356142,2023,451356142,1,9,0,18,19,5,1,0,0,1,0,0,0,0,1,1,5,6,2,32,6,1796,1,15,MERCEDES CLC CLASS,10,E01002920,0,-1
2023061396380,2023,061396380,1,9,0,-1,-1,-1,-1,-1,-1,0,-1,-1,-1,0,-1,1,6,6,3,47,8,2148,2,13,MERCEDES CLC CLASS,10,E01006147,0,-1
2023421345848,2023,421345848,2,9,0,18,19,7,3,0,0,1,0,0,0,0,2,1,6,6,1,41,7,2148,2,14,MERCEDES CLC CLASS,2,E01015839,0,-1
2023421276747,2023,421276747,3,9,0,2,2,1,1,9,9,0,0,0,0,0,2,1,6,6,2,26,6,2148,2,14,MERCEDES CLC CLASS,5,E01015904,0,-1
2023010472237,2023,010472237,2,9,0,99,99,9,9,99,99,9,9,99,9,99,9,9,6,6,3,-1,-1,1597,1,14,MERCEDES CLC CLASS,-1,-1,0,-1
2023010441976,2023,010441976,2,9,0,3,3,5,1,0,0,0,0,0,0,0,1,1,2,2,2,25,5,2148,2,15,MERCEDES CLC CLASS,-1,-1,0,-1
2023070216350,2023,070216350,2,9,0,4,4,4,8,0,0,0,0,0,0,0,2,1,6,6,2,71,10,2148,2,15,MERCEDES CLC CLASS,5,E01020117,0,-1
2023010462543,2023,010462543,1,9,0,9,9,5,2,0,0,6,0,0,0,0,2,1,6,6,1,37,7,1796,1,15,MERCEDES CLC CLASS,5,E01001863,0,-1
2023010437062,2023,010437062,2,9,0,99,99,9,9,99,99,9,9,99,9,99,9,9,6,6,1,57,9,1796,1,13,MERCEDES CLC CLASS,-1,-1,0,-1
2023430472899,2023,430472899,1,9,0,9,9,2,8,0,0,6,0,0,0,0,1,1,6,6,1,48,8,1796,1,12,MERCEDES CLC CLASS,10,E01028788,0,-1
2023201287675,2023,201287675,4,9,0,18,19,5,1,0,0,0,0,0,0,0,1,1,6,6,2,-1,-1,1597,1,13,MERCEDES CLC CLASS,-1,-1,0,-1
2023991347353,2023,991347353,1,9,0,18,19,2,6,0,0,0,0,0,0,0,1,1,5,6,1,53,8,2148,2,15,MERCEDES CLC CLASS,9,E01014963,0,-1
2023231330139,2023,231330139,1,9,0,18,19,2,6,0,0,0,0,0,0,0,1,1,6,6,1,72,10,1796,1,14,MERCEDES CLC CLASS,3,E01025718,0,-1
2023061398739,2023,061398739,1,9,0,18,19,4,1,0,0,1,0,0,0,0,1,1,6,6,3,-1,-1,2148,2,13,MERCEDES CLC CLASS,-1,-1,0,-1
2023461375603,2023,461375603,2,9,0,18,19,3,7,0,0,1,0,0,7,0,4,1,6,6,1,88,11,2148,2,13,MERCEDES CLC CLASS,7,E01024141,0,-1
2023320691732,2023,320691732,1,9,0,7,7,3,7,0,0,6,0,0,0,0,1,1,6,6,3,-1,-1,2148,2,15,MERCEDES CLC CLASS,-1,-1,0,-1
2023010420917,2023,010420917,2,9,9,99,99,9,9,99,99,9,9,99,9,99,9,9,6,6,3,-1,-1,1796,1,13,MERCEDES CLC CLASS,-1,-1,0,-1
2023010461001,2023,010461001,1,9,0,7,7,7,1,0,0,6,0,0,0,0,1,1,6,6,2,53,8,1796,1,15,MERCEDES CLC CLASS,3,E01001816,0,-1
2023010481567,2023,010481567,1,9,0,18,19,3,7,0,0,6,0,0,0,0,1,1,6,6,3,-1,-1,1796,1,14,MERCEDES CLC CLASS,1,E01004199,0,-1
2023010459737,2023,010459737,1,9,0,9,9,7,5,0,0,8,0,0,0,0,3,1,2,2,1,44,7,1796,1,13,MERCEDES CLC CLASS,3,E01003017,0,-1
2023231320805,2023,231320805,1,9,0,18,19,4,8,0,0,6,0,0,0,0,1,1,5,6,2,24,5,2148,2,14,MERCEDES CLC CLASS,4,E01031109,0,-1
2023552301139,2023,552301139,2,9,0,10,10,6,2,0,0,5,0,0,0,0,2,1,6,6,1,59,9,2148,2,13,MERCEDES CLC CLASS,9,E01020385,0,-1
2023522301369,2023,522301369,2,9,0,9,9,5,2,0,0,8,0,0,0,0,1,1,6,6,1,37,7,2148,2,14,MERCEDES CLC CLASS,1,E01032515,0,-1
2023010443133,2023,010443133,1,9,0,9,9,1,6,0,0,8,0,0,0,0,2,1,6,6,1,22,5,1796,1,15,MERCEDES CLC CLASS,10,E01002937,0,-1
2023451360563,2023,451360563,2,9,0,9,9,6,4,0,0,8,0,0,0,0,1,1,6,6,2,54,8,1796,1,13,MERCEDES CLC CLASS,8,E01030549,0,-1
2023201326951,2023,201326951,1,9,0,18,19,6,2,0,0,1,0,0,0,0,1,1,6,6,1,-1,-1,2148,2,13,MERCEDES CLC CLASS,-1,-1,0,-1
2023461364630,2023,461364630,1,9,0,9,9,4,8,0,0,1,0,0,0,0,1,1,6,6,1,43,7,1796,1,14,MERCEDES CLC CLASS,9,E01024145,0,-1
2023430326818,2023,430326818,1,9,0,18,19,4,8,0,0,4,0,0,1,7,4,1,6,6,2,61,9,2148,2,14,MERCEDES CLC CLASS,2,E01016458,0,-1
2023010441493,2023,010441493,1,9,0,99,99,9,9,99,99,2,9,99,9,99,1,9,2,2,2,33,6,1796,1,13,MERCEDES CLC CLASS,4,E01003645,0,-1
2023421281994,2023,421281994,1,9,0,2,2,1,1,0,0,0,0,4,0,0,1,1,6,6,3,-1,-1,2148,2,14,MERCEDES CLC CLASS,-1,-1,0,-1
2023010452265,2023,010452265,6,9,0,4,4,5,1,0,0,4,0,0,0,0,1,1,6,6,1,32,6,2148,2,14,MERCEDES CLC CLASS,-1,-1,0,-1
2023201372311,2023,201372311,1,9,0,18,19,2,6,0,0,8,0,0,0,0,4,1,6,6,2,21,5,1796,1,13,MERCEDES CLC CLASS,5,E01002371,0,-1
2023440251620,2023,440251620,3,9,0,18,19,7,3,0,0,1,0,0,0,0,1,1,6,6,1,41,7,1796,1,13,MERCEDES CLC CLASS,1,E01032882,0,-1
2023010468212,2023,010468212,1,9,0,99,99,9,9,99,99,9,9,99,9,99,1,9,6,6,1,42,7,1796,1,13,MERCEDES CLC CLASS,2,E01001448,0,-1
202363A001223,2023,63A001223,1,9,0,7,7,6,8,0,0,6,0,0,3,11,1,1,6,6,1,50,8,2148,2,15,MERCEDES CLC CLASS,5,W01000627,0,-1
2023421337848,2023,421337848,1,9,0,18,19,5,1,0,0,0,0,0,0,0,1,1,6,6,2,63,9,1796,1,14,MERCEDES CLC CLASS,4,E01015888,0,-1
2023531421800,2023,531421800,1,9,0,18,19,5,1,0,0,1,0,0,0,0,1,1,6,6,2,31,6,2148,2,13,MERCEDES CLC CLASS,2,E01022457,0,-1
2023010470227,2023,010470227,1,9,0,3,3,1,5,0,0,1,0,0,0,0,3,1,6,6,1,32,6,1796,1,14,MERCEDES CLC CLASS,4,E01003301,0,-1
2023131302518,2023,131302518,2,9,0,2,2,3,7,0,0,0,0,0,0,0,0,1,6,6,3,-1,-1,1796,1,13,MERCEDES CLC CLASS,-1,-1,0,-1
2023061344112,2023,061344112,2,9,0,18,19,7,3,0,0,8,0,0,0,0,1,1,6,6,1,79,11,2148,2,15,MERCEDES CLC CLASS,1,E01004851,0,-1
2023421350866,2023,421350866,1,9,0,5,5,8,4,0,0,8,0,0,0,0,1,1,6,6,1,38,7,1796,1,13,MERCEDES CLC CLASS,4,E01000113,0,-1
2023221295995,2023,221295995,1,9,0,18,19,6,2,0,0,0,2,0,5,6,1,1,1,1,1,34,6,2148,2,13,MERCEDES CLC CLASS,3,E01033615,0,-1
2023471313672,2023,471313672,2,9,0,7,7,7,1,0,0,0,0,0,1,0,4,1,5,6,1,62,9,1798,1,-1,-1,5,E01031544,0,-1
2023070387967,2023,070387967,2,9,0,18,19,8,4,0,0,8,0,0,0,0,1,1,6,6,1,77,11,1798,1,45,-1,10,E01029606,0,-1
2023471315956,2023,471315956,2,9,0,17,19,7,4,0,0,0,1,4,0,0,1,1,2,2,1,18,4,1798,1,43,-1,5,E01021096,0,-1
2023101317453,2023,101317453,2,3,0,18,19,3,7,0,0,8,0,0,0,0,3,1,6,6,1,27,6,125,1,0,-1,1,E01008289,0,-1
2023552300736,2023,552300736,1,3,0,18,19,2,6,0,0,4,0,0,0,0,1,1,6,6,1,21,5,125,1,1,-1,1,E01020555,0,-1
2023041308838,2023,041308838,1,3,0,18,19,8,4,0,0,1,0,0,0,0,1,1,2,2,1,20,4,125,1,0,-1,4,E01025460,0,-1
2023201296503,2023,201296503,2,2,0,9,9,2,8,0,0,6,0,0,0,0,1,1,2,2,1,16,4,50,1,1,-1,1,E01010316,0,-1
2023052302141,2023,052302141,1,3,0,18,19,5,1,0,0,0,0,10,0,0,1,1,2,2,1,51,8,125,1,1,-1,1,E01007270,0,-1
2023010420700,2023,010420700,2,5,0,13,13,6,2,0,0,5,0,0,0,0,4,1,1,1,1,38,7,798,1,8,-1,3,E01003263,0,-1
2023451309606,2023,451309606,1,5,0,18,19,5,1,0,0,0,2,0,0,0,3,1,5,6,1,32,6,798,1,9,-1,7,E01005851,0,-1
2023010459016,2023,010459016,2,3,0,5,5,1,5,0,0,2,0,0,3,0,1,1,2,2,1,20,4,125,1,8,-1,1,E01000602,0,-1
2023440247458,2023,440247458,1,4,0,18,19,5,1,0,0,8,1,0,0,0,0,1,6,6,1,38,7,125,1,10,-1,9,E01023094,0,-1
202360A004226,2023,60A004226,2,3,0,18,19,7,3,0,0,8,0,0,0,0,1,1,2,2,1,31,6,125,1,2,-1,-1,-1,0,-1