collision_index,collision_year,collision_ref_no,vehicle_reference,vehicle_type,towing_and_articulation,vehicle_manoeuvre_historic,vehicle_manoeuvre,vehicle_direction_from,vehicle_direction_to,vehicle_location_restricted_lane_historic,vehicle_location_restricted_lane,junction_location,skidding_and_overturning,hit_object_in_carriageway,vehicle_leaving_carriageway,hit_object_off_carriageway,first_point_of_impact,vehicle_left_hand_drive,journey_purpose_of_driver_historic,journey_purpose_of_driver,sex_of_driver,age_of_driver,age_band_of_driver,engine_capacity_cc,propulsion_code,age_of_vehicle,generic_make_model,driver_imd_decile,lsoa_of_driver,escooter_flag,driver_distance_banding
2023010456163,2023,010456163,1,3,0,18,19,3,7,0,0,1,0,0,0,0,2,1,6,6,1,20,4,125,1,8,-1,1,E01000602,0,-1
2023501360393,2023,501360393,1,9,0,18,19,7,3,0,0,0,2,0,2,10,1,1,5,6,1,42,7,1149,1,14,-1,1,E01020015,0,-1
2023041286761,2023,041286761,2,9,0,5,5,3,7,0,0,0,0,0,0,0,2,1,5,6,2,64,9,1149,1,17,-1,1,E01012637,0,-1
2023320756810,2023,320756810,1,9,0,18,19,4,8,0,0,0,1,0,7,9,4,1,2,2,2,57,9,1149,1,11,-1,6,E01026404,0,-1
2023010422605,2023,010422605,2,3,0,18,19,6,2,0,0,0,0,0,0,0,1,1,2,2,1,18,4,124,1,9,-1,-1,-1,0,-1
2023010448785,2023,010448785,1,3,0,18,19,3,7,0,0,8,5,0,0,0,1,1,6,6,1,20,4,124,1,11,-1,3,E01003549,0,-1
2023471362232,2023,471362232,2,3,0,18,19,3,7,0,0,1,0,0,0,0,2,1,2,2,1,57,9,125,1,7,-1,4,E01016872,0,-1
2023041372742,2023,041372742,2,3,0,2,2,5,1,0,0,1,0,0,0,0,2,1,6,6,1,28,6,125,1,3,-1,1,E01025189,0,-1
2023302300306,2023,302300306,2,17,5,1,1,4,8,0,0,0,0,0,0,0,2,1,1,1,1,28,6,4900,2,6,VALTRA MODEL MISSING,3,E01019496,0,-1
2023031292897,2023,031292897,2,17,0,9,9,1,7,0,0,1,0,0,0,0,3,1,1,1,1,47,8,-1,2,8,VALTRA MODEL MISSING,-1,-1,0,-1
2023552301080,2023,552301080,2,17,4,18,19,5,1,0,0,8,0,0,0,0,1,1,1,1,1,41,7,4910,2,3,VALTRA MODEL MISSING,5,E01020389,0,-1
2023546544823,2023,546544823,1,17,0,18,19,1,5,0,0,6,0,0,0,0,3,1,1,1,1,27,6,7365,2,3,VALTRA MODEL MISSING,9,E01020457,0,-1
2023471319591,2023,471319591,1,17,0,9,9,1,7,0,0,0,0,0,0,0,3,1,1,1,1,42,7,7400,2,18,VALTRA MODEL MISSING,8,E01031664,0,-1
2023991287908,2023,991287908,2,17,0,18,19,3,7,0,0,1,5,0,1,0,1,1,2,2,1,71,10,6596,2,5,VALTRA MODEL MISSING,7,-1,0,-1
2023991373351,2023,991373351,2,17,0,9,9,2,8,0,0,0,0,0,0,0,3,1,1,1,1,32,6,7365,2,5,VALTRA MODEL MISSING,7,-1,0,-1
2023302300721,2023,302300721,4,17,0,18,19,2,6,0,0,0,0,0,0,0,0,1,1,1,3,-1,-1,-1,2,15,VALTRA MODEL MISSING,5,E01019456,0,-1
2023501309422,2023,501309422,5,17,4,18,19,5,1,0,0,0,0,0,0,0,3,1,1,1,1,42,7,4910,2,6,VALTRA MODEL MISSING,4,E01020313,0,-1
2023552300572,2023,552300572,2,17,0,18,19,2,6,0,0,0,0,0,0,0,1,1,6,6,1,60,9,4900,2,17,VALTRA MODEL MISSING,7,E01020507,0,-1
2023101358349,2023,101358349,2,17,4,9,9,7,3,0,0,0,0,0,7,0,3,1,1,1,1,70,10,4400,2,12,VALTRA MODEL MISSING,6,E01027484,0,-1
2023070370617,2023,070370617,2,17,5,16,19,6,8,0,0,0,0,0,0,0,3,2,1,1,1,29,6,7400,2,1,VALTRA MODEL MISSING,5,E01028897,0,-1
2023221295709,2023,221295709,1,17,0,16,19,6,1,0,0,0,0,0,0,0,3,1,1,1,1,51,8,-1,2,7,VALTRA MODEL MISSING,6,E01028971,0,-1
2023211365389,2023,211365389,2,17,4,16,19,1,5,0,0,0,1,0,0,0,2,1,1,1,1,18,4,7400,2,8,VALTRA MODEL MISSING,7,E01029473,0,-1
2023991325947,2023,991325947,1,17,2,18,19,1,5,0,0,1,3,0,0,0,1,1,1,1,1,25,5,7365,2,6,VALTRA MODEL MISSING,6,-1,0,-1
2023543144123,2023,543144123,1,17,0,18,19,1,5,0,0,0,0,0,0,0,1,1,1,1,1,19,4,7400,2,2,VALTRA MODEL MISSING,8,E01032077,0,-1
2023991281052,2023,991281052,1,9,0,17,19,8,4,0,0,0,0,0,0,0,3,1,6,6,2,26,6,999,1,1,AUDI Q2,-1,-1,0,-1
2023010430226,2023,010430226,1,9,0,18,19,8,4,0,0,0,0,0,0,0,0,1,6,6,1,37,7,999,1,3,AUDI Q2,10,E01004101,0,-1
2023461297691,2023,461297691,3,9,0,3,3,7,3,0,0,0,0,0,0,0,3,1,6,6,2,59,9,999,1,3,AUDI Q2,8,E01024237,0,-1
2023131289801,2023,131289801,1,9,0,5,5,1,1,0,0,1,0,0,3,0,1,1,6,6,2,50,8,999,1,1,AUDI Q2,1,E01011906,0,-1
2023991368018,2023,991368018,1,9,0,18,19,3,7,0,0,2,0,0,0,0,1,1,5,6,2,49,8,1498,1,1,AUDI Q2,9,-1,0,-1
2023320783396,2023,320783396,2,9,0,3,3,8,4,0,0,1,0,0,3,0,2,1,6,6,1,53,8,1598,2,4,AUDI Q2,4,E01026253,0,-1
2023010464023,2023,010464023,2,9,0,99,99,9,9,99,99,9,9,99,9,99,2,9,6,6,2,-1,-1,1498,1,0,AUDI Q2,-1,-1,0,-1
2023451264396,2023,451264396,2,9,0,18,19,3,7,0,0,0,0,0,0,0,4,1,5,6,2,38,7,1598,2,3,AUDI Q2,9,E01021208,0,-1
2023131361709,2023,131361709,2,9,0,18,19,5,5,0,0,1,0,0,0,0,1,1,5,6,2,52,8,1498,1,0,AUDI Q2,5,E01011782,0,-1
2023201339229,2023,201339229,2,9,0,18,19,1,6,0,0,0,0,0,0,0,1,1,6,6,1,56,9,999,1,0,AUDI Q2,8,E01013269,0,-1
2023451308473,2023,451308473,2,9,0,12,12,1,7,0,0,3,0,0,0,0,3,1,6,6,2,30,6,999,1,5,AUDI Q2,-1,-1,0,-1
2023471318313,2023,471318313,1,9,0,18,19,5,1,0,0,1,2,0,0,0,1,1,6,6,1,59,9,1498,1,1,AUDI Q2,-1,-1,0,-1
2023451287935,2023,451287935,1,9,0,18,19,7,3,0,0,0,0,0,0,0,1,1,5,6,1,64,9,999,1,2,AUDI Q2,2,E01007443,0,-1
2023010424089,2023,010424089,1,9,0,99,99,9,9,99,99,9,9,99,9,99,2,9,6,6,1,36,7,1598,2,4,AUDI Q2,3,E01003536,0,-1
2023440083414,2023,440083414,1,9,0,18,19,6,2,0,0,1,0,0,0,0,4,1,6,6,2,55,8,1395,1,5,AUDI Q2,-1,-1,0,-1
2023041268268,2023,041268268,2,9,0,4,4,7,3,0,0,0,0,1,0,0,2,1,2,2,1,52,8,1498,1,2,AUDI Q2,10,E01025352,0,-1
2023471330614,2023,471330614,1,9,0,9,9,5,3,0,0,1,0,0,0,0,1,1,5,6,1,35,6,1498,1,0,AUDI Q2,4,E01031473,0,-1
2023451340877,2023,451340877,3,9,0,18,19,5,1,0,0,0,0,0,0,0,2,1,5,6,2,26,6,999,1,4,AUDI Q2,7,E01024417,0,-1
2023010482902,2023,010482902,1,9,0,3,3,1,5,0,0,1,0,0,0,0,2,1,2,2,2,31,6,1498,1,0,AUDI Q2,7,E01003199,0,-1
2023461339268,2023,461339268,1,9,0,9,9,1,5,0,0,2,0,0,0,0,3,1,5,6,1,68,10,1498,1,4,AUDI Q2,7,E01024417,0,-1
2023170M10033,2023,170M10033,1,9,0,18,19,8,4,0,0,1,0,0,0,0,2,1,6,6,1,57,9,1498,1,1,AUDI Q2,3,E01012017,0,-1
2023122300320,2023,122300320,1,9,0,13,13,7,3,0,0,1,0,0,0,0,1,1,6,6,1,19,4,1598,2,4,AUDI Q2,1,E01010824,0,-1
2023311362449,2023,311362449,1,9,0,5,5,3,7,0,0,0,0,0,0,0,1,1,6,6,1,28,6,999,1,4,AUDI Q2,-1,-1,0,-1
2023010477979,2023,010477979,2,9,0,18,19,3,7,0,0,2,0,0,0,0,3,1,6,6,2,27,6,1598,2,4,AUDI Q2,3,E01001970,0,-1
2023041362241,2023,041362241,2,9,0,17,19,1,5,0,0,0,1,0,0,0,4,2,2,2,2,62,9,1498,1,2,AUDI Q2,-1,-1,0,-1
2023010432368,2023,010432368,1,9,0,99,99,9,9,99,99,9,9,99,9,99,9,9,6,6,2,30,6,999,1,3,AUDI Q2,2,E01001698,0,-1
2023622300683,2023,622300683,1,9,0,9,9,3,8,0,0,8,0,0,0,0,2,1,6,6,2,49,8,1498,1,2,AUDI Q2,7,W01001889,0,-1
2023131281512,2023,131281512,1,9,0,18,19,1,5,9,9,8,0,10,0,0,1,1,5,6,1,26,6,1598,2,3,AUDI Q2,3,E01008063,0,-1
2023531329985,2023,531329985,1,9,0,9,9,5,1,0,0,2,0,0,0,0,4,1,5,6,2,20,4,1498,1,4,AUDI Q2,2,E01022160,0,-1
2023440507228,2023,440507228,1,9,0,18,19,8,6,0,0,1,0,0,0,0,1,1,2,2,2,44,7,1395,1,6,AUDI Q2,6,E01022486,0,-1
2023052400385,2023,052400385,2,9,0,18,19,1,5,0,0,1,0,0,0,0,1,1,6,6,2,28,6,1598,2,3,AUDI Q2,1,E01007011,0,-1
2023201288857,2023,201288857,1,9,0,9,9,5,3,0,0,3,0,0,0,0,1,1,1,1,1,52,8,1598,2,4,AUDI Q2,3,E01008893,0,-1
2023451376188,2023,451376188,3,9,0,18,19,1,5,0,0,0,1,7,0,0,1,1,5,6,2,43,7,999,1,1,AUDI Q2,8,E01031767,0,-1
2023231391347,2023,231391347,1,9,0,4,4,1,5,0,0,0,0,0,0,0,1,1,5,6,2,45,7,1498,1,0,AUDI Q2,1,E01031090,0,-1
2023221265333,2023,221265333,1,9,0,18,19,3,7,0,0,1,0,0,0,0,3,1,5,6,2,61,9,999,1,5,AUDI Q2,10,E01032151,0,-1
2023070116353,2023,070116353,1,9,0,5,5,5,7,0,0,4,0,0,0,0,1,1,6,6,2,40,7,1395,1,6,AUDI Q2,8,E01006302,0,-1
2023010452256,2023,010452256,1,9,0,18,19,7,3,1,1,0,0,0,0,0,4,1,6,6,2,31,6,999,1,6,AUDI Q2,6,E01004359,0,-1
2023531392162,2023,531392162,1,9,0,18,19,3,7,0,0,2,0,0,0,0,1,1,6,6,3,-1,-1,1598,2,4,AUDI Q2,-1,-1,0,-1
2023461357549,2023,461357549,2,9,0,18,19,7,3,0,0,1,0,0,0,0,4,1,6,6,2,22,5,1598,2,6,AUDI Q2,2,E01016062,0,-1
2023471360193,2023,471360193,1,9,0,1,1,3,7,0,0,2,0,0,0,0,2,1,6,6,2,67,10,999,1,0,AUDI Q2,5,E01030531,0,-1
2023010431830,2023,010431830,2,9,0,99,99,9,9,99,99,9,9,99,9,99,1,9,6,6,3,-1,-1,1598,2,5,AUDI Q2,-1,-1,0,-1
2023010483735,2023,010483735,1,9,0,5,5,1,5,0,0,0,0,0,0,0,1,1,6,6,2,30,6,1498,1,0,AUDI Q2,2,E01032805,0,-1
2023221338935,2023,221338935,2,9,0,17,19,3,8,0,0,0,0,0,0,0,1,1,5,6,1,28,6,1498,1,1,AUDI Q2,5,E01009168,0,-1
2023461285965,2023,461285965,1,9,0,18,19,4,6,0,0,0,5,11,0,0,1,1,5,6,2,33,6,1395,1,5,AUDI Q2,7,E01024067,0,-1
2023010429945,2023,010429945,3,9,0,2,2,0,0,0,0,1,0,0,0,0,4,1,6,6,3,-1,-1,1498,1,4,AUDI Q2,-1,-1,0,-1
2023451320428,2023,451320428,1,9,0,18,19,5,1,0,0,0,0,0,0,0,1,1,5,6,1,30,6,1498,1,0,AUDI Q2,-1,-1,0,-1
2023010443519,2023,010443519,1,9,0,1,1,3,5,0,0,1,0,0,0,0,2,1,6,6,3,-1,-1,1598,2,3,AUDI Q2,-1,-1,0,-1
2023010467300,2023,010467300,1,8,0,99,99,9,9,99,99,0,9,99,9,99,9,9,6,6,3,-1,-1,1498,1,2,-1,-1,-1,0,-1
2023451346714,2023,451346714,1,9,0,18,19,3,7,0,0,8,0,0,0,0,1,1,6,6,2,23,5,999,1,3,AUDI Q2,9,E01030685,0,-1
2023991337067,2023,991337067,3,9,0,18,19,6,2,0,0,0,0,0,0,0,2,1,5,6,2,23,5,1598,2,4,AUDI Q2,1,-1,0,-1
2023991283136,2023,991283136,1,9,0,17,19,7,3,0,0,0,0,0,1,11,1,1,6,6,3,38,7,1598,2,3,AUDI Q2,-1,-1,0,-1
2023010423954,2023,010423954,1,9,0,99,99,9,9,99,99,9,9,99,9,99,9,9,6,6,2,26,6,1598,2,4,AUDI Q2,3,E01002721,0,-1
2023430088443,2023,430088443,1,9,0,9,9,7,5,0,0,5,0,0,0,0,1,1,6,6,2,-1,-1,1498,1,3,AUDI Q2,-1,-1,0,-1
2023451291093,2023,451291093,2,9,0,18,19,1,5,0,0,1,0,0,0,0,1,1,6,6,2,41,7,1598,2,3,AUDI Q2,8,E01030784,0,-1
2023010454004,2023,010454004,2,9,0,12,12,5,1,0,0,5,0,0,0,0,0,1,6,6,2,46,8,1395,1,5,AUDI Q2,7,E01004138,0,-1
2023440442491,2023,440442491,2,9,0,18,19,2,6,0,0,8,0,0,0,0,1,1,6,6,1,23,5,999,1,2,AUDI Q2,10,E01022987,0,-1
2023131383112,2023,131383112,1,9,0,18,19,5,1,0,0,1,0,0,0,0,1,2,6,6,3,-1,-1,1498,1,2,AUDI Q2,-1,-1,0,-1
2023991276647,2023,991276647,1,9,0,4,4,3,5,0,0,1,0,0,0,0,1,1,2,2,2,61,9,1498,1,3,AUDI Q2,-1,-1,0,-1
2023010424216,2023,010424216,2,9,0,99,99,9,9,0,0,9,0,99,0,0,9,9,6,6,2,-1,-1,1498,1,4,AUDI Q2,-1,-1,0,-1
2023031282877,2023,031282877,3,9,0,2,2,0,0,6,6,0,0,0,0,0,2,1,5,6,2,53,8,1395,1,6,AUDI Q2,-1,-1,0,-1
2023010470938,2023,010470938,1,9,0,99,99,9,9,99,99,9,9,99,9,99,9,9,6,6,2,39,7,1498,1,0,AUDI Q2,-1,-1,0,-1
2023122300641,2023,122300641,2,9,0,4,4,5,1,0,0,0,0,0,0,0,2,1,6,6,2,37,7,1498,1,2,AUDI Q2,9,E01027526,0,-1
2023061261453,2023,061261453,1,9,0,18,19,5,1,0,0,1,0,0,0,0,1,1,6,6,3,30,6,1598,2,3,AUDI Q2,-1,-1,0,-1
2023430434345,2023,430434345,2,9,0,9,9,7,5,0,0,5,0,0,0,0,1,1,6,6,1,79,11,999,1,5,AUDI Q2,-1,-1,0,-1
2023010450316,2023,010450316,1,9,0,99,99,9,9,99,99,9,9,99,9,99,1,9,6,6,2,23,5,1984,1,5,AUDI Q2,2,E01002072,0,-1
2023451315653,2023,451315653,2,9,0,18,19,6,2,0,0,2,0,0,0,0,1,1,5,6,2,55,8,1498,1,3,AUDI Q2,3,E01002429,0,-1
2023052301747,2023,052301747,1,9,0,11,11,3,7,0,0,8,0,0,0,0,4,1,6,6,2,18,4,999,1,1,AUDI Q2,7,E01007080,0,-1
202360A189050,2023,60A189050,2,9,0,3,3,7,3,0,0,0,0,0,0,0,2,1,6,6,1,75,10,999,1,0,AUDI Q2,-1,-1,0,-1
2023010434258,2023,010434258,1,9,0,9,9,3,8,0,0,8,0,0,0,0,1,1,6,6,2,37,7,1598,2,4,AUDI Q2,1,E01002074,0,-1
2023010473167,2023,010473167,1,9,0,18,19,1,5,0,0,0,1,10,0,0,3,1,6,6,1,20,4,1598,2,3,AUDI Q2,6,E01002789,0,-1
2023991341390,2023,991341390,2,9,0,18,19,4,8,0,0,0,0,0,0,0,2,1,6,6,2,22,5,1498,1,4,AUDI Q2,-1,-1,0,-1
2023471279837,2023,471279837,2,9,0,9,9,2,7,0,0,2,0,0,0,0,4,1,5,6,2,76,11,1395,1,6,AUDI Q2,7,E01016883,0,-1
2023991363798,2023,991363798,1,9,0,9,9,8,6,0,0,2,0,0,0,0,1,1,5,6,2,60,9,1395,1,5,AUDI Q2,10,-1,0,-1
2023401293656,2023,401293656,2,9,0,3,3,4,8,0,0,1,0,0,0,0,0,1,6,6,2,39,7,1395,1,6,AUDI Q2,4,E01015782,0,-1
2023161318396,2023,161318396,2,9,0,2,2,0,0,0,0,2,0,0,0,0,3,1,5,6,1,56,9,1598,2,3,AUDI Q2,6,E01013412,0,-1
2023461318954,2023,461318954,1,9,0,4,4,3,7,0,0,1,0,0,0,0,1,1,6,6,1,31,6,1968,2,3,AUDI Q2,9,E01000444,0,-1
2023411366539,2023,411366539,1,9,0,1,1,-1,-1,0,0,0,0,0,0,0,2,1,6,6,2,44,7,1395,1,6,AUDI Q2,9,E01023354,0,-1
2023401395780,2023,401395780,2,9,0,5,5,3,7,0,0,0,0,0,0,0,1,1,6,6,3,-1,-1,1498,1,4,AUDI Q2,-1,-1,0,-1
2023131367530,2023,131367530,2,9,0,9,9,5,1,0,0,8,0,0,0,0,4,1,1,1,1,45,7,1498,1,3,AUDI Q2,1,E01011372,0,-1
2023991307140,2023,991307140,1,9,0,13,13,4,2,0,0,1,0,0,0,0,1,1,2,2,2,21,5,999,1,6,AUDI Q2,8,-1,0,-1
2023522300471,2023,522300471,1,9,0,18,19,2,6,0,0,2,0,0,1,1,1,1,6,6,2,24,5,1498,1,1,AUDI Q2,1,E01014658,0,-1
2023622300950,2023,622300950,2,9,0,18,19,8,4,0,0,0,2,0,1,4,4,1,6,6,2,37,7,1598,2,4,AUDI Q2,2,W01001697,0,-1
2023430445506,2023,430445506,2,9,0,18,19,3,7,0,0,8,0,0,0,0,4,1,3,7,2,34,6,1498,1,1,AUDI Q2,-1,-1,0,-1
2023010423203,2023,010423203,1,9,0,99,99,9,9,99,99,9,9,99,9,99,9,9,6,6,2,23,5,1498,1,2,AUDI Q2,9,E01001422,0,-1
2023010455588,2023,010455588,1,9,0,4,4,1,5,0,0,1,0,0,0,0,2,1,6,6,1,67,10,1498,1,0,AUDI Q2,1,E01001979,0,-1
2023010466161,2023,010466161,2,9,0,11,11,1,5,0,0,8,0,0,0,0,4,2,6,6,2,25,5,1968,2,1,AUDI Q2,3,E01002781,0,-1
2023131333739,2023,131333739,1,9,0,18,19,5,1,0,0,2,0,0,0,0,1,1,5,6,1,24,5,999,1,1,AUDI Q2,3,E01010703,0,-1
2023101355080,2023,101355080,1,9,0,12,12,3,7,0,0,0,0,0,0,0,3,1,5,6,2,51,8,1498,1,0,AUDI Q2,10,E01032647,0,-1
2023010484263,2023,010484263,1,9,0,99,99,9,9,99,99,9,9,99,9,99,2,9,6,6,1,40,7,1498,1,0,AUDI Q2,2,E01000972,0,-1
2023010469686,2023,010469686,1,9,0,7,7,7,1,0,0,1,0,0,0,0,4,1,6,6,1,62,9,1498,1,4,AUDI Q2,6,E01000180,0,-1
2023201372525,2023,201372525,1,9,0,14,14,6,2,0,0,0,0,0,0,0,1,1,6,6,2,60,9,1598,2,6,AUDI Q2,4,E01009218,0,-1
2023501271103,2023,501271103,1,9,0,7,7,1,1,0,0,0,1,0,3,0,4,1,6,6,2,19,4,1498,1,2,AUDI Q2,9,E01015199,0,-1
2023991276296,2023,991276296,1,9,0,18,19,5,8,0,0,0,0,11,0,0,1,1,5,6,1,23,5,1598,2,4,AUDI Q2,3,-1,0,-1
2023471345649,2023,471345649,3,9,0,18,19,2,6,0,0,1,0,0,1,0,1,1,5,6,2,62,9,999,1,4,AUDI Q2,7,E01021035,0,-1
2023440455758,2023,440455758,5,9,0,18,19,6,2,0,0,1,0,0,1,9,4,1,2,2,1,45,7,1968,2,2,AUDI Q2,8,E01032218,0,-1
2023201288715,2023,201288715,2,9,0,3,3,8,4,0,0,0,0,0,0,0,2,1,6,6,2,41,7,999,1,1,AUDI Q2,5,E01013764,0,-1
2023411377575,2023,411377575,2,9,0,18,19,5,1,0,0,8,0,0,0,0,1,1,5,6,2,27,6,999,1,1,AUDI Q2,6,E01023305,0,-1
2023010427358,2023,010427358,2,9,0,99,99,9,9,99,99,9,9,99,9,99,2,9,6,6,3,-1,-1,999,1,2,AUDI Q2,-1,-1,0,-1
2023131307714,2023,131307714,1,9,0,9,9,5,4,0,0,1,0,0,0,0,4,1,2,2,2,33,6,999,1,5,AUDI Q2,5,E01011770,0,-1
2023430533018,2023,430533018,1,9,0,18,19,7,3,0,0,8,0,0,0,0,3,1,6,6,2,54,8,1498,1,0,AUDI Q2,9,E01016180,0,-1
2023320061482,2023,320061482,2,9,0,4,4,4,8,0,0,0,0,0,0,0,2,1,6,6,2,28,6,1498,1,2,AUDI Q2,7,E01026029,0,-1
2023010438209,2023,010438209,2,9,0,99,99,9,9,99,99,9,9,99,9,99,1,9,6,6,3,-1,-1,1498,1,2,AUDI Q2,-1,-1,0,-1
2023622300878,2023,622300878,3,9,0,2,2,0,0,0,0,0,0,0,0,0,1,1,6,6,3,-1,-1,1498,1,0,AUDI Q2,-1,-1,0,-1
2023141308993,2023,141308993,1,9,0,18,19,1,1,0,0,0,0,0,0,0,1,1,2,2,2,18,4,1968,2,1,AUDI Q2,6,E01008002,0,-1
2023010467226,2023,010467226,1,9,0,9,9,6,4,0,0,2,0,0,0,0,1,1,6,6,1,30,6,999,1,5,AUDI Q2,7,E01000702,0,-1
2023061393183,2023,061393183,1,9,0,7,7,8,4,0,0,0,0,0,0,0,4,1,5,6,2,26,6,1498,1,0,AUDI Q2,-1,-1,0,-1
2023430045794,2023,430045794,1,9,0,9,9,8,6,0,0,8,0,0,0,0,3,1,6,6,2,31,6,1968,2,1,AUDI Q2,9,E01016773,0,-1
2023041263062,2023,041263062,2,9,0,7,7,3,3,0,0,1,0,0,0,0,2,1,6,6,2,47,8,1968,2,3,AUDI Q2,-1,-1,0,-1
2023461352309,2023,461352309,2,9,0,18,19,5,3,0,0,0,0,0,0,0,3,1,5,6,2,25,5,1498,1,0,AUDI Q2,2,E01024080,0,-1
2023430133042,2023,430133042,2,9,0,18,19,6,2,0,0,8,0,0,0,0,1,1,6,6,1,28,6,1598,2,4,AUDI Q2,9,E01017660,0,-1
2023211343112,2023,211343112,2,9,0,2,2,1,2,0,0,1,0,0,0,0,3,1,5,6,2,29,6,1598,2,4,AUDI Q2,-1,-1,0,-1
2023421350111,2023,421350111,3,9,0,2,2,0,0,0,0,0,0,0,0,0,4,1,6,6,3,-1,-1,1395,1,5,AUDI Q2,-1,-1,0,-1
2023221316433,2023,221316433,2,9,0,4,4,3,7,0,0,0,0,0,0,0,2,1,6,6,1,32,6,1598,2,3,AUDI Q2,9,E01014134,0,-1
2023052302899,2023,052302899,1,9,0,9,9,1,7,0,0,8,0,0,0,7,3,1,6,6,2,23,5,1598,2,5,AUDI Q2,1,E01033765,0,-1
2023101359839,2023,101359839,2,9,0,1,1,3,7,0,0,8,0,0,0,0,2,1,6,6,2,53,8,1498,1,1,AUDI Q2,8,E01008239,0,-1
2023010443209,2023,010443209,2,9,0,99,99,9,9,99,99,9,9,99,9,99,1,9,6,6,3,-1,-1,999,1,2,AUDI Q2,3,E01001814,0,-1
2023332300749,2023,332300749,1,9,0,9,9,8,6,0,0,6,0,0,0,0,1,1,2,2,1,57,9,1498,1,3,AUDI Q2,6,E01031107,0,-1
2023421314133,2023,421314133,1,9,0,18,19,6,2,0,0,0,0,0,0,0,1,1,6,6,2,38,7,1498,1,3,AUDI Q2,6,E01002298,0,-1
2023311359918,2023,311359918,2,9,0,18,19,7,3,0,0,0,0,0,0,0,1,1,1,1,2,37,7,1598,2,5,AUDI Q2,-1,-1,0,-1
2023522400690,2023,522400690,2,9,0,18,19,9,9,0,0,6,0,0,0,0,1,1,6,6,3,-1,-1,999,1,2,AUDI Q2,-1,-1,0,-1
2023010479725,2023,010479725,1,9,0,18,19,7,3,0,0,2,0,0,0,0,1,1,1,1,1,68,10,1395,1,6,AUDI Q2,7,E01002182,0,-1
2023010452672,2023,010452672,1,9,0,4,4,3,7,0,0,8,0,0,0,0,1,1,6,6,1,20,4,999,1,1,AUDI Q2,2,E01002766,0,-1
2023430074642,2023,430074642,1,9,0,18,19,4,8,0,0,1,0,0,0,0,1,1,6,6,1,24,5,1598,2,3,AUDI Q2,-1,-1,0,-1
2023101291020,2023,101291020,2,9,0,18,19,3,7,0,0,8,0,0,0,0,4,1,5,6,1,26,6,1598,2,6,AUDI Q2,2,E01008480,0,-1
2023461383578,2023,461383578,1,9,0,5,5,8,4,0,0,6,0,0,3,9,1,1,1,1,2,30,6,1968,2,5,AUDI Q2,6,E01023980,0,-1
2023010448898,2023,010448898,2,9,0,18,19,8,4,0,0,6,0,0,0,0,1,1,6,6,2,45,7,1598,2,3,AUDI Q2,4,E01000476,0,-1
2023546888123,2023,546888123,1,9,0,16,19,5,1,0,0,0,0,0,0,0,1,1,6,6,1,35,6,1395,1,5,AUDI Q2,9,E01000272,0,-1
2023340WN7352,2023,340WN7352,1,9,0,18,19,6,2,0,0,0,0,0,0,0,1,1,6,6,2,21,5,999,1,4,AUDI Q2,9,E01027063,0,-1
2023411390143,2023,411390143,1,9,0,18,19,2,7,0,0,8,0,9,1,1,3,1,6,6,2,32,6,1598,2,3,AUDI Q2,7,E01023801,0,-1
2023201367646,2023,201367646,1,9,0,7,7,4,6,9,9,6,0,0,0,0,1,1,6,6,1,54,8,1598,2,4,AUDI Q2,-1,-1,0,-1
2023010462954,2023,010462954,2,9,0,9,9,7,5,0,0,2,0,0,0,0,1,1,6,6,2,31,6,1498,1,0,AUDI Q2,2,E01000433,0,-1
2023010420795,2023,010420795,2,9,0,99,99,9,9,99,99,9,9,99,9,99,1,9,6,6,3,-1,-1,1498,1,1,AUDI Q2,-1,-1,0,-1
2023311388232,2023,311388232,2,9,0,18,19,1,5,0,0,0,0,0,0,0,2,1,5,6,1,80,11,1498,1,0,AUDI Q2,1,E01013833,0,-1
2023061318485,2023,061318485,1,9,-1,2,2,-1,-1,0,0,0,0,0,0,0,-1,1,6,6,3,-1,-1,999,1,5,AUDI Q2,-1,-1,0,-1
2023041358307,2023,041358307,1,9,0,18,19,5,1,0,0,0,0,0,0,0,1,1,5,6,2,22,5,1395,1,5,AUDI Q2,4,E01025024,0,-1
2023061361999,2023,061361999,2,9,0,18,19,1,1,0,0,0,0,0,0,0,2,1,6,6,3,30,6,1498,1,4,AUDI Q2,3,E01004774,0,-1
2023010476834,2023,010476834,1,9,0,99,99,9,9,99,99,0,9,99,9,99,1,9,6,6,2,30,6,1498,1,3,AUDI Q2,4,E01003632,0,-1
2023302301127,2023,302301127,2,9,0,3,3,8,4,0,0,0,0,0,0,0,2,1,6,6,1,58,9,999,1,5,AUDI Q2,8,E01019840,0,-1
2023041370021,2023,041370021,1,9,0,9,9,8,4,0,0,2,0,0,0,0,1,1,6,6,2,37,7,1498,1,4,AUDI Q2,3,E01024897,0,-1
2023010434503,2023,010434503,1,9,0,2,2,0,0,0,0,1,0,0,0,0,2,2,6,6,3,-1,-1,1395,1,5,AUDI Q2,-1,-1,0,-1
2023522400512,2023,522400512,2,9,0,4,4,5,1,0,0,0,0,0,0,0,2,1,6,6,1,66,10,1498,1,4,AUDI Q2,10,E01019905,0,-1
2023131304856,2023,131304856,2,9,0,18,19,7,3,0,0,0,0,0,0,0,1,1,5,6,2,52,8,999,1,4,AUDI Q2,10,E01011845,0,-1
2023520400865,2023,520400865,1,9,0,1,1,7,3,0,0,1,0,0,0,0,4,1,6,6,1,82,11,1395,1,6,AUDI Q2,7,E01029243,0,-1
2023141288254,2023,141288254,2,9,0,18,19,-1,-1,0,0,0,0,0,0,0,1,1,6,6,3,-1,-1,1598,2,3,AUDI Q2,-1,-1,0,-1