collision_index,collision_year,collision_ref_no,vehicle_reference,vehicle_type,towing_and_articulation,vehicle_manoeuvre_historic,vehicle_manoeuvre,vehicle_direction_from,vehicle_direction_to,vehicle_location_restricted_lane_historic,vehicle_location_restricted_lane,junction_location,skidding_and_overturning,hit_object_in_carriageway,vehicle_leaving_carriageway,hit_object_off_carriageway,first_point_of_impact,vehicle_left_hand_drive,journey_purpose_of_driver_historic,journey_purpose_of_driver,sex_of_driver,age_of_driver,age_band_of_driver,engine_capacity_cc,propulsion_code,age_of_vehicle,generic_make_model,driver_imd_decile,lsoa_of_driver,escooter_flag,driver_distance_banding
2023501285730,2023,501285730,1,9,0,2,2,5,2,0,0,0,0,0,0,0,4,1,5,6,1,50,8,1298,1,22,DAIHATSU TERIOS,7,E01029267,0,-1
2023440159146,2023,440159146,1,9,0,9,9,7,6,0,0,6,0,0,0,0,3,1,6,6,1,67,10,1495,1,16,DAIHATSU TERIOS,7,E01023184,0,-1
202360A084805,2023,60A084805,1,9,0,18,19,4,8,0,0,0,5,11,0,0,1,1,6,6,2,27,6,1298,1,17,DAIHATSU TERIOS,-1,-1,0,-1
2023501275384,2023,501275384,1,9,0,18,19,4,8,0,0,0,1,0,0,0,4,1,6,6,2,79,11,1495,1,15,DAIHATSU TERIOS,6,E01020181,0,-1
2023221289885,2023,221289885,2,9,0,4,4,1,5,0,0,1,0,0,0,0,2,1,2,2,2,36,7,1298,1,18,DAIHATSU TERIOS,3,E01032449,0,-1
2023131352013,2023,131352013,1,9,0,9,9,5,3,0,0,8,0,0,0,0,3,1,2,2,2,38,7,1495,1,17,DAIHATSU TERIOS,5,E01011124,0,-1
2023411348392,2023,411348392,1,9,0,18,19,7,3,0,0,1,0,0,0,0,3,1,6,6,2,23,5,1495,1,14,DAIHATSU TERIOS,4,E01023547,0,-1
2023010464148,2023,010464148,2,9,9,99,99,9,9,99,99,9,9,99,9,99,9,9,6,6,3,-1,-1,1495,1,15,DAIHATSU TERIOS,6,E01003459,0,-1
2023221372018,2023,221372018,1,9,0,9,9,5,2,0,0,6,0,0,0,0,1,1,6,6,2,73,10,1495,1,15,DAIHATSU TERIOS,7,E01005912,0,-1
2023141277327,2023,141277327,2,9,0,13,13,7,3,0,0,1,0,0,0,0,1,1,5,6,1,36,7,1968,2,16,DODGE CALIBER,3,E01007533,0,-1
2023131356084,2023,131356084,2,9,0,18,19,1,5,0,0,1,0,0,0,0,4,1,2,2,1,32,6,1998,1,17,DODGE CALIBER,2,E01011324,0,-1
2023010423248,2023,010423248,2,9,0,99,99,9,9,99,99,9,9,99,9,99,1,9,6,6,3,-1,-1,1998,1,17,DODGE CALIBER,-1,-1,0,-1
2023311368855,2023,311368855,1,9,0,1,1,5,1,9,9,6,0,0,0,0,2,1,1,1,1,65,9,1998,1,15,DODGE CALIBER,2,E01028274,0,-1
2023552301191,2023,552301191,2,9,0,18,19,7,3,0,0,0,0,0,0,0,1,1,6,6,2,47,8,1998,1,16,DODGE CALIBER,4,E01032644,0,-1
2023552300579,2023,552300579,1,9,0,18,19,5,1,0,0,0,0,0,0,0,1,1,6,6,1,39,7,1998,1,15,DODGE CALIBER,4,E01020974,0,-1
2023010451558,2023,010451558,1,9,0,18,19,1,5,0,0,2,0,0,0,0,1,1,1,1,1,37,7,1998,1,17,DODGE CALIBER,4,E01001146,0,-1
2023461438138,2023,461438138,1,9,0,2,2,5,1,0,0,0,0,0,1,0,2,1,6,6,1,27,6,1998,1,16,DODGE CALIBER,4,E01024624,0,-1
2023201339290,2023,201339290,1,9,0,14,14,7,3,0,0,2,5,4,1,0,1,1,6,6,3,-1,-1,1998,1,15,DODGE CALIBER,-1,-1,0,-1
2023010442262,2023,010442262,1,9,0,9,9,5,2,0,0,6,0,0,0,0,3,1,6,6,1,75,10,1998,1,15,DODGE CALIBER,5,E01003233,0,-1
2023631327514,2023,631327514,1,5,0,18,19,6,2,0,0,0,1,0,0,0,0,1,5,6,1,34,6,937,1,6,-1,7,E01030569,0,-1
2023991312345,2023,991312345,1,5,0,18,19,2,6,0,0,0,0,11,0,0,3,1,5,6,1,39,7,1078,1,16,-1,6,-1,0,-1
2023320534591,2023,320534591,2,5,0,18,19,6,2,0,0,8,2,0,0,0,1,1,6,6,1,55,8,937,1,2,-1,6,E01028220,0,-1
2023461338716,2023,461338716,1,5,0,16,19,5,1,0,0,0,1,0,1,0,1,1,5,6,1,49,8,821,1,10,-1,-1,-1,0,-1
2023552300424,2023,552300424,1,5,0,18,19,3,7,0,0,8,1,0,2,7,1,1,6,6,1,31,6,937,1,4,-1,5,E01030981,0,-1
2023545359123,2023,545359123,1,5,0,18,19,7,3,0,0,0,0,12,0,0,1,1,6,6,1,39,7,937,1,4,-1,8,E01033331,0,-1
2023010455054,2023,010455054,2,5,0,18,19,7,3,0,0,8,0,0,0,0,1,1,6,6,1,33,6,821,1,9,-1,3,E01002823,0,-1
2023440242458,2023,440242458,2,9,0,9,9,5,3,0,0,1,0,0,0,0,3,1,6,6,1,47,8,1995,2,4,FORD GALAXY,7,E01023184,0,-1
2023522300971,2023,522300971,3,9,0,9,9,2,8,0,0,5,0,0,0,0,1,1,6,6,1,39,7,1995,2,4,FORD GALAXY,2,E01014575,0,-1
2023520400571,2023,520400571,2,9,0,9,9,5,4,0,0,8,0,0,0,0,1,1,6,6,1,31,6,1997,2,10,FORD GALAXY,5,E01029193,0,-1
2023451340937,2023,451340937,2,9,0,17,19,2,5,0,0,0,0,0,0,0,0,1,6,6,1,30,6,1753,2,15,FORD GALAXY,-1,-1,0,-1
2023545498523,2023,545498523,2,9,0,18,19,4,8,0,0,1,0,0,0,0,3,1,2,2,2,56,9,1997,2,10,FORD GALAXY,6,E01020456,0,-1
2023522400720,2023,522400720,1,9,0,18,19,7,3,0,0,0,0,0,0,0,1,1,6,6,1,38,7,1995,2,5,FORD GALAXY,-1,-1,0,-1
2023401324411,2023,401324411,4,9,0,18,19,1,5,0,0,0,0,0,0,0,1,1,1,1,1,37,7,1997,2,14,FORD GALAXY,2,E01013658,0,-1
2023401394224,2023,401394224,3,9,0,2,2,0,0,9,9,0,0,4,0,0,2,1,6,6,3,-1,-1,1997,2,10,FORD GALAXY,-1,-1,0,-1
2023201349202,2023,201349202,2,9,0,2,2,0,0,0,0,0,0,0,0,0,2,1,6,6,3,-1,-1,1896,2,20,FORD GALAXY,-1,-1,0,-1
2023010479819,2023,010479819,2,9,0,2,2,0,0,0,0,2,0,0,7,0,4,1,6,6,3,-1,-1,2488,8,0,FORD GALAXY,-1,-1,0,-1
2023010438934,2023,010438934,1,9,0,9,9,1,7,0,0,6,0,0,0,0,1,1,6,6,1,36,7,2792,1,20,FORD GALAXY,2,E01003619,0,-1
2023430200853,2023,430200853,1,9,0,18,19,2,6,0,0,7,0,0,0,0,4,1,6,6,1,41,7,1997,2,8,FORD GALAXY,8,E01023089,0,-1
2023631347959,2023,631347959,2,9,0,9,9,7,5,0,0,8,0,0,0,0,2,1,6,6,1,42,7,1997,2,16,FORD GALAXY,2,W01000659,0,-1
2023451300937,2023,451300937,2,9,0,9,9,3,1,0,0,1,0,0,0,0,4,1,6,6,1,43,7,1997,2,6,FORD GALAXY,5,E01030980,0,-1
2023320388319,2023,320388319,2,9,0,18,19,6,2,0,0,8,0,0,0,0,1,1,6,6,1,60,9,1997,2,16,FORD GALAXY,9,E01026357,0,-1
2023061302746,2023,061302746,5,9,0,18,19,7,3,0,0,1,0,0,0,0,4,1,6,6,2,37,7,2295,1,22,FORD GALAXY,1,E01005755,0,-1
2023411293855,2023,411293855,1,9,0,1,1,-1,-1,0,0,8,0,0,0,0,2,1,6,6,1,51,8,1997,2,15,FORD GALAXY,9,E01023385,0,-1
2023041290617,2023,041290617,1,9,0,11,11,7,7,0,0,0,0,0,0,0,3,1,6,6,3,-1,-1,1997,2,11,FORD GALAXY,-1,-1,0,-1
2023451337679,2023,451337679,2,9,0,18,19,2,6,0,0,0,1,0,2,7,2,1,1,1,1,56,9,1997,2,13,FORD GALAXY,10,E01030617,0,-1
2023461339825,2023,461339825,2,9,0,18,19,6,2,0,0,0,0,0,0,0,4,1,6,6,1,41,7,1997,2,5,FORD GALAXY,8,E01023576,0,-1
2023552300666,2023,552300666,1,9,0,9,9,7,5,0,0,5,0,0,0,0,1,1,6,6,1,58,9,1997,2,13,FORD GALAXY,5,E01020489,0,-1
2023471378933,2023,471378933,1,9,0,18,19,4,7,0,0,0,0,0,1,4,1,1,5,6,1,36,7,1896,2,18,FORD GALAXY,8,E01024810,0,-1
2023010434132,2023,010434132,2,9,0,4,4,7,3,0,0,1,0,0,0,0,1,1,6,6,2,35,6,1997,2,12,FORD GALAXY,-1,-1,0,-1
2023451348846,2023,451348846,1,9,0,4,4,1,7,0,0,0,0,0,0,0,2,1,1,1,1,32,6,2488,8,0,FORD GALAXY,5,E01020577,0,-1
2023531325061,2023,531325061,2,9,0,4,4,6,2,0,0,0,0,0,0,0,1,2,5,6,1,47,8,1995,2,4,FORD GALAXY,-1,-1,0,-1
2023351391032,2023,351391032,1,9,0,9,9,7,2,0,0,4,1,0,8,0,1,1,6,6,1,73,10,1997,2,8,FORD GALAXY,9,E01018231,0,-1
2023131346133,2023,131346133,2,9,0,17,19,3,7,0,0,8,0,0,0,0,3,1,5,6,1,59,9,1995,2,4,FORD GALAXY,2,E01011250,0,-1
2023061265520,2023,061265520,1,9,0,11,11,1,5,0,0,0,0,0,0,0,4,1,6,6,1,29,6,1997,2,10,FORD GALAXY,2,E01006404,0,-1
2023471392462,2023,471392462,1,9,0,18,19,1,5,0,0,0,0,0,0,0,1,1,6,6,1,33,6,1997,2,15,FORD GALAXY,3,E01031787,0,-1
2023371298758,2023,371298758,1,9,0,18,19,3,6,0,0,0,0,0,0,0,3,1,2,2,1,23,5,1997,2,12,FORD GALAXY,6,E01029879,0,-1
202354B382323,2023,54B382323,2,9,0,4,4,5,1,0,0,0,0,0,0,0,2,1,6,6,2,47,8,1997,2,7,FORD GALAXY,9,E01032043,0,-1
2023041340694,2023,041340694,1,9,0,7,7,1,5,0,0,5,0,0,0,0,2,1,6,6,1,25,5,1753,2,15,FORD GALAXY,5,E01025304,0,-1
2023531316882,2023,531316882,2,9,0,9,9,6,2,0,0,8,0,0,0,0,3,1,6,6,1,58,9,1997,2,8,FORD GALAXY,2,E01022288,0,-1
2023010482101,2023,010482101,2,9,0,99,99,9,9,99,99,9,9,99,9,99,9,9,6,6,3,-1,-1,1997,2,5,FORD GALAXY,-1,-1,0,-1
2023501359120,2023,501359120,1,9,0,18,19,1,5,0,0,0,0,0,0,0,1,1,6,6,1,56,9,1896,2,18,FORD GALAXY,6,E01020255,0,-1
202360A172471,2023,60A172471,2,9,0,17,19,2,7,0,0,0,0,0,0,0,1,1,6,6,1,49,8,1995,2,4,FORD GALAXY,-1,-1,0,-1
2023010420622,2023,010420622,2,9,0,18,19,7,3,0,0,0,0,0,0,0,2,1,6,6,1,50,8,1997,2,7,FORD GALAXY,-1,-1,0,-1
2023332300158,2023,332300158,1,9,0,12,12,2,6,0,0,2,0,0,0,0,2,1,6,6,1,-1,-1,1896,2,18,FORD GALAXY,9,E01013703,0,-1
2023010438345,2023,010438345,2,9,9,99,99,9,9,99,99,9,9,99,9,99,9,9,6,6,3,-1,-1,1896,2,22,FORD GALAXY,-1,-1,0,-1
2023010450524,2023,010450524,2,9,0,99,99,9,9,99,99,9,9,99,9,99,9,9,6,6,1,45,7,1997,2,5,FORD GALAXY,2,E01003622,0,-1
2023451376527,2023,451376527,1,9,0,17,19,3,7,0,0,0,0,0,0,0,1,1,2,2,2,50,8,2179,2,10,FORD GALAXY,5,E01030464,0,-1
2023201297448,2023,201297448,2,9,0,9,9,4,2,0,0,5,0,0,0,0,3,1,6,6,1,-1,-1,1997,2,15,FORD GALAXY,4,E01010457,0,-1
2023302301708,2023,302301708,1,9,0,9,9,2,8,0,0,8,0,0,0,0,1,1,6,6,1,39,7,1997,2,13,FORD GALAXY,3,E01019657,0,-1
2023010422307,2023,010422307,2,9,0,9,9,7,6,0,0,1,0,10,3,11,3,1,1,1,1,50,8,1997,2,10,FORD GALAXY,2,E01003557,0,-1
2023010438202,2023,010438202,1,9,0,17,19,1,5,0,0,1,0,4,1,11,3,1,6,6,1,81,11,1896,2,21,FORD GALAXY,9,E01000395,0,-1
2023201340714,2023,201340714,1,9,0,13,13,8,4,0,0,8,0,0,0,0,4,1,6,6,1,34,6,1997,2,8,FORD GALAXY,1,E01032887,0,-1
2023231341338,2023,231341338,2,9,0,18,19,2,6,0,0,8,5,0,1,0,3,1,1,1,1,20,4,1995,2,2,FORD GALAXY,-1,-1,0,-1
2023421354435,2023,421354435,1,9,0,9,9,7,5,0,0,3,0,0,0,0,1,1,1,1,2,56,9,1997,2,12,FORD GALAXY,10,E01022075,0,-1
2023170M10053,2023,170M10053,2,9,0,18,19,7,5,0,0,8,0,0,0,0,1,1,6,6,1,30,6,1896,2,17,FORD GALAXY,1,E01012068,0,-1
2023451340065,2023,451340065,2,9,0,2,2,3,1,0,0,0,0,0,0,0,1,1,1,1,1,59,9,1995,2,4,FORD GALAXY,8,E01030915,0,-1
2023546851023,2023,546851023,2,9,0,3,3,8,4,0,0,1,0,0,0,0,2,1,3,7,2,34,6,1997,2,6,FORD GALAXY,6,E01032696,0,-1
2023010436325,2023,010436325,3,9,0,18,19,1,5,9,9,4,0,0,0,0,2,1,6,6,1,-1,-1,1997,2,8,FORD GALAXY,3,E01001171,0,-1
2023991341063,2023,991341063,1,8,0,18,19,8,4,0,0,0,1,0,1,7,1,1,1,1,1,49,8,1997,2,9,FORD GALAXY,6,-1,0,-1
2023010437796,2023,010437796,2,9,0,18,19,3,7,0,0,8,0,0,0,0,4,1,6,6,1,66,10,1896,2,19,FORD GALAXY,8,E01003417,0,-1
2023010475154,2023,010475154,1,9,0,15,15,1,5,0,0,8,0,0,0,0,3,1,6,6,1,46,8,1997,2,7,FORD GALAXY,1,E01033153,0,-1
2023421329812,2023,421329812,1,9,0,18,19,2,6,0,0,8,0,0,0,0,1,1,5,6,1,60,9,1896,2,24,FORD GALAXY,1,E01021988,0,-1
2023471272769,2023,471272769,1,9,0,18,19,1,5,0,0,0,0,0,0,0,1,1,5,6,1,37,7,1997,2,5,FORD GALAXY,3,E01031555,0,-1
202360A003535,2023,60A003535,2,8,0,16,19,4,8,0,0,0,5,0,0,0,1,1,6,6,1,53,8,1997,2,17,FORD GALAXY,-1,-1,0,-1
2023101270549,2023,101270549,2,9,0,1,1,2,6,0,0,0,0,0,0,0,1,1,5,6,1,56,9,1997,2,11,FORD GALAXY,4,E01008659,0,-1
2023201291311,2023,201291311,1,9,0,1,1,3,7,0,0,6,0,0,0,0,3,1,6,6,1,-1,-1,1753,2,16,FORD GALAXY,-1,-1,0,-1
2023010464694,2023,010464694,2,9,0,18,19,3,7,0,0,1,0,10,0,0,1,1,6,6,1,22,5,1997,2,13,FORD GALAXY,-1,-1,0,-1
2023451272093,2023,451272093,3,9,0,18,19,7,3,0,0,0,0,0,0,0,2,1,2,2,1,39,7,1997,2,6,FORD GALAXY,8,E01030860,0,-1
2023430280077,2023,430280077,1,9,0,6,6,3,3,0,0,8,0,0,0,0,3,1,6,6,1,35,6,1997,2,6,FORD GALAXY,4,E01030432,0,-1
2023010439851,2023,010439851,1,8,0,6,6,1,1,0,0,8,0,0,0,0,1,1,1,1,1,36,7,1997,2,5,FORD GALAXY,9,E01023477,0,-1
2023041387256,2023,041387256,2,9,0,7,7,5,3,0,0,5,0,0,1,0,2,1,5,6,2,67,10,1997,2,6,FORD GALAXY,7,E01025231,0,-1
2023010426274,2023,010426274,3,9,0,18,19,1,5,0,0,0,0,0,0,0,1,1,2,2,2,45,7,1997,2,13,FORD GALAXY,1,E01001429,0,-1
2023332300693,2023,332300693,3,9,0,4,4,6,2,0,0,8,0,0,0,0,4,1,1,1,2,23,5,1560,2,9,FORD GALAXY,10,E01025648,0,-1
2023531301139,2023,531301139,2,9,0,18,19,3,7,0,0,2,0,0,0,0,4,1,5,6,2,41,7,1896,2,18,FORD GALAXY,5,E01022218,0,-1
2023340WN3252,2023,340WN3252,1,9,0,5,5,5,1,0,0,0,0,0,0,0,0,1,6,6,1,40,7,1997,2,10,FORD GALAXY,7,E01027023,0,-1
2023010464695,2023,010464695,1,8,0,18,19,5,1,0,0,1,0,10,2,5,1,1,1,1,1,25,5,1995,2,4,FORD GALAXY,1,E01002773,0,-1
2023471332281,2023,471332281,2,9,0,2,2,0,0,0,0,0,0,0,0,0,2,1,6,6,3,-1,-1,1997,2,8,FORD GALAXY,-1,-1,0,-1
2023101391825,2023,101391825,2,9,0,18,19,8,4,0,0,8,0,0,0,0,3,1,5,6,1,32,6,1997,2,7,FORD GALAXY,1,E01008297,0,-1
2023041361729,2023,041361729,2,9,0,18,19,7,3,0,0,1,0,0,0,0,1,1,3,7,1,56,9,1997,2,16,FORD GALAXY,1,E01024858,0,-1
2023010425811,2023,010425811,1,9,9,99,99,9,9,99,99,1,9,0,0,0,9,9,6,6,1,-1,-1,1995,2,4,FORD GALAXY,2,E01003297,0,-1
2023501343230,2023,501343230,2,8,0,3,3,3,7,0,0,0,0,0,0,0,2,1,1,1,1,52,8,1997,2,9,FORD GALAXY,1,E01015151,0,-1
2023010448940,2023,010448940,2,8,0,2,2,0,0,0,0,0,0,0,0,0,4,1,6,6,3,-1,-1,1997,2,7,FORD GALAXY,-1,-1,0,-1
2023010470801,2023,010470801,1,9,0,99,99,9,9,99,99,9,9,99,9,99,1,9,6,6,1,44,7,1997,2,5,FORD GALAXY,2,E01003619,0,-1
2023411268293,2023,411268293,1,9,0,5,5,-1,-1,0,0,1,0,0,0,0,3,1,1,1,1,48,8,1997,2,7,FORD GALAXY,5,E01016483,0,-1
2023010481453,2023,010481453,1,8,0,9,9,1,6,0,0,8,0,0,0,0,1,1,1,1,1,43,7,1997,2,8,FORD GALAXY,1,E01000939,0,-1
2023361324837,2023,361324837,1,9,0,18,19,1,5,0,0,8,0,0,0,0,0,1,6,6,1,53,8,1997,2,13,FORD GALAXY,6,E01026778,0,-1
2023010427389,2023,010427389,1,9,0,4,4,5,1,0,0,6,0,0,0,0,2,1,6,6,1,38,7,1997,2,8,FORD GALAXY,2,E01032580,0,-1
2023421353556,2023,421353556,1,9,0,5,5,1,5,0,0,6,0,0,0,0,1,1,5,6,2,43,7,1995,2,3,FORD GALAXY,7,E01021920,0,-1
2023061272236,2023,061272236,1,9,0,7,7,3,7,0,0,8,0,0,0,0,1,1,6,6,1,-1,-1,1997,2,17,FORD GALAXY,-1,-1,0,-1
2023010433899,2023,010433899,2,9,0,99,99,9,9,99,99,0,9,99,9,99,9,9,6,6,3,-1,-1,1997,2,13,FORD GALAXY,6,E01003427,0,-1
2023440326847,2023,440326847,1,9,0,18,19,6,2,0,0,0,0,0,0,0,1,1,6,6,2,38,7,1997,2,17,FORD GALAXY,3,E01017225,0,-1
2023052300254,2023,052300254,2,9,0,18,19,5,1,0,0,0,0,0,0,0,1,1,2,2,1,43,7,1997,2,11,FORD GALAXY,2,E01006415,0,-1
2023320224027,2023,320224027,2,9,0,7,7,2,4,0,0,5,0,0,0,0,0,1,6,6,3,-1,-1,1997,2,6,FORD GALAXY,-1,-1,0,-1
2023010476130,2023,010476130,1,9,0,6,6,3,3,0,0,8,0,0,0,0,2,1,6,6,1,23,5,1997,2,7,FORD GALAXY,-1,-1,0,-1
2023461381181,2023,461381181,1,9,0,18,19,6,5,0,0,0,1,0,2,4,1,1,6,6,1,32,6,1896,2,18,FORD GALAXY,7,E01024536,0,-1
2023302300130,2023,302300130,2,9,0,4,4,4,2,0,0,1,0,0,0,0,2,1,3,7,1,51,8,1997,2,11,FORD GALAXY,3,E01019810,0,-1
2023320460067,2023,320460067,2,9,0,3,3,5,1,0,0,0,0,0,0,0,2,1,6,6,2,36,7,1997,2,11,FORD GALAXY,10,E01026300,0,-1
2023544896523,2023,544896523,1,9,0,18,19,8,4,0,0,1,0,0,0,0,1,1,6,6,2,51,8,1997,2,12,FORD GALAXY,2,E01032118,0,-1
2023231367595,2023,231367595,2,9,0,9,9,8,6,0,0,5,0,0,0,0,3,1,2,2,1,55,8,1997,2,16,FORD GALAXY,1,E01008931,0,-1
2023010423186,2023,010423186,1,9,0,9,9,5,3,0,0,6,0,0,0,0,1,1,3,7,1,63,9,1997,2,6,FORD GALAXY,6,E01004146,0,-1
2023351298261,2023,351298261,1,9,0,18,19,1,5,0,0,4,0,0,0,0,4,1,2,2,1,43,7,1560,2,9,FORD GALAXY,5,E01017954,0,-1
2023010444933,2023,010444933,1,9,0,3,3,3,7,0,0,1,0,0,0,0,0,1,6,6,1,32,6,2179,2,12,FORD GALAXY,2,E01000743,0,-1
2023041363673,2023,041363673,2,9,0,3,3,1,5,0,0,8,0,0,0,0,1,1,3,7,2,48,8,1997,2,14,FORD GALAXY,2,E01012580,0,-1
2023131282499,2023,131282499,3,9,0,2,2,0,0,0,0,8,0,0,0,0,3,1,6,6,3,-1,-1,1997,2,16,FORD GALAXY,-1,-1,0,-1
202354A224023,2023,54A224023,1,9,0,17,19,4,8,0,0,0,0,0,0,0,1,1,1,1,1,41,7,1997,2,15,FORD GALAXY,3,E01015502,0,-1
2023471287156,2023,471287156,1,9,0,18,19,7,3,0,0,0,0,0,0,0,1,1,5,6,1,41,7,1896,2,21,FORD GALAXY,5,E01031470,0,-1
2023631369139,2023,631369139,1,8,0,7,7,4,3,0,0,6,0,0,7,11,1,1,1,1,1,71,10,1997,2,9,FORD GALAXY,7,W01000460,0,-1
2023010433421,2023,010433421,2,8,0,12,12,3,7,0,0,0,0,0,0,0,3,1,1,1,1,37,7,1997,2,7,FORD GALAXY,6,E01003694,0,-1
202360A058478,2023,60A058478,2,9,0,14,14,3,7,0,0,0,0,0,0,0,1,1,6,6,1,56,9,1997,2,11,FORD GALAXY,-1,-1,0,-1
2023010469601,2023,010469601,2,8,0,9,9,5,2,0,0,5,0,0,1,0,3,1,6,6,1,51,8,1997,2,7,FORD GALAXY,1,E01000524,0,-1
2023311308599,2023,311308599,1,9,0,18,19,2,6,0,0,0,0,0,0,0,1,1,6,6,1,54,8,1997,2,6,FORD GALAXY,7,E01028329,0,-1
2023440231411,2023,440231411,1,9,0,5,5,4,8,0,0,1,0,0,0,0,1,1,6,6,1,72,10,2295,1,18,FORD GALAXY,4,E01017359,0,-1
2023161322794,2023,161322794,1,9,0,3,3,1,5,0,0,1,0,0,0,0,2,1,5,6,2,33,6,1753,2,13,FORD GALAXY,5,E01013081,0,-1
2023131325751,2023,131325751,1,9,0,18,19,2,6,0,0,8,0,0,0,0,1,1,1,1,1,54,8,1997,2,14,FORD GALAXY,9,E01011528,0,-1
2023041312119,2023,041312119,1,9,0,18,19,5,1,0,0,4,0,0,1,3,1,1,6,6,1,37,7,1997,2,14,FORD GALAXY,1,E01012622,0,-1
2023041288386,2023,041288386,2,9,0,16,19,1,5,0,0,1,0,0,0,0,2,1,5,6,2,39,7,1997,2,10,FORD GALAXY,2,E01012605,0,-1
2023170S10153,2023,170S10153,2,9,0,18,19,4,8,0,0,0,0,0,0,0,1,1,6,6,2,59,9,1997,2,17,FORD GALAXY,1,E01012273,0,-1
2023440431590,2023,440431590,2,9,0,18,19,1,5,0,0,1,0,0,0,0,1,1,6,6,2,37,7,1995,2,2,FORD GALAXY,5,E01017126,0,-1
2023531323775,2023,531323775,2,9,0,9,9,8,6,0,0,8,0,0,0,0,3,1,6,6,2,53,8,1997,2,13,FORD GALAXY,5,E01022325,0,-1
2023991289154,2023,991289154,3,9,0,17,19,6,2,0,0,1,0,0,0,0,3,1,5,6,1,52,8,1997,2,16,FORD GALAXY,5,-1,0,-1
2023010444930,2023,010444930,2,9,0,99,99,9,9,99,99,9,9,99,9,99,9,9,6,6,3,-1,-1,2295,1,26,FORD GALAXY,-1,-1,0,-1
2023010457004,2023,010457004,1,9,0,1,1,3,1,0,0,1,0,0,0,0,2,1,6,6,2,45,7,1997,2,12,FORD GALAXY,10,E01003424,0,-1
2023440162448,2023,440162448,2,9,0,18,19,8,4,0,0,1,0,0,0,0,1,1,6,6,2,58,9,1596,1,12,FORD GALAXY,10,E01022849,0,-1
2023430074642,2023,430074642,2,9,0,8,8,4,5,0,0,1,0,0,0,0,2,1,6,6,1,42,7,1997,2,12,FORD GALAXY,-1,-1,0,-1
2023010484842,2023,010484842,2,9,0,99,99,9,9,99,99,9,9,99,9,99,1,9,6,6,3,-1,-1,1997,2,7,FORD GALAXY,-1,-1,0,-1
2023161380262,2023,161380262,1,9,0,18,19,7,3,0,0,1,0,0,0,0,3,1,5,6,1,38,7,1753,2,16,FORD GALAXY,8,E01013264,0,-1
2023440348059,2023,440348059,1,9,0,18,19,2,6,0,0,0,1,0,0,0,1,1,1,1,1,55,8,1997,2,6,FORD GALAXY,9,E01030768,0,-1
2023401305279,2023,401305279,1,9,0,2,2,1,4,0,0,0,0,0,1,11,1,1,6,6,2,40,7,1997,2,13,FORD GALAXY,8,E01017498,0,-1
2023531297311,2023,531297311,2,9,0,2,2,0,0,9,9,0,0,0,0,0,2,2,6,6,3,-1,-1,1997,2,13,FORD GALAXY,-1,-1,0,-1
2023522324589,2023,522324589,2,8,0,7,7,3,5,0,0,6,0,0,0,0,1,1,1,1,1,38,7,1997,2,9,FORD GALAXY,1,E01033356,0,-1
2023430411012,2023,430411012,1,8,0,17,19,6,4,0,0,0,0,0,0,0,1,1,6,6,1,76,11,1997,2,5,FORD GALAXY,10,E01016606,0,-1
2023122301164,2023,122301164,2,9,0,18,19,3,7,0,0,0,0,0,0,0,1,1,3,7,2,37,7,1997,2,9,FORD GALAXY,-1,-1,0,-1
2023991396173,2023,991396173,1,9,0,18,19,1,5,0,0,0,0,0,0,0,1,2,6,6,1,55,8,2179,2,12,FORD GALAXY,9,-1,0,-1
2023461317812,2023,461317812,1,9,0,10,10,5,3,0,0,1,0,0,0,0,1,1,5,6,1,45,7,1997,2,17,FORD GALAXY,8,E01024053,0,-1
2023010477248,2023,010477248,2,9,0,99,99,9,9,99,99,9,9,99,9,99,1,9,6,6,3,-1,-1,1997,2,8,FORD GALAXY,-1,-1,0,-1
2023430520912,2023,430520912,1,9,0,18,19,8,4,0,0,2,0,0,0,0,1,1,6,6,1,28,6,1753,2,14,FORD GALAXY,4,E01017708,0,-1
2023401344574,2023,401344574,1,9,0,18,19,-1,-1,0,0,1,0,0,0,0,1,1,6,6,1,44,7,1997,2,13,FORD GALAXY,5,E01015714,0,-1
2023131284656,2023,131284656,1,9,0,18,19,5,1,0,0,8,0,0,0,0,3,1,5,6,1,44,7,1999,1,12,FORD GALAXY,2,E01010740,0,-1
2023010423852,2023,010423852,1,9,0,18,19,5,1,0,0,5,0,0,0,0,1,1,6,6,1,40,7,1997,2,5,FORD GALAXY,2,E01004424,0,-1
2023010447280,2023,010447280,1,9,0,9,9,3,1,0,0,8,0,0,0,0,3,1,3,7,2,45,7,1997,2,12,FORD GALAXY,-1,-1,0,-1
2023411292017,2023,411292017,1,9,0,3,3,7,3,0,0,2,0,0,0,0,2,1,5,6,1,56,9,1896,2,22,FORD GALAXY,6,E01023940,0,-1
2023430437186,2023,430437186,1,8,0,5,5,1,1,0,0,0,0,0,0,0,1,1,6,6,1,-1,-1,1995,2,4,FORD GALAXY,-1,-1,0,-1