collision_index,collision_year,collision_ref_no,vehicle_reference,vehicle_type,towing_and_articulation,vehicle_manoeuvre_historic,vehicle_manoeuvre,vehicle_direction_from,vehicle_direction_to,vehicle_location_restricted_lane_historic,vehicle_location_restricted_lane,junction_location,skidding_and_overturning,hit_object_in_carriageway,vehicle_leaving_carriageway,hit_object_off_carriageway,first_point_of_impact,vehicle_left_hand_drive,journey_purpose_of_driver_historic,journey_purpose_of_driver,sex_of_driver,age_of_driver,age_band_of_driver,engine_capacity_cc,propulsion_code,age_of_vehicle,generic_make_model,driver_imd_decile,lsoa_of_driver,escooter_flag,driver_distance_banding
2023421371352,2023,421371352,1,9,0,18,19,5,1,0,0,8,0,0,0,0,1,1,6,6,2,38,7,1997,2,15,FORD S-MAX,4,E01015853,0,-1
2023131264492,2023,131264492,2,9,0,18,19,7,3,0,0,0,0,0,0,0,1,1,1,1,1,24,5,1999,1,6,FORD S-MAX,4,E01033617,0,-1
2023371284974,2023,371284974,2,9,0,3,3,0,0,0,0,0,0,0,0,0,2,1,5,6,1,-1,-1,1753,2,13,FORD S-MAX,1,E01030012,0,-1
2023440119263,2023,440119263,1,9,0,3,3,5,1,0,0,1,0,0,0,0,2,1,6,6,1,48,8,1997,2,9,FORD S-MAX,5,E01019947,0,-1
2023471327331,2023,471327331,1,9,0,1,1,5,2,0,0,0,0,0,0,0,2,1,6,6,3,-1,-1,1753,2,17,FORD S-MAX,-1,-1,0,-1
2023552300070,2023,552300070,1,9,0,18,19,1,5,0,0,0,0,0,1,10,1,1,6,6,1,29,6,1999,1,16,FORD S-MAX,7,E01020509,0,-1
2023010431520,2023,010431520,2,9,0,9,9,7,4,0,0,2,0,0,0,0,1,1,6,6,1,-1,-1,1999,1,12,FORD S-MAX,-1,-1,0,-1
2023340NN0722,2023,340NN0722,1,9,0,18,19,1,5,0,0,0,0,0,0,0,1,1,6,6,2,34,6,1997,2,13,FORD S-MAX,7,E01027321,0,-1
2023440097382,2023,440097382,2,9,0,3,3,6,2,0,0,0,0,0,0,0,2,1,6,6,1,46,8,2179,2,10,FORD S-MAX,7,E01031849,0,-1
2023010444629,2023,010444629,1,9,0,99,99,9,9,99,99,9,9,99,9,99,2,9,6,6,1,32,6,1997,2,9,FORD S-MAX,-1,-1,0,-1
2023052302974,2023,052302974,3,9,0,3,3,8,5,0,0,1,0,0,0,0,1,1,6,6,1,47,8,1997,2,13,FORD S-MAX,1,E01006734,0,-1
2023461378201,2023,461378201,1,9,0,1,1,4,8,0,0,0,0,0,0,0,0,1,5,6,1,35,6,1997,2,13,FORD S-MAX,1,E01024621,0,-1
2023041288783,2023,041288783,2,9,0,18,19,1,5,0,0,1,0,0,0,0,1,1,5,6,2,35,6,1997,2,9,FORD S-MAX,10,E01025408,0,-1
2023531390133,2023,531390133,2,9,0,4,4,6,2,0,0,0,0,0,0,0,2,2,2,2,1,50,8,1753,2,16,FORD S-MAX,2,E01022131,0,-1
2023061384073,2023,061384073,2,9,0,18,19,7,3,0,0,8,0,0,0,0,1,1,6,6,2,30,6,1999,1,16,FORD S-MAX,7,E01005042,0,-1
2023041295087,2023,041295087,1,9,0,18,19,3,7,0,0,2,0,0,0,0,1,1,5,6,1,45,7,1997,2,12,FORD S-MAX,1,E01012622,0,-1
2023501289191,2023,501289191,2,9,0,18,19,7,3,0,0,0,0,0,0,0,1,1,5,6,2,46,8,1753,2,15,FORD S-MAX,7,E01018970,0,-1
2023501366258,2023,501366258,1,9,0,18,19,3,7,0,0,1,0,0,0,0,4,1,6,6,1,54,8,1997,2,10,FORD S-MAX,5,E01018780,0,-1
2023010439179,2023,010439179,1,9,0,99,99,9,9,99,99,9,9,99,9,99,9,9,6,6,1,40,7,1997,2,7,FORD S-MAX,7,E01015967,0,-1
2023991290248,2023,991290248,14,9,0,18,19,1,5,0,0,1,1,0,0,0,1,1,6,6,2,30,6,1997,2,10,FORD S-MAX,9,-1,0,-1
2023351319428,2023,351319428,2,9,0,5,5,1,3,0,0,1,0,0,0,0,2,1,6,6,2,39,7,1997,2,12,FORD S-MAX,-1,-1,0,-1
2023052303067,2023,052303067,1,9,0,7,7,4,8,0,0,8,0,0,0,0,4,1,1,1,1,38,7,1753,2,16,FORD S-MAX,1,E01007270,0,-1
2023111289262,2023,111289262,1,9,0,9,9,7,3,0,0,6,0,0,0,0,3,1,5,6,1,39,7,1997,2,5,FORD S-MAX,9,E01020702,0,-1
2023320625459,2023,320625459,1,9,0,18,19,2,6,0,0,0,0,0,0,0,4,1,6,6,1,47,8,1753,2,15,FORD S-MAX,6,E01026251,0,-1
2023440419227,2023,440419227,2,9,0,18,19,7,3,0,0,1,0,0,0,0,1,1,6,6,2,34,6,1596,1,9,FORD S-MAX,5,E01017113,0,-1
2023351289023,2023,351289023,1,9,0,18,19,5,1,0,0,8,0,0,0,0,1,1,6,6,1,55,8,1997,2,13,FORD S-MAX,4,E01015614,0,-1
2023421385709,2023,421385709,2,9,0,18,19,1,5,0,0,1,0,0,0,0,1,1,6,6,1,41,7,1999,1,7,FORD S-MAX,6,E01021879,0,-1
2023461387517,2023,461387517,2,9,0,9,9,6,4,0,0,6,0,0,0,0,3,1,6,6,2,37,7,1997,2,13,FORD S-MAX,1,E01024389,0,-1
2023332300361,2023,332300361,2,9,0,18,19,0,0,0,0,8,0,0,0,0,1,1,6,6,3,-1,-1,1560,2,12,FORD S-MAX,-1,-1,0,-1
2023340NN2572,2023,340NN2572,1,9,0,4,4,5,1,0,0,0,0,0,0,0,1,1,2,2,1,58,9,1997,2,12,FORD S-MAX,8,E01027101,0,-1
2023471367510,2023,471367510,2,9,0,9,9,2,8,0,0,8,0,0,0,0,1,1,6,6,1,37,7,1753,2,16,FORD S-MAX,1,E01024240,0,-1
2023552300039,2023,552300039,2,9,0,3,3,5,1,0,0,0,0,0,0,0,1,1,2,2,2,35,6,1997,2,15,FORD S-MAX,5,E01020431,0,-1
2023421312218,2023,421312218,2,9,0,2,2,0,0,0,0,0,0,0,0,0,2,1,5,6,1,32,6,1997,2,9,FORD S-MAX,5,E01015989,0,-1
2023451292261,2023,451292261,2,9,0,2,2,0,0,0,0,0,0,0,0,0,2,1,6,6,3,-1,-1,1997,2,14,FORD S-MAX,-1,-1,0,-1
2023351391379,2023,351391379,2,9,0,18,19,8,5,0,0,0,0,6,0,0,1,1,6,6,2,50,8,1997,2,13,FORD S-MAX,6,E01018131,0,-1
2023010445126,2023,010445126,1,9,0,18,19,3,7,0,0,0,1,4,0,0,1,1,6,6,1,33,6,1997,2,16,FORD S-MAX,2,E01004470,0,-1
2023061379937,2023,061379937,1,9,0,3,3,5,1,0,0,0,0,0,0,0,1,1,6,6,1,72,10,1997,2,7,FORD S-MAX,9,E01006080,0,-1
2023340WN6192,2023,340WN6192,1,9,0,18,19,7,3,0,0,0,0,0,0,0,1,1,2,2,1,35,6,1997,2,13,FORD S-MAX,2,E01027178,0,-1
2023010464810,2023,010464810,2,9,0,99,99,9,9,99,99,9,9,99,9,99,9,9,6,6,3,-1,-1,1596,1,11,FORD S-MAX,-1,-1,0,-1
2023461270672,2023,461270672,2,9,0,10,10,3,8,0,0,1,0,0,0,0,4,1,2,2,1,66,10,1997,2,14,FORD S-MAX,1,E01024710,0,-1
2023440332387,2023,440332387,2,9,0,3,3,2,6,0,0,1,0,0,0,0,2,1,6,6,1,51,8,1997,2,11,FORD S-MAX,10,E01016235,0,-1
2023440254398,2023,440254398,1,9,0,16,19,8,3,0,0,1,0,0,0,0,1,1,2,2,1,64,9,1997,2,11,FORD S-MAX,3,E01022670,0,-1
2023010449936,2023,010449936,1,9,0,99,99,9,9,99,99,0,9,99,9,99,9,9,6,6,1,41,7,1498,1,4,FORD S-MAX,2,E01032580,0,-1
2023010440151,2023,010440151,1,9,0,18,19,3,7,0,0,1,0,0,0,0,4,1,6,6,3,-1,-1,1997,2,17,FORD S-MAX,-1,-1,0,-1
2023461377761,2023,461377761,1,9,0,7,7,1,5,0,0,3,0,0,0,0,1,1,5,6,1,54,8,1997,2,16,FORD S-MAX,2,E01024646,0,-1
2023520301782,2023,520301782,2,9,0,9,9,9,9,0,0,2,0,0,0,0,9,1,6,6,1,34,6,1997,2,13,FORD S-MAX,4,E01032627,0,-1
2023531347046,2023,531347046,2,9,0,18,19,3,7,0,0,6,0,0,0,0,4,1,4,7,2,47,8,1753,2,13,FORD S-MAX,4,E01022331,0,-1
2023201289836,2023,201289836,3,9,0,13,13,2,6,0,0,1,0,0,0,0,1,1,6,6,3,-1,-1,1995,2,4,FORD S-MAX,-1,-1,0,-1
2023440199037,2023,440199037,2,9,0,7,7,6,8,0,0,6,0,0,0,0,3,1,6,6,2,34,6,1997,2,8,FORD S-MAX,9,E01023272,0,-1
2023421367801,2023,421367801,1,9,0,18,19,7,7,0,0,0,0,0,0,0,1,1,6,6,2,35,6,1997,2,11,FORD S-MAX,3,E01022007,0,-1
2023451265676,2023,451265676,1,9,0,7,7,5,1,8,6,1,0,0,0,0,3,1,5,6,2,48,8,1997,2,11,FORD S-MAX,8,E01030537,0,-1
2023170M20473,2023,170M20473,3,9,0,3,3,1,5,0,0,0,0,0,0,0,2,1,6,6,1,52,8,1995,2,4,FORD S-MAX,3,E01033206,0,-1
2023052300631,2023,052300631,2,9,0,18,19,4,8,0,0,1,0,0,0,0,4,1,6,6,2,39,7,1997,2,9,FORD S-MAX,1,E01006542,0,-1
2023141262139,2023,141262139,1,9,0,10,10,6,8,0,0,1,0,0,0,0,3,1,6,6,2,32,6,1997,2,6,FORD S-MAX,3,E01007966,0,-1
2023430219802,2023,430219802,1,9,0,18,19,7,3,0,0,0,0,0,0,0,1,1,6,6,1,52,8,1560,2,11,FORD S-MAX,3,E01017515,0,-1
2023351313428,2023,351313428,2,9,0,18,19,5,1,0,0,0,0,0,1,0,1,1,5,6,1,55,8,1997,2,16,FORD S-MAX,10,E01018232,0,-1
2023401301994,2023,401301994,1,9,0,18,19,1,5,0,0,0,0,0,0,0,1,1,6,6,1,24,5,1997,2,15,FORD S-MAX,3,E01015731,0,-1
2023451273832,2023,451273832,1,9,0,15,15,5,1,0,0,0,0,0,0,0,4,1,3,7,2,38,7,1997,2,6,FORD S-MAX,3,E01030362,0,-1
2023131349458,2023,131349458,2,9,0,2,2,0,0,0,0,6,0,0,0,0,2,1,5,6,2,41,7,1997,2,17,FORD S-MAX,5,E01014013,0,-1
2023461380745,2023,461380745,1,9,0,5,5,5,1,0,0,1,0,0,0,0,3,1,6,6,1,23,5,1997,2,14,FORD S-MAX,6,E01024054,0,-1
2023440218130,2023,440218130,2,9,0,4,4,8,4,0,0,1,0,0,0,0,2,1,6,6,1,39,7,1997,2,14,FORD S-MAX,1,E01027310,0,-1
2023421367098,2023,421367098,2,9,0,18,19,3,7,0,0,0,0,0,0,0,3,1,6,6,1,41,7,1997,2,14,FORD S-MAX,6,E01033145,0,-1
2023552300548,2023,552300548,2,9,0,16,19,4,6,0,0,0,0,0,0,0,1,1,6,6,1,44,7,1997,2,15,FORD S-MAX,7,E01020437,0,-1
2023010447672,2023,010447672,2,9,0,99,99,9,9,99,99,9,9,99,9,99,1,9,6,6,3,-1,-1,1999,1,9,FORD S-MAX,-1,-1,0,-1
2023401300718,2023,401300718,1,9,0,18,19,7,1,0,0,0,0,0,0,0,1,1,6,6,1,37,7,1997,2,7,FORD S-MAX,8,E01015805,0,-1
2023440427343,2023,440427343,3,9,0,18,19,6,2,0,0,1,0,0,0,0,1,1,2,2,2,35,6,1997,2,6,FORD S-MAX,6,E01023143,0,-1
2023122301065,2023,122301065,3,9,0,18,19,1,5,0,0,1,0,0,0,0,2,1,6,6,1,47,8,1997,2,13,FORD S-MAX,1,E01012068,0,-1
2023371277831,2023,371277831,2,9,0,5,5,6,3,0,0,1,0,0,0,0,1,1,4,7,2,34,6,1997,2,13,FORD S-MAX,1,E01029980,0,-1
2023351337212,2023,351337212,1,9,-1,-1,-1,-1,-1,-1,-1,0,-1,-1,-1,0,-1,1,5,6,1,35,6,1753,2,15,FORD S-MAX,8,E01026439,0,-1
2023471350713,2023,471350713,2,9,0,18,19,2,6,0,0,2,0,0,0,0,2,1,5,6,2,44,7,1997,2,9,FORD S-MAX,10,E01021052,0,-1
2023332301076,2023,332301076,1,9,0,1,1,3,7,0,0,5,0,0,0,0,1,1,6,6,2,50,8,1997,2,11,FORD S-MAX,1,E01013602,0,-1
2023520301015,2023,520301015,1,9,0,9,9,5,3,0,0,8,0,0,0,0,3,1,6,6,2,35,6,1997,2,7,FORD S-MAX,9,E01029184,0,-1
2023991367464,2023,991367464,1,9,0,18,19,4,8,0,0,3,0,0,0,0,1,1,6,6,2,55,8,1997,2,10,FORD S-MAX,10,-1,0,-1
2023131302331,2023,131302331,2,9,0,18,19,1,3,0,0,0,0,0,0,0,3,1,6,6,1,30,6,1997,2,15,FORD S-MAX,8,E01011252,0,-1
2023332300717,2023,332300717,2,9,0,18,19,6,2,0,0,1,0,0,0,0,1,1,6,6,1,41,7,1997,2,16,FORD S-MAX,5,E01013627,0,-1
2023531319233,2023,531319233,1,9,0,9,9,3,7,0,0,2,0,0,0,0,3,1,1,1,1,55,8,1995,2,4,FORD S-MAX,-1,-1,0,-1
2023010469102,2023,010469102,1,9,0,2,2,0,0,0,0,0,0,0,0,0,2,1,6,6,3,-1,-1,1999,1,15,FORD S-MAX,-1,-1,0,-1
2023332301163,2023,332301163,1,9,0,3,3,8,4,0,0,0,0,0,0,0,2,1,3,7,1,33,6,1753,2,13,FORD S-MAX,5,E01013767,0,-1
2023471295030,2023,471295030,2,9,0,2,2,0,0,0,0,2,0,0,0,0,2,1,6,6,3,-1,-1,1997,2,16,FORD S-MAX,-1,-1,0,-1
2023131304460,2023,131304460,3,9,0,18,19,1,5,0,0,0,0,0,0,0,2,1,6,6,1,41,7,1997,2,7,FORD S-MAX,1,E01010626,0,-1
2023320021550,2023,320021550,1,17,0,14,14,6,2,0,0,0,0,0,0,0,4,1,1,1,1,63,9,-1,2,5,-1,8,E01026022,0,-1
2023461297538,2023,461297538,1,4,0,18,19,4,8,0,0,0,0,0,0,0,1,1,6,6,1,19,4,125,1,0,-1,2,E01024648,0,-1
2023421287647,2023,421287647,1,3,0,8,8,5,4,0,0,0,0,0,0,0,4,1,6,6,1,19,4,125,1,0,KEEWAY RKF,9,E01021973,0,-1
2023411352067,2023,411352067,1,3,0,18,19,8,4,0,0,1,0,0,0,0,1,1,5,6,1,21,5,125,1,2,KEEWAY RKF,7,E01023960,0,-1
2023552301524,2023,552301524,1,4,0,18,19,6,2,0,0,0,0,0,0,0,1,1,6,6,1,18,4,125,1,0,-1,4,E01015385,0,-1
2023031321761,2023,031321761,1,2,0,16,19,8,7,0,0,0,0,0,7,9,1,1,5,6,1,17,4,125,1,3,-1,7,E01019136,0,-1
2023440349571,2023,440349571,2,3,0,18,19,5,1,0,0,8,0,10,0,0,4,1,6,6,1,26,6,125,1,2,KEEWAY RKF,1,E01022843,0,-1
2023061358420,2023,061358420,2,3,0,18,19,6,2,0,0,0,0,0,0,0,1,1,2,2,1,19,4,125,1,0,KEEWAY RKF,2,E01004948,0,-1
2023010474198,2023,010474198,1,3,0,99,99,9,9,99,99,9,9,99,9,99,9,1,2,2,1,21,5,125,1,1,KEEWAY RKF,2,E01001340,0,-1
2023052301769,2023,052301769,1,3,0,13,13,5,1,0,0,8,0,0,0,0,1,1,6,6,1,24,5,125,1,1,KEEWAY RKF,1,E01006413,0,-1
2023471325414,2023,471325414,2,3,0,5,5,7,-1,0,0,6,0,0,0,0,2,1,2,2,1,25,5,125,1,3,KEEWAY RKF,8,E01031620,0,-1
2023401390542,2023,401390542,1,4,0,13,13,3,7,0,0,1,0,0,0,0,3,1,6,6,1,20,4,125,1,3,-1,3,E01017514,0,-1
2023101347335,2023,101347335,1,4,0,18,19,1,5,0,0,8,2,0,1,0,1,1,6,6,1,16,4,125,1,2,-1,4,E01008274,0,-1
2023052302927,2023,052302927,1,3,0,18,19,7,3,0,0,8,1,0,0,0,1,1,2,2,1,25,5,125,1,1,KEEWAY RKF,1,E01007290,0,-1
2023052302309,2023,052302309,2,4,0,4,4,2,6,0,0,1,1,0,0,0,2,1,2,2,1,52,8,125,1,0,-1,2,E01032510,0,-1
2023311359237,2023,311359237,1,3,0,18,19,3,7,0,0,1,0,0,0,0,1,1,1,1,1,31,6,125,1,3,KEEWAY RKF,3,E01028339,0,-1
2023361382612,2023,361382612,2,4,0,18,19,3,7,0,0,0,0,0,0,0,2,1,6,6,1,38,7,125,1,2,-1,8,E01026849,0,-1
2023161350181,2023,161350181,2,4,0,12,12,5,1,0,0,0,0,0,0,0,4,1,6,6,1,35,6,125,1,3,-1,1,E01012906,0,-1
2023122301035,2023,122301035,1,3,0,18,19,8,4,0,0,1,0,0,1,7,4,1,6,6,1,19,4,125,1,2,KEEWAY RKF,10,E01013054,0,-1
2023070123324,2023,070123324,2,3,0,5,5,5,1,0,0,3,2,0,0,0,4,1,6,6,2,-1,-1,125,1,2,KEEWAY RKF,2,W01000382,0,-1
2023041295150,2023,041295150,1,3,0,18,19,1,5,0,0,1,5,0,0,0,2,1,5,6,1,51,8,125,1,2,KEEWAY RKF,1,E01004863,0,-1
2023332300194,2023,332300194,2,4,0,5,5,3,7,0,0,8,0,0,0,0,1,1,1,1,1,20,4,125,1,1,-1,1,E01013638,0,-1
2023161301722,2023,161301722,1,3,0,18,19,4,8,0,0,1,0,0,0,0,1,1,5,6,1,18,4,125,1,4,KEEWAY RKF,1,E01012878,0,-1
2023010419775,2023,010419775,1,3,0,99,99,9,9,99,99,9,9,99,9,99,1,1,6,6,1,46,8,125,1,1,KEEWAY RKF,3,E01000088,0,-1
2023131305883,2023,131305883,3,3,0,18,19,2,4,0,0,0,0,0,1,0,0,1,5,6,1,38,7,125,1,1,KEEWAY RKF,9,E01027899,0,-1
2023461309974,2023,461309974,2,3,0,9,9,1,6,0,0,8,1,10,2,0,1,1,2,2,1,35,6,125,1,1,KEEWAY RKF,5,E01024032,0,-1
2023340NN9022,2023,340NN9022,2,3,0,18,19,3,7,0,0,1,0,0,0,0,1,1,6,6,1,17,4,125,1,3,KEEWAY RKF,4,E01027320,0,-1
202360A100965,2023,60A100965,2,3,0,18,19,6,2,0,0,0,0,0,0,0,1,1,6,6,1,30,6,124,1,7,-1,-1,-1,0,-1
2023131309410,2023,131309410,2,3,0,18,19,3,7,0,0,0,0,0,0,0,4,1,2,2,1,19,4,124,1,7,-1,8,E01011187,0,-1
2023201294274,2023,201294274,2,3,0,18,19,2,6,0,0,0,0,0,0,0,1,1,6,6,1,19,4,125,1,2,-1,7,E01031068,0,-1
2023010422595,2023,010422595,1,4,0,18,19,1,5,0,0,1,0,0,0,0,1,1,6,6,1,29,6,125,1,4,-1,8,E01000328,0,-1
2023340WN1892,2023,340WN1892,1,3,0,4,4,2,6,0,0,1,0,0,0,0,0,1,6,6,2,24,5,125,1,1,-1,8,E01027028,0,-1
2023401352027,2023,401352027,1,3,0,16,19,1,4,0,0,5,1,0,0,0,4,1,5,6,1,24,5,125,1,0,-1,5,E01017152,0,-1
2023991312997,2023,991312997,2,3,0,4,4,1,5,0,0,0,0,0,0,0,4,1,2,2,1,21,5,125,1,4,-1,7,-1,0,-1
2023501365723,2023,501365723,1,3,0,17,19,5,2,0,0,3,0,0,0,0,3,1,5,6,1,18,4,125,1,4,LEXMOTO ZSX,-1,-1,0,-1
2023421344257,2023,421344257,2,3,0,18,19,4,8,0,0,0,5,0,0,0,1,1,6,6,2,23,5,125,1,3,LEXMOTO ZSX,7,E01023658,0,-1
2023421284979,2023,421284979,1,4,0,4,4,1,5,0,0,0,0,0,0,0,1,1,2,2,1,39,7,125,1,4,-1,6,E01021668,0,-1
2023351379870,2023,351379870,2,3,-1,-1,-1,-1,-1,-1,-1,-1,-1,-1,-1,0,-1,1,5,6,1,26,6,125,1,3,LEXMOTO ZSX,2,E01018091,0,-1
2023991383604,2023,991383604,2,3,0,18,19,8,5,0,0,1,0,0,0,0,1,1,2,2,1,23,5,125,1,7,LEXMOTO ZSX,1,-1,0,-1
2023371320009,2023,371320009,2,3,0,4,4,2,3,0,0,0,1,0,0,0,1,1,5,6,1,39,7,125,1,3,LEXMOTO ZSX,5,E01030066,0,-1
2023161344878,2023,161344878,2,3,0,18,19,7,3,0,0,8,0,0,0,0,1,1,6,6,1,17,4,124,1,9,LEXMOTO ZSX,5,E01027818,0,-1
2023070563582,2023,070563582,1,3,0,4,4,1,3,0,0,4,2,9,7,10,1,1,6,6,1,22,5,125,1,6,LEXMOTO ZSX,1,E01010441,0,-1
2023161350743,2023,161350743,2,3,0,18,19,7,3,0,0,1,0,0,0,0,3,1,5,6,1,56,9,125,1,7,LEXMOTO ZSX,1,E01012864,0,-1
2023161258838,2023,161258838,1,3,0,13,13,8,4,0,0,8,0,0,0,0,1,1,5,6,2,19,4,125,1,3,LEXMOTO ZSX,7,E01013228,0,-1
2023440133537,2023,440133537,1,3,0,18,19,5,1,0,0,8,0,0,0,0,4,1,6,6,1,19,4,125,1,7,LEXMOTO ZSX,7,E01022724,0,-1
2023332300383,2023,332300383,1,3,0,16,19,7,2,0,0,8,0,0,0,0,1,1,6,6,1,41,7,125,1,3,LEXMOTO ZSX,4,E01025827,0,-1
2023631389191,2023,631389191,1,3,0,18,19,3,7,0,0,0,1,0,0,0,2,1,5,6,1,25,5,125,1,6,LEXMOTO ZSX,3,W01000658,0,-1
2023010456179,2023,010456179,1,3,0,16,19,3,7,0,0,0,2,0,0,0,2,1,6,6,1,35,6,125,1,3,LEXMOTO ZSX,2,E01004725,0,-1
202360A204107,2023,60A204107,2,3,0,18,19,8,4,0,0,1,0,0,0,0,4,1,6,6,1,18,4,125,1,5,LEXMOTO ZSX,-1,-1,0,-1
2023471287817,2023,471287817,1,3,0,18,19,5,1,0,0,1,0,0,0,0,0,1,2,2,1,29,6,125,1,3,LEXMOTO ZSX,10,E01021194,0,-1
2023061320155,2023,061320155,2,3,-1,-1,-1,-1,-1,-1,-1,-1,-1,-1,-1,0,2,1,1,1,1,38,7,124,1,9,LEXMOTO ZSX,4,E01004964,0,-1
2023320470877,2023,320470877,2,3,0,18,19,6,2,0,0,8,1,0,0,0,1,1,6,6,1,22,5,125,1,3,LEXMOTO ZSX,3,E01026085,0,-1
2023010458304,2023,010458304,1,3,0,99,99,9,9,99,99,9,9,99,9,99,1,1,2,2,1,33,6,125,1,5,LEXMOTO ZSX,2,E01003137,0,-1
2023401364201,2023,401364201,1,3,0,9,9,3,7,0,0,1,2,0,0,0,1,1,6,6,2,20,4,125,1,3,LEXMOTO ZSX,7,E01017437,0,-1
2023545836223,2023,545836223,1,4,0,18,19,4,8,0,0,4,0,0,0,0,1,1,6,6,1,34,6,125,1,5,-1,4,E01015494,0,-1
2023231334372,2023,231334372,2,3,0,13,13,4,8,0,0,1,0,0,0,0,1,1,5,6,1,23,5,125,1,4,LEXMOTO ZSX,2,E01031075,0,-1
2023122300118,2023,122300118,1,4,0,18,19,7,3,0,0,2,0,0,0,0,0,1,6,6,1,17,4,124,1,9,-1,5,E01027818,0,-1
2023010465781,2023,010465781,1,3,0,99,99,9,9,99,99,0,9,99,9,99,9,1,2,2,1,38,7,125,1,4,LEXMOTO ZSX,2,E01030227,0,-1
2023131353756,2023,131353756,2,4,0,17,19,3,5,0,0,0,0,0,0,0,4,1,5,6,1,17,4,125,1,3,-1,6,E01011299,0,-1
2023461354377,2023,461354377,1,3,0,7,7,7,3,0,0,3,5,0,0,0,4,1,6,6,1,18,4,125,1,5,LEXMOTO ZSX,1,E01024498,0,-1
2023211268014,2023,211268014,1,2,0,13,13,6,3,0,0,1,0,11,0,0,3,1,6,6,1,22,5,125,1,5,-1,9,E01019841,0,-1
2023320210972,2023,320210972,1,3,0,18,19,1,5,0,0,0,5,12,0,0,1,1,6,6,1,19,4,125,1,7,LEXMOTO ZSX,9,E01015684,0,-1
2023010437616,2023,010437616,2,9,0,18,19,1,5,0,0,8,0,0,0,0,1,1,6,6,1,28,6,3799,1,8,-1,3,E01032743,0,-1
2023010479819,2023,010479819,3,9,0,18,19,3,7,0,0,8,0,0,0,0,1,1,6,6,1,34,6,3799,1,6,-1,2,E01004686,0,-1
2023010482157,2023,010482157,2,9,0,99,99,9,9,99,99,0,9,99,9,99,1,9,6,6,3,-1,-1,3799,1,8,-1,3,E01032743,0,-1
2023061307500,2023,061307500,2,9,0,18,19,8,4,0,0,0,0,0,0,0,4,1,6,6,1,38,7,3799,1,14,-1,4,E01005718,0,-1
2023501383065,2023,501383065,1,2,0,18,19,7,8,0,0,1,0,0,0,0,1,1,6,6,1,59,9,50,1,3,-1,4,E01015042,0,-1
2023161299614,2023,161299614,1,9,0,18,19,1,5,0,0,0,0,0,7,0,1,1,5,6,1,41,7,2000,2,3,-1,1,E01012788,0,-1
2023211321021,2023,211321021,1,9,0,16,19,7,8,0,0,8,0,0,0,0,1,1,6,6,1,49,8,1500,2,3,-1,6,E01010557,0,-1
2023991345357,2023,991345357,2,10,0,6,6,6,6,0,0,1,0,0,0,0,3,1,1,1,2,57,9,-1,-1,-1,-1,7,-1,0,-1
2023440107737,2023,440107737,2,8,0,18,19,6,2,0,0,0,0,0,0,0,1,1,1,1,1,43,7,2000,2,5,-1,3,E01017099,0,-1
2023041311521,2023,041311521,2,9,0,4,4,3,7,0,0,0,0,0,0,0,2,1,1,1,2,43,7,1500,2,3,-1,1,E01012631,0,-1
2023540118023,2023,540118023,2,9,0,17,19,2,6,0,0,1,0,0,0,0,3,1,1,1,1,65,9,1997,2,4,-1,8,E01032047,0,-1
2023351316439,2023,351316439,2,21,0,18,19,5,1,0,0,0,0,0,0,0,0,1,1,1,1,37,7,12777,2,1,RENAULT TRUCKS MODEL MISSING,-1,-1,0,-1
2023010464182,2023,010464182,2,20,0,18,19,1,5,0,0,8,0,0,0,0,1,1,2,2,1,58,9,12777,2,4,RENAULT TRUCKS MODEL MISSING,2,E01003191,0,-1
2023221357329,2023,221357329,2,19,0,18,19,4,8,0,0,0,1,0,0,0,1,1,2,2,1,37,7,-1,-1,-1,RENAULT TRUCKS MODEL MISSING,5,E01014186,0,-1
2023201337728,2023,201337728,1,21,1,18,19,4,8,0,0,0,1,0,0,0,1,1,1,1,1,53,8,10837,2,11,RENAULT TRUCKS MODEL MISSING,5,E01009798,0,-1
2023122301151,2023,122301151,2,21,0,18,19,7,3,0,0,8,1,0,0,0,1,1,1,1,1,56,9,12777,2,1,RENAULT TRUCKS MODEL MISSING,4,E01011727,0,-1
2023522300466,2023,522300466,2,21,5,11,11,1,5,0,0,3,0,0,0,0,4,9,1,1,1,-1,-1,10837,2,7,RENAULT TRUCKS MODEL MISSING,-1,-1,0,-1
2023010456177,2023,010456177,2,21,9,99,99,9,9,99,99,9,9,99,9,99,9,9,6,6,3,-1,-1,10837,2,1,RENAULT TRUCKS MODEL MISSING,-1,-1,0,-1
2023461382660,2023,461382660,1,21,1,16,19,5,1,9,9,4,5,10,2,0,4,1,2,2,1,49,8,10837,2,7,RENAULT TRUCKS MODEL MISSING,1,E01024278,0,-1
2023070077231,2023,070077231,2,21,1,18,19,5,1,0,0,8,3,0,4,6,2,1,1,1,1,56,9,12777,2,2,RENAULT TRUCKS MODEL MISSING,10,E01031179,0,-1
2023541595523,2023,541595523,2,21,1,18,19,7,3,0,0,0,0,0,0,0,2,1,1,1,1,45,7,12780,2,8,RENAULT TRUCKS MODEL MISSING,3,E01022293,0,-1