collision_index,collision_year,collision_ref_no,vehicle_reference,vehicle_type,towing_and_articulation,vehicle_manoeuvre_historic,vehicle_manoeuvre,vehicle_direction_from,vehicle_direction_to,vehicle_location_restricted_lane_historic,vehicle_location_restricted_lane,junction_location,skidding_and_overturning,hit_object_in_carriageway,vehicle_leaving_carriageway,hit_object_off_carriageway,first_point_of_impact,vehicle_left_hand_drive,journey_purpose_of_driver_historic,journey_purpose_of_driver,sex_of_driver,age_of_driver,age_band_of_driver,engine_capacity_cc,propulsion_code,age_of_vehicle,generic_make_model,driver_imd_decile,lsoa_of_driver,escooter_flag,driver_distance_banding
2023531272594,2023,531272594,2,9,0,18,19,8,4,0,0,0,0,0,1,0,1,1,4,7,2,20,4,1198,1,10,SKODA FABIA,-1,-1,0,-1
2023201404653,2023,201404653,1,9,0,9,9,3,5,0,0,8,0,0,0,0,3,1,6,6,1,19,4,1198,1,15,SKODA FABIA,1,E01009192,0,-1
2023351286498,2023,351286498,1,9,0,18,19,1,5,0,0,0,0,11,1,4,1,1,1,1,1,34,6,1390,1,17,SKODA FABIA,2,E01015599,0,-1
2023451285690,2023,451285690,1,9,0,18,19,1,5,0,0,8,0,0,0,0,1,1,5,6,1,55,8,1397,1,22,SKODA FABIA,9,E01031741,0,-1
2023101379828,2023,101379828,2,9,0,18,19,4,8,0,0,0,0,0,0,0,2,1,5,6,2,41,7,999,1,1,SKODA FABIA,-1,-1,0,-1
2023552300865,2023,552300865,2,9,0,18,19,7,3,0,0,8,0,0,0,0,1,1,6,6,1,69,10,1197,1,8,SKODA FABIA,1,E01001655,0,-1
2023991343551,2023,991343551,1,9,0,18,19,3,7,0,0,0,0,0,0,0,1,1,5,6,2,25,5,1896,2,19,SKODA FABIA,6,E01014734,0,-1
2023552300867,2023,552300867,2,9,0,4,4,8,4,0,0,8,0,0,0,0,2,1,6,6,1,22,5,1198,1,11,SKODA FABIA,9,E01015323,0,-1
2023061326058,2023,061326058,1,9,0,9,9,1,7,0,0,1,0,0,0,0,1,1,6,6,1,30,6,1422,2,7,SKODA FABIA,-1,-1,0,-1
2023371288423,2023,371288423,1,9,0,16,19,4,3,0,0,0,2,0,1,0,0,1,5,6,1,28,6,1896,2,18,SKODA FABIA,-1,-1,0,-1
2023052302866,2023,052302866,2,9,0,4,4,5,1,0,0,1,0,0,0,0,2,1,6,6,2,42,7,1197,1,7,SKODA FABIA,1,E01006567,0,-1
2023221296165,2023,221296165,1,9,0,9,9,3,2,0,0,6,0,0,0,0,3,1,6,6,1,74,10,999,1,6,SKODA FABIA,7,E01028939,0,-1
2023541718623,2023,541718623,2,9,0,4,4,4,8,0,0,0,0,0,0,0,2,1,6,6,2,60,9,1422,2,15,SKODA FABIA,7,E01015489,0,-1
2023461326458,2023,461326458,1,9,0,7,7,1,5,0,0,1,0,0,0,0,1,1,5,6,2,45,7,999,1,3,SKODA FABIA,7,E01024550,0,-1
2023161263915,2023,161263915,1,9,0,18,19,5,1,0,0,2,0,0,0,0,1,1,5,6,2,87,11,1197,1,11,SKODA FABIA,10,E01013068,0,-1
2023041302134,2023,041302134,1,9,0,18,19,3,7,0,0,8,0,0,0,0,1,1,6,6,1,18,4,1896,2,18,SKODA FABIA,8,E01012597,0,-1
2023231366129,2023,231366129,2,9,0,3,3,6,2,0,0,1,0,0,0,0,2,1,5,6,2,36,7,1197,1,7,SKODA FABIA,2,E01031044,0,-1
2023547559623,2023,547559623,1,9,0,9,9,3,1,0,0,8,0,0,0,0,1,1,6,6,2,66,10,1197,1,6,SKODA FABIA,7,E01015583,0,-1
2023201291170,2023,201291170,1,9,0,18,19,2,6,0,0,0,0,0,0,0,1,1,6,6,1,68,10,1198,1,15,SKODA FABIA,2,E01009481,0,-1
2023440493088,2023,440493088,1,9,0,18,19,7,3,0,0,8,0,0,0,0,1,1,6,6,2,25,5,1390,1,17,SKODA FABIA,9,E01023281,0,-1
2023131360456,2023,131360456,2,9,0,10,10,0,0,0,0,1,0,0,0,0,2,1,6,6,1,47,8,1197,1,12,SKODA FABIA,10,E01011376,0,-1
2023161376457,2023,161376457,1,9,0,9,9,5,1,0,0,8,0,0,0,0,1,1,5,6,2,29,6,1198,1,12,SKODA FABIA,1,E01007338,0,-1
2023501364842,2023,501364842,2,9,0,18,19,3,1,0,0,8,0,0,0,0,1,1,5,6,1,42,7,1422,2,17,SKODA FABIA,2,E01018836,0,-1
2023451262699,2023,451262699,1,9,0,11,11,1,5,0,0,0,0,0,0,0,3,1,1,1,1,19,4,999,1,3,SKODA FABIA,5,E01030946,0,-1
2023010480190,2023,010480190,1,9,0,18,19,3,7,0,0,2,5,0,0,0,1,2,1,1,1,58,9,1598,1,14,SKODA FABIA,9,E01000713,0,-1
2023440322885,2023,440322885,1,9,0,12,12,2,6,0,0,2,0,0,0,0,2,1,6,6,1,19,4,1896,2,18,SKODA FABIA,4,E01023088,0,-1
2023522300567,2023,522300567,1,9,0,9,9,6,4,0,0,8,0,0,0,0,1,1,6,6,1,45,7,1598,2,13,SKODA FABIA,3,E01014926,0,-1
2023471331579,2023,471331579,2,9,0,9,9,1,7,0,0,1,0,0,0,0,3,1,6,6,1,22,5,1197,1,12,SKODA FABIA,8,E01031642,0,-1
2023320563513,2023,320563513,3,9,0,18,19,8,4,0,0,0,0,0,0,0,2,1,1,1,1,50,8,999,1,3,SKODA FABIA,-1,-1,0,-1
2023522300551,2023,522300551,2,9,0,12,12,6,2,0,0,1,0,0,0,0,3,1,6,6,3,-1,-1,1390,1,12,SKODA FABIA,-1,-1,0,-1
2023211332103,2023,211332103,2,9,0,18,19,6,6,0,0,2,0,0,0,0,4,1,6,6,3,-1,-1,1198,1,20,SKODA FABIA,-1,-1,0,-1
2023471290413,2023,471290413,1,9,0,5,5,4,7,0,0,0,0,0,0,0,1,1,2,2,1,45,7,1390,1,12,SKODA FABIA,1,E01020993,0,-1
2023061342815,2023,061342815,2,9,0,2,2,0,0,0,0,2,0,0,0,0,2,1,6,6,1,30,6,1197,1,10,SKODA FABIA,1,E01005124,0,-1
2023131389411,2023,131389411,1,9,0,18,19,1,1,0,0,0,0,0,0,0,1,1,6,6,1,63,9,1390,1,19,SKODA FABIA,6,E01010870,0,-1
2023211335522,2023,211335522,1,9,0,16,19,5,1,6,6,0,5,10,3,10,1,1,5,6,1,21,5,999,1,6,SKODA FABIA,7,E01028899,0,-1
202360A131716,2023,60A131716,1,9,0,16,19,5,1,0,0,0,5,0,0,0,1,1,6,6,1,19,4,1896,2,19,SKODA FABIA,-1,-1,0,-1
2023440072044,2023,440072044,1,9,0,9,9,1,7,0,0,8,0,0,0,0,1,1,6,6,1,63,9,1598,1,15,SKODA FABIA,1,E01017218,0,-1
2023052300197,2023,052300197,1,9,0,16,19,3,6,0,0,1,0,0,0,0,1,1,6,6,1,83,11,1197,1,11,SKODA FABIA,10,E01007191,0,-1
2023440001373,2023,440001373,1,9,0,18,19,4,8,0,0,0,2,0,1,0,4,1,6,6,1,33,6,1198,1,20,SKODA FABIA,5,E01017282,0,-1
2023361287890,2023,361287890,1,9,0,18,19,2,6,0,0,0,0,0,0,0,1,1,6,6,2,84,11,1896,2,13,SKODA FABIA,4,E01026732,0,-1
2023522400927,2023,522400927,2,9,0,2,2,0,0,0,0,1,0,0,0,0,2,1,6,6,1,78,11,999,1,8,SKODA FABIA,4,E01014686,0,-1
2023461313690,2023,461313690,2,9,0,16,19,7,3,0,0,0,0,0,0,0,1,1,6,6,1,57,9,1198,1,20,SKODA FABIA,8,E01024803,0,-1
2023131366325,2023,131366325,1,9,0,9,9,6,4,0,0,8,0,0,0,0,1,1,2,2,2,46,8,1198,1,12,SKODA FABIA,4,E01011087,0,-1
2023451365771,2023,451365771,1,9,0,9,9,1,5,0,0,6,1,0,0,0,1,1,6,6,1,75,10,1390,1,18,SKODA FABIA,10,E01030375,0,-1
2023461362429,2023,461362429,1,9,0,18,19,5,1,0,0,0,0,0,7,0,3,1,6,6,2,75,10,1197,1,11,SKODA FABIA,10,E01016085,0,-1
2023131265997,2023,131265997,2,9,0,18,19,6,2,0,0,0,0,0,0,0,3,1,5,6,1,46,8,1598,2,10,SKODA FABIA,3,E01011541,0,-1
2023461279931,2023,461279931,4,9,0,4,4,3,7,0,0,0,0,0,0,0,2,1,6,6,1,37,7,1197,1,6,SKODA FABIA,7,E01016166,0,-1
2023991285928,2023,991285928,2,9,0,18,19,2,6,0,0,1,0,0,0,0,4,1,5,6,2,31,6,1198,1,14,SKODA FABIA,6,-1,0,-1
2023101359445,2023,101359445,1,9,0,9,9,1,7,0,0,8,0,0,0,0,1,1,6,6,2,84,11,999,1,5,SKODA FABIA,8,E01027504,0,-1
2023991266550,2023,991266550,3,9,0,18,19,1,5,0,0,0,0,0,0,0,2,1,6,6,1,52,8,1598,2,10,SKODA FABIA,1,-1,0,-1
2023201388948,2023,201388948,1,9,0,18,19,2,6,0,0,4,0,0,0,0,2,1,6,6,1,34,6,1198,1,16,SKODA FABIA,6,E01009976,0,-1
2023041324994,2023,041324994,1,9,0,18,19,4,8,0,0,1,0,0,0,0,1,1,5,6,1,43,7,1422,2,15,SKODA FABIA,1,E01012670,0,-1
2023430399288,2023,430399288,1,9,0,17,19,7,5,0,0,8,0,0,0,0,1,1,2,2,1,34,6,1198,1,12,SKODA FABIA,3,E01017712,0,-1
2023522301385,2023,522301385,1,9,0,3,3,6,2,0,0,1,0,0,0,0,2,1,6,6,2,47,8,1197,1,6,SKODA FABIA,3,E01014515,0,-1
2023544202323,2023,544202323,1,9,0,18,19,8,4,0,0,6,0,0,7,0,4,1,6,6,1,39,7,1598,2,12,SKODA FABIA,7,E01031857,0,-1
2023010477998,2023,010477998,1,9,3,9,9,5,3,0,0,2,0,0,0,0,0,1,6,6,1,34,6,1598,1,14,SKODA FABIA,7,E01003407,0,-1
2023531278060,2023,531278060,2,9,0,18,19,7,3,0,0,0,0,0,1,0,1,1,6,6,2,75,10,1198,1,9,SKODA FABIA,8,E01028808,0,-1
2023451351793,2023,451351793,2,9,0,18,19,5,1,0,0,0,0,0,0,0,1,1,6,6,1,19,4,1197,1,9,SKODA FABIA,9,E01030492,0,-1
2023070139293,2023,070139293,1,9,0,7,7,8,4,0,0,8,0,0,0,0,3,2,6,6,2,50,8,999,1,4,SKODA FABIA,2,E01018316,0,-1
2023070360265,2023,070360265,2,9,0,18,19,6,2,0,0,0,0,0,0,0,2,1,6,6,1,61,9,1896,2,22,SKODA FABIA,9,E01007195,0,-1
2023311272516,2023,311272516,2,9,0,3,3,1,5,0,0,0,0,0,0,0,2,1,6,6,1,45,7,1422,2,7,SKODA FABIA,8,E01027999,0,-1
2023101287170,2023,101287170,2,9,0,3,3,6,2,0,0,2,0,0,0,0,2,1,5,6,1,63,9,1197,1,8,SKODA FABIA,7,E01008243,0,-1
2023411380248,2023,411380248,2,9,0,9,9,7,3,0,0,1,0,0,0,0,1,1,5,6,1,64,9,999,1,2,SKODA FABIA,10,E01022084,0,-1
2023371370264,2023,371370264,1,9,0,18,19,4,8,0,0,0,0,0,0,0,0,1,5,6,1,27,6,1896,2,17,SKODA FABIA,8,E01030086,0,-1
2023440419227,2023,440419227,1,9,0,18,19,1,5,0,0,1,0,0,0,0,3,1,6,6,1,82,11,1198,1,14,SKODA FABIA,8,E01017060,0,-1
2023461283328,2023,461283328,2,9,0,4,4,7,3,0,0,0,0,0,0,0,2,1,6,6,2,30,6,999,1,6,SKODA FABIA,8,E01024803,0,-1
2023501350995,2023,501350995,1,9,0,16,19,7,3,0,0,0,5,0,7,10,1,1,6,6,1,18,4,1198,1,14,SKODA FABIA,4,E01015269,0,-1
2023531275099,2023,531275099,2,9,0,18,19,8,4,0,0,0,0,0,0,0,2,1,5,6,1,78,11,1197,1,9,SKODA FABIA,7,E01022444,0,-1
2023552300862,2023,552300862,1,9,0,18,19,6,2,0,0,0,0,0,0,0,3,1,6,6,1,30,6,1896,2,16,SKODA FABIA,6,E01020534,0,-1
2023461330019,2023,461330019,2,9,0,13,13,4,6,0,0,0,1,0,8,0,3,1,2,2,1,36,7,999,1,4,SKODA FABIA,5,E01016157,0,-1
2023440379074,2023,440379074,3,9,0,2,2,0,0,0,0,0,0,0,0,0,2,1,6,6,3,-1,-1,1198,1,17,SKODA FABIA,-1,-1,0,-1
2023070015250,2023,070015250,1,9,0,9,9,3,1,0,0,1,0,0,0,0,4,1,6,6,1,73,10,1197,1,8,SKODA FABIA,10,E01012461,0,-1
2023461383972,2023,461383972,1,9,0,18,19,7,3,0,0,0,0,0,0,0,1,1,6,6,1,24,5,999,1,5,SKODA FABIA,7,E01024592,0,-1
2023332301017,2023,332301017,2,9,0,7,7,1,3,0,0,5,0,0,0,0,1,1,6,6,2,78,11,1197,1,8,SKODA FABIA,9,E01025913,0,-1
202360A046465,2023,60A046465,1,9,0,9,9,7,5,0,0,8,0,0,0,0,1,1,6,6,1,21,5,999,1,5,SKODA FABIA,-1,-1,0,-1
2023061303745,2023,061303745,1,9,0,-1,-1,-1,-1,0,0,0,0,0,0,0,0,1,6,6,1,22,5,1896,2,20,SKODA FABIA,7,E01005771,0,-1
2023031276930,2023,031276930,1,9,0,18,19,5,1,0,0,0,0,0,0,0,1,1,6,6,1,18,4,1896,2,18,SKODA FABIA,7,E01019354,0,-1
2023421373848,2023,421373848,1,9,0,18,19,5,1,0,0,0,0,0,1,1,1,1,1,1,1,22,5,1198,1,10,SKODA FABIA,9,E01022099,0,-1
2023161285717,2023,161285717,2,9,0,10,10,7,3,0,0,2,1,0,1,0,2,1,6,6,1,64,9,999,1,4,SKODA FABIA,10,E01013420,0,-1
2023440531749,2023,440531749,2,9,0,5,5,4,8,0,0,8,0,0,0,0,4,1,6,6,2,23,5,1422,2,8,SKODA FABIA,1,E01017237,0,-1
2023010432268,2023,010432268,2,9,0,99,99,9,9,99,99,9,9,99,9,99,1,9,6,6,3,-1,-1,999,1,5,SKODA FABIA,-1,-1,0,-1
2023351289083,2023,351289083,2,9,0,18,19,3,7,0,0,0,0,0,0,0,1,1,6,6,2,63,9,1390,1,11,SKODA FABIA,10,E01031300,0,-1
2023061335794,2023,061335794,2,9,-1,-1,-1,-1,-1,-1,-1,-1,-1,-1,-1,0,-1,1,6,6,1,58,9,999,1,1,SKODA FABIA,9,E01004803,0,-1
2023010465075,2023,010465075,2,9,0,99,99,9,9,99,99,9,9,99,9,99,1,9,6,6,3,-1,-1,1197,1,8,SKODA FABIA,-1,-1,0,-1
2023141322985,2023,141322985,4,9,0,18,19,5,5,0,0,0,0,0,0,0,1,1,6,6,2,23,5,1198,1,15,SKODA FABIA,7,E01008087,0,-1
2023552400001,2023,552400001,2,9,0,3,3,4,8,0,0,0,0,0,0,0,3,1,6,6,1,61,9,999,1,0,SKODA FABIA,6,E01023017,0,-1
2023501366237,2023,501366237,2,9,0,2,2,5,5,8,6,0,0,0,0,0,1,1,5,6,1,28,6,1598,2,11,SKODA FABIA,3,E01015167,0,-1
2023501345726,2023,501345726,3,9,0,18,19,1,5,0,0,1,0,0,0,0,2,1,6,6,2,34,6,1197,1,13,SKODA FABIA,3,E01018769,0,-1
2023041295927,2023,041295927,1,9,0,12,12,1,5,0,0,3,0,0,0,0,1,1,5,6,1,20,4,999,1,6,SKODA FABIA,2,E01025290,0,-1
2023552301052,2023,552301052,2,9,0,18,19,6,2,0,0,8,0,0,0,0,1,1,2,2,2,22,5,1198,1,14,SKODA FABIA,5,E01020587,0,-1
2023421300165,2023,421300165,2,9,0,10,10,5,3,0,0,1,0,0,0,0,3,1,6,6,2,36,7,999,1,1,SKODA FABIA,1,E01021988,0,-1
2023451342538,2023,451342538,4,9,0,2,2,0,0,0,0,0,0,0,0,0,1,1,6,6,3,-1,-1,999,1,5,SKODA FABIA,-1,-1,0,-1
2023122301403,2023,122301403,1,9,0,13,13,1,5,0,0,0,0,0,0,0,4,1,6,6,1,28,6,999,1,6,SKODA FABIA,3,E01027991,0,-1
2023461392923,2023,461392923,2,9,0,9,9,7,3,0,0,3,0,0,0,0,4,1,1,1,1,25,5,1390,1,18,SKODA FABIA,4,E01024164,0,-1
2023052301436,2023,052301436,2,9,0,3,3,3,7,0,0,0,0,0,0,0,2,1,6,6,1,28,6,1198,1,13,SKODA FABIA,3,E01007177,0,-1
2023471354338,2023,471354338,1,9,0,7,7,5,7,0,0,1,0,0,1,0,4,1,6,6,1,-1,-1,1598,1,15,SKODA FABIA,2,E01031437,0,-1
2023411347485,2023,411347485,2,9,0,3,3,7,1,0,0,1,0,11,0,0,1,1,5,6,1,46,8,1198,1,19,SKODA FABIA,5,E01023843,0,-1
2023101383324,2023,101383324,2,9,0,18,19,7,3,0,0,0,0,0,0,0,1,1,6,6,1,73,10,1598,2,10,SKODA FABIA,6,E01027487,0,-1
2023161316982,2023,161316982,2,9,0,18,19,7,3,0,0,8,1,10,1,0,4,1,6,6,1,29,6,1198,1,14,SKODA FABIA,9,E01012955,0,-1
2023440171247,2023,440171247,1,9,0,5,5,5,1,0,0,8,0,0,0,0,4,1,2,2,1,55,8,999,1,5,SKODA FABIA,6,E01017173,0,-1
2023430412885,2023,430412885,1,9,0,7,7,4,6,0,0,5,0,0,0,0,4,1,6,6,2,75,10,999,1,5,SKODA FABIA,-1,-1,0,-1
2023010477791,2023,010477791,1,9,0,4,4,3,7,0,0,1,0,0,0,0,2,1,6,6,2,33,6,1390,1,17,SKODA FABIA,2,E01003063,0,-1
2023531383313,2023,531383313,1,9,0,18,19,5,1,0,0,0,1,0,1,4,3,1,1,1,2,51,8,1390,1,18,SKODA FABIA,4,E01022424,0,-1
2023522301014,2023,522301014,1,9,0,17,19,8,6,0,0,8,0,0,0,0,4,1,6,6,2,53,8,1598,2,11,SKODA FABIA,10,E01014477,0,-1
2023031347288,2023,031347288,3,9,0,18,19,5,1,0,0,1,0,0,0,0,1,1,5,6,2,31,6,1197,1,8,SKODA FABIA,7,E01019091,0,-1
2023471266739,2023,471266739,1,9,0,1,1,-1,-1,0,0,0,0,0,0,0,2,1,6,6,1,61,9,1422,2,16,SKODA FABIA,7,E01021205,0,-1
2023010430319,2023,010430319,1,9,0,18,19,3,7,0,0,1,1,0,2,7,2,1,6,6,2,67,10,1197,1,8,SKODA FABIA,7,E01016510,0,-1
2023131350065,2023,131350065,1,9,0,-1,-1,-1,-1,-1,-1,-1,-1,-1,-1,-1,-1,1,6,6,3,-1,-1,999,1,5,SKODA FABIA,-1,-1,0,-1
2023361320524,2023,361320524,1,9,0,18,19,8,4,0,0,0,2,0,0,0,1,1,2,2,1,45,7,1896,2,15,SKODA FABIA,-1,-1,0,-1
2023430239494,2023,430239494,2,9,0,3,3,3,7,0,0,1,0,0,0,0,2,1,6,6,1,30,6,1422,2,18,SKODA FABIA,-1,-1,0,-1
2023371395178,2023,371395178,1,9,0,18,19,6,2,0,0,1,0,0,0,0,3,1,5,6,1,74,10,1198,1,20,SKODA FABIA,1,E01024614,0,-1
2023201399162,2023,201399162,1,9,0,18,19,1,5,0,0,0,0,0,0,0,0,1,2,2,1,36,7,1198,1,17,SKODA FABIA,-1,-1,0,-1
2023401325681,2023,401325681,2,9,0,15,15,2,7,0,0,0,0,0,0,0,1,1,6,6,1,23,5,1390,1,20,SKODA FABIA,2,E01015794,0,-1
2023332301079,2023,332301079,1,9,0,16,19,3,5,0,0,8,0,0,7,2,1,1,6,6,2,19,4,1197,1,12,SKODA FABIA,8,W01001569,0,-1
2023302300780,2023,302300780,1,9,0,14,14,6,1,0,0,0,0,0,0,0,4,2,6,6,2,58,9,1197,1,11,SKODA FABIA,4,E01019516,0,-1
2023141334187,2023,141334187,3,9,0,2,2,0,0,0,0,0,0,0,0,0,2,1,6,6,3,-1,-1,1598,2,12,SKODA FABIA,-1,-1,0,-1
2023041377100,2023,041377100,2,9,0,9,9,5,1,1,1,1,0,0,0,0,3,1,5,6,2,68,10,1198,1,17,SKODA FABIA,3,E01025094,0,-1
2023061381596,2023,061381596,1,9,0,18,19,5,1,0,0,8,1,0,7,0,1,1,6,6,1,24,5,999,1,5,SKODA FABIA,1,E01005106,0,-1
2023501324997,2023,501324997,3,9,0,4,4,2,6,0,0,2,0,0,0,0,2,1,6,6,1,48,8,999,1,5,SKODA FABIA,3,E01015166,0,-1
2023131311976,2023,131311976,1,9,0,18,19,5,1,0,0,0,0,0,0,0,1,1,5,6,1,21,5,1197,1,7,SKODA FABIA,2,E01011324,0,-1
2023520400330,2023,520400330,1,9,0,18,19,5,1,0,0,0,0,0,0,0,1,1,6,6,1,19,4,1896,2,19,SKODA FABIA,6,E01029228,0,-1
2023461357468,2023,461357468,2,9,0,7,7,1,3,0,0,0,0,0,0,0,4,1,2,2,1,61,9,999,1,5,SKODA FABIA,5,E01024393,0,-1
2023540625723,2023,540625723,4,9,0,3,3,5,1,0,0,0,0,0,0,0,2,1,6,6,1,51,8,1197,1,12,SKODA FABIA,9,E01022393,0,-1
2023221392666,2023,221392666,1,9,0,6,6,2,2,0,0,1,0,0,0,0,1,1,6,6,1,18,4,1598,2,10,SKODA FABIA,4,E01014020,0,-1
2023991294496,2023,991294496,1,9,0,18,19,3,8,0,0,3,0,0,1,2,1,1,5,6,2,40,7,999,1,8,SKODA FABIA,1,-1,0,-1
2023991316431,2023,991316431,2,9,0,4,4,6,2,0,0,1,0,0,0,0,2,1,6,6,2,72,10,1197,1,7,SKODA FABIA,-1,-1,0,-1
2023361265091,2023,361265091,2,9,0,10,10,7,3,0,0,1,0,0,0,0,2,1,6,6,2,49,8,999,1,1,SKODA FABIA,7,E01026539,0,-1
2023070167334,2023,070167334,1,9,0,18,19,5,2,9,9,3,1,0,0,0,0,1,6,6,1,-1,-1,1598,2,12,SKODA FABIA,8,E01018655,0,-1
2023552300310,2023,552300310,1,9,0,18,19,7,3,0,0,8,0,0,0,0,1,1,6,6,1,77,11,1197,1,7,SKODA FABIA,6,E01020433,0,-1
2023430100505,2023,430100505,2,9,0,18,19,4,8,0,0,1,0,0,0,0,2,1,6,6,1,20,4,1198,1,11,SKODA FABIA,5,E01028505,0,-1
2023010438792,2023,010438792,1,9,0,18,19,5,1,0,0,0,0,0,0,0,4,1,6,6,1,39,7,1422,2,8,SKODA FABIA,2,E01004327,0,-1
2023201398615,2023,201398615,1,9,0,18,19,4,8,0,0,1,0,0,0,0,1,1,6,6,1,67,10,1198,1,11,SKODA FABIA,1,E01033650,0,-1
2023440329260,2023,440329260,1,9,0,9,9,6,4,0,0,6,0,0,0,0,1,1,6,6,1,79,11,1197,1,8,SKODA FABIA,7,E01023225,0,-1
2023201318112,2023,201318112,1,9,0,18,19,5,1,0,0,4,0,10,1,1,1,1,6,6,1,21,5,1197,1,12,SKODA FABIA,1,E01009488,0,-1
2023631337644,2023,631337644,2,9,0,18,19,4,8,0,0,0,0,0,0,0,3,1,5,6,1,23,5,1197,1,13,SKODA FABIA,3,E01005039,0,-1
2023546744423,2023,546744423,2,9,0,18,19,3,7,0,0,8,0,0,0,0,1,1,2,2,1,35,6,1598,2,10,SKODA FABIA,4,E01015494,0,-1
2023131324793,2023,131324793,2,9,0,18,19,1,5,0,0,8,0,0,0,0,4,1,5,6,1,64,9,1598,2,12,SKODA FABIA,4,E01011804,0,-1
2023061325091,2023,061325091,1,9,0,16,19,3,7,0,0,1,0,0,0,0,1,1,5,6,1,30,6,999,1,3,SKODA FABIA,-1,-1,0,-1
2023371282483,2023,371282483,1,9,0,16,19,3,2,0,0,0,0,10,7,10,1,1,6,6,1,67,10,999,1,6,SKODA FABIA,6,E01030135,0,-1
2023430266760,2023,430266760,2,9,0,4,4,2,6,0,0,0,5,0,1,0,2,1,6,6,2,70,10,1197,1,8,SKODA FABIA,7,E01028818,0,-1
2023041287594,2023,041287594,1,9,0,18,19,6,2,0,0,4,0,0,0,0,1,1,6,6,1,32,6,1197,1,10,SKODA FABIA,8,E01025599,0,-1
2023311314824,2023,311314824,1,9,0,5,5,8,4,0,0,1,0,0,0,0,1,1,6,6,2,22,5,999,1,6,SKODA FABIA,10,E01006136,0,-1
2023622300088,2023,622300088,1,9,0,18,19,2,6,0,0,0,1,7,0,0,1,1,1,1,1,39,7,1598,7,14,SKODA FABIA,4,W01001050,0,-1
2023141321671,2023,141321671,1,9,0,10,10,1,6,0,0,1,0,0,0,0,1,1,6,6,1,61,9,999,1,1,SKODA FABIA,2,E01007717,0,-1
2023501310724,2023,501310724,1,9,0,4,4,1,6,0,0,0,0,0,0,0,1,1,6,6,2,21,5,1198,1,16,SKODA FABIA,8,E01018855,0,-1
2023201315947,2023,201315947,2,9,0,5,5,5,1,0,0,6,0,0,0,0,3,1,6,6,1,32,6,1197,1,10,SKODA FABIA,1,E01008910,0,-1
2023461343477,2023,461343477,2,9,0,4,4,4,8,0,0,0,0,0,0,0,2,1,6,6,2,56,9,999,1,4,SKODA FABIA,6,E01024065,0,-1
2023131362993,2023,131362993,2,9,0,7,7,1,7,0,0,1,0,0,0,0,1,1,5,6,2,75,10,1197,1,7,SKODA FABIA,4,E01011647,0,-1
2023421316251,2023,421316251,2,9,0,10,10,3,1,0,0,1,0,0,0,0,1,1,6,6,2,57,9,1198,1,14,SKODA FABIA,2,E01004384,0,-1
202360A104387,2023,60A104387,2,9,0,18,19,2,6,0,0,8,0,0,7,11,1,1,6,6,2,49,8,1422,2,14,SKODA FABIA,-1,-1,0,-1
2023031348214,2023,031348214,1,9,0,9,9,7,3,0,0,8,0,0,0,0,1,1,6,6,2,56,9,1199,2,10,SKODA FABIA,4,E01019389,0,-1
2023070946161,2023,070946161,1,9,0,5,5,2,6,0,0,6,0,0,0,0,3,1,6,6,1,86,11,1198,1,18,SKODA FABIA,9,E01018529,0,-1
2023131368060,2023,131368060,1,9,0,9,9,3,5,0,0,2,0,0,0,0,3,1,6,6,3,-1,-1,1197,1,11,SKODA FABIA,-1,-1,0,-1
2023351368954,2023,351368954,1,9,0,18,19,7,3,0,0,1,0,0,0,0,1,1,1,1,2,50,8,1198,1,17,SKODA FABIA,5,E01030105,0,-1
2023531390830,2023,531390830,2,9,0,18,19,7,3,9,9,0,0,0,7,9,1,1,5,6,2,49,8,1199,2,11,SKODA FABIA,7,E01022221,0,-1
202360A007435,2023,60A007435,1,9,0,18,19,5,1,0,0,0,1,0,0,0,1,1,2,2,1,60,9,999,1,3,SKODA FABIA,-1,-1,0,-1
2023131366234,2023,131366234,2,9,0,9,9,5,1,0,0,5,0,0,0,0,3,1,5,6,2,26,6,1197,1,8,SKODA FABIA,2,E01010981,0,-1
2023101286495,2023,101286495,5,9,0,2,2,0,0,0,0,0,0,0,0,0,2,1,6,6,3,-1,-1,996,1,8,SUZUKI CELERIO,-1,-1,0,-1
2023991337297,2023,991337297,2,9,0,18,19,6,2,0,0,8,0,0,0,0,3,1,6,6,2,55,8,998,1,5,SUZUKI CELERIO,7,-1,0,-1
2023552300707,2023,552300707,2,9,0,18,19,6,2,0,0,0,0,0,0,0,1,1,6,6,1,52,8,996,1,7,SUZUKI CELERIO,5,E01015334,0,-1
2023522400884,2023,522400884,1,9,0,9,9,2,8,0,0,8,0,0,0,0,3,1,6,6,1,32,6,996,1,7,SUZUKI CELERIO,3,E01001789,0,-1
2023451325529,2023,451325529,1,9,0,3,3,5,1,0,0,3,0,0,0,0,2,1,2,2,2,48,8,998,1,7,SUZUKI CELERIO,9,E01016513,0,-1