collision_index,collision_year,collision_ref_no,vehicle_reference,vehicle_type,towing_and_articulation,vehicle_manoeuvre_historic,vehicle_manoeuvre,vehicle_direction_from,vehicle_direction_to,vehicle_location_restricted_lane_historic,vehicle_location_restricted_lane,junction_location,skidding_and_overturning,hit_object_in_carriageway,vehicle_leaving_carriageway,hit_object_off_carriageway,first_point_of_impact,vehicle_left_hand_drive,journey_purpose_of_driver_historic,journey_purpose_of_driver,sex_of_driver,age_of_driver,age_band_of_driver,engine_capacity_cc,propulsion_code,age_of_vehicle,generic_make_model,driver_imd_decile,lsoa_of_driver,escooter_flag,driver_distance_banding
2023430324008,2023,430324008,2,9,0,3,3,4,8,0,0,1,0,0,0,0,2,1,6,6,1,34,6,996,1,6,SUZUKI CELERIO,4,E01016725,0,-1
2023122301091,2023,122301091,4,9,0,2,2,0,0,0,0,0,0,0,0,0,2,1,6,6,3,-1,-1,998,1,6,SUZUKI CELERIO,-1,-1,0,-1
2023101339163,2023,101339163,4,9,0,2,2,0,0,9,9,1,0,0,0,0,1,1,6,6,3,-1,-1,998,1,8,SUZUKI CELERIO,-1,-1,0,-1
2023991358476,2023,991358476,1,9,0,18,19,7,4,0,0,4,0,0,0,0,3,1,5,6,1,71,10,996,1,7,SUZUKI CELERIO,3,-1,0,-1
2023522400247,2023,522400247,1,9,0,18,19,2,6,0,0,0,5,0,2,7,4,1,6,6,1,36,7,998,1,4,SUZUKI CELERIO,1,E01014729,0,-1
2023111409211,2023,111409211,1,9,0,4,4,8,4,0,0,1,0,0,0,0,1,1,6,6,2,19,4,998,1,8,SUZUKI CELERIO,3,E01020616,0,-1
2023101375309,2023,101375309,1,9,0,9,9,4,8,0,0,8,0,0,0,0,1,1,6,6,2,70,10,998,1,6,SUZUKI CELERIO,-1,-1,0,-1
2023401378099,2023,401378099,1,9,0,18,19,6,2,0,0,8,0,0,0,0,1,1,5,6,1,46,8,996,1,8,SUZUKI CELERIO,2,E01015787,0,-1
2023071037316,2023,071037316,2,9,0,10,10,3,6,0,0,8,0,0,0,0,2,1,6,6,1,52,8,998,1,7,SUZUKI CELERIO,9,E01018737,0,-1
2023622300490,2023,622300490,1,9,0,18,19,1,5,0,0,0,0,0,0,0,1,1,6,6,1,58,9,998,1,5,SUZUKI CELERIO,3,W01001025,0,-1
2023131300076,2023,131300076,1,9,0,18,19,3,7,0,0,0,0,0,0,0,1,1,6,6,2,33,6,996,1,7,SUZUKI CELERIO,1,E01010926,0,-1
202363A022723,2023,63A022723,1,9,0,16,19,5,8,0,0,0,1,0,8,3,1,1,6,6,1,17,4,998,1,5,SUZUKI CELERIO,8,W01000680,0,-1
2023111392178,2023,111392178,1,9,0,5,5,3,7,9,9,1,0,0,3,0,1,1,5,6,2,73,10,998,1,8,SUZUKI CELERIO,-1,-1,0,-1
2023052302219,2023,052302219,2,9,0,3,3,7,3,0,0,0,0,0,0,0,2,1,6,6,2,54,8,998,1,8,SUZUKI CELERIO,2,E01006813,0,-1
2023031307025,2023,031307025,1,9,0,18,19,1,4,0,0,0,0,0,0,0,1,1,5,6,1,78,11,996,1,7,SUZUKI CELERIO,4,E01019281,0,-1
2023041346109,2023,041346109,2,9,0,18,19,5,1,0,0,0,0,0,0,0,3,1,5,6,1,44,7,998,1,4,SUZUKI CELERIO,10,E01025022,0,-1
2023622300805,2023,622300805,1,9,0,6,6,4,4,0,0,0,0,0,0,0,3,1,4,7,1,89,11,998,1,6,SUZUKI CELERIO,4,W01001800,0,-1
2023361361024,2023,361361024,2,9,0,4,4,6,2,0,0,0,0,0,0,0,2,1,5,6,1,53,8,996,1,6,SUZUKI CELERIO,6,E01026678,0,-1
2023010462344,2023,010462344,1,9,0,3,3,5,1,0,0,1,0,0,0,0,4,1,6,6,1,37,7,996,1,6,SUZUKI CELERIO,8,E01002150,0,-1
2023501394582,2023,501394582,1,9,0,9,9,3,5,0,0,5,0,0,0,0,3,1,5,6,2,44,7,998,1,5,SUZUKI CELERIO,8,E01020003,0,-1
2023052300752,2023,052300752,1,9,0,18,19,3,7,0,0,0,0,0,0,0,1,1,6,6,2,68,10,998,1,6,SUZUKI CELERIO,10,E01007191,0,-1
2023070932839,2023,070932839,1,9,0,17,19,7,3,0,0,8,0,0,0,0,3,1,6,6,1,70,10,996,1,8,SUZUKI CELERIO,10,E01018419,0,-1
2023041284688,2023,041284688,1,9,0,18,19,3,7,9,9,0,1,0,1,11,1,1,1,1,1,27,6,998,1,5,SUZUKI CELERIO,10,E01024997,0,-1
2023122300458,2023,122300458,2,9,0,17,19,2,8,0,0,8,0,0,0,0,3,1,6,6,2,66,10,996,1,8,SUZUKI CELERIO,9,E01027919,0,-1
2023041326644,2023,041326644,1,9,0,18,19,6,2,0,0,1,0,0,7,7,1,1,5,6,1,71,10,998,1,8,SUZUKI CELERIO,8,E01009506,0,-1
2023440067337,2023,440067337,2,9,0,18,19,2,6,0,0,8,0,0,0,0,1,1,6,6,2,36,7,998,1,4,SUZUKI CELERIO,4,E01022552,0,-1
2023451331992,2023,451331992,1,9,0,17,19,8,4,0,0,2,0,0,1,2,1,1,6,6,2,90,11,998,1,4,SUZUKI CELERIO,10,E01030340,0,-1
2023401374760,2023,401374760,2,9,0,3,3,-1,-1,0,0,1,0,0,0,0,2,1,2,2,2,59,9,998,1,6,SUZUKI CELERIO,2,E01015737,0,-1
2023546744423,2023,546744423,1,9,0,9,9,7,5,0,0,8,0,0,0,0,1,1,1,1,2,23,5,998,1,8,SUZUKI CELERIO,4,E01015480,0,-1
2023131355021,2023,131355021,1,9,0,18,19,3,5,0,0,8,0,0,0,0,4,1,5,6,2,58,9,998,1,7,SUZUKI CELERIO,8,E01011169,0,-1
2023131260755,2023,131260755,3,9,0,2,2,0,0,0,0,0,0,0,0,0,2,1,6,6,3,-1,-1,996,1,7,SUZUKI CELERIO,-1,-1,0,-1
2023111273841,2023,111273841,1,9,0,18,19,5,1,0,0,1,0,0,0,0,1,1,6,6,2,30,6,996,1,7,SUZUKI CELERIO,-1,-1,0,-1
2023361309531,2023,361309531,1,9,0,5,5,8,4,0,0,6,0,0,0,0,1,1,5,6,1,74,10,998,1,4,SUZUKI CELERIO,5,E01026681,0,-1
2023010435385,2023,010435385,2,9,0,99,99,9,9,99,99,9,9,99,9,99,1,9,6,6,3,-1,-1,998,1,5,SUZUKI CELERIO,3,E01004630,0,-1
2023461383721,2023,461383721,1,9,0,18,19,7,3,0,0,3,0,0,0,0,1,1,6,6,1,58,9,998,1,5,SUZUKI CELERIO,10,E01032809,0,-1
2023531310674,2023,531310674,1,9,0,5,5,1,5,0,0,5,0,0,0,0,1,1,5,6,2,86,11,996,1,7,SUZUKI CELERIO,6,E01022194,0,-1
2023031307141,2023,031307141,1,9,0,18,19,3,7,0,0,0,0,0,0,0,1,1,6,6,1,37,7,996,1,6,SUZUKI CELERIO,-1,-1,0,-1
2023991314364,2023,991314364,2,9,0,18,19,6,2,0,0,8,1,0,0,0,1,1,6,6,2,58,9,998,1,8,SUZUKI CELERIO,5,-1,0,-1
2023320003117,2023,320003117,1,9,0,18,19,8,4,0,0,0,0,0,0,0,3,1,2,2,1,69,10,998,1,8,SUZUKI CELERIO,4,E01026105,0,-1
2023070611712,2023,070611712,2,9,0,7,7,6,2,0,0,1,0,0,8,11,1,1,6,6,2,86,11,998,1,7,SUZUKI CELERIO,9,E01018339,0,-1
2023340NN1102,2023,340NN1102,2,9,0,2,2,0,0,9,9,2,0,0,1,11,2,1,6,6,3,-1,-1,996,1,6,SUZUKI CELERIO,-1,-1,0,-1
2023522301352,2023,522301352,1,9,0,3,3,1,5,0,0,1,0,0,0,0,2,1,6,6,2,26,6,998,1,5,SUZUKI CELERIO,9,E01014748,0,-1
2023061376629,2023,061376629,2,9,-1,-1,-1,-1,-1,-1,-1,0,-1,-1,-1,0,-1,1,6,6,2,59,9,996,1,7,SUZUKI CELERIO,1,E01026073,0,-1
2023471337491,2023,471337491,1,9,0,18,19,1,5,0,0,0,0,0,0,0,1,1,5,6,2,54,8,998,1,8,SUZUKI CELERIO,9,E01024853,0,-1
2023340NN0332,2023,340NN0332,1,9,0,18,19,7,3,0,0,8,0,0,1,0,1,1,6,6,2,79,11,996,1,6,SUZUKI CELERIO,9,E01027084,0,-1
2023041277342,2023,041277342,1,9,0,18,19,3,7,0,0,1,0,0,7,2,1,1,5,6,1,39,7,996,1,7,SUZUKI CELERIO,1,E01012575,0,-1
2023552300563,2023,552300563,1,9,0,4,4,4,8,0,0,0,0,0,0,0,2,1,6,6,1,27,6,998,1,5,SUZUKI CELERIO,8,E01015311,0,-1
2023991392596,2023,991392596,1,9,0,9,9,6,4,0,0,1,0,0,0,0,1,1,6,6,1,18,4,996,1,7,SUZUKI CELERIO,3,-1,0,-1
2023031356609,2023,031356609,1,9,0,18,19,1,5,0,0,0,0,0,0,0,1,1,2,2,2,26,6,996,1,7,SUZUKI CELERIO,-1,-1,0,-1
2023141375097,2023,141375097,1,9,0,7,7,3,6,0,0,6,0,0,0,0,1,1,6,6,1,29,6,998,1,8,SUZUKI CELERIO,2,E01008107,0,-1
2023131295606,2023,131295606,2,9,0,5,5,7,5,0,0,2,0,0,0,0,1,1,5,6,2,91,11,996,1,7,SUZUKI CELERIO,8,E01010672,0,-1
2023461337121,2023,461337121,2,9,0,18,19,3,2,0,0,8,1,0,0,0,3,1,5,6,2,51,8,996,1,7,SUZUKI CELERIO,2,E01024616,0,-1
2023201289039,2023,201289039,4,9,0,18,19,6,2,0,0,0,0,0,0,0,1,1,6,6,2,55,8,998,1,6,SUZUKI CELERIO,1,E01010366,0,-1
2023440170523,2023,440170523,2,9,0,3,3,3,7,0,0,1,0,0,0,0,3,1,6,6,1,36,7,998,1,8,SUZUKI CELERIO,1,E01014729,0,-1
2023332301032,2023,332301032,1,9,0,18,19,2,6,0,0,0,1,0,1,10,3,1,6,6,2,58,9,998,1,8,SUZUKI CELERIO,5,E01025884,0,-1
2023141328344,2023,141328344,1,9,0,18,19,7,3,0,0,0,0,0,0,0,3,1,5,6,2,24,5,998,1,8,SUZUKI CELERIO,1,E01007411,0,-1
2023221342202,2023,221342202,2,9,0,2,2,0,0,0,0,1,0,0,0,0,1,1,5,6,1,38,7,996,1,6,SUZUKI CELERIO,6,E01028943,0,-1
2023440252139,2023,440252139,1,9,0,18,19,5,1,0,0,2,0,0,0,0,1,1,6,6,1,90,11,998,1,7,SUZUKI CELERIO,10,E01023047,0,-1
2023320675819,2023,320675819,1,9,0,13,13,5,1,0,0,0,0,0,0,0,1,1,6,6,1,65,9,998,1,8,SUZUKI CELERIO,3,E01026023,0,-1
2023991261591,2023,991261591,2,9,0,18,19,5,1,0,0,1,0,0,0,0,4,1,1,1,1,60,9,998,1,5,SUZUKI CELERIO,1,-1,0,-1
2023622300696,2023,622300696,4,9,0,2,2,0,0,6,6,1,0,0,0,0,3,1,6,6,3,-1,-1,996,1,7,SUZUKI CELERIO,-1,-1,0,-1
2023101342594,2023,101342594,3,9,0,4,4,7,3,0,0,0,0,0,0,0,2,1,2,2,2,63,9,998,1,7,SUZUKI CELERIO,1,E01008689,0,-1
2023461303266,2023,461303266,2,9,0,18,19,7,3,0,0,8,0,0,0,0,1,1,6,6,1,57,9,998,1,8,SUZUKI CELERIO,3,E01024608,0,-1
2023131299790,2023,131299790,2,9,0,18,19,5,1,0,0,4,0,0,0,0,3,1,5,6,1,34,6,998,1,7,SUZUKI CELERIO,1,E01010635,0,-1
2023010428661,2023,010428661,1,9,0,16,19,3,5,0,0,0,0,0,0,0,1,1,6,6,1,40,7,998,1,8,SUZUKI CELERIO,3,E01003068,0,-1
2023161325676,2023,161325676,1,9,0,8,8,4,8,0,0,1,0,0,0,0,2,1,6,6,2,-1,-1,996,1,8,SUZUKI CELERIO,9,E01013216,0,-1
2023052301344,2023,052301344,1,9,0,9,9,1,5,0,0,1,0,0,0,0,1,1,6,6,1,21,5,998,1,6,SUZUKI CELERIO,3,E01014296,0,-1
2023302300738,2023,302300738,1,9,0,17,19,2,6,0,0,1,0,0,0,0,1,1,6,6,1,74,10,996,1,6,SUZUKI CELERIO,4,E01019458,0,-1
2023170H10773,2023,170H10773,1,9,0,9,9,3,1,0,0,8,0,0,0,0,4,1,6,6,2,53,8,998,1,8,SUZUKI CELERIO,-1,-1,0,-1
2023010483762,2023,010483762,2,9,0,3,3,7,3,0,0,1,0,0,0,0,1,1,6,6,2,30,6,998,1,8,SUZUKI CELERIO,3,E01000499,0,-1
202360A038218,2023,60A038218,1,9,0,18,19,2,6,0,0,0,1,0,8,4,1,1,6,6,2,88,11,998,1,8,SUZUKI CELERIO,-1,-1,0,-1
2023170S31343,2023,170S31343,1,9,0,18,19,5,1,0,0,4,0,0,0,0,1,1,6,6,2,74,10,998,1,5,SUZUKI CELERIO,-1,-1,0,-1
2023552300623,2023,552300623,2,4,0,18,19,5,1,0,0,8,0,0,0,0,1,1,6,6,1,29,6,248,1,9,-1,3,E01033242,0,-1
2023311263488,2023,311263488,2,4,0,18,19,5,1,0,0,8,1,0,0,0,1,1,5,6,1,22,5,248,1,10,-1,7,E01033410,0,-1
2023010469207,2023,010469207,2,4,0,14,14,7,3,0,0,1,0,0,0,0,4,1,6,6,1,53,8,248,1,10,-1,10,E01023453,0,-1
2023010475586,2023,010475586,2,4,0,18,19,5,1,0,0,8,5,0,0,0,1,1,6,6,1,22,5,248,1,10,-1,-1,-1,0,-1
202363C022923,2023,63C022923,2,2,0,18,19,4,8,0,0,1,1,0,0,0,0,1,2,2,1,20,4,248,1,8,-1,8,W01000616,0,-1
2023501334104,2023,501334104,1,4,0,16,19,3,6,0,0,3,5,0,1,0,3,1,5,6,1,79,11,248,1,8,-1,5,E01018842,0,-1
2023340NN1482,2023,340NN1482,1,4,0,17,19,8,6,0,0,0,0,0,0,0,3,1,6,6,1,36,7,645,1,20,-1,8,E01026980,0,-1
2023340WN2452,2023,340WN2452,2,5,0,18,19,1,5,0,0,8,0,0,0,0,4,1,2,2,1,22,5,645,1,5,SUZUKI SV 650,9,E01027201,0,-1
2023991299735,2023,991299735,2,5,0,18,19,5,1,0,0,0,0,0,0,0,2,1,5,6,1,24,5,645,1,23,SUZUKI SV 650,3,-1,0,-1
2023351325272,2023,351325272,1,5,-1,-1,-1,6,2,-1,-1,0,-1,-1,-1,0,-1,1,2,2,1,22,5,645,1,1,SUZUKI SV 650,6,E01017951,0,-1
2023440077162,2023,440077162,1,3,0,18,19,5,1,0,0,0,0,0,0,0,1,1,6,6,1,21,5,645,1,8,-1,5,E01017084,0,-1
2023991325521,2023,991325521,2,2,0,18,19,1,4,0,0,1,0,0,0,0,1,1,1,1,1,35,6,645,1,17,-1,3,-1,0,-1
2023052302492,2023,052302492,2,5,0,18,19,7,1,0,0,8,1,0,0,0,1,1,6,6,1,32,6,645,1,24,SUZUKI SV 650,5,E01007056,0,-1
2023411380300,2023,411380300,1,5,0,18,19,3,7,0,0,0,0,0,0,0,1,1,2,2,1,28,6,645,1,3,SUZUKI SV 650,7,E01015709,0,-1
2023991348773,2023,991348773,1,5,0,7,7,6,1,0,0,0,2,0,7,0,4,1,5,6,1,22,5,645,1,16,SUZUKI SV 650,8,-1,0,-1
2023471383676,2023,471383676,2,5,0,9,9,2,7,0,0,3,1,0,0,0,4,1,2,2,1,27,6,645,1,3,SUZUKI SV 650,1,E01022917,0,-1
2023552300763,2023,552300763,1,5,0,4,4,2,6,0,0,0,0,0,0,0,1,1,6,6,1,20,4,645,1,10,SUZUKI SV 650,10,E01029160,0,-1
2023122300864,2023,122300864,1,5,0,16,19,4,7,0,0,0,1,0,7,0,0,1,6,6,1,80,11,645,1,1,SUZUKI SV 650,8,E01027661,0,-1
2023041292622,2023,041292622,1,5,0,13,13,5,1,0,0,8,5,0,0,0,4,1,5,6,1,20,4,645,1,19,SUZUKI SV 650,6,E01025402,0,-1
202363A022823,2023,63A022823,1,5,0,18,19,5,1,0,0,0,1,0,1,2,1,1,6,6,1,35,6,645,1,21,SUZUKI SV 650,4,W01000672,0,-1
2023070373244,2023,070373244,1,5,0,13,13,2,5,0,0,1,0,0,7,0,1,1,6,6,1,60,9,645,1,16,SUZUKI SV 650,8,W01000418,0,-1
2023010475946,2023,010475946,1,5,0,99,99,9,9,99,99,9,9,99,9,99,9,1,6,6,1,23,5,645,1,0,SUZUKI SV 650,3,E01000630,0,-1
2023010437897,2023,010437897,1,5,0,18,19,3,7,0,0,1,1,0,0,0,2,1,6,6,1,42,7,645,1,15,SUZUKI SV 650,6,E01000414,0,-1
2023451331880,2023,451331880,2,5,0,18,19,3,7,0,0,0,0,0,0,0,1,1,6,6,1,58,9,645,1,21,SUZUKI SV 650,8,E01030479,0,-1
2023440040245,2023,440040245,2,5,0,13,13,6,2,0,0,1,0,0,0,0,4,1,6,6,1,23,5,645,1,16,SUZUKI SV 650,2,E01017326,0,-1
2023421350871,2023,421350871,2,4,0,5,5,6,1,0,0,0,2,0,4,0,4,1,5,6,1,27,6,645,1,4,-1,3,E01033051,0,-1
2023451313412,2023,451313412,1,5,0,18,19,1,5,0,0,0,5,0,0,0,4,1,5,6,1,48,8,645,1,6,SUZUKI SV 650,7,E01030576,0,-1
2023501316240,2023,501316240,1,5,0,17,19,2,6,0,0,0,1,0,1,10,1,1,5,6,2,34,6,645,1,15,SUZUKI SV 650,6,E01020160,0,-1
2023421393441,2023,421393441,1,5,0,18,19,3,7,0,0,0,1,10,0,0,1,1,2,2,1,25,5,645,1,21,SUZUKI SV 650,-1,-1,0,-1
2023010459581,2023,010459581,2,5,0,13,13,5,1,0,0,1,5,10,0,0,4,1,6,6,1,48,8,645,1,10,SUZUKI SV 650,5,E01000281,0,-1
2023221315793,2023,221315793,1,5,0,17,19,7,5,0,0,0,1,0,0,0,4,1,5,6,1,37,7,645,1,9,SUZUKI SV 650,9,E01022436,0,-1
2023302301208,2023,302301208,1,5,0,18,19,8,4,0,0,1,0,0,0,0,1,1,6,6,1,32,6,645,1,22,SUZUKI SV 650,8,E01019764,0,-1
2023231333839,2023,231333839,1,5,0,16,19,4,7,0,0,0,1,0,0,0,0,1,5,6,1,39,7,645,1,1,SUZUKI SV 650,6,E01003754,0,-1
2023010445024,2023,010445024,2,4,0,7,7,3,5,0,0,1,0,0,0,0,3,1,6,6,1,48,8,645,1,5,-1,10,E01024474,0,-1
2023501367896,2023,501367896,1,4,0,18,19,3,7,0,0,2,1,0,0,0,2,1,6,6,2,23,5,645,1,15,-1,9,E01015141,0,-1
2023010469339,2023,010469339,1,5,0,5,5,5,1,0,0,2,0,0,0,0,1,1,2,2,1,66,10,645,1,8,SUZUKI SV 650,4,E01001645,0,-1
2023430125277,2023,430125277,1,5,0,18,19,8,4,0,0,4,0,0,0,0,3,1,6,6,1,32,6,645,1,6,SUZUKI SV 650,9,E01017759,0,-1
2023010439074,2023,010439074,1,5,0,18,19,3,7,0,0,2,0,0,0,0,1,1,2,2,1,44,7,645,1,14,SUZUKI SV 650,7,E01024137,0,-1
2023361343530,2023,361343530,1,5,0,18,19,3,7,0,0,0,1,0,0,0,1,1,6,6,1,42,7,645,1,19,SUZUKI SV 650,6,E01026449,0,-1
2023010444348,2023,010444348,1,5,0,99,99,9,9,99,99,9,9,99,9,99,1,1,2,2,1,30,6,645,1,14,SUZUKI SV 650,4,E01001137,0,-1
2023052302201,2023,052302201,2,5,0,13,13,5,1,0,0,0,1,0,7,10,1,1,6,6,1,27,6,645,1,23,SUZUKI SV 650,3,E01007038,0,-1
2023991323791,2023,991323791,1,5,0,17,19,1,6,0,0,0,1,0,1,0,1,1,5,6,1,19,4,645,1,2,SUZUKI SV 650,8,E01025942,0,-1
2023010449836,2023,010449836,1,5,0,99,99,9,9,99,99,9,9,99,9,99,9,1,6,6,3,22,5,645,1,14,SUZUKI SV 650,6,E01003957,0,-1
2023101295481,2023,101295481,1,5,0,18,19,3,7,0,0,0,0,7,0,0,1,1,5,6,1,58,9,645,1,20,SUZUKI SV 650,10,E01027492,0,-1
2023010463168,2023,010463168,1,5,0,5,5,3,7,0,0,1,0,10,7,0,4,1,1,1,1,25,5,645,1,0,SUZUKI SV 650,5,E01000402,0,-1
2023421327700,2023,421327700,2,5,0,18,19,8,4,0,0,1,5,0,0,0,1,1,5,6,2,54,8,645,1,1,SUZUKI SV 650,9,E01021756,0,-1
2023010477506,2023,010477506,2,5,0,5,5,6,2,0,0,2,0,0,0,0,4,1,6,6,1,31,6,645,1,4,SUZUKI SV 650,-1,-1,0,-1
2023461356307,2023,461356307,2,3,0,18,19,3,7,0,0,1,0,0,0,0,3,1,5,6,2,30,6,645,1,3,-1,2,E01024646,0,-1
2023471266651,2023,471266651,2,5,0,9,9,7,5,0,0,6,0,0,0,0,1,1,1,1,1,30,6,645,1,18,SUZUKI SV 650,3,E01031366,0,-1
2023340WN4362,2023,340WN4362,1,5,0,13,13,1,5,0,0,1,0,0,0,0,1,1,1,1,1,20,4,645,1,21,SUZUKI SV 650,9,E01027289,0,-1
2023010420561,2023,010420561,2,5,0,5,5,3,7,0,0,1,0,0,0,0,1,1,6,6,1,43,7,645,1,17,SUZUKI SV 650,2,E01003190,0,-1
2023201310337,2023,201310337,1,5,0,15,15,8,4,0,0,1,1,10,0,0,1,1,2,2,1,25,5,645,1,16,SUZUKI SV 650,1,E01009104,0,-1
2023010432193,2023,010432193,2,5,0,18,19,5,1,0,0,1,2,0,0,0,4,1,6,6,1,33,6,645,1,18,SUZUKI SV 650,-1,-1,0,-1
2023520400117,2023,520400117,1,5,0,18,19,6,2,0,0,8,0,0,0,0,1,1,6,6,1,25,5,645,1,20,SUZUKI SV 650,2,E01029107,0,-1
2023361320438,2023,361320438,1,5,0,18,19,7,1,0,0,1,0,0,7,11,3,1,6,6,1,42,7,645,1,22,SUZUKI SV 650,8,E01026849,0,-1
2023131355329,2023,131355329,2,3,0,15,15,1,5,0,0,0,0,0,0,0,3,1,5,6,1,28,6,645,1,19,-1,3,E01011868,0,-1
2023351303887,2023,351303887,1,3,0,16,19,4,8,0,0,0,0,0,7,0,1,1,5,6,1,19,4,645,1,15,-1,5,E01018138,0,-1
2023010426748,2023,010426748,1,5,0,16,19,5,1,0,0,1,1,0,0,0,3,1,6,6,1,19,4,645,1,14,SUZUKI SV 650,7,E01003407,0,-1
2023010426529,2023,010426529,1,5,0,9,9,7,5,0,0,8,0,0,0,0,1,1,2,2,1,33,6,645,1,21,SUZUKI SV 650,2,E01003305,0,-1
2023201316412,2023,201316412,2,5,0,18,19,4,8,0,0,8,0,0,0,0,1,1,6,6,1,30,6,645,1,17,SUZUKI SV 650,9,E01029661,0,-1
2023471280876,2023,471280876,1,5,0,7,7,7,3,0,0,0,1,0,1,0,1,1,5,6,1,29,6,645,1,6,SUZUKI SV 650,10,E01016930,0,-1
2023371334063,2023,371334063,1,5,0,18,19,1,5,0,0,0,0,0,0,0,1,1,5,6,1,21,5,645,1,20,SUZUKI SV 650,10,E01030233,0,-1
2023411394395,2023,411394395,2,5,0,18,19,1,2,0,0,8,0,0,0,0,1,1,6,6,1,54,8,645,1,17,SUZUKI SV 650,5,E01023761,0,-1
2023461364335,2023,461364335,1,4,0,5,5,6,2,0,0,8,0,0,0,0,3,1,6,6,1,21,5,645,1,24,-1,7,E01024766,0,-1
2023031297052,2023,031297052,1,5,0,9,9,1,5,0,0,6,2,0,0,0,0,1,6,6,1,22,5,645,1,18,SUZUKI SV 650,6,E01019338,0,-1
2023471295174,2023,471295174,2,5,0,18,19,6,3,0,0,1,0,0,0,0,0,1,5,6,1,64,9,645,1,3,SUZUKI SV 650,10,E01031758,0,-1
2023522301615,2023,522301615,1,5,0,18,19,4,8,0,0,8,0,7,0,0,1,1,6,6,1,22,5,645,1,0,SUZUKI SV 650,2,E01014458,0,-1
2023541105923,2023,541105923,1,5,0,13,13,8,4,0,0,1,2,0,7,0,4,1,6,6,1,62,9,645,1,9,SUZUKI SV 650,10,E01031905,0,-1
2023010433860,2023,010433860,1,5,0,99,99,9,9,99,99,0,9,99,9,99,1,1,2,2,1,46,8,645,1,7,SUZUKI SV 650,4,E01024579,0,-1
2023010424846,2023,010424846,2,5,0,9,9,2,1,0,0,6,0,0,1,0,3,1,2,2,1,28,6,645,1,18,SUZUKI SV 650,9,E01021828,0,-1
2023520400806,2023,520400806,3,5,0,14,14,5,1,0,0,0,1,0,7,4,1,1,6,6,1,20,4,645,1,19,SUZUKI SV 650,7,E01029147,0,-1
2023471309281,2023,471309281,1,5,0,18,19,5,1,0,0,0,0,0,1,0,1,1,6,6,1,32,6,645,1,6,SUZUKI SV 650,7,E01031368,0,-1
2023421353171,2023,421353171,1,5,0,18,19,1,5,0,0,0,0,0,0,0,1,1,6,6,1,30,6,645,1,7,SUZUKI SV 650,-1,-1,0,-1
2023421374584,2023,421374584,1,5,0,5,5,6,3,0,0,0,0,0,0,0,1,1,6,6,1,21,5,645,1,16,SUZUKI SV 650,4,E01021707,0,-1
2023411337332,2023,411337332,1,5,0,18,19,4,8,0,0,0,1,11,7,11,1,1,6,6,1,26,6,645,1,4,SUZUKI SV 650,6,E01002117,0,-1
2023010444871,2023,010444871,2,5,0,18,19,8,4,0,0,0,0,0,0,0,4,1,6,6,2,33,6,645,1,7,SUZUKI SV 650,7,E01000459,0,-1
2023991298621,2023,991298621,2,5,0,18,19,3,7,0,0,0,2,0,0,0,1,1,5,6,1,20,4,645,1,19,SUZUKI SV 650,2,-1,0,-1
2023430218202,2023,430218202,2,5,0,15,15,5,1,0,0,0,1,0,0,0,3,1,6,6,2,46,8,645,1,7,SUZUKI SV 650,5,E01023829,0,-1
2023010468058,2023,010468058,1,5,0,18,19,3,7,0,0,2,5,0,0,0,1,1,2,2,1,54,8,645,1,0,SUZUKI SV 650,5,E01021814,0,-1
2023991311533,2023,991311533,1,5,0,13,13,3,7,0,0,0,1,0,0,0,3,1,6,6,1,47,8,645,1,1,SUZUKI SV 650,6,-1,0,-1
2023531320965,2023,531320965,1,5,0,17,19,7,3,0,0,0,2,0,1,0,4,1,2,2,1,34,6,645,1,23,SUZUKI SV 650,8,E01022189,0,-1
2023622300142,2023,622300142,1,5,0,18,19,8,4,0,0,0,0,0,1,1,1,1,6,6,1,22,5,645,1,22,SUZUKI SV 650,5,W01000887,0,-1
2023471283231,2023,471283231,1,5,0,18,19,1,5,0,0,1,0,0,0,0,1,1,5,6,1,32,6,645,1,19,SUZUKI SV 650,7,E01031567,0,-1
2023461325375,2023,461325375,3,5,0,18,19,7,3,0,0,0,0,0,0,0,1,1,6,6,2,31,6,645,1,5,SUZUKI SV 650,4,E01024579,0,-1
2023549748923,2023,549748923,2,5,0,13,13,1,5,0,0,1,0,0,0,0,1,1,6,6,1,35,6,645,1,10,SUZUKI SV 650,3,E01015502,0,-1
2023991316309,2023,991316309,1,5,0,7,7,1,4,0,0,0,1,0,0,0,1,1,1,1,1,42,7,645,1,21,SUZUKI SV 650,1,-1,0,-1
2023340WN2832,2023,340WN2832,2,5,0,17,19,1,6,0,0,8,5,0,1,1,3,1,6,6,1,23,5,645,1,16,SUZUKI SV 650,9,E01027264,0,-1
2023361349995,2023,361349995,2,5,0,18,19,5,3,0,0,4,2,0,0,0,1,1,5,6,1,28,6,645,1,3,SUZUKI SV 650,9,E01029893,0,-1
2023991280392,2023,991280392,1,5,0,14,14,7,3,0,0,0,0,0,0,0,1,1,6,6,1,40,7,645,1,21,SUZUKI SV 650,-1,-1,0,-1