collision_index,collision_year,collision_ref_no,vehicle_reference,vehicle_type,towing_and_articulation,vehicle_manoeuvre_historic,vehicle_manoeuvre,vehicle_direction_from,vehicle_direction_to,vehicle_location_restricted_lane_historic,vehicle_location_restricted_lane,junction_location,skidding_and_overturning,hit_object_in_carriageway,vehicle_leaving_carriageway,hit_object_off_carriageway,first_point_of_impact,vehicle_left_hand_drive,journey_purpose_of_driver_historic,journey_purpose_of_driver,sex_of_driver,age_of_driver,age_band_of_driver,engine_capacity_cc,propulsion_code,age_of_vehicle,generic_make_model,driver_imd_decile,lsoa_of_driver,escooter_flag,driver_distance_banding
2023332301010,2023,332301010,1,5,0,5,5,6,2,0,0,8,1,0,0,0,1,1,2,2,1,46,8,645,1,21,SUZUKI SV 650,9,E01025877,0,-1
2023401393829,2023,401393829,1,5,0,4,4,3,7,0,0,0,0,0,0,0,2,1,6,6,2,29,6,645,1,17,SUZUKI SV 650,9,E01017449,0,-1
2023052302367,2023,052302367,1,3,0,18,19,3,7,0,0,8,0,0,0,0,3,1,6,6,1,23,5,645,1,19,-1,5,E01006930,0,-1
2023311312690,2023,311312690,1,5,0,18,19,2,6,6,6,0,1,0,1,0,1,1,6,6,1,20,4,645,1,18,SUZUKI SV 650,9,E01013985,0,-1
2023141318306,2023,141318306,1,5,0,18,19,7,2,0,0,8,1,0,0,0,1,1,6,6,1,43,7,645,1,3,SUZUKI SV 650,2,E01011759,0,-1
2023471383520,2023,471383520,2,5,0,18,19,1,6,0,0,1,0,0,0,0,1,1,6,6,1,23,5,645,1,23,SUZUKI SV 650,6,E01016935,0,-1
2023471305064,2023,471305064,2,5,0,18,19,7,3,0,0,0,0,0,0,0,2,1,5,6,2,54,8,645,1,4,SUZUKI SV 650,7,E01021108,0,-1
2023010457603,2023,010457603,1,5,0,18,19,1,5,0,0,0,0,0,0,0,3,1,6,6,1,30,6,645,1,16,SUZUKI SV 650,8,E01030784,0,-1
2023440334171,2023,440334171,1,5,0,18,19,5,1,0,0,0,0,0,0,0,1,1,2,2,1,24,5,645,1,22,SUZUKI SV 650,5,E01023061,0,-1
2023311331510,2023,311331510,1,5,0,16,19,5,8,0,0,0,0,0,0,0,1,1,1,1,1,20,4,645,1,7,SUZUKI SV 650,7,E01019681,0,-1
2023421276796,2023,421276796,2,5,0,15,15,8,4,0,0,0,1,0,7,0,4,1,6,6,1,52,8,645,1,19,SUZUKI SV 650,4,E01021829,0,-1
2023471271557,2023,471271557,2,5,0,9,9,7,5,0,0,8,1,0,0,0,4,1,6,6,1,37,7,645,1,0,SUZUKI SV 650,7,E01032717,0,-1
2023320416325,2023,320416325,1,5,0,18,19,8,4,0,0,1,2,0,0,0,3,1,6,6,1,67,10,955,1,22,TRIUMPH SPRINT ST,7,E01026066,0,-1
2023610035223,2023,610035223,2,5,0,11,11,4,8,0,0,0,0,0,0,0,4,1,6,6,1,57,9,955,1,19,TRIUMPH SPRINT ST,10,E01023200,0,-1
2023311389087,2023,311389087,1,5,0,18,19,6,2,0,0,0,1,0,0,0,0,1,2,2,1,30,6,955,1,20,TRIUMPH SPRINT ST,8,E01026229,0,-1
2023461350638,2023,461350638,1,5,0,16,19,5,8,0,0,0,0,0,0,0,1,1,5,6,1,58,9,955,1,24,TRIUMPH SPRINT ST,2,E01024699,0,-1
2023430315976,2023,430315976,2,5,0,18,19,7,3,0,0,8,0,0,0,0,4,1,2,2,1,42,7,955,1,20,TRIUMPH SPRINT ST,10,E01028801,0,-1
2023440267589,2023,440267589,1,5,0,16,19,7,4,0,0,8,1,0,0,0,4,1,6,6,1,66,10,955,1,22,TRIUMPH SPRINT ST,8,E01022532,0,-1
2023430358700,2023,430358700,1,5,0,13,13,2,6,0,0,0,1,0,1,0,1,1,6,6,1,39,7,1050,1,14,TRIUMPH SPRINT ST,8,E01032758,0,-1
2023471363027,2023,471363027,1,4,0,16,19,2,6,0,0,1,5,0,7,4,1,1,5,6,1,54,8,955,1,23,-1,8,E01031765,0,-1
2023070516953,2023,070516953,1,4,0,14,14,1,5,0,0,0,0,0,0,0,4,1,6,6,1,28,6,955,1,21,-1,2,E01029809,0,-1
2023170M10643,2023,170M10643,1,5,0,18,19,3,7,0,0,0,1,0,0,0,1,1,6,6,1,35,6,955,1,20,TRIUMPH SPRINT ST,2,E01012013,0,-1
2023411312866,2023,411312866,1,5,0,4,4,3,7,0,0,0,0,0,0,0,0,1,6,6,1,59,9,955,1,22,TRIUMPH SPRINT ST,6,E01023583,0,-1
2023501334481,2023,501334481,2,5,0,18,19,3,7,0,0,1,2,0,0,0,1,1,2,2,1,31,6,955,1,22,TRIUMPH SPRINT ST,1,E01019020,0,-1
2023430531367,2023,430531367,1,11,0,5,5,1,5,0,0,0,0,0,0,0,4,1,1,1,1,26,6,4760,2,10,WRIGHTBUS MODEL MISSING,8,E01028603,0,-1
2023421393804,2023,421393804,2,11,0,18,19,5,8,0,0,8,0,0,0,0,1,1,1,1,2,28,6,5132,2,2,WRIGHTBUS MODEL MISSING,7,E01021904,0,-1
2023421267044,2023,421267044,1,11,0,18,19,1,5,0,0,2,0,0,0,0,1,1,1,1,1,21,5,5132,2,2,WRIGHTBUS MODEL MISSING,2,E01015938,0,-1
2023430285854,2023,430285854,2,11,0,18,19,3,7,0,0,8,0,0,0,0,3,1,1,1,1,24,5,4760,2,11,WRIGHTBUS MODEL MISSING,7,E01017828,0,-1
2023010438991,2023,010438991,1,11,0,7,7,1,4,0,0,0,0,0,0,0,0,1,1,1,2,41,7,5132,2,7,WRIGHTBUS MODEL MISSING,-1,-1,0,-1
2023061309509,2023,061309509,1,11,0,5,5,8,4,8,6,6,0,0,0,0,4,1,5,6,1,47,8,5132,2,3,WRIGHTBUS MODEL MISSING,1,E01004839,0,-1
2023041268495,2023,041268495,2,11,0,18,19,8,4,0,0,0,0,0,1,0,3,1,1,1,1,36,7,5132,2,3,WRIGHTBUS MODEL MISSING,1,E01025296,0,-1
2023131344717,2023,131344717,1,11,0,18,19,7,3,0,0,0,0,0,0,0,4,1,1,1,1,58,9,5132,2,3,WRIGHTBUS MODEL MISSING,8,E01011579,0,-1
2023010473124,2023,010473124,1,11,0,18,19,5,1,0,0,2,0,0,0,0,0,1,1,1,1,36,7,5132,2,7,WRIGHTBUS MODEL MISSING,1,E01002588,0,-1
2023101328693,2023,101328693,1,11,0,18,19,8,4,0,0,0,0,0,0,0,0,1,1,1,1,55,8,5132,2,3,WRIGHTBUS MODEL MISSING,7,E01020726,0,-1
2023430204077,2023,430204077,2,11,0,18,19,1,5,2,2,1,0,0,0,0,1,1,1,1,1,55,8,5132,2,3,WRIGHTBUS MODEL MISSING,3,E01028519,0,-1
2023101299465,2023,101299465,1,11,0,18,19,4,8,0,0,1,0,0,0,0,1,1,1,1,1,39,7,5132,2,3,WRIGHTBUS MODEL MISSING,6,E01008869,0,-1
2023302301672,2023,302301672,3,11,0,5,5,8,4,0,0,0,0,0,0,0,1,1,1,1,1,57,9,5132,2,2,WRIGHTBUS MODEL MISSING,3,E01032896,0,-1
2023101394327,2023,101394327,2,11,0,18,19,4,8,0,0,8,0,0,0,0,4,1,1,1,1,51,8,5132,2,3,WRIGHTBUS MODEL MISSING,3,E01008851,0,-1
2023101325756,2023,101325756,1,11,0,2,2,4,8,0,0,1,0,0,0,0,0,1,1,1,1,42,7,5132,2,3,WRIGHTBUS MODEL MISSING,1,E01008609,0,-1
2023101385579,2023,101385579,2,11,0,18,19,5,1,0,0,0,0,0,0,0,0,1,1,1,1,59,9,5132,2,3,WRIGHTBUS MODEL MISSING,3,E01008851,0,-1
2023430364050,2023,430364050,2,5,0,18,19,7,3,0,0,8,0,0,0,0,1,1,2,2,1,62,9,1250,1,18,YAMAHA XJR,9,E01016790,0,-1
2023440135825,2023,440135825,1,5,0,13,13,2,6,0,0,0,1,0,0,0,4,1,6,6,1,38,7,1250,1,23,YAMAHA XJR,8,E01032871,0,-1
2023010446797,2023,010446797,1,5,0,7,7,1,2,0,0,2,0,0,0,0,1,1,6,6,1,27,6,1250,1,15,YAMAHA XJR,4,E01003210,0,-1
2023631338493,2023,631338493,2,5,0,17,19,1,6,0,0,8,0,0,0,0,1,1,5,6,1,26,6,1250,1,18,YAMAHA XJR,2,W01000762,0,-1
2023471307173,2023,471307173,2,5,0,18,19,4,8,0,0,0,0,0,0,0,1,1,5,6,1,54,8,1250,1,21,YAMAHA XJR,9,E01022857,0,-1
2023471269982,2023,471269982,2,5,0,12,12,8,4,0,0,0,2,10,0,0,4,1,6,6,1,73,10,1250,1,21,YAMAHA XJR,3,E01021090,0,-1
2023041338727,2023,041338727,2,5,0,7,7,5,1,0,0,1,0,0,0,0,2,1,5,6,1,36,7,1250,1,13,YAMAHA XJR,5,E01006853,0,-1
2023440009823,2023,440009823,2,4,0,9,9,1,7,0,0,1,0,0,0,0,1,1,6,6,1,54,8,1250,1,16,-1,4,E01017164,0,-1
2023101330575,2023,101330575,1,5,0,13,13,4,8,0,0,8,2,0,0,0,1,1,5,6,1,30,6,1250,1,18,YAMAHA XJR,4,-1,0,-1
2023070999684,2023,070999684,2,4,0,7,7,5,7,0,0,1,0,0,0,0,2,1,6,6,2,67,10,1300,1,6,-1,9,E01018474,0,-1
2023520400003,2023,520400003,1,5,0,18,19,6,2,0,0,0,0,7,0,0,4,1,6,6,1,59,9,1250,1,19,YAMAHA XJR,1,E01014463,0,-1
2023520400807,2023,520400807,1,5,0,18,19,1,6,0,0,1,1,0,0,0,1,1,6,6,1,28,6,1200,1,26,YAMAHA XJR,6,E01029161,0,-1
2023010439065,2023,010439065,1,5,0,18,19,3,7,0,0,8,0,0,0,0,4,1,6,6,1,60,9,1250,1,14,YAMAHA XJR,5,E01004307,0,-1
2023340WN4302,2023,340WN4302,2,5,0,4,4,3,7,0,0,0,1,0,0,0,1,1,6,6,1,31,6,1250,1,24,YAMAHA XJR,1,E01006967,0,-1
2023631319525,2023,631319525,1,3,0,18,19,2,6,0,0,0,1,0,7,10,1,1,2,2,1,22,5,125,1,1,-1,3,W01000657,0,-1
2023010445864,2023,010445864,1,9,0,18,19,3,7,0,0,2,0,0,0,0,1,1,6,6,1,27,6,1499,8,7,-1,-1,-1,0,-1
2023010434725,2023,010434725,2,9,0,99,99,9,9,99,99,9,9,99,9,99,1,9,6,6,1,59,9,1499,8,8,-1,1,E01002760,0,-1
2023010421908,2023,010421908,1,9,0,9,9,1,7,0,0,6,0,0,0,0,1,1,6,6,1,36,7,1499,8,6,-1,5,E01030030,0,-1
2023010459257,2023,010459257,2,9,0,18,19,7,3,0,0,9,0,99,0,0,1,9,6,6,1,38,7,1499,8,5,-1,9,E01023740,0,-1
2023122300912,2023,122300912,2,9,0,13,13,7,3,0,0,0,1,0,7,11,4,1,6,6,1,65,9,1499,8,9,-1,6,E01027569,0,-1
2023010426198,2023,010426198,1,9,0,18,19,1,5,0,0,0,0,0,0,0,1,1,2,2,1,69,10,1499,8,8,-1,7,E01000862,0,-1
2023991423718,2023,991423718,2,90,0,10,10,5,2,0,0,1,0,0,0,0,2,1,5,6,1,60,9,899,1,3,-1,-1,-1,0,-1
2023122301180,2023,122301180,1,90,0,16,19,8,4,0,0,0,0,0,7,4,1,1,6,6,1,70,10,600,1,3,-1,-1,-1,0,-1
2023141320481,2023,141320481,1,3,0,4,4,3,7,0,0,0,1,0,0,0,1,1,6,6,1,17,4,125,1,8,-1,3,E01007993,0,-1
2023311268452,2023,311268452,2,3,0,18,19,1,5,0,0,1,2,0,0,0,1,1,6,6,1,26,6,125,1,8,-1,9,E01028360,0,-1
2023371309099,2023,371309099,2,4,0,18,19,7,4,0,0,1,0,0,0,0,3,1,5,6,1,18,4,125,1,8,-1,1,E01033131,0,-1
2023211391190,2023,211391190,1,9,0,6,6,6,5,0,0,0,0,0,0,0,2,1,6,6,1,46,8,-1,3,0,-1,7,E01014131,0,-1
2023010444331,2023,010444331,1,9,0,99,99,9,9,99,99,0,9,99,9,99,1,9,6,6,2,26,6,1595,1,4,MERCEDES GLA CLASS,7,E01001986,0,-1
2023221294234,2023,221294234,1,9,0,17,19,6,2,0,0,0,0,0,7,1,1,1,5,6,1,78,11,1595,1,4,MERCEDES GLA CLASS,5,E01014054,0,-1
2023440202149,2023,440202149,2,9,0,18,19,1,5,0,0,0,0,0,0,0,1,1,6,6,2,-1,-1,1332,1,3,MERCEDES GLA CLASS,-1,-1,0,-1
2023010471837,2023,010471837,3,9,0,18,19,1,5,0,0,1,0,0,0,0,1,2,6,6,3,28,6,2143,2,8,MERCEDES GLA CLASS,5,E01002292,0,-1
2023440442491,2023,440442491,1,9,0,9,9,6,4,0,0,8,0,0,0,0,4,1,6,6,1,78,11,1332,1,3,MERCEDES GLA CLASS,10,E01023052,0,-1
2023311263992,2023,311263992,1,9,0,9,9,2,6,0,0,1,0,0,0,0,1,1,6,6,1,45,7,2143,2,5,MERCEDES GLA CLASS,2,E01013888,0,-1
2023461325045,2023,461325045,2,9,0,18,19,1,5,0,0,0,0,0,0,0,2,1,5,6,1,53,8,1595,1,7,MERCEDES GLA CLASS,8,E01000393,0,-1
2023010454684,2023,010454684,2,9,0,99,99,9,9,99,99,9,9,99,9,99,9,9,6,6,3,-1,-1,1332,1,2,MERCEDES GLA CLASS,2,E01002712,0,-1
2023122301446,2023,122301446,1,9,0,10,10,3,1,0,0,1,0,0,0,0,0,1,6,6,2,59,9,2143,2,5,MERCEDES GLA CLASS,9,E01011685,0,-1
2023010461098,2023,010461098,2,9,0,2,2,0,0,0,0,0,0,0,0,0,3,1,6,6,3,-1,-1,1332,1,2,MERCEDES GLA CLASS,-1,-1,0,-1
2023401362601,2023,401362601,1,9,0,18,19,1,5,9,9,0,0,0,7,2,1,1,5,6,1,83,11,1595,1,5,MERCEDES GLA CLASS,8,E01017458,0,-1
2023041274971,2023,041274971,2,9,0,18,19,5,1,0,0,0,0,0,0,0,3,1,5,6,1,52,8,1950,2,2,MERCEDES GLA CLASS,10,E01025332,0,-1
2023101263364,2023,101263364,2,9,0,18,19,7,3,0,0,3,0,0,0,0,2,1,5,6,2,24,5,1595,1,4,MERCEDES GLA CLASS,-1,-1,0,-1
2023010445126,2023,010445126,2,9,0,2,2,0,0,0,0,0,0,0,0,0,3,1,6,6,3,-1,-1,1595,1,4,MERCEDES GLA CLASS,-1,-1,0,-1
2023340WN2842,2023,340WN2842,1,9,0,14,14,5,1,0,0,0,0,0,0,0,1,1,6,6,1,55,8,1595,1,3,MERCEDES GLA CLASS,10,E01027295,0,-1
2023010451948,2023,010451948,2,9,0,99,99,9,9,99,99,9,9,99,9,99,1,9,6,6,3,-1,-1,2143,2,5,MERCEDES GLA CLASS,3,E01000511,0,-1
2023411281431,2023,411281431,1,9,0,18,19,8,4,0,0,0,0,4,0,0,1,1,1,1,2,58,9,1595,1,5,MERCEDES GLA CLASS,9,E01023490,0,-1
2023010456902,2023,010456902,1,9,0,2,2,0,0,0,0,1,0,0,0,0,3,1,6,6,3,-1,-1,1991,1,9,MERCEDES GLA CLASS,-1,-1,0,-1
2023421364152,2023,421364152,2,9,0,18,19,5,1,0,0,0,0,0,0,0,1,1,2,2,2,26,6,1595,1,5,MERCEDES GLA CLASS,-1,-1,0,-1
2023010450918,2023,010450918,2,9,0,99,99,9,9,99,99,9,9,99,9,99,1,9,6,6,3,36,7,1595,1,3,MERCEDES GLA CLASS,7,E01002883,0,-1
2023161287584,2023,161287584,2,9,0,18,19,2,6,0,0,0,0,0,0,0,1,1,5,6,2,63,9,2143,2,7,MERCEDES GLA CLASS,5,E01013306,0,-1
2023010454667,2023,010454667,1,9,0,14,14,5,1,0,0,0,0,0,0,0,1,1,6,6,2,50,8,1595,1,3,MERCEDES GLA CLASS,2,E01001136,0,-1
2023131320495,2023,131320495,1,9,0,18,19,4,8,0,0,0,0,0,0,0,4,1,2,2,2,45,7,1595,1,4,MERCEDES GLA CLASS,7,E01010939,0,-1
2023010461185,2023,010461185,1,9,4,99,99,9,9,99,99,9,9,99,9,99,9,9,1,1,2,52,8,1595,1,5,MERCEDES GLA CLASS,2,E01003576,0,-1
2023461341308,2023,461341308,1,9,0,3,3,1,5,0,0,1,0,0,0,0,1,1,5,6,2,36,7,2143,2,4,MERCEDES GLA CLASS,-1,-1,0,-1
2023122300351,2023,122300351,1,9,0,18,19,3,7,0,0,0,0,0,0,0,4,1,6,6,2,23,5,2143,2,8,MERCEDES GLA CLASS,3,E01013399,0,-1
2023440005738,2023,440005738,2,9,0,18,19,1,5,0,0,0,0,0,1,7,4,1,6,6,2,40,7,1332,1,3,MERCEDES GLA CLASS,10,E01022707,0,-1
2023131356706,2023,131356706,1,9,0,18,19,1,5,0,0,0,0,0,0,0,1,1,5,6,2,36,7,2143,2,5,MERCEDES GLA CLASS,2,E01011914,0,-1
2023430016300,2023,430016300,2,9,0,18,19,1,5,0,0,0,0,0,0,0,1,1,6,6,1,20,4,1595,1,4,MERCEDES GLA CLASS,-1,-1,0,-1
2023010466020,2023,010466020,1,9,0,5,5,2,6,0,0,0,0,0,0,0,1,1,2,2,2,36,7,2143,2,6,MERCEDES GLA CLASS,2,E01001485,0,-1
2023161295389,2023,161295389,3,9,0,2,2,0,0,0,0,1,0,0,0,0,1,1,6,6,3,-1,-1,1595,1,5,MERCEDES GLA CLASS,-1,-1,0,-1
2023052302045,2023,052302045,1,9,0,18,19,1,5,0,0,8,0,0,0,0,1,1,6,6,2,35,6,1950,2,3,MERCEDES GLA CLASS,4,E01006454,0,-1
2023070093570,2023,070093570,2,9,0,18,19,6,2,0,0,0,0,0,0,0,1,1,6,6,2,36,7,2143,2,7,MERCEDES GLA CLASS,9,E01018383,0,-1
2023221315020,2023,221315020,2,9,0,18,19,2,6,0,0,8,1,0,0,0,1,1,6,6,2,54,8,2143,2,5,MERCEDES GLA CLASS,6,E01032401,0,-1
2023010430926,2023,010430926,1,9,0,18,19,1,5,0,0,0,0,0,0,0,1,9,2,2,2,30,6,2143,2,5,MERCEDES GLA CLASS,3,E01003101,0,-1
2023991380814,2023,991380814,2,9,0,18,19,4,8,0,0,8,0,0,0,0,1,1,6,6,2,22,5,1595,1,4,MERCEDES GLA CLASS,-1,-1,0,-1
2023010475660,2023,010475660,2,9,9,99,99,9,9,99,99,0,9,99,9,99,9,9,6,6,3,-1,-1,2143,2,6,MERCEDES GLA CLASS,-1,-1,0,-1
2023010457879,2023,010457879,2,9,0,4,4,3,7,0,0,0,0,0,0,0,2,1,6,6,1,28,6,1595,1,5,MERCEDES GLA CLASS,2,E01002314,0,-1
2023010472798,2023,010472798,1,9,0,18,19,4,8,0,0,0,0,10,0,0,1,1,6,6,2,23,5,2143,2,7,MERCEDES GLA CLASS,-1,-1,0,-1
2023071191425,2023,071191425,2,9,0,3,3,1,5,0,0,1,0,0,0,0,2,1,6,6,1,31,6,2143,2,8,MERCEDES GLA CLASS,1,E01018520,0,-1
2023451329631,2023,451329631,2,9,0,5,5,5,1,0,0,4,0,0,0,0,1,1,5,6,2,54,8,1595,1,3,MERCEDES GLA CLASS,9,E01030880,0,-1
2023161354920,2023,161354920,2,9,0,18,19,8,4,4,4,1,0,0,0,0,4,1,6,6,1,35,6,2143,2,8,MERCEDES GLA CLASS,-1,-1,0,-1
2023010476656,2023,010476656,2,9,0,99,99,9,9,99,99,9,9,99,9,99,9,9,6,6,3,-1,-1,1595,1,4,MERCEDES GLA CLASS,-1,-1,0,-1
2023131328802,2023,131328802,2,9,0,9,9,7,5,0,0,8,0,0,0,0,3,1,5,6,2,39,7,1595,1,4,MERCEDES GLA CLASS,3,E01011752,0,-1
2023111385798,2023,111385798,2,9,0,18,19,3,7,0,0,0,0,0,7,0,3,1,5,6,1,70,10,2143,2,6,MERCEDES GLA CLASS,-1,-1,0,-1
2023430198247,2023,430198247,2,9,0,18,19,8,4,0,0,0,0,0,0,0,3,1,2,2,2,66,10,1595,1,4,MERCEDES GLA CLASS,4,E01028525,0,-1
2023010434885,2023,010434885,1,9,0,99,99,9,9,99,99,9,9,99,9,99,2,9,6,6,3,-1,-1,2143,2,7,MERCEDES GLA CLASS,-1,-1,0,-1
2023041322284,2023,041322284,3,9,0,2,2,0,0,9,9,1,0,0,0,0,2,1,6,6,3,-1,-1,1595,1,4,MERCEDES GLA CLASS,-1,-1,0,-1
2023010476971,2023,010476971,1,9,0,99,99,9,9,99,99,0,9,99,9,99,1,9,6,6,2,37,7,2143,2,9,MERCEDES GLA CLASS,7,E01000339,0,-1
2023010427614,2023,010427614,1,9,0,18,19,5,1,0,0,0,0,0,0,0,4,1,6,6,2,19,4,2143,2,7,MERCEDES GLA CLASS,1,E01002094,0,-1
2023010466287,2023,010466287,2,9,0,10,10,3,8,0,0,1,0,0,0,0,1,1,6,6,1,36,7,1595,1,4,MERCEDES GLA CLASS,2,E01004223,0,-1
2023010445321,2023,010445321,1,9,0,2,2,0,0,0,0,2,0,0,0,0,3,1,6,6,3,-1,-1,1595,1,6,MERCEDES GLA CLASS,-1,-1,0,-1
2023320226344,2023,320226344,1,9,0,7,7,4,8,0,0,6,0,0,0,0,3,1,6,6,1,50,8,2143,2,8,MERCEDES GLA CLASS,3,E01026043,0,-1
2023371280387,2023,371280387,1,9,0,18,19,1,4,0,0,0,0,0,0,0,2,1,5,6,2,26,6,1595,1,4,MERCEDES GLA CLASS,-1,-1,0,-1
2023010471061,2023,010471061,1,9,0,18,19,7,3,0,0,1,0,0,0,0,1,1,6,6,2,58,9,1332,1,2,MERCEDES GLA CLASS,10,E01003008,0,-1
2023320615894,2023,320615894,3,9,0,3,3,3,7,0,0,0,0,0,0,0,4,1,6,6,2,48,8,1595,1,5,MERCEDES GLA CLASS,-1,-1,0,-1
2023010424546,2023,010424546,1,9,0,99,99,9,9,99,99,0,9,99,9,99,9,9,6,6,1,52,8,1595,1,4,MERCEDES GLA CLASS,7,E01002838,0,-1
2023010431850,2023,010431850,1,9,0,18,19,5,1,0,0,1,0,0,0,0,1,1,6,6,1,20,4,1595,1,4,MERCEDES GLA CLASS,6,E01000250,0,-1
2023010427070,2023,010427070,2,9,0,5,5,0,1,0,0,0,0,0,0,0,4,1,6,6,2,40,7,2143,2,6,MERCEDES GLA CLASS,2,E01003507,0,-1
2023010439345,2023,010439345,2,9,9,99,99,9,9,99,99,9,9,99,9,99,9,9,6,6,3,-1,-1,1332,1,1,MERCEDES GLA CLASS,-1,-1,0,-1
2023302300234,2023,302300234,2,9,0,9,9,6,4,0,0,5,0,0,0,0,4,1,6,6,1,84,11,2143,2,7,MERCEDES GLA CLASS,5,E01019529,0,-1
2023201281608,2023,201281608,2,9,0,14,14,8,6,0,0,0,0,0,0,0,1,1,6,6,2,64,9,1595,1,5,MERCEDES GLA CLASS,1,E01009132,0,-1
2023010433217,2023,010433217,2,9,0,99,99,9,9,99,99,9,9,99,9,99,9,9,6,6,3,-1,-1,2143,2,7,MERCEDES GLA CLASS,2,E01002797,0,-1
2023552300330,2023,552300330,1,9,0,9,9,2,8,5,5,5,0,0,0,0,4,1,6,6,2,53,8,1595,1,5,MERCEDES GLA CLASS,10,E01020401,0,-1
2023161374096,2023,161374096,1,9,0,4,4,1,4,0,0,4,0,0,0,0,2,1,6,6,2,45,7,2143,2,8,MERCEDES GLA CLASS,2,E01013202,0,-1
2023161323313,2023,161323313,1,9,0,4,4,2,4,0,0,0,0,0,0,0,2,1,1,1,1,32,6,2143,2,5,MERCEDES GLA CLASS,3,E01013135,0,-1
2023421260160,2023,421260160,1,9,0,18,19,1,3,0,0,1,0,0,0,0,1,1,5,6,1,45,7,2143,2,4,MERCEDES GLA CLASS,3,E01021687,0,-1
2023522300964,2023,522300964,1,9,0,7,7,8,2,0,0,5,0,0,0,0,3,1,6,6,2,55,8,2143,2,4,MERCEDES GLA CLASS,10,E01014397,0,-1
2023451305197,2023,451305197,3,9,0,18,19,5,1,0,0,0,0,0,7,4,3,1,1,1,2,25,5,1595,1,4,MERCEDES GLA CLASS,8,E01031634,0,-1
2023201340181,2023,201340181,1,9,0,5,5,-1,-1,0,0,0,0,0,0,0,1,1,3,7,2,60,9,1950,2,3,MERCEDES GLA CLASS,3,E01008988,0,-1
2023141281849,2023,141281849,1,9,0,18,19,1,3,0,0,2,0,0,0,0,2,1,5,6,1,33,6,2143,2,6,MERCEDES GLA CLASS,2,E01007872,0,-1
2023131309380,2023,131309380,1,9,0,9,9,3,7,0,0,8,0,0,0,0,3,1,2,2,2,42,7,1595,1,3,MERCEDES GLA CLASS,4,E01011876,0,-1
2023421330436,2023,421330436,1,9,0,7,7,3,5,0,0,6,0,0,0,0,1,1,6,6,2,59,9,1332,1,3,MERCEDES GLA CLASS,-1,-1,0,-1
2023010432001,2023,010432001,1,9,0,9,9,1,7,0,0,8,0,0,1,0,2,1,6,6,2,52,8,1595,1,4,MERCEDES GLA CLASS,2,E01001191,0,-1
2023061362772,2023,061362772,1,9,0,4,4,1,6,0,0,1,0,0,0,0,1,1,5,6,1,70,10,1991,1,5,MERCEDES GLA CLASS,6,E01005898,0,-1
2023010444006,2023,010444006,1,9,0,9,9,5,3,0,0,6,0,0,0,0,1,1,6,6,1,29,6,2143,2,7,MERCEDES GLA CLASS,1,E01003060,0,-1
2023010477736,2023,010477736,2,9,9,2,2,0,0,99,99,9,9,99,0,0,9,9,6,6,3,-1,-1,1595,1,4,MERCEDES GLA CLASS,-1,-1,0,-1
2023010459751,2023,010459751,1,9,0,3,3,4,8,0,0,1,0,0,0,0,4,1,2,2,2,35,6,2143,2,7,MERCEDES GLA CLASS,1,E01016083,0,-1
2023010452855,2023,010452855,1,9,0,18,19,5,1,0,0,2,0,11,0,0,1,1,6,6,1,28,6,1595,1,6,MERCEDES GLA CLASS,4,E01001015,0,-1
2023010455909,2023,010455909,1,9,0,18,19,1,5,0,0,1,0,4,0,0,1,1,6,6,1,29,6,2143,2,8,MERCEDES GLA CLASS,2,E01003265,0,-1
2023061263755,2023,061263755,1,9,0,9,9,8,6,0,0,1,0,0,0,0,1,1,6,6,3,30,6,2143,2,7,MERCEDES GLA CLASS,-1,-1,0,-1
2023461273205,2023,461273205,1,9,0,12,12,7,3,0,0,0,0,0,0,0,3,1,5,6,1,54,8,1595,1,4,MERCEDES GLA CLASS,1,E01024618,0,-1
2023010462491,2023,010462491,1,9,0,99,99,9,9,99,99,9,9,99,9,99,9,9,6,6,1,36,7,1595,1,3,MERCEDES GLA CLASS,6,E01002335,0,-1
2023122301299,2023,122301299,3,9,0,18,19,8,4,0,0,1,0,0,0,0,1,1,6,6,1,74,10,1332,1,2,MERCEDES GLA CLASS,10,E01002389,0,-1
2023461320447,2023,461320447,1,9,0,7,7,3,1,0,0,1,0,0,0,0,1,1,3,7,2,44,7,1595,1,4,MERCEDES GLA CLASS,1,E01024657,0,-1
2023010465425,2023,010465425,2,9,0,18,19,3,7,0,0,0,0,0,0,0,3,1,6,6,2,45,7,1332,1,3,MERCEDES GLA CLASS,6,E01000513,0,-1
2023548053923,2023,548053923,2,9,0,6,6,8,8,0,0,4,0,0,0,0,3,1,6,6,1,33,6,1332,1,1,MERCEDES GLA CLASS,9,E01015485,0,-1
2023351321139,2023,351321139,2,9,0,4,4,7,3,0,0,0,0,0,0,0,3,1,6,6,2,55,8,1595,1,3,MERCEDES GLA CLASS,6,E01030040,0,-1
2023622300480,2023,622300480,2,9,0,4,4,1,5,0,0,0,0,0,0,0,2,1,6,6,2,54,8,2143,2,5,MERCEDES GLA CLASS,3,W01001792,0,-1