collision_index,collision_year,collision_ref_no,vehicle_reference,vehicle_type,towing_and_articulation,vehicle_manoeuvre_historic,vehicle_manoeuvre,vehicle_direction_from,vehicle_direction_to,vehicle_location_restricted_lane_historic,vehicle_location_restricted_lane,junction_location,skidding_and_overturning,hit_object_in_carriageway,vehicle_leaving_carriageway,hit_object_off_carriageway,first_point_of_impact,vehicle_left_hand_drive,journey_purpose_of_driver_historic,journey_purpose_of_driver,sex_of_driver,age_of_driver,age_band_of_driver,engine_capacity_cc,propulsion_code,age_of_vehicle,generic_make_model,driver_imd_decile,lsoa_of_driver,escooter_flag,driver_distance_banding
2023010430111,2023,010430111,1,9,0,99,99,9,9,99,99,9,9,99,9,99,2,9,6,6,2,33,6,1595,1,4,MERCEDES GLA CLASS,3,E01016490,0,-1
2023461270800,2023,461270800,2,9,0,2,2,0,0,0,0,0,0,0,0,0,4,1,6,6,3,-1,-1,2143,2,8,MERCEDES GLA CLASS,-1,-1,0,-1
2023010453196,2023,010453196,2,9,0,4,4,3,7,0,0,0,0,0,0,0,2,1,6,6,1,38,7,2143,2,7,MERCEDES GLA CLASS,8,E01017956,0,-1
2023201315559,2023,201315559,1,9,0,18,19,4,8,0,0,0,0,10,1,4,3,1,6,6,1,75,10,1950,2,3,MERCEDES GLA CLASS,8,E01031181,0,-1
2023161367070,2023,161367070,3,9,0,2,2,0,0,0,0,0,0,0,0,0,2,1,6,6,3,-1,-1,1595,1,4,MERCEDES GLA CLASS,-1,-1,0,-1
2023010454955,2023,010454955,2,9,0,99,99,9,9,99,99,9,9,99,9,99,9,9,6,6,3,-1,-1,2143,2,4,MERCEDES GLA CLASS,4,E01001007,0,-1
2023052301160,2023,052301160,1,9,0,9,9,3,1,0,0,3,0,0,0,0,3,1,6,6,2,46,8,1950,2,2,MERCEDES GLA CLASS,2,E01007271,0,-1
2023501269821,2023,501269821,2,9,0,9,9,1,5,0,0,1,0,0,0,0,1,1,6,6,1,74,10,1332,8,3,MERCEDES GLA CLASS,10,E01020336,0,-1
2023010471224,2023,010471224,3,9,0,99,99,9,9,99,99,9,9,99,9,99,0,9,6,6,1,46,8,1950,2,2,MERCEDES GLA CLASS,6,E01000259,0,-1
2023010442432,2023,010442432,1,9,0,9,9,1,7,0,0,1,0,0,0,0,1,1,6,6,2,72,10,2143,2,5,MERCEDES GLA CLASS,7,E01003778,0,-1
2023421345252,2023,421345252,1,9,0,16,19,1,1,0,0,1,0,0,3,0,1,1,5,6,2,19,4,2143,2,5,MERCEDES GLA CLASS,5,E01003791,0,-1
2023501279393,2023,501279393,2,9,0,2,2,0,0,0,0,0,1,0,0,0,3,1,6,6,1,38,7,2143,2,8,MERCEDES GLA CLASS,9,E01015025,0,-1
2023010448714,2023,010448714,2,9,0,18,19,1,5,0,0,8,0,0,0,0,3,1,6,6,2,36,7,2143,2,5,MERCEDES GLA CLASS,3,E01003997,0,-1
2023010427568,2023,010427568,1,9,0,99,99,9,9,99,99,9,9,99,9,99,9,9,6,6,1,51,8,1595,1,3,MERCEDES GLA CLASS,10,E01021438,0,-1
2023302301672,2023,302301672,2,9,0,4,4,4,8,0,0,0,0,0,0,0,2,1,6,6,2,38,7,1950,2,1,MERCEDES GLA CLASS,9,E01033531,0,-1
2023041371854,2023,041371854,2,9,0,2,2,0,0,0,0,1,0,0,0,0,2,1,6,6,3,-1,-1,1595,1,4,MERCEDES GLA CLASS,-1,-1,0,-1
2023991338537,2023,991338537,2,9,0,16,19,8,4,0,0,0,0,0,0,0,1,1,5,6,2,34,6,1332,1,1,MERCEDES GLA CLASS,7,-1,0,-1
2023451267035,2023,451267035,3,9,0,18,19,5,1,0,0,0,0,0,0,0,1,1,6,6,1,46,8,1595,1,4,MERCEDES GLA CLASS,10,E01003362,0,-1
2023201276909,2023,201276909,2,9,0,18,19,2,6,0,0,8,0,0,0,0,1,1,5,6,1,45,7,1595,1,5,MERCEDES GLA CLASS,7,E01010493,0,-1
2023010431934,2023,010431934,1,9,0,4,4,1,5,0,0,0,0,0,0,0,2,1,6,6,2,43,7,2143,2,6,MERCEDES GLA CLASS,2,E01001557,0,-1
2023010455435,2023,010455435,2,9,0,3,3,3,7,0,0,0,0,0,0,0,2,1,6,6,2,59,9,2143,2,8,MERCEDES GLA CLASS,5,E01021741,0,-1
2023141332452,2023,141332452,2,9,0,18,19,2,6,0,0,1,0,0,0,0,2,1,6,6,2,59,9,2143,2,8,MERCEDES GLA CLASS,4,E01027910,0,-1
2023010473691,2023,010473691,4,9,0,2,2,0,0,0,0,0,0,0,0,0,3,1,6,6,3,-1,-1,1595,1,6,MERCEDES GLA CLASS,-1,-1,0,-1
2023451361442,2023,451361442,1,9,0,3,3,1,5,0,0,0,0,0,0,0,2,1,2,2,2,34,6,1595,1,4,MERCEDES GLA CLASS,10,E01030584,0,-1
2023471314480,2023,471314480,1,9,0,5,5,1,3,0,0,8,0,0,0,0,1,1,2,2,1,59,9,2143,2,6,MERCEDES GLA CLASS,10,E01021067,0,-1
2023131296426,2023,131296426,2,9,0,17,19,1,5,0,0,2,0,0,0,0,1,1,5,6,2,51,8,2143,2,8,MERCEDES GLA CLASS,5,E01011263,0,-1
2023411390168,2023,411390168,1,9,0,5,5,2,7,0,0,4,0,0,0,0,1,1,6,6,2,57,9,1950,2,0,MERCEDES GLA CLASS,8,E01023485,0,-1
2023201403252,2023,201403252,1,9,0,18,19,4,8,0,0,0,0,0,0,0,1,1,6,6,2,32,6,2143,2,6,MERCEDES GLA CLASS,1,E01006417,0,-1
2023522400239,2023,522400239,1,9,0,4,4,1,5,0,0,0,0,0,0,0,1,1,6,6,1,65,9,1950,2,0,MERCEDES GLA CLASS,2,E01014834,0,-1
2023010447942,2023,010447942,2,9,9,99,99,9,9,99,99,9,9,99,9,99,9,9,6,6,1,45,7,1595,1,5,MERCEDES GLA CLASS,4,E01001934,0,-1
2023010433927,2023,010433927,1,9,0,3,3,1,5,0,0,1,0,0,0,0,1,1,6,6,1,52,8,1595,1,4,MERCEDES GLA CLASS,7,E01002838,0,-1
2023411387002,2023,411387002,3,9,0,18,19,5,1,6,6,0,0,0,0,0,1,1,6,6,3,28,6,1595,1,4,MERCEDES GLA CLASS,-1,-1,0,-1
2023010428982,2023,010428982,1,9,0,4,4,3,7,0,0,2,0,0,0,0,1,1,6,6,1,57,9,1595,1,4,MERCEDES GLA CLASS,3,E01003379,0,-1
2023010432773,2023,010432773,1,9,0,3,3,1,5,0,0,2,0,0,0,0,2,1,6,6,2,31,6,1595,1,4,MERCEDES GLA CLASS,3,E01001834,0,-1
2023010446198,2023,010446198,2,9,0,99,99,9,9,99,99,0,9,99,9,99,1,9,6,6,2,22,5,2143,2,5,MERCEDES GLA CLASS,2,E01001555,0,-1
2023061372078,2023,061372078,1,9,0,16,19,3,7,0,0,0,0,0,0,0,1,1,5,6,1,72,10,2143,2,8,MERCEDES GLA CLASS,2,E01006274,0,-1
2023061338736,2023,061338736,4,9,0,18,19,3,7,0,0,0,0,0,0,0,2,1,1,1,1,44,7,1595,1,4,MERCEDES GLA CLASS,2,E01011000,0,-1
2023010468853,2023,010468853,1,9,0,18,19,3,7,0,0,0,0,10,7,1,1,1,6,6,2,26,6,1595,1,4,MERCEDES GLA CLASS,2,E01033702,0,-1
2023361317817,2023,361317817,1,9,0,7,7,1,3,0,0,6,0,0,0,0,2,1,5,6,1,51,8,2143,2,7,MERCEDES GLA CLASS,8,E01022569,0,-1
2023010456101,2023,010456101,2,9,0,99,99,9,9,99,99,9,9,99,9,99,0,9,6,6,3,-1,-1,1332,1,1,MERCEDES GLA CLASS,1,E01001507,0,-1
2023010442117,2023,010442117,2,9,0,99,99,9,9,99,99,9,9,99,9,99,1,9,6,6,3,-1,-1,2143,2,8,MERCEDES GLA CLASS,-1,-1,0,-1
2023411301037,2023,411301037,2,9,0,18,19,6,2,0,0,3,0,0,0,0,4,1,5,6,2,29,6,2143,2,7,MERCEDES GLA CLASS,4,E01001480,0,-1
2023320653321,2023,320653321,1,9,0,7,7,8,2,0,0,6,0,0,0,0,2,1,6,6,2,55,8,1332,1,0,MERCEDES GLA CLASS,-1,-1,0,-1
2023010451393,2023,010451393,1,9,0,3,3,7,3,0,0,2,0,8,0,0,0,2,6,6,2,28,6,1595,1,5,MERCEDES GLA CLASS,8,E01015770,0,-1
2023010430985,2023,010430985,2,9,0,4,4,1,5,0,0,2,0,0,0,0,4,1,6,6,1,85,11,1595,1,4,MERCEDES GLA CLASS,9,E01003880,0,-1
2023201418473,2023,201418473,2,9,0,6,6,3,3,0,0,0,1,0,0,0,3,1,5,6,1,29,6,1332,1,1,MERCEDES GLA CLASS,2,E01009028,0,-1
2023052302615,2023,052302615,1,9,0,4,4,5,1,0,0,1,0,0,0,0,1,1,6,6,1,60,9,2143,2,8,MERCEDES GLA CLASS,3,E01007177,0,-1
2023520300506,2023,520300506,3,9,0,2,2,0,0,0,0,2,0,0,0,0,2,1,6,6,3,-1,-1,1595,1,5,MERCEDES GLA CLASS,-1,-1,0,-1
2023991406654,2023,991406654,1,9,0,18,19,1,5,0,0,1,0,0,0,0,1,1,6,6,2,-1,-1,1595,1,4,MERCEDES GLA CLASS,-1,-1,0,-1
2023421394961,2023,421394961,2,9,0,3,3,3,7,0,0,0,0,0,0,0,2,1,6,6,2,38,7,2143,2,6,MERCEDES GLA CLASS,4,E01030022,0,-1
2023101314544,2023,101314544,2,9,0,18,19,2,6,0,0,8,0,0,0,0,4,1,6,6,1,31,6,1595,1,5,MERCEDES GLA CLASS,3,E01008168,0,-1
2023411277401,2023,411277401,1,9,0,18,19,6,2,0,0,8,0,0,0,0,1,1,6,6,2,64,9,1950,2,2,MERCEDES GLA CLASS,7,E01023801,0,-1
2023052301327,2023,052301327,1,9,0,18,19,5,1,0,0,1,0,0,0,0,1,1,6,6,1,51,8,2143,2,7,MERCEDES GLA CLASS,1,E01006542,0,-1
2023461306103,2023,461306103,2,9,0,18,19,5,1,0,0,0,0,0,0,0,2,1,6,6,1,-1,-1,1332,1,1,MERCEDES GLA CLASS,2,E01024685,0,-1
2023010478781,2023,010478781,2,9,0,18,19,1,5,0,0,0,0,0,0,0,1,1,6,6,1,79,11,1950,2,3,MERCEDES GLA CLASS,5,E01002629,0,-1
2023320499799,2023,320499799,2,9,0,18,19,8,4,0,0,8,1,0,0,0,4,1,6,6,2,62,9,1595,1,4,MERCEDES GLA CLASS,8,E01026191,0,-1
2023440408276,2023,440408276,2,9,0,18,19,7,3,0,0,0,0,0,0,0,1,1,2,2,2,24,5,1595,1,5,MERCEDES GLA CLASS,9,E01022522,0,-1
2023061291848,2023,061291848,4,9,0,2,2,0,0,6,6,2,0,0,0,0,2,1,6,6,3,-1,-1,2143,2,4,MERCEDES GLA CLASS,-1,-1,0,-1
2023421362019,2023,421362019,1,9,0,18,19,5,1,0,0,4,0,0,0,0,3,1,2,2,1,52,8,1595,1,3,MERCEDES GLA CLASS,9,E01002275,0,-1
2023010443398,2023,010443398,1,9,0,17,19,7,5,0,0,6,0,0,0,0,1,1,6,6,2,29,6,2143,2,7,MERCEDES GLA CLASS,2,E01003239,0,-1
2023131360747,2023,131360747,1,9,0,18,19,1,5,0,0,1,0,4,0,0,4,1,1,1,1,85,11,1950,2,3,MERCEDES GLA CLASS,6,E01019239,0,-1
2023010438292,2023,010438292,1,9,0,5,5,7,3,0,0,0,0,0,0,0,1,1,6,6,2,44,7,1332,8,3,MERCEDES GLA CLASS,10,E01000348,0,-1
2023010457755,2023,010457755,1,9,0,6,6,7,7,0,0,0,0,0,0,0,1,1,6,6,2,26,6,1595,1,5,MERCEDES GLA CLASS,-1,-1,0,-1
2023031335821,2023,031335821,1,9,0,18,19,3,1,9,9,0,0,4,0,0,1,1,5,6,1,67,10,1950,2,2,MERCEDES GLA CLASS,3,E01019204,0,-1
2023010486286,2023,010486286,2,9,0,99,99,9,9,99,99,6,9,99,9,99,9,9,6,6,3,-1,-1,1332,1,1,MERCEDES GLA CLASS,-1,-1,0,-1
2023221377384,2023,221377384,2,9,0,18,19,1,5,0,0,3,0,0,0,0,4,1,2,2,2,39,7,2143,2,6,MERCEDES GLA CLASS,9,E01018571,0,-1
2023302301842,2023,302301842,2,9,0,3,3,8,2,0,0,1,0,0,0,0,1,1,6,6,2,26,6,1991,1,5,MERCEDES GLA CLASS,-1,-1,0,-1
2023122400050,2023,122400050,1,9,0,1,1,1,5,0,0,0,0,0,0,0,1,1,6,6,3,-1,-1,2143,2,5,MERCEDES GLA CLASS,-1,-1,0,-1
2023010452265,2023,010452265,5,9,0,2,2,0,0,0,0,1,0,0,0,0,3,1,6,6,3,-1,-1,1332,1,1,MERCEDES GLA CLASS,-1,-1,0,-1
2023010421735,2023,010421735,1,9,0,18,19,7,3,0,0,6,0,10,0,0,1,1,6,6,1,50,8,2143,2,6,MERCEDES GLA CLASS,9,E01000346,0,-1
2023010458858,2023,010458858,2,9,0,18,19,5,1,0,0,1,0,0,0,0,1,1,6,6,3,-1,-1,1595,1,4,MERCEDES GLA CLASS,-1,-1,0,-1
2023302300085,2023,302300085,2,9,0,4,4,6,2,0,0,0,0,0,0,0,2,1,6,6,2,53,8,1332,8,2,MERCEDES GLA CLASS,7,E01026372,0,-1
2023010448899,2023,010448899,2,9,0,7,7,1,3,0,0,1,0,0,0,0,4,1,6,6,3,35,6,2143,2,7,MERCEDES GLA CLASS,5,E01000629,0,-1
2023010488481,2023,010488481,1,9,0,99,99,9,9,99,99,9,9,99,9,99,9,9,6,6,2,82,11,1595,1,4,MERCEDES GLA CLASS,2,E01001482,0,-1
2023461355232,2023,461355232,1,9,0,18,19,2,6,0,0,0,0,0,0,0,1,1,6,6,1,59,9,1332,1,1,MERCEDES GLA CLASS,6,E01024034,0,-1
2023332300094,2023,332300094,2,9,0,4,4,4,8,0,0,0,0,0,0,0,1,1,6,6,2,56,9,2143,2,7,MERCEDES GLA CLASS,9,E01031154,0,-1
2023421289726,2023,421289726,2,9,0,18,19,1,5,0,0,1,0,0,0,0,1,1,2,2,2,29,6,2143,2,9,MERCEDES GLA CLASS,9,E01015889,0,-1
2023991343703,2023,991343703,1,9,0,17,19,5,1,0,0,0,0,0,0,0,1,1,5,6,1,32,6,1332,8,0,MERCEDES GLA CLASS,-1,-1,0,-1
2023201415170,2023,201415170,2,9,0,14,14,4,8,0,0,8,0,0,0,0,3,1,6,6,2,-1,-1,2143,2,6,MERCEDES GLA CLASS,-1,-1,0,-1
2023041290279,2023,041290279,2,9,0,16,19,8,8,0,0,1,0,0,0,0,1,1,5,6,2,53,8,2143,2,5,MERCEDES GLA CLASS,4,E01012607,0,-1
2023010426886,2023,010426886,1,9,0,99,99,9,9,99,99,9,9,99,9,99,1,9,6,6,1,20,4,2143,2,5,MERCEDES GLA CLASS,2,E01004400,0,-1
2023010459091,2023,010459091,3,9,0,18,19,5,1,0,0,1,0,0,0,0,3,1,6,6,1,32,6,1595,1,4,MERCEDES GLA CLASS,10,E01002434,0,-1
2023461353814,2023,461353814,1,9,0,18,19,8,4,0,0,0,0,0,0,0,1,1,6,6,1,-1,-1,2143,2,8,MERCEDES GLA CLASS,1,E01003052,0,-1
2023071253483,2023,071253483,1,9,0,5,5,7,4,0,0,4,0,0,0,0,1,1,6,6,2,24,5,2143,2,5,MERCEDES GLA CLASS,8,E01012435,0,-1
2023340WN2332,2023,340WN2332,2,9,0,18,19,1,5,0,0,8,0,0,0,0,1,1,6,6,1,34,6,1595,1,4,MERCEDES GLA CLASS,9,E01027301,0,-1
202360A120918,2023,60A120918,1,9,0,5,5,4,8,0,0,6,0,0,3,0,2,1,6,6,1,74,10,2143,2,7,MERCEDES GLA CLASS,-1,-1,0,-1
2023141264618,2023,141264618,2,9,0,18,19,1,5,0,0,0,0,0,0,0,2,1,1,1,1,31,6,1332,8,1,MERCEDES GLA CLASS,5,E01007484,0,-1
2023010445286,2023,010445286,2,9,0,2,2,0,0,0,0,1,0,0,0,0,2,1,6,6,3,-1,-1,1595,1,4,MERCEDES GLA CLASS,-1,-1,0,-1
2023451355950,2023,451355950,1,9,0,18,19,4,8,0,0,0,0,0,0,0,2,1,1,1,2,49,8,1595,1,4,MERCEDES GLA CLASS,10,E01030526,0,-1
2023010473499,2023,010473499,3,9,0,2,2,0,0,9,9,1,0,0,0,0,1,1,6,6,3,-1,-1,1595,1,4,MERCEDES GLA CLASS,-1,-1,0,-1
2023010422430,2023,010422430,1,9,0,99,99,9,9,99,99,9,9,99,9,99,1,9,6,6,2,34,6,1595,1,4,MERCEDES GLA CLASS,4,E01023336,0,-1
2023010440607,2023,010440607,1,9,0,4,4,7,3,0,0,0,0,0,0,0,1,1,6,6,1,40,7,2143,2,5,MERCEDES GLA CLASS,5,E01000450,0,-1
2023131311936,2023,131311936,2,9,0,18,19,1,5,0,0,0,0,0,0,0,3,1,6,6,1,30,6,1595,1,4,MERCEDES GLA CLASS,3,E01005437,0,-1
2023461349410,2023,461349410,2,9,0,18,19,7,3,0,0,1,0,0,0,0,1,1,5,6,2,69,10,2143,2,7,MERCEDES GLA CLASS,7,E01024252,0,-1
2023010456643,2023,010456643,1,9,0,99,99,9,9,99,99,0,9,99,9,99,2,9,2,2,1,42,7,1991,1,5,MERCEDES GLA CLASS,2,E01001761,0,-1
2023010422207,2023,010422207,1,9,0,99,99,9,9,99,99,9,9,99,9,99,2,9,6,6,2,51,8,2143,2,6,MERCEDES GLA CLASS,8,E01002945,0,-1
2023010422328,2023,010422328,1,9,0,9,9,5,4,0,0,2,0,0,0,0,1,1,6,6,2,31,6,1595,1,4,MERCEDES GLA CLASS,4,E01000997,0,-1
2023010471513,2023,010471513,2,9,9,99,99,9,9,99,99,9,9,99,9,99,1,9,6,6,3,28,6,1595,1,3,MERCEDES GLA CLASS,7,E01004619,0,-1
2023471284524,2023,471284524,2,9,0,17,19,1,6,0,0,0,0,0,0,0,3,1,5,6,2,57,9,1332,1,2,MERCEDES GLA CLASS,-1,-1,0,-1
2023430208570,2023,430208570,1,9,0,10,10,5,4,0,0,1,0,0,0,0,4,1,3,7,2,36,7,1595,1,4,MERCEDES GLA CLASS,5,E01032726,0,-1
2023061361450,2023,061361450,3,9,0,18,19,6,2,0,0,0,0,0,0,0,1,1,6,6,1,38,7,1595,1,3,MERCEDES GLA CLASS,1,E01005466,0,-1
2023010427772,2023,010427772,1,9,0,10,10,5,3,0,0,6,0,0,0,0,0,1,6,6,2,42,7,1332,1,1,MERCEDES GLA CLASS,-1,-1,0,-1
2023552300822,2023,552300822,2,9,0,2,2,0,0,0,0,0,0,0,0,0,2,1,6,6,3,-1,-1,2143,2,6,MERCEDES GLA CLASS,-1,-1,0,-1
2023451285978,2023,451285978,1,9,0,7,7,3,7,0,0,1,0,0,0,0,3,1,1,1,2,23,5,2143,2,6,MERCEDES GLA CLASS,10,E01030584,0,-1
2023451271605,2023,451271605,2,9,0,18,19,3,7,0,0,0,0,0,0,0,4,1,6,6,2,45,7,1595,1,6,MERCEDES GLA CLASS,10,E01030542,0,-1
2023430218017,2023,430218017,1,9,0,9,9,2,1,0,0,6,0,0,0,0,1,1,6,6,1,25,5,2143,2,5,MERCEDES GLA CLASS,5,E01016519,0,-1
2023061358837,2023,061358837,2,9,-1,-1,-1,-1,-1,7,6,0,1,0,0,0,3,1,5,6,2,28,6,1595,1,4,MERCEDES GLA CLASS,8,E01012628,0,-1
2023552300655,2023,552300655,2,9,0,18,19,2,6,0,0,8,0,0,0,0,3,1,6,6,2,66,10,1595,1,4,MERCEDES GLA CLASS,-1,-1,0,-1
2023010431813,2023,010431813,2,9,0,11,11,1,5,0,0,3,0,0,0,0,4,1,6,6,2,64,9,1332,1,2,MERCEDES GLA CLASS,10,E01002194,0,-1
2023552300107,2023,552300107,2,9,0,4,4,8,4,0,0,1,0,0,0,0,2,1,6,6,1,47,8,2143,2,8,MERCEDES GLA CLASS,9,E01015360,0,-1
2023061274985,2023,061274985,4,9,0,2,2,6,6,0,0,1,0,0,0,0,3,1,6,6,3,-1,-1,1595,1,4,MERCEDES GLA CLASS,-1,-1,0,-1
2023201384304,2023,201384304,2,9,0,18,19,8,4,0,0,0,0,0,0,0,4,1,2,2,2,34,6,2143,2,6,MERCEDES GLA CLASS,8,E01031181,0,-1
2023041294720,2023,041294720,2,9,0,18,19,7,3,0,0,1,0,0,0,0,4,1,5,6,1,62,9,2143,2,6,MERCEDES GLA CLASS,3,E01025246,0,-1
2023010438842,2023,010438842,3,9,0,99,99,9,9,99,99,9,9,99,9,99,2,9,6,6,2,40,7,2143,2,5,MERCEDES GLA CLASS,1,E01002280,0,-1
2023421379940,2023,421379940,1,9,0,4,4,5,1,0,0,0,0,0,0,0,1,1,6,6,2,-1,-1,1595,1,6,MERCEDES GLA CLASS,-1,-1,0,-1
2023010474720,2023,010474720,2,9,0,99,99,9,9,99,99,0,9,99,9,99,9,9,6,6,3,-1,-1,2143,2,7,MERCEDES GLA CLASS,-1,-1,0,-1
2023010465421,2023,010465421,1,9,0,9,9,5,3,0,0,6,0,0,0,0,1,1,6,6,2,36,7,1595,1,4,MERCEDES GLA CLASS,-1,-1,0,-1
2023010471090,2023,010471090,1,9,9,99,99,9,9,99,99,9,9,99,9,99,9,9,6,6,2,76,11,1595,1,4,MERCEDES GLA CLASS,2,E01001482,0,-1
2023421390918,2023,421390918,2,9,0,-1,-1,-1,-1,-1,-1,-1,-1,-1,-1,0,-1,1,6,6,2,28,6,2143,2,4,MERCEDES GLA CLASS,5,E01021518,0,-1
2023430172203,2023,430172203,2,9,0,7,7,4,6,0,0,6,0,0,0,0,1,1,6,6,2,-1,-1,1332,1,1,MERCEDES GLA CLASS,-1,-1,0,-1
2023421309814,2023,421309814,1,9,0,13,13,7,3,0,0,0,0,0,0,0,1,1,1,1,1,49,8,1595,1,6,MERCEDES GLA CLASS,10,E01023742,0,-1
2023991375796,2023,991375796,1,9,0,18,19,7,3,0,0,0,0,0,0,0,1,1,2,2,1,73,10,2143,2,5,MERCEDES GLA CLASS,2,-1,0,-1
2023552300728,2023,552300728,4,9,0,3,3,3,7,0,0,0,0,0,0,0,2,1,6,6,1,74,10,1991,1,7,MERCEDES GLA CLASS,8,E01029190,0,-1
202360A193082,2023,60A193082,2,9,0,13,13,2,6,0,0,0,0,0,0,0,1,1,6,6,1,31,6,2143,2,8,MERCEDES GLA CLASS,-1,-1,0,-1
2023520400872,2023,520400872,2,9,0,18,19,7,1,0,0,0,1,0,1,0,1,1,6,6,2,46,8,2143,2,7,MERCEDES GLA CLASS,9,E01029065,0,-1
2023010466754,2023,010466754,1,9,0,9,9,5,2,0,0,0,0,0,0,0,1,1,1,1,1,30,6,1595,1,4,MERCEDES GLA CLASS,8,E01003455,0,-1
2023461368339,2023,461368339,1,9,0,18,19,7,3,0,0,0,0,0,0,0,1,1,3,7,2,53,8,2143,2,7,MERCEDES GLA CLASS,5,E01016156,0,-1
2023131290096,2023,131290096,1,9,0,18,19,1,5,0,0,0,1,2,0,0,1,1,5,6,1,27,6,2143,2,5,MERCEDES GLA CLASS,1,E01011361,0,-1
2023461363642,2023,461363642,1,9,0,13,13,6,2,0,0,0,0,0,0,0,4,1,6,6,1,24,5,1595,1,5,MERCEDES GLA CLASS,7,E01024435,0,-1
202354B984723,2023,54B984723,3,9,0,18,19,2,6,0,0,1,0,0,0,0,2,1,6,6,1,34,6,2143,2,7,MERCEDES GLA CLASS,7,E01032693,0,-1
2023010461676,2023,010461676,1,9,0,18,19,1,5,0,0,1,5,4,0,0,1,1,6,6,1,-1,-1,1595,1,4,MERCEDES GLA CLASS,-1,-1,0,-1
2023361334499,2023,361334499,1,9,0,18,19,6,2,0,0,8,0,0,0,0,1,1,5,6,2,55,8,2143,2,8,MERCEDES GLA CLASS,6,E01023320,0,-1
2023010441876,2023,010441876,2,9,0,99,99,9,9,99,99,9,9,99,9,99,9,9,6,6,3,-1,-1,2143,2,5,MERCEDES GLA CLASS,-1,-1,0,-1
2023010456215,2023,010456215,1,9,0,99,99,9,9,99,99,9,9,99,9,99,2,9,6,6,2,40,7,1595,1,4,MERCEDES GLA CLASS,-1,-1,0,-1
2023010435740,2023,010435740,1,9,0,18,19,5,1,0,0,8,0,0,0,0,1,1,6,6,1,29,6,1595,1,6,MERCEDES GLA CLASS,9,E01021786,0,-1
2023010424424,2023,010424424,2,9,0,2,2,0,0,9,9,0,0,0,0,0,4,2,6,6,3,-1,-1,1595,1,5,MERCEDES GLA CLASS,-1,-1,0,-1
2023461363642,2023,461363642,2,9,0,2,2,0,0,0,0,0,0,0,0,0,2,1,6,6,2,25,5,1332,8,2,MERCEDES GLA CLASS,9,E01024442,0,-1
2023361347562,2023,361347562,1,9,0,9,9,6,3,0,0,3,0,0,0,0,4,1,5,6,1,28,6,2143,2,7,MERCEDES GLA CLASS,7,E01026754,0,-1
2023010423199,2023,010423199,1,9,0,99,99,9,9,99,99,9,9,99,9,99,2,9,6,6,2,34,6,2143,2,6,MERCEDES GLA CLASS,3,E01001468,0,-1
2023201362841,2023,201362841,1,9,0,18,19,2,5,0,0,4,0,0,0,0,3,1,5,6,1,65,9,1595,1,4,MERCEDES GLA CLASS,1,E01009365,0,-1
2023010423641,2023,010423641,1,9,0,16,19,1,5,0,0,0,0,0,0,0,1,1,6,6,2,37,7,2143,2,6,MERCEDES GLA CLASS,1,E01000744,0,-1
2023010475256,2023,010475256,2,9,9,99,99,9,9,9,9,9,9,0,0,0,0,9,6,6,2,-1,-1,2143,2,7,MERCEDES GLA CLASS,-1,-1,0,-1
2023010448021,2023,010448021,2,9,0,99,99,9,9,99,99,9,9,99,9,99,1,9,6,6,3,-1,-1,1332,1,2,MERCEDES GLA CLASS,-1,-1,0,-1
2023411339781,2023,411339781,1,9,0,18,19,6,2,0,0,0,0,0,0,0,1,1,6,6,2,44,7,2143,2,6,MERCEDES GLA CLASS,7,E01023527,0,-1
2023010445331,2023,010445331,1,9,0,18,19,3,7,0,0,1,0,0,0,0,1,1,6,6,2,51,8,2143,2,7,MERCEDES GLA CLASS,2,E01001824,0,-1
2023991327522,2023,991327522,3,9,0,4,4,4,8,0,0,0,0,0,0,0,2,1,5,6,1,35,6,2143,2,5,MERCEDES GLA CLASS,-1,-1,0,-1
2023201380753,2023,201380753,1,9,0,9,9,2,8,0,0,6,0,0,0,0,1,1,5,6,2,61,9,1332,8,2,MERCEDES GLA CLASS,10,E01010197,0,-1
2023010478644,2023,010478644,3,9,0,18,19,4,8,0,0,1,0,0,0,0,1,1,6,6,2,49,8,1595,1,4,MERCEDES GLA CLASS,-1,-1,0,-1
2023461261442,2023,461261442,2,9,0,18,19,1,5,0,0,0,0,0,0,0,2,1,5,6,1,39,7,2143,2,7,MERCEDES GLA CLASS,7,E01024361,0,-1
2023041320536,2023,041320536,1,9,0,18,19,5,1,0,0,0,1,0,5,6,3,1,5,6,1,68,10,2143,2,8,MERCEDES GLA CLASS,9,E01025364,0,-1
2023430003402,2023,430003402,1,8,0,18,19,3,7,0,0,0,0,0,0,0,1,1,1,1,1,56,9,1595,1,4,-1,2,E01000184,0,-1
2023010475315,2023,010475315,1,9,0,18,19,2,6,0,0,1,0,0,0,0,1,1,6,6,1,62,9,2143,2,6,MERCEDES GLA CLASS,2,E01001172,0,-1
2023471355290,2023,471355290,2,9,0,18,19,3,7,0,0,1,0,0,0,0,3,1,5,6,2,34,6,2143,2,6,MERCEDES GLA CLASS,6,E01017012,0,-1