collision_index,collision_year,collision_ref_no,vehicle_reference,vehicle_type,towing_and_articulation,vehicle_manoeuvre_historic,vehicle_manoeuvre,vehicle_direction_from,vehicle_direction_to,vehicle_location_restricted_lane_historic,vehicle_location_restricted_lane,junction_location,skidding_and_overturning,hit_object_in_carriageway,vehicle_leaving_carriageway,hit_object_off_carriageway,first_point_of_impact,vehicle_left_hand_drive,journey_purpose_of_driver_historic,journey_purpose_of_driver,sex_of_driver,age_of_driver,age_band_of_driver,engine_capacity_cc,propulsion_code,age_of_vehicle,generic_make_model,driver_imd_decile,lsoa_of_driver,escooter_flag,driver_distance_banding
2023430483842,2023,430483842,1,9,0,18,19,7,3,0,0,0,0,0,0,0,1,1,6,6,2,-1,-1,1595,1,4,MERCEDES GLA CLASS,-1,-1,0,-1
2023451278064,2023,451278064,1,9,0,18,19,1,5,0,0,0,1,0,2,0,4,1,5,6,1,26,6,1595,1,5,MERCEDES GLA CLASS,7,E01001026,0,-1
2023010455118,2023,010455118,1,9,0,7,7,1,3,2,2,1,0,0,0,0,2,1,6,6,2,35,6,2143,2,6,MERCEDES GLA CLASS,-1,-1,0,-1
2023401274202,2023,401274202,1,9,0,18,19,3,1,0,0,3,0,0,0,0,1,1,6,6,2,46,8,2143,2,7,MERCEDES GLA CLASS,3,E01015785,0,-1
2023451381800,2023,451381800,2,9,0,18,19,1,5,0,0,0,0,0,0,0,4,1,6,6,1,70,10,1595,1,5,MERCEDES GLA CLASS,-1,-1,0,-1
2023461359362,2023,461359362,1,9,0,8,8,4,7,0,0,1,0,0,0,0,1,1,6,6,1,24,5,2143,2,8,MERCEDES GLA CLASS,5,E01024562,0,-1
2023010455523,2023,010455523,2,9,0,99,99,9,9,99,99,9,9,99,9,99,1,9,6,6,3,-1,-1,1595,1,5,MERCEDES GLA CLASS,4,E01004338,0,-1
2023610003423,2023,610003423,1,9,0,18,19,6,2,0,0,0,5,4,0,0,1,1,6,6,1,37,7,1595,1,5,MERCEDES GLA CLASS,1,E01010103,0,-1
2023010436529,2023,010436529,3,9,0,2,2,0,0,0,0,1,0,0,0,0,0,1,6,6,3,-1,-1,1332,1,2,MERCEDES GLA CLASS,-1,-1,0,-1
2023991384106,2023,991384106,1,9,0,7,7,6,2,0,0,3,0,0,0,0,4,1,6,6,2,22,5,1595,1,4,MERCEDES GLA CLASS,6,-1,0,-1
2023451285215,2023,451285215,2,9,0,18,19,7,3,0,0,0,0,0,0,0,1,1,6,6,2,50,8,2143,2,8,MERCEDES GLA CLASS,10,E01030775,0,-1
2023010459296,2023,010459296,2,9,0,99,99,9,9,99,99,9,9,99,9,99,9,9,6,6,3,-1,-1,1595,1,3,MERCEDES GLA CLASS,-1,-1,0,-1
2023430289550,2023,430289550,1,9,0,11,11,3,7,0,0,8,0,0,0,0,4,1,6,6,1,-1,-1,1595,1,6,MERCEDES GLA CLASS,-1,-1,0,-1
2023471375839,2023,471375839,1,9,0,18,19,5,1,0,0,0,0,0,0,0,1,1,6,6,2,39,7,2143,2,6,MERCEDES GLA CLASS,6,E01021047,0,-1
2023471266984,2023,471266984,2,9,0,15,15,2,6,0,0,0,0,0,0,0,1,1,5,6,2,29,6,2143,2,9,MERCEDES GLA CLASS,5,E01021195,0,-1
2023010435934,2023,010435934,1,9,0,18,19,1,5,0,0,0,0,4,0,0,1,1,6,6,2,41,7,2143,2,8,MERCEDES GLA CLASS,2,E01032569,0,-1
2023461367622,2023,461367622,2,9,0,4,4,3,7,0,0,0,0,0,0,0,2,1,6,6,2,37,7,1991,1,7,MERCEDES GLA CLASS,5,E01032654,0,-1
2023461360037,2023,461360037,1,9,0,10,10,5,3,0,0,8,0,0,0,0,1,1,6,6,1,51,8,1595,1,4,MERCEDES GLA CLASS,7,E01024141,0,-1
2023520301474,2023,520301474,1,9,0,18,19,5,3,0,0,8,0,0,0,0,1,1,6,6,1,41,7,1332,8,1,MERCEDES GLA CLASS,1,E01014829,0,-1
2023320019273,2023,320019273,1,9,0,4,4,4,8,0,0,0,0,0,0,0,2,1,1,1,2,56,9,2143,2,6,MERCEDES GLA CLASS,6,E01026260,0,-1
2023991371357,2023,991371357,1,9,0,9,9,3,1,0,0,1,0,0,0,0,1,1,6,6,2,62,9,1332,1,2,MERCEDES GLA CLASS,10,-1,0,-1
2023010428230,2023,010428230,1,9,0,99,99,9,9,99,99,9,9,99,9,99,1,9,6,6,1,29,6,1595,1,6,MERCEDES GLA CLASS,3,E01003182,0,-1
2023201454041,2023,201454041,2,9,0,1,1,1,5,9,9,6,0,0,0,0,2,1,2,2,1,29,6,2143,2,5,MERCEDES GLA CLASS,4,E01009576,0,-1
2023411405189,2023,411405189,1,9,0,18,19,6,2,0,0,0,5,0,7,4,1,1,5,6,1,52,8,1332,1,2,MERCEDES GLA CLASS,7,E01023901,0,-1
2023010443266,2023,010443266,1,9,0,18,19,3,7,9,9,0,0,0,1,4,1,1,6,6,2,35,6,1595,1,4,MERCEDES GLA CLASS,-1,-1,0,-1
2023010447779,2023,010447779,1,9,0,18,19,7,3,0,0,0,0,0,1,2,1,1,6,6,1,65,9,2143,2,7,MERCEDES GLA CLASS,2,E01032564,0,-1
2023440452431,2023,440452431,2,9,0,5,5,6,2,0,0,1,0,0,0,0,1,1,6,6,2,65,9,1595,1,4,MERCEDES GLA CLASS,6,E01019320,0,-1
2023421351574,2023,421351574,2,9,0,18,19,1,5,0,0,0,0,0,0,0,2,1,6,6,2,37,7,1595,1,5,MERCEDES GLA CLASS,6,E01004078,0,-1
2023010459020,2023,010459020,1,9,0,18,19,7,3,0,0,0,0,7,0,0,1,1,6,6,1,22,5,2143,2,7,MERCEDES GLA CLASS,9,E01003382,0,-1
2023122300339,2023,122300339,1,9,0,9,9,2,8,0,0,5,0,0,0,0,3,1,6,6,2,42,7,2143,2,6,MERCEDES GLA CLASS,7,E01027924,0,-1
2023010438394,2023,010438394,2,9,0,10,10,1,6,0,0,1,0,0,0,0,2,1,6,6,2,55,8,1332,1,1,MERCEDES GLA CLASS,2,E01003984,0,-1
2023622300521,2023,622300521,1,9,0,18,19,5,2,0,0,0,0,0,0,0,1,1,6,6,1,74,10,1332,1,2,MERCEDES GLA CLASS,10,W01000868,0,-1
2023010446663,2023,010446663,1,9,0,4,4,5,1,0,0,1,0,0,0,0,1,1,6,6,3,-1,-1,2143,2,7,MERCEDES GLA CLASS,-1,-1,0,-1
2023421344481,2023,421344481,1,9,0,12,12,5,6,0,0,0,0,0,0,0,3,1,6,6,1,26,6,2143,2,5,MERCEDES GLA CLASS,4,E01021848,0,-1
2023010468822,2023,010468822,2,9,0,99,99,9,9,99,99,9,9,99,9,99,1,9,6,6,3,-1,-1,1595,1,4,MERCEDES GLA CLASS,-1,-1,0,-1
2023430459093,2023,430459093,1,9,0,5,5,5,1,0,0,1,0,0,0,0,1,1,6,6,2,50,8,1595,1,5,MERCEDES GLA CLASS,-1,-1,0,-1
2023010440953,2023,010440953,1,9,0,5,5,1,5,0,0,5,0,4,0,0,4,1,6,6,1,56,9,1595,1,4,MERCEDES GLA CLASS,3,E01000553,0,-1
2023010455204,2023,010455204,1,9,0,4,4,7,3,0,0,1,0,0,0,0,2,2,6,6,2,51,8,1595,1,4,MERCEDES GLA CLASS,5,E01004076,0,-1
2023170M20473,2023,170M20473,2,9,0,3,3,1,5,0,0,0,0,0,0,0,2,1,6,6,2,42,7,2143,2,5,MERCEDES GLA CLASS,1,E01012075,0,-1
2023141277892,2023,141277892,1,9,0,18,19,1,5,0,0,1,0,0,0,0,1,1,5,6,2,61,9,1332,1,1,MERCEDES GLA CLASS,6,E01007456,0,-1
2023061372767,2023,061372767,1,9,0,18,19,4,8,0,0,1,0,0,0,0,1,1,6,6,2,28,6,2143,2,5,MERCEDES GLA CLASS,3,E01006291,0,-1
2023010457907,2023,010457907,1,9,0,7,7,2,5,0,0,5,0,0,0,0,4,1,6,6,2,23,5,1595,1,5,MERCEDES GLA CLASS,4,E01002519,0,-1
2023061309002,2023,061309002,3,9,0,18,19,5,1,0,0,0,0,0,0,0,2,1,2,2,2,28,6,2143,2,7,MERCEDES GLA CLASS,3,E01004816,0,-1
2023010449983,2023,010449983,1,9,0,99,99,9,9,99,99,9,9,99,9,99,9,9,2,2,2,51,8,2143,2,5,MERCEDES GLA CLASS,1,E01004334,0,-1
2023461292708,2023,461292708,1,9,0,5,5,7,3,0,0,0,0,0,0,0,3,1,6,6,1,69,10,1950,2,2,MERCEDES GLA CLASS,9,E01024376,0,-1
2023421378462,2023,421378462,3,9,0,-1,-1,-1,-1,-1,-1,0,-1,-1,-1,0,-1,1,6,6,3,-1,-1,2143,2,4,MERCEDES GLA CLASS,-1,-1,0,-1
2023010473942,2023,010473942,2,9,0,99,99,9,9,99,99,9,9,99,9,99,9,9,6,6,3,-1,-1,1595,1,4,MERCEDES GLA CLASS,-1,-1,0,-1
2023041327112,2023,041327112,1,9,0,18,19,3,7,0,0,4,0,0,0,0,1,1,6,6,1,40,7,1595,1,3,MERCEDES GLA CLASS,1,E01025151,0,-1
2023010480636,2023,010480636,2,9,0,99,99,9,9,99,99,9,9,99,9,99,9,9,6,6,3,65,9,1595,1,4,MERCEDES GLA CLASS,3,E01001759,0,-1
2023451268894,2023,451268894,1,9,0,18,19,7,3,0,0,0,0,0,0,0,1,1,5,6,2,32,6,2143,2,6,MERCEDES GLA CLASS,9,E01030685,0,-1
2023430316416,2023,430316416,1,9,0,3,3,4,8,0,0,0,0,0,0,0,2,1,6,6,1,55,8,2143,2,6,MERCEDES GLA CLASS,10,E01017883,0,-1
2023010424397,2023,010424397,1,9,0,18,19,7,3,0,0,8,0,0,0,0,1,1,6,6,1,36,7,1595,1,5,MERCEDES GLA CLASS,8,E01002148,0,-1
2023010473356,2023,010473356,2,9,0,11,11,5,1,0,0,0,0,0,0,0,2,1,6,6,2,36,7,2143,2,7,MERCEDES GLA CLASS,5,E01021810,0,-1
2023411278790,2023,411278790,1,9,0,18,19,5,1,0,0,0,0,0,0,0,1,1,5,6,1,59,9,2143,2,8,MERCEDES GLA CLASS,3,E01013245,0,-1
2023010438453,2023,010438453,3,9,9,99,99,9,9,99,99,9,9,99,9,99,9,9,6,6,3,37,7,2143,2,4,MERCEDES GLA CLASS,6,E01004029,0,-1
2023010446931,2023,010446931,1,9,0,99,99,9,9,99,99,9,9,99,9,99,2,9,6,6,2,39,7,1595,1,4,MERCEDES GLA CLASS,3,E01001548,0,-1
2023131293363,2023,131293363,1,9,0,17,19,8,2,0,0,0,0,0,1,4,1,1,2,2,2,25,5,1595,1,4,MERCEDES GLA CLASS,6,E01027562,0,-1
2023411340258,2023,411340258,2,9,0,9,9,7,3,0,0,0,0,0,0,0,1,1,5,6,2,53,8,1595,1,5,MERCEDES GLA CLASS,9,E01023309,0,-1
2023131309031,2023,131309031,1,9,0,17,19,1,6,0,0,8,0,0,0,0,1,1,6,6,2,33,6,2143,2,6,MERCEDES GLA CLASS,4,E01011165,0,-1
2023231375779,2023,231375779,1,9,0,17,19,7,4,0,0,0,0,0,1,11,1,1,6,6,2,27,6,1595,1,4,MERCEDES GLA CLASS,6,E01031084,0,-1
2023440280505,2023,440280505,1,9,0,9,9,3,1,0,0,6,0,0,0,0,1,1,2,2,1,56,9,1595,1,3,MERCEDES GLA CLASS,4,E01022478,0,-1
2023010461172,2023,010461172,1,9,0,9,9,4,1,0,0,5,0,0,1,0,4,1,6,6,2,55,8,1991,1,5,MERCEDES GLA CLASS,2,E01004384,0,-1
2023010442096,2023,010442096,3,9,0,18,19,3,7,0,0,0,0,0,0,0,1,1,1,1,1,34,6,1595,1,4,MERCEDES GLA CLASS,-1,-1,0,-1
2023010426531,2023,010426531,2,9,0,99,99,9,9,99,99,9,9,99,9,99,9,9,6,6,3,37,7,1332,1,2,MERCEDES GLA CLASS,2,E01014629,0,-1
2023010452838,2023,010452838,1,9,0,4,4,5,1,0,0,1,0,0,0,0,2,1,6,6,1,44,7,1595,1,4,MERCEDES GLA CLASS,4,E01003322,0,-1
2023010455017,2023,010455017,1,9,0,18,19,1,5,0,0,2,0,0,1,0,3,2,3,7,2,35,6,2143,2,6,MERCEDES GLA CLASS,3,E01000111,0,-1
2023411355099,2023,411355099,2,9,0,17,19,8,4,0,0,8,5,0,0,0,4,1,2,2,1,20,4,2143,2,7,MERCEDES GLA CLASS,-1,-1,0,-1
2023471355720,2023,471355720,2,9,0,2,2,0,0,0,0,0,0,0,0,0,3,1,6,6,3,-1,-1,1595,1,4,MERCEDES GLA CLASS,-1,-1,0,-1
2023201305743,2023,201305743,2,9,0,2,2,0,0,0,0,8,0,4,0,0,0,1,6,6,2,46,8,2143,2,5,MERCEDES GLA CLASS,3,E01010382,0,-1
2023010470908,2023,010470908,1,9,0,9,9,5,3,0,0,1,0,0,0,0,1,1,6,6,1,75,10,2143,2,6,MERCEDES GLA CLASS,8,E01003445,0,-1
2023010456853,2023,010456853,1,9,0,18,19,5,1,0,0,1,0,0,0,0,1,1,6,6,2,76,11,1332,8,1,MERCEDES GLA CLASS,9,E01000648,0,-1
2023010433425,2023,010433425,1,9,0,18,19,7,3,0,0,1,0,0,0,0,1,1,6,6,2,42,7,2143,2,5,MERCEDES GLA CLASS,2,E01002638,0,-1
2023302400008,2023,302400008,4,9,0,18,19,5,1,0,0,1,0,0,0,0,1,1,6,6,1,37,7,2143,2,6,MERCEDES GLA CLASS,1,E01029554,0,-1
2023010470077,2023,010470077,1,9,9,99,99,9,9,99,99,9,9,99,9,99,9,1,2,2,2,26,6,2143,2,9,MERCEDES GLA CLASS,2,E01033486,0,-1
2023161373250,2023,161373250,2,9,0,2,2,0,0,0,0,1,0,0,1,0,2,1,6,6,3,-1,-1,1595,1,3,MERCEDES GLA CLASS,-1,-1,0,-1
2023010455754,2023,010455754,2,9,0,2,2,0,0,0,0,2,0,0,7,0,2,1,6,6,3,-1,-1,1332,8,0,MERCEDES GLA CLASS,-1,-1,0,-1
2023351394814,2023,351394814,1,9,0,4,4,5,1,0,0,4,0,0,0,0,1,1,5,6,1,28,6,1595,1,3,MERCEDES GLA CLASS,1,E01015604,0,-1
2023501294844,2023,501294844,1,9,0,18,19,4,7,0,0,0,0,0,0,0,3,1,5,6,1,26,6,2143,2,7,MERCEDES GLA CLASS,5,E01032770,0,-1
2023141280535,2023,141280535,1,9,0,17,19,4,8,6,6,0,0,0,1,0,1,1,6,6,1,23,5,2143,2,7,MERCEDES GLA CLASS,3,E01007971,0,-1
2023010448822,2023,010448822,1,9,0,4,4,5,1,0,0,1,0,0,0,0,1,1,6,6,2,82,11,1595,1,4,MERCEDES GLA CLASS,2,E01001482,0,-1
2023122300489,2023,122300489,3,9,0,2,2,0,0,0,0,0,0,0,0,0,3,1,6,6,3,-1,-1,1595,1,4,MERCEDES GLA CLASS,-1,-1,0,-1
2023461378373,2023,461378373,1,9,0,18,19,8,4,0,0,6,0,0,0,0,1,1,6,6,2,57,9,1332,1,2,MERCEDES GLA CLASS,7,E01000369,0,-1
2023101291342,2023,101291342,1,9,0,-1,-1,8,4,-1,-1,-1,-1,-1,-1,0,0,1,6,6,2,-1,-1,2143,2,5,MERCEDES GLA CLASS,-1,-1,0,-1
2023522400515,2023,522400515,2,9,0,2,2,0,0,0,0,2,0,0,0,0,3,1,6,6,1,70,10,1595,1,5,MERCEDES GLA CLASS,7,E01014533,0,-1
2023010458885,2023,010458885,1,9,0,5,5,0,1,0,0,1,0,0,0,0,4,1,2,2,2,22,5,1595,1,3,MERCEDES GLA CLASS,4,E01002970,0,-1
2023622300455,2023,622300455,2,9,0,4,4,2,6,0,0,0,0,0,0,0,2,1,6,6,1,38,7,2143,2,5,MERCEDES GLA CLASS,8,W01000796,0,-1
2023041389883,2023,041389883,1,9,0,9,9,3,1,0,0,6,0,0,0,0,1,1,5,6,2,31,6,1595,1,5,MERCEDES GLA CLASS,10,E01025258,0,-1
2023461316815,2023,461316815,1,9,0,5,5,5,1,0,0,6,0,0,0,0,1,1,5,6,2,29,6,2143,2,7,MERCEDES GLA CLASS,6,E01016113,0,-1
2023411355174,2023,411355174,4,9,0,2,2,0,0,0,0,1,0,0,0,0,1,1,5,6,2,36,7,2143,2,6,MERCEDES GLA CLASS,7,E01023636,0,-1
2023131299923,2023,131299923,1,9,0,18,19,1,5,0,0,8,0,0,0,0,1,1,2,2,2,66,10,2143,2,7,MERCEDES GLA CLASS,5,E01011736,0,-1
2023421384169,2023,421384169,2,9,0,2,2,0,0,0,0,0,0,0,0,0,3,1,6,6,3,-1,-1,2143,2,7,MERCEDES GLA CLASS,-1,-1,0,-1
2023010480115,2023,010480115,1,9,0,18,19,5,1,0,0,8,0,0,0,0,4,1,6,6,1,35,6,2143,2,7,MERCEDES GLA CLASS,3,E01000622,0,-1
2023052300403,2023,052300403,1,9,0,18,19,1,5,0,0,8,0,0,0,0,3,1,6,6,1,28,6,1595,1,4,MERCEDES GLA CLASS,1,E01006679,0,-1
2023170S11083,2023,170S11083,1,9,0,18,19,2,6,0,0,0,0,0,1,4,1,1,6,6,1,65,9,1332,1,1,MERCEDES GLA CLASS,9,E01012226,0,-1
2023010450071,2023,010450071,2,9,9,2,2,0,0,99,99,9,9,99,9,99,9,9,6,6,3,-1,-1,2143,2,8,MERCEDES GLA CLASS,-1,-1,0,-1
2023010426345,2023,010426345,2,9,0,99,99,9,9,99,99,9,9,99,9,99,2,9,6,6,3,46,8,2143,2,6,MERCEDES GLA CLASS,5,E01000131,0,-1
2023010480960,2023,010480960,1,9,9,99,99,9,9,99,99,0,9,99,9,99,2,9,6,6,2,62,9,1595,1,5,MERCEDES GLA CLASS,2,E01003593,0,-1
2023010441577,2023,010441577,1,9,0,3,3,5,1,0,0,1,0,0,0,0,1,1,1,1,1,35,6,2143,2,8,MERCEDES GLA CLASS,5,E01004343,0,-1
2023010422907,2023,010422907,1,9,0,10,10,5,3,0,0,5,0,0,0,0,1,1,1,1,1,41,7,2143,2,8,MERCEDES GLA CLASS,2,E01003160,0,-1
2023461386504,2023,461386504,1,9,0,99,99,-1,-1,99,99,0,0,0,9,0,4,1,6,6,2,32,6,1595,1,4,MERCEDES GLA CLASS,8,E01016079,0,-1
2023320534458,2023,320534458,1,9,0,18,19,8,4,0,0,0,0,0,0,0,3,1,6,6,1,23,5,2143,2,7,MERCEDES GLA CLASS,5,E01012916,0,-1
2023201377489,2023,201377489,2,9,0,9,9,6,4,0,0,5,0,0,7,0,3,1,6,6,1,72,10,2143,2,7,MERCEDES GLA CLASS,6,E01010043,0,-1
2023010440213,2023,010440213,2,9,9,99,99,9,9,99,99,9,9,99,9,99,9,9,6,6,1,-1,-1,2143,2,5,MERCEDES GLA CLASS,-1,-1,0,-1
2023010442100,2023,010442100,2,9,0,99,99,9,9,99,99,9,9,99,9,99,9,9,6,6,3,53,8,2143,2,6,MERCEDES GLA CLASS,6,E01002135,0,-1
2023010475582,2023,010475582,1,9,0,99,99,9,9,99,99,9,9,99,9,99,2,9,6,6,1,26,6,1595,1,4,MERCEDES GLA CLASS,3,E01000506,0,-1
2023522300518,2023,522300518,1,9,0,9,9,7,5,0,0,6,0,0,0,0,3,1,6,6,2,45,7,1595,1,6,MERCEDES GLA CLASS,5,E01014642,0,-1
2023461284873,2023,461284873,1,9,0,18,19,5,1,0,0,0,0,0,0,0,1,1,6,6,1,29,6,1950,2,2,MERCEDES GLA CLASS,7,E01024378,0,-1
2023520400068,2023,520400068,1,9,0,9,9,3,1,0,0,8,0,0,7,0,4,1,6,6,1,48,8,2143,2,9,MERCEDES GLA CLASS,6,E01006621,0,-1
2023061383731,2023,061383731,1,9,0,18,19,3,7,0,0,0,0,0,0,0,-1,1,6,6,3,30,6,2143,2,6,MERCEDES GLA CLASS,-1,-1,0,-1
2023010428394,2023,010428394,2,9,9,18,19,7,3,99,99,9,9,99,9,99,9,9,6,6,1,34,6,1595,1,6,MERCEDES GLA CLASS,10,E01004556,0,-1
2023401274306,2023,401274306,1,9,0,4,4,4,1,0,0,0,0,0,0,0,1,1,6,6,2,46,8,1595,1,4,MERCEDES GLA CLASS,9,E01016786,0,-1
2023010453051,2023,010453051,2,9,0,18,19,7,3,0,0,8,0,0,0,0,3,1,6,6,1,65,9,1595,1,3,MERCEDES GLA CLASS,6,E01000193,0,-1
2023101297333,2023,101297333,3,5,0,13,13,7,3,0,0,0,5,0,7,9,4,1,5,6,1,75,10,1037,1,6,SUZUKI DL 1000,5,E01033715,0,-1
2023421339826,2023,421339826,2,5,0,17,19,8,4,0,0,0,5,0,0,0,3,1,6,6,1,67,10,1037,1,4,SUZUKI DL 1000,9,E01021259,0,-1
2023311352261,2023,311352261,1,5,0,13,13,4,8,0,0,8,5,7,1,0,3,1,6,6,1,62,9,988,1,20,SUZUKI DL 1000,6,E01027948,0,-1
2023332301270,2023,332301270,1,5,0,18,19,3,7,0,0,8,1,0,0,0,3,1,2,2,1,53,8,988,1,19,SUZUKI DL 1000,7,E01031091,0,-1
2023201270928,2023,201270928,2,2,0,13,13,6,2,0,0,8,0,10,7,5,1,1,1,1,1,54,8,996,1,15,-1,3,E01010381,0,-1
2023421380607,2023,421380607,2,5,0,18,19,5,1,0,0,0,0,0,0,0,0,1,6,6,1,61,9,996,1,16,SUZUKI DL 1000,9,E01022094,0,-1
2023061351004,2023,061351004,1,5,0,18,19,3,7,0,0,0,0,0,0,0,1,1,5,6,1,58,9,996,1,15,SUZUKI DL 1000,9,E01005339,0,-1
2023122301042,2023,122301042,1,5,0,9,9,3,7,0,0,1,1,0,0,0,0,1,6,6,1,54,8,1037,1,5,SUZUKI DL 1000,9,E01013405,0,-1
2023311285629,2023,311285629,1,5,0,15,15,4,2,0,0,8,0,0,0,0,4,1,6,6,1,58,9,996,1,19,SUZUKI DL 1000,-1,-1,0,-1
2023311287915,2023,311287915,1,5,0,18,19,1,5,0,0,1,0,0,0,0,4,1,5,6,1,31,6,996,1,15,SUZUKI DL 1000,3,E01006066,0,-1
2023010475330,2023,010475330,1,4,0,13,13,6,2,0,0,1,0,0,0,0,1,1,6,6,1,30,6,1037,1,8,-1,4,E01001097,0,-1
2023010420743,2023,010420743,1,5,9,99,99,9,9,0,0,0,9,99,9,99,9,1,2,2,1,51,8,1037,1,7,SUZUKI DL 1000,6,E01030057,0,-1
2023041331821,2023,041331821,1,9,0,16,19,1,5,0,0,0,0,0,0,0,1,1,2,2,1,39,7,1332,1,25,TOYOTA COROLLA,3,E01025097,0,-1
2023411267954,2023,411267954,3,9,0,3,3,7,3,0,0,1,0,0,0,0,2,1,5,6,2,43,7,1798,8,2,TOYOTA COROLLA,8,E01023808,0,-1
2023010472074,2023,010472074,1,9,0,18,19,7,3,0,0,0,0,4,0,0,4,1,6,6,1,65,9,1995,2,17,TOYOTA COROLLA,9,E01000656,0,-1
2023061265462,2023,061265462,1,9,-1,18,19,1,5,0,0,8,0,0,0,0,1,1,6,6,1,30,6,1798,8,3,TOYOTA COROLLA,-1,-1,0,-1
2023010480779,2023,010480779,1,9,0,18,19,5,1,0,0,0,0,11,0,0,1,1,6,6,1,36,7,1798,8,0,TOYOTA COROLLA,1,E01003535,0,-1
2023010476126,2023,010476126,1,9,0,18,19,3,7,0,0,2,0,0,0,0,4,1,6,6,3,-1,-1,1598,1,17,TOYOTA COROLLA,-1,-1,0,-1
2023351295840,2023,351295840,1,8,0,5,5,2,8,0,0,6,0,0,0,0,1,1,1,1,1,41,7,1798,8,4,TOYOTA COROLLA,10,E01018292,0,-1
2023010422863,2023,010422863,1,9,0,1,1,5,3,0,0,2,0,0,0,0,2,1,6,6,2,42,7,1598,1,20,TOYOTA COROLLA,-1,-1,0,-1
2023131329183,2023,131329183,4,9,0,2,2,0,0,6,6,2,0,0,0,0,2,1,6,6,3,-1,-1,1398,1,17,TOYOTA COROLLA,-1,-1,0,-1
2023610052123,2023,610052123,2,9,0,18,19,4,8,0,0,0,0,0,0,0,3,1,6,6,1,73,10,1798,8,2,TOYOTA COROLLA,8,W01001125,0,-1
2023131261548,2023,131261548,1,9,0,18,19,1,5,0,0,0,0,0,0,0,1,1,1,1,1,45,7,1798,8,3,TOYOTA COROLLA,1,E01010673,0,-1
2023522301062,2023,522301062,1,9,0,11,11,2,6,0,0,0,0,0,0,0,4,1,6,6,1,53,8,1798,8,0,TOYOTA COROLLA,1,E01033370,0,-1
2023421359190,2023,421359190,2,9,0,3,3,1,5,0,0,4,0,0,0,0,2,1,6,6,2,39,7,1798,8,1,TOYOTA COROLLA,2,E01001555,0,-1
2023430133615,2023,430133615,2,8,0,7,7,6,2,0,0,6,0,0,0,0,1,1,1,1,1,-1,-1,1798,8,2,TOYOTA COROLLA,-1,-1,0,-1
2023440398233,2023,440398233,2,9,0,18,19,7,3,0,0,1,0,4,1,0,1,1,6,6,2,58,9,1598,1,21,TOYOTA COROLLA,6,E01017026,0,-1
2023991373994,2023,991373994,1,9,0,18,19,5,1,0,0,0,0,0,0,0,3,1,2,2,2,53,8,1798,8,2,TOYOTA COROLLA,7,-1,0,-1
2023061361645,2023,061361645,1,9,0,9,9,4,3,9,9,8,0,0,7,11,1,2,5,6,1,36,7,1398,1,20,TOYOTA COROLLA,-1,-1,0,-1
2023471327039,2023,471327039,1,9,0,18,19,1,5,0,0,0,0,0,0,0,1,1,5,6,2,63,9,1598,1,20,TOYOTA COROLLA,5,E01022937,0,-1
2023371353866,2023,371353866,2,9,0,18,19,7,3,0,0,8,0,0,0,0,4,1,6,6,2,39,7,1798,8,0,TOYOTA COROLLA,5,E01021715,0,-1
2023320558780,2023,320558780,4,9,0,18,19,6,2,0,0,0,0,0,0,0,2,1,1,1,1,57,9,1987,8,3,TOYOTA COROLLA,8,E01028337,0,-1
2023161389983,2023,161389983,2,9,0,18,19,3,7,0,0,2,0,0,0,0,1,1,6,6,1,48,8,1798,8,0,TOYOTA COROLLA,8,E01013170,0,-1
2023141334556,2023,141334556,1,9,0,18,19,4,8,0,0,1,0,0,0,0,1,1,1,1,1,44,7,1798,8,1,TOYOTA COROLLA,1,E01007318,0,-1
2023361375734,2023,361375734,1,9,0,18,19,8,4,0,0,4,0,0,0,0,3,1,1,1,1,36,7,1798,8,3,TOYOTA COROLLA,3,E01026825,0,-1
2023461350016,2023,461350016,1,9,0,9,9,1,2,0,0,8,0,0,0,0,3,1,1,1,2,29,6,1798,8,0,TOYOTA COROLLA,-1,-1,0,-1
2023061365632,2023,061365632,1,9,0,18,19,5,1,0,0,8,0,0,0,0,1,1,1,1,1,20,4,1798,8,1,TOYOTA COROLLA,1,E01005202,0,-1
2023061353442,2023,061353442,1,9,0,18,19,7,3,0,0,0,0,0,0,0,1,1,6,6,1,58,9,1332,1,25,TOYOTA COROLLA,6,E01005649,0,-1
2023522300450,2023,522300450,2,9,0,18,19,8,4,0,0,4,0,0,0,0,1,1,6,6,1,43,7,2231,2,17,TOYOTA COROLLA,3,E01014650,0,-1
2023542638923,2023,542638923,2,8,0,18,19,1,5,0,0,3,0,0,0,0,1,1,1,1,1,41,7,1798,8,4,TOYOTA COROLLA,1,E01015538,0,-1
2023131259755,2023,131259755,2,9,0,18,19,3,7,0,0,0,0,0,0,0,1,1,2,2,1,54,8,2231,2,14,TOYOTA COROLLA,1,E01005352,0,-1
2023052302930,2023,052302930,2,9,0,18,19,4,8,0,0,0,0,7,0,0,2,1,1,1,1,-1,-1,1798,8,2,TOYOTA COROLLA,-1,-1,0,-1