collision_index,collision_year,collision_ref_no,vehicle_reference,vehicle_type,towing_and_articulation,vehicle_manoeuvre_historic,vehicle_manoeuvre,vehicle_direction_from,vehicle_direction_to,vehicle_location_restricted_lane_historic,vehicle_location_restricted_lane,junction_location,skidding_and_overturning,hit_object_in_carriageway,vehicle_leaving_carriageway,hit_object_off_carriageway,first_point_of_impact,vehicle_left_hand_drive,journey_purpose_of_driver_historic,journey_purpose_of_driver,sex_of_driver,age_of_driver,age_band_of_driver,engine_capacity_cc,propulsion_code,age_of_vehicle,generic_make_model,driver_imd_decile,lsoa_of_driver,escooter_flag,driver_distance_banding
2023332301289,2023,332301289,1,9,0,13,13,5,1,0,0,0,0,0,4,7,4,1,6,6,1,28,6,1398,1,23,TOYOTA COROLLA,1,E01013661,0,-1
2023340NN0292,2023,340NN0292,1,9,0,7,7,3,5,0,0,8,0,0,0,0,4,1,2,2,1,56,9,1987,8,2,TOYOTA COROLLA,9,E01027003,0,-1
202360A005060,2023,60A005060,1,9,0,4,4,7,3,0,0,0,0,0,0,0,1,1,2,2,1,35,6,1598,1,17,TOYOTA COROLLA,-1,-1,0,-1
2023401337108,2023,401337108,2,9,0,4,4,8,3,0,0,4,1,0,0,0,2,1,6,6,2,22,5,1598,1,19,TOYOTA COROLLA,4,E01015734,0,-1
2023361336035,2023,361336035,2,8,0,9,9,7,5,0,0,1,1,0,0,0,3,1,6,6,1,52,8,1798,8,4,TOYOTA COROLLA,5,E01030241,0,-1
2023302301772,2023,302301772,1,9,0,18,19,3,7,0,0,8,0,0,0,0,1,1,6,6,1,41,7,1987,8,0,TOYOTA COROLLA,2,E01019403,0,-1
2023141272454,2023,141272454,1,9,0,5,5,5,1,0,0,1,0,0,0,0,1,1,5,6,1,53,8,1798,8,4,TOYOTA COROLLA,1,E01007851,0,-1
2023101392774,2023,101392774,2,9,0,13,13,1,5,0,0,8,0,0,0,0,4,1,1,1,2,49,8,1798,8,1,TOYOTA COROLLA,-1,-1,0,-1
2023131265453,2023,131265453,1,9,0,4,4,5,1,0,0,0,0,0,0,0,2,1,2,2,2,32,6,1798,8,2,TOYOTA COROLLA,10,E01011570,0,-1
2023161357792,2023,161357792,1,9,0,3,3,1,5,0,0,1,0,0,0,0,2,1,5,6,1,63,9,1598,1,22,TOYOTA COROLLA,2,E01012763,0,-1
2023052300662,2023,052300662,1,9,0,18,19,6,2,0,0,0,0,0,0,0,1,1,6,6,1,66,10,1798,8,0,TOYOTA COROLLA,3,E01007240,0,-1
2023520400197,2023,520400197,1,9,0,18,19,9,9,0,0,8,0,0,0,0,9,1,6,6,1,35,6,1798,8,3,TOYOTA COROLLA,4,E01029298,0,-1
2023201411758,2023,201411758,1,9,0,5,5,8,4,0,0,6,0,0,0,0,1,1,6,6,1,42,7,1794,1,18,TOYOTA COROLLA,-1,-1,0,-1
2023010469157,2023,010469157,2,9,0,3,3,1,5,0,0,1,0,0,0,0,2,1,6,6,2,18,4,1798,8,4,TOYOTA COROLLA,6,E01003694,0,-1
2023451327306,2023,451327306,2,9,0,18,19,2,6,0,0,1,0,0,0,0,1,1,6,6,1,45,7,1398,1,17,TOYOTA COROLLA,6,E01030736,0,-1
2023461366822,2023,461366822,1,9,0,18,19,1,5,0,0,2,0,0,0,0,3,1,1,1,1,37,7,1798,8,0,TOYOTA COROLLA,1,E01024678,0,-1
2023622300434,2023,622300434,1,9,0,9,9,7,5,0,0,8,0,0,0,0,4,1,6,6,2,41,7,1398,1,17,TOYOTA COROLLA,1,W01001073,0,-1
2023101384358,2023,101384358,1,9,0,1,1,8,4,0,0,0,0,0,1,11,2,1,6,6,1,37,7,1987,8,3,TOYOTA COROLLA,4,E01008404,0,-1
2023111380087,2023,111380087,3,9,0,18,19,1,5,0,0,0,0,0,0,0,2,1,1,1,2,29,6,1987,8,3,TOYOTA COROLLA,3,E01020742,0,-1
2023010440919,2023,010440919,2,9,0,99,99,9,9,99,99,9,9,99,9,99,4,9,6,6,3,-1,-1,1794,1,20,TOYOTA COROLLA,-1,-1,0,-1
2023131307161,2023,131307161,3,9,0,18,19,3,6,0,0,2,0,0,0,0,2,1,1,1,1,45,7,1798,8,3,TOYOTA COROLLA,7,E01011247,0,-1
2023451294637,2023,451294637,2,9,0,14,14,7,3,0,0,0,0,0,0,0,1,1,5,6,1,64,9,1332,1,26,TOYOTA COROLLA,6,E01030371,0,-1
2023131340355,2023,131340355,1,9,0,18,19,1,1,0,0,2,0,0,0,0,4,1,1,1,1,44,7,1798,8,1,TOYOTA COROLLA,3,E01010615,0,-1
2023061310868,2023,061310868,1,9,0,18,19,1,5,0,0,1,0,0,0,0,1,1,6,6,3,30,6,1598,1,21,TOYOTA COROLLA,-1,-1,0,-1
2023991262196,2023,991262196,1,9,0,9,9,5,7,0,0,8,0,0,0,0,1,1,2,2,1,29,6,1798,8,2,TOYOTA COROLLA,3,-1,0,-1
2023010447014,2023,010447014,1,9,0,18,19,1,5,0,0,1,0,0,1,0,1,1,6,6,1,76,11,1598,1,20,TOYOTA COROLLA,6,E01001607,0,-1
2023010442829,2023,010442829,1,9,0,18,19,3,7,0,0,3,0,0,0,0,1,1,6,6,1,37,7,1794,1,15,TOYOTA COROLLA,6,E01000069,0,-1
2023991309824,2023,991309824,1,8,0,18,19,5,1,0,0,0,0,0,0,0,1,1,1,1,2,28,6,1798,8,1,TOYOTA COROLLA,-1,-1,0,-1
2023471322478,2023,471322478,1,9,0,18,19,7,3,0,0,0,0,0,0,0,1,1,5,6,1,35,6,1798,8,2,TOYOTA COROLLA,6,E01021058,0,-1
2023201394810,2023,201394810,1,9,0,9,9,6,2,0,0,5,0,0,0,0,1,1,6,6,2,44,7,1794,1,20,TOYOTA COROLLA,4,E01009522,0,-1
2023061297975,2023,061297975,2,9,0,18,19,3,7,0,0,1,0,0,0,0,1,1,1,1,1,66,10,1798,8,3,TOYOTA COROLLA,2,E01005182,0,-1
2023440314243,2023,440314243,1,9,0,4,4,3,7,0,0,0,0,0,0,0,2,1,1,1,2,35,6,1987,8,1,TOYOTA COROLLA,5,E01022957,0,-1
2023451367163,2023,451367163,1,9,0,18,19,6,2,0,0,0,0,0,0,0,4,1,2,2,1,46,8,1794,1,17,TOYOTA COROLLA,5,E01030971,0,-1
2023052302116,2023,052302116,1,9,0,18,19,4,8,0,0,1,0,0,0,0,1,1,6,6,1,27,6,1987,8,4,TOYOTA COROLLA,7,E01006424,0,-1
2023371292301,2023,371292301,2,9,0,18,19,7,3,0,0,0,0,0,0,0,3,1,2,2,2,49,8,1332,1,24,TOYOTA COROLLA,7,E01021407,0,-1
2023010431369,2023,010431369,2,9,0,5,5,5,1,0,0,1,0,0,0,0,1,1,6,6,1,44,7,1598,1,17,TOYOTA COROLLA,2,E01000018,0,-1
2023520400351,2023,520400351,1,9,0,18,19,1,5,0,0,0,0,0,0,0,0,1,6,6,1,21,5,1798,8,4,TOYOTA COROLLA,7,E01029189,0,-1
2023061305333,2023,061305333,1,9,0,18,19,8,5,0,0,1,0,0,0,0,1,1,6,6,1,-1,-1,1798,8,4,TOYOTA COROLLA,4,E01005214,0,-1
2023141319143,2023,141319143,2,9,0,17,19,1,3,0,0,3,0,0,0,0,1,1,5,6,2,72,10,1398,1,21,TOYOTA COROLLA,8,E01007672,0,-1
2023201284417,2023,201284417,1,9,0,18,19,8,4,0,0,1,0,2,7,11,1,1,6,6,1,24,5,1798,8,1,TOYOTA COROLLA,1,E01009195,0,-1
2023201448374,2023,201448374,2,9,0,4,4,5,1,0,0,0,0,0,0,0,4,1,6,6,1,30,6,1398,1,18,TOYOTA COROLLA,3,E01009045,0,-1
2023070495669,2023,070495669,1,9,0,18,19,1,5,0,0,1,0,0,0,0,1,1,1,1,1,31,6,1798,8,4,TOYOTA COROLLA,3,E01018447,0,-1
2023010448295,2023,010448295,1,9,0,99,99,9,9,99,99,9,9,99,9,99,9,9,1,1,1,60,9,-1,-1,-1,TOYOTA COROLLA,3,E01003269,0,-1
2023340WN1482,2023,340WN1482,1,10,0,17,19,8,4,0,0,1,0,0,0,0,1,1,6,6,1,41,7,-1,-1,-1,-1,4,E01027252,0,-1
2023451349157,2023,451349157,1,9,0,4,4,1,5,0,0,0,0,0,0,0,2,1,2,2,1,32,6,1987,8,4,TOYOTA COROLLA,-1,-1,0,-1
2023010450767,2023,010450767,1,9,0,99,99,9,9,99,99,0,9,99,9,99,1,9,1,1,1,32,6,1798,8,0,TOYOTA COROLLA,10,E01023577,0,-1
2023461310551,2023,461310551,1,9,0,9,9,2,6,0,0,6,0,0,1,11,1,1,6,6,1,57,9,1798,8,3,TOYOTA COROLLA,10,E01027300,0,-1
2023131373092,2023,131373092,2,9,0,4,4,7,5,0,0,0,0,0,0,0,2,1,1,1,1,43,7,1798,8,3,TOYOTA COROLLA,1,E01011362,0,-1
2023131276990,2023,131276990,1,9,0,-1,-1,-1,-1,-1,-1,8,-1,-1,-1,0,-1,1,6,6,3,-1,-1,1987,8,4,TOYOTA COROLLA,-1,-1,0,-1
2023430090425,2023,430090425,2,9,0,18,19,2,6,0,0,0,0,0,0,0,3,1,6,6,1,61,9,1332,1,23,TOYOTA COROLLA,6,E01017795,0,-1
2023461268114,2023,461268114,2,9,0,4,4,3,7,0,0,0,0,0,0,0,1,1,6,6,1,43,7,1987,8,3,TOYOTA COROLLA,7,E01024547,0,-1
2023430555304,2023,430555304,3,9,0,18,19,6,2,0,0,0,1,0,0,0,2,1,6,6,2,34,6,1794,1,16,TOYOTA COROLLA,3,E01016373,0,-1
2023010442699,2023,010442699,2,9,0,18,19,6,2,0,0,8,0,0,0,0,1,1,6,6,1,36,7,1798,8,4,TOYOTA COROLLA,9,E01000301,0,-1
2023411301624,2023,411301624,2,9,0,18,19,-1,-1,0,0,0,1,0,1,0,4,1,2,2,1,54,8,1398,1,23,TOYOTA COROLLA,7,E01017642,0,-1
2023122301215,2023,122301215,2,9,0,2,2,0,0,0,0,0,0,0,0,0,2,1,6,6,2,75,10,1798,8,4,TOYOTA COROLLA,6,E01027736,0,-1
2023451367850,2023,451367850,1,9,0,15,15,3,7,0,0,1,0,0,0,0,1,1,1,1,1,23,5,1798,8,0,TOYOTA COROLLA,10,E01024323,0,-1
2023061365516,2023,061365516,1,9,0,18,19,6,2,0,0,1,0,0,7,1,1,1,1,1,1,29,6,1798,8,1,TOYOTA COROLLA,-1,-1,0,-1
2023101392969,2023,101392969,2,8,0,3,3,7,3,0,0,0,0,0,0,0,2,1,1,1,1,54,8,1798,8,2,TOYOTA COROLLA,2,E01008700,0,-1
2023010483327,2023,010483327,1,9,0,7,7,5,6,0,0,5,0,0,0,0,4,1,6,6,2,66,10,1798,8,0,TOYOTA COROLLA,2,E01003046,0,-1
2023010467147,2023,010467147,2,9,0,99,99,9,9,99,99,9,9,99,9,99,9,9,6,6,3,-1,-1,1798,8,2,TOYOTA COROLLA,-1,-1,0,-1
2023320534385,2023,320534385,1,9,0,18,19,4,8,0,0,8,0,0,0,0,1,1,6,6,1,-1,-1,1598,1,21,TOYOTA COROLLA,-1,-1,0,-1
2023061346142,2023,061346142,1,9,0,18,19,2,6,0,0,1,0,0,1,0,1,1,1,1,2,23,5,1798,8,0,TOYOTA COROLLA,1,E01004979,0,-1
2023122300876,2023,122300876,2,9,0,18,19,7,3,0,0,0,0,0,0,0,1,1,1,1,1,49,8,1798,8,0,TOYOTA COROLLA,8,E01027838,0,-1
2023991350612,2023,991350612,1,9,0,18,19,6,2,0,0,1,0,0,0,0,1,1,5,6,1,22,5,1987,8,3,TOYOTA COROLLA,-1,-1,0,-1
2023311417493,2023,311417493,3,9,0,18,19,4,8,0,0,2,0,0,0,0,3,1,6,6,1,60,9,1798,8,0,TOYOTA COROLLA,10,E01028364,0,-1
2023141365648,2023,141365648,1,9,0,5,5,1,5,0,0,2,0,0,0,0,1,1,1,1,1,45,7,1798,8,1,TOYOTA COROLLA,2,E01007849,0,-1
2023010446222,2023,010446222,2,9,0,99,99,9,9,99,99,9,9,99,9,99,9,9,6,6,3,-1,-1,1398,1,18,TOYOTA COROLLA,-1,-1,0,-1
2023041281973,2023,041281973,1,9,0,9,9,7,3,0,0,4,0,0,0,0,1,1,2,2,2,64,9,1798,8,3,TOYOTA COROLLA,8,E01025437,0,-1
2023361369474,2023,361369474,2,9,0,2,2,5,5,0,0,0,0,0,0,0,2,1,6,6,3,-1,-1,1794,1,18,TOYOTA COROLLA,-1,-1,0,-1
2023161312801,2023,161312801,2,8,0,18,19,8,4,0,0,0,0,0,0,0,2,1,1,1,1,44,7,1987,8,2,TOYOTA COROLLA,2,E01013130,0,-1
2023010478772,2023,010478772,2,9,0,18,19,1,5,0,0,1,0,0,0,0,1,1,1,1,1,32,6,1987,8,0,TOYOTA COROLLA,7,E01003456,0,-1
2023991312104,2023,991312104,3,9,0,18,19,6,2,0,0,0,0,0,0,0,2,1,6,6,2,57,9,1798,8,2,TOYOTA COROLLA,6,-1,0,-1
2023141346492,2023,141346492,2,9,0,11,11,3,6,0,0,3,0,0,0,0,1,1,6,6,3,-1,-1,1798,8,2,TOYOTA COROLLA,-1,-1,0,-1
2023010483713,2023,010483713,1,9,0,99,99,9,9,99,99,9,9,99,9,99,9,9,6,6,2,48,8,1794,1,18,TOYOTA COROLLA,3,E01003716,0,-1
2023531342973,2023,531342973,2,9,0,18,19,3,7,0,0,1,0,0,7,0,1,1,5,6,1,73,10,1798,8,0,TOYOTA COROLLA,-1,-1,0,-1
2023471279897,2023,471279897,2,9,0,2,2,0,0,6,6,0,0,0,0,0,0,1,6,6,3,-1,-1,1798,8,4,TOYOTA COROLLA,-1,-1,0,-1
2023010479481,2023,010479481,2,9,0,2,2,0,0,0,0,0,0,0,0,0,1,1,6,6,3,-1,-1,1598,1,14,TOYOTA COROLLA,-1,-1,0,-1
2023411371572,2023,411371572,2,9,0,18,19,5,1,0,0,0,0,0,0,0,1,1,6,6,1,23,5,1598,1,19,TOYOTA COROLLA,7,E01023760,0,-1
2023010424078,2023,010424078,2,9,0,2,2,0,0,2,2,1,0,0,0,0,3,1,6,6,3,-1,-1,1794,1,14,TOYOTA COROLLA,-1,-1,0,-1
2023201424147,2023,201424147,1,9,0,18,19,4,8,0,0,4,0,0,0,0,1,1,6,6,1,60,9,1398,1,21,TOYOTA COROLLA,2,E01010057,0,-1
2023010422277,2023,010422277,2,9,0,99,99,9,9,99,99,9,9,99,9,99,9,9,6,6,3,-1,-1,1794,1,17,TOYOTA COROLLA,-1,-1,0,-1
2023361333670,2023,361333670,1,9,0,18,19,7,3,0,0,0,0,0,0,0,1,1,2,2,1,20,4,1798,8,2,TOYOTA COROLLA,5,E01026249,0,-1
2023041387742,2023,041387742,2,9,0,18,19,3,7,0,0,0,0,0,0,0,3,1,5,6,1,68,10,1798,8,0,TOYOTA COROLLA,5,E01025459,0,-1
2023041285591,2023,041285591,1,9,0,6,6,1,5,0,0,0,0,0,0,0,1,1,1,1,1,58,9,1798,8,1,TOYOTA COROLLA,1,E01012735,0,-1
2023471280603,2023,471280603,2,9,0,18,19,3,7,0,0,1,1,0,7,0,1,1,5,6,2,70,10,1798,8,4,TOYOTA COROLLA,7,E01031746,0,-1
2023010483925,2023,010483925,2,9,0,99,99,9,9,99,99,9,9,99,9,99,1,9,6,6,3,-1,-1,1798,8,3,TOYOTA COROLLA,-1,-1,0,-1
2023141334728,2023,141334728,1,9,0,18,19,5,1,0,0,0,0,0,0,0,1,1,1,1,1,36,7,1798,8,1,TOYOTA COROLLA,2,E01007942,0,-1
2023531275321,2023,531275321,2,9,0,9,9,5,3,0,0,8,0,0,0,0,1,1,6,6,2,47,8,1598,1,18,TOYOTA COROLLA,4,E01032936,0,-1
2023131280986,2023,131280986,1,9,0,1,1,8,4,0,0,1,0,0,0,0,2,1,5,6,1,79,11,1332,1,27,TOYOTA COROLLA,3,E01011016,0,-1
2023061304543,2023,061304543,2,9,0,9,9,5,1,9,9,0,1,0,7,0,3,1,5,6,1,33,6,1798,8,1,TOYOTA COROLLA,-1,-1,0,-1
2023361311020,2023,361311020,2,9,0,18,19,1,5,0,0,0,0,0,0,0,0,1,1,1,1,51,8,1798,8,2,TOYOTA COROLLA,8,E01018039,0,-1
2023361392337,2023,361392337,1,8,0,7,7,5,8,4,4,5,0,0,0,0,1,1,1,1,1,38,7,1798,8,3,TOYOTA COROLLA,9,E01026557,0,-1
2023461381641,2023,461381641,3,9,0,18,19,3,7,0,0,1,0,0,0,0,0,1,1,1,1,-1,-1,1798,8,0,TOYOTA COROLLA,-1,-1,0,-1
2023461268102,2023,461268102,1,9,0,9,9,6,2,0,0,8,0,0,0,0,4,1,5,6,2,65,9,1798,8,3,TOYOTA COROLLA,8,E01016656,0,-1
2023010471924,2023,010471924,1,9,0,18,19,5,1,0,0,8,0,0,0,0,1,2,6,6,1,68,10,1987,8,1,TOYOTA COROLLA,9,E01001417,0,-1
2023010479631,2023,010479631,2,9,0,18,19,1,5,0,0,1,0,0,0,0,0,1,1,1,1,49,8,1987,8,0,TOYOTA COROLLA,3,E01001045,0,-1
2023122300275,2023,122300275,1,9,0,18,19,7,3,0,0,0,0,0,0,0,3,1,1,1,1,48,8,1798,8,4,TOYOTA COROLLA,9,E01027792,0,-1
2023101310045,2023,101310045,3,9,0,18,19,7,3,0,0,3,0,0,0,0,1,1,5,6,2,53,8,1398,1,19,TOYOTA COROLLA,2,E01020618,0,-1
2023451290680,2023,451290680,1,9,0,18,19,5,1,0,0,2,0,0,0,0,1,1,5,6,1,21,5,1398,1,16,TOYOTA COROLLA,7,E01022630,0,-1
2023361337928,2023,361337928,1,9,0,18,19,3,7,0,0,1,0,0,0,0,1,1,5,6,1,71,10,1987,8,3,TOYOTA COROLLA,6,E01030220,0,-1
2023201284329,2023,201284329,2,9,0,18,19,1,5,0,0,8,0,0,0,0,2,1,6,6,1,30,6,1398,1,21,TOYOTA COROLLA,3,E01010262,0,-1
2023010456138,2023,010456138,1,9,0,99,99,9,9,99,99,9,9,99,9,99,9,9,6,6,2,49,8,1598,1,17,TOYOTA COROLLA,6,E01003254,0,-1
2023461265034,2023,461265034,1,9,0,5,5,3,7,0,0,0,0,4,0,0,1,1,6,6,1,-1,-1,1798,8,4,TOYOTA COROLLA,-1,-1,0,-1
2023010476022,2023,010476022,2,9,0,9,9,5,2,0,0,8,0,0,0,0,1,1,6,6,1,59,9,1794,1,17,TOYOTA COROLLA,-1,-1,0,-1
2023010424167,2023,010424167,2,9,0,12,12,1,5,0,0,1,0,0,0,0,2,1,6,6,1,56,9,1598,1,18,TOYOTA COROLLA,1,E01003291,0,-1
2023211304650,2023,211304650,1,9,0,-1,-1,8,4,-1,-1,-1,-1,-1,-1,0,-1,1,5,6,1,73,10,1987,8,1,TOYOTA COROLLA,-1,-1,0,-1
2023201412242,2023,201412242,2,9,0,18,19,2,6,0,0,8,0,0,0,0,1,1,1,1,1,53,8,1798,8,1,TOYOTA COROLLA,2,E01008999,0,-1
2023061334171,2023,061334171,2,9,0,7,7,6,8,0,0,1,0,0,0,0,0,1,5,6,1,31,6,1798,8,0,TOYOTA COROLLA,2,E01005950,0,-1
2023440288274,2023,440288274,2,9,0,18,19,6,2,0,0,8,0,0,0,0,1,1,2,2,2,23,5,1398,1,17,TOYOTA COROLLA,4,E01017217,0,-1
2023010431034,2023,010431034,2,8,0,99,99,9,9,99,99,9,9,99,9,99,1,9,6,6,1,41,7,1987,8,2,TOYOTA COROLLA,1,E01002748,0,-1
2023461268019,2023,461268019,2,9,0,18,19,1,5,0,0,0,0,0,0,0,4,1,6,6,2,31,6,1798,8,3,TOYOTA COROLLA,6,E01024220,0,-1
2023101383582,2023,101383582,1,9,0,5,5,5,1,0,0,0,0,0,0,0,4,1,1,1,1,52,8,1798,8,0,TOYOTA COROLLA,-1,-1,0,-1
2023231378323,2023,231378323,3,9,0,18,19,8,4,0,0,1,0,0,0,0,3,1,1,1,1,46,8,1496,8,6,TOYOTA COROLLA,3,E01032536,0,-1
2023231370344,2023,231370344,1,9,0,18,19,4,8,0,0,8,0,0,0,0,1,1,6,6,2,48,8,1197,1,4,TOYOTA COROLLA,3,E01031047,0,-1
2023451391161,2023,451391161,2,9,0,18,19,1,1,0,0,0,0,0,0,0,1,1,6,6,3,40,7,1798,8,4,TOYOTA COROLLA,-1,-1,0,-1
2023201339247,2023,201339247,1,9,0,5,5,8,2,0,0,4,0,0,0,0,2,1,6,6,1,62,9,1398,1,20,TOYOTA COROLLA,1,E01009490,0,-1
2023141349322,2023,141349322,1,9,0,15,15,7,3,0,0,0,0,0,7,11,4,1,6,6,2,56,9,1794,1,21,TOYOTA COROLLA,1,E01007906,0,-1
2023131379341,2023,131379341,1,9,0,7,7,7,3,0,0,6,0,0,0,0,3,1,6,6,2,41,7,1398,1,18,TOYOTA COROLLA,-1,-1,0,-1
2023461272385,2023,461272385,1,9,0,18,19,7,3,0,0,0,0,0,0,0,1,1,6,6,1,74,10,1798,8,3,TOYOTA COROLLA,4,E01024587,0,-1
2023332300071,2023,332300071,3,9,0,18,19,6,2,0,0,0,0,0,0,0,2,1,1,1,1,41,7,1987,8,3,TOYOTA COROLLA,1,E01013866,0,-1
2023361297423,2023,361297423,1,9,0,3,3,7,8,0,0,1,1,0,0,0,1,1,5,6,1,63,9,1398,1,23,TOYOTA COROLLA,8,E01026530,0,-1
2023010436129,2023,010436129,2,9,0,9,9,7,5,0,0,1,0,0,0,0,3,1,6,6,1,23,5,1798,8,4,TOYOTA COROLLA,6,E01001990,0,-1
2023552301125,2023,552301125,2,9,0,4,4,4,8,0,0,1,0,0,0,0,2,1,1,1,1,50,8,1798,8,0,TOYOTA COROLLA,3,E01015289,0,-1
2023141267178,2023,141267178,2,9,0,18,19,2,6,0,0,1,0,0,0,0,1,1,2,2,1,34,6,1798,8,3,TOYOTA COROLLA,7,E01028240,0,-1
2023010447188,2023,010447188,2,9,0,99,99,9,9,99,99,9,9,99,9,99,1,9,6,6,3,-1,-1,1398,1,18,TOYOTA COROLLA,2,E01000015,0,-1
2023501287142,2023,501287142,2,9,0,4,4,3,7,0,0,0,0,0,0,0,2,1,1,1,2,38,7,1197,1,4,TOYOTA COROLLA,-1,-1,0,-1
2023010482726,2023,010482726,6,9,0,18,19,1,5,0,0,0,0,0,0,0,0,1,1,1,2,31,6,1987,8,3,TOYOTA COROLLA,-1,-1,0,-1
2023332300131,2023,332300131,1,9,0,3,3,1,5,0,0,1,0,0,0,0,2,1,6,6,1,53,8,1798,8,3,TOYOTA COROLLA,10,E01025982,0,-1
2023010472416,2023,010472416,1,9,0,18,19,5,1,0,0,2,0,4,0,0,1,1,6,6,3,-1,-1,1794,1,17,TOYOTA COROLLA,-1,-1,0,-1
2023201453235,2023,201453235,1,9,0,5,5,1,3,0,0,4,0,0,0,0,1,1,6,6,1,68,10,1794,1,18,TOYOTA COROLLA,1,E01009349,0,-1
2023122300558,2023,122300558,2,9,0,18,19,3,7,0,0,1,0,0,0,0,1,1,6,6,1,64,9,1798,8,4,TOYOTA COROLLA,9,E01006233,0,-1
2023332300437,2023,332300437,1,9,0,18,19,5,1,0,0,1,0,0,0,0,4,1,1,1,1,57,9,1798,8,2,TOYOTA COROLLA,3,E01008933,0,-1
2023061287648,2023,061287648,1,8,0,18,19,7,2,0,0,8,0,0,0,0,1,1,1,1,1,27,6,1798,8,1,TOYOTA COROLLA,2,E01005145,0,-1
2023622300273,2023,622300273,1,9,0,18,19,4,8,0,0,0,0,0,0,0,4,1,1,1,1,52,8,1798,8,3,TOYOTA COROLLA,2,E01006772,0,-1
2023311378111,2023,311378111,1,9,0,6,6,7,3,6,6,0,0,0,0,0,4,1,5,6,1,51,8,1398,1,19,TOYOTA COROLLA,4,E01027985,0,-1
2023320468589,2023,320468589,1,9,0,9,9,4,2,0,0,6,0,0,7,0,3,1,6,6,1,86,11,1598,1,20,TOYOTA COROLLA,7,E01026051,0,-1
2023501319682,2023,501319682,1,9,0,16,19,1,5,0,0,0,2,0,2,10,2,1,2,2,1,24,5,1332,1,25,TOYOTA COROLLA,3,E01018974,0,-1
2023351387692,2023,351387692,2,9,0,13,13,1,5,0,0,0,1,0,5,6,3,1,5,6,1,71,10,1987,8,0,TOYOTA COROLLA,10,E01030206,0,-1
2023622300557,2023,622300557,1,9,0,18,19,8,4,0,0,3,0,0,0,0,1,1,6,6,1,42,7,1398,1,18,TOYOTA COROLLA,4,W01000787,0,-1
2023471279844,2023,471279844,2,9,0,18,19,1,5,0,0,2,0,0,0,0,1,1,5,6,2,20,4,1398,1,18,TOYOTA COROLLA,9,E01031764,0,-1
2023991368979,2023,991368979,2,8,0,9,9,3,1,0,0,8,0,0,0,0,2,1,1,1,1,32,6,1798,8,3,TOYOTA COROLLA,1,-1,0,-1
2023302300683,2023,302300683,2,9,0,16,19,8,2,0,0,2,0,0,0,0,3,1,6,6,1,56,9,1987,8,2,TOYOTA COROLLA,6,E01019585,0,-1
2023010453704,2023,010453704,1,9,0,18,19,6,2,0,0,0,5,4,0,0,1,1,1,1,1,33,6,1798,8,2,TOYOTA COROLLA,1,E01004285,0,-1
2023131304358,2023,131304358,3,9,0,18,19,7,3,0,0,0,0,0,0,0,2,1,1,1,1,55,8,1987,8,4,TOYOTA COROLLA,9,E01027885,0,-1
2023211277318,2023,211277318,1,9,0,18,19,4,8,4,4,2,0,0,0,0,4,1,5,6,2,57,9,1798,8,2,TOYOTA COROLLA,2,E01014278,0,-1
2023201326470,2023,201326470,1,9,0,18,19,6,2,0,0,0,1,0,0,0,1,1,6,6,1,-1,-1,2231,2,16,TOYOTA COROLLA,-1,-1,0,-1
2023061337154,2023,061337154,1,8,0,18,19,3,7,0,0,8,0,0,0,0,1,1,1,1,1,57,9,1798,8,1,TOYOTA COROLLA,3,E01004816,0,-1
2023451371848,2023,451371848,1,9,0,9,9,7,5,0,0,6,0,0,0,0,4,1,5,6,1,61,9,1995,2,17,TOYOTA COROLLA,4,E01022424,0,-1
2023302301669,2023,302301669,2,9,0,18,19,3,7,0,0,0,0,0,0,0,3,1,6,6,1,34,6,1598,1,16,TOYOTA COROLLA,6,E01019846,0,-1
2023161298998,2023,161298998,1,9,0,18,19,3,7,0,0,0,0,0,0,0,1,1,1,1,1,43,7,1798,8,1,TOYOTA COROLLA,1,E01013330,0,-1
2023461320258,2023,461320258,1,8,0,18,19,-1,-1,0,0,6,0,1,0,0,1,1,3,7,1,56,9,1798,8,1,TOYOTA COROLLA,-1,-1,0,-1
2023061267309,2023,061267309,2,9,-1,9,9,8,1,0,0,1,0,0,0,0,1,1,6,6,1,44,7,1798,8,4,TOYOTA COROLLA,3,E01005161,0,-1
2023141369589,2023,141369589,2,9,0,18,19,5,1,0,0,0,5,0,1,0,2,1,5,6,2,27,6,1398,1,20,TOYOTA COROLLA,8,E01013704,0,-1
2023010481287,2023,010481287,2,9,0,3,3,1,5,0,0,8,0,0,0,0,1,1,6,6,1,81,11,1798,8,4,TOYOTA COROLLA,-1,-1,0,-1
2023302301898,2023,302301898,9,9,0,4,4,8,4,0,0,0,1,1,0,0,2,1,2,2,2,45,7,1987,8,0,TOYOTA COROLLA,6,E01019873,0,-1
2023481387831,2023,481387831,1,9,0,6,6,7,7,0,0,0,0,0,0,0,4,1,1,1,1,33,6,1798,8,4,TOYOTA COROLLA,-1,-1,0,-1
202354D717323,2023,54D717323,2,9,0,18,19,2,6,0,0,8,0,0,0,0,3,1,6,6,1,70,10,1598,1,16,TOYOTA COROLLA,5,E01032698,0,-1
2023052300692,2023,052300692,1,8,0,18,19,8,4,0,0,0,0,0,0,0,1,1,1,1,1,51,8,1798,8,2,TOYOTA COROLLA,1,E01006552,0,-1