collision_index,collision_year,collision_ref_no,vehicle_reference,vehicle_type,towing_and_articulation,vehicle_manoeuvre_historic,vehicle_manoeuvre,vehicle_direction_from,vehicle_direction_to,vehicle_location_restricted_lane_historic,vehicle_location_restricted_lane,junction_location,skidding_and_overturning,hit_object_in_carriageway,vehicle_leaving_carriageway,hit_object_off_carriageway,first_point_of_impact,vehicle_left_hand_drive,journey_purpose_of_driver_historic,journey_purpose_of_driver,sex_of_driver,age_of_driver,age_band_of_driver,engine_capacity_cc,propulsion_code,age_of_vehicle,generic_make_model,driver_imd_decile,lsoa_of_driver,escooter_flag,driver_distance_banding
2023010485110,2023,010485110,1,9,0,9,9,1,7,0,0,1,0,0,0,0,4,1,2,2,2,54,8,1598,1,17,TOYOTA COROLLA,-1,-1,0,-1
2023351374320,2023,351374320,2,9,0,4,4,8,4,0,0,0,0,0,0,0,2,1,2,2,1,33,6,2231,2,15,TOYOTA COROLLA,7,E01030054,0,-1
2023131356232,2023,131356232,1,9,0,12,12,3,7,0,0,0,0,0,7,0,1,1,1,1,2,46,8,1987,8,1,TOYOTA COROLLA,2,E01025520,0,-1
2023522300652,2023,522300652,2,9,0,18,19,1,5,0,0,8,0,0,0,0,3,1,6,6,1,35,6,1798,8,1,TOYOTA COROLLA,2,E01014626,0,-1
2023440339017,2023,440339017,1,9,0,11,11,1,5,0,0,0,0,10,0,0,1,1,1,1,1,45,7,1987,8,1,TOYOTA COROLLA,-1,-1,0,-1
2023340WN3922,2023,340WN3922,2,9,0,4,4,7,3,0,0,1,0,0,0,0,2,1,6,6,2,55,8,1995,2,18,TOYOTA COROLLA,5,W01000728,0,-1
2023421380026,2023,421380026,2,9,0,9,9,7,5,0,0,8,0,0,0,0,1,1,5,6,1,45,7,1598,1,18,TOYOTA COROLLA,-1,-1,0,-1
2023332300569,2023,332300569,1,9,0,18,19,8,4,0,0,3,0,0,1,1,1,1,1,1,1,56,9,1798,8,4,TOYOTA COROLLA,3,E01031074,0,-1
2023101364042,2023,101364042,1,9,0,18,19,6,2,0,0,0,0,7,0,0,1,1,5,6,2,37,7,1794,1,17,TOYOTA COROLLA,10,E01008378,0,-1
2023131309393,2023,131309393,1,9,0,18,19,3,7,0,0,8,0,0,0,0,4,1,1,1,1,53,8,1798,8,3,TOYOTA COROLLA,2,E01011128,0,-1
2023061358120,2023,061358120,1,9,0,18,19,5,5,0,0,1,0,0,0,0,0,2,1,1,2,28,6,1798,8,1,TOYOTA COROLLA,2,E01033657,0,-1
2023201328553,2023,201328553,1,9,0,10,10,4,2,0,0,1,0,0,0,0,3,1,1,1,1,39,7,1798,8,3,TOYOTA COROLLA,1,E01009756,0,-1
2023411404748,2023,411404748,2,9,0,18,19,8,4,0,0,0,1,10,7,0,3,1,5,6,2,54,8,2231,2,15,TOYOTA COROLLA,10,E01023614,0,-1
2023320785174,2023,320785174,1,9,0,18,19,4,8,0,0,0,0,0,0,0,1,1,6,6,1,19,4,1398,1,19,TOYOTA COROLLA,6,E01026431,0,-1
2023131268703,2023,131268703,1,9,0,18,19,1,5,0,0,1,0,0,0,0,3,1,1,1,1,35,6,1398,1,16,TOYOTA COROLLA,7,E01010999,0,-1
2023131279527,2023,131279527,2,9,0,18,19,7,3,0,0,8,0,0,0,0,1,1,1,1,1,63,9,1798,8,1,TOYOTA COROLLA,2,E01011900,0,-1
2023471327039,2023,471327039,2,9,0,3,3,1,5,0,0,0,0,0,0,0,2,1,5,6,1,32,6,1987,8,2,TOYOTA COROLLA,2,E01009499,0,-1
2023122301158,2023,122301158,2,8,0,4,4,1,5,0,0,0,0,0,0,0,1,1,1,1,3,-1,-1,1798,8,4,TOYOTA COROLLA,-1,-1,0,-1
2023101380131,2023,101380131,1,9,-1,6,6,5,1,0,0,2,0,0,0,0,2,1,1,1,1,32,6,1798,8,2,TOYOTA COROLLA,3,E01008281,0,-1
2023201379042,2023,201379042,2,9,0,2,2,-1,-1,0,0,-1,0,0,0,0,2,1,6,6,1,61,9,1794,1,19,TOYOTA COROLLA,2,E01009487,0,-1
2023131378132,2023,131378132,3,9,0,2,2,0,0,0,0,0,0,0,0,0,4,2,6,6,3,-1,-1,1598,1,17,TOYOTA COROLLA,-1,-1,0,-1
2023461368567,2023,461368567,1,9,0,18,19,5,1,0,0,1,0,0,0,0,1,1,6,6,1,-1,-1,1987,8,4,TOYOTA COROLLA,9,E01022202,0,-1
2023141363563,2023,141363563,1,9,0,18,19,5,1,0,0,1,0,0,0,0,1,1,5,6,1,38,7,1798,8,1,TOYOTA COROLLA,1,E01008114,0,-1
2023991352620,2023,991352620,1,9,0,18,19,7,3,0,0,0,0,11,0,0,1,1,2,2,2,55,8,1798,8,2,TOYOTA COROLLA,7,-1,0,-1
2023440045246,2023,440045246,1,9,0,18,19,5,8,0,0,1,0,0,0,0,1,1,1,1,1,35,6,1798,8,0,TOYOTA COROLLA,3,E01017080,0,-1
2023010452491,2023,010452491,1,8,0,4,4,7,3,0,0,8,0,0,0,0,2,1,1,1,1,43,7,1798,8,4,TOYOTA COROLLA,2,E01001731,0,-1
2023131327585,2023,131327585,1,9,0,16,19,3,7,0,0,1,0,0,0,0,1,1,6,6,1,37,7,1598,1,18,TOYOTA COROLLA,3,E01011137,0,-1
2023991383622,2023,991383622,1,9,0,1,1,8,3,0,0,0,0,0,0,0,2,1,6,6,2,43,7,1598,1,19,TOYOTA COROLLA,2,-1,0,-1
2023211390687,2023,211390687,2,9,0,18,19,8,4,0,0,3,0,0,7,0,4,1,6,6,1,29,6,2231,2,15,TOYOTA COROLLA,-1,-1,0,-1
2023010473691,2023,010473691,1,9,0,4,4,7,3,0,0,0,0,0,0,0,0,1,1,1,1,43,7,1987,8,0,TOYOTA COROLLA,5,E01000631,0,-1
2023010486795,2023,010486795,2,9,0,18,19,3,7,0,0,6,1,0,0,0,3,1,2,2,1,39,7,1987,8,1,TOYOTA COROLLA,6,E01000330,0,-1
2023401342672,2023,401342672,2,9,0,2,2,5,1,0,0,0,1,0,0,0,2,1,6,6,1,23,5,1398,1,17,TOYOTA COROLLA,3,E01015731,0,-1
2023131353990,2023,131353990,1,9,0,18,19,8,4,0,0,0,0,0,0,0,2,1,5,6,1,37,7,1798,8,1,TOYOTA COROLLA,1,E01010782,0,-1
2023122300679,2023,122300679,1,8,0,9,9,8,5,0,0,8,0,0,0,0,1,1,1,1,1,53,8,1798,8,2,TOYOTA COROLLA,3,E01010670,0,-1
2023401363458,2023,401363458,3,9,0,13,13,3,7,0,0,0,0,0,7,0,4,1,2,2,1,40,7,1398,1,18,TOYOTA COROLLA,6,E01015778,0,-1
2023991330395,2023,991330395,2,9,0,18,19,4,8,0,0,0,0,0,0,0,1,1,5,6,2,27,6,1796,1,18,TOYOTA COROLLA,4,-1,0,-1
2023320567157,2023,320567157,1,8,0,18,19,8,2,0,0,4,0,0,0,0,1,1,1,1,1,49,8,1798,8,1,TOYOTA COROLLA,3,E01026271,0,-1
2023010447565,2023,010447565,2,9,0,99,99,9,9,99,99,0,9,99,9,99,1,9,6,6,3,-1,-1,1598,1,17,TOYOTA COROLLA,-1,-1,0,-1
2023430376288,2023,430376288,2,9,0,10,10,8,4,0,0,1,0,0,0,0,3,1,6,6,1,56,9,1598,1,14,TOYOTA COROLLA,4,E01008997,0,-1
2023302301981,2023,302301981,1,8,0,18,19,8,4,0,0,0,0,0,0,0,1,1,1,1,1,44,7,1798,8,0,TOYOTA COROLLA,1,E01013487,0,-1
2023061387693,2023,061387693,1,9,0,18,19,5,1,0,0,1,0,0,0,0,1,1,5,6,1,59,9,1798,8,0,TOYOTA COROLLA,3,E01005120,0,-1
2023311260919,2023,311260919,1,9,0,4,4,7,3,0,0,0,0,0,8,0,4,1,1,1,1,50,8,1798,8,4,TOYOTA COROLLA,3,E01013944,0,-1
2023411338857,2023,411338857,1,9,0,7,7,1,5,0,0,4,0,0,0,0,1,1,6,6,1,39,7,1798,8,4,TOYOTA COROLLA,2,E01015725,0,-1
2023361396213,2023,361396213,1,9,0,18,19,-1,-1,0,0,0,0,0,0,0,1,1,6,6,3,24,5,1995,2,17,TOYOTA COROLLA,8,E01026860,0,-1
2023010451274,2023,010451274,2,9,0,5,5,7,3,0,0,1,0,0,0,0,0,1,1,1,1,37,7,1987,8,2,TOYOTA COROLLA,7,E01000675,0,-1
2023010467621,2023,010467621,2,9,0,9,9,1,7,0,0,6,0,0,0,0,4,1,6,6,1,70,10,1798,8,3,TOYOTA COROLLA,8,E01001126,0,-1
2023010462850,2023,010462850,1,9,0,13,13,1,5,0,0,1,0,0,0,0,1,1,6,6,1,42,7,1798,8,3,TOYOTA COROLLA,2,E01032562,0,-1
2023411342802,2023,411342802,2,9,0,8,8,8,4,0,0,1,0,0,0,0,4,1,5,6,2,40,7,1987,8,3,TOYOTA COROLLA,6,E01023564,0,-1
2023010444738,2023,010444738,1,9,0,7,7,1,4,0,0,1,0,0,0,0,1,1,6,6,1,45,7,1798,8,4,TOYOTA COROLLA,1,E01004040,0,-1
2023351315336,2023,351315336,1,9,0,18,19,7,3,0,0,0,0,0,2,7,1,1,1,1,1,19,4,1798,8,1,TOYOTA COROLLA,5,E01015688,0,-1
2023041315686,2023,041315686,1,9,0,18,19,2,6,0,0,1,2,0,1,0,4,1,6,6,1,34,6,1987,8,2,TOYOTA COROLLA,10,E01025532,0,-1
2023061379686,2023,061379686,2,9,0,18,19,1,7,0,0,1,0,9,3,0,1,1,5,6,1,29,6,1798,8,1,TOYOTA COROLLA,1,E01005484,0,-1
2023041361771,2023,041361771,3,9,0,18,19,7,3,0,0,0,0,0,0,0,1,1,2,2,1,56,9,1987,8,3,TOYOTA COROLLA,10,E01025332,0,-1
2023430563112,2023,430563112,3,9,0,3,3,3,7,0,0,8,0,0,0,0,1,1,6,6,1,55,8,1798,8,1,TOYOTA COROLLA,4,E01015711,0,-1
2023471264071,2023,471264071,2,9,0,4,4,2,6,0,0,0,1,4,0,0,1,1,5,6,1,19,4,1598,1,21,TOYOTA COROLLA,9,E01024851,0,-1
2023461395842,2023,461395842,2,9,0,18,19,5,1,0,0,1,0,0,0,0,2,1,1,1,1,53,8,1798,8,1,TOYOTA COROLLA,3,E01016022,0,-1
2023461351520,2023,461351520,1,9,0,18,19,5,1,0,0,0,0,0,0,0,1,1,6,6,1,-1,-1,1798,8,3,TOYOTA COROLLA,6,E01023977,0,-1
2023351324125,2023,351324125,1,9,0,16,19,3,7,0,0,0,0,0,0,0,1,1,6,6,1,37,7,1398,1,21,TOYOTA COROLLA,-1,-1,0,-1
2023471318195,2023,471318195,2,9,0,18,19,6,3,0,0,1,0,0,0,0,1,1,5,6,1,66,10,1598,1,23,TOYOTA COROLLA,4,E01031809,0,-1
2023061375957,2023,061375957,1,9,0,18,19,4,8,0,0,1,0,0,0,0,3,1,5,6,2,39,7,1794,1,18,TOYOTA COROLLA,1,E01004850,0,-1
2023061332298,2023,061332298,3,9,0,18,19,4,8,0,0,2,0,0,0,0,1,1,1,1,1,28,6,1798,8,1,TOYOTA COROLLA,1,E01005202,0,-1
2023061291848,2023,061291848,1,9,0,18,19,2,5,0,0,5,0,0,0,0,1,1,5,6,1,29,6,1995,2,18,TOYOTA COROLLA,1,E01005350,0,-1
2023451370480,2023,451370480,2,9,0,18,19,5,1,0,0,0,1,0,7,0,1,1,6,6,1,77,11,1798,8,3,TOYOTA COROLLA,5,E01031515,0,-1
2023471324236,2023,471324236,5,9,0,2,2,0,0,0,0,2,0,4,0,0,2,1,6,6,3,-1,-1,1798,8,1,TOYOTA COROLLA,-1,-1,0,-1
2023010473643,2023,010473643,1,9,0,18,19,3,7,0,0,1,0,0,0,0,1,1,6,6,1,33,6,1798,8,3,TOYOTA COROLLA,2,E01003499,0,-1
2023201379113,2023,201379113,2,9,0,3,3,2,6,0,0,0,0,0,0,0,2,1,6,6,1,28,6,1798,8,1,TOYOTA COROLLA,1,E01009577,0,-1
2023231379506,2023,231379506,2,9,0,18,19,8,4,0,0,8,0,0,0,0,1,1,1,1,1,50,8,1398,1,17,TOYOTA COROLLA,4,E01031073,0,-1
2023170M10893,2023,170M10893,2,9,0,9,9,6,4,0,0,8,0,0,0,0,3,1,6,6,2,61,9,1798,8,2,TOYOTA COROLLA,1,E01012020,0,-1
2023101369443,2023,101369443,2,9,0,3,3,5,1,0,0,1,0,0,0,0,2,1,5,6,2,65,9,1798,8,3,TOYOTA COROLLA,3,E01008185,0,-1
2023201411081,2023,201411081,2,9,0,18,19,4,1,0,0,8,0,0,0,0,3,1,6,6,1,52,8,1798,8,1,TOYOTA COROLLA,2,E01009263,0,-1
2023311303011,2023,311303011,1,9,0,16,19,1,5,0,0,0,1,4,8,0,3,1,6,6,1,23,5,1798,8,0,TOYOTA COROLLA,-1,-1,0,-1
2023010470121,2023,010470121,2,9,0,99,99,9,9,99,99,9,9,99,9,99,1,9,6,6,3,-1,-1,1598,1,20,TOYOTA COROLLA,-1,-1,0,-1
2023010420215,2023,010420215,1,9,0,9,9,1,7,0,0,6,0,0,0,0,1,1,6,6,1,44,7,1995,2,18,TOYOTA COROLLA,3,E01000128,0,-1
2023010474686,2023,010474686,2,9,0,4,4,6,2,0,0,2,0,0,0,0,1,1,6,6,1,47,8,2231,2,16,TOYOTA COROLLA,4,E01003216,0,-1
2023361327403,2023,361327403,1,8,0,16,19,7,1,0,0,1,0,0,0,0,3,1,1,1,1,44,7,1798,8,0,TOYOTA COROLLA,2,E01033440,0,-1
2023351323925,2023,351323925,2,9,0,18,19,4,8,0,0,1,0,0,1,0,3,1,2,2,1,50,8,1987,8,1,TOYOTA COROLLA,9,E01032611,0,-1
2023201281630,2023,201281630,2,9,0,18,19,8,4,0,0,0,0,10,7,11,1,1,6,6,1,27,6,1332,1,30,TOYOTA COROLLA,2,E01009512,0,-1
2023010469198,2023,010469198,1,9,0,99,99,9,9,99,99,9,9,99,9,99,2,9,6,6,2,42,7,1398,1,17,TOYOTA COROLLA,8,E01004119,0,-1
2023401292411,2023,401292411,2,9,0,17,19,2,7,0,0,0,0,0,0,0,2,1,1,1,1,58,9,1987,8,4,TOYOTA COROLLA,8,E01015770,0,-1
2023010489955,2023,010489955,1,9,0,18,19,3,7,0,0,1,1,0,0,0,1,1,1,1,1,27,6,1987,8,0,TOYOTA COROLLA,-1,-1,0,-1
2023421340869,2023,421340869,2,9,0,18,19,8,4,0,0,8,0,0,0,0,1,1,1,1,1,46,8,1798,8,1,TOYOTA COROLLA,4,E01001686,0,-1
2023221291565,2023,221291565,2,9,0,18,19,3,7,0,0,8,0,0,0,0,3,1,6,6,2,44,7,1798,8,2,TOYOTA COROLLA,10,E01033059,0,-1
2023231368541,2023,231368541,1,9,0,18,19,4,1,0,0,0,5,0,1,9,1,1,6,6,2,33,6,1798,8,2,TOYOTA COROLLA,2,E01032389,0,-1
2023010429741,2023,010429741,2,9,0,99,99,9,9,99,99,9,9,99,9,99,1,9,6,6,3,-1,-1,1398,1,20,TOYOTA COROLLA,2,E01004305,0,-1
2023061341194,2023,061341194,3,9,0,9,9,3,5,0,0,1,0,0,0,0,0,1,1,1,1,31,6,1798,8,1,TOYOTA COROLLA,-1,-1,0,-1
2023010481582,2023,010481582,1,9,0,18,19,1,5,0,0,0,0,0,0,0,2,1,6,6,1,42,7,1798,8,2,TOYOTA COROLLA,4,E01001197,0,-1
202363C009423,2023,63C009423,1,9,0,9,9,7,5,0,0,6,0,0,0,0,3,1,6,6,1,77,11,1398,1,19,TOYOTA COROLLA,7,W01000556,0,-1
2023421268611,2023,421268611,1,9,0,9,9,7,5,0,0,2,0,0,0,0,1,1,6,6,2,65,9,1798,8,1,TOYOTA COROLLA,3,E01021601,0,-1
2023221351112,2023,221351112,1,9,0,16,19,3,6,0,0,0,0,0,0,0,1,1,5,6,1,19,4,1398,1,20,TOYOTA COROLLA,8,E01014077,0,-1
2023131324178,2023,131324178,1,9,0,9,9,1,5,0,0,0,1,0,0,0,4,1,1,1,1,59,9,1798,8,1,TOYOTA COROLLA,8,E01011514,0,-1
2023421258648,2023,421258648,1,9,0,18,19,4,8,0,0,0,0,0,0,0,1,1,5,6,1,22,5,1598,1,16,TOYOTA COROLLA,5,E01021778,0,-1
2023302301429,2023,302301429,2,9,0,18,19,8,6,0,0,8,0,0,0,0,4,1,6,6,1,27,6,1987,8,1,TOYOTA COROLLA,1,E01013479,0,-1
2023311358122,2023,311358122,1,8,0,5,5,2,3,0,0,2,0,0,0,0,2,1,1,1,1,62,9,1798,8,4,TOYOTA COROLLA,4,E01027928,0,-1
2023010468023,2023,010468023,5,9,0,3,3,2,6,0,0,1,0,0,0,0,3,1,6,6,1,20,4,1598,1,20,TOYOTA COROLLA,10,E01021345,0,-1
2023131387422,2023,131387422,1,9,0,9,9,3,7,0,0,2,0,0,0,0,0,1,6,6,1,52,8,1798,8,1,TOYOTA COROLLA,1,E01010831,0,-1
2023471261712,2023,471261712,1,9,0,18,19,7,3,0,0,4,0,0,0,0,1,1,1,1,1,47,8,1798,8,4,TOYOTA COROLLA,4,E01021017,0,-1
2023061393466,2023,061393466,1,9,0,18,19,7,3,0,0,0,2,0,1,0,1,1,5,6,1,55,8,1987,8,1,TOYOTA COROLLA,2,E01006297,0,-1
2023061294523,2023,061294523,3,9,0,3,3,7,7,0,0,1,0,0,0,0,1,1,1,1,1,35,6,1798,8,0,TOYOTA COROLLA,-1,-1,0,-1
2023061270059,2023,061270059,1,9,0,9,9,3,1,0,0,3,0,0,0,0,1,1,2,2,2,56,9,1798,8,2,TOYOTA COROLLA,8,E01005050,0,-1
2023131368553,2023,131368553,1,9,0,18,19,3,7,0,0,1,0,0,0,0,3,1,6,6,3,-1,-1,1398,1,21,TOYOTA COROLLA,-1,-1,0,-1
2023332300175,2023,332300175,2,9,0,18,19,4,8,0,0,8,1,0,0,0,1,1,6,6,2,52,8,1398,1,19,TOYOTA COROLLA,9,E01025935,0,-1
2023061296720,2023,061296720,2,9,0,18,19,1,5,0,0,1,0,0,0,0,0,1,5,6,1,32,6,1798,8,1,TOYOTA COROLLA,6,E01005083,0,-1
2023211309175,2023,211309175,1,9,-1,9,9,4,2,-1,-1,-1,-1,-1,-1,0,-1,1,5,6,2,38,7,1798,8,3,TOYOTA COROLLA,6,E01029637,0,-1
2023471316085,2023,471316085,1,9,0,18,19,8,5,0,0,0,0,0,0,0,1,1,5,6,1,65,9,1598,1,14,TOYOTA COROLLA,4,E01031550,0,-1
2023131402698,2023,131402698,6,9,0,18,19,3,7,0,0,8,0,0,0,0,0,1,1,1,1,39,7,1798,8,0,TOYOTA COROLLA,1,E01010730,0,-1
2023401359762,2023,401359762,1,9,0,18,19,3,7,0,0,0,0,0,0,0,4,1,5,6,1,45,7,1798,8,1,TOYOTA COROLLA,2,E01015787,0,-1
2023361310755,2023,361310755,1,9,0,5,5,2,6,0,0,1,0,0,0,0,1,1,1,1,1,56,9,1798,8,3,TOYOTA COROLLA,10,E01026562,0,-1
2023041316960,2023,041316960,3,9,0,2,2,0,0,0,0,0,0,0,0,0,3,1,6,6,3,-1,-1,1798,8,1,TOYOTA COROLLA,-1,-1,0,-1
2023061289232,2023,061289232,2,9,0,16,19,3,7,0,0,0,0,0,0,0,0,1,1,1,1,31,6,1798,8,1,TOYOTA COROLLA,4,E01006332,0,-1
2023991280004,2023,991280004,2,9,0,18,19,8,4,0,0,0,0,0,0,0,3,1,5,6,2,52,8,1598,1,18,TOYOTA COROLLA,8,-1,0,-1
2023421344176,2023,421344176,2,9,0,3,3,3,7,0,0,1,0,0,0,0,2,1,6,6,1,39,7,1798,8,3,TOYOTA COROLLA,3,E01021687,0,-1
2023170M11973,2023,170M11973,2,8,0,4,4,0,0,0,0,1,1,0,0,0,2,1,1,1,1,22,5,1798,8,4,TOYOTA COROLLA,-1,-1,0,-1
2023141299515,2023,141299515,2,9,0,18,19,5,1,0,0,0,0,0,0,0,3,1,5,6,1,-1,-1,2231,2,18,TOYOTA COROLLA,1,E01007870,0,-1
2023010448552,2023,010448552,1,9,0,4,4,5,1,0,0,6,0,0,0,0,2,1,6,6,2,36,7,1598,1,20,TOYOTA COROLLA,4,E01003278,0,-1
2023631359878,2023,631359878,2,9,0,3,3,3,7,0,0,1,0,0,0,0,2,1,6,6,1,23,5,1398,1,22,TOYOTA COROLLA,6,W01000645,0,-1
2023340WN2472,2023,340WN2472,3,9,0,18,19,5,1,0,0,0,0,0,0,0,2,1,2,2,1,52,8,1987,8,2,TOYOTA COROLLA,3,E01027197,0,-1
2023201316271,2023,201316271,2,9,0,18,19,8,4,0,0,8,0,0,0,0,1,1,6,6,1,34,6,1398,1,18,TOYOTA COROLLA,2,E01009018,0,-1
2023430459081,2023,430459081,2,9,0,12,12,8,4,0,0,0,0,0,0,0,1,1,6,6,1,-1,-1,1332,1,24,TOYOTA COROLLA,-1,-1,0,-1
2023991379637,2023,991379637,1,9,0,18,19,6,2,9,9,0,1,0,1,11,4,1,2,2,1,72,10,-1,-1,-1,TOYOTA COROLLA,1,-1,0,-1
2023549574423,2023,549574423,1,9,0,18,19,3,6,0,0,8,0,0,1,0,1,1,6,6,1,27,6,1598,1,17,TOYOTA COROLLA,4,E01023204,0,-1
2023401297488,2023,401297488,1,9,0,18,19,7,3,0,0,0,0,0,0,0,1,1,6,6,2,37,7,1798,8,2,TOYOTA COROLLA,4,E01015750,0,-1
2023031265440,2023,031265440,1,9,0,18,19,1,5,0,0,0,0,0,0,0,1,1,1,1,1,44,7,1798,8,3,TOYOTA COROLLA,3,E01019114,0,-1
2023101267722,2023,101267722,1,8,0,18,19,8,4,0,0,8,0,0,7,0,1,1,1,1,1,34,6,1798,8,1,TOYOTA COROLLA,-1,-1,0,-1
2023421346257,2023,421346257,1,9,0,18,19,5,1,0,0,0,0,0,0,0,4,1,5,6,2,77,11,1798,8,0,TOYOTA COROLLA,6,E01021539,0,-1
2023440342323,2023,440342323,2,9,0,18,19,4,8,0,0,0,0,0,0,0,1,1,1,1,1,58,9,1798,8,4,TOYOTA COROLLA,5,E01017209,0,-1
2023041281081,2023,041281081,1,2,0,18,19,2,6,0,0,0,5,0,0,0,4,1,2,2,2,62,9,49,1,5,-1,6,E01025026,0,-1
2023302300361,2023,302300361,2,2,0,13,13,6,2,0,0,2,0,0,0,0,4,1,4,7,1,16,4,49,1,3,-1,3,E01019776,0,-1
2023522301826,2023,522301826,1,2,0,18,19,2,6,0,0,0,0,0,0,0,1,1,6,6,2,49,8,49,1,3,-1,8,E01014981,0,-1
2023010474810,2023,010474810,1,3,0,99,99,9,9,99,99,9,9,99,9,99,9,1,2,2,1,30,6,562,1,0,-1,10,E01030388,0,-1
2023461374217,2023,461374217,1,5,0,4,4,7,3,0,0,1,0,0,0,0,1,1,6,6,1,-1,-1,562,1,0,-1,6,E01016057,0,-1
2023461276373,2023,461276373,1,5,0,18,19,4,8,0,0,0,1,0,0,0,1,1,6,6,1,23,5,562,1,1,-1,4,E01024178,0,-1
2023010423819,2023,010423819,2,4,5,18,19,5,1,0,0,0,0,0,0,0,1,1,6,6,1,72,10,562,1,1,-1,8,E01000659,0,-1
2023440009933,2023,440009933,1,9,0,18,19,3,7,0,0,0,0,10,0,0,1,1,6,6,2,27,6,3199,1,19,-1,-1,-1,0,-1
2023010445850,2023,010445850,2,9,0,99,99,9,9,99,99,9,9,99,9,99,1,9,6,6,3,-1,-1,3199,1,19,-1,-1,-1,0,-1
2023991301749,2023,991301749,1,9,0,18,19,6,1,0,0,0,1,0,1,4,4,1,5,6,1,61,9,3199,1,18,-1,9,-1,0,-1
2023332300670,2023,332300670,1,9,0,18,19,5,1,0,0,0,0,10,2,0,4,1,6,6,1,33,6,3199,1,17,-1,6,E01027005,0,-1
2023351375626,2023,351375626,1,17,4,9,9,5,3,0,0,0,0,0,0,0,3,1,1,1,1,22,5,7146,2,16,-1,3,E01018092,0,-1
2023501286888,2023,501286888,1,17,4,18,19,5,1,0,0,0,0,0,0,0,1,2,1,1,1,23,5,6788,2,1,-1,9,E01019940,0,-1
2023131348508,2023,131348508,1,17,0,18,19,2,5,0,0,8,0,0,0,0,4,1,6,6,3,-1,-1,16000,2,7,-1,-1,-1,0,-1
2023501354862,2023,501354862,2,17,0,18,19,1,5,0,0,1,0,0,0,0,0,1,6,6,1,30,6,6788,2,2,-1,6,E01020172,0,-1
2023361361017,2023,361361017,1,17,0,18,19,3,7,0,0,0,0,0,1,3,1,1,1,1,1,69,10,6788,2,10,-1,5,E01026767,0,-1
2023221355228,2023,221355228,2,17,0,18,19,5,1,0,0,0,0,0,0,0,3,1,1,1,1,54,8,6728,2,0,-1,8,E01014167,0,-1
202354B747323,2023,54B747323,1,17,0,17,19,5,1,0,0,0,0,0,0,0,1,1,1,1,1,17,4,6788,2,8,-1,6,E01029057,0,-1
2023320146502,2023,320146502,3,17,0,18,19,8,4,0,0,1,0,0,0,0,2,1,1,1,1,24,5,6728,2,2,-1,4,E01026071,0,-1
2023501316240,2023,501316240,2,17,4,4,4,6,2,0,0,0,0,0,0,0,2,1,1,1,1,37,7,6788,2,16,-1,6,E01020179,0,-1
2023221317766,2023,221317766,1,11,0,7,7,1,3,0,0,3,0,0,0,0,4,1,1,1,1,52,8,6700,2,13,DAF MODEL MISSING,2,E01014151,0,-1
2023332301014,2023,332301014,2,11,0,5,5,2,6,0,0,0,0,0,0,0,0,1,1,1,1,48,8,9200,2,17,DAF MODEL MISSING,1,E01013640,0,-1
2023070472798,2023,070472798,1,11,0,13,13,7,3,0,0,1,0,0,0,0,4,1,1,1,1,-1,-1,6700,2,14,DAF MODEL MISSING,-1,-1,0,-1
2023461273264,2023,461273264,2,11,0,18,19,7,3,0,0,1,0,0,0,0,3,1,1,1,1,42,7,9200,2,21,DAF MODEL MISSING,5,E01024842,0,-1
2023052300690,2023,052300690,1,11,0,18,19,3,7,0,0,0,0,0,0,0,4,1,1,1,1,36,7,6700,2,14,DAF MODEL MISSING,1,E01006612,0,-1
2023201310842,2023,201310842,1,21,0,18,19,6,2,0,0,1,0,0,0,0,1,1,1,1,1,51,8,12900,2,13,-1,1,W01000631,0,-1
2023991338220,2023,991338220,1,21,1,18,19,4,8,0,0,0,0,0,0,0,1,1,1,1,1,61,9,12902,2,5,-1,3,-1,0,-1
2023170L30083,2023,170L30083,1,11,0,18,19,2,6,0,0,8,0,0,0,0,1,1,1,1,1,65,9,6700,2,13,DAF MODEL MISSING,2,E01012031,0,-1
2023332300088,2023,332300088,1,11,0,9,9,5,3,0,0,5,0,0,0,0,1,1,1,1,1,33,6,9200,2,17,DAF MODEL MISSING,1,E01010148,0,-1
2023170M10553,2023,170M10553,1,11,0,18,19,2,6,0,0,0,0,0,0,0,0,1,1,1,1,44,7,6700,2,14,DAF MODEL MISSING,1,E01012215,0,-1
2023131356993,2023,131356993,2,21,0,18,19,2,5,0,0,0,0,0,0,0,1,1,1,1,1,66,10,12902,2,4,-1,-1,-1,0,-1
2023131284176,2023,131284176,1,11,0,18,19,3,3,2,2,8,0,0,0,0,1,1,1,1,1,44,7,6700,2,14,DAF MODEL MISSING,1,E01011750,0,-1
2023070877591,2023,070877591,1,11,0,18,19,1,5,0,0,0,1,0,0,0,1,1,1,1,1,45,7,5911,2,18,DAF MODEL MISSING,1,E01033300,0,-1
2023351406863,2023,351406863,1,11,0,18,19,7,3,0,0,8,0,0,0,0,1,1,1,1,1,66,10,12600,2,18,DAF MODEL MISSING,6,E01015675,0,-1
202360A113580,2023,60A113580,1,11,0,18,19,7,3,0,0,8,0,0,0,0,1,1,1,1,1,33,6,6700,2,14,DAF MODEL MISSING,-1,-1,0,-1