collision_index,collision_year,collision_ref_no,vehicle_reference,vehicle_type,towing_and_articulation,vehicle_manoeuvre_historic,vehicle_manoeuvre,vehicle_direction_from,vehicle_direction_to,vehicle_location_restricted_lane_historic,vehicle_location_restricted_lane,junction_location,skidding_and_overturning,hit_object_in_carriageway,vehicle_leaving_carriageway,hit_object_off_carriageway,first_point_of_impact,vehicle_left_hand_drive,journey_purpose_of_driver_historic,journey_purpose_of_driver,sex_of_driver,age_of_driver,age_band_of_driver,engine_capacity_cc,propulsion_code,age_of_vehicle,generic_make_model,driver_imd_decile,lsoa_of_driver,escooter_flag,driver_distance_banding
2023041347426,2023,041347426,1,9,0,18,19,5,1,0,0,0,0,0,0,0,1,1,5,6,2,18,4,1000,1,8,PEUGEOT 208,5,E01024888,0,-1
2023430212760,2023,430212760,1,9,0,18,19,6,2,0,0,0,2,0,1,0,4,1,6,6,2,23,5,1598,1,9,PEUGEOT 208,4,E01000580,0,-1
2023471284643,2023,471284643,1,9,0,4,4,6,2,0,0,0,0,0,0,0,0,1,3,7,1,37,7,1200,1,2,PEUGEOT 208,2,E01016949,0,-1
2023052301294,2023,052301294,2,9,0,18,19,5,1,0,0,4,0,0,0,0,0,1,6,6,1,63,9,1398,2,10,PEUGEOT 208,7,E01007211,0,-1
2023302301579,2023,302301579,2,9,0,18,19,2,7,0,0,3,0,0,0,0,1,1,1,1,1,-1,-1,1560,2,6,PEUGEOT 208,-1,-1,0,-1
2023340WN0522,2023,340WN0522,2,9,0,18,19,0,0,0,0,1,0,0,0,0,1,1,2,2,1,37,7,1560,2,8,PEUGEOT 208,8,E01027211,0,-1
2023010426610,2023,010426610,1,9,0,18,19,1,5,0,0,2,1,4,0,0,1,1,6,6,1,46,8,1200,1,1,PEUGEOT 208,2,E01001868,0,-1
2023440211199,2023,440211199,1,9,0,18,19,6,2,0,0,0,0,0,0,0,1,1,6,6,2,28,6,1200,1,11,PEUGEOT 208,3,E01017299,0,-1
2023221287714,2023,221287714,1,9,0,18,19,1,5,0,0,8,0,0,0,0,3,1,1,1,2,52,8,1200,1,9,PEUGEOT 208,9,E01032220,0,-1
2023451318936,2023,451318936,1,9,0,3,3,7,1,0,0,0,0,0,0,0,2,1,6,6,2,25,5,1200,1,10,PEUGEOT 208,8,E01002979,0,-1
2023231326894,2023,231326894,1,9,0,16,19,2,5,0,0,0,5,0,8,4,1,1,5,6,1,22,5,1200,1,2,PEUGEOT 208,2,E01009100,0,-1
2023131273537,2023,131273537,1,9,0,18,19,1,5,0,0,1,1,0,0,0,1,1,6,6,1,46,8,1398,2,11,PEUGEOT 208,5,E01011465,0,-1
2023231275499,2023,231275499,1,9,0,9,9,2,8,0,0,6,0,0,0,0,1,1,6,6,2,18,4,-1,3,1,PEUGEOT 208,3,E01016474,0,-1
2023010459212,2023,010459212,2,9,0,99,99,9,9,99,99,9,9,99,9,99,1,9,6,6,3,-1,-1,1200,1,4,PEUGEOT 208,-1,-1,0,-1
2023010477552,2023,010477552,1,9,0,99,99,9,9,99,99,9,9,99,9,99,2,9,6,6,2,22,5,1200,1,7,PEUGEOT 208,3,E01002429,0,-1
2023010485429,2023,010485429,1,9,0,10,10,3,2,0,0,1,0,0,0,0,3,1,1,1,2,20,4,1000,1,8,PEUGEOT 208,2,E01003021,0,-1
2023031295500,2023,031295500,1,9,0,13,13,2,2,0,0,0,0,0,0,0,4,1,5,6,2,66,10,1199,1,1,PEUGEOT 208,-1,-1,0,-1
2023231283720,2023,231283720,2,9,0,4,4,6,2,0,0,1,0,0,0,0,3,1,1,1,1,77,11,1200,1,2,PEUGEOT 208,5,E01031168,0,-1
2023471389438,2023,471389438,1,9,0,7,7,8,4,0,0,6,0,0,0,0,1,1,5,6,2,19,4,1199,1,4,PEUGEOT 208,5,E01031403,0,-1
2023501287751,2023,501287751,1,9,0,18,19,8,4,0,0,0,0,0,0,0,4,1,5,6,2,18,4,1200,1,8,PEUGEOT 208,8,E01020080,0,-1
2023531314316,2023,531314316,2,9,0,4,4,6,2,0,0,0,0,0,0,0,2,1,2,2,2,31,6,1200,1,8,PEUGEOT 208,3,E01022375,0,-1
2023010482144,2023,010482144,2,9,0,99,99,9,9,99,99,9,9,99,9,99,1,9,6,6,3,28,6,1200,1,10,PEUGEOT 208,2,E01003021,0,-1
2023471390051,2023,471390051,2,9,0,18,19,4,8,0,0,1,0,0,0,0,1,1,3,7,2,38,7,1200,1,4,PEUGEOT 208,3,E01021050,0,-1
2023421294113,2023,421294113,1,9,0,18,19,1,5,0,0,0,0,0,0,0,1,1,6,6,2,68,10,1598,1,10,PEUGEOT 208,10,E01021751,0,-1
2023320669005,2023,320669005,2,9,0,9,9,4,2,0,0,5,1,0,1,4,3,1,6,6,2,69,10,1200,1,5,PEUGEOT 208,2,E01026006,0,-1
2023101385408,2023,101385408,1,9,0,4,4,5,1,0,0,0,1,0,0,0,1,1,6,6,3,-1,-1,1200,1,7,PEUGEOT 208,-1,-1,0,-1
2023610009823,2023,610009823,1,9,0,18,19,2,6,0,0,0,0,0,0,0,1,1,6,6,1,84,11,1200,1,9,PEUGEOT 208,8,W01001553,0,-1
2023070429537,2023,070429537,2,9,0,10,10,5,1,0,0,1,0,0,0,0,2,1,6,6,2,40,7,1398,2,10,PEUGEOT 208,7,E01018540,0,-1
2023122300660,2023,122300660,2,9,0,18,19,2,6,0,0,0,0,0,1,0,1,1,6,6,1,83,11,1200,1,1,PEUGEOT 208,4,E01027599,0,-1
2023548507023,2023,548507023,2,9,0,3,3,6,4,0,0,1,0,0,0,0,2,1,6,6,2,20,4,1199,1,1,PEUGEOT 208,7,E01015493,0,-1
2023201391316,2023,201391316,1,9,0,1,1,6,2,9,9,0,0,0,0,0,2,1,6,6,1,41,7,1199,1,0,PEUGEOT 208,5,E01009527,0,-1
2023052302372,2023,052302372,1,9,0,18,19,5,1,0,0,0,0,0,0,0,1,1,6,6,2,48,8,1000,1,10,PEUGEOT 208,8,E01007110,0,-1
2023991361651,2023,991361651,1,9,0,16,19,8,3,0,0,0,0,0,0,0,1,1,6,6,1,18,4,1000,1,7,PEUGEOT 208,1,-1,0,-1
2023010422560,2023,010422560,2,9,0,12,12,7,3,0,0,1,0,0,0,0,3,1,2,2,2,42,7,1200,1,2,PEUGEOT 208,4,E01000380,0,-1
2023201266898,2023,201266898,2,9,0,4,4,8,4,0,0,0,0,0,0,0,2,1,6,6,2,42,7,1200,1,8,PEUGEOT 208,6,E01031085,0,-1
2023332300900,2023,332300900,1,9,0,9,9,7,5,0,0,5,0,0,0,0,3,1,6,6,2,49,8,1398,2,10,PEUGEOT 208,2,E01013768,0,-1
2023061269979,2023,061269979,1,9,0,18,19,1,5,0,0,8,0,0,0,0,1,1,6,6,1,25,5,1200,1,3,PEUGEOT 208,2,E01006326,0,-1
2023991353735,2023,991353735,1,9,0,8,8,5,8,0,0,1,0,0,0,0,2,1,5,6,2,57,9,1200,1,8,PEUGEOT 208,-1,-1,0,-1
2023622300568,2023,622300568,1,9,0,18,19,2,6,0,0,0,0,0,0,0,1,1,6,6,2,53,8,1200,1,7,PEUGEOT 208,4,W01001148,0,-1
2023201364155,2023,201364155,1,9,0,9,9,5,2,0,0,5,0,0,0,0,4,1,6,6,2,17,4,1200,1,7,PEUGEOT 208,2,E01008942,0,-1
2023141330761,2023,141330761,1,9,0,18,19,8,4,0,0,8,0,0,0,0,1,1,2,2,1,40,7,1398,2,9,PEUGEOT 208,5,E01007644,0,-1
2023421276272,2023,421276272,2,9,0,3,3,2,2,0,0,0,0,0,0,0,2,1,6,6,2,26,6,1200,1,10,PEUGEOT 208,2,E01015976,0,-1
2023401273817,2023,401273817,1,9,0,5,5,1,5,0,0,4,0,0,0,0,1,1,4,7,1,18,4,1200,1,8,PEUGEOT 208,9,E01016735,0,-1
2023610001523,2023,610001523,2,9,0,18,19,3,7,0,0,8,0,0,0,0,4,1,6,6,2,43,7,1199,1,5,PEUGEOT 208,3,W01001592,0,-1
2023131299874,2023,131299874,3,9,0,18,19,6,2,0,0,0,0,0,0,0,2,1,1,1,1,26,6,1498,2,4,PEUGEOT 208,6,E01010797,0,-1
2023440218108,2023,440218108,1,9,0,9,9,5,3,0,0,0,0,0,0,0,3,1,6,6,1,61,9,1200,1,8,PEUGEOT 208,4,E01017171,0,-1
2023061353413,2023,061353413,1,9,0,9,9,6,4,0,0,8,0,0,0,0,1,1,5,6,2,29,6,1200,1,5,PEUGEOT 208,10,E01005803,0,-1
2023201371942,2023,201371942,1,9,0,18,19,3,7,0,0,0,0,4,0,0,1,1,5,6,2,23,5,1199,1,5,PEUGEOT 208,6,E01009618,0,-1
2023131348700,2023,131348700,2,9,0,18,19,1,1,0,0,8,0,0,0,0,3,1,5,6,2,19,4,1498,2,4,PEUGEOT 208,8,E01011931,0,-1
2023340WN3352,2023,340WN3352,1,9,0,9,9,8,6,0,0,6,0,0,0,0,3,1,6,6,1,27,6,1200,1,10,PEUGEOT 208,10,E01027205,0,-1
2023471383520,2023,471383520,1,9,0,7,7,1,4,0,0,1,0,0,0,0,4,1,5,6,2,66,10,1200,1,7,PEUGEOT 208,3,E01016907,0,-1
2023010426453,2023,010426453,1,9,0,7,7,1,3,0,0,5,0,0,0,0,0,1,6,6,1,56,9,1199,1,5,PEUGEOT 208,4,E01001158,0,-1
2023401316294,2023,401316294,2,9,0,18,19,-1,-1,0,0,8,0,0,0,0,3,1,5,6,1,24,5,1598,1,9,PEUGEOT 208,5,E01017486,0,-1
2023340NN0392,2023,340NN0392,1,9,0,12,12,7,3,0,0,8,0,0,0,0,1,1,6,6,1,78,11,1199,1,5,PEUGEOT 208,6,E01027079,0,-1
2023061329897,2023,061329897,1,9,0,5,5,7,1,0,0,0,0,0,0,0,2,2,6,6,1,30,6,1200,1,7,PEUGEOT 208,1,E01006027,0,-1
2023631384116,2023,631384116,1,9,0,17,19,6,2,0,0,0,0,0,0,0,4,1,2,2,2,65,9,1200,1,4,PEUGEOT 208,8,W01000439,0,-1
2023041311504,2023,041311504,2,9,0,2,2,0,0,0,0,0,0,0,0,0,2,1,6,6,3,-1,-1,1200,1,7,PEUGEOT 208,-1,-1,0,-1
2023991392828,2023,991392828,1,9,0,18,19,6,3,0,0,0,0,0,0,0,1,1,1,1,1,73,10,1398,2,9,PEUGEOT 208,3,-1,0,-1
2023501371799,2023,501371799,1,9,0,18,19,7,4,0,0,1,5,0,1,11,1,1,6,6,2,19,4,1398,2,11,PEUGEOT 208,7,E01020300,0,-1
2023471369575,2023,471369575,2,9,0,18,19,6,2,0,0,1,1,0,0,0,4,1,5,6,1,47,8,1398,2,10,PEUGEOT 208,4,E01020957,0,-1
2023552300270,2023,552300270,1,9,0,18,19,6,2,0,0,8,0,0,0,0,1,1,2,2,2,37,7,1200,1,10,PEUGEOT 208,7,E01020539,0,-1
2023332300383,2023,332300383,2,9,0,9,9,8,7,0,0,6,0,0,0,0,3,1,2,2,2,47,8,1199,1,0,PEUGEOT 208,3,E01031053,0,-1
2023411317539,2023,411317539,1,9,0,13,13,4,8,0,0,0,0,0,0,0,4,1,6,6,2,88,11,-1,3,2,PEUGEOT 208,5,E01002229,0,-1
2023320375082,2023,320375082,1,9,0,9,9,2,8,0,0,6,0,0,0,0,3,1,2,2,2,51,8,1598,1,5,PEUGEOT 208,4,E01026183,0,-1
2023010422821,2023,010422821,1,9,0,9,9,1,7,0,0,1,0,0,0,0,1,1,2,2,1,37,7,1200,1,9,PEUGEOT 208,2,E01016463,0,-1
2023201421480,2023,201421480,2,9,0,5,5,4,8,0,0,0,0,0,0,0,3,1,6,6,1,62,9,1199,1,0,PEUGEOT 208,1,E01010067,0,-1
2023501343280,2023,501343280,1,9,0,15,15,6,2,0,0,0,2,4,0,0,1,1,5,6,2,41,7,1398,2,10,PEUGEOT 208,4,E01018962,0,-1
2023451348081,2023,451348081,2,9,0,18,19,3,7,0,0,8,0,0,0,0,4,1,6,6,1,23,5,1200,1,8,PEUGEOT 208,10,E01030637,0,-1
2023010463244,2023,010463244,1,9,0,99,99,9,9,99,99,9,9,99,9,99,2,9,6,6,1,36,7,1200,1,7,PEUGEOT 208,2,E01002096,0,-1
2023170H10333,2023,170H10333,1,9,0,9,9,5,3,0,0,8,0,0,0,0,1,1,6,6,2,20,4,1000,1,10,PEUGEOT 208,1,E01011999,0,-1
2023541729623,2023,541729623,2,9,0,18,19,6,2,0,0,0,0,0,0,0,1,1,2,2,2,23,5,1200,1,7,PEUGEOT 208,6,E01015478,0,-1
2023010477185,2023,010477185,2,9,0,18,19,7,3,0,0,1,0,0,0,0,1,1,1,1,2,40,7,1200,1,6,PEUGEOT 208,6,E01003000,0,-1
2023471367363,2023,471367363,1,9,0,9,9,3,1,0,0,0,0,0,0,0,1,1,6,6,2,66,10,1200,1,7,PEUGEOT 208,3,E01016907,0,-1
2023610029723,2023,610029723,1,9,0,17,19,7,4,0,0,1,0,0,0,0,3,1,6,6,1,23,5,1200,1,7,PEUGEOT 208,4,W01001337,0,-1
2023501342524,2023,501342524,1,9,0,18,19,7,3,0,0,0,0,0,0,0,1,1,5,6,1,56,9,1200,1,4,PEUGEOT 208,3,E01018953,0,-1
2023522301027,2023,522301027,1,9,0,18,19,3,7,0,0,0,0,0,0,0,1,1,6,6,2,22,5,1398,2,10,PEUGEOT 208,3,E01033355,0,-1
2023221299152,2023,221299152,3,9,0,2,2,0,0,9,9,2,0,0,0,0,4,1,5,6,2,62,9,1200,1,5,PEUGEOT 208,-1,-1,0,-1
2023340WN4312,2023,340WN4312,1,9,0,18,19,6,2,0,0,0,0,0,0,0,1,1,6,6,1,19,4,1200,1,8,PEUGEOT 208,3,E01028111,0,-1
2023991277213,2023,991277213,2,9,0,18,19,5,1,0,0,1,0,0,0,0,2,1,1,1,2,60,9,1398,2,10,PEUGEOT 208,-1,-1,0,-1
2023351338349,2023,351338349,1,9,0,18,19,1,3,7,6,0,0,0,3,0,1,1,5,6,2,21,5,1200,1,10,PEUGEOT 208,6,E01018281,0,-1
2023461338799,2023,461338799,1,9,0,17,19,3,1,0,0,1,0,0,0,0,1,1,6,6,1,46,8,1598,1,8,PEUGEOT 208,6,E01024285,0,-1
2023311337455,2023,311337455,1,9,0,5,5,1,5,0,0,0,0,0,0,0,1,1,6,6,1,74,10,1560,2,8,PEUGEOT 208,7,E01028290,0,-1
2023010438674,2023,010438674,3,9,0,3,3,1,5,9,9,6,0,0,0,0,1,1,6,6,2,34,6,1200,1,11,PEUGEOT 208,1,E01002074,0,-1
2023351390710,2023,351390710,2,9,0,17,19,3,7,0,0,0,0,0,0,0,1,1,5,6,1,60,9,-1,3,1,PEUGEOT 208,8,E01018152,0,-1
2023622300309,2023,622300309,1,9,0,12,12,4,8,0,0,0,0,0,0,0,0,1,6,6,1,51,8,1200,1,2,PEUGEOT 208,2,W01001750,0,-1
2023440091661,2023,440091661,2,9,0,18,19,5,1,0,0,1,0,0,0,0,3,1,6,6,2,45,7,1200,1,2,PEUGEOT 208,9,E01022778,0,-1
2023451352409,2023,451352409,2,9,0,18,19,5,1,9,9,1,0,0,0,0,1,1,2,2,2,21,5,1200,1,10,PEUGEOT 208,7,E01030943,0,-1
2023430366849,2023,430366849,1,9,0,18,19,4,8,0,0,0,0,0,0,0,1,1,6,6,1,19,4,1199,1,1,PEUGEOT 208,10,E01028460,0,-1
2023141379790,2023,141379790,1,9,0,12,12,8,4,0,0,0,0,0,0,0,1,1,6,6,1,34,6,1560,2,8,PEUGEOT 208,1,E01008065,0,-1
2023131334484,2023,131334484,1,9,0,4,4,1,5,0,0,0,0,0,0,0,2,1,6,6,1,62,9,1200,1,10,PEUGEOT 208,2,E01011251,0,-1
2023010474697,2023,010474697,1,9,5,18,19,1,5,0,0,0,0,0,0,0,1,1,6,6,1,28,6,1199,1,5,PEUGEOT 208,8,E01004170,0,-1
2023991380158,2023,991380158,1,9,0,13,13,3,6,0,0,1,5,0,7,0,1,1,6,6,2,70,10,1200,1,8,PEUGEOT 208,-1,-1,0,-1
2023332301247,2023,332301247,2,9,0,9,9,7,5,0,0,5,0,0,0,0,1,1,6,6,2,19,4,1200,1,10,PEUGEOT 208,5,E01001973,0,-1
202360A132686,2023,60A132686,1,9,0,4,4,2,6,0,0,1,0,0,0,0,1,1,6,6,1,65,9,1200,1,7,PEUGEOT 208,-1,-1,0,-1
2023101321226,2023,101321226,1,9,0,9,9,7,5,0,0,2,0,0,0,0,1,1,6,6,1,42,7,1200,1,9,PEUGEOT 208,-1,-1,0,-1
2023340WN0462,2023,340WN0462,1,9,0,9,9,4,2,0,0,8,0,0,0,0,1,1,6,6,2,39,7,1200,1,6,PEUGEOT 208,3,E01015744,0,-1
2023471358148,2023,471358148,1,9,0,18,19,3,7,0,0,0,1,0,1,0,1,1,5,6,1,20,4,1200,1,5,PEUGEOT 208,7,E01022795,0,-1
2023161309760,2023,161309760,2,9,0,7,7,7,1,0,0,0,0,4,1,0,2,1,6,6,1,73,10,1200,1,7,PEUGEOT 208,9,E01026402,0,-1
2023371378211,2023,371378211,1,9,0,5,5,7,3,0,0,2,0,0,0,0,3,1,6,6,1,58,9,1200,1,2,PEUGEOT 208,-1,-1,0,-1
2023041348207,2023,041348207,2,9,0,18,19,3,7,0,0,8,0,0,0,0,3,1,5,6,1,65,9,1200,1,7,PEUGEOT 208,2,E01012742,0,-1
2023010459932,2023,010459932,3,9,0,18,19,3,7,0,0,1,0,0,0,0,1,1,2,2,1,24,5,-1,3,1,PEUGEOT 208,-1,-1,0,-1
2023440074268,2023,440074268,1,9,0,7,7,3,5,0,0,8,0,0,0,0,3,1,2,2,2,60,9,1199,1,4,PEUGEOT 208,10,E01022553,0,-1
2023991330607,2023,991330607,1,9,0,13,13,2,6,0,0,0,0,0,0,0,4,1,5,6,1,70,10,1000,1,7,PEUGEOT 208,1,-1,0,-1
2023201385667,2023,201385667,2,9,0,9,9,6,4,0,0,6,0,0,0,0,4,1,5,6,2,64,9,1199,1,1,PEUGEOT 208,10,E01029483,0,-1
2023041343240,2023,041343240,3,9,0,2,2,3,7,0,0,5,0,0,0,0,1,1,6,6,3,-1,-1,1000,1,10,PEUGEOT 208,-1,-1,0,-1
2023141265494,2023,141265494,1,9,0,4,4,5,1,0,0,0,0,0,0,0,2,1,5,6,2,27,6,1200,1,10,PEUGEOT 208,4,E01004943,0,-1
2023010458971,2023,010458971,2,9,0,99,99,9,9,99,99,9,9,99,9,99,0,9,6,6,3,20,4,1200,1,11,PEUGEOT 208,2,E01003502,0,-1
2023010446076,2023,010446076,2,9,0,18,19,1,5,0,0,1,0,0,0,0,2,1,2,2,1,39,7,1200,1,6,PEUGEOT 208,2,E01003338,0,-1
2023010443757,2023,010443757,1,9,0,99,99,9,9,99,99,9,9,99,0,0,9,9,6,6,1,23,5,1199,1,1,PEUGEOT 208,2,E01004240,0,-1
2023061380649,2023,061380649,1,9,0,9,9,1,5,0,0,5,0,0,0,0,1,1,5,6,2,68,10,1200,1,3,PEUGEOT 208,3,E01005378,0,-1
2023311288443,2023,311288443,1,9,0,7,7,8,2,0,0,2,0,0,1,2,4,1,2,2,2,57,9,1200,1,9,PEUGEOT 208,5,E01028314,0,-1
2023991310258,2023,991310258,1,9,0,15,15,1,5,0,0,2,0,0,0,0,1,1,2,2,2,41,7,1200,1,3,PEUGEOT 208,6,-1,0,-1
2023440315547,2023,440315547,1,9,0,18,19,3,6,0,0,8,0,10,1,1,1,1,6,6,2,21,5,1200,1,2,PEUGEOT 208,10,E01022537,0,-1
2023302301487,2023,302301487,1,9,0,18,19,5,1,0,0,0,0,0,0,0,1,1,6,6,1,23,5,1200,1,10,PEUGEOT 208,1,E01019452,0,-1
2023201381711,2023,201381711,1,9,0,5,5,4,1,0,0,6,0,0,0,0,1,1,2,2,2,24,5,1200,1,2,PEUGEOT 208,7,E01031224,0,-1
2023131360813,2023,131360813,2,9,0,2,2,0,0,0,0,8,0,0,7,11,1,1,6,6,3,-1,-1,1200,1,11,PEUGEOT 208,-1,-1,0,-1
2023622301029,2023,622301029,1,9,0,18,19,4,8,0,0,3,0,0,0,0,1,1,6,6,2,21,5,1200,1,6,PEUGEOT 208,4,W01001233,0,-1
2023122300278,2023,122300278,1,9,0,18,19,4,8,0,0,0,0,0,0,0,1,1,6,6,1,78,11,1560,2,6,PEUGEOT 208,8,E01027586,0,-1
2023991343495,2023,991343495,3,9,0,2,2,0,0,0,0,0,0,0,0,0,1,1,6,6,3,-1,-1,1200,1,9,PEUGEOT 208,-1,-1,0,-1
2023302301964,2023,302301964,1,9,0,9,9,5,3,0,0,8,0,0,0,0,1,1,6,6,1,-1,-1,1398,2,11,PEUGEOT 208,-1,-1,0,-1
2023061325212,2023,061325212,2,9,0,3,3,1,5,0,0,0,0,0,0,0,2,1,5,6,2,45,7,1200,1,4,PEUGEOT 208,2,E01025051,0,-1
2023231320805,2023,231320805,2,9,0,18,19,2,6,0,0,8,0,0,0,0,4,1,5,6,1,18,4,1200,1,10,PEUGEOT 208,6,E01031084,0,-1
2023131290539,2023,131290539,3,9,0,2,2,5,1,0,0,0,0,0,0,0,2,1,6,6,1,24,5,1200,1,10,PEUGEOT 208,1,E01010739,0,-1
2023201336997,2023,201336997,1,9,0,5,5,8,4,0,0,1,0,0,0,0,3,1,6,6,2,41,7,1200,1,3,PEUGEOT 208,8,E01010192,0,-1
2023421324702,2023,421324702,2,9,0,18,19,7,3,0,0,0,0,0,0,0,1,1,5,6,1,20,4,1200,1,11,PEUGEOT 208,2,E01021486,0,-1
202354A524123,2023,54A524123,1,9,0,17,19,8,4,0,0,0,0,0,0,0,3,1,6,6,2,21,5,1398,2,11,PEUGEOT 208,8,E01032095,0,-1
2023131367762,2023,131367762,1,9,0,18,19,1,5,0,0,0,0,0,0,0,1,1,6,6,2,31,6,1200,1,9,PEUGEOT 208,2,E01010894,0,-1
2023061370896,2023,061370896,3,9,0,7,7,8,4,0,0,0,0,0,0,0,1,1,6,6,2,22,5,1199,1,4,PEUGEOT 208,5,E01005873,0,-1
2023461274022,2023,461274022,2,9,0,4,4,7,3,0,0,0,0,0,0,0,2,1,5,6,1,29,6,1200,1,10,PEUGEOT 208,5,E01016158,0,-1
2023131322295,2023,131322295,3,9,0,18,19,2,7,0,0,0,5,0,0,0,1,1,6,6,2,56,9,1200,1,1,PEUGEOT 208,5,E01010783,0,-1
2023201315254,2023,201315254,1,9,0,3,3,4,8,0,0,0,0,0,0,0,3,1,3,7,2,34,6,1199,1,1,PEUGEOT 208,1,E01010383,0,-1
2023010468176,2023,010468176,2,9,0,99,99,9,9,99,99,9,9,99,9,99,9,9,6,6,3,-1,-1,1200,1,6,PEUGEOT 208,-1,-1,0,-1
2023552300640,2023,552300640,2,9,0,18,19,8,4,0,0,8,0,0,0,0,1,1,2,2,1,56,9,1200,1,2,PEUGEOT 208,6,E01015366,0,-1
2023351305432,2023,351305432,2,9,0,18,19,6,2,0,0,8,0,0,1,9,1,1,3,7,2,26,6,1000,1,7,PEUGEOT 208,-1,-1,0,-1
2023010427332,2023,010427332,1,9,9,99,99,9,9,99,99,0,9,99,9,99,2,9,6,6,3,-1,-1,1598,1,11,PEUGEOT 208,-1,-1,0,-1
2023170S10303,2023,170S10303,2,9,0,18,19,7,3,0,0,8,0,0,0,0,1,1,6,6,2,-1,-1,1560,2,8,PEUGEOT 208,-1,-1,0,-1
2023520000316,2023,520000316,2,9,0,9,9,1,7,0,0,8,0,0,0,0,1,1,6,6,1,51,8,1200,1,10,PEUGEOT 208,2,E01014462,0,-1
2023501276784,2023,501276784,1,9,0,18,19,1,5,0,0,0,0,0,0,0,1,1,6,6,1,23,5,1560,2,11,PEUGEOT 208,-1,-1,0,-1
2023141378355,2023,141378355,1,9,0,7,7,7,1,0,0,1,0,0,0,0,3,1,6,6,2,22,5,1560,2,9,PEUGEOT 208,4,E01007584,0,-1
2023131348626,2023,131348626,1,9,0,4,4,7,7,0,0,0,1,0,0,0,4,1,5,6,2,46,8,1200,1,11,PEUGEOT 208,2,E01011237,0,-1
2023501329809,2023,501329809,1,9,0,18,19,6,3,0,0,0,2,0,1,0,1,1,6,6,2,32,6,1200,1,8,PEUGEOT 208,9,E01030757,0,-1
2023131275420,2023,131275420,1,9,0,9,9,5,1,0,0,0,0,0,7,0,4,1,5,6,2,30,6,1200,1,9,PEUGEOT 208,7,E01006063,0,-1
2023131310627,2023,131310627,2,9,0,-1,-1,-1,-1,-1,-1,0,-1,-1,-1,0,2,1,5,6,1,35,6,1560,2,8,PEUGEOT 208,8,E01011051,0,-1
2023461368466,2023,461368466,1,9,0,9,9,7,3,0,0,8,0,0,0,0,3,1,6,6,2,61,9,1200,1,10,PEUGEOT 208,2,E01024500,0,-1
2023311357454,2023,311357454,2,9,0,5,5,8,4,8,6,0,0,0,1,0,1,1,5,6,2,78,11,1200,1,7,PEUGEOT 208,3,E01033246,0,-1
2023451355487,2023,451355487,1,9,0,9,9,3,1,0,0,0,0,0,0,0,1,1,2,2,1,27,6,1200,1,11,PEUGEOT 208,3,E01023145,0,-1
2023332300503,2023,332300503,2,9,0,18,19,3,7,0,0,8,0,0,0,0,1,1,6,6,1,38,7,1200,1,8,PEUGEOT 208,9,E01025838,0,-1
2023332300726,2023,332300726,3,9,0,2,2,0,0,0,0,2,0,0,0,0,1,1,6,6,3,-1,-1,-1,3,3,PEUGEOT 208,-1,-1,0,-1
2023501313070,2023,501313070,2,9,0,3,3,8,4,0,0,0,0,0,0,0,2,1,5,6,2,72,10,1200,1,2,PEUGEOT 208,1,E01015261,0,-1
2023440021463,2023,440021463,2,9,0,18,19,1,5,0,0,0,0,0,0,0,1,1,2,2,1,51,8,1200,1,9,PEUGEOT 208,2,E01017149,0,-1
2023052301963,2023,052301963,2,9,0,18,19,5,1,0,0,8,0,0,0,0,1,1,6,6,2,26,6,1000,1,9,PEUGEOT 208,1,E01007275,0,-1
2023052301855,2023,052301855,3,9,0,3,3,5,1,0,0,4,0,0,0,0,1,1,6,6,2,81,11,1200,1,8,PEUGEOT 208,4,E01006620,0,-1
2023052300103,2023,052300103,1,9,0,7,7,3,5,0,0,0,0,0,0,0,1,1,6,6,1,20,4,1560,2,8,PEUGEOT 208,9,W01000407,0,-1
2023471360897,2023,471360897,1,9,0,18,19,6,1,0,0,4,0,0,0,0,1,1,6,6,3,-1,-1,1498,2,4,PEUGEOT 208,-1,-1,0,-1
2023302300087,2023,302300087,2,9,0,18,19,4,8,0,0,0,0,0,0,0,1,1,6,6,1,38,7,1398,2,11,PEUGEOT 208,1,E01013475,0,-1
2023041329297,2023,041329297,1,9,0,7,7,7,1,0,0,1,0,0,0,0,1,1,5,6,1,72,10,1398,2,11,PEUGEOT 208,5,E01025212,0,-1
2023351287563,2023,351287563,1,9,0,18,19,6,2,0,0,1,0,0,0,0,1,1,6,6,2,24,5,1199,1,1,PEUGEOT 208,10,E01018235,0,-1
2023411337807,2023,411337807,2,9,0,4,4,5,1,0,0,1,0,0,0,0,2,1,5,6,1,52,8,1200,1,8,PEUGEOT 208,5,E01023796,0,-1
2023501386861,2023,501386861,1,9,0,9,9,3,1,0,0,0,0,0,0,0,3,1,5,6,2,80,11,1199,1,0,PEUGEOT 208,10,E01015033,0,-1
2023010429494,2023,010429494,1,9,0,18,19,1,5,0,0,2,9,99,9,99,2,9,6,6,1,53,8,1200,1,8,PEUGEOT 208,1,E01024155,0,-1
2023141279002,2023,141279002,1,9,0,18,19,7,3,0,0,0,0,4,0,0,4,1,2,2,1,34,6,-1,3,1,PEUGEOT 208,5,E01033262,0,-1
2023320589206,2023,320589206,1,9,0,18,19,4,8,0,0,1,0,4,0,0,1,1,6,6,3,-1,-1,1000,1,8,PEUGEOT 208,-1,-1,0,-1