collision_index,collision_year,collision_ref_no,vehicle_reference,vehicle_type,towing_and_articulation,vehicle_manoeuvre_historic,vehicle_manoeuvre,vehicle_direction_from,vehicle_direction_to,vehicle_location_restricted_lane_historic,vehicle_location_restricted_lane,junction_location,skidding_and_overturning,hit_object_in_carriageway,vehicle_leaving_carriageway,hit_object_off_carriageway,first_point_of_impact,vehicle_left_hand_drive,journey_purpose_of_driver_historic,journey_purpose_of_driver,sex_of_driver,age_of_driver,age_band_of_driver,engine_capacity_cc,propulsion_code,age_of_vehicle,generic_make_model,driver_imd_decile,lsoa_of_driver,escooter_flag,driver_distance_banding
2023052300795,2023,052300795,2,9,0,9,9,3,1,0,0,8,0,0,0,0,3,1,6,6,1,20,4,1200,1,2,PEUGEOT 208,2,E01007249,0,-1
2023461380100,2023,461380100,1,9,0,4,4,1,2,0,0,1,0,0,0,0,4,1,5,6,2,59,9,1199,1,5,PEUGEOT 208,3,E01024656,0,-1
2023501263100,2023,501263100,1,9,0,-1,-1,-1,-1,-1,-1,0,-1,-1,-1,0,1,1,6,6,1,38,7,1560,2,8,PEUGEOT 208,5,E01020208,0,-1
2023311377869,2023,311377869,1,9,0,2,2,3,7,0,0,1,0,0,0,0,4,1,6,6,2,42,7,1199,1,0,PEUGEOT 208,-1,-1,0,-1
2023101381574,2023,101381574,1,9,0,18,19,5,8,0,0,3,0,0,0,0,1,1,5,6,2,19,4,1200,1,9,PEUGEOT 208,7,E01008876,0,-1
2023302300072,2023,302300072,1,9,0,18,19,8,4,0,0,1,0,0,0,0,2,1,6,6,2,25,5,1200,1,6,PEUGEOT 208,4,E01019573,0,-1
2023061373546,2023,061373546,2,9,0,18,19,5,1,0,0,0,0,0,0,0,2,1,5,6,1,33,6,1200,1,3,PEUGEOT 208,4,E01005895,0,-1
2023052300862,2023,052300862,1,9,0,18,19,5,1,0,0,0,0,0,0,0,1,1,6,6,1,29,6,1200,1,7,PEUGEOT 208,5,E01007235,0,-1
2023201300976,2023,201300976,2,9,0,9,9,4,2,0,0,5,0,0,0,0,3,1,6,6,3,46,8,1200,1,7,PEUGEOT 208,4,E01009824,0,-1
2023302300357,2023,302300357,2,9,0,3,3,4,8,0,0,0,0,0,0,0,2,1,6,6,1,60,9,1000,1,10,PEUGEOT 208,1,E01008022,0,-1
2023170S11593,2023,170S11593,1,9,0,9,9,7,5,0,0,8,0,0,0,0,1,1,6,6,1,35,6,1398,2,10,PEUGEOT 208,5,E01012219,0,-1
2023131331265,2023,131331265,1,9,0,18,19,1,5,0,0,0,5,0,0,0,4,1,6,6,2,23,5,1398,2,10,PEUGEOT 208,10,E01011570,0,-1
2023440487991,2023,440487991,1,9,0,9,9,8,5,0,0,6,0,0,0,0,1,1,2,2,1,33,6,1398,2,11,PEUGEOT 208,8,E01015448,0,-1
2023430023750,2023,430023750,1,9,0,16,19,1,4,0,0,0,1,0,0,0,1,1,6,6,2,17,4,1200,1,6,PEUGEOT 208,10,E01016270,0,-1
2023041350442,2023,041350442,1,9,0,18,19,1,5,0,0,7,0,0,1,0,1,1,5,6,1,61,9,1200,1,6,PEUGEOT 208,2,E01025059,0,-1
2023101364769,2023,101364769,2,9,0,3,3,3,7,0,0,0,0,0,0,0,2,1,5,6,1,28,6,1200,1,2,PEUGEOT 208,3,E01008683,0,-1
2023411264784,2023,411264784,3,9,0,18,19,-1,-1,0,0,0,0,0,0,0,2,1,6,6,2,22,5,1200,1,10,PEUGEOT 208,10,E01023562,0,-1
2023131373757,2023,131373757,1,9,0,18,19,2,6,0,0,8,0,0,0,0,1,2,6,6,3,-1,-1,1200,1,10,PEUGEOT 208,-1,-1,0,-1
2023061342657,2023,061342657,1,9,0,9,9,3,8,0,0,8,0,0,0,0,3,1,6,6,3,30,6,1598,1,9,PEUGEOT 208,-1,-1,0,-1
2023991388395,2023,991388395,2,9,0,18,19,6,2,0,0,1,0,0,0,0,1,1,5,6,2,26,6,1200,1,3,PEUGEOT 208,-1,-1,0,-1
2023010467549,2023,010467549,2,9,9,99,99,9,9,99,99,9,9,99,9,99,9,1,6,6,3,-1,-1,1199,1,0,PEUGEOT 208,-1,-1,0,-1
2023320786219,2023,320786219,1,9,0,18,19,8,4,0,0,0,5,0,1,4,1,1,6,6,1,-1,-1,1200,1,6,PEUGEOT 208,-1,-1,0,-1
2023221379152,2023,221379152,1,9,0,9,9,3,1,0,0,6,0,0,1,11,3,1,6,6,2,26,6,1199,1,5,PEUGEOT 208,10,E01033061,0,-1
2023311318098,2023,311318098,1,9,0,18,19,2,6,0,0,8,0,0,7,9,1,1,6,6,1,-1,-1,1200,1,9,PEUGEOT 208,-1,-1,0,-1
2023430575746,2023,430575746,1,9,0,16,19,2,5,0,0,0,0,0,1,9,1,1,1,1,1,31,6,1200,1,7,PEUGEOT 208,9,E01028751,0,-1
2023622300773,2023,622300773,2,9,0,2,2,0,0,0,0,2,0,0,0,0,2,1,6,6,3,-1,-1,1560,2,9,PEUGEOT 208,-1,-1,0,-1
2023461356521,2023,461356521,1,9,0,18,19,2,6,0,0,0,0,0,0,0,4,1,6,6,1,44,7,1200,1,8,PEUGEOT 208,2,E01024677,0,-1
2023522300731,2023,522300731,1,9,0,9,9,8,6,0,0,5,0,0,0,0,3,1,6,6,1,40,7,1560,2,9,PEUGEOT 208,4,E01014645,0,-1
2023501382582,2023,501382582,1,9,0,18,19,3,7,0,0,1,0,0,0,0,1,1,6,6,2,30,6,1560,2,7,PEUGEOT 208,1,E01015058,0,-1
2023041350078,2023,041350078,2,9,0,18,19,3,7,0,0,8,0,0,0,0,4,1,5,6,2,31,6,1200,1,9,PEUGEOT 208,6,E01024859,0,-1
2023201281646,2023,201281646,2,9,0,2,2,0,0,0,0,0,0,0,0,0,3,1,6,6,3,-1,-1,1200,1,2,PEUGEOT 208,-1,-1,0,-1
2023371387446,2023,371387446,3,9,0,4,4,1,5,0,0,1,0,0,0,0,1,1,5,6,2,57,9,1200,1,4,PEUGEOT 208,-1,-1,0,-1
2023010464122,2023,010464122,2,9,0,2,2,0,0,9,9,0,1,0,1,0,2,1,6,6,3,-1,-1,1200,1,8,PEUGEOT 208,-1,-1,0,-1
2023010476800,2023,010476800,1,9,0,18,19,3,7,0,0,1,5,4,0,0,4,1,6,6,2,69,10,1200,1,7,PEUGEOT 208,7,E01003039,0,-1
2023461325987,2023,461325987,1,9,0,4,4,5,1,0,0,1,0,0,0,0,3,1,3,7,1,38,7,1200,1,10,PEUGEOT 208,2,E01016018,0,-1
2023991334049,2023,991334049,2,9,0,18,19,1,5,0,0,8,0,0,0,0,1,1,6,6,2,54,8,1200,1,3,PEUGEOT 208,4,-1,0,-1
2023010481623,2023,010481623,3,9,0,2,2,0,0,0,0,0,0,4,0,0,1,1,6,6,3,-1,-1,1199,1,4,PEUGEOT 208,-1,-1,0,-1
202360A094737,2023,60A094737,1,9,0,18,19,1,5,0,0,8,0,0,0,0,1,1,2,2,2,20,4,1200,1,6,PEUGEOT 208,-1,-1,0,-1
2023430254557,2023,430254557,1,9,0,8,8,2,5,0,0,1,0,0,0,0,2,1,6,6,1,63,9,1200,1,7,PEUGEOT 208,8,E01016298,0,-1
2023221359179,2023,221359179,1,9,0,5,5,1,4,0,0,4,0,0,0,0,1,1,1,1,1,28,6,1200,1,7,PEUGEOT 208,6,E01032266,0,-1
2023622300303,2023,622300303,2,9,0,18,19,4,8,0,0,8,0,0,0,0,1,1,6,6,1,26,6,1560,2,7,PEUGEOT 208,2,W01001064,0,-1
2023141349764,2023,141349764,1,9,0,5,5,4,6,0,0,0,0,0,0,0,1,1,5,6,2,20,4,1200,1,6,PEUGEOT 208,3,E01007337,0,-1
2023010471589,2023,010471589,1,9,0,5,5,5,1,0,0,2,0,0,0,0,3,1,6,6,2,22,5,1200,1,7,PEUGEOT 208,2,E01002505,0,-1
2023010447850,2023,010447850,1,9,0,5,5,5,1,0,0,0,0,0,0,0,1,1,6,6,1,25,5,1199,1,2,PEUGEOT 208,1,E01002748,0,-1
2023311329693,2023,311329693,2,9,0,2,2,5,1,0,0,0,0,0,0,0,4,1,5,6,1,31,6,1199,1,4,PEUGEOT 208,6,E01028037,0,-1
2023451364177,2023,451364177,3,9,0,3,3,7,3,0,0,1,0,0,0,0,1,1,2,2,2,35,6,1200,1,6,PEUGEOT 208,9,E01030605,0,-1
2023371392029,2023,371392029,1,9,0,9,9,5,1,0,0,6,0,0,0,0,4,1,6,6,1,17,4,1200,1,11,PEUGEOT 208,6,E01030120,0,-1
2023461277355,2023,461277355,1,9,0,18,19,3,7,0,0,1,0,0,1,10,1,1,6,6,1,36,7,1398,2,11,PEUGEOT 208,8,E01024089,0,-1
2023461286707,2023,461286707,1,9,0,9,9,1,7,0,0,8,0,0,0,0,1,1,6,6,1,21,5,1398,2,10,PEUGEOT 208,4,E01024048,0,-1
2023131385761,2023,131385761,1,9,0,18,19,3,7,0,0,2,0,0,0,0,3,1,5,6,2,54,8,1199,1,4,PEUGEOT 208,1,E01011326,0,-1
2023421281994,2023,421281994,2,9,0,2,2,5,1,0,0,0,0,0,0,0,2,1,5,6,1,17,4,1499,2,1,PEUGEOT 208,1,E01021325,0,-1
2023111390140,2023,111390140,2,9,0,5,5,3,7,0,0,4,0,0,0,0,1,1,3,7,1,46,8,-1,3,2,PEUGEOT 208,6,E01020794,0,-1
2023161282727,2023,161282727,1,9,0,18,19,2,6,0,0,8,0,0,0,0,1,1,5,6,1,59,9,1560,2,8,PEUGEOT 208,1,E01013203,0,-1
2023311359981,2023,311359981,6,9,0,2,2,0,0,0,0,0,1,0,0,0,1,1,6,6,3,-1,-1,-1,3,2,PEUGEOT 208,-1,-1,0,-1
2023520300782,2023,520300782,1,9,0,18,19,3,7,0,0,0,0,0,0,0,1,1,6,6,1,27,6,1398,2,11,PEUGEOT 208,3,W01001748,0,-1
2023421382637,2023,421382637,2,9,0,18,19,3,6,0,0,1,1,0,1,4,1,1,6,6,1,41,7,1560,2,8,PEUGEOT 208,9,E01029872,0,-1
2023302301089,2023,302301089,2,9,0,4,4,4,8,0,0,0,0,0,0,0,2,1,6,6,2,26,6,1200,1,9,PEUGEOT 208,1,E01007734,0,-1
202360A078995,2023,60A078995,1,9,0,18,19,4,8,0,0,1,0,7,1,1,4,1,6,6,1,72,10,1200,1,10,PEUGEOT 208,-1,-1,0,-1
2023302300621,2023,302300621,1,9,0,18,19,3,8,0,0,1,0,4,1,0,4,1,6,6,1,-1,-1,1560,2,8,PEUGEOT 208,6,E01019545,0,-1
2023340WN6002,2023,340WN6002,2,9,0,18,19,8,4,0,0,0,0,0,0,0,1,1,6,6,2,64,9,1398,2,10,PEUGEOT 208,8,E01009536,0,-1
2023401331772,2023,401331772,2,9,0,3,3,4,2,0,0,0,0,0,0,0,2,1,5,6,1,32,6,1200,1,8,PEUGEOT 208,4,E01024231,0,-1
2023141379229,2023,141379229,2,9,0,2,2,0,0,0,0,0,0,0,0,0,2,1,6,6,3,-1,-1,1398,2,10,PEUGEOT 208,-1,-1,0,-1
2023101391689,2023,101391689,3,9,0,8,8,4,6,0,0,8,0,0,0,0,3,1,6,6,2,38,7,1560,2,7,PEUGEOT 208,3,E01008217,0,-1
2023131296483,2023,131296483,1,9,0,18,19,1,5,0,0,2,0,0,0,0,1,1,2,2,1,48,8,-1,3,2,PEUGEOT 208,10,E01011266,0,-1
2023411280008,2023,411280008,1,9,0,17,19,3,7,0,0,8,0,0,0,0,1,1,2,2,2,28,6,1200,1,7,PEUGEOT 208,6,E01023754,0,-1
2023231306322,2023,231306322,2,9,0,18,19,5,1,0,0,8,0,0,0,0,4,1,6,6,1,74,10,1200,1,8,PEUGEOT 208,8,E01013712,0,-1
2023061350832,2023,061350832,2,9,0,2,2,3,7,0,0,2,0,0,0,0,2,1,5,6,1,35,6,1200,1,3,PEUGEOT 208,3,E01006106,0,-1
2023161278987,2023,161278987,1,9,0,18,19,3,7,0,0,1,0,0,0,0,1,1,5,6,1,70,10,1199,1,1,PEUGEOT 208,9,E01028121,0,-1
2023451391608,2023,451391608,1,9,0,18,19,3,7,0,0,0,0,0,0,0,1,1,2,2,1,60,9,1498,2,4,PEUGEOT 208,4,E01023122,0,-1
2023131283242,2023,131283242,1,9,0,5,5,3,5,0,0,8,0,0,0,0,1,1,5,6,1,58,9,1200,1,1,PEUGEOT 208,4,E01011823,0,-1
2023421354379,2023,421354379,1,9,0,18,19,3,7,0,0,4,0,0,0,0,1,1,6,6,2,57,9,1200,1,6,PEUGEOT 208,3,E01015924,0,-1
2023141338688,2023,141338688,2,9,0,18,19,6,2,0,0,0,0,0,0,0,1,1,6,6,2,37,7,1200,1,8,PEUGEOT 208,3,E01011786,0,-1
2023421271112,2023,421271112,1,9,0,18,19,1,1,0,0,0,0,0,0,0,1,1,2,2,2,38,7,1397,1,10,PEUGEOT 208,-1,-1,0,-1
2023552300492,2023,552300492,1,9,0,18,19,2,6,0,0,0,0,0,0,0,1,1,2,2,1,41,7,-1,3,1,PEUGEOT 208,10,E01020383,0,-1
2023991291488,2023,991291488,3,9,0,18,19,3,7,0,0,0,0,0,7,0,2,1,6,6,1,24,5,1200,1,7,PEUGEOT 208,-1,-1,0,-1
2023522300614,2023,522300614,1,9,0,18,19,1,5,0,0,0,1,0,0,0,2,1,6,6,2,42,7,1000,1,8,PEUGEOT 208,10,E01014966,0,-1
2023170L10923,2023,170L10923,2,9,0,18,19,2,6,0,0,0,0,0,0,0,1,1,6,6,2,63,9,1200,1,1,PEUGEOT 208,8,E01012163,0,-1
2023361337628,2023,361337628,2,9,0,12,12,5,3,0,0,3,0,0,0,0,4,1,5,6,2,22,5,1200,1,9,PEUGEOT 208,3,E01026630,0,-1
2023622300327,2023,622300327,1,9,0,17,19,7,3,0,0,8,0,7,0,0,1,1,6,6,2,20,4,1000,1,10,PEUGEOT 208,6,W01001472,0,-1
2023351343154,2023,351343154,2,9,0,18,19,5,1,0,0,1,0,0,0,0,1,1,6,6,1,59,9,1199,1,4,PEUGEOT 208,7,E01018057,0,-1
2023010481656,2023,010481656,1,9,0,18,19,7,3,0,0,0,5,4,0,0,1,1,6,6,2,18,4,1000,1,9,PEUGEOT 208,7,E01002998,0,-1
2023201391677,2023,201391677,1,9,0,7,7,8,2,0,0,5,0,0,0,0,1,1,1,1,2,38,7,1200,1,2,PEUGEOT 208,5,E01009108,0,-1
2023401335930,2023,401335930,2,9,0,9,9,3,7,0,0,0,0,0,7,0,3,1,6,6,2,19,4,1200,1,8,PEUGEOT 208,4,E01015756,0,-1
2023010427699,2023,010427699,2,9,0,99,99,9,9,99,99,9,9,99,9,99,2,9,6,6,2,30,6,1200,1,10,PEUGEOT 208,5,E01002212,0,-1
2023311366824,2023,311366824,3,9,0,18,19,1,6,0,0,0,1,0,1,0,1,1,2,2,1,33,6,1000,1,8,PEUGEOT 208,2,E01028284,0,-1
2023201405447,2023,201405447,3,9,0,18,19,2,6,0,0,8,0,0,0,0,3,1,1,1,2,19,4,1200,1,11,PEUGEOT 208,2,E01009753,0,-1
2023421366711,2023,421366711,2,9,0,18,19,2,6,0,0,0,0,0,5,6,1,1,6,6,2,31,6,1200,1,7,PEUGEOT 208,9,E01030768,0,-1
2023131357712,2023,131357712,1,9,0,18,19,3,7,0,0,0,0,0,0,0,1,1,5,6,1,60,9,1200,1,9,PEUGEOT 208,1,E01011336,0,-1
2023221342561,2023,221342561,2,9,0,8,8,2,4,0,0,1,0,0,0,0,2,1,5,6,2,30,6,1598,1,10,PEUGEOT 208,3,E01014156,0,-1
2023010425754,2023,010425754,1,9,0,99,99,9,9,99,99,9,9,99,9,99,9,9,6,6,2,28,6,1200,1,8,PEUGEOT 208,3,E01002564,0,-1
2023531288200,2023,531288200,1,9,0,15,15,5,1,0,0,0,0,0,0,0,1,1,5,6,1,25,5,1598,1,6,PEUGEOT 208,7,E01028921,0,-1
2023552301018,2023,552301018,2,9,0,18,19,4,8,0,0,1,0,0,0,0,2,1,6,6,2,26,6,1200,1,10,PEUGEOT 208,8,E01020477,0,-1
2023371393323,2023,371393323,1,9,0,18,19,6,2,0,0,0,0,0,0,0,1,1,6,6,1,91,11,1200,1,5,PEUGEOT 208,8,E01030293,0,-1
2023131452717,2023,131452717,1,9,0,9,9,6,2,0,0,8,0,0,0,0,1,1,2,2,1,32,6,1200,1,10,PEUGEOT 208,2,E01011166,0,-1
2023201300515,2023,201300515,1,9,0,5,5,5,4,0,0,6,0,0,0,0,3,1,6,6,2,59,9,1498,2,5,PEUGEOT 208,2,E01009161,0,-1
2023031283123,2023,031283123,2,9,0,18,19,3,7,0,0,8,0,0,0,0,4,1,6,6,2,22,5,1398,2,10,PEUGEOT 208,1,E01019140,0,-1
2023440470935,2023,440470935,1,9,0,18,19,6,2,0,0,1,0,0,0,0,1,1,2,2,2,24,5,1200,1,6,PEUGEOT 208,7,E01023206,0,-1
2023010472691,2023,010472691,2,9,0,99,99,9,9,99,99,5,9,99,9,99,1,9,6,6,3,-1,-1,1200,1,8,PEUGEOT 208,2,E01004460,0,-1
2023991305088,2023,991305088,1,9,0,9,9,1,6,0,0,1,0,0,0,0,1,1,5,6,2,64,9,1000,1,10,PEUGEOT 208,1,E01011316,0,-1
2023111310235,2023,111310235,2,9,0,18,19,3,8,0,0,0,0,0,2,0,4,1,3,7,2,30,6,1200,1,11,PEUGEOT 208,2,E01012314,0,-1
2023991283648,2023,991283648,2,9,0,18,19,2,6,0,0,1,0,0,0,0,1,1,3,7,2,39,7,1200,1,8,PEUGEOT 208,4,-1,0,-1
2023351305616,2023,351305616,1,9,0,13,13,4,8,0,0,8,0,0,0,0,1,1,5,6,1,23,5,1200,1,1,PEUGEOT 208,7,E01018294,0,-1
2023201317553,2023,201317553,3,9,0,2,2,0,0,0,0,0,0,0,0,0,1,1,6,6,1,48,8,1200,1,10,PEUGEOT 208,1,E01008896,0,-1
2023122300887,2023,122300887,2,9,0,2,2,0,0,0,0,0,0,0,0,0,2,1,6,6,3,-1,-1,1200,1,10,PEUGEOT 208,-1,-1,0,-1
2023131278019,2023,131278019,1,9,0,18,19,3,7,0,0,0,0,0,0,0,1,1,5,6,2,45,7,-1,3,2,PEUGEOT 208,8,E01010997,0,-1
2023531316884,2023,531316884,1,9,0,18,19,1,5,0,0,8,0,0,0,0,4,1,5,6,2,21,5,1200,1,10,PEUGEOT 208,7,E01022449,0,-1
2023061342724,2023,061342724,2,9,0,7,7,3,1,0,0,1,0,0,0,0,3,1,2,2,2,52,8,1200,1,8,PEUGEOT 208,3,E01005506,0,-1
2023161302356,2023,161302356,1,9,0,18,19,8,4,0,0,1,0,0,0,0,1,1,5,6,1,90,11,1200,1,6,PEUGEOT 208,7,E01027809,0,-1
2023548473923,2023,548473923,2,9,0,18,19,7,3,0,0,1,0,0,0,0,1,1,6,6,2,29,6,1200,1,8,PEUGEOT 208,6,E01006773,0,-1
2023010455350,2023,010455350,2,9,0,9,9,1,7,0,0,8,0,0,0,0,1,1,2,2,2,70,10,1200,1,7,PEUGEOT 208,5,E01001095,0,-1
2023052301761,2023,052301761,1,9,0,18,19,3,7,0,0,0,1,0,0,0,1,1,6,6,2,43,7,1200,1,8,PEUGEOT 208,7,E01007198,0,-1
2023430518149,2023,430518149,1,9,0,18,19,2,6,0,0,8,0,0,0,0,1,1,6,6,2,40,7,1398,2,10,PEUGEOT 208,6,E01028813,0,-1
2023041288028,2023,041288028,3,9,0,18,19,8,2,0,0,1,0,0,0,0,3,1,5,6,1,21,5,1200,1,10,PEUGEOT 208,2,E01024910,0,-1
2023520300869,2023,520300869,1,9,0,3,3,1,5,0,0,0,0,0,0,0,1,1,6,6,2,27,6,1200,1,7,PEUGEOT 208,10,E01029254,0,-1
2023371354171,2023,371354171,1,9,0,5,5,7,8,0,0,8,0,0,0,0,1,1,2,2,1,34,6,1398,2,11,PEUGEOT 208,7,E01029974,0,-1
2023622300051,2023,622300051,2,9,0,18,19,4,8,0,0,8,0,0,0,0,1,1,2,2,1,56,9,1200,1,3,PEUGEOT 208,3,W01001286,0,-1
2023991377845,2023,991377845,2,9,0,7,7,1,4,0,0,2,0,0,0,0,1,1,5,6,1,60,9,1200,1,1,PEUGEOT 208,3,-1,0,-1
2023501304121,2023,501304121,1,9,0,17,19,8,4,0,0,8,0,0,0,0,1,1,1,1,2,61,9,1199,1,0,PEUGEOT 208,3,E01018809,0,-1
2023141352587,2023,141352587,2,9,0,18,19,7,3,0,0,0,0,0,0,0,1,1,5,6,2,79,11,1200,1,7,PEUGEOT 208,5,E01007996,0,-1
2023461375136,2023,461375136,1,9,0,18,19,1,5,0,0,0,2,10,8,0,1,1,5,6,2,41,7,1199,1,0,PEUGEOT 208,2,E01024020,0,-1
2023461301404,2023,461301404,1,9,-1,-1,-1,-1,-1,-1,-1,0,-1,-1,-1,0,-1,1,6,6,1,33,6,1200,1,6,PEUGEOT 208,6,E01024363,0,-1
2023052300996,2023,052300996,2,9,0,4,4,3,7,0,0,0,0,0,0,0,2,1,6,6,3,-1,-1,1200,1,1,PEUGEOT 208,-1,-1,0,-1
2023631349742,2023,631349742,1,9,0,18,19,5,1,0,0,0,5,0,1,9,1,1,6,6,1,30,6,1199,1,6,PEUGEOT 208,5,W01000518,0,-1
2023430137998,2023,430137998,2,9,0,18,19,3,7,0,0,0,0,0,0,0,1,1,6,6,2,57,9,1398,2,10,PEUGEOT 208,8,E01016808,0,-1
2023501317860,2023,501317860,2,9,0,9,9,7,3,0,0,0,0,0,0,0,4,1,5,6,1,79,11,1200,1,4,PEUGEOT 208,9,E01019017,0,-1
2023041317460,2023,041317460,3,9,0,4,4,7,3,0,0,0,0,0,0,0,2,1,1,1,2,19,4,1560,2,8,PEUGEOT 208,6,E01025401,0,-1
2023302301972,2023,302301972,2,9,0,18,19,6,8,0,0,0,1,0,1,4,2,1,6,6,1,60,9,1200,1,3,PEUGEOT 208,4,E01018647,0,-1
2023471284643,2023,471284643,2,9,0,3,3,6,2,0,0,0,0,0,0,0,0,1,3,7,2,42,7,1200,1,9,PEUGEOT 208,2,E01016918,0,-1
2023052300952,2023,052300952,2,9,0,2,2,0,0,0,0,0,0,0,0,0,3,1,6,6,1,-1,-1,1397,1,11,PEUGEOT 208,1,E01006412,0,-1
2023122300777,2023,122300777,1,9,0,18,19,7,3,0,0,0,0,0,0,0,1,1,1,1,2,54,8,1200,1,8,PEUGEOT 208,4,E01025065,0,-1
2023231260945,2023,231260945,2,9,0,18,19,4,7,0,0,8,5,0,0,0,4,1,6,6,2,31,6,1200,1,6,PEUGEOT 208,3,E01031174,0,-1
2023131345996,2023,131345996,1,9,0,9,9,1,3,0,0,6,0,0,0,0,1,1,6,6,2,77,11,1199,1,0,PEUGEOT 208,8,E01011091,0,-1
2023161350457,2023,161350457,1,9,0,18,19,8,4,0,0,8,0,0,0,0,1,1,6,6,2,-1,-1,1199,1,4,PEUGEOT 208,7,E01013145,0,-1
2023201418538,2023,201418538,1,9,0,5,5,5,3,0,0,6,0,0,0,0,1,1,6,6,2,23,5,1397,1,11,PEUGEOT 208,2,E01010448,0,-1
2023010442687,2023,010442687,2,9,0,2,2,0,0,0,0,0,0,0,0,0,1,1,6,6,3,-1,-1,1598,1,8,PEUGEOT 208,-1,-1,0,-1
2023061330137,2023,061330137,2,9,0,4,4,4,8,0,0,1,0,0,0,0,2,1,2,2,2,35,6,1200,1,4,PEUGEOT 208,4,E01004943,0,-1
2023201275452,2023,201275452,3,9,0,18,19,4,8,0,0,1,0,0,0,0,1,1,6,6,2,74,10,1200,1,4,PEUGEOT 208,8,E01029616,0,-1
2023430548420,2023,430548420,1,9,0,18,19,2,6,0,0,0,0,0,0,0,1,1,2,2,1,55,8,1398,2,11,PEUGEOT 208,7,E01028438,0,-1
2023231347119,2023,231347119,2,9,0,18,19,8,4,0,0,0,0,0,0,0,2,1,5,6,2,24,5,1397,1,11,PEUGEOT 208,4,E01031109,0,-1
2023131307694,2023,131307694,2,9,0,18,19,4,4,0,0,1,0,0,0,0,1,1,5,6,2,26,6,1200,1,3,PEUGEOT 208,1,E01010880,0,-1
2023161272569,2023,161272569,1,9,0,17,19,5,2,0,0,0,5,0,2,4,1,1,6,6,1,37,7,1598,1,10,PEUGEOT 208,8,E01013305,0,-1
2023520400397,2023,520400397,2,9,0,4,4,5,1,0,0,0,0,0,0,0,2,1,6,6,2,55,8,1200,1,10,PEUGEOT 208,5,E01029047,0,-1
2023622300368,2023,622300368,1,9,0,18,19,6,2,0,0,0,0,0,0,0,1,1,6,6,2,66,10,1200,1,1,PEUGEOT 208,5,W01001038,0,-1
2023320582189,2023,320582189,1,9,0,18,19,7,3,0,0,0,0,4,0,0,1,1,6,6,1,42,7,1199,1,1,PEUGEOT 208,3,E01021639,0,-1
2023010458578,2023,010458578,1,9,0,18,19,5,1,0,0,2,0,0,0,0,1,1,6,6,1,69,10,-1,3,1,PEUGEOT 208,9,E01002539,0,-1
2023440205533,2023,440205533,2,9,0,4,4,7,3,0,0,1,0,0,0,0,2,1,6,6,1,17,4,1200,1,2,PEUGEOT 208,10,E01022625,0,-1
2023991334139,2023,991334139,2,9,0,18,19,3,7,0,0,1,0,0,0,0,4,1,2,2,2,24,5,1498,2,4,PEUGEOT 208,8,-1,0,-1
2023061289265,2023,061289265,2,9,0,18,19,3,7,0,0,8,0,0,0,0,3,1,6,6,2,27,6,1200,1,9,PEUGEOT 208,2,E01006333,0,-1
2023332300021,2023,332300021,1,9,0,18,19,1,5,0,0,0,0,0,0,0,4,1,2,2,1,29,6,1200,1,8,PEUGEOT 208,7,E01025855,0,-1
2023991274432,2023,991274432,1,9,0,18,19,7,3,0,0,8,0,0,0,0,1,1,1,1,1,36,7,-1,3,1,PEUGEOT 208,3,-1,0,-1
2023231349196,2023,231349196,1,9,0,18,19,3,7,0,0,0,5,0,1,9,1,1,6,6,1,24,5,1200,1,3,PEUGEOT 208,-1,-1,0,-1
2023440251919,2023,440251919,3,9,0,4,4,4,8,0,0,1,0,0,0,0,1,1,6,6,2,26,6,1200,1,11,PEUGEOT 208,5,E01022937,0,-1
202354C024123,2023,54C024123,1,9,0,18,19,6,2,0,0,0,0,10,0,0,1,1,6,6,2,55,8,1200,1,6,PEUGEOT 208,9,E01015471,0,-1
2023421363663,2023,421363663,1,9,0,18,19,4,8,0,0,0,0,0,0,0,1,1,2,2,2,21,5,1200,1,7,PEUGEOT 208,4,E01021360,0,-1
2023122300185,2023,122300185,1,9,0,9,9,1,7,0,0,2,0,0,1,0,3,1,6,6,2,19,4,1200,1,7,PEUGEOT 208,10,E01013436,0,-1
2023552301307,2023,552301307,1,9,0,18,19,8,4,0,0,8,0,0,1,11,1,1,6,6,1,48,8,1199,1,1,PEUGEOT 208,6,E01015383,0,-1
2023041292806,2023,041292806,1,9,0,18,19,5,1,9,9,1,0,4,7,0,1,1,5,6,2,-1,-1,1200,1,1,PEUGEOT 208,9,E01025512,0,-1
2023531425100,2023,531425100,2,9,0,18,19,5,1,0,0,3,0,0,0,0,3,1,5,6,2,17,4,1560,2,5,PEUGEOT 208,8,E01022412,0,-1
2023440522633,2023,440522633,1,9,0,17,19,6,2,0,0,1,0,0,7,4,1,1,6,6,2,17,4,1200,1,8,PEUGEOT 208,7,E01016297,0,-1
2023052301684,2023,052301684,1,9,0,10,10,1,5,0,0,8,0,0,0,0,1,1,6,6,1,24,5,1398,2,8,PEUGEOT 208,1,E01006720,0,-1
2023430354809,2023,430354809,1,9,0,18,19,5,1,0,0,0,0,0,0,0,3,1,6,6,2,70,10,-1,3,1,PEUGEOT 208,7,E01017608,0,-1
2023361354399,2023,361354399,1,9,0,18,19,2,8,0,0,1,0,0,0,0,4,1,5,6,2,84,11,1199,1,5,PEUGEOT 208,4,E01026804,0,-1
2023991392355,2023,991392355,1,9,0,18,19,6,2,0,0,0,0,0,0,0,1,1,6,6,2,18,4,1200,1,8,PEUGEOT 208,9,-1,0,-1