collision_index,collision_year,collision_ref_no,vehicle_reference,vehicle_type,towing_and_articulation,vehicle_manoeuvre_historic,vehicle_manoeuvre,vehicle_direction_from,vehicle_direction_to,vehicle_location_restricted_lane_historic,vehicle_location_restricted_lane,junction_location,skidding_and_overturning,hit_object_in_carriageway,vehicle_leaving_carriageway,hit_object_off_carriageway,first_point_of_impact,vehicle_left_hand_drive,journey_purpose_of_driver_historic,journey_purpose_of_driver,sex_of_driver,age_of_driver,age_band_of_driver,engine_capacity_cc,propulsion_code,age_of_vehicle,generic_make_model,driver_imd_decile,lsoa_of_driver,escooter_flag,driver_distance_banding
2023041347130,2023,041347130,1,9,0,9,9,2,3,0,0,7,0,0,0,0,1,1,2,2,2,38,7,1560,2,8,PEUGEOT 208,2,E01012654,0,-1
2023061332813,2023,061332813,2,9,0,3,3,-1,-1,0,0,0,0,0,0,0,2,1,6,6,3,61,9,1199,1,5,PEUGEOT 208,8,E01004915,0,-1
2023501285872,2023,501285872,1,9,0,9,9,6,4,0,0,6,0,0,7,0,3,1,5,6,2,20,4,1200,1,8,PEUGEOT 208,10,E01020253,0,-1
2023141347968,2023,141347968,1,9,0,18,19,2,6,0,0,8,0,0,0,0,3,1,6,6,1,60,9,1200,1,9,PEUGEOT 208,1,E01007317,0,-1
2023201410667,2023,201410667,5,9,0,18,19,2,6,0,0,1,0,0,0,0,2,1,2,2,2,19,4,1200,1,10,PEUGEOT 208,5,E01010354,0,-1
2023421307162,2023,421307162,2,9,0,4,4,7,3,0,0,0,0,0,0,0,2,1,5,6,2,38,7,1200,1,4,PEUGEOT 208,8,E01021521,0,-1
2023371331414,2023,371331414,1,9,0,18,19,5,1,0,0,8,0,0,0,0,1,1,5,6,2,69,10,1200,1,2,PEUGEOT 208,4,E01030278,0,-1
2023201303516,2023,201303516,2,9,-1,18,19,-1,-1,0,0,0,0,0,0,0,1,1,6,6,2,22,5,1200,1,7,PEUGEOT 208,1,E01008909,0,-1
2023622300334,2023,622300334,1,9,0,18,19,2,6,0,0,3,0,0,0,0,1,1,2,2,1,43,7,1200,1,10,PEUGEOT 208,1,W01001166,0,-1
2023501371313,2023,501371313,2,9,0,18,19,6,2,0,0,1,0,0,0,0,4,1,6,6,2,62,9,1398,2,11,PEUGEOT 208,4,E01019064,0,-1
2023451330687,2023,451330687,1,9,0,5,5,6,3,0,0,6,0,0,0,0,1,1,5,6,1,76,11,1199,1,4,PEUGEOT 208,10,E01030661,0,-1
2023430486162,2023,430486162,1,9,0,18,19,4,8,0,0,0,0,0,0,0,1,1,6,6,1,32,6,1200,1,7,PEUGEOT 208,7,E01028826,0,-1
2023311305481,2023,311305481,1,9,0,18,19,5,1,0,0,1,1,7,0,0,4,1,6,6,2,24,5,1199,1,5,PEUGEOT 208,-1,-1,0,-1
2023411357625,2023,411357625,1,9,0,3,3,4,8,0,0,0,0,0,0,0,1,1,2,2,1,51,8,1200,1,6,PEUGEOT 208,10,E01023520,0,-1
2023411292299,2023,411292299,1,9,0,18,19,5,1,0,0,0,0,0,0,0,1,1,6,6,2,24,5,1200,1,9,PEUGEOT 208,5,E01010402,0,-1
2023061335773,2023,061335773,2,9,0,18,19,7,3,0,0,0,0,0,0,0,3,1,5,6,1,45,7,1200,1,6,PEUGEOT 208,9,E01005545,0,-1
2023340WN5192,2023,340WN5192,1,9,0,18,19,7,3,0,0,8,0,0,0,0,1,1,6,6,1,30,6,1200,1,7,PEUGEOT 208,5,E01027176,0,-1
2023041304769,2023,041304769,1,9,0,18,19,5,1,0,0,0,0,0,0,0,1,1,6,6,2,39,7,1560,2,10,PEUGEOT 208,8,E01025411,0,-1
2023430531001,2023,430531001,5,9,0,18,19,8,4,0,0,0,0,0,0,0,2,1,6,6,1,47,8,1199,1,0,PEUGEOT 208,2,E01003111,0,-1
2023061292882,2023,061292882,2,9,0,18,19,3,7,0,0,1,0,0,0,0,1,1,5,6,1,64,9,1398,2,10,PEUGEOT 208,2,E01005714,0,-1
2023302300473,2023,302300473,2,9,0,3,3,6,4,0,0,1,0,0,0,0,2,1,1,1,1,31,6,1560,2,7,PEUGEOT 208,4,E01019813,0,-1
2023061355395,2023,061355395,1,9,0,9,9,3,1,9,9,8,0,0,7,11,1,1,3,7,2,28,6,1398,2,10,PEUGEOT 208,5,E01005700,0,-1
2023131306407,2023,131306407,2,9,0,18,19,1,3,0,0,1,0,0,0,0,2,1,1,1,1,36,7,1560,2,6,PEUGEOT 208,1,E01010748,0,-1
2023161285758,2023,161285758,1,9,0,9,9,7,3,0,0,0,0,0,1,0,4,1,5,6,1,47,8,1560,2,6,PEUGEOT 208,6,E01013085,0,-1
2023122301341,2023,122301341,1,9,0,9,9,8,6,0,0,6,0,0,0,0,3,1,2,2,2,45,7,1560,2,8,PEUGEOT 208,6,E01013398,0,-1
202360A103384,2023,60A103384,1,9,0,18,19,6,2,0,0,0,0,0,0,0,1,1,6,6,2,25,5,1560,2,6,PEUGEOT 208,-1,-1,0,-1
2023041317460,2023,041317460,2,9,0,18,19,3,7,0,0,0,0,0,0,0,2,1,5,6,1,21,5,1200,1,9,PEUGEOT 208,-1,-1,0,-1
2023101287910,2023,101287910,1,9,0,9,9,3,2,0,0,1,0,0,0,0,4,1,5,6,1,82,11,-1,3,2,PEUGEOT 208,4,E01027474,0,-1
2023440442881,2023,440442881,1,9,0,4,4,3,7,0,0,1,0,0,0,0,1,1,6,6,2,21,5,1200,1,7,PEUGEOT 208,7,E01023125,0,-1
2023302300302,2023,302300302,2,9,0,8,8,4,8,0,0,3,0,0,0,0,2,1,2,2,1,27,6,1598,1,8,PEUGEOT 208,9,E01029723,0,-1
2023520300331,2023,520300331,1,9,0,18,19,4,1,0,0,8,0,0,0,0,3,1,6,6,2,29,6,1200,1,9,PEUGEOT 208,5,E01014746,0,-1
2023201291890,2023,201291890,1,9,0,7,7,2,4,0,0,6,0,0,0,0,3,1,6,6,1,21,5,1200,1,7,PEUGEOT 208,6,E01010035,0,-1
2023302301709,2023,302301709,2,9,0,17,19,7,4,0,0,1,1,0,7,10,4,1,6,6,2,23,5,-1,3,2,PEUGEOT 208,8,E01029486,0,-1
2023131324256,2023,131324256,3,9,0,2,2,0,0,9,9,0,0,0,0,0,2,1,6,6,3,-1,-1,1199,1,4,PEUGEOT 208,-1,-1,0,-1
2023471296673,2023,471296673,2,9,0,16,19,3,6,0,0,0,0,0,0,0,4,1,5,6,2,26,6,1200,1,10,PEUGEOT 208,4,E01031575,0,-1
2023131350785,2023,131350785,1,9,0,9,9,5,7,0,0,2,0,0,0,0,3,1,6,6,1,35,6,1200,1,11,PEUGEOT 208,5,E01011883,0,-1
2023501392661,2023,501392661,1,9,0,5,5,6,2,0,0,0,0,0,0,0,3,1,6,6,1,54,8,1200,1,7,PEUGEOT 208,5,E01020220,0,-1
2023101274596,2023,101274596,1,9,0,5,5,5,1,0,0,4,0,0,0,0,1,1,2,2,1,-1,-1,1199,1,4,PEUGEOT 208,9,E01008556,0,-1
2023010477052,2023,010477052,2,9,0,99,99,9,9,99,99,9,9,99,9,99,9,9,6,6,3,-1,-1,1199,1,6,PEUGEOT 208,-1,-1,0,-1
2023430080005,2023,430080005,1,9,0,3,3,4,8,0,0,1,0,0,0,0,2,1,3,7,2,33,6,1398,2,8,PEUGEOT 208,3,E01016373,0,-1
2023131300076,2023,131300076,2,9,0,2,2,0,0,9,9,0,0,0,0,0,3,1,6,6,3,-1,-1,1560,2,7,PEUGEOT 208,-1,-1,0,-1
202354B380623,2023,54B380623,1,9,0,7,7,2,4,9,9,5,0,0,0,0,1,1,6,6,2,78,11,1200,1,10,PEUGEOT 208,7,E01032025,0,-1
2023061342950,2023,061342950,2,9,0,18,19,6,2,0,0,1,0,0,0,0,1,1,1,1,1,27,6,1200,1,3,PEUGEOT 208,6,E01004904,0,-1
2023131287995,2023,131287995,2,9,0,9,9,3,5,0,0,0,0,0,0,0,1,1,6,6,2,80,11,1398,2,11,PEUGEOT 208,8,E01010707,0,-1
2023201370844,2023,201370844,1,9,0,9,9,6,4,0,0,5,0,0,0,0,4,1,3,7,2,52,8,1398,2,10,PEUGEOT 208,-1,-1,0,-1
2023421394988,2023,421394988,2,9,0,18,19,3,7,0,0,0,0,0,0,0,2,1,5,6,2,19,4,1200,1,1,PEUGEOT 208,10,E01021645,0,-1
2023221345020,2023,221345020,2,9,0,18,19,6,2,0,0,1,0,0,0,0,1,1,5,6,2,37,7,1200,1,7,PEUGEOT 208,4,E01032132,0,-1
2023411345209,2023,411345209,3,9,0,2,2,0,0,0,0,1,0,0,0,0,2,1,6,6,2,35,6,1000,1,8,PEUGEOT 208,9,E01023500,0,-1
2023010424879,2023,010424879,1,9,0,18,19,3,7,0,0,2,0,0,0,0,1,1,6,6,2,33,6,1598,1,9,PEUGEOT 208,2,E01004224,0,-1
2023411363319,2023,411363319,1,9,0,5,5,8,4,0,0,1,0,0,0,0,1,1,2,2,2,58,9,1200,1,2,PEUGEOT 208,9,E01023580,0,-1
2023231348257,2023,231348257,1,9,0,18,19,1,5,0,0,8,0,0,0,0,3,1,5,6,2,69,10,1200,1,4,PEUGEOT 208,10,E01031314,0,-1
2023522400336,2023,522400336,1,9,0,7,7,2,4,0,0,3,0,0,0,0,3,1,6,6,2,30,6,1199,1,4,PEUGEOT 208,4,E01014951,0,-1
2023010440585,2023,010440585,1,9,0,99,99,9,9,99,99,0,9,99,9,99,2,9,1,1,1,58,9,1500,2,1,PEUGEOT 208,4,E01002583,0,-1
2023501377939,2023,501377939,1,9,0,9,9,1,7,0,0,8,0,0,0,0,3,1,2,2,2,41,7,1199,1,1,PEUGEOT 208,4,E01018931,0,-1
2023501288066,2023,501288066,2,9,0,18,19,3,1,0,0,0,0,0,0,0,2,1,6,6,2,71,10,1498,2,3,PEUGEOT 208,5,E01018785,0,-1
2023552300589,2023,552300589,1,9,0,17,19,4,2,0,0,8,0,0,0,0,3,1,6,6,1,42,7,1598,1,6,PEUGEOT 208,6,E01020433,0,-1
2023131311573,2023,131311573,1,9,0,17,19,7,1,0,0,8,1,10,8,4,4,1,6,6,1,35,6,1560,2,9,PEUGEOT 208,6,E01010975,0,-1
2023061340855,2023,061340855,1,9,0,18,19,1,5,0,0,2,0,0,0,0,3,1,6,6,2,25,5,1200,1,8,PEUGEOT 208,9,E01006319,0,-1
2023622300497,2023,622300497,1,9,0,18,19,4,8,0,0,1,0,0,0,0,1,1,6,6,2,63,9,1398,2,9,PEUGEOT 208,2,W01001750,0,-1
2023101285458,2023,101285458,2,9,-1,9,9,5,1,0,0,0,0,0,0,0,3,1,6,6,2,54,8,1000,1,8,PEUGEOT 208,10,E01008237,0,-1
2023401293903,2023,401293903,2,9,-1,-1,-1,-1,-1,-1,-1,-1,-1,-1,-1,0,-1,1,5,6,1,31,6,1200,1,7,PEUGEOT 208,9,E01017381,0,-1
2023201410667,2023,201410667,3,9,0,18,19,2,6,0,0,1,0,0,0,0,2,1,1,1,1,59,9,1598,1,9,PEUGEOT 208,1,E01010286,0,-1
2023531307863,2023,531307863,1,9,0,9,9,5,3,0,0,8,0,0,0,0,4,1,6,6,1,85,11,1200,1,3,PEUGEOT 208,9,E01022372,0,-1
2023201396102,2023,201396102,2,9,0,9,9,6,4,0,0,5,0,0,0,0,2,1,6,6,2,19,4,1398,2,10,PEUGEOT 208,2,E01009966,0,-1
2023111269722,2023,111269722,2,9,0,18,19,7,3,0,0,1,0,0,0,0,4,1,2,2,2,65,9,1200,1,8,PEUGEOT 208,5,E01012310,0,-1
2023061280497,2023,061280497,1,9,0,9,9,3,1,0,0,1,0,0,0,0,3,1,5,6,2,19,4,1000,1,10,PEUGEOT 208,1,E01005243,0,-1
2023010483597,2023,010483597,1,9,0,99,99,9,9,99,99,9,9,99,9,99,2,9,6,6,1,21,5,1200,1,8,PEUGEOT 208,1,E01003065,0,-1
2023131328410,2023,131328410,1,9,0,5,5,3,3,0,0,4,0,0,0,0,4,1,1,1,2,25,5,1499,2,0,PEUGEOT 208,3,E01011776,0,-1
2023401374810,2023,401374810,1,9,0,17,19,1,7,0,0,0,1,0,1,9,1,1,1,1,2,48,8,-1,3,1,PEUGEOT 208,5,E01017486,0,-1
2023361328768,2023,361328768,1,9,0,9,9,1,5,0,0,0,0,0,0,0,3,1,1,1,1,29,6,1200,1,1,PEUGEOT 208,9,E01026548,0,-1
2023332300456,2023,332300456,2,9,0,18,19,5,1,0,0,8,0,0,0,0,4,1,6,6,1,63,9,1199,1,5,PEUGEOT 208,1,E01013604,0,-1
2023041319096,2023,041319096,2,9,0,9,9,5,1,0,0,8,0,0,0,0,1,1,6,6,2,77,11,1200,1,7,PEUGEOT 208,8,E01025463,0,-1
2023010429203,2023,010429203,3,9,0,8,8,5,8,0,0,6,0,0,0,0,4,1,2,2,1,35,6,1200,1,10,PEUGEOT 208,6,E01001251,0,-1
2023211339443,2023,211339443,2,9,0,9,9,2,8,0,0,1,0,0,0,0,1,1,5,6,2,61,9,1199,1,0,PEUGEOT 208,10,E01018471,0,-1
2023471391738,2023,471391738,1,9,0,9,9,3,1,0,0,8,0,0,0,0,3,1,6,6,2,28,6,1200,1,7,PEUGEOT 208,6,E01031796,0,-1
2023991375445,2023,991375445,2,9,0,18,19,7,3,0,0,0,0,0,0,0,2,1,6,6,1,59,9,1200,1,7,PEUGEOT 208,-1,-1,0,-1
2023520400693,2023,520400693,1,9,0,18,19,4,7,0,0,0,0,0,0,0,4,1,6,6,2,44,7,1200,1,7,PEUGEOT 208,2,E01029131,0,-1
2023421344472,2023,421344472,2,9,0,18,19,1,5,0,0,0,0,0,0,0,2,1,1,1,1,21,5,1200,1,10,PEUGEOT 208,6,E01023988,0,-1
2023231316448,2023,231316448,2,9,0,18,19,4,8,0,0,0,0,0,0,0,1,1,5,6,2,24,5,1199,1,1,PEUGEOT 208,4,E01021802,0,-1
2023451377689,2023,451377689,3,9,0,3,3,5,1,0,0,0,0,0,0,0,2,1,2,2,2,20,4,1200,1,10,PEUGEOT 208,9,E01016641,0,-1
2023440244338,2023,440244338,2,9,0,18,19,3,7,0,0,0,0,0,0,0,1,1,6,6,1,29,6,1200,1,8,PEUGEOT 208,8,E01023089,0,-1
2023440102944,2023,440102944,1,9,0,7,7,8,2,0,0,8,0,0,0,0,3,1,2,2,2,34,6,1199,1,4,PEUGEOT 208,10,E01022643,0,-1
2023351349636,2023,351349636,2,9,0,9,9,1,7,0,0,6,0,0,0,0,4,1,6,6,2,44,7,1560,2,10,PEUGEOT 208,2,E01018075,0,-1
2023411303360,2023,411303360,1,9,0,4,4,-1,-1,0,0,0,0,0,0,0,3,1,5,6,2,28,6,1200,1,10,PEUGEOT 208,10,E01023655,0,-1
2023211384642,2023,211384642,2,9,0,4,4,8,4,0,0,0,0,0,0,0,2,1,5,6,1,33,6,1200,1,1,PEUGEOT 208,6,E01014146,0,-1
2023070823728,2023,070823728,2,9,0,4,4,3,7,0,0,0,0,0,0,0,2,1,2,2,2,30,6,1200,1,10,PEUGEOT 208,4,E01029588,0,-1
2023991279502,2023,991279502,2,9,0,4,4,4,8,0,0,0,0,0,0,0,2,1,5,6,2,42,7,1200,1,2,PEUGEOT 208,5,-1,0,-1
202354B915923,2023,54B915923,1,9,0,18,19,7,3,0,0,1,0,0,0,0,1,1,6,6,1,86,11,1200,1,9,PEUGEOT 208,6,E01031871,0,-1
2023991365572,2023,991365572,2,9,0,7,7,5,1,0,0,5,0,0,1,10,2,1,5,6,2,38,7,1200,1,2,PEUGEOT 208,2,-1,0,-1
2023131326342,2023,131326342,1,9,0,18,19,1,5,0,0,1,0,0,0,0,1,1,5,6,2,23,5,1200,1,6,PEUGEOT 208,2,E01011760,0,-1
2023231330933,2023,231330933,3,9,0,18,19,1,4,0,0,0,0,0,0,0,1,1,5,6,2,85,11,1200,1,4,PEUGEOT 208,9,E01010215,0,-1
2023991372559,2023,991372559,2,9,0,2,2,7,3,0,0,0,0,0,0,0,2,1,3,7,2,36,7,1200,1,4,PEUGEOT 208,1,-1,0,-1
2023401267397,2023,401267397,2,9,0,18,19,-1,-1,0,0,8,1,0,0,0,1,1,6,6,2,23,5,1398,2,10,PEUGEOT 208,9,E01015797,0,-1
2023332300833,2023,332300833,1,9,0,9,9,3,1,0,0,5,0,0,0,0,1,1,1,1,2,41,7,1200,1,6,PEUGEOT 208,8,E01025862,0,-1
2023421328916,2023,421328916,1,9,0,11,11,8,4,0,0,0,0,0,0,0,3,1,5,6,2,22,5,1200,1,10,PEUGEOT 208,2,E01030079,0,-1
2023010473884,2023,010473884,1,9,0,99,99,9,9,99,99,9,9,99,9,99,9,9,1,1,1,29,6,1199,1,0,PEUGEOT 208,1,E01001846,0,-1
2023010473577,2023,010473577,2,9,0,99,99,9,9,99,99,9,9,99,9,99,1,9,6,6,3,-1,-1,1199,1,4,PEUGEOT 208,-1,-1,0,-1
2023122300321,2023,122300321,1,9,0,13,13,9,9,0,0,0,0,0,0,0,0,1,6,6,1,21,5,1200,1,8,PEUGEOT 208,10,E01013452,0,-1
2023070902640,2023,070902640,1,9,0,18,19,5,1,0,0,0,0,0,0,0,1,1,6,6,2,38,7,1200,1,8,PEUGEOT 208,2,E01012534,0,-1
2023440041787,2023,440041787,1,9,0,18,19,7,3,0,0,8,0,0,0,0,0,1,6,6,2,63,9,1200,1,10,PEUGEOT 208,5,E01022576,0,-1
2023141337990,2023,141337990,1,9,0,18,19,5,1,0,0,0,0,0,0,0,2,1,2,2,2,51,8,1200,1,3,PEUGEOT 208,5,E01007361,0,-1
2023351358804,2023,351358804,1,9,0,9,9,3,3,0,0,6,0,0,0,0,3,1,1,1,2,65,9,1200,1,9,PEUGEOT 208,5,E01018214,0,-1
2023141391429,2023,141391429,1,9,0,5,5,4,2,0,0,6,0,0,0,0,1,1,5,6,2,20,4,1200,1,9,PEUGEOT 208,1,E01007564,0,-1
202360A048100,2023,60A048100,3,9,0,18,19,7,3,0,0,0,5,0,0,0,1,1,6,6,2,28,6,1200,1,10,PEUGEOT 208,-1,-1,0,-1
2023430176869,2023,430176869,2,9,0,9,9,7,5,0,0,5,0,0,0,0,1,1,6,6,1,18,4,1200,1,5,PEUGEOT 208,5,E01022488,0,-1
2023991325404,2023,991325404,2,9,0,18,19,7,3,0,0,1,1,0,1,11,3,1,5,6,2,75,10,1200,1,6,PEUGEOT 208,6,-1,0,-1
2023311328739,2023,311328739,1,9,0,18,19,4,8,0,0,0,0,0,0,0,1,1,3,7,1,74,10,1200,1,3,PEUGEOT 208,2,E01013835,0,-1
2023522301364,2023,522301364,2,9,0,18,19,3,7,0,0,8,0,0,0,0,1,1,6,6,1,71,10,1200,1,3,PEUGEOT 208,5,E01014720,0,-1
2023052302985,2023,052302985,2,9,0,18,19,2,4,0,0,8,0,0,0,0,1,1,6,6,1,29,6,1200,1,9,PEUGEOT 208,1,E01006759,0,-1
2023141391208,2023,141391208,1,9,0,18,19,1,5,0,0,0,0,0,0,0,1,1,5,6,2,78,11,1398,2,8,PEUGEOT 208,4,E01007816,0,-1
2023371318491,2023,371318491,2,9,0,18,19,3,7,0,0,1,0,0,0,0,1,1,5,6,2,34,6,1200,1,2,PEUGEOT 208,7,E01030049,0,-1
2023371374836,2023,371374836,2,9,0,18,19,5,1,0,0,0,0,0,1,0,2,1,6,6,1,48,8,-1,3,3,PEUGEOT 208,5,E01029990,0,-1
2023031300177,2023,031300177,4,9,0,3,3,3,7,0,0,1,0,0,0,0,3,1,6,6,2,46,8,1598,1,8,PEUGEOT 208,7,E01019390,0,-1
2023041296060,2023,041296060,1,9,0,7,7,1,5,0,0,1,0,0,0,0,4,1,5,6,2,55,8,1200,1,8,PEUGEOT 208,4,E01012661,0,-1
2023010467597,2023,010467597,1,9,0,3,3,5,1,0,0,1,1,4,7,0,4,1,2,2,1,55,8,-1,3,1,PEUGEOT 208,7,E01001587,0,-1
2023122301268,2023,122301268,2,9,0,3,3,2,6,0,0,1,0,0,0,0,2,1,2,2,2,45,7,1200,1,9,PEUGEOT 208,6,E01027622,0,-1
2023131377333,2023,131377333,3,9,0,18,19,5,1,0,0,1,0,0,0,0,3,1,5,6,2,54,8,1000,1,7,PEUGEOT 208,7,E01011056,0,-1
2023161294906,2023,161294906,2,9,0,18,19,2,6,0,0,1,0,0,0,0,1,1,5,6,1,77,11,1200,1,2,PEUGEOT 208,6,E01013085,0,-1
2023041365316,2023,041365316,1,9,0,9,9,5,3,0,0,0,0,0,0,0,1,1,5,6,1,32,6,1199,1,0,PEUGEOT 208,6,E01012616,0,-1
2023531290439,2023,531290439,2,9,0,17,19,3,7,0,0,8,0,0,7,0,4,1,5,6,2,60,9,1200,1,8,PEUGEOT 208,10,E01022360,0,-1
2023010460336,2023,010460336,2,9,0,99,99,9,9,99,99,9,9,99,0,0,1,9,6,6,2,40,7,1200,1,9,PEUGEOT 208,4,E01003518,0,-1
2023501307679,2023,501307679,1,9,0,4,4,5,1,0,0,0,1,0,0,0,4,1,6,6,1,20,4,1560,2,5,PEUGEOT 208,2,E01015210,0,-1
2023010450133,2023,010450133,1,9,0,99,99,9,9,99,99,9,9,99,9,99,9,9,2,2,2,27,6,1200,1,10,PEUGEOT 208,2,E01003021,0,-1
2023170S10783,2023,170S10783,2,9,0,18,19,3,7,0,0,8,0,0,0,0,1,1,6,6,2,62,9,1560,2,7,PEUGEOT 208,7,E01012270,0,-1
2023201291640,2023,201291640,1,9,0,7,7,6,8,0,0,3,0,0,0,0,1,1,6,6,1,48,8,1199,1,0,PEUGEOT 208,1,E01009270,0,-1
2023010423628,2023,010423628,1,9,0,9,9,1,6,0,0,1,0,0,0,0,1,1,6,6,1,27,6,1200,1,7,PEUGEOT 208,-1,-1,0,-1
2023541271023,2023,541271023,1,9,0,5,5,6,2,0,0,6,0,0,0,0,4,1,6,6,1,62,9,1200,1,10,PEUGEOT 208,9,E01032026,0,-1
2023201291173,2023,201291173,3,9,0,2,2,0,0,0,0,0,0,0,0,0,2,1,6,6,3,-1,-1,1398,2,10,PEUGEOT 208,-1,-1,0,-1
2023122301237,2023,122301237,3,9,0,18,19,3,7,0,0,0,0,0,0,0,3,1,2,2,3,25,5,1200,1,6,PEUGEOT 208,8,E01027895,0,-1
2023320462816,2023,320462816,2,9,0,18,19,7,3,0,0,8,0,0,0,0,4,1,6,6,2,38,7,1200,1,3,PEUGEOT 208,8,E01026035,0,-1
2023546019623,2023,546019623,1,9,0,18,19,1,5,0,0,0,0,6,0,0,1,1,6,6,1,29,6,1200,1,6,PEUGEOT 208,10,E01029310,0,-1
2023451384007,2023,451384007,2,9,0,3,3,5,1,0,0,1,0,0,0,0,1,1,6,6,2,40,7,1200,1,4,PEUGEOT 208,9,E01030795,0,-1
2023531387251,2023,531387251,1,9,0,9,9,1,7,0,0,1,0,0,0,0,4,1,2,2,2,56,9,1200,1,4,PEUGEOT 208,7,E01022300,0,-1
2023231349162,2023,231349162,1,9,0,18,19,2,6,0,0,8,0,0,0,0,1,1,5,6,2,44,7,1200,1,3,PEUGEOT 208,2,E01031092,0,-1
2023461384052,2023,461384052,1,9,0,18,19,7,3,0,0,0,0,0,0,0,1,1,5,6,2,54,8,-1,3,2,PEUGEOT 208,3,E01016043,0,-1
2023061348735,2023,061348735,2,9,0,3,3,-1,-1,0,0,8,0,0,0,0,2,1,2,2,2,47,8,1200,1,9,PEUGEOT 208,4,E01006026,0,-1
2023131263975,2023,131263975,1,9,0,18,19,7,3,0,0,8,0,0,0,0,1,1,3,7,2,19,4,1200,1,7,PEUGEOT 208,7,E01011205,0,-1
2023501367296,2023,501367296,1,9,0,18,19,3,6,0,0,0,0,0,0,0,1,1,6,6,1,89,11,1560,2,8,PEUGEOT 208,4,E01018965,0,-1
2023501260315,2023,501260315,2,9,0,18,19,0,0,0,0,1,0,0,0,0,1,1,5,6,2,39,7,1560,2,9,PEUGEOT 208,3,E01020228,0,-1
2023170M11973,2023,170M11973,3,9,0,4,4,0,0,0,0,1,0,0,0,0,1,1,6,6,2,18,4,1200,1,9,PEUGEOT 208,-1,-1,0,-1
2023332300605,2023,332300605,1,9,0,6,6,6,6,0,0,8,0,0,1,11,1,1,6,6,2,69,10,1200,1,3,PEUGEOT 208,9,E01013804,0,-1
2023201415573,2023,201415573,3,9,0,3,3,2,6,0,0,1,0,0,1,0,1,1,6,6,2,58,9,1200,1,2,PEUGEOT 208,3,E01009629,0,-1
2023201415964,2023,201415964,1,9,0,9,9,1,6,0,0,5,0,0,0,0,2,1,6,6,3,58,9,1200,1,11,PEUGEOT 208,5,E01009280,0,-1
2023041391510,2023,041391510,2,9,0,18,19,3,7,0,0,0,0,0,1,0,2,1,5,6,2,20,4,1200,1,10,PEUGEOT 208,2,E01025385,0,-1
2023101304720,2023,101304720,2,9,0,5,5,5,3,0,0,8,0,0,0,0,1,1,6,6,2,44,7,1398,2,8,PEUGEOT 208,9,E01027549,0,-1
2023361333277,2023,361333277,3,9,0,18,19,3,7,0,0,0,0,0,0,0,3,1,5,6,2,79,11,1200,1,3,PEUGEOT 208,8,E01026930,0,-1
2023041303708,2023,041303708,2,9,0,18,19,3,7,0,0,8,0,0,0,0,3,1,5,6,2,26,6,1200,1,7,PEUGEOT 208,2,E01025055,0,-1
2023531295156,2023,531295156,1,9,0,18,19,7,3,0,0,0,0,0,0,0,1,1,5,6,1,21,5,1397,1,11,PEUGEOT 208,3,E01022294,0,-1
2023471339190,2023,471339190,3,9,0,2,2,0,0,6,6,0,0,0,0,0,3,1,6,6,3,-1,-1,1200,1,6,PEUGEOT 208,-1,-1,0,-1
2023141265494,2023,141265494,2,9,0,4,4,5,1,0,0,0,0,0,0,0,2,1,5,6,2,40,7,1000,1,8,PEUGEOT 208,9,E01013429,0,-1
2023430025732,2023,430025732,1,9,0,9,9,2,7,0,0,5,0,0,0,0,3,1,1,1,2,30,6,1200,1,7,PEUGEOT 208,6,E01016231,0,-1
2023311304808,2023,311304808,1,9,0,4,4,6,6,0,0,1,0,0,0,0,1,1,2,2,2,31,6,1200,1,4,PEUGEOT 208,-1,-1,0,-1
2023302301204,2023,302301204,1,9,0,5,5,1,5,0,0,8,0,0,0,0,3,1,6,6,2,29,6,1200,1,10,PEUGEOT 208,4,E01019573,0,-1
2023991357270,2023,991357270,1,9,0,18,19,5,1,0,0,0,0,0,0,0,1,1,5,6,2,40,7,1000,1,7,PEUGEOT 208,5,-1,0,-1
2023131312384,2023,131312384,2,9,0,4,4,1,1,0,0,8,0,0,0,0,3,1,6,6,2,33,6,1398,2,10,PEUGEOT 208,1,E01010960,0,-1
2023161289993,2023,161289993,2,9,0,5,5,1,5,0,0,4,0,0,0,0,2,1,1,1,1,40,7,1560,2,5,PEUGEOT 208,10,E01013067,0,-1
2023471279581,2023,471279581,1,9,0,9,9,5,3,0,0,8,0,0,0,0,3,1,6,6,1,74,10,1200,1,7,PEUGEOT 208,9,E01031463,0,-1
2023991366494,2023,991366494,1,9,0,18,19,3,7,0,0,4,0,0,0,0,1,1,1,1,2,25,5,1199,1,0,PEUGEOT 208,6,-1,0,-1
2023010471251,2023,010471251,1,9,0,14,14,5,1,0,0,2,0,0,0,0,3,1,2,2,2,26,6,1200,1,1,PEUGEOT 208,9,E01002935,0,-1
2023122300838,2023,122300838,1,9,0,18,19,5,1,0,0,1,0,0,0,0,4,1,1,1,2,44,7,1560,2,5,PEUGEOT 208,5,E01027828,0,-1
2023111310235,2023,111310235,1,9,0,17,19,6,2,0,0,0,0,0,0,0,1,1,2,2,1,33,6,1398,2,10,PEUGEOT 208,7,E01012334,0,-1
2023061338835,2023,061338835,1,9,0,18,19,8,4,0,0,1,0,0,0,0,3,1,6,6,3,30,6,1200,1,11,PEUGEOT 208,-1,-1,0,-1