collision_index,collision_year,collision_ref_no,vehicle_reference,vehicle_type,towing_and_articulation,vehicle_manoeuvre_historic,vehicle_manoeuvre,vehicle_direction_from,vehicle_direction_to,vehicle_location_restricted_lane_historic,vehicle_location_restricted_lane,junction_location,skidding_and_overturning,hit_object_in_carriageway,vehicle_leaving_carriageway,hit_object_off_carriageway,first_point_of_impact,vehicle_left_hand_drive,journey_purpose_of_driver_historic,journey_purpose_of_driver,sex_of_driver,age_of_driver,age_band_of_driver,engine_capacity_cc,propulsion_code,age_of_vehicle,generic_make_model,driver_imd_decile,lsoa_of_driver,escooter_flag,driver_distance_banding
2023201289399,2023,201289399,2,9,0,18,19,5,1,0,0,0,0,0,0,0,4,1,6,6,1,33,6,1560,2,9,PEUGEOT 208,6,E01009452,0,-1
2023010476277,2023,010476277,2,9,0,18,19,5,1,0,0,2,0,0,7,2,4,1,3,7,2,40,7,1200,1,9,PEUGEOT 208,3,E01003563,0,-1
2023361317030,2023,361317030,1,9,0,9,9,5,3,0,0,8,0,0,0,0,4,1,5,6,2,19,4,1398,2,11,PEUGEOT 208,5,E01029884,0,-1
2023991378889,2023,991378889,1,9,0,17,19,3,7,0,0,0,1,0,1,10,1,1,5,6,1,54,8,1598,1,6,PEUGEOT 208,8,-1,0,-1
2023010446388,2023,010446388,2,9,0,99,99,9,9,99,99,0,9,99,9,99,4,9,6,6,2,20,4,1200,1,8,PEUGEOT 208,4,E01015930,0,-1
2023440497118,2023,440497118,2,9,0,3,3,1,5,0,0,0,0,0,0,0,2,1,6,6,2,38,7,1200,1,9,PEUGEOT 208,-1,-1,0,-1
2023631313556,2023,631313556,1,9,0,6,6,1,1,0,0,6,0,0,1,10,4,1,6,6,1,84,11,1200,1,7,PEUGEOT 208,5,W01000662,0,-1
2023221271875,2023,221271875,2,9,0,5,5,6,1,0,0,5,0,0,0,0,4,1,2,2,2,34,6,1398,2,9,PEUGEOT 208,4,E01014158,0,-1
2023231337079,2023,231337079,1,9,0,18,19,4,1,0,0,1,0,0,0,0,1,1,5,6,2,40,7,1200,1,9,PEUGEOT 208,3,E01031012,0,-1
2023440170141,2023,440170141,1,9,0,7,7,5,7,0,0,6,0,0,0,0,1,1,6,6,1,54,8,1200,1,10,PEUGEOT 208,10,E01023096,0,-1
2023231369628,2023,231369628,2,9,0,18,19,2,4,0,0,0,0,0,0,0,1,1,5,6,2,57,9,1200,1,7,PEUGEOT 208,4,E01031170,0,-1
2023340WN0332,2023,340WN0332,1,9,0,18,19,8,4,0,0,8,0,0,0,0,1,1,6,6,1,33,6,1398,2,11,PEUGEOT 208,8,E01027209,0,-1
2023311301573,2023,311301573,2,9,0,5,5,3,7,0,0,4,0,0,0,0,2,1,2,2,2,68,10,1200,1,7,PEUGEOT 208,7,E01032989,0,-1
2023170L21083,2023,170L21083,2,9,0,9,9,2,8,0,0,6,0,0,0,0,3,1,6,6,2,58,9,1560,2,9,PEUGEOT 208,-1,-1,0,-1
2023231380365,2023,231380365,3,9,0,10,10,2,8,0,0,1,0,0,0,0,2,1,6,6,1,47,8,1200,1,1,PEUGEOT 208,7,E01031068,0,-1
2023451339337,2023,451339337,1,9,0,7,7,4,8,0,0,0,0,0,0,0,2,1,2,2,2,26,6,1200,1,4,PEUGEOT 208,5,E01016556,0,-1
2023302301884,2023,302301884,2,9,0,18,19,3,7,0,0,2,1,0,0,0,4,1,3,7,2,69,10,1398,2,8,PEUGEOT 208,6,E01019774,0,-1
2023991349032,2023,991349032,1,9,0,18,19,2,6,0,0,8,0,0,3,4,1,1,5,6,1,17,4,1000,1,7,PEUGEOT 208,8,-1,0,-1
2023231319099,2023,231319099,1,9,0,18,19,4,8,0,0,0,2,6,1,11,4,1,6,6,1,37,7,1199,1,0,PEUGEOT 208,-1,-1,0,-1
2023010457484,2023,010457484,1,9,9,18,19,6,2,99,99,9,9,0,0,0,0,1,6,6,1,23,5,1199,1,4,PEUGEOT 208,2,E01010531,0,-1
2023122300962,2023,122300962,1,9,0,5,5,1,5,0,0,8,0,0,0,0,3,1,6,6,2,77,11,1200,1,10,PEUGEOT 208,4,E01027710,0,-1
2023010422005,2023,010422005,2,9,0,99,99,9,9,99,99,0,9,99,9,99,1,9,6,6,2,49,8,1199,1,5,PEUGEOT 208,6,E01003958,0,-1
2023041362681,2023,041362681,1,9,0,4,4,7,3,0,0,0,0,0,0,0,1,1,2,2,1,23,5,1200,1,7,PEUGEOT 208,4,E01012714,0,-1
2023501350126,2023,501350126,2,9,0,9,9,7,5,0,0,8,0,0,0,0,3,1,6,6,2,20,4,1199,1,5,PEUGEOT 208,7,E01022214,0,-1
2023221308346,2023,221308346,2,9,0,18,19,1,5,0,0,0,0,0,0,0,1,1,5,6,2,27,6,1398,2,11,PEUGEOT 208,3,E01028891,0,-1
2023451327020,2023,451327020,1,9,0,16,19,3,7,0,0,0,5,0,1,0,1,1,5,6,2,86,11,1200,1,9,PEUGEOT 208,10,E01030327,0,-1
2023131273044,2023,131273044,1,9,0,18,19,3,7,0,0,1,0,0,0,0,1,1,5,6,1,79,11,1200,1,10,PEUGEOT 208,2,E01011220,0,-1
2023201289389,2023,201289389,1,9,0,9,9,6,4,0,0,6,0,0,0,0,1,1,2,2,2,21,5,1200,1,6,PEUGEOT 208,10,E01016649,0,-1
2023170M10873,2023,170M10873,1,9,0,18,19,2,6,0,0,0,0,0,0,0,1,1,6,6,2,77,11,1199,1,5,PEUGEOT 208,9,E01012224,0,-1
2023201267385,2023,201267385,1,9,0,9,9,4,2,0,0,6,0,0,0,0,1,1,6,6,1,-1,-1,1200,1,11,PEUGEOT 208,10,E01009670,0,-1
2023131355665,2023,131355665,2,9,0,2,2,0,0,0,0,0,0,0,1,0,1,1,6,6,3,-1,-1,1200,1,2,PEUGEOT 208,-1,-1,0,-1
2023531330035,2023,531330035,1,9,0,9,9,2,8,0,0,8,0,0,1,4,4,1,5,6,1,24,5,1398,2,10,PEUGEOT 208,5,E01022228,0,-1
2023131263029,2023,131263029,1,9,0,-1,-1,-1,-1,-1,-1,-1,-1,-1,-1,-1,-1,1,6,6,3,70,10,1199,1,4,PEUGEOT 208,-1,-1,0,-1
2023010461804,2023,010461804,2,9,0,9,9,6,4,0,0,8,0,0,0,0,3,1,6,6,1,72,10,1397,1,10,PEUGEOT 208,3,E01003235,0,-1
2023231367716,2023,231367716,1,9,-1,18,19,6,2,0,0,1,0,0,0,0,1,1,6,6,2,40,7,1200,1,11,PEUGEOT 208,1,E01031090,0,-1
2023311295044,2023,311295044,1,9,0,1,1,0,2,0,0,1,0,0,0,0,2,1,6,6,1,49,8,1200,1,8,PEUGEOT 208,2,E01028245,0,-1
2023311363107,2023,311363107,1,9,0,10,10,1,7,0,0,8,0,0,0,0,1,1,5,6,2,20,4,1560,2,10,PEUGEOT 208,2,E01013961,0,-1
2023991369347,2023,991369347,1,9,0,18,19,6,2,0,0,0,0,0,0,0,3,1,6,6,2,57,9,1200,1,8,PEUGEOT 208,-1,-1,0,-1
2023440367662,2023,440367662,1,9,0,18,19,6,2,0,0,0,0,0,0,0,4,1,6,6,2,27,6,1200,1,7,PEUGEOT 208,3,E01017170,0,-1
2023161284697,2023,161284697,1,9,0,18,19,1,4,0,0,0,0,0,7,4,1,1,5,6,1,20,4,1200,1,11,PEUGEOT 208,7,E01033106,0,-1
2023201380712,2023,201380712,1,9,0,18,19,8,4,0,0,1,0,0,0,0,1,1,6,6,1,21,5,1200,1,10,PEUGEOT 208,1,E01010527,0,-1
202360A130125,2023,60A130125,1,9,0,5,5,4,8,0,0,1,0,0,0,0,1,1,6,6,1,60,9,1560,2,9,PEUGEOT 208,-1,-1,0,-1
2023161313653,2023,161313653,2,9,0,18,19,8,4,0,0,8,0,0,0,0,3,1,5,6,1,27,6,1398,2,10,PEUGEOT 208,5,E01013329,0,-1
2023311326932,2023,311326932,1,9,0,4,4,3,7,0,0,5,0,0,0,0,2,1,5,6,1,31,6,1199,1,5,PEUGEOT 208,4,E01028302,0,-1
2023070506748,2023,070506748,2,9,0,18,19,2,6,0,0,0,0,0,1,4,1,1,6,6,1,21,5,1200,1,9,PEUGEOT 208,7,E01029814,0,-1
2023531390059,2023,531390059,1,9,0,18,19,3,7,0,0,0,5,0,0,0,1,1,5,6,2,21,5,1560,2,6,PEUGEOT 208,5,E01022154,0,-1
2023071233390,2023,071233390,1,9,0,18,19,7,3,0,0,0,0,4,0,0,2,1,2,2,1,41,7,1200,1,3,PEUGEOT 208,-1,-1,0,-1
2023041353768,2023,041353768,1,9,0,18,19,1,5,0,0,2,0,0,0,0,1,1,5,6,1,53,8,1200,1,8,PEUGEOT 208,3,E01025310,0,-1
2023010483806,2023,010483806,1,9,0,18,19,3,7,0,0,1,0,0,0,0,1,1,6,6,1,43,7,-1,3,1,PEUGEOT 208,5,E01001074,0,-1
2023201384699,2023,201384699,1,9,0,5,5,7,3,0,0,6,0,0,0,0,1,1,6,6,2,43,7,1199,1,1,PEUGEOT 208,1,E01009197,0,-1
2023371305725,2023,371305725,2,9,0,17,19,3,7,0,0,4,0,0,0,0,1,1,6,6,2,29,6,1199,1,0,PEUGEOT 208,6,E01030112,0,-1
2023991302682,2023,991302682,1,9,0,10,10,5,3,0,0,6,0,0,0,0,3,1,2,2,2,18,4,1200,1,4,PEUGEOT 208,1,-1,0,-1
2023371291191,2023,371291191,2,9,4,4,4,1,5,0,0,1,0,0,0,0,2,1,5,6,2,45,7,1200,1,1,PEUGEOT 208,3,E01029968,0,-1
2023010475047,2023,010475047,1,9,0,12,12,3,7,0,0,4,0,0,0,0,1,1,1,1,1,33,6,1199,1,0,PEUGEOT 208,5,E01003713,0,-1
2023010449432,2023,010449432,2,9,0,99,99,9,9,99,99,9,9,99,9,99,1,9,6,6,3,-1,-1,1598,1,9,PEUGEOT 208,6,E01001272,0,-1
2023320597008,2023,320597008,2,9,0,18,19,6,2,0,0,8,0,0,7,0,4,1,2,2,2,39,7,1560,2,7,PEUGEOT 208,4,E01026230,0,-1
2023161389417,2023,161389417,7,9,0,2,2,0,0,0,0,0,0,0,0,0,1,1,6,6,3,-1,-1,1560,2,7,PEUGEOT 208,-1,-1,0,-1
2023320160985,2023,320160985,1,9,0,9,9,8,6,0,0,6,0,0,0,0,1,1,6,6,2,45,7,1200,1,7,PEUGEOT 208,-1,-1,0,-1
2023010481002,2023,010481002,1,9,0,18,19,3,7,0,0,1,0,0,0,0,3,1,1,1,1,28,6,1200,1,5,PEUGEOT 208,3,E01000195,0,-1
2023010476647,2023,010476647,1,9,0,99,99,9,9,99,99,9,9,0,0,0,0,9,6,6,1,21,5,1199,1,4,PEUGEOT 208,3,E01001239,0,-1
2023461262810,2023,461262810,3,9,0,4,4,3,7,0,0,0,0,0,0,0,2,1,5,6,2,54,8,1200,1,6,PEUGEOT 208,6,E01024301,0,-1
2023471343100,2023,471343100,2,9,0,9,9,6,5,0,0,6,0,0,0,0,3,1,5,6,2,68,10,1200,1,6,PEUGEOT 208,8,E01031369,0,-1
2023052301275,2023,052301275,1,9,0,5,5,2,6,0,0,4,0,0,0,0,1,1,2,2,2,24,5,1200,1,1,PEUGEOT 208,4,E01018077,0,-1
2023501338373,2023,501338373,1,9,0,6,6,2,2,0,0,1,0,0,0,0,3,1,4,7,2,35,6,1560,2,8,PEUGEOT 208,-1,-1,0,-1
2023501284480,2023,501284480,2,9,0,5,5,1,5,0,0,0,0,0,0,0,1,1,1,1,2,31,6,1200,1,9,PEUGEOT 208,4,E01020030,0,-1
2023991290380,2023,991290380,2,9,0,16,19,8,3,0,0,0,1,0,7,0,1,1,5,6,2,28,6,1200,1,10,PEUGEOT 208,7,-1,0,-1
2023010479879,2023,010479879,2,9,0,99,99,9,9,99,99,0,9,99,9,99,9,9,6,6,1,46,8,-1,3,1,PEUGEOT 208,-1,-1,0,-1
2023430048959,2023,430048959,2,9,0,3,3,8,4,0,0,1,0,0,0,0,2,1,6,6,1,54,8,1200,1,7,PEUGEOT 208,9,E01016313,0,-1
2023070768392,2023,070768392,2,9,0,4,4,1,5,0,0,0,0,0,0,0,2,1,6,6,2,48,8,-1,3,3,PEUGEOT 208,5,E01010873,0,-1
2023461386393,2023,461386393,4,9,0,2,2,0,0,0,0,1,0,0,0,0,1,1,5,6,2,-1,-1,1498,2,4,PEUGEOT 208,2,E01016039,0,-1
2023101388001,2023,101388001,1,9,0,7,7,1,7,0,0,1,0,0,0,0,4,1,5,6,2,41,7,1200,1,7,PEUGEOT 208,6,E01008256,0,-1
2023531373082,2023,531373082,2,9,0,9,9,7,5,0,0,6,0,0,0,0,3,1,1,1,1,25,5,1598,1,9,PEUGEOT 208,5,E01022244,0,-1
2023161314280,2023,161314280,2,9,0,3,3,1,5,0,0,2,0,0,0,0,0,1,6,6,2,20,4,1200,1,11,PEUGEOT 208,7,E01025361,0,-1
2023471291282,2023,471291282,1,9,0,1,1,0,1,0,0,0,0,0,0,0,2,1,6,6,2,31,6,1398,2,11,PEUGEOT 208,7,E01031421,0,-1
2023122300558,2023,122300558,1,9,0,5,5,5,1,0,0,6,1,0,0,0,3,1,6,6,1,25,5,1200,1,3,PEUGEOT 208,5,E01006593,0,-1
2023411302799,2023,411302799,1,9,0,18,19,4,8,0,0,0,0,12,1,2,1,1,2,2,1,20,4,1200,1,10,PEUGEOT 208,3,E01002130,0,-1
2023052300072,2023,052300072,1,9,0,1,1,1,5,0,0,0,0,0,0,0,2,1,6,6,2,-1,-1,1398,2,11,PEUGEOT 208,7,E01007066,0,-1
2023520300891,2023,520300891,2,9,0,18,19,2,5,0,0,0,0,0,0,0,1,1,6,6,2,38,7,-1,3,3,PEUGEOT 208,5,E01029229,0,-1
2023371307148,2023,371307148,1,9,-1,-1,-1,5,7,-1,-1,0,0,0,3,-1,-1,1,5,6,1,93,11,1200,1,9,PEUGEOT 208,3,E01030162,0,-1
2023440404896,2023,440404896,1,9,0,18,19,4,8,0,0,0,0,0,0,0,1,1,2,2,1,24,5,1200,1,10,PEUGEOT 208,8,E01017069,0,-1
2023010461978,2023,010461978,2,9,0,99,99,9,9,99,99,9,9,99,9,99,9,9,6,6,3,-1,-1,1200,1,6,PEUGEOT 208,4,E01005185,0,-1
2023131290506,2023,131290506,2,9,0,18,19,5,1,0,0,0,0,0,0,0,3,1,2,2,1,55,8,1560,2,6,PEUGEOT 208,9,E01010913,0,-1
2023131357236,2023,131357236,1,9,0,-1,-1,-1,-1,-1,-1,0,-1,-1,-1,-1,-1,1,6,6,3,-1,-1,1199,1,4,PEUGEOT 208,-1,-1,0,-1
2023122301378,2023,122301378,1,9,0,18,19,5,1,0,0,0,0,0,0,0,3,1,6,6,1,44,7,1199,1,5,PEUGEOT 208,3,E01011920,0,-1
2023070226703,2023,070226703,2,9,0,3,3,7,2,0,0,0,0,0,0,0,3,1,6,6,2,34,6,1200,1,9,PEUGEOT 208,2,E01018354,0,-1
2023461331669,2023,461331669,1,9,0,18,19,7,3,0,0,0,0,0,0,0,1,1,5,6,2,20,4,1200,1,9,PEUGEOT 208,2,E01000374,0,-1
2023351368913,2023,351368913,1,9,0,7,7,3,7,9,9,0,0,0,3,10,1,1,5,6,2,84,11,1200,1,7,PEUGEOT 208,9,E01018178,0,-1
2023101330991,2023,101330991,1,9,0,18,19,2,6,0,0,8,0,0,0,0,1,1,6,6,2,24,5,1200,1,9,PEUGEOT 208,1,E01020671,0,-1
2023552300255,2023,552300255,2,9,0,18,19,6,2,0,0,8,0,0,1,0,1,1,6,6,1,74,10,1560,2,8,PEUGEOT 208,-1,-1,0,-1
2023440364095,2023,440364095,1,9,0,5,5,4,8,0,0,0,0,0,0,0,4,1,3,7,2,44,7,1397,1,10,PEUGEOT 208,3,E01023107,0,-1
2023332300687,2023,332300687,1,9,0,9,9,3,8,0,0,6,0,0,1,11,1,1,1,1,1,63,9,1199,1,5,PEUGEOT 208,1,E01013604,0,-1
2023131295606,2023,131295606,1,9,0,9,9,7,0,0,0,7,0,0,0,0,1,1,6,6,1,44,7,1398,2,11,PEUGEOT 208,4,E01010704,0,-1
2023302301263,2023,302301263,1,9,0,9,9,2,8,0,0,1,0,0,0,0,1,1,2,2,1,69,10,1199,1,1,PEUGEOT 208,6,E01013589,0,-1
2023231372585,2023,231372585,3,9,0,3,3,8,4,0,0,0,0,0,0,0,2,1,6,6,2,30,6,1200,1,3,PEUGEOT 208,2,E01031092,0,-1
2023141376328,2023,141376328,1,9,0,9,9,7,5,0,0,8,0,0,0,0,1,1,5,6,2,78,11,1199,1,4,PEUGEOT 208,6,E01013074,0,-1
2023201298798,2023,201298798,1,9,0,18,19,5,1,0,0,0,0,4,0,0,1,1,6,6,2,22,5,1000,1,9,PEUGEOT 208,8,E01009728,0,-1
2023351315054,2023,351315054,2,9,0,18,19,-1,-1,0,0,3,0,0,0,0,4,1,5,6,2,35,6,1200,1,9,PEUGEOT 208,2,E01015632,0,-1
2023061270090,2023,061270090,1,9,-1,18,19,3,7,0,0,0,0,0,0,0,1,1,6,6,1,30,6,1200,1,5,PEUGEOT 208,5,E01006058,0,-1
2023461363951,2023,461363951,2,9,0,4,4,8,3,0,0,0,0,0,0,0,1,1,5,6,1,17,4,1200,1,9,PEUGEOT 208,8,E01016082,0,-1
2023302300352,2023,302300352,1,9,0,9,9,7,5,0,0,1,0,0,0,0,3,1,1,1,2,33,6,1398,2,9,PEUGEOT 208,5,E01019494,0,-1
2023461390154,2023,461390154,2,9,0,18,19,1,1,0,0,2,0,0,0,0,2,1,5,6,2,63,9,1200,1,10,PEUGEOT 208,1,E01024580,0,-1
2023010463866,2023,010463866,1,9,0,2,2,0,0,0,0,2,0,4,0,0,1,1,6,6,3,-1,-1,1200,1,10,PEUGEOT 208,-1,-1,0,-1
2023320254421,2023,320254421,3,9,0,18,19,4,8,0,0,0,0,0,0,0,1,1,6,6,1,25,5,1200,1,4,PEUGEOT 208,4,E01018887,0,-1
2023531314323,2023,531314323,2,9,0,4,4,7,1,0,0,1,0,0,0,0,2,1,6,6,1,29,6,1560,2,8,PEUGEOT 208,1,E01022152,0,-1
2023421367725,2023,421367725,2,9,0,18,19,6,2,0,0,0,0,0,0,0,3,1,6,6,2,82,11,1200,1,2,PEUGEOT 208,9,E01021564,0,-1
2023131379699,2023,131379699,2,9,0,18,19,7,3,0,0,8,0,0,0,0,4,1,5,6,1,37,7,1560,2,10,PEUGEOT 208,4,E01011546,0,-1
2023010481757,2023,010481757,1,9,0,9,9,7,5,0,0,3,0,0,0,0,4,1,6,6,1,17,4,1199,1,0,PEUGEOT 208,8,E01001030,0,-1
2023231314052,2023,231314052,1,9,0,1,1,3,7,0,0,6,0,0,0,0,2,1,6,6,1,30,6,1200,1,7,PEUGEOT 208,1,E01009679,0,-1
2023461311013,2023,461311013,3,9,0,5,5,3,7,0,0,0,0,0,0,0,4,1,6,6,1,31,6,1200,1,8,PEUGEOT 208,2,E01023974,0,-1
2023520300050,2023,520300050,1,9,0,18,19,4,8,0,0,1,2,0,0,0,1,1,6,6,2,19,4,1200,1,10,PEUGEOT 208,6,E01014451,0,-1
2023161342042,2023,161342042,2,9,0,18,19,4,8,0,0,0,0,0,0,0,4,1,2,2,1,26,6,1200,1,2,PEUGEOT 208,5,E01012902,0,-1
2023010457063,2023,010457063,1,9,0,99,99,9,9,99,99,9,9,99,9,99,2,9,2,2,2,25,5,1200,1,6,PEUGEOT 208,3,E01001267,0,-1
2023061365897,2023,061365897,1,9,-1,-1,-1,-1,-1,-1,-1,0,-1,-1,-1,0,-1,1,6,6,3,-1,-1,1200,1,10,PEUGEOT 208,1,E01005758,0,-1
2023531298074,2023,531298074,1,9,0,9,9,4,8,0,0,1,0,0,0,0,2,1,5,6,2,76,11,1200,1,8,PEUGEOT 208,9,E01022342,0,-1
2023201454508,2023,201454508,3,9,0,12,12,4,8,8,6,7,0,0,0,0,2,1,2,2,2,23,5,1200,1,8,PEUGEOT 208,2,E01009991,0,-1
2023061346481,2023,061346481,1,9,0,18,19,2,6,0,0,2,0,0,0,0,1,1,5,6,2,22,5,1560,2,8,PEUGEOT 208,2,E01005449,0,-1
2023061270163,2023,061270163,2,9,-1,-1,-1,-1,-1,-1,-1,0,-1,-1,-1,0,-1,1,6,6,1,50,8,1199,1,4,PEUGEOT 208,1,E01005551,0,-1
2023501340587,2023,501340587,1,9,0,18,19,5,1,0,0,0,0,0,0,0,1,1,6,6,1,82,11,1499,2,0,PEUGEOT 208,5,E01018920,0,-1
2023451278178,2023,451278178,2,9,0,9,9,7,1,0,0,6,0,0,0,0,3,1,2,2,1,55,8,-1,3,3,PEUGEOT 208,10,E01030874,0,-1
2023461378503,2023,461378503,2,9,0,18,19,3,7,0,0,1,0,0,0,0,1,1,6,6,1,45,7,1200,1,9,PEUGEOT 208,6,E01024161,0,-1
2023430532981,2023,430532981,2,9,0,4,4,5,1,0,0,1,0,0,0,0,2,1,6,6,2,61,9,1199,1,1,PEUGEOT 208,10,E01028699,0,-1
2023201403508,2023,201403508,2,9,0,18,19,1,5,0,0,0,0,0,0,0,1,1,6,6,1,44,7,1000,1,9,PEUGEOT 208,1,E01009718,0,-1
2023052300804,2023,052300804,2,9,0,7,7,3,5,0,0,6,0,0,0,0,1,1,6,6,2,53,8,1200,1,8,PEUGEOT 208,2,E01007125,0,-1
2023421333504,2023,421333504,2,9,0,9,9,1,7,0,0,0,0,0,0,0,3,1,5,6,2,25,5,1200,1,10,PEUGEOT 208,8,E01021718,0,-1
2023451305686,2023,451305686,2,9,0,18,19,5,7,0,0,0,0,0,0,0,1,1,6,6,3,45,7,1000,1,10,PEUGEOT 208,3,E01002932,0,-1
2023041339948,2023,041339948,2,9,0,17,19,1,5,0,0,0,0,0,0,0,4,1,5,6,2,28,6,1200,1,8,PEUGEOT 208,1,E01024882,0,-1
2023501290409,2023,501290409,3,9,0,3,3,1,5,0,0,0,0,0,0,0,2,1,6,6,2,58,9,1200,1,8,PEUGEOT 208,5,E01018834,0,-1
2023430025346,2023,430025346,1,9,0,9,9,6,4,0,0,5,0,7,7,1,1,1,2,2,1,46,8,1200,1,7,PEUGEOT 208,4,E01016439,0,-1
2023501366651,2023,501366651,2,9,0,18,19,6,2,0,0,0,0,0,0,0,3,1,2,2,2,65,9,1200,1,6,PEUGEOT 208,6,E01020069,0,-1
2023010476315,2023,010476315,2,9,0,5,5,1,5,0,0,1,0,0,0,0,1,1,2,2,1,24,5,1200,1,10,PEUGEOT 208,6,E01003163,0,-1
2023122300247,2023,122300247,2,9,0,18,19,5,1,0,0,2,0,0,0,0,2,1,6,6,2,80,11,1200,1,8,PEUGEOT 208,10,E01032548,0,-1
2023501361796,2023,501361796,1,9,0,18,19,3,7,0,0,0,0,0,0,0,3,1,6,6,2,35,6,1200,1,11,PEUGEOT 208,8,E01015227,0,-1
2023101338225,2023,101338225,2,9,0,18,19,5,1,0,0,0,0,0,0,0,3,1,5,6,2,58,9,1398,2,9,PEUGEOT 208,10,E01027494,0,-1
2023622300962,2023,622300962,1,9,0,9,9,8,6,0,0,6,0,0,0,0,1,1,6,6,3,-1,-1,1200,1,2,PEUGEOT 208,-1,-1,0,-1
2023141388411,2023,141388411,2,9,0,9,9,6,3,0,0,2,0,0,0,0,3,1,5,6,2,54,8,1200,1,6,PEUGEOT 208,2,E01007595,0,-1
2023411283967,2023,411283967,1,9,0,18,19,-1,-1,0,0,8,0,0,0,0,1,1,6,6,2,32,6,1200,1,6,PEUGEOT 208,10,E01023610,0,-1
2023991394351,2023,991394351,1,9,0,9,9,7,5,0,0,8,0,0,0,0,4,2,5,6,2,21,5,1000,1,7,PEUGEOT 208,4,-1,0,-1
2023430044718,2023,430044718,1,9,0,18,19,8,4,0,0,1,0,0,0,0,1,1,6,6,1,94,11,1398,2,9,PEUGEOT 208,7,E01028800,0,-1
2023411306284,2023,411306284,1,9,0,18,19,2,6,0,0,0,0,0,0,0,1,1,6,6,2,41,7,1200,1,2,PEUGEOT 208,7,E01023335,0,-1
2023231268257,2023,231268257,1,9,0,18,19,4,8,0,0,8,0,0,0,0,1,1,6,6,2,22,5,1200,1,4,PEUGEOT 208,9,E01032885,0,-1
2023991300857,2023,991300857,1,9,0,16,19,8,3,0,0,0,2,0,0,0,1,1,2,2,1,36,7,1199,1,5,PEUGEOT 208,3,-1,0,-1
2023340WN2812,2023,340WN2812,1,9,0,5,5,7,3,0,0,4,0,0,0,0,1,1,2,2,1,50,8,1398,2,9,PEUGEOT 208,7,E01028509,0,-1
2023440296696,2023,440296696,1,9,0,18,19,6,2,0,0,2,0,0,0,0,1,1,6,6,1,28,6,1200,1,2,PEUGEOT 208,1,E01017154,0,-1
2023010470190,2023,010470190,1,9,0,18,19,1,5,0,0,1,0,0,0,0,4,1,1,1,1,62,9,1200,1,1,PEUGEOT 208,3,E01003723,0,-1
2023201322755,2023,201322755,2,9,0,3,3,4,8,0,0,1,0,0,0,0,2,1,1,1,1,27,6,1200,1,3,PEUGEOT 208,3,E01009928,0,-1
2023430266149,2023,430266149,1,9,0,5,5,8,4,0,0,0,0,0,0,0,4,1,6,6,1,32,6,-1,3,1,PEUGEOT 208,4,E01016512,0,-1
2023061289623,2023,061289623,2,9,0,18,19,3,7,0,0,0,0,0,4,0,2,1,6,6,2,27,6,1200,1,9,PEUGEOT 208,1,E01006865,0,-1
2023421292638,2023,421292638,1,9,0,18,19,7,3,7,6,0,1,0,1,0,1,1,2,2,1,64,9,1200,1,3,PEUGEOT 208,-1,-1,0,-1
2023010463689,2023,010463689,1,9,0,99,99,9,9,99,99,9,9,99,9,99,9,9,6,6,3,53,8,1200,1,7,PEUGEOT 208,8,E01002900,0,-1
2023430354606,2023,430354606,1,9,0,7,7,8,2,0,0,6,0,0,0,0,3,1,6,6,2,38,7,-1,3,2,PEUGEOT 208,-1,-1,0,-1
2023010473380,2023,010473380,2,9,0,18,19,3,7,0,0,8,0,0,0,0,1,1,6,6,1,36,7,1199,1,0,PEUGEOT 208,1,E01002036,0,-1
2023131375918,2023,131375918,3,9,0,2,2,0,0,9,9,1,0,0,0,0,3,1,6,6,3,-1,-1,1200,1,9,PEUGEOT 208,-1,-1,0,-1
2023351391016,2023,351391016,2,9,0,16,19,7,3,0,0,0,0,0,0,0,1,1,6,6,2,60,9,1200,1,7,PEUGEOT 208,4,E01018184,0,-1
2023320255533,2023,320255533,3,9,0,4,4,8,4,0,0,0,0,0,0,0,2,1,4,7,2,59,9,1200,1,9,PEUGEOT 208,4,E01026250,0,-1
2023061342064,2023,061342064,2,9,0,2,2,0,0,0,0,1,0,0,0,0,3,1,6,6,3,-1,-1,1598,1,9,PEUGEOT 208,-1,-1,0,-1
2023161332301,2023,161332301,2,9,0,2,2,0,0,0,0,0,0,0,1,0,1,1,6,6,3,-1,-1,1560,2,10,PEUGEOT 208,-1,-1,0,-1
2023122300471,2023,122300471,2,9,0,18,19,1,5,0,0,1,0,0,0,0,1,1,6,6,2,51,8,1199,1,4,PEUGEOT 208,5,E01027590,0,-1
2023101363809,2023,101363809,1,9,0,5,5,8,7,0,0,1,0,0,0,0,1,1,1,1,2,64,9,1200,1,7,PEUGEOT 208,4,E01008597,0,-1
2023070434620,2023,070434620,1,9,0,7,7,8,2,9,9,8,0,0,0,0,4,1,6,6,1,-1,-1,1000,1,8,PEUGEOT 208,-1,-1,0,-1
2023010454760,2023,010454760,2,9,0,9,9,7,5,0,0,1,0,0,0,0,3,1,6,6,2,30,6,2497,1,4,PORSCHE 718,7,E01003395,0,-1
2023371295386,2023,371295386,2,9,0,18,19,5,1,0,0,8,0,0,0,0,3,1,5,6,1,42,7,3995,1,3,PORSCHE 718,7,E01030096,0,-1
2023471389944,2023,471389944,2,9,0,4,4,1,5,0,0,0,0,0,0,0,0,1,5,6,1,59,9,1988,1,7,PORSCHE 718,6,E01021204,0,-1