collision_index,collision_year,collision_ref_no,vehicle_reference,vehicle_type,towing_and_articulation,vehicle_manoeuvre_historic,vehicle_manoeuvre,vehicle_direction_from,vehicle_direction_to,vehicle_location_restricted_lane_historic,vehicle_location_restricted_lane,junction_location,skidding_and_overturning,hit_object_in_carriageway,vehicle_leaving_carriageway,hit_object_off_carriageway,first_point_of_impact,vehicle_left_hand_drive,journey_purpose_of_driver_historic,journey_purpose_of_driver,sex_of_driver,age_of_driver,age_band_of_driver,engine_capacity_cc,propulsion_code,age_of_vehicle,generic_make_model,driver_imd_decile,lsoa_of_driver,escooter_flag,driver_distance_banding
2023991310016,2023,991310016,1,9,0,7,7,6,8,0,0,5,0,0,7,11,1,1,5,6,1,72,10,1199,1,0,VAUXHALL MOKKA,2,-1,0,-1
2023332300994,2023,332300994,1,9,0,9,9,1,7,0,0,2,0,0,0,0,1,1,6,6,2,-1,-1,1686,2,8,VAUXHALL MOKKA,-1,-1,0,-1
2023221381028,2023,221381028,1,9,0,18,19,2,6,0,0,0,0,0,0,0,1,1,6,6,1,54,8,1199,1,0,VAUXHALL MOKKA,1,E01032252,0,-1
2023440081825,2023,440081825,3,9,0,3,3,7,3,0,0,2,0,0,0,0,2,1,2,2,2,34,6,1364,1,5,VAUXHALL MOKKA,9,E01022730,0,-1
2023411291381,2023,411291381,1,9,0,18,19,4,8,0,0,1,0,0,0,0,1,1,6,6,1,65,9,1686,2,9,VAUXHALL MOKKA,9,E01023912,0,-1
2023461360108,2023,461360108,1,9,0,4,4,3,7,0,0,0,0,0,0,0,1,1,5,6,1,71,10,1364,1,7,VAUXHALL MOKKA,10,E01024046,0,-1
2023340NN3782,2023,340NN3782,1,9,0,16,19,6,8,0,0,0,0,0,7,9,1,1,6,6,2,81,11,-1,3,0,VAUXHALL MOKKA,2,E01026957,0,-1
2023052300161,2023,052300161,1,9,0,18,19,3,7,0,0,0,0,0,0,0,1,1,2,2,2,28,6,1364,1,6,VAUXHALL MOKKA,4,E01006485,0,-1
2023351349467,2023,351349467,1,9,0,7,7,8,4,0,0,0,0,0,0,0,4,1,6,6,1,57,9,1364,1,7,VAUXHALL MOKKA,1,E01002852,0,-1
2023010441743,2023,010441743,1,9,0,18,19,1,5,0,0,1,5,7,0,0,1,1,6,6,1,43,7,1364,1,6,VAUXHALL MOKKA,5,E01002245,0,-1
2023101392391,2023,101392391,2,9,0,3,3,7,3,0,0,1,0,0,0,0,3,1,6,6,2,46,8,1364,1,5,VAUXHALL MOKKA,1,E01020759,0,-1
2023010437884,2023,010437884,2,9,0,99,99,9,9,99,99,9,9,99,9,99,9,9,6,6,3,-1,-1,1364,1,4,VAUXHALL MOKKA,-1,-1,0,-1
2023201296482,2023,201296482,2,9,0,10,10,4,1,0,0,8,0,0,0,0,3,1,6,6,1,58,9,1686,2,8,VAUXHALL MOKKA,1,E01009881,0,-1
2023461323435,2023,461323435,2,9,0,3,3,1,5,0,0,0,0,0,0,0,2,1,6,6,1,26,6,1199,1,0,VAUXHALL MOKKA,4,E01016048,0,-1
2023211313011,2023,211313011,3,9,0,2,2,0,0,0,0,1,0,0,0,0,2,1,5,6,3,23,5,1598,1,10,VAUXHALL MOKKA,-1,-1,0,-1
2023010474366,2023,010474366,2,9,0,99,99,9,9,99,99,0,9,99,9,99,9,9,6,6,3,-1,-1,1364,1,6,VAUXHALL MOKKA,-1,-1,0,-1
2023010448984,2023,010448984,1,9,0,3,3,3,7,0,0,1,0,0,0,0,2,1,6,6,2,53,8,149,1,6,VAUXHALL MOKKA,8,E01000985,0,-1
2023451365109,2023,451365109,2,9,0,18,19,5,1,0,0,1,0,0,1,11,4,1,2,2,2,30,6,1364,1,7,VAUXHALL MOKKA,9,E01030406,0,-1
2023010431787,2023,010431787,2,9,0,10,10,3,1,0,0,8,0,0,0,0,3,1,6,6,2,58,9,1364,1,5,VAUXHALL MOKKA,3,E01000522,0,-1
2023311283726,2023,311283726,1,9,0,18,19,7,3,0,0,1,0,0,0,0,1,1,6,6,1,45,7,1364,1,5,VAUXHALL MOKKA,5,E01028243,0,-1
202360A043076,2023,60A043076,1,9,0,18,19,1,5,0,0,2,0,0,0,0,0,1,6,6,1,62,9,1364,1,5,VAUXHALL MOKKA,-1,-1,0,-1
2023320018844,2023,320018844,1,9,0,13,13,5,1,0,0,0,5,0,1,4,2,1,6,6,1,63,9,1598,1,8,VAUXHALL MOKKA,-1,-1,0,-1
2023010423422,2023,010423422,1,9,0,18,19,5,1,0,0,1,0,0,0,0,4,1,6,6,2,57,9,1364,1,9,VAUXHALL MOKKA,7,E01004544,0,-1
2023070780483,2023,070780483,1,9,0,18,19,5,1,0,0,1,0,0,0,0,1,1,6,6,2,69,10,1364,1,5,VAUXHALL MOKKA,10,E01018621,0,-1
2023101302678,2023,101302678,1,9,0,13,13,7,3,0,0,0,0,0,0,0,4,1,5,6,2,32,6,1686,2,10,VAUXHALL MOKKA,8,E01027497,0,-1
2023411340773,2023,411340773,2,9,0,18,19,5,1,0,0,8,0,0,0,0,4,1,6,6,2,21,5,1199,1,2,VAUXHALL MOKKA,3,E01023294,0,-1
2023010463744,2023,010463744,3,9,0,2,2,0,0,0,0,1,0,0,0,0,1,1,6,6,3,-1,-1,-1,3,1,VAUXHALL MOKKA,-1,-1,0,-1
2023131390321,2023,131390321,1,9,0,18,19,7,3,0,0,0,0,0,0,0,3,1,5,6,1,67,10,1598,1,7,VAUXHALL MOKKA,3,E01011898,0,-1
2023070190575,2023,070190575,1,9,0,18,19,5,1,0,0,0,0,0,0,0,1,1,6,6,1,18,4,1598,1,7,VAUXHALL MOKKA,9,E01018513,0,-1
2023451318308,2023,451318308,3,9,0,9,9,1,6,0,0,1,0,0,0,0,3,1,5,6,2,33,6,1364,1,9,VAUXHALL MOKKA,10,E01030322,0,-1
2023401337863,2023,401337863,4,9,0,18,19,4,8,0,0,0,0,0,0,0,2,1,6,6,2,63,9,1364,1,9,VAUXHALL MOKKA,3,E01015785,0,-1
2023131264507,2023,131264507,1,9,0,18,19,1,1,0,0,1,0,0,0,0,4,1,5,6,2,32,6,1364,1,6,VAUXHALL MOKKA,1,E01010874,0,-1
2023522401069,2023,522401069,1,9,0,16,19,3,5,0,0,8,0,0,0,0,1,1,6,6,2,49,8,1364,1,4,VAUXHALL MOKKA,2,E01014629,0,-1
2023622300197,2023,622300197,1,9,0,4,4,6,2,0,0,0,0,0,0,0,0,1,6,6,1,36,7,-1,3,1,VAUXHALL MOKKA,10,W01001948,0,-1
2023991356603,2023,991356603,6,9,0,18,19,7,2,0,0,0,0,0,0,0,2,1,5,6,2,44,7,1199,1,2,VAUXHALL MOKKA,4,-1,0,-1
2023111339406,2023,111339406,2,9,0,9,9,6,5,0,0,1,0,0,0,0,3,1,6,6,1,71,10,1364,1,7,VAUXHALL MOKKA,7,E01020601,0,-1
2023131293608,2023,131293608,1,9,0,18,19,5,1,0,0,0,0,0,0,0,1,1,5,6,1,51,8,1199,1,0,VAUXHALL MOKKA,1,E01011003,0,-1
2023211298052,2023,211298052,2,9,0,3,3,1,5,0,0,1,0,0,0,0,2,1,2,2,2,25,5,1364,1,7,VAUXHALL MOKKA,-1,-1,0,-1
2023501352046,2023,501352046,1,9,0,18,19,2,6,0,0,4,0,0,0,0,3,1,6,6,2,24,5,1364,1,5,VAUXHALL MOKKA,6,E01018985,0,-1
2023041396045,2023,041396045,1,9,0,18,19,5,1,0,0,0,0,0,0,0,1,1,5,6,2,54,8,1199,1,1,VAUXHALL MOKKA,5,E01012706,0,-1
2023461333673,2023,461333673,1,9,0,4,4,6,2,0,0,0,0,0,0,0,1,1,6,6,1,79,11,1364,1,4,VAUXHALL MOKKA,6,E01016142,0,-1
2023361357921,2023,361357921,2,9,0,12,12,3,7,0,0,0,5,0,4,0,4,1,1,1,2,25,5,1199,1,1,VAUXHALL MOKKA,6,E01026431,0,-1
2023320106286,2023,320106286,2,9,0,18,19,7,3,0,0,4,0,0,0,0,2,1,6,6,2,56,9,1199,1,1,VAUXHALL MOKKA,8,E01026223,0,-1
2023430372641,2023,430372641,2,9,0,3,3,6,2,0,0,0,0,0,0,0,2,1,6,6,1,58,9,-1,3,2,VAUXHALL MOKKA,7,E01006852,0,-1
2023211270644,2023,211270644,1,9,0,18,19,1,5,0,0,0,0,0,0,0,1,1,5,6,2,51,8,1364,1,8,VAUXHALL MOKKA,8,E01029525,0,-1
2023061371000,2023,061371000,2,9,0,2,2,0,0,0,0,0,0,0,0,0,2,1,5,6,2,57,9,1686,2,10,VAUXHALL MOKKA,-1,-1,0,-1
2023061326726,2023,061326726,2,9,0,2,2,0,0,0,0,0,0,0,0,0,2,1,6,6,3,-1,-1,1199,1,0,VAUXHALL MOKKA,-1,-1,0,-1
2023991298551,2023,991298551,2,9,0,18,19,4,8,0,0,1,0,0,0,0,4,1,6,6,2,59,9,1598,2,4,VAUXHALL MOKKA,2,-1,0,-1
2023440057251,2023,440057251,2,9,0,18,19,1,5,0,0,0,0,0,0,0,2,1,6,6,1,35,6,1686,2,9,VAUXHALL MOKKA,4,E01017058,0,-1
2023010432646,2023,010432646,1,9,0,7,7,5,8,0,0,8,0,0,0,0,4,1,6,6,2,37,7,1364,1,5,VAUXHALL MOKKA,-1,-1,0,-1
2023201356389,2023,201356389,1,9,0,5,5,6,4,0,0,6,0,0,0,0,3,1,6,6,2,42,7,1364,1,8,VAUXHALL MOKKA,2,E01010146,0,-1
2023131348509,2023,131348509,1,9,0,5,5,1,1,0,0,2,0,1,0,0,1,1,5,6,2,29,6,1598,2,6,VAUXHALL MOKKA,3,E01007345,0,-1
2023131321575,2023,131321575,1,9,0,15,15,5,8,0,0,0,0,0,0,0,1,2,6,6,2,54,8,1199,1,1,VAUXHALL MOKKA,2,E01011815,0,-1
2023201339735,2023,201339735,2,9,0,3,3,8,4,0,0,1,0,0,0,0,2,1,6,6,2,52,8,1598,1,8,VAUXHALL MOKKA,9,E01009469,0,-1
2023451353221,2023,451353221,1,9,0,17,19,8,5,0,0,1,5,0,2,2,1,1,2,2,1,48,8,1199,1,0,VAUXHALL MOKKA,2,E01001193,0,-1
2023440327533,2023,440327533,3,9,0,2,2,0,0,0,0,0,0,0,0,0,4,1,6,6,3,-1,-1,1364,1,10,VAUXHALL MOKKA,-1,-1,0,-1
2023461320996,2023,461320996,2,9,0,4,4,7,3,0,0,0,0,0,0,0,2,1,2,2,2,34,6,1598,1,6,VAUXHALL MOKKA,2,E01016018,0,-1
2023361305720,2023,361305720,1,9,0,18,19,3,7,0,0,8,0,0,7,0,4,1,5,6,1,36,7,-1,3,1,VAUXHALL MOKKA,9,E01026933,0,-1
2023991296017,2023,991296017,2,9,0,18,19,3,7,0,0,0,0,0,0,0,1,1,5,6,1,52,8,-1,3,1,VAUXHALL MOKKA,7,-1,0,-1
2023170H10803,2023,170H10803,1,9,0,1,1,0,2,0,0,0,0,0,0,0,2,1,6,6,2,56,9,1499,2,2,VAUXHALL MOKKA,-1,-1,0,-1
2023451304262,2023,451304262,1,9,0,2,2,0,0,0,0,2,0,0,0,0,2,1,5,6,2,47,8,1364,1,5,VAUXHALL MOKKA,10,E01030680,0,-1
2023211382099,2023,211382099,1,9,0,18,19,5,1,0,0,1,0,0,0,0,4,1,5,6,1,50,8,1686,2,9,VAUXHALL MOKKA,1,E01014269,0,-1
2023201370365,2023,201370365,1,9,0,8,8,3,6,0,0,1,0,0,0,0,1,1,6,6,2,50,8,1364,1,5,VAUXHALL MOKKA,1,E01033645,0,-1
2023041353392,2023,041353392,1,9,0,18,19,5,1,0,0,0,0,0,0,0,4,1,2,2,2,35,6,1598,1,10,VAUXHALL MOKKA,2,E01012746,0,-1
2023071016186,2023,071016186,2,9,0,9,9,8,4,0,0,8,0,0,0,0,1,1,3,7,2,35,6,1686,2,9,VAUXHALL MOKKA,8,E01018567,0,-1
2023361263999,2023,361263999,2,9,0,18,19,3,7,0,0,0,0,0,0,0,1,1,6,6,1,41,7,1598,2,8,VAUXHALL MOKKA,3,E01026246,0,-1
2023440497646,2023,440497646,3,9,0,18,19,6,2,0,0,0,0,0,0,0,1,1,2,2,1,69,10,1364,1,8,VAUXHALL MOKKA,5,E01023079,0,-1
2023010449276,2023,010449276,1,9,0,18,19,7,3,0,0,1,0,0,0,0,1,1,6,6,1,59,9,-1,3,1,VAUXHALL MOKKA,3,E01001449,0,-1
2023131330716,2023,131330716,2,9,0,4,4,4,8,0,0,1,0,0,0,0,0,1,5,6,2,38,7,1199,1,1,VAUXHALL MOKKA,2,E01011220,0,-1
2023161269430,2023,161269430,1,9,0,18,19,3,7,0,0,8,5,0,3,11,1,1,5,6,1,52,8,1686,2,9,VAUXHALL MOKKA,4,E01013303,0,-1
2023221324364,2023,221324364,1,9,0,14,14,3,4,0,0,0,0,0,0,0,3,1,2,2,1,40,7,-1,3,0,VAUXHALL MOKKA,7,E01022449,0,-1
2023161344273,2023,161344273,1,9,0,18,19,1,5,0,0,4,0,0,0,0,3,1,5,6,1,58,9,1364,1,6,VAUXHALL MOKKA,10,E01013564,0,-1
2023010462906,2023,010462906,2,9,9,99,99,9,9,99,99,9,9,99,9,99,9,9,6,6,3,-1,-1,1364,1,4,VAUXHALL MOKKA,-1,-1,0,-1
2023371346941,2023,371346941,1,9,0,9,9,1,5,0,0,8,0,0,0,0,-1,1,6,6,2,44,7,1598,1,7,VAUXHALL MOKKA,5,E01030140,0,-1
2023991379673,2023,991379673,1,9,0,18,19,5,1,0,0,0,0,0,0,0,1,1,5,6,2,44,7,1598,2,7,VAUXHALL MOKKA,2,-1,0,-1
202360A126394,2023,60A126394,1,9,0,4,4,4,8,0,0,0,0,0,0,0,1,1,6,6,2,73,10,1364,1,5,VAUXHALL MOKKA,-1,-1,0,-1
2023101341852,2023,101341852,2,9,0,2,2,1,1,0,0,2,0,0,0,0,4,1,6,6,3,-1,-1,1598,1,6,VAUXHALL MOKKA,-1,-1,0,-1
2023340WN5332,2023,340WN5332,1,9,0,14,14,4,8,0,0,1,0,0,0,0,1,1,2,2,1,61,9,1598,2,8,VAUXHALL MOKKA,6,E01016745,0,-1
2023010486202,2023,010486202,1,9,0,9,9,2,7,0,0,5,0,0,0,0,1,1,2,2,2,50,8,1364,1,5,VAUXHALL MOKKA,4,E01001586,0,-1
2023430310870,2023,430310870,2,9,0,4,4,8,4,0,0,0,0,0,0,0,2,1,6,6,1,21,5,1364,1,10,VAUXHALL MOKKA,4,E01015871,0,-1
2023471364802,2023,471364802,1,9,0,18,19,4,1,0,0,1,0,0,0,0,1,1,5,6,2,58,9,1364,1,4,VAUXHALL MOKKA,8,E01021180,0,-1
2023141303680,2023,141303680,1,9,0,18,19,7,3,0,0,0,0,0,0,0,1,1,2,2,1,65,9,1598,2,7,VAUXHALL MOKKA,8,E01013264,0,-1
2023451294822,2023,451294822,3,9,0,18,19,7,3,0,0,0,0,0,0,0,2,1,5,6,1,51,8,1598,1,7,VAUXHALL MOKKA,8,E01030478,0,-1
2023361344578,2023,361344578,2,9,0,4,4,5,1,0,0,0,0,0,0,0,2,1,5,6,2,62,9,1199,1,1,VAUXHALL MOKKA,1,E01026595,0,-1
2023161331332,2023,161331332,2,9,0,18,19,3,7,0,0,4,0,0,0,0,3,1,6,6,2,30,6,1364,1,6,VAUXHALL MOKKA,-1,-1,0,-1
2023411311689,2023,411311689,1,9,0,18,19,7,3,0,0,1,0,0,0,0,3,1,6,6,2,53,8,1364,1,5,VAUXHALL MOKKA,-1,-1,0,-1
2023101330314,2023,101330314,2,9,0,4,4,6,2,0,0,1,0,0,0,0,2,1,5,6,2,48,8,1598,1,9,VAUXHALL MOKKA,1,E01008730,0,-1
2023451309748,2023,451309748,2,9,0,7,7,3,7,0,0,1,0,0,0,0,4,1,2,2,2,37,7,1199,1,2,VAUXHALL MOKKA,2,E01030497,0,-1
2023302300456,2023,302300456,2,9,0,4,4,2,6,0,0,1,1,0,0,0,1,1,6,6,1,40,7,1364,1,7,VAUXHALL MOKKA,9,E01019622,0,-1
2023440520790,2023,440520790,1,9,0,1,1,6,2,0,0,0,0,0,0,0,2,1,6,6,2,57,9,1364,1,5,VAUXHALL MOKKA,5,E01017113,0,-1
2023010435071,2023,010435071,2,9,0,99,99,9,9,99,99,0,9,99,9,99,9,9,6,6,3,-1,-1,1598,1,7,VAUXHALL MOKKA,-1,-1,0,-1
2023991322553,2023,991322553,2,9,0,18,19,7,3,0,0,8,0,0,7,0,1,1,5,6,2,68,10,1199,1,2,VAUXHALL MOKKA,7,-1,0,-1
2023010481187,2023,010481187,2,9,9,99,99,9,9,99,99,9,9,99,9,99,9,9,6,6,3,-1,-1,1364,1,7,VAUXHALL MOKKA,-1,-1,0,-1
2023340NN2962,2023,340NN2962,1,9,0,18,19,6,2,0,0,0,5,4,0,0,1,1,6,6,1,85,11,1364,1,7,VAUXHALL MOKKA,8,E01027103,0,-1
2023101377760,2023,101377760,1,9,0,18,19,7,3,0,0,0,0,0,0,0,1,1,5,6,1,80,11,1364,1,5,VAUXHALL MOKKA,8,E01008351,0,-1
2023010463241,2023,010463241,1,9,0,18,19,3,7,0,0,8,0,0,0,0,3,1,6,6,2,46,8,1598,1,7,VAUXHALL MOKKA,-1,-1,0,-1
2023161305262,2023,161305262,1,9,0,18,19,2,6,0,0,1,0,0,0,0,1,1,6,6,2,47,8,1199,1,2,VAUXHALL MOKKA,7,E01013020,0,-1
2023610005723,2023,610005723,1,9,0,18,19,5,1,0,0,0,0,0,0,0,1,1,6,6,1,60,9,1598,2,8,VAUXHALL MOKKA,3,W01001461,0,-1
2023311357900,2023,311357900,1,9,0,5,5,1,7,0,0,0,0,0,0,0,1,1,5,6,1,27,6,1686,2,10,VAUXHALL MOKKA,-1,-1,0,-1
2023010440531,2023,010440531,2,9,0,99,99,9,9,99,99,9,9,99,9,99,1,9,6,6,3,-1,-1,1364,1,5,VAUXHALL MOKKA,4,E01021815,0,-1
2023461341473,2023,461341473,1,9,0,7,7,5,3,0,0,7,0,11,7,2,1,1,6,6,1,34,6,1199,1,1,VAUXHALL MOKKA,5,E01024638,0,-1
2023010443841,2023,010443841,1,9,0,99,99,9,9,99,99,0,9,99,9,99,2,9,6,6,2,44,7,1364,1,6,VAUXHALL MOKKA,3,E01003388,0,-1
2023010455824,2023,010455824,2,9,0,99,99,9,9,99,99,9,9,99,9,99,9,9,6,6,2,-1,-1,1199,1,2,VAUXHALL MOKKA,3,E01001552,0,-1
2023010435168,2023,010435168,2,9,0,99,99,9,9,99,99,9,9,99,9,99,4,9,6,6,3,-1,-1,1364,1,5,VAUXHALL MOKKA,-1,-1,0,-1
2023320408995,2023,320408995,1,9,0,4,4,8,4,0,0,1,0,0,0,0,1,1,6,6,2,77,11,1364,1,7,VAUXHALL MOKKA,6,E01027868,0,-1
2023010428595,2023,010428595,2,9,0,99,99,9,9,99,99,9,9,99,9,99,9,9,6,6,1,63,9,1364,1,4,VAUXHALL MOKKA,10,E01030542,0,-1
2023141388832,2023,141388832,1,9,0,18,19,7,3,0,0,0,0,0,7,3,1,1,6,6,2,62,9,1686,2,9,VAUXHALL MOKKA,9,E01007670,0,-1
2023471347760,2023,471347760,2,9,0,18,19,1,5,0,0,1,0,0,7,0,4,1,6,6,1,65,9,1364,1,6,VAUXHALL MOKKA,5,E01031832,0,-1
2023161262608,2023,161262608,1,9,0,9,9,2,8,0,0,0,0,0,0,0,4,1,5,6,1,79,11,1364,1,5,VAUXHALL MOKKA,10,E01013067,0,-1
2023311366552,2023,311366552,1,9,0,3,3,5,8,0,0,4,0,0,0,0,1,1,5,6,1,82,11,1598,1,9,VAUXHALL MOKKA,10,E01028389,0,-1
2023070730891,2023,070730891,1,9,0,4,4,3,7,0,0,4,0,0,0,0,1,1,6,6,2,60,9,1199,1,2,VAUXHALL MOKKA,-1,-1,0,-1
2023010438314,2023,010438314,1,9,0,99,99,9,9,99,99,9,9,99,9,99,2,9,6,6,2,55,8,1598,1,6,VAUXHALL MOKKA,7,E01000369,0,-1
2023991303035,2023,991303035,1,9,0,18,19,3,7,0,0,0,0,0,0,0,1,1,2,2,1,58,9,1364,1,4,VAUXHALL MOKKA,-1,-1,0,-1
2023991368256,2023,991368256,1,9,0,9,9,3,2,4,4,5,0,0,0,0,0,1,6,6,1,85,11,1199,1,0,VAUXHALL MOKKA,2,-1,0,-1
2023440503489,2023,440503489,1,9,0,3,3,6,2,0,0,1,0,0,0,0,2,1,6,6,1,25,5,1364,1,7,VAUXHALL MOKKA,6,E01022960,0,-1
2023622300101,2023,622300101,1,9,0,18,19,8,4,0,0,0,0,4,0,0,4,1,6,6,1,69,10,1364,1,5,VAUXHALL MOKKA,1,W01001884,0,-1
2023451302244,2023,451302244,2,9,0,6,6,1,3,0,0,0,0,0,0,0,4,1,6,6,1,35,6,1364,1,6,VAUXHALL MOKKA,8,E01030734,0,-1
2023361304420,2023,361304420,1,9,0,18,19,6,3,0,0,0,0,0,7,0,1,1,6,6,1,64,9,-1,3,0,VAUXHALL MOKKA,2,E01002310,0,-1
2023430098332,2023,430098332,2,9,0,3,3,7,3,0,0,0,0,0,0,0,2,1,6,6,2,30,6,1686,2,10,VAUXHALL MOKKA,9,E01028601,0,-1
2023501374364,2023,501374364,1,9,0,18,19,5,1,0,0,0,0,0,0,0,1,1,6,6,2,69,10,1199,1,1,VAUXHALL MOKKA,4,E01018843,0,-1
2023041299797,2023,041299797,1,9,0,18,19,-1,-1,0,0,1,0,0,0,0,-1,1,6,6,1,58,9,1199,1,1,VAUXHALL MOKKA,3,E01025269,0,-1
2023131352483,2023,131352483,1,9,0,3,3,1,5,0,0,8,0,0,0,0,2,1,6,6,3,-1,-1,1364,1,5,VAUXHALL MOKKA,-1,-1,0,-1
2023010478590,2023,010478590,1,9,0,99,99,9,9,99,99,9,9,99,9,99,1,9,6,6,2,30,6,1364,1,5,VAUXHALL MOKKA,3,E01001188,0,-1
2023041357457,2023,041357457,2,9,0,18,19,3,7,0,0,1,0,0,0,0,1,1,3,7,2,36,7,-1,3,0,VAUXHALL MOKKA,8,E01025280,0,-1
2023010436562,2023,010436562,1,9,0,99,99,9,9,99,99,9,9,99,9,99,9,9,6,6,1,25,5,-1,3,1,VAUXHALL MOKKA,5,E01000571,0,-1
2023302300866,2023,302300866,2,9,0,18,19,4,8,0,0,1,0,0,0,0,1,1,6,6,2,34,6,1598,1,9,VAUXHALL MOKKA,1,E01019578,0,-1
2023451367850,2023,451367850,2,9,0,9,9,3,7,0,0,8,1,0,7,11,2,1,5,6,2,62,9,1364,1,8,VAUXHALL MOKKA,8,E01024721,0,-1
2023061280546,2023,061280546,1,9,0,5,5,3,7,0,0,0,0,0,0,0,1,1,1,1,1,48,8,1364,1,6,VAUXHALL MOKKA,1,E01005667,0,-1
2023421378421,2023,421378421,1,9,0,-1,-1,-1,-1,-1,-1,0,-1,-1,-1,0,-1,1,6,6,3,-1,-1,1364,1,6,VAUXHALL MOKKA,-1,-1,0,-1
2023122400032,2023,122400032,1,9,0,18,19,5,1,0,0,1,0,0,0,0,1,1,6,6,2,34,6,1598,2,8,VAUXHALL MOKKA,2,E01027825,0,-1
2023201295620,2023,201295620,2,9,0,2,2,0,0,0,0,0,0,0,0,0,3,1,6,6,2,33,6,1364,1,10,VAUXHALL MOKKA,1,E01009480,0,-1
2023101375176,2023,101375176,3,9,0,18,19,1,5,0,0,0,0,0,0,0,2,1,6,6,1,62,9,1598,2,6,VAUXHALL MOKKA,1,E01020736,0,-1
2023440255194,2023,440255194,1,9,0,18,19,5,1,0,0,0,1,4,0,0,4,1,6,6,2,78,11,1364,1,6,VAUXHALL MOKKA,10,E01022647,0,-1
2023461372799,2023,461372799,1,9,0,18,19,7,3,0,0,3,0,0,0,0,1,1,6,6,2,31,6,-1,3,1,VAUXHALL MOKKA,7,E01024302,0,-1
2023421353778,2023,421353778,2,9,0,18,19,3,7,0,0,1,0,0,0,0,1,1,6,6,2,34,6,1199,1,0,VAUXHALL MOKKA,6,E01015864,0,-1
2023010463168,2023,010463168,2,9,0,5,5,3,7,0,0,1,0,0,0,0,3,1,6,6,1,60,9,1364,1,5,VAUXHALL MOKKA,6,E01001572,0,-1
2023031296018,2023,031296018,2,9,0,18,19,3,3,0,0,1,0,0,0,0,1,1,6,6,2,68,10,1364,1,7,VAUXHALL MOKKA,8,E01019378,0,-1
2023010450508,2023,010450508,1,9,0,18,19,3,7,0,0,0,0,0,0,0,1,1,6,6,1,32,6,1199,1,0,VAUXHALL MOKKA,2,E01000781,0,-1
2023440050051,2023,440050051,2,9,0,18,19,1,5,0,0,1,0,0,0,0,4,1,6,6,2,56,9,1364,1,6,VAUXHALL MOKKA,4,E01017087,0,-1
2023622300529,2023,622300529,1,9,0,18,19,2,6,0,0,6,0,0,0,0,1,1,6,6,2,57,9,1598,2,8,VAUXHALL MOKKA,7,W01001005,0,-1
2023440519406,2023,440519406,2,9,0,18,19,3,7,0,0,0,0,0,0,0,1,1,6,6,2,40,7,1199,1,0,VAUXHALL MOKKA,1,E01017236,0,-1
2023010446710,2023,010446710,1,9,0,7,7,5,8,0,0,5,0,0,0,0,1,1,6,6,2,42,7,1364,1,6,VAUXHALL MOKKA,5,E01004099,0,-1
2023411296109,2023,411296109,1,9,0,7,7,-1,-1,0,0,0,0,0,0,0,3,1,6,6,2,-1,-1,1364,1,5,VAUXHALL MOKKA,8,E01023312,0,-1
2023010421891,2023,010421891,1,9,0,99,99,9,9,0,0,9,0,0,0,0,1,9,6,6,3,55,8,1364,1,5,VAUXHALL MOKKA,5,E01000738,0,-1
2023141312543,2023,141312543,2,9,0,18,19,6,6,0,0,1,0,0,0,0,3,1,5,6,2,51,8,1199,1,2,VAUXHALL MOKKA,1,E01007822,0,-1
2023302300055,2023,302300055,1,9,0,7,7,8,2,0,0,2,0,0,0,0,1,1,6,6,1,-1,-1,1199,1,2,VAUXHALL MOKKA,-1,-1,0,-1
2023141361669,2023,141361669,2,9,0,9,9,4,2,0,0,5,0,0,0,0,1,1,6,6,2,53,8,1598,2,7,VAUXHALL MOKKA,2,E01007849,0,-1
2023311282999,2023,311282999,1,9,0,9,9,5,2,0,0,5,0,0,0,0,1,1,6,6,2,41,7,1598,1,9,VAUXHALL MOKKA,-1,-1,0,-1
2023501326688,2023,501326688,1,9,0,16,19,1,5,0,0,0,0,0,0,0,1,1,5,6,1,79,11,1686,2,8,VAUXHALL MOKKA,5,E01018904,0,-1
2023052302474,2023,052302474,2,9,0,18,19,5,1,0,0,1,0,0,0,0,1,1,6,6,1,26,6,1598,2,7,VAUXHALL MOKKA,6,E01006900,0,-1
2023401331460,2023,401331460,3,9,0,18,19,3,7,0,0,1,0,0,0,0,0,1,6,6,1,63,9,1364,1,6,VAUXHALL MOKKA,4,E01015711,0,-1
2023010446644,2023,010446644,1,9,0,17,19,6,2,0,0,6,0,4,0,0,4,1,6,6,1,36,7,1364,1,8,VAUXHALL MOKKA,-1,-1,0,-1
2023991335534,2023,991335534,1,9,0,16,19,2,6,0,0,0,0,0,0,0,1,1,5,6,2,35,6,1598,2,7,VAUXHALL MOKKA,5,-1,0,-1
2023991367813,2023,991367813,1,9,0,14,14,5,1,0,0,0,0,0,0,0,4,1,6,6,2,29,6,1364,1,5,VAUXHALL MOKKA,9,-1,0,-1
2023041274905,2023,041274905,2,9,0,4,4,8,4,0,0,0,0,0,0,0,2,2,5,6,1,79,11,1199,1,1,VAUXHALL MOKKA,9,E01025560,0,-1
2023010465852,2023,010465852,1,9,0,9,9,5,3,0,0,8,0,0,0,0,1,1,6,6,2,39,7,1598,1,6,VAUXHALL MOKKA,2,E01033586,0,-1
2023101352075,2023,101352075,1,9,0,12,12,7,3,0,0,0,0,0,0,0,3,1,1,1,1,27,6,1364,1,5,VAUXHALL MOKKA,2,E01008705,0,-1
2023131330228,2023,131330228,2,9,0,18,19,7,3,0,0,0,0,0,0,0,2,1,6,6,2,55,8,1598,1,10,VAUXHALL MOKKA,9,E01005017,0,-1