collision_index,collision_year,collision_ref_no,vehicle_reference,vehicle_type,towing_and_articulation,vehicle_manoeuvre_historic,vehicle_manoeuvre,vehicle_direction_from,vehicle_direction_to,vehicle_location_restricted_lane_historic,vehicle_location_restricted_lane,junction_location,skidding_and_overturning,hit_object_in_carriageway,vehicle_leaving_carriageway,hit_object_off_carriageway,first_point_of_impact,vehicle_left_hand_drive,journey_purpose_of_driver_historic,journey_purpose_of_driver,sex_of_driver,age_of_driver,age_band_of_driver,engine_capacity_cc,propulsion_code,age_of_vehicle,generic_make_model,driver_imd_decile,lsoa_of_driver,escooter_flag,driver_distance_banding
2023361285659,2023,361285659,6,9,0,18,19,7,3,0,0,0,0,0,0,0,2,1,6,6,2,71,10,1598,2,7,VAUXHALL MOKKA,8,E01026772,0,-1
2023320332848,2023,320332848,2,9,0,17,19,8,4,0,0,0,0,0,0,0,3,1,6,6,1,69,10,1199,1,1,VAUXHALL MOKKA,7,E01026066,0,-1
2023131313947,2023,131313947,1,9,0,9,9,8,6,0,0,2,0,0,0,0,1,2,6,6,1,61,9,1598,1,9,VAUXHALL MOKKA,5,E01011063,0,-1
2023041316048,2023,041316048,3,9,0,3,3,1,5,0,0,0,0,0,0,0,2,1,5,6,1,48,8,1598,2,6,VAUXHALL MOKKA,10,E01025426,0,-1
2023010476652,2023,010476652,2,9,0,99,99,9,9,99,99,9,9,99,9,99,9,9,6,6,3,-1,-1,1598,2,4,VAUXHALL MOKKA,-1,-1,0,-1
2023010450325,2023,010450325,2,9,0,3,3,5,1,0,0,6,0,0,0,0,2,1,6,6,2,58,9,1364,1,5,VAUXHALL MOKKA,10,E01000839,0,-1
2023631391222,2023,631391222,1,9,0,11,11,5,1,0,0,0,0,0,0,0,1,1,5,6,2,38,7,1199,1,2,VAUXHALL MOKKA,1,W01000606,0,-1
2023211361575,2023,211361575,2,9,4,4,4,3,7,0,0,0,0,4,0,0,2,1,5,6,1,65,9,1199,1,0,VAUXHALL MOKKA,5,E01029702,0,-1
2023010436505,2023,010436505,7,9,3,2,2,0,0,0,0,1,0,0,0,0,2,1,6,6,3,-1,-1,1199,1,1,VAUXHALL MOKKA,-1,-1,0,-1
2023311283032,2023,311283032,1,9,0,18,19,7,3,0,0,1,0,0,0,0,1,1,5,6,2,65,9,1364,1,8,VAUXHALL MOKKA,8,E01028119,0,-1
2023991284237,2023,991284237,1,9,0,18,19,7,3,0,0,0,5,4,0,0,1,1,5,6,1,84,11,1364,1,8,VAUXHALL MOKKA,4,-1,0,-1
2023991316846,2023,991316846,1,9,0,18,19,2,6,0,0,0,0,0,0,0,4,1,5,6,1,60,9,1598,2,6,VAUXHALL MOKKA,9,-1,0,-1
2023501269924,2023,501269924,2,9,0,18,19,8,4,0,0,0,0,0,0,0,4,1,5,6,1,59,9,1364,1,5,VAUXHALL MOKKA,6,E01019888,0,-1
2023010452143,2023,010452143,2,9,0,99,99,9,9,99,99,9,9,99,9,99,1,9,6,6,3,-1,-1,1364,1,7,VAUXHALL MOKKA,-1,-1,0,-1
2023440362291,2023,440362291,1,9,0,4,4,4,8,0,0,5,0,0,0,0,2,1,6,6,2,63,9,1199,1,0,VAUXHALL MOKKA,5,E01017013,0,-1
2023041303077,2023,041303077,2,9,0,18,19,3,7,0,0,4,0,0,0,0,4,1,5,6,2,50,8,1199,1,2,VAUXHALL MOKKA,6,E01012667,0,-1
2023010470131,2023,010470131,2,9,0,99,99,9,9,99,99,9,9,99,9,99,9,9,6,6,3,-1,-1,1199,1,1,VAUXHALL MOKKA,-1,-1,0,-1
2023131345590,2023,131345590,2,9,0,14,14,7,3,0,0,0,0,0,0,0,4,1,5,6,3,75,10,1686,2,9,VAUXHALL MOKKA,1,E01011355,0,-1
2023430338120,2023,430338120,1,9,0,18,19,2,4,0,0,0,0,0,0,0,4,1,6,6,2,28,6,1199,1,1,VAUXHALL MOKKA,10,E01017883,0,-1
2023340NN3952,2023,340NN3952,2,9,0,3,3,8,4,0,0,7,0,0,0,0,2,1,6,6,1,66,10,1364,1,5,VAUXHALL MOKKA,7,E01027095,0,-1
2023201408372,2023,201408372,1,9,0,16,19,2,4,0,0,0,2,10,7,4,4,1,6,6,1,72,10,1598,1,6,VAUXHALL MOKKA,8,E01010357,0,-1
2023231347072,2023,231347072,2,9,0,3,3,4,8,0,0,0,0,0,0,0,2,1,6,6,2,38,7,1364,1,8,VAUXHALL MOKKA,3,E01031172,0,-1
2023361366752,2023,361366752,1,9,0,18,19,1,5,0,0,5,0,0,7,0,3,1,5,6,1,74,10,1686,2,8,VAUXHALL MOKKA,4,E01026618,0,-1
2023201413534,2023,201413534,2,9,0,18,19,6,2,0,0,8,0,0,0,0,1,1,2,2,2,29,6,1598,2,7,VAUXHALL MOKKA,7,E01029484,0,-1
2023421337596,2023,421337596,3,9,0,3,3,2,7,0,0,0,0,0,0,0,2,1,5,6,2,43,7,1364,1,6,VAUXHALL MOKKA,8,E01021824,0,-1
2023411328955,2023,411328955,1,9,0,18,19,3,7,0,0,0,0,0,0,0,1,1,6,6,2,37,7,1686,2,10,VAUXHALL MOKKA,9,E01023438,0,-1
2023101332808,2023,101332808,2,9,0,3,3,1,5,0,0,8,0,0,0,0,2,1,6,6,2,61,9,1598,2,6,VAUXHALL MOKKA,4,E01027524,0,-1
2023451344374,2023,451344374,2,9,0,18,19,7,3,0,0,0,0,0,0,0,2,1,5,6,2,32,6,1364,1,4,VAUXHALL MOKKA,5,E01004343,0,-1
2023052300876,2023,052300876,1,9,0,5,5,7,1,0,0,1,0,0,0,0,3,1,6,6,2,41,7,1364,1,5,VAUXHALL MOKKA,1,E01006768,0,-1
2023401313771,2023,401313771,1,9,0,5,5,5,1,0,0,0,0,0,0,0,2,1,5,6,2,85,11,1364,1,6,VAUXHALL MOKKA,10,E01017374,0,-1
2023170L31293,2023,170L31293,1,9,0,18,19,3,7,0,0,0,0,0,0,0,0,1,6,6,2,35,6,1364,1,6,VAUXHALL MOKKA,9,E01012138,0,-1
2023302301349,2023,302301349,2,9,0,4,4,5,1,0,0,2,0,0,0,0,2,1,6,6,2,56,9,1364,1,8,VAUXHALL MOKKA,3,E01013510,0,-1
2023161316514,2023,161316514,1,9,0,7,7,8,2,0,0,6,0,0,0,0,1,1,6,6,3,-1,-1,1199,1,1,VAUXHALL MOKKA,-1,-1,0,-1
2023122400036,2023,122400036,1,9,0,18,19,7,3,0,0,4,0,0,0,0,0,1,2,2,2,64,9,1199,1,0,VAUXHALL MOKKA,9,E01027577,0,-1
2023010475627,2023,010475627,2,9,0,18,19,5,1,0,0,0,0,0,0,0,2,1,1,1,1,58,9,1364,1,6,VAUXHALL MOKKA,3,E01000432,0,-1
2023351320866,2023,351320866,1,9,0,18,19,-1,-1,0,0,1,0,0,0,0,4,1,5,6,2,35,6,1199,1,0,VAUXHALL MOKKA,2,E01018078,0,-1
2023302300043,2023,302300043,1,9,0,9,9,8,6,0,0,8,0,0,0,0,1,1,6,6,1,43,7,1598,1,9,VAUXHALL MOKKA,4,E01028302,0,-1
2023052301313,2023,052301313,2,9,0,4,4,7,3,0,0,1,0,0,0,0,4,1,2,2,2,27,6,1364,1,8,VAUXHALL MOKKA,1,E01007127,0,-1
2023471302269,2023,471302269,2,9,0,17,19,3,7,0,0,8,0,0,0,0,1,1,5,6,2,30,6,1598,1,9,VAUXHALL MOKKA,8,E01021176,0,-1
2023010486363,2023,010486363,2,9,0,99,99,9,9,99,99,9,9,99,9,99,1,9,6,6,3,-1,-1,1199,1,0,VAUXHALL MOKKA,-1,-1,0,-1
2023411345118,2023,411345118,1,9,0,18,19,-1,-1,0,0,1,0,0,0,0,1,1,6,6,3,-1,-1,1598,1,7,VAUXHALL MOKKA,-1,-1,0,-1
2023451325911,2023,451325911,2,9,0,3,3,5,1,0,0,1,0,0,0,0,1,1,6,6,2,32,6,1598,1,7,VAUXHALL MOKKA,6,E01030524,0,-1
2023501345761,2023,501345761,1,9,0,1,1,3,7,0,0,1,0,0,0,0,2,1,5,6,1,72,10,1364,1,8,VAUXHALL MOKKA,3,E01018788,0,-1
2023622300384,2023,622300384,1,9,0,15,15,5,1,0,0,0,0,4,0,0,1,1,6,6,1,77,11,1199,1,1,VAUXHALL MOKKA,1,W01000817,0,-1
2023161299329,2023,161299329,2,9,0,13,13,4,8,0,0,0,0,0,0,0,4,1,6,6,1,-1,-1,1199,1,2,VAUXHALL MOKKA,-1,-1,0,-1
2023991261591,2023,991261591,1,9,0,18,19,7,3,0,0,1,0,0,0,0,1,1,5,6,2,64,9,1598,1,8,VAUXHALL MOKKA,9,-1,0,-1
2023201391827,2023,201391827,1,9,0,3,3,6,2,0,0,0,0,0,0,0,2,1,6,6,1,71,10,1364,1,8,VAUXHALL MOKKA,4,E01010253,0,-1
202354B110323,2023,54B110323,1,9,0,17,19,6,3,0,0,0,1,0,0,0,3,1,6,6,2,45,7,1598,1,7,VAUXHALL MOKKA,4,E01031862,0,-1
2023430324684,2023,430324684,5,9,0,3,3,6,2,0,0,1,0,0,0,0,2,1,2,2,2,44,7,1364,1,5,VAUXHALL MOKKA,6,E01016268,0,-1
2023421272425,2023,421272425,2,9,0,18,19,2,6,0,0,0,1,0,2,0,2,1,6,6,2,48,8,1364,1,4,VAUXHALL MOKKA,2,E01002086,0,-1
2023440039770,2023,440039770,1,9,0,3,3,2,6,0,0,1,0,0,0,0,2,1,6,6,2,36,7,1364,1,7,VAUXHALL MOKKA,9,E01022922,0,-1
2023311332872,2023,311332872,1,9,0,18,19,7,3,0,0,0,0,0,0,0,2,1,6,6,2,53,8,1199,1,1,VAUXHALL MOKKA,7,E01028125,0,-1
202363C004523,2023,63C004523,1,9,0,4,4,2,6,0,0,0,0,0,0,0,2,1,6,6,2,56,9,1364,1,5,VAUXHALL MOKKA,8,W01000580,0,-1
2023201346435,2023,201346435,1,9,0,18,19,4,8,0,0,0,0,0,0,0,1,1,6,6,2,56,9,1364,1,5,VAUXHALL MOKKA,1,E01009480,0,-1
2023421387685,2023,421387685,2,9,0,18,19,2,5,0,0,0,0,0,0,0,3,1,3,7,2,40,7,1686,2,9,VAUXHALL MOKKA,10,E01021248,0,-1
2023031291480,2023,031291480,1,9,0,18,19,3,7,0,0,1,0,0,0,0,2,1,6,6,1,53,8,1364,1,7,VAUXHALL MOKKA,8,E01019378,0,-1
2023141341280,2023,141341280,1,9,0,18,19,1,5,0,0,8,0,0,0,0,4,1,5,6,1,66,10,1364,1,5,VAUXHALL MOKKA,9,E01007956,0,-1
2023010437364,2023,010437364,2,9,0,99,99,9,9,99,99,9,9,99,9,99,1,9,6,6,3,-1,-1,1364,1,8,VAUXHALL MOKKA,-1,-1,0,-1
2023451373619,2023,451373619,1,9,0,9,9,7,3,0,0,1,0,0,0,0,1,2,2,2,2,55,8,1364,1,4,VAUXHALL MOKKA,9,E01030683,0,-1
2023010449054,2023,010449054,1,9,0,18,19,3,7,0,0,1,0,0,0,0,0,1,6,6,2,60,9,1364,1,6,VAUXHALL MOKKA,2,E01001824,0,-1
2023440103517,2023,440103517,1,9,0,8,8,6,2,0,0,8,0,0,0,0,2,1,3,7,2,43,7,1598,2,6,VAUXHALL MOKKA,4,E01017211,0,-1
2023010475504,2023,010475504,1,9,0,5,5,1,5,0,0,1,0,0,0,0,1,1,6,6,1,36,7,1364,1,7,VAUXHALL MOKKA,8,E01000394,0,-1
2023052302824,2023,052302824,1,9,0,9,9,2,1,0,0,6,0,0,0,0,1,1,6,6,1,69,10,1598,1,7,VAUXHALL MOKKA,2,E01006713,0,-1
2023501381815,2023,501381815,1,9,0,13,13,2,6,0,0,0,5,0,8,11,3,1,5,6,2,59,9,1686,2,10,VAUXHALL MOKKA,4,E01018754,0,-1
2023421263499,2023,421263499,1,9,0,7,7,5,7,0,0,8,0,0,0,0,1,1,5,6,2,56,9,1364,1,6,VAUXHALL MOKKA,4,E01021779,0,-1
2023122300896,2023,122300896,1,9,0,9,9,2,1,0,0,6,0,0,0,0,1,1,6,6,2,47,8,1364,1,6,VAUXHALL MOKKA,9,E01027619,0,-1
2023440392422,2023,440392422,1,9,0,9,9,6,4,0,0,5,0,0,0,0,4,1,2,2,2,63,9,1598,2,8,VAUXHALL MOKKA,10,E01022661,0,-1
2023010422585,2023,010422585,1,9,0,99,99,9,9,99,99,9,9,99,9,99,2,9,6,6,2,53,8,1598,2,4,VAUXHALL MOKKA,5,E01018067,0,-1
2023201318548,2023,201318548,2,9,0,4,4,2,6,0,0,1,0,0,0,0,1,1,6,6,2,51,8,1598,1,8,VAUXHALL MOKKA,1,E01032888,0,-1
2023161294908,2023,161294908,1,9,0,18,19,1,5,0,0,0,1,4,1,4,1,1,6,6,2,30,6,1199,1,1,VAUXHALL MOKKA,1,E01013229,0,-1
2023221381054,2023,221381054,1,9,0,18,19,3,6,0,0,2,0,0,0,0,1,1,6,6,2,57,9,1364,1,9,VAUXHALL MOKKA,9,E01032173,0,-1
2023131367978,2023,131367978,3,9,0,18,19,4,8,0,0,8,0,0,0,0,3,1,5,6,1,55,8,1598,1,7,VAUXHALL MOKKA,6,E01011599,0,-1
2023052302281,2023,052302281,1,9,0,5,5,7,3,0,0,1,0,0,0,0,3,1,6,6,2,63,9,1598,1,8,VAUXHALL MOKKA,5,E01007106,0,-1
2023461322874,2023,461322874,1,9,0,18,19,3,8,0,0,1,0,0,0,0,3,1,6,6,2,31,6,1364,1,5,VAUXHALL MOKKA,6,E01024130,0,-1
2023201378382,2023,201378382,2,9,0,18,19,8,4,0,0,8,0,0,0,0,1,1,6,6,2,-1,-1,1598,1,6,VAUXHALL MOKKA,-1,-1,0,-1
2023451391716,2023,451391716,2,9,0,18,19,5,1,0,0,0,0,0,0,0,4,1,5,6,1,32,6,1199,1,0,VAUXHALL MOKKA,5,E01000920,0,-1
2023991361445,2023,991361445,2,9,0,3,3,6,2,0,0,8,0,0,0,0,2,1,6,6,1,76,11,1598,1,7,VAUXHALL MOKKA,10,-1,0,-1
202360A015838,2023,60A015838,1,9,0,9,9,4,2,0,0,2,0,0,0,0,4,1,6,6,1,77,11,1686,2,10,VAUXHALL MOKKA,-1,-1,0,-1
2023351314147,2023,351314147,2,9,0,3,3,1,5,0,0,0,0,0,0,0,2,1,5,6,1,33,6,1364,1,5,VAUXHALL MOKKA,6,E01033179,0,-1
2023451352623,2023,451352623,2,9,0,9,9,1,3,0,0,5,1,0,7,10,2,1,5,6,1,68,10,1364,1,5,VAUXHALL MOKKA,10,E01004196,0,-1
2023131317209,2023,131317209,2,9,0,4,4,1,5,0,0,1,0,0,0,0,2,1,6,6,2,35,6,-1,3,0,VAUXHALL MOKKA,5,E01010746,0,-1
2023461275656,2023,461275656,1,9,0,5,5,5,1,0,0,0,0,0,0,0,1,1,6,6,2,29,6,1364,1,7,VAUXHALL MOKKA,6,E01024847,0,-1
2023421378558,2023,421378558,2,9,0,18,19,3,7,0,0,0,0,0,0,0,1,1,6,6,1,81,11,1364,1,7,VAUXHALL MOKKA,4,E01021637,0,-1
2023131316880,2023,131316880,1,9,0,18,19,3,7,0,0,8,0,0,0,0,1,1,2,2,2,28,6,1598,1,9,VAUXHALL MOKKA,8,E01011414,0,-1
2023546696123,2023,546696123,2,9,0,18,19,4,8,0,0,8,0,0,0,0,3,1,6,6,2,58,9,1364,1,7,VAUXHALL MOKKA,4,E01031862,0,-1
2023221350859,2023,221350859,1,9,0,16,19,7,2,0,0,0,0,10,4,1,1,1,5,6,2,25,5,1598,1,9,VAUXHALL MOKKA,1,E01033633,0,-1
2023041306704,2023,041306704,2,9,0,4,4,1,5,0,0,0,0,0,0,0,2,1,2,2,2,50,8,1598,2,7,VAUXHALL MOKKA,-1,-1,0,-1
2023411318086,2023,411318086,2,9,0,9,9,-1,-1,0,0,0,0,0,0,0,2,1,2,2,2,24,5,1199,1,1,VAUXHALL MOKKA,10,E01017625,0,-1
2023991355408,2023,991355408,2,9,0,15,15,8,4,0,0,1,0,0,0,0,3,1,6,6,2,27,6,1598,1,7,VAUXHALL MOKKA,-1,-1,0,-1
2023991323839,2023,991323839,1,9,0,18,19,4,8,0,0,6,5,10,3,3,1,1,5,6,1,82,11,1199,1,0,VAUXHALL MOKKA,2,-1,0,-1
2023520400755,2023,520400755,1,9,0,2,2,0,0,0,0,0,0,0,0,0,3,1,6,6,3,-1,-1,1598,1,9,VAUXHALL MOKKA,-1,-1,0,-1
2023440471078,2023,440471078,1,9,0,7,7,8,3,0,0,8,0,0,0,0,4,1,6,6,1,62,9,1364,1,7,VAUXHALL MOKKA,8,E01032842,0,-1
2023520301533,2023,520301533,1,9,0,18,19,2,6,0,0,8,0,0,0,0,1,1,6,6,1,30,6,-1,3,1,VAUXHALL MOKKA,6,E01029054,0,-1
2023010432981,2023,010432981,4,9,0,2,2,0,0,6,6,0,0,0,0,0,1,1,6,6,3,-1,-1,1364,1,6,VAUXHALL MOKKA,-1,-1,0,-1
2023522400734,2023,522400734,1,9,0,18,19,1,5,0,0,1,0,0,0,0,1,1,6,6,2,37,7,1686,2,10,VAUXHALL MOKKA,3,E01014941,0,-1
2023430185057,2023,430185057,2,9,0,3,3,4,8,0,0,1,0,0,0,0,3,1,2,2,2,51,8,1686,2,9,VAUXHALL MOKKA,9,E01028663,0,-1
2023071273540,2023,071273540,1,9,0,9,9,5,1,0,0,3,0,0,0,0,1,1,6,6,1,60,9,1364,1,5,VAUXHALL MOKKA,8,E01018495,0,-1
2023061358155,2023,061358155,1,9,0,14,14,5,8,0,0,1,0,0,0,0,4,1,6,6,2,42,7,1598,2,6,VAUXHALL MOKKA,7,E01005516,0,-1
2023991350529,2023,991350529,2,9,0,5,5,2,5,0,0,6,0,0,0,0,1,1,5,6,2,83,11,1364,1,4,VAUXHALL MOKKA,-1,-1,0,-1
2023010429449,2023,010429449,1,9,0,9,9,5,2,0,0,5,0,0,0,0,4,1,6,6,2,29,6,1199,1,1,VAUXHALL MOKKA,-1,-1,0,-1
2023411364624,2023,411364624,1,9,0,9,9,1,5,0,0,1,0,0,0,0,4,1,5,6,2,45,7,-1,3,1,VAUXHALL MOKKA,8,E01033029,0,-1
2023471294153,2023,471294153,3,9,0,2,2,0,0,0,0,2,0,0,0,0,2,1,6,6,3,-1,-1,1598,1,9,VAUXHALL MOKKA,-1,-1,0,-1
2023541412723,2023,541412723,1,9,0,18,19,3,7,0,0,4,0,0,0,0,1,1,6,6,1,22,5,1364,1,6,VAUXHALL MOKKA,-1,-1,0,-1
2023010434126,2023,010434126,2,9,0,18,19,7,3,0,0,1,0,0,0,0,3,1,6,6,2,54,8,1598,1,9,VAUXHALL MOKKA,2,E01000102,0,-1
2023631320274,2023,631320274,1,9,0,4,4,8,4,0,0,1,0,0,0,0,2,1,2,2,2,41,7,1686,2,10,VAUXHALL MOKKA,3,W01000973,0,-1
2023010458101,2023,010458101,3,9,0,2,2,0,0,0,0,0,0,0,0,0,3,9,6,6,3,-1,-1,1598,1,6,VAUXHALL MOKKA,-1,-1,0,-1
2023070595621,2023,070595621,2,9,0,18,19,3,7,0,0,1,0,0,1,0,1,1,6,6,2,57,9,1199,1,2,VAUXHALL MOKKA,-1,-1,0,-1
2023010441402,2023,010441402,2,9,0,14,14,5,1,0,0,1,0,0,0,0,1,1,6,6,2,27,6,-1,3,1,VAUXHALL MOKKA,2,E01001757,0,-1
2023101334463,2023,101334463,1,9,0,18,19,5,1,0,0,0,0,0,0,0,1,1,6,6,1,36,7,1598,2,8,VAUXHALL MOKKA,1,E01008259,0,-1
2023201363214,2023,201363214,1,9,0,18,19,3,7,0,0,2,0,0,0,0,1,1,6,6,1,31,6,1598,2,7,VAUXHALL MOKKA,5,E01010554,0,-1
2023501392245,2023,501392245,1,9,0,9,9,2,8,0,0,8,0,0,0,0,1,1,5,6,1,35,6,1364,1,6,VAUXHALL MOKKA,8,E01018823,0,-1
2023101352863,2023,101352863,1,9,0,18,19,8,3,0,0,1,0,0,0,0,1,1,6,6,1,30,6,1364,1,4,VAUXHALL MOKKA,-1,-1,0,-1
2023010437476,2023,010437476,1,9,9,99,99,9,9,99,99,9,9,99,9,99,9,9,6,6,2,59,9,1199,1,0,VAUXHALL MOKKA,2,E01002793,0,-1
2023421327798,2023,421327798,1,9,0,3,3,3,5,0,0,1,0,0,0,0,0,1,5,6,2,46,8,1364,1,8,VAUXHALL MOKKA,7,E01021582,0,-1
2023010475478,2023,010475478,2,9,0,9,9,6,4,0,0,2,0,0,0,0,3,1,6,6,1,85,11,1364,1,7,VAUXHALL MOKKA,5,E01000036,0,-1
2023052301307,2023,052301307,1,9,0,18,19,3,7,0,0,0,0,0,0,0,1,1,6,6,1,85,11,1364,1,6,VAUXHALL MOKKA,9,E01007165,0,-1
2023010428755,2023,010428755,1,9,0,18,19,7,3,0,0,0,0,0,0,0,2,1,3,7,2,45,7,1364,1,4,VAUXHALL MOKKA,3,E01001467,0,-1
2023041371191,2023,041371191,1,9,0,5,5,7,1,0,0,1,0,0,0,0,1,1,2,2,2,36,7,1598,1,5,VAUXHALL MOKKA,4,E01025407,0,-1
2023041317853,2023,041317853,2,9,0,9,9,1,7,0,0,8,0,0,0,0,3,2,5,6,2,62,9,-1,3,1,VAUXHALL MOKKA,8,E01025166,0,-1
2023302301364,2023,302301364,1,9,0,16,19,8,2,0,0,0,0,0,0,0,1,1,6,6,1,44,7,1499,2,1,VAUXHALL MOKKA,5,E01019501,0,-1
2023031345163,2023,031345163,1,9,0,18,19,3,7,0,0,0,0,0,0,0,4,1,5,6,1,73,10,1686,2,9,VAUXHALL MOKKA,6,E01019335,0,-1
2023052302549,2023,052302549,2,9,0,18,19,1,5,0,0,1,0,0,0,0,3,1,6,6,2,44,7,1364,1,5,VAUXHALL MOKKA,3,E01007038,0,-1
2023010462900,2023,010462900,1,9,0,6,6,2,2,0,0,0,0,0,0,0,2,1,6,6,2,45,7,1364,1,5,VAUXHALL MOKKA,3,E01002151,0,-1
2023201298179,2023,201298179,1,9,0,5,5,8,4,0,0,1,0,0,0,0,4,1,1,1,1,38,7,1364,1,5,VAUXHALL MOKKA,3,E01008895,0,-1
2023311275295,2023,311275295,2,9,0,18,19,8,4,0,0,1,0,0,0,0,1,1,5,6,1,49,8,1199,1,1,VAUXHALL MOKKA,2,E01013945,0,-1
2023461324371,2023,461324371,1,9,0,9,9,1,7,0,0,8,0,0,0,0,3,1,6,6,2,26,6,1598,1,7,VAUXHALL MOKKA,7,E01001593,0,-1
2023471293647,2023,471293647,2,9,0,9,9,6,4,0,0,6,0,0,0,0,4,1,5,6,2,53,8,1364,1,6,VAUXHALL MOKKA,3,E01021185,0,-1
2023010429642,2023,010429642,2,9,9,99,99,9,9,99,99,9,9,99,9,99,9,9,6,6,3,-1,-1,1364,1,8,VAUXHALL MOKKA,-1,-1,0,-1
2023501286275,2023,501286275,2,9,0,18,19,7,3,0,0,1,0,0,0,0,1,1,6,6,1,35,6,1598,2,6,VAUXHALL MOKKA,5,E01015092,0,-1
2023332301298,2023,332301298,1,9,0,12,12,5,1,0,0,0,0,0,0,0,1,1,6,6,1,66,10,1364,1,6,VAUXHALL MOKKA,7,E01025848,0,-1
2023170H10343,2023,170H10343,2,9,0,9,9,7,5,4,4,8,0,0,0,0,4,1,6,6,2,58,9,1364,1,9,VAUXHALL MOKKA,9,E01011983,0,-1
2023461331256,2023,461331256,2,9,0,2,2,5,1,0,0,8,0,0,0,0,4,1,6,6,2,39,7,1598,2,6,VAUXHALL MOKKA,5,E01024283,0,-1
2023411369353,2023,411369353,1,9,0,9,9,8,4,0,0,6,1,0,4,6,4,1,6,6,2,35,6,1686,2,10,VAUXHALL MOKKA,8,E01017444,0,-1
2023451315145,2023,451315145,1,9,0,18,19,2,6,0,0,0,0,0,0,0,1,1,2,2,2,30,6,1364,1,5,VAUXHALL MOKKA,6,E01001138,0,-1
2023531323328,2023,531323328,2,9,0,18,19,1,5,0,0,0,0,0,1,0,3,1,3,7,2,49,8,1199,1,1,VAUXHALL MOKKA,10,E01022368,0,-1
2023991392277,2023,991392277,2,9,0,7,7,6,1,0,0,1,0,0,1,0,3,1,5,6,2,54,8,1199,1,1,VAUXHALL MOKKA,-1,-1,0,-1
2023311379589,2023,311379589,2,9,0,1,1,8,8,0,0,0,0,0,0,0,2,2,5,6,2,56,9,1199,1,1,VAUXHALL MOKKA,5,E01013914,0,-1
2023061345685,2023,061345685,2,9,0,18,19,1,5,0,0,8,0,0,0,0,1,1,5,6,1,76,11,1199,1,2,VAUXHALL MOKKA,-1,-1,0,-1
2023622300396,2023,622300396,2,9,0,4,4,2,6,0,0,0,0,0,0,0,2,1,6,6,2,46,8,1199,1,0,VAUXHALL MOKKA,1,W01001708,0,-1
2023440530313,2023,440530313,1,9,0,16,19,1,3,0,0,1,0,0,7,10,1,1,6,6,1,24,5,1686,2,9,VAUXHALL MOKKA,4,E01017312,0,-1
2023101261266,2023,101261266,2,9,0,12,12,5,1,0,0,0,0,0,0,0,3,1,5,6,2,52,8,1199,1,1,VAUXHALL MOKKA,-1,-1,0,-1
2023501369110,2023,501369110,1,9,0,18,19,5,2,0,0,1,0,0,0,0,1,1,6,6,2,36,7,1686,2,9,VAUXHALL MOKKA,7,E01018800,0,-1
2023545193823,2023,545193823,2,9,0,18,19,1,5,0,0,1,0,0,7,0,1,1,1,1,2,25,5,1364,1,7,VAUXHALL MOKKA,3,E01031975,0,-1
2023010419373,2023,010419373,2,9,0,99,99,9,9,99,99,9,9,99,9,99,4,9,6,6,1,66,10,1364,1,5,VAUXHALL MOKKA,6,E01000231,0,-1
2023332300372,2023,332300372,1,9,0,7,7,3,5,0,0,5,0,0,0,0,4,1,6,6,2,47,8,1364,1,9,VAUXHALL MOKKA,6,E01025646,0,-1
2023461377992,2023,461377992,1,9,0,5,5,1,1,0,0,8,0,0,3,0,4,1,1,1,2,55,8,1364,1,6,VAUXHALL MOKKA,7,E01024630,0,-1
2023991363001,2023,991363001,1,9,0,4,4,3,7,0,0,0,0,0,0,0,1,1,5,6,2,33,6,1364,1,6,VAUXHALL MOKKA,1,-1,0,-1
2023440186140,2023,440186140,1,9,0,18,19,1,5,0,0,0,0,0,0,0,4,1,6,6,1,41,7,1686,2,9,VAUXHALL MOKKA,4,E01023204,0,-1
2023501358030,2023,501358030,2,9,0,4,4,1,5,0,0,0,0,0,0,0,3,1,5,6,1,60,9,1686,2,9,VAUXHALL MOKKA,4,E01029338,0,-1
2023052300622,2023,052300622,2,9,0,18,19,2,6,0,0,1,5,0,0,0,4,1,6,6,2,45,7,1598,1,7,VAUXHALL MOKKA,2,E01006653,0,-1
2023131294939,2023,131294939,2,9,0,-1,-1,-1,-1,-1,-1,-1,-1,-1,-1,-1,3,1,6,6,1,52,8,1598,1,10,VAUXHALL MOKKA,2,E01011763,0,-1
2023170H10623,2023,170H10623,1,9,0,1,1,3,7,0,0,0,0,0,0,0,2,1,6,6,1,50,8,1199,1,1,VAUXHALL MOKKA,4,E01012002,0,-1
2023302301067,2023,302301067,1,9,0,5,5,4,8,0,0,1,0,0,0,0,3,1,6,6,1,89,11,1364,1,7,VAUXHALL MOKKA,7,E01019843,0,-1
2023010461331,2023,010461331,1,9,0,18,19,5,1,0,0,2,0,0,0,0,0,1,6,6,1,53,8,1686,2,10,VAUXHALL MOKKA,2,E01003373,0,-1
2023552300469,2023,552300469,1,9,0,18,19,5,1,0,0,0,5,0,1,11,1,1,6,6,1,55,8,1598,1,8,VAUXHALL MOKKA,6,E01020476,0,-1
2023451272789,2023,451272789,2,9,0,18,19,1,1,0,0,0,0,0,0,0,1,1,6,6,2,21,5,1364,1,10,VAUXHALL MOKKA,4,E01030433,0,-1
2023340WN1792,2023,340WN1792,1,9,0,18,19,1,5,0,0,0,0,4,0,0,1,1,6,6,2,53,8,1364,1,4,VAUXHALL MOKKA,1,E01027177,0,-1
2023061349703,2023,061349703,2,9,0,4,4,3,7,0,0,0,0,0,0,0,2,1,5,6,1,39,7,1686,2,10,VAUXHALL MOKKA,4,E01004978,0,-1
2023552400137,2023,552400137,2,9,0,18,19,6,2,0,0,8,0,0,1,4,3,1,2,2,1,44,7,1364,1,6,VAUXHALL MOKKA,10,E01020463,0,-1