collision_index,collision_year,collision_ref_no,vehicle_reference,vehicle_type,towing_and_articulation,vehicle_manoeuvre_historic,vehicle_manoeuvre,vehicle_direction_from,vehicle_direction_to,vehicle_location_restricted_lane_historic,vehicle_location_restricted_lane,junction_location,skidding_and_overturning,hit_object_in_carriageway,vehicle_leaving_carriageway,hit_object_off_carriageway,first_point_of_impact,vehicle_left_hand_drive,journey_purpose_of_driver_historic,journey_purpose_of_driver,sex_of_driver,age_of_driver,age_band_of_driver,engine_capacity_cc,propulsion_code,age_of_vehicle,generic_make_model,driver_imd_decile,lsoa_of_driver,escooter_flag,driver_distance_banding
2023131305102,2023,131305102,2,9,0,18,19,7,3,0,0,1,0,0,0,0,1,1,5,6,1,46,8,2967,2,4,AUDI A7,1,E01007714,0,-1
2023010484765,2023,010484765,1,9,0,18,19,4,8,0,0,0,0,0,0,0,1,1,6,6,1,24,5,1968,2,4,AUDI A7,8,E01000261,0,-1
2023471320393,2023,471320393,1,9,0,18,19,8,4,0,0,0,1,11,7,10,4,1,5,6,1,41,7,2967,2,9,AUDI A7,4,E01021013,0,-1
2023311324838,2023,311324838,1,9,0,17,19,6,4,0,0,2,1,11,0,0,4,1,5,6,1,40,7,2967,2,7,AUDI A7,-1,-1,0,-1
2023320288753,2023,320288753,2,9,0,18,19,6,2,0,0,0,5,0,1,8,1,1,6,6,1,57,9,2967,2,7,AUDI A7,-1,-1,0,-1
2023010451280,2023,010451280,2,9,0,16,19,1,5,0,0,8,1,0,0,0,1,1,6,6,1,30,6,2967,2,11,AUDI A7,9,E01016683,0,-1
2023430199250,2023,430199250,1,9,0,18,19,3,7,0,0,6,0,0,0,0,4,1,6,6,1,46,8,2967,2,7,AUDI A7,4,E01024296,0,-1
2023201371060,2023,201371060,2,9,0,2,2,0,0,0,0,0,0,0,0,0,4,1,6,6,1,-1,-1,1968,2,2,AUDI A7,3,E01009256,0,-1
2023201427637,2023,201427637,3,9,0,3,3,5,1,0,0,0,0,0,0,0,1,1,6,6,1,31,6,1968,2,4,AUDI A7,4,E01010325,0,-1
2023010427098,2023,010427098,2,9,0,3,3,7,3,0,0,0,0,0,0,0,2,1,6,6,1,44,7,2967,2,7,AUDI A7,3,E01003605,0,-1
2023052301759,2023,052301759,2,9,0,3,3,3,7,0,0,0,0,0,0,0,2,1,2,2,2,43,7,1968,2,2,AUDI A7,1,E01006569,0,-1
2023170S11543,2023,170S11543,1,9,0,17,19,6,2,0,0,8,0,0,3,4,1,1,6,6,1,28,6,2967,2,11,AUDI A7,9,E01012210,0,-1
2023131375655,2023,131375655,2,9,0,18,19,3,3,0,0,1,0,0,0,0,2,1,6,6,1,49,8,2967,2,7,AUDI A7,9,E01011555,0,-1
2023131288343,2023,131288343,2,9,0,2,2,0,0,9,9,0,0,0,0,0,3,1,5,6,1,42,7,2967,2,6,AUDI A7,1,E01011725,0,-1
2023471266486,2023,471266486,2,9,0,18,19,7,3,0,0,0,0,0,0,0,4,1,5,6,1,32,6,2967,2,6,AUDI A7,5,E01016892,0,-1
2023052301632,2023,052301632,1,9,0,18,19,3,7,0,0,1,0,0,0,0,1,1,6,6,3,-1,-1,2967,2,11,AUDI A7,-1,-1,0,-1
2023451331305,2023,451331305,1,9,0,18,19,3,7,0,0,0,0,0,0,0,1,1,6,6,1,58,9,2967,2,7,AUDI A7,7,E01030647,0,-1
2023041301327,2023,041301327,2,9,0,18,19,6,2,0,0,8,0,0,0,0,1,1,5,6,1,45,7,2967,2,12,AUDI A7,8,E01012584,0,-1
2023010457400,2023,010457400,1,9,0,4,4,3,7,0,0,0,0,0,0,0,3,1,1,1,1,43,7,2967,2,11,AUDI A7,5,E01004753,0,-1
2023201367361,2023,201367361,1,9,0,7,7,2,4,0,0,6,0,0,0,0,1,1,1,1,1,31,6,2967,2,9,AUDI A7,3,E01032321,0,-1
2023201288519,2023,201288519,1,9,0,3,3,2,6,0,0,1,0,0,0,0,2,1,6,6,1,35,6,2967,2,12,AUDI A7,2,W01001693,0,-1
2023461351945,2023,461351945,1,9,0,18,19,7,3,0,0,1,0,0,0,0,4,1,6,6,1,49,8,2967,2,10,AUDI A7,9,E01016073,0,-1
2023991352256,2023,991352256,1,9,0,18,19,7,3,0,0,0,0,0,0,0,1,1,6,6,1,40,7,2967,2,7,AUDI A7,5,-1,0,-1
2023451333707,2023,451333707,1,9,0,18,19,1,5,0,0,1,1,0,0,0,1,1,5,6,1,65,9,1984,1,0,AUDI A7,8,E01030977,0,-1
2023340WN4512,2023,340WN4512,4,9,0,18,19,2,6,0,0,0,0,0,0,10,1,1,6,6,2,30,6,2967,2,10,AUDI A7,2,E01027248,0,-1
2023010426685,2023,010426685,3,9,0,2,2,0,0,9,9,0,0,0,0,0,2,1,6,6,3,-1,-1,2967,2,7,AUDI A7,-1,-1,0,-1
2023010483432,2023,010483432,1,9,0,99,99,9,9,99,99,9,9,99,9,99,9,9,6,6,1,33,6,2967,2,6,AUDI A7,6,E01023858,0,-1
2023201415561,2023,201415561,2,9,0,18,19,4,8,0,0,1,0,0,0,0,1,1,6,6,2,27,6,2967,2,10,AUDI A7,10,E01028128,0,-1
2023201411012,2023,201411012,2,9,0,18,19,8,4,0,0,8,0,0,0,0,1,1,6,6,1,28,6,2967,2,12,AUDI A7,1,E01009638,0,-1
2023451316876,2023,451316876,2,9,0,18,19,5,1,0,0,0,0,0,0,0,1,1,6,6,1,43,7,2967,2,6,AUDI A7,-1,-1,0,-1
2023010481584,2023,010481584,1,9,0,99,99,9,9,0,0,1,0,0,0,0,0,9,6,6,1,27,6,2967,2,8,AUDI A7,6,E01002680,0,-1
2023340WN6242,2023,340WN6242,2,9,0,2,2,0,0,0,0,0,0,0,0,0,3,1,6,6,1,39,7,2967,2,8,AUDI A7,5,E01027269,0,-1
2023302300358,2023,302300358,1,9,0,18,19,6,2,0,0,0,0,0,0,0,2,1,6,6,1,38,7,2967,2,7,AUDI A7,2,E01007717,0,-1
2023211305641,2023,211305641,1,9,0,18,19,1,5,0,0,0,2,0,1,2,1,1,6,6,1,41,7,2967,2,10,AUDI A7,3,E01029448,0,-1
2023302300551,2023,302300551,1,9,0,18,19,4,8,0,0,1,0,0,0,0,1,1,6,6,1,39,7,2967,2,7,AUDI A7,4,E01013501,0,-1
2023010485744,2023,010485744,2,9,0,18,19,7,3,0,0,1,1,0,0,0,1,1,6,6,1,33,6,2967,2,7,AUDI A7,2,E01004295,0,-1
2023501263102,2023,501263102,1,9,0,18,19,7,3,0,0,0,0,0,8,10,3,1,6,6,1,63,9,2967,2,7,AUDI A7,5,E01020088,0,-1
2023430506556,2023,430506556,2,9,0,4,4,7,3,0,0,0,0,0,0,0,2,1,6,6,1,44,7,2967,2,4,AUDI A7,10,E01022893,0,-1
2023010485637,2023,010485637,1,9,0,3,3,7,3,0,0,1,0,0,0,0,2,1,6,6,1,37,7,2967,2,7,AUDI A7,2,E01003479,0,-1
2023101265029,2023,101265029,2,9,0,9,9,5,1,0,0,6,0,0,0,0,1,1,2,2,1,35,6,2967,2,9,AUDI A7,-1,-1,0,-1
2023010474582,2023,010474582,1,9,0,18,19,6,2,0,0,0,0,0,0,0,2,1,6,6,1,25,5,2967,2,12,AUDI A7,2,E01003490,0,-1
2023991292716,2023,991292716,1,9,0,16,19,5,6,0,0,0,0,0,1,0,1,1,6,6,1,24,5,2967,2,6,AUDI A7,5,-1,0,-1
2023431344362,2023,431344362,2,11,0,18,19,5,1,0,0,0,0,0,0,0,2,1,5,6,1,55,8,7698,2,9,CAETANO LEVANTE,6,E01017934,0,-1
2023471350569,2023,471350569,1,11,0,5,5,1,5,0,0,2,0,0,0,0,1,1,1,1,1,44,7,12742,2,0,CAETANO LEVANTE,5,E01031585,0,-1
2023131364897,2023,131364897,2,11,0,9,9,3,7,0,0,5,0,0,0,0,4,1,1,1,1,55,8,12742,2,5,CAETANO LEVANTE,1,E01012917,0,-1
2023471385998,2023,471385998,3,11,0,2,2,0,0,6,6,1,0,0,0,0,0,1,1,1,1,52,8,12742,2,0,CAETANO LEVANTE,7,E01031379,0,-1
2023010429758,2023,010429758,3,11,0,18,19,1,5,0,0,0,0,0,0,0,0,1,1,1,1,31,6,12742,2,5,CAETANO LEVANTE,4,E01015810,0,-1
2023010429989,2023,010429989,1,11,0,18,19,3,7,0,0,1,0,0,1,0,4,1,6,6,1,55,8,12742,2,1,CAETANO LEVANTE,8,E01026581,0,-1
2023622300552,2023,622300552,2,11,0,8,8,2,6,0,0,6,0,0,0,0,3,1,1,1,1,51,8,9360,2,11,CAETANO LEVANTE,9,W01000795,0,-1
2023231263886,2023,231263886,1,11,0,18,19,3,7,0,0,0,0,0,5,6,1,1,1,1,1,22,5,10837,2,5,CAETANO LEVANTE,2,E01008919,0,-1
2023010459155,2023,010459155,1,11,0,99,99,9,9,99,99,9,9,99,9,99,1,9,1,1,1,24,5,12742,2,4,CAETANO LEVANTE,10,E01023524,0,-1
2023991362199,2023,991362199,2,11,0,18,19,3,7,0,0,1,0,0,0,0,1,1,1,1,1,51,8,12742,2,5,CAETANO LEVANTE,4,-1,0,-1
2023451394126,2023,451394126,1,11,0,18,19,3,7,0,0,0,0,0,0,0,1,1,1,1,1,30,6,12742,2,4,CAETANO LEVANTE,4,E01016986,0,-1
2023010434065,2023,010434065,2,11,0,5,5,2,6,0,0,1,0,0,0,0,3,1,1,1,1,43,7,12742,2,4,CAETANO LEVANTE,1,E01014639,0,-1
2023010482535,2023,010482535,1,11,0,18,19,1,5,0,0,0,0,0,0,0,1,1,1,1,1,60,9,10837,2,7,CAETANO LEVANTE,5,E01017486,0,-1
2023010469543,2023,010469543,2,11,0,99,99,9,9,99,99,9,9,99,9,99,9,9,6,6,1,39,7,12742,2,3,CAETANO LEVANTE,4,E01021843,0,-1
2023010448777,2023,010448777,2,11,0,18,19,6,2,99,99,9,9,4,9,99,4,9,1,1,1,55,8,12742,2,1,CAETANO LEVANTE,7,E01026588,0,-1
2023421344499,2023,421344499,2,11,0,18,19,6,2,0,0,8,0,0,0,0,1,1,1,1,1,36,7,12742,2,1,CAETANO LEVANTE,1,E01033437,0,-1
2023010471590,2023,010471590,2,11,0,99,99,9,9,99,99,9,9,99,9,99,1,9,6,6,3,-1,-1,12742,2,2,CAETANO LEVANTE,1,E01009378,0,-1
2023481398913,2023,481398913,1,11,0,18,19,5,1,0,0,0,0,0,0,0,1,1,1,1,1,38,7,12742,2,3,CAETANO LEVANTE,-1,-1,0,-1
2023041399975,2023,041399975,2,11,0,10,10,5,2,0,0,8,0,0,0,0,0,1,1,1,1,50,8,12742,2,0,CAETANO LEVANTE,7,E01006165,0,-1
2023101319416,2023,101319416,2,90,0,18,19,1,5,0,0,8,0,0,0,0,4,1,5,6,1,74,10,2287,2,7,-1,5,E01027436,0,-1
2023010444605,2023,010444605,2,19,0,14,14,7,3,0,0,1,0,4,0,0,4,1,6,6,1,23,5,1995,2,1,FORD TRANSIT CUSTOM,7,E01000117,0,-1
2023522301719,2023,522301719,1,19,0,2,2,0,0,0,0,8,0,0,0,0,3,1,6,6,1,58,9,1995,2,4,FORD TRANSIT CUSTOM,9,E01014871,0,-1
2023451344258,2023,451344258,2,19,0,18,19,1,5,0,0,0,0,0,0,0,0,1,6,6,3,29,6,1995,2,5,FORD TRANSIT CUSTOM,-1,-1,0,-1
2023010431973,2023,010431973,1,19,0,7,7,3,5,0,0,8,0,0,0,0,1,1,1,1,1,23,5,1995,2,3,FORD TRANSIT CUSTOM,6,E01015937,0,-1
2023430284542,2023,430284542,2,19,0,4,4,4,8,0,0,0,0,0,0,0,2,1,6,6,2,46,8,1995,2,7,FORD TRANSIT CUSTOM,6,E01018496,0,-1
2023010454487,2023,010454487,1,19,0,18,19,5,1,0,0,6,0,0,0,0,1,1,1,1,1,44,7,1995,2,6,FORD TRANSIT CUSTOM,6,E01001342,0,-1
2023041343517,2023,041343517,2,19,0,2,2,0,0,9,9,2,0,0,0,0,2,1,6,6,3,-1,-1,2198,2,8,FORD TRANSIT CUSTOM,-1,-1,0,-1
2023061337165,2023,061337165,1,19,-1,-1,-1,-1,-1,-1,-1,-1,-1,-1,-1,0,-1,1,6,6,1,-1,-1,1995,2,4,FORD TRANSIT CUSTOM,-1,-1,0,-1
2023340NN3382,2023,340NN3382,3,19,0,3,3,2,6,0,0,0,0,0,0,0,2,1,1,1,1,45,7,1995,2,3,FORD TRANSIT CUSTOM,2,E01027178,0,-1
2023430359916,2023,430359916,2,19,0,11,11,8,4,0,0,0,0,0,0,0,2,1,6,6,1,30,6,1995,2,4,FORD TRANSIT CUSTOM,-1,-1,0,-1
2023552300669,2023,552300669,1,19,0,18,19,2,6,0,0,8,0,0,0,0,1,1,6,6,1,50,8,1995,2,5,FORD TRANSIT CUSTOM,6,E01020439,0,-1
2023031339209,2023,031339209,2,19,0,18,19,1,3,0,0,1,0,0,0,0,1,1,6,6,2,39,7,1995,2,5,FORD TRANSIT CUSTOM,8,W01000119,0,-1
2023430232920,2023,430232920,1,19,0,7,7,8,2,0,0,5,0,0,0,0,4,1,6,6,1,-1,-1,2198,2,7,FORD TRANSIT CUSTOM,-1,-1,0,-1
2023430455749,2023,430455749,1,19,0,13,13,7,3,0,0,1,0,0,0,0,4,1,1,1,1,61,9,1995,2,6,FORD TRANSIT CUSTOM,10,E01017612,0,-1
2023010429359,2023,010429359,2,19,0,99,99,9,9,99,99,0,9,99,9,99,1,9,6,6,1,46,8,1995,12,2,FORD TRANSIT CUSTOM,7,E01004175,0,-1
2023332300115,2023,332300115,4,19,0,18,19,6,2,0,0,0,0,0,0,0,2,1,1,1,1,25,5,1995,2,2,FORD TRANSIT CUSTOM,9,E01009694,0,-1
2023440077162,2023,440077162,2,19,0,18,19,5,1,0,0,0,0,0,0,0,3,1,6,6,1,-1,-1,1995,2,1,FORD TRANSIT CUSTOM,-1,-1,0,-1
2023430504962,2023,430504962,1,19,0,18,19,1,5,0,0,1,0,0,0,0,3,1,2,2,1,21,5,1995,2,5,FORD TRANSIT CUSTOM,3,E01016505,0,-1
2023411278343,2023,411278343,1,19,0,1,1,4,8,0,0,1,0,0,0,0,2,1,6,6,1,-1,-1,1995,2,7,FORD TRANSIT CUSTOM,-1,-1,0,-1
2023501324316,2023,501324316,3,19,0,18,19,8,4,0,0,1,0,0,0,0,1,1,6,6,1,31,6,1995,2,1,FORD TRANSIT CUSTOM,6,E01031860,0,-1
2023050394462,2023,050394462,2,19,0,18,19,1,5,0,0,0,1,2,0,0,2,1,1,1,1,39,7,2198,2,9,FORD TRANSIT CUSTOM,7,E01007316,0,-1
2023421386512,2023,421386512,2,19,0,4,4,0,0,0,0,0,0,0,0,0,1,1,6,6,3,-1,-1,1995,2,0,FORD TRANSIT CUSTOM,-1,-1,0,-1
2023371327890,2023,371327890,3,19,0,18,19,3,7,0,0,0,0,0,0,0,1,1,6,6,1,58,9,2198,2,9,FORD TRANSIT CUSTOM,8,E01029957,0,-1
2023501318564,2023,501318564,1,19,0,18,19,2,3,0,0,4,0,0,0,0,4,1,6,6,1,71,10,1995,2,6,FORD TRANSIT CUSTOM,4,E01018909,0,-1
2023041321706,2023,041321706,1,19,0,9,9,7,5,0,0,6,0,0,0,0,3,1,5,6,1,47,8,2198,2,8,FORD TRANSIT CUSTOM,3,E01025063,0,-1
2023501349289,2023,501349289,2,19,0,18,19,1,5,0,0,0,0,0,0,0,2,1,5,6,1,47,8,1995,2,5,FORD TRANSIT CUSTOM,8,E01018792,0,-1
2023430514115,2023,430514115,2,19,0,3,3,5,1,0,0,1,0,0,0,0,2,1,1,1,1,38,7,1995,2,5,FORD TRANSIT CUSTOM,-1,-1,0,-1
2023552301150,2023,552301150,1,19,0,18,19,6,2,0,0,0,0,0,0,0,1,1,1,1,1,36,7,1995,2,4,FORD TRANSIT CUSTOM,1,E01020552,0,-1
2023061368683,2023,061368683,1,19,0,13,13,1,5,0,0,1,0,0,0,0,1,1,1,1,1,23,5,1995,2,4,FORD TRANSIT CUSTOM,-1,-1,0,-1
2023471358585,2023,471358585,1,19,0,18,19,7,3,0,0,2,0,0,0,0,3,1,5,6,1,42,7,2198,2,9,FORD TRANSIT CUSTOM,5,E01017027,0,-1
2023010456416,2023,010456416,2,19,0,5,5,0,7,0,0,1,0,0,0,0,3,1,2,2,1,42,7,1995,2,4,FORD TRANSIT CUSTOM,3,E01002243,0,-1
2023991273553,2023,991273553,1,19,0,1,1,5,1,0,0,0,0,0,0,0,2,1,1,1,1,40,7,1995,2,3,FORD TRANSIT CUSTOM,3,-1,0,-1
2023461344931,2023,461344931,1,19,0,13,13,1,3,0,0,1,5,4,0,0,4,1,2,2,1,29,6,1995,2,1,FORD TRANSIT CUSTOM,3,E01024534,0,-1
2023430458777,2023,430458777,4,19,0,10,10,8,4,0,0,1,0,0,0,0,2,1,6,6,1,59,9,1995,2,6,FORD TRANSIT CUSTOM,4,E01017258,0,-1
2023361386516,2023,361386516,2,19,0,2,2,0,0,0,0,0,0,0,1,0,2,1,1,1,1,39,7,1995,2,3,FORD TRANSIT CUSTOM,4,E01026706,0,-1
2023531369096,2023,531369096,3,19,0,18,19,3,7,0,0,2,0,0,0,0,1,1,1,1,1,50,8,1995,2,6,FORD TRANSIT CUSTOM,9,E01022378,0,-1
2023991283033,2023,991283033,1,19,0,18,19,3,7,0,0,2,1,0,4,0,1,1,1,1,1,30,6,1995,2,4,FORD TRANSIT CUSTOM,4,-1,0,-1
2023501367803,2023,501367803,1,19,0,10,10,1,5,0,0,6,0,0,0,0,3,1,1,1,1,26,6,2198,2,7,FORD TRANSIT CUSTOM,2,E01015190,0,-1
2023430077869,2023,430077869,1,19,0,18,19,2,6,0,0,0,0,0,0,0,1,1,2,2,1,43,7,1995,2,1,FORD TRANSIT CUSTOM,10,E01016659,0,-1
2023451314715,2023,451314715,2,19,0,9,9,5,1,0,0,3,0,0,0,0,1,1,5,6,1,35,6,1995,2,6,FORD TRANSIT CUSTOM,4,E01030608,0,-1
2023501288915,2023,501288915,1,19,0,18,19,3,7,0,0,0,0,0,0,0,1,1,6,6,1,27,6,2198,2,9,FORD TRANSIT CUSTOM,4,E01015169,0,-1
2023991339861,2023,991339861,2,19,0,1,1,3,1,0,0,5,0,0,0,0,2,1,5,6,2,61,9,2198,2,9,FORD TRANSIT CUSTOM,6,-1,0,-1
2023101305063,2023,101305063,1,19,0,18,19,7,3,0,0,1,0,0,0,0,1,1,6,6,1,-1,-1,1995,2,6,FORD TRANSIT CUSTOM,-1,-1,0,-1
2023122301307,2023,122301307,1,19,0,18,19,7,3,0,0,0,0,0,0,0,2,1,6,6,1,47,8,2198,2,7,FORD TRANSIT CUSTOM,7,E01013406,0,-1
2023401359661,2023,401359661,1,19,0,18,19,1,5,0,0,4,1,0,0,0,1,1,6,6,3,-1,-1,1995,2,6,FORD TRANSIT CUSTOM,-1,-1,0,-1
2023311388432,2023,311388432,3,19,0,18,19,5,1,0,0,0,0,0,0,0,1,1,1,1,1,35,6,1995,2,5,FORD TRANSIT CUSTOM,1,E01007549,0,-1
2023231352344,2023,231352344,1,19,0,11,11,6,1,0,0,0,0,0,0,0,4,1,2,2,1,25,5,1995,2,6,FORD TRANSIT CUSTOM,3,E01002084,0,-1
2023451272582,2023,451272582,2,19,0,18,19,1,5,0,0,0,0,0,0,0,1,1,6,6,3,50,8,1995,2,4,FORD TRANSIT CUSTOM,10,E01030509,0,-1
2023201313614,2023,201313614,1,19,0,18,19,4,8,0,0,0,5,4,0,0,1,1,6,6,1,43,7,1995,2,5,FORD TRANSIT CUSTOM,4,E01010006,0,-1
2023522400773,2023,522400773,2,19,0,4,4,3,7,0,0,1,0,0,0,0,1,1,6,6,1,23,5,1995,2,7,FORD TRANSIT CUSTOM,8,E01014894,0,-1
2023522301579,2023,522301579,2,19,0,18,19,3,7,0,0,1,0,0,0,0,1,1,6,6,1,65,9,2198,2,8,FORD TRANSIT CUSTOM,6,E01014891,0,-1
2023041274935,2023,041274935,2,19,0,2,2,2,3,0,0,2,0,0,0,0,2,1,6,6,3,-1,-1,1995,2,3,FORD TRANSIT CUSTOM,-1,-1,0,-1
2023010453023,2023,010453023,2,10,0,18,19,6,2,0,0,6,0,8,0,0,3,2,1,1,1,43,7,-1,-1,-1,-1,10,E01022471,0,-1
2023471375818,2023,471375818,2,19,0,3,3,1,5,0,0,2,0,0,0,0,2,1,1,1,1,48,8,2198,2,9,FORD TRANSIT CUSTOM,8,E01021086,0,-1
2023161384344,2023,161384344,2,19,0,18,19,8,4,0,0,1,0,0,0,0,2,1,2,2,1,26,6,1995,2,5,FORD TRANSIT CUSTOM,8,E01012909,0,-1
2023302301969,2023,302301969,3,19,0,17,19,1,7,0,0,0,0,0,1,0,1,1,1,1,1,58,9,1995,2,1,FORD TRANSIT CUSTOM,4,E01013515,0,-1
2023061379686,2023,061379686,3,19,0,18,19,1,7,0,0,4,0,0,0,0,0,1,5,6,2,21,5,1995,2,5,FORD TRANSIT CUSTOM,1,E01005484,0,-1
2023471327951,2023,471327951,1,19,0,3,3,2,6,0,0,0,0,0,0,0,0,1,1,1,1,58,9,1995,2,6,FORD TRANSIT CUSTOM,4,E01001684,0,-1
2023401345129,2023,401345129,2,19,0,1,1,4,1,0,0,0,0,0,0,0,2,1,6,6,1,41,7,1995,2,1,FORD TRANSIT CUSTOM,5,E01017486,0,-1
2023131359482,2023,131359482,2,19,0,18,19,7,3,0,0,0,0,0,0,0,1,1,6,6,1,42,7,1995,2,5,FORD TRANSIT CUSTOM,3,E01005431,0,-1
2023411325204,2023,411325204,1,19,0,4,4,7,3,0,0,0,0,0,0,0,2,1,1,1,1,39,7,1995,2,3,FORD TRANSIT CUSTOM,10,E01030387,0,-1
2023451269239,2023,451269239,2,19,0,15,15,2,4,0,0,0,0,0,0,0,1,1,6,6,1,45,7,1995,2,4,FORD TRANSIT CUSTOM,6,E01030748,0,-1
2023501294820,2023,501294820,1,19,0,4,4,3,7,0,0,0,0,0,0,0,1,1,5,6,1,34,6,1995,2,3,FORD TRANSIT CUSTOM,5,E01032295,0,-1
2023471296610,2023,471296610,1,19,0,10,10,1,7,0,0,6,0,0,0,0,1,1,2,2,1,47,8,1995,2,7,FORD TRANSIT CUSTOM,3,E01031811,0,-1
2023010429241,2023,010429241,2,20,0,99,99,9,9,99,99,9,9,99,9,99,1,9,6,6,1,37,7,-1,-1,-1,FORD TRANSIT CUSTOM,7,E01002424,0,-1
2023122301134,2023,122301134,1,19,0,18,19,5,1,0,0,0,0,0,0,0,4,1,1,1,1,49,8,1995,2,6,FORD TRANSIT CUSTOM,10,E01027623,0,-1
2023010438940,2023,010438940,2,19,9,99,99,9,9,99,99,9,9,99,9,99,9,9,6,6,3,-1,-1,1995,2,3,FORD TRANSIT CUSTOM,-1,-1,0,-1
2023010461353,2023,010461353,1,19,0,9,9,4,2,0,0,2,0,0,0,0,2,1,1,1,1,67,10,1995,2,6,FORD TRANSIT CUSTOM,1,E01004674,0,-1
2023461310073,2023,461310073,1,19,0,6,6,5,7,0,0,0,0,0,0,0,3,1,1,1,1,-1,-1,1995,2,4,FORD TRANSIT CUSTOM,-1,-1,0,-1
2023010465482,2023,010465482,2,19,0,3,3,1,5,0,0,0,0,4,0,0,2,1,1,1,1,44,7,2198,2,7,FORD TRANSIT CUSTOM,2,E01003267,0,-1
2023421363828,2023,421363828,2,19,0,2,2,1,1,6,6,0,0,0,0,0,3,1,1,1,1,53,8,1995,2,2,FORD TRANSIT CUSTOM,3,E01021269,0,-1
2023010437173,2023,010437173,1,19,0,5,5,7,3,0,0,5,0,5,0,0,1,1,1,1,2,33,6,1995,2,0,FORD TRANSIT CUSTOM,2,E01000095,0,-1
2023440514363,2023,440514363,1,19,0,3,3,6,2,0,0,0,0,0,0,0,2,1,1,1,1,27,6,1995,2,3,FORD TRANSIT CUSTOM,4,E01023204,0,-1
2023010457456,2023,010457456,2,19,0,2,2,0,0,0,0,0,0,4,0,0,4,1,6,6,3,-1,-1,1995,2,3,FORD TRANSIT CUSTOM,-1,-1,0,-1
2023371282653,2023,371282653,1,19,0,2,2,0,0,0,0,0,0,0,0,0,0,1,6,6,3,-1,-1,1995,2,3,FORD TRANSIT CUSTOM,-1,-1,0,-1
2023351388018,2023,351388018,1,19,0,18,19,1,5,0,0,8,0,0,0,0,2,1,6,6,1,53,8,1995,2,3,FORD TRANSIT CUSTOM,3,E01017979,0,-1
2023010468014,2023,010468014,1,19,0,18,19,3,7,0,0,2,0,0,0,0,1,1,1,1,1,32,6,1995,2,6,FORD TRANSIT CUSTOM,4,E01004358,0,-1
2023351288887,2023,351288887,1,19,0,18,19,5,1,0,0,0,0,11,6,0,4,1,2,2,1,50,8,2198,2,9,FORD TRANSIT CUSTOM,1,E01031090,0,-1
2023401275577,2023,401275577,2,19,0,18,19,7,3,0,0,3,0,0,1,10,3,1,2,2,1,44,7,2198,2,8,FORD TRANSIT CUSTOM,10,E01017572,0,-1
2023991335556,2023,991335556,2,19,0,18,19,5,2,0,0,0,0,0,7,0,3,1,5,6,2,45,7,1995,2,2,FORD TRANSIT CUSTOM,7,-1,0,-1
2023461350002,2023,461350002,1,19,0,18,19,5,1,0,0,1,0,0,1,4,1,1,6,6,1,35,6,2198,2,9,FORD TRANSIT CUSTOM,7,E01024706,0,-1
2023010465316,2023,010465316,2,19,0,99,99,9,9,99,99,0,9,99,9,99,2,9,6,6,3,-1,-1,1995,2,5,FORD TRANSIT CUSTOM,4,E01030383,0,-1
2023010453418,2023,010453418,1,19,0,18,19,1,5,0,0,0,0,10,1,11,1,1,2,2,1,77,11,1995,2,3,FORD TRANSIT CUSTOM,3,E01002457,0,-1
2023231323107,2023,231323107,1,19,0,18,19,3,8,0,0,1,0,0,0,0,1,1,6,6,1,64,9,1995,2,2,FORD TRANSIT CUSTOM,2,E01032235,0,-1
2023052300039,2023,052300039,2,19,0,2,2,0,0,0,0,0,0,0,0,0,3,1,1,1,1,45,7,996,8,2,FORD TRANSIT CUSTOM,6,E01007159,0,-1
2023010435102,2023,010435102,1,19,0,9,9,6,3,0,0,5,0,0,0,0,2,1,6,6,1,50,8,1995,2,6,FORD TRANSIT CUSTOM,4,E01023336,0,-1
2023311380325,2023,311380325,2,19,0,18,19,5,1,0,0,1,0,0,0,0,1,1,2,2,1,64,9,2198,2,8,FORD TRANSIT CUSTOM,10,E01028139,0,-1
2023501274043,2023,501274043,1,19,0,7,7,6,1,0,0,6,0,0,0,0,4,1,5,6,1,51,8,2198,2,9,FORD TRANSIT CUSTOM,9,E01015064,0,-1
2023010471587,2023,010471587,1,19,0,18,19,3,7,0,0,2,0,0,0,0,1,1,1,1,1,33,6,1995,2,2,FORD TRANSIT CUSTOM,4,E01001484,0,-1
2023010446403,2023,010446403,2,19,0,99,99,9,9,99,99,9,9,99,9,99,9,9,6,6,3,33,6,1995,2,2,FORD TRANSIT CUSTOM,2,E01001802,0,-1
2023061396181,2023,061396181,1,19,0,7,7,8,3,0,0,1,0,0,0,0,1,1,2,2,1,62,9,1995,2,3,FORD TRANSIT CUSTOM,3,E01006335,0,-1
2023041401462,2023,041401462,1,19,0,9,9,3,7,0,0,0,0,0,0,0,1,1,1,1,1,53,8,1995,2,0,FORD TRANSIT CUSTOM,1,E01004818,0,-1
2023320008398,2023,320008398,1,19,0,18,19,6,2,0,0,3,0,0,0,0,1,1,1,1,1,64,9,1995,2,6,FORD TRANSIT CUSTOM,7,E01026412,0,-1
2023070680600,2023,070680600,1,19,0,4,4,4,8,0,0,0,0,0,0,0,1,1,1,1,1,58,9,1995,2,1,FORD TRANSIT CUSTOM,8,E01018455,0,-1