collision_index,collision_year,collision_ref_no,vehicle_reference,vehicle_type,towing_and_articulation,vehicle_manoeuvre_historic,vehicle_manoeuvre,vehicle_direction_from,vehicle_direction_to,vehicle_location_restricted_lane_historic,vehicle_location_restricted_lane,junction_location,skidding_and_overturning,hit_object_in_carriageway,vehicle_leaving_carriageway,hit_object_off_carriageway,first_point_of_impact,vehicle_left_hand_drive,journey_purpose_of_driver_historic,journey_purpose_of_driver,sex_of_driver,age_of_driver,age_band_of_driver,engine_capacity_cc,propulsion_code,age_of_vehicle,generic_make_model,driver_imd_decile,lsoa_of_driver,escooter_flag,driver_distance_banding
2023010454540,2023,010454540,1,19,0,9,9,7,5,0,0,2,0,0,0,0,3,1,1,1,1,45,7,1995,2,4,FORD TRANSIT CUSTOM,2,E01003619,0,-1
2023520301827,2023,520301827,1,19,0,18,19,6,8,0,0,0,0,0,0,0,1,1,6,6,1,38,7,1995,2,2,FORD TRANSIT CUSTOM,4,W01001487,0,-1
2023440076287,2023,440076287,1,19,0,18,19,7,3,0,0,0,0,0,0,0,1,1,1,1,1,31,6,1995,2,2,FORD TRANSIT CUSTOM,-1,-1,0,-1
2023471355994,2023,471355994,2,19,0,17,19,1,6,0,0,8,5,0,0,0,4,1,5,6,1,25,5,1995,2,5,FORD TRANSIT CUSTOM,4,E01030816,0,-1
2023552300582,2023,552300582,2,19,0,18,19,6,2,0,0,0,0,0,0,0,1,1,1,1,1,35,6,2198,2,7,FORD TRANSIT CUSTOM,6,E01020456,0,-1
2023622300464,2023,622300464,1,19,0,18,19,5,1,0,0,1,0,0,0,0,1,1,1,1,1,60,9,1995,2,3,FORD TRANSIT CUSTOM,1,W01000631,0,-1
2023010475010,2023,010475010,1,19,0,17,19,5,1,0,0,0,5,4,0,0,1,1,6,6,1,55,8,1995,2,2,FORD TRANSIT CUSTOM,2,E01001703,0,-1
2023302300282,2023,302300282,2,19,0,17,19,3,8,0,0,1,0,0,0,0,1,1,2,2,1,33,6,1995,2,7,FORD TRANSIT CUSTOM,2,E01010301,0,-1
2023010449954,2023,010449954,2,19,0,99,99,9,9,0,0,0,0,0,0,0,3,1,1,1,1,42,7,1995,2,6,FORD TRANSIT CUSTOM,9,E01030519,0,-1
2023010449585,2023,010449585,1,19,0,4,4,7,3,0,0,2,0,0,0,0,1,1,6,6,1,42,7,1995,2,1,FORD TRANSIT CUSTOM,5,E01004188,0,-1
2023451266067,2023,451266067,2,19,0,18,19,8,4,0,0,0,0,0,0,0,1,1,1,1,1,42,7,1995,2,3,FORD TRANSIT CUSTOM,8,E01032195,0,-1
2023231314962,2023,231314962,2,19,0,18,19,6,2,0,0,8,0,0,0,0,1,1,5,6,1,45,7,1995,2,4,FORD TRANSIT CUSTOM,4,E01031008,0,-1
2023501324607,2023,501324607,1,19,0,16,19,2,5,0,0,1,5,0,0,0,1,1,5,6,1,54,8,1995,2,5,FORD TRANSIT CUSTOM,8,E01018848,0,-1
2023052300339,2023,052300339,2,19,0,9,9,1,7,0,0,1,0,0,0,0,3,1,1,1,3,-1,-1,1995,2,1,FORD TRANSIT CUSTOM,-1,-1,0,-1
2023522300558,2023,522300558,1,19,9,5,5,1,5,0,0,0,0,0,0,0,1,1,6,6,1,57,9,1995,2,5,FORD TRANSIT CUSTOM,5,W01001187,0,-1
2023041326255,2023,041326255,1,19,0,18,19,5,1,0,0,3,0,0,0,0,1,1,6,6,1,36,7,1995,2,4,FORD TRANSIT CUSTOM,6,E01025598,0,-1
2023332300912,2023,332300912,1,19,0,18,19,8,4,0,0,0,0,0,0,0,1,1,1,1,2,36,7,1995,2,2,FORD TRANSIT CUSTOM,9,E01025633,0,-1
2023122300388,2023,122300388,2,19,0,16,19,2,6,0,0,8,0,0,0,0,1,1,6,6,1,37,7,1995,2,4,FORD TRANSIT CUSTOM,1,E01027806,0,-1
2023010446966,2023,010446966,2,19,0,7,7,7,8,8,6,6,0,0,0,0,3,1,6,6,1,23,5,2198,2,8,FORD TRANSIT CUSTOM,2,E01000154,0,-1
2023302301763,2023,302301763,1,19,0,18,19,8,4,0,0,0,0,0,0,0,1,1,1,1,1,23,5,1995,2,2,FORD TRANSIT CUSTOM,5,E01019719,0,-1
2023461339827,2023,461339827,1,19,0,18,19,6,2,0,0,0,0,0,1,4,1,1,5,6,1,42,7,1995,2,0,FORD TRANSIT CUSTOM,7,E01024109,0,-1
2023031374042,2023,031374042,2,19,0,18,19,7,3,0,0,1,0,0,0,0,2,1,3,7,1,55,8,1995,2,7,FORD TRANSIT CUSTOM,8,E01019391,0,-1
2023531383771,2023,531383771,2,19,0,18,19,1,5,0,0,8,2,0,2,0,4,1,5,6,1,49,8,2198,2,7,FORD TRANSIT CUSTOM,7,E01022252,0,-1
2023010432388,2023,010432388,1,19,0,99,99,9,9,99,99,9,9,99,9,99,9,9,2,2,1,41,7,2198,2,9,FORD TRANSIT CUSTOM,6,E01001374,0,-1
2023010473421,2023,010473421,2,19,0,18,19,6,2,0,0,0,0,0,0,0,1,1,2,2,1,46,8,1995,2,3,FORD TRANSIT CUSTOM,-1,-1,0,-1
2023010475538,2023,010475538,2,19,0,99,99,9,9,99,99,9,9,99,9,99,9,9,6,6,3,-1,-1,1995,2,1,FORD TRANSIT CUSTOM,-1,-1,0,-1
2023010444082,2023,010444082,2,19,0,99,99,9,9,99,99,9,9,99,9,99,9,9,6,6,1,35,6,1995,2,2,FORD TRANSIT CUSTOM,5,E01002533,0,-1
2023311388803,2023,311388803,2,19,0,12,12,7,3,0,0,0,0,0,0,0,0,1,2,2,1,47,8,1995,2,4,FORD TRANSIT CUSTOM,8,E01026584,0,-1
2023010466727,2023,010466727,1,19,0,10,10,2,8,0,0,6,0,0,0,0,1,1,1,1,1,30,6,1995,2,3,FORD TRANSIT CUSTOM,4,E01033415,0,-1
2023122300903,2023,122300903,1,19,0,18,19,1,5,0,0,0,0,0,1,11,4,1,1,1,2,34,6,1995,2,6,FORD TRANSIT CUSTOM,1,E01010821,0,-1
2023131308066,2023,131308066,1,19,0,18,19,7,7,0,0,0,0,0,0,0,1,1,2,2,1,34,6,2198,2,9,FORD TRANSIT CUSTOM,1,E01011423,0,-1
2023010467298,2023,010467298,1,19,0,18,19,1,5,0,0,0,0,0,0,0,1,1,2,2,1,27,6,1995,2,0,FORD TRANSIT CUSTOM,9,E01033609,0,-1
2023471258906,2023,471258906,1,19,0,9,9,4,2,0,0,8,0,0,0,0,3,1,5,6,1,21,5,1995,2,5,FORD TRANSIT CUSTOM,7,E01031396,0,-1
2023631319562,2023,631319562,2,19,0,18,19,4,8,0,0,8,5,0,0,0,4,1,2,2,1,38,7,2198,2,8,FORD TRANSIT CUSTOM,7,W01000679,0,-1
2023221375366,2023,221375366,2,19,0,18,19,1,5,0,0,8,0,0,0,0,1,1,2,2,1,41,7,1995,2,2,FORD TRANSIT CUSTOM,3,E01032187,0,-1
2023010443254,2023,010443254,2,19,0,17,19,3,7,0,0,2,0,0,0,0,4,1,1,1,1,55,8,1995,2,2,FORD TRANSIT CUSTOM,10,E01023558,0,-1
2023010469446,2023,010469446,1,19,0,99,99,9,9,99,99,9,9,99,9,99,9,9,2,2,1,36,7,1995,2,6,FORD TRANSIT CUSTOM,8,E01006018,0,-1
2023421315912,2023,421315912,1,19,0,9,9,7,3,0,0,6,0,0,0,0,3,1,1,1,1,47,8,1995,2,0,FORD TRANSIT CUSTOM,3,E01032587,0,-1
2023010467505,2023,010467505,1,19,0,18,19,5,1,0,0,4,0,11,3,4,1,1,6,6,1,49,8,1995,2,6,FORD TRANSIT CUSTOM,-1,-1,0,-1
2023991290932,2023,991290932,1,19,0,18,19,5,1,0,0,0,0,0,0,0,1,1,1,1,2,38,7,1995,2,1,FORD TRANSIT CUSTOM,5,-1,0,-1
2023201417858,2023,201417858,3,19,0,3,3,2,6,0,0,1,0,0,0,0,1,1,6,6,1,65,9,2198,2,8,FORD TRANSIT CUSTOM,2,E01009998,0,-1
2023311292559,2023,311292559,2,19,0,18,19,1,1,0,0,0,1,0,0,0,1,1,2,2,1,23,5,1995,2,6,FORD TRANSIT CUSTOM,-1,-1,0,-1
2023461372446,2023,461372446,2,19,0,18,19,5,1,0,0,0,0,0,0,0,3,1,2,2,1,23,5,1995,2,1,FORD TRANSIT CUSTOM,5,E01024413,0,-1
2023221367334,2023,221367334,2,19,0,18,19,4,8,0,0,8,0,0,0,0,1,1,2,2,1,28,6,1995,2,2,FORD TRANSIT CUSTOM,8,W01000443,0,-1
2023501393087,2023,501393087,1,19,0,1,1,5,1,99,99,0,0,0,-1,0,2,1,6,6,1,50,8,2198,2,10,FORD TRANSIT CUSTOM,4,E01018955,0,-1
2023302300034,2023,302300034,1,19,0,9,9,8,6,0,0,6,0,0,0,0,1,1,2,2,2,37,7,1995,2,6,FORD TRANSIT CUSTOM,6,E01019502,0,-1
2023421387215,2023,421387215,3,19,0,18,19,2,6,0,0,0,0,0,0,0,2,1,1,1,1,32,6,1995,2,5,FORD TRANSIT CUSTOM,6,E01021355,0,-1
2023061260159,2023,061260159,2,19,0,7,7,1,5,0,0,8,0,0,0,0,1,1,1,1,1,30,6,1995,2,6,FORD TRANSIT CUSTOM,1,E01004979,0,-1
2023471273960,2023,471273960,1,19,0,5,5,5,1,0,0,0,0,0,0,0,4,1,6,6,3,-1,-1,2198,2,10,FORD TRANSIT CUSTOM,-1,-1,0,-1
2023010422042,2023,010422042,3,19,0,18,19,1,5,0,0,1,0,0,0,0,1,1,1,1,1,37,7,1995,2,2,FORD TRANSIT CUSTOM,8,E01002318,0,-1
2023531351453,2023,531351453,1,19,0,17,19,5,1,0,0,2,0,0,0,0,1,1,5,6,1,48,8,1995,2,5,FORD TRANSIT CUSTOM,6,E01022211,0,-1
2023010461484,2023,010461484,2,19,0,2,2,0,0,0,0,2,0,0,0,0,1,1,6,6,3,-1,-1,1995,2,3,FORD TRANSIT CUSTOM,-1,-1,0,-1
2023122300752,2023,122300752,2,19,0,4,4,8,4,0,0,1,0,0,0,0,2,1,1,1,1,74,10,2198,2,8,FORD TRANSIT CUSTOM,-1,-1,0,-1
2023041387656,2023,041387656,1,19,0,9,9,3,7,0,0,8,0,0,0,0,4,1,1,1,1,27,6,1995,2,5,FORD TRANSIT CUSTOM,4,E01025150,0,-1
2023031335822,2023,031335822,1,19,0,1,1,1,7,9,9,0,0,0,0,0,2,1,1,1,1,40,7,1995,2,6,FORD TRANSIT CUSTOM,2,E01008377,0,-1
2023041300746,2023,041300746,2,19,0,18,19,3,7,0,0,8,0,0,0,0,3,1,1,1,1,61,9,2198,2,9,FORD TRANSIT CUSTOM,6,E01006935,0,-1
2023440175814,2023,440175814,2,19,0,18,19,2,6,0,0,0,0,0,0,0,1,1,1,1,1,48,8,1995,2,0,FORD TRANSIT CUSTOM,2,E01017202,0,-1
2023340WN4702,2023,340WN4702,1,19,0,18,19,8,4,0,0,1,0,0,0,0,1,1,1,1,1,49,8,1995,2,4,FORD TRANSIT CUSTOM,7,E01026994,0,-1
2023991261458,2023,991261458,1,19,0,18,19,6,2,0,0,0,0,0,0,0,1,1,1,1,1,27,6,1995,2,2,FORD TRANSIT CUSTOM,-1,-1,0,-1
2023010462118,2023,010462118,1,19,0,99,99,9,9,99,99,9,9,99,9,99,2,9,2,2,1,33,6,1995,2,3,FORD TRANSIT CUSTOM,5,E01016118,0,-1
2023010482342,2023,010482342,1,19,0,5,5,3,7,0,0,1,0,0,0,0,1,2,3,7,1,43,7,1995,2,7,FORD TRANSIT CUSTOM,8,E01000399,0,-1
2023010473234,2023,010473234,2,19,0,99,99,9,9,99,99,9,9,99,9,99,0,9,6,6,1,27,6,1995,2,1,FORD TRANSIT CUSTOM,-1,-1,0,-1
2023010430529,2023,010430529,1,19,0,1,1,1,5,0,0,0,0,0,0,0,2,1,6,6,1,42,7,1995,2,3,FORD TRANSIT CUSTOM,6,E01002295,0,-1
2023320327664,2023,320327664,1,19,0,18,19,1,4,0,0,0,1,0,2,0,3,1,6,6,1,34,6,1995,2,4,FORD TRANSIT CUSTOM,7,E01026202,0,-1
2023141272158,2023,141272158,2,19,0,18,19,1,5,0,0,0,0,0,0,0,1,1,1,1,1,45,7,1995,2,6,FORD TRANSIT CUSTOM,5,E01011749,0,-1
2023430287837,2023,430287837,1,19,0,18,19,2,6,0,0,0,0,0,0,0,1,1,1,1,1,29,6,2198,2,8,FORD TRANSIT CUSTOM,3,E01026784,0,-1
2023131321922,2023,131321922,1,19,0,12,12,5,1,0,0,1,0,0,0,0,1,1,1,1,1,46,8,1995,2,6,FORD TRANSIT CUSTOM,10,E01011549,0,-1
2023991379891,2023,991379891,2,19,0,18,19,3,7,0,0,0,0,0,1,0,2,1,6,6,1,52,8,2198,2,9,FORD TRANSIT CUSTOM,3,-1,0,-1
2023010443821,2023,010443821,1,19,0,18,19,5,1,0,0,6,0,0,0,0,1,2,1,1,1,26,6,1995,2,4,FORD TRANSIT CUSTOM,2,E01001830,0,-1
2023010481093,2023,010481093,2,19,0,99,99,9,9,99,99,9,9,99,9,99,9,9,6,6,3,-1,-1,1995,2,6,FORD TRANSIT CUSTOM,2,E01002078,0,-1
2023041278783,2023,041278783,2,19,0,18,19,3,7,0,0,8,0,0,0,0,4,1,6,6,1,45,7,1995,2,2,FORD TRANSIT CUSTOM,5,E01025228,0,-1
2023552301040,2023,552301040,1,19,0,18,19,3,7,0,0,0,0,0,0,0,4,1,6,6,3,-1,-1,2198,2,9,FORD TRANSIT CUSTOM,-1,-1,0,-1
2023010441245,2023,010441245,1,19,0,3,3,5,1,0,0,0,0,0,0,0,4,1,1,1,1,23,5,1995,2,4,FORD TRANSIT CUSTOM,2,E01016153,0,-1
2023161325277,2023,161325277,1,9,0,18,19,3,7,0,0,0,0,0,0,0,4,1,6,6,2,34,6,1995,2,3,-1,9,E01013216,0,-1
2023991370414,2023,991370414,2,19,0,9,9,3,1,0,0,5,1,0,7,0,3,1,1,1,1,31,6,2198,2,8,FORD TRANSIT CUSTOM,2,-1,0,-1
2023010454769,2023,010454769,2,19,0,99,99,9,9,99,99,9,9,99,9,99,9,9,6,6,1,50,8,1995,2,7,FORD TRANSIT CUSTOM,5,E01000450,0,-1
2023411348367,2023,411348367,2,19,0,18,19,2,7,0,0,0,0,0,0,0,1,1,2,2,1,43,7,2198,2,8,FORD TRANSIT CUSTOM,7,E01016209,0,-1
2023371331123,2023,371331123,1,19,0,13,13,2,6,0,0,0,0,0,0,0,4,1,6,6,1,44,7,1995,2,3,FORD TRANSIT CUSTOM,6,E01032612,0,-1
2023520300288,2023,520300288,1,19,0,1,1,3,5,9,9,0,0,0,0,0,2,1,6,6,1,29,6,2198,2,7,FORD TRANSIT CUSTOM,9,E01029076,0,-1
2023411356156,2023,411356156,1,19,0,11,11,5,8,0,0,0,0,0,0,0,1,1,2,2,1,39,7,1995,2,6,FORD TRANSIT CUSTOM,5,E01015746,0,-1
2023461300048,2023,461300048,2,19,0,4,4,5,1,0,0,0,0,0,0,0,2,1,2,2,1,33,6,-1,-1,-1,FORD TRANSIT CUSTOM,5,E01024532,0,-1
2023471367863,2023,471367863,1,19,0,18,19,7,3,0,0,0,2,11,1,0,1,1,2,2,1,30,6,1995,2,6,FORD TRANSIT CUSTOM,3,E01002547,0,-1
2023371346314,2023,371346314,1,19,0,1,1,1,5,0,0,0,0,0,0,0,2,1,5,6,1,24,5,2198,2,8,FORD TRANSIT CUSTOM,8,E01030698,0,-1
2023520400827,2023,520400827,2,19,0,18,19,4,8,0,0,8,0,0,0,0,3,1,6,6,1,58,9,2198,2,8,FORD TRANSIT CUSTOM,8,E01029203,0,-1
2023440272702,2023,440272702,2,19,0,12,12,2,6,0,0,0,0,0,0,0,3,1,2,2,1,32,6,1995,2,4,FORD TRANSIT CUSTOM,6,E01023070,0,-1
2023471302629,2023,471302629,1,19,0,5,5,3,7,0,0,1,0,0,0,0,1,1,2,2,1,67,10,2198,2,7,FORD TRANSIT CUSTOM,5,E01031614,0,-1
2023010452444,2023,010452444,1,19,0,99,99,9,9,99,99,9,9,99,9,99,2,9,6,6,3,-1,-1,1995,2,0,FORD TRANSIT CUSTOM,-1,-1,0,-1
2023440320197,2023,440320197,1,19,0,4,4,1,5,0,0,0,0,0,0,0,2,1,2,2,1,58,9,1995,2,4,FORD TRANSIT CUSTOM,10,E01022747,0,-1
2023010428484,2023,010428484,2,19,0,99,99,9,9,99,99,9,9,99,9,99,2,9,6,6,3,-1,-1,1995,2,3,FORD TRANSIT CUSTOM,6,E01001519,0,-1
2023010481796,2023,010481796,2,19,0,18,19,7,3,0,0,1,1,0,0,0,3,1,6,6,1,52,8,1995,2,0,FORD TRANSIT CUSTOM,3,E01003723,0,-1
2023131314536,2023,131314536,1,20,0,12,12,6,2,0,0,1,0,0,0,0,4,1,2,2,1,51,8,-1,-1,-1,FORD TRANSIT CUSTOM,1,E01033013,0,-1
2023052301674,2023,052301674,1,19,0,15,15,3,7,0,0,1,0,0,0,0,4,1,2,2,1,44,7,2198,2,9,FORD TRANSIT CUSTOM,1,E01006569,0,-1
2023010427112,2023,010427112,2,19,0,99,99,9,9,0,0,8,0,0,0,0,9,1,6,6,3,-1,-1,1995,2,6,FORD TRANSIT CUSTOM,-1,-1,0,-1
2023991378541,2023,991378541,1,19,0,18,19,6,2,0,0,1,0,0,0,0,1,1,1,1,1,24,5,1995,2,2,FORD TRANSIT CUSTOM,4,-1,0,-1
2023170L11273,2023,170L11273,2,19,0,18,19,6,2,0,0,0,0,0,1,0,1,1,1,1,1,39,7,1995,2,1,FORD TRANSIT CUSTOM,-1,-1,0,-1
2023461287285,2023,461287285,3,19,0,18,19,3,7,0,0,0,0,0,0,0,4,1,6,6,1,28,6,1995,2,4,FORD TRANSIT CUSTOM,5,E01024095,0,-1
2023411367600,2023,411367600,1,19,0,5,5,8,7,0,0,4,0,0,0,0,2,1,1,1,1,23,5,1995,2,3,FORD TRANSIT CUSTOM,4,E01023333,0,-1
2023010444954,2023,010444954,3,19,0,18,19,5,1,0,0,0,0,0,0,0,1,1,1,1,1,60,9,1995,2,4,FORD TRANSIT CUSTOM,10,E01030992,0,-1
2023041300711,2023,041300711,2,19,0,4,4,5,1,0,0,0,0,0,0,0,2,1,1,1,1,37,7,1995,2,5,FORD TRANSIT CUSTOM,1,E01004870,0,-1
2023421368902,2023,421368902,1,19,0,18,19,4,1,0,0,1,0,0,0,0,4,1,6,6,3,-1,-1,1995,2,2,FORD TRANSIT CUSTOM,-1,-1,0,-1
2023411300724,2023,411300724,1,19,0,18,19,8,4,0,0,0,0,0,0,0,2,1,6,6,1,30,6,1995,2,3,FORD TRANSIT CUSTOM,4,E01021853,0,-1
2023531333692,2023,531333692,1,19,0,5,5,3,7,0,0,0,0,0,0,0,4,2,6,6,3,-1,-1,1995,2,3,FORD TRANSIT CUSTOM,-1,-1,0,-1
2023031359338,2023,031359338,2,19,0,17,19,8,6,0,0,1,0,0,0,0,3,1,6,6,1,26,6,2198,2,8,FORD TRANSIT CUSTOM,3,E01012282,0,-1
2023101377344,2023,101377344,2,19,0,18,19,4,8,0,0,8,0,0,0,0,3,1,5,6,1,20,4,1995,2,6,FORD TRANSIT CUSTOM,-1,-1,0,-1
2023541233123,2023,541233123,1,19,0,4,4,2,6,0,0,0,0,0,1,4,1,1,1,1,1,41,7,1995,2,4,FORD TRANSIT CUSTOM,9,E01015483,0,-1
2023131264526,2023,131264526,1,19,0,18,19,7,3,0,0,0,1,0,0,0,1,1,1,1,1,35,6,2198,2,7,FORD TRANSIT CUSTOM,4,E01010886,0,-1
2023221383791,2023,221383791,1,19,0,9,9,7,5,0,0,6,0,0,0,0,1,1,5,6,1,42,7,2198,2,8,FORD TRANSIT CUSTOM,6,E01014089,0,-1
2023070158151,2023,070158151,4,19,0,4,4,7,3,0,0,0,0,0,0,0,2,1,1,1,1,29,6,1995,2,3,FORD TRANSIT CUSTOM,7,E01018064,0,-1
2023141371978,2023,141371978,1,19,0,14,14,8,4,0,0,0,0,4,0,0,4,2,6,6,1,42,7,1995,12,1,FORD TRANSIT CUSTOM,3,E01007488,0,-1
202360A164512,2023,60A164512,2,19,0,4,4,1,5,0,0,1,0,0,0,0,2,1,6,6,1,-1,-1,2198,2,9,FORD TRANSIT CUSTOM,-1,-1,0,-1
2023010466983,2023,010466983,1,19,0,7,7,8,3,0,0,8,0,0,0,0,2,1,6,6,1,43,7,1995,2,3,FORD TRANSIT CUSTOM,4,E01003353,0,-1
2023501285658,2023,501285658,2,19,0,18,19,2,3,0,0,0,0,0,0,0,1,1,6,6,1,30,6,1995,2,6,FORD TRANSIT CUSTOM,-1,-1,0,-1
2023111328728,2023,111328728,2,19,0,4,4,8,4,0,0,0,0,0,0,0,2,1,6,6,1,31,6,1995,2,5,FORD TRANSIT CUSTOM,3,E01008718,0,-1
2023041355177,2023,041355177,2,19,0,18,19,5,1,0,0,1,0,0,1,0,1,1,2,2,1,60,9,1995,2,4,FORD TRANSIT CUSTOM,1,E01012735,0,-1
2023451272093,2023,451272093,1,19,0,18,19,7,3,0,0,0,0,0,0,0,1,1,1,1,1,40,7,2198,2,7,FORD TRANSIT CUSTOM,7,E01030859,0,-1
2023421372531,2023,421372531,1,19,0,18,19,5,1,0,0,0,0,0,0,0,1,1,6,6,1,45,7,1995,2,5,FORD TRANSIT CUSTOM,1,E01021665,0,-1
2023010475682,2023,010475682,1,19,0,18,19,7,3,0,0,8,0,0,0,0,1,1,6,6,1,43,7,1995,2,2,FORD TRANSIT CUSTOM,7,E01003677,0,-1
2023461333509,2023,461333509,1,19,0,18,19,2,6,0,0,3,0,0,0,0,3,1,2,2,1,35,6,1995,2,5,FORD TRANSIT CUSTOM,10,E01024820,0,-1
2023471306991,2023,471306991,1,19,0,18,19,6,2,0,0,1,1,0,0,0,1,1,1,1,1,53,8,2198,2,9,FORD TRANSIT CUSTOM,6,E01024455,0,-1
2023471374164,2023,471374164,1,19,0,18,19,1,5,0,0,0,2,4,0,0,1,1,1,1,1,56,9,1995,2,6,FORD TRANSIT CUSTOM,7,E01031375,0,-1
2023320535499,2023,320535499,1,19,0,4,4,3,7,9,9,0,0,0,0,0,1,1,6,6,3,-1,-1,1995,2,6,FORD TRANSIT CUSTOM,-1,-1,0,-1
2023430328911,2023,430328911,1,19,0,10,10,2,1,0,0,1,0,0,0,0,1,1,2,2,1,34,6,1995,2,5,FORD TRANSIT CUSTOM,1,E01016441,0,-1
2023991382448,2023,991382448,1,19,0,18,19,8,4,0,0,1,0,0,0,0,1,1,1,1,1,23,5,1995,2,3,FORD TRANSIT CUSTOM,9,-1,0,-1
2023421344475,2023,421344475,1,19,0,4,4,3,7,0,0,0,0,0,0,0,2,1,2,2,1,45,7,1995,2,1,FORD TRANSIT CUSTOM,4,E01022040,0,-1
2023101382405,2023,101382405,1,21,0,18,19,4,8,0,0,1,1,0,4,6,3,1,2,2,1,56,9,-1,-1,-1,-1,1,E01027539,0,-1
2023010455047,2023,010455047,2,19,0,18,19,5,1,0,0,0,0,0,0,0,0,1,1,1,1,29,6,1995,2,3,FORD TRANSIT CUSTOM,8,E01003897,0,-1
2023010464983,2023,010464983,2,19,0,18,19,5,1,0,0,3,0,0,0,0,1,1,1,1,2,27,6,1995,2,0,FORD TRANSIT CUSTOM,8,E01003897,0,-1
2023061313300,2023,061313300,2,19,0,18,19,-1,-1,0,0,0,0,0,0,0,2,1,5,6,1,51,8,1995,2,5,FORD TRANSIT CUSTOM,8,E01004892,0,-1
2023552400022,2023,552400022,3,19,0,18,19,2,6,0,0,8,0,0,0,0,2,1,6,6,1,37,7,1995,2,5,FORD TRANSIT CUSTOM,7,E01020429,0,-1
2023010455163,2023,010455163,1,19,0,13,13,1,5,0,0,0,1,0,0,0,1,1,1,1,1,58,9,1995,2,1,FORD TRANSIT CUSTOM,8,E01016234,0,-1
2023141333358,2023,141333358,1,19,0,9,9,1,6,0,0,0,0,0,0,0,2,1,1,1,1,40,7,1995,2,1,FORD TRANSIT CUSTOM,10,E01007710,0,-1
2023461367213,2023,461367213,1,19,0,5,5,7,3,0,0,0,0,0,0,0,1,1,6,6,3,-1,-1,1995,2,2,FORD TRANSIT CUSTOM,5,E01024138,0,-1
2023471376207,2023,471376207,1,19,0,18,19,5,1,0,0,1,0,0,0,0,1,1,6,6,3,-1,-1,1995,2,5,FORD TRANSIT CUSTOM,-1,-1,0,-1
2023111332703,2023,111332703,2,19,0,8,8,4,6,0,0,1,0,0,0,0,2,1,1,1,2,19,4,1995,2,5,FORD TRANSIT CUSTOM,1,E01020907,0,-1
2023010471872,2023,010471872,2,19,0,11,11,7,3,0,0,1,0,0,1,2,2,1,2,2,1,57,9,1995,2,4,FORD TRANSIT CUSTOM,6,E01001163,0,-1
2023451303180,2023,451303180,1,19,0,4,4,4,8,0,0,0,0,0,0,0,1,1,6,6,1,59,9,1995,2,6,FORD TRANSIT CUSTOM,8,E01002452,0,-1
2023351276081,2023,351276081,1,19,0,18,19,3,7,0,0,0,0,0,0,0,0,1,1,1,1,54,8,1995,2,2,FORD TRANSIT CUSTOM,6,E01027107,0,-1
2023501366219,2023,501366219,1,19,0,18,19,7,4,0,0,1,0,0,0,0,4,1,6,6,1,44,7,2198,2,7,FORD TRANSIT CUSTOM,2,E01015176,0,-1
2023010436420,2023,010436420,5,19,0,2,2,0,0,0,0,0,0,0,0,0,1,1,6,6,3,-1,-1,1995,2,4,FORD TRANSIT CUSTOM,-1,-1,0,-1
2023101359141,2023,101359141,2,19,0,18,19,1,5,0,0,1,0,0,0,0,1,1,6,6,1,27,6,1995,2,5,FORD TRANSIT CUSTOM,-1,-1,0,-1
2023010474128,2023,010474128,3,19,0,18,19,5,1,0,0,1,0,0,0,0,3,1,6,6,1,33,6,1995,2,2,FORD TRANSIT CUSTOM,2,E01032562,0,-1
2023411359296,2023,411359296,2,19,0,18,19,-1,-1,0,0,0,0,0,0,0,2,1,1,1,2,34,6,1995,2,4,FORD TRANSIT CUSTOM,7,E01024332,0,-1
2023041302078,2023,041302078,2,19,0,9,9,5,3,0,0,8,0,0,0,0,0,1,1,1,1,25,5,1995,2,3,FORD TRANSIT CUSTOM,8,E01025089,0,-1
2023501362250,2023,501362250,1,19,0,9,9,4,1,0,0,1,0,0,0,0,1,1,6,6,1,59,9,2198,2,9,FORD TRANSIT CUSTOM,3,E01020073,0,-1
2023421384192,2023,421384192,1,19,0,9,9,1,5,0,0,0,0,0,0,0,3,1,2,2,1,31,6,2198,2,9,FORD TRANSIT CUSTOM,6,E01021372,0,-1
2023010436183,2023,010436183,1,19,0,18,19,7,3,0,0,1,0,0,0,0,0,1,6,6,1,59,9,1995,2,5,FORD TRANSIT CUSTOM,4,E01002677,0,-1
2023552301197,2023,552301197,3,19,0,3,3,2,6,0,0,0,0,0,0,0,2,1,1,1,1,59,9,1995,2,6,FORD TRANSIT CUSTOM,10,E01022535,0,-1
2023991344373,2023,991344373,2,19,0,16,19,3,7,0,0,0,0,0,0,0,4,1,1,1,1,56,9,1995,2,0,FORD TRANSIT CUSTOM,2,-1,0,-1
2023451332276,2023,451332276,3,19,0,3,3,5,1,0,0,0,0,0,0,0,2,1,2,2,1,54,8,1995,2,4,FORD TRANSIT CUSTOM,4,E01030364,0,-1
2023161298614,2023,161298614,2,19,0,4,4,3,1,7,6,0,0,0,0,0,3,1,1,1,1,27,6,1995,2,0,FORD TRANSIT CUSTOM,2,E01026156,0,-1