collision_index,collision_year,collision_ref_no,vehicle_reference,vehicle_type,towing_and_articulation,vehicle_manoeuvre_historic,vehicle_manoeuvre,vehicle_direction_from,vehicle_direction_to,vehicle_location_restricted_lane_historic,vehicle_location_restricted_lane,junction_location,skidding_and_overturning,hit_object_in_carriageway,vehicle_leaving_carriageway,hit_object_off_carriageway,first_point_of_impact,vehicle_left_hand_drive,journey_purpose_of_driver_historic,journey_purpose_of_driver,sex_of_driver,age_of_driver,age_band_of_driver,engine_capacity_cc,propulsion_code,age_of_vehicle,generic_make_model,driver_imd_decile,lsoa_of_driver,escooter_flag,driver_distance_banding
2023542145923,2023,542145923,1,19,0,18,19,2,6,0,0,0,0,0,0,0,4,1,2,2,1,32,6,1995,2,6,FORD TRANSIT CUSTOM,9,E01032702,0,-1
2023991366409,2023,991366409,1,19,0,16,19,7,3,0,0,0,0,0,0,0,3,1,6,6,1,54,8,2198,2,7,FORD TRANSIT CUSTOM,-1,-1,0,-1
2023010428242,2023,010428242,2,19,0,99,99,9,9,99,99,9,9,99,9,99,9,9,6,6,1,31,6,1995,2,1,FORD TRANSIT CUSTOM,8,E01021516,0,-1
2023231279325,2023,231279325,1,19,0,5,5,1,5,0,0,6,0,0,0,0,3,1,6,6,1,29,6,1995,2,1,FORD TRANSIT CUSTOM,10,E01031124,0,-1
2023421330689,2023,421330689,1,19,0,18,19,5,1,9,9,1,0,7,0,0,1,1,6,6,1,34,6,1995,2,1,FORD TRANSIT CUSTOM,5,E01022017,0,-1
2023421354784,2023,421354784,2,19,0,18,19,3,7,0,0,1,0,0,0,0,3,1,2,2,1,32,6,1995,2,3,FORD TRANSIT CUSTOM,8,E01022059,0,-1
2023451364797,2023,451364797,1,19,0,18,19,7,3,0,0,0,0,0,0,0,1,1,1,1,1,29,6,1995,2,5,FORD TRANSIT CUSTOM,7,E01030465,0,-1
2023010457522,2023,010457522,1,9,0,18,19,7,3,0,0,0,0,0,0,0,2,1,1,1,2,48,8,1995,2,3,-1,7,E01002514,0,-1
2023010454756,2023,010454756,1,19,0,4,4,1,5,0,0,1,0,0,0,0,2,1,2,2,1,53,8,1995,2,3,FORD TRANSIT CUSTOM,4,E01001325,0,-1
2023320379060,2023,320379060,2,19,0,18,19,3,7,0,0,8,0,0,0,0,1,1,1,1,1,37,7,1995,2,2,FORD TRANSIT CUSTOM,1,E01007643,0,-1
2023041295518,2023,041295518,3,19,0,5,5,8,4,0,0,1,0,0,0,0,0,1,1,1,1,32,6,1995,2,2,FORD TRANSIT CUSTOM,6,E01006935,0,-1
2023010467006,2023,010467006,2,19,0,99,99,9,9,99,99,9,9,99,9,99,9,9,6,6,3,-1,-1,1995,2,5,FORD TRANSIT CUSTOM,-1,-1,0,-1
2023461356315,2023,461356315,1,19,0,18,19,7,3,0,0,4,0,0,0,0,1,1,6,6,1,-1,-1,1995,2,0,FORD TRANSIT CUSTOM,9,E01016147,0,-1
2023111281308,2023,111281308,1,19,4,4,4,5,1,0,0,0,0,0,0,0,1,1,1,1,2,24,5,2198,2,9,FORD TRANSIT CUSTOM,5,E01020740,0,-1
2023501306235,2023,501306235,2,19,0,18,19,7,3,0,0,0,0,0,0,0,1,1,2,2,1,39,7,1995,2,5,FORD TRANSIT CUSTOM,4,E01018919,0,-1
2023010466755,2023,010466755,2,19,0,99,99,9,9,99,99,9,9,99,9,99,1,9,6,6,3,-1,-1,1995,2,1,FORD TRANSIT CUSTOM,-1,-1,0,-1
2023471355051,2023,471355051,1,19,0,9,9,2,7,0,0,8,0,0,0,0,1,1,1,1,1,32,6,1995,2,0,FORD TRANSIT CUSTOM,8,E01023235,0,-1
2023010464736,2023,010464736,2,19,0,12,12,3,7,0,0,0,0,0,0,0,3,1,2,2,1,39,7,1995,2,1,FORD TRANSIT CUSTOM,3,E01024392,0,-1
2023061332924,2023,061332924,1,19,0,18,19,2,6,0,0,0,0,0,0,0,4,1,2,2,1,39,7,1995,2,3,FORD TRANSIT CUSTOM,3,E01007088,0,-1
2023411367543,2023,411367543,3,19,0,18,19,3,7,0,0,0,0,0,0,0,1,1,1,1,1,26,6,1995,2,6,FORD TRANSIT CUSTOM,8,E01000175,0,-1
2023440042894,2023,440042894,2,19,0,18,19,5,1,0,0,8,0,0,0,0,1,1,1,1,1,33,6,1995,2,0,FORD TRANSIT CUSTOM,9,E01032625,0,-1
2023622300533,2023,622300533,2,19,0,2,2,0,0,0,0,0,0,0,0,0,1,1,6,6,3,-1,-1,2198,2,8,FORD TRANSIT CUSTOM,-1,-1,0,-1
2023010424742,2023,010424742,2,19,0,18,19,1,5,0,0,0,0,0,0,0,1,1,1,1,1,49,8,2198,2,10,FORD TRANSIT CUSTOM,5,E01022800,0,-1
2023302300258,2023,302300258,2,19,0,18,19,4,8,0,0,0,0,0,0,0,4,1,2,2,1,55,8,1995,2,3,FORD TRANSIT CUSTOM,9,E01007926,0,-1
2023430052119,2023,430052119,2,19,0,18,19,6,2,0,0,0,0,0,0,0,1,1,6,6,1,30,6,2198,2,8,FORD TRANSIT CUSTOM,-1,-1,0,-1
2023471334741,2023,471334741,1,19,0,16,19,3,5,9,9,1,1,0,7,1,1,1,6,6,1,26,6,1995,2,5,FORD TRANSIT CUSTOM,5,E01016884,0,-1
2023010461295,2023,010461295,1,19,0,99,99,9,9,99,99,9,9,99,9,99,9,9,6,6,3,-1,-1,1995,2,5,FORD TRANSIT CUSTOM,5,E01003071,0,-1
2023211309251,2023,211309251,1,19,0,4,4,2,6,0,0,1,0,0,0,0,1,1,6,6,1,27,6,2198,2,9,FORD TRANSIT CUSTOM,2,E01014152,0,-1
2023161365755,2023,161365755,2,19,0,17,19,1,5,0,0,1,0,0,0,0,4,1,5,6,1,26,6,2198,2,9,FORD TRANSIT CUSTOM,1,E01012946,0,-1
2023411331051,2023,411331051,1,19,0,9,9,-1,-1,0,0,1,0,0,0,0,1,1,6,6,1,59,9,1995,2,4,FORD TRANSIT CUSTOM,-1,-1,0,-1
2023131323560,2023,131323560,1,19,0,5,5,7,3,0,0,1,0,0,0,0,2,1,1,1,3,45,7,1995,2,2,FORD TRANSIT CUSTOM,8,E01011527,0,-1
2023361368826,2023,361368826,3,19,0,18,19,5,1,0,0,0,0,0,0,0,1,1,6,6,1,54,8,1995,2,3,FORD TRANSIT CUSTOM,9,E01026708,0,-1
2023430168752,2023,430168752,2,19,0,14,14,1,5,0,0,1,0,0,0,0,4,1,6,6,3,-1,-1,2198,2,7,FORD TRANSIT CUSTOM,-1,-1,0,-1
2023131318135,2023,131318135,1,19,0,12,12,7,3,0,0,0,0,0,0,0,3,1,1,1,1,38,7,1995,2,3,FORD TRANSIT CUSTOM,8,E01010698,0,-1
2023010462905,2023,010462905,1,19,0,99,99,9,9,99,99,9,9,99,9,99,3,9,1,1,1,47,8,1995,2,1,FORD TRANSIT CUSTOM,9,W01000403,0,-1
2023332300115,2023,332300115,5,19,0,18,19,6,2,0,0,0,0,0,0,0,2,1,1,1,1,32,6,1995,2,2,FORD TRANSIT CUSTOM,9,E01025661,0,-1
2023461363616,2023,461363616,4,19,0,18,19,1,5,0,0,0,0,0,0,0,3,1,1,1,1,41,7,1995,2,6,FORD TRANSIT CUSTOM,3,E01016022,0,-1
2023421296433,2023,421296433,3,19,0,3,3,6,2,0,0,0,0,0,0,0,2,1,5,6,1,56,9,2198,2,8,FORD TRANSIT CUSTOM,8,E01019337,0,-1
2023552301267,2023,552301267,4,19,0,3,3,8,4,0,0,0,0,0,0,0,2,1,2,2,1,27,6,1995,2,5,FORD TRANSIT CUSTOM,1,E01015309,0,-1
2023501295734,2023,501295734,1,19,0,18,19,7,3,0,0,1,0,0,0,0,1,1,6,6,3,35,6,2198,2,10,FORD TRANSIT CUSTOM,-1,-1,0,-1
2023010455254,2023,010455254,2,19,9,99,99,9,9,99,99,0,9,99,9,99,9,9,6,6,3,-1,-1,1995,2,6,FORD TRANSIT CUSTOM,10,E01031775,0,-1
2023411314178,2023,411314178,1,19,0,18,19,5,1,0,0,0,1,0,0,0,1,1,6,6,1,26,6,1995,2,6,FORD TRANSIT CUSTOM,-1,-1,0,-1
2023010483373,2023,010483373,2,19,0,4,4,1,5,0,0,1,1,0,0,0,1,1,1,1,1,44,7,1995,2,5,FORD TRANSIT CUSTOM,2,E01001433,0,-1
2023302300251,2023,302300251,2,19,0,18,19,2,6,0,0,4,0,0,0,0,1,1,6,6,3,-1,-1,1995,2,5,FORD TRANSIT CUSTOM,5,E01019456,0,-1
2023311381738,2023,311381738,1,19,0,7,7,4,5,0,0,2,0,0,0,0,4,1,1,1,1,41,7,1995,2,0,FORD TRANSIT CUSTOM,1,E01028068,0,-1
2023332300865,2023,332300865,1,19,0,13,13,5,1,0,0,0,0,0,7,4,3,1,6,6,1,29,6,2198,2,8,FORD TRANSIT CUSTOM,-1,-1,0,-1
2023401366735,2023,401366735,1,19,0,11,11,7,3,0,0,1,0,0,0,0,1,1,6,6,3,-1,-1,1995,2,1,FORD TRANSIT CUSTOM,-1,-1,0,-1
2023361374826,2023,361374826,1,19,0,18,19,7,3,0,0,0,0,0,0,0,4,1,1,1,1,39,7,2198,2,9,FORD TRANSIT CUSTOM,7,E01026489,0,-1
2023101340874,2023,101340874,2,19,0,18,19,1,5,0,0,0,0,0,0,0,2,1,1,1,1,54,8,1995,2,3,FORD TRANSIT CUSTOM,9,E01020634,0,-1
2023622300970,2023,622300970,1,19,0,5,5,3,7,0,0,4,0,0,0,0,1,1,1,1,1,22,5,1995,2,2,FORD TRANSIT CUSTOM,2,E01010362,0,-1
2023311328269,2023,311328269,2,19,0,2,2,0,0,9,9,0,0,0,0,0,2,1,6,6,3,-1,-1,1995,2,4,FORD TRANSIT CUSTOM,-1,-1,0,-1
2023010458090,2023,010458090,1,19,0,13,13,7,3,2,2,1,0,10,0,0,4,1,6,6,1,31,6,1995,2,0,FORD TRANSIT CUSTOM,4,E01001247,0,-1
2023361366825,2023,361366825,3,19,0,18,19,6,2,0,0,0,0,0,0,0,2,1,5,6,1,63,9,2198,2,8,FORD TRANSIT CUSTOM,8,E01018174,0,-1
2023010465387,2023,010465387,1,19,0,7,7,3,6,0,0,8,0,0,0,0,1,1,1,1,1,41,7,1995,2,5,FORD TRANSIT CUSTOM,-1,-1,0,-1
2023531341640,2023,531341640,1,19,0,9,9,3,1,0,0,8,0,0,0,0,1,1,2,2,1,39,7,1995,2,7,FORD TRANSIT CUSTOM,6,E01022414,0,-1
2023440042641,2023,440042641,3,19,0,18,19,4,8,0,0,0,0,0,0,0,2,1,2,2,1,58,9,1995,2,5,FORD TRANSIT CUSTOM,8,E01022815,0,-1
2023122300901,2023,122300901,1,19,0,18,19,5,1,0,0,2,0,0,0,0,4,1,2,2,1,49,8,1995,2,2,FORD TRANSIT CUSTOM,10,E01027768,0,-1
2023061367091,2023,061367091,1,19,0,15,15,5,1,0,0,1,0,0,0,0,1,1,1,1,2,34,6,1995,2,2,FORD TRANSIT CUSTOM,9,E01006080,0,-1
2023010469601,2023,010469601,1,19,0,14,14,5,1,0,0,1,0,11,7,7,1,1,1,1,2,29,6,1995,2,0,FORD TRANSIT CUSTOM,5,E01000631,0,-1
2023061327180,2023,061327180,3,19,0,2,2,0,0,9,9,8,0,0,0,0,2,1,6,6,3,-1,-1,2198,2,7,FORD TRANSIT CUSTOM,-1,-1,0,-1
2023522301841,2023,522301841,2,19,0,4,4,7,3,0,0,0,0,0,0,0,0,1,6,6,3,27,6,1995,2,2,FORD TRANSIT CUSTOM,3,E01014674,0,-1
2023010435531,2023,010435531,1,19,0,3,3,5,1,0,0,0,0,0,0,0,2,1,6,6,1,29,6,1995,2,6,FORD TRANSIT CUSTOM,6,E01000727,0,-1
2023421397423,2023,421397423,1,20,0,18,19,3,7,0,0,0,0,0,0,0,1,1,6,6,1,39,7,-1,-1,-1,FORD TRANSIT CUSTOM,1,E01021324,0,-1
2023320406907,2023,320406907,2,19,0,18,19,6,2,0,0,8,2,0,7,9,1,1,1,1,1,42,7,1995,2,2,FORD TRANSIT CUSTOM,4,E01026972,0,-1
2023451362441,2023,451362441,2,19,0,1,1,1,5,0,0,1,0,0,0,0,2,1,6,6,1,42,7,1995,2,2,FORD TRANSIT CUSTOM,7,E01016812,0,-1
2023531304806,2023,531304806,2,19,0,18,19,1,5,0,0,0,0,0,0,0,3,1,1,1,1,26,6,1995,2,5,FORD TRANSIT CUSTOM,7,E01022345,0,-1
2023332300485,2023,332300485,1,19,0,9,9,1,7,0,0,6,0,0,0,0,3,1,6,6,1,33,6,1995,2,3,FORD TRANSIT CUSTOM,7,E01025848,0,-1
2023010480993,2023,010480993,2,19,0,99,99,9,9,99,99,9,9,99,9,99,9,9,6,6,1,32,6,1995,2,4,FORD TRANSIT CUSTOM,9,E01004596,0,-1
2023501291391,2023,501291391,1,19,0,1,1,4,8,0,0,0,0,0,0,0,2,1,6,6,1,36,7,2198,2,8,FORD TRANSIT CUSTOM,8,E01019921,0,-1
2023351282374,2023,351282374,1,19,0,2,2,0,0,0,0,0,0,0,0,0,3,1,6,6,1,32,6,1995,2,4,FORD TRANSIT CUSTOM,-1,-1,0,-1
2023131352500,2023,131352500,1,19,0,18,19,7,3,0,0,1,0,0,0,0,1,1,1,1,1,53,8,1995,2,4,FORD TRANSIT CUSTOM,3,E01010846,0,-1
2023421321799,2023,421321799,1,19,0,18,19,1,5,0,0,4,0,0,0,0,2,1,6,6,1,-1,-1,1995,2,0,FORD TRANSIT CUSTOM,-1,-1,0,-1
2023201413879,2023,201413879,1,19,0,18,19,2,6,0,0,3,0,0,0,0,3,1,1,1,1,-1,-1,1995,2,3,FORD TRANSIT CUSTOM,5,E01010109,0,-1
2023052300716,2023,052300716,1,19,0,9,9,5,3,0,0,6,0,0,0,0,1,1,1,1,1,35,6,2198,2,7,FORD TRANSIT CUSTOM,2,E01006492,0,-1
2023041341618,2023,041341618,1,19,0,18,19,1,5,0,0,1,0,0,0,0,1,1,6,6,1,68,10,2198,2,9,FORD TRANSIT CUSTOM,4,E01025113,0,-1
2023302300293,2023,302300293,2,19,0,3,3,6,2,0,0,2,0,0,0,0,2,1,6,6,1,47,8,1995,2,5,FORD TRANSIT CUSTOM,5,E01013542,0,-1
2023991302601,2023,991302601,2,19,0,16,19,7,2,0,0,0,0,0,0,0,1,1,5,6,2,44,7,1995,2,4,FORD TRANSIT CUSTOM,9,-1,0,-1
2023302301315,2023,302301315,1,19,4,18,19,8,4,0,0,0,0,0,0,0,3,1,6,6,1,-1,-1,1995,2,2,FORD TRANSIT CUSTOM,-1,-1,0,-1
2023201379957,2023,201379957,3,19,0,18,19,7,3,0,0,0,0,0,0,0,1,1,6,6,1,51,8,2198,2,10,FORD TRANSIT CUSTOM,5,E01010517,0,-1
2023010479020,2023,010479020,2,19,0,99,99,9,9,99,99,9,9,99,9,99,9,9,6,6,3,-1,-1,1995,2,6,FORD TRANSIT CUSTOM,1,E01004340,0,-1
2023991376817,2023,991376817,1,19,0,18,19,3,7,0,0,0,0,0,0,0,1,1,1,1,1,23,5,1995,2,3,FORD TRANSIT CUSTOM,1,-1,0,-1
2023461376038,2023,461376038,1,19,0,18,19,8,4,0,0,0,0,0,0,0,1,1,6,6,1,31,6,1995,2,4,FORD TRANSIT CUSTOM,4,E01001406,0,-1
2023401308031,2023,401308031,2,19,0,18,19,5,1,0,0,1,0,0,0,0,1,1,2,2,1,29,6,1995,2,6,FORD TRANSIT CUSTOM,9,E01017449,0,-1
2023161365858,2023,161365858,1,19,0,18,19,3,7,0,0,6,0,0,0,0,1,1,2,2,1,42,7,1995,2,4,FORD TRANSIT CUSTOM,4,E01013239,0,-1
2023411383346,2023,411383346,2,19,0,4,4,5,8,0,0,0,0,0,0,0,3,1,5,6,1,38,7,1995,2,2,FORD TRANSIT CUSTOM,1,E01011917,0,-1
2023430520949,2023,430520949,1,19,0,18,19,4,8,0,0,0,0,0,0,0,1,1,6,6,1,37,7,1995,2,4,FORD TRANSIT CUSTOM,8,E01002461,0,-1
2023010424535,2023,010424535,2,19,0,4,4,1,5,0,0,0,0,0,0,0,1,1,1,1,1,42,7,1995,2,4,FORD TRANSIT CUSTOM,10,E01014873,0,-1
2023010456792,2023,010456792,1,19,0,1,1,7,3,0,0,0,0,0,0,0,2,1,1,1,1,32,6,1995,2,3,FORD TRANSIT CUSTOM,-1,-1,0,-1
2023010444716,2023,010444716,2,19,0,4,4,3,7,0,0,1,0,4,0,0,1,1,2,2,1,36,7,1995,2,4,FORD TRANSIT CUSTOM,5,E01015753,0,-1
2023501304725,2023,501304725,1,19,0,5,5,3,1,0,0,2,0,0,0,0,1,1,1,1,1,38,7,1995,2,3,FORD TRANSIT CUSTOM,1,E01018841,0,-1
2023351280928,2023,351280928,1,19,0,4,4,5,1,0,0,1,0,0,0,0,1,1,2,2,1,26,6,1995,2,2,FORD TRANSIT CUSTOM,8,E01033443,0,-1
2023010483244,2023,010483244,1,19,0,99,99,9,9,99,99,9,9,99,9,99,9,9,6,6,3,-1,-1,2198,2,8,FORD TRANSIT CUSTOM,2,E01028284,0,-1
2023991333262,2023,991333262,1,19,0,1,1,5,1,0,0,2,0,0,0,0,2,1,1,1,1,34,6,1995,2,4,FORD TRANSIT CUSTOM,6,-1,0,-1
2023461369002,2023,461369002,1,19,0,18,19,5,1,0,0,0,0,0,0,0,1,1,6,6,1,-1,-1,1995,2,4,FORD TRANSIT CUSTOM,6,E01024171,0,-1
2023010459390,2023,010459390,1,19,0,9,9,1,6,0,0,1,0,11,0,0,1,1,1,1,1,36,7,1995,2,6,FORD TRANSIT CUSTOM,3,E01001263,0,-1
2023041370987,2023,041370987,3,19,0,2,2,7,3,0,0,8,0,0,0,0,2,1,6,6,3,-1,-1,1995,12,1,FORD TRANSIT CUSTOM,-1,-1,0,-1
2023010462631,2023,010462631,2,19,0,99,99,9,9,99,99,9,9,99,9,99,1,9,6,6,1,24,5,1995,2,5,FORD TRANSIT CUSTOM,2,E01000501,0,-1
2023010436164,2023,010436164,1,10,0,18,19,6,2,0,0,1,0,4,0,0,1,1,6,6,1,22,5,-1,-1,-1,-1,2,E01001712,0,-1
2023010420659,2023,010420659,2,19,0,99,99,9,9,99,99,0,9,99,9,99,2,9,6,6,3,-1,-1,2198,2,8,FORD TRANSIT CUSTOM,4,E01001247,0,-1
2023991289664,2023,991289664,1,19,0,17,19,5,2,0,0,0,0,0,1,0,1,1,6,6,1,43,7,1995,2,7,FORD TRANSIT CUSTOM,1,-1,0,-1
2023010483479,2023,010483479,1,19,0,4,4,5,1,0,0,0,0,0,0,0,4,1,6,6,1,32,6,1995,2,6,FORD TRANSIT CUSTOM,5,E01004099,0,-1
2023010475500,2023,010475500,2,19,0,99,99,9,9,99,99,9,9,99,9,99,9,9,6,6,3,-1,-1,2198,2,7,FORD TRANSIT CUSTOM,2,E01004004,0,-1
2023411278762,2023,411278762,1,19,0,18,19,6,2,0,0,0,0,0,0,0,1,1,6,6,1,61,9,1995,2,6,FORD TRANSIT CUSTOM,6,E01018186,0,-1
2023161349885,2023,161349885,2,19,0,18,19,5,7,0,0,8,0,0,0,0,1,1,6,6,1,-1,-1,2198,2,10,FORD TRANSIT CUSTOM,-1,-1,0,-1
2023471360402,2023,471360402,3,19,0,9,9,5,3,0,0,5,0,0,0,0,0,1,1,1,2,58,9,996,8,3,FORD TRANSIT CUSTOM,6,E01016970,0,-1
2023411309961,2023,411309961,3,19,0,4,4,7,3,0,0,8,0,0,0,0,1,1,1,1,1,25,5,1995,2,4,FORD TRANSIT CUSTOM,6,E01025507,0,-1
2023221356289,2023,221356289,1,19,0,15,15,7,3,0,0,0,0,0,0,0,3,1,1,1,1,36,7,2198,2,8,FORD TRANSIT CUSTOM,2,E01032265,0,-1
2023440438814,2023,440438814,3,19,0,3,3,8,4,0,0,0,0,0,0,0,2,1,1,1,1,39,7,1995,2,2,FORD TRANSIT CUSTOM,9,E01022986,0,-1
2023991271671,2023,991271671,2,19,0,18,19,4,7,0,0,8,5,0,0,0,1,1,1,1,1,23,5,1995,2,2,FORD TRANSIT CUSTOM,2,-1,0,-1
2023332300703,2023,332300703,3,19,0,4,4,6,2,0,0,0,0,0,0,0,2,1,2,2,1,58,9,1995,2,6,FORD TRANSIT CUSTOM,7,E01032206,0,-1
2023991269956,2023,991269956,1,19,0,6,6,5,1,2,2,0,0,0,0,0,3,1,2,2,1,41,7,1995,2,5,FORD TRANSIT CUSTOM,5,-1,0,-1
2023061347368,2023,061347368,1,19,0,18,19,2,6,0,0,0,0,0,0,0,1,1,6,6,1,43,7,1995,2,6,FORD TRANSIT CUSTOM,3,E01005518,0,-1
2023010425713,2023,010425713,3,19,0,14,14,5,1,0,0,1,0,0,0,0,0,1,1,1,1,27,6,1995,2,4,FORD TRANSIT CUSTOM,2,E01004008,0,-1
2023010447065,2023,010447065,2,19,0,99,99,9,9,99,99,0,9,99,9,99,2,9,6,6,3,53,8,1995,2,4,FORD TRANSIT CUSTOM,4,E01001167,0,-1
2023461282106,2023,461282106,1,19,0,4,4,7,3,0,0,1,0,0,0,0,1,1,6,6,1,41,7,1995,2,4,FORD TRANSIT CUSTOM,6,E01024163,0,-1
2023052302300,2023,052302300,1,19,0,1,1,8,4,0,0,0,0,0,0,0,2,1,2,2,1,37,7,2198,2,7,FORD TRANSIT CUSTOM,2,E01032510,0,-1
2023201274665,2023,201274665,1,19,0,18,19,1,5,0,0,2,0,0,0,0,4,1,6,6,1,57,9,1995,2,6,FORD TRANSIT CUSTOM,9,E01009549,0,-1
2023231283469,2023,231283469,2,19,0,18,19,4,8,0,0,8,0,0,0,0,4,1,1,1,1,40,7,1995,2,2,FORD TRANSIT CUSTOM,2,E01029426,0,-1
2023411323508,2023,411323508,1,19,0,18,19,-1,-1,0,0,0,0,0,0,0,1,1,6,6,1,40,7,2198,2,8,FORD TRANSIT CUSTOM,10,E01023684,0,-1
2023501296907,2023,501296907,1,19,0,18,19,8,4,0,0,0,0,0,0,0,1,1,1,1,1,36,7,1995,2,7,FORD TRANSIT CUSTOM,5,E01018912,0,-1
2023421388613,2023,421388613,3,19,0,18,19,5,1,0,0,0,0,0,0,0,1,1,1,1,1,31,6,1995,2,6,FORD TRANSIT CUSTOM,5,E01026541,0,-1
2023141275057,2023,141275057,3,19,0,18,19,4,8,0,0,1,0,0,0,0,1,1,1,1,1,63,9,1995,2,5,FORD TRANSIT CUSTOM,2,E01033279,0,-1
2023061375747,2023,061375747,5,19,-1,18,19,5,1,0,0,0,0,0,0,0,1,1,6,6,1,30,6,1995,2,1,FORD TRANSIT CUSTOM,5,E01005347,0,-1
2023221378643,2023,221378643,2,19,0,4,4,5,1,0,0,0,0,0,0,0,3,1,6,6,1,52,8,1995,2,2,FORD TRANSIT CUSTOM,-1,-1,0,-1
2023122300813,2023,122300813,2,19,0,18,19,7,3,0,0,8,0,0,0,0,1,1,6,6,1,27,6,1995,2,1,FORD TRANSIT CUSTOM,9,E01027920,0,-1
2023101280177,2023,101280177,1,19,0,18,19,6,2,0,0,8,0,0,0,0,1,1,6,6,2,-1,-1,2198,2,10,FORD TRANSIT CUSTOM,-1,-1,0,-1
2023421311900,2023,421311900,1,19,0,12,12,1,5,0,0,0,0,4,0,0,1,1,2,2,1,62,9,2198,2,10,FORD TRANSIT CUSTOM,9,E01016002,0,-1
2023010442259,2023,010442259,3,19,0,18,19,5,1,0,0,0,0,0,0,0,4,1,1,1,1,26,6,1995,2,3,FORD TRANSIT CUSTOM,2,E01002072,0,-1
2023010461281,2023,010461281,2,19,0,99,99,9,9,99,99,9,9,99,9,99,1,9,6,6,3,-1,-1,1995,2,4,FORD TRANSIT CUSTOM,-1,-1,0,-1
2023052302967,2023,052302967,2,19,0,2,2,0,0,0,0,0,0,0,0,0,1,1,6,6,3,-1,-1,1995,2,0,FORD TRANSIT CUSTOM,-1,-1,0,-1
2023010457519,2023,010457519,1,19,0,7,7,7,2,0,0,1,0,0,0,0,1,2,6,6,1,52,8,1995,2,6,FORD TRANSIT CUSTOM,9,E01003418,0,-1
2023501371763,2023,501371763,1,19,0,5,5,4,5,0,0,1,0,0,0,0,4,1,1,1,1,39,7,2198,2,8,FORD TRANSIT CUSTOM,3,E01018978,0,-1
2023061373907,2023,061373907,1,19,0,9,9,6,4,0,0,1,0,0,0,0,3,2,6,6,3,30,6,1995,2,6,FORD TRANSIT CUSTOM,-1,-1,0,-1
2023010474179,2023,010474179,2,19,9,99,99,9,9,99,99,9,9,99,9,99,9,9,6,6,3,-1,-1,1995,2,3,FORD TRANSIT CUSTOM,-1,-1,0,-1
2023361342492,2023,361342492,1,19,0,7,7,5,1,0,0,1,0,0,0,0,4,1,1,1,1,20,4,2198,2,8,FORD TRANSIT CUSTOM,4,E01026762,0,-1
2023201384479,2023,201384479,1,19,0,18,19,7,3,0,0,1,0,0,0,0,1,1,6,6,1,31,6,1995,2,5,FORD TRANSIT CUSTOM,7,E01009450,0,-1
2023401342682,2023,401342682,1,19,0,18,19,2,6,0,0,0,0,0,0,0,1,1,1,1,1,24,5,1995,2,4,FORD TRANSIT CUSTOM,3,E01017522,0,-1
2023631315142,2023,631315142,1,19,0,18,19,4,8,0,0,1,1,0,0,0,1,1,1,1,1,46,8,1995,2,4,FORD TRANSIT CUSTOM,8,W01000439,0,-1
2023461351440,2023,461351440,1,19,0,9,9,5,7,0,0,0,0,0,0,0,3,1,6,6,1,40,7,1995,2,4,FORD TRANSIT CUSTOM,3,E01024567,0,-1
2023471331003,2023,471331003,2,19,0,2,2,0,0,0,0,0,0,0,1,0,2,1,6,6,3,-1,-1,2198,2,9,FORD TRANSIT CUSTOM,-1,-1,0,-1
2023131347939,2023,131347939,1,19,0,5,5,7,7,8,6,0,0,0,0,0,1,1,2,2,1,49,8,1995,2,6,FORD TRANSIT CUSTOM,3,E01010714,0,-1
2023010422541,2023,010422541,3,20,0,99,99,9,9,99,99,9,9,99,9,99,9,9,6,6,1,23,5,-1,-1,-1,FORD TRANSIT CUSTOM,8,E01000328,0,-1
2023522401030,2023,522401030,2,19,0,9,9,2,8,0,0,5,0,0,0,0,3,1,1,1,1,36,7,1995,2,5,FORD TRANSIT CUSTOM,4,E01014495,0,-1
2023010424588,2023,010424588,1,19,0,99,99,9,9,99,99,0,9,99,9,99,2,9,1,1,1,30,6,1995,2,6,FORD TRANSIT CUSTOM,8,E01016138,0,-1
2023361345745,2023,361345745,2,19,0,18,19,3,7,0,0,1,0,0,0,0,3,1,2,2,1,49,8,1995,2,3,FORD TRANSIT CUSTOM,6,E01026590,0,-1
2023471320854,2023,471320854,2,19,0,18,19,8,4,0,0,0,0,0,0,0,2,1,1,1,1,24,5,2198,2,10,FORD TRANSIT CUSTOM,8,E01031346,0,-1
2023131266287,2023,131266287,1,19,0,-1,-1,-1,-1,-1,-1,-1,-1,-1,-1,-1,-1,1,6,6,3,-1,-1,2198,2,8,FORD TRANSIT CUSTOM,-1,-1,0,-1
2023041275285,2023,041275285,1,19,0,18,19,1,1,9,9,0,0,0,0,0,3,1,1,1,1,22,5,2198,2,9,FORD TRANSIT CUSTOM,7,E01025585,0,-1
2023461317721,2023,461317721,2,19,0,9,9,5,1,0,0,1,0,0,0,0,2,1,6,6,1,37,7,1995,2,4,FORD TRANSIT CUSTOM,1,E01021136,0,-1
2023451280604,2023,451280604,2,19,0,18,19,2,5,0,0,0,0,0,0,0,1,1,5,6,1,25,5,2198,2,8,FORD TRANSIT CUSTOM,7,W01000545,0,-1
2023010455807,2023,010455807,2,19,0,9,9,5,2,0,0,1,0,0,0,0,1,1,2,2,1,34,6,2198,2,7,FORD TRANSIT CUSTOM,2,E01001491,0,-1