collision_index,collision_year,collision_ref_no,vehicle_reference,vehicle_type,towing_and_articulation,vehicle_manoeuvre_historic,vehicle_manoeuvre,vehicle_direction_from,vehicle_direction_to,vehicle_location_restricted_lane_historic,vehicle_location_restricted_lane,junction_location,skidding_and_overturning,hit_object_in_carriageway,vehicle_leaving_carriageway,hit_object_off_carriageway,first_point_of_impact,vehicle_left_hand_drive,journey_purpose_of_driver_historic,journey_purpose_of_driver,sex_of_driver,age_of_driver,age_band_of_driver,engine_capacity_cc,propulsion_code,age_of_vehicle,generic_make_model,driver_imd_decile,lsoa_of_driver,escooter_flag,driver_distance_banding
2023451306595,2023,451306595,2,19,0,9,9,0,7,0,0,0,0,0,0,0,3,1,5,6,1,22,5,1995,2,6,FORD TRANSIT CUSTOM,10,E01030316,0,-1
2023421380228,2023,421380228,1,19,0,-1,-1,-1,-1,-1,-1,0,-1,-1,-1,0,-1,1,6,6,1,-1,-1,1995,2,1,FORD TRANSIT CUSTOM,-1,-1,0,-1
2023421340687,2023,421340687,2,19,0,4,4,1,5,0,0,0,0,0,0,0,2,1,1,1,1,45,7,1995,2,3,FORD TRANSIT CUSTOM,4,E01022022,0,-1
2023101263387,2023,101263387,1,19,0,9,9,7,1,0,0,8,0,0,0,0,1,1,6,6,1,32,6,1995,2,7,FORD TRANSIT CUSTOM,2,E01033716,0,-1
2023061376660,2023,061376660,1,19,-1,-1,-1,-1,-1,-1,-1,0,-1,-1,-1,0,-1,1,6,6,3,30,6,2198,2,7,FORD TRANSIT CUSTOM,4,E01029797,0,-1
2023451272610,2023,451272610,3,19,0,2,2,0,0,0,0,0,0,0,0,0,4,1,6,6,3,-1,-1,1995,2,2,FORD TRANSIT CUSTOM,-1,-1,0,-1
2023010464813,2023,010464813,1,19,9,99,99,9,9,99,99,0,9,99,9,99,2,9,6,6,1,42,7,1995,2,4,FORD TRANSIT CUSTOM,5,E01004046,0,-1
2023461333206,2023,461333206,1,19,0,9,9,5,3,0,0,6,0,0,0,0,3,1,1,1,1,36,7,1995,2,6,FORD TRANSIT CUSTOM,6,E01002360,0,-1
2023141282832,2023,141282832,2,19,0,18,19,6,2,0,0,2,0,0,0,0,1,1,6,6,3,-1,-1,1995,2,4,FORD TRANSIT CUSTOM,-1,-1,0,-1
2023010445506,2023,010445506,2,9,0,3,3,3,7,0,0,0,0,0,0,0,1,1,6,6,2,53,8,1995,2,1,-1,2,E01001713,0,-1
2023430573956,2023,430573956,1,19,0,18,19,2,6,0,0,0,5,0,1,4,1,1,1,1,1,60,9,1995,2,3,FORD TRANSIT CUSTOM,9,E01016314,0,-1
2023320128631,2023,320128631,2,19,0,18,19,1,5,0,0,8,0,0,7,0,1,1,1,1,1,19,4,1995,2,1,FORD TRANSIT CUSTOM,9,E01025687,0,-1
2023501407000,2023,501407000,1,19,0,9,9,7,5,0,0,1,0,0,0,0,1,1,5,6,1,35,6,1995,2,2,FORD TRANSIT CUSTOM,9,E01015121,0,-1
2023361288406,2023,361288406,1,19,0,18,19,5,7,0,0,0,0,0,0,0,0,1,5,6,1,25,5,2198,2,8,FORD TRANSIT CUSTOM,3,E01033038,0,-1
2023010465910,2023,010465910,3,19,0,3,3,1,5,0,0,1,0,0,0,0,2,1,1,1,1,62,9,1995,2,0,FORD TRANSIT CUSTOM,4,E01000733,0,-1
2023421281006,2023,421281006,1,19,0,9,9,6,4,0,0,1,0,0,0,0,1,1,1,1,1,25,5,1995,2,3,FORD TRANSIT CUSTOM,7,E01000457,0,-1
2023361292738,2023,361292738,1,19,0,16,19,1,5,0,0,0,0,0,0,0,1,1,1,1,1,31,6,1995,2,1,FORD TRANSIT CUSTOM,4,E01026697,0,-1
2023010482644,2023,010482644,6,19,0,18,19,1,5,0,0,1,0,0,0,0,4,2,6,6,1,52,8,1995,2,4,FORD TRANSIT CUSTOM,4,E01023337,0,-1
2023440507773,2023,440507773,2,19,0,18,19,6,2,0,0,8,0,0,0,0,1,1,6,6,1,-1,-1,1995,2,3,FORD TRANSIT CUSTOM,-1,-1,0,-1
2023622300793,2023,622300793,1,19,0,18,19,6,2,0,0,0,0,0,0,0,1,1,1,1,1,24,5,1995,2,2,FORD TRANSIT CUSTOM,3,W01000865,0,-1
202354C000423,2023,54C000423,1,19,0,9,9,3,1,0,0,1,0,0,0,0,4,1,6,6,1,62,9,1995,2,1,FORD TRANSIT CUSTOM,8,E01032002,0,-1
2023211308882,2023,211308882,1,19,0,18,19,1,5,0,0,2,0,0,0,0,1,2,1,1,1,36,7,1995,2,2,FORD TRANSIT CUSTOM,5,E01010438,0,-1
2023010484146,2023,010484146,2,19,0,6,6,3,3,0,0,0,0,0,0,0,1,1,2,2,1,46,8,1995,2,4,FORD TRANSIT CUSTOM,3,E01001465,0,-1
2023622300543,2023,622300543,2,19,0,9,9,3,1,0,0,5,0,0,0,0,3,1,6,6,1,39,7,1995,2,2,FORD TRANSIT CUSTOM,1,W01000930,0,-1
2023161285679,2023,161285679,1,19,0,5,5,4,8,0,0,0,0,0,0,0,4,1,1,1,1,28,6,1995,12,1,FORD TRANSIT CUSTOM,2,E01007592,0,-1
2023471366196,2023,471366196,2,19,0,18,19,1,5,0,0,0,0,0,0,0,3,1,1,1,1,60,9,1995,2,1,FORD TRANSIT CUSTOM,5,E01020956,0,-1
2023041287629,2023,041287629,1,19,0,18,19,7,1,0,0,6,0,0,7,11,3,1,1,1,1,28,6,1995,2,5,FORD TRANSIT CUSTOM,2,E01025524,0,-1
2023311375049,2023,311375049,2,19,0,18,19,8,4,0,0,0,0,0,0,0,1,1,1,1,1,26,6,1995,2,1,FORD TRANSIT CUSTOM,-1,-1,0,-1
202360A007748,2023,60A007748,1,19,0,18,19,6,2,0,0,1,0,0,0,0,1,1,1,1,1,30,6,1995,2,6,FORD TRANSIT CUSTOM,-1,-1,0,-1
2023461391416,2023,461391416,1,19,0,5,5,3,7,0,0,1,0,0,0,0,1,1,2,2,1,62,9,1995,2,6,FORD TRANSIT CUSTOM,5,E01032654,0,-1
2023332300388,2023,332300388,2,19,0,18,19,0,0,0,0,0,0,0,0,0,2,1,6,6,1,60,9,-1,-1,-1,FORD TRANSIT CUSTOM,10,E01016701,0,-1
2023320319109,2023,320319109,1,19,0,18,19,8,4,0,0,1,0,0,0,0,1,1,1,1,1,32,6,1995,2,1,FORD TRANSIT CUSTOM,7,E01026314,0,-1
2023471316109,2023,471316109,1,19,0,18,19,7,3,0,0,0,0,0,0,0,0,1,1,1,1,27,6,1995,2,3,FORD TRANSIT CUSTOM,4,E01031434,0,-1
2023010447903,2023,010447903,2,19,0,10,10,3,2,0,0,4,0,0,0,0,3,1,2,2,1,28,6,2198,2,9,FORD TRANSIT CUSTOM,3,E01002325,0,-1
2023421328735,2023,421328735,1,19,0,18,19,8,4,0,0,0,0,0,0,0,1,1,2,2,1,43,7,1995,2,1,FORD TRANSIT CUSTOM,9,E01021458,0,-1
2023052302115,2023,052302115,1,19,0,18,19,3,7,0,0,2,0,0,0,0,1,1,2,2,1,35,6,1995,2,7,FORD TRANSIT CUSTOM,1,E01006706,0,-1
2023010425599,2023,010425599,4,19,0,16,19,3,7,0,0,1,0,0,0,0,0,1,6,6,1,48,8,1995,2,2,FORD TRANSIT CUSTOM,3,E01024222,0,-1
2023421380026,2023,421380026,1,19,0,18,19,3,7,0,0,4,0,0,0,0,1,1,6,6,1,44,7,2198,2,7,FORD TRANSIT CUSTOM,1,E01001507,0,-1
2023010429689,2023,010429689,2,19,0,99,99,9,9,99,99,9,9,99,9,99,1,9,6,6,3,27,6,1995,2,4,FORD TRANSIT CUSTOM,10,E01021194,0,-1
2023010467269,2023,010467269,2,19,0,99,99,9,9,99,99,9,9,99,9,99,9,9,6,6,1,-1,-1,1995,2,5,FORD TRANSIT CUSTOM,-1,-1,0,-1
2023010462170,2023,010462170,1,19,0,3,3,7,3,0,0,0,0,0,0,0,2,1,2,2,2,44,7,1995,2,0,FORD TRANSIT CUSTOM,6,E01001751,0,-1
2023211282979,2023,211282979,1,19,0,18,19,5,1,0,0,0,0,0,0,0,4,1,6,6,1,54,8,2198,2,8,FORD TRANSIT CUSTOM,-1,-1,0,-1
2023131378213,2023,131378213,2,19,0,18,19,7,7,0,0,8,0,0,0,0,1,1,2,2,1,55,8,1995,2,2,FORD TRANSIT CUSTOM,5,E01011150,0,-1
2023440136547,2023,440136547,2,19,0,4,4,1,5,0,0,1,0,0,0,0,1,1,1,1,3,-1,-1,1995,2,7,FORD TRANSIT CUSTOM,-1,-1,0,-1
2023010451661,2023,010451661,2,19,0,99,99,9,9,99,99,9,9,99,9,99,9,9,6,6,3,60,9,2198,2,7,FORD TRANSIT CUSTOM,3,E01032764,0,-1
2023010479519,2023,010479519,2,19,0,12,12,7,3,0,0,0,0,0,0,0,3,1,1,1,1,66,10,1995,2,0,FORD TRANSIT CUSTOM,4,E01002631,0,-1
2023461347062,2023,461347062,2,19,0,5,5,4,2,8,6,0,0,0,0,0,0,1,6,6,1,55,8,1995,2,4,FORD TRANSIT CUSTOM,6,E01024250,0,-1
2023411354966,2023,411354966,4,20,0,18,19,1,5,0,0,0,0,0,0,0,4,1,6,6,1,62,9,-1,-1,-1,FORD TRANSIT CUSTOM,2,E01027243,0,-1
2023451282303,2023,451282303,1,19,0,18,19,3,1,0,0,1,0,0,1,0,1,1,6,6,1,29,6,2198,2,8,FORD TRANSIT CUSTOM,6,E01030862,0,-1
2023361302070,2023,361302070,1,19,0,18,19,7,3,0,0,1,0,0,0,0,1,1,1,1,1,55,8,1995,2,1,FORD TRANSIT CUSTOM,4,E01026474,0,-1
2023010457401,2023,010457401,2,19,0,18,19,7,3,0,0,2,0,0,0,0,1,1,1,1,1,34,6,1995,2,2,FORD TRANSIT CUSTOM,10,E01030871,0,-1
2023520300686,2023,520300686,1,19,0,9,9,8,6,0,0,8,0,0,0,0,1,1,6,6,1,33,6,1995,2,2,FORD TRANSIT CUSTOM,5,E01029253,0,-1
2023991281060,2023,991281060,2,19,0,18,19,3,7,0,0,1,0,0,0,0,3,1,1,1,2,27,6,1995,2,2,FORD TRANSIT CUSTOM,5,-1,0,-1
2023531295059,2023,531295059,2,19,0,18,19,7,3,0,0,0,0,0,0,0,1,1,2,2,1,32,6,1995,2,5,FORD TRANSIT CUSTOM,8,E01022144,0,-1
2023010451554,2023,010451554,1,19,0,99,99,9,9,99,99,0,9,99,9,99,9,9,2,2,1,20,4,1995,2,1,FORD TRANSIT CUSTOM,2,E01004231,0,-1
2023401333654,2023,401333654,1,19,0,4,4,6,2,0,0,1,0,0,0,0,1,1,1,1,1,35,6,2198,2,9,FORD TRANSIT CUSTOM,7,E01017416,0,-1
2023041382342,2023,041382342,1,19,0,1,1,1,5,0,0,0,0,0,0,0,2,1,1,1,1,36,7,1995,2,1,FORD TRANSIT CUSTOM,7,E01025155,0,-1
2023101341275,2023,101341275,1,19,0,11,11,8,7,0,0,8,0,0,0,0,1,1,1,1,1,29,6,1995,2,2,FORD TRANSIT CUSTOM,7,E01008505,0,-1
2023141273998,2023,141273998,1,19,0,18,19,2,6,0,0,0,5,0,1,11,4,1,2,2,1,39,7,1995,2,4,FORD TRANSIT CUSTOM,8,E01007431,0,-1
2023522300880,2023,522300880,4,19,0,18,19,5,2,0,0,0,0,0,0,0,2,1,6,6,1,-1,-1,1995,2,1,FORD TRANSIT CUSTOM,-1,-1,0,-1
2023440118620,2023,440118620,2,19,0,18,19,1,5,0,0,0,0,0,0,0,1,1,1,1,1,-1,-1,1995,2,6,FORD TRANSIT CUSTOM,6,E01000330,0,-1
2023440217042,2023,440217042,2,19,0,18,19,2,6,0,0,0,0,0,0,0,3,1,6,6,1,61,9,2198,2,8,FORD TRANSIT CUSTOM,6,E01023104,0,-1
2023122300480,2023,122300480,2,19,0,3,3,2,6,0,0,0,0,0,0,0,2,1,2,2,1,34,6,1995,2,4,FORD TRANSIT CUSTOM,9,E01013380,0,-1
2023320059466,2023,320059466,3,19,0,18,19,4,8,0,0,1,0,0,0,0,3,1,6,6,1,55,8,1995,2,4,FORD TRANSIT CUSTOM,-1,-1,0,-1
2023131363100,2023,131363100,1,19,0,18,19,1,5,0,0,8,0,0,0,0,4,1,6,6,1,20,4,1995,2,6,FORD TRANSIT CUSTOM,1,E01010739,0,-1
2023010430638,2023,010430638,1,19,0,18,19,5,1,0,0,1,0,0,0,0,4,1,6,6,1,39,7,1995,2,6,FORD TRANSIT CUSTOM,2,E01001824,0,-1
2023421331617,2023,421331617,2,19,0,2,2,3,7,0,0,0,0,0,0,0,2,1,1,1,1,31,6,1995,2,4,FORD TRANSIT CUSTOM,10,E01023482,0,-1
2023010478783,2023,010478783,2,19,0,18,19,1,5,0,0,8,0,0,0,0,1,1,1,1,1,39,7,1995,2,0,FORD TRANSIT CUSTOM,-1,-1,0,-1
2023351272856,2023,351272856,1,19,0,4,4,8,4,0,0,8,0,0,0,0,2,1,6,6,1,-1,-1,1995,2,6,FORD TRANSIT CUSTOM,3,E01018087,0,-1
2023522301185,2023,522301185,1,19,0,18,19,3,7,0,0,2,0,0,0,0,4,1,6,6,1,-1,-1,1995,2,4,FORD TRANSIT CUSTOM,-1,-1,0,-1
2023131324780,2023,131324780,1,19,0,7,7,7,3,0,0,0,0,0,0,0,4,1,5,6,2,55,8,1995,2,3,FORD TRANSIT CUSTOM,3,E01011175,0,-1
2023131351752,2023,131351752,1,19,0,3,3,1,5,0,0,0,0,0,0,0,2,1,1,1,1,49,8,1995,2,2,FORD TRANSIT CUSTOM,9,E01011199,0,-1
2023201418669,2023,201418669,1,20,0,18,19,4,8,0,0,1,0,0,0,0,1,1,1,1,1,50,8,-1,-1,-1,FORD TRANSIT CUSTOM,10,E01032246,0,-1
2023461269798,2023,461269798,2,19,0,4,4,3,7,0,0,1,0,0,0,0,2,1,2,2,1,26,6,2198,2,8,FORD TRANSIT CUSTOM,7,E01024798,0,-1
2023010439482,2023,010439482,2,19,0,7,7,7,8,0,0,1,0,0,0,0,1,2,6,6,1,23,5,1995,2,5,FORD TRANSIT CUSTOM,-1,-1,0,-1
2023141363512,2023,141363512,2,19,0,16,19,5,8,0,0,1,0,0,0,0,1,1,1,1,1,26,6,1995,2,2,FORD TRANSIT CUSTOM,8,E01007839,0,-1
2023010448572,2023,010448572,1,19,0,5,5,3,7,0,0,6,1,0,1,0,1,1,1,1,1,32,6,1995,2,4,FORD TRANSIT CUSTOM,7,E01000391,0,-1
2023010452467,2023,010452467,2,19,0,11,11,5,1,0,0,1,0,0,0,0,1,1,6,6,1,34,6,1995,2,6,FORD TRANSIT CUSTOM,1,E01002034,0,-1
2023451287368,2023,451287368,2,19,0,9,9,7,5,0,0,0,0,0,0,0,1,1,1,1,1,29,6,2198,2,7,FORD TRANSIT CUSTOM,9,E01022522,0,-1
2023302301424,2023,302301424,3,19,0,3,3,3,7,0,0,0,0,0,0,0,2,1,6,6,1,49,8,1995,2,5,FORD TRANSIT CUSTOM,3,E01019420,0,-1
2023010421779,2023,010421779,1,19,0,9,9,7,5,0,0,2,0,0,0,0,1,1,2,2,1,66,10,1995,2,2,FORD TRANSIT CUSTOM,3,E01003719,0,-1
2023052302232,2023,052302232,2,19,0,3,3,3,7,0,0,0,0,0,0,0,2,1,1,1,1,49,8,1995,2,3,FORD TRANSIT CUSTOM,4,E01006837,0,-1
2023401339097,2023,401339097,4,19,0,18,19,5,1,0,0,7,0,0,0,0,1,1,1,1,1,37,7,2198,2,9,FORD TRANSIT CUSTOM,9,E01015811,0,-1
2023471286751,2023,471286751,1,19,0,9,9,7,4,0,0,6,0,0,1,0,1,1,5,6,1,60,9,1995,2,0,FORD TRANSIT CUSTOM,8,E01021209,0,-1
2023010486649,2023,010486649,4,19,0,11,11,5,1,0,0,1,0,0,0,0,3,1,2,2,1,-1,-1,1995,2,2,FORD TRANSIT CUSTOM,6,E01002200,0,-1
2023332300562,2023,332300562,2,19,0,18,19,5,1,0,0,8,0,0,0,0,1,1,1,1,1,44,7,1995,2,5,FORD TRANSIT CUSTOM,9,E01027067,0,-1
2023421348836,2023,421348836,2,19,0,9,9,7,5,0,0,2,0,0,0,0,3,1,2,2,1,30,6,1995,2,5,FORD TRANSIT CUSTOM,4,E01021365,0,-1
2023421296648,2023,421296648,1,19,0,18,19,2,6,0,0,0,0,0,0,0,1,1,6,6,1,-1,-1,1995,2,3,FORD TRANSIT CUSTOM,-1,-1,0,-1
2023451265673,2023,451265673,3,19,0,18,19,2,6,0,0,0,0,0,0,0,2,1,2,2,1,31,6,1995,2,3,FORD TRANSIT CUSTOM,2,E01019403,0,-1
2023991277721,2023,991277721,1,19,0,13,13,8,3,0,0,1,0,0,3,0,1,1,1,1,1,27,6,1995,2,3,FORD TRANSIT CUSTOM,3,-1,0,-1
2023501299913,2023,501299913,1,19,0,18,19,4,8,0,0,0,0,0,0,0,3,1,6,6,1,-1,-1,1995,2,2,FORD TRANSIT CUSTOM,-1,-1,0,-1
2023545548823,2023,545548823,1,10,0,18,19,5,1,0,0,0,0,0,0,0,3,1,6,6,1,36,7,1995,2,6,-1,7,E01031976,0,-1
2023547126923,2023,547126923,2,19,0,18,19,5,1,0,0,3,0,0,0,0,4,1,6,6,1,33,6,1995,2,3,FORD TRANSIT CUSTOM,10,E01031969,0,-1
2023010444659,2023,010444659,3,19,0,18,19,6,2,0,0,0,0,0,0,0,2,1,1,1,1,37,7,1995,2,4,FORD TRANSIT CUSTOM,8,E01003668,0,-1
2023332301165,2023,332301165,1,19,0,16,19,1,6,0,0,0,0,6,1,10,1,1,6,6,1,56,9,1995,2,2,FORD TRANSIT CUSTOM,7,E01025784,0,-1
2023471259631,2023,471259631,1,19,0,9,9,7,5,0,0,6,0,0,0,0,1,1,6,6,1,28,6,1995,2,4,FORD TRANSIT CUSTOM,8,E01031346,0,-1
2023451310268,2023,451310268,2,19,0,12,12,1,5,0,0,0,0,0,0,0,2,1,1,1,1,47,8,1995,2,1,FORD TRANSIT CUSTOM,9,E01030571,0,-1
2023522300827,2023,522300827,1,19,0,5,5,6,2,0,0,0,0,0,0,0,3,1,6,6,1,52,8,1995,2,5,FORD TRANSIT CUSTOM,10,E01014873,0,-1
2023010471218,2023,010471218,2,19,0,99,99,9,9,99,99,9,9,99,9,99,2,9,6,6,3,-1,-1,1995,2,5,FORD TRANSIT CUSTOM,-1,-1,0,-1
2023351302720,2023,351302720,1,19,0,18,19,2,6,0,0,1,0,0,0,0,1,1,1,1,1,34,6,1995,2,4,FORD TRANSIT CUSTOM,9,E01017389,0,-1
2023440264346,2023,440264346,1,19,0,9,9,7,5,0,0,8,0,0,0,0,1,1,6,6,1,43,7,1995,2,3,FORD TRANSIT CUSTOM,9,E01022767,0,-1
2023122300172,2023,122300172,2,19,0,9,9,1,7,0,0,3,0,0,0,0,1,1,1,1,1,42,7,1995,2,4,FORD TRANSIT CUSTOM,6,E01013398,0,-1
2023010427103,2023,010427103,1,19,0,9,9,5,3,0,0,6,0,0,0,0,1,1,1,1,1,60,9,1995,2,6,FORD TRANSIT CUSTOM,2,E01001815,0,-1
2023010457152,2023,010457152,3,19,0,99,99,9,9,99,99,9,9,99,9,99,1,9,6,6,3,-1,-1,2198,2,10,FORD TRANSIT CUSTOM,-1,-1,0,-1
2023501345335,2023,501345335,2,19,0,11,11,2,6,0,0,0,0,0,0,0,-1,1,6,6,1,62,9,2198,2,7,FORD TRANSIT CUSTOM,5,E01018921,0,-1
2023010434412,2023,010434412,2,19,0,99,99,9,9,99,99,0,9,99,9,99,9,9,6,6,3,-1,-1,2198,2,8,FORD TRANSIT CUSTOM,9,E01004132,0,-1
2023041333762,2023,041333762,1,19,0,18,19,4,8,0,0,0,1,0,0,0,1,1,2,2,1,32,6,2198,2,8,FORD TRANSIT CUSTOM,9,E01025277,0,-1
2023010457003,2023,010457003,2,19,0,6,6,1,1,0,0,5,0,0,0,0,3,1,1,1,1,64,9,1995,2,3,FORD TRANSIT CUSTOM,8,E01015965,0,-1
2023131294504,2023,131294504,1,19,0,11,11,5,1,0,0,0,0,0,0,0,1,1,1,1,1,47,8,1995,2,5,FORD TRANSIT CUSTOM,1,E01010803,0,-1
2023631339986,2023,631339986,3,19,0,18,19,6,2,0,0,1,0,0,0,0,0,1,1,1,1,51,8,1995,2,3,FORD TRANSIT CUSTOM,4,W01000750,0,-1
2023501379765,2023,501379765,1,19,-1,17,19,6,3,-1,-1,1,-1,-1,-1,0,3,1,1,1,1,31,6,1995,2,0,FORD TRANSIT CUSTOM,10,E01028727,0,-1
2023311321655,2023,311321655,1,19,0,5,5,5,1,0,0,0,0,0,0,0,4,1,1,1,1,23,5,1995,2,5,FORD TRANSIT CUSTOM,1,E01028173,0,-1
2023141301752,2023,141301752,2,19,0,13,13,4,8,0,0,1,0,0,0,0,1,1,6,6,3,-1,-1,1995,2,1,FORD TRANSIT CUSTOM,-1,-1,0,-1
2023622300396,2023,622300396,3,19,0,4,4,2,6,0,0,0,0,0,0,0,3,1,1,1,1,52,8,1995,2,0,FORD TRANSIT CUSTOM,7,W01000578,0,-1
2023061282897,2023,061282897,1,19,0,9,9,3,1,0,0,6,0,0,0,0,4,1,1,1,1,26,6,1995,2,2,FORD TRANSIT CUSTOM,-1,-1,0,-1
2023371301435,2023,371301435,2,19,0,18,19,5,1,0,0,0,0,0,0,0,3,1,6,6,1,-1,-1,2198,2,10,FORD TRANSIT CUSTOM,-1,-1,0,-1
2023401339097,2023,401339097,5,19,0,18,19,5,1,0,0,7,0,0,0,0,1,1,1,1,2,37,7,1995,2,6,FORD TRANSIT CUSTOM,9,E01015811,0,-1
2023552301533,2023,552301533,2,19,0,18,19,3,7,0,0,8,0,0,0,0,4,1,1,1,1,34,6,1995,2,1,FORD TRANSIT CUSTOM,10,E01020470,0,-1
2023311418632,2023,311418632,1,19,0,18,19,1,5,0,0,0,2,0,0,0,0,1,6,6,1,40,7,1995,2,2,FORD TRANSIT CUSTOM,7,E01026333,0,-1
2023351372092,2023,351372092,1,19,0,99,99,-1,-1,0,0,9,0,0,0,0,1,1,6,6,1,47,8,1995,2,5,FORD TRANSIT CUSTOM,10,E01018301,0,-1
2023411377430,2023,411377430,2,19,0,18,19,1,5,0,0,0,0,0,0,0,1,1,1,1,1,39,7,1995,2,5,FORD TRANSIT CUSTOM,6,E01017616,0,-1
2023031269030,2023,031269030,2,19,0,18,19,7,6,0,0,1,0,0,0,0,1,1,1,1,2,-1,-1,1995,2,4,FORD TRANSIT CUSTOM,-1,-1,0,-1
2023122301412,2023,122301412,3,19,0,18,19,1,5,0,0,0,0,0,0,0,2,1,1,1,1,32,6,1995,2,5,FORD TRANSIT CUSTOM,2,E01020823,0,-1
2023010471171,2023,010471171,1,19,0,9,9,3,1,0,0,1,0,0,0,0,2,1,1,1,1,57,9,1995,2,4,FORD TRANSIT CUSTOM,3,E01000586,0,-1
2023201343819,2023,201343819,2,19,0,2,2,0,0,0,0,0,0,0,0,0,2,1,1,1,1,66,10,1995,2,5,FORD TRANSIT CUSTOM,8,E01010513,0,-1
2023461344121,2023,461344121,3,19,0,18,19,5,1,0,0,0,0,0,0,0,1,1,2,2,1,48,8,1995,2,2,FORD TRANSIT CUSTOM,7,E01000437,0,-1
2023411359275,2023,411359275,3,19,0,4,4,8,4,0,0,0,0,0,0,0,1,1,6,6,1,32,6,1995,2,5,FORD TRANSIT CUSTOM,3,E01015757,0,-1
2023010450232,2023,010450232,2,19,0,9,9,3,1,0,0,0,0,0,0,0,3,9,1,1,1,50,8,1995,2,2,FORD TRANSIT CUSTOM,3,E01021359,0,-1
2023071254697,2023,071254697,3,19,0,4,4,5,1,0,0,0,0,0,0,0,2,1,1,1,1,57,9,1995,2,4,FORD TRANSIT CUSTOM,6,E01014288,0,-1
2023302300287,2023,302300287,1,19,0,1,1,2,6,0,0,0,0,0,0,0,2,1,6,6,1,47,8,1995,2,2,FORD TRANSIT CUSTOM,2,E01027980,0,-1
2023361371804,2023,361371804,2,19,0,2,2,0,0,0,0,0,0,0,0,0,1,1,6,6,3,-1,-1,1995,2,2,FORD TRANSIT CUSTOM,-1,-1,0,-1
2023052300618,2023,052300618,3,19,0,4,4,1,5,0,0,0,0,0,0,0,2,1,1,1,3,-1,-1,1995,2,5,FORD TRANSIT CUSTOM,-1,-1,0,-1
2023052300779,2023,052300779,4,19,0,3,3,7,3,0,0,0,0,0,0,0,2,1,1,1,3,-1,-1,1995,2,6,FORD TRANSIT CUSTOM,-1,-1,0,-1
2023430456361,2023,430456361,1,19,0,9,9,2,1,0,0,2,0,0,0,0,1,1,6,6,1,-1,-1,2198,2,10,FORD TRANSIT CUSTOM,-1,-1,0,-1
2023622300620,2023,622300620,1,19,0,18,19,6,2,0,0,8,0,0,0,0,1,1,1,1,1,-1,-1,1995,2,3,FORD TRANSIT CUSTOM,4,W01000809,0,-1
2023052300235,2023,052300235,1,19,0,18,19,3,7,0,0,0,1,0,0,0,1,1,6,6,1,52,8,2198,2,8,FORD TRANSIT CUSTOM,1,E01007087,0,-1
2023122300071,2023,122300071,2,19,0,18,19,1,5,0,0,1,0,0,0,0,1,1,1,1,1,41,7,1995,2,4,FORD TRANSIT CUSTOM,7,E01013020,0,-1
2023231315632,2023,231315632,2,19,0,2,2,0,0,0,0,2,0,0,0,0,2,1,6,6,3,-1,-1,1995,2,5,FORD TRANSIT CUSTOM,-1,-1,0,-1
2023010441291,2023,010441291,1,19,0,9,9,7,5,0,0,2,0,0,0,0,1,1,2,2,1,32,6,2198,2,7,FORD TRANSIT CUSTOM,7,E01000573,0,-1
2023010447434,2023,010447434,1,19,0,99,99,9,9,99,99,9,9,99,9,99,1,9,6,6,3,-1,-1,1995,2,4,FORD TRANSIT CUSTOM,-1,-1,0,-1
2023320242605,2023,320242605,1,19,0,9,9,1,7,0,0,8,0,0,0,0,3,1,1,1,1,38,7,1995,2,2,FORD TRANSIT CUSTOM,-1,-1,0,-1
2023451341561,2023,451341561,1,19,0,4,4,2,4,0,0,0,0,0,0,0,1,1,1,1,2,19,4,1995,2,3,FORD TRANSIT CUSTOM,9,E01030605,0,-1
2023421278138,2023,421278138,1,19,0,18,19,7,3,0,0,8,5,0,7,0,1,1,1,1,1,26,6,1995,2,6,FORD TRANSIT CUSTOM,7,E01002337,0,-1
2023440047316,2023,440047316,1,19,0,18,19,6,2,0,0,0,1,7,7,3,1,1,2,2,1,42,7,1995,2,6,FORD TRANSIT CUSTOM,3,E01015429,0,-1
2023041288053,2023,041288053,1,19,0,18,19,5,1,0,0,1,5,0,0,0,1,1,6,6,1,33,6,1995,12,1,FORD TRANSIT CUSTOM,4,E01005507,0,-1
2023061370023,2023,061370023,2,19,5,2,2,0,0,0,0,1,0,0,0,0,0,1,1,1,1,60,9,1995,2,0,FORD TRANSIT CUSTOM,-1,-1,0,-1
2023010470849,2023,010470849,1,19,0,5,5,3,7,0,0,6,0,0,0,0,1,1,1,1,1,36,7,1995,2,2,FORD TRANSIT CUSTOM,6,E01033463,0,-1
2023010474368,2023,010474368,2,19,0,99,99,9,9,0,0,9,9,99,9,99,9,9,6,6,3,-1,-1,1995,2,5,FORD TRANSIT CUSTOM,6,E01023858,0,-1
2023041268268,2023,041268268,1,19,0,4,4,7,3,0,0,0,0,11,1,1,1,1,2,2,1,25,5,1995,2,6,FORD TRANSIT CUSTOM,7,E01025339,0,-1
2023451381426,2023,451381426,2,19,0,18,19,5,1,0,0,0,0,4,0,0,2,1,1,1,1,41,7,1995,2,1,FORD TRANSIT CUSTOM,10,E01022573,0,-1