collision_index,collision_year,collision_ref_no,vehicle_reference,vehicle_type,towing_and_articulation,vehicle_manoeuvre_historic,vehicle_manoeuvre,vehicle_direction_from,vehicle_direction_to,vehicle_location_restricted_lane_historic,vehicle_location_restricted_lane,junction_location,skidding_and_overturning,hit_object_in_carriageway,vehicle_leaving_carriageway,hit_object_off_carriageway,first_point_of_impact,vehicle_left_hand_drive,journey_purpose_of_driver_historic,journey_purpose_of_driver,sex_of_driver,age_of_driver,age_band_of_driver,engine_capacity_cc,propulsion_code,age_of_vehicle,generic_make_model,driver_imd_decile,lsoa_of_driver,escooter_flag,driver_distance_banding
2023201312670,2023,201312670,2,19,0,2,2,0,0,0,0,2,0,0,0,0,2,1,6,6,1,48,8,1995,2,6,FORD TRANSIT CUSTOM,2,E01010074,0,-1
2023010453911,2023,010453911,1,19,0,18,19,3,7,0,0,8,5,0,0,0,3,1,1,1,1,33,6,1995,2,2,FORD TRANSIT CUSTOM,5,E01004152,0,-1
2023471347747,2023,471347747,1,19,0,4,4,7,3,0,0,2,0,0,0,0,0,1,1,1,1,25,5,1995,2,4,FORD TRANSIT CUSTOM,2,E01016949,0,-1
2023010440285,2023,010440285,1,19,0,99,99,9,9,99,99,9,9,99,9,99,9,9,2,2,1,49,8,1995,2,6,FORD TRANSIT CUSTOM,5,E01001973,0,-1
2023010481551,2023,010481551,2,19,0,9,9,3,1,0,0,8,0,0,0,0,0,1,1,1,1,58,9,1995,2,4,FORD TRANSIT CUSTOM,8,E01023528,0,-1
2023471354603,2023,471354603,1,19,0,18,19,5,1,0,0,0,0,0,0,0,1,1,5,6,1,28,6,1995,2,3,FORD TRANSIT CUSTOM,6,E01030842,0,-1
2023411337229,2023,411337229,1,19,0,1,1,2,6,0,0,0,0,0,0,0,2,1,1,1,1,29,6,1995,2,1,FORD TRANSIT CUSTOM,9,E01027250,0,-1
2023351339296,2023,351339296,1,19,0,18,19,7,3,0,0,0,1,0,0,0,3,1,6,6,1,35,6,1995,2,2,FORD TRANSIT CUSTOM,10,E01018259,0,-1
2023471330701,2023,471330701,2,19,0,4,4,3,7,0,0,0,0,0,3,0,2,1,1,1,1,31,6,1995,2,0,FORD TRANSIT CUSTOM,6,E01031557,0,-1
2023546455823,2023,546455823,1,19,0,18,19,8,4,0,0,1,0,0,0,0,1,1,6,6,1,48,8,1995,2,1,FORD TRANSIT CUSTOM,7,E01015583,0,-1
2023141285528,2023,141285528,2,19,3,16,19,2,6,0,0,0,0,0,0,0,3,1,6,6,1,38,7,1995,2,4,FORD TRANSIT CUSTOM,-1,-1,0,-1
2023302301855,2023,302301855,4,19,0,18,19,2,6,0,0,0,0,0,0,0,2,1,6,6,1,25,5,1995,2,4,FORD TRANSIT CUSTOM,3,E01019400,0,-1
2023451274482,2023,451274482,1,19,0,18,19,7,3,0,0,0,0,0,0,0,3,1,1,1,2,34,6,2198,2,9,FORD TRANSIT CUSTOM,10,E01031646,0,-1
2023010420055,2023,010420055,2,19,0,17,19,4,8,0,0,8,0,0,0,0,2,1,6,6,1,63,9,1995,2,5,FORD TRANSIT CUSTOM,4,E01021817,0,-1
2023522300896,2023,522300896,1,19,0,12,12,5,1,0,0,0,0,0,0,0,3,1,6,6,1,58,9,1995,2,5,FORD TRANSIT CUSTOM,2,E01014685,0,-1
2023131290797,2023,131290797,1,19,0,5,5,7,3,0,0,8,0,0,0,0,4,2,2,2,1,53,8,2198,2,7,FORD TRANSIT CUSTOM,3,E01011722,0,-1
2023010423038,2023,010423038,1,19,0,18,19,1,5,0,0,2,0,0,0,0,0,1,6,6,3,-1,-1,1995,2,4,FORD TRANSIT CUSTOM,-1,-1,0,-1
2023991388353,2023,991388353,2,19,0,17,19,7,4,0,0,0,0,0,1,0,3,1,2,2,1,35,6,2198,2,7,FORD TRANSIT CUSTOM,-1,-1,0,-1
2023141260728,2023,141260728,2,19,0,18,19,5,1,0,0,0,0,0,0,0,1,1,6,6,3,-1,-1,1995,2,3,FORD TRANSIT CUSTOM,-1,-1,0,-1
2023010475635,2023,010475635,1,19,0,15,15,7,3,0,0,1,0,0,0,0,4,1,2,2,1,45,7,1995,2,1,FORD TRANSIT CUSTOM,2,E01003726,0,-1
2023010435196,2023,010435196,2,19,0,99,99,9,9,99,99,9,9,99,9,99,1,9,6,6,3,-1,-1,1995,2,1,FORD TRANSIT CUSTOM,-1,-1,0,-1
2023531301526,2023,531301526,1,19,0,5,5,1,5,0,0,8,0,0,0,0,3,1,1,1,1,60,9,1995,2,1,FORD TRANSIT CUSTOM,6,E01022391,0,-1
2023311300872,2023,311300872,1,19,0,2,2,1,5,9,9,0,0,0,0,0,2,1,5,6,1,35,6,2198,2,7,FORD TRANSIT CUSTOM,4,E01028164,0,-1
2023440161630,2023,440161630,1,19,0,9,9,7,5,0,0,5,0,0,0,0,4,1,6,6,1,30,6,2198,2,10,FORD TRANSIT CUSTOM,9,E01022613,0,-1
2023461274179,2023,461274179,1,19,0,14,14,5,1,0,0,8,0,0,0,0,4,1,1,1,1,30,6,1995,2,3,FORD TRANSIT CUSTOM,6,E01024034,0,-1
2023461396484,2023,461396484,1,19,0,18,19,3,7,0,0,0,0,0,0,0,3,1,6,6,1,46,8,1995,2,0,FORD TRANSIT CUSTOM,-1,-1,0,-1
202363A009023,2023,63A009023,2,19,0,17,19,1,6,0,0,0,0,0,0,0,0,1,1,1,1,47,8,1995,2,2,FORD TRANSIT CUSTOM,6,W01000918,0,-1
2023440447768,2023,440447768,1,19,0,18,19,6,2,0,0,0,0,0,1,4,1,1,2,2,1,42,7,1995,2,1,FORD TRANSIT CUSTOM,1,E01017281,0,-1
2023320046052,2023,320046052,1,19,0,18,19,8,4,0,0,8,0,0,7,1,4,1,6,6,1,33,6,2198,2,8,FORD TRANSIT CUSTOM,-1,-1,0,-1
2023411324429,2023,411324429,2,19,0,18,19,1,5,0,0,0,0,0,0,0,1,1,6,6,2,35,6,1995,2,1,FORD TRANSIT CUSTOM,9,E01023507,0,-1
2023461343739,2023,461343739,1,19,0,6,6,5,7,0,0,0,0,0,0,0,1,1,6,6,1,25,5,1995,2,1,FORD TRANSIT CUSTOM,3,E01024599,0,-1
2023451352519,2023,451352519,1,19,0,18,19,5,1,0,0,0,0,0,0,0,1,1,1,1,1,31,6,1995,2,6,FORD TRANSIT CUSTOM,6,E01030995,0,-1
2023010445009,2023,010445009,1,19,0,9,9,3,8,0,0,1,0,0,0,0,1,1,1,1,1,50,8,2198,2,9,FORD TRANSIT CUSTOM,3,E01015758,0,-1
2023991348961,2023,991348961,1,19,0,6,6,3,7,0,0,6,0,0,0,0,1,1,1,1,1,42,7,1995,2,2,FORD TRANSIT CUSTOM,10,-1,0,-1
2023311370272,2023,311370272,2,19,0,18,19,7,3,0,0,1,0,0,0,0,3,1,1,1,1,22,5,1995,2,5,FORD TRANSIT CUSTOM,2,E01032621,0,-1
2023471344729,2023,471344729,1,19,0,18,19,7,3,0,0,1,0,0,0,0,1,1,2,2,1,49,8,1995,2,1,FORD TRANSIT CUSTOM,10,E01021227,0,-1
2023552301111,2023,552301111,3,19,0,3,3,6,2,0,0,0,0,0,0,0,2,1,1,1,1,56,9,1995,2,0,FORD TRANSIT CUSTOM,8,E01020495,0,-1
2023010430511,2023,010430511,1,19,0,5,5,6,2,0,0,8,0,0,0,0,1,1,6,6,1,33,6,1995,2,5,FORD TRANSIT CUSTOM,6,E01001662,0,-1
2023461315202,2023,461315202,1,19,0,9,9,1,5,0,0,1,0,0,0,0,1,1,5,6,1,69,10,2198,2,7,FORD TRANSIT CUSTOM,9,E01021153,0,-1
2023201296066,2023,201296066,1,19,0,16,19,8,2,0,0,3,0,0,0,0,1,1,1,1,1,23,5,1995,2,3,FORD TRANSIT CUSTOM,2,E01003196,0,-1
2023070058691,2023,070058691,1,19,0,10,10,2,8,0,0,1,0,0,0,0,1,1,6,6,1,62,9,2198,2,9,FORD TRANSIT CUSTOM,1,E01007296,0,-1
2023451319373,2023,451319373,1,19,0,9,9,1,5,0,0,8,0,0,0,0,3,1,1,1,1,23,5,2198,2,7,FORD TRANSIT CUSTOM,1,E01001155,0,-1
2023131318853,2023,131318853,1,19,0,18,19,3,7,0,0,0,0,0,0,0,1,1,2,2,1,69,10,1995,2,5,FORD TRANSIT CUSTOM,3,E01010752,0,-1
2023221303038,2023,221303038,2,19,0,2,2,0,0,0,0,0,0,0,0,0,2,1,6,6,1,43,7,1995,2,6,FORD TRANSIT CUSTOM,4,E01031185,0,-1
2023122300627,2023,122300627,1,19,0,9,9,5,3,0,0,6,0,0,0,0,3,1,6,6,2,45,7,1995,2,4,FORD TRANSIT CUSTOM,9,E01013431,0,-1
2023351324062,2023,351324062,1,19,0,5,5,2,5,0,0,6,0,0,0,0,1,1,1,1,1,53,8,1995,2,0,FORD TRANSIT CUSTOM,9,E01018037,0,-1
2023545978323,2023,545978323,1,19,0,18,19,3,7,0,0,1,0,0,0,0,1,1,1,1,1,34,6,1995,2,6,FORD TRANSIT CUSTOM,10,E01031969,0,-1
2023052300498,2023,052300498,1,19,0,9,9,7,5,0,0,6,0,0,0,0,1,1,1,1,1,64,9,1995,2,2,FORD TRANSIT CUSTOM,2,E01012433,0,-1
2023501285285,2023,501285285,1,19,0,4,4,5,1,0,0,0,0,0,0,0,4,1,2,2,1,40,7,2198,2,8,FORD TRANSIT CUSTOM,3,E01019052,0,-1
2023010479785,2023,010479785,2,19,0,1,1,7,3,9,9,1,0,0,0,0,1,1,6,6,1,30,6,1995,2,4,FORD TRANSIT CUSTOM,3,E01002605,0,-1
2023010426885,2023,010426885,2,19,0,4,4,3,7,0,0,1,0,0,0,0,2,1,1,1,1,44,7,1995,2,1,FORD TRANSIT CUSTOM,8,E01032705,0,-1
2023131362548,2023,131362548,1,19,0,18,19,8,4,0,0,0,0,0,0,0,1,1,6,6,3,-1,-1,1995,2,3,FORD TRANSIT CUSTOM,-1,-1,0,-1
2023371272896,2023,371272896,2,19,4,18,19,3,7,0,0,1,0,0,0,0,1,1,1,1,1,39,7,2198,2,8,FORD TRANSIT CUSTOM,6,E01029877,0,-1
2023010482120,2023,010482120,1,19,0,18,19,7,3,0,0,1,0,0,0,0,1,1,6,6,1,44,7,2198,2,7,FORD TRANSIT CUSTOM,1,E01001655,0,-1
2023471376487,2023,471376487,1,19,0,14,14,7,3,0,0,1,0,0,0,0,4,1,6,6,1,33,6,1995,2,5,FORD TRANSIT CUSTOM,9,E01031761,0,-1
2023010452655,2023,010452655,1,19,0,9,9,3,8,0,0,8,0,0,0,0,4,1,1,1,1,50,8,1995,2,7,FORD TRANSIT CUSTOM,-1,-1,0,-1
2023471301727,2023,471301727,1,19,0,18,19,6,2,0,0,0,0,0,0,0,1,1,2,2,1,24,5,1995,2,3,FORD TRANSIT CUSTOM,8,E01021172,0,-1
2023041337445,2023,041337445,1,19,0,5,5,1,5,0,0,0,0,0,0,0,1,1,1,1,1,34,6,1995,2,3,FORD TRANSIT CUSTOM,7,E01025448,0,-1
2023471356249,2023,471356249,1,19,0,5,5,5,1,0,0,4,0,0,0,0,1,1,5,6,1,35,6,1995,2,5,FORD TRANSIT CUSTOM,8,E01021209,0,-1
2023411273874,2023,411273874,2,19,1,2,2,0,0,0,0,0,0,0,0,0,2,1,1,1,1,32,6,1995,2,2,FORD TRANSIT CUSTOM,7,E01027172,0,-1
2023440081825,2023,440081825,1,19,0,18,19,7,3,0,0,2,0,0,0,0,1,1,1,1,1,46,8,1995,2,2,FORD TRANSIT CUSTOM,10,E01022773,0,-1
2023010485270,2023,010485270,1,10,0,18,19,5,1,0,0,0,0,0,0,0,0,1,1,1,1,27,6,-1,-1,-1,-1,4,E01033572,0,-1
2023501362148,2023,501362148,1,19,0,2,2,0,0,9,9,1,0,0,0,0,0,1,6,6,1,33,6,1995,2,4,FORD TRANSIT CUSTOM,7,E01015127,0,-1
2023471321365,2023,471321365,1,19,0,5,5,5,1,0,0,4,0,0,0,0,1,1,2,2,1,32,6,2198,2,9,FORD TRANSIT CUSTOM,2,E01031790,0,-1
2023501337614,2023,501337614,2,19,0,18,19,5,1,0,0,0,0,0,0,0,4,1,5,6,1,50,8,1995,2,3,FORD TRANSIT CUSTOM,2,E01028226,0,-1
2023131277604,2023,131277604,1,19,0,18,19,2,6,9,9,0,0,0,0,0,1,1,1,1,1,36,7,1995,2,5,FORD TRANSIT CUSTOM,4,W01001092,0,-1
2023010483761,2023,010483761,2,19,0,5,5,5,1,0,0,1,0,0,0,0,1,1,1,1,1,48,8,1995,2,5,FORD TRANSIT CUSTOM,9,E01003271,0,-1
2023302300459,2023,302300459,2,19,0,18,19,6,2,0,0,0,0,0,1,11,3,1,6,6,1,38,7,2198,2,7,FORD TRANSIT CUSTOM,6,E01013495,0,-1
2023010456964,2023,010456964,2,19,0,99,99,9,9,99,99,9,9,99,9,99,9,9,6,6,3,64,9,1995,2,5,FORD TRANSIT CUSTOM,7,E01002329,0,-1
2023170L20093,2023,170L20093,3,19,0,18,19,7,3,0,0,0,0,0,0,0,1,1,1,1,1,41,7,1995,2,7,FORD TRANSIT CUSTOM,1,E01033468,0,-1
2023461374260,2023,461374260,1,19,0,9,9,3,7,0,0,8,0,0,0,0,3,1,1,1,1,27,6,1995,2,7,FORD TRANSIT CUSTOM,8,E01024024,0,-1
2023010439817,2023,010439817,1,19,0,3,3,7,3,0,0,1,0,0,0,0,1,1,1,1,1,54,8,1995,2,1,FORD TRANSIT CUSTOM,8,E01001106,0,-1
2023061370894,2023,061370894,1,19,0,18,19,7,3,0,0,0,0,0,0,0,1,1,1,1,1,42,7,1995,2,0,FORD TRANSIT CUSTOM,8,E01005842,0,-1
2023461382893,2023,461382893,1,19,0,18,19,1,5,0,0,2,0,0,1,11,3,1,6,6,1,30,6,1995,2,5,FORD TRANSIT CUSTOM,3,E01016171,0,-1
2023361294850,2023,361294850,3,19,0,2,2,0,0,0,0,0,0,0,0,0,1,1,5,6,1,-1,-1,1995,2,2,FORD TRANSIT CUSTOM,-1,-1,0,-1
2023221283864,2023,221283864,2,19,0,5,5,4,6,0,0,4,0,0,0,0,3,1,1,1,1,36,7,2198,2,7,FORD TRANSIT CUSTOM,8,W01000555,0,-1
2023622400006,2023,622400006,1,19,0,18,19,2,6,0,0,0,0,0,0,0,0,1,2,2,1,47,8,1995,2,2,FORD TRANSIT CUSTOM,1,W01001955,0,-1
2023221274027,2023,221274027,1,19,0,18,19,3,7,0,0,0,0,10,1,0,1,1,2,2,1,31,6,1995,2,3,FORD TRANSIT CUSTOM,1,E01009929,0,-1
2023471351492,2023,471351492,2,20,0,13,13,2,6,0,0,0,0,0,0,0,4,1,5,6,1,26,6,-1,-1,-1,FORD TRANSIT CUSTOM,4,E01021013,0,-1
2023411341853,2023,411341853,2,19,0,17,19,1,6,0,0,8,0,0,0,0,1,1,1,1,1,44,7,1995,2,4,FORD TRANSIT CUSTOM,7,E01023462,0,-1
2023440345617,2023,440345617,1,19,0,18,19,8,4,0,0,0,0,0,0,0,4,1,6,6,1,-1,-1,1995,2,2,FORD TRANSIT CUSTOM,-1,-1,0,-1
2023201343072,2023,201343072,1,19,0,5,5,8,6,0,0,6,0,0,0,0,1,1,6,6,2,34,6,2198,2,8,FORD TRANSIT CUSTOM,5,E01009168,0,-1
2023061321806,2023,061321806,2,19,0,18,19,3,3,0,0,0,0,0,0,0,2,1,1,1,2,56,9,1995,2,3,FORD TRANSIT CUSTOM,2,E01006107,0,-1
2023010476329,2023,010476329,2,19,0,18,19,7,3,0,0,1,0,0,0,0,0,1,1,1,2,30,6,1995,2,0,FORD TRANSIT CUSTOM,2,E01001830,0,-1
2023010482778,2023,010482778,1,19,0,18,19,5,1,0,0,3,0,0,0,0,4,1,2,2,1,41,7,1995,2,2,FORD TRANSIT CUSTOM,9,E01000832,0,-1
2023430195449,2023,430195449,1,19,0,18,19,8,4,0,0,0,0,0,0,0,1,1,6,6,1,31,6,1995,2,3,FORD TRANSIT CUSTOM,8,E01016192,0,-1
2023031291474,2023,031291474,1,19,0,9,9,5,1,0,0,1,0,0,0,0,1,1,1,1,1,33,6,1995,2,2,FORD TRANSIT CUSTOM,-1,-1,0,-1
2023451324914,2023,451324914,2,19,0,18,19,6,2,0,0,0,0,0,0,0,2,1,1,1,1,50,8,1995,2,4,FORD TRANSIT CUSTOM,7,E01030451,0,-1
2023501301649,2023,501301649,1,19,0,18,19,1,5,0,0,1,0,0,0,0,1,1,6,6,1,36,7,1995,2,5,FORD TRANSIT CUSTOM,5,E01019050,0,-1
2023430144659,2023,430144659,1,19,0,18,19,5,1,0,0,0,0,0,0,0,1,1,6,6,1,20,4,1995,2,3,FORD TRANSIT CUSTOM,7,E01028756,0,-1
2023440403576,2023,440403576,2,19,0,18,19,2,6,0,0,0,0,0,0,0,1,1,1,1,1,44,7,1995,2,2,FORD TRANSIT CUSTOM,8,E01020487,0,-1
2023991279939,2023,991279939,1,19,0,9,9,4,5,0,0,5,0,0,0,0,1,1,1,1,1,43,7,1995,2,1,FORD TRANSIT CUSTOM,1,-1,0,-1
2023010468655,2023,010468655,1,19,0,5,5,5,1,0,0,0,0,0,0,0,2,1,6,6,1,51,8,1995,2,6,FORD TRANSIT CUSTOM,-1,-1,0,-1
2023471365689,2023,471365689,2,19,0,18,19,1,5,0,0,4,0,0,0,0,4,1,5,6,1,47,8,2198,2,10,FORD TRANSIT CUSTOM,5,E01031385,0,-1
2023421288806,2023,421288806,1,20,0,18,19,1,5,0,0,0,1,0,1,0,4,1,6,6,1,-1,-1,-1,-1,-1,FORD TRANSIT CUSTOM,7,E01021913,0,-1
2023411281408,2023,411281408,1,19,-1,-1,-1,-1,-1,-1,-1,-1,-1,-1,-1,0,-1,1,6,6,1,-1,-1,1995,2,1,FORD TRANSIT CUSTOM,7,E01023897,0,-1
2023631359472,2023,631359472,1,19,0,18,19,7,3,0,0,0,0,0,7,0,4,1,6,6,1,47,8,1995,2,0,FORD TRANSIT CUSTOM,4,E01013986,0,-1
2023131304937,2023,131304937,3,19,0,18,19,3,7,0,0,0,0,0,0,0,1,1,1,1,1,48,8,1995,2,6,FORD TRANSIT CUSTOM,3,E01007843,0,-1
2023311300472,2023,311300472,1,19,0,18,19,2,6,0,0,0,1,0,1,9,1,1,1,1,1,42,7,1995,2,1,FORD TRANSIT CUSTOM,7,E01028285,0,-1
2023471358051,2023,471358051,2,19,0,18,19,4,8,0,0,0,0,0,0,0,1,1,5,6,1,51,8,1995,2,4,FORD TRANSIT CUSTOM,10,E01023226,0,-1
2023430514169,2023,430514169,2,9,0,18,19,1,5,0,0,0,0,0,0,0,2,1,6,6,1,39,7,1995,2,1,-1,1,E01009273,0,-1
2023010426925,2023,010426925,2,19,0,99,99,9,9,99,99,9,9,99,9,99,9,9,6,6,3,-1,-1,1995,2,4,FORD TRANSIT CUSTOM,-1,-1,0,-1
2023461261442,2023,461261442,1,19,0,18,19,1,5,0,0,0,0,0,0,0,1,1,5,6,3,-1,-1,1995,2,5,FORD TRANSIT CUSTOM,-1,-1,0,-1
2023010427673,2023,010427673,1,19,0,8,8,7,2,0,0,1,0,0,0,0,2,1,1,1,1,53,8,1995,2,7,FORD TRANSIT CUSTOM,2,E01000102,0,-1
2023461275446,2023,461275446,2,19,0,18,19,3,7,0,0,0,0,0,0,0,1,1,1,1,1,30,6,1995,2,2,FORD TRANSIT CUSTOM,2,E01024246,0,-1
2023411302695,2023,411302695,1,19,0,1,1,1,5,0,0,1,0,0,0,0,2,1,6,6,1,-1,-1,1995,2,3,FORD TRANSIT CUSTOM,5,E01002481,0,-1
2023451311549,2023,451311549,1,19,0,5,5,1,1,0,0,0,0,0,0,0,2,1,6,6,1,26,6,1995,2,3,FORD TRANSIT CUSTOM,8,E01016195,0,-1
2023622300973,2023,622300973,2,19,0,18,19,4,8,0,0,1,0,0,0,0,2,1,1,1,1,60,9,1995,2,1,FORD TRANSIT CUSTOM,9,W01001072,0,-1
2023010428909,2023,010428909,2,19,0,99,99,9,9,99,99,0,9,99,9,99,2,9,6,6,3,61,9,1995,2,1,FORD TRANSIT CUSTOM,6,E01000778,0,-1
2023461268022,2023,461268022,3,19,0,3,3,6,2,0,0,0,0,0,0,0,1,1,6,6,1,48,8,1995,2,6,FORD TRANSIT CUSTOM,6,E01024163,0,-1
2023302300046,2023,302300046,1,20,0,18,19,6,2,0,0,0,0,0,0,0,1,1,6,6,1,-1,-1,-1,-1,-1,FORD TRANSIT CUSTOM,-1,-1,0,-1
2023991389629,2023,991389629,1,19,0,18,19,3,7,0,0,0,0,0,4,0,1,1,1,1,1,29,6,1995,2,2,FORD TRANSIT CUSTOM,8,-1,0,-1
2023501350126,2023,501350126,1,19,0,18,19,5,1,0,0,8,0,0,0,0,4,1,6,6,1,79,11,1995,2,2,FORD TRANSIT CUSTOM,10,E01020004,0,-1
2023546825323,2023,546825323,2,19,0,18,19,2,6,0,0,0,5,0,1,0,1,1,1,1,1,65,9,1995,2,2,FORD TRANSIT CUSTOM,7,E01020436,0,-1
2023501307656,2023,501307656,2,19,0,3,3,7,3,0,0,0,0,0,0,0,2,1,2,2,1,35,6,1995,2,6,FORD TRANSIT CUSTOM,6,E01020204,0,-1
2023211391732,2023,211391732,1,19,0,4,4,4,8,0,0,0,0,0,0,0,2,1,6,6,1,25,5,1995,2,6,FORD TRANSIT CUSTOM,-1,-1,0,-1
2023010470219,2023,010470219,1,19,0,13,13,1,5,0,0,0,0,0,0,0,0,1,1,1,1,30,6,1995,2,2,FORD TRANSIT CUSTOM,1,E01003047,0,-1
2023440362570,2023,440362570,2,19,0,1,1,2,6,0,0,0,0,0,0,0,3,1,6,6,1,33,6,1995,2,5,FORD TRANSIT CUSTOM,7,E01017175,0,-1
2023451282623,2023,451282623,1,19,0,18,19,3,7,0,0,1,0,0,0,0,4,1,1,1,1,44,7,1995,2,2,FORD TRANSIT CUSTOM,10,E01030584,0,-1
2023141388112,2023,141388112,2,19,0,18,19,7,3,0,0,1,0,0,0,0,1,1,1,1,1,45,7,1995,2,0,FORD TRANSIT CUSTOM,5,E01005648,0,-1
2023010432944,2023,010432944,2,19,0,10,10,7,5,0,0,6,0,0,0,0,3,1,1,1,1,28,6,1995,2,1,FORD TRANSIT CUSTOM,9,E01004132,0,-1
2023010429016,2023,010429016,2,19,0,99,99,9,9,99,99,0,9,99,9,99,1,9,6,6,3,-1,-1,1995,2,3,FORD TRANSIT CUSTOM,-1,-1,0,-1
2023461263090,2023,461263090,1,19,0,18,19,1,2,0,0,0,0,11,0,0,4,1,1,1,1,27,6,1995,2,6,FORD TRANSIT CUSTOM,2,E01024585,0,-1
2023010456017,2023,010456017,2,19,0,3,3,3,7,0,0,4,0,0,0,0,2,1,6,6,1,40,7,1995,2,3,FORD TRANSIT CUSTOM,2,E01002530,0,-1
2023010444794,2023,010444794,2,19,0,4,4,1,5,0,0,4,0,0,0,0,1,1,6,6,1,33,6,1995,2,2,FORD TRANSIT CUSTOM,1,E01003577,0,-1
2023041348783,2023,041348783,1,19,0,18,19,1,5,0,0,2,0,0,0,0,1,1,5,6,1,21,5,2198,2,9,FORD TRANSIT CUSTOM,9,E01025596,0,-1
2023451305197,2023,451305197,2,19,0,18,19,5,1,0,0,0,0,0,0,0,3,1,1,1,1,59,9,2198,2,8,FORD TRANSIT CUSTOM,9,E01030521,0,-1
2023991353665,2023,991353665,1,19,0,18,19,1,5,0,0,0,0,0,0,0,1,1,1,1,1,22,5,1995,2,5,FORD TRANSIT CUSTOM,9,-1,0,-1
2023522400278,2023,522400278,2,19,0,11,11,2,6,0,0,0,0,0,0,0,4,1,1,1,3,-1,-1,1995,2,6,FORD TRANSIT CUSTOM,-1,-1,0,-1
2023041334072,2023,041334072,2,19,0,9,9,7,5,0,0,1,0,0,0,0,3,1,5,6,1,40,7,1995,2,7,FORD TRANSIT CUSTOM,10,E01025426,0,-1
2023170H10253,2023,170H10253,2,19,0,13,13,8,4,0,0,0,0,0,0,0,3,1,6,6,1,54,8,1995,2,2,FORD TRANSIT CUSTOM,7,E01019770,0,-1
2023061347421,2023,061347421,2,19,0,9,9,7,5,0,0,0,0,0,0,0,4,1,6,6,1,34,6,1995,2,4,FORD TRANSIT CUSTOM,9,E01005925,0,-1
2023451342980,2023,451342980,1,19,0,18,19,1,7,0,0,0,0,0,1,4,1,1,2,2,1,28,6,1995,2,1,FORD TRANSIT CUSTOM,5,E01001646,0,-1
2023231298307,2023,231298307,1,19,0,18,19,5,2,0,0,8,0,0,0,0,1,1,6,6,1,45,7,2198,2,8,FORD TRANSIT CUSTOM,5,E01022435,0,-1
2023351390887,2023,351390887,2,19,0,18,19,3,7,0,0,0,0,0,1,0,1,1,1,1,1,40,7,1995,2,1,FORD TRANSIT CUSTOM,10,E01018191,0,-1
2023010476832,2023,010476832,2,19,0,18,19,7,3,0,0,8,0,0,0,0,1,1,1,1,1,59,9,1995,2,2,FORD TRANSIT CUSTOM,7,E01002127,0,-1
2023522301727,2023,522301727,2,19,0,18,19,4,8,0,0,1,0,0,0,0,1,1,6,6,1,19,4,1995,2,4,FORD TRANSIT CUSTOM,10,E01014911,0,-1
2023010453788,2023,010453788,3,19,0,3,3,7,3,0,0,0,0,0,0,0,2,1,1,1,1,61,9,1995,2,5,FORD TRANSIT CUSTOM,3,E01004183,0,-1
2023010426354,2023,010426354,2,19,0,3,3,4,8,0,0,1,0,0,0,0,2,1,6,6,1,40,7,1995,2,2,FORD TRANSIT CUSTOM,6,E01001040,0,-1
2023461333479,2023,461333479,1,19,0,18,19,8,4,0,0,8,0,0,0,0,1,1,1,1,1,-1,-1,1995,2,5,FORD TRANSIT CUSTOM,3,E01024608,0,-1
2023010452731,2023,010452731,2,10,0,2,2,0,0,0,0,0,0,0,0,0,2,2,6,6,3,-1,-1,-1,-1,-1,-1,-1,-1,0,-1
2023070842873,2023,070842873,1,19,4,9,9,6,2,0,0,1,0,0,0,0,0,2,1,1,1,24,5,1995,2,4,FORD TRANSIT CUSTOM,1,E01004979,0,-1
2023401308326,2023,401308326,1,19,0,18,19,5,1,0,0,0,0,0,0,0,1,1,6,6,3,-1,-1,1995,2,3,FORD TRANSIT CUSTOM,-1,-1,0,-1
2023302301649,2023,302301649,1,19,0,4,4,2,6,0,0,2,0,0,0,0,3,1,6,6,1,68,10,1995,2,4,FORD TRANSIT CUSTOM,6,E01019816,0,-1
2023501367488,2023,501367488,1,19,0,18,19,8,4,0,0,6,0,0,0,0,3,1,1,1,1,24,5,1995,2,0,FORD TRANSIT CUSTOM,-1,-1,0,-1
2023320404009,2023,320404009,1,20,0,1,1,3,7,0,0,2,0,0,0,0,2,1,6,6,1,52,8,-1,-1,-1,FORD TRANSIT CUSTOM,7,E01026066,0,-1
2023461390212,2023,461390212,1,19,0,18,19,2,6,0,0,0,0,0,0,0,1,1,5,6,2,29,6,2198,2,8,FORD TRANSIT CUSTOM,7,E01024234,0,-1
2023430461810,2023,430461810,2,19,0,3,3,6,2,0,0,0,0,0,0,0,2,1,1,1,1,42,7,1995,2,6,FORD TRANSIT CUSTOM,5,E01017706,0,-1
202354B758023,2023,54B758023,2,19,0,3,3,2,6,0,0,1,0,0,0,0,2,1,1,1,1,45,7,1995,2,4,FORD TRANSIT CUSTOM,4,E01029044,0,-1
2023221285998,2023,221285998,1,19,0,18,19,1,4,0,0,8,0,0,0,0,3,1,1,1,1,45,7,1995,2,4,FORD TRANSIT CUSTOM,8,W01000457,0,-1
2023010439634,2023,010439634,1,19,0,7,7,1,3,0,0,8,0,0,0,0,3,1,1,1,1,47,8,1995,2,0,FORD TRANSIT CUSTOM,8,E01000671,0,-1