collision_index,collision_year,collision_ref_no,vehicle_reference,vehicle_type,towing_and_articulation,vehicle_manoeuvre_historic,vehicle_manoeuvre,vehicle_direction_from,vehicle_direction_to,vehicle_location_restricted_lane_historic,vehicle_location_restricted_lane,junction_location,skidding_and_overturning,hit_object_in_carriageway,vehicle_leaving_carriageway,hit_object_off_carriageway,first_point_of_impact,vehicle_left_hand_drive,journey_purpose_of_driver_historic,journey_purpose_of_driver,sex_of_driver,age_of_driver,age_band_of_driver,engine_capacity_cc,propulsion_code,age_of_vehicle,generic_make_model,driver_imd_decile,lsoa_of_driver,escooter_flag,driver_distance_banding
2023010430631,2023,010430631,1,19,0,18,19,1,5,0,0,1,0,0,0,0,1,1,1,1,1,46,8,1995,2,4,FORD TRANSIT CUSTOM,4,E01003376,0,-1
2023010465032,2023,010465032,1,19,0,99,99,9,9,99,99,9,9,99,9,99,1,9,6,6,3,-1,-1,1995,2,6,FORD TRANSIT CUSTOM,4,E01001234,0,-1
2023421380607,2023,421380607,4,19,0,4,4,5,1,0,0,0,0,0,0,0,2,1,6,6,1,28,6,1995,2,2,FORD TRANSIT CUSTOM,2,E01019441,0,-1
2023041290575,2023,041290575,1,19,0,11,11,7,3,0,0,0,0,0,0,0,4,1,1,1,1,31,6,1995,2,4,FORD TRANSIT CUSTOM,5,E01025580,0,-1
2023061360065,2023,061360065,2,19,0,18,19,2,6,0,0,1,0,0,0,0,0,1,1,1,1,30,6,1995,2,2,FORD TRANSIT CUSTOM,-1,-1,0,-1
2023421342907,2023,421342907,3,20,0,18,19,6,2,0,0,0,0,0,0,0,2,1,2,2,1,37,7,-1,-1,-1,FORD TRANSIT CUSTOM,3,E01021300,0,-1
2023061277122,2023,061277122,1,19,0,18,19,5,1,0,0,0,0,0,0,0,1,1,1,1,1,55,8,1995,2,0,FORD TRANSIT CUSTOM,7,E01006330,0,-1
2023122300513,2023,122300513,1,19,0,10,10,5,3,0,0,1,0,0,0,0,3,1,6,6,1,60,9,2198,2,7,FORD TRANSIT CUSTOM,8,E01011102,0,-1
2023451366298,2023,451366298,1,19,0,18,19,1,5,0,0,0,0,0,0,0,1,1,1,1,1,43,7,2198,2,7,FORD TRANSIT CUSTOM,10,E01002482,0,-1
2023421307483,2023,421307483,2,19,0,7,7,3,5,0,0,3,5,0,1,0,2,1,1,1,1,26,6,1995,2,3,FORD TRANSIT CUSTOM,5,E01015818,0,-1
2023061389885,2023,061389885,1,19,0,11,11,7,3,0,0,1,0,0,0,0,1,1,1,1,1,54,8,1995,2,0,FORD TRANSIT CUSTOM,-1,-1,0,-1
2023010466500,2023,010466500,1,19,0,9,9,3,8,0,0,1,0,0,0,0,1,1,2,2,1,39,7,1995,2,4,FORD TRANSIT CUSTOM,4,E01001090,0,-1
2023161378913,2023,161378913,2,19,0,2,2,0,0,0,0,0,0,0,0,0,2,1,6,6,3,-1,-1,1995,2,0,FORD TRANSIT CUSTOM,-1,-1,0,-1
2023471320835,2023,471320835,2,19,0,4,4,4,8,0,0,0,0,0,0,0,2,1,2,2,1,37,7,1995,2,6,FORD TRANSIT CUSTOM,-1,-1,0,-1
2023221383536,2023,221383536,2,19,0,9,9,7,5,0,0,8,1,0,0,0,4,1,2,2,1,56,9,1995,2,0,FORD TRANSIT CUSTOM,6,E01022162,0,-1
2023371354458,2023,371354458,1,19,0,11,11,6,2,0,0,2,0,0,0,0,4,1,1,1,1,40,7,1995,2,3,FORD TRANSIT CUSTOM,5,E01021683,0,-1
2023061258785,2023,061258785,1,19,0,18,19,7,3,0,0,8,0,0,0,0,3,1,1,1,1,41,7,1995,2,4,FORD TRANSIT CUSTOM,2,E01004817,0,-1
2023061368304,2023,061368304,4,19,0,2,2,0,0,0,0,0,0,0,0,0,4,1,6,6,3,-1,-1,1995,2,2,FORD TRANSIT CUSTOM,-1,-1,0,-1
2023461308004,2023,461308004,1,19,0,18,19,5,1,0,0,8,0,0,0,0,1,1,2,2,1,44,7,1995,2,5,FORD TRANSIT CUSTOM,4,E01016071,0,-1
2023461374309,2023,461374309,1,19,0,18,19,4,8,0,0,0,0,0,0,0,1,1,1,1,1,54,8,1995,2,2,FORD TRANSIT CUSTOM,7,E01024727,0,-1
2023471316951,2023,471316951,1,19,0,18,19,1,5,0,0,0,0,0,7,0,3,1,5,6,1,31,6,2198,2,7,FORD TRANSIT CUSTOM,10,E01020940,0,-1
2023552300191,2023,552300191,1,19,0,5,5,6,2,0,0,0,0,0,0,0,1,1,1,1,1,47,8,2198,2,9,FORD TRANSIT CUSTOM,7,E01015387,0,-1
2023471365791,2023,471365791,2,19,0,18,19,3,7,0,0,1,0,0,0,0,4,1,1,1,1,55,8,1995,2,0,FORD TRANSIT CUSTOM,10,E01021210,0,-1
2023010435268,2023,010435268,1,19,0,2,2,0,0,0,0,0,0,8,0,0,3,1,6,6,3,-1,-1,1995,2,4,FORD TRANSIT CUSTOM,-1,-1,0,-1
2023471303942,2023,471303942,1,19,0,4,4,1,5,0,0,1,0,0,0,0,1,1,6,6,1,-1,-1,1995,2,2,FORD TRANSIT CUSTOM,-1,-1,0,-1
2023411318634,2023,411318634,3,19,0,18,19,5,1,0,0,0,0,0,0,0,2,1,1,1,1,59,9,1995,2,2,FORD TRANSIT CUSTOM,4,E01028343,0,-1
2023041277283,2023,041277283,2,19,0,3,3,7,3,0,0,1,0,0,0,0,2,1,2,2,1,53,8,2198,2,8,FORD TRANSIT CUSTOM,7,E01024874,0,-1
2023622300934,2023,622300934,1,19,0,18,19,4,8,0,0,0,0,0,0,0,1,1,6,6,1,29,6,2198,2,8,FORD TRANSIT CUSTOM,7,E01014847,0,-1
2023010479035,2023,010479035,2,19,0,18,19,1,5,0,0,5,0,0,0,0,1,1,1,1,1,25,5,1995,2,4,FORD TRANSIT CUSTOM,7,E01023880,0,-1
2023461285331,2023,461285331,2,19,0,2,2,0,0,0,0,0,0,0,0,0,4,1,5,6,1,48,8,1995,2,3,FORD TRANSIT CUSTOM,8,E01000412,0,-1
2023010444394,2023,010444394,2,19,0,99,99,9,9,99,99,9,9,99,9,99,9,9,6,6,3,-1,-1,1995,2,3,FORD TRANSIT CUSTOM,-1,-1,0,-1
2023010480848,2023,010480848,3,19,0,2,2,0,0,0,0,1,0,0,0,0,2,1,6,6,3,-1,-1,1995,2,3,FORD TRANSIT CUSTOM,-1,-1,0,-1
2023991285787,2023,991285787,2,19,0,18,19,2,7,0,0,8,0,0,7,0,1,1,2,2,1,50,8,1995,2,3,FORD TRANSIT CUSTOM,8,-1,0,-1
2023421359977,2023,421359977,2,19,0,4,4,7,3,0,0,0,0,0,0,0,2,1,1,1,1,38,7,1995,2,1,FORD TRANSIT CUSTOM,8,E01033063,0,-1
2023010463981,2023,010463981,2,19,9,15,15,9,9,99,99,0,9,99,9,99,9,9,6,6,3,-1,-1,1995,2,1,FORD TRANSIT CUSTOM,-1,-1,0,-1
2023471325680,2023,471325680,1,19,0,1,1,5,7,0,0,0,0,0,0,0,2,1,1,1,1,43,7,2198,2,9,FORD TRANSIT CUSTOM,7,E01021009,0,-1
2023010453863,2023,010453863,2,19,0,9,9,8,5,0,0,5,0,0,0,0,3,1,6,6,1,22,5,2198,2,7,FORD TRANSIT CUSTOM,10,E01000841,0,-1
2023552300907,2023,552300907,2,19,0,3,3,3,7,0,0,8,0,0,0,0,2,1,1,1,1,35,6,1995,2,1,FORD TRANSIT CUSTOM,10,E01032859,0,-1
2023211309449,2023,211309449,2,19,0,7,7,4,1,0,0,5,0,0,6,0,1,1,1,1,1,30,6,1995,2,3,FORD TRANSIT CUSTOM,-1,-1,0,-1
2023440257915,2023,440257915,2,19,0,3,3,3,7,0,0,0,0,0,0,0,2,1,6,6,1,51,8,1995,2,2,FORD TRANSIT CUSTOM,4,E01022953,0,-1
2023430158140,2023,430158140,3,19,0,18,19,2,6,0,0,1,0,0,0,0,2,1,2,2,1,63,9,1995,2,5,FORD TRANSIT CUSTOM,4,E01029838,0,-1
2023010422913,2023,010422913,3,19,0,3,3,6,2,0,0,1,0,0,0,0,1,1,6,6,1,49,8,1995,2,3,FORD TRANSIT CUSTOM,3,E01001640,0,-1
2023411296143,2023,411296143,1,19,0,13,13,-1,-1,0,0,0,0,0,0,0,1,1,6,6,1,30,6,1995,2,3,FORD TRANSIT CUSTOM,4,E01023957,0,-1
2023010482569,2023,010482569,3,19,0,18,19,1,5,0,0,0,0,0,0,0,3,1,1,1,1,32,6,1995,2,3,FORD TRANSIT CUSTOM,9,E01016103,0,-1
2023061335541,2023,061335541,5,19,0,2,2,0,0,0,0,0,0,4,0,0,3,1,6,6,3,-1,-1,1995,2,2,FORD TRANSIT CUSTOM,-1,-1,0,-1
2023531323470,2023,531323470,1,19,0,14,14,8,4,0,0,0,0,0,0,0,1,1,1,1,1,41,7,1995,2,4,FORD TRANSIT CUSTOM,9,E01022136,0,-1
2023361409922,2023,361409922,1,19,0,18,19,7,4,0,0,0,0,0,0,0,1,1,6,6,1,51,8,1995,2,0,FORD TRANSIT CUSTOM,10,E01023459,0,-1
2023010483360,2023,010483360,1,19,0,18,19,1,5,0,0,4,0,0,0,0,3,1,1,1,1,42,7,1995,2,5,FORD TRANSIT CUSTOM,6,E01021331,0,-1
2023311318969,2023,311318969,1,19,0,18,19,3,7,0,0,0,0,0,0,0,2,1,6,6,1,35,6,1995,2,4,FORD TRANSIT CUSTOM,1,E01028263,0,-1
2023122301264,2023,122301264,1,19,0,18,19,5,1,0,0,0,0,0,0,0,1,1,1,1,1,38,7,1995,2,1,FORD TRANSIT CUSTOM,8,E01008642,0,-1
2023010475683,2023,010475683,1,19,0,99,99,9,9,99,99,9,9,99,9,99,1,1,1,1,1,35,6,1995,2,4,FORD TRANSIT CUSTOM,5,E01033731,0,-1
2023471264541,2023,471264541,3,19,0,8,8,8,2,0,0,0,0,0,0,0,2,1,2,2,1,35,6,2198,2,7,FORD TRANSIT CUSTOM,3,E01031459,0,-1
2023991366859,2023,991366859,2,19,0,9,9,6,3,0,0,8,0,0,0,0,1,1,1,1,1,35,6,1995,2,3,FORD TRANSIT CUSTOM,1,-1,0,-1
2023552301324,2023,552301324,1,19,0,9,9,2,8,0,0,5,0,0,0,0,1,1,1,1,1,60,9,1995,2,1,FORD TRANSIT CUSTOM,7,E01023066,0,-1
2023061263831,2023,061263831,2,19,0,16,19,7,3,0,0,0,0,0,0,0,0,1,5,6,1,41,7,1995,2,4,FORD TRANSIT CUSTOM,8,E01019747,0,-1
2023411339755,2023,411339755,1,19,0,18,19,3,7,0,0,0,0,0,0,0,1,1,1,1,1,-1,-1,1995,2,3,FORD TRANSIT CUSTOM,6,E01026404,0,-1
2023010470708,2023,010470708,1,19,0,4,4,1,5,0,0,0,0,0,0,0,1,1,1,1,1,27,6,1995,2,0,FORD TRANSIT CUSTOM,3,E01004259,0,-1
2023991352855,2023,991352855,1,19,0,5,5,7,3,0,0,1,0,0,0,0,1,1,1,1,1,53,8,2198,2,9,FORD TRANSIT CUSTOM,-1,-1,0,-1
2023010469589,2023,010469589,2,19,0,6,6,1,1,0,0,8,0,0,0,0,1,1,1,1,1,45,7,1995,2,5,FORD TRANSIT CUSTOM,8,E01023298,0,-1
2023320562577,2023,320562577,1,19,0,9,9,4,2,0,0,8,0,0,0,0,1,1,6,6,1,24,5,1995,2,6,FORD TRANSIT CUSTOM,4,E01026143,0,-1
2023010464130,2023,010464130,3,19,0,18,19,5,1,0,0,0,0,0,0,0,2,1,2,2,1,47,8,1995,2,6,FORD TRANSIT CUSTOM,7,E01002338,0,-1
2023451318335,2023,451318335,1,19,0,18,19,1,5,0,0,1,0,0,0,0,1,1,1,1,1,32,6,2198,2,6,FORD TRANSIT CUSTOM,7,E01030621,0,-1
2023010448503,2023,010448503,1,19,0,18,19,3,7,0,0,0,0,4,0,0,1,1,1,1,1,22,5,1995,2,1,FORD TRANSIT CUSTOM,3,E01001516,0,-1
2023440141809,2023,440141809,2,19,0,18,19,5,1,0,0,1,0,0,0,0,1,1,1,1,1,-1,-1,1995,2,5,FORD TRANSIT CUSTOM,-1,-1,0,-1
2023010467619,2023,010467619,1,19,0,9,9,7,5,0,0,1,0,0,0,0,1,1,2,2,1,37,7,1995,2,3,FORD TRANSIT CUSTOM,4,E01021841,0,-1
2023411355174,2023,411355174,1,19,0,18,19,8,4,0,0,1,0,4,0,0,1,1,5,6,1,35,6,1995,2,6,FORD TRANSIT CUSTOM,7,E01023636,0,-1
2023451326744,2023,451326744,2,19,0,18,19,3,7,0,0,1,0,0,1,0,1,1,1,1,1,29,6,1995,2,5,FORD TRANSIT CUSTOM,3,E01002605,0,-1
2023302301752,2023,302301752,2,19,0,18,19,4,8,0,0,1,0,0,0,0,1,1,2,2,1,50,8,1995,2,5,FORD TRANSIT CUSTOM,3,E01019692,0,-1
2023371293428,2023,371293428,1,19,0,18,19,-1,-1,0,0,0,0,0,0,0,1,1,6,6,1,50,8,1995,2,0,FORD TRANSIT CUSTOM,7,E01030103,0,-1
2023201287730,2023,201287730,2,19,0,4,4,2,6,0,0,0,0,0,0,0,2,1,2,2,1,46,8,1995,2,5,FORD TRANSIT CUSTOM,-1,-1,0,-1
2023010469507,2023,010469507,2,19,0,4,4,7,3,0,0,0,0,0,0,0,1,1,1,1,1,32,6,1995,2,5,FORD TRANSIT CUSTOM,2,E01001110,0,-1
2023440228541,2023,440228541,3,19,0,18,19,7,3,0,0,0,0,0,0,0,1,1,1,1,1,49,8,1995,2,4,FORD TRANSIT CUSTOM,6,E01017066,0,-1
2023061359546,2023,061359546,1,19,0,17,19,3,7,0,0,0,0,10,3,2,1,1,1,1,2,30,6,1995,2,2,FORD TRANSIT CUSTOM,-1,-1,0,-1
2023010451685,2023,010451685,2,19,0,14,14,2,6,0,0,1,0,0,0,0,0,1,6,6,3,23,5,1995,2,7,FORD TRANSIT CUSTOM,5,E01002501,0,-1
2023501276135,2023,501276135,2,19,0,17,19,2,6,0,0,0,1,0,0,0,1,1,1,1,1,35,6,1995,2,2,FORD TRANSIT CUSTOM,5,E01020072,0,-1
2023471289978,2023,471289978,1,19,0,18,19,3,7,0,0,0,0,0,0,0,1,1,1,1,1,39,7,1995,2,5,FORD TRANSIT CUSTOM,5,E01031570,0,-1
2023991388626,2023,991388626,1,19,0,18,19,7,3,0,0,1,0,0,0,0,4,1,5,6,1,52,8,1995,2,4,FORD TRANSIT CUSTOM,5,-1,0,-1
2023340WN0732,2023,340WN0732,1,19,0,12,12,5,1,0,0,3,0,0,0,0,3,1,2,2,1,34,6,2198,2,7,FORD TRANSIT CUSTOM,8,E01027097,0,-1
2023461292106,2023,461292106,1,19,0,3,3,3,7,0,0,1,0,0,0,0,2,1,1,1,1,51,8,1995,2,6,FORD TRANSIT CUSTOM,5,E01024319,0,-1
2023221259928,2023,221259928,1,19,0,18,19,4,8,0,0,0,0,0,0,0,1,1,1,1,1,30,6,1995,2,1,FORD TRANSIT CUSTOM,4,E01014169,0,-1
2023461326645,2023,461326645,1,19,0,11,11,6,8,0,0,1,0,0,0,0,2,1,2,2,1,-1,-1,1995,2,5,FORD TRANSIT CUSTOM,-1,-1,0,-1
2023071237732,2023,071237732,2,19,0,3,3,8,4,0,0,0,0,0,0,0,2,1,1,1,1,49,8,1995,2,4,FORD TRANSIT CUSTOM,2,E01006708,0,-1
2023411394397,2023,411394397,1,19,0,18,19,6,2,0,0,0,0,0,0,0,1,1,2,2,1,33,6,1995,2,0,FORD TRANSIT CUSTOM,7,E01023961,0,-1
2023221388079,2023,221388079,1,19,0,18,19,8,3,0,0,4,0,0,0,0,1,1,6,6,1,49,8,2198,2,8,FORD TRANSIT CUSTOM,5,E01014088,0,-1
2023991317905,2023,991317905,3,19,0,18,19,2,6,0,0,0,0,0,0,0,1,1,1,1,1,42,7,1995,2,4,FORD TRANSIT CUSTOM,5,-1,0,-1
2023041343593,2023,041343593,3,19,0,18,19,1,5,0,0,0,0,0,0,0,1,1,1,1,1,34,6,1995,2,1,FORD TRANSIT CUSTOM,6,E01025261,0,-1
2023010424620,2023,010424620,1,19,0,9,9,5,2,0,0,2,0,0,0,0,1,1,2,2,1,30,6,1995,2,7,FORD TRANSIT CUSTOM,7,E01021887,0,-1
2023991384775,2023,991384775,1,19,0,18,19,2,6,0,0,0,2,12,1,0,1,1,5,6,1,59,9,1995,2,2,FORD TRANSIT CUSTOM,6,-1,0,-1
2023631367452,2023,631367452,2,19,0,13,13,1,5,0,0,0,0,0,0,0,3,1,2,2,1,27,6,2198,2,9,FORD TRANSIT CUSTOM,6,W01000550,0,-1
2023010423331,2023,010423331,1,19,0,9,9,5,2,0,0,2,0,0,0,0,3,1,2,2,1,23,5,1995,2,6,FORD TRANSIT CUSTOM,2,E01003607,0,-1
2023311285725,2023,311285725,1,19,0,18,19,6,2,0,0,8,0,0,0,0,2,1,6,6,1,40,7,1995,12,2,FORD TRANSIT CUSTOM,2,E01028313,0,-1
2023052300582,2023,052300582,1,19,0,18,19,3,7,0,0,0,0,0,0,0,4,1,6,6,1,41,7,1995,2,1,FORD TRANSIT CUSTOM,2,E01006482,0,-1
2023010460219,2023,010460219,2,19,0,99,99,9,9,99,99,0,9,99,9,99,9,9,6,6,3,-1,-1,1995,2,3,FORD TRANSIT CUSTOM,3,E01016044,0,-1
2023010467041,2023,010467041,1,19,0,99,99,9,9,99,99,9,9,99,9,99,2,9,1,1,1,53,8,1995,2,4,FORD TRANSIT CUSTOM,8,E01000420,0,-1
2023131267352,2023,131267352,1,19,0,12,12,5,1,0,0,0,0,0,0,0,1,1,6,6,1,49,8,1995,2,7,FORD TRANSIT CUSTOM,1,E01010723,0,-1
2023010450830,2023,010450830,1,19,0,7,7,7,1,0,0,1,1,7,1,10,1,1,6,6,1,25,5,1995,2,3,FORD TRANSIT CUSTOM,2,E01015726,0,-1
2023332300070,2023,332300070,1,19,0,18,19,6,2,0,0,0,0,0,0,0,1,1,1,1,1,51,8,1995,2,5,FORD TRANSIT CUSTOM,6,E01031099,0,-1
2023010455734,2023,010455734,1,19,0,3,3,1,5,0,0,1,0,0,0,0,2,1,1,1,1,47,8,1995,2,1,FORD TRANSIT CUSTOM,3,E01003015,0,-1
2023522400216,2023,522400216,2,19,0,1,1,7,3,0,0,0,0,0,0,0,2,1,6,6,1,36,7,1995,2,5,FORD TRANSIT CUSTOM,6,E01014531,0,-1
2023461358375,2023,461358375,1,19,0,18,19,3,7,0,0,8,0,10,0,0,1,1,1,1,1,35,6,1995,2,4,FORD TRANSIT CUSTOM,1,E01024678,0,-1
2023010424645,2023,010424645,1,19,0,18,19,7,3,0,0,1,0,0,0,0,0,1,1,1,1,34,6,1995,2,2,FORD TRANSIT CUSTOM,3,E01004259,0,-1
2023411394285,2023,411394285,1,19,0,18,19,7,3,0,0,0,0,0,0,0,1,1,1,1,2,25,5,1995,2,2,FORD TRANSIT CUSTOM,2,E01023758,0,-1
2023131333329,2023,131333329,2,19,0,18,19,1,1,0,0,1,0,0,7,0,1,1,5,6,1,24,5,1995,2,7,FORD TRANSIT CUSTOM,5,E01011788,0,-1
2023010436327,2023,010436327,1,19,0,18,19,6,2,0,0,8,0,0,0,0,4,1,1,1,1,50,8,1995,2,4,FORD TRANSIT CUSTOM,2,E01001982,0,-1
2023131311136,2023,131311136,1,19,0,18,19,2,6,0,0,0,0,0,0,0,1,1,6,6,1,33,6,1995,2,4,FORD TRANSIT CUSTOM,1,E01010819,0,-1
2023991296271,2023,991296271,2,10,0,18,19,7,3,0,0,1,0,0,0,0,4,1,1,1,1,59,9,2198,2,10,-1,4,-1,0,-1
2023430065494,2023,430065494,1,19,0,18,19,5,1,0,0,1,0,0,0,0,1,1,6,6,1,-1,-1,1995,2,6,FORD TRANSIT CUSTOM,-1,-1,0,-1
2023061396803,2023,061396803,1,19,0,18,19,1,1,0,0,0,0,0,0,0,1,2,6,6,1,-1,-1,1995,2,6,FORD TRANSIT CUSTOM,-1,-1,0,-1
2023010446451,2023,010446451,1,19,0,18,19,3,7,0,0,0,0,0,0,0,4,1,1,1,1,32,6,1995,2,1,FORD TRANSIT CUSTOM,8,E01021134,0,-1
2023440414625,2023,440414625,2,19,0,4,4,5,1,0,0,1,0,0,0,0,1,1,6,6,3,-1,-1,2198,2,8,FORD TRANSIT CUSTOM,-1,-1,0,-1
2023231307800,2023,231307800,2,19,0,18,19,6,3,0,0,8,0,0,0,0,1,1,1,1,1,48,8,1995,2,4,FORD TRANSIT CUSTOM,7,E01025819,0,-1
2023010465437,2023,010465437,1,19,0,9,9,5,2,0,0,8,0,0,0,0,1,1,2,2,1,39,7,1995,2,5,FORD TRANSIT CUSTOM,5,E01003413,0,-1
2023010458882,2023,010458882,1,19,0,4,4,1,5,0,0,3,0,0,0,0,2,2,1,1,1,39,7,1995,2,5,FORD TRANSIT CUSTOM,1,E01001052,0,-1
2023010478648,2023,010478648,1,19,5,4,4,1,5,0,0,3,0,0,0,0,0,1,1,1,1,34,6,1995,2,1,FORD TRANSIT CUSTOM,9,E01018571,0,-1
2023201365922,2023,201365922,3,19,0,2,2,0,0,9,9,2,0,0,0,0,1,1,1,1,1,44,7,1995,2,6,FORD TRANSIT CUSTOM,-1,-1,0,-1
2023549301623,2023,549301623,1,19,0,18,19,6,2,0,0,1,0,0,0,0,1,1,6,6,1,34,6,2198,2,9,FORD TRANSIT CUSTOM,4,E01032090,0,-1
2023131370533,2023,131370533,1,19,0,5,5,5,1,0,0,1,0,0,0,0,1,1,1,1,1,63,9,1995,2,5,FORD TRANSIT CUSTOM,10,E01011894,0,-1
2023122301049,2023,122301049,3,19,0,18,19,5,1,0,0,0,0,0,0,0,2,1,1,1,1,35,6,1995,2,0,FORD TRANSIT CUSTOM,2,E01008655,0,-1
2023361292550,2023,361292550,1,19,0,18,19,1,5,0,0,1,0,0,0,0,1,1,1,1,1,26,6,2198,2,8,FORD TRANSIT CUSTOM,7,E01026835,0,-1
2023161359889,2023,161359889,2,19,0,18,19,8,4,0,0,0,0,0,0,0,1,1,5,6,1,81,11,1995,2,3,FORD TRANSIT CUSTOM,3,E01013029,0,-1
2023141360285,2023,141360285,2,19,0,18,19,3,5,0,0,1,0,0,1,0,1,1,1,1,1,17,4,1995,2,5,FORD TRANSIT CUSTOM,4,E01033430,0,-1
2023010434271,2023,010434271,2,19,0,18,19,5,1,0,0,0,1,4,0,0,1,1,1,1,2,30,6,1995,2,2,FORD TRANSIT CUSTOM,3,E01002612,0,-1
2023622300194,2023,622300194,3,19,0,2,2,0,0,0,0,1,0,0,0,0,1,1,6,6,3,-1,-1,1995,2,5,FORD TRANSIT CUSTOM,-1,-1,0,-1
2023991382990,2023,991382990,2,19,0,18,19,6,2,0,0,8,0,0,0,0,1,1,1,1,1,53,8,1995,2,3,FORD TRANSIT CUSTOM,-1,-1,0,-1
2023052302234,2023,052302234,2,19,0,2,2,0,0,0,0,1,0,0,0,0,2,1,6,6,1,58,9,1995,2,6,FORD TRANSIT CUSTOM,2,E01006449,0,-1
2023010452979,2023,010452979,2,19,0,99,99,9,9,99,99,9,9,99,9,99,9,9,6,6,3,43,7,1995,2,5,FORD TRANSIT CUSTOM,2,E01001433,0,-1
2023041342633,2023,041342633,1,19,0,18,19,1,5,0,0,1,0,0,0,0,1,1,2,2,1,43,7,1995,2,2,FORD TRANSIT CUSTOM,6,E01025473,0,-1
2023131380863,2023,131380863,2,19,0,2,2,0,0,0,0,0,0,0,0,0,2,1,6,6,3,-1,-1,1995,2,4,FORD TRANSIT CUSTOM,-1,-1,0,-1
2023401326048,2023,401326048,1,19,0,18,19,5,1,0,0,0,0,11,1,4,1,1,5,6,1,26,6,1995,2,0,FORD TRANSIT CUSTOM,3,E01002552,0,-1
2023010465950,2023,010465950,3,19,0,3,3,3,7,0,0,1,0,0,0,0,1,1,1,1,1,33,6,2198,2,7,FORD TRANSIT CUSTOM,-1,-1,0,-1
2023010442000,2023,010442000,1,19,0,7,7,7,2,0,0,5,0,0,0,0,4,1,1,1,1,34,6,1995,2,1,FORD TRANSIT CUSTOM,-1,-1,0,-1
2023010430337,2023,010430337,3,19,0,2,2,0,0,0,0,0,0,0,0,0,3,1,6,6,3,-1,-1,1995,2,6,FORD TRANSIT CUSTOM,-1,-1,0,-1
2023201378666,2023,201378666,2,19,0,18,19,6,2,0,0,8,0,0,0,0,1,1,1,1,1,26,6,1995,2,4,FORD TRANSIT CUSTOM,3,E01029361,0,-1
2023010485059,2023,010485059,2,19,0,5,5,3,7,0,0,8,2,0,0,0,2,1,1,1,1,31,6,1995,2,0,FORD TRANSIT CUSTOM,3,E01004734,0,-1
2023010474454,2023,010474454,2,19,0,18,19,2,6,99,99,9,9,99,9,99,2,9,6,6,1,49,8,1995,2,2,FORD TRANSIT CUSTOM,8,E01004386,0,-1
2023311350179,2023,311350179,1,19,0,5,5,1,5,0,0,0,0,0,0,0,4,1,1,1,1,37,7,1995,12,2,FORD TRANSIT CUSTOM,-1,-1,0,-1
2023451329431,2023,451329431,3,19,0,18,19,6,2,0,0,0,0,0,0,0,1,1,2,2,1,30,6,1995,2,6,FORD TRANSIT CUSTOM,5,E01000994,0,-1
2023170S10763,2023,170S10763,1,19,0,18,19,2,6,0,0,2,0,0,0,0,1,1,6,6,3,-1,-1,1995,2,1,FORD TRANSIT CUSTOM,-1,-1,0,-1
2023361361790,2023,361361790,2,19,0,18,19,5,1,0,0,0,0,0,0,0,1,1,1,1,1,50,8,1995,2,2,FORD TRANSIT CUSTOM,7,E01026746,0,-1
2023041326222,2023,041326222,1,19,0,18,19,5,1,0,0,0,0,0,0,0,1,1,1,1,1,42,7,1995,2,0,FORD TRANSIT CUSTOM,3,W01000003,0,-1
2023101295498,2023,101295498,1,19,0,9,9,7,1,0,0,1,0,0,0,0,4,1,1,1,1,56,9,1995,2,7,FORD TRANSIT CUSTOM,-1,-1,0,-1
2023052300457,2023,052300457,1,19,0,18,19,5,1,0,0,1,0,0,0,0,1,1,2,2,1,58,9,2198,2,8,FORD TRANSIT CUSTOM,4,E01006628,0,-1
2023010435656,2023,010435656,1,19,0,18,19,7,3,0,0,0,0,0,0,0,2,1,1,1,1,34,6,1995,2,6,FORD TRANSIT CUSTOM,6,E01017826,0,-1
2023101306927,2023,101306927,1,19,0,18,19,8,4,0,0,1,0,0,0,0,4,1,5,6,1,44,7,1995,2,6,FORD TRANSIT CUSTOM,9,E01008556,0,-1
2023320134060,2023,320134060,1,20,0,18,19,1,5,0,0,1,5,0,1,3,1,1,6,6,1,36,7,-1,-1,-1,FORD TRANSIT CUSTOM,-1,-1,0,-1
2023010458461,2023,010458461,1,19,0,3,3,7,3,0,0,2,0,0,0,0,2,1,2,2,1,37,7,1995,2,1,FORD TRANSIT CUSTOM,8,E01024828,0,-1
2023221389360,2023,221389360,2,19,0,2,2,0,0,0,0,0,0,0,0,0,3,1,1,1,1,45,7,1995,2,1,FORD TRANSIT CUSTOM,2,W01001660,0,-1
2023010456187,2023,010456187,2,19,0,7,7,1,2,0,0,8,0,0,0,0,1,1,1,1,1,30,6,1995,2,5,FORD TRANSIT CUSTOM,8,E01016087,0,-1
2023161384751,2023,161384751,1,19,0,18,19,3,7,0,0,1,0,0,0,0,4,1,5,6,1,38,7,2198,2,8,FORD TRANSIT CUSTOM,-1,-1,0,-1
2023052302096,2023,052302096,1,19,0,5,5,1,5,0,0,1,0,0,0,0,1,1,6,6,1,24,5,1995,2,3,FORD TRANSIT CUSTOM,6,E01007033,0,-1
2023520001006,2023,520001006,1,19,0,18,19,8,5,0,0,2,0,0,0,0,3,1,6,6,1,48,8,1995,2,3,FORD TRANSIT CUSTOM,1,E01007290,0,-1