collision_index,collision_year,collision_ref_no,vehicle_reference,vehicle_type,towing_and_articulation,vehicle_manoeuvre_historic,vehicle_manoeuvre,vehicle_direction_from,vehicle_direction_to,vehicle_location_restricted_lane_historic,vehicle_location_restricted_lane,junction_location,skidding_and_overturning,hit_object_in_carriageway,vehicle_leaving_carriageway,hit_object_off_carriageway,first_point_of_impact,vehicle_left_hand_drive,journey_purpose_of_driver_historic,journey_purpose_of_driver,sex_of_driver,age_of_driver,age_band_of_driver,engine_capacity_cc,propulsion_code,age_of_vehicle,generic_make_model,driver_imd_decile,lsoa_of_driver,escooter_flag,driver_distance_banding
2023520300892,2023,520300892,1,19,0,18,19,7,3,0,0,8,0,0,0,0,1,1,6,6,1,44,7,2198,2,10,FORD TRANSIT CUSTOM,6,E01029163,0,-1
2023010464460,2023,010464460,1,19,0,7,7,3,6,0,0,8,0,0,0,0,4,1,1,1,1,43,7,1995,2,6,FORD TRANSIT CUSTOM,4,E01001165,0,-1
2023201279121,2023,201279121,1,19,0,18,19,2,6,0,0,6,0,0,0,0,1,1,6,6,1,-1,-1,1995,2,5,FORD TRANSIT CUSTOM,-1,-1,0,-1
2023361358879,2023,361358879,1,19,0,4,4,8,5,0,0,0,0,0,0,0,3,1,1,1,1,26,6,2198,2,7,FORD TRANSIT CUSTOM,-1,-1,0,-1
2023041308586,2023,041308586,3,19,0,3,3,5,1,0,0,7,0,0,0,0,2,1,2,2,1,59,9,2198,2,8,FORD TRANSIT CUSTOM,2,E01025157,0,-1
2023070292245,2023,070292245,1,19,0,11,11,5,1,0,0,0,1,0,0,0,1,1,1,1,1,37,7,1995,2,5,FORD TRANSIT CUSTOM,8,E01006401,0,-1
202360A047605,2023,60A047605,3,19,0,18,19,7,3,0,0,1,0,0,0,0,1,1,6,6,1,31,6,1995,2,5,FORD TRANSIT CUSTOM,-1,-1,0,-1
2023311382251,2023,311382251,2,19,0,18,19,8,4,0,0,0,1,0,0,0,1,1,1,1,1,53,8,1995,2,3,FORD TRANSIT CUSTOM,9,E01027919,0,-1
2023010425057,2023,010425057,1,19,0,2,2,0,0,0,0,0,0,0,0,0,0,1,6,6,3,-1,-1,1995,2,4,FORD TRANSIT CUSTOM,-1,-1,0,-1
2023061345280,2023,061345280,1,19,0,18,19,3,6,0,0,8,2,0,0,0,4,1,1,1,1,30,6,1995,2,4,FORD TRANSIT CUSTOM,2,E01005950,0,-1
2023071141356,2023,071141356,1,19,0,18,19,2,6,0,0,0,0,0,0,0,1,1,6,6,1,-1,-1,2198,2,7,FORD TRANSIT CUSTOM,-1,-1,0,-1
2023131295889,2023,131295889,2,19,0,4,4,7,3,0,0,2,0,0,0,0,2,1,2,2,1,47,8,1995,2,1,FORD TRANSIT CUSTOM,2,E01009304,0,-1
2023052300151,2023,052300151,2,19,0,18,19,4,1,0,0,8,0,0,0,0,1,1,1,1,1,59,9,1995,2,6,FORD TRANSIT CUSTOM,5,E01006427,0,-1
2023010466786,2023,010466786,2,19,0,99,99,9,9,99,99,9,9,99,9,99,1,9,6,6,1,26,6,1995,2,3,FORD TRANSIT CUSTOM,6,E01001393,0,-1
2023010470241,2023,010470241,2,19,0,99,99,9,9,99,99,9,9,99,9,99,1,9,6,6,3,44,7,1995,2,5,FORD TRANSIT CUSTOM,4,E01003529,0,-1
2023010435249,2023,010435249,2,19,0,99,99,9,9,99,99,9,9,99,9,99,1,9,6,6,3,-1,-1,1995,2,2,FORD TRANSIT CUSTOM,-1,-1,0,-1
2023231369683,2023,231369683,3,19,0,18,19,2,6,0,0,0,0,0,0,0,3,1,6,6,1,28,6,1995,2,0,FORD TRANSIT CUSTOM,3,E01031059,0,-1
2023401286209,2023,401286209,2,19,0,4,4,3,1,0,0,0,1,0,0,0,4,1,1,1,1,26,6,1995,2,4,FORD TRANSIT CUSTOM,-1,-1,0,-1
2023131342272,2023,131342272,1,19,0,17,19,5,1,0,0,0,0,0,6,11,3,1,6,6,1,25,5,1995,2,1,FORD TRANSIT CUSTOM,3,E01011234,0,-1
2023461380724,2023,461380724,3,19,0,10,10,4,8,0,0,0,0,0,0,0,2,1,1,1,1,39,7,1995,2,3,FORD TRANSIT CUSTOM,4,E01016135,0,-1
2023311285583,2023,311285583,1,19,0,13,13,2,6,0,0,0,0,0,0,0,1,1,6,6,1,47,8,2198,2,9,FORD TRANSIT CUSTOM,7,E01028023,0,-1
2023131375061,2023,131375061,3,19,0,18,19,7,3,0,0,0,0,0,0,0,2,1,6,6,1,54,8,1995,2,5,FORD TRANSIT CUSTOM,6,E01013006,0,-1
2023101293974,2023,101293974,1,19,0,18,19,7,3,0,0,0,0,0,0,0,1,1,6,6,1,38,7,2198,2,7,FORD TRANSIT CUSTOM,2,E01020618,0,-1
2023622300920,2023,622300920,1,20,0,18,19,1,5,0,0,0,0,0,0,0,1,1,1,1,1,30,6,-1,-1,-1,FORD TRANSIT CUSTOM,5,W01000662,0,-1
2023010452673,2023,010452673,2,19,0,14,14,2,6,0,0,6,0,0,7,11,1,1,6,6,3,-1,-1,1995,2,4,FORD TRANSIT CUSTOM,-1,-1,0,-1
2023061326202,2023,061326202,4,19,0,18,19,6,2,0,0,0,0,0,0,0,2,1,1,1,1,44,7,1995,2,4,FORD TRANSIT CUSTOM,1,E01005253,0,-1
2023010447460,2023,010447460,1,19,0,4,4,1,5,9,9,1,0,0,0,0,3,1,1,1,1,37,7,1995,2,3,FORD TRANSIT CUSTOM,8,E01030602,0,-1
2023351333613,2023,351333613,2,19,0,4,4,3,7,0,0,0,0,0,0,0,2,1,1,1,1,58,9,1995,2,2,FORD TRANSIT CUSTOM,8,E01022177,0,-1
2023501299199,2023,501299199,1,19,0,18,19,5,1,0,0,1,0,0,0,0,2,1,2,2,1,37,7,1995,2,3,FORD TRANSIT CUSTOM,4,E01018929,0,-1
2023542378923,2023,542378923,1,19,0,18,19,6,2,0,0,2,0,0,0,0,1,1,6,6,2,56,9,1995,2,5,FORD TRANSIT CUSTOM,-1,-1,0,-1
2023540719923,2023,540719923,1,19,0,18,19,4,8,0,0,0,1,0,0,0,1,1,1,1,1,37,7,1995,2,5,FORD TRANSIT CUSTOM,7,E01022735,0,-1
2023552300462,2023,552300462,1,19,0,18,19,2,6,0,0,0,0,0,0,0,1,1,6,6,2,43,7,1995,2,4,FORD TRANSIT CUSTOM,8,E01020369,0,-1
2023302301855,2023,302301855,2,19,0,18,19,2,6,0,0,0,0,0,0,0,1,1,6,6,1,41,7,1995,2,5,FORD TRANSIT CUSTOM,1,E01013821,0,-1
2023052302735,2023,052302735,1,19,0,18,19,1,5,0,0,0,0,0,0,0,1,1,1,1,3,-1,-1,2198,2,8,FORD TRANSIT CUSTOM,-1,-1,0,-1
2023320697026,2023,320697026,1,19,0,1,1,8,4,6,6,0,0,0,0,0,2,1,1,1,1,69,10,1995,2,5,FORD TRANSIT CUSTOM,7,E01026236,0,-1
2023010429342,2023,010429342,1,19,0,9,9,7,5,0,0,8,0,0,0,0,4,1,6,6,1,53,8,1995,2,5,FORD TRANSIT CUSTOM,4,E01003715,0,-1
2023010476007,2023,010476007,3,19,0,18,19,1,5,0,0,1,0,4,0,0,1,1,1,1,1,24,5,1995,2,4,FORD TRANSIT CUSTOM,2,E01001482,0,-1
2023340WN6822,2023,340WN6822,1,19,0,18,19,2,6,0,0,6,0,0,0,0,1,1,1,1,1,34,6,1995,2,0,FORD TRANSIT CUSTOM,3,E01031047,0,-1
2023031269030,2023,031269030,3,19,0,18,19,7,6,0,0,1,0,0,0,0,0,1,1,1,1,42,7,1995,2,2,FORD TRANSIT CUSTOM,4,E01019332,0,-1
2023471276208,2023,471276208,2,19,0,3,3,6,2,0,0,1,0,0,0,0,2,1,1,1,1,27,6,1995,2,5,FORD TRANSIT CUSTOM,2,E01016040,0,-1
2023421319791,2023,421319791,1,19,0,4,4,8,4,0,0,1,0,0,0,0,4,1,5,6,1,25,5,1995,2,3,FORD TRANSIT CUSTOM,3,E01015869,0,-1
2023010478434,2023,010478434,2,19,0,18,19,5,1,0,0,1,0,0,0,0,1,2,6,6,1,37,7,1995,2,2,FORD TRANSIT CUSTOM,2,E01001136,0,-1
2023010429407,2023,010429407,1,19,0,4,4,7,3,0,0,1,0,0,0,0,1,1,1,1,2,24,5,996,8,2,FORD TRANSIT CUSTOM,4,E01004526,0,-1
2023421376974,2023,421376974,1,19,0,-1,-1,-1,-1,-1,-1,0,-1,-1,-1,0,-1,1,6,6,3,-1,-1,1995,2,3,FORD TRANSIT CUSTOM,-1,-1,0,-1
2023010452463,2023,010452463,2,19,0,18,19,7,3,0,0,0,1,0,2,11,2,1,1,1,1,42,7,1995,2,5,FORD TRANSIT CUSTOM,4,E01002307,0,-1
2023170S10263,2023,170S10263,2,19,0,2,2,0,0,0,0,1,0,0,0,0,2,1,6,6,1,-1,-1,2198,2,7,FORD TRANSIT CUSTOM,-1,-1,0,-1
2023010465372,2023,010465372,2,19,0,5,5,5,1,0,0,1,1,7,0,0,1,1,2,2,1,31,6,1995,2,5,FORD TRANSIT CUSTOM,-1,-1,0,-1
2023221368128,2023,221368128,2,19,0,9,9,6,4,0,0,8,0,0,0,0,3,1,5,6,1,54,8,1995,2,2,FORD TRANSIT CUSTOM,8,E01028877,0,-1
2023201373969,2023,201373969,1,19,0,5,5,2,6,0,0,4,0,0,0,0,1,1,1,1,1,39,7,2198,2,8,FORD TRANSIT CUSTOM,6,E01032386,0,-1
2023631313529,2023,631313529,1,19,0,18,19,5,1,0,0,0,0,0,0,0,1,1,6,6,1,60,9,2198,2,8,FORD TRANSIT CUSTOM,6,W01000455,0,-1
2023141276418,2023,141276418,1,19,0,18,19,3,7,0,0,0,0,0,0,0,1,1,2,2,1,65,9,2198,2,7,FORD TRANSIT CUSTOM,2,E01007763,0,-1
2023010429133,2023,010429133,1,19,0,9,9,5,3,0,0,5,0,0,0,0,1,1,1,1,1,70,10,1995,2,5,FORD TRANSIT CUSTOM,4,E01004396,0,-1
2023332300841,2023,332300841,2,19,0,18,19,1,5,0,0,0,1,0,0,0,1,1,1,1,1,47,8,1995,2,1,FORD TRANSIT CUSTOM,5,E01029542,0,-1
2023010466964,2023,010466964,2,19,0,3,3,7,3,0,0,1,0,4,0,0,3,2,1,1,1,42,7,1995,2,4,FORD TRANSIT CUSTOM,4,E01002684,0,-1
2023201364493,2023,201364493,2,19,0,2,2,0,0,0,0,0,0,0,0,0,2,1,6,6,1,56,9,1995,2,3,FORD TRANSIT CUSTOM,6,E01010043,0,-1
2023122300457,2023,122300457,1,19,0,9,9,7,3,0,0,1,0,0,7,0,3,1,1,1,1,39,7,1995,2,3,FORD TRANSIT CUSTOM,6,E01003429,0,-1
2023541622323,2023,541622323,1,19,0,18,19,5,1,0,0,1,0,0,1,0,1,1,1,1,1,41,7,1995,2,4,FORD TRANSIT CUSTOM,6,E01032078,0,-1
2023622300953,2023,622300953,1,19,0,7,7,3,5,0,0,8,0,0,0,0,1,1,6,6,1,34,6,2198,2,7,FORD TRANSIT CUSTOM,5,W01000820,0,-1
2023440226340,2023,440226340,2,19,0,2,2,0,0,0,0,1,0,0,0,0,1,1,1,1,1,66,10,1995,2,6,FORD TRANSIT CUSTOM,8,E01023001,0,-1
2023451308946,2023,451308946,2,19,0,18,19,3,7,0,0,0,0,0,0,0,1,2,1,1,1,36,7,1995,2,4,FORD TRANSIT CUSTOM,2,E01033085,0,-1
2023461276368,2023,461276368,2,19,0,18,19,3,7,0,0,1,0,0,0,0,0,1,5,6,3,-1,-1,1995,2,6,FORD TRANSIT CUSTOM,7,E01024388,0,-1
2023421295742,2023,421295742,1,19,0,4,4,3,7,0,0,0,0,0,0,0,1,1,1,1,1,24,5,996,8,2,FORD TRANSIT CUSTOM,4,E01015835,0,-1
2023231349097,2023,231349097,1,19,0,16,19,2,5,0,0,8,0,0,0,0,1,1,5,6,1,29,6,2198,2,9,FORD TRANSIT CUSTOM,6,E01010200,0,-1
2023010460928,2023,010460928,1,19,0,18,19,7,3,0,0,1,0,0,0,0,1,1,1,1,1,50,8,1995,2,6,FORD TRANSIT CUSTOM,2,E01000223,0,-1
2023552300613,2023,552300613,2,19,0,2,2,0,0,0,0,0,0,0,0,0,2,1,6,6,3,-1,-1,2198,2,10,FORD TRANSIT CUSTOM,-1,-1,0,-1
2023010456109,2023,010456109,2,19,0,18,19,2,6,0,0,0,0,0,0,0,1,1,1,1,1,38,7,1995,2,2,FORD TRANSIT CUSTOM,5,E01000631,0,-1
2023520301531,2023,520301531,2,19,0,18,19,6,2,0,0,8,0,0,0,0,1,1,6,6,1,54,8,1995,2,6,FORD TRANSIT CUSTOM,6,E01020263,0,-1
2023552301136,2023,552301136,1,19,0,18,19,5,1,0,0,1,0,0,0,0,1,1,1,1,1,25,5,2198,2,7,FORD TRANSIT CUSTOM,4,E01022988,0,-1
2023461375175,2023,461375175,1,19,0,9,9,3,1,0,0,8,0,0,0,0,1,1,1,1,1,41,7,2198,2,9,FORD TRANSIT CUSTOM,7,E01032656,0,-1
2023161282884,2023,161282884,1,20,0,4,4,7,3,0,0,1,0,0,0,0,1,1,6,6,1,36,7,-1,-1,-1,FORD TRANSIT CUSTOM,5,E01012773,0,-1
2023010479348,2023,010479348,2,19,0,18,19,3,7,0,0,1,0,0,3,0,1,1,6,6,1,22,5,1995,2,4,FORD TRANSIT CUSTOM,3,E01001366,0,-1
2023201374220,2023,201374220,1,19,0,13,13,6,2,0,0,8,0,0,0,0,4,1,5,6,1,26,6,1995,2,5,FORD TRANSIT CUSTOM,2,E01009650,0,-1
2023061327180,2023,061327180,4,19,0,18,19,0,0,9,9,8,0,0,0,0,2,1,6,6,3,-1,-1,1995,2,3,FORD TRANSIT CUSTOM,-1,-1,0,-1
2023111370369,2023,111370369,1,19,0,9,9,5,1,0,0,1,0,0,0,0,1,1,1,1,1,57,9,1995,2,6,FORD TRANSIT CUSTOM,10,E01008238,0,-1
2023340WN3452,2023,340WN3452,3,19,0,2,2,0,0,0,0,1,0,0,0,0,1,1,6,6,3,-1,-1,2198,2,9,FORD TRANSIT CUSTOM,-1,-1,0,-1
2023201393326,2023,201393326,1,19,0,18,19,7,3,0,0,0,0,4,0,0,1,1,6,6,1,33,6,1995,2,1,FORD TRANSIT CUSTOM,1,E01008913,0,-1
2023351276120,2023,351276120,2,19,0,3,3,5,1,0,0,0,5,0,1,9,2,1,1,1,1,62,9,1995,2,6,FORD TRANSIT CUSTOM,4,E01018077,0,-1
2023440118542,2023,440118542,2,19,0,18,19,5,1,0,0,0,0,0,0,0,1,1,6,6,3,-1,-1,2198,2,7,FORD TRANSIT CUSTOM,-1,-1,0,-1
2023991391201,2023,991391201,1,19,0,5,5,4,7,0,0,1,0,0,0,0,1,1,1,1,1,60,9,1995,2,3,FORD TRANSIT CUSTOM,4,-1,0,-1
2023552300669,2023,552300669,2,19,0,9,9,3,2,0,0,6,0,0,0,0,3,1,2,2,1,34,6,1995,2,0,FORD TRANSIT CUSTOM,5,E01020432,0,-1
2023421300311,2023,421300311,1,19,0,18,19,5,1,0,0,1,0,0,0,0,1,1,6,6,1,-1,-1,2198,2,8,FORD TRANSIT CUSTOM,-1,-1,0,-1
2023361330043,2023,361330043,1,19,0,18,19,4,8,0,0,0,0,0,0,0,1,1,2,2,1,27,6,1995,2,1,FORD TRANSIT CUSTOM,6,E01026615,0,-1
2023010463234,2023,010463234,1,19,0,5,5,1,5,0,0,4,0,4,0,0,1,1,1,1,1,53,8,1995,2,2,FORD TRANSIT CUSTOM,4,E01016143,0,-1
2023631356667,2023,631356667,2,19,0,2,2,0,0,0,0,1,0,0,0,0,2,1,6,6,3,-1,-1,2198,2,7,FORD TRANSIT CUSTOM,-1,-1,0,-1
2023061383176,2023,061383176,1,19,0,18,19,4,8,0,0,0,0,0,0,0,4,1,1,1,1,56,9,1995,2,4,FORD TRANSIT CUSTOM,1,E01005781,0,-1
2023070535625,2023,070535625,1,19,0,4,4,8,4,0,0,0,0,0,0,0,1,1,1,1,1,58,9,1995,2,2,FORD TRANSIT CUSTOM,9,E01007166,0,-1
2023201286882,2023,201286882,1,19,0,4,4,2,6,0,0,1,0,0,0,0,2,1,1,1,1,27,6,1995,2,1,FORD TRANSIT CUSTOM,10,E01010207,0,-1
2023501379501,2023,501379501,1,19,0,9,9,5,3,0,0,2,0,0,0,0,1,1,6,6,1,40,7,1995,2,7,FORD TRANSIT CUSTOM,4,E01018871,0,-1
2023548213223,2023,548213223,2,19,0,18,19,7,3,0,0,1,1,0,0,0,1,1,6,6,1,30,6,1995,2,1,FORD TRANSIT CUSTOM,5,E01017151,0,-1
2023622300036,2023,622300036,2,19,0,18,19,2,6,0,0,0,0,0,0,0,3,1,1,1,2,-1,-1,1995,2,3,FORD TRANSIT CUSTOM,7,W01001003,0,-1
2023520400491,2023,520400491,1,19,0,3,3,4,8,0,0,0,0,0,0,0,2,1,6,6,1,32,6,1995,2,3,FORD TRANSIT CUSTOM,6,E01032386,0,-1
2023010466117,2023,010466117,1,19,0,99,99,9,9,99,99,9,9,99,9,99,2,9,1,1,1,34,6,1995,2,3,FORD TRANSIT CUSTOM,7,E01003369,0,-1
2023122300542,2023,122300542,4,19,0,15,15,2,6,0,0,0,0,0,0,0,1,1,1,1,1,36,7,1995,2,1,FORD TRANSIT CUSTOM,7,E01012202,0,-1
2023471277362,2023,471277362,1,19,0,18,19,6,2,0,0,1,0,0,0,0,1,1,1,1,1,39,7,1995,2,4,FORD TRANSIT CUSTOM,7,E01031379,0,-1
2023010454516,2023,010454516,1,19,0,99,99,9,9,99,99,0,9,99,9,99,2,9,2,2,1,38,7,1995,2,1,FORD TRANSIT CUSTOM,4,E01002788,0,-1
2023101274542,2023,101274542,1,19,0,18,19,1,5,0,0,0,0,4,0,0,1,1,2,2,1,55,8,1995,2,1,FORD TRANSIT CUSTOM,3,E01008715,0,-1
2023991307717,2023,991307717,2,19,0,10,10,2,8,0,0,1,5,0,3,0,3,1,6,6,1,30,6,1995,2,4,FORD TRANSIT CUSTOM,1,-1,0,-1
2023131378620,2023,131378620,2,19,0,9,9,1,3,0,0,5,0,0,0,0,4,1,2,2,1,35,6,1995,2,3,FORD TRANSIT CUSTOM,2,E01010958,0,-1
2023461323109,2023,461323109,1,19,0,18,19,3,8,0,0,6,0,0,0,0,3,1,1,1,1,44,7,1995,2,4,FORD TRANSIT CUSTOM,9,E01024415,0,-1
2023221282174,2023,221282174,1,19,0,18,19,2,6,0,0,0,0,0,0,0,3,1,1,1,1,31,6,1995,2,5,FORD TRANSIT CUSTOM,1,E01010415,0,-1
2023201409429,2023,201409429,1,19,0,13,13,5,1,0,0,1,0,4,0,0,1,1,6,6,1,33,6,1995,2,1,FORD TRANSIT CUSTOM,1,E01010031,0,-1
2023010430710,2023,010430710,1,19,0,18,19,7,3,0,0,8,0,0,0,0,1,1,1,1,1,61,9,996,8,2,FORD TRANSIT CUSTOM,7,E01002367,0,-1
2023170H10473,2023,170H10473,2,19,0,18,19,6,2,0,0,0,0,0,0,0,1,1,1,1,1,47,8,1995,2,7,FORD TRANSIT CUSTOM,1,E01011953,0,-1
2023302301788,2023,302301788,1,19,0,12,12,2,6,0,0,0,0,0,1,7,4,1,2,2,1,39,7,1995,2,4,FORD TRANSIT CUSTOM,9,E01019772,0,-1
2023010479252,2023,010479252,1,19,0,6,6,8,8,0,0,1,0,0,0,0,3,1,1,1,1,46,8,1995,2,2,FORD TRANSIT CUSTOM,3,E01031441,0,-1
2023010433762,2023,010433762,1,19,0,9,9,1,6,0,0,1,0,0,0,0,1,1,1,1,1,38,7,1995,2,5,FORD TRANSIT CUSTOM,4,E01002743,0,-1
2023461280775,2023,461280775,1,19,0,16,19,4,8,0,0,0,0,4,0,0,1,1,6,6,1,32,6,1995,2,1,FORD TRANSIT CUSTOM,1,E01024621,0,-1
2023010459478,2023,010459478,2,19,0,99,99,9,9,99,99,9,9,99,9,99,2,9,6,6,3,-1,-1,1995,2,1,FORD TRANSIT CUSTOM,-1,-1,0,-1
2023221325634,2023,221325634,1,19,0,5,5,8,6,0,0,6,0,0,0,0,3,1,1,1,1,53,8,2198,2,8,FORD TRANSIT CUSTOM,2,E01032307,0,-1
2023552400022,2023,552400022,1,19,0,18,19,2,6,0,0,8,0,0,0,0,1,1,6,6,2,56,9,2198,2,10,FORD TRANSIT CUSTOM,5,E01020127,0,-1
2023411283592,2023,411283592,1,19,0,7,7,1,5,0,0,6,0,0,0,0,1,1,1,1,2,40,7,2198,2,7,FORD TRANSIT CUSTOM,6,E01023943,0,-1
2023061383612,2023,061383612,1,19,0,10,10,6,2,0,0,1,0,0,0,0,2,1,1,1,2,30,6,1995,2,4,FORD TRANSIT CUSTOM,2,E01005950,0,-1
2023302300867,2023,302300867,2,19,0,10,10,3,1,0,0,1,0,0,0,0,2,1,1,1,1,-1,-1,1995,2,4,FORD TRANSIT CUSTOM,5,E01019456,0,-1
2023010445513,2023,010445513,2,19,0,2,2,0,0,0,0,0,0,0,0,0,4,1,6,6,3,-1,-1,1995,2,6,FORD TRANSIT CUSTOM,-1,-1,0,-1
2023010479365,2023,010479365,3,19,0,18,19,5,1,0,0,0,0,0,0,0,1,1,6,6,1,30,6,1995,2,0,FORD TRANSIT CUSTOM,1,E01001426,0,-1
2023471375864,2023,471375864,2,19,0,2,2,3,7,0,0,0,0,0,0,0,2,1,1,1,1,39,7,2198,2,9,FORD TRANSIT CUSTOM,7,E01016997,0,-1
2023531302659,2023,531302659,2,19,0,18,19,7,3,0,0,8,0,0,0,0,1,1,5,6,1,73,10,1995,2,4,FORD TRANSIT CUSTOM,9,E01032341,0,-1
2023010445219,2023,010445219,2,19,0,17,19,3,7,0,0,0,0,0,0,0,1,1,1,1,1,33,6,1995,2,1,FORD TRANSIT CUSTOM,4,E01024284,0,-1
2023552300286,2023,552300286,2,19,0,3,3,7,3,0,0,8,0,0,0,0,2,1,6,6,1,42,7,1995,2,6,FORD TRANSIT CUSTOM,8,E01020473,0,-1
2023311386407,2023,311386407,1,19,0,4,4,8,4,0,0,8,0,0,0,0,1,1,1,1,1,29,6,1995,2,0,FORD TRANSIT CUSTOM,7,E01028207,0,-1
2023991314378,2023,991314378,12,19,0,18,19,8,4,0,0,0,0,1,0,0,2,1,1,1,1,39,7,1995,2,1,FORD TRANSIT CUSTOM,7,-1,0,-1
2023302301513,2023,302301513,1,19,0,4,4,7,3,0,0,2,0,0,0,0,2,1,1,1,1,56,9,1995,2,3,FORD TRANSIT CUSTOM,2,E01028053,0,-1
2023461363603,2023,461363603,1,19,0,18,19,5,1,0,0,0,0,0,0,0,1,1,5,6,1,36,7,1995,2,2,FORD TRANSIT CUSTOM,4,E01024178,0,-1
2023440235238,2023,440235238,3,19,0,4,4,4,8,0,0,0,0,0,0,0,1,1,2,2,1,43,7,2198,2,10,FORD TRANSIT CUSTOM,8,E01023080,0,-1
2023552300260,2023,552300260,1,19,0,18,19,7,3,0,0,6,0,0,0,0,1,1,6,6,1,36,7,1995,2,2,FORD TRANSIT CUSTOM,-1,-1,0,-1
2023010419480,2023,010419480,1,19,0,18,19,1,5,0,0,4,0,0,0,0,3,1,1,1,1,33,6,1995,2,4,FORD TRANSIT CUSTOM,5,E01001217,0,-1
2023101374451,2023,101374451,1,19,-1,13,13,3,6,0,0,0,0,0,0,0,4,1,2,2,1,-1,-1,1995,2,2,FORD TRANSIT CUSTOM,1,E01027412,0,-1
2023041315052,2023,041315052,4,19,0,4,4,1,5,0,0,0,0,0,0,0,2,1,6,6,1,33,6,1995,2,1,FORD TRANSIT CUSTOM,7,E01005920,0,-1
2023371337946,2023,371337946,3,19,0,3,3,4,7,0,0,1,0,0,0,0,2,1,6,6,1,60,9,2198,2,8,FORD TRANSIT CUSTOM,5,E01018035,0,-1
2023531345604,2023,531345604,2,19,0,18,19,6,2,0,0,0,0,0,1,4,3,1,2,2,1,25,5,1995,2,2,FORD TRANSIT CUSTOM,10,E01022106,0,-1
2023351355919,2023,351355919,2,19,0,3,3,5,1,0,0,0,0,0,0,0,2,1,1,1,1,37,7,1995,2,1,FORD TRANSIT CUSTOM,10,E01021622,0,-1
2023010434306,2023,010434306,2,19,9,99,99,9,9,99,99,9,9,99,9,99,9,9,6,6,3,-1,-1,1995,2,6,FORD TRANSIT CUSTOM,-1,-1,0,-1
2023421378251,2023,421378251,3,19,0,18,19,6,2,0,0,1,0,0,0,0,3,1,1,1,1,33,6,1995,2,5,FORD TRANSIT CUSTOM,5,E01021399,0,-1
2023546215523,2023,546215523,1,19,0,18,19,6,2,0,0,0,0,0,0,0,1,1,1,1,1,37,7,1995,2,6,FORD TRANSIT CUSTOM,7,E01032084,0,-1
2023010446102,2023,010446102,3,19,0,18,19,3,7,0,0,0,0,0,0,0,4,1,1,1,1,28,6,1995,2,6,FORD TRANSIT CUSTOM,1,E01003517,0,-1
2023161288649,2023,161288649,2,19,0,4,4,3,7,0,0,0,0,0,0,0,2,1,6,6,1,57,9,1995,2,6,FORD TRANSIT CUSTOM,10,E01013054,0,-1
2023440285797,2023,440285797,1,19,0,18,19,8,4,0,0,1,0,0,0,0,1,1,6,6,1,-1,-1,1995,2,3,FORD TRANSIT CUSTOM,-1,-1,0,-1
2023501353772,2023,501353772,1,19,0,9,9,8,5,0,0,8,0,0,0,0,1,1,6,6,1,46,8,1995,2,5,FORD TRANSIT CUSTOM,5,E01018842,0,-1
2023010478406,2023,010478406,1,19,0,99,99,9,9,0,0,0,0,0,0,0,9,1,6,6,1,-1,-1,1995,2,1,FORD TRANSIT CUSTOM,-1,-1,0,-1
2023401339097,2023,401339097,1,19,0,18,19,5,1,0,0,7,0,0,0,0,1,1,1,1,1,65,9,2198,2,7,FORD TRANSIT CUSTOM,3,E01015715,0,-1
2023522301509,2023,522301509,2,19,0,3,3,6,2,0,0,0,0,0,0,0,2,1,6,6,1,26,6,1995,2,3,FORD TRANSIT CUSTOM,6,E01015002,0,-1
2023991310569,2023,991310569,1,19,0,13,13,3,7,0,0,0,0,0,0,0,4,1,5,6,1,25,5,1995,2,2,FORD TRANSIT CUSTOM,4,-1,0,-1
2023451366803,2023,451366803,4,19,0,18,19,2,6,0,0,0,1,0,0,0,1,1,1,1,1,19,4,1995,2,2,FORD TRANSIT CUSTOM,5,E01030787,0,-1
2023010425970,2023,010425970,2,19,0,9,9,3,1,0,0,8,0,0,0,0,1,1,1,1,1,31,6,1995,2,4,FORD TRANSIT CUSTOM,10,E01000115,0,-1
2023461344105,2023,461344105,3,19,0,3,3,7,3,0,0,1,0,0,0,0,2,1,6,6,1,42,7,2198,2,8,FORD TRANSIT CUSTOM,6,E01021118,0,-1
2023010447053,2023,010447053,1,19,0,9,9,1,7,0,0,3,0,0,0,0,1,1,1,1,1,52,8,1995,2,6,FORD TRANSIT CUSTOM,4,E01016143,0,-1
2023311317642,2023,311317642,1,19,0,5,5,3,5,0,0,0,0,0,0,0,3,1,6,6,1,45,7,1995,2,2,FORD TRANSIT CUSTOM,5,E01013913,0,-1
2023471383546,2023,471383546,1,19,0,9,9,1,7,0,0,5,0,0,0,0,1,1,5,6,1,74,10,2198,2,10,FORD TRANSIT CUSTOM,7,E01030458,0,-1
2023440034226,2023,440034226,1,19,0,18,19,1,5,0,0,0,0,0,0,0,1,1,1,1,1,25,5,1995,2,2,FORD TRANSIT CUSTOM,6,E01031996,0,-1
2023211274970,2023,211274970,1,19,0,11,11,2,6,0,0,0,0,0,0,0,1,1,5,6,1,30,6,1995,2,1,FORD TRANSIT CUSTOM,8,E01029493,0,-1