collision_index,collision_year,collision_ref_no,vehicle_reference,vehicle_type,towing_and_articulation,vehicle_manoeuvre_historic,vehicle_manoeuvre,vehicle_direction_from,vehicle_direction_to,vehicle_location_restricted_lane_historic,vehicle_location_restricted_lane,junction_location,skidding_and_overturning,hit_object_in_carriageway,vehicle_leaving_carriageway,hit_object_off_carriageway,first_point_of_impact,vehicle_left_hand_drive,journey_purpose_of_driver_historic,journey_purpose_of_driver,sex_of_driver,age_of_driver,age_band_of_driver,engine_capacity_cc,propulsion_code,age_of_vehicle,generic_make_model,driver_imd_decile,lsoa_of_driver,escooter_flag,driver_distance_banding
2023101261252,2023,101261252,1,19,0,17,19,1,6,0,0,0,0,0,0,0,4,1,6,6,3,-1,-1,1995,2,3,FORD TRANSIT CUSTOM,-1,-1,0,-1
2023010478283,2023,010478283,2,19,0,3,3,4,8,0,0,8,0,0,0,0,2,1,1,1,1,24,5,1995,2,4,FORD TRANSIT CUSTOM,9,E01025777,0,-1
2023221386476,2023,221386476,2,19,0,18,19,7,4,0,0,0,0,0,1,0,1,1,1,1,2,48,8,1995,2,2,FORD TRANSIT CUSTOM,7,E01028941,0,-1
2023031280627,2023,031280627,1,19,0,9,9,2,8,0,0,1,0,0,0,0,3,1,1,1,2,30,6,1995,2,2,FORD TRANSIT CUSTOM,1,E01019156,0,-1
2023101328387,2023,101328387,2,19,0,9,9,5,1,0,0,0,0,0,0,0,1,1,5,6,2,52,8,1995,2,6,FORD TRANSIT CUSTOM,5,E01008707,0,-1
2023141331158,2023,141331158,1,19,0,2,2,2,2,0,0,0,0,0,0,0,2,1,1,1,1,39,7,1995,2,4,FORD TRANSIT CUSTOM,7,E01007615,0,-1
2023440441264,2023,440441264,1,19,0,18,19,2,6,0,0,7,0,0,0,0,1,1,1,1,1,42,7,1995,2,4,FORD TRANSIT CUSTOM,9,E01022586,0,-1
2023461332455,2023,461332455,1,19,0,18,19,5,1,0,0,1,0,0,0,0,4,1,6,6,1,49,8,2198,2,8,FORD TRANSIT CUSTOM,4,E01024645,0,-1
2023411339018,2023,411339018,1,19,0,4,4,7,3,0,0,0,0,0,0,0,1,1,6,6,1,38,7,1995,2,6,FORD TRANSIT CUSTOM,7,E01017416,0,-1
2023010454302,2023,010454302,2,19,9,99,99,9,9,99,99,9,9,99,9,99,9,9,6,6,3,-1,-1,1995,2,6,FORD TRANSIT CUSTOM,-1,-1,0,-1
2023010421544,2023,010421544,2,19,0,9,9,1,7,0,0,1,0,0,0,0,3,1,6,6,3,-1,-1,1995,2,5,FORD TRANSIT CUSTOM,8,E01001100,0,-1
2023461379921,2023,461379921,1,19,0,4,4,1,5,0,0,4,0,0,0,0,-1,1,5,6,3,-1,-1,1995,2,1,FORD TRANSIT CUSTOM,-1,-1,0,-1
2023010432325,2023,010432325,1,19,0,10,10,1,6,0,0,0,0,0,0,0,4,1,1,1,1,45,7,1995,2,3,FORD TRANSIT CUSTOM,7,E01023871,0,-1
2023991303030,2023,991303030,1,19,0,18,19,7,3,0,0,8,0,0,0,0,4,1,1,1,2,35,6,1995,2,4,FORD TRANSIT CUSTOM,1,-1,0,-1
2023010483362,2023,010483362,1,19,9,99,99,9,9,99,99,9,9,99,9,99,9,9,6,6,3,-1,-1,1995,2,7,FORD TRANSIT CUSTOM,3,E01001394,0,-1
2023610021023,2023,610021023,1,19,0,18,19,4,8,0,0,0,0,0,0,0,2,1,1,1,1,44,7,1995,2,0,FORD TRANSIT CUSTOM,7,W01001409,0,-1
2023031311958,2023,031311958,1,19,0,18,19,3,7,0,0,1,0,0,0,0,1,1,1,1,1,31,6,1995,2,2,FORD TRANSIT CUSTOM,-1,-1,0,-1
2023421366634,2023,421366634,1,19,0,18,19,1,5,0,0,1,0,0,0,0,3,1,1,1,1,67,10,1995,2,5,FORD TRANSIT CUSTOM,2,E01021327,0,-1
2023622300592,2023,622300592,2,19,0,9,9,6,4,0,0,1,0,0,0,0,1,1,1,1,1,35,6,1995,2,4,FORD TRANSIT CUSTOM,9,W01000825,0,-1
2023010424167,2023,010424167,1,19,0,11,11,1,5,0,0,1,0,0,0,0,1,1,6,6,1,26,6,1995,2,1,FORD TRANSIT CUSTOM,1,E01003075,0,-1
2023320492887,2023,320492887,2,19,0,4,4,8,4,0,0,0,0,0,0,0,2,1,1,1,1,60,9,1995,2,2,FORD TRANSIT CUSTOM,8,E01026212,0,-1
2023481369636,2023,481369636,1,19,0,7,7,7,1,0,0,8,0,0,0,0,4,1,1,1,1,65,9,2198,2,9,FORD TRANSIT CUSTOM,-1,-1,0,-1
2023010479440,2023,010479440,1,19,0,8,8,5,6,0,0,5,0,0,0,0,0,1,2,2,1,33,6,1995,2,2,FORD TRANSIT CUSTOM,-1,-1,0,-1
2023351282272,2023,351282272,2,19,0,16,19,5,1,0,0,0,0,0,0,0,1,1,6,6,1,47,8,2198,2,8,FORD TRANSIT CUSTOM,6,E01018106,0,-1
2023302300350,2023,302300350,1,19,0,9,9,6,4,0,0,6,0,0,0,0,3,1,1,1,1,64,9,1995,2,4,FORD TRANSIT CUSTOM,10,-1,0,-1
2023991315525,2023,991315525,3,19,0,3,3,7,3,0,0,0,0,0,0,0,2,1,1,1,1,38,7,1995,2,0,FORD TRANSIT CUSTOM,1,-1,0,-1
2023010485345,2023,010485345,1,19,0,3,3,7,3,0,0,6,0,0,0,0,4,1,1,1,1,34,6,1995,2,1,FORD TRANSIT CUSTOM,10,E01030590,0,-1
2023440041296,2023,440041296,1,19,0,18,19,4,6,0,0,1,0,0,0,0,1,1,2,2,1,43,7,2198,2,8,FORD TRANSIT CUSTOM,1,E01017250,0,-1
2023430522526,2023,430522526,2,19,0,1,1,2,6,0,0,0,0,0,0,0,2,1,6,6,1,29,6,2198,2,7,FORD TRANSIT CUSTOM,-1,-1,0,-1
2023471372335,2023,471372335,1,19,0,2,2,0,0,9,9,2,0,0,0,0,1,1,6,6,3,-1,-1,2198,2,8,FORD TRANSIT CUSTOM,-1,-1,0,-1
2023471356645,2023,471356645,2,19,0,2,2,0,0,0,0,2,0,0,0,0,2,1,2,2,1,53,8,1995,2,5,FORD TRANSIT CUSTOM,8,E01021027,0,-1
2023552300919,2023,552300919,1,19,0,18,19,2,6,0,0,6,0,0,7,11,1,1,6,6,3,-1,-1,2198,2,7,FORD TRANSIT CUSTOM,-1,-1,0,-1
2023451384323,2023,451384323,3,19,0,4,4,3,7,0,0,0,1,0,4,6,1,1,1,1,1,42,7,2198,2,7,FORD TRANSIT CUSTOM,10,E01004120,0,-1
2023340NN4052,2023,340NN4052,2,19,0,2,2,0,0,0,0,0,0,0,0,0,1,1,6,6,3,-1,-1,1995,2,5,FORD TRANSIT CUSTOM,-1,-1,0,-1
2023122301121,2023,122301121,2,19,0,18,19,1,5,0,0,3,0,0,0,0,1,1,1,1,1,43,7,1995,2,5,FORD TRANSIT CUSTOM,8,E01027620,0,-1
2023010471277,2023,010471277,3,19,0,18,19,7,3,0,0,8,0,0,0,0,1,1,1,1,2,38,7,1995,2,1,FORD TRANSIT CUSTOM,7,E01017860,0,-1
2023421275445,2023,421275445,3,19,0,18,19,3,7,0,0,0,0,0,0,0,2,1,1,1,1,38,7,2198,2,8,FORD TRANSIT CUSTOM,8,E01021677,0,-1
2023461260545,2023,461260545,1,19,-1,-1,-1,-1,-1,-1,-1,0,-1,-1,-1,0,1,1,6,6,1,-1,-1,1995,2,3,FORD TRANSIT CUSTOM,9,E01016147,0,-1
2023361276869,2023,361276869,1,19,0,18,19,3,7,0,0,0,0,0,0,0,4,1,5,6,1,45,7,1995,2,2,FORD TRANSIT CUSTOM,2,E01018068,0,-1
2023520001379,2023,520001379,2,19,0,1,1,4,8,0,0,0,0,0,0,0,2,1,6,6,1,25,5,1995,2,7,FORD TRANSIT CUSTOM,9,E01014667,0,-1
2023010443897,2023,010443897,2,9,0,18,19,6,2,0,0,6,0,0,0,0,0,1,2,2,1,33,6,1995,2,4,-1,4,E01001898,0,-1
2023421361113,2023,421361113,5,19,0,4,4,5,1,0,0,0,0,0,0,0,2,1,1,1,1,41,7,1995,2,3,FORD TRANSIT CUSTOM,-1,-1,0,-1
2023501318610,2023,501318610,2,19,0,8,8,8,5,6,6,0,0,0,0,0,1,1,1,1,1,51,8,1995,2,3,FORD TRANSIT CUSTOM,4,E01020288,0,-1
2023010431615,2023,010431615,2,19,0,99,99,9,9,99,99,9,9,99,9,99,2,9,6,6,3,-1,-1,2198,2,8,FORD TRANSIT CUSTOM,-1,-1,0,-1
2023991274565,2023,991274565,1,19,0,16,19,6,2,0,0,8,1,10,7,6,1,2,1,1,1,29,6,1995,2,5,FORD TRANSIT CUSTOM,3,-1,0,-1
2023010451677,2023,010451677,1,19,0,1,1,5,1,0,0,0,0,0,0,0,0,1,6,6,2,38,7,1995,2,2,FORD TRANSIT CUSTOM,4,E01001247,0,-1
2023010450735,2023,010450735,1,19,0,3,3,8,4,0,0,0,0,0,0,0,2,1,1,1,1,55,8,1995,2,5,FORD TRANSIT CUSTOM,6,E01000624,0,-1
2023052301125,2023,052301125,2,19,0,18,19,6,2,0,0,8,0,0,0,0,1,1,6,6,1,86,11,2198,2,10,FORD TRANSIT CUSTOM,4,E01006998,0,-1
2023010420770,2023,010420770,2,19,0,99,99,9,9,99,99,9,9,99,9,99,2,9,6,6,3,-1,-1,1995,2,1,FORD TRANSIT CUSTOM,-1,-1,0,-1
2023430078571,2023,430078571,2,19,0,18,19,5,1,0,0,8,0,0,0,0,4,1,1,1,1,30,6,1995,2,2,FORD TRANSIT CUSTOM,7,E01033500,0,-1
2023131391483,2023,131391483,1,19,0,18,19,3,7,0,0,0,0,0,0,0,1,1,6,6,3,-1,-1,1995,2,1,FORD TRANSIT CUSTOM,-1,-1,0,-1
2023041339590,2023,041339590,1,19,0,5,5,1,5,0,0,1,0,0,0,0,2,1,1,1,1,64,9,1995,2,6,FORD TRANSIT CUSTOM,8,E01025411,0,-1
2023991376158,2023,991376158,2,19,0,11,11,1,6,0,0,0,0,0,0,0,1,1,5,6,1,38,7,2198,2,8,FORD TRANSIT CUSTOM,1,-1,0,-1
2023631334450,2023,631334450,3,19,0,18,19,8,4,0,0,0,0,0,0,0,1,1,1,1,1,37,7,1995,2,5,FORD TRANSIT CUSTOM,3,W01000714,0,-1
2023991307119,2023,991307119,1,19,0,13,13,6,2,0,0,0,0,0,0,0,3,1,1,1,1,46,8,1995,2,1,FORD TRANSIT CUSTOM,1,-1,0,-1
2023421286258,2023,421286258,2,19,0,2,2,0,0,0,0,0,0,0,0,0,1,1,1,1,1,38,7,1995,2,4,FORD TRANSIT CUSTOM,3,E01021328,0,-1
2023010470423,2023,010470423,1,19,0,18,19,1,5,0,0,1,0,0,0,0,1,1,2,2,1,43,7,1995,2,3,FORD TRANSIT CUSTOM,2,E01001191,0,-1
2023061382884,2023,061382884,1,19,0,18,19,2,5,0,0,0,0,0,7,0,1,1,5,6,1,62,9,1995,2,6,FORD TRANSIT CUSTOM,2,E01005652,0,-1
2023421315472,2023,421315472,1,19,0,9,9,1,5,0,0,1,0,0,0,0,1,1,1,1,1,23,5,1995,2,6,FORD TRANSIT CUSTOM,10,E01033053,0,-1
2023501267789,2023,501267789,2,19,0,3,3,3,7,0,0,0,0,0,0,0,2,1,1,1,1,42,7,1995,2,1,FORD TRANSIT CUSTOM,9,E01020086,0,-1
2023461294738,2023,461294738,2,19,0,4,4,6,2,0,0,0,0,0,0,0,2,1,1,1,1,82,11,2198,2,8,FORD TRANSIT CUSTOM,9,E01024244,0,-1
2023991381484,2023,991381484,1,19,0,9,9,3,8,0,0,2,0,0,0,0,1,1,1,1,1,41,7,1995,2,3,FORD TRANSIT CUSTOM,9,-1,0,-1
2023461315341,2023,461315341,1,19,0,18,19,1,5,9,9,0,0,0,0,0,1,1,6,6,1,43,7,2198,2,10,FORD TRANSIT CUSTOM,9,E01024750,0,-1
2023010434310,2023,010434310,1,19,9,99,99,9,9,99,99,9,9,99,9,99,9,9,6,6,3,57,9,1995,2,0,FORD TRANSIT CUSTOM,5,E01000927,0,-1
2023010464884,2023,010464884,2,19,9,99,99,9,9,99,99,9,9,99,9,10,9,9,6,6,3,-1,-1,1995,2,2,FORD TRANSIT CUSTOM,-1,-1,0,-1
2023010434210,2023,010434210,1,19,0,18,19,4,8,0,0,1,0,0,0,0,1,1,1,1,1,23,5,1995,2,2,FORD TRANSIT CUSTOM,7,E01004609,0,-1
2023501346124,2023,501346124,2,19,0,18,19,6,2,0,0,1,0,0,0,0,1,1,6,6,1,36,7,2198,2,8,FORD TRANSIT CUSTOM,6,E01018915,0,-1
2023320487251,2023,320487251,2,19,0,18,19,8,4,0,0,1,0,0,1,0,1,1,1,1,1,58,9,2198,2,8,FORD TRANSIT CUSTOM,6,E01026205,0,-1
2023010442294,2023,010442294,1,19,0,14,14,5,1,0,0,1,1,0,0,0,3,1,6,6,1,33,6,1995,2,2,FORD TRANSIT CUSTOM,1,E01003047,0,-1
2023041323815,2023,041323815,2,19,0,18,19,0,0,0,0,0,0,4,0,0,3,1,6,6,3,-1,-1,1995,2,2,FORD TRANSIT CUSTOM,-1,-1,0,-1
2023010456057,2023,010456057,1,19,0,18,19,7,3,0,0,0,0,0,0,0,3,1,6,6,1,80,11,1995,2,4,FORD TRANSIT CUSTOM,1,E01001425,0,-1
2023991329934,2023,991329934,2,19,0,15,15,8,4,0,0,0,0,0,7,0,1,1,1,1,1,28,6,1995,2,5,FORD TRANSIT CUSTOM,7,-1,0,-1
2023061359553,2023,061359553,1,19,0,18,19,7,3,0,0,8,0,0,0,0,1,1,1,1,2,23,5,1995,2,2,FORD TRANSIT CUSTOM,3,E01024959,0,-1
2023471347241,2023,471347241,1,19,0,-1,-1,-1,-1,-1,-1,1,-1,-1,-1,0,1,1,6,6,1,35,6,2198,2,7,FORD TRANSIT CUSTOM,4,E01020935,0,-1
2023061280076,2023,061280076,1,19,-1,-1,-1,-1,-1,-1,-1,-1,-1,-1,-1,0,-1,1,6,6,3,-1,-1,2198,2,9,FORD TRANSIT CUSTOM,-1,-1,0,-1
202360A074531,2023,60A074531,3,19,0,18,19,7,3,0,0,0,0,0,0,0,1,1,1,1,1,33,6,1995,2,1,FORD TRANSIT CUSTOM,-1,-1,0,-1
2023440193210,2023,440193210,1,19,0,18,19,8,4,0,0,8,0,0,0,0,4,1,6,6,1,41,7,2198,2,9,FORD TRANSIT CUSTOM,10,E01022793,0,-1
2023552300368,2023,552300368,1,19,0,4,4,6,2,0,0,0,0,0,0,0,2,1,6,6,1,33,6,1995,2,3,FORD TRANSIT CUSTOM,-1,-1,0,-1
2023161351999,2023,161351999,1,19,0,3,3,1,5,0,0,4,0,0,0,0,2,1,6,6,1,40,7,2198,2,7,FORD TRANSIT CUSTOM,7,E01007477,0,-1
2023041281528,2023,041281528,2,19,0,7,7,5,1,0,0,0,0,0,0,0,4,1,2,2,1,36,7,2198,2,9,FORD TRANSIT CUSTOM,4,E01025150,0,-1
2023010443615,2023,010443615,1,9,0,3,3,5,1,0,0,8,0,0,0,0,1,1,1,1,2,27,6,1995,2,1,-1,2,E01003619,0,-1
2023991310470,2023,991310470,2,19,0,3,3,7,3,2,2,0,0,0,0,0,2,1,1,1,1,39,7,1995,2,0,FORD TRANSIT CUSTOM,1,-1,0,-1
2023361293742,2023,361293742,1,19,0,1,1,5,1,9,9,0,0,0,0,0,4,1,6,6,3,-1,-1,1995,2,2,FORD TRANSIT CUSTOM,-1,-1,0,-1
2023031298532,2023,031298532,1,19,0,16,19,1,1,0,0,0,0,0,1,0,1,1,1,1,1,52,8,1995,2,3,FORD TRANSIT CUSTOM,-1,-1,0,-1
2023131265125,2023,131265125,2,19,0,2,2,0,0,0,0,8,0,0,0,0,2,1,6,6,3,-1,-1,1995,2,6,FORD TRANSIT CUSTOM,-1,-1,0,-1
2023052301854,2023,052301854,1,19,0,2,2,0,0,0,0,0,0,0,0,0,3,1,1,1,1,32,6,1995,2,2,FORD TRANSIT CUSTOM,6,E01007248,0,-1
2023461339010,2023,461339010,3,19,0,2,2,0,0,9,9,1,0,0,8,0,4,1,6,6,1,47,8,1995,2,0,FORD TRANSIT CUSTOM,8,E01024017,0,-1
2023041341242,2023,041341242,3,19,0,2,2,5,1,0,0,0,0,0,0,0,2,1,5,6,1,36,7,1995,2,7,FORD TRANSIT CUSTOM,4,E01019276,0,-1
2023101302066,2023,101302066,2,19,0,3,3,1,5,0,0,0,0,0,0,0,2,1,6,6,1,61,9,1995,2,7,FORD TRANSIT CUSTOM,7,E01008585,0,-1
2023991341651,2023,991341651,1,19,0,16,19,2,6,0,0,0,0,0,0,0,1,1,6,6,1,42,7,1995,2,4,FORD TRANSIT CUSTOM,-1,-1,0,-1
2023052301399,2023,052301399,1,19,0,18,19,3,7,0,0,0,0,0,0,0,1,1,1,1,1,61,9,1995,2,4,FORD TRANSIT CUSTOM,6,E01006595,0,-1
2023010438573,2023,010438573,1,19,0,4,4,3,7,0,0,1,0,0,0,0,1,1,1,1,1,30,6,1995,2,1,FORD TRANSIT CUSTOM,6,E01023314,0,-1
2023170H10913,2023,170H10913,1,19,0,18,19,6,2,0,0,0,0,0,4,4,1,1,6,6,1,25,5,2198,2,8,FORD TRANSIT CUSTOM,5,E01011968,0,-1
2023061340026,2023,061340026,2,19,0,17,19,8,4,0,0,1,0,0,0,0,3,1,6,6,1,56,9,2198,2,8,FORD TRANSIT CUSTOM,10,E01005413,0,-1
2023131384546,2023,131384546,1,19,0,12,12,5,1,0,0,1,0,0,0,0,1,1,2,2,1,21,5,1995,2,1,FORD TRANSIT CUSTOM,9,E01027921,0,-1
2023141269439,2023,141269439,1,19,0,2,2,0,0,0,0,0,0,0,7,0,2,1,1,1,1,31,6,1995,2,6,FORD TRANSIT CUSTOM,2,E01007395,0,-1
2023221266406,2023,221266406,2,19,0,16,19,8,4,0,0,0,0,4,0,0,1,1,6,6,1,41,7,2198,2,10,FORD TRANSIT CUSTOM,8,E01032186,0,-1
2023371280097,2023,371280097,2,19,0,2,2,0,0,0,0,0,0,0,0,0,3,1,6,6,3,-1,-1,1995,2,4,FORD TRANSIT CUSTOM,-1,-1,0,-1
2023332301194,2023,332301194,3,20,0,18,19,4,8,0,0,1,0,0,0,0,1,1,6,6,3,-1,-1,-1,-1,-1,FORD TRANSIT CUSTOM,-1,-1,0,-1
202360A129504,2023,60A129504,1,19,0,4,4,6,2,0,0,0,1,0,0,0,1,1,1,1,1,25,5,1995,2,5,FORD TRANSIT CUSTOM,-1,-1,0,-1
2023010423134,2023,010423134,3,19,0,2,2,0,0,9,9,2,0,0,0,0,4,1,6,6,3,-1,-1,1995,2,4,FORD TRANSIT CUSTOM,-1,-1,0,-1
2023010452837,2023,010452837,1,19,0,4,4,5,1,0,0,1,0,0,0,0,2,1,2,2,1,36,7,1995,2,1,FORD TRANSIT CUSTOM,3,E01003264,0,-1
2023411363822,2023,411363822,1,19,0,18,19,5,1,0,0,0,0,0,0,0,2,1,2,2,1,61,9,1995,2,0,FORD TRANSIT CUSTOM,4,E01018077,0,-1
2023201337025,2023,201337025,1,19,0,18,19,1,5,0,0,6,0,0,0,0,1,1,2,2,1,57,9,2198,2,8,FORD TRANSIT CUSTOM,5,E01009710,0,-1
2023440528673,2023,440528673,1,19,0,18,19,7,3,0,0,0,2,0,0,0,1,1,6,6,1,65,9,1995,2,4,FORD TRANSIT CUSTOM,6,E01023978,0,-1
2023451375256,2023,451375256,2,19,0,18,19,1,5,0,0,0,0,2,0,0,1,1,1,1,1,30,6,1995,2,5,FORD TRANSIT CUSTOM,3,E01022487,0,-1
202363C014323,2023,63C014323,2,19,0,9,9,4,2,0,0,8,0,0,0,0,3,1,2,2,2,51,8,1995,2,7,FORD TRANSIT CUSTOM,4,W01000605,0,-1
2023991260790,2023,991260790,1,19,0,18,19,3,7,0,0,0,0,0,0,0,0,1,1,1,2,34,6,1995,2,4,FORD TRANSIT CUSTOM,6,-1,0,-1
2023340WN5542,2023,340WN5542,5,19,0,18,19,5,1,0,0,0,0,0,0,0,0,1,6,6,1,57,9,1995,2,4,FORD TRANSIT CUSTOM,-1,-1,0,-1
2023061278732,2023,061278732,1,19,0,18,19,4,8,0,0,0,0,0,0,0,1,1,6,6,3,30,6,1995,2,4,FORD TRANSIT CUSTOM,-1,-1,0,-1
2023351334331,2023,351334331,1,19,0,9,9,3,7,0,0,0,0,0,0,0,4,1,2,2,1,31,6,1995,2,1,FORD TRANSIT CUSTOM,2,E01015794,0,-1
2023302300839,2023,302300839,2,19,0,4,4,5,1,0,0,0,0,0,0,0,3,1,6,6,1,35,6,1995,2,2,FORD TRANSIT CUSTOM,6,E01007669,0,-1
2023332301304,2023,332301304,2,19,0,18,19,1,5,0,0,0,0,0,0,0,3,1,6,6,1,57,9,2198,2,8,FORD TRANSIT CUSTOM,3,E01013611,0,-1
2023010447364,2023,010447364,2,19,9,1,1,5,1,0,0,9,9,0,0,0,2,9,6,6,3,-1,-1,1995,2,4,FORD TRANSIT CUSTOM,-1,-1,0,-1
2023461301295,2023,461301295,2,19,0,18,19,3,5,0,0,0,0,0,0,0,2,1,1,1,2,44,7,1995,2,2,FORD TRANSIT CUSTOM,4,E01024373,0,-1
2023010438238,2023,010438238,2,20,0,99,99,9,9,99,99,0,9,99,9,99,2,9,6,6,3,-1,-1,-1,-1,-1,FORD TRANSIT CUSTOM,5,E01004353,0,-1
2023061302002,2023,061302002,1,19,0,9,9,3,1,0,0,5,0,0,0,0,1,1,5,6,1,53,8,1995,2,6,FORD TRANSIT CUSTOM,9,E01004953,0,-1
2023010474014,2023,010474014,2,19,0,9,9,3,1,0,0,5,9,0,0,0,1,9,6,6,1,20,4,1995,2,4,FORD TRANSIT CUSTOM,9,E01004079,0,-1
2023052302541,2023,052302541,1,19,0,18,19,3,7,0,0,1,0,0,0,0,3,1,1,1,1,44,7,1995,2,0,FORD TRANSIT CUSTOM,6,E01012564,0,-1
2023552300867,2023,552300867,1,19,0,18,19,8,4,0,0,8,0,0,0,0,1,1,6,6,3,-1,-1,2198,2,8,FORD TRANSIT CUSTOM,-1,-1,0,-1
2023471277725,2023,471277725,1,19,0,9,9,8,2,0,0,0,0,0,0,0,3,1,2,2,1,52,8,1995,2,4,FORD TRANSIT CUSTOM,5,E01001035,0,-1
2023211381822,2023,211381822,1,19,0,18,19,7,2,0,0,0,0,10,1,11,1,1,6,6,1,31,6,1995,2,0,FORD TRANSIT CUSTOM,3,E01019675,0,-1
2023411382377,2023,411382377,1,19,0,2,2,0,0,0,0,0,0,0,0,0,2,1,1,1,1,31,6,1995,2,3,FORD TRANSIT CUSTOM,9,E01030660,0,-1
2023010462003,2023,010462003,1,19,9,99,99,9,9,99,99,9,9,99,9,99,9,9,6,6,1,40,7,1995,2,2,FORD TRANSIT CUSTOM,8,E01000393,0,-1
2023631364903,2023,631364903,2,19,0,18,19,8,4,0,0,0,0,0,0,0,1,1,5,6,1,20,4,1995,2,6,FORD TRANSIT CUSTOM,7,W01000692,0,-1
2023010453541,2023,010453541,2,19,0,99,99,9,9,99,99,9,9,99,9,99,9,9,6,6,1,38,7,1995,2,5,FORD TRANSIT CUSTOM,3,E01001831,0,-1
2023991320294,2023,991320294,1,19,0,18,19,4,7,0,0,1,0,0,0,0,1,1,1,1,1,56,9,1995,2,5,FORD TRANSIT CUSTOM,3,-1,0,-1
2023610009823,2023,610009823,2,19,0,4,4,2,6,0,0,0,0,0,0,0,2,1,1,1,1,34,6,2198,2,8,FORD TRANSIT CUSTOM,6,E01022264,0,-1
2023311333016,2023,311333016,2,19,0,3,3,1,5,0,0,4,0,0,0,0,1,1,1,1,1,57,9,2198,2,8,FORD TRANSIT CUSTOM,5,E01028237,0,-1
2023311376628,2023,311376628,1,19,0,18,19,4,8,0,0,0,5,0,1,9,1,1,6,6,1,40,7,1995,2,2,FORD TRANSIT CUSTOM,9,E01025661,0,-1
2023010479391,2023,010479391,2,19,0,4,4,1,5,0,0,0,0,0,0,0,2,1,1,1,1,46,8,2198,2,8,FORD TRANSIT CUSTOM,4,E01021501,0,-1
2023041340456,2023,041340456,3,19,0,2,2,0,0,0,0,1,0,0,0,0,3,1,6,6,3,-1,-1,1995,2,5,FORD TRANSIT CUSTOM,-1,-1,0,-1
2023451321686,2023,451321686,1,19,0,18,19,1,5,0,0,0,0,0,0,0,2,1,1,1,1,34,6,1995,2,5,FORD TRANSIT CUSTOM,4,E01022478,0,-1
2023041274935,2023,041274935,1,19,0,18,19,2,3,0,0,2,0,8,0,0,4,1,1,1,1,53,8,2198,2,7,FORD TRANSIT CUSTOM,6,E01025325,0,-1
2023010440440,2023,010440440,2,19,0,2,2,0,0,0,0,0,0,0,0,0,2,1,6,6,3,-1,-1,1995,2,3,FORD TRANSIT CUSTOM,-1,-1,0,-1
2023010456483,2023,010456483,1,19,0,1,1,1,5,0,0,8,0,0,0,0,2,1,1,1,1,45,7,1995,2,4,FORD TRANSIT CUSTOM,3,E01001794,0,-1
2023451316042,2023,451316042,1,19,0,11,11,5,1,0,0,0,0,0,0,0,4,1,2,2,1,50,8,2198,2,7,FORD TRANSIT CUSTOM,3,E01002528,0,-1
2023361409922,2023,361409922,2,19,0,3,3,7,3,0,0,0,0,0,0,0,2,1,1,1,1,44,7,1995,2,3,FORD TRANSIT CUSTOM,-1,-1,0,-1
2023041322224,2023,041322224,1,19,0,18,19,4,8,0,0,8,0,0,0,0,1,1,1,1,1,40,7,1995,2,3,FORD TRANSIT CUSTOM,9,E01024912,0,-1
2023010462407,2023,010462407,1,19,0,7,7,5,8,0,0,1,0,0,1,0,4,1,2,2,1,34,6,1995,2,0,FORD TRANSIT CUSTOM,5,E01017390,0,-1
2023610040523,2023,610040523,2,19,0,18,19,6,8,0,0,1,0,0,0,0,1,1,2,2,1,34,6,1995,2,3,FORD TRANSIT CUSTOM,8,E01013996,0,-1
2023010465931,2023,010465931,2,19,0,99,99,9,9,99,99,9,9,99,9,99,2,9,6,6,1,40,7,1995,2,5,FORD TRANSIT CUSTOM,2,E01016451,0,-1
2023010473040,2023,010473040,1,19,0,9,9,5,3,0,0,1,0,0,0,0,4,1,1,1,1,49,8,1995,2,1,FORD TRANSIT CUSTOM,9,E01004094,0,-1
2023041301309,2023,041301309,6,19,0,18,19,3,7,0,0,0,0,0,0,0,1,1,1,1,1,51,8,1995,2,2,FORD TRANSIT CUSTOM,1,E01006360,0,-1
2023471293331,2023,471293331,2,19,0,18,19,1,5,0,0,1,0,0,0,0,4,1,1,1,1,35,6,1995,2,4,FORD TRANSIT CUSTOM,5,E01020921,0,-1
2023010449514,2023,010449514,2,19,0,99,99,9,9,99,99,9,9,99,9,99,1,9,6,6,3,-1,-1,1995,2,6,FORD TRANSIT CUSTOM,3,-1,0,-1
2023371368627,2023,371368627,1,19,0,7,7,1,5,0,0,0,1,11,8,11,1,1,5,6,1,39,7,2198,2,9,FORD TRANSIT CUSTOM,1,E01028057,0,-1
2023440074719,2023,440074719,2,19,0,1,1,8,4,0,0,0,0,0,0,0,2,1,6,6,1,-1,-1,1995,2,2,FORD TRANSIT CUSTOM,-1,-1,0,-1
2023010461081,2023,010461081,4,19,0,2,2,0,0,0,0,1,0,0,0,0,0,1,6,6,3,-1,-1,1995,2,0,FORD TRANSIT CUSTOM,-1,-1,0,-1
2023052302744,2023,052302744,1,19,0,18,19,1,8,0,0,8,0,0,0,0,1,1,1,1,3,-1,-1,1995,2,4,FORD TRANSIT CUSTOM,-1,-1,0,-1
2023440518251,2023,440518251,1,19,0,18,19,7,3,0,0,1,0,0,0,0,1,1,2,2,1,26,6,1995,2,0,FORD TRANSIT CUSTOM,9,E01022950,0,-1