collision_index,collision_year,collision_ref_no,vehicle_reference,vehicle_type,towing_and_articulation,vehicle_manoeuvre_historic,vehicle_manoeuvre,vehicle_direction_from,vehicle_direction_to,vehicle_location_restricted_lane_historic,vehicle_location_restricted_lane,junction_location,skidding_and_overturning,hit_object_in_carriageway,vehicle_leaving_carriageway,hit_object_off_carriageway,first_point_of_impact,vehicle_left_hand_drive,journey_purpose_of_driver_historic,journey_purpose_of_driver,sex_of_driver,age_of_driver,age_band_of_driver,engine_capacity_cc,propulsion_code,age_of_vehicle,generic_make_model,driver_imd_decile,lsoa_of_driver,escooter_flag,driver_distance_banding
2023010430917,2023,010430917,1,19,0,4,4,1,5,0,0,4,0,0,0,0,2,1,1,1,1,48,8,1995,2,3,FORD TRANSIT CUSTOM,5,E01004736,0,-1
2023440268107,2023,440268107,1,19,0,17,19,8,5,0,0,0,0,0,0,0,1,1,2,2,1,43,7,2198,2,10,FORD TRANSIT CUSTOM,6,E01017177,0,-1
2023991417427,2023,991417427,3,19,0,18,19,3,7,0,0,1,0,0,0,0,1,1,6,6,3,-1,-1,1995,2,5,FORD TRANSIT CUSTOM,-1,-1,0,-1
2023101356619,2023,101356619,1,19,0,18,19,7,4,0,0,0,0,0,0,0,4,1,6,6,3,40,7,2198,2,7,FORD TRANSIT CUSTOM,-1,-1,0,-1
2023052301522,2023,052301522,2,19,0,9,9,4,3,0,0,1,0,0,0,0,1,1,6,6,3,-1,-1,1995,2,6,FORD TRANSIT CUSTOM,-1,-1,0,-1
2023340NN0692,2023,340NN0692,2,19,0,18,19,7,3,0,0,8,0,0,0,0,2,1,2,2,1,59,9,1995,2,1,FORD TRANSIT CUSTOM,8,E01027337,0,-1
2023520301435,2023,520301435,4,19,0,18,19,5,1,0,0,0,0,0,0,0,2,1,6,6,1,38,7,1995,2,2,FORD TRANSIT CUSTOM,10,E01024272,0,-1
2023351377230,2023,351377230,2,19,0,18,19,3,7,0,0,1,0,0,0,0,1,1,1,1,1,36,7,1995,2,1,FORD TRANSIT CUSTOM,9,E01023500,0,-1
2023311323478,2023,311323478,2,19,0,18,19,3,8,0,0,8,0,0,7,0,1,1,2,2,1,43,7,1995,2,5,FORD TRANSIT CUSTOM,5,E01025887,0,-1
2023401404438,2023,401404438,2,19,0,4,4,5,1,0,0,0,0,0,0,0,0,1,6,6,1,37,7,1995,2,1,FORD TRANSIT CUSTOM,5,E01017390,0,-1
2023010474982,2023,010474982,1,19,0,99,99,9,9,99,99,9,9,99,9,99,1,9,2,2,1,41,7,1995,2,5,FORD TRANSIT CUSTOM,5,E01002456,0,-1
2023010439889,2023,010439889,1,19,9,99,99,9,9,99,99,0,9,99,9,99,2,1,1,1,1,44,7,1995,2,5,FORD TRANSIT CUSTOM,-1,-1,0,-1
2023421345575,2023,421345575,1,19,0,4,4,7,3,0,0,0,1,0,0,0,1,1,5,6,1,33,6,2198,2,9,FORD TRANSIT CUSTOM,6,E01000193,0,-1
2023131316263,2023,131316263,3,19,0,18,19,1,6,0,0,1,0,0,0,0,3,1,2,2,1,44,7,1995,2,2,FORD TRANSIT CUSTOM,4,E01011499,0,-1
2023141285163,2023,141285163,1,19,0,16,19,4,7,0,0,4,1,0,0,0,1,1,2,2,1,43,7,1995,2,3,FORD TRANSIT CUSTOM,2,E01007417,0,-1
2023010424554,2023,010424554,2,19,0,7,7,5,7,0,0,1,0,0,0,0,1,1,1,1,1,54,8,2198,2,7,FORD TRANSIT CUSTOM,3,E01003081,0,-1
2023061327626,2023,061327626,2,19,0,2,2,0,0,0,0,0,0,0,0,0,2,1,6,6,3,-1,-1,1995,2,5,FORD TRANSIT CUSTOM,-1,-1,0,-1
2023010483431,2023,010483431,1,19,0,18,19,5,1,0,0,1,0,0,0,0,1,1,2,2,1,54,8,1995,2,5,FORD TRANSIT CUSTOM,2,E01000907,0,-1
2023221366377,2023,221366377,2,19,0,18,19,3,7,0,0,4,0,0,0,0,1,1,6,6,1,59,9,2198,2,10,FORD TRANSIT CUSTOM,10,E01032271,0,-1
2023461356819,2023,461356819,1,19,0,18,19,7,3,0,0,1,0,0,0,0,1,1,6,6,1,-1,-1,1995,2,6,FORD TRANSIT CUSTOM,5,E01024110,0,-1
2023010471220,2023,010471220,1,19,0,3,3,7,3,0,0,6,0,0,0,0,1,1,6,6,1,51,8,1995,2,5,FORD TRANSIT CUSTOM,-1,-1,0,-1
2023010478090,2023,010478090,1,19,0,99,99,9,9,99,99,0,9,99,9,99,2,9,2,2,1,41,7,1995,2,2,FORD TRANSIT CUSTOM,5,E01024774,0,-1
2023041318755,2023,041318755,2,19,0,2,2,0,0,9,9,2,0,0,0,0,2,2,6,6,3,-1,-1,2198,2,9,FORD TRANSIT CUSTOM,-1,-1,0,-1
2023010429992,2023,010429992,2,19,0,99,99,9,9,99,99,0,9,99,9,99,9,9,6,6,3,45,7,1995,2,4,FORD TRANSIT CUSTOM,2,E01002561,0,-1
2023461287311,2023,461287311,1,19,-1,-1,-1,-1,-1,-1,-1,0,-1,-1,-1,0,-1,1,6,6,1,47,8,2198,2,8,FORD TRANSIT CUSTOM,6,E01024544,0,-1
2023231270929,2023,231270929,1,19,0,18,19,6,2,0,0,0,0,0,0,0,1,1,1,1,1,69,10,1995,2,2,FORD TRANSIT CUSTOM,7,E01031137,0,-1
2023010467296,2023,010467296,1,19,0,18,19,6,2,0,0,6,0,0,0,0,4,1,1,1,1,51,8,1995,2,5,FORD TRANSIT CUSTOM,5,E01000281,0,-1
2023161369632,2023,161369632,1,19,0,3,3,5,1,0,0,1,0,0,0,0,2,1,6,6,1,45,7,2198,2,8,FORD TRANSIT CUSTOM,1,E01007332,0,-1
2023340WN7352,2023,340WN7352,4,19,0,4,4,6,2,0,0,0,0,0,0,0,2,1,6,6,1,33,6,1995,2,6,FORD TRANSIT CUSTOM,4,E01027315,0,-1
2023101327138,2023,101327138,1,19,0,7,7,1,3,0,0,0,1,0,0,0,1,1,6,6,1,56,9,2198,2,8,FORD TRANSIT CUSTOM,1,E01008290,0,-1
2023520000642,2023,520000642,1,19,0,18,19,1,5,0,0,2,0,0,0,0,1,1,1,1,1,-1,-1,1995,2,6,FORD TRANSIT CUSTOM,10,E01014793,0,-1
2023631346141,2023,631346141,2,19,0,17,19,1,5,0,0,0,0,0,0,0,1,1,5,6,1,59,9,2198,2,9,FORD TRANSIT CUSTOM,9,W01000203,0,-1
2023991276235,2023,991276235,1,19,0,16,19,5,0,1,1,2,0,0,0,0,1,1,1,1,1,64,9,1995,2,5,FORD TRANSIT CUSTOM,-1,-1,0,-1
2023430273683,2023,430273683,2,19,0,18,19,8,4,0,0,1,0,0,0,0,1,1,6,6,1,20,4,1995,2,2,FORD TRANSIT CUSTOM,-1,-1,0,-1
2023221276504,2023,221276504,1,19,0,4,4,8,4,9,9,0,0,10,0,0,3,1,1,1,1,45,7,1995,2,1,FORD TRANSIT CUSTOM,1,E01010443,0,-1
2023461280891,2023,461280891,1,19,0,18,19,3,7,0,0,1,0,0,0,0,1,1,6,6,1,29,6,1995,2,2,FORD TRANSIT CUSTOM,5,E01024191,0,-1
2023221335738,2023,221335738,1,19,0,7,7,6,8,0,0,6,0,0,0,0,1,1,1,1,1,35,6,1995,2,4,FORD TRANSIT CUSTOM,4,E01010457,0,-1
2023411278832,2023,411278832,2,19,0,9,9,5,3,0,0,2,0,0,0,0,3,1,1,1,1,54,8,2198,2,7,FORD TRANSIT CUSTOM,9,E01023854,0,-1
2023548477123,2023,548477123,1,19,0,18,19,8,4,0,0,0,1,0,0,0,1,1,2,2,1,31,6,2198,2,8,FORD TRANSIT CUSTOM,8,E01014420,0,-1
2023201376107,2023,201376107,2,19,0,2,2,0,0,0,0,0,0,0,0,0,2,1,1,1,1,59,9,1995,2,1,FORD TRANSIT CUSTOM,1,E01010543,0,-1
2023531271195,2023,531271195,1,19,0,18,19,7,3,0,0,0,0,0,0,0,4,1,2,2,1,65,9,1995,2,6,FORD TRANSIT CUSTOM,8,E01022277,0,-1
2023010481648,2023,010481648,1,19,0,2,2,0,0,0,0,0,0,0,0,0,1,1,6,6,3,-1,-1,1995,2,2,FORD TRANSIT CUSTOM,-1,-1,0,-1
2023451385235,2023,451385235,1,19,0,17,19,1,5,0,0,0,0,0,1,4,1,1,6,6,1,35,6,1995,2,6,FORD TRANSIT CUSTOM,9,E01004161,0,-1
2023010430662,2023,010430662,2,19,0,18,19,3,7,0,0,8,0,0,0,0,1,1,2,2,1,35,6,1995,2,6,FORD TRANSIT CUSTOM,2,E01003582,0,-1
2023122300416,2023,122300416,1,19,0,5,5,2,6,0,0,1,0,0,0,0,4,1,1,1,2,24,5,1995,2,6,FORD TRANSIT CUSTOM,3,E01010665,0,-1
2023421274957,2023,421274957,2,19,0,4,4,5,1,0,0,4,0,0,0,0,2,1,1,1,1,29,6,1995,2,6,FORD TRANSIT CUSTOM,1,E01015824,0,-1
2023170M31133,2023,170M31133,1,19,0,18,19,4,8,0,0,0,0,0,0,0,4,1,6,6,1,41,7,1995,12,1,FORD TRANSIT CUSTOM,-1,-1,0,-1
2023010486404,2023,010486404,1,20,0,99,99,9,9,99,99,9,9,99,9,99,9,9,1,1,1,32,6,-1,-1,-1,FORD TRANSIT CUSTOM,10,E01021252,0,-1
2023201379833,2023,201379833,1,19,0,18,19,2,6,0,0,2,0,0,0,0,1,1,6,6,1,50,8,2198,2,9,FORD TRANSIT CUSTOM,-1,-1,0,-1
2023010455947,2023,010455947,1,19,0,18,19,5,1,0,0,5,0,0,0,0,3,1,2,2,1,31,6,1995,2,6,FORD TRANSIT CUSTOM,7,E01001026,0,-1
2023010428607,2023,010428607,2,19,0,99,99,9,9,99,99,9,9,99,9,99,9,9,6,6,3,-1,-1,1995,2,1,FORD TRANSIT CUSTOM,-1,-1,0,-1
2023170H10373,2023,170H10373,1,19,0,18,19,1,5,0,0,2,0,0,0,0,1,1,1,1,1,24,5,1995,2,2,FORD TRANSIT CUSTOM,4,E01032553,0,-1
2023070946467,2023,070946467,2,19,0,2,2,0,0,0,0,0,0,0,0,0,2,1,6,6,1,73,10,1995,2,1,FORD TRANSIT CUSTOM,10,E01029760,0,-1
2023061296199,2023,061296199,2,19,-1,5,5,-1,-1,0,0,0,0,0,0,0,0,1,6,6,3,46,8,1995,2,2,FORD TRANSIT CUSTOM,9,E01006365,0,-1
2023010436349,2023,010436349,1,19,0,99,99,9,9,99,99,9,9,99,9,99,9,9,2,2,1,37,7,1995,2,1,FORD TRANSIT CUSTOM,5,E01000158,0,-1
2023340WN0712,2023,340WN0712,2,19,0,18,19,1,5,0,0,1,0,0,0,0,1,1,1,1,1,55,8,1995,2,1,FORD TRANSIT CUSTOM,5,E01027215,0,-1
2023141322867,2023,141322867,1,10,0,9,9,3,6,0,0,2,0,0,0,0,4,1,5,6,2,52,8,-1,-1,-1,-1,3,E01007993,0,-1
2023141312157,2023,141312157,2,19,0,18,19,2,6,0,0,0,0,0,0,0,1,1,6,6,3,-1,-1,2198,2,9,FORD TRANSIT CUSTOM,-1,-1,0,-1
202354A806323,2023,54A806323,1,19,0,5,5,7,2,0,0,4,0,0,0,0,1,1,6,6,3,-1,-1,1995,2,1,FORD TRANSIT CUSTOM,-1,-1,0,-1
2023421388000,2023,421388000,1,19,0,13,13,3,3,0,0,0,1,0,0,0,1,1,6,6,1,57,9,1995,2,2,FORD TRANSIT CUSTOM,8,E01021763,0,-1
2023070982206,2023,070982206,1,19,0,9,9,3,4,0,0,8,0,0,0,0,1,1,1,1,1,46,8,1995,2,6,FORD TRANSIT CUSTOM,1,E01006844,0,-1
2023122300236,2023,122300236,3,19,0,18,19,5,1,0,0,1,0,0,0,0,2,1,2,2,1,63,9,2198,2,8,FORD TRANSIT CUSTOM,6,E01010590,0,-1
2023451371274,2023,451371274,1,19,0,18,19,7,2,0,0,4,0,0,0,0,4,1,2,2,1,57,9,1995,2,4,FORD TRANSIT CUSTOM,7,E01030741,0,-1
2023522400797,2023,522400797,1,19,0,18,19,7,3,0,0,0,0,0,0,0,1,1,6,6,1,30,6,1995,2,1,FORD TRANSIT CUSTOM,1,E01015538,0,-1
2023122300136,2023,122300136,3,19,0,3,3,5,1,0,0,1,0,0,0,0,2,1,1,1,1,40,7,1995,2,2,FORD TRANSIT CUSTOM,8,E01027661,0,-1
2023041299545,2023,041299545,2,19,0,11,11,3,8,0,0,0,0,0,0,0,4,1,5,6,1,47,8,1995,2,4,FORD TRANSIT CUSTOM,8,E01024971,0,-1
2023052300149,2023,052300149,1,19,0,1,1,1,5,0,0,0,0,0,0,0,2,1,1,1,1,37,7,1995,2,4,FORD TRANSIT CUSTOM,1,E01006739,0,-1
2023010462307,2023,010462307,3,10,0,18,19,1,5,0,0,0,0,0,0,0,0,2,1,1,2,25,5,-1,-1,-1,-1,6,E01001065,0,-1
2023010449428,2023,010449428,1,19,0,7,7,8,2,0,0,6,0,0,0,0,1,1,6,6,1,25,5,1995,2,3,FORD TRANSIT CUSTOM,10,E01023562,0,-1
2023351299297,2023,351299297,5,19,0,18,19,1,5,0,0,0,0,0,0,0,2,1,1,1,1,49,8,1995,2,2,FORD TRANSIT CUSTOM,9,E01027117,0,-1
2023471384257,2023,471384257,1,19,0,18,19,1,5,0,0,1,0,1,0,0,3,1,2,2,1,27,6,1995,2,3,FORD TRANSIT CUSTOM,10,E01031681,0,-1
2023622300031,2023,622300031,1,19,0,18,19,6,2,0,0,1,1,0,1,0,1,1,1,1,1,39,7,1995,2,4,FORD TRANSIT CUSTOM,8,W01001125,0,-1
2023991291462,2023,991291462,2,19,0,18,19,7,3,0,0,0,0,0,0,0,2,1,5,6,1,28,6,1995,2,6,FORD TRANSIT CUSTOM,3,-1,0,-1
2023010424349,2023,010424349,2,19,0,14,14,5,1,0,0,1,0,0,0,0,1,1,1,1,1,25,5,1995,2,4,FORD TRANSIT CUSTOM,8,E01001568,0,-1
2023131272998,2023,131272998,2,19,0,18,19,6,2,0,0,1,0,0,0,0,1,1,1,1,1,33,6,1995,2,2,FORD TRANSIT CUSTOM,8,E01011399,0,-1
2023430111529,2023,430111529,1,19,0,18,19,6,2,0,0,8,0,0,0,0,1,1,6,6,2,30,6,1995,2,7,FORD TRANSIT CUSTOM,10,E01017831,0,-1
2023320332848,2023,320332848,1,5,0,16,19,4,8,0,0,0,0,0,7,0,1,1,6,6,1,70,10,1584,1,14,-1,2,E01026108,0,-1
2023221325249,2023,221325249,2,5,0,18,19,1,5,0,0,8,0,0,0,0,1,1,5,6,1,30,6,1690,1,6,-1,6,E01032159,0,-1
2023501344148,2023,501344148,2,5,0,14,14,8,4,0,0,1,5,0,0,0,1,1,6,6,1,60,9,1690,1,8,-1,6,E01015102,0,-1
2023061340255,2023,061340255,2,5,0,9,9,3,1,0,0,1,0,0,0,0,1,1,1,1,1,59,9,1584,1,16,-1,8,E01006378,0,-1
2023131327139,2023,131327139,2,5,0,18,19,5,5,0,0,4,0,0,0,0,3,1,5,6,1,67,10,1584,1,14,-1,8,E01019391,0,-1
2023552300932,2023,552300932,2,5,0,18,19,8,4,0,0,8,0,0,0,0,1,1,2,2,1,57,9,1585,1,13,-1,4,E01020563,0,-1
2023440135387,2023,440135387,1,5,0,16,19,8,4,0,0,8,1,0,0,0,3,1,6,6,1,61,9,1584,1,15,-1,8,E01022815,0,-1
2023061304881,2023,061304881,2,5,0,5,5,8,6,0,0,2,0,0,0,0,2,1,5,6,1,34,6,1584,1,12,-1,2,E01005146,0,-1
2023440340250,2023,440340250,2,3,0,18,19,1,5,0,0,1,1,0,0,0,4,1,6,6,1,59,9,1252,1,1,-1,8,E01032664,0,-1
2023010451914,2023,010451914,1,5,0,18,19,1,5,0,0,2,0,0,0,0,1,1,2,2,1,38,7,1252,1,2,-1,4,E01000380,0,-1
2023061284063,2023,061284063,2,5,0,18,19,3,7,0,0,8,5,0,1,10,1,1,6,6,1,38,7,1252,1,0,-1,1,E01004857,0,-1
2023440462685,2023,440462685,1,5,0,4,4,5,2,0,0,1,0,0,0,0,4,1,6,6,1,70,10,1130,1,17,-1,10,E01022926,0,-1
2023501279744,2023,501279744,1,2,0,16,19,6,3,0,0,1,0,0,0,0,3,1,1,1,1,27,6,49,1,37,-1,-1,-1,0,-1
2023010446789,2023,010446789,1,5,0,99,99,9,9,99,99,9,9,99,9,99,1,1,2,2,1,37,7,998,1,6,-1,5,E01016488,0,-1
2023991332375,2023,991332375,2,5,0,18,19,7,3,0,0,1,2,0,0,0,1,1,6,6,1,39,7,998,1,5,-1,-1,-1,0,-1
2023451278143,2023,451278143,1,5,0,16,19,5,3,0,0,0,1,10,7,0,3,1,5,6,1,55,8,998,1,4,-1,10,E01030923,0,-1
2023991360708,2023,991360708,1,5,0,18,19,6,1,0,0,0,0,0,0,0,1,1,5,6,1,56,9,998,1,6,-1,-1,-1,0,-1
2023421319786,2023,421319786,1,5,0,18,19,6,2,0,0,0,0,0,0,0,2,1,5,6,1,55,8,998,1,5,-1,1,E01002280,0,-1
2023991311808,2023,991311808,1,5,0,18,19,8,5,0,0,0,0,0,0,0,3,1,5,6,1,77,11,998,1,4,-1,9,E01023009,0,-1
2023101322720,2023,101322720,2,5,0,10,10,5,2,0,0,6,0,0,0,0,1,1,5,6,1,60,9,998,1,5,-1,3,E01008742,0,-1
2023010419329,2023,010419329,1,9,0,7,7,3,6,0,0,2,0,0,0,0,1,1,6,6,1,68,10,2254,1,25,-1,2,E01000483,0,-1
2023501370383,2023,501370383,1,9,0,17,19,7,5,0,0,2,0,0,0,0,1,1,5,6,2,77,11,1248,1,10,HYUNDAI I10,8,E01015230,0,-1
2023201296316,2023,201296316,1,9,0,4,4,8,4,0,0,0,0,0,0,0,1,1,6,6,3,-1,-1,1248,1,8,HYUNDAI I10,-1,-1,0,-1
2023010476684,2023,010476684,2,9,0,99,99,9,9,99,99,9,9,99,9,99,9,9,6,6,3,-1,-1,1248,1,12,HYUNDAI I10,-1,-1,0,-1
2023010447040,2023,010447040,2,9,0,99,99,9,9,99,99,9,9,99,9,99,9,9,6,6,3,-1,-1,1248,1,14,HYUNDAI I10,-1,-1,0,-1
2023010447585,2023,010447585,2,9,0,3,3,7,3,0,0,1,0,0,0,0,4,1,6,6,1,45,7,998,1,8,HYUNDAI I10,2,E01003079,0,-1
2023471383287,2023,471383287,1,9,0,18,19,1,5,0,0,8,0,0,0,0,1,1,6,6,1,53,8,1248,1,13,HYUNDAI I10,2,E01016945,0,-1
2023010427750,2023,010427750,1,9,0,18,19,5,1,0,0,1,0,0,0,0,1,1,6,6,1,32,6,1248,1,8,HYUNDAI I10,3,E01004443,0,-1
2023991273235,2023,991273235,1,9,0,9,9,6,4,0,0,1,0,0,0,0,1,1,1,1,2,61,9,998,1,2,HYUNDAI I10,-1,-1,0,-1
2023371317367,2023,371317367,1,9,0,4,4,6,7,0,0,0,0,0,0,0,1,1,5,6,2,28,6,1086,1,15,HYUNDAI I10,4,E01033127,0,-1
2023221354839,2023,221354839,2,9,0,18,19,1,5,0,0,8,0,0,0,0,1,1,5,6,2,64,9,1248,1,10,HYUNDAI I10,5,E01028996,0,-1
2023461354682,2023,461354682,1,9,0,17,19,5,8,0,0,8,0,10,1,2,1,1,5,6,2,93,11,1248,1,11,HYUNDAI I10,8,E01030847,0,-1
2023471384492,2023,471384492,1,9,0,18,19,1,5,0,0,0,0,0,0,0,4,1,5,6,2,68,10,1248,1,4,HYUNDAI I10,5,E01016991,0,-1
2023411374312,2023,411374312,1,9,0,18,19,2,6,0,0,7,0,0,0,0,1,1,6,6,1,39,7,1248,1,9,HYUNDAI I10,8,E01023916,0,-1
2023421290065,2023,421290065,2,9,0,3,3,3,7,0,0,4,0,0,0,0,2,1,5,6,2,65,9,998,1,8,HYUNDAI I10,7,E01021476,0,-1
2023122400023,2023,122400023,1,9,0,18,19,3,7,0,0,2,0,0,2,11,1,1,6,6,1,21,5,1248,1,13,HYUNDAI I10,2,E01033067,0,-1
2023061349065,2023,061349065,1,9,0,9,9,5,3,0,0,2,0,0,0,0,1,1,5,6,2,22,5,1248,1,11,HYUNDAI I10,4,E01005957,0,-1
2023041392501,2023,041392501,1,9,0,9,9,2,6,0,0,0,5,0,0,0,3,1,5,6,1,79,11,998,1,4,HYUNDAI I10,8,E01025191,0,-1
2023010471256,2023,010471256,1,9,0,18,19,3,7,0,0,0,0,0,0,0,1,1,6,6,1,32,6,1197,1,1,HYUNDAI I10,3,E01001397,0,-1
2023371304870,2023,371304870,2,9,0,2,2,0,0,0,0,0,0,0,0,0,2,1,5,6,2,27,6,1248,1,9,HYUNDAI I10,9,E01015811,0,-1
2023451287767,2023,451287767,1,9,0,7,7,7,1,0,0,6,0,0,0,0,2,1,6,6,2,47,8,998,1,5,HYUNDAI I10,6,E01030631,0,-1
2023451388654,2023,451388654,1,9,0,9,9,1,7,0,0,8,0,0,0,0,1,1,5,6,2,65,9,1197,1,2,HYUNDAI I10,5,E01023201,0,-1
2023111325337,2023,111325337,1,9,0,18,19,5,3,0,0,1,0,0,0,0,4,1,6,6,2,42,7,1248,1,9,HYUNDAI I10,-1,-1,0,-1
2023320613543,2023,320613543,1,9,0,7,7,4,6,9,9,6,0,0,0,0,1,1,6,6,1,43,7,1248,1,9,HYUNDAI I10,2,E01026175,0,-1
2023552300866,2023,552300866,2,9,0,18,19,5,1,0,0,0,0,0,0,0,1,1,2,2,2,33,6,1248,1,10,HYUNDAI I10,9,E01020399,0,-1
2023421300311,2023,421300311,2,9,0,18,19,5,1,0,0,1,0,0,0,0,2,1,2,2,2,49,8,1248,1,11,HYUNDAI I10,4,E01021310,0,-1
2023421344106,2023,421344106,1,9,0,17,19,1,6,0,0,0,0,0,0,0,1,1,6,6,1,-1,-1,1248,1,14,HYUNDAI I10,-1,-1,0,-1
2023201393268,2023,201393268,1,9,0,3,3,5,1,0,0,0,0,0,0,0,2,1,6,6,2,27,6,1248,1,9,HYUNDAI I10,8,E01009252,0,-1
2023101362591,2023,101362591,2,9,0,18,19,7,3,0,0,8,0,0,0,0,3,1,2,2,2,30,6,998,1,8,HYUNDAI I10,1,E01027412,0,-1
2023461354488,2023,461354488,1,9,0,7,7,3,5,0,0,0,5,0,0,0,4,1,6,6,2,60,9,1248,1,11,HYUNDAI I10,7,E01024224,0,-1
2023231317623,2023,231317623,1,9,0,9,9,6,4,0,0,5,0,0,0,0,1,1,5,6,2,25,5,1248,1,11,HYUNDAI I10,6,E01031263,0,-1
2023010483617,2023,010483617,1,9,0,17,19,7,3,0,0,1,0,4,0,0,1,1,6,6,2,79,11,1248,1,10,HYUNDAI I10,5,E01003703,0,-1
2023122300105,2023,122300105,1,9,0,2,2,0,0,0,0,0,1,0,0,0,0,1,6,6,2,62,9,1248,1,10,HYUNDAI I10,6,E01027868,0,-1
2023552300728,2023,552300728,1,9,0,18,19,3,7,0,0,0,0,0,0,0,1,1,6,6,2,73,10,1248,1,14,HYUNDAI I10,1,E01032882,0,-1
2023141282010,2023,141282010,1,9,0,18,19,5,1,0,0,0,0,0,0,0,1,1,5,6,2,40,7,1248,1,7,HYUNDAI I10,3,E01007368,0,-1
2023070113138,2023,070113138,1,9,0,4,4,6,1,6,6,0,0,0,0,0,1,1,1,1,2,68,10,1248,1,6,HYUNDAI I10,7,W01000331,0,-1
2023122300123,2023,122300123,1,9,0,5,5,1,5,0,0,4,0,0,0,0,3,1,6,6,1,39,7,1248,1,10,HYUNDAI I10,8,E01027875,0,-1
2023131301321,2023,131301321,2,9,0,18,19,1,1,0,0,8,0,0,0,0,2,1,5,6,2,27,6,1197,1,2,HYUNDAI I10,1,E01011430,0,-1
2023211334726,2023,211334726,1,9,0,14,14,2,6,0,0,8,0,0,0,0,1,1,6,6,2,75,10,1248,1,9,HYUNDAI I10,6,E01029707,0,-1
2023501328935,2023,501328935,1,9,0,16,19,2,6,0,0,0,5,0,8,4,3,1,1,1,1,31,6,1248,1,10,HYUNDAI I10,4,E01015056,0,-1
2023430229031,2023,430229031,1,9,0,3,3,4,8,0,0,1,0,0,0,0,2,1,6,6,2,26,6,998,1,1,HYUNDAI I10,10,E01016208,0,-1
2023052301623,2023,052301623,2,9,0,18,19,3,7,0,0,0,0,0,0,0,4,1,6,6,1,46,8,1248,1,13,HYUNDAI I10,2,E01006907,0,-1
2023170M10653,2023,170M10653,2,9,0,5,5,0,7,0,0,0,0,0,0,0,3,1,6,6,1,28,6,1248,1,13,HYUNDAI I10,1,E01012068,0,-1
2023411325817,2023,411325817,1,9,0,18,19,1,5,0,0,8,0,0,0,0,1,1,6,6,2,50,8,1248,1,14,HYUNDAI I10,5,E01023293,0,-1
2023471326149,2023,471326149,2,9,0,3,3,8,4,0,0,4,0,0,0,0,2,1,5,6,2,40,7,1086,1,15,HYUNDAI I10,7,E01031782,0,-1
2023622300670,2023,622300670,1,9,0,18,19,1,5,0,0,1,0,0,0,0,1,1,6,6,2,84,11,1248,1,14,HYUNDAI I10,10,W01001819,0,-1
2023991326173,2023,991326173,1,9,0,17,19,6,2,6,6,0,0,0,2,0,1,1,2,2,1,21,5,998,1,9,HYUNDAI I10,9,-1,0,-1
2023131348009,2023,131348009,1,9,0,18,19,5,1,0,0,8,0,0,0,0,1,1,5,6,2,19,4,1248,1,10,HYUNDAI I10,8,E01010901,0,-1
2023170M11243,2023,170M11243,1,9,0,3,3,6,2,0,0,1,0,0,0,0,2,1,6,6,2,35,6,1197,1,1,HYUNDAI I10,1,E01012038,0,-1
2023161369586,2023,161369586,2,9,0,9,9,2,3,0,0,4,0,0,0,0,2,1,5,6,2,58,9,998,1,1,HYUNDAI I10,9,E01012956,0,-1
2023411284583,2023,411284583,1,9,0,18,19,-1,-1,0,0,8,0,0,0,0,1,1,5,6,3,-1,-1,1248,1,14,HYUNDAI I10,-1,-1,0,-1
2023440356991,2023,440356991,1,9,0,3,3,4,8,0,0,0,0,0,0,0,2,1,2,2,2,23,5,1248,1,8,HYUNDAI I10,10,E01023213,0,-1
2023010458879,2023,010458879,1,9,0,5,5,7,3,9,9,5,0,0,0,0,4,1,1,1,2,67,10,998,1,0,HYUNDAI I10,6,E01002982,0,-1
2023430124247,2023,430124247,1,9,0,18,19,2,6,0,0,0,0,0,1,0,1,1,6,6,2,66,10,1248,1,11,HYUNDAI I10,5,E01016765,0,-1
2023010477527,2023,010477527,2,9,0,99,99,9,9,99,99,9,9,99,9,99,9,9,6,6,3,-1,-1,998,1,9,HYUNDAI I10,6,E01033308,0,-1
2023991371244,2023,991371244,1,9,0,16,19,5,7,0,0,1,5,0,0,0,1,1,6,6,1,43,7,1248,1,11,HYUNDAI I10,9,-1,0,-1
2023010482701,2023,010482701,1,9,0,5,5,5,1,0,0,2,0,0,0,0,1,1,6,6,2,64,9,1248,1,11,HYUNDAI I10,8,E01001987,0,-1
2023622301005,2023,622301005,2,9,0,18,19,2,6,0,0,0,0,0,0,0,1,1,6,6,2,56,9,1197,1,0,HYUNDAI I10,9,W01000772,0,-1
2023440348668,2023,440348668,2,9,0,18,19,8,4,0,0,1,0,0,0,0,1,1,1,1,1,58,9,998,1,8,HYUNDAI I10,3,E01022739,0,-1
2023461279431,2023,461279431,1,9,0,7,7,8,2,0,0,3,0,0,0,0,1,1,5,6,1,76,11,1248,1,11,HYUNDAI I10,1,E01024580,0,-1
2023010435153,2023,010435153,2,9,0,18,19,1,5,0,0,1,0,0,0,0,1,1,1,1,1,36,7,1086,1,15,HYUNDAI I10,3,E01001156,0,-1
2023440151768,2023,440151768,2,9,0,18,19,5,1,0,0,0,0,0,0,0,1,1,6,6,1,37,7,998,1,4,HYUNDAI I10,4,E01017278,0,-1