collision_index,collision_year,collision_ref_no,vehicle_reference,vehicle_type,towing_and_articulation,vehicle_manoeuvre_historic,vehicle_manoeuvre,vehicle_direction_from,vehicle_direction_to,vehicle_location_restricted_lane_historic,vehicle_location_restricted_lane,junction_location,skidding_and_overturning,hit_object_in_carriageway,vehicle_leaving_carriageway,hit_object_off_carriageway,first_point_of_impact,vehicle_left_hand_drive,journey_purpose_of_driver_historic,journey_purpose_of_driver,sex_of_driver,age_of_driver,age_band_of_driver,engine_capacity_cc,propulsion_code,age_of_vehicle,generic_make_model,driver_imd_decile,lsoa_of_driver,escooter_flag,driver_distance_banding
2023010468549,2023,010468549,1,9,0,9,9,5,2,0,0,1,0,0,0,0,1,1,6,6,2,-1,-1,1248,1,13,HYUNDAI I10,3,E01004337,0,-1
2023430120887,2023,430120887,1,9,0,9,9,8,6,0,0,6,0,0,0,0,1,1,6,6,1,48,8,1248,1,13,HYUNDAI I10,8,E01017726,0,-1
2023041294720,2023,041294720,1,9,0,9,9,1,5,0,0,1,0,0,0,0,3,1,5,6,2,27,6,998,1,4,HYUNDAI I10,9,E01019162,0,-1
2023421345575,2023,421345575,2,9,0,4,4,7,3,0,0,0,0,0,0,0,2,1,5,6,2,22,5,1248,1,13,HYUNDAI I10,7,E01023334,0,-1
2023221263888,2023,221263888,1,9,0,9,9,5,4,0,0,6,0,0,0,0,1,1,6,6,2,63,9,1248,1,13,HYUNDAI I10,5,E01014057,0,-1
2023302300188,2023,302300188,2,9,0,18,19,2,6,0,0,0,0,0,0,0,1,1,2,2,2,57,9,998,1,3,HYUNDAI I10,6,E01019821,0,-1
2023531366581,2023,531366581,2,9,0,2,2,0,0,0,0,0,0,0,0,0,1,1,5,6,2,39,7,998,1,9,HYUNDAI I10,7,E01022392,0,-1
2023052300460,2023,052300460,1,9,0,18,19,3,7,0,0,0,1,0,1,4,1,1,2,2,1,18,4,1248,1,10,HYUNDAI I10,9,E01012386,0,-1
2023421359527,2023,421359527,1,9,0,18,19,7,3,0,0,0,0,0,0,0,1,1,6,6,1,71,10,1197,1,2,HYUNDAI I10,10,E01015890,0,-1
2023451274515,2023,451274515,1,9,0,4,4,2,6,0,0,0,0,0,0,0,2,1,2,2,2,31,6,998,1,9,HYUNDAI I10,10,E01016604,0,-1
2023451297597,2023,451297597,2,9,0,18,19,3,7,0,0,1,0,0,4,0,1,1,1,1,2,29,6,998,1,8,HYUNDAI I10,8,E01023136,0,-1
2023552300962,2023,552300962,2,9,0,2,2,0,0,0,0,0,0,0,0,0,3,1,6,6,3,-1,-1,1248,1,15,HYUNDAI I10,-1,-1,0,-1
2023552301516,2023,552301516,1,9,0,18,19,4,8,0,0,0,0,0,0,0,1,1,6,6,2,19,4,998,1,9,HYUNDAI I10,5,E01023019,0,-1
2023430370726,2023,430370726,2,9,0,18,19,4,8,0,0,0,0,0,0,0,1,1,6,6,1,36,7,1248,1,5,HYUNDAI I10,7,E01017909,0,-1
2023111392205,2023,111392205,1,9,0,9,9,6,8,0,0,8,0,0,0,0,1,1,5,6,2,72,10,998,1,0,HYUNDAI I10,8,E01020817,0,-1
2023161363105,2023,161363105,2,9,0,18,19,4,8,0,0,0,5,0,0,0,4,1,6,6,2,60,9,998,1,4,HYUNDAI I10,5,E01012773,0,-1
2023991267880,2023,991267880,1,9,0,18,19,3,1,0,0,1,0,0,0,0,1,1,5,6,1,79,11,998,1,8,HYUNDAI I10,6,-1,0,-1
2023471386856,2023,471386856,1,9,0,7,7,3,5,9,9,0,5,0,0,0,1,1,6,6,1,73,10,1086,1,15,HYUNDAI I10,9,E01021168,0,-1
2023471370576,2023,471370576,2,9,0,18,19,3,7,0,0,0,0,0,1,0,3,1,5,6,2,60,9,998,1,7,HYUNDAI I10,8,E01022952,0,-1
2023461343625,2023,461343625,1,9,0,16,19,5,1,0,0,4,0,0,1,0,1,1,5,6,1,80,11,1248,1,7,HYUNDAI I10,10,E01024325,0,-1
2023010478158,2023,010478158,1,9,0,9,9,7,5,0,0,6,0,0,0,0,1,1,6,6,2,61,9,1248,1,11,HYUNDAI I10,4,E01004141,0,-1
2023070793847,2023,070793847,2,9,0,18,19,2,6,0,0,0,2,0,0,0,2,1,6,6,1,17,4,1248,1,9,HYUNDAI I10,10,E01018411,0,-1
2023991375487,2023,991375487,1,9,0,18,19,8,4,0,0,0,0,0,0,0,1,1,6,6,1,56,9,1086,1,13,HYUNDAI I10,5,-1,0,-1
2023451325911,2023,451325911,1,9,0,18,19,3,7,0,0,1,0,0,0,0,4,1,5,6,1,48,8,1248,1,12,HYUNDAI I10,10,E01030543,0,-1
2023991305088,2023,991305088,2,9,0,17,19,4,1,0,0,1,0,0,0,0,1,1,5,6,2,69,10,998,1,0,HYUNDAI I10,7,-1,0,-1
2023440228734,2023,440228734,2,9,0,18,19,5,1,0,0,8,0,0,0,0,1,1,6,6,3,-1,-1,1248,1,9,HYUNDAI I10,-1,-1,0,-1
2023010476743,2023,010476743,2,9,0,2,2,0,0,0,0,0,0,8,0,0,3,1,6,6,3,-1,-1,1248,1,8,HYUNDAI I10,-1,-1,0,-1
2023631358632,2023,631358632,1,9,0,5,5,2,8,0,0,8,0,0,0,0,1,1,5,6,2,68,10,1197,1,3,HYUNDAI I10,6,E01015555,0,-1
2023411328125,2023,411328125,1,9,0,17,19,1,4,0,0,0,1,0,0,0,1,1,5,6,2,60,9,1248,1,10,HYUNDAI I10,8,E01023480,0,-1
2023311423805,2023,311423805,2,9,0,18,19,3,7,0,0,0,0,0,0,0,1,1,5,6,2,28,6,998,1,0,HYUNDAI I10,-1,-1,0,-1
2023430269856,2023,430269856,1,9,0,18,19,6,2,0,0,8,0,0,0,0,4,1,2,2,2,32,6,998,1,6,HYUNDAI I10,8,E01016557,0,-1
2023544297123,2023,544297123,2,9,0,18,19,5,1,0,0,8,0,0,0,0,1,1,6,6,1,79,11,998,1,9,HYUNDAI I10,3,E01015527,0,-1
2023070627977,2023,070627977,1,9,0,16,19,1,3,0,0,0,0,0,0,0,3,1,6,6,2,67,10,1248,1,7,HYUNDAI I10,10,E01018407,0,-1
2023061383577,2023,061383577,2,9,0,9,9,5,7,0,0,5,0,0,0,0,1,1,6,6,2,56,9,998,1,1,HYUNDAI I10,7,E01005771,0,-1
2023991293747,2023,991293747,1,9,0,2,2,8,4,0,0,0,0,0,0,0,1,1,5,6,1,83,11,1248,1,11,HYUNDAI I10,8,-1,0,-1
2023991346827,2023,991346827,1,9,0,5,5,3,7,0,0,2,0,0,0,0,1,1,5,6,2,23,5,1086,1,13,HYUNDAI I10,-1,-1,0,-1
2023440050892,2023,440050892,1,9,0,18,19,2,6,0,0,0,0,0,0,0,4,1,2,2,2,75,10,1248,1,8,HYUNDAI I10,6,E01022548,0,-1
2023311312143,2023,311312143,1,9,0,5,5,4,7,9,9,0,0,0,7,11,1,1,5,6,2,76,11,1248,1,10,HYUNDAI I10,4,E01026379,0,-1
2023010441169,2023,010441169,1,9,0,18,19,1,5,0,0,0,0,0,0,0,3,1,2,2,1,23,5,1248,1,11,HYUNDAI I10,4,E01004366,0,-1
2023451381446,2023,451381446,1,9,0,3,3,6,2,0,0,0,0,0,0,0,2,1,1,1,2,27,6,1248,1,13,HYUNDAI I10,10,E01030790,0,-1
2023371283394,2023,371283394,1,9,0,18,19,5,1,0,0,0,0,0,0,0,3,1,5,6,1,69,10,1248,1,10,HYUNDAI I10,8,E01030122,0,-1
2023471280468,2023,471280468,1,9,0,12,12,1,5,0,0,0,0,0,0,0,1,1,5,6,2,25,5,1248,1,14,HYUNDAI I10,8,E01031667,0,-1
2023010464924,2023,010464924,1,9,0,99,99,9,9,99,99,9,9,99,9,99,2,9,6,6,2,60,9,1248,1,10,HYUNDAI I10,5,E01016518,0,-1
2023340WN1862,2023,340WN1862,3,9,0,18,19,7,3,0,0,0,0,1,0,0,2,1,6,6,1,68,10,1248,1,9,HYUNDAI I10,4,E01015268,0,-1
2023131295836,2023,131295836,4,9,0,5,5,1,5,0,0,6,0,0,0,0,0,1,6,6,2,77,11,1248,1,5,HYUNDAI I10,7,E01010879,0,-1
2023991304617,2023,991304617,1,9,0,18,19,2,6,0,0,0,1,0,0,0,1,1,5,6,2,48,8,1248,1,11,HYUNDAI I10,4,-1,0,-1
2023041316610,2023,041316610,2,9,0,18,19,5,1,0,0,0,0,0,1,10,1,1,5,6,2,48,8,998,1,3,HYUNDAI I10,1,E01025260,0,-1
2023141347287,2023,141347287,1,9,0,18,19,3,7,0,0,1,0,0,0,0,1,1,5,6,2,67,10,1248,1,6,HYUNDAI I10,8,E01019781,0,-1
2023111275161,2023,111275161,2,9,0,18,19,7,3,0,0,0,0,0,0,0,1,1,6,6,2,44,7,998,1,9,HYUNDAI I10,5,E01020890,0,-1
2023451329491,2023,451329491,2,9,0,18,19,5,1,0,0,1,0,0,0,0,1,1,1,1,1,26,6,1086,1,15,HYUNDAI I10,3,E01002646,0,-1
2023531325486,2023,531325486,2,9,0,10,10,1,6,0,0,1,0,0,0,0,2,1,6,6,1,76,11,998,1,1,HYUNDAI I10,7,E01022273,0,-1
2023201395609,2023,201395609,2,9,0,18,19,6,2,0,0,8,0,0,0,0,9,1,6,6,1,38,7,1248,1,8,HYUNDAI I10,2,E01009840,0,-1
2023010485011,2023,010485011,1,9,0,99,99,9,9,99,99,9,9,99,9,99,9,9,6,6,3,65,9,998,1,3,HYUNDAI I10,9,E01002516,0,-1
2023991282322,2023,991282322,3,9,0,18,19,2,6,0,0,0,0,0,0,0,2,1,5,6,2,48,8,998,1,8,HYUNDAI I10,5,-1,0,-1
2023010442138,2023,010442138,1,9,0,18,19,3,7,0,0,8,0,0,0,0,2,9,2,2,2,63,9,998,1,8,HYUNDAI I10,8,E01004158,0,-1
2023161331384,2023,161331384,1,9,0,3,3,1,5,0,0,1,0,0,0,0,2,1,5,6,2,23,5,998,1,9,HYUNDAI I10,6,E01027902,0,-1
2023610018123,2023,610018123,2,9,0,18,19,4,8,0,0,1,0,0,0,0,1,1,6,6,2,76,11,1248,1,6,HYUNDAI I10,8,W01001495,0,-1
2023411358535,2023,411358535,3,9,0,18,19,5,1,0,0,2,1,0,0,0,1,1,6,6,2,21,5,998,1,8,HYUNDAI I10,8,E01018286,0,-1
2023340WN6712,2023,340WN6712,1,9,0,9,9,7,5,0,0,5,0,0,0,0,1,1,2,2,2,62,9,1248,1,9,HYUNDAI I10,1,E01032978,0,-1
2023411341824,2023,411341824,1,9,0,4,4,3,7,0,0,4,2,10,3,0,1,1,6,6,1,90,11,1248,1,10,HYUNDAI I10,10,E01023749,0,-1
2023141265031,2023,141265031,1,9,0,5,5,1,5,0,0,0,0,0,0,0,2,1,5,6,2,30,6,998,1,7,HYUNDAI I10,7,E01007381,0,-1
2023010453010,2023,010453010,1,9,0,14,14,1,5,0,0,1,0,0,0,0,1,2,6,6,1,78,11,1248,1,13,HYUNDAI I10,5,E01004450,0,-1
2023411405120,2023,411405120,1,9,0,18,19,4,8,0,0,4,0,0,0,0,2,1,6,6,1,55,8,1248,1,10,HYUNDAI I10,5,E01023905,0,-1
2023010431565,2023,010431565,2,9,0,99,99,9,9,99,99,6,9,99,9,99,9,9,6,6,3,63,9,1248,1,6,HYUNDAI I10,6,E01001163,0,-1
2023201292278,2023,201292278,1,9,0,18,19,6,2,0,0,0,0,0,0,0,1,1,5,6,2,39,7,1248,1,12,HYUNDAI I10,1,E01009345,0,-1
2023010424320,2023,010424320,1,9,0,2,2,0,0,9,9,0,0,0,0,0,3,1,6,6,3,-1,-1,1248,1,12,HYUNDAI I10,-1,-1,0,-1
2023170S11673,2023,170S11673,2,9,0,18,19,3,7,0,0,1,0,0,0,0,1,1,6,6,1,66,10,998,1,8,HYUNDAI I10,6,E01012012,0,-1
2023161393557,2023,161393557,2,9,0,3,3,1,1,0,0,1,0,0,0,0,1,1,5,6,2,58,9,998,1,5,HYUNDAI I10,4,E01013106,0,-1
2023461312835,2023,461312835,2,9,0,18,19,3,7,0,0,0,0,0,0,0,2,1,6,6,2,70,10,1248,1,5,HYUNDAI I10,7,E01024636,0,-1
2023101261862,2023,101261862,1,9,0,5,5,1,7,0,0,1,0,0,0,0,4,1,1,1,1,64,9,1248,1,9,HYUNDAI I10,-1,-1,0,-1
2023320226344,2023,320226344,2,9,0,18,19,3,8,0,0,8,0,0,0,0,1,1,6,6,2,67,10,998,1,1,HYUNDAI I10,-1,-1,0,-1
2023071148290,2023,071148290,1,9,0,18,19,5,1,0,0,4,0,0,0,0,1,1,2,2,1,38,7,998,1,5,HYUNDAI I10,9,E01012473,0,-1
2023332300761,2023,332300761,2,9,0,99,99,5,1,0,0,0,0,0,0,0,1,1,6,6,3,-1,-1,998,1,5,HYUNDAI I10,-1,-1,0,-1
2023010428416,2023,010428416,2,9,0,99,99,9,9,99,99,9,9,99,9,99,1,9,6,6,3,-1,-1,1248,1,6,HYUNDAI I10,-1,-1,0,-1
2023052301937,2023,052301937,1,9,0,9,9,1,7,0,0,1,0,0,0,0,1,1,6,6,3,-1,-1,1248,1,12,HYUNDAI I10,-1,-1,0,-1
2023522300546,2023,522300546,2,9,0,15,15,2,8,0,0,1,0,0,0,0,3,1,6,6,1,-1,-1,1248,1,7,HYUNDAI I10,-1,-1,0,-1
2023061393642,2023,061393642,2,9,0,6,6,8,4,0,0,0,1,0,0,0,3,1,5,6,1,26,6,998,1,6,HYUNDAI I10,8,E01014375,0,-1
202354C093723,2023,54C093723,1,8,0,18,19,7,3,0,0,4,0,0,0,0,3,1,1,1,3,-1,-1,998,1,5,-1,-1,-1,0,-1
2023101389970,2023,101389970,1,9,0,5,5,1,5,0,0,1,0,0,0,0,1,1,5,6,2,21,5,998,1,6,HYUNDAI I10,4,E01008274,0,-1
2023122300379,2023,122300379,1,9,0,18,19,5,1,0,0,0,0,4,0,0,3,1,6,6,2,76,11,1248,1,5,HYUNDAI I10,8,E01027702,0,-1
2023201371126,2023,201371126,1,9,0,9,9,2,8,0,0,6,0,0,0,0,4,1,6,6,1,-1,-1,1248,1,9,HYUNDAI I10,5,E01010026,0,-1
2023031362932,2023,031362932,1,9,0,18,19,1,5,0,0,0,0,4,0,0,1,1,5,6,2,48,8,998,1,7,HYUNDAI I10,1,E01019267,0,-1
2023201425935,2023,201425935,1,9,0,18,19,4,8,0,0,2,0,0,0,0,1,1,6,6,2,50,8,998,1,7,HYUNDAI I10,5,E01028843,0,-1
2023991327459,2023,991327459,1,9,0,11,11,4,8,0,0,0,0,0,4,6,4,1,5,6,2,19,4,1248,1,10,HYUNDAI I10,2,-1,0,-1
2023440444771,2023,440444771,3,9,0,18,19,2,6,0,0,0,0,0,0,0,1,1,2,2,1,51,8,1248,1,14,HYUNDAI I10,9,E01032626,0,-1
2023430374023,2023,430374023,1,9,0,18,19,8,4,0,0,0,0,0,0,0,1,1,6,6,3,-1,-1,1248,1,13,HYUNDAI I10,-1,-1,0,-1
2023631347020,2023,631347020,1,9,0,17,19,5,1,0,0,0,1,0,0,0,1,1,5,6,1,27,6,998,1,5,HYUNDAI I10,3,E01011018,0,-1
2023161275518,2023,161275518,1,9,0,18,19,3,7,0,0,1,0,0,0,0,2,1,6,6,2,63,9,998,1,7,HYUNDAI I10,3,E01012817,0,-1
2023061278321,2023,061278321,1,9,0,18,19,3,7,0,0,0,0,0,0,0,3,1,6,6,2,30,6,1248,1,5,HYUNDAI I10,2,E01004969,0,-1
2023552300333,2023,552300333,1,9,0,18,19,4,8,0,0,0,1,0,1,9,4,1,2,2,1,63,9,1248,1,12,HYUNDAI I10,2,E01033200,0,-1
2023461311262,2023,461311262,3,9,0,2,2,0,0,0,0,0,0,0,0,0,2,1,6,6,3,-1,-1,1248,1,10,HYUNDAI I10,-1,-1,0,-1
2023201372797,2023,201372797,2,9,0,9,9,5,1,0,0,5,0,0,0,0,4,1,5,6,2,35,6,1248,1,6,HYUNDAI I10,3,E01010055,0,-1
2023311288550,2023,311288550,1,9,0,18,19,6,2,0,0,1,0,0,0,0,1,1,6,6,2,50,8,1086,1,15,HYUNDAI I10,10,E01025780,0,-1
2023061384073,2023,061384073,3,9,0,2,2,0,0,0,0,2,0,0,0,0,2,1,6,6,3,-1,-1,1248,1,6,HYUNDAI I10,-1,-1,0,-1
2023461302223,2023,461302223,1,9,0,18,19,4,8,0,0,1,0,0,0,0,1,1,2,2,1,77,11,1248,1,6,HYUNDAI I10,2,E01024193,0,-1
2023421364040,2023,421364040,2,9,0,2,2,1,5,0,0,0,0,0,0,0,1,1,6,6,2,28,6,1248,1,14,HYUNDAI I10,5,E01033141,0,-1
2023501384717,2023,501384717,2,9,0,18,19,1,6,0,0,8,0,0,0,0,1,1,5,6,2,33,6,1248,1,9,HYUNDAI I10,8,E01019968,0,-1
2023131357787,2023,131357787,1,9,0,7,7,1,1,0,0,6,0,0,0,0,1,1,1,1,1,22,5,998,1,9,HYUNDAI I10,2,E01011166,0,-1
2023122300782,2023,122300782,1,9,0,18,19,6,2,0,0,0,5,0,0,0,1,1,6,6,1,79,11,998,1,6,HYUNDAI I10,5,E01025206,0,-1
2023070623240,2023,070623240,1,9,0,18,19,1,5,0,0,1,0,0,3,10,4,1,6,6,2,53,8,1248,1,12,HYUNDAI I10,-1,-1,0,-1
2023201448460,2023,201448460,2,9,0,18,19,8,4,0,0,8,0,0,0,0,1,1,6,6,3,37,7,1248,1,7,HYUNDAI I10,1,E01009502,0,-1
2023991331122,2023,991331122,2,9,0,18,19,5,1,0,0,0,0,0,0,0,1,1,1,1,2,36,7,1197,1,2,HYUNDAI I10,-1,-1,0,-1
2023052302514,2023,052302514,2,9,0,9,9,7,5,0,0,8,0,0,0,0,1,1,6,6,2,76,11,998,1,7,HYUNDAI I10,7,E01007305,0,-1
2023461326036,2023,461326036,1,9,0,18,19,5,1,0,0,0,0,0,0,0,3,1,2,2,2,68,10,1248,1,10,HYUNDAI I10,2,E01016140,0,-1
2023070509119,2023,070509119,2,9,0,9,9,8,4,0,0,8,0,0,0,0,4,1,6,6,2,77,11,1248,1,11,HYUNDAI I10,2,E01018388,0,-1
2023122300387,2023,122300387,2,9,0,4,4,3,7,0,0,1,0,0,0,0,2,1,2,2,1,34,6,1248,1,14,HYUNDAI I10,1,E01012092,0,-1
2023010447601,2023,010447601,2,9,0,99,99,9,9,99,99,0,9,99,9,99,1,9,6,6,3,-1,-1,1248,1,14,HYUNDAI I10,-1,-1,0,-1
2023471350954,2023,471350954,2,9,0,5,5,2,6,0,0,0,0,0,0,0,0,1,5,6,2,62,9,998,1,8,HYUNDAI I10,10,E01031803,0,-1
2023111364167,2023,111364167,1,9,0,16,19,4,8,0,0,0,0,0,7,11,1,1,5,6,1,18,4,1248,1,9,HYUNDAI I10,8,E01020862,0,-1
2023122300256,2023,122300256,1,9,0,18,19,5,1,0,0,0,5,0,1,4,1,1,6,6,1,33,6,1248,1,6,HYUNDAI I10,4,E01027710,0,-1
2023451316107,2023,451316107,1,9,0,18,19,1,5,0,0,1,0,0,0,0,1,1,6,6,1,73,10,1248,1,13,HYUNDAI I10,3,E01030578,0,-1
2023471374946,2023,471374946,1,9,0,18,19,8,4,0,0,2,0,2,0,0,1,1,5,6,1,70,10,1248,1,13,HYUNDAI I10,6,E01031606,0,-1
202354C948023,2023,54C948023,1,9,0,18,19,2,6,0,0,0,0,0,7,2,1,1,6,6,2,80,11,998,1,0,HYUNDAI I10,2,E01015506,0,-1
2023552300581,2023,552300581,3,9,0,3,3,5,1,0,0,8,0,0,0,0,2,1,6,6,2,56,9,1248,1,12,HYUNDAI I10,8,E01015320,0,-1
2023141325763,2023,141325763,1,9,0,10,10,1,2,0,0,2,0,0,0,0,2,1,5,6,2,45,7,1248,1,10,HYUNDAI I10,2,E01008089,0,-1
2023221297726,2023,221297726,2,9,0,17,19,2,7,0,0,1,1,0,7,0,1,1,5,6,1,75,10,1248,1,12,HYUNDAI I10,5,E01032280,0,-1
2023471270516,2023,471270516,1,9,0,9,9,7,5,0,0,1,0,0,7,0,4,1,5,6,2,66,10,1248,1,7,HYUNDAI I10,9,E01030880,0,-1
2023332300878,2023,332300878,2,9,0,18,19,6,2,0,0,8,0,0,0,0,1,1,2,2,2,28,6,998,1,5,HYUNDAI I10,3,E01025987,0,-1
2023311363051,2023,311363051,1,9,0,16,19,3,7,0,0,0,2,0,1,0,1,1,6,6,2,66,10,1248,1,11,HYUNDAI I10,6,E01028037,0,-1
2023131315223,2023,131315223,1,9,0,17,19,5,1,0,0,0,0,11,0,0,1,1,5,6,1,17,4,1248,1,13,HYUNDAI I10,8,E01011769,0,-1
2023201416056,2023,201416056,1,9,0,18,19,3,7,0,0,2,1,10,1,2,1,1,6,6,1,24,5,1248,1,13,HYUNDAI I10,3,E01033562,0,-1
2023451287141,2023,451287141,2,9,0,2,2,0,0,0,0,1,0,0,0,0,4,1,6,6,3,-1,-1,1248,1,9,HYUNDAI I10,-1,-1,0,-1
2023161392053,2023,161392053,1,9,0,18,19,1,5,0,0,0,5,4,0,0,1,1,5,6,2,93,11,1248,1,11,HYUNDAI I10,6,E01013023,0,-1
2023231396623,2023,231396623,1,9,0,17,19,2,8,0,0,0,2,0,1,0,0,1,5,6,1,75,10,1248,1,12,HYUNDAI I10,2,E01028454,0,-1
2023440163355,2023,440163355,2,9,0,8,8,2,4,0,0,1,0,0,0,0,2,1,6,6,2,51,8,998,1,0,HYUNDAI I10,6,E01022657,0,-1
2023041271616,2023,041271616,2,9,0,2,2,5,1,0,0,1,0,0,0,0,2,1,5,6,2,63,9,1248,1,12,HYUNDAI I10,7,E01025417,0,-1
2023161314553,2023,161314553,1,9,0,9,9,5,1,0,0,6,0,0,0,0,3,1,5,6,1,74,10,1248,1,11,HYUNDAI I10,7,E01013075,0,-1
2023411375742,2023,411375742,2,9,0,18,19,4,7,0,0,0,0,0,0,0,3,1,6,6,2,35,6,1248,1,11,HYUNDAI I10,5,E01023937,0,-1
2023031348126,2023,031348126,1,9,0,5,5,5,1,0,0,1,0,0,7,0,1,1,2,2,2,88,11,1248,1,14,HYUNDAI I10,6,E01019180,0,-1
2023531279647,2023,531279647,1,9,0,18,19,6,2,0,0,0,0,0,0,0,1,1,5,6,2,21,5,1248,1,11,HYUNDAI I10,7,E01022449,0,-1
2023122400251,2023,122400251,1,9,0,18,19,5,1,0,0,0,2,10,7,9,1,1,2,2,2,57,9,1248,1,10,HYUNDAI I10,5,E01027777,0,-1
2023010481455,2023,010481455,1,9,0,5,5,3,7,0,0,1,0,0,0,0,1,1,2,2,1,47,8,998,1,5,HYUNDAI I10,1,E01004257,0,-1
2023010443923,2023,010443923,1,9,0,16,19,1,5,0,0,8,0,0,0,0,1,1,6,6,2,75,10,1248,1,8,HYUNDAI I10,7,E01016818,0,-1
2023430491632,2023,430491632,1,9,0,9,9,1,7,0,0,8,0,0,0,0,3,1,6,6,2,47,8,1248,1,10,HYUNDAI I10,8,E01016775,0,-1
2023010467600,2023,010467600,1,9,0,9,9,7,4,0,0,1,0,0,0,0,3,1,6,6,2,23,5,998,1,9,HYUNDAI I10,-1,-1,0,-1
2023461347676,2023,461347676,1,9,0,18,19,3,7,0,0,1,0,0,0,0,1,1,6,6,1,20,4,998,1,4,HYUNDAI I10,9,E01024349,0,-1
2023471342523,2023,471342523,1,9,0,9,9,3,5,0,0,8,0,0,0,0,4,1,5,6,1,30,6,1248,1,14,HYUNDAI I10,8,E01031814,0,-1
2023991392355,2023,991392355,4,9,0,4,4,6,2,0,0,0,0,0,0,0,2,1,6,6,1,31,6,998,1,6,HYUNDAI I10,6,-1,0,-1
2023131382011,2023,131382011,1,9,0,18,19,7,3,0,0,8,0,0,0,0,1,1,6,6,2,25,5,998,1,7,HYUNDAI I10,6,E01010640,0,-1
2023471319193,2023,471319193,1,9,0,5,5,5,1,0,0,1,0,0,7,0,1,1,5,6,1,48,8,998,1,5,HYUNDAI I10,4,E01020976,0,-1
2023501359894,2023,501359894,2,9,0,18,19,1,5,0,0,0,0,1,0,0,1,1,6,6,2,18,4,1248,1,11,HYUNDAI I10,4,E01015265,0,-1
2023311294011,2023,311294011,2,9,0,4,4,7,3,0,0,2,0,0,0,0,1,1,2,2,1,45,7,1248,1,13,HYUNDAI I10,9,E01027992,0,-1
2023451391716,2023,451391716,4,9,0,18,19,5,1,0,0,0,0,0,0,0,1,1,5,6,2,78,11,1248,1,4,HYUNDAI I10,9,E01000991,0,-1
2023471331064,2023,471331064,1,9,0,18,19,5,1,0,0,0,0,0,0,0,0,1,6,6,1,24,5,1248,1,10,HYUNDAI I10,9,E01031772,0,-1
2023501288212,2023,501288212,1,9,0,4,4,7,3,0,0,0,1,0,0,0,1,1,5,6,2,24,5,1248,1,12,HYUNDAI I10,6,E01020119,0,-1
2023461369914,2023,461369914,1,9,0,16,19,8,2,0,0,0,1,0,0,0,3,1,6,6,2,38,7,1248,1,12,HYUNDAI I10,4,E01024566,0,-1
2023010449761,2023,010449761,2,9,0,9,9,5,3,0,0,1,0,0,0,0,1,1,6,6,1,22,5,1248,1,9,HYUNDAI I10,3,E01001244,0,-1
2023440296555,2023,440296555,2,9,0,3,3,1,5,0,0,1,0,0,0,0,2,1,6,6,1,57,9,1248,1,13,HYUNDAI I10,4,E01022973,0,-1
2023010485068,2023,010485068,2,9,0,99,99,9,9,99,99,9,9,99,9,99,9,9,6,6,3,-1,-1,1248,1,9,HYUNDAI I10,-1,-1,0,-1
2023131362675,2023,131362675,1,9,0,18,19,3,7,0,0,1,0,0,0,0,1,1,6,6,2,-1,-1,1248,1,11,HYUNDAI I10,-1,-1,0,-1
2023421361813,2023,421361813,1,9,0,7,7,2,8,0,0,0,0,0,0,0,2,1,6,6,1,25,5,1086,1,15,HYUNDAI I10,-1,-1,0,-1
2023010469180,2023,010469180,1,9,0,9,9,5,2,0,0,2,0,0,0,0,3,1,6,6,2,55,8,998,1,1,HYUNDAI I10,8,E01003856,0,-1
2023351287430,2023,351287430,1,9,0,4,4,1,2,0,0,1,1,0,0,0,1,1,5,6,2,73,10,1248,1,13,HYUNDAI I10,5,E01018214,0,-1
2023041308532,2023,041308532,1,9,0,5,5,5,1,0,0,1,0,0,0,0,2,1,6,6,1,82,11,1086,1,15,HYUNDAI I10,3,E01006780,0,-1
2023540538023,2023,540538023,1,9,0,18,19,8,4,0,0,0,1,0,1,4,2,1,6,6,2,19,4,1248,1,13,HYUNDAI I10,2,E01031914,0,-1
2023221325673,2023,221325673,1,9,0,9,9,7,6,0,0,5,0,0,0,0,1,1,5,6,2,75,10,998,1,4,HYUNDAI I10,5,E01014069,0,-1
2023546322723,2023,546322723,1,9,0,18,19,2,6,0,0,1,0,0,1,10,1,1,1,1,1,23,5,1086,1,15,HYUNDAI I10,6,E01031860,0,-1
2023131348942,2023,131348942,1,9,0,11,11,7,3,0,0,0,0,0,0,0,4,1,2,2,2,35,6,1248,1,11,HYUNDAI I10,1,E01011283,0,-1
2023131309603,2023,131309603,5,9,0,18,19,1,5,0,0,1,0,0,0,0,0,1,6,6,2,36,7,1248,1,6,HYUNDAI I10,4,E01011238,0,-1
2023991286112,2023,991286112,2,9,0,18,19,2,6,0,0,1,0,0,0,0,2,1,1,1,2,32,6,998,1,4,HYUNDAI I10,2,-1,0,-1
2023141273984,2023,141273984,2,9,0,4,4,2,4,0,0,0,0,0,0,0,1,1,2,2,2,19,4,998,1,5,HYUNDAI I10,4,E01007788,0,-1
2023131308101,2023,131308101,1,9,0,9,9,4,8,0,0,1,0,0,0,0,1,1,6,6,2,75,10,998,1,5,HYUNDAI I10,2,E01010929,0,-1
2023430550428,2023,430550428,1,9,0,18,19,5,1,0,0,1,0,4,0,0,1,1,6,6,1,76,11,998,1,0,HYUNDAI I10,2,E01028692,0,-1