collision_index,collision_year,collision_ref_no,vehicle_reference,vehicle_type,towing_and_articulation,vehicle_manoeuvre_historic,vehicle_manoeuvre,vehicle_direction_from,vehicle_direction_to,vehicle_location_restricted_lane_historic,vehicle_location_restricted_lane,junction_location,skidding_and_overturning,hit_object_in_carriageway,vehicle_leaving_carriageway,hit_object_off_carriageway,first_point_of_impact,vehicle_left_hand_drive,journey_purpose_of_driver_historic,journey_purpose_of_driver,sex_of_driver,age_of_driver,age_band_of_driver,engine_capacity_cc,propulsion_code,age_of_vehicle,generic_make_model,driver_imd_decile,lsoa_of_driver,escooter_flag,driver_distance_banding
2023501269028,2023,501269028,3,9,0,2,2,0,0,0,0,1,0,0,0,0,0,1,6,6,3,-1,-1,1086,1,15,HYUNDAI I10,-1,-1,0,-1
2023471341405,2023,471341405,2,9,0,18,19,7,3,0,0,0,0,0,1,0,3,1,1,1,1,59,9,1086,1,15,HYUNDAI I10,4,E01021177,0,-1
2023361341353,2023,361341353,1,9,0,4,4,7,3,0,0,0,0,0,0,0,1,1,5,6,1,63,9,1248,1,12,HYUNDAI I10,5,E01026121,0,-1
2023991311149,2023,991311149,2,9,0,2,2,1,5,0,0,0,5,0,0,0,2,1,2,2,2,34,6,1248,1,11,HYUNDAI I10,2,-1,0,-1
2023122300667,2023,122300667,2,9,0,4,4,5,1,0,0,0,0,0,0,0,2,1,6,6,2,47,8,1248,1,5,HYUNDAI I10,8,E01027691,0,-1
2023421325402,2023,421325402,1,9,0,9,9,2,1,0,0,8,0,0,0,0,1,1,5,6,2,52,8,1248,1,10,HYUNDAI I10,6,E01033056,0,-1
2023471381514,2023,471381514,1,9,0,18,19,6,2,0,0,0,1,0,0,0,1,1,5,6,2,74,10,1248,1,14,HYUNDAI I10,6,E01031513,0,-1
2023010420752,2023,010420752,2,9,0,99,99,9,9,99,99,9,9,99,9,99,4,9,6,6,3,-1,-1,1248,1,8,HYUNDAI I10,-1,-1,0,-1
2023041283693,2023,041283693,1,9,0,16,19,5,5,9,9,1,5,9,5,6,1,1,5,6,1,22,5,1248,1,6,HYUNDAI I10,2,E01004828,0,-1
2023131350450,2023,131350450,3,9,0,2,2,0,0,0,0,0,0,0,0,0,3,1,6,6,3,-1,-1,998,1,4,HYUNDAI I10,-1,-1,0,-1
2023332300646,2023,332300646,1,9,0,18,19,6,2,0,0,8,0,0,1,2,3,1,1,1,2,39,7,1086,1,15,HYUNDAI I10,1,E01013727,0,-1
2023101388927,2023,101388927,2,9,0,4,4,1,5,0,0,0,5,0,2,0,2,1,2,2,2,38,7,1248,1,11,HYUNDAI I10,-1,-1,0,-1
2023302300543,2023,302300543,1,9,0,18,19,2,6,0,0,1,0,0,0,0,4,1,6,6,2,53,8,1248,1,11,HYUNDAI I10,2,E01013499,0,-1
2023221304014,2023,221304014,2,9,0,18,19,5,1,0,0,0,0,0,5,6,2,1,5,6,2,35,6,1248,1,8,HYUNDAI I10,5,E01022312,0,-1
2023052300659,2023,052300659,2,9,0,4,4,5,1,0,0,1,0,0,0,0,2,1,6,6,2,25,5,1248,1,11,HYUNDAI I10,1,E01006758,0,-1
2023010447777,2023,010447777,1,9,0,17,19,7,3,0,0,1,0,0,0,0,3,1,1,1,2,53,8,1248,1,14,HYUNDAI I10,5,E01033741,0,-1
2023991353759,2023,991353759,2,9,0,18,19,4,8,0,0,8,0,0,0,0,4,1,5,6,2,64,9,998,1,9,HYUNDAI I10,6,-1,0,-1
2023201426536,2023,201426536,1,9,0,9,9,6,4,0,0,5,0,0,0,0,3,1,1,1,1,54,8,1248,1,12,HYUNDAI I10,2,E01010021,0,-1
2023320483001,2023,320483001,2,9,0,18,19,8,4,0,0,0,1,0,0,0,1,1,6,6,2,28,6,1248,1,7,HYUNDAI I10,2,E01005178,0,-1
2023131263374,2023,131263374,3,9,0,9,9,1,5,0,0,0,0,0,0,0,2,1,2,2,1,36,7,998,1,8,HYUNDAI I10,7,E01011581,0,-1
2023332300979,2023,332300979,1,9,0,4,4,5,1,0,0,0,0,0,1,7,2,1,6,6,1,76,11,998,1,9,HYUNDAI I10,10,E01025676,0,-1
2023061395066,2023,061395066,1,9,0,18,19,6,2,0,0,1,0,0,0,0,1,1,6,6,3,-1,-1,1086,1,15,HYUNDAI I10,-1,-1,0,-1
2023161301025,2023,161301025,2,9,0,7,7,7,1,0,0,0,0,0,0,0,1,1,6,6,2,-1,-1,1248,1,8,HYUNDAI I10,-1,-1,0,-1
2023311281759,2023,311281759,1,9,0,18,19,7,3,0,0,0,0,0,0,0,4,1,6,6,1,17,4,1248,1,11,HYUNDAI I10,10,E01028292,0,-1
2023031380149,2023,031380149,2,9,0,2,2,0,0,0,0,1,0,0,0,0,1,2,5,6,1,69,10,1248,1,7,HYUNDAI I10,-1,-1,0,-1
2023461350296,2023,461350296,2,9,0,3,3,5,1,0,0,0,0,0,0,0,2,1,5,6,2,23,5,1248,1,7,HYUNDAI I10,5,E01024651,0,-1
2023440295722,2023,440295722,1,9,0,18,19,6,2,0,0,0,1,4,0,0,1,1,6,6,1,19,4,1248,1,14,HYUNDAI I10,1,E01017250,0,-1
2023010484205,2023,010484205,2,9,0,3,3,7,3,0,0,1,0,0,0,0,1,1,6,6,2,87,11,1248,1,10,HYUNDAI I10,10,E01002153,0,-1
2023141325455,2023,141325455,2,9,0,9,9,8,7,0,0,8,0,0,0,0,1,1,5,6,2,64,9,1248,1,11,HYUNDAI I10,2,E01007998,0,-1
2023461266041,2023,461266041,1,9,0,5,5,6,2,0,0,0,0,0,0,0,1,1,6,6,1,47,8,1248,1,13,HYUNDAI I10,1,E01016023,0,-1
2023010474318,2023,010474318,2,9,9,99,99,9,9,99,99,9,9,99,9,99,9,9,6,6,3,-1,-1,1197,1,0,HYUNDAI I10,-1,-1,0,-1
2023440165435,2023,440165435,2,9,0,3,3,1,5,0,0,0,0,0,0,0,2,1,2,2,1,56,9,1248,1,10,HYUNDAI I10,5,E01022832,0,-1
2023451341621,2023,451341621,1,9,0,18,19,1,5,0,0,0,2,0,0,0,1,1,2,2,2,23,5,1248,1,11,HYUNDAI I10,9,E01030301,0,-1
2023340WN2352,2023,340WN2352,1,9,0,9,9,5,3,0,0,6,0,0,0,0,1,1,1,1,1,45,7,1248,1,4,HYUNDAI I10,6,E01027029,0,-1
2023501387921,2023,501387921,2,9,0,9,9,3,5,0,0,6,0,0,0,0,3,1,6,6,2,71,10,1197,1,2,HYUNDAI I10,3,E01018888,0,-1
2023221302085,2023,221302085,1,9,0,7,7,6,8,0,0,5,0,0,0,0,1,1,6,6,2,37,7,1248,1,12,HYUNDAI I10,9,E01022427,0,-1
2023461327102,2023,461327102,1,9,0,9,9,1,7,0,0,2,0,0,0,0,3,1,5,6,2,88,11,1248,1,3,HYUNDAI I10,10,E01021202,0,-1
2023010434747,2023,010434747,2,9,0,99,99,9,9,99,99,9,9,99,9,99,1,9,6,6,3,-1,-1,1248,1,11,HYUNDAI I10,-1,-1,0,-1
2023440217556,2023,440217556,1,9,0,18,19,6,2,0,0,0,0,0,0,0,4,1,6,6,1,18,4,1248,1,14,HYUNDAI I10,7,E01017048,0,-1
2023522300388,2023,522300388,2,9,0,9,9,7,5,0,0,8,0,0,0,0,4,1,6,6,1,67,10,1248,1,5,HYUNDAI I10,8,E01014982,0,-1
2023122400142,2023,122400142,1,9,0,18,19,7,3,0,0,0,5,0,8,11,1,1,6,6,2,92,11,1248,1,12,HYUNDAI I10,6,E01027764,0,-1
2023010447594,2023,010447594,2,9,0,14,14,6,2,0,0,2,0,0,0,0,1,1,1,1,2,62,9,1248,1,10,HYUNDAI I10,7,E01002136,0,-1
2023421271168,2023,421271168,2,9,0,18,19,3,7,0,0,0,0,0,0,0,3,1,5,6,2,41,7,998,1,4,HYUNDAI I10,1,E01021968,0,-1
2023141372691,2023,141372691,1,9,0,18,19,1,5,0,0,0,5,7,0,0,1,1,5,6,1,39,7,1197,1,2,HYUNDAI I10,8,E01007527,0,-1
2023211333803,2023,211333803,1,9,0,4,4,4,3,9,9,1,0,0,3,0,1,1,6,6,2,39,7,1248,1,9,HYUNDAI I10,3,E01029591,0,-1
2023440274004,2023,440274004,1,9,0,2,2,0,0,0,0,0,0,0,0,0,4,1,6,6,2,70,10,998,1,9,HYUNDAI I10,9,E01023385,0,-1
2023131368300,2023,131368300,2,9,0,2,2,0,0,0,0,0,0,0,0,0,1,1,6,6,3,-1,-1,998,1,8,HYUNDAI I10,-1,-1,0,-1
2023421325067,2023,421325067,1,9,0,15,15,1,3,0,0,0,0,4,0,0,1,1,6,6,2,65,9,1248,1,11,HYUNDAI I10,4,E01021598,0,-1
2023141358097,2023,141358097,1,9,0,18,19,1,6,0,0,0,1,0,1,0,1,1,6,6,1,66,10,1248,1,11,HYUNDAI I10,5,E01007361,0,-1
2023010439046,2023,010439046,1,9,0,5,5,7,3,0,0,1,0,0,0,0,1,1,6,6,2,26,6,1248,1,4,HYUNDAI I10,4,E01002267,0,-1
2023201289399,2023,201289399,1,9,0,5,5,7,1,0,0,0,0,0,0,0,3,1,6,6,2,74,10,1248,1,6,HYUNDAI I10,3,E01009441,0,-1
2023311332223,2023,311332223,1,9,0,18,19,2,6,0,0,1,0,0,0,0,1,1,6,6,2,24,5,1248,1,14,HYUNDAI I10,5,E01013931,0,-1
202360A003946,2023,60A003946,2,9,0,18,19,1,5,0,0,1,0,0,0,0,1,1,6,6,2,80,11,998,1,5,HYUNDAI I10,-1,-1,0,-1
2023211301120,2023,211301120,1,9,0,18,19,1,4,0,0,0,2,0,0,0,4,1,6,6,1,79,11,998,1,4,HYUNDAI I10,8,E01029441,0,-1
2023531268375,2023,531268375,2,9,0,3,3,1,5,0,0,0,0,0,0,0,2,1,6,6,2,57,9,1197,1,1,HYUNDAI I10,9,E01032379,0,-1
2023201291321,2023,201291321,2,9,0,7,7,3,5,0,0,5,0,0,0,0,4,1,6,6,1,18,4,998,1,7,HYUNDAI I10,2,E01008897,0,-1
2023471374013,2023,471374013,2,9,0,18,19,1,5,0,0,1,0,0,0,0,1,1,5,6,2,44,7,1248,1,11,HYUNDAI I10,-1,-1,0,-1
2023131265049,2023,131265049,1,9,0,18,19,5,1,0,0,8,0,0,0,0,1,1,5,6,2,75,10,1248,1,4,HYUNDAI I10,7,E01011393,0,-1
2023991279179,2023,991279179,1,9,0,18,19,7,3,0,0,1,0,0,0,0,1,1,5,6,2,93,11,1248,1,13,HYUNDAI I10,10,-1,0,-1
2023440053097,2023,440053097,2,9,0,18,19,8,4,0,0,0,0,0,0,0,1,1,6,6,2,-1,-1,1086,1,14,HYUNDAI I10,-1,-1,0,-1
2023471313367,2023,471313367,2,9,0,9,9,5,1,0,0,5,0,0,0,0,3,1,1,1,2,30,6,1086,1,15,HYUNDAI I10,4,E01031785,0,-1
2023052300539,2023,052300539,1,9,0,18,19,7,3,0,0,1,0,0,0,0,1,1,6,6,2,43,7,1086,1,15,HYUNDAI I10,2,E01006966,0,-1
2023610012523,2023,610012523,1,9,0,9,9,7,5,0,0,2,0,0,0,0,1,1,6,6,2,20,4,998,1,6,HYUNDAI I10,5,W01001367,0,-1
202354C544223,2023,54C544223,1,9,0,18,19,2,6,0,0,1,1,0,1,0,1,1,6,6,1,20,4,998,1,8,HYUNDAI I10,10,E01031984,0,-1
2023320763406,2023,320763406,1,9,0,18,19,6,2,0,0,0,5,0,7,9,1,1,6,6,1,79,11,1248,1,5,HYUNDAI I10,9,E01026405,0,-1
2023991346700,2023,991346700,2,9,0,2,2,3,7,0,0,0,0,0,1,0,4,1,5,6,2,81,11,1248,1,12,HYUNDAI I10,4,-1,0,-1
2023010428426,2023,010428426,2,9,0,99,99,9,9,99,99,9,9,99,9,99,1,9,6,6,2,23,5,1086,1,15,HYUNDAI I10,9,E01003847,0,-1
2023501327054,2023,501327054,1,9,0,18,19,1,5,0,0,0,0,0,1,9,1,1,6,6,2,34,6,1248,1,13,HYUNDAI I10,3,E01018937,0,-1
2023161353702,2023,161353702,1,9,0,18,19,5,1,0,0,1,1,0,7,0,1,1,5,6,2,76,11,998,1,5,HYUNDAI I10,9,E01012996,0,-1
2023461320928,2023,461320928,1,9,0,17,19,3,1,9,9,1,0,4,0,0,4,1,5,6,1,45,7,1248,1,13,HYUNDAI I10,6,E01024520,0,-1
2023061291098,2023,061291098,2,9,0,3,3,3,7,0,0,1,0,0,0,0,3,1,6,6,2,59,9,998,1,4,HYUNDAI I10,6,E01006255,0,-1
2023991262202,2023,991262202,2,9,0,2,2,0,0,6,6,0,0,0,0,0,2,1,6,6,3,-1,-1,998,1,3,HYUNDAI I10,-1,-1,0,-1
2023061278089,2023,061278089,1,9,0,18,19,3,7,0,0,0,0,0,0,0,1,1,6,6,2,27,6,1248,1,13,HYUNDAI I10,3,E01007993,0,-1
2023010474899,2023,010474899,1,9,0,99,99,9,9,99,99,9,9,99,9,99,2,9,6,6,2,61,9,1248,1,13,HYUNDAI I10,7,E01002222,0,-1
2023461291776,2023,461291776,1,9,0,15,15,2,6,0,0,1,5,11,1,1,4,1,6,6,1,74,10,1248,1,10,HYUNDAI I10,8,E01024045,0,-1
2023010452285,2023,010452285,1,9,0,9,9,3,1,0,0,2,0,0,0,0,1,1,6,6,1,20,4,998,1,5,HYUNDAI I10,2,E01032565,0,-1
2023201331783,2023,201331783,1,9,0,5,5,2,4,0,0,6,0,0,0,0,1,1,6,6,2,67,10,998,1,7,HYUNDAI I10,4,E01009628,0,-1
2023451345062,2023,451345062,1,9,0,18,19,5,5,0,0,0,1,0,0,0,3,1,6,6,3,26,6,1248,1,12,HYUNDAI I10,2,E01001332,0,-1
2023430254939,2023,430254939,2,9,0,16,19,7,2,0,0,0,0,0,0,0,1,1,6,6,2,24,5,998,1,9,HYUNDAI I10,10,E01028476,0,-1
2023131313389,2023,131313389,1,9,0,18,19,6,2,0,0,8,0,0,0,0,1,1,6,6,2,67,10,1197,1,2,HYUNDAI I10,4,E01010877,0,-1
2023052300683,2023,052300683,1,9,0,18,19,1,5,0,0,0,0,0,0,0,4,1,6,6,2,65,9,998,1,8,HYUNDAI I10,7,E01007080,0,-1
2023351319447,2023,351319447,1,9,0,18,19,7,3,0,0,7,0,0,2,7,1,1,1,1,2,41,7,1248,1,7,HYUNDAI I10,10,E01018272,0,-1
2023131322160,2023,131322160,3,9,0,2,2,5,1,0,0,0,0,4,0,0,2,1,6,6,3,-1,-1,1248,1,11,HYUNDAI I10,-1,-1,0,-1
2023622300503,2023,622300503,1,9,0,16,19,8,3,0,0,0,1,0,2,4,1,1,6,6,1,17,4,1248,1,13,HYUNDAI I10,2,W01000856,0,-1
2023401337182,2023,401337182,2,9,0,18,19,1,5,0,0,0,0,0,0,0,1,1,5,6,1,23,5,998,1,4,HYUNDAI I10,5,E01017557,0,-1
2023552301169,2023,552301169,2,9,0,18,19,4,8,0,0,1,0,0,0,0,1,1,6,6,2,72,10,1248,1,11,HYUNDAI I10,6,E01020447,0,-1
2023520300519,2023,520300519,1,9,0,18,19,3,7,0,0,0,0,0,0,0,1,1,6,6,2,75,10,1086,1,15,HYUNDAI I10,4,E01032627,0,-1
2023451320520,2023,451320520,3,9,0,18,19,1,1,0,0,0,0,0,0,0,2,1,6,6,2,30,6,1248,1,4,HYUNDAI I10,7,E01030684,0,-1
2023451361562,2023,451361562,1,9,0,1,1,3,7,0,0,0,0,0,0,0,2,1,1,1,1,70,10,1248,1,7,HYUNDAI I10,10,E01030682,0,-1
2023351324125,2023,351324125,3,9,0,16,19,3,7,0,0,0,0,0,1,0,1,1,6,6,1,26,6,1197,1,2,HYUNDAI I10,2,E01018144,0,-1
2023501275007,2023,501275007,1,9,0,18,19,8,4,0,0,0,5,0,2,0,1,1,1,1,1,29,6,998,1,1,HYUNDAI I10,6,E01020031,0,-1
2023061314705,2023,061314705,3,9,0,2,2,4,4,0,0,0,0,0,1,11,3,1,6,6,3,-1,-1,1248,1,13,HYUNDAI I10,-1,-1,0,-1
2023351357528,2023,351357528,1,9,0,12,12,7,5,0,0,3,0,0,0,0,4,1,2,2,2,30,6,1248,1,13,HYUNDAI I10,3,E01015652,0,-1
2023302300557,2023,302300557,1,9,0,5,5,2,4,0,0,6,0,0,0,0,4,1,6,6,2,76,11,998,1,5,HYUNDAI I10,4,E01019574,0,-1
2023311287954,2023,311287954,2,9,0,5,5,2,8,0,0,6,0,0,0,0,1,1,6,6,2,38,7,1248,1,8,HYUNDAI I10,3,E01013816,0,-1
2023311260729,2023,311260729,1,9,0,9,9,3,1,0,0,1,0,0,0,0,1,1,6,6,1,70,10,1248,1,6,HYUNDAI I10,5,E01019438,0,-1
2023101378325,2023,101378325,2,9,0,2,2,0,0,0,0,0,0,0,0,0,0,1,6,6,3,-1,-1,998,1,8,HYUNDAI I10,-1,-1,0,-1
2023302300080,2023,302300080,1,9,0,18,19,6,2,0,0,2,0,4,0,0,1,1,6,6,2,52,8,1248,1,4,HYUNDAI I10,10,E01019587,0,-1
2023052302275,2023,052302275,1,9,0,9,9,1,7,0,0,1,0,0,0,0,1,1,6,6,2,71,10,998,1,7,HYUNDAI I10,2,E01006742,0,-1
2023221294277,2023,221294277,2,9,0,3,3,7,3,0,0,1,0,0,0,0,2,1,5,6,1,24,5,1248,1,11,HYUNDAI I10,10,E01010108,0,-1
2023531271170,2023,531271170,1,9,0,17,19,2,6,0,0,0,0,4,0,0,4,1,6,6,2,30,6,1248,1,10,HYUNDAI I10,5,E01032295,0,-1
2023231274412,2023,231274412,2,9,0,10,10,4,2,0,0,1,0,0,0,0,2,1,1,1,1,75,10,998,1,4,HYUNDAI I10,9,E01032379,0,-1
2023411384378,2023,411384378,1,9,0,7,7,-1,-1,0,0,0,0,0,0,0,1,1,6,6,1,-1,-1,1248,1,14,HYUNDAI I10,-1,-1,0,-1
2023471348134,2023,471348134,2,9,0,18,19,6,2,0,0,1,0,0,0,0,1,1,5,6,2,44,7,1248,1,14,HYUNDAI I10,6,E01016887,0,-1
2023520301856,2023,520301856,2,9,0,18,19,2,6,0,0,1,0,0,0,0,1,1,6,6,1,27,6,998,1,6,HYUNDAI I10,1,E01015040,0,-1
2023010459161,2023,010459161,2,9,0,3,3,1,5,0,0,0,0,0,0,0,0,1,6,6,2,49,8,998,1,8,HYUNDAI I10,2,E01001057,0,-1
2023161360551,2023,161360551,1,9,0,5,5,3,7,0,0,1,0,4,1,0,1,2,6,6,2,88,11,1248,1,12,HYUNDAI I10,7,E01012814,0,-1
2023461318028,2023,461318028,2,9,0,3,3,1,5,0,0,1,0,0,0,0,2,1,6,6,2,67,10,1197,1,1,HYUNDAI I10,5,E01024122,0,-1
2023122301069,2023,122301069,2,9,0,13,13,1,5,0,0,0,0,0,0,0,1,1,1,1,1,53,8,1248,1,12,HYUNDAI I10,9,E01027679,0,-1
2023070988685,2023,070988685,1,9,0,18,19,7,3,0,0,1,0,0,0,0,4,2,3,7,2,76,11,998,1,9,HYUNDAI I10,8,E01018577,0,-1
2023010454596,2023,010454596,2,9,0,99,99,9,9,99,99,9,9,99,9,99,9,9,6,6,3,-1,-1,1248,1,12,HYUNDAI I10,-1,-1,0,-1
2023311317049,2023,311317049,2,9,0,7,7,5,7,0,0,1,0,0,0,0,1,1,5,6,2,65,9,1248,1,11,HYUNDAI I10,1,E01013885,0,-1
2023010422319,2023,010422319,2,9,0,99,99,9,9,99,99,9,9,99,9,99,1,9,6,6,3,49,8,1248,1,10,HYUNDAI I10,1,E01002748,0,-1
2023010444937,2023,010444937,1,9,0,18,19,5,1,0,0,5,0,4,0,0,1,1,6,6,2,69,10,1248,1,7,HYUNDAI I10,1,E01020759,0,-1
2023411394289,2023,411394289,1,9,0,7,7,2,5,7,6,1,0,0,1,10,1,1,2,2,2,20,4,1248,1,11,HYUNDAI I10,5,E01023358,0,-1
2023201343108,2023,201343108,2,9,0,3,3,6,2,0,0,8,0,0,0,0,2,1,5,6,2,78,11,1248,1,5,HYUNDAI I10,5,E01009168,0,-1
2023421355092,2023,421355092,2,9,0,18,19,5,4,0,0,1,0,0,0,0,1,1,5,6,1,71,10,1248,1,13,HYUNDAI I10,4,E01021999,0,-1
2023371260498,2023,371260498,2,9,0,17,19,5,1,0,0,0,0,11,1,0,3,1,5,6,1,30,6,998,1,5,HYUNDAI I10,6,E01021406,0,-1
2023211274453,2023,211274453,2,9,0,3,3,4,8,0,0,3,0,0,0,0,2,1,2,2,2,34,6,998,1,9,HYUNDAI I10,9,E01029718,0,-1
2023552300613,2023,552300613,1,9,0,18,19,2,6,0,0,0,0,0,0,0,1,1,6,6,1,84,11,998,1,7,HYUNDAI I10,5,E01020396,0,-1
2023201286133,2023,201286133,1,9,0,18,19,6,2,0,0,8,0,0,0,0,1,1,1,1,1,33,6,998,1,12,HYUNDAI I10,1,E01009333,0,-1
2023011371329,2023,011371329,1,9,0,9,9,3,3,0,0,0,0,10,0,0,3,1,6,6,1,37,7,1086,1,15,HYUNDAI I10,-1,-1,0,-1
2023141352862,2023,141352862,1,9,0,5,5,4,6,0,0,0,0,0,0,0,3,1,6,6,2,63,9,1248,1,7,HYUNDAI I10,6,E01008160,0,-1
2023010419819,2023,010419819,1,9,0,9,9,5,3,0,0,8,1,0,0,0,1,1,6,6,1,30,6,998,1,2,HYUNDAI I10,4,E01000124,0,-1
2023052301921,2023,052301921,1,9,0,18,19,6,2,0,0,0,0,0,0,0,4,1,6,6,1,44,7,1248,1,13,HYUNDAI I10,1,E01006546,0,-1
2023430310283,2023,430310283,2,9,0,18,19,8,4,0,0,0,0,0,0,0,3,1,6,6,1,76,11,1248,1,12,HYUNDAI I10,9,E01017702,0,-1
2023440253431,2023,440253431,1,9,0,9,9,3,1,0,0,8,0,0,0,0,4,1,6,6,2,21,5,1248,1,13,HYUNDAI I10,10,E01032616,0,-1
2023991387916,2023,991387916,2,9,0,7,7,3,7,0,0,3,1,0,0,0,4,1,5,6,2,19,4,998,1,6,HYUNDAI I10,10,-1,0,-1
2023201384294,2023,201384294,1,9,0,9,9,6,4,0,0,5,0,0,0,0,1,1,5,6,2,27,6,1248,1,12,HYUNDAI I10,2,E01010057,0,-1
2023141390639,2023,141390639,1,9,0,18,19,4,8,0,0,0,0,0,0,0,1,1,6,6,1,58,9,998,1,9,HYUNDAI I10,1,E01007977,0,-1
2023430312012,2023,430312012,1,9,0,9,9,1,7,0,0,5,0,0,0,0,3,1,1,1,2,25,5,998,1,8,HYUNDAI I10,7,E01023424,0,-1
2023111352592,2023,111352592,1,9,0,9,9,6,3,0,0,8,0,0,0,0,1,1,5,6,1,31,6,998,1,6,HYUNDAI I10,7,E01020830,0,-1
2023070524987,2023,070524987,1,9,0,3,3,7,3,0,0,0,0,0,0,0,3,1,6,6,1,17,4,1248,1,14,HYUNDAI I10,-1,-1,0,-1
2023501282927,2023,501282927,1,9,0,7,7,3,7,9,9,0,0,0,0,0,4,1,6,6,1,84,11,1197,1,1,HYUNDAI I10,8,E01019915,0,-1
2023041279896,2023,041279896,1,9,0,5,5,5,1,0,0,0,0,0,0,0,3,1,2,2,2,72,10,1248,1,9,HYUNDAI I10,3,E01012669,0,-1
2023451372776,2023,451372776,1,9,0,18,19,5,5,0,0,1,1,7,0,0,1,1,5,6,1,26,6,1248,1,12,HYUNDAI I10,5,E01002667,0,-1
2023622300744,2023,622300744,1,9,0,7,7,8,6,0,0,8,0,0,0,0,1,1,6,6,2,78,11,998,1,9,HYUNDAI I10,9,W01000910,0,-1
2023141320004,2023,141320004,2,9,0,18,19,5,1,0,0,0,0,0,0,0,4,1,2,2,1,23,5,1248,1,8,HYUNDAI I10,3,E01007843,0,-1
2023010474128,2023,010474128,4,9,0,4,4,1,5,0,0,1,0,0,0,0,3,1,6,6,1,80,11,998,1,4,HYUNDAI I10,9,E01000410,0,-1
2023531384221,2023,531384221,1,9,0,18,19,4,8,0,0,1,0,0,0,0,1,1,6,6,1,68,10,998,1,5,HYUNDAI I10,5,E01022344,0,-1
2023010472490,2023,010472490,1,9,0,16,19,5,1,0,0,2,0,10,0,0,1,1,6,6,2,48,8,1248,1,6,HYUNDAI I10,3,E01000385,0,-1
2023430102870,2023,430102870,1,9,0,18,19,2,6,0,0,0,0,0,0,0,1,1,2,2,2,56,9,1248,1,4,HYUNDAI I10,8,E01017679,0,-1
2023991386774,2023,991386774,1,9,0,18,19,1,5,0,0,8,0,0,0,0,1,1,5,6,1,68,10,1248,1,8,HYUNDAI I10,1,-1,0,-1
2023440418848,2023,440418848,1,9,0,18,19,7,3,0,0,0,0,0,0,0,1,1,2,2,2,62,9,998,1,8,HYUNDAI I10,8,E01023280,0,-1
2023451298624,2023,451298624,2,9,0,18,19,1,4,0,0,1,0,0,0,0,1,1,6,6,1,55,8,1248,1,6,HYUNDAI I10,9,E01004094,0,-1
2023131340399,2023,131340399,2,9,0,17,19,1,5,0,0,8,0,0,0,0,3,1,6,6,2,20,4,1248,1,4,HYUNDAI I10,8,E01011115,0,-1
2023542226823,2023,542226823,1,9,0,16,19,1,5,0,0,0,0,0,0,0,1,1,6,6,1,87,11,1248,1,10,HYUNDAI I10,7,E01031865,0,-1
2023221331671,2023,221331671,2,9,0,18,19,5,1,0,0,8,0,0,0,0,1,1,2,2,2,32,6,998,1,1,HYUNDAI I10,8,E01028877,0,-1
2023371301946,2023,371301946,3,9,0,2,2,0,0,0,0,0,0,0,0,0,2,1,6,6,3,-1,-1,1248,1,12,HYUNDAI I10,-1,-1,0,-1
2023401396692,2023,401396692,3,9,0,18,19,4,8,0,0,1,0,0,0,0,3,1,6,6,2,50,8,1248,1,13,HYUNDAI I10,5,E01017390,0,-1
2023461391386,2023,461391386,1,9,0,18,19,6,2,0,0,0,0,0,0,0,4,1,6,6,2,28,6,998,1,6,HYUNDAI I10,10,E01024344,0,-1
2023522400378,2023,522400378,1,9,0,9,9,1,6,0,0,6,0,0,1,0,3,1,6,6,2,28,6,1248,1,8,HYUNDAI I10,-1,-1,0,-1
2023610045723,2023,610045723,1,9,0,1,1,8,4,0,0,2,0,0,0,0,2,1,6,6,1,76,11,1248,1,8,HYUNDAI I10,5,W01001370,0,-1
2023031306361,2023,031306361,1,9,0,18,19,7,3,0,0,1,0,0,0,0,1,1,5,6,2,71,10,1248,1,4,HYUNDAI I10,10,E01019355,0,-1
2023440330801,2023,440330801,1,9,0,18,19,7,3,0,0,0,0,0,0,0,3,1,6,6,1,23,5,1248,1,8,HYUNDAI I10,3,E01017051,0,-1
2023141355564,2023,141355564,1,9,0,18,19,3,7,0,0,0,0,4,0,0,1,1,5,6,2,74,10,998,1,5,HYUNDAI I10,-1,-1,0,-1
2023010444769,2023,010444769,6,9,0,99,99,9,9,99,99,0,9,99,9,99,9,9,6,6,3,-1,-1,998,1,5,HYUNDAI I10,-1,-1,0,-1
2023520401057,2023,520401057,2,9,0,17,19,6,2,0,0,8,0,0,0,0,4,2,6,6,2,55,8,1248,1,9,HYUNDAI I10,5,E01029134,0,-1
2023221364356,2023,221364356,1,9,0,1,1,4,8,0,0,0,0,0,1,10,2,1,5,6,1,72,10,1197,1,0,HYUNDAI I10,8,E01029001,0,-1
2023471379218,2023,471379218,2,9,0,2,2,0,0,0,0,0,0,0,0,0,2,1,6,6,3,-1,-1,998,1,5,HYUNDAI I10,-1,-1,0,-1
2023201365798,2023,201365798,2,9,0,7,7,5,7,0,0,6,0,0,0,0,1,1,6,6,2,26,6,1248,1,11,HYUNDAI I10,5,E01009168,0,-1
2023451323373,2023,451323373,1,9,0,9,9,5,3,0,0,5,0,0,0,0,4,1,5,6,1,17,4,1248,1,13,HYUNDAI I10,10,E01030590,0,-1