collision_index,collision_year,collision_ref_no,vehicle_reference,vehicle_type,towing_and_articulation,vehicle_manoeuvre_historic,vehicle_manoeuvre,vehicle_direction_from,vehicle_direction_to,vehicle_location_restricted_lane_historic,vehicle_location_restricted_lane,junction_location,skidding_and_overturning,hit_object_in_carriageway,vehicle_leaving_carriageway,hit_object_off_carriageway,first_point_of_impact,vehicle_left_hand_drive,journey_purpose_of_driver_historic,journey_purpose_of_driver,sex_of_driver,age_of_driver,age_band_of_driver,engine_capacity_cc,propulsion_code,age_of_vehicle,generic_make_model,driver_imd_decile,lsoa_of_driver,escooter_flag,driver_distance_banding
2023161351808,2023,161351808,1,9,0,1,1,8,4,0,0,0,0,0,0,0,2,1,1,1,1,37,7,1998,1,5,HYUNDAI I30,6,E01012923,0,-1
2023111351931,2023,111351931,3,9,0,16,19,2,7,0,0,0,0,0,0,0,1,1,6,6,2,35,6,1396,1,10,HYUNDAI I30,2,E01012332,0,-1
2023061340786,2023,061340786,1,9,0,4,4,4,1,0,0,1,0,0,0,0,1,1,5,6,2,45,7,1582,2,10,HYUNDAI I30,4,E01006370,0,-1
2023311357848,2023,311357848,1,9,0,18,19,7,3,0,0,0,0,0,0,0,0,1,6,6,1,56,9,1396,1,14,HYUNDAI I30,6,E01028322,0,-1
2023461306582,2023,461306582,1,9,0,9,9,3,1,0,0,8,0,0,1,9,1,1,6,6,2,44,7,1353,1,5,HYUNDAI I30,2,E01001631,0,-1
202354A887223,2023,54A887223,1,9,0,18,19,6,2,0,0,0,0,0,0,0,1,1,1,1,1,68,10,1582,2,10,HYUNDAI I30,3,E01015491,0,-1
2023501384574,2023,501384574,1,9,0,9,9,1,5,0,0,1,0,0,0,0,1,1,6,6,1,71,10,1582,2,7,HYUNDAI I30,8,E01020192,0,-1
2023131341069,2023,131341069,1,9,0,18,19,1,4,0,0,0,0,0,0,0,1,1,6,6,2,49,8,1396,1,14,HYUNDAI I30,1,E01007325,0,-1
2023201413855,2023,201413855,2,9,0,18,19,6,2,0,0,8,0,0,0,0,1,1,6,6,3,62,9,1396,1,14,HYUNDAI I30,3,E01009049,0,-1
2023320446142,2023,320446142,3,9,0,7,7,2,4,0,0,5,0,0,0,0,0,1,2,2,1,30,6,1591,1,13,HYUNDAI I30,6,E01026329,0,-1
2023522300651,2023,522300651,2,9,0,18,19,4,8,0,0,8,0,0,0,0,3,1,6,6,2,47,8,1582,2,11,HYUNDAI I30,10,E01014880,0,-1
2023122300941,2023,122300941,2,9,0,17,19,8,6,0,0,0,0,0,0,0,3,1,6,6,1,64,9,1582,2,6,HYUNDAI I30,10,E01013339,0,-1
2023170M10043,2023,170M10043,1,9,0,18,19,8,4,0,0,1,0,0,0,0,2,1,6,6,2,29,6,1582,2,7,HYUNDAI I30,8,E01012010,0,-1
2023201383835,2023,201383835,2,9,0,2,2,0,0,0,0,0,0,0,0,0,3,1,5,6,2,30,6,1396,1,14,HYUNDAI I30,1,E01009258,0,-1
2023010480749,2023,010480749,1,9,0,4,4,3,7,0,0,7,0,0,0,0,0,2,6,6,1,33,6,1591,1,7,HYUNDAI I30,1,E01004206,0,-1
2023411266890,2023,411266890,2,9,0,8,8,5,7,0,0,2,0,0,0,0,3,1,3,7,2,32,6,998,1,6,HYUNDAI I30,4,E01023857,0,-1
2023501290409,2023,501290409,2,9,0,3,3,1,5,0,0,0,0,0,0,0,2,1,6,6,1,38,7,1582,2,14,HYUNDAI I30,4,E01019054,0,-1
2023302301373,2023,302301373,2,9,0,5,5,8,4,0,0,6,0,0,0,0,1,1,6,6,3,22,5,1582,2,9,HYUNDAI I30,7,E01019771,0,-1
2023071035475,2023,071035475,2,8,0,18,19,5,1,0,0,1,0,0,0,0,4,1,1,1,1,49,8,1582,2,6,-1,9,E01018737,0,-1
2023320726007,2023,320726007,1,9,0,18,19,4,1,0,0,1,0,4,0,0,1,1,6,6,2,19,4,1368,1,8,HYUNDAI I30,9,E01026320,0,-1
2023122301402,2023,122301402,1,9,0,17,19,3,7,0,0,0,0,0,0,0,4,1,6,6,2,59,9,998,1,4,HYUNDAI I30,6,E01027622,0,-1
2023340WN3722,2023,340WN3722,1,9,0,18,19,2,6,0,0,1,0,0,0,0,1,1,6,6,1,-1,-1,1582,2,15,HYUNDAI I30,-1,-1,0,-1
2023052301589,2023,052301589,1,9,0,18,19,1,5,0,0,8,0,0,0,0,1,1,6,6,1,36,7,1582,2,14,HYUNDAI I30,9,E01020391,0,-1
2023311282470,2023,311282470,1,9,0,13,13,7,8,0,0,0,5,0,0,0,1,1,6,6,1,23,5,1998,1,2,HYUNDAI I30,3,E01025717,0,-1
2023302301248,2023,302301248,2,8,0,8,8,2,4,0,0,1,0,0,0,0,2,1,1,1,1,29,6,1396,1,9,-1,4,E01028077,0,-1
2023320172446,2023,320172446,3,9,0,3,3,2,6,0,0,0,0,0,0,0,2,1,6,6,2,63,9,1582,2,12,HYUNDAI I30,4,E01026253,0,-1
2023221341968,2023,221341968,1,9,0,2,2,0,0,0,0,8,0,0,0,0,3,1,6,6,1,26,6,1396,1,11,HYUNDAI I30,10,E01029628,0,-1
2023010482632,2023,010482632,2,9,0,99,99,9,9,99,99,9,9,99,9,99,9,9,6,6,3,-1,-1,1353,1,6,HYUNDAI I30,7,E01015969,0,-1
2023552301368,2023,552301368,1,9,0,9,9,4,2,0,0,5,0,0,0,0,0,1,6,6,1,41,7,1591,1,14,HYUNDAI I30,5,E01015346,0,-1
2023101361780,2023,101361780,1,9,-1,18,19,1,5,0,0,0,0,0,0,0,1,1,6,6,3,-1,-1,1582,2,11,HYUNDAI I30,-1,-1,0,-1
2023010436093,2023,010436093,2,9,0,2,2,0,0,0,0,0,0,0,0,0,0,1,6,6,3,-1,-1,998,1,6,HYUNDAI I30,-1,-1,0,-1
2023451325492,2023,451325492,2,9,0,4,4,1,5,0,0,0,0,0,0,0,1,1,6,6,1,30,6,1396,1,15,HYUNDAI I30,-1,-1,0,-1
2023991394948,2023,991394948,1,9,0,9,9,8,4,0,0,2,0,0,0,0,3,1,6,6,1,83,11,1582,2,9,HYUNDAI I30,5,-1,0,-1
2023340WN3542,2023,340WN3542,1,9,0,18,19,1,5,0,0,1,0,0,0,0,1,1,6,6,1,-1,-1,1591,1,12,HYUNDAI I30,-1,-1,0,-1
2023131373138,2023,131373138,1,9,0,18,19,7,3,7,6,0,0,0,1,10,1,1,5,6,1,50,8,1582,2,10,HYUNDAI I30,10,E01027732,0,-1
2023622300449,2023,622300449,1,9,0,2,2,0,0,0,0,0,0,0,0,0,3,1,6,6,1,45,7,1582,2,11,HYUNDAI I30,4,W01001832,0,-1
2023501321264,2023,501321264,1,9,0,17,19,4,1,0,0,0,1,0,8,11,1,1,6,6,2,66,10,1582,2,9,HYUNDAI I30,6,E01020304,0,-1
2023401371770,2023,401371770,2,9,0,4,4,2,6,0,0,0,0,0,0,0,1,1,1,1,2,28,6,1396,1,13,HYUNDAI I30,8,E01016794,0,-1
2023522301571,2023,522301571,1,9,0,1,1,1,5,0,0,1,0,0,0,0,2,1,1,1,1,32,6,1353,1,4,HYUNDAI I30,1,E01014582,0,-1
2023302301013,2023,302301013,1,9,0,17,19,5,2,0,0,0,0,0,0,0,1,1,6,6,1,21,5,1998,1,3,HYUNDAI I30,10,E01018641,0,-1
2023161325834,2023,161325834,1,9,0,18,19,7,3,0,0,0,0,0,0,0,1,1,6,6,2,-1,-1,998,1,4,HYUNDAI I30,-1,-1,0,-1
2023991306805,2023,991306805,2,9,0,18,19,3,7,0,0,0,1,0,1,9,4,1,2,2,1,37,7,1582,2,6,HYUNDAI I30,3,-1,0,-1
2023052301365,2023,052301365,1,9,0,1,1,7,3,0,0,0,0,0,0,0,2,1,6,6,2,39,7,1396,1,14,HYUNDAI I30,1,E01007123,0,-1
2023411318160,2023,411318160,1,9,0,18,19,2,6,0,0,0,0,0,0,0,1,1,2,2,2,23,5,1998,1,6,HYUNDAI I30,7,E01017564,0,-1
2023520301804,2023,520301804,2,9,0,18,19,4,8,0,0,0,0,0,0,0,4,1,6,6,2,44,7,1368,1,7,HYUNDAI I30,5,E01029322,0,-1
2023010462149,2023,010462149,1,9,9,3,3,5,1,99,99,9,9,99,0,0,3,9,6,6,1,80,11,1582,2,9,HYUNDAI I30,10,E01000758,0,-1
2023010459534,2023,010459534,3,9,0,18,19,6,2,0,0,0,0,0,0,0,1,1,6,6,3,-1,-1,998,1,6,HYUNDAI I30,-1,-1,0,-1
2023461275646,2023,461275646,2,9,0,18,19,1,5,0,0,0,0,0,0,0,2,1,6,6,1,68,10,1353,1,4,HYUNDAI I30,9,E01024827,0,-1
2023041306986,2023,041306986,2,9,0,2,2,1,1,0,0,1,0,0,0,0,2,1,5,6,1,43,7,1582,2,8,HYUNDAI I30,1,E01012724,0,-1
2023201317686,2023,201317686,2,8,0,18,19,7,3,0,0,0,0,0,0,0,2,1,2,2,1,-1,-1,1396,1,9,-1,4,E01009628,0,-1
2023101298437,2023,101298437,2,9,0,18,19,8,4,0,0,0,0,0,0,0,1,1,6,6,1,24,5,1582,2,14,HYUNDAI I30,1,E01008291,0,-1
2023201298722,2023,201298722,1,9,0,18,19,6,2,0,0,0,1,10,7,2,1,1,2,2,1,43,7,1396,1,13,HYUNDAI I30,3,E01032423,0,-1
2023161324962,2023,161324962,1,9,0,18,19,3,7,0,0,0,0,0,0,0,1,1,6,6,1,38,7,1998,1,3,HYUNDAI I30,1,E01011471,0,-1
2023371295770,2023,371295770,1,9,0,18,19,3,7,0,0,1,0,0,0,0,4,1,2,2,2,48,8,1396,1,10,HYUNDAI I30,9,E01030216,0,-1
2023201313254,2023,201313254,1,9,0,13,13,6,2,0,0,0,0,10,8,0,1,1,6,6,1,-1,-1,1591,1,15,HYUNDAI I30,-1,-1,0,-1
2023141283028,2023,141283028,1,9,0,5,5,8,4,0,0,0,0,0,0,0,0,1,5,6,2,41,7,998,1,6,HYUNDAI I30,3,E01008148,0,-1
2023430190921,2023,430190921,3,9,0,18,19,7,3,0,0,1,0,0,0,0,1,1,2,2,1,36,7,1591,1,15,HYUNDAI I30,2,E01016729,0,-1
2023141268578,2023,141268578,1,9,0,16,19,1,3,0,0,1,5,11,3,10,1,1,5,6,1,21,5,1396,1,14,HYUNDAI I30,2,E01007394,0,-1
2023440371335,2023,440371335,1,9,0,5,5,4,8,0,0,6,0,0,0,0,1,1,6,6,1,58,9,998,8,1,HYUNDAI I30,7,E01031405,0,-1
2023201390960,2023,201390960,3,9,0,4,4,1,5,0,0,0,0,0,0,0,2,1,6,6,2,65,9,1353,1,5,HYUNDAI I30,6,E01009261,0,-1
2023520000472,2023,520000472,1,9,0,3,3,4,1,0,0,0,0,0,0,0,2,1,6,6,2,47,8,998,1,5,HYUNDAI I30,2,E01014834,0,-1
2023201303943,2023,201303943,2,9,0,3,3,6,1,0,0,1,0,0,0,0,2,1,1,1,1,-1,-1,1582,2,6,HYUNDAI I30,8,E01010119,0,-1
2023991333236,2023,991333236,2,9,0,17,19,6,3,0,0,0,0,0,0,0,1,1,5,6,2,27,6,998,1,5,HYUNDAI I30,6,-1,0,-1
2023010432861,2023,010432861,1,9,0,9,9,7,5,0,0,1,0,0,0,0,1,1,6,6,1,53,8,1396,1,11,HYUNDAI I30,3,E01001365,0,-1
2023471277323,2023,471277323,1,9,0,18,19,6,2,0,0,0,0,0,7,4,1,1,6,6,1,20,4,1998,1,1,HYUNDAI I30,9,E01031623,0,-1
2023421377788,2023,421377788,2,9,0,18,19,1,5,0,0,1,0,0,0,0,1,1,5,6,2,61,9,1353,1,6,HYUNDAI I30,3,E01021427,0,-1
2023201405205,2023,201405205,2,9,0,2,2,0,0,0,0,0,0,0,0,0,1,1,6,6,2,-1,-1,1368,1,7,HYUNDAI I30,-1,-1,0,-1
2023070212544,2023,070212544,2,9,0,16,19,3,7,0,0,0,0,0,0,0,1,1,1,1,1,42,7,1591,1,8,HYUNDAI I30,10,E01005808,0,-1
2023371375330,2023,371375330,1,9,0,5,5,5,1,0,0,2,0,0,0,0,4,1,5,6,2,33,6,1591,1,14,HYUNDAI I30,8,E01030015,0,-1
2023101258643,2023,101258643,2,9,0,2,2,5,1,0,0,1,0,0,0,0,3,1,6,6,3,-1,-1,1582,2,11,HYUNDAI I30,-1,-1,0,-1
2023010439136,2023,010439136,2,9,0,99,99,9,9,99,99,9,9,99,9,99,1,9,6,6,3,-1,-1,1591,1,11,HYUNDAI I30,-1,-1,0,-1
2023332300424,2023,332300424,1,9,0,9,9,4,2,0,0,5,0,0,0,0,1,1,6,6,1,35,6,1582,2,8,HYUNDAI I30,8,E01025698,0,-1
2023622300926,2023,622300926,1,9,0,10,10,2,6,0,0,1,0,0,0,0,0,1,6,6,2,39,7,1582,2,8,HYUNDAI I30,1,W01000504,0,-1
2023440361468,2023,440361468,3,9,0,2,2,0,0,0,0,0,0,0,0,0,2,1,6,6,3,-1,-1,1582,2,7,HYUNDAI I30,-1,-1,0,-1
2023131259931,2023,131259931,2,9,0,18,19,8,4,0,0,4,0,0,0,0,2,1,6,6,2,52,8,1582,2,7,HYUNDAI I30,8,E01011653,0,-1
2023471345168,2023,471345168,2,9,0,4,4,8,4,0,0,0,0,0,0,0,4,1,5,6,1,35,6,1582,2,7,HYUNDAI I30,-1,-1,0,-1
2023371375383,2023,371375383,2,9,0,4,4,-1,-1,0,0,0,0,0,0,0,2,1,2,2,1,53,8,1396,1,10,HYUNDAI I30,5,E01030151,0,-1
2023131292466,2023,131292466,1,9,0,18,19,1,5,0,0,8,0,0,0,0,1,1,6,6,1,23,5,1396,1,13,HYUNDAI I30,1,E01011375,0,-1
2023522400129,2023,522400129,1,9,0,3,3,6,7,0,0,0,0,0,0,0,2,1,6,6,2,51,8,1353,1,6,HYUNDAI I30,8,E01014824,0,-1
2023332300384,2023,332300384,1,9,0,18,19,6,2,0,0,6,0,0,0,0,1,1,6,6,1,35,6,1582,2,11,HYUNDAI I30,2,E01013639,0,-1
2023201339711,2023,201339711,1,9,0,18,19,6,1,0,0,2,0,0,0,0,1,1,6,6,1,31,6,1396,1,9,HYUNDAI I30,7,E01009427,0,-1
2023320412863,2023,320412863,1,9,0,18,19,6,2,0,0,8,1,0,7,1,3,1,2,2,1,30,6,1582,2,13,HYUNDAI I30,5,E01026414,0,-1
2023010421123,2023,010421123,2,9,0,99,99,9,9,99,99,9,9,99,9,99,1,9,6,6,3,-1,-1,1396,1,11,HYUNDAI I30,-1,-1,0,-1
2023131319595,2023,131319595,2,9,0,2,2,0,0,0,0,0,0,0,1,0,2,1,6,6,3,-1,-1,1591,1,14,HYUNDAI I30,-1,-1,0,-1
2023201424678,2023,201424678,2,9,0,18,19,4,8,0,0,0,0,0,0,0,1,1,6,6,2,20,4,998,1,5,HYUNDAI I30,1,E01010126,0,-1
2023061312096,2023,061312096,2,9,0,5,5,7,2,0,0,0,1,0,0,0,1,1,5,6,2,40,7,998,1,6,HYUNDAI I30,7,E01019711,0,-1
2023543014323,2023,543014323,1,9,0,18,19,5,1,0,0,0,0,4,0,0,1,1,6,6,1,84,11,1582,2,11,HYUNDAI I30,7,E01032000,0,-1
2023440479014,2023,440479014,2,9,0,6,6,3,3,0,0,2,0,0,0,0,3,1,6,6,1,-1,-1,1991,2,16,HYUNDAI I30,-1,-1,0,-1
2023141370564,2023,141370564,1,9,0,7,7,1,3,0,0,1,0,0,0,0,2,1,5,6,2,41,7,1582,2,11,HYUNDAI I30,10,E01007430,0,-1
2023501370876,2023,501370876,6,9,0,18,19,1,5,0,0,0,0,0,1,0,1,1,6,6,2,40,7,1591,1,14,HYUNDAI I30,4,E01018887,0,-1
2023351365077,2023,351365077,1,9,0,18,19,3,7,0,0,0,0,0,0,0,1,1,6,6,2,30,6,1582,2,7,HYUNDAI I30,4,E01018046,0,-1
2023061293193,2023,061293193,1,9,0,16,19,5,1,0,0,0,2,10,1,1,3,1,6,6,1,20,4,1998,1,3,HYUNDAI I30,9,E01005926,0,-1
2023221342986,2023,221342986,2,9,0,9,9,8,6,0,0,5,0,0,0,0,3,1,5,6,1,19,4,1998,1,2,HYUNDAI I30,6,E01028970,0,-1
2023101266601,2023,101266601,2,9,0,18,19,3,7,0,0,8,0,0,0,0,1,1,6,6,1,42,7,1582,2,13,HYUNDAI I30,7,E01008850,0,-1
2023471308570,2023,471308570,2,9,0,4,4,6,2,0,0,0,0,0,0,0,1,1,1,1,1,31,6,1582,2,8,HYUNDAI I30,6,E01021034,0,-1
2023010435100,2023,010435100,2,9,0,18,19,3,7,0,0,1,0,0,0,0,0,1,1,1,1,35,6,1582,2,10,HYUNDAI I30,2,E01001830,0,-1
2023201426466,2023,201426466,2,9,0,18,19,8,5,0,0,8,0,0,0,0,4,1,1,1,1,61,9,1582,2,8,HYUNDAI I30,1,E01033621,0,-1
2023332300268,2023,332300268,2,9,0,4,4,3,7,0,0,0,0,0,0,0,2,1,6,6,1,-1,-1,1396,1,14,HYUNDAI I30,10,E01025676,0,-1
2023010432036,2023,010432036,1,9,0,18,19,5,1,0,0,0,0,0,0,0,1,1,6,6,2,25,5,1591,1,13,HYUNDAI I30,2,E01003162,0,-1
2023991272064,2023,991272064,2,9,0,18,19,5,1,0,0,1,0,0,0,0,1,1,5,6,1,32,6,1396,1,10,HYUNDAI I30,5,-1,0,-1
2023201388489,2023,201388489,1,9,0,1,1,7,3,0,0,0,0,0,0,0,2,1,5,6,1,53,8,1591,1,15,HYUNDAI I30,2,E01009014,0,-1
2023101374759,2023,101374759,1,9,0,18,19,6,2,0,0,4,0,0,0,0,1,1,6,6,1,24,5,1998,1,0,HYUNDAI I30,2,E01008482,0,-1
2023061272498,2023,061272498,1,9,0,5,5,1,5,0,0,0,0,0,0,0,0,1,1,1,1,59,9,1582,2,7,HYUNDAI I30,1,E01005234,0,-1
2023421271654,2023,421271654,2,9,0,18,19,1,2,0,0,0,0,0,0,0,3,1,5,6,2,69,10,1582,2,6,HYUNDAI I30,3,E01022055,0,-1
2023010485948,2023,010485948,2,9,0,2,2,0,0,0,0,1,0,0,0,0,0,1,6,6,3,-1,-1,1396,1,13,HYUNDAI I30,-1,-1,0,-1
2023991338005,2023,991338005,1,9,0,4,4,8,4,0,0,0,1,0,0,0,1,1,5,6,1,83,11,1582,2,8,HYUNDAI I30,-1,-1,0,-1
2023010469582,2023,010469582,1,9,0,5,5,5,1,0,0,1,0,0,0,0,4,1,6,6,1,50,8,1396,1,14,HYUNDAI I30,4,E01030608,0,-1
2023201317590,2023,201317590,1,9,0,16,19,5,8,0,0,2,0,0,0,0,1,1,6,6,1,-1,-1,1396,1,11,HYUNDAI I30,-1,-1,0,-1
2023332300609,2023,332300609,2,9,0,6,6,3,3,0,0,0,1,0,7,10,4,1,6,6,1,52,8,1582,2,14,HYUNDAI I30,8,E01025948,0,-1
2023131374963,2023,131374963,4,9,0,10,10,7,3,0,0,0,0,0,0,0,4,1,6,6,1,64,9,1396,1,10,HYUNDAI I30,6,E01011226,0,-1
2023041285067,2023,041285067,1,9,0,18,19,5,1,0,0,1,0,0,0,0,1,1,5,6,2,59,9,1582,2,9,HYUNDAI I30,2,E01025524,0,-1
2023010476443,2023,010476443,2,9,0,99,99,9,9,99,99,9,9,99,9,99,1,9,6,6,3,-1,-1,1591,1,13,HYUNDAI I30,5,E01002184,0,-1
2023421294641,2023,421294641,1,9,0,5,5,1,5,0,0,1,0,0,0,0,1,1,6,6,1,79,11,1582,2,8,HYUNDAI I30,6,E01033137,0,-1
2023061301262,2023,061301262,1,9,-1,-1,-1,-1,-1,-1,-1,-1,-1,-1,-1,0,-1,1,6,6,1,22,5,1396,1,11,HYUNDAI I30,1,E01005187,0,-1
2023211331528,2023,211331528,2,9,0,3,3,8,3,-1,-1,-1,-1,-1,-1,0,-1,1,2,2,1,26,6,1582,2,7,HYUNDAI I30,-1,-1,0,-1
2023221272902,2023,221272902,3,9,0,3,3,6,2,0,0,0,0,0,0,0,2,1,2,2,1,40,7,998,1,4,HYUNDAI I30,7,E01032170,0,-1
2023421365070,2023,421365070,1,9,0,1,1,3,4,0,0,0,0,0,0,0,3,1,6,6,2,85,11,1353,1,5,HYUNDAI I30,3,E01021300,0,-1
2023451374646,2023,451374646,1,9,0,17,19,4,8,0,0,1,0,0,0,0,3,1,2,2,1,44,7,1396,1,13,HYUNDAI I30,5,E01030481,0,-1
2023122300528,2023,122300528,1,9,0,18,19,4,8,0,0,0,5,0,1,11,1,1,6,6,1,48,8,1582,2,12,HYUNDAI I30,7,E01008243,0,-1
2023010419687,2023,010419687,1,9,0,99,99,9,9,99,99,0,9,99,9,99,0,9,6,6,2,36,7,1591,1,9,HYUNDAI I30,9,E01001306,0,-1
2023101369190,2023,101369190,1,9,0,18,19,5,1,0,0,0,0,0,0,0,1,1,6,6,1,30,6,1396,2,11,HYUNDAI I30,2,E01008335,0,-1
2023501358778,2023,501358778,1,9,0,18,19,4,5,0,0,0,1,0,0,0,1,1,1,1,1,65,9,1582,2,12,HYUNDAI I30,5,E01033291,0,-1
2023991329609,2023,991329609,1,9,0,18,19,7,3,0,0,0,0,0,7,1,1,1,5,6,1,23,5,1353,1,6,HYUNDAI I30,3,-1,0,-1
2023991259735,2023,991259735,1,9,0,17,19,3,8,0,0,1,1,0,1,2,1,1,5,6,1,21,5,1998,1,4,HYUNDAI I30,9,-1,0,-1
2023010470895,2023,010470895,1,9,0,99,99,9,9,99,99,9,9,99,9,99,2,9,6,6,1,62,9,1396,1,9,HYUNDAI I30,2,E01033578,0,-1
2023610012923,2023,610012923,1,9,0,9,9,5,2,0,0,2,0,0,0,0,3,1,6,6,2,49,8,1396,1,13,HYUNDAI I30,1,W01001617,0,-1
2023461283606,2023,461283606,1,9,0,1,1,1,5,0,0,0,0,0,0,0,4,1,2,2,1,55,8,1582,2,8,HYUNDAI I30,4,E01024195,0,-1
2023991352218,2023,991352218,1,9,0,18,19,4,8,0,0,8,0,0,0,0,1,1,5,6,2,52,8,1582,2,8,HYUNDAI I30,5,-1,0,-1
2023471293229,2023,471293229,2,9,0,3,3,7,3,0,0,0,0,0,0,0,2,1,1,1,1,37,7,1598,2,2,HYUNDAI I30,4,E01031344,0,-1
2023552301182,2023,552301182,2,9,0,3,3,6,2,0,0,1,0,0,0,0,2,1,6,6,1,65,9,1582,2,11,HYUNDAI I30,5,E01020584,0,-1
2023131373169,2023,131373169,1,9,0,18,19,2,6,0,0,0,0,0,0,0,1,1,5,6,1,28,6,1396,1,11,HYUNDAI I30,1,E01010679,0,-1
2023440368699,2023,440368699,1,9,0,5,5,5,1,0,0,4,0,0,0,0,1,1,2,2,1,36,7,1396,1,14,HYUNDAI I30,3,E01017099,0,-1
2023461278397,2023,461278397,2,9,0,18,19,1,2,0,0,0,0,0,0,0,2,1,5,6,1,67,10,1582,2,9,HYUNDAI I30,5,E01016127,0,-1
2023131267580,2023,131267580,2,9,0,5,5,1,5,0,0,0,0,0,0,0,1,1,6,6,1,29,6,1396,1,12,HYUNDAI I30,2,E01011002,0,-1
2023471386683,2023,471386683,1,9,0,18,19,3,7,0,0,0,0,0,0,0,1,1,5,6,1,53,8,1396,1,12,HYUNDAI I30,2,E01031432,0,-1
2023991389162,2023,991389162,1,9,0,18,19,7,4,0,0,4,0,0,0,0,1,1,5,6,2,48,8,1368,1,8,HYUNDAI I30,2,-1,0,-1
2023161337997,2023,161337997,2,9,0,18,19,5,7,0,0,8,0,0,0,0,1,1,5,6,1,19,4,1368,1,7,HYUNDAI I30,5,E01026367,0,-1
2023231313161,2023,231313161,2,9,0,17,19,6,3,0,0,0,0,0,0,0,1,1,6,6,2,55,8,1998,1,5,HYUNDAI I30,8,E01033255,0,-1
2023991319180,2023,991319180,2,9,0,18,19,3,7,0,0,1,0,0,0,0,1,1,5,6,1,38,7,1582,2,10,HYUNDAI I30,7,-1,0,-1
2023201400737,2023,201400737,2,9,0,18,19,1,5,0,0,8,0,0,0,0,3,1,6,6,1,32,6,1396,1,15,HYUNDAI I30,1,E01009498,0,-1
2023010423156,2023,010423156,1,9,0,99,99,9,9,99,99,9,9,99,9,99,2,9,6,6,1,29,6,1396,1,10,HYUNDAI I30,-1,-1,0,-1
2023141289570,2023,141289570,2,9,0,9,9,1,5,0,0,0,0,0,0,0,3,1,2,2,1,45,7,1582,2,5,HYUNDAI I30,2,E01008112,0,-1
2023141375474,2023,141375474,1,9,0,3,3,4,8,0,0,1,0,0,0,0,4,1,6,6,3,-1,-1,1582,2,10,HYUNDAI I30,-1,-1,0,-1
2023170M10303,2023,170M10303,1,9,0,9,9,2,8,0,0,8,0,0,0,0,1,1,6,6,2,57,9,1396,1,11,HYUNDAI I30,2,E01012168,0,-1
2023320281059,2023,320281059,1,9,0,18,19,5,1,0,0,0,1,0,0,0,1,1,6,6,1,19,4,1368,1,8,HYUNDAI I30,-1,-1,0,-1
2023141319215,2023,141319215,1,9,0,18,19,5,1,0,0,8,0,0,0,0,0,1,5,6,1,41,7,1582,2,12,HYUNDAI I30,6,E01007649,0,-1
2023401433323,2023,401433323,2,9,0,18,19,1,5,0,0,0,1,0,0,0,1,1,5,6,1,64,9,1582,2,7,HYUNDAI I30,3,E01015801,0,-1
2023311319370,2023,311319370,2,9,0,2,2,0,0,0,0,0,0,0,0,0,4,1,3,7,2,40,7,1582,2,10,HYUNDAI I30,4,E01028167,0,-1
2023010429758,2023,010429758,4,9,0,18,19,1,5,0,0,0,0,0,0,0,0,1,6,6,2,25,5,1582,2,9,HYUNDAI I30,5,E01000299,0,-1
2023421351353,2023,421351353,2,9,0,18,19,1,5,0,0,0,1,11,0,0,1,1,5,6,2,61,9,1582,2,7,HYUNDAI I30,3,E01015869,0,-1
2023131293208,2023,131293208,1,9,0,-1,-1,-1,-1,-1,-1,0,-1,-1,-1,-1,1,1,6,6,3,-1,-1,1582,2,12,HYUNDAI I30,-1,-1,0,-1
2023430326757,2023,430326757,2,9,0,18,19,8,4,0,0,0,0,0,0,0,1,1,6,6,1,40,7,1582,2,13,HYUNDAI I30,7,E01017705,0,-1
2023302301875,2023,302301875,1,9,0,18,19,1,6,0,0,6,0,0,3,0,1,1,6,6,2,72,10,1482,8,0,HYUNDAI I30,-1,-1,0,-1
2023010449212,2023,010449212,1,9,0,12,12,5,1,0,0,1,0,0,0,0,3,1,6,6,1,27,6,1591,1,7,HYUNDAI I30,6,E01001275,0,-1
2023070633587,2023,070633587,2,9,0,3,3,6,2,0,0,0,0,0,0,0,2,1,6,6,2,23,5,1582,2,10,HYUNDAI I30,3,E01018730,0,-1
2023332301043,2023,332301043,1,9,0,18,19,3,7,0,0,0,0,0,0,0,4,1,6,6,1,-1,-1,1582,2,9,HYUNDAI I30,-1,-1,0,-1
2023031343615,2023,031343615,2,9,0,18,19,5,1,0,0,1,0,0,0,0,0,1,5,6,2,58,9,1396,1,11,HYUNDAI I30,7,E01019258,0,-1
2023361266584,2023,361266584,1,9,0,4,4,7,3,0,0,2,1,0,0,0,1,1,5,6,1,74,10,1582,2,15,HYUNDAI I30,6,E01026446,0,-1
2023622300496,2023,622300496,2,9,0,18,19,2,6,0,0,0,1,0,0,0,2,1,2,2,1,22,5,1582,2,14,HYUNDAI I30,1,W01001698,0,-1
2023421279928,2023,421279928,3,9,0,18,19,3,7,0,0,2,0,0,0,0,2,1,5,6,1,43,7,1368,1,8,HYUNDAI I30,8,E01015834,0,-1
2023131266381,2023,131266381,2,9,0,18,19,1,5,0,0,0,0,0,0,0,2,1,6,6,3,-1,-1,1396,1,10,HYUNDAI I30,-1,-1,0,-1
2023401303868,2023,401303868,1,9,0,18,19,-1,-1,0,0,8,0,0,0,0,3,1,6,6,1,26,6,1582,2,13,HYUNDAI I30,7,E01017420,0,-1