collision_index,collision_year,collision_ref_no,vehicle_reference,vehicle_type,towing_and_articulation,vehicle_manoeuvre_historic,vehicle_manoeuvre,vehicle_direction_from,vehicle_direction_to,vehicle_location_restricted_lane_historic,vehicle_location_restricted_lane,junction_location,skidding_and_overturning,hit_object_in_carriageway,vehicle_leaving_carriageway,hit_object_off_carriageway,first_point_of_impact,vehicle_left_hand_drive,journey_purpose_of_driver_historic,journey_purpose_of_driver,sex_of_driver,age_of_driver,age_band_of_driver,engine_capacity_cc,propulsion_code,age_of_vehicle,generic_make_model,driver_imd_decile,lsoa_of_driver,escooter_flag,driver_distance_banding
2023471339173,2023,471339173,2,9,0,10,10,5,3,0,0,0,0,0,0,0,2,1,5,6,1,64,9,998,8,1,HYUNDAI I30,8,E01021082,0,-1
2023991361605,2023,991361605,1,9,0,18,19,3,7,0,0,0,0,0,7,0,1,1,2,2,1,29,6,998,1,5,HYUNDAI I30,-1,-1,0,-1
2023041276840,2023,041276840,1,9,0,18,19,5,6,0,0,1,0,11,7,3,1,2,5,6,1,28,6,1368,1,7,HYUNDAI I30,7,E01025164,0,-1
2023010432425,2023,010432425,1,9,0,99,99,9,9,99,99,9,9,99,9,99,1,9,6,6,2,22,5,1396,1,9,HYUNDAI I30,4,E01002593,0,-1
2023201380676,2023,201380676,1,9,0,18,19,6,2,0,0,0,0,0,0,0,1,1,1,1,1,37,7,1396,1,12,HYUNDAI I30,2,E01033627,0,-1
2023201292333,2023,201292333,2,9,0,18,19,3,7,0,0,8,0,0,0,0,4,1,5,6,2,42,7,1396,1,12,HYUNDAI I30,1,E01009117,0,-1
2023010472822,2023,010472822,1,9,0,18,19,1,5,0,0,1,0,0,0,0,1,1,6,6,1,66,10,1591,1,13,HYUNDAI I30,7,E01002927,0,-1
2023332300133,2023,332300133,3,9,0,3,3,5,1,0,0,0,0,0,0,0,4,1,6,6,1,20,4,1582,2,12,HYUNDAI I30,-1,-1,0,-1
2023010439893,2023,010439893,1,9,0,4,4,5,1,0,0,1,0,0,0,0,2,1,1,1,2,53,8,1582,2,7,HYUNDAI I30,-1,-1,0,-1
2023122300648,2023,122300648,1,9,0,17,19,3,7,0,0,0,0,0,1,2,1,1,6,6,1,26,6,1582,2,10,HYUNDAI I30,6,E01025222,0,-1
2023010456703,2023,010456703,2,9,0,99,99,9,9,99,99,9,9,99,9,99,9,9,6,6,1,43,7,1582,2,14,HYUNDAI I30,2,E01001827,0,-1
2023131296666,2023,131296666,2,9,0,18,19,1,5,0,0,0,0,0,0,0,2,1,1,1,2,34,6,1582,2,11,HYUNDAI I30,6,E01011881,0,-1
2023451339934,2023,451339934,1,9,0,18,19,1,5,0,0,0,0,0,0,0,1,1,5,6,1,61,9,1591,1,13,HYUNDAI I30,10,E01004120,0,-1
2023201321551,2023,201321551,1,9,0,5,5,6,2,0,0,1,0,0,0,0,1,1,1,1,2,33,6,1396,1,15,HYUNDAI I30,1,E01008931,0,-1
2023411270838,2023,411270838,1,9,0,5,5,1,7,0,0,1,0,0,0,0,1,1,5,6,2,70,10,1396,1,14,HYUNDAI I30,8,E01023678,0,-1
2023461323492,2023,461323492,3,9,0,3,3,2,4,0,0,0,0,0,0,0,2,1,5,6,1,27,6,1998,1,4,HYUNDAI I30,4,E01023981,0,-1
2023340NN2622,2023,340NN2622,1,9,0,18,19,7,3,0,0,1,0,0,0,0,3,1,2,2,1,38,7,1582,2,11,HYUNDAI I30,2,E01027349,0,-1
2023141342945,2023,141342945,2,9,0,4,4,8,4,0,0,0,0,0,1,0,3,1,5,6,1,64,9,1396,1,13,HYUNDAI I30,3,E01007504,0,-1
2023522301310,2023,522301310,1,9,0,13,13,2,7,0,0,0,0,0,0,0,1,1,1,1,2,41,7,1353,1,3,HYUNDAI I30,8,E01032672,0,-1
2023541329423,2023,541329423,3,9,0,10,10,6,2,0,0,0,0,0,0,0,2,1,6,6,2,67,10,1396,1,11,HYUNDAI I30,5,E01029045,0,-1
2023221276023,2023,221276023,2,9,0,18,19,6,2,0,0,0,0,0,0,0,2,1,5,6,1,25,5,1582,2,8,HYUNDAI I30,10,E01032346,0,-1
2023131277657,2023,131277657,1,9,0,18,19,2,6,0,0,0,0,0,0,0,4,1,5,6,1,74,10,1582,2,7,HYUNDAI I30,3,E01010615,0,-1
2023461322306,2023,461322306,2,9,0,18,19,5,1,0,0,1,0,0,0,0,1,1,6,6,1,67,10,998,8,0,HYUNDAI I30,7,E01024538,0,-1
2023010422573,2023,010422573,2,9,0,99,99,9,9,99,99,9,9,99,9,99,9,9,6,6,3,36,7,1396,1,10,HYUNDAI I30,5,E01001935,0,-1
2023201276868,2023,201276868,2,9,0,8,8,8,2,0,0,1,0,0,0,0,1,1,6,6,2,34,6,998,1,5,HYUNDAI I30,3,E01009928,0,-1
2023101272524,2023,101272524,2,9,0,3,3,8,8,0,0,1,0,0,0,0,2,1,6,6,1,27,6,1396,1,13,HYUNDAI I30,1,E01008215,0,-1
2023340WN2712,2023,340WN2712,2,9,0,9,9,7,5,0,0,1,0,0,0,0,1,1,6,6,1,24,5,1353,1,4,HYUNDAI I30,9,E01027148,0,-1
2023440356663,2023,440356663,1,9,0,9,9,6,4,0,0,5,0,0,0,0,4,1,6,6,2,87,11,1591,1,14,HYUNDAI I30,10,E01022606,0,-1
2023010468804,2023,010468804,2,9,0,99,99,9,9,99,99,9,9,99,9,99,9,9,6,6,3,-1,-1,1591,1,12,HYUNDAI I30,-1,-1,0,-1
2023430053557,2023,430053557,1,9,0,13,13,1,5,0,0,0,0,0,0,0,1,1,1,1,1,24,5,1582,2,13,HYUNDAI I30,2,E01028454,0,-1
2023991327259,2023,991327259,2,9,0,16,19,2,5,0,0,0,0,0,0,0,3,1,5,6,1,47,8,1582,2,7,HYUNDAI I30,-1,-1,0,-1
2023332300414,2023,332300414,1,9,0,18,19,1,5,0,0,0,0,0,0,0,1,1,6,6,1,44,7,1582,2,12,HYUNDAI I30,1,E01013692,0,-1
2023430266725,2023,430266725,2,9,0,18,19,7,3,0,0,4,0,0,0,0,0,1,6,6,2,-1,-1,1582,2,10,HYUNDAI I30,-1,-1,0,-1
2023201288483,2023,201288483,1,9,0,5,5,4,8,0,0,8,0,0,0,0,1,1,2,2,2,40,7,1582,2,15,HYUNDAI I30,1,E01009326,0,-1
2023031343615,2023,031343615,3,9,0,18,19,5,1,0,0,1,0,0,0,0,0,1,5,6,2,40,7,1582,2,11,HYUNDAI I30,6,E01019275,0,-1
2023451288694,2023,451288694,2,9,0,4,4,6,2,0,0,0,0,0,0,0,2,1,5,6,2,27,6,1591,1,13,HYUNDAI I30,10,E01030771,0,-1
2023141375620,2023,141375620,2,9,0,16,19,7,3,0,0,8,0,0,0,0,1,1,6,6,2,60,9,1582,2,8,HYUNDAI I30,1,E01007317,0,-1
2023061401109,2023,061401109,1,9,0,3,3,1,5,0,0,1,0,0,0,0,1,1,6,6,1,50,8,1582,2,7,HYUNDAI I30,-1,-1,0,-1
2023440018084,2023,440018084,1,9,0,18,19,8,4,0,0,8,0,11,0,0,1,1,6,6,1,41,7,1353,1,6,HYUNDAI I30,10,E01022534,0,-1
2023221274388,2023,221274388,1,9,0,9,9,3,1,0,0,6,0,0,0,0,3,1,6,6,2,45,7,1396,1,10,HYUNDAI I30,3,E01032131,0,-1
2023320405570,2023,320405570,2,9,0,18,19,6,2,0,0,8,0,0,0,0,1,1,6,6,2,63,9,1582,2,12,HYUNDAI I30,4,E01026253,0,-1
2023131304729,2023,131304729,2,9,0,18,19,4,6,0,0,0,0,0,0,0,1,1,5,6,1,28,6,1396,1,14,HYUNDAI I30,5,E01006387,0,-1
2023201382937,2023,201382937,2,9,0,17,19,4,2,0,0,0,0,10,0,0,1,1,5,6,1,50,8,1582,2,12,HYUNDAI I30,1,E01009124,0,-1
2023440422453,2023,440422453,1,9,0,9,9,1,7,0,0,6,0,0,0,0,3,1,6,6,2,54,8,1396,1,9,HYUNDAI I30,8,E01022952,0,-1
2023052300348,2023,052300348,2,9,0,4,4,1,5,0,0,0,0,0,0,0,2,1,6,6,2,36,7,998,1,4,HYUNDAI I30,5,E01007243,0,-1
2023991324889,2023,991324889,6,9,0,4,4,6,2,0,0,0,0,0,0,0,2,1,5,6,1,19,4,1998,1,6,HYUNDAI I30,3,-1,0,-1
2023421294780,2023,421294780,1,9,0,18,19,1,5,0,0,1,0,0,1,0,1,1,5,6,2,18,4,1591,1,15,HYUNDAI I30,7,E01021511,0,-1
2023471278730,2023,471278730,2,9,0,4,4,4,8,0,0,0,0,0,0,0,2,1,2,2,1,-1,-1,1598,2,2,HYUNDAI I30,6,E01021034,0,-1
2023440487591,2023,440487591,1,9,0,18,19,2,6,0,0,0,5,0,1,0,4,1,6,6,1,18,4,1582,2,8,HYUNDAI I30,4,E01022723,0,-1
2023302301594,2023,302301594,2,9,0,18,19,3,7,0,0,0,0,0,0,0,1,1,6,6,1,68,10,1396,1,14,HYUNDAI I30,6,E01008046,0,-1
2023451323762,2023,451323762,2,9,0,18,19,1,5,0,0,1,0,0,0,0,1,1,5,6,1,37,7,1591,1,8,HYUNDAI I30,10,E01030990,0,-1
2023991358178,2023,991358178,1,9,0,3,3,4,8,0,0,0,0,0,0,0,2,1,5,6,1,32,6,1396,1,10,HYUNDAI I30,6,-1,0,-1
2023061274420,2023,061274420,1,9,0,9,9,7,5,0,0,0,0,0,0,0,4,1,6,6,3,63,9,1582,2,14,HYUNDAI I30,6,E01005973,0,-1
2023991342093,2023,991342093,2,9,0,16,19,1,5,0,0,0,0,0,0,0,0,1,6,6,1,73,10,1396,1,12,HYUNDAI I30,6,-1,0,-1
2023552300354,2023,552300354,2,9,0,18,19,8,4,0,0,8,0,0,0,0,4,1,6,6,2,22,5,1582,2,12,HYUNDAI I30,3,E01015294,0,-1
2023010476653,2023,010476653,2,9,0,99,99,9,9,99,99,9,9,99,9,99,9,9,6,6,3,-1,-1,1591,1,10,HYUNDAI I30,-1,-1,0,-1
2023031340880,2023,031340880,3,9,0,2,2,0,0,0,0,4,0,0,7,0,4,1,6,6,3,-1,-1,1396,1,11,HYUNDAI I30,-1,-1,0,-1
202354C903023,2023,54C903023,2,9,0,7,7,5,1,0,0,6,0,0,0,0,1,1,6,6,1,46,8,1582,2,9,HYUNDAI I30,9,E01031913,0,-1
2023351365895,2023,351365895,1,9,0,9,9,7,3,0,0,2,0,0,0,0,1,1,6,6,1,-1,-1,1582,2,12,HYUNDAI I30,10,E01018284,0,-1
2023101397206,2023,101397206,3,9,0,2,2,6,2,0,0,2,0,0,0,0,3,1,6,6,1,72,10,1582,2,8,HYUNDAI I30,8,E01008562,0,-1
2023501270230,2023,501270230,1,9,0,18,19,2,6,0,0,0,2,0,1,11,4,1,2,2,1,32,6,1582,2,8,HYUNDAI I30,6,E01019893,0,-1
2023471306973,2023,471306973,2,9,0,9,9,3,1,0,0,1,0,0,0,0,3,1,6,6,1,51,8,1396,1,14,HYUNDAI I30,5,E01031378,0,-1
2023421263390,2023,421263390,1,9,0,10,10,1,5,0,0,6,0,0,0,0,1,1,5,6,1,27,6,1582,2,12,HYUNDAI I30,3,E01012197,0,-1
2023471279299,2023,471279299,2,9,0,9,9,2,8,0,0,1,0,0,0,0,3,1,6,6,1,20,4,1998,1,2,HYUNDAI I30,9,E01021208,0,-1
2023052300247,2023,052300247,2,9,0,10,10,1,7,0,0,1,0,0,0,0,1,1,3,7,1,37,7,1582,2,10,HYUNDAI I30,1,E01006676,0,-1
2023061291731,2023,061291731,1,9,0,18,19,1,5,0,0,1,0,0,0,0,1,1,6,6,1,39,7,1396,1,15,HYUNDAI I30,1,E01033258,0,-1
2023221271294,2023,221271294,1,9,0,17,19,6,3,0,0,0,0,0,7,10,1,1,6,6,1,23,5,1998,1,4,HYUNDAI I30,9,E01032433,0,-1
2023552300998,2023,552300998,1,9,0,18,19,8,4,0,0,0,0,0,7,4,1,1,6,6,1,25,5,1582,2,12,HYUNDAI I30,3,E01015283,0,-1
2023052302796,2023,052302796,2,9,0,18,19,3,7,0,0,1,0,0,0,0,4,1,1,1,1,-1,-1,1582,2,8,HYUNDAI I30,6,E01007255,0,-1
2023320043902,2023,320043902,1,9,0,13,13,8,4,0,0,0,0,0,0,0,4,1,6,6,1,30,6,1998,1,5,HYUNDAI I30,9,E01026320,0,-1
2023141360665,2023,141360665,2,9,0,4,4,7,3,0,0,0,0,0,0,0,1,1,6,6,1,-1,-1,998,8,1,HYUNDAI I30,-1,-1,0,-1
2023991345080,2023,991345080,1,9,0,4,4,7,3,0,0,0,0,0,0,0,1,1,6,6,2,49,8,998,1,2,HYUNDAI I30,8,-1,0,-1
2023131343044,2023,131343044,1,9,0,18,19,4,4,0,0,0,5,7,0,0,1,1,6,6,1,38,7,1998,1,3,HYUNDAI I30,7,E01010917,0,-1
2023041328448,2023,041328448,3,9,0,18,19,5,1,0,0,1,0,4,0,0,1,1,2,2,1,24,5,1396,1,11,HYUNDAI I30,1,E01025295,0,-1
2023430131126,2023,430131126,1,9,0,18,19,6,3,0,0,0,0,0,0,0,1,1,6,6,1,58,9,1396,1,14,HYUNDAI I30,9,E01028814,0,-1
2023991263468,2023,991263468,1,9,0,7,7,6,5,8,6,0,0,0,7,0,3,1,6,6,2,62,9,1582,2,10,HYUNDAI I30,3,-1,0,-1
2023520300565,2023,520300565,2,9,0,17,19,4,1,0,0,0,0,0,0,0,1,1,6,6,2,52,8,1396,1,16,HYUNDAI I30,10,E01029168,0,-1
2023371377046,2023,371377046,1,9,0,-1,-1,-1,-1,-1,-1,-1,-1,-1,-1,0,-1,1,6,6,3,-1,-1,1582,2,13,HYUNDAI I30,-1,-1,0,-1
2023101326023,2023,101326023,2,9,0,10,10,1,7,0,0,8,0,0,1,0,3,1,6,6,1,51,8,1582,2,12,HYUNDAI I30,1,E01008165,0,-1
2023061363854,2023,061363854,1,9,0,9,9,1,5,0,0,0,0,0,0,0,1,1,3,7,2,41,7,1396,1,14,HYUNDAI I30,2,E01005354,0,-1
2023061272712,2023,061272712,2,9,0,9,9,6,3,0,0,8,0,0,0,0,3,1,6,6,2,45,7,1353,1,5,HYUNDAI I30,7,E01005875,0,-1
2023010456213,2023,010456213,1,3,0,3,3,4,8,0,0,0,0,99,0,0,1,1,2,2,1,56,9,125,1,12,-1,3,E01003339,0,-1
2023430313687,2023,430313687,1,9,0,12,12,4,8,0,0,0,0,0,0,0,3,1,6,6,3,-1,-1,2987,2,12,-1,-1,-1,0,-1
2023332300922,2023,332300922,1,9,0,18,19,6,2,0,0,1,0,0,1,0,1,1,2,2,1,36,7,2987,2,16,-1,5,E01013329,0,-1
2023031264390,2023,031264390,2,9,0,18,19,1,1,0,0,0,0,0,0,0,1,1,1,1,1,82,11,2987,2,10,-1,8,E01019253,0,-1
2023010441207,2023,010441207,2,9,0,99,99,9,9,99,99,9,9,99,9,99,9,9,6,6,1,39,7,2987,2,13,-1,1,E01002715,0,-1
2023010443424,2023,010443424,2,9,0,18,19,7,3,0,0,8,0,0,0,0,1,1,6,6,1,66,10,2987,2,15,-1,4,E01002224,0,-1
2023520400392,2023,520400392,1,9,0,18,19,6,2,0,0,8,0,0,0,0,1,1,6,6,1,36,7,2987,2,13,-1,2,E01029131,0,-1
2023421326323,2023,421326323,1,9,0,13,13,3,7,0,0,0,0,0,0,0,1,1,6,6,1,40,7,2987,2,17,-1,-1,-1,0,-1
2023010429153,2023,010429153,1,9,0,10,10,5,3,0,0,8,0,0,0,0,3,1,6,6,1,51,8,2987,2,11,-1,2,E01003578,0,-1
2023010443394,2023,010443394,1,3,0,5,5,5,1,5,5,0,0,0,0,0,3,1,6,6,1,51,8,124,1,12,-1,2,E01001130,0,-1
2023430504919,2023,430504919,2,4,0,18,19,4,8,0,0,8,0,0,0,0,1,1,2,2,1,29,6,124,1,12,-1,1,E01016742,0,-1
2023542630123,2023,542630123,1,9,0,18,19,4,8,0,0,0,5,0,7,10,3,1,6,6,1,60,9,1995,2,6,RENAULT KOLEOS,5,E01029053,0,-1
2023991287620,2023,991287620,1,9,0,9,9,5,2,0,0,6,0,0,0,0,1,1,5,6,1,82,11,1749,2,3,RENAULT KOLEOS,2,-1,0,-1
2023010468385,2023,010468385,1,9,0,5,5,0,3,0,0,6,0,11,0,0,1,1,2,2,1,66,10,1995,2,4,RENAULT KOLEOS,2,E01021816,0,-1
2023461316643,2023,461316643,2,9,0,14,14,6,8,0,0,1,0,0,0,0,3,1,5,6,1,47,8,1995,2,4,RENAULT KOLEOS,6,E01024005,0,-1
2023522300688,2023,522300688,2,9,0,9,9,2,8,0,0,8,0,0,0,0,3,1,6,6,1,40,7,1995,2,14,RENAULT KOLEOS,1,E01014593,0,-1
2023501365808,2023,501365808,1,9,0,2,2,0,0,0,0,0,0,4,0,0,3,1,6,6,2,31,6,1995,2,13,RENAULT KOLEOS,2,E01020280,0,-1
202360A015992,2023,60A015992,1,9,0,18,19,8,4,0,0,0,0,0,1,9,4,1,6,6,1,49,8,1995,2,6,RENAULT KOLEOS,-1,-1,0,-1
2023201305743,2023,201305743,1,9,0,5,5,4,8,0,0,6,0,0,0,0,1,1,6,6,1,77,11,1995,2,4,RENAULT KOLEOS,8,E01029370,0,-1
2023461367258,2023,461367258,1,9,0,12,12,5,2,0,0,0,0,0,0,0,3,1,6,6,2,52,8,1995,2,4,RENAULT KOLEOS,1,E01001846,0,-1
2023991284663,2023,991284663,1,9,0,15,15,3,7,0,0,1,0,0,2,0,1,1,6,6,1,50,8,1995,2,5,RENAULT KOLEOS,4,-1,0,-1
2023440230147,2023,440230147,2,9,0,5,5,5,1,0,0,6,0,0,0,0,1,1,6,6,1,68,10,1995,2,6,RENAULT KOLEOS,7,E01027689,0,-1
2023201279247,2023,201279247,2,9,0,9,9,6,1,0,0,5,0,0,0,0,1,1,6,6,3,27,6,1995,2,5,RENAULT KOLEOS,7,E01010246,0,-1
2023302301470,2023,302301470,1,9,0,7,7,6,8,0,0,0,0,0,0,0,1,1,6,6,1,36,7,1995,2,6,RENAULT KOLEOS,8,E01025791,0,-1
2023131348912,2023,131348912,2,3,0,18,19,5,1,0,0,8,0,0,0,0,1,1,5,6,1,67,10,278,1,3,-1,3,E01010993,0,-1
2023170L11003,2023,170L11003,1,5,0,16,19,2,6,0,0,0,0,0,7,4,1,1,6,6,1,62,9,999,1,10,SUZUKI GSXR,1,E01012131,0,-1
2023221380296,2023,221380296,2,3,0,9,9,5,4,0,0,6,0,0,0,0,1,1,2,2,1,18,4,124,1,1,SUZUKI GSXR,3,E01028905,0,-1
2023320401258,2023,320401258,1,5,0,17,19,8,4,0,0,1,2,0,0,0,4,1,6,6,1,35,6,599,1,14,SUZUKI GSXR,3,E01026075,0,-1
2023421345991,2023,421345991,2,5,0,18,19,1,5,0,0,1,2,0,0,0,1,1,5,6,1,25,5,750,1,10,SUZUKI GSXR,10,-1,0,-1
2023461288013,2023,461288013,1,5,0,18,19,7,3,0,0,0,0,0,0,0,1,1,6,6,2,32,6,749,1,16,SUZUKI GSXR,5,E01024562,0,-1
2023631359472,2023,631359472,2,5,0,18,19,3,7,0,0,0,0,0,0,0,1,1,5,6,1,54,8,988,1,21,SUZUKI GSXR,7,W01000486,0,-1
2023010450313,2023,010450313,2,3,0,18,19,5,1,0,0,1,5,0,0,0,1,1,6,6,1,53,8,124,1,0,SUZUKI GSXR,7,E01002220,0,-1
2023302300647,2023,302300647,2,3,0,18,19,8,4,0,0,1,0,0,0,0,1,1,6,6,2,19,4,124,1,1,SUZUKI GSXR,9,E01019597,0,-1
2023501307272,2023,501307272,1,5,0,13,13,7,3,0,0,0,1,0,0,0,3,1,5,6,1,47,8,999,1,17,SUZUKI GSXR,3,E01019028,0,-1
2023461350564,2023,461350564,2,5,0,18,19,8,4,0,0,0,0,0,0,0,1,1,6,6,1,38,7,988,1,21,SUZUKI GSXR,8,E01024255,0,-1
2023010444976,2023,010444976,1,5,0,18,19,2,6,0,0,1,0,0,0,0,1,1,2,2,1,41,7,750,1,17,SUZUKI GSXR,8,E01021599,0,-1
2023451343711,2023,451343711,2,5,0,13,13,7,3,0,0,8,5,0,0,0,1,1,6,6,1,30,6,988,1,20,SUZUKI GSXR,3,E01031555,0,-1
2023991306181,2023,991306181,1,5,0,18,19,4,1,0,0,0,0,0,0,0,3,1,6,6,1,25,5,988,1,19,SUZUKI GSXR,5,-1,0,-1
2023552300428,2023,552300428,1,5,0,18,19,6,2,0,0,0,1,0,0,0,0,1,6,6,1,74,10,988,1,19,SUZUKI GSXR,6,E01031996,0,-1
2023451310268,2023,451310268,1,5,0,18,19,3,7,0,0,0,0,0,0,0,1,1,6,6,1,20,4,599,1,21,SUZUKI GSXR,9,E01030975,0,-1
2023471370702,2023,471370702,1,5,0,18,19,5,1,0,0,8,0,0,0,0,0,1,6,6,1,31,6,749,1,20,SUZUKI GSXR,6,E01017009,0,-1
2023421319629,2023,421319629,1,5,0,16,19,5,1,0,0,0,2,10,3,0,1,1,6,6,1,39,7,750,1,12,SUZUKI GSXR,6,E01001662,0,-1
2023401354207,2023,401354207,1,3,0,3,3,7,3,0,0,1,0,0,0,0,1,1,5,6,1,17,4,124,1,0,SUZUKI GSXR,4,E01017505,0,-1
2023481369643,2023,481369643,2,5,0,14,14,5,1,0,0,0,0,0,0,0,4,1,5,6,1,31,6,599,1,10,SUZUKI GSXR,-1,-1,0,-1
2023411299355,2023,411299355,1,3,0,18,19,4,8,0,0,0,0,0,0,0,1,1,1,1,1,49,8,124,1,3,SUZUKI GSXR,6,E01023915,0,-1
2023411366437,2023,411366437,2,3,0,16,19,-1,-1,0,0,0,0,0,1,4,1,1,5,6,1,20,4,124,1,0,SUZUKI GSXR,8,E01023708,0,-1
2023440174638,2023,440174638,1,4,0,18,19,7,3,0,0,0,0,0,0,0,1,1,6,6,1,48,8,999,1,17,SUZUKI GSXR,-1,-1,0,-1
2023461263678,2023,461263678,2,2,0,18,19,7,3,0,0,0,0,0,0,0,1,1,6,6,1,63,9,599,1,13,-1,2,E01024505,0,-1
2023430153999,2023,430153999,1,5,0,16,19,5,8,0,0,0,0,0,0,0,0,1,6,6,1,32,6,988,1,20,SUZUKI GSXR,7,E01028713,0,-1
2023010447182,2023,010447182,1,5,0,18,19,5,1,0,0,1,1,0,0,0,4,1,6,6,1,43,7,599,1,12,SUZUKI GSXR,7,E01001888,0,-1
2023440407514,2023,440407514,1,4,0,18,19,6,2,0,0,1,0,0,0,0,1,1,6,6,1,31,6,749,1,19,SUZUKI GSXR,8,E01022935,0,-1
2023131295836,2023,131295836,1,5,0,18,19,5,1,0,0,8,0,0,0,0,4,1,6,6,1,20,4,599,1,15,SUZUKI GSXR,1,E01011107,0,-1
2023430505619,2023,430505619,1,5,0,18,19,5,1,0,0,0,1,0,0,0,3,1,1,1,1,25,5,750,1,17,SUZUKI GSXR,4,E01016715,0,-1
2023010483402,2023,010483402,1,5,0,18,19,1,5,0,0,8,0,0,0,0,1,1,6,6,1,48,8,1000,1,3,SUZUKI GSXR,-1,-1,0,-1
2023471293103,2023,471293103,2,3,0,18,19,5,1,0,0,1,0,0,0,0,3,1,2,2,1,19,4,124,1,0,SUZUKI GSXR,4,E01031344,0,-1
2023211335602,2023,211335602,2,3,-1,18,19,8,4,-1,-1,-1,-1,-1,-1,0,-1,1,6,6,1,27,6,124,1,3,SUZUKI GSXR,6,E01029497,0,-1
2023401380358,2023,401380358,1,3,0,13,13,2,5,0,0,0,0,0,0,0,4,1,6,6,1,-1,-1,124,1,3,SUZUKI GSXR,-1,-1,0,-1
2023010483155,2023,010483155,1,5,0,18,19,5,1,0,0,8,0,0,0,0,1,1,6,6,1,40,7,750,1,12,SUZUKI GSXR,6,E01001662,0,-1
2023010463864,2023,010463864,2,5,0,18,19,7,3,0,0,8,0,0,0,0,1,1,6,6,1,47,8,749,1,13,SUZUKI GSXR,6,E01002351,0,-1
2023010462335,2023,010462335,1,5,0,5,5,1,5,0,0,1,0,0,0,0,4,1,6,6,1,37,7,750,1,6,SUZUKI GSXR,1,E01022323,0,-1
2023552300751,2023,552300751,2,4,0,18,19,7,3,0,0,8,0,0,0,0,1,1,2,2,1,44,7,750,1,17,SUZUKI GSXR,5,E01020427,0,-1
2023231331383,2023,231331383,2,3,0,15,15,2,6,0,0,8,0,0,0,0,1,1,2,2,1,33,6,124,1,0,SUZUKI GSXR,4,E01031109,0,-1
2023461331281,2023,461331281,2,5,0,18,19,7,3,0,0,2,0,7,1,10,1,1,5,6,1,30,6,999,1,16,SUZUKI GSXR,2,E01024294,0,-1
202360A077637,2023,60A077637,2,4,0,18,19,1,5,0,0,8,0,0,0,0,1,1,6,6,1,30,6,749,1,16,SUZUKI GSXR,-1,-1,0,-1
2023430432417,2023,430432417,1,5,0,18,19,1,5,0,0,0,0,0,0,0,1,1,6,6,1,27,6,749,1,19,SUZUKI GSXR,3,E01001267,0,-1
2023411319098,2023,411319098,2,5,0,9,9,1,5,0,0,0,0,0,0,0,1,1,6,6,1,58,9,999,1,5,SUZUKI GSXR,6,E01023787,0,-1
2023430210492,2023,430210492,2,5,0,18,19,8,4,0,0,8,0,0,0,0,4,1,6,6,1,30,6,599,1,20,SUZUKI GSXR,6,E01016366,0,-1
2023471361184,2023,471361184,2,5,0,9,9,7,5,0,0,8,0,0,0,0,4,1,5,6,1,65,9,988,1,18,SUZUKI GSXR,7,E01031701,0,-1
2023451319901,2023,451319901,1,5,0,17,19,3,7,0,0,0,5,0,1,4,1,1,5,6,1,19,4,599,1,21,SUZUKI GSXR,9,E01030975,0,-1
2023311344262,2023,311344262,2,3,0,18,19,5,1,0,0,3,0,0,7,0,1,1,2,2,1,25,5,124,1,6,SUZUKI GSXR,3,E01028083,0,-1
2023501329098,2023,501329098,2,5,0,18,19,1,5,0,0,2,0,0,0,0,1,1,6,6,1,42,7,750,1,10,SUZUKI GSXR,5,E01018849,0,-1
2023421331238,2023,421331238,2,5,0,16,19,7,3,0,0,1,5,0,0,0,1,1,5,6,1,26,6,999,1,11,SUZUKI GSXR,4,E01015835,0,-1
2023320549737,2023,320549737,1,3,0,18,19,7,3,0,0,0,0,0,1,2,1,1,6,6,1,30,6,124,1,5,SUZUKI GSXR,1,E01026069,0,-1
2023531321790,2023,531321790,1,5,0,13,13,7,3,0,0,0,0,0,0,0,1,1,6,6,1,33,6,599,1,25,SUZUKI GSXR,-1,-1,0,-1
2023010469059,2023,010469059,1,5,0,18,19,7,3,0,0,0,1,0,0,0,1,1,6,6,1,39,7,999,1,13,SUZUKI GSXR,-1,-1,0,-1
2023010465664,2023,010465664,2,5,0,18,19,3,7,0,0,8,0,0,0,0,1,1,6,6,1,34,6,1000,1,3,SUZUKI GSXR,7,E01017705,0,-1
2023501306250,2023,501306250,1,5,0,17,19,1,5,0,0,0,1,10,1,0,1,1,6,6,1,60,9,599,1,20,SUZUKI GSXR,2,E01019074,0,-1
2023361299901,2023,361299901,1,5,0,18,19,1,5,0,0,1,2,0,0,0,1,1,5,6,1,28,6,600,1,24,SUZUKI GSXR,6,E01029930,0,-1
2023361355836,2023,361355836,2,3,0,18,19,7,3,0,0,0,0,0,0,0,4,1,5,6,1,17,4,124,1,3,SUZUKI GSXR,5,E01026730,0,-1
2023061283954,2023,061283954,2,3,-1,18,19,7,2,0,0,1,0,0,0,0,-1,1,6,6,1,60,9,988,1,19,SUZUKI GSXR,1,E01005099,0,-1
2023501390041,2023,501390041,2,3,0,5,5,4,1,0,0,1,0,0,0,0,3,1,2,2,1,36,7,124,1,5,SUZUKI GSXR,2,E01015073,0,-1
2023302301035,2023,302301035,1,5,0,16,19,4,6,0,0,2,0,0,0,0,1,1,6,6,1,33,6,599,1,16,SUZUKI GSXR,2,E01007871,0,-1