collision_index,collision_year,collision_ref_no,vehicle_reference,vehicle_type,towing_and_articulation,vehicle_manoeuvre_historic,vehicle_manoeuvre,vehicle_direction_from,vehicle_direction_to,vehicle_location_restricted_lane_historic,vehicle_location_restricted_lane,junction_location,skidding_and_overturning,hit_object_in_carriageway,vehicle_leaving_carriageway,hit_object_off_carriageway,first_point_of_impact,vehicle_left_hand_drive,journey_purpose_of_driver_historic,journey_purpose_of_driver,sex_of_driver,age_of_driver,age_band_of_driver,engine_capacity_cc,propulsion_code,age_of_vehicle,generic_make_model,driver_imd_decile,lsoa_of_driver,escooter_flag,driver_distance_banding
2023010453392,2023,010453392,1,5,0,18,19,1,5,0,0,0,0,0,0,0,1,1,2,2,1,45,7,999,1,7,SUZUKI GSXR,7,E01033509,0,-1
2023320516727,2023,320516727,1,5,0,18,19,4,8,0,0,4,2,10,1,0,4,1,6,6,1,34,6,749,1,19,SUZUKI GSXR,2,E01019572,0,-1
2023631370934,2023,631370934,1,5,0,18,19,2,6,0,0,0,5,0,7,3,4,1,6,6,1,56,9,988,1,20,SUZUKI GSXR,3,W01000604,0,-1
2023471326187,2023,471326187,2,5,0,14,14,7,3,0,0,1,1,0,0,0,4,1,2,2,1,27,6,749,1,16,SUZUKI GSXR,3,E01021065,0,-1
2023501361557,2023,501361557,2,5,0,9,9,2,8,0,0,0,0,0,0,0,4,1,6,6,1,53,8,1000,1,4,SUZUKI GSXR,4,E01020310,0,-1
2023221326511,2023,221326511,2,5,0,18,19,3,7,0,0,8,0,0,0,0,1,1,2,2,1,60,9,999,1,5,SUZUKI GSXR,5,E01014295,0,-1
2023440268137,2023,440268137,1,3,0,14,14,1,5,0,0,1,0,0,0,0,1,1,1,1,1,29,6,125,1,4,SUZUKI GSXR,5,E01017369,0,-1
2023161325048,2023,161325048,1,5,0,14,14,7,3,0,0,1,1,0,7,10,1,1,6,6,1,24,5,599,1,19,SUZUKI GSXR,9,E01013015,0,-1
2023622300913,2023,622300913,2,3,0,18,19,4,8,0,0,0,0,0,0,0,3,1,6,6,1,18,4,125,1,3,SUZUKI GSXR,9,W01001826,0,-1
2023010456851,2023,010456851,1,5,0,13,13,5,1,0,0,8,0,0,0,0,1,1,2,2,1,32,6,749,1,23,SUZUKI GSXR,2,E01004033,0,-1
2023010447382,2023,010447382,2,5,0,18,19,3,7,0,0,1,0,0,0,0,1,1,6,6,1,23,5,750,1,7,SUZUKI GSXR,2,E01001367,0,-1
2023430187911,2023,430187911,1,4,0,6,6,4,4,0,0,0,0,0,0,0,3,1,6,6,1,17,4,124,1,5,SUZUKI GSXR,5,E01016731,0,-1
2023440020891,2023,440020891,2,5,0,4,4,8,4,4,4,2,0,0,1,0,0,1,2,2,1,31,6,599,1,21,SUZUKI GSXR,2,E01017140,0,-1
2023501323697,2023,501323697,2,5,0,18,19,6,6,0,0,1,5,0,0,0,1,1,6,6,1,21,5,999,1,17,SUZUKI GSXR,-1,-1,0,-1
2023302300645,2023,302300645,1,5,0,7,7,6,2,0,0,1,1,0,0,0,1,1,6,6,1,41,7,599,1,16,SUZUKI GSXR,8,E01025637,0,-1
2023010423612,2023,010423612,2,5,0,18,19,5,1,2,2,1,1,0,0,0,1,1,6,6,1,38,7,599,1,17,SUZUKI GSXR,3,E01004274,0,-1
2023501294817,2023,501294817,1,5,0,18,19,6,2,0,0,0,2,0,0,0,1,1,6,6,1,34,6,998,1,15,SUZUKI GSXR,7,E01019892,0,-1
2023451326959,2023,451326959,1,5,0,18,19,3,7,0,0,0,0,0,0,0,0,1,5,6,1,27,6,599,1,14,SUZUKI GSXR,10,E01030695,0,-1
2023302301147,2023,302301147,1,5,0,18,19,8,4,0,0,1,0,0,7,10,1,1,2,2,1,26,6,998,1,15,SUZUKI GSXR,3,E01013457,0,-1
2023471330365,2023,471330365,1,5,0,18,19,5,1,0,0,0,1,0,1,0,1,1,1,1,1,26,6,599,1,18,SUZUKI GSXR,1,E01031427,0,-1
2023461288878,2023,461288878,1,5,0,18,19,1,5,0,0,8,5,10,0,0,0,1,6,6,1,26,6,749,1,19,SUZUKI GSXR,5,E01024788,0,-1
2023122300986,2023,122300986,1,3,0,17,19,3,7,0,0,0,0,10,0,0,4,1,6,6,2,26,6,124,1,0,SUZUKI GSXR,3,E01005603,0,-1
2023010468661,2023,010468661,1,5,0,14,14,7,3,0,0,1,0,0,0,0,4,1,2,2,1,29,6,599,1,9,SUZUKI GSXR,3,E01001661,0,-1
2023991314706,2023,991314706,2,5,0,4,4,1,5,0,0,0,1,0,8,11,1,1,5,6,1,27,6,999,1,16,SUZUKI GSXR,-1,-1,0,-1
2023010475527,2023,010475527,2,4,0,3,3,7,3,0,0,1,0,0,0,0,3,1,2,2,1,24,5,124,1,0,SUZUKI GSXR,1,E01001813,0,-1
2023461274744,2023,461274744,1,5,0,12,12,6,2,0,0,0,2,0,0,0,1,1,5,6,1,21,5,750,1,17,SUZUKI GSXR,7,E01024554,0,-1
2023141317150,2023,141317150,2,5,0,18,19,6,2,0,0,1,0,0,0,0,1,1,6,6,1,29,6,749,1,15,SUZUKI GSXR,2,E01007517,0,-1
2023371396196,2023,371396196,2,5,0,18,19,3,7,0,0,8,0,0,0,0,3,1,6,6,1,60,9,750,1,8,SUZUKI GSXR,2,E01030023,0,-1
2023461345126,2023,461345126,1,5,0,18,19,2,6,0,0,8,1,10,1,0,4,1,6,6,1,31,6,750,1,11,SUZUKI GSXR,3,E01002375,0,-1
2023501356049,2023,501356049,1,3,0,18,19,1,5,0,0,1,0,0,0,0,1,1,1,1,1,17,4,124,1,0,SUZUKI GSXR,7,E01015138,0,-1
2023070940604,2023,070940604,1,5,0,18,19,3,7,0,0,1,1,2,0,0,0,1,6,6,1,41,7,599,1,21,SUZUKI GSXR,6,E01018722,0,-1
2023545793623,2023,545793623,2,5,0,18,19,5,1,0,0,1,0,0,0,0,1,1,6,6,1,40,7,988,1,21,SUZUKI GSXR,9,E01032711,0,-1
2023461388574,2023,461388574,1,5,0,4,4,2,6,0,0,0,1,0,0,0,0,1,6,6,1,54,8,999,1,16,SUZUKI GSXR,8,E01024106,0,-1
2023141320471,2023,141320471,1,5,0,18,19,2,6,0,0,2,5,0,1,0,3,1,5,6,1,53,8,1000,1,4,SUZUKI GSXR,6,E01007585,0,-1
2023440239372,2023,440239372,1,3,0,18,19,7,3,0,0,7,0,0,0,0,3,1,6,6,1,18,4,124,1,1,SUZUKI GSXR,4,E01022635,0,-1
2023361333711,2023,361333711,2,5,0,18,19,1,5,0,0,0,5,0,7,0,1,1,5,6,1,27,6,599,1,13,SUZUKI GSXR,8,E01026948,0,-1
2023440356914,2023,440356914,1,5,0,8,8,2,5,0,0,1,0,0,0,0,2,1,6,6,1,36,7,1000,1,5,SUZUKI GSXR,5,E01028580,0,-1
2023161354941,2023,161354941,1,5,0,18,19,5,1,0,0,1,1,0,0,0,0,1,6,6,1,39,7,999,1,15,SUZUKI GSXR,1,E01013218,0,-1
2023052300663,2023,052300663,2,5,0,18,19,7,3,0,0,1,0,0,0,0,1,1,6,6,1,33,6,749,1,16,SUZUKI GSXR,4,E01025508,0,-1
2023552301201,2023,552301201,1,4,0,18,19,1,5,0,0,0,1,0,0,0,0,1,6,6,1,32,6,599,1,21,SUZUKI GSXR,4,E01015343,0,-1
2023101388760,2023,101388760,1,3,0,18,19,5,1,0,0,8,0,0,0,0,1,1,6,6,1,41,7,124,1,3,SUZUKI GSXR,5,E01008359,0,-1
2023131349759,2023,131349759,1,5,0,13,13,5,1,0,0,0,5,0,7,0,1,1,5,6,1,42,7,750,1,10,SUZUKI GSXR,5,E01010982,0,-1
2023010423688,2023,010423688,1,5,0,18,19,3,7,0,0,0,0,0,0,0,1,1,2,2,1,46,8,599,1,12,SUZUKI GSXR,2,E01002368,0,-1
2023052302127,2023,052302127,3,5,0,18,19,5,1,0,0,1,0,0,0,0,0,1,6,6,1,35,6,999,1,16,SUZUKI GSXR,4,E01007288,0,-1
2023471314804,2023,471314804,1,5,0,17,19,8,4,0,0,0,0,0,0,0,1,1,6,6,1,31,6,599,1,21,SUZUKI GSXR,1,E01021019,0,-1
2023991341679,2023,991341679,1,5,0,16,19,4,8,0,0,0,0,0,7,2,1,1,1,1,1,43,7,749,1,15,SUZUKI GSXR,5,-1,0,-1
2023332300219,2023,332300219,1,5,0,18,19,6,2,0,0,8,0,0,0,0,4,1,2,2,1,36,7,599,1,22,SUZUKI GSXR,7,E01025937,0,-1
2023340NN3072,2023,340NN3072,2,4,0,18,19,4,8,0,0,1,0,0,0,0,1,1,6,6,1,36,7,999,1,17,SUZUKI GSXR,3,E01026984,0,-1
2023201344777,2023,201344777,2,5,0,5,5,1,5,0,0,8,0,0,0,0,1,1,6,6,1,-1,-1,999,1,16,SUZUKI GSXR,8,E01032427,0,-1
2023052303034,2023,052303034,2,5,0,14,14,1,5,0,0,1,0,0,0,0,1,1,6,6,1,41,7,599,1,18,SUZUKI GSXR,1,E01006961,0,-1
202360A128948,2023,60A128948,1,5,0,16,19,2,5,0,0,0,0,0,7,0,1,1,6,6,1,54,8,599,1,18,SUZUKI GSXR,-1,-1,0,-1
202360A080981,2023,60A080981,2,5,0,16,19,1,5,0,0,8,0,0,0,0,1,1,6,6,1,55,8,599,1,18,SUZUKI GSXR,-1,-1,0,-1
2023451263219,2023,451263219,1,5,0,18,19,3,7,0,0,2,1,0,0,0,2,1,2,2,1,31,6,599,1,5,SUZUKI GSXR,9,E01016196,0,-1
2023010459091,2023,010459091,1,3,0,13,13,1,5,0,0,2,0,0,1,0,1,1,6,6,1,29,6,750,1,11,SUZUKI GSXR,3,E01001327,0,-1
2023010433555,2023,010433555,1,4,0,13,13,3,7,0,0,0,0,0,0,0,1,1,6,6,1,16,4,599,1,15,SUZUKI GSXR,3,E01003555,0,-1
2023010470868,2023,010470868,2,5,0,18,19,3,7,0,0,0,0,0,0,0,4,1,2,2,1,46,8,1000,1,5,SUZUKI GSXR,7,E01024405,0,-1
2023351347543,2023,351347543,1,3,0,5,5,3,7,8,6,1,0,0,0,0,3,1,6,6,1,21,5,125,1,4,SUZUKI GSXR,9,E01017439,0,-1
2023211367794,2023,211367794,1,5,0,13,13,8,4,0,0,1,0,0,8,10,1,1,6,6,1,35,6,599,1,17,SUZUKI GSXR,3,E01029553,0,-1
2023161345553,2023,161345553,1,5,0,4,4,3,7,0,0,1,5,0,0,0,2,1,5,6,1,51,8,749,1,23,SUZUKI GSXR,6,E01012765,0,-1
2023010420463,2023,010420463,2,5,0,99,99,9,9,99,99,9,9,99,9,99,1,1,6,6,3,-1,-1,1000,1,4,SUZUKI GSXR,-1,-1,0,-1
2023461344557,2023,461344557,1,5,0,18,19,8,4,0,0,0,0,0,0,0,1,1,6,6,1,37,7,749,1,21,SUZUKI GSXR,5,E01000454,0,-1
2023991291075,2023,991291075,1,5,0,16,19,1,5,0,0,0,1,0,8,7,3,1,5,6,1,28,6,599,1,16,SUZUKI GSXR,9,-1,0,-1
202360A196304,2023,60A196304,1,4,0,18,19,8,2,0,0,0,1,0,2,11,3,1,6,6,1,19,4,750,1,8,SUZUKI GSXR,-1,-1,0,-1
2023052300461,2023,052300461,1,5,0,13,13,2,6,0,0,0,0,0,7,0,0,1,2,2,1,36,7,599,1,7,SUZUKI GSXR,1,E01006361,0,-1
2023451347363,2023,451347363,2,5,0,18,19,3,7,0,0,0,0,0,0,0,2,1,5,6,1,26,6,599,1,20,SUZUKI GSXR,10,E01030542,0,-1
2023320327770,2023,320327770,1,5,0,17,19,2,4,0,0,0,1,0,0,0,0,1,6,6,1,59,9,999,1,17,SUZUKI GSXR,9,E01026334,0,-1
2023991349798,2023,991349798,2,5,0,16,19,2,7,0,0,1,1,0,0,0,1,1,5,6,1,30,6,599,1,14,SUZUKI GSXR,8,-1,0,-1
2023991312440,2023,991312440,1,5,0,17,19,7,3,0,0,0,0,0,1,4,1,1,6,6,1,48,8,1000,1,3,SUZUKI GSXR,5,-1,0,-1
2023440354708,2023,440354708,2,5,0,18,19,8,4,0,0,1,0,0,0,0,1,1,6,6,1,42,7,999,1,14,SUZUKI GSXR,6,E01017174,0,-1
2023010452723,2023,010452723,1,5,9,99,99,9,9,99,99,9,9,99,9,99,9,1,6,6,1,31,6,749,1,16,SUZUKI GSXR,-1,-1,0,-1
2023131355025,2023,131355025,2,5,0,18,19,5,1,0,0,8,0,0,0,0,1,1,5,6,1,35,6,599,1,19,SUZUKI GSXR,2,E01011041,0,-1
2023361375836,2023,361375836,1,3,0,18,19,8,4,0,0,0,1,7,0,0,4,1,6,6,1,35,6,124,1,0,SUZUKI GSXR,3,E01026717,0,-1
202360A172201,2023,60A172201,1,5,0,13,13,1,5,0,0,1,5,0,7,11,4,1,6,6,1,27,6,599,1,17,SUZUKI GSXR,-1,-1,0,-1
2023631342528,2023,631342528,1,5,0,18,19,6,2,0,0,8,1,0,0,0,1,1,5,6,1,48,8,1000,1,5,SUZUKI GSXR,6,W01000456,0,-1
2023061340867,2023,061340867,2,5,0,18,19,5,1,0,0,0,0,0,1,0,1,1,6,6,1,25,5,599,1,11,SUZUKI GSXR,2,E01011041,0,-1
2023010473046,2023,010473046,1,5,0,18,19,3,7,0,0,8,5,0,0,0,3,1,2,2,1,74,10,988,1,21,SUZUKI GSXR,5,E01003247,0,-1
2023201311271,2023,201311271,2,3,0,18,19,3,7,0,0,1,0,0,0,0,4,1,6,6,1,29,6,125,1,3,SUZUKI GSXR,5,E01009211,0,-1
2023311362640,2023,311362640,1,4,0,5,5,1,1,0,0,1,0,0,0,0,4,1,2,2,1,18,4,124,1,0,SUZUKI GSXR,4,E01028291,0,-1
2023101311091,2023,101311091,2,5,0,3,3,1,5,0,0,0,5,0,0,0,2,1,6,6,1,33,6,599,1,20,SUZUKI GSXR,2,E01020624,0,-1
2023501383636,2023,501383636,1,5,0,14,14,5,1,0,0,1,0,0,0,0,1,1,2,2,1,29,6,999,1,7,SUZUKI GSXR,4,E01020247,0,-1
2023031319505,2023,031319505,1,5,0,13,13,1,5,0,0,8,5,0,0,0,1,1,5,6,1,25,5,599,1,14,SUZUKI GSXR,4,E01019151,0,-1
2023332300375,2023,332300375,1,5,0,18,19,1,5,0,0,1,0,0,0,0,1,1,6,6,1,53,8,999,1,6,SUZUKI GSXR,7,E01032892,0,-1
2023010473473,2023,010473473,1,5,0,99,99,9,9,99,99,9,9,99,9,99,9,1,6,6,1,39,7,599,1,17,SUZUKI GSXR,3,E01004274,0,-1
2023552300661,2023,552300661,1,4,0,4,4,4,8,0,0,6,1,0,0,0,0,1,6,6,1,48,8,988,1,19,SUZUKI GSXR,7,E01020361,0,-1
2023211360818,2023,211360818,1,5,0,18,19,7,3,9,9,0,2,0,1,0,4,1,5,6,1,35,6,999,1,9,SUZUKI GSXR,2,E01010400,0,-1
2023041380892,2023,041380892,1,5,0,18,19,5,1,0,0,1,2,0,0,0,1,1,6,6,1,39,7,749,1,19,SUZUKI GSXR,1,E01012737,0,-1
2023440247520,2023,440247520,1,3,0,17,19,4,8,0,0,2,0,0,1,3,1,1,2,2,1,23,5,124,1,1,SUZUKI GSXR,5,E01032698,0,-1
2023101339132,2023,101339132,2,5,0,16,19,1,5,0,0,1,1,0,1,9,1,1,5,6,1,36,7,750,1,8,SUZUKI GSXR,7,E01008374,0,-1
2023501325549,2023,501325549,2,5,0,5,5,2,6,0,0,1,0,0,0,0,3,1,5,6,1,59,9,750,1,17,SUZUKI GSXR,4,E01020321,0,-1
2023531276274,2023,531276274,1,5,0,7,7,3,5,0,0,6,1,0,0,0,2,1,5,6,1,57,9,999,1,18,SUZUKI GSXR,10,E01022113,0,-1
2023010467973,2023,010467973,2,5,0,18,19,7,3,0,0,1,0,0,0,0,1,1,6,6,1,43,7,999,1,12,SUZUKI GSXR,7,E01031351,0,-1
2023231352713,2023,231352713,1,5,0,18,19,8,3,0,0,1,1,0,0,0,1,1,5,6,1,31,6,749,1,16,SUZUKI GSXR,7,E01032255,0,-1
2023430252332,2023,430252332,2,3,0,18,19,4,8,0,0,8,0,0,0,0,1,1,6,6,1,27,6,125,1,4,SUZUKI GSXR,10,E01016816,0,-1
2023122300400,2023,122300400,1,5,0,18,19,1,5,0,0,0,1,0,0,0,0,1,6,6,1,61,9,998,1,22,SUZUKI GSXR,-1,-1,0,-1
2023302300631,2023,302300631,1,5,0,13,13,6,2,0,0,0,0,0,0,0,1,1,6,6,1,34,6,750,1,18,SUZUKI GSXR,3,E01013554,0,-1
2023430221133,2023,430221133,2,5,0,18,19,2,6,0,0,0,0,0,0,0,1,1,6,6,1,19,4,750,1,9,SUZUKI GSXR,8,E01016339,0,-1
2023461360973,2023,461360973,1,5,0,18,19,3,7,0,0,0,0,0,0,0,1,1,6,6,1,27,6,749,1,16,SUZUKI GSXR,9,E01024818,0,-1
2023010477801,2023,010477801,1,5,0,99,99,9,9,99,99,9,9,99,9,99,9,1,6,6,1,31,6,999,1,8,SUZUKI GSXR,1,E01026868,0,-1
2023461315272,2023,461315272,1,5,0,18,19,5,1,6,6,8,2,0,2,0,1,1,2,2,1,46,8,599,1,18,SUZUKI GSXR,7,E01024766,0,-1
2023031312385,2023,031312385,1,5,0,13,13,1,6,0,0,0,0,0,0,0,1,1,6,6,1,38,7,1000,1,18,SUZUKI GSXR,5,E01025153,0,-1
2023520301402,2023,520301402,2,5,0,13,13,1,5,0,0,8,0,0,0,0,1,1,6,6,1,28,6,599,1,25,SUZUKI GSXR,7,E01009870,0,-1
2023531309429,2023,531309429,2,5,0,18,19,4,8,0,0,1,2,0,0,0,1,1,6,6,1,18,4,599,1,25,SUZUKI GSXR,-1,-1,0,-1
2023010460956,2023,010460956,1,5,0,18,19,7,3,0,0,2,0,0,0,0,0,1,6,6,1,31,6,750,1,7,SUZUKI GSXR,7,E01024141,0,-1
2023461363170,2023,461363170,1,5,0,18,19,6,2,0,0,0,0,0,5,6,1,1,5,6,1,43,7,1000,1,5,SUZUKI GSXR,6,E01024783,0,-1
2023070122202,2023,070122202,1,5,0,13,13,3,7,0,0,0,0,0,7,0,1,1,6,6,1,24,5,749,1,19,SUZUKI GSXR,6,E01018479,0,-1
2023340WN4222,2023,340WN4222,2,5,0,18,19,5,1,0,0,8,2,0,1,11,1,1,6,6,1,36,7,1000,1,5,SUZUKI GSXR,5,E01027158,0,-1
2023461303578,2023,461303578,2,4,0,15,15,7,3,0,0,0,0,0,0,0,1,1,6,6,1,56,9,999,1,18,SUZUKI GSXR,4,E01024087,0,-1
2023122300646,2023,122300646,1,5,0,9,9,6,3,0,0,8,0,0,0,0,0,1,6,6,1,29,6,599,1,20,SUZUKI GSXR,6,E01013301,0,-1
2023501328806,2023,501328806,1,5,0,18,19,4,1,0,0,0,2,0,1,0,1,1,5,6,1,24,5,750,1,17,SUZUKI GSXR,5,E01020060,0,-1
2023991344479,2023,991344479,1,5,0,16,19,2,6,0,0,0,5,0,1,10,1,1,5,6,1,41,7,750,1,9,SUZUKI GSXR,7,-1,0,-1
2023461361854,2023,461361854,2,5,0,3,3,1,5,0,0,0,0,0,0,0,2,1,2,2,1,32,6,999,1,12,SUZUKI GSXR,-1,-1,0,-1
2023340WN9112,2023,340WN9112,2,4,0,18,19,8,4,0,0,8,0,0,0,0,1,1,6,6,1,44,7,125,1,4,SUZUKI GSXR,1,E01027200,0,-1
2023471364899,2023,471364899,1,5,0,18,19,3,7,0,0,0,0,0,0,0,1,1,6,6,1,33,6,600,1,26,SUZUKI GSXR,7,E01030629,0,-1
2023211295114,2023,211295114,3,5,0,16,19,2,5,0,0,0,0,0,0,0,0,1,5,6,1,25,5,749,1,18,SUZUKI GSXR,8,E01029656,0,-1
2023340WN4902,2023,340WN4902,2,5,0,17,19,6,2,0,0,8,0,0,0,0,4,1,6,6,1,32,6,988,1,20,SUZUKI GSXR,9,E01027218,0,-1
2023211345599,2023,211345599,2,5,0,13,13,2,6,0,0,1,0,0,0,0,1,1,6,6,1,51,8,999,1,13,SUZUKI GSXR,6,E01028852,0,-1
2023991403736,2023,991403736,1,5,0,17,19,7,3,0,0,1,1,10,1,0,3,1,2,2,1,29,6,599,1,20,SUZUKI GSXR,-1,-1,0,-1
2023010459310,2023,010459310,2,5,0,99,99,9,9,99,99,9,9,99,9,99,9,1,6,6,3,-1,-1,749,1,13,SUZUKI GSXR,-1,-1,0,-1
2023471353109,2023,471353109,1,5,0,18,19,7,3,0,0,1,0,0,0,0,1,1,5,6,1,56,9,999,1,9,SUZUKI GSXR,3,E01016926,0,-1
2023552301440,2023,552301440,1,5,0,18,19,8,4,0,0,0,1,0,0,0,0,1,6,6,1,41,7,599,1,17,SUZUKI GSXR,8,E01015314,0,-1
2023041322039,2023,041322039,2,5,0,18,19,3,7,0,0,1,2,0,0,0,1,1,2,2,1,27,6,749,1,15,SUZUKI GSXR,1,E01025068,0,-1
2023440164177,2023,440164177,1,5,0,17,19,2,7,0,0,8,0,9,0,0,1,1,6,6,1,49,8,749,1,23,SUZUKI GSXR,2,-1,0,-1
2023461374734,2023,461374734,2,3,0,13,13,5,1,0,0,1,0,0,0,0,1,1,2,2,1,18,4,125,1,4,SUZUKI GSXR,7,E01024411,0,-1
2023010436140,2023,010436140,2,5,0,18,19,7,3,0,0,0,5,0,0,0,1,1,2,2,1,30,6,750,1,7,SUZUKI GSXR,9,E01023103,0,-1
2023201364041,2023,201364041,1,3,0,17,19,3,8,0,0,0,0,10,1,0,1,1,2,2,1,19,4,124,1,0,SUZUKI GSXR,1,E01010383,0,-1
2023010449269,2023,010449269,1,5,0,99,99,9,9,99,99,9,9,99,9,99,1,1,6,6,1,41,7,599,1,14,SUZUKI GSXR,5,E01004579,0,-1
2023131302138,2023,131302138,2,5,0,18,19,3,7,0,0,0,1,0,0,0,3,1,5,6,1,54,8,599,1,20,SUZUKI GSXR,6,E01011598,0,-1
2023070547073,2023,070547073,1,5,0,16,19,3,7,0,0,0,0,0,7,11,3,1,6,6,1,51,8,749,1,14,SUZUKI GSXR,-1,-1,0,-1
2023501303640,2023,501303640,1,5,0,13,13,1,6,0,0,0,2,0,0,0,1,1,6,6,1,27,6,999,1,9,SUZUKI GSXR,1,E01019041,0,-1
2023010438156,2023,010438156,2,5,0,4,4,5,1,0,0,1,0,0,0,0,1,1,1,1,1,38,7,599,1,12,SUZUKI GSXR,3,E01024608,0,-1
2023010443162,2023,010443162,2,5,0,18,19,2,6,0,0,1,0,0,0,0,1,1,6,6,1,29,6,599,1,11,SUZUKI GSXR,3,E01003637,0,-1
2023531303711,2023,531303711,1,5,0,18,19,3,7,0,0,0,0,0,0,0,4,1,5,6,1,44,7,1000,1,4,SUZUKI GSXR,1,E01032302,0,-1
2023010464687,2023,010464687,2,4,0,13,13,4,8,0,0,1,2,0,0,0,1,1,6,6,1,32,6,124,1,5,SUZUKI GSXR,4,E01000612,0,-1
2023440204692,2023,440204692,1,5,0,16,19,8,3,0,0,0,0,0,0,0,3,1,2,2,1,25,5,599,1,19,SUZUKI GSXR,8,E01022975,0,-1
2023332300585,2023,332300585,1,5,0,18,19,5,1,0,0,0,0,0,0,0,1,1,6,6,1,25,5,599,1,10,SUZUKI GSXR,8,E01027348,0,-1
2023052302127,2023,052302127,1,5,0,18,19,5,1,0,0,1,1,0,0,0,1,1,6,6,1,35,6,999,1,7,SUZUKI GSXR,5,E01007143,0,-1
2023221318964,2023,221318964,1,5,0,13,13,7,3,0,0,8,0,0,0,0,4,1,5,6,1,42,7,749,1,19,SUZUKI GSXR,7,E01028856,0,-1
2023501334505,2023,501334505,2,3,0,18,19,8,4,0,0,1,0,0,0,0,1,1,5,6,1,34,6,125,1,5,SUZUKI GSXR,2,E01018868,0,-1
2023010425575,2023,010425575,1,3,0,13,13,1,5,0,0,2,0,0,0,0,1,1,2,2,1,27,6,125,1,4,SUZUKI GSXR,-1,-1,0,-1
2023221342946,2023,221342946,1,5,0,18,19,5,1,0,0,1,1,0,0,0,1,1,5,6,1,47,8,599,1,9,SUZUKI GSXR,3,E01014194,0,-1
2023010461609,2023,010461609,1,5,0,18,19,7,3,0,0,5,0,0,0,0,1,1,6,6,1,42,7,750,1,8,SUZUKI GSXR,5,E01004461,0,-1
2023010464074,2023,010464074,1,5,0,18,19,1,5,0,0,1,1,0,0,0,1,1,6,6,1,25,5,599,1,7,SUZUKI GSXR,1,E01002034,0,-1
2023471299499,2023,471299499,1,5,0,18,19,2,6,9,9,0,5,0,1,0,1,1,6,6,1,42,7,988,1,21,SUZUKI GSXR,5,E01031355,0,-1
2023010476735,2023,010476735,2,5,0,18,19,1,5,0,0,8,5,0,0,0,3,1,2,2,1,45,7,749,1,15,SUZUKI GSXR,3,E01003264,0,-1
2023461299158,2023,461299158,1,5,0,17,19,4,8,0,0,0,2,10,1,4,4,1,2,2,1,36,7,750,1,11,SUZUKI GSXR,8,E01024209,0,-1
2023520300645,2023,520300645,2,5,0,17,19,6,3,0,0,0,0,0,0,0,1,1,6,6,1,34,6,599,1,21,SUZUKI GSXR,5,E01029067,0,-1
2023401337239,2023,401337239,1,5,0,13,13,3,7,0,0,0,0,0,0,0,0,1,5,6,1,40,7,988,1,19,SUZUKI GSXR,9,E01023644,0,-1
2023461395006,2023,461395006,1,5,0,5,5,7,3,0,0,0,0,0,0,0,1,1,6,6,3,-1,-1,749,1,17,SUZUKI GSXR,-1,-1,0,-1
2023320673925,2023,320673925,2,5,0,18,19,2,6,0,0,0,0,2,0,0,1,1,2,2,1,33,6,999,1,10,SUZUKI GSXR,-1,-1,0,-1
2023501285951,2023,501285951,1,3,0,16,19,5,8,0,0,0,0,0,0,0,3,1,6,6,1,28,6,125,1,3,SUZUKI GSXR,1,E01018930,0,-1
2023371267375,2023,371267375,1,5,0,18,19,6,2,0,0,0,0,0,0,0,1,1,5,6,1,20,4,600,1,25,SUZUKI GSXR,5,E01030199,0,-1
2023070982338,2023,070982338,1,3,0,18,19,2,6,0,0,1,5,0,0,0,1,1,4,7,1,17,4,124,1,0,SUZUKI GSXR,2,E01018551,0,-1
2023211386893,2023,211386893,2,9,0,18,19,3,8,0,0,0,0,0,1,0,1,1,6,6,1,51,8,1798,8,1,-1,4,E01009818,0,-1
2023531296823,2023,531296823,2,9,0,18,19,3,7,0,0,0,0,0,0,0,4,1,5,6,2,53,8,1798,8,2,-1,3,E01022254,0,-1
2023211340119,2023,211340119,1,9,0,18,19,7,3,0,0,0,0,0,0,0,1,1,5,6,1,65,9,1798,8,1,-1,2,E01009877,0,-1
2023052303065,2023,052303065,1,9,0,18,19,3,7,0,0,8,0,0,0,0,4,1,1,1,1,65,9,1798,8,0,-1,2,E01025471,0,-1
2023991269452,2023,991269452,2,9,0,18,19,7,3,0,0,8,0,0,1,11,3,1,5,6,1,26,6,1798,8,1,-1,1,-1,0,-1
2023010453818,2023,010453818,4,9,0,4,4,1,5,0,0,0,1,0,0,0,3,1,2,2,2,68,10,1798,8,2,-1,8,E01030950,0,-1
2023010474572,2023,010474572,1,9,0,99,99,9,9,99,99,9,9,99,9,99,2,9,6,6,2,51,8,1798,8,2,-1,4,E01000380,0,-1
2023101395337,2023,101395337,2,8,0,18,19,5,2,0,0,0,0,0,0,0,3,1,1,1,1,34,6,1798,8,2,-1,3,E01008375,0,-1
2023421332708,2023,421332708,1,9,0,12,12,4,8,0,0,4,0,0,3,1,1,1,5,6,1,63,9,1798,8,0,-1,8,E01022052,0,-1
2023221354652,2023,221354652,1,9,0,18,19,8,4,0,0,0,0,0,0,0,4,1,1,1,1,61,9,1798,8,3,-1,-1,-1,0,-1
2023302301532,2023,302301532,2,4,0,18,19,4,2,0,0,3,1,0,0,0,3,1,2,2,1,55,8,200,1,13,-1,6,E01019411,0,-1