collision_index,collision_year,collision_ref_no,vehicle_reference,vehicle_type,towing_and_articulation,vehicle_manoeuvre_historic,vehicle_manoeuvre,vehicle_direction_from,vehicle_direction_to,vehicle_location_restricted_lane_historic,vehicle_location_restricted_lane,junction_location,skidding_and_overturning,hit_object_in_carriageway,vehicle_leaving_carriageway,hit_object_off_carriageway,first_point_of_impact,vehicle_left_hand_drive,journey_purpose_of_driver_historic,journey_purpose_of_driver,sex_of_driver,age_of_driver,age_band_of_driver,engine_capacity_cc,propulsion_code,age_of_vehicle,generic_make_model,driver_imd_decile,lsoa_of_driver,escooter_flag,driver_distance_banding
2023010442469,2023,010442469,1,9,0,8,8,3,5,0,0,1,0,0,0,0,1,1,6,6,1,26,6,1198,1,12,VOLKSWAGEN POLO,7,E01021902,0,-1
2023041306251,2023,041306251,2,9,0,18,19,1,1,0,0,0,0,0,0,0,2,1,5,6,1,19,4,1198,1,13,VOLKSWAGEN POLO,6,E01024859,0,-1
2023010452489,2023,010452489,1,9,0,9,9,4,3,0,0,5,0,0,8,1,1,2,6,6,1,21,5,1198,1,16,VOLKSWAGEN POLO,2,E01004264,0,-1
2023010460829,2023,010460829,1,9,0,5,5,8,4,0,0,8,0,0,7,5,4,1,6,6,2,87,11,1390,1,13,VOLKSWAGEN POLO,7,E01000139,0,-1
2023131299754,2023,131299754,1,9,0,18,19,1,5,0,0,0,0,0,0,0,1,1,5,6,2,43,7,1984,1,4,VOLKSWAGEN POLO,2,E01011167,0,-1
2023101261281,2023,101261281,1,9,0,18,19,1,5,0,0,0,0,0,0,0,3,1,6,6,2,26,6,999,1,1,VOLKSWAGEN POLO,10,E01027401,0,-1
2023522400650,2023,522400650,1,9,0,9,9,8,6,0,0,8,0,0,0,0,4,1,6,6,2,23,5,999,1,7,VOLKSWAGEN POLO,1,E01014663,0,-1
2023141329770,2023,141329770,1,9,0,18,19,5,1,0,0,0,0,0,1,2,1,1,5,6,2,41,7,1198,1,9,VOLKSWAGEN POLO,5,E01007813,0,-1
2023041354886,2023,041354886,3,9,0,18,19,1,5,0,0,2,0,0,0,0,2,1,5,6,1,18,4,999,1,6,VOLKSWAGEN POLO,6,E01024921,0,-1
2023201418693,2023,201418693,1,9,0,18,19,3,7,0,0,0,0,10,7,0,4,1,6,6,1,-1,-1,999,1,1,VOLKSWAGEN POLO,-1,-1,0,-1
2023440168276,2023,440168276,2,9,0,3,3,1,5,0,0,0,0,0,0,0,2,1,6,6,1,63,9,1200,1,21,VOLKSWAGEN POLO,5,E01020389,0,-1
2023531354905,2023,531354905,1,9,0,7,7,8,4,0,0,0,0,0,0,0,1,1,2,2,2,26,6,1400,1,16,VOLKSWAGEN POLO,2,E01000098,0,-1
2023411390685,2023,411390685,1,9,0,4,4,1,5,0,0,0,0,0,0,0,1,1,5,6,1,28,6,999,1,5,VOLKSWAGEN POLO,5,E01009654,0,-1
2023010483745,2023,010483745,2,9,0,99,99,9,9,99,99,9,9,99,9,99,1,9,6,6,3,-1,-1,1198,1,18,VOLKSWAGEN POLO,-1,-1,0,-1
2023302301195,2023,302301195,2,9,0,9,9,2,7,0,0,8,0,0,0,0,1,1,6,6,2,18,4,1197,1,7,VOLKSWAGEN POLO,1,E01019488,0,-1
2023010424333,2023,010424333,2,9,0,99,99,9,9,99,99,9,9,99,9,99,9,9,6,6,3,-1,-1,999,1,2,VOLKSWAGEN POLO,-1,-1,0,-1
2023010457138,2023,010457138,1,9,0,9,9,5,2,0,0,6,0,0,0,0,1,1,6,6,2,22,5,1197,1,9,VOLKSWAGEN POLO,3,E01002846,0,-1
2023320221609,2023,320221609,1,9,0,13,13,4,8,0,0,1,1,0,7,9,1,1,6,6,1,79,11,1984,1,1,VOLKSWAGEN POLO,3,E01026122,0,-1
2023991298514,2023,991298514,1,9,0,16,19,8,4,0,0,0,5,0,1,0,1,1,5,6,1,20,4,1198,1,21,VOLKSWAGEN POLO,-1,-1,0,-1
2023522400046,2023,522400046,1,9,0,11,11,1,5,0,0,1,0,0,0,0,4,1,6,6,1,17,4,1200,1,19,VOLKSWAGEN POLO,3,E01032517,0,-1
2023041322483,2023,041322483,1,9,0,9,9,4,3,0,0,6,0,0,0,0,2,1,5,6,2,18,4,999,1,8,VOLKSWAGEN POLO,7,E01025251,0,-1
2023122300077,2023,122300077,1,9,0,5,5,3,1,0,0,6,0,0,0,0,1,1,6,6,1,89,11,999,1,9,VOLKSWAGEN POLO,7,E01013406,0,-1
2023131360523,2023,131360523,2,9,0,2,2,1,1,0,0,0,0,0,0,0,4,1,6,6,3,-1,-1,999,1,8,VOLKSWAGEN POLO,-1,-1,0,-1
2023131381290,2023,131381290,1,9,0,18,19,7,3,0,0,0,0,4,1,11,1,1,5,6,1,29,6,1598,2,14,VOLKSWAGEN POLO,3,E01011085,0,-1
2023010425456,2023,010425456,2,9,0,99,99,9,9,99,99,0,9,99,9,99,9,9,6,6,1,-1,-1,999,1,5,VOLKSWAGEN POLO,6,E01002166,0,-1
2023991375912,2023,991375912,2,9,0,3,3,4,1,0,0,4,0,0,0,0,2,1,6,6,2,44,7,999,1,5,VOLKSWAGEN POLO,6,-1,0,-1
2023430430099,2023,430430099,1,9,0,9,9,1,7,0,0,5,0,0,0,0,1,1,6,6,1,20,4,1198,1,11,VOLKSWAGEN POLO,10,E01032554,0,-1
2023010452504,2023,010452504,1,9,0,18,19,4,8,0,0,0,5,4,3,0,1,2,6,6,1,23,5,999,1,3,VOLKSWAGEN POLO,3,E01021806,0,-1
2023440326510,2023,440326510,2,9,0,4,4,8,2,0,0,2,0,0,0,0,2,1,6,6,3,-1,-1,1400,2,17,VOLKSWAGEN POLO,-1,-1,0,-1
2023221295058,2023,221295058,1,9,0,18,19,1,5,0,0,8,1,0,1,11,1,1,6,6,1,23,5,1395,1,8,VOLKSWAGEN POLO,5,E01032203,0,-1
2023221346800,2023,221346800,1,9,0,16,19,4,6,0,0,0,0,0,0,0,3,1,2,2,1,28,6,1198,1,17,VOLKSWAGEN POLO,3,E01022121,0,-1
2023122301169,2023,122301169,1,9,0,18,19,6,2,0,0,8,0,0,0,0,1,1,2,2,2,27,6,999,1,1,VOLKSWAGEN POLO,3,E01027908,0,-1
2023451375791,2023,451375791,2,9,0,18,19,7,3,0,0,8,1,0,0,0,1,1,6,6,1,25,5,999,1,7,VOLKSWAGEN POLO,-1,-1,0,-1
2023622300720,2023,622300720,1,9,0,18,19,6,2,0,0,0,0,7,0,0,1,1,6,6,1,18,4,1390,1,10,VOLKSWAGEN POLO,10,W01001948,0,-1
2023320228636,2023,320228636,1,9,0,18,19,2,6,0,0,0,5,0,1,0,4,1,2,2,1,28,6,1197,1,6,VOLKSWAGEN POLO,1,E01033602,0,-1
2023010463558,2023,010463558,3,9,9,18,19,5,1,0,0,1,9,0,0,0,4,9,6,6,3,-1,-1,1198,1,12,VOLKSWAGEN POLO,-1,-1,0,-1
2023010466526,2023,010466526,1,9,0,99,99,9,9,99,99,0,9,99,9,99,2,9,6,6,1,18,4,1198,1,12,VOLKSWAGEN POLO,4,E01003767,0,-1
2023471273908,2023,471273908,1,9,0,9,9,3,1,0,0,2,0,0,7,0,4,1,6,6,1,52,8,1390,1,18,VOLKSWAGEN POLO,7,E01031567,0,-1
2023070614593,2023,070614593,1,9,0,18,19,7,3,0,0,0,0,0,0,0,1,1,6,6,1,24,5,999,1,5,VOLKSWAGEN POLO,4,E01012523,0,-1
2023041317834,2023,041317834,1,9,0,17,19,3,3,0,0,1,0,0,0,0,1,1,6,6,2,72,10,1390,1,11,VOLKSWAGEN POLO,6,E01025202,0,-1
2023461372083,2023,461372083,2,9,0,10,10,8,4,0,0,0,0,0,0,0,2,1,6,6,1,28,6,1197,1,7,VOLKSWAGEN POLO,10,E01024811,0,-1
2023531342520,2023,531342520,2,9,0,18,19,8,4,0,0,1,0,0,0,0,1,1,5,6,2,76,11,1197,1,9,VOLKSWAGEN POLO,8,E01023132,0,-1
2023991348032,2023,991348032,1,9,0,17,19,8,3,0,0,0,5,0,1,0,1,1,5,6,1,17,4,999,1,4,VOLKSWAGEN POLO,8,-1,0,-1
2023991379701,2023,991379701,1,9,0,18,19,1,5,0,0,1,0,0,0,0,1,1,2,2,1,24,5,999,1,0,VOLKSWAGEN POLO,9,-1,0,-1
2023440412486,2023,440412486,1,9,0,3,3,1,5,0,0,1,0,0,0,0,2,1,2,2,2,26,6,1198,1,11,VOLKSWAGEN POLO,3,E01016373,0,-1
2023501317319,2023,501317319,4,9,0,2,2,0,0,6,6,1,0,0,0,0,3,1,6,6,1,32,6,1390,1,11,VOLKSWAGEN POLO,4,E01020271,0,-1
2023320692718,2023,320692718,1,9,0,7,7,2,4,0,0,6,0,0,0,1,1,1,4,7,2,17,4,1199,2,9,VOLKSWAGEN POLO,7,E01028005,0,-1
2023471337524,2023,471337524,2,9,0,18,19,5,1,0,0,2,0,0,0,0,1,1,6,6,1,20,4,1198,1,13,VOLKSWAGEN POLO,3,E01028519,0,-1
2023052301262,2023,052301262,1,9,0,7,7,1,4,0,0,0,0,0,0,0,4,1,2,2,1,30,6,1197,1,9,VOLKSWAGEN POLO,5,E01007057,0,-1
2023440010532,2023,440010532,2,9,0,18,19,3,7,0,0,1,0,0,0,0,1,1,6,6,2,35,6,999,1,5,VOLKSWAGEN POLO,8,E01017302,0,-1
2023501379017,2023,501379017,1,9,0,18,19,1,5,0,0,0,5,0,0,0,1,1,5,6,1,17,4,1198,1,17,VOLKSWAGEN POLO,5,E01020177,0,-1
2023221348566,2023,221348566,1,9,0,14,14,5,1,0,0,8,0,0,0,0,1,1,3,7,2,45,7,1198,1,16,VOLKSWAGEN POLO,3,E01032449,0,-1
2023201415163,2023,201415163,1,9,-1,-1,-1,-1,-1,-1,-1,-1,-1,-1,-1,0,-1,1,6,6,1,-1,-1,1798,1,8,VOLKSWAGEN POLO,2,E01010474,0,-1
2023501395048,2023,501395048,2,9,0,18,19,2,6,0,0,8,0,0,0,0,2,1,5,6,1,49,8,999,1,0,VOLKSWAGEN POLO,9,E01015118,0,-1
2023371340536,2023,371340536,1,9,0,17,19,7,4,0,0,2,0,0,7,0,1,1,6,6,1,17,4,1198,1,11,VOLKSWAGEN POLO,7,E01029896,0,-1
2023411369423,2023,411369423,2,9,0,9,9,3,1,0,0,8,0,0,0,0,3,1,5,6,2,54,8,1198,1,15,VOLKSWAGEN POLO,9,E01028854,0,-1
2023552300652,2023,552300652,1,9,0,18,19,5,1,0,0,8,0,0,0,0,3,1,2,2,2,31,6,1197,1,6,VOLKSWAGEN POLO,7,E01020428,0,-1
2023461354834,2023,461354834,1,9,0,17,19,8,5,0,0,0,1,10,1,4,4,1,6,6,1,18,4,999,1,0,VOLKSWAGEN POLO,3,E01024481,0,-1
2023010449557,2023,010449557,1,9,0,18,19,7,3,0,0,2,0,0,1,5,1,1,6,6,2,18,4,999,1,9,VOLKSWAGEN POLO,7,E01030502,0,-1
2023471328003,2023,471328003,1,9,0,18,19,7,4,0,0,2,0,0,0,0,1,1,2,2,1,17,4,1198,1,13,VOLKSWAGEN POLO,7,E01032717,0,-1
2023201304371,2023,201304371,2,9,0,3,3,2,6,0,0,0,1,4,0,0,1,1,6,6,1,-1,-1,1390,1,12,VOLKSWAGEN POLO,-1,-1,0,-1
2023041360682,2023,041360682,1,9,0,18,19,1,5,0,0,0,1,0,1,0,3,1,5,6,2,20,4,1198,1,18,VOLKSWAGEN POLO,1,E01024906,0,-1
2023501384136,2023,501384136,2,9,0,18,19,6,2,0,0,0,1,0,0,0,1,1,6,6,1,20,4,1198,1,16,VOLKSWAGEN POLO,7,E01018883,0,-1
2023361325892,2023,361325892,1,9,0,18,19,2,6,0,0,0,0,0,0,0,4,1,5,6,2,20,4,1198,1,20,VOLKSWAGEN POLO,8,E01026490,0,-1
2023010438132,2023,010438132,4,9,0,10,10,2,7,0,0,4,0,0,0,0,2,1,6,6,1,24,5,1198,1,13,VOLKSWAGEN POLO,6,E01002423,0,-1
2023430105303,2023,430105303,1,9,0,18,19,8,4,0,0,0,0,0,0,0,4,1,6,6,2,78,11,1395,1,8,VOLKSWAGEN POLO,10,E01016587,0,-1
2023440056284,2023,440056284,3,9,0,12,12,2,6,0,0,0,0,0,0,0,1,1,2,2,1,22,5,1199,2,11,VOLKSWAGEN POLO,1,E01017237,0,-1
2023041373743,2023,041373743,2,9,0,18,19,3,7,0,0,0,1,0,0,0,4,1,5,6,2,52,8,1984,1,4,VOLKSWAGEN POLO,1,E01025112,0,-1
2023411314130,2023,411314130,1,9,0,4,4,3,7,0,0,0,0,0,0,0,2,1,6,6,1,20,4,1198,1,11,VOLKSWAGEN POLO,7,E01023556,0,-1
2023010432264,2023,010432264,1,9,0,9,9,5,2,0,0,5,0,0,0,0,4,1,2,2,2,23,5,1197,1,6,VOLKSWAGEN POLO,-1,-1,0,-1
2023041342910,2023,041342910,2,9,0,18,19,1,5,0,0,1,0,11,0,0,4,1,5,6,2,23,5,1198,1,13,VOLKSWAGEN POLO,1,E01012631,0,-1
2023552300799,2023,552300799,1,9,0,5,5,3,7,0,0,6,0,0,0,0,4,1,6,6,2,23,5,999,1,9,VOLKSWAGEN POLO,3,E01015442,0,-1
2023010479920,2023,010479920,1,9,0,18,19,5,1,0,0,0,0,0,0,0,1,1,2,2,2,28,6,1390,1,12,VOLKSWAGEN POLO,-1,-1,0,-1
2023201367917,2023,201367917,1,9,0,9,9,6,4,0,0,6,0,0,0,0,1,1,5,6,1,55,8,1197,1,7,VOLKSWAGEN POLO,4,E01029666,0,-1
2023991263251,2023,991263251,1,9,0,18,19,8,4,0,0,0,0,0,0,0,1,1,2,2,2,19,4,1390,1,12,VOLKSWAGEN POLO,7,-1,0,-1
2023010433367,2023,010433367,1,9,0,9,9,2,8,0,0,2,0,0,0,0,3,1,2,2,2,20,4,1198,1,10,VOLKSWAGEN POLO,8,E01030846,0,-1
2023061326088,2023,061326088,1,9,0,9,9,5,3,0,0,4,0,0,0,0,3,1,5,6,2,30,6,999,1,2,VOLKSWAGEN POLO,1,E01005472,0,-1
2023010468047,2023,010468047,2,9,0,13,13,1,5,0,0,5,0,0,0,0,2,2,6,6,1,17,4,1198,1,14,VOLKSWAGEN POLO,8,E01021332,0,-1
2023122301405,2023,122301405,1,9,0,16,19,3,7,0,0,0,0,0,7,4,1,1,6,6,2,23,5,1198,1,12,VOLKSWAGEN POLO,6,E01027676,0,-1
2023101304077,2023,101304077,2,9,0,5,5,4,6,0,0,1,0,0,0,0,1,1,5,6,1,27,6,999,1,5,VOLKSWAGEN POLO,9,E01008234,0,-1
2023131315622,2023,131315622,1,9,0,18,19,8,4,0,0,0,5,11,0,0,1,1,2,2,1,18,4,1800,1,17,VOLKSWAGEN POLO,6,E01010640,0,-1
2023010440894,2023,010440894,1,9,0,9,9,6,3,0,0,1,0,0,0,0,1,1,2,2,1,51,8,1198,1,12,VOLKSWAGEN POLO,5,E01024287,0,-1
2023302300474,2023,302300474,2,9,0,4,4,4,8,0,0,1,0,0,0,0,2,1,6,6,2,18,4,1198,1,16,VOLKSWAGEN POLO,7,E01019769,0,-1
2023430221510,2023,430221510,2,9,0,18,19,3,7,0,0,8,0,0,0,0,3,1,6,6,1,18,4,1198,1,10,VOLKSWAGEN POLO,9,E01022212,0,-1
2023501305996,2023,501305996,1,9,0,18,19,4,8,0,0,0,1,10,1,11,4,1,5,6,1,20,4,1198,1,13,VOLKSWAGEN POLO,-1,-1,0,-1
2023332300278,2023,332300278,2,9,0,9,9,7,4,0,0,6,0,0,0,0,1,1,6,6,2,38,7,1390,1,16,VOLKSWAGEN POLO,8,E01025643,0,-1
2023131292244,2023,131292244,1,9,0,18,19,1,5,0,0,0,0,0,0,0,1,1,2,2,1,19,4,1199,2,12,VOLKSWAGEN POLO,2,E01010792,0,-1
2023351313828,2023,351313828,2,9,0,18,19,-1,-1,0,0,0,0,0,0,0,2,1,1,1,2,19,4,1197,1,8,VOLKSWAGEN POLO,10,E01023586,0,-1
2023010434571,2023,010434571,2,9,0,18,19,5,1,0,0,1,0,0,0,0,0,1,6,6,1,51,8,1595,2,13,VOLKSWAGEN POLO,9,E01017463,0,-1
2023552300182,2023,552300182,1,9,0,18,19,6,2,0,0,0,0,0,0,0,1,1,2,2,2,27,6,1198,1,10,VOLKSWAGEN POLO,-1,-1,0,-1
2023101288326,2023,101288326,2,9,0,10,10,5,3,0,0,1,0,0,0,0,2,1,5,6,2,42,7,1198,1,12,VOLKSWAGEN POLO,3,E01008222,0,-1
2023141284189,2023,141284189,1,9,0,9,9,6,4,0,0,1,0,0,0,0,1,1,6,6,1,69,10,1390,1,9,VOLKSWAGEN POLO,10,E01007861,0,-1
2023332300619,2023,332300619,1,9,0,8,8,5,7,0,0,1,0,0,0,0,2,1,2,2,1,28,6,1197,1,6,VOLKSWAGEN POLO,2,E01013721,0,-1
2023211284559,2023,211284559,2,9,-1,18,19,6,2,-1,-1,-1,-1,-1,-1,0,-1,1,6,6,2,45,7,999,1,1,VOLKSWAGEN POLO,-1,-1,0,-1
2023071259392,2023,071259392,1,9,0,2,2,1,5,0,0,1,0,0,0,0,1,1,2,2,1,64,9,1198,1,13,VOLKSWAGEN POLO,5,E01012474,0,-1
2023461288449,2023,461288449,1,9,0,18,19,3,7,0,0,0,0,0,0,0,1,1,6,6,1,30,6,1390,1,16,VOLKSWAGEN POLO,5,E01024226,0,-1
2023552300856,2023,552300856,3,9,0,8,8,4,6,0,0,1,0,0,0,0,1,1,6,6,2,77,11,1390,1,13,VOLKSWAGEN POLO,7,E01015408,0,-1
2023991330371,2023,991330371,1,9,0,18,19,5,8,0,0,0,0,0,0,0,1,1,5,6,1,19,4,1197,1,8,VOLKSWAGEN POLO,7,-1,0,-1
2023010463478,2023,010463478,1,9,0,18,19,6,2,9,9,0,0,0,0,0,1,1,6,6,1,60,9,999,1,1,VOLKSWAGEN POLO,-1,-1,0,-1
2023010465822,2023,010465822,2,9,0,99,99,9,9,99,99,9,9,99,9,99,9,9,6,6,3,-1,-1,999,1,6,VOLKSWAGEN POLO,-1,-1,0,-1
2023010432238,2023,010432238,1,9,0,1,1,7,3,0,0,0,0,0,0,0,2,1,6,6,1,33,6,1198,1,9,VOLKSWAGEN POLO,5,E01004169,0,-1
2023122301138,2023,122301138,1,9,0,18,19,1,5,0,0,0,5,0,2,10,4,1,6,6,2,32,6,1197,1,6,VOLKSWAGEN POLO,8,E01011938,0,-1
2023440453229,2023,440453229,1,9,0,16,19,8,3,0,0,0,0,0,0,0,1,1,6,6,1,25,5,1197,1,6,VOLKSWAGEN POLO,9,E01016611,0,-1
2023201296571,2023,201296571,1,9,0,9,9,3,1,0,0,3,0,0,0,0,1,1,6,6,2,22,5,1197,1,7,VOLKSWAGEN POLO,2,E01009151,0,-1
2023471288260,2023,471288260,1,9,0,18,19,3,7,0,0,1,0,0,0,0,1,1,2,2,2,30,6,1197,1,8,VOLKSWAGEN POLO,4,E01021224,0,-1
2023411298856,2023,411298856,2,9,0,18,19,3,8,0,0,8,0,0,0,0,3,1,6,6,2,22,5,1390,1,9,VOLKSWAGEN POLO,6,E01023754,0,-1
2023010453740,2023,010453740,1,9,0,99,99,9,9,99,99,9,9,99,9,99,2,9,6,6,2,22,5,999,1,8,VOLKSWAGEN POLO,8,E01017818,0,-1
2023010457600,2023,010457600,1,9,0,5,5,7,3,0,0,8,0,0,0,0,4,1,6,6,2,46,8,999,1,5,VOLKSWAGEN POLO,10,E01000666,0,-1
2023141267698,2023,141267698,1,9,0,3,3,3,7,0,0,1,0,0,0,0,2,1,5,6,1,20,4,999,1,1,VOLKSWAGEN POLO,4,E01007625,0,-1
2023131307377,2023,131307377,2,9,0,18,19,7,3,0,0,2,0,0,0,0,1,1,5,6,1,18,4,1198,1,11,VOLKSWAGEN POLO,3,E01011222,0,-1
2023451354549,2023,451354549,2,9,0,2,2,0,0,9,9,0,0,0,0,0,2,1,6,6,3,-1,-1,1390,1,21,VOLKSWAGEN POLO,-1,-1,0,-1
2023549283123,2023,549283123,1,9,0,5,5,5,1,0,0,8,0,0,0,0,3,1,6,6,2,29,6,1390,1,22,VOLKSWAGEN POLO,2,E01015539,0,-1
2023010478224,2023,010478224,1,9,0,9,9,7,4,0,0,1,0,0,0,0,1,1,6,6,2,21,5,999,1,0,VOLKSWAGEN POLO,8,E01004195,0,-1
2023421331651,2023,421331651,2,9,0,2,2,0,0,0,0,0,0,0,0,0,1,1,6,6,3,-1,-1,1390,1,12,VOLKSWAGEN POLO,-1,-1,0,-1
2023430350434,2023,430350434,1,9,0,18,19,7,3,0,0,0,0,0,0,0,1,1,2,2,1,23,5,1200,1,21,VOLKSWAGEN POLO,7,E01028658,0,-1
2023461389085,2023,461389085,2,9,0,18,19,3,7,0,0,1,0,0,0,0,1,1,6,6,1,17,4,1198,1,11,VOLKSWAGEN POLO,8,E01024721,0,-1
2023471355720,2023,471355720,1,9,0,18,19,1,5,0,0,0,0,0,0,0,4,1,6,6,2,20,4,1400,1,18,VOLKSWAGEN POLO,7,E01016946,0,-1
2023302301838,2023,302301838,1,9,0,16,19,8,4,0,0,0,1,0,0,0,1,1,1,1,1,29,6,1400,1,17,VOLKSWAGEN POLO,4,E01019495,0,-1
2023010421350,2023,010421350,1,9,0,18,19,5,1,0,0,0,0,0,0,0,4,1,6,6,1,83,11,1390,1,11,VOLKSWAGEN POLO,-1,-1,0,-1
2023041342072,2023,041342072,1,9,0,9,9,1,5,0,0,1,0,0,0,0,1,1,5,6,1,18,4,999,1,5,VOLKSWAGEN POLO,10,E01006372,0,-1
2023131356656,2023,131356656,1,9,0,7,7,1,3,0,0,4,1,10,0,0,1,1,1,1,1,21,5,1395,1,8,VOLKSWAGEN POLO,1,E01011474,0,-1
2023061357540,2023,061357540,1,9,-1,5,5,-1,-1,0,0,0,0,0,0,0,-1,1,6,6,3,-1,-1,1198,1,18,VOLKSWAGEN POLO,5,E01005040,0,-1
2023991285537,2023,991285537,1,9,0,18,19,7,3,0,0,0,0,0,0,0,1,1,5,6,1,22,5,1798,1,8,VOLKSWAGEN POLO,5,-1,0,-1
2023010484583,2023,010484583,1,9,0,99,99,9,9,99,99,9,9,99,9,99,2,9,6,6,1,37,7,1984,1,5,VOLKSWAGEN POLO,5,E01002515,0,-1
2023451309612,2023,451309612,1,9,0,9,9,1,5,0,0,8,0,0,0,0,1,1,5,6,1,20,4,1199,2,11,VOLKSWAGEN POLO,5,E01030787,0,-1
2023991377491,2023,991377491,2,9,0,9,9,8,6,0,0,5,0,0,7,4,3,1,2,2,2,17,4,999,1,3,VOLKSWAGEN POLO,7,-1,0,-1
2023501376371,2023,501376371,1,9,0,18,19,4,8,0,0,0,0,0,0,0,4,1,5,6,1,23,5,999,1,5,VOLKSWAGEN POLO,-1,-1,0,-1
2023622300077,2023,622300077,2,9,0,18,19,8,4,0,0,1,0,0,1,1,4,1,6,6,1,23,5,1400,2,18,VOLKSWAGEN POLO,2,W01001057,0,-1
2023221278671,2023,221278671,2,9,0,18,19,6,2,0,0,8,0,10,7,10,1,1,5,6,1,46,8,999,1,9,VOLKSWAGEN POLO,4,E01009856,0,-1
2023430312139,2023,430312139,1,9,0,18,19,7,3,0,0,0,0,0,0,0,1,1,6,6,1,80,11,1390,1,22,VOLKSWAGEN POLO,9,E01028749,0,-1
2023010438358,2023,010438358,1,9,0,18,19,5,1,0,0,8,0,4,0,0,1,1,6,6,1,20,4,1198,1,18,VOLKSWAGEN POLO,4,E01001176,0,-1
2023201391206,2023,201391206,1,9,0,18,19,2,6,0,0,3,0,0,0,0,1,1,6,6,2,30,6,1199,2,12,VOLKSWAGEN POLO,-1,-1,0,-1
2023010444325,2023,010444325,1,9,0,9,9,2,7,0,0,8,0,0,0,0,1,1,6,6,1,22,5,1198,1,13,VOLKSWAGEN POLO,2,E01015774,0,-1
2023351363845,2023,351363845,1,9,0,18,19,1,5,0,0,0,0,0,0,0,0,1,6,6,2,19,4,1390,1,12,VOLKSWAGEN POLO,6,E01017951,0,-1
2023501349852,2023,501349852,1,9,0,16,19,1,5,0,0,0,1,0,0,0,4,1,6,6,1,32,6,1198,1,19,VOLKSWAGEN POLO,5,E01019992,0,-1
2023010432445,2023,010432445,2,9,0,99,99,9,9,99,99,0,9,99,9,99,9,9,6,6,3,-1,-1,1198,1,19,VOLKSWAGEN POLO,6,E01001083,0,-1
2023201389327,2023,201389327,2,9,0,16,19,7,3,0,0,8,0,0,0,0,2,1,6,6,1,46,8,999,1,0,VOLKSWAGEN POLO,1,E01009271,0,-1
2023991368669,2023,991368669,1,9,0,18,19,2,6,0,0,0,1,0,0,0,1,1,6,6,1,35,6,1422,2,15,VOLKSWAGEN POLO,1,E01008382,0,-1
2023461359277,2023,461359277,2,9,0,18,19,8,4,0,0,8,0,0,0,0,3,1,6,6,1,19,4,1198,1,12,VOLKSWAGEN POLO,5,E01024319,0,-1
2023041284597,2023,041284597,1,9,0,18,19,-1,-1,0,0,0,0,0,0,0,1,1,6,6,1,24,5,1198,1,20,VOLKSWAGEN POLO,-1,-1,0,-1
2023211349771,2023,211349771,1,9,0,13,13,6,2,0,0,0,1,10,7,2,1,1,5,6,1,21,5,1798,1,7,VOLKSWAGEN POLO,1,E01008927,0,-1
2023010487537,2023,010487537,1,9,0,99,99,9,9,99,99,9,9,99,9,99,1,9,6,6,1,28,6,1198,1,14,VOLKSWAGEN POLO,7,E01002199,0,-1
2023061317807,2023,061317807,1,9,0,18,19,3,7,0,0,0,0,7,0,0,1,1,6,6,2,52,8,1197,1,6,VOLKSWAGEN POLO,9,E01006071,0,-1
2023991366662,2023,991366662,1,9,0,9,9,1,6,0,0,1,0,0,0,0,1,1,5,6,1,17,4,999,1,7,VOLKSWAGEN POLO,-1,-1,0,-1
2023430057207,2023,430057207,1,9,0,18,19,8,4,0,0,6,0,0,0,0,3,1,6,6,2,22,5,1984,1,4,VOLKSWAGEN POLO,10,E01016684,0,-1
2023311393104,2023,311393104,2,9,0,5,5,6,2,0,0,8,0,0,0,0,2,1,5,6,1,17,4,1198,1,14,VOLKSWAGEN POLO,10,E01028368,0,-1
2023010474427,2023,010474427,1,9,0,9,9,7,4,0,0,5,0,0,0,0,3,1,6,6,1,39,7,1422,2,9,VOLKSWAGEN POLO,6,E01000324,0,-1
2023471356839,2023,471356839,2,9,0,11,11,5,1,0,0,1,0,0,0,0,2,1,5,6,2,18,4,999,1,0,VOLKSWAGEN POLO,9,E01031588,0,-1
2023471377875,2023,471377875,1,9,0,18,19,3,7,0,0,4,0,0,0,0,3,1,1,1,1,52,8,1390,1,22,VOLKSWAGEN POLO,8,E01021106,0,-1
2023010445417,2023,010445417,2,9,0,99,99,9,9,99,99,9,9,99,9,99,1,9,6,6,2,36,7,1198,1,14,VOLKSWAGEN POLO,3,E01001938,0,-1
2023401379858,2023,401379858,3,9,0,2,2,0,0,0,0,0,0,0,0,0,2,1,6,6,2,21,5,999,1,8,VOLKSWAGEN POLO,4,E01015786,0,-1
2023010426200,2023,010426200,1,9,0,4,4,2,6,0,0,1,0,10,0,0,1,1,6,6,2,63,9,1197,1,8,VOLKSWAGEN POLO,3,E01000641,0,-1
2023471338342,2023,471338342,2,9,0,7,7,6,1,0,0,0,0,0,0,0,2,1,5,6,2,44,7,999,1,0,VOLKSWAGEN POLO,10,E01021202,0,-1
2023010458295,2023,010458295,2,9,0,4,4,5,1,0,0,0,0,0,0,0,1,1,6,6,2,30,6,999,1,2,VOLKSWAGEN POLO,2,E01000096,0,-1
2023471347143,2023,471347143,1,9,0,9,9,1,7,0,0,1,0,0,0,0,1,1,6,6,1,20,4,1198,1,11,VOLKSWAGEN POLO,8,E01021030,0,-1
2023451358119,2023,451358119,3,9,0,18,19,2,6,0,0,0,0,0,0,0,1,1,5,6,1,46,8,1198,1,17,VOLKSWAGEN POLO,8,E01030529,0,-1