collision_index,collision_year,collision_ref_no,vehicle_reference,vehicle_type,towing_and_articulation,vehicle_manoeuvre_historic,vehicle_manoeuvre,vehicle_direction_from,vehicle_direction_to,vehicle_location_restricted_lane_historic,vehicle_location_restricted_lane,junction_location,skidding_and_overturning,hit_object_in_carriageway,vehicle_leaving_carriageway,hit_object_off_carriageway,first_point_of_impact,vehicle_left_hand_drive,journey_purpose_of_driver_historic,journey_purpose_of_driver,sex_of_driver,age_of_driver,age_band_of_driver,engine_capacity_cc,propulsion_code,age_of_vehicle,generic_make_model,driver_imd_decile,lsoa_of_driver,escooter_flag,driver_distance_banding
2023440156451,2023,440156451,1,9,0,18,19,7,3,0,0,0,0,0,0,0,3,1,6,6,2,-1,-1,999,1,2,VOLKSWAGEN POLO,-1,-1,0,-1
2023161338433,2023,161338433,1,9,0,9,9,3,7,0,0,0,0,0,0,0,2,1,2,2,1,38,7,1197,1,6,VOLKSWAGEN POLO,-1,-1,0,-1
2023541673123,2023,541673123,1,9,0,18,19,3,7,0,0,0,0,0,0,0,3,1,6,6,1,17,4,1198,1,16,VOLKSWAGEN POLO,7,E01032699,0,-1
2023141370908,2023,141370908,2,9,0,12,12,1,5,0,0,0,0,0,0,0,0,1,6,6,3,-1,-1,999,1,4,VOLKSWAGEN POLO,-1,-1,0,-1
2023501434194,2023,501434194,1,9,0,18,19,3,7,0,0,2,5,4,0,0,1,1,6,6,1,58,9,1422,2,15,VOLKSWAGEN POLO,2,E01018868,0,-1
2023170M11333,2023,170M11333,1,9,0,4,4,8,4,0,0,1,0,0,0,0,4,1,6,6,2,64,9,999,1,4,VOLKSWAGEN POLO,6,E01033472,0,-1
2023161327381,2023,161327381,1,9,0,16,19,2,6,0,0,0,5,0,7,0,1,1,5,6,1,19,4,1198,1,14,VOLKSWAGEN POLO,6,E01013309,0,-1
2023302301732,2023,302301732,2,9,0,18,19,1,5,0,0,0,0,0,0,0,1,1,6,6,2,21,5,1390,1,15,VOLKSWAGEN POLO,2,E01019469,0,-1
2023522400500,2023,522400500,3,9,0,18,19,1,5,0,0,2,0,0,0,0,1,1,6,6,1,41,7,1199,2,11,VOLKSWAGEN POLO,7,E01014735,0,-1
2023010454640,2023,010454640,2,9,0,4,4,7,3,0,0,6,0,0,0,0,3,1,6,6,2,45,7,999,1,2,VOLKSWAGEN POLO,3,E01002562,0,-1
2023010459806,2023,010459806,1,9,0,9,9,5,3,0,0,1,0,0,0,0,1,1,2,2,1,52,8,1390,1,16,VOLKSWAGEN POLO,3,E01003524,0,-1
2023161389436,2023,161389436,1,9,0,18,19,3,7,0,0,0,0,0,0,0,1,1,2,2,2,23,5,1197,1,9,VOLKSWAGEN POLO,10,E01013223,0,-1
2023311275112,2023,311275112,1,9,0,9,9,7,5,0,0,1,0,0,0,0,1,1,2,2,1,22,5,1390,1,11,VOLKSWAGEN POLO,9,E01028394,0,-1
2023302300345,2023,302300345,2,9,0,7,7,5,7,0,0,6,0,0,0,0,4,1,6,6,2,33,6,1984,1,1,VOLKSWAGEN POLO,6,E01033536,0,-1
2023131348635,2023,131348635,1,9,0,18,19,7,3,0,0,0,0,0,0,0,1,1,6,6,2,22,5,1198,1,13,VOLKSWAGEN POLO,1,E01033691,0,-1
2023010452527,2023,010452527,2,9,0,99,99,9,9,99,99,9,9,99,9,99,9,9,6,6,3,-1,-1,1198,1,10,VOLKSWAGEN POLO,1,E01032513,0,-1
2023430161085,2023,430161085,2,9,0,18,19,1,5,0,0,1,0,0,0,0,1,1,6,6,2,64,9,1390,1,22,VOLKSWAGEN POLO,7,E01032960,0,-1
2023041315163,2023,041315163,2,9,0,18,19,2,6,0,0,1,1,0,1,0,1,1,5,6,1,18,4,1390,1,12,VOLKSWAGEN POLO,6,E01025025,0,-1
2023440076307,2023,440076307,2,9,0,18,19,8,5,0,0,2,0,0,0,0,2,1,6,6,2,52,8,999,1,6,VOLKSWAGEN POLO,10,E01023226,0,-1
2023531319800,2023,531319800,1,9,0,18,19,1,5,0,0,0,0,0,0,0,1,1,5,6,2,29,6,999,1,3,VOLKSWAGEN POLO,9,E01022185,0,-1
2023131372278,2023,131372278,2,9,0,5,5,5,1,1,1,0,0,0,0,0,1,1,6,6,1,20,4,1198,1,13,VOLKSWAGEN POLO,9,E01010875,0,-1
2023141328398,2023,141328398,1,9,0,18,19,3,7,0,0,0,0,0,1,11,1,1,5,6,2,23,5,999,1,9,VOLKSWAGEN POLO,9,E01007624,0,-1
2023471265667,2023,471265667,1,9,0,18,19,4,8,0,0,0,1,0,1,4,1,1,1,1,1,22,5,1198,1,17,VOLKSWAGEN POLO,4,E01031551,0,-1
2023631365011,2023,631365011,1,9,0,9,9,5,1,0,0,0,1,0,8,10,2,1,3,7,2,31,6,1390,1,14,VOLKSWAGEN POLO,5,W01000544,0,-1
2023461354632,2023,461354632,2,9,0,18,19,3,7,0,0,0,0,0,0,0,1,1,6,6,1,71,10,1197,1,6,VOLKSWAGEN POLO,4,E01016177,0,-1
2023231396125,2023,231396125,3,9,0,18,19,6,2,0,0,0,0,0,0,0,1,1,6,6,1,23,5,1197,1,7,VOLKSWAGEN POLO,3,E01031173,0,-1
2023501330468,2023,501330468,1,9,0,18,19,3,7,0,0,1,0,0,0,0,1,1,2,2,2,20,4,1198,1,12,VOLKSWAGEN POLO,2,E01018865,0,-1
2023522300692,2023,522300692,1,9,0,17,19,2,6,0,0,8,1,0,0,0,4,1,6,6,1,18,4,1422,2,21,VOLKSWAGEN POLO,2,E01014810,0,-1
2023430200947,2023,430200947,1,9,0,18,19,2,6,0,0,1,0,0,0,0,1,1,6,6,2,40,7,999,1,3,VOLKSWAGEN POLO,-1,-1,0,-1
202354B412423,2023,54B412423,1,9,0,4,4,8,4,0,0,0,0,0,0,0,1,1,6,6,1,34,6,1199,2,11,VOLKSWAGEN POLO,7,E01029120,0,-1
2023461395081,2023,461395081,2,9,0,18,19,5,1,0,0,0,0,0,0,0,3,1,6,6,1,24,5,1798,1,7,VOLKSWAGEN POLO,5,E01024400,0,-1
2023411281367,2023,411281367,1,9,0,5,5,-1,-1,0,0,0,0,0,0,0,1,1,5,6,2,60,9,1390,1,14,VOLKSWAGEN POLO,5,E01023933,0,-1
2023531359518,2023,531359518,2,9,0,18,19,3,7,0,0,1,0,0,0,0,1,1,6,6,2,68,10,1197,1,6,VOLKSWAGEN POLO,8,E01022352,0,-1
2023421380596,2023,421380596,2,9,0,18,19,8,4,0,0,0,0,0,0,0,2,1,6,6,2,23,5,1198,1,11,VOLKSWAGEN POLO,10,E01031645,0,-1
2023451337150,2023,451337150,2,9,0,5,5,3,7,0,0,2,0,0,0,0,3,1,6,6,2,45,7,1390,1,20,VOLKSWAGEN POLO,5,E01030971,0,-1
2023010426879,2023,010426879,1,9,0,9,9,7,5,0,0,5,0,0,0,0,1,1,2,2,2,19,4,1400,1,18,VOLKSWAGEN POLO,7,E01000317,0,-1
2023010460296,2023,010460296,1,9,0,14,14,5,1,0,0,1,2,11,2,2,1,1,6,6,2,20,4,1198,1,10,VOLKSWAGEN POLO,6,E01030748,0,-1
2023332300374,2023,332300374,1,9,0,17,19,1,6,0,0,0,0,0,1,4,1,1,6,6,1,19,4,1198,1,16,VOLKSWAGEN POLO,4,E01013747,0,-1
2023552301045,2023,552301045,2,9,0,18,19,5,1,0,0,8,1,0,7,10,1,1,6,6,1,22,5,1390,1,16,VOLKSWAGEN POLO,10,E01020525,0,-1
2023031353389,2023,031353389,1,9,0,18,19,5,1,0,0,0,2,10,7,0,1,1,2,2,1,20,4,1598,2,14,VOLKSWAGEN POLO,9,E01019349,0,-1
2023201370617,2023,201370617,1,9,0,16,19,3,6,0,0,0,0,0,0,0,1,1,2,2,2,18,4,1390,1,11,VOLKSWAGEN POLO,3,E01009795,0,-1
2023201406111,2023,201406111,2,9,0,4,4,8,4,0,0,8,0,7,1,0,2,1,6,6,2,22,5,999,1,1,VOLKSWAGEN POLO,4,E01009243,0,-1
2023622300769,2023,622300769,1,9,0,7,7,8,2,0,0,3,0,0,0,0,2,1,6,6,1,63,9,1390,1,10,VOLKSWAGEN POLO,8,W01000569,0,-1
2023231337219,2023,231337219,2,9,0,13,13,2,6,0,0,0,1,0,0,0,1,1,1,1,2,17,4,999,1,8,VOLKSWAGEN POLO,9,E01032388,0,-1
2023061358891,2023,061358891,2,9,0,2,2,0,0,0,0,0,0,4,0,0,3,1,6,6,3,-1,-1,999,1,5,VOLKSWAGEN POLO,-1,-1,0,-1
2023340WN4452,2023,340WN4452,2,9,0,18,19,8,4,0,0,0,0,0,0,0,2,1,1,1,1,51,8,1272,1,29,VOLKSWAGEN POLO,9,E01027208,0,-1
2023340WN6982,2023,340WN6982,2,9,0,3,3,8,4,0,0,0,0,0,0,0,2,1,6,6,1,23,5,1198,1,16,VOLKSWAGEN POLO,4,E01024099,0,-1
2023101348756,2023,101348756,2,9,0,3,3,7,3,0,0,0,0,0,0,0,2,1,5,6,1,25,5,999,1,0,VOLKSWAGEN POLO,-1,-1,0,-1
2023520000971,2023,520000971,2,9,0,3,3,4,8,0,0,1,0,0,0,0,2,1,6,6,1,17,4,1198,1,10,VOLKSWAGEN POLO,8,E01032688,0,-1
2023010419649,2023,010419649,1,9,0,99,99,9,9,99,99,0,9,99,9,99,2,9,6,6,1,33,6,1190,1,11,VOLKSWAGEN POLO,2,E01002345,0,-1
2023461358363,2023,461358363,2,9,0,17,19,6,1,0,0,0,0,0,2,0,1,1,5,6,2,34,6,1199,2,11,VOLKSWAGEN POLO,5,E01024226,0,-1
2023101276192,2023,101276192,2,9,0,18,19,4,8,0,0,8,0,0,0,0,4,1,6,6,2,28,6,999,1,2,VOLKSWAGEN POLO,1,E01008608,0,-1
2023320146064,2023,320146064,1,9,0,18,19,2,4,0,0,3,1,0,0,0,1,1,6,6,1,18,4,1197,1,6,VOLKSWAGEN POLO,10,E01026300,0,-1
2023141362912,2023,141362912,3,9,0,18,19,3,7,0,0,0,0,0,0,0,0,1,5,6,1,26,6,999,1,8,VOLKSWAGEN POLO,1,E01007719,0,-1
2023471391072,2023,471391072,2,9,0,18,19,3,7,0,0,8,0,0,0,0,1,1,5,6,2,60,9,999,1,4,VOLKSWAGEN POLO,9,E01021039,0,-1
2023440169942,2023,440169942,3,9,0,2,2,0,0,0,0,1,0,0,0,0,3,1,6,6,3,-1,-1,1896,2,19,VOLKSWAGEN POLO,-1,-1,0,-1
2023061352023,2023,061352023,2,9,0,4,4,6,2,0,0,1,0,0,0,0,1,1,6,6,1,27,6,999,1,0,VOLKSWAGEN POLO,1,E01005349,0,-1
2023461395732,2023,461395732,2,9,0,3,3,5,1,0,0,0,0,0,0,0,1,1,6,6,1,27,6,999,1,7,VOLKSWAGEN POLO,6,E01000110,0,-1
2023547537523,2023,547537523,1,9,0,16,19,5,8,0,0,1,0,0,0,0,1,1,6,6,2,75,10,999,1,3,VOLKSWAGEN POLO,8,E01014705,0,-1
2023552300090,2023,552300090,1,9,0,18,19,5,1,0,0,3,0,0,0,0,1,1,6,6,1,67,10,999,1,3,VOLKSWAGEN POLO,9,E01015406,0,-1
2023401346356,2023,401346356,1,9,0,9,9,3,1,0,0,6,0,0,0,0,1,1,6,6,1,20,4,1198,1,17,VOLKSWAGEN POLO,3,E01015715,0,-1
2023122301218,2023,122301218,1,9,0,5,5,5,3,0,0,1,0,0,8,10,3,1,6,6,3,89,11,1390,1,13,VOLKSWAGEN POLO,5,E01027802,0,-1
2023430461543,2023,430461543,1,9,0,18,19,3,7,0,0,5,0,0,0,0,1,1,6,6,1,18,4,1198,1,17,VOLKSWAGEN POLO,5,E01017805,0,-1
2023101270652,2023,101270652,1,9,0,3,3,7,3,0,0,0,0,0,0,0,1,1,5,6,1,29,6,999,1,2,VOLKSWAGEN POLO,9,E01008446,0,-1
2023610029623,2023,610029623,1,9,0,17,19,1,6,0,0,0,5,0,0,0,1,1,6,6,2,33,6,1198,1,13,VOLKSWAGEN POLO,9,W01001581,0,-1
2023430237398,2023,430237398,1,9,0,3,3,5,1,0,0,0,0,0,0,0,2,1,6,6,1,21,5,999,1,1,VOLKSWAGEN POLO,9,E01003901,0,-1
2023211320507,2023,211320507,1,9,0,5,5,1,5,0,0,1,0,0,0,0,1,1,5,6,2,25,5,1198,1,12,VOLKSWAGEN POLO,2,E01029426,0,-1
2023122300900,2023,122300900,2,9,0,18,19,3,7,0,0,1,0,0,0,0,1,1,6,6,2,38,7,1198,1,10,VOLKSWAGEN POLO,5,E01025017,0,-1
2023041289667,2023,041289667,1,9,0,18,19,8,4,0,0,1,0,0,0,0,1,1,5,6,1,19,4,1198,1,14,VOLKSWAGEN POLO,3,E01025069,0,-1
2023302301691,2023,302301691,1,9,0,18,19,2,6,0,0,0,0,0,0,0,1,1,6,6,1,19,4,1198,1,11,VOLKSWAGEN POLO,4,E01008115,0,-1
2023131297182,2023,131297182,1,9,0,18,19,3,7,0,0,8,0,0,0,0,1,1,6,6,1,22,5,999,1,5,VOLKSWAGEN POLO,1,E01010736,0,-1
2023010463389,2023,010463389,2,9,0,99,99,9,9,99,99,5,9,99,9,99,9,9,6,6,3,-1,-1,999,1,8,VOLKSWAGEN POLO,-1,-1,0,-1
2023430563112,2023,430563112,2,9,0,18,19,1,5,0,0,8,0,0,0,0,1,1,6,6,1,36,7,1390,1,12,VOLKSWAGEN POLO,4,E01016716,0,-1
2023461284117,2023,461284117,1,9,0,6,6,1,5,0,0,0,0,0,1,0,3,1,6,6,2,24,5,999,1,1,VOLKSWAGEN POLO,3,E01024092,0,-1
2023201293870,2023,201293870,1,9,0,13,13,-1,-1,0,0,5,0,0,0,0,4,1,6,6,3,-1,-1,1198,1,12,VOLKSWAGEN POLO,-1,-1,0,-1
2023131353990,2023,131353990,2,9,0,18,19,8,4,0,0,0,0,0,0,0,1,1,5,6,2,47,8,1198,1,12,VOLKSWAGEN POLO,-1,-1,0,-1
2023471273727,2023,471273727,2,9,0,18,19,5,1,0,0,0,0,0,0,0,1,1,5,6,2,44,7,1390,1,15,VOLKSWAGEN POLO,5,E01031574,0,-1
2023622300421,2023,622300421,2,9,0,2,2,0,0,0,0,0,0,0,0,0,3,1,6,6,3,-1,-1,1198,1,10,VOLKSWAGEN POLO,-1,-1,0,-1
2023351368554,2023,351368554,1,9,0,18,19,4,2,0,0,1,0,0,0,0,1,1,6,6,2,19,4,999,1,3,VOLKSWAGEN POLO,8,E01018277,0,-1
2023451370453,2023,451370453,1,9,0,18,19,3,7,0,0,1,0,0,0,0,1,1,5,6,2,17,4,999,1,5,VOLKSWAGEN POLO,10,E01030855,0,-1
2023340NN4372,2023,340NN4372,2,9,0,3,3,6,2,0,0,4,0,0,0,0,2,1,6,6,2,28,6,1198,1,12,VOLKSWAGEN POLO,4,E01027061,0,-1
2023061362457,2023,061362457,1,9,0,18,19,8,4,0,0,0,0,0,0,0,1,1,5,6,1,31,6,1197,1,8,VOLKSWAGEN POLO,-1,-1,0,-1
2023161297274,2023,161297274,1,9,0,9,9,6,4,0,0,6,0,0,0,0,2,1,6,6,2,24,5,1198,1,14,VOLKSWAGEN POLO,1,E01013219,0,-1
2023161333267,2023,161333267,1,9,0,5,5,1,7,0,0,1,0,0,0,0,4,1,2,2,2,53,8,999,1,6,VOLKSWAGEN POLO,9,E01012998,0,-1
2023311299899,2023,311299899,1,9,0,9,9,7,3,0,0,4,0,0,0,0,3,1,6,6,1,17,4,1198,1,10,VOLKSWAGEN POLO,4,E01028017,0,-1
2023052300208,2023,052300208,1,9,0,18,19,1,5,0,0,1,0,0,0,0,1,1,6,6,2,21,5,999,1,5,VOLKSWAGEN POLO,8,E01006938,0,-1
2023461352108,2023,461352108,2,9,0,3,3,8,3,0,0,8,0,0,0,0,4,1,6,6,1,39,7,1390,1,14,VOLKSWAGEN POLO,6,E01003952,0,-1
2023531311168,2023,531311168,2,9,0,18,19,1,5,0,0,8,0,0,7,0,4,1,5,6,1,20,4,1896,2,18,VOLKSWAGEN POLO,10,E01023193,0,-1
2023031341349,2023,031341349,2,9,0,2,2,0,0,0,0,0,0,0,0,0,1,1,6,6,3,-1,-1,1798,1,8,VOLKSWAGEN POLO,-1,-1,0,-1
2023311262460,2023,311262460,1,9,0,18,19,1,5,0,0,8,0,0,0,0,4,1,5,6,2,30,6,1197,1,9,VOLKSWAGEN POLO,6,E01027962,0,-1
2023052302936,2023,052302936,1,9,0,18,19,6,2,0,0,8,0,0,0,0,1,1,2,2,2,43,7,1197,1,7,VOLKSWAGEN POLO,1,E01006739,0,-1
2023411394703,2023,411394703,1,9,0,18,19,4,8,0,0,0,0,0,0,0,3,1,6,6,1,19,4,1198,1,16,VOLKSWAGEN POLO,10,E01023609,0,-1
2023201370367,2023,201370367,1,9,0,9,9,1,6,0,0,6,0,0,0,0,1,1,6,6,1,19,4,1198,1,17,VOLKSWAGEN POLO,1,E01009488,0,-1
2023451338711,2023,451338711,2,9,0,18,19,1,5,0,0,0,0,0,0,0,0,1,6,6,3,45,7,1400,1,16,VOLKSWAGEN POLO,-1,-1,0,-1
2023552301088,2023,552301088,1,9,0,18,19,8,4,0,0,4,0,0,0,0,1,1,2,2,1,25,5,1199,2,10,VOLKSWAGEN POLO,6,E01020398,0,-1
2023430118182,2023,430118182,2,9,0,18,19,7,3,0,0,8,0,0,0,0,1,1,2,2,1,37,7,1198,1,14,VOLKSWAGEN POLO,7,E01016820,0,-1
2023430301142,2023,430301142,2,9,0,18,19,6,2,0,0,2,0,0,1,11,3,1,6,6,2,21,5,999,1,0,VOLKSWAGEN POLO,10,E01016253,0,-1
2023010480477,2023,010480477,2,9,0,99,99,9,9,99,99,9,9,99,9,99,4,9,6,6,3,-1,-1,999,1,1,VOLKSWAGEN POLO,-1,-1,0,-1
2023461289696,2023,461289696,1,9,0,18,19,4,8,0,0,0,5,0,0,0,3,1,6,6,1,17,4,1198,1,12,VOLKSWAGEN POLO,7,E01024437,0,-1
2023031311958,2023,031311958,2,9,0,5,5,1,5,0,0,1,0,0,0,0,4,1,5,6,1,33,6,1198,1,10,VOLKSWAGEN POLO,-1,-1,0,-1
2023631308068,2023,631308068,2,9,0,18,19,5,1,0,0,8,0,0,1,1,3,1,5,6,2,17,4,1198,1,13,VOLKSWAGEN POLO,8,W01000458,0,-1
2023170H10763,2023,170H10763,2,9,0,18,19,5,1,0,0,8,0,0,0,0,4,1,6,6,1,17,4,999,1,5,VOLKSWAGEN POLO,9,E01011983,0,-1
2023991308475,2023,991308475,2,9,0,18,19,4,6,0,0,8,0,0,0,0,3,1,5,6,1,20,4,999,1,4,VOLKSWAGEN POLO,2,-1,0,-1
2023361285659,2023,361285659,7,9,0,18,19,7,3,0,0,0,0,0,0,0,2,1,6,6,1,73,10,999,1,4,VOLKSWAGEN POLO,6,E01026781,0,-1
2023010444937,2023,010444937,2,9,0,2,2,0,0,0,0,2,0,0,0,0,2,1,6,6,3,-1,-1,1390,1,13,VOLKSWAGEN POLO,-1,-1,0,-1
2023991343362,2023,991343362,2,9,0,16,19,6,1,0,0,0,0,0,0,0,1,1,5,6,2,67,10,999,1,0,VOLKSWAGEN POLO,-1,-1,0,-1
2023501319290,2023,501319290,2,9,-1,-1,-1,-1,-1,-1,-1,0,-1,-1,-1,0,-1,1,6,6,1,62,9,1197,1,6,VOLKSWAGEN POLO,4,E01018781,0,-1
2023440167588,2023,440167588,1,9,0,18,19,7,3,0,0,2,0,0,0,0,1,1,6,6,1,20,4,1199,2,11,VOLKSWAGEN POLO,4,E01017058,0,-1
2023522300795,2023,522300795,1,9,0,13,13,3,7,0,0,0,0,0,0,0,4,1,6,6,1,23,5,1198,1,13,VOLKSWAGEN POLO,10,E01015014,0,-1
2023101332268,2023,101332268,1,9,0,18,19,7,3,0,0,0,0,0,0,0,1,1,5,6,2,62,9,999,1,5,VOLKSWAGEN POLO,-1,-1,0,-1
202360A050747,2023,60A050747,1,9,0,13,13,2,6,0,0,0,0,0,0,0,1,1,6,6,1,82,11,1197,1,8,VOLKSWAGEN POLO,-1,-1,0,-1
2023041272196,2023,041272196,1,9,0,17,19,3,7,0,0,0,2,0,0,0,1,1,6,6,1,19,4,1798,1,7,VOLKSWAGEN POLO,9,E01025566,0,-1
2023221369029,2023,221369029,1,9,0,18,19,6,2,0,0,6,0,0,7,0,4,1,6,6,2,87,11,1390,1,11,VOLKSWAGEN POLO,5,E01014050,0,-1
2023201301444,2023,201301444,1,9,0,9,9,3,1,0,0,6,0,0,0,0,3,1,6,6,2,71,10,999,1,2,VOLKSWAGEN POLO,4,E01009205,0,-1
2023221323091,2023,221323091,1,9,0,17,19,4,8,0,0,2,0,7,1,11,1,1,5,6,1,34,6,1400,1,17,VOLKSWAGEN POLO,5,E01014135,0,-1
2023501351844,2023,501351844,1,9,0,16,19,3,6,0,0,0,1,0,0,0,1,1,5,6,2,21,5,999,1,4,VOLKSWAGEN POLO,6,E01029077,0,-1
2023461376887,2023,461376887,1,9,0,18,19,7,5,0,0,1,0,0,1,2,1,1,6,6,1,19,4,1198,1,18,VOLKSWAGEN POLO,6,E01024703,0,-1
2023010439476,2023,010439476,2,9,0,9,9,3,8,0,0,1,0,0,0,0,4,1,6,6,1,24,5,1390,1,18,VOLKSWAGEN POLO,6,E01004581,0,-1
2023451294352,2023,451294352,1,9,0,18,19,1,5,0,0,0,5,0,1,9,4,1,6,6,2,25,5,1395,1,9,VOLKSWAGEN POLO,8,E01031732,0,-1
2023131299935,2023,131299935,1,9,0,12,12,1,5,0,0,0,0,0,6,0,1,1,6,6,1,19,4,1798,1,7,VOLKSWAGEN POLO,2,E01007435,0,-1
2023131308066,2023,131308066,2,9,0,4,4,7,7,0,0,0,0,0,0,0,2,1,1,1,1,25,5,1798,1,7,VOLKSWAGEN POLO,10,E01011696,0,-1
2023201400897,2023,201400897,2,9,0,18,19,5,1,0,0,8,0,10,1,11,4,1,6,6,2,24,5,1198,1,11,VOLKSWAGEN POLO,3,E01009140,0,-1
2023411365054,2023,411365054,1,9,0,18,19,2,4,0,0,1,0,10,0,0,0,1,6,6,2,65,9,1198,1,15,VOLKSWAGEN POLO,6,E01000250,0,-1
2023501341759,2023,501341759,3,9,0,18,19,3,7,0,0,0,0,0,0,0,1,1,6,6,2,35,6,999,1,4,VOLKSWAGEN POLO,3,E01020285,0,-1
2023052303055,2023,052303055,2,9,0,18,19,3,7,0,0,8,0,0,0,0,1,1,6,6,1,59,9,1598,2,4,VOLKSWAGEN POLO,5,E01006670,0,-1
2023430556979,2023,430556979,1,9,0,2,2,0,0,0,0,0,0,0,0,0,3,1,6,6,2,57,9,1197,1,8,VOLKSWAGEN POLO,6,E01028657,0,-1
2023451372565,2023,451372565,1,9,0,4,4,6,2,0,0,0,0,0,0,0,1,1,3,7,1,51,8,1198,1,15,VOLKSWAGEN POLO,10,E01030989,0,-1
2023231297783,2023,231297783,1,9,0,18,19,4,8,0,0,0,1,0,0,0,1,1,6,6,2,29,6,1199,2,10,VOLKSWAGEN POLO,5,E01009072,0,-1
2023461392931,2023,461392931,2,9,0,9,9,5,3,0,0,1,0,0,0,0,1,1,6,6,2,52,8,1390,1,11,VOLKSWAGEN POLO,10,E01024443,0,-1
2023041368257,2023,041368257,1,9,0,18,19,5,1,0,0,0,2,0,1,4,4,1,5,6,1,18,4,1199,2,11,VOLKSWAGEN POLO,8,E01025105,0,-1
2023131267591,2023,131267591,1,9,0,18,19,5,1,0,0,0,5,0,0,0,1,1,5,6,1,39,7,1199,2,12,VOLKSWAGEN POLO,2,E01010799,0,-1
2023061334567,2023,061334567,1,9,0,18,19,1,5,0,0,0,0,0,0,0,3,1,6,6,1,38,7,1198,1,13,VOLKSWAGEN POLO,1,E01005287,0,-1
2023361355466,2023,361355466,2,9,0,18,19,4,8,0,0,1,0,0,0,0,2,1,6,6,2,26,6,999,1,4,VOLKSWAGEN POLO,6,E01030273,0,-1
2023501296445,2023,501296445,1,9,0,17,19,7,5,0,0,1,1,0,1,3,1,1,5,6,1,19,4,1198,1,21,VOLKSWAGEN POLO,4,E01020328,0,-1
2023061271700,2023,061271700,2,9,-1,-1,-1,-1,-1,-1,-1,0,-1,-1,-1,0,-1,1,6,6,1,21,5,1984,1,4,VOLKSWAGEN POLO,1,E01004801,0,-1
2023411300144,2023,411300144,2,9,0,4,4,5,1,0,0,0,0,0,0,0,1,1,6,6,2,26,6,1198,1,11,VOLKSWAGEN POLO,9,E01002391,0,-1
2023131344863,2023,131344863,2,9,0,7,7,5,1,0,0,8,5,0,0,0,2,1,6,6,2,27,6,1197,1,6,VOLKSWAGEN POLO,1,E01011122,0,-1
2023461268031,2023,461268031,1,9,0,3,3,4,8,0,0,0,0,0,0,0,1,1,6,6,1,59,9,1198,1,13,VOLKSWAGEN POLO,5,E01001921,0,-1
2023501374064,2023,501374064,1,9,0,9,9,7,3,0,0,1,0,0,0,0,1,1,5,6,2,19,4,1198,1,16,VOLKSWAGEN POLO,8,E01020248,0,-1
2023411314890,2023,411314890,2,9,0,18,19,5,1,0,0,8,1,10,2,0,3,1,6,6,2,18,4,999,1,8,VOLKSWAGEN POLO,2,E01018143,0,-1
2023522300883,2023,522300883,1,9,0,3,3,2,6,0,0,0,0,0,0,0,2,1,6,6,2,21,5,999,1,9,VOLKSWAGEN POLO,10,E01031758,0,-1
2023131308117,2023,131308117,2,9,0,2,2,1,1,9,9,2,0,0,0,0,2,1,6,6,3,-1,-1,1197,1,8,VOLKSWAGEN POLO,-1,-1,0,-1
2023351328268,2023,351328268,1,9,0,18,19,5,1,0,0,1,0,0,0,0,1,1,6,6,2,43,7,1198,1,19,VOLKSWAGEN POLO,3,E01015668,0,-1
2023531396462,2023,531396462,1,9,0,18,19,5,1,0,0,0,5,0,1,4,3,1,5,6,2,20,4,1198,1,18,VOLKSWAGEN POLO,8,E01022191,0,-1
202360A057729,2023,60A057729,1,9,0,18,19,4,8,0,0,6,0,0,0,0,1,1,6,6,1,18,4,1198,1,16,VOLKSWAGEN POLO,-1,-1,0,-1
2023211333743,2023,211333743,3,9,0,4,4,5,6,0,0,0,0,0,0,0,2,1,6,6,2,25,5,999,1,5,VOLKSWAGEN POLO,-1,-1,0,-1
2023101300885,2023,101300885,2,9,0,5,5,5,1,0,0,2,0,0,0,0,4,1,5,6,2,23,5,1199,2,12,VOLKSWAGEN POLO,-1,-1,0,-1
2023421367842,2023,421367842,1,9,0,3,3,3,5,0,0,4,0,4,0,0,1,1,6,6,3,20,4,999,1,4,VOLKSWAGEN POLO,-1,-1,0,-1
2023131326612,2023,131326612,1,9,0,7,7,1,7,9,9,0,5,11,7,11,1,1,3,7,1,17,4,1197,1,6,VOLKSWAGEN POLO,3,E01010864,0,-1
2023041300352,2023,041300352,2,9,0,17,19,7,3,0,0,1,0,0,0,0,2,1,5,6,2,20,4,1197,1,11,VOLKSWAGEN POLO,1,E01025494,0,-1
2023501294426,2023,501294426,2,9,0,18,19,7,3,0,0,0,0,0,0,0,1,1,6,6,2,21,5,1198,1,18,VOLKSWAGEN POLO,4,E01018766,0,-1
2023010451066,2023,010451066,1,9,0,99,99,9,9,99,99,9,9,99,9,99,2,9,6,6,1,22,5,1198,1,17,VOLKSWAGEN POLO,5,E01002488,0,-1
2023421349312,2023,421349312,2,9,0,18,19,6,2,0,0,8,0,0,7,9,1,1,5,6,1,18,4,1197,1,6,VOLKSWAGEN POLO,10,E01021442,0,-1
2023430418270,2023,430418270,2,9,0,3,3,6,2,0,0,2,0,0,0,0,2,1,6,6,2,33,6,999,1,2,VOLKSWAGEN POLO,6,E01028570,0,-1
2023421373621,2023,421373621,2,9,0,18,19,4,8,0,0,1,1,0,0,0,1,1,6,6,2,36,7,1197,1,8,VOLKSWAGEN POLO,10,E01023451,0,-1
2023201376862,2023,201376862,1,9,0,9,9,8,5,0,0,5,0,0,0,0,1,1,5,6,1,19,4,1199,2,9,VOLKSWAGEN POLO,3,E01009831,0,-1