collision_index,collision_year,collision_ref_no,vehicle_reference,vehicle_type,towing_and_articulation,vehicle_manoeuvre_historic,vehicle_manoeuvre,vehicle_direction_from,vehicle_direction_to,vehicle_location_restricted_lane_historic,vehicle_location_restricted_lane,junction_location,skidding_and_overturning,hit_object_in_carriageway,vehicle_leaving_carriageway,hit_object_off_carriageway,first_point_of_impact,vehicle_left_hand_drive,journey_purpose_of_driver_historic,journey_purpose_of_driver,sex_of_driver,age_of_driver,age_band_of_driver,engine_capacity_cc,propulsion_code,age_of_vehicle,generic_make_model,driver_imd_decile,lsoa_of_driver,escooter_flag,driver_distance_banding
2023991329674,2023,991329674,2,9,0,18,19,6,2,0,0,0,0,0,0,0,1,1,6,6,2,57,9,999,1,0,VOLKSWAGEN POLO,8,-1,0,-1
2023041373423,2023,041373423,2,9,0,3,3,4,8,0,0,1,0,0,0,0,3,1,6,6,1,21,5,1198,1,21,VOLKSWAGEN POLO,6,E01025114,0,-1
2023421303166,2023,421303166,1,9,0,18,19,6,1,0,0,1,0,0,7,0,1,1,1,1,2,20,4,999,1,3,VOLKSWAGEN POLO,4,E01021790,0,-1
2023501290232,2023,501290232,2,9,0,3,3,5,1,0,0,0,0,0,0,0,2,1,6,6,2,47,8,999,1,9,VOLKSWAGEN POLO,6,E01020175,0,-1
2023010479602,2023,010479602,2,9,0,9,9,7,5,0,0,8,0,0,7,0,4,1,6,6,2,24,5,999,1,9,VOLKSWAGEN POLO,10,E01002254,0,-1
2023010462245,2023,010462245,1,9,0,99,99,9,9,99,99,0,9,99,9,99,2,9,6,6,2,24,5,1400,1,18,VOLKSWAGEN POLO,6,E01001163,0,-1
2023411359805,2023,411359805,1,9,0,5,5,6,1,0,0,0,0,0,0,0,1,1,6,6,2,19,4,1390,1,13,VOLKSWAGEN POLO,7,E01023335,0,-1
2023361260570,2023,361260570,2,9,0,2,2,0,0,0,0,0,0,0,0,0,3,1,6,6,3,-1,-1,1197,1,7,VOLKSWAGEN POLO,-1,-1,0,-1
2023010435569,2023,010435569,2,9,0,9,9,5,2,9,9,8,1,0,2,5,3,1,6,6,1,46,8,1198,1,11,VOLKSWAGEN POLO,7,E01000190,0,-1
2023010452701,2023,010452701,1,9,0,9,9,5,3,0,0,6,0,0,7,0,3,1,6,6,1,22,5,1197,1,5,VOLKSWAGEN POLO,1,E01033598,0,-1
2023010470993,2023,010470993,1,9,0,10,10,3,1,0,0,1,0,0,0,0,2,1,6,6,2,47,8,999,1,7,VOLKSWAGEN POLO,-1,-1,0,-1
2023311274113,2023,311274113,1,9,0,5,5,6,2,0,0,1,0,0,0,0,1,1,5,6,1,45,7,1198,1,21,VOLKSWAGEN POLO,3,E01028248,0,-1
2023471295174,2023,471295174,1,9,0,9,9,6,3,0,0,1,0,0,0,0,3,1,5,6,2,18,4,1390,1,14,VOLKSWAGEN POLO,7,E01021098,0,-1
2023411351182,2023,411351182,1,9,0,18,19,5,1,0,0,1,0,0,1,4,1,1,5,6,1,75,10,1197,1,6,VOLKSWAGEN POLO,6,E01023943,0,-1
2023010430765,2023,010430765,1,9,0,99,99,9,9,99,99,9,9,99,9,99,1,9,6,6,2,27,6,1197,1,6,VOLKSWAGEN POLO,7,E01000683,0,-1
2023122301343,2023,122301343,1,9,0,18,19,6,2,0,0,8,0,0,0,0,1,1,1,1,1,32,6,999,1,2,VOLKSWAGEN POLO,9,E01013397,0,-1
2023201363945,2023,201363945,1,9,0,18,19,1,5,0,0,0,5,10,0,0,1,1,6,6,1,18,4,1198,1,16,VOLKSWAGEN POLO,-1,-1,0,-1
2023320159279,2023,320159279,1,9,0,14,14,5,1,0,0,1,0,0,7,1,1,1,6,6,1,17,4,1390,1,13,VOLKSWAGEN POLO,4,E01026180,0,-1
2023440345683,2023,440345683,1,9,0,3,3,1,5,0,0,0,0,0,0,0,2,1,2,2,1,20,4,1198,1,19,VOLKSWAGEN POLO,9,E01023062,0,-1
2023201356882,2023,201356882,1,9,0,5,5,7,3,0,0,0,0,0,0,0,1,1,5,6,1,49,8,1400,1,17,VOLKSWAGEN POLO,1,E01009962,0,-1
2023531422951,2023,531422951,1,9,0,18,19,1,5,0,0,0,0,0,0,0,1,1,6,6,2,-1,-1,1198,1,13,VOLKSWAGEN POLO,5,E01022421,0,-1
2023451325849,2023,451325849,1,9,0,9,9,1,5,0,0,1,0,0,0,0,3,1,5,6,2,56,9,1390,1,18,VOLKSWAGEN POLO,6,E01030842,0,-1
2023411272793,2023,411272793,2,9,0,18,19,7,5,0,0,3,0,0,0,0,2,1,6,6,2,25,5,1422,2,6,VOLKSWAGEN POLO,5,E01012338,0,-1
2023371292471,2023,371292471,2,9,0,9,9,7,5,0,0,5,0,0,0,0,2,1,5,6,1,63,9,1400,1,17,VOLKSWAGEN POLO,4,E01030278,0,-1
2023371370670,2023,371370670,1,9,0,9,9,2,7,0,0,6,0,0,0,0,1,1,5,6,1,33,6,1390,1,19,VOLKSWAGEN POLO,4,E01000155,0,-1
2023531328363,2023,531328363,3,9,0,18,19,5,1,0,0,0,1,0,0,0,2,1,5,6,2,41,7,1781,1,17,VOLKSWAGEN POLO,7,E01022190,0,-1
2023541532423,2023,541532423,1,9,0,18,19,7,1,0,0,1,0,0,7,10,1,1,6,6,1,18,4,1198,1,14,VOLKSWAGEN POLO,9,E01032702,0,-1
2023131260665,2023,131260665,2,9,0,4,4,1,5,0,0,1,0,0,0,0,2,1,5,6,1,30,6,1198,1,10,VOLKSWAGEN POLO,10,E01011845,0,-1
2023461375744,2023,461375744,1,9,0,18,19,5,1,0,0,0,0,0,0,0,1,1,2,2,1,23,5,1198,1,11,VOLKSWAGEN POLO,8,E01024545,0,-1
2023141295951,2023,141295951,2,9,0,3,3,2,4,0,0,1,0,0,0,0,1,1,6,6,3,-1,-1,1198,1,13,VOLKSWAGEN POLO,-1,-1,0,-1
2023101268975,2023,101268975,2,9,0,5,5,3,7,0,0,8,0,0,0,0,2,1,1,1,2,28,6,999,1,4,VOLKSWAGEN POLO,9,E01008723,0,-1
2023471298501,2023,471298501,1,9,0,8,8,7,3,0,0,0,0,0,0,0,1,1,6,6,1,-1,-1,1197,1,8,VOLKSWAGEN POLO,9,E01031532,0,-1
2023421331468,2023,421331468,2,9,0,3,3,8,4,0,0,1,0,0,0,0,2,1,5,6,2,68,10,1197,1,8,VOLKSWAGEN POLO,4,E01003702,0,-1
2023302300830,2023,302300830,1,9,0,7,7,5,7,9,9,0,0,0,0,0,4,1,6,6,1,26,6,1197,1,7,VOLKSWAGEN POLO,1,E01013480,0,-1
2023421387987,2023,421387987,2,9,0,7,7,2,8,0,0,2,0,0,0,0,4,1,6,6,1,23,5,999,1,4,VOLKSWAGEN POLO,7,E01021950,0,-1
2023440195721,2023,440195721,2,9,0,9,9,1,7,0,0,8,0,0,0,0,1,1,6,6,1,85,11,1197,1,8,VOLKSWAGEN POLO,5,E01017296,0,-1
2023141287624,2023,141287624,1,9,0,9,9,3,1,0,0,5,0,0,0,0,1,1,3,7,2,32,6,1198,1,11,VOLKSWAGEN POLO,1,E01008011,0,-1
2023010486609,2023,010486609,1,9,0,6,6,8,8,0,0,1,0,0,0,0,3,1,6,6,2,22,5,1390,1,12,VOLKSWAGEN POLO,10,E01002480,0,-1
2023440420797,2023,440420797,2,9,0,7,7,3,5,0,0,8,0,0,0,0,4,1,6,6,3,-1,-1,999,1,6,VOLKSWAGEN POLO,-1,-1,0,-1
2023141387458,2023,141387458,1,9,0,18,19,8,4,0,0,2,1,0,0,0,1,1,6,6,1,19,4,1197,1,10,VOLKSWAGEN POLO,1,E01007913,0,-1
2023161394255,2023,161394255,2,9,0,18,19,4,1,0,0,8,0,0,0,0,1,1,5,6,2,-1,-1,1198,1,12,VOLKSWAGEN POLO,-1,-1,0,-1
2023552300597,2023,552300597,1,9,0,13,13,2,6,0,0,0,2,0,2,10,1,1,6,6,1,20,4,1400,2,17,VOLKSWAGEN POLO,6,E01020462,0,-1
2023161332018,2023,161332018,2,9,0,2,2,3,7,0,0,0,0,0,0,0,1,1,5,6,2,27,6,1199,2,13,VOLKSWAGEN POLO,-1,-1,0,-1
2023141370757,2023,141370757,2,9,0,18,19,7,3,0,0,0,0,0,0,0,2,1,6,6,1,37,7,1598,2,12,VOLKSWAGEN POLO,9,E01008023,0,-1
2023440023299,2023,440023299,1,9,0,9,9,3,1,0,0,6,0,0,0,0,3,1,6,6,2,65,9,999,1,5,VOLKSWAGEN POLO,10,E01023238,0,-1
2023010465725,2023,010465725,2,9,0,99,99,9,9,99,99,9,9,99,9,99,9,9,6,6,3,-1,-1,1800,1,16,VOLKSWAGEN POLO,-1,-1,0,-1
2023991309498,2023,991309498,1,9,0,16,19,4,8,0,0,0,5,0,1,0,1,1,5,6,1,17,4,1198,1,14,VOLKSWAGEN POLO,6,-1,0,-1
2023501310651,2023,501310651,1,9,0,18,19,4,3,0,0,1,0,0,8,0,-1,1,5,6,2,48,8,1198,1,9,VOLKSWAGEN POLO,3,E01015059,0,-1
2023201315011,2023,201315011,1,9,0,18,19,7,3,0,0,0,0,10,0,0,1,1,5,6,1,17,4,999,1,8,VOLKSWAGEN POLO,2,E01010270,0,-1
2023411266846,2023,411266846,1,9,0,18,19,3,7,0,0,0,0,11,0,0,1,1,6,6,2,72,10,1984,1,5,VOLKSWAGEN POLO,9,E01023460,0,-1
2023122400266,2023,122400266,1,9,0,16,19,7,3,0,0,0,2,0,7,0,4,1,6,6,1,31,6,1400,2,17,VOLKSWAGEN POLO,4,E01010704,0,-1
2023430143839,2023,430143839,3,9,0,2,2,0,0,0,0,2,0,0,0,0,1,1,6,6,3,-1,-1,999,1,1,VOLKSWAGEN POLO,-1,-1,0,-1
2023010431534,2023,010431534,1,9,0,9,9,5,3,0,0,1,0,0,0,0,1,1,6,6,2,28,6,1198,1,10,VOLKSWAGEN POLO,3,E01001836,0,-1
2023461377909,2023,461377909,2,9,0,18,19,3,7,0,0,0,0,-1,0,0,1,1,6,6,2,-1,-1,1197,1,6,VOLKSWAGEN POLO,8,E01016119,0,-1
2023411289320,2023,411289320,1,9,0,5,5,8,4,0,0,1,0,0,0,0,1,1,5,6,1,21,5,1390,1,12,VOLKSWAGEN POLO,8,E01023541,0,-1
2023302301022,2023,302301022,2,9,0,18,19,6,2,0,0,8,0,0,7,1,4,1,3,7,2,44,7,999,1,1,VOLKSWAGEN POLO,6,E01033536,0,-1
2023421362513,2023,421362513,1,9,0,16,19,7,3,0,0,0,0,0,0,0,1,1,5,6,1,18,4,999,1,4,VOLKSWAGEN POLO,10,E01021379,0,-1
2023351356325,2023,351356325,1,9,0,18,19,3,7,0,0,0,0,0,0,0,1,1,2,2,1,26,6,1798,1,7,VOLKSWAGEN POLO,5,E01003737,0,-1
2023061339868,2023,061339868,3,9,0,18,19,7,3,0,0,0,0,0,0,0,2,1,5,6,1,53,8,999,1,3,VOLKSWAGEN POLO,10,E01005021,0,-1
2023451388931,2023,451388931,2,9,0,18,19,3,7,0,0,0,0,0,0,0,1,1,6,6,1,25,5,999,1,5,VOLKSWAGEN POLO,-1,-1,0,-1
2023461356754,2023,461356754,1,9,0,4,4,3,7,0,0,1,0,0,0,0,1,1,1,1,1,38,7,1390,1,19,VOLKSWAGEN POLO,-1,-1,0,-1
2023201298330,2023,201298330,1,9,0,18,19,5,1,0,0,8,0,0,0,0,3,1,6,6,1,20,4,1198,1,10,VOLKSWAGEN POLO,3,E01009045,0,-1
2023401316235,2023,401316235,1,9,0,17,19,7,3,0,0,4,0,0,0,0,3,1,5,6,1,32,6,1197,1,7,VOLKSWAGEN POLO,3,E01017580,0,-1
2023451294531,2023,451294531,1,9,0,18,19,7,3,0,0,0,5,0,1,4,1,1,5,6,1,18,4,1198,1,17,VOLKSWAGEN POLO,10,E01030461,0,-1
2023010439695,2023,010439695,1,9,0,9,9,3,8,0,0,5,0,0,0,0,1,1,6,6,1,46,8,999,1,5,VOLKSWAGEN POLO,1,E01002069,0,-1
2023471273967,2023,471273967,1,9,0,18,19,1,5,0,0,8,0,0,0,0,1,1,5,6,2,71,10,1390,1,18,VOLKSWAGEN POLO,6,E01031636,0,-1
2023010437457,2023,010437457,1,9,0,4,4,3,7,0,0,8,0,0,0,0,2,1,2,2,2,34,6,999,1,6,VOLKSWAGEN POLO,7,E01002203,0,-1
2023440500376,2023,440500376,1,9,0,18,19,4,8,0,0,6,0,0,0,0,1,1,6,6,1,18,4,999,1,4,VOLKSWAGEN POLO,6,E01031520,0,-1
2023430473629,2023,430473629,1,9,0,18,19,8,2,0,0,1,0,0,1,1,1,1,6,6,3,-1,-1,1198,1,14,VOLKSWAGEN POLO,-1,-1,0,-1
2023010458938,2023,010458938,1,9,0,18,19,7,3,9,9,1,0,0,0,0,1,1,6,6,2,39,7,1390,1,11,VOLKSWAGEN POLO,5,E01003691,0,-1
2023471329838,2023,471329838,1,9,0,18,19,7,3,0,0,0,0,0,0,0,1,1,6,6,1,25,5,1198,1,10,VOLKSWAGEN POLO,4,E01031833,0,-1
2023141311088,2023,141311088,2,9,0,4,4,7,3,0,0,0,0,0,0,0,1,1,6,6,2,62,9,1390,1,20,VOLKSWAGEN POLO,1,E01008114,0,-1
2023520301508,2023,520301508,2,9,0,18,19,1,5,0,0,0,0,0,0,0,1,1,6,6,1,17,4,1198,1,12,VOLKSWAGEN POLO,4,E01029338,0,-1
2023141311625,2023,141311625,1,9,0,18,19,5,2,0,0,0,0,12,0,0,2,1,5,6,1,18,4,999,1,0,VOLKSWAGEN POLO,-1,-1,0,-1
2023461298020,2023,461298020,2,9,0,2,2,3,7,0,0,0,0,0,0,0,2,1,2,2,1,28,6,1400,1,17,VOLKSWAGEN POLO,5,E01016034,0,-1
2023070422949,2023,070422949,1,9,0,18,19,1,5,0,0,8,0,0,0,0,1,1,6,6,2,-1,-1,999,1,8,VOLKSWAGEN POLO,3,E01012458,0,-1
2023351368385,2023,351368385,2,9,0,17,19,7,3,0,0,8,0,0,0,0,1,1,2,2,2,18,4,1400,1,13,VOLKSWAGEN POLO,2,E01017948,0,-1
2023320442563,2023,320442563,1,9,0,2,2,0,0,0,0,0,0,0,0,0,4,1,6,6,1,55,8,1197,1,8,VOLKSWAGEN POLO,-1,-1,0,-1
2023471361206,2023,471361206,2,9,0,18,19,7,3,0,0,0,0,0,0,0,1,1,5,6,1,18,4,1296,1,28,VOLKSWAGEN POLO,5,-1,0,-1
2023131391412,2023,131391412,2,9,0,11,11,5,1,0,0,8,0,0,0,0,4,1,6,6,2,24,5,1390,1,10,VOLKSWAGEN POLO,-1,-1,0,-1
2023471386683,2023,471386683,3,9,0,18,19,7,3,0,0,0,0,0,0,0,2,1,2,2,2,21,5,1198,1,9,VOLKSWAGEN POLO,8,E01031420,0,-1
2023141289170,2023,141289170,1,9,0,18,19,8,4,0,0,0,1,0,0,0,1,1,6,6,2,18,4,999,1,7,VOLKSWAGEN POLO,3,E01007357,0,-1
2023010420242,2023,010420242,1,9,0,99,99,9,9,99,99,9,9,99,9,99,2,9,2,2,2,51,8,1400,1,17,VOLKSWAGEN POLO,6,E01002544,0,-1
2023010424887,2023,010424887,2,9,0,99,99,9,9,99,99,9,9,99,9,99,1,9,6,6,3,-1,-1,1390,1,12,VOLKSWAGEN POLO,-1,-1,0,-1
2023101293499,2023,101293499,2,9,0,5,5,0,3,0,0,0,0,0,0,0,1,1,5,6,1,62,9,1390,1,18,VOLKSWAGEN POLO,2,E01027551,0,-1
2023411390934,2023,411390934,1,9,0,18,19,-1,-1,0,0,0,0,0,0,0,4,1,6,6,2,26,6,1197,1,6,VOLKSWAGEN POLO,2,E01001550,0,-1
2023421277555,2023,421277555,1,9,0,9,9,1,5,0,0,4,5,0,0,0,4,1,6,6,1,39,7,1422,2,19,VOLKSWAGEN POLO,5,E01021683,0,-1
2023610039923,2023,610039923,1,9,0,18,19,7,3,0,0,4,0,0,0,10,1,1,6,6,2,18,4,1198,1,9,VOLKSWAGEN POLO,10,W01001627,0,-1
2023451329616,2023,451329616,3,9,0,18,19,7,3,0,0,0,0,0,0,0,2,1,5,6,2,68,10,1198,1,19,VOLKSWAGEN POLO,10,E01030467,0,-1
2023010464890,2023,010464890,1,9,0,99,99,9,9,99,99,9,9,99,9,99,1,9,6,6,2,38,7,1198,1,10,VOLKSWAGEN POLO,3,E01021273,0,-1
2023122300208,2023,122300208,1,9,0,18,19,6,2,0,0,0,0,0,0,0,1,1,6,6,1,18,4,1198,1,10,VOLKSWAGEN POLO,8,E01027887,0,-1
2023991353390,2023,991353390,2,9,0,18,19,5,1,0,0,0,0,0,0,0,4,1,5,6,1,18,4,1199,2,9,VOLKSWAGEN POLO,9,-1,0,-1
2023991392355,2023,991392355,5,9,0,4,4,6,2,0,0,0,0,0,0,0,2,1,6,6,2,24,5,1197,1,6,VOLKSWAGEN POLO,-1,-1,0,-1
2023201298992,2023,201298992,1,9,0,18,19,4,8,0,0,4,0,0,0,0,1,1,6,6,2,22,5,1197,1,7,VOLKSWAGEN POLO,2,E01009151,0,-1
2023471360325,2023,471360325,2,9,0,18,19,6,2,0,0,1,0,0,0,0,1,1,5,6,2,17,4,1400,1,17,VOLKSWAGEN POLO,5,E01024010,0,-1
2023622300247,2023,622300247,1,9,0,18,19,3,7,0,0,2,0,0,0,0,1,1,2,2,2,19,4,999,1,8,VOLKSWAGEN POLO,6,W01000803,0,-1
2023520300876,2023,520300876,1,9,0,18,19,5,1,0,0,5,5,0,1,9,1,1,6,6,1,19,4,1400,1,16,VOLKSWAGEN POLO,4,E01029196,0,-1
2023010457024,2023,010457024,2,9,0,9,9,1,8,0,0,1,0,0,0,0,9,1,6,6,3,-1,-1,1200,1,10,VOLKSWAGEN POLO,-1,-1,0,-1
2023471392318,2023,471392318,1,9,0,18,19,1,5,0,0,2,0,0,0,0,4,1,5,6,2,34,6,1198,1,12,VOLKSWAGEN POLO,6,E01017012,0,-1
2023430384136,2023,430384136,1,9,0,18,19,8,4,0,0,0,0,0,5,6,3,1,6,6,1,25,5,1198,1,13,VOLKSWAGEN POLO,3,E01014622,0,-1
2023131269474,2023,131269474,1,9,0,18,19,5,1,0,0,8,0,0,0,0,1,1,5,6,1,22,5,999,1,1,VOLKSWAGEN POLO,3,E01005310,0,-1
2023010444319,2023,010444319,1,9,0,99,99,9,9,99,99,9,9,99,9,99,2,9,6,6,1,58,9,1400,1,17,VOLKSWAGEN POLO,3,E01033084,0,-1
2023010479413,2023,010479413,1,9,0,18,19,4,8,0,0,1,1,0,6,0,1,1,6,6,1,21,5,1400,1,17,VOLKSWAGEN POLO,3,E01002528,0,-1
2023010440156,2023,010440156,2,9,0,18,19,3,7,0,0,1,0,0,0,0,1,1,6,6,2,57,9,1400,1,17,VOLKSWAGEN POLO,7,E01002366,0,-1
2023361265209,2023,361265209,1,9,0,18,19,1,5,0,0,1,0,0,0,0,1,1,5,6,2,81,11,1390,1,13,VOLKSWAGEN POLO,4,E01026679,0,-1
2023552301347,2023,552301347,2,9,0,18,19,5,1,0,0,8,0,0,0,0,1,1,6,6,1,23,5,1197,1,7,VOLKSWAGEN POLO,3,E01015293,0,-1
2023111354665,2023,111354665,2,9,0,5,5,2,6,0,0,4,0,0,0,0,4,1,6,6,2,24,5,999,1,4,VOLKSWAGEN POLO,9,E01020628,0,-1
2023161384216,2023,161384216,1,9,0,4,4,1,5,0,0,1,0,0,0,0,3,1,5,6,2,49,8,1422,2,14,VOLKSWAGEN POLO,4,E01012929,0,-1
2023520400217,2023,520400217,1,9,0,3,3,4,1,0,0,1,0,0,0,0,2,1,6,6,2,61,9,999,1,1,VOLKSWAGEN POLO,7,E01029288,0,-1
2023991362698,2023,991362698,1,9,0,18,19,5,1,0,0,0,0,0,0,0,1,1,5,6,1,21,5,1198,1,10,VOLKSWAGEN POLO,5,-1,0,-1
2023010480326,2023,010480326,2,9,0,99,99,9,9,99,99,9,9,99,9,99,9,9,6,6,2,23,5,999,1,6,VOLKSWAGEN POLO,10,E01000263,0,-1
2023340WN2382,2023,340WN2382,2,9,0,14,14,2,6,0,0,1,0,4,0,0,4,1,6,6,2,18,4,1198,1,9,VOLKSWAGEN POLO,10,E01027203,0,-1
2023501334755,2023,501334755,2,9,0,18,19,2,5,0,0,0,0,0,0,0,1,1,6,6,2,21,5,1198,1,16,VOLKSWAGEN POLO,6,E01020172,0,-1
2023052301040,2023,052301040,1,9,0,16,19,2,7,0,0,0,0,0,0,0,1,1,6,6,2,18,4,999,1,5,VOLKSWAGEN POLO,9,E01018537,0,-1
202363D000423,2023,63D000423,2,9,0,4,4,8,4,0,0,2,0,0,0,0,2,1,6,6,1,63,9,1390,1,13,VOLKSWAGEN POLO,5,E01030971,0,-1
2023471392298,2023,471392298,1,9,0,18,19,3,7,0,0,0,0,0,0,0,1,1,5,6,1,20,4,1198,1,16,VOLKSWAGEN POLO,10,E01031715,0,-1
2023522400173,2023,522400173,1,9,0,13,13,6,2,0,0,8,0,0,0,0,1,1,6,6,1,27,6,1198,1,14,VOLKSWAGEN POLO,-1,-1,0,-1
2023340WN7142,2023,340WN7142,2,9,0,18,19,4,8,0,0,0,0,0,0,0,3,1,2,2,2,22,5,1422,2,7,VOLKSWAGEN POLO,7,E01027202,0,-1
2023041373743,2023,041373743,1,9,0,7,7,5,1,0,0,0,1,0,0,0,1,1,5,6,2,18,4,1198,1,16,VOLKSWAGEN POLO,6,E01027559,0,-1
2023052301351,2023,052301351,2,9,0,18,19,2,6,0,0,0,0,0,0,0,3,1,6,6,1,78,11,1798,1,6,VOLKSWAGEN POLO,5,E01006892,0,-1
2023461394756,2023,461394756,1,9,0,18,19,5,1,0,0,1,0,0,0,0,1,1,6,6,1,29,6,1198,1,11,VOLKSWAGEN POLO,7,E01024355,0,-1
2023430090255,2023,430090255,1,9,0,14,14,3,7,0,0,0,0,0,0,0,1,1,2,2,2,28,6,1198,1,11,VOLKSWAGEN POLO,3,E01017666,0,-1
2023430536693,2023,430536693,2,9,0,10,10,6,2,0,0,1,0,0,0,0,2,1,6,6,1,45,7,1197,1,8,VOLKSWAGEN POLO,-1,-1,0,-1
2023221322156,2023,221322156,1,9,0,13,13,7,2,0,0,0,0,0,0,0,1,1,6,6,1,22,5,1598,2,12,VOLKSWAGEN POLO,4,E01032479,0,-1
2023010457763,2023,010457763,1,9,0,99,99,9,9,99,99,9,9,99,9,99,2,9,6,6,2,43,7,1390,1,18,VOLKSWAGEN POLO,6,E01001288,0,-1
2023531338300,2023,531338300,1,9,0,18,19,4,8,0,0,8,0,0,0,0,1,1,6,6,1,28,6,999,1,6,VOLKSWAGEN POLO,9,E01022357,0,-1
2023201349653,2023,201349653,1,9,0,18,19,8,4,0,0,6,0,0,0,0,1,1,6,6,2,26,6,1198,1,16,VOLKSWAGEN POLO,8,E01025791,0,-1
2023010477624,2023,010477624,2,9,0,99,99,9,9,99,99,9,9,99,9,99,9,9,6,6,3,-1,-1,1400,1,16,VOLKSWAGEN POLO,-1,-1,0,-1
2023231371632,2023,231371632,1,9,0,18,19,5,1,0,0,1,5,0,0,0,1,1,5,6,2,19,4,999,1,3,VOLKSWAGEN POLO,3,E01031058,0,-1
2023440169037,2023,440169037,1,9,0,9,9,2,8,0,0,5,0,0,0,0,4,1,6,6,1,25,5,1395,1,6,VOLKSWAGEN POLO,9,E01022930,0,-1
2023201389487,2023,201389487,1,9,0,13,13,2,6,0,0,1,0,0,0,0,1,1,6,6,1,23,5,1984,1,1,VOLKSWAGEN POLO,1,E01009198,0,-1
2023010451234,2023,010451234,3,9,0,18,19,3,7,0,0,6,0,0,0,0,2,1,6,6,2,24,5,1198,1,9,VOLKSWAGEN POLO,8,E01002452,0,-1
2023141333489,2023,141333489,2,9,0,18,19,5,1,0,0,1,0,0,0,0,1,1,6,6,3,-1,-1,999,1,6,VOLKSWAGEN POLO,-1,-1,0,-1
2023070728345,2023,070728345,1,9,0,5,5,5,1,0,0,2,0,0,0,0,3,1,6,6,2,28,6,1422,2,15,VOLKSWAGEN POLO,2,E01018463,0,-1
2023411375168,2023,411375168,1,9,0,17,19,2,7,0,0,2,0,0,0,0,3,1,6,6,2,57,9,999,1,8,VOLKSWAGEN POLO,6,E01023317,0,-1
2023061389753,2023,061389753,2,9,-1,-1,-1,-1,-1,-1,-1,0,-1,-1,-1,0,-1,1,6,6,3,22,5,999,1,5,VOLKSWAGEN POLO,1,E01011422,0,-1
2023010447352,2023,010447352,2,9,0,99,99,9,9,99,99,0,9,99,9,99,2,9,6,6,3,-1,-1,1198,1,14,VOLKSWAGEN POLO,-1,-1,0,-1
2023010441460,2023,010441460,2,9,0,99,99,9,9,99,99,9,9,99,9,99,9,9,6,6,3,18,4,1198,1,15,VOLKSWAGEN POLO,3,E01004656,0,-1
2023010423142,2023,010423142,1,9,0,99,99,9,9,99,99,9,9,99,9,99,2,9,6,6,1,35,6,999,1,3,VOLKSWAGEN POLO,4,E01001317,0,-1
2023440300570,2023,440300570,1,9,0,18,19,1,5,0,0,8,0,0,0,0,1,1,6,6,2,33,6,1598,2,13,VOLKSWAGEN POLO,-1,-1,0,-1
2023052300661,2023,052300661,1,9,0,9,9,2,7,0,0,8,0,0,0,0,1,1,6,6,2,19,4,999,1,4,VOLKSWAGEN POLO,6,E01006257,0,-1
2023451367851,2023,451367851,2,9,0,9,9,5,1,0,0,1,0,0,0,0,1,1,5,6,1,38,7,1198,1,14,VOLKSWAGEN POLO,9,E01030723,0,-1
2023552300839,2023,552300839,1,9,0,18,19,2,6,0,0,0,0,0,0,0,1,1,6,6,1,35,6,1198,1,11,VOLKSWAGEN POLO,5,E01015301,0,-1
2023041297194,2023,041297194,2,9,0,18,19,7,3,0,0,1,0,0,0,0,1,1,1,1,1,18,4,1199,2,9,VOLKSWAGEN POLO,2,E01024886,0,-1
2023471299809,2023,471299809,1,9,0,18,19,4,8,0,0,0,0,0,0,0,1,1,5,6,2,50,8,1198,1,13,VOLKSWAGEN POLO,4,E01031608,0,-1
2023421277658,2023,421277658,3,9,0,2,2,0,0,0,0,0,0,0,0,0,1,1,6,6,3,-1,-1,999,1,2,VOLKSWAGEN POLO,-1,-1,0,-1
202360A190185,2023,60A190185,1,9,0,12,12,7,3,0,0,0,5,0,1,9,1,1,6,6,2,18,4,999,1,7,VOLKSWAGEN POLO,-1,-1,0,-1
2023041312429,2023,041312429,2,9,0,2,2,0,0,0,0,1,0,0,0,0,4,1,6,6,3,-1,-1,999,1,4,VOLKSWAGEN POLO,-1,-1,0,-1
2023471330241,2023,471330241,1,9,0,18,19,3,8,0,0,1,0,0,0,0,1,1,5,6,1,39,7,1896,2,19,VOLKSWAGEN POLO,6,E01031449,0,-1
2023430181830,2023,430181830,2,9,0,4,4,4,8,0,0,0,0,0,0,0,2,1,6,6,1,18,4,1198,1,12,VOLKSWAGEN POLO,-1,-1,0,-1
2023461289087,2023,461289087,3,9,0,4,4,1,5,0,0,1,1,0,1,0,1,1,5,6,1,22,5,1198,1,12,VOLKSWAGEN POLO,7,E01024789,0,-1
2023440500417,2023,440500417,1,9,0,9,9,4,2,0,0,8,0,0,0,0,4,1,6,6,1,24,5,1390,1,13,VOLKSWAGEN POLO,9,E01022601,0,-1
2023311298837,2023,311298837,1,9,0,9,9,1,8,0,0,6,0,0,0,0,1,1,6,6,2,63,9,1197,1,8,VOLKSWAGEN POLO,3,E01019531,0,-1
2023351301191,2023,351301191,1,9,0,5,5,6,2,0,0,1,0,0,0,0,3,1,2,2,1,22,5,1199,2,11,VOLKSWAGEN POLO,6,E01033121,0,-1
2023440063359,2023,440063359,1,9,0,9,9,8,6,0,0,8,0,0,0,0,1,1,6,6,1,39,7,1198,1,12,VOLKSWAGEN POLO,1,E01017245,0,-1
2023471329366,2023,471329366,1,9,0,18,19,8,4,0,0,0,0,0,0,0,3,1,6,6,1,23,5,1422,2,19,VOLKSWAGEN POLO,9,E01022958,0,-1
2023501369153,2023,501369153,2,9,0,8,8,7,1,0,0,1,0,0,0,0,3,1,6,6,2,81,11,1197,1,6,VOLKSWAGEN POLO,9,E01015034,0,-1