collision_index,collision_year,collision_ref_no,vehicle_reference,vehicle_type,towing_and_articulation,vehicle_manoeuvre_historic,vehicle_manoeuvre,vehicle_direction_from,vehicle_direction_to,vehicle_location_restricted_lane_historic,vehicle_location_restricted_lane,junction_location,skidding_and_overturning,hit_object_in_carriageway,vehicle_leaving_carriageway,hit_object_off_carriageway,first_point_of_impact,vehicle_left_hand_drive,journey_purpose_of_driver_historic,journey_purpose_of_driver,sex_of_driver,age_of_driver,age_band_of_driver,engine_capacity_cc,propulsion_code,age_of_vehicle,generic_make_model,driver_imd_decile,lsoa_of_driver,escooter_flag,driver_distance_banding
2023131296666,2023,131296666,1,9,0,18,19,1,5,0,0,0,0,0,0,0,1,1,5,6,2,26,6,999,1,2,VOLKSWAGEN POLO,4,E01008565,0,-1
2023471304970,2023,471304970,1,9,0,18,19,3,7,0,0,0,0,0,7,9,1,1,6,6,2,33,6,999,1,6,VOLKSWAGEN POLO,6,E01021148,0,-1
2023061322975,2023,061322975,1,9,0,9,9,5,2,0,0,8,0,0,0,0,1,1,5,6,1,32,6,1390,1,10,VOLKSWAGEN POLO,-1,-1,0,-1
2023371353069,2023,371353069,2,9,0,5,5,5,2,0,0,0,0,0,0,0,3,1,1,1,1,50,8,999,1,2,VOLKSWAGEN POLO,6,E01021666,0,-1
2023010419412,2023,010419412,1,9,0,18,19,1,5,0,0,2,0,7,1,2,1,1,2,2,2,55,8,1198,1,16,VOLKSWAGEN POLO,7,E01002228,0,-1
2023010479434,2023,010479434,3,9,0,18,19,3,7,0,0,1,0,0,0,0,1,1,2,2,1,24,5,1422,2,8,VOLKSWAGEN POLO,2,E01000050,0,-1
2023161315641,2023,161315641,1,9,0,18,19,3,7,2,2,6,0,0,0,0,1,1,1,1,2,49,8,999,1,1,VOLKSWAGEN POLO,8,E01013326,0,-1
2023061340177,2023,061340177,1,9,0,9,9,4,2,0,0,6,0,0,0,0,1,1,6,6,1,21,5,1198,1,12,VOLKSWAGEN POLO,1,E01004996,0,-1
2023041299746,2023,041299746,2,9,0,2,2,3,3,0,0,2,0,0,0,0,3,1,6,6,3,-1,-1,999,1,5,VOLKSWAGEN POLO,-1,-1,0,-1
2023041263520,2023,041263520,3,9,0,2,2,0,0,0,0,1,0,0,0,0,0,1,6,6,3,-1,-1,999,1,9,VOLKSWAGEN POLO,-1,-1,0,-1
2023231296237,2023,231296237,2,9,0,18,19,2,6,0,0,8,0,0,0,0,1,1,2,2,2,25,5,999,1,2,VOLKSWAGEN POLO,7,E01031212,0,-1
2023010427788,2023,010427788,2,9,0,5,5,5,1,0,0,1,0,0,0,0,1,1,6,6,2,32,6,999,1,6,VOLKSWAGEN POLO,2,E01001351,0,-1
2023471362876,2023,471362876,2,9,0,18,19,7,4,0,0,8,0,0,0,0,3,1,5,6,2,21,5,1198,1,19,VOLKSWAGEN POLO,4,E01031434,0,-1
2023440463463,2023,440463463,1,9,0,18,19,8,4,0,0,0,0,0,0,0,1,1,2,2,2,23,5,1390,1,11,VOLKSWAGEN POLO,6,E01031860,0,-1
2023010450164,2023,010450164,1,9,9,99,99,9,9,99,99,0,9,99,9,99,9,9,6,6,2,24,5,1198,1,11,VOLKSWAGEN POLO,3,E01003555,0,-1
2023501395703,2023,501395703,2,9,0,18,19,7,3,0,0,0,0,0,0,0,1,1,6,6,1,22,5,1400,2,18,VOLKSWAGEN POLO,6,E01015076,0,-1
2023531397389,2023,531397389,1,9,0,18,19,1,5,0,0,0,0,0,0,0,1,1,2,2,2,24,5,1390,1,11,VOLKSWAGEN POLO,8,E01014061,0,-1
2023471271593,2023,471271593,1,9,0,16,19,3,6,0,0,0,0,0,0,0,1,1,2,2,1,24,5,1422,2,15,VOLKSWAGEN POLO,-1,-1,0,-1
2023471280269,2023,471280269,1,9,0,18,19,2,6,1,1,0,0,0,0,0,1,1,5,6,1,18,4,1198,1,13,VOLKSWAGEN POLO,9,E01031721,0,-1
2023451366224,2023,451366224,1,9,0,5,5,2,6,0,0,2,0,0,0,0,1,1,6,6,1,19,4,1390,1,16,VOLKSWAGEN POLO,5,E01030609,0,-1
2023041301266,2023,041301266,1,9,0,18,19,3,7,0,0,0,0,0,0,0,1,1,5,6,2,52,8,999,1,7,VOLKSWAGEN POLO,10,E01025255,0,-1
202360A175608,2023,60A175608,2,9,0,16,19,1,5,0,0,0,1,0,0,0,1,1,6,6,2,30,6,1198,1,18,VOLKSWAGEN POLO,-1,-1,0,-1
2023131329830,2023,131329830,1,9,0,13,13,6,4,0,0,8,0,0,0,0,1,1,5,6,1,19,4,1200,1,21,VOLKSWAGEN POLO,1,E01011426,0,-1
2023421316066,2023,421316066,1,9,0,17,19,5,1,0,0,0,1,10,1,0,4,1,4,7,1,17,4,1400,1,17,VOLKSWAGEN POLO,3,E01002276,0,-1
2023451389388,2023,451389388,2,9,0,3,3,7,1,0,0,1,0,0,0,0,1,1,6,6,1,20,4,1198,1,20,VOLKSWAGEN POLO,10,E01030680,0,-1
2023221368919,2023,221368919,1,9,0,16,19,8,4,0,0,8,0,0,0,0,1,1,5,6,1,21,5,1798,1,6,VOLKSWAGEN POLO,9,E01014022,0,-1
2023052301671,2023,052301671,1,9,0,18,19,5,1,0,0,0,0,0,0,0,4,1,2,2,2,30,6,999,1,0,VOLKSWAGEN POLO,7,E01007242,0,-1
2023451369789,2023,451369789,1,9,0,18,19,6,2,0,0,1,1,0,0,0,1,1,6,6,1,25,5,1198,1,13,VOLKSWAGEN POLO,-1,-1,0,-1
2023340WN6112,2023,340WN6112,1,9,0,9,9,1,5,0,0,5,0,0,0,0,1,1,6,6,2,21,5,999,1,5,VOLKSWAGEN POLO,7,E01027004,0,-1
2023010432762,2023,010432762,1,9,0,99,99,9,9,99,99,9,9,99,9,99,3,9,6,6,2,34,6,1198,1,12,VOLKSWAGEN POLO,3,E01028522,0,-1
2023010478704,2023,010478704,1,9,0,18,19,5,1,0,0,0,1,0,1,11,1,1,6,6,2,27,6,1390,1,23,VOLKSWAGEN POLO,7,E01002514,0,-1
2023471266633,2023,471266633,3,9,0,18,19,2,6,0,0,1,0,0,0,0,3,1,2,2,1,21,5,1198,1,16,VOLKSWAGEN POLO,9,E01021144,0,-1
2023161369594,2023,161369594,1,9,0,18,19,2,6,0,0,0,0,0,7,10,1,2,6,6,1,69,10,1798,1,6,VOLKSWAGEN POLO,1,E01013221,0,-1
2023010465425,2023,010465425,1,9,0,18,19,7,3,0,0,0,0,0,0,0,3,1,6,6,1,22,5,1984,1,4,VOLKSWAGEN POLO,6,E01023317,0,-1
2023010459792,2023,010459792,1,9,0,18,19,3,7,0,0,6,0,0,0,0,1,1,6,6,1,27,6,999,1,4,VOLKSWAGEN POLO,2,E01033085,0,-1
2023461356277,2023,461356277,2,9,0,2,2,0,0,0,0,0,0,0,0,0,1,1,6,6,3,-1,-1,999,1,2,VOLKSWAGEN POLO,-1,-1,0,-1
2023401378488,2023,401378488,2,9,0,9,9,5,1,0,0,8,0,0,0,0,2,1,5,6,1,22,5,999,1,3,VOLKSWAGEN POLO,10,E01017399,0,-1
2023471376679,2023,471376679,2,9,0,18,19,6,2,0,0,1,0,0,0,0,4,1,6,6,2,47,8,1390,1,10,VOLKSWAGEN POLO,10,E01024423,0,-1
2023311332558,2023,311332558,5,9,0,2,2,0,0,0,0,1,0,0,0,0,2,1,6,6,3,-1,-1,1199,2,10,VOLKSWAGEN POLO,-1,-1,0,-1
2023991273585,2023,991273585,1,9,0,18,19,3,7,0,0,0,0,0,0,0,1,1,2,2,1,38,7,999,1,3,VOLKSWAGEN POLO,1,-1,0,-1
2023430356544,2023,430356544,2,9,0,18,19,7,3,0,0,8,0,0,0,0,4,1,6,6,2,49,8,999,1,1,VOLKSWAGEN POLO,5,E01016472,0,-1
2023010460171,2023,010460171,1,9,0,13,13,2,6,0,0,8,0,0,0,0,4,1,6,6,1,22,5,999,1,1,VOLKSWAGEN POLO,7,E01001986,0,-1
2023010420020,2023,010420020,2,9,0,99,99,9,9,99,99,9,9,99,9,99,1,9,6,6,3,-1,-1,1198,1,13,VOLKSWAGEN POLO,-1,-1,0,-1
2023991319154,2023,991319154,2,9,0,5,5,5,1,0,0,0,0,0,0,0,2,1,5,6,1,73,10,999,1,1,VOLKSWAGEN POLO,4,-1,0,-1
2023320626038,2023,320626038,2,9,0,9,9,8,6,0,0,8,0,0,0,0,4,1,6,6,1,47,8,1198,1,18,VOLKSWAGEN POLO,7,E01026372,0,-1
2023451370772,2023,451370772,2,9,0,2,2,0,0,0,0,0,0,0,0,0,3,1,6,6,3,-1,-1,1198,1,18,VOLKSWAGEN POLO,-1,-1,0,-1
2023411367677,2023,411367677,2,9,0,18,19,1,5,0,0,0,0,0,0,0,2,1,6,6,2,20,4,1198,1,9,VOLKSWAGEN POLO,9,E01000667,0,-1
2023471309542,2023,471309542,1,9,0,18,19,4,8,0,0,1,5,4,0,0,1,1,5,6,1,18,4,999,1,2,VOLKSWAGEN POLO,9,E01031496,0,-1
2023101276820,2023,101276820,1,9,0,9,9,5,3,0,0,8,0,0,0,0,1,1,2,2,1,36,7,999,1,8,VOLKSWAGEN POLO,10,E01008237,0,-1
2023041289841,2023,041289841,2,9,0,2,2,0,0,0,0,0,0,0,0,0,3,1,6,6,3,-1,-1,1198,1,19,VOLKSWAGEN POLO,-1,-1,0,-1
2023061349615,2023,061349615,1,9,0,4,4,8,4,0,0,1,0,0,0,0,1,1,6,6,2,37,7,1390,1,15,VOLKSWAGEN POLO,1,E01005287,0,-1
2023302400030,2023,302400030,2,9,0,13,13,2,6,0,0,0,0,0,0,0,3,1,6,6,2,26,6,1390,1,11,VOLKSWAGEN POLO,7,E01013488,0,-1
2023201416062,2023,201416062,1,9,0,11,11,1,5,0,0,0,0,0,0,0,1,1,6,6,1,26,6,999,1,3,VOLKSWAGEN POLO,3,E01009448,0,-1
2023010440688,2023,010440688,2,9,0,9,9,5,3,0,0,8,0,0,0,0,1,1,6,6,2,37,7,1390,1,21,VOLKSWAGEN POLO,4,E01000112,0,-1
2023411356525,2023,411356525,1,9,0,7,7,2,6,0,0,0,0,4,1,0,4,1,6,6,2,82,11,1197,1,8,VOLKSWAGEN POLO,10,E01023566,0,-1
2023471354950,2023,471354950,1,9,0,9,9,1,3,0,0,8,0,0,0,0,4,1,6,6,1,44,7,1198,1,19,VOLKSWAGEN POLO,4,E01031809,0,-1
2023531281545,2023,531281545,3,9,0,2,2,0,0,0,0,1,0,0,0,0,0,1,6,6,3,-1,-1,1198,1,9,VOLKSWAGEN POLO,-1,-1,0,-1
2023401360252,2023,401360252,1,9,0,17,19,3,8,0,0,0,2,10,0,0,1,1,5,6,1,17,4,1198,1,13,VOLKSWAGEN POLO,5,E01017430,0,-1
2023430292425,2023,430292425,1,9,0,18,19,8,4,0,0,6,0,0,0,0,1,1,6,6,1,19,4,999,1,2,VOLKSWAGEN POLO,10,E01023816,0,-1
2023010486727,2023,010486727,2,9,0,99,99,9,9,99,99,9,9,99,9,99,9,9,6,6,3,-1,-1,1198,1,10,VOLKSWAGEN POLO,-1,-1,0,-1
2023010480494,2023,010480494,2,9,0,5,5,1,5,0,0,2,0,0,0,0,1,1,6,6,1,45,7,999,1,2,VOLKSWAGEN POLO,5,E01001829,0,-1
202354D126323,2023,54D126323,1,9,0,18,19,2,6,0,0,0,0,0,0,0,1,1,6,6,1,87,11,1197,1,8,VOLKSWAGEN POLO,1,E01015544,0,-1
2023461274111,2023,461274111,1,9,0,16,19,6,1,0,0,0,0,0,0,0,3,1,5,6,2,18,4,1198,1,15,VOLKSWAGEN POLO,9,E01024484,0,-1
2023501279023,2023,501279023,2,9,0,2,2,2,3,0,0,0,0,0,0,0,1,1,5,6,2,18,4,1400,1,20,VOLKSWAGEN POLO,1,E01015260,0,-1
2023461275305,2023,461275305,1,9,0,13,13,4,8,0,0,0,0,0,0,0,1,1,6,6,1,22,5,1984,1,4,VOLKSWAGEN POLO,10,E01000652,0,-1
2023421360792,2023,421360792,2,9,0,5,5,1,5,0,0,1,0,0,0,0,2,1,6,6,2,50,8,1390,1,12,VOLKSWAGEN POLO,7,E01021981,0,-1
2023010437456,2023,010437456,1,9,0,6,6,7,7,0,0,0,0,0,0,0,1,1,6,6,1,19,4,1198,1,13,VOLKSWAGEN POLO,7,E01023572,0,-1
2023522301029,2023,522301029,2,9,0,4,4,1,5,0,0,1,0,0,0,0,2,1,6,6,2,62,9,1198,1,21,VOLKSWAGEN POLO,9,E01014857,0,-1
2023320697954,2023,320697954,1,9,0,18,19,8,4,0,0,6,0,0,0,0,1,1,6,6,1,17,4,999,1,3,VOLKSWAGEN POLO,3,E01026178,0,-1
2023451291483,2023,451291483,2,9,0,14,14,8,4,0,0,0,0,0,0,0,3,1,5,6,2,22,5,1390,1,19,VOLKSWAGEN POLO,8,E01030528,0,-1
2023101333646,2023,101333646,1,9,0,18,19,3,7,0,0,0,0,0,6,0,1,1,5,6,1,22,5,1198,1,12,VOLKSWAGEN POLO,3,E01008282,0,-1
2023430119742,2023,430119742,1,9,0,18,19,6,2,0,0,1,0,0,0,0,1,1,6,6,1,17,4,999,1,8,VOLKSWAGEN POLO,10,E01016183,0,-1
2023991358721,2023,991358721,1,9,0,13,13,8,4,0,0,1,2,0,7,0,1,1,5,6,1,19,4,1798,1,7,VOLKSWAGEN POLO,9,-1,0,-1
2023302301950,2023,302301950,1,9,0,17,19,8,6,0,0,0,5,0,0,0,3,1,6,6,2,18,4,1197,1,10,VOLKSWAGEN POLO,7,E01019607,0,-1
2023501345335,2023,501345335,1,9,0,18,19,2,6,0,0,0,0,0,0,0,-1,1,6,6,1,33,6,1198,1,13,VOLKSWAGEN POLO,7,E01018899,0,-1
2023471263402,2023,471263402,2,9,0,18,19,3,7,0,0,0,0,0,1,0,3,1,5,6,1,17,4,999,1,9,VOLKSWAGEN POLO,3,E01020937,0,-1
2023131309396,2023,131309396,4,9,0,18,19,7,5,0,0,2,0,0,0,0,1,1,1,1,2,24,5,999,1,9,VOLKSWAGEN POLO,1,E01010802,0,-1
2023546324523,2023,546324523,2,9,0,16,19,4,7,0,0,3,0,0,1,11,3,1,6,6,2,47,8,1197,1,7,VOLKSWAGEN POLO,8,E01032016,0,-1
2023052301189,2023,052301189,1,9,0,18,19,1,5,0,0,1,0,0,0,0,1,1,6,6,1,62,9,999,1,5,VOLKSWAGEN POLO,7,E01006774,0,-1
2023440068542,2023,440068542,1,9,0,18,19,6,2,0,0,5,2,10,2,10,2,1,6,6,1,18,4,1422,2,14,VOLKSWAGEN POLO,4,E01022621,0,-1
2023031298004,2023,031298004,1,9,0,18,19,5,3,0,0,0,5,0,8,4,3,1,5,6,1,17,4,999,1,0,VOLKSWAGEN POLO,-1,-1,0,-1
2023311315114,2023,311315114,1,9,0,9,9,1,7,0,0,1,0,0,0,0,3,1,6,6,1,23,5,1198,1,13,VOLKSWAGEN POLO,8,E01028358,0,-1
2023122300148,2023,122300148,1,9,0,9,9,5,2,0,0,6,0,0,0,0,3,1,6,6,2,27,6,999,1,5,VOLKSWAGEN POLO,8,E01010645,0,-1
2023052300128,2023,052300128,1,9,0,9,9,1,5,0,0,6,0,0,0,0,1,1,6,6,3,-1,-1,999,1,1,VOLKSWAGEN POLO,-1,-1,0,-1
2023010461252,2023,010461252,1,9,0,9,9,1,6,0,0,0,0,0,0,0,4,1,6,6,1,47,8,1198,1,13,VOLKSWAGEN POLO,5,E01001029,0,-1
2023141264537,2023,141264537,1,9,0,18,19,2,7,0,0,0,0,0,0,0,4,1,6,6,1,32,6,1390,1,16,VOLKSWAGEN POLO,3,E01007680,0,-1
2023332300689,2023,332300689,1,9,0,16,19,8,2,0,0,2,1,0,7,9,1,1,6,6,2,18,4,1390,1,17,VOLKSWAGEN POLO,8,E01025748,0,-1
2023161396745,2023,161396745,1,9,0,3,3,7,3,0,0,1,0,0,0,0,2,1,5,6,2,26,6,1390,1,12,VOLKSWAGEN POLO,3,E01013319,0,-1
2023071213101,2023,071213101,1,9,0,18,19,2,6,0,0,1,0,0,0,0,1,1,6,6,1,27,6,999,1,3,VOLKSWAGEN POLO,7,E01018335,0,-1
2023141313169,2023,141313169,1,9,0,16,19,8,4,0,0,0,5,0,7,7,1,1,5,6,1,20,4,999,1,2,VOLKSWAGEN POLO,7,E01007778,0,-1
2023061314705,2023,061314705,2,9,0,2,2,4,4,0,0,0,0,0,1,11,3,1,6,6,3,-1,-1,1198,1,10,VOLKSWAGEN POLO,-1,-1,0,-1
2023451299898,2023,451299898,2,9,0,18,19,2,6,0,0,1,0,0,1,4,1,1,2,2,1,19,4,1198,1,11,VOLKSWAGEN POLO,5,E01030982,0,-1
2023201338838,2023,201338838,1,9,0,9,9,6,5,0,0,8,0,0,0,0,4,1,6,6,2,20,4,1198,1,10,VOLKSWAGEN POLO,7,E01009820,0,-1
2023991328807,2023,991328807,1,9,0,18,19,5,1,0,0,0,1,0,7,0,1,1,6,6,2,20,4,999,1,4,VOLKSWAGEN POLO,10,-1,0,-1
2023440347113,2023,440347113,1,9,0,16,19,2,6,0,0,0,1,0,8,3,1,1,6,6,1,19,4,1422,2,15,VOLKSWAGEN POLO,10,E01022554,0,-1
2023430560659,2023,430560659,1,9,0,4,4,8,4,0,0,0,0,0,0,0,2,1,6,6,2,19,4,999,1,3,VOLKSWAGEN POLO,5,E01016560,0,-1
2023440410200,2023,440410200,4,9,0,3,3,4,8,0,0,0,0,0,0,0,2,1,6,6,1,46,8,1400,1,17,VOLKSWAGEN POLO,7,E01028424,0,-1
2023122300280,2023,122300280,1,9,0,17,19,7,3,0,0,0,2,0,7,4,3,1,2,2,1,20,4,999,1,5,VOLKSWAGEN POLO,-1,-1,0,-1
2023552301220,2023,552301220,1,9,0,12,12,6,2,0,0,0,0,0,1,0,2,1,6,6,1,23,5,999,1,5,VOLKSWAGEN POLO,10,E01020355,0,-1
2023421274328,2023,421274328,2,9,0,3,3,5,1,0,0,4,1,0,0,0,2,1,2,2,2,30,6,1197,1,6,VOLKSWAGEN POLO,5,E01021551,0,-1
2023991262703,2023,991262703,1,9,0,18,19,4,8,0,0,0,2,0,1,4,1,1,6,6,1,19,4,999,1,5,VOLKSWAGEN POLO,2,-1,0,-1
2023010470048,2023,010470048,2,9,0,99,99,9,9,99,99,9,9,99,9,99,9,9,6,6,3,-1,-1,1390,1,10,VOLKSWAGEN POLO,-1,-1,0,-1
2023991360314,2023,991360314,1,9,0,18,19,5,1,0,0,0,0,0,0,0,1,1,5,6,2,21,5,1198,1,16,VOLKSWAGEN POLO,2,-1,0,-1
2023131349505,2023,131349505,1,9,0,18,19,6,2,0,0,0,0,0,0,0,3,1,6,6,2,39,7,1197,1,8,VOLKSWAGEN POLO,9,E01028360,0,-1
2023332300134,2023,332300134,1,9,0,18,19,8,4,0,0,8,0,0,0,0,1,1,6,6,2,18,4,999,1,3,VOLKSWAGEN POLO,9,E01025974,0,-1
2023010461920,2023,010461920,2,9,0,2,2,0,0,9,9,2,0,0,0,0,2,1,6,6,3,-1,-1,1390,1,13,VOLKSWAGEN POLO,-1,-1,0,-1
2023991298577,2023,991298577,1,9,0,18,19,3,7,0,0,0,0,0,0,0,1,1,5,6,1,78,11,1198,1,18,VOLKSWAGEN POLO,7,-1,0,-1
2023461275485,2023,461275485,2,9,0,16,19,5,7,0,0,0,0,11,0,0,1,1,6,6,2,21,5,1198,1,11,VOLKSWAGEN POLO,7,E01024572,0,-1
2023332300040,2023,332300040,1,9,0,18,19,2,6,0,0,0,0,0,0,0,2,1,6,6,2,21,5,1198,1,10,VOLKSWAGEN POLO,5,E01013612,0,-1
2023552400161,2023,552400161,2,9,0,2,2,0,0,0,0,0,0,0,1,3,2,1,6,6,3,-1,-1,1199,2,9,VOLKSWAGEN POLO,-1,-1,0,-1
2023461383392,2023,461383392,1,9,0,18,19,6,7,0,0,0,5,10,7,0,1,1,6,6,2,48,8,999,1,2,VOLKSWAGEN POLO,3,E01016171,0,-1
2023010463072,2023,010463072,1,9,0,7,7,7,1,0,0,5,0,0,0,0,3,1,6,6,1,-1,-1,1198,1,12,VOLKSWAGEN POLO,-1,-1,0,-1
2023461296467,2023,461296467,3,9,0,18,19,7,3,0,0,4,0,0,0,0,3,1,6,6,1,23,5,1197,1,9,VOLKSWAGEN POLO,8,E01024133,0,-1
2023221330663,2023,221330663,1,9,0,2,2,0,0,0,0,0,1,0,1,9,4,1,2,2,1,35,6,1422,2,15,VOLKSWAGEN POLO,3,E01032292,0,-1
2023010430177,2023,010430177,1,9,0,4,4,3,7,0,0,6,0,0,0,0,2,1,2,2,1,19,4,999,1,5,VOLKSWAGEN POLO,6,E01002940,0,-1
2023070449377,2023,070449377,1,9,0,18,19,2,5,0,0,0,0,0,0,0,4,1,6,6,1,24,5,999,1,9,VOLKSWAGEN POLO,3,E01005120,0,-1
2023010419849,2023,010419849,2,9,0,99,99,9,9,99,99,9,9,99,9,99,1,9,6,6,2,59,9,1197,1,8,VOLKSWAGEN POLO,8,E01003455,0,-1
202360A013625,2023,60A013625,1,9,0,17,19,2,6,0,0,0,0,0,0,0,1,1,6,6,2,33,6,999,1,3,VOLKSWAGEN POLO,-1,-1,0,-1
2023010485990,2023,010485990,1,9,0,9,9,2,1,0,0,1,0,0,0,0,1,1,6,6,2,49,8,1197,1,8,VOLKSWAGEN POLO,7,E01001495,0,-1
2023540447323,2023,540447323,2,9,0,4,4,5,1,0,0,2,0,0,0,0,2,1,6,6,2,39,7,1390,1,22,VOLKSWAGEN POLO,8,E01031946,0,-1
2023332300891,2023,332300891,2,9,0,18,19,5,1,0,0,0,0,0,0,0,1,1,6,6,1,27,6,1390,1,9,VOLKSWAGEN POLO,10,E01025846,0,-1
2023131325346,2023,131325346,2,9,0,18,19,7,3,0,0,1,0,0,0,0,1,1,5,6,2,76,11,1200,1,21,VOLKSWAGEN POLO,2,E01032487,0,-1
2023531326367,2023,531326367,1,9,0,16,19,8,3,0,0,0,5,0,7,4,1,1,6,6,1,72,10,1198,1,14,VOLKSWAGEN POLO,5,E01022231,0,-1
2023501285242,2023,501285242,2,9,0,4,4,4,7,0,0,1,0,0,0,0,2,1,5,6,2,39,7,1390,1,10,VOLKSWAGEN POLO,5,E01020339,0,-1
2023201380507,2023,201380507,2,9,0,18,19,8,4,0,0,0,0,0,0,0,3,1,6,6,2,41,7,1390,1,10,VOLKSWAGEN POLO,7,E01009975,0,-1
2023501321915,2023,501321915,1,9,0,5,5,6,1,0,0,4,0,0,0,0,1,1,6,6,1,22,5,1400,1,17,VOLKSWAGEN POLO,5,E01018804,0,-1
2023991373610,2023,991373610,1,9,0,18,19,2,6,0,0,1,0,0,0,0,1,1,5,6,2,89,11,1390,1,20,VOLKSWAGEN POLO,1,-1,0,-1
2023461321630,2023,461321630,1,9,0,18,19,7,3,0,0,1,0,0,0,0,1,1,6,6,1,36,7,1198,1,15,VOLKSWAGEN POLO,4,E01016177,0,-1
2023010438729,2023,010438729,2,9,0,99,99,9,9,99,99,9,9,99,9,99,1,9,6,6,3,27,6,999,1,2,VOLKSWAGEN POLO,3,E01002057,0,-1
2023451277329,2023,451277329,1,9,0,9,9,7,3,0,0,8,0,0,0,0,1,1,2,2,1,51,8,1198,1,17,VOLKSWAGEN POLO,4,E01002551,0,-1
2023201287381,2023,201287381,2,9,0,2,2,0,0,0,0,0,0,0,0,0,4,1,6,6,2,20,4,1198,1,12,VOLKSWAGEN POLO,2,E01009029,0,-1
2023201418466,2023,201418466,2,9,0,18,19,7,3,0,0,8,0,0,0,0,1,1,5,6,2,35,6,1400,1,18,VOLKSWAGEN POLO,1,E01009328,0,-1
2023061354187,2023,061354187,1,9,0,18,19,1,5,0,0,8,0,0,0,0,1,1,6,6,1,-1,-1,1390,1,12,VOLKSWAGEN POLO,-1,-1,0,-1
2023501341102,2023,501341102,1,9,0,18,19,8,6,0,0,0,0,0,0,0,4,1,5,6,1,19,4,1595,2,13,VOLKSWAGEN POLO,4,E01020130,0,-1
2023451380403,2023,451380403,2,9,0,2,2,5,1,0,0,2,0,0,0,0,2,1,6,6,3,-1,-1,1390,1,11,VOLKSWAGEN POLO,-1,-1,0,-1
2023440149300,2023,440149300,1,9,0,18,19,2,6,0,0,2,0,0,0,0,1,1,2,2,2,38,7,1198,1,12,VOLKSWAGEN POLO,-1,-1,0,-1
2023501299638,2023,501299638,2,9,0,9,9,5,3,0,0,4,0,0,0,0,3,1,5,6,2,24,5,999,1,7,VOLKSWAGEN POLO,2,E01015157,0,-1
2023061314002,2023,061314002,1,9,0,16,19,5,2,0,0,0,1,10,7,10,1,1,6,6,1,25,5,999,1,1,VOLKSWAGEN POLO,1,E01005475,0,-1
2023340NN0552,2023,340NN0552,1,9,0,9,9,6,4,0,0,5,0,0,0,0,1,1,6,6,1,30,6,1390,1,20,VOLKSWAGEN POLO,2,E01026949,0,-1
2023031300177,2023,031300177,2,9,0,9,9,1,3,0,0,6,0,0,0,0,1,1,6,6,1,17,4,1198,1,17,VOLKSWAGEN POLO,4,E01019389,0,-1
2023131357108,2023,131357108,9,9,0,2,2,0,0,0,0,0,0,0,0,0,1,1,6,6,3,-1,-1,1390,1,11,VOLKSWAGEN POLO,-1,-1,0,-1
2023201289003,2023,201289003,2,9,0,11,11,1,4,0,0,3,0,0,0,0,4,1,6,6,2,27,6,999,1,2,VOLKSWAGEN POLO,2,E01020573,0,-1
2023010451006,2023,010451006,1,9,0,5,5,3,7,0,0,6,0,0,0,0,4,1,6,6,1,19,4,999,1,1,VOLKSWAGEN POLO,1,E01001558,0,-1
2023421317221,2023,421317221,2,9,0,2,2,0,0,0,0,0,0,4,0,0,3,1,6,6,3,-1,-1,1198,1,10,VOLKSWAGEN POLO,-1,-1,0,-1
2023531307368,2023,531307368,2,9,0,3,3,3,7,0,0,4,0,0,0,0,2,1,2,2,1,28,6,1198,1,13,VOLKSWAGEN POLO,10,E01022197,0,-1
2023461332431,2023,461332431,2,9,0,5,5,3,7,0,0,0,0,0,0,0,1,1,6,6,1,22,5,999,1,4,VOLKSWAGEN POLO,10,E01024329,0,-1
2023471362923,2023,471362923,1,9,0,18,19,1,5,0,0,8,0,0,0,0,1,1,2,2,1,47,8,1395,1,9,VOLKSWAGEN POLO,4,E01016856,0,-1
2023031278425,2023,031278425,2,9,0,18,19,3,6,0,0,0,0,0,0,0,0,1,6,6,2,40,7,1422,2,15,VOLKSWAGEN POLO,8,E01019370,0,-1
2023010470423,2023,010470423,2,9,0,5,5,5,1,0,0,2,0,0,0,0,1,1,2,2,2,32,6,1198,1,18,VOLKSWAGEN POLO,7,E01000797,0,-1
2023520000831,2023,520000831,3,9,0,3,3,3,7,0,0,0,0,0,0,0,2,1,6,6,2,24,5,1198,1,11,VOLKSWAGEN POLO,3,E01014519,0,-1
2023052301828,2023,052301828,1,9,0,9,9,4,7,0,0,2,0,0,0,0,4,1,6,6,2,19,4,1390,1,12,VOLKSWAGEN POLO,5,E01006942,0,-1
2023501324422,2023,501324422,4,9,0,2,2,6,5,0,0,0,0,0,0,0,1,1,5,6,3,-1,-1,1198,1,20,VOLKSWAGEN POLO,-1,-1,0,-1
202363B020523,2023,63B020523,1,9,0,16,19,1,4,0,0,0,2,0,8,10,3,1,6,6,1,42,7,1198,1,11,VOLKSWAGEN POLO,5,W01000529,0,-1
2023461367634,2023,461367634,2,9,0,16,19,5,3,0,0,3,0,0,1,0,2,1,2,2,2,23,5,999,1,5,VOLKSWAGEN POLO,10,E01016092,0,-1
2023010463745,2023,010463745,1,9,0,9,9,3,1,0,0,1,0,0,0,0,3,1,6,6,1,56,9,999,1,4,VOLKSWAGEN POLO,9,E01004638,0,-1
2023471301506,2023,471301506,4,9,0,4,4,4,8,0,0,0,0,0,0,0,2,1,5,6,2,25,5,999,1,2,VOLKSWAGEN POLO,1,E01016868,0,-1
2023010434353,2023,010434353,2,9,9,99,99,9,9,99,99,9,9,99,9,99,9,9,6,6,3,-1,-1,1198,1,17,VOLKSWAGEN POLO,-1,-1,0,-1