collision_index,collision_year,collision_ref_no,vehicle_reference,vehicle_type,towing_and_articulation,vehicle_manoeuvre_historic,vehicle_manoeuvre,vehicle_direction_from,vehicle_direction_to,vehicle_location_restricted_lane_historic,vehicle_location_restricted_lane,junction_location,skidding_and_overturning,hit_object_in_carriageway,vehicle_leaving_carriageway,hit_object_off_carriageway,first_point_of_impact,vehicle_left_hand_drive,journey_purpose_of_driver_historic,journey_purpose_of_driver,sex_of_driver,age_of_driver,age_band_of_driver,engine_capacity_cc,propulsion_code,age_of_vehicle,generic_make_model,driver_imd_decile,lsoa_of_driver,escooter_flag,driver_distance_banding
2023991306738,2023,991306738,1,9,0,17,19,2,6,0,0,0,5,0,0,0,4,1,6,6,1,50,8,999,1,6,VOLKSWAGEN POLO,4,-1,0,-1
2023061290809,2023,061290809,2,9,0,18,19,2,6,0,0,0,0,0,0,0,3,1,5,6,1,20,4,1198,1,12,VOLKSWAGEN POLO,8,E01005023,0,-1
2023061289407,2023,061289407,2,9,0,18,19,6,1,0,0,2,0,0,0,0,1,1,5,6,2,31,6,1390,1,22,VOLKSWAGEN POLO,2,E01005487,0,-1
2023471315160,2023,471315160,1,9,0,5,5,7,3,0,0,0,0,0,0,0,1,1,5,6,2,44,7,1198,1,11,VOLKSWAGEN POLO,4,E01016968,0,-1
2023201296163,2023,201296163,1,9,0,18,19,4,8,0,0,3,0,0,0,0,1,1,6,6,2,22,5,999,1,6,VOLKSWAGEN POLO,9,E01010328,0,-1
2023421354739,2023,421354739,1,9,0,18,19,4,8,0,0,0,0,0,0,0,0,1,5,6,2,72,10,1197,1,7,VOLKSWAGEN POLO,8,E01021717,0,-1
2023332301240,2023,332301240,1,9,0,10,10,8,6,0,0,8,0,0,0,0,3,1,6,6,1,36,7,1198,1,13,VOLKSWAGEN POLO,7,E01025983,0,-1
2023131281264,2023,131281264,1,9,0,-1,-1,-1,-1,-1,-1,8,-1,-1,-1,0,-1,1,6,6,3,-1,-1,1422,2,21,VOLKSWAGEN POLO,-1,-1,0,-1
2023010440110,2023,010440110,1,9,0,17,19,1,5,0,0,1,0,10,0,0,1,1,6,6,2,22,5,1197,1,8,VOLKSWAGEN POLO,6,E01021758,0,-1
2023221272875,2023,221272875,2,9,0,17,19,3,1,0,0,0,0,0,0,0,3,1,2,2,2,37,7,1395,1,7,VOLKSWAGEN POLO,3,E01028880,0,-1
2023991301556,2023,991301556,1,9,0,5,5,8,4,0,0,6,0,0,0,0,1,1,2,2,2,24,5,1198,1,11,VOLKSWAGEN POLO,8,-1,0,-1
2023451258801,2023,451258801,2,9,0,18,19,1,3,0,0,4,0,0,0,0,4,1,6,6,1,17,4,1198,1,12,VOLKSWAGEN POLO,10,E01030417,0,-1
2023522300662,2023,522300662,1,9,0,7,7,2,4,0,0,6,0,0,0,0,1,1,6,6,2,20,4,1198,1,12,VOLKSWAGEN POLO,6,E01031845,0,-1
2023071055439,2023,071055439,1,9,0,18,19,5,1,0,0,3,0,0,0,0,1,1,6,6,1,-1,-1,1198,1,11,VOLKSWAGEN POLO,-1,-1,0,-1
2023411323169,2023,411323169,2,9,0,5,5,3,7,0,0,0,0,0,0,0,1,1,2,2,1,21,5,999,1,8,VOLKSWAGEN POLO,6,E01021761,0,-1
2023010430934,2023,010430934,2,9,0,18,19,5,1,0,0,1,0,0,0,0,1,1,2,2,1,22,5,999,1,4,VOLKSWAGEN POLO,9,E01000762,0,-1
2023411299542,2023,411299542,1,9,0,18,19,7,3,0,0,0,0,0,0,0,1,1,5,6,1,19,4,999,1,5,VOLKSWAGEN POLO,7,E01023513,0,-1
2023170M11313,2023,170M11313,1,9,0,9,9,8,6,0,0,8,0,0,0,0,1,1,6,6,2,18,4,999,1,5,VOLKSWAGEN POLO,6,E01012022,0,-1
2023451324811,2023,451324811,1,9,0,7,7,3,5,0,0,3,0,0,1,0,2,1,5,6,1,80,11,1390,1,10,VOLKSWAGEN POLO,10,E01030963,0,-1
2023161355662,2023,161355662,1,9,0,18,19,7,3,0,0,0,0,0,0,0,1,1,5,6,1,19,4,999,1,1,VOLKSWAGEN POLO,10,E01012970,0,-1
2023622300581,2023,622300581,1,9,0,18,19,4,8,0,0,4,0,0,0,0,2,1,6,6,1,22,5,1198,1,16,VOLKSWAGEN POLO,4,W01001832,0,-1
2023332300396,2023,332300396,1,9,0,4,4,2,6,0,0,0,0,0,0,0,1,1,6,6,2,29,6,999,1,9,VOLKSWAGEN POLO,8,E01025679,0,-1
2023161366589,2023,161366589,1,9,0,4,4,1,5,0,0,4,0,0,0,0,2,1,5,6,1,38,7,999,1,1,VOLKSWAGEN POLO,7,E01012935,0,-1
2023131281462,2023,131281462,1,9,0,9,9,1,5,0,0,3,0,0,0,0,4,1,5,6,2,50,8,1390,1,15,VOLKSWAGEN POLO,2,E01011041,0,-1
2023332300073,2023,332300073,2,9,0,18,19,8,4,0,0,1,0,0,0,0,1,1,6,6,1,20,4,1199,2,11,VOLKSWAGEN POLO,5,E01013764,0,-1
202354C061723,2023,54C061723,1,9,0,18,19,1,5,0,0,0,0,0,0,0,1,1,6,6,2,61,9,999,1,0,VOLKSWAGEN POLO,-1,-1,0,-1
2023991280420,2023,991280420,1,9,0,7,7,3,7,0,0,0,0,0,0,0,4,1,5,6,1,22,5,999,1,8,VOLKSWAGEN POLO,9,-1,0,-1
2023010451904,2023,010451904,1,9,0,18,19,3,7,0,0,1,0,0,7,2,1,2,6,6,1,21,5,999,1,8,VOLKSWAGEN POLO,4,E01000787,0,-1
2023421295273,2023,421295273,1,9,0,9,9,6,5,0,0,8,0,0,0,0,3,1,5,6,2,39,7,1400,1,16,VOLKSWAGEN POLO,5,E01021647,0,-1
2023461382211,2023,461382211,1,9,0,18,19,5,1,0,0,2,0,0,0,0,1,1,6,6,2,23,5,999,1,4,VOLKSWAGEN POLO,5,E01000337,0,-1
2023041307612,2023,041307612,1,9,0,9,9,3,7,0,0,2,0,0,0,0,1,1,6,6,1,19,4,1422,2,19,VOLKSWAGEN POLO,3,E01012697,0,-1
2023302301593,2023,302301593,1,9,0,5,5,3,7,0,0,4,0,0,0,0,4,1,6,6,1,55,8,1422,2,15,VOLKSWAGEN POLO,3,E01027152,0,-1
2023070271762,2023,070271762,3,9,0,4,4,5,1,0,0,0,0,0,0,0,2,1,6,6,1,26,6,1198,1,15,VOLKSWAGEN POLO,6,E01025495,0,-1
2023411387735,2023,411387735,1,9,0,5,5,7,5,0,0,6,0,0,3,10,1,1,5,6,1,24,5,1390,1,15,VOLKSWAGEN POLO,9,E01023896,0,-1
2023131352238,2023,131352238,1,9,0,18,19,7,3,0,0,1,0,0,0,0,1,1,5,6,2,76,11,1197,1,6,VOLKSWAGEN POLO,4,E01010763,0,-1
2023471370785,2023,471370785,1,9,0,18,19,3,7,0,0,0,0,0,0,0,4,1,5,6,1,18,4,1197,1,6,VOLKSWAGEN POLO,7,E01031488,0,-1
2023141311234,2023,141311234,4,9,0,18,19,1,5,0,0,0,0,0,0,0,1,1,5,6,1,77,11,999,1,2,VOLKSWAGEN POLO,3,E01009411,0,-1
2023201276888,2023,201276888,1,9,0,18,19,6,2,0,0,2,0,0,0,0,1,1,6,6,1,-1,-1,999,1,3,VOLKSWAGEN POLO,1,E01009382,0,-1
2023461285482,2023,461285482,1,9,0,7,7,3,6,0,0,3,0,0,0,0,4,1,6,6,1,37,7,999,1,7,VOLKSWAGEN POLO,7,E01024333,0,-1
2023440488567,2023,440488567,1,9,0,18,19,7,3,0,0,0,0,0,0,0,1,1,6,6,1,60,9,1197,1,9,VOLKSWAGEN POLO,-1,-1,0,-1
2023501342296,2023,501342296,2,9,0,3,3,7,3,0,0,1,0,0,0,0,2,1,6,6,2,24,5,1198,1,19,VOLKSWAGEN POLO,2,E01018836,0,-1
2023010437966,2023,010437966,1,9,9,99,99,9,9,99,99,0,9,99,9,99,9,9,6,6,2,56,9,1198,1,9,VOLKSWAGEN POLO,5,E01002619,0,-1
2023010454461,2023,010454461,1,9,0,9,9,1,6,0,0,1,0,0,0,0,3,1,6,6,1,30,6,1198,1,18,VOLKSWAGEN POLO,2,E01001791,0,-1
2023546100823,2023,546100823,1,9,0,11,11,7,3,0,0,0,5,0,1,0,2,1,6,6,1,29,6,1197,1,12,VOLKSWAGEN POLO,6,E01029161,0,-1
2023010419750,2023,010419750,1,9,0,1,1,5,1,9,9,6,0,0,0,0,2,1,6,6,2,76,11,1395,1,8,VOLKSWAGEN POLO,10,E01002388,0,-1
2023122300288,2023,122300288,2,9,0,16,19,1,5,0,0,0,0,0,0,0,1,1,6,6,2,28,6,1200,1,21,VOLKSWAGEN POLO,8,E01013409,0,-1
2023991390794,2023,991390794,2,9,0,18,19,6,2,0,0,0,0,0,0,0,1,1,5,6,1,57,9,1198,1,20,VOLKSWAGEN POLO,8,-1,0,-1
2023201456188,2023,201456188,1,9,0,5,5,8,4,0,0,8,0,0,0,0,1,1,6,6,2,28,6,999,1,0,VOLKSWAGEN POLO,1,E01008962,0,-1
2023041341314,2023,041341314,1,9,0,18,19,5,1,0,0,0,0,0,0,0,1,1,6,6,2,20,4,1198,1,10,VOLKSWAGEN POLO,3,E01012588,0,-1
2023010430580,2023,010430580,1,9,0,15,15,5,1,0,0,8,0,0,1,0,1,1,6,6,1,21,5,1198,1,13,VOLKSWAGEN POLO,-1,-1,0,-1
2023471325509,2023,471325509,2,9,0,18,19,4,1,0,0,0,0,0,7,0,4,1,6,6,1,59,9,1390,1,14,VOLKSWAGEN POLO,10,E01021067,0,-1
2023010431122,2023,010431122,2,9,0,18,19,3,7,0,0,4,0,0,0,0,1,1,6,6,1,27,6,1199,2,11,VOLKSWAGEN POLO,4,E01004150,0,-1
2023522300328,2023,522300328,2,9,0,18,19,5,1,0,0,1,0,0,0,0,1,1,6,6,1,19,4,1198,1,13,VOLKSWAGEN POLO,6,E01014780,0,-1
2023430132912,2023,430132912,1,9,0,3,3,2,6,0,0,0,0,0,0,0,2,1,6,6,2,22,5,1199,2,12,VOLKSWAGEN POLO,5,E01016461,0,-1
2023320294972,2023,320294972,1,9,0,18,19,5,1,0,0,0,0,0,0,0,1,1,2,2,1,28,6,1798,1,6,VOLKSWAGEN POLO,8,E01018099,0,-1
2023041374129,2023,041374129,1,9,0,18,19,1,5,0,0,4,0,0,0,0,1,1,5,6,1,20,4,999,1,1,VOLKSWAGEN POLO,3,E01025291,0,-1
2023052301291,2023,052301291,1,9,0,9,9,1,3,0,0,8,0,0,0,0,4,1,6,6,2,33,6,1390,1,15,VOLKSWAGEN POLO,6,E01023624,0,-1
2023141389819,2023,141389819,1,9,0,18,19,7,3,0,0,1,0,0,0,0,1,1,5,6,2,47,8,1390,1,12,VOLKSWAGEN POLO,10,E01008044,0,-1
202354B998723,2023,54B998723,1,9,0,18,19,8,4,0,0,1,0,0,1,11,3,1,6,6,1,71,10,1198,1,17,VOLKSWAGEN POLO,7,E01031848,0,-1
2023421378251,2023,421378251,1,9,0,5,5,5,6,0,0,1,0,0,0,0,0,1,6,6,3,20,4,1390,1,13,VOLKSWAGEN POLO,-1,-1,0,-1
2023461272659,2023,461272659,2,9,0,9,9,3,1,0,0,2,0,0,0,0,2,1,2,2,1,18,4,1198,1,11,VOLKSWAGEN POLO,6,E01024530,0,-1
2023440447866,2023,440447866,1,9,0,18,19,6,2,0,0,0,0,0,0,0,1,1,6,6,1,25,5,1198,1,15,VOLKSWAGEN POLO,10,E01022744,0,-1
2023430185331,2023,430185331,2,9,0,18,19,3,7,0,0,0,0,0,0,0,4,1,6,6,2,-1,-1,1199,2,11,VOLKSWAGEN POLO,-1,-1,0,-1
2023141360296,2023,141360296,1,9,0,18,19,7,3,0,0,1,2,11,0,0,1,1,5,6,2,24,5,999,1,4,VOLKSWAGEN POLO,10,E01007619,0,-1
2023010442687,2023,010442687,5,9,0,2,2,0,0,0,0,0,0,0,0,0,1,1,6,6,3,-1,-1,999,1,7,VOLKSWAGEN POLO,-1,-1,0,-1
2023430167531,2023,430167531,1,9,0,3,3,2,6,0,0,1,0,0,0,0,2,1,6,6,2,39,7,1197,1,7,VOLKSWAGEN POLO,9,E01017635,0,-1
2023451368085,2023,451368085,1,9,0,16,19,5,1,0,0,0,2,0,0,0,1,1,5,6,1,19,4,1198,1,16,VOLKSWAGEN POLO,4,E01002631,0,-1
2023461345438,2023,461345438,2,9,0,18,19,5,1,0,0,3,0,0,0,0,3,1,6,6,1,25,5,1197,1,8,VOLKSWAGEN POLO,5,E01032022,0,-1
2023211358210,2023,211358210,1,9,0,-1,-1,-1,-1,-1,-1,-1,-1,-1,-1,0,-1,1,6,6,1,27,6,1197,1,8,VOLKSWAGEN POLO,-1,-1,0,-1
2023161293909,2023,161293909,1,9,0,18,19,6,2,0,0,0,0,0,0,0,1,1,6,6,2,18,4,1198,1,19,VOLKSWAGEN POLO,3,E01013099,0,-1
2023461351193,2023,461351193,1,9,0,9,9,5,1,0,0,1,0,0,0,0,1,1,6,6,1,29,6,999,1,1,VOLKSWAGEN POLO,9,E01016103,0,-1
2023351328284,2023,351328284,2,9,0,4,4,-1,-1,0,0,0,0,0,0,0,2,1,2,2,2,20,4,999,1,3,VOLKSWAGEN POLO,2,E01018075,0,-1
2023201404993,2023,201404993,2,9,0,2,2,0,0,0,0,0,0,0,0,0,2,1,2,2,1,18,4,1197,1,9,VOLKSWAGEN POLO,9,E01010154,0,-1
2023010483621,2023,010483621,2,9,9,99,99,9,9,0,0,5,0,0,9,99,9,2,6,6,2,55,8,1197,1,8,VOLKSWAGEN POLO,6,E01003152,0,-1
2023010481010,2023,010481010,13,9,0,2,2,0,0,0,0,0,0,0,0,0,2,1,6,6,3,-1,-1,999,1,7,VOLKSWAGEN POLO,-1,-1,0,-1
2023320150832,2023,320150832,1,9,0,16,19,2,4,0,0,0,5,0,7,9,1,1,6,6,1,18,4,1390,1,14,VOLKSWAGEN POLO,10,E01013171,0,-1
2023461305607,2023,461305607,2,9,0,9,9,5,1,0,0,1,0,0,0,0,2,1,5,6,1,65,9,1198,1,9,VOLKSWAGEN POLO,4,E01024178,0,-1
2023041343671,2023,041343671,3,9,0,3,3,5,1,0,0,0,0,0,0,0,2,1,5,6,1,20,4,1390,1,10,VOLKSWAGEN POLO,7,W01000501,0,-1
2023041290659,2023,041290659,1,9,0,1,1,1,1,0,0,0,0,0,0,0,1,1,6,6,1,38,7,1390,1,9,VOLKSWAGEN POLO,6,E01025066,0,-1
2023401391319,2023,401391319,2,9,0,18,19,5,1,0,0,0,1,11,0,0,2,1,6,6,1,30,6,999,1,1,VOLKSWAGEN POLO,5,E01017390,0,-1
2023991392563,2023,991392563,2,9,0,18,19,8,4,0,0,1,0,0,1,4,1,1,5,6,1,20,4,999,1,8,VOLKSWAGEN POLO,6,-1,0,-1
2023010463104,2023,010463104,1,9,0,7,7,7,1,9,9,5,0,0,1,0,1,1,6,6,1,25,5,1198,1,15,VOLKSWAGEN POLO,3,E01002550,0,-1
202354B412423,2023,54B412423,2,9,0,4,4,8,4,0,0,0,0,0,0,0,2,1,6,6,1,32,6,1800,1,16,VOLKSWAGEN POLO,2,E01029109,0,-1
2023544921823,2023,544921823,3,9,0,4,4,1,5,0,0,0,0,0,0,0,2,1,6,6,1,84,11,1422,2,15,VOLKSWAGEN POLO,7,E01032000,0,-1
2023531282855,2023,531282855,2,9,0,18,19,3,7,0,0,8,0,0,0,0,1,1,5,6,1,18,4,999,1,9,VOLKSWAGEN POLO,10,E01022167,0,-1
2023440280575,2023,440280575,1,9,0,17,19,8,5,0,0,0,1,0,1,4,4,1,1,1,1,20,4,1390,1,16,VOLKSWAGEN POLO,6,E01003437,0,-1
2023461357302,2023,461357302,1,9,0,18,19,7,3,0,0,0,0,0,0,0,1,1,6,6,1,50,8,1198,1,16,VOLKSWAGEN POLO,7,E01024361,0,-1
2023302301144,2023,302301144,1,9,0,18,19,6,2,0,0,1,0,0,0,0,1,1,6,6,1,21,5,1198,1,12,VOLKSWAGEN POLO,10,E01013467,0,-1
2023451381495,2023,451381495,3,9,0,2,2,0,0,0,0,0,0,0,0,0,1,1,6,6,3,30,6,999,1,3,VOLKSWAGEN POLO,-1,-1,0,-1
2023552301194,2023,552301194,1,9,0,18,19,6,2,9,9,6,0,0,0,0,3,1,1,1,1,18,4,1198,1,16,VOLKSWAGEN POLO,3,E01015381,0,-1
2023041332579,2023,041332579,2,9,0,18,19,5,1,0,0,0,0,0,7,0,1,1,2,2,1,24,5,1197,1,9,VOLKSWAGEN POLO,-1,-1,0,-1
2023471360626,2023,471360626,2,9,0,18,19,8,5,0,0,1,0,0,0,0,1,1,5,6,2,49,8,1197,1,8,VOLKSWAGEN POLO,9,E01004607,0,-1
2023461344765,2023,461344765,3,9,0,3,3,5,1,0,0,0,0,0,0,0,1,1,5,6,2,60,9,1197,1,8,VOLKSWAGEN POLO,6,E01024230,0,-1
2023340NN3082,2023,340NN3082,2,9,0,18,19,2,6,0,0,0,0,0,0,0,1,1,6,6,2,22,5,999,1,1,VOLKSWAGEN POLO,2,E01027330,0,-1
2023201409548,2023,201409548,1,9,0,10,10,3,1,0,0,8,0,0,0,0,1,1,6,6,2,18,4,1198,1,9,VOLKSWAGEN POLO,2,E01009028,0,-1
2023430401821,2023,430401821,1,9,0,7,7,7,1,0,0,5,0,0,0,0,4,1,6,6,1,20,4,999,1,4,VOLKSWAGEN POLO,5,E01016519,0,-1
2023010426120,2023,010426120,1,9,0,9,9,1,6,3,2,2,0,0,0,0,1,1,6,6,1,87,11,1197,1,9,VOLKSWAGEN POLO,10,E01003671,0,-1
2023010429096,2023,010429096,3,9,0,99,99,9,9,99,99,9,9,99,9,99,2,9,6,6,2,35,6,1390,1,10,VOLKSWAGEN POLO,10,E01017794,0,-1
2023010447530,2023,010447530,2,9,0,99,99,9,9,99,99,9,9,99,9,99,1,9,6,6,3,-1,-1,999,1,2,VOLKSWAGEN POLO,-1,-1,0,-1
2023041370756,2023,041370756,1,9,0,18,19,3,7,0,0,0,0,0,0,0,1,1,5,6,1,19,4,1197,1,8,VOLKSWAGEN POLO,3,E01012676,0,-1
2023122301447,2023,122301447,1,9,0,18,19,3,7,0,0,1,0,0,2,1,1,1,6,6,2,88,11,1390,1,10,VOLKSWAGEN POLO,10,E01027574,0,-1
2023041322367,2023,041322367,1,9,0,18,19,3,7,0,0,4,0,0,1,0,3,1,5,6,1,18,4,1198,1,13,VOLKSWAGEN POLO,4,E01012604,0,-1
2023010435929,2023,010435929,2,9,0,99,99,9,9,99,99,0,9,99,9,99,1,9,6,6,1,27,6,1198,1,17,VOLKSWAGEN POLO,6,E01003100,0,-1
2023010452138,2023,010452138,1,9,9,99,99,9,9,99,99,9,9,99,9,99,9,9,6,6,1,39,7,999,1,6,VOLKSWAGEN POLO,5,E01004052,0,-1
2023451366554,2023,451366554,2,9,0,7,7,1,5,0,0,3,0,0,0,0,1,1,6,6,3,38,7,999,1,7,VOLKSWAGEN POLO,-1,-1,0,-1
2023141391741,2023,141391741,1,9,0,1,1,3,7,0,0,2,0,0,0,0,2,1,6,6,3,-1,-1,1197,1,7,VOLKSWAGEN POLO,-1,-1,0,-1
2023332300005,2023,332300005,1,9,0,18,19,5,1,0,0,0,0,0,0,0,1,1,6,6,1,22,5,1198,1,13,VOLKSWAGEN POLO,10,E01025906,0,-1
2023451358049,2023,451358049,2,9,0,18,19,3,7,0,0,1,0,0,0,0,1,1,5,6,2,24,5,999,1,7,VOLKSWAGEN POLO,6,E01031637,0,-1
2023010441722,2023,010441722,2,9,0,9,9,3,1,99,99,9,0,0,0,0,9,1,6,6,2,19,4,1390,1,13,VOLKSWAGEN POLO,10,E01021244,0,-1
2023451327142,2023,451327142,2,9,0,18,19,2,6,0,0,0,0,0,1,0,3,1,5,6,2,17,4,1198,1,19,VOLKSWAGEN POLO,8,E01030879,0,-1
2023451362937,2023,451362937,1,9,0,6,6,6,2,0,0,0,0,0,1,0,3,1,5,6,2,17,4,1198,1,12,VOLKSWAGEN POLO,5,E01030814,0,-1
2023401308289,2023,401308289,1,9,0,13,13,1,5,0,0,1,0,9,3,0,1,1,6,6,1,19,4,1198,1,18,VOLKSWAGEN POLO,-1,-1,0,-1
2023131347739,2023,131347739,2,9,0,9,9,7,3,0,0,8,0,0,0,0,1,1,5,6,2,44,7,1198,1,12,VOLKSWAGEN POLO,4,E01011634,0,-1
2023010444679,2023,010444679,1,9,0,18,19,5,1,0,0,8,1,10,7,11,4,1,6,6,1,84,11,1390,1,21,VOLKSWAGEN POLO,3,E01001467,0,-1
2023451339628,2023,451339628,3,9,0,17,19,2,6,0,0,0,0,0,0,0,4,1,5,6,1,21,5,999,1,5,VOLKSWAGEN POLO,6,E01030995,0,-1
2023311329553,2023,311329553,2,9,0,5,5,3,5,1,1,2,0,0,0,0,1,1,2,2,1,34,6,1198,1,12,VOLKSWAGEN POLO,1,E01013958,0,-1
2023991278436,2023,991278436,1,9,0,4,4,4,7,0,0,1,0,0,0,0,1,1,6,6,2,19,4,1197,1,8,VOLKSWAGEN POLO,8,-1,0,-1
2023052300458,2023,052300458,2,9,0,18,19,5,1,0,0,1,0,0,0,0,3,1,6,6,2,36,7,999,1,6,VOLKSWAGEN POLO,2,E01006745,0,-1
2023401289527,2023,401289527,1,9,0,18,19,5,1,0,0,0,0,0,0,0,1,1,5,6,2,19,4,1198,1,13,VOLKSWAGEN POLO,3,E01015785,0,-1
2023061280926,2023,061280926,2,9,0,18,19,6,2,0,0,0,0,0,0,0,1,1,2,2,1,50,8,1198,1,17,VOLKSWAGEN POLO,8,E01018609,0,-1
2023141295019,2023,141295019,2,9,0,16,19,6,2,0,0,0,0,0,0,0,1,1,5,6,1,19,4,999,1,5,VOLKSWAGEN POLO,5,E01007828,0,-1
2023440053951,2023,440053951,1,9,0,4,4,5,1,0,0,0,0,0,0,0,1,1,2,2,1,28,6,1198,1,18,VOLKSWAGEN POLO,-1,-1,0,-1
2023070228195,2023,070228195,1,9,0,18,19,7,3,0,0,0,0,0,1,2,1,1,6,6,1,17,4,1198,1,15,VOLKSWAGEN POLO,8,E01012415,0,-1
2023501318419,2023,501318419,1,9,0,18,19,2,6,0,0,1,0,0,0,0,1,1,6,6,2,35,6,999,1,4,VOLKSWAGEN POLO,3,E01020285,0,-1
2023010448328,2023,010448328,2,9,0,99,99,9,9,99,99,0,9,99,9,99,9,9,6,6,3,-1,-1,1197,1,7,VOLKSWAGEN POLO,-1,-1,0,-1
2023201381452,2023,201381452,2,9,0,3,3,1,5,0,0,1,0,0,0,0,1,1,1,1,2,-1,-1,1197,1,8,VOLKSWAGEN POLO,-1,-1,0,-1
2023991338484,2023,991338484,2,9,0,18,19,2,7,0,0,0,0,0,0,0,1,1,6,6,1,54,8,999,1,2,VOLKSWAGEN POLO,1,E01024295,0,-1
2023520001429,2023,520001429,2,9,0,18,19,1,5,0,0,8,0,0,0,0,1,1,6,6,1,23,5,1395,1,8,VOLKSWAGEN POLO,7,E01029069,0,-1
2023010446993,2023,010446993,1,9,0,18,19,7,3,0,0,1,0,0,0,0,1,1,6,6,2,21,5,1390,1,14,VOLKSWAGEN POLO,2,E01001172,0,-1
2023531370498,2023,531370498,1,9,0,18,19,4,8,0,0,0,0,0,0,0,1,1,5,6,2,21,5,1390,1,9,VOLKSWAGEN POLO,10,E01022111,0,-1
2023332300330,2023,332300330,2,9,0,18,19,6,2,0,0,0,5,0,1,0,1,1,6,6,1,17,4,1197,1,6,VOLKSWAGEN POLO,7,E01028411,0,-1
2023440227355,2023,440227355,1,9,0,9,9,5,3,0,0,8,0,0,0,0,4,1,2,2,1,18,4,1198,1,13,VOLKSWAGEN POLO,7,E01017094,0,-1
2023461279464,2023,461279464,1,9,0,9,9,1,3,0,0,1,0,0,0,0,1,1,6,6,1,17,4,1198,1,15,VOLKSWAGEN POLO,9,E01016086,0,-1
2023010467694,2023,010467694,2,9,0,4,4,1,5,0,0,1,0,4,0,0,1,1,6,6,2,58,9,1198,1,15,VOLKSWAGEN POLO,5,E01001632,0,-1
2023361363620,2023,361363620,2,9,0,3,3,1,5,0,0,4,0,0,0,0,2,1,5,6,1,19,4,1197,1,7,VOLKSWAGEN POLO,7,E01026627,0,-1
2023131299610,2023,131299610,3,9,0,18,19,3,7,0,0,0,0,0,0,0,4,1,2,2,2,25,5,1197,1,6,VOLKSWAGEN POLO,5,E01011831,0,-1
2023101291444,2023,101291444,1,9,-1,18,19,4,1,0,0,0,0,0,0,0,1,1,6,6,2,30,6,999,1,3,VOLKSWAGEN POLO,4,E01027524,0,-1
2023201370598,2023,201370598,1,9,0,18,19,7,3,0,0,0,0,0,0,0,1,1,2,2,1,18,4,999,1,7,VOLKSWAGEN POLO,3,E01009184,0,-1
2023201393568,2023,201393568,2,9,0,18,19,3,7,0,0,0,1,7,5,0,2,1,6,6,1,20,4,1198,1,13,VOLKSWAGEN POLO,1,E01010052,0,-1
2023471263527,2023,471263527,2,9,0,4,4,4,8,0,0,1,0,0,0,0,2,1,6,6,1,24,5,1390,1,15,VOLKSWAGEN POLO,5,E01031431,0,-1
2023010461338,2023,010461338,2,9,9,99,99,9,9,99,99,9,9,99,9,99,9,9,6,6,3,-1,-1,1197,1,7,VOLKSWAGEN POLO,-1,-1,0,-1
2023471293375,2023,471293375,2,9,0,2,2,0,0,0,0,2,0,0,0,0,4,1,6,6,3,-1,-1,1198,1,17,VOLKSWAGEN POLO,-1,-1,0,-1
2023010457928,2023,010457928,1,9,0,99,99,9,9,99,99,9,9,99,9,99,2,9,6,6,1,23,5,1198,1,13,VOLKSWAGEN POLO,3,E01000499,0,-1
2023061358891,2023,061358891,4,9,0,2,2,0,0,0,0,0,0,0,0,0,2,1,6,6,3,-1,-1,999,1,7,VOLKSWAGEN POLO,-1,-1,0,-1
2023211309041,2023,211309041,1,9,0,18,19,6,3,0,0,0,0,0,0,0,3,1,5,6,1,79,11,999,1,9,VOLKSWAGEN POLO,8,E01014272,0,-1
2023340WN1722,2023,340WN1722,2,9,0,18,19,5,1,0,0,0,0,0,0,0,1,1,6,6,2,17,4,1390,1,12,VOLKSWAGEN POLO,10,E01027205,0,-1
2023440516359,2023,440516359,1,9,0,9,9,2,8,0,0,6,0,0,0,0,3,1,6,6,1,86,11,999,1,3,VOLKSWAGEN POLO,-1,-1,0,-1
2023501305029,2023,501305029,1,9,0,4,4,6,2,0,0,7,0,7,1,1,1,1,5,6,1,19,4,1198,1,18,VOLKSWAGEN POLO,8,E01029019,0,-1
2023010476429,2023,010476429,1,9,0,18,19,8,4,0,0,3,0,0,0,0,1,1,3,7,2,34,6,1198,1,18,VOLKSWAGEN POLO,2,E01002969,0,-1
2023131311340,2023,131311340,1,9,0,-1,-1,-1,-1,-1,-1,0,-1,-1,-1,-1,-1,1,6,6,3,-1,-1,1199,2,10,VOLKSWAGEN POLO,-1,-1,0,-1
2023052301928,2023,052301928,2,9,0,4,4,1,5,0,0,1,0,0,0,0,4,1,6,6,1,22,5,1390,1,16,VOLKSWAGEN POLO,9,E01007195,0,-1
2023440286687,2023,440286687,3,9,0,11,11,3,7,0,0,0,0,0,0,0,1,1,6,6,1,27,6,999,1,5,VOLKSWAGEN POLO,7,E01023271,0,-1
2023451312473,2023,451312473,2,9,0,18,19,3,7,0,0,1,0,0,0,0,3,1,6,6,1,20,4,1896,2,18,VOLKSWAGEN POLO,9,E01030425,0,-1
2023991376174,2023,991376174,2,9,0,2,2,0,0,0,0,0,0,0,0,0,1,1,6,6,3,-1,-1,1984,1,3,VOLKSWAGEN POLO,-1,-1,0,-1
2023332300841,2023,332300841,1,9,0,16,19,6,1,0,0,0,0,0,1,9,1,1,6,6,2,20,4,1197,1,8,VOLKSWAGEN POLO,7,E01025909,0,-1
2023320224391,2023,320224391,1,9,0,18,19,4,8,0,0,0,0,0,0,0,3,1,6,6,2,72,10,999,1,4,VOLKSWAGEN POLO,6,E01026047,0,-1
2023501367674,2023,501367674,2,9,0,14,14,4,8,0,0,0,0,0,0,0,4,1,2,2,2,48,8,1198,1,19,VOLKSWAGEN POLO,6,E01019917,0,-1