collision_index,collision_year,collision_ref_no,vehicle_reference,vehicle_type,towing_and_articulation,vehicle_manoeuvre_historic,vehicle_manoeuvre,vehicle_direction_from,vehicle_direction_to,vehicle_location_restricted_lane_historic,vehicle_location_restricted_lane,junction_location,skidding_and_overturning,hit_object_in_carriageway,vehicle_leaving_carriageway,hit_object_off_carriageway,first_point_of_impact,vehicle_left_hand_drive,journey_purpose_of_driver_historic,journey_purpose_of_driver,sex_of_driver,age_of_driver,age_band_of_driver,engine_capacity_cc,propulsion_code,age_of_vehicle,generic_make_model,driver_imd_decile,lsoa_of_driver,escooter_flag,driver_distance_banding
2023041329772,2023,041329772,1,9,0,17,19,1,5,0,0,0,0,0,2,4,1,1,6,6,1,17,4,1000,1,23,VOLKSWAGEN POLO,9,E01025534,0,-1
2023010457868,2023,010457868,1,9,0,4,4,4,8,9,9,1,0,0,0,0,1,1,2,2,2,43,7,1198,1,10,VOLKSWAGEN POLO,4,E01002876,0,-1
2023010439090,2023,010439090,1,9,0,18,19,5,1,0,0,1,0,0,0,0,1,1,2,2,2,35,6,999,1,7,VOLKSWAGEN POLO,5,E01001164,0,-1
2023010457904,2023,010457904,1,9,0,18,19,2,6,0,0,1,0,0,0,0,1,1,6,6,1,24,5,1198,1,9,VOLKSWAGEN POLO,1,E01003047,0,-1
2023451392877,2023,451392877,3,9,0,18,19,2,6,0,0,0,0,0,0,0,1,1,5,6,2,20,4,1400,2,16,VOLKSWAGEN POLO,5,E01022603,0,-1
2023451350876,2023,451350876,1,9,0,18,19,1,5,0,0,1,0,0,1,0,1,1,2,2,1,29,6,1390,1,13,VOLKSWAGEN POLO,2,E01003239,0,-1
2023010458109,2023,010458109,1,9,0,7,7,3,5,0,0,4,0,0,0,0,1,1,2,2,2,45,7,1197,1,8,VOLKSWAGEN POLO,3,E01002504,0,-1
2023122300413,2023,122300413,1,9,0,18,19,3,7,0,0,0,2,0,7,11,1,1,2,2,2,21,5,999,1,4,VOLKSWAGEN POLO,10,E01010696,0,-1
2023010456992,2023,010456992,2,9,0,18,19,1,5,0,0,0,0,0,0,0,0,1,6,6,1,17,4,1197,1,6,VOLKSWAGEN POLO,8,E01000216,0,-1
2023471330276,2023,471330276,1,9,0,1,1,5,1,0,0,0,0,0,0,0,0,1,2,2,1,41,7,1390,1,21,VOLKSWAGEN POLO,2,E01016955,0,-1
2023201403645,2023,201403645,2,9,0,8,8,4,6,0,0,1,0,0,0,0,2,1,2,2,2,20,4,1197,1,8,VOLKSWAGEN POLO,5,E01008888,0,-1
2023131279627,2023,131279627,1,9,0,18,19,6,2,0,0,8,0,0,0,0,3,1,6,6,3,-1,-1,1395,1,8,VOLKSWAGEN POLO,-1,-1,0,-1
2023010456161,2023,010456161,1,9,0,5,5,1,5,0,0,6,0,0,0,0,1,1,6,6,1,53,8,1390,1,22,VOLKSWAGEN POLO,6,E01003033,0,-1
2023451265696,2023,451265696,1,9,0,1,1,8,4,9,9,8,0,0,0,0,0,1,5,6,2,20,4,1198,1,9,VOLKSWAGEN POLO,7,E01030859,0,-1
2023361384137,2023,361384137,2,9,0,18,19,4,8,0,0,1,0,0,0,0,1,1,5,6,1,76,11,1197,1,6,VOLKSWAGEN POLO,3,E01026782,0,-1
2023991382322,2023,991382322,1,9,0,18,19,7,3,0,0,0,2,0,7,0,1,1,5,6,2,51,8,1422,2,14,VOLKSWAGEN POLO,7,-1,0,-1
2023010465898,2023,010465898,2,9,0,99,99,9,9,99,99,9,9,99,9,99,1,9,6,6,2,78,11,1197,1,6,VOLKSWAGEN POLO,9,E01004640,0,-1
2023111382918,2023,111382918,1,9,0,18,19,8,4,0,0,0,0,0,0,0,1,1,6,6,1,17,4,999,1,2,VOLKSWAGEN POLO,6,E01020665,0,-1
2023421331188,2023,421331188,3,9,0,18,19,2,6,0,0,0,0,0,0,0,1,1,6,6,2,69,10,1400,2,17,VOLKSWAGEN POLO,10,E01021242,0,-1
2023522400654,2023,522400654,2,9,0,2,2,0,0,0,0,0,0,0,0,0,1,1,6,6,3,-1,-1,1198,1,18,VOLKSWAGEN POLO,-1,-1,0,-1
2023041263003,2023,041263003,1,9,0,18,19,3,7,0,0,0,0,0,0,0,1,1,5,6,1,27,6,1984,1,1,VOLKSWAGEN POLO,3,E01024911,0,-1
2023991303798,2023,991303798,1,9,0,5,5,3,7,0,0,0,0,0,0,0,1,2,2,2,2,26,6,999,1,7,VOLKSWAGEN POLO,7,-1,0,-1
2023622301026,2023,622301026,2,9,0,9,9,2,8,0,0,1,0,0,0,0,1,1,6,6,1,73,10,1198,1,16,VOLKSWAGEN POLO,1,W01001740,0,-1
2023201398923,2023,201398923,1,9,0,18,19,7,3,0,0,0,1,10,1,11,2,1,6,6,1,17,4,1422,2,22,VOLKSWAGEN POLO,4,E01010377,0,-1
2023041316519,2023,041316519,2,9,0,9,9,5,3,0,0,8,0,0,0,0,1,1,1,1,1,32,6,1198,1,16,VOLKSWAGEN POLO,1,E01025084,0,-1
2023471356251,2023,471356251,1,9,0,18,19,1,5,0,0,0,0,0,7,11,1,1,6,6,1,26,6,1433,2,20,VOLKSWAGEN POLO,7,E01021212,0,-1
2023010455532,2023,010455532,1,9,0,9,9,3,1,0,0,8,0,0,0,0,1,1,6,6,2,19,4,999,1,7,VOLKSWAGEN POLO,7,E01023776,0,-1
2023101353337,2023,101353337,2,9,0,4,4,3,6,0,0,1,0,0,0,0,2,1,5,6,1,17,4,999,1,6,VOLKSWAGEN POLO,1,E01008400,0,-1
2023451298672,2023,451298672,5,9,0,18,19,1,5,0,0,1,0,0,0,0,1,1,2,2,1,28,6,1198,1,9,VOLKSWAGEN POLO,10,E01030357,0,-1
2023010445545,2023,010445545,2,9,0,18,19,8,4,0,0,1,1,0,2,11,1,1,6,6,1,21,5,1197,1,6,VOLKSWAGEN POLO,5,E01001354,0,-1
2023061382769,2023,061382769,1,9,0,18,19,5,1,0,0,1,0,0,0,0,1,1,6,6,1,22,5,1198,1,11,VOLKSWAGEN POLO,6,E01005985,0,-1
2023010452259,2023,010452259,1,9,0,3,3,7,3,0,0,1,0,0,0,0,2,1,6,6,2,38,7,999,1,1,VOLKSWAGEN POLO,9,E01000840,0,-1
2023552300208,2023,552300208,1,9,0,18,19,4,8,0,0,0,5,0,0,0,1,1,6,6,2,18,4,1198,1,11,VOLKSWAGEN POLO,6,E01020445,0,-1
2023010449677,2023,010449677,2,9,0,9,9,1,6,0,0,0,0,0,0,0,3,1,2,2,2,30,6,999,1,3,VOLKSWAGEN POLO,10,E01023566,0,-1
2023201277182,2023,201277182,2,9,0,18,19,3,7,0,0,4,0,0,0,0,1,1,6,6,2,22,5,1380,1,13,VOLKSWAGEN POLO,1,E01009406,0,-1
2023031314310,2023,031314310,1,9,0,8,8,5,8,0,0,0,0,0,0,0,1,1,6,6,2,22,5,1395,1,7,VOLKSWAGEN POLO,5,E01019386,0,-1
2023421354345,2023,421354345,1,9,0,18,19,8,4,0,0,1,0,0,0,0,1,1,6,6,1,19,4,999,1,7,VOLKSWAGEN POLO,9,E01021940,0,-1
2023041315696,2023,041315696,1,9,0,16,19,5,1,0,0,0,5,11,0,0,4,1,5,6,2,17,4,999,1,6,VOLKSWAGEN POLO,9,E01006362,0,-1
2023461383410,2023,461383410,1,9,0,5,5,2,5,0,0,1,0,0,0,0,1,1,6,6,1,18,4,1197,1,6,VOLKSWAGEN POLO,5,E01024494,0,-1
2023041339362,2023,041339362,2,9,0,18,19,2,6,0,0,2,0,0,0,0,4,1,5,6,2,20,4,999,1,0,VOLKSWAGEN POLO,10,E01025336,0,-1
2023010441569,2023,010441569,1,9,0,7,7,7,1,0,0,2,1,4,0,0,4,1,6,6,1,51,8,1422,2,8,VOLKSWAGEN POLO,-1,-1,0,-1
2023010446961,2023,010446961,1,9,0,18,19,1,5,9,9,2,1,0,7,11,1,1,6,6,2,76,11,999,1,4,VOLKSWAGEN POLO,5,E01003195,0,-1
2023101280147,2023,101280147,2,9,0,18,19,1,5,0,0,0,0,0,0,0,3,1,6,6,2,23,5,1198,1,16,VOLKSWAGEN POLO,9,E01008498,0,-1
2023122300751,2023,122300751,1,9,0,18,19,7,3,0,0,0,0,0,0,0,1,1,6,6,2,65,9,999,1,1,VOLKSWAGEN POLO,8,E01027859,0,-1
2023010465540,2023,010465540,2,9,0,99,99,9,9,99,99,9,9,99,9,99,1,9,6,6,3,-1,-1,1400,1,16,VOLKSWAGEN POLO,-1,-1,0,-1
2023010463339,2023,010463339,2,9,0,99,99,9,9,99,99,9,9,99,9,99,9,9,6,6,3,-1,-1,999,1,4,VOLKSWAGEN POLO,-1,-1,0,-1
2023010420477,2023,010420477,2,9,0,2,2,0,0,0,0,1,0,0,0,0,2,1,6,6,3,-1,-1,999,1,4,VOLKSWAGEN POLO,-1,-1,0,-1
2023430555779,2023,430555779,1,9,0,18,19,4,8,0,0,0,0,0,0,0,1,1,6,6,1,30,6,999,1,2,VOLKSWAGEN POLO,-1,-1,0,-1
2023221337826,2023,221337826,1,9,0,18,19,4,8,0,0,8,0,0,0,0,1,1,6,6,2,18,4,1198,1,16,VOLKSWAGEN POLO,6,E01018355,0,-1
2023461300466,2023,461300466,2,9,0,18,19,5,1,0,0,0,0,0,0,0,3,1,6,6,2,22,5,999,1,1,VOLKSWAGEN POLO,10,E01032826,0,-1
2023411289434,2023,411289434,1,9,0,3,3,7,3,0,0,0,0,0,0,0,2,1,6,6,2,32,6,1198,1,11,VOLKSWAGEN POLO,7,E01023344,0,-1
2023221324085,2023,221324085,1,9,0,18,19,8,4,0,0,0,0,0,0,0,1,1,5,6,1,19,4,1198,1,10,VOLKSWAGEN POLO,5,E01014096,0,-1
2023101379675,2023,101379675,1,9,0,18,19,7,3,0,0,2,0,0,0,0,1,1,6,6,1,36,7,999,1,2,VOLKSWAGEN POLO,1,E01033075,0,-1
2023471376341,2023,471376341,1,9,0,10,10,7,3,0,0,5,0,0,0,0,3,1,5,6,2,18,4,1198,1,13,VOLKSWAGEN POLO,10,E01031641,0,-1
2023311287276,2023,311287276,1,9,0,18,19,1,5,0,0,0,0,0,0,0,1,1,5,6,1,67,10,1198,1,16,VOLKSWAGEN POLO,-1,-1,0,-1
2023622300721,2023,622300721,1,9,0,5,5,6,2,0,0,0,0,0,0,0,1,1,6,6,1,23,5,999,1,6,VOLKSWAGEN POLO,1,W01001708,0,-1
2023411330622,2023,411330622,1,9,0,16,19,5,1,0,0,0,0,0,0,0,3,1,3,7,2,74,10,1198,1,10,VOLKSWAGEN POLO,8,E01017766,0,-1
2023430331326,2023,430331326,1,9,0,9,9,7,4,0,0,8,0,0,0,0,3,1,6,6,1,21,5,1199,2,11,VOLKSWAGEN POLO,7,E01017730,0,-1
2023461396041,2023,461396041,1,9,0,18,19,5,1,0,0,0,0,4,7,11,1,1,6,6,2,24,5,1198,1,13,VOLKSWAGEN POLO,4,E01016164,0,-1
2023440288215,2023,440288215,1,9,0,18,19,3,7,0,0,0,0,0,0,0,1,1,6,6,1,17,4,1390,1,21,VOLKSWAGEN POLO,4,E01022527,0,-1
2023010473508,2023,010473508,1,9,0,99,99,9,9,99,99,9,9,99,9,99,2,9,2,2,1,46,8,999,1,4,VOLKSWAGEN POLO,9,E01003749,0,-1
2023131304817,2023,131304817,2,9,0,4,4,1,1,0,0,8,0,0,0,0,4,1,5,6,2,27,6,1198,1,14,VOLKSWAGEN POLO,1,E01011038,0,-1
2023031326407,2023,031326407,1,9,0,18,19,7,3,0,0,2,0,10,0,0,4,1,5,6,1,23,5,1199,2,12,VOLKSWAGEN POLO,5,E01019388,0,-1
2023010457572,2023,010457572,3,9,0,18,19,1,5,0,0,0,0,0,0,0,2,1,6,6,2,39,7,999,1,8,VOLKSWAGEN POLO,3,E01001688,0,-1
2023552300705,2023,552300705,1,9,0,18,19,7,3,0,0,0,0,0,0,0,1,1,6,6,2,82,11,1390,1,13,VOLKSWAGEN POLO,8,E01015370,0,-1
2023010434115,2023,010434115,1,9,0,99,99,9,9,99,99,9,9,99,9,99,2,9,6,6,2,20,4,999,1,3,VOLKSWAGEN POLO,2,E01000781,0,-1
2023131368111,2023,131368111,1,9,0,18,19,7,3,0,0,2,0,0,0,0,1,1,6,6,3,-1,-1,999,1,8,VOLKSWAGEN POLO,-1,-1,0,-1
2023401391319,2023,401391319,4,9,0,18,19,5,1,0,0,0,1,11,0,0,2,1,6,6,2,45,7,999,1,5,VOLKSWAGEN POLO,9,E01017381,0,-1
2023461384361,2023,461384361,7,9,0,4,4,5,1,0,0,0,1,0,0,0,1,1,6,6,2,28,6,999,1,2,VOLKSWAGEN POLO,8,E01024652,0,-1
2023471332529,2023,471332529,2,9,0,9,9,1,5,0,0,5,0,0,0,0,3,1,1,1,2,44,7,999,1,2,VOLKSWAGEN POLO,5,E01030834,0,-1
2023531340659,2023,531340659,2,9,0,4,4,1,5,0,0,0,1,0,4,0,3,1,5,6,2,18,4,1197,1,7,VOLKSWAGEN POLO,5,E01014014,0,-1
2023141292771,2023,141292771,1,9,0,5,5,5,7,0,0,0,0,0,0,0,1,1,6,6,2,22,5,999,1,3,VOLKSWAGEN POLO,1,E01007970,0,-1
2023520301472,2023,520301472,1,9,0,3,3,3,7,0,0,1,0,0,0,0,2,1,6,6,1,19,4,1400,2,16,VOLKSWAGEN POLO,4,E01029241,0,-1
2023440042407,2023,440042407,1,9,0,2,2,0,0,9,9,0,0,0,0,0,1,1,6,6,2,18,4,1422,2,8,VOLKSWAGEN POLO,6,E01023118,0,-1
2023070250979,2023,070250979,1,9,0,13,13,2,6,0,0,0,1,0,7,4,1,1,6,6,1,20,4,1780,1,14,VOLKSWAGEN POLO,8,E01019722,0,-1
2023101388926,2023,101388926,1,9,0,18,19,5,1,0,0,1,0,0,0,0,1,1,5,6,2,35,6,999,1,4,VOLKSWAGEN POLO,8,E01033717,0,-1
2023061271496,2023,061271496,2,9,0,17,19,5,1,0,0,0,0,0,1,0,4,1,6,6,1,20,4,1422,2,16,VOLKSWAGEN POLO,5,E01006181,0,-1
2023340WN5652,2023,340WN5652,2,9,0,18,19,4,8,0,0,1,0,0,0,0,1,1,6,6,2,52,8,1198,1,21,VOLKSWAGEN POLO,8,E01027285,0,-1
2023461268159,2023,461268159,1,9,0,18,19,7,3,0,0,1,0,0,0,0,1,1,6,6,1,20,4,999,1,5,VOLKSWAGEN POLO,9,E01024450,0,-1
2023201343753,2023,201343753,1,9,0,18,19,2,6,0,0,0,0,0,0,0,1,1,6,6,1,40,7,1896,2,18,VOLKSWAGEN POLO,7,E01009810,0,-1
2023351382414,2023,351382414,1,9,-1,-1,-1,-1,-1,-1,-1,1,-1,-1,-1,0,-1,1,6,6,1,28,6,1198,1,14,VOLKSWAGEN POLO,6,E01033120,0,-1
2023010481012,2023,010481012,2,9,0,2,2,0,0,0,0,1,0,0,0,0,2,1,6,6,3,-1,-1,1198,1,10,VOLKSWAGEN POLO,-1,-1,0,-1
2023010440557,2023,010440557,3,9,9,2,2,0,0,99,99,0,9,99,9,99,9,9,6,6,3,-1,-1,1390,1,11,VOLKSWAGEN POLO,-1,-1,0,-1
2023231320336,2023,231320336,1,9,0,14,14,8,4,0,0,0,0,0,0,0,3,1,5,6,1,18,4,999,1,4,VOLKSWAGEN POLO,8,E01031162,0,-1
2023991392411,2023,991392411,1,9,0,5,5,5,1,0,0,2,0,0,0,0,3,1,2,2,1,34,6,1395,1,7,VOLKSWAGEN POLO,10,-1,0,-1
2023430388864,2023,430388864,2,9,0,18,19,6,2,0,0,0,0,0,0,0,3,1,6,6,2,32,6,1197,1,7,VOLKSWAGEN POLO,9,E01022536,0,-1
2023010449419,2023,010449419,1,9,0,1,1,7,3,0,0,6,0,0,0,0,2,1,6,6,2,86,11,1390,1,16,VOLKSWAGEN POLO,5,E01003790,0,-1
2023010446706,2023,010446706,1,9,0,9,9,6,4,0,0,1,0,0,0,0,3,1,6,6,1,25,5,1390,1,16,VOLKSWAGEN POLO,5,E01002651,0,-1
2023461367550,2023,461367550,1,9,0,18,19,1,5,0,0,1,0,0,0,0,1,1,6,6,1,19,4,1395,1,6,VOLKSWAGEN POLO,5,E01000803,0,-1
2023440418542,2023,440418542,1,9,0,7,7,4,6,0,0,1,0,7,0,0,1,1,2,2,2,19,4,1198,1,13,VOLKSWAGEN POLO,10,E01022854,0,-1
2023131286568,2023,131286568,1,9,0,-1,-1,-1,-1,-1,-1,8,-1,-1,-1,0,-1,1,6,6,3,-1,-1,999,1,9,VOLKSWAGEN POLO,-1,-1,0,-1
2023440469463,2023,440469463,1,9,0,17,19,3,8,0,0,0,2,10,1,0,4,1,2,2,1,25,5,1198,1,19,VOLKSWAGEN POLO,7,E01023185,0,-1
2023440451291,2023,440451291,2,9,0,5,5,0,5,0,0,0,0,0,0,0,1,1,3,7,1,19,4,1190,1,12,VOLKSWAGEN POLO,10,E01023114,0,-1
2023010430447,2023,010430447,2,9,0,99,99,9,9,99,99,9,9,99,9,99,9,9,6,6,2,18,4,999,1,5,VOLKSWAGEN POLO,2,E01004384,0,-1
2023531391892,2023,531391892,1,9,0,18,19,5,1,0,0,0,0,4,0,0,1,1,6,6,2,33,6,999,1,0,VOLKSWAGEN POLO,6,E01022261,0,-1
2023361365032,2023,361365032,1,9,0,18,19,3,7,0,0,0,1,0,0,0,3,1,4,7,2,20,4,999,1,2,VOLKSWAGEN POLO,9,E01030067,0,-1
2023461361879,2023,461361879,1,9,0,9,9,7,5,0,0,1,0,0,0,0,1,1,6,6,2,38,7,1390,1,16,VOLKSWAGEN POLO,6,E01024557,0,-1
2023991301452,2023,991301452,1,9,0,4,4,3,7,0,0,0,0,0,0,0,2,1,6,6,1,21,5,999,1,4,VOLKSWAGEN POLO,1,-1,0,-1
2023401333979,2023,401333979,1,9,0,3,3,5,1,0,0,1,0,0,0,0,2,1,1,1,2,32,6,999,1,4,VOLKSWAGEN POLO,1,E01033638,0,-1
2023430175118,2023,430175118,2,9,0,18,19,4,8,0,0,0,0,0,1,4,2,1,6,6,1,58,9,999,1,2,VOLKSWAGEN POLO,6,E01028477,0,-1
2023421329339,2023,421329339,3,9,0,18,19,1,5,0,0,0,1,0,0,0,1,1,5,6,2,35,6,999,1,0,VOLKSWAGEN POLO,-1,-1,0,-1
2023522301756,2023,522301756,2,9,0,7,7,1,7,0,0,8,0,0,0,0,3,1,6,6,2,23,5,1198,1,10,VOLKSWAGEN POLO,5,E01014861,0,-1
2023361368706,2023,361368706,1,9,0,15,15,1,6,0,0,0,0,0,0,0,4,1,5,6,1,19,4,1198,1,15,VOLKSWAGEN POLO,7,E01030082,0,-1
2023010486569,2023,010486569,1,9,0,18,19,3,7,0,0,2,0,0,0,0,1,1,6,6,2,24,5,1198,1,11,VOLKSWAGEN POLO,4,E01032777,0,-1
2023522301529,2023,522301529,1,9,0,17,19,6,4,0,0,0,0,0,0,0,1,1,2,2,2,28,6,1197,1,7,VOLKSWAGEN POLO,6,E01014631,0,-1
2023471373204,2023,471373204,2,9,0,18,19,8,4,0,0,0,0,0,0,0,2,1,6,6,2,38,7,1198,1,13,VOLKSWAGEN POLO,9,E01021203,0,-1
2023440428949,2023,440428949,2,9,0,18,19,4,8,0,0,0,0,0,0,0,1,1,6,6,1,52,8,1390,1,16,VOLKSWAGEN POLO,10,E01022553,0,-1
2023545927023,2023,545927023,2,9,0,2,2,0,0,0,0,0,0,0,0,0,2,1,6,6,1,-1,-1,1400,2,16,VOLKSWAGEN POLO,-1,-1,0,-1
2023991359125,2023,991359125,1,9,0,10,10,7,3,0,0,8,0,0,0,0,1,1,5,6,1,17,4,999,1,5,VOLKSWAGEN POLO,9,-1,0,-1
2023622300675,2023,622300675,2,9,0,18,19,8,4,0,0,0,0,0,0,0,3,1,6,6,2,27,6,999,1,4,VOLKSWAGEN POLO,10,W01001083,0,-1
2023991335643,2023,991335643,2,9,0,3,3,7,1,0,0,6,0,0,0,0,2,1,5,6,2,30,6,999,1,4,VOLKSWAGEN POLO,1,-1,0,-1
2023010421521,2023,010421521,1,9,0,18,19,5,1,0,0,1,0,0,0,0,1,1,6,6,2,18,4,1197,1,6,VOLKSWAGEN POLO,2,E01002703,0,-1
2023451278151,2023,451278151,1,9,0,18,19,8,4,0,0,0,0,0,1,3,4,1,6,6,1,67,10,1390,1,13,VOLKSWAGEN POLO,-1,-1,0,-1
2023010434384,2023,010434384,2,9,0,9,9,7,5,0,0,8,0,0,0,0,1,1,6,6,2,30,6,1197,1,8,VOLKSWAGEN POLO,5,E01001265,0,-1
2023461275927,2023,461275927,2,9,0,7,7,3,5,0,0,4,0,0,0,0,1,1,4,7,1,30,6,1422,2,8,VOLKSWAGEN POLO,-1,-1,0,-1
2023430417597,2023,430417597,2,9,0,16,19,2,5,0,0,0,0,0,0,0,3,1,6,6,1,52,8,999,1,5,VOLKSWAGEN POLO,9,E01016678,0,-1
2023131342924,2023,131342924,2,9,0,9,9,8,4,0,0,5,0,7,0,0,4,1,5,6,2,18,4,1197,1,12,VOLKSWAGEN POLO,2,E01011268,0,-1
2023061284747,2023,061284747,1,9,0,18,19,-1,-1,0,0,1,0,0,0,0,1,1,6,6,3,30,6,1380,1,11,VOLKSWAGEN POLO,2,E01004959,0,-1
2023421264579,2023,421264579,1,9,0,18,19,3,8,0,0,1,1,0,0,0,1,1,5,6,2,22,5,999,1,1,VOLKSWAGEN POLO,6,E01021796,0,-1
2023461291283,2023,461291283,2,9,0,18,19,3,7,0,0,0,0,0,0,0,2,1,6,6,1,31,6,1197,1,6,VOLKSWAGEN POLO,2,E01024686,0,-1
2023430329672,2023,430329672,2,9,0,10,10,2,6,0,0,1,0,0,0,0,4,1,6,6,1,28,6,1390,1,13,VOLKSWAGEN POLO,7,E01016827,0,-1
2023471334734,2023,471334734,1,9,0,17,19,5,1,0,0,0,0,0,6,0,1,1,5,6,1,60,9,1390,1,13,VOLKSWAGEN POLO,8,E01021230,0,-1
2023161330234,2023,161330234,2,9,0,3,3,7,3,0,0,0,0,0,0,0,2,1,6,6,1,69,10,1598,2,12,VOLKSWAGEN POLO,6,E01013318,0,-1
2023041375413,2023,041375413,1,9,0,18,19,-1,-1,0,0,0,0,0,0,0,3,1,6,6,1,33,6,1422,2,15,VOLKSWAGEN POLO,1,E01024865,0,-1
2023201335616,2023,201335616,2,9,0,5,5,7,4,0,0,5,0,0,0,0,4,1,6,6,1,20,4,999,1,7,VOLKSWAGEN POLO,4,E01010322,0,-1
2023471355444,2023,471355444,1,9,0,18,19,3,7,0,0,1,1,0,3,0,1,1,6,6,1,55,8,1984,1,1,VOLKSWAGEN POLO,9,E01031589,0,-1
2023061391066,2023,061391066,2,9,0,18,19,5,1,0,0,8,0,0,0,0,3,1,2,2,1,43,7,1198,1,14,VOLKSWAGEN POLO,5,E01004831,0,-1
2023010475252,2023,010475252,1,9,0,18,19,3,7,0,0,2,0,0,0,0,4,1,6,6,1,35,6,1390,1,9,VOLKSWAGEN POLO,2,E01003545,0,-1
2023010466617,2023,010466617,2,9,0,4,4,3,7,0,0,1,0,0,0,0,4,1,6,6,1,25,5,1198,1,10,VOLKSWAGEN POLO,6,E01001527,0,-1
2023211379621,2023,211379621,2,9,0,18,19,7,3,0,0,0,0,0,0,0,4,1,5,6,1,17,4,999,1,7,VOLKSWAGEN POLO,8,E01014348,0,-1
2023010482419,2023,010482419,2,9,0,9,9,1,7,0,0,2,0,0,0,0,3,1,6,6,1,39,7,1198,1,12,VOLKSWAGEN POLO,5,E01004601,0,-1
2023010438394,2023,010438394,1,9,0,4,4,1,5,0,0,1,0,0,0,0,1,1,6,6,1,62,9,1197,1,6,VOLKSWAGEN POLO,2,E01003236,0,-1
2023101388418,2023,101388418,2,9,0,3,3,1,5,0,0,0,0,0,0,0,2,1,5,6,2,58,9,1197,1,7,VOLKSWAGEN POLO,9,E01027439,0,-1
2023991304647,2023,991304647,1,9,0,18,19,7,3,0,0,0,0,0,0,0,1,1,5,6,1,83,11,999,1,8,VOLKSWAGEN POLO,5,-1,0,-1
2023041340045,2023,041340045,1,9,0,4,4,7,3,0,0,1,0,0,0,0,1,1,5,6,1,27,6,999,1,5,VOLKSWAGEN POLO,5,E01025100,0,-1
2023440286661,2023,440286661,2,9,0,18,19,3,7,0,0,0,0,0,0,0,1,1,6,6,3,-1,-1,1400,1,17,VOLKSWAGEN POLO,-1,-1,0,-1
2023361326592,2023,361326592,1,9,0,18,19,5,1,0,0,2,0,0,0,0,1,1,6,6,2,56,9,1390,1,18,VOLKSWAGEN POLO,8,E01026450,0,-1
2023440164201,2023,440164201,1,9,0,18,19,8,4,0,0,0,0,0,0,0,1,1,6,6,1,19,4,1198,1,11,VOLKSWAGEN POLO,10,E01023175,0,-1
2023451373093,2023,451373093,2,9,0,18,19,5,1,0,0,1,0,0,0,0,2,1,5,6,2,26,6,1197,1,7,VOLKSWAGEN POLO,-1,-1,0,-1
2023311330110,2023,311330110,1,9,0,5,5,6,6,0,0,0,0,0,0,0,3,1,6,6,1,27,6,999,1,3,VOLKSWAGEN POLO,2,E01013835,0,-1
2023070279246,2023,070279246,3,9,0,4,4,1,5,0,0,1,0,0,0,0,1,1,6,6,1,21,5,999,1,5,VOLKSWAGEN POLO,9,E01018692,0,-1
2023991299039,2023,991299039,2,9,0,3,3,3,7,0,0,0,0,0,0,0,2,1,1,1,2,46,8,999,1,1,VOLKSWAGEN POLO,7,-1,0,-1
2023552300566,2023,552300566,1,9,0,14,14,8,4,0,0,0,0,0,0,0,1,1,6,6,2,51,8,999,1,8,VOLKSWAGEN POLO,5,E01015301,0,-1
2023231298180,2023,231298180,2,9,0,4,4,6,2,0,0,0,0,0,1,0,2,1,6,6,2,21,5,1197,1,7,VOLKSWAGEN POLO,6,E01018479,0,-1
2023231304209,2023,231304209,2,9,0,10,10,4,2,0,0,1,0,0,0,0,1,1,5,6,2,70,10,1197,1,8,VOLKSWAGEN POLO,10,E01031313,0,-1
2023552300691,2023,552300691,2,9,0,4,4,1,5,0,0,0,0,0,0,0,2,1,6,6,2,20,4,1197,1,9,VOLKSWAGEN POLO,9,E01032877,0,-1
2023991324806,2023,991324806,1,9,0,9,9,6,5,0,0,1,0,0,0,0,1,1,2,2,1,19,4,999,1,7,VOLKSWAGEN POLO,7,-1,0,-1
2023221379294,2023,221379294,1,9,0,18,19,8,4,0,0,0,0,4,0,0,1,1,6,6,2,25,5,1198,1,10,VOLKSWAGEN POLO,2,E01004062,0,-1
2023440266786,2023,440266786,1,9,0,18,19,1,5,0,0,1,0,0,3,4,1,1,6,6,1,19,4,1198,1,17,VOLKSWAGEN POLO,8,E01031457,0,-1
2023201310461,2023,201310461,1,9,0,4,4,2,6,0,0,0,0,0,0,0,2,1,6,6,2,52,8,1197,1,6,VOLKSWAGEN POLO,1,E01009343,0,-1
2023461381133,2023,461381133,2,9,0,2,2,0,0,0,0,2,0,4,0,0,2,1,6,6,3,-1,-1,1390,1,10,VOLKSWAGEN POLO,-1,-1,0,-1
2023531320156,2023,531320156,2,9,0,7,7,7,5,0,0,3,0,0,0,0,4,1,5,6,2,26,6,999,1,7,VOLKSWAGEN POLO,4,E01022102,0,-1
2023411325205,2023,411325205,2,9,0,3,3,-1,-1,0,0,3,0,0,0,0,2,1,2,2,2,30,6,1197,1,7,VOLKSWAGEN POLO,8,E01017377,0,-1
2023461295401,2023,461295401,1,9,0,18,19,2,6,0,0,0,1,0,0,0,3,1,6,6,3,-1,-1,1900,2,17,VOLKSWAGEN POLO,-1,-1,0,-1
2023010428680,2023,010428680,1,9,0,18,19,7,3,0,0,1,0,0,0,0,1,1,6,6,1,23,5,1198,1,19,VOLKSWAGEN POLO,9,E01000199,0,-1
2023141346742,2023,141346742,2,9,0,2,2,0,0,0,0,1,0,0,0,0,2,1,6,6,3,-1,-1,999,1,0,VOLKSWAGEN POLO,-1,-1,0,-1