collision_index,collision_year,collision_ref_no,vehicle_reference,vehicle_type,towing_and_articulation,vehicle_manoeuvre_historic,vehicle_manoeuvre,vehicle_direction_from,vehicle_direction_to,vehicle_location_restricted_lane_historic,vehicle_location_restricted_lane,junction_location,skidding_and_overturning,hit_object_in_carriageway,vehicle_leaving_carriageway,hit_object_off_carriageway,first_point_of_impact,vehicle_left_hand_drive,journey_purpose_of_driver_historic,journey_purpose_of_driver,sex_of_driver,age_of_driver,age_band_of_driver,engine_capacity_cc,propulsion_code,age_of_vehicle,generic_make_model,driver_imd_decile,lsoa_of_driver,escooter_flag,driver_distance_banding
2023461342761,2023,461342761,1,9,0,16,19,7,3,0,0,0,1,0,0,0,4,1,6,6,1,-1,-1,1390,1,20,VOLKSWAGEN POLO,8,E01024816,0,-1
2023010466893,2023,010466893,3,9,0,2,2,0,0,0,0,1,0,0,0,0,2,1,6,6,3,-1,-1,1390,1,13,VOLKSWAGEN POLO,-1,-1,0,-1
2023131364568,2023,131364568,2,9,0,9,9,3,1,0,0,1,0,0,0,0,2,1,2,2,2,41,7,1798,1,8,VOLKSWAGEN POLO,7,E01010879,0,-1
2023332300615,2023,332300615,1,9,0,4,4,6,2,0,0,1,0,0,0,0,1,1,2,2,1,21,5,1198,1,14,VOLKSWAGEN POLO,9,E01025633,0,-1
2023430093836,2023,430093836,2,9,0,18,19,2,6,0,0,8,0,0,0,0,4,1,6,6,2,30,6,1199,2,9,VOLKSWAGEN POLO,7,E01017548,0,-1
2023552300337,2023,552300337,2,9,0,2,2,0,0,0,0,0,0,4,0,0,2,1,6,6,3,-1,-1,1198,1,18,VOLKSWAGEN POLO,-1,-1,0,-1
2023131280705,2023,131280705,2,9,0,-1,-1,-1,-1,-1,-1,0,-1,-1,-1,0,-1,1,6,6,3,-1,-1,1400,2,16,VOLKSWAGEN POLO,-1,-1,0,-1
2023552301465,2023,552301465,1,9,0,5,5,6,2,0,0,0,0,0,0,0,3,1,6,6,1,22,5,1400,1,18,VOLKSWAGEN POLO,4,E01020585,0,-1
2023451360707,2023,451360707,1,9,0,6,6,0,3,0,0,0,1,0,0,0,4,1,5,6,2,24,5,999,1,4,VOLKSWAGEN POLO,9,E01030427,0,-1
2023010422374,2023,010422374,1,9,0,99,99,9,9,99,99,9,9,99,9,99,2,9,6,6,2,19,4,999,1,2,VOLKSWAGEN POLO,5,E01002629,0,-1
2023471312536,2023,471312536,2,9,0,18,19,1,5,0,0,1,0,0,0,0,1,1,6,6,1,65,9,999,1,5,VOLKSWAGEN POLO,9,E01031714,0,-1
2023421391067,2023,421391067,1,9,0,-1,-1,-1,-1,-1,-1,-1,-1,-1,-1,0,-1,1,6,6,2,-1,-1,1198,1,18,VOLKSWAGEN POLO,4,E01021365,0,-1
2023302301027,2023,302301027,1,9,0,7,7,8,2,0,0,2,0,0,0,0,1,1,2,2,2,20,4,1198,1,12,VOLKSWAGEN POLO,7,E01019443,0,-1
2023451370662,2023,451370662,1,9,0,18,19,7,3,0,0,0,0,0,0,0,1,1,5,6,1,22,5,1198,1,13,VOLKSWAGEN POLO,10,E01030517,0,-1
202360A119450,2023,60A119450,1,9,0,17,19,4,8,0,0,0,0,0,1,10,4,1,6,6,1,20,4,999,1,1,VOLKSWAGEN POLO,-1,-1,0,-1
2023320495668,2023,320495668,1,9,0,18,19,2,6,0,0,0,0,0,0,0,3,1,6,6,2,81,11,1198,1,11,VOLKSWAGEN POLO,4,E01026268,0,-1
2023010456002,2023,010456002,1,9,0,99,99,9,9,99,99,9,9,99,9,99,2,9,6,6,2,55,8,1390,1,13,VOLKSWAGEN POLO,5,E01002667,0,-1
2023451267004,2023,451267004,2,9,0,9,9,5,1,0,0,1,0,0,0,0,1,1,5,6,2,17,4,999,1,4,VOLKSWAGEN POLO,9,E01031000,0,-1
2023332300680,2023,332300680,2,9,0,18,19,2,6,0,0,0,0,0,4,6,3,1,6,6,2,28,6,999,1,4,VOLKSWAGEN POLO,8,E01031182,0,-1
2023131367222,2023,131367222,1,9,0,18,19,3,7,9,9,1,1,0,0,0,4,1,2,2,1,25,5,1390,1,19,VOLKSWAGEN POLO,1,E01010964,0,-1
2023010452423,2023,010452423,2,9,0,99,99,9,9,99,99,9,9,99,9,99,9,9,6,6,3,-1,-1,999,1,7,VOLKSWAGEN POLO,1,E01002089,0,-1
2023041380560,2023,041380560,2,9,0,2,2,0,0,0,0,0,0,0,0,0,2,1,6,6,3,-1,-1,999,1,6,VOLKSWAGEN POLO,-1,-1,0,-1
2023010466495,2023,010466495,1,9,0,4,4,5,1,0,0,2,0,0,0,0,4,1,6,6,1,40,7,1390,1,15,VOLKSWAGEN POLO,2,E01001014,0,-1
2023501331856,2023,501331856,1,9,0,18,19,6,2,0,0,0,0,0,0,0,1,1,6,6,1,81,11,1197,1,7,VOLKSWAGEN POLO,3,E01019914,0,-1
2023170L10703,2023,170L10703,1,9,0,18,19,8,4,0,0,8,0,0,0,0,1,1,6,6,1,81,11,1198,1,17,VOLKSWAGEN POLO,6,E01027676,0,-1
2023221295969,2023,221295969,1,9,0,18,19,7,3,0,0,0,0,0,0,0,1,1,6,6,1,17,4,1198,1,13,VOLKSWAGEN POLO,5,E01014062,0,-1
2023221315004,2023,221315004,2,9,0,13,13,4,8,0,0,0,0,0,0,0,2,1,5,6,1,22,5,999,1,7,VOLKSWAGEN POLO,3,E01029752,0,-1
2023430420215,2023,430420215,2,9,0,18,19,2,6,0,0,8,0,0,0,0,4,1,6,6,1,-1,-1,1390,1,12,VOLKSWAGEN POLO,-1,-1,0,-1
2023031356915,2023,031356915,2,9,0,10,10,7,5,0,0,2,0,0,0,0,1,1,5,6,1,56,9,1422,2,14,VOLKSWAGEN POLO,9,E01025126,0,-1
2023231330128,2023,231330128,1,9,0,9,9,3,1,0,0,5,0,0,0,0,1,1,5,6,2,75,10,999,1,2,VOLKSWAGEN POLO,7,E01031320,0,-1
2023161277758,2023,161277758,1,9,0,18,19,3,7,9,9,3,0,0,1,11,1,1,6,6,1,18,4,1198,1,10,VOLKSWAGEN POLO,10,E01013171,0,-1
2023070135778,2023,070135778,1,9,0,18,19,1,5,0,0,0,5,10,0,11,4,1,6,6,2,20,4,1198,1,16,VOLKSWAGEN POLO,4,E01029740,0,-1
2023531339033,2023,531339033,4,9,0,3,3,6,2,0,0,0,0,0,0,0,1,1,6,6,3,24,5,999,1,4,VOLKSWAGEN POLO,3,E01022254,0,-1
2023070415225,2023,070415225,2,9,0,18,19,6,8,0,0,8,0,0,0,0,4,1,6,6,2,55,8,999,1,8,VOLKSWAGEN POLO,1,E01012453,0,-1
2023141269221,2023,141269221,1,9,0,12,12,6,2,0,0,0,0,0,0,0,1,1,5,6,1,36,7,999,1,5,VOLKSWAGEN POLO,3,E01007458,0,-1
2023430032159,2023,430032159,6,9,0,4,4,8,4,0,0,0,0,0,0,0,2,1,6,6,2,22,5,999,1,3,VOLKSWAGEN POLO,8,E01023136,0,-1
2023010470750,2023,010470750,1,9,0,9,9,4,2,2,2,1,0,0,0,0,3,2,6,6,1,27,6,999,1,5,VOLKSWAGEN POLO,10,E01023408,0,-1
2023031282913,2023,031282913,1,9,0,18,19,7,4,0,0,0,2,0,3,2,4,1,5,6,1,21,5,1798,1,7,VOLKSWAGEN POLO,9,E01019153,0,-1
2023010474792,2023,010474792,1,9,0,18,19,1,5,0,0,1,0,0,0,0,1,1,6,6,1,18,4,999,1,5,VOLKSWAGEN POLO,9,E01030731,0,-1
2023010447027,2023,010447027,1,9,0,18,19,4,8,0,0,1,0,0,0,0,4,1,6,6,1,20,4,1197,1,9,VOLKSWAGEN POLO,3,E01000148,0,-1
2023340NN2842,2023,340NN2842,1,9,0,9,9,7,5,0,0,6,0,0,0,0,1,1,6,6,1,24,5,999,1,4,VOLKSWAGEN POLO,8,E01032974,0,-1
2023201313629,2023,201313629,3,9,0,4,4,6,2,0,0,0,0,0,0,0,2,1,6,6,2,30,6,1197,1,6,VOLKSWAGEN POLO,1,E01032531,0,-1
2023451381106,2023,451381106,1,9,0,10,10,3,8,0,0,2,0,0,0,0,1,1,2,2,2,66,10,1198,1,18,VOLKSWAGEN POLO,9,E01030991,0,-1
2023351381275,2023,351381275,1,9,0,11,11,1,5,0,0,0,0,0,0,0,2,1,1,1,1,39,7,999,1,8,VOLKSWAGEN POLO,6,E01018304,0,-1
2023010483777,2023,010483777,2,9,0,99,99,9,9,99,99,9,9,99,9,99,1,9,6,6,2,33,6,999,1,5,VOLKSWAGEN POLO,5,E01003345,0,-1
2023161291306,2023,161291306,1,9,0,4,4,4,8,0,0,0,0,0,0,0,2,1,2,2,2,64,9,1199,2,10,VOLKSWAGEN POLO,6,E01013334,0,-1
2023451304851,2023,451304851,2,9,0,5,5,8,5,0,0,4,0,0,0,0,3,1,2,2,2,24,5,1198,1,13,VOLKSWAGEN POLO,4,E01000580,0,-1
2023471303002,2023,471303002,1,9,0,1,1,1,5,0,0,0,0,0,1,4,2,1,5,6,1,83,11,1197,1,8,VOLKSWAGEN POLO,4,E01031806,0,-1
2023531378820,2023,531378820,1,9,0,11,11,7,3,2,2,0,0,0,1,0,1,1,5,6,2,29,6,1197,1,7,VOLKSWAGEN POLO,9,E01022108,0,-1
2023101324560,2023,101324560,2,9,0,18,19,1,4,0,0,0,0,0,0,0,2,1,5,6,2,28,6,999,1,3,VOLKSWAGEN POLO,4,E01008483,0,-1
2023320308744,2023,320308744,1,9,0,1,1,2,2,0,0,1,0,0,7,11,2,1,6,6,2,80,11,1390,1,21,VOLKSWAGEN POLO,8,E01026269,0,-1
2023991388353,2023,991388353,1,9,0,16,19,4,7,0,0,0,0,0,0,0,3,1,5,6,2,17,4,1197,1,8,VOLKSWAGEN POLO,-1,-1,0,-1
2023010436543,2023,010436543,2,9,0,99,99,9,9,99,99,9,9,99,9,99,1,9,6,6,3,34,6,999,1,4,VOLKSWAGEN POLO,5,E01015456,0,-1
2023501379020,2023,501379020,1,9,0,4,4,2,6,4,4,0,0,0,0,0,2,1,6,6,2,32,6,1984,1,1,VOLKSWAGEN POLO,6,E01020241,0,-1
2023052301069,2023,052301069,2,9,0,18,19,3,7,0,0,2,1,0,0,0,3,1,6,6,2,20,4,999,1,1,VOLKSWAGEN POLO,2,E01006797,0,-1
2023991350432,2023,991350432,1,9,0,18,19,6,2,0,0,0,0,0,0,0,1,1,6,6,2,24,5,1198,1,13,VOLKSWAGEN POLO,5,-1,0,-1
2023302301769,2023,302301769,1,9,0,18,19,8,4,0,0,0,0,0,0,0,1,1,2,2,1,67,10,1595,1,22,VOLKSWAGEN POLO,7,E01013490,0,-1
2023440503523,2023,440503523,1,9,0,18,19,4,8,0,0,0,0,0,0,0,1,1,6,6,2,29,6,999,1,2,VOLKSWAGEN POLO,9,E01022615,0,-1
2023010460309,2023,010460309,1,9,0,18,19,7,3,0,0,5,0,10,0,0,1,1,6,6,1,22,5,1198,1,18,VOLKSWAGEN POLO,7,E01029875,0,-1
2023471311921,2023,471311921,3,9,0,2,2,0,0,0,0,2,0,0,0,0,2,1,6,6,3,-1,-1,999,1,7,VOLKSWAGEN POLO,-1,-1,0,-1
2023371389744,2023,371389744,1,9,0,18,19,2,6,0,0,0,2,0,7,0,1,1,6,6,1,26,6,1198,1,15,VOLKSWAGEN POLO,-1,-1,0,-1
2023231313204,2023,231313204,2,9,0,18,19,8,4,0,0,8,1,0,7,11,1,1,5,6,2,22,5,1198,1,10,VOLKSWAGEN POLO,10,E01028475,0,-1
2023052301421,2023,052301421,2,9,0,18,19,7,3,0,0,2,0,0,0,0,4,1,6,6,2,43,7,1197,1,6,VOLKSWAGEN POLO,6,E01007112,0,-1
2023522300718,2023,522300718,1,9,0,4,4,8,5,0,0,8,0,0,0,0,3,1,6,6,2,23,5,1197,1,6,VOLKSWAGEN POLO,7,E01014551,0,-1
2023061284014,2023,061284014,1,9,0,9,9,5,2,0,0,8,0,0,0,0,1,1,2,2,2,44,7,999,1,2,VOLKSWAGEN POLO,2,E01006862,0,-1
2023471364881,2023,471364881,1,9,0,7,7,4,7,0,0,6,0,0,0,0,1,1,5,6,2,86,11,1400,1,17,VOLKSWAGEN POLO,5,E01032836,0,-1
2023131311363,2023,131311363,1,9,0,5,5,7,3,0,0,8,0,0,1,0,1,1,3,7,2,31,6,1598,2,13,VOLKSWAGEN POLO,5,E01011099,0,-1
2023461289116,2023,461289116,1,9,0,18,19,1,5,0,0,0,0,0,0,0,1,1,6,6,1,19,4,1199,2,12,VOLKSWAGEN POLO,9,E01024115,0,-1
2023501324619,2023,501324619,1,9,0,16,19,4,6,0,0,1,1,10,8,11,3,1,5,6,2,18,4,1199,2,11,VOLKSWAGEN POLO,4,E01018969,0,-1
2023522400288,2023,522400288,2,9,0,18,19,2,6,0,0,2,0,0,0,0,1,1,6,6,1,27,6,1198,1,12,VOLKSWAGEN POLO,10,E01014966,0,-1
2023351363858,2023,351363858,4,9,0,16,19,1,5,0,0,0,0,0,0,0,1,1,6,6,2,34,6,1198,1,12,VOLKSWAGEN POLO,9,E01018298,0,-1
2023010453694,2023,010453694,2,9,0,99,99,9,9,99,99,9,9,99,9,99,9,9,6,6,3,-1,-1,999,1,7,VOLKSWAGEN POLO,-1,-1,0,-1
2023522301311,2023,522301311,2,9,0,18,19,7,3,0,0,8,0,0,0,0,1,1,6,6,1,18,4,1390,1,12,VOLKSWAGEN POLO,7,E01014577,0,-1
2023131372754,2023,131372754,1,9,0,10,10,7,3,0,0,0,0,0,0,0,3,1,5,6,2,35,6,999,1,5,VOLKSWAGEN POLO,-1,-1,0,-1
2023549959423,2023,549959423,1,9,0,17,19,6,2,0,0,0,0,4,1,11,1,1,6,6,1,24,5,999,1,0,VOLKSWAGEN POLO,10,E01014376,0,-1
2023201392342,2023,201392342,2,9,0,18,19,6,2,0,0,0,0,0,0,0,2,1,6,6,2,51,8,1199,2,9,VOLKSWAGEN POLO,2,E01009509,0,-1
2023101262181,2023,101262181,2,9,0,4,4,4,2,0,0,0,0,0,0,0,1,1,2,2,2,31,6,1197,1,6,VOLKSWAGEN POLO,2,E01008670,0,-1
2023411297467,2023,411297467,1,9,0,18,19,2,6,0,0,0,0,0,0,0,1,1,6,6,1,18,4,1197,1,6,VOLKSWAGEN POLO,6,E01023845,0,-1
2023471337612,2023,471337612,2,9,0,5,5,2,8,0,0,3,0,0,0,0,1,1,6,6,1,55,8,1198,1,14,VOLKSWAGEN POLO,8,E01031642,0,-1
2023451294837,2023,451294837,1,9,0,4,4,7,3,0,0,0,0,0,0,0,1,1,2,2,1,18,4,999,1,9,VOLKSWAGEN POLO,9,E01003005,0,-1
2023440138576,2023,440138576,1,9,0,18,19,2,6,0,0,0,0,0,0,0,1,1,6,6,1,36,7,1198,1,12,VOLKSWAGEN POLO,1,E01017274,0,-1
2023421302590,2023,421302590,1,9,0,5,5,5,1,0,0,8,0,0,0,0,3,1,2,2,2,54,8,1198,1,19,VOLKSWAGEN POLO,2,E01000100,0,-1
2023471308093,2023,471308093,1,9,0,18,19,8,4,0,0,0,0,0,7,0,1,1,2,2,2,20,4,999,1,5,VOLKSWAGEN POLO,7,E01032717,0,-1
2023361381536,2023,361381536,2,9,0,18,19,7,3,0,0,0,0,0,0,0,1,1,2,2,2,24,5,999,1,0,VOLKSWAGEN POLO,4,E01026661,0,-1
2023010441862,2023,010441862,2,9,0,99,99,9,9,99,99,9,9,99,9,99,1,9,6,6,3,-1,-1,999,1,2,VOLKSWAGEN POLO,-1,-1,0,-1
2023430554969,2023,430554969,1,9,0,9,9,2,8,0,0,6,0,0,0,0,1,1,6,6,2,60,9,999,1,2,VOLKSWAGEN POLO,-1,-1,0,-1
2023332300715,2023,332300715,1,9,0,5,5,4,8,0,0,6,0,0,1,0,1,1,6,6,2,88,11,999,1,5,VOLKSWAGEN POLO,9,E01028408,0,-1
2023010461287,2023,010461287,2,9,0,9,9,3,1,0,0,1,0,0,0,0,4,1,6,6,2,24,5,999,1,0,VOLKSWAGEN POLO,6,E01033742,0,-1
2023010433131,2023,010433131,1,9,0,9,9,1,7,0,0,5,0,0,0,0,1,1,6,6,2,43,7,999,1,2,VOLKSWAGEN POLO,9,E01001096,0,-1
2023522300151,2023,522300151,1,9,0,2,2,0,0,0,0,0,0,0,0,0,3,1,6,6,1,43,7,1197,1,9,VOLKSWAGEN POLO,3,E01014681,0,-1
2023440260527,2023,440260527,2,9,0,17,19,7,4,0,0,8,1,0,0,0,3,1,6,6,1,38,7,1199,2,12,VOLKSWAGEN POLO,6,E01022486,0,-1
2023411364333,2023,411364333,2,9,0,18,19,3,8,0,0,8,0,0,0,0,3,1,1,1,1,80,11,999,1,3,VOLKSWAGEN POLO,7,E01018227,0,-1
2023161368277,2023,161368277,1,9,0,9,9,1,7,0,0,6,0,0,0,0,3,1,5,6,2,51,8,1422,2,14,VOLKSWAGEN POLO,2,E01010852,0,-1
2023122300532,2023,122300532,2,9,0,18,19,5,1,0,0,1,0,0,0,0,1,1,1,1,2,25,5,1198,1,10,VOLKSWAGEN POLO,7,E01013406,0,-1
2023010421231,2023,010421231,2,9,0,99,99,9,9,99,99,9,9,99,9,99,9,9,6,6,3,-1,-1,1198,1,12,VOLKSWAGEN POLO,7,E01003820,0,-1
2023010479976,2023,010479976,2,9,0,7,7,1,3,0,0,1,0,0,0,0,4,1,6,6,3,-1,-1,1390,1,22,VOLKSWAGEN POLO,-1,-1,0,-1
2023340WN0542,2023,340WN0542,1,9,0,3,3,2,5,0,0,1,0,0,0,0,1,1,6,6,2,20,4,1598,2,13,VOLKSWAGEN POLO,-1,-1,0,-1
2023531275723,2023,531275723,1,9,0,18,19,4,8,0,0,0,1,0,0,0,1,1,5,6,2,37,7,1198,1,11,VOLKSWAGEN POLO,7,E01022397,0,-1
2023461382954,2023,461382954,2,9,0,18,19,7,3,0,0,1,0,0,0,0,3,1,6,6,2,32,6,1400,1,17,VOLKSWAGEN POLO,6,E01024544,0,-1
2023201382813,2023,201382813,1,9,0,5,5,-1,-1,0,0,6,0,0,0,0,1,1,6,6,2,-1,-1,1390,1,14,VOLKSWAGEN POLO,8,E01010352,0,-1
2023131393367,2023,131393367,3,9,0,2,2,5,1,9,9,8,0,4,0,0,2,1,6,6,3,-1,-1,1390,1,13,VOLKSWAGEN POLO,-1,-1,0,-1
2023501309506,2023,501309506,1,9,0,18,19,7,3,0,0,0,5,0,2,10,4,1,5,6,2,18,4,1198,1,12,VOLKSWAGEN POLO,10,E01020253,0,-1
2023131346956,2023,131346956,2,9,0,18,19,4,8,9,9,1,0,0,7,0,1,1,5,6,1,18,4,999,1,8,VOLKSWAGEN POLO,2,E01010722,0,-1
2023622300910,2023,622300910,1,9,0,9,9,5,3,0,0,1,0,0,0,0,1,1,6,6,1,19,4,1390,1,12,VOLKSWAGEN POLO,6,W01000550,0,-1
2023340WN6282,2023,340WN6282,2,9,0,18,19,6,2,0,0,1,0,0,0,0,1,1,6,6,1,17,4,1198,1,18,VOLKSWAGEN POLO,4,E01027187,0,-1
2023010425599,2023,010425599,3,9,0,16,19,3,7,0,0,1,0,0,0,0,0,1,1,1,1,23,5,1198,1,9,VOLKSWAGEN POLO,3,E01003972,0,-1
2023061384307,2023,061384307,1,9,-1,18,19,-1,-1,0,0,0,0,0,0,0,0,1,6,6,3,-1,-1,1400,1,17,VOLKSWAGEN POLO,3,E01005066,0,-1
2023010461973,2023,010461973,2,9,0,3,3,7,3,0,0,4,0,0,0,0,1,1,6,6,1,42,7,999,1,8,VOLKSWAGEN POLO,6,E01002617,0,-1
2023010474738,2023,010474738,1,9,0,13,13,4,8,0,0,1,0,10,0,0,1,1,6,6,1,21,5,1390,1,13,VOLKSWAGEN POLO,4,E01000378,0,-1
2023041382588,2023,041382588,1,9,0,5,5,5,1,0,0,0,0,0,0,0,1,1,6,6,2,30,6,1197,1,8,VOLKSWAGEN POLO,7,E01025251,0,-1
2023531350356,2023,531350356,1,9,0,5,5,4,2,0,0,0,0,0,0,0,3,1,5,6,2,88,11,1197,1,8,VOLKSWAGEN POLO,8,E01028712,0,-1
2023361291284,2023,361291284,1,9,0,18,19,3,7,0,0,0,0,0,0,0,-1,1,6,6,2,43,7,1198,1,11,VOLKSWAGEN POLO,7,E01026672,0,-1
2023440427885,2023,440427885,1,9,0,3,3,7,3,0,0,1,0,0,0,0,2,1,2,2,1,32,6,1400,1,16,VOLKSWAGEN POLO,3,E01032738,0,-1
2023471329810,2023,471329810,2,9,0,18,19,8,4,0,0,0,0,0,0,0,1,1,6,6,1,18,4,1390,1,12,VOLKSWAGEN POLO,7,E01020986,0,-1
2023041390245,2023,041390245,2,9,0,18,19,5,1,0,0,0,0,0,0,0,1,1,6,6,1,24,5,1400,2,16,VOLKSWAGEN POLO,1,E01012672,0,-1
2023451298878,2023,451298878,1,9,0,5,5,7,3,0,0,0,0,0,0,0,1,1,5,6,2,75,10,1390,1,21,VOLKSWAGEN POLO,5,E01030493,0,-1
2023131351780,2023,131351780,1,9,0,5,5,1,5,0,0,2,0,0,0,0,4,1,6,6,1,81,11,999,1,3,VOLKSWAGEN POLO,6,E01010699,0,-1
2023471262216,2023,471262216,1,9,0,9,9,8,5,0,0,5,0,0,0,0,4,1,5,6,2,29,6,1598,2,13,VOLKSWAGEN POLO,1,E01020993,0,-1
2023332300879,2023,332300879,1,9,0,17,19,2,8,0,0,0,1,0,1,4,1,1,1,1,1,18,4,1198,1,15,VOLKSWAGEN POLO,8,E01025793,0,-1
2023010467867,2023,010467867,1,9,0,18,19,1,5,0,0,0,0,0,0,0,3,1,6,6,1,17,4,1198,1,10,VOLKSWAGEN POLO,4,E01001007,0,-1
2023471358985,2023,471358985,1,9,0,5,5,1,6,0,0,6,0,0,0,0,1,1,1,1,1,23,5,1197,1,6,VOLKSWAGEN POLO,7,E01021212,0,-1
2023052302931,2023,052302931,1,9,0,18,19,5,1,0,0,0,0,0,0,0,1,1,6,6,2,23,5,1390,1,11,VOLKSWAGEN POLO,3,E01006431,0,-1
2023311381725,2023,311381725,1,9,0,18,19,5,1,0,0,1,0,0,0,0,2,1,5,6,1,31,6,999,1,2,VOLKSWAGEN POLO,1,E01013861,0,-1
2023440512850,2023,440512850,2,9,0,2,2,0,0,0,0,0,0,0,0,0,2,1,6,6,3,-1,-1,1400,2,16,VOLKSWAGEN POLO,-1,-1,0,-1
2023471280603,2023,471280603,1,9,0,9,9,5,3,0,0,5,0,0,0,0,1,1,5,6,1,28,6,1198,1,13,VOLKSWAGEN POLO,4,E01016967,0,-1
2023471313507,2023,471313507,2,9,0,4,4,7,3,0,0,0,0,0,0,0,2,1,5,6,2,39,7,999,1,5,VOLKSWAGEN POLO,7,E01031837,0,-1
2023201320177,2023,201320177,3,9,0,2,2,0,0,0,0,0,0,4,0,0,2,1,6,6,2,-1,-1,999,1,5,VOLKSWAGEN POLO,8,E01010209,0,-1
2023010442513,2023,010442513,2,9,0,99,99,9,9,99,99,0,9,99,9,99,1,9,6,6,3,-1,-1,999,1,3,VOLKSWAGEN POLO,-1,-1,0,-1
2023201306959,2023,201306959,1,9,0,18,19,5,1,0,0,0,0,0,0,0,1,1,5,6,1,49,8,1390,1,15,VOLKSWAGEN POLO,1,E01009401,0,-1
2023010436229,2023,010436229,1,9,0,9,9,5,2,0,0,1,0,0,0,0,0,1,6,6,1,22,5,1390,1,10,VOLKSWAGEN POLO,5,E01023011,0,-1
2023531373156,2023,531373156,1,9,0,7,7,7,1,0,0,8,0,0,0,0,3,1,2,2,2,43,7,1197,1,7,VOLKSWAGEN POLO,8,E01015561,0,-1
2023201398238,2023,201398238,2,9,0,2,2,0,0,0,0,0,0,0,0,0,3,1,6,6,1,26,6,1197,1,7,VOLKSWAGEN POLO,2,E01008881,0,-1
2023991355810,2023,991355810,1,9,0,3,3,1,5,0,0,1,0,0,0,0,1,1,6,6,2,66,10,1198,1,18,VOLKSWAGEN POLO,9,-1,0,-1
2023141289672,2023,141289672,2,9,0,9,9,3,7,0,0,8,0,0,0,0,1,1,5,6,1,17,4,999,1,7,VOLKSWAGEN POLO,5,E01007887,0,-1
2023070267464,2023,070267464,1,9,0,17,19,2,7,0,0,0,5,10,1,0,0,1,6,6,2,22,5,1390,1,10,VOLKSWAGEN POLO,8,E01012551,0,-1
2023451265719,2023,451265719,3,9,0,18,19,1,5,0,0,0,0,0,0,0,3,1,2,2,2,66,10,1198,1,13,VOLKSWAGEN POLO,10,E01031690,0,-1
2023522400447,2023,522400447,1,9,0,7,7,3,5,0,0,6,1,0,0,0,3,1,6,6,1,17,4,1198,1,12,VOLKSWAGEN POLO,7,E01014947,0,-1
2023122301262,2023,122301262,1,9,0,18,19,6,2,0,0,0,0,0,0,0,1,1,6,6,2,30,6,999,1,4,VOLKSWAGEN POLO,10,E01013361,0,-1
2023010484642,2023,010484642,2,9,0,5,5,1,5,0,0,0,0,0,0,0,1,1,6,6,3,-1,-1,999,1,4,VOLKSWAGEN POLO,3,E01001784,0,-1
2023991296001,2023,991296001,2,9,0,18,19,3,3,0,0,0,0,0,0,0,2,1,5,6,2,23,5,999,1,2,VOLKSWAGEN POLO,7,-1,0,-1
2023543856223,2023,543856223,1,9,0,18,19,6,2,0,0,1,1,0,0,0,1,1,6,6,1,20,4,1422,2,15,VOLKSWAGEN POLO,7,E01031938,0,-1
2023061364425,2023,061364425,1,9,0,18,19,3,7,0,0,8,1,0,0,0,2,1,5,6,1,22,5,1984,1,4,VOLKSWAGEN POLO,2,E01005279,0,-1
2023471292781,2023,471292781,2,9,0,9,9,7,3,0,0,0,0,0,0,0,1,1,5,6,1,20,4,1390,1,14,VOLKSWAGEN POLO,8,E01031545,0,-1
2023461348448,2023,461348448,1,9,0,7,7,1,4,0,0,5,2,0,1,0,3,1,6,6,1,18,4,1198,1,9,VOLKSWAGEN POLO,8,E01024527,0,-1
2023141317243,2023,141317243,3,9,0,2,2,0,0,0,0,8,0,0,0,0,3,1,6,6,3,-1,-1,999,1,2,VOLKSWAGEN POLO,-1,-1,0,-1
2023361365072,2023,361365072,1,9,0,18,19,2,5,0,0,0,0,0,0,0,1,1,1,1,1,57,9,999,1,1,VOLKSWAGEN POLO,6,E01026919,0,-1
2023440340998,2023,440340998,2,9,0,18,19,6,2,0,0,8,0,0,0,0,3,1,6,6,2,21,5,1198,1,18,VOLKSWAGEN POLO,9,E01022788,0,-1
2023430004862,2023,430004862,1,9,0,9,9,1,7,0,0,8,0,0,0,0,1,1,6,6,2,30,6,1422,2,6,VOLKSWAGEN POLO,5,E01008034,0,-1
2023010425599,2023,010425599,2,9,0,15,15,5,1,0,0,1,0,0,0,0,0,1,6,6,1,58,9,1390,1,22,VOLKSWAGEN POLO,3,E01003073,0,-1
2023201296329,2023,201296329,2,9,0,18,19,6,2,0,0,0,0,0,0,0,1,1,6,6,1,77,11,1198,1,19,VOLKSWAGEN POLO,2,E01009751,0,-1
2023320120512,2023,320120512,1,9,0,18,19,4,8,0,0,0,2,0,7,9,3,1,6,6,1,30,6,1798,1,7,VOLKSWAGEN POLO,9,E01026355,0,-1
2023451350919,2023,451350919,1,9,0,9,9,5,4,0,0,5,0,0,6,0,1,1,5,6,1,20,4,1198,1,10,VOLKSWAGEN POLO,8,E01030591,0,-1
2023991344452,2023,991344452,1,9,0,5,5,8,2,0,0,0,0,0,0,0,1,1,5,6,1,65,9,1198,1,10,VOLKSWAGEN POLO,4,-1,0,-1
2023101380749,2023,101380749,1,9,0,7,7,5,6,0,0,5,0,0,0,0,3,1,2,2,2,46,8,999,1,5,VOLKSWAGEN POLO,9,E01008516,0,-1
2023061275441,2023,061275441,1,9,0,18,19,1,3,0,0,1,0,0,0,0,1,1,6,6,1,30,6,1984,1,4,VOLKSWAGEN POLO,2,E01033657,0,-1
2023041362705,2023,041362705,1,9,0,18,19,1,5,0,0,0,0,0,0,0,1,1,5,6,2,25,5,1198,1,9,VOLKSWAGEN POLO,8,E01005011,0,-1