collision_index,collision_year,collision_ref_no,vehicle_reference,vehicle_type,towing_and_articulation,vehicle_manoeuvre_historic,vehicle_manoeuvre,vehicle_direction_from,vehicle_direction_to,vehicle_location_restricted_lane_historic,vehicle_location_restricted_lane,junction_location,skidding_and_overturning,hit_object_in_carriageway,vehicle_leaving_carriageway,hit_object_off_carriageway,first_point_of_impact,vehicle_left_hand_drive,journey_purpose_of_driver_historic,journey_purpose_of_driver,sex_of_driver,age_of_driver,age_band_of_driver,engine_capacity_cc,propulsion_code,age_of_vehicle,generic_make_model,driver_imd_decile,lsoa_of_driver,escooter_flag,driver_distance_banding
2023440392982,2023,440392982,2,9,0,18,19,3,7,0,0,0,0,0,0,0,1,1,6,6,1,-1,-1,1198,1,12,VOLKSWAGEN POLO,7,E01017344,0,-1
2023340WN5292,2023,340WN5292,1,9,0,18,19,7,3,0,0,1,0,0,7,4,1,1,6,6,1,26,6,1395,1,9,VOLKSWAGEN POLO,3,E01027196,0,-1
2023010454990,2023,010454990,1,9,0,99,99,9,9,99,99,9,9,99,9,99,9,9,6,6,2,23,5,1390,1,11,VOLKSWAGEN POLO,7,E01003903,0,-1
2023010474792,2023,010474792,2,9,0,18,19,3,7,0,0,6,0,10,1,10,4,1,6,6,3,24,5,999,1,2,VOLKSWAGEN POLO,-1,-1,0,-1
2023061349806,2023,061349806,2,9,0,9,9,8,6,0,0,6,0,0,0,0,4,1,6,6,2,36,7,999,1,0,VOLKSWAGEN POLO,6,E01005620,0,-1
2023440483295,2023,440483295,2,9,0,18,19,5,1,0,0,8,0,0,0,0,1,1,6,6,2,18,4,1198,1,12,VOLKSWAGEN POLO,10,E01023276,0,-1
2023340WN0782,2023,340WN0782,2,9,0,18,19,1,5,0,0,8,0,0,0,0,1,1,6,6,1,22,5,1198,1,10,VOLKSWAGEN POLO,6,E01032977,0,-1
2023531379769,2023,531379769,1,9,0,17,19,5,1,0,0,0,5,0,2,4,4,1,2,2,2,20,4,1197,1,8,VOLKSWAGEN POLO,7,E01022190,0,-1
2023101278199,2023,101278199,1,9,0,17,19,1,5,0,0,1,1,0,0,0,1,1,6,6,1,84,11,1896,2,23,VOLKSWAGEN POLO,7,E01027510,0,-1
2023440049938,2023,440049938,1,9,0,18,19,8,4,0,0,1,0,0,0,0,1,1,1,1,1,27,6,1984,1,1,VOLKSWAGEN POLO,7,E01015490,0,-1
2023332301196,2023,332301196,1,9,0,18,19,3,7,0,0,0,0,0,1,0,1,1,6,6,1,88,11,999,1,7,VOLKSWAGEN POLO,10,E01031155,0,-1
2023631314565,2023,631314565,4,9,0,18,19,4,8,0,0,8,0,0,0,0,1,1,2,2,2,34,6,1390,1,15,VOLKSWAGEN POLO,7,W01000492,0,-1
2023421337960,2023,421337960,1,9,0,18,19,1,4,0,0,3,0,7,0,0,1,1,5,6,2,22,5,1422,2,8,VOLKSWAGEN POLO,3,E01022038,0,-1
2023440450574,2023,440450574,2,9,0,9,9,8,6,0,0,8,0,0,0,0,4,1,2,2,1,25,5,999,1,4,VOLKSWAGEN POLO,6,E01023199,0,-1
2023332300028,2023,332300028,4,9,0,3,3,5,1,0,0,1,0,0,0,0,2,1,6,6,2,60,9,999,1,3,VOLKSWAGEN POLO,5,E01025887,0,-1
2023421282140,2023,421282140,3,9,0,18,19,8,5,0,0,2,0,0,0,0,0,1,2,2,2,49,8,1400,1,17,VOLKSWAGEN POLO,8,E01021411,0,-1
2023141383850,2023,141383850,1,9,0,4,4,5,1,0,0,0,0,0,0,0,2,1,6,6,1,59,9,1199,2,12,VOLKSWAGEN POLO,9,E01007752,0,-1
2023010475361,2023,010475361,1,9,0,7,7,6,8,0,0,6,0,0,0,0,1,1,6,6,1,18,4,1198,1,14,VOLKSWAGEN POLO,6,E01000069,0,-1
2023041266511,2023,041266511,2,9,0,18,19,1,5,0,0,0,0,0,1,4,1,1,5,6,1,23,5,1198,1,11,VOLKSWAGEN POLO,1,E01025293,0,-1
2023311321047,2023,311321047,1,9,0,18,19,1,5,0,0,0,0,0,0,0,1,1,1,1,1,71,10,1197,1,7,VOLKSWAGEN POLO,3,E01028212,0,-1
2023010448358,2023,010448358,2,9,0,99,99,9,9,99,99,0,9,99,9,99,1,9,6,6,3,-1,-1,1390,1,20,VOLKSWAGEN POLO,-1,-1,0,-1
2023451391757,2023,451391757,1,9,0,18,19,5,1,0,0,0,0,0,1,11,4,1,5,6,1,65,9,1198,1,17,VOLKSWAGEN POLO,5,E01030656,0,-1
2023041374129,2023,041374129,2,9,0,9,9,5,3,0,0,4,0,0,0,0,1,1,5,6,1,29,6,1390,1,13,VOLKSWAGEN POLO,10,E01025258,0,-1
2023501370640,2023,501370640,1,9,0,18,19,3,7,0,0,0,1,0,0,0,1,1,5,6,2,19,4,1390,1,15,VOLKSWAGEN POLO,6,E01020056,0,-1
2023010457660,2023,010457660,2,9,0,99,99,9,9,99,99,9,9,99,9,99,9,9,6,6,3,-1,-1,999,1,2,VOLKSWAGEN POLO,-1,-1,0,-1
2023440259690,2023,440259690,2,9,0,18,19,4,8,0,0,1,0,0,0,0,1,1,6,6,2,91,11,1390,1,12,VOLKSWAGEN POLO,9,E01022879,0,-1
2023522301866,2023,522301866,2,9,0,18,19,1,5,0,0,9,0,0,0,0,1,1,6,6,2,25,5,1197,1,8,VOLKSWAGEN POLO,3,E01022256,0,-1
2023552300487,2023,552300487,2,9,0,9,9,5,3,0,0,6,0,0,0,0,3,1,6,6,2,21,5,1197,1,7,VOLKSWAGEN POLO,8,E01015322,0,-1
2023622300340,2023,622300340,1,9,0,8,8,7,5,0,0,6,0,0,0,0,3,1,6,6,1,17,4,1198,1,14,VOLKSWAGEN POLO,10,W01001918,0,-1
2023131307231,2023,131307231,1,9,0,2,2,0,0,0,0,0,0,0,0,0,2,1,6,6,3,-1,-1,1198,1,14,VOLKSWAGEN POLO,-1,-1,0,-1
2023161386680,2023,161386680,2,9,0,7,7,1,7,0,0,8,0,0,0,0,1,1,5,6,1,90,11,1198,1,9,VOLKSWAGEN POLO,5,E01013001,0,-1
2023221358360,2023,221358360,2,9,0,18,19,4,8,0,0,1,0,0,1,0,1,1,5,6,1,36,7,999,1,5,VOLKSWAGEN POLO,6,E01014089,0,-1
2023471266495,2023,471266495,1,9,0,17,19,6,3,0,0,0,1,0,7,0,1,1,5,6,1,48,8,999,1,8,VOLKSWAGEN POLO,10,E01031627,0,-1
2023010450593,2023,010450593,1,9,0,18,19,5,1,0,0,1,0,0,0,0,1,1,6,6,1,90,11,1390,1,13,VOLKSWAGEN POLO,9,E01000770,0,-1
2023010431717,2023,010431717,1,9,0,99,99,9,9,99,99,9,9,99,9,99,9,9,6,6,2,30,6,1197,1,8,VOLKSWAGEN POLO,2,E01003086,0,-1
2023351305729,2023,351305729,2,9,0,18,19,5,1,0,0,8,0,0,0,0,4,1,6,6,2,26,6,999,1,6,VOLKSWAGEN POLO,1,E01015616,0,-1
2023440335313,2023,440335313,1,9,0,7,7,6,8,0,0,6,0,0,0,0,3,1,6,6,2,27,6,1198,1,11,VOLKSWAGEN POLO,10,E01023229,0,-1
2023131364334,2023,131364334,1,9,0,17,19,3,7,0,0,0,0,0,0,0,1,1,6,6,2,33,6,1199,2,11,VOLKSWAGEN POLO,8,E01010695,0,-1
2023351311065,2023,351311065,2,9,0,18,19,3,7,0,0,0,0,0,0,0,2,1,6,6,2,27,6,1197,1,6,VOLKSWAGEN POLO,5,E01026241,0,-1
2023451263601,2023,451263601,1,9,0,18,19,3,7,0,0,0,0,10,0,0,1,1,5,6,2,19,4,999,1,6,VOLKSWAGEN POLO,9,E01030446,0,-1
2023471303074,2023,471303074,1,9,0,6,6,1,1,0,0,0,0,0,0,0,3,1,6,6,1,20,4,1198,1,11,VOLKSWAGEN POLO,8,E01016901,0,-1
2023161373520,2023,161373520,1,9,0,18,19,1,5,0,0,0,0,0,0,0,1,1,6,6,3,-1,-1,999,1,7,VOLKSWAGEN POLO,-1,-1,0,-1
2023231380847,2023,231380847,1,9,0,4,4,6,2,0,0,8,0,0,0,0,1,1,1,1,2,25,5,1198,1,13,VOLKSWAGEN POLO,5,E01009246,0,-1
2023440475171,2023,440475171,2,9,0,18,19,3,7,0,0,0,0,0,1,1,3,1,2,2,2,36,7,999,1,5,VOLKSWAGEN POLO,6,E01015462,0,-1
2023131281374,2023,131281374,1,9,0,18,19,1,5,0,0,8,0,0,0,0,1,1,5,6,2,36,7,1598,2,13,VOLKSWAGEN POLO,1,E01011904,0,-1
2023311270631,2023,311270631,1,9,0,18,19,5,1,9,9,0,0,0,0,0,1,1,5,6,1,19,4,1198,1,16,VOLKSWAGEN POLO,-1,-1,0,-1
2023351312964,2023,351312964,1,9,0,15,15,1,5,9,9,3,1,9,3,10,1,1,6,6,1,24,5,1198,1,14,VOLKSWAGEN POLO,4,E01018062,0,-1
2023610030823,2023,610030823,2,9,0,3,3,4,8,0,0,1,0,0,0,0,2,1,1,1,2,53,8,1400,1,15,VOLKSWAGEN POLO,10,W01001591,0,-1
2023411330657,2023,411330657,1,9,0,15,15,-1,-1,0,0,1,0,0,0,0,1,1,6,6,1,-1,-1,1198,1,19,VOLKSWAGEN POLO,4,E01023403,0,-1
2023010471224,2023,010471224,1,9,0,99,99,9,9,99,99,9,9,99,9,99,2,9,6,6,1,24,5,1198,1,11,VOLKSWAGEN POLO,6,E01000232,0,-1
2023061375353,2023,061375353,1,9,0,18,19,8,4,0,0,0,0,0,0,0,1,1,5,6,2,26,6,1197,1,6,VOLKSWAGEN POLO,1,E01006239,0,-1
2023010425239,2023,010425239,1,9,0,99,99,9,9,99,99,9,9,99,9,99,2,9,6,6,1,46,8,1422,2,7,VOLKSWAGEN POLO,8,E01023666,0,-1
2023201295743,2023,201295743,2,9,0,1,1,2,6,0,0,0,0,0,0,0,2,1,6,6,2,-1,-1,1197,1,9,VOLKSWAGEN POLO,1,E01009373,0,-1
2023111265517,2023,111265517,1,9,0,18,19,1,5,0,0,1,0,0,0,0,1,1,6,6,1,23,5,999,1,3,VOLKSWAGEN POLO,7,E01020709,0,-1
2023010440991,2023,010440991,1,9,0,99,99,9,9,99,99,0,9,99,9,99,1,9,6,6,2,40,7,1390,1,22,VOLKSWAGEN POLO,8,E01030846,0,-1
2023430336760,2023,430336760,1,9,0,3,3,5,1,0,0,0,0,0,0,0,4,1,6,6,1,20,4,1198,1,12,VOLKSWAGEN POLO,-1,-1,0,-1
2023332300947,2023,332300947,2,9,0,18,19,4,8,0,0,0,0,0,0,0,2,1,2,2,2,65,9,1390,1,11,VOLKSWAGEN POLO,3,E01013719,0,-1
2023991343906,2023,991343906,2,9,0,18,19,8,4,0,0,0,0,0,0,0,1,1,6,6,1,35,6,1197,1,6,VOLKSWAGEN POLO,9,-1,0,-1
2023010477920,2023,010477920,1,9,0,99,99,9,9,99,99,0,9,99,9,99,1,9,6,6,1,24,5,999,1,3,VOLKSWAGEN POLO,3,E01001690,0,-1
2023440119271,2023,440119271,2,9,0,18,19,3,7,0,0,0,2,10,0,0,3,1,6,6,1,22,5,1798,1,7,VOLKSWAGEN POLO,4,E01022568,0,-1
2023421368800,2023,421368800,2,9,0,18,19,3,7,0,0,0,0,0,0,0,3,1,6,6,2,19,4,1198,1,9,VOLKSWAGEN POLO,2,E01021270,0,-1
2023041377930,2023,041377930,1,9,0,9,9,5,3,0,0,8,0,0,0,0,1,1,5,6,2,20,4,1198,1,13,VOLKSWAGEN POLO,8,E01024984,0,-1
2023131363137,2023,131363137,2,9,0,9,9,5,1,0,0,1,0,0,1,0,3,1,5,6,1,20,4,1400,1,18,VOLKSWAGEN POLO,4,E01032498,0,-1
2023351363858,2023,351363858,2,9,0,16,19,1,5,0,0,0,0,0,0,0,0,1,6,6,1,21,5,1198,1,13,VOLKSWAGEN POLO,9,E01018054,0,-1
2023421377894,2023,421377894,2,9,0,18,19,5,6,0,0,8,0,0,3,0,4,1,6,6,1,31,6,1197,1,9,VOLKSWAGEN POLO,9,E01021561,0,-1
2023421317153,2023,421317153,2,9,0,10,10,0,0,0,0,1,0,0,0,0,2,1,5,6,1,77,11,999,1,1,VOLKSWAGEN POLO,7,E01021950,0,-1
2023010430407,2023,010430407,3,9,0,2,2,0,0,0,0,2,0,0,0,0,3,1,6,6,3,-1,-1,999,1,1,VOLKSWAGEN POLO,-1,-1,0,-1
2023010481530,2023,010481530,1,9,0,9,9,7,5,0,0,5,0,0,0,0,1,1,6,6,1,25,5,1198,1,11,VOLKSWAGEN POLO,8,E01017738,0,-1
2023010422796,2023,010422796,1,9,0,99,99,9,9,99,99,9,9,99,9,99,9,9,6,6,1,39,7,1400,1,17,VOLKSWAGEN POLO,5,E01001248,0,-1
2023471333261,2023,471333261,1,9,0,18,19,8,4,0,0,1,0,0,0,0,1,1,5,6,1,20,4,999,1,6,VOLKSWAGEN POLO,8,E01031659,0,-1
2023010473839,2023,010473839,2,9,0,99,99,9,9,99,99,9,9,99,9,99,1,9,6,6,3,-1,-1,1390,1,15,VOLKSWAGEN POLO,-1,-1,0,-1
2023471327386,2023,471327386,1,9,0,18,19,1,5,9,9,0,0,0,0,0,1,1,5,6,1,88,11,1390,1,15,VOLKSWAGEN POLO,8,E01031369,0,-1
2023221354788,2023,221354788,1,9,0,17,19,2,7,0,0,8,0,0,1,10,1,1,5,6,1,18,4,1198,1,20,VOLKSWAGEN POLO,6,E01028840,0,-1
2023332300184,2023,332300184,1,9,0,18,19,7,3,0,0,0,0,0,7,0,1,1,2,2,1,26,6,1198,1,18,VOLKSWAGEN POLO,1,E01013720,0,-1
2023031381063,2023,031381063,2,9,0,4,4,1,1,0,0,5,0,0,0,0,2,1,6,6,1,29,6,1198,1,14,VOLKSWAGEN POLO,-1,-1,0,-1
2023501367203,2023,501367203,1,9,0,1,1,4,1,0,0,1,0,0,0,0,2,1,6,6,2,61,9,1198,1,12,VOLKSWAGEN POLO,4,E01018968,0,-1
2023361325437,2023,361325437,1,9,0,16,19,5,1,0,0,0,1,0,0,0,1,1,5,6,1,20,4,1198,1,14,VOLKSWAGEN POLO,5,E01029941,0,-1
2023141277673,2023,141277673,2,9,0,18,19,1,6,0,0,1,0,0,0,0,1,1,6,6,3,-1,-1,999,1,4,VOLKSWAGEN POLO,-1,-1,0,-1
2023991275565,2023,991275565,1,9,0,18,19,6,2,0,0,8,0,0,0,0,1,1,2,2,1,26,6,1197,1,7,VOLKSWAGEN POLO,5,-1,0,-1
2023070067669,2023,070067669,1,9,0,4,4,3,7,0,0,0,0,0,0,0,1,1,6,6,2,-1,-1,999,1,6,VOLKSWAGEN POLO,7,E01018597,0,-1
2023010435598,2023,010435598,1,9,0,99,99,9,9,99,99,9,9,99,9,99,2,9,6,6,1,32,6,1197,1,7,VOLKSWAGEN POLO,3,E01001162,0,-1
2023122301422,2023,122301422,1,9,0,18,19,5,3,0,0,1,0,0,0,0,0,1,6,6,2,33,6,999,1,9,VOLKSWAGEN POLO,9,E01013397,0,-1
2023471359810,2023,471359810,2,9,0,10,10,5,3,0,0,1,0,0,0,0,0,1,5,6,2,74,10,999,1,5,VOLKSWAGEN POLO,6,E01016953,0,-1
2023461283554,2023,461283554,1,9,0,18,19,5,1,0,0,0,0,0,0,0,1,1,6,6,3,-1,-1,1896,2,21,VOLKSWAGEN POLO,-1,-1,0,-1
2023461321107,2023,461321107,1,9,0,18,19,7,3,0,0,1,0,0,0,0,1,1,6,6,1,-1,-1,1198,1,13,VOLKSWAGEN POLO,10,E01024102,0,-1
2023340NN1062,2023,340NN1062,1,9,0,16,19,1,5,0,0,0,0,0,0,0,0,1,6,6,3,-1,-1,1198,1,10,VOLKSWAGEN POLO,-1,-1,0,-1
2023461383272,2023,461383272,2,9,0,18,19,1,5,0,0,1,0,0,0,0,1,1,6,6,1,20,4,1198,1,13,VOLKSWAGEN POLO,7,E01024302,0,-1
2023041286763,2023,041286763,2,9,0,18,19,3,7,0,0,0,1,0,0,0,2,1,6,6,1,36,7,999,1,8,VOLKSWAGEN POLO,5,E01025479,0,-1
2023421284173,2023,421284173,2,9,0,9,9,8,4,0,0,1,0,0,0,0,2,1,5,6,2,59,9,1400,1,17,VOLKSWAGEN POLO,5,E01021664,0,-1
2023111282763,2023,111282763,1,9,0,7,7,3,5,0,0,8,0,0,0,0,4,1,6,6,2,38,7,999,1,5,VOLKSWAGEN POLO,3,E01020649,0,-1
2023071141449,2023,071141449,1,9,0,18,19,5,8,0,0,0,0,0,0,0,1,1,6,6,2,27,6,1390,1,22,VOLKSWAGEN POLO,6,E01012440,0,-1
2023440434007,2023,440434007,1,9,0,7,7,1,4,0,0,2,0,0,0,0,3,1,6,6,1,21,5,999,1,2,VOLKSWAGEN POLO,5,E01002625,0,-1
2023101289952,2023,101289952,2,9,0,4,4,3,7,0,0,0,0,0,0,0,2,1,1,1,2,22,5,999,1,5,VOLKSWAGEN POLO,5,E01008675,0,-1
2023411314193,2023,411314193,2,9,0,3,3,1,5,0,0,1,0,0,0,0,2,1,5,6,2,20,4,999,1,7,VOLKSWAGEN POLO,6,E01023317,0,-1
2023052300796,2023,052300796,1,9,0,18,19,1,5,0,0,0,0,0,0,0,1,1,6,6,1,47,8,1422,2,17,VOLKSWAGEN POLO,-1,-1,0,-1
2023052302513,2023,052302513,1,9,0,9,9,5,2,0,0,8,0,0,0,0,1,1,6,6,2,18,4,1198,1,19,VOLKSWAGEN POLO,6,E01018630,0,-1
2023311315156,2023,311315156,2,9,0,3,3,0,0,0,0,1,1,7,4,0,2,1,5,6,2,24,5,999,1,0,VOLKSWAGEN POLO,1,E01013954,0,-1
2023010437233,2023,010437233,1,9,0,99,99,9,9,99,99,9,9,99,9,99,9,9,6,6,2,28,6,1197,1,6,VOLKSWAGEN POLO,6,E01003285,0,-1
2023430382636,2023,430382636,1,9,0,18,19,1,5,0,0,0,0,0,0,0,1,1,6,6,2,42,7,1197,1,7,VOLKSWAGEN POLO,8,E01004919,0,-1
2023131275798,2023,131275798,2,9,0,18,19,5,1,0,0,0,5,0,0,0,4,1,5,6,2,32,6,1400,1,16,VOLKSWAGEN POLO,6,E01004151,0,-1
2023221309905,2023,221309905,1,9,0,9,9,8,6,0,0,6,0,0,0,0,1,1,2,2,1,28,6,999,1,8,VOLKSWAGEN POLO,4,E01032358,0,-1
2023430561676,2023,430561676,1,9,0,7,7,6,8,0,0,5,0,0,0,0,4,1,6,6,2,61,9,1197,1,8,VOLKSWAGEN POLO,10,E01016604,0,-1
2023131318134,2023,131318134,2,9,0,18,19,3,7,0,0,0,1,0,0,0,3,1,2,2,2,63,9,1197,1,6,VOLKSWAGEN POLO,7,E01011068,0,-1
2023041312262,2023,041312262,1,9,0,14,14,7,3,0,0,0,0,4,0,0,1,1,5,6,1,17,4,1198,1,17,VOLKSWAGEN POLO,8,E01025178,0,-1
2023451320736,2023,451320736,2,9,0,10,10,2,8,0,0,1,1,0,0,0,1,1,6,6,2,22,5,1390,1,17,VOLKSWAGEN POLO,9,E01030712,0,-1
2023122300498,2023,122300498,1,9,0,5,5,6,2,0,0,2,0,0,0,0,3,1,6,6,2,27,6,1198,1,13,VOLKSWAGEN POLO,2,E01004253,0,-1
2023041318415,2023,041318415,2,9,0,18,19,7,3,0,0,8,0,0,0,0,1,1,5,6,2,25,5,999,1,5,VOLKSWAGEN POLO,9,E01019377,0,-1
2023991390719,2023,991390719,2,9,0,18,19,6,2,0,0,5,0,0,0,0,4,1,6,6,2,23,5,999,1,5,VOLKSWAGEN POLO,6,-1,0,-1
2023131375995,2023,131375995,2,9,0,18,19,5,1,0,0,0,0,0,0,0,3,2,5,6,2,32,6,999,1,1,VOLKSWAGEN POLO,4,E01011727,0,-1
2023991333581,2023,991333581,1,9,0,9,9,7,6,0,0,8,1,0,0,0,1,1,2,2,2,52,8,999,1,6,VOLKSWAGEN POLO,2,-1,0,-1
2023401394004,2023,401394004,2,9,-1,-1,-1,-1,-1,-1,-1,0,-1,-1,-1,0,-1,1,5,6,2,23,5,999,1,6,VOLKSWAGEN POLO,2,E01015807,0,-1
2023161351726,2023,161351726,1,9,0,18,19,1,5,0,0,0,0,0,0,0,3,1,6,6,2,47,8,999,1,6,VOLKSWAGEN POLO,1,E01033110,0,-1
2023461362486,2023,461362486,2,9,0,6,6,5,1,0,0,0,0,0,0,0,3,1,5,6,2,27,6,999,1,3,VOLKSWAGEN POLO,8,E01024328,0,-1
2023010433671,2023,010433671,1,9,0,99,99,9,9,99,99,9,9,99,9,99,2,9,6,6,2,23,5,1197,1,9,VOLKSWAGEN POLO,1,E01013849,0,-1
2023201379372,2023,201379372,3,9,0,18,19,4,8,0,0,0,0,0,0,0,1,1,6,6,2,-1,-1,1598,2,10,VOLKSWAGEN POLO,-1,-1,0,-1
2023340WN4612,2023,340WN4612,1,9,0,9,9,4,2,0,0,4,0,0,0,0,1,1,6,6,2,-1,-1,999,1,2,VOLKSWAGEN POLO,-1,-1,0,-1
2023161351032,2023,161351032,1,9,0,18,19,3,7,0,0,1,0,0,1,3,4,1,5,6,1,24,5,1798,1,7,VOLKSWAGEN POLO,1,E01013084,0,-1
2023010446078,2023,010446078,1,9,0,99,99,9,9,99,99,9,9,99,9,99,2,9,6,6,1,28,6,999,1,4,VOLKSWAGEN POLO,5,E01003751,0,-1
2023231378491,2023,231378491,2,9,0,3,3,2,6,0,0,1,0,0,0,0,2,1,6,6,2,67,10,1197,1,7,VOLKSWAGEN POLO,8,E01033255,0,-1
2023010459319,2023,010459319,2,9,0,99,99,9,9,99,99,9,9,99,9,99,1,9,6,6,3,-1,-1,1390,1,18,VOLKSWAGEN POLO,1,E01004245,0,-1
2023501292832,2023,501292832,2,9,0,17,19,1,5,0,0,0,5,0,0,0,1,1,6,6,1,28,6,999,1,4,VOLKSWAGEN POLO,4,E01018905,0,-1
2023221272673,2023,221272673,2,9,0,2,2,0,0,9,9,2,0,0,0,0,4,1,5,6,1,48,8,1422,2,15,VOLKSWAGEN POLO,10,E01032139,0,-1
2023471375873,2023,471375873,2,9,0,9,9,1,7,0,0,8,0,0,0,0,3,1,6,6,1,18,4,1198,1,13,VOLKSWAGEN POLO,7,E01031407,0,-1
2023461366317,2023,461366317,2,9,0,18,19,2,1,0,0,1,0,0,0,0,1,1,6,6,1,17,4,1400,1,17,VOLKSWAGEN POLO,2,E01024374,0,-1
2023440460662,2023,440460662,2,9,0,18,19,1,5,0,0,8,0,0,0,0,1,1,6,6,1,77,11,999,1,4,VOLKSWAGEN POLO,7,E01023223,0,-1
2023541478923,2023,541478923,2,9,0,17,19,6,2,0,0,0,0,0,0,0,1,1,1,1,2,66,10,1198,1,9,VOLKSWAGEN POLO,9,E01031930,0,-1
2023141340164,2023,141340164,1,9,0,7,7,4,8,0,0,0,0,0,2,0,1,1,1,1,1,33,6,1400,1,16,VOLKSWAGEN POLO,4,E01007445,0,-1
2023010451798,2023,010451798,2,9,0,18,19,1,5,0,0,2,0,0,1,2,3,1,6,6,2,34,6,1197,1,8,VOLKSWAGEN POLO,5,E01023342,0,-1
2023131348633,2023,131348633,2,9,0,18,19,1,5,0,0,1,0,0,0,0,3,1,6,6,2,20,4,1598,2,13,VOLKSWAGEN POLO,2,E01011913,0,-1
2023221365008,2023,221365008,1,9,0,9,9,7,5,0,0,6,0,0,0,0,1,1,5,6,1,31,6,999,1,1,VOLKSWAGEN POLO,3,E01008936,0,-1
2023522301369,2023,522301369,1,9,0,18,19,2,6,0,0,8,0,0,0,0,1,1,6,6,1,38,7,1798,1,8,VOLKSWAGEN POLO,3,E01014730,0,-1
2023501286225,2023,501286225,2,9,0,5,5,2,6,0,0,4,0,0,0,0,1,1,5,6,1,19,4,1198,1,14,VOLKSWAGEN POLO,4,E01018754,0,-1
2023371259970,2023,371259970,1,9,0,18,19,1,5,0,0,0,0,0,7,10,1,1,5,6,1,17,4,1198,1,17,VOLKSWAGEN POLO,10,E01030084,0,-1
2023451371265,2023,451371265,3,9,0,2,2,5,1,0,0,1,0,0,0,0,0,1,6,6,1,20,4,1198,1,12,VOLKSWAGEN POLO,7,E01033568,0,-1
2023531374549,2023,531374549,2,9,0,18,19,6,2,0,0,0,0,0,0,0,4,1,5,6,2,18,4,1598,2,13,VOLKSWAGEN POLO,10,E01022354,0,-1
2023440262369,2023,440262369,1,9,0,16,19,1,4,0,0,0,2,0,7,0,3,1,2,2,2,31,6,1390,1,19,VOLKSWAGEN POLO,9,E01022494,0,-1
2023122300633,2023,122300633,1,9,0,13,13,2,6,0,0,1,0,0,0,0,1,1,6,6,1,25,5,1896,2,18,VOLKSWAGEN POLO,8,E01027750,0,-1
2023501360692,2023,501360692,1,9,0,16,19,5,1,0,0,0,0,4,0,0,1,1,5,6,2,72,10,1199,2,10,VOLKSWAGEN POLO,-1,-1,0,-1
2023430030897,2023,430030897,2,9,0,18,19,7,3,0,0,1,0,0,0,0,1,1,6,6,1,-1,-1,1198,1,10,VOLKSWAGEN POLO,-1,-1,0,-1
2023471287793,2023,471287793,1,9,0,18,19,3,7,0,0,8,0,0,0,0,4,1,5,6,2,51,8,1197,1,7,VOLKSWAGEN POLO,2,E01031437,0,-1
2023461296688,2023,461296688,3,9,0,18,19,5,1,0,0,0,1,0,0,0,1,1,5,6,1,34,6,1198,1,14,VOLKSWAGEN POLO,3,E01003293,0,-1
2023070434566,2023,070434566,1,9,0,18,19,5,3,9,9,8,0,0,3,4,3,1,6,6,2,33,6,999,1,4,VOLKSWAGEN POLO,10,E01018724,0,-1
2023052301716,2023,052301716,2,9,0,16,19,2,1,0,0,8,0,0,0,0,1,1,6,6,2,19,4,1197,1,8,VOLKSWAGEN POLO,9,E01012562,0,-1
2023010436432,2023,010436432,1,9,0,18,19,1,5,0,0,1,0,7,0,0,1,1,6,6,1,25,5,999,1,4,VOLKSWAGEN POLO,2,E01003950,0,-1
2023411365138,2023,411365138,1,9,0,18,19,1,4,0,0,4,0,9,3,1,1,1,6,6,2,35,6,999,1,1,VOLKSWAGEN POLO,10,E01023853,0,-1
2023010435873,2023,010435873,1,9,0,18,19,2,6,0,0,8,0,0,0,0,3,1,6,6,1,20,4,1197,1,7,VOLKSWAGEN POLO,10,E01030350,0,-1
2023461297514,2023,461297514,1,9,0,2,2,4,8,0,0,6,0,0,1,4,1,1,6,6,2,90,11,1390,1,13,VOLKSWAGEN POLO,6,E01024260,0,-1
2023451280735,2023,451280735,2,9,0,9,9,8,5,0,0,2,0,0,0,0,1,1,6,6,2,32,6,999,1,4,VOLKSWAGEN POLO,8,E01030384,0,-1
2023451276357,2023,451276357,2,9,0,18,19,5,1,0,0,8,0,0,0,0,1,1,5,6,1,23,5,1197,1,8,VOLKSWAGEN POLO,9,E01030672,0,-1
2023552301390,2023,552301390,3,9,0,18,19,2,6,0,0,8,0,0,0,0,1,1,2,2,1,52,8,999,1,5,VOLKSWAGEN POLO,10,E01029254,0,-1
2023471260419,2023,471260419,3,9,0,18,19,6,2,0,0,0,0,0,0,0,1,1,1,1,2,33,6,1197,1,6,VOLKSWAGEN POLO,9,E01021167,0,-1
2023131281045,2023,131281045,3,9,0,2,2,4,8,0,0,8,0,0,0,0,0,1,6,6,3,-1,-1,1198,1,12,VOLKSWAGEN POLO,-1,-1,0,-1
2023411353987,2023,411353987,2,9,0,9,9,-1,-1,0,0,8,0,0,0,0,4,1,5,6,2,18,4,999,1,8,VOLKSWAGEN POLO,6,E01023874,0,-1
2023351317547,2023,351317547,1,9,0,18,19,6,2,0,0,0,0,0,0,0,4,1,6,6,3,-1,-1,999,1,2,VOLKSWAGEN POLO,-1,-1,0,-1
2023461377906,2023,461377906,1,9,0,9,9,1,5,0,0,2,0,0,0,0,1,1,2,2,1,25,5,1390,1,19,VOLKSWAGEN POLO,7,E01024317,0,-1