collision_index,collision_year,collision_ref_no,vehicle_reference,vehicle_type,towing_and_articulation,vehicle_manoeuvre_historic,vehicle_manoeuvre,vehicle_direction_from,vehicle_direction_to,vehicle_location_restricted_lane_historic,vehicle_location_restricted_lane,junction_location,skidding_and_overturning,hit_object_in_carriageway,vehicle_leaving_carriageway,hit_object_off_carriageway,first_point_of_impact,vehicle_left_hand_drive,journey_purpose_of_driver_historic,journey_purpose_of_driver,sex_of_driver,age_of_driver,age_band_of_driver,engine_capacity_cc,propulsion_code,age_of_vehicle,generic_make_model,driver_imd_decile,lsoa_of_driver,escooter_flag,driver_distance_banding
2023461354629,2023,461354629,1,9,0,18,19,5,2,0,0,0,0,0,0,0,1,1,6,6,1,22,5,999,1,4,VOLKSWAGEN POLO,9,E01024088,0,-1
2023501292641,2023,501292641,3,9,0,18,19,2,6,0,0,0,0,0,0,0,2,1,2,2,2,35,6,999,1,1,VOLKSWAGEN POLO,-1,-1,0,-1
2023361342156,2023,361342156,4,9,0,4,4,5,1,0,0,2,1,0,0,0,1,1,5,6,2,83,11,1390,1,15,VOLKSWAGEN POLO,5,E01026681,0,-1
2023221316226,2023,221316226,1,9,0,18,19,5,1,0,0,0,1,0,8,2,1,1,2,2,1,18,4,1198,1,13,VOLKSWAGEN POLO,4,E01032254,0,-1
2023440034723,2023,440034723,1,9,0,18,19,5,1,0,0,0,0,0,7,3,1,1,6,6,2,75,10,999,1,1,VOLKSWAGEN POLO,8,E01022997,0,-1
2023361412368,2023,361412368,1,9,0,18,19,6,1,0,0,0,2,0,0,0,4,1,1,1,1,17,4,1198,1,14,VOLKSWAGEN POLO,6,E01026637,0,-1
2023552301296,2023,552301296,1,9,0,9,9,2,8,0,0,6,0,0,0,0,1,1,2,2,2,19,4,1198,1,17,VOLKSWAGEN POLO,10,E01020560,0,-1
202360A019020,2023,60A019020,2,9,0,4,4,4,8,0,0,0,0,0,0,0,2,1,3,7,2,43,7,999,1,5,VOLKSWAGEN POLO,-1,-1,0,-1
2023041346380,2023,041346380,1,9,0,18,19,-1,5,0,0,0,0,0,0,0,1,1,6,6,2,18,4,1390,1,13,VOLKSWAGEN POLO,1,E01025592,0,-1
2023451330362,2023,451330362,1,9,0,9,9,1,5,0,0,2,0,0,0,0,4,1,2,2,2,35,6,1422,2,14,VOLKSWAGEN POLO,9,E01030339,0,-1
2023131263975,2023,131263975,2,9,0,18,19,5,1,0,0,8,1,0,0,0,4,1,2,2,2,64,9,1390,1,22,VOLKSWAGEN POLO,4,E01011231,0,-1
2023501368700,2023,501368700,2,9,0,4,4,5,1,0,0,0,0,0,0,0,2,1,2,2,2,45,7,999,1,6,VOLKSWAGEN POLO,4,E01020320,0,-1
2023052300049,2023,052300049,1,9,0,18,19,1,5,0,0,0,5,0,0,0,1,1,6,6,1,82,11,1197,1,6,VOLKSWAGEN POLO,7,E01007098,0,-1
2023010431749,2023,010431749,2,9,0,99,99,9,9,0,0,8,9,99,9,99,9,9,6,6,1,24,5,1198,1,17,VOLKSWAGEN POLO,1,E01001559,0,-1
2023471287589,2023,471287589,2,9,0,4,4,8,4,0,0,0,0,0,0,0,2,1,5,6,2,37,7,1984,1,4,VOLKSWAGEN POLO,5,E01021195,0,-1
2023302301818,2023,302301818,2,9,0,4,4,6,1,0,0,0,0,0,8,4,2,1,6,6,1,32,6,999,1,0,VOLKSWAGEN POLO,3,E01019776,0,-1
2023622300493,2023,622300493,2,9,0,18,19,3,7,0,0,1,0,0,0,0,1,1,6,6,2,19,4,999,1,3,VOLKSWAGEN POLO,6,W01001324,0,-1
2023421369369,2023,421369369,2,9,0,18,19,3,5,0,0,0,-1,-1,-1,0,0,1,6,6,2,36,7,1198,1,12,VOLKSWAGEN POLO,4,E01021496,0,-1
2023101349189,2023,101349189,1,9,0,17,19,2,6,0,0,0,0,0,0,0,1,1,5,6,1,90,11,999,1,8,VOLKSWAGEN POLO,10,E01027456,0,-1
2023302301883,2023,302301883,1,9,0,12,12,2,6,0,0,0,0,0,0,0,3,1,6,6,2,-1,-1,999,1,5,VOLKSWAGEN POLO,7,E01025926,0,-1
2023430271936,2023,430271936,1,9,0,18,19,4,8,0,0,1,0,0,0,0,1,1,6,6,2,80,11,1400,1,18,VOLKSWAGEN POLO,7,E01017705,0,-1
2023531305364,2023,531305364,1,9,0,5,5,3,7,0,0,8,0,0,0,0,1,1,6,6,1,78,11,1422,2,8,VOLKSWAGEN POLO,10,E01022146,0,-1
2023010470193,2023,010470193,1,9,0,5,5,1,5,0,0,1,5,7,0,0,1,1,6,6,2,80,11,1197,1,9,VOLKSWAGEN POLO,8,E01002163,0,-1
2023991304981,2023,991304981,1,9,0,5,5,6,2,0,0,0,0,0,0,0,3,1,5,6,2,72,10,1198,1,11,VOLKSWAGEN POLO,-1,-1,0,-1
2023010450949,2023,010450949,1,9,0,99,99,9,9,99,99,9,9,99,9,99,2,9,6,6,2,20,4,1390,1,10,VOLKSWAGEN POLO,3,E01001244,0,-1
2023010447852,2023,010447852,2,9,0,18,19,2,6,0,0,1,0,0,0,0,2,1,6,6,2,35,6,1198,1,12,VOLKSWAGEN POLO,-1,-1,0,-1
2023461401373,2023,461401373,2,9,0,3,3,1,4,0,0,1,0,0,0,0,2,1,6,6,2,42,7,1390,1,14,VOLKSWAGEN POLO,8,E01024448,0,-1
2023201328234,2023,201328234,1,9,0,18,19,2,6,0,0,2,0,0,0,0,1,1,6,6,1,-1,-1,1390,1,10,VOLKSWAGEN POLO,-1,-1,0,-1
2023010432318,2023,010432318,1,9,0,18,19,1,5,0,0,8,0,0,0,0,3,1,1,1,2,27,6,1197,1,7,VOLKSWAGEN POLO,9,E01004596,0,-1
2023991361670,2023,991361670,1,9,0,17,19,1,6,0,0,0,2,0,0,0,1,1,5,6,2,20,4,1198,1,10,VOLKSWAGEN POLO,5,-1,0,-1
2023302301676,2023,302301676,1,9,0,12,12,5,1,0,0,0,0,0,7,0,1,1,6,6,1,21,5,1198,1,18,VOLKSWAGEN POLO,9,E01019599,0,-1
2023440430945,2023,440430945,1,9,0,5,5,3,7,0,0,0,0,0,0,0,2,1,6,6,1,60,9,1400,1,18,VOLKSWAGEN POLO,6,E01022907,0,-1
2023010475263,2023,010475263,2,9,9,99,99,9,9,99,99,9,9,99,9,99,9,1,6,6,1,33,6,1390,1,12,VOLKSWAGEN POLO,9,E01018181,0,-1
2023531375391,2023,531375391,2,9,0,18,19,1,5,0,0,0,0,0,0,0,3,1,6,6,3,-1,-1,1400,2,23,VOLKSWAGEN POLO,-1,-1,0,-1
2023440505496,2023,440505496,2,9,0,9,9,6,3,0,0,8,0,0,1,0,1,1,6,6,2,26,6,999,1,1,VOLKSWAGEN POLO,6,E01028498,0,-1
2023141384663,2023,141384663,1,9,0,4,4,4,7,0,0,4,0,0,0,0,2,1,5,6,2,17,4,1198,1,11,VOLKSWAGEN POLO,2,E01007694,0,-1
2023371341440,2023,371341440,1,9,0,9,9,3,8,0,0,2,0,0,0,0,1,1,5,6,1,18,4,1198,1,10,VOLKSWAGEN POLO,6,E01030120,0,-1
2023311285497,2023,311285497,2,9,0,4,4,6,6,0,0,1,0,0,0,0,2,1,6,6,1,43,7,1422,2,15,VOLKSWAGEN POLO,2,E01028334,0,-1
2023622300977,2023,622300977,2,9,0,18,19,4,8,0,0,3,0,0,0,0,2,1,1,1,1,34,6,1598,2,4,VOLKSWAGEN POLO,5,W01000898,0,-1
2023622300161,2023,622300161,2,9,0,16,19,4,8,0,0,1,0,0,0,0,1,1,6,6,2,48,8,1197,1,6,VOLKSWAGEN POLO,2,W01001024,0,-1
2023451293766,2023,451293766,2,9,0,18,19,7,1,0,0,4,1,7,0,0,3,1,5,6,2,41,7,1984,1,2,VOLKSWAGEN POLO,7,E01030729,0,-1
2023411374387,2023,411374387,1,9,0,9,9,2,1,0,0,4,0,0,0,0,3,1,5,6,2,79,11,1198,1,10,VOLKSWAGEN POLO,5,E01023584,0,-1
2023010474716,2023,010474716,1,9,0,5,5,4,8,0,0,1,0,0,0,0,1,1,6,6,1,39,7,1198,1,10,VOLKSWAGEN POLO,9,E01030679,0,-1
2023320467636,2023,320467636,1,9,0,18,19,6,2,0,0,0,0,0,0,0,1,1,6,6,1,29,6,999,1,3,VOLKSWAGEN POLO,8,E01026035,0,-1
2023351358974,2023,351358974,1,9,0,4,4,1,5,0,0,0,1,0,0,0,1,1,2,2,2,19,4,1198,1,12,VOLKSWAGEN POLO,8,E01026289,0,-1
2023401310025,2023,401310025,1,9,0,9,9,7,5,0,0,1,0,10,0,0,4,1,5,6,2,23,5,1197,1,7,VOLKSWAGEN POLO,2,E01015737,0,-1
2023991308382,2023,991308382,3,9,0,2,2,0,0,0,0,0,0,0,0,0,3,1,6,6,3,-1,-1,999,1,9,VOLKSWAGEN POLO,-1,-1,0,-1
2023552300086,2023,552300086,1,9,0,18,19,4,8,0,0,0,1,0,8,4,2,1,2,2,2,22,5,1390,1,18,VOLKSWAGEN POLO,6,E01020439,0,-1
2023201322606,2023,201322606,1,9,0,18,19,6,2,0,0,0,0,0,0,0,1,1,6,6,1,31,6,1390,1,19,VOLKSWAGEN POLO,6,E01010133,0,-1
2023010439366,2023,010439366,1,9,0,18,19,7,3,0,0,0,0,0,0,0,1,1,2,2,2,30,6,999,1,2,VOLKSWAGEN POLO,-1,-1,0,-1
2023221361898,2023,221361898,1,9,0,4,4,1,5,0,0,0,0,0,0,0,2,1,6,6,1,28,6,999,1,1,VOLKSWAGEN POLO,2,E01032260,0,-1
2023451288777,2023,451288777,1,9,0,17,19,3,7,0,0,0,2,10,1,0,1,1,1,1,1,21,5,1198,1,19,VOLKSWAGEN POLO,10,E01030776,0,-1
2023041297092,2023,041297092,3,9,0,2,2,3,7,0,0,1,0,0,0,0,4,1,6,6,3,-1,-1,1197,1,6,VOLKSWAGEN POLO,-1,-1,0,-1
2023522301361,2023,522301361,3,9,0,2,2,0,0,0,0,0,0,4,0,0,2,1,6,6,1,64,9,1390,1,19,VOLKSWAGEN POLO,6,E01014891,0,-1
2023991324996,2023,991324996,1,9,0,16,19,7,3,0,0,0,1,0,0,0,1,1,5,6,1,21,5,999,1,4,VOLKSWAGEN POLO,2,-1,0,-1
2023061334258,2023,061334258,1,9,0,9,9,8,6,0,0,8,0,0,0,0,1,1,6,6,3,20,4,999,1,5,VOLKSWAGEN POLO,4,E01005710,0,-1
2023010421545,2023,010421545,2,9,0,99,99,9,9,99,99,9,9,99,9,99,1,9,6,6,1,-1,-1,1198,1,11,VOLKSWAGEN POLO,-1,-1,0,-1
2023430038202,2023,430038202,1,9,0,17,19,2,7,0,0,0,1,0,1,9,1,1,2,2,2,18,4,1198,1,15,VOLKSWAGEN POLO,10,E01016182,0,-1
2023010464643,2023,010464643,2,9,0,5,5,1,5,0,0,1,0,0,0,0,1,1,6,6,2,21,5,1400,1,16,VOLKSWAGEN POLO,2,E01003601,0,-1
2023411358571,2023,411358571,1,9,0,11,11,6,2,0,0,0,0,0,0,0,3,1,5,6,2,36,7,1390,1,13,VOLKSWAGEN POLO,3,E01017580,0,-1
2023010425830,2023,010425830,2,9,0,11,11,1,5,0,0,8,0,0,0,0,4,1,2,2,2,21,5,1390,1,19,VOLKSWAGEN POLO,2,E01000955,0,-1
2023010441738,2023,010441738,1,9,0,99,99,9,9,99,99,9,9,99,9,99,2,9,6,6,2,25,5,1198,1,17,VOLKSWAGEN POLO,4,E01003129,0,-1
2023622300591,2023,622300591,1,9,0,17,19,4,8,0,0,0,0,10,7,4,1,1,6,6,1,22,5,1984,1,4,VOLKSWAGEN POLO,9,E01032143,0,-1
2023061314329,2023,061314329,1,9,0,18,19,1,5,0,0,1,0,0,0,0,1,1,5,6,2,18,4,1198,1,11,VOLKSWAGEN POLO,7,E01005701,0,-1
2023131299438,2023,131299438,1,9,0,18,19,5,1,0,0,1,1,0,0,0,1,1,5,6,1,20,4,1198,1,15,VOLKSWAGEN POLO,4,E01011157,0,-1
2023430174676,2023,430174676,1,9,0,10,10,5,3,0,0,1,0,0,0,0,2,1,6,6,1,21,5,1199,2,9,VOLKSWAGEN POLO,5,E01017748,0,-1
2023010472247,2023,010472247,2,9,0,99,99,9,9,99,99,9,9,99,9,99,1,9,6,6,3,18,4,999,1,2,VOLKSWAGEN POLO,2,E01004423,0,-1
2023010471034,2023,010471034,1,9,0,18,19,2,6,0,0,2,0,0,0,0,1,1,6,6,1,27,6,999,1,2,VOLKSWAGEN POLO,4,E01003148,0,-1
2023141317456,2023,141317456,1,9,0,15,15,7,3,0,0,0,1,0,7,0,1,1,5,6,2,18,4,1198,1,10,VOLKSWAGEN POLO,6,E01007456,0,-1
2023610024323,2023,610024323,1,9,0,5,5,1,5,0,0,4,0,0,0,0,1,1,6,6,2,22,5,999,1,3,VOLKSWAGEN POLO,-1,-1,0,-1
2023351337775,2023,351337775,1,9,0,18,19,8,4,0,0,0,1,0,1,7,1,1,2,2,1,23,5,1400,1,18,VOLKSWAGEN POLO,5,E01029953,0,-1
2023332301291,2023,332301291,1,9,0,18,19,6,2,0,0,4,0,0,7,10,1,1,6,6,2,23,5,1390,1,9,VOLKSWAGEN POLO,4,E01013740,0,-1
2023320224112,2023,320224112,1,9,0,18,19,1,4,0,0,5,0,0,0,0,1,1,6,6,2,29,6,1798,1,7,VOLKSWAGEN POLO,7,E01026199,0,-1
2023122301199,2023,122301199,1,9,0,18,19,4,8,0,0,0,0,0,7,0,1,1,6,6,1,21,5,1798,1,7,VOLKSWAGEN POLO,5,E01011392,0,-1
2023010483391,2023,010483391,1,9,0,18,19,4,8,0,0,1,0,0,0,0,1,1,2,2,2,21,5,1198,1,11,VOLKSWAGEN POLO,4,E01000802,0,-1
2023471371855,2023,471371855,1,9,0,17,19,8,4,0,0,0,1,0,1,4,1,1,5,6,1,17,4,1390,1,14,VOLKSWAGEN POLO,8,E01031624,0,-1
2023031378354,2023,031378354,1,9,0,16,19,5,4,0,0,0,0,0,0,0,1,1,6,6,1,20,4,1198,1,11,VOLKSWAGEN POLO,-1,-1,0,-1
2023010445994,2023,010445994,2,9,0,99,99,9,9,99,99,9,9,99,9,99,1,9,6,6,1,23,5,1422,2,9,VOLKSWAGEN POLO,3,E01001370,0,-1
2023010479552,2023,010479552,1,9,0,16,19,1,5,0,0,1,0,0,0,0,1,1,2,2,2,77,11,1197,1,8,VOLKSWAGEN POLO,10,E01000283,0,-1
2023141302501,2023,141302501,1,9,0,18,19,5,1,0,0,0,1,0,0,0,1,1,5,6,1,20,4,1798,1,8,VOLKSWAGEN POLO,7,E01033280,0,-1
2023141266013,2023,141266013,5,9,0,18,19,5,1,0,0,0,1,0,0,0,2,1,6,6,2,22,5,999,1,1,VOLKSWAGEN POLO,6,E01007649,0,-1
2023430397008,2023,430397008,1,9,0,18,19,5,1,0,0,1,5,7,0,0,1,1,6,6,1,17,4,1198,1,11,VOLKSWAGEN POLO,-1,-1,0,-1
2023010474191,2023,010474191,1,9,0,9,9,5,3,0,0,5,0,0,0,0,3,1,2,2,1,37,7,999,1,2,VOLKSWAGEN POLO,1,E01003252,0,-1
2023471279897,2023,471279897,1,9,0,18,19,5,1,0,0,0,5,0,0,0,1,1,2,2,1,39,7,1390,1,11,VOLKSWAGEN POLO,9,E01021225,0,-1
2023501265428,2023,501265428,2,9,0,9,9,7,5,0,0,8,0,0,0,0,3,1,6,6,2,19,4,1198,1,13,VOLKSWAGEN POLO,4,E01018759,0,-1
2023440011184,2023,440011184,1,9,0,18,19,7,3,0,0,1,0,0,0,0,0,1,6,6,1,25,5,999,1,5,VOLKSWAGEN POLO,3,E01017267,0,-1
2023361357989,2023,361357989,1,9,0,7,7,7,5,8,6,6,0,0,7,0,3,1,5,6,2,79,11,999,1,5,VOLKSWAGEN POLO,8,E01001967,0,-1
2023471372145,2023,471372145,2,9,0,3,3,1,3,0,0,1,0,0,0,0,1,1,6,6,2,41,7,1390,1,18,VOLKSWAGEN POLO,2,E01020998,0,-1
2023010420352,2023,010420352,1,9,0,99,99,9,9,99,99,9,9,99,9,99,9,9,6,6,3,-1,-1,1198,1,21,VOLKSWAGEN POLO,4,E01001896,0,-1
202363A010823,2023,63A010823,1,9,0,18,19,3,7,0,0,0,2,0,1,9,1,1,6,6,1,17,4,1198,1,11,VOLKSWAGEN POLO,2,W01000936,0,-1
2023451306828,2023,451306828,4,9,0,3,3,5,7,0,0,0,0,0,0,0,4,1,5,6,2,53,8,1390,1,14,VOLKSWAGEN POLO,9,E01030723,0,-1
2023430027432,2023,430027432,2,9,0,18,19,1,5,0,0,1,0,0,0,0,1,1,6,6,2,24,5,1198,1,13,VOLKSWAGEN POLO,8,E01016567,0,-1
2023131324195,2023,131324195,1,9,0,9,9,6,3,0,0,8,0,0,0,0,4,1,2,2,1,17,4,1198,1,13,VOLKSWAGEN POLO,4,E01031550,0,-1
2023031326782,2023,031326782,2,9,0,17,19,8,4,0,0,0,0,0,0,0,1,1,6,6,1,22,5,999,1,8,VOLKSWAGEN POLO,4,E01019276,0,-1
2023041283198,2023,041283198,1,9,0,18,19,8,4,0,0,0,1,0,7,4,3,1,6,6,1,18,4,1000,1,23,VOLKSWAGEN POLO,5,E01025153,0,-1
2023052301836,2023,052301836,2,9,0,18,19,7,3,0,0,0,0,0,0,0,2,1,6,6,2,39,7,999,1,7,VOLKSWAGEN POLO,9,E01007171,0,-1
2023520000582,2023,520000582,2,9,0,18,19,2,6,0,0,0,0,0,0,0,1,1,6,6,2,25,5,999,1,7,VOLKSWAGEN POLO,5,E01014426,0,-1
2023131308594,2023,131308594,1,9,0,18,19,3,7,0,0,2,0,0,0,0,4,1,1,1,1,46,8,1198,1,9,VOLKSWAGEN POLO,1,E01011912,0,-1
2023302301033,2023,302301033,1,9,0,5,5,6,8,0,0,2,0,0,0,0,1,1,2,2,2,31,6,1198,1,10,VOLKSWAGEN POLO,1,E01013480,0,-1
2023440291598,2023,440291598,2,9,0,18,19,4,8,0,0,8,0,0,0,0,1,1,1,1,1,18,4,1198,1,17,VOLKSWAGEN POLO,5,E01017317,0,-1
2023440115513,2023,440115513,1,9,0,18,19,3,7,0,0,1,0,0,0,0,1,1,6,6,1,82,11,1198,1,16,VOLKSWAGEN POLO,10,E01022954,0,-1
2023131317433,2023,131317433,1,9,0,13,13,1,1,0,0,0,2,0,1,0,4,1,5,6,1,20,4,1798,1,6,VOLKSWAGEN POLO,5,E01011500,0,-1
2023371355154,2023,371355154,2,9,0,18,19,7,3,0,0,0,0,0,0,0,1,1,6,6,1,21,5,1198,1,17,VOLKSWAGEN POLO,2,E01030023,0,-1
2023010486808,2023,010486808,1,9,9,99,99,9,9,99,99,0,9,99,9,99,9,9,6,6,3,-1,-1,1390,1,13,VOLKSWAGEN POLO,-1,-1,0,-1
2023122300423,2023,122300423,2,9,0,18,19,7,3,0,0,1,0,0,1,4,1,1,6,6,1,28,6,1198,1,19,VOLKSWAGEN POLO,10,E01013355,0,-1
2023332300019,2023,332300019,1,9,0,18,19,1,5,0,0,1,0,0,0,0,1,1,2,2,2,66,10,1197,1,7,VOLKSWAGEN POLO,8,E01027026,0,-1
2023471340959,2023,471340959,2,9,0,3,3,2,6,0,0,1,0,0,0,0,2,1,5,6,1,19,4,1198,1,13,VOLKSWAGEN POLO,3,E01031492,0,-1
2023451306847,2023,451306847,1,9,0,18,19,3,7,0,0,0,2,0,0,0,1,1,5,6,1,24,5,1198,1,16,VOLKSWAGEN POLO,4,E01030601,0,-1
2023010466623,2023,010466623,2,9,0,17,19,5,2,0,0,0,1,10,0,0,4,1,6,6,1,41,7,1390,1,16,VOLKSWAGEN POLO,2,E01004253,0,-1
2023411261522,2023,411261522,1,9,0,1,1,6,1,0,0,1,0,0,0,0,4,1,6,6,1,-1,-1,999,1,8,VOLKSWAGEN POLO,7,E01023572,0,-1
2023010464731,2023,010464731,2,9,0,99,99,9,9,99,99,9,9,99,9,99,1,9,6,6,3,-1,-1,1400,1,18,VOLKSWAGEN POLO,-1,-1,0,-1
2023302300397,2023,302300397,1,9,0,18,19,5,1,0,0,0,0,0,7,11,1,1,6,6,2,70,10,1197,1,9,VOLKSWAGEN POLO,9,E01019703,0,-1
2023451371388,2023,451371388,1,9,0,18,19,1,5,0,0,3,0,0,1,9,2,1,5,6,2,71,10,1390,1,24,VOLKSWAGEN POLO,10,E01030907,0,-1
2023201385436,2023,201385436,1,9,0,9,9,4,2,0,0,5,0,0,0,0,1,1,6,6,1,26,6,1198,1,16,VOLKSWAGEN POLO,2,E01010521,0,-1
2023052301626,2023,052301626,2,9,0,18,19,8,6,0,0,8,0,0,4,1,4,1,6,6,1,18,4,999,1,1,VOLKSWAGEN POLO,10,E01027674,0,-1
2023010427068,2023,010427068,2,9,0,99,99,9,9,99,99,0,9,99,9,99,1,9,6,6,3,-1,-1,1197,1,6,VOLKSWAGEN POLO,1,E01004040,0,-1
2023010473876,2023,010473876,2,9,0,99,99,9,9,99,99,9,9,99,9,99,9,9,6,6,3,-1,-1,1197,1,7,VOLKSWAGEN POLO,-1,-1,0,-1
2023010426860,2023,010426860,1,9,0,16,19,3,7,0,0,0,0,10,1,3,1,1,6,6,1,31,6,1197,1,6,VOLKSWAGEN POLO,3,E01001479,0,-1
2023010465751,2023,010465751,2,9,0,99,99,9,9,99,99,9,9,99,9,99,1,9,6,6,3,-1,-1,999,1,4,VOLKSWAGEN POLO,-1,-1,0,-1
2023520401059,2023,520401059,1,9,0,18,19,4,1,0,0,8,0,0,0,0,1,1,6,6,2,23,5,999,1,8,VOLKSWAGEN POLO,5,E01032629,0,-1
2023010456514,2023,010456514,2,9,0,2,2,0,0,0,0,0,0,0,0,0,2,1,6,6,3,-1,-1,999,1,5,VOLKSWAGEN POLO,-1,-1,0,-1
2023041341944,2023,041341944,1,9,0,9,9,7,5,0,0,5,0,0,0,0,4,1,5,6,2,29,6,1390,1,19,VOLKSWAGEN POLO,4,E01012607,0,-1
2023201277480,2023,201277480,1,9,0,18,19,8,4,0,0,0,0,0,0,0,1,1,6,6,1,24,5,999,1,6,VOLKSWAGEN POLO,3,E01025949,0,-1
2023231352373,2023,231352373,2,9,0,18,19,7,3,0,0,8,0,0,0,0,1,1,5,6,1,77,11,999,1,1,VOLKSWAGEN POLO,9,E01031219,0,-1
2023311383973,2023,311383973,2,9,0,18,19,7,3,0,0,1,0,0,0,0,1,1,6,6,1,22,5,1197,1,7,VOLKSWAGEN POLO,9,E01028222,0,-1
2023471390679,2023,471390679,1,9,0,18,19,7,3,0,0,0,1,0,1,2,1,1,5,6,1,79,11,1199,2,10,VOLKSWAGEN POLO,5,E01016886,0,-1
2023411427860,2023,411427860,2,9,0,2,2,0,0,0,0,0,0,0,0,0,2,1,6,6,3,-1,-1,1197,1,6,VOLKSWAGEN POLO,-1,-1,0,-1
2023131324242,2023,131324242,1,9,0,18,19,5,1,0,0,8,0,0,7,1,4,1,5,6,2,20,4,999,1,1,VOLKSWAGEN POLO,1,E01010673,0,-1
2023010419691,2023,010419691,2,9,0,18,19,4,8,0,0,0,0,0,0,0,2,1,6,6,2,26,6,1198,1,11,VOLKSWAGEN POLO,5,E01002591,0,-1
2023401374431,2023,401374431,1,9,0,4,4,2,6,0,0,0,0,0,0,0,1,1,5,6,2,26,6,1198,1,13,VOLKSWAGEN POLO,7,E01001226,0,-1
2023231269888,2023,231269888,1,9,0,18,19,6,2,0,0,0,0,0,2,6,1,1,6,6,1,21,5,999,1,5,VOLKSWAGEN POLO,8,E01031260,0,-1
2023332300748,2023,332300748,2,9,0,4,4,4,8,0,0,0,0,0,0,0,2,1,6,6,2,29,6,1197,1,8,VOLKSWAGEN POLO,-1,-1,0,-1
2023041310761,2023,041310761,1,9,0,17,19,5,3,0,0,0,5,0,0,0,1,1,5,6,2,17,4,1422,2,15,VOLKSWAGEN POLO,5,E01025543,0,-1
2023041376800,2023,041376800,2,9,0,17,19,3,2,0,0,0,0,0,0,0,1,1,5,6,2,35,6,999,1,7,VOLKSWAGEN POLO,1,E01012595,0,-1
2023141310286,2023,141310286,1,9,0,5,5,5,8,8,6,6,0,0,0,0,1,1,5,6,2,18,4,1400,1,16,VOLKSWAGEN POLO,2,E01007726,0,-1
2023141389352,2023,141389352,1,9,0,18,19,5,1,0,0,0,0,0,0,0,1,1,5,6,2,60,9,1198,1,17,VOLKSWAGEN POLO,2,E01007517,0,-1
2023031314826,2023,031314826,1,9,0,18,19,5,8,0,0,0,0,0,7,0,3,1,5,6,1,18,4,1198,1,16,VOLKSWAGEN POLO,6,E01019339,0,-1
2023302301586,2023,302301586,2,9,0,9,9,7,4,0,0,8,0,0,0,0,4,1,6,6,2,26,6,999,1,6,VOLKSWAGEN POLO,5,E01019564,0,-1
2023141393157,2023,141393157,2,9,0,9,9,5,3,0,0,6,0,0,0,0,3,1,5,6,1,41,7,999,1,2,VOLKSWAGEN POLO,8,E01008149,0,-1
2023231377206,2023,231377206,1,9,0,16,19,3,5,0,0,0,1,0,7,11,1,1,5,6,1,18,4,1198,1,12,VOLKSWAGEN POLO,4,E01010149,0,-1
2023010439483,2023,010439483,2,9,0,18,19,1,5,0,0,1,1,4,0,0,2,1,6,6,1,28,6,999,1,7,VOLKSWAGEN POLO,5,E01003741,0,-1
2023411305724,2023,411305724,1,9,0,6,6,4,8,0,0,8,0,0,0,0,3,1,3,7,2,49,8,999,1,1,VOLKSWAGEN POLO,10,E01023313,0,-1
2023421269790,2023,421269790,2,9,0,4,4,3,7,0,0,1,0,0,0,0,2,1,6,6,2,84,11,999,1,7,VOLKSWAGEN POLO,8,E01021944,0,-1
2023471272999,2023,471272999,1,9,0,18,19,4,1,0,0,0,0,0,0,0,1,1,6,6,1,82,11,1390,1,9,VOLKSWAGEN POLO,10,E01031759,0,-1
2023010429444,2023,010429444,1,9,0,99,99,9,9,99,99,9,9,99,9,99,2,9,2,2,2,21,5,999,1,6,VOLKSWAGEN POLO,8,E01022091,0,-1
2023451279912,2023,451279912,1,9,0,18,19,3,7,0,0,1,1,0,1,4,1,1,5,6,1,17,4,999,1,5,VOLKSWAGEN POLO,10,E01030986,0,-1
2023010427213,2023,010427213,2,5,0,18,19,5,1,0,0,2,0,0,0,0,4,1,6,6,1,59,9,599,1,24,YAMAHA FZS,6,E01001984,0,-1
2023361359371,2023,361359371,2,5,0,18,19,7,3,0,0,0,1,0,7,0,1,1,5,6,1,56,9,998,1,22,YAMAHA FZS,8,E01026578,0,-1
2023552300737,2023,552300737,2,5,0,18,19,8,4,0,0,8,1,0,0,0,1,1,2,2,1,48,8,599,1,24,YAMAHA FZS,1,E01015309,0,-1
2023471338324,2023,471338324,2,5,0,18,19,5,1,0,0,1,0,0,1,0,1,1,5,6,1,45,7,599,1,21,YAMAHA FZS,4,E01031522,0,-1
2023622300709,2023,622300709,2,5,0,18,19,8,4,0,0,1,0,0,0,0,1,1,6,6,1,37,7,599,1,21,YAMAHA FZS,4,W01001272,0,-1
2023440041787,2023,440041787,3,5,0,18,19,5,1,0,0,8,0,0,0,0,1,1,6,6,1,63,9,998,1,20,YAMAHA FZS,10,E01016571,0,-1
2023320447008,2023,320447008,2,5,0,18,19,4,8,0,0,8,1,0,7,0,4,1,2,2,1,57,9,599,1,21,YAMAHA FZS,10,E01026189,0,-1
2023010484421,2023,010484421,1,5,0,99,99,9,9,99,99,9,9,99,9,99,1,1,2,2,1,42,7,599,1,21,YAMAHA FZS,5,E01004353,0,-1
2023991324082,2023,991324082,2,5,0,18,19,5,1,0,0,8,0,0,0,0,1,1,5,6,1,58,9,599,1,20,YAMAHA FZS,1,-1,0,-1
2023471352717,2023,471352717,1,5,0,16,19,7,4,0,0,0,5,0,7,0,1,1,6,6,1,26,6,599,1,20,YAMAHA FZS,5,E01031442,0,-1
2023440314449,2023,440314449,1,5,0,18,19,2,6,0,0,0,1,0,0,0,0,1,6,6,1,58,9,599,1,20,YAMAHA FZS,3,E01015305,0,-1