collision_index,collision_year,collision_ref_no,vehicle_reference,vehicle_type,towing_and_articulation,vehicle_manoeuvre_historic,vehicle_manoeuvre,vehicle_direction_from,vehicle_direction_to,vehicle_location_restricted_lane_historic,vehicle_location_restricted_lane,junction_location,skidding_and_overturning,hit_object_in_carriageway,vehicle_leaving_carriageway,hit_object_off_carriageway,first_point_of_impact,vehicle_left_hand_drive,journey_purpose_of_driver_historic,journey_purpose_of_driver,sex_of_driver,age_of_driver,age_band_of_driver,engine_capacity_cc,propulsion_code,age_of_vehicle,generic_make_model,driver_imd_decile,lsoa_of_driver,escooter_flag,driver_distance_banding
2023010458005,2023,010458005,1,3,0,99,99,9,9,99,99,9,9,99,9,99,9,1,1,1,1,30,6,125,1,3,SYM JET,7,E01021797,0,-1
2023522300974,2023,522300974,1,5,0,18,19,8,5,0,0,8,0,0,0,0,4,1,6,6,1,28,6,125,1,0,-1,1,E01014832,0,-1
2023010482632,2023,010482632,1,3,0,99,99,9,9,99,99,9,9,99,9,99,9,1,1,1,1,62,9,125,1,2,SYM JET,2,E01000075,0,-1
2023340NN1002,2023,340NN1002,2,3,0,18,19,5,1,0,0,1,1,0,1,0,3,1,6,6,1,23,5,49,1,13,SYM JET,3,E01027104,0,-1
2023010425845,2023,010425845,1,3,0,99,99,9,9,99,99,0,9,99,9,99,1,1,6,6,1,22,5,125,1,1,SYM JET,3,E01001238,0,-1
2023131348900,2023,131348900,2,3,0,18,19,2,1,0,0,1,0,0,0,0,1,1,6,6,1,25,5,125,1,3,SYM JET,1,E01011001,0,-1
2023141379864,2023,141379864,2,3,0,18,19,1,5,0,0,0,0,0,0,0,1,1,6,6,1,18,4,125,1,4,SYM JET,4,E01007780,0,-1
2023010468010,2023,010468010,1,3,0,18,19,1,5,0,0,2,0,0,0,0,0,1,1,1,1,21,5,125,1,0,SYM JET,6,E01003152,0,-1
2023052301057,2023,052301057,2,3,0,18,19,3,7,0,0,1,0,0,0,0,1,1,6,6,1,15,3,125,1,3,SYM JET,7,E01007196,0,-1
2023010475592,2023,010475592,1,3,0,6,6,1,1,0,0,0,1,0,0,0,0,1,1,1,1,23,5,125,1,0,SYM JET,6,E01003030,0,-1
2023231284490,2023,231284490,1,3,0,18,19,4,8,0,0,0,0,0,0,0,1,1,6,6,1,26,6,125,1,5,SYM JET,3,E01031173,0,-1
2023211287033,2023,211287033,2,4,0,18,19,7,5,0,0,8,0,0,0,0,1,1,6,6,1,41,7,124,1,12,-1,3,E01014364,0,-1
2023010433498,2023,010433498,1,3,0,99,99,9,9,99,99,9,9,99,9,99,9,1,6,6,1,22,5,125,1,2,SYM JET,3,E01001366,0,-1
2023010463139,2023,010463139,1,3,0,99,99,9,9,99,99,9,9,99,9,99,2,1,1,1,1,27,6,125,1,3,SYM JET,3,E01003352,0,-1
2023010459547,2023,010459547,1,3,0,99,99,9,9,99,99,9,9,99,9,99,9,1,1,1,1,20,4,125,1,2,SYM JET,7,E01000296,0,-1
2023522301332,2023,522301332,1,3,0,18,19,7,3,0,0,1,0,0,0,0,1,1,6,6,1,21,5,125,1,1,SYM JET,4,E01014704,0,-1
2023501278900,2023,501278900,2,3,0,18,19,5,1,0,0,1,0,0,0,0,1,1,6,6,1,38,7,125,1,1,SYM JET,1,E01014831,0,-1
2023161389137,2023,161389137,1,3,0,18,19,7,3,0,0,0,0,0,0,0,1,1,5,6,1,64,9,125,1,2,SYM JET,1,E01012846,0,-1
2023010425119,2023,010425119,1,3,0,99,99,9,9,99,99,0,9,99,9,99,1,1,2,2,1,50,8,125,1,2,SYM JET,5,E01001685,0,-1
2023010445039,2023,010445039,1,3,0,4,4,3,7,0,0,1,0,0,0,0,1,1,2,2,1,30,6,125,1,4,SYM JET,5,E01002692,0,-1
2023010475597,2023,010475597,2,3,0,15,15,5,1,0,0,1,1,0,0,0,1,1,1,1,1,24,5,125,1,0,SYM JET,3,E01001089,0,-1
2023010483148,2023,010483148,1,3,0,99,99,9,9,99,99,9,9,99,9,99,9,1,1,1,1,44,7,125,1,2,SYM JET,5,E01004370,0,-1
2023010460347,2023,010460347,1,3,0,4,4,7,3,0,0,1,0,10,0,0,2,1,6,6,2,25,5,125,1,1,SYM JET,3,E01003387,0,-1
2023501284704,2023,501284704,2,2,0,5,5,7,7,0,0,0,0,0,0,0,3,1,6,6,1,20,4,49,1,16,SYM JET,3,E01015061,0,-1
2023401313652,2023,401313652,2,2,0,9,9,5,1,0,0,4,2,0,0,0,0,1,2,2,1,53,8,49,1,9,SYM JET,10,E01017532,0,-1
2023302301015,2023,302301015,2,3,0,5,5,5,1,0,0,8,0,0,0,0,0,1,6,6,1,31,6,125,1,0,SYM JET,1,E01019662,0,-1
2023111263178,2023,111263178,2,3,0,18,19,5,2,0,0,0,0,0,0,0,1,1,6,6,2,48,8,125,1,5,SYM JET,7,E01012345,0,-1
2023411388113,2023,411388113,1,3,0,18,19,4,1,0,0,4,1,9,3,10,1,1,6,6,1,22,5,125,1,1,SYM JET,6,E01023746,0,-1
2023361371057,2023,361371057,2,4,0,18,19,5,3,0,0,1,0,0,0,0,1,1,1,1,1,18,4,125,1,2,-1,2,E01026844,0,-1
2023122301247,2023,122301247,1,4,0,9,9,5,1,0,0,0,0,0,0,0,1,1,1,1,1,20,4,125,1,0,-1,9,E01013365,0,-1
2023041340850,2023,041340850,1,2,0,18,19,1,5,0,0,0,1,0,0,0,1,1,6,6,1,16,4,49,1,7,SYM JET,6,E01032928,0,-1
2023361388404,2023,361388404,1,2,0,18,19,8,5,0,0,0,0,4,0,0,1,1,2,2,2,21,5,49,1,6,SYM JET,4,E01026659,0,-1
2023010462258,2023,010462258,1,3,0,18,19,5,1,0,0,1,0,10,0,0,0,1,6,6,1,36,7,125,1,1,SYM JET,4,E01003119,0,-1
2023010443333,2023,010443333,1,4,0,5,5,3,7,0,0,8,0,0,0,0,1,1,1,1,1,55,8,169,1,4,-1,-1,-1,0,-1
2023311291457,2023,311291457,1,3,0,4,4,7,3,0,0,0,2,0,0,0,3,1,5,6,1,50,8,124,1,7,SYM JET,2,E01019453,0,-1
2023041348789,2023,041348789,1,2,0,18,19,3,7,0,0,0,0,0,0,0,1,1,2,2,1,16,4,49,1,0,SYM JET,10,E01025424,0,-1
2023201291950,2023,201291950,1,97,0,18,19,8,4,0,0,8,0,0,0,0,1,1,3,7,1,16,4,49,1,15,-1,4,E01010323,0,-1
2023010421713,2023,010421713,1,3,0,99,99,9,9,99,99,9,9,99,9,99,1,1,6,6,1,20,4,125,1,1,SYM JET,3,E01023954,0,-1
2023471347767,2023,471347767,2,3,0,18,19,6,2,0,0,0,0,0,0,0,2,1,5,6,2,59,9,125,1,4,SYM JET,5,E01016884,0,-1
2023361386911,2023,361386911,1,3,0,18,19,8,4,0,0,0,0,0,0,0,1,1,6,6,2,23,5,125,1,0,SYM JET,8,E01026840,0,-1
2023302300889,2023,302300889,1,3,0,18,19,2,6,0,0,0,0,0,0,0,3,1,6,6,1,46,8,125,1,3,SYM JET,2,E01033172,0,-1
2023131313072,2023,131313072,1,3,0,9,9,1,5,0,0,8,1,0,0,0,1,1,1,1,1,17,4,125,1,1,SYM JET,8,E01010859,0,-1
2023010477226,2023,010477226,2,3,0,18,19,5,1,0,0,2,0,0,0,0,1,1,6,6,1,26,6,125,1,3,SYM JET,3,E01001492,0,-1
2023010450148,2023,010450148,2,3,0,7,7,1,3,6,6,1,5,0,1,0,2,1,6,6,1,31,6,125,1,8,-1,2,E01004574,0,-1
2023010476259,2023,010476259,1,3,9,99,99,9,9,99,99,9,9,99,9,99,1,1,1,1,1,26,6,125,1,8,-1,10,E01030902,0,-1
2023010456270,2023,010456270,1,3,0,8,8,3,6,0,0,8,0,0,0,0,2,1,2,2,1,28,6,125,1,8,-1,4,E01002607,0,-1
2023010461252,2023,010461252,2,4,0,18,19,6,2,0,0,0,0,0,0,0,1,1,1,1,1,27,6,125,1,8,-1,4,E01001199,0,-1
2023010449882,2023,010449882,2,2,0,18,19,5,1,0,0,0,0,0,0,0,4,1,2,2,1,34,6,125,1,8,-1,5,E01000892,0,-1
2023622300203,2023,622300203,1,90,0,18,19,6,2,0,0,1,0,10,1,11,4,1,6,6,1,31,6,686,1,17,YAMAHA MODEL MISSING,4,W01000944,0,-1
2023371361493,2023,371361493,2,3,0,3,3,1,5,0,0,2,0,0,0,0,2,1,6,6,1,29,6,124,1,27,YAMAHA MODEL MISSING,2,E01030227,0,-1
2023031346541,2023,031346541,2,17,0,18,19,1,5,0,0,1,0,0,0,0,1,1,5,6,1,26,6,700,1,5,-1,9,E01019349,0,-1
2023991355568,2023,991355568,1,5,0,17,19,8,4,0,0,8,2,0,0,0,4,1,5,6,2,48,8,749,1,29,YAMAHA MODEL MISSING,7,-1,0,-1
2023622300955,2023,622300955,1,5,0,18,19,6,2,0,0,1,0,0,0,0,1,1,2,2,1,32,6,599,1,26,YAMAHA MODEL MISSING,5,W01001101,0,-1
2023991341600,2023,991341600,1,5,0,16,19,2,6,0,0,0,1,0,0,0,1,1,6,6,1,62,9,749,1,27,YAMAHA MODEL MISSING,8,-1,0,-1
2023430291937,2023,430291937,1,5,0,18,19,2,5,0,0,0,0,0,0,0,3,1,6,6,1,32,6,599,1,13,YAMAHA MODEL MISSING,9,E01010154,0,-1
2023471278415,2023,471278415,2,5,0,13,13,8,4,0,0,0,1,0,0,0,4,1,2,2,1,39,7,599,1,26,YAMAHA MODEL MISSING,4,E01031344,0,-1
2023320545868,2023,320545868,1,5,0,4,4,2,6,0,0,0,5,0,0,0,3,1,6,6,1,59,9,599,1,26,YAMAHA MODEL MISSING,8,E01026269,0,-1
2023221380747,2023,221380747,2,4,0,18,19,8,4,0,0,8,0,0,0,0,1,1,6,6,1,54,8,595,1,39,YAMAHA MODEL MISSING,5,E01032428,0,-1
2023991346119,2023,991346119,1,90,0,18,19,7,3,0,0,0,5,0,0,0,0,1,1,1,1,41,7,348,1,3,YAMAHA MODEL MISSING,-1,-1,0,-1
2023430550478,2023,430550478,2,4,0,18,19,2,6,0,0,2,1,0,0,0,0,1,2,2,1,57,9,225,1,32,YAMAHA MODEL MISSING,2,E01015573,0,-1
2023052301645,2023,052301645,2,5,0,14,14,8,4,0,0,0,0,0,0,0,1,1,2,2,1,42,7,598,1,30,YAMAHA MODEL MISSING,4,E01007206,0,-1
2023221291281,2023,221291281,1,5,0,18,19,5,1,0,0,0,0,0,0,0,1,1,5,6,1,65,9,1854,1,15,YAMAHA MODEL MISSING,1,E01006426,0,-1
2023131313504,2023,131313504,1,90,0,18,19,3,7,0,0,0,0,0,0,0,1,1,6,6,1,33,6,686,1,16,YAMAHA MODEL MISSING,4,E01011098,0,-1
2023461366740,2023,461366740,2,2,0,18,19,7,3,0,0,0,0,0,0,0,1,1,6,6,1,68,10,79,1,37,-1,7,E01024554,0,-1
2023440242458,2023,440242458,1,4,0,14,14,5,1,0,0,1,0,0,0,0,1,1,6,6,1,71,10,195,1,42,YAMAHA MODEL MISSING,3,E01023085,0,-1
2023041274973,2023,041274973,1,3,0,2,2,1,5,0,0,1,0,0,1,0,1,1,1,1,1,63,9,124,1,31,YAMAHA MODEL MISSING,1,E01025227,0,-1
2023461367315,2023,461367315,1,5,0,16,19,1,5,0,0,0,2,0,0,0,1,1,6,6,1,-1,-1,1188,1,28,YAMAHA MODEL MISSING,-1,-1,0,-1
2023440057387,2023,440057387,1,5,0,18,19,1,5,0,0,8,0,2,0,0,1,1,6,6,1,55,8,998,1,25,YAMAHA MODEL MISSING,5,E01023285,0,-1
2023371372447,2023,371372447,1,5,0,18,19,1,5,0,0,0,0,0,0,0,1,1,5,6,1,76,11,535,1,30,YAMAHA MODEL MISSING,4,E01030208,0,-1
2023131357041,2023,131357041,1,5,0,11,11,8,4,0,0,0,1,0,1,9,3,1,6,6,1,60,9,1188,1,31,YAMAHA MODEL MISSING,2,E01010796,0,-1
2023070318549,2023,070318549,2,4,0,4,4,3,7,0,0,4,0,0,0,0,2,1,6,6,1,67,10,697,1,37,YAMAHA MODEL MISSING,6,E01018682,0,-1
2023411387576,2023,411387576,2,4,0,18,19,1,5,0,0,8,0,0,0,0,1,1,6,6,1,61,9,124,1,27,YAMAHA MODEL MISSING,4,E01023543,0,-1
2023211323740,2023,211323740,2,3,0,18,19,1,5,0,0,0,2,0,0,0,1,1,6,6,1,26,6,125,1,20,YAMAHA MODEL MISSING,-1,-1,0,-1
2023451348081,2023,451348081,1,3,0,18,19,5,1,0,0,8,2,0,0,0,1,1,6,6,1,68,10,350,1,50,YAMAHA MODEL MISSING,9,E01030636,0,-1
2023201281679,2023,201281679,2,9,0,18,19,1,5,0,0,8,0,0,0,0,1,1,6,6,1,26,6,700,1,1,-1,9,E01010328,0,-1
2023161274061,2023,161274061,1,5,0,18,19,5,1,0,0,0,5,10,8,11,3,1,6,6,1,19,4,598,1,30,YAMAHA MODEL MISSING,1,E01012805,0,-1
2023010463264,2023,010463264,1,5,0,18,19,3,7,0,0,1,0,0,0,0,1,1,6,6,1,53,8,849,1,25,YAMAHA MODEL MISSING,2,E01004242,0,-1
2023361271645,2023,361271645,2,4,0,16,19,1,5,0,0,2,0,0,0,0,4,1,5,6,1,69,10,493,1,27,YAMAHA MODEL MISSING,9,E01026938,0,-1
202360A134221,2023,60A134221,1,5,0,18,19,6,2,0,0,4,0,0,3,0,0,1,6,6,1,31,6,599,1,27,YAMAHA MODEL MISSING,-1,-1,0,-1
2023320322374,2023,320322374,1,5,0,13,13,4,8,0,0,0,5,10,0,0,2,1,6,6,1,57,9,1100,1,42,YAMAHA MODEL MISSING,4,E01026253,0,-1
2023531271696,2023,531271696,2,5,0,3,3,7,3,0,0,1,0,0,0,0,1,1,6,6,1,63,9,1002,1,27,YAMAHA MODEL MISSING,8,E01022387,0,-1
2023520301363,2023,520301363,1,5,0,18,19,5,1,0,0,2,1,0,1,0,1,1,6,6,1,50,8,1198,1,26,YAMAHA MODEL MISSING,10,E01029302,0,-1
2023010461912,2023,010461912,2,5,0,4,4,7,3,1,1,0,1,0,0,0,3,1,2,2,1,50,8,660,1,15,YAMAHA MODEL MISSING,4,E01000919,0,-1
2023991361720,2023,991361720,1,5,0,13,13,8,4,0,0,0,5,0,1,11,4,1,2,2,1,63,9,599,1,26,YAMAHA MODEL MISSING,6,-1,0,-1
2023170M20883,2023,170M20883,2,90,0,18,19,8,4,0,0,1,5,0,0,0,2,1,1,1,1,30,6,350,1,8,YAMAHA MODEL MISSING,-1,-1,0,-1
2023411414975,2023,411414975,2,2,0,15,15,1,5,0,0,1,2,0,0,0,3,1,6,6,1,60,9,998,1,19,-1,7,E01023795,0,-1
2023361318242,2023,361318242,2,3,0,18,19,1,5,0,0,1,0,0,0,0,1,1,6,6,1,52,8,124,1,34,YAMAHA MODEL MISSING,4,E01026695,0,-1
2023070417046,2023,070417046,2,5,0,10,10,5,1,0,0,1,0,0,0,0,2,1,6,6,1,47,8,599,1,27,YAMAHA MODEL MISSING,6,E01018743,0,-1
2023010419316,2023,010419316,1,4,0,99,99,9,9,99,99,9,9,99,9,99,2,1,6,6,1,33,6,399,1,36,YAMAHA MODEL MISSING,3,E01004427,0,-1
2023231285457,2023,231285457,1,5,0,12,12,4,8,0,0,1,0,0,0,0,3,1,5,6,1,19,4,535,1,29,YAMAHA MODEL MISSING,2,E01031063,0,-1
2023052302844,2023,052302844,2,4,0,18,19,5,1,0,0,1,0,0,0,0,3,1,6,6,1,29,6,653,1,42,YAMAHA MODEL MISSING,10,E01006932,0,-1
2023631317305,2023,631317305,1,5,0,18,19,8,4,0,0,8,0,0,0,0,3,1,5,6,1,44,7,1000,1,22,YAMAHA MODEL MISSING,2,W01000483,0,-1
2023461307740,2023,461307740,1,3,0,7,7,7,3,0,0,8,0,11,0,0,1,1,6,6,1,31,6,98,1,33,YAMAHA MODEL MISSING,6,E01024357,0,-1
2023501329215,2023,501329215,1,5,0,18,19,5,1,0,0,0,1,0,0,0,0,1,5,6,1,45,7,535,1,32,YAMAHA MODEL MISSING,1,E01015149,0,-1
2023010454499,2023,010454499,2,4,0,9,9,1,8,0,0,1,0,0,0,0,1,1,1,1,1,40,7,124,1,14,YAMAHA MODEL MISSING,3,E01003221,0,-1
2023131322521,2023,131322521,1,90,0,18,19,5,1,0,0,0,1,10,1,3,1,1,5,6,1,29,6,700,1,5,YAMAHA MODEL MISSING,6,E01011070,0,-1
2023141339859,2023,141339859,2,5,0,4,4,6,3,0,0,1,0,0,0,0,1,1,5,6,1,58,9,942,1,14,YAMAHA MODEL MISSING,7,E01007999,0,-1
2023141363209,2023,141363209,2,3,0,18,19,1,5,0,0,1,5,0,0,0,1,1,6,6,1,38,7,124,1,23,YAMAHA MODEL MISSING,-1,-1,0,-1
2023201275476,2023,201275476,2,4,0,18,19,5,1,0,0,1,0,0,0,0,1,1,6,6,1,25,5,450,1,20,YAMAHA MODEL MISSING,6,E01009681,0,-1
2023122301091,2023,122301091,1,5,0,16,19,2,6,0,0,0,0,0,0,0,3,1,6,6,1,35,6,700,1,17,YAMAHA MODEL MISSING,2,E01027580,0,-1
2023411380897,2023,411380897,2,5,0,18,19,1,5,0,0,2,1,0,1,0,4,1,5,6,1,36,7,1200,1,16,YAMAHA MODEL MISSING,7,E01023832,0,-1
2023531348746,2023,531348746,1,3,0,18,19,3,7,0,0,0,5,0,0,0,1,1,6,6,1,29,6,98,1,31,YAMAHA MODEL MISSING,4,E01022250,0,-1
2023141353181,2023,141353181,1,90,0,18,19,8,4,0,0,8,1,4,1,0,1,1,5,6,1,26,6,700,1,2,YAMAHA MODEL MISSING,5,E01007785,0,-1
2023320290646,2023,320290646,1,5,0,9,9,4,2,0,0,6,2,0,0,0,3,1,6,6,1,41,7,998,1,22,YAMAHA MODEL MISSING,9,E01026396,0,-1
2023122300941,2023,122300941,1,3,0,16,19,6,8,0,0,0,0,0,1,0,1,1,6,6,1,40,7,123,1,34,YAMAHA MODEL MISSING,3,E01013385,0,-1
2023546959423,2023,546959423,1,3,0,18,19,1,6,0,0,1,0,0,1,2,1,1,6,6,1,27,6,124,1,21,YAMAHA MODEL MISSING,2,E01015573,0,-1
202360A107727,2023,60A107727,1,5,0,16,19,8,3,0,0,0,0,0,0,0,1,1,6,6,1,48,8,998,1,22,YAMAHA MODEL MISSING,-1,-1,0,-1
2023461314835,2023,461314835,1,90,0,18,19,8,4,0,0,8,0,0,0,0,1,1,6,6,1,40,7,700,1,13,YAMAHA MODEL MISSING,6,E01024276,0,-1
2023451369429,2023,451369429,1,5,0,18,19,6,2,0,0,0,1,0,0,0,4,1,2,2,1,57,9,649,1,25,YAMAHA MODEL MISSING,7,E01023135,0,-1
2023111317360,2023,111317360,1,5,0,18,19,2,6,0,0,1,0,0,1,11,1,1,6,6,1,36,7,749,1,27,YAMAHA MODEL MISSING,3,E01020705,0,-1
2023211309355,2023,211309355,1,17,0,17,19,8,3,6,6,0,2,0,1,9,4,1,5,6,1,54,8,686,1,8,-1,9,E01028241,0,-1
2023340NN1812,2023,340NN1812,1,5,0,14,14,5,1,0,0,1,0,0,0,0,1,1,6,6,1,55,8,600,1,25,YAMAHA MODEL MISSING,2,E01026957,0,-1
2023531357067,2023,531357067,2,5,0,4,4,6,2,0,0,0,0,0,0,0,0,1,6,6,1,57,9,1002,1,26,YAMAHA MODEL MISSING,6,W01001599,0,-1
2023520400494,2023,520400494,1,2,0,13,13,2,6,0,0,0,0,0,0,0,1,1,6,6,1,18,4,98,1,33,-1,-1,-1,0,-1
2023531340486,2023,531340486,1,5,0,18,19,5,8,0,0,0,2,0,0,0,1,1,6,6,1,30,6,749,1,32,YAMAHA MODEL MISSING,7,E01022182,0,-1
2023070594412,2023,070594412,1,5,0,13,13,6,2,0,0,1,0,0,0,10,1,1,6,6,1,54,8,599,1,26,YAMAHA MODEL MISSING,1,E01006463,0,-1
2023302301482,2023,302301482,1,5,0,9,9,4,2,0,0,8,0,0,0,0,4,1,6,6,1,63,9,600,1,26,YAMAHA MODEL MISSING,2,E01013499,0,-1
2023520301135,2023,520301135,1,5,0,13,13,8,4,0,0,0,0,0,0,0,1,1,6,6,1,61,9,981,1,39,YAMAHA MODEL MISSING,8,E01014444,0,-1
2023461367372,2023,461367372,2,5,0,5,5,4,1,0,0,3,0,0,0,0,2,1,6,6,2,54,8,535,1,32,YAMAHA MODEL MISSING,7,E01024635,0,-1
2023010480012,2023,010480012,1,5,0,18,19,7,3,0,0,0,0,0,0,0,4,1,6,6,1,19,4,599,1,24,YAMAHA MODEL MISSING,3,E01000473,0,-1
2023991282478,2023,991282478,1,17,0,6,6,7,7,0,0,0,0,0,0,0,0,1,5,6,1,31,6,550,1,12,-1,5,E01020858,0,-1
2023302301636,2023,302301636,2,4,0,18,19,6,2,0,0,0,0,0,0,0,1,1,6,6,1,29,6,845,1,30,YAMAHA MODEL MISSING,6,E01019608,0,-1
2023991340695,2023,991340695,2,5,0,18,19,5,3,0,0,8,0,0,0,0,1,1,6,6,1,62,9,525,1,31,YAMAHA MODEL MISSING,5,-1,0,-1
2023302301885,2023,302301885,1,4,0,16,19,2,4,0,0,0,1,0,0,0,3,1,6,6,1,59,9,398,1,37,YAMAHA MODEL MISSING,2,E01013588,0,-1
2023031314552,2023,031314552,1,3,0,18,19,3,7,0,0,0,0,10,1,0,4,1,6,6,1,22,5,125,1,18,YAMAHA MODEL MISSING,3,E01019135,0,-1
2023991295552,2023,991295552,1,90,0,18,19,7,3,0,0,8,2,10,1,10,1,2,5,6,2,43,7,998,1,8,YAMAHA MODEL MISSING,1,-1,0,-1
2023122300806,2023,122300806,1,5,0,4,4,7,3,0,0,4,0,0,0,0,3,1,6,6,2,40,7,998,1,19,YAMAHA MODEL MISSING,9,E01011160,0,-1
2023351374746,2023,351374746,1,4,0,4,4,7,3,0,0,2,2,0,0,0,0,1,2,2,1,56,9,347,1,43,YAMAHA MODEL MISSING,8,E01033115,0,-1
2023361343297,2023,361343297,1,4,0,17,19,4,8,0,0,0,0,0,1,3,1,1,5,6,1,38,7,347,1,37,YAMAHA MODEL MISSING,3,E01026786,0,-1
2023531353300,2023,531353300,2,5,0,18,19,5,1,0,0,2,5,0,0,0,1,1,6,6,1,50,8,1100,1,23,YAMAHA MODEL MISSING,6,E01022260,0,-1
2023430396765,2023,430396765,1,5,0,16,19,1,4,0,0,0,1,0,0,0,1,1,2,2,1,22,5,599,1,34,YAMAHA MODEL MISSING,10,E01016386,0,-1
2023070352437,2023,070352437,1,5,0,18,19,6,2,0,0,0,0,0,0,0,1,1,6,6,2,46,8,1304,1,14,YAMAHA MODEL MISSING,1,E01014124,0,-1
2023111290335,2023,111290335,1,90,0,5,5,5,1,0,0,0,0,0,7,0,3,1,6,6,1,79,11,421,1,1,YAMAHA MODEL MISSING,4,E01020866,0,-1
2023351338130,2023,351338130,2,5,0,18,19,1,5,0,0,0,0,0,0,0,4,1,5,6,1,75,10,849,1,27,YAMAHA MODEL MISSING,1,E01015642,0,-1
2023552301226,2023,552301226,1,5,0,13,13,6,2,0,0,0,0,0,0,0,3,1,2,2,1,25,5,599,1,26,YAMAHA MODEL MISSING,3,E01020564,0,-1
2023471304845,2023,471304845,1,5,0,18,19,1,5,0,0,0,5,0,0,0,4,1,5,6,1,51,8,1854,1,15,YAMAHA MODEL MISSING,5,E01024532,0,-1
2023351330955,2023,351330955,1,90,0,18,19,8,4,0,0,1,0,0,0,0,1,1,6,6,1,43,7,686,1,16,YAMAHA MODEL MISSING,2,E01018063,0,-1
2023421315674,2023,421315674,2,5,0,18,19,1,5,0,0,1,0,0,0,0,1,1,6,6,1,26,6,600,1,23,YAMAHA MODEL MISSING,9,E01021912,0,-1
2023010428111,2023,010428111,1,5,0,18,19,4,8,0,0,1,0,0,0,0,1,1,6,6,1,20,4,599,1,27,YAMAHA MODEL MISSING,3,E01001629,0,-1
2023010455255,2023,010455255,2,3,0,99,99,9,9,99,99,9,9,99,9,99,9,1,6,6,1,42,7,125,1,6,YAMAHA MODEL MISSING,2,E01003120,0,-1
2023052300965,2023,052300965,1,5,0,18,19,1,5,0,0,0,1,0,0,0,1,1,6,6,1,26,6,598,1,31,YAMAHA MODEL MISSING,1,E01012424,0,-1
2023622300869,2023,622300869,1,5,0,18,19,6,2,0,0,1,0,0,0,0,1,1,6,6,1,31,6,1000,1,18,YAMAHA MODEL MISSING,5,W01001101,0,-1
2023201281331,2023,201281331,1,90,0,18,19,3,7,0,0,2,0,10,1,4,1,1,6,6,1,30,6,686,1,16,YAMAHA MODEL MISSING,5,E01010488,0,-1
2023161350753,2023,161350753,2,5,0,18,19,6,2,0,0,0,0,0,0,0,1,1,5,6,1,51,8,1198,1,22,YAMAHA MODEL MISSING,3,E01007667,0,-1
2023320218809,2023,320218809,1,5,0,17,19,6,4,0,0,0,2,0,7,0,1,1,6,6,1,67,10,1198,1,28,YAMAHA MODEL MISSING,6,E01026399,0,-1
2023332300544,2023,332300544,1,90,0,13,13,2,6,0,0,0,0,0,0,0,1,1,6,6,1,61,9,686,1,17,YAMAHA MODEL MISSING,5,E01013736,0,-1
2023622300881,2023,622300881,2,17,0,9,9,4,3,0,0,1,0,0,0,0,3,1,6,6,1,43,7,560,1,8,-1,1,W01001267,0,-1
2023471307028,2023,471307028,1,5,0,18,19,1,5,0,0,0,0,0,7,0,3,1,5,6,1,35,6,1188,1,30,YAMAHA MODEL MISSING,8,E01031346,0,-1
2023451326343,2023,451326343,1,5,0,3,3,8,4,0,0,0,0,0,0,0,2,1,1,1,1,39,7,1000,1,25,YAMAHA MODEL MISSING,5,E01030982,0,-1
2023340WN4522,2023,340WN4522,1,5,0,4,4,6,2,0,0,0,1,0,1,0,3,1,6,6,1,31,6,599,1,18,YAMAHA MODEL MISSING,8,E01027008,0,-1
2023440499812,2023,440499812,1,5,0,18,19,3,7,0,0,1,0,0,0,0,3,1,6,6,1,82,11,535,1,31,YAMAHA MODEL MISSING,8,E01033380,0,-1
2023231331501,2023,231331501,2,5,0,13,13,4,8,0,0,0,0,0,0,0,1,1,5,6,1,49,8,849,1,29,YAMAHA MODEL MISSING,9,E01009829,0,-1
2023010426062,2023,010426062,1,9,0,18,19,1,5,0,0,2,0,0,0,0,1,1,2,2,1,76,11,2492,1,22,-1,3,E01003915,0,-1
2023401314148,2023,401314148,2,5,0,16,19,5,2,0,0,3,0,0,0,0,2,1,6,6,1,39,7,652,1,11,-1,7,E01015719,0,-1
2023031297186,2023,031297186,2,5,0,18,19,1,5,0,0,0,0,0,0,0,1,1,5,6,2,60,9,652,1,16,-1,-1,-1,0,-1
2023501343649,2023,501343649,2,5,0,18,19,7,3,0,0,8,5,0,0,0,4,1,5,6,1,62,9,652,1,11,-1,4,E01020321,0,-1
2023302301396,2023,302301396,2,5,0,6,6,1,1,0,0,8,0,0,0,0,4,1,6,6,1,57,9,652,1,11,-1,8,E01029562,0,-1