collision_index,collision_year,collision_ref_no,vehicle_reference,vehicle_type,towing_and_articulation,vehicle_manoeuvre_historic,vehicle_manoeuvre,vehicle_direction_from,vehicle_direction_to,vehicle_location_restricted_lane_historic,vehicle_location_restricted_lane,junction_location,skidding_and_overturning,hit_object_in_carriageway,vehicle_leaving_carriageway,hit_object_off_carriageway,first_point_of_impact,vehicle_left_hand_drive,journey_purpose_of_driver_historic,journey_purpose_of_driver,sex_of_driver,age_of_driver,age_band_of_driver,engine_capacity_cc,propulsion_code,age_of_vehicle,generic_make_model,driver_imd_decile,lsoa_of_driver,escooter_flag,driver_distance_banding
2023520000425,2023,520000425,1,5,0,4,4,7,3,0,0,0,0,0,0,0,1,1,6,6,1,42,7,652,1,12,-1,3,E01014681,0,-1
2023430478861,2023,430478861,2,5,0,18,19,5,1,0,0,0,0,0,0,0,1,1,6,6,1,31,6,652,1,16,-1,10,E01028489,0,-1
2023332300843,2023,332300843,1,5,0,7,7,3,5,0,0,5,1,0,0,0,2,1,6,6,1,59,9,652,1,14,-1,10,E01029854,0,-1
2023221273611,2023,221273611,2,9,0,18,19,1,5,0,0,0,0,0,0,0,1,1,5,6,1,86,11,1587,1,15,CITROEN XSARA,6,E01032401,0,-1
2023221346853,2023,221346853,1,9,0,18,19,4,8,0,0,4,0,0,0,0,1,1,6,6,1,75,10,1587,1,13,CITROEN XSARA,5,E01014069,0,-1
2023371290815,2023,371290815,1,9,0,16,19,7,4,0,0,0,0,0,0,0,1,1,5,6,1,82,11,1587,1,19,CITROEN XSARA,7,E01029896,0,-1
2023543034323,2023,543034323,2,9,0,9,9,3,2,0,0,1,0,0,0,0,1,1,6,6,2,20,4,1587,1,17,CITROEN XSARA,2,E01031914,0,-1
2023010419340,2023,010419340,1,9,0,18,19,1,5,0,0,0,0,0,0,0,1,1,6,6,1,48,8,1997,1,17,CITROEN XSARA,1,E01001358,0,-1
2023451319373,2023,451319373,2,9,0,18,19,7,3,0,0,8,0,0,0,0,1,1,1,1,2,68,10,1997,2,20,CITROEN XSARA,9,E01030612,0,-1
2023371341190,2023,371341190,2,9,0,2,2,0,0,9,9,2,0,0,0,0,3,1,6,6,3,-1,-1,1587,1,14,CITROEN XSARA,-1,-1,0,-1
2023141377311,2023,141377311,1,9,0,18,19,2,7,0,0,1,0,0,0,0,1,1,5,6,1,70,10,1587,1,19,CITROEN XSARA,9,E01007617,0,-1
2023622300239,2023,622300239,4,9,0,2,2,0,0,0,0,0,0,0,0,0,3,1,6,6,3,-1,-1,1560,2,17,CITROEN XSARA,-1,-1,0,-1
2023060032562,2023,060032562,1,9,0,18,19,1,5,0,0,3,0,0,0,0,0,1,6,6,2,49,8,1560,2,13,CITROEN XSARA,8,E01019725,0,-1
2023471269994,2023,471269994,1,9,0,17,19,5,1,0,0,0,0,0,0,0,1,1,5,6,1,35,6,1360,1,22,CITROEN XSARA,2,E01031819,0,-1
2023320255533,2023,320255533,2,9,0,18,19,8,4,0,0,0,0,0,1,11,2,1,2,2,2,47,8,1587,1,17,CITROEN XSARA,6,E01026251,0,-1
2023061284817,2023,061284817,1,9,0,9,9,6,4,0,0,1,0,0,0,0,3,1,6,6,3,-1,-1,1560,2,16,CITROEN XSARA,-1,-1,0,-1
2023421315914,2023,421315914,1,9,0,17,19,8,3,0,0,0,0,0,0,0,1,1,5,6,1,86,11,1560,2,17,CITROEN XSARA,9,E01021893,0,-1
2023461307253,2023,461307253,1,9,0,9,9,6,2,0,0,8,0,0,0,0,1,1,6,6,1,38,7,1587,1,16,CITROEN XSARA,-1,-1,0,-1
2023141345172,2023,141345172,2,9,0,18,19,3,7,0,0,1,0,0,0,0,4,1,5,6,1,81,11,1587,1,18,CITROEN XSARA,3,E01032550,0,-1
2023332300264,2023,332300264,2,9,0,18,19,1,5,0,0,8,0,0,0,0,1,1,6,6,1,48,8,1587,1,16,CITROEN XSARA,4,E01025766,0,-1
2023201422962,2023,201422962,1,9,0,9,9,3,1,0,0,5,1,0,0,0,1,1,6,6,1,53,8,1997,2,21,CITROEN XSARA,1,E01009092,0,-1
2023141295977,2023,141295977,2,9,0,18,19,3,7,0,0,0,0,0,1,0,1,1,6,6,1,58,9,1587,1,19,CITROEN XSARA,2,E01007491,0,-1
2023501352966,2023,501352966,2,9,0,16,19,1,5,0,0,0,0,0,0,0,1,1,5,6,1,63,9,1587,1,16,CITROEN XSARA,4,E01019040,0,-1
2023371321694,2023,371321694,1,9,0,18,19,3,7,0,0,0,0,0,0,0,1,1,6,6,1,77,11,1587,1,15,CITROEN XSARA,-1,-1,0,-1
2023010447908,2023,010447908,2,9,0,99,99,9,9,99,99,0,9,99,9,99,1,9,6,6,3,-1,-1,1749,1,18,CITROEN XSARA,-1,-1,0,-1
2023141383020,2023,141383020,1,9,0,18,19,3,7,0,0,1,0,0,0,0,1,1,2,2,1,58,9,1587,1,19,CITROEN XSARA,5,E01008051,0,-1
2023991311927,2023,991311927,2,9,0,7,7,3,5,0,0,4,0,0,0,0,3,1,5,6,1,45,7,1587,1,18,CITROEN XSARA,1,-1,0,-1
2023201400881,2023,201400881,2,9,0,2,2,0,0,0,0,0,0,10,2,11,4,1,6,6,2,-1,-1,1997,2,18,CITROEN XSARA,7,E01009550,0,-1
2023610031523,2023,610031523,1,9,0,1,1,2,6,0,0,0,0,0,0,0,2,1,6,6,1,70,10,1560,2,16,CITROEN XSARA,3,W01001546,0,-1
2023131341227,2023,131341227,2,9,0,16,19,1,4,0,0,0,1,0,4,0,3,1,5,6,1,49,8,1587,1,20,CITROEN XSARA,1,E01010928,0,-1
2023302300396,2023,302300396,1,9,0,18,19,8,4,0,0,0,0,0,0,0,1,1,6,6,1,36,7,1560,2,16,CITROEN XSARA,1,E01019561,0,-1
2023161295293,2023,161295293,2,9,0,12,12,8,4,0,0,2,0,0,0,0,3,1,6,6,2,61,9,1560,2,17,CITROEN XSARA,5,E01012799,0,-1
2023991389342,2023,991389342,1,9,0,6,6,3,3,0,0,0,1,0,4,6,4,1,5,6,1,66,10,1749,1,18,CITROEN XSARA,3,-1,0,-1
2023320531718,2023,320531718,1,9,0,4,4,8,4,0,0,1,0,0,7,10,1,1,6,6,2,59,9,1997,1,17,CITROEN XSARA,1,E01013727,0,-1
2023440211331,2023,440211331,1,9,0,18,19,4,8,0,0,1,1,0,0,0,1,1,6,6,2,44,7,1749,1,19,CITROEN XSARA,9,E01022658,0,-1
2023461307445,2023,461307445,1,9,0,18,19,8,4,0,0,0,5,4,0,0,1,1,6,6,1,76,11,1587,1,17,CITROEN XSARA,4,E01024197,0,-1
2023548902923,2023,548902923,1,9,0,5,5,3,7,0,0,1,0,0,0,0,1,1,6,6,2,63,9,1587,1,17,CITROEN XSARA,5,E01032068,0,-1
2023031323688,2023,031323688,1,9,0,18,19,5,1,0,0,0,0,0,7,4,1,1,5,6,1,51,8,1560,2,15,CITROEN XSARA,-1,-1,0,-1
2023161296023,2023,161296023,1,9,0,18,19,2,6,0,0,0,5,0,1,0,1,1,5,6,1,38,7,1560,2,16,CITROEN XSARA,2,E01007642,0,-1
2023421264609,2023,421264609,2,9,0,18,19,3,7,0,0,0,0,0,1,0,3,1,1,1,1,44,7,1587,1,22,CITROEN XSARA,9,E01021973,0,-1
2023411399449,2023,411399449,1,9,0,16,19,7,3,0,0,0,1,0,0,0,1,1,1,1,1,38,7,1587,1,17,CITROEN XSARA,7,E01030096,0,-1
202360A190601,2023,60A190601,2,9,0,18,19,5,1,0,0,1,1,0,0,0,1,1,1,1,1,56,9,1560,2,15,CITROEN XSARA,-1,-1,0,-1
2023501347373,2023,501347373,1,9,0,9,9,4,1,0,0,1,0,0,0,0,1,1,6,6,1,50,8,1997,2,21,CITROEN XSARA,8,E01030101,0,-1
2023161363096,2023,161363096,2,9,0,18,19,7,3,0,0,0,0,0,0,0,4,1,5,6,2,35,6,1587,1,16,CITROEN XSARA,1,E01012915,0,-1
2023522301664,2023,522301664,1,9,0,7,7,7,1,0,0,4,0,0,0,0,3,1,6,6,2,51,8,1997,1,17,CITROEN XSARA,7,E01014895,0,-1
2023201384519,2023,201384519,1,9,0,18,19,2,6,0,0,0,1,0,0,0,1,1,2,2,1,62,9,1587,1,16,CITROEN XSARA,2,E01008963,0,-1
2023430382423,2023,430382423,1,9,0,18,19,7,3,0,0,4,0,0,0,0,1,1,1,1,2,57,9,1997,2,18,CITROEN XSARA,8,E01016186,0,-1
2023311276195,2023,311276195,1,9,0,5,5,3,6,0,0,6,0,0,0,0,3,1,6,6,1,76,11,1997,2,20,CITROEN XSARA,-1,-1,0,-1
2023340NN2482,2023,340NN2482,2,9,0,18,19,8,4,0,0,0,0,0,0,0,1,1,6,6,2,64,9,1997,2,18,CITROEN XSARA,8,E01025804,0,-1
2023201323514,2023,201323514,1,9,0,10,10,-1,-1,0,0,0,0,0,3,0,1,1,6,6,2,79,11,1997,1,17,CITROEN XSARA,6,E01009206,0,-1
2023501364310,2023,501364310,1,9,0,4,4,6,2,0,0,1,0,0,0,0,1,1,6,6,1,54,8,1560,2,19,CITROEN XSARA,6,E01020152,0,-1
2023501282280,2023,501282280,1,9,0,5,5,2,6,0,0,3,0,0,0,0,1,1,6,6,3,-1,-1,1587,1,16,CITROEN XSARA,-1,-1,0,-1
2023501267500,2023,501267500,1,9,0,16,19,1,5,0,0,0,1,0,2,4,1,1,6,6,2,31,6,1997,2,19,CITROEN XSARA,5,E01018940,0,-1
2023421318493,2023,421318493,1,9,0,18,19,1,5,0,0,0,0,0,0,0,1,1,6,6,1,86,11,1560,2,17,CITROEN XSARA,9,E01021893,0,-1
2023101371306,2023,101371306,2,9,0,9,9,4,1,0,0,8,0,0,0,0,0,1,6,6,1,35,6,1560,2,16,CITROEN XSARA,5,E01008346,0,-1
2023501357871,2023,501357871,1,9,0,14,14,6,5,0,0,0,2,4,2,0,1,1,5,6,1,36,7,1587,1,16,CITROEN XSARA,3,E01019053,0,-1
2023471361587,2023,471361587,1,9,0,-1,-1,-1,-1,-1,-1,0,-1,-1,-1,0,-1,1,6,6,3,-1,-1,1560,2,15,CITROEN XSARA,-1,-1,0,-1
2023201409578,2023,201409578,2,9,0,18,19,2,6,0,0,8,0,0,0,0,1,1,2,2,1,42,7,1997,2,20,CITROEN XSARA,6,E01009961,0,-1
2023361274010,2023,361274010,2,9,0,4,4,5,5,0,0,0,1,0,0,0,1,1,6,6,2,41,7,1587,1,13,CITROEN XSARA,3,E01026756,0,-1
2023440241988,2023,440241988,1,9,0,7,7,3,5,0,0,0,0,0,0,0,3,1,6,6,1,79,11,1587,1,14,CITROEN XSARA,-1,-1,0,-1
2023471321528,2023,471321528,1,9,0,18,19,7,3,0,0,1,0,0,1,11,1,1,5,6,2,36,7,1997,2,18,CITROEN XSARA,9,E01021208,0,-1
2023461321611,2023,461321611,3,9,0,2,2,0,0,0,0,8,0,0,0,0,2,1,6,6,1,50,8,1587,1,15,CITROEN XSARA,7,E01024712,0,-1
2023361383273,2023,361383273,1,9,0,18,19,7,4,0,0,0,1,0,0,0,1,1,5,6,2,58,9,1560,2,16,CITROEN XSARA,-1,-1,0,-1
2023631325293,2023,631325293,1,9,0,17,19,7,4,0,0,0,2,0,8,10,4,1,5,6,1,30,6,1997,1,17,CITROEN XSARA,3,E01007049,0,-1
2023411329167,2023,411329167,1,9,0,18,19,3,7,0,0,8,0,0,7,0,1,1,6,6,1,25,5,1587,1,18,CITROEN XSARA,-1,-1,0,-1
2023211344567,2023,211344567,1,9,-1,-1,-1,-1,-1,-1,-1,-1,-1,-1,-1,0,-1,1,6,6,1,55,8,1587,1,15,CITROEN XSARA,6,E01029389,0,-1
2023161380421,2023,161380421,2,9,0,9,9,3,1,0,0,8,0,0,0,0,1,1,6,6,1,50,8,1587,1,16,CITROEN XSARA,1,E01013181,0,-1
2023501291680,2023,501291680,2,9,0,3,3,-1,-1,0,0,1,0,0,0,0,2,1,6,6,2,52,8,1587,1,16,CITROEN XSARA,1,E01015257,0,-1
2023070467627,2023,070467627,1,9,0,7,7,4,8,0,0,1,0,0,0,0,0,1,6,6,3,-1,-1,1360,1,22,CITROEN XSARA,-1,-1,0,-1
2023010437757,2023,010437757,2,9,0,18,19,3,7,0,0,3,0,0,0,0,1,2,6,6,1,34,6,1560,2,16,CITROEN XSARA,8,E01000451,0,-1
2023010422079,2023,010422079,2,9,9,99,99,9,9,9,9,9,9,99,9,99,9,9,6,6,3,-1,-1,1587,1,16,CITROEN XSARA,-1,-1,0,-1
2023461364061,2023,461364061,1,9,0,4,4,4,1,0,0,1,0,0,0,0,0,1,5,6,1,36,7,1997,1,18,CITROEN XSARA,3,E01024241,0,-1
2023211348585,2023,211348585,1,9,-1,-1,-1,-1,-1,-1,-1,0,-1,-1,-1,0,-1,1,6,6,1,55,8,1560,2,17,CITROEN XSARA,4,E01029353,0,-1
2023430021609,2023,430021609,2,9,0,2,2,0,0,0,0,0,0,0,0,0,1,1,6,6,3,-1,-1,1749,1,21,CITROEN XSARA,-1,-1,0,-1
2023131260410,2023,131260410,1,9,0,17,19,3,7,0,0,0,0,11,0,0,1,1,5,6,2,70,10,1560,2,16,CITROEN XSARA,9,E01011812,0,-1
2023471305979,2023,471305979,2,9,0,18,19,1,5,0,0,0,0,0,0,0,3,1,6,6,1,59,9,1905,2,25,CITROEN XSARA,2,E01031436,0,-1
2023010436503,2023,010436503,2,9,0,99,99,9,9,0,0,8,0,0,0,0,1,1,6,6,2,48,8,1997,1,16,CITROEN XSARA,8,E01003807,0,-1
2023111293494,2023,111293494,1,9,0,11,11,4,8,0,0,0,1,11,1,1,2,1,5,6,1,70,10,1587,1,20,CITROEN XSARA,4,E01020876,0,-1
2023461375998,2023,461375998,1,9,0,4,4,8,8,0,0,0,0,0,0,0,1,1,6,6,2,70,10,1749,1,22,CITROEN XSARA,8,E01024693,0,-1
2023461263657,2023,461263657,1,9,0,9,9,8,4,0,0,0,0,0,0,0,3,1,6,6,2,51,8,1587,1,14,CITROEN XSARA,9,E01024123,0,-1
2023302301980,2023,302301980,1,9,0,18,19,6,2,0,0,0,0,0,1,0,4,1,6,6,3,-1,-1,1997,1,16,CITROEN XSARA,5,E01019456,0,-1
2023421359143,2023,421359143,1,9,0,18,19,1,6,0,0,0,1,10,0,0,3,1,2,2,1,24,5,1560,2,17,CITROEN XSARA,3,E01029985,0,-1
2023332300796,2023,332300796,1,9,0,7,7,5,6,0,0,7,1,0,7,7,1,1,6,6,1,63,9,1560,2,17,CITROEN XSARA,-1,-1,0,-1
2023471316319,2023,471316319,1,9,0,18,19,2,6,0,0,0,0,0,0,0,1,1,6,6,2,65,9,1749,1,19,CITROEN XSARA,10,E01021078,0,-1
2023501286560,2023,501286560,2,9,0,18,19,7,6,0,0,8,0,0,0,0,1,1,5,6,2,56,9,1587,1,16,CITROEN XSARA,6,E01015116,0,-1
2023440192654,2023,440192654,2,9,0,18,19,1,5,0,0,0,0,0,0,0,1,1,6,6,1,75,10,1587,1,15,CITROEN XSARA,8,E01023069,0,-1
2023451303645,2023,451303645,2,9,0,2,2,0,0,0,0,0,0,0,0,0,2,1,6,6,3,-1,-1,1587,1,21,CITROEN XSARA,-1,-1,0,-1
2023320616900,2023,320616900,3,9,0,18,19,8,4,0,0,8,0,0,0,0,1,1,6,6,2,61,9,1587,1,17,CITROEN XSARA,2,E01026094,0,-1
2023471363927,2023,471363927,3,9,0,3,3,1,5,0,0,4,0,0,0,0,2,1,6,6,1,58,9,1560,2,16,CITROEN XSARA,2,E01031819,0,-1
2023131374630,2023,131374630,1,9,0,9,9,1,3,0,0,1,0,0,0,0,1,1,5,6,1,77,11,1560,2,15,CITROEN XSARA,1,E01011816,0,-1
2023131345766,2023,131345766,2,9,0,18,19,1,5,0,0,8,0,0,0,0,1,1,5,6,1,55,8,1997,2,20,CITROEN XSARA,1,E01011560,0,-1
2023411374702,2023,411374702,1,9,0,18,19,0,1,0,0,1,0,0,0,0,1,1,6,6,2,-1,-1,1587,1,15,CITROEN XSARA,-1,-1,0,-1
2023401378475,2023,401378475,1,9,0,16,19,6,1,0,0,0,2,10,1,9,1,1,5,6,2,37,7,1560,2,15,CITROEN XSARA,5,E01017384,0,-1
2023302300215,2023,302300215,2,9,0,18,19,6,8,0,0,1,0,0,0,0,1,1,6,6,1,61,9,1560,2,17,CITROEN XSARA,-1,-1,0,-1
2023161370332,2023,161370332,1,9,0,3,3,3,7,0,0,0,0,0,0,0,1,1,6,6,1,68,10,1997,2,17,CITROEN XSARA,6,E01012771,0,-1
2023041343441,2023,041343441,1,9,0,18,19,7,3,0,0,0,0,0,0,0,1,1,5,6,2,70,10,1997,1,17,CITROEN XSARA,7,E01024868,0,-1
2023440080984,2023,440080984,1,9,0,18,19,8,4,0,0,8,0,0,0,0,1,1,6,6,1,72,10,1749,1,18,CITROEN XSARA,9,E01022712,0,-1
2023031280266,2023,031280266,1,9,0,4,4,1,1,0,0,0,0,0,0,0,1,1,6,6,1,52,8,1587,1,15,CITROEN XSARA,5,E01019167,0,-1
2023461296717,2023,461296717,1,9,0,18,19,7,3,0,0,0,0,0,4,6,1,1,5,6,2,37,7,1587,1,17,CITROEN XSARA,10,E01000707,0,-1
2023201337025,2023,201337025,2,9,0,18,19,7,3,0,0,8,1,10,7,0,4,1,2,2,1,61,9,1587,1,20,CITROEN XSARA,7,E01009613,0,-1
2023041339219,2023,041339219,2,9,0,14,14,5,1,0,0,0,0,4,0,0,3,1,5,6,1,51,8,1587,1,15,CITROEN XSARA,1,E01019527,0,-1
2023430293066,2023,430293066,2,9,0,18,19,5,1,0,0,8,0,0,0,0,4,1,2,2,1,68,10,1997,1,17,CITROEN XSARA,-1,-1,0,-1
2023501276827,2023,501276827,1,9,0,18,19,7,6,0,0,0,0,0,0,0,1,1,2,2,1,49,8,1997,2,18,CITROEN XSARA,2,E01020141,0,-1
2023010428856,2023,010428856,1,9,0,9,9,3,1,0,0,4,0,10,0,0,4,1,6,6,1,79,11,1587,1,17,CITROEN XSARA,9,E01004132,0,-1
2023471268602,2023,471268602,1,9,0,18,19,1,5,0,0,8,0,0,7,3,1,1,1,1,1,38,7,1587,1,16,CITROEN XSARA,1,E01016865,0,-1
2023031373411,2023,031373411,1,9,0,9,9,1,2,0,0,1,0,0,0,0,4,1,5,6,1,86,11,1997,2,17,CITROEN XSARA,1,E01019097,0,-1
2023041302594,2023,041302594,1,9,0,7,7,5,1,0,0,2,0,0,0,0,1,1,6,6,3,-1,-1,1587,1,13,CITROEN XSARA,-1,-1,0,-1
2023010438530,2023,010438530,1,9,0,9,9,2,1,0,0,5,0,0,0,0,1,1,6,6,1,53,8,1997,1,19,CITROEN XSARA,3,E01000392,0,-1
2023131354939,2023,131354939,1,9,0,9,9,7,7,0,0,0,0,0,0,0,4,1,2,2,2,39,7,1560,2,16,CITROEN XSARA,2,E01010894,0,-1
2023411356086,2023,411356086,2,9,0,3,3,-1,-1,0,0,0,0,0,0,0,2,1,2,2,2,44,7,1560,2,14,CITROEN XSARA,10,E01023483,0,-1
2023340WN4622,2023,340WN4622,1,9,0,17,19,4,1,0,0,0,1,0,1,0,1,1,2,2,1,50,8,1560,2,16,CITROEN XSARA,5,E01009712,0,-1
2023501350572,2023,501350572,1,9,0,17,19,4,8,9,9,1,0,0,3,0,1,1,6,6,1,22,5,1587,1,16,CITROEN XSARA,4,E01018783,0,-1
2023201380119,2023,201380119,1,9,0,18,19,6,2,0,0,1,1,4,0,0,1,1,5,6,3,-1,-1,1560,2,14,CITROEN XSARA,-1,-1,0,-1
2023201314113,2023,201314113,2,9,0,8,8,1,4,0,0,1,0,0,0,0,2,1,6,6,2,62,9,1587,1,17,CITROEN XSARA,6,E01010167,0,-1
2023101365655,2023,101365655,1,9,0,18,19,8,4,0,0,1,0,0,0,0,1,1,6,6,1,53,8,1997,2,19,CITROEN XSARA,1,E01008259,0,-1
2023070653981,2023,070653981,1,9,0,9,9,2,1,0,0,6,0,0,0,0,1,1,6,6,1,-1,-1,1587,1,15,CITROEN XSARA,-1,-1,0,-1
2023170S11453,2023,170S11453,2,9,0,4,4,3,7,0,0,1,0,0,0,0,2,1,6,6,1,67,10,1587,1,15,CITROEN XSARA,7,E01012270,0,-1
2023421274510,2023,421274510,1,9,0,18,19,6,2,0,0,0,0,0,0,0,1,1,6,6,2,56,9,1560,2,16,CITROEN XSARA,2,E01022039,0,-1
2023991358727,2023,991358727,1,9,0,17,19,6,3,0,0,0,5,0,1,0,4,1,2,2,2,60,9,1560,2,16,CITROEN XSARA,9,-1,0,-1
2023522301247,2023,522301247,2,9,0,18,19,4,8,0,0,6,0,0,0,0,3,1,6,6,2,35,6,1997,2,20,CITROEN XSARA,6,E01014952,0,-1
2023010447137,2023,010447137,3,9,0,10,10,3,8,0,0,4,0,0,0,0,3,1,6,6,1,59,9,1587,1,14,CITROEN XSARA,3,E01000735,0,-1
2023610036623,2023,610036623,1,9,0,18,19,2,6,0,0,8,0,0,0,0,1,1,6,6,1,69,10,1587,1,16,CITROEN XSARA,2,W01001348,0,-1
2023052302974,2023,052302974,1,9,0,7,7,5,8,0,0,6,0,0,1,0,3,1,6,6,2,66,10,1587,1,17,CITROEN XSARA,1,E01006603,0,-1
2023201409883,2023,201409883,2,9,0,2,2,0,0,0,0,0,0,0,0,0,1,1,6,6,3,-1,-1,1587,1,19,CITROEN XSARA,-1,-1,0,-1
2023041321678,2023,041321678,1,9,0,1,1,-1,-1,0,0,0,0,0,0,0,-1,1,6,6,1,39,7,1587,1,16,CITROEN XSARA,1,E01025286,0,-1
2023451288357,2023,451288357,2,9,0,5,5,2,6,0,0,2,0,0,0,0,4,1,5,6,1,68,10,1587,1,14,CITROEN XSARA,8,E01004072,0,-1
2023440023114,2023,440023114,1,9,0,7,7,7,1,0,0,6,0,0,0,0,3,1,6,6,2,33,6,1560,2,15,CITROEN XSARA,3,E01017020,0,-1
2023371329593,2023,371329593,1,9,0,18,19,7,3,0,0,0,0,0,0,0,1,1,6,6,1,37,7,1587,1,18,CITROEN XSARA,3,E01030025,0,-1
2023052300477,2023,052300477,1,9,0,18,19,3,7,0,0,1,0,0,0,0,4,1,6,6,2,64,9,1587,1,17,CITROEN XSARA,9,E01027575,0,-1
2023622300306,2023,622300306,3,9,0,2,2,0,0,0,0,0,0,0,0,0,3,1,6,6,3,-1,-1,1587,1,17,CITROEN XSARA,-1,-1,0,-1
2023161353702,2023,161353702,2,9,0,9,9,5,3,0,0,8,1,0,7,0,3,1,5,6,1,71,10,1587,1,15,CITROEN XSARA,6,E01012882,0,-1
2023421261300,2023,421261300,4,9,0,3,3,6,1,0,0,8,0,0,0,0,3,1,6,6,2,33,6,1560,2,17,CITROEN XSARA,2,E01021638,0,-1
2023161327660,2023,161327660,1,9,0,6,6,1,1,0,0,0,0,0,0,0,1,1,6,6,1,-1,-1,1997,2,18,CITROEN XSARA,-1,-1,0,-1
2023501302058,2023,501302058,1,9,0,3,3,2,6,0,0,0,0,0,0,0,2,1,6,6,1,91,11,1997,2,21,CITROEN XSARA,6,E01020056,0,-1
2023401313803,2023,401313803,2,9,0,11,11,1,5,0,0,0,0,0,0,0,1,1,5,6,1,32,6,1560,2,14,CITROEN XSARA,5,E01031671,0,-1
2023161285717,2023,161285717,1,9,0,18,19,7,3,0,0,5,1,0,1,0,1,1,6,6,1,86,11,1749,1,19,CITROEN XSARA,5,E01013384,0,-1
2023631379448,2023,631379448,1,9,0,16,19,3,5,0,0,0,0,0,0,0,1,1,5,6,2,34,6,1587,1,18,CITROEN XSARA,2,W01001467,0,-1
2023461307921,2023,461307921,1,9,0,18,19,3,5,0,0,6,0,0,0,0,1,1,6,6,1,53,8,1560,2,16,CITROEN XSARA,1,E01024611,0,-1
2023991307128,2023,991307128,2,5,0,18,19,7,4,0,0,1,0,0,0,0,1,1,5,6,1,45,7,1198,1,14,-1,6,-1,0,-1
2023991304326,2023,991304326,2,5,0,13,13,2,6,0,0,1,1,0,0,0,4,1,5,6,1,60,9,1584,1,15,-1,7,-1,0,-1
2023101341135,2023,101341135,1,5,0,16,19,6,3,0,0,1,1,0,0,0,3,1,5,6,1,33,6,1585,1,12,-1,2,E01020615,0,-1
2023031379517,2023,031379517,1,9,0,18,19,5,1,0,0,2,0,0,0,0,2,1,6,6,2,68,10,998,8,1,HYUNDAI BAYON,3,E01019209,0,-1
2023141390576,2023,141390576,1,9,0,18,19,7,3,0,0,1,0,0,0,0,1,1,6,6,2,19,4,998,8,0,HYUNDAI BAYON,6,E01007924,0,-1
2023461374367,2023,461374367,2,9,0,18,19,3,7,0,0,0,0,0,0,0,1,1,6,6,1,76,11,998,8,2,HYUNDAI BAYON,7,E01024242,0,-1
2023061307806,2023,061307806,2,9,-1,-1,-1,-1,-1,-1,-1,-1,-1,-1,-1,0,4,1,6,6,2,42,7,998,8,1,HYUNDAI BAYON,1,E01005180,0,-1
2023552301114,2023,552301114,3,9,0,3,3,2,6,0,0,1,0,0,0,0,2,1,6,6,1,65,9,998,8,0,HYUNDAI BAYON,6,E01015291,0,-1
2023351360197,2023,351360197,1,9,0,1,1,5,1,0,0,0,0,4,0,0,2,1,6,6,3,-1,-1,998,8,2,HYUNDAI BAYON,-1,-1,0,-1
2023131382084,2023,131382084,1,9,0,18,19,7,3,0,0,8,5,0,0,0,1,1,5,6,1,21,5,998,8,0,HYUNDAI BAYON,2,E01011104,0,-1
2023031340110,2023,031340110,1,9,0,16,19,4,1,0,0,1,0,0,1,0,1,1,2,2,1,49,8,998,8,1,HYUNDAI BAYON,-1,-1,0,-1
2023421278951,2023,421278951,1,9,0,17,19,7,2,0,0,0,0,0,1,3,3,1,5,6,2,47,8,998,8,1,HYUNDAI BAYON,3,E01033051,0,-1
20231700H1882,2023,1700H1882,1,9,0,18,19,4,8,0,0,0,0,0,7,0,1,1,6,6,1,48,8,998,8,1,HYUNDAI BAYON,1,E01011978,0,-1
2023161319653,2023,161319653,1,9,0,18,19,5,1,0,0,4,0,0,0,0,2,1,5,6,2,60,9,998,8,0,HYUNDAI BAYON,3,E01013282,0,-1
2023302301442,2023,302301442,1,9,0,18,19,5,1,0,0,0,0,0,0,0,2,1,6,6,3,-1,-1,998,8,2,HYUNDAI BAYON,5,E01019456,0,-1
2023440034256,2023,440034256,1,9,0,18,19,7,3,0,0,8,0,0,7,10,4,1,6,6,1,83,11,998,8,1,HYUNDAI BAYON,6,E01017066,0,-1
2023010448680,2023,010448680,2,9,0,99,99,9,9,99,99,9,9,99,9,99,2,9,6,6,3,-1,-1,998,8,1,HYUNDAI BAYON,-1,-1,0,-1
2023201382299,2023,201382299,1,9,0,9,9,1,7,0,0,5,0,0,0,0,1,1,2,2,2,60,9,998,8,2,HYUNDAI BAYON,4,E01009320,0,-1
2023421394707,2023,421394707,2,9,0,7,7,1,5,0,0,3,0,0,0,0,4,1,5,6,2,32,6,998,8,0,HYUNDAI BAYON,1,E01001798,0,-1
2023231308038,2023,231308038,1,9,0,18,19,1,5,0,0,0,0,0,0,0,1,1,5,6,1,74,10,998,8,2,HYUNDAI BAYON,10,E01028804,0,-1
2023052300592,2023,052300592,1,9,0,18,19,8,4,0,0,0,0,0,0,0,1,1,1,1,1,52,8,998,8,1,HYUNDAI BAYON,2,E01006514,0,-1