collision_index,collision_year,collision_ref_no,vehicle_reference,vehicle_type,towing_and_articulation,vehicle_manoeuvre_historic,vehicle_manoeuvre,vehicle_direction_from,vehicle_direction_to,vehicle_location_restricted_lane_historic,vehicle_location_restricted_lane,junction_location,skidding_and_overturning,hit_object_in_carriageway,vehicle_leaving_carriageway,hit_object_off_carriageway,first_point_of_impact,vehicle_left_hand_drive,journey_purpose_of_driver_historic,journey_purpose_of_driver,sex_of_driver,age_of_driver,age_band_of_driver,engine_capacity_cc,propulsion_code,age_of_vehicle,generic_make_model,driver_imd_decile,lsoa_of_driver,escooter_flag,driver_distance_banding
2023201328571,2023,201328571,2,9,0,18,19,7,3,0,0,0,0,0,0,0,1,1,6,6,1,58,9,998,8,1,HYUNDAI BAYON,7,E01010123,0,-1
2023471332281,2023,471332281,1,9,0,18,19,4,8,0,0,0,0,4,0,0,1,1,5,6,1,71,10,998,8,0,HYUNDAI BAYON,4,E01021006,0,-1
2023440245564,2023,440245564,1,9,0,5,5,7,3,0,0,1,0,0,0,0,1,1,6,6,1,55,8,998,8,1,HYUNDAI BAYON,6,E01022614,0,-1
2023361327245,2023,361327245,1,9,0,9,9,2,8,0,0,0,0,0,0,0,1,1,1,1,2,52,8,998,8,1,HYUNDAI BAYON,8,E01026563,0,-1
2023010426857,2023,010426857,1,9,0,9,9,3,1,0,0,8,0,0,0,0,4,1,6,6,1,59,9,998,8,1,HYUNDAI BAYON,5,E01000211,0,-1
2023451371339,2023,451371339,1,9,0,18,19,3,7,0,0,8,0,0,0,0,4,1,6,6,3,30,6,998,8,0,HYUNDAI BAYON,10,E01030367,0,-1
2023421358201,2023,421358201,1,9,0,5,5,5,3,0,0,5,0,0,0,0,1,1,5,6,1,35,6,998,8,2,HYUNDAI BAYON,2,E01021846,0,-1
2023440287372,2023,440287372,1,9,0,3,3,6,2,0,0,2,0,0,0,0,2,1,6,6,2,61,9,998,8,1,HYUNDAI BAYON,1,E01017237,0,-1
2023131367782,2023,131367782,1,9,0,6,6,1,5,0,0,2,0,0,0,0,3,1,6,6,1,61,9,998,8,2,HYUNDAI BAYON,8,E01011556,0,-1
2023440522060,2023,440522060,1,9,0,18,19,3,7,0,0,8,0,0,0,0,1,1,6,6,1,61,9,998,8,0,HYUNDAI BAYON,3,E01023091,0,-1
2023371333570,2023,371333570,2,9,0,8,8,0,0,0,0,0,0,0,0,0,3,1,5,6,1,32,6,998,8,0,HYUNDAI BAYON,-1,-1,0,-1
2023070065483,2023,070065483,1,9,0,13,13,7,3,0,0,2,0,0,0,0,1,2,6,6,1,36,7,998,8,1,HYUNDAI BAYON,7,E01012560,0,-1
2023122301032,2023,122301032,1,9,0,17,19,3,7,0,0,0,2,0,0,0,1,1,6,6,1,39,7,998,8,0,HYUNDAI BAYON,1,E01025295,0,-1
2023461344375,2023,461344375,2,9,0,2,2,0,0,0,0,0,0,4,0,0,4,1,6,6,2,35,6,998,8,2,HYUNDAI BAYON,9,E01024827,0,-1
2023302301311,2023,302301311,2,9,0,4,4,2,6,0,0,1,0,0,0,0,2,1,1,1,1,35,6,998,8,0,HYUNDAI BAYON,7,E01028175,0,-1
2023302300051,2023,302300051,2,9,0,13,13,3,7,0,0,0,0,0,0,0,1,1,6,6,2,81,11,998,8,1,HYUNDAI BAYON,5,E01019738,0,-1
2023531302727,2023,531302727,1,9,0,6,6,6,2,0,0,3,0,0,0,0,2,1,6,6,2,29,6,998,8,1,HYUNDAI BAYON,2,E01022160,0,-1
2023411387676,2023,411387676,1,9,0,15,15,5,2,0,0,0,0,11,0,0,3,1,5,6,1,53,8,998,8,1,HYUNDAI BAYON,6,E01000250,0,-1
2023101317265,2023,101317265,2,9,0,3,3,5,1,0,0,0,0,0,0,0,2,1,6,6,1,58,9,998,8,2,HYUNDAI BAYON,4,E01008308,0,-1
2023991303607,2023,991303607,2,9,0,3,3,2,8,0,0,1,0,0,0,0,2,1,5,6,2,42,7,998,8,1,HYUNDAI BAYON,6,-1,0,-1
2023201390385,2023,201390385,1,9,0,5,5,1,5,0,0,0,0,0,0,0,1,1,1,1,2,22,5,998,8,0,HYUNDAI BAYON,9,E01010332,0,-1
2023461343745,2023,461343745,1,9,0,18,19,1,5,0,0,2,0,0,1,3,1,1,6,6,2,60,9,998,8,1,HYUNDAI BAYON,10,E01024644,0,-1
2023411359222,2023,411359222,2,9,0,3,3,1,5,0,0,1,0,0,0,0,2,1,5,6,2,59,9,998,8,0,HYUNDAI BAYON,5,E01023769,0,-1
2023440314158,2023,440314158,2,9,0,10,10,6,4,0,0,1,0,0,0,0,2,1,6,6,1,56,9,998,8,0,HYUNDAI BAYON,3,E01020393,0,-1
2023010446903,2023,010446903,2,9,0,18,19,1,5,0,0,1,0,0,0,0,1,1,6,6,3,-1,-1,998,8,2,HYUNDAI BAYON,-1,-1,0,-1
2023547794123,2023,547794123,1,9,0,18,19,4,8,0,0,0,5,0,1,7,1,1,6,6,2,22,5,998,8,1,HYUNDAI BAYON,8,E01031900,0,-1
2023010464796,2023,010464796,1,21,4,9,9,5,3,0,0,1,0,4,0,0,4,1,6,6,1,-1,-1,8710,2,2,-1,-1,-1,0,-1
2023131299346,2023,131299346,1,21,0,11,11,2,6,0,0,0,0,0,0,0,1,1,1,1,1,31,6,8710,2,1,-1,4,E01010902,0,-1
2023340WN9152,2023,340WN9152,1,21,0,18,19,5,1,0,0,0,0,0,0,0,1,1,1,1,1,29,6,12900,5,1,-1,9,E01025669,0,-1
2023201287675,2023,201287675,1,21,1,18,19,4,8,0,0,0,0,0,0,0,2,1,1,1,1,51,8,11120,2,1,-1,1,E01011780,0,-1
2023061374668,2023,061374668,1,21,-1,-1,-1,-1,-1,-1,-1,-1,-1,-1,-1,0,-1,1,6,6,1,-1,-1,12882,2,0,-1,-1,-1,0,-1
2023201300019,2023,201300019,1,20,1,4,4,5,1,0,0,0,0,0,0,0,2,1,1,1,1,40,7,-1,-1,-1,-1,3,E01001154,0,-1
2023311331459,2023,311331459,1,21,1,6,6,7,5,0,0,8,0,0,0,0,3,1,1,1,1,44,7,12900,5,1,-1,8,E01024939,0,-1
2023361361457,2023,361361457,2,17,0,9,9,3,5,0,0,5,0,0,0,0,1,1,1,1,1,23,5,4400,2,3,-1,5,E01026943,0,-1
2023332300418,2023,332300418,2,17,0,9,9,2,8,0,0,5,0,0,0,0,3,1,1,1,1,39,7,6000,2,24,-1,5,E01025887,0,-1
2023991376149,2023,991376149,2,17,0,1,1,7,3,0,0,0,0,0,0,0,1,1,1,1,1,30,6,4800,2,8,-1,7,-1,0,-1
2023430073669,2023,430073669,1,17,0,17,19,7,2,0,0,1,0,0,0,0,1,1,1,1,1,81,11,5893,2,19,-1,4,E01032942,0,-1
2023161289819,2023,161289819,1,17,4,18,19,2,6,0,0,1,0,0,1,0,2,1,1,1,1,42,7,7365,2,9,-1,5,E01013306,0,-1
2023340WN6002,2023,340WN6002,1,9,0,18,19,4,8,0,0,0,2,0,7,0,4,1,6,6,2,22,5,3960,1,20,JEEP WRANGLER,8,E01027026,0,-1
2023340WN0892,2023,340WN0892,2,9,0,4,4,1,5,0,0,0,0,0,0,0,2,1,6,6,1,72,10,2776,2,6,JEEP WRANGLER,9,E01027353,0,-1
2023991355350,2023,991355350,2,9,4,3,3,8,4,0,0,1,0,0,0,0,2,1,5,6,1,20,4,2777,2,15,JEEP WRANGLER,5,-1,0,-1
2023991282509,2023,991282509,2,9,0,18,19,4,8,0,0,1,0,0,0,0,1,1,2,2,2,27,6,2143,2,2,JEEP WRANGLER,7,-1,0,-1
2023440319992,2023,440319992,3,9,0,18,19,7,3,0,0,0,0,0,0,0,1,1,6,6,1,71,10,3960,1,22,JEEP WRANGLER,6,E01017177,0,-1
2023451323800,2023,451323800,1,9,0,9,9,1,5,0,0,8,0,0,0,0,1,1,5,6,2,38,7,3604,1,5,JEEP WRANGLER,8,E01002690,0,-1
2023010430527,2023,010430527,2,9,0,99,99,9,9,99,99,9,9,99,9,99,1,9,6,6,3,-1,-1,2143,2,5,JEEP WRANGLER,2,E01032772,0,-1
2023161309529,2023,161309529,1,9,0,14,14,7,3,0,0,0,0,0,0,0,3,1,5,6,2,57,9,2776,2,9,JEEP WRANGLER,7,E01013020,0,-1
2023111361433,2023,111361433,1,9,0,18,19,1,5,0,0,1,0,0,0,0,1,1,6,6,2,44,7,2776,2,10,JEEP WRANGLER,8,E01020732,0,-1
2023401354696,2023,401354696,1,9,0,18,19,8,4,0,0,0,0,0,1,0,1,1,5,6,2,68,10,1995,1,5,JEEP WRANGLER,1,E01002091,0,-1
2023461371095,2023,461371095,2,9,0,18,19,4,8,0,0,0,1,0,0,0,2,1,6,6,1,37,7,2776,2,7,JEEP WRANGLER,8,E01021926,0,-1
2023010446523,2023,010446523,2,9,0,99,99,9,9,99,99,0,9,99,9,99,9,9,6,6,3,-1,-1,2143,2,5,JEEP WRANGLER,-1,-1,0,-1
2023471344089,2023,471344089,1,9,0,9,9,6,4,0,0,0,0,0,0,0,1,1,2,2,2,32,6,2776,2,10,JEEP WRANGLER,6,E01031514,0,-1
2023440417526,2023,440417526,1,9,0,18,19,8,4,0,0,0,1,0,0,0,1,1,2,2,2,49,8,1955,1,3,JEEP WRANGLER,8,E01017351,0,-1
2023141391243,2023,141391243,2,9,0,5,5,3,7,0,0,0,0,0,0,0,3,1,5,6,1,47,8,3959,1,18,JEEP WRANGLER,7,E01007829,0,-1
2023440412766,2023,440412766,1,9,0,9,9,2,8,0,0,1,0,0,0,0,1,1,6,6,2,40,7,2777,2,13,JEEP WRANGLER,9,E01023163,0,-1
2023010452582,2023,010452582,1,9,0,9,9,2,8,2,2,6,0,0,0,0,1,1,6,6,1,54,8,3960,1,22,JEEP WRANGLER,2,E01002277,0,-1
2023451342155,2023,451342155,2,9,0,9,9,3,7,0,0,1,0,0,0,0,1,1,6,6,2,45,7,1995,1,2,JEEP WRANGLER,9,E01030492,0,-1
2023161366797,2023,161366797,2,9,0,18,19,5,1,0,0,8,0,0,0,0,1,1,6,6,2,51,8,1995,1,0,JEEP WRANGLER,5,E01012772,0,-1
2023010473079,2023,010473079,4,4,0,2,2,0,0,0,0,0,0,0,0,0,2,1,6,6,3,-1,-1,125,1,0,-1,-1,-1,0,-1
2023371373589,2023,371373589,1,9,0,18,19,2,6,0,0,0,1,0,5,0,1,1,6,6,1,38,7,3994,1,6,-1,10,E01030070,0,-1
2023070085769,2023,070085769,2,9,0,18,19,7,3,0,0,0,0,0,0,0,3,1,6,6,1,46,8,3994,1,6,-1,6,E01018481,0,-1
2023411306710,2023,411306710,2,9,0,4,4,7,3,0,0,0,0,0,0,0,0,1,5,6,1,63,9,3994,1,4,-1,9,E01023740,0,-1
2023481377464,2023,481377464,1,9,0,18,19,3,6,0,0,2,0,0,0,0,3,1,5,6,1,35,6,3994,1,2,-1,-1,-1,0,-1
2023061358859,2023,061358859,1,9,0,16,19,1,5,0,0,0,5,10,1,0,1,1,1,1,1,34,6,3994,1,6,-1,9,E01004837,0,-1
2023451390366,2023,451390366,1,9,0,18,19,5,1,0,0,0,1,0,2,0,1,1,5,6,1,35,6,3994,1,3,-1,-1,-1,0,-1
2023010456690,2023,010456690,2,9,0,18,19,3,7,0,0,0,0,10,0,0,1,2,6,6,3,-1,-1,3994,1,4,-1,-1,-1,0,-1
2023541481523,2023,541481523,2,19,0,18,19,6,2,0,0,1,0,0,0,0,1,1,1,1,1,62,9,2298,2,1,NISSAN INTERSTAR,4,E01015011,0,-1
2023010480223,2023,010480223,2,19,0,17,19,1,8,0,0,3,9,0,0,0,3,1,2,2,1,55,8,2298,2,1,NISSAN INTERSTAR,3,E01002623,0,-1
2023332300352,2023,332300352,1,19,0,1,1,4,8,0,0,0,0,0,0,0,2,1,1,1,1,61,9,2298,2,1,NISSAN INTERSTAR,1,E01027339,0,-1
2023010454828,2023,010454828,2,20,0,99,99,9,9,99,99,9,9,99,9,99,1,9,6,6,3,-1,-1,-1,-1,-1,-1,-1,-1,0,-1
2023421349147,2023,421349147,1,19,0,18,19,1,5,0,0,1,0,0,0,0,3,1,6,6,1,-1,-1,2298,2,1,NISSAN INTERSTAR,-1,-1,0,-1
2023430035767,2023,430035767,1,19,0,18,19,7,3,0,0,8,0,0,0,0,1,1,1,1,1,23,5,2298,2,1,NISSAN INTERSTAR,3,E01027196,0,-1
2023610039623,2023,610039623,1,19,0,18,19,2,6,0,0,0,0,0,5,6,1,1,6,6,1,63,9,2298,2,1,NISSAN INTERSTAR,-1,-1,0,-1
2023010441195,2023,010441195,1,19,0,7,7,1,3,0,0,1,0,0,0,0,3,1,2,2,1,33,6,2298,2,1,NISSAN INTERSTAR,4,E01004369,0,-1
2023101376083,2023,101376083,2,19,0,18,19,5,1,0,0,1,0,0,1,4,1,1,1,1,1,35,6,2298,2,1,NISSAN INTERSTAR,5,E01008276,0,-1
2023552301374,2023,552301374,1,19,0,18,19,7,3,0,0,4,0,0,0,0,1,1,1,1,1,59,9,2298,2,0,NISSAN INTERSTAR,1,E01015290,0,-1
2023471276208,2023,471276208,3,19,0,18,19,6,2,0,0,1,0,0,0,0,1,1,1,1,1,26,6,2298,2,1,NISSAN INTERSTAR,8,E01031642,0,-1
2023010425896,2023,010425896,2,19,0,99,99,9,9,99,99,9,9,99,9,99,9,9,6,6,1,61,9,2464,2,16,NISSAN INTERSTAR,2,E01001193,0,-1
2023010459233,2023,010459233,2,19,0,99,99,9,9,99,99,9,9,99,9,99,9,9,6,6,3,-1,-1,2298,2,0,NISSAN INTERSTAR,8,E01000835,0,-1
2023122300569,2023,122300569,1,19,0,6,6,5,5,0,0,8,0,0,0,0,3,1,1,1,1,31,6,2298,2,1,NISSAN INTERSTAR,5,E01012756,0,-1
2023221379630,2023,221379630,1,19,0,11,11,6,2,0,0,0,2,0,0,0,2,1,2,2,1,29,6,2298,2,1,NISSAN INTERSTAR,8,E01032446,0,-1
2023320612123,2023,320612123,1,19,0,18,19,8,4,0,0,8,0,0,0,0,1,1,6,6,1,58,9,2299,2,0,NISSAN INTERSTAR,-1,-1,0,-1
2023340WN5412,2023,340WN5412,5,19,0,18,19,4,8,0,0,1,0,0,0,0,1,1,1,1,1,40,7,2298,2,1,NISSAN INTERSTAR,9,E01025998,0,-1
2023430404208,2023,430404208,2,19,0,2,2,0,0,0,0,0,0,0,0,0,3,1,1,1,1,31,6,2298,2,1,NISSAN INTERSTAR,6,E01016398,0,-1
2023010474217,2023,010474217,1,11,1,18,19,7,3,0,0,0,0,0,0,0,1,1,6,6,1,50,8,4500,2,7,-1,-1,-1,0,-1
2023201413917,2023,201413917,3,9,0,2,2,0,0,0,0,0,0,0,0,0,2,1,6,6,2,62,9,1968,2,4,SEAT TARRACO,10,E01009903,0,-1
2023501321354,2023,501321354,2,9,0,18,19,5,2,0,0,8,0,0,0,0,2,1,5,6,2,47,8,1968,2,4,SEAT TARRACO,7,E01028826,0,-1
2023010463133,2023,010463133,2,9,0,99,99,9,9,99,99,9,9,99,9,99,4,9,6,6,3,-1,-1,1968,2,4,SEAT TARRACO,-1,-1,0,-1
2023522400734,2023,522400734,4,9,0,3,3,1,5,0,0,1,0,0,0,0,2,1,6,6,1,39,7,1498,1,3,SEAT TARRACO,4,E01014571,0,-1
2023332301276,2023,332301276,1,9,0,9,9,1,7,0,0,5,0,0,0,0,3,1,6,6,1,55,8,1968,2,3,SEAT TARRACO,5,E01025610,0,-1
2023161299371,2023,161299371,2,9,0,18,19,4,8,0,0,8,0,0,0,0,4,1,6,6,1,47,8,1498,1,4,SEAT TARRACO,-1,-1,0,-1
2023371319000,2023,371319000,2,9,0,18,19,7,3,0,0,1,0,0,0,0,1,1,2,2,2,39,7,1498,1,2,SEAT TARRACO,1,E01029979,0,-1
2023010439812,2023,010439812,2,9,0,9,9,8,5,0,0,6,0,0,0,0,1,1,6,6,1,41,7,1968,2,4,SEAT TARRACO,4,E01002677,0,-1
2023010456842,2023,010456842,1,9,0,18,19,8,4,0,0,0,0,0,0,0,1,1,6,6,1,44,7,1968,2,4,SEAT TARRACO,3,E01003526,0,-1
2023010462312,2023,010462312,2,9,0,4,4,7,3,0,0,0,0,0,0,0,2,1,6,6,1,40,7,1968,2,4,SEAT TARRACO,9,E01016432,0,-1
2023311327044,2023,311327044,1,9,0,4,4,3,7,0,0,0,0,0,0,0,2,1,5,6,2,31,6,1498,1,2,SEAT TARRACO,5,E01028022,0,-1
2023201362820,2023,201362820,2,9,0,3,3,2,6,0,0,0,0,0,0,0,2,1,5,6,2,33,6,1498,1,4,SEAT TARRACO,3,E01010566,0,-1
2023010486366,2023,010486366,1,9,0,15,15,3,7,0,0,0,0,11,0,0,3,1,6,6,2,43,7,1984,1,4,SEAT TARRACO,8,E01000671,0,-1
2023461268031,2023,461268031,2,9,0,3,3,4,8,0,0,0,0,0,0,0,1,1,6,6,1,75,10,1498,1,2,SEAT TARRACO,7,E01021010,0,-1
2023311312312,2023,311312312,1,9,0,5,5,5,1,0,0,2,0,0,0,0,4,1,6,6,1,51,8,1498,1,2,SEAT TARRACO,1,E01013861,0,-1
2023451326335,2023,451326335,1,9,0,18,19,7,3,1,1,0,0,0,0,0,2,1,3,7,2,43,7,1498,1,2,SEAT TARRACO,-1,-1,0,-1
2023010486032,2023,010486032,2,9,0,99,99,9,9,99,99,9,9,99,9,99,1,9,6,6,3,-1,-1,1498,1,3,SEAT TARRACO,-1,-1,0,-1
2023010461104,2023,010461104,1,9,0,6,6,1,1,0,0,0,0,0,0,0,4,1,6,6,2,35,6,1498,1,4,SEAT TARRACO,7,E01000256,0,-1
2023061287252,2023,061287252,1,9,0,5,5,5,1,0,0,2,0,0,0,0,1,1,1,1,2,45,7,1498,1,2,SEAT TARRACO,-1,-1,0,-1
2023221368897,2023,221368897,1,9,0,10,10,2,1,0,0,1,0,0,0,0,2,1,5,6,1,60,9,1498,1,3,SEAT TARRACO,2,E01032250,0,-1
2023010440824,2023,010440824,1,9,0,4,4,3,7,0,0,1,0,0,0,0,1,1,6,6,1,59,9,1498,1,1,SEAT TARRACO,5,E01001322,0,-1
2023471269928,2023,471269928,2,9,0,4,4,1,4,0,0,8,0,0,0,0,3,1,5,6,1,63,9,1498,1,4,SEAT TARRACO,3,E01031350,0,-1
2023010471842,2023,010471842,2,9,0,99,99,9,9,0,0,7,0,0,0,0,0,9,6,6,2,40,7,1498,1,4,SEAT TARRACO,2,E01001218,0,-1
2023131379654,2023,131379654,1,9,0,18,19,1,5,0,0,8,0,0,0,0,1,1,6,6,1,44,7,1968,2,0,SEAT TARRACO,2,E01011232,0,-1
2023201297960,2023,201297960,2,9,0,3,3,3,7,0,0,2,0,0,0,0,1,1,6,6,1,39,7,1968,2,4,SEAT TARRACO,7,E01009439,0,-1
2023010485970,2023,010485970,2,9,0,99,99,9,9,99,99,9,9,99,9,99,1,9,6,6,3,-1,-1,1498,1,2,SEAT TARRACO,-1,-1,0,-1
2023010421429,2023,010421429,3,9,0,2,2,0,0,2,2,1,0,0,0,0,1,1,6,6,3,-1,-1,1498,1,3,SEAT TARRACO,-1,-1,0,-1
2023111270201,2023,111270201,1,9,0,12,12,2,6,0,0,0,0,0,0,0,3,1,2,2,1,47,8,1498,1,2,SEAT TARRACO,9,E01008716,0,-1
2023351387819,2023,351387819,2,9,0,18,19,4,8,0,0,0,0,0,0,0,1,1,6,6,2,31,6,1968,2,3,SEAT TARRACO,-1,-1,0,-1
2023522300834,2023,522300834,1,9,0,7,7,3,6,0,0,8,0,0,0,0,3,1,6,6,2,53,8,1968,2,3,SEAT TARRACO,8,E01014765,0,-1
2023311376073,2023,311376073,1,3,0,18,19,2,6,0,0,1,1,7,1,0,1,1,5,6,1,21,5,125,1,5,-1,2,E01028067,0,-1
2023401383487,2023,401383487,1,19,0,18,19,6,2,0,0,0,2,0,7,9,2,1,6,6,1,36,7,1686,2,18,-1,7,E01017434,0,-1
2023451331595,2023,451331595,1,9,0,18,19,1,5,0,0,0,0,0,0,0,1,1,2,2,1,55,8,-1,-1,-1,-1,8,E01030611,0,-1
2023421355401,2023,421355401,1,19,0,18,19,1,5,0,0,0,0,0,0,0,1,1,6,6,1,25,5,1686,2,18,-1,8,E01021389,0,-1
2023201291908,2023,201291908,1,9,0,10,10,5,1,0,0,1,0,0,0,0,1,1,6,6,1,56,9,-1,-1,-1,-1,1,E01010039,0,-1
2023440354404,2023,440354404,1,19,0,3,3,1,5,0,0,1,0,0,0,0,2,1,2,2,1,40,7,1686,2,17,-1,8,E01022815,0,-1
2023351279087,2023,351279087,1,9,0,15,15,8,1,0,0,1,0,0,0,0,0,1,6,6,1,51,8,-1,-1,-1,-1,8,E01030122,0,-1
2023302301217,2023,302301217,3,9,0,18,19,5,1,0,0,1,0,0,0,0,0,1,6,6,1,25,5,-1,-1,-1,-1,2,E01019567,0,-1
2023545604423,2023,545604423,1,9,0,18,19,7,3,0,0,0,0,0,0,0,1,1,6,6,1,65,9,-1,-1,-1,-1,6,E01031884,0,-1
2023461326309,2023,461326309,2,9,0,18,19,1,6,0,0,8,0,0,0,0,1,1,1,1,1,21,5,-1,-1,-1,-1,4,E01032810,0,-1
2023471280067,2023,471280067,1,19,0,2,2,7,7,0,0,0,0,0,0,0,0,1,6,6,1,-1,-1,1686,2,19,-1,6,E01021097,0,-1
2023451364797,2023,451364797,3,19,0,18,19,7,3,0,0,0,0,0,0,0,1,1,5,6,1,48,8,1686,2,18,-1,4,E01030496,0,-1
2023501397533,2023,501397533,1,19,0,18,19,3,7,0,0,1,0,0,0,0,1,1,6,6,1,56,9,1598,1,19,-1,3,E01019916,0,-1
2023421367619,2023,421367619,2,9,0,18,19,5,1,0,0,0,0,0,0,0,3,1,1,1,1,49,8,-1,-1,-1,-1,4,E01015873,0,-1
2023170H10353,2023,170H10353,1,19,0,16,19,2,5,0,0,0,0,0,0,0,1,1,6,6,3,-1,-1,1686,2,18,-1,-1,-1,0,-1
2023471320367,2023,471320367,2,9,0,18,19,5,1,0,0,1,0,0,0,0,1,1,2,2,1,25,5,-1,-1,-1,-1,2,E01020910,0,-1
2023471361750,2023,471361750,1,19,0,7,7,6,8,9,9,1,0,0,0,0,4,1,5,6,1,31,6,1598,2,11,VOLKSWAGEN CADDY,6,E01031402,0,-1
2023481371549,2023,481371549,1,19,0,7,7,3,5,0,0,8,0,0,0,0,4,1,1,1,1,29,6,1968,2,6,VOLKSWAGEN CADDY,-1,-1,0,-1
2023010421587,2023,010421587,1,19,0,99,99,9,9,99,99,9,9,99,9,99,9,9,6,6,1,36,7,1968,2,7,VOLKSWAGEN CADDY,4,E01000554,0,-1
2023131293292,2023,131293292,3,19,0,2,2,0,0,0,0,8,0,0,0,0,3,1,6,6,3,-1,-1,1598,2,10,VOLKSWAGEN CADDY,-1,-1,0,-1
2023221390625,2023,221390625,2,19,0,4,4,2,6,0,0,0,0,0,0,0,2,1,2,2,1,19,4,1968,2,13,VOLKSWAGEN CADDY,5,E01014035,0,-1
2023451304090,2023,451304090,2,19,0,9,9,2,6,0,0,1,0,0,0,0,1,1,2,2,1,56,9,1896,2,16,VOLKSWAGEN CADDY,6,E01017808,0,-1
2023122300796,2023,122300796,1,19,0,4,4,7,3,0,0,0,0,0,0,0,1,1,6,6,1,40,7,1598,2,10,VOLKSWAGEN CADDY,4,E01027609,0,-1
2023041365229,2023,041365229,1,19,0,18,19,5,2,9,9,0,0,0,1,11,1,1,2,2,1,30,6,1598,2,11,VOLKSWAGEN CADDY,4,E01025065,0,-1
2023371389584,2023,371389584,3,9,0,18,19,5,1,0,0,0,0,0,0,0,0,1,1,1,1,46,8,-1,-1,-1,VOLKSWAGEN CADDY,5,E01018084,0,-1
2023461388488,2023,461388488,1,19,0,3,3,1,5,0,0,0,0,0,0,0,1,1,6,6,1,59,9,1598,2,10,VOLKSWAGEN CADDY,4,E01024843,0,-1
2023041369521,2023,041369521,2,19,0,18,19,3,7,0,0,0,0,0,0,0,2,1,5,6,1,25,5,1598,2,11,VOLKSWAGEN CADDY,7,E01012659,0,-1
2023631330765,2023,631330765,1,9,0,18,19,8,4,0,0,0,5,0,7,11,1,1,5,6,2,38,7,-1,-1,-1,VOLKSWAGEN CADDY,7,W01000442,0,-1
2023070597087,2023,070597087,1,19,0,3,3,5,1,0,0,1,0,0,0,0,1,1,6,6,1,40,7,1598,2,9,VOLKSWAGEN CADDY,-1,-1,0,-1
2023122301146,2023,122301146,1,19,0,18,19,1,5,0,0,0,0,0,0,0,4,1,6,6,2,62,9,1598,2,12,VOLKSWAGEN CADDY,7,E01027743,0,-1
2023471363938,2023,471363938,1,19,0,9,9,1,7,0,0,8,0,0,0,0,1,1,5,6,1,41,7,1968,2,2,VOLKSWAGEN CADDY,9,E01031674,0,-1
2023440448263,2023,440448263,2,19,0,18,19,4,8,0,0,1,0,0,0,0,1,1,6,6,1,49,8,1896,2,23,VOLKSWAGEN CADDY,7,E01023224,0,-1
2023320519352,2023,320519352,1,19,0,18,19,3,7,0,0,1,0,0,0,0,1,1,1,1,2,47,8,1598,2,12,VOLKSWAGEN CADDY,-1,-1,0,-1
2023531331941,2023,531331941,1,19,0,18,19,1,5,0,0,0,0,0,0,0,1,1,6,6,1,56,9,1968,2,13,VOLKSWAGEN CADDY,6,E01022460,0,-1
2023501283271,2023,501283271,6,19,0,17,19,5,1,0,0,0,1,1,0,0,1,1,1,1,1,40,7,1968,2,7,VOLKSWAGEN CADDY,5,E01015221,0,-1
2023451349556,2023,451349556,2,19,0,5,5,6,2,0,0,6,0,0,0,0,1,1,2,2,1,57,9,1598,2,10,VOLKSWAGEN CADDY,8,E01030440,0,-1
2023311375049,2023,311375049,1,9,0,18,19,4,8,0,0,0,0,0,0,0,1,1,5,6,2,57,9,1598,2,9,VOLKSWAGEN CADDY,-1,-1,0,-1
2023501399015,2023,501399015,2,19,0,4,4,1,5,0,0,0,0,0,0,0,2,1,5,6,1,42,7,1598,2,10,VOLKSWAGEN CADDY,1,E01020015,0,-1
2023531355442,2023,531355442,2,19,0,18,19,1,5,0,0,0,0,0,0,0,1,1,1,1,1,62,9,1598,2,6,VOLKSWAGEN CADDY,9,E01032173,0,-1
2023101328504,2023,101328504,1,19,0,4,4,1,5,0,0,0,0,0,0,0,2,1,1,1,1,58,9,1968,2,7,VOLKSWAGEN CADDY,9,E01012063,0,-1
2023451341529,2023,451341529,2,19,0,18,19,6,2,0,0,0,0,0,0,0,1,1,6,6,2,47,8,1896,2,17,VOLKSWAGEN CADDY,2,W01001633,0,-1
2023421314355,2023,421314355,2,19,0,2,2,7,7,0,0,1,0,4,0,0,3,1,6,6,3,-1,-1,1968,2,7,VOLKSWAGEN CADDY,-1,-1,0,-1
2023421376770,2023,421376770,2,19,0,13,13,1,3,0,0,0,0,0,7,0,4,1,6,6,1,39,7,1968,2,7,VOLKSWAGEN CADDY,9,E01021579,0,-1
2023131294404,2023,131294404,2,9,0,10,10,3,1,0,0,8,0,0,0,0,2,1,5,6,2,41,7,1598,2,12,VOLKSWAGEN CADDY,8,E01010698,0,-1
2023101303648,2023,101303648,2,19,0,-1,-1,-1,-1,-1,-1,0,-1,-1,-1,0,1,1,5,6,1,34,6,1968,2,13,VOLKSWAGEN CADDY,3,E01008217,0,-1
2023031391180,2023,031391180,3,19,0,3,3,7,3,0,0,0,0,0,0,0,2,1,1,1,1,30,6,1598,2,9,VOLKSWAGEN CADDY,-1,-1,0,-1
2023631311070,2023,631311070,2,19,0,18,19,6,2,0,0,0,0,0,1,10,3,1,1,1,1,48,8,1968,2,2,VOLKSWAGEN CADDY,4,W01000589,0,-1
2023531288200,2023,531288200,2,19,0,18,19,1,5,0,0,0,0,0,1,0,3,1,6,6,1,42,7,1896,2,15,VOLKSWAGEN CADDY,7,W01001584,0,-1