collision_index,collision_year,collision_ref_no,vehicle_reference,vehicle_type,towing_and_articulation,vehicle_manoeuvre_historic,vehicle_manoeuvre,vehicle_direction_from,vehicle_direction_to,vehicle_location_restricted_lane_historic,vehicle_location_restricted_lane,junction_location,skidding_and_overturning,hit_object_in_carriageway,vehicle_leaving_carriageway,hit_object_off_carriageway,first_point_of_impact,vehicle_left_hand_drive,journey_purpose_of_driver_historic,journey_purpose_of_driver,sex_of_driver,age_of_driver,age_band_of_driver,engine_capacity_cc,propulsion_code,age_of_vehicle,generic_make_model,driver_imd_decile,lsoa_of_driver,escooter_flag,driver_distance_banding
2023010471390,2023,010471390,2,20,0,99,99,9,9,99,99,9,9,99,9,99,9,9,6,6,3,-1,-1,-1,-1,-1,-1,1,E01002713,0,-1
2023311288790,2023,311288790,1,19,0,18,19,5,1,0,0,0,5,0,1,10,1,1,5,6,1,34,6,1896,2,14,VOLKSWAGEN CADDY,9,E01028200,0,-1
2023010456650,2023,010456650,3,19,0,99,99,9,9,99,99,9,9,99,9,99,1,9,6,6,3,-1,-1,1598,2,10,VOLKSWAGEN CADDY,-1,-1,0,-1
2023351278708,2023,351278708,1,19,0,3,3,1,5,0,0,0,0,0,0,0,1,1,1,1,1,29,6,1598,2,9,VOLKSWAGEN CADDY,4,E01026679,0,-1
2023430136887,2023,430136887,2,19,0,1,1,6,2,0,0,8,0,0,0,0,3,1,6,6,1,60,9,1896,2,16,VOLKSWAGEN CADDY,5,E01017687,0,-1
2023451278967,2023,451278967,1,19,0,18,19,2,6,0,0,0,0,0,0,0,3,1,2,2,1,63,9,1896,2,15,VOLKSWAGEN CADDY,1,E01024177,0,-1
2023111389396,2023,111389396,1,19,0,18,19,8,4,0,0,0,1,0,8,4,1,1,5,6,1,33,6,1896,2,13,VOLKSWAGEN CADDY,9,E01012256,0,-1
2023201287685,2023,201287685,1,19,0,18,19,8,4,0,0,0,0,4,0,0,1,1,6,6,1,35,6,1598,2,8,VOLKSWAGEN CADDY,1,E01009002,0,-1
2023010428982,2023,010428982,2,19,0,3,3,3,7,0,0,2,0,0,0,0,2,1,6,6,2,31,6,999,1,7,VOLKSWAGEN CADDY,3,E01001089,0,-1
2023221384387,2023,221384387,1,19,0,18,19,3,5,0,0,0,1,0,0,0,1,1,2,2,1,25,5,1896,2,16,VOLKSWAGEN CADDY,1,E01028957,0,-1
2023531303722,2023,531303722,1,19,0,18,19,5,1,0,0,4,0,0,0,0,3,1,2,2,1,29,6,1968,2,13,VOLKSWAGEN CADDY,8,E01022423,0,-1
2023070158151,2023,070158151,2,19,0,4,4,7,3,0,0,0,0,0,0,0,2,1,1,1,1,57,9,1968,2,2,VOLKSWAGEN CADDY,2,E01006267,0,-1
2023631308934,2023,631308934,1,19,0,18,19,2,6,0,0,2,0,0,1,0,4,1,1,1,1,38,7,1968,2,1,VOLKSWAGEN CADDY,7,W01000564,0,-1
2023010462264,2023,010462264,2,19,0,2,2,0,0,0,0,0,0,0,0,0,2,1,6,6,3,-1,-1,1968,2,3,VOLKSWAGEN CADDY,-1,-1,0,-1
2023501274917,2023,501274917,1,19,0,16,19,7,2,0,0,1,0,0,0,0,1,1,2,2,1,36,7,1598,2,12,VOLKSWAGEN CADDY,3,E01015161,0,-1
2023311319388,2023,311319388,1,19,0,18,19,4,8,0,0,1,0,0,0,0,4,1,6,6,1,69,10,1968,2,0,VOLKSWAGEN CADDY,8,E01028348,0,-1
2023991319365,2023,991319365,1,19,0,18,19,4,8,0,0,0,0,0,0,0,1,1,1,1,2,23,5,1968,2,6,VOLKSWAGEN CADDY,8,-1,0,-1
2023440327533,2023,440327533,2,9,0,2,2,0,0,0,0,0,0,0,0,0,4,1,6,6,3,-1,-1,1598,2,12,VOLKSWAGEN CADDY,-1,-1,0,-1
2023401363458,2023,401363458,2,9,0,17,19,3,7,0,0,0,0,0,0,0,3,1,2,2,1,37,7,-1,-1,-1,VOLKSWAGEN CADDY,6,E01023762,0,-1
2023221390194,2023,221390194,2,19,0,18,19,2,7,0,0,8,0,0,0,0,1,1,6,6,1,58,9,1598,2,10,VOLKSWAGEN CADDY,4,E01014017,0,-1
2023610041523,2023,610041523,1,9,0,18,19,3,7,0,0,0,0,0,7,11,1,1,6,6,2,38,7,1598,2,9,VOLKSWAGEN CADDY,-1,-1,0,-1
2023440142925,2023,440142925,2,19,0,16,19,1,4,0,0,0,0,0,0,0,1,1,6,6,2,46,8,1968,2,16,VOLKSWAGEN CADDY,6,E01022715,0,-1
2023010462910,2023,010462910,2,19,9,18,19,1,5,0,0,0,0,99,0,0,9,9,6,6,3,-1,-1,1968,2,3,VOLKSWAGEN CADDY,-1,-1,0,-1
2023122300287,2023,122300287,1,19,0,18,19,5,1,0,0,0,0,0,0,0,4,1,6,6,1,51,8,1598,2,9,VOLKSWAGEN CADDY,6,E01013418,0,-1
2023401343118,2023,401343118,1,9,0,16,19,1,4,0,0,0,0,0,0,0,1,1,6,6,1,21,5,-1,-1,-1,VOLKSWAGEN CADDY,9,E01016788,0,-1
2023161317557,2023,161317557,2,19,0,16,19,3,1,0,0,3,0,0,0,0,3,1,6,6,1,-1,-1,1598,2,12,VOLKSWAGEN CADDY,-1,-1,0,-1
2023131274868,2023,131274868,1,9,0,9,9,7,1,0,0,2,0,0,0,0,1,1,5,6,1,18,4,-1,-1,-1,VOLKSWAGEN CADDY,6,E01028037,0,-1
2023201374281,2023,201374281,1,19,0,18,19,4,8,0,0,6,0,0,0,0,1,1,5,6,1,35,6,1598,2,10,VOLKSWAGEN CADDY,6,E01009924,0,-1
2023471340887,2023,471340887,3,9,0,9,9,3,7,0,0,8,0,0,0,0,4,1,5,6,1,88,11,1598,2,12,VOLKSWAGEN CADDY,9,E01030492,0,-1
2023520300775,2023,520300775,1,19,0,18,19,7,3,0,0,0,0,0,0,0,3,1,6,6,1,24,5,1968,2,5,VOLKSWAGEN CADDY,10,E01032634,0,-1
2023451355683,2023,451355683,1,19,0,4,4,3,1,0,0,0,0,0,0,0,1,1,2,2,1,20,4,1968,2,2,VOLKSWAGEN CADDY,9,E01023050,0,-1
2023320131920,2023,320131920,1,19,0,18,19,2,6,9,9,0,0,0,0,0,1,1,6,6,2,46,8,1598,2,12,VOLKSWAGEN CADDY,-1,-1,0,-1
2023010441946,2023,010441946,2,19,0,4,4,1,5,0,0,4,0,0,0,0,1,1,1,1,1,30,6,1968,2,7,VOLKSWAGEN CADDY,3,E01016555,0,-1
2023101286897,2023,101286897,1,19,0,7,7,3,5,0,0,8,0,0,0,0,1,1,5,6,1,26,6,1598,2,9,VOLKSWAGEN CADDY,1,E01008485,0,-1
2023552300531,2023,552300531,4,19,0,4,4,4,8,0,0,0,0,0,0,0,2,1,1,1,1,46,8,1968,2,4,VOLKSWAGEN CADDY,7,E01032007,0,-1
202354C095623,2023,54C095623,1,19,0,4,4,2,6,0,0,1,0,0,0,0,1,1,1,1,1,59,9,1896,2,17,VOLKSWAGEN CADDY,10,E01032097,0,-1
2023411339561,2023,411339561,2,19,0,5,5,1,5,8,6,0,0,0,0,0,0,1,6,6,1,32,6,1968,2,9,VOLKSWAGEN CADDY,10,E01017873,0,-1
2023471345774,2023,471345774,1,9,0,18,19,3,7,0,0,0,0,0,0,0,1,1,1,1,1,32,6,-1,-1,-1,VOLKSWAGEN CADDY,3,E01020930,0,-1
2023451318277,2023,451318277,4,19,0,18,19,1,5,0,0,0,0,0,0,0,1,1,2,2,1,28,6,1968,2,6,VOLKSWAGEN CADDY,3,E01001466,0,-1
2023320319480,2023,320319480,1,19,0,16,19,2,5,0,0,0,0,0,7,9,3,1,1,1,1,41,7,1968,2,4,VOLKSWAGEN CADDY,3,E01013665,0,-1
2023440200459,2023,440200459,2,8,0,2,2,0,0,0,0,0,0,0,0,0,4,1,1,1,1,52,8,1598,2,12,-1,9,E01023076,0,-1
2023411332685,2023,411332685,2,19,0,3,3,-1,-1,0,0,1,0,0,0,0,2,1,1,1,1,26,6,1968,2,1,VOLKSWAGEN CADDY,7,E01023944,0,-1
2023991283222,2023,991283222,1,19,0,18,19,1,5,0,0,1,0,0,4,11,1,1,5,6,1,62,9,1968,2,11,VOLKSWAGEN CADDY,1,-1,0,-1
2023141259709,2023,141259709,1,19,0,9,9,8,4,0,0,0,0,0,0,0,1,1,2,2,1,62,9,1598,2,12,VOLKSWAGEN CADDY,3,E01008093,0,-1
2023411325789,2023,411325789,2,19,0,9,9,1,3,0,0,1,1,0,0,0,4,1,1,1,1,39,7,1968,2,7,VOLKSWAGEN CADDY,9,E01021579,0,-1
2023361316681,2023,361316681,2,19,0,18,19,7,3,0,0,8,0,0,0,0,1,1,2,2,1,37,7,1598,2,12,VOLKSWAGEN CADDY,5,E01026902,0,-1
2023622300157,2023,622300157,1,19,0,16,19,4,8,0,0,1,0,0,0,0,2,1,1,1,1,40,7,1598,2,12,VOLKSWAGEN CADDY,5,W01000662,0,-1
2023332300388,2023,332300388,3,19,0,18,19,0,0,0,0,0,0,0,0,0,2,1,6,6,1,27,6,1968,2,6,VOLKSWAGEN CADDY,5,E01013627,0,-1
2023461352315,2023,461352315,3,19,0,18,19,3,7,0,0,8,0,0,0,0,3,1,1,1,1,42,7,1598,2,12,VOLKSWAGEN CADDY,8,E01021155,0,-1
2023131352153,2023,131352153,1,19,0,18,19,7,3,0,0,2,0,4,1,10,1,1,5,6,1,69,10,1598,2,12,VOLKSWAGEN CADDY,6,E01010705,0,-1
2023430417589,2023,430417589,2,19,0,1,1,2,6,0,0,0,0,0,0,0,0,1,6,6,1,-1,-1,1896,2,15,VOLKSWAGEN CADDY,-1,-1,0,-1
2023430157024,2023,430157024,2,19,0,18,19,6,2,0,0,8,0,0,0,0,4,1,6,6,1,51,8,1598,2,12,VOLKSWAGEN CADDY,10,E01016284,0,-1
2023451272161,2023,451272161,1,19,0,5,5,7,3,9,9,0,0,0,0,0,1,1,6,6,1,50,8,1598,2,10,VOLKSWAGEN CADDY,-1,-1,0,-1
2023401273706,2023,401273706,2,19,0,18,19,8,4,0,0,0,0,0,0,0,1,1,6,6,1,60,9,1968,2,5,VOLKSWAGEN CADDY,7,E01017548,0,-1
2023221343820,2023,221343820,1,19,0,4,4,1,5,0,0,1,0,0,0,0,1,1,6,6,1,59,9,1896,2,20,VOLKSWAGEN CADDY,8,E01032316,0,-1
2023522301100,2023,522301100,1,9,0,18,19,5,1,0,0,8,0,0,0,0,1,1,6,6,1,82,11,1598,2,12,VOLKSWAGEN CADDY,9,E01014719,0,-1
2023340WN3262,2023,340WN3262,1,19,0,18,19,5,1,0,0,0,2,0,2,7,1,1,6,6,1,58,9,1968,2,4,VOLKSWAGEN CADDY,5,E01031169,0,-1
2023501318763,2023,501318763,4,19,0,18,19,8,6,0,0,0,0,0,0,0,3,1,6,6,1,48,8,1896,2,14,VOLKSWAGEN CADDY,9,E01015104,0,-1
202363A011523,2023,63A011523,1,19,0,14,14,6,2,0,0,0,0,0,0,0,4,1,1,1,1,23,5,1968,2,2,VOLKSWAGEN CADDY,10,W01000781,0,-1
2023122301315,2023,122301315,2,19,0,18,19,7,3,0,0,4,0,0,0,0,3,1,6,6,1,43,7,1968,2,16,VOLKSWAGEN CADDY,10,E01013376,0,-1
2023421316871,2023,421316871,1,19,0,18,19,3,6,0,0,0,0,0,0,0,1,1,6,6,1,54,8,1968,2,3,VOLKSWAGEN CADDY,4,E01021674,0,-1
2023201415683,2023,201415683,1,19,0,2,2,0,0,0,0,0,0,0,0,0,2,1,6,6,1,69,10,1968,2,3,VOLKSWAGEN CADDY,2,E01010293,0,-1
2023461265273,2023,461265273,1,19,0,7,7,1,3,0,0,1,0,0,0,0,1,1,5,6,1,-1,-1,1598,2,12,VOLKSWAGEN CADDY,10,E01024402,0,-1
2023010428330,2023,010428330,1,19,0,3,3,1,5,0,0,1,0,0,0,0,2,1,6,6,1,75,10,1968,2,13,VOLKSWAGEN CADDY,-1,-1,0,-1
2023010435059,2023,010435059,1,19,0,2,2,0,0,0,0,0,0,4,0,0,2,1,6,6,3,-1,-1,-1,-1,-1,VOLKSWAGEN CADDY,-1,-1,0,-1
2023622300756,2023,622300756,2,9,0,18,19,7,3,0,0,0,0,0,0,0,1,1,2,2,1,49,8,-1,-1,-1,VOLKSWAGEN CADDY,5,W01000898,0,-1
2023401347642,2023,401347642,1,19,0,18,19,1,1,0,0,0,0,0,2,0,1,1,6,6,3,21,5,1968,2,14,VOLKSWAGEN CADDY,3,E01033583,0,-1
2023991284139,2023,991284139,1,19,0,16,19,4,8,0,0,0,2,0,1,4,1,1,5,6,1,27,6,1968,2,14,VOLKSWAGEN CADDY,8,-1,0,-1
2023101277701,2023,101277701,2,9,0,7,7,3,6,0,0,0,0,0,0,0,3,1,3,7,2,40,7,1598,2,9,VOLKSWAGEN CADDY,5,E01027441,0,-1
2023010424441,2023,010424441,1,19,0,17,19,6,2,0,0,3,0,11,0,0,1,2,6,6,1,54,8,1968,2,7,VOLKSWAGEN CADDY,8,E01031587,0,-1
2023201279274,2023,201279274,1,19,0,9,9,5,4,0,0,6,0,0,0,0,2,1,6,6,1,56,9,1598,2,10,VOLKSWAGEN CADDY,5,E01010000,0,-1
2023351286905,2023,351286905,1,19,0,9,9,5,1,0,0,1,5,0,0,0,2,1,2,2,1,44,7,1968,2,13,VOLKSWAGEN CADDY,10,E01018282,0,-1
2023101311993,2023,101311993,2,9,0,18,19,5,1,0,0,0,0,0,0,0,2,1,1,1,1,41,7,1598,2,10,VOLKSWAGEN CADDY,2,E01008701,0,-1
2023361381421,2023,361381421,1,9,0,9,9,3,1,0,0,1,0,0,0,0,3,1,5,6,1,72,10,1968,2,4,VOLKSWAGEN CADDY,5,E01026727,0,-1
2023461351907,2023,461351907,2,19,0,16,19,-1,-1,0,0,1,0,0,0,0,3,1,2,2,1,26,6,1598,2,12,VOLKSWAGEN CADDY,10,E01024426,0,-1
2023461292262,2023,461292262,2,9,0,18,19,5,1,0,0,8,0,0,0,0,3,1,6,6,2,36,7,1896,2,14,VOLKSWAGEN CADDY,3,E01024169,0,-1
2023041329163,2023,041329163,2,9,0,2,2,0,0,0,0,0,0,4,0,0,2,1,6,6,3,-1,-1,1896,2,13,VOLKSWAGEN CADDY,-1,-1,0,-1
2023061280030,2023,061280030,1,9,0,-1,-1,-1,-1,-1,-1,-1,-1,-1,-1,0,-1,1,6,6,2,-1,-1,-1,-1,-1,VOLKSWAGEN CADDY,3,E01005212,0,-1
2023520000481,2023,520000481,1,19,0,18,19,1,5,0,0,0,0,0,0,0,1,1,6,6,1,72,10,1968,2,2,VOLKSWAGEN CADDY,8,E01014375,0,-1
2023340NN4432,2023,340NN4432,1,19,0,18,19,1,5,0,0,0,0,0,0,0,1,1,6,6,1,75,10,1968,2,13,VOLKSWAGEN CADDY,9,E01027263,0,-1
2023041299914,2023,041299914,1,9,0,18,19,1,5,0,0,1,0,0,1,2,1,1,1,1,1,28,6,1598,2,9,VOLKSWAGEN CADDY,1,E01025582,0,-1
2023421292531,2023,421292531,1,19,0,18,19,1,1,0,0,1,0,0,0,0,1,1,6,6,1,52,8,1968,2,13,VOLKSWAGEN CADDY,10,E01021941,0,-1
2023451319116,2023,451319116,2,19,0,4,4,3,7,0,0,0,0,0,0,0,2,1,2,2,1,22,5,1598,2,13,VOLKSWAGEN CADDY,9,E01031727,0,-1
2023451265089,2023,451265089,2,19,0,2,2,0,0,0,0,0,0,0,0,0,2,1,6,6,1,35,6,1968,2,2,VOLKSWAGEN CADDY,-1,-1,0,-1
2023070384545,2023,070384545,3,19,0,18,19,4,8,0,0,2,0,0,0,0,3,1,6,6,1,25,5,1896,2,16,VOLKSWAGEN CADDY,10,E01018471,0,-1
2023161266891,2023,161266891,1,19,0,2,2,8,4,0,0,0,1,0,1,0,2,1,2,2,2,61,9,1598,2,11,VOLKSWAGEN CADDY,5,E01012991,0,-1
2023622300754,2023,622300754,1,19,0,18,19,2,6,0,0,0,0,0,0,0,3,1,6,6,2,45,7,1598,2,9,VOLKSWAGEN CADDY,1,W01001295,0,-1
2023010463339,2023,010463339,1,19,0,99,99,9,9,99,99,9,9,99,9,99,1,9,6,6,1,39,7,1968,2,14,VOLKSWAGEN CADDY,1,E01005432,0,-1
2023440445156,2023,440445156,1,19,0,16,19,7,2,0,0,0,0,0,0,0,1,1,1,1,1,34,6,1968,2,16,VOLKSWAGEN CADDY,3,E01033242,0,-1
2023101282582,2023,101282582,1,19,0,18,19,4,8,0,0,1,0,0,0,0,1,1,6,6,3,-1,-1,1896,2,13,VOLKSWAGEN CADDY,-1,-1,0,-1
2023548613723,2023,548613723,3,19,0,9,9,8,6,0,0,1,0,0,0,0,4,1,6,6,1,50,8,1598,2,10,VOLKSWAGEN CADDY,5,E01032089,0,-1
2023361316976,2023,361316976,2,19,0,18,19,6,2,0,0,0,0,0,1,0,1,1,5,6,1,69,10,1598,2,9,VOLKSWAGEN CADDY,7,E01018125,0,-1
2023522400846,2023,522400846,1,19,0,18,19,3,7,0,0,0,0,0,0,0,3,1,6,6,1,63,9,1598,2,10,VOLKSWAGEN CADDY,4,E01014009,0,-1
2023991280014,2023,991280014,2,9,0,3,3,1,5,0,0,2,0,0,0,0,2,1,5,6,1,64,9,1598,2,9,VOLKSWAGEN CADDY,7,-1,0,-1
2023010437527,2023,010437527,2,19,0,4,4,7,3,0,0,1,0,0,0,0,2,1,6,6,1,29,6,1598,2,10,VOLKSWAGEN CADDY,3,E01001282,0,-1
2023401375244,2023,401375244,1,19,0,9,9,6,2,0,0,0,0,0,0,0,1,1,6,6,1,58,9,1968,2,0,VOLKSWAGEN CADDY,7,E01023771,0,-1
2023340NN1892,2023,340NN1892,1,19,0,9,9,3,1,0,0,6,0,0,0,0,3,1,6,6,1,-1,-1,1968,2,4,VOLKSWAGEN CADDY,-1,-1,0,-1
2023122300396,2023,122300396,1,9,0,18,19,1,5,0,0,1,0,0,0,0,3,1,6,6,1,56,9,1598,2,8,VOLKSWAGEN CADDY,4,E01027787,0,-1
2023991317938,2023,991317938,1,19,0,18,19,1,5,0,0,0,0,0,0,0,1,1,1,1,1,23,5,1968,2,5,VOLKSWAGEN CADDY,9,-1,0,-1
2023131350547,2023,131350547,1,19,0,4,4,3,7,0,0,0,0,0,0,0,2,1,6,6,1,24,5,1968,2,5,VOLKSWAGEN CADDY,6,E01010590,0,-1
2023061286456,2023,061286456,1,19,0,-1,-1,-1,-1,0,0,1,-1,-1,-1,0,1,1,6,6,3,-1,-1,1598,2,12,VOLKSWAGEN CADDY,1,E01004859,0,-1
2023052301018,2023,052301018,1,19,0,18,19,4,8,0,0,1,5,0,0,0,1,1,6,6,1,26,6,1968,2,2,VOLKSWAGEN CADDY,8,E01016311,0,-1
2023141388444,2023,141388444,1,19,0,18,19,7,3,0,0,0,0,0,0,0,1,1,5,6,1,38,7,1598,2,8,VOLKSWAGEN CADDY,8,E01007801,0,-1
2023010441009,2023,010441009,2,19,0,99,99,9,9,99,99,9,9,99,9,99,1,9,6,6,3,36,7,1598,2,9,VOLKSWAGEN CADDY,4,E01002315,0,-1
2023411354812,2023,411354812,1,19,0,11,11,1,4,0,0,0,0,0,2,7,1,1,2,2,1,26,6,1896,2,17,VOLKSWAGEN CADDY,5,E01017706,0,-1
2023546194823,2023,546194823,3,19,0,2,2,0,0,0,0,0,0,0,0,0,4,1,6,6,1,-1,-1,1598,2,9,VOLKSWAGEN CADDY,-1,-1,0,-1
2023201298814,2023,201298814,2,9,0,10,10,4,2,0,0,8,0,0,0,0,1,1,6,6,1,25,5,1598,2,11,VOLKSWAGEN CADDY,1,E01009133,0,-1
2023122400024,2023,122400024,2,19,0,9,9,3,1,0,0,6,0,0,0,0,1,1,1,1,1,44,7,1896,2,15,VOLKSWAGEN CADDY,10,E01027576,0,-1
2023371392029,2023,371392029,2,19,0,18,19,2,6,0,0,8,0,0,0,0,1,1,6,6,1,21,5,1896,2,15,VOLKSWAGEN CADDY,6,E01030071,0,-1
2023311391375,2023,311391375,3,19,0,10,10,3,3,0,0,1,0,0,0,0,2,1,6,6,3,-1,-1,1598,2,10,VOLKSWAGEN CADDY,-1,-1,0,-1
2023221402499,2023,221402499,3,19,0,18,19,7,3,0,0,0,0,0,0,0,1,1,6,6,1,33,6,1598,2,12,VOLKSWAGEN CADDY,5,E01018501,0,-1
2023430195449,2023,430195449,3,9,0,4,4,8,4,0,0,0,0,0,0,0,2,1,6,6,1,22,5,-1,-1,-1,VOLKSWAGEN CADDY,7,E01016220,0,-1
2023161355405,2023,161355405,3,19,0,2,2,0,0,0,0,1,0,0,0,0,0,1,6,6,3,-1,-1,1968,2,5,VOLKSWAGEN CADDY,-1,-1,0,-1
2023170L20023,2023,170L20023,1,19,0,7,7,2,6,0,0,2,0,0,0,0,4,1,1,1,1,35,6,1968,2,8,VOLKSWAGEN CADDY,5,E01033202,0,-1
2023221291953,2023,221291953,1,8,0,18,19,1,5,0,0,0,0,0,0,0,3,1,1,1,1,59,9,1968,2,7,-1,5,E01032294,0,-1
2023440236836,2023,440236836,2,19,0,16,19,6,2,0,0,0,0,0,0,0,0,1,6,6,3,-1,-1,1896,2,16,VOLKSWAGEN CADDY,-1,-1,0,-1
2023010484849,2023,010484849,1,19,0,18,19,5,1,0,0,8,0,8,0,0,3,1,6,6,3,22,5,1598,2,12,VOLKSWAGEN CADDY,2,E01001693,0,-1
2023501318603,2023,501318603,2,9,0,2,2,1,5,0,0,0,1,0,7,0,1,1,6,6,3,-1,-1,1598,2,8,VOLKSWAGEN CADDY,-1,-1,0,-1
2023070384545,2023,070384545,1,19,0,18,19,8,4,0,0,2,0,0,0,0,3,1,6,6,2,24,5,1896,2,16,VOLKSWAGEN CADDY,10,E01018471,0,-1
2023501317276,2023,501317276,1,19,0,6,6,1,5,0,0,0,0,0,7,0,1,1,5,6,1,57,9,1896,2,16,VOLKSWAGEN CADDY,5,E01029259,0,-1
2023631333546,2023,631333546,1,19,0,18,19,4,8,0,0,2,0,0,0,0,1,1,6,6,1,40,7,1598,2,10,VOLKSWAGEN CADDY,4,W01000931,0,-1
2023440444766,2023,440444766,1,19,0,18,19,7,3,0,0,0,0,0,0,0,1,1,6,6,1,40,7,1968,2,19,VOLKSWAGEN CADDY,3,E01029041,0,-1
2023302300623,2023,302300623,1,19,0,9,9,8,6,0,0,1,0,0,0,0,1,2,6,6,1,37,7,1968,2,19,VOLKSWAGEN CADDY,1,E01013566,0,-1
2023440456674,2023,440456674,1,9,0,18,19,3,7,0,0,1,0,0,0,0,1,1,6,6,1,82,11,1968,2,7,VOLKSWAGEN CADDY,9,E01022836,0,-1
2023010431279,2023,010431279,1,19,0,99,99,9,9,99,99,9,9,99,9,99,2,9,2,2,1,29,6,1968,2,6,VOLKSWAGEN CADDY,8,E01016760,0,-1
2023010456082,2023,010456082,1,19,0,7,7,2,5,4,4,8,0,0,0,0,4,1,1,1,1,63,9,1968,2,3,VOLKSWAGEN CADDY,8,E01031653,0,-1
2023351347283,2023,351347283,2,19,0,9,9,8,6,0,0,1,0,0,0,0,2,1,6,6,1,56,9,1598,2,8,VOLKSWAGEN CADDY,6,E01018126,0,-1
2023131348919,2023,131348919,1,19,0,7,7,7,3,0,0,0,0,0,0,0,1,1,5,6,1,23,5,1598,2,12,VOLKSWAGEN CADDY,9,E01032876,0,-1
2023440038751,2023,440038751,2,19,0,18,19,7,3,0,0,0,0,0,0,0,1,1,1,1,1,51,8,1598,2,11,VOLKSWAGEN CADDY,7,E01023046,0,-1
2023421313035,2023,421313035,3,19,0,9,9,6,2,0,0,0,0,0,0,0,0,1,5,6,1,49,8,1598,2,8,VOLKSWAGEN CADDY,6,E01021398,0,-1
2023061317921,2023,061317921,2,9,0,18,19,5,1,0,0,1,0,0,0,0,3,1,5,6,1,28,6,-1,-1,-1,VOLKSWAGEN CADDY,5,E01011263,0,-1
2023041338523,2023,041338523,1,9,0,18,19,-1,-1,0,0,1,0,0,0,0,1,1,6,6,1,33,6,-1,-1,-1,VOLKSWAGEN CADDY,3,E01012588,0,-1
2023440280505,2023,440280505,3,19,0,10,10,5,1,0,0,1,0,0,0,0,1,1,2,2,1,38,7,1598,2,10,VOLKSWAGEN CADDY,6,E01023288,0,-1
2023421340039,2023,421340039,2,19,0,18,19,7,3,0,0,2,0,0,0,0,2,1,1,1,1,39,7,1598,2,10,VOLKSWAGEN CADDY,5,E01002249,0,-1
2023010469553,2023,010469553,2,19,0,99,99,9,9,99,99,9,9,99,9,99,9,9,6,6,3,-1,-1,1968,2,5,VOLKSWAGEN CADDY,-1,-1,0,-1
2023010431703,2023,010431703,1,19,0,4,4,5,1,6,6,1,0,8,0,0,4,1,6,6,1,42,7,1598,2,12,VOLKSWAGEN CADDY,2,E01002669,0,-1
2023031347926,2023,031347926,2,19,0,18,19,7,3,0,0,0,0,0,0,0,4,1,2,2,1,35,6,1598,2,9,VOLKSWAGEN CADDY,2,E01019109,0,-1
2023501284257,2023,501284257,2,19,0,18,19,3,7,0,0,1,0,0,0,0,1,1,1,1,1,39,7,1598,2,12,VOLKSWAGEN CADDY,5,E01020331,0,-1
2023101332076,2023,101332076,1,8,0,18,19,1,4,0,0,8,0,0,0,0,1,1,1,1,1,64,9,1896,2,12,-1,1,E01008398,0,-1
2023471384714,2023,471384714,2,9,0,17,19,4,1,0,0,8,0,0,0,0,1,1,5,6,2,39,7,1598,2,12,VOLKSWAGEN CADDY,8,E01021129,0,-1
2023010438148,2023,010438148,2,9,0,99,99,9,9,99,99,9,9,99,9,99,1,9,6,6,3,-1,-1,1598,2,10,VOLKSWAGEN CADDY,-1,-1,0,-1
2023131286994,2023,131286994,7,19,0,18,19,5,1,0,0,0,0,0,0,0,1,1,1,1,1,51,8,1968,2,15,VOLKSWAGEN CADDY,2,E01011925,0,-1
2023440260527,2023,440260527,1,19,0,18,19,7,3,0,0,3,1,0,0,0,1,1,2,2,1,35,6,1598,2,12,VOLKSWAGEN CADDY,5,E01022543,0,-1
2023141374639,2023,141374639,1,9,0,18,19,6,2,0,0,8,0,0,0,0,1,1,5,6,1,31,6,-1,-1,-1,VOLKSWAGEN CADDY,1,E01007735,0,-1
2023122300495,2023,122300495,2,19,0,17,19,7,3,0,0,1,0,0,0,0,1,1,6,6,1,52,8,1598,2,11,VOLKSWAGEN CADDY,7,E01027890,0,-1
2023010439298,2023,010439298,1,19,0,13,13,5,1,0,0,0,0,4,0,0,1,1,1,1,1,42,7,1968,2,4,VOLKSWAGEN CADDY,6,E01002126,0,-1
2023501283255,2023,501283255,2,9,0,17,19,7,4,0,0,0,0,0,0,0,1,1,6,6,2,52,8,1598,2,8,VOLKSWAGEN CADDY,9,E01020316,0,-1
2023411310011,2023,411310011,2,9,0,18,19,-1,-1,0,0,8,0,0,0,0,3,1,6,6,1,56,9,1896,2,14,VOLKSWAGEN CADDY,8,E01014195,0,-1
2023440290534,2023,440290534,2,19,0,16,19,8,2,0,0,3,0,0,0,0,4,1,2,2,1,21,5,1197,1,5,VOLKSWAGEN CADDY,10,E01022663,0,-1
2023471309008,2023,471309008,2,19,0,18,19,7,3,0,0,0,0,0,0,0,3,1,5,6,1,25,5,1896,2,13,VOLKSWAGEN CADDY,10,E01021132,0,-1
2023141326928,2023,141326928,1,19,0,9,9,8,5,0,0,6,0,0,0,0,1,1,6,6,1,-1,-1,1598,2,11,VOLKSWAGEN CADDY,5,E01008045,0,-1
2023320299759,2023,320299759,1,19,0,18,19,4,8,0,0,1,0,0,0,0,1,1,1,1,1,65,9,1968,2,4,VOLKSWAGEN CADDY,3,E01026140,0,-1
2023332301134,2023,332301134,2,19,0,18,19,5,1,0,0,0,0,0,7,10,1,1,6,6,1,48,8,1598,2,6,VOLKSWAGEN CADDY,8,E01025760,0,-1
2023631314300,2023,631314300,1,19,0,11,11,6,2,7,6,1,5,4,1,0,1,1,2,2,1,25,5,1598,2,10,VOLKSWAGEN CADDY,7,W01000442,0,-1