collision_index,collision_year,collision_ref_no,vehicle_reference,vehicle_type,towing_and_articulation,vehicle_manoeuvre_historic,vehicle_manoeuvre,vehicle_direction_from,vehicle_direction_to,vehicle_location_restricted_lane_historic,vehicle_location_restricted_lane,junction_location,skidding_and_overturning,hit_object_in_carriageway,vehicle_leaving_carriageway,hit_object_off_carriageway,first_point_of_impact,vehicle_left_hand_drive,journey_purpose_of_driver_historic,journey_purpose_of_driver,sex_of_driver,age_of_driver,age_band_of_driver,engine_capacity_cc,propulsion_code,age_of_vehicle,generic_make_model,driver_imd_decile,lsoa_of_driver,escooter_flag,driver_distance_banding
2023411313031,2023,411313031,1,9,0,5,5,7,5,0,0,6,0,0,0,0,1,1,5,6,1,88,11,1896,2,14,VOLKSWAGEN CADDY,10,E01023966,0,-1
2023141263305,2023,141263305,1,9,0,9,9,7,6,0,0,8,0,0,0,0,1,1,6,6,1,52,8,-1,-1,-1,VOLKSWAGEN CADDY,1,E01007626,0,-1
2023141327765,2023,141327765,2,9,0,18,19,1,5,0,0,2,0,0,0,0,4,1,5,6,2,49,8,1896,2,12,VOLKSWAGEN CADDY,2,E01007982,0,-1
2023311313349,2023,311313349,1,9,0,5,5,1,6,0,0,0,0,0,0,0,1,1,6,6,1,64,9,1598,2,10,VOLKSWAGEN CADDY,-1,-1,0,-1
2023430514182,2023,430514182,2,19,0,18,19,2,6,0,0,0,0,0,0,0,1,1,1,1,1,34,6,1598,2,13,VOLKSWAGEN CADDY,7,E01028762,0,-1
2023311354388,2023,311354388,1,19,0,16,19,5,1,0,0,0,0,0,0,0,1,1,2,2,1,56,9,1498,1,0,VOLKSWAGEN CADDY,10,E01026356,0,-1
2023010479269,2023,010479269,1,19,0,1,1,1,5,0,0,0,0,0,0,0,2,1,1,1,1,68,10,1968,2,0,VOLKSWAGEN CADDY,9,E01021675,0,-1
2023501279820,2023,501279820,2,19,0,18,19,4,8,0,0,0,0,0,0,0,0,1,6,6,1,31,6,1598,2,10,VOLKSWAGEN CADDY,7,E01015127,0,-1
2023351341955,2023,351341955,1,19,0,18,19,-1,-1,0,0,0,0,0,0,0,1,1,6,6,1,37,7,1598,2,8,VOLKSWAGEN CADDY,4,E01015618,0,-1
2023622300155,2023,622300155,1,19,0,14,14,4,8,0,0,0,0,0,0,0,1,1,2,2,1,50,8,1598,2,12,VOLKSWAGEN CADDY,1,W01001188,0,-1
2023361383471,2023,361383471,1,19,0,5,5,0,-1,0,0,0,0,0,0,0,-1,1,6,6,1,27,6,1598,2,11,VOLKSWAGEN CADDY,9,E01026916,0,-1
2023440080195,2023,440080195,1,19,0,9,9,7,5,0,0,6,0,0,0,0,3,1,1,1,2,32,6,1598,2,11,VOLKSWAGEN CADDY,9,E01022490,0,-1
2023991450226,2023,991450226,2,19,0,18,19,3,7,0,0,0,0,0,0,0,1,1,1,1,1,62,9,1968,2,3,VOLKSWAGEN CADDY,1,-1,0,-1
2023471299224,2023,471299224,2,19,0,18,19,4,8,0,0,8,0,0,0,0,1,1,2,2,1,28,6,1598,2,10,VOLKSWAGEN CADDY,-1,-1,0,-1
2023552301135,2023,552301135,1,19,0,18,19,2,6,0,0,1,0,0,0,0,1,1,6,6,1,51,8,1968,2,7,VOLKSWAGEN CADDY,9,E01015360,0,-1
2023122301071,2023,122301071,1,19,0,17,19,7,3,0,0,0,0,0,0,0,1,1,6,6,1,47,8,1968,2,5,VOLKSWAGEN CADDY,8,E01012032,0,-1
2023522401070,2023,522401070,2,19,0,13,13,4,8,0,0,1,0,0,0,0,4,1,6,6,2,58,9,1598,2,9,VOLKSWAGEN CADDY,9,E01014739,0,-1
2023451370630,2023,451370630,1,9,0,18,19,6,2,0,0,1,0,0,0,0,1,1,5,6,1,50,8,1598,2,9,VOLKSWAGEN CADDY,4,E01030551,0,-1
2023052302728,2023,052302728,2,19,0,18,19,2,6,0,0,1,0,0,0,0,1,1,6,6,1,26,6,1896,2,18,VOLKSWAGEN CADDY,7,E01007062,0,-1
2023221306701,2023,221306701,3,19,0,2,2,0,0,0,0,2,0,0,0,0,1,1,5,6,1,59,9,1598,2,7,VOLKSWAGEN CADDY,10,E01033062,0,-1
2023522400489,2023,522400489,3,19,0,18,19,3,7,0,0,0,0,0,0,0,1,1,6,6,1,57,9,1896,2,17,VOLKSWAGEN CADDY,1,E01014831,0,-1
2023211276689,2023,211276689,2,19,-1,18,19,8,4,-1,-1,-1,-1,-1,-1,0,-1,1,1,1,1,38,7,1968,2,1,VOLKSWAGEN CADDY,8,E01029749,0,-1
2023631390045,2023,631390045,2,20,0,18,19,1,5,0,0,0,0,0,0,0,1,1,1,1,1,26,6,-1,-1,-1,-1,7,W01000735,0,-1
2023461272659,2023,461272659,1,9,0,17,19,1,4,0,0,1,1,0,0,0,1,1,2,2,1,36,7,-1,-1,-1,VOLKSWAGEN CADDY,5,E01024198,0,-1
2023221360781,2023,221360781,1,19,0,16,19,4,7,0,0,0,0,0,0,0,4,1,1,1,1,57,9,1968,2,2,VOLKSWAGEN CADDY,2,E01014064,0,-1
2023421383130,2023,421383130,2,19,0,9,9,5,3,0,0,5,0,0,0,0,2,1,6,6,1,29,6,1968,2,6,VOLKSWAGEN CADDY,2,E01016004,0,-1
2023622300064,2023,622300064,1,9,0,9,9,4,3,0,0,2,0,0,0,0,1,1,6,6,2,26,6,1598,2,9,VOLKSWAGEN CADDY,2,W01000940,0,-1
2023052300893,2023,052300893,1,9,0,9,9,3,1,0,0,8,0,0,0,0,4,1,6,6,2,74,10,1896,2,14,VOLKSWAGEN CADDY,4,E01007046,0,-1
2023302301488,2023,302301488,1,19,0,3,3,2,8,0,0,8,0,0,0,0,1,1,6,6,3,-1,-1,1968,2,7,VOLKSWAGEN CADDY,5,E01019456,0,-1
2023361353758,2023,361353758,1,19,0,9,9,6,3,0,0,2,0,0,0,0,1,1,6,6,1,21,5,1968,2,5,VOLKSWAGEN CADDY,2,E01026459,0,-1
2023010444556,2023,010444556,2,19,0,7,7,5,7,0,0,1,0,0,0,0,1,2,3,7,1,20,4,1968,2,6,VOLKSWAGEN CADDY,2,E01001218,0,-1
2023361377810,2023,361377810,2,19,0,18,19,1,5,0,0,1,0,0,0,0,1,1,1,1,1,26,6,1968,2,3,VOLKSWAGEN CADDY,4,E01026665,0,-1
2023031315182,2023,031315182,1,19,0,17,19,8,4,0,0,1,1,0,3,9,1,1,5,6,1,28,6,1598,2,11,VOLKSWAGEN CADDY,-1,-1,0,-1
2023552300664,2023,552300664,1,19,0,9,9,2,8,0,0,5,0,0,0,0,4,1,6,6,1,59,9,1598,2,8,VOLKSWAGEN CADDY,2,E01033200,0,-1
2023991390724,2023,991390724,1,8,0,9,9,3,1,4,4,6,0,0,0,0,4,1,5,6,1,56,9,1598,2,9,-1,3,-1,0,-1
2023471262274,2023,471262274,1,19,0,9,9,8,4,0,0,0,0,0,0,0,1,1,2,2,1,56,9,1598,2,10,VOLKSWAGEN CADDY,3,E01016102,0,-1
2023501317873,2023,501317873,2,9,0,2,2,0,0,0,0,2,0,0,0,0,1,1,6,6,3,-1,-1,-1,-1,-1,VOLKSWAGEN CADDY,-1,-1,0,-1
2023010439147,2023,010439147,2,19,9,99,99,9,9,99,99,9,9,99,9,99,9,9,6,6,3,-1,-1,1968,2,15,VOLKSWAGEN CADDY,-1,-1,0,-1
2023122301101,2023,122301101,2,19,0,9,9,5,3,0,0,1,0,0,0,0,1,1,6,6,1,37,7,1598,2,9,VOLKSWAGEN CADDY,7,E01027904,0,-1
2023131295692,2023,131295692,1,19,0,18,19,1,5,0,0,0,0,0,0,0,1,1,6,6,3,-1,-1,1598,2,12,VOLKSWAGEN CADDY,-1,-1,0,-1
2023010474037,2023,010474037,1,19,0,4,4,1,5,0,0,2,0,0,0,0,2,1,2,2,1,21,5,1968,2,2,VOLKSWAGEN CADDY,3,E01002803,0,-1
2023211329731,2023,211329731,4,9,0,18,19,8,4,0,0,0,0,0,0,0,0,1,1,1,1,25,5,-1,-1,-1,VOLKSWAGEN CADDY,10,E01010195,0,-1
2023041275254,2023,041275254,3,9,0,2,2,0,0,9,9,1,0,4,0,0,2,1,6,6,3,-1,-1,1598,2,12,VOLKSWAGEN CADDY,-1,-1,0,-1
2023501293509,2023,501293509,1,19,-1,18,19,3,7,0,0,6,0,0,0,0,1,1,6,6,1,41,7,1968,2,19,VOLKSWAGEN CADDY,5,E01020127,0,-1
2023401390647,2023,401390647,2,9,0,18,19,1,5,0,0,0,0,0,0,0,1,1,6,6,1,28,6,-1,-1,-1,VOLKSWAGEN CADDY,9,E01033194,0,-1
2023161323418,2023,161323418,3,9,0,2,2,0,0,0,0,0,0,0,0,0,3,1,6,6,3,-1,-1,-1,-1,-1,VOLKSWAGEN CADDY,-1,-1,0,-1
2023451272093,2023,451272093,2,19,0,4,4,7,3,0,0,0,0,0,0,0,2,1,2,2,1,41,7,1598,2,8,VOLKSWAGEN CADDY,4,E01000801,0,-1
2023440397258,2023,440397258,4,19,0,2,2,0,0,0,0,0,0,0,0,0,2,1,6,6,1,40,7,1968,2,5,VOLKSWAGEN CADDY,-1,-1,0,-1
2023461295401,2023,461295401,2,19,0,18,19,6,2,0,0,0,0,0,0,0,1,1,6,6,1,19,4,1598,2,9,VOLKSWAGEN CADDY,3,E01024222,0,-1
2023340WN0522,2023,340WN0522,1,19,0,9,9,0,0,0,0,8,0,0,0,0,4,1,1,1,1,43,7,1896,2,14,VOLKSWAGEN CADDY,4,E01032976,0,-1
2023430486162,2023,430486162,2,19,0,4,4,4,8,0,0,0,0,0,0,0,2,1,6,6,1,19,4,1968,2,13,VOLKSWAGEN CADDY,9,E01023274,0,-1
2023471384369,2023,471384369,1,19,0,13,13,5,1,0,0,0,0,0,0,0,4,1,6,6,1,42,7,1896,2,15,VOLKSWAGEN CADDY,8,E01021196,0,-1
2023421384303,2023,421384303,3,9,0,3,3,4,8,0,0,0,0,0,0,0,2,1,5,6,2,55,8,1968,2,10,VOLKSWAGEN CADDY,9,E01021940,0,-1
2023141321368,2023,141321368,1,19,0,2,2,0,0,0,0,0,0,0,0,0,2,1,5,6,1,26,6,1896,2,14,VOLKSWAGEN CADDY,3,E01007702,0,-1
2023131379668,2023,131379668,1,9,0,18,19,7,3,1,1,0,0,0,0,0,3,1,6,6,1,35,6,-1,-1,-1,VOLKSWAGEN CADDY,6,E01007347,0,-1
2023061294685,2023,061294685,1,19,0,9,9,1,5,0,0,8,0,0,0,0,4,1,6,6,1,43,7,1968,2,14,VOLKSWAGEN CADDY,5,E01005991,0,-1
2023131361758,2023,131361758,1,19,0,9,9,1,5,0,0,0,0,0,0,0,1,1,6,6,1,38,7,1598,2,8,VOLKSWAGEN CADDY,1,E01010735,0,-1
2023211331611,2023,211331611,1,19,0,9,9,8,7,0,0,8,1,0,0,0,1,1,6,6,1,40,7,1968,2,3,VOLKSWAGEN CADDY,8,E01029420,0,-1
2023010459536,2023,010459536,2,19,0,18,19,1,5,0,0,0,0,0,0,0,1,9,6,6,3,-1,-1,1498,1,2,VOLKSWAGEN CADDY,-1,-1,0,-1
2023161320202,2023,161320202,1,19,0,10,10,4,1,0,0,1,0,0,0,0,3,1,2,2,1,41,7,1896,2,14,VOLKSWAGEN CADDY,5,E01026367,0,-1
2023461384171,2023,461384171,1,19,0,18,19,7,3,0,0,0,0,0,0,0,1,1,6,6,1,25,5,1968,2,5,VOLKSWAGEN CADDY,3,E01024396,0,-1
2023622300341,2023,622300341,2,19,0,4,4,4,8,0,0,1,0,0,0,0,2,1,6,6,1,62,9,1598,2,12,VOLKSWAGEN CADDY,3,W01001261,0,-1
2023421379728,2023,421379728,2,19,0,4,4,5,1,0,0,1,0,0,0,0,2,1,2,2,1,26,6,1968,2,4,VOLKSWAGEN CADDY,8,E01021482,0,-1
2023141315694,2023,141315694,3,19,0,2,2,0,0,0,0,0,0,0,0,0,2,1,6,6,3,-1,-1,1598,2,9,VOLKSWAGEN CADDY,-1,-1,0,-1
2023501373197,2023,501373197,2,19,0,3,3,8,5,0,0,0,1,0,0,0,3,1,1,1,1,24,5,1968,2,4,VOLKSWAGEN CADDY,4,E01020289,0,-1
2023052301996,2023,052301996,1,19,0,7,7,2,1,0,0,8,0,7,1,4,1,1,6,6,2,46,8,1896,2,15,VOLKSWAGEN CADDY,-1,-1,0,-1
2023440314158,2023,440314158,1,19,0,18,19,6,2,0,0,1,0,0,0,0,1,1,6,6,2,49,8,1968,2,19,VOLKSWAGEN CADDY,10,E01020355,0,-1
2023041364883,2023,041364883,1,9,0,1,1,1,5,0,0,1,0,0,0,0,2,1,2,2,1,63,9,1968,2,12,VOLKSWAGEN CADDY,2,E01025263,0,-1
2023052301274,2023,052301274,1,9,0,3,3,5,1,0,0,1,0,0,0,0,1,1,6,6,1,70,10,1968,2,6,VOLKSWAGEN TIGUAN,6,E01005010,0,-1
2023302301129,2023,302301129,1,9,0,18,19,8,4,0,0,0,5,0,2,11,1,1,6,6,2,32,6,1968,2,14,VOLKSWAGEN TIGUAN,7,E01019539,0,-1
2023320386328,2023,320386328,1,9,0,18,19,6,2,0,0,1,0,0,0,0,1,1,6,6,2,75,10,1968,2,7,VOLKSWAGEN TIGUAN,-1,-1,0,-1
2023010479414,2023,010479414,1,9,0,18,19,6,2,0,0,2,0,4,0,0,1,1,6,6,1,54,8,1498,1,2,VOLKSWAGEN TIGUAN,3,E01032568,0,-1
2023631316064,2023,631316064,1,9,0,13,13,2,6,0,0,0,0,0,7,11,4,1,5,6,1,68,10,1968,2,4,VOLKSWAGEN TIGUAN,5,W01000650,0,-1
2023201410833,2023,201410833,2,9,0,2,2,0,0,0,0,8,0,4,0,0,2,1,6,6,3,79,11,1968,2,2,VOLKSWAGEN TIGUAN,2,E01009885,0,-1
2023010440299,2023,010440299,2,9,0,3,3,1,5,0,0,1,0,0,0,0,3,1,6,6,1,34,6,1498,1,1,VOLKSWAGEN TIGUAN,4,E01003317,0,-1
2023421319819,2023,421319819,1,9,0,9,9,7,4,0,0,8,0,0,0,0,1,1,5,6,1,48,8,1968,2,0,VOLKSWAGEN TIGUAN,4,E01015953,0,-1
2023991325524,2023,991325524,1,9,0,13,13,5,1,0,0,2,0,0,0,0,4,1,6,6,1,28,6,1395,1,5,VOLKSWAGEN TIGUAN,1,-1,0,-1
2023451345784,2023,451345784,1,9,0,4,4,1,5,0,0,0,1,0,0,0,3,1,5,6,2,82,11,1395,1,5,VOLKSWAGEN TIGUAN,9,E01030554,0,-1
2023302301872,2023,302301872,1,9,0,9,9,7,3,0,0,1,1,0,0,0,1,1,2,2,1,51,8,1968,2,10,VOLKSWAGEN TIGUAN,4,E01019538,0,-1
2023131356171,2023,131356171,3,9,0,2,2,0,0,0,0,0,0,0,0,0,2,1,6,6,3,-1,-1,1968,2,10,VOLKSWAGEN TIGUAN,-1,-1,0,-1
2023302300958,2023,302300958,1,9,0,18,19,6,2,0,0,0,0,0,1,4,1,1,6,6,3,34,6,1498,1,3,VOLKSWAGEN TIGUAN,-1,-1,0,-1
2023101359348,2023,101359348,2,9,0,3,3,6,2,0,0,0,0,0,0,0,2,1,6,6,2,57,9,1498,1,2,VOLKSWAGEN TIGUAN,7,E01027516,0,-1
2023320056438,2023,320056438,1,9,0,17,19,2,4,0,0,0,1,0,0,4,4,1,2,2,2,23,5,1968,2,9,VOLKSWAGEN TIGUAN,5,E01026100,0,-1
2023010434537,2023,010434537,2,9,0,99,99,9,9,99,99,9,9,99,9,99,9,9,6,6,3,27,6,1968,2,12,VOLKSWAGEN TIGUAN,-1,-1,0,-1
2023041392887,2023,041392887,1,9,0,18,19,7,3,0,0,8,1,0,1,1,3,1,6,6,3,-1,-1,1968,2,15,VOLKSWAGEN TIGUAN,-1,-1,0,-1
2023010425351,2023,010425351,1,9,0,9,9,3,1,0,0,5,0,0,0,0,1,1,2,2,1,54,8,1968,2,5,VOLKSWAGEN TIGUAN,5,E01003173,0,-1
2023991288781,2023,991288781,2,9,0,18,19,7,3,0,0,1,0,0,1,11,1,1,5,6,2,59,9,1968,2,4,VOLKSWAGEN TIGUAN,5,-1,0,-1
2023991319977,2023,991319977,2,9,0,18,19,3,7,0,0,1,0,0,0,0,4,1,5,6,2,28,6,1498,1,1,VOLKSWAGEN TIGUAN,1,-1,0,-1
2023010425529,2023,010425529,1,9,0,18,19,3,7,0,0,2,0,0,0,0,3,1,6,6,1,44,7,1498,1,3,VOLKSWAGEN TIGUAN,3,E01000245,0,-1
2023010442395,2023,010442395,1,9,0,9,9,7,5,0,0,6,0,0,0,0,4,1,6,6,1,-1,-1,1968,2,13,VOLKSWAGEN TIGUAN,3,E01004860,0,-1
2023542900323,2023,542900323,1,9,0,18,19,8,4,0,0,0,0,0,0,0,1,1,6,6,1,28,6,1968,2,14,VOLKSWAGEN TIGUAN,1,E01014580,0,-1
2023371391466,2023,371391466,2,9,0,18,19,4,5,0,0,0,0,0,0,0,3,1,5,6,1,62,9,1498,1,4,VOLKSWAGEN TIGUAN,10,E01030181,0,-1
2023161325086,2023,161325086,1,9,0,18,19,3,7,0,0,0,0,0,0,0,1,1,5,6,1,28,6,1968,2,10,VOLKSWAGEN TIGUAN,-1,-1,0,-1
2023440329970,2023,440329970,1,9,0,7,7,3,5,0,0,1,0,0,0,0,1,1,6,6,1,44,7,1968,2,1,VOLKSWAGEN TIGUAN,1,E01017040,0,-1
2023201277775,2023,201277775,1,9,0,10,10,4,1,0,0,8,0,0,0,0,2,1,6,6,2,34,6,1968,2,10,VOLKSWAGEN TIGUAN,-1,-1,0,-1
2023031338302,2023,031338302,2,9,0,4,4,3,3,0,0,0,0,0,0,0,4,1,5,6,1,54,8,1498,1,2,VOLKSWAGEN TIGUAN,-1,-1,0,-1
2023430126839,2023,430126839,2,9,0,9,9,4,2,0,0,5,0,0,0,0,3,1,3,7,2,40,7,1395,1,5,VOLKSWAGEN TIGUAN,7,E01028474,0,-1
2023302300686,2023,302300686,1,9,0,1,1,6,2,0,0,1,0,0,0,0,2,1,6,6,1,34,6,1395,1,5,VOLKSWAGEN TIGUAN,7,E01019705,0,-1
2023010422587,2023,010422587,2,9,0,99,99,9,9,99,99,0,9,99,9,99,9,9,6,6,3,-1,-1,1984,1,7,VOLKSWAGEN TIGUAN,-1,-1,0,-1
2023141347945,2023,141347945,1,9,0,18,19,1,5,0,0,2,0,0,0,0,1,1,5,6,1,71,10,1968,2,10,VOLKSWAGEN TIGUAN,1,E01007943,0,-1
2023451345784,2023,451345784,2,9,0,18,19,3,7,0,0,0,0,0,0,0,2,1,5,6,1,53,8,1968,2,5,VOLKSWAGEN TIGUAN,6,E01030842,0,-1
2023201381192,2023,201381192,1,9,0,12,12,2,6,0,0,2,0,4,0,0,1,1,5,6,2,36,7,1968,2,2,VOLKSWAGEN TIGUAN,4,E01010015,0,-1
2023471297928,2023,471297928,2,9,0,3,3,7,3,0,0,0,1,0,0,0,2,1,5,6,1,23,5,1968,2,5,VOLKSWAGEN TIGUAN,3,E01016926,0,-1
2023111269336,2023,111269336,2,9,0,2,2,0,0,0,0,0,0,0,0,0,1,1,6,6,3,-1,-1,1968,2,13,VOLKSWAGEN TIGUAN,-1,-1,0,-1
2023340WN6292,2023,340WN6292,2,9,0,18,19,2,6,0,0,0,0,0,0,0,1,1,4,7,2,50,8,1968,2,5,VOLKSWAGEN TIGUAN,7,E01026994,0,-1
2023320579547,2023,320579547,1,9,0,9,9,6,4,0,0,8,0,0,0,0,1,1,6,6,1,62,9,1968,2,11,VOLKSWAGEN TIGUAN,8,E01026365,0,-1
2023111389247,2023,111389247,1,9,0,9,9,3,1,0,0,2,0,0,0,0,3,1,6,6,1,80,11,1968,2,11,VOLKSWAGEN TIGUAN,6,E01020864,0,-1
2023622300692,2023,622300692,2,9,0,4,4,8,4,0,0,1,0,0,0,0,2,1,4,7,1,38,7,1498,1,0,VOLKSWAGEN TIGUAN,1,W01001866,0,-1
2023111287106,2023,111287106,4,9,0,18,19,2,6,0,0,0,0,0,0,0,2,1,5,6,1,53,8,1968,2,13,VOLKSWAGEN TIGUAN,1,E01008625,0,-1
2023101355702,2023,101355702,2,9,0,3,3,2,6,0,0,8,0,0,0,0,2,1,6,6,2,30,6,1968,2,4,VOLKSWAGEN TIGUAN,4,E01008445,0,-1
2023010460897,2023,010460897,2,9,0,2,2,0,0,0,0,0,0,0,0,0,1,1,6,6,3,-1,-1,1968,2,3,VOLKSWAGEN TIGUAN,-1,-1,0,-1
2023170S11093,2023,170S11093,1,9,0,18,19,8,4,0,0,0,1,0,5,6,1,1,6,6,2,30,6,1968,2,5,VOLKSWAGEN TIGUAN,1,E01012268,0,-1
2023141266213,2023,141266213,1,9,0,3,3,4,8,0,0,8,0,0,0,0,2,1,5,6,2,34,6,1968,2,7,VOLKSWAGEN TIGUAN,4,E01007329,0,-1
2023010422491,2023,010422491,2,9,0,99,99,9,9,99,99,9,9,99,9,99,9,9,6,6,3,-1,-1,1498,1,1,VOLKSWAGEN TIGUAN,-1,-1,0,-1
2023052300048,2023,052300048,1,9,0,18,19,5,1,0,0,8,0,0,0,0,1,1,6,6,2,39,7,1968,2,2,VOLKSWAGEN TIGUAN,9,E01007258,0,-1
2023010441834,2023,010441834,1,9,0,18,19,3,7,0,0,0,0,0,0,0,1,1,6,6,1,34,6,1498,1,1,VOLKSWAGEN TIGUAN,2,E01001722,0,-1
2023010451960,2023,010451960,1,90,0,4,4,7,3,0,0,0,1,0,0,0,1,1,1,1,1,32,6,1968,2,5,-1,10,E01021438,0,-1
2023622400005,2023,622400005,3,9,0,18,19,2,6,0,0,0,0,0,0,0,2,1,6,6,2,40,7,1498,1,1,VOLKSWAGEN TIGUAN,10,W01000837,0,-1
2023340WN3762,2023,340WN3762,2,9,0,18,19,1,5,0,0,1,0,0,0,0,1,1,6,6,2,34,6,1968,2,5,VOLKSWAGEN TIGUAN,5,E01027179,0,-1
2023041346947,2023,041346947,2,9,0,4,4,1,5,0,0,1,0,0,0,0,2,1,5,6,2,33,6,1498,1,4,VOLKSWAGEN TIGUAN,8,E01025409,0,-1
2023371347309,2023,371347309,2,9,0,4,4,5,1,0,0,0,0,0,0,0,2,1,5,6,1,48,8,1498,1,0,VOLKSWAGEN TIGUAN,6,E01021689,0,-1
2023411293992,2023,411293992,3,9,0,8,8,5,2,0,0,1,0,0,0,0,1,1,6,6,2,69,10,1968,2,9,VOLKSWAGEN TIGUAN,5,E01023584,0,-1
2023010454068,2023,010454068,1,9,0,7,7,7,2,0,0,8,0,0,0,0,3,1,1,1,2,35,6,1968,2,5,VOLKSWAGEN TIGUAN,4,E01033140,0,-1
2023010429150,2023,010429150,1,9,0,13,13,5,1,0,0,1,0,0,0,0,4,1,6,6,2,43,7,1498,1,4,VOLKSWAGEN TIGUAN,10,E01002959,0,-1
2023010446865,2023,010446865,1,9,0,15,15,5,1,0,0,0,0,0,0,0,1,1,6,6,1,44,7,1968,2,8,VOLKSWAGEN TIGUAN,5,E01003703,0,-1
2023411405120,2023,411405120,2,9,0,5,5,4,8,0,0,4,0,0,0,0,1,1,6,6,1,44,7,1498,1,0,VOLKSWAGEN TIGUAN,9,E01023895,0,-1
2023041330814,2023,041330814,2,9,0,4,4,5,1,0,0,0,0,1,0,0,2,1,5,6,1,58,9,1498,1,1,VOLKSWAGEN TIGUAN,9,E01025148,0,-1
2023501332369,2023,501332369,1,9,0,9,9,2,6,0,0,0,0,0,0,0,3,1,6,6,1,27,6,1968,2,5,VOLKSWAGEN TIGUAN,7,E01020047,0,-1
2023552301138,2023,552301138,1,9,0,18,19,7,3,0,0,0,0,0,0,0,1,1,6,6,1,80,11,1498,1,2,VOLKSWAGEN TIGUAN,7,E01001346,0,-1
2023010419775,2023,010419775,2,9,0,99,99,9,9,99,99,9,9,99,9,99,9,1,6,6,2,-1,-1,1968,2,5,VOLKSWAGEN TIGUAN,3,E01003723,0,-1
2023211271399,2023,211271399,1,9,0,18,19,3,7,0,0,4,0,0,0,0,0,1,6,6,1,39,7,1498,1,2,VOLKSWAGEN TIGUAN,-1,-1,0,-1
2023320712053,2023,320712053,1,9,0,18,19,2,6,0,0,1,1,0,0,0,1,1,2,2,1,32,6,1968,2,6,VOLKSWAGEN TIGUAN,8,E01026237,0,-1
2023471305970,2023,471305970,2,9,0,16,19,8,3,0,0,2,5,0,0,0,3,1,6,6,1,65,9,1968,2,5,VOLKSWAGEN TIGUAN,7,E01020961,0,-1
2023070860964,2023,070860964,1,9,0,18,19,7,1,0,0,8,0,0,0,0,3,1,6,6,2,-1,-1,1498,1,1,VOLKSWAGEN TIGUAN,-1,-1,0,-1
2023421377368,2023,421377368,1,9,0,12,12,7,3,0,0,0,0,0,0,0,3,1,6,6,1,35,6,1498,1,3,VOLKSWAGEN TIGUAN,6,E01021730,0,-1
2023131383469,2023,131383469,3,9,0,4,4,5,1,0,0,0,0,0,0,0,2,1,6,6,1,34,6,1968,2,4,VOLKSWAGEN TIGUAN,7,E01011890,0,-1
2023311341814,2023,311341814,1,9,0,18,19,2,6,0,0,4,0,0,0,0,1,1,5,6,2,44,7,1968,2,15,VOLKSWAGEN TIGUAN,3,E01027931,0,-1
2023371374949,2023,371374949,2,9,0,2,2,0,0,0,0,0,0,0,0,0,2,1,3,7,1,35,6,1968,2,4,VOLKSWAGEN TIGUAN,5,E01030105,0,-1
2023501323677,2023,501323677,1,9,0,4,4,5,1,0,0,1,0,0,0,0,1,1,5,6,2,47,8,1968,2,10,VOLKSWAGEN TIGUAN,7,E01020300,0,-1
2023201425978,2023,201425978,1,9,0,18,19,2,6,0,0,4,0,0,0,0,4,1,3,7,1,71,10,1984,1,6,VOLKSWAGEN TIGUAN,6,E01010223,0,-1
2023010464770,2023,010464770,2,9,0,99,99,9,9,99,99,9,9,99,9,99,9,9,6,6,1,45,7,1968,2,6,VOLKSWAGEN TIGUAN,9,E01030394,0,-1
2023430433264,2023,430433264,2,9,0,9,9,8,6,0,0,6,0,0,0,0,4,1,6,6,2,57,9,1968,2,8,VOLKSWAGEN TIGUAN,9,E01017853,0,-1
2023430167050,2023,430167050,3,9,0,18,19,8,4,0,0,0,0,0,0,0,1,1,6,6,2,-1,-1,1498,1,4,VOLKSWAGEN TIGUAN,-1,-1,0,-1
2023010428004,2023,010428004,1,9,0,99,99,9,9,99,99,1,9,99,9,99,2,9,1,1,1,61,9,1968,2,6,VOLKSWAGEN TIGUAN,3,E01004066,0,-1
2023122400084,2023,122400084,3,9,0,18,19,8,4,0,0,0,0,0,0,0,1,1,6,6,1,67,10,1968,2,5,VOLKSWAGEN TIGUAN,10,E01010771,0,-1
2023061284876,2023,061284876,2,9,0,9,9,5,3,0,0,1,0,0,0,0,2,1,6,6,1,34,6,1968,2,8,VOLKSWAGEN TIGUAN,2,E01005343,0,-1
2023221357237,2023,221357237,1,9,0,1,1,7,3,0,0,6,0,10,7,11,2,1,5,6,2,44,7,1968,2,14,VOLKSWAGEN TIGUAN,5,E01014088,0,-1
2023332300007,2023,332300007,1,9,0,18,19,6,2,0,0,8,1,0,0,0,1,1,6,6,1,35,6,1968,2,2,VOLKSWAGEN TIGUAN,1,E01013632,0,-1
2023122300925,2023,122300925,2,9,0,2,2,0,0,0,0,0,0,0,0,0,4,1,6,6,1,41,7,1395,8,0,VOLKSWAGEN TIGUAN,10,E01027880,0,-1
2023361280379,2023,361280379,2,9,0,18,19,7,3,0,0,0,0,0,0,0,1,1,5,6,1,37,7,1968,2,6,VOLKSWAGEN TIGUAN,8,E01026013,0,-1
202360A163556,2023,60A163556,2,9,0,9,9,1,7,0,0,8,0,0,0,0,1,1,6,6,2,35,6,1498,1,2,VOLKSWAGEN TIGUAN,-1,-1,0,-1
2023201378484,2023,201378484,2,9,0,3,3,7,3,0,0,1,0,0,0,0,2,1,5,6,2,48,8,1968,2,3,VOLKSWAGEN TIGUAN,2,E01008987,0,-1
2023201367845,2023,201367845,2,9,0,18,19,8,4,0,0,8,0,0,0,0,4,1,5,6,2,32,6,1968,2,14,VOLKSWAGEN TIGUAN,4,E01009894,0,-1
2023549014623,2023,549014623,2,9,0,4,4,3,7,0,0,1,0,0,0,0,2,1,6,6,2,18,4,1498,1,0,VOLKSWAGEN TIGUAN,7,E01015474,0,-1
2023991365826,2023,991365826,2,9,0,2,2,0,0,0,0,2,0,0,0,0,1,1,6,6,3,-1,-1,1968,2,4,VOLKSWAGEN TIGUAN,-1,-1,0,-1