collision_index,collision_year,collision_ref_no,vehicle_reference,vehicle_type,towing_and_articulation,vehicle_manoeuvre_historic,vehicle_manoeuvre,vehicle_direction_from,vehicle_direction_to,vehicle_location_restricted_lane_historic,vehicle_location_restricted_lane,junction_location,skidding_and_overturning,hit_object_in_carriageway,vehicle_leaving_carriageway,hit_object_off_carriageway,first_point_of_impact,vehicle_left_hand_drive,journey_purpose_of_driver_historic,journey_purpose_of_driver,sex_of_driver,age_of_driver,age_band_of_driver,engine_capacity_cc,propulsion_code,age_of_vehicle,generic_make_model,driver_imd_decile,lsoa_of_driver,escooter_flag,driver_distance_banding
2023201390183,2023,201390183,2,9,0,18,19,8,4,0,0,8,0,0,0,0,1,1,6,6,1,74,10,1984,1,6,VOLKSWAGEN TIGUAN,9,E01031243,0,-1
2023421352604,2023,421352604,3,9,0,3,3,3,6,0,0,1,0,0,0,0,2,1,3,7,2,31,6,1984,1,2,VOLKSWAGEN TIGUAN,4,E01021287,0,-1
2023311352869,2023,311352869,1,9,0,2,2,7,3,0,0,0,0,0,0,0,3,1,5,6,2,40,7,1968,2,2,VOLKSWAGEN TIGUAN,5,E01013931,0,-1
2023231396125,2023,231396125,1,9,0,4,4,6,2,0,0,0,0,0,0,0,2,1,6,6,1,40,7,1968,2,7,VOLKSWAGEN TIGUAN,8,E01031245,0,-1
2023440251592,2023,440251592,1,9,0,18,19,1,5,0,0,1,0,0,0,0,1,1,6,6,1,43,7,1968,2,7,VOLKSWAGEN TIGUAN,10,E01022882,0,-1
2023122300348,2023,122300348,2,9,0,10,10,8,6,0,0,1,0,0,0,0,2,1,6,6,1,67,10,1968,2,4,VOLKSWAGEN TIGUAN,7,E01027772,0,-1
2023070863506,2023,070863506,1,9,0,5,5,5,1,0,0,1,0,0,0,0,3,1,6,6,1,49,8,1498,1,0,VOLKSWAGEN TIGUAN,-1,-1,0,-1
2023411354685,2023,411354685,4,9,0,3,3,1,5,0,0,0,0,0,0,0,2,1,6,6,2,31,6,1968,2,7,VOLKSWAGEN TIGUAN,9,E01017655,0,-1
2023041297636,2023,041297636,2,9,0,2,2,1,1,9,9,0,0,0,0,0,2,1,6,6,3,-1,-1,1968,2,8,VOLKSWAGEN TIGUAN,-1,-1,0,-1
2023010443711,2023,010443711,1,9,0,5,5,5,1,0,0,1,0,0,0,0,1,1,3,7,2,32,6,1968,2,6,VOLKSWAGEN TIGUAN,9,E01000249,0,-1
2023361366825,2023,361366825,1,9,0,18,19,6,2,0,0,0,0,0,0,0,1,1,5,6,1,52,8,1984,1,4,VOLKSWAGEN TIGUAN,10,E01023468,0,-1
2023421279030,2023,421279030,2,9,0,18,19,1,5,0,0,1,0,0,0,0,2,1,6,6,1,47,8,1498,1,2,VOLKSWAGEN TIGUAN,10,E01003671,0,-1
2023320686429,2023,320686429,2,9,0,18,19,8,4,0,0,8,0,0,0,0,1,1,6,6,1,68,10,1498,1,2,VOLKSWAGEN TIGUAN,4,E01001974,0,-1
2023010471088,2023,010471088,1,9,0,3,3,7,3,0,0,0,0,0,0,0,0,1,6,6,2,55,8,1498,1,2,VOLKSWAGEN TIGUAN,10,E01028824,0,-1
2023010434904,2023,010434904,1,9,0,18,19,1,5,9,9,8,0,0,7,0,3,1,6,6,2,32,6,1968,2,2,VOLKSWAGEN TIGUAN,6,E01002380,0,-1
2023141328871,2023,141328871,1,9,0,18,19,2,6,0,0,1,0,0,0,0,1,1,6,6,3,68,10,1968,2,5,VOLKSWAGEN TIGUAN,-1,-1,0,-1
2023010423531,2023,010423531,1,9,0,18,19,1,5,0,0,3,0,0,0,0,4,1,6,6,2,65,9,1498,1,4,VOLKSWAGEN TIGUAN,8,E01002181,0,-1
2023010459709,2023,010459709,1,9,0,18,19,1,5,0,0,0,5,0,0,0,1,1,6,6,1,31,6,1968,2,6,VOLKSWAGEN TIGUAN,2,E01000956,0,-1
2023010466435,2023,010466435,1,9,0,99,99,9,9,99,99,0,9,99,9,99,2,9,6,6,1,37,7,1498,1,4,VOLKSWAGEN TIGUAN,3,E01003143,0,-1
2023351333666,2023,351333666,2,9,0,4,4,5,1,0,0,0,0,0,0,0,2,1,6,6,1,53,8,1968,2,6,VOLKSWAGEN TIGUAN,3,E01018090,0,-1
2023471356007,2023,471356007,2,9,0,4,4,6,2,0,0,2,0,0,0,0,2,1,1,1,2,31,6,1968,2,6,VOLKSWAGEN TIGUAN,3,E01021185,0,-1
2023010455790,2023,010455790,2,9,0,18,19,1,5,0,0,8,0,0,0,0,2,1,6,6,1,26,6,1390,1,15,VOLKSWAGEN TIGUAN,6,E01001342,0,-1
2023010439858,2023,010439858,2,9,0,99,99,9,9,99,99,9,9,99,9,99,1,9,6,6,3,-1,-1,1498,1,4,VOLKSWAGEN TIGUAN,-1,-1,0,-1
2023231409260,2023,231409260,1,9,0,7,7,2,4,0,0,6,0,0,0,0,1,1,5,6,1,82,11,1968,2,8,VOLKSWAGEN TIGUAN,5,E01009031,0,-1
2023010423563,2023,010423563,2,9,0,8,8,6,8,0,0,1,0,0,0,0,1,1,6,6,1,38,7,1498,1,2,VOLKSWAGEN TIGUAN,-1,-1,0,-1
2023161307190,2023,161307190,1,9,0,5,5,6,2,0,0,1,0,0,0,0,3,1,6,6,1,36,7,1968,2,15,VOLKSWAGEN TIGUAN,3,E01013259,0,-1
2023041317174,2023,041317174,2,9,0,18,19,1,5,0,0,0,0,0,0,0,1,1,5,6,1,40,7,1968,2,4,VOLKSWAGEN TIGUAN,2,E01025245,0,-1
2023010438521,2023,010438521,1,9,0,99,99,9,9,99,99,9,9,99,9,99,2,9,6,6,2,40,7,1968,2,6,VOLKSWAGEN TIGUAN,5,E01002229,0,-1
2023122300247,2023,122300247,1,9,0,18,19,5,1,0,0,1,0,0,1,0,1,1,6,6,1,31,6,1968,2,9,VOLKSWAGEN TIGUAN,9,E01020756,0,-1
2023991346147,2023,991346147,3,9,0,2,2,0,0,0,0,2,0,0,0,0,4,1,6,6,3,-1,-1,1390,1,14,VOLKSWAGEN TIGUAN,-1,-1,0,-1
2023010461728,2023,010461728,2,9,0,99,99,9,9,99,99,9,9,99,9,99,9,9,6,6,3,-1,-1,1395,1,5,VOLKSWAGEN TIGUAN,3,E01003264,0,-1
2023221361976,2023,221361976,1,9,0,9,9,5,3,0,0,6,0,0,0,0,1,1,6,6,1,83,11,1498,1,0,VOLKSWAGEN TIGUAN,6,E01032382,0,-1
2023010429186,2023,010429186,1,9,0,18,19,3,7,0,0,0,0,0,0,0,2,1,6,6,2,39,7,1984,1,12,VOLKSWAGEN TIGUAN,3,E01002407,0,-1
2023461273007,2023,461273007,2,9,0,4,4,7,3,0,0,0,0,0,0,0,2,1,5,6,2,37,7,1968,2,7,VOLKSWAGEN TIGUAN,7,E01024375,0,-1
2023041312642,2023,041312642,2,9,0,18,19,1,5,0,0,0,0,0,0,0,2,1,5,6,2,42,7,1968,2,7,VOLKSWAGEN TIGUAN,9,E01019369,0,-1
2023201311794,2023,201311794,2,9,0,18,19,4,8,0,0,8,0,0,0,0,1,1,6,6,1,37,7,1498,1,2,VOLKSWAGEN TIGUAN,2,E01010240,0,-1
2023052302290,2023,052302290,2,9,0,8,8,1,5,0,0,0,0,0,0,0,4,1,6,6,1,48,8,1968,2,10,VOLKSWAGEN TIGUAN,2,E01006751,0,-1
2023201424238,2023,201424238,2,9,0,18,19,2,6,0,0,8,0,0,0,0,1,1,1,1,1,37,7,1968,2,4,VOLKSWAGEN TIGUAN,2,E01010071,0,-1
2023320300078,2023,320300078,3,9,0,18,19,4,8,0,0,1,0,0,0,0,4,1,2,2,2,37,7,1498,1,0,VOLKSWAGEN TIGUAN,8,E01026193,0,-1
2023991380445,2023,991380445,2,9,0,2,2,0,0,0,0,2,0,0,0,0,2,1,6,6,3,-1,-1,1395,1,5,VOLKSWAGEN TIGUAN,-1,-1,0,-1
2023010435243,2023,010435243,1,9,0,9,9,5,3,0,0,2,0,0,0,0,2,1,6,6,1,55,8,1498,1,3,VOLKSWAGEN TIGUAN,6,E01002138,0,-1
2023622301043,2023,622301043,2,9,0,18,19,8,4,0,0,0,0,0,0,0,2,1,6,6,2,44,7,1968,2,2,VOLKSWAGEN TIGUAN,1,W01001471,0,-1
2023461396249,2023,461396249,1,9,0,5,5,2,6,0,0,0,0,0,0,0,1,1,6,6,1,45,7,1968,2,6,VOLKSWAGEN TIGUAN,8,E01024351,0,-1
2023061271965,2023,061271965,1,9,0,-1,-1,-1,-1,-1,-1,-1,-1,-1,-1,0,-1,1,6,6,1,-1,-1,1968,2,7,VOLKSWAGEN TIGUAN,3,E01005260,0,-1
2023552300994,2023,552300994,2,9,0,17,19,3,8,0,0,1,0,0,0,0,4,1,6,6,1,28,6,1968,2,9,VOLKSWAGEN TIGUAN,6,E01020441,0,-1
2023141389177,2023,141389177,3,9,0,18,19,1,1,0,0,0,0,0,0,0,2,1,5,6,1,36,7,1968,2,13,VOLKSWAGEN TIGUAN,9,E01008041,0,-1
2023010439409,2023,010439409,1,9,0,5,5,4,8,0,0,2,0,0,0,0,1,1,6,6,1,38,7,1498,1,3,VOLKSWAGEN TIGUAN,1,E01001655,0,-1
2023471392153,2023,471392153,3,9,0,14,14,4,8,0,0,0,0,0,1,0,1,1,5,6,1,30,6,1968,2,7,VOLKSWAGEN TIGUAN,9,E01021190,0,-1
2023010461067,2023,010461067,1,9,0,99,99,9,9,99,99,9,9,99,9,99,9,9,6,6,2,60,9,1968,2,5,VOLKSWAGEN TIGUAN,3,E01004678,0,-1
2023061281891,2023,061281891,2,9,-1,-1,-1,-1,-1,-1,-1,0,-1,-1,-1,0,-1,1,6,6,1,43,7,1968,2,11,VOLKSWAGEN TIGUAN,7,E01006077,0,-1
2023010462983,2023,010462983,2,9,0,18,19,5,1,0,0,0,0,0,0,0,2,1,6,6,2,40,7,1968,2,5,VOLKSWAGEN TIGUAN,8,E01000651,0,-1
2023010469577,2023,010469577,1,9,0,9,9,4,1,2,2,0,0,0,0,0,0,1,6,6,1,30,6,1968,2,4,VOLKSWAGEN TIGUAN,4,E01002369,0,-1
2023501290472,2023,501290472,1,9,0,18,19,5,1,0,0,0,0,0,1,11,1,1,5,6,2,63,9,1968,2,10,VOLKSWAGEN TIGUAN,3,E01018888,0,-1
2023531311317,2023,531311317,1,9,0,18,19,3,7,0,0,0,0,0,0,0,1,1,5,6,2,38,7,1498,1,3,VOLKSWAGEN TIGUAN,9,E01022139,0,-1
2023061362359,2023,061362359,1,9,0,18,19,2,1,0,0,0,0,10,2,2,4,1,2,2,2,42,7,1968,2,8,VOLKSWAGEN TIGUAN,-1,-1,0,-1
2023501285859,2023,501285859,2,9,0,18,19,8,4,0,0,1,0,0,0,0,1,1,6,6,2,47,8,1968,2,5,VOLKSWAGEN TIGUAN,10,E01023240,0,-1
2023010476167,2023,010476167,2,9,0,99,99,9,9,99,99,9,9,99,9,99,2,9,6,6,1,-1,-1,1498,1,2,VOLKSWAGEN TIGUAN,-1,-1,0,-1
2023340WN9102,2023,340WN9102,2,9,0,17,19,2,6,0,0,1,0,0,0,0,1,1,6,6,1,70,10,1395,1,5,VOLKSWAGEN TIGUAN,9,E01027016,0,-1
2023501287423,2023,501287423,1,9,0,16,19,3,6,0,0,0,1,0,8,10,1,1,5,6,1,43,7,1968,2,14,VOLKSWAGEN TIGUAN,5,E01020301,0,-1
2023010486264,2023,010486264,2,9,0,2,2,0,0,9,9,0,0,0,0,0,1,1,6,6,3,-1,-1,1968,2,3,VOLKSWAGEN TIGUAN,-1,-1,0,-1
2023461321082,2023,461321082,1,9,0,-1,-1,-1,-1,0,0,0,0,0,0,0,1,1,5,6,2,35,6,1968,2,12,VOLKSWAGEN TIGUAN,4,E01024111,0,-1
2023131388825,2023,131388825,3,9,0,18,19,3,7,0,0,8,0,0,0,0,2,1,5,6,1,59,9,1968,2,12,VOLKSWAGEN TIGUAN,8,E01011109,0,-1
2023371391962,2023,371391962,2,9,0,4,4,3,0,0,0,1,0,0,0,0,0,1,5,6,1,51,8,1395,8,0,VOLKSWAGEN TIGUAN,8,E01030122,0,-1
2023010473495,2023,010473495,3,9,0,18,19,1,5,0,0,1,0,0,0,0,0,1,6,6,1,37,7,1968,2,2,VOLKSWAGEN TIGUAN,9,E01016247,0,-1
2023501370070,2023,501370070,1,9,0,18,19,7,3,0,0,0,0,0,7,3,1,1,5,6,1,81,11,1968,2,10,VOLKSWAGEN TIGUAN,4,E01020321,0,-1
2023141367784,2023,141367784,1,9,0,18,19,7,7,0,0,0,0,0,0,0,2,1,5,6,1,51,8,1968,2,4,VOLKSWAGEN TIGUAN,6,E01007630,0,-1
2023461262755,2023,461262755,1,9,0,18,19,7,3,0,0,1,0,0,1,0,1,1,6,6,2,34,6,1968,2,9,VOLKSWAGEN TIGUAN,2,E01024840,0,-1
2023161271929,2023,161271929,3,9,0,2,2,0,0,0,0,0,0,0,0,0,1,1,5,6,3,-1,-1,1968,2,4,VOLKSWAGEN TIGUAN,-1,-1,0,-1
2023010437936,2023,010437936,1,9,0,14,14,5,1,0,0,0,0,0,0,0,4,1,6,6,2,58,9,1968,2,6,VOLKSWAGEN TIGUAN,8,E01003679,0,-1
2023041342495,2023,041342495,2,9,0,18,19,5,1,0,0,8,0,0,0,0,3,1,5,6,1,39,7,1968,2,4,VOLKSWAGEN TIGUAN,5,E01025080,0,-1
2023531370562,2023,531370562,1,9,0,9,9,3,7,0,0,5,0,0,3,0,3,1,5,6,2,73,10,1968,2,9,VOLKSWAGEN TIGUAN,10,E01022466,0,-1
2023471373356,2023,471373356,2,9,0,18,19,5,1,0,0,2,0,0,0,0,1,1,3,7,1,37,7,1968,2,15,VOLKSWAGEN TIGUAN,7,E01031471,0,-1
2023401324416,2023,401324416,1,9,0,18,19,-1,-1,0,0,0,0,0,0,0,0,1,5,6,1,39,7,1395,8,0,VOLKSWAGEN TIGUAN,-1,-1,0,-1
2023520301759,2023,520301759,1,9,0,18,19,3,7,0,0,8,0,0,0,0,4,1,6,6,2,33,6,1968,2,5,VOLKSWAGEN TIGUAN,6,E01029300,0,-1
2023401380446,2023,401380446,2,9,0,10,10,1,7,9,9,1,0,0,0,0,2,1,5,6,1,29,6,1498,1,1,VOLKSWAGEN TIGUAN,7,E01017491,0,-1
2023520300016,2023,520300016,2,9,0,18,19,1,5,0,0,0,0,0,0,0,1,1,6,6,2,48,8,1968,2,6,VOLKSWAGEN TIGUAN,7,E01029063,0,-1
2023451356265,2023,451356265,2,9,0,2,2,0,0,0,0,0,0,0,1,0,1,1,6,6,3,-1,-1,1984,1,5,VOLKSWAGEN TIGUAN,-1,-1,0,-1
2023421352272,2023,421352272,1,9,0,18,19,1,5,0,0,2,0,0,0,0,1,1,5,6,2,36,7,1968,2,11,VOLKSWAGEN TIGUAN,3,E01021641,0,-1
2023411442525,2023,411442525,2,9,0,5,5,7,3,0,0,1,0,0,0,0,3,1,6,6,2,41,7,1968,2,7,VOLKSWAGEN TIGUAN,4,E01023387,0,-1
2023520300738,2023,520300738,1,9,0,18,19,3,7,0,0,0,2,0,1,4,1,1,6,6,2,30,6,1968,2,9,VOLKSWAGEN TIGUAN,8,E01029212,0,-1
2023340WN4622,2023,340WN4622,2,9,0,17,19,4,1,0,0,0,0,0,0,0,3,1,6,6,2,20,4,1968,2,5,VOLKSWAGEN TIGUAN,-1,-1,0,-1
2023991271683,2023,991271683,1,9,0,9,9,3,1,0,0,5,0,0,0,0,4,1,6,6,1,57,9,1968,2,5,VOLKSWAGEN TIGUAN,9,-1,0,-1
2023471384451,2023,471384451,2,9,0,18,19,5,2,0,0,1,0,0,0,0,1,1,2,2,2,52,8,1968,2,3,VOLKSWAGEN TIGUAN,9,E01031764,0,-1
2023361361131,2023,361361131,1,9,0,18,19,7,3,0,0,8,0,0,0,0,1,1,5,6,1,63,9,1498,1,0,VOLKSWAGEN TIGUAN,6,E01026436,0,-1
2023010450649,2023,010450649,2,9,0,99,99,9,9,99,99,9,9,99,9,99,9,9,6,6,2,-1,-1,1968,2,7,VOLKSWAGEN TIGUAN,9,E01030446,0,-1
2023440193834,2023,440193834,2,9,0,18,19,5,1,0,0,0,0,0,0,0,4,1,6,6,1,48,8,1498,1,2,VOLKSWAGEN TIGUAN,9,E01022826,0,-1
202354C478023,2023,54C478023,1,9,0,18,19,6,2,0,0,0,0,0,0,0,1,1,6,6,2,46,8,1968,2,10,VOLKSWAGEN TIGUAN,7,E01031974,0,-1
2023010426592,2023,010426592,2,9,0,99,99,9,9,99,99,9,9,99,9,99,2,9,6,6,2,-1,-1,1498,1,1,VOLKSWAGEN TIGUAN,-1,-1,0,-1
2023361318498,2023,361318498,1,9,0,18,19,3,7,0,0,1,1,0,0,0,1,1,5,6,1,80,11,1968,2,6,VOLKSWAGEN TIGUAN,6,E01026737,0,-1
2023461277352,2023,461277352,2,9,0,3,3,3,7,0,0,0,0,0,0,0,2,1,6,6,1,50,8,1968,2,10,VOLKSWAGEN TIGUAN,4,E01024647,0,-1
2023010427902,2023,010427902,1,9,0,5,5,7,3,0,0,7,0,0,0,0,1,1,6,6,2,48,8,1498,1,3,VOLKSWAGEN TIGUAN,8,E01000878,0,-1
2023544485923,2023,544485923,1,9,0,18,19,6,2,0,0,0,0,4,0,0,1,1,2,2,2,33,6,1968,2,12,VOLKSWAGEN TIGUAN,8,E01032102,0,-1
2023430053927,2023,430053927,1,9,0,9,9,5,3,0,0,5,0,0,0,0,2,1,6,6,1,33,6,1498,1,3,VOLKSWAGEN TIGUAN,9,E01016308,0,-1
2023471384562,2023,471384562,1,9,0,9,9,6,3,0,0,2,0,0,0,0,1,1,5,6,2,36,7,1968,2,4,VOLKSWAGEN TIGUAN,3,E01031609,0,-1
2023411297356,2023,411297356,1,9,0,10,10,2,6,0,0,1,0,0,0,0,3,1,5,6,1,39,7,1968,2,4,VOLKSWAGEN TIGUAN,7,E01017587,0,-1
2023340WN3172,2023,340WN3172,2,9,0,18,19,3,7,0,0,8,0,0,0,0,1,1,6,6,1,68,10,1968,2,6,VOLKSWAGEN TIGUAN,9,E01027016,0,-1
2023010446860,2023,010446860,2,9,0,3,3,1,5,0,0,0,0,0,0,0,2,1,6,6,2,45,7,1968,2,8,VOLKSWAGEN TIGUAN,5,E01024025,0,-1
2023010462064,2023,010462064,1,9,0,18,19,7,3,0,0,0,0,0,0,0,4,1,6,6,1,75,10,1498,1,4,VOLKSWAGEN TIGUAN,5,E01000620,0,-1
2023461321555,2023,461321555,1,9,0,7,7,1,3,0,0,3,0,0,0,0,4,1,2,2,2,23,5,1498,1,0,VOLKSWAGEN TIGUAN,9,E01016172,0,-1
2023010420525,2023,010420525,1,9,0,18,19,1,5,0,0,1,0,0,0,0,4,1,6,6,2,43,7,1395,1,5,VOLKSWAGEN TIGUAN,6,E01001937,0,-1
2023061363044,2023,061363044,1,9,0,18,19,3,7,0,0,1,0,0,0,0,1,1,5,6,1,29,6,1968,2,7,VOLKSWAGEN TIGUAN,2,E01005978,0,-1
2023041292756,2023,041292756,2,9,0,18,19,1,5,0,0,1,0,0,0,0,1,1,5,6,1,29,6,1968,2,6,VOLKSWAGEN TIGUAN,6,E01025122,0,-1
2023010458437,2023,010458437,1,9,0,18,19,7,3,0,0,8,0,0,0,0,1,1,1,1,1,54,8,1968,2,5,VOLKSWAGEN TIGUAN,5,E01004601,0,-1
2023041319571,2023,041319571,2,9,0,18,19,6,2,0,0,0,0,0,0,0,1,1,6,6,1,75,10,1498,1,0,VOLKSWAGEN TIGUAN,4,E01025567,0,-1
2023451340420,2023,451340420,1,9,0,18,19,1,5,0,0,6,0,0,0,0,1,1,6,6,2,55,8,1968,2,3,VOLKSWAGEN TIGUAN,10,E01030771,0,-1
2023622300905,2023,622300905,3,9,0,17,19,4,8,0,0,1,0,0,0,0,1,1,6,6,2,50,8,1498,1,3,VOLKSWAGEN TIGUAN,8,W01000933,0,-1
2023131295175,2023,131295175,2,9,0,9,9,1,3,0,0,1,0,0,0,0,3,1,5,6,2,35,6,1498,1,1,VOLKSWAGEN TIGUAN,4,E01027581,0,-1
2023440482133,2023,440482133,1,9,0,18,19,2,6,0,0,0,0,6,0,0,1,1,6,6,2,34,6,1498,1,0,VOLKSWAGEN TIGUAN,9,E01022717,0,-1
2023361285360,2023,361285360,1,9,0,18,19,7,4,0,0,0,1,0,1,4,1,1,5,6,1,42,7,1968,2,5,VOLKSWAGEN TIGUAN,4,E01026884,0,-1
2023320722290,2023,320722290,2,9,0,18,19,4,8,0,0,8,0,0,0,0,1,1,6,6,1,67,10,1498,1,4,VOLKSWAGEN TIGUAN,9,E01026186,0,-1
2023430437121,2023,430437121,1,9,0,13,13,8,4,0,0,1,0,0,0,0,1,1,6,6,1,86,11,1498,1,4,VOLKSWAGEN TIGUAN,7,E01016326,0,-1
2023010424632,2023,010424632,1,9,4,99,99,9,9,99,99,9,9,99,9,99,9,9,6,6,2,38,7,1984,1,4,VOLKSWAGEN TIGUAN,8,E01023549,0,-1
2023421327078,2023,421327078,2,9,0,5,5,2,6,0,0,0,0,0,0,0,1,1,6,6,2,32,6,1968,2,6,VOLKSWAGEN TIGUAN,8,E01022093,0,-1
2023501321455,2023,501321455,1,9,0,18,19,1,5,0,0,1,0,0,0,0,1,1,6,6,2,-1,-1,1498,1,1,VOLKSWAGEN TIGUAN,-1,-1,0,-1
2023631347361,2023,631347361,1,9,0,18,19,1,5,0,0,0,0,0,8,3,1,1,6,6,2,62,9,1968,2,14,VOLKSWAGEN TIGUAN,6,W01000550,0,-1
2023461383987,2023,461383987,2,9,0,18,19,4,1,0,0,0,0,0,0,0,4,1,6,6,1,45,7,1968,2,12,VOLKSWAGEN TIGUAN,5,E01024716,0,-1
2023010481921,2023,010481921,1,9,0,5,5,2,6,0,0,4,0,0,0,0,4,1,6,6,2,42,7,1498,1,0,VOLKSWAGEN TIGUAN,2,E01001042,0,-1
2023111347123,2023,111347123,2,9,3,7,7,1,4,0,0,0,0,0,0,0,4,1,5,6,1,42,7,1498,1,0,VOLKSWAGEN TIGUAN,9,E01020698,0,-1
2023010474883,2023,010474883,2,9,0,6,6,9,9,99,99,0,9,99,9,99,3,9,6,6,3,57,9,1968,2,7,VOLKSWAGEN TIGUAN,6,E01004360,0,-1
2023421324943,2023,421324943,1,9,0,18,19,3,7,0,0,0,0,0,0,0,1,1,6,6,2,48,8,1968,2,4,VOLKSWAGEN TIGUAN,5,E01023475,0,-1
2023221346179,2023,221346179,1,9,0,4,4,2,6,0,0,0,0,0,0,0,2,1,5,6,2,40,7,1968,2,4,VOLKSWAGEN TIGUAN,4,E01020321,0,-1
2023430336996,2023,430336996,3,9,0,10,10,4,2,0,0,8,0,0,0,0,1,1,6,6,1,35,6,1968,2,4,VOLKSWAGEN TIGUAN,8,E01016823,0,-1
2023440120260,2023,440120260,3,9,0,3,3,8,4,0,0,0,0,0,0,0,2,1,6,6,1,23,5,1968,2,13,VOLKSWAGEN TIGUAN,5,E01023201,0,-1
2023010448638,2023,010448638,1,9,0,16,19,1,5,0,0,2,0,7,0,0,1,1,6,6,1,28,6,1498,1,0,VOLKSWAGEN TIGUAN,5,E01000854,0,-1
2023522300522,2023,522300522,2,9,0,9,9,2,8,0,0,5,0,0,0,0,1,1,6,6,1,25,5,1968,2,12,VOLKSWAGEN TIGUAN,3,W01001592,0,-1
2023471388428,2023,471388428,1,9,0,18,19,8,4,0,0,2,2,0,0,0,0,1,6,6,1,52,8,1498,1,4,VOLKSWAGEN TIGUAN,7,E01031722,0,-1
2023351327910,2023,351327910,2,9,0,9,9,4,1,0,0,8,0,0,0,0,1,1,6,6,2,49,8,1968,2,14,VOLKSWAGEN TIGUAN,2,E01015656,0,-1
2023991288148,2023,991288148,3,9,0,4,4,2,6,0,0,1,0,0,0,0,2,1,5,6,1,29,6,1968,2,6,VOLKSWAGEN TIGUAN,10,-1,0,-1
2023451260702,2023,451260702,2,9,0,7,7,3,7,0,0,1,0,0,0,0,3,1,6,6,1,23,5,1390,1,13,VOLKSWAGEN TIGUAN,9,E01030731,0,-1
2023631333651,2023,631333651,2,9,0,3,3,1,4,0,0,1,0,0,0,0,3,1,5,6,2,46,8,1498,1,0,VOLKSWAGEN TIGUAN,2,W01000707,0,-1
202354D017723,2023,54D017723,2,9,0,18,19,6,2,0,0,0,0,0,0,0,0,1,6,6,2,75,10,1968,2,6,VOLKSWAGEN TIGUAN,-1,-1,0,-1
2023451285722,2023,451285722,1,9,0,9,9,1,7,0,0,4,0,0,0,0,3,1,1,1,2,51,8,1968,2,7,VOLKSWAGEN TIGUAN,-1,-1,0,-1
202363D004423,2023,63D004423,1,9,0,18,19,7,3,0,0,0,5,0,8,10,3,1,3,7,1,47,8,1968,2,14,VOLKSWAGEN TIGUAN,8,W01000453,0,-1
2023411369691,2023,411369691,1,9,0,7,7,-1,-1,0,0,4,0,0,0,0,3,1,6,6,2,47,8,1968,2,9,VOLKSWAGEN TIGUAN,5,E01023411,0,-1
2023010432161,2023,010432161,1,9,0,99,99,9,9,99,99,0,9,99,9,99,1,1,2,2,1,59,9,1498,1,3,VOLKSWAGEN TIGUAN,5,E01001086,0,-1
2023451268700,2023,451268700,1,9,0,10,10,3,7,0,0,1,1,0,0,0,2,1,5,6,2,25,5,1968,2,5,VOLKSWAGEN TIGUAN,9,E01030421,0,-1
2023010435960,2023,010435960,2,9,0,99,99,9,9,99,99,0,9,99,9,99,1,9,6,6,3,-1,-1,1498,1,1,VOLKSWAGEN TIGUAN,-1,-1,0,-1
2023440204906,2023,440204906,2,9,0,4,4,3,7,0,0,0,0,0,0,0,2,1,2,2,1,54,8,1498,1,1,VOLKSWAGEN TIGUAN,6,E01017043,0,-1
2023501291072,2023,501291072,1,9,0,18,19,7,2,0,0,0,5,0,0,0,4,1,6,6,2,28,6,1968,2,7,VOLKSWAGEN TIGUAN,8,E01015098,0,-1
2023332300606,2023,332300606,2,9,0,18,19,6,2,0,0,0,0,0,1,0,1,1,6,6,1,67,10,1968,2,10,VOLKSWAGEN TIGUAN,9,E01025913,0,-1
2023991393543,2023,991393543,3,9,0,17,19,4,7,0,0,0,0,0,0,0,3,1,6,6,2,60,9,1984,1,1,VOLKSWAGEN TIGUAN,7,-1,0,-1
2023010479641,2023,010479641,1,9,0,5,5,3,7,0,0,1,0,0,0,0,1,1,2,2,1,59,9,1390,1,14,VOLKSWAGEN TIGUAN,8,E01004707,0,-1
2023501328718,2023,501328718,1,9,0,9,9,2,8,0,0,8,0,0,0,0,3,1,2,2,1,55,8,1968,2,11,VOLKSWAGEN TIGUAN,6,E01019030,0,-1
2023201416047,2023,201416047,4,9,0,4,4,1,6,0,0,1,0,0,0,0,3,1,6,6,1,46,8,1395,1,5,VOLKSWAGEN TIGUAN,1,E01033647,0,-1
2023440148335,2023,440148335,2,9,0,9,9,7,5,0,0,6,0,0,0,0,4,1,6,6,1,42,7,1984,1,6,VOLKSWAGEN TIGUAN,2,E01022913,0,-1
2023131371822,2023,131371822,7,9,0,2,2,0,0,0,0,2,0,0,0,0,1,1,6,6,3,-1,-1,1968,2,5,VOLKSWAGEN TIGUAN,-1,-1,0,-1
2023010425352,2023,010425352,1,9,0,9,9,5,2,0,0,6,0,0,0,0,1,1,6,6,1,59,9,1968,2,0,VOLKSWAGEN TIGUAN,4,E01033589,0,-1
2023131319228,2023,131319228,2,9,0,18,19,5,1,0,0,8,1,10,0,0,3,2,6,6,2,36,7,1984,1,2,VOLKSWAGEN TIGUAN,6,E01011226,0,-1
2023411395069,2023,411395069,2,9,0,18,19,1,5,0,0,0,0,0,0,0,1,1,5,6,1,67,10,1968,2,5,VOLKSWAGEN TIGUAN,7,E01017652,0,-1
2023010430501,2023,010430501,1,9,0,9,9,5,3,0,0,8,0,0,0,0,1,1,6,6,1,65,9,1984,1,2,VOLKSWAGEN TIGUAN,8,E01013073,0,-1
2023440087746,2023,440087746,1,9,0,18,19,1,5,0,0,7,0,0,0,0,1,1,6,6,2,50,8,1968,2,7,VOLKSWAGEN TIGUAN,8,E01022570,0,-1
2023031345736,2023,031345736,2,9,0,5,5,4,8,0,0,0,0,0,0,0,2,1,6,6,1,58,9,1498,1,4,VOLKSWAGEN TIGUAN,-1,-1,0,-1
2023010446430,2023,010446430,1,9,0,99,99,9,9,99,99,9,9,99,9,99,4,9,6,6,1,27,6,1968,2,8,VOLKSWAGEN TIGUAN,6,E01001519,0,-1