collision_index,collision_year,collision_ref_no,vehicle_reference,vehicle_type,towing_and_articulation,vehicle_manoeuvre_historic,vehicle_manoeuvre,vehicle_direction_from,vehicle_direction_to,vehicle_location_restricted_lane_historic,vehicle_location_restricted_lane,junction_location,skidding_and_overturning,hit_object_in_carriageway,vehicle_leaving_carriageway,hit_object_off_carriageway,first_point_of_impact,vehicle_left_hand_drive,journey_purpose_of_driver_historic,journey_purpose_of_driver,sex_of_driver,age_of_driver,age_band_of_driver,engine_capacity_cc,propulsion_code,age_of_vehicle,generic_make_model,driver_imd_decile,lsoa_of_driver,escooter_flag,driver_distance_banding
2023061401930,2023,061401930,2,9,0,3,3,4,8,0,0,1,0,0,0,0,2,1,6,6,2,45,7,1968,2,1,VOLKSWAGEN TIGUAN,1,E01005386,0,-1
2023311384689,2023,311384689,1,9,0,18,19,5,2,0,0,0,2,0,1,1,4,1,5,6,2,46,8,1968,2,7,VOLKSWAGEN TIGUAN,3,E01028033,0,-1
2023401386779,2023,401386779,2,9,0,4,4,-1,-1,0,0,0,0,0,0,0,2,1,5,6,1,40,7,1968,2,5,VOLKSWAGEN TIGUAN,10,E01017436,0,-1
2023991334279,2023,991334279,2,9,0,18,19,8,4,0,0,0,0,0,0,0,2,1,5,6,2,27,6,1968,2,14,VOLKSWAGEN TIGUAN,3,-1,0,-1
2023041384025,2023,041384025,2,9,0,18,19,5,1,4,4,8,0,0,0,0,1,1,6,6,1,29,6,1968,2,12,VOLKSWAGEN TIGUAN,4,E01024871,0,-1
2023991343264,2023,991343264,2,9,0,18,19,4,7,0,0,0,0,0,0,0,2,1,5,6,1,48,8,1968,2,4,VOLKSWAGEN TIGUAN,8,E01026007,0,-1
2023010454163,2023,010454163,2,9,0,17,19,4,8,0,0,0,0,0,0,0,1,1,6,6,1,46,8,1968,2,4,VOLKSWAGEN TIGUAN,3,E01003280,0,-1
2023540027323,2023,540027323,2,9,0,18,19,3,5,0,0,8,0,0,0,0,4,1,6,6,1,61,9,1968,2,14,VOLKSWAGEN TIGUAN,2,E01019074,0,-1
2023201382952,2023,201382952,1,9,0,9,9,3,1,0,0,5,0,0,0,0,4,1,5,6,1,47,8,1968,2,2,VOLKSWAGEN TIGUAN,1,E01010143,0,-1
2023991391381,2023,991391381,1,9,0,18,19,2,6,0,0,0,0,0,0,0,3,1,1,1,1,50,8,1968,2,9,VOLKSWAGEN TIGUAN,8,-1,0,-1
2023991377806,2023,991377806,1,9,0,18,19,5,1,0,0,0,0,0,1,0,1,1,6,6,2,65,9,1968,2,3,VOLKSWAGEN TIGUAN,8,-1,0,-1
2023201289937,2023,201289937,1,9,0,18,19,6,2,0,0,6,0,0,0,0,4,1,6,6,2,34,6,1968,2,12,VOLKSWAGEN TIGUAN,9,E01029523,0,-1
2023131309405,2023,131309405,1,9,0,18,19,1,5,0,0,1,0,0,0,0,4,1,2,2,2,51,8,1968,2,4,VOLKSWAGEN TIGUAN,3,E01006073,0,-1
2023131279479,2023,131279479,1,9,0,18,19,8,4,0,0,8,0,0,0,0,1,1,5,6,1,67,10,1968,2,15,VOLKSWAGEN TIGUAN,2,E01011424,0,-1
2023131302669,2023,131302669,1,9,0,16,19,4,8,0,0,0,1,0,7,11,1,1,6,6,2,24,5,1498,1,1,VOLKSWAGEN TIGUAN,4,E01011727,0,-1
2023451373506,2023,451373506,1,9,0,5,5,5,1,8,6,0,0,0,0,0,3,1,5,6,1,63,9,1968,2,8,VOLKSWAGEN TIGUAN,10,E01030504,0,-1
2023131365503,2023,131365503,2,9,0,18,19,2,6,0,0,0,0,0,0,0,4,1,5,6,1,48,8,1968,2,5,VOLKSWAGEN TIGUAN,6,E01010592,0,-1
2023302300126,2023,302300126,1,9,0,18,19,5,1,0,0,0,0,0,0,0,1,1,6,6,1,39,7,1968,2,4,VOLKSWAGEN TIGUAN,1,E01033269,0,-1
2023461265177,2023,461265177,2,9,0,3,3,3,7,0,0,8,0,0,0,0,2,1,6,6,2,32,6,1968,2,6,VOLKSWAGEN TIGUAN,9,E01024376,0,-1
2023522400553,2023,522400553,1,9,0,18,19,5,1,0,0,8,1,0,3,4,1,1,6,6,1,81,11,1498,1,0,VOLKSWAGEN TIGUAN,9,E01014710,0,-1
2023061273170,2023,061273170,1,9,0,5,5,6,2,0,0,0,0,0,0,0,1,1,6,6,3,30,6,1498,1,1,VOLKSWAGEN TIGUAN,-1,-1,0,-1
2023010441652,2023,010441652,1,9,0,18,19,3,7,0,0,0,0,7,0,0,3,1,6,6,2,36,7,1498,1,1,VOLKSWAGEN TIGUAN,-1,-1,0,-1
2023122300483,2023,122300483,1,9,0,18,19,1,6,0,0,0,0,0,0,0,1,1,6,6,1,32,6,1968,2,2,VOLKSWAGEN TIGUAN,5,E01027729,0,-1
2023221307250,2023,221307250,1,9,0,9,9,3,1,0,0,5,0,0,7,10,3,1,5,6,2,51,8,1968,2,4,VOLKSWAGEN TIGUAN,6,E01032229,0,-1
2023061314735,2023,061314735,2,9,0,10,10,1,5,0,0,1,0,0,0,0,3,1,6,6,1,28,6,1395,1,6,VOLKSWAGEN TIGUAN,1,E01006361,0,-1
2023520300912,2023,520300912,2,9,0,18,19,3,7,0,0,2,0,0,0,0,0,1,6,6,1,24,5,1968,2,15,VOLKSWAGEN TIGUAN,5,E01029322,0,-1
2023070701723,2023,070701723,1,9,0,18,19,3,6,0,0,0,0,0,0,0,1,1,2,2,1,32,6,1968,2,4,VOLKSWAGEN TIGUAN,7,E01018686,0,-1
2023411382924,2023,411382924,2,9,0,4,4,3,7,0,0,0,0,0,0,0,3,1,6,6,1,41,7,1968,2,5,VOLKSWAGEN TIGUAN,8,E01001398,0,-1
2023991389860,2023,991389860,3,9,0,18,19,8,4,0,0,0,0,0,0,0,2,1,6,6,2,53,8,1968,2,4,VOLKSWAGEN TIGUAN,1,-1,0,-1
2023061399408,2023,061399408,2,9,0,2,2,1,1,0,0,0,0,0,0,0,1,1,6,6,2,49,8,1498,1,0,VOLKSWAGEN TIGUAN,10,E01006372,0,-1
2023211341144,2023,211341144,2,9,0,9,9,2,7,0,0,4,0,0,0,0,4,1,6,6,2,29,6,1968,2,13,VOLKSWAGEN TIGUAN,1,E01014238,0,-1
2023451264296,2023,451264296,1,9,0,9,9,1,5,0,0,5,0,0,0,0,1,2,2,2,2,31,6,1968,2,8,VOLKSWAGEN TIGUAN,-1,-1,0,-1
2023332300762,2023,332300762,3,9,0,3,3,6,2,0,0,1,0,0,0,0,2,1,6,6,2,52,8,1395,1,6,VOLKSWAGEN TIGUAN,3,E01013778,0,-1
2023340NN2562,2023,340NN2562,1,9,0,18,19,3,7,0,0,0,0,0,0,0,1,1,6,6,1,27,6,1498,1,2,VOLKSWAGEN TIGUAN,1,E01009094,0,-1
2023010422936,2023,010422936,2,9,0,5,5,1,5,0,0,1,0,0,0,0,3,1,6,6,2,58,9,1968,2,6,VOLKSWAGEN TIGUAN,2,E01002078,0,-1
2023101323426,2023,101323426,1,9,0,5,5,1,5,0,0,1,0,0,0,0,1,1,2,2,1,41,7,1968,2,10,VOLKSWAGEN TIGUAN,3,E01008639,0,-1
2023041341018,2023,041341018,1,9,0,7,7,5,7,0,0,0,0,0,0,0,4,1,6,6,1,67,10,1395,8,2,VOLKSWAGEN TIGUAN,9,E01019250,0,-1
2023122301089,2023,122301089,1,9,0,9,9,4,1,0,0,5,0,0,0,0,3,1,6,6,2,45,7,1968,2,6,VOLKSWAGEN TIGUAN,6,E01027871,0,-1
2023451341547,2023,451341547,1,9,0,3,3,3,7,0,0,1,0,0,0,0,2,1,5,6,1,34,6,1498,1,5,VOLKSWAGEN TIGUAN,5,E01030724,0,-1
2023052301187,2023,052301187,2,9,0,18,19,4,8,0,0,1,0,0,0,0,1,1,6,6,2,29,6,1498,1,4,VOLKSWAGEN TIGUAN,1,E01006767,0,-1
2023010457639,2023,010457639,2,9,0,7,7,3,5,0,0,2,0,0,0,0,1,1,6,6,2,75,10,1968,2,13,VOLKSWAGEN TIGUAN,8,E01002922,0,-1
2023061333563,2023,061333563,2,9,0,18,19,4,8,0,0,1,0,0,0,0,1,1,6,6,1,87,11,1968,2,1,VOLKSWAGEN TIGUAN,9,E01006017,0,-1
2023461273441,2023,461273441,2,9,0,18,19,3,7,0,0,1,0,11,1,0,3,1,1,1,1,53,8,1984,1,3,VOLKSWAGEN TIGUAN,3,E01024501,0,-1
2023070409562,2023,070409562,1,9,0,16,19,8,4,9,9,5,1,0,3,3,1,1,6,6,1,29,6,1968,2,6,VOLKSWAGEN TIGUAN,-1,-1,0,-1
2023451329196,2023,451329196,1,9,0,9,9,7,5,0,0,2,0,0,0,0,1,1,5,6,2,61,9,1968,2,3,VOLKSWAGEN TIGUAN,9,E01031685,0,-1
2023141263187,2023,141263187,2,9,0,18,19,2,4,0,0,1,0,0,0,0,4,1,5,6,2,38,7,1968,2,5,VOLKSWAGEN TIGUAN,3,E01019807,0,-1
2023141322085,2023,141322085,2,9,0,18,19,1,5,0,0,1,0,0,0,0,1,1,6,6,2,28,6,1984,1,1,VOLKSWAGEN TIGUAN,3,E01008063,0,-1
2023141322548,2023,141322548,1,9,0,18,19,1,5,0,0,1,0,0,0,0,1,1,5,6,1,41,7,1968,2,15,VOLKSWAGEN TIGUAN,1,E01008090,0,-1
2023371324809,2023,371324809,2,9,0,8,8,5,5,0,0,0,0,0,0,0,2,1,5,6,1,55,8,1968,2,9,VOLKSWAGEN TIGUAN,5,E01029941,0,-1
2023010449008,2023,010449008,1,9,0,10,10,4,2,0,0,1,1,0,0,0,1,1,6,6,1,54,8,1498,1,1,VOLKSWAGEN TIGUAN,10,E01000841,0,-1
2023451377795,2023,451377795,2,9,0,4,4,5,1,0,0,0,0,0,0,0,2,1,2,2,1,38,7,1968,2,5,VOLKSWAGEN TIGUAN,7,E01002198,0,-1
2023631350604,2023,631350604,3,9,0,5,5,2,6,0,0,4,0,0,0,0,2,1,5,6,1,60,9,1968,2,8,VOLKSWAGEN TIGUAN,8,E01028875,0,-1
2023010462172,2023,010462172,1,9,0,99,99,9,9,99,99,9,9,99,9,99,2,9,6,6,2,32,6,1968,2,3,VOLKSWAGEN TIGUAN,3,E01033593,0,-1
2023501380868,2023,501380868,3,9,0,17,19,6,3,0,0,0,1,1,7,0,1,1,3,7,2,36,7,1968,2,4,VOLKSWAGEN TIGUAN,-1,-1,0,-1
2023010444635,2023,010444635,2,9,0,2,2,0,0,0,0,0,0,0,0,0,2,1,6,6,3,-1,-1,1968,2,8,VOLKSWAGEN TIGUAN,-1,-1,0,-1
2023991337783,2023,991337783,1,9,0,18,19,3,6,0,0,0,5,0,7,0,3,1,5,6,2,28,6,1498,1,3,VOLKSWAGEN TIGUAN,7,-1,0,-1
2023141378836,2023,141378836,2,9,0,5,5,7,3,0,0,0,0,0,0,0,1,1,6,6,1,30,6,1968,2,5,VOLKSWAGEN TIGUAN,-1,-1,0,-1
2023010424050,2023,010424050,1,9,0,18,19,3,7,0,0,0,0,0,0,0,1,1,6,6,1,36,7,1968,2,4,VOLKSWAGEN TIGUAN,6,E01023539,0,-1
2023451391757,2023,451391757,2,9,0,5,5,3,5,0,0,0,0,0,0,0,1,1,5,6,2,61,9,1968,2,1,VOLKSWAGEN TIGUAN,3,E01030744,0,-1
2023320498241,2023,320498241,2,9,0,4,4,2,6,0,0,0,0,0,0,0,2,1,6,6,1,52,8,1968,2,10,VOLKSWAGEN TIGUAN,3,E01026085,0,-1
2023141376328,2023,141376328,2,9,0,18,19,3,7,0,0,8,0,0,0,0,3,1,5,6,1,57,9,1968,2,3,VOLKSWAGEN TIGUAN,9,E01007380,0,-1
2023471339191,2023,471339191,1,9,0,5,5,1,5,0,0,1,0,0,0,0,1,1,6,6,1,77,11,1968,2,8,VOLKSWAGEN TIGUAN,9,E01020933,0,-1
2023440502765,2023,440502765,2,9,0,18,19,4,8,0,0,8,0,0,0,0,1,1,6,6,2,44,7,1498,1,0,VOLKSWAGEN TIGUAN,1,E01032882,0,-1
2023010436689,2023,010436689,2,9,0,99,99,9,9,99,99,9,9,99,9,99,1,9,6,6,3,-1,-1,1498,1,1,VOLKSWAGEN TIGUAN,-1,-1,0,-1
2023201292333,2023,201292333,3,9,0,11,11,7,3,0,0,1,0,0,0,0,1,1,2,2,1,44,7,1968,2,9,VOLKSWAGEN TIGUAN,1,E01009212,0,-1
2023451327273,2023,451327273,4,9,0,18,19,7,3,0,0,0,0,0,0,0,2,1,2,2,2,29,6,1968,2,9,VOLKSWAGEN TIGUAN,9,E01022894,0,-1
202360A126394,2023,60A126394,2,9,0,4,4,4,8,0,0,0,0,0,0,0,2,1,6,6,1,72,10,1968,2,8,VOLKSWAGEN TIGUAN,-1,-1,0,-1
2023340NN2062,2023,340NN2062,2,9,0,4,4,1,5,0,0,8,0,0,0,0,2,1,6,6,1,42,7,1968,2,15,VOLKSWAGEN TIGUAN,8,E01027344,0,-1
2023031370956,2023,031370956,1,9,0,7,7,4,6,0,0,6,0,0,0,0,4,1,6,6,1,55,8,1498,1,3,VOLKSWAGEN TIGUAN,4,E01019252,0,-1
2023401364783,2023,401364783,2,9,0,9,9,4,3,0,0,1,0,0,0,0,2,1,6,6,2,37,7,1498,1,2,VOLKSWAGEN TIGUAN,6,E01017517,0,-1
2023052301168,2023,052301168,2,9,0,18,19,3,7,0,0,0,0,0,1,4,1,1,6,6,1,47,8,1498,1,3,VOLKSWAGEN TIGUAN,7,E01006577,0,-1
2023052302846,2023,052302846,3,9,0,2,2,0,0,0,0,0,0,0,0,0,2,1,6,6,2,22,5,1498,1,3,VOLKSWAGEN TIGUAN,7,E01007306,0,-1
2023161387888,2023,161387888,2,9,0,16,19,7,2,0,0,1,0,0,0,0,2,1,5,6,1,77,11,1498,1,1,VOLKSWAGEN TIGUAN,9,E01013120,0,-1
2023991272402,2023,991272402,1,9,0,18,19,2,6,0,0,0,0,0,0,0,3,1,5,6,1,55,8,1968,2,3,VOLKSWAGEN TIGUAN,1,-1,0,-1
2023340WN6092,2023,340WN6092,1,9,0,11,11,5,1,0,0,0,0,0,0,0,2,1,2,2,2,35,6,1498,1,4,VOLKSWAGEN TIGUAN,5,E01017486,0,-1
2023131297226,2023,131297226,1,9,0,16,19,6,7,0,0,0,0,0,0,0,1,1,2,2,1,52,8,1968,2,10,VOLKSWAGEN TIGUAN,8,E01013409,0,-1
2023501386839,2023,501386839,2,9,0,16,19,8,3,0,0,1,0,0,0,0,3,1,1,1,2,32,6,1968,2,11,VOLKSWAGEN TIGUAN,5,E01020101,0,-1
2023991340412,2023,991340412,2,9,0,9,9,8,4,0,0,0,0,0,7,0,2,1,5,6,1,57,9,1968,2,6,VOLKSWAGEN TIGUAN,-1,-1,0,-1
2023520400089,2023,520400089,1,9,0,18,19,7,3,0,0,0,0,0,1,11,1,1,6,6,2,43,7,1968,2,8,VOLKSWAGEN TIGUAN,3,E01029096,0,-1
2023430291801,2023,430291801,1,9,0,9,9,2,8,0,0,8,0,0,0,0,1,1,6,6,1,36,7,1968,2,2,VOLKSWAGEN TIGUAN,8,E01016830,0,-1
2023010435934,2023,010435934,2,9,0,2,2,0,0,0,0,0,0,0,0,0,2,1,6,6,3,-1,-1,1968,2,6,VOLKSWAGEN TIGUAN,-1,-1,0,-1
2023122301060,2023,122301060,1,9,0,18,19,3,5,0,0,8,0,0,0,0,1,1,1,1,1,58,9,1968,2,4,VOLKSWAGEN TIGUAN,10,E01027912,0,-1
2023440226340,2023,440226340,1,9,0,18,19,6,2,0,0,1,0,0,0,0,1,1,6,6,2,57,9,1968,2,10,VOLKSWAGEN TIGUAN,9,E01023060,0,-1
2023371291244,2023,371291244,1,9,0,9,9,3,3,0,0,1,0,0,0,0,3,1,5,6,1,75,10,1498,1,1,VOLKSWAGEN TIGUAN,10,E01029908,0,-1
2023371309626,2023,371309626,2,9,0,2,2,6,5,0,0,0,0,0,0,0,2,1,6,6,3,-1,-1,1968,2,0,VOLKSWAGEN TIGUAN,-1,-1,0,-1
2023421359294,2023,421359294,2,9,0,18,19,1,5,0,0,0,0,0,0,0,3,1,5,6,2,36,7,1498,1,3,VOLKSWAGEN TIGUAN,10,E01021474,0,-1
2023061342894,2023,061342894,1,9,0,5,5,6,2,0,0,0,0,0,0,0,3,1,5,6,1,22,5,1498,1,4,VOLKSWAGEN TIGUAN,1,E01005164,0,-1
2023101376753,2023,101376753,2,9,0,3,3,7,8,0,0,1,0,0,0,0,4,1,5,6,1,51,8,1498,1,2,VOLKSWAGEN TIGUAN,3,E01008819,0,-1
2023461326054,2023,461326054,1,9,0,5,5,3,7,0,0,0,0,0,0,0,1,1,6,6,1,68,10,1968,2,12,VOLKSWAGEN TIGUAN,10,E01030532,0,-1
2023320113157,2023,320113157,3,9,0,18,19,8,4,0,0,1,0,0,0,0,2,1,6,6,2,65,9,1395,8,0,VOLKSWAGEN TIGUAN,8,E01026191,0,-1
2023361291437,2023,361291437,2,9,0,18,19,6,2,0,0,0,0,0,0,0,3,1,6,6,1,71,10,1968,2,12,VOLKSWAGEN TIGUAN,8,E01026930,0,-1
2023161310720,2023,161310720,2,9,0,18,19,3,7,0,0,1,0,0,0,0,1,1,2,2,1,67,10,1968,2,10,VOLKSWAGEN TIGUAN,3,E01026386,0,-1
2023010472380,2023,010472380,1,9,0,12,12,3,7,0,0,1,0,0,0,0,1,2,6,6,1,57,9,1498,1,1,VOLKSWAGEN TIGUAN,3,E01001327,0,-1
2023201311480,2023,201311480,2,9,0,2,2,0,0,0,0,0,0,0,0,0,1,1,6,6,1,38,7,1498,1,3,VOLKSWAGEN TIGUAN,1,E01009152,0,-1
2023440418568,2023,440418568,1,9,0,1,1,5,1,0,0,0,0,0,0,0,3,1,6,6,2,21,5,1968,2,9,VOLKSWAGEN TIGUAN,-1,-1,0,-1
2023010450248,2023,010450248,2,9,0,99,99,9,9,99,99,9,9,99,9,99,1,9,6,6,3,-1,-1,1498,1,1,VOLKSWAGEN TIGUAN,-1,-1,0,-1
2023461380263,2023,461380263,3,9,0,9,9,8,7,0,0,0,0,0,0,0,0,1,3,7,2,26,6,1968,2,10,VOLKSWAGEN TIGUAN,-1,-1,0,-1
2023122301232,2023,122301232,2,9,0,10,10,1,7,0,0,1,0,0,0,0,1,1,6,6,2,31,6,1968,2,6,VOLKSWAGEN TIGUAN,8,E01027634,0,-1
2023451375018,2023,451375018,1,9,0,2,2,1,3,0,0,0,0,0,0,0,0,1,5,6,2,33,6,1498,1,2,VOLKSWAGEN TIGUAN,8,E01030529,0,-1
2023340NN0142,2023,340NN0142,1,9,0,18,19,6,2,0,0,8,0,0,0,0,1,1,6,6,2,-1,-1,1968,2,9,VOLKSWAGEN TIGUAN,-1,-1,0,-1
2023631358096,2023,631358096,1,9,0,18,19,1,1,0,0,0,0,0,0,0,1,1,6,6,2,78,11,1968,2,10,VOLKSWAGEN TIGUAN,6,W01000550,0,-1
2023471366918,2023,471366918,1,9,0,18,19,3,7,0,0,0,0,0,0,0,1,1,6,6,1,-1,-1,1968,2,12,VOLKSWAGEN TIGUAN,4,E01031785,0,-1
2023010476117,2023,010476117,1,9,0,99,99,9,9,99,99,9,9,99,9,99,4,9,6,6,1,27,6,1498,1,1,VOLKSWAGEN TIGUAN,1,E01001798,0,-1
2023430259563,2023,430259563,2,9,0,18,19,5,1,0,0,0,0,0,0,0,3,1,6,6,1,27,6,1498,1,1,VOLKSWAGEN TIGUAN,1,E01016810,0,-1
2023101289611,2023,101289611,2,9,0,18,19,6,2,0,0,2,0,0,0,0,2,1,6,6,1,73,10,1968,2,1,VOLKSWAGEN TIGUAN,8,E01027666,0,-1
2023461270581,2023,461270581,1,9,0,18,19,1,5,0,0,0,0,0,0,0,2,1,5,6,1,48,8,1968,2,11,VOLKSWAGEN TIGUAN,-1,-1,0,-1
2023010480216,2023,010480216,1,9,0,18,19,5,1,2,2,2,0,0,0,0,1,1,6,6,2,39,7,1498,1,0,VOLKSWAGEN TIGUAN,3,E01001805,0,-1
2023201373845,2023,201373845,2,9,0,4,4,5,1,0,0,0,0,0,0,0,2,1,5,6,2,28,6,1498,1,1,VOLKSWAGEN TIGUAN,7,E01010123,0,-1
2023010454207,2023,010454207,1,9,0,18,19,3,7,0,0,8,0,0,0,0,0,1,6,6,2,45,7,1968,2,7,VOLKSWAGEN TIGUAN,1,E01033605,0,-1
2023141341556,2023,141341556,1,9,0,16,19,5,1,0,0,0,0,0,0,0,2,1,5,6,1,51,8,1968,2,2,VOLKSWAGEN TIGUAN,2,E01011759,0,-1
2023552301101,2023,552301101,2,9,0,17,19,8,5,0,0,0,0,0,0,0,1,1,6,6,2,49,8,1968,2,4,VOLKSWAGEN TIGUAN,6,E01020541,0,-1
2023221262747,2023,221262747,1,9,0,9,9,4,3,0,0,6,0,0,0,0,1,1,6,6,2,49,8,1968,2,6,VOLKSWAGEN TIGUAN,5,E01014008,0,-1
2023070120481,2023,070120481,1,9,0,18,19,1,3,0,0,3,0,0,0,0,1,1,6,6,1,-1,-1,1968,2,7,VOLKSWAGEN TIGUAN,10,E01018683,0,-1
2023010465026,2023,010465026,1,90,0,14,14,7,3,0,0,1,0,0,0,0,1,1,1,1,1,30,6,1968,2,5,-1,-1,-1,0,-1
2023061321167,2023,061321167,1,9,0,13,13,1,5,0,0,0,0,0,0,0,1,1,6,6,1,30,6,1968,2,9,VOLKSWAGEN TIGUAN,6,E01011108,0,-1
2023052301788,2023,052301788,2,9,0,17,19,1,5,0,0,0,0,0,0,0,1,1,6,6,1,41,7,1968,2,2,VOLKSWAGEN TIGUAN,8,E01006524,0,-1
2023010441803,2023,010441803,1,9,0,99,99,9,9,99,99,0,9,99,9,99,2,9,6,6,2,34,6,1968,2,4,VOLKSWAGEN TIGUAN,2,E01001367,0,-1
2023522300758,2023,522300758,2,9,0,1,1,8,4,0,0,6,0,0,0,0,2,1,6,6,3,-1,-1,1968,2,5,VOLKSWAGEN TIGUAN,-1,-1,0,-1
2023421387677,2023,421387677,3,9,0,18,19,7,3,0,0,1,0,0,0,0,1,1,5,6,1,68,10,1968,2,12,VOLKSWAGEN TIGUAN,8,E01021677,0,-1
2023010461782,2023,010461782,3,9,0,3,3,5,1,0,0,0,0,1,0,0,3,1,6,6,1,28,6,1968,2,7,VOLKSWAGEN TIGUAN,3,E01002823,0,-1
2023122301214,2023,122301214,1,9,0,18,19,3,8,0,0,0,0,0,0,0,1,1,3,7,2,77,11,1968,2,8,VOLKSWAGEN TIGUAN,7,E01027815,0,-1
2023351371616,2023,351371616,1,9,0,18,19,5,1,0,0,0,1,0,1,10,4,1,5,6,2,50,8,1498,1,0,VOLKSWAGEN TIGUAN,8,E01033115,0,-1
2023010473153,2023,010473153,1,9,0,9,9,3,1,0,0,1,0,0,0,0,0,1,2,2,2,50,8,1498,1,3,VOLKSWAGEN TIGUAN,2,E01002856,0,-1
2023440130560,2023,440130560,1,9,0,9,9,8,6,0,0,4,0,0,0,0,3,1,6,6,2,63,9,1968,2,14,VOLKSWAGEN TIGUAN,6,E01022880,0,-1
2023471338315,2023,471338315,1,9,0,18,19,5,1,9,9,0,0,0,1,10,1,1,6,6,2,45,7,1968,2,13,VOLKSWAGEN TIGUAN,10,E01031684,0,-1
2023430524335,2023,430524335,1,9,0,18,19,2,6,0,0,2,0,0,0,0,1,1,6,6,2,74,10,1968,2,9,VOLKSWAGEN TIGUAN,10,E01016639,0,-1
2023010436077,2023,010436077,2,9,0,9,9,5,3,0,0,1,0,0,0,0,1,1,6,6,1,37,7,1968,2,5,VOLKSWAGEN TIGUAN,3,E01003264,0,-1
2023010430608,2023,010430608,2,9,0,99,99,9,9,99,99,9,9,99,9,99,1,9,6,6,3,-1,-1,1498,1,1,VOLKSWAGEN TIGUAN,-1,-1,0,-1
2023201380119,2023,201380119,2,9,0,2,2,0,0,0,0,2,0,0,0,0,1,1,5,6,1,-1,-1,1968,2,7,VOLKSWAGEN TIGUAN,-1,-1,0,-1
2023631375420,2023,631375420,2,9,0,18,19,3,7,0,0,0,0,0,0,0,1,1,1,1,1,59,9,1968,2,13,VOLKSWAGEN TIGUAN,3,W01000604,0,-1
2023471305414,2023,471305414,2,9,0,18,19,7,3,0,0,1,0,0,0,0,2,1,5,6,1,42,7,1498,1,2,VOLKSWAGEN TIGUAN,8,E01031542,0,-1
2023141286933,2023,141286933,1,9,0,18,19,5,1,0,0,0,0,10,1,2,1,1,6,6,2,27,6,1968,2,6,VOLKSWAGEN TIGUAN,3,E01007385,0,-1
2023211332255,2023,211332255,2,9,0,13,13,5,1,0,0,0,0,0,0,0,4,1,6,6,1,37,7,1395,8,0,VOLKSWAGEN TIGUAN,7,E01029743,0,-1
2023010441206,2023,010441206,1,9,0,6,6,6,6,0,0,0,0,0,0,0,3,1,6,6,1,33,6,1968,2,3,VOLKSWAGEN TIGUAN,4,E01003541,0,-1
2023131391845,2023,131391845,1,9,0,18,19,7,3,0,0,0,1,0,2,7,1,1,6,6,2,31,6,1968,2,13,VOLKSWAGEN TIGUAN,7,E01010939,0,-1
2023010447015,2023,010447015,2,9,0,7,7,8,2,0,0,1,0,0,0,0,3,1,6,6,1,25,5,1498,1,2,VOLKSWAGEN TIGUAN,-1,-1,0,-1
2023440186268,2023,440186268,2,9,0,18,19,5,1,0,0,1,0,0,0,0,1,1,6,6,1,55,8,1968,2,10,VOLKSWAGEN TIGUAN,8,E01016232,0,-1
2023411387758,2023,411387758,1,9,0,16,19,6,2,0,0,0,0,0,0,0,1,1,2,2,1,36,7,1968,2,3,VOLKSWAGEN TIGUAN,9,E01026301,0,-1
2023440376947,2023,440376947,2,9,0,18,19,8,4,0,0,0,0,0,0,0,1,1,6,6,2,-1,-1,1968,2,7,VOLKSWAGEN TIGUAN,6,E01017029,0,-1
2023131370361,2023,131370361,1,9,0,18,19,1,5,0,0,0,0,0,0,0,3,1,5,6,1,29,6,1968,2,13,VOLKSWAGEN TIGUAN,1,E01033691,0,-1
2023010445188,2023,010445188,2,9,0,9,9,5,2,1,1,6,0,0,0,0,1,1,6,6,2,51,8,1390,1,15,VOLKSWAGEN TIGUAN,2,E01004424,0,-1
2023041365454,2023,041365454,1,9,0,18,19,3,7,0,0,0,5,0,0,0,1,1,6,6,1,26,6,1498,1,2,VOLKSWAGEN TIGUAN,6,E01012667,0,-1
2023010443735,2023,010443735,1,9,0,18,19,1,5,0,0,0,0,0,0,0,1,1,6,6,1,37,7,1498,1,2,VOLKSWAGEN TIGUAN,9,E01002432,0,-1
2023010482990,2023,010482990,1,9,0,18,19,7,3,0,0,8,0,0,0,0,3,1,6,6,1,56,9,1498,1,1,VOLKSWAGEN TIGUAN,6,E01000166,0,-1
2023010483193,2023,010483193,1,9,0,18,19,1,5,0,0,1,0,0,0,0,1,1,6,6,1,41,7,1498,1,0,VOLKSWAGEN TIGUAN,4,E01021774,0,-1
2023311300366,2023,311300366,1,9,0,18,19,6,3,9,9,0,0,0,1,1,1,1,5,6,2,23,5,1968,2,6,VOLKSWAGEN TIGUAN,2,E01028245,0,-1
2023041321519,2023,041321519,2,9,0,4,4,1,5,0,0,1,0,0,0,0,2,1,6,6,2,60,9,1968,2,6,VOLKSWAGEN TIGUAN,6,E01025145,0,-1
2023522301350,2023,522301350,2,9,0,13,13,1,5,0,0,1,0,0,0,0,4,1,6,6,1,-1,-1,1498,1,3,VOLKSWAGEN TIGUAN,-1,-1,0,-1
2023552300562,2023,552300562,2,9,0,18,19,6,2,0,0,8,0,0,0,0,2,1,6,6,2,44,7,1968,2,11,VOLKSWAGEN TIGUAN,7,E01020549,0,-1
2023211309694,2023,211309694,1,9,-1,4,4,8,4,-1,-1,-1,-1,-1,-1,0,-1,1,6,6,2,-1,-1,1395,1,5,VOLKSWAGEN TIGUAN,-1,-1,0,-1
2023131295864,2023,131295864,1,9,0,7,7,1,3,0,0,8,0,0,0,0,1,1,5,6,1,48,8,1968,2,3,VOLKSWAGEN TIGUAN,3,E01011907,0,-1
2023041342633,2023,041342633,2,9,0,4,4,1,5,0,0,1,0,0,0,0,2,1,2,2,2,52,8,1968,2,4,VOLKSWAGEN TIGUAN,5,E01025013,0,-1
2023010459709,2023,010459709,2,9,0,2,2,0,0,9,9,0,0,0,0,0,4,1,6,6,3,-1,-1,1968,2,4,VOLKSWAGEN TIGUAN,-1,-1,0,-1
2023141336240,2023,141336240,2,9,0,18,19,6,4,0,0,0,0,0,0,0,1,2,5,6,2,52,8,1968,2,4,VOLKSWAGEN TIGUAN,6,E01007630,0,-1