collision_index,collision_year,collision_ref_no,vehicle_reference,vehicle_type,towing_and_articulation,vehicle_manoeuvre_historic,vehicle_manoeuvre,vehicle_direction_from,vehicle_direction_to,vehicle_location_restricted_lane_historic,vehicle_location_restricted_lane,junction_location,skidding_and_overturning,hit_object_in_carriageway,vehicle_leaving_carriageway,hit_object_off_carriageway,first_point_of_impact,vehicle_left_hand_drive,journey_purpose_of_driver_historic,journey_purpose_of_driver,sex_of_driver,age_of_driver,age_band_of_driver,engine_capacity_cc,propulsion_code,age_of_vehicle,generic_make_model,driver_imd_decile,lsoa_of_driver,escooter_flag,driver_distance_banding
2023101322953,2023,101322953,2,9,0,3,3,0,0,0,0,8,0,0,0,0,1,1,6,6,2,26,6,1968,2,6,VOLKSWAGEN TIGUAN,4,E01008796,0,-1
2023440462969,2023,440462969,1,9,0,4,4,5,1,0,0,0,0,0,0,0,2,1,6,6,1,31,6,1968,2,8,VOLKSWAGEN TIGUAN,7,E01017046,0,-1
2023991302692,2023,991302692,1,9,0,18,19,6,2,0,0,0,0,0,0,0,1,1,6,6,2,56,9,1968,2,6,VOLKSWAGEN TIGUAN,6,-1,0,-1
2023332300974,2023,332300974,2,9,0,18,19,1,5,0,0,1,0,0,0,0,1,1,6,6,3,-1,-1,1968,2,12,VOLKSWAGEN TIGUAN,-1,-1,0,-1
2023201370370,2023,201370370,1,9,0,9,9,2,7,0,0,6,0,0,0,0,1,1,6,6,1,31,6,1498,1,1,VOLKSWAGEN TIGUAN,1,E01009978,0,-1
2023010422294,2023,010422294,1,9,0,5,5,7,3,0,0,1,0,0,0,0,0,1,3,7,2,42,7,1968,2,8,VOLKSWAGEN TIGUAN,3,E01003387,0,-1
2023031306398,2023,031306398,2,9,0,7,7,7,2,0,0,1,0,0,1,0,1,1,2,2,2,34,6,1984,1,6,VOLKSWAGEN TIGUAN,5,E01019371,0,-1
2023010475160,2023,010475160,1,9,0,3,3,5,1,0,0,1,0,0,0,0,2,1,6,6,1,53,8,1968,2,2,VOLKSWAGEN TIGUAN,2,E01001464,0,-1
202360A113771,2023,60A113771,1,9,0,9,9,3,7,0,0,6,0,0,0,0,3,1,2,2,2,54,8,1498,1,2,VOLKSWAGEN TIGUAN,-1,-1,0,-1
2023061310717,2023,061310717,1,9,0,18,19,2,6,0,0,0,0,4,7,11,1,1,6,6,1,25,5,1968,2,4,VOLKSWAGEN TIGUAN,8,E01005736,0,-1
2023010474501,2023,010474501,2,9,0,99,99,9,9,99,99,9,9,99,9,99,9,9,6,6,1,55,8,1968,2,6,VOLKSWAGEN TIGUAN,5,E01024319,0,-1
2023421363606,2023,421363606,2,9,0,18,19,3,5,0,0,4,0,0,0,0,2,1,6,6,2,41,7,1968,2,15,VOLKSWAGEN TIGUAN,8,E01021824,0,-1
2023552301371,2023,552301371,2,9,0,4,4,7,3,0,0,8,0,0,0,0,2,1,6,6,2,70,10,1968,2,14,VOLKSWAGEN TIGUAN,10,E01015433,0,-1
2023411318093,2023,411318093,1,9,0,18,19,6,5,0,0,0,0,0,0,0,1,1,6,6,2,42,7,1968,2,7,VOLKSWAGEN TIGUAN,9,E01023953,0,-1
2023421380564,2023,421380564,2,9,0,9,9,2,7,0,0,1,0,0,0,0,1,1,5,6,1,34,6,1498,1,1,VOLKSWAGEN TIGUAN,9,E01021919,0,-1
2023461342381,2023,461342381,3,9,0,2,2,0,0,0,0,0,0,0,0,0,1,1,6,6,1,67,10,1498,1,3,VOLKSWAGEN TIGUAN,2,E01024477,0,-1
2023311272372,2023,311272372,1,9,0,18,19,5,1,0,0,0,0,0,0,0,4,1,5,6,1,37,7,1968,2,4,VOLKSWAGEN TIGUAN,2,E01028223,0,-1
2023010448612,2023,010448612,2,9,0,18,19,4,8,0,0,1,0,10,0,0,1,1,6,6,1,52,8,1498,1,2,VOLKSWAGEN TIGUAN,-1,-1,0,-1
2023010463873,2023,010463873,2,9,0,18,19,7,3,0,0,2,0,0,0,0,1,1,6,6,1,28,6,1968,2,8,VOLKSWAGEN TIGUAN,3,E01003602,0,-1
2023501327944,2023,501327944,2,9,0,2,2,7,7,6,6,0,0,0,0,0,2,1,5,6,2,54,8,1968,2,14,VOLKSWAGEN TIGUAN,1,E01006739,0,-1
2023131307180,2023,131307180,5,9,0,2,2,0,0,0,0,1,0,0,0,0,2,1,6,6,3,-1,-1,1498,1,1,VOLKSWAGEN TIGUAN,-1,-1,0,-1
2023031307025,2023,031307025,2,9,0,18,19,5,1,0,0,0,0,0,0,0,1,1,1,1,1,80,11,1968,2,9,VOLKSWAGEN TIGUAN,8,E01019262,0,-1
2023131390420,2023,131390420,3,9,0,18,19,1,5,0,0,8,0,0,0,0,3,1,2,2,1,32,6,1968,2,8,VOLKSWAGEN TIGUAN,1,E01010673,0,-1
2023430034792,2023,430034792,2,9,0,1,1,8,4,0,0,2,0,0,0,0,3,1,6,6,3,-1,-1,1968,2,8,VOLKSWAGEN TIGUAN,-1,-1,0,-1
2023201326017,2023,201326017,3,9,0,18,19,2,6,0,0,0,0,0,0,0,3,1,6,6,1,54,8,1968,2,12,VOLKSWAGEN TIGUAN,1,E01010369,0,-1
2023631350604,2023,631350604,2,9,0,18,19,2,6,0,0,4,0,0,0,0,2,1,5,6,2,24,5,1968,2,4,VOLKSWAGEN TIGUAN,8,E01028875,0,-1
2023421319511,2023,421319511,2,9,0,2,2,0,0,0,0,1,0,0,0,0,3,1,6,6,1,41,7,1498,1,3,VOLKSWAGEN TIGUAN,-1,-1,0,-1
2023010477820,2023,010477820,1,9,0,18,19,1,5,0,0,2,0,0,0,0,1,1,1,1,2,30,6,1968,2,8,VOLKSWAGEN TIGUAN,10,E01018322,0,-1
2023010461191,2023,010461191,1,9,0,18,19,7,3,0,0,2,0,10,0,0,3,1,6,6,2,47,8,1498,1,1,VOLKSWAGEN TIGUAN,2,E01000422,0,-1
2023010460814,2023,010460814,1,9,0,18,19,1,5,0,0,0,0,0,9,0,4,9,6,6,1,23,5,1968,2,2,VOLKSWAGEN TIGUAN,3,E01001318,0,-1
2023052300772,2023,052300772,1,9,0,18,19,1,5,0,0,0,0,0,0,0,1,1,2,2,1,22,5,1968,2,6,VOLKSWAGEN TIGUAN,1,E01006643,0,-1
2023501317375,2023,501317375,2,9,0,3,3,4,8,0,0,0,0,0,0,0,2,1,6,6,2,32,6,1984,1,4,VOLKSWAGEN TIGUAN,7,E01019969,0,-1
2023471356659,2023,471356659,2,9,0,18,19,3,7,0,0,1,1,4,0,0,1,1,5,6,2,58,9,1968,2,10,VOLKSWAGEN TIGUAN,10,E01031412,0,-1
2023430516316,2023,430516316,2,9,0,18,19,8,4,0,0,1,0,0,0,0,1,1,6,6,2,58,9,1968,2,11,VOLKSWAGEN TIGUAN,3,E01017609,0,-1
2023201409590,2023,201409590,1,9,0,7,7,5,7,0,0,4,0,0,0,0,1,1,6,6,1,-1,-1,1968,2,7,VOLKSWAGEN TIGUAN,-1,-1,0,-1
2023991368986,2023,991368986,2,9,0,18,19,8,4,0,0,8,0,0,0,0,1,1,5,6,2,49,8,1968,2,2,VOLKSWAGEN TIGUAN,6,-1,0,-1
2023430234598,2023,430234598,1,9,0,16,19,5,8,0,0,0,0,0,7,0,0,1,6,6,1,83,11,1968,2,8,VOLKSWAGEN TIGUAN,7,E01031198,0,-1
2023302300696,2023,302300696,2,9,0,18,19,4,8,0,0,1,0,0,0,0,3,1,6,6,2,-1,-1,1968,2,9,VOLKSWAGEN TIGUAN,2,E01019571,0,-1
202360A022558,2023,60A022558,2,9,0,18,19,2,6,0,0,1,0,0,1,0,1,1,2,2,2,31,6,1968,2,7,VOLKSWAGEN TIGUAN,-1,-1,0,-1
2023111314142,2023,111314142,1,9,0,9,9,3,1,0,0,1,0,0,0,0,3,1,6,6,2,30,6,1968,2,9,VOLKSWAGEN TIGUAN,2,E01020842,0,-1
2023461268015,2023,461268015,1,9,0,14,14,5,2,0,0,0,0,0,0,0,3,1,6,6,1,44,7,1968,2,11,VOLKSWAGEN TIGUAN,4,E01024002,0,-1
2023201344165,2023,201344165,1,9,0,7,7,6,8,0,0,5,0,0,0,0,1,1,6,6,2,-1,-1,1498,1,2,VOLKSWAGEN TIGUAN,-1,-1,0,-1
2023501356049,2023,501356049,2,9,0,18,19,1,5,0,0,1,0,0,0,0,2,1,6,6,2,-1,-1,1968,2,9,VOLKSWAGEN TIGUAN,8,E01015137,0,-1
2023501320944,2023,501320944,1,9,0,18,19,4,1,0,0,1,0,0,0,0,4,1,6,6,2,58,9,1498,1,2,VOLKSWAGEN TIGUAN,5,E01020153,0,-1
2023421276617,2023,421276617,1,9,0,1,1,6,4,9,9,0,0,0,0,0,2,1,6,6,2,40,7,1968,2,9,VOLKSWAGEN TIGUAN,6,E01033145,0,-1
2023052300552,2023,052300552,1,9,0,18,19,3,7,0,0,0,0,0,0,0,1,1,2,2,2,32,6,1968,2,8,VOLKSWAGEN TIGUAN,1,E01006909,0,-1
2023131383583,2023,131383583,3,9,0,4,4,3,7,0,0,0,0,0,0,0,0,1,6,6,1,35,6,1968,2,10,VOLKSWAGEN TIGUAN,7,E01012064,0,-1
2023421388435,2023,421388435,1,9,0,18,19,3,8,0,0,0,0,0,0,0,1,1,5,6,1,20,4,1968,2,7,VOLKSWAGEN TIGUAN,3,E01015819,0,-1
2023302301489,2023,302301489,1,9,0,5,5,7,5,0,0,1,0,0,0,0,3,1,6,6,1,52,8,1968,2,7,VOLKSWAGEN TIGUAN,4,E01013548,0,-1
2023010432592,2023,010432592,1,9,0,18,19,1,5,9,9,0,0,10,0,0,1,1,6,6,2,33,6,1968,2,4,VOLKSWAGEN TIGUAN,6,E01000566,0,-1
2023522301021,2023,522301021,2,9,0,3,3,7,3,0,0,1,0,0,0,0,2,1,6,6,1,35,6,1395,1,5,VOLKSWAGEN TIGUAN,8,E01014745,0,-1
2023010459310,2023,010459310,1,9,0,99,99,9,9,99,99,9,9,99,9,99,3,9,6,6,2,55,8,1498,1,4,VOLKSWAGEN TIGUAN,9,E01002317,0,-1
2023501354858,2023,501354858,2,9,0,10,10,3,1,0,0,1,0,0,0,0,2,1,2,2,1,43,7,1968,2,6,VOLKSWAGEN TIGUAN,9,E01019896,0,-1
2023461294004,2023,461294004,1,9,0,9,9,1,7,0,0,1,0,0,0,0,3,1,6,6,2,68,10,1968,2,0,VOLKSWAGEN TIGUAN,4,E01016143,0,-1
2023501286292,2023,501286292,1,9,0,7,7,3,5,0,0,6,0,0,0,0,1,1,1,1,2,29,6,1968,2,10,VOLKSWAGEN TIGUAN,6,E01020083,0,-1
2023101359469,2023,101359469,1,9,0,18,19,6,2,0,0,8,0,0,0,0,-1,1,2,2,1,61,9,1968,2,5,VOLKSWAGEN TIGUAN,1,E01008645,0,-1
202360A100024,2023,60A100024,1,9,0,3,3,7,3,0,0,0,0,0,0,0,2,1,6,6,2,38,7,1968,2,4,VOLKSWAGEN TIGUAN,-1,-1,0,-1
2023010463782,2023,010463782,2,9,0,18,19,7,3,0,0,0,1,0,0,0,1,1,6,6,1,37,7,1498,1,3,VOLKSWAGEN TIGUAN,3,E01002528,0,-1
2023010478992,2023,010478992,2,9,0,7,7,5,7,0,0,8,0,0,0,0,1,1,6,6,3,-1,-1,1968,2,4,VOLKSWAGEN TIGUAN,-1,-1,0,-1
2023231268818,2023,231268818,2,9,0,10,10,2,8,0,0,1,0,0,0,0,2,1,6,6,1,36,7,1968,2,4,VOLKSWAGEN TIGUAN,10,E01029868,0,-1
2023332300913,2023,332300913,1,9,0,9,9,5,3,0,0,6,0,0,0,0,1,1,6,6,2,34,6,1968,2,10,VOLKSWAGEN TIGUAN,7,E01025985,0,-1
2023010428758,2023,010428758,1,9,0,18,19,5,1,9,9,2,0,10,0,0,4,1,1,1,1,46,8,1968,2,5,VOLKSWAGEN TIGUAN,-1,-1,0,-1
2023201403645,2023,201403645,3,9,0,3,3,4,8,0,0,1,0,0,0,0,2,1,5,6,1,-1,-1,1968,2,3,VOLKSWAGEN TIGUAN,3,E01008895,0,-1
2023061396201,2023,061396201,1,9,0,18,19,1,1,0,0,0,0,0,0,0,1,1,6,6,1,76,11,1968,2,10,VOLKSWAGEN TIGUAN,1,E01005551,0,-1
2023141379692,2023,141379692,2,9,0,7,7,5,7,0,0,6,0,0,0,0,2,1,5,6,1,54,8,1968,2,4,VOLKSWAGEN TIGUAN,3,E01033268,0,-1
2023101270652,2023,101270652,2,9,0,3,3,7,3,0,0,0,0,0,0,0,2,1,5,6,1,39,7,1968,2,8,VOLKSWAGEN TIGUAN,9,E01008446,0,-1
2023361322062,2023,361322062,1,9,0,18,19,7,3,0,0,1,0,0,0,0,1,1,6,6,1,25,5,1498,1,4,VOLKSWAGEN TIGUAN,2,E01033436,0,-1
2023010478662,2023,010478662,1,9,0,10,10,1,7,0,0,8,0,0,0,0,1,1,6,6,2,38,7,1968,2,7,VOLKSWAGEN TIGUAN,10,E01003846,0,-1
2023041367483,2023,041367483,1,9,0,17,19,2,7,0,0,2,5,0,1,3,1,1,5,6,1,65,9,1968,2,10,VOLKSWAGEN TIGUAN,9,E01024964,0,-1
2023010464410,2023,010464410,1,9,0,99,99,9,9,99,99,9,9,99,9,99,9,9,6,6,2,35,6,1968,2,1,VOLKSWAGEN TIGUAN,1,E01001850,0,-1
2023371336946,2023,371336946,1,9,0,18,19,5,2,0,0,0,5,0,1,0,1,1,1,1,1,76,11,1968,2,8,VOLKSWAGEN TIGUAN,10,E01029904,0,-1
2023010471177,2023,010471177,2,9,0,5,5,3,7,0,0,6,9,0,0,0,1,9,6,6,3,-1,-1,1968,2,7,VOLKSWAGEN TIGUAN,-1,-1,0,-1
2023371307124,2023,371307124,2,9,0,18,19,6,2,0,0,0,0,0,1,0,3,1,6,6,1,58,9,1968,2,5,VOLKSWAGEN TIGUAN,5,E01030151,0,-1
2023201287766,2023,201287766,2,9,0,18,19,2,6,0,0,0,0,0,0,0,2,1,6,6,1,59,9,1968,2,7,VOLKSWAGEN TIGUAN,2,E01010016,0,-1
2023131348415,2023,131348415,1,9,0,18,19,6,2,0,0,8,0,4,0,0,1,1,6,6,1,79,11,1968,2,3,VOLKSWAGEN TIGUAN,2,E01010796,0,-1
2023010430554,2023,010430554,1,9,0,18,19,3,7,0,0,1,0,0,0,0,1,1,6,6,2,29,6,1395,1,5,VOLKSWAGEN TIGUAN,3,E01002803,0,-1
2023052301087,2023,052301087,1,9,0,18,19,6,2,0,0,0,0,4,7,0,1,1,6,6,1,34,6,1968,2,5,VOLKSWAGEN TIGUAN,5,E01006688,0,-1
2023421352432,2023,421352432,1,9,0,18,19,3,5,0,0,1,0,0,3,10,1,1,5,6,1,55,8,1968,2,4,VOLKSWAGEN TIGUAN,9,E01031674,0,-1
2023061353750,2023,061353750,3,9,0,2,2,4,4,0,0,1,0,0,0,0,2,1,6,6,3,-1,-1,1498,1,3,VOLKSWAGEN TIGUAN,-1,-1,0,-1
2023340NN3442,2023,340NN3442,3,9,0,18,19,7,3,0,0,0,0,0,0,0,3,1,6,6,1,32,6,1498,1,4,VOLKSWAGEN TIGUAN,8,E01032969,0,-1
2023010437661,2023,010437661,1,9,0,99,99,9,9,99,99,9,9,99,9,99,9,9,6,6,2,26,6,1968,2,2,VOLKSWAGEN TIGUAN,4,E01016517,0,-1
2023010458209,2023,010458209,2,9,0,99,99,9,9,99,99,9,9,99,9,99,9,9,6,6,1,66,10,1968,2,5,VOLKSWAGEN TIGUAN,3,E01004397,0,-1
2023461358193,2023,461358193,1,9,0,5,5,1,5,0,0,0,0,0,0,0,3,1,6,6,2,48,8,1984,1,4,VOLKSWAGEN TIGUAN,8,E01016122,0,-1
2023221337475,2023,221337475,1,9,0,9,9,5,2,0,0,6,0,0,0,0,1,1,6,6,1,75,10,1984,1,5,VOLKSWAGEN TIGUAN,10,E01022466,0,-1
2023991357582,2023,991357582,2,9,0,18,19,2,5,0,0,8,0,0,0,0,4,1,1,1,1,50,8,1498,1,4,VOLKSWAGEN TIGUAN,10,-1,0,-1
2023010470453,2023,010470453,1,9,0,18,19,3,7,0,0,0,0,0,0,0,2,1,2,2,1,65,9,1498,1,4,VOLKSWAGEN TIGUAN,1,E01003245,0,-1
2023501295803,2023,501295803,2,9,0,18,19,6,2,0,0,2,0,0,0,0,1,1,6,6,1,29,6,1968,2,6,VOLKSWAGEN TIGUAN,8,E01020035,0,-1
2023631340777,2023,631340777,1,9,0,16,19,4,1,0,0,2,0,0,0,0,1,1,6,6,1,36,7,1968,2,6,VOLKSWAGEN TIGUAN,1,E01014229,0,-1
2023131269177,2023,131269177,1,9,0,9,9,5,4,0,0,2,0,0,0,0,1,1,6,6,2,45,7,1968,2,11,VOLKSWAGEN TIGUAN,2,E01010796,0,-1
2023010459356,2023,010459356,1,9,0,16,19,1,5,0,0,0,0,0,0,0,4,1,1,1,1,63,9,1498,1,3,VOLKSWAGEN TIGUAN,6,E01002360,0,-1
2023122300717,2023,122300717,2,9,3,17,19,6,2,0,0,0,0,0,0,0,0,1,6,6,1,78,11,1968,2,8,VOLKSWAGEN TIGUAN,10,E01025813,0,-1
2023421355667,2023,421355667,2,9,0,18,19,5,1,0,0,8,0,0,0,0,4,1,6,6,2,33,6,1498,1,4,VOLKSWAGEN TIGUAN,7,E01023492,0,-1
2023010459131,2023,010459131,1,9,0,18,19,5,1,0,0,0,0,0,1,7,0,1,6,6,1,31,6,1984,1,4,VOLKSWAGEN TIGUAN,3,E01033722,0,-1
2023052300677,2023,052300677,1,9,0,18,19,2,6,0,0,8,0,0,0,0,1,1,6,6,1,19,4,1498,1,1,VOLKSWAGEN TIGUAN,1,E01006679,0,-1
2023501375911,2023,501375911,2,9,0,16,19,7,2,0,0,0,2,0,0,0,1,1,6,6,2,46,8,1968,2,10,VOLKSWAGEN TIGUAN,5,E01020099,0,-1
2023430012754,2023,430012754,1,9,0,9,9,5,3,0,0,5,0,0,0,0,1,1,6,6,1,60,9,1968,2,7,VOLKSWAGEN TIGUAN,3,E01028448,0,-1
2023302300198,2023,302300198,1,9,0,18,19,1,5,0,0,0,0,0,0,0,1,1,6,6,1,48,8,1968,2,1,VOLKSWAGEN TIGUAN,1,E01013484,0,-1
2023471317091,2023,471317091,1,9,0,9,9,5,3,0,0,3,0,0,0,0,1,1,5,6,2,60,9,1498,1,1,VOLKSWAGEN TIGUAN,5,E01021074,0,-1
2023461358609,2023,461358609,2,9,0,9,9,1,5,0,0,8,0,0,0,0,1,1,6,6,1,25,5,1968,2,7,VOLKSWAGEN TIGUAN,5,E01029067,0,-1
2023440127186,2023,440127186,2,9,0,18,19,4,8,9,9,0,0,0,0,0,3,1,6,6,1,52,8,1968,2,9,VOLKSWAGEN TIGUAN,9,E01023182,0,-1
2023440210020,2023,440210020,3,9,0,3,3,3,7,0,0,1,0,0,0,0,2,1,6,6,2,56,9,1968,2,9,VOLKSWAGEN TIGUAN,7,E01022506,0,-1
2023411395144,2023,411395144,1,9,0,18,19,5,1,0,0,0,0,0,0,0,1,1,6,6,2,28,6,1968,2,4,VOLKSWAGEN TIGUAN,7,E01017548,0,-1
2023501304121,2023,501304121,3,9,0,18,19,4,8,0,0,8,0,0,0,0,3,1,6,6,1,44,7,1968,2,11,VOLKSWAGEN TIGUAN,3,E01018873,0,-1
2023340NN1152,2023,340NN1152,1,9,0,4,4,3,7,0,0,1,0,0,0,0,1,1,6,6,2,35,6,1968,2,14,VOLKSWAGEN TIGUAN,8,E01026977,0,-1
2023010461177,2023,010461177,1,9,0,99,99,9,9,99,99,9,9,99,9,99,9,9,6,6,2,27,6,1984,1,1,VOLKSWAGEN TIGUAN,1,E01004456,0,-1
2023302301124,2023,302301124,2,9,0,16,19,5,8,0,0,0,0,0,0,0,1,1,6,6,2,30,6,1498,1,3,VOLKSWAGEN TIGUAN,10,E01033533,0,-1
2023991391789,2023,991391789,2,9,0,18,19,2,6,0,0,0,0,0,0,0,1,1,5,6,2,66,10,1968,2,0,VOLKSWAGEN TIGUAN,7,-1,0,-1
2023041260431,2023,041260431,2,9,0,16,19,7,1,1,1,1,0,0,0,0,4,1,5,6,2,40,7,1498,1,2,VOLKSWAGEN TIGUAN,8,E01012597,0,-1
2023201277781,2023,201277781,1,9,0,7,7,5,8,0,0,1,0,0,0,0,2,1,1,1,1,34,6,1968,2,6,VOLKSWAGEN TIGUAN,2,E01010400,0,-1
2023461317635,2023,461317635,1,9,0,15,15,4,8,0,0,0,2,4,0,0,1,1,6,6,2,57,9,1498,1,1,VOLKSWAGEN TIGUAN,1,E01024240,0,-1
2023430294772,2023,430294772,1,9,0,3,3,2,6,0,0,0,0,0,0,0,2,1,2,2,2,41,7,1968,2,8,VOLKSWAGEN TIGUAN,3,E01002405,0,-1
2023451358668,2023,451358668,2,9,0,4,4,3,7,0,0,0,0,0,0,0,1,1,6,6,2,30,6,1498,1,0,VOLKSWAGEN TIGUAN,6,E01023121,0,-1
2023471309812,2023,471309812,2,9,0,2,2,0,0,0,0,0,0,0,0,0,3,1,6,6,3,-1,-1,1498,1,4,VOLKSWAGEN TIGUAN,-1,-1,0,-1
2023052302653,2023,052302653,2,9,0,18,19,5,1,0,0,8,0,0,0,0,3,1,6,6,1,61,9,1968,2,10,VOLKSWAGEN TIGUAN,3,E01006915,0,-1
2023451303567,2023,451303567,2,9,0,18,19,1,4,0,0,0,0,0,0,0,1,1,6,6,2,24,5,1395,1,5,VOLKSWAGEN TIGUAN,10,E01031681,0,-1
2023010438803,2023,010438803,1,9,0,99,99,9,9,99,99,9,9,99,9,99,2,9,6,6,1,37,7,1968,2,4,VOLKSWAGEN TIGUAN,2,E01000075,0,-1
2023041374665,2023,041374665,2,9,0,3,3,7,3,0,0,1,0,0,0,0,2,1,5,6,2,35,6,1498,1,0,VOLKSWAGEN TIGUAN,4,E01025216,0,-1
2023161383547,2023,161383547,2,9,0,16,19,7,2,0,0,0,1,0,0,0,3,1,5,6,1,36,7,1968,2,5,VOLKSWAGEN TIGUAN,10,E01013070,0,-1
2023031367302,2023,031367302,1,9,0,9,9,1,7,0,0,1,0,0,0,0,2,1,5,6,1,32,6,1968,2,3,VOLKSWAGEN TIGUAN,7,E01019125,0,-1
2023991334748,2023,991334748,3,9,0,18,19,1,5,0,0,1,1,0,0,0,1,1,2,2,1,39,7,1968,2,7,VOLKSWAGEN TIGUAN,1,-1,0,-1
2023201412155,2023,201412155,2,9,0,3,3,-1,-1,0,0,0,0,10,1,0,0,1,6,6,2,33,6,1498,1,3,VOLKSWAGEN TIGUAN,2,E01010312,0,-1
2023451381426,2023,451381426,1,9,0,4,4,7,3,0,0,0,1,0,0,0,1,1,2,2,1,42,7,1395,1,5,VOLKSWAGEN TIGUAN,9,E01022582,0,-1
2023061387166,2023,061387166,1,9,0,3,3,1,5,0,0,0,0,0,0,0,2,1,5,6,2,40,7,1968,2,4,VOLKSWAGEN TIGUAN,1,E01005245,0,-1
2023401287032,2023,401287032,1,9,0,11,11,6,1,0,0,3,0,0,0,0,1,1,5,6,1,51,8,1498,1,3,VOLKSWAGEN TIGUAN,1,E01005328,0,-1
202360A144128,2023,60A144128,2,9,0,9,9,7,6,0,0,6,0,0,0,0,1,1,3,7,2,40,7,1498,1,1,VOLKSWAGEN TIGUAN,-1,-1,0,-1
2023131286233,2023,131286233,3,9,0,2,2,1,5,0,0,2,0,0,0,0,1,1,6,6,3,-1,-1,1968,2,13,VOLKSWAGEN TIGUAN,-1,-1,0,-1
2023421362394,2023,421362394,2,9,0,18,19,7,3,0,0,0,0,0,7,0,1,1,6,6,2,33,6,1498,1,3,VOLKSWAGEN TIGUAN,10,E01021591,0,-1
2023522400822,2023,522400822,1,9,0,18,19,8,4,0,0,0,0,0,0,0,3,1,6,6,2,33,6,1968,2,9,VOLKSWAGEN TIGUAN,3,E01014674,0,-1
2023131385060,2023,131385060,1,9,0,18,19,3,3,0,0,8,0,0,0,0,1,1,6,6,1,31,6,1968,2,10,VOLKSWAGEN TIGUAN,1,E01011144,0,-1
2023461292695,2023,461292695,2,9,0,18,19,2,6,0,0,1,0,0,0,0,1,1,6,6,2,42,7,1984,1,1,VOLKSWAGEN TIGUAN,7,E01024037,0,-1
2023991263582,2023,991263582,2,9,0,18,19,6,2,0,0,8,0,0,1,0,1,1,5,6,2,27,6,1968,2,7,VOLKSWAGEN TIGUAN,-1,-1,0,-1
2023451264960,2023,451264960,2,9,0,18,19,2,6,0,0,8,0,0,0,0,1,1,1,1,2,41,7,1968,2,1,VOLKSWAGEN TIGUAN,9,E01024253,0,-1
2023201346717,2023,201346717,1,9,0,9,9,5,3,0,0,6,0,0,0,0,1,1,1,1,2,31,6,1498,1,1,VOLKSWAGEN TIGUAN,1,E01009881,0,-1
2023531314622,2023,531314622,2,9,0,18,19,5,1,0,0,1,0,0,0,0,1,1,5,6,1,37,7,1968,2,3,VOLKSWAGEN TIGUAN,6,E01022126,0,-1
2023170M11683,2023,170M11683,1,9,0,18,19,6,2,0,0,8,0,0,0,0,1,1,6,6,2,49,8,1984,1,11,VOLKSWAGEN TIGUAN,1,E01012040,0,-1
2023411328955,2023,411328955,2,9,0,3,3,3,7,0,0,0,0,0,0,0,2,1,6,6,2,55,8,1968,2,9,VOLKSWAGEN TIGUAN,9,E01033609,0,-1
2023610029323,2023,610029323,2,9,0,2,2,0,0,0,0,1,0,0,0,0,1,1,6,6,1,-1,-1,1968,2,6,VOLKSWAGEN TIGUAN,3,W01001460,0,-1
2023010437755,2023,010437755,1,9,0,18,19,5,1,0,0,0,0,0,0,0,1,1,6,6,2,44,7,1498,1,3,VOLKSWAGEN TIGUAN,7,E01003167,0,-1
2023041272468,2023,041272468,3,9,0,2,2,0,0,9,9,1,0,0,0,0,3,1,6,6,3,-1,-1,1968,2,6,VOLKSWAGEN TIGUAN,-1,-1,0,-1
2023041294094,2023,041294094,1,9,0,18,19,1,5,9,9,1,0,0,0,0,4,1,5,6,1,21,5,1968,2,15,VOLKSWAGEN TIGUAN,1,E01012684,0,-1
2023161352605,2023,161352605,3,9,0,18,19,1,5,0,0,1,0,0,0,0,1,1,5,6,1,34,6,1968,2,11,VOLKSWAGEN TIGUAN,3,E01012997,0,-1
2023302300930,2023,302300930,1,9,0,18,19,2,6,0,0,1,0,0,0,0,1,1,6,6,2,41,7,1498,1,4,VOLKSWAGEN TIGUAN,6,E01014233,0,-1
2023201413924,2023,201413924,1,9,0,18,19,6,2,0,0,0,0,0,0,0,1,1,5,6,1,40,7,1498,1,0,VOLKSWAGEN TIGUAN,6,E01028034,0,-1
2023401313385,2023,401313385,2,9,0,5,5,8,2,0,0,0,0,0,0,0,2,1,6,6,1,60,9,1968,2,0,VOLKSWAGEN TIGUAN,7,E01017652,0,-1
2023311361773,2023,311361773,2,9,0,5,5,7,3,0,0,0,0,0,0,0,4,1,6,6,2,75,10,1968,2,13,VOLKSWAGEN TIGUAN,9,E01028410,0,-1
2023311314240,2023,311314240,1,9,0,5,5,5,7,9,9,0,0,0,0,0,0,1,5,6,1,65,9,1968,2,4,VOLKSWAGEN TIGUAN,5,E01027945,0,-1
2023991393057,2023,991393057,2,9,0,18,19,3,7,0,0,2,0,0,0,0,3,1,5,6,2,73,10,1498,1,2,VOLKSWAGEN TIGUAN,9,-1,0,-1
2023531276102,2023,531276102,2,9,0,10,10,3,7,0,0,1,0,0,0,0,2,1,5,6,1,80,11,1968,2,7,VOLKSWAGEN TIGUAN,3,E01022256,0,-1
2023201291670,2023,201291670,1,9,0,18,19,4,8,0,0,0,0,0,0,0,1,1,6,6,3,-1,-1,1968,2,7,VOLKSWAGEN TIGUAN,-1,-1,0,-1
2023461283507,2023,461283507,2,9,0,18,19,7,1,0,0,1,0,0,0,0,1,1,6,6,2,43,7,1968,2,7,VOLKSWAGEN TIGUAN,9,E01033214,0,-1
2023101341238,2023,101341238,2,9,0,18,19,1,5,0,0,1,0,0,0,0,1,1,6,6,1,53,8,1968,2,6,VOLKSWAGEN TIGUAN,9,E01027410,0,-1
2023332301263,2023,332301263,1,9,0,9,9,1,7,0,0,6,0,0,0,0,1,1,6,6,1,42,7,1968,2,7,VOLKSWAGEN TIGUAN,8,E01032598,0,-1
2023471345584,2023,471345584,1,9,0,9,9,1,7,0,0,8,0,0,0,0,3,1,5,6,2,32,6,1984,1,4,VOLKSWAGEN TIGUAN,9,E01031711,0,-1
2023401318841,2023,401318841,2,9,0,18,19,4,6,0,0,2,0,0,0,0,1,1,6,6,1,53,8,1968,2,6,VOLKSWAGEN TIGUAN,2,E01001143,0,-1