collision_index,collision_year,collision_ref_no,vehicle_reference,vehicle_type,towing_and_articulation,vehicle_manoeuvre_historic,vehicle_manoeuvre,vehicle_direction_from,vehicle_direction_to,vehicle_location_restricted_lane_historic,vehicle_location_restricted_lane,junction_location,skidding_and_overturning,hit_object_in_carriageway,vehicle_leaving_carriageway,hit_object_off_carriageway,first_point_of_impact,vehicle_left_hand_drive,journey_purpose_of_driver_historic,journey_purpose_of_driver,sex_of_driver,age_of_driver,age_band_of_driver,engine_capacity_cc,propulsion_code,age_of_vehicle,generic_make_model,driver_imd_decile,lsoa_of_driver,escooter_flag,driver_distance_banding
2023141376113,2023,141376113,1,9,0,3,3,8,4,0,0,0,0,0,1,2,1,1,5,6,2,29,6,998,8,1,KIA RIO,2,E01007849,0,-1
2023010466535,2023,010466535,1,9,0,18,19,7,3,0,0,2,0,0,0,0,1,1,6,6,2,30,6,1399,1,13,KIA RIO,2,E01002804,0,-1
2023010424560,2023,010424560,1,9,0,4,4,1,5,0,0,5,0,0,0,0,1,1,6,6,2,72,10,1248,1,9,KIA RIO,4,E01001674,0,-1
2023010450629,2023,010450629,2,9,0,3,3,1,5,0,0,0,0,0,0,0,2,1,6,6,1,48,8,1396,1,11,KIA RIO,6,E01000273,0,-1
2023061332099,2023,061332099,1,9,0,18,19,2,6,0,0,1,0,0,0,0,1,1,5,6,2,39,7,1396,2,11,KIA RIO,1,E01033674,0,-1
2023320584240,2023,320584240,2,9,0,3,3,8,6,0,0,2,0,0,0,0,2,1,6,6,2,17,4,1343,1,21,KIA RIO,4,E01026366,0,-1
2023351270969,2023,351270969,1,9,0,18,19,-1,-1,0,0,0,0,0,0,0,1,1,6,6,2,67,10,1248,1,8,KIA RIO,2,E01015610,0,-1
2023211380586,2023,211380586,2,9,0,18,19,4,8,0,0,8,0,0,0,0,1,1,5,6,2,42,7,998,1,5,KIA RIO,7,E01029732,0,-1
2023010471546,2023,010471546,2,9,0,2,2,0,0,0,0,2,0,0,0,0,0,1,6,6,3,-1,-1,1248,1,7,KIA RIO,-1,-1,0,-1
2023122300488,2023,122300488,1,9,0,16,19,1,3,0,0,1,0,0,0,0,1,1,6,6,1,40,7,1120,2,9,KIA RIO,9,E01013431,0,-1
2023052300268,2023,052300268,2,9,0,18,19,7,3,0,0,0,0,0,0,0,3,1,6,6,2,42,7,1120,2,10,KIA RIO,3,E01007180,0,-1
2023231330653,2023,231330653,2,9,0,7,7,7,1,0,0,5,0,0,0,0,3,1,5,6,1,79,11,1399,1,14,KIA RIO,10,E01031267,0,-1
2023552300559,2023,552300559,1,9,0,18,19,4,8,0,0,0,0,0,0,0,1,1,6,6,1,54,8,1343,1,19,KIA RIO,7,E01015408,0,-1
2023440135150,2023,440135150,1,9,0,18,19,7,3,0,0,1,0,11,7,2,1,1,2,2,1,61,9,1493,2,13,KIA RIO,1,E01017031,0,-1
2023430108271,2023,430108271,2,9,0,15,15,2,6,0,0,1,0,0,0,0,1,1,6,6,2,-1,-1,1248,1,7,KIA RIO,-1,-1,0,-1
2023131378818,2023,131378818,2,9,0,5,5,7,3,0,0,0,0,0,0,0,3,1,6,6,2,50,8,1396,2,9,KIA RIO,7,E01011042,0,-1
2023461281179,2023,461281179,2,9,0,3,3,3,7,0,0,0,0,0,0,0,2,1,6,6,2,34,6,1120,2,7,KIA RIO,8,E01024784,0,-1
2023010424829,2023,010424829,2,9,0,9,9,5,3,0,0,6,0,0,0,0,3,2,2,2,1,30,6,1248,1,7,KIA RIO,5,E01001644,0,-1
2023631334450,2023,631334450,4,9,0,18,19,8,4,0,0,0,0,0,2,10,3,1,1,1,1,39,7,1248,1,6,KIA RIO,6,W01000645,0,-1
2023061346671,2023,061346671,2,9,0,4,4,5,1,0,0,1,0,0,0,0,2,1,6,6,2,52,8,1248,1,10,KIA RIO,7,E01004900,0,-1
2023302301653,2023,302301653,2,9,0,17,19,2,6,0,0,2,0,0,0,0,1,1,6,6,1,22,5,1399,1,12,KIA RIO,4,E01013458,0,-1
2023401365000,2023,401365000,3,9,0,18,19,7,3,0,0,1,0,0,0,0,1,1,5,6,1,61,9,1399,1,14,KIA RIO,4,E01015793,0,-1
2023471291699,2023,471291699,1,9,0,5,5,7,3,0,0,8,0,0,0,0,1,1,5,6,2,45,7,1368,1,4,KIA RIO,9,E01031461,0,-1
2023340WN2732,2023,340WN2732,1,9,0,18,19,7,3,0,0,0,5,0,1,4,1,1,6,6,1,62,9,998,1,2,KIA RIO,5,E01027176,0,-1
2023552301156,2023,552301156,1,9,0,5,5,5,1,0,0,8,0,0,0,0,4,1,6,6,2,29,6,1396,1,7,KIA RIO,8,E01020344,0,-1
2023461263696,2023,461263696,2,9,0,18,19,3,7,2,2,8,0,0,0,0,1,1,6,6,2,27,6,1248,1,6,KIA RIO,7,E01024764,0,-1
2023061376090,2023,061376090,1,9,0,5,5,7,3,0,0,2,0,0,1,0,2,1,5,6,2,51,8,1197,1,3,KIA RIO,5,-1,0,-1
202360A094426,2023,60A094426,1,9,0,17,19,8,4,0,0,0,0,0,1,3,1,1,6,6,1,28,6,1248,1,7,KIA RIO,-1,-1,0,-1
2023440044191,2023,440044191,1,9,0,18,19,5,1,0,0,0,0,0,0,0,3,1,6,6,2,54,8,1248,1,7,KIA RIO,8,E01023080,0,-1
2023122301011,2023,122301011,2,9,0,16,19,1,5,0,0,1,0,0,0,0,1,1,6,6,1,68,10,998,1,2,KIA RIO,3,E01011784,0,-1
2023552301543,2023,552301543,1,9,0,18,19,6,2,0,0,0,0,0,0,0,0,1,6,6,1,56,9,1396,2,9,KIA RIO,6,E01015337,0,-1
2023061281035,2023,061281035,1,9,0,17,19,6,6,0,0,0,0,0,0,0,4,1,5,6,2,81,11,1399,1,12,KIA RIO,9,E01004789,0,-1
2023302301930,2023,302301930,1,9,0,18,19,6,2,0,0,0,0,0,4,7,3,1,6,6,2,53,8,1120,2,7,KIA RIO,8,E01019868,0,-1
2023440402554,2023,440402554,5,9,0,18,19,2,6,0,0,0,0,0,0,0,1,1,2,2,1,75,10,1493,2,13,KIA RIO,3,E01015362,0,-1
2023461349441,2023,461349441,2,9,0,9,9,1,5,0,0,4,0,0,0,0,1,1,5,6,1,22,5,1399,1,15,KIA RIO,7,E01024157,0,-1
2023161299938,2023,161299938,1,9,0,16,19,5,1,0,0,2,0,0,7,11,1,1,5,6,1,76,11,1120,2,10,KIA RIO,4,E01013076,0,-1
2023440220787,2023,440220787,1,9,0,7,7,2,6,0,0,1,0,0,0,0,4,1,6,6,1,62,9,1396,1,7,KIA RIO,4,E01022810,0,-1
2023522400232,2023,522400232,1,9,0,18,19,2,6,0,0,8,0,0,0,0,1,1,6,6,1,41,7,1248,1,7,KIA RIO,1,E01032518,0,-1
2023545837123,2023,545837123,4,9,0,18,19,7,3,0,0,0,1,0,0,0,3,1,1,1,2,29,6,1248,1,4,KIA RIO,9,E01014789,0,-1
2023501258810,2023,501258810,1,9,0,9,9,6,4,0,0,8,0,0,0,0,1,1,6,6,2,85,11,1396,1,7,KIA RIO,-1,-1,0,-1
2023371364607,2023,371364607,1,9,0,9,9,5,3,0,0,2,0,0,0,0,3,1,5,6,2,66,10,1368,1,4,KIA RIO,5,E01029946,0,-1
2023122300439,2023,122300439,1,9,0,18,19,7,3,0,0,0,0,0,0,0,1,1,6,6,2,85,11,1396,1,9,KIA RIO,10,E01027638,0,-1
2023131387452,2023,131387452,1,9,0,18,19,1,1,0,0,0,5,0,1,0,1,1,2,2,1,26,6,1396,2,9,KIA RIO,-1,-1,0,-1
2023411356788,2023,411356788,3,9,0,4,4,1,4,0,0,2,0,0,0,0,1,1,2,2,2,24,5,1120,2,10,KIA RIO,9,E01023612,0,-1
2023131265070,2023,131265070,2,9,0,9,9,2,6,0,0,8,0,0,0,0,1,1,2,2,2,42,7,1248,1,6,KIA RIO,9,E01011151,0,-1
2023131280658,2023,131280658,2,9,0,18,19,4,8,0,0,1,5,0,0,0,4,1,6,6,1,33,6,1399,1,14,KIA RIO,2,E01011740,0,-1
202360A123537,2023,60A123537,2,9,0,4,4,3,5,0,0,1,0,0,0,0,2,1,6,6,2,29,6,1399,1,16,KIA RIO,-1,-1,0,-1
2023320760187,2023,320760187,1,9,0,18,19,7,3,0,0,0,0,0,0,0,3,1,6,6,2,37,7,1396,1,11,KIA RIO,6,E01026021,0,-1
2023122300985,2023,122300985,2,9,0,17,19,4,8,0,0,0,0,0,0,0,3,1,2,2,1,20,4,1120,2,12,KIA RIO,10,E01027768,0,-1
2023461364979,2023,461364979,1,9,0,18,19,5,1,0,0,0,0,0,0,0,1,1,6,6,2,29,6,1399,1,13,KIA RIO,1,E01024621,0,-1
2023440141894,2023,440141894,2,9,0,9,9,1,7,0,0,6,0,0,0,0,4,1,6,6,1,75,10,1248,1,8,KIA RIO,7,E01022797,0,-1
2023101348172,2023,101348172,2,9,0,18,19,7,3,0,0,0,0,0,0,0,3,1,2,2,1,34,6,1248,1,9,KIA RIO,1,E01008603,0,-1
2023991366928,2023,991366928,1,9,0,18,19,4,7,0,0,0,0,0,0,0,1,1,2,2,2,50,8,1396,2,6,KIA RIO,2,-1,0,-1
2023061360318,2023,061360318,4,9,0,2,2,7,7,9,9,0,0,0,0,0,2,1,5,6,1,25,5,1399,1,12,KIA RIO,6,E01004904,0,-1
2023010478453,2023,010478453,1,9,0,1,1,1,5,0,0,0,0,0,0,0,2,1,6,6,3,-1,-1,998,8,3,KIA RIO,-1,-1,0,-1
2023461384066,2023,461384066,2,9,0,18,19,5,1,0,0,1,0,0,0,0,4,1,6,6,2,23,5,1396,2,11,KIA RIO,8,E01031535,0,-1
2023221370289,2023,221370289,2,9,0,12,12,3,7,0,0,0,0,0,0,0,2,1,5,6,1,22,5,1120,2,9,KIA RIO,4,E01020087,0,-1
2023531269381,2023,531269381,1,9,0,4,4,4,8,0,0,0,0,0,0,0,1,1,6,6,2,19,4,1396,2,10,KIA RIO,8,E01028737,0,-1
2023170H10613,2023,170H10613,1,9,0,18,19,5,1,0,0,4,0,0,0,0,1,1,6,6,2,23,5,1399,1,12,KIA RIO,-1,-1,0,-1
2023461344801,2023,461344801,1,9,0,18,19,4,8,0,0,0,1,6,1,7,4,1,6,6,1,25,5,1399,1,12,KIA RIO,1,E01001483,0,-1
2023122400145,2023,122400145,1,9,0,7,7,1,3,0,0,5,5,0,3,4,1,1,6,6,1,18,4,1396,2,7,KIA RIO,7,E01012366,0,-1
2023471286366,2023,471286366,1,9,0,1,1,1,5,0,0,0,0,0,0,0,2,1,5,6,2,68,10,1248,1,8,KIA RIO,7,E01021220,0,-1
2023371309797,2023,371309797,2,9,0,5,5,1,5,0,0,8,0,0,0,0,1,1,5,6,2,38,7,1399,1,13,KIA RIO,-1,-1,0,-1
2023471319401,2023,471319401,2,9,0,10,10,2,8,0,0,1,0,0,0,0,2,1,6,6,2,43,7,1248,1,6,KIA RIO,7,E01021022,0,-1
2023531355066,2023,531355066,1,9,0,9,9,1,5,0,0,6,0,0,0,0,1,1,2,2,2,63,9,998,1,6,KIA RIO,2,E01022332,0,-1
2023311327691,2023,311327691,2,9,0,16,19,1,5,0,0,1,0,0,0,0,1,1,2,2,1,39,7,1248,1,9,KIA RIO,2,E01025705,0,-1
2023131334132,2023,131334132,1,9,0,18,19,5,1,0,0,1,0,0,0,0,1,1,5,6,2,56,9,1120,2,7,KIA RIO,6,E01011228,0,-1
2023201278819,2023,201278819,1,9,0,18,19,4,8,0,0,8,0,0,0,0,3,1,6,6,1,52,8,1248,1,9,KIA RIO,2,E01009610,0,-1
2023101420316,2023,101420316,2,9,0,18,19,7,3,0,0,2,0,0,0,0,1,1,6,6,2,62,9,1248,1,7,KIA RIO,8,E01020595,0,-1
2023041313521,2023,041313521,1,9,0,18,19,3,7,0,0,0,0,0,0,0,2,2,6,6,1,36,7,1399,1,14,KIA RIO,4,E01025262,0,-1
2023991282957,2023,991282957,1,9,0,15,15,8,4,0,0,2,5,4,0,0,1,1,1,1,2,39,7,1248,1,7,KIA RIO,8,-1,0,-1
2023010459522,2023,010459522,2,9,0,99,99,9,9,99,99,0,9,99,9,99,9,9,6,6,3,24,5,1248,1,11,KIA RIO,2,E01003086,0,-1
2023451285493,2023,451285493,1,9,0,17,19,1,5,0,0,0,0,0,1,3,1,1,6,6,2,61,9,1396,1,7,KIA RIO,8,E01030698,0,-1
2023471345924,2023,471345924,2,9,0,18,19,7,3,0,0,0,0,0,0,0,1,1,6,6,3,-1,-1,1396,1,7,KIA RIO,-1,-1,0,-1
2023421290742,2023,421290742,1,9,0,16,19,5,1,0,0,2,0,0,0,0,1,1,6,6,2,25,5,1248,1,6,KIA RIO,8,E01015913,0,-1
2023991381741,2023,991381741,2,9,0,18,19,7,3,0,0,0,0,0,0,0,1,2,5,6,2,49,8,1399,1,12,KIA RIO,9,-1,0,-1
2023041345601,2023,041345601,1,9,0,18,19,8,7,0,0,1,0,0,0,0,4,1,5,6,2,63,9,1343,1,18,KIA RIO,1,E01025286,0,-1
2023031383967,2023,031383967,1,9,0,5,5,1,1,0,0,1,0,0,0,0,1,1,6,6,1,71,10,1396,1,9,KIA RIO,4,E01019364,0,-1
2023311381725,2023,311381725,2,9,0,3,3,5,1,0,0,8,0,0,0,0,2,1,5,6,1,31,6,1493,2,15,KIA RIO,1,E01013859,0,-1
2023311371111,2023,311371111,1,9,0,7,7,4,8,0,0,0,1,0,0,0,1,1,5,6,1,74,10,1368,1,4,KIA RIO,1,E01013909,0,-1
2023501342125,2023,501342125,1,9,0,9,9,5,3,0,0,1,0,0,0,0,1,1,6,6,1,22,5,1248,1,7,KIA RIO,9,E01009724,0,-1
2023440046089,2023,440046089,1,9,0,18,19,4,8,0,0,1,0,0,0,0,3,1,1,1,1,29,6,1493,2,14,KIA RIO,1,E01017077,0,-1
2023552301446,2023,552301446,1,9,0,4,4,3,7,0,0,0,0,0,0,0,4,1,6,6,2,65,9,1396,1,9,KIA RIO,7,E01015418,0,-1
2023351333528,2023,351333528,2,9,0,18,19,-1,-1,0,0,0,0,0,0,0,2,1,2,2,2,25,5,1248,1,11,KIA RIO,7,E01029937,0,-1
2023010439528,2023,010439528,1,9,0,99,99,9,9,99,99,9,0,99,1,99,9,9,6,6,1,-1,-1,1396,1,10,KIA RIO,-1,-1,0,-1
2023122301376,2023,122301376,1,9,0,17,19,2,6,0,0,0,1,10,2,10,1,1,1,1,1,22,5,998,8,1,KIA RIO,10,E01011570,0,-1
2023061373190,2023,061373190,1,9,0,9,9,1,7,0,0,1,0,0,0,0,1,1,1,1,1,39,7,1493,2,13,KIA RIO,6,E01006375,0,-1
2023471320714,2023,471320714,2,9,0,3,3,7,3,0,0,1,0,0,0,0,2,1,5,6,1,25,5,1248,1,11,KIA RIO,2,E01022818,0,-1
2023430419297,2023,430419297,2,9,0,12,12,1,6,0,0,8,0,0,0,0,3,1,6,6,1,46,8,1197,1,1,KIA RIO,4,E01002444,0,-1
2023122300356,2023,122300356,2,9,0,13,13,7,3,0,0,8,0,0,7,4,4,1,6,6,2,88,11,1396,1,8,KIA RIO,7,E01027781,0,-1
2023332300470,2023,332300470,1,9,0,18,19,7,3,0,0,8,1,10,0,0,4,1,2,2,2,55,8,1248,1,10,KIA RIO,7,E01013791,0,-1
2023041313495,2023,041313495,2,9,0,5,5,5,7,8,6,0,0,0,0,0,2,1,2,2,2,36,7,1396,2,7,KIA RIO,4,E01025544,0,-1
2023311305952,2023,311305952,2,9,0,18,19,1,5,0,0,0,0,0,1,0,1,1,6,6,1,84,11,1493,2,12,KIA RIO,8,E01028176,0,-1
2023061287429,2023,061287429,1,9,0,18,19,-1,-1,0,0,1,0,0,0,0,1,1,6,6,3,-1,-1,1248,1,5,KIA RIO,-1,-1,0,-1
2023361279648,2023,361279648,2,9,0,18,19,1,5,0,0,0,0,0,0,0,3,1,2,2,2,27,6,1493,2,14,KIA RIO,9,E01026908,0,-1
2023411384408,2023,411384408,1,9,0,3,3,7,8,0,0,0,0,0,0,0,1,1,6,6,2,76,11,1343,1,19,KIA RIO,5,E01023765,0,-1
2023221328531,2023,221328531,2,9,0,4,4,4,8,0,0,0,0,0,0,0,1,1,1,1,2,53,8,1396,2,10,KIA RIO,4,E01014206,0,-1
2023141340329,2023,141340329,1,9,0,18,19,2,6,0,0,1,0,0,0,0,4,1,5,6,1,27,6,1248,1,8,KIA RIO,8,E01033259,0,-1
2023544701323,2023,544701323,1,9,0,9,9,6,5,0,0,5,0,0,0,0,0,1,6,6,1,53,8,1493,2,14,KIA RIO,3,-1,0,-1
2023041375716,2023,041375716,1,9,0,18,19,4,4,0,0,1,0,0,0,0,1,1,5,6,2,18,4,1396,2,8,KIA RIO,4,E01033072,0,-1
2023010483938,2023,010483938,1,9,0,18,19,7,3,0,0,1,0,0,0,0,1,1,6,6,2,51,8,998,8,1,KIA RIO,9,E01017635,0,-1
2023201410986,2023,201410986,1,9,0,9,9,2,7,0,0,6,0,0,0,0,1,1,6,6,1,76,11,1248,1,5,KIA RIO,4,E01007653,0,-1
2023471367743,2023,471367743,1,9,0,5,5,8,4,0,0,6,0,0,0,0,1,1,1,1,2,41,7,1396,1,11,KIA RIO,9,E01022958,0,-1
2023061313532,2023,061313532,1,9,0,9,9,1,5,0,0,5,0,0,0,0,1,1,5,6,2,28,6,998,1,5,KIA RIO,3,E01005937,0,-1
2023010432098,2023,010432098,1,9,0,18,19,7,3,0,0,0,0,0,0,0,1,1,3,7,2,38,7,1399,1,13,KIA RIO,3,E01002646,0,-1
2023461382137,2023,461382137,3,9,0,2,2,0,0,0,0,0,0,0,0,0,1,1,6,6,3,-1,-1,1399,1,14,KIA RIO,-1,-1,0,-1
2023201386043,2023,201386043,1,9,0,12,12,6,2,0,0,0,0,4,0,0,1,1,6,6,1,35,6,1120,2,7,KIA RIO,5,E01032592,0,-1
2023451329964,2023,451329964,2,9,0,18,19,3,7,0,0,1,0,0,0,0,3,1,5,6,2,56,9,1368,1,4,KIA RIO,9,E01030828,0,-1
2023061278433,2023,061278433,1,9,0,18,19,-1,-1,0,0,0,0,0,0,0,-1,1,6,6,3,30,6,998,8,3,KIA RIO,3,E01004834,0,-1
2023401334324,2023,401334324,1,9,0,18,19,1,3,0,0,6,1,0,7,0,4,1,6,6,1,43,7,1396,2,6,KIA RIO,6,E01017592,0,-1
2023461321978,2023,461321978,1,9,0,5,5,3,6,0,0,3,0,0,0,0,4,1,6,6,1,-1,-1,1396,1,11,KIA RIO,2,E01016068,0,-1
2023041347504,2023,041347504,4,9,0,4,4,5,1,0,0,0,0,0,0,0,2,1,5,6,2,30,6,1248,1,8,KIA RIO,5,E01006892,0,-1
2023010450076,2023,010450076,1,9,0,99,99,9,9,99,99,0,9,99,9,99,2,9,2,2,1,41,7,1399,1,13,KIA RIO,3,E01024480,0,-1
2023131362934,2023,131362934,2,9,0,18,19,7,3,0,0,3,1,0,0,0,3,1,5,6,1,21,5,1399,1,15,KIA RIO,3,E01011783,0,-1
2023052300955,2023,052300955,1,9,0,18,19,5,1,0,0,0,0,0,0,0,4,1,6,6,1,25,5,1248,1,3,KIA RIO,4,E01007160,0,-1
2023471350909,2023,471350909,1,9,0,11,11,3,7,0,0,1,0,0,0,0,0,1,2,2,2,43,7,1396,2,10,KIA RIO,3,E01016861,0,-1
2023010453699,2023,010453699,2,9,0,99,99,9,9,99,99,9,9,99,9,99,9,9,6,6,3,71,10,1248,1,9,KIA RIO,5,E01004046,0,-1
2023451295101,2023,451295101,1,9,0,18,19,1,4,0,0,4,0,0,0,0,4,1,6,6,1,53,8,1396,1,10,KIA RIO,8,E01030977,0,-1
2023201396816,2023,201396816,1,9,0,18,19,6,2,0,0,6,0,0,0,0,1,1,6,6,1,74,10,1493,2,12,KIA RIO,3,E01009448,0,-1
2023451290468,2023,451290468,1,9,0,18,19,7,3,0,0,0,0,0,0,0,4,1,5,6,2,25,5,1399,1,14,KIA RIO,3,E01030483,0,-1
2023131364599,2023,131364599,2,9,0,5,5,7,4,0,0,0,0,0,0,0,3,1,5,6,2,30,6,1248,1,5,KIA RIO,5,E01011147,0,-1
2023451377481,2023,451377481,1,9,0,18,19,7,3,0,0,0,0,0,0,0,1,1,2,2,2,31,6,1248,1,5,KIA RIO,6,E01030548,0,-1
2023471374970,2023,471374970,1,9,0,9,9,4,1,0,0,1,0,0,0,0,3,1,5,6,1,51,8,1493,2,15,KIA RIO,5,E01031798,0,-1
2023991335404,2023,991335404,3,9,0,17,19,1,5,0,0,0,0,0,0,0,3,1,6,6,2,19,4,1368,1,6,KIA RIO,1,-1,0,-1
2023451271217,2023,451271217,1,9,0,16,19,4,8,0,0,4,1,0,7,1,1,1,5,6,1,18,4,998,1,4,KIA RIO,8,E01004193,0,-1
2023320440706,2023,320440706,3,9,0,4,4,2,6,0,0,1,0,0,0,0,1,1,6,6,2,69,10,1396,2,7,KIA RIO,-1,-1,0,-1
2023421382435,2023,421382435,1,9,0,18,19,6,2,0,0,0,1,0,0,0,1,1,6,6,2,36,7,1343,1,19,KIA RIO,2,E01021998,0,-1
2023061310034,2023,061310034,2,9,0,18,19,1,5,0,0,0,0,0,0,0,2,1,1,1,1,22,5,1248,1,7,KIA RIO,8,E01004780,0,-1
2023610029623,2023,610029623,2,9,0,16,19,5,8,0,0,0,0,0,0,0,1,1,1,1,2,35,6,1120,2,7,KIA RIO,9,W01000859,0,-1
2023031299221,2023,031299221,3,9,0,16,19,1,5,0,0,0,0,0,0,0,0,1,5,6,2,20,4,1248,1,8,KIA RIO,2,E01019294,0,-1
2023131264588,2023,131264588,1,9,0,18,19,2,6,0,0,0,2,0,8,11,3,1,1,1,2,51,8,998,8,1,KIA RIO,5,E01011178,0,-1
2023440027105,2023,440027105,1,9,0,18,19,7,3,0,0,0,1,0,4,6,3,1,6,6,2,18,4,998,1,2,KIA RIO,6,E01031989,0,-1
2023131334050,2023,131334050,1,9,0,5,5,5,1,4,4,0,0,0,0,0,1,1,2,2,2,47,8,998,1,3,KIA RIO,3,E01011014,0,-1
2023991309300,2023,991309300,2,9,0,4,4,6,2,0,0,0,0,0,0,0,2,1,6,6,1,86,11,1399,1,12,KIA RIO,1,-1,0,-1
2023411315331,2023,411315331,2,9,0,18,19,1,3,0,0,3,0,0,0,0,2,1,1,1,2,49,8,1399,1,13,KIA RIO,8,E01023672,0,-1
2023161325110,2023,161325110,3,9,0,18,19,1,5,0,0,0,0,0,1,0,1,1,5,6,1,40,7,1399,1,14,KIA RIO,1,E01012877,0,-1
2023201288905,2023,201288905,1,9,0,18,19,8,4,0,0,8,0,0,0,0,4,1,6,6,1,32,6,1248,1,9,KIA RIO,5,E01010460,0,-1
2023351370133,2023,351370133,1,9,0,9,9,6,5,0,0,1,0,0,0,0,1,1,5,6,1,29,6,1396,1,9,KIA RIO,10,E01033114,0,-1
2023501333384,2023,501333384,1,9,0,9,9,5,5,0,0,0,1,0,0,0,3,1,5,6,2,18,4,1343,1,21,KIA RIO,5,E01020147,0,-1
2023552301483,2023,552301483,1,9,0,18,19,4,8,0,0,4,0,0,0,0,4,1,6,6,2,73,10,1248,1,7,KIA RIO,4,E01020394,0,-1
2023351318892,2023,351318892,2,9,-1,-1,-1,-1,-1,-1,-1,0,-1,-1,-1,0,-1,1,6,6,2,30,6,1396,1,11,KIA RIO,8,E01026434,0,-1
2023991349728,2023,991349728,3,9,0,18,19,2,6,0,0,0,0,0,0,0,2,1,6,6,2,56,9,998,8,0,KIA RIO,2,-1,0,-1
2023451340060,2023,451340060,2,9,0,18,19,1,3,0,0,8,0,0,0,0,1,1,6,6,2,30,6,998,8,1,KIA RIO,-1,-1,0,-1
2023070321148,2023,070321148,3,9,0,3,3,7,3,0,0,0,0,0,0,0,2,1,6,6,3,-1,-1,1248,1,8,KIA RIO,-1,-1,0,-1
2023010468249,2023,010468249,1,9,0,9,9,5,3,0,0,8,0,0,0,0,1,1,6,6,1,20,4,998,1,1,KIA RIO,2,E01002392,0,-1
2023161372293,2023,161372293,1,9,0,18,19,2,4,0,0,0,5,0,7,0,0,1,5,6,2,79,11,1399,1,14,KIA RIO,4,E01013146,0,-1
2023052301055,2023,052301055,2,9,0,4,4,5,2,0,0,0,0,0,0,0,2,1,6,6,1,31,6,1197,1,2,KIA RIO,1,E01006518,0,-1
2023302301913,2023,302301913,1,9,0,18,19,4,8,0,0,8,0,0,0,0,1,1,6,6,3,-1,-1,1248,1,6,KIA RIO,5,E01019852,0,-1
2023440481673,2023,440481673,1,9,0,18,19,8,4,0,0,0,0,0,0,0,1,1,2,2,1,29,6,1197,1,0,KIA RIO,2,E01017322,0,-1
2023010463063,2023,010463063,2,9,0,99,99,9,9,99,99,9,9,99,9,99,9,9,6,6,3,-1,-1,1248,1,8,KIA RIO,-1,-1,0,-1
2023041308554,2023,041308554,1,9,0,18,19,5,1,0,0,1,0,0,0,0,0,1,6,6,3,-1,-1,1197,1,0,KIA RIO,-1,-1,0,-1
2023461325812,2023,461325812,1,9,0,18,19,7,3,0,0,0,0,0,0,0,1,1,5,6,1,92,11,1396,1,8,KIA RIO,7,E01024812,0,-1
2023031370428,2023,031370428,2,9,0,18,19,7,5,0,0,0,0,0,0,0,1,1,2,2,1,28,6,1248,1,8,KIA RIO,-1,-1,0,-1
2023332300142,2023,332300142,1,9,0,18,19,7,3,0,0,3,0,0,2,2,1,1,6,6,2,19,4,1120,2,9,KIA RIO,1,E01010062,0,-1
2023471370940,2023,471370940,2,9,0,2,2,0,0,0,0,1,0,0,0,0,2,1,6,6,3,-1,-1,1120,2,9,KIA RIO,-1,-1,0,-1
2023201413393,2023,201413393,2,9,0,18,19,1,5,0,0,0,0,0,1,0,1,1,6,6,1,56,9,1343,1,18,KIA RIO,1,E01009346,0,-1
2023141379632,2023,141379632,1,9,0,18,19,5,1,0,0,1,0,0,0,0,1,1,2,2,1,39,7,1493,2,12,KIA RIO,9,E01027917,0,-1
2023501300470,2023,501300470,2,9,0,18,19,3,1,0,0,0,0,0,1,10,3,1,5,6,2,24,5,998,1,2,KIA RIO,6,E01020202,0,-1
2023131304684,2023,131304684,4,9,0,2,2,0,0,0,0,0,0,0,0,0,4,1,6,6,3,-1,-1,998,1,6,KIA RIO,-1,-1,0,-1
2023451301791,2023,451301791,1,9,0,18,19,3,7,0,0,0,0,0,0,0,1,1,5,6,1,44,7,1399,1,13,KIA RIO,6,E01030312,0,-1
2023010426573,2023,010426573,1,9,0,17,19,3,7,0,0,8,0,0,0,0,2,1,2,2,1,54,8,1248,1,7,KIA RIO,5,E01002586,0,-1
2023041285507,2023,041285507,1,9,0,18,19,2,8,0,0,1,0,0,1,0,4,1,5,6,1,77,11,1248,1,9,KIA RIO,7,E01012592,0,-1
2023501365574,2023,501365574,1,9,0,17,19,6,3,0,0,0,0,0,1,0,1,1,2,2,1,19,4,1248,1,8,KIA RIO,4,E01018760,0,-1
2023361263160,2023,361263160,2,9,0,17,19,6,1,0,0,0,0,0,0,0,1,1,5,6,2,35,6,1396,1,6,KIA RIO,6,E01023601,0,-1
2023010473930,2023,010473930,2,9,0,99,99,9,9,99,99,9,9,99,9,99,1,9,6,6,3,-1,-1,1248,1,8,KIA RIO,-1,-1,0,-1
2023320035855,2023,320035855,2,9,0,3,3,8,4,0,0,1,0,0,0,0,2,1,6,6,2,39,7,1197,1,1,KIA RIO,8,E01026346,0,-1
2023131267612,2023,131267612,1,9,0,18,19,1,5,0,0,0,0,0,0,0,1,1,5,6,2,42,7,1493,2,12,KIA RIO,7,E01011393,0,-1
2023231300994,2023,231300994,2,9,0,3,3,3,7,0,0,6,0,0,0,0,1,1,6,6,2,32,6,1396,2,9,KIA RIO,4,E01031079,0,-1