collision_index,collision_year,collision_ref_no,vehicle_reference,vehicle_type,towing_and_articulation,vehicle_manoeuvre_historic,vehicle_manoeuvre,vehicle_direction_from,vehicle_direction_to,vehicle_location_restricted_lane_historic,vehicle_location_restricted_lane,junction_location,skidding_and_overturning,hit_object_in_carriageway,vehicle_leaving_carriageway,hit_object_off_carriageway,first_point_of_impact,vehicle_left_hand_drive,journey_purpose_of_driver_historic,journey_purpose_of_driver,sex_of_driver,age_of_driver,age_band_of_driver,engine_capacity_cc,propulsion_code,age_of_vehicle,generic_make_model,driver_imd_decile,lsoa_of_driver,escooter_flag,driver_distance_banding
2023361348730,2023,361348730,1,9,0,18,19,2,6,0,0,8,0,0,0,0,1,1,5,6,1,63,9,1870,2,19,RENAULT LAGUNA,4,E01026807,0,-1
2023440131381,2023,440131381,3,9,0,18,19,5,1,0,0,1,0,0,0,0,1,1,6,6,1,81,11,1997,1,15,RENAULT LAGUNA,9,E01022586,0,-1
2023111281794,2023,111281794,1,9,0,18,19,3,7,0,0,1,0,0,0,0,1,1,6,6,2,30,6,1870,2,19,RENAULT LAGUNA,-1,-1,0,-1
2023411391328,2023,411391328,2,9,0,7,7,6,1,0,0,2,0,0,0,0,0,1,6,6,1,50,8,1995,2,15,RENAULT LAGUNA,7,E01023504,0,-1
2023101326037,2023,101326037,1,9,0,6,6,7,3,0,0,0,0,0,0,0,1,1,5,6,2,23,5,1870,2,18,RENAULT LAGUNA,10,E01008579,0,-1
2023461411420,2023,461411420,1,9,0,16,19,7,3,0,0,0,1,0,0,0,1,1,6,6,1,40,7,1995,2,12,RENAULT LAGUNA,3,E01023984,0,-1
2023320727937,2023,320727937,3,9,0,10,10,4,2,0,0,8,0,0,0,0,2,1,6,6,1,39,7,1461,2,13,RENAULT LAGUNA,5,E01011787,0,-1
2023340NN1472,2023,340NN1472,1,9,0,9,9,5,3,0,0,8,0,0,0,0,1,1,6,6,1,31,6,1461,2,14,RENAULT LAGUNA,7,E01027277,0,-1
2023311346081,2023,311346081,1,9,0,9,9,4,1,0,0,1,0,0,0,0,1,1,6,6,3,-1,-1,1995,2,11,RENAULT LAGUNA,-1,-1,0,-1
2023471292733,2023,471292733,3,9,0,2,2,0,0,9,9,0,0,0,0,0,2,1,6,6,3,-1,-1,1995,2,15,RENAULT LAGUNA,-1,-1,0,-1
2023361332457,2023,361332457,2,5,0,11,11,5,3,0,0,8,0,0,0,0,4,1,5,6,1,70,10,648,1,0,-1,5,E01030290,0,-1
2023070682377,2023,070682377,1,4,0,5,5,1,5,0,0,6,0,0,0,0,3,1,6,6,2,68,10,349,1,3,-1,8,E01012556,0,-1
2023311325284,2023,311325284,2,4,0,12,12,5,1,0,0,0,0,0,0,0,1,1,6,6,1,40,7,349,1,2,-1,8,E01028138,0,-1
2023302300877,2023,302300877,2,4,0,7,7,8,2,0,0,2,0,0,0,0,3,1,6,6,3,71,10,349,1,2,-1,5,E01019605,0,-1
2023461359382,2023,461359382,2,4,0,18,19,1,5,0,0,0,5,0,0,0,3,1,2,2,2,37,7,349,1,1,-1,5,E01021484,0,-1
2023401292411,2023,401292411,1,5,0,11,11,2,7,0,0,0,0,0,0,0,1,1,5,6,1,64,9,648,1,0,-1,6,E01016737,0,-1
2023201325195,2023,201325195,2,5,0,18,19,5,1,0,0,3,0,0,0,0,4,1,6,6,1,48,8,648,1,0,-1,2,E01014162,0,-1
202360A132704,2023,60A132704,2,5,0,7,7,5,7,0,0,6,1,0,0,0,1,1,6,6,1,71,10,648,1,0,-1,-1,-1,0,-1
2023520400713,2023,520400713,1,4,0,18,19,5,1,0,0,0,0,0,0,0,4,1,6,6,1,65,9,349,1,1,-1,9,E01029318,0,-1
2023141361945,2023,141361945,1,4,0,18,19,4,7,0,0,8,0,0,0,0,4,1,5,6,1,34,6,349,1,1,-1,7,E01007741,0,-1
2023041315664,2023,041315664,2,4,0,18,19,7,3,0,0,1,0,0,0,0,3,1,2,2,1,68,10,349,1,2,-1,8,E01025516,0,-1
2023302300591,2023,302300591,1,4,0,4,4,5,1,0,0,1,1,0,0,0,0,1,6,6,1,76,11,349,1,0,-1,7,E01025952,0,-1
2023302301657,2023,302301657,2,4,0,9,9,3,1,0,0,8,0,0,0,0,1,1,6,6,1,60,9,349,1,2,-1,2,E01019567,0,-1
2023546131323,2023,546131323,2,9,0,4,4,1,7,0,0,0,0,0,0,0,2,1,1,1,1,57,9,2498,1,2,SUBARU OUTBACK,9,E01031929,0,-1
2023421381506,2023,421381506,1,9,0,18,19,5,1,0,0,0,0,0,0,0,1,1,6,6,1,23,5,2457,1,17,SUBARU OUTBACK,7,E01021582,0,-1
2023451357748,2023,451357748,1,9,0,18,19,5,1,0,0,6,2,0,0,0,3,1,5,6,3,65,9,3000,1,17,SUBARU OUTBACK,8,E01031503,0,-1
2023122301010,2023,122301010,1,9,0,18,19,3,7,0,0,2,0,0,0,0,1,1,6,6,1,78,11,2498,1,2,SUBARU OUTBACK,9,E01023467,0,-1
2023061377579,2023,061377579,4,9,0,18,19,6,2,0,0,0,0,0,0,0,1,1,5,6,1,65,9,2498,1,7,SUBARU OUTBACK,8,E01018703,0,-1
2023010442555,2023,010442555,2,9,0,99,99,9,9,99,99,9,9,99,9,99,1,9,6,6,3,-1,-1,1998,2,8,SUBARU OUTBACK,-1,-1,0,-1
2023031297920,2023,031297920,1,9,0,18,19,8,4,0,0,0,5,0,0,0,1,1,5,6,2,74,10,2498,1,4,SUBARU OUTBACK,7,E01016812,0,-1
2023430003914,2023,430003914,1,9,0,18,19,4,8,0,0,1,0,0,0,0,1,1,6,6,1,80,11,2457,1,14,SUBARU OUTBACK,-1,-1,0,-1
2023471311852,2023,471311852,2,9,0,18,19,1,5,0,0,8,0,0,0,0,3,1,6,6,1,75,10,3000,1,18,SUBARU OUTBACK,7,W01001548,0,-1
2023471329158,2023,471329158,3,9,0,18,19,5,1,0,0,1,0,0,0,0,3,1,5,6,1,75,10,2498,1,8,SUBARU OUTBACK,5,E01021100,0,-1
2023991331580,2023,991331580,1,9,0,16,19,1,4,0,0,0,0,0,1,0,1,1,5,6,1,86,11,1998,2,12,SUBARU OUTBACK,-1,-1,0,-1
2023340WN0352,2023,340WN0352,2,9,0,17,19,5,1,0,0,1,0,0,0,0,1,1,6,6,2,66,10,2498,1,4,SUBARU OUTBACK,8,E01027273,0,-1
2023122300514,2023,122300514,2,9,0,4,4,1,5,0,0,2,0,0,0,0,4,1,6,6,1,35,6,1998,2,9,SUBARU OUTBACK,5,E01027649,0,-1
2023991291869,2023,991291869,2,9,0,18,19,6,2,0,0,5,0,0,0,0,1,1,1,1,2,49,8,2457,1,12,SUBARU OUTBACK,10,E01021234,0,-1
2023070843458,2023,070843458,2,9,0,18,19,5,1,0,0,1,0,0,0,0,1,1,6,6,2,85,11,996,1,13,SUZUKI SPLASH,3,E01018730,0,-1
2023631376426,2023,631376426,1,9,0,5,5,7,3,0,0,8,0,0,0,0,1,1,6,6,2,89,11,1242,1,9,SUZUKI SPLASH,6,W01000666,0,-1
2023421378246,2023,421378246,1,9,0,5,5,7,5,0,0,2,0,0,0,0,1,1,6,6,2,32,6,996,1,12,SUZUKI SPLASH,1,E01015895,0,-1
2023141318042,2023,141318042,2,9,0,18,19,3,7,0,0,0,0,0,3,2,4,1,1,1,1,33,6,1248,2,13,SUZUKI SPLASH,6,E01028034,0,-1
2023070890007,2023,070890007,2,9,0,3,3,1,5,0,0,0,0,0,0,0,3,1,6,6,2,82,11,996,1,9,SUZUKI SPLASH,8,E01012373,0,-1
2023471318288,2023,471318288,1,9,0,18,19,8,4,0,0,2,0,0,0,0,1,1,5,6,2,34,6,996,1,10,SUZUKI SPLASH,9,E01021151,0,-1
2023371432557,2023,371432557,1,9,0,9,9,7,6,0,0,8,0,0,0,0,3,1,6,6,2,33,6,1242,1,12,SUZUKI SPLASH,6,E01030221,0,-1
2023101280972,2023,101280972,2,9,0,18,19,1,6,0,0,8,0,0,0,0,4,1,5,6,2,70,10,1242,1,11,SUZUKI SPLASH,9,E01027481,0,-1
2023141308572,2023,141308572,1,9,0,18,19,8,3,0,0,1,0,0,0,0,1,1,1,1,2,56,9,996,1,9,SUZUKI SPLASH,1,E01007352,0,-1
2023101389540,2023,101389540,1,9,0,13,13,1,4,0,0,0,0,0,0,0,4,1,5,6,1,51,8,996,1,11,SUZUKI SPLASH,3,E01027423,0,-1
2023131371473,2023,131371473,1,9,0,9,9,1,3,0,0,6,0,0,0,0,1,1,2,2,2,54,8,996,1,10,SUZUKI SPLASH,2,E01011742,0,-1
2023211388767,2023,211388767,2,9,0,5,5,6,3,0,0,1,0,0,0,0,1,1,1,1,2,35,6,1242,1,10,SUZUKI SPLASH,-1,-1,0,-1
2023461276938,2023,461276938,2,9,0,18,19,3,7,0,0,0,1,0,1,4,1,1,6,6,2,66,10,1242,1,13,SUZUKI SPLASH,9,E01022879,0,-1
2023101398547,2023,101398547,1,9,0,9,9,1,2,0,0,6,0,0,0,0,3,1,6,6,1,32,6,1242,1,15,SUZUKI SPLASH,1,E01008332,0,-1
2023501304316,2023,501304316,2,9,0,15,15,7,3,0,0,0,0,0,0,0,2,1,6,6,2,26,6,1248,2,14,SUZUKI SPLASH,3,E01018918,0,-1
2023311325926,2023,311325926,1,9,0,18,19,3,8,0,0,0,1,0,1,0,1,1,5,6,1,44,7,1242,1,11,SUZUKI SPLASH,2,E01007592,0,-1
2023421316535,2023,421316535,1,9,0,9,9,5,3,0,0,8,0,0,0,0,1,1,5,6,2,51,8,996,1,14,SUZUKI SPLASH,6,E01021313,0,-1
2023471348215,2023,471348215,2,9,0,14,14,4,8,0,0,1,0,0,0,0,1,1,5,6,2,62,9,1242,1,9,SUZUKI SPLASH,6,E01031365,0,-1
2023631334450,2023,631334450,1,9,0,12,12,4,8,0,0,0,0,0,7,10,3,1,6,6,2,28,6,1248,2,14,SUZUKI SPLASH,1,W01000631,0,-1
2023991317839,2023,991317839,1,9,0,18,19,6,3,0,0,0,0,0,1,11,1,1,2,2,1,34,6,996,1,12,SUZUKI SPLASH,5,-1,0,-1
2023440430205,2023,440430205,1,9,0,9,9,2,8,0,0,8,0,0,0,0,1,1,6,6,2,26,6,996,1,14,SUZUKI SPLASH,3,E01031483,0,-1
2023991324813,2023,991324813,1,9,0,18,19,2,6,0,0,0,0,0,0,0,1,1,5,6,1,30,6,1242,1,15,SUZUKI SPLASH,2,-1,0,-1
2023131366643,2023,131366643,2,9,0,2,2,1,5,0,0,0,0,0,0,0,3,1,6,6,2,61,9,996,1,12,SUZUKI SPLASH,3,E01026075,0,-1
2023332300635,2023,332300635,2,9,0,18,19,4,8,0,0,8,0,0,0,0,1,1,2,2,2,20,4,1242,1,15,SUZUKI SPLASH,5,E01025884,0,-1
2023631339088,2023,631339088,1,9,0,18,19,3,7,0,0,0,0,0,0,0,1,1,5,6,2,84,11,1242,1,9,SUZUKI SPLASH,6,W01000433,0,-1
2023991267597,2023,991267597,1,9,0,18,19,8,4,0,0,1,0,0,0,0,3,1,5,6,1,43,7,1242,1,9,SUZUKI SPLASH,2,-1,0,-1
2023440273680,2023,440273680,1,9,0,2,2,5,1,0,0,0,0,4,0,0,3,1,6,6,1,42,7,1242,1,14,SUZUKI SPLASH,10,E01022748,0,-1
2023122300156,2023,122300156,2,9,0,18,19,1,5,0,0,8,0,0,0,0,3,1,6,6,1,89,11,1242,1,15,SUZUKI SPLASH,8,E01027836,0,-1
2023311347383,2023,311347383,1,9,0,16,19,2,5,0,0,4,0,9,7,0,1,1,6,6,1,38,7,1242,1,11,SUZUKI SPLASH,2,E01028269,0,-1
2023471345649,2023,471345649,1,9,0,18,19,6,2,0,0,1,0,0,0,0,4,1,6,6,2,76,11,1242,1,12,SUZUKI SPLASH,10,E01031736,0,-1
2023311285099,2023,311285099,1,9,0,5,5,3,7,0,0,0,0,0,0,0,2,1,1,1,1,51,8,996,1,11,SUZUKI SPLASH,1,E01013871,0,-1
2023440484039,2023,440484039,1,9,0,18,19,2,6,0,0,4,0,0,0,0,1,1,6,6,3,50,8,1242,1,14,SUZUKI SPLASH,7,E01032024,0,-1
2023010457618,2023,010457618,1,9,0,99,99,9,9,99,99,9,9,99,9,99,2,9,6,6,2,44,7,1242,1,12,SUZUKI SPLASH,2,E01001219,0,-1
2023010451585,2023,010451585,2,9,0,7,7,7,1,0,0,6,0,0,0,0,1,1,6,6,2,26,6,1242,1,14,SUZUKI SPLASH,-1,-1,0,-1
202354C408323,2023,54C408323,2,9,0,2,2,0,0,6,6,0,0,0,7,9,1,1,6,6,3,-1,-1,996,1,11,SUZUKI SPLASH,-1,-1,0,-1
2023552301023,2023,552301023,1,9,0,1,1,7,3,9,9,0,0,0,0,0,2,1,6,6,1,60,9,996,1,14,SUZUKI SPLASH,7,E01020511,0,-1
2023501280795,2023,501280795,1,9,0,18,19,5,1,0,0,4,0,0,0,0,1,1,6,6,1,41,7,1242,1,15,SUZUKI SPLASH,2,E01015210,0,-1
2023010460220,2023,010460220,1,9,0,6,6,5,5,0,0,2,0,0,0,0,3,1,2,2,2,55,8,996,1,9,SUZUKI SPLASH,6,E01002747,0,-1
2023547764523,2023,547764523,1,9,0,1,1,4,8,0,0,6,0,0,0,0,2,1,6,6,2,54,8,1242,1,10,SUZUKI SPLASH,7,E01032073,0,-1
2023122301329,2023,122301329,1,9,0,9,9,1,5,0,0,1,0,0,0,0,3,1,2,2,1,74,10,996,1,12,SUZUKI SPLASH,-1,-1,0,-1
2023211358195,2023,211358195,1,9,0,18,19,5,1,0,0,1,5,0,3,0,1,1,6,6,2,84,11,996,1,11,SUZUKI SPLASH,10,E01029573,0,-1
2023221370257,2023,221370257,1,9,0,17,19,8,4,0,0,0,0,0,1,9,1,1,2,2,1,21,5,1248,2,14,SUZUKI SPLASH,5,E01014014,0,-1
2023520400324,2023,520400324,1,8,0,18,19,7,3,0,0,0,0,0,1,9,1,1,6,6,1,74,10,996,1,11,-1,9,E01019790,0,-1
2023010421381,2023,010421381,1,9,0,99,99,9,9,99,99,0,9,99,9,99,2,9,6,6,2,23,5,1242,1,13,SUZUKI SPLASH,8,E01001126,0,-1
2023101391812,2023,101391812,1,9,0,18,19,1,5,0,0,0,0,0,0,0,2,1,6,6,1,35,6,1242,1,12,SUZUKI SPLASH,1,E01008388,0,-1
2023041334173,2023,041334173,1,9,0,2,2,7,3,0,0,0,0,0,0,0,2,1,5,6,2,78,11,996,1,9,SUZUKI SPLASH,6,E01025587,0,-1
2023170S31393,2023,170S31393,1,9,0,18,19,3,7,0,0,1,0,0,0,0,1,1,6,6,1,79,11,996,1,11,SUZUKI SPLASH,1,E01012238,0,-1
202354B965523,2023,54B965523,1,9,0,18,19,2,6,0,0,0,1,10,2,4,1,1,6,6,1,22,5,3960,1,32,-1,8,E01032077,0,-1
2023501337729,2023,501337729,2,9,0,18,19,7,6,0,0,0,0,0,0,0,2,1,3,7,1,52,8,1896,2,21,VOLKSWAGEN GOLF,4,E01018961,0,-1
2023010425400,2023,010425400,2,9,0,99,99,9,9,99,99,9,9,99,9,99,2,9,6,6,3,-1,-1,1968,2,1,VOLKSWAGEN GOLF,-1,-1,0,-1
2023041321315,2023,041321315,1,9,0,18,19,5,1,0,0,0,1,0,0,0,1,1,6,6,1,65,9,1600,2,13,VOLKSWAGEN GOLF,1,E01012572,0,-1
2023131351483,2023,131351483,1,9,0,13,13,3,7,0,0,1,0,0,0,0,4,1,5,6,1,53,8,1598,2,10,VOLKSWAGEN GOLF,5,E01008144,0,-1
2023052302266,2023,052302266,2,9,0,18,19,7,3,0,0,1,0,0,0,0,4,1,6,6,1,20,4,1598,2,12,VOLKSWAGEN GOLF,4,E01006982,0,-1
2023421283107,2023,421283107,1,9,0,18,19,7,3,0,0,0,0,0,1,0,1,1,5,6,1,21,5,1968,2,8,VOLKSWAGEN GOLF,10,E01021384,0,-1
2023010444602,2023,010444602,1,9,0,17,19,5,1,0,0,0,0,0,0,0,1,1,6,6,2,36,7,1395,1,8,VOLKSWAGEN GOLF,5,E01000520,0,-1
2023991337688,2023,991337688,3,9,0,2,2,0,0,9,9,0,0,0,0,0,3,1,6,6,3,-1,-1,1984,1,3,VOLKSWAGEN GOLF,-1,-1,0,-1
2023522301582,2023,522301582,1,9,0,18,19,7,3,0,0,1,0,0,0,0,4,2,6,6,1,20,4,1984,1,3,VOLKSWAGEN GOLF,2,E01014810,0,-1
2023520301058,2023,520301058,1,9,0,18,19,3,7,0,0,0,1,0,1,4,1,1,6,6,1,23,5,1984,1,5,VOLKSWAGEN GOLF,4,E01029179,0,-1
2023131272992,2023,131272992,3,9,0,18,19,5,5,0,0,0,0,0,0,0,4,1,5,6,2,30,6,1595,1,22,VOLKSWAGEN GOLF,3,E01010752,0,-1
2023010456718,2023,010456718,1,9,0,17,19,1,5,0,0,0,5,4,0,0,4,1,6,6,2,54,8,1395,1,9,VOLKSWAGEN GOLF,-1,-1,0,-1
2023201314146,2023,201314146,1,9,0,18,19,6,2,0,0,0,0,0,0,0,1,1,1,1,1,19,4,1395,1,10,VOLKSWAGEN GOLF,3,E01009857,0,-1
2023991349320,2023,991349320,2,9,0,9,9,6,2,0,0,0,0,0,1,0,2,1,5,6,2,28,6,1598,2,5,VOLKSWAGEN GOLF,8,-1,0,-1
2023131340396,2023,131340396,1,9,0,15,15,3,3,0,0,0,0,0,0,0,1,1,5,6,1,75,10,1968,2,11,VOLKSWAGEN GOLF,6,E01010882,0,-1
2023522400319,2023,522400319,2,9,0,7,7,6,1,0,0,3,0,0,0,0,3,1,6,6,2,50,8,1968,2,12,VOLKSWAGEN GOLF,5,E01014861,0,-1
2023141299033,2023,141299033,1,9,0,18,19,5,1,0,0,1,0,0,0,0,1,1,5,6,1,18,4,1395,8,2,VOLKSWAGEN GOLF,1,E01008117,0,-1
2023111359153,2023,111359153,1,9,0,3,3,2,7,0,0,0,0,0,0,0,1,1,6,6,1,30,6,1984,1,5,VOLKSWAGEN GOLF,8,E01008864,0,-1
2023440269688,2023,440269688,1,9,0,18,19,7,3,0,0,8,0,0,0,0,4,1,6,6,1,55,8,1395,1,7,VOLKSWAGEN GOLF,10,E01030891,0,-1
2023141296904,2023,141296904,2,9,0,18,19,5,1,0,0,0,0,0,0,0,3,1,6,6,2,-1,-1,1395,1,7,VOLKSWAGEN GOLF,-1,-1,0,-1
2023451378370,2023,451378370,1,9,0,9,9,3,7,0,0,8,0,0,0,0,3,1,2,2,1,42,7,1390,1,17,VOLKSWAGEN GOLF,7,E01031766,0,-1
2023131328795,2023,131328795,1,9,0,17,19,1,5,0,0,0,2,0,7,10,1,1,5,6,1,21,5,1598,2,9,VOLKSWAGEN GOLF,2,E01011002,0,-1
2023010482484,2023,010482484,2,9,0,18,19,4,8,0,0,8,0,0,0,0,1,1,2,2,1,33,6,1498,1,5,VOLKSWAGEN GOLF,8,E01023541,0,-1
2023332300651,2023,332300651,1,9,0,13,13,3,7,0,0,0,1,0,1,9,3,1,6,6,1,18,4,1390,1,14,VOLKSWAGEN GOLF,1,E01015611,0,-1
2023522400753,2023,522400753,1,9,0,18,19,8,4,0,0,1,1,0,0,0,1,1,6,6,1,80,11,1498,1,0,VOLKSWAGEN GOLF,6,E01015002,0,-1
2023351322682,2023,351322682,1,9,0,5,5,5,2,0,0,2,0,0,0,0,1,1,5,6,2,52,8,1498,1,4,VOLKSWAGEN GOLF,5,E01018195,0,-1
2023471294507,2023,471294507,1,9,0,18,19,8,4,0,0,0,0,0,0,0,1,1,1,1,1,35,6,1968,2,17,VOLKSWAGEN GOLF,-1,-1,0,-1
2023991307217,2023,991307217,2,9,0,18,19,5,1,0,0,0,0,0,1,11,3,1,5,6,1,53,8,1968,2,13,VOLKSWAGEN GOLF,4,-1,0,-1
2023340WN6082,2023,340WN6082,1,9,0,18,19,4,1,0,0,4,2,0,3,4,1,1,2,2,1,26,6,2000,1,17,VOLKSWAGEN GOLF,10,E01032973,0,-1
2023332300996,2023,332300996,2,9,0,17,19,1,7,0,0,0,0,0,0,0,3,1,6,6,3,-1,-1,1984,1,5,VOLKSWAGEN GOLF,-1,-1,0,-1
2023221372131,2023,221372131,4,9,0,18,19,4,2,0,0,2,1,0,0,0,1,1,2,2,1,30,6,1395,1,7,VOLKSWAGEN GOLF,-1,-1,0,-1
2023430049371,2023,430049371,1,9,0,7,7,8,2,0,0,5,0,0,0,0,4,1,6,6,2,-1,-1,1598,2,13,VOLKSWAGEN GOLF,-1,-1,0,-1
2023552300732,2023,552300732,1,9,0,18,19,2,6,0,0,0,0,0,0,0,1,1,2,2,1,43,7,1390,1,13,VOLKSWAGEN GOLF,2,E01015367,0,-1
2023010441187,2023,010441187,1,9,0,99,99,9,9,99,99,0,9,99,9,99,2,9,2,2,2,51,8,1390,1,13,VOLKSWAGEN GOLF,3,E01001789,0,-1
2023430479815,2023,430479815,1,9,0,18,19,8,4,0,0,1,0,0,0,0,1,1,6,6,1,60,9,1498,1,5,VOLKSWAGEN GOLF,8,E01016281,0,-1
2023622300955,2023,622300955,2,9,0,3,3,6,2,0,0,1,0,0,0,0,2,1,2,2,2,47,8,1598,2,7,VOLKSWAGEN GOLF,4,W01001065,0,-1
202360A114591,2023,60A114591,2,9,0,8,8,7,1,0,0,5,0,0,0,0,1,1,6,6,1,30,6,1968,2,15,VOLKSWAGEN GOLF,-1,-1,0,-1
2023430461014,2023,430461014,1,9,0,18,19,8,4,0,0,0,1,0,0,0,3,1,6,6,1,67,10,1390,1,10,VOLKSWAGEN GOLF,6,E01002674,0,-1
2023141379692,2023,141379692,1,9,0,18,19,3,7,0,0,1,0,4,0,0,1,1,5,6,2,37,7,1968,2,11,VOLKSWAGEN GOLF,1,E01008085,0,-1
2023411404774,2023,411404774,3,9,0,2,2,0,0,0,0,0,0,0,0,0,2,1,6,6,3,-1,-1,1968,2,8,VOLKSWAGEN GOLF,-1,-1,0,-1
2023451346953,2023,451346953,1,9,0,4,4,1,5,0,0,0,0,0,0,0,1,1,5,6,1,52,8,1781,1,22,VOLKSWAGEN GOLF,3,E01004182,0,-1
2023111308361,2023,111308361,2,9,0,16,19,1,6,0,0,0,0,0,0,0,1,1,5,6,2,55,8,1598,2,7,VOLKSWAGEN GOLF,6,E01020863,0,-1
2023440464363,2023,440464363,1,9,0,9,9,1,7,0,0,6,0,0,0,0,3,1,6,6,2,35,6,1598,2,11,VOLKSWAGEN GOLF,3,E01022807,0,-1
2023161349887,2023,161349887,1,9,0,5,5,1,3,0,0,4,0,0,0,0,2,1,5,6,1,19,4,1598,2,12,VOLKSWAGEN GOLF,7,E01013333,0,-1
2023522300828,2023,522300828,1,9,0,18,19,5,1,0,0,8,0,0,0,0,3,1,6,6,1,47,8,1968,2,11,VOLKSWAGEN GOLF,9,E01014411,0,-1
2023340WN1122,2023,340WN1122,2,9,0,3,3,1,7,0,0,4,0,0,0,0,2,1,6,6,1,49,8,1390,1,11,VOLKSWAGEN GOLF,4,E01027320,0,-1
2023461317622,2023,461317622,1,9,0,4,4,3,7,0,0,7,0,0,0,0,1,1,6,6,1,35,6,1984,1,13,VOLKSWAGEN GOLF,3,E01004123,0,-1
2023451284681,2023,451284681,2,9,0,9,9,5,3,0,0,1,0,0,0,0,3,1,1,1,1,56,9,1498,1,5,VOLKSWAGEN GOLF,6,E01024848,0,-1
2023401366105,2023,401366105,2,9,0,3,3,5,7,0,0,0,0,0,0,0,2,1,6,6,1,58,9,1598,2,9,VOLKSWAGEN GOLF,10,E01017409,0,-1
2023170H10613,2023,170H10613,2,9,0,18,19,3,7,0,0,8,0,0,0,0,4,1,6,6,1,35,6,1598,2,6,VOLKSWAGEN GOLF,3,E01011961,0,-1
2023544921823,2023,544921823,1,9,0,18,19,1,5,0,0,0,0,0,0,0,1,1,3,7,1,19,4,1900,2,17,VOLKSWAGEN GOLF,7,E01032007,0,-1
2023010428111,2023,010428111,3,9,0,4,4,4,8,0,0,1,0,0,0,0,0,1,6,6,1,23,5,1380,1,13,VOLKSWAGEN GOLF,-1,-1,0,-1
2023131267027,2023,131267027,1,9,0,12,12,1,5,0,0,0,0,0,0,0,1,1,2,2,1,25,5,1968,2,1,VOLKSWAGEN GOLF,1,E01011864,0,-1
2023451387448,2023,451387448,1,9,0,18,19,3,7,0,0,8,0,0,0,0,4,1,5,6,1,56,9,1968,2,0,VOLKSWAGEN GOLF,6,E01030557,0,-1
2023552300085,2023,552300085,1,9,0,17,19,1,7,0,0,0,1,0,1,4,1,1,1,1,1,49,8,999,1,2,VOLKSWAGEN GOLF,9,E01020414,0,-1
2023141260776,2023,141260776,1,9,0,18,19,1,5,0,0,0,0,0,0,0,1,1,5,6,1,30,6,1598,1,20,VOLKSWAGEN GOLF,3,E01007490,0,-1
2023440078869,2023,440078869,2,9,0,18,19,7,3,0,0,1,0,0,7,4,1,1,6,6,1,17,4,1598,1,16,VOLKSWAGEN GOLF,7,E01031500,0,-1
2023430024047,2023,430024047,1,9,0,18,19,8,4,0,0,0,0,0,1,9,1,1,6,6,2,22,5,1598,2,12,VOLKSWAGEN GOLF,2,E01028692,0,-1
2023991295910,2023,991295910,2,9,0,10,10,5,3,0,0,1,0,0,7,0,2,1,5,6,2,50,8,1598,2,12,VOLKSWAGEN GOLF,6,-1,0,-1
2023201358214,2023,201358214,1,9,0,18,19,6,2,0,0,8,0,0,0,0,2,1,5,6,1,51,8,1968,2,6,VOLKSWAGEN GOLF,7,E01009116,0,-1
2023332300765,2023,332300765,2,9,0,6,6,1,1,0,0,0,0,0,0,0,2,1,6,6,2,40,7,1598,2,9,VOLKSWAGEN GOLF,9,E01025979,0,-1
2023461351988,2023,461351988,1,9,0,18,19,7,3,0,0,0,0,0,0,0,1,1,6,6,1,-1,-1,1896,2,20,VOLKSWAGEN GOLF,1,E01024306,0,-1
2023430301955,2023,430301955,2,9,0,14,14,6,2,0,0,0,0,0,0,0,4,1,6,6,1,50,8,2000,1,18,VOLKSWAGEN GOLF,8,E01016491,0,-1
2023061374894,2023,061374894,1,9,0,3,3,4,8,0,0,0,0,0,0,0,1,1,6,6,1,19,4,1390,1,20,VOLKSWAGEN GOLF,1,E01005448,0,-1
2023010437122,2023,010437122,2,9,0,17,19,1,5,0,0,0,0,0,0,0,4,1,6,6,1,21,5,1390,1,20,VOLKSWAGEN GOLF,3,E01003734,0,-1
2023332300448,2023,332300448,1,9,0,18,19,2,6,0,0,0,0,0,0,0,1,1,6,6,1,66,10,1498,1,3,VOLKSWAGEN GOLF,9,E01026301,0,-1
2023010428965,2023,010428965,1,9,0,99,99,9,9,99,99,9,9,99,9,99,9,9,6,6,1,23,5,1598,1,16,VOLKSWAGEN GOLF,9,E01002156,0,-1
2023401286094,2023,401286094,2,9,0,3,3,5,1,0,0,0,0,0,0,0,2,1,1,1,1,48,8,1598,2,4,VOLKSWAGEN GOLF,9,E01017495,0,-1
2023332300709,2023,332300709,3,9,0,2,2,0,0,0,0,0,0,0,0,0,2,1,6,6,3,-1,-1,1598,2,12,VOLKSWAGEN GOLF,-1,-1,0,-1
2023471327248,2023,471327248,1,9,0,9,9,5,4,0,0,6,0,0,0,0,1,1,6,6,1,24,5,1598,2,6,VOLKSWAGEN GOLF,1,E01020992,0,-1
2023061379145,2023,061379145,1,9,0,18,19,8,4,0,0,8,0,0,0,0,1,1,5,6,1,38,7,1600,1,18,VOLKSWAGEN GOLF,2,E01033675,0,-1
2023010431111,2023,010431111,1,9,0,99,99,9,9,99,99,9,9,99,9,99,1,1,2,2,2,37,7,1598,2,9,VOLKSWAGEN GOLF,10,E01016605,0,-1
2023501320830,2023,501320830,1,9,0,10,10,6,4,0,0,6,0,0,0,0,1,1,5,6,1,78,11,1598,2,10,VOLKSWAGEN GOLF,8,E01018792,0,-1
2023991267533,2023,991267533,2,9,0,18,19,2,6,0,0,8,0,0,0,0,4,1,6,6,1,31,6,1968,2,14,VOLKSWAGEN GOLF,5,-1,0,-1