collision_index,collision_year,collision_ref_no,vehicle_reference,vehicle_type,towing_and_articulation,vehicle_manoeuvre_historic,vehicle_manoeuvre,vehicle_direction_from,vehicle_direction_to,vehicle_location_restricted_lane_historic,vehicle_location_restricted_lane,junction_location,skidding_and_overturning,hit_object_in_carriageway,vehicle_leaving_carriageway,hit_object_off_carriageway,first_point_of_impact,vehicle_left_hand_drive,journey_purpose_of_driver_historic,journey_purpose_of_driver,sex_of_driver,age_of_driver,age_band_of_driver,engine_capacity_cc,propulsion_code,age_of_vehicle,generic_make_model,driver_imd_decile,lsoa_of_driver,escooter_flag,driver_distance_banding
2023501295128,2023,501295128,1,9,0,18,19,1,5,0,0,0,0,0,0,0,1,1,1,1,2,24,5,1900,2,17,VOLKSWAGEN GOLF,2,E01015259,0,-1
2023451302385,2023,451302385,1,9,0,4,4,1,5,0,0,0,0,0,0,0,4,1,3,7,1,37,7,1968,2,15,VOLKSWAGEN GOLF,-1,-1,0,-1
2023141357029,2023,141357029,5,9,0,3,3,1,5,0,0,1,0,0,0,0,3,1,6,6,3,-1,-1,1984,1,11,VOLKSWAGEN GOLF,-1,-1,0,-1
2023332301240,2023,332301240,2,9,0,18,19,8,4,0,0,8,0,0,0,0,1,1,6,6,1,-1,-1,1498,8,3,VOLKSWAGEN GOLF,-1,-1,0,-1
2023131276464,2023,131276464,1,9,0,9,9,3,7,0,0,2,0,0,0,0,3,1,1,1,1,46,8,1598,2,4,VOLKSWAGEN GOLF,8,E01011889,0,-1
2023201338833,2023,201338833,2,9,0,18,19,6,2,0,0,8,0,0,0,0,1,1,1,1,2,21,5,1598,2,8,VOLKSWAGEN GOLF,1,E01010435,0,-1
2023010422750,2023,010422750,2,9,0,18,19,5,1,0,0,1,0,0,1,4,1,1,6,6,1,18,4,1598,2,12,VOLKSWAGEN GOLF,10,E01000766,0,-1
2023131307090,2023,131307090,1,9,0,17,19,5,1,0,0,0,0,0,7,11,1,1,5,6,2,20,4,1968,2,1,VOLKSWAGEN GOLF,9,E01011054,0,-1
2023052300967,2023,052300967,1,9,0,18,19,3,7,0,0,0,0,0,0,0,1,1,6,6,2,38,7,1498,1,0,VOLKSWAGEN GOLF,1,E01033765,0,-1
2023540512723,2023,540512723,4,9,0,4,4,8,4,0,0,0,0,0,0,0,2,1,2,2,1,23,5,1598,2,12,VOLKSWAGEN GOLF,8,E01032705,0,-1
2023401320237,2023,401320237,1,9,0,18,19,-1,-1,0,0,0,0,0,0,0,1,1,6,6,1,35,6,1598,2,14,VOLKSWAGEN GOLF,4,E01015723,0,-1
2023031309892,2023,031309892,1,9,0,18,19,2,6,0,0,1,0,0,0,0,1,1,6,6,1,33,6,1900,2,17,VOLKSWAGEN GOLF,1,E01019164,0,-1
2023061285769,2023,061285769,1,9,0,18,19,2,8,0,0,1,0,0,0,0,1,1,5,6,1,39,7,1390,1,14,VOLKSWAGEN GOLF,2,E01005471,0,-1
2023010448131,2023,010448131,1,9,0,18,19,1,5,0,0,0,0,0,0,0,1,1,6,6,2,37,7,1968,2,16,VOLKSWAGEN GOLF,3,E01002284,0,-1
2023231298336,2023,231298336,2,9,0,18,19,8,4,0,0,8,0,0,0,0,1,1,6,6,1,21,5,1896,2,15,VOLKSWAGEN GOLF,6,E01009614,0,-1
2023010446946,2023,010446946,2,9,0,18,19,1,5,0,0,0,0,0,0,0,2,1,6,6,1,35,6,1968,2,4,VOLKSWAGEN GOLF,1,E01033153,0,-1
2023461306234,2023,461306234,1,9,0,18,19,6,2,0,0,0,2,0,0,0,3,1,5,6,1,19,4,1395,1,9,VOLKSWAGEN GOLF,9,E01030960,0,-1
2023041352911,2023,041352911,3,9,0,18,19,7,3,0,0,0,0,0,0,0,2,1,2,2,2,46,8,1395,1,6,VOLKSWAGEN GOLF,10,E01025258,0,-1
2023010457917,2023,010457917,1,9,0,16,19,5,1,0,0,2,0,0,0,0,1,1,6,6,1,18,4,1390,1,13,VOLKSWAGEN GOLF,5,E01023575,0,-1
202360A118668,2023,60A118668,2,9,0,18,19,1,5,0,0,1,1,0,0,0,3,1,2,2,1,36,7,1968,2,15,VOLKSWAGEN GOLF,-1,-1,0,-1
2023201366769,2023,201366769,1,9,0,9,9,6,4,0,0,5,0,0,0,0,3,1,6,6,1,27,6,1968,2,7,VOLKSWAGEN GOLF,9,E01031183,0,-1
2023991264443,2023,991264443,2,9,0,18,19,8,4,0,0,0,0,0,0,0,1,1,5,6,2,32,6,2000,1,13,VOLKSWAGEN GOLF,6,-1,0,-1
2023401286987,2023,401286987,2,9,0,3,3,6,2,0,0,1,0,0,0,0,2,1,5,6,2,28,6,1395,1,8,VOLKSWAGEN GOLF,2,E01015741,0,-1
2023211333697,2023,211333697,2,9,-1,5,5,8,4,-1,-1,0,-1,-1,-1,0,-1,1,5,6,1,32,6,1984,1,9,VOLKSWAGEN GOLF,7,E01029863,0,-1
2023991282887,2023,991282887,3,9,0,18,19,7,3,0,0,0,0,0,0,0,2,1,5,6,2,57,9,1598,2,9,VOLKSWAGEN GOLF,10,-1,0,-1
202360A195164,2023,60A195164,3,9,0,18,19,6,2,0,0,0,0,0,0,0,3,1,6,6,2,42,7,1598,2,12,VOLKSWAGEN GOLF,-1,-1,0,-1
2023201439351,2023,201439351,1,9,0,6,6,6,6,0,0,0,0,0,0,0,1,1,6,6,1,24,5,1395,1,6,VOLKSWAGEN GOLF,3,E01009441,0,-1
2023320384000,2023,320384000,1,9,0,7,7,6,7,0,0,5,0,0,0,0,3,1,2,2,1,19,4,1498,8,2,VOLKSWAGEN GOLF,5,E01012635,0,-1
2023201287739,2023,201287739,2,9,0,18,19,3,7,0,0,1,0,0,0,0,1,1,6,6,3,-1,-1,1900,2,19,VOLKSWAGEN GOLF,-1,-1,0,-1
2023131307013,2023,131307013,1,9,0,18,19,3,7,0,0,6,0,0,0,0,4,1,5,6,1,19,4,1896,2,18,VOLKSWAGEN GOLF,1,E01010824,0,-1
2023440426466,2023,440426466,1,9,0,5,5,8,4,0,0,1,0,0,0,0,1,1,6,6,2,57,9,2000,1,18,VOLKSWAGEN GOLF,8,E01023080,0,-1
2023170L30483,2023,170L30483,2,9,0,18,19,3,7,0,0,0,0,0,0,0,1,1,6,6,2,24,5,1598,2,4,VOLKSWAGEN GOLF,2,E01012318,0,-1
2023471279031,2023,471279031,1,9,0,9,9,5,1,0,0,0,0,0,0,0,0,1,1,1,1,37,7,1395,1,6,VOLKSWAGEN GOLF,9,E01031391,0,-1
2023131361740,2023,131361740,2,9,0,9,9,5,7,0,0,2,0,0,0,0,-1,1,6,6,3,-1,-1,1984,1,6,VOLKSWAGEN GOLF,-1,-1,0,-1
2023131318134,2023,131318134,1,9,0,18,19,3,7,0,0,0,1,10,1,2,1,1,5,6,1,20,4,1598,2,13,VOLKSWAGEN GOLF,1,E01010826,0,-1
2023010451269,2023,010451269,2,9,0,18,19,7,3,0,0,1,1,0,0,0,1,1,2,2,1,24,5,1598,2,5,VOLKSWAGEN GOLF,3,E01000222,0,-1
2023010476132,2023,010476132,1,9,0,17,19,5,3,0,0,4,0,7,3,10,1,1,6,6,1,28,6,1598,2,5,VOLKSWAGEN GOLF,-1,-1,0,-1
2023451350102,2023,451350102,2,9,0,18,19,1,5,0,0,0,0,0,0,0,1,1,5,6,1,58,9,999,1,5,VOLKSWAGEN GOLF,7,E01000258,0,-1
2023161315596,2023,161315596,2,9,0,18,19,3,7,0,0,8,0,0,0,0,1,1,6,6,1,29,6,1968,2,16,VOLKSWAGEN GOLF,3,E01013272,0,-1
2023461288605,2023,461288605,2,9,0,4,4,5,1,0,0,0,0,0,0,0,2,1,6,6,1,45,7,1984,1,15,VOLKSWAGEN GOLF,3,E01024280,0,-1
2023131353368,2023,131353368,1,9,0,-1,-1,-1,-1,-1,-1,0,-1,-1,-1,-1,1,1,6,6,1,40,7,1984,1,3,VOLKSWAGEN GOLF,3,E01011477,0,-1
2023991300628,2023,991300628,1,9,0,18,19,3,7,0,0,1,0,0,0,0,4,1,6,6,3,30,6,1598,2,8,VOLKSWAGEN GOLF,-1,-1,0,-1
2023622300189,2023,622300189,2,9,0,18,19,1,5,0,0,0,2,0,1,10,1,1,1,1,1,32,6,1598,2,10,VOLKSWAGEN GOLF,4,W01001178,0,-1
2023010442445,2023,010442445,1,9,0,99,99,9,9,99,99,9,9,99,9,99,4,9,6,6,1,33,6,999,1,4,VOLKSWAGEN GOLF,3,E01004336,0,-1
2023010428768,2023,010428768,1,9,0,99,99,9,9,99,99,9,9,99,9,99,1,9,6,6,1,85,11,1598,1,22,VOLKSWAGEN GOLF,6,E01001990,0,-1
2023031391568,2023,031391568,1,9,0,18,19,3,6,0,0,0,0,0,0,0,1,1,5,6,1,19,4,1968,2,8,VOLKSWAGEN GOLF,1,E01019267,0,-1
2023101360455,2023,101360455,2,9,0,2,2,7,3,0,0,0,0,0,0,0,3,1,5,6,2,28,6,1598,2,12,VOLKSWAGEN GOLF,3,E01008432,0,-1
2023010461034,2023,010461034,1,9,0,7,7,5,8,0,0,0,0,0,0,0,1,1,6,6,1,29,6,1600,1,19,VOLKSWAGEN GOLF,3,E01000336,0,-1
2023440261115,2023,440261115,2,9,0,2,2,0,0,0,0,0,0,0,0,0,3,1,6,6,1,31,6,1900,2,17,VOLKSWAGEN GOLF,10,E01022688,0,-1
2023131348640,2023,131348640,1,9,0,15,15,3,7,0,0,0,0,0,0,0,1,1,6,6,3,-1,-1,1896,2,15,VOLKSWAGEN GOLF,-1,-1,0,-1
2023461379272,2023,461379272,1,9,0,18,19,7,3,0,0,0,0,0,0,0,4,1,6,6,1,54,8,1896,2,16,VOLKSWAGEN GOLF,10,E01024745,0,-1
2023302301439,2023,302301439,2,9,0,18,19,7,3,0,0,1,0,0,0,0,3,1,6,6,2,24,5,1896,2,16,VOLKSWAGEN GOLF,1,E01013570,0,-1
2023061398363,2023,061398363,1,9,0,18,19,3,7,0,0,4,0,0,1,0,4,1,6,6,1,78,11,1498,1,2,VOLKSWAGEN GOLF,1,E01006648,0,-1
2023010432992,2023,010432992,1,9,0,18,19,5,1,0,0,1,0,7,0,0,1,1,6,6,2,23,5,1595,1,14,VOLKSWAGEN GOLF,4,E01004417,0,-1
2023440501422,2023,440501422,2,9,0,5,5,3,7,0,0,8,0,0,0,0,1,1,6,6,3,-1,-1,1598,2,10,VOLKSWAGEN GOLF,10,E01022794,0,-1
2023471297004,2023,471297004,1,9,0,9,9,7,4,0,0,8,0,0,0,0,3,1,5,6,1,76,11,1390,1,12,VOLKSWAGEN GOLF,8,E01021147,0,-1
2023461377933,2023,461377933,1,9,0,18,19,3,5,0,0,2,0,0,0,0,1,1,6,6,1,28,6,999,1,0,VOLKSWAGEN GOLF,7,E01024790,0,-1
2023061373807,2023,061373807,1,9,0,12,12,1,3,0,0,0,0,0,0,0,3,1,6,6,1,28,6,1598,2,3,VOLKSWAGEN GOLF,-1,-1,0,-1
2023010460633,2023,010460633,1,9,0,1,1,7,3,0,0,0,0,0,0,0,1,2,6,6,3,24,5,1600,1,18,VOLKSWAGEN GOLF,-1,-1,0,-1
2023371381618,2023,371381618,1,9,0,18,19,-1,-1,0,0,3,0,0,0,0,3,1,6,6,1,65,9,1498,1,1,VOLKSWAGEN GOLF,7,E01021378,0,-1
2023010443759,2023,010443759,1,9,0,99,99,9,9,99,99,9,9,99,9,99,9,9,6,6,1,24,5,1390,1,13,VOLKSWAGEN GOLF,3,E01003602,0,-1
2023131348691,2023,131348691,1,9,0,13,13,1,5,0,0,8,0,0,0,0,1,1,5,6,1,20,4,1598,2,10,VOLKSWAGEN GOLF,7,E01011569,0,-1
2023552300530,2023,552300530,2,9,0,17,19,8,5,0,0,0,0,0,0,0,1,1,6,6,1,74,10,1968,2,13,VOLKSWAGEN GOLF,5,E01020460,0,-1
2023010420241,2023,010420241,1,9,0,18,19,1,5,0,0,1,0,0,0,0,1,1,6,6,1,27,6,1968,2,15,VOLKSWAGEN GOLF,3,E01000368,0,-1
2023010483495,2023,010483495,2,9,0,5,5,4,8,0,0,4,0,0,0,0,1,1,1,1,1,23,5,1598,1,16,VOLKSWAGEN GOLF,3,E01003785,0,-1
2023421292280,2023,421292280,2,9,0,4,4,5,1,0,0,0,0,0,0,0,2,1,6,6,2,28,6,1598,2,11,VOLKSWAGEN GOLF,7,E01021722,0,-1
2023361281026,2023,361281026,2,9,0,18,19,5,1,0,0,1,0,0,0,0,1,1,6,6,1,20,4,1598,2,8,VOLKSWAGEN GOLF,7,E01008434,0,-1
2023122301225,2023,122301225,1,9,0,9,9,3,7,0,0,6,0,0,0,0,1,1,6,6,1,48,8,1395,1,8,VOLKSWAGEN GOLF,10,E01006098,0,-1
2023071191610,2023,071191610,5,9,0,4,4,2,6,0,0,0,0,0,0,0,1,1,6,6,1,28,6,1598,1,18,VOLKSWAGEN GOLF,2,E01017707,0,-1
2023061334247,2023,061334247,1,9,0,18,19,7,3,0,0,0,0,0,0,0,1,1,5,6,1,22,5,1598,2,12,VOLKSWAGEN GOLF,3,E01010835,0,-1
2023010478609,2023,010478609,1,9,0,4,4,1,5,0,0,0,0,0,0,0,2,1,6,6,2,47,8,1598,2,4,VOLKSWAGEN GOLF,6,E01001070,0,-1
2023231285243,2023,231285243,2,9,0,18,19,6,2,0,0,8,0,0,0,0,1,1,6,6,1,51,8,1598,2,13,VOLKSWAGEN GOLF,2,E01031119,0,-1
2023131265125,2023,131265125,1,9,0,14,14,3,7,0,0,8,0,4,0,0,1,1,5,6,1,26,6,1598,2,9,VOLKSWAGEN GOLF,6,E01011026,0,-1
2023010458510,2023,010458510,1,9,0,18,19,1,5,0,0,1,0,0,0,0,1,1,6,6,1,37,7,1395,1,6,VOLKSWAGEN GOLF,6,E01029524,0,-1
2023010466830,2023,010466830,1,9,0,2,2,0,0,0,0,6,0,0,0,0,1,1,6,6,3,-1,-1,1968,2,12,VOLKSWAGEN GOLF,-1,-1,0,-1
2023010462161,2023,010462161,2,9,0,18,19,7,3,0,0,0,0,4,0,0,3,1,6,6,3,-1,-1,1390,1,12,VOLKSWAGEN GOLF,-1,-1,0,-1
2023061302112,2023,061302112,2,9,0,9,9,5,1,9,9,5,1,0,0,0,1,1,5,6,1,24,5,1968,2,7,VOLKSWAGEN GOLF,-1,-1,0,-1
2023421302668,2023,421302668,1,9,0,17,19,7,3,0,0,0,2,0,1,0,1,1,6,6,3,16,4,1968,2,10,VOLKSWAGEN GOLF,-1,-1,0,-1
2023451313519,2023,451313519,1,9,0,18,19,2,4,0,0,8,0,0,0,0,1,1,5,6,2,51,8,1395,8,8,VOLKSWAGEN GOLF,10,E01031002,0,-1
2023010466783,2023,010466783,2,9,0,13,13,1,5,0,0,1,0,0,0,0,3,1,1,1,2,39,7,1984,1,2,VOLKSWAGEN GOLF,7,E01003199,0,-1
2023010429301,2023,010429301,3,9,0,3,3,5,1,0,0,1,0,0,0,0,2,1,6,6,1,64,9,1498,1,1,VOLKSWAGEN GOLF,6,E01000581,0,-1
2023522401062,2023,522401062,1,9,0,14,14,4,8,0,0,8,0,0,0,0,4,1,6,6,1,-1,-1,1395,1,8,VOLKSWAGEN GOLF,-1,-1,0,-1
2023531419643,2023,531419643,1,9,0,18,19,4,8,0,0,0,0,0,0,0,3,1,2,2,2,64,9,1896,2,16,VOLKSWAGEN GOLF,6,E01022268,0,-1
2023111266873,2023,111266873,2,9,0,18,19,8,4,0,0,1,0,0,0,0,1,1,6,6,1,31,6,1498,1,0,VOLKSWAGEN GOLF,6,E01012331,0,-1
2023421367204,2023,421367204,2,9,0,18,19,4,8,0,0,1,0,0,0,0,2,1,2,2,1,59,9,1598,2,12,VOLKSWAGEN GOLF,10,E01021455,0,-1
2023010485163,2023,010485163,2,9,0,99,99,9,9,99,99,9,9,99,9,99,1,9,6,6,3,-1,-1,1498,1,5,VOLKSWAGEN GOLF,-1,-1,0,-1
2023430462672,2023,430462672,2,9,0,3,3,1,5,0,0,1,0,0,0,0,2,1,6,6,1,67,10,1498,1,1,VOLKSWAGEN GOLF,2,E01032464,0,-1
2023991266474,2023,991266474,1,9,0,18,19,8,4,0,0,0,0,0,0,0,1,1,5,6,2,65,9,1968,2,9,VOLKSWAGEN GOLF,5,-1,0,-1
2023131384366,2023,131384366,2,9,0,5,5,0,5,0,0,1,0,0,0,0,1,1,5,6,1,31,6,1968,2,5,VOLKSWAGEN GOLF,2,E01011041,0,-1
2023991281346,2023,991281346,1,9,0,13,13,3,6,0,0,0,0,0,0,0,1,1,2,2,1,34,6,1896,2,15,VOLKSWAGEN GOLF,1,-1,0,-1
2023131327017,2023,131327017,2,9,0,14,14,1,5,0,0,0,0,0,0,0,4,1,5,6,1,28,6,1984,1,4,VOLKSWAGEN GOLF,2,E01011502,0,-1
2023231351136,2023,231351136,1,9,0,18,19,8,4,0,0,2,0,0,1,11,1,1,5,6,1,30,6,1197,1,12,VOLKSWAGEN GOLF,3,E01009619,0,-1
2023201418068,2023,201418068,2,9,0,3,3,2,6,0,0,0,0,0,0,0,2,1,3,7,1,32,6,1498,1,1,VOLKSWAGEN GOLF,1,E01010273,0,-1
2023501372084,2023,501372084,3,9,0,2,2,0,0,6,6,0,0,0,0,0,3,1,6,6,3,-1,-1,1896,2,16,VOLKSWAGEN GOLF,-1,-1,0,-1
2023131362976,2023,131362976,2,9,0,18,19,3,7,0,0,1,0,0,0,0,1,1,6,6,3,27,6,1984,1,5,VOLKSWAGEN GOLF,1,E01010679,0,-1
2023481388184,2023,481388184,1,9,0,18,19,5,1,0,0,2,0,0,0,0,4,1,6,6,1,26,6,1498,1,4,VOLKSWAGEN GOLF,-1,-1,0,-1
2023361265091,2023,361265091,1,9,0,18,19,7,3,0,0,1,0,0,0,0,1,1,2,2,1,17,4,2000,2,16,VOLKSWAGEN GOLF,9,E01018054,0,-1
2023371362925,2023,371362925,2,9,0,17,19,7,3,0,0,0,0,0,0,0,3,1,5,6,2,27,6,1600,1,18,VOLKSWAGEN GOLF,7,E01029937,0,-1
2023231357676,2023,231357676,2,9,0,18,19,7,3,0,0,1,0,0,0,0,4,1,6,6,2,65,9,1968,2,9,VOLKSWAGEN GOLF,6,E01031084,0,-1
2023302301173,2023,302301173,1,9,0,18,19,2,6,0,0,0,0,0,0,0,3,1,6,6,2,25,5,1968,2,18,VOLKSWAGEN GOLF,6,E01019524,0,-1
2023440116226,2023,440116226,2,9,0,18,19,2,6,0,0,0,0,0,0,0,3,1,6,6,1,37,7,1968,2,11,VOLKSWAGEN GOLF,3,E01015293,0,-1
2023131379188,2023,131379188,1,9,0,18,19,3,1,0,0,0,0,0,0,0,1,1,6,6,3,-1,-1,1968,2,5,VOLKSWAGEN GOLF,-1,-1,0,-1
2023311313064,2023,311313064,1,9,0,3,3,0,3,6,6,1,0,0,0,0,0,1,6,6,1,55,8,1395,8,2,VOLKSWAGEN GOLF,7,E01026333,0,-1
2023501331520,2023,501331520,1,9,0,8,8,6,2,0,0,8,0,0,0,0,1,1,5,6,1,66,10,1968,2,13,VOLKSWAGEN GOLF,7,E01020156,0,-1
2023522301642,2023,522301642,3,9,0,2,2,0,0,0,0,0,0,0,0,0,3,1,6,6,3,-1,-1,1896,2,20,VOLKSWAGEN GOLF,-1,-1,0,-1
2023071244123,2023,071244123,1,9,0,13,13,8,4,0,0,0,1,0,8,4,1,1,6,6,1,27,6,1984,1,9,VOLKSWAGEN GOLF,6,E01018736,0,-1
2023010438136,2023,010438136,2,9,0,9,9,1,8,0,0,8,0,0,0,0,1,1,6,6,1,79,11,1968,2,7,VOLKSWAGEN GOLF,10,E01004114,0,-1
2023302300256,2023,302300256,1,9,0,18,19,8,4,0,0,0,0,0,0,0,1,1,6,6,1,23,5,2000,2,17,VOLKSWAGEN GOLF,8,E01013526,0,-1
2023340WN0022,2023,340WN0022,1,9,0,18,19,5,1,0,0,0,1,0,8,1,1,1,6,6,2,25,5,1984,1,3,VOLKSWAGEN GOLF,8,E01027297,0,-1
2023141320886,2023,141320886,2,9,0,7,7,7,3,0,0,3,0,0,0,0,1,1,3,7,2,56,9,1968,2,7,VOLKSWAGEN GOLF,3,E01007667,0,-1
2023440215748,2023,440215748,2,9,0,18,19,8,4,0,0,3,0,0,0,0,4,1,6,6,1,-1,-1,1395,1,6,VOLKSWAGEN GOLF,-1,-1,0,-1
2023201371803,2023,201371803,2,9,0,9,9,7,4,0,0,6,1,10,1,0,3,1,2,2,1,34,6,1968,2,8,VOLKSWAGEN GOLF,1,E01009979,0,-1
202360A037140,2023,60A037140,1,9,0,18,19,7,3,0,0,1,0,0,7,0,1,1,6,6,1,-1,-1,1968,2,14,VOLKSWAGEN GOLF,-1,-1,0,-1
2023010485570,2023,010485570,2,9,0,99,99,9,9,99,99,9,9,99,9,99,9,9,6,6,3,-1,-1,1968,2,5,VOLKSWAGEN GOLF,-1,-1,0,-1
2023471368183,2023,471368183,1,9,0,18,19,1,5,0,0,1,0,0,0,0,1,1,2,2,1,23,5,1968,2,2,VOLKSWAGEN GOLF,8,E01033088,0,-1
2023430298285,2023,430298285,1,9,0,18,19,4,8,0,0,0,1,0,1,6,2,1,2,2,2,55,8,1498,1,4,VOLKSWAGEN GOLF,10,E01017785,0,-1
2023451332913,2023,451332913,2,9,0,18,19,4,4,0,0,0,0,0,0,0,1,1,5,6,1,82,11,1390,1,12,VOLKSWAGEN GOLF,10,E01030443,0,-1
2023451312023,2023,451312023,2,9,0,18,19,5,5,0,0,0,0,0,0,0,1,1,6,6,1,27,6,1600,1,19,VOLKSWAGEN GOLF,7,E01030594,0,-1
2023531379348,2023,531379348,2,9,0,4,4,5,1,0,0,0,0,0,0,0,2,1,2,2,1,26,6,1968,2,9,VOLKSWAGEN GOLF,7,E01022373,0,-1
2023052301370,2023,052301370,2,9,0,18,19,7,3,0,0,8,0,0,0,0,3,1,6,6,2,59,9,1498,8,2,VOLKSWAGEN GOLF,7,E01007084,0,-1
2023332300153,2023,332300153,1,9,0,18,19,5,1,0,0,8,0,0,0,0,1,1,6,6,1,40,7,1598,2,11,VOLKSWAGEN GOLF,1,E01027965,0,-1
2023111290873,2023,111290873,1,9,0,18,19,1,5,9,9,0,0,0,0,0,1,1,6,6,1,60,9,1390,1,12,VOLKSWAGEN GOLF,6,E01012317,0,-1
2023440455652,2023,440455652,1,9,0,9,9,4,2,0,0,6,0,0,0,0,4,1,6,6,2,69,10,1390,1,15,VOLKSWAGEN GOLF,8,E01022991,0,-1
2023131353386,2023,131353386,1,9,0,18,19,8,4,0,0,0,0,0,0,0,1,1,5,6,1,30,6,1984,1,4,VOLKSWAGEN GOLF,4,E01011647,0,-1
2023061280699,2023,061280699,1,9,0,9,9,5,7,0,0,1,0,0,0,0,1,1,6,6,1,36,7,1598,2,10,VOLKSWAGEN GOLF,4,E01006280,0,-1
2023471327347,2023,471327347,5,9,0,18,19,3,7,0,0,2,0,0,0,0,3,1,5,6,1,42,7,1395,8,1,VOLKSWAGEN GOLF,10,E01031805,0,-1
2023531291390,2023,531291390,3,9,0,18,19,3,7,0,0,0,1,0,0,0,4,1,1,1,1,22,5,1968,2,8,VOLKSWAGEN GOLF,5,E01022420,0,-1
2023201415523,2023,201415523,2,9,-1,-1,-1,-1,-1,-1,-1,-1,-1,-1,-1,0,-1,1,3,7,2,22,5,1984,1,15,VOLKSWAGEN GOLF,2,E01014279,0,-1
2023101298942,2023,101298942,1,9,0,6,6,6,2,0,0,0,0,0,0,0,3,1,2,2,1,48,8,1968,2,12,VOLKSWAGEN GOLF,7,E01027434,0,-1
2023131302531,2023,131302531,3,9,0,18,19,3,7,0,0,1,0,0,0,0,1,1,5,6,1,40,7,1498,1,3,VOLKSWAGEN GOLF,5,E01011831,0,-1
2023451294071,2023,451294071,2,9,0,18,19,4,2,0,0,1,0,0,0,0,3,1,5,6,1,17,4,1390,1,16,VOLKSWAGEN GOLF,5,E01030983,0,-1
2023131356225,2023,131356225,1,9,0,18,19,1,1,0,0,8,0,2,0,0,1,1,5,6,1,19,4,1600,2,13,VOLKSWAGEN GOLF,1,E01010720,0,-1
2023201413538,2023,201413538,2,9,0,3,3,2,3,0,0,1,0,0,0,0,4,1,6,6,1,56,9,1390,1,12,VOLKSWAGEN GOLF,1,E01009893,0,-1
2023451363453,2023,451363453,1,9,0,18,19,3,1,0,0,1,0,0,0,0,1,1,2,2,2,47,8,1968,2,15,VOLKSWAGEN GOLF,10,E01030919,0,-1
2023041393726,2023,041393726,2,9,0,8,8,7,3,0,0,4,0,0,0,0,2,1,5,6,1,49,8,1968,2,16,VOLKSWAGEN GOLF,4,E01012607,0,-1
2023332300339,2023,332300339,1,9,0,11,11,6,2,0,0,8,0,0,0,0,2,1,1,1,1,36,7,2000,2,19,VOLKSWAGEN GOLF,2,E01013768,0,-1
2023131266116,2023,131266116,2,9,0,18,19,7,3,0,0,0,0,0,0,0,1,1,5,6,2,21,5,1968,2,14,VOLKSWAGEN GOLF,1,E01010702,0,-1
2023131275127,2023,131275127,1,9,0,18,19,-1,-1,0,0,0,0,0,0,0,-1,1,6,6,3,-1,-1,2000,1,17,VOLKSWAGEN GOLF,-1,-1,0,-1
2023501345620,2023,501345620,1,9,0,18,19,7,4,0,0,0,0,0,0,0,1,1,6,6,2,35,6,1598,2,12,VOLKSWAGEN GOLF,7,E01015038,0,-1
2023010439007,2023,010439007,2,9,0,10,10,1,6,0,0,1,0,0,0,0,2,1,6,6,1,41,7,1390,1,11,VOLKSWAGEN GOLF,4,E01000801,0,-1
2023101370061,2023,101370061,1,9,0,18,19,1,4,0,0,0,0,0,7,0,1,1,6,6,1,53,8,1598,2,9,VOLKSWAGEN GOLF,1,E01008743,0,-1
2023131304948,2023,131304948,2,9,0,13,13,3,7,0,0,0,0,0,0,0,1,1,6,6,3,-1,-1,1598,2,10,VOLKSWAGEN GOLF,-1,-1,0,-1
2023041334576,2023,041334576,2,9,0,2,2,0,0,9,9,0,1,4,0,0,2,1,6,6,3,-1,-1,1598,1,20,VOLKSWAGEN GOLF,-1,-1,0,-1
2023161359889,2023,161359889,1,9,0,9,9,8,4,0,0,0,0,0,0,0,2,1,5,6,2,51,8,1395,1,8,VOLKSWAGEN GOLF,4,E01013049,0,-1
2023471347345,2023,471347345,3,9,0,17,19,6,3,0,0,0,0,0,0,0,0,1,6,6,1,31,6,1984,1,9,VOLKSWAGEN GOLF,9,E01024834,0,-1
2023161309572,2023,161309572,2,9,0,18,19,2,6,0,0,1,0,0,0,0,1,1,2,2,1,54,8,2000,2,16,VOLKSWAGEN GOLF,9,E01013172,0,-1
2023010460121,2023,010460121,1,9,0,99,99,9,9,99,99,9,9,99,9,99,2,9,6,6,2,44,7,1395,1,5,VOLKSWAGEN GOLF,3,E01002120,0,-1
2023430117120,2023,430117120,2,9,0,9,9,6,4,0,0,5,0,0,0,0,3,1,6,6,1,30,6,1498,1,4,VOLKSWAGEN GOLF,10,E01017786,0,-1
2023501285671,2023,501285671,2,9,0,9,9,5,7,0,0,1,0,0,0,0,1,1,6,6,2,25,5,1984,1,4,VOLKSWAGEN GOLF,8,E01020146,0,-1
2023010424542,2023,010424542,1,9,0,5,5,5,1,0,0,8,0,0,0,0,1,1,1,1,1,42,7,1781,1,21,VOLKSWAGEN GOLF,8,E01000774,0,-1
2023522300197,2023,522300197,2,9,0,2,2,0,0,0,0,0,0,0,0,0,3,1,6,6,1,-1,-1,1598,1,16,VOLKSWAGEN GOLF,-1,-1,0,-1
2023451315762,2023,451315762,2,9,0,6,6,5,1,0,0,0,0,0,0,0,1,1,6,6,1,26,6,1598,1,16,VOLKSWAGEN GOLF,3,E01030362,0,-1
2023440284490,2023,440284490,2,9,0,18,19,8,4,0,0,1,0,0,0,0,1,1,6,6,1,24,5,1598,2,12,VOLKSWAGEN GOLF,9,E01022787,0,-1
2023010448701,2023,010448701,1,9,0,99,99,9,9,99,99,9,9,99,9,99,9,9,2,2,1,46,8,1968,2,4,VOLKSWAGEN GOLF,5,E01028456,0,-1
2023131362255,2023,131362255,2,9,0,18,19,1,1,0,0,0,0,0,0,0,2,1,6,6,1,21,5,1598,2,10,VOLKSWAGEN GOLF,1,E01010731,0,-1
2023440170477,2023,440170477,3,9,0,18,19,2,6,0,0,0,0,0,1,0,0,1,6,6,1,31,6,1968,2,14,VOLKSWAGEN GOLF,10,E01032854,0,-1