collision_index,collision_year,collision_ref_no,vehicle_reference,vehicle_type,towing_and_articulation,vehicle_manoeuvre_historic,vehicle_manoeuvre,vehicle_direction_from,vehicle_direction_to,vehicle_location_restricted_lane_historic,vehicle_location_restricted_lane,junction_location,skidding_and_overturning,hit_object_in_carriageway,vehicle_leaving_carriageway,hit_object_off_carriageway,first_point_of_impact,vehicle_left_hand_drive,journey_purpose_of_driver_historic,journey_purpose_of_driver,sex_of_driver,age_of_driver,age_band_of_driver,engine_capacity_cc,propulsion_code,age_of_vehicle,generic_make_model,driver_imd_decile,lsoa_of_driver,escooter_flag,driver_distance_banding
2023010463936,2023,010463936,2,9,0,15,15,2,6,2,2,1,0,0,0,0,3,1,6,6,3,-1,-1,1598,2,7,VOLKSWAGEN GOLF,-1,-1,0,-1
2023531283269,2023,531283269,1,9,0,18,19,2,5,0,0,8,5,0,3,3,1,1,5,6,1,80,11,1598,2,13,VOLKSWAGEN GOLF,9,E01022100,0,-1
2023991343600,2023,991343600,1,9,0,18,19,5,1,0,0,1,0,0,0,0,1,1,6,6,1,25,5,1984,1,4,VOLKSWAGEN GOLF,3,-1,0,-1
2023302300088,2023,302300088,2,9,0,18,19,6,2,0,0,0,0,0,0,0,2,1,6,6,1,43,7,1600,2,13,VOLKSWAGEN GOLF,2,E01029409,0,-1
2023131327132,2023,131327132,2,9,0,10,10,5,1,0,0,0,0,0,0,0,3,1,2,2,1,34,6,1498,1,5,VOLKSWAGEN GOLF,1,E01011316,0,-1
2023411382377,2023,411382377,2,9,0,15,15,2,6,0,0,0,0,0,0,0,1,1,5,6,1,19,4,1390,1,13,VOLKSWAGEN GOLF,4,E01023738,0,-1
2023520400090,2023,520400090,1,9,0,18,19,8,4,0,0,0,0,7,7,11,1,1,6,6,1,47,8,1968,2,17,VOLKSWAGEN GOLF,5,E01029268,0,-1
2023231398224,2023,231398224,1,9,0,13,13,2,6,0,0,1,0,0,0,0,1,1,6,6,3,34,6,1395,1,10,VOLKSWAGEN GOLF,-1,-1,0,-1
2023131384627,2023,131384627,1,9,0,-1,-1,-1,-1,-1,-1,0,-1,-1,-1,0,-1,1,5,6,1,34,6,1968,2,10,VOLKSWAGEN GOLF,5,E01011233,0,-1
2023041285740,2023,041285740,1,9,0,18,19,3,7,0,0,4,0,0,0,0,4,1,6,6,2,45,7,1395,1,6,VOLKSWAGEN GOLF,4,E01025213,0,-1
2023131372267,2023,131372267,1,9,0,3,3,3,7,0,0,0,0,0,0,0,3,1,6,6,1,71,10,1598,2,10,VOLKSWAGEN GOLF,1,E01010838,0,-1
2023041293013,2023,041293013,1,9,0,18,19,5,1,0,0,0,0,0,0,0,1,1,6,6,1,24,5,2000,2,19,VOLKSWAGEN GOLF,2,E01012579,0,-1
2023201420214,2023,201420214,1,9,0,18,19,1,5,0,0,0,0,0,0,0,1,1,6,6,2,-1,-1,1984,1,4,VOLKSWAGEN GOLF,-1,-1,0,-1
2023061286886,2023,061286886,2,9,0,9,9,-1,-1,0,0,-1,-1,1,1,0,4,1,6,6,1,41,7,1197,1,11,VOLKSWAGEN GOLF,4,E01025276,0,-1
2023361382290,2023,361382290,1,9,0,5,5,3,7,0,0,6,0,0,7,11,3,1,5,6,1,18,4,1968,2,10,VOLKSWAGEN GOLF,8,E01026930,0,-1
2023622300033,2023,622300033,1,9,0,16,19,8,2,0,0,1,1,10,2,2,3,1,2,2,1,22,5,1896,2,21,VOLKSWAGEN GOLF,4,W01001149,0,-1
2023221371075,2023,221371075,2,9,0,9,9,5,3,0,0,6,0,0,0,0,1,1,6,6,1,57,9,1395,8,3,VOLKSWAGEN GOLF,9,E01032341,0,-1
2023161381820,2023,161381820,2,9,0,2,2,0,0,9,9,2,1,0,1,9,4,1,6,6,1,33,6,1395,8,0,VOLKSWAGEN GOLF,6,E01012979,0,-1
2023371390361,2023,371390361,2,9,0,18,19,6,2,0,0,0,0,0,0,0,1,1,6,6,2,70,10,1598,2,7,VOLKSWAGEN GOLF,8,E01030145,0,-1
2023302301670,2023,302301670,1,9,0,9,9,8,6,0,0,8,0,0,0,0,3,1,6,6,1,34,6,1598,2,7,VOLKSWAGEN GOLF,8,E01013580,0,-1
2023531352379,2023,531352379,1,9,0,5,5,3,7,0,0,0,0,0,0,0,1,1,6,6,1,47,8,1498,1,3,VOLKSWAGEN GOLF,9,E01022139,0,-1
2023461284956,2023,461284956,2,9,0,18,19,5,1,0,0,0,0,0,0,0,3,1,2,2,1,24,5,1498,1,3,VOLKSWAGEN GOLF,1,E01004304,0,-1
2023010446783,2023,010446783,1,9,0,14,14,5,1,0,0,1,0,4,0,0,1,1,6,6,1,67,10,1598,2,11,VOLKSWAGEN GOLF,2,E01002316,0,-1
2023622300541,2023,622300541,2,9,0,18,19,6,2,0,0,1,0,0,0,0,2,1,6,6,2,39,7,1598,2,12,VOLKSWAGEN GOLF,3,W01001312,0,-1
2023461394719,2023,461394719,2,9,0,18,19,4,8,0,0,0,0,0,0,0,1,1,6,6,2,23,5,1896,2,15,VOLKSWAGEN GOLF,2,E01016160,0,-1
2023201344940,2023,201344940,1,9,0,18,19,7,3,0,0,6,0,0,0,0,1,1,6,6,1,38,7,1598,2,12,VOLKSWAGEN GOLF,2,E01009641,0,-1
2023070426765,2023,070426765,1,9,0,12,12,4,8,6,6,0,0,0,0,0,3,1,6,6,1,38,7,1598,2,9,VOLKSWAGEN GOLF,1,E01005081,0,-1
2023401298838,2023,401298838,2,9,0,18,19,8,4,0,0,1,0,2,0,0,1,1,5,6,1,86,11,1900,2,23,VOLKSWAGEN GOLF,7,E01017491,0,-1
2023430262444,2023,430262444,1,9,0,18,19,5,1,0,0,0,0,0,0,0,1,1,6,6,2,20,4,1395,1,6,VOLKSWAGEN GOLF,-1,-1,0,-1
2023401274676,2023,401274676,2,9,0,18,19,5,1,0,0,8,0,0,0,0,4,1,5,6,1,79,11,1896,2,19,VOLKSWAGEN GOLF,5,E01010431,0,-1
2023010463432,2023,010463432,1,9,0,18,19,5,1,9,9,8,0,10,1,0,1,1,6,6,2,22,5,1598,1,16,VOLKSWAGEN GOLF,3,E01003431,0,-1
2023440470333,2023,440470333,1,9,0,18,19,2,6,0,0,1,0,0,0,0,1,1,6,6,2,30,6,1598,2,8,VOLKSWAGEN GOLF,4,E01017071,0,-1
2023361380617,2023,361380617,1,9,0,18,19,7,3,0,0,0,5,0,0,0,1,1,5,6,1,69,10,1600,1,17,VOLKSWAGEN GOLF,5,E01026645,0,-1
2023332301248,2023,332301248,2,9,0,18,19,2,6,0,0,0,0,0,0,0,1,1,6,6,2,41,7,1984,1,0,VOLKSWAGEN GOLF,10,E01031157,0,-1
2023041353055,2023,041353055,1,9,0,17,19,3,7,0,0,0,2,0,2,10,1,1,6,6,1,20,4,1984,1,2,VOLKSWAGEN GOLF,1,E01025182,0,-1
2023461311013,2023,461311013,1,9,0,4,4,8,5,0,0,0,0,0,0,0,2,1,6,6,1,39,7,1968,2,16,VOLKSWAGEN GOLF,9,E01023999,0,-1
2023010457168,2023,010457168,1,9,0,99,99,9,9,99,99,9,9,99,9,99,3,9,6,6,1,60,9,1968,2,16,VOLKSWAGEN GOLF,2,E01001745,0,-1
2023131318273,2023,131318273,2,9,0,9,9,5,3,0,0,0,0,0,0,0,4,1,5,6,1,30,6,1968,2,7,VOLKSWAGEN GOLF,5,E01013530,0,-1
2023010448092,2023,010448092,1,9,0,18,19,1,5,0,0,8,0,10,0,0,1,1,6,6,1,23,5,1598,1,15,VOLKSWAGEN GOLF,2,E01003593,0,-1
2023041339618,2023,041339618,3,9,0,18,19,3,7,0,0,1,0,0,0,0,2,1,6,6,3,-1,-1,1896,2,20,VOLKSWAGEN GOLF,-1,-1,0,-1
2023461356773,2023,461356773,5,9,0,2,2,0,0,0,0,0,0,0,0,0,1,1,6,6,1,-1,-1,1900,2,24,VOLKSWAGEN GOLF,2,E01024247,0,-1
2023061335644,2023,061335644,2,9,-1,-1,-1,-1,-1,-1,-1,0,-1,-1,-1,0,-1,1,6,6,2,-1,-1,999,1,4,VOLKSWAGEN GOLF,4,E01005630,0,-1
2023131338897,2023,131338897,2,9,0,18,19,7,3,0,0,8,0,0,0,0,1,1,5,6,1,38,7,1598,2,11,VOLKSWAGEN GOLF,3,E01010835,0,-1
2023340WN1062,2023,340WN1062,3,9,0,3,3,8,4,0,0,2,0,0,0,0,2,1,2,2,1,37,7,1598,2,8,VOLKSWAGEN GOLF,2,E01015794,0,-1
2023010468058,2023,010468058,2,9,0,9,9,4,3,0,0,2,0,0,0,0,1,1,6,6,1,30,6,1598,2,7,VOLKSWAGEN GOLF,2,E01002049,0,-1
2023052300348,2023,052300348,1,9,0,18,19,1,5,0,0,0,0,0,0,0,1,1,6,6,1,18,4,1600,2,13,VOLKSWAGEN GOLF,10,E01007186,0,-1
2023421346856,2023,421346856,1,9,0,13,13,5,1,0,0,0,0,0,0,0,1,1,2,2,1,22,5,999,1,5,VOLKSWAGEN GOLF,7,E01003675,0,-1
2023141392074,2023,141392074,1,9,0,17,19,5,1,0,0,0,0,11,0,0,1,1,1,1,1,25,5,1968,2,13,VOLKSWAGEN GOLF,1,E01007628,0,-1
2023010478698,2023,010478698,2,9,0,99,99,9,9,99,99,0,9,99,9,99,1,9,6,6,3,-1,-1,2000,1,18,VOLKSWAGEN GOLF,-1,-1,0,-1
2023552300203,2023,552300203,2,9,0,4,4,7,3,0,0,0,0,0,0,0,2,1,1,1,1,27,6,1968,2,12,VOLKSWAGEN GOLF,9,E01015323,0,-1
2023031319476,2023,031319476,1,9,-1,4,4,3,7,-1,-1,-1,-1,-1,-1,0,3,1,1,1,1,31,6,1968,2,15,VOLKSWAGEN GOLF,-1,-1,0,-1
2023010469092,2023,010469092,2,9,0,18,19,3,7,0,0,1,0,0,0,0,2,1,6,6,1,53,8,1390,1,13,VOLKSWAGEN GOLF,3,E01001440,0,-1
2023371342746,2023,371342746,1,9,0,18,19,2,6,0,0,2,0,0,0,0,4,1,6,6,1,19,4,1968,2,13,VOLKSWAGEN GOLF,2,E01030023,0,-1
2023320547288,2023,320547288,3,9,0,10,10,6,4,0,0,1,0,0,0,0,2,1,6,6,2,27,6,1900,2,18,VOLKSWAGEN GOLF,2,E01026103,0,-1
2023122300847,2023,122300847,2,9,0,18,19,1,5,0,0,1,0,0,1,0,1,1,6,6,2,52,8,1984,1,5,VOLKSWAGEN GOLF,5,E01011602,0,-1
2023411331891,2023,411331891,2,9,0,10,10,7,3,0,0,0,0,0,0,0,2,1,6,6,2,47,8,1968,2,3,VOLKSWAGEN GOLF,10,E01023520,0,-1
2023010483152,2023,010483152,2,9,0,18,19,8,4,0,0,2,0,0,0,0,1,1,6,6,1,47,8,1900,2,17,VOLKSWAGEN GOLF,3,E01001816,0,-1
2023430445987,2023,430445987,1,9,0,9,9,2,7,0,0,6,0,0,0,0,1,1,6,6,1,72,10,1395,1,8,VOLKSWAGEN GOLF,10,E01017761,0,-1
2023221344414,2023,221344414,1,9,0,17,19,5,2,0,0,8,0,0,0,0,4,1,2,2,1,43,7,1598,2,12,VOLKSWAGEN GOLF,4,E01014003,0,-1
2023010453366,2023,010453366,2,9,0,99,99,9,9,99,99,9,9,99,9,99,0,9,6,6,3,33,6,1395,1,5,VOLKSWAGEN GOLF,-1,-1,0,-1
2023070333601,2023,070333601,2,9,0,9,9,5,3,0,0,2,0,0,0,0,4,1,2,2,2,42,7,1395,1,5,VOLKSWAGEN GOLF,9,E01012487,0,-1
2023101340120,2023,101340120,2,9,0,18,19,1,5,0,0,0,0,0,0,0,1,1,6,6,3,-1,-1,1968,2,13,VOLKSWAGEN GOLF,-1,-1,0,-1
2023061331648,2023,061331648,1,9,0,18,19,1,5,0,0,0,0,0,0,0,1,1,5,6,1,17,4,1598,2,4,VOLKSWAGEN GOLF,8,E01005784,0,-1
2023010435360,2023,010435360,1,9,0,99,99,9,9,99,99,9,9,99,9,99,4,9,6,6,1,35,6,1390,1,12,VOLKSWAGEN GOLF,5,E01001829,0,-1
2023201291234,2023,201291234,1,9,0,9,9,8,6,0,0,5,0,0,0,0,4,1,6,6,1,26,6,1390,1,15,VOLKSWAGEN GOLF,4,E01010072,0,-1
2023430405779,2023,430405779,1,9,0,18,19,6,2,0,0,8,1,0,0,0,3,1,6,6,1,81,11,1197,1,8,VOLKSWAGEN GOLF,8,E01016557,0,-1
2023440407505,2023,440407505,1,9,0,18,19,6,2,0,0,0,0,0,0,0,3,1,6,6,1,-1,-1,1968,2,13,VOLKSWAGEN GOLF,-1,-1,0,-1
2023501332995,2023,501332995,1,9,0,4,4,1,5,0,0,0,1,0,8,0,1,1,3,7,1,38,7,1896,2,20,VOLKSWAGEN GOLF,3,E01018974,0,-1
2023131395978,2023,131395978,1,9,0,4,4,0,7,0,0,8,0,0,0,0,0,2,2,2,3,25,5,1598,2,12,VOLKSWAGEN GOLF,2,E01011915,0,-1
2023361354222,2023,361354222,1,9,0,7,7,5,7,0,0,1,0,0,0,0,3,1,6,6,2,26,6,1598,2,11,VOLKSWAGEN GOLF,8,E01026530,0,-1
2023052301535,2023,052301535,1,9,0,2,2,0,0,0,0,0,0,0,0,0,3,1,6,6,1,47,8,1598,2,9,VOLKSWAGEN GOLF,4,E01006554,0,-1
2023991272349,2023,991272349,2,9,0,5,5,3,7,0,0,0,0,0,0,0,2,1,2,2,1,36,7,1968,2,7,VOLKSWAGEN GOLF,8,-1,0,-1
2023451349625,2023,451349625,2,9,0,18,19,3,1,0,0,0,0,0,0,0,1,1,6,6,1,-1,-1,2000,2,18,VOLKSWAGEN GOLF,4,E01017122,0,-1
2023141353755,2023,141353755,1,9,0,5,5,5,7,0,0,6,0,0,0,0,1,1,2,2,1,58,9,1984,1,8,VOLKSWAGEN GOLF,4,E01007704,0,-1
2023201370635,2023,201370635,2,9,0,9,9,6,4,0,0,6,0,0,0,0,4,1,5,6,2,46,8,999,1,1,VOLKSWAGEN GOLF,1,E01009892,0,-1
2023052302437,2023,052302437,2,9,0,2,2,0,0,0,0,0,0,0,0,0,3,1,1,1,3,-1,-1,1896,2,16,VOLKSWAGEN GOLF,-1,-1,0,-1
2023061346671,2023,061346671,1,9,0,18,19,5,1,0,0,1,0,0,0,0,1,1,6,6,2,49,8,2000,2,17,VOLKSWAGEN GOLF,5,E01004767,0,-1
2023302301178,2023,302301178,2,9,0,9,9,8,6,0,0,0,0,0,0,0,3,1,6,6,2,53,8,1968,2,9,VOLKSWAGEN GOLF,7,E01013492,0,-1
2023131379593,2023,131379593,1,9,0,18,19,7,3,0,0,0,0,0,0,0,-1,1,6,6,1,25,5,1968,2,15,VOLKSWAGEN GOLF,1,E01010803,0,-1
2023421321726,2023,421321726,9,9,0,2,2,0,0,0,0,1,0,0,0,0,1,1,6,6,3,-1,-1,1896,2,21,VOLKSWAGEN GOLF,-1,-1,0,-1
2023141277712,2023,141277712,1,9,0,18,19,7,3,0,0,1,0,0,0,0,1,1,6,6,1,38,7,2000,2,18,VOLKSWAGEN GOLF,7,E01007985,0,-1
2023451262149,2023,451262149,1,9,0,18,19,5,1,0,0,0,0,0,0,0,1,1,6,6,1,26,6,1984,1,6,VOLKSWAGEN GOLF,6,E01030973,0,-1
2023542148023,2023,542148023,1,9,0,18,19,4,2,0,0,0,0,0,0,0,1,1,6,6,2,42,7,1896,2,16,VOLKSWAGEN GOLF,7,E01031866,0,-1
2023440328659,2023,440328659,1,9,0,18,19,6,2,0,0,1,5,0,0,0,0,1,2,2,1,58,9,1390,1,17,VOLKSWAGEN GOLF,3,E01023091,0,-1
2023401306586,2023,401306586,1,9,0,9,9,7,5,0,0,1,0,0,0,0,1,1,5,6,1,19,4,1390,1,13,VOLKSWAGEN GOLF,2,E01015749,0,-1
2023052301047,2023,052301047,1,9,0,7,7,1,7,0,0,6,1,0,3,10,3,1,6,6,1,22,5,1498,1,5,VOLKSWAGEN GOLF,8,E01006532,0,-1
2023991335533,2023,991335533,1,9,0,18,19,7,1,9,9,0,0,0,7,2,4,1,6,6,1,23,5,999,1,2,VOLKSWAGEN GOLF,1,-1,0,-1
2023221355239,2023,221355239,1,9,0,17,19,8,4,0,0,0,0,0,0,0,3,1,2,2,2,21,5,1968,2,6,VOLKSWAGEN GOLF,5,E01014059,0,-1
2023070368741,2023,070368741,1,9,0,18,19,1,5,0,0,1,0,0,0,0,1,1,1,1,1,-1,-1,1984,1,6,VOLKSWAGEN GOLF,10,E01018643,0,-1
2023411378463,2023,411378463,2,9,0,18,19,2,6,0,0,0,0,0,0,0,4,1,6,6,2,42,7,1395,1,6,VOLKSWAGEN GOLF,10,E01002437,0,-1
2023010459575,2023,010459575,1,9,0,99,99,9,9,99,99,9,9,99,9,99,3,1,6,6,2,61,9,1598,2,12,VOLKSWAGEN GOLF,6,E01002241,0,-1
2023320412737,2023,320412737,1,9,0,18,19,2,6,0,0,0,0,0,0,0,4,1,2,2,2,45,7,1896,2,15,VOLKSWAGEN GOLF,1,E01026312,0,-1
2023131340858,2023,131340858,1,9,0,13,13,4,8,0,0,0,1,0,0,0,1,1,6,6,1,20,4,1984,1,5,VOLKSWAGEN GOLF,4,E01011012,0,-1
2023201348726,2023,201348726,2,9,0,18,19,3,7,0,0,1,0,0,0,0,3,1,6,6,1,34,6,1598,2,10,VOLKSWAGEN GOLF,10,E01009428,0,-1
2023010479375,2023,010479375,2,9,0,18,19,5,1,0,0,1,0,0,0,0,3,2,1,1,1,20,4,1395,1,10,VOLKSWAGEN GOLF,4,E01000616,0,-1
2023010482467,2023,010482467,1,9,0,7,7,2,5,0,0,1,0,10,0,0,3,1,6,6,2,19,4,1390,1,13,VOLKSWAGEN GOLF,2,E01001703,0,-1
2023041345148,2023,041345148,2,9,0,18,19,1,5,0,0,4,0,0,0,0,4,1,5,6,1,23,5,1968,2,9,VOLKSWAGEN GOLF,1,E01025182,0,-1
2023010471352,2023,010471352,1,9,0,99,99,9,9,99,99,9,9,99,9,99,2,9,6,6,1,-1,-1,1598,1,16,VOLKSWAGEN GOLF,8,E01025990,0,-1
2023010456608,2023,010456608,1,9,0,18,19,5,1,0,0,0,0,0,0,0,1,1,6,6,2,29,6,1984,1,9,VOLKSWAGEN GOLF,7,E01000572,0,-1
2023421302590,2023,421302590,2,9,0,18,19,3,7,0,0,8,0,0,0,0,1,1,5,6,1,45,7,1498,8,3,VOLKSWAGEN GOLF,6,E01002358,0,-1
2023061302746,2023,061302746,2,9,0,18,19,7,3,0,0,8,0,0,0,0,4,1,6,6,2,26,6,1390,1,14,VOLKSWAGEN GOLF,2,E01005236,0,-1
2023522400650,2023,522400650,2,9,0,18,19,4,8,0,0,8,0,0,0,0,1,1,6,6,1,38,7,1390,1,16,VOLKSWAGEN GOLF,1,E01033358,0,-1
2023501317786,2023,501317786,2,9,0,4,4,7,3,0,0,0,0,0,0,0,2,1,5,6,1,25,5,2000,2,15,VOLKSWAGEN GOLF,9,E01029074,0,-1
2023131368562,2023,131368562,2,9,0,18,19,3,7,0,0,0,0,0,0,0,2,1,5,6,1,64,9,999,1,5,VOLKSWAGEN GOLF,4,E01011052,0,-1
2023010475287,2023,010475287,2,9,0,99,99,9,9,99,99,9,9,99,9,99,1,9,6,6,3,-1,-1,1390,1,12,VOLKSWAGEN GOLF,-1,-1,0,-1
2023201419514,2023,201419514,1,9,0,18,19,5,1,0,0,0,5,10,4,0,1,1,6,6,1,37,7,2000,1,16,VOLKSWAGEN GOLF,3,E01009940,0,-1
2023061372729,2023,061372729,2,9,0,18,19,8,4,0,0,0,0,0,0,0,1,1,6,6,1,41,7,1984,1,23,VOLKSWAGEN GOLF,-1,-1,0,-1
2023010451000,2023,010451000,2,9,0,18,19,5,1,0,0,4,0,0,0,0,3,1,1,1,2,30,6,1498,1,2,VOLKSWAGEN GOLF,3,E01003841,0,-1
2023170M11673,2023,170M11673,1,9,0,12,12,6,2,0,0,1,0,0,0,0,3,1,2,2,2,-1,-1,1598,2,7,VOLKSWAGEN GOLF,5,E01027590,0,-1
202363C019923,2023,63C019923,2,9,0,18,19,2,6,0,0,0,0,0,1,10,3,1,6,6,1,20,4,1968,2,9,VOLKSWAGEN GOLF,3,W01000604,0,-1
2023122301025,2023,122301025,1,9,0,18,19,3,7,0,0,0,1,0,1,0,3,1,6,6,1,46,8,1498,1,0,VOLKSWAGEN GOLF,7,E01027788,0,-1
2023552300694,2023,552300694,2,9,0,18,19,7,3,0,0,0,0,10,0,0,3,1,6,6,1,87,11,1900,2,18,VOLKSWAGEN GOLF,7,E01020507,0,-1
2023010481930,2023,010481930,2,9,9,99,99,9,9,99,99,9,9,99,9,99,9,9,6,6,3,-1,-1,1390,1,16,VOLKSWAGEN GOLF,-1,-1,0,-1
2023332300644,2023,332300644,1,9,0,18,19,3,7,0,0,0,0,0,0,0,3,1,6,6,1,24,5,1968,2,11,VOLKSWAGEN GOLF,7,E01025848,0,-1
2023041278665,2023,041278665,1,9,0,5,5,7,3,0,0,6,0,0,0,0,4,1,6,6,1,34,6,1968,2,6,VOLKSWAGEN GOLF,6,E01025202,0,-1
2023991295129,2023,991295129,4,9,0,2,2,0,0,0,0,2,0,0,0,0,1,1,6,6,3,-1,-1,1598,2,8,VOLKSWAGEN GOLF,-1,-1,0,-1
2023401323185,2023,401323185,2,9,0,18,19,5,1,0,0,0,0,0,0,0,2,1,5,6,1,47,8,1390,1,18,VOLKSWAGEN GOLF,5,E01023862,0,-1
2023201360028,2023,201360028,2,9,0,3,3,2,6,0,0,1,0,0,0,0,2,1,6,6,2,60,9,1598,2,10,VOLKSWAGEN GOLF,2,E01010101,0,-1
2023061317837,2023,061317837,2,9,0,18,19,1,5,0,0,0,0,0,0,0,3,1,6,6,1,24,5,1598,2,10,VOLKSWAGEN GOLF,7,E01005875,0,-1
2023421329511,2023,421329511,2,9,0,18,19,7,3,0,0,0,0,0,0,0,1,1,5,6,2,42,7,1598,2,10,VOLKSWAGEN GOLF,4,E01021688,0,-1
2023411306699,2023,411306699,3,9,0,18,19,1,5,0,0,0,0,0,0,0,3,1,6,6,1,55,8,1498,1,5,VOLKSWAGEN GOLF,3,E01016714,0,-1
2023552301302,2023,552301302,1,9,0,18,19,8,4,0,0,0,0,0,0,0,4,1,6,6,2,78,11,1390,1,11,VOLKSWAGEN GOLF,9,E01020464,0,-1
2023070712484,2023,070712484,1,9,0,18,19,8,4,0,0,1,0,0,0,0,1,1,6,6,1,-1,-1,1598,1,15,VOLKSWAGEN GOLF,-1,-1,0,-1
2023461287911,2023,461287911,1,9,0,17,19,5,2,0,0,4,0,0,0,0,1,1,6,6,1,22,5,1197,1,11,VOLKSWAGEN GOLF,4,E01024190,0,-1
2023430208189,2023,430208189,2,9,0,9,9,8,6,0,0,5,0,0,0,0,1,1,6,6,1,19,4,999,1,5,VOLKSWAGEN GOLF,7,E01016493,0,-1
2023170M31613,2023,170M31613,1,9,0,4,4,6,3,0,0,8,0,0,0,0,2,1,6,6,2,57,9,1598,1,16,VOLKSWAGEN GOLF,-1,-1,0,-1
2023010461492,2023,010461492,2,9,0,99,99,9,9,99,99,9,9,99,9,99,1,9,6,6,3,-1,-1,1390,1,11,VOLKSWAGEN GOLF,-1,-1,0,-1
2023991288183,2023,991288183,1,9,0,18,19,2,7,0,0,2,0,0,0,0,3,1,2,2,1,43,7,1984,1,9,VOLKSWAGEN GOLF,2,-1,0,-1
2023201409324,2023,201409324,1,9,9,9,9,3,1,0,0,5,0,0,0,0,1,1,6,6,1,-1,-1,1598,2,12,VOLKSWAGEN GOLF,-1,-1,0,-1
2023031259258,2023,031259258,1,9,0,18,19,1,5,0,0,0,1,10,0,0,3,1,5,6,1,70,10,1968,2,9,VOLKSWAGEN GOLF,7,E01019311,0,-1
2023010449326,2023,010449326,2,9,0,18,19,5,1,0,0,4,0,0,0,0,1,1,6,6,1,-1,-1,1598,2,7,VOLKSWAGEN GOLF,-1,-1,0,-1
2023141317451,2023,141317451,2,9,0,18,19,1,5,0,0,1,5,2,0,0,1,1,6,6,3,-1,-1,2000,2,18,VOLKSWAGEN GOLF,-1,-1,0,-1
2023061357356,2023,061357356,1,9,0,18,19,4,8,0,0,1,0,0,0,0,3,1,6,6,1,-1,-1,1968,2,3,VOLKSWAGEN GOLF,7,E01005005,0,-1
2023201405803,2023,201405803,1,9,0,9,9,4,2,0,0,6,0,0,0,0,3,1,6,6,2,32,6,1390,1,14,VOLKSWAGEN GOLF,3,E01009315,0,-1
2023201316775,2023,201316775,1,9,0,18,19,8,4,0,0,1,0,0,0,0,1,1,6,6,3,-1,-1,1968,2,11,VOLKSWAGEN GOLF,-1,-1,0,-1
2023421354965,2023,421354965,1,9,0,18,19,3,7,0,0,0,0,0,0,0,1,1,5,6,1,65,9,1498,1,5,VOLKSWAGEN GOLF,9,E01021675,0,-1
2023320673574,2023,320673574,2,9,0,2,2,0,0,0,0,0,0,0,0,0,3,1,6,6,3,-1,-1,1395,1,9,VOLKSWAGEN GOLF,-1,-1,0,-1
2023320676127,2023,320676127,1,9,0,4,4,6,2,0,0,0,0,0,0,0,2,1,6,6,1,44,7,1968,2,10,VOLKSWAGEN GOLF,9,E01026370,0,-1
2023010445816,2023,010445816,1,9,0,9,9,1,7,0,0,6,0,0,0,0,1,1,6,6,1,30,6,1395,1,7,VOLKSWAGEN GOLF,7,E01000241,0,-1
2023041345220,2023,041345220,1,9,0,2,2,0,0,0,0,2,0,0,0,0,3,1,5,6,1,51,8,1598,1,20,VOLKSWAGEN GOLF,-1,-1,0,-1
2023131327153,2023,131327153,1,9,0,18,19,2,6,0,0,0,0,10,0,0,1,1,5,6,2,54,8,1598,2,4,VOLKSWAGEN GOLF,2,E01011080,0,-1
2023131307694,2023,131307694,1,9,0,18,19,2,2,0,0,1,0,0,7,0,4,1,2,2,2,24,5,1598,2,12,VOLKSWAGEN GOLF,8,E01010686,0,-1
20231700H1872,2023,1700H1872,2,9,0,18,19,2,6,0,0,8,0,0,0,0,0,1,6,6,1,22,5,1984,1,5,VOLKSWAGEN GOLF,4,E01020738,0,-1
2023340WN3162,2023,340WN3162,1,9,0,18,19,2,6,0,0,0,5,0,0,0,1,1,6,6,2,29,6,1498,1,2,VOLKSWAGEN GOLF,2,E01027156,0,-1
2023311319346,2023,311319346,2,9,0,2,2,0,0,0,0,0,0,0,0,0,4,1,6,6,2,70,10,1598,2,10,VOLKSWAGEN GOLF,-1,-1,0,-1
2023320235165,2023,320235165,1,9,0,18,19,6,2,0,0,0,1,0,7,9,3,1,6,6,1,50,8,1498,1,5,VOLKSWAGEN GOLF,1,E01001545,0,-1
2023041307099,2023,041307099,2,9,0,2,2,0,0,0,0,2,0,0,0,0,1,1,6,6,3,-1,-1,1900,2,19,VOLKSWAGEN GOLF,-1,-1,0,-1
2023371335696,2023,371335696,1,9,0,9,9,3,1,0,0,1,0,0,0,0,3,1,5,6,2,29,6,1598,1,28,VOLKSWAGEN GOLF,6,E01021406,0,-1
2023401382452,2023,401382452,2,9,0,3,3,6,2,0,0,0,0,0,0,0,2,1,5,6,1,38,7,1968,2,8,VOLKSWAGEN GOLF,3,E01015713,0,-1
2023231279085,2023,231279085,1,9,0,17,19,7,2,0,0,0,0,0,0,0,1,1,2,2,1,22,5,1984,1,4,VOLKSWAGEN GOLF,10,E01031158,0,-1
2023430305769,2023,430305769,2,9,0,7,7,6,8,0,0,6,0,0,0,0,3,1,6,6,2,-1,-1,1395,1,9,VOLKSWAGEN GOLF,-1,-1,0,-1
2023471362336,2023,471362336,2,9,0,18,19,2,6,0,0,3,0,0,0,0,1,1,5,6,2,57,9,1968,2,7,VOLKSWAGEN GOLF,8,E01031617,0,-1
202354B747123,2023,54B747123,1,9,0,18,19,3,7,0,0,1,0,0,0,0,1,1,6,6,1,26,6,1896,2,21,VOLKSWAGEN GOLF,10,E01032009,0,-1
2023211339165,2023,211339165,1,9,0,18,19,6,3,0,0,8,0,0,3,0,2,1,5,6,1,33,6,1984,1,11,VOLKSWAGEN GOLF,9,W01000394,0,-1
2023101353085,2023,101353085,2,9,0,5,5,2,7,0,0,1,0,0,0,0,4,1,5,6,1,77,11,1598,2,7,VOLKSWAGEN GOLF,8,E01008781,0,-1