collision_index,collision_year,collision_ref_no,vehicle_reference,vehicle_type,towing_and_articulation,vehicle_manoeuvre_historic,vehicle_manoeuvre,vehicle_direction_from,vehicle_direction_to,vehicle_location_restricted_lane_historic,vehicle_location_restricted_lane,junction_location,skidding_and_overturning,hit_object_in_carriageway,vehicle_leaving_carriageway,hit_object_off_carriageway,first_point_of_impact,vehicle_left_hand_drive,journey_purpose_of_driver_historic,journey_purpose_of_driver,sex_of_driver,age_of_driver,age_band_of_driver,engine_capacity_cc,propulsion_code,age_of_vehicle,generic_make_model,driver_imd_decile,lsoa_of_driver,escooter_flag,driver_distance_banding
2023320073590,2023,320073590,2,9,0,18,19,2,6,0,0,8,0,0,0,0,1,1,6,6,2,19,4,1598,2,12,VOLKSWAGEN GOLF,9,E01026263,0,-1
2023131359829,2023,131359829,2,9,0,12,12,1,5,0,0,1,0,0,0,0,4,1,5,6,2,20,4,1598,2,10,VOLKSWAGEN GOLF,5,E01011818,0,-1
2023451267111,2023,451267111,2,9,0,4,4,1,5,0,0,0,0,0,0,0,2,1,5,6,1,42,7,1598,2,13,VOLKSWAGEN GOLF,7,E01030943,0,-1
2023430226287,2023,430226287,2,9,0,3,3,8,4,0,0,0,0,0,0,0,2,1,2,2,1,45,7,1968,2,10,VOLKSWAGEN GOLF,3,E01028524,0,-1
2023421383620,2023,421383620,1,9,0,18,19,1,5,0,0,0,0,0,0,0,1,1,2,2,1,45,7,1968,2,11,VOLKSWAGEN GOLF,4,E01021310,0,-1
2023041281010,2023,041281010,1,9,0,5,5,5,1,0,0,0,0,0,0,0,1,1,5,6,2,40,7,1968,2,11,VOLKSWAGEN GOLF,1,E01012631,0,-1
2023201284893,2023,201284893,1,9,0,9,9,3,8,0,0,5,0,4,0,0,1,1,6,6,1,19,4,2000,1,13,VOLKSWAGEN GOLF,1,E01009350,0,-1
2023320299298,2023,320299298,2,9,0,18,19,1,5,0,0,8,0,0,0,0,3,1,6,6,2,63,9,1598,2,7,VOLKSWAGEN GOLF,-1,-1,0,-1
2023131360521,2023,131360521,1,9,0,1,1,3,7,0,0,0,0,0,0,0,2,1,5,6,1,29,6,1968,2,12,VOLKSWAGEN GOLF,1,E01010611,0,-1
2023010454527,2023,010454527,1,9,0,10,10,4,2,0,0,1,0,0,0,0,2,1,6,6,1,39,7,1595,1,16,VOLKSWAGEN GOLF,4,E01002663,0,-1
2023201379375,2023,201379375,1,9,0,7,7,4,2,0,0,6,0,0,0,0,1,1,6,6,1,40,7,1598,2,10,VOLKSWAGEN GOLF,-1,-1,0,-1
2023061312897,2023,061312897,1,9,0,18,19,8,4,0,0,0,0,0,0,0,2,1,5,6,1,53,8,1968,2,14,VOLKSWAGEN GOLF,2,E01032920,0,-1
2023122300455,2023,122300455,2,9,0,16,19,1,5,0,0,0,1,0,0,0,3,1,6,6,1,41,7,2000,2,17,VOLKSWAGEN GOLF,6,E01027559,0,-1
2023451271679,2023,451271679,2,9,0,16,19,1,5,0,0,1,1,0,0,0,2,1,5,6,1,24,5,1968,2,16,VOLKSWAGEN GOLF,7,E01023131,0,-1
2023041365780,2023,041365780,1,9,0,7,7,4,7,0,0,0,1,0,7,1,4,1,5,6,1,22,5,1968,2,14,VOLKSWAGEN GOLF,-1,-1,0,-1
2023010423669,2023,010423669,1,9,0,99,99,9,9,99,99,9,9,99,9,99,9,9,6,6,2,42,7,1395,1,9,VOLKSWAGEN GOLF,7,E01002473,0,-1
2023010423818,2023,010423818,2,9,0,11,11,7,3,0,0,0,0,0,0,0,1,1,6,6,1,-1,-1,1968,2,13,VOLKSWAGEN GOLF,-1,-1,0,-1
2023131272179,2023,131272179,1,9,0,5,5,2,1,0,0,8,0,0,1,0,1,2,5,6,2,31,6,1598,2,3,VOLKSWAGEN GOLF,8,E01011630,0,-1
2023131322995,2023,131322995,2,9,0,17,19,5,5,0,0,0,0,0,0,0,1,1,5,6,1,20,4,1896,2,14,VOLKSWAGEN GOLF,8,E01010707,0,-1
2023010455578,2023,010455578,1,9,0,18,19,7,3,9,9,2,1,0,1,0,1,1,6,6,3,23,5,1984,1,9,VOLKSWAGEN GOLF,-1,-1,0,-1
2023131261727,2023,131261727,1,9,0,7,7,8,2,0,0,1,0,0,0,0,4,1,6,6,1,47,8,1498,1,2,VOLKSWAGEN GOLF,2,E01011840,0,-1
2023991308475,2023,991308475,1,9,0,9,9,6,4,0,0,8,0,0,0,0,1,1,5,6,1,22,5,1598,2,6,VOLKSWAGEN GOLF,5,-1,0,-1
2023351374868,2023,351374868,2,9,0,3,3,-1,-1,0,0,0,0,0,0,0,2,1,3,7,2,40,7,1395,1,5,VOLKSWAGEN GOLF,6,E01015675,0,-1
2023061390806,2023,061390806,1,9,0,18,19,5,1,0,0,1,0,0,1,10,1,1,5,6,1,18,4,1598,1,18,VOLKSWAGEN GOLF,1,E01005799,0,-1
2023041320103,2023,041320103,1,9,0,18,19,5,1,0,0,2,0,0,0,0,1,1,6,6,2,23,5,1968,2,10,VOLKSWAGEN GOLF,1,E01025215,0,-1
2023010427323,2023,010427323,2,9,0,18,19,3,7,0,0,0,0,0,0,0,4,1,6,6,2,31,6,2000,1,19,VOLKSWAGEN GOLF,7,E01024813,0,-1
2023010442546,2023,010442546,2,9,0,99,99,9,9,99,99,0,9,99,9,99,2,9,6,6,3,-1,-1,1968,2,3,VOLKSWAGEN GOLF,8,E01014765,0,-1
2023421326665,2023,421326665,2,9,0,18,19,1,5,0,0,0,0,0,0,0,3,1,6,6,2,28,6,1197,1,9,VOLKSWAGEN GOLF,9,E01002286,0,-1
2023010470387,2023,010470387,2,9,0,99,99,9,9,99,99,9,9,99,9,99,9,9,6,6,2,51,8,1390,1,13,VOLKSWAGEN GOLF,6,E01003752,0,-1
2023320735390,2023,320735390,1,9,0,17,19,6,2,0,0,0,0,0,0,2,1,1,6,6,2,24,5,1395,1,5,VOLKSWAGEN GOLF,7,E01026053,0,-1
2023131263547,2023,131263547,2,9,0,16,19,1,5,0,0,3,0,0,0,0,3,1,6,6,1,24,5,1968,2,14,VOLKSWAGEN GOLF,1,E01011657,0,-1
2023061356648,2023,061356648,1,9,0,5,5,2,6,0,0,0,0,0,0,0,1,1,2,2,1,41,7,1968,2,10,VOLKSWAGEN GOLF,1,E01005729,0,-1
2023401289766,2023,401289766,1,9,0,14,14,-1,-1,0,0,1,1,4,0,0,4,1,6,6,3,-1,-1,1984,1,16,VOLKSWAGEN GOLF,-1,-1,0,-1
2023311317084,2023,311317084,2,9,0,5,5,5,2,0,0,1,0,0,0,0,4,1,5,6,1,26,6,1984,1,7,VOLKSWAGEN GOLF,5,E01019512,0,-1
2023061341692,2023,061341692,1,8,0,18,19,6,2,0,0,0,0,0,0,0,1,1,1,1,1,48,8,1598,2,6,-1,3,E01006282,0,-1
2023531271177,2023,531271177,3,9,0,2,2,0,0,0,0,0,0,0,0,0,1,1,6,6,3,-1,-1,1598,2,12,VOLKSWAGEN GOLF,-1,-1,0,-1
2023531327820,2023,531327820,3,9,0,4,4,1,5,0,0,0,0,0,0,0,2,1,5,6,2,39,7,1498,1,5,VOLKSWAGEN GOLF,7,E01022180,0,-1
2023010451157,2023,010451157,1,9,0,99,99,9,9,99,99,9,9,99,9,99,2,9,6,6,1,28,6,1498,1,3,VOLKSWAGEN GOLF,3,E01004676,0,-1
202360A007748,2023,60A007748,3,9,0,3,3,6,2,0,0,2,0,0,0,0,2,1,6,6,2,30,6,1900,2,22,VOLKSWAGEN GOLF,-1,-1,0,-1
2023131353236,2023,131353236,2,9,0,12,12,5,1,0,0,0,0,0,0,0,4,1,6,6,2,30,6,1598,2,13,VOLKSWAGEN GOLF,10,E01011649,0,-1
202360A045450,2023,60A045450,2,9,0,3,3,1,4,0,0,1,0,0,0,0,2,1,1,1,2,63,9,1598,2,4,VOLKSWAGEN GOLF,-1,-1,0,-1
2023471347127,2023,471347127,1,9,0,18,19,2,6,0,0,1,0,0,7,10,1,1,6,6,1,-1,-1,1984,1,2,VOLKSWAGEN GOLF,-1,-1,0,-1
2023320418814,2023,320418814,2,9,0,9,9,2,1,0,0,5,0,0,0,0,2,1,6,6,1,26,6,1968,2,15,VOLKSWAGEN GOLF,6,E01026040,0,-1
2023010439618,2023,010439618,2,9,0,99,99,9,9,99,99,9,9,99,9,99,1,9,6,6,3,-1,-1,1390,1,15,VOLKSWAGEN GOLF,-1,-1,0,-1
2023991315231,2023,991315231,1,9,0,18,19,4,8,0,0,0,2,0,8,10,4,1,5,6,1,21,5,1781,1,31,VOLKSWAGEN GOLF,4,-1,0,-1
2023052301485,2023,052301485,2,9,0,16,19,7,3,0,0,0,0,0,1,4,1,1,6,6,2,57,9,1896,2,15,VOLKSWAGEN GOLF,1,E01007207,0,-1
2023361389844,2023,361389844,2,9,0,18,19,1,2,0,0,1,0,0,0,0,1,1,5,6,2,65,9,1395,1,6,VOLKSWAGEN GOLF,5,E01030210,0,-1
2023010479823,2023,010479823,1,9,0,18,19,1,5,9,9,3,0,0,0,0,1,1,6,6,1,19,4,1598,1,16,VOLKSWAGEN GOLF,-1,-1,0,-1
2023010430544,2023,010430544,2,9,0,99,99,9,9,99,99,9,9,99,9,99,9,9,6,6,3,-1,-1,1395,1,10,VOLKSWAGEN GOLF,-1,-1,0,-1
2023061282146,2023,061282146,1,9,-1,-1,-1,-1,-1,0,0,1,-1,-1,-1,0,-1,1,6,6,1,-1,-1,1598,2,13,VOLKSWAGEN GOLF,-1,-1,0,-1
2023211313896,2023,211313896,1,9,0,18,19,2,6,0,0,1,0,0,0,0,1,1,6,6,3,30,6,1598,2,12,VOLKSWAGEN GOLF,-1,-1,0,-1
2023221317898,2023,221317898,1,9,0,18,19,1,5,0,0,3,1,10,2,0,1,1,5,6,1,20,4,1598,2,6,VOLKSWAGEN GOLF,3,E01032321,0,-1
2023361355901,2023,361355901,1,9,0,9,9,3,7,0,0,8,0,0,0,0,1,1,1,1,2,56,9,1968,2,11,VOLKSWAGEN GOLF,8,E01025698,0,-1
2023052300217,2023,052300217,1,9,0,9,9,5,1,0,0,8,0,0,0,0,3,1,2,2,1,21,5,1968,2,6,VOLKSWAGEN GOLF,5,E01005040,0,-1
2023161327136,2023,161327136,1,9,0,18,19,1,5,0,0,1,1,0,7,0,1,1,5,6,1,19,4,1968,2,11,VOLKSWAGEN GOLF,1,E01012951,0,-1
2023010423883,2023,010423883,1,9,0,18,19,5,1,0,0,2,0,0,0,0,1,1,6,6,1,26,6,1984,1,7,VOLKSWAGEN GOLF,5,E01023806,0,-1
2023141290473,2023,141290473,2,9,0,18,19,1,5,0,0,1,0,0,0,0,1,1,6,6,1,-1,-1,1498,1,1,VOLKSWAGEN GOLF,2,E01008014,0,-1
2023010441194,2023,010441194,2,9,9,99,99,9,9,99,99,9,9,99,9,99,9,9,6,6,1,-1,-1,1498,1,3,VOLKSWAGEN GOLF,4,E01000588,0,-1
2023430534864,2023,430534864,1,9,0,9,9,6,4,0,0,5,0,0,0,0,1,1,6,6,2,60,9,1598,2,10,VOLKSWAGEN GOLF,-1,-1,0,-1
2023010473074,2023,010473074,2,9,0,18,19,5,1,0,0,1,0,4,0,0,3,1,1,1,1,75,10,1598,1,21,VOLKSWAGEN GOLF,4,E01001297,0,-1
2023411268133,2023,411268133,2,9,0,5,5,4,8,0,0,1,0,0,0,0,4,1,6,6,1,44,7,1598,2,13,VOLKSWAGEN GOLF,8,E01033026,0,-1
2023010429547,2023,010429547,1,9,0,5,5,1,5,9,9,0,0,0,1,11,1,1,6,6,1,86,11,1595,1,21,VOLKSWAGEN GOLF,6,E01001393,0,-1
2023010453966,2023,010453966,1,9,0,7,7,5,7,0,0,2,0,0,0,0,3,1,6,6,1,18,4,1600,1,19,VOLKSWAGEN GOLF,5,E01002622,0,-1
2023631311975,2023,631311975,2,9,0,4,4,6,2,0,0,0,0,0,1,10,1,1,5,6,2,34,6,1968,2,13,VOLKSWAGEN GOLF,8,W01000547,0,-1
2023131272342,2023,131272342,2,9,0,10,10,2,6,0,0,0,0,0,0,0,2,1,6,6,1,33,6,1968,2,10,VOLKSWAGEN GOLF,2,E01010792,0,-1
2023131393136,2023,131393136,1,9,0,18,19,7,3,0,0,0,0,0,0,0,1,1,5,6,1,35,6,1968,2,5,VOLKSWAGEN GOLF,1,E01010831,0,-1
2023371319665,2023,371319665,1,9,0,3,3,5,1,0,0,0,0,0,0,0,-1,1,6,6,1,-1,-1,1395,1,6,VOLKSWAGEN GOLF,7,E01030083,0,-1
2023531354687,2023,531354687,1,9,0,7,7,7,3,0,0,4,0,0,0,0,1,1,1,1,1,24,5,1598,2,11,VOLKSWAGEN GOLF,9,E01022308,0,-1
2023010464936,2023,010464936,1,9,0,99,99,9,9,99,99,9,9,99,9,99,2,9,2,2,2,35,6,1598,2,4,VOLKSWAGEN GOLF,4,E01003354,0,-1
2023131302560,2023,131302560,2,9,0,18,19,5,1,0,0,1,0,0,0,0,1,1,6,6,3,-1,-1,1984,1,2,VOLKSWAGEN GOLF,-1,-1,0,-1
2023041326955,2023,041326955,1,9,0,17,19,1,5,0,0,0,0,0,1,4,1,1,5,6,1,28,6,3189,1,15,VOLKSWAGEN GOLF,6,E01004925,0,-1
2023991261536,2023,991261536,1,9,0,4,4,8,5,0,0,0,0,0,0,0,1,1,5,6,1,23,5,1197,1,13,VOLKSWAGEN GOLF,6,-1,0,-1
2023201323601,2023,201323601,3,9,0,4,4,8,4,0,0,1,0,0,0,0,2,1,6,6,1,51,8,1598,2,8,VOLKSWAGEN GOLF,7,W01000484,0,-1
2023041339584,2023,041339584,2,9,0,9,9,6,4,0,0,1,0,0,0,0,1,1,1,1,1,42,7,1598,2,11,VOLKSWAGEN GOLF,3,E01025037,0,-1
2023401379858,2023,401379858,5,9,0,2,2,0,0,0,0,0,0,0,0,0,1,1,6,6,2,54,8,1968,2,14,VOLKSWAGEN GOLF,4,E01015786,0,-1
2023421337937,2023,421337937,1,9,0,7,7,7,4,0,0,0,0,0,0,0,1,1,6,6,3,-1,-1,2000,1,18,VOLKSWAGEN GOLF,-1,-1,0,-1
2023010478870,2023,010478870,2,9,0,2,2,0,0,0,0,0,0,0,0,0,1,1,6,6,3,-1,-1,1968,2,0,VOLKSWAGEN GOLF,-1,-1,0,-1
2023010446452,2023,010446452,1,9,0,18,19,3,7,9,9,4,0,10,7,2,1,1,6,6,1,27,6,1984,1,5,VOLKSWAGEN GOLF,-1,-1,0,-1
2023010425295,2023,010425295,1,9,0,18,19,7,3,0,0,0,0,0,0,0,1,1,2,2,1,36,7,1390,1,17,VOLKSWAGEN GOLF,4,E01001694,0,-1
2023141346398,2023,141346398,1,9,0,18,19,2,7,0,0,4,0,0,0,0,3,1,5,6,2,53,8,1598,2,10,VOLKSWAGEN GOLF,2,E01007849,0,-1
2023010428793,2023,010428793,1,9,0,99,99,9,9,99,99,9,9,99,9,99,4,9,6,6,1,29,6,1390,1,12,VOLKSWAGEN GOLF,1,E01001206,0,-1
2023010459232,2023,010459232,2,9,9,99,99,9,9,9,9,9,9,99,9,99,9,1,6,6,3,-1,-1,1395,1,9,VOLKSWAGEN GOLF,-1,-1,0,-1
2023302300785,2023,302300785,3,9,0,18,19,6,2,0,0,0,0,4,0,0,1,1,6,6,1,32,6,2000,2,19,VOLKSWAGEN GOLF,2,E01013845,0,-1
2023052302020,2023,052302020,2,9,0,18,19,1,5,0,0,0,0,0,0,0,2,1,6,6,3,-1,-1,1968,2,16,VOLKSWAGEN GOLF,-1,-1,0,-1
2023430093233,2023,430093233,1,9,0,1,1,8,4,0,0,1,0,0,0,0,2,1,6,6,2,52,8,1968,2,16,VOLKSWAGEN GOLF,9,E01030477,0,-1
2023421374062,2023,421374062,1,9,0,1,1,1,5,0,0,0,0,0,0,0,2,1,6,6,2,53,8,1390,1,10,VOLKSWAGEN GOLF,3,E01021437,0,-1
2023131322906,2023,131322906,2,9,0,18,19,5,1,0,0,0,0,0,0,0,2,1,6,6,1,21,5,1984,1,8,VOLKSWAGEN GOLF,1,E01010831,0,-1
2023122301407,2023,122301407,1,9,0,18,19,6,3,0,0,1,0,0,0,0,1,1,1,1,1,32,6,1598,2,12,VOLKSWAGEN GOLF,1,E01010702,0,-1
2023061335655,2023,061335655,2,9,0,18,19,-1,-1,0,0,-1,0,0,0,0,-1,1,5,6,2,28,6,1395,1,10,VOLKSWAGEN GOLF,3,E01005588,0,-1
2023991259464,2023,991259464,1,9,0,5,5,8,3,0,0,0,0,0,0,0,4,1,6,6,1,24,5,1598,2,9,VOLKSWAGEN GOLF,2,-1,0,-1
2023421327977,2023,421327977,4,9,0,4,4,5,3,0,0,0,0,0,0,0,1,1,2,2,1,28,6,1968,2,10,VOLKSWAGEN GOLF,-1,-1,0,-1
2023010427271,2023,010427271,2,9,0,5,5,1,5,0,0,6,0,0,0,0,1,1,2,2,1,41,7,1498,8,3,VOLKSWAGEN GOLF,2,E01003351,0,-1
2023211334126,2023,211334126,1,9,0,18,19,1,5,0,0,0,0,0,1,0,1,1,5,6,2,40,7,1390,1,20,VOLKSWAGEN GOLF,3,E01014296,0,-1
2023231267251,2023,231267251,1,9,0,5,5,2,6,8,6,0,0,0,0,0,1,1,2,2,1,45,7,1598,2,7,VOLKSWAGEN GOLF,1,E01032890,0,-1
2023430258139,2023,430258139,2,9,0,18,19,4,8,0,0,8,0,0,0,0,1,1,6,6,1,-1,-1,1498,1,3,VOLKSWAGEN GOLF,-1,-1,0,-1
2023010443908,2023,010443908,2,9,0,99,99,9,9,99,99,9,9,99,9,99,9,9,6,6,3,-1,-1,1395,1,8,VOLKSWAGEN GOLF,9,E01000424,0,-1
2023131343455,2023,131343455,2,9,0,2,2,0,0,0,0,1,0,0,0,0,1,1,6,6,3,-1,-1,1896,2,15,VOLKSWAGEN GOLF,-1,-1,0,-1
2023070025032,2023,070025032,2,9,0,18,19,7,3,0,0,1,0,0,0,0,1,1,6,6,2,36,7,1984,1,3,VOLKSWAGEN GOLF,6,E01018570,0,-1
2023131347506,2023,131347506,1,9,0,17,19,1,5,0,0,0,1,6,0,0,1,1,5,6,1,20,4,1598,2,9,VOLKSWAGEN GOLF,7,E01010999,0,-1
2023440188024,2023,440188024,2,9,0,18,19,6,2,0,0,1,0,0,0,0,0,1,6,6,1,27,6,1896,2,21,VOLKSWAGEN GOLF,6,E01032844,0,-1
2023461300554,2023,461300554,2,9,0,11,11,5,1,0,0,0,0,0,0,0,3,1,2,2,2,19,4,1498,1,1,VOLKSWAGEN GOLF,4,E01016055,0,-1
2023531332353,2023,531332353,2,9,0,18,19,7,3,0,0,1,0,0,0,0,1,1,5,6,1,22,5,1598,1,17,VOLKSWAGEN GOLF,4,E01022192,0,-1
2023131405383,2023,131405383,1,9,0,17,19,1,5,0,0,0,1,0,1,11,1,1,5,6,1,-1,-1,1968,2,11,VOLKSWAGEN GOLF,3,E01010584,0,-1
2023010462383,2023,010462383,2,9,0,18,19,5,1,0,0,0,0,0,0,0,2,1,6,6,2,30,6,1395,8,2,VOLKSWAGEN GOLF,5,E01005521,0,-1
2023302300398,2023,302300398,2,9,0,18,19,7,3,0,0,2,0,0,0,0,1,1,6,6,1,24,5,1968,2,16,VOLKSWAGEN GOLF,4,E01019773,0,-1
2023010471036,2023,010471036,1,9,0,14,14,3,7,0,0,3,0,0,0,0,1,1,6,6,1,31,6,3189,1,17,VOLKSWAGEN GOLF,2,E01004310,0,-1
2023010483457,2023,010483457,1,9,0,9,9,1,6,0,0,6,0,0,0,0,3,1,6,6,2,26,6,1197,1,9,VOLKSWAGEN GOLF,3,E01026782,0,-1
2023070352515,2023,070352515,2,9,0,9,9,4,7,0,0,5,0,0,0,0,2,1,6,6,1,35,6,1395,1,6,VOLKSWAGEN GOLF,9,E01018684,0,-1
2023501314533,2023,501314533,2,9,0,13,13,1,5,0,0,0,0,0,0,0,1,1,6,6,2,19,4,1896,2,19,VOLKSWAGEN GOLF,10,E01020525,0,-1
2023461326441,2023,461326441,1,9,0,3,3,5,1,0,0,8,0,0,0,0,1,1,6,6,3,-1,-1,1600,1,19,VOLKSWAGEN GOLF,4,E01024293,0,-1
2023302300985,2023,302300985,1,9,0,18,19,2,6,0,0,0,0,0,0,0,1,1,6,6,1,14,3,1968,2,8,VOLKSWAGEN GOLF,6,E01013589,0,-1
2023141354406,2023,141354406,1,9,0,7,7,2,4,0,0,1,0,0,0,0,1,1,6,6,3,-1,-1,1968,2,9,VOLKSWAGEN GOLF,-1,-1,0,-1
2023141362790,2023,141362790,1,9,0,18,19,7,3,0,0,0,0,0,1,0,3,1,6,6,1,25,5,1968,2,7,VOLKSWAGEN GOLF,3,E01007777,0,-1
2023411394189,2023,411394189,3,9,0,2,2,0,0,0,0,1,0,0,0,0,2,1,6,6,1,41,7,1395,1,7,VOLKSWAGEN GOLF,7,E01023850,0,-1
2023332301158,2023,332301158,2,9,0,18,19,3,7,0,0,0,1,0,0,0,1,1,2,2,1,35,6,1598,2,11,VOLKSWAGEN GOLF,1,E01013921,0,-1
2023421317098,2023,421317098,2,9,0,3,3,2,6,0,0,0,0,0,0,0,2,1,5,6,1,48,8,1968,2,19,VOLKSWAGEN GOLF,3,E01003603,0,-1
2023031334123,2023,031334123,1,9,0,17,19,3,8,0,0,0,0,0,1,4,4,1,6,6,1,34,6,1968,2,16,VOLKSWAGEN GOLF,6,E01019200,0,-1
2023010439053,2023,010439053,1,9,0,18,19,6,2,0,0,1,0,0,0,0,1,1,6,6,1,31,6,1498,1,1,VOLKSWAGEN GOLF,8,E01001596,0,-1
2023991320907,2023,991320907,2,9,0,2,2,0,0,0,0,0,0,0,1,10,1,1,6,6,3,-1,-1,1968,2,11,VOLKSWAGEN GOLF,-1,-1,0,-1
2023340WN5032,2023,340WN5032,2,9,0,7,7,2,6,0,0,5,0,0,0,0,3,1,6,6,1,76,11,1598,2,8,VOLKSWAGEN GOLF,5,E01027176,0,-1
2023010480165,2023,010480165,7,9,0,2,2,0,0,0,0,1,0,0,0,0,4,1,6,6,3,-1,-1,1595,1,14,VOLKSWAGEN GOLF,-1,-1,0,-1
2023010459136,2023,010459136,1,9,0,18,19,3,7,0,0,3,0,0,0,0,1,1,6,6,1,24,5,1197,1,12,VOLKSWAGEN GOLF,2,E01003302,0,-1
2023991314015,2023,991314015,1,9,0,18,19,5,1,0,0,1,0,0,0,0,1,1,5,6,1,92,11,1395,1,8,VOLKSWAGEN GOLF,6,-1,0,-1
2023401323050,2023,401323050,2,9,0,9,9,1,4,0,0,0,1,0,7,0,1,1,6,6,2,30,6,1498,1,3,VOLKSWAGEN GOLF,9,E01017558,0,-1
2023546455823,2023,546455823,3,9,0,4,4,8,4,0,0,1,0,0,0,0,2,1,6,6,1,87,11,1598,1,23,VOLKSWAGEN GOLF,6,E01015587,0,-1
2023131322918,2023,131322918,1,9,0,18,19,3,7,0,0,0,0,0,0,0,1,1,6,6,1,40,7,1600,2,14,VOLKSWAGEN GOLF,7,E01011193,0,-1
2023401271460,2023,401271460,1,9,-1,-1,-1,-1,-1,-1,-1,7,-1,-1,-1,0,-1,1,6,6,3,-1,-1,1968,2,9,VOLKSWAGEN GOLF,-1,-1,0,-1
2023430368131,2023,430368131,1,9,0,9,9,8,6,0,0,5,0,0,0,0,4,1,1,1,1,43,7,1598,2,8,VOLKSWAGEN GOLF,10,E01023278,0,-1
2023520300742,2023,520300742,1,9,0,3,3,7,3,0,0,4,0,0,0,0,2,1,6,6,2,31,6,1968,2,8,VOLKSWAGEN GOLF,8,E01032667,0,-1
2023041316990,2023,041316990,1,9,0,9,9,3,1,0,0,6,0,0,0,0,1,1,5,6,2,25,5,1598,2,5,VOLKSWAGEN GOLF,6,E01025325,0,-1
2023131291046,2023,131291046,3,9,0,18,19,7,3,0,0,0,0,0,0,0,3,1,6,6,2,48,8,1968,2,10,VOLKSWAGEN GOLF,7,E01011595,0,-1
2023161367997,2023,161367997,2,9,0,18,19,4,8,0,0,0,0,0,0,0,1,1,5,6,2,29,6,1390,1,12,VOLKSWAGEN GOLF,10,E01013063,0,-1
2023610036723,2023,610036723,1,9,0,3,3,5,8,0,0,1,0,0,0,0,2,1,6,6,1,37,7,1598,2,4,VOLKSWAGEN GOLF,6,W01001241,0,-1
2023320063525,2023,320063525,1,9,0,17,19,7,3,0,0,1,0,0,0,0,1,1,2,2,1,27,6,1598,2,11,VOLKSWAGEN GOLF,6,E01028016,0,-1
2023201413716,2023,201413716,2,9,0,2,2,0,0,0,0,0,0,0,0,0,3,1,6,6,1,-1,-1,1598,2,9,VOLKSWAGEN GOLF,-1,-1,0,-1
2023131318745,2023,131318745,1,9,0,8,8,3,6,4,4,7,0,0,0,0,1,1,6,6,1,24,5,1598,2,9,VOLKSWAGEN GOLF,3,E01011028,0,-1
2023201412539,2023,201412539,1,9,0,2,2,3,7,0,0,0,0,4,0,0,1,1,6,6,1,82,11,1395,1,6,VOLKSWAGEN GOLF,5,E01010110,0,-1
2023430482836,2023,430482836,1,9,0,18,19,-1,-1,0,0,0,0,10,7,11,1,1,6,6,1,40,7,1600,2,14,VOLKSWAGEN GOLF,8,E01017918,0,-1
2023061317700,2023,061317700,1,9,0,18,19,5,1,0,0,0,0,0,0,0,0,1,5,6,1,31,6,1598,2,11,VOLKSWAGEN GOLF,9,E01025358,0,-1
2023052300836,2023,052300836,1,9,0,7,7,8,4,0,0,1,0,0,4,1,4,1,2,2,1,24,5,1395,8,1,VOLKSWAGEN GOLF,8,E01006519,0,-1
2023010480704,2023,010480704,2,9,9,99,99,9,9,99,99,9,9,99,9,99,9,9,6,6,3,-1,-1,999,8,2,VOLKSWAGEN GOLF,-1,-1,0,-1
2023231309894,2023,231309894,1,9,0,18,19,6,2,0,0,8,0,0,0,0,1,1,5,6,2,44,7,1968,2,11,VOLKSWAGEN GOLF,7,E01009707,0,-1
2023311340912,2023,311340912,2,9,0,9,9,7,5,0,0,8,0,0,0,0,4,1,6,6,2,47,8,1968,2,11,VOLKSWAGEN GOLF,5,E01013913,0,-1
2023622300912,2023,622300912,2,9,0,18,19,2,6,0,0,0,0,0,0,0,1,1,6,6,1,18,4,1968,2,5,VOLKSWAGEN GOLF,8,W01001190,0,-1
2023131345633,2023,131345633,1,9,0,7,7,1,3,0,0,8,0,0,0,0,1,1,5,6,2,22,5,1968,2,5,VOLKSWAGEN GOLF,3,E01010805,0,-1
2023101310180,2023,101310180,1,9,0,9,9,8,6,0,0,8,0,0,0,0,1,1,6,6,2,23,5,1598,2,4,VOLKSWAGEN GOLF,-1,-1,0,-1
2023311365128,2023,311365128,1,9,0,9,9,3,5,0,0,6,1,0,0,0,4,1,5,6,2,39,7,1896,2,16,VOLKSWAGEN GOLF,3,E01013944,0,-1
2023991265846,2023,991265846,1,9,0,13,13,6,2,0,0,0,0,0,0,0,1,1,2,2,1,19,4,1598,2,8,VOLKSWAGEN GOLF,9,-1,0,-1
2023522401690,2023,522401690,2,9,0,18,19,3,7,0,0,8,0,0,0,0,1,1,6,6,1,74,10,1598,2,13,VOLKSWAGEN GOLF,10,E01014718,0,-1
2023361299098,2023,361299098,1,9,0,18,19,1,5,0,0,0,1,0,0,0,1,1,2,2,1,20,4,1600,2,14,VOLKSWAGEN GOLF,7,E01026472,0,-1
2023552301320,2023,552301320,1,9,0,9,9,5,4,0,0,5,0,0,0,0,1,1,1,1,1,53,8,1968,2,14,VOLKSWAGEN GOLF,4,E01015321,0,-1
2023141259939,2023,141259939,1,9,0,18,19,4,5,0,0,0,0,0,0,0,3,1,6,6,1,54,8,1968,2,13,VOLKSWAGEN GOLF,7,E01008135,0,-1
2023141387264,2023,141387264,1,9,0,18,19,6,2,0,0,4,0,0,2,0,1,1,2,2,2,58,9,1395,1,8,VOLKSWAGEN GOLF,8,E01007866,0,-1
2023041290002,2023,041290002,2,9,0,18,19,6,2,0,0,1,0,0,0,0,1,1,5,6,1,18,4,1598,2,6,VOLKSWAGEN GOLF,1,E01025283,0,-1
2023010448659,2023,010448659,1,9,0,18,19,3,7,0,0,5,0,0,0,0,1,1,6,6,2,32,6,1896,2,21,VOLKSWAGEN GOLF,-1,-1,0,-1
2023991336211,2023,991336211,2,9,0,16,19,4,8,0,0,1,1,0,1,0,2,1,6,6,1,25,5,2000,2,19,VOLKSWAGEN GOLF,-1,-1,0,-1