collision_index,collision_year,collision_ref_no,vehicle_reference,vehicle_type,towing_and_articulation,vehicle_manoeuvre_historic,vehicle_manoeuvre,vehicle_direction_from,vehicle_direction_to,vehicle_location_restricted_lane_historic,vehicle_location_restricted_lane,junction_location,skidding_and_overturning,hit_object_in_carriageway,vehicle_leaving_carriageway,hit_object_off_carriageway,first_point_of_impact,vehicle_left_hand_drive,journey_purpose_of_driver_historic,journey_purpose_of_driver,sex_of_driver,age_of_driver,age_band_of_driver,engine_capacity_cc,propulsion_code,age_of_vehicle,generic_make_model,driver_imd_decile,lsoa_of_driver,escooter_flag,driver_distance_banding
2023531357837,2023,531357837,1,9,0,18,19,2,6,0,0,0,5,0,1,4,1,1,6,6,1,23,5,1598,2,11,VOLKSWAGEN GOLF,5,E01022244,0,-1
2023311262506,2023,311262506,2,9,0,4,4,6,2,0,0,1,0,0,0,0,1,1,6,6,1,40,7,1896,2,15,VOLKSWAGEN GOLF,3,E01013874,0,-1
2023311327994,2023,311327994,1,9,0,5,5,1,5,0,0,0,0,0,0,0,1,1,5,6,2,35,6,1598,2,8,VOLKSWAGEN GOLF,2,E01013891,0,-1
2023111298447,2023,111298447,2,9,0,4,4,4,8,0,0,1,0,0,0,0,2,1,2,2,2,30,6,1395,1,6,VOLKSWAGEN GOLF,8,E01020883,0,-1
2023041447729,2023,041447729,1,9,0,18,19,-1,-1,0,0,1,0,0,0,0,1,1,5,6,2,19,4,1600,2,14,VOLKSWAGEN GOLF,4,E01012634,0,-1
2023311266156,2023,311266156,2,9,0,13,13,3,7,9,9,6,0,11,1,0,4,1,5,6,1,18,4,1968,2,11,VOLKSWAGEN GOLF,7,E01028157,0,-1
2023010431808,2023,010431808,2,9,0,15,15,4,8,0,0,0,0,0,0,0,1,1,6,6,1,25,5,1984,1,4,VOLKSWAGEN GOLF,7,E01001600,0,-1
2023010462957,2023,010462957,1,9,0,9,9,1,6,0,0,2,0,0,0,0,2,1,6,6,1,28,6,1498,8,2,VOLKSWAGEN GOLF,4,E01002594,0,-1
2023010439337,2023,010439337,2,9,9,99,99,9,9,99,99,0,9,99,9,99,1,9,6,6,3,33,6,1598,2,13,VOLKSWAGEN GOLF,-1,-1,0,-1
2023991390783,2023,991390783,1,9,0,18,19,1,5,0,0,0,0,0,0,0,3,1,5,6,1,21,5,1984,1,8,VOLKSWAGEN GOLF,9,-1,0,-1
2023201313231,2023,201313231,1,9,0,18,19,4,8,0,0,0,0,0,0,0,1,1,6,6,1,-1,-1,1390,1,14,VOLKSWAGEN GOLF,-1,-1,0,-1
2023451278125,2023,451278125,2,9,0,18,19,5,1,0,0,1,0,0,0,0,4,1,5,6,1,20,4,1197,1,11,VOLKSWAGEN GOLF,3,E01002587,0,-1
2023451325849,2023,451325849,2,9,0,18,19,5,1,0,0,1,0,0,0,0,4,1,5,6,2,57,9,1896,2,18,VOLKSWAGEN GOLF,6,E01030842,0,-1
2023131309632,2023,131309632,1,9,0,9,9,1,7,0,0,2,0,0,0,0,1,1,6,6,1,27,6,1968,2,13,VOLKSWAGEN GOLF,5,E01011063,0,-1
2023010444935,2023,010444935,1,9,0,99,99,9,9,99,99,0,9,99,9,99,4,9,2,2,1,18,4,1598,1,16,VOLKSWAGEN GOLF,4,E01003492,0,-1
2023010423075,2023,010423075,1,9,0,9,9,7,5,0,0,2,0,4,0,0,4,1,6,6,2,47,8,1600,1,18,VOLKSWAGEN GOLF,5,E01000360,0,-1
202363D011823,2023,63D011823,2,9,0,18,19,4,8,0,0,8,0,0,0,0,4,1,1,1,1,23,5,1968,2,6,VOLKSWAGEN GOLF,5,W01000461,0,-1
2023332300494,2023,332300494,2,9,0,18,19,5,1,7,6,0,0,0,0,0,1,1,6,6,3,-1,-1,3200,1,17,VOLKSWAGEN GOLF,-1,-1,0,-1
2023061378735,2023,061378735,1,9,0,13,13,5,1,0,0,0,0,0,0,0,4,1,6,6,3,-1,-1,1968,2,10,VOLKSWAGEN GOLF,-1,-1,0,-1
2023041308588,2023,041308588,1,9,0,7,7,7,3,0,0,1,0,0,0,0,0,1,6,6,3,-1,-1,1968,2,2,VOLKSWAGEN GOLF,-1,-1,0,-1
2023010443320,2023,010443320,1,9,0,5,5,5,1,0,0,5,0,0,0,0,1,1,6,6,2,33,6,1598,2,7,VOLKSWAGEN GOLF,3,E01003976,0,-1
2023010455914,2023,010455914,2,9,0,99,99,9,9,99,99,9,9,99,9,99,1,9,6,6,3,-1,-1,1498,1,3,VOLKSWAGEN GOLF,-1,-1,0,-1
2023552300808,2023,552300808,1,9,0,5,5,2,6,0,0,0,0,0,0,0,1,1,6,6,1,19,4,1598,1,16,VOLKSWAGEN GOLF,7,E01020403,0,-1
2023401414924,2023,401414924,1,9,0,5,5,3,7,0,0,0,0,0,0,0,3,1,6,6,1,83,11,1896,2,15,VOLKSWAGEN GOLF,8,E01015770,0,-1
2023451345114,2023,451345114,1,9,0,18,19,7,3,0,0,0,5,0,0,0,4,1,5,6,2,86,11,1600,1,18,VOLKSWAGEN GOLF,6,E01030912,0,-1
2023010466663,2023,010466663,1,9,0,18,19,7,3,0,0,5,0,0,7,1,1,1,6,6,1,24,5,1395,1,9,VOLKSWAGEN GOLF,-1,-1,0,-1
2023010456017,2023,010456017,1,9,0,18,19,3,7,0,0,4,0,0,0,0,1,1,6,6,2,24,5,1395,1,8,VOLKSWAGEN GOLF,9,E01016585,0,-1
2023131286994,2023,131286994,6,9,0,18,19,5,1,0,0,0,0,0,0,0,3,1,1,1,1,52,8,1498,1,3,VOLKSWAGEN GOLF,3,E01011125,0,-1
2023320771845,2023,320771845,1,9,0,1,1,6,2,9,9,6,0,0,0,0,2,1,6,6,3,-1,-1,1968,2,16,VOLKSWAGEN GOLF,-1,-1,0,-1
2023430574046,2023,430574046,1,9,0,9,9,2,1,0,0,5,0,0,0,0,1,1,6,6,1,31,6,1968,2,13,VOLKSWAGEN GOLF,7,E01016344,0,-1
2023010450716,2023,010450716,2,9,0,18,19,3,7,0,0,0,0,0,0,0,0,1,6,6,1,33,6,1984,1,16,VOLKSWAGEN GOLF,-1,-1,0,-1
2023991389309,2023,991389309,1,9,0,9,9,8,7,0,0,8,0,0,7,11,1,1,5,6,2,38,7,1598,2,10,VOLKSWAGEN GOLF,1,-1,0,-1
2023371260153,2023,371260153,2,9,0,18,19,6,2,0,0,0,0,0,0,0,1,1,5,6,2,74,10,1390,1,17,VOLKSWAGEN GOLF,10,E01018040,0,-1
2023201295240,2023,201295240,1,9,0,16,19,1,4,0,0,1,0,0,0,0,1,1,6,6,3,29,6,1968,2,5,VOLKSWAGEN GOLF,7,E01009870,0,-1
2023201363847,2023,201363847,2,9,0,5,5,4,8,0,0,8,0,0,0,0,2,1,6,6,1,55,8,1968,2,1,VOLKSWAGEN GOLF,2,E01009499,0,-1
2023991361070,2023,991361070,1,9,0,15,15,1,4,0,0,0,1,0,0,0,1,1,2,2,1,26,6,1984,1,7,VOLKSWAGEN GOLF,4,-1,0,-1
2023520400632,2023,520400632,1,9,0,18,19,8,5,0,0,8,0,0,0,0,1,1,6,6,2,26,6,1598,2,13,VOLKSWAGEN GOLF,7,E01029278,0,-1
2023302300096,2023,302300096,2,9,0,4,4,8,4,0,0,1,0,0,0,0,2,1,6,6,2,55,8,1598,2,10,VOLKSWAGEN GOLF,10,E01019830,0,-1
2023010438211,2023,010438211,1,9,0,7,7,7,1,0,0,6,0,0,0,0,1,1,3,7,2,21,5,1197,1,13,VOLKSWAGEN GOLF,10,E01032623,0,-1
2023131357081,2023,131357081,2,9,0,5,5,1,1,0,0,0,0,0,0,0,1,1,6,6,1,26,6,1968,2,10,VOLKSWAGEN GOLF,1,E01010677,0,-1
2023991279246,2023,991279246,1,8,0,18,19,3,7,0,0,1,0,0,0,0,4,1,1,1,1,46,8,1598,2,5,-1,8,-1,0,-1
2023461377286,2023,461377286,2,9,0,3,3,1,2,0,0,0,0,0,0,0,2,1,2,2,2,-1,-1,1390,1,12,VOLKSWAGEN GOLF,6,E01021118,0,-1
2023201416302,2023,201416302,1,9,0,1,1,4,8,0,0,0,0,4,4,0,1,1,6,6,3,25,5,1968,2,2,VOLKSWAGEN GOLF,1,E01009378,0,-1
2023010463144,2023,010463144,1,9,0,9,9,3,2,0,0,6,0,0,0,0,1,1,6,6,1,68,10,1498,1,2,VOLKSWAGEN GOLF,-1,-1,0,-1
2023991303137,2023,991303137,2,9,0,15,15,2,6,0,0,1,0,0,7,4,1,1,1,1,1,48,8,1598,2,3,VOLKSWAGEN GOLF,7,-1,0,-1
2023311339993,2023,311339993,1,9,0,7,7,5,5,0,0,0,0,0,0,0,2,1,5,6,2,17,4,1598,2,4,VOLKSWAGEN GOLF,9,E01013979,0,-1
2023311343220,2023,311343220,1,9,0,18,19,7,3,0,0,1,0,0,0,0,3,1,5,6,1,20,4,1598,2,6,VOLKSWAGEN GOLF,4,E01026230,0,-1
2023061343091,2023,061343091,1,9,0,18,19,7,3,0,0,8,0,0,0,0,1,1,5,6,1,53,8,1968,2,5,VOLKSWAGEN GOLF,6,E01004981,0,-1
2023041427289,2023,041427289,2,9,0,18,19,6,2,0,0,0,0,0,0,0,1,1,5,6,1,31,6,1984,1,9,VOLKSWAGEN GOLF,3,E01012617,0,-1
2023201400574,2023,201400574,1,9,0,18,19,8,4,0,0,0,1,0,0,0,1,1,6,6,1,-1,-1,2000,1,18,VOLKSWAGEN GOLF,-1,-1,0,-1
2023991290559,2023,991290559,1,9,0,18,19,1,3,0,0,7,0,0,0,0,1,1,6,6,1,30,6,1598,2,13,VOLKSWAGEN GOLF,8,-1,0,-1
2023440215687,2023,440215687,1,9,0,18,19,4,8,0,0,0,0,0,1,4,1,1,6,6,1,84,11,1595,1,21,VOLKSWAGEN GOLF,5,E01022616,0,-1
2023201310852,2023,201310852,1,9,0,18,19,6,2,0,0,1,0,0,0,0,1,1,6,6,1,33,6,1598,2,11,VOLKSWAGEN GOLF,5,E01009283,0,-1
2023302301943,2023,302301943,3,9,0,3,3,3,7,0,0,1,0,0,0,0,1,1,2,2,1,27,6,1968,2,9,VOLKSWAGEN GOLF,2,E01013836,0,-1
2023600338491,2023,600338491,1,9,0,13,13,4,8,0,0,0,0,0,0,0,4,1,6,6,1,55,8,1984,1,4,VOLKSWAGEN GOLF,7,W01000255,0,-1
2023041420987,2023,041420987,1,9,0,18,19,7,3,0,0,1,0,0,0,0,-1,1,6,6,3,-1,-1,2000,1,14,VOLKSWAGEN GOLF,-1,-1,0,-1
2023010455313,2023,010455313,2,9,0,99,99,9,9,99,99,9,9,99,9,99,1,9,6,6,3,-1,-1,999,1,4,VOLKSWAGEN GOLF,-1,-1,0,-1
2023351427871,2023,351427871,2,9,0,18,19,1,5,0,0,1,0,0,0,0,1,1,6,6,1,27,6,1896,2,16,VOLKSWAGEN GOLF,2,E01015601,0,-1
2023131324863,2023,131324863,2,9,0,4,4,2,6,0,0,0,0,0,0,0,0,1,6,6,3,-1,-1,1498,8,0,VOLKSWAGEN GOLF,-1,-1,0,-1
2023131371863,2023,131371863,1,9,0,18,19,5,1,0,0,8,0,0,1,5,1,1,5,6,1,46,8,1498,1,2,VOLKSWAGEN GOLF,3,E01011242,0,-1
2023141357029,2023,141357029,1,9,0,14,14,1,6,0,0,8,0,0,0,0,1,1,6,6,3,-1,-1,1598,2,10,VOLKSWAGEN GOLF,-1,-1,0,-1
2023451379326,2023,451379326,1,9,0,18,19,5,1,0,0,0,0,4,0,0,1,1,5,6,1,85,11,1395,1,9,VOLKSWAGEN GOLF,8,E01030440,0,-1
2023610034723,2023,610034723,2,9,0,2,2,0,0,0,0,0,0,0,0,0,1,1,6,6,2,32,6,1968,2,10,VOLKSWAGEN GOLF,3,W01001448,0,-1
2023471309026,2023,471309026,3,9,0,2,2,0,0,0,0,0,0,0,0,0,1,1,6,6,3,-1,-1,1395,8,6,VOLKSWAGEN GOLF,-1,-1,0,-1
2023451322335,2023,451322335,1,9,0,11,11,6,2,0,0,0,0,0,0,0,2,1,5,6,2,41,7,1984,1,5,VOLKSWAGEN GOLF,10,E01030882,0,-1
2023221351699,2023,221351699,1,9,0,13,13,8,4,0,0,8,0,0,1,11,1,1,5,6,1,50,8,1598,2,7,VOLKSWAGEN GOLF,10,E01032162,0,-1
2023201395583,2023,201395583,2,9,0,4,4,6,2,0,0,1,0,0,0,0,2,1,6,6,1,39,7,1390,1,12,VOLKSWAGEN GOLF,5,E01009072,0,-1
2023461332576,2023,461332576,1,9,0,5,5,5,3,0,0,6,0,0,0,0,1,1,5,6,2,31,6,1598,2,8,VOLKSWAGEN GOLF,5,E01024495,0,-1
2023010468198,2023,010468198,1,9,0,18,19,5,1,0,0,4,0,0,0,0,1,1,6,6,2,59,9,999,1,5,VOLKSWAGEN GOLF,8,E01002383,0,-1
2023141291001,2023,141291001,1,9,0,9,9,5,3,0,0,5,0,0,0,0,1,1,5,6,2,30,6,1968,2,9,VOLKSWAGEN GOLF,9,E01007691,0,-1
2023131393171,2023,131393171,2,9,0,-1,-1,-1,-1,-1,-1,6,-1,-1,-1,-1,-1,1,6,6,3,-1,-1,1968,2,13,VOLKSWAGEN GOLF,-1,-1,0,-1
2023201418968,2023,201418968,1,9,0,10,10,4,8,0,0,8,0,0,0,0,1,1,6,6,3,-1,-1,1968,2,12,VOLKSWAGEN GOLF,-1,-1,0,-1
2023010432522,2023,010432522,2,9,0,99,99,9,9,99,99,9,9,99,9,99,9,9,6,6,3,-1,-1,1896,2,16,VOLKSWAGEN GOLF,-1,-1,0,-1
2023010445049,2023,010445049,2,9,0,99,99,9,9,99,99,9,9,99,9,99,1,9,6,6,2,43,7,1598,2,8,VOLKSWAGEN GOLF,5,E01000615,0,-1
2023411406801,2023,411406801,6,9,0,18,19,5,1,0,0,0,0,0,0,0,1,1,5,6,2,45,7,1984,1,6,VOLKSWAGEN GOLF,10,E01018267,0,-1
2023201315735,2023,201315735,2,9,0,9,9,5,2,0,0,6,0,0,0,0,1,1,2,2,2,83,11,1595,1,20,VOLKSWAGEN GOLF,1,E01009571,0,-1
2023101376112,2023,101376112,2,9,0,13,13,4,1,0,0,0,0,0,0,0,1,1,2,2,1,34,6,1896,2,19,VOLKSWAGEN GOLF,8,E01027418,0,-1
2023991314378,2023,991314378,9,9,0,18,19,8,4,0,0,0,0,1,0,0,1,1,6,6,2,44,7,1968,2,4,VOLKSWAGEN GOLF,10,-1,0,-1
2023520400006,2023,520400006,1,9,0,18,19,7,3,0,0,0,5,0,0,0,1,1,6,6,1,24,5,1984,1,15,VOLKSWAGEN GOLF,8,E01014444,0,-1
2023010424802,2023,010424802,1,9,0,18,19,1,5,0,0,1,0,0,0,0,1,2,6,6,2,71,10,1781,1,20,VOLKSWAGEN GOLF,-1,-1,0,-1
2023070173891,2023,070173891,1,9,0,13,13,4,8,0,0,1,0,0,0,0,4,1,6,6,1,19,4,1598,2,8,VOLKSWAGEN GOLF,2,E01012466,0,-1
2023131330036,2023,131330036,2,9,0,18,19,8,4,0,0,0,0,0,0,0,1,1,5,6,1,25,5,1598,2,12,VOLKSWAGEN GOLF,2,E01011235,0,-1
2023041318703,2023,041318703,1,9,0,9,9,3,1,0,0,1,0,0,0,0,1,1,6,6,2,23,5,1395,1,9,VOLKSWAGEN GOLF,1,E01024878,0,-1
2023010419503,2023,010419503,2,9,0,18,19,5,1,0,0,1,0,0,0,0,3,1,6,6,1,17,4,1395,1,10,VOLKSWAGEN GOLF,4,E01004357,0,-1
2023010433301,2023,010433301,1,9,0,9,9,5,3,0,0,2,0,0,0,0,1,1,2,2,1,39,7,1598,2,6,VOLKSWAGEN GOLF,4,E01003632,0,-1
2023421260744,2023,421260744,2,9,0,17,19,5,1,0,0,0,0,0,0,0,1,1,6,6,1,32,6,1968,2,8,VOLKSWAGEN GOLF,6,E01021597,0,-1
2023421279682,2023,421279682,2,9,0,18,19,7,3,0,0,2,0,0,0,0,3,1,5,6,1,31,6,1984,1,7,VOLKSWAGEN GOLF,2,E01030013,0,-1
2023430189714,2023,430189714,1,9,0,15,15,8,4,0,0,0,1,0,4,6,1,1,6,6,3,-1,-1,1984,1,4,VOLKSWAGEN GOLF,-1,-1,0,-1
2023622300982,2023,622300982,1,9,0,9,9,4,2,0,0,1,0,0,0,0,1,1,2,2,1,22,5,1598,2,10,VOLKSWAGEN GOLF,10,E01000772,0,-1
202363C021423,2023,63C021423,1,9,0,4,4,8,4,0,0,0,0,0,0,0,2,1,6,6,1,23,5,1598,2,6,VOLKSWAGEN GOLF,6,W01000579,0,-1
2023141360615,2023,141360615,1,9,0,15,15,6,2,0,0,1,0,0,0,0,1,1,5,6,1,38,7,1968,2,14,VOLKSWAGEN GOLF,1,E01007715,0,-1
2023522300450,2023,522300450,1,9,0,17,19,6,4,0,0,8,0,0,0,0,4,1,6,6,1,47,8,1968,2,12,VOLKSWAGEN GOLF,5,E01014518,0,-1
2023451352461,2023,451352461,1,9,0,18,19,8,4,0,0,0,0,0,0,0,4,1,5,6,2,23,5,2000,1,13,VOLKSWAGEN GOLF,3,E01030788,0,-1
2023552300632,2023,552300632,2,9,0,18,19,4,8,0,0,8,2,0,7,9,4,1,6,6,1,37,7,1598,2,12,VOLKSWAGEN GOLF,4,E01029186,0,-1
2023332300656,2023,332300656,2,9,0,12,12,1,5,0,0,8,0,0,1,0,1,1,6,6,1,34,6,1600,1,19,VOLKSWAGEN GOLF,6,E01013757,0,-1
2023302301214,2023,302301214,3,9,0,2,2,0,0,9,9,2,0,0,0,0,2,1,6,6,3,-1,-1,1968,2,14,VOLKSWAGEN GOLF,-1,-1,0,-1
2023531331909,2023,531331909,1,9,0,18,19,1,5,0,0,0,0,0,0,0,1,1,5,6,2,54,8,1395,1,7,VOLKSWAGEN GOLF,4,E01022149,0,-1
2023010486205,2023,010486205,2,9,0,18,19,7,3,0,0,1,0,0,0,0,1,1,6,6,3,-1,-1,1390,1,15,VOLKSWAGEN GOLF,-1,-1,0,-1
2023311375331,2023,311375331,1,9,0,9,9,6,4,0,0,8,0,0,0,0,4,1,6,6,2,40,7,1600,2,14,VOLKSWAGEN GOLF,9,E01028117,0,-1
2023461354206,2023,461354206,3,9,0,2,2,0,0,0,0,1,0,4,0,0,2,1,6,6,2,-1,-1,1598,2,9,VOLKSWAGEN GOLF,-1,-1,0,-1
2023471272638,2023,471272638,1,9,0,9,9,2,8,0,0,6,0,0,0,0,1,1,5,6,1,26,6,1395,1,9,VOLKSWAGEN GOLF,6,E01031392,0,-1
2023031347288,2023,031347288,2,9,0,18,19,5,1,0,0,1,0,0,0,0,3,1,5,6,1,58,9,1598,1,20,VOLKSWAGEN GOLF,6,E01025473,0,-1
2023061353922,2023,061353922,1,9,-1,-1,-1,-1,-1,-1,-1,-1,-1,-1,-1,0,-1,1,6,6,3,-1,-1,3200,1,16,VOLKSWAGEN GOLF,-1,-1,0,-1
2023471311908,2023,471311908,2,9,0,4,4,7,3,0,0,0,0,0,0,0,1,1,5,6,2,80,11,1600,2,14,VOLKSWAGEN GOLF,10,E01021158,0,-1
2023201295696,2023,201295696,2,9,0,18,19,8,4,0,0,0,0,0,0,0,4,1,1,1,1,-1,-1,1395,1,7,VOLKSWAGEN GOLF,1,E01009059,0,-1
2023131344283,2023,131344283,1,9,0,5,5,1,5,0,0,0,0,0,0,0,1,1,5,6,1,46,8,1900,2,17,VOLKSWAGEN GOLF,3,E01010891,0,-1
2023010423546,2023,010423546,1,9,0,5,5,8,4,0,0,1,0,0,0,0,4,1,6,6,2,82,11,1390,1,12,VOLKSWAGEN GOLF,6,E01000555,0,-1
2023520300781,2023,520300781,2,9,0,2,2,0,0,0,0,0,0,0,0,0,2,1,6,6,1,42,7,1391,1,28,VOLKSWAGEN GOLF,5,E01029193,0,-1
2023041299578,2023,041299578,2,9,0,18,19,7,3,0,0,0,0,0,0,0,1,1,2,2,1,22,5,1896,2,22,VOLKSWAGEN GOLF,6,E01027559,0,-1
2023101351788,2023,101351788,2,9,0,18,19,7,3,0,0,8,0,0,0,0,2,1,2,2,1,38,7,1968,2,13,VOLKSWAGEN GOLF,1,E01008325,0,-1
2023451339611,2023,451339611,2,9,0,16,19,7,3,0,0,0,0,0,0,0,1,1,5,6,1,43,7,1968,2,11,VOLKSWAGEN GOLF,6,E01031676,0,-1
2023131387885,2023,131387885,1,9,0,-1,-1,-1,-1,-1,-1,8,-1,-1,-1,0,-1,1,6,6,1,25,5,1968,2,9,VOLKSWAGEN GOLF,3,E01010836,0,-1
2023061303653,2023,061303653,3,9,0,18,19,4,8,0,0,8,0,0,0,0,3,1,6,6,1,23,5,1968,2,7,VOLKSWAGEN GOLF,-1,-1,0,-1
2023411359718,2023,411359718,1,9,0,18,19,4,8,0,0,0,0,0,0,0,1,1,6,6,1,21,5,1781,1,20,VOLKSWAGEN GOLF,9,E01017759,0,-1
2023010486092,2023,010486092,1,9,0,99,99,9,9,99,99,9,9,99,9,99,2,9,6,6,2,26,6,1984,1,4,VOLKSWAGEN GOLF,8,E01031103,0,-1
2023131275230,2023,131275230,1,9,0,4,4,3,7,0,0,0,0,0,0,0,1,1,6,6,2,66,10,1498,1,2,VOLKSWAGEN GOLF,7,E01010955,0,-1
2023501262748,2023,501262748,2,9,0,2,2,0,0,0,0,8,0,0,0,0,2,1,6,6,3,-1,-1,1598,2,12,VOLKSWAGEN GOLF,-1,-1,0,-1
202363C009423,2023,63C009423,2,9,0,18,19,5,1,0,0,8,0,0,0,0,1,1,6,6,1,60,9,1896,2,20,VOLKSWAGEN GOLF,7,W01000597,0,-1
2023010465784,2023,010465784,1,9,0,7,7,6,7,0,0,5,0,0,0,0,3,1,2,2,2,57,9,1984,1,8,VOLKSWAGEN GOLF,1,E01004710,0,-1
2023070979108,2023,070979108,1,9,0,1,1,6,2,0,0,2,0,0,0,0,2,1,6,6,1,24,5,1968,2,3,VOLKSWAGEN GOLF,9,E01012492,0,-1
2023010457455,2023,010457455,2,9,0,18,19,8,4,0,0,1,1,0,0,0,1,1,6,6,1,31,6,1595,1,21,VOLKSWAGEN GOLF,10,E01004122,0,-1
2023122300763,2023,122300763,1,9,0,18,19,1,5,0,0,0,0,0,0,0,1,1,6,6,1,34,6,1598,2,12,VOLKSWAGEN GOLF,8,E01013392,0,-1
2023041332383,2023,041332383,2,9,0,18,19,5,1,0,0,2,0,0,0,0,3,1,2,2,2,29,6,1598,2,6,VOLKSWAGEN GOLF,4,E01025113,0,-1
2023451300629,2023,451300629,4,9,0,18,19,7,3,0,0,0,0,0,0,0,1,1,6,6,2,48,8,999,1,4,VOLKSWAGEN GOLF,8,E01030490,0,-1
2023031380184,2023,031380184,1,9,0,7,7,4,8,0,0,0,0,0,0,0,1,1,6,6,1,41,7,1598,2,12,VOLKSWAGEN GOLF,-1,-1,0,-1
2023421399189,2023,421399189,2,9,0,2,2,0,0,9,9,5,0,0,2,0,3,1,6,6,3,-1,-1,1390,1,13,VOLKSWAGEN GOLF,-1,-1,0,-1
2023471325948,2023,471325948,2,9,0,16,19,3,7,0,0,0,0,0,1,0,1,1,5,6,1,69,10,1968,2,14,VOLKSWAGEN GOLF,8,E01031778,0,-1
2023440068376,2023,440068376,1,9,0,18,19,8,4,0,0,1,1,0,1,0,1,1,6,6,2,26,6,1968,2,15,VOLKSWAGEN GOLF,7,E01017046,0,-1
2023131262797,2023,131262797,1,9,0,18,19,5,5,0,0,1,0,0,0,0,1,1,6,6,1,39,7,1968,2,13,VOLKSWAGEN GOLF,8,E01010997,0,-1
2023991275805,2023,991275805,1,9,0,18,19,1,5,0,0,0,0,0,0,0,1,1,6,6,2,33,6,1968,2,5,VOLKSWAGEN GOLF,4,-1,0,-1
2023010440718,2023,010440718,2,9,0,99,99,9,9,99,99,9,9,99,9,99,2,9,6,6,3,-1,-1,1498,1,3,VOLKSWAGEN GOLF,5,E01033322,0,-1
2023052302511,2023,052302511,1,9,0,5,5,6,1,0,0,1,0,0,0,0,1,1,6,6,1,25,5,1896,2,15,VOLKSWAGEN GOLF,1,E01006556,0,-1
2023101385382,2023,101385382,2,9,0,10,10,1,5,0,0,1,0,0,0,0,2,1,6,6,1,26,6,1598,2,9,VOLKSWAGEN GOLF,7,E01008313,0,-1
2023122300307,2023,122300307,1,9,0,1,1,1,5,0,0,0,0,0,0,0,2,1,6,6,3,68,10,1400,1,14,VOLKSWAGEN GOLF,10,E01027675,0,-1
2023351305226,2023,351305226,1,9,0,18,19,7,3,0,0,0,1,0,4,0,1,1,3,7,1,40,7,1595,1,14,VOLKSWAGEN GOLF,4,E01015630,0,-1
2023101367161,2023,101367161,1,9,0,18,19,8,4,0,0,0,0,0,0,0,1,1,6,6,1,23,5,1390,1,19,VOLKSWAGEN GOLF,-1,-1,0,-1
2023201355924,2023,201355924,2,9,0,18,19,1,5,0,0,8,0,0,0,0,1,1,5,6,2,20,4,999,1,5,VOLKSWAGEN GOLF,3,E01031080,0,-1
2023231362191,2023,231362191,1,9,0,18,19,3,7,0,0,4,0,0,0,0,1,1,6,6,2,61,9,1395,1,6,VOLKSWAGEN GOLF,7,E01009645,0,-1
2023010444752,2023,010444752,2,9,0,99,99,9,9,99,99,9,9,99,9,99,2,9,6,6,3,-1,-1,1395,1,7,VOLKSWAGEN GOLF,10,E01002155,0,-1
2023061370894,2023,061370894,2,9,0,18,19,7,3,0,0,0,0,0,0,0,0,1,5,6,2,58,9,1968,2,7,VOLKSWAGEN GOLF,4,E01006219,0,-1
2023421338140,2023,421338140,1,9,0,18,19,2,6,0,0,0,0,0,0,0,1,1,5,6,2,23,5,1598,2,13,VOLKSWAGEN GOLF,10,E01033055,0,-1
2023451279950,2023,451279950,1,9,0,5,5,5,1,0,0,8,1,0,0,0,1,1,5,6,1,34,6,1968,2,6,VOLKSWAGEN GOLF,6,E01002674,0,-1
2023141272194,2023,141272194,1,9,0,4,4,6,2,0,0,0,0,10,0,0,1,1,2,2,1,32,6,1968,2,14,VOLKSWAGEN GOLF,1,E01007509,0,-1
2023471309812,2023,471309812,3,9,0,2,2,0,0,0,0,0,0,4,0,0,4,1,6,6,3,-1,-1,1395,1,6,VOLKSWAGEN GOLF,-1,-1,0,-1
2023430337567,2023,430337567,2,9,0,7,7,8,3,0,0,6,0,0,0,0,1,1,6,6,2,20,4,1968,2,9,VOLKSWAGEN GOLF,10,E01017632,0,-1
2023552300152,2023,552300152,1,9,0,13,13,8,4,0,0,0,0,0,1,3,1,1,6,6,1,19,4,1896,2,21,VOLKSWAGEN GOLF,4,E01020581,0,-1
2023430192994,2023,430192994,1,9,0,18,19,3,7,0,0,0,0,0,0,0,1,1,3,7,2,28,6,1968,2,12,VOLKSWAGEN GOLF,8,E01017671,0,-1
2023421334715,2023,421334715,1,9,0,13,13,4,8,0,0,0,1,0,0,0,1,1,5,6,1,20,4,1968,2,6,VOLKSWAGEN GOLF,6,E01021884,0,-1
2023131350191,2023,131350191,1,9,0,18,19,4,8,0,0,0,5,10,8,9,1,1,2,2,1,28,6,1984,1,9,VOLKSWAGEN GOLF,3,E01011868,0,-1
2023451279545,2023,451279545,3,9,0,3,3,1,5,0,0,1,0,0,0,0,2,1,2,2,1,56,9,1968,2,1,VOLKSWAGEN GOLF,6,E01029165,0,-1
2023010438156,2023,010438156,1,9,0,4,4,5,1,0,0,1,0,0,0,0,2,1,6,6,1,22,5,1390,1,19,VOLKSWAGEN GOLF,-1,-1,0,-1
2023361318714,2023,361318714,3,9,0,18,19,7,3,0,0,0,0,0,0,0,2,1,6,6,1,57,9,1598,2,7,VOLKSWAGEN GOLF,1,E01026626,0,-1
2023311292478,2023,311292478,1,9,0,5,5,4,8,0,0,1,0,0,0,0,1,1,6,6,2,52,8,1968,2,7,VOLKSWAGEN GOLF,3,E01019665,0,-1
2023010420336,2023,010420336,1,9,0,9,9,6,3,0,0,5,0,0,0,0,4,1,6,6,1,35,6,1395,1,9,VOLKSWAGEN GOLF,9,E01001300,0,-1
2023401342214,2023,401342214,3,9,0,2,2,0,0,0,0,0,0,0,0,0,3,1,6,6,3,-1,-1,1598,2,10,VOLKSWAGEN GOLF,-1,-1,0,-1
2023471381298,2023,471381298,1,9,0,17,19,6,2,0,0,0,1,0,1,4,1,1,2,2,1,31,6,1968,2,10,VOLKSWAGEN GOLF,9,E01031764,0,-1
2023131326030,2023,131326030,1,9,0,18,19,3,7,0,0,0,1,0,0,0,1,1,6,6,1,19,4,1900,2,17,VOLKSWAGEN GOLF,9,E01011404,0,-1