collision_index,collision_year,collision_ref_no,vehicle_reference,vehicle_type,towing_and_articulation,vehicle_manoeuvre_historic,vehicle_manoeuvre,vehicle_direction_from,vehicle_direction_to,vehicle_location_restricted_lane_historic,vehicle_location_restricted_lane,junction_location,skidding_and_overturning,hit_object_in_carriageway,vehicle_leaving_carriageway,hit_object_off_carriageway,first_point_of_impact,vehicle_left_hand_drive,journey_purpose_of_driver_historic,journey_purpose_of_driver,sex_of_driver,age_of_driver,age_band_of_driver,engine_capacity_cc,propulsion_code,age_of_vehicle,generic_make_model,driver_imd_decile,lsoa_of_driver,escooter_flag,driver_distance_banding
2023010420018,2023,010420018,1,9,0,5,5,5,1,0,0,6,0,0,0,0,1,1,6,6,2,57,9,1390,1,11,VOLKSWAGEN GOLF,8,E01000254,0,-1
2023231379890,2023,231379890,1,9,0,18,19,7,3,0,0,0,0,0,7,9,3,1,5,6,1,84,11,1968,2,0,VOLKSWAGEN GOLF,-1,-1,0,-1
2023201338817,2023,201338817,2,9,0,18,19,6,2,0,0,0,0,10,7,4,4,1,6,6,1,34,6,1598,2,7,VOLKSWAGEN GOLF,5,E01009279,0,-1
2023430442663,2023,430442663,1,9,0,16,19,6,8,0,0,8,0,0,0,0,1,1,6,6,2,63,9,999,1,4,VOLKSWAGEN GOLF,10,E01017607,0,-1
2023141360381,2023,141360381,2,9,0,13,13,2,6,0,0,0,0,0,0,0,1,1,6,6,1,24,5,1598,2,11,VOLKSWAGEN GOLF,1,E01007870,0,-1
2023131348916,2023,131348916,2,9,0,18,19,1,5,0,0,8,0,0,7,11,4,1,5,6,2,28,6,1598,2,9,VOLKSWAGEN GOLF,1,E01010803,0,-1
2023231373595,2023,231373595,2,9,0,18,19,5,1,0,0,8,0,0,0,0,1,1,6,6,1,42,7,1598,2,9,VOLKSWAGEN GOLF,3,E01019675,0,-1
2023131299874,2023,131299874,2,9,0,18,19,6,2,0,0,0,0,0,0,0,2,1,1,1,1,32,6,1598,2,13,VOLKSWAGEN GOLF,4,E01010671,0,-1
2023471353362,2023,471353362,1,9,0,5,5,1,5,0,0,4,0,0,0,0,1,1,5,6,1,24,5,1598,1,20,VOLKSWAGEN GOLF,1,E01016910,0,-1
2023522301307,2023,522301307,1,9,0,9,9,4,2,0,0,6,0,0,0,0,4,1,6,6,1,29,6,1395,1,10,VOLKSWAGEN GOLF,7,E01014554,0,-1
2023471318864,2023,471318864,1,9,0,6,6,8,7,0,0,0,0,0,0,0,3,1,6,6,1,49,8,1968,2,12,VOLKSWAGEN GOLF,7,E01031357,0,-1
2023010469270,2023,010469270,1,9,0,13,13,5,1,0,0,0,1,0,7,9,1,1,6,6,3,17,4,1390,1,13,VOLKSWAGEN GOLF,10,E01023948,0,-1
2023332300031,2023,332300031,2,9,0,4,4,7,3,0,0,0,0,0,0,0,1,1,2,2,1,55,8,1598,1,20,VOLKSWAGEN GOLF,3,E01013665,0,-1
2023991303697,2023,991303697,4,9,0,2,2,0,0,0,0,0,0,0,0,0,3,1,6,6,3,-1,-1,1598,2,13,VOLKSWAGEN GOLF,-1,-1,0,-1
2023101362591,2023,101362591,1,9,0,9,9,3,7,0,0,8,0,0,0,0,3,1,6,6,1,34,6,1598,2,14,VOLKSWAGEN GOLF,1,E01008290,0,-1
2023471287590,2023,471287590,1,9,0,16,19,4,7,0,0,0,0,0,7,0,1,1,2,2,1,45,7,1968,2,14,VOLKSWAGEN GOLF,6,E01024847,0,-1
2023421296266,2023,421296266,2,9,0,2,2,0,0,0,0,0,0,0,0,0,3,1,6,6,3,-1,-1,1598,2,9,VOLKSWAGEN GOLF,-1,-1,0,-1
2023451309850,2023,451309850,1,9,0,9,9,5,3,0,0,6,0,0,0,0,3,1,5,6,2,66,10,1498,1,4,VOLKSWAGEN GOLF,6,E01030755,0,-1
2023471272412,2023,471272412,1,9,0,18,19,7,3,0,0,0,0,0,0,0,1,1,5,6,2,66,10,-1,3,4,VOLKSWAGEN GOLF,8,E01021147,0,-1
2023501395703,2023,501395703,1,9,0,18,19,7,3,0,0,0,0,0,0,0,2,1,6,6,3,-1,-1,2000,2,18,VOLKSWAGEN GOLF,-1,-1,0,-1
2023010436173,2023,010436173,2,9,0,99,99,9,9,99,99,9,9,99,9,99,9,9,6,6,3,-1,-1,1896,2,16,VOLKSWAGEN GOLF,-1,-1,0,-1
2023010435106,2023,010435106,1,9,0,7,7,7,1,0,0,6,0,0,1,0,3,1,6,6,1,19,4,1598,2,8,VOLKSWAGEN GOLF,4,E01023260,0,-1
2023430176551,2023,430176551,1,9,0,9,9,1,6,0,0,6,0,0,0,0,3,1,6,6,2,47,8,1598,2,13,VOLKSWAGEN GOLF,5,E01016472,0,-1
2023201284362,2023,201284362,1,9,0,18,19,7,3,0,0,1,0,0,0,0,1,1,6,6,1,33,6,1390,1,13,VOLKSWAGEN GOLF,3,E01009120,0,-1
2023332301275,2023,332301275,1,9,0,9,9,1,7,0,0,5,0,0,0,0,1,1,6,6,1,-1,-1,1390,1,14,VOLKSWAGEN GOLF,-1,-1,0,-1
2023471345678,2023,471345678,2,9,0,2,2,0,0,0,0,0,1,0,0,0,2,1,6,6,3,-1,-1,1598,2,11,VOLKSWAGEN GOLF,-1,-1,0,-1
2023461394176,2023,461394176,1,9,0,18,19,7,3,0,0,0,0,0,0,0,1,1,6,6,1,30,6,1600,1,18,VOLKSWAGEN GOLF,4,E01024387,0,-1
2023430270130,2023,430270130,1,9,0,18,19,1,5,0,0,1,0,0,0,0,1,1,6,6,2,22,5,1395,1,9,VOLKSWAGEN GOLF,2,E01016463,0,-1
2023451382601,2023,451382601,2,9,0,9,9,7,3,0,0,2,0,0,0,0,2,1,5,6,2,24,5,1498,1,2,VOLKSWAGEN GOLF,9,E01016983,0,-1
2023351289502,2023,351289502,2,9,0,10,10,3,1,0,0,1,0,0,0,0,3,1,5,6,2,42,7,1968,2,16,VOLKSWAGEN GOLF,3,E01018145,0,-1
2023320684786,2023,320684786,1,9,0,9,9,1,7,0,0,6,0,0,0,0,1,1,6,6,1,20,4,1968,2,7,VOLKSWAGEN GOLF,8,E01026368,0,-1
2023141350522,2023,141350522,1,9,0,12,12,2,6,0,0,2,0,0,0,0,1,1,5,6,2,37,7,1598,2,13,VOLKSWAGEN GOLF,3,E01007510,0,-1
2023440381659,2023,440381659,1,9,0,17,19,7,5,0,0,1,0,0,0,0,1,1,2,2,2,25,5,1498,1,4,VOLKSWAGEN GOLF,10,E01022985,0,-1
2023131305030,2023,131305030,2,9,0,18,19,5,1,0,0,1,0,0,0,0,3,1,5,6,2,23,5,1598,2,10,VOLKSWAGEN GOLF,4,E01011023,0,-1
2023061282244,2023,061282244,1,9,0,9,9,-1,-1,0,0,0,0,0,0,0,1,1,6,6,1,35,6,1598,2,6,VOLKSWAGEN GOLF,6,E01005396,0,-1
2023161353013,2023,161353013,2,9,0,18,19,3,7,0,0,0,0,0,0,0,1,1,5,6,1,26,6,1968,2,14,VOLKSWAGEN GOLF,7,E01012815,0,-1
2023991376155,2023,991376155,1,9,0,18,19,3,7,0,0,0,0,0,0,0,1,1,5,6,1,40,7,1968,2,15,VOLKSWAGEN GOLF,1,-1,0,-1
2023061327843,2023,061327843,1,9,0,3,3,1,6,8,6,0,0,0,0,0,1,1,6,6,2,37,7,2000,1,17,VOLKSWAGEN GOLF,3,E01006106,0,-1
2023101377344,2023,101377344,1,9,0,18,19,8,4,0,0,8,0,0,0,0,1,1,1,1,1,18,4,1598,2,12,VOLKSWAGEN GOLF,1,E01033076,0,-1
2023010437118,2023,010437118,2,9,0,99,99,9,9,99,99,9,9,99,9,99,1,9,6,6,3,-1,-1,1896,2,16,VOLKSWAGEN GOLF,-1,-1,0,-1
2023052301187,2023,052301187,3,9,0,18,19,4,8,0,0,1,0,0,0,0,2,1,6,6,1,25,5,1498,8,1,VOLKSWAGEN GOLF,2,E01006785,0,-1
2023320369506,2023,320369506,1,9,0,9,9,4,3,0,0,8,0,0,0,0,1,1,6,6,1,72,10,1968,2,5,VOLKSWAGEN GOLF,8,E01026035,0,-1
2023430458646,2023,430458646,1,9,0,6,6,8,8,0,0,8,0,0,0,0,4,1,6,6,1,-1,-1,1197,1,11,VOLKSWAGEN GOLF,4,E01016359,0,-1
2023520000967,2023,520000967,2,9,0,18,19,4,8,0,0,0,0,0,0,0,1,1,6,6,1,19,4,1595,1,19,VOLKSWAGEN GOLF,8,E01014452,0,-1
2023520001406,2023,520001406,2,9,0,3,3,3,7,0,0,2,0,0,0,0,2,1,6,6,1,62,9,1968,2,8,VOLKSWAGEN GOLF,-1,-1,0,-1
2023991340370,2023,991340370,1,9,0,13,13,4,8,0,0,8,0,0,7,0,1,1,5,6,1,24,5,1598,2,12,VOLKSWAGEN GOLF,10,-1,0,-1
2023201408355,2023,201408355,2,9,0,10,10,5,3,0,0,8,0,0,0,0,3,1,6,6,2,29,6,1598,2,12,VOLKSWAGEN GOLF,2,E01009997,0,-1
2023320710434,2023,320710434,2,9,0,4,4,6,2,0,0,1,0,0,0,0,2,1,2,2,1,21,5,1984,1,9,VOLKSWAGEN GOLF,-1,-1,0,-1
2023501306051,2023,501306051,2,9,0,18,19,5,1,0,0,8,0,0,0,0,1,1,6,6,2,30,6,1395,1,9,VOLKSWAGEN GOLF,6,E01019920,0,-1
2023440000881,2023,440000881,1,9,0,18,19,7,3,0,0,0,1,0,5,6,0,1,6,6,1,48,8,2792,1,21,VOLKSWAGEN GOLF,5,E01022781,0,-1
2023622300832,2023,622300832,2,9,0,16,19,4,8,0,0,0,0,0,0,0,2,1,2,2,2,37,7,2000,2,19,VOLKSWAGEN GOLF,5,W01000871,0,-1
2023052301585,2023,052301585,1,9,0,9,9,5,3,0,0,8,0,0,0,0,4,1,6,6,1,25,5,1968,2,11,VOLKSWAGEN GOLF,-1,-1,0,-1
2023010435649,2023,010435649,2,9,0,3,3,3,7,0,0,2,0,0,0,0,2,1,6,6,1,55,8,1598,1,16,VOLKSWAGEN GOLF,3,E01003627,0,-1
2023131286808,2023,131286808,2,9,0,2,2,0,0,0,0,0,0,0,0,0,2,1,6,6,3,-1,-1,1390,1,18,VOLKSWAGEN GOLF,-1,-1,0,-1
2023440481637,2023,440481637,3,9,0,4,4,6,2,0,0,0,0,0,0,0,2,1,6,6,2,28,6,1390,1,16,VOLKSWAGEN GOLF,1,E01022843,0,-1
2023010472504,2023,010472504,2,9,0,99,99,9,9,99,99,9,9,99,9,99,9,9,6,6,3,-1,-1,1395,1,10,VOLKSWAGEN GOLF,-1,-1,0,-1
2023320546536,2023,320546536,1,9,0,16,19,8,3,0,0,8,0,0,7,9,1,1,6,6,1,19,4,1395,1,5,VOLKSWAGEN GOLF,-1,-1,0,-1
2023440368810,2023,440368810,2,9,0,18,19,6,2,0,0,8,0,0,0,0,1,1,6,6,1,80,11,1896,2,19,VOLKSWAGEN GOLF,8,E01015448,0,-1
2023440162533,2023,440162533,2,9,0,18,19,1,5,0,0,1,0,0,0,0,1,1,6,6,1,42,7,2000,1,18,VOLKSWAGEN GOLF,10,E01023096,0,-1
2023010447371,2023,010447371,2,9,0,7,7,1,4,0,0,1,0,0,0,0,4,1,6,6,3,-1,-1,1984,1,11,VOLKSWAGEN GOLF,-1,-1,0,-1
2023211381875,2023,211381875,1,9,0,5,5,8,4,0,0,0,0,0,0,0,1,1,5,6,2,50,8,1598,1,20,VOLKSWAGEN GOLF,8,E01029624,0,-1
2023440403842,2023,440403842,2,9,0,16,19,2,5,0,0,7,0,0,0,0,2,1,6,6,1,40,7,1598,2,8,VOLKSWAGEN GOLF,8,E01022628,0,-1
202354D722923,2023,54D722923,1,9,0,17,19,4,8,0,0,0,2,0,1,4,1,1,6,6,1,20,4,1390,1,15,VOLKSWAGEN GOLF,9,E01032059,0,-1
2023010444841,2023,010444841,2,9,0,3,3,1,5,0,0,1,1,10,7,10,1,1,6,6,1,22,5,1984,1,4,VOLKSWAGEN GOLF,-1,-1,0,-1
2023201413710,2023,201413710,2,9,0,4,4,1,5,0,0,8,0,0,0,0,2,1,6,6,3,21,5,1984,1,0,VOLKSWAGEN GOLF,9,E01029375,0,-1
2023061362416,2023,061362416,1,9,0,18,19,6,2,0,0,8,5,4,1,0,1,1,5,6,1,19,4,1390,1,16,VOLKSWAGEN GOLF,2,E01004830,0,-1
2023552300418,2023,552300418,1,9,0,18,19,1,5,0,0,0,5,0,0,0,1,1,3,7,1,33,6,1900,2,18,VOLKSWAGEN GOLF,7,E01020549,0,-1
2023430280023,2023,430280023,1,9,0,18,19,6,2,0,0,0,0,0,0,0,1,1,6,6,1,-1,-1,-1,3,4,VOLKSWAGEN GOLF,10,E01017891,0,-1
2023231366890,2023,231366890,2,9,0,18,19,4,8,0,0,8,1,0,0,0,1,1,5,6,1,42,7,1968,2,16,VOLKSWAGEN GOLF,8,E01009697,0,-1
2023131302514,2023,131302514,1,9,0,18,19,5,1,0,0,0,0,0,0,0,4,1,5,6,1,22,5,1968,2,8,VOLKSWAGEN GOLF,3,E01010600,0,-1
2023201416488,2023,201416488,2,9,0,3,3,3,7,0,0,3,0,0,0,0,2,1,6,6,3,30,6,1968,2,1,VOLKSWAGEN GOLF,1,E01009194,0,-1
2023201376009,2023,201376009,1,9,0,18,19,8,4,2,2,1,0,0,0,0,1,1,6,6,1,-1,-1,1984,1,16,VOLKSWAGEN GOLF,-1,-1,0,-1
2023010428591,2023,010428591,2,9,0,99,99,9,9,99,99,9,9,99,9,99,1,9,6,6,3,-1,-1,1896,2,16,VOLKSWAGEN GOLF,5,E01023332,0,-1
2023010449329,2023,010449329,1,9,0,18,19,1,5,0,0,2,0,4,0,0,1,1,2,2,2,29,6,1595,1,17,VOLKSWAGEN GOLF,5,E01004492,0,-1
2023010428272,2023,010428272,1,9,0,99,99,9,9,99,99,9,9,99,9,99,2,9,6,6,1,22,5,1395,1,8,VOLKSWAGEN GOLF,2,E01003190,0,-1
2023161301325,2023,161301325,3,9,0,18,19,7,3,0,0,0,0,0,0,0,1,1,6,6,1,-1,-1,1598,2,10,VOLKSWAGEN GOLF,-1,-1,0,-1
2023302301039,2023,302301039,1,9,0,5,5,3,7,0,0,4,0,0,0,0,1,1,6,6,1,-1,-1,1896,2,19,VOLKSWAGEN GOLF,5,E01019456,0,-1
2023221274218,2023,221274218,1,9,0,18,19,5,1,0,0,0,0,0,0,0,1,1,2,2,1,36,7,1984,1,21,VOLKSWAGEN GOLF,-1,-1,0,-1
2023471373393,2023,471373393,1,9,0,9,9,6,4,0,0,6,0,0,0,0,1,1,1,1,1,48,8,3200,1,16,VOLKSWAGEN GOLF,6,E01016943,0,-1
2023991330438,2023,991330438,1,9,0,17,19,2,6,0,0,0,1,0,0,0,1,1,1,1,1,18,4,1390,1,17,VOLKSWAGEN GOLF,6,-1,0,-1
2023411362028,2023,411362028,2,9,-1,18,19,-1,-1,0,0,0,1,0,0,0,3,1,5,6,2,33,6,1395,1,9,VOLKSWAGEN GOLF,10,E01002476,0,-1
2023141369894,2023,141369894,1,9,0,9,9,4,1,0,0,2,0,0,0,0,1,1,5,6,2,18,4,1395,1,6,VOLKSWAGEN GOLF,1,E01007563,0,-1
2023522300807,2023,522300807,1,9,0,8,8,1,3,0,0,1,0,0,0,0,2,1,6,6,1,36,7,1968,2,16,VOLKSWAGEN GOLF,7,E01029151,0,-1
2023010440514,2023,010440514,3,9,0,3,3,1,5,0,0,0,0,0,0,0,0,1,6,6,1,54,8,1968,2,10,VOLKSWAGEN GOLF,5,E01002212,0,-1
2023451313806,2023,451313806,2,9,0,5,5,1,1,0,0,1,0,0,0,0,1,1,6,6,1,52,8,1498,1,3,VOLKSWAGEN GOLF,6,E01030610,0,-1
2023201328152,2023,201328152,2,9,0,18,19,8,4,0,0,2,0,0,0,0,2,1,6,6,1,56,9,1968,2,18,VOLKSWAGEN GOLF,4,E01009927,0,-1
2023302300068,2023,302300068,1,9,0,1,1,3,7,9,9,0,0,0,0,0,2,1,6,6,1,68,10,1395,1,7,VOLKSWAGEN GOLF,7,E01013558,0,-1
2023131282851,2023,131282851,2,9,0,18,19,5,1,0,0,1,0,0,0,0,1,1,5,6,1,19,4,1984,1,2,VOLKSWAGEN GOLF,6,E01027889,0,-1
2023201284513,2023,201284513,1,9,0,9,9,1,7,0,0,6,0,0,0,0,1,1,3,7,2,27,6,1498,8,2,VOLKSWAGEN GOLF,1,E01009409,0,-1
2023010476046,2023,010476046,1,9,0,9,9,5,3,0,0,1,0,0,0,0,1,1,1,1,1,27,6,1968,2,1,VOLKSWAGEN GOLF,10,E01004556,0,-1
2023010485803,2023,010485803,1,9,0,9,9,8,6,0,0,8,0,0,0,0,3,1,6,6,1,18,4,1600,1,18,VOLKSWAGEN GOLF,3,E01004752,0,-1
2023631324213,2023,631324213,1,9,0,18,19,1,5,0,0,0,0,0,0,0,1,1,2,2,1,43,7,1968,2,15,VOLKSWAGEN GOLF,6,W01000487,0,-1
2023552400153,2023,552400153,4,9,0,2,2,0,0,0,0,0,0,0,0,0,3,1,6,6,1,35,6,1598,2,12,VOLKSWAGEN GOLF,9,E01015342,0,-1
2023461289783,2023,461289783,2,9,0,4,4,2,8,0,0,0,0,0,0,0,2,1,5,6,1,50,8,1984,1,8,VOLKSWAGEN GOLF,9,E01016106,0,-1
2023010434344,2023,010434344,1,9,0,7,7,5,8,0,0,6,0,0,0,0,1,1,6,6,1,20,4,1395,1,10,VOLKSWAGEN GOLF,4,E01000503,0,-1
2023070734038,2023,070734038,2,9,0,14,14,5,1,0,0,0,0,0,0,0,1,1,6,6,1,59,9,1598,2,5,VOLKSWAGEN GOLF,4,E01026082,0,-1
2023320731402,2023,320731402,1,9,0,18,19,6,2,0,0,0,0,0,7,0,1,1,2,2,1,37,7,1900,2,18,VOLKSWAGEN GOLF,6,E01015653,0,-1
2023421342935,2023,421342935,1,9,0,14,14,6,3,0,0,0,0,0,0,0,1,1,6,6,1,34,6,1896,2,21,VOLKSWAGEN GOLF,9,E01022061,0,-1
2023010467133,2023,010467133,2,9,0,18,19,1,5,0,0,3,0,0,0,0,4,1,6,6,1,76,11,1390,1,20,VOLKSWAGEN GOLF,6,E01002555,0,-1
2023131272605,2023,131272605,4,9,0,2,2,0,0,0,0,0,0,0,0,0,2,1,6,6,3,-1,-1,1896,2,15,VOLKSWAGEN GOLF,-1,-1,0,-1
2023061352615,2023,061352615,1,9,0,18,19,2,6,0,0,4,5,0,0,0,1,1,6,6,1,20,4,1984,1,2,VOLKSWAGEN GOLF,-1,-1,0,-1
2023041332465,2023,041332465,1,9,0,18,19,4,8,0,0,0,0,0,0,0,1,1,6,6,1,33,6,1598,2,13,VOLKSWAGEN GOLF,3,E01025398,0,-1
2023501288223,2023,501288223,1,9,0,18,19,3,7,0,0,0,2,0,2,11,4,1,5,6,1,18,4,1900,2,19,VOLKSWAGEN GOLF,1,E01018878,0,-1
2023141296372,2023,141296372,2,9,0,7,7,3,7,0,0,1,0,0,0,0,1,1,6,6,1,34,6,-1,3,3,VOLKSWAGEN GOLF,2,E01007982,0,-1
2023010440879,2023,010440879,1,9,0,4,4,5,1,0,0,1,0,0,0,0,2,1,6,6,1,75,10,1896,2,20,VOLKSWAGEN GOLF,4,E01002250,0,-1
2023141321574,2023,141321574,1,9,0,3,3,6,2,0,0,1,0,0,0,0,2,1,5,6,2,26,6,1896,2,19,VOLKSWAGEN GOLF,1,E01007402,0,-1
2023501387299,2023,501387299,2,9,0,18,19,7,3,0,0,8,0,0,0,0,1,1,2,2,2,20,4,1984,1,8,VOLKSWAGEN GOLF,3,E01020285,0,-1
2023010467129,2023,010467129,2,9,9,99,99,9,9,99,99,9,9,99,9,99,1,9,6,6,3,-1,-1,1395,1,7,VOLKSWAGEN GOLF,-1,-1,0,-1
2023161362929,2023,161362929,1,9,0,18,19,7,3,0,0,1,0,0,0,0,1,1,6,6,1,49,8,1598,2,12,VOLKSWAGEN GOLF,2,E01013237,0,-1
2023010485138,2023,010485138,2,9,0,99,99,9,9,99,99,9,9,99,9,99,1,9,6,6,1,-1,-1,1390,1,14,VOLKSWAGEN GOLF,9,E01003824,0,-1
2023010445128,2023,010445128,1,9,0,18,19,1,5,0,0,1,0,0,0,0,1,1,6,6,1,19,4,1598,2,12,VOLKSWAGEN GOLF,-1,-1,0,-1
2023332300588,2023,332300588,1,9,0,1,1,1,5,0,0,1,0,0,0,0,2,1,6,6,1,39,7,1968,2,14,VOLKSWAGEN GOLF,3,E01013762,0,-1
2023371296466,2023,371296466,2,9,-1,-1,-1,7,3,-1,-1,0,-1,-1,-1,0,-1,1,6,6,1,30,6,1900,2,17,VOLKSWAGEN GOLF,7,E01029896,0,-1
2023430250365,2023,430250365,2,9,0,17,19,2,7,0,0,0,0,0,0,0,1,1,6,6,1,28,6,1984,1,23,VOLKSWAGEN GOLF,10,E01028763,0,-1
2023131378756,2023,131378756,3,9,0,2,2,0,0,9,9,0,0,0,0,0,2,1,6,6,3,-1,-1,1498,1,3,VOLKSWAGEN GOLF,-1,-1,0,-1
2023131260775,2023,131260775,2,9,0,7,7,7,3,0,0,8,0,0,0,0,3,1,6,6,1,30,6,1896,2,15,VOLKSWAGEN GOLF,2,E01011002,0,-1
2023501345266,2023,501345266,2,9,0,18,19,6,1,0,0,6,0,0,0,0,1,1,1,1,1,60,9,1896,2,20,VOLKSWAGEN GOLF,1,E01019033,0,-1
202363A002223,2023,63A002223,1,9,0,9,9,4,2,0,0,5,0,0,0,0,1,1,1,1,1,57,9,1600,2,13,VOLKSWAGEN GOLF,6,W01000635,0,-1
2023461341331,2023,461341331,2,9,0,3,3,2,4,0,0,0,0,0,0,0,2,1,5,6,2,31,6,1598,2,12,VOLKSWAGEN GOLF,10,E01017572,0,-1
2023010447081,2023,010447081,1,9,0,9,9,8,6,0,0,1,0,0,3,0,1,1,6,6,1,56,9,1984,1,17,VOLKSWAGEN GOLF,-1,-1,0,-1
2023010439887,2023,010439887,1,9,0,18,19,1,5,0,0,0,0,4,0,0,1,1,6,6,1,64,9,1896,2,20,VOLKSWAGEN GOLF,6,E01003149,0,-1
2023544339523,2023,544339523,1,9,0,18,19,5,1,0,0,0,0,0,0,0,1,1,6,6,1,-1,-1,2000,1,14,VOLKSWAGEN GOLF,1,E01015575,0,-1
2023061371913,2023,061371913,1,9,0,18,19,7,3,0,0,0,0,0,0,0,1,1,6,6,1,30,6,1896,2,20,VOLKSWAGEN GOLF,-1,-1,0,-1
2023161391857,2023,161391857,1,9,0,18,19,2,6,0,0,0,0,0,0,0,1,1,6,6,1,19,4,1600,2,13,VOLKSWAGEN GOLF,-1,-1,0,-1
2023451355625,2023,451355625,3,9,0,18,19,1,5,0,0,0,0,0,0,0,2,1,5,6,1,30,6,2000,2,19,VOLKSWAGEN GOLF,3,E01001578,0,-1
2023231390213,2023,231390213,1,9,0,9,9,2,8,0,0,6,0,0,0,0,1,1,5,6,1,55,8,1896,2,21,VOLKSWAGEN GOLF,5,E01031171,0,-1
2023201444640,2023,201444640,1,9,0,6,6,4,4,0,0,8,0,0,0,0,1,1,6,6,1,29,6,1968,2,6,VOLKSWAGEN GOLF,2,E01009395,0,-1
2023461281087,2023,461281087,1,9,0,18,19,1,2,0,0,0,0,0,0,0,1,1,6,6,1,57,9,1984,1,11,VOLKSWAGEN GOLF,4,E01016115,0,-1
2023101371877,2023,101371877,1,9,0,9,9,7,3,0,0,0,0,0,0,0,3,1,6,6,2,24,5,1984,1,11,VOLKSWAGEN GOLF,7,E01008197,0,-1
2023361312710,2023,361312710,2,9,-1,9,9,-1,-1,-1,-1,0,-1,-1,-1,0,4,1,6,6,2,57,9,1498,1,2,VOLKSWAGEN GOLF,5,E01026647,0,-1
2023501347326,2023,501347326,2,9,0,18,19,6,2,0,0,1,0,0,0,0,1,1,5,6,1,68,10,1395,1,8,VOLKSWAGEN GOLF,5,E01020049,0,-1
2023010467156,2023,010467156,2,9,9,99,99,9,9,99,99,9,9,99,9,99,9,9,6,6,1,-1,-1,1395,1,10,VOLKSWAGEN GOLF,-1,-1,0,-1
2023010482952,2023,010482952,2,9,0,99,99,9,9,99,99,9,9,99,9,99,9,9,6,6,3,22,5,1395,1,10,VOLKSWAGEN GOLF,8,E01015536,0,-1
2023131340538,2023,131340538,3,9,0,18,19,5,1,0,0,1,0,0,0,0,3,1,5,6,2,47,8,1968,2,9,VOLKSWAGEN GOLF,2,E01010837,0,-1
2023361347273,2023,361347273,1,9,0,2,2,4,8,9,9,0,0,0,0,0,1,1,5,6,1,73,10,2000,2,18,VOLKSWAGEN GOLF,5,E01026442,0,-1
2023041357753,2023,041357753,2,9,0,18,19,1,5,0,0,0,0,0,0,0,4,1,1,1,1,33,6,1498,1,1,VOLKSWAGEN GOLF,6,E01019100,0,-1
2023010469458,2023,010469458,1,9,0,18,19,5,1,0,0,1,0,0,0,0,3,1,3,7,2,29,6,1598,1,16,VOLKSWAGEN GOLF,5,E01004733,0,-1
2023010446096,2023,010446096,1,9,0,18,19,7,3,0,0,0,0,4,0,0,1,1,6,6,1,25,5,1197,1,10,VOLKSWAGEN GOLF,2,E01004197,0,-1
2023371360934,2023,371360934,2,9,0,2,2,0,0,0,0,0,0,0,0,0,1,1,6,6,3,-1,-1,1900,2,18,VOLKSWAGEN GOLF,-1,-1,0,-1
2023320570730,2023,320570730,1,9,0,18,19,7,2,0,0,6,0,0,0,0,1,1,2,2,1,22,5,1900,2,21,VOLKSWAGEN GOLF,6,E01026408,0,-1
2023461349152,2023,461349152,4,9,0,3,3,8,4,0,0,0,0,0,0,0,2,1,6,6,2,70,10,1968,2,7,VOLKSWAGEN GOLF,9,E01024734,0,-1
2023010474556,2023,010474556,1,9,0,18,19,5,1,0,0,0,0,0,0,0,1,1,6,6,3,-1,-1,1598,2,7,VOLKSWAGEN GOLF,-1,-1,0,-1
2023332301277,2023,332301277,3,9,0,2,2,0,0,0,0,0,0,0,0,0,2,1,6,6,1,39,7,1968,2,13,VOLKSWAGEN GOLF,2,E01025701,0,-1
2023131274931,2023,131274931,1,9,0,18,19,1,5,0,0,2,5,0,0,0,1,1,5,6,1,20,4,1968,2,13,VOLKSWAGEN GOLF,1,E01010719,0,-1
2023401379858,2023,401379858,1,9,0,18,19,6,2,0,0,0,0,0,0,0,1,1,6,6,1,19,4,2000,1,13,VOLKSWAGEN GOLF,5,E01015700,0,-1
2023552300800,2023,552300800,1,9,0,18,19,5,1,0,0,8,0,0,7,10,1,1,6,6,1,20,4,1984,1,16,VOLKSWAGEN GOLF,9,E01020421,0,-1
2023340NN0082,2023,340NN0082,3,9,0,4,4,3,7,0,0,0,0,0,0,0,2,1,6,6,2,30,6,1598,2,7,VOLKSWAGEN GOLF,9,E01027042,0,-1
2023010482865,2023,010482865,1,9,0,99,99,9,9,99,99,9,9,99,9,99,9,9,6,6,1,26,6,1598,1,16,VOLKSWAGEN GOLF,1,E01004205,0,-1
2023440247157,2023,440247157,1,9,0,9,9,5,3,0,0,1,0,0,0,0,1,1,6,6,2,41,7,1968,2,11,VOLKSWAGEN GOLF,6,E01022640,0,-1
2023131263374,2023,131263374,1,9,0,18,19,1,5,0,0,0,0,0,0,0,1,2,6,6,1,42,7,1598,2,12,VOLKSWAGEN GOLF,8,E01010709,0,-1
2023451378284,2023,451378284,1,9,0,17,19,5,1,0,0,0,1,0,1,11,4,1,5,6,1,18,4,1968,2,11,VOLKSWAGEN GOLF,10,E01030882,0,-1
2023471259252,2023,471259252,1,9,0,16,19,1,5,0,0,0,0,0,1,0,1,1,6,6,1,29,6,1390,1,12,VOLKSWAGEN GOLF,10,E01030468,0,-1
2023131266116,2023,131266116,1,9,0,12,12,7,3,0,0,0,0,0,0,0,2,1,5,6,1,71,10,1598,2,13,VOLKSWAGEN GOLF,7,E01011550,0,-1
2023041392789,2023,041392789,1,9,0,18,19,5,1,0,0,0,1,0,1,7,2,1,5,6,1,62,9,1498,1,4,VOLKSWAGEN GOLF,8,E01006150,0,-1
2023041321175,2023,041321175,1,9,0,17,19,7,3,0,0,0,0,0,0,0,1,1,2,2,2,25,5,1600,2,14,VOLKSWAGEN GOLF,1,E01012571,0,-1
2023501354947,2023,501354947,1,9,0,18,19,2,6,0,0,1,1,0,0,0,3,1,5,6,1,75,10,1390,1,11,VOLKSWAGEN GOLF,10,E01030321,0,-1