collision_index,collision_year,collision_ref_no,vehicle_reference,vehicle_type,towing_and_articulation,vehicle_manoeuvre_historic,vehicle_manoeuvre,vehicle_direction_from,vehicle_direction_to,vehicle_location_restricted_lane_historic,vehicle_location_restricted_lane,junction_location,skidding_and_overturning,hit_object_in_carriageway,vehicle_leaving_carriageway,hit_object_off_carriageway,first_point_of_impact,vehicle_left_hand_drive,journey_purpose_of_driver_historic,journey_purpose_of_driver,sex_of_driver,age_of_driver,age_band_of_driver,engine_capacity_cc,propulsion_code,age_of_vehicle,generic_make_model,driver_imd_decile,lsoa_of_driver,escooter_flag,driver_distance_banding
2023461382704,2023,461382704,1,9,0,13,13,8,4,0,0,0,5,0,7,0,1,1,5,6,1,24,5,1968,2,11,VOLKSWAGEN GOLF,4,E01024195,0,-1
2023052300693,2023,052300693,1,9,0,18,19,8,4,0,0,0,0,4,0,0,1,1,6,6,2,22,5,999,1,1,VOLKSWAGEN GOLF,1,E01006434,0,-1
2023141332963,2023,141332963,2,9,0,18,19,2,7,0,0,8,0,0,1,0,3,1,5,6,2,25,5,1598,2,12,VOLKSWAGEN GOLF,1,E01007736,0,-1
2023440452142,2023,440452142,1,9,0,9,9,3,1,0,0,8,0,0,0,0,1,1,6,6,2,22,5,1390,1,11,VOLKSWAGEN GOLF,2,E01017149,0,-1
2023010450859,2023,010450859,2,9,0,18,19,7,3,0,0,1,1,0,0,0,2,1,6,6,2,32,6,1197,1,7,VOLKSWAGEN GOLF,5,E01003791,0,-1
2023201412289,2023,201412289,2,9,0,18,19,2,6,0,0,8,0,0,0,0,1,1,6,6,2,68,10,999,1,4,VOLKSWAGEN GOLF,7,E01009931,0,-1
2023010458568,2023,010458568,1,9,0,7,7,5,8,0,0,8,0,0,0,0,4,1,2,2,1,41,7,1395,1,9,VOLKSWAGEN GOLF,1,E01004670,0,-1
2023546967323,2023,546967323,2,9,0,4,4,3,7,0,0,1,0,0,0,0,2,1,6,6,2,60,9,1598,2,8,VOLKSWAGEN GOLF,7,E01032098,0,-1
2023991376158,2023,991376158,1,9,0,11,11,1,6,0,0,0,0,0,0,0,0,1,5,6,2,30,6,1598,2,9,VOLKSWAGEN GOLF,1,-1,0,-1
2023131287432,2023,131287432,1,9,0,-1,-1,-1,-1,-1,-1,-1,-1,-1,-1,-1,1,1,6,6,3,-1,-1,1896,2,14,VOLKSWAGEN GOLF,-1,-1,0,-1
2023071007947,2023,071007947,2,9,0,18,19,7,3,0,0,0,0,0,0,0,3,1,6,6,1,33,6,1598,2,9,VOLKSWAGEN GOLF,3,E01018378,0,-1
2023501382524,2023,501382524,1,9,0,18,19,8,4,0,0,8,1,0,2,0,4,1,5,6,1,59,9,1896,2,20,VOLKSWAGEN GOLF,6,E01020517,0,-1
2023131266159,2023,131266159,2,9,0,18,19,6,2,0,0,8,0,0,0,0,3,1,6,6,1,21,5,1968,2,5,VOLKSWAGEN GOLF,1,E01010842,0,-1
2023061393593,2023,061393593,3,9,0,18,19,3,7,0,0,1,0,0,0,0,0,1,2,2,1,26,6,1896,2,15,VOLKSWAGEN GOLF,4,E01025187,0,-1
2023010469604,2023,010469604,1,9,0,18,19,7,3,0,0,1,0,0,0,0,4,1,6,6,3,-1,-1,1984,1,8,VOLKSWAGEN GOLF,-1,-1,0,-1
2023522400031,2023,522400031,1,9,0,13,13,1,5,0,0,8,0,0,0,0,1,1,6,6,1,31,6,1600,2,14,VOLKSWAGEN GOLF,8,E01029035,0,-1
2023131377754,2023,131377754,1,9,0,9,9,7,3,0,0,8,0,0,0,0,1,1,6,6,3,-1,-1,1600,2,13,VOLKSWAGEN GOLF,-1,-1,0,-1
2023440350029,2023,440350029,1,9,0,7,7,2,4,0,0,6,0,0,0,0,3,1,6,6,1,53,8,2324,1,20,VOLKSWAGEN GOLF,2,E01017117,0,-1
2023010438334,2023,010438334,1,9,0,5,5,1,5,0,0,1,0,0,0,0,4,1,6,6,1,22,5,1598,1,17,VOLKSWAGEN GOLF,7,E01001134,0,-1
2023522301605,2023,522301605,2,9,0,9,9,6,5,0,0,6,0,0,0,0,1,1,6,6,1,-1,-1,1968,2,14,VOLKSWAGEN GOLF,-1,-1,0,-1
2023201275548,2023,201275548,1,9,0,18,19,8,4,0,0,1,0,0,0,0,1,1,1,1,1,44,7,1968,2,17,VOLKSWAGEN GOLF,1,E01008978,0,-1
2023061377316,2023,061377316,1,9,0,7,7,2,6,0,0,1,0,0,0,0,1,1,1,1,1,43,7,1395,1,7,VOLKSWAGEN GOLF,1,E01005257,0,-1
2023141349322,2023,141349322,3,9,0,2,2,0,0,6,6,0,0,0,0,0,4,1,6,6,3,-1,-1,1968,2,7,VOLKSWAGEN GOLF,-1,-1,0,-1
2023461336969,2023,461336969,2,9,0,2,2,0,0,0,0,0,0,4,0,0,3,1,6,6,3,-1,-1,1968,2,12,VOLKSWAGEN GOLF,-1,-1,0,-1
2023552300865,2023,552300865,1,9,0,9,9,5,3,0,0,6,0,0,0,0,1,1,6,6,2,70,10,1395,1,8,VOLKSWAGEN GOLF,5,E01020469,0,-1
2023421334162,2023,421334162,1,9,0,5,5,8,3,0,0,0,0,0,0,0,1,1,5,6,2,65,9,1395,1,8,VOLKSWAGEN GOLF,7,E01021857,0,-1
2023101260103,2023,101260103,3,9,0,3,3,8,8,0,0,1,0,0,0,0,4,1,6,6,1,55,8,1498,1,2,VOLKSWAGEN GOLF,7,E01008505,0,-1
2023340WN7262,2023,340WN7262,2,9,0,18,19,6,2,0,0,8,0,0,0,0,1,1,6,6,1,51,8,1395,1,10,VOLKSWAGEN GOLF,2,E01027170,0,-1
2023101276442,2023,101276442,1,9,0,4,4,6,2,0,0,0,0,0,0,0,1,1,5,6,1,37,7,1900,2,18,VOLKSWAGEN GOLF,2,E01008334,0,-1
2023010453749,2023,010453749,1,9,0,6,6,5,5,0,0,0,0,0,1,0,1,1,1,1,1,31,6,1968,2,1,VOLKSWAGEN GOLF,6,E01004634,0,-1
2023430560048,2023,430560048,1,9,0,18,19,4,8,0,0,0,0,0,0,0,3,1,6,6,1,25,5,1984,1,7,VOLKSWAGEN GOLF,9,E01028798,0,-1
2023401368838,2023,401368838,1,9,0,7,7,1,3,0,0,1,0,0,0,0,1,1,2,2,2,41,7,1598,2,6,VOLKSWAGEN GOLF,7,E01027143,0,-1
2023451380566,2023,451380566,2,9,0,18,19,4,1,0,0,1,0,0,0,0,1,1,6,6,2,30,6,1498,1,5,VOLKSWAGEN GOLF,-1,-1,0,-1
2023311377543,2023,311377543,2,9,0,9,9,6,4,0,0,3,0,0,0,0,4,1,2,2,2,41,7,1968,2,13,VOLKSWAGEN GOLF,1,E01028065,0,-1
2023131371822,2023,131371822,2,9,0,5,5,5,1,0,0,6,0,0,0,0,1,1,6,6,2,28,6,1395,1,6,VOLKSWAGEN GOLF,5,E01010708,0,-1
2023302300698,2023,302300698,3,9,0,18,19,8,4,0,0,0,0,0,0,0,1,1,2,2,2,35,6,1598,2,11,VOLKSWAGEN GOLF,9,E01019879,0,-1
2023440206420,2023,440206420,2,9,0,18,19,5,1,0,0,1,0,0,0,0,4,1,6,6,1,-1,-1,1498,1,4,VOLKSWAGEN GOLF,-1,-1,0,-1
2023041351762,2023,041351762,1,9,0,18,19,5,1,0,0,0,0,0,0,0,4,1,5,6,2,33,6,1600,2,13,VOLKSWAGEN GOLF,2,E01012640,0,-1
2023221284218,2023,221284218,2,9,0,7,7,4,7,0,0,6,0,0,0,0,1,1,2,2,2,28,6,2000,2,18,VOLKSWAGEN GOLF,3,E01032282,0,-1
2023231313305,2023,231313305,1,9,0,18,19,2,5,0,0,1,0,0,0,0,1,1,6,6,2,75,10,1598,2,7,VOLKSWAGEN GOLF,7,E01025882,0,-1
2023010434955,2023,010434955,2,9,0,99,99,9,9,99,99,9,9,99,9,99,9,9,6,6,3,23,5,1598,1,17,VOLKSWAGEN GOLF,3,E01003574,0,-1
2023520300663,2023,520300663,1,9,0,18,19,2,7,0,0,0,1,4,0,0,1,1,6,6,3,-1,-1,1598,2,12,VOLKSWAGEN GOLF,-1,-1,0,-1
2023461321184,2023,461321184,3,9,0,18,19,3,7,0,0,0,0,0,0,0,3,1,6,6,1,18,4,1390,1,11,VOLKSWAGEN GOLF,3,E01002627,0,-1
2023010437525,2023,010437525,2,9,0,99,99,9,9,99,99,9,9,99,9,99,1,9,6,6,1,23,5,1598,1,16,VOLKSWAGEN GOLF,4,E01003766,0,-1
2023622300753,2023,622300753,2,9,0,18,19,8,4,0,0,1,0,0,0,0,1,1,6,6,2,51,8,1598,2,9,VOLKSWAGEN GOLF,9,W01000777,0,-1
2023501371698,2023,501371698,1,9,0,18,19,6,2,0,0,8,0,0,0,0,1,1,6,6,1,-1,-1,1600,2,14,VOLKSWAGEN GOLF,-1,-1,0,-1
2023451369994,2023,451369994,1,9,0,16,19,7,3,0,0,3,0,0,0,0,3,1,5,6,1,21,5,-1,3,4,VOLKSWAGEN GOLF,4,E01002970,0,-1
2023552300312,2023,552300312,1,9,0,5,5,7,3,0,0,6,0,0,0,0,1,1,6,6,2,47,8,2000,2,19,VOLKSWAGEN GOLF,5,E01015375,0,-1
2023520301631,2023,520301631,1,9,0,18,19,3,7,0,0,0,0,0,0,0,1,1,6,6,1,19,4,2000,1,17,VOLKSWAGEN GOLF,7,E01029063,0,-1
202363B017923,2023,63B017923,1,9,0,4,4,5,2,0,0,8,0,0,0,0,2,1,6,6,1,24,5,1896,2,15,VOLKSWAGEN GOLF,6,W01000543,0,-1
2023041390095,2023,041390095,2,9,0,18,19,1,5,0,0,0,0,0,0,0,1,1,2,2,1,41,7,1984,1,8,VOLKSWAGEN GOLF,10,E01025327,0,-1
2023311280556,2023,311280556,1,9,0,11,11,5,6,0,0,8,0,0,0,0,0,1,6,6,1,-1,-1,1600,2,14,VOLKSWAGEN GOLF,1,E01013820,0,-1
2023471363135,2023,471363135,2,9,0,5,5,1,7,0,0,6,0,0,0,0,3,1,6,6,2,28,6,1395,1,6,VOLKSWAGEN GOLF,8,E01031356,0,-1
2023552300398,2023,552300398,1,9,0,18,19,7,3,0,0,5,0,0,0,0,1,1,2,2,1,29,6,1968,2,13,VOLKSWAGEN GOLF,3,E01033241,0,-1
2023461296517,2023,461296517,1,9,0,18,19,6,2,0,0,1,0,0,0,0,1,1,6,6,2,32,6,999,1,5,VOLKSWAGEN GOLF,9,E01024445,0,-1
2023010443116,2023,010443116,2,9,0,18,19,5,1,0,0,1,0,0,0,0,2,1,6,6,2,47,8,1598,2,4,VOLKSWAGEN GOLF,2,E01002784,0,-1
2023440395924,2023,440395924,1,9,0,9,9,3,1,0,0,8,0,0,0,0,4,1,6,6,1,22,5,1968,2,2,VOLKSWAGEN GOLF,1,E01017112,0,-1
2023501327336,2023,501327336,2,9,0,18,19,5,1,0,0,0,0,0,0,0,1,1,5,6,2,66,10,1197,1,7,VOLKSWAGEN GOLF,2,E01008963,0,-1
2023421327543,2023,421327543,1,9,0,18,19,5,1,0,0,1,0,0,0,0,1,1,6,6,2,79,11,1968,2,9,VOLKSWAGEN GOLF,5,E01021602,0,-1
2023010428815,2023,010428815,1,9,0,99,99,9,9,99,99,9,0,0,0,0,9,9,6,6,3,46,8,1395,1,6,VOLKSWAGEN GOLF,5,E01000159,0,-1
2023061382933,2023,061382933,4,9,0,18,19,7,3,0,0,0,0,0,0,0,2,1,1,1,1,51,8,1598,2,4,VOLKSWAGEN GOLF,7,E01029463,0,-1
2023010469872,2023,010469872,4,9,0,12,12,7,3,0,0,1,0,0,0,0,0,2,2,2,1,26,6,1984,1,6,VOLKSWAGEN GOLF,5,E01002632,0,-1
2023221363048,2023,221363048,2,9,0,16,19,7,2,0,0,1,0,0,0,0,2,1,2,2,1,54,8,1598,2,6,VOLKSWAGEN GOLF,8,E01028887,0,-1
2023302301177,2023,302301177,2,9,0,18,19,4,8,0,0,0,0,0,0,0,0,1,6,6,3,-1,-1,1598,2,7,VOLKSWAGEN GOLF,5,E01019456,0,-1
2023531325356,2023,531325356,1,9,0,5,5,5,2,0,0,1,0,0,0,0,1,1,6,6,2,63,9,2000,1,14,VOLKSWAGEN GOLF,9,E01022115,0,-1
2023201305250,2023,201305250,2,9,0,18,19,6,1,0,0,8,0,0,0,0,4,1,6,6,1,23,5,1598,2,11,VOLKSWAGEN GOLF,5,E01009185,0,-1
2023471340627,2023,471340627,3,9,0,18,19,1,5,0,0,1,0,0,0,0,0,1,5,6,2,-1,-1,1395,1,8,VOLKSWAGEN GOLF,4,E01016857,0,-1
2023010457684,2023,010457684,2,9,0,9,9,7,5,0,0,8,9,99,9,99,3,9,6,6,1,-1,-1,1395,1,8,VOLKSWAGEN GOLF,6,E01000267,0,-1
2023332300260,2023,332300260,1,9,0,13,13,8,4,0,0,0,1,0,0,0,1,1,6,6,1,53,8,1984,1,3,VOLKSWAGEN GOLF,7,E01032892,0,-1
2023201308394,2023,201308394,1,9,0,18,19,3,7,0,0,8,0,0,0,0,1,1,5,6,1,18,4,1598,2,13,VOLKSWAGEN GOLF,7,E01010078,0,-1
2023991321782,2023,991321782,1,9,0,18,19,2,6,0,0,0,5,0,0,0,4,1,6,6,1,31,6,1598,2,10,VOLKSWAGEN GOLF,2,-1,0,-1
2023351358821,2023,351358821,2,9,0,18,19,5,1,0,0,0,0,0,0,0,3,1,5,6,1,59,9,1498,1,5,VOLKSWAGEN GOLF,10,E01017429,0,-1
2023041324770,2023,041324770,1,9,0,5,5,1,1,0,0,0,0,0,0,0,1,1,5,6,2,30,6,1984,1,5,VOLKSWAGEN GOLF,2,E01007324,0,-1
2023991388748,2023,991388748,2,9,0,17,19,1,6,0,0,0,0,0,0,0,1,1,6,6,1,38,7,1390,1,20,VOLKSWAGEN GOLF,4,-1,0,-1
2023201388965,2023,201388965,1,9,0,14,14,2,6,0,0,8,0,0,0,0,1,1,6,6,1,53,8,1395,1,9,VOLKSWAGEN GOLF,2,E01029842,0,-1
2023010466338,2023,010466338,1,9,0,16,19,5,1,0,0,8,1,10,0,0,1,1,6,6,1,35,6,1984,1,8,VOLKSWAGEN GOLF,10,E01030050,0,-1
2023201399506,2023,201399506,1,9,0,18,19,4,8,0,0,0,0,4,4,4,1,1,6,6,1,24,5,1984,1,7,VOLKSWAGEN GOLF,1,E01009479,0,-1
2023131345996,2023,131345996,2,9,0,9,9,3,5,0,0,1,0,0,0,0,3,1,5,6,2,52,8,1498,8,3,VOLKSWAGEN GOLF,8,E01011191,0,-1
2023991346032,2023,991346032,1,9,0,5,5,6,2,0,0,1,0,0,0,0,1,1,5,6,2,38,7,1598,2,11,VOLKSWAGEN GOLF,2,-1,0,-1
2023411314063,2023,411314063,1,9,0,18,19,5,1,0,0,4,0,10,1,7,1,1,6,6,1,74,10,1197,1,12,VOLKSWAGEN GOLF,8,E01022083,0,-1
2023131359808,2023,131359808,1,9,0,9,9,3,1,0,0,3,0,0,0,0,1,1,6,6,2,28,6,1968,2,10,VOLKSWAGEN GOLF,1,E01010607,0,-1
2023411351983,2023,411351983,2,9,0,5,5,-1,-1,0,0,1,0,0,0,0,1,1,5,6,1,22,5,1390,1,13,VOLKSWAGEN GOLF,5,E01023843,0,-1
2023010456930,2023,010456930,1,9,0,99,99,9,9,99,99,9,9,99,9,99,4,9,6,6,1,73,10,1781,1,38,VOLKSWAGEN GOLF,10,E01002188,0,-1
2023061386456,2023,061386456,1,9,-1,-1,-1,-1,-1,-1,-1,0,-1,-1,-1,0,-1,1,6,6,1,-1,-1,1984,1,6,VOLKSWAGEN GOLF,6,E01006143,0,-1
2023070795108,2023,070795108,2,9,0,18,19,8,4,0,0,0,0,0,0,0,2,1,6,6,2,63,9,1968,2,7,VOLKSWAGEN GOLF,6,E01012515,0,-1
2023351333946,2023,351333946,1,9,0,15,15,5,1,0,0,4,0,0,0,0,1,1,5,6,1,55,8,1968,2,8,VOLKSWAGEN GOLF,4,E01033174,0,-1
2023010420083,2023,010420083,1,9,0,99,99,9,9,99,99,9,9,99,9,99,9,9,6,6,1,26,6,1390,1,14,VOLKSWAGEN GOLF,4,E01002088,0,-1
2023991399105,2023,991399105,1,9,0,9,9,2,7,0,0,6,0,0,0,0,1,1,6,6,1,75,10,1598,2,9,VOLKSWAGEN GOLF,8,-1,0,-1
2023421321286,2023,421321286,1,9,0,9,9,5,3,0,0,0,0,0,0,0,1,1,6,6,2,-1,-1,1598,2,12,VOLKSWAGEN GOLF,5,E01021338,0,-1
2023061396176,2023,061396176,2,9,0,9,9,4,2,0,0,1,0,0,0,0,4,1,6,6,3,48,8,1600,2,13,VOLKSWAGEN GOLF,3,E01005139,0,-1
2023991278509,2023,991278509,2,9,0,18,19,2,6,0,0,1,0,0,0,0,1,1,6,6,3,-1,-1,1896,2,20,VOLKSWAGEN GOLF,-1,-1,0,-1
2023531341642,2023,531341642,1,9,0,18,19,6,2,0,0,1,1,0,1,10,1,1,5,6,1,27,6,1968,2,7,VOLKSWAGEN GOLF,3,E01022121,0,-1
2023622300107,2023,622300107,2,9,0,18,19,6,2,0,0,1,0,0,0,0,1,1,2,2,2,31,6,1598,2,11,VOLKSWAGEN GOLF,5,W01001837,0,-1
2023010453710,2023,010453710,2,9,5,99,99,9,9,0,0,1,0,0,0,0,9,1,6,6,3,-1,-1,1390,1,12,VOLKSWAGEN GOLF,4,E01000846,0,-1
2023201301665,2023,201301665,2,9,0,18,19,1,5,0,0,1,0,0,0,0,1,1,6,6,3,-1,-1,1598,2,10,VOLKSWAGEN GOLF,-1,-1,0,-1
2023161346080,2023,161346080,1,9,0,7,7,3,7,0,0,8,0,0,0,0,1,1,5,6,1,18,4,1598,2,10,VOLKSWAGEN GOLF,10,E01013223,0,-1
2023531263139,2023,531263139,2,9,0,7,7,1,5,0,0,1,0,0,0,0,3,1,2,2,1,56,9,1900,2,17,VOLKSWAGEN GOLF,10,E01022350,0,-1
2023332300669,2023,332300669,1,9,0,18,19,1,5,0,0,8,0,0,0,0,1,1,6,6,1,25,5,1968,2,7,VOLKSWAGEN GOLF,4,E01013662,0,-1
2023201332996,2023,201332996,1,9,0,17,19,6,3,0,0,0,0,4,1,11,1,1,6,6,1,25,5,2000,1,14,VOLKSWAGEN GOLF,3,E01009938,0,-1
2023991259613,2023,991259613,1,9,0,18,19,5,1,0,0,0,2,0,1,0,1,1,5,6,2,36,7,1984,1,6,VOLKSWAGEN GOLF,9,-1,0,-1
2023141383303,2023,141383303,2,9,0,4,4,6,2,0,0,0,1,4,0,0,1,1,3,7,2,47,8,1598,2,12,VOLKSWAGEN GOLF,8,E01007502,0,-1
2023471357066,2023,471357066,1,9,0,9,9,2,6,0,0,0,0,0,1,0,1,1,5,6,2,41,7,1390,1,11,VOLKSWAGEN GOLF,6,E01031477,0,-1
2023010451162,2023,010451162,1,9,0,99,99,9,9,99,99,9,9,99,9,99,2,9,6,6,1,-1,-1,1395,1,9,VOLKSWAGEN GOLF,8,E01000270,0,-1
2023010429168,2023,010429168,1,9,0,16,19,2,6,0,0,1,0,0,0,0,1,1,6,6,1,22,5,1984,1,7,VOLKSWAGEN GOLF,2,E01004290,0,-1
2023010460175,2023,010460175,2,9,9,99,99,9,9,99,99,9,9,99,9,99,1,9,6,6,1,46,8,1395,1,10,VOLKSWAGEN GOLF,7,E01003677,0,-1
2023201405789,2023,201405789,2,9,0,18,19,3,7,0,0,1,0,0,0,0,9,1,6,6,2,19,4,1395,1,6,VOLKSWAGEN GOLF,1,E01009367,0,-1
2023461326415,2023,461326415,2,9,0,17,19,4,1,0,0,1,0,0,0,0,3,1,6,6,2,53,8,1896,2,18,VOLKSWAGEN GOLF,7,E01024521,0,-1
2023340NN3312,2023,340NN3312,2,9,0,4,4,6,2,0,0,2,0,0,0,0,2,1,6,6,2,40,7,1896,2,15,VOLKSWAGEN GOLF,2,E01026957,0,-1
2023440256984,2023,440256984,1,9,0,18,19,8,4,0,0,0,0,0,0,0,1,1,2,2,1,35,6,2792,1,20,VOLKSWAGEN GOLF,10,E01016700,0,-1
2023010466309,2023,010466309,2,9,0,9,9,6,5,0,0,8,0,0,0,0,1,1,6,6,2,41,7,1388,1,11,VOLKSWAGEN GOLF,-1,-1,0,-1
2023451302052,2023,451302052,1,9,0,3,3,1,5,0,0,0,0,0,0,0,2,1,6,6,1,22,5,1395,1,7,VOLKSWAGEN GOLF,8,E01001031,0,-1
2023201356042,2023,201356042,1,9,0,18,19,2,6,0,0,0,5,4,0,0,1,1,5,6,1,-1,-1,2000,2,18,VOLKSWAGEN GOLF,-1,-1,0,-1
2023552301286,2023,552301286,2,9,0,18,19,6,2,0,0,0,0,0,0,0,3,1,2,2,1,28,6,1896,2,20,VOLKSWAGEN GOLF,5,E01022542,0,-1
2023351358974,2023,351358974,3,9,0,4,4,1,5,0,0,0,0,0,0,0,2,1,2,2,2,-1,-1,1395,1,9,VOLKSWAGEN GOLF,9,E01025901,0,-1
2023421321778,2023,421321778,2,9,0,5,5,8,5,0,0,3,0,0,0,0,4,1,5,6,2,33,6,1968,2,11,VOLKSWAGEN GOLF,3,E01016036,0,-1
2023010444191,2023,010444191,1,9,0,7,7,1,3,0,0,1,0,0,0,0,3,1,6,6,1,27,6,1598,2,6,VOLKSWAGEN GOLF,3,E01004743,0,-1
2023122300538,2023,122300538,1,9,0,18,19,7,3,0,0,0,0,0,8,4,1,1,6,6,2,21,5,1598,2,4,VOLKSWAGEN GOLF,3,E01012109,0,-1
2023351340709,2023,351340709,2,9,0,4,4,1,5,0,0,0,0,0,0,0,0,1,5,6,1,70,10,1600,2,13,VOLKSWAGEN GOLF,10,E01018007,0,-1
2023101370418,2023,101370418,1,9,0,13,13,5,1,0,0,0,1,0,7,0,4,1,6,6,1,28,6,1984,1,2,VOLKSWAGEN GOLF,4,E01008583,0,-1
2023010442402,2023,010442402,2,9,0,99,99,9,9,99,99,9,9,99,9,99,1,9,6,6,1,74,10,1598,1,21,VOLKSWAGEN GOLF,3,E01004037,0,-1
2023451302435,2023,451302435,2,9,0,18,19,8,4,0,0,0,0,0,0,0,2,1,5,6,1,37,7,1197,1,12,VOLKSWAGEN GOLF,8,E01030622,0,-1
2023031297462,2023,031297462,1,9,0,7,7,8,3,0,0,0,0,0,0,0,2,1,6,6,1,81,11,1498,1,6,VOLKSWAGEN GOLF,10,E01031214,0,-1
2023010469067,2023,010469067,1,9,0,7,7,7,1,0,0,8,0,0,0,0,4,1,6,6,1,46,8,1498,1,5,VOLKSWAGEN GOLF,5,E01001354,0,-1
2023351348225,2023,351348225,1,9,0,16,19,1,5,0,0,0,2,0,7,0,3,1,5,6,1,25,5,2000,1,17,VOLKSWAGEN GOLF,7,E01018165,0,-1
2023501378444,2023,501378444,1,9,0,18,19,7,3,0,0,0,1,0,0,0,1,1,2,2,2,31,6,1968,2,17,VOLKSWAGEN GOLF,3,E01019070,0,-1
2023471293284,2023,471293284,2,9,0,4,4,2,6,0,0,0,0,0,0,0,2,1,5,6,1,53,8,1598,2,12,VOLKSWAGEN GOLF,8,E01021141,0,-1
2023421355077,2023,421355077,1,9,0,-1,-1,-1,-1,-1,-1,0,-1,-1,-1,0,-1,1,6,6,2,69,10,1598,2,8,VOLKSWAGEN GOLF,5,E01003700,0,-1
2023332300750,2023,332300750,2,9,0,18,19,4,8,0,0,8,1,0,0,0,3,1,1,1,1,19,4,1197,1,10,VOLKSWAGEN GOLF,5,E01013700,0,-1
2023010463523,2023,010463523,1,9,0,99,99,9,9,99,99,9,9,99,9,99,9,9,6,6,1,24,5,1395,1,9,VOLKSWAGEN GOLF,2,E01004219,0,-1
2023211258701,2023,211258701,1,9,0,18,19,7,4,0,0,0,0,0,0,0,1,1,2,2,2,61,9,1598,2,8,VOLKSWAGEN GOLF,-1,-1,0,-1
2023131298422,2023,131298422,2,9,0,18,19,6,2,0,0,8,0,0,0,0,3,1,6,6,1,40,7,1498,1,4,VOLKSWAGEN GOLF,7,E01011211,0,-1
2023010434837,2023,010434837,2,9,0,99,99,9,9,99,99,9,9,99,9,99,1,9,6,6,3,-1,-1,1984,1,16,VOLKSWAGEN GOLF,4,E01003412,0,-1
2023461305625,2023,461305625,1,9,0,18,19,5,1,0,0,4,0,9,1,1,1,1,6,6,1,-1,-1,1896,2,16,VOLKSWAGEN GOLF,-1,-1,0,-1
2023201415204,2023,201415204,1,9,0,18,19,4,8,0,0,1,0,0,0,0,1,1,6,6,3,64,9,1968,2,11,VOLKSWAGEN GOLF,7,E01032892,0,-1
2023161384474,2023,161384474,1,9,0,18,19,0,0,9,9,6,0,0,0,0,2,1,5,6,1,88,11,1395,1,6,VOLKSWAGEN GOLF,5,E01013236,0,-1
2023421321726,2023,421321726,8,9,0,2,2,0,0,0,0,1,0,0,0,0,2,1,6,6,3,-1,-1,1968,2,17,VOLKSWAGEN GOLF,-1,-1,0,-1
2023041285139,2023,041285139,1,9,0,9,9,5,5,0,0,0,0,0,7,0,4,1,6,6,1,25,5,1896,2,20,VOLKSWAGEN GOLF,3,E01025097,0,-1
2023440031009,2023,440031009,2,9,0,18,19,7,3,0,0,1,0,0,0,0,2,1,6,6,1,27,6,1600,1,18,VOLKSWAGEN GOLF,4,E01031799,0,-1
2023501266317,2023,501266317,2,9,0,4,4,6,2,0,0,1,0,0,0,0,2,1,6,6,1,20,4,2000,1,13,VOLKSWAGEN GOLF,5,E01020342,0,-1
2023622300509,2023,622300509,2,9,0,2,2,0,0,0,0,0,0,4,0,0,1,1,6,6,3,-1,-1,1896,2,16,VOLKSWAGEN GOLF,-1,-1,0,-1
2023010458311,2023,010458311,2,9,0,18,19,5,1,0,0,1,0,0,0,0,1,1,6,6,1,37,7,1498,1,2,VOLKSWAGEN GOLF,2,E01032722,0,-1
202354B319423,2023,54B319423,1,9,0,4,4,4,8,0,0,5,0,0,0,0,1,1,6,6,2,28,6,1598,2,8,VOLKSWAGEN GOLF,9,E01015473,0,-1
2023440194615,2023,440194615,1,9,0,18,19,7,3,0,0,0,0,0,0,0,1,1,6,6,1,79,11,1395,1,6,VOLKSWAGEN GOLF,10,E01023045,0,-1
2023131302276,2023,131302276,1,9,0,18,19,3,7,0,0,1,0,0,0,0,-1,1,6,6,3,-1,-1,1498,1,5,VOLKSWAGEN GOLF,-1,-1,0,-1
2023201422745,2023,201422745,1,9,0,8,8,8,6,0,0,8,0,0,0,0,1,1,6,6,1,55,8,1498,1,5,VOLKSWAGEN GOLF,10,E01009845,0,-1
2023010466054,2023,010466054,2,9,0,18,19,4,8,0,0,8,0,0,0,0,1,1,6,6,1,38,7,1598,1,16,VOLKSWAGEN GOLF,3,E01032784,0,-1
2023311272478,2023,311272478,1,9,0,1,1,5,1,9,9,2,0,0,0,0,2,1,5,6,1,25,5,1968,2,17,VOLKSWAGEN GOLF,2,E01013835,0,-1
2023440125017,2023,440125017,3,9,0,2,2,0,0,0,0,0,0,0,0,0,3,1,6,6,3,-1,-1,1968,2,16,VOLKSWAGEN GOLF,-1,-1,0,-1
2023031359900,2023,031359900,1,9,0,18,19,3,7,0,0,0,0,0,0,0,1,1,2,2,2,31,6,1968,2,12,VOLKSWAGEN GOLF,9,E01019326,0,-1
2023311270586,2023,311270586,1,9,0,18,19,4,8,0,0,1,0,0,0,0,3,1,5,6,2,37,7,1968,2,13,VOLKSWAGEN GOLF,2,E01028284,0,-1
2023071209987,2023,071209987,2,9,0,14,14,5,1,0,0,3,0,0,0,0,3,1,2,2,1,21,5,1968,2,7,VOLKSWAGEN GOLF,7,E01012524,0,-1
2023131279901,2023,131279901,1,9,0,18,19,6,3,0,0,0,5,0,8,1,1,1,5,6,1,24,5,1968,2,6,VOLKSWAGEN GOLF,1,E01025042,0,-1
2023522400739,2023,522400739,4,9,0,3,3,1,5,0,0,0,0,0,0,0,2,1,6,6,1,25,5,1984,1,9,VOLKSWAGEN GOLF,6,E01014670,0,-1
2023161364806,2023,161364806,1,9,0,18,19,5,1,0,0,0,0,10,1,1,1,1,6,6,1,23,5,1984,1,8,VOLKSWAGEN GOLF,8,E01007561,0,-1
2023131309840,2023,131309840,1,9,0,18,19,1,5,0,0,8,1,0,0,0,1,1,6,6,1,21,5,1984,1,6,VOLKSWAGEN GOLF,1,E01010702,0,-1