collision_index,collision_year,collision_ref_no,vehicle_reference,vehicle_type,towing_and_articulation,vehicle_manoeuvre_historic,vehicle_manoeuvre,vehicle_direction_from,vehicle_direction_to,vehicle_location_restricted_lane_historic,vehicle_location_restricted_lane,junction_location,skidding_and_overturning,hit_object_in_carriageway,vehicle_leaving_carriageway,hit_object_off_carriageway,first_point_of_impact,vehicle_left_hand_drive,journey_purpose_of_driver_historic,journey_purpose_of_driver,sex_of_driver,age_of_driver,age_band_of_driver,engine_capacity_cc,propulsion_code,age_of_vehicle,generic_make_model,driver_imd_decile,lsoa_of_driver,escooter_flag,driver_distance_banding
2023061285187,2023,061285187,1,9,-1,18,19,-1,-1,0,0,0,0,10,7,0,1,1,6,6,1,24,5,1968,2,4,VOLKSWAGEN GOLF,2,E01005220,0,-1
2023461373113,2023,461373113,2,9,0,9,9,5,1,0,0,1,0,0,0,0,1,1,5,6,2,56,9,2000,2,18,VOLKSWAGEN GOLF,9,E01024438,0,-1
2023332300871,2023,332300871,1,9,0,17,19,5,2,0,0,0,0,0,1,11,1,1,6,6,2,20,4,1598,2,5,VOLKSWAGEN GOLF,9,E01025661,0,-1
2023170H10083,2023,170H10083,2,9,0,18,19,6,2,0,0,6,5,0,4,0,2,1,6,6,1,66,10,1390,1,12,VOLKSWAGEN GOLF,9,E01011965,0,-1
2023991283975,2023,991283975,1,9,0,18,19,8,4,0,0,0,5,0,7,9,1,1,6,6,1,65,9,1968,2,9,VOLKSWAGEN GOLF,-1,-1,0,-1
2023041297090,2023,041297090,1,9,0,18,19,1,5,0,0,1,0,0,0,0,1,1,6,6,1,40,7,2000,2,17,VOLKSWAGEN GOLF,1,E01012601,0,-1
2023010470566,2023,010470566,1,9,0,10,10,5,3,0,0,5,0,0,0,0,1,1,6,6,1,79,11,1498,1,4,VOLKSWAGEN GOLF,4,E01015185,0,-1
2023131288418,2023,131288418,3,9,0,5,5,6,2,0,0,0,0,0,0,0,1,1,6,6,1,18,4,1390,1,14,VOLKSWAGEN GOLF,1,E01011133,0,-1
2023041351716,2023,041351716,1,9,0,18,19,3,7,0,0,0,0,0,0,0,1,1,2,2,1,19,4,1598,2,10,VOLKSWAGEN GOLF,1,E01012622,0,-1
2023430396481,2023,430396481,2,9,0,11,11,6,2,0,0,8,0,0,0,0,4,1,6,6,3,-1,-1,1395,1,10,VOLKSWAGEN GOLF,-1,-1,0,-1
2023161271743,2023,161271743,1,9,0,18,19,8,4,0,0,0,1,0,0,0,1,1,5,6,1,19,4,1395,1,10,VOLKSWAGEN GOLF,6,E01012923,0,-1
202360A034365,2023,60A034365,2,9,0,18,19,2,6,0,0,1,0,0,0,0,1,1,1,1,2,34,6,1395,1,5,VOLKSWAGEN GOLF,-1,-1,0,-1
2023421367151,2023,421367151,1,9,0,18,19,8,4,0,0,0,0,0,0,0,4,1,2,2,1,22,5,1600,1,19,VOLKSWAGEN GOLF,2,E01015851,0,-1
2023471350500,2023,471350500,1,9,0,1,1,1,5,0,0,2,0,0,0,0,2,1,6,6,3,-1,-1,1598,1,17,VOLKSWAGEN GOLF,-1,-1,0,-1
2023052301091,2023,052301091,1,9,0,18,19,4,8,0,0,8,0,0,0,0,1,1,6,6,1,27,6,1598,1,18,VOLKSWAGEN GOLF,1,E01006540,0,-1
2023201384712,2023,201384712,2,9,0,18,19,-1,-1,0,0,0,0,0,0,0,2,1,6,6,1,-1,-1,1896,2,16,VOLKSWAGEN GOLF,4,E01009894,0,-1
2023302300398,2023,302300398,3,9,0,2,2,0,0,6,6,1,0,0,0,0,2,1,6,6,3,-1,-1,1600,2,14,VOLKSWAGEN GOLF,-1,-1,0,-1
2023131267086,2023,131267086,1,9,0,18,19,3,7,0,0,1,0,0,0,0,1,1,6,6,2,27,6,1598,2,10,VOLKSWAGEN GOLF,1,E01010838,0,-1
2023010460718,2023,010460718,1,9,0,5,5,7,3,0,0,8,0,0,0,0,2,1,6,6,1,27,6,1998,1,9,VOLKSWAGEN GOLF,4,E01000466,0,-1
2023231368968,2023,231368968,2,9,0,18,19,1,5,0,0,0,0,0,0,0,1,1,2,2,1,21,5,1968,2,14,VOLKSWAGEN GOLF,10,E01010231,0,-1
2023131308608,2023,131308608,1,9,0,18,19,5,1,0,0,0,0,0,0,0,1,1,5,6,1,38,7,1968,2,11,VOLKSWAGEN GOLF,1,E01011130,0,-1
2023131288273,2023,131288273,2,9,0,5,5,4,8,0,0,8,0,0,0,0,2,1,6,6,1,28,6,1968,2,8,VOLKSWAGEN GOLF,5,E01033695,0,-1
2023451287814,2023,451287814,1,9,0,18,19,2,6,0,0,0,0,0,0,0,1,1,1,1,1,33,6,1598,2,9,VOLKSWAGEN GOLF,6,E01030455,0,-1
2023461383856,2023,461383856,1,9,0,18,19,8,4,0,0,0,0,0,0,0,1,1,6,6,2,76,11,1598,2,9,VOLKSWAGEN GOLF,6,E01022520,0,-1
202360A112068,2023,60A112068,2,9,0,10,10,2,7,0,0,1,0,0,0,0,2,1,6,6,1,42,7,1395,1,6,VOLKSWAGEN GOLF,-1,-1,0,-1
2023451317816,2023,451317816,2,9,0,18,19,3,7,0,0,4,1,0,0,0,1,1,5,6,2,56,9,2000,2,17,VOLKSWAGEN GOLF,9,E01004094,0,-1
2023311286281,2023,311286281,1,9,0,10,10,2,1,0,0,8,0,0,0,0,2,1,2,2,2,46,8,1896,2,20,VOLKSWAGEN GOLF,9,E01028054,0,-1
2023070275835,2023,070275835,1,9,0,14,14,8,4,0,0,0,1,10,7,2,3,1,6,6,3,-1,-1,2000,2,18,VOLKSWAGEN GOLF,-1,-1,0,-1
2023451316694,2023,451316694,1,9,0,11,11,1,5,0,0,0,1,0,0,0,4,1,6,6,1,54,8,1968,2,9,VOLKSWAGEN GOLF,10,E01030671,0,-1
2023010428859,2023,010428859,2,9,0,18,19,3,7,0,0,8,0,0,0,0,1,1,6,6,3,-1,-1,1598,1,15,VOLKSWAGEN GOLF,-1,-1,0,-1
2023361311728,2023,361311728,1,9,0,13,13,5,1,0,0,0,0,0,0,0,1,1,2,2,1,46,8,1896,2,15,VOLKSWAGEN GOLF,1,E01026704,0,-1
2023161372873,2023,161372873,1,9,0,18,19,3,7,0,0,0,0,0,0,0,1,1,6,6,1,31,6,1984,1,7,VOLKSWAGEN GOLF,1,E01013083,0,-1
2023131330382,2023,131330382,3,9,0,2,2,0,0,0,0,0,0,0,0,0,2,1,6,6,3,-1,-1,3200,1,15,VOLKSWAGEN GOLF,-1,-1,0,-1
2023340WN3312,2023,340WN3312,2,9,0,2,2,0,0,0,0,0,0,0,0,0,2,1,6,6,2,63,9,1600,2,13,VOLKSWAGEN GOLF,10,E01027300,0,-1
2023302301058,2023,302301058,2,9,0,16,19,8,2,0,0,1,0,0,0,0,1,1,6,6,1,41,7,1968,2,14,VOLKSWAGEN GOLF,4,E01019481,0,-1
2023122301395,2023,122301395,1,9,0,1,1,8,4,0,0,0,0,0,0,0,2,1,6,6,1,39,7,1968,2,11,VOLKSWAGEN GOLF,9,E01027595,0,-1
2023501344063,2023,501344063,1,9,0,17,19,5,2,0,0,0,0,0,2,10,4,1,5,6,1,29,6,1598,2,13,VOLKSWAGEN GOLF,7,E01019077,0,-1
2023430301828,2023,430301828,1,9,0,5,5,6,2,0,0,8,0,0,0,0,1,1,6,6,1,54,8,1598,2,12,VOLKSWAGEN GOLF,8,E01016830,0,-1
2023131358629,2023,131358629,1,9,0,13,13,8,4,0,0,0,1,0,0,0,1,1,5,6,1,26,6,1900,2,17,VOLKSWAGEN GOLF,6,E01011228,0,-1
2023131357664,2023,131357664,1,9,0,-1,-1,-1,-1,-1,-1,-1,-1,-1,-1,0,-1,1,6,6,3,-1,-1,1390,1,13,VOLKSWAGEN GOLF,-1,-1,0,-1
2023991351006,2023,991351006,1,9,0,1,1,7,2,0,0,2,0,0,0,0,2,1,5,6,1,25,5,1598,2,10,VOLKSWAGEN GOLF,-1,-1,0,-1
2023221339007,2023,221339007,2,9,0,9,9,3,2,0,0,6,0,0,0,0,1,1,5,6,2,18,4,1598,2,9,VOLKSWAGEN GOLF,2,E01032239,0,-1
2023010425221,2023,010425221,1,9,0,18,19,1,5,0,0,8,0,0,0,0,1,1,6,6,2,61,9,1395,1,6,VOLKSWAGEN GOLF,8,E01004168,0,-1
2023501300930,2023,501300930,1,9,0,7,7,2,4,0,0,6,0,0,0,0,3,1,2,2,1,48,8,1896,2,21,VOLKSWAGEN GOLF,6,E01020241,0,-1
2023440062789,2023,440062789,1,9,0,9,9,8,6,0,0,5,0,0,0,0,3,1,6,6,1,19,4,1900,2,17,VOLKSWAGEN GOLF,10,E01022663,0,-1
2023501269175,2023,501269175,1,9,0,18,19,7,3,0,0,0,1,0,0,0,1,1,5,6,1,47,8,1896,2,20,VOLKSWAGEN GOLF,2,E01015026,0,-1
202363A003723,2023,63A003723,2,9,0,18,19,4,8,0,0,0,0,0,4,6,1,1,6,6,2,30,6,1984,1,15,VOLKSWAGEN GOLF,8,W01000694,0,-1
2023522301461,2023,522301461,2,9,0,9,9,4,1,0,0,6,0,0,0,0,1,1,6,6,1,26,6,1984,1,10,VOLKSWAGEN GOLF,2,E01000783,0,-1
2023010454339,2023,010454339,2,9,9,99,99,9,9,99,99,0,9,99,9,99,1,9,6,6,3,-1,-1,1984,1,6,VOLKSWAGEN GOLF,4,E01033572,0,-1
2023052300302,2023,052300302,2,9,0,2,2,0,0,0,0,0,0,0,0,0,2,1,6,6,3,-1,-1,1498,1,3,VOLKSWAGEN GOLF,-1,-1,0,-1
2023332300739,2023,332300739,2,9,0,9,9,3,1,2,2,5,0,0,0,0,1,1,6,6,3,-1,-1,2000,2,18,VOLKSWAGEN GOLF,-1,-1,0,-1
2023010430572,2023,010430572,1,9,0,99,99,9,9,99,99,9,9,99,9,99,9,9,6,6,1,55,8,1197,1,13,VOLKSWAGEN GOLF,2,E01032772,0,-1
2023141299618,2023,141299618,2,9,0,18,19,1,1,0,0,1,0,0,0,0,1,1,6,6,1,26,6,1968,2,9,VOLKSWAGEN GOLF,1,E01007318,0,-1
2023501376008,2023,501376008,2,9,0,9,9,6,4,0,0,8,0,0,0,0,3,1,5,6,2,19,4,1598,1,16,VOLKSWAGEN GOLF,2,E01018868,0,-1
2023411316836,2023,411316836,1,9,0,5,5,4,8,0,0,0,0,4,0,0,1,1,5,6,1,33,6,1598,2,9,VOLKSWAGEN GOLF,7,E01025702,0,-1
2023010440003,2023,010440003,1,9,0,5,5,0,1,9,9,6,0,0,0,0,4,1,2,2,2,34,6,1984,1,6,VOLKSWAGEN GOLF,6,E01032768,0,-1
2023461372393,2023,461372393,1,9,0,18,19,7,3,0,0,0,0,0,0,0,1,1,1,1,1,22,5,1595,1,14,VOLKSWAGEN GOLF,2,E01032805,0,-1
2023522301661,2023,522301661,1,9,0,18,19,7,3,0,0,0,0,0,0,0,1,1,6,6,1,28,6,1390,1,15,VOLKSWAGEN GOLF,6,E01014975,0,-1
2023451374555,2023,451374555,2,9,0,5,5,3,5,0,0,1,0,0,0,0,1,1,5,6,1,84,11,1390,1,13,VOLKSWAGEN GOLF,9,E01030964,0,-1
2023631330218,2023,631330218,1,9,0,17,19,7,4,0,0,0,0,0,0,0,3,1,6,6,2,52,8,1598,2,10,VOLKSWAGEN GOLF,8,W01000446,0,-1
2023421323359,2023,421323359,2,9,0,18,19,7,3,0,0,8,1,0,1,0,1,1,6,6,1,25,5,1395,1,10,VOLKSWAGEN GOLF,3,E01021687,0,-1
2023141327128,2023,141327128,1,9,0,18,19,5,1,0,0,8,0,0,0,0,3,1,6,6,1,41,7,1968,2,6,VOLKSWAGEN GOLF,1,E01007949,0,-1
2023010456502,2023,010456502,1,9,0,18,19,6,2,0,0,6,0,0,0,0,3,1,6,6,3,-1,-1,1984,1,17,VOLKSWAGEN GOLF,-1,-1,0,-1
2023041370728,2023,041370728,2,9,0,4,4,1,5,0,0,0,0,0,0,0,2,1,5,6,1,40,7,1598,2,12,VOLKSWAGEN GOLF,-1,-1,0,-1
2023351310497,2023,351310497,2,9,0,3,3,-1,-1,0,0,0,0,0,0,0,1,1,5,6,2,65,9,1896,2,14,VOLKSWAGEN GOLF,10,E01033428,0,-1
202360A016942,2023,60A016942,2,9,0,18,19,1,5,0,0,0,0,0,2,4,1,1,6,6,2,56,9,1598,2,7,VOLKSWAGEN GOLF,-1,-1,0,-1
2023201326845,2023,201326845,1,9,0,18,19,1,5,0,0,0,0,0,0,0,2,1,6,6,1,-1,-1,1395,1,8,VOLKSWAGEN GOLF,2,E01010531,0,-1
2023471351401,2023,471351401,1,9,0,14,14,2,6,0,0,1,0,4,0,0,1,1,5,6,2,37,7,1395,1,8,VOLKSWAGEN GOLF,6,E01021213,0,-1
2023010446984,2023,010446984,1,9,0,14,14,6,2,0,0,0,5,0,0,0,1,1,6,6,2,84,11,1390,1,12,VOLKSWAGEN GOLF,6,E01000273,0,-1
2023552301511,2023,552301511,2,9,0,18,19,6,2,0,0,8,0,0,0,0,3,1,2,2,2,26,6,1896,2,18,VOLKSWAGEN GOLF,4,E01020438,0,-1
2023010431298,2023,010431298,1,9,0,18,19,7,3,0,0,0,0,0,0,0,3,1,6,6,1,38,7,1395,1,10,VOLKSWAGEN GOLF,2,E01004242,0,-1
2023520301005,2023,520301005,1,9,0,18,19,4,8,0,0,0,0,0,0,0,4,1,6,6,1,37,7,1968,2,14,VOLKSWAGEN GOLF,6,E01022956,0,-1
2023430292532,2023,430292532,1,9,0,9,9,1,7,0,0,5,0,0,0,0,1,1,6,6,1,18,4,1598,2,7,VOLKSWAGEN GOLF,7,E01017851,0,-1
2023440005938,2023,440005938,1,9,0,18,19,3,7,0,0,0,5,0,0,0,1,1,2,2,1,31,6,1598,2,11,VOLKSWAGEN GOLF,5,E01022728,0,-1
2023061376662,2023,061376662,2,9,0,4,4,5,1,0,0,1,0,0,0,0,2,1,2,2,2,33,6,999,1,4,VOLKSWAGEN GOLF,1,E01004863,0,-1
2023101319887,2023,101319887,1,9,0,18,19,5,1,9,9,0,0,0,0,0,1,1,6,6,3,-1,-1,1498,8,1,VOLKSWAGEN GOLF,-1,-1,0,-1
2023201291173,2023,201291173,1,9,0,18,19,8,4,0,0,0,0,4,0,0,1,1,6,6,1,26,6,1600,1,18,VOLKSWAGEN GOLF,2,E01009650,0,-1
2023531325381,2023,531325381,1,9,0,16,19,5,1,0,0,0,0,0,0,0,1,1,6,6,1,23,5,1968,2,11,VOLKSWAGEN GOLF,9,E01033333,0,-1
2023131266040,2023,131266040,2,9,0,18,19,7,3,0,0,8,0,0,0,0,1,1,5,6,1,21,5,1968,2,6,VOLKSWAGEN GOLF,4,E01011157,0,-1
2023552300124,2023,552300124,1,9,0,9,9,3,1,0,0,6,0,0,0,0,3,1,2,2,1,26,6,1781,1,20,VOLKSWAGEN GOLF,3,E01020564,0,-1
2023010469260,2023,010469260,2,9,0,99,99,9,9,99,99,9,9,99,9,99,2,9,6,6,3,-1,-1,1598,1,16,VOLKSWAGEN GOLF,-1,-1,0,-1
2023161316005,2023,161316005,2,9,0,10,10,8,5,0,0,8,0,0,1,10,2,1,6,6,2,43,7,1896,2,16,VOLKSWAGEN GOLF,10,E01013057,0,-1
2023031310157,2023,031310157,1,9,0,18,19,5,2,0,0,0,0,0,0,0,3,1,5,6,2,32,6,1598,2,8,VOLKSWAGEN GOLF,-1,-1,0,-1
2023041288248,2023,041288248,3,9,0,2,2,0,0,9,9,0,0,0,0,0,2,1,6,6,3,-1,-1,1900,2,17,VOLKSWAGEN GOLF,-1,-1,0,-1
2023131327579,2023,131327579,2,9,0,18,19,1,5,0,0,8,0,0,0,0,3,1,6,6,2,38,7,1900,2,16,VOLKSWAGEN GOLF,1,E01011363,0,-1
2023010441393,2023,010441393,2,9,0,99,99,9,9,99,99,9,9,99,9,99,1,9,6,6,3,46,8,1598,1,18,VOLKSWAGEN GOLF,8,E01002289,0,-1
2023010456002,2023,010456002,2,9,0,99,99,9,9,99,99,9,9,99,9,99,2,9,6,6,3,-1,-1,1968,2,15,VOLKSWAGEN GOLF,-1,-1,0,-1
2023010479945,2023,010479945,1,9,0,18,19,1,5,0,0,1,0,0,0,0,1,1,6,6,1,34,6,1968,2,7,VOLKSWAGEN GOLF,4,E01021277,0,-1
2023471312952,2023,471312952,3,9,0,2,2,5,1,0,0,0,0,0,0,0,2,1,6,6,3,-1,-1,1968,2,11,VOLKSWAGEN GOLF,-1,-1,0,-1
2023061300454,2023,061300454,1,9,0,15,15,3,7,0,0,1,1,4,0,0,1,1,6,6,1,25,5,1598,2,7,VOLKSWAGEN GOLF,3,E01004854,0,-1
2023010480111,2023,010480111,2,9,0,9,9,6,3,0,0,0,0,0,0,0,1,1,6,6,1,58,9,999,1,5,VOLKSWAGEN GOLF,3,E01001932,0,-1
2023451294071,2023,451294071,1,9,0,7,7,2,6,0,0,1,0,0,0,0,1,1,5,6,1,33,6,1390,1,14,VOLKSWAGEN GOLF,6,E01030455,0,-1
2023430563443,2023,430563443,1,9,0,18,19,8,4,0,0,8,0,0,1,11,1,1,6,6,1,39,7,1984,1,8,VOLKSWAGEN GOLF,3,E01016555,0,-1
2023131277710,2023,131277710,1,9,0,18,19,7,3,0,0,6,0,0,0,0,3,1,5,6,1,20,4,1968,2,2,VOLKSWAGEN GOLF,1,E01010803,0,-1
2023552301086,2023,552301086,2,9,0,9,9,1,7,0,0,5,0,0,0,0,2,1,6,6,2,65,9,1395,1,7,VOLKSWAGEN GOLF,7,E01028438,0,-1
202360A029092,2023,60A029092,2,9,0,5,5,4,8,0,0,8,0,0,7,11,1,1,6,6,1,19,4,1598,2,11,VOLKSWAGEN GOLF,-1,-1,0,-1
2023544675523,2023,544675523,2,9,0,18,19,7,3,0,0,1,0,0,0,0,1,1,6,6,2,82,11,1896,2,16,VOLKSWAGEN GOLF,10,E01032009,0,-1
2023010420738,2023,010420738,1,9,0,99,99,9,9,99,99,9,9,99,9,99,2,9,6,6,1,36,7,1390,1,13,VOLKSWAGEN GOLF,5,E01000583,0,-1
2023201382390,2023,201382390,1,9,0,13,13,6,1,0,0,0,0,0,0,0,1,1,5,6,1,-1,-1,1598,2,10,VOLKSWAGEN GOLF,3,E01009597,0,-1
2023131330958,2023,131330958,1,9,0,4,4,4,8,0,0,8,0,0,0,0,2,1,2,2,1,37,7,1598,2,10,VOLKSWAGEN GOLF,1,E01011471,0,-1
2023070947222,2023,070947222,1,9,0,18,19,8,4,0,0,0,1,4,0,0,1,1,6,6,2,25,5,1498,1,0,VOLKSWAGEN GOLF,-1,-1,0,-1
2023201276922,2023,201276922,1,9,0,18,19,2,6,0,0,1,5,4,0,0,3,1,1,1,1,42,7,1968,2,9,VOLKSWAGEN GOLF,1,E01010511,0,-1
2023131261675,2023,131261675,1,9,0,18,19,3,7,0,0,8,0,10,1,3,1,1,6,6,1,26,6,1968,2,8,VOLKSWAGEN GOLF,2,E01011000,0,-1
2023471321261,2023,471321261,1,9,0,17,19,3,7,0,0,4,0,0,0,0,3,1,5,6,1,67,10,1984,1,6,VOLKSWAGEN GOLF,9,E01031339,0,-1
2023471306851,2023,471306851,1,9,0,18,19,2,6,0,0,1,0,12,5,6,1,1,5,6,1,22,5,1984,1,5,VOLKSWAGEN GOLF,7,E01031660,0,-1
2023461281414,2023,461281414,1,9,0,18,19,8,4,0,0,0,0,0,1,10,1,1,5,6,2,19,4,999,8,1,VOLKSWAGEN GOLF,5,E01024014,0,-1
2023361319910,2023,361319910,1,9,0,18,19,3,7,0,0,0,5,0,1,9,1,1,6,6,1,31,6,1598,2,8,VOLKSWAGEN GOLF,2,E01008942,0,-1
2023421279549,2023,421279549,2,9,-1,5,5,7,5,0,0,4,0,0,0,0,3,1,5,6,1,32,6,1598,2,11,VOLKSWAGEN GOLF,6,E01021875,0,-1
2023552300459,2023,552300459,2,9,0,3,3,3,7,0,0,0,0,0,0,0,2,1,6,6,1,31,6,1598,2,12,VOLKSWAGEN GOLF,4,E01015326,0,-1
2023010455037,2023,010455037,1,9,0,9,9,5,3,0,0,5,0,0,0,0,1,1,1,1,1,29,6,1968,2,6,VOLKSWAGEN GOLF,9,E01000424,0,-1
2023430582579,2023,430582579,1,9,0,18,19,6,2,0,0,4,5,9,0,0,1,1,6,6,3,-1,-1,1390,1,14,VOLKSWAGEN GOLF,-1,-1,0,-1
2023221291415,2023,221291415,1,9,0,18,19,1,5,0,0,0,0,0,1,4,1,1,5,6,1,23,5,1980,1,13,VOLKSWAGEN GOLF,5,E01032411,0,-1
2023531388857,2023,531388857,1,9,0,18,19,5,1,0,0,0,0,7,0,0,4,1,6,6,1,65,9,1598,2,9,VOLKSWAGEN GOLF,8,E01022463,0,-1
2023101329776,2023,101329776,1,9,0,18,19,4,8,0,0,0,0,0,0,0,1,1,6,6,1,50,8,1896,2,20,VOLKSWAGEN GOLF,2,E01008584,0,-1
202360A120670,2023,60A120670,1,9,0,17,19,4,1,0,0,0,5,10,1,11,3,1,6,6,1,17,4,1598,2,11,VOLKSWAGEN GOLF,-1,-1,0,-1
2023041369405,2023,041369405,2,9,0,18,19,5,1,0,0,1,0,0,0,0,4,2,6,6,1,27,6,1896,2,15,VOLKSWAGEN GOLF,1,E01025083,0,-1
2023101305534,2023,101305534,1,9,0,17,19,7,3,6,6,0,1,0,2,11,1,1,6,6,1,18,4,1390,1,11,VOLKSWAGEN GOLF,-1,-1,0,-1
2023522400842,2023,522400842,1,9,0,5,5,5,1,0,0,0,0,0,0,0,4,1,3,7,2,32,6,1390,1,14,VOLKSWAGEN GOLF,5,E01015005,0,-1
2023311287954,2023,311287954,1,9,0,5,5,8,6,0,0,1,0,0,0,0,4,1,6,6,1,46,8,1598,1,18,VOLKSWAGEN GOLF,2,E01013947,0,-1
2023010462225,2023,010462225,1,9,0,99,99,9,9,99,99,9,9,99,9,99,1,9,6,6,1,42,7,1498,1,6,VOLKSWAGEN GOLF,7,E01000877,0,-1
2023141311866,2023,141311866,2,9,0,18,19,2,6,0,0,0,0,0,0,0,1,1,6,6,3,-1,-1,1984,1,6,VOLKSWAGEN GOLF,-1,-1,0,-1
2023451341347,2023,451341347,1,9,0,18,19,5,1,0,0,0,0,0,7,0,1,1,5,6,1,23,5,1390,1,14,VOLKSWAGEN GOLF,8,E01002915,0,-1
2023351341417,2023,351341417,2,9,0,18,19,-1,-1,0,0,0,0,0,0,0,3,1,2,2,1,40,7,1598,2,9,VOLKSWAGEN GOLF,9,E01025343,0,-1
2023010454403,2023,010454403,2,9,0,99,99,9,9,99,99,9,9,99,9,99,9,9,6,6,3,-1,-1,1395,1,10,VOLKSWAGEN GOLF,-1,-1,0,-1
2023131278483,2023,131278483,2,9,0,8,8,2,1,0,0,1,0,0,0,0,1,1,2,2,1,44,7,-1,3,5,VOLKSWAGEN GOLF,5,E01011114,0,-1
2023131322402,2023,131322402,2,9,0,2,2,0,0,0,0,0,0,0,0,0,4,1,6,6,3,-1,-1,-1,3,4,VOLKSWAGEN GOLF,-1,-1,0,-1
2023041318271,2023,041318271,1,9,0,18,19,3,3,0,0,0,0,0,0,0,1,1,5,6,1,33,6,1598,2,12,VOLKSWAGEN GOLF,3,E01012623,0,-1
2023201287718,2023,201287718,1,9,0,5,5,2,2,0,0,6,0,0,0,0,1,1,6,6,2,39,7,1595,1,16,VOLKSWAGEN GOLF,2,E01033635,0,-1
2023440461949,2023,440461949,2,9,0,4,4,6,2,0,0,1,0,0,0,0,1,1,6,6,1,-1,-1,1595,1,17,VOLKSWAGEN GOLF,-1,-1,0,-1
2023010463581,2023,010463581,1,9,0,18,19,1,5,9,9,0,0,10,1,11,4,1,6,6,1,22,5,1984,1,5,VOLKSWAGEN GOLF,-1,-1,0,-1
2023101345972,2023,101345972,1,9,0,9,9,5,4,0,0,6,0,0,0,0,1,1,5,6,2,22,5,2000,2,18,VOLKSWAGEN GOLF,2,E01008755,0,-1
2023010458579,2023,010458579,2,9,0,99,99,9,9,99,99,9,9,99,9,99,1,9,6,6,3,26,6,1598,1,16,VOLKSWAGEN GOLF,9,E01000687,0,-1
2023221329354,2023,221329354,1,9,0,1,1,5,8,0,0,0,0,0,0,0,2,1,6,6,1,26,6,1598,1,17,VOLKSWAGEN GOLF,-1,-1,0,-1
2023471268581,2023,471268581,2,9,0,18,19,1,5,0,0,0,0,0,0,0,1,1,5,6,2,59,9,1896,2,19,VOLKSWAGEN GOLF,10,E01031502,0,-1
2023041307031,2023,041307031,1,9,0,16,19,1,5,0,0,0,1,0,0,0,1,1,6,6,1,22,5,1968,2,12,VOLKSWAGEN GOLF,3,E01025246,0,-1
2023991292039,2023,991292039,1,9,0,9,9,8,5,0,0,2,0,0,0,0,3,1,5,6,2,36,7,999,1,7,VOLKSWAGEN GOLF,10,-1,0,-1
2023501270649,2023,501270649,1,9,0,7,7,1,3,0,0,8,0,0,0,0,3,1,6,6,1,84,11,1598,2,13,VOLKSWAGEN GOLF,4,E01018846,0,-1
2023371334022,2023,371334022,3,9,0,18,19,6,1,0,0,0,0,0,0,0,1,1,5,6,2,24,5,1968,2,7,VOLKSWAGEN GOLF,-1,-1,0,-1
2023430176551,2023,430176551,2,9,0,18,19,6,2,0,0,8,1,0,0,0,1,1,6,6,2,22,5,1600,1,19,VOLKSWAGEN GOLF,9,E01016513,0,-1
2023501390814,2023,501390814,1,9,0,18,19,0,0,0,0,1,0,0,0,0,1,1,6,6,1,23,5,1598,2,9,VOLKSWAGEN GOLF,3,E01015172,0,-1
2023430058841,2023,430058841,2,9,0,18,19,9,9,0,0,0,0,0,0,0,3,1,6,6,2,28,6,1598,2,5,VOLKSWAGEN GOLF,7,E01017909,0,-1
2023430371235,2023,430371235,2,9,0,18,19,4,8,0,0,4,0,0,0,0,2,1,6,6,2,46,8,1498,1,5,VOLKSWAGEN GOLF,10,E01016243,0,-1
2023031313951,2023,031313951,2,9,0,17,19,1,7,0,0,0,0,0,0,0,1,1,5,6,2,53,8,1968,2,14,VOLKSWAGEN GOLF,9,E01025148,0,-1
2023991282957,2023,991282957,2,9,0,2,2,0,0,0,0,2,0,0,0,0,1,1,6,6,3,-1,-1,1900,2,16,VOLKSWAGEN GOLF,-1,-1,0,-1
2023131307514,2023,131307514,2,9,0,9,9,1,5,0,0,8,0,0,0,0,3,1,5,6,1,48,8,1900,2,17,VOLKSWAGEN GOLF,1,E01010618,0,-1
2023221318982,2023,221318982,1,9,0,18,19,6,2,0,0,0,0,0,0,0,1,1,5,6,1,49,8,1968,2,17,VOLKSWAGEN GOLF,8,E01032446,0,-1
2023111387495,2023,111387495,1,9,0,5,5,1,5,0,0,0,0,0,0,0,1,2,6,6,1,47,8,1968,2,9,VOLKSWAGEN GOLF,2,E01020618,0,-1
2023351390600,2023,351390600,2,9,0,10,10,7,3,0,0,1,0,0,0,0,2,1,5,6,2,31,6,1968,2,9,VOLKSWAGEN GOLF,6,E01018281,0,-1
2023451393574,2023,451393574,1,9,0,18,19,3,7,0,0,1,0,0,0,0,4,1,6,6,1,54,8,1395,8,7,VOLKSWAGEN GOLF,10,E01030997,0,-1
2023061304764,2023,061304764,1,9,0,17,19,2,6,0,0,0,1,10,6,2,1,1,6,6,1,33,6,2000,1,18,VOLKSWAGEN GOLF,2,E01032907,0,-1
2023201368824,2023,201368824,2,9,0,18,19,2,6,0,0,0,0,0,0,0,1,1,6,6,1,68,10,1968,2,4,VOLKSWAGEN GOLF,4,E01009250,0,-1
2023311334538,2023,311334538,1,9,0,1,1,2,6,9,9,1,0,0,1,3,2,1,5,6,1,22,5,1598,2,8,VOLKSWAGEN GOLF,3,E01028257,0,-1
2023631312189,2023,631312189,1,9,0,9,9,8,7,0,0,6,0,0,3,11,1,1,5,6,2,20,4,1600,2,14,VOLKSWAGEN GOLF,5,W01000535,0,-1
2023010470456,2023,010470456,2,9,0,18,19,7,3,0,0,0,0,0,0,0,1,1,6,6,1,27,6,1984,1,5,VOLKSWAGEN GOLF,7,E01003696,0,-1
2023501380632,2023,501380632,2,9,0,16,19,2,6,0,0,0,1,0,0,0,1,1,5,6,2,54,8,1598,2,8,VOLKSWAGEN GOLF,4,E01018781,0,-1
2023361333908,2023,361333908,2,9,0,4,4,6,2,0,0,0,0,0,0,0,3,1,5,6,1,38,7,1968,2,16,VOLKSWAGEN GOLF,6,E01026569,0,-1