collision_index,collision_year,collision_ref_no,vehicle_reference,vehicle_type,towing_and_articulation,vehicle_manoeuvre_historic,vehicle_manoeuvre,vehicle_direction_from,vehicle_direction_to,vehicle_location_restricted_lane_historic,vehicle_location_restricted_lane,junction_location,skidding_and_overturning,hit_object_in_carriageway,vehicle_leaving_carriageway,hit_object_off_carriageway,first_point_of_impact,vehicle_left_hand_drive,journey_purpose_of_driver_historic,journey_purpose_of_driver,sex_of_driver,age_of_driver,age_band_of_driver,engine_capacity_cc,propulsion_code,age_of_vehicle,generic_make_model,driver_imd_decile,lsoa_of_driver,escooter_flag,driver_distance_banding
2023161289222,2023,161289222,1,9,0,18,19,6,2,0,0,0,1,10,1,2,1,1,5,6,1,20,4,1968,2,15,VOLKSWAGEN GOLF,5,E01013019,0,-1
2023131360080,2023,131360080,2,9,0,16,19,1,5,0,0,0,0,0,0,0,1,1,3,7,2,28,6,1968,2,6,VOLKSWAGEN GOLF,2,E01010583,0,-1
2023421335466,2023,421335466,2,9,0,18,19,6,2,0,0,0,0,0,1,9,1,1,6,6,2,47,8,1390,1,11,VOLKSWAGEN GOLF,7,E01021413,0,-1
2023010441811,2023,010441811,1,9,0,4,4,5,1,0,0,0,0,0,0,0,1,1,6,6,1,26,6,1390,1,14,VOLKSWAGEN GOLF,2,E01004287,0,-1
2023201415573,2023,201415573,1,9,0,18,19,6,2,0,0,8,1,10,8,11,1,1,6,6,2,18,4,1968,2,17,VOLKSWAGEN GOLF,6,E01009586,0,-1
2023471283076,2023,471283076,1,9,0,7,7,1,5,0,0,0,0,0,0,0,1,1,5,6,1,30,6,1896,2,15,VOLKSWAGEN GOLF,3,E01031366,0,-1
2023522301453,2023,522301453,1,9,0,13,13,7,3,0,0,2,1,0,0,0,1,1,6,6,1,21,5,1896,2,22,VOLKSWAGEN GOLF,3,E01014941,0,-1
2023122400093,2023,122400093,1,9,0,4,4,4,8,0,0,5,0,0,0,0,3,1,1,1,2,34,6,1968,2,15,VOLKSWAGEN GOLF,1,E01010713,0,-1
2023010471595,2023,010471595,1,9,0,9,9,3,2,0,0,1,0,0,0,0,3,1,6,6,1,20,4,1968,2,5,VOLKSWAGEN GOLF,1,E01032512,0,-1
2023010464282,2023,010464282,4,9,0,2,2,0,0,0,0,2,0,0,0,0,2,1,6,6,3,-1,-1,2000,1,14,VOLKSWAGEN GOLF,-1,-1,0,-1
2023411267680,2023,411267680,3,9,0,4,4,3,7,0,0,0,0,0,0,0,2,1,6,6,1,48,8,1984,1,6,VOLKSWAGEN GOLF,9,E01028592,0,-1
2023401286543,2023,401286543,2,9,0,7,7,2,4,0,0,1,0,0,0,0,2,1,5,6,2,40,7,1984,1,10,VOLKSWAGEN GOLF,8,E01017383,0,-1
2023501355715,2023,501355715,4,9,0,2,2,0,0,0,0,0,0,0,0,0,4,1,6,6,3,-1,-1,1598,1,15,VOLKSWAGEN GOLF,-1,-1,0,-1
2023061352769,2023,061352769,1,9,0,18,19,7,3,0,0,8,0,0,0,0,1,1,6,6,1,25,5,1390,1,14,VOLKSWAGEN GOLF,7,E01007062,0,-1
2023010451802,2023,010451802,2,9,0,99,99,9,9,99,99,9,9,99,9,99,9,9,6,6,1,-1,-1,1395,1,10,VOLKSWAGEN GOLF,-1,-1,0,-1
2023131284690,2023,131284690,1,9,0,18,19,3,7,0,0,1,0,0,0,0,1,1,5,6,1,24,5,1968,2,10,VOLKSWAGEN GOLF,3,E01010846,0,-1
2023010434861,2023,010434861,2,9,0,99,99,9,9,99,99,9,9,99,9,99,9,9,1,1,3,-1,-1,1598,2,4,VOLKSWAGEN GOLF,3,E01001147,0,-1
2023131282450,2023,131282450,1,9,0,-1,-1,-1,-1,-1,-1,0,-1,-1,-1,-1,-1,1,6,6,3,-1,-1,1598,2,12,VOLKSWAGEN GOLF,-1,-1,0,-1
2023430413936,2023,430413936,1,9,0,18,19,2,6,0,0,0,0,0,0,0,1,1,6,6,1,31,6,1896,2,21,VOLKSWAGEN GOLF,10,E01016792,0,-1
2023010462142,2023,010462142,1,9,0,6,6,2,2,0,0,1,0,0,0,0,3,1,3,7,1,44,7,1390,1,14,VOLKSWAGEN GOLF,1,E01002091,0,-1
2023991392118,2023,991392118,1,9,0,18,19,4,7,0,0,0,1,0,0,0,1,1,6,6,1,84,11,1896,2,16,VOLKSWAGEN GOLF,7,-1,0,-1
2023131319574,2023,131319574,2,9,0,18,19,7,3,6,6,1,0,0,0,0,1,1,6,6,1,27,6,3200,1,16,VOLKSWAGEN GOLF,1,E01010808,0,-1
2023351369095,2023,351369095,2,9,0,2,2,7,3,0,0,0,0,0,1,0,2,1,6,6,1,36,7,1598,2,11,VOLKSWAGEN GOLF,-1,-1,0,-1
2023471304156,2023,471304156,1,9,0,7,7,7,2,0,0,6,0,0,0,0,3,1,5,6,1,83,11,1498,8,3,VOLKSWAGEN GOLF,10,E01024817,0,-1
2023041343654,2023,041343654,1,9,0,9,9,2,6,0,0,5,0,0,0,0,4,1,5,6,1,28,6,1498,1,1,VOLKSWAGEN GOLF,-1,-1,0,-1
2023302301142,2023,302301142,2,9,0,18,19,1,5,0,0,0,0,0,0,0,1,1,6,6,1,23,5,1781,1,35,VOLKSWAGEN GOLF,8,E01019476,0,-1
2023311275226,2023,311275226,1,9,0,18,19,2,6,0,0,1,1,10,1,11,1,1,5,6,1,32,6,1781,1,21,VOLKSWAGEN GOLF,7,E01028154,0,-1
2023461280713,2023,461280713,2,9,0,4,4,1,5,0,0,0,0,0,0,0,2,1,6,6,2,34,6,1968,2,1,VOLKSWAGEN GOLF,2,E01016140,0,-1
2023461360036,2023,461360036,2,9,0,17,19,1,5,0,0,0,0,0,2,0,3,1,5,6,1,46,8,1598,1,16,VOLKSWAGEN GOLF,2,E01016061,0,-1
2023320260965,2023,320260965,1,9,0,18,19,4,8,0,0,0,0,0,0,0,4,1,2,2,2,39,7,1598,2,12,VOLKSWAGEN GOLF,-1,-1,0,-1
2023451364398,2023,451364398,2,9,0,7,7,2,6,0,0,1,0,0,0,0,2,1,5,6,1,42,7,1395,1,5,VOLKSWAGEN GOLF,10,E01030460,0,-1
2023401313291,2023,401313291,1,9,0,18,19,7,3,0,0,1,0,0,0,0,1,1,6,6,1,19,4,1900,2,17,VOLKSWAGEN GOLF,10,E01017462,0,-1
2023340WN1842,2023,340WN1842,2,9,0,10,10,5,1,0,0,8,0,0,7,1,2,1,6,6,2,41,7,1968,2,15,VOLKSWAGEN GOLF,8,E01027282,0,-1
2023332300795,2023,332300795,2,9,0,18,19,5,1,0,0,0,0,0,0,0,1,1,6,6,1,35,6,1968,2,7,VOLKSWAGEN GOLF,-1,-1,0,-1
2023010448373,2023,010448373,2,9,0,5,5,1,5,0,0,0,0,0,0,0,1,1,6,6,1,22,5,1984,1,11,VOLKSWAGEN GOLF,4,E01002519,0,-1
2023440266331,2023,440266331,1,9,0,11,11,1,5,0,0,0,1,0,0,0,1,1,6,6,2,28,6,1598,2,9,VOLKSWAGEN GOLF,10,E01016701,0,-1
2023440014078,2023,440014078,1,9,0,18,19,3,7,0,0,6,0,0,0,0,1,1,6,6,2,50,8,1498,1,4,VOLKSWAGEN GOLF,10,E01022706,0,-1
2023302300841,2023,302300841,1,9,0,18,19,6,2,0,0,3,0,0,0,0,4,1,6,6,2,-1,-1,1598,2,10,VOLKSWAGEN GOLF,-1,-1,0,-1
2023131294761,2023,131294761,2,9,0,2,2,0,0,0,0,0,0,4,0,0,3,1,6,6,3,-1,-1,1968,2,2,VOLKSWAGEN GOLF,-1,-1,0,-1
2023991292574,2023,991292574,1,9,0,16,19,5,8,0,0,0,5,0,1,10,4,1,5,6,1,27,6,1896,2,22,VOLKSWAGEN GOLF,8,-1,0,-1
2023010478477,2023,010478477,2,9,0,99,99,9,9,99,99,9,9,99,9,99,9,9,6,6,3,-1,-1,1968,2,7,VOLKSWAGEN GOLF,-1,-1,0,-1
2023161351959,2023,161351959,1,9,0,17,19,4,8,0,0,1,0,0,0,0,1,1,1,1,1,35,6,1800,1,24,VOLKSWAGEN GOLF,6,E01013056,0,-1
2023411376518,2023,411376518,1,9,0,9,9,7,5,0,0,1,0,0,0,0,3,1,6,6,1,31,6,1984,1,16,VOLKSWAGEN GOLF,6,E01015775,0,-1
2023411364952,2023,411364952,1,9,0,11,11,5,1,0,0,0,0,0,0,0,1,1,6,6,1,61,9,1598,2,11,VOLKSWAGEN GOLF,10,E01023412,0,-1
2023170M10093,2023,170M10093,2,9,0,18,19,2,6,0,0,8,0,0,0,0,1,1,6,6,2,22,5,999,1,4,VOLKSWAGEN GOLF,1,E01012019,0,-1
2023041269301,2023,041269301,1,9,0,9,9,2,8,0,0,8,0,0,0,0,1,1,2,2,1,19,4,1598,2,12,VOLKSWAGEN GOLF,1,E01012578,0,-1
202360A093497,2023,60A093497,1,9,0,17,19,1,5,0,0,0,0,0,1,0,1,1,6,6,1,17,4,2000,2,17,VOLKSWAGEN GOLF,-1,-1,0,-1
2023131357881,2023,131357881,1,9,0,13,13,2,4,0,0,8,5,0,0,0,1,1,6,6,3,-1,-1,1968,2,10,VOLKSWAGEN GOLF,-1,-1,0,-1
2023302300880,2023,302300880,1,9,0,9,9,2,8,0,0,8,0,0,0,0,3,1,6,6,2,31,6,1968,2,16,VOLKSWAGEN GOLF,6,E01013491,0,-1
2023010467928,2023,010467928,2,9,0,99,99,9,9,99,99,9,9,99,9,99,3,9,6,6,3,57,9,1984,1,10,VOLKSWAGEN GOLF,8,E01001617,0,-1
2023010478540,2023,010478540,1,9,0,18,19,1,5,0,0,0,0,0,0,0,1,1,6,6,1,-1,-1,2000,1,17,VOLKSWAGEN GOLF,4,E01001450,0,-1
2023010432809,2023,010432809,3,9,0,3,3,5,1,0,0,4,0,0,0,0,3,1,6,6,1,18,4,1968,2,3,VOLKSWAGEN GOLF,3,E01000336,0,-1
2023010457487,2023,010457487,1,9,0,1,1,5,1,9,9,1,0,0,0,0,2,1,6,6,2,53,8,1395,1,5,VOLKSWAGEN GOLF,5,E01004377,0,-1
2023010430427,2023,010430427,1,9,0,99,99,9,9,99,99,9,9,99,9,99,9,9,6,6,1,28,6,1498,1,5,VOLKSWAGEN GOLF,3,E01000092,0,-1
2023501381263,2023,501381263,2,9,0,18,19,7,3,0,0,0,1,0,0,0,3,1,1,1,1,53,8,1968,2,16,VOLKSWAGEN GOLF,4,E01018876,0,-1
2023131265147,2023,131265147,2,9,0,18,19,7,3,0,0,8,0,0,0,0,0,1,6,6,1,45,7,1598,2,13,VOLKSWAGEN GOLF,3,E01011612,0,-1
2023010442574,2023,010442574,1,9,0,99,99,9,9,99,99,9,9,99,9,99,2,9,2,2,1,20,4,-1,3,4,VOLKSWAGEN GOLF,9,E01000207,0,-1
2023430569500,2023,430569500,4,9,0,3,3,8,4,0,0,0,0,0,0,0,2,1,6,6,1,45,7,1968,2,7,VOLKSWAGEN GOLF,-1,-1,0,-1
2023421368819,2023,421368819,1,9,0,18,19,1,3,0,0,2,1,4,0,0,1,1,6,6,1,26,6,1968,2,16,VOLKSWAGEN GOLF,3,E01015868,0,-1
2023311300472,2023,311300472,2,9,0,18,19,2,6,0,0,0,1,0,1,7,2,1,5,6,1,39,7,1781,1,23,VOLKSWAGEN GOLF,2,E01026382,0,-1
2023501321433,2023,501321433,1,9,0,18,19,5,1,0,0,0,0,0,0,0,2,1,6,6,1,71,10,1498,1,2,VOLKSWAGEN GOLF,-1,-1,0,-1
2023430106426,2023,430106426,1,9,0,18,19,2,6,0,0,0,0,0,0,0,4,1,4,7,2,69,10,1390,1,20,VOLKSWAGEN GOLF,6,E01016476,0,-1
2023471302077,2023,471302077,1,9,0,18,19,3,7,0,0,0,0,0,0,0,1,1,6,6,3,-1,-1,1896,2,15,VOLKSWAGEN GOLF,-1,-1,0,-1
2023461396059,2023,461396059,1,9,0,18,19,8,4,0,0,0,0,0,0,0,1,1,6,6,1,23,5,1598,2,11,VOLKSWAGEN GOLF,7,E01024232,0,-1
2023471358038,2023,471358038,1,9,0,5,5,1,5,0,0,4,0,0,0,0,1,1,5,6,1,82,11,1968,2,10,VOLKSWAGEN GOLF,10,E01031424,0,-1
2023201398615,2023,201398615,2,9,0,2,2,0,0,0,0,1,0,0,0,0,2,1,6,6,1,38,7,1984,1,5,VOLKSWAGEN GOLF,10,E01030728,0,-1
2023501329509,2023,501329509,1,9,0,9,9,5,1,0,0,8,0,0,0,0,1,1,2,2,2,25,5,1598,2,12,VOLKSWAGEN GOLF,-1,-1,0,-1
2023991373605,2023,991373605,2,9,0,16,19,3,6,0,0,0,0,0,0,0,1,1,6,6,1,42,7,1598,1,17,VOLKSWAGEN GOLF,1,-1,0,-1
2023221269653,2023,221269653,1,9,0,18,19,8,4,0,0,0,0,0,0,0,4,1,5,6,1,18,4,1598,2,7,VOLKSWAGEN GOLF,5,E01014051,0,-1
2023522301428,2023,522301428,3,9,0,4,4,8,4,0,0,0,0,0,0,0,0,1,6,6,1,-1,-1,1896,2,15,VOLKSWAGEN GOLF,-1,-1,0,-1
2023332300002,2023,332300002,1,9,0,3,3,1,5,0,0,1,0,0,0,0,1,1,1,1,1,39,7,1896,2,16,VOLKSWAGEN GOLF,4,E01013734,0,-1
2023471290675,2023,471290675,2,9,0,16,19,8,2,0,0,0,0,0,0,0,1,1,5,6,2,37,7,1598,2,12,VOLKSWAGEN GOLF,6,E01024512,0,-1
2023311378642,2023,311378642,2,9,0,18,19,1,6,0,0,1,0,0,0,0,1,1,5,6,1,56,9,1984,1,6,VOLKSWAGEN GOLF,6,E01028156,0,-1
2023010472760,2023,010472760,2,9,0,18,19,5,1,0,0,8,0,0,0,0,3,1,6,6,2,51,8,999,1,4,VOLKSWAGEN GOLF,5,E01001471,0,-1
2023010434599,2023,010434599,1,9,9,99,99,9,9,99,99,9,9,99,9,99,9,9,6,6,2,28,6,1598,2,8,VOLKSWAGEN GOLF,3,E01000044,0,-1
2023010424314,2023,010424314,1,9,0,18,19,5,1,9,9,9,0,0,0,0,0,9,6,6,1,53,8,1600,1,18,VOLKSWAGEN GOLF,3,E01000511,0,-1
2023221357716,2023,221357716,1,9,0,5,5,8,4,0,0,4,0,0,0,0,4,1,6,6,1,36,7,1598,2,10,VOLKSWAGEN GOLF,7,E01014029,0,-1
2023332300527,2023,332300527,2,9,0,18,19,4,8,0,0,1,0,0,0,0,1,1,6,6,1,-1,-1,2000,2,19,VOLKSWAGEN GOLF,-1,-1,0,-1
2023101290046,2023,101290046,2,9,0,4,4,4,8,0,0,0,0,0,0,0,2,1,2,2,1,26,6,1598,2,5,VOLKSWAGEN GOLF,5,E01033553,0,-1
2023131269433,2023,131269433,1,9,0,18,19,5,1,0,0,1,0,0,0,0,1,1,5,6,1,75,10,1968,2,3,VOLKSWAGEN GOLF,5,E01007786,0,-1
2023201310398,2023,201310398,2,9,0,9,9,2,7,0,0,7,0,0,0,0,2,1,6,6,1,24,5,1900,2,19,VOLKSWAGEN GOLF,-1,-1,0,-1
2023041315239,2023,041315239,3,9,0,2,2,0,0,9,9,1,0,4,0,0,4,1,6,6,3,-1,-1,999,1,2,VOLKSWAGEN GOLF,-1,-1,0,-1
2023991295163,2023,991295163,2,9,0,18,19,6,2,0,0,1,0,0,0,0,1,1,5,6,1,46,8,1896,2,21,VOLKSWAGEN GOLF,5,-1,0,-1
2023010473681,2023,010473681,1,9,0,7,7,2,5,0,0,6,1,0,1,10,1,1,6,6,1,25,5,1395,8,6,VOLKSWAGEN GOLF,2,E01001509,0,-1
2023522301107,2023,522301107,1,9,0,13,13,3,7,0,0,0,0,0,0,0,1,1,6,6,1,31,6,2000,1,15,VOLKSWAGEN GOLF,7,E01014514,0,-1
2023340WN6802,2023,340WN6802,2,9,0,18,19,5,1,0,0,0,0,0,0,0,2,1,6,6,1,35,6,1598,1,16,VOLKSWAGEN GOLF,2,E01019507,0,-1
2023351399019,2023,351399019,1,9,0,18,19,3,7,0,0,4,0,0,0,0,3,1,5,6,2,70,10,1598,2,11,VOLKSWAGEN GOLF,8,E01018302,0,-1
2023545306523,2023,545306523,1,9,0,18,19,2,6,0,0,1,0,0,0,0,1,1,1,1,1,22,5,1598,2,11,VOLKSWAGEN GOLF,10,E01031948,0,-1
2023061349620,2023,061349620,2,9,0,10,10,3,1,0,0,8,0,0,0,0,1,1,6,6,2,44,7,1598,2,8,VOLKSWAGEN GOLF,4,E01005630,0,-1
2023010430283,2023,010430283,1,9,0,7,7,5,7,0,0,1,0,0,0,0,3,1,6,6,1,27,6,1498,8,2,VOLKSWAGEN GOLF,3,E01004202,0,-1
2023302301598,2023,302301598,1,9,0,18,19,4,8,0,0,0,0,0,0,0,1,1,6,6,3,54,8,1498,1,1,VOLKSWAGEN GOLF,8,E01019540,0,-1
2023010432716,2023,010432716,2,9,9,99,99,9,9,99,99,9,9,99,9,99,9,9,6,6,3,-1,-1,1395,8,1,VOLKSWAGEN GOLF,-1,-1,0,-1
2023010438719,2023,010438719,2,9,0,99,99,9,9,99,99,9,9,99,9,99,9,9,6,6,3,-1,-1,1598,1,17,VOLKSWAGEN GOLF,-1,-1,0,-1
2023010437570,2023,010437570,2,9,0,18,19,1,5,0,0,2,0,0,0,0,1,1,2,2,1,29,6,1984,1,6,VOLKSWAGEN GOLF,4,E01002179,0,-1
2023070456488,2023,070456488,1,9,0,9,9,1,7,0,0,6,0,10,1,11,3,1,6,6,2,26,6,1984,1,2,VOLKSWAGEN GOLF,9,E01012488,0,-1
2023991291163,2023,991291163,1,9,0,18,19,4,8,0,0,0,0,0,0,0,1,1,6,6,1,22,5,1390,1,20,VOLKSWAGEN GOLF,3,-1,0,-1
2023010480088,2023,010480088,2,9,0,99,99,9,9,99,99,9,9,99,9,99,1,9,6,6,3,-1,-1,1598,1,15,VOLKSWAGEN GOLF,-1,-1,0,-1
2023991260979,2023,991260979,1,9,0,18,19,7,3,0,0,0,0,0,0,0,1,1,2,2,1,23,5,999,1,4,VOLKSWAGEN GOLF,1,-1,0,-1
2023540030323,2023,540030323,1,9,0,9,9,1,7,0,0,5,0,0,0,0,1,1,6,6,2,31,6,1896,2,16,VOLKSWAGEN GOLF,8,E01015536,0,-1
2023461351475,2023,461351475,2,9,0,5,5,1,5,0,0,0,0,0,0,0,2,1,5,6,2,26,6,1984,1,9,VOLKSWAGEN GOLF,8,E01016175,0,-1
2023531321402,2023,531321402,1,9,0,18,19,5,1,0,0,0,0,0,8,11,1,1,6,6,1,38,7,1598,2,13,VOLKSWAGEN GOLF,10,E01016410,0,-1
2023991326374,2023,991326374,1,9,0,18,19,4,8,0,0,0,0,4,0,0,1,1,5,6,1,74,10,1598,2,10,VOLKSWAGEN GOLF,-1,-1,0,-1
2023991284519,2023,991284519,1,9,0,16,19,4,8,0,0,0,0,0,0,0,1,1,6,6,1,25,5,1968,2,16,VOLKSWAGEN GOLF,2,-1,0,-1
2023201288900,2023,201288900,1,9,0,3,3,5,1,0,0,1,0,0,0,0,2,1,6,6,1,24,5,2000,2,18,VOLKSWAGEN GOLF,1,E01009301,0,-1
2023520301251,2023,520301251,2,9,0,2,2,0,0,0,0,0,0,0,0,0,4,1,6,6,2,25,5,1984,1,7,VOLKSWAGEN GOLF,9,E01029318,0,-1
2023401273766,2023,401273766,2,9,0,5,5,4,8,0,0,3,0,0,0,0,1,1,2,2,1,30,6,1896,2,15,VOLKSWAGEN GOLF,7,E01017584,0,-1
2023061305069,2023,061305069,1,9,0,18,19,5,1,0,0,0,0,0,1,0,1,1,5,6,1,30,6,1984,1,4,VOLKSWAGEN GOLF,3,E01003526,0,-1
2023101365993,2023,101365993,1,9,0,5,5,5,1,0,0,2,0,0,0,0,1,1,5,6,1,77,11,1197,1,8,VOLKSWAGEN GOLF,-1,-1,0,-1
2023351358976,2023,351358976,2,9,0,18,19,3,7,0,0,1,0,0,0,0,3,1,6,6,2,49,8,1968,2,10,VOLKSWAGEN GOLF,3,E01015665,0,-1
202360A145220,2023,60A145220,2,9,0,16,19,8,6,0,0,0,0,0,0,0,1,1,6,6,1,22,5,1968,2,10,VOLKSWAGEN GOLF,-1,-1,0,-1
2023302300638,2023,302300638,1,9,0,4,4,2,6,0,0,4,0,0,0,0,1,1,6,6,3,-1,-1,1395,1,6,VOLKSWAGEN GOLF,10,E01019425,0,-1
2023101318931,2023,101318931,3,9,0,3,3,7,3,0,0,4,0,0,0,0,2,1,5,6,2,56,9,999,1,5,VOLKSWAGEN GOLF,1,E01008439,0,-1
2023302300258,2023,302300258,1,9,0,5,5,4,8,0,0,0,0,0,0,0,3,1,6,6,2,54,8,1598,2,13,VOLKSWAGEN GOLF,6,E01028024,0,-1
2023131373761,2023,131373761,1,9,0,18,19,7,3,0,0,1,0,0,0,0,1,1,5,6,1,35,6,1395,1,10,VOLKSWAGEN GOLF,4,E01010601,0,-1
2023471323369,2023,471323369,1,9,0,18,19,3,7,0,0,0,0,12,0,0,4,1,2,2,2,40,7,1598,2,9,VOLKSWAGEN GOLF,8,E01031765,0,-1
202360A104811,2023,60A104811,3,9,0,3,3,1,5,0,0,1,0,0,0,0,2,1,6,6,1,26,6,1968,2,14,VOLKSWAGEN GOLF,-1,-1,0,-1
2023010475784,2023,010475784,1,9,0,18,19,2,6,0,0,0,0,0,0,0,1,1,6,6,1,23,5,1395,1,10,VOLKSWAGEN GOLF,2,E01001172,0,-1
2023471381385,2023,471381385,1,9,0,18,19,7,3,0,0,8,0,0,0,0,3,1,5,6,1,91,11,1395,1,7,VOLKSWAGEN GOLF,9,E01031476,0,-1
2023520301620,2023,520301620,1,9,0,4,4,5,1,0,0,4,0,0,0,0,1,1,6,6,2,74,10,-1,3,4,VOLKSWAGEN GOLF,7,E01029211,0,-1
2023111306125,2023,111306125,1,9,0,17,19,5,2,0,0,2,0,0,0,0,1,1,6,6,1,30,6,1598,2,7,VOLKSWAGEN GOLF,-1,-1,0,-1
2023041402233,2023,041402233,1,9,0,18,19,3,7,0,0,1,5,0,0,0,4,1,5,6,1,32,6,1598,2,11,VOLKSWAGEN GOLF,3,E01025376,0,-1
2023610033223,2023,610033223,1,9,0,17,19,8,5,0,0,0,5,0,1,10,4,1,6,6,1,26,6,1968,2,6,VOLKSWAGEN GOLF,6,W01001587,0,-1
2023351321619,2023,351321619,3,9,0,18,19,7,3,0,0,1,1,0,0,0,1,1,1,1,2,28,6,1390,1,14,VOLKSWAGEN GOLF,4,E01015622,0,-1
2023052301259,2023,052301259,1,9,0,9,9,1,5,0,0,1,0,7,1,0,1,1,6,6,2,21,5,1395,1,5,VOLKSWAGEN GOLF,9,E01024979,0,-1
2023430102143,2023,430102143,1,9,0,18,19,2,6,0,0,8,0,0,0,0,3,1,2,2,2,27,6,1900,2,18,VOLKSWAGEN GOLF,9,E01030573,0,-1
2023041260431,2023,041260431,3,9,0,2,2,1,1,0,0,2,0,0,0,0,4,1,6,6,3,-1,-1,1498,8,2,VOLKSWAGEN GOLF,-1,-1,0,-1
2023010463580,2023,010463580,2,9,0,18,19,3,7,0,0,0,0,0,0,0,2,1,6,6,2,20,4,1390,1,10,VOLKSWAGEN GOLF,7,E01003778,0,-1
2023991299039,2023,991299039,1,9,0,4,4,3,7,0,0,0,0,0,0,0,1,1,6,6,1,57,9,1896,2,17,VOLKSWAGEN GOLF,5,-1,0,-1
2023131301910,2023,131301910,2,9,0,18,19,7,3,0,0,0,0,0,0,0,3,1,5,6,1,31,6,1984,1,8,VOLKSWAGEN GOLF,2,E01011255,0,-1
2023501372084,2023,501372084,4,9,0,2,2,0,0,6,6,0,0,0,0,0,3,1,6,6,3,-1,-1,1968,2,14,VOLKSWAGEN GOLF,-1,-1,0,-1
2023411293902,2023,411293902,2,9,0,18,19,3,2,0,0,1,0,0,0,0,1,1,6,6,2,49,8,1390,1,14,VOLKSWAGEN GOLF,6,E01017733,0,-1
2023052302161,2023,052302161,1,9,0,9,9,2,4,0,0,5,0,0,0,0,1,1,6,6,2,18,4,1390,1,14,VOLKSWAGEN GOLF,7,E01007148,0,-1
2023201371387,2023,201371387,1,9,0,13,13,3,7,0,0,1,0,0,0,0,1,1,6,6,1,20,4,1598,2,9,VOLKSWAGEN GOLF,2,E01008999,0,-1
2023311307572,2023,311307572,2,9,0,5,5,4,1,0,0,1,0,0,0,0,1,1,6,6,3,25,5,1968,2,14,VOLKSWAGEN GOLF,-1,-1,0,-1
2023031358159,2023,031358159,1,9,0,16,19,2,5,0,0,0,1,0,7,11,2,1,6,6,1,31,6,1968,2,14,VOLKSWAGEN GOLF,1,E01025139,0,-1
2023141373793,2023,141373793,2,9,0,18,19,1,5,0,0,1,0,0,0,0,1,1,6,6,3,-1,-1,1968,2,6,VOLKSWAGEN GOLF,-1,-1,0,-1
2023010475658,2023,010475658,1,9,0,5,5,1,5,0,0,1,0,0,0,0,2,1,6,6,3,-1,-1,1498,1,2,VOLKSWAGEN GOLF,-1,-1,0,-1
2023061322381,2023,061322381,1,9,0,18,19,4,6,0,0,7,0,0,0,0,1,1,5,6,1,21,5,1598,2,12,VOLKSWAGEN GOLF,9,E01005508,0,-1
2023340WN2682,2023,340WN2682,2,9,0,18,19,1,5,0,0,1,0,0,0,0,2,1,2,2,1,50,8,1968,2,8,VOLKSWAGEN GOLF,9,E01027021,0,-1
2023430105813,2023,430105813,1,9,0,9,9,6,4,0,0,6,0,0,0,0,1,1,6,6,1,17,4,1395,1,8,VOLKSWAGEN GOLF,8,E01016491,0,-1
2023170H10713,2023,170H10713,1,9,0,18,19,7,3,0,0,0,0,0,0,0,1,1,6,6,1,38,7,1968,2,15,VOLKSWAGEN GOLF,1,E01011978,0,-1
2023401298412,2023,401298412,1,9,0,4,4,2,6,0,0,8,0,0,0,0,3,1,5,6,1,26,6,1968,2,15,VOLKSWAGEN GOLF,10,E01017375,0,-1
2023501298252,2023,501298252,2,9,0,3,3,1,5,0,0,0,0,0,0,0,2,1,6,6,1,76,11,1498,1,1,VOLKSWAGEN GOLF,6,E01020226,0,-1
2023041374762,2023,041374762,1,9,0,18,19,3,7,0,0,0,0,0,0,0,1,1,5,6,1,25,5,1598,1,15,VOLKSWAGEN GOLF,1,E01025184,0,-1
2023421353728,2023,421353728,5,9,0,3,3,7,4,0,0,0,0,0,0,0,2,1,6,6,2,82,11,1390,1,17,VOLKSWAGEN GOLF,5,E01021768,0,-1
2023041347965,2023,041347965,1,9,0,9,9,2,8,0,0,2,0,0,0,0,1,1,5,6,1,26,6,1900,2,18,VOLKSWAGEN GOLF,2,E01012580,0,-1
2023131294610,2023,131294610,2,9,0,18,19,2,6,0,0,0,0,0,0,0,3,1,5,6,1,41,7,1598,2,7,VOLKSWAGEN GOLF,1,E01010782,0,-1
2023541478923,2023,541478923,1,9,0,16,19,2,6,0,0,0,0,0,0,0,1,1,6,6,1,66,10,1968,2,15,VOLKSWAGEN GOLF,9,E01031929,0,-1
2023430180333,2023,430180333,1,9,0,3,3,6,2,0,0,1,0,0,0,0,2,1,3,7,2,33,6,1968,2,15,VOLKSWAGEN GOLF,3,E01017654,0,-1
2023552300259,2023,552300259,1,9,0,5,5,1,7,0,0,6,0,0,0,0,1,1,6,6,2,20,4,1498,1,6,VOLKSWAGEN GOLF,7,E01015418,0,-1
2023010443097,2023,010443097,2,9,0,99,99,9,9,99,99,0,9,99,9,99,9,9,6,6,3,-1,-1,1968,2,9,VOLKSWAGEN GOLF,-1,-1,0,-1
2023371325465,2023,371325465,2,9,0,18,19,3,6,0,0,8,1,0,0,0,3,1,6,6,2,52,8,1390,1,19,VOLKSWAGEN GOLF,2,E01029984,0,-1
2023010458537,2023,010458537,1,9,0,99,99,9,9,99,99,9,9,99,9,99,2,9,6,6,1,55,8,1498,1,3,VOLKSWAGEN GOLF,6,E01004372,0,-1
2023411325825,2023,411325825,2,9,0,18,19,8,4,0,0,1,0,0,0,0,1,1,5,6,3,30,6,1598,1,15,VOLKSWAGEN GOLF,10,E01023408,0,-1
2023010442665,2023,010442665,2,9,0,18,19,6,2,0,0,0,0,0,0,0,1,1,6,6,1,31,6,1598,2,11,VOLKSWAGEN GOLF,2,E01001143,0,-1
2023461358480,2023,461358480,3,9,0,3,3,5,1,0,0,0,0,0,0,0,1,1,1,1,1,44,7,1984,1,8,VOLKSWAGEN GOLF,-1,-1,0,-1
2023471386902,2023,471386902,2,9,0,4,4,5,1,0,0,0,0,0,0,0,2,1,2,2,1,56,9,1984,1,5,VOLKSWAGEN GOLF,9,E01031721,0,-1