collision_index,collision_year,collision_ref_no,vehicle_reference,vehicle_type,towing_and_articulation,vehicle_manoeuvre_historic,vehicle_manoeuvre,vehicle_direction_from,vehicle_direction_to,vehicle_location_restricted_lane_historic,vehicle_location_restricted_lane,junction_location,skidding_and_overturning,hit_object_in_carriageway,vehicle_leaving_carriageway,hit_object_off_carriageway,first_point_of_impact,vehicle_left_hand_drive,journey_purpose_of_driver_historic,journey_purpose_of_driver,sex_of_driver,age_of_driver,age_band_of_driver,engine_capacity_cc,propulsion_code,age_of_vehicle,generic_make_model,driver_imd_decile,lsoa_of_driver,escooter_flag,driver_distance_banding
2023430051259,2023,430051259,1,9,0,10,10,5,3,0,0,1,0,0,0,0,2,1,3,7,2,47,8,1197,1,10,VOLKSWAGEN GOLF,8,E01016252,0,-1
2023461311344,2023,461311344,2,9,0,10,10,3,7,0,0,1,0,0,0,0,2,1,6,6,1,23,5,1197,1,9,VOLKSWAGEN GOLF,10,E01024320,0,-1
2023131367458,2023,131367458,1,9,0,15,15,1,5,0,0,1,0,0,0,0,1,1,6,6,1,30,6,1598,2,10,VOLKSWAGEN GOLF,2,E01011223,0,-1
2023101262742,2023,101262742,2,9,0,4,4,1,5,0,0,0,0,0,0,0,2,1,5,6,2,51,8,1498,1,5,VOLKSWAGEN GOLF,7,E01008638,0,-1
2023440431502,2023,440431502,1,9,0,18,19,2,6,0,0,1,1,0,1,11,1,1,6,6,1,22,5,1968,2,10,VOLKSWAGEN GOLF,10,E01022772,0,-1
2023451350822,2023,451350822,1,9,0,18,19,1,5,0,0,0,5,0,7,0,1,1,5,6,2,43,7,1968,2,11,VOLKSWAGEN GOLF,10,E01030404,0,-1
2023201313158,2023,201313158,1,9,0,13,13,6,2,0,0,8,0,0,0,0,1,1,1,1,1,28,6,1968,2,17,VOLKSWAGEN GOLF,1,E01033638,0,-1
2023131372528,2023,131372528,1,9,0,-1,-1,-1,-1,0,0,1,-1,-1,-1,-1,-1,1,6,6,1,24,5,1968,2,10,VOLKSWAGEN GOLF,1,E01011429,0,-1
2023430511476,2023,430511476,1,9,0,18,19,5,1,0,0,0,0,0,4,6,1,1,6,6,1,55,8,1968,2,5,VOLKSWAGEN GOLF,7,E01016584,0,-1
2023111317436,2023,111317436,1,9,0,16,19,3,6,0,0,0,2,0,7,11,1,1,5,6,1,23,5,1984,1,4,VOLKSWAGEN GOLF,10,E01020717,0,-1
2023552300938,2023,552300938,1,9,0,9,9,8,6,0,0,6,0,0,0,0,3,1,6,6,2,64,9,1896,2,15,VOLKSWAGEN GOLF,7,E01015428,0,-1
2023471260124,2023,471260124,3,9,0,4,4,3,7,0,0,0,0,0,0,0,2,1,6,6,1,48,8,1896,2,16,VOLKSWAGEN GOLF,9,E01031615,0,-1
2023070034095,2023,070034095,1,9,0,18,19,7,3,0,0,0,0,0,0,0,2,1,6,6,1,24,5,1968,2,2,VOLKSWAGEN GOLF,10,E01007200,0,-1
2023531311991,2023,531311991,3,9,0,2,2,0,0,0,0,0,0,0,1,9,4,1,6,6,3,-1,-1,1400,1,25,VOLKSWAGEN GOLF,-1,-1,0,-1
2023401286504,2023,401286504,1,9,0,18,19,2,6,0,0,1,0,0,0,0,1,1,6,6,3,-1,-1,1900,2,17,VOLKSWAGEN GOLF,-1,-1,0,-1
2023010472154,2023,010472154,1,9,0,5,5,5,1,0,0,8,0,0,0,0,1,1,6,6,2,46,8,1984,1,2,VOLKSWAGEN GOLF,9,E01000419,0,-1
2023010465124,2023,010465124,2,9,0,18,19,1,5,0,0,0,0,0,0,0,1,1,6,6,1,21,5,1598,2,8,VOLKSWAGEN GOLF,5,E01023332,0,-1
2023141369047,2023,141369047,2,9,0,18,19,5,1,0,0,4,0,0,1,1,1,1,5,6,1,35,6,1598,2,4,VOLKSWAGEN GOLF,3,E01007800,0,-1
2023471350763,2023,471350763,1,9,0,18,19,8,4,0,0,8,0,0,0,0,1,1,5,6,1,77,11,1968,2,9,VOLKSWAGEN GOLF,9,E01021095,0,-1
2023421305557,2023,421305557,2,9,0,3,3,4,6,0,0,4,0,0,0,0,2,1,5,6,2,49,8,1968,2,5,VOLKSWAGEN GOLF,10,E01023451,0,-1
2023010454045,2023,010454045,3,9,0,2,2,0,0,0,0,2,0,0,0,0,2,1,6,6,3,-1,-1,1395,1,9,VOLKSWAGEN GOLF,-1,-1,0,-1
2023010461026,2023,010461026,6,9,0,11,11,7,3,0,0,0,0,0,0,0,0,1,6,6,2,38,7,1598,1,21,VOLKSWAGEN GOLF,3,E01002532,0,-1
2023451350799,2023,451350799,1,9,0,5,5,1,5,0,0,4,0,0,0,0,1,1,5,6,1,75,10,1896,2,15,VOLKSWAGEN GOLF,8,E01022468,0,-1
2023520300500,2023,520300500,2,9,0,18,19,2,6,0,0,0,0,0,0,0,4,1,6,6,2,41,7,1395,1,6,VOLKSWAGEN GOLF,5,E01020127,0,-1
2023010437138,2023,010437138,1,9,0,18,19,1,5,0,0,0,0,0,0,0,2,1,1,1,1,37,7,1395,1,7,VOLKSWAGEN GOLF,2,E01002282,0,-1
2023131317631,2023,131317631,2,9,0,18,19,5,1,0,0,1,0,0,0,0,2,1,6,6,2,37,7,1598,2,11,VOLKSWAGEN GOLF,2,E01010619,0,-1
2023010435511,2023,010435511,2,9,0,8,8,1,4,2,2,0,0,0,7,0,4,1,6,6,1,35,6,1390,1,15,VOLKSWAGEN GOLF,2,E01004284,0,-1
2023440343306,2023,440343306,2,9,0,2,2,0,0,0,0,1,0,0,0,0,3,1,6,6,2,28,6,1598,2,10,VOLKSWAGEN GOLF,-1,-1,0,-1
2023131320766,2023,131320766,1,9,0,6,6,1,5,0,0,1,0,0,0,0,4,1,1,1,2,30,6,1598,2,9,VOLKSWAGEN GOLF,2,E01010837,0,-1
2023010452079,2023,010452079,2,9,0,3,3,5,1,0,0,4,0,0,0,0,1,1,6,6,2,62,9,1390,1,11,VOLKSWAGEN GOLF,7,E01004566,0,-1
2023471328337,2023,471328337,4,9,0,18,19,3,7,0,0,0,0,0,0,0,0,1,6,6,3,-1,-1,1968,2,10,VOLKSWAGEN GOLF,-1,-1,0,-1
2023070349112,2023,070349112,1,9,0,9,9,5,3,0,0,6,0,0,0,0,1,1,6,6,1,60,9,1968,2,7,VOLKSWAGEN GOLF,6,E01019763,0,-1
202363A019023,2023,63A019023,4,9,0,4,4,1,5,7,6,8,1,0,0,0,2,1,6,6,1,41,7,1395,8,2,VOLKSWAGEN GOLF,7,E01032380,0,-1
2023131391591,2023,131391591,1,9,0,18,19,3,7,0,0,8,1,0,1,10,1,1,6,6,1,26,6,1984,1,8,VOLKSWAGEN GOLF,3,E01011608,0,-1
2023141346969,2023,141346969,1,9,0,18,19,2,6,0,0,1,0,0,0,0,2,1,5,6,1,25,5,1598,2,11,VOLKSWAGEN GOLF,8,E01007524,0,-1
2023471344072,2023,471344072,1,9,0,18,19,8,4,0,0,0,0,0,8,7,1,1,5,6,2,74,10,1395,1,8,VOLKSWAGEN GOLF,9,E01031416,0,-1
2023010462418,2023,010462418,2,9,0,99,99,9,9,99,99,9,9,99,9,99,1,9,6,6,3,-1,-1,1390,1,12,VOLKSWAGEN GOLF,2,E01000034,0,-1
2023101316809,2023,101316809,1,9,0,9,9,1,5,0,0,1,0,0,0,0,4,1,6,6,1,23,5,1598,2,10,VOLKSWAGEN GOLF,4,E01008832,0,-1
2023161394180,2023,161394180,1,9,0,18,19,7,3,0,0,2,0,0,0,0,1,1,6,6,2,23,5,1968,2,14,VOLKSWAGEN GOLF,5,E01012799,0,-1
2023041361771,2023,041361771,5,9,0,2,2,0,0,0,0,0,0,0,1,10,3,1,6,6,3,-1,-1,1968,2,6,VOLKSWAGEN GOLF,-1,-1,0,-1
2023440034226,2023,440034226,3,9,0,18,19,1,5,0,0,0,0,0,0,0,2,1,2,2,2,40,7,1968,2,8,VOLKSWAGEN GOLF,7,E01023159,0,-1
2023421390035,2023,421390035,1,9,0,18,19,1,5,0,0,0,5,4,0,0,4,1,5,6,2,79,11,1968,2,14,VOLKSWAGEN GOLF,10,E01021569,0,-1
2023010457257,2023,010457257,2,9,0,2,2,0,0,0,0,1,0,0,0,0,3,1,6,6,3,-1,-1,1984,1,9,VOLKSWAGEN GOLF,-1,-1,0,-1
2023552300115,2023,552300115,2,9,0,18,19,4,8,0,0,0,0,0,0,0,2,1,6,6,2,38,7,2000,2,17,VOLKSWAGEN GOLF,6,E01015410,0,-1
2023010439636,2023,010439636,2,9,0,99,99,9,9,99,99,9,9,99,9,99,9,9,6,6,3,-1,-1,1600,1,19,VOLKSWAGEN GOLF,-1,-1,0,-1
2023122300393,2023,122300393,2,9,0,16,19,5,1,0,0,1,0,0,0,0,1,1,6,6,1,20,4,1900,2,18,VOLKSWAGEN GOLF,5,E01027796,0,-1
2023061285202,2023,061285202,1,9,0,9,9,4,3,0,0,0,0,0,0,0,1,1,6,6,3,30,6,1900,2,17,VOLKSWAGEN GOLF,4,E01006189,0,-1
2023520301025,2023,520301025,2,9,0,18,19,5,1,0,0,0,0,0,0,0,1,1,6,6,1,49,8,1984,1,0,VOLKSWAGEN GOLF,5,E01029025,0,-1
2023010484982,2023,010484982,1,9,0,18,19,3,7,0,0,1,0,0,0,0,1,1,6,6,1,55,8,1390,1,19,VOLKSWAGEN GOLF,1,E01000744,0,-1
2023401351287,2023,401351287,1,9,0,18,19,7,3,0,0,5,2,11,4,0,1,1,5,6,3,20,4,1390,1,19,VOLKSWAGEN GOLF,1,E01015736,0,-1
2023311299204,2023,311299204,2,9,0,18,19,5,1,0,0,1,0,0,0,0,1,1,2,2,1,21,5,1896,2,21,VOLKSWAGEN GOLF,8,E01027944,0,-1
2023311366552,2023,311366552,2,9,0,3,3,5,8,0,0,4,0,0,0,0,2,1,5,6,1,31,6,1968,2,14,VOLKSWAGEN GOLF,9,E01013981,0,-1
2023540627523,2023,540627523,1,9,0,18,19,2,6,0,0,1,0,0,0,0,1,1,6,6,1,23,5,1968,2,11,VOLKSWAGEN GOLF,4,E01015580,0,-1
2023421296962,2023,421296962,1,9,0,6,6,1,5,0,0,0,0,0,0,0,3,1,6,6,1,34,6,1781,1,22,VOLKSWAGEN GOLF,3,E01033051,0,-1
2023201328486,2023,201328486,1,9,0,18,19,8,4,0,0,8,0,0,0,0,1,1,6,6,2,21,5,1390,1,10,VOLKSWAGEN GOLF,2,E01010447,0,-1
2023041365923,2023,041365923,1,9,0,18,19,3,7,0,0,0,0,0,0,0,1,1,5,6,1,18,4,1598,2,14,VOLKSWAGEN GOLF,1,E01024895,0,-1
2023302300093,2023,302300093,1,9,0,4,4,4,8,0,0,1,5,0,0,0,3,1,6,6,2,25,5,1598,2,10,VOLKSWAGEN GOLF,4,E01019750,0,-1
2023401356473,2023,401356473,2,9,0,7,7,1,3,0,0,6,0,0,0,0,4,1,6,6,2,52,8,1395,1,5,VOLKSWAGEN GOLF,8,E01017670,0,-1
2023041318734,2023,041318734,4,9,0,2,2,0,0,0,0,2,0,0,0,0,2,1,6,6,3,-1,-1,1390,1,14,VOLKSWAGEN GOLF,-1,-1,0,-1
2023461274700,2023,461274700,1,9,0,-1,-1,-1,-1,-1,-1,-1,-1,-1,-1,0,-1,1,5,6,1,24,5,1598,2,9,VOLKSWAGEN GOLF,7,E01024691,0,-1
2023451331171,2023,451331171,2,9,0,18,19,1,5,0,0,4,0,0,0,0,1,1,5,6,2,64,9,-1,3,4,VOLKSWAGEN GOLF,9,E01030890,0,-1
2023141391870,2023,141391870,2,9,0,18,19,7,5,0,0,1,0,10,0,0,3,1,5,6,1,22,5,1968,2,6,VOLKSWAGEN GOLF,1,E01007869,0,-1
2023201371879,2023,201371879,1,9,0,3,3,5,1,0,0,0,0,0,0,0,1,1,6,6,3,30,6,1984,1,11,VOLKSWAGEN GOLF,-1,-1,0,-1
2023351360158,2023,351360158,2,9,0,9,9,5,1,0,0,0,0,0,0,0,0,1,5,6,1,60,9,1896,2,16,VOLKSWAGEN GOLF,2,E01015605,0,-1
2023622300795,2023,622300795,2,9,0,18,19,4,7,0,0,1,0,0,0,0,1,1,6,6,1,36,7,1968,2,9,VOLKSWAGEN GOLF,2,W01001895,0,-1
2023131321400,2023,131321400,1,9,0,9,9,5,1,0,0,0,0,0,0,0,4,1,5,6,1,30,6,1498,8,2,VOLKSWAGEN GOLF,-1,-1,0,-1
2023411332677,2023,411332677,1,9,0,9,9,6,5,0,0,1,0,0,0,0,4,1,6,6,1,21,5,1390,1,15,VOLKSWAGEN GOLF,7,E01023579,0,-1
2023332301128,2023,332301128,2,9,0,13,13,2,6,0,0,0,0,0,0,0,1,1,6,6,1,-1,-1,1600,2,14,VOLKSWAGEN GOLF,-1,-1,0,-1
2023631364464,2023,631364464,1,9,0,16,19,3,7,0,0,0,1,0,1,3,2,1,5,6,1,18,4,1595,1,23,VOLKSWAGEN GOLF,7,W01000488,0,-1
2023332300168,2023,332300168,1,9,0,9,9,7,5,0,0,5,1,0,0,0,3,1,6,6,1,44,7,1598,2,9,VOLKSWAGEN GOLF,5,E01013766,0,-1
2023010480125,2023,010480125,1,9,0,1,1,3,7,0,0,1,0,0,0,0,2,1,6,6,1,26,6,1598,2,6,VOLKSWAGEN GOLF,5,E01000224,0,-1
2023552400129,2023,552400129,1,9,0,18,19,4,8,0,0,8,0,0,0,0,3,1,6,6,1,40,7,1984,1,21,VOLKSWAGEN GOLF,6,E01020441,0,-1
2023010477249,2023,010477249,1,9,0,18,19,5,1,0,0,1,0,0,0,0,1,1,6,6,1,24,5,1390,1,11,VOLKSWAGEN GOLF,4,E01032766,0,-1
2023061278347,2023,061278347,1,9,-1,7,7,3,5,0,0,0,0,0,0,0,1,1,6,6,3,-1,-1,1968,2,5,VOLKSWAGEN GOLF,-1,-1,0,-1
2023010449075,2023,010449075,1,9,3,4,4,6,2,0,0,1,0,0,0,0,1,1,2,2,1,28,6,1968,2,1,VOLKSWAGEN GOLF,-1,-1,0,-1
2023131334447,2023,131334447,1,9,0,18,19,1,1,0,0,1,0,0,0,0,3,1,5,6,2,24,5,1896,2,14,VOLKSWAGEN GOLF,4,E01010637,0,-1
2023461394250,2023,461394250,1,9,0,10,10,7,3,0,0,8,0,0,0,0,3,1,6,6,1,79,11,1395,1,8,VOLKSWAGEN GOLF,9,E01024462,0,-1
2023052300991,2023,052300991,1,9,0,18,19,8,6,0,0,2,0,0,0,0,4,1,6,6,1,46,8,1598,2,9,VOLKSWAGEN GOLF,5,E01033096,0,-1
2023991338733,2023,991338733,2,9,0,18,19,3,7,0,0,1,0,0,0,0,1,1,5,6,1,46,8,1896,2,22,VOLKSWAGEN GOLF,3,-1,0,-1
2023131281406,2023,131281406,2,9,0,2,2,0,0,0,0,8,0,0,0,0,1,1,6,6,2,35,6,1968,2,15,VOLKSWAGEN GOLF,1,E01010964,0,-1
2023201371935,2023,201371935,3,9,0,18,19,5,1,0,0,1,0,0,0,0,2,1,6,6,1,36,7,1968,2,7,VOLKSWAGEN GOLF,1,E01010095,0,-1
2023061342476,2023,061342476,1,9,0,9,9,2,1,0,0,1,0,0,0,0,1,1,6,6,2,30,6,1395,1,9,VOLKSWAGEN GOLF,1,E01006056,0,-1
2023010479692,2023,010479692,2,9,0,99,99,9,9,99,99,9,9,99,9,99,9,9,6,6,3,-1,-1,1390,1,15,VOLKSWAGEN GOLF,-1,-1,0,-1
2023320783494,2023,320783494,3,9,0,3,3,6,2,0,0,1,0,0,0,0,2,1,2,2,2,39,7,1598,2,10,VOLKSWAGEN GOLF,2,E01026097,0,-1
2023542169523,2023,542169523,2,9,0,10,10,6,5,0,0,1,0,0,7,11,2,1,6,6,1,29,6,1598,1,18,VOLKSWAGEN GOLF,6,E01032010,0,-1
2023101353358,2023,101353358,2,9,0,18,19,4,8,0,0,0,0,0,0,0,2,1,6,6,1,51,8,1968,2,16,VOLKSWAGEN GOLF,3,E01033206,0,-1
2023991294920,2023,991294920,3,9,0,16,19,8,3,0,0,0,0,0,1,0,1,1,5,6,1,55,8,1498,1,5,VOLKSWAGEN GOLF,6,-1,0,-1
2023141341299,2023,141341299,3,9,0,18,19,5,1,0,0,0,0,0,0,0,1,1,6,6,1,29,6,1968,2,8,VOLKSWAGEN GOLF,1,E01007716,0,-1
2023010486791,2023,010486791,1,9,0,18,19,7,3,0,0,0,5,7,0,0,1,1,2,2,1,28,6,1968,2,8,VOLKSWAGEN GOLF,8,E01016675,0,-1
2023131289223,2023,131289223,1,9,0,17,19,3,7,0,0,0,0,0,0,0,1,1,5,6,1,26,6,1968,2,8,VOLKSWAGEN GOLF,3,E01011261,0,-1
2023320261098,2023,320261098,3,9,0,18,19,2,6,0,0,0,0,0,0,0,3,1,6,6,2,31,6,1968,2,11,VOLKSWAGEN GOLF,8,E01026346,0,-1
2023131294638,2023,131294638,1,9,0,18,19,7,3,0,0,8,0,7,4,9,1,2,5,6,1,25,5,1984,1,5,VOLKSWAGEN GOLF,2,E01011915,0,-1
2023070435685,2023,070435685,1,9,0,18,19,7,3,0,0,0,0,0,0,0,1,1,1,1,1,57,9,1968,2,8,VOLKSWAGEN GOLF,3,E01005760,0,-1
2023052301940,2023,052301940,1,9,0,9,9,3,1,0,0,8,0,10,0,0,3,1,6,6,1,74,10,1968,2,6,VOLKSWAGEN GOLF,10,E01018560,0,-1
2023440383138,2023,440383138,3,9,0,3,3,6,2,0,0,0,0,0,0,0,1,1,1,1,1,32,6,1498,8,2,VOLKSWAGEN GOLF,8,E01002207,0,-1
2023320710317,2023,320710317,2,9,0,18,19,4,8,0,0,8,0,0,0,0,3,2,6,6,1,28,6,999,1,2,VOLKSWAGEN GOLF,5,E01028341,0,-1
2023010466893,2023,010466893,2,9,0,5,5,5,1,0,0,4,0,0,0,0,1,1,6,6,3,23,5,1598,1,16,VOLKSWAGEN GOLF,3,E01004540,0,-1
2023070660511,2023,070660511,1,9,0,18,19,1,5,0,0,0,1,0,1,4,1,1,6,6,1,19,4,1498,1,5,VOLKSWAGEN GOLF,10,E01018671,0,-1
2023061325299,2023,061325299,1,9,0,5,5,1,5,0,0,1,0,0,0,0,3,1,6,6,1,48,8,1390,1,18,VOLKSWAGEN GOLF,2,E01005230,0,-1
2023411284549,2023,411284549,1,9,0,17,19,5,3,0,0,8,0,10,1,0,1,1,6,6,2,29,6,1197,1,12,VOLKSWAGEN GOLF,6,E01023786,0,-1
2023430221316,2023,430221316,1,9,0,4,4,5,1,0,0,2,0,0,0,0,2,1,6,6,2,45,7,1968,2,16,VOLKSWAGEN GOLF,8,E01016508,0,-1
2023211292305,2023,211292305,1,9,0,18,19,7,8,0,0,1,0,0,0,0,1,1,6,6,1,38,7,1498,1,3,VOLKSWAGEN GOLF,4,E01014283,0,-1
2023411372058,2023,411372058,1,9,0,1,1,6,3,0,0,0,0,0,0,0,4,1,5,6,2,37,7,1595,1,16,VOLKSWAGEN GOLF,6,E01023386,0,-1
2023131308584,2023,131308584,3,9,0,5,5,5,1,0,0,0,0,0,0,0,1,1,5,6,1,49,8,1600,2,14,VOLKSWAGEN GOLF,1,E01011750,0,-1
2023041273848,2023,041273848,1,9,0,4,4,5,1,0,0,1,0,0,0,0,1,1,5,6,1,87,11,1598,2,12,VOLKSWAGEN GOLF,8,E01025602,0,-1
2023520301774,2023,520301774,1,9,0,18,19,4,8,0,0,8,0,0,0,0,1,1,6,6,1,59,9,1395,1,7,VOLKSWAGEN GOLF,7,E01029063,0,-1
2023430223925,2023,430223925,1,9,0,18,19,4,8,0,0,0,5,0,0,0,4,1,6,6,1,23,5,1984,1,6,VOLKSWAGEN GOLF,3,E01003431,0,-1
2023010460275,2023,010460275,2,9,0,99,99,9,9,0,0,9,9,99,9,99,3,9,6,6,3,-1,-1,1598,2,9,VOLKSWAGEN GOLF,-1,-1,0,-1
2023421370362,2023,421370362,3,9,0,18,19,5,5,6,6,0,0,0,1,0,1,1,5,6,1,18,4,1598,2,11,VOLKSWAGEN GOLF,-1,-1,0,-1
2023522400019,2023,522400019,1,9,0,1,1,5,1,0,0,2,0,0,0,0,2,1,6,6,3,-1,-1,1598,2,9,VOLKSWAGEN GOLF,-1,-1,0,-1
2023201344549,2023,201344549,1,9,0,9,9,6,3,0,0,5,1,0,1,0,1,1,6,6,1,30,6,1968,2,14,VOLKSWAGEN GOLF,1,E01009485,0,-1
2023010469637,2023,010469637,2,9,0,9,9,7,5,0,0,1,0,0,0,0,3,1,3,7,1,39,7,1598,1,16,VOLKSWAGEN GOLF,-1,-1,0,-1
2023010433119,2023,010433119,2,9,0,18,19,7,3,0,0,0,0,0,0,0,3,1,6,6,3,33,6,1968,2,6,VOLKSWAGEN GOLF,-1,-1,0,-1
2023991290286,2023,991290286,1,9,0,18,19,5,1,0,0,6,0,0,0,0,4,1,6,6,1,35,6,1984,1,2,VOLKSWAGEN GOLF,8,-1,0,-1
2023122300582,2023,122300582,2,9,0,18,19,5,1,0,0,0,0,0,0,0,2,1,6,6,1,51,8,1395,1,7,VOLKSWAGEN GOLF,9,E01027665,0,-1
2023131351094,2023,131351094,2,9,0,2,2,3,7,0,0,0,0,4,0,0,2,1,6,6,3,-1,-1,1968,2,11,VOLKSWAGEN GOLF,-1,-1,0,-1
2023552300995,2023,552300995,3,9,0,3,3,7,3,0,0,1,0,0,0,0,2,1,6,6,2,42,7,1498,8,1,VOLKSWAGEN GOLF,3,E01033464,0,-1
2023201305128,2023,201305128,2,9,0,18,19,6,2,0,0,0,0,0,0,0,3,1,6,6,1,22,5,1968,2,4,VOLKSWAGEN GOLF,2,E01013565,0,-1
2023411352369,2023,411352369,2,9,0,18,19,2,6,0,0,8,0,0,1,0,4,1,6,6,2,71,10,1390,1,16,VOLKSWAGEN GOLF,10,E01023744,0,-1
2023131306379,2023,131306379,2,9,0,18,19,5,7,0,0,1,0,0,0,0,1,1,5,6,1,27,6,1600,2,13,VOLKSWAGEN GOLF,4,E01010856,0,-1
2023991392252,2023,991392252,2,9,0,18,19,7,3,0,0,1,0,0,0,0,2,1,6,6,1,25,5,999,1,6,VOLKSWAGEN GOLF,2,-1,0,-1
2023010456642,2023,010456642,1,9,0,18,19,5,1,0,0,1,0,0,0,0,1,1,6,6,1,32,6,1390,1,15,VOLKSWAGEN GOLF,3,E01004303,0,-1
2023311330644,2023,311330644,1,9,0,7,7,4,8,0,0,0,0,0,0,0,1,1,1,1,2,40,7,1968,2,14,VOLKSWAGEN GOLF,2,E01013845,0,-1
2023461268009,2023,461268009,2,9,0,18,19,1,5,0,0,0,0,0,0,0,3,1,1,1,1,31,6,1968,2,12,VOLKSWAGEN GOLF,8,E01016099,0,-1
2023471359957,2023,471359957,2,9,0,18,19,1,5,0,0,0,0,0,0,0,1,1,5,6,2,36,7,1984,1,4,VOLKSWAGEN GOLF,7,E01020943,0,-1
2023131271689,2023,131271689,1,9,0,18,19,5,1,0,0,3,0,0,7,11,1,1,5,6,1,25,5,1968,2,6,VOLKSWAGEN GOLF,1,E01011059,0,-1
2023451281477,2023,451281477,1,9,0,3,3,7,3,0,0,0,0,0,0,0,2,1,5,6,2,43,7,1395,1,6,VOLKSWAGEN GOLF,8,E01004131,0,-1
2023070397533,2023,070397533,2,9,0,18,19,1,5,0,0,0,0,0,0,0,1,1,6,6,2,-1,-1,1896,2,22,VOLKSWAGEN GOLF,-1,-1,0,-1
2023302301228,2023,302301228,1,9,0,13,13,1,5,0,0,0,0,0,0,0,1,1,6,6,1,18,4,1896,2,21,VOLKSWAGEN GOLF,5,E01019525,0,-1
2023010449553,2023,010449553,1,9,0,7,7,7,1,0,0,6,0,0,1,0,1,1,6,6,2,43,7,1968,2,7,VOLKSWAGEN GOLF,-1,-1,0,-1
2023010421735,2023,010421735,2,9,0,18,19,3,7,0,0,5,0,0,0,0,1,1,6,6,2,50,8,1598,2,4,VOLKSWAGEN GOLF,8,E01001680,0,-1
2023421311628,2023,421311628,2,9,0,18,19,1,5,0,0,0,0,0,0,0,2,1,6,6,1,42,7,1498,1,5,VOLKSWAGEN GOLF,3,E01030139,0,-1
2023010480956,2023,010480956,2,9,0,18,19,3,7,0,0,8,0,0,0,0,1,1,6,6,1,21,5,1984,1,2,VOLKSWAGEN GOLF,9,E01021615,0,-1
2023010471788,2023,010471788,1,9,0,18,19,5,1,0,0,8,0,0,2,10,1,1,6,6,1,27,6,1498,8,0,VOLKSWAGEN GOLF,2,E01001750,0,-1
2023010430980,2023,010430980,2,9,0,18,19,1,5,0,0,1,0,0,0,0,1,1,6,6,1,27,6,1390,1,12,VOLKSWAGEN GOLF,3,E01031358,0,-1
2023201424679,2023,201424679,1,9,0,18,19,8,4,0,0,8,0,0,0,0,1,1,6,6,1,19,4,-1,3,4,VOLKSWAGEN GOLF,8,E01009812,0,-1
2023401287413,2023,401287413,1,9,0,13,13,3,7,0,0,0,0,0,0,0,1,1,2,2,2,33,6,1380,1,15,VOLKSWAGEN GOLF,10,E01017407,0,-1
2023221280488,2023,221280488,1,9,0,17,19,2,7,0,0,0,1,0,7,0,4,1,6,6,1,19,4,1896,2,21,VOLKSWAGEN GOLF,2,E01032470,0,-1
2023501346412,2023,501346412,1,9,0,18,19,8,4,0,0,0,2,0,2,0,1,1,5,6,2,72,10,1598,2,13,VOLKSWAGEN GOLF,6,E01019938,0,-1
2023430143839,2023,430143839,1,9,0,18,19,5,1,0,0,2,0,0,0,0,1,1,6,6,2,60,9,1595,1,21,VOLKSWAGEN GOLF,8,E01017670,0,-1
2023520301008,2023,520301008,2,9,0,18,19,1,5,0,0,8,0,0,0,0,1,1,6,6,1,55,8,1598,2,9,VOLKSWAGEN GOLF,7,E01029166,0,-1
2023211361583,2023,211361583,1,9,0,17,19,1,6,0,0,1,0,0,0,0,1,1,5,6,1,49,8,1598,2,13,VOLKSWAGEN GOLF,4,E01029811,0,-1
2023451261723,2023,451261723,2,9,0,4,4,7,3,0,0,0,0,0,0,0,2,1,5,6,2,48,8,1390,1,12,VOLKSWAGEN GOLF,10,E01030804,0,-1
2023211312939,2023,211312939,2,9,0,-1,-1,-1,-1,-1,-1,0,-1,-1,-1,0,3,1,6,6,1,-1,-1,1968,2,14,VOLKSWAGEN GOLF,-1,-1,0,-1
2023531276319,2023,531276319,1,9,0,9,9,4,8,0,0,1,0,0,1,0,4,1,5,6,2,24,5,1968,2,5,VOLKSWAGEN GOLF,-1,-1,0,-1
2023411369306,2023,411369306,1,9,0,5,5,-1,-1,0,0,0,0,0,0,0,1,1,5,6,1,45,7,1598,1,16,VOLKSWAGEN GOLF,8,E01017377,0,-1
2023332300538,2023,332300538,2,9,0,13,13,3,7,0,0,0,0,0,0,0,4,1,6,6,1,-1,-1,1968,2,4,VOLKSWAGEN GOLF,-1,-1,0,-1
2023231367021,2023,231367021,1,9,0,7,7,6,8,0,0,6,0,0,1,0,1,1,6,6,1,39,7,1600,1,18,VOLKSWAGEN GOLF,7,E01032588,0,-1
2023161331203,2023,161331203,1,9,0,5,5,3,7,0,0,0,0,0,0,0,1,1,4,7,2,33,6,1896,2,17,VOLKSWAGEN GOLF,1,E01012779,0,-1
2023471355506,2023,471355506,2,9,0,17,19,3,8,0,0,0,0,0,1,0,1,1,5,6,2,72,10,1598,2,10,VOLKSWAGEN GOLF,8,E01030869,0,-1
2023302300451,2023,302300451,2,9,0,9,9,2,8,0,0,8,1,0,0,0,1,1,6,6,3,-1,-1,1896,2,15,VOLKSWAGEN GOLF,5,E01019456,0,-1
2023501273581,2023,501273581,1,9,0,16,19,5,1,0,0,0,2,10,2,11,4,1,6,6,1,19,4,1896,2,21,VOLKSWAGEN GOLF,5,E01020303,0,-1
2023010467002,2023,010467002,1,9,0,4,4,6,2,0,0,1,0,0,0,0,1,1,6,6,1,38,7,1498,1,1,VOLKSWAGEN GOLF,-1,-1,0,-1
2023010461490,2023,010461490,1,9,0,18,19,3,7,0,0,2,0,0,0,0,1,1,6,6,1,19,4,1598,1,15,VOLKSWAGEN GOLF,1,E01004702,0,-1
2023201334379,2023,201334379,1,9,0,9,9,7,5,0,0,5,0,0,0,0,3,1,6,6,1,28,6,1598,2,10,VOLKSWAGEN GOLF,1,E01033637,0,-1
2023440354204,2023,440354204,2,9,0,18,19,7,3,0,0,0,0,0,0,0,4,1,6,6,1,59,9,1968,2,7,VOLKSWAGEN GOLF,6,E01022640,0,-1