collision_index,collision_year,collision_ref_no,vehicle_reference,vehicle_type,towing_and_articulation,vehicle_manoeuvre_historic,vehicle_manoeuvre,vehicle_direction_from,vehicle_direction_to,vehicle_location_restricted_lane_historic,vehicle_location_restricted_lane,junction_location,skidding_and_overturning,hit_object_in_carriageway,vehicle_leaving_carriageway,hit_object_off_carriageway,first_point_of_impact,vehicle_left_hand_drive,journey_purpose_of_driver_historic,journey_purpose_of_driver,sex_of_driver,age_of_driver,age_band_of_driver,engine_capacity_cc,propulsion_code,age_of_vehicle,generic_make_model,driver_imd_decile,lsoa_of_driver,escooter_flag,driver_distance_banding
2023461359327,2023,461359327,1,9,0,5,5,3,7,0,0,1,5,0,0,0,4,1,6,6,1,65,9,1598,1,16,VOLKSWAGEN GOLF,9,E01024821,0,-1
2023201339777,2023,201339777,1,9,0,18,19,3,7,0,0,0,5,10,0,0,1,1,6,6,1,-1,-1,1984,1,5,VOLKSWAGEN GOLF,-1,-1,0,-1
2023401298896,2023,401298896,2,9,0,18,19,3,7,0,0,1,0,0,0,0,4,1,6,6,1,18,4,1498,1,1,VOLKSWAGEN GOLF,3,E01017538,0,-1
2023041373676,2023,041373676,1,9,0,9,9,6,7,0,0,0,0,0,0,0,1,1,1,1,2,25,5,1390,1,18,VOLKSWAGEN GOLF,4,E01025024,0,-1
2023010424749,2023,010424749,2,9,0,99,99,9,9,99,99,0,9,99,9,99,9,9,6,6,3,-1,-1,1390,1,13,VOLKSWAGEN GOLF,-1,-1,0,-1
2023545277323,2023,545277323,2,8,0,18,19,8,4,0,0,1,0,0,0,0,1,1,1,1,1,53,8,1598,2,6,-1,1,E01015572,0,-1
2023041381457,2023,041381457,2,9,0,18,19,3,7,0,0,0,0,0,0,0,4,1,5,6,2,66,10,1896,2,17,VOLKSWAGEN GOLF,4,E01025474,0,-1
2023440196768,2023,440196768,1,9,0,18,19,1,5,0,0,2,5,0,1,4,3,1,6,6,1,19,4,1896,2,22,VOLKSWAGEN GOLF,8,E01022992,0,-1
2023141341704,2023,141341704,1,9,0,18,19,1,5,0,0,0,1,4,0,0,3,1,6,6,3,-1,-1,1896,2,15,VOLKSWAGEN GOLF,-1,-1,0,-1
2023421349013,2023,421349013,1,9,0,9,9,5,4,0,0,1,0,0,0,0,1,1,2,2,2,58,9,1598,2,13,VOLKSWAGEN GOLF,4,E01015871,0,-1
2023141374461,2023,141374461,1,9,0,9,9,5,3,0,0,2,0,0,1,0,1,1,5,6,2,78,11,1598,2,8,VOLKSWAGEN GOLF,4,E01007479,0,-1
2023010477326,2023,010477326,2,9,0,99,99,9,9,99,99,9,9,99,9,99,1,9,6,6,3,-1,-1,1390,1,12,VOLKSWAGEN GOLF,4,E01004538,0,-1
2023161343822,2023,161343822,2,9,0,1,1,1,5,0,0,0,0,0,0,0,2,1,6,6,1,30,6,1390,1,19,VOLKSWAGEN GOLF,-1,-1,0,-1
2023371342823,2023,371342823,1,9,0,18,19,1,5,0,0,2,1,0,0,0,1,1,5,6,1,57,9,1968,2,14,VOLKSWAGEN GOLF,5,E01030189,0,-1
2023401286987,2023,401286987,1,9,0,18,19,6,2,0,0,1,0,0,0,0,1,1,6,6,3,-1,-1,1968,2,8,VOLKSWAGEN GOLF,-1,-1,0,-1
2023010485225,2023,010485225,2,9,0,18,19,1,5,0,0,0,0,0,0,0,3,1,6,6,1,41,7,1498,1,3,VOLKSWAGEN GOLF,-1,-1,0,-1
2023440209823,2023,440209823,2,9,0,18,19,6,2,0,0,1,0,0,0,0,1,1,6,6,1,67,10,1390,1,10,VOLKSWAGEN GOLF,9,E01001281,0,-1
2023052301977,2023,052301977,2,9,0,18,19,5,1,0,0,8,0,0,0,0,3,1,1,1,2,24,5,1900,2,17,VOLKSWAGEN GOLF,-1,-1,0,-1
2023421305997,2023,421305997,1,9,0,15,15,5,5,0,0,1,5,10,2,0,4,1,6,6,1,24,5,1896,2,16,VOLKSWAGEN GOLF,5,E01009293,0,-1
2023052303084,2023,052303084,1,9,0,9,9,5,3,0,0,1,0,0,0,0,4,1,6,6,2,42,7,1598,2,13,VOLKSWAGEN GOLF,3,E01007216,0,-1
2023141284604,2023,141284604,2,9,0,18,19,6,2,0,0,0,0,0,0,0,1,1,5,6,2,31,6,1896,2,14,VOLKSWAGEN GOLF,2,E01007556,0,-1
2023332300729,2023,332300729,2,9,0,18,19,3,7,0,0,8,0,0,0,0,1,1,6,6,1,41,7,1968,2,9,VOLKSWAGEN GOLF,6,E01013672,0,-1
2023340WN3092,2023,340WN3092,2,9,0,18,19,5,1,0,0,8,0,0,0,0,1,1,6,6,1,40,7,1598,2,5,VOLKSWAGEN GOLF,4,E01027132,0,-1
2023411311341,2023,411311341,2,9,0,2,2,0,0,0,0,0,0,0,0,0,1,1,5,6,3,-1,-1,1498,1,5,VOLKSWAGEN GOLF,-1,-1,0,-1
2023101326989,2023,101326989,1,9,0,10,10,3,1,0,0,6,0,0,0,0,3,1,1,1,2,42,7,1896,2,15,VOLKSWAGEN GOLF,4,E01020656,0,-1
2023430529769,2023,430529769,1,9,0,13,13,8,4,0,0,2,1,10,7,0,4,1,6,6,1,18,4,1968,2,13,VOLKSWAGEN GOLF,10,E01016658,0,-1
2023411346466,2023,411346466,1,9,0,18,19,2,6,9,9,0,0,7,0,0,1,1,5,6,1,18,4,1896,2,21,VOLKSWAGEN GOLF,7,E01023506,0,-1
2023461287168,2023,461287168,1,9,0,9,9,1,7,0,0,0,0,0,0,0,1,1,6,6,1,34,6,1896,2,17,VOLKSWAGEN GOLF,3,E01000404,0,-1
2023440194054,2023,440194054,1,9,0,18,19,3,7,0,0,8,0,0,0,0,3,1,1,1,1,56,9,1984,1,17,VOLKSWAGEN GOLF,3,E01017123,0,-1
2023201305191,2023,201305191,2,9,0,10,10,5,2,0,0,1,0,0,0,0,1,1,6,6,1,25,5,2000,1,17,VOLKSWAGEN GOLF,2,E01010264,0,-1
2023010427642,2023,010427642,2,9,0,99,99,9,9,99,99,9,9,99,9,99,1,9,6,6,3,-1,-1,1598,1,19,VOLKSWAGEN GOLF,-1,-1,0,-1
2023991281446,2023,991281446,1,9,0,18,19,4,8,0,0,0,0,0,0,0,2,1,5,6,1,83,11,1498,1,6,VOLKSWAGEN GOLF,9,-1,0,-1
2023201327773,2023,201327773,1,9,0,5,5,6,2,0,0,6,0,0,0,0,1,1,6,6,1,-1,-1,1598,2,6,VOLKSWAGEN GOLF,10,E01010231,0,-1
2023320190725,2023,320190725,1,9,0,13,13,6,2,0,0,0,1,0,7,2,1,1,6,6,2,22,5,1968,2,13,VOLKSWAGEN GOLF,-1,-1,0,-1
2023141281685,2023,141281685,2,9,0,11,11,4,2,0,0,3,0,0,0,0,2,1,6,6,1,21,5,1984,1,4,VOLKSWAGEN GOLF,2,E01011781,0,-1
2023010424777,2023,010424777,1,9,0,9,9,5,2,0,0,5,0,0,0,0,3,2,2,2,1,38,7,1498,1,3,VOLKSWAGEN GOLF,4,E01002519,0,-1
2023010463687,2023,010463687,2,9,0,5,5,7,3,0,0,6,0,0,0,0,1,1,6,6,1,21,5,1395,1,7,VOLKSWAGEN GOLF,8,E01004543,0,-1
2023041318781,2023,041318781,1,9,0,5,5,-1,-1,0,0,2,0,0,0,0,1,1,5,6,1,44,7,1896,2,20,VOLKSWAGEN GOLF,9,E01025256,0,-1
2023010429522,2023,010429522,1,9,0,9,9,7,5,0,0,5,0,0,0,0,1,1,6,6,1,17,4,1390,1,12,VOLKSWAGEN GOLF,4,E01003782,0,-1
2023471277790,2023,471277790,1,9,0,18,19,3,6,0,0,8,0,0,1,10,1,1,5,6,1,24,5,1395,1,7,VOLKSWAGEN GOLF,2,E01001423,0,-1
2023010452538,2023,010452538,1,9,0,18,19,1,5,0,0,8,0,0,0,0,2,1,6,6,1,70,10,1197,1,12,VOLKSWAGEN GOLF,6,E01000906,0,-1
2023010466874,2023,010466874,2,9,0,99,99,9,9,99,99,9,9,99,9,99,1,9,6,6,3,-1,-1,1395,1,10,VOLKSWAGEN GOLF,9,E01000712,0,-1
2023161342172,2023,161342172,2,9,0,9,9,7,5,0,0,2,0,0,0,0,1,1,6,6,1,50,8,1896,2,16,VOLKSWAGEN GOLF,-1,-1,0,-1
2023471289643,2023,471289643,1,9,0,18,19,1,5,0,0,0,0,0,0,0,1,1,2,2,1,24,5,1896,2,20,VOLKSWAGEN GOLF,4,E01016850,0,-1
2023221351703,2023,221351703,1,9,0,13,13,1,5,0,0,8,0,10,0,0,4,1,6,6,2,60,9,-1,3,4,VOLKSWAGEN GOLF,-1,-1,0,-1
2023131339169,2023,131339169,2,9,0,-1,-1,-1,-1,-1,-1,8,-1,-1,-1,0,-1,1,6,6,3,-1,-1,1968,2,15,VOLKSWAGEN GOLF,-1,-1,0,-1
2023010439032,2023,010439032,1,9,0,18,19,5,1,0,0,1,0,0,0,0,1,1,6,6,1,25,5,1395,1,7,VOLKSWAGEN GOLF,9,E01000344,0,-1
2023430498372,2023,430498372,1,9,0,18,19,6,2,0,0,3,0,9,1,10,1,1,6,6,1,25,5,1498,1,3,VOLKSWAGEN GOLF,7,E01017854,0,-1
2023122300817,2023,122300817,3,9,0,4,4,3,7,0,0,1,0,0,0,0,2,1,6,6,2,57,9,1498,1,4,VOLKSWAGEN GOLF,10,E01010697,0,-1
2023430409686,2023,430409686,1,9,0,14,14,4,8,0,0,0,0,0,0,0,1,1,6,6,1,34,6,2000,2,17,VOLKSWAGEN GOLF,8,E01028578,0,-1
2023430041376,2023,430041376,1,9,0,9,9,3,1,0,0,8,0,0,0,0,1,1,6,6,3,-1,-1,1781,1,29,VOLKSWAGEN GOLF,-1,-1,0,-1
2023340WN5962,2023,340WN5962,1,9,0,18,19,3,7,0,0,4,0,0,0,0,1,1,6,6,1,38,7,1968,2,10,VOLKSWAGEN GOLF,-1,-1,0,-1
2023311273336,2023,311273336,1,9,0,18,19,5,1,0,0,0,1,0,0,0,1,1,5,6,1,52,8,1968,2,15,VOLKSWAGEN GOLF,-1,-1,0,-1
2023401388629,2023,401388629,2,9,0,3,3,-1,-1,0,0,0,0,0,0,0,2,1,1,1,1,32,6,1395,8,6,VOLKSWAGEN GOLF,7,E01010498,0,-1
2023201342113,2023,201342113,1,9,0,14,14,2,6,0,0,8,0,10,8,0,1,1,2,2,2,23,5,1984,1,6,VOLKSWAGEN GOLF,1,E01033650,0,-1
2023201391290,2023,201391290,2,9,0,5,5,1,3,0,0,6,0,0,0,0,3,1,6,6,1,19,4,1498,8,3,VOLKSWAGEN GOLF,1,E01033650,0,-1
2023131341060,2023,131341060,1,9,0,5,5,1,1,9,9,1,0,0,0,0,1,1,5,6,1,46,8,1498,1,1,VOLKSWAGEN GOLF,6,E01010920,0,-1
2023010482053,2023,010482053,2,9,0,99,99,9,9,99,99,9,9,99,9,99,9,9,6,6,3,-1,-1,1600,1,17,VOLKSWAGEN GOLF,-1,-1,0,-1
2023101304387,2023,101304387,2,9,0,3,3,5,3,0,0,1,0,0,0,0,2,1,2,2,1,56,9,1968,2,7,VOLKSWAGEN GOLF,10,E01027458,0,-1
2023010429758,2023,010429758,1,9,0,18,19,1,5,0,0,0,0,0,0,0,1,1,1,1,2,27,6,1598,2,5,VOLKSWAGEN GOLF,9,E01015697,0,-1
2023451337679,2023,451337679,1,9,0,18,19,2,6,0,0,0,0,0,2,7,1,1,6,6,1,47,8,1968,2,12,VOLKSWAGEN GOLF,5,E01023429,0,-1
2023522300485,2023,522300485,1,9,0,1,1,3,7,0,0,8,0,0,0,0,4,1,6,6,1,30,6,1896,2,18,VOLKSWAGEN GOLF,2,E01014977,0,-1
2023531383190,2023,531383190,1,9,0,18,19,5,1,0,0,0,0,0,0,0,1,1,6,6,1,30,6,1968,2,9,VOLKSWAGEN GOLF,-1,-1,0,-1
2023471323436,2023,471323436,2,9,0,3,3,1,1,0,0,0,0,0,0,0,2,1,5,6,1,33,6,2000,1,17,VOLKSWAGEN GOLF,8,E01031418,0,-1
2023010443844,2023,010443844,1,9,0,99,99,9,9,99,99,9,9,99,9,99,1,9,6,6,1,30,6,1968,2,8,VOLKSWAGEN GOLF,3,E01001053,0,-1
2023501390450,2023,501390450,1,9,0,18,19,5,6,0,0,0,0,0,1,9,1,1,6,6,1,44,7,1968,2,6,VOLKSWAGEN GOLF,5,E01015164,0,-1
2023010463807,2023,010463807,1,9,0,9,9,5,2,0,0,5,0,0,0,0,4,1,6,6,1,55,8,1968,2,0,VOLKSWAGEN GOLF,-1,-1,0,-1
2023061287670,2023,061287670,1,9,-1,-1,-1,-1,-1,-1,-1,0,-1,-1,-1,0,-1,1,6,6,2,22,5,1968,2,12,VOLKSWAGEN GOLF,6,E01006276,0,-1
2023451309432,2023,451309432,2,9,0,7,7,5,1,0,0,6,0,0,0,0,1,1,6,6,3,45,7,1896,2,16,VOLKSWAGEN GOLF,-1,-1,0,-1
2023461324038,2023,461324038,3,9,0,18,19,8,4,0,0,0,0,0,0,0,0,1,6,6,2,55,8,1390,1,14,VOLKSWAGEN GOLF,1,E01024148,0,-1
2023170L20763,2023,170L20763,2,9,0,18,19,6,2,0,0,1,0,0,0,0,1,1,6,6,1,59,9,1600,2,14,VOLKSWAGEN GOLF,-1,-1,0,-1
2023421299064,2023,421299064,1,9,0,18,19,3,7,0,0,1,0,0,0,0,1,1,6,6,2,29,6,1598,2,10,VOLKSWAGEN GOLF,8,E01024451,0,-1
2023361368225,2023,361368225,2,9,0,4,4,0,0,0,0,1,0,0,0,0,2,1,6,6,2,55,8,1600,2,14,VOLKSWAGEN GOLF,8,E01026930,0,-1
2023622300870,2023,622300870,2,9,0,3,3,2,6,0,0,1,0,0,0,0,4,1,1,1,2,52,8,1900,2,18,VOLKSWAGEN GOLF,9,W01001770,0,-1
2023131376057,2023,131376057,1,9,0,9,9,3,5,0,0,0,0,0,0,0,1,1,6,6,1,46,8,2000,2,19,VOLKSWAGEN GOLF,1,E01010631,0,-1
2023461320717,2023,461320717,1,9,0,18,19,7,3,0,0,0,0,0,0,0,1,1,6,6,1,21,5,2000,2,19,VOLKSWAGEN GOLF,6,E01024225,0,-1
2023221332288,2023,221332288,1,9,0,18,19,5,1,0,0,0,5,0,5,6,1,1,5,6,1,31,6,1598,2,5,VOLKSWAGEN GOLF,4,E01010072,0,-1
2023991295509,2023,991295509,2,9,0,16,19,1,3,5,5,6,0,0,0,0,1,1,6,6,1,24,5,1968,2,9,VOLKSWAGEN GOLF,9,-1,0,-1
2023122300776,2023,122300776,1,9,0,10,10,5,3,0,0,5,0,0,0,0,2,1,6,6,1,33,6,1984,1,10,VOLKSWAGEN GOLF,9,E01027885,0,-1
2023122301285,2023,122301285,1,9,0,18,19,1,5,0,0,0,0,0,1,11,1,1,6,6,1,35,6,1896,2,15,VOLKSWAGEN GOLF,7,E01027592,0,-1
2023061378300,2023,061378300,2,9,0,18,19,2,6,0,0,4,0,0,0,0,0,1,5,6,1,38,7,1984,1,4,VOLKSWAGEN GOLF,-1,-1,0,-1
2023461347464,2023,461347464,1,9,0,5,5,7,3,0,0,0,0,0,0,0,1,1,6,6,1,36,7,1598,1,21,VOLKSWAGEN GOLF,2,E01024246,0,-1
2023501341671,2023,501341671,1,9,0,7,7,7,4,0,0,6,0,0,0,0,1,1,6,6,2,19,4,1197,1,9,VOLKSWAGEN GOLF,8,E01030478,0,-1
2023010444430,2023,010444430,2,9,0,99,99,9,9,99,99,9,9,99,9,99,9,9,6,6,1,30,6,1390,1,11,VOLKSWAGEN GOLF,6,E01001948,0,-1
2023131280373,2023,131280373,3,9,0,4,4,7,3,0,0,1,0,0,0,0,3,1,5,6,1,71,10,1968,2,10,VOLKSWAGEN GOLF,4,E01033006,0,-1
2023010432548,2023,010432548,1,9,0,7,7,5,7,9,9,6,0,0,0,0,1,1,6,6,2,37,7,1395,1,6,VOLKSWAGEN GOLF,8,E01003814,0,-1
2023451341138,2023,451341138,2,9,0,16,19,1,5,0,0,3,0,0,0,0,1,1,5,6,1,29,6,1968,2,14,VOLKSWAGEN GOLF,4,E01002244,0,-1
2023332300890,2023,332300890,2,9,0,13,13,6,2,0,0,0,0,0,0,0,1,1,6,6,3,-1,-1,1600,2,13,VOLKSWAGEN GOLF,-1,-1,0,-1
2023401311371,2023,401311371,1,9,0,18,19,-1,-1,0,0,8,0,0,0,0,4,1,6,6,1,28,6,1968,2,16,VOLKSWAGEN GOLF,2,E01015807,0,-1
2023501300748,2023,501300748,1,9,0,18,19,2,5,0,0,8,0,0,0,0,1,1,2,2,2,55,8,1968,2,6,VOLKSWAGEN GOLF,6,E01019938,0,-1
2023101357988,2023,101357988,2,9,0,9,9,2,1,0,0,5,0,0,0,0,3,1,5,6,1,53,8,1968,2,15,VOLKSWAGEN GOLF,3,E01008576,0,-1
2023141306349,2023,141306349,1,9,0,5,5,2,6,0,0,1,0,0,0,0,3,1,5,6,2,31,6,1968,2,16,VOLKSWAGEN GOLF,1,E01008094,0,-1
2023041315163,2023,041315163,1,9,0,16,19,6,2,0,0,1,1,0,0,0,1,1,5,6,1,28,6,1968,2,16,VOLKSWAGEN GOLF,7,E01012747,0,-1
2023421322144,2023,421322144,3,9,0,18,19,5,1,0,0,8,0,0,0,0,3,1,5,6,2,27,6,1598,1,20,VOLKSWAGEN GOLF,9,E01018006,0,-1
2023010438939,2023,010438939,1,9,0,99,99,9,9,99,99,9,9,99,9,99,9,9,6,6,1,34,6,1598,2,12,VOLKSWAGEN GOLF,2,E01011017,0,-1
2023340NN4192,2023,340NN4192,1,9,0,7,7,3,6,0,0,6,0,0,0,0,1,1,6,6,2,36,7,1598,2,10,VOLKSWAGEN GOLF,6,E01027045,0,-1
2023440485052,2023,440485052,2,9,0,2,2,0,0,0,0,0,0,4,0,0,3,1,6,6,3,-1,-1,1395,1,5,VOLKSWAGEN GOLF,-1,-1,0,-1
2023161373150,2023,161373150,2,9,0,4,4,3,7,0,0,0,0,0,0,0,2,1,6,6,1,27,6,1900,2,17,VOLKSWAGEN GOLF,1,E01012809,0,-1
2023010422152,2023,010422152,1,9,0,99,99,9,9,99,99,9,9,99,9,99,2,9,6,6,2,39,7,-1,3,4,VOLKSWAGEN GOLF,7,E01000123,0,-1
2023411364217,2023,411364217,1,9,-1,4,4,-1,-1,0,0,-1,0,0,0,0,1,1,6,6,1,23,5,1390,1,21,VOLKSWAGEN GOLF,4,E01023669,0,-1
2023131392130,2023,131392130,2,9,0,2,2,0,0,0,0,0,0,0,0,0,1,1,6,6,3,-1,-1,1968,2,14,VOLKSWAGEN GOLF,-1,-1,0,-1
2023332301093,2023,332301093,2,9,0,10,10,2,6,0,0,1,0,0,0,0,1,1,6,6,1,24,5,1498,1,2,VOLKSWAGEN GOLF,9,E01025642,0,-1
2023548961723,2023,548961723,1,9,0,11,11,2,6,0,0,5,0,0,0,0,4,1,2,2,1,22,5,1390,1,20,VOLKSWAGEN GOLF,2,E01031981,0,-1
2023131313946,2023,131313946,1,9,0,17,19,2,8,0,0,0,0,0,0,0,1,1,6,6,3,-1,-1,1598,2,11,VOLKSWAGEN GOLF,-1,-1,0,-1
2023991351668,2023,991351668,1,9,0,11,11,1,5,0,0,0,0,0,0,0,1,1,2,2,1,20,4,1598,2,8,VOLKSWAGEN GOLF,7,-1,0,-1
2023991277718,2023,991277718,1,9,0,18,19,5,1,0,0,0,0,0,0,0,1,1,5,6,1,19,4,1598,2,13,VOLKSWAGEN GOLF,9,-1,0,-1
2023451344466,2023,451344466,1,9,0,18,19,1,5,0,0,0,0,0,0,0,2,1,2,2,2,56,9,1498,8,1,VOLKSWAGEN GOLF,10,E01030533,0,-1
2023430233820,2023,430233820,1,9,0,18,19,8,4,0,0,0,0,0,0,0,1,1,1,1,1,28,6,2000,2,17,VOLKSWAGEN GOLF,4,E01016484,0,-1
2023440410089,2023,440410089,2,9,0,4,4,8,4,0,0,1,0,0,0,0,2,1,6,6,1,42,7,1600,1,19,VOLKSWAGEN GOLF,4,E01017042,0,-1
2023351356032,2023,351356032,1,9,0,9,9,-1,-1,0,0,6,0,0,0,0,3,1,6,6,3,-1,-1,1968,2,9,VOLKSWAGEN GOLF,-1,-1,0,-1
2023451272952,2023,451272952,1,9,0,18,19,4,8,0,0,8,0,0,0,0,1,1,5,6,2,32,6,1395,1,6,VOLKSWAGEN GOLF,10,E01030695,0,-1
2023221278490,2023,221278490,2,9,0,18,19,8,4,0,0,0,0,0,0,0,1,1,5,6,1,55,8,1896,2,15,VOLKSWAGEN GOLF,4,E01014068,0,-1
2023991315731,2023,991315731,1,9,0,18,19,5,1,0,0,1,0,0,0,0,1,1,5,6,2,18,4,1390,1,12,VOLKSWAGEN GOLF,2,-1,0,-1
2023061380600,2023,061380600,1,9,0,18,19,6,2,0,0,0,0,0,0,0,4,1,5,6,1,40,7,1984,1,7,VOLKSWAGEN GOLF,1,E01005781,0,-1
2023471342794,2023,471342794,2,9,0,8,8,7,2,0,0,1,0,0,0,0,2,1,5,6,2,68,10,1390,1,13,VOLKSWAGEN GOLF,8,E01016980,0,-1
2023430252928,2023,430252928,1,9,0,9,9,6,4,0,0,6,0,0,0,0,3,1,6,6,1,42,7,1984,1,2,VOLKSWAGEN GOLF,10,E01016694,0,-1
2023340NN3062,2023,340NN3062,1,9,0,11,11,5,1,0,0,3,0,0,0,0,1,1,6,6,1,20,4,1968,2,13,VOLKSWAGEN GOLF,1,E01015604,0,-1
2023010439283,2023,010439283,1,9,0,16,19,5,1,0,0,6,0,11,0,0,1,1,6,6,1,28,6,1968,2,0,VOLKSWAGEN GOLF,5,E01000619,0,-1
2023010448046,2023,010448046,1,9,0,99,99,9,9,99,99,9,9,99,9,99,2,9,6,6,1,24,5,1968,2,2,VOLKSWAGEN GOLF,2,E01004238,0,-1
202360A050734,2023,60A050734,2,9,0,4,4,4,8,0,0,0,0,0,0,0,2,1,6,6,2,24,5,1395,1,9,VOLKSWAGEN GOLF,-1,-1,0,-1
2023010450071,2023,010450071,1,9,0,99,99,9,9,99,99,9,9,99,9,99,1,9,6,6,3,71,10,1968,2,17,VOLKSWAGEN GOLF,9,E01024431,0,-1
2023351367004,2023,351367004,1,9,0,9,9,5,3,0,0,1,0,10,7,0,2,1,6,6,1,70,10,1395,1,8,VOLKSWAGEN GOLF,9,E01015646,0,-1
2023440419211,2023,440419211,1,9,0,4,4,4,8,0,0,1,0,0,0,0,2,1,2,2,1,24,5,1498,1,5,VOLKSWAGEN GOLF,10,E01022856,0,-1
2023501261372,2023,501261372,2,9,0,3,3,5,1,0,0,1,0,0,0,0,2,1,6,6,1,42,7,1395,1,8,VOLKSWAGEN GOLF,9,E01033233,0,-1
2023010456851,2023,010456851,2,9,0,9,9,3,1,0,0,8,0,0,0,0,3,1,6,6,1,33,6,1498,8,1,VOLKSWAGEN GOLF,8,E01021436,0,-1
2023501367844,2023,501367844,1,9,0,18,19,7,2,0,0,0,5,0,4,6,1,1,6,6,1,21,5,1598,1,16,VOLKSWAGEN GOLF,2,E01015239,0,-1
2023631344492,2023,631344492,1,9,0,18,19,7,3,0,0,0,0,0,0,0,1,1,5,6,1,77,11,1968,2,15,VOLKSWAGEN GOLF,4,W01000724,0,-1
2023451296009,2023,451296009,2,9,0,18,19,7,3,0,0,1,0,0,1,0,1,1,5,6,1,74,10,1498,1,4,VOLKSWAGEN GOLF,10,E01030540,0,-1
2023451327070,2023,451327070,2,9,0,18,19,5,1,0,0,0,0,0,0,0,1,1,5,6,1,33,6,1968,2,8,VOLKSWAGEN GOLF,10,E01030989,0,-1
2023161288361,2023,161288361,1,9,0,18,19,7,3,0,0,0,1,0,7,4,1,1,6,6,1,45,7,1984,1,6,VOLKSWAGEN GOLF,6,E01013276,0,-1
2023340NN0852,2023,340NN0852,2,9,0,18,19,2,6,0,0,8,0,0,0,0,4,1,3,7,2,51,8,1598,2,8,VOLKSWAGEN GOLF,10,E01027046,0,-1
2023201440200,2023,201440200,1,9,0,3,3,1,5,0,0,1,0,0,0,0,2,1,5,6,3,-1,-1,1390,1,12,VOLKSWAGEN GOLF,-1,-1,0,-1
2023201416191,2023,201416191,2,9,0,5,5,2,6,0,0,6,0,0,0,0,3,1,6,6,1,56,9,1900,2,17,VOLKSWAGEN GOLF,2,E01009385,0,-1
2023201372932,2023,201372932,1,9,0,5,5,3,7,0,0,8,0,0,0,0,4,1,5,6,1,21,5,1984,1,8,VOLKSWAGEN GOLF,1,E01009335,0,-1
2023131376381,2023,131376381,1,9,0,14,14,1,1,0,0,8,1,0,7,0,1,1,6,6,3,-1,-1,1968,2,14,VOLKSWAGEN GOLF,-1,-1,0,-1
2023421390982,2023,421390982,1,9,0,-1,-1,-1,-1,-1,-1,-1,-1,-1,-1,0,-1,1,6,6,2,-1,-1,1984,1,16,VOLKSWAGEN GOLF,-1,-1,0,-1
2023430113717,2023,430113717,1,9,0,3,3,5,1,0,0,1,0,0,0,0,2,1,6,6,1,30,6,1984,1,8,VOLKSWAGEN GOLF,7,E01016470,0,-1
2023010436806,2023,010436806,1,9,0,7,7,8,2,8,6,0,0,0,0,0,1,1,2,2,1,42,7,1498,1,2,VOLKSWAGEN GOLF,4,E01001158,0,-1
2023520301564,2023,520301564,2,9,0,18,19,2,6,0,0,8,0,0,0,0,1,1,6,6,2,21,5,1600,2,13,VOLKSWAGEN GOLF,7,E01020064,0,-1
2023351390058,2023,351390058,2,9,0,18,19,4,4,0,0,0,0,0,0,0,2,1,2,2,2,29,6,1395,1,8,VOLKSWAGEN GOLF,5,E01032526,0,-1
2023461363009,2023,461363009,2,9,0,18,19,7,3,0,0,0,0,0,0,0,3,1,6,6,1,21,5,1390,1,13,VOLKSWAGEN GOLF,3,E01001363,0,-1
2023141361170,2023,141361170,1,9,0,18,19,1,5,0,0,2,0,0,0,0,4,1,5,6,2,26,6,1968,2,14,VOLKSWAGEN GOLF,2,E01007967,0,-1
2023201360154,2023,201360154,2,9,0,9,9,5,5,0,0,1,0,0,0,0,1,1,6,6,1,35,6,1598,2,10,VOLKSWAGEN GOLF,-1,-1,0,-1
2023010484280,2023,010484280,1,9,0,4,4,3,7,0,0,0,0,0,0,0,2,1,1,1,1,58,9,1498,1,3,VOLKSWAGEN GOLF,7,E01002268,0,-1
2023401275913,2023,401275913,3,9,0,2,2,0,0,0,0,1,0,0,0,0,3,1,6,6,3,-1,-1,1498,1,1,VOLKSWAGEN GOLF,-1,-1,0,-1
2023010429899,2023,010429899,2,9,0,99,99,9,9,99,99,9,9,99,9,99,1,9,6,6,2,22,5,1600,1,19,VOLKSWAGEN GOLF,2,E01000902,0,-1
2023461358417,2023,461358417,1,9,0,16,19,3,7,0,0,0,0,0,0,0,1,1,6,6,1,71,10,1390,1,13,VOLKSWAGEN GOLF,6,E01024130,0,-1
2023471380707,2023,471380707,1,9,0,18,19,4,8,0,0,4,1,0,0,0,1,1,2,2,1,22,5,1390,1,12,VOLKSWAGEN GOLF,9,E01031728,0,-1
2023302301101,2023,302301101,1,9,0,10,10,1,6,0,0,1,0,0,0,0,2,1,6,6,2,70,10,1498,1,0,VOLKSWAGEN GOLF,9,E01013596,0,-1
2023421303896,2023,421303896,2,9,0,18,19,5,1,0,0,8,1,0,7,0,1,1,5,6,2,56,9,1395,8,1,VOLKSWAGEN GOLF,5,E01022051,0,-1
2023221326559,2023,221326559,2,9,0,17,19,7,4,0,0,8,0,0,0,0,3,1,5,6,2,66,10,1896,2,21,VOLKSWAGEN GOLF,8,E01014040,0,-1
2023991423602,2023,991423602,1,9,0,18,19,1,5,0,0,0,0,0,0,0,1,1,6,6,2,20,4,1395,1,7,VOLKSWAGEN GOLF,2,-1,0,-1
2023430260745,2023,430260745,2,9,0,18,19,8,4,0,0,8,0,0,0,0,1,1,6,6,2,46,8,2000,2,18,VOLKSWAGEN GOLF,-1,-1,0,-1
2023122300682,2023,122300682,2,9,0,18,19,4,8,0,0,1,0,0,0,0,1,1,6,6,1,35,6,1968,2,6,VOLKSWAGEN GOLF,9,E01027577,0,-1
2023520300689,2023,520300689,1,9,0,18,19,4,8,0,0,0,0,0,0,0,2,1,6,6,2,34,6,1968,2,14,VOLKSWAGEN GOLF,3,E01029341,0,-1
2023531300415,2023,531300415,1,9,0,17,19,6,2,0,0,0,1,0,2,11,3,1,2,2,1,21,5,3200,1,17,VOLKSWAGEN GOLF,-1,-1,0,-1