collision_index,collision_year,collision_ref_no,vehicle_reference,vehicle_type,towing_and_articulation,vehicle_manoeuvre_historic,vehicle_manoeuvre,vehicle_direction_from,vehicle_direction_to,vehicle_location_restricted_lane_historic,vehicle_location_restricted_lane,junction_location,skidding_and_overturning,hit_object_in_carriageway,vehicle_leaving_carriageway,hit_object_off_carriageway,first_point_of_impact,vehicle_left_hand_drive,journey_purpose_of_driver_historic,journey_purpose_of_driver,sex_of_driver,age_of_driver,age_band_of_driver,engine_capacity_cc,propulsion_code,age_of_vehicle,generic_make_model,driver_imd_decile,lsoa_of_driver,escooter_flag,driver_distance_banding
2023520300934,2023,520300934,2,9,0,4,4,8,4,0,0,0,0,0,0,0,2,1,6,6,2,24,5,1598,2,9,VOLKSWAGEN GOLF,3,E01020048,0,-1
2023991321771,2023,991321771,2,9,0,18,19,6,2,0,0,0,0,0,1,0,1,1,1,1,2,62,9,1598,2,5,VOLKSWAGEN GOLF,6,-1,0,-1
2023201298924,2023,201298924,1,9,0,16,19,2,2,0,0,3,0,0,0,0,3,1,6,6,1,15,3,1984,1,20,VOLKSWAGEN GOLF,1,E01010053,0,-1
2023101334415,2023,101334415,1,9,0,18,19,8,4,0,0,0,0,0,0,0,1,1,5,6,1,24,5,1598,1,17,VOLKSWAGEN GOLF,1,E01008290,0,-1
2023131346238,2023,131346238,1,9,0,18,19,7,3,0,0,0,0,0,0,0,3,1,5,6,1,22,5,1968,2,4,VOLKSWAGEN GOLF,3,E01011035,0,-1
2023031318794,2023,031318794,2,9,0,18,19,1,5,0,0,0,0,0,0,0,4,1,6,6,1,40,7,1968,2,7,VOLKSWAGEN GOLF,10,E01011198,0,-1
2023201295887,2023,201295887,1,9,0,18,19,5,1,0,0,0,1,4,0,0,1,1,6,6,2,23,5,1395,8,6,VOLKSWAGEN GOLF,2,E01009487,0,-1
2023461354426,2023,461354426,1,9,0,18,19,1,5,0,0,1,0,0,0,0,4,1,5,6,2,22,5,1498,1,1,VOLKSWAGEN GOLF,5,E01024191,0,-1
2023622300290,2023,622300290,1,9,0,4,4,8,4,0,0,8,0,0,0,0,1,1,6,6,1,36,7,1598,2,14,VOLKSWAGEN GOLF,2,W01001697,0,-1
2023302301650,2023,302301650,1,9,0,18,19,4,8,0,0,0,0,0,1,11,4,1,6,6,1,28,6,1598,2,9,VOLKSWAGEN GOLF,6,E01005083,0,-1
2023010480485,2023,010480485,1,9,0,99,99,9,9,99,99,9,9,99,9,99,2,9,6,6,1,55,8,1390,1,14,VOLKSWAGEN GOLF,6,E01003226,0,-1
2023622300544,2023,622300544,1,9,0,18,19,4,8,0,0,0,0,4,0,0,1,1,2,2,1,22,5,1896,2,15,VOLKSWAGEN GOLF,1,W01000930,0,-1
2023421338500,2023,421338500,1,9,0,7,7,7,3,0,0,6,0,0,0,0,3,1,5,6,2,30,6,1968,2,17,VOLKSWAGEN GOLF,3,E01022044,0,-1
2023041321866,2023,041321866,2,9,0,9,9,3,7,0,0,5,0,0,7,0,2,1,2,2,1,25,5,1968,2,11,VOLKSWAGEN GOLF,3,E01012588,0,-1
2023421358047,2023,421358047,4,9,0,3,3,7,3,0,0,0,0,0,0,0,2,1,5,6,1,28,6,1395,1,7,VOLKSWAGEN GOLF,8,E01024351,0,-1
2023231268371,2023,231268371,1,9,0,18,19,5,1,0,0,0,0,0,0,0,1,1,5,6,2,54,8,1498,1,3,VOLKSWAGEN GOLF,5,E01031203,0,-1
2023201405910,2023,201405910,2,9,0,7,7,6,7,0,0,6,0,0,0,0,4,1,6,6,1,23,5,1896,2,16,VOLKSWAGEN GOLF,1,E01009329,0,-1
2023131357017,2023,131357017,1,9,0,13,13,1,1,0,0,0,0,0,0,0,4,1,5,6,1,23,5,999,1,4,VOLKSWAGEN GOLF,7,E01011591,0,-1
2023371334022,2023,371334022,2,9,0,18,19,6,1,0,0,0,0,0,0,0,3,1,5,6,1,60,9,1498,1,3,VOLKSWAGEN GOLF,5,E01018233,0,-1
2023071124735,2023,071124735,2,9,0,18,19,1,5,0,0,1,0,0,0,0,4,1,6,6,2,-1,-1,1968,2,13,VOLKSWAGEN GOLF,-1,-1,0,-1
2023991373956,2023,991373956,2,9,0,18,19,5,1,0,0,0,0,0,0,0,1,1,2,2,1,47,8,1968,2,7,VOLKSWAGEN GOLF,9,-1,0,-1
2023531383250,2023,531383250,1,9,0,18,19,1,5,0,0,4,0,0,0,0,1,1,6,6,2,23,5,1390,1,12,VOLKSWAGEN GOLF,5,E01022321,0,-1
2023061372726,2023,061372726,1,9,0,5,5,7,4,0,0,1,0,0,0,0,3,1,5,6,1,43,7,1984,1,9,VOLKSWAGEN GOLF,8,E01006378,0,-1
2023052302362,2023,052302362,2,9,0,18,19,7,3,0,0,0,0,0,4,7,1,1,2,2,1,42,7,1598,2,4,VOLKSWAGEN GOLF,7,E01007104,0,-1
2023201388498,2023,201388498,2,9,0,18,19,4,8,0,0,8,0,0,0,0,1,1,5,6,1,44,7,1197,1,12,VOLKSWAGEN GOLF,2,E01010146,0,-1
2023201389298,2023,201389298,1,9,0,18,19,7,3,0,0,0,0,0,0,0,2,1,6,6,1,-1,-1,1390,1,14,VOLKSWAGEN GOLF,-1,-1,0,-1
2023010451346,2023,010451346,1,9,0,3,3,5,1,0,0,2,0,0,0,0,3,1,6,6,1,33,6,2000,1,18,VOLKSWAGEN GOLF,5,E01030743,0,-1
2023010477334,2023,010477334,1,9,0,99,99,9,9,99,99,9,9,99,9,99,2,9,6,6,2,33,6,1984,1,9,VOLKSWAGEN GOLF,5,E01004488,0,-1
2023440198562,2023,440198562,1,9,0,17,19,3,8,0,0,2,0,0,0,0,1,1,6,6,1,20,4,1598,1,16,VOLKSWAGEN GOLF,7,E01022584,0,-1
2023010471832,2023,010471832,1,9,0,18,19,5,1,0,0,1,1,0,0,0,1,1,6,6,1,29,6,1984,1,8,VOLKSWAGEN GOLF,3,E01001053,0,-1
2023131324161,2023,131324161,2,9,0,5,5,1,5,0,0,6,0,0,0,0,4,1,5,6,1,73,10,1498,8,0,VOLKSWAGEN GOLF,10,E01010580,0,-1
2023471377820,2023,471377820,1,9,0,9,9,3,1,0,0,8,0,0,0,0,1,1,2,2,1,49,8,1595,1,14,VOLKSWAGEN GOLF,4,E01016882,0,-1
2023991339171,2023,991339171,1,9,0,9,9,2,7,0,0,1,0,0,0,0,1,1,6,6,1,37,7,1197,1,7,VOLKSWAGEN GOLF,3,-1,0,-1
2023131279479,2023,131279479,2,9,0,11,11,4,8,0,0,8,0,0,0,0,1,1,5,6,2,39,7,1968,2,10,VOLKSWAGEN GOLF,1,E01011434,0,-1
2023440335983,2023,440335983,2,9,0,18,19,7,3,0,0,0,0,0,0,0,1,1,6,6,1,44,7,1598,2,5,VOLKSWAGEN GOLF,8,E01022468,0,-1
2023221363021,2023,221363021,3,9,0,18,19,5,1,0,0,0,0,0,0,0,1,1,5,6,1,22,5,1395,1,5,VOLKSWAGEN GOLF,9,W01000403,0,-1
2023131361693,2023,131361693,1,9,0,18,19,5,1,0,0,2,0,0,0,0,1,1,6,6,1,33,6,2000,2,19,VOLKSWAGEN GOLF,2,E01011034,0,-1
2023131316992,2023,131316992,2,9,0,18,19,6,2,0,0,8,0,0,0,0,3,1,5,6,1,28,6,1968,2,8,VOLKSWAGEN GOLF,8,E01011092,0,-1
2023231313406,2023,231313406,1,9,0,1,1,8,6,0,0,6,0,0,0,0,2,1,5,6,2,67,10,1498,1,2,VOLKSWAGEN GOLF,9,E01031184,0,-1
2023552300911,2023,552300911,2,9,0,18,19,2,8,0,0,8,0,0,0,0,3,1,2,2,1,64,9,1968,2,7,VOLKSWAGEN GOLF,7,E01020422,0,-1
2023401354049,2023,401354049,1,9,0,18,19,1,5,0,0,8,0,0,0,0,4,1,6,6,1,28,6,1598,1,16,VOLKSWAGEN GOLF,3,E01015731,0,-1
2023302300789,2023,302300789,1,9,0,18,19,4,8,0,0,4,2,9,0,0,1,1,6,6,1,24,5,1395,1,9,VOLKSWAGEN GOLF,8,E01019722,0,-1
2023545562123,2023,545562123,2,9,0,18,19,4,8,0,0,8,0,0,0,0,4,1,6,6,1,26,6,1598,2,12,VOLKSWAGEN GOLF,9,E01015501,0,-1
2023340WN4792,2023,340WN4792,2,9,0,4,4,1,5,0,0,0,0,0,0,0,2,1,2,2,2,46,8,1968,2,15,VOLKSWAGEN GOLF,2,E01027230,0,-1
2023451335527,2023,451335527,1,9,0,17,19,5,1,0,0,1,2,0,0,0,4,1,5,6,1,22,5,1598,1,16,VOLKSWAGEN GOLF,10,E01030891,0,-1
2023201448029,2023,201448029,1,9,0,5,5,8,2,0,0,8,0,0,0,0,1,1,6,6,2,75,10,1598,2,4,VOLKSWAGEN GOLF,4,E01010009,0,-1
2023201325291,2023,201325291,1,9,0,18,19,2,6,0,0,0,0,0,0,0,1,1,6,6,3,-1,-1,1984,1,4,VOLKSWAGEN GOLF,-1,-1,0,-1
2023552301235,2023,552301235,1,9,0,18,19,4,8,6,6,0,1,0,7,9,1,1,6,6,1,25,5,3189,1,17,VOLKSWAGEN GOLF,5,E01020444,0,-1
2023471298089,2023,471298089,2,9,0,17,19,5,2,0,0,8,0,0,0,0,3,1,6,6,2,31,6,1390,1,16,VOLKSWAGEN GOLF,2,E01021092,0,-1
2023010446695,2023,010446695,2,9,0,99,99,9,9,99,99,9,9,99,9,99,1,9,6,6,3,-1,-1,1197,1,9,VOLKSWAGEN GOLF,-1,-1,0,-1
2023471285915,2023,471285915,1,9,0,9,9,8,6,0,0,0,1,0,0,0,1,1,5,6,1,19,4,1600,2,13,VOLKSWAGEN GOLF,10,E01031640,0,-1
2023332300210,2023,332300210,1,9,0,18,19,8,4,0,0,0,5,0,2,11,1,1,6,6,1,-1,-1,2000,2,18,VOLKSWAGEN GOLF,-1,-1,0,-1
2023531312149,2023,531312149,1,9,0,18,19,8,4,0,0,4,0,0,0,0,1,1,5,6,2,26,6,1968,2,15,VOLKSWAGEN GOLF,10,E01022168,0,-1
2023041350716,2023,041350716,1,9,0,18,19,1,5,0,0,0,0,0,1,11,1,1,5,6,1,21,5,1984,1,9,VOLKSWAGEN GOLF,10,E01024977,0,-1
2023070151374,2023,070151374,1,9,0,9,9,4,8,0,0,8,0,0,0,0,3,1,6,6,2,41,7,2000,1,12,VOLKSWAGEN GOLF,9,E01018723,0,-1
2023610040023,2023,610040023,1,9,0,18,19,5,1,0,0,0,0,0,0,0,1,1,6,6,1,45,7,1598,2,11,VOLKSWAGEN GOLF,8,W01001505,0,-1
2023010453665,2023,010453665,4,9,0,13,13,7,3,0,0,0,0,4,0,0,1,1,6,6,1,20,4,1390,1,13,VOLKSWAGEN GOLF,-1,-1,0,-1
2023430067629,2023,430067629,2,9,0,1,1,8,4,0,0,2,5,0,0,0,2,1,6,6,2,65,9,1197,1,7,VOLKSWAGEN GOLF,8,E01028766,0,-1
2023361366555,2023,361366555,2,9,0,18,19,7,3,0,0,8,0,0,0,0,1,1,1,1,1,38,7,1598,2,9,VOLKSWAGEN GOLF,2,E01026802,0,-1
2023332300470,2023,332300470,2,9,0,9,9,1,7,0,0,6,0,0,0,0,1,1,6,6,1,-1,-1,1598,2,10,VOLKSWAGEN GOLF,2,E01009064,0,-1
2023010438187,2023,010438187,1,9,0,9,9,1,7,0,0,8,0,0,0,0,0,1,6,6,2,23,5,1390,1,14,VOLKSWAGEN GOLF,5,E01001556,0,-1
2023010447594,2023,010447594,1,9,0,5,5,2,6,0,0,1,0,0,0,0,1,1,6,6,1,64,9,1896,2,21,VOLKSWAGEN GOLF,3,E01002215,0,-1
2023522301279,2023,522301279,2,9,0,18,19,6,2,0,0,1,0,0,0,0,1,1,6,6,1,-1,-1,1598,1,16,VOLKSWAGEN GOLF,-1,-1,0,-1
2023031374682,2023,031374682,2,9,0,18,19,5,1,0,0,4,0,0,0,0,1,1,6,6,1,56,9,1968,2,12,VOLKSWAGEN GOLF,-1,-1,0,-1
2023031312385,2023,031312385,2,9,0,9,9,5,7,0,0,0,0,0,0,0,3,1,6,6,2,52,8,1395,1,6,VOLKSWAGEN GOLF,8,E01011414,0,-1
2023111340162,2023,111340162,1,9,0,5,5,3,5,0,0,4,0,0,0,0,1,1,6,6,2,46,8,1968,2,5,VOLKSWAGEN GOLF,4,E01012356,0,-1
2023461389966,2023,461389966,1,9,0,5,5,7,2,0,0,1,0,0,0,0,3,1,6,6,1,74,10,1600,2,13,VOLKSWAGEN GOLF,10,E01024825,0,-1
2023440427989,2023,440427989,2,9,0,17,19,5,2,0,0,0,0,0,0,0,3,1,1,1,1,62,9,1598,2,8,VOLKSWAGEN GOLF,6,E01022890,0,-1
2023141314250,2023,141314250,2,9,0,9,9,5,1,0,0,0,0,0,0,0,4,1,5,6,2,23,5,1598,2,6,VOLKSWAGEN GOLF,9,E01007380,0,-1
2023461337059,2023,461337059,2,9,0,-1,-1,-1,-1,-1,-1,0,-1,-1,-1,0,4,1,5,6,1,57,9,1498,1,4,VOLKSWAGEN GOLF,10,E01007937,0,-1
2023401320776,2023,401320776,1,9,0,18,19,8,4,0,0,0,0,0,0,0,1,1,6,6,1,24,5,1598,2,6,VOLKSWAGEN GOLF,6,W01000400,0,-1
2023010459702,2023,010459702,1,9,0,99,99,9,9,99,99,0,9,99,9,99,2,9,6,6,1,37,7,1390,1,14,VOLKSWAGEN GOLF,5,E01000038,0,-1
2023351350368,2023,351350368,1,9,0,4,4,2,6,0,0,0,0,0,0,0,1,1,2,2,2,20,4,1390,1,14,VOLKSWAGEN GOLF,8,E01017455,0,-1
2023161339092,2023,161339092,1,9,0,16,19,3,7,0,0,0,1,0,7,0,1,1,1,1,2,25,5,1395,8,6,VOLKSWAGEN GOLF,9,E01011209,0,-1
2023061284747,2023,061284747,2,9,-1,9,9,-1,-1,0,0,1,0,0,0,0,2,1,6,6,1,52,8,1984,1,26,VOLKSWAGEN GOLF,10,E01006103,0,-1
2023010429044,2023,010429044,2,9,0,99,99,9,9,99,99,9,9,99,9,99,9,9,6,6,3,-1,-1,1984,1,6,VOLKSWAGEN GOLF,5,E01000159,0,-1
2023311302476,2023,311302476,1,9,0,18,19,5,5,0,0,0,2,0,3,11,1,1,6,6,1,20,4,1984,1,4,VOLKSWAGEN GOLF,10,E01028199,0,-1
2023010475607,2023,010475607,1,9,0,2,2,0,0,0,0,0,0,10,0,0,1,1,6,6,3,-1,-1,1800,1,23,VOLKSWAGEN GOLF,-1,-1,0,-1
2023302300750,2023,302300750,1,9,0,17,19,8,5,0,0,0,0,0,0,0,3,1,2,2,1,25,5,1598,2,8,VOLKSWAGEN GOLF,3,E01007720,0,-1
2023122300338,2023,122300338,1,9,0,18,19,1,5,0,0,0,0,0,1,1,3,1,6,6,1,24,5,1984,1,4,VOLKSWAGEN GOLF,1,E01010627,0,-1
2023141354539,2023,141354539,2,9,0,2,2,0,0,0,0,1,0,0,0,0,3,1,1,1,1,44,7,1598,2,9,VOLKSWAGEN GOLF,1,E01007534,0,-1
2023311260919,2023,311260919,2,9,0,18,19,3,7,0,0,0,0,0,0,0,1,1,5,6,1,17,4,1390,1,12,VOLKSWAGEN GOLF,4,E01033404,0,-1
2023320558463,2023,320558463,1,9,0,7,7,4,8,0,0,2,0,0,7,0,3,1,6,6,2,74,10,1390,1,12,VOLKSWAGEN GOLF,2,E01026378,0,-1
2023131325536,2023,131325536,2,9,0,18,19,3,3,0,0,8,0,0,0,0,1,1,5,6,1,26,6,1968,2,15,VOLKSWAGEN GOLF,1,E01011430,0,-1
2023991262202,2023,991262202,1,9,0,16,19,2,6,0,0,0,1,0,1,11,1,1,5,6,1,25,5,1984,1,16,VOLKSWAGEN GOLF,5,-1,0,-1
2023031370003,2023,031370003,1,9,0,4,4,2,6,0,0,0,0,0,0,0,2,1,6,6,2,53,8,1498,1,1,VOLKSWAGEN GOLF,-1,-1,0,-1
2023430416130,2023,430416130,1,9,0,18,19,2,6,0,0,4,0,0,1,11,1,1,6,6,1,54,8,1598,2,11,VOLKSWAGEN GOLF,7,E01016680,0,-1
2023061260642,2023,061260642,1,9,0,18,19,8,4,0,0,2,5,6,0,0,3,1,1,1,1,33,6,1197,1,6,VOLKSWAGEN GOLF,3,E01005212,0,-1
2023520000618,2023,520000618,1,9,0,9,9,6,3,0,0,8,0,0,0,0,1,1,6,6,1,31,6,1968,2,15,VOLKSWAGEN GOLF,8,E01014745,0,-1
2023161335888,2023,161335888,2,9,0,5,5,3,7,0,0,1,0,0,0,0,1,1,6,6,1,20,4,1600,2,14,VOLKSWAGEN GOLF,-1,-1,0,-1
2023131291865,2023,131291865,2,9,0,18,19,7,3,0,0,2,0,0,0,0,1,1,6,6,1,20,4,1395,1,10,VOLKSWAGEN GOLF,1,E01010965,0,-1
2023010446970,2023,010446970,3,9,0,18,19,7,3,0,0,0,0,0,0,0,1,1,6,6,1,26,6,1395,1,6,VOLKSWAGEN GOLF,10,E01016426,0,-1
2023141309537,2023,141309537,1,9,0,18,19,7,3,0,0,1,1,10,1,7,4,1,5,6,1,26,6,2000,2,18,VOLKSWAGEN GOLF,1,E01008062,0,-1
2023440136657,2023,440136657,1,9,0,18,19,7,3,0,0,0,5,0,1,9,1,1,6,6,1,20,4,2000,1,14,VOLKSWAGEN GOLF,8,E01022591,0,-1
2023531301685,2023,531301685,2,9,0,18,19,1,5,0,0,0,1,0,1,4,3,1,3,7,2,49,8,1984,1,10,VOLKSWAGEN GOLF,6,E01022126,0,-1
2023131324735,2023,131324735,2,9,0,-1,-1,-1,-1,-1,-1,-1,-1,-1,-1,-1,-1,1,5,6,1,38,7,1984,1,7,VOLKSWAGEN GOLF,1,E01011484,0,-1
2023991291102,2023,991291102,2,9,0,18,19,2,6,0,0,1,0,0,0,0,1,1,5,6,1,26,6,1984,1,8,VOLKSWAGEN GOLF,1,-1,0,-1
2023031275795,2023,031275795,1,9,0,17,19,7,3,0,0,0,0,0,0,0,1,1,6,6,1,43,7,1984,1,2,VOLKSWAGEN GOLF,7,E01019214,0,-1
2023010433589,2023,010433589,1,9,0,6,6,3,3,0,0,2,1,0,0,0,4,1,6,6,2,72,10,1395,1,6,VOLKSWAGEN GOLF,7,E01001587,0,-1
2023430440478,2023,430440478,3,9,0,4,4,3,7,0,0,1,0,0,0,0,2,1,6,6,2,39,7,1498,1,3,VOLKSWAGEN GOLF,5,E01016487,0,-1
2023201287855,2023,201287855,1,9,0,5,5,6,2,0,0,1,2,10,1,3,1,1,6,6,1,-1,-1,1896,2,15,VOLKSWAGEN GOLF,-1,-1,0,-1
2023471392288,2023,471392288,3,9,0,10,10,6,2,0,0,1,0,0,0,0,2,1,5,6,1,69,10,1598,2,13,VOLKSWAGEN GOLF,6,E01031509,0,-1
2023302301627,2023,302301627,1,9,0,17,19,2,6,0,0,0,2,0,2,11,1,1,6,6,1,23,5,1984,1,13,VOLKSWAGEN GOLF,3,E01019776,0,-1
2023101260691,2023,101260691,1,9,0,18,19,6,2,0,0,0,0,7,1,0,1,1,5,6,1,26,6,1984,1,7,VOLKSWAGEN GOLF,-1,-1,0,-1
2023991286803,2023,991286803,2,9,0,12,12,6,2,0,0,1,0,0,0,0,1,1,6,6,2,24,5,1498,1,5,VOLKSWAGEN GOLF,6,-1,0,-1
2023061305155,2023,061305155,1,9,0,18,19,5,1,0,0,1,0,0,0,0,1,1,6,6,3,30,6,1984,1,5,VOLKSWAGEN GOLF,-1,-1,0,-1
2023351321267,2023,351321267,1,9,0,9,9,6,5,0,0,8,0,0,0,0,1,1,6,6,1,23,5,1598,2,12,VOLKSWAGEN GOLF,1,E01015664,0,-1
2023131393201,2023,131393201,1,9,0,17,19,1,7,0,0,0,0,0,0,0,3,1,5,6,1,18,4,1598,2,11,VOLKSWAGEN GOLF,2,E01010621,0,-1
2023311321709,2023,311321709,1,9,0,14,14,7,3,0,0,0,0,0,0,0,1,1,6,6,3,30,6,1598,2,11,VOLKSWAGEN GOLF,-1,-1,0,-1
2023010429945,2023,010429945,1,9,0,4,4,1,5,0,0,1,0,10,7,0,1,1,6,6,2,21,5,1395,1,5,VOLKSWAGEN GOLF,2,E01003305,0,-1
2023131312384,2023,131312384,1,9,0,-1,-1,-1,-1,-1,-1,8,-1,-1,-1,0,-1,1,6,6,3,33,6,1395,1,6,VOLKSWAGEN GOLF,-1,-1,0,-1
2023430542036,2023,430542036,1,9,0,18,19,8,4,0,0,0,0,0,0,0,3,1,6,6,1,34,6,1968,2,7,VOLKSWAGEN GOLF,5,E01016405,0,-1
2023991289142,2023,991289142,2,9,0,16,19,8,4,0,0,0,0,0,1,0,1,1,2,2,1,43,7,1968,2,6,VOLKSWAGEN GOLF,4,-1,0,-1
2023010469813,2023,010469813,2,9,0,99,99,9,9,99,99,9,9,99,9,99,9,9,6,6,3,34,6,1595,1,14,VOLKSWAGEN GOLF,3,E01001779,0,-1
2023201291600,2023,201291600,2,9,0,9,9,7,4,0,0,5,0,0,0,0,1,1,6,6,1,57,9,1197,1,11,VOLKSWAGEN GOLF,5,E01010159,0,-1
2023430032159,2023,430032159,5,9,0,18,19,8,4,0,0,0,0,0,0,0,1,1,6,6,1,47,8,1598,2,12,VOLKSWAGEN GOLF,7,E01028438,0,-1
2023471305817,2023,471305817,1,9,0,18,19,5,1,0,0,2,0,0,0,0,4,1,2,2,2,64,9,1395,1,6,VOLKSWAGEN GOLF,6,E01031479,0,-1
2023440083317,2023,440083317,1,9,0,3,3,4,8,0,0,1,0,0,0,0,2,1,6,6,2,26,6,1968,2,16,VOLKSWAGEN GOLF,5,E01017095,0,-1
2023231325211,2023,231325211,2,9,0,5,5,8,4,0,0,6,0,0,0,0,1,1,5,6,1,24,5,1968,2,14,VOLKSWAGEN GOLF,7,E01031166,0,-1
2023010449773,2023,010449773,2,9,0,18,19,5,1,0,0,0,0,0,0,0,1,1,6,6,3,37,7,1984,1,5,VOLKSWAGEN GOLF,1,E01001857,0,-1
2023041333719,2023,041333719,2,9,0,18,19,5,1,0,0,0,0,0,0,0,1,1,5,6,1,42,7,1984,1,7,VOLKSWAGEN GOLF,7,E01025164,0,-1
2023501350211,2023,501350211,3,9,0,2,2,7,8,0,0,2,0,0,0,0,3,1,2,2,1,31,6,1896,2,15,VOLKSWAGEN GOLF,7,E01018970,0,-1
2023991298064,2023,991298064,2,9,0,5,5,2,6,8,6,1,0,8,0,0,1,1,6,6,1,28,6,1896,2,16,VOLKSWAGEN GOLF,2,-1,0,-1
2023201384449,2023,201384449,2,9,0,18,19,2,6,0,0,8,0,0,0,0,3,1,6,6,1,19,4,1598,2,10,VOLKSWAGEN GOLF,3,E01008890,0,-1
2023010440249,2023,010440249,1,9,0,6,6,7,7,0,0,1,0,0,0,0,3,1,6,6,1,29,6,1395,1,10,VOLKSWAGEN GOLF,-1,-1,0,-1
2023010462585,2023,010462585,2,9,0,2,2,0,0,0,0,1,0,0,0,0,2,1,6,6,3,-1,-1,1395,1,10,VOLKSWAGEN GOLF,-1,-1,0,-1
2023070057567,2023,070057567,1,9,0,14,14,4,8,0,0,1,0,0,0,0,3,1,6,6,1,26,6,1968,2,10,VOLKSWAGEN GOLF,2,E01014302,0,-1
2023461279144,2023,461279144,2,9,0,18,19,3,7,0,0,0,1,0,0,0,3,1,6,6,1,23,5,1600,2,13,VOLKSWAGEN GOLF,8,E01024545,0,-1
2023311362304,2023,311362304,2,9,0,18,19,6,3,0,0,0,0,0,0,0,2,1,6,6,1,62,9,1968,2,9,VOLKSWAGEN GOLF,3,E01027991,0,-1
2023471280892,2023,471280892,2,9,0,18,19,1,5,0,0,0,0,0,0,0,4,1,2,2,1,22,5,1498,1,3,VOLKSWAGEN GOLF,10,E01031578,0,-1
2023201284345,2023,201284345,1,9,0,9,9,2,8,0,0,6,1,0,0,0,3,1,2,2,1,25,5,1598,2,8,VOLKSWAGEN GOLF,5,E01009244,0,-1
2023440275575,2023,440275575,2,9,0,18,19,1,5,0,0,1,0,0,0,0,1,1,6,6,1,46,8,1395,1,7,VOLKSWAGEN GOLF,5,E01004492,0,-1
2023991295129,2023,991295129,2,9,0,2,2,0,0,0,0,2,0,4,0,0,2,1,6,6,3,-1,-1,1598,2,11,VOLKSWAGEN GOLF,-1,-1,0,-1
2023411364199,2023,411364199,2,9,0,4,4,5,1,0,0,0,0,0,0,0,2,1,6,6,2,37,7,1395,1,6,VOLKSWAGEN GOLF,9,E01023680,0,-1
2023010455916,2023,010455916,1,9,0,99,99,9,9,99,99,0,9,99,9,99,2,9,6,6,1,35,6,1598,2,6,VOLKSWAGEN GOLF,3,E01000644,0,-1
2023520400562,2023,520400562,1,9,0,16,19,1,5,0,0,0,2,0,7,0,1,1,6,6,1,22,5,1390,1,14,VOLKSWAGEN GOLF,7,E01029199,0,-1
2023010427724,2023,010427724,1,9,0,99,99,9,9,99,99,9,9,99,9,99,9,9,6,6,3,21,5,1390,1,13,VOLKSWAGEN GOLF,1,E01004222,0,-1
2023010476259,2023,010476259,2,9,9,99,99,9,9,99,99,9,9,99,9,99,9,9,6,6,3,-1,-1,1390,1,13,VOLKSWAGEN GOLF,-1,-1,0,-1
2023320572745,2023,320572745,2,9,0,18,19,1,5,0,0,8,0,0,0,0,1,1,6,6,1,68,10,1598,2,8,VOLKSWAGEN GOLF,10,E01013068,0,-1
2023010455205,2023,010455205,2,9,0,99,99,9,9,99,99,0,9,99,9,99,1,9,6,6,3,-1,-1,1190,1,13,VOLKSWAGEN GOLF,3,E01003723,0,-1
2023440298767,2023,440298767,2,9,0,18,19,6,2,0,0,0,0,0,0,0,1,1,6,6,1,-1,-1,2000,2,18,VOLKSWAGEN GOLF,10,E01032616,0,-1
2023332301003,2023,332301003,1,9,0,9,9,2,8,0,0,6,0,0,0,0,1,1,6,6,1,19,4,1968,2,16,VOLKSWAGEN GOLF,9,E01013544,0,-1
2023010426729,2023,010426729,3,9,0,18,19,3,7,0,0,1,0,0,0,0,3,1,6,6,1,40,7,1498,1,3,VOLKSWAGEN GOLF,8,E01000426,0,-1
2023340WN3702,2023,340WN3702,1,9,0,18,19,5,1,0,0,1,0,0,1,11,4,1,2,2,1,32,6,1896,2,15,VOLKSWAGEN GOLF,3,E01027152,0,-1
2023041375388,2023,041375388,2,9,0,18,19,5,1,0,0,8,0,0,0,0,1,1,5,6,1,21,5,1600,2,14,VOLKSWAGEN GOLF,2,E01025244,0,-1
2023010464814,2023,010464814,1,9,0,5,5,3,7,0,0,0,0,0,0,0,1,1,6,6,1,34,6,3200,1,16,VOLKSWAGEN GOLF,3,E01001436,0,-1
2023131348655,2023,131348655,1,9,0,7,7,5,3,0,0,6,0,0,0,0,4,1,6,6,3,-1,-1,1598,2,10,VOLKSWAGEN GOLF,-1,-1,0,-1
2023041314631,2023,041314631,2,9,0,18,19,5,1,0,0,1,0,0,1,7,1,1,5,6,1,21,5,1598,2,9,VOLKSWAGEN GOLF,9,E01024901,0,-1
2023361309823,2023,361309823,2,9,0,7,7,7,6,0,0,0,0,0,0,0,2,1,6,6,1,28,6,1395,1,6,VOLKSWAGEN GOLF,8,E01026490,0,-1
2023440083306,2023,440083306,2,9,0,18,19,4,8,0,0,0,0,0,0,0,1,1,6,6,1,30,6,1390,1,12,VOLKSWAGEN GOLF,8,E01022472,0,-1
2023010449597,2023,010449597,2,9,0,2,2,0,0,0,0,8,0,0,0,0,2,1,6,6,3,-1,-1,2324,1,22,VOLKSWAGEN GOLF,-1,-1,0,-1
2023351271964,2023,351271964,1,9,0,7,7,6,8,0,0,0,0,0,0,0,1,1,5,6,1,18,4,1968,2,16,VOLKSWAGEN GOLF,1,E01015664,0,-1
2023540453323,2023,540453323,1,9,0,18,19,4,8,0,0,0,1,0,2,7,1,1,6,6,1,32,6,1984,1,4,VOLKSWAGEN GOLF,4,E01016325,0,-1
2023461282099,2023,461282099,1,9,0,18,19,5,1,0,0,0,0,0,1,3,1,1,5,6,1,34,6,1896,2,20,VOLKSWAGEN GOLF,5,E01024198,0,-1
2023010485846,2023,010485846,1,9,0,99,99,9,9,99,99,9,9,99,9,99,1,9,6,6,3,-1,-1,1984,1,3,VOLKSWAGEN GOLF,3,E01004408,0,-1
2023061371902,2023,061371902,1,9,0,18,19,3,7,0,0,0,0,0,0,0,1,2,6,6,3,-1,-1,1968,2,2,VOLKSWAGEN GOLF,-1,-1,0,-1