collision_index,collision_year,collision_ref_no,vehicle_reference,vehicle_type,towing_and_articulation,vehicle_manoeuvre_historic,vehicle_manoeuvre,vehicle_direction_from,vehicle_direction_to,vehicle_location_restricted_lane_historic,vehicle_location_restricted_lane,junction_location,skidding_and_overturning,hit_object_in_carriageway,vehicle_leaving_carriageway,hit_object_off_carriageway,first_point_of_impact,vehicle_left_hand_drive,journey_purpose_of_driver_historic,journey_purpose_of_driver,sex_of_driver,age_of_driver,age_band_of_driver,engine_capacity_cc,propulsion_code,age_of_vehicle,generic_make_model,driver_imd_decile,lsoa_of_driver,escooter_flag,driver_distance_banding
2023201439357,2023,201439357,1,9,0,16,19,4,6,0,0,4,1,0,0,0,1,1,6,6,1,22,5,999,1,7,VOLKSWAGEN GOLF,1,E01009327,0,-1
2023440144244,2023,440144244,2,9,0,18,19,1,5,0,0,1,0,0,0,0,1,1,6,6,1,70,10,1896,2,14,VOLKSWAGEN GOLF,9,E01022859,0,-1
2023122300775,2023,122300775,1,9,0,3,3,8,4,0,0,0,0,0,0,0,4,1,6,6,3,46,8,1598,2,13,VOLKSWAGEN GOLF,7,E01013345,0,-1
2023131338990,2023,131338990,1,9,0,3,3,5,1,0,0,1,0,0,0,0,2,1,6,6,2,31,6,1498,8,0,VOLKSWAGEN GOLF,1,E01011423,0,-1
2023501388254,2023,501388254,1,9,0,18,19,6,2,0,0,0,0,0,2,11,1,1,6,6,1,53,8,1498,1,0,VOLKSWAGEN GOLF,5,E01020342,0,-1
2023041349197,2023,041349197,2,9,0,18,19,1,1,0,0,1,0,0,0,0,2,1,5,6,1,17,4,1600,2,13,VOLKSWAGEN GOLF,7,E01024985,0,-1
2023010420212,2023,010420212,2,9,0,99,99,9,9,99,99,9,9,99,9,99,1,9,6,6,3,-1,-1,1984,1,21,VOLKSWAGEN GOLF,-1,-1,0,-1
2023122301394,2023,122301394,1,9,0,7,7,1,7,0,0,6,0,0,0,0,1,1,6,6,1,37,7,1968,2,10,VOLKSWAGEN GOLF,5,E01027590,0,-1
2023520300512,2023,520300512,1,9,0,16,19,6,2,0,0,0,0,4,0,0,1,1,6,6,1,34,6,1984,1,20,VOLKSWAGEN GOLF,-1,-1,0,-1
2023631307390,2023,631307390,1,9,0,18,19,7,3,0,0,6,0,0,0,0,3,1,5,6,1,62,9,1984,1,5,VOLKSWAGEN GOLF,9,W01000549,0,-1
2023010459621,2023,010459621,2,9,0,99,99,9,9,99,99,9,9,99,9,99,3,9,6,6,3,-1,-1,999,1,7,VOLKSWAGEN GOLF,4,E01004221,0,-1
2023461366822,2023,461366822,2,9,0,18,19,3,7,0,0,2,0,0,0,0,4,1,6,6,1,40,7,1395,1,7,VOLKSWAGEN GOLF,1,E01024661,0,-1
2023161386359,2023,161386359,2,9,0,18,19,2,6,0,0,0,0,0,0,0,1,1,5,6,1,71,10,1598,1,16,VOLKSWAGEN GOLF,4,E01013050,0,-1
2023010465526,2023,010465526,2,9,0,99,99,9,9,99,99,9,9,99,9,99,1,9,6,6,3,-1,-1,1390,1,12,VOLKSWAGEN GOLF,-1,-1,0,-1
2023411383957,2023,411383957,2,9,0,9,9,5,3,0,0,4,0,0,0,0,1,1,1,1,1,20,4,1390,1,14,VOLKSWAGEN GOLF,6,E01015778,0,-1
2023010429708,2023,010429708,2,9,0,4,4,5,1,0,0,1,0,0,0,0,1,1,6,6,2,21,5,1390,1,14,VOLKSWAGEN GOLF,6,E01001494,0,-1
2023010452290,2023,010452290,1,9,0,18,19,7,3,0,0,1,0,0,0,0,3,1,6,6,1,-1,-1,1390,1,17,VOLKSWAGEN GOLF,3,E01001832,0,-1
2023131293546,2023,131293546,2,9,0,17,19,7,3,0,0,1,0,0,0,0,2,1,6,6,2,27,6,1968,2,9,VOLKSWAGEN GOLF,1,E01010842,0,-1
2023211344304,2023,211344304,2,9,-1,-1,-1,-1,-1,-1,-1,0,-1,-1,-1,0,-1,1,6,6,2,53,8,1598,2,6,VOLKSWAGEN GOLF,1,E01018445,0,-1
2023451335506,2023,451335506,1,9,0,18,19,1,5,0,0,0,0,0,0,0,1,1,6,6,3,45,7,1968,2,10,VOLKSWAGEN GOLF,-1,-1,0,-1
2023010468023,2023,010468023,3,9,0,18,19,2,6,0,0,1,1,0,0,0,4,1,6,6,1,19,4,1395,8,2,VOLKSWAGEN GOLF,3,E01004270,0,-1
2023351370192,2023,351370192,1,9,0,18,19,2,6,0,0,6,0,0,0,0,1,1,5,6,2,22,5,2000,1,17,VOLKSWAGEN GOLF,9,E01018154,0,-1
2023141360487,2023,141360487,2,9,0,18,19,4,8,0,0,1,0,0,0,0,1,1,5,6,1,23,5,1984,1,5,VOLKSWAGEN GOLF,6,E01007554,0,-1
2023131330347,2023,131330347,2,9,0,-1,-1,-1,-1,-1,-1,0,-1,-1,-1,0,-1,1,6,6,2,42,7,1781,1,23,VOLKSWAGEN GOLF,7,E01011591,0,-1
2023201279598,2023,201279598,1,9,0,4,4,6,2,0,0,1,1,0,0,0,1,1,2,2,2,18,4,999,1,1,VOLKSWAGEN GOLF,9,E01032142,0,-1
2023070213344,2023,070213344,1,9,0,5,5,6,3,0,0,6,0,0,0,0,1,1,6,6,1,-1,-1,1390,1,20,VOLKSWAGEN GOLF,3,E01018715,0,-1
2023430397826,2023,430397826,1,9,0,7,7,1,3,0,0,8,0,0,0,0,3,1,6,6,1,25,5,1598,2,7,VOLKSWAGEN GOLF,2,E01027151,0,-1
2023010442938,2023,010442938,2,9,0,9,9,3,8,0,0,6,0,0,0,0,2,1,6,6,2,62,9,1498,1,3,VOLKSWAGEN GOLF,7,E01000650,0,-1
2023302301536,2023,302301536,2,9,0,18,19,8,4,0,0,8,0,0,0,0,1,1,6,6,1,26,6,1896,2,15,VOLKSWAGEN GOLF,5,E01019611,0,-1
2023201304307,2023,201304307,1,9,0,18,19,3,5,0,0,1,0,0,0,0,4,1,6,6,1,30,6,1598,2,11,VOLKSWAGEN GOLF,1,E01009081,0,-1
2023201444637,2023,201444637,1,9,0,18,19,4,1,0,0,8,0,0,0,0,4,1,6,6,1,58,9,1395,1,8,VOLKSWAGEN GOLF,4,E01003148,0,-1
2023351359410,2023,351359410,1,9,0,18,19,7,3,0,0,0,5,11,1,1,1,1,1,1,1,60,9,1984,1,7,VOLKSWAGEN GOLF,3,E01027041,0,-1
2023061341476,2023,061341476,1,9,0,7,7,4,5,0,0,0,1,10,0,0,1,1,5,6,3,-1,-1,1968,2,8,VOLKSWAGEN GOLF,-1,-1,0,-1
2023302301273,2023,302301273,1,9,0,5,5,3,1,0,0,1,0,0,0,0,1,1,6,6,3,-1,-1,1498,1,3,VOLKSWAGEN GOLF,5,E01019456,0,-1
2023552400180,2023,552400180,1,9,0,17,19,4,1,0,0,2,1,0,1,4,1,1,6,6,2,25,5,1598,2,11,VOLKSWAGEN GOLF,8,E01020416,0,-1
2023141332539,2023,141332539,2,9,0,7,7,2,4,0,0,1,0,0,3,0,1,1,2,2,2,23,5,1598,2,10,VOLKSWAGEN GOLF,3,E01007680,0,-1
2023440436586,2023,440436586,1,9,0,18,19,3,7,0,0,0,0,0,0,0,1,1,2,2,1,32,6,1395,1,10,VOLKSWAGEN GOLF,9,E01032860,0,-1
2023332300191,2023,332300191,1,9,0,18,19,3,7,0,0,1,0,0,1,0,3,1,6,6,1,37,7,1390,1,13,VOLKSWAGEN GOLF,3,E01030017,0,-1
2023141367103,2023,141367103,1,9,0,9,9,4,1,0,0,5,0,0,0,0,4,1,5,6,1,51,8,1390,1,17,VOLKSWAGEN GOLF,2,E01033270,0,-1
2023131290149,2023,131290149,2,9,0,2,2,0,0,0,0,8,0,0,0,0,2,1,6,6,2,23,5,1900,2,17,VOLKSWAGEN GOLF,6,E01027560,0,-1
2023161295641,2023,161295641,1,9,0,7,7,5,7,0,0,8,0,0,0,0,1,1,6,6,2,-1,-1,1598,1,17,VOLKSWAGEN GOLF,2,E01013206,0,-1
2023141322970,2023,141322970,2,9,0,18,19,7,3,0,0,8,1,0,7,0,1,1,6,6,1,32,6,1896,2,21,VOLKSWAGEN GOLF,3,E01007774,0,-1
2023631337644,2023,631337644,1,9,0,18,19,8,4,0,0,0,0,0,0,0,3,1,2,2,1,43,7,1781,1,20,VOLKSWAGEN GOLF,6,W01000502,0,-1
2023451329616,2023,451329616,1,9,0,18,19,7,3,0,0,0,0,0,0,0,2,1,5,6,1,48,8,1984,1,9,VOLKSWAGEN GOLF,10,E01030939,0,-1
2023471345584,2023,471345584,2,9,0,17,19,6,4,0,0,1,0,0,0,0,1,1,5,6,1,28,6,1498,1,2,VOLKSWAGEN GOLF,10,E01031703,0,-1
2023010469100,2023,010469100,1,9,0,99,99,9,9,99,99,9,9,99,9,99,2,9,6,6,1,25,5,1390,1,15,VOLKSWAGEN GOLF,1,E01004236,0,-1
2023221287438,2023,221287438,1,9,0,18,19,1,5,0,0,0,0,10,7,2,1,1,5,6,2,33,6,1390,1,14,VOLKSWAGEN GOLF,7,E01010317,0,-1
2023211285017,2023,211285017,2,9,0,16,19,1,8,0,0,0,1,0,0,0,1,1,2,2,2,29,6,2000,2,19,VOLKSWAGEN GOLF,4,E01029646,0,-1
2023421350595,2023,421350595,1,9,0,18,19,7,3,0,0,0,0,0,0,0,4,1,6,6,1,52,8,1968,2,6,VOLKSWAGEN GOLF,4,E01016097,0,-1
2023501347603,2023,501347603,2,9,0,17,19,1,4,0,0,8,1,9,7,0,2,1,2,2,2,34,6,1598,1,16,VOLKSWAGEN GOLF,5,E01020068,0,-1
2023430272933,2023,430272933,2,9,0,18,19,6,1,0,0,0,0,0,0,0,2,1,6,6,1,30,6,1390,1,12,VOLKSWAGEN GOLF,8,E01022390,0,-1
2023010454573,2023,010454573,2,9,0,99,99,9,9,99,99,0,9,99,9,99,9,9,6,6,3,-1,-1,1395,1,10,VOLKSWAGEN GOLF,-1,-1,0,-1
2023201333463,2023,201333463,2,9,0,18,19,2,6,0,0,0,0,0,0,0,2,1,6,6,1,25,5,1395,1,6,VOLKSWAGEN GOLF,5,E01031266,0,-1
2023131299993,2023,131299993,2,9,0,18,19,2,6,0,0,5,0,0,0,0,3,1,6,6,1,29,6,1968,2,6,VOLKSWAGEN GOLF,4,E01010763,0,-1
2023010476158,2023,010476158,1,9,0,16,19,1,5,0,0,0,0,4,0,0,1,1,6,6,1,27,6,1984,1,16,VOLKSWAGEN GOLF,3,E01003572,0,-1
2023131363994,2023,131363994,1,9,0,18,19,5,5,0,0,8,0,0,1,0,1,1,6,6,1,23,5,1984,1,15,VOLKSWAGEN GOLF,6,E01011802,0,-1
2023061388069,2023,061388069,1,9,-1,-1,-1,-1,-1,-1,-1,-1,-1,-1,-1,0,-1,1,6,6,1,-1,-1,1598,2,12,VOLKSWAGEN GOLF,-1,-1,0,-1
2023010462440,2023,010462440,1,9,0,5,5,3,7,0,0,8,0,0,0,0,4,1,6,6,2,28,6,999,1,6,VOLKSWAGEN GOLF,2,E01003966,0,-1
2023101266383,2023,101266383,1,9,0,4,4,1,5,0,0,0,0,0,1,0,2,1,5,6,1,17,4,1968,2,10,VOLKSWAGEN GOLF,3,E01027423,0,-1
2023010454045,2023,010454045,4,9,0,2,2,0,0,0,0,2,0,0,0,0,4,1,6,6,3,-1,-1,1598,2,11,VOLKSWAGEN GOLF,-1,-1,0,-1
2023101269312,2023,101269312,1,9,0,7,7,3,5,9,9,0,1,7,3,0,1,1,6,6,3,-1,-1,1968,2,10,VOLKSWAGEN GOLF,-1,-1,0,-1
2023991269836,2023,991269836,1,9,0,17,19,4,8,0,0,0,5,0,1,10,1,1,6,6,2,75,10,1395,8,5,VOLKSWAGEN GOLF,5,-1,0,-1
2023010434442,2023,010434442,2,9,0,99,99,9,9,99,99,9,9,99,9,99,1,9,6,6,3,17,4,1984,1,11,VOLKSWAGEN GOLF,4,E01003718,0,-1
2023201415363,2023,201415363,1,9,0,18,19,6,2,0,0,8,0,0,0,0,1,1,6,6,1,51,8,1197,1,11,VOLKSWAGEN GOLF,4,E01010426,0,-1
2023522300631,2023,522300631,2,9,0,3,3,3,7,0,0,0,0,0,0,0,1,1,6,6,1,-1,-1,1395,1,6,VOLKSWAGEN GOLF,5,E01014961,0,-1
2023161277160,2023,161277160,2,9,0,11,11,5,1,0,0,2,0,0,0,0,4,1,6,6,1,31,6,1968,2,16,VOLKSWAGEN GOLF,-1,-1,0,-1
2023461311262,2023,461311262,1,9,0,16,19,1,5,0,0,0,1,0,0,0,1,1,6,6,3,-1,-1,1598,2,7,VOLKSWAGEN GOLF,-1,-1,0,-1
2023041353768,2023,041353768,2,9,0,2,2,5,1,0,0,1,0,0,0,0,3,1,1,1,1,38,7,1968,2,13,VOLKSWAGEN GOLF,3,E01025246,0,-1
2023041389194,2023,041389194,1,9,0,18,19,7,3,0,0,0,0,0,0,0,3,1,6,6,3,-1,-1,1968,2,14,VOLKSWAGEN GOLF,-1,-1,0,-1
2023201276964,2023,201276964,1,9,0,14,14,3,7,0,0,0,0,10,1,11,1,1,6,6,1,-1,-1,1395,1,7,VOLKSWAGEN GOLF,-1,-1,0,-1
2023544159423,2023,544159423,1,9,0,7,7,7,1,0,0,1,0,0,0,0,1,1,6,6,1,21,5,1598,1,17,VOLKSWAGEN GOLF,4,E01015475,0,-1
2023361339797,2023,361339797,1,9,0,18,19,1,5,0,0,0,0,0,0,0,1,1,6,6,3,-1,-1,1896,2,21,VOLKSWAGEN GOLF,-1,-1,0,-1
2023531339622,2023,531339622,2,9,0,18,19,7,3,0,0,0,0,0,0,0,1,1,5,6,1,80,11,1498,8,3,VOLKSWAGEN GOLF,8,E01022413,0,-1
2023549546523,2023,549546523,1,9,0,3,3,3,8,0,0,6,0,0,3,0,3,1,6,6,1,35,6,1395,1,9,VOLKSWAGEN GOLF,6,E01000304,0,-1
2023430339671,2023,430339671,1,9,0,18,19,8,4,0,0,0,0,0,1,0,3,1,6,6,2,63,9,1598,2,10,VOLKSWAGEN GOLF,6,E01021117,0,-1
2023131291986,2023,131291986,1,9,0,5,5,8,4,0,0,0,1,0,0,0,1,1,1,1,2,22,5,1968,2,10,VOLKSWAGEN GOLF,2,E01010916,0,-1
2023421361275,2023,421361275,1,9,0,18,19,2,6,0,0,1,0,0,0,0,1,1,6,6,1,21,5,1896,2,15,VOLKSWAGEN GOLF,3,E01021631,0,-1
2023131357954,2023,131357954,1,9,0,5,5,7,3,0,0,8,0,0,0,0,1,1,6,6,3,-1,-1,1598,2,9,VOLKSWAGEN GOLF,-1,-1,0,-1
2023131308455,2023,131308455,1,9,0,9,9,2,3,0,0,0,5,7,0,0,1,1,2,2,1,32,6,1600,2,14,VOLKSWAGEN GOLF,1,E01011134,0,-1
2023010450807,2023,010450807,1,9,0,18,19,6,2,0,0,0,0,0,0,0,1,1,2,2,1,28,6,1390,1,19,VOLKSWAGEN GOLF,2,E01001056,0,-1
2023131267612,2023,131267612,2,9,0,5,5,1,5,9,9,0,0,0,1,0,4,1,5,6,1,29,6,1968,2,10,VOLKSWAGEN GOLF,4,E01011634,0,-1
2023070733769,2023,070733769,1,9,0,9,9,5,3,0,0,2,0,0,0,0,1,1,6,6,2,34,6,1598,2,8,VOLKSWAGEN GOLF,2,E01033302,0,-1
2023522300481,2023,522300481,1,9,0,18,19,7,3,0,0,1,0,0,0,0,2,1,6,6,1,39,7,1896,2,22,VOLKSWAGEN GOLF,6,E01014984,0,-1
2023052302048,2023,052302048,2,9,0,18,19,7,8,0,0,1,1,0,4,0,1,1,6,6,1,22,5,1598,2,5,VOLKSWAGEN GOLF,1,E01006560,0,-1
2023010476432,2023,010476432,2,9,0,99,99,9,9,99,99,9,9,99,9,99,9,9,6,6,3,-1,-1,1498,1,3,VOLKSWAGEN GOLF,-1,-1,0,-1
2023061370464,2023,061370464,1,9,0,9,9,4,2,0,0,8,0,0,0,0,1,1,5,6,1,21,5,1984,1,8,VOLKSWAGEN GOLF,2,E01005233,0,-1
2023421387685,2023,421387685,1,9,0,18,19,2,5,0,0,0,0,0,1,0,1,1,6,6,1,51,8,1984,1,5,VOLKSWAGEN GOLF,3,E01021245,0,-1
2023201297998,2023,201297998,2,9,0,3,3,3,7,0,0,8,0,0,0,0,1,1,6,6,2,44,7,1598,2,7,VOLKSWAGEN GOLF,1,E01010452,0,-1
2023451318752,2023,451318752,1,9,0,9,9,5,1,0,0,1,0,0,0,0,4,1,5,6,1,20,4,1598,2,12,VOLKSWAGEN GOLF,10,E01030770,0,-1
2023401290024,2023,401290024,2,9,0,18,19,8,4,0,0,0,0,0,0,0,1,1,5,6,1,-1,-1,1395,1,8,VOLKSWAGEN GOLF,2,E01015749,0,-1
2023471276245,2023,471276245,1,9,0,18,19,1,5,0,0,8,1,0,0,0,1,1,5,6,1,34,6,1984,1,7,VOLKSWAGEN GOLF,10,E01020940,0,-1
2023131348204,2023,131348204,1,9,0,18,19,5,1,0,0,2,0,4,0,0,1,2,6,6,1,20,4,1968,2,5,VOLKSWAGEN GOLF,1,E01010618,0,-1
2023440329037,2023,440329037,2,9,0,18,19,5,1,0,0,8,0,0,0,0,1,1,2,2,2,28,6,1900,2,18,VOLKSWAGEN GOLF,6,E01023140,0,-1
2023010423156,2023,010423156,2,9,0,99,99,9,9,99,99,9,9,99,9,99,1,9,6,6,3,-1,-1,1598,1,17,VOLKSWAGEN GOLF,-1,-1,0,-1
2023061307806,2023,061307806,1,9,-1,-1,-1,-1,-1,-1,-1,-1,-1,-1,-1,0,-1,1,6,6,1,-1,-1,2000,1,16,VOLKSWAGEN GOLF,-1,-1,0,-1
2023501338721,2023,501338721,2,9,0,18,19,8,4,0,0,1,0,0,0,0,1,1,5,6,2,52,8,1395,1,8,VOLKSWAGEN GOLF,9,E01019896,0,-1
2023071090690,2023,071090690,1,9,0,18,19,4,8,0,0,0,0,0,0,0,1,1,2,2,1,23,5,1984,1,5,VOLKSWAGEN GOLF,10,E01018518,0,-1
2023201339414,2023,201339414,1,9,0,5,5,6,2,0,0,0,0,0,0,0,1,1,6,6,1,34,6,1598,2,11,VOLKSWAGEN GOLF,1,E01009637,0,-1
2023010435243,2023,010435243,2,9,0,18,19,3,7,0,0,1,0,0,0,0,1,1,6,6,1,18,4,1390,1,13,VOLKSWAGEN GOLF,9,E01002242,0,-1
2023141356686,2023,141356686,1,9,0,18,19,3,7,0,0,1,5,4,0,0,3,1,5,6,1,48,8,1600,1,18,VOLKSWAGEN GOLF,7,E01007973,0,-1
2023010478354,2023,010478354,1,9,0,18,19,7,3,0,0,8,0,0,0,0,2,1,1,1,2,32,6,1395,1,6,VOLKSWAGEN GOLF,7,E01030858,0,-1
2023501375932,2023,501375932,2,9,0,18,19,1,5,0,0,0,1,4,1,10,3,1,2,2,1,28,6,2000,1,17,VOLKSWAGEN GOLF,3,E01020282,0,-1
2023302300467,2023,302300467,1,9,0,18,19,2,6,0,0,0,0,0,0,0,4,1,6,6,2,42,7,1896,2,16,VOLKSWAGEN GOLF,2,E01013571,0,-1
2023122301354,2023,122301354,2,9,0,18,19,1,5,0,0,0,0,0,0,0,4,1,6,6,1,25,5,1984,1,7,VOLKSWAGEN GOLF,1,E01012928,0,-1
2023041381706,2023,041381706,1,9,0,11,11,1,5,0,0,0,0,0,0,0,4,1,5,6,1,36,7,1598,2,13,VOLKSWAGEN GOLF,1,E01012577,0,-1
2023430493414,2023,430493414,1,9,0,4,4,4,8,0,0,1,0,0,0,0,2,1,2,2,2,28,6,1968,2,7,VOLKSWAGEN GOLF,9,E01023674,0,-1
2023351369020,2023,351369020,1,9,0,18,19,7,3,0,0,1,0,0,0,0,1,1,6,6,1,-1,-1,1598,2,11,VOLKSWAGEN GOLF,8,E01015589,0,-1
2023122300907,2023,122300907,1,9,0,13,13,4,8,0,0,1,0,0,0,0,1,1,6,6,2,60,9,1598,2,7,VOLKSWAGEN GOLF,7,E01027646,0,-1
2023461313230,2023,461313230,1,9,0,5,5,5,1,0,0,2,0,0,0,0,1,1,5,6,1,30,6,1390,1,14,VOLKSWAGEN GOLF,1,E01024257,0,-1
2023061267218,2023,061267218,1,9,-1,-1,-1,-1,-1,-1,-1,-1,-1,-1,-1,0,-1,1,6,6,3,-1,-1,1598,2,12,VOLKSWAGEN GOLF,-1,-1,0,-1
2023461288099,2023,461288099,1,9,0,18,19,1,5,0,0,0,1,0,0,0,3,1,5,6,1,19,4,1598,2,9,VOLKSWAGEN GOLF,4,E01024444,0,-1
2023131315209,2023,131315209,1,9,0,18,19,3,7,0,0,0,0,0,7,0,3,1,5,6,1,75,10,1395,1,6,VOLKSWAGEN GOLF,6,E01011802,0,-1
2023141291466,2023,141291466,3,9,0,3,3,7,3,0,0,6,0,0,0,0,3,1,6,6,1,65,9,1598,2,8,VOLKSWAGEN GOLF,1,E01007943,0,-1
2023311383648,2023,311383648,1,9,0,18,19,8,4,0,0,1,0,0,0,0,4,1,2,2,1,21,5,1896,2,20,VOLKSWAGEN GOLF,3,E01028259,0,-1
2023221386879,2023,221386879,1,9,0,18,19,3,7,0,0,8,5,7,0,0,1,1,5,6,1,29,6,2000,2,18,VOLKSWAGEN GOLF,5,E01014084,0,-1
2023211273470,2023,211273470,1,9,0,16,19,1,5,0,0,0,0,0,0,0,1,1,5,6,1,23,5,1984,1,16,VOLKSWAGEN GOLF,5,E01014239,0,-1
2023361334500,2023,361334500,1,9,0,18,19,8,4,0,0,1,1,0,0,0,1,1,6,6,1,34,6,1896,2,16,VOLKSWAGEN GOLF,3,E01026817,0,-1
2023141317068,2023,141317068,1,9,0,5,5,7,3,0,0,2,0,0,0,0,4,1,5,6,1,18,4,1390,1,14,VOLKSWAGEN GOLF,10,E01007928,0,-1
2023010420032,2023,010420032,1,9,0,9,9,3,1,0,0,0,0,0,0,0,1,1,6,6,1,32,6,1600,1,25,VOLKSWAGEN GOLF,5,E01003292,0,-1
2023010421560,2023,010421560,1,9,0,18,19,5,1,0,0,0,0,0,0,0,2,9,6,6,1,23,5,1395,1,9,VOLKSWAGEN GOLF,1,E01002857,0,-1
2023052301223,2023,052301223,1,9,0,9,9,4,6,0,0,8,0,0,0,0,1,1,2,2,1,36,7,1395,1,6,VOLKSWAGEN GOLF,4,E01007625,0,-1
2023522300157,2023,522300157,1,9,0,6,6,8,8,0,0,1,0,0,0,0,1,1,6,6,1,-1,-1,1395,1,8,VOLKSWAGEN GOLF,-1,-1,0,-1
2023430232040,2023,430232040,1,9,0,18,19,1,5,0,0,1,0,0,0,0,1,1,6,6,1,21,5,1968,2,12,VOLKSWAGEN GOLF,9,E01028798,0,-1
2023010465229,2023,010465229,2,9,0,18,19,3,7,0,0,0,0,0,0,0,1,1,2,2,1,23,5,1498,1,3,VOLKSWAGEN GOLF,2,E01001078,0,-1
2023201260041,2023,201260041,1,9,0,18,19,4,8,0,0,0,0,4,0,0,1,1,6,6,1,-1,-1,1598,2,10,VOLKSWAGEN GOLF,1,E01009114,0,-1
2023991373213,2023,991373213,1,9,0,5,5,3,7,0,0,5,0,0,1,0,1,1,6,6,3,28,6,1598,2,6,VOLKSWAGEN GOLF,-1,-1,0,-1
2023101359426,2023,101359426,1,9,0,7,7,2,7,0,0,3,0,0,0,0,1,1,2,2,1,71,10,1498,1,5,VOLKSWAGEN GOLF,9,E01008448,0,-1
2023991322134,2023,991322134,2,9,0,18,19,7,3,0,0,0,0,0,0,0,1,1,5,6,2,52,8,1498,1,0,VOLKSWAGEN GOLF,3,E01002731,0,-1
2023010465809,2023,010465809,2,9,0,99,99,9,9,99,99,9,9,99,9,99,1,9,6,6,3,-1,-1,1380,1,12,VOLKSWAGEN GOLF,-1,-1,0,-1
2023221337875,2023,221337875,1,9,0,9,9,2,7,0,0,5,0,0,1,11,1,1,5,6,2,18,4,1896,2,22,VOLKSWAGEN GOLF,4,E01028838,0,-1
2023131390360,2023,131390360,2,9,0,18,19,2,6,0,0,1,0,0,0,0,0,1,5,6,1,25,5,1968,2,6,VOLKSWAGEN GOLF,1,E01011130,0,-1
2023401325681,2023,401325681,1,9,0,13,13,7,2,0,0,0,0,0,0,0,1,1,6,6,1,25,5,1984,1,6,VOLKSWAGEN GOLF,5,E01017588,0,-1
2023471279428,2023,471279428,1,9,0,10,10,4,1,0,0,1,0,0,0,0,1,1,6,6,1,81,11,1390,1,15,VOLKSWAGEN GOLF,7,E01031534,0,-1
2023131356257,2023,131356257,2,9,0,18,19,5,1,0,0,1,0,0,0,0,1,1,5,6,1,24,5,1900,2,19,VOLKSWAGEN GOLF,4,E01010671,0,-1
2023552300788,2023,552300788,2,9,0,18,19,8,5,0,0,0,0,0,0,0,3,1,6,6,1,76,11,1598,1,22,VOLKSWAGEN GOLF,5,E01020506,0,-1
2023361355466,2023,361355466,1,9,0,18,19,4,8,0,0,1,0,0,0,0,1,1,6,6,1,26,6,2000,2,18,VOLKSWAGEN GOLF,4,E01020636,0,-1
2023010475586,2023,010475586,1,9,0,9,9,1,7,0,0,5,0,0,0,0,1,1,6,6,1,52,8,1984,1,4,VOLKSWAGEN GOLF,2,E01004011,0,-1
2023010461075,2023,010461075,1,9,0,18,19,7,3,0,0,2,1,4,0,0,1,1,2,2,1,27,6,1498,8,2,VOLKSWAGEN GOLF,-1,-1,0,-1
2023010443181,2023,010443181,1,9,0,18,19,1,5,0,0,1,0,0,7,10,1,1,6,6,2,22,5,1598,2,7,VOLKSWAGEN GOLF,2,E01001215,0,-1
2023010453656,2023,010453656,1,9,0,99,99,9,9,99,99,9,0,99,9,99,9,9,2,2,1,46,8,1598,1,16,VOLKSWAGEN GOLF,6,E01001083,0,-1
2023201288514,2023,201288514,1,9,0,16,19,3,6,0,0,2,1,7,2,1,1,1,6,6,1,-1,-1,1598,2,11,VOLKSWAGEN GOLF,-1,-1,0,-1
2023430521867,2023,430521867,2,9,0,4,4,3,7,0,0,1,0,0,0,0,2,1,6,6,2,55,8,1600,1,17,VOLKSWAGEN GOLF,10,E01016338,0,-1
2023531349293,2023,531349293,2,9,0,18,19,1,5,0,0,8,0,0,0,0,3,1,5,6,1,20,4,1598,1,17,VOLKSWAGEN GOLF,3,E01022293,0,-1
2023451375791,2023,451375791,1,9,0,9,9,1,7,0,0,8,1,0,0,0,1,1,2,2,1,39,7,1390,1,14,VOLKSWAGEN GOLF,4,E01030645,0,-1
2023548040423,2023,548040423,1,9,0,18,19,2,6,0,0,0,0,10,1,11,1,1,6,6,1,59,9,1968,2,7,VOLKSWAGEN GOLF,7,E01031848,0,-1
2023201277802,2023,201277802,1,9,0,18,19,6,2,0,0,0,1,10,1,11,1,1,6,6,1,19,4,1395,1,9,VOLKSWAGEN GOLF,3,E01009941,0,-1
2023440510012,2023,440510012,1,9,0,7,7,6,8,0,0,8,0,0,1,10,1,1,6,6,1,78,11,1498,1,4,VOLKSWAGEN GOLF,5,E01017152,0,-1
2023351409330,2023,351409330,3,9,0,4,4,4,8,0,0,0,0,0,0,0,2,1,6,6,1,28,6,999,1,6,VOLKSWAGEN GOLF,2,E01002729,0,-1
2023531287092,2023,531287092,2,9,0,18,19,7,3,0,0,0,1,0,1,0,1,1,6,6,2,33,6,1598,2,13,VOLKSWAGEN GOLF,10,E01022315,0,-1
2023351328195,2023,351328195,1,9,0,3,3,5,7,0,0,1,0,0,0,0,1,1,5,6,1,21,5,1598,2,13,VOLKSWAGEN GOLF,7,E01018011,0,-1
2023010480580,2023,010480580,1,9,0,9,9,5,3,0,0,8,0,0,0,0,4,1,6,6,2,48,8,1600,1,19,VOLKSWAGEN GOLF,5,E01032789,0,-1
2023010484398,2023,010484398,1,9,0,10,10,1,6,0,0,1,0,0,0,0,4,1,6,6,2,52,8,1781,1,20,VOLKSWAGEN GOLF,10,E01001032,0,-1
2023010456511,2023,010456511,2,9,0,6,6,3,3,0,0,2,0,0,0,0,3,1,6,6,1,39,7,1390,1,12,VOLKSWAGEN GOLF,8,E01000539,0,-1
2023061373224,2023,061373224,1,9,0,18,19,7,3,0,0,0,0,0,0,0,1,1,5,6,1,31,6,1984,1,7,VOLKSWAGEN GOLF,10,E01005739,0,-1
2023010435420,2023,010435420,1,9,0,9,9,6,4,0,0,6,0,0,0,0,1,1,1,1,1,29,6,1600,1,19,VOLKSWAGEN GOLF,3,E01003785,0,-1