collision_index,collision_year,collision_ref_no,vehicle_reference,vehicle_type,towing_and_articulation,vehicle_manoeuvre_historic,vehicle_manoeuvre,vehicle_direction_from,vehicle_direction_to,vehicle_location_restricted_lane_historic,vehicle_location_restricted_lane,junction_location,skidding_and_overturning,hit_object_in_carriageway,vehicle_leaving_carriageway,hit_object_off_carriageway,first_point_of_impact,vehicle_left_hand_drive,journey_purpose_of_driver_historic,journey_purpose_of_driver,sex_of_driver,age_of_driver,age_band_of_driver,engine_capacity_cc,propulsion_code,age_of_vehicle,generic_make_model,driver_imd_decile,lsoa_of_driver,escooter_flag,driver_distance_banding
2023332301074,2023,332301074,1,9,0,17,19,6,3,0,0,8,0,0,0,0,1,1,6,6,2,19,4,1984,1,0,VOLKSWAGEN GOLF,2,-1,0,-1
2023010449046,2023,010449046,1,9,0,99,99,9,9,99,99,9,9,99,9,99,4,9,2,2,2,47,8,1390,1,13,VOLKSWAGEN GOLF,2,E01003190,0,-1
2023052302707,2023,052302707,1,9,0,9,9,2,7,0,0,5,0,0,0,0,1,1,6,6,2,56,9,1395,1,10,VOLKSWAGEN GOLF,5,E01006590,0,-1
2023471322290,2023,471322290,1,9,0,14,14,6,2,0,0,2,0,4,0,0,1,1,6,6,1,76,11,1968,2,7,VOLKSWAGEN GOLF,9,E01021072,0,-1
2023320743598,2023,320743598,1,9,0,15,15,8,4,0,0,1,0,0,0,0,1,1,6,6,1,50,8,1968,2,17,VOLKSWAGEN GOLF,1,E01026384,0,-1
2023411303584,2023,411303584,1,9,0,9,9,3,1,0,0,1,0,0,0,0,2,1,5,6,2,46,8,1395,1,6,VOLKSWAGEN GOLF,5,E01023765,0,-1
2023351279242,2023,351279242,1,9,0,18,19,5,1,0,0,0,0,0,0,0,1,1,6,6,2,76,11,1395,1,8,VOLKSWAGEN GOLF,8,E01029957,0,-1
2023010482128,2023,010482128,1,9,0,18,19,5,1,0,0,8,0,0,0,0,1,1,6,6,1,45,7,1197,1,10,VOLKSWAGEN GOLF,5,E01002447,0,-1
2023070699736,2023,070699736,1,9,0,18,19,7,3,0,0,0,0,0,0,0,1,1,6,6,1,33,6,2000,2,18,VOLKSWAGEN GOLF,7,E01006884,0,-1
2023131379209,2023,131379209,1,9,0,5,5,5,1,0,0,6,0,0,0,0,1,1,5,6,1,31,6,1390,1,13,VOLKSWAGEN GOLF,1,E01010782,0,-1
2023010464796,2023,010464796,4,9,0,9,9,3,1,0,0,6,0,0,0,0,2,1,6,6,1,27,6,1498,8,1,VOLKSWAGEN GOLF,3,E01000973,0,-1
2023501295538,2023,501295538,2,9,0,18,19,5,1,0,0,0,0,0,0,0,1,1,6,6,2,49,8,999,1,2,VOLKSWAGEN GOLF,7,E01020169,0,-1
2023471307485,2023,471307485,2,9,0,18,19,8,4,0,0,1,0,0,7,3,1,1,2,2,1,30,6,1498,1,3,VOLKSWAGEN GOLF,8,E01031664,0,-1
2023547153523,2023,547153523,1,9,0,16,19,1,5,0,0,0,1,0,1,10,1,1,6,6,1,19,4,1598,2,12,VOLKSWAGEN GOLF,6,E01029027,0,-1
2023201302034,2023,201302034,1,9,0,18,19,4,8,0,0,0,0,0,0,0,4,1,6,6,1,-1,-1,1984,1,2,VOLKSWAGEN GOLF,-1,-1,0,-1
2023010480553,2023,010480553,1,9,0,9,9,3,1,0,0,6,0,0,0,0,4,1,2,2,1,39,7,1395,1,10,VOLKSWAGEN GOLF,-1,-1,0,-1
2023170M10673,2023,170M10673,1,9,0,18,19,3,7,0,0,8,0,0,0,0,1,1,6,6,1,25,5,1598,2,6,VOLKSWAGEN GOLF,10,E01012303,0,-1
2023010427067,2023,010427067,1,9,0,8,8,3,4,0,0,1,0,0,0,0,3,1,6,6,2,60,9,1395,1,6,VOLKSWAGEN GOLF,8,E01003649,0,-1
2023010440884,2023,010440884,1,9,0,9,9,4,2,0,0,1,0,0,0,0,1,1,6,6,1,69,10,1498,1,5,VOLKSWAGEN GOLF,-1,-1,0,-1
2023052301857,2023,052301857,1,9,0,9,9,1,3,0,0,1,0,0,0,0,3,1,6,6,1,-1,-1,1498,1,5,VOLKSWAGEN GOLF,8,E01006808,0,-1
2023401276695,2023,401276695,3,9,0,18,19,1,5,0,0,1,0,0,0,0,3,1,6,6,2,31,6,1598,2,9,VOLKSWAGEN GOLF,-1,-1,0,-1
2023430106794,2023,430106794,1,9,0,7,7,3,5,9,9,6,0,0,0,0,1,1,6,6,1,-1,-1,1984,1,13,VOLKSWAGEN GOLF,-1,-1,0,-1
2023131324775,2023,131324775,1,9,0,9,9,3,1,0,0,8,1,0,0,0,4,1,6,6,1,23,5,1896,2,16,VOLKSWAGEN GOLF,8,E01011687,0,-1
2023552300555,2023,552300555,1,9,0,7,7,5,7,0,0,6,0,0,1,0,3,1,2,2,1,61,9,1896,2,20,VOLKSWAGEN GOLF,5,E01020469,0,-1
2023131391483,2023,131391483,2,9,0,18,19,3,7,0,0,0,0,0,0,0,2,1,6,6,2,59,9,1900,2,17,VOLKSWAGEN GOLF,9,E01027921,0,-1
2023461385112,2023,461385112,3,9,0,18,19,7,3,0,0,0,0,1,0,0,1,1,6,6,1,51,8,1498,1,5,VOLKSWAGEN GOLF,8,E01024063,0,-1
2023401301513,2023,401301513,1,9,0,15,15,-1,-1,0,0,0,0,10,0,0,1,1,6,6,1,22,5,1598,2,13,VOLKSWAGEN GOLF,3,E01015788,0,-1
2023411380918,2023,411380918,2,9,0,5,5,6,2,0,0,3,0,0,0,0,4,1,6,6,1,47,8,1598,2,6,VOLKSWAGEN GOLF,4,E01023783,0,-1
2023471371309,2023,471371309,1,9,0,10,10,5,3,0,0,8,0,0,0,0,1,1,5,6,1,49,8,1390,1,11,VOLKSWAGEN GOLF,8,E01021209,0,-1
2023440029644,2023,440029644,1,9,0,3,3,8,2,0,0,1,0,0,0,0,2,1,2,2,2,47,8,1197,1,8,VOLKSWAGEN GOLF,10,E01022571,0,-1
2023201384242,2023,201384242,3,9,0,2,2,0,0,0,0,1,0,0,0,0,2,1,6,6,2,59,9,2324,1,20,VOLKSWAGEN GOLF,6,E01009828,0,-1
2023101353699,2023,101353699,5,9,0,3,3,1,5,0,0,2,0,0,0,0,2,1,5,6,1,28,6,1968,2,10,VOLKSWAGEN GOLF,2,E01020894,0,-1
2023552301414,2023,552301414,1,9,0,18,19,3,7,0,0,0,0,0,0,0,1,1,6,6,1,64,9,1968,2,7,VOLKSWAGEN GOLF,7,E01029169,0,-1
2023471283714,2023,471283714,2,9,0,8,8,7,3,0,0,0,0,0,0,0,2,1,5,6,1,24,5,1390,1,13,VOLKSWAGEN GOLF,6,E01004108,0,-1
2023332300573,2023,332300573,1,9,0,18,19,2,6,0,0,0,0,0,0,0,1,1,6,6,1,18,4,1968,2,1,VOLKSWAGEN GOLF,8,E01025958,0,-1
2023131348900,2023,131348900,1,9,0,-1,-1,-1,-1,-1,-1,-1,-1,-1,-1,-1,-1,1,6,6,3,-1,-1,2000,1,14,VOLKSWAGEN GOLF,-1,-1,0,-1
2023201339273,2023,201339273,1,9,0,18,19,7,3,0,0,8,0,0,0,0,1,1,5,6,1,27,6,1984,1,9,VOLKSWAGEN GOLF,8,E01009949,0,-1
2023010435534,2023,010435534,1,9,0,18,19,1,5,0,0,2,0,4,0,0,4,1,2,2,1,35,6,1498,1,4,VOLKSWAGEN GOLF,-1,-1,0,-1
2023010432417,2023,010432417,1,9,0,9,9,5,3,0,0,6,0,0,7,0,1,1,6,6,2,52,8,3200,1,15,VOLKSWAGEN GOLF,9,E01003810,0,-1
2023501362328,2023,501362328,1,9,0,16,19,3,6,0,0,4,2,10,7,10,1,1,6,6,1,33,6,1896,2,14,VOLKSWAGEN GOLF,5,E01020308,0,-1
2023221307756,2023,221307756,1,9,0,17,19,1,6,0,0,0,0,0,0,0,1,1,5,6,1,24,5,1598,1,17,VOLKSWAGEN GOLF,6,E01032431,0,-1
2023430020315,2023,430020315,1,9,0,17,19,7,4,0,0,0,0,0,0,0,4,1,6,6,1,53,8,1498,1,3,VOLKSWAGEN GOLF,7,E01000119,0,-1
2023471323376,2023,471323376,3,9,0,18,19,8,4,0,0,0,0,0,0,0,1,1,5,6,2,55,8,2000,2,18,VOLKSWAGEN GOLF,9,E01021085,0,-1
2023545193823,2023,545193823,1,9,0,9,9,3,1,0,0,6,0,0,0,0,1,1,1,1,1,41,7,1968,2,12,VOLKSWAGEN GOLF,8,E01032033,0,-1
2023622300074,2023,622300074,1,9,0,18,19,6,2,0,0,0,1,10,0,0,1,1,6,6,2,29,6,1984,1,6,VOLKSWAGEN GOLF,9,W01001113,0,-1
2023440279599,2023,440279599,2,9,0,2,2,0,0,0,0,1,0,0,0,0,4,1,6,6,1,-1,-1,1598,2,3,VOLKSWAGEN GOLF,-1,-1,0,-1
2023302300458,2023,302300458,1,9,0,18,19,6,1,0,0,0,0,0,0,0,1,1,2,2,1,43,7,2000,2,19,VOLKSWAGEN GOLF,3,E01013765,0,-1
2023131266201,2023,131266201,2,9,0,18,19,3,7,0,0,0,0,0,0,0,1,1,5,6,1,19,4,1598,2,10,VOLKSWAGEN GOLF,9,E01011844,0,-1
2023010455006,2023,010455006,1,9,0,99,99,9,9,99,99,9,9,99,9,99,1,1,6,6,2,37,7,-1,3,4,VOLKSWAGEN GOLF,4,E01001146,0,-1
2023421307195,2023,421307195,1,9,0,18,19,4,2,0,0,1,1,0,1,0,1,1,6,6,1,42,7,1968,2,8,VOLKSWAGEN GOLF,9,E01032611,0,-1
2023010442259,2023,010442259,1,9,0,4,4,5,1,0,0,0,0,0,0,0,2,1,2,2,2,46,8,1968,2,0,VOLKSWAGEN GOLF,2,E01000091,0,-1
2023542138723,2023,542138723,1,9,0,18,19,3,5,0,0,1,1,0,7,11,1,1,6,6,1,19,4,1498,1,1,VOLKSWAGEN GOLF,6,E01020462,0,-1
2023501317319,2023,501317319,5,9,0,2,2,0,0,6,6,1,0,0,0,0,1,1,6,6,1,65,9,1598,1,18,VOLKSWAGEN GOLF,-1,-1,0,-1
2023070352387,2023,070352387,2,9,0,18,19,2,6,0,0,1,0,0,0,0,0,1,6,6,1,19,4,1390,1,16,VOLKSWAGEN GOLF,10,E01018690,0,-1
2023131343562,2023,131343562,3,9,0,2,2,1,5,0,0,0,0,0,0,0,3,1,6,6,3,-1,-1,1968,2,8,VOLKSWAGEN GOLF,-1,-1,0,-1
2023421269490,2023,421269490,2,9,0,10,10,1,7,0,0,1,0,0,0,0,3,1,5,6,1,40,7,1598,2,11,VOLKSWAGEN GOLF,1,E01015852,0,-1
2023010426052,2023,010426052,2,9,0,99,99,9,9,99,99,0,9,99,9,99,1,9,6,6,3,-1,-1,1896,2,16,VOLKSWAGEN GOLF,-1,-1,0,-1
2023332301027,2023,332301027,2,9,0,18,19,3,7,0,0,0,0,0,0,0,1,1,6,6,1,41,7,1896,2,21,VOLKSWAGEN GOLF,3,E01013718,0,-1
2023010465410,2023,010465410,1,9,0,99,99,9,9,99,99,9,9,99,9,99,2,9,6,6,2,41,7,1968,2,11,VOLKSWAGEN GOLF,3,E01000114,0,-1
2023010467858,2023,010467858,1,9,0,18,19,1,5,0,0,1,0,0,0,0,1,1,6,6,1,22,5,1984,1,13,VOLKSWAGEN GOLF,3,E01001360,0,-1
2023201413924,2023,201413924,3,9,0,18,19,2,6,0,0,0,0,0,0,0,1,1,6,6,2,49,8,1498,1,5,VOLKSWAGEN GOLF,10,E01032893,0,-1
2023471311926,2023,471311926,1,9,0,9,9,5,2,0,0,3,0,0,0,0,4,1,5,6,2,18,4,1390,1,13,VOLKSWAGEN GOLF,7,E01031417,0,-1
2023041276148,2023,041276148,1,9,0,16,19,1,5,0,0,2,0,0,0,0,1,1,5,6,2,37,7,1390,1,18,VOLKSWAGEN GOLF,7,E01025033,0,-1
2023430302115,2023,430302115,1,9,0,16,19,8,3,0,0,0,1,0,0,0,1,1,6,6,1,28,6,1598,1,22,VOLKSWAGEN GOLF,10,E01028763,0,-1
2023061317197,2023,061317197,1,9,0,7,7,2,3,0,0,1,0,0,0,0,1,1,6,6,2,74,10,1598,2,5,VOLKSWAGEN GOLF,4,E01005118,0,-1
2023320488380,2023,320488380,1,9,0,5,5,0,1,0,0,0,0,0,0,0,1,1,6,6,1,30,6,1968,2,10,VOLKSWAGEN GOLF,6,E01015671,0,-1
2023471356684,2023,471356684,1,9,0,7,7,3,1,0,0,1,0,0,0,0,3,1,5,6,2,58,9,2000,1,18,VOLKSWAGEN GOLF,7,E01031697,0,-1
2023440268077,2023,440268077,1,9,0,2,2,0,0,0,0,1,0,0,0,0,3,1,1,1,1,53,8,1598,1,16,VOLKSWAGEN GOLF,3,E01017195,0,-1
2023010462238,2023,010462238,2,9,0,2,2,0,0,0,0,0,0,0,0,0,2,1,6,6,3,-1,-1,1598,1,16,VOLKSWAGEN GOLF,-1,-1,0,-1
2023010471511,2023,010471511,1,9,0,12,12,3,7,0,0,8,0,0,0,0,3,1,1,1,2,24,5,1598,1,17,VOLKSWAGEN GOLF,5,E01000071,0,-1
2023991267966,2023,991267966,2,9,0,18,19,7,3,0,0,1,0,0,7,11,1,1,2,2,1,20,4,1600,2,13,VOLKSWAGEN GOLF,5,-1,0,-1
2023010422410,2023,010422410,1,9,0,99,99,9,9,99,99,9,9,99,9,99,9,9,6,6,2,66,10,1390,1,13,VOLKSWAGEN GOLF,7,E01000845,0,-1
2023401366468,2023,401366468,2,9,0,5,5,2,5,0,0,0,0,0,0,0,2,1,6,6,2,70,10,1598,2,8,VOLKSWAGEN GOLF,7,E01017451,0,-1
2023141266213,2023,141266213,2,9,0,14,14,4,8,0,0,1,0,0,0,0,1,1,6,6,1,35,6,2000,1,16,VOLKSWAGEN GOLF,-1,-1,0,-1
2023451316050,2023,451316050,1,9,0,12,12,7,3,0,0,0,0,0,1,10,1,1,2,2,1,27,6,999,1,3,VOLKSWAGEN GOLF,7,E01017416,0,-1
2023161329716,2023,161329716,2,9,0,18,19,3,7,0,0,8,0,0,0,0,1,1,5,6,1,56,9,1598,2,11,VOLKSWAGEN GOLF,1,E01012865,0,-1
2023101345972,2023,101345972,2,9,0,18,19,7,3,0,0,8,0,0,0,0,4,1,5,6,1,65,9,1968,2,4,VOLKSWAGEN GOLF,9,E01020786,0,-1
2023141365463,2023,141365463,2,9,0,18,19,3,7,0,0,0,0,0,0,0,1,1,5,6,1,20,4,999,1,4,VOLKSWAGEN GOLF,1,E01008094,0,-1
2023041370140,2023,041370140,2,9,0,2,2,0,0,0,0,0,0,0,0,0,2,1,6,6,3,-1,-1,1598,2,3,VOLKSWAGEN GOLF,-1,-1,0,-1
2023010476810,2023,010476810,2,9,0,99,99,9,9,99,99,9,9,99,9,99,9,9,6,6,3,-1,-1,1595,1,21,VOLKSWAGEN GOLF,-1,-1,0,-1
2023010451110,2023,010451110,1,9,0,18,19,8,4,0,0,8,0,0,0,0,1,1,6,6,1,21,5,1390,1,14,VOLKSWAGEN GOLF,3,E01001175,0,-1
2023430093749,2023,430093749,3,9,0,18,19,3,7,0,0,0,0,0,0,0,-1,1,6,6,1,33,6,1395,1,6,VOLKSWAGEN GOLF,9,E01017752,0,-1
2023141258662,2023,141258662,1,9,0,18,19,4,8,0,0,0,1,0,1,4,1,1,6,6,3,-1,-1,1598,1,16,VOLKSWAGEN GOLF,-1,-1,0,-1
2023411283458,2023,411283458,2,9,0,18,19,-1,-1,0,0,8,0,0,0,0,4,1,5,6,1,27,6,1598,2,7,VOLKSWAGEN GOLF,1,E01001545,0,-1
2023430296735,2023,430296735,2,9,0,18,19,4,8,0,0,8,0,0,0,0,1,1,6,6,2,52,8,1395,1,7,VOLKSWAGEN GOLF,-1,-1,0,-1
2023061271647,2023,061271647,3,9,0,9,9,7,2,0,0,2,0,0,0,0,1,1,5,6,2,49,8,1598,2,4,VOLKSWAGEN GOLF,8,E01004773,0,-1
2023221362666,2023,221362666,2,9,0,4,4,3,8,0,0,8,0,0,0,0,2,1,5,6,1,59,9,1598,2,9,VOLKSWAGEN GOLF,4,E01028993,0,-1
2023552300803,2023,552300803,1,9,0,18,19,8,4,0,0,8,0,0,3,2,1,1,6,6,1,25,5,1900,2,18,VOLKSWAGEN GOLF,4,E01015372,0,-1
2023501262922,2023,501262922,1,9,-1,-1,-1,-1,-1,-1,-1,-1,-1,-1,-1,0,0,1,6,6,1,46,8,1598,1,17,VOLKSWAGEN GOLF,4,E01020254,0,-1
2023010423151,2023,010423151,1,9,0,17,19,1,5,0,0,0,0,4,0,0,1,1,6,6,1,22,5,1968,2,7,VOLKSWAGEN GOLF,8,E01000453,0,-1
2023501283001,2023,501283001,1,9,0,18,19,3,7,0,0,1,0,0,1,2,1,1,6,6,1,24,5,1968,2,16,VOLKSWAGEN GOLF,3,E01020155,0,-1
2023501271490,2023,501271490,1,9,0,18,19,1,3,0,0,8,0,0,0,0,4,1,6,6,2,22,5,1968,2,7,VOLKSWAGEN GOLF,3,E01018856,0,-1
2023041420506,2023,041420506,1,9,0,18,19,1,5,0,0,0,0,0,0,0,3,1,6,6,1,24,5,1968,2,12,VOLKSWAGEN GOLF,1,E01025230,0,-1
2023471344647,2023,471344647,1,9,0,1,1,4,8,0,0,0,0,0,0,0,2,1,6,6,2,50,8,1598,2,12,VOLKSWAGEN GOLF,9,E01031623,0,-1
202354B392923,2023,54B392923,1,9,0,18,19,3,7,0,0,0,0,0,7,9,1,1,6,6,1,31,6,1457,1,41,VOLKSWAGEN GOLF,6,E01015579,0,-1
2023451341629,2023,451341629,1,9,0,18,19,1,5,0,0,0,0,0,0,0,1,1,6,6,2,24,5,1395,1,10,VOLKSWAGEN GOLF,10,E01030635,0,-1
2023131343872,2023,131343872,1,9,0,18,19,1,5,0,0,0,0,0,0,0,1,1,6,6,3,-1,-1,1968,2,13,VOLKSWAGEN GOLF,-1,-1,0,-1
2023031260958,2023,031260958,13,9,0,18,19,5,1,0,0,0,1,1,0,0,1,1,6,6,1,26,6,1984,1,7,VOLKSWAGEN GOLF,6,E01019384,0,-1
2023170M11123,2023,170M11123,2,9,0,2,2,0,0,0,0,1,0,0,0,0,2,1,6,6,2,-1,-1,1598,2,6,VOLKSWAGEN GOLF,10,E01012182,0,-1
2023122301038,2023,122301038,1,9,0,5,5,2,4,0,0,5,0,0,0,0,1,1,6,6,1,19,4,1598,2,10,VOLKSWAGEN GOLF,6,E01020561,0,-1
2023061391833,2023,061391833,1,9,0,18,19,6,2,0,0,0,0,0,0,0,1,1,6,6,1,27,6,1984,1,9,VOLKSWAGEN GOLF,-1,-1,0,-1
2023332300350,2023,332300350,2,9,0,5,5,7,3,0,0,6,0,0,0,0,1,1,6,6,3,-1,-1,1968,2,14,VOLKSWAGEN GOLF,-1,-1,0,-1
2023010428290,2023,010428290,2,9,0,99,99,9,9,99,99,0,9,99,9,99,1,9,6,6,1,19,4,999,1,5,VOLKSWAGEN GOLF,2,E01003580,0,-1
2023440491026,2023,440491026,2,9,0,4,4,6,2,0,0,0,0,0,0,0,2,1,6,6,2,30,6,1968,2,12,VOLKSWAGEN GOLF,9,E01029252,0,-1
2023201298763,2023,201298763,1,9,0,16,19,3,6,0,0,0,0,10,7,11,1,1,6,6,1,26,6,1498,1,4,VOLKSWAGEN GOLF,10,E01009855,0,-1
2023430041586,2023,430041586,2,9,0,18,19,8,4,0,0,8,0,0,0,0,1,1,6,6,1,26,6,1984,1,5,VOLKSWAGEN GOLF,9,E01017927,0,-1
2023010454512,2023,010454512,1,9,0,7,7,3,5,0,0,1,0,0,0,0,2,2,2,2,1,31,6,1197,1,11,VOLKSWAGEN GOLF,-1,-1,0,-1
2023440245463,2023,440245463,2,9,0,18,19,1,5,0,0,8,0,0,0,0,1,1,6,6,1,64,9,1390,1,11,VOLKSWAGEN GOLF,8,E01032845,0,-1
2023131388742,2023,131388742,1,9,0,18,19,5,8,0,0,0,0,0,0,0,1,1,6,6,1,50,8,1896,2,22,VOLKSWAGEN GOLF,7,E01011571,0,-1
2023201392710,2023,201392710,1,9,0,18,19,6,2,0,0,8,0,4,0,0,1,1,5,6,2,-1,-1,999,1,0,VOLKSWAGEN GOLF,-1,-1,0,-1
2023131350668,2023,131350668,4,9,0,2,2,0,0,0,0,0,0,0,0,0,2,1,6,6,3,-1,-1,1498,1,2,VOLKSWAGEN GOLF,-1,-1,0,-1
2023131350456,2023,131350456,1,9,0,-1,-1,-1,-1,-1,-1,-1,-1,-1,-1,-1,-1,1,6,6,3,-1,-1,1598,2,11,VOLKSWAGEN GOLF,-1,-1,0,-1
2023131283700,2023,131283700,1,9,0,9,9,1,1,0,0,8,0,0,0,0,2,1,2,2,1,29,6,1498,1,4,VOLKSWAGEN GOLF,4,E01011238,0,-1
2023461295236,2023,461295236,1,9,0,18,19,1,5,0,0,0,0,0,0,0,4,1,6,6,3,-1,-1,1395,1,6,VOLKSWAGEN GOLF,-1,-1,0,-1
2023010459245,2023,010459245,1,9,0,18,19,7,3,0,0,1,0,0,0,0,1,1,6,6,2,44,7,1390,1,13,VOLKSWAGEN GOLF,2,E01001667,0,-1
2023991302598,2023,991302598,2,9,0,18,19,7,3,0,0,0,0,0,0,0,1,1,5,6,1,67,10,1498,1,2,VOLKSWAGEN GOLF,-1,-1,0,-1
2023401330238,2023,401330238,2,9,0,3,3,-1,-1,0,0,1,0,0,0,0,2,1,2,2,1,47,8,1968,2,10,VOLKSWAGEN GOLF,3,E01015788,0,-1
2023010442277,2023,010442277,2,9,0,5,5,3,7,0,0,4,0,0,0,0,1,2,6,6,2,50,8,1968,2,16,VOLKSWAGEN GOLF,-1,-1,0,-1
2023520301823,2023,520301823,2,9,0,18,19,3,7,0,0,1,0,0,0,0,1,1,6,6,1,24,5,1968,2,17,VOLKSWAGEN GOLF,-1,-1,0,-1
2023061291289,2023,061291289,1,9,-1,7,7,-1,-1,0,0,0,0,0,0,0,-1,1,6,6,3,21,5,1984,1,5,VOLKSWAGEN GOLF,8,E01006243,0,-1
2023522301083,2023,522301083,1,9,0,9,9,5,2,0,0,5,0,0,0,0,4,1,6,6,1,41,7,1498,8,2,VOLKSWAGEN GOLF,3,E01032517,0,-1
2023122300640,2023,122300640,1,9,0,18,19,6,2,0,0,1,0,0,0,0,1,1,6,6,2,17,4,1968,2,1,VOLKSWAGEN GOLF,8,E01013338,0,-1
2023411292365,2023,411292365,1,9,0,11,11,1,5,0,0,0,1,0,0,0,2,1,5,6,1,20,4,1598,1,20,VOLKSWAGEN GOLF,6,E01023306,0,-1
2023170S11553,2023,170S11553,3,9,0,4,4,6,2,0,0,0,0,0,0,0,2,1,6,6,1,68,10,1395,1,7,VOLKSWAGEN GOLF,1,E01012262,0,-1
2023461297246,2023,461297246,1,9,0,18,19,-1,-1,0,0,8,0,0,0,0,1,1,5,6,2,79,11,1400,1,17,VOLKSWAGEN GOLF,9,E01024116,0,-1
2023531353011,2023,531353011,1,9,0,18,19,5,1,0,0,0,0,0,0,0,1,1,5,6,1,23,5,1984,1,8,VOLKSWAGEN GOLF,8,E01032218,0,-1
2023461297728,2023,461297728,2,9,0,18,19,6,1,0,0,4,0,0,0,0,3,1,5,6,2,47,8,1984,1,9,VOLKSWAGEN GOLF,7,E01024037,0,-1
2023201288442,2023,201288442,1,9,0,18,19,5,1,0,0,2,0,0,0,0,1,1,6,6,1,32,6,1984,1,4,VOLKSWAGEN GOLF,4,E01031096,0,-1
2023131266612,2023,131266612,1,9,0,18,19,2,4,0,0,1,0,0,0,0,1,1,5,6,1,21,5,1984,1,2,VOLKSWAGEN GOLF,2,E01011002,0,-1
2023440007248,2023,440007248,1,9,0,9,9,1,7,0,0,8,0,0,0,0,3,1,3,7,2,33,6,1600,2,14,VOLKSWAGEN GOLF,3,E01017020,0,-1
2023461380692,2023,461380692,3,9,0,10,10,6,4,0,0,0,0,0,0,0,3,1,6,6,1,23,5,1900,2,17,VOLKSWAGEN GOLF,5,E01024383,0,-1
2023631333524,2023,631333524,1,9,0,18,19,1,5,0,0,0,0,0,0,0,1,1,5,6,2,18,4,1598,2,7,VOLKSWAGEN GOLF,5,E01014008,0,-1
2023061435996,2023,061435996,1,9,0,9,9,3,5,0,0,2,0,0,0,0,1,1,6,6,1,23,5,1896,2,15,VOLKSWAGEN GOLF,2,E01004814,0,-1
2023052300330,2023,052300330,1,9,0,18,19,5,1,0,0,0,1,0,1,2,1,1,6,6,1,33,6,1968,2,1,VOLKSWAGEN GOLF,2,E01006819,0,-1
2023010452052,2023,010452052,1,9,0,18,19,7,3,0,0,2,9,99,0,0,1,9,6,6,1,-1,-1,1390,1,13,VOLKSWAGEN GOLF,4,E01001260,0,-1
2023201372439,2023,201372439,1,9,0,5,5,3,7,0,0,0,0,0,0,0,1,1,6,6,3,-1,-1,2000,2,18,VOLKSWAGEN GOLF,-1,-1,0,-1
2023010459587,2023,010459587,1,9,0,18,19,7,3,0,0,1,0,0,0,0,1,1,6,6,1,25,5,1395,1,8,VOLKSWAGEN GOLF,5,E01001322,0,-1
2023471318959,2023,471318959,1,9,0,18,19,4,1,0,0,0,0,0,0,0,1,1,6,6,1,-1,-1,1781,1,23,VOLKSWAGEN GOLF,-1,-1,0,-1
2023471378247,2023,471378247,2,9,0,7,7,1,4,0,0,8,0,0,0,0,4,1,5,6,1,66,10,1395,1,7,VOLKSWAGEN GOLF,9,E01031496,0,-1
2023010439061,2023,010439061,1,9,0,18,19,1,5,0,0,8,0,0,0,0,1,2,6,6,2,23,5,1896,2,16,VOLKSWAGEN GOLF,10,E01030463,0,-1
2023010460381,2023,010460381,1,9,0,4,4,3,7,0,0,0,0,0,0,0,1,2,6,6,1,42,7,1390,1,11,VOLKSWAGEN GOLF,2,E01004246,0,-1
2023231261424,2023,231261424,1,9,0,18,19,4,8,0,0,0,1,0,2,0,3,1,6,6,1,20,4,1390,1,12,VOLKSWAGEN GOLF,9,E01022496,0,-1
2023010444675,2023,010444675,1,9,0,5,5,5,1,0,0,0,0,0,0,0,1,1,6,6,1,45,7,1598,1,17,VOLKSWAGEN GOLF,3,E01002508,0,-1
2023351346872,2023,351346872,3,9,0,18,19,1,5,0,0,0,0,0,0,0,1,1,5,6,2,58,9,1968,2,9,VOLKSWAGEN GOLF,-1,-1,0,-1
2023302301424,2023,302301424,2,9,0,3,3,3,7,0,0,0,0,0,0,0,2,1,6,6,2,59,9,1598,1,16,VOLKSWAGEN GOLF,5,E01019456,0,-1
2023522400290,2023,522400290,1,9,0,18,19,3,7,0,0,0,0,0,0,0,1,1,6,6,2,35,6,1598,1,17,VOLKSWAGEN GOLF,6,E01021404,0,-1
2023010455053,2023,010455053,1,9,0,18,19,1,5,0,0,0,0,0,0,0,1,1,6,6,2,41,7,1598,1,15,VOLKSWAGEN GOLF,3,E01003073,0,-1
2023371353963,2023,371353963,1,9,0,5,5,8,4,0,0,8,0,0,0,0,4,1,5,6,1,79,11,1598,2,9,VOLKSWAGEN GOLF,8,E01030042,0,-1
2023061398341,2023,061398341,1,9,0,18,19,5,1,0,0,6,0,0,0,0,3,1,6,6,1,20,4,1598,2,12,VOLKSWAGEN GOLF,-1,-1,0,-1
2023061278563,2023,061278563,3,9,0,18,19,3,7,0,0,8,0,0,0,0,1,1,1,1,1,40,7,1984,1,4,VOLKSWAGEN GOLF,1,E01005108,0,-1
2023010446612,2023,010446612,3,9,0,18,19,3,7,0,0,0,0,0,0,0,2,1,6,6,1,31,6,1984,1,5,VOLKSWAGEN GOLF,8,E01000175,0,-1
2023201295721,2023,201295721,3,9,0,2,2,0,0,0,0,2,0,0,0,0,2,1,6,6,1,-1,-1,1968,2,13,VOLKSWAGEN GOLF,3,E01010005,0,-1
2023201395609,2023,201395609,1,9,0,18,19,4,8,0,0,8,0,0,0,0,9,1,6,6,1,-1,-1,1896,2,16,VOLKSWAGEN GOLF,-1,-1,0,-1
2023010479208,2023,010479208,1,9,0,99,99,9,9,99,99,9,9,99,9,99,1,9,6,6,1,22,5,999,1,6,VOLKSWAGEN GOLF,7,E01022067,0,-1
2023070153901,2023,070153901,1,9,0,17,19,4,8,0,0,1,0,0,0,0,1,1,2,2,1,54,8,1968,2,11,VOLKSWAGEN GOLF,9,E01018684,0,-1
2023430031635,2023,430031635,1,9,0,18,19,4,8,0,0,1,0,0,0,0,1,1,6,6,1,-1,-1,1968,2,14,VOLKSWAGEN GOLF,-1,-1,0,-1