collision_index,collision_year,collision_ref_no,vehicle_reference,vehicle_type,towing_and_articulation,vehicle_manoeuvre_historic,vehicle_manoeuvre,vehicle_direction_from,vehicle_direction_to,vehicle_location_restricted_lane_historic,vehicle_location_restricted_lane,junction_location,skidding_and_overturning,hit_object_in_carriageway,vehicle_leaving_carriageway,hit_object_off_carriageway,first_point_of_impact,vehicle_left_hand_drive,journey_purpose_of_driver_historic,journey_purpose_of_driver,sex_of_driver,age_of_driver,age_band_of_driver,engine_capacity_cc,propulsion_code,age_of_vehicle,generic_make_model,driver_imd_decile,lsoa_of_driver,escooter_flag,driver_distance_banding
2023471266366,2023,471266366,1,9,0,18,19,7,3,0,0,0,0,0,0,0,1,1,5,6,1,27,6,1896,2,22,VOLKSWAGEN GOLF,1,E01020994,0,-1
2023471337612,2023,471337612,1,9,0,5,5,2,8,1,1,3,0,0,0,0,3,1,5,6,2,58,9,1600,1,19,VOLKSWAGEN GOLF,7,E01030943,0,-1
2023041282029,2023,041282029,2,9,0,18,19,5,1,0,0,1,0,0,1,10,3,1,2,2,2,31,6,1968,2,10,VOLKSWAGEN GOLF,6,E01025338,0,-1
2023031351128,2023,031351128,1,9,0,4,4,8,6,0,0,8,0,0,0,0,1,1,3,7,2,24,5,1968,2,15,VOLKSWAGEN GOLF,-1,-1,0,-1
2023131355356,2023,131355356,1,9,0,9,9,6,8,0,0,6,0,0,0,0,1,1,6,6,1,-1,-1,1968,2,11,VOLKSWAGEN GOLF,-1,-1,0,-1
2023010453834,2023,010453834,1,9,0,14,14,8,4,0,0,0,0,0,0,0,1,1,6,6,1,27,6,1968,2,14,VOLKSWAGEN GOLF,7,E01000665,0,-1
2023451281428,2023,451281428,3,9,0,3,3,1,5,0,0,8,0,0,0,0,2,1,5,6,1,28,6,1968,2,9,VOLKSWAGEN GOLF,10,E01030892,0,-1
2023010466669,2023,010466669,1,9,0,13,13,7,3,0,0,2,0,0,0,0,3,1,6,6,3,33,6,2000,1,14,VOLKSWAGEN GOLF,2,E01033641,0,-1
2023552300227,2023,552300227,1,9,0,18,19,4,8,0,0,0,5,0,8,10,1,1,6,6,2,50,8,1781,1,22,VOLKSWAGEN GOLF,3,E01015285,0,-1
2023622300924,2023,622300924,3,9,0,18,19,8,4,0,0,1,0,0,0,0,2,1,2,2,1,54,8,1896,2,16,VOLKSWAGEN GOLF,1,W01001276,0,-1
2023311373127,2023,311373127,2,9,0,4,4,3,7,0,0,0,0,0,0,0,2,1,2,2,2,41,7,1984,1,4,VOLKSWAGEN GOLF,2,E01028227,0,-1
2023440335983,2023,440335983,1,9,0,18,19,3,7,0,0,0,0,0,0,0,1,1,6,6,1,25,5,1197,1,9,VOLKSWAGEN GOLF,5,E01022543,0,-1
2023010465621,2023,010465621,1,9,0,18,19,7,3,0,0,0,0,0,0,0,1,1,6,6,3,-1,-1,-1,3,3,VOLKSWAGEN GOLF,-1,-1,0,-1
2023332301271,2023,332301271,1,9,0,5,5,5,1,0,0,6,0,0,0,0,1,1,1,1,1,-1,-1,1968,2,8,VOLKSWAGEN GOLF,-1,-1,0,-1
2023061273074,2023,061273074,1,9,-1,-1,-1,-1,-1,-1,-1,-1,-1,-1,-1,0,-1,1,6,6,3,-1,-1,1968,2,5,VOLKSWAGEN GOLF,-1,-1,0,-1
2023522301434,2023,522301434,2,9,0,18,19,5,1,0,0,8,0,0,0,0,3,1,6,6,2,50,8,1598,2,13,VOLKSWAGEN GOLF,5,E01014973,0,-1
2023522400659,2023,522400659,1,9,0,17,19,3,1,0,0,1,0,0,0,0,1,1,6,6,1,21,5,1900,2,17,VOLKSWAGEN GOLF,1,E01014802,0,-1
2023070955846,2023,070955846,2,9,0,3,3,1,5,0,0,3,0,9,1,11,3,1,6,6,2,60,9,1598,1,18,VOLKSWAGEN GOLF,9,E01018628,0,-1
2023451372562,2023,451372562,1,9,0,5,5,1,5,0,0,0,0,0,0,0,1,1,5,6,2,34,6,1968,2,9,VOLKSWAGEN GOLF,10,E01030680,0,-1
2023041359985,2023,041359985,1,9,0,18,19,3,7,0,0,0,1,0,1,0,1,1,5,6,1,22,5,1968,2,6,VOLKSWAGEN GOLF,3,E01024897,0,-1
2023522400595,2023,522400595,1,9,0,7,7,2,4,0,0,5,0,0,0,0,4,1,6,6,2,30,6,1598,2,12,VOLKSWAGEN GOLF,10,E01022893,0,-1
2023421317178,2023,421317178,2,9,0,18,19,7,4,0,0,1,0,0,0,0,1,1,5,6,2,54,8,1598,1,16,VOLKSWAGEN GOLF,6,E01021343,0,-1
2023531345902,2023,531345902,1,9,0,9,9,2,6,0,0,8,0,0,0,0,3,1,5,6,2,55,8,1498,8,1,VOLKSWAGEN GOLF,6,E01022380,0,-1
2023010427983,2023,010427983,2,9,0,99,99,9,9,99,99,9,9,99,9,99,9,9,6,6,3,-1,-1,1395,1,8,VOLKSWAGEN GOLF,6,E01029213,0,-1
2023010438881,2023,010438881,1,9,0,6,6,5,5,0,0,0,0,0,0,0,3,1,6,6,1,35,6,1197,1,9,VOLKSWAGEN GOLF,8,E01003421,0,-1
2023522301059,2023,522301059,2,9,0,9,9,3,1,0,0,6,0,0,0,0,1,1,6,6,2,18,4,1598,2,13,VOLKSWAGEN GOLF,6,E01015008,0,-1
2023061272761,2023,061272761,1,9,0,18,19,3,8,0,0,4,0,0,0,0,1,2,6,6,1,-1,-1,1968,2,14,VOLKSWAGEN GOLF,-1,-1,0,-1
2023131368300,2023,131368300,3,9,0,2,2,0,0,0,0,0,0,0,0,0,0,1,6,6,3,-1,-1,999,1,1,VOLKSWAGEN GOLF,-1,-1,0,-1
2023010460494,2023,010460494,1,9,0,99,99,9,9,0,0,0,0,0,0,0,3,9,2,2,1,35,6,1598,2,4,VOLKSWAGEN GOLF,4,E01001194,0,-1
2023211358590,2023,211358590,1,9,0,5,5,7,1,0,0,1,0,0,0,0,1,1,6,6,1,39,7,1598,2,6,VOLKSWAGEN GOLF,4,E01029535,0,-1
2023010463653,2023,010463653,2,9,0,99,99,9,9,99,99,0,9,99,9,99,1,9,6,6,3,-1,-1,1498,8,3,VOLKSWAGEN GOLF,-1,-1,0,-1
2023101312411,2023,101312411,1,9,0,18,19,5,1,0,0,2,0,0,0,0,1,1,6,6,1,36,7,1395,1,6,VOLKSWAGEN GOLF,-1,-1,0,-1
2023320715025,2023,320715025,1,9,0,16,19,4,8,0,0,0,5,0,0,4,1,1,6,6,1,26,6,1968,2,11,VOLKSWAGEN GOLF,1,E01026168,0,-1
2023131382526,2023,131382526,1,9,0,-1,-1,-1,-1,-1,-1,8,-1,-1,-1,0,1,1,6,6,3,-1,-1,1598,2,10,VOLKSWAGEN GOLF,-1,-1,0,-1
2023141295977,2023,141295977,1,9,0,18,19,7,3,0,0,0,0,0,0,0,1,1,6,6,1,49,8,1968,2,16,VOLKSWAGEN GOLF,2,E01007491,0,-1
2023320502709,2023,320502709,1,9,0,14,14,2,6,0,0,1,0,0,0,0,1,1,2,2,1,23,5,1390,1,19,VOLKSWAGEN GOLF,2,E01026111,0,-1
2023052300319,2023,052300319,1,9,0,18,19,1,5,0,0,0,0,0,0,0,1,1,6,6,1,-1,-1,1598,1,17,VOLKSWAGEN GOLF,-1,-1,0,-1
2023302301990,2023,302301990,2,9,0,18,19,8,3,0,0,8,0,0,0,0,3,1,6,6,2,51,8,1968,2,16,VOLKSWAGEN GOLF,-1,-1,0,-1
2023131333270,2023,131333270,2,9,0,18,19,7,3,0,0,8,0,0,0,0,3,1,6,6,2,30,6,1968,2,13,VOLKSWAGEN GOLF,3,E01011060,0,-1
2023451342033,2023,451342033,1,9,0,1,1,3,7,0,0,1,0,0,0,0,2,1,5,6,2,23,5,1598,1,16,VOLKSWAGEN GOLF,5,E01030981,0,-1
2023041375442,2023,041375442,3,9,0,2,2,0,0,0,0,0,0,0,0,0,1,1,6,6,3,-1,-1,1598,2,12,VOLKSWAGEN GOLF,-1,-1,0,-1
202363C019423,2023,63C019423,1,9,0,1,1,4,8,0,0,0,0,0,0,0,2,1,6,6,2,39,7,1598,2,13,VOLKSWAGEN GOLF,4,W01000603,0,-1
2023101373462,2023,101373462,1,9,0,13,13,5,1,0,0,0,5,0,0,0,1,1,6,6,1,24,5,1395,1,6,VOLKSWAGEN GOLF,2,-1,0,-1
2023411339396,2023,411339396,1,9,0,5,5,4,7,0,0,0,0,0,0,0,1,1,5,6,2,28,6,1395,1,6,VOLKSWAGEN GOLF,1,E01001410,0,-1
2023461324216,2023,461324216,1,9,0,18,19,3,7,0,0,0,5,0,0,0,1,1,5,6,2,37,7,1896,2,18,VOLKSWAGEN GOLF,10,E01024745,0,-1
2023010470841,2023,010470841,2,9,0,99,99,9,9,99,99,0,9,99,9,99,9,9,6,6,2,47,8,1598,1,16,VOLKSWAGEN GOLF,2,E01003995,0,-1
2023201295795,2023,201295795,1,9,0,5,5,1,5,0,0,0,0,4,0,0,1,1,5,6,1,18,4,1984,1,12,VOLKSWAGEN GOLF,2,E01009342,0,-1
2023471275065,2023,471275065,1,9,0,18,19,1,5,5,5,0,1,4,1,11,1,1,5,6,1,26,6,1395,1,7,VOLKSWAGEN GOLF,6,E01031472,0,-1
2023991315525,2023,991315525,1,9,0,18,19,7,3,0,0,0,0,0,0,0,1,2,2,2,1,55,8,1896,2,15,VOLKSWAGEN GOLF,10,-1,0,-1
2023161377611,2023,161377611,1,9,0,3,3,6,2,0,0,1,0,0,0,0,2,1,5,6,1,31,6,1598,2,10,VOLKSWAGEN GOLF,7,E01013011,0,-1
2023010444242,2023,010444242,6,9,0,18,19,8,4,0,0,0,0,0,0,0,2,1,2,2,1,40,7,1600,1,18,VOLKSWAGEN GOLF,-1,-1,0,-1
2023522300979,2023,522300979,2,9,0,4,4,5,1,0,0,2,0,0,0,0,2,1,6,6,1,-1,-1,1395,1,10,VOLKSWAGEN GOLF,-1,-1,0,-1
2023430283104,2023,430283104,1,9,0,9,9,8,6,0,0,4,0,0,0,0,1,1,6,6,2,74,10,1498,1,5,VOLKSWAGEN GOLF,7,E01016285,0,-1
2023311350073,2023,311350073,1,9,0,13,13,3,7,0,0,2,0,0,1,4,2,1,6,6,1,30,6,1968,2,14,VOLKSWAGEN GOLF,1,E01013825,0,-1
2023451328412,2023,451328412,1,9,0,5,5,2,6,0,0,1,0,0,0,0,1,1,5,6,2,55,8,1595,1,20,VOLKSWAGEN GOLF,9,E01030389,0,-1
2023461337422,2023,461337422,2,9,0,18,19,7,3,0,0,8,0,0,0,0,1,1,5,6,2,33,6,1968,2,7,VOLKSWAGEN GOLF,9,E01024369,0,-1
2023231286458,2023,231286458,1,9,0,9,9,2,8,0,0,6,0,0,0,0,1,1,1,1,1,37,7,1598,2,11,VOLKSWAGEN GOLF,2,E01029842,0,-1
2023010480326,2023,010480326,1,9,0,99,99,9,9,99,99,9,9,99,9,99,9,9,6,6,1,19,4,1395,1,8,VOLKSWAGEN GOLF,9,E01000884,0,-1
2023451302395,2023,451302395,1,9,0,18,19,8,4,0,0,0,0,0,0,0,1,1,2,2,1,24,5,1390,1,17,VOLKSWAGEN GOLF,3,E01001267,0,-1
2023351368554,2023,351368554,2,9,0,3,3,4,2,0,0,1,0,0,0,0,2,1,6,6,1,46,8,1390,1,17,VOLKSWAGEN GOLF,5,E01018163,0,-1
2023461333050,2023,461333050,1,9,0,18,19,6,2,0,0,4,0,9,1,0,1,1,6,6,2,29,6,1598,2,12,VOLKSWAGEN GOLF,5,E01024774,0,-1
2023332301072,2023,332301072,2,9,0,18,19,3,7,0,0,0,0,0,0,0,1,1,6,6,2,-1,-1,1598,2,10,VOLKSWAGEN GOLF,-1,-1,0,-1
2023161315641,2023,161315641,2,9,0,18,19,1,5,2,2,8,0,0,0,0,4,1,5,6,2,65,9,1968,2,6,VOLKSWAGEN GOLF,7,E01013290,0,-1
2023320336113,2023,320336113,1,9,0,18,19,2,6,0,0,0,0,0,1,4,1,1,1,1,1,21,5,1395,1,6,VOLKSWAGEN GOLF,-1,-1,0,-1
2023041381440,2023,041381440,2,9,0,18,19,1,5,0,0,0,0,0,0,0,2,1,1,1,1,30,6,1498,1,5,VOLKSWAGEN GOLF,6,E01012618,0,-1
2023430477396,2023,430477396,2,9,0,9,9,5,3,0,0,0,0,0,0,0,1,1,6,6,3,-1,-1,1600,2,13,VOLKSWAGEN GOLF,-1,-1,0,-1
2023501392133,2023,501392133,2,9,0,9,9,1,7,0,0,1,0,0,0,0,1,1,5,6,2,55,8,2000,1,17,VOLKSWAGEN GOLF,7,E01020318,0,-1
2023340WN1122,2023,340WN1122,1,9,0,18,19,1,7,0,0,1,0,0,0,0,1,1,6,6,2,38,7,1968,2,15,VOLKSWAGEN GOLF,2,E01027223,0,-1
2023221295058,2023,221295058,2,9,0,9,9,2,1,0,0,6,0,0,0,0,3,1,5,6,2,58,9,1498,1,4,VOLKSWAGEN GOLF,7,E01014029,0,-1
2023471383057,2023,471383057,1,9,0,9,9,8,6,0,0,6,0,0,0,0,3,1,5,6,2,31,6,1984,1,4,VOLKSWAGEN GOLF,7,E01031396,0,-1
2023061290165,2023,061290165,1,9,0,9,9,6,4,0,0,8,0,0,0,0,1,1,1,1,1,33,6,1896,2,15,VOLKSWAGEN GOLF,3,E01005495,0,-1
2023461354227,2023,461354227,2,9,0,18,19,3,7,0,0,0,0,0,0,0,1,1,6,6,1,-1,-1,1896,2,15,VOLKSWAGEN GOLF,9,E01024792,0,-1
2023201285296,2023,201285296,3,9,0,2,2,0,0,0,0,1,0,0,0,0,3,1,6,6,3,-1,-1,1598,2,8,VOLKSWAGEN GOLF,-1,-1,0,-1
2023622300078,2023,622300078,2,9,0,16,19,1,5,0,0,8,0,0,0,0,4,1,6,6,1,17,4,1598,2,6,VOLKSWAGEN GOLF,3,W01001052,0,-1
2023010432369,2023,010432369,1,9,0,5,5,7,3,3,2,2,0,0,0,0,1,1,6,6,1,18,4,1498,1,5,VOLKSWAGEN GOLF,7,E01023335,0,-1
2023231298198,2023,231298198,1,9,0,18,19,2,6,0,0,8,0,0,0,0,1,1,6,6,1,31,6,1900,2,18,VOLKSWAGEN GOLF,-1,-1,0,-1
2023401285980,2023,401285980,2,9,0,13,13,1,5,0,0,0,0,0,0,0,4,1,5,6,2,63,9,1390,1,21,VOLKSWAGEN GOLF,8,E01025781,0,-1
2023010485594,2023,010485594,2,9,0,99,99,9,9,99,99,9,9,99,9,99,9,9,6,6,3,-1,-1,1498,8,3,VOLKSWAGEN GOLF,-1,-1,0,-1
2023031383563,2023,031383563,1,9,0,18,19,1,4,0,0,0,0,0,0,0,1,1,5,6,2,51,8,1598,2,7,VOLKSWAGEN GOLF,5,E01019226,0,-1
2023430196358,2023,430196358,2,9,0,18,19,6,2,0,0,0,0,0,0,0,2,1,2,2,2,46,8,1598,2,9,VOLKSWAGEN GOLF,9,E01026293,0,-1
2023111348991,2023,111348991,1,9,0,9,9,5,7,0,0,1,0,0,0,0,1,1,6,6,1,20,4,1600,2,13,VOLKSWAGEN GOLF,-1,-1,0,-1
2023201279342,2023,201279342,2,9,0,3,3,6,2,0,0,1,0,0,0,0,1,1,6,6,2,39,7,1197,1,10,VOLKSWAGEN GOLF,1,E01010450,0,-1
2023451277756,2023,451277756,2,9,0,2,2,0,0,0,0,0,0,0,0,0,4,1,6,6,3,-1,-1,1395,1,6,VOLKSWAGEN GOLF,-1,-1,0,-1
2023010459173,2023,010459173,2,9,0,99,99,9,9,99,99,9,9,99,9,99,9,9,6,6,3,-1,-1,1600,2,14,VOLKSWAGEN GOLF,2,E01007405,0,-1
2023401345040,2023,401345040,1,9,0,18,19,5,1,0,0,0,1,0,0,0,1,1,6,6,1,24,5,1598,1,17,VOLKSWAGEN GOLF,-1,-1,0,-1
2023010451407,2023,010451407,1,9,0,18,19,1,5,0,0,1,0,0,0,0,2,1,6,6,2,22,5,1984,1,16,VOLKSWAGEN GOLF,1,E01004250,0,-1
2023520301765,2023,520301765,2,9,0,18,19,4,8,0,0,0,0,0,0,0,3,1,6,6,2,70,10,1395,1,7,VOLKSWAGEN GOLF,6,E01029221,0,-1
2023320159096,2023,320159096,1,9,0,18,19,8,4,0,0,4,0,0,0,0,1,1,6,6,1,78,11,999,1,6,VOLKSWAGEN GOLF,7,E01026351,0,-1
2023131260778,2023,131260778,2,9,0,5,5,1,5,0,0,6,0,0,0,0,1,1,5,6,2,37,7,1968,2,10,VOLKSWAGEN GOLF,2,E01011259,0,-1
2023141265444,2023,141265444,1,9,0,18,19,5,1,0,0,8,0,0,0,0,2,1,5,6,2,34,6,1395,1,9,VOLKSWAGEN GOLF,6,E01027479,0,-1
2023010426927,2023,010426927,1,9,0,3,3,6,2,1,1,4,1,0,0,0,2,1,6,6,2,40,7,1598,1,17,VOLKSWAGEN GOLF,6,E01030755,0,-1
2023501268960,2023,501268960,1,9,0,4,4,5,1,0,0,1,0,0,0,0,1,1,5,6,1,18,4,1968,2,14,VOLKSWAGEN GOLF,8,E01020066,0,-1
2023430097144,2023,430097144,1,9,0,18,19,1,5,0,0,0,0,0,0,0,4,1,2,2,2,46,8,1968,2,10,VOLKSWAGEN GOLF,10,E01023824,0,-1
2023451351563,2023,451351563,1,9,0,9,9,8,5,0,0,3,1,0,0,0,4,1,5,6,1,35,6,1800,1,24,VOLKSWAGEN GOLF,7,E01030420,0,-1
2023041420506,2023,041420506,2,9,0,18,19,1,5,0,0,0,0,0,0,0,1,1,6,6,1,21,5,1498,1,2,VOLKSWAGEN GOLF,9,E01025211,0,-1
2023411368425,2023,411368425,1,9,-1,-1,-1,-1,-1,-1,-1,-1,-1,-1,-1,0,-1,1,6,6,1,18,4,1598,2,11,VOLKSWAGEN GOLF,8,E01033026,0,-1
2023501348122,2023,501348122,2,9,0,4,4,1,3,0,0,0,0,0,0,0,1,1,5,6,1,28,6,1390,1,11,VOLKSWAGEN GOLF,1,E01001838,0,-1
2023471358001,2023,471358001,1,9,0,18,19,4,8,0,0,0,1,0,0,0,1,1,1,1,1,20,4,999,1,5,VOLKSWAGEN GOLF,8,E01031694,0,-1
2023451353752,2023,451353752,2,9,0,9,9,7,5,0,0,6,0,0,0,0,1,1,6,6,2,30,6,1390,1,12,VOLKSWAGEN GOLF,-1,-1,0,-1
2023361288724,2023,361288724,2,9,0,18,19,4,8,0,0,8,0,0,0,0,1,1,1,1,2,63,9,1968,2,13,VOLKSWAGEN GOLF,3,E01026696,0,-1
2023131389183,2023,131389183,3,9,0,2,2,0,0,0,0,0,0,0,0,0,0,2,6,6,3,-1,-1,1968,2,8,VOLKSWAGEN GOLF,-1,-1,0,-1
2023440263148,2023,440263148,1,9,0,18,19,7,3,0,0,1,0,0,0,0,1,1,6,6,1,43,7,2000,1,17,VOLKSWAGEN GOLF,7,E01016321,0,-1
2023211374954,2023,211374954,2,9,0,18,19,7,3,0,0,0,1,10,4,0,2,1,6,6,1,52,8,1896,2,14,VOLKSWAGEN GOLF,1,E01014366,0,-1
2023141341012,2023,141341012,1,9,0,18,19,3,7,0,0,1,0,0,0,0,1,1,5,6,2,55,8,1498,1,4,VOLKSWAGEN GOLF,7,E01011176,0,-1
2023610017323,2023,610017323,1,9,0,17,19,4,2,0,0,1,1,0,3,11,1,1,1,1,1,27,6,1598,2,13,VOLKSWAGEN GOLF,1,W01001687,0,-1
2023061293520,2023,061293520,2,9,0,18,19,2,6,0,0,8,0,0,0,0,4,1,6,6,1,31,6,1598,2,8,VOLKSWAGEN GOLF,3,E01006007,0,-1
2023991391866,2023,991391866,2,9,0,5,5,5,1,0,0,0,0,0,0,0,2,1,5,6,2,32,6,1498,1,4,VOLKSWAGEN GOLF,4,-1,0,-1
2023161295890,2023,161295890,2,9,0,4,4,6,2,0,0,1,0,0,0,0,2,1,6,6,1,33,6,2000,2,19,VOLKSWAGEN GOLF,1,E01012779,0,-1
2023430074573,2023,430074573,1,9,0,18,19,5,1,0,0,1,0,0,0,0,0,1,2,2,2,24,5,1498,1,6,VOLKSWAGEN GOLF,-1,-1,0,-1
2023131350517,2023,131350517,1,9,0,6,6,4,8,0,0,2,0,0,0,0,0,1,6,6,3,-1,-1,1598,2,12,VOLKSWAGEN GOLF,-1,-1,0,-1
2023141357767,2023,141357767,1,9,0,11,11,7,3,0,0,0,0,0,0,0,1,1,5,6,1,18,4,999,1,4,VOLKSWAGEN GOLF,8,E01025681,0,-1
2023010453949,2023,010453949,1,9,0,99,99,9,9,99,99,9,9,99,9,99,9,9,6,6,1,32,6,1984,1,1,VOLKSWAGEN GOLF,10,E01024150,0,-1
2023141280148,2023,141280148,2,9,0,7,7,3,5,0,0,1,0,0,0,0,1,1,6,6,1,-1,-1,1600,2,14,VOLKSWAGEN GOLF,-1,-1,0,-1
2023401362423,2023,401362423,2,9,0,18,19,1,5,0,0,1,0,0,0,0,1,1,1,1,1,24,5,1598,2,10,VOLKSWAGEN GOLF,4,E01015782,0,-1
2023010438894,2023,010438894,2,9,0,99,99,9,9,99,99,9,9,99,9,99,1,9,6,6,3,69,10,1896,2,26,VOLKSWAGEN GOLF,1,E01004286,0,-1
2023031337716,2023,031337716,1,9,0,18,19,2,6,0,0,0,5,0,1,9,1,1,6,6,1,31,6,1968,2,15,VOLKSWAGEN GOLF,3,E01019135,0,-1
2023201277815,2023,201277815,1,9,0,9,9,2,8,0,0,6,0,10,3,0,1,1,6,6,1,44,7,1968,2,13,VOLKSWAGEN GOLF,1,E01010543,0,-1
2023041349262,2023,041349262,1,9,0,9,9,8,6,0,0,6,0,0,0,0,4,1,5,6,1,22,5,1968,2,7,VOLKSWAGEN GOLF,7,E01025270,0,-1
2023041316603,2023,041316603,1,9,0,18,19,2,5,0,0,1,0,0,0,0,1,1,6,6,1,52,8,1390,1,14,VOLKSWAGEN GOLF,2,E01025091,0,-1
2023371318953,2023,371318953,3,9,0,4,4,1,5,0,0,4,0,0,0,0,2,1,5,6,1,31,6,1598,2,10,VOLKSWAGEN GOLF,6,E01030099,0,-1
2023421373168,2023,421373168,1,9,0,18,19,5,1,0,0,0,2,6,7,0,1,1,6,6,1,28,6,1498,1,5,VOLKSWAGEN GOLF,7,E01003763,0,-1
2023440021108,2023,440021108,3,9,0,4,4,5,1,0,0,0,0,0,0,0,1,1,2,2,3,-1,-1,1390,1,13,VOLKSWAGEN GOLF,-1,-1,0,-1
2023010451193,2023,010451193,1,9,0,18,19,5,1,0,0,8,0,0,0,0,1,1,6,6,1,37,7,2000,1,14,VOLKSWAGEN GOLF,5,E01000265,0,-1
2023172301026,2023,172301026,1,9,0,12,12,1,5,0,0,0,0,0,0,0,3,1,1,1,1,17,4,1197,1,8,VOLKSWAGEN GOLF,9,E01033478,0,-1
2023221372131,2023,221372131,1,9,0,4,4,6,2,0,0,2,0,0,0,0,3,1,2,2,2,64,9,1984,1,2,VOLKSWAGEN GOLF,5,E01032279,0,-1
2023401315442,2023,401315442,1,9,0,18,19,1,5,0,0,0,1,0,0,0,1,1,2,2,1,23,5,1896,2,23,VOLKSWAGEN GOLF,7,E01017478,0,-1
2023131272599,2023,131272599,2,9,0,18,19,1,5,0,0,1,0,0,0,0,1,1,5,6,1,22,5,1598,2,10,VOLKSWAGEN GOLF,2,E01011262,0,-1
2023471334339,2023,471334339,2,9,0,18,19,3,8,0,0,8,0,0,0,0,4,1,6,6,1,18,4,1598,1,16,VOLKSWAGEN GOLF,7,E01021022,0,-1
2023501278534,2023,501278534,1,9,0,17,19,1,6,0,0,0,0,0,0,0,1,1,6,6,1,19,4,1896,2,21,VOLKSWAGEN GOLF,3,E01019036,0,-1
202363C015623,2023,63C015623,2,9,0,4,4,8,4,0,0,0,0,0,0,0,2,1,6,6,1,42,7,1598,1,17,VOLKSWAGEN GOLF,8,W01000616,0,-1
2023332301167,2023,332301167,1,9,0,7,7,1,3,0,0,6,0,0,0,0,4,1,6,6,2,73,10,1390,1,11,VOLKSWAGEN GOLF,6,E01025910,0,-1
2023070370265,2023,070370265,2,9,0,4,4,1,5,0,0,6,0,0,0,0,2,1,6,6,2,38,7,1498,1,1,VOLKSWAGEN GOLF,9,E01018508,0,-1
2023010432958,2023,010432958,1,9,0,18,19,5,1,0,0,0,2,0,5,6,2,1,6,6,1,23,5,1984,1,6,VOLKSWAGEN GOLF,6,E01003676,0,-1
2023461341149,2023,461341149,3,9,0,18,19,7,3,0,0,0,1,0,6,0,4,1,6,6,1,32,6,999,1,4,VOLKSWAGEN GOLF,4,E01024579,0,-1
2023111379439,2023,111379439,1,9,0,18,19,6,8,0,0,0,0,4,0,0,4,1,6,6,3,30,6,1968,2,9,VOLKSWAGEN GOLF,-1,-1,0,-1
2023221356313,2023,221356313,2,9,0,18,19,1,5,0,0,0,0,0,0,0,1,1,5,6,2,52,8,1598,2,7,VOLKSWAGEN GOLF,5,E01028893,0,-1
2023501288003,2023,501288003,1,9,0,18,19,6,2,0,0,0,0,4,0,0,1,1,5,6,1,91,11,1598,2,7,VOLKSWAGEN GOLF,5,E01020213,0,-1
2023131277832,2023,131277832,2,9,0,18,19,1,5,0,0,8,0,0,0,0,1,1,5,6,1,30,6,1600,1,18,VOLKSWAGEN GOLF,3,E01010657,0,-1
2023201284826,2023,201284826,1,9,0,18,19,1,5,0,0,0,0,0,0,0,1,1,2,2,1,20,4,1984,1,4,VOLKSWAGEN GOLF,4,E01013705,0,-1
2023545132723,2023,545132723,1,9,0,9,9,2,1,0,0,1,0,0,0,0,4,1,6,6,1,20,4,1598,2,9,VOLKSWAGEN GOLF,9,E01031878,0,-1
2023520400407,2023,520400407,2,9,0,18,19,2,6,0,0,0,0,0,0,0,1,1,6,6,2,30,6,1968,2,9,VOLKSWAGEN GOLF,4,E01018972,0,-1
2023421260115,2023,421260115,1,9,0,6,6,6,2,0,0,0,0,0,0,0,1,1,6,6,1,79,11,1896,2,20,VOLKSWAGEN GOLF,5,E01021550,0,-1
2023141371861,2023,141371861,2,9,0,18,19,0,0,0,0,1,0,0,0,0,1,1,6,6,2,29,6,1390,1,12,VOLKSWAGEN GOLF,1,E01007377,0,-1
2023622300766,2023,622300766,2,9,0,4,4,8,4,0,0,0,0,0,0,0,2,1,6,6,2,35,6,1968,2,15,VOLKSWAGEN GOLF,2,W01000964,0,-1
2023161376457,2023,161376457,2,9,0,18,19,7,3,0,0,1,0,0,0,0,1,1,5,6,1,50,8,1968,2,13,VOLKSWAGEN GOLF,10,E01012924,0,-1
2023141263427,2023,141263427,1,9,0,18,19,4,8,0,0,8,0,0,0,0,1,1,6,6,1,23,5,1984,1,6,VOLKSWAGEN GOLF,3,E01007747,0,-1
2023201330844,2023,201330844,1,9,0,18,19,6,8,0,0,4,0,9,0,0,1,1,6,6,3,-1,-1,1984,1,6,VOLKSWAGEN GOLF,-1,-1,0,-1
2023161377070,2023,161377070,2,9,0,2,2,0,0,0,0,1,0,0,0,0,3,1,6,6,3,-1,-1,1968,2,13,VOLKSWAGEN GOLF,-1,-1,0,-1
2023131378858,2023,131378858,1,9,0,18,19,3,7,0,0,8,0,0,0,0,1,1,5,6,1,48,8,1900,2,17,VOLKSWAGEN GOLF,5,E01010795,0,-1
2023501283706,2023,501283706,1,9,0,17,19,5,4,0,0,1,2,11,7,11,3,1,5,6,2,27,6,1900,2,17,VOLKSWAGEN GOLF,6,E01018852,0,-1
2023010433937,2023,010433937,1,9,0,18,19,7,3,0,0,0,0,0,0,0,1,1,6,6,1,35,6,1390,1,12,VOLKSWAGEN GOLF,-1,-1,0,-1
2023340WN4262,2023,340WN4262,2,9,0,3,3,7,3,0,0,0,0,0,0,0,2,1,1,1,1,59,9,1896,2,21,VOLKSWAGEN GOLF,7,E01027143,0,-1
2023061276856,2023,061276856,1,9,-1,-1,-1,-1,-1,-1,-1,0,-1,-1,-1,0,-1,1,6,6,3,-1,-1,1390,1,12,VOLKSWAGEN GOLF,8,E01005852,0,-1
2023471382272,2023,471382272,1,9,0,5,5,2,4,0,0,4,0,0,0,0,1,1,2,2,2,49,8,1197,1,9,VOLKSWAGEN GOLF,8,E01031618,0,-1
2023622300630,2023,622300630,1,9,0,5,5,4,8,0,0,1,0,0,0,0,1,1,6,6,1,31,6,1598,2,13,VOLKSWAGEN GOLF,1,W01001661,0,-1
2023421321203,2023,421321203,1,9,0,1,1,1,5,0,0,0,0,0,0,0,2,1,6,6,1,69,10,1968,2,9,VOLKSWAGEN GOLF,7,E01021407,0,-1