collision_index,collision_year,collision_ref_no,vehicle_reference,vehicle_type,towing_and_articulation,vehicle_manoeuvre_historic,vehicle_manoeuvre,vehicle_direction_from,vehicle_direction_to,vehicle_location_restricted_lane_historic,vehicle_location_restricted_lane,junction_location,skidding_and_overturning,hit_object_in_carriageway,vehicle_leaving_carriageway,hit_object_off_carriageway,first_point_of_impact,vehicle_left_hand_drive,journey_purpose_of_driver_historic,journey_purpose_of_driver,sex_of_driver,age_of_driver,age_band_of_driver,engine_capacity_cc,propulsion_code,age_of_vehicle,generic_make_model,driver_imd_decile,lsoa_of_driver,escooter_flag,driver_distance_banding
2023471359555,2023,471359555,1,4,0,18,19,7,3,0,0,0,1,0,1,0,4,1,6,6,1,57,9,150,1,43,-1,5,E01031832,0,-1
2023311304404,2023,311304404,2,9,0,16,19,5,8,0,0,0,0,0,1,0,1,1,5,6,1,67,10,1490,1,0,MG HS,-1,-1,0,-1
2023010486661,2023,010486661,2,9,0,99,99,9,9,99,99,9,9,99,9,99,1,9,6,6,3,68,10,1490,1,0,MG HS,-1,-1,0,-1
2023052302506,2023,052302506,2,9,0,18,19,3,7,0,0,0,0,0,0,0,2,1,1,1,2,33,6,1490,1,3,MG HS,6,E01006621,0,-1
2023131358702,2023,131358702,2,9,0,18,19,1,1,0,0,1,0,0,0,0,1,1,5,6,1,49,8,1490,1,1,MG HS,1,E01010966,0,-1
2023411301633,2023,411301633,1,9,0,18,19,2,7,0,0,5,2,0,1,0,4,1,5,6,1,36,7,1490,8,1,MG HS,5,E01023584,0,-1
2023991331622,2023,991331622,2,9,0,18,19,5,1,0,0,0,0,0,0,0,1,1,5,6,1,69,10,1490,1,0,MG HS,4,-1,0,-1
2023131373459,2023,131373459,1,9,0,9,9,3,1,0,0,8,0,0,0,0,1,1,5,6,1,61,9,1490,1,0,MG HS,1,E01010822,0,-1
2023010458055,2023,010458055,1,9,0,18,19,5,1,0,0,8,0,0,7,2,1,1,6,6,1,25,5,1490,1,0,MG HS,2,E01003595,0,-1
2023111304220,2023,111304220,1,9,0,5,5,3,7,0,0,0,0,0,0,0,1,1,6,6,1,30,6,1490,1,1,MG HS,4,E01020614,0,-1
2023451315655,2023,451315655,1,9,0,18,19,5,1,0,0,0,0,0,0,0,4,1,6,6,2,49,8,1490,1,3,MG HS,10,E01030558,0,-1
2023052303068,2023,052303068,2,9,0,18,19,5,1,0,0,8,0,0,0,0,1,1,6,6,1,58,9,1490,1,2,MG HS,6,E01006951,0,-1
2023041310021,2023,041310021,2,9,0,18,19,3,7,0,0,8,0,0,0,0,1,1,3,7,1,47,8,1490,1,0,MG HS,4,E01025276,0,-1
2023421315545,2023,421315545,1,9,0,4,4,8,4,0,0,0,0,0,0,0,2,1,6,6,1,52,8,1490,1,1,MG HS,-1,-1,0,-1
2023010448671,2023,010448671,2,9,0,18,19,1,5,0,0,1,0,0,0,0,4,1,6,6,1,39,7,1490,1,0,MG HS,1,E01001080,0,-1
2023421282650,2023,421282650,1,9,0,16,19,7,3,9,9,0,0,0,0,0,4,1,6,6,2,55,8,1490,1,1,MG HS,6,E01022002,0,-1
2023461375606,2023,461375606,3,9,0,3,3,7,3,0,0,0,0,0,0,0,2,1,1,1,2,58,9,1490,1,1,MG HS,2,E01016161,0,-1
2023010451375,2023,010451375,2,9,0,99,99,9,9,99,99,9,9,99,9,99,9,9,6,6,3,29,6,1490,1,0,MG HS,4,E01003077,0,-1
2023201411453,2023,201411453,1,9,0,18,19,8,2,0,0,0,0,0,0,0,1,1,1,1,1,23,5,1490,1,1,MG HS,1,E01033643,0,-1
2023010448044,2023,010448044,1,9,0,7,7,1,3,0,0,6,0,0,1,0,1,1,6,6,1,54,8,1490,1,1,MG HS,3,E01002695,0,-1
2023471312172,2023,471312172,1,9,0,18,19,7,3,0,0,0,0,0,0,0,1,1,5,6,2,33,6,1490,1,1,MG HS,-1,-1,0,-1
2023010475465,2023,010475465,2,9,0,99,99,9,9,99,99,9,9,99,9,99,1,9,6,6,1,-1,-1,1490,1,1,MG HS,3,E01004066,0,-1
2023010438372,2023,010438372,1,9,0,5,5,5,1,0,0,8,0,0,0,0,3,1,6,6,2,64,9,1490,1,1,MG HS,2,E01000600,0,-1
2023061371185,2023,061371185,1,9,0,9,9,5,3,0,0,8,0,0,0,0,4,1,6,6,2,41,7,1490,1,0,MG HS,1,E01004861,0,-1
2023371371559,2023,371371559,4,9,0,10,10,8,5,0,0,0,0,0,0,0,2,1,3,7,1,64,9,1490,1,1,MG HS,5,E01030266,0,-1
2023991269956,2023,991269956,2,9,0,18,19,5,1,0,0,0,0,0,0,0,1,1,6,6,1,75,10,1490,1,1,MG HS,3,-1,0,-1
2023221330662,2023,221330662,4,9,0,2,2,0,0,0,0,0,0,0,0,0,1,1,5,6,1,71,10,1490,1,2,MG HS,5,E01014014,0,-1
2023170S30033,2023,170S30033,2,9,0,8,8,6,8,0,0,1,0,0,0,0,2,1,6,6,1,45,7,1490,1,2,MG HS,4,E01012240,0,-1
2023320658428,2023,320658428,1,9,0,9,9,6,3,0,0,2,0,0,0,0,4,1,6,6,1,49,8,1490,1,2,MG HS,-1,-1,0,-1
2023461361342,2023,461361342,2,9,0,2,2,0,0,0,0,1,0,4,0,0,4,1,6,6,3,-1,-1,1490,1,0,MG HS,-1,-1,0,-1
2023052302842,2023,052302842,1,9,0,5,5,8,4,0,0,6,0,0,0,0,1,1,6,6,2,25,5,1490,1,0,MG HS,1,E01006630,0,-1
2023161342016,2023,161342016,1,9,0,18,19,7,3,0,0,8,0,0,0,0,1,1,5,6,2,36,7,1490,1,0,MG HS,1,E01012855,0,-1
2023451275882,2023,451275882,1,9,0,18,19,3,7,0,0,0,0,0,7,0,1,1,5,6,1,51,8,1490,1,3,MG HS,-1,-1,0,-1
2023471337629,2023,471337629,2,9,0,17,19,5,1,0,0,0,0,0,0,0,1,1,5,6,2,73,10,1490,1,0,MG HS,10,E01031389,0,-1
2023440494140,2023,440494140,2,9,0,18,19,7,3,0,0,8,0,0,0,0,1,1,6,6,2,61,9,1490,1,0,MG HS,3,E01017228,0,-1
2023070308748,2023,070308748,1,9,0,7,7,7,3,0,0,4,0,0,0,0,1,1,6,6,1,38,7,1490,8,1,MG HS,7,E01018393,0,-1
2023461308161,2023,461308161,1,9,0,17,19,7,2,0,0,8,0,0,0,0,1,1,6,6,1,22,5,1490,1,1,MG HS,5,E01000488,0,-1
2023141369590,2023,141369590,1,9,0,9,9,4,2,0,0,3,0,0,1,10,1,1,6,6,1,58,9,1490,1,1,MG HS,1,E01007634,0,-1
2023201415186,2023,201415186,1,9,0,5,5,6,2,0,0,0,0,0,0,0,1,1,6,6,1,49,8,1490,1,0,MG HS,9,E01010547,0,-1
2023501322468,2023,501322468,2,9,0,18,19,7,3,0,0,0,0,0,0,0,2,1,5,6,1,34,6,1490,1,0,MG HS,7,E01029974,0,-1
2023531387104,2023,531387104,1,9,0,18,19,1,5,0,0,1,0,0,0,0,1,1,5,6,1,41,7,1490,1,0,MG HS,4,E01022331,0,-1
2023440162148,2023,440162148,2,9,0,15,15,3,7,0,0,1,0,0,0,0,1,1,6,6,1,53,8,1490,1,2,MG HS,-1,-1,0,-1
2023101372200,2023,101372200,2,9,0,18,19,5,1,0,0,0,0,0,0,0,3,1,6,6,1,51,8,1490,1,1,MG HS,5,E01027445,0,-1
2023010479726,2023,010479726,1,9,0,13,13,1,5,0,0,2,0,0,7,0,1,1,6,6,1,22,5,1490,1,0,MG HS,-1,-1,0,-1
2023430114914,2023,430114914,1,9,0,18,19,3,7,0,0,0,0,0,0,0,1,1,2,2,1,59,9,1490,8,1,MG HS,8,E01017679,0,-1
2023131283194,2023,131283194,2,9,0,17,19,1,5,0,0,8,0,0,0,0,4,1,6,6,1,23,5,1490,1,0,MG HS,3,E01032606,0,-1
2023401278400,2023,401278400,1,9,0,18,19,5,1,0,0,8,0,0,0,0,1,1,1,1,1,66,10,1490,8,3,MG HS,7,E01015695,0,-1
2023421308989,2023,421308989,1,9,0,18,19,8,4,0,0,0,0,0,0,0,3,1,6,6,2,28,6,1490,1,2,MG HS,-1,-1,0,-1
2023430531041,2023,430531041,1,9,0,18,19,8,4,0,0,1,0,0,0,0,1,1,6,6,1,50,8,1490,1,0,MG HS,-1,-1,0,-1
2023010464813,2023,010464813,2,9,0,99,99,9,9,99,99,0,9,99,9,99,2,9,6,6,3,-1,-1,1490,1,0,MG HS,-1,-1,0,-1
2023101355768,2023,101355768,1,9,0,18,19,3,7,0,0,0,0,0,0,0,1,1,5,6,2,64,9,1490,1,0,MG HS,2,E01008512,0,-1
2023471332203,2023,471332203,2,9,0,10,10,4,2,0,0,8,0,0,0,0,2,1,5,6,2,44,7,1490,1,1,MG HS,1,E01020972,0,-1
2023010478644,2023,010478644,1,9,0,9,9,6,4,0,0,8,0,4,0,0,2,1,6,6,1,26,6,1490,1,0,MG HS,6,E01004637,0,-1
2023052302895,2023,052302895,1,9,0,18,19,2,4,0,0,5,0,0,0,0,3,1,6,6,2,44,7,1490,1,2,MG HS,2,E01006898,0,-1
2023052302043,2023,052302043,2,9,0,7,7,7,3,0,0,1,0,0,0,0,1,1,6,6,1,45,7,1490,1,1,MG HS,5,E01006490,0,-1
2023010461309,2023,010461309,2,9,0,18,19,7,3,0,0,3,0,9,4,2,4,1,6,6,1,44,7,1490,1,0,MG HS,-1,-1,0,-1
2023991266600,2023,991266600,1,9,0,18,19,3,8,0,0,3,0,0,0,0,1,1,6,6,3,34,6,1490,1,3,MG HS,3,-1,0,-1
2023010432923,2023,010432923,4,9,0,18,19,3,7,0,0,0,0,0,0,0,4,1,6,6,1,45,7,1490,1,1,MG HS,2,E01000075,0,-1
2023411398474,2023,411398474,2,9,0,18,19,4,8,0,0,8,0,0,7,2,1,1,6,6,1,42,7,1490,1,0,MG HS,2,E01017594,0,-1
2023052301553,2023,052301553,1,9,0,18,19,2,6,0,0,0,0,0,0,0,1,1,6,6,1,37,7,1490,1,0,MG HS,1,E01006672,0,-1
2023622300242,2023,622300242,2,8,0,2,2,0,0,0,0,0,0,0,0,0,2,1,3,7,2,32,6,1490,1,1,-1,1,W01000814,0,-1
2023061266391,2023,061266391,4,9,0,18,19,4,4,0,0,1,0,0,0,0,0,1,5,6,2,51,8,1490,1,2,MG HS,-1,-1,0,-1
2023131397236,2023,131397236,2,9,0,18,19,5,5,0,0,4,0,0,0,0,1,1,5,6,2,62,9,1490,1,3,MG HS,1,E01011739,0,-1
2023440506690,2023,440506690,3,9,0,2,2,0,0,0,0,0,0,0,0,0,4,1,6,6,1,65,9,1490,1,0,MG HS,9,E01023170,0,-1
2023010443660,2023,010443660,2,9,0,18,19,2,6,0,0,4,0,0,0,0,1,1,6,6,2,58,9,1490,1,1,MG HS,3,E01033583,0,-1
2023440167246,2023,440167246,1,9,0,18,19,8,4,0,0,2,0,0,0,0,1,1,6,6,1,48,8,1490,1,1,MG HS,2,E01022833,0,-1
2023430407815,2023,430407815,1,9,0,18,19,6,2,0,0,8,0,0,0,0,3,1,1,1,2,51,8,1490,8,2,MG HS,10,E01016214,0,-1
2023461289569,2023,461289569,1,9,0,2,2,1,5,9,9,0,0,0,3,0,1,1,5,6,1,76,11,1490,1,1,MG HS,8,E01021150,0,-1
2023141338576,2023,141338576,2,9,0,2,2,0,0,0,0,1,0,0,0,0,2,1,5,6,1,72,10,1490,1,0,MG HS,3,E01007374,0,-1
2023041334744,2023,041334744,2,9,0,18,19,1,5,0,0,0,0,0,0,0,3,1,5,6,2,37,7,1490,1,0,MG HS,8,E01005570,0,-1
2023201374595,2023,201374595,2,9,0,18,19,8,4,0,0,8,1,10,1,1,3,1,6,6,1,28,6,1490,1,1,MG HS,1,E01009300,0,-1
2023131347659,2023,131347659,1,9,0,18,19,7,3,0,0,0,0,0,0,0,1,1,6,6,2,52,8,1490,1,1,MG HS,9,E01011306,0,-1
2023131286514,2023,131286514,2,9,0,9,9,2,4,0,0,8,5,0,0,0,3,1,6,6,2,31,6,1490,1,3,MG HS,9,E01010875,0,-1
2023991391975,2023,991391975,3,9,0,18,19,3,7,0,0,0,0,0,0,0,1,1,1,1,1,47,8,1490,8,1,MG HS,2,-1,0,-1
2023010440746,2023,010440746,4,9,0,3,3,5,1,0,0,2,0,0,0,0,2,1,6,6,1,48,8,1490,1,1,MG HS,2,E01001875,0,-1
2023052300151,2023,052300151,1,9,0,9,9,1,6,0,0,8,0,0,0,0,1,1,6,6,2,53,8,1490,1,1,MG HS,1,E01006698,0,-1
2023622300916,2023,622300916,1,9,0,14,14,7,3,0,0,0,0,0,0,0,1,1,6,6,1,39,7,1490,1,0,MG HS,9,W01000815,0,-1
2023041377863,2023,041377863,1,9,0,9,9,5,3,0,0,2,0,0,0,0,1,1,5,6,1,61,9,1490,1,1,MG HS,10,E01025466,0,-1
2023161393300,2023,161393300,1,9,0,4,4,8,4,0,0,0,0,0,0,0,2,1,5,6,1,58,9,1490,1,2,MG HS,9,E01013172,0,-1
2023461328263,2023,461328263,1,9,0,18,19,7,3,0,0,0,0,0,0,0,1,1,6,6,1,86,11,1490,1,3,MG HS,8,E01024762,0,-1
2023010474275,2023,010474275,2,9,0,99,99,9,9,99,99,0,9,99,9,99,2,9,6,6,3,-1,-1,1490,1,2,MG HS,3,E01016490,0,-1
2023010423669,2023,010423669,2,9,0,99,99,9,9,99,99,9,9,99,9,99,9,9,6,6,3,-1,-1,1490,1,2,MG HS,1,E01004464,0,-1
2023041329297,2023,041329297,2,9,0,3,3,7,5,0,0,6,0,0,0,0,2,1,1,1,1,38,7,1490,8,2,MG HS,4,E01033281,0,-1
2023631359517,2023,631359517,1,9,0,16,19,5,1,0,0,0,5,0,0,0,1,1,5,6,2,70,10,1490,1,0,MG HS,5,W01000544,0,-1
2023461274533,2023,461274533,2,9,0,4,4,7,3,0,0,0,0,0,0,0,2,1,5,6,2,49,8,1490,1,0,MG HS,8,E01024255,0,-1
2023991392247,2023,991392247,2,9,0,18,19,8,4,0,0,0,1,0,0,0,1,1,5,6,1,28,6,1490,1,1,MG HS,-1,-1,0,-1
2023461351937,2023,461351937,1,9,0,18,19,2,6,0,0,2,0,0,0,0,4,1,6,6,2,21,5,1490,1,0,MG HS,8,E01024113,0,-1
2023471324218,2023,471324218,1,9,0,18,19,7,3,0,0,1,0,0,0,0,3,1,6,6,1,73,10,1490,1,0,MG HS,4,E01031453,0,-1
2023430334127,2023,430334127,1,9,0,18,19,8,4,0,0,0,0,0,0,0,1,1,6,6,2,31,6,1490,1,0,MG HS,2,E01016806,0,-1
2023010480689,2023,010480689,2,9,0,99,99,9,9,99,99,9,9,99,9,99,2,9,6,6,3,-1,-1,1490,1,0,MG HS,-1,-1,0,-1
202360A186834,2023,60A186834,3,9,0,17,19,4,1,0,0,0,0,0,0,0,3,1,6,6,1,72,10,1490,1,1,MG HS,-1,-1,0,-1
2023320567201,2023,320567201,2,9,0,17,19,8,4,0,0,1,0,0,0,0,1,1,6,6,1,75,10,1490,1,2,MG HS,9,E01026211,0,-1
2023531260151,2023,531260151,2,9,0,18,19,3,7,0,0,0,0,0,0,0,1,1,2,2,2,65,9,1490,1,1,MG HS,6,E01022414,0,-1
2023010477182,2023,010477182,2,9,0,99,99,9,9,99,99,9,9,99,9,99,9,9,6,6,3,-1,-1,1490,1,0,MG HS,-1,-1,0,-1
2023111396313,2023,111396313,2,9,0,18,19,6,2,0,0,0,0,0,0,0,4,1,6,6,2,29,6,1490,1,3,MG HS,3,E01020596,0,-1
2023471387799,2023,471387799,1,9,0,5,5,0,7,0,0,2,0,0,0,0,3,1,3,7,2,49,8,1490,1,0,MG HS,6,E01017012,0,-1
2023451312315,2023,451312315,2,9,0,18,19,1,5,0,0,0,0,0,0,0,3,1,5,6,1,48,8,1490,1,2,MG HS,5,E01002119,0,-1
2023991331217,2023,991331217,2,9,0,18,19,6,2,0,0,0,0,0,0,0,1,1,6,6,2,30,6,1490,1,0,MG HS,7,-1,0,-1
2023991350443,2023,991350443,2,9,0,18,19,4,8,0,0,0,0,0,1,0,1,1,5,6,2,59,9,1490,1,1,MG HS,9,-1,0,-1
2023461264795,2023,461264795,1,9,0,9,9,7,5,0,0,0,0,0,0,0,1,1,6,6,1,72,10,1490,1,1,MG HS,6,E01024836,0,-1
2023501342333,2023,501342333,1,9,0,13,13,2,6,0,0,0,1,0,7,4,1,1,6,6,1,69,10,1490,1,2,MG HS,2,E01020277,0,-1
2023421320205,2023,421320205,7,9,0,3,3,2,2,0,0,0,0,0,0,0,3,1,6,6,1,61,9,1490,1,3,MG HS,4,E01016003,0,-1
2023440343306,2023,440343306,1,9,0,18,19,8,4,0,0,1,5,0,0,0,4,1,6,6,2,30,6,1490,8,2,MG HS,10,E01023276,0,-1
2023161368206,2023,161368206,3,9,0,4,4,5,1,0,0,0,0,0,0,0,4,1,5,6,1,66,10,1490,1,2,MG HS,3,E01012795,0,-1
2023451364664,2023,451364664,1,9,0,5,5,4,6,0,0,6,0,0,0,0,4,1,5,6,1,65,9,1490,1,1,MG HS,9,E01030573,0,-1
2023010458706,2023,010458706,1,9,0,9,9,7,6,8,6,6,0,0,1,0,4,1,6,6,2,48,8,1490,8,0,MG HS,2,E01000315,0,-1
2023010469216,2023,010469216,2,9,0,99,99,9,9,99,99,9,9,99,9,99,9,9,6,6,3,-1,-1,1490,1,0,MG HS,-1,-1,0,-1
2023451388918,2023,451388918,2,9,0,18,19,5,1,0,0,0,0,0,0,0,1,1,5,6,2,18,4,1490,1,1,MG HS,5,E01002977,0,-1
2023531378647,2023,531378647,2,9,0,18,19,1,5,0,0,1,1,10,7,11,3,1,5,6,1,34,6,1490,1,1,MG HS,2,E01022238,0,-1
2023061382644,2023,061382644,2,9,-1,18,19,-1,-1,0,0,0,0,0,0,0,0,1,6,6,2,38,7,1490,1,0,MG HS,8,E01005359,0,-1
2023010440461,2023,010440461,1,9,0,18,19,1,5,0,0,1,0,11,0,0,1,1,6,6,1,38,7,1490,1,0,MG HS,2,E01001334,0,-1
2023010482114,2023,010482114,1,9,0,18,19,3,7,0,0,1,0,0,0,0,1,1,6,6,3,-1,-1,1490,1,0,MG HS,-1,-1,0,-1
2023531310023,2023,531310023,1,9,0,9,9,5,1,0,0,8,0,0,0,0,1,1,5,6,1,74,10,1490,1,2,MG HS,9,E01015160,0,-1
2023010425559,2023,010425559,2,9,0,18,19,1,5,0,0,0,0,0,0,0,1,1,6,6,1,37,7,1490,1,1,MG HS,-1,-1,0,-1
2023122301215,2023,122301215,1,9,0,18,19,3,7,0,0,0,5,0,0,0,1,1,6,6,1,39,7,1490,1,2,MG HS,-1,-1,0,-1
2023991321719,2023,991321719,1,9,0,18,19,5,1,0,0,1,0,0,0,0,1,1,2,2,2,49,8,1490,1,2,MG HS,4,-1,0,-1
2023010483960,2023,010483960,2,9,0,99,99,9,9,99,99,9,9,99,9,99,9,9,6,6,3,59,9,1490,8,1,MG HS,7,E01002367,0,-1
2023070374219,2023,070374219,2,9,0,4,4,6,2,0,0,1,0,0,0,0,4,1,6,6,1,53,8,1490,1,2,MG HS,4,E01018398,0,-1
2023101382013,2023,101382013,1,9,0,9,9,2,5,0,0,1,0,0,0,0,1,1,5,6,1,29,6,1490,1,0,MG HS,1,E01008380,0,-1
2023501356243,2023,501356243,2,9,0,18,19,5,1,0,0,8,0,0,0,0,4,1,5,6,1,75,10,1490,1,2,MG HS,5,E01020256,0,-1
2023320244967,2023,320244967,1,9,0,7,7,2,4,0,0,6,0,0,0,0,1,1,2,2,1,56,9,1490,1,1,MG HS,-1,-1,0,-1
2023010454093,2023,010454093,2,9,0,99,99,9,9,99,99,0,9,99,9,99,1,9,6,6,3,-1,-1,1490,8,0,MG HS,-1,-1,0,-1
2023461378434,2023,461378434,1,9,0,1,1,5,1,0,0,0,0,4,0,0,2,1,6,6,2,74,10,1490,1,0,MG HS,9,E01024112,0,-1
2023991387302,2023,991387302,1,9,0,16,19,3,7,0,0,0,0,0,7,0,4,1,5,6,2,70,10,1490,1,1,MG HS,4,-1,0,-1
2023461296075,2023,461296075,3,9,0,3,3,7,3,0,0,0,0,0,0,0,2,1,6,6,1,81,11,1490,8,2,MG HS,4,E01024118,0,-1
2023201415198,2023,201415198,1,9,0,18,19,8,4,0,0,8,0,0,0,0,1,2,6,6,1,79,11,1490,1,0,MG HS,1,E01010541,0,-1
2023531332060,2023,531332060,2,9,0,3,3,3,7,0,0,1,0,0,0,0,2,1,5,6,1,50,8,1490,1,3,MG HS,6,E01022380,0,-1
2023430293066,2023,430293066,1,9,0,18,19,7,3,0,0,4,0,0,0,0,1,1,2,2,2,44,7,1490,1,0,MG HS,8,E01016595,0,-1
2023522301079,2023,522301079,1,9,0,18,19,7,3,0,0,0,0,0,7,2,3,1,6,6,1,66,10,1490,1,1,MG HS,2,E01014458,0,-1
2023061315362,2023,061315362,2,9,0,2,2,-1,-1,0,0,0,0,0,0,0,1,1,6,6,3,30,6,1490,1,0,MG HS,3,E01006020,0,-1
2023430120754,2023,430120754,1,9,0,7,7,3,5,0,0,5,0,0,0,0,1,1,6,6,1,42,7,1490,1,1,MG HS,6,E01017928,0,-1
2023451338747,2023,451338747,2,9,0,9,9,7,3,0,0,6,0,0,0,0,1,1,5,6,1,42,7,1490,8,0,MG HS,6,E01022640,0,-1
2023622300349,2023,622300349,2,9,0,18,19,2,6,0,0,1,0,0,0,0,1,1,6,6,2,63,9,1490,1,2,MG HS,6,W01001058,0,-1
2023101330793,2023,101330793,1,9,0,18,19,1,5,0,0,0,2,0,1,0,1,1,5,6,2,62,9,1490,1,1,MG HS,4,E01020633,0,-1
2023631380025,2023,631380025,2,9,0,4,4,1,5,0,0,1,0,0,0,0,3,1,6,6,1,77,11,1490,1,0,MG HS,5,W01000632,0,-1
2023991370853,2023,991370853,1,9,0,18,19,4,7,0,0,0,0,0,0,0,1,1,5,6,2,33,6,1490,1,1,MG HS,-1,-1,0,-1
2023211323780,2023,211323780,1,9,0,2,2,0,0,0,0,0,1,4,8,0,1,1,6,6,1,15,3,1490,1,1,MG HS,1,E01014366,0,-1
2023010471990,2023,010471990,1,9,0,5,5,3,7,0,0,2,0,0,0,0,1,1,6,6,2,67,10,1490,1,1,MG HS,4,E01033576,0,-1
2023010444736,2023,010444736,1,9,0,18,19,7,3,0,0,0,2,4,0,0,1,1,6,6,1,34,6,1490,1,1,MG HS,-1,-1,0,-1
2023451380699,2023,451380699,2,9,0,18,19,5,1,0,0,1,0,0,0,0,1,1,6,6,2,30,6,1490,8,2,MG HS,-1,-1,0,-1
2023991320050,2023,991320050,1,9,0,5,5,2,6,0,0,0,0,0,0,0,4,1,5,6,1,52,8,1490,1,1,MG HS,-1,-1,0,-1
2023991378174,2023,991378174,2,9,0,18,19,7,3,0,0,0,1,11,0,0,1,1,5,6,1,65,9,1490,1,0,MG HS,-1,-1,0,-1
2023010469107,2023,010469107,2,9,0,2,2,0,0,0,0,0,0,0,0,0,2,1,6,6,3,-1,-1,1490,1,1,MG HS,-1,-1,0,-1
2023052301764,2023,052301764,1,9,0,17,19,5,1,0,0,0,0,0,0,0,1,1,6,6,1,77,11,1490,1,0,MG HS,5,E01032905,0,-1
2023201360954,2023,201360954,1,9,0,18,19,4,8,0,0,8,2,10,1,0,2,1,6,6,1,71,10,1490,8,0,MG HS,5,E01029382,0,-1
2023461363446,2023,461363446,1,9,0,18,19,5,1,0,0,0,0,0,2,0,1,1,6,6,2,73,10,1490,1,1,MG HS,6,E01024276,0,-1
2023631319773,2023,631319773,1,9,0,18,19,3,8,0,0,8,0,0,0,0,1,1,5,6,2,54,8,1490,1,0,MG HS,1,W01000592,0,-1
2023052301776,2023,052301776,2,9,0,18,19,5,1,0,0,0,0,0,1,4,3,1,6,6,1,52,8,1490,1,1,MG HS,2,E01012536,0,-1
2023991328695,2023,991328695,2,9,0,17,19,6,2,0,0,1,0,0,0,0,1,1,5,6,1,53,8,1490,1,1,MG HS,-1,-1,0,-1
2023991380534,2023,991380534,1,9,0,7,7,6,8,0,0,0,0,0,0,0,3,1,2,2,2,33,6,1490,1,1,MG HS,1,-1,0,-1
2023430097991,2023,430097991,1,9,0,7,7,2,4,0,0,4,0,0,0,0,4,1,6,6,3,-1,-1,1490,1,2,MG HS,-1,-1,0,-1
2023161394288,2023,161394288,1,9,0,18,19,1,5,0,0,1,0,0,0,0,1,1,6,6,1,45,7,1490,1,0,MG HS,1,E01012892,0,-1
2023991375875,2023,991375875,3,9,0,18,19,6,2,0,0,0,0,0,0,0,2,1,2,2,1,34,6,1490,1,0,MG HS,10,-1,0,-1
2023211368176,2023,211368176,3,9,0,4,4,7,3,0,0,0,0,0,0,0,2,1,5,6,1,33,6,1490,1,0,MG HS,10,E01014782,0,-1
2023991347744,2023,991347744,2,9,0,18,19,5,1,0,0,8,0,0,0,0,3,1,5,6,1,50,8,1490,1,2,MG HS,1,-1,0,-1
2023010485044,2023,010485044,1,9,0,2,2,0,0,0,0,1,0,0,0,0,3,1,6,6,3,-1,-1,1490,1,0,MG HS,-1,-1,0,-1
2023131306750,2023,131306750,2,9,0,18,19,1,5,0,0,2,0,0,0,0,2,1,5,6,2,39,7,1490,1,1,MG HS,1,E01011904,0,-1
2023052302395,2023,052302395,2,9,0,2,2,0,0,0,0,0,0,0,0,0,2,1,6,6,2,34,6,1490,1,2,MG HS,3,E01007060,0,-1
2023991366190,2023,991366190,1,9,0,18,19,8,4,0,0,4,0,0,1,7,1,1,6,6,1,71,10,1490,8,0,MG HS,-1,-1,0,-1
2023461284737,2023,461284737,4,9,0,2,2,0,0,6,6,0,0,0,0,0,2,1,6,6,3,-1,-1,1490,1,1,MG HS,2,E01032867,0,-1
2023501263097,2023,501263097,2,9,0,3,3,2,6,0,0,0,0,0,0,0,1,1,6,6,2,59,9,1490,1,1,MG HS,4,E01020289,0,-1
2023302301364,2023,302301364,2,9,0,17,19,2,8,0,0,0,0,0,0,0,1,1,6,6,1,56,9,1490,1,1,MG HS,6,E01031099,0,-1
2023501296907,2023,501296907,2,9,0,18,19,5,1,0,0,0,0,0,0,0,1,1,5,6,1,42,7,1490,8,2,MG HS,-1,-1,0,-1
2023501345048,2023,501345048,2,9,0,2,2,0,0,0,0,1,-1,-1,-1,0,2,1,5,6,1,57,9,1584,1,19,MITSUBISHI SPACE STAR,1,E01015260,0,-1
2023451267035,2023,451267035,2,9,0,18,19,5,1,0,0,0,0,0,0,0,2,1,6,6,2,32,6,1299,1,18,MITSUBISHI SPACE STAR,6,E01004529,0,-1
2023401396692,2023,401396692,2,9,0,18,19,4,2,0,0,8,0,0,0,0,1,1,6,6,1,39,7,1870,2,19,MITSUBISHI SPACE STAR,-1,-1,0,-1
2023041293713,2023,041293713,2,9,0,18,19,3,7,0,0,8,0,2,0,0,3,1,5,6,1,55,8,1584,1,19,MITSUBISHI SPACE STAR,1,E01025606,0,-1
2023201443033,2023,201443033,1,9,0,18,19,2,6,0,0,8,0,0,0,0,1,1,2,2,1,-1,-1,1584,1,20,MITSUBISHI SPACE STAR,-1,-1,0,-1
2023041383840,2023,041383840,1,9,0,18,19,4,8,0,0,0,0,4,0,0,1,1,6,6,1,64,9,1870,2,21,MITSUBISHI SPACE STAR,5,E01025137,0,-1
2023421318361,2023,421318361,1,9,0,18,19,1,5,0,0,3,0,0,0,0,1,1,6,6,2,-1,-1,1584,1,20,MITSUBISHI SPACE STAR,-1,-1,0,-1
2023340WN1552,2023,340WN1552,2,9,0,9,9,7,5,0,0,8,0,0,0,0,4,1,6,6,1,26,6,1584,1,19,MITSUBISHI SPACE STAR,9,E01027148,0,-1