collision_index,collision_year,collision_ref_no,vehicle_reference,vehicle_type,towing_and_articulation,vehicle_manoeuvre_historic,vehicle_manoeuvre,vehicle_direction_from,vehicle_direction_to,vehicle_location_restricted_lane_historic,vehicle_location_restricted_lane,junction_location,skidding_and_overturning,hit_object_in_carriageway,vehicle_leaving_carriageway,hit_object_off_carriageway,first_point_of_impact,vehicle_left_hand_drive,journey_purpose_of_driver_historic,journey_purpose_of_driver,sex_of_driver,age_of_driver,age_band_of_driver,engine_capacity_cc,propulsion_code,age_of_vehicle,generic_make_model,driver_imd_decile,lsoa_of_driver,escooter_flag,driver_distance_banding
202354B643123,2023,54B643123,1,9,0,4,4,7,3,0,0,1,0,0,0,0,1,1,6,6,1,23,5,1584,1,21,MITSUBISHI SPACE STAR,5,E01020454,0,-1
2023010480540,2023,010480540,1,9,0,18,19,8,4,0,0,4,0,0,0,0,4,1,6,6,2,42,7,1584,1,21,MITSUBISHI SPACE STAR,8,E01003421,0,-1
2023440054278,2023,440054278,2,9,0,18,19,1,5,0,0,1,0,0,0,0,1,1,6,6,1,59,9,1584,1,19,MITSUBISHI SPACE STAR,3,E01017346,0,-1
2023401343130,2023,401343130,1,5,0,18,19,-1,-1,0,0,0,0,0,0,0,1,1,6,6,3,-1,-1,744,1,13,-1,-1,-1,0,-1
2023421291172,2023,421291172,1,3,0,18,19,3,7,0,0,0,2,0,0,0,3,1,6,6,1,22,5,125,1,1,-1,9,E01021530,0,-1
2023461363599,2023,461363599,1,4,0,4,4,4,8,0,0,0,1,0,0,0,3,1,2,2,1,19,4,125,1,0,-1,7,E01024375,0,-1
2023522300371,2023,522300371,2,9,0,1,1,5,1,0,0,6,0,0,0,0,2,1,6,6,3,-1,-1,1997,2,16,PEUGEOT 407,-1,-1,0,-1
2023461377718,2023,461377718,1,9,0,18,19,-1,-1,0,0,0,0,0,0,0,1,1,2,2,1,40,7,1997,2,13,PEUGEOT 407,1,E01024597,0,-1
2023320014649,2023,320014649,1,9,0,18,19,2,6,0,0,0,1,0,0,0,1,1,6,6,1,48,8,1997,2,18,PEUGEOT 407,4,E01026132,0,-1
2023201313401,2023,201313401,1,9,0,18,19,2,6,0,0,0,0,10,1,10,1,1,5,6,1,62,9,1560,2,14,PEUGEOT 407,2,E01010036,0,-1
2023451309622,2023,451309622,1,9,0,18,19,5,1,9,9,0,0,0,1,1,1,1,5,6,1,25,5,1997,2,15,PEUGEOT 407,3,E01016498,0,-1
2023461355091,2023,461355091,2,9,0,18,19,7,3,0,0,1,0,0,0,0,2,1,6,6,2,-1,-1,1997,2,12,PEUGEOT 407,3,E01016154,0,-1
2023061341945,2023,061341945,2,9,0,3,3,3,7,0,0,0,0,0,0,0,2,1,6,6,1,57,9,1997,2,17,PEUGEOT 407,2,E01005949,0,-1
2023320021895,2023,320021895,1,9,0,9,9,2,8,0,0,5,0,0,0,0,3,1,6,6,2,28,6,1997,2,16,PEUGEOT 407,3,E01026024,0,-1
2023991284689,2023,991284689,1,9,0,18,19,3,7,0,0,0,0,0,0,0,1,1,5,6,1,36,7,1997,2,15,PEUGEOT 407,1,-1,0,-1
2023521316141,2023,521316141,1,9,0,18,19,5,1,0,0,0,1,0,2,6,1,1,6,6,1,37,7,1560,2,16,PEUGEOT 407,1,E01033638,0,-1
2023161320491,2023,161320491,1,9,0,13,13,1,5,0,0,0,1,0,0,0,1,1,5,6,1,46,8,1997,2,18,PEUGEOT 407,1,E01013298,0,-1
2023451311932,2023,451311932,2,9,0,18,19,3,1,0,0,1,0,0,0,0,1,1,6,6,1,32,6,1997,2,18,PEUGEOT 407,9,E01030690,0,-1
2023131354842,2023,131354842,2,9,0,18,19,1,5,0,0,0,0,0,0,0,1,1,6,6,1,39,7,1997,2,17,PEUGEOT 407,8,E01011191,0,-1
2023451379338,2023,451379338,1,9,0,18,19,1,5,0,0,8,0,0,0,0,4,1,3,7,2,38,7,1997,2,17,PEUGEOT 407,6,E01030649,0,-1
2023052300058,2023,052300058,1,9,0,18,19,1,5,0,0,0,0,0,0,0,4,1,6,6,1,75,10,1997,2,13,PEUGEOT 407,1,E01007238,0,-1
2023351295830,2023,351295830,1,9,0,18,19,5,1,0,0,0,0,0,0,0,1,1,5,6,1,49,8,1997,2,17,PEUGEOT 407,2,E01027349,0,-1
2023461322017,2023,461322017,1,9,0,4,4,5,8,0,0,0,0,0,0,0,1,1,6,6,1,57,9,1997,2,14,PEUGEOT 407,9,E01021203,0,-1
2023161389140,2023,161389140,1,9,0,18,19,5,1,0,0,0,5,0,0,0,1,1,5,6,2,71,10,1560,2,18,PEUGEOT 407,6,E01013253,0,-1
2023411380918,2023,411380918,1,9,0,18,19,7,2,0,0,4,0,0,0,0,1,1,6,6,1,31,6,1997,2,18,PEUGEOT 407,5,E01015762,0,-1
2023010446239,2023,010446239,1,9,0,99,99,9,9,99,99,9,9,99,9,99,9,9,2,2,1,55,8,2946,1,19,PEUGEOT 407,8,E01003225,0,-1
2023543792123,2023,543792123,1,9,0,4,4,3,7,0,0,0,0,0,0,0,1,1,6,6,1,23,5,1997,2,17,PEUGEOT 407,10,E01008132,0,-1
2023221342576,2023,221342576,1,9,0,9,9,5,2,0,0,6,0,0,0,0,1,1,5,6,1,58,9,1997,2,14,PEUGEOT 407,1,E01032424,0,-1
2023302300164,2023,302300164,1,9,0,18,19,6,2,0,0,0,0,0,0,0,1,1,2,2,1,54,8,1997,2,15,PEUGEOT 407,2,E01019572,0,-1
2023340NN3752,2023,340NN3752,1,9,0,18,19,7,3,0,0,2,0,0,0,0,1,1,6,6,1,24,5,1997,2,14,PEUGEOT 407,10,E01026955,0,-1
2023501345867,2023,501345867,1,9,-1,18,19,5,2,0,0,1,0,0,0,0,-1,1,6,6,1,69,10,1997,2,17,PEUGEOT 407,4,E01019071,0,-1
2023131324959,2023,131324959,1,9,0,18,19,6,2,0,0,0,0,0,0,0,1,1,6,6,3,-1,-1,1997,2,17,PEUGEOT 407,-1,-1,0,-1
2023161360380,2023,161360380,1,9,0,18,19,2,6,0,0,4,0,0,0,0,1,1,6,6,1,38,7,1997,2,18,PEUGEOT 407,1,E01013229,0,-1
2023231330670,2023,231330670,1,9,0,18,19,2,6,9,9,8,0,0,0,0,1,1,5,6,1,91,11,1560,2,17,PEUGEOT 407,9,E01031268,0,-1
2023010476465,2023,010476465,2,9,0,99,99,9,9,99,99,0,9,99,9,99,9,9,6,6,3,-1,-1,1997,1,19,PEUGEOT 407,7,E01030594,0,-1
2023211309251,2023,211309251,2,9,0,4,4,2,6,0,0,1,0,0,0,0,2,1,6,6,2,-1,-1,1997,2,15,PEUGEOT 407,-1,-1,0,-1
2023071198581,2023,071198581,1,9,0,7,7,4,2,0,0,1,0,0,0,0,1,1,1,1,1,51,8,1997,2,18,PEUGEOT 407,6,E01018674,0,-1
2023501352690,2023,501352690,1,9,0,18,19,3,7,0,0,0,0,0,0,0,1,1,6,6,1,51,8,1997,2,17,PEUGEOT 407,8,E01018822,0,-1
2023501299106,2023,501299106,1,9,0,17,19,2,6,0,0,2,0,0,0,0,1,1,6,6,1,76,11,1997,2,13,PEUGEOT 407,1,E01015260,0,-1
2023430099292,2023,430099292,1,9,0,18,19,3,7,0,0,1,0,0,0,0,1,1,6,6,1,60,9,1560,2,16,PEUGEOT 407,-1,-1,0,-1
2023141365236,2023,141365236,2,9,0,18,19,1,5,0,0,0,0,0,0,0,1,1,6,6,1,38,7,1997,2,16,PEUGEOT 407,4,E01028028,0,-1
2023522400984,2023,522400984,1,9,0,18,19,5,1,0,0,4,0,0,0,0,2,1,6,6,1,42,7,1560,2,13,PEUGEOT 407,9,E01014819,0,-1
2023991368531,2023,991368531,1,9,0,13,13,1,2,0,0,0,1,0,7,0,1,1,2,2,2,39,7,1997,2,16,PEUGEOT 407,7,-1,0,-1
2023201412514,2023,201412514,1,9,0,9,9,4,2,0,0,5,0,0,0,0,1,1,6,6,2,45,7,1997,2,18,PEUGEOT 407,3,E01029635,0,-1
2023161317819,2023,161317819,3,9,0,2,2,0,0,0,0,0,0,0,0,0,2,1,6,6,3,-1,-1,1997,2,16,PEUGEOT 407,-1,-1,0,-1
2023131270607,2023,131270607,1,9,0,18,19,5,1,0,0,0,0,4,0,0,4,1,5,6,1,78,11,1997,2,17,PEUGEOT 407,5,E01011788,0,-1
2023131322516,2023,131322516,1,9,0,18,19,5,1,0,0,0,1,0,0,0,1,1,5,6,1,36,7,1997,2,17,PEUGEOT 407,2,E01011837,0,-1
2023231351908,2023,231351908,4,9,0,2,2,0,0,0,0,0,0,0,0,0,1,1,5,6,2,84,11,1997,2,15,PEUGEOT 407,8,E01031223,0,-1
2023451328521,2023,451328521,2,9,0,18,19,1,5,0,0,0,2,0,0,0,2,1,5,6,1,66,10,1997,2,16,PEUGEOT 407,9,E01028784,0,-1
2023131260665,2023,131260665,1,9,0,4,4,5,1,0,0,1,0,0,0,0,1,1,5,6,2,41,7,1560,2,18,PEUGEOT 407,1,E01011811,0,-1
2023401382320,2023,401382320,1,9,0,18,19,4,8,0,0,6,0,0,0,0,1,1,2,2,1,46,8,2179,2,17,PEUGEOT 407,7,E01016770,0,-1
2023430326523,2023,430326523,2,9,0,15,15,2,6,0,0,0,0,0,0,0,1,1,6,6,1,60,9,2230,1,18,PEUGEOT 407,7,E01023100,0,-1
2023430039668,2023,430039668,2,9,0,10,10,1,5,0,0,1,0,0,0,0,3,1,6,6,1,62,9,1997,2,18,PEUGEOT 407,5,E01028494,0,-1
2023471383528,2023,471383528,1,9,0,18,19,7,3,0,0,1,0,0,0,0,1,1,2,2,1,65,9,1997,2,16,PEUGEOT 407,6,E01021198,0,-1
2023061353956,2023,061353956,1,9,0,9,9,4,2,0,0,8,0,0,0,0,4,1,6,6,2,83,11,1997,2,15,PEUGEOT 407,8,E01018661,0,-1
2023201299250,2023,201299250,1,9,0,18,19,8,4,0,0,1,0,0,0,0,1,1,6,6,1,-1,-1,1560,2,14,PEUGEOT 407,-1,-1,0,-1
2023501355715,2023,501355715,3,9,0,2,2,0,0,0,0,0,0,0,0,0,3,1,6,6,3,-1,-1,1997,2,15,PEUGEOT 407,-1,-1,0,-1
2023332300782,2023,332300782,1,4,0,10,10,1,7,0,0,8,0,0,0,0,2,1,6,6,1,34,6,125,1,3,-1,5,E01031133,0,-1
2023201314944,2023,201314944,1,9,0,18,19,2,6,0,0,0,0,0,0,0,1,1,6,6,1,26,6,1994,1,21,SUBARU IMPREZA,1,E01010410,0,-1
2023041298691,2023,041298691,1,9,0,18,19,-1,-1,0,0,0,0,0,4,0,4,1,6,6,3,-1,-1,1998,1,29,SUBARU IMPREZA,-1,-1,0,-1
2023471317354,2023,471317354,2,9,0,3,3,7,3,0,0,0,0,0,0,0,2,1,5,6,1,18,4,1994,1,18,SUBARU IMPREZA,3,E01020991,0,-1
2023332300422,2023,332300422,3,9,0,2,2,0,0,0,0,0,0,0,0,0,1,1,6,6,1,23,5,1994,1,18,SUBARU IMPREZA,8,E01025681,0,-1
2023122300349,2023,122300349,2,9,0,9,9,1,5,0,0,5,0,0,0,0,3,1,6,6,2,63,9,1498,1,15,SUBARU IMPREZA,4,E01027803,0,-1
2023302300950,2023,302300950,2,9,0,18,19,6,2,0,0,8,0,0,0,0,1,1,6,6,2,55,8,1994,1,16,SUBARU IMPREZA,2,E01019576,0,-1
2023522400692,2023,522400692,2,9,0,11,11,5,1,0,0,0,0,0,0,0,4,1,6,6,3,-1,-1,2457,1,14,SUBARU IMPREZA,-1,-1,0,-1
2023421328633,2023,421328633,2,9,0,17,19,3,3,0,0,0,0,0,0,0,1,1,3,7,2,38,7,1994,1,20,SUBARU IMPREZA,1,E01016007,0,-1
2023122300555,2023,122300555,1,9,0,18,19,2,6,0,0,1,0,0,7,11,1,1,6,6,2,31,6,2457,1,16,SUBARU IMPREZA,3,E01012741,0,-1
2023061363500,2023,061363500,3,9,0,2,2,0,0,0,0,2,0,0,0,0,2,1,6,6,3,-1,-1,1994,1,25,SUBARU IMPREZA,-1,-1,0,-1
2023991338007,2023,991338007,1,9,0,9,9,7,5,0,0,8,0,0,0,0,1,1,2,2,1,37,7,1498,1,16,SUBARU IMPREZA,-1,-1,0,-1
2023531275357,2023,531275357,1,9,0,18,19,1,5,0,0,0,0,0,0,0,1,1,5,6,1,36,7,1994,1,23,SUBARU IMPREZA,4,E01032936,0,-1
2023201293514,2023,201293514,1,9,0,18,19,1,5,0,0,0,5,4,0,0,1,1,6,6,1,35,6,1600,1,7,SUBARU IMPREZA,4,E01009856,0,-1
2023991315633,2023,991315633,2,9,0,16,19,2,5,0,0,0,0,0,0,0,1,1,6,6,2,61,9,1600,1,9,SUBARU IMPREZA,3,-1,0,-1
2023471364330,2023,471364330,1,9,0,13,13,5,1,0,0,0,5,0,1,3,4,1,1,1,1,45,7,2457,1,18,SUBARU IMPREZA,7,E01031782,0,-1
2023520401055,2023,520401055,2,9,0,18,19,7,3,0,0,0,1,0,7,0,1,1,6,6,1,28,6,1994,1,24,SUBARU IMPREZA,5,E01019886,0,-1
2023201270949,2023,201270949,1,9,0,18,19,4,8,0,0,2,0,0,0,0,1,1,6,6,3,-1,-1,1994,1,20,SUBARU IMPREZA,-1,-1,0,-1
2023010470700,2023,010470700,3,9,0,13,13,1,5,0,0,1,1,10,1,0,1,1,6,6,1,50,8,1994,1,19,SUBARU IMPREZA,2,E01003623,0,-1
2023461280034,2023,461280034,1,9,0,18,19,5,1,0,0,0,0,4,0,0,1,1,2,2,1,51,8,1994,1,20,SUBARU IMPREZA,7,E01021220,0,-1
2023141351028,2023,141351028,1,9,0,18,19,2,6,0,0,1,0,0,8,10,1,1,6,6,1,23,5,1994,1,26,SUBARU IMPREZA,10,E01007932,0,-1
2023501316387,2023,501316387,3,9,0,2,2,0,0,0,0,0,0,0,0,0,2,1,6,6,3,-1,-1,2457,1,16,SUBARU IMPREZA,-1,-1,0,-1
2023302300348,2023,302300348,2,9,0,18,19,6,8,0,0,4,0,0,0,0,1,1,6,6,3,-1,-1,2457,1,17,SUBARU IMPREZA,5,E01019456,0,-1
2023201427759,2023,201427759,2,9,0,18,19,7,3,0,0,8,0,0,0,0,1,1,6,6,2,66,10,1994,1,15,SUBARU IMPREZA,7,E01010034,0,-1
2023501381065,2023,501381065,1,9,0,18,19,1,1,0,0,3,0,0,0,0,4,1,5,6,1,19,4,1994,1,21,SUBARU IMPREZA,10,E01020167,0,-1
2023231350373,2023,231350373,1,9,0,18,19,4,8,0,0,0,1,0,7,3,1,1,6,6,1,37,7,1994,1,23,SUBARU IMPREZA,1,E01009564,0,-1
2023131299617,2023,131299617,1,9,0,13,13,1,5,0,0,0,1,0,6,2,1,1,5,6,1,51,8,1994,1,18,SUBARU IMPREZA,2,E01010929,0,-1
2023531274333,2023,531274333,1,9,0,18,19,2,6,0,0,8,0,0,0,0,3,1,5,6,1,37,7,1994,1,16,SUBARU IMPREZA,7,E01022205,0,-1
2023111349124,2023,111349124,2,9,0,18,19,6,2,0,0,1,0,0,0,0,3,1,6,6,1,76,11,1600,1,7,SUBARU IMPREZA,8,E01033164,0,-1
2023501319727,2023,501319727,2,9,0,17,19,7,3,0,0,0,1,0,0,0,1,1,2,2,2,39,7,1994,1,18,SUBARU IMPREZA,-1,-1,0,-1
2023522301855,2023,522301855,2,9,0,18,19,3,8,0,0,8,0,0,0,0,1,1,6,6,1,41,7,1994,1,20,SUBARU IMPREZA,9,E01015018,0,-1
2023552300585,2023,552300585,2,9,0,2,2,0,0,0,0,0,0,0,0,0,3,1,6,6,3,-1,-1,1994,1,25,SUBARU IMPREZA,-1,-1,0,-1
2023201371089,2023,201371089,2,9,0,18,19,7,3,0,0,8,0,10,7,0,1,1,6,6,1,-1,-1,1498,1,17,SUBARU IMPREZA,1,E01009743,0,-1
2023501295611,2023,501295611,1,9,0,4,4,8,4,0,0,1,0,0,0,0,1,1,6,6,1,37,7,1994,1,20,SUBARU IMPREZA,4,E01015077,0,-1
2023061289383,2023,061289383,2,9,-1,-1,-1,-1,-1,-1,-1,0,-1,-1,-1,0,1,1,6,6,1,30,6,1994,1,21,SUBARU IMPREZA,-1,-1,0,-1
2023471358230,2023,471358230,2,9,0,2,2,0,0,0,0,0,0,0,0,0,3,1,6,6,3,-1,-1,1994,1,22,SUBARU IMPREZA,-1,-1,0,-1
2023451281527,2023,451281527,2,9,0,18,19,1,5,0,0,0,0,0,0,0,1,1,5,6,1,57,9,1994,1,16,SUBARU IMPREZA,5,E01030852,0,-1
2023131268052,2023,131268052,1,9,0,16,19,5,1,0,0,0,1,0,2,3,1,1,2,2,1,20,4,1994,1,19,SUBARU IMPREZA,3,E01011261,0,-1
2023010429255,2023,010429255,1,9,9,99,99,9,9,99,99,0,9,99,9,99,9,9,6,6,1,47,8,1994,1,19,SUBARU IMPREZA,9,E01030554,0,-1
2023351300569,2023,351300569,2,9,0,1,1,8,4,0,0,0,0,4,0,0,1,1,5,6,1,47,8,1994,1,15,SUBARU IMPREZA,6,E01018150,0,-1
2023501390331,2023,501390331,1,9,0,16,19,3,7,0,0,0,2,0,1,9,4,1,6,6,1,19,4,1994,1,19,SUBARU IMPREZA,4,E01020302,0,-1
2023471269505,2023,471269505,1,9,0,18,19,5,3,0,0,0,1,0,1,2,3,1,5,6,1,33,6,1994,1,23,SUBARU IMPREZA,2,E01016918,0,-1
2023311276154,2023,311276154,1,9,0,17,19,1,5,0,0,1,0,0,0,0,1,1,5,6,1,24,5,1994,1,18,SUBARU IMPREZA,8,E01027959,0,-1
2023552300469,2023,552300469,2,9,0,4,4,5,1,0,0,0,0,0,0,0,2,1,6,6,1,36,7,1994,1,19,SUBARU IMPREZA,6,E01020490,0,-1
2023440469713,2023,440469713,1,9,0,17,19,5,2,0,0,0,1,0,0,0,4,1,2,2,1,24,5,1994,1,17,SUBARU IMPREZA,7,E01017288,0,-1
2023371340707,2023,371340707,1,9,0,-1,-1,-1,-1,-1,-1,0,-1,-1,-1,0,-1,1,6,6,2,28,6,1994,1,16,SUBARU IMPREZA,4,E01033127,0,-1
2023302300657,2023,302300657,2,9,0,18,19,2,6,0,0,1,0,0,0,0,1,1,6,6,1,61,9,2457,1,13,SUBARU IMPREZA,3,E01028056,0,-1
2023991358308,2023,991358308,1,9,0,16,19,5,1,0,0,0,2,0,1,11,3,1,6,6,1,22,5,1994,1,22,SUBARU IMPREZA,4,-1,0,-1
2023371316429,2023,371316429,1,9,0,18,19,-1,-1,0,0,0,0,0,0,0,1,1,6,6,1,-1,-1,2457,1,17,SUBARU IMPREZA,-1,-1,0,-1
2023061368059,2023,061368059,1,3,0,18,19,8,5,0,0,0,0,0,0,0,4,1,5,6,1,20,4,124,1,0,-1,1,E01004863,0,-1
2023010450402,2023,010450402,1,3,0,4,4,1,5,0,0,2,2,0,0,0,0,1,6,6,1,20,4,124,1,0,-1,5,E01001646,0,-1
2023501363198,2023,501363198,1,2,0,18,19,8,5,0,0,8,0,0,0,0,1,1,6,6,2,17,4,124,1,0,-1,8,E01020054,0,-1
2023531387208,2023,531387208,1,3,0,18,19,4,8,0,0,0,1,0,0,0,0,1,2,2,2,37,7,124,1,0,-1,6,E01022400,0,-1
2023010475454,2023,010475454,1,3,0,99,99,9,9,99,99,9,9,99,9,99,1,1,1,1,3,23,5,124,1,0,-1,3,E01000610,0,-1
2023991344659,2023,991344659,1,3,0,18,19,1,5,0,0,0,1,0,0,0,3,1,5,6,1,39,7,124,1,0,-1,10,-1,0,-1
2023411363870,2023,411363870,2,9,0,18,19,1,5,0,0,0,0,0,0,0,2,1,5,6,2,28,6,998,1,12,-1,3,E01023613,0,-1
2023010447224,2023,010447224,2,3,0,18,19,7,3,0,0,1,0,0,0,0,1,1,6,6,1,20,4,124,1,10,-1,3,E01000522,0,-1
2023052301667,2023,052301667,1,4,0,15,15,5,1,0,0,0,0,0,0,0,3,1,6,6,1,38,7,124,1,7,-1,1,E01007238,0,-1
2023361308210,2023,361308210,2,3,0,18,19,7,3,0,0,8,0,0,0,0,1,1,1,1,1,20,4,125,1,7,-1,1,E01026869,0,-1
2023010478811,2023,010478811,1,4,0,18,19,5,1,0,0,0,1,0,0,0,0,1,1,1,1,30,6,124,1,10,-1,3,E01001116,0,-1
2023501325896,2023,501325896,1,9,0,18,19,3,7,0,0,0,0,0,0,0,1,1,2,2,1,49,8,1997,2,10,CITROEN DS5,5,E01015123,0,-1
2023101353004,2023,101353004,4,9,0,5,5,1,5,0,0,0,0,0,0,0,1,1,2,2,1,69,10,1997,2,8,CITROEN DS5,-1,-1,0,-1
2023401389748,2023,401389748,1,9,0,18,19,4,8,0,0,1,-1,0,0,0,1,1,6,6,1,28,6,1997,2,10,CITROEN DS5,10,E01017610,0,-1
2023421344162,2023,421344162,1,9,0,18,19,7,3,0,0,1,0,0,0,0,1,1,5,6,2,34,6,1997,2,11,CITROEN DS5,-1,-1,0,-1
2023061346551,2023,061346551,3,9,0,3,3,7,3,0,0,1,0,0,0,0,2,1,5,6,1,40,7,1997,2,11,CITROEN DS5,1,E01005456,0,-1
2023131305458,2023,131305458,1,9,0,16,19,1,8,0,0,1,0,0,0,0,4,1,2,2,1,33,6,1997,2,10,CITROEN DS5,3,E01010584,0,-1
2023041365320,2023,041365320,1,9,0,18,19,1,5,0,0,0,2,0,5,0,3,1,5,6,1,26,6,1997,2,9,CITROEN DS5,1,E01025582,0,-1
2023161363469,2023,161363469,1,9,0,1,1,5,1,0,0,1,0,0,0,0,2,1,6,6,1,-1,-1,1997,2,9,CITROEN DS5,-1,-1,0,-1
2023010472287,2023,010472287,1,9,0,5,5,5,1,0,0,1,0,0,0,0,4,1,6,6,1,22,5,1997,2,9,CITROEN DS5,2,E01000931,0,-1
2023451363133,2023,451363133,2,9,0,18,19,5,1,0,0,2,0,0,0,0,3,1,5,6,2,43,7,1997,2,10,CITROEN DS5,10,E01031619,0,-1
2023302300140,2023,302300140,1,9,0,9,9,6,4,0,0,8,0,0,0,0,1,1,6,6,1,50,8,1997,2,11,CITROEN DS5,2,E01019672,0,-1
2023010428397,2023,010428397,2,9,0,99,99,9,9,99,99,0,9,99,9,99,9,9,6,6,3,-1,-1,1997,2,11,CITROEN DS5,-1,-1,0,-1
2023061336988,2023,061336988,1,9,0,9,9,7,5,0,0,8,0,0,0,0,3,1,6,6,1,30,6,1997,2,10,CITROEN DS5,-1,-1,0,-1
2023430512359,2023,430512359,1,9,0,9,9,4,2,0,0,5,0,0,0,0,1,1,6,6,1,30,6,1997,2,10,CITROEN DS5,-1,-1,0,-1
2023141373874,2023,141373874,3,9,0,18,19,5,1,0,0,0,0,0,0,0,2,1,2,2,1,60,9,1997,2,11,CITROEN DS5,5,E01007682,0,-1
2023430332551,2023,430332551,3,9,0,17,19,2,7,0,0,1,0,0,0,0,1,1,6,6,1,41,7,1905,2,28,-1,7,E01028479,0,-1
2023631326328,2023,631326328,1,5,0,13,13,6,4,0,0,8,0,0,7,9,1,1,2,2,1,58,9,1198,1,9,-1,9,W01000493,0,-1
2023411389812,2023,411389812,1,5,0,7,7,7,1,0,0,3,0,0,0,0,1,1,2,2,1,50,8,937,1,1,-1,5,E01023956,0,-1
2023542988923,2023,542988923,1,5,0,18,19,3,7,0,0,1,0,0,0,0,1,1,6,6,1,55,8,937,1,1,-1,6,E01029121,0,-1
2023501308538,2023,501308538,1,3,0,13,13,7,3,0,0,1,2,0,0,0,4,1,6,6,1,37,7,937,1,2,-1,7,E01015120,0,-1
2023070452983,2023,070452983,2,5,0,15,15,5,1,0,0,0,0,0,0,0,1,1,6,6,1,69,10,1868,1,1,-1,10,E01012449,0,-1
2023522400275,2023,522400275,1,5,0,18,19,3,7,0,0,1,0,0,0,0,1,1,6,6,2,50,8,1868,1,1,-1,8,E01014472,0,-1
2023545972523,2023,545972523,1,4,0,18,19,6,2,0,0,0,0,10,0,0,1,1,6,6,1,58,9,1868,1,5,-1,4,E01031895,0,-1
2023231310125,2023,231310125,1,5,0,5,5,2,6,0,0,0,0,0,0,0,0,1,5,6,1,49,8,1868,1,3,-1,9,E01031315,0,-1
2023010445866,2023,010445866,1,5,0,99,99,9,9,99,99,9,9,99,9,99,2,1,6,6,1,39,7,1868,1,4,-1,-1,-1,0,-1
2023041350551,2023,041350551,2,5,0,18,19,7,3,0,0,0,2,0,4,6,2,1,5,6,1,68,10,1745,1,3,-1,5,E01025363,0,-1
2023041390818,2023,041390818,2,5,0,18,19,5,1,0,0,0,0,0,0,0,1,1,6,6,1,61,9,1745,1,3,-1,10,E01024947,0,-1
2023451348124,2023,451348124,2,5,0,18,19,1,5,0,0,0,0,0,0,0,4,1,5,6,1,67,10,1745,1,6,-1,10,E01030953,0,-1
2023471391013,2023,471391013,2,3,0,18,19,1,5,0,0,8,0,0,0,0,1,1,5,6,1,19,4,125,1,14,-1,9,E01016983,0,-1
2023501345133,2023,501345133,1,3,0,4,4,1,5,0,0,1,2,10,0,0,3,1,6,6,1,16,4,125,1,19,-1,4,E01020002,0,-1
2023501318314,2023,501318314,1,2,0,7,7,7,3,0,0,6,0,0,0,0,0,1,6,6,2,44,7,125,1,20,-1,5,E01018780,0,-1
2023161389855,2023,161389855,1,3,0,13,13,7,3,0,0,3,0,0,7,0,1,1,6,6,1,21,5,125,1,19,-1,2,E01013281,0,-1
2023421349640,2023,421349640,2,3,0,14,14,3,7,0,0,0,0,0,0,0,1,1,5,6,1,21,5,125,1,7,-1,-1,-1,0,-1
2023131319028,2023,131319028,1,3,0,13,13,1,1,0,0,0,0,0,7,0,1,1,6,6,1,18,4,125,1,7,-1,8,E01011825,0,-1
2023332300943,2023,332300943,1,3,0,18,19,1,5,0,0,0,0,0,0,0,3,1,6,6,1,19,4,125,1,7,-1,3,E01025717,0,-1
2023471314313,2023,471314313,1,9,0,9,9,4,1,0,0,6,0,0,0,0,3,1,2,2,1,62,9,1580,8,2,KIA NIRO,6,E01021058,0,-1
2023010477138,2023,010477138,2,9,0,99,99,9,9,99,99,9,9,99,9,99,9,9,6,6,3,-1,-1,-1,3,2,KIA NIRO,-1,-1,0,-1
2023010431045,2023,010431045,1,9,0,99,99,9,9,99,99,9,9,99,9,99,1,9,6,6,1,53,8,-1,3,1,KIA NIRO,2,E01000482,0,-1
2023010444305,2023,010444305,2,9,0,99,99,9,9,99,99,9,9,99,9,99,9,9,6,6,3,52,8,-1,3,1,KIA NIRO,5,E01003312,0,-1
2023010451502,2023,010451502,2,9,9,99,99,9,9,99,99,0,9,99,9,99,9,9,6,6,3,-1,-1,-1,3,0,KIA NIRO,-1,-1,0,-1
2023411414917,2023,411414917,2,9,0,7,7,8,1,0,0,3,0,0,1,0,1,1,5,6,1,59,9,1580,8,0,KIA NIRO,7,E01023618,0,-1
2023010485612,2023,010485612,1,9,0,9,9,1,8,0,0,1,0,0,0,0,3,1,2,2,1,45,7,1580,8,4,KIA NIRO,3,E01000630,0,-1
2023451347636,2023,451347636,1,9,0,18,19,3,7,0,0,1,0,0,0,0,1,1,5,6,1,40,7,-1,3,0,KIA NIRO,9,E01030330,0,-1
2023010425379,2023,010425379,1,9,0,18,19,3,7,0,0,1,0,0,0,0,2,1,1,1,1,46,8,-1,3,1,KIA NIRO,-1,-1,0,-1
2023010477929,2023,010477929,1,9,0,18,19,3,7,0,0,8,0,0,0,0,1,1,6,6,1,72,10,1580,8,2,KIA NIRO,9,E01000687,0,-1
2023010438159,2023,010438159,1,9,0,14,14,1,5,0,0,0,0,0,0,0,3,1,2,2,2,42,7,1580,8,2,KIA NIRO,7,E01000732,0,-1