collision_index,collision_year,collision_ref_no,vehicle_reference,vehicle_type,towing_and_articulation,vehicle_manoeuvre_historic,vehicle_manoeuvre,vehicle_direction_from,vehicle_direction_to,vehicle_location_restricted_lane_historic,vehicle_location_restricted_lane,junction_location,skidding_and_overturning,hit_object_in_carriageway,vehicle_leaving_carriageway,hit_object_off_carriageway,first_point_of_impact,vehicle_left_hand_drive,journey_purpose_of_driver_historic,journey_purpose_of_driver,sex_of_driver,age_of_driver,age_band_of_driver,engine_capacity_cc,propulsion_code,age_of_vehicle,generic_make_model,driver_imd_decile,lsoa_of_driver,escooter_flag,driver_distance_banding
2023010453619,2023,010453619,2,8,0,99,99,9,9,0,0,0,0,0,0,0,9,9,6,6,3,-1,-1,-1,3,1,KIA NIRO,-1,-1,0,-1
2023010448874,2023,010448874,1,9,0,7,7,5,7,0,0,6,0,0,0,0,3,1,2,2,1,48,8,1580,8,4,KIA NIRO,4,E01003900,0,-1
2023010454033,2023,010454033,1,9,0,3,3,5,1,0,0,1,0,0,0,0,1,1,1,1,1,27,6,1580,8,5,KIA NIRO,6,E01002006,0,-1
2023461332643,2023,461332643,1,9,0,2,2,0,0,0,0,0,0,0,0,0,4,1,6,6,3,-1,-1,1580,8,4,KIA NIRO,-1,-1,0,-1
2023010441196,2023,010441196,2,8,0,17,19,5,1,0,0,8,0,0,0,0,1,1,6,6,1,-1,-1,-1,3,1,KIA NIRO,5,E01001641,0,-1
2023131412199,2023,131412199,1,9,0,12,12,1,1,0,0,0,0,0,0,0,1,1,5,6,1,62,9,1580,8,4,KIA NIRO,7,E01011835,0,-1
2023010438620,2023,010438620,2,9,0,99,99,9,9,99,99,9,9,99,9,99,2,9,6,6,3,24,5,-1,3,1,KIA NIRO,2,E01001654,0,-1
2023451291093,2023,451291093,1,9,0,9,9,7,5,0,0,8,1,0,0,0,3,1,5,6,1,54,8,1580,8,2,KIA NIRO,8,E01030784,0,-1
2023010419447,2023,010419447,2,9,0,18,19,7,3,9,9,3,1,10,1,11,1,1,6,6,1,18,4,1580,8,4,KIA NIRO,3,E01003564,0,-1
2023010472581,2023,010472581,1,8,9,99,99,9,9,99,99,9,9,99,9,99,9,9,6,6,3,-1,-1,-1,3,2,KIA NIRO,-1,-1,0,-1
2023010487975,2023,010487975,1,9,0,99,99,9,9,99,99,9,9,99,9,99,3,9,6,6,1,35,6,1580,8,4,KIA NIRO,4,E01001503,0,-1
2023052301621,2023,052301621,2,9,0,3,3,5,1,0,0,1,0,0,0,0,2,1,6,6,2,31,6,1580,8,1,KIA NIRO,1,E01006847,0,-1
2023010474642,2023,010474642,2,9,0,18,19,7,3,0,0,1,0,0,0,0,4,1,2,2,1,55,8,-1,3,1,KIA NIRO,2,E01003335,0,-1
2023302301038,2023,302301038,2,9,0,18,19,6,2,0,0,0,0,0,0,0,1,1,6,6,1,64,9,1580,8,3,KIA NIRO,6,E01019617,0,-1
2023052301088,2023,052301088,1,8,0,18,19,3,7,0,0,0,0,0,0,0,1,1,2,2,1,68,10,1580,8,4,KIA NIRO,2,E01006710,0,-1
2023221331293,2023,221331293,2,9,0,8,8,4,7,0,0,1,0,0,0,0,2,1,5,6,2,52,8,-1,3,2,KIA NIRO,7,E01014029,0,-1
2023141392243,2023,141392243,1,9,0,5,5,3,1,0,0,6,0,0,0,0,1,1,5,6,1,49,8,-1,3,0,KIA NIRO,6,E01007669,0,-1
2023351360100,2023,351360100,2,9,0,9,9,1,7,0,0,0,0,0,0,0,1,1,5,6,1,73,10,1580,8,2,KIA NIRO,6,E01017999,0,-1
2023010453722,2023,010453722,1,8,0,14,14,8,4,0,0,0,0,0,0,0,1,1,1,1,1,25,5,-1,3,0,KIA NIRO,3,E01003015,0,-1
2023010470801,2023,010470801,2,8,0,99,99,9,9,99,99,9,9,99,9,99,1,9,6,6,1,40,7,-1,3,3,KIA NIRO,2,E01002505,0,-1
2023010444348,2023,010444348,2,9,0,99,99,9,9,99,99,9,9,99,9,99,1,9,6,6,3,-1,-1,1580,8,3,KIA NIRO,8,E01003421,0,-1
2023010423184,2023,010423184,2,9,0,99,99,9,9,99,99,9,9,99,9,99,4,9,6,6,3,-1,-1,-1,3,1,KIA NIRO,5,E01001091,0,-1
2023371351003,2023,371351003,2,9,0,18,19,5,1,0,0,8,0,0,0,0,1,1,5,6,2,61,9,1580,8,1,KIA NIRO,3,E01026630,0,-1
2023010450090,2023,010450090,2,9,9,99,99,9,9,99,99,9,9,99,9,99,9,9,6,6,1,-1,-1,-1,3,2,KIA NIRO,9,E01000201,0,-1
2023010425846,2023,010425846,1,9,0,5,5,1,5,0,0,0,0,0,0,0,4,1,6,6,1,57,9,-1,3,2,KIA NIRO,5,E01001611,0,-1
2023052301828,2023,052301828,2,9,0,18,19,4,8,0,0,8,0,0,0,0,1,1,6,6,2,61,9,-1,3,0,KIA NIRO,3,E01007088,0,-1
2023010471594,2023,010471594,2,8,0,17,19,1,7,0,0,1,0,0,0,0,1,1,1,1,1,45,7,-1,3,1,KIA NIRO,5,E01000321,0,-1
2023010444251,2023,010444251,2,9,0,99,99,9,9,99,99,9,9,99,9,99,9,9,6,6,3,-1,-1,1580,8,1,KIA NIRO,9,E01030918,0,-1
2023440435806,2023,440435806,1,9,0,18,19,4,8,0,0,1,0,0,1,2,1,1,6,6,2,48,8,1580,8,2,KIA NIRO,8,E01017057,0,-1
2023010447365,2023,010447365,2,8,0,99,99,9,9,99,99,9,9,99,9,99,1,9,6,6,3,59,9,1580,8,3,KIA NIRO,5,E01001277,0,-1
2023610042423,2023,610042423,2,9,0,16,19,6,1,0,0,1,0,0,0,0,2,1,1,1,1,36,7,-1,3,1,KIA NIRO,7,E01022274,0,-1
2023010472771,2023,010472771,1,8,0,6,6,2,2,0,0,8,0,0,0,0,1,1,1,1,1,52,8,1580,8,3,KIA NIRO,6,E01002138,0,-1
2023141364659,2023,141364659,1,9,0,18,19,5,1,0,0,0,0,0,0,0,2,1,5,6,2,31,6,1580,8,3,KIA NIRO,2,E01007328,0,-1
2023440500387,2023,440500387,1,9,0,9,9,1,7,0,0,6,0,0,0,0,3,1,6,6,1,67,10,-1,3,1,KIA NIRO,9,E01022774,0,-1
2023010484247,2023,010484247,5,8,0,4,4,7,3,0,0,4,0,0,0,0,2,1,1,1,1,41,7,-1,3,2,KIA NIRO,2,E01003604,0,-1
2023010456101,2023,010456101,1,9,0,99,99,9,9,99,99,9,9,99,9,99,9,9,6,6,2,65,9,1580,8,1,KIA NIRO,2,E01002078,0,-1
2023340WN5372,2023,340WN5372,2,9,0,18,19,6,2,0,0,1,0,0,0,0,1,1,2,2,2,46,8,1580,8,1,KIA NIRO,-1,-1,0,-1
2023061276848,2023,061276848,1,9,0,18,19,5,1,0,0,0,0,0,0,0,1,1,5,6,2,76,11,1580,8,1,KIA NIRO,10,E01004788,0,-1
2023010482902,2023,010482902,2,9,0,4,4,1,5,0,0,1,0,0,0,0,1,1,1,1,1,74,10,-1,3,1,KIA NIRO,3,E01003609,0,-1
2023010466722,2023,010466722,2,9,0,18,19,1,5,0,0,1,0,0,0,0,3,1,6,6,2,-1,-1,1580,8,3,KIA NIRO,-1,-1,0,-1
2023631322032,2023,631322032,1,9,0,17,19,1,6,0,0,0,0,0,1,7,4,1,5,6,2,80,11,1580,8,4,KIA NIRO,8,E01032680,0,-1
2023052300093,2023,052300093,1,8,0,18,19,8,4,0,0,1,0,0,0,0,3,1,1,1,1,41,7,1580,8,5,KIA NIRO,2,E01006441,0,-1
2023010451957,2023,010451957,1,9,0,99,99,9,9,99,99,9,9,99,9,99,9,9,1,1,1,52,8,-1,3,1,KIA NIRO,6,E01000069,0,-1
2023010431054,2023,010431054,1,9,0,18,19,3,7,0,0,8,0,0,0,0,1,1,1,1,1,50,8,1580,8,5,KIA NIRO,1,E01009194,0,-1
2023010461230,2023,010461230,1,8,9,5,5,7,3,0,0,9,9,0,7,0,0,9,1,1,1,23,5,-1,3,2,KIA NIRO,-1,-1,0,-1
2023052302623,2023,052302623,1,9,0,18,19,1,5,0,0,8,0,0,0,0,1,1,1,1,1,26,6,1580,8,4,KIA NIRO,9,E01006796,0,-1
2023010475486,2023,010475486,1,9,0,3,3,1,5,0,0,1,0,0,0,0,2,1,6,6,1,55,8,-1,3,0,KIA NIRO,8,E01004085,0,-1
2023201450835,2023,201450835,1,9,0,18,19,6,2,0,0,1,0,0,0,0,2,1,6,6,1,54,8,1580,8,5,KIA NIRO,5,E01010069,0,-1
2023010439257,2023,010439257,1,8,0,99,99,9,9,99,99,9,9,99,9,99,2,9,1,1,1,46,8,1580,8,5,KIA NIRO,2,E01002345,0,-1
2023010440056,2023,010440056,1,8,0,18,19,7,3,0,0,8,0,0,0,0,1,1,1,1,1,51,8,-1,3,1,KIA NIRO,3,E01004066,0,-1
2023010421477,2023,010421477,1,9,0,10,10,5,3,0,0,5,0,0,0,0,2,1,1,1,1,57,9,-1,3,2,KIA NIRO,4,E01003220,0,-1
2023010474446,2023,010474446,1,8,0,99,99,9,9,99,99,9,9,99,9,99,2,9,1,1,1,44,7,1580,8,4,KIA NIRO,2,E01002633,0,-1
2023010471610,2023,010471610,1,8,0,9,9,1,6,0,0,8,0,0,0,0,1,1,1,1,1,61,9,1580,8,1,KIA NIRO,5,E01003392,0,-1
2023010428889,2023,010428889,2,8,0,99,99,9,9,99,99,9,9,99,9,99,9,9,6,6,3,-1,-1,-1,3,3,KIA NIRO,-1,-1,0,-1
2023010444605,2023,010444605,1,9,0,3,3,7,3,0,0,1,0,0,0,0,3,1,6,6,2,51,8,1580,8,1,KIA NIRO,3,E01002647,0,-1
2023010467594,2023,010467594,1,9,0,7,7,1,3,0,0,6,0,0,0,0,1,1,3,7,1,41,7,1580,8,4,KIA NIRO,2,E01004287,0,-1
2023010467573,2023,010467573,2,9,0,99,99,9,9,99,99,9,9,99,9,99,9,9,6,6,3,-1,-1,-1,3,2,KIA NIRO,-1,-1,0,-1
2023201296499,2023,201296499,2,9,0,12,12,8,4,0,0,0,0,0,0,0,4,1,6,6,1,55,8,1580,8,1,KIA NIRO,1,E01033616,0,-1
2023010420906,2023,010420906,2,9,0,99,99,9,9,99,99,9,9,99,9,99,1,9,6,6,1,40,7,1580,8,5,KIA NIRO,5,E01003156,0,-1
2023010476202,2023,010476202,1,8,0,99,99,9,9,99,99,0,9,99,9,99,2,9,6,6,1,-1,-1,-1,3,1,KIA NIRO,2,E01001705,0,-1
2023320723010,2023,320723010,1,9,0,18,19,4,8,0,0,0,1,10,1,9,1,1,6,6,1,61,9,1580,8,0,KIA NIRO,3,E01026085,0,-1
2023010449527,2023,010449527,1,9,0,18,19,8,4,0,0,0,0,0,0,0,1,1,1,1,1,26,6,-1,3,1,KIA NIRO,1,E01001944,0,-1
2023010465728,2023,010465728,1,8,0,99,99,9,9,99,99,9,9,99,9,99,9,9,1,1,1,38,7,1580,8,5,KIA NIRO,3,E01003531,0,-1
2023010466108,2023,010466108,3,9,0,99,99,9,9,99,99,9,9,99,9,99,1,9,6,6,3,-1,-1,-1,3,3,KIA NIRO,-1,-1,0,-1
2023141356995,2023,141356995,2,9,0,18,19,5,1,0,0,8,0,0,0,0,1,1,5,6,1,60,9,1580,8,2,KIA NIRO,1,E01007466,0,-1
2023010424984,2023,010424984,2,9,0,99,99,9,9,99,99,9,9,99,9,99,1,9,6,6,1,62,9,1580,8,5,KIA NIRO,8,E01001392,0,-1
2023010471903,2023,010471903,2,9,0,99,99,9,9,99,99,9,9,99,9,99,9,9,6,6,3,-1,-1,-1,3,3,KIA NIRO,-1,-1,0,-1
2023340NN0802,2023,340NN0802,1,9,0,9,9,5,2,0,0,6,0,0,0,0,3,1,3,7,1,45,7,1580,8,2,KIA NIRO,5,E01027062,0,-1
2023320686727,2023,320686727,1,9,0,9,9,6,3,0,0,6,0,0,0,0,1,1,6,6,1,58,9,1580,8,2,KIA NIRO,1,E01026092,0,-1
2023122300368,2023,122300368,1,9,0,18,19,5,1,0,0,8,0,0,0,0,4,1,6,6,1,68,10,1580,8,3,KIA NIRO,-1,-1,0,-1
2023010420978,2023,010420978,2,9,0,18,19,1,5,0,0,1,0,0,0,0,4,1,1,1,1,29,6,-1,3,1,KIA NIRO,2,E01002722,0,-1
2023010466108,2023,010466108,2,9,0,99,99,9,9,99,99,9,9,99,9,99,0,9,6,6,3,-1,-1,-1,3,1,KIA NIRO,3,E01003122,0,-1
2023010482311,2023,010482311,1,9,0,7,7,1,3,0,0,8,0,0,0,0,3,1,1,1,2,32,6,1580,8,1,KIA NIRO,3,E01001213,0,-1
2023440225298,2023,440225298,1,9,0,3,3,2,6,0,0,8,0,0,0,0,2,1,6,6,1,39,7,1580,8,4,KIA NIRO,6,E01022673,0,-1
2023471312051,2023,471312051,1,9,0,7,7,3,6,0,0,6,0,0,0,0,1,1,5,6,1,49,8,1580,8,2,KIA NIRO,2,E01016906,0,-1
2023471340936,2023,471340936,1,9,0,9,9,8,7,0,0,1,0,0,0,0,3,1,5,6,2,50,8,1580,8,7,KIA NIRO,6,E01022761,0,-1
2023010435954,2023,010435954,1,9,0,18,19,5,1,0,0,4,0,0,0,0,1,1,6,6,2,29,6,1580,8,3,KIA NIRO,2,E01003501,0,-1
2023010478283,2023,010478283,1,9,0,18,19,4,8,0,0,8,0,0,0,0,1,1,6,6,1,66,10,-1,3,1,KIA NIRO,5,E01001035,0,-1
2023501431530,2023,501431530,2,9,0,18,19,3,7,0,0,8,0,0,0,0,1,1,5,6,1,62,9,1580,8,3,KIA NIRO,9,E01019952,0,-1
2023221388310,2023,221388310,2,9,0,18,19,7,3,0,0,8,0,0,0,0,1,1,6,6,2,57,9,-1,3,2,KIA NIRO,5,E01028961,0,-1
2023631358595,2023,631358595,1,9,0,5,5,7,3,0,0,0,5,0,0,0,4,1,5,6,2,63,9,1580,8,2,KIA NIRO,8,W01000447,0,-1
2023010447717,2023,010447717,1,9,0,9,9,4,1,0,0,0,0,0,0,0,4,1,6,6,2,56,9,1580,8,2,KIA NIRO,1,E01032513,0,-1
2023401339811,2023,401339811,1,9,0,7,7,3,7,0,0,1,0,0,0,0,3,1,5,6,1,77,11,1580,8,5,KIA NIRO,4,E01017520,0,-1
2023010420050,2023,010420050,1,8,0,5,5,7,3,0,0,1,0,0,0,0,0,1,1,1,1,52,8,1580,8,4,KIA NIRO,3,E01003201,0,-1
2023481355189,2023,481355189,1,8,0,1,1,7,3,0,0,0,0,0,0,0,0,1,1,1,1,52,8,-1,3,2,KIA NIRO,-1,-1,0,-1
2023010455041,2023,010455041,1,8,0,99,99,9,9,99,99,9,9,99,9,99,1,9,6,6,1,46,8,-1,3,1,KIA NIRO,5,E01003415,0,-1
2023010453156,2023,010453156,1,8,0,9,9,3,8,0,0,6,0,0,0,0,1,1,1,1,1,36,7,-1,3,1,KIA NIRO,6,E01004476,0,-1
2023170L20203,2023,170L20203,1,9,0,7,7,4,6,0,0,3,0,0,0,0,2,1,6,6,2,39,7,1580,8,3,KIA NIRO,7,E01012186,0,-1
2023010472976,2023,010472976,1,9,0,9,9,8,6,0,0,8,0,0,0,0,2,1,6,6,1,25,5,1580,8,1,KIA NIRO,2,E01001758,0,-1
2023440532104,2023,440532104,1,9,0,17,19,1,6,0,0,0,2,0,0,0,4,1,6,6,1,81,11,-1,3,1,KIA NIRO,5,E01017365,0,-1
2023010453669,2023,010453669,1,9,0,6,6,7,7,0,0,1,0,0,0,0,3,1,1,1,1,41,7,-1,3,3,KIA NIRO,4,E01001087,0,-1
2023010422948,2023,010422948,1,8,0,9,9,7,5,0,0,2,0,0,0,0,4,1,1,1,1,52,8,-1,3,1,KIA NIRO,3,E01004212,0,-1
2023991295151,2023,991295151,1,9,0,6,6,2,2,0,0,0,0,0,0,0,4,1,5,6,2,44,7,1580,8,2,KIA NIRO,-1,-1,0,-1
2023010463251,2023,010463251,2,9,0,7,7,5,7,0,0,1,0,0,0,0,1,1,6,6,2,33,6,1580,8,4,KIA NIRO,3,E01001229,0,-1
2023010465618,2023,010465618,1,8,0,18,19,3,7,0,0,8,0,0,0,0,3,2,1,1,2,26,6,1580,8,5,KIA NIRO,3,E01001493,0,-1
2023010438131,2023,010438131,1,9,9,99,99,9,9,99,99,0,9,99,9,99,9,9,2,2,2,32,6,1580,8,7,KIA NIRO,6,E01030714,0,-1
2023461330271,2023,461330271,1,9,0,5,5,7,3,0,0,3,0,0,0,0,0,1,2,2,1,64,9,-1,3,2,KIA NIRO,3,E01024154,0,-1
2023010474932,2023,010474932,2,9,0,99,99,9,9,99,99,9,9,99,9,99,9,9,6,6,3,-1,-1,-1,3,2,KIA NIRO,-1,-1,0,-1
2023010428516,2023,010428516,2,8,0,10,10,3,1,0,0,8,0,0,0,0,3,1,6,6,1,35,6,1580,8,3,KIA NIRO,2,E01001357,0,-1
2023501374613,2023,501374613,1,9,0,18,19,7,3,0,0,0,0,0,0,0,1,1,6,6,1,77,11,-1,3,1,KIA NIRO,8,E01020158,0,-1
2023451390105,2023,451390105,2,9,0,1,1,7,3,0,0,0,0,0,0,0,2,1,6,6,3,42,7,-1,3,0,KIA NIRO,-1,-1,0,-1
2023010430612,2023,010430612,2,9,0,99,99,9,9,99,99,9,9,99,9,99,9,9,6,6,3,-1,-1,-1,3,2,KIA NIRO,-1,-1,0,-1
2023010462665,2023,010462665,2,9,0,99,99,9,9,99,99,9,9,99,9,99,9,9,6,6,1,-1,-1,-1,3,1,KIA NIRO,1,E01003052,0,-1
2023221374266,2023,221374266,1,9,0,9,9,4,1,0,0,3,0,0,0,0,1,1,6,6,2,32,6,1580,8,4,KIA NIRO,10,E01014090,0,-1
2023131299941,2023,131299941,1,9,0,5,5,3,7,0,0,6,0,0,0,0,4,1,5,6,1,51,8,1580,8,3,KIA NIRO,9,E01011180,0,-1
2023010445384,2023,010445384,1,9,0,7,7,7,2,4,4,1,0,0,0,0,1,1,6,6,1,42,7,-1,3,3,KIA NIRO,4,E01003554,0,-1
2023201293614,2023,201293614,1,9,0,18,19,4,8,0,0,0,0,4,0,0,1,1,6,6,1,18,4,1580,8,2,KIA NIRO,2,E01009505,0,-1
2023501301204,2023,501301204,1,9,0,3,3,8,4,0,0,6,1,0,0,0,2,1,1,1,1,41,7,1580,8,4,KIA NIRO,6,E01019893,0,-1
2023010472807,2023,010472807,1,9,0,4,4,5,1,0,0,5,0,0,0,0,2,1,3,7,1,46,8,1580,8,4,KIA NIRO,4,E01004697,0,-1
2023010465660,2023,010465660,2,9,9,7,7,6,1,99,99,9,9,99,9,99,9,1,6,6,3,-1,-1,1580,8,3,KIA NIRO,-1,-1,0,-1
2023401312958,2023,401312958,2,9,0,4,4,1,5,0,0,0,0,0,0,0,2,1,2,2,2,24,5,1580,8,2,KIA NIRO,5,E01016768,0,-1
2023010484843,2023,010484843,2,9,0,99,99,9,9,99,99,9,9,99,9,99,1,9,6,6,3,-1,-1,-1,3,2,KIA NIRO,3,E01001676,0,-1
2023010446784,2023,010446784,2,8,0,99,99,9,9,99,99,0,9,99,9,99,9,9,6,6,3,-1,-1,-1,3,1,KIA NIRO,6,E01000407,0,-1
2023031287210,2023,031287210,2,9,0,3,3,1,5,0,0,0,0,0,0,0,1,1,1,1,1,24,5,-1,3,2,KIA NIRO,-1,-1,0,-1
2023010484247,2023,010484247,2,8,0,4,4,7,3,0,0,1,0,0,0,0,3,1,1,1,1,32,6,-1,3,1,KIA NIRO,2,E01003335,0,-1
2023010486337,2023,010486337,1,8,0,5,5,1,5,0,0,2,0,0,0,0,1,1,2,2,1,50,8,-1,3,2,KIA NIRO,6,E01001341,0,-1
2023010472689,2023,010472689,1,8,0,9,9,6,5,0,0,5,0,0,0,0,1,1,2,2,1,42,7,1580,8,3,KIA NIRO,9,E01033101,0,-1
2023430145009,2023,430145009,1,9,0,18,19,7,3,0,0,6,0,0,0,0,1,1,6,6,2,43,7,1580,8,2,KIA NIRO,8,E01002453,0,-1
2023411335789,2023,411335789,2,8,0,18,19,1,5,0,0,0,0,0,0,0,2,1,1,1,1,47,8,1580,8,4,KIA NIRO,-1,-1,0,-1
2023161277529,2023,161277529,1,9,0,7,7,6,8,0,0,8,0,0,7,0,2,1,5,6,1,76,11,1580,8,2,KIA NIRO,9,E01013193,0,-1
2023430540755,2023,430540755,2,9,0,7,7,2,4,0,0,8,0,0,0,0,3,1,6,6,1,66,10,1580,8,3,KIA NIRO,-1,-1,0,-1
2023440121816,2023,440121816,1,9,0,9,9,8,4,0,0,0,0,0,0,0,3,1,6,6,2,54,8,1580,8,4,KIA NIRO,9,E01022986,0,-1
2023991365490,2023,991365490,1,9,0,18,19,3,7,0,0,0,0,0,0,0,2,1,6,6,2,41,7,1580,8,3,KIA NIRO,1,-1,0,-1
2023010422779,2023,010422779,1,9,0,9,9,7,5,0,0,6,0,0,0,0,1,1,6,6,1,61,9,1580,8,2,KIA NIRO,4,E01000733,0,-1
2023052300875,2023,052300875,1,9,0,18,19,1,5,0,0,0,0,0,0,0,1,1,6,6,1,37,7,1580,8,6,KIA NIRO,1,E01006675,0,-1
2023010447327,2023,010447327,2,9,0,3,3,7,3,0,0,0,9,0,0,0,3,9,6,6,3,-1,-1,1580,8,4,KIA NIRO,-1,-1,0,-1
2023201291148,2023,201291148,2,9,0,18,19,6,6,0,0,1,0,0,0,0,2,1,6,6,2,79,11,1580,8,2,KIA NIRO,9,E01009830,0,-1
2023010437189,2023,010437189,3,9,0,1,1,8,4,99,99,9,0,99,9,0,2,9,6,6,3,-1,-1,-1,3,2,KIA NIRO,-1,-1,0,-1
2023010469661,2023,010469661,1,9,0,5,5,7,3,0,0,1,0,0,0,0,1,1,1,1,2,45,7,1580,8,3,KIA NIRO,10,E01016591,0,-1
2023010467420,2023,010467420,1,9,0,6,6,5,5,0,0,0,0,0,0,0,1,1,1,1,1,32,6,-1,3,2,KIA NIRO,6,E01002266,0,-1
2023211315234,2023,211315234,3,9,0,18,19,1,5,0,0,0,1,0,7,0,1,1,5,6,1,66,10,1580,8,2,KIA NIRO,4,E01014128,0,-1
2023211289227,2023,211289227,2,8,0,9,9,4,3,0,0,0,0,0,7,0,1,1,6,6,1,32,6,1580,8,1,KIA NIRO,1,E01009204,0,-1
2023010484695,2023,010484695,1,9,0,3,3,3,7,0,0,1,0,0,0,0,2,9,6,6,1,49,8,1580,8,4,KIA NIRO,1,E01000105,0,-1
2023010458558,2023,010458558,1,8,0,18,19,3,7,0,0,1,0,0,0,0,1,1,6,6,1,27,6,-1,3,1,KIA NIRO,2,E01001654,0,-1
2023371288059,2023,371288059,2,9,0,18,19,7,3,0,0,1,1,0,1,0,3,1,2,2,1,36,7,1580,8,1,KIA NIRO,6,E01029880,0,-1
2023991392121,2023,991392121,1,9,0,4,4,6,2,0,0,2,0,0,0,0,0,1,5,6,2,68,10,1580,8,2,KIA NIRO,9,-1,0,-1
2023141295359,2023,141295359,2,9,0,9,9,3,8,0,0,8,0,0,0,0,1,1,6,6,2,-1,-1,1580,8,2,KIA NIRO,-1,-1,0,-1
2023010452265,2023,010452265,3,9,0,4,4,8,4,0,0,1,0,4,0,0,1,1,3,7,1,50,8,1580,8,2,KIA NIRO,4,E01004015,0,-1
2023430138592,2023,430138592,2,9,0,9,9,8,5,0,0,6,0,0,0,0,1,1,6,6,2,62,9,1580,8,5,KIA NIRO,10,E01016227,0,-1
2023010447510,2023,010447510,2,8,0,99,99,9,9,99,99,9,9,99,9,99,1,9,6,6,1,67,10,-1,3,3,KIA NIRO,2,E01000930,0,-1
2023061311749,2023,061311749,1,9,0,1,1,8,4,9,9,8,0,0,0,0,2,1,6,6,3,30,6,1580,8,1,KIA NIRO,-1,-1,0,-1
2023061387727,2023,061387727,2,9,0,18,19,6,3,0,0,1,0,0,0,0,2,1,6,6,2,32,6,1580,8,4,KIA NIRO,2,E01004879,0,-1
2023010440794,2023,010440794,2,9,0,99,99,9,9,99,99,9,9,99,9,99,0,9,6,6,3,-1,-1,1580,8,4,KIA NIRO,-1,-1,0,-1
2023010458005,2023,010458005,2,9,0,99,99,9,9,99,99,9,9,99,9,99,9,9,6,6,3,-1,-1,-1,3,0,KIA NIRO,-1,-1,0,-1
2023302300773,2023,302300773,1,9,0,7,7,8,2,0,0,2,0,0,0,0,1,1,6,6,2,39,7,-1,3,1,KIA NIRO,7,E01013488,0,-1
2023351394797,2023,351394797,2,9,0,4,4,1,3,0,0,3,0,0,0,0,2,1,6,6,1,64,9,1580,8,0,KIA NIRO,8,E01015650,0,-1
2023010438109,2023,010438109,2,8,0,99,99,9,9,0,0,1,0,99,0,0,9,1,6,6,3,-1,-1,-1,3,1,KIA NIRO,-1,-1,0,-1
2023101261680,2023,101261680,1,9,0,5,5,3,7,0,0,4,0,0,0,0,3,1,5,6,2,67,10,1580,8,4,KIA NIRO,2,E01027429,0,-1
2023522301530,2023,522301530,1,8,0,17,19,7,4,0,0,2,0,0,0,0,1,1,1,1,1,35,6,1580,8,4,KIA NIRO,1,E01033359,0,-1
2023052302728,2023,052302728,1,9,0,5,5,8,4,0,0,1,0,0,0,0,3,1,6,6,1,65,9,1580,8,0,KIA NIRO,4,E01025509,0,-1
2023010438078,2023,010438078,1,9,0,99,99,9,9,99,99,0,9,99,9,99,2,9,1,1,1,38,7,-1,3,1,KIA NIRO,3,E01000032,0,-1
2023010454655,2023,010454655,1,8,0,99,99,9,9,99,99,9,9,99,9,99,1,9,1,1,1,46,8,-1,3,1,KIA NIRO,3,E01001366,0,-1
2023122300856,2023,122300856,1,9,0,1,1,8,2,0,0,0,0,0,0,0,2,1,6,6,1,83,11,1580,8,2,KIA NIRO,8,E01027858,0,-1
2023010464687,2023,010464687,3,9,0,2,2,0,0,0,0,1,0,0,0,0,2,1,6,6,3,-1,-1,-1,3,1,KIA NIRO,-1,-1,0,-1
2023010484247,2023,010484247,3,8,0,4,4,7,3,0,0,1,0,0,0,0,4,1,1,1,1,33,6,-1,3,0,KIA NIRO,2,E01003689,0,-1
2023010451418,2023,010451418,1,9,0,18,19,5,1,0,0,2,0,0,0,0,1,1,6,6,2,60,9,1580,8,4,KIA NIRO,5,E01002143,0,-1
2023010483577,2023,010483577,2,9,0,18,19,2,6,0,0,1,0,0,0,0,1,1,6,6,2,43,7,-1,3,4,KIA NIRO,9,E01003380,0,-1
2023010464889,2023,010464889,3,9,0,2,2,0,0,9,9,2,0,0,0,0,2,1,6,6,3,-1,-1,-1,3,2,KIA NIRO,-1,-1,0,-1
2023440170523,2023,440170523,1,9,0,18,19,1,5,0,0,1,0,7,0,0,1,1,6,6,1,42,7,1580,8,2,KIA NIRO,6,E01014707,0,-1
2023010460537,2023,010460537,2,9,0,99,99,9,9,99,99,9,9,99,9,99,2,9,6,6,3,-1,-1,-1,3,2,KIA NIRO,-1,-1,0,-1
2023340NN4082,2023,340NN4082,1,9,0,12,12,6,2,0,0,0,0,0,0,0,2,1,6,6,1,49,8,1580,8,4,KIA NIRO,4,E01027056,0,-1
2023010444054,2023,010444054,1,8,0,99,99,9,9,99,99,0,9,99,9,99,2,9,1,1,1,50,8,-1,3,1,KIA NIRO,3,E01002407,0,-1
2023010453021,2023,010453021,1,8,0,5,5,0,7,0,0,2,0,99,0,0,3,1,6,6,1,55,8,-1,3,1,KIA NIRO,3,E01003736,0,-1
2023010447423,2023,010447423,1,9,0,18,19,5,1,0,0,2,0,0,0,0,1,1,6,6,1,48,8,1580,8,2,KIA NIRO,6,E01002162,0,-1
2023451265994,2023,451265994,1,9,0,16,19,6,2,0,0,0,0,0,0,0,2,1,1,1,1,43,7,1580,8,5,KIA NIRO,9,E01030646,0,-1
2023411344802,2023,411344802,2,8,0,9,9,-1,-1,0,0,8,0,0,0,0,4,1,1,1,1,41,7,1580,8,4,KIA NIRO,6,E01000161,0,-1
2023010420294,2023,010420294,1,8,0,99,99,9,9,99,99,9,9,99,9,99,1,9,1,1,1,32,6,1580,8,5,KIA NIRO,1,E01001013,0,-1
2023010436285,2023,010436285,1,9,0,9,9,5,3,0,0,1,0,0,0,0,1,1,1,1,1,59,9,1580,8,3,KIA NIRO,4,E01000006,0,-1