collision_index,collision_year,collision_ref_no,vehicle_reference,vehicle_type,towing_and_articulation,vehicle_manoeuvre_historic,vehicle_manoeuvre,vehicle_direction_from,vehicle_direction_to,vehicle_location_restricted_lane_historic,vehicle_location_restricted_lane,junction_location,skidding_and_overturning,hit_object_in_carriageway,vehicle_leaving_carriageway,hit_object_off_carriageway,first_point_of_impact,vehicle_left_hand_drive,journey_purpose_of_driver_historic,journey_purpose_of_driver,sex_of_driver,age_of_driver,age_band_of_driver,engine_capacity_cc,propulsion_code,age_of_vehicle,generic_make_model,driver_imd_decile,lsoa_of_driver,escooter_flag,driver_distance_banding
2023010462849,2023,010462849,1,9,0,1,1,5,1,0,0,1,0,0,0,0,2,1,6,6,3,-1,-1,-1,3,1,KIA NIRO,-1,-1,0,-1
2023010431205,2023,010431205,2,8,0,7,7,2,4,2,2,0,0,0,0,0,0,1,1,1,1,47,8,-1,3,1,KIA NIRO,1,E01003047,0,-1
2023010441483,2023,010441483,1,9,0,99,99,9,9,99,99,9,9,99,9,99,1,9,6,6,3,-1,-1,-1,3,0,KIA NIRO,7,E01000326,0,-1
2023052300408,2023,052300408,1,9,0,9,9,1,3,0,0,8,0,0,0,0,4,1,1,1,1,57,9,1580,8,1,KIA NIRO,1,E01033765,0,-1
2023631369108,2023,631369108,2,9,0,10,10,1,7,0,0,8,0,0,0,0,3,1,6,6,1,73,10,1580,8,1,KIA NIRO,8,W01000447,0,-1
2023351355922,2023,351355922,1,9,0,9,9,5,1,0,0,8,0,0,0,0,1,1,6,6,2,72,10,-1,3,0,KIA NIRO,8,E01018270,0,-1
2023010428996,2023,010428996,1,9,0,5,5,4,8,0,0,0,0,0,0,0,3,1,6,6,1,52,8,-1,3,2,KIA NIRO,2,E01004242,0,-1
2023546147323,2023,546147323,1,9,0,14,14,8,4,0,0,0,0,0,0,0,1,1,6,6,2,48,8,-1,3,1,KIA NIRO,-1,-1,0,-1
2023421330262,2023,421330262,2,9,0,3,3,4,8,0,0,0,0,0,0,0,2,1,1,1,1,54,8,1580,8,4,KIA NIRO,6,E01016080,0,-1
2023320380844,2023,320380844,3,9,0,4,4,6,2,0,0,0,0,0,0,0,2,1,1,1,1,64,9,1580,8,2,KIA NIRO,9,E01026234,0,-1
2023340NN0652,2023,340NN0652,3,9,0,3,3,5,1,0,0,1,0,0,0,0,3,1,6,6,1,67,10,1580,8,1,KIA NIRO,6,E01027234,0,-1
2023010477414,2023,010477414,1,9,0,5,5,5,1,0,0,2,0,0,0,0,1,1,6,6,3,-1,-1,-1,3,2,KIA NIRO,-1,-1,0,-1
2023010479399,2023,010479399,2,8,0,99,99,9,9,99,99,9,9,99,9,99,9,9,6,6,3,-1,-1,-1,3,1,KIA NIRO,3,E01002064,0,-1
2023991386967,2023,991386967,1,9,0,18,19,1,5,0,0,1,0,0,0,0,1,1,1,1,1,28,6,1580,8,4,KIA NIRO,2,-1,0,-1
2023131355353,2023,131355353,2,9,0,18,19,7,3,0,0,1,0,0,0,0,1,1,5,6,1,43,7,1580,8,6,KIA NIRO,1,E01010739,0,-1
2023991312314,2023,991312314,1,9,0,18,19,4,8,0,0,1,0,0,0,0,1,1,5,6,2,85,11,1580,8,4,KIA NIRO,6,-1,0,-1
2023332300447,2023,332300447,3,9,0,2,2,0,0,0,0,0,0,0,0,0,3,1,6,6,3,-1,-1,1580,8,4,KIA NIRO,-1,-1,0,-1
2023010479572,2023,010479572,1,9,0,99,99,9,9,99,99,9,9,99,9,99,1,9,6,6,3,-1,-1,-1,3,0,KIA NIRO,2,E01001893,0,-1
2023052301290,2023,052301290,1,9,0,18,19,4,8,0,0,8,0,0,0,0,3,1,1,1,1,36,7,1580,8,1,KIA NIRO,1,E01006721,0,-1
2023231276043,2023,231276043,1,9,0,18,19,8,4,0,0,0,0,0,0,0,0,1,1,1,1,59,9,1580,8,0,KIA NIRO,4,E01031165,0,-1
2023101263353,2023,101263353,2,9,0,2,2,0,0,0,0,0,0,0,0,0,4,1,6,6,2,59,9,1580,8,4,KIA NIRO,-1,-1,0,-1
2023052302589,2023,052302589,1,9,0,18,19,7,3,0,0,0,0,0,0,0,3,1,6,6,1,48,8,1580,8,3,KIA NIRO,10,E01006937,0,-1
2023361383353,2023,361383353,1,9,0,18,19,7,3,0,0,6,1,0,3,4,1,1,1,1,2,35,6,1580,8,0,KIA NIRO,7,E01026655,0,-1
2023320267321,2023,320267321,1,9,0,9,9,2,8,0,0,5,0,0,0,0,1,1,3,7,2,45,7,1580,8,2,KIA NIRO,6,E01026252,0,-1
2023010458505,2023,010458505,3,9,0,18,19,5,1,0,0,1,0,0,0,0,2,1,2,2,1,71,10,1580,8,2,KIA NIRO,9,E01000687,0,-1
2023010436064,2023,010436064,1,8,0,99,99,9,9,99,99,0,9,99,9,99,2,9,1,1,1,32,6,-1,3,1,KIA NIRO,2,E01000045,0,-1
2023010482736,2023,010482736,1,9,0,5,5,7,3,0,0,0,0,0,0,0,1,1,1,1,1,42,7,-1,3,1,KIA NIRO,5,E01004522,0,-1
2023141372112,2023,141372112,1,9,0,4,4,1,4,0,0,0,0,0,0,0,2,1,1,1,2,43,7,1580,8,2,KIA NIRO,3,E01007487,0,-1
2023340WN4382,2023,340WN4382,4,9,0,3,3,5,1,0,0,1,0,0,0,0,2,1,6,6,2,67,10,1580,8,4,KIA NIRO,5,E01027091,0,-1
2023010439687,2023,010439687,1,9,0,3,3,5,1,0,0,0,0,0,0,0,4,1,6,6,2,36,7,-1,3,1,KIA NIRO,6,E01002260,0,-1
2023531326341,2023,531326341,2,9,0,18,19,1,5,0,0,0,0,0,0,0,0,1,6,6,1,46,8,-1,3,2,KIA NIRO,8,E01032938,0,-1
2023141266453,2023,141266453,1,9,0,16,19,7,6,0,0,0,1,0,7,4,1,1,6,6,1,23,5,1580,8,2,KIA NIRO,1,E01007948,0,-1
2023522400151,2023,522400151,1,9,0,18,19,6,2,0,0,8,0,0,1,3,4,1,6,6,1,73,10,-1,3,1,KIA NIRO,6,E01015009,0,-1
2023010428624,2023,010428624,2,9,0,99,99,9,9,99,99,9,9,99,9,99,9,9,6,6,3,-1,-1,-1,3,1,KIA NIRO,-1,-1,0,-1
2023421280745,2023,421280745,3,9,0,4,4,7,3,0,0,1,0,0,0,0,2,1,2,2,2,32,6,1580,8,2,KIA NIRO,-1,-1,0,-1
2023131348415,2023,131348415,3,9,0,18,19,2,6,0,0,8,0,0,0,0,1,1,6,6,3,-1,-1,-1,3,1,KIA NIRO,-1,-1,0,-1
2023052300336,2023,052300336,2,9,0,9,9,3,7,0,0,5,0,0,0,0,4,1,6,6,1,37,7,1580,8,1,KIA NIRO,4,E01006543,0,-1
2023010481033,2023,010481033,2,9,0,99,99,9,9,99,99,9,9,99,9,99,1,9,6,6,3,-1,-1,-1,3,1,KIA NIRO,-1,-1,0,-1
2023991296271,2023,991296271,1,9,0,18,19,1,5,0,0,6,0,0,0,0,1,1,5,6,1,70,10,1580,8,2,KIA NIRO,4,-1,0,-1
2023501344825,2023,501344825,1,8,0,18,19,3,6,0,0,1,0,0,0,0,4,1,1,1,1,55,8,1580,8,1,KIA NIRO,3,E01015219,0,-1
2023501278069,2023,501278069,3,9,0,2,2,0,0,9,9,1,0,0,0,0,2,1,6,6,1,44,7,-1,3,1,KIA NIRO,8,E01015165,0,-1
2023520400673,2023,520400673,1,9,0,18,19,5,2,0,0,0,0,0,0,0,1,1,6,6,1,56,9,1580,8,2,KIA NIRO,7,E01029151,0,-1
2023461284829,2023,461284829,1,9,0,18,19,3,7,0,0,0,0,0,0,0,1,1,6,6,1,-1,-1,1580,8,5,KIA NIRO,7,E01024691,0,-1
2023010451331,2023,010451331,1,9,0,9,9,3,1,0,0,6,0,0,0,0,4,1,6,6,3,76,11,1580,8,1,KIA NIRO,2,E01001079,0,-1
2023211260894,2023,211260894,2,9,0,18,19,1,5,0,0,0,0,0,0,0,3,1,6,6,1,55,8,1580,8,4,KIA NIRO,8,E01012472,0,-1
2023501333383,2023,501333383,2,9,0,4,4,8,4,0,0,0,0,0,0,0,2,1,6,6,1,62,9,1580,8,1,KIA NIRO,4,E01015258,0,-1
2023031355648,2023,031355648,3,8,0,2,2,3,3,0,0,0,0,0,0,0,3,1,1,1,2,47,8,1580,8,0,KIA NIRO,7,E01019395,0,-1
2023010431721,2023,010431721,1,8,0,11,11,7,3,0,0,8,0,0,0,0,1,1,6,6,1,31,6,1580,8,2,KIA NIRO,4,E01003690,0,-1
2023201367522,2023,201367522,2,9,0,18,19,6,2,0,0,0,1,0,0,0,3,1,6,6,2,62,9,-1,3,1,KIA NIRO,9,E01029619,0,-1
2023451311203,2023,451311203,1,9,0,7,7,1,5,0,0,6,0,0,0,0,3,1,1,1,1,41,7,1580,8,6,KIA NIRO,4,E01004628,0,-1
2023010468302,2023,010468302,2,9,0,5,5,5,1,0,0,6,0,0,0,0,1,1,6,6,1,68,10,1580,8,3,KIA NIRO,4,E01000416,0,-1
2023052300429,2023,052300429,1,8,0,7,7,1,3,0,0,1,0,0,0,0,1,1,1,1,1,43,7,1580,8,4,KIA NIRO,1,E01006705,0,-1
2023010483977,2023,010483977,1,8,9,99,99,9,9,99,99,9,9,99,9,99,9,9,6,6,3,-1,-1,-1,3,1,KIA NIRO,-1,-1,0,-1
2023010452686,2023,010452686,1,9,5,18,19,5,1,0,0,0,0,0,0,0,1,1,1,1,1,58,9,-1,3,3,KIA NIRO,2,E01003994,0,-1
2023041340884,2023,041340884,1,9,0,18,19,5,1,0,0,1,0,0,0,0,1,1,1,1,1,39,7,1580,8,4,KIA NIRO,3,E01012691,0,-1
2023010459301,2023,010459301,1,9,0,4,4,1,5,0,0,0,0,10,1,11,2,1,6,6,1,45,7,1580,8,7,KIA NIRO,7,E01002816,0,-1
2023451347811,2023,451347811,1,9,0,18,19,1,5,0,0,8,0,0,0,0,1,1,5,6,2,53,8,1580,8,7,KIA NIRO,9,E01030817,0,-1
2023010480595,2023,010480595,1,9,0,2,2,0,0,0,0,1,0,0,0,0,3,1,6,6,3,-1,-1,-1,3,2,KIA NIRO,-1,-1,0,-1
2023010475200,2023,010475200,2,9,5,18,19,5,1,0,0,1,0,0,0,0,3,1,1,1,1,56,9,-1,3,1,KIA NIRO,2,E01004246,0,-1
2023401286110,2023,401286110,2,9,-1,-1,-1,-1,-1,-1,-1,-1,-1,-1,-1,0,-1,1,1,1,1,31,6,-1,3,1,KIA NIRO,1,E01032512,0,-1
2023070925253,2023,070925253,2,9,0,18,19,7,3,0,0,0,0,0,0,0,3,1,6,6,2,54,8,1580,8,3,KIA NIRO,1,E01006903,0,-1
2023010467322,2023,010467322,2,9,0,99,99,9,9,99,99,9,9,99,9,99,1,9,6,6,1,55,8,1580,8,3,KIA NIRO,4,E01003095,0,-1
2023451308773,2023,451308773,1,9,0,18,19,1,5,0,0,0,0,0,0,0,1,1,3,7,1,43,7,1580,8,6,KIA NIRO,8,E01030485,0,-1
2023991343414,2023,991343414,2,9,0,15,15,7,3,0,0,0,0,0,0,0,3,1,5,6,2,65,9,1580,8,3,KIA NIRO,-1,-1,0,-1
2023411271410,2023,411271410,1,9,0,18,19,1,5,0,0,8,0,0,0,0,3,1,6,6,1,33,6,1580,8,5,KIA NIRO,3,E01015715,0,-1
2023542168423,2023,542168423,1,9,0,9,9,7,5,0,0,8,0,0,0,0,1,1,6,6,1,60,9,1580,8,3,KIA NIRO,6,E01032037,0,-1
2023161288573,2023,161288573,1,9,0,9,9,-1,-1,0,0,1,0,0,0,0,2,1,2,2,1,22,5,1580,8,4,KIA NIRO,7,E01033108,0,-1
2023010443321,2023,010443321,2,9,0,4,4,5,1,0,0,1,0,0,0,0,3,1,6,6,1,36,7,-1,3,2,KIA NIRO,2,E01001437,0,-1
2023421302072,2023,421302072,1,9,0,18,19,1,5,0,0,0,0,0,2,0,1,1,2,2,1,58,9,1580,8,5,KIA NIRO,3,E01000081,0,-1
2023440222263,2023,440222263,1,9,0,7,7,4,6,0,0,4,0,0,0,0,1,1,6,6,1,64,9,1580,8,2,KIA NIRO,7,E01031374,0,-1
2023122301079,2023,122301079,2,9,0,4,4,3,7,0,0,0,0,0,0,0,1,1,6,6,3,47,8,-1,3,2,KIA NIRO,-1,-1,0,-1
2023401372512,2023,401372512,2,8,0,2,2,0,0,0,0,0,0,0,0,0,2,1,5,6,1,46,8,-1,3,2,KIA NIRO,2,E01015733,0,-1
2023201416918,2023,201416918,2,8,0,18,19,1,5,0,0,1,0,0,0,0,1,1,1,1,1,36,7,1580,8,4,KIA NIRO,1,E01009408,0,-1
2023361349137,2023,361349137,2,9,0,18,19,1,5,0,0,1,0,0,0,0,4,1,5,6,2,57,9,-1,3,1,KIA NIRO,9,E01025921,0,-1
2023010424936,2023,010424936,1,9,0,9,9,4,3,0,0,1,0,0,0,0,3,1,2,2,1,43,7,1580,8,5,KIA NIRO,3,E01003597,0,-1
2023010483601,2023,010483601,1,9,0,99,99,9,9,99,99,9,9,99,9,99,1,9,6,6,1,48,8,-1,3,2,KIA NIRO,2,E01003046,0,-1
2023010477732,2023,010477732,2,9,0,99,99,9,9,99,99,9,9,99,9,99,1,9,6,6,3,-1,-1,-1,3,2,KIA NIRO,2,E01003558,0,-1
2023471302154,2023,471302154,2,9,0,18,19,3,7,0,0,0,0,1,0,0,1,1,5,6,1,58,9,1580,8,4,KIA NIRO,2,E01016993,0,-1
2023471302278,2023,471302278,2,9,0,18,19,6,2,0,0,0,0,0,0,0,1,1,5,6,1,34,6,-1,3,1,KIA NIRO,7,E01031396,0,-1
2023041345242,2023,041345242,1,9,0,9,9,5,3,0,0,6,0,0,0,0,3,1,5,6,1,76,11,-1,3,1,KIA NIRO,8,E01025498,0,-1
2023010429991,2023,010429991,1,9,0,9,9,4,2,1,1,1,0,0,0,0,1,1,6,6,1,42,7,1580,8,5,KIA NIRO,8,E01002159,0,-1
2023010471912,2023,010471912,1,9,0,18,19,5,1,0,0,0,0,0,0,0,3,1,1,1,1,47,8,-1,3,0,KIA NIRO,7,E01000993,0,-1
2023010425026,2023,010425026,1,8,0,99,99,9,9,99,99,0,9,8,9,99,3,9,1,1,1,40,7,1580,8,6,KIA NIRO,2,E01001758,0,-1
2023010484815,2023,010484815,1,8,0,99,99,9,9,99,99,9,9,99,9,99,9,9,1,1,1,37,7,1580,8,4,KIA NIRO,6,E01002496,0,-1
2023010471835,2023,010471835,1,9,0,18,19,7,3,0,0,0,2,7,0,0,1,1,6,6,2,76,11,1580,8,6,KIA NIRO,9,E01001916,0,-1
2023522301408,2023,522301408,1,9,0,9,9,1,7,0,0,6,0,0,0,0,3,1,6,6,1,38,7,1580,8,6,KIA NIRO,6,E01014975,0,-1
2023010454230,2023,010454230,1,8,0,9,9,1,7,0,0,8,0,0,0,0,3,1,1,1,1,39,7,-1,3,1,KIA NIRO,4,E01000471,0,-1
2023010432357,2023,010432357,1,9,0,99,99,9,9,99,99,9,9,99,9,99,1,9,6,6,3,-1,-1,-1,3,1,KIA NIRO,-1,-1,0,-1
2023010474924,2023,010474924,2,9,0,99,99,9,9,99,99,9,9,99,9,99,9,9,6,6,3,-1,-1,-1,3,2,KIA NIRO,-1,-1,0,-1
2023552301348,2023,552301348,1,9,0,4,4,6,2,0,0,0,0,0,0,0,2,1,6,6,1,76,11,1580,8,2,KIA NIRO,10,E01028664,0,-1
2023010436627,2023,010436627,2,9,0,18,19,7,3,0,0,1,0,0,0,0,1,1,1,1,1,49,8,1580,8,5,KIA NIRO,2,E01004197,0,-1
2023010426698,2023,010426698,1,8,0,2,2,0,0,9,9,0,0,0,0,0,3,1,6,6,3,-1,-1,-1,3,1,KIA NIRO,-1,-1,0,-1
2023451389657,2023,451389657,2,9,0,12,12,7,3,0,0,0,0,0,0,0,3,1,6,6,1,40,7,1580,8,1,KIA NIRO,-1,-1,0,-1
2023361328782,2023,361328782,2,9,0,18,19,4,8,0,0,0,0,0,1,0,1,1,6,6,1,60,9,-1,3,1,KIA NIRO,6,E01018045,0,-1
2023010431352,2023,010431352,2,9,0,99,99,9,9,99,99,9,9,99,9,99,9,9,6,6,3,64,9,1580,8,7,KIA NIRO,2,E01003943,0,-1
2023122301015,2023,122301015,3,9,0,1,1,8,4,0,0,1,0,0,0,0,2,1,6,6,1,64,9,1580,8,0,KIA NIRO,1,E01006816,0,-1
2023010455081,2023,010455081,1,9,0,9,9,7,4,0,0,1,0,0,7,1,3,1,6,6,1,51,8,-1,3,2,KIA NIRO,2,E01033000,0,-1
2023430313977,2023,430313977,1,9,0,18,19,2,6,0,0,1,1,10,4,0,1,1,6,6,1,47,8,-1,3,2,KIA NIRO,10,E01033517,0,-1
2023010437546,2023,010437546,1,9,0,5,5,1,5,1,1,2,1,0,0,0,1,1,1,1,2,48,8,1580,8,3,KIA NIRO,3,E01004212,0,-1
2023552301410,2023,552301410,2,9,0,18,19,2,6,0,0,8,0,0,0,0,4,1,6,6,2,65,9,-1,3,3,KIA NIRO,10,E01022849,0,-1
2023010455925,2023,010455925,1,8,0,99,99,9,9,99,99,0,9,99,9,99,2,9,1,1,1,51,8,-1,3,1,KIA NIRO,1,E01001429,0,-1
2023170S41423,2023,170S41423,2,9,0,18,19,2,6,0,0,0,0,0,0,0,1,1,2,2,1,38,7,-1,3,1,KIA NIRO,7,E01027592,0,-1
2023010477922,2023,010477922,2,9,0,99,99,9,9,99,99,9,9,99,9,99,1,9,6,6,3,-1,-1,-1,3,3,KIA NIRO,-1,-1,0,-1
2023302301983,2023,302301983,1,9,0,18,19,2,6,0,0,1,0,0,0,0,1,1,6,6,1,59,9,1580,8,0,KIA NIRO,10,E01019831,0,-1
2023010472403,2023,010472403,1,8,0,10,10,7,5,0,0,1,0,0,0,0,1,2,1,1,1,38,7,1580,8,4,KIA NIRO,2,E01003061,0,-1
2023010458788,2023,010458788,2,9,0,9,9,5,3,0,0,2,0,0,0,0,1,1,1,1,1,31,6,1580,8,7,KIA NIRO,5,E01000036,0,-1
2023010452682,2023,010452682,1,9,0,9,9,3,1,0,0,6,0,0,0,0,3,1,6,6,1,37,7,-1,3,1,KIA NIRO,5,E01004521,0,-1
2023041355920,2023,041355920,1,9,0,18,19,7,3,0,0,1,0,0,7,0,1,1,6,6,1,80,11,1580,8,2,KIA NIRO,5,E01012690,0,-1
2023440335377,2023,440335377,1,9,0,7,7,6,8,0,0,6,0,0,0,0,1,1,6,6,1,77,11,1580,8,1,KIA NIRO,1,E01017250,0,-1
2023010441147,2023,010441147,2,8,0,99,99,9,9,99,99,9,9,99,9,99,1,9,6,6,3,-1,-1,-1,3,2,KIA NIRO,3,E01003315,0,-1
2023501373074,2023,501373074,2,9,0,9,9,5,3,0,0,8,0,0,0,0,1,1,6,6,2,38,7,1580,8,0,KIA NIRO,7,E01015250,0,-1
2023052302515,2023,052302515,1,8,0,18,19,7,3,0,0,0,0,0,0,0,1,1,1,1,1,58,9,1580,8,1,KIA NIRO,3,W01000169,0,-1
2023010454371,2023,010454371,1,9,0,99,99,9,9,99,99,9,9,99,9,99,1,9,6,6,1,35,6,-1,3,1,KIA NIRO,2,E01033591,0,-1
2023010425854,2023,010425854,2,9,0,6,6,6,6,0,0,0,9,99,0,0,3,9,6,6,1,-1,-1,1580,8,5,KIA NIRO,2,E01033588,0,-1
2023010484853,2023,010484853,1,8,0,1,1,3,7,0,0,2,0,0,0,0,2,1,1,1,1,22,5,1580,8,5,KIA NIRO,5,E01003772,0,-1
2023501280190,2023,501280190,1,9,0,18,19,3,3,0,0,0,0,0,0,0,1,1,6,6,2,79,11,1580,8,5,KIA NIRO,1,E01015182,0,-1
2023461314872,2023,461314872,1,9,0,18,19,2,6,0,0,8,0,0,0,0,-1,1,6,6,1,64,9,-1,3,2,KIA NIRO,3,E01024154,0,-1
2023430496562,2023,430496562,1,9,0,7,7,7,1,0,0,6,0,0,0,0,1,1,3,7,1,43,7,1580,8,0,KIA NIRO,6,E01028575,0,-1
2023070057567,2023,070057567,2,9,0,10,10,4,2,0,0,1,0,0,0,0,4,1,6,6,1,60,9,-1,3,1,KIA NIRO,8,E01029534,0,-1
2023010467646,2023,010467646,1,9,9,99,99,9,9,99,99,9,9,99,9,99,9,1,6,6,1,33,6,1580,8,0,KIA NIRO,6,E01003738,0,-1
2023010420881,2023,010420881,1,9,0,99,99,9,9,99,99,9,9,99,9,99,0,9,1,1,1,49,8,-1,3,2,KIA NIRO,5,E01004601,0,-1
2023010475963,2023,010475963,1,9,0,18,19,1,5,0,0,8,0,0,0,0,4,1,1,1,1,37,7,-1,3,2,KIA NIRO,7,E01001280,0,-1
2023411297943,2023,411297943,1,9,0,9,9,4,8,0,0,0,0,0,0,0,3,1,6,6,2,73,10,1580,8,1,KIA NIRO,4,E01023574,0,-1
2023451373053,2023,451373053,2,9,0,5,5,5,2,0,0,8,0,0,2,0,1,1,5,6,1,44,7,1580,8,5,KIA NIRO,7,E01030577,0,-1
2023461322603,2023,461322603,2,9,0,5,5,1,4,0,0,4,0,0,0,0,4,1,6,6,1,40,7,1580,8,4,KIA NIRO,1,E01016024,0,-1
2023131375823,2023,131375823,3,9,0,18,19,1,5,0,0,0,0,0,0,0,2,1,6,6,2,52,8,1580,8,3,KIA NIRO,1,E01011492,0,-1
2023052300681,2023,052300681,1,9,0,18,19,5,1,0,0,0,0,0,0,0,4,1,6,6,1,46,8,1580,8,2,KIA NIRO,2,E01006862,0,-1
2023010472511,2023,010472511,2,8,0,99,99,9,9,99,99,0,9,99,9,99,1,9,6,6,1,35,6,-1,3,2,KIA NIRO,4,E01003781,0,-1
2023501322990,2023,501322990,2,9,0,17,19,3,8,0,0,0,0,0,1,0,1,1,5,6,2,31,6,-1,3,0,KIA NIRO,-1,-1,0,-1
2023351396026,2023,351396026,1,9,0,9,9,5,3,0,0,0,0,0,0,0,1,1,5,6,2,70,10,-1,3,0,KIA NIRO,5,E01018214,0,-1
2023430070201,2023,430070201,1,8,0,11,11,4,8,0,0,2,0,0,1,7,4,1,1,1,1,28,6,1580,8,4,KIA NIRO,3,E01004528,0,-1
2023052302885,2023,052302885,1,9,0,9,9,7,5,0,0,1,0,0,0,0,1,1,6,6,2,29,6,1580,8,2,KIA NIRO,1,E01006790,0,-1
2023141317160,2023,141317160,1,9,0,18,19,1,5,0,0,0,0,0,0,0,3,1,5,6,1,43,7,-1,3,1,KIA NIRO,9,E01007921,0,-1
2023010464824,2023,010464824,2,9,0,99,99,9,9,99,99,9,9,99,9,99,9,9,6,6,1,39,7,1580,8,5,KIA NIRO,4,E01002621,0,-1
2023010427814,2023,010427814,1,9,0,3,3,2,6,0,0,2,0,0,0,0,2,1,1,1,1,56,9,1580,8,5,KIA NIRO,3,E01004270,0,-1
2023501312086,2023,501312086,1,9,0,9,9,2,8,0,0,8,0,0,0,0,0,1,6,6,1,44,7,-1,3,2,KIA NIRO,6,E01020329,0,-1
2023010485082,2023,010485082,2,9,0,99,99,9,9,99,99,9,9,99,9,99,1,9,6,6,3,-1,-1,1580,8,1,KIA NIRO,-1,-1,0,-1
2023010433920,2023,010433920,1,9,0,5,5,7,3,0,0,4,0,0,0,0,1,1,6,6,1,32,6,-1,3,2,KIA NIRO,5,E01033325,0,-1
2023010471596,2023,010471596,1,9,0,18,19,5,1,0,0,2,0,0,0,0,1,1,6,6,1,58,9,-1,3,2,KIA NIRO,4,E01003148,0,-1
2023010433275,2023,010433275,1,9,0,4,4,5,1,0,0,0,0,0,0,0,1,1,1,1,1,53,8,-1,3,1,KIA NIRO,2,E01003497,0,-1
2023302300069,2023,302300069,1,9,0,3,3,4,6,0,0,4,0,0,0,0,2,1,6,6,2,44,7,1580,8,2,KIA NIRO,6,E01019798,0,-1
2023122300683,2023,122300683,2,9,0,8,8,1,5,0,0,1,0,0,0,0,2,1,6,6,1,74,10,1580,8,0,KIA NIRO,9,E01013407,0,-1
2023471332151,2023,471332151,2,9,0,5,5,7,3,0,0,0,0,0,0,0,1,1,3,7,1,33,6,1580,8,2,KIA NIRO,5,E01031584,0,-1
2023440064389,2023,440064389,2,9,0,18,19,2,6,0,0,1,0,0,0,0,2,1,6,6,2,43,7,1580,8,2,KIA NIRO,10,E01028972,0,-1
2023010468178,2023,010468178,1,8,0,16,19,7,3,0,0,1,0,0,0,0,1,1,1,1,1,40,7,-1,3,2,KIA NIRO,5,E01000239,0,-1
2023471305864,2023,471305864,2,9,0,4,4,8,4,0,0,0,0,0,0,0,2,1,5,6,1,74,10,1580,8,1,KIA NIRO,8,E01021176,0,-1
2023501369809,2023,501369809,2,9,0,18,19,7,3,0,0,0,0,0,8,11,1,1,5,6,2,40,7,1580,8,4,KIA NIRO,5,E01020339,0,-1
2023010435711,2023,010435711,2,9,0,18,19,1,5,0,0,0,0,0,0,0,1,1,6,6,1,41,7,-1,3,2,KIA NIRO,6,E01000513,0,-1
2023010435530,2023,010435530,2,8,0,3,3,3,7,0,0,2,0,0,0,0,4,1,1,1,1,54,8,-1,3,2,KIA NIRO,3,E01001117,0,-1
2023311383969,2023,311383969,1,9,0,4,4,7,3,0,0,0,0,0,0,0,4,1,1,1,1,26,6,1580,8,3,KIA NIRO,10,E01028401,0,-1
2023010463303,2023,010463303,1,9,0,3,3,7,3,0,0,0,0,0,0,0,3,1,6,6,2,55,8,1580,8,3,KIA NIRO,3,E01000043,0,-1
2023010429763,2023,010429763,1,9,0,9,9,5,3,0,0,6,0,0,0,0,1,1,1,1,1,59,9,-1,3,2,KIA NIRO,4,E01033727,0,-1
2023201391773,2023,201391773,2,9,0,3,3,8,4,0,0,0,0,0,0,0,2,1,6,6,2,65,9,1580,8,2,KIA NIRO,7,E01009726,0,-1
2023010429673,2023,010429673,1,9,0,2,2,0,0,1,1,0,0,0,0,0,0,2,6,6,3,-1,-1,1580,8,4,KIA NIRO,-1,-1,0,-1
2023010474069,2023,010474069,1,9,0,6,6,1,1,0,0,5,5,0,0,0,4,1,1,1,1,37,7,-1,3,2,KIA NIRO,4,E01001097,0,-1
2023010469261,2023,010469261,2,8,0,4,4,7,3,0,0,1,0,0,0,0,3,1,1,1,1,62,9,-1,3,0,KIA NIRO,3,E01001326,0,-1
2023010486230,2023,010486230,2,8,0,9,9,5,3,99,99,9,9,99,9,99,3,9,6,6,1,-1,-1,-1,3,2,KIA NIRO,8,E01000447,0,-1
2023351349472,2023,351349472,1,9,0,18,19,4,8,0,0,0,0,0,0,0,1,1,6,6,2,53,8,1580,8,5,KIA NIRO,2,E01015641,0,-1
2023010426476,2023,010426476,2,9,0,99,99,9,9,99,99,9,9,99,9,99,1,9,6,6,3,-1,-1,1580,8,5,KIA NIRO,-1,-1,0,-1
2023010452789,2023,010452789,2,9,0,15,15,1,5,0,0,0,0,0,0,0,3,2,6,6,1,34,6,1580,8,0,KIA NIRO,2,E01003593,0,-1
2023401348291,2023,401348291,1,9,-1,-1,-1,-1,-1,-1,-1,3,-1,-1,-1,0,-1,1,6,6,1,-1,-1,1580,8,4,KIA NIRO,10,E01017436,0,-1
2023010465137,2023,010465137,1,9,0,2,2,0,0,9,9,0,0,4,0,0,3,1,6,6,3,-1,-1,1580,8,5,KIA NIRO,-1,-1,0,-1
2023010447096,2023,010447096,1,9,0,4,4,7,3,0,0,1,0,0,0,0,4,1,1,1,1,43,7,-1,3,2,KIA NIRO,5,E01003130,0,-1
2023471268969,2023,471268969,2,9,0,18,19,8,4,0,0,1,0,0,0,0,2,1,6,6,2,60,9,1580,8,6,KIA NIRO,8,E01031382,0,-1
2023010445917,2023,010445917,1,9,0,17,19,7,3,0,0,1,0,0,0,0,3,1,1,1,1,46,8,-1,3,2,KIA NIRO,2,E01000019,0,-1
2023991333805,2023,991333805,1,9,0,9,9,1,7,0,0,5,0,0,0,0,1,1,5,6,1,35,6,1580,8,1,KIA NIRO,1,-1,0,-1
2023010485983,2023,010485983,1,8,0,10,10,5,3,0,0,1,0,0,0,0,1,1,1,1,1,37,7,-1,3,4,KIA NIRO,1,E01002755,0,-1
2023122400029,2023,122400029,2,9,0,18,19,6,2,0,0,8,0,0,0,0,1,1,6,6,2,69,10,1580,8,4,KIA NIRO,10,E01027709,0,-1