collision_index,collision_year,collision_ref_no,vehicle_reference,vehicle_type,towing_and_articulation,vehicle_manoeuvre_historic,vehicle_manoeuvre,vehicle_direction_from,vehicle_direction_to,vehicle_location_restricted_lane_historic,vehicle_location_restricted_lane,junction_location,skidding_and_overturning,hit_object_in_carriageway,vehicle_leaving_carriageway,hit_object_off_carriageway,first_point_of_impact,vehicle_left_hand_drive,journey_purpose_of_driver_historic,journey_purpose_of_driver,sex_of_driver,age_of_driver,age_band_of_driver,engine_capacity_cc,propulsion_code,age_of_vehicle,generic_make_model,driver_imd_decile,lsoa_of_driver,escooter_flag,driver_distance_banding
2023010472043,2023,010472043,1,9,0,7,7,1,3,0,0,5,0,0,0,0,1,1,6,6,1,57,9,2925,2,5,MERCEDES S CLASS,2,E01001367,0,-1
2023131361660,2023,131361660,2,9,0,7,7,1,2,0,0,6,0,0,0,0,4,1,6,6,1,44,7,4968,1,23,MERCEDES S CLASS,2,E01010799,0,-1
2023010440701,2023,010440701,2,9,0,18,19,3,7,0,0,2,0,0,0,0,1,1,1,1,1,49,8,2925,2,4,MERCEDES S CLASS,1,E01004702,0,-1
2023010444339,2023,010444339,1,9,0,3,3,1,5,0,0,1,0,0,0,0,2,1,6,6,1,26,6,2987,2,15,MERCEDES S CLASS,1,E01033602,0,-1
2023461328306,2023,461328306,1,9,0,15,15,1,5,0,0,0,0,0,0,0,2,1,6,6,3,-1,-1,2143,12,7,MERCEDES S CLASS,-1,-1,0,-1
2023010426939,2023,010426939,2,9,9,99,99,9,9,99,99,9,9,99,9,99,9,9,6,6,3,-1,-1,5462,1,16,MERCEDES S CLASS,6,E01003762,0,-1
2023010464551,2023,010464551,2,9,9,9,9,3,1,0,0,6,9,99,0,0,1,1,6,6,1,74,10,2987,2,11,MERCEDES S CLASS,3,E01002407,0,-1
2023010455144,2023,010455144,1,9,0,4,4,7,3,0,0,1,0,0,0,0,4,1,6,6,1,68,10,2987,2,6,MERCEDES S CLASS,3,E01000933,0,-1
2023010470731,2023,010470731,2,9,0,99,99,9,9,99,99,9,9,99,9,99,2,9,6,6,3,29,6,2925,2,5,MERCEDES S CLASS,2,E01003183,0,-1
2023010435515,2023,010435515,2,9,0,9,9,2,1,0,0,6,0,0,0,0,1,1,6,6,1,31,6,4966,1,18,MERCEDES S CLASS,5,E01000994,0,-1
2023552400157,2023,552400157,2,9,0,2,2,0,0,0,0,0,0,4,0,0,2,1,6,6,3,-1,-1,2999,1,6,MERCEDES S CLASS,-1,-1,0,-1
2023411369660,2023,411369660,2,9,0,3,3,2,6,0,0,8,0,0,0,0,2,1,6,6,1,26,6,2925,2,0,MERCEDES S CLASS,2,E01015749,0,-1
2023010441795,2023,010441795,1,9,0,18,19,5,1,0,0,0,0,0,0,0,4,2,6,6,1,34,6,2925,2,4,MERCEDES S CLASS,2,E01004271,0,-1
2023010461017,2023,010461017,1,9,0,16,19,5,7,0,0,2,0,0,0,0,1,1,2,2,1,24,5,2925,2,4,MERCEDES S CLASS,6,E01003386,0,-1
2023010479923,2023,010479923,1,9,0,7,7,1,3,0,0,4,0,0,0,0,1,1,2,2,1,52,8,2987,2,7,MERCEDES S CLASS,2,E01000133,0,-1
2023302301764,2023,302301764,1,9,0,9,9,6,3,0,0,8,0,0,0,0,1,1,2,2,1,46,8,2987,2,17,MERCEDES S CLASS,8,E01010329,0,-1
2023010454068,2023,010454068,2,8,0,18,19,1,5,0,0,8,0,0,0,0,3,1,2,2,1,54,8,2925,2,5,-1,2,E01003479,0,-1
2023010484188,2023,010484188,2,9,0,99,99,9,9,99,99,9,9,99,9,99,1,9,6,6,3,-1,-1,2925,2,5,MERCEDES S CLASS,-1,-1,0,-1
2023010453925,2023,010453925,2,9,9,99,99,9,9,99,99,0,9,99,9,99,9,9,6,6,3,-1,-1,4266,1,23,MERCEDES S CLASS,-1,-1,0,-1
2023451364836,2023,451364836,2,9,0,18,19,6,2,0,0,1,1,0,1,4,1,1,5,6,1,47,8,2925,2,4,MERCEDES S CLASS,10,E01016607,0,-1
2023201432831,2023,201432831,1,9,0,3,3,4,8,0,0,0,0,0,0,0,1,1,6,6,1,55,8,2987,2,15,MERCEDES S CLASS,1,E01009382,0,-1
2023010453720,2023,010453720,1,9,0,99,99,9,9,99,99,9,9,99,9,99,9,9,6,6,3,-1,-1,2987,2,7,MERCEDES S CLASS,7,E01000650,0,-1
2023010421539,2023,010421539,1,9,0,5,5,1,5,0,0,1,0,0,0,0,0,1,6,6,1,61,9,2925,2,4,MERCEDES S CLASS,5,E01004681,0,-1
2023471275457,2023,471275457,1,9,0,18,19,8,4,0,0,1,0,0,0,0,1,1,5,6,1,55,8,3222,2,19,MERCEDES S CLASS,3,E01031444,0,-1
2023421286967,2023,421286967,1,9,0,18,19,6,2,0,0,0,0,0,0,0,1,1,6,6,1,43,7,2925,2,5,MERCEDES S CLASS,3,E01021594,0,-1
2023302300532,2023,302300532,1,9,0,3,3,6,2,0,0,8,0,0,0,0,1,1,6,6,1,44,7,2987,2,9,MERCEDES S CLASS,1,E01013825,0,-1
2023201365014,2023,201365014,1,9,0,17,19,8,6,0,0,0,0,0,0,0,1,1,2,2,2,40,7,2987,2,6,MERCEDES S CLASS,1,E01009182,0,-1
2023041308072,2023,041308072,2,9,0,18,19,3,7,0,0,2,0,0,0,0,2,2,5,6,1,66,10,2925,2,2,MERCEDES S CLASS,8,E01025322,0,-1
2023451340038,2023,451340038,2,9,0,5,5,7,3,0,0,0,0,0,0,0,3,1,1,1,1,50,8,2999,8,0,MERCEDES S CLASS,8,E01000411,0,-1
2023010454786,2023,010454786,1,8,0,1,1,6,8,1,1,8,0,0,0,0,4,2,1,1,1,31,6,2925,2,6,-1,4,E01000609,0,-1
2023010435106,2023,010435106,2,9,0,18,19,5,1,0,0,8,0,0,0,0,1,1,6,6,3,38,7,2987,2,12,MERCEDES S CLASS,-1,-1,0,-1
2023010451559,2023,010451559,2,9,0,18,19,5,1,0,0,2,0,0,0,0,3,1,6,6,1,40,7,2987,2,17,MERCEDES S CLASS,5,E01002352,0,-1
2023010463886,2023,010463886,3,9,0,2,2,0,0,0,0,0,0,0,0,0,1,1,6,6,3,-1,-1,2987,2,6,MERCEDES S CLASS,-1,-1,0,-1
2023010453127,2023,010453127,1,9,0,99,99,9,9,99,99,9,9,99,9,99,9,9,6,6,1,34,6,2987,2,13,MERCEDES S CLASS,9,E01002535,0,-1
2023010428932,2023,010428932,1,9,0,99,99,9,9,99,99,9,9,99,9,99,1,9,6,6,3,44,7,5461,1,8,MERCEDES S CLASS,6,E01004714,0,-1
2023461261788,2023,461261788,1,9,0,7,7,3,6,0,0,6,0,0,0,0,1,1,5,6,1,59,9,4663,1,8,MERCEDES S CLASS,7,E01024553,0,-1
2023201291586,2023,201291586,2,9,0,13,13,-1,-1,0,0,0,0,0,0,0,-1,1,6,6,3,-1,-1,2999,8,4,MERCEDES S CLASS,-1,-1,0,-1
2023010464855,2023,010464855,1,9,0,4,4,1,5,0,0,0,0,0,0,0,4,1,1,1,1,62,9,2987,2,9,MERCEDES S CLASS,6,E01003416,0,-1
2023421374432,2023,421374432,2,9,0,-1,-1,-1,-1,-1,-1,0,-1,-1,-1,0,-1,1,6,6,1,35,6,2996,8,6,MERCEDES S CLASS,5,E01020454,0,-1
2023131376157,2023,131376157,1,9,0,18,19,5,1,0,0,1,0,0,0,0,4,1,6,6,3,-1,-1,2987,2,7,MERCEDES S CLASS,-1,-1,0,-1
2023552300203,2023,552300203,3,9,0,4,4,7,3,0,0,0,0,0,0,0,2,1,1,1,1,65,9,2996,8,8,MERCEDES S CLASS,-1,-1,0,-1
2023010453616,2023,010453616,3,9,0,3,3,3,7,0,0,2,0,0,0,0,1,1,6,6,1,59,9,2925,2,2,MERCEDES S CLASS,1,E01002782,0,-1
2023421308021,2023,421308021,4,9,0,18,19,7,3,0,0,0,0,0,0,0,2,1,2,2,1,48,8,2925,2,2,MERCEDES S CLASS,9,E01002275,0,-1
2023545051623,2023,545051623,1,9,0,18,19,6,2,0,0,6,1,0,0,0,3,1,6,6,1,60,9,1200,1,2,PEUGEOT 508,10,E01020374,0,-1
2023010459693,2023,010459693,2,9,0,13,13,5,1,0,0,0,0,10,1,0,1,1,6,6,1,59,9,1997,2,7,PEUGEOT 508,1,E01002038,0,-1
2023430521867,2023,430521867,1,9,0,18,19,3,7,0,0,1,0,0,0,0,1,1,2,2,1,41,7,1560,2,8,PEUGEOT 508,8,E01016334,0,-1
2023471288372,2023,471288372,2,9,0,4,4,7,3,0,0,8,0,0,0,0,2,1,5,6,2,55,8,1560,2,12,PEUGEOT 508,8,E01021230,0,-1
2023221366560,2023,221366560,2,9,0,18,19,1,5,0,0,8,0,0,0,0,3,1,5,6,1,62,9,1997,2,5,PEUGEOT 508,8,E01032182,0,-1
2023461341961,2023,461341961,2,9,0,4,4,7,3,0,0,0,0,0,0,0,2,1,6,6,1,45,7,1997,2,11,PEUGEOT 508,7,E01024252,0,-1
2023070322670,2023,070322670,1,9,0,11,11,1,5,0,0,0,0,0,0,0,1,1,1,1,1,33,6,1560,2,12,PEUGEOT 508,-1,-1,0,-1
2023522400670,2023,522400670,2,9,0,18,19,5,1,0,0,8,1,0,0,0,1,1,6,6,1,48,8,2179,2,8,PEUGEOT 508,4,E01014958,0,-1
2023332300838,2023,332300838,2,9,0,12,12,8,4,0,0,1,0,0,0,0,4,1,6,6,1,40,7,1500,2,2,PEUGEOT 508,5,E01026956,0,-1
2023201453523,2023,201453523,1,9,0,15,15,4,8,0,0,8,0,0,0,0,3,1,2,2,1,61,9,1560,2,7,PEUGEOT 508,1,E01010066,0,-1
2023332300694,2023,332300694,2,9,0,18,19,7,3,0,0,8,0,0,1,0,1,1,2,2,2,50,8,1997,12,10,PEUGEOT 508,9,E01025638,0,-1
2023041361266,2023,041361266,3,9,0,18,19,5,1,0,0,0,0,2,0,0,2,1,1,1,2,39,7,1598,8,0,PEUGEOT 508,7,E01025102,0,-1
2023201339660,2023,201339660,2,9,0,12,12,1,5,0,0,2,0,0,0,0,4,1,6,6,1,-1,-1,1598,8,0,PEUGEOT 508,-1,-1,0,-1
2023041356653,2023,041356653,2,9,0,2,2,0,0,0,0,0,0,0,0,0,2,1,6,6,3,-1,-1,1997,2,4,PEUGEOT 508,-1,-1,0,-1
2023131279417,2023,131279417,2,9,0,2,2,2,6,0,0,0,0,0,0,0,2,1,1,1,1,34,6,1560,2,10,PEUGEOT 508,4,E01011153,0,-1
2023461382661,2023,461382661,1,9,0,18,19,4,6,0,0,0,0,0,0,0,1,1,6,6,1,87,11,1600,8,3,PEUGEOT 508,7,E01024347,0,-1
2023471365762,2023,471365762,4,9,0,18,19,6,2,0,0,0,0,0,1,10,1,1,2,2,1,54,8,1500,2,4,PEUGEOT 508,7,E01031665,0,-1
2023543881423,2023,543881423,2,9,0,10,10,7,5,0,0,1,0,0,0,0,2,1,6,6,1,40,7,1997,2,8,PEUGEOT 508,6,E01015478,0,-1
2023201279342,2023,201279342,1,9,0,9,9,8,6,0,0,5,1,0,0,0,1,1,6,6,2,-1,-1,1500,2,4,PEUGEOT 508,-1,-1,0,-1
2023052301558,2023,052301558,2,9,0,18,19,4,8,0,0,0,0,0,0,0,4,1,6,6,1,36,7,1500,2,4,PEUGEOT 508,7,E01019553,0,-1
2023141302501,2023,141302501,2,9,0,18,19,1,5,0,0,0,0,0,1,1,1,1,5,6,2,36,7,1600,8,3,PEUGEOT 508,8,E01033275,0,-1
2023010471125,2023,010471125,1,9,0,99,99,9,9,99,99,0,9,99,9,99,9,9,6,6,1,44,7,1598,1,5,PEUGEOT 508,3,E01001697,0,-1
2023440500212,2023,440500212,1,9,0,4,4,3,7,0,0,0,0,0,0,0,2,1,2,2,1,47,8,1560,2,12,PEUGEOT 508,1,E01017077,0,-1
2023401296556,2023,401296556,1,9,0,18,19,7,3,0,0,0,0,0,0,0,1,1,5,6,1,61,9,1560,2,12,PEUGEOT 508,9,E01013806,0,-1
2023101315807,2023,101315807,1,9,0,9,9,7,4,0,0,8,0,0,0,0,1,1,1,1,1,61,9,1997,2,6,PEUGEOT 508,5,E01008787,0,-1
2023522300780,2023,522300780,1,9,0,18,19,2,6,0,0,3,0,0,0,0,3,1,6,6,1,44,7,1560,2,8,PEUGEOT 508,1,E01014580,0,-1
2023201379284,2023,201379284,1,9,0,14,14,5,1,0,0,0,0,0,0,0,1,1,6,6,1,45,7,1199,1,0,PEUGEOT 508,2,E01008884,0,-1
2023010457659,2023,010457659,2,9,0,9,9,2,7,0,0,5,0,0,0,0,1,1,6,6,3,-1,-1,2179,2,12,PEUGEOT 508,-1,-1,0,-1
2023501321332,2023,501321332,1,9,0,18,19,2,6,0,0,0,0,0,0,0,1,1,6,6,1,18,4,1997,2,11,PEUGEOT 508,8,E01020003,0,-1
2023201370155,2023,201370155,1,9,0,18,19,3,7,0,0,0,0,0,0,0,1,1,6,6,3,-1,-1,2179,2,9,PEUGEOT 508,-1,-1,0,-1
2023991296795,2023,991296795,11,9,0,18,19,5,1,0,0,0,0,0,0,0,2,1,6,6,1,42,7,1997,2,12,PEUGEOT 508,-1,-1,0,-1
2023371352557,2023,371352557,1,8,0,9,9,7,4,0,0,6,0,11,0,0,4,1,1,1,1,43,7,1560,2,9,-1,5,E01030106,0,-1
2023201412959,2023,201412959,2,9,0,18,19,3,7,0,0,8,0,0,0,0,3,1,6,6,1,46,8,1997,2,9,PEUGEOT 508,2,E01010363,0,-1
2023111390140,2023,111390140,1,9,0,7,7,5,7,0,0,4,0,0,0,0,1,1,6,6,1,30,6,1598,8,0,PEUGEOT 508,2,E01020795,0,-1
2023991342611,2023,991342611,2,9,0,18,19,3,8,0,0,0,0,0,0,0,3,2,1,1,1,55,8,1997,2,5,PEUGEOT 508,-1,-1,0,-1
2023221326657,2023,221326657,2,9,0,4,4,5,1,0,0,1,0,0,0,0,2,1,2,2,1,31,6,1997,2,11,PEUGEOT 508,2,E01014143,0,-1
2023101269266,2023,101269266,1,9,0,18,19,6,2,0,0,1,0,0,0,0,1,1,6,6,1,59,9,1560,2,12,PEUGEOT 508,5,E01027436,0,-1
2023461389515,2023,461389515,1,9,0,18,19,4,6,0,0,0,0,0,0,0,3,1,6,6,1,77,11,1997,2,9,PEUGEOT 508,8,E01024642,0,-1
2023371374819,2023,371374819,1,9,0,18,19,6,2,0,0,0,0,0,0,0,1,1,6,6,1,83,11,1997,2,7,PEUGEOT 508,6,E01021356,0,-1
2023010451972,2023,010451972,1,9,9,99,99,9,9,99,99,0,9,99,9,99,9,9,6,6,1,53,8,2000,2,4,PEUGEOT 508,10,E01000836,0,-1
2023531294164,2023,531294164,1,9,0,17,19,1,5,0,0,0,1,0,1,0,1,1,5,6,1,20,4,2179,2,12,PEUGEOT 508,6,E01014379,0,-1
2023501357973,2023,501357973,1,9,0,18,19,1,5,0,0,0,0,0,0,0,4,1,6,6,1,84,11,1560,2,11,PEUGEOT 508,9,E01020125,0,-1
2023122301375,2023,122301375,1,9,0,18,19,6,2,0,0,1,0,0,0,0,1,1,6,6,1,49,8,1997,2,6,PEUGEOT 508,9,E01027913,0,-1
2023440421760,2023,440421760,1,9,0,2,2,0,0,0,0,0,0,0,1,0,2,1,1,1,1,33,6,1560,2,10,PEUGEOT 508,8,E01022975,0,-1
2023141280998,2023,141280998,1,9,0,18,19,2,6,0,0,0,0,0,0,0,1,1,1,1,2,36,7,1997,2,12,PEUGEOT 508,1,E01007627,0,-1
2023461338991,2023,461338991,2,9,0,18,19,3,7,0,0,8,0,0,0,0,1,1,6,6,1,43,7,1600,8,3,PEUGEOT 508,9,E01001104,0,-1
2023340NN2022,2023,340NN2022,1,9,0,9,9,5,1,0,0,6,0,0,7,0,3,1,6,6,1,58,9,1560,2,12,PEUGEOT 508,4,E01027315,0,-1
2023041282648,2023,041282648,1,9,0,18,19,1,5,0,0,0,0,0,0,0,1,1,2,2,1,49,8,1997,2,12,PEUGEOT 508,2,E01024886,0,-1
2023361299073,2023,361299073,1,9,0,7,7,3,6,9,9,8,0,0,1,3,1,1,5,6,2,35,6,1560,2,11,PEUGEOT 508,6,E01026534,0,-1
2023622300815,2023,622300815,1,9,0,4,4,2,6,0,0,0,0,0,0,0,2,1,6,6,1,46,8,1560,2,7,PEUGEOT 508,3,W01001792,0,-1
2023361383195,2023,361383195,1,9,0,9,9,1,7,0,0,8,0,0,0,0,3,1,1,1,2,52,8,1560,2,9,PEUGEOT 508,3,E01026632,0,-1
2023361325430,2023,361325430,3,9,0,18,19,7,3,0,0,0,0,0,0,0,1,1,5,6,1,71,10,2179,2,9,PEUGEOT 508,5,E01027613,0,-1
2023041319854,2023,041319854,1,9,0,7,7,1,5,0,0,0,0,0,0,0,1,1,5,6,1,55,8,1997,2,10,PEUGEOT 508,5,E01025228,0,-1
2023041380120,2023,041380120,3,9,0,18,19,4,8,0,0,1,0,0,0,0,2,1,5,6,1,32,6,1560,2,11,PEUGEOT 508,2,E01025381,0,-1
2023131310254,2023,131310254,2,9,0,9,9,5,1,0,0,1,0,0,0,0,3,1,5,6,1,24,5,1560,2,12,PEUGEOT 508,1,E01006728,0,-1
2023170S40623,2023,170S40623,1,9,0,18,19,8,4,0,0,0,0,0,0,0,1,1,6,6,1,-1,-1,1560,2,10,PEUGEOT 508,-1,-1,0,-1
2023141348042,2023,141348042,1,9,0,18,19,8,4,0,0,0,0,0,0,0,1,1,5,6,1,21,5,1997,12,10,PEUGEOT 508,2,E01008014,0,-1
2023461343771,2023,461343771,1,9,0,18,19,4,8,0,0,0,0,0,0,0,1,1,2,2,1,60,9,1598,1,4,PEUGEOT 508,1,E01024621,0,-1
2023170M11273,2023,170M11273,1,9,0,9,9,7,5,0,0,2,0,0,0,0,1,1,6,6,1,31,6,1997,2,9,PEUGEOT 508,1,E01032542,0,-1
2023161306453,2023,161306453,1,9,0,9,9,6,2,0,0,1,0,0,0,0,1,1,6,6,1,54,8,1560,2,8,PEUGEOT 508,2,E01013187,0,-1
2023332300273,2023,332300273,1,9,0,18,19,4,8,0,0,8,0,0,8,1,3,1,6,6,1,45,7,1997,2,10,PEUGEOT 508,7,E01025864,0,-1
2023340NN1782,2023,340NN1782,2,9,0,18,19,7,3,0,0,8,0,0,0,0,1,1,6,6,1,65,9,1997,2,11,PEUGEOT 508,9,E01027042,0,-1
2023320447008,2023,320447008,1,9,0,9,9,6,4,0,0,6,0,0,0,0,1,1,2,2,1,59,9,2179,2,10,PEUGEOT 508,8,E01026138,0,-1
2023101324905,2023,101324905,3,8,0,3,3,8,6,0,0,1,0,0,0,0,2,1,1,1,1,54,8,1500,2,2,-1,9,E01008245,0,-1
2023411372960,2023,411372960,2,9,0,14,14,-1,-1,0,0,1,1,0,0,0,1,1,5,6,2,37,7,1600,8,2,PEUGEOT 508,7,E01023935,0,-1
2023221294079,2023,221294079,2,9,0,4,4,4,8,0,0,2,0,0,0,0,2,1,5,6,2,45,7,1997,2,10,PEUGEOT 508,6,E01010043,0,-1
2023991331582,2023,991331582,1,9,0,7,7,4,7,0,0,6,0,0,0,0,0,1,1,1,2,40,7,1997,2,10,PEUGEOT 508,3,-1,0,-1
2023440478354,2023,440478354,1,9,0,4,4,4,8,0,0,0,0,0,0,0,1,1,6,6,1,44,7,1997,12,10,PEUGEOT 508,3,E01017080,0,-1
2023010423357,2023,010423357,5,9,0,18,19,5,1,0,0,6,0,4,0,0,1,1,6,6,1,22,5,1560,2,11,PEUGEOT 508,-1,-1,0,-1
2023340WN2632,2023,340WN2632,1,9,0,5,5,7,3,0,0,6,0,0,0,0,1,1,6,6,3,60,9,1598,8,0,PEUGEOT 508,7,E01026994,0,-1
2023520301131,2023,520301131,2,9,0,5,5,2,6,0,0,8,0,0,0,0,1,1,6,6,1,58,9,1560,2,11,PEUGEOT 508,5,E01031933,0,-1
2023371353269,2023,371353269,2,9,-1,-1,-1,-1,-1,-1,-1,0,-1,-1,-1,0,-1,1,2,2,2,35,6,1560,2,9,PEUGEOT 508,4,E01029927,0,-1
2023041356505,2023,041356505,1,9,0,18,19,1,5,0,0,1,0,0,0,0,1,1,2,2,1,40,7,1997,2,12,PEUGEOT 508,1,E01025296,0,-1
2023401286715,2023,401286715,1,9,0,18,19,8,4,0,0,0,0,0,0,0,4,1,6,6,1,53,8,1560,2,5,PEUGEOT 508,8,E01017591,0,-1
2023111340593,2023,111340593,1,9,0,18,19,5,1,0,0,1,0,0,0,0,2,1,6,6,1,50,8,1997,2,11,PEUGEOT 508,3,E01020868,0,-1
2023320043902,2023,320043902,2,9,0,12,12,8,4,0,0,0,1,0,1,4,3,1,6,6,1,34,6,1598,8,1,PEUGEOT 508,6,E01026380,0,-1
202360A058565,2023,60A058565,1,9,0,4,4,7,3,0,0,0,0,0,0,0,1,1,6,6,1,53,8,1560,2,11,PEUGEOT 508,-1,-1,0,-1
2023401349563,2023,401349563,1,9,0,18,19,-1,-1,0,0,-1,0,0,0,0,1,1,6,6,1,50,8,1560,2,6,PEUGEOT 508,3,E01017536,0,-1
2023440379962,2023,440379962,1,9,0,18,19,3,7,0,0,0,0,0,0,0,1,1,6,6,1,57,9,1997,2,12,PEUGEOT 508,4,E01017071,0,-1
2023401312804,2023,401312804,1,9,0,7,7,4,5,0,0,5,0,0,0,0,4,1,3,7,2,57,9,1560,2,11,PEUGEOT 508,4,E01017506,0,-1
2023430163734,2023,430163734,2,9,0,18,19,2,6,0,0,0,0,0,0,0,1,1,6,6,1,58,9,1600,8,2,PEUGEOT 508,7,E01017379,0,-1
202354B061023,2023,54B061023,2,9,0,3,3,5,1,0,0,1,0,0,0,0,2,1,1,1,1,41,7,1560,2,8,PEUGEOT 508,7,E01015574,0,-1
2023211309526,2023,211309526,2,9,0,3,3,5,1,0,0,1,0,0,0,0,2,1,5,6,1,37,7,1997,2,8,PEUGEOT 508,5,E01029638,0,-1
2023101279595,2023,101279595,2,3,0,18,19,3,7,0,0,8,0,0,0,0,1,1,1,1,1,33,6,125,1,3,-1,1,E01008214,0,-1
2023501287585,2023,501287585,1,2,0,18,19,7,2,0,0,1,0,0,0,0,1,1,6,6,2,50,8,125,1,6,-1,4,E01018880,0,-1
2023061279268,2023,061279268,1,3,0,13,13,6,2,0,0,0,0,0,0,0,1,1,6,6,1,29,6,125,1,5,-1,-1,-1,0,-1
2023340NN1072,2023,340NN1072,2,2,0,18,19,5,1,0,0,1,0,0,0,0,1,1,1,1,1,26,6,125,1,4,-1,7,E01026979,0,-1
2023411337434,2023,411337434,2,3,0,14,14,1,2,0,0,0,0,0,0,0,0,1,6,6,1,17,4,125,1,3,-1,4,E01023870,0,-1
2023311383181,2023,311383181,1,3,0,18,19,1,3,0,0,2,1,0,0,0,4,1,2,2,1,32,6,125,1,5,-1,3,E01028212,0,-1
2023010456034,2023,010456034,1,3,0,18,19,8,4,0,0,8,2,0,0,0,0,1,6,6,1,34,6,125,1,6,-1,4,E01002231,0,-1
2023131370459,2023,131370459,1,9,0,9,9,1,5,0,0,1,0,0,0,0,1,1,1,1,1,38,7,1797,8,6,TOYOTA PRIUS,1,E01010713,0,-1
2023010430615,2023,010430615,1,9,0,99,99,9,9,99,99,9,9,99,9,99,2,9,1,1,3,61,9,1797,8,10,TOYOTA PRIUS,9,E01033101,0,-1
2023010434495,2023,010434495,2,9,0,99,99,9,9,99,99,9,9,99,9,99,9,9,6,6,1,59,9,1798,8,7,TOYOTA PRIUS,3,E01003143,0,-1
2023010446575,2023,010446575,2,9,0,99,99,9,9,99,99,9,9,99,9,99,9,9,6,6,3,-1,-1,1798,8,4,TOYOTA PRIUS,-1,-1,0,-1
2023201297230,2023,201297230,3,8,0,5,5,1,5,0,0,8,0,0,0,0,0,1,1,1,1,60,9,1797,8,8,TOYOTA PRIUS,1,E01009274,0,-1
2023131355754,2023,131355754,1,9,0,8,8,2,2,0,0,1,0,0,0,0,4,2,6,6,3,100,11,1797,8,13,TOYOTA PRIUS,-1,-1,0,-1
2023041332451,2023,041332451,1,9,0,18,19,1,5,0,0,1,0,0,0,0,1,1,6,6,1,45,7,1497,8,19,TOYOTA PRIUS,1,E01012586,0,-1
2023332301031,2023,332301031,2,8,0,18,19,5,1,0,0,1,0,0,0,0,1,1,6,6,1,-1,-1,1797,8,5,TOYOTA PRIUS,-1,-1,0,-1
2023340WN1332,2023,340WN1332,2,8,0,18,19,5,1,0,0,0,0,0,0,0,1,1,1,1,1,32,6,1797,8,8,TOYOTA PRIUS,2,E01027178,0,-1
2023010423092,2023,010423092,2,9,0,99,99,9,9,99,99,9,9,99,9,99,1,9,6,6,3,-1,-1,1797,8,6,TOYOTA PRIUS,-1,-1,0,-1
2023211298107,2023,211298107,1,8,0,9,9,6,4,0,0,7,0,0,0,0,-1,1,1,1,1,55,8,1797,8,3,TOYOTA PRIUS,-1,-1,0,-1
2023161330668,2023,161330668,2,8,0,4,4,8,6,0,0,8,0,0,0,0,1,1,1,1,1,49,8,1797,8,14,TOYOTA PRIUS,-1,-1,0,-1
2023010428944,2023,010428944,2,9,0,7,7,7,1,0,0,1,0,0,0,0,2,1,6,6,1,46,8,1497,8,17,TOYOTA PRIUS,-1,-1,0,-1
2023061308278,2023,061308278,1,9,-1,1,1,-1,-1,0,0,0,0,0,0,0,-1,1,6,6,3,30,6,1797,8,13,TOYOTA PRIUS,4,E01005494,0,-1
2023010477194,2023,010477194,1,8,0,99,99,9,9,99,99,9,9,0,0,0,2,9,1,1,1,38,7,1798,8,7,TOYOTA PRIUS,2,E01000019,0,-1
2023010432777,2023,010432777,2,9,0,99,99,9,9,99,99,9,9,99,9,99,9,9,6,6,3,-1,-1,1798,8,5,TOYOTA PRIUS,-1,-1,0,-1
2023302300690,2023,302300690,1,8,0,9,9,4,2,0,0,8,0,0,0,0,1,1,2,2,1,24,5,1797,8,9,TOYOTA PRIUS,2,E01013483,0,-1
2023010436251,2023,010436251,1,9,0,18,19,5,1,0,0,0,0,0,0,0,2,1,6,6,1,43,7,1797,8,10,TOYOTA PRIUS,4,E01003690,0,-1
2023332300121,2023,332300121,1,8,0,17,19,2,7,0,0,0,0,0,0,0,1,1,6,6,1,48,8,1797,8,9,TOYOTA PRIUS,1,E01013602,0,-1
2023010419606,2023,010419606,2,9,0,99,99,9,9,99,99,9,9,99,9,99,1,9,6,6,3,-1,-1,1797,8,9,TOYOTA PRIUS,3,E01000947,0,-1
2023010426980,2023,010426980,2,8,0,99,99,9,9,99,99,9,9,99,9,99,9,9,6,6,3,53,8,1798,8,5,TOYOTA PRIUS,4,E01015952,0,-1
2023010441205,2023,010441205,2,9,0,4,4,5,1,0,0,0,0,0,0,0,4,1,6,6,1,48,8,1798,8,6,TOYOTA PRIUS,-1,-1,0,-1
2023010422166,2023,010422166,1,9,0,9,9,3,1,0,0,1,0,0,0,0,1,1,2,2,1,47,8,1797,8,9,TOYOTA PRIUS,4,E01032766,0,-1
2023010454190,2023,010454190,2,8,0,99,99,9,9,99,99,9,9,99,9,99,9,9,6,6,3,45,7,1797,8,6,TOYOTA PRIUS,3,E01003374,0,-1
2023041384972,2023,041384972,1,9,0,5,5,5,3,0,0,7,0,0,0,0,1,1,1,1,1,42,7,1790,8,10,TOYOTA PRIUS,8,E01025241,0,-1
2023010486257,2023,010486257,2,9,0,99,99,9,9,99,99,9,9,99,9,99,1,9,6,6,3,-1,-1,1797,1,11,TOYOTA PRIUS,-1,-1,0,-1
2023311375516,2023,311375516,1,8,0,5,5,1,5,0,0,0,0,0,0,0,1,1,1,1,1,-1,-1,1798,8,9,TOYOTA PRIUS,-1,-1,0,-1
2023010472359,2023,010472359,1,8,0,4,4,1,5,0,0,1,0,0,0,0,2,1,6,6,1,41,7,1797,8,13,TOYOTA PRIUS,2,E01002804,0,-1