collision_index,collision_year,collision_ref_no,vehicle_reference,vehicle_type,towing_and_articulation,vehicle_manoeuvre_historic,vehicle_manoeuvre,vehicle_direction_from,vehicle_direction_to,vehicle_location_restricted_lane_historic,vehicle_location_restricted_lane,junction_location,skidding_and_overturning,hit_object_in_carriageway,vehicle_leaving_carriageway,hit_object_off_carriageway,first_point_of_impact,vehicle_left_hand_drive,journey_purpose_of_driver_historic,journey_purpose_of_driver,sex_of_driver,age_of_driver,age_band_of_driver,engine_capacity_cc,propulsion_code,age_of_vehicle,generic_make_model,driver_imd_decile,lsoa_of_driver,escooter_flag,driver_distance_banding
2023201284368,2023,201284368,2,9,0,3,3,7,3,0,0,0,0,0,0,0,2,1,6,6,1,28,6,1497,8,16,TOYOTA PRIUS,2,E01010059,0,-1
2023552301024,2023,552301024,1,9,0,9,9,5,3,0,0,8,0,0,0,0,4,1,6,6,1,33,6,1797,8,7,TOYOTA PRIUS,3,E01003723,0,-1
2023010482008,2023,010482008,2,8,0,18,19,3,7,0,0,0,0,0,0,0,4,1,1,1,1,46,8,1797,8,4,TOYOTA PRIUS,3,E01033583,0,-1
2023010477042,2023,010477042,2,9,0,7,7,7,1,0,0,2,0,0,0,0,3,1,6,6,1,52,8,1497,8,15,TOYOTA PRIUS,3,E01001177,0,-1
2023010452661,2023,010452661,1,9,0,18,19,7,3,0,0,2,0,0,0,0,0,1,1,1,1,28,6,1798,8,9,TOYOTA PRIUS,2,E01000905,0,-1
2023010438504,2023,010438504,1,9,0,5,5,3,7,0,0,1,0,0,0,0,3,1,6,6,1,34,6,1798,8,5,TOYOTA PRIUS,1,E01001838,0,-1
2023320404262,2023,320404262,2,8,0,18,19,8,4,0,0,8,0,0,0,0,4,1,2,2,1,48,8,1798,8,6,TOYOTA PRIUS,1,E01015604,0,-1
2023201311654,2023,201311654,1,9,0,9,9,4,2,0,0,6,0,0,0,0,1,1,1,1,1,42,7,1800,8,8,TOYOTA PRIUS,3,E01009989,0,-1
2023061275517,2023,061275517,2,9,0,8,8,2,4,0,0,1,0,0,0,0,1,1,1,1,1,33,6,1797,8,13,TOYOTA PRIUS,-1,-1,0,-1
2023421329176,2023,421329176,1,9,0,15,15,3,7,0,0,0,0,0,0,0,1,1,5,6,1,50,8,1497,8,16,TOYOTA PRIUS,2,E01015899,0,-1
2023010471889,2023,010471889,1,9,0,99,99,9,9,99,99,0,9,99,9,99,2,9,1,1,1,40,7,1797,8,9,TOYOTA PRIUS,6,E01002639,0,-1
2023201383708,2023,201383708,2,9,0,5,5,3,7,0,0,4,0,0,0,0,1,1,1,1,1,54,8,1797,8,10,TOYOTA PRIUS,1,E01033650,0,-1
2023010472668,2023,010472668,2,9,0,5,5,1,5,8,6,1,0,0,0,0,1,1,6,6,1,32,6,1497,8,15,TOYOTA PRIUS,6,E01032768,0,-1
2023010453640,2023,010453640,2,9,0,18,19,7,3,0,0,1,0,0,0,0,1,1,6,6,3,-1,-1,1798,8,7,TOYOTA PRIUS,-1,-1,0,-1
2023010422495,2023,010422495,2,8,0,99,99,9,9,99,99,9,9,99,9,99,1,9,6,6,3,-1,-1,1798,8,6,TOYOTA PRIUS,1,E01001732,0,-1
2023010429799,2023,010429799,1,9,9,99,99,9,9,99,99,9,9,99,9,99,9,9,1,1,1,33,6,1798,8,4,TOYOTA PRIUS,2,E01002227,0,-1
2023010462935,2023,010462935,2,9,0,99,99,9,9,99,99,9,9,99,9,99,9,9,6,6,3,-1,-1,1798,8,7,TOYOTA PRIUS,-1,-1,0,-1
2023010437713,2023,010437713,4,9,0,2,2,0,0,0,0,1,0,0,0,0,2,1,6,6,3,-1,-1,1798,8,6,TOYOTA PRIUS,-1,-1,0,-1
2023010471797,2023,010471797,2,9,0,99,99,9,9,99,99,9,9,99,9,99,9,9,6,6,3,-1,-1,1798,8,10,TOYOTA PRIUS,-1,-1,0,-1
2023010469896,2023,010469896,2,9,0,99,99,9,9,99,99,9,9,99,9,99,9,9,6,6,3,-1,-1,1797,8,12,TOYOTA PRIUS,-1,-1,0,-1
2023131280653,2023,131280653,2,9,0,18,19,1,5,0,0,8,0,0,0,0,1,1,5,6,1,49,8,1797,8,9,TOYOTA PRIUS,1,E01010742,0,-1
2023141392615,2023,141392615,1,9,0,18,19,5,1,0,0,8,0,0,0,0,1,1,6,6,1,33,6,1497,8,17,TOYOTA PRIUS,1,E01007532,0,-1
2023010462179,2023,010462179,2,9,0,99,99,9,9,99,99,0,9,99,9,99,1,9,6,6,3,-1,-1,1798,8,5,TOYOTA PRIUS,-1,-1,0,-1
2023010439445,2023,010439445,2,9,0,99,99,9,9,99,99,9,9,99,9,99,9,9,6,6,1,24,5,1797,8,9,TOYOTA PRIUS,2,E01000091,0,-1
2023131343037,2023,131343037,1,9,0,9,9,3,7,0,0,1,0,0,0,0,1,1,6,6,3,-1,-1,1790,8,10,TOYOTA PRIUS,-1,-1,0,-1
2023010428456,2023,010428456,1,9,0,9,9,4,2,0,0,7,0,0,0,0,1,1,6,6,2,52,8,1797,8,11,TOYOTA PRIUS,8,E01000120,0,-1
2023131356235,2023,131356235,1,9,0,18,19,1,5,0,0,1,0,0,0,0,4,1,1,1,1,50,8,1798,8,11,TOYOTA PRIUS,1,E01010626,0,-1
2023340WN3692,2023,340WN3692,2,9,0,3,3,1,5,0,0,1,0,0,0,0,2,1,1,1,1,25,5,1797,8,14,TOYOTA PRIUS,5,E01027232,0,-1
2023451312186,2023,451312186,1,9,0,18,19,5,1,0,0,2,0,0,0,0,4,1,1,1,1,51,8,1797,8,8,TOYOTA PRIUS,3,E01002647,0,-1
2023010449936,2023,010449936,2,9,0,99,99,9,9,99,99,0,9,99,9,99,9,9,6,6,3,-1,-1,1797,8,11,TOYOTA PRIUS,2,E01000015,0,-1
2023010484305,2023,010484305,1,9,0,18,19,7,3,0,0,0,5,6,0,0,1,1,3,7,2,47,8,1798,8,10,TOYOTA PRIUS,2,E01000072,0,-1
2023010423524,2023,010423524,1,9,0,4,4,5,1,0,0,0,0,0,0,0,1,1,6,6,2,69,10,1497,8,15,TOYOTA PRIUS,6,E01033736,0,-1
2023010480369,2023,010480369,2,9,0,18,19,5,1,0,0,1,0,0,0,0,1,1,6,6,1,30,6,1497,8,18,TOYOTA PRIUS,3,E01002048,0,-1
2023010471136,2023,010471136,1,8,0,7,7,7,1,0,0,1,0,0,0,0,1,1,2,2,1,51,8,1797,8,4,TOYOTA PRIUS,2,E01001477,0,-1
2023010473325,2023,010473325,2,9,0,2,2,0,0,0,0,1,0,0,0,0,1,1,6,6,3,-1,-1,1798,8,11,TOYOTA PRIUS,-1,-1,0,-1
2023010474363,2023,010474363,2,8,0,99,99,9,9,99,99,0,9,99,9,99,2,9,6,6,3,-1,-1,1798,8,4,TOYOTA PRIUS,-1,-1,0,-1
2023010479365,2023,010479365,4,9,0,18,19,1,5,0,0,0,0,0,1,2,1,1,6,6,1,54,8,1497,8,16,TOYOTA PRIUS,3,E01001808,0,-1
2023010446475,2023,010446475,2,9,0,99,99,9,9,99,99,9,9,99,9,99,9,9,6,6,3,-1,-1,1497,8,15,TOYOTA PRIUS,-1,-1,0,-1
2023010435100,2023,010435100,3,8,0,3,3,3,7,0,0,2,0,0,0,0,4,1,1,1,1,49,8,1798,8,6,TOYOTA PRIUS,4,E01003781,0,-1
2023131354625,2023,131354625,3,9,0,18,19,5,3,0,0,1,0,0,0,0,2,1,6,6,1,48,8,1790,8,11,TOYOTA PRIUS,1,E01011338,0,-1
2023010421298,2023,010421298,1,8,0,5,5,3,7,0,0,8,0,0,0,0,4,1,1,1,1,52,8,1797,8,11,TOYOTA PRIUS,6,E01004621,0,-1
2023010467347,2023,010467347,2,9,0,99,99,9,9,99,99,0,9,99,9,99,9,9,6,6,3,-1,-1,1797,8,13,TOYOTA PRIUS,-1,-1,0,-1
2023010454506,2023,010454506,1,9,0,9,9,3,2,0,0,6,0,0,0,0,1,1,6,6,1,49,8,1797,8,10,TOYOTA PRIUS,5,E01000530,0,-1
2023461295264,2023,461295264,1,9,0,5,5,1,6,0,0,5,0,0,0,0,1,1,6,6,2,43,7,1497,8,17,TOYOTA PRIUS,6,E01024161,0,-1
2023041353159,2023,041353159,1,9,0,18,19,3,7,0,0,1,0,0,0,0,4,1,1,1,1,37,7,1797,8,14,TOYOTA PRIUS,1,E01025042,0,-1
2023041277961,2023,041277961,1,9,0,9,9,5,7,0,0,0,1,0,0,0,1,1,2,2,1,41,7,1797,8,12,TOYOTA PRIUS,1,E01012656,0,-1
2023010484748,2023,010484748,1,9,9,99,99,9,9,99,99,9,9,99,9,99,9,9,6,6,3,-1,-1,1798,8,11,TOYOTA PRIUS,-1,-1,0,-1
2023501325449,2023,501325449,1,8,0,9,9,1,3,0,0,8,0,0,0,0,1,1,5,6,1,42,7,1497,8,15,TOYOTA PRIUS,4,E01015173,0,-1
2023311268156,2023,311268156,2,8,0,2,2,5,1,0,0,0,0,0,0,0,2,1,6,6,1,34,6,1798,8,6,TOYOTA PRIUS,1,E01013871,0,-1
2023131363572,2023,131363572,2,9,0,18,19,5,1,0,0,0,0,0,0,0,4,1,1,1,1,47,8,1797,8,13,TOYOTA PRIUS,1,E01010631,0,-1
2023131359118,2023,131359118,1,9,0,12,12,3,7,0,0,8,0,0,0,0,4,1,1,1,1,32,6,1797,8,11,TOYOTA PRIUS,4,E01010834,0,-1
2023201358430,2023,201358430,1,9,0,18,19,3,7,0,0,0,0,0,0,0,4,1,1,1,1,41,7,1798,8,5,TOYOTA PRIUS,1,E01009270,0,-1
2023131372378,2023,131372378,2,9,0,4,4,3,7,0,0,4,0,0,0,0,1,1,6,6,1,25,5,1798,8,5,TOYOTA PRIUS,1,E01011912,0,-1
2023010470644,2023,010470644,1,9,0,18,19,3,7,0,0,1,0,0,0,0,1,1,1,1,1,53,8,1797,8,9,TOYOTA PRIUS,1,E01002038,0,-1
2023010453641,2023,010453641,1,8,0,6,6,7,7,0,0,0,0,0,0,0,4,1,1,1,1,43,7,1790,8,10,TOYOTA PRIUS,2,E01004444,0,-1
2023201296173,2023,201296173,1,8,0,3,3,6,2,0,0,0,0,0,0,0,2,1,1,1,1,46,8,1797,8,8,TOYOTA PRIUS,1,E01010524,0,-1
2023430472710,2023,430472710,1,8,0,18,19,2,6,0,0,0,0,0,0,0,1,1,1,1,1,57,9,1797,8,8,TOYOTA PRIUS,5,E01017634,0,-1
2023010457707,2023,010457707,2,9,0,99,99,9,9,99,99,9,9,99,9,99,9,9,6,6,3,-1,-1,1798,8,10,TOYOTA PRIUS,-1,-1,0,-1
2023010423750,2023,010423750,1,8,0,18,19,5,1,0,0,8,0,0,0,0,1,1,2,2,1,29,6,1797,8,9,TOYOTA PRIUS,2,E01003523,0,-1
2023411366504,2023,411366504,1,8,0,5,5,3,5,0,0,1,0,0,0,0,4,1,1,1,1,47,8,1798,8,7,TOYOTA PRIUS,1,E01015736,0,-1
2023411309150,2023,411309150,1,8,0,4,4,1,5,0,0,0,0,0,0,0,4,1,1,1,1,37,7,1798,8,9,TOYOTA PRIUS,7,E01023863,0,-1
2023010458252,2023,010458252,1,9,0,18,19,7,3,0,0,1,0,0,0,0,2,1,6,6,1,19,4,1797,8,13,TOYOTA PRIUS,-1,-1,0,-1
2023010444564,2023,010444564,1,9,0,3,3,7,3,0,0,8,0,0,0,0,2,1,1,1,1,30,6,1798,8,4,TOYOTA PRIUS,6,E01002353,0,-1
2023010449342,2023,010449342,1,8,0,5,5,0,1,0,0,0,0,0,0,0,1,1,1,1,1,55,8,1798,8,4,TOYOTA PRIUS,3,E01003630,0,-1
2023010462893,2023,010462893,2,9,3,9,9,1,7,0,0,1,0,0,0,0,1,1,6,6,1,-1,-1,1797,8,11,TOYOTA PRIUS,-1,-1,0,-1
2023332300101,2023,332300101,1,9,0,10,10,4,2,0,0,8,0,0,0,0,2,1,6,6,1,38,7,1797,8,4,TOYOTA PRIUS,6,E01013757,0,-1
2023522401166,2023,522401166,1,9,0,18,19,4,8,0,0,8,0,0,0,0,1,1,6,6,1,46,8,1797,8,3,TOYOTA PRIUS,1,E01014655,0,-1
2023010471946,2023,010471946,1,8,0,99,99,9,9,99,99,9,9,99,9,99,1,9,6,6,3,-1,-1,1797,8,5,TOYOTA PRIUS,-1,-1,0,-1
2023131348933,2023,131348933,1,9,0,9,9,1,3,0,0,0,0,0,0,0,1,1,6,6,1,31,6,1798,8,7,TOYOTA PRIUS,1,E01010723,0,-1
2023010437039,2023,010437039,2,9,9,99,99,9,9,99,99,0,9,99,9,99,9,9,6,6,3,-1,-1,1798,8,10,TOYOTA PRIUS,-1,-1,0,-1
2023010423321,2023,010423321,1,9,0,5,5,5,1,0,0,8,0,0,0,0,0,1,2,2,2,54,8,1798,8,4,TOYOTA PRIUS,2,E01001912,0,-1
2023161324783,2023,161324783,1,8,0,18,19,5,1,0,0,4,0,0,0,0,1,1,6,6,1,38,7,1790,8,6,TOYOTA PRIUS,1,E01012893,0,-1
2023010432915,2023,010432915,1,9,0,18,19,3,7,0,0,0,0,0,0,0,1,1,6,6,1,44,7,1797,8,7,TOYOTA PRIUS,2,E01003499,0,-1
2023010505189,2023,010505189,2,9,0,99,99,9,9,99,99,9,9,99,9,99,9,9,6,6,3,-1,-1,1797,8,4,TOYOTA PRIUS,-1,-1,0,-1
2023131375886,2023,131375886,1,9,0,9,9,5,7,0,0,8,0,0,0,0,1,1,6,6,3,-1,-1,1797,8,3,TOYOTA PRIUS,-1,-1,0,-1
2023340WN2412,2023,340WN2412,2,9,0,5,5,5,1,0,0,1,0,0,0,0,3,1,2,2,2,49,8,1497,8,16,TOYOTA PRIUS,9,E01025809,0,-1
2023010432061,2023,010432061,1,9,0,99,99,9,9,99,99,9,9,99,9,99,1,9,6,6,2,36,7,1797,8,13,TOYOTA PRIUS,3,E01004397,0,-1
2023131320081,2023,131320081,2,9,0,18,19,1,5,0,0,8,0,0,0,0,1,1,1,1,1,48,8,1797,8,12,TOYOTA PRIUS,1,E01010736,0,-1
2023411279733,2023,411279733,1,9,0,18,19,2,6,0,0,0,0,0,1,0,2,1,6,6,1,38,7,1797,8,11,TOYOTA PRIUS,8,E01023879,0,-1
2023010468436,2023,010468436,2,9,0,18,19,7,3,0,0,0,0,0,0,0,0,1,6,6,1,58,9,1497,8,20,TOYOTA PRIUS,8,E01002900,0,-1
2023010464768,2023,010464768,1,8,0,99,99,9,9,99,99,9,9,99,9,99,2,9,1,1,1,46,8,1798,8,7,TOYOTA PRIUS,4,E01003357,0,-1
2023141367337,2023,141367337,1,9,0,7,7,7,3,0,0,0,0,0,0,0,3,1,6,6,1,78,11,1798,8,6,TOYOTA PRIUS,8,E01007520,0,-1
2023010483661,2023,010483661,2,9,0,18,19,1,5,0,0,1,0,0,0,0,1,1,1,1,1,45,7,1797,8,8,TOYOTA PRIUS,6,E01028523,0,-1
2023131322264,2023,131322264,2,9,0,-1,-1,-1,-1,-1,-1,0,-1,-1,-1,-1,-1,1,6,6,1,30,6,1497,8,15,TOYOTA PRIUS,4,E01011597,0,-1
2023010479302,2023,010479302,2,8,0,99,99,9,9,99,99,9,9,99,9,99,1,9,6,6,3,-1,-1,1791,8,11,TOYOTA PRIUS,-1,-1,0,-1
2023302301525,2023,302301525,1,9,0,18,19,4,8,0,0,1,0,0,0,0,4,1,1,1,1,44,7,1797,8,4,TOYOTA PRIUS,1,E01013573,0,-1
2023010464682,2023,010464682,1,8,0,4,4,7,3,0,0,1,0,0,0,0,4,1,6,6,1,36,7,1798,8,6,TOYOTA PRIUS,6,E01002129,0,-1
2023141332334,2023,141332334,2,9,0,18,19,4,8,0,0,8,0,0,0,0,1,1,1,1,1,31,6,1798,8,3,TOYOTA PRIUS,2,E01008016,0,-1
2023010453897,2023,010453897,1,9,0,10,10,1,6,0,0,1,0,0,0,0,1,1,1,1,1,42,7,1797,8,6,TOYOTA PRIUS,5,E01004178,0,-1
2023131293758,2023,131293758,2,9,0,9,9,1,7,0,0,8,0,0,0,0,3,1,5,6,1,38,7,1798,8,9,TOYOTA PRIUS,5,E01010656,0,-1
2023010441475,2023,010441475,2,9,0,99,99,9,9,99,99,9,9,99,9,99,9,9,6,6,3,-1,-1,1797,8,10,TOYOTA PRIUS,-1,-1,0,-1
2023440052570,2023,440052570,3,9,0,18,19,4,8,0,0,0,0,0,0,0,1,1,1,1,1,42,7,1797,8,4,TOYOTA PRIUS,5,E01017273,0,-1
2023201366991,2023,201366991,1,9,0,18,19,6,2,0,0,0,0,0,0,0,1,1,6,6,1,40,7,1970,8,8,TOYOTA PRIUS,2,E01009890,0,-1
2023010477525,2023,010477525,1,8,0,4,4,3,7,0,0,1,0,0,0,0,2,1,1,1,1,60,9,1797,8,10,TOYOTA PRIUS,3,E01000245,0,-1
2023010481032,2023,010481032,2,9,0,99,99,9,9,99,99,9,9,99,9,99,9,9,6,6,3,-1,-1,1798,8,6,TOYOTA PRIUS,-1,-1,0,-1
2023010437949,2023,010437949,3,9,0,17,19,7,4,0,0,2,0,0,0,0,3,1,2,2,1,57,9,1797,8,9,TOYOTA PRIUS,5,E01004517,0,-1
2023041362651,2023,041362651,2,9,0,18,19,3,7,0,0,8,0,0,0,0,1,1,1,1,1,33,6,1798,8,11,TOYOTA PRIUS,1,E01025084,0,-1
2023201291895,2023,201291895,1,9,0,8,8,2,4,0,0,1,0,0,0,0,1,1,6,6,3,-1,-1,1791,8,11,TOYOTA PRIUS,-1,-1,0,-1
2023131384039,2023,131384039,1,9,0,17,19,3,8,0,0,0,0,0,1,0,1,1,6,6,2,35,6,1497,8,15,TOYOTA PRIUS,1,E01010677,0,-1
2023131293948,2023,131293948,2,8,0,18,19,7,3,0,0,1,0,0,0,0,4,1,1,1,1,53,8,1797,8,12,TOYOTA PRIUS,2,E01011128,0,-1
2023451294071,2023,451294071,3,9,0,2,2,0,0,0,0,1,0,4,0,0,1,1,6,6,3,-1,-1,1798,8,5,TOYOTA PRIUS,-1,-1,0,-1
2023010453456,2023,010453456,2,8,0,18,19,7,3,0,0,1,0,0,0,0,2,1,1,1,1,50,8,1798,8,6,TOYOTA PRIUS,7,E01000812,0,-1
2023010482887,2023,010482887,2,9,0,9,9,8,6,0,0,8,0,0,0,0,4,1,1,1,1,50,8,1797,8,5,TOYOTA PRIUS,2,E01004055,0,-1
2023010472068,2023,010472068,2,9,0,99,99,9,9,99,99,9,9,99,9,99,2,9,6,6,3,-1,-1,1797,8,9,TOYOTA PRIUS,-1,-1,0,-1
2023010436046,2023,010436046,1,8,9,99,99,9,9,99,99,9,9,99,9,99,9,9,6,6,1,57,9,1797,8,9,TOYOTA PRIUS,3,E01000009,0,-1
2023411357625,2023,411357625,2,9,0,3,3,4,8,0,0,0,0,0,0,0,2,1,2,2,1,44,7,1797,8,14,TOYOTA PRIUS,7,E01023517,0,-1
2023010483112,2023,010483112,2,8,9,99,99,9,9,99,99,9,9,99,9,99,2,9,6,6,3,33,6,1797,8,4,TOYOTA PRIUS,2,E01003553,0,-1
2023451291502,2023,451291502,1,9,0,18,19,5,1,0,0,0,0,0,0,0,4,1,2,2,2,44,7,1497,8,14,TOYOTA PRIUS,3,E01001688,0,-1
2023401333611,2023,401333611,1,9,0,10,10,5,3,0,0,1,0,0,0,0,1,1,5,6,1,54,8,1497,8,14,TOYOTA PRIUS,1,E01017523,0,-1
2023010426345,2023,010426345,1,8,0,99,99,9,9,99,99,9,9,99,9,99,2,9,6,6,1,29,6,1798,8,5,TOYOTA PRIUS,3,E01023573,0,-1
2023010427764,2023,010427764,2,9,0,18,19,1,5,0,0,2,0,0,0,0,1,1,6,6,1,33,6,1795,8,11,TOYOTA PRIUS,2,E01004471,0,-1
2023340WN6262,2023,340WN6262,2,8,0,4,4,6,2,0,0,1,0,0,0,0,2,1,1,1,1,66,10,1797,8,8,TOYOTA PRIUS,9,E01027148,0,-1
2023010426269,2023,010426269,5,9,0,2,2,0,0,0,0,2,1,10,0,0,2,1,6,6,3,-1,-1,1497,8,15,TOYOTA PRIUS,-1,-1,0,-1
2023010448996,2023,010448996,2,8,0,99,99,9,9,99,99,9,9,99,9,99,9,9,6,6,1,51,8,1798,8,10,TOYOTA PRIUS,4,E01003913,0,-1
2023010481778,2023,010481778,1,9,0,99,99,9,9,99,99,9,9,99,9,99,9,9,6,6,1,22,5,1797,8,12,TOYOTA PRIUS,2,E01004524,0,-1
2023010450981,2023,010450981,2,9,0,99,99,9,9,99,99,9,9,99,9,99,1,9,6,6,1,50,8,1798,8,5,TOYOTA PRIUS,2,E01003037,0,-1
2023041323798,2023,041323798,1,9,0,5,5,7,3,0,0,0,0,0,0,0,1,1,5,6,1,22,5,1797,8,9,TOYOTA PRIUS,1,E01025189,0,-1
2023010467345,2023,010467345,1,9,9,17,19,5,1,99,99,9,9,99,9,99,9,9,6,6,1,44,7,1798,8,4,TOYOTA PRIUS,3,E01002130,0,-1
2023010434387,2023,010434387,3,8,0,9,9,7,5,0,0,6,0,0,0,0,1,1,1,1,1,43,7,1798,8,6,TOYOTA PRIUS,4,E01033739,0,-1
2023010441814,2023,010441814,2,8,0,8,8,2,4,0,0,1,0,0,0,0,1,1,1,1,1,24,5,1797,8,5,TOYOTA PRIUS,9,E01002535,0,-1
2023010455881,2023,010455881,2,9,0,18,19,5,1,0,0,1,0,0,0,0,1,1,6,6,1,22,5,1497,8,16,TOYOTA PRIUS,2,E01001812,0,-1
2023010428744,2023,010428744,1,8,0,9,9,1,6,0,0,6,0,0,0,0,4,1,6,6,3,-1,-1,1797,8,8,TOYOTA PRIUS,-1,-1,0,-1
2023101333306,2023,101333306,1,8,0,5,5,1,5,0,0,0,0,0,0,0,1,1,1,1,1,52,8,1790,8,9,TOYOTA PRIUS,1,E01008201,0,-1
2023010436092,2023,010436092,1,8,9,99,99,9,9,99,99,9,9,99,9,99,9,9,6,6,3,54,8,1797,8,11,TOYOTA PRIUS,2,E01004253,0,-1
2023471272094,2023,471272094,2,9,0,2,2,0,0,0,0,2,0,0,0,0,4,1,6,6,3,-1,-1,1797,8,3,TOYOTA PRIUS,-1,-1,0,-1
2023201371263,2023,201371263,2,9,0,18,19,2,6,0,0,8,0,0,0,0,3,1,6,6,1,32,6,1797,8,13,TOYOTA PRIUS,2,E01009840,0,-1
2023471388226,2023,471388226,2,9,0,2,2,0,0,0,0,0,0,0,0,0,4,1,3,7,1,51,8,1798,8,4,TOYOTA PRIUS,6,E01031604,0,-1
2023010425283,2023,010425283,1,9,0,99,99,9,9,99,99,9,9,99,9,99,3,9,6,6,1,43,7,1798,8,6,TOYOTA PRIUS,5,E01002636,0,-1
2023010444788,2023,010444788,2,9,0,99,99,9,9,99,99,0,9,99,9,99,1,9,6,6,3,44,7,1797,8,6,TOYOTA PRIUS,2,E01002076,0,-1
2023430189714,2023,430189714,2,9,0,18,19,8,4,0,0,0,1,0,4,6,2,1,6,6,1,36,7,1497,8,16,TOYOTA PRIUS,4,E01016512,0,-1
2023421318693,2023,421318693,2,9,0,9,9,3,1,0,0,3,0,0,0,0,1,1,5,6,1,25,5,1798,8,11,TOYOTA PRIUS,5,E01015928,0,-1
2023622300400,2023,622300400,1,9,0,7,7,3,5,0,0,5,0,0,0,0,1,1,1,1,1,41,7,1798,8,9,TOYOTA PRIUS,3,W01001802,0,-1
2023451391802,2023,451391802,3,9,0,4,4,3,7,0,0,0,0,0,0,0,2,1,1,1,1,54,8,1798,8,7,TOYOTA PRIUS,5,E01001345,0,-1
2023010463667,2023,010463667,1,9,0,5,5,0,1,0,0,0,0,0,0,0,0,1,1,1,1,49,8,1797,8,6,TOYOTA PRIUS,3,E01016464,0,-1
2023552301092,2023,552301092,3,9,0,9,9,8,6,0,0,5,0,0,0,0,2,1,2,2,1,33,6,1497,8,17,TOYOTA PRIUS,1,E01015281,0,-1
2023010445506,2023,010445506,1,9,0,1,1,3,7,0,0,0,0,0,0,0,2,1,6,6,1,37,7,1497,8,15,TOYOTA PRIUS,7,E01000438,0,-1
2023010468455,2023,010468455,2,9,0,99,99,9,9,99,99,9,9,99,9,99,1,9,6,6,1,39,7,1798,8,9,TOYOTA PRIUS,3,E01001774,0,-1
2023010474705,2023,010474705,1,9,0,99,99,9,9,99,99,9,9,99,9,99,1,9,6,6,2,30,6,1798,8,11,TOYOTA PRIUS,-1,-1,0,-1
2023010463414,2023,010463414,1,8,0,99,99,9,9,99,99,9,9,99,9,99,2,9,1,1,1,37,7,1798,8,9,TOYOTA PRIUS,1,E01000551,0,-1
2023101368957,2023,101368957,1,8,0,18,19,1,5,0,0,0,0,0,0,0,1,1,1,1,1,45,7,1797,8,8,TOYOTA PRIUS,3,E01008395,0,-1
2023201383369,2023,201383369,2,8,0,18,19,6,2,0,0,0,0,0,0,0,2,1,1,1,1,26,6,1797,8,10,TOYOTA PRIUS,2,E01010059,0,-1
2023320403238,2023,320403238,1,9,0,7,7,6,8,0,0,6,0,0,0,0,1,1,6,6,2,47,8,1790,8,7,TOYOTA PRIUS,9,E01026396,0,-1
2023411328273,2023,411328273,1,8,0,5,5,3,7,0,0,1,0,0,0,0,1,1,6,6,1,48,8,1798,8,10,TOYOTA PRIUS,3,E01023920,0,-1
2023010442280,2023,010442280,1,9,0,9,9,1,7,0,0,1,0,0,0,0,1,1,1,1,1,42,7,1790,8,11,TOYOTA PRIUS,6,E01003653,0,-1
2023471289110,2023,471289110,2,9,0,10,10,1,7,5,5,0,0,0,0,0,2,1,1,1,1,44,7,1797,8,10,TOYOTA PRIUS,3,E01031366,0,-1
2023501277714,2023,501277714,1,8,0,18,19,8,2,0,0,1,0,0,0,0,1,1,6,6,1,34,6,1797,8,12,TOYOTA PRIUS,6,E01018803,0,-1
2023041327484,2023,041327484,2,9,0,18,19,1,4,0,0,0,0,4,1,0,2,1,6,6,1,38,7,1797,8,14,TOYOTA PRIUS,1,E01012656,0,-1
2023010442113,2023,010442113,1,8,0,99,99,9,9,99,99,9,9,99,9,99,1,9,1,1,1,34,6,1798,8,7,TOYOTA PRIUS,2,E01000129,0,-1
2023231378323,2023,231378323,1,9,0,9,9,8,6,0,0,5,0,0,0,0,1,1,1,1,2,57,9,1798,8,1,TOYOTA PRIUS,1,E01013860,0,-1
2023010452091,2023,010452091,1,9,0,9,9,1,7,0,0,6,0,0,0,0,1,1,6,6,3,23,5,1798,8,4,TOYOTA PRIUS,4,E01004569,0,-1
2023010439286,2023,010439286,2,9,0,99,99,9,9,99,99,9,9,99,9,99,1,9,6,6,3,52,8,1798,8,6,TOYOTA PRIUS,9,E01002108,0,-1
2023010474547,2023,010474547,2,9,0,12,12,2,6,0,0,1,0,0,0,0,0,1,1,1,1,29,6,1797,8,8,TOYOTA PRIUS,1,E01002760,0,-1
2023201415137,2023,201415137,1,8,0,1,1,2,7,0,0,1,0,0,0,0,1,1,6,6,3,-1,-1,1790,8,6,TOYOTA PRIUS,-1,-1,0,-1
2023440510230,2023,440510230,1,8,0,6,6,4,4,8,6,0,0,0,0,0,3,1,1,1,1,48,8,1797,8,7,TOYOTA PRIUS,3,E01017195,0,-1
2023010468672,2023,010468672,1,9,0,5,5,5,1,0,0,4,0,0,0,0,1,1,2,2,1,54,8,1797,8,8,TOYOTA PRIUS,3,E01002738,0,-1
2023010486289,2023,010486289,2,9,0,99,99,9,9,99,99,9,9,99,9,99,1,9,6,6,3,-1,-1,1798,8,9,TOYOTA PRIUS,-1,-1,0,-1
2023010472991,2023,010472991,1,9,0,10,10,5,2,0,0,1,0,0,0,0,4,1,6,6,1,48,8,1797,8,13,TOYOTA PRIUS,-1,-1,0,-1
2023131301251,2023,131301251,2,9,0,18,19,1,5,0,0,8,0,0,0,0,2,1,5,6,2,35,6,1798,8,8,TOYOTA PRIUS,1,E01010676,0,-1
2023010421304,2023,010421304,2,9,0,18,19,1,5,0,0,8,0,0,0,0,2,1,6,6,1,43,7,1798,8,1,TOYOTA PRIUS,1,E01000602,0,-1