collision_index,collision_year,collision_ref_no,vehicle_reference,vehicle_type,towing_and_articulation,vehicle_manoeuvre_historic,vehicle_manoeuvre,vehicle_direction_from,vehicle_direction_to,vehicle_location_restricted_lane_historic,vehicle_location_restricted_lane,junction_location,skidding_and_overturning,hit_object_in_carriageway,vehicle_leaving_carriageway,hit_object_off_carriageway,first_point_of_impact,vehicle_left_hand_drive,journey_purpose_of_driver_historic,journey_purpose_of_driver,sex_of_driver,age_of_driver,age_band_of_driver,engine_capacity_cc,propulsion_code,age_of_vehicle,generic_make_model,driver_imd_decile,lsoa_of_driver,escooter_flag,driver_distance_banding
2023010478695,2023,010478695,1,9,0,5,5,3,7,0,0,8,1,0,0,0,3,1,2,2,1,50,8,1797,8,11,TOYOTA PRIUS,2,E01003624,0,-1
2023201370082,2023,201370082,1,9,0,3,3,4,8,0,0,1,0,0,0,0,1,1,1,1,1,53,8,1797,8,13,TOYOTA PRIUS,2,E01033641,0,-1
2023010482467,2023,010482467,2,9,0,18,19,3,7,0,0,1,0,0,0,0,1,1,2,2,1,59,9,1797,8,5,TOYOTA PRIUS,-1,-1,0,-1
2023010447218,2023,010447218,1,9,0,9,9,7,6,0,0,6,0,0,0,0,1,1,6,6,1,55,8,1797,8,4,TOYOTA PRIUS,3,E01003979,0,-1
2023131267027,2023,131267027,3,9,0,18,19,5,1,0,0,0,0,0,0,0,1,1,1,1,1,75,10,1798,8,11,TOYOTA PRIUS,7,E01011445,0,-1
2023311295962,2023,311295962,2,9,0,7,7,1,4,0,0,0,0,0,0,0,4,1,1,1,1,52,8,1791,8,11,TOYOTA PRIUS,1,E01013811,0,-1
2023401394004,2023,401394004,1,9,0,-1,-1,-1,-1,-1,-1,0,0,0,0,0,-1,1,6,6,3,-1,-1,1797,8,13,TOYOTA PRIUS,-1,-1,0,-1
2023010457613,2023,010457613,2,9,0,99,99,9,9,99,99,9,9,99,9,99,1,9,6,6,3,50,8,1797,8,4,TOYOTA PRIUS,-1,-1,0,-1
2023010478655,2023,010478655,2,9,0,99,99,9,9,99,99,9,9,99,9,99,1,9,6,6,3,52,8,1797,8,14,TOYOTA PRIUS,6,E01002943,0,-1
2023010428111,2023,010428111,5,9,0,2,2,0,0,2,2,1,0,0,0,0,2,1,6,6,3,-1,-1,1798,8,9,TOYOTA PRIUS,-1,-1,0,-1
2023070205069,2023,070205069,2,9,0,17,19,3,7,0,0,8,0,0,0,0,1,1,1,1,1,50,8,1797,8,6,TOYOTA PRIUS,4,E01005916,0,-1
2023010423683,2023,010423683,1,9,0,4,4,5,1,0,0,0,0,0,0,0,1,1,3,7,2,38,7,1797,8,13,TOYOTA PRIUS,2,E01000091,0,-1
2023010478031,2023,010478031,2,9,0,18,19,1,5,0,0,6,0,0,0,0,4,1,1,1,1,39,7,1797,8,10,TOYOTA PRIUS,5,E01003195,0,-1
2023010436099,2023,010436099,1,9,0,7,7,5,7,0,0,8,0,0,0,0,4,1,1,1,1,35,6,1798,8,3,TOYOTA PRIUS,6,E01023868,0,-1
2023010433383,2023,010433383,1,9,0,18,19,1,5,0,0,0,0,0,0,0,1,1,6,6,1,27,6,1797,8,10,TOYOTA PRIUS,4,E01001296,0,-1
2023201377413,2023,201377413,1,9,0,17,19,6,3,0,0,0,0,0,0,0,1,1,6,6,1,45,7,1790,8,11,TOYOTA PRIUS,1,E01009401,0,-1
2023041288604,2023,041288604,1,9,0,9,9,5,5,0,0,6,0,0,0,0,1,1,5,6,1,59,9,1497,8,19,TOYOTA PRIUS,2,E01025292,0,-1
2023311286791,2023,311286791,5,9,0,4,4,7,3,0,0,0,0,0,0,0,1,1,1,1,1,57,9,1497,8,16,TOYOTA PRIUS,2,E01013588,0,-1
2023010446926,2023,010446926,1,9,0,99,99,9,9,99,99,0,9,99,9,99,2,9,1,1,1,35,6,1497,8,15,TOYOTA PRIUS,3,E01003639,0,-1
2023010430829,2023,010430829,1,8,0,99,99,9,9,99,99,9,9,99,9,99,9,9,1,1,1,26,6,1797,8,9,TOYOTA PRIUS,1,E01004301,0,-1
2023010473609,2023,010473609,2,9,9,99,99,9,9,99,99,0,9,99,9,99,1,9,6,6,3,-1,-1,1797,8,13,TOYOTA PRIUS,-1,-1,0,-1
2023010447723,2023,010447723,2,8,0,99,99,9,9,99,99,9,9,99,9,99,9,9,6,6,3,54,8,1798,8,10,TOYOTA PRIUS,6,E01004029,0,-1
2023101304474,2023,101304474,1,9,0,9,9,1,7,0,0,8,0,0,0,0,1,1,6,6,2,18,4,1798,8,6,TOYOTA PRIUS,3,E01027522,0,-1
2023010447852,2023,010447852,3,9,0,10,10,2,8,0,0,1,1,0,0,0,2,1,6,6,1,29,6,1798,8,5,TOYOTA PRIUS,4,E01000124,0,-1
2023010422380,2023,010422380,2,9,9,99,99,9,9,99,99,9,9,99,9,99,9,9,6,6,3,41,7,1797,8,9,TOYOTA PRIUS,2,E01003553,0,-1
2023010443791,2023,010443791,1,9,0,99,99,9,9,99,99,9,9,99,9,99,2,9,1,1,1,60,9,1790,8,9,TOYOTA PRIUS,2,E01002830,0,-1
2023010446664,2023,010446664,2,9,9,99,99,9,9,99,99,9,9,99,9,99,9,9,6,6,3,-1,-1,1798,8,10,TOYOTA PRIUS,4,E01003770,0,-1
2023010460903,2023,010460903,1,9,0,99,99,9,9,99,99,9,9,99,9,99,9,9,6,6,1,49,8,1798,8,6,TOYOTA PRIUS,3,E01001327,0,-1
2023010465306,2023,010465306,1,9,0,10,10,5,2,0,0,6,0,0,0,0,1,1,2,2,1,44,7,1797,8,10,TOYOTA PRIUS,3,E01000638,0,-1
2023010486138,2023,010486138,1,9,9,3,3,5,1,0,0,9,5,99,0,0,2,9,3,7,2,33,6,1791,8,11,TOYOTA PRIUS,3,E01004568,0,-1
2023041338257,2023,041338257,3,9,0,18,19,7,3,1,1,1,0,0,0,0,1,1,1,1,1,54,8,1797,8,14,TOYOTA PRIUS,1,E01025042,0,-1
2023201289488,2023,201289488,1,9,0,18,19,6,2,0,0,8,0,0,0,0,1,1,6,6,1,33,6,1797,8,13,TOYOTA PRIUS,1,E01009491,0,-1
2023010472271,2023,010472271,1,8,0,99,99,9,9,99,99,9,9,99,9,99,9,9,1,1,1,37,7,1798,8,6,TOYOTA PRIUS,3,E01016499,0,-1
2023010473345,2023,010473345,2,9,0,6,6,5,5,0,0,1,0,0,0,0,1,1,1,1,2,44,7,1797,8,5,TOYOTA PRIUS,3,E01001649,0,-1
2023010429560,2023,010429560,1,9,0,4,4,4,8,0,0,0,0,0,0,0,2,1,6,6,1,35,6,1497,8,16,TOYOTA PRIUS,4,E01003554,0,-1
2023010443382,2023,010443382,3,9,0,2,2,0,0,0,0,0,0,0,0,0,1,1,6,6,3,-1,-1,1797,8,4,TOYOTA PRIUS,-1,-1,0,-1
2023010439272,2023,010439272,2,8,0,18,19,3,7,0,0,2,0,0,0,0,1,1,6,6,1,45,7,1797,8,10,TOYOTA PRIUS,2,E01003498,0,-1
2023141312141,2023,141312141,1,9,0,9,9,3,7,0,0,5,0,0,0,0,4,1,1,1,1,36,7,1797,8,13,TOYOTA PRIUS,3,E01007385,0,-1
2023010474739,2023,010474739,3,9,0,5,5,1,5,0,0,8,0,0,0,0,1,1,6,6,1,19,4,1797,8,13,TOYOTA PRIUS,1,E01001845,0,-1
2023401307334,2023,401307334,2,8,0,18,19,8,4,0,0,3,0,0,0,0,4,1,1,1,1,37,7,1497,8,15,TOYOTA PRIUS,2,E01015704,0,-1
2023141351337,2023,141351337,2,9,0,16,19,7,3,0,0,4,0,0,0,0,1,1,1,1,1,50,8,1798,8,7,TOYOTA PRIUS,1,E01004850,0,-1
2023522300148,2023,522300148,2,8,0,6,6,4,4,0,0,8,0,0,0,0,1,1,6,6,1,40,7,1798,8,6,TOYOTA PRIUS,1,E01033356,0,-1
2023010442681,2023,010442681,1,8,0,99,99,9,9,99,99,9,9,99,9,99,1,9,6,6,1,66,10,1798,8,6,TOYOTA PRIUS,1,E01004245,0,-1
2023340WN6702,2023,340WN6702,2,8,0,8,8,2,6,0,0,1,0,0,0,0,1,1,1,1,1,45,7,1798,8,7,TOYOTA PRIUS,1,E01027198,0,-1
2023010434455,2023,010434455,2,9,0,99,99,9,9,99,99,9,9,99,9,99,1,9,6,6,3,-1,-1,1798,8,10,TOYOTA PRIUS,-1,-1,0,-1
2023010474293,2023,010474293,2,9,0,2,2,0,0,0,0,1,0,0,0,0,2,1,6,6,3,-1,-1,1798,8,6,TOYOTA PRIUS,-1,-1,0,-1
2023010422569,2023,010422569,1,9,0,9,9,3,1,0,0,5,0,0,0,0,1,1,1,1,1,54,8,1797,8,5,TOYOTA PRIUS,3,E01001363,0,-1
2023010476506,2023,010476506,1,8,0,99,99,9,9,99,99,9,9,99,9,99,2,9,1,1,1,31,6,1798,8,9,TOYOTA PRIUS,4,E01001321,0,-1
2023401396293,2023,401396293,1,9,0,4,4,2,6,0,0,0,0,0,0,0,1,1,5,6,1,30,6,1797,8,9,TOYOTA PRIUS,4,E01015750,0,-1
2023010457401,2023,010457401,1,8,0,5,5,1,5,0,0,5,0,0,3,0,3,1,6,6,1,48,8,1797,8,9,TOYOTA PRIUS,2,E01001745,0,-1
2023010469041,2023,010469041,2,8,0,9,9,3,8,0,0,2,0,0,0,0,1,1,1,1,1,35,6,1797,8,5,TOYOTA PRIUS,10,E01002947,0,-1
2023401330379,2023,401330379,1,9,0,18,19,5,1,0,0,0,1,0,5,0,1,1,2,2,1,42,7,1798,8,3,TOYOTA PRIUS,4,E01003934,0,-1
2023010457906,2023,010457906,2,9,0,3,3,3,7,0,0,2,0,0,0,0,2,1,1,1,1,38,7,1797,8,9,TOYOTA PRIUS,2,E01000141,0,-1
2023010473007,2023,010473007,2,9,0,10,10,1,7,0,0,8,0,0,0,0,1,1,6,6,1,44,7,1797,8,4,TOYOTA PRIUS,3,E01000553,0,-1
2023411391395,2023,411391395,1,9,-1,-1,-1,-1,-1,-1,-1,-1,-1,-1,-1,0,-1,1,6,6,3,-1,-1,1798,8,5,TOYOTA PRIUS,-1,-1,0,-1
2023010468378,2023,010468378,2,9,0,99,99,9,9,99,99,9,9,99,9,99,9,9,6,6,3,-1,-1,1798,8,7,TOYOTA PRIUS,-1,-1,0,-1
2023010484828,2023,010484828,1,9,0,9,9,3,1,0,0,5,0,0,0,0,1,1,1,1,1,37,7,1798,8,3,TOYOTA PRIUS,1,E01004257,0,-1
2023411378010,2023,411378010,1,9,0,18,19,5,1,0,0,8,0,0,0,0,3,1,6,6,1,53,8,1497,8,16,TOYOTA PRIUS,4,E01023681,0,-1
2023010458420,2023,010458420,2,8,0,16,19,3,7,0,0,1,0,0,0,0,1,1,1,1,1,45,7,1798,8,4,TOYOTA PRIUS,4,E01000307,0,-1
2023010472923,2023,010472923,1,9,0,99,99,9,9,99,99,9,0,0,0,0,9,9,6,6,3,-1,-1,1790,8,9,TOYOTA PRIUS,-1,-1,0,-1
2023141311234,2023,141311234,3,9,0,18,19,1,5,0,0,0,0,0,0,0,2,1,5,6,1,35,6,1797,8,8,TOYOTA PRIUS,2,E01011104,0,-1
2023052302153,2023,052302153,2,9,0,9,9,1,2,0,0,8,0,0,0,0,4,1,6,6,1,29,6,1797,8,7,TOYOTA PRIUS,3,E01025210,0,-1
2023010433555,2023,010433555,2,9,0,6,6,3,3,0,0,0,0,0,0,0,3,1,6,6,1,48,8,1797,8,9,TOYOTA PRIUS,4,E01003684,0,-1
2023010428027,2023,010428027,4,9,0,2,2,0,0,0,0,2,0,0,0,0,2,1,6,6,3,-1,-1,1797,8,6,TOYOTA PRIUS,-1,-1,0,-1
2023041300610,2023,041300610,1,9,0,18,19,3,7,0,0,0,0,0,0,0,1,1,6,6,1,34,6,1797,8,13,TOYOTA PRIUS,1,E01025067,0,-1
2023010464566,2023,010464566,1,9,0,9,9,7,5,4,4,8,0,0,3,0,1,2,2,2,1,41,7,1797,8,14,TOYOTA PRIUS,6,E01001245,0,-1
2023010427470,2023,010427470,2,9,0,99,99,9,9,99,99,9,9,99,9,99,1,9,6,6,3,-1,-1,1797,8,12,TOYOTA PRIUS,-1,-1,0,-1
2023332300698,2023,332300698,1,9,0,9,9,6,4,0,0,0,0,0,0,0,3,1,6,6,1,-1,-1,1797,8,8,TOYOTA PRIUS,3,E01009636,0,-1
2023010453248,2023,010453248,2,9,0,6,6,7,7,0,0,0,0,0,0,0,3,1,1,1,1,47,8,1797,8,5,TOYOTA PRIUS,3,E01003579,0,-1
2023010461208,2023,010461208,1,9,0,99,99,9,9,99,99,9,9,99,9,99,9,9,1,1,1,47,8,1797,8,9,TOYOTA PRIUS,3,E01002521,0,-1
2023461352904,2023,461352904,2,9,0,18,19,5,1,0,0,0,0,0,0,0,3,1,6,6,2,52,8,1797,8,13,TOYOTA PRIUS,4,E01001396,0,-1
2023010472316,2023,010472316,1,9,0,3,3,1,5,0,0,1,0,0,0,0,3,1,1,1,1,24,5,1798,8,4,TOYOTA PRIUS,3,E01000922,0,-1
2023411339018,2023,411339018,2,9,0,4,4,7,3,0,0,0,0,0,0,0,2,1,6,6,1,44,7,1797,8,5,TOYOTA PRIUS,1,E01009585,0,-1
2023010422242,2023,010422242,2,9,0,18,19,7,3,0,0,1,0,0,0,0,1,1,6,6,1,29,6,1797,8,13,TOYOTA PRIUS,-1,-1,0,-1
2023451298744,2023,451298744,2,9,0,1,1,1,3,5,5,0,0,0,0,0,1,1,6,6,1,25,5,1497,8,15,TOYOTA PRIUS,5,E01002651,0,-1
2023010442965,2023,010442965,1,9,0,99,99,9,9,99,99,9,9,99,9,99,2,9,1,1,2,62,9,1798,8,7,TOYOTA PRIUS,5,E01023905,0,-1
2023010436781,2023,010436781,1,9,0,99,99,9,9,99,99,0,9,99,9,99,9,9,6,6,1,23,5,1797,8,6,TOYOTA PRIUS,3,E01000610,0,-1
2023010430589,2023,010430589,1,9,0,18,19,7,3,0,0,0,0,0,0,0,3,1,6,6,1,45,7,1497,8,14,TOYOTA PRIUS,2,E01003783,0,-1
2023010456281,2023,010456281,1,9,0,99,99,9,9,99,99,9,9,99,9,99,2,9,1,1,2,27,6,1791,8,11,TOYOTA PRIUS,3,E01000630,0,-1
2023461296286,2023,461296286,2,9,0,3,3,4,8,0,0,0,0,0,0,0,-1,1,5,6,1,38,7,1797,8,9,TOYOTA PRIUS,-1,-1,0,-1
2023010483644,2023,010483644,1,8,0,18,19,3,7,0,0,1,0,0,0,0,2,1,2,2,1,26,6,1797,8,14,TOYOTA PRIUS,3,E01002404,0,-1
2023501372663,2023,501372663,2,8,0,18,19,2,5,0,0,8,1,10,0,0,1,1,2,2,1,34,6,1798,8,11,TOYOTA PRIUS,3,E01015161,0,-1
2023010446330,2023,010446330,2,9,0,99,99,9,9,99,99,9,9,99,9,99,1,9,6,6,3,-1,-1,1798,8,10,TOYOTA PRIUS,3,E01033324,0,-1
2023010445313,2023,010445313,2,9,0,18,19,3,7,0,0,0,0,0,0,0,2,1,1,1,1,50,8,1798,8,6,TOYOTA PRIUS,-1,-1,0,-1
2023131373121,2023,131373121,1,9,0,18,19,1,5,0,0,8,0,0,0,0,1,1,1,1,1,29,6,1797,8,9,TOYOTA PRIUS,4,E01011319,0,-1
2023010475488,2023,010475488,2,9,0,99,99,9,9,99,99,9,9,99,9,99,9,9,6,6,3,-1,-1,1797,8,6,TOYOTA PRIUS,-1,-1,0,-1
2023201377502,2023,201377502,1,8,0,5,5,3,7,0,0,1,0,0,0,0,0,1,1,1,1,58,9,1798,8,7,TOYOTA PRIUS,2,E01008987,0,-1
2023461298020,2023,461298020,1,9,0,4,4,3,7,0,0,0,0,0,0,0,1,1,1,1,1,50,8,1797,8,9,TOYOTA PRIUS,4,E01016177,0,-1
2023010434911,2023,010434911,1,9,0,5,5,7,3,0,0,8,0,0,0,0,1,1,1,1,1,34,6,1797,8,6,TOYOTA PRIUS,5,E01001310,0,-1
2023010459114,2023,010459114,1,8,0,18,19,7,3,0,0,0,0,0,0,0,1,1,1,1,1,31,6,1797,8,3,TOYOTA PRIUS,2,E01004385,0,-1
2023401347549,2023,401347549,1,8,0,18,19,8,4,0,0,0,0,0,0,0,1,1,1,1,1,53,8,1797,8,12,TOYOTA PRIUS,7,E01015764,0,-1
2023010456813,2023,010456813,2,9,0,99,99,9,9,99,99,9,9,99,9,99,0,9,6,6,3,-1,-1,1798,8,5,TOYOTA PRIUS,-1,-1,0,-1
2023061370464,2023,061370464,2,9,0,18,19,8,4,0,0,8,0,0,0,0,1,1,5,6,1,29,6,1797,8,8,TOYOTA PRIUS,2,E01005233,0,-1
2023041371802,2023,041371802,1,9,0,9,9,7,3,0,0,1,0,0,0,0,1,1,6,6,1,33,6,1497,8,15,TOYOTA PRIUS,1,E01025042,0,-1
2023010457779,2023,010457779,1,8,0,18,19,3,7,0,0,0,0,0,0,0,4,1,1,1,1,33,6,1798,8,10,TOYOTA PRIUS,-1,-1,0,-1
2023440039845,2023,440039845,3,9,0,3,3,3,7,0,0,0,0,0,0,0,2,1,6,6,1,26,6,1798,8,11,TOYOTA PRIUS,1,E01017154,0,-1
2023010470099,2023,010470099,1,8,0,7,7,5,7,0,0,2,0,0,0,0,3,1,6,6,3,-1,-1,1798,8,7,TOYOTA PRIUS,-1,-1,0,-1
2023010429775,2023,010429775,1,9,0,18,19,5,1,0,0,4,0,0,0,0,1,1,1,1,1,38,7,1797,8,8,TOYOTA PRIUS,5,E01032770,0,-1
2023010429821,2023,010429821,2,8,0,99,99,9,9,99,99,9,9,99,9,99,9,9,6,6,1,29,6,1797,8,6,TOYOTA PRIUS,1,E01006695,0,-1
2023201389901,2023,201389901,2,9,0,5,5,2,6,0,0,8,0,0,0,0,3,1,1,1,1,39,7,1797,8,7,TOYOTA PRIUS,1,E01009201,0,-1
2023010452696,2023,010452696,1,9,0,8,8,5,8,0,0,5,0,0,0,0,4,1,1,1,1,33,6,1797,8,9,TOYOTA PRIUS,2,E01033485,0,-1
2023010464376,2023,010464376,1,9,0,18,19,1,5,0,0,2,0,0,0,0,4,2,3,7,2,35,6,1797,8,3,TOYOTA PRIUS,1,E01002081,0,-1
2023041358291,2023,041358291,1,9,0,2,2,1,5,0,0,0,0,0,0,0,0,1,1,1,1,56,9,1497,8,17,TOYOTA PRIUS,3,E01012587,0,-1
2023401395054,2023,401395054,1,9,0,18,19,5,1,0,0,0,0,11,0,0,1,1,1,1,1,47,8,1797,8,13,TOYOTA PRIUS,2,E01015703,0,-1
2023010453358,2023,010453358,1,9,0,12,12,5,1,0,0,0,0,0,0,0,3,1,1,1,1,37,7,1797,8,3,TOYOTA PRIUS,2,E01002787,0,-1
2023010446048,2023,010446048,2,9,0,11,11,8,4,0,0,1,0,0,0,0,0,1,6,6,3,-1,-1,1798,8,4,TOYOTA PRIUS,-1,-1,0,-1
2023010422859,2023,010422859,2,9,0,99,99,9,9,99,99,9,9,99,9,99,9,9,6,6,3,-1,-1,1797,8,9,TOYOTA PRIUS,-1,-1,0,-1
2023451322538,2023,451322538,1,9,0,17,19,5,1,0,0,1,0,0,0,0,4,1,5,6,1,42,7,1797,8,9,TOYOTA PRIUS,4,E01030433,0,-1
2023010449084,2023,010449084,1,8,0,6,6,7,7,0,0,0,0,0,0,0,1,1,1,1,1,44,7,1798,8,5,TOYOTA PRIUS,1,E01004236,0,-1
2023010447425,2023,010447425,2,8,0,99,99,9,9,99,99,9,9,99,9,99,0,9,6,6,3,-1,-1,1797,8,6,TOYOTA PRIUS,-1,-1,0,-1
2023010472269,2023,010472269,2,9,0,99,99,9,9,99,99,9,9,99,9,99,9,9,6,6,3,-1,-1,1790,8,10,TOYOTA PRIUS,4,E01003771,0,-1
2023010447035,2023,010447035,1,9,0,9,9,3,1,0,0,2,0,0,0,0,1,1,1,1,1,58,9,1798,8,8,TOYOTA PRIUS,2,E01002741,0,-1
2023010465994,2023,010465994,1,9,0,9,9,3,8,0,0,8,0,0,0,0,4,1,1,1,1,33,6,1797,8,6,TOYOTA PRIUS,8,E01000175,0,-1
2023201407898,2023,201407898,1,9,0,18,19,4,8,0,0,0,0,0,0,0,1,1,2,2,1,26,6,1797,8,9,TOYOTA PRIUS,1,E01010365,0,-1
2023010468858,2023,010468858,2,8,9,99,99,9,9,0,0,9,0,99,9,99,9,9,6,6,3,-1,-1,1798,8,8,TOYOTA PRIUS,2,E01002031,0,-1
2023010440454,2023,010440454,2,9,0,18,19,4,8,0,0,1,0,0,0,0,1,1,6,6,1,58,9,1798,8,4,TOYOTA PRIUS,6,E01003738,0,-1
2023201326874,2023,201326874,1,9,0,18,19,2,6,0,0,1,0,0,0,0,1,1,6,6,1,54,8,1797,8,12,TOYOTA PRIUS,1,E01009024,0,-1
2023010451763,2023,010451763,2,8,0,99,99,9,9,99,99,9,9,99,9,99,1,9,6,6,3,43,7,1797,8,8,TOYOTA PRIUS,4,E01004412,0,-1
2023010426710,2023,010426710,2,9,0,18,19,3,7,0,0,1,0,0,0,0,1,1,6,6,1,30,6,1497,8,16,TOYOTA PRIUS,3,E01001089,0,-1
2023131389707,2023,131389707,1,8,0,5,5,7,3,0,0,8,0,0,0,0,0,1,6,6,3,-1,-1,1798,8,11,TOYOTA PRIUS,-1,-1,0,-1
2023010480989,2023,010480989,1,9,0,3,3,7,3,0,0,1,0,0,0,0,0,1,6,6,1,55,8,1797,8,5,TOYOTA PRIUS,3,E01001363,0,-1
2023010438401,2023,010438401,1,8,0,99,99,9,9,99,99,9,9,99,9,99,1,9,6,6,1,28,6,1798,8,11,TOYOTA PRIUS,1,E01004214,0,-1
2023440497265,2023,440497265,1,8,0,9,9,6,4,0,0,8,0,0,0,0,1,1,1,1,1,49,8,1798,8,6,TOYOTA PRIUS,4,E01017058,0,-1
2023010483013,2023,010483013,2,9,0,99,99,9,9,99,99,9,9,99,9,99,9,9,6,6,3,-1,-1,1797,8,9,TOYOTA PRIUS,-1,-1,0,-1
2023201382004,2023,201382004,2,8,0,4,4,4,8,0,0,0,0,0,0,0,2,1,1,1,1,40,7,1797,8,8,TOYOTA PRIUS,2,E01010449,0,-1
2023010475650,2023,010475650,2,9,0,99,99,9,9,99,99,9,9,99,9,99,9,9,6,6,3,-1,-1,1797,8,8,TOYOTA PRIUS,-1,-1,0,-1
2023010428933,2023,010428933,1,9,0,18,19,3,7,0,0,1,0,0,0,0,1,1,2,2,1,54,8,1797,8,4,TOYOTA PRIUS,4,E01001137,0,-1
2023041292528,2023,041292528,2,9,0,18,19,4,8,0,0,8,0,0,0,0,1,1,1,1,1,43,7,1497,8,15,TOYOTA PRIUS,1,E01025295,0,-1
2023131298114,2023,131298114,2,9,0,18,19,3,7,0,0,1,0,0,0,0,1,1,6,6,1,49,8,1797,8,13,TOYOTA PRIUS,3,E01010810,0,-1
2023010425455,2023,010425455,2,9,9,99,99,9,9,0,0,0,0,99,9,99,9,9,6,6,1,-1,-1,1798,8,11,TOYOTA PRIUS,4,E01003767,0,-1
2023010479510,2023,010479510,2,9,0,99,99,9,9,99,99,9,9,99,9,99,9,9,6,6,3,-1,-1,1798,8,8,TOYOTA PRIUS,-1,-1,0,-1
2023131279078,2023,131279078,1,9,0,4,4,4,8,0,0,0,0,0,0,0,2,1,6,6,3,-1,-1,1797,8,13,TOYOTA PRIUS,-1,-1,0,-1
2023461331035,2023,461331035,2,9,0,3,3,1,5,0,0,0,0,0,0,0,3,1,5,6,1,41,7,1798,8,6,TOYOTA PRIUS,7,E01000339,0,-1
2023201416842,2023,201416842,1,9,0,6,6,2,2,0,0,1,0,0,0,0,0,1,1,1,1,53,8,1797,8,8,TOYOTA PRIUS,1,E01008909,0,-1
2023010428300,2023,010428300,2,9,0,99,99,9,9,99,99,9,9,99,9,99,9,9,6,6,3,-1,-1,1790,8,9,TOYOTA PRIUS,2,E01000033,0,-1
2023010423302,2023,010423302,1,9,0,99,99,9,9,99,99,0,9,99,9,99,9,9,6,6,1,59,9,1797,8,14,TOYOTA PRIUS,2,E01003514,0,-1
2023071095746,2023,071095746,1,9,0,18,19,8,4,0,0,1,0,0,0,0,1,1,1,1,1,34,6,1797,8,13,TOYOTA PRIUS,3,E01005431,0,-1
2023010455215,2023,010455215,2,8,0,9,9,4,3,0,0,1,0,0,0,0,4,1,1,1,1,43,7,1798,8,7,TOYOTA PRIUS,3,E01003563,0,-1
2023010477201,2023,010477201,1,9,0,7,7,5,8,0,0,5,0,10,1,2,1,1,6,6,2,29,6,1798,8,4,TOYOTA PRIUS,7,E01002514,0,-1
2023010444920,2023,010444920,1,8,0,99,99,9,9,99,99,9,9,99,9,99,2,9,1,1,1,32,6,1798,8,6,TOYOTA PRIUS,2,E01000030,0,-1
2023010429742,2023,010429742,2,9,9,99,99,9,9,99,99,9,9,99,9,99,9,9,6,6,3,-1,-1,1497,8,15,TOYOTA PRIUS,-1,-1,0,-1
2023061339650,2023,061339650,1,8,0,9,9,1,4,0,0,1,0,0,0,0,1,1,1,1,1,71,10,1797,8,13,TOYOTA PRIUS,1,E01005579,0,-1
2023201301125,2023,201301125,1,9,0,18,19,2,6,0,0,4,0,0,0,0,1,1,6,6,1,40,7,1797,8,8,TOYOTA PRIUS,1,E01009073,0,-1
2023461268159,2023,461268159,2,8,0,10,10,7,3,0,0,1,0,0,0,0,2,1,6,6,1,42,7,1798,8,6,TOYOTA PRIUS,3,E01024795,0,-1
2023010478375,2023,010478375,2,9,0,99,99,9,9,99,99,9,9,99,9,99,2,9,6,6,1,58,9,1797,8,7,TOYOTA PRIUS,4,E01003683,0,-1
2023411331791,2023,411331791,1,8,0,11,11,7,3,0,0,0,0,0,0,0,2,1,1,1,1,50,8,1797,8,3,TOYOTA PRIUS,8,E01002536,0,-1
2023311382821,2023,311382821,2,8,0,18,19,6,2,0,0,2,0,0,0,0,4,1,1,1,1,38,7,1798,8,8,TOYOTA PRIUS,1,E01013920,0,-1
2023010429168,2023,010429168,2,9,0,9,9,7,6,0,0,1,0,0,0,0,4,1,6,6,3,-1,-1,1798,8,11,TOYOTA PRIUS,1,E01032978,0,-1
2023131370957,2023,131370957,1,9,0,2,2,0,0,0,0,0,0,0,0,0,2,1,5,6,1,40,7,1798,8,5,TOYOTA PRIUS,7,E01011650,0,-1
2023010442693,2023,010442693,2,9,0,9,9,3,1,0,0,2,0,0,7,11,1,1,1,1,1,44,7,1797,8,6,TOYOTA PRIUS,6,E01023786,0,-1
2023401337420,2023,401337420,3,9,0,18,19,0,0,0,0,2,0,0,0,0,1,1,6,6,1,39,7,1797,8,10,TOYOTA PRIUS,3,E01015758,0,-1
2023010454601,2023,010454601,1,9,0,18,19,3,7,0,0,1,0,0,0,0,1,1,6,6,1,37,7,1798,8,8,TOYOTA PRIUS,3,E01004212,0,-1
2023010480807,2023,010480807,1,9,0,9,9,6,3,0,0,5,0,0,0,0,3,1,1,1,1,54,8,1798,8,9,TOYOTA PRIUS,2,E01001631,0,-1
2023010474046,2023,010474046,2,9,0,99,99,9,9,0,0,0,0,0,0,0,9,1,1,1,1,35,6,1797,8,9,TOYOTA PRIUS,5,E01003480,0,-1
2023201290744,2023,201290744,1,9,0,9,9,2,8,0,0,5,0,0,0,0,1,1,6,6,1,41,7,1797,8,4,TOYOTA PRIUS,1,E01009327,0,-1
2023010426904,2023,010426904,1,9,0,18,19,7,3,0,0,1,0,0,0,0,4,1,6,6,1,51,8,1797,8,6,TOYOTA PRIUS,-1,-1,0,-1
2023010449955,2023,010449955,2,9,0,18,19,7,3,0,0,4,0,0,0,0,3,1,6,6,1,45,7,1797,8,3,TOYOTA PRIUS,3,E01001640,0,-1
2023131287228,2023,131287228,2,9,0,18,19,3,7,0,0,8,0,0,0,0,1,1,1,1,1,66,10,1798,8,11,TOYOTA PRIUS,4,E01011314,0,-1
2023010438783,2023,010438783,1,9,0,9,9,1,7,0,0,8,0,0,0,0,2,1,1,1,1,52,8,1798,8,6,TOYOTA PRIUS,1,E01004300,0,-1
2023010429896,2023,010429896,2,9,0,99,99,9,9,99,99,9,9,99,9,99,1,9,6,6,3,-1,-1,1798,8,7,TOYOTA PRIUS,-1,-1,0,-1