collision_index,collision_year,collision_ref_no,vehicle_reference,vehicle_type,towing_and_articulation,vehicle_manoeuvre_historic,vehicle_manoeuvre,vehicle_direction_from,vehicle_direction_to,vehicle_location_restricted_lane_historic,vehicle_location_restricted_lane,junction_location,skidding_and_overturning,hit_object_in_carriageway,vehicle_leaving_carriageway,hit_object_off_carriageway,first_point_of_impact,vehicle_left_hand_drive,journey_purpose_of_driver_historic,journey_purpose_of_driver,sex_of_driver,age_of_driver,age_band_of_driver,engine_capacity_cc,propulsion_code,age_of_vehicle,generic_make_model,driver_imd_decile,lsoa_of_driver,escooter_flag,driver_distance_banding
2023010429749,2023,010429749,1,9,0,9,9,4,1,0,0,1,0,0,0,0,1,1,1,1,1,50,8,1797,8,4,TOYOTA PRIUS,5,E01003130,0,-1
2023461307343,2023,461307343,2,8,0,14,14,3,7,0,0,0,0,0,0,0,2,1,1,1,1,32,6,1798,8,9,TOYOTA PRIUS,8,E01000370,0,-1
2023010431749,2023,010431749,1,9,0,99,99,9,9,99,99,9,9,99,9,99,9,9,1,1,1,56,9,1797,8,4,TOYOTA PRIUS,4,E01001406,0,-1
2023430079195,2023,430079195,2,8,0,18,19,7,3,0,0,0,0,0,0,0,2,1,1,1,1,34,6,1797,8,12,TOYOTA PRIUS,10,E01028820,0,-1
2023501400292,2023,501400292,1,8,0,15,15,-1,-1,-1,-1,0,0,0,-1,0,1,1,6,6,1,63,9,1798,8,11,TOYOTA PRIUS,2,E01015181,0,-1
2023010428775,2023,010428775,1,9,0,99,99,9,9,99,99,9,9,99,9,99,3,9,6,6,1,25,5,1797,8,13,TOYOTA PRIUS,8,E01022622,0,-1
2023010478416,2023,010478416,1,9,0,4,4,1,5,0,0,1,0,0,0,0,2,1,6,6,2,21,5,1798,8,8,TOYOTA PRIUS,9,E01004079,0,-1
2023451311162,2023,451311162,1,9,0,9,9,3,7,0,0,6,0,0,0,0,1,1,1,1,1,38,7,1798,8,6,TOYOTA PRIUS,3,E01002542,0,-1
2023010442160,2023,010442160,2,8,0,99,99,9,9,0,0,9,0,99,9,99,9,9,6,6,1,54,8,1797,8,4,TOYOTA PRIUS,3,E01001147,0,-1
2023010474439,2023,010474439,1,9,0,18,19,6,2,0,0,1,0,0,0,0,1,1,6,6,1,65,9,1497,8,17,TOYOTA PRIUS,4,E01000068,0,-1
2023010479464,2023,010479464,1,9,0,99,99,9,9,99,99,9,9,99,9,99,9,9,6,6,2,50,8,1798,8,6,TOYOTA PRIUS,2,E01000126,0,-1
2023141393179,2023,141393179,2,9,0,18,19,4,8,0,0,8,0,0,0,0,4,1,6,6,1,33,6,1497,8,17,TOYOTA PRIUS,1,E01007532,0,-1
2023061345901,2023,061345901,2,9,0,18,19,1,5,0,0,0,0,0,0,0,2,1,1,1,1,43,7,1797,8,12,TOYOTA PRIUS,1,E01005579,0,-1
2023010421708,2023,010421708,2,9,0,99,99,9,9,99,99,9,9,99,9,99,9,9,6,6,3,-1,-1,1798,8,7,TOYOTA PRIUS,-1,-1,0,-1
2023041362938,2023,041362938,2,9,0,18,19,7,3,0,0,1,0,0,0,0,1,1,1,1,1,40,7,1797,8,12,TOYOTA PRIUS,2,E01012576,0,-1
2023010430657,2023,010430657,2,9,0,99,99,9,9,99,99,9,9,99,9,99,0,9,6,6,3,55,8,1798,8,9,TOYOTA PRIUS,7,E01002182,0,-1
2023231311626,2023,231311626,2,9,0,18,19,1,5,0,0,8,0,0,0,0,3,1,1,1,1,30,6,1798,8,6,TOYOTA PRIUS,1,E01009485,0,-1
2023061262483,2023,061262483,2,8,0,18,19,1,5,0,0,8,0,0,0,0,3,1,1,1,1,54,8,1797,8,8,TOYOTA PRIUS,1,E01005242,0,-1
2023471329368,2023,471329368,1,9,0,9,9,3,1,0,0,1,0,0,0,0,1,1,1,1,1,29,6,1797,8,4,TOYOTA PRIUS,3,E01021062,0,-1
2023070623614,2023,070623614,2,9,0,9,9,3,8,0,0,8,0,0,0,0,3,1,2,2,2,40,7,1797,8,13,TOYOTA PRIUS,10,E01018413,0,-1
2023201285460,2023,201285460,2,9,0,18,19,2,6,0,0,0,0,0,0,0,1,1,1,1,1,22,5,1797,8,10,TOYOTA PRIUS,2,E01010017,0,-1
2023371304870,2023,371304870,3,9,0,2,2,0,0,0,0,0,0,0,0,0,2,1,1,1,1,41,7,1797,8,12,TOYOTA PRIUS,6,E01033121,0,-1
2023010437250,2023,010437250,2,8,0,99,99,9,9,99,99,9,9,99,9,99,9,9,6,6,3,63,9,1790,8,8,TOYOTA PRIUS,3,E01001327,0,-1
2023010422745,2023,010422745,2,9,0,3,3,5,1,0,0,1,0,0,0,0,0,1,1,1,1,51,8,1798,8,8,TOYOTA PRIUS,2,E01032720,0,-1
2023010478868,2023,010478868,3,8,3,18,19,5,1,0,0,1,0,0,0,0,1,1,1,1,1,51,8,1798,8,4,TOYOTA PRIUS,2,E01001754,0,-1
2023211373878,2023,211373878,1,9,0,5,5,3,7,0,0,2,0,0,0,0,1,1,5,6,1,-1,-1,1797,8,6,TOYOTA PRIUS,1,E01014330,0,-1
2023010442742,2023,010442742,1,8,0,99,99,9,9,99,99,9,9,99,9,99,2,9,1,1,1,27,6,1790,8,10,TOYOTA PRIUS,3,E01001004,0,-1
2023061315236,2023,061315236,1,8,0,18,19,7,3,0,0,2,0,0,0,0,3,1,1,1,1,52,8,1497,8,14,TOYOTA PRIUS,2,E01004852,0,-1
2023201371481,2023,201371481,1,9,0,18,19,3,7,0,0,1,0,0,0,0,1,1,6,6,1,-1,-1,1797,8,4,TOYOTA PRIUS,-1,-1,0,-1
2023052302983,2023,052302983,1,8,0,18,19,4,6,0,0,8,0,0,0,0,1,1,1,1,1,44,7,1797,8,13,TOYOTA PRIUS,2,E01004879,0,-1
2023010434019,2023,010434019,1,8,0,18,19,3,7,0,0,4,0,0,0,0,4,1,1,1,1,65,9,1798,8,4,TOYOTA PRIUS,4,E01001699,0,-1
2023010475815,2023,010475815,1,9,0,9,9,3,1,0,0,8,0,0,0,0,3,1,1,1,1,34,6,1798,8,7,TOYOTA PRIUS,-1,-1,0,-1
2023411354749,2023,411354749,1,9,0,18,19,7,3,6,6,1,0,0,7,0,3,1,2,2,1,63,9,1798,8,6,TOYOTA PRIUS,7,E01000573,0,-1
2023010485999,2023,010485999,2,9,0,18,19,3,7,0,0,0,0,0,0,0,4,1,6,6,1,54,8,1797,8,4,TOYOTA PRIUS,2,E01004252,0,-1
2023041346089,2023,041346089,2,9,0,18,19,3,7,0,0,0,0,0,1,4,2,1,1,1,1,64,9,1797,8,14,TOYOTA PRIUS,3,E01025058,0,-1
2023010435281,2023,010435281,1,9,0,6,6,7,7,8,6,6,0,0,0,0,1,1,6,6,1,30,6,1797,8,10,TOYOTA PRIUS,7,E01002653,0,-1
2023061354498,2023,061354498,2,8,0,18,19,5,1,0,0,4,0,0,0,0,1,1,6,6,1,31,6,1797,8,7,TOYOTA PRIUS,3,E01005372,0,-1
2023531339983,2023,531339983,2,8,0,18,19,7,3,0,0,1,0,0,0,0,1,1,1,1,1,35,6,1798,8,11,TOYOTA PRIUS,2,E01022332,0,-1
2023010465236,2023,010465236,2,9,9,99,99,9,9,99,99,9,9,99,9,99,1,9,6,6,3,-1,-1,1798,8,9,TOYOTA PRIUS,-1,-1,0,-1
2023010422364,2023,010422364,1,9,0,17,19,5,1,0,0,8,0,0,0,0,4,1,6,6,1,26,6,1497,8,18,TOYOTA PRIUS,9,E01030960,0,-1
2023201400741,2023,201400741,1,9,0,18,19,3,7,0,0,2,0,0,0,0,4,1,5,6,1,70,10,1497,8,17,TOYOTA PRIUS,2,E01009509,0,-1
2023010477369,2023,010477369,2,9,0,10,10,5,2,0,0,1,0,0,0,0,0,1,1,1,1,36,7,1798,8,8,TOYOTA PRIUS,-1,-1,0,-1
2023991328829,2023,991328829,1,8,0,4,4,8,5,0,0,1,0,0,0,0,2,1,5,6,1,40,7,1790,8,7,TOYOTA PRIUS,9,-1,0,-1
2023201276417,2023,201276417,1,9,0,18,19,7,3,0,0,0,0,0,0,0,2,1,1,1,1,23,5,1797,8,13,TOYOTA PRIUS,2,E01010047,0,-1
2023471356062,2023,471356062,1,9,0,4,4,4,7,0,0,0,0,0,0,0,4,1,1,1,1,44,7,1797,8,3,TOYOTA PRIUS,1,E01016867,0,-1
2023411440785,2023,411440785,3,9,0,18,19,1,5,0,0,0,1,0,1,4,1,1,6,6,1,-1,-1,1798,8,7,TOYOTA PRIUS,6,E01023494,0,-1
2023010482488,2023,010482488,2,9,9,99,99,9,9,99,99,9,9,99,9,99,9,9,6,6,3,-1,-1,1797,8,9,TOYOTA PRIUS,-1,-1,0,-1
2023010469621,2023,010469621,1,9,0,8,8,1,3,0,0,6,0,0,0,0,3,1,1,1,1,56,9,1797,8,5,TOYOTA PRIUS,2,E01001249,0,-1
2023010439925,2023,010439925,1,8,0,99,99,9,9,99,99,9,9,99,9,99,9,9,1,1,1,31,6,1798,8,11,TOYOTA PRIUS,3,E01004430,0,-1
2023010453530,2023,010453530,2,9,0,99,99,9,9,99,99,0,9,99,9,99,2,9,6,6,3,-1,-1,1798,8,6,TOYOTA PRIUS,-1,-1,0,-1
2023010456401,2023,010456401,1,8,0,99,99,9,9,99,99,9,9,99,9,99,2,9,6,6,1,37,7,1798,8,5,TOYOTA PRIUS,4,E01000323,0,-1
2023010475962,2023,010475962,1,9,0,4,4,7,3,0,0,0,0,0,0,0,1,1,2,2,1,59,9,1797,8,8,TOYOTA PRIUS,6,E01000069,0,-1
2023201375054,2023,201375054,1,9,0,3,3,8,6,0,0,1,0,0,0,0,1,1,6,6,1,-1,-1,1497,8,18,TOYOTA PRIUS,-1,-1,0,-1
2023401330923,2023,401330923,3,9,0,1,1,7,2,0,0,0,0,0,0,0,4,1,1,1,1,42,7,1798,8,7,TOYOTA PRIUS,4,E01015784,0,-1
2023041272438,2023,041272438,2,9,0,18,19,3,7,0,0,0,0,0,0,0,1,1,1,1,1,49,8,1800,8,10,TOYOTA PRIUS,-1,-1,0,-1
2023010443382,2023,010443382,1,8,0,18,19,7,3,0,0,0,0,4,0,0,1,1,1,1,1,38,7,1798,8,5,TOYOTA PRIUS,3,E01003571,0,-1
2023010449780,2023,010449780,1,9,0,18,19,7,3,0,0,0,0,0,0,0,2,1,2,2,2,51,8,1797,8,12,TOYOTA PRIUS,5,E01023843,0,-1
2023010480366,2023,010480366,2,9,0,99,99,9,9,99,99,9,9,99,9,99,9,9,6,6,1,34,6,1798,8,8,TOYOTA PRIUS,2,E01033486,0,-1
2023010448100,2023,010448100,2,9,0,18,19,7,3,0,0,0,0,0,0,0,1,1,6,6,3,33,6,1798,8,8,TOYOTA PRIUS,4,E01000916,0,-1
2023010463899,2023,010463899,1,9,0,99,99,9,9,99,99,9,9,99,9,99,2,9,6,6,1,59,9,1798,8,8,TOYOTA PRIUS,2,E01001982,0,-1
2023010423930,2023,010423930,1,9,0,16,19,3,7,0,0,5,0,0,0,0,4,1,6,6,1,48,8,1798,8,9,TOYOTA PRIUS,4,E01003482,0,-1
2023231267208,2023,231267208,2,9,0,18,19,6,2,0,0,8,0,0,0,0,1,1,1,1,1,39,7,1797,8,8,TOYOTA PRIUS,1,E01010375,0,-1
2023010425093,2023,010425093,3,8,0,5,5,5,1,0,0,8,0,0,0,0,1,2,6,6,1,31,6,1797,8,4,TOYOTA PRIUS,8,E01024185,0,-1
2023010437910,2023,010437910,1,9,0,4,4,3,7,0,0,0,0,0,0,0,1,1,1,1,1,54,8,1798,8,9,TOYOTA PRIUS,1,E01000093,0,-1
2023010469492,2023,010469492,1,8,0,18,19,5,1,0,0,0,0,0,0,0,4,1,6,6,1,48,8,1798,8,10,TOYOTA PRIUS,3,E01003520,0,-1
2023010441479,2023,010441479,3,9,0,9,9,5,3,0,0,1,0,0,0,0,0,1,1,1,2,36,7,1797,8,10,TOYOTA PRIUS,6,E01000486,0,-1
2023010452066,2023,010452066,2,9,0,9,9,7,4,0,0,8,1,0,0,0,1,1,1,1,1,41,7,1797,8,5,TOYOTA PRIUS,8,E01004293,0,-1
2023010458235,2023,010458235,4,9,0,5,5,1,5,0,0,0,0,0,0,0,2,1,6,6,1,26,6,1797,8,13,TOYOTA PRIUS,5,E01000194,0,-1
2023010446476,2023,010446476,2,9,9,99,99,9,9,99,99,9,9,99,9,99,9,9,6,6,1,-1,-1,1797,8,8,TOYOTA PRIUS,-1,-1,0,-1
2023010422137,2023,010422137,2,9,0,18,19,3,7,0,0,0,0,0,0,0,0,1,1,1,1,46,8,1797,8,4,TOYOTA PRIUS,2,E01001042,0,-1
2023471370355,2023,471370355,1,8,0,9,9,6,4,0,0,6,0,0,0,0,3,1,1,1,1,50,8,1798,8,6,TOYOTA PRIUS,4,E01016977,0,-1
2023010482276,2023,010482276,1,9,0,99,99,9,9,99,99,0,9,99,9,99,2,9,1,1,1,34,6,1798,8,4,TOYOTA PRIUS,1,E01002093,0,-1
2023010434464,2023,010434464,2,8,0,99,99,9,9,99,99,9,9,99,9,99,9,9,6,6,1,33,6,1798,8,6,TOYOTA PRIUS,5,E01001086,0,-1
2023501295560,2023,501295560,1,9,0,9,9,7,3,0,0,2,0,0,0,0,1,1,5,6,2,40,7,1798,8,3,TOYOTA PRIUS,2,E01019069,0,-1
2023041313531,2023,041313531,1,9,0,18,19,5,1,0,0,1,0,0,0,0,3,1,1,1,1,36,7,1790,8,8,TOYOTA PRIUS,1,E01012707,0,-1
2023010466467,2023,010466467,2,9,0,99,99,9,9,99,99,9,9,99,9,99,9,9,6,6,3,-1,-1,1800,8,10,TOYOTA PRIUS,4,E01001005,0,-1
2023522301513,2023,522301513,2,9,0,18,19,8,4,0,0,6,0,0,0,0,1,1,6,6,1,45,7,1798,8,4,TOYOTA PRIUS,1,E01014653,0,-1
2023221357550,2023,221357550,1,9,0,9,9,2,7,0,0,5,0,0,0,0,1,1,6,6,1,89,11,1797,8,14,TOYOTA PRIUS,5,E01028893,0,-1
2023010463375,2023,010463375,2,9,0,99,99,9,9,99,99,9,9,99,9,99,1,9,6,6,3,-1,-1,1798,8,4,TOYOTA PRIUS,-1,-1,0,-1
2023501378233,2023,501378233,1,8,0,4,4,7,3,0,0,0,0,0,0,0,2,1,1,1,1,35,6,1798,8,6,TOYOTA PRIUS,5,E01019992,0,-1
2023010449775,2023,010449775,1,9,0,7,7,1,4,0,0,1,0,0,0,0,4,1,1,1,1,46,8,1798,8,7,TOYOTA PRIUS,2,E01001438,0,-1
2023481359163,2023,481359163,1,8,0,9,9,1,7,0,0,8,0,0,0,0,4,1,1,1,1,28,6,1797,8,4,TOYOTA PRIUS,-1,-1,0,-1
2023010423760,2023,010423760,1,9,9,99,99,9,9,99,99,9,9,99,9,99,9,9,6,6,2,46,8,1497,8,16,TOYOTA PRIUS,2,E01000040,0,-1
2023010435020,2023,010435020,2,8,0,99,99,9,9,99,99,9,9,99,9,99,0,9,6,6,3,-1,-1,1797,8,8,TOYOTA PRIUS,-1,-1,0,-1
2023201285262,2023,201285262,3,9,0,10,10,6,4,0,0,1,0,0,0,0,4,1,6,6,1,46,8,1797,8,8,TOYOTA PRIUS,1,E01009133,0,-1
2023411326598,2023,411326598,1,8,0,1,1,7,3,9,9,0,0,0,0,0,2,1,1,1,1,45,7,1797,8,13,TOYOTA PRIUS,3,E01001391,0,-1
2023010429432,2023,010429432,1,9,0,18,19,1,5,0,0,0,0,4,0,0,1,1,6,6,1,26,6,1798,8,9,TOYOTA PRIUS,5,E01001322,0,-1
2023010441680,2023,010441680,1,8,0,9,9,1,7,0,0,6,0,0,0,0,1,1,6,6,1,65,9,1798,8,8,TOYOTA PRIUS,4,E01000588,0,-1
2023211347858,2023,211347858,1,9,0,7,7,3,6,0,0,1,0,0,0,0,3,1,6,6,2,68,10,1798,8,5,TOYOTA PRIUS,8,E01025881,0,-1
2023010439913,2023,010439913,1,9,0,18,19,4,8,0,0,4,0,0,3,11,4,1,6,6,2,43,7,1797,8,9,TOYOTA PRIUS,7,E01003709,0,-1
2023010419463,2023,010419463,3,8,0,99,99,9,9,99,99,9,9,99,9,99,9,9,6,6,1,-1,-1,1797,8,7,TOYOTA PRIUS,-1,-1,0,-1
2023010429687,2023,010429687,3,8,0,3,3,7,3,0,0,2,0,0,0,0,2,1,1,1,1,45,7,1798,8,4,TOYOTA PRIUS,3,E01003405,0,-1
2023010483498,2023,010483498,1,9,9,99,99,9,9,99,99,0,9,11,9,10,1,2,6,6,1,48,8,1800,8,9,TOYOTA PRIUS,3,E01003221,0,-1
2023122300428,2023,122300428,1,8,0,9,9,2,8,0,0,8,0,0,0,0,1,1,1,1,1,64,9,1798,8,8,TOYOTA PRIUS,1,E01010807,0,-1
2023061310515,2023,061310515,1,9,0,-1,-1,-1,-1,-1,-1,0,-1,-1,-1,0,-1,1,6,6,1,23,5,1497,8,16,TOYOTA PRIUS,6,E01004894,0,-1
2023430512386,2023,430512386,3,9,0,18,19,6,2,0,0,0,0,0,0,0,1,1,6,6,1,-1,-1,1797,8,14,TOYOTA PRIUS,10,E01016535,0,-1
2023041312732,2023,041312732,1,9,0,18,19,8,4,0,0,1,0,0,0,0,1,1,1,1,1,48,8,1798,8,8,TOYOTA PRIUS,3,E01025397,0,-1
2023010456214,2023,010456214,2,9,0,99,99,9,9,99,99,9,9,99,9,99,1,9,6,6,1,36,7,1798,8,7,TOYOTA PRIUS,3,E01003524,0,-1
2023010436832,2023,010436832,2,9,0,99,99,9,9,99,99,9,9,99,9,99,2,9,6,6,3,-1,-1,1798,8,7,TOYOTA PRIUS,-1,-1,0,-1
2023041366174,2023,041366174,1,9,0,7,7,7,3,0,0,5,0,0,0,0,1,1,6,6,1,82,11,1798,8,7,TOYOTA PRIUS,7,E01025029,0,-1
2023131376381,2023,131376381,2,9,0,18,19,5,5,0,0,8,1,0,0,0,1,1,5,6,1,55,8,1797,8,8,TOYOTA PRIUS,1,E01010622,0,-1
2023622300770,2023,622300770,1,9,0,6,6,6,6,0,0,1,0,0,0,0,3,1,6,6,1,28,6,1497,8,16,TOYOTA PRIUS,2,W01000895,0,-1
2023010429203,2023,010429203,2,9,0,18,19,3,7,0,0,8,1,0,0,0,3,1,2,2,1,37,7,1797,8,6,TOYOTA PRIUS,1,E01001857,0,-1
2023061275200,2023,061275200,2,8,0,5,5,5,1,0,0,2,0,0,0,0,4,1,1,1,1,31,6,1797,8,9,TOYOTA PRIUS,4,E01004978,0,-1
2023010434854,2023,010434854,2,9,0,99,99,9,9,99,99,9,9,99,9,99,1,9,6,6,3,-1,-1,1797,8,4,TOYOTA PRIUS,3,E01002308,0,-1
2023010427015,2023,010427015,2,9,0,99,99,9,9,99,99,9,9,99,9,99,9,9,6,6,3,-1,-1,1497,8,16,TOYOTA PRIUS,-1,-1,0,-1
2023471368323,2023,471368323,3,9,0,17,19,3,3,0,0,0,0,0,0,0,2,1,1,1,1,62,9,1797,8,9,TOYOTA PRIUS,7,E01002424,0,-1
2023010480485,2023,010480485,2,9,0,99,99,9,9,0,0,9,0,0,0,0,9,1,6,6,1,-1,-1,1798,8,7,TOYOTA PRIUS,2,E01003239,0,-1
2023010452975,2023,010452975,1,8,0,99,99,9,9,99,99,9,9,99,9,99,1,9,6,6,3,-1,-1,1798,8,7,TOYOTA PRIUS,-1,-1,0,-1
2023131379414,2023,131379414,1,9,0,7,7,1,3,0,0,2,0,0,0,0,1,1,1,1,1,40,7,1797,8,8,TOYOTA PRIUS,2,E01011424,0,-1
2023010456715,2023,010456715,1,9,9,99,99,9,9,99,99,9,9,99,9,99,9,9,6,6,3,-1,-1,1497,8,14,TOYOTA PRIUS,-1,-1,0,-1
2023010454192,2023,010454192,1,8,0,18,19,3,7,0,0,1,0,0,0,0,1,1,1,1,1,33,6,1798,8,6,TOYOTA PRIUS,7,E01032775,0,-1
2023131330697,2023,131330697,1,9,0,18,19,2,1,0,0,8,0,0,0,0,1,1,1,1,1,35,6,1797,8,10,TOYOTA PRIUS,3,E01010630,0,-1
2023010427907,2023,010427907,2,8,0,18,19,1,5,0,0,8,0,0,0,0,3,1,1,1,1,41,7,1798,8,4,TOYOTA PRIUS,4,E01003090,0,-1
2023010424828,2023,010424828,3,9,0,2,2,0,0,0,0,2,0,0,0,0,1,1,6,6,3,-1,-1,1798,8,6,TOYOTA PRIUS,-1,-1,0,-1
2023041292798,2023,041292798,1,9,0,17,19,1,5,0,0,4,0,0,0,0,1,1,1,1,1,52,8,1797,8,12,TOYOTA PRIUS,1,E01025584,0,-1
2023131284193,2023,131284193,3,9,0,3,3,7,3,0,0,8,0,0,0,0,2,1,6,6,1,39,7,1797,8,10,TOYOTA PRIUS,4,E01011019,0,-1
2023010445515,2023,010445515,1,9,0,6,6,1,1,0,0,1,0,0,0,0,4,1,1,1,2,53,8,1798,8,4,TOYOTA PRIUS,3,E01002105,0,-1
2023010475731,2023,010475731,1,8,0,99,99,9,9,99,99,9,9,99,9,99,9,9,1,1,1,35,6,1798,8,6,TOYOTA PRIUS,2,E01003500,0,-1
2023041360335,2023,041360335,2,9,0,7,7,1,5,0,0,1,0,0,0,0,2,1,5,6,1,48,8,1797,8,13,TOYOTA PRIUS,3,E01025577,0,-1
2023131325417,2023,131325417,2,9,0,2,2,0,0,0,0,8,0,4,0,0,2,1,6,6,3,-1,-1,1797,8,3,TOYOTA PRIUS,-1,-1,0,-1
2023010467083,2023,010467083,1,8,0,9,9,5,3,0,0,8,0,0,0,0,1,1,1,1,1,33,6,1797,8,10,TOYOTA PRIUS,4,E01003715,0,-1
2023010455728,2023,010455728,2,8,0,99,99,9,9,99,99,9,9,99,9,99,1,9,6,6,3,34,6,1797,8,3,TOYOTA PRIUS,-1,-1,0,-1
2023010465251,2023,010465251,2,9,0,1,1,9,9,0,0,5,0,99,0,0,0,9,6,6,3,-1,-1,1797,8,3,TOYOTA PRIUS,-1,-1,0,-1
2023010436928,2023,010436928,2,9,0,99,99,9,9,99,99,9,9,99,9,99,1,9,6,6,3,-1,-1,1798,8,7,TOYOTA PRIUS,-1,-1,0,-1
2023201384360,2023,201384360,1,8,0,7,7,1,3,0,0,3,0,0,0,0,1,1,1,1,1,51,8,1797,8,9,TOYOTA PRIUS,1,E01010031,0,-1
2023052303054,2023,052303054,1,9,0,1,1,7,3,0,0,0,0,0,0,0,2,1,6,6,1,63,9,1497,8,16,TOYOTA PRIUS,1,E01006673,0,-1
2023010456679,2023,010456679,2,9,0,9,9,5,2,0,0,2,0,0,0,0,3,1,1,1,1,60,9,1798,8,1,TOYOTA PRIUS,2,E01001161,0,-1
2023131320052,2023,131320052,1,9,0,18,19,3,7,7,6,8,0,4,1,10,1,1,1,1,1,43,7,1798,8,4,TOYOTA PRIUS,1,E01010731,0,-1
2023131271140,2023,131271140,1,9,0,2,2,1,4,9,9,8,0,0,7,0,0,1,6,6,3,-1,-1,1790,8,8,TOYOTA PRIUS,-1,-1,0,-1
2023201281731,2023,201281731,1,9,0,9,9,1,7,0,0,8,0,0,0,0,1,1,1,1,1,51,8,1797,8,9,TOYOTA PRIUS,1,E01009047,0,-1
2023010450234,2023,010450234,3,9,0,3,3,5,1,0,0,1,0,0,0,0,2,1,6,6,1,41,7,1797,8,9,TOYOTA PRIUS,5,E01002443,0,-1
2023010434553,2023,010434553,3,8,0,4,4,3,7,0,0,1,0,0,0,0,2,1,6,6,1,53,8,1798,8,8,TOYOTA PRIUS,2,E01004140,0,-1
2023010463864,2023,010463864,1,9,0,9,9,3,2,0,0,5,0,0,0,0,4,1,6,6,1,63,9,1797,8,13,TOYOTA PRIUS,1,E01004300,0,-1
2023010476090,2023,010476090,1,9,0,18,19,3,7,0,0,1,0,0,0,0,1,1,1,1,1,35,6,1798,8,5,TOYOTA PRIUS,1,E01001013,0,-1
2023010426833,2023,010426833,2,9,0,6,6,5,5,0,0,0,0,0,0,0,4,1,6,6,1,38,7,1798,8,9,TOYOTA PRIUS,7,E01000298,0,-1
2023471369790,2023,471369790,1,9,0,18,19,7,2,0,0,4,0,0,0,0,1,1,6,6,1,53,8,1798,8,5,TOYOTA PRIUS,3,E01017007,0,-1
2023411342147,2023,411342147,1,9,0,9,9,5,2,0,0,8,0,0,0,0,1,1,1,1,1,62,9,1798,8,2,TOYOTA PRIUS,6,E01015718,0,-1
2023010453452,2023,010453452,1,9,0,2,2,0,0,0,0,2,0,0,0,0,0,2,6,6,3,-1,-1,1790,8,8,TOYOTA PRIUS,-1,-1,0,-1
2023552300768,2023,552300768,2,8,0,4,4,7,3,0,0,0,0,0,0,0,2,1,2,2,1,46,8,1797,8,8,TOYOTA PRIUS,9,E01015453,0,-1
2023332300623,2023,332300623,2,9,0,18,19,2,6,0,0,8,0,0,0,0,3,1,1,1,1,43,7,1797,8,3,TOYOTA PRIUS,1,E01032602,0,-1
2023010442800,2023,010442800,2,9,0,10,10,4,2,0,0,1,0,0,0,0,3,1,6,6,1,62,9,1798,8,11,TOYOTA PRIUS,5,E01001354,0,-1
2023201391324,2023,201391324,2,9,0,4,4,7,3,0,0,1,0,0,0,0,2,1,1,1,1,63,9,1797,8,8,TOYOTA PRIUS,4,E01010007,0,-1
2023201391521,2023,201391521,1,9,0,18,19,2,6,0,0,4,0,0,0,0,1,1,6,6,1,59,9,1797,8,9,TOYOTA PRIUS,4,E01009139,0,-1
2023010465058,2023,010465058,1,8,0,18,19,1,5,0,0,1,0,0,0,0,4,2,1,1,1,50,8,1798,8,8,TOYOTA PRIUS,1,E01004205,0,-1
2023010445388,2023,010445388,1,8,0,3,3,7,3,0,0,1,0,0,0,0,3,1,2,2,1,54,8,1797,8,4,TOYOTA PRIUS,1,E01000508,0,-1
2023010423960,2023,010423960,1,8,0,99,99,9,9,99,99,9,9,99,9,99,2,9,1,1,1,53,8,1797,8,6,TOYOTA PRIUS,5,E01000631,0,-1
2023061371916,2023,061371916,1,8,-1,-1,-1,-1,-1,-1,-1,-1,-1,-1,-1,0,-1,1,6,6,1,-1,-1,1798,8,7,TOYOTA PRIUS,1,E01005235,0,-1
2023010461622,2023,010461622,1,9,0,9,9,1,7,0,0,1,0,0,0,0,1,1,6,6,1,28,6,1797,8,12,TOYOTA PRIUS,3,E01003564,0,-1
2023010481689,2023,010481689,1,9,0,9,9,5,3,0,0,2,0,0,0,0,1,1,1,1,1,21,5,1797,8,6,TOYOTA PRIUS,6,E01004186,0,-1
2023421380975,2023,421380975,3,9,0,4,4,6,2,0,0,0,0,0,0,0,1,1,1,1,1,53,8,1797,8,3,TOYOTA PRIUS,4,E01001683,0,-1
2023052301595,2023,052301595,1,9,0,18,19,1,5,0,0,1,0,0,0,0,1,1,6,6,1,-1,-1,1791,8,12,TOYOTA PRIUS,-1,-1,0,-1
2023010440596,2023,010440596,1,8,0,18,19,3,7,0,0,8,0,0,4,6,4,1,1,1,1,50,8,1798,8,5,TOYOTA PRIUS,2,E01000129,0,-1
2023010425299,2023,010425299,2,9,0,99,99,9,9,99,99,9,9,99,9,99,9,9,6,6,3,-1,-1,1798,8,4,TOYOTA PRIUS,-1,-1,0,-1
2023010478154,2023,010478154,2,9,0,99,99,9,9,99,99,9,9,99,9,99,9,9,6,6,1,37,7,1798,8,7,TOYOTA PRIUS,2,E01001152,0,-1
2023451349558,2023,451349558,2,9,0,3,3,5,1,0,0,0,0,0,0,0,2,1,1,1,1,46,8,1797,8,5,TOYOTA PRIUS,3,E01001324,0,-1
2023010464501,2023,010464501,1,8,0,99,99,9,9,99,99,9,9,99,9,99,9,9,1,1,1,51,8,1798,8,10,TOYOTA PRIUS,4,E01001176,0,-1
2023010477175,2023,010477175,2,8,0,99,99,9,9,99,99,9,9,99,9,99,9,9,6,6,3,37,7,1798,8,9,TOYOTA PRIUS,2,E01004584,0,-1
2023010423601,2023,010423601,2,8,0,99,99,9,9,99,99,9,9,99,9,99,1,9,6,6,3,-1,-1,1798,8,6,TOYOTA PRIUS,-1,-1,0,-1