collision_index,collision_year,collision_ref_no,vehicle_reference,vehicle_type,towing_and_articulation,vehicle_manoeuvre_historic,vehicle_manoeuvre,vehicle_direction_from,vehicle_direction_to,vehicle_location_restricted_lane_historic,vehicle_location_restricted_lane,junction_location,skidding_and_overturning,hit_object_in_carriageway,vehicle_leaving_carriageway,hit_object_off_carriageway,first_point_of_impact,vehicle_left_hand_drive,journey_purpose_of_driver_historic,journey_purpose_of_driver,sex_of_driver,age_of_driver,age_band_of_driver,engine_capacity_cc,propulsion_code,age_of_vehicle,generic_make_model,driver_imd_decile,lsoa_of_driver,escooter_flag,driver_distance_banding
2023010446089,2023,010446089,1,9,0,15,15,6,2,0,0,0,0,0,0,0,4,1,6,6,1,45,7,1797,8,3,TOYOTA PRIUS,1,E01004248,0,-1
2023061367172,2023,061367172,1,9,-1,-1,-1,-1,-1,-1,-1,-1,-1,-1,-1,0,-1,1,6,6,3,-1,-1,1497,8,17,TOYOTA PRIUS,-1,-1,0,-1
2023131324559,2023,131324559,1,8,0,18,19,1,5,0,0,1,0,0,0,0,1,1,6,6,3,-1,-1,1798,8,11,TOYOTA PRIUS,-1,-1,0,-1
2023010444107,2023,010444107,2,9,9,99,99,9,9,99,99,9,9,99,9,99,1,9,6,6,1,51,8,1798,8,5,TOYOTA PRIUS,4,E01003704,0,-1
2023461283523,2023,461283523,2,8,0,6,6,3,6,0,0,0,0,0,0,0,2,1,1,1,1,63,9,1798,8,6,TOYOTA PRIUS,8,E01024261,0,-1
2023201323601,2023,201323601,1,9,0,4,4,8,4,0,0,1,0,0,0,0,2,1,6,6,1,23,5,1797,8,8,TOYOTA PRIUS,1,E01009125,0,-1
2023010426263,2023,010426263,1,9,0,18,19,3,7,0,0,0,0,0,0,0,3,1,6,6,1,56,9,1797,8,10,TOYOTA PRIUS,2,E01001057,0,-1
2023010437285,2023,010437285,2,9,0,5,5,1,5,0,0,5,0,0,0,0,2,1,1,1,1,50,8,1797,8,4,TOYOTA PRIUS,2,E01004584,0,-1
2023010482927,2023,010482927,2,9,0,18,19,1,5,0,0,2,0,0,0,0,1,1,6,6,1,27,6,1497,8,15,TOYOTA PRIUS,3,E01001779,0,-1
2023010445567,2023,010445567,1,9,0,99,99,9,9,99,99,0,9,99,9,99,2,1,6,6,1,36,7,1497,8,17,TOYOTA PRIUS,4,E01000006,0,-1
2023041277096,2023,041277096,2,9,0,5,5,3,7,0,0,8,0,0,0,0,1,1,5,6,1,60,9,1797,8,12,TOYOTA PRIUS,9,E01025488,0,-1
2023041304134,2023,041304134,2,9,0,18,19,3,7,0,0,8,0,0,7,0,4,1,1,1,1,34,6,1798,8,11,TOYOTA PRIUS,1,E01025084,0,-1
2023010423882,2023,010423882,1,8,0,99,99,9,9,99,99,0,9,99,9,99,9,9,1,1,1,46,8,1798,8,10,TOYOTA PRIUS,3,E01002589,0,-1
2023010468867,2023,010468867,3,9,9,99,99,9,9,99,99,0,9,99,9,99,9,9,6,6,3,-1,-1,1791,8,11,TOYOTA PRIUS,5,E01002682,0,-1
2023010419402,2023,010419402,1,9,0,3,3,5,1,0,0,0,0,0,0,0,2,1,6,6,1,38,7,1798,8,5,TOYOTA PRIUS,2,E01001486,0,-1
2023010420921,2023,010420921,2,8,0,99,99,9,9,99,99,0,9,99,9,99,3,9,6,6,1,49,8,1798,8,7,TOYOTA PRIUS,5,E01003681,0,-1
2023010431338,2023,010431338,1,9,0,18,19,3,7,0,0,3,0,0,7,1,1,1,2,2,1,50,8,1797,8,6,TOYOTA PRIUS,3,E01000535,0,-1
2023451263600,2023,451263600,2,9,0,18,19,7,3,0,0,0,0,4,0,0,1,1,5,6,1,46,8,1797,8,6,TOYOTA PRIUS,2,E01017155,0,-1
2023201298381,2023,201298381,1,9,0,3,3,8,4,0,0,1,0,0,0,0,2,1,6,6,1,37,7,1797,8,9,TOYOTA PRIUS,6,E01010075,0,-1
2023010432757,2023,010432757,2,8,0,5,5,1,5,0,0,1,9,0,0,0,1,9,6,6,1,27,6,1797,8,7,TOYOTA PRIUS,5,E01002219,0,-1
2023010440750,2023,010440750,1,8,0,11,11,1,5,0,0,4,0,0,0,0,2,1,6,6,1,54,8,1797,8,10,TOYOTA PRIUS,3,E01000535,0,-1
2023131364823,2023,131364823,1,9,0,9,9,7,5,0,0,0,0,0,0,0,1,1,1,1,1,62,9,1797,8,13,TOYOTA PRIUS,3,E01010629,0,-1
2023201373835,2023,201373835,2,9,0,18,19,7,3,0,0,8,0,0,0,0,1,1,5,6,3,-1,-1,1797,8,11,TOYOTA PRIUS,-1,-1,0,-1
2023201422160,2023,201422160,2,8,0,2,2,0,0,0,0,0,0,0,0,0,3,1,1,1,1,22,5,1797,8,10,TOYOTA PRIUS,1,E01010374,0,-1
2023010480209,2023,010480209,1,8,0,3,3,3,7,0,0,2,0,0,0,0,1,1,1,1,1,42,7,1797,8,5,TOYOTA PRIUS,2,E01000065,0,-1
2023451309448,2023,451309448,1,9,0,18,19,1,4,0,0,1,0,0,0,0,1,1,6,6,1,67,10,1797,8,9,TOYOTA PRIUS,5,E01016518,0,-1
2023401341341,2023,401341341,1,8,0,18,19,-1,-1,0,0,0,0,7,7,0,1,1,1,1,1,-1,-1,1798,8,5,TOYOTA PRIUS,2,E01017519,0,-1
2023010474168,2023,010474168,2,9,9,99,99,9,9,99,99,9,9,99,9,99,1,9,6,6,3,-1,-1,1798,8,7,TOYOTA PRIUS,-1,-1,0,-1
2023010464709,2023,010464709,1,9,0,9,9,5,3,0,0,6,0,0,0,0,1,1,6,6,1,43,7,1797,8,10,TOYOTA PRIUS,2,E01002566,0,-1
2023351273405,2023,351273405,1,9,0,18,19,3,1,0,0,0,0,0,0,0,1,1,1,1,1,42,7,1797,8,3,TOYOTA PRIUS,8,E01016751,0,-1
2023010463264,2023,010463264,2,9,0,9,9,5,3,0,0,1,0,0,0,0,1,1,6,6,3,-1,-1,1798,8,11,TOYOTA PRIUS,-1,-1,0,-1
2023131283194,2023,131283194,1,9,0,18,19,4,8,0,0,4,0,0,0,0,3,1,6,6,1,35,6,1797,8,13,TOYOTA PRIUS,1,E01011429,0,-1
2023461349388,2023,461349388,1,8,0,18,19,5,5,0,0,1,0,0,0,0,4,1,2,2,1,24,5,1797,8,10,TOYOTA PRIUS,8,E01000177,0,-1
2023010470635,2023,010470635,2,9,0,18,19,1,5,0,0,8,0,0,0,0,1,1,2,2,1,42,7,1797,8,12,TOYOTA PRIUS,5,E01002374,0,-1
2023010446238,2023,010446238,1,9,0,9,9,4,1,5,5,5,0,0,7,0,1,1,6,6,2,39,7,1497,8,16,TOYOTA PRIUS,9,E01004632,0,-1
2023010455220,2023,010455220,1,9,0,18,19,7,3,0,0,6,0,0,0,0,1,1,6,6,3,-1,-1,1797,8,12,TOYOTA PRIUS,-1,-1,0,-1
2023010432845,2023,010432845,1,9,0,18,19,7,3,0,0,2,0,0,0,0,1,1,1,1,1,26,6,1798,8,8,TOYOTA PRIUS,5,E01001214,0,-1
2023430564945,2023,430564945,1,8,0,18,19,8,4,0,0,0,0,0,0,0,1,1,1,1,3,-1,-1,1798,8,7,TOYOTA PRIUS,-1,-1,0,-1
2023010439495,2023,010439495,1,9,0,1,1,7,3,2,2,2,0,0,0,0,1,1,6,6,1,33,6,1798,8,6,TOYOTA PRIUS,4,E01002677,0,-1
2023010444178,2023,010444178,1,9,0,18,19,6,2,0,0,0,5,10,1,0,1,1,1,1,1,38,7,1798,8,10,TOYOTA PRIUS,3,E01000195,0,-1
2023201411626,2023,201411626,1,9,0,18,19,2,6,0,0,8,0,0,0,0,1,1,5,6,1,28,6,1797,8,8,TOYOTA PRIUS,1,E01009201,0,-1
2023061375747,2023,061375747,4,8,0,18,19,5,1,0,0,0,0,0,0,0,2,1,1,1,1,30,6,1798,8,9,TOYOTA PRIUS,6,E01004925,0,-1
2023041297090,2023,041297090,2,9,0,18,19,5,1,0,0,1,0,0,0,0,1,1,1,1,1,50,8,1497,8,16,TOYOTA PRIUS,1,E01012578,0,-1
2023010474576,2023,010474576,1,9,0,6,6,3,3,0,0,0,0,0,0,0,1,1,6,6,1,24,5,1798,8,8,TOYOTA PRIUS,2,E01001760,0,-1
2023010444028,2023,010444028,2,9,0,18,19,7,3,0,0,8,1,0,0,0,1,1,6,6,3,-1,-1,1797,8,11,TOYOTA PRIUS,-1,-1,0,-1
2023010445348,2023,010445348,2,9,0,9,9,3,1,9,9,1,0,0,0,0,1,1,6,6,1,45,7,1497,8,20,TOYOTA PRIUS,3,E01000578,0,-1
2023201292336,2023,201292336,1,9,0,18,19,8,4,0,0,6,0,0,0,0,3,1,6,6,1,23,5,1497,8,15,TOYOTA PRIUS,1,E01009379,0,-1
2023010427515,2023,010427515,2,8,0,18,19,3,7,0,0,8,0,0,0,0,3,1,1,1,1,42,7,1798,8,11,TOYOTA PRIUS,3,E01003431,0,-1
2023010461546,2023,010461546,2,9,0,99,99,9,9,99,99,9,9,99,9,99,1,9,6,6,1,48,8,1798,8,7,TOYOTA PRIUS,3,E01015854,0,-1
2023010476910,2023,010476910,2,9,0,99,99,9,9,99,99,9,9,99,9,99,9,9,6,6,3,47,8,1797,8,4,TOYOTA PRIUS,2,E01001161,0,-1
2023010441439,2023,010441439,1,9,0,6,6,3,3,0,0,1,5,0,0,0,1,1,1,1,1,43,7,1797,8,4,TOYOTA PRIUS,2,E01004024,0,-1
2023010436310,2023,010436310,1,9,0,8,8,5,6,0,0,6,0,0,0,0,4,1,6,6,1,45,7,1497,8,16,TOYOTA PRIUS,3,E01000082,0,-1
2023010484954,2023,010484954,2,9,0,7,7,3,5,0,0,5,0,0,0,0,4,1,6,6,3,-1,-1,1798,8,4,TOYOTA PRIUS,-1,-1,0,-1
2023010472451,2023,010472451,2,9,0,99,99,9,9,99,99,9,9,99,9,99,1,9,6,6,3,-1,-1,1798,8,6,TOYOTA PRIUS,-1,-1,0,-1
2023010474528,2023,010474528,1,9,0,99,99,9,9,99,99,9,9,99,9,99,2,9,6,6,1,50,8,1798,8,10,TOYOTA PRIUS,3,E01003563,0,-1
2023351351532,2023,351351532,1,9,0,1,1,3,7,0,0,6,0,0,0,0,2,1,5,6,2,86,11,1797,8,12,TOYOTA PRIUS,8,E01017984,0,-1
2023010457333,2023,010457333,2,8,0,99,99,9,9,99,99,9,9,99,9,99,9,9,6,6,3,-1,-1,1798,8,5,TOYOTA PRIUS,4,E01016710,0,-1
2023010460373,2023,010460373,1,9,0,18,19,1,5,0,0,2,0,0,0,0,1,1,1,1,1,50,8,1797,8,9,TOYOTA PRIUS,-1,-1,0,-1
2023471297064,2023,471297064,1,9,0,9,9,3,5,0,0,4,0,0,0,0,3,1,2,2,1,55,8,1797,8,8,TOYOTA PRIUS,5,E01016963,0,-1
2023010450152,2023,010450152,2,9,0,99,99,9,9,99,99,9,9,99,9,99,9,9,6,6,3,-1,-1,1798,8,4,TOYOTA PRIUS,-1,-1,0,-1
2023141366475,2023,141366475,1,9,0,18,19,4,8,0,0,8,0,0,0,0,4,1,6,6,1,44,7,1790,8,13,TOYOTA PRIUS,6,E01007771,0,-1
2023141370757,2023,141370757,3,9,0,18,19,7,3,0,0,0,0,0,0,0,2,1,5,6,1,53,8,1797,8,3,TOYOTA PRIUS,2,E01008077,0,-1
2023311334101,2023,311334101,2,9,0,18,19,5,1,0,0,0,0,0,0,0,0,1,2,2,1,56,9,1797,8,5,TOYOTA PRIUS,-1,-1,0,-1
2023010465082,2023,010465082,2,9,9,99,99,9,9,99,99,9,9,99,9,99,9,9,6,6,3,-1,-1,1797,8,5,TOYOTA PRIUS,-1,-1,0,-1
2023061270331,2023,061270331,2,9,0,18,19,7,3,0,0,1,0,0,0,0,4,1,5,6,2,61,9,1798,8,7,TOYOTA PRIUS,4,E01005804,0,-1
2023522301799,2023,522301799,1,8,0,18,19,7,3,2,2,8,0,0,1,10,1,1,1,1,1,26,6,1798,8,4,TOYOTA PRIUS,1,E01033358,0,-1
2023401356459,2023,401356459,1,9,0,18,19,3,7,0,0,0,0,0,0,0,2,1,6,6,1,38,7,1797,8,6,TOYOTA PRIUS,4,E01017579,0,-1
2023401362521,2023,401362521,1,8,0,18,19,4,8,0,0,0,0,0,0,0,1,1,1,1,1,31,6,1797,8,12,TOYOTA PRIUS,2,E01015733,0,-1
2023411380817,2023,411380817,2,9,0,4,4,-1,-1,0,0,4,0,0,0,0,1,1,1,1,1,59,9,1798,8,9,TOYOTA PRIUS,9,E01002468,0,-1
2023010437171,2023,010437171,2,9,0,5,5,0,8,0,0,0,0,0,0,0,1,1,6,6,1,30,6,1798,8,4,TOYOTA PRIUS,4,E01002398,0,-1
2023451319677,2023,451319677,2,9,0,18,19,5,1,0,0,0,0,0,0,0,3,1,6,6,1,40,7,1797,8,6,TOYOTA PRIUS,-1,-1,0,-1
2023010434420,2023,010434420,2,9,9,99,99,9,9,99,99,9,9,99,9,99,9,9,6,6,1,-1,-1,1797,8,7,TOYOTA PRIUS,2,E01002637,0,-1
2023131319877,2023,131319877,2,9,0,18,19,1,5,0,0,0,0,0,0,0,1,1,1,1,1,34,6,1791,8,11,TOYOTA PRIUS,2,E01010778,0,-1
2023010429071,2023,010429071,1,9,0,9,9,1,6,9,9,1,0,0,0,0,3,1,6,6,1,57,9,1797,8,4,TOYOTA PRIUS,3,E01004217,0,-1
2023041338337,2023,041338337,2,9,0,18,19,2,6,0,0,0,0,0,0,0,1,1,1,1,1,52,8,1497,8,15,TOYOTA PRIUS,3,E01025246,0,-1
2023010444689,2023,010444689,1,9,0,18,19,7,3,0,0,0,0,0,0,0,1,1,1,1,1,29,6,1797,8,14,TOYOTA PRIUS,3,E01002526,0,-1
2023061276087,2023,061276087,1,8,0,5,5,8,4,0,0,1,0,0,0,0,-1,1,6,6,1,-1,-1,1797,8,12,TOYOTA PRIUS,4,E01005481,0,-1
2023010476053,2023,010476053,1,9,0,99,99,9,9,99,99,9,9,99,9,99,1,9,1,1,1,44,7,1798,8,8,TOYOTA PRIUS,3,E01000035,0,-1
2023201330808,2023,201330808,1,8,0,18,19,6,2,0,0,0,0,0,0,0,1,1,6,6,1,-1,-1,1798,8,10,TOYOTA PRIUS,-1,-1,0,-1
2023471377276,2023,471377276,1,9,0,18,19,3,7,0,0,0,0,4,8,10,1,1,5,6,1,39,7,1798,8,8,TOYOTA PRIUS,5,E01000375,0,-1
2023010451310,2023,010451310,1,8,0,99,99,9,9,99,99,9,9,99,9,99,2,9,1,1,1,39,7,1797,8,6,TOYOTA PRIUS,3,E01000973,0,-1
2023010465033,2023,010465033,1,9,0,7,7,3,5,0,0,6,0,0,0,0,1,1,6,6,1,43,7,1797,8,7,TOYOTA PRIUS,-1,-1,0,-1
2023451334257,2023,451334257,1,8,0,18,19,5,1,0,0,0,0,0,0,0,4,1,5,6,1,40,7,1797,8,12,TOYOTA PRIUS,2,E01001128,0,-1
2023010433441,2023,010433441,2,9,0,99,99,9,9,99,99,9,9,99,9,99,9,9,6,6,1,46,8,1497,8,17,TOYOTA PRIUS,2,E01033601,0,-1
2023010419871,2023,010419871,1,9,0,16,19,5,1,0,0,2,0,0,0,0,1,1,6,6,1,28,6,1797,8,12,TOYOTA PRIUS,2,E01004223,0,-1
2023010432231,2023,010432231,2,8,0,99,99,9,9,99,99,9,9,99,9,99,9,9,6,6,3,-1,-1,1798,8,6,TOYOTA PRIUS,3,E01000404,0,-1
2023010438888,2023,010438888,2,9,0,9,9,1,6,0,0,1,0,0,0,0,3,1,1,1,1,33,6,1798,8,6,TOYOTA PRIUS,-1,-1,0,-1
2023201410763,2023,201410763,1,8,0,18,19,-1,-1,0,0,0,0,4,0,0,1,1,1,1,3,-1,-1,1797,8,8,TOYOTA PRIUS,-1,-1,0,-1
2023010419546,2023,010419546,2,8,9,99,99,9,9,99,99,9,9,99,9,99,1,9,6,6,3,-1,-1,1797,8,11,TOYOTA PRIUS,-1,-1,0,-1
2023061304927,2023,061304927,3,9,0,18,19,4,8,0,0,1,0,0,0,0,2,1,5,6,1,30,6,1497,8,15,TOYOTA PRIUS,3,E01005760,0,-1
2023010437989,2023,010437989,1,8,0,17,19,5,1,0,0,0,0,0,0,0,1,1,1,1,1,65,9,1798,8,1,TOYOTA PRIUS,2,E01001218,0,-1
2023231395876,2023,231395876,2,9,0,18,19,6,2,0,0,8,0,0,0,0,3,1,1,1,1,37,7,1790,8,9,TOYOTA PRIUS,1,E01009093,0,-1
2023010438501,2023,010438501,1,9,0,9,9,5,2,0,0,0,0,0,0,0,1,1,6,6,1,40,7,1798,8,5,TOYOTA PRIUS,4,E01032639,0,-1
2023201391666,2023,201391666,1,8,0,1,1,3,7,9,9,0,0,0,0,0,2,1,1,1,1,-1,-1,1797,8,9,TOYOTA PRIUS,-1,-1,0,-1
2023411274765,2023,411274765,2,9,0,18,19,5,1,0,0,0,0,0,0,0,1,1,6,6,1,39,7,1797,8,3,TOYOTA PRIUS,5,E01002219,0,-1
2023010423818,2023,010423818,1,9,0,18,19,7,3,0,0,0,0,0,0,0,2,1,6,6,1,42,7,1798,8,7,TOYOTA PRIUS,3,E01004356,0,-1
2023461381311,2023,461381311,2,8,0,3,3,1,5,0,0,0,0,0,0,0,4,1,1,1,1,52,8,1798,8,5,TOYOTA PRIUS,7,E01024691,0,-1
2023430078235,2023,430078235,2,8,0,3,3,4,8,0,0,1,0,0,0,0,2,1,1,1,1,50,8,1791,8,11,TOYOTA PRIUS,-1,-1,0,-1
2023201319011,2023,201319011,1,8,0,18,19,7,3,0,0,2,0,0,0,0,1,1,6,6,1,-1,-1,1797,8,9,TOYOTA PRIUS,-1,-1,0,-1
2023010445919,2023,010445919,2,9,0,16,19,8,4,0,0,0,0,0,0,0,3,1,6,6,1,24,5,1797,8,13,TOYOTA PRIUS,2,E01000023,0,-1
2023201378626,2023,201378626,2,9,0,9,9,2,8,0,0,5,0,0,0,0,1,1,6,6,1,34,6,1797,8,6,TOYOTA PRIUS,1,E01010530,0,-1
2023201307484,2023,201307484,2,8,0,16,19,2,5,0,0,8,0,0,0,0,4,1,6,6,1,16,4,1790,8,10,TOYOTA PRIUS,1,E01010054,0,-1
2023010448545,2023,010448545,1,9,0,3,3,3,7,0,0,1,0,0,0,0,1,1,1,1,1,40,7,1798,8,8,TOYOTA PRIUS,5,E01002520,0,-1
2023010445583,2023,010445583,1,9,0,9,9,1,7,0,0,1,0,0,0,0,3,1,1,1,1,47,8,1798,8,6,TOYOTA PRIUS,2,E01001485,0,-1
2023122301352,2023,122301352,1,9,0,9,9,4,2,0,0,6,0,0,0,0,1,1,6,6,3,-1,-1,1790,8,9,TOYOTA PRIUS,-1,-1,0,-1
2023010483432,2023,010483432,2,9,0,99,99,9,9,99,99,9,9,99,9,99,1,9,6,6,3,-1,-1,1797,8,14,TOYOTA PRIUS,-1,-1,0,-1
2023010450235,2023,010450235,2,9,0,18,19,3,7,0,0,1,0,0,0,0,1,1,6,6,1,18,4,1797,8,13,TOYOTA PRIUS,-1,-1,0,-1
2023461313202,2023,461313202,2,8,0,3,3,5,1,0,0,0,0,0,0,0,2,1,1,1,1,51,8,1798,8,6,TOYOTA PRIUS,2,E01024397,0,-1
2023440395618,2023,440395618,2,8,0,18,19,4,8,0,0,1,0,0,0,0,1,1,6,6,1,-1,-1,1797,8,10,TOYOTA PRIUS,-1,-1,0,-1
2023461310817,2023,461310817,1,9,0,18,19,5,1,0,0,0,0,0,0,0,4,1,6,6,2,-1,-1,1797,8,8,TOYOTA PRIUS,2,E01032799,0,-1
2023010485143,2023,010485143,1,9,0,9,9,1,8,0,0,6,1,0,1,0,3,1,6,6,1,43,7,1797,8,11,TOYOTA PRIUS,5,E01002214,0,-1
2023411384350,2023,411384350,1,9,0,7,7,7,1,0,0,1,0,0,0,0,4,1,1,1,1,41,7,1798,8,8,TOYOTA PRIUS,2,E01000023,0,-1
2023131378879,2023,131378879,1,9,0,18,19,3,7,0,0,0,0,0,3,10,1,1,6,6,3,-1,-1,1798,8,11,TOYOTA PRIUS,-1,-1,0,-1
2023010437810,2023,010437810,2,9,0,99,99,9,9,99,99,9,9,99,9,99,9,9,6,6,1,27,6,1798,8,8,TOYOTA PRIUS,4,E01000801,0,-1
2023481355207,2023,481355207,1,8,0,3,3,1,5,0,0,0,0,0,0,0,2,1,1,1,1,59,9,1797,8,5,TOYOTA PRIUS,-1,-1,0,-1
2023010437020,2023,010437020,1,9,0,99,99,9,9,99,99,1,0,99,9,0,9,1,1,1,1,61,9,1798,8,6,TOYOTA PRIUS,2,E01001815,0,-1
2023041374665,2023,041374665,1,9,0,3,3,7,3,0,0,1,0,0,0,0,1,1,1,1,1,44,7,1798,8,6,TOYOTA PRIUS,1,E01024893,0,-1
2023411364589,2023,411364589,2,9,0,18,19,5,1,0,0,0,1,0,0,0,2,1,6,6,1,56,9,1800,8,12,TOYOTA PRIUS,4,E01015712,0,-1
2023010447616,2023,010447616,1,9,0,17,19,3,2,0,0,8,0,0,0,0,1,1,1,1,1,49,8,1798,8,10,TOYOTA PRIUS,3,E01003579,0,-1
2023010426587,2023,010426587,1,8,0,99,99,9,9,99,99,0,9,99,9,99,1,1,6,6,3,-1,-1,1798,8,7,TOYOTA PRIUS,4,E01004569,0,-1
2023010438422,2023,010438422,1,9,0,16,19,8,1,0,0,3,0,0,0,0,4,1,6,6,1,27,6,1797,8,4,TOYOTA PRIUS,-1,-1,0,-1
2023010448309,2023,010448309,2,9,0,99,99,9,9,99,99,0,9,99,9,99,2,9,6,6,3,37,7,1798,8,7,TOYOTA PRIUS,2,E01002608,0,-1
2023010465028,2023,010465028,1,8,0,7,7,6,8,0,0,4,0,0,0,0,1,1,1,1,1,44,7,1798,8,4,TOYOTA PRIUS,3,E01000403,0,-1
2023231352750,2023,231352750,1,9,0,18,19,7,3,0,0,0,0,0,0,0,1,1,1,1,1,45,7,1797,8,5,TOYOTA PRIUS,6,E01031130,0,-1
2023131324726,2023,131324726,1,9,0,18,19,5,1,0,0,1,1,7,7,3,4,1,1,1,1,44,7,1791,8,11,TOYOTA PRIUS,1,E01011625,0,-1
2023231289349,2023,231289349,1,9,0,13,13,5,1,0,0,1,0,0,0,0,1,1,6,6,1,46,8,1797,8,7,TOYOTA PRIUS,2,E01009656,0,-1
2023430282637,2023,430282637,1,8,0,7,7,1,2,0,0,8,0,10,7,2,1,1,1,1,1,23,5,1798,8,1,TOYOTA PRIUS,1,E01028576,0,-1
2023421369863,2023,421369863,2,9,0,18,19,1,5,0,0,8,0,0,0,0,3,1,1,1,1,46,8,1797,8,6,TOYOTA PRIUS,3,E01015877,0,-1
2023010464330,2023,010464330,2,8,0,11,11,3,7,0,0,0,0,0,0,0,3,1,6,6,1,30,6,1797,8,9,TOYOTA PRIUS,1,E01002026,0,-1
2023061331498,2023,061331498,1,8,0,1,1,-1,-1,0,0,0,0,0,0,0,0,1,1,1,1,-1,-1,1797,8,8,TOYOTA PRIUS,-1,-1,0,-1
2023451312231,2023,451312231,1,9,0,17,19,5,2,0,0,1,0,0,0,0,3,1,1,1,1,54,8,1797,8,10,TOYOTA PRIUS,5,E01030724,0,-1
2023010438565,2023,010438565,2,9,0,99,99,9,9,99,99,9,9,99,9,99,1,9,6,6,3,-1,-1,1497,8,16,TOYOTA PRIUS,-1,-1,0,-1
2023131273898,2023,131273898,1,9,0,7,7,1,5,0,0,8,0,0,0,0,4,1,5,6,2,51,8,1797,8,13,TOYOTA PRIUS,7,E01011595,0,-1
2023010467887,2023,010467887,3,9,0,99,99,9,9,99,99,9,9,99,9,99,2,9,6,6,1,-1,-1,1798,8,8,TOYOTA PRIUS,2,E01016463,0,-1
2023122300992,2023,122300992,2,8,0,18,19,3,6,0,0,4,0,0,1,0,1,2,1,1,1,26,6,1798,8,8,TOYOTA PRIUS,3,E01010835,0,-1
2023010479066,2023,010479066,1,9,0,99,99,9,9,99,99,9,9,99,9,99,9,9,6,6,1,42,7,1798,8,6,TOYOTA PRIUS,2,E01004574,0,-1
2023061290309,2023,061290309,1,8,0,18,19,5,1,0,0,2,0,0,0,0,3,1,1,1,1,42,7,1497,8,16,TOYOTA PRIUS,5,E01004831,0,-1
2023461363669,2023,461363669,3,9,0,3,3,7,3,0,0,8,0,0,0,0,2,1,6,6,1,30,6,1497,8,18,TOYOTA PRIUS,9,E01024343,0,-1
2023010474731,2023,010474731,1,9,0,18,19,7,3,0,0,2,0,0,0,0,1,1,1,1,1,41,7,1798,8,10,TOYOTA PRIUS,8,E01002210,0,-1
2023340WN4552,2023,340WN4552,1,8,0,18,19,3,7,0,0,2,0,0,0,0,1,1,1,1,1,43,7,1798,8,8,TOYOTA PRIUS,1,E01032978,0,-1
2023010424383,2023,010424383,2,9,0,99,99,9,9,99,99,9,9,99,9,99,1,9,6,6,3,-1,-1,1798,8,7,TOYOTA PRIUS,-1,-1,0,-1
2023131294610,2023,131294610,1,9,0,18,19,6,2,0,0,0,0,0,0,0,3,1,1,1,1,61,9,1797,8,13,TOYOTA PRIUS,1,E01010679,0,-1
2023010460646,2023,010460646,1,9,0,18,19,3,7,0,0,0,0,0,0,0,1,1,2,2,1,36,7,1797,8,12,TOYOTA PRIUS,2,E01004321,0,-1
2023010483126,2023,010483126,2,9,0,18,19,4,8,0,0,0,0,0,0,0,4,1,1,1,1,58,9,1798,8,6,TOYOTA PRIUS,1,E01016019,0,-1
2023430521023,2023,430521023,1,9,0,18,19,3,8,0,0,4,0,0,0,0,1,1,6,6,2,71,10,1798,8,6,TOYOTA PRIUS,9,E01028433,0,-1
2023411373980,2023,411373980,1,9,0,1,1,7,3,0,0,6,0,0,0,0,4,1,1,1,1,61,9,1797,8,10,TOYOTA PRIUS,6,E01030714,0,-1
2023010458501,2023,010458501,2,9,0,99,99,9,9,99,99,9,9,99,9,99,1,9,6,6,3,31,6,1797,8,10,TOYOTA PRIUS,4,E01001176,0,-1
2023430001889,2023,430001889,1,8,0,9,9,3,1,0,0,2,0,0,0,0,1,1,1,1,1,45,7,1797,8,3,TOYOTA PRIUS,-1,-1,0,-1
2023451296843,2023,451296843,2,9,0,18,19,5,1,0,0,1,0,0,1,0,1,1,6,6,2,32,6,1497,8,15,TOYOTA PRIUS,8,E01002915,0,-1
2023122301008,2023,122301008,1,9,0,18,19,8,4,0,0,1,0,0,0,0,1,1,1,1,1,49,8,1797,8,12,TOYOTA PRIUS,1,E01010701,0,-1
2023010454309,2023,010454309,1,9,0,18,19,1,5,8,6,1,0,4,0,0,1,1,2,2,2,42,7,1798,8,11,TOYOTA PRIUS,4,E01003389,0,-1
2023131379593,2023,131379593,5,9,0,18,19,7,3,0,0,0,0,0,0,0,4,1,1,1,1,39,7,1798,8,11,TOYOTA PRIUS,4,E01010801,0,-1
2023401318583,2023,401318583,2,9,0,2,2,1,2,0,0,1,0,0,0,0,4,1,5,6,1,44,7,1798,8,10,TOYOTA PRIUS,7,E01015694,0,-1
2023440301034,2023,440301034,2,9,0,2,2,0,0,0,0,1,0,0,0,0,3,1,6,6,1,23,5,1797,8,12,TOYOTA PRIUS,-1,-1,0,-1
2023371261467,2023,371261467,2,9,0,18,19,3,1,0,0,0,0,0,0,0,2,1,1,1,1,39,7,1797,8,12,TOYOTA PRIUS,4,E01030028,0,-1
2023052302884,2023,052302884,2,8,0,18,19,8,4,0,0,1,0,0,0,0,3,1,1,1,1,35,6,1497,8,14,TOYOTA PRIUS,1,E01006790,0,-1
2023010486477,2023,010486477,2,9,0,18,19,3,7,0,0,2,0,0,0,0,1,1,6,6,1,65,9,1798,8,5,TOYOTA PRIUS,2,E01000087,0,-1
2023010446249,2023,010446249,1,9,0,18,19,3,7,0,0,1,0,0,0,0,4,1,2,2,1,45,7,1799,8,6,TOYOTA PRIUS,7,E01001600,0,-1
2023471315070,2023,471315070,1,9,0,18,19,6,2,0,0,1,0,0,0,0,1,1,6,6,3,-1,-1,1797,8,10,TOYOTA PRIUS,-1,-1,0,-1
2023010432527,2023,010432527,1,9,9,99,99,9,9,99,99,9,9,99,9,99,9,9,6,6,1,39,7,1497,8,22,TOYOTA PRIUS,2,E01000013,0,-1