collision_index,collision_year,collision_ref_no,vehicle_reference,vehicle_type,towing_and_articulation,vehicle_manoeuvre_historic,vehicle_manoeuvre,vehicle_direction_from,vehicle_direction_to,vehicle_location_restricted_lane_historic,vehicle_location_restricted_lane,junction_location,skidding_and_overturning,hit_object_in_carriageway,vehicle_leaving_carriageway,hit_object_off_carriageway,first_point_of_impact,vehicle_left_hand_drive,journey_purpose_of_driver_historic,journey_purpose_of_driver,sex_of_driver,age_of_driver,age_band_of_driver,engine_capacity_cc,propulsion_code,age_of_vehicle,generic_make_model,driver_imd_decile,lsoa_of_driver,escooter_flag,driver_distance_banding
2023201400859,2023,201400859,2,9,0,18,19,8,6,0,0,8,0,0,0,0,4,1,6,6,1,-1,-1,1497,8,16,TOYOTA PRIUS,-1,-1,0,-1
2023340WN2382,2023,340WN2382,1,8,0,5,5,2,6,0,0,1,0,0,0,0,3,1,1,1,1,40,7,1797,8,12,TOYOTA PRIUS,1,E01027310,0,-1
2023010471055,2023,010471055,1,9,0,4,4,7,3,0,0,2,0,0,0,0,2,1,6,6,1,22,5,1797,8,13,TOYOTA PRIUS,3,E01003532,0,-1
2023131333653,2023,131333653,1,8,0,-1,-1,-1,-1,-1,-1,-1,-1,-1,-1,-1,-1,1,6,6,3,-1,-1,1798,8,6,TOYOTA PRIUS,-1,-1,0,-1
2023010444516,2023,010444516,2,9,0,99,99,9,9,99,99,9,9,99,9,99,0,9,6,6,1,49,8,1798,8,6,TOYOTA PRIUS,3,E01004208,0,-1
2023010454903,2023,010454903,1,9,0,99,99,9,9,99,99,9,9,99,9,99,2,9,1,1,1,32,6,1798,8,6,TOYOTA PRIUS,2,E01001976,0,-1
2023010435973,2023,010435973,2,9,9,99,99,9,9,99,99,9,9,99,9,99,9,9,6,6,3,44,7,1797,8,10,TOYOTA PRIUS,2,E01000483,0,-1
2023201384046,2023,201384046,1,8,0,18,19,8,4,0,0,1,0,0,0,0,1,1,6,6,1,-1,-1,1790,8,5,TOYOTA PRIUS,-1,-1,0,-1
2023010438892,2023,010438892,4,9,0,18,19,1,5,0,0,0,0,0,0,0,3,1,1,1,1,50,8,1798,8,8,TOYOTA PRIUS,3,E01001981,0,-1
2023440512195,2023,440512195,2,9,0,18,19,6,2,0,0,0,0,0,0,0,1,1,1,1,1,47,8,1797,8,7,TOYOTA PRIUS,3,E01017266,0,-1
2023010475417,2023,010475417,1,9,0,18,19,5,1,0,0,8,0,0,0,0,1,1,1,1,1,49,8,1798,8,8,TOYOTA PRIUS,1,E01003070,0,-1
2023010448886,2023,010448886,2,9,0,99,99,9,9,99,99,9,9,99,9,99,1,9,6,6,3,-1,-1,1797,8,12,TOYOTA PRIUS,5,E01002769,0,-1
2023070821527,2023,070821527,2,9,0,5,5,8,4,0,0,2,0,0,0,0,3,1,1,1,1,56,9,1797,8,14,TOYOTA PRIUS,7,E01012501,0,-1
2023010470764,2023,010470764,1,9,0,5,5,5,1,0,0,2,0,0,1,0,1,1,6,6,2,50,8,1798,8,9,TOYOTA PRIUS,3,E01003405,0,-1
2023052400035,2023,052400035,1,9,0,6,6,3,3,0,0,0,0,0,0,0,3,1,6,6,1,-1,-1,1797,8,6,TOYOTA PRIUS,-1,-1,0,-1
2023041313930,2023,041313930,2,9,0,18,19,3,7,0,0,1,0,0,0,0,1,1,5,6,1,37,7,1497,8,15,TOYOTA PRIUS,1,E01025295,0,-1
2023451263161,2023,451263161,1,9,0,9,9,5,1,0,0,1,0,0,0,0,4,1,1,1,1,53,8,1798,8,10,TOYOTA PRIUS,3,E01003785,0,-1
2023010439194,2023,010439194,2,9,0,99,99,9,9,99,99,0,9,99,9,99,9,9,6,6,3,-1,-1,1798,8,10,TOYOTA PRIUS,-1,-1,0,-1
2023451356145,2023,451356145,2,9,0,18,19,3,1,0,0,1,0,0,0,0,2,1,6,6,1,35,6,1798,8,5,TOYOTA PRIUS,-1,-1,0,-1
2023010423565,2023,010423565,1,9,0,7,7,8,2,5,5,0,0,0,0,0,1,1,1,1,1,49,8,1798,8,3,TOYOTA PRIUS,2,E01002033,0,-1
2023131279011,2023,131279011,2,9,0,2,2,0,0,0,0,0,0,0,0,0,0,1,6,6,3,-1,-1,1497,8,16,TOYOTA PRIUS,-1,-1,0,-1
2023010452123,2023,010452123,1,9,0,18,19,5,1,0,0,4,0,0,1,2,1,1,6,6,1,30,6,1797,8,10,TOYOTA PRIUS,4,E01001234,0,-1
2023010453654,2023,010453654,1,9,0,13,13,1,5,0,0,0,0,0,0,0,1,1,6,6,3,-1,-1,1797,8,9,TOYOTA PRIUS,3,E01000522,0,-1
2023010448271,2023,010448271,2,9,0,15,15,3,7,0,0,1,0,0,0,0,1,1,1,1,1,-1,-1,1797,8,8,TOYOTA PRIUS,-1,-1,0,-1
2023041368028,2023,041368028,1,9,0,1,1,7,3,0,0,1,0,0,0,0,2,1,5,6,1,49,8,1497,8,15,TOYOTA PRIUS,2,E01025247,0,-1
2023010475867,2023,010475867,1,8,0,18,19,7,3,0,0,1,0,0,0,0,1,1,6,6,1,46,8,1798,8,5,TOYOTA PRIUS,2,E01003196,0,-1
2023010462410,2023,010462410,1,9,0,9,9,1,7,0,0,1,0,0,0,0,0,1,6,6,1,56,9,1497,8,15,TOYOTA PRIUS,1,E01004088,0,-1
2023010428938,2023,010428938,2,9,0,99,99,9,9,99,99,0,9,99,9,99,9,9,6,6,3,-1,-1,1797,8,12,TOYOTA PRIUS,-1,-1,0,-1
2023010455338,2023,010455338,1,9,0,18,19,8,4,0,0,8,1,0,0,0,4,1,1,1,1,41,7,1797,8,7,TOYOTA PRIUS,-1,-1,0,-1
2023010443160,2023,010443160,2,9,0,99,99,9,9,99,99,9,9,99,9,99,2,9,6,6,3,-1,-1,1497,8,14,TOYOTA PRIUS,-1,-1,0,-1
2023010420595,2023,010420595,1,9,0,99,99,9,9,99,99,9,9,99,9,99,9,9,6,6,1,37,7,1797,8,13,TOYOTA PRIUS,3,E01003788,0,-1
2023010459952,2023,010459952,2,9,0,7,7,3,6,0,0,1,0,0,1,0,0,1,1,1,1,43,7,1798,8,9,TOYOTA PRIUS,4,E01033590,0,-1
2023010431841,2023,010431841,2,9,0,99,99,9,9,99,99,9,9,99,9,99,1,9,6,6,3,-1,-1,1798,8,4,TOYOTA PRIUS,2,E01001716,0,-1
2023010448698,2023,010448698,2,9,0,99,99,9,9,99,99,0,9,99,9,99,1,9,6,6,3,-1,-1,1795,8,11,TOYOTA PRIUS,-1,-1,0,-1
2023302300979,2023,302300979,1,8,0,18,19,5,1,0,0,2,0,4,0,0,4,1,1,1,1,37,7,1797,1,5,TOYOTA PRIUS,9,E01013543,0,-1
2023010437429,2023,010437429,2,8,0,99,99,9,9,99,99,9,9,99,9,99,1,9,6,6,3,-1,-1,1798,8,10,TOYOTA PRIUS,2,E01002493,0,-1
2023010438520,2023,010438520,2,9,0,9,9,5,3,0,0,8,0,0,0,0,3,1,1,1,1,31,6,1798,8,7,TOYOTA PRIUS,3,E01000043,0,-1
2023052302529,2023,052302529,1,8,0,18,19,2,6,0,0,0,0,0,0,0,1,1,6,6,1,49,8,1798,8,6,TOYOTA PRIUS,4,E01007160,0,-1
2023211344088,2023,211344088,2,9,0,9,9,2,6,0,0,0,0,0,0,0,4,1,1,1,1,56,9,1797,8,9,TOYOTA PRIUS,-1,-1,0,-1
2023430208214,2023,430208214,1,9,0,13,13,5,8,0,0,0,0,0,0,0,1,1,6,6,1,19,4,1797,8,13,TOYOTA PRIUS,6,E01017911,0,-1
2023010428786,2023,010428786,1,9,0,5,5,0,1,0,0,0,0,0,0,11,1,1,6,6,1,85,11,1798,8,8,TOYOTA PRIUS,-1,-1,0,-1
2023010462298,2023,010462298,2,9,9,99,99,9,9,99,99,9,9,99,9,99,9,9,6,6,1,50,8,1797,8,7,TOYOTA PRIUS,6,E01002331,0,-1
2023201287177,2023,201287177,2,9,0,18,19,3,7,0,0,8,0,0,0,0,4,1,1,1,1,46,8,1797,8,3,TOYOTA PRIUS,1,E01009841,0,-1
2023010460152,2023,010460152,1,9,0,9,9,5,3,0,0,8,0,0,0,0,1,1,1,1,1,33,6,1798,8,9,TOYOTA PRIUS,7,E01001304,0,-1
2023010437306,2023,010437306,2,9,9,6,6,5,5,99,99,9,9,0,0,0,2,9,6,6,1,33,6,1798,8,8,TOYOTA PRIUS,1,E01002800,0,-1
2023010471458,2023,010471458,1,9,0,9,9,7,5,0,0,2,0,0,0,0,1,2,1,1,1,61,9,1798,8,8,TOYOTA PRIUS,2,E01003578,0,-1
2023010476147,2023,010476147,1,8,0,99,99,9,9,0,0,1,0,0,0,0,2,9,1,1,1,29,6,1798,8,8,TOYOTA PRIUS,3,E01000024,0,-1
2023010431497,2023,010431497,1,9,0,18,19,3,7,0,0,0,0,0,0,0,1,1,2,2,1,39,7,1798,8,6,TOYOTA PRIUS,5,E01000593,0,-1
2023141323786,2023,141323786,1,9,0,5,5,7,3,0,0,8,5,0,0,0,4,1,1,1,1,37,7,1798,8,1,TOYOTA PRIUS,1,E01011349,0,-1
2023041291978,2023,041291978,1,9,0,18,19,3,7,0,0,2,0,0,0,0,1,1,5,6,1,20,4,1497,8,16,TOYOTA PRIUS,2,E01025060,0,-1
2023010482801,2023,010482801,1,9,0,18,19,8,4,0,0,0,0,0,0,0,1,1,6,6,1,56,9,1798,8,8,TOYOTA PRIUS,4,E01003053,0,-1
2023461374332,2023,461374332,2,9,0,18,19,7,3,0,0,0,0,0,0,0,2,1,6,6,1,28,6,1797,8,4,TOYOTA PRIUS,4,E01001182,0,-1
2023552300941,2023,552300941,1,9,0,18,19,8,4,0,0,6,0,0,0,0,1,1,6,6,1,33,6,1797,8,12,TOYOTA PRIUS,10,E01015315,0,-1
2023041335834,2023,041335834,2,9,0,3,3,5,1,0,0,1,0,0,0,0,2,1,6,6,1,41,7,1798,8,8,TOYOTA PRIUS,1,E01025188,0,-1
2023010478981,2023,010478981,1,8,0,17,19,3,7,9,9,2,0,0,1,11,1,1,2,2,1,48,8,1798,8,6,TOYOTA PRIUS,2,E01003137,0,-1
2023010449305,2023,010449305,2,9,0,99,99,9,9,99,99,9,9,99,9,99,1,9,6,6,1,-1,-1,1798,8,7,TOYOTA PRIUS,-1,-1,0,-1
2023010478164,2023,010478164,2,9,0,99,99,9,9,99,99,9,9,99,9,99,9,9,6,6,3,43,7,1798,8,5,TOYOTA PRIUS,2,E01002097,0,-1
2023010443669,2023,010443669,1,9,9,99,99,9,9,0,0,8,0,99,0,0,1,1,6,6,1,-1,-1,1797,8,10,TOYOTA PRIUS,2,E01003623,0,-1
2023010436532,2023,010436532,2,9,0,3,3,3,7,0,0,0,0,0,0,0,4,1,6,6,1,40,7,1798,8,11,TOYOTA PRIUS,2,E01032772,0,-1
2023010431675,2023,010431675,1,9,0,18,19,3,7,0,0,8,0,0,0,0,1,1,6,6,1,57,9,1798,8,8,TOYOTA PRIUS,4,E01002576,0,-1
2023010436665,2023,010436665,1,8,0,18,19,3,7,0,0,8,0,11,0,0,1,1,1,1,1,43,7,1798,8,4,TOYOTA PRIUS,-1,-1,0,-1
2023071069445,2023,071069445,1,8,0,17,19,4,8,0,0,4,0,0,0,0,1,1,1,1,1,48,8,1797,8,5,TOYOTA PRIUS,-1,-1,0,-1
2023010422814,2023,010422814,1,8,0,18,19,3,7,0,0,1,0,0,0,0,1,1,2,2,1,49,8,1790,8,7,TOYOTA PRIUS,2,E01001460,0,-1
2023010440393,2023,010440393,2,9,0,99,99,9,9,99,99,9,9,99,9,99,1,1,6,6,3,-1,-1,1797,8,13,TOYOTA PRIUS,-1,-1,0,-1
2023311391885,2023,311391885,3,9,0,18,19,5,1,0,0,0,0,0,0,0,0,1,1,1,1,45,7,1798,8,7,TOYOTA PRIUS,6,E01013978,0,-1
2023201315838,2023,201315838,1,9,0,18,19,4,1,0,0,0,0,10,1,11,4,1,6,6,1,55,8,1798,8,6,TOYOTA PRIUS,1,E01009195,0,-1
2023161351103,2023,161351103,1,9,0,18,19,7,3,0,0,0,0,0,0,0,1,1,1,1,1,37,7,1798,8,6,TOYOTA PRIUS,9,E01012955,0,-1
2023411395128,2023,411395128,1,9,0,18,19,1,5,0,0,1,0,0,0,0,2,1,2,2,1,74,10,1797,8,9,TOYOTA PRIUS,2,E01015760,0,-1
2023010446858,2023,010446858,1,9,0,99,99,9,9,99,99,9,9,99,9,99,9,9,6,6,1,55,8,1797,8,10,TOYOTA PRIUS,5,E01016151,0,-1
2023010466021,2023,010466021,1,9,0,3,3,1,5,0,0,2,0,0,0,0,4,1,1,1,1,55,8,1797,8,4,TOYOTA PRIUS,3,E01003180,0,-1
2023052301002,2023,052301002,1,8,0,5,5,3,7,0,0,0,0,0,0,0,1,1,6,6,1,38,7,1797,8,13,TOYOTA PRIUS,3,E01006996,0,-1
2023010439315,2023,010439315,2,9,0,99,99,9,9,99,99,9,9,99,9,99,9,9,6,6,3,54,8,1798,8,8,TOYOTA PRIUS,7,E01030851,0,-1
2023010422666,2023,010422666,1,8,0,99,99,9,9,99,99,9,9,99,9,99,1,9,6,6,3,53,8,1798,8,5,TOYOTA PRIUS,4,E01003702,0,-1
2023010444539,2023,010444539,2,9,0,99,99,9,9,99,99,0,9,99,9,99,9,9,6,6,3,-1,-1,1798,8,7,TOYOTA PRIUS,2,E01001726,0,-1
2023421286967,2023,421286967,2,9,0,3,3,6,2,0,0,0,0,0,0,0,2,1,5,6,2,28,6,1798,8,1,TOYOTA PRIUS,5,E01031190,0,-1
2023061266687,2023,061266687,2,9,0,3,3,1,5,0,0,1,0,0,0,0,2,1,3,7,1,42,7,1497,8,15,TOYOTA PRIUS,1,E01005579,0,-1
2023010435258,2023,010435258,2,9,0,99,99,9,9,99,99,0,9,99,9,99,9,9,6,6,3,-1,-1,1798,8,11,TOYOTA PRIUS,-1,-1,0,-1
2023061352530,2023,061352530,2,9,0,2,2,0,0,0,0,0,0,0,0,0,1,1,6,6,1,49,8,1797,8,13,TOYOTA PRIUS,1,E01004826,0,-1
2023010429627,2023,010429627,1,8,9,99,99,9,9,99,99,9,9,99,9,99,9,9,1,1,1,54,8,1797,8,4,TOYOTA PRIUS,6,E01001341,0,-1
2023401346900,2023,401346900,1,8,0,18,19,8,4,0,0,4,0,0,0,0,1,1,1,1,1,59,9,1497,8,16,TOYOTA PRIUS,4,E01015784,0,-1
2023501277751,2023,501277751,1,9,0,7,7,7,1,0,0,1,0,0,0,0,1,1,6,6,1,61,9,1497,8,18,TOYOTA PRIUS,6,E01018803,0,-1
2023052301455,2023,052301455,2,8,0,18,19,1,5,0,0,8,0,0,0,0,3,1,1,1,1,31,6,1797,8,6,TOYOTA PRIUS,1,E01006697,0,-1
2023010447666,2023,010447666,1,9,9,18,19,1,5,0,0,9,9,99,9,99,9,9,6,6,2,49,8,1798,8,4,TOYOTA PRIUS,3,E01003992,0,-1
2023010426392,2023,010426392,1,8,0,18,19,5,1,0,0,2,0,0,0,0,4,1,1,1,1,57,9,1797,8,7,TOYOTA PRIUS,1,E01001740,0,-1
2023501313046,2023,501313046,1,8,0,18,19,2,4,0,0,0,0,0,0,0,4,1,1,1,1,62,9,1797,8,13,TOYOTA PRIUS,5,E01020149,0,-1
2023131322890,2023,131322890,1,9,0,14,14,2,4,0,0,1,0,11,0,0,1,1,1,1,1,44,7,1798,8,9,TOYOTA PRIUS,1,E01010841,0,-1
2023010453879,2023,010453879,1,9,0,99,99,9,9,99,99,9,9,99,9,99,1,9,6,6,1,32,6,1798,8,5,TOYOTA PRIUS,3,E01000502,0,-1
2023061361288,2023,061361288,1,9,0,5,5,5,7,0,0,1,0,0,0,0,3,1,6,6,3,30,6,1790,8,9,TOYOTA PRIUS,-1,-1,0,-1
2023201338782,2023,201338782,2,9,0,18,19,6,3,0,0,8,0,0,0,0,1,1,1,1,1,47,8,1797,8,8,TOYOTA PRIUS,6,E01010177,0,-1
2023010466284,2023,010466284,1,9,0,6,6,5,5,0,0,0,0,0,0,0,3,1,2,2,1,47,8,1797,8,4,TOYOTA PRIUS,4,E01000112,0,-1
2023010444222,2023,010444222,1,8,0,9,9,3,8,0,0,8,0,0,0,0,1,1,1,1,1,51,8,1798,8,9,TOYOTA PRIUS,2,E01003498,0,-1
2023010477538,2023,010477538,1,9,0,12,12,8,4,0,0,0,0,0,0,0,1,1,6,6,1,43,7,1798,8,11,TOYOTA PRIUS,-1,-1,0,-1
2023010477423,2023,010477423,1,8,0,99,99,9,9,99,99,0,9,99,9,99,9,9,1,1,1,28,6,1798,8,9,TOYOTA PRIUS,2,E01003566,0,-1
2023201327819,2023,201327819,2,9,0,4,4,5,1,0,0,0,0,0,0,0,2,1,6,6,2,78,11,1797,8,3,TOYOTA PRIUS,1,E01010415,0,-1
2023041331550,2023,041331550,1,9,0,18,19,1,5,0,0,0,0,0,0,0,1,1,6,6,2,55,8,1798,8,10,TOYOTA PRIUS,1,E01012577,0,-1
2023302301158,2023,302301158,1,8,0,5,5,5,1,0,0,2,0,0,0,0,4,1,1,1,3,-1,-1,1798,8,5,TOYOTA PRIUS,5,E01019456,0,-1
2023010427029,2023,010427029,1,8,0,4,4,1,5,0,0,1,0,0,0,0,2,1,1,1,1,30,6,1797,8,6,TOYOTA PRIUS,4,E01016457,0,-1
2023340NN0732,2023,340NN0732,2,9,0,18,19,2,6,0,0,1,0,0,0,0,1,1,1,1,1,34,6,1797,8,11,TOYOTA PRIUS,1,E01027199,0,-1
2023201400745,2023,201400745,2,9,0,9,9,4,3,0,0,5,0,0,0,0,1,1,6,6,1,28,6,1798,8,11,TOYOTA PRIUS,1,E01010076,0,-1
2023131280516,2023,131280516,1,9,0,18,19,5,1,0,0,8,0,0,0,0,1,1,5,6,1,50,8,1797,8,13,TOYOTA PRIUS,1,E01010622,0,-1
2023010423915,2023,010423915,1,8,0,18,19,7,3,0,0,0,0,0,0,0,3,1,1,1,1,65,9,1798,8,8,TOYOTA PRIUS,2,E01000040,0,-1
2023201377753,2023,201377753,1,9,0,3,3,1,5,0,0,0,0,0,0,0,2,1,6,6,2,50,8,1797,8,8,TOYOTA PRIUS,2,E01009017,0,-1
2023010421717,2023,010421717,2,9,0,18,19,5,1,99,99,9,9,0,0,0,2,9,6,6,1,65,9,1798,8,6,TOYOTA PRIUS,2,E01003032,0,-1
2023041302134,2023,041302134,2,9,0,9,9,7,3,0,0,8,0,0,7,0,4,1,1,1,1,65,9,1497,8,17,TOYOTA PRIUS,2,E01025060,0,-1
2023430226803,2023,430226803,2,9,0,9,9,3,1,0,0,8,0,0,0,0,3,1,6,6,2,54,8,1798,8,10,TOYOTA PRIUS,6,E01017795,0,-1
2023052300847,2023,052300847,2,9,0,18,19,1,5,0,0,8,0,0,0,0,3,1,6,6,1,17,4,1798,8,9,TOYOTA PRIUS,3,E01006743,0,-1
2023010454288,2023,010454288,2,9,9,99,99,9,9,99,99,9,9,99,9,99,9,9,6,6,3,-1,-1,1798,8,7,TOYOTA PRIUS,-1,-1,0,-1
2023010455623,2023,010455623,1,8,0,99,99,9,9,99,99,9,9,99,9,99,2,9,1,1,1,29,6,1798,8,6,TOYOTA PRIUS,6,E01003646,0,-1
2023411274452,2023,411274452,1,9,0,18,19,1,5,0,0,0,0,0,0,0,1,1,6,6,1,-1,-1,1797,8,9,TOYOTA PRIUS,-1,-1,0,-1
2023010452703,2023,010452703,2,8,0,18,19,3,7,0,0,1,0,0,0,0,0,1,1,1,1,43,7,1797,8,4,TOYOTA PRIUS,2,E01003508,0,-1
2023451311445,2023,451311445,1,9,0,18,19,5,1,0,0,0,0,10,8,0,1,1,6,6,1,37,7,1798,8,11,TOYOTA PRIUS,7,E01016495,0,-1
2023131272583,2023,131272583,2,9,0,18,19,7,3,0,0,0,0,0,1,4,1,1,1,1,1,35,6,1798,8,8,TOYOTA PRIUS,2,E01011167,0,-1
2023010423729,2023,010423729,1,8,0,15,15,7,3,0,0,8,0,0,0,0,1,1,1,1,1,31,6,1798,8,4,TOYOTA PRIUS,4,E01030709,0,-1
2023010440336,2023,010440336,1,9,0,18,19,1,5,0,0,1,0,0,0,0,1,1,6,6,1,46,8,1797,8,9,TOYOTA PRIUS,2,E01001943,0,-1
2023440186284,2023,440186284,1,9,0,18,19,7,3,0,0,1,0,0,0,0,1,1,1,1,2,55,8,1497,8,15,TOYOTA PRIUS,8,E01023080,0,-1
2023010459086,2023,010459086,1,9,0,18,19,4,8,0,0,0,0,0,0,0,0,1,6,6,1,21,5,1797,8,14,TOYOTA PRIUS,2,E01004238,0,-1
2023471313507,2023,471313507,3,9,0,12,12,7,3,0,0,0,0,0,0,0,1,1,5,6,2,46,8,1798,8,8,TOYOTA PRIUS,5,E01016577,0,-1
2023010453831,2023,010453831,3,9,0,3,3,5,1,0,0,2,0,0,0,0,3,1,1,1,1,41,7,1798,8,6,TOYOTA PRIUS,7,E01001537,0,-1
2023010458295,2023,010458295,1,9,0,3,3,5,1,0,0,0,0,0,0,0,2,1,1,1,1,50,8,1797,8,9,TOYOTA PRIUS,6,E01003705,0,-1
2023010484891,2023,010484891,1,8,0,18,19,1,5,0,0,0,0,0,0,0,1,1,1,1,1,52,8,1797,8,9,TOYOTA PRIUS,-1,-1,0,-1
2023461285027,2023,461285027,1,9,0,18,19,6,2,0,0,0,0,0,0,0,1,1,6,6,2,67,10,1797,8,9,TOYOTA PRIUS,1,E01001330,0,-1
2023201337464,2023,201337464,1,9,0,2,2,0,0,0,0,1,0,0,0,0,0,1,1,1,1,-1,-1,1797,8,5,TOYOTA PRIUS,2,E01009405,0,-1
2023010428111,2023,010428111,4,9,0,2,2,0,0,2,2,1,0,0,0,0,2,1,6,6,3,-1,-1,1797,8,11,TOYOTA PRIUS,-1,-1,0,-1
2023302300015,2023,302300015,1,8,0,5,5,6,2,0,0,0,0,0,0,0,0,1,1,1,1,-1,-1,1797,8,12,TOYOTA PRIUS,1,E01005945,0,-1
2023010434863,2023,010434863,1,9,0,4,4,3,7,0,0,0,0,4,0,0,4,1,6,6,1,18,4,1797,8,14,TOYOTA PRIUS,1,E01004249,0,-1
2023010482366,2023,010482366,2,9,0,99,99,9,9,99,99,9,9,99,9,99,3,9,6,6,3,-1,-1,1791,8,11,TOYOTA PRIUS,-1,-1,0,-1
2023010439019,2023,010439019,1,8,0,99,99,9,9,99,99,9,9,99,9,99,2,9,1,1,1,48,8,1798,8,9,TOYOTA PRIUS,4,E01003573,0,-1
2023010447806,2023,010447806,2,8,0,99,99,9,9,99,99,9,9,99,9,99,9,9,6,6,3,-1,-1,1798,8,10,TOYOTA PRIUS,-1,-1,0,-1
2023201419555,2023,201419555,2,9,0,5,5,8,4,0,0,6,1,0,1,0,4,1,1,1,1,44,7,1797,8,7,TOYOTA PRIUS,1,E01033640,0,-1
2023311304643,2023,311304643,1,8,0,18,19,8,4,0,0,0,0,0,0,0,1,1,6,6,1,50,8,1797,8,4,TOYOTA PRIUS,6,E01013887,0,-1
2023451392489,2023,451392489,2,9,0,18,19,7,3,0,0,2,0,0,0,0,1,1,5,6,1,33,6,1798,8,11,TOYOTA PRIUS,10,E01030839,0,-1
2023010446802,2023,010446802,1,9,0,5,5,3,7,0,0,0,0,0,0,0,1,1,1,1,1,48,8,1798,8,3,TOYOTA PRIUS,4,E01003106,0,-1
2023221371065,2023,221371065,1,9,0,18,19,1,5,0,0,1,0,0,0,0,1,1,5,6,1,45,7,1797,8,9,TOYOTA PRIUS,7,E01031212,0,-1
2023010422107,2023,010422107,1,8,0,5,5,7,3,2,2,2,0,0,0,0,1,1,1,1,1,53,8,1797,8,10,TOYOTA PRIUS,3,E01004429,0,-1
2023332301286,2023,332301286,1,9,0,18,19,3,7,0,0,0,0,0,0,0,1,1,1,1,1,35,6,1797,8,3,TOYOTA PRIUS,2,E01013654,0,-1
2023010471626,2023,010471626,3,9,0,3,3,3,7,0,0,0,0,0,0,0,3,1,6,6,1,39,7,1797,8,13,TOYOTA PRIUS,-1,-1,0,-1
2023440178023,2023,440178023,1,8,0,17,19,7,6,0,0,2,0,0,0,0,1,1,1,1,1,43,7,1798,8,8,TOYOTA PRIUS,2,E01017156,0,-1
2023440426319,2023,440426319,1,8,0,18,19,3,7,0,0,1,0,10,1,1,1,1,1,1,1,54,8,1798,8,7,TOYOTA PRIUS,1,E01032755,0,-1
2023010434479,2023,010434479,1,8,0,18,19,1,5,0,0,8,0,0,0,0,4,1,6,6,1,28,6,1797,8,6,TOYOTA PRIUS,5,E01003279,0,-1
2023010433491,2023,010433491,1,9,0,9,9,3,1,0,0,5,0,0,0,0,4,1,6,6,1,27,6,1797,8,6,TOYOTA PRIUS,5,E01000567,0,-1
2023010425893,2023,010425893,2,8,0,99,99,9,9,99,99,9,9,99,9,99,9,9,6,6,3,49,8,1797,8,9,TOYOTA PRIUS,-1,-1,0,-1
2023061273588,2023,061273588,1,9,0,1,1,1,5,0,0,1,0,0,0,0,0,1,1,1,1,44,7,1797,8,7,TOYOTA PRIUS,1,E01005232,0,-1
2023010462607,2023,010462607,3,8,0,18,19,7,3,0,0,0,0,0,0,0,2,1,6,6,1,65,9,1798,8,4,TOYOTA PRIUS,4,E01001699,0,-1
2023440074412,2023,440074412,1,8,0,18,19,7,3,0,0,0,0,0,0,0,1,1,1,1,1,47,8,1799,8,6,TOYOTA PRIUS,4,E01017160,0,-1
2023131290276,2023,131290276,1,9,0,18,19,5,1,0,0,8,0,0,0,0,1,1,1,1,1,62,9,1797,8,13,TOYOTA PRIUS,1,E01010720,0,-1
2023031296438,2023,031296438,1,9,0,4,4,1,6,0,0,0,0,0,0,0,3,1,2,2,1,32,6,1497,8,17,TOYOTA PRIUS,-1,-1,0,-1
2023451277329,2023,451277329,2,9,0,18,19,1,5,0,0,8,0,0,0,0,3,1,5,6,2,40,7,1797,8,11,TOYOTA PRIUS,6,E01030649,0,-1
2023041377639,2023,041377639,3,9,0,18,19,1,5,0,0,1,0,0,0,0,1,1,1,1,1,59,9,1797,8,12,TOYOTA PRIUS,2,E01012576,0,-1
2023010439305,2023,010439305,2,8,0,99,99,9,9,99,99,9,9,99,9,99,9,9,6,6,1,50,8,1798,8,8,TOYOTA PRIUS,8,E01000412,0,-1
2023010454071,2023,010454071,1,8,0,5,5,7,3,0,0,6,0,7,0,0,3,1,1,1,1,44,7,1798,8,8,TOYOTA PRIUS,4,E01003654,0,-1
2023010420403,2023,010420403,2,9,0,99,99,9,9,99,99,9,9,99,9,99,1,9,6,6,3,-1,-1,1797,8,9,TOYOTA PRIUS,-1,-1,0,-1
2023061355079,2023,061355079,1,9,0,5,5,-1,-1,0,0,2,0,0,0,0,3,1,6,6,3,-1,-1,1797,8,9,TOYOTA PRIUS,-1,-1,0,-1
2023010429729,2023,010429729,1,9,0,18,19,5,1,0,0,1,0,0,0,0,1,1,6,6,3,-1,-1,1797,8,14,TOYOTA PRIUS,-1,-1,0,-1
2023010439980,2023,010439980,2,8,0,99,99,9,9,99,99,9,9,99,9,99,9,9,6,6,3,-1,-1,1798,8,8,TOYOTA PRIUS,6,E01016507,0,-1
2023010452708,2023,010452708,1,8,0,18,19,1,5,0,0,0,5,4,0,0,1,2,6,6,1,46,8,1798,8,10,TOYOTA PRIUS,3,E01003630,0,-1
2023010444334,2023,010444334,1,9,0,9,9,1,7,0,0,8,0,0,7,11,3,1,1,1,1,56,9,1798,8,5,TOYOTA PRIUS,8,E01004170,0,-1
2023010445037,2023,010445037,2,9,0,99,99,9,9,99,99,9,9,99,9,99,9,9,6,6,1,26,6,1497,8,15,TOYOTA PRIUS,2,E01033713,0,-1
2023131275224,2023,131275224,1,9,0,5,5,8,4,0,0,0,0,0,0,0,1,1,1,1,1,22,5,1797,8,12,TOYOTA PRIUS,2,E01010605,0,-1
2023010479357,2023,010479357,1,8,0,99,99,9,9,99,99,9,9,99,9,99,2,9,6,6,1,44,7,1798,8,8,TOYOTA PRIUS,1,E01004245,0,-1