collision_index,collision_year,collision_ref_no,vehicle_reference,vehicle_type,towing_and_articulation,vehicle_manoeuvre_historic,vehicle_manoeuvre,vehicle_direction_from,vehicle_direction_to,vehicle_location_restricted_lane_historic,vehicle_location_restricted_lane,junction_location,skidding_and_overturning,hit_object_in_carriageway,vehicle_leaving_carriageway,hit_object_off_carriageway,first_point_of_impact,vehicle_left_hand_drive,journey_purpose_of_driver_historic,journey_purpose_of_driver,sex_of_driver,age_of_driver,age_band_of_driver,engine_capacity_cc,propulsion_code,age_of_vehicle,generic_make_model,driver_imd_decile,lsoa_of_driver,escooter_flag,driver_distance_banding
2023010421023,2023,010421023,1,8,0,3,3,3,7,99,99,9,9,99,9,99,2,1,1,1,1,57,9,1798,8,10,TOYOTA PRIUS,3,E01003688,0,-1
2023010455981,2023,010455981,2,9,0,99,99,9,9,99,99,9,9,99,9,99,9,9,6,6,3,-1,-1,1797,8,10,TOYOTA PRIUS,5,E01004370,0,-1
2023010436858,2023,010436858,2,8,0,99,99,9,9,99,99,9,9,99,9,99,1,9,6,6,3,-1,-1,1797,8,8,TOYOTA PRIUS,-1,-1,0,-1
2023401306586,2023,401306586,2,9,0,7,7,3,5,0,0,1,0,0,0,0,1,1,5,6,1,38,7,1797,8,8,TOYOTA PRIUS,3,E01015724,0,-1
2023010480384,2023,010480384,1,9,0,18,19,7,3,0,0,8,0,0,0,0,3,1,6,6,1,65,9,1797,8,4,TOYOTA PRIUS,-1,-1,0,-1
2023131380064,2023,131380064,2,9,0,9,9,3,7,0,0,1,0,0,0,0,3,1,1,1,1,39,7,1798,8,10,TOYOTA PRIUS,1,E01010723,0,-1
2023161274499,2023,161274499,1,9,0,16,19,3,5,9,9,0,0,0,6,10,1,1,5,6,1,69,10,1798,8,3,TOYOTA PRIUS,3,E01007635,0,-1
2023440415776,2023,440415776,1,9,0,18,19,6,2,0,0,0,0,0,0,0,1,1,2,2,1,53,8,1797,8,8,TOYOTA PRIUS,4,E01017172,0,-1
2023010454023,2023,010454023,1,8,0,99,99,9,9,99,99,9,9,99,9,99,2,9,1,1,1,62,9,1798,8,9,TOYOTA PRIUS,4,E01003718,0,-1
2023010472416,2023,010472416,3,9,0,2,2,0,0,0,0,2,0,0,0,0,2,1,6,6,3,-1,-1,1800,8,10,TOYOTA PRIUS,-1,-1,0,-1
2023010430853,2023,010430853,2,9,0,99,99,9,9,99,99,9,9,99,9,99,9,9,6,6,3,-1,-1,1798,8,10,TOYOTA PRIUS,1,E01000521,0,-1
2023010459790,2023,010459790,1,9,0,6,6,7,7,0,0,0,0,0,0,0,1,1,6,6,3,23,5,1791,8,11,TOYOTA PRIUS,3,E01002105,0,-1
2023340WN3952,2023,340WN3952,1,8,0,17,19,5,1,0,0,0,0,0,0,0,1,1,1,1,1,40,7,1797,8,13,TOYOTA PRIUS,1,E01027310,0,-1
2023010485929,2023,010485929,1,9,0,7,7,5,7,0,0,1,0,11,0,0,1,1,6,6,2,44,7,1797,8,14,TOYOTA PRIUS,1,E01004257,0,-1
2023010425145,2023,010425145,1,9,0,18,19,7,3,0,0,0,0,0,0,0,1,1,6,6,1,27,6,1797,8,8,TOYOTA PRIUS,-1,-1,0,-1
2023351405470,2023,351405470,1,9,0,9,9,3,1,0,0,6,0,0,0,0,1,1,5,6,1,35,6,1798,8,3,TOYOTA PRIUS,9,E01017998,0,-1
2023451288789,2023,451288789,1,9,0,18,19,5,5,0,0,1,0,0,0,0,3,1,1,1,1,63,9,1797,8,6,TOYOTA PRIUS,3,E01002540,0,-1
2023010475961,2023,010475961,2,9,0,9,9,5,2,0,0,1,0,0,0,0,1,1,1,1,1,49,8,1798,8,9,TOYOTA PRIUS,5,E01000338,0,-1
2023010468286,2023,010468286,2,9,0,4,4,1,5,0,0,0,0,0,0,0,2,1,6,6,1,37,7,1798,8,11,TOYOTA PRIUS,4,E01004330,0,-1
2023411382877,2023,411382877,3,9,0,18,19,2,7,0,0,1,0,0,0,0,4,1,2,2,1,53,8,1797,8,13,TOYOTA PRIUS,1,E01006614,0,-1
2023302300938,2023,302300938,2,9,0,9,9,2,6,0,0,1,0,0,0,0,2,1,6,6,1,43,7,1797,8,13,TOYOTA PRIUS,2,E01013585,0,-1
2023010445463,2023,010445463,1,9,0,18,19,1,5,0,0,2,0,0,0,0,1,1,1,1,1,36,7,1798,8,9,TOYOTA PRIUS,3,E01000640,0,-1
2023010443890,2023,010443890,1,9,0,6,6,7,7,0,0,1,0,0,0,0,3,1,6,6,1,56,9,1798,8,4,TOYOTA PRIUS,6,E01002373,0,-1
2023231366086,2023,231366086,2,8,0,10,10,7,5,0,0,1,0,0,0,0,4,1,1,1,1,54,8,1797,8,9,TOYOTA PRIUS,2,E01009568,0,-1
2023201419458,2023,201419458,1,9,0,5,5,3,7,0,0,1,0,0,0,0,1,1,1,1,1,48,8,1797,8,8,TOYOTA PRIUS,1,E01010046,0,-1
2023061329987,2023,061329987,1,8,0,18,19,3,7,0,0,1,0,0,0,0,1,1,2,2,1,35,6,1790,8,9,TOYOTA PRIUS,4,E01005327,0,-1
2023010431707,2023,010431707,1,9,0,18,19,5,1,0,0,2,0,0,0,0,4,1,6,6,1,40,7,1797,8,4,TOYOTA PRIUS,3,E01000718,0,-1
2023010468057,2023,010468057,2,9,0,18,19,7,3,0,0,4,0,9,0,0,1,1,6,6,1,24,5,1791,8,11,TOYOTA PRIUS,3,E01001370,0,-1
2023421266138,2023,421266138,2,9,0,4,4,3,6,0,0,0,0,0,0,0,2,1,6,6,1,39,7,1798,8,9,TOYOTA PRIUS,2,E01003542,0,-1
2023061281088,2023,061281088,1,9,0,18,19,-1,-1,0,0,0,0,0,0,0,-1,1,6,6,3,40,7,1497,8,16,TOYOTA PRIUS,4,E01004832,0,-1
2023041339618,2023,041339618,2,9,0,18,19,2,3,0,0,6,0,0,0,0,3,1,6,6,1,65,9,1497,8,15,TOYOTA PRIUS,2,E01012580,0,-1
2023010466975,2023,010466975,2,9,0,99,99,9,9,99,99,9,9,99,9,99,1,9,6,6,3,-1,-1,1497,8,15,TOYOTA PRIUS,-1,-1,0,-1
2023010471232,2023,010471232,1,9,0,99,99,9,9,99,99,9,9,99,9,99,9,9,6,6,1,38,7,1797,8,13,TOYOTA PRIUS,3,E01003733,0,-1
2023451335521,2023,451335521,1,9,0,9,9,2,2,0,0,0,0,0,0,0,2,2,1,1,1,45,7,1798,8,10,TOYOTA PRIUS,2,E01002669,0,-1
2023010464287,2023,010464287,2,9,0,99,99,9,9,99,99,9,9,99,9,99,9,9,6,6,3,-1,-1,1790,8,9,TOYOTA PRIUS,-1,-1,0,-1
2023041327597,2023,041327597,1,9,0,18,19,7,3,0,0,2,0,0,0,0,-1,1,1,1,1,28,6,1797,8,7,TOYOTA PRIUS,1,E01012684,0,-1
2023010447532,2023,010447532,2,9,0,99,99,9,9,99,99,9,9,99,9,99,1,9,6,6,3,-1,-1,1798,8,11,TOYOTA PRIUS,-1,-1,0,-1
2023010433825,2023,010433825,1,9,0,18,19,5,1,0,0,8,0,0,0,0,4,1,6,6,3,-1,-1,1798,8,10,TOYOTA PRIUS,-1,-1,0,-1
2023010444724,2023,010444724,2,9,9,99,99,9,9,99,99,9,9,99,9,99,1,9,6,6,3,44,7,1497,8,18,TOYOTA PRIUS,1,E01004205,0,-1
2023010448285,2023,010448285,4,8,0,2,2,0,0,0,0,0,0,0,0,0,2,1,6,6,3,-1,-1,1798,8,11,TOYOTA PRIUS,-1,-1,0,-1
2023010457497,2023,010457497,1,8,0,99,99,9,9,99,99,9,9,99,9,99,2,9,6,6,3,-1,-1,1797,8,10,TOYOTA PRIUS,2,E01002505,0,-1
2023451278067,2023,451278067,1,9,0,6,6,5,1,0,0,0,0,0,0,0,1,1,1,1,1,47,8,1798,8,8,TOYOTA PRIUS,6,E01004509,0,-1
2023010470784,2023,010470784,1,9,0,7,7,5,7,0,0,1,0,0,0,0,1,1,6,6,1,50,8,1797,8,4,TOYOTA PRIUS,-1,-1,0,-1
2023440234620,2023,440234620,2,9,0,18,19,1,5,0,0,8,0,0,0,0,3,1,1,1,1,42,7,1798,8,5,TOYOTA PRIUS,1,E01017031,0,-1
2023471387375,2023,471387375,1,9,0,9,9,3,1,0,0,8,0,0,0,0,1,1,6,6,1,-1,-1,1798,8,1,TOYOTA PRIUS,5,E01031394,0,-1
2023010480971,2023,010480971,1,8,0,99,99,9,9,99,99,0,9,99,9,99,4,9,6,6,1,40,7,1798,8,5,TOYOTA PRIUS,1,E01004214,0,-1
2023010426712,2023,010426712,2,8,0,9,9,8,6,0,0,6,0,0,0,0,3,1,1,1,1,40,7,1800,8,6,TOYOTA PRIUS,2,E01000063,0,-1
2023010478022,2023,010478022,1,9,0,99,99,9,9,99,99,9,9,99,9,99,1,9,6,6,2,48,8,1497,8,15,TOYOTA PRIUS,3,E01002403,0,-1
2023201267303,2023,201267303,1,9,0,5,5,-1,-1,9,9,0,0,0,0,0,1,1,6,6,1,-1,-1,1797,8,9,TOYOTA PRIUS,-1,-1,0,-1
2023201393307,2023,201393307,2,9,0,2,2,0,0,0,0,0,0,0,0,0,2,1,6,6,1,32,6,1497,8,16,TOYOTA PRIUS,1,E01009323,0,-1
2023010475762,2023,010475762,1,9,0,9,9,5,3,0,0,6,0,0,0,0,3,1,1,1,1,59,9,1798,8,10,TOYOTA PRIUS,6,E01000306,0,-1
2023340WN1732,2023,340WN1732,2,8,0,18,19,3,7,0,0,1,0,0,0,0,2,1,1,1,1,56,9,1797,8,14,TOYOTA PRIUS,3,E01027245,0,-1
2023010447663,2023,010447663,1,9,0,99,99,9,9,99,99,9,9,99,9,99,2,9,1,1,1,50,8,1798,8,10,TOYOTA PRIUS,3,E01003736,0,-1
2023131314321,2023,131314321,1,9,0,5,5,0,0,0,0,8,0,0,0,0,4,1,6,6,3,-1,-1,1797,8,12,TOYOTA PRIUS,-1,-1,0,-1
2023522400958,2023,522400958,1,9,0,6,6,1,1,0,0,0,0,0,0,0,3,1,6,6,1,48,8,1798,8,6,TOYOTA PRIUS,6,E01014447,0,-1
2023010428120,2023,010428120,1,8,0,18,19,3,7,0,0,1,0,11,0,0,1,1,1,1,1,33,6,1798,8,5,TOYOTA PRIUS,3,E01003829,0,-1
2023061273037,2023,061273037,3,8,0,18,19,8,4,0,0,8,0,0,0,0,4,1,1,1,1,46,8,1798,8,6,TOYOTA PRIUS,2,E01005236,0,-1
2023010483535,2023,010483535,2,8,0,18,19,5,1,0,0,1,0,0,0,0,1,1,1,1,1,58,9,1797,8,9,TOYOTA PRIUS,3,E01002923,0,-1
2023010432319,2023,010432319,2,9,0,18,19,3,7,0,0,0,1,0,0,0,2,1,1,1,1,49,8,1797,8,11,TOYOTA PRIUS,3,E01003539,0,-1
2023010457275,2023,010457275,1,8,0,9,9,7,4,0,0,5,0,0,0,0,2,1,1,1,1,54,8,1798,8,6,TOYOTA PRIUS,4,E01000554,0,-1
2023010472797,2023,010472797,1,9,0,18,19,7,3,0,0,1,0,0,0,0,1,1,1,1,1,26,6,1798,8,4,TOYOTA PRIUS,3,E01001809,0,-1
2023010473982,2023,010473982,2,9,0,3,3,5,1,0,0,1,0,0,0,0,1,1,6,6,1,52,8,1798,8,7,TOYOTA PRIUS,3,E01004448,0,-1
2023320602012,2023,320602012,1,9,0,18,19,2,6,0,0,1,5,7,0,0,1,1,6,6,1,18,4,1497,8,15,TOYOTA PRIUS,2,E01001695,0,-1
2023451303718,2023,451303718,2,9,0,18,19,3,7,0,0,0,0,0,0,0,1,1,6,6,1,34,6,1497,8,15,TOYOTA PRIUS,5,E01001029,0,-1
2023010469338,2023,010469338,2,9,0,5,5,1,5,0,0,2,0,0,0,0,1,1,1,1,1,42,7,1798,8,6,TOYOTA PRIUS,-1,-1,0,-1
2023421346496,2023,421346496,3,8,0,4,4,7,3,0,0,0,0,0,0,0,2,1,5,6,1,41,7,1798,8,5,TOYOTA PRIUS,4,E01015907,0,-1
2023010453593,2023,010453593,2,9,0,99,99,9,9,99,99,9,9,99,9,99,9,9,6,6,1,43,7,1797,8,7,TOYOTA PRIUS,4,E01003662,0,-1
2023122300875,2023,122300875,1,8,0,18,19,5,1,0,0,0,0,0,0,0,1,1,1,1,3,-1,-1,1798,8,9,TOYOTA PRIUS,-1,-1,0,-1
2023010475289,2023,010475289,2,9,0,2,2,0,0,0,0,2,0,4,0,0,2,1,6,6,3,-1,-1,1797,8,12,TOYOTA PRIUS,-1,-1,0,-1
2023010476841,2023,010476841,1,9,0,4,4,3,7,0,0,1,0,0,0,0,2,1,1,1,1,53,8,1798,8,5,TOYOTA PRIUS,5,E01015992,0,-1
2023010480926,2023,010480926,1,9,0,5,5,1,5,0,0,5,0,0,0,0,1,1,6,6,1,31,6,1791,8,12,TOYOTA PRIUS,4,E01004048,0,-1
2023311327124,2023,311327124,2,9,0,18,19,8,4,0,0,2,0,0,0,0,1,1,1,1,1,33,6,1797,8,6,TOYOTA PRIUS,1,E01013846,0,-1
2023010428765,2023,010428765,1,8,0,99,99,9,9,99,99,9,9,99,9,99,2,9,1,1,1,50,8,1798,8,10,TOYOTA PRIUS,3,E01003589,0,-1
2023401392968,2023,401392968,1,8,0,2,2,0,0,0,0,0,0,0,0,0,2,1,1,1,1,48,8,1798,8,9,TOYOTA PRIUS,2,E01015726,0,-1
2023010450886,2023,010450886,2,9,0,99,99,9,9,99,99,9,9,99,9,99,1,9,6,6,3,-1,-1,1797,8,13,TOYOTA PRIUS,-1,-1,0,-1
2023010463023,2023,010463023,1,9,0,18,19,7,3,0,0,8,0,0,0,0,1,1,6,6,3,-1,-1,1797,8,12,TOYOTA PRIUS,-1,-1,0,-1
2023141392842,2023,141392842,1,9,0,4,4,4,8,0,0,8,0,0,0,0,2,1,5,6,2,30,6,1497,8,19,TOYOTA PRIUS,1,E01008011,0,-1
2023010466693,2023,010466693,1,9,0,18,19,2,6,0,0,1,0,0,0,0,1,1,1,1,1,49,8,1798,8,9,TOYOTA PRIUS,6,E01001083,0,-1
2023010453692,2023,010453692,2,9,0,99,99,9,9,99,99,9,9,99,9,99,2,9,6,6,3,-1,-1,1797,8,13,TOYOTA PRIUS,-1,-1,0,-1
2023041364885,2023,041364885,2,9,0,3,3,1,5,0,0,3,0,0,0,0,2,1,1,1,1,65,9,1798,8,6,TOYOTA PRIUS,2,E01025229,0,-1
2023010422423,2023,010422423,1,8,0,99,99,9,9,0,0,0,0,0,0,0,2,9,1,1,1,53,8,1797,8,7,TOYOTA PRIUS,4,E01023296,0,-1
2023131327319,2023,131327319,1,9,0,5,5,3,7,0,0,2,0,0,0,0,3,1,1,1,1,52,8,1797,8,5,TOYOTA PRIUS,3,E01010793,0,-1
2023501395048,2023,501395048,1,9,0,18,19,2,6,0,0,8,0,0,0,0,1,1,5,6,1,51,8,1497,8,15,TOYOTA PRIUS,1,E01015180,0,-1
2023122301090,2023,122301090,2,9,0,18,19,6,2,0,0,8,0,0,4,6,4,1,6,6,1,39,7,1797,8,13,TOYOTA PRIUS,-1,-1,0,-1
2023010461662,2023,010461662,2,9,0,99,99,9,9,99,99,9,9,99,9,99,1,9,6,6,1,43,7,1797,8,9,TOYOTA PRIUS,7,E01000457,0,-1
2023010452073,2023,010452073,2,8,0,99,99,9,9,99,99,9,9,99,9,99,9,9,6,6,1,34,6,1798,8,5,TOYOTA PRIUS,6,E01001408,0,-1
2023010480602,2023,010480602,1,9,0,18,19,1,5,0,0,0,0,0,0,0,2,1,1,1,1,44,7,1797,8,8,TOYOTA PRIUS,3,E01003522,0,-1
2023010458324,2023,010458324,1,9,0,10,10,5,3,0,0,1,0,0,0,0,3,1,1,1,1,45,7,1798,8,9,TOYOTA PRIUS,6,E01015925,0,-1
2023010440721,2023,010440721,2,9,0,99,99,9,9,99,99,9,9,99,9,99,9,9,6,6,3,-1,-1,1798,8,10,TOYOTA PRIUS,3,E01003609,0,-1
2023401298038,2023,401298038,2,9,0,18,19,5,1,0,0,1,1,0,0,0,3,1,5,6,1,59,9,1497,8,18,TOYOTA PRIUS,4,E01017521,0,-1
2023010454058,2023,010454058,2,9,0,99,99,9,9,99,99,9,9,99,9,99,9,9,6,6,3,-1,-1,1497,8,14,TOYOTA PRIUS,-1,-1,0,-1
2023010486152,2023,010486152,2,8,0,18,19,6,2,0,0,8,0,0,0,0,1,1,1,1,1,54,8,1798,8,8,TOYOTA PRIUS,6,E01001292,0,-1
2023010483767,2023,010483767,2,9,0,99,99,9,9,99,99,9,9,99,9,99,9,9,6,6,3,-1,-1,1798,8,9,TOYOTA PRIUS,-1,-1,0,-1
2023010475597,2023,010475597,1,9,0,3,3,5,1,0,0,1,0,0,0,0,2,1,6,6,1,50,8,1798,8,7,TOYOTA PRIUS,5,E01000994,0,-1
2023010485350,2023,010485350,1,9,0,18,19,1,5,0,0,4,0,0,0,0,0,1,6,6,1,29,6,1798,8,4,TOYOTA PRIUS,5,E01004169,0,-1
2023010438832,2023,010438832,3,9,0,2,2,0,0,0,0,0,0,0,0,0,2,1,6,6,3,-1,-1,1497,8,15,TOYOTA PRIUS,-1,-1,0,-1
2023201318846,2023,201318846,1,9,0,5,5,7,4,0,0,0,0,0,0,0,4,1,1,1,1,47,8,1797,8,9,TOYOTA PRIUS,2,E01010372,0,-1
2023010425689,2023,010425689,1,9,0,18,19,1,5,0,0,1,0,0,0,0,3,1,6,6,1,39,7,1798,8,9,TOYOTA PRIUS,3,E01000062,0,-1
2023010455859,2023,010455859,2,9,0,9,9,3,1,0,0,1,0,0,0,0,4,1,6,6,1,23,5,1797,8,13,TOYOTA PRIUS,2,E01000600,0,-1
2023010486293,2023,010486293,1,8,0,18,19,3,7,0,0,2,0,0,0,0,3,1,1,1,1,52,8,1798,8,8,TOYOTA PRIUS,4,E01004614,0,-1
2023170M20623,2023,170M20623,2,8,0,2,2,0,0,0,0,0,0,0,0,0,3,1,1,1,1,29,6,1798,8,5,TOYOTA PRIUS,4,E01012264,0,-1
2023041354681,2023,041354681,2,9,0,18,19,1,5,0,0,0,0,0,0,0,2,1,1,1,1,39,7,1797,8,9,TOYOTA PRIUS,1,E01025184,0,-1
2023010459389,2023,010459389,2,9,0,99,99,9,9,99,99,0,9,99,9,99,9,9,6,6,3,-1,-1,1798,8,9,TOYOTA PRIUS,8,E01004514,0,-1
2023430075610,2023,430075610,1,9,0,18,19,2,6,0,0,0,0,0,0,0,1,1,6,6,2,40,7,1797,8,13,TOYOTA PRIUS,10,E01030689,0,-1
2023010436027,2023,010436027,1,9,9,99,99,9,9,99,99,0,9,99,9,99,1,9,6,6,3,-1,-1,1497,8,16,TOYOTA PRIUS,-1,-1,0,-1
2023052302699,2023,052302699,1,8,0,18,19,3,7,0,0,0,0,0,0,0,1,1,1,1,1,35,6,1797,8,8,TOYOTA PRIUS,4,E01006466,0,-1
2023421324910,2023,421324910,1,9,0,4,4,5,1,0,0,8,0,0,0,0,3,1,1,1,1,51,8,1797,8,6,TOYOTA PRIUS,3,E01002284,0,-1
2023131388679,2023,131388679,2,9,0,7,7,5,1,0,0,1,0,0,0,0,4,1,5,6,1,49,8,1797,8,13,TOYOTA PRIUS,4,E01010801,0,-1
2023010437896,2023,010437896,1,8,0,18,19,6,2,0,0,1,0,0,0,0,1,1,6,6,1,38,7,1798,8,7,TOYOTA PRIUS,5,E01004745,0,-1
2023041274464,2023,041274464,1,9,0,18,19,1,5,0,0,0,0,0,0,0,1,2,6,6,1,52,8,1797,8,12,TOYOTA PRIUS,5,E01025212,0,-1
2023010449126,2023,010449126,2,8,0,18,19,7,3,0,0,1,0,4,0,0,1,1,1,1,1,51,8,1798,8,8,TOYOTA PRIUS,5,E01015859,0,-1
2023101366764,2023,101366764,1,8,0,5,5,1,7,0,0,6,0,0,0,0,0,1,6,6,1,32,6,1797,8,9,TOYOTA PRIUS,5,E01008407,0,-1
2023010452284,2023,010452284,1,9,0,4,4,1,5,0,0,1,0,0,0,0,2,1,6,6,2,41,7,1497,8,16,TOYOTA PRIUS,-1,-1,0,-1
2023340NN9132,2023,340NN9132,1,9,0,5,5,2,6,0,0,6,0,0,0,0,3,1,6,6,1,27,6,1791,8,11,TOYOTA PRIUS,-1,-1,0,-1
2023061363649,2023,061363649,2,9,-1,-1,-1,-1,-1,-1,-1,-1,-1,-1,-1,0,-1,1,6,6,1,-1,-1,1797,8,9,TOYOTA PRIUS,2,E01004828,0,-1
2023010451062,2023,010451062,1,9,0,99,99,9,9,99,99,9,9,99,9,99,2,9,6,6,1,46,8,1798,8,8,TOYOTA PRIUS,7,E01030707,0,-1
2023010428909,2023,010428909,1,9,0,99,99,9,9,99,99,0,9,99,9,99,2,9,6,6,2,30,6,1797,8,13,TOYOTA PRIUS,3,-1,0,-1
2023010460445,2023,010460445,1,9,0,99,99,9,9,99,99,0,9,99,9,99,2,9,2,2,2,51,8,1497,8,16,TOYOTA PRIUS,3,E01004028,0,-1
2023351364700,2023,351364700,1,8,-1,-1,-1,-1,-1,-1,-1,-1,-1,-1,-1,0,-1,1,1,1,1,-1,-1,1798,8,3,TOYOTA PRIUS,-1,-1,0,-1
2023010432220,2023,010432220,1,9,0,18,19,5,1,0,0,1,0,0,0,0,1,1,6,6,1,59,9,1497,8,14,TOYOTA PRIUS,3,E01003096,0,-1
2023010422358,2023,010422358,4,9,0,4,4,5,1,0,0,1,0,4,0,0,1,1,6,6,1,61,9,1797,8,14,TOYOTA PRIUS,6,E01001539,0,-1
2023101335843,2023,101335843,2,9,0,18,19,7,3,0,0,1,0,0,0,0,3,1,6,6,1,53,8,1497,8,15,TOYOTA PRIUS,2,E01008664,0,-1
2023430142846,2023,430142846,2,8,0,18,19,2,6,0,0,1,0,0,0,0,2,1,1,1,1,-1,-1,1798,8,11,TOYOTA PRIUS,-1,-1,0,-1
2023501400207,2023,501400207,1,9,0,9,9,2,8,6,6,0,0,0,0,0,3,1,1,1,2,52,8,1797,8,12,TOYOTA PRIUS,1,E01013948,0,-1
2023010472851,2023,010472851,2,9,0,99,99,9,9,99,99,9,9,99,9,99,9,9,6,6,1,38,7,1798,8,8,TOYOTA PRIUS,7,E01002428,0,-1
2023070623240,2023,070623240,2,8,0,18,19,3,7,0,0,1,0,0,0,0,1,1,1,1,1,40,7,1797,8,13,TOYOTA PRIUS,1,E01033300,0,-1
2023010447492,2023,010447492,1,9,0,18,19,3,7,0,0,8,0,0,0,0,4,1,2,2,1,46,8,1798,8,9,TOYOTA PRIUS,4,E01003781,0,-1
2023010445897,2023,010445897,1,9,0,9,9,2,7,0,0,8,0,0,0,0,3,1,1,1,1,38,7,1798,8,6,TOYOTA PRIUS,2,E01000077,0,-1
2023010425741,2023,010425741,2,9,0,99,99,9,9,99,99,9,9,99,9,99,9,9,6,6,3,53,8,1798,8,6,TOYOTA PRIUS,6,E01002117,0,-1
2023010481049,2023,010481049,2,9,0,99,99,9,9,99,99,9,9,99,9,99,9,9,6,6,3,-1,-1,1798,8,0,TOYOTA PRIUS,-1,-1,0,-1
2023010465750,2023,010465750,2,9,9,99,99,9,9,99,99,9,9,99,9,99,1,9,6,6,3,-1,-1,1798,8,4,TOYOTA PRIUS,-1,-1,0,-1
2023010430338,2023,010430338,2,9,0,13,13,2,6,0,0,0,0,0,0,0,1,1,6,6,3,30,6,1798,8,7,TOYOTA PRIUS,6,E01003954,0,-1
2023141331633,2023,141331633,1,9,0,17,19,8,4,0,0,0,0,0,0,0,3,1,1,1,1,34,6,1797,8,8,TOYOTA PRIUS,2,E01011913,0,-1
2023010485778,2023,010485778,1,9,0,9,9,7,4,0,0,1,0,0,7,0,3,1,6,6,1,40,7,1497,8,16,TOYOTA PRIUS,2,E01001696,0,-1
2023010482911,2023,010482911,2,8,0,5,5,2,6,0,0,6,0,0,0,0,0,1,6,6,1,74,10,1497,8,15,TOYOTA PRIUS,9,E01004115,0,-1
2023010464072,2023,010464072,1,9,0,18,19,5,1,0,0,1,0,0,0,0,1,1,6,6,1,22,5,1497,8,18,TOYOTA PRIUS,3,E01033464,0,-1
2023622300299,2023,622300299,1,8,0,4,4,2,6,0,0,0,0,0,0,0,1,1,6,6,3,-1,-1,1798,8,2,TOYOTA PRIUS,-1,-1,0,-1
2023010444899,2023,010444899,2,9,0,4,4,1,5,0,0,1,0,0,0,0,0,1,2,2,1,46,8,1798,8,8,TOYOTA PRIUS,4,E01002342,0,-1
2023332300402,2023,332300402,2,8,0,9,9,1,7,0,0,5,0,0,0,0,3,1,1,1,1,45,7,1798,8,8,TOYOTA PRIUS,2,E01013716,0,-1
2023010452706,2023,010452706,1,9,0,18,19,4,8,0,0,8,0,0,0,0,3,1,6,6,1,59,9,1798,8,6,TOYOTA PRIUS,5,E01000450,0,-1
2023201305548,2023,201305548,3,9,0,18,19,1,5,0,0,0,0,0,0,0,0,1,1,1,1,52,8,1797,8,9,TOYOTA PRIUS,1,E01010107,0,-1
2023401366943,2023,401366943,1,8,0,18,19,-1,-1,0,0,0,0,0,0,0,0,1,6,6,1,53,8,1798,8,11,TOYOTA PRIUS,5,E01016807,0,-1
2023302300334,2023,302300334,1,9,0,7,7,2,4,0,0,8,0,0,0,0,4,1,1,1,1,44,7,1497,8,17,TOYOTA PRIUS,2,E01013858,0,-1
2023010452723,2023,010452723,2,8,9,99,99,9,9,99,99,9,9,99,9,99,9,9,6,6,3,-1,-1,1798,8,7,TOYOTA PRIUS,-1,-1,0,-1
2023010444187,2023,010444187,1,9,0,6,6,5,5,0,0,2,0,0,0,0,1,1,6,6,1,38,7,1797,8,9,TOYOTA PRIUS,2,E01003162,0,-1
2023010483227,2023,010483227,1,9,0,99,99,9,9,99,99,0,9,99,9,99,9,9,6,6,1,31,6,1797,8,14,TOYOTA PRIUS,1,E01033605,0,-1
2023201297929,2023,201297929,2,8,0,18,19,6,2,0,0,8,0,0,0,0,1,1,1,1,1,57,9,1798,8,5,TOYOTA PRIUS,1,E01009057,0,-1
2023070686665,2023,070686665,2,8,0,18,19,3,7,0,0,0,0,0,0,0,2,1,6,6,3,-1,-1,1797,8,14,TOYOTA PRIUS,9,E01012568,0,-1
2023401354343,2023,401354343,1,8,0,5,5,5,1,9,9,0,0,0,0,0,1,1,1,1,1,50,8,1797,8,13,TOYOTA PRIUS,1,E01015729,0,-1
2023010453891,2023,010453891,1,9,0,18,19,8,4,0,0,0,0,0,1,0,1,1,6,6,1,44,7,1798,8,8,TOYOTA PRIUS,1,E01004204,0,-1
2023010426504,2023,010426504,1,9,0,99,99,9,9,99,99,9,9,99,9,99,3,9,6,6,3,-1,-1,1798,8,9,TOYOTA PRIUS,2,E01004570,0,-1
2023010468699,2023,010468699,3,9,0,18,19,7,3,0,0,1,0,0,0,0,2,1,6,6,1,61,9,1798,8,7,TOYOTA PRIUS,3,E01000088,0,-1
2023041314880,2023,041314880,1,9,0,18,19,-1,-1,0,0,0,0,0,0,0,-1,1,6,6,1,24,5,1797,8,13,TOYOTA PRIUS,7,E01025593,0,-1
2023010447855,2023,010447855,2,9,0,2,2,0,0,0,0,2,0,0,0,0,4,1,6,6,3,-1,-1,1497,8,15,TOYOTA PRIUS,-1,-1,0,-1
2023061389656,2023,061389656,1,9,-1,-1,-1,-1,-1,-1,-1,-1,-1,-1,-1,0,-1,1,6,6,3,-1,-1,1497,8,15,TOYOTA PRIUS,-1,-1,0,-1
2023041391618,2023,041391618,1,9,0,18,19,7,3,0,0,0,0,0,0,0,1,1,1,1,1,53,8,1797,8,13,TOYOTA PRIUS,7,E01012747,0,-1
2023010458848,2023,010458848,2,9,0,99,99,9,9,99,99,9,9,99,9,99,1,9,6,6,3,-1,-1,1798,8,8,TOYOTA PRIUS,-1,-1,0,-1
2023061395985,2023,061395985,2,9,0,18,19,7,3,0,0,0,0,0,0,0,1,1,6,6,1,64,9,1797,8,13,TOYOTA PRIUS,5,E01004767,0,-1
2023131264266,2023,131264266,1,9,0,17,19,3,7,0,0,1,0,0,0,0,1,1,1,1,1,42,7,1798,8,11,TOYOTA PRIUS,1,E01011671,0,-1
2023010479065,2023,010479065,1,8,0,9,9,5,2,0,0,1,0,0,0,0,1,1,2,2,1,58,9,1798,8,6,TOYOTA PRIUS,2,E01003943,0,-1