collision_index,collision_year,collision_ref_no,vehicle_reference,vehicle_type,towing_and_articulation,vehicle_manoeuvre_historic,vehicle_manoeuvre,vehicle_direction_from,vehicle_direction_to,vehicle_location_restricted_lane_historic,vehicle_location_restricted_lane,junction_location,skidding_and_overturning,hit_object_in_carriageway,vehicle_leaving_carriageway,hit_object_off_carriageway,first_point_of_impact,vehicle_left_hand_drive,journey_purpose_of_driver_historic,journey_purpose_of_driver,sex_of_driver,age_of_driver,age_band_of_driver,engine_capacity_cc,propulsion_code,age_of_vehicle,generic_make_model,driver_imd_decile,lsoa_of_driver,escooter_flag,driver_distance_banding
2023010424697,2023,010424697,2,8,0,4,4,5,1,0,0,0,0,0,0,0,2,1,6,6,1,50,8,1797,8,7,TOYOTA PRIUS,4,E01001259,0,-1
2023201403306,2023,201403306,1,8,0,5,5,2,6,0,0,1,0,0,0,0,3,1,1,1,1,35,6,1797,8,9,TOYOTA PRIUS,4,E01008891,0,-1
2023010430346,2023,010430346,2,9,0,99,99,9,9,99,99,9,9,99,9,99,9,9,6,6,1,-1,-1,1797,8,9,TOYOTA PRIUS,4,E01000618,0,-1
2023440345337,2023,440345337,1,8,0,7,7,7,1,0,0,8,0,0,0,0,1,1,1,1,1,41,7,1797,8,4,TOYOTA PRIUS,3,E01017129,0,-1
2023471329159,2023,471329159,1,9,0,9,9,3,7,0,0,0,0,0,0,0,4,1,1,1,1,59,9,1791,8,12,TOYOTA PRIUS,2,E01021091,0,-1
2023131293293,2023,131293293,2,9,0,18,19,3,7,0,0,1,0,0,0,0,1,1,5,6,1,37,7,1797,8,12,TOYOTA PRIUS,1,E01010829,0,-1
2023552300799,2023,552300799,2,9,0,18,19,5,1,0,0,8,0,0,0,0,1,1,1,1,1,32,6,1798,8,10,TOYOTA PRIUS,1,E01015313,0,-1
2023010473359,2023,010473359,1,9,0,18,19,1,5,0,0,1,0,0,0,0,3,1,1,1,1,49,8,1798,8,6,TOYOTA PRIUS,2,E01000544,0,-1
2023522300370,2023,522300370,2,8,0,6,6,5,5,0,0,0,0,0,0,0,1,1,1,1,1,-1,-1,1798,8,7,TOYOTA PRIUS,-1,-1,0,-1
2023010420966,2023,010420966,1,9,0,18,19,7,3,0,0,8,0,0,0,0,1,1,1,1,1,37,7,1797,8,10,TOYOTA PRIUS,1,E01004005,0,-1
2023010425006,2023,010425006,2,8,0,99,99,9,9,99,99,9,9,99,9,99,9,9,6,6,3,-1,-1,1798,8,11,TOYOTA PRIUS,-1,-1,0,-1
2023440169942,2023,440169942,2,9,0,2,2,0,0,0,0,1,0,0,0,0,3,1,6,6,3,-1,-1,1797,8,11,TOYOTA PRIUS,-1,-1,0,-1
2023010422372,2023,010422372,1,9,0,4,4,7,3,0,0,2,0,0,0,0,3,1,6,6,1,34,6,1797,8,9,TOYOTA PRIUS,3,E01004342,0,-1
2023201317887,2023,201317887,2,9,0,18,19,4,8,0,0,0,0,0,0,0,1,1,1,1,1,46,8,1797,8,8,TOYOTA PRIUS,3,E01009636,0,-1
2023430260322,2023,430260322,1,8,0,18,19,6,2,0,0,8,0,0,0,0,4,1,1,1,1,-1,-1,1798,8,4,TOYOTA PRIUS,-1,-1,0,-1
2023010435014,2023,010435014,1,9,0,99,99,9,9,99,99,9,9,99,9,99,9,9,6,6,1,65,9,1798,8,4,TOYOTA PRIUS,2,E01002831,0,-1
2023010457846,2023,010457846,1,8,0,99,99,9,9,99,99,9,9,99,9,99,2,9,1,1,1,35,6,1798,8,8,TOYOTA PRIUS,4,E01002650,0,-1
2023010467444,2023,010467444,1,9,0,3,3,3,7,0,0,2,0,0,0,0,2,1,6,6,1,30,6,1798,8,7,TOYOTA PRIUS,2,E01002763,0,-1
2023101306366,2023,101306366,1,8,0,7,7,1,5,0,0,8,0,0,0,0,4,1,1,1,1,47,8,1790,8,7,TOYOTA PRIUS,7,E01008374,0,-1
2023461330981,2023,461330981,1,9,0,6,6,2,6,0,0,0,0,0,0,0,2,1,5,6,1,57,9,1798,8,4,TOYOTA PRIUS,4,E01024167,0,-1
2023010425247,2023,010425247,2,9,0,3,3,1,5,0,0,0,0,0,1,0,4,1,1,1,1,53,8,1797,8,4,TOYOTA PRIUS,2,E01003066,0,-1
2023141276833,2023,141276833,1,9,0,18,19,8,3,0,0,1,0,0,0,0,1,1,5,6,1,29,6,1497,8,16,TOYOTA PRIUS,2,E01008107,0,-1
2023332300100,2023,332300100,2,8,0,9,9,3,1,0,0,5,0,0,0,0,4,1,1,1,1,30,6,1798,8,10,TOYOTA PRIUS,1,E01013761,0,-1
2023010423439,2023,010423439,1,8,0,99,99,9,9,99,99,9,9,99,9,99,9,9,6,6,3,-1,-1,1798,8,9,TOYOTA PRIUS,-1,-1,0,-1
2023010455311,2023,010455311,2,8,0,99,99,9,9,99,99,9,9,99,9,99,2,9,6,6,3,-1,-1,1798,8,6,TOYOTA PRIUS,-1,-1,0,-1
2023010437478,2023,010437478,2,8,0,99,99,9,9,99,99,9,9,99,9,99,1,9,6,6,3,-1,-1,1798,8,4,TOYOTA PRIUS,5,E01003737,0,-1
2023010454360,2023,010454360,2,9,0,99,99,9,9,99,99,9,9,99,9,99,1,9,6,6,3,-1,-1,1798,8,7,TOYOTA PRIUS,-1,-1,0,-1
2023010454030,2023,010454030,1,8,0,3,3,1,5,0,0,2,0,0,0,0,0,1,6,6,1,57,9,1797,8,9,TOYOTA PRIUS,6,E01004703,0,-1
2023010433403,2023,010433403,3,9,0,4,4,6,2,0,0,1,0,0,0,0,4,1,6,6,1,79,11,1497,8,15,TOYOTA PRIUS,4,E01000676,0,-1
2023010479347,2023,010479347,1,9,0,18,19,7,3,0,0,1,0,0,0,0,1,1,1,1,1,24,5,1798,8,7,TOYOTA PRIUS,2,E01002045,0,-1
2023010437805,2023,010437805,2,9,9,99,99,9,9,99,99,0,9,99,9,99,1,9,6,6,3,-1,-1,1797,8,10,TOYOTA PRIUS,-1,-1,0,-1
2023201422513,2023,201422513,1,9,0,18,19,6,2,0,0,0,0,4,0,0,1,1,2,2,1,62,9,1790,1,13,TOYOTA PRIUS,2,E01009885,0,-1
2023010467602,2023,010467602,1,8,0,9,9,3,1,0,0,6,0,0,0,0,1,1,6,6,1,49,8,1797,8,9,TOYOTA PRIUS,7,E01003696,0,-1
2023010430154,2023,010430154,1,8,0,99,99,9,9,99,99,9,9,99,9,99,9,9,6,6,1,51,8,1798,8,10,TOYOTA PRIUS,3,E01001366,0,-1
2023201291321,2023,201291321,1,8,0,18,19,3,7,2,2,8,0,0,0,0,3,1,1,1,1,30,6,1798,8,5,TOYOTA PRIUS,1,E01009485,0,-1
2023052302698,2023,052302698,1,9,0,18,19,4,8,0,0,0,0,0,0,0,1,1,1,1,1,41,7,1798,8,6,TOYOTA PRIUS,7,E01033750,0,-1
2023010459317,2023,010459317,1,9,9,99,99,9,9,99,99,9,9,99,9,99,9,9,6,6,3,-1,-1,1797,8,8,TOYOTA PRIUS,-1,-1,0,-1
2023010456721,2023,010456721,2,9,0,6,6,5,5,0,0,1,0,0,0,0,1,1,6,6,1,43,7,1797,8,11,TOYOTA PRIUS,-1,-1,0,-1
2023010470472,2023,010470472,2,9,0,99,99,9,9,99,99,9,9,99,9,99,1,9,6,6,3,-1,-1,1797,8,5,TOYOTA PRIUS,-1,-1,0,-1
2023010462961,2023,010462961,2,9,0,99,99,9,9,99,99,9,9,99,9,99,2,9,6,6,3,-1,-1,1797,8,12,TOYOTA PRIUS,-1,-1,0,-1
2023010486150,2023,010486150,2,9,9,99,99,9,9,99,99,9,9,99,9,99,1,9,6,6,3,-1,-1,1798,8,10,TOYOTA PRIUS,-1,-1,0,-1
2023461330050,2023,461330050,2,9,0,9,9,6,2,0,0,2,0,0,0,0,3,1,1,1,1,35,6,1797,8,13,TOYOTA PRIUS,5,E01024716,0,-1
2023451354990,2023,451354990,2,9,0,18,19,4,6,0,0,3,0,0,0,0,1,1,3,7,2,32,6,1791,8,11,TOYOTA PRIUS,10,E01030395,0,-1
2023421376356,2023,421376356,2,9,0,2,2,3,7,0,0,1,0,0,0,0,3,1,1,1,1,43,7,1798,8,5,TOYOTA PRIUS,2,E01021667,0,-1
2023201364942,2023,201364942,2,9,0,10,10,4,2,0,0,1,0,0,0,0,2,1,6,6,1,41,7,1797,8,8,TOYOTA PRIUS,1,E01009488,0,-1
2023010457965,2023,010457965,2,9,0,99,99,9,9,99,99,9,9,99,9,99,9,9,6,6,3,31,6,1798,8,9,TOYOTA PRIUS,6,E01003711,0,-1
2023010471270,2023,010471270,2,9,0,3,3,1,5,0,0,1,0,0,0,0,2,1,2,2,1,38,7,1798,8,6,TOYOTA PRIUS,-1,-1,0,-1
2023010465041,2023,010465041,1,9,0,3,3,1,5,0,0,6,0,0,0,0,1,1,6,6,1,36,7,1798,8,7,TOYOTA PRIUS,2,E01001491,0,-1
2023101355622,2023,101355622,1,8,0,18,19,7,3,0,0,2,0,7,1,0,1,1,1,1,1,40,7,1797,8,9,TOYOTA PRIUS,1,E01008438,0,-1
2023010482819,2023,010482819,1,9,0,10,10,1,6,0,0,1,0,0,0,0,2,1,1,1,1,49,8,1798,8,6,TOYOTA PRIUS,1,E01004456,0,-1
2023010430562,2023,010430562,1,9,0,18,19,5,1,0,0,1,0,0,0,0,1,1,6,6,1,44,7,1797,8,13,TOYOTA PRIUS,7,E01004297,0,-1
2023201368137,2023,201368137,1,9,0,9,9,7,5,0,0,1,0,10,7,10,1,1,5,6,1,26,6,1797,8,14,TOYOTA PRIUS,3,E01015168,0,-1
2023201311347,2023,201311347,1,9,0,18,19,6,2,0,0,2,0,0,0,0,1,1,1,1,1,46,8,1796,8,9,TOYOTA PRIUS,1,E01008914,0,-1
2023010449847,2023,010449847,1,9,0,18,19,1,5,0,0,1,0,0,0,0,1,1,1,1,1,64,9,1797,8,4,TOYOTA PRIUS,-1,-1,0,-1
2023010471107,2023,010471107,2,9,0,99,99,9,9,99,99,9,9,99,9,99,1,9,6,6,3,-1,-1,1798,8,10,TOYOTA PRIUS,-1,-1,0,-1
2023430326512,2023,430326512,2,9,0,18,19,3,7,0,0,0,0,0,0,0,1,1,1,1,1,32,6,1797,8,9,TOYOTA PRIUS,2,E01015759,0,-1
2023010460460,2023,010460460,2,8,0,99,99,9,9,99,99,9,9,99,9,99,2,9,6,6,3,-1,-1,1798,8,8,TOYOTA PRIUS,-1,-1,0,-1
2023010473482,2023,010473482,1,9,0,9,9,3,1,0,0,8,0,0,0,0,4,1,6,6,1,43,7,1797,8,8,TOYOTA PRIUS,1,E01004241,0,-1
2023451335410,2023,451335410,1,9,0,18,19,7,3,0,0,2,0,0,7,11,1,1,1,1,1,50,8,1797,8,10,TOYOTA PRIUS,3,E01003686,0,-1
2023010428601,2023,010428601,2,8,0,99,99,9,9,99,99,9,9,99,9,99,2,9,6,6,1,43,7,1797,8,13,TOYOTA PRIUS,5,E01004450,0,-1
2023461290903,2023,461290903,2,9,0,2,2,0,0,0,0,8,0,0,0,0,1,1,6,6,1,46,8,1798,8,9,TOYOTA PRIUS,5,E01024181,0,-1
2023471334662,2023,471334662,2,9,0,5,5,7,2,0,0,4,0,0,0,0,2,1,1,1,1,44,7,1798,8,7,TOYOTA PRIUS,1,E01033153,0,-1
2023131322495,2023,131322495,1,8,0,9,9,8,3,0,0,7,0,0,0,0,1,1,6,6,3,-1,-1,1797,8,14,TOYOTA PRIUS,-1,-1,0,-1
2023061281304,2023,061281304,1,9,-1,2,2,1,5,4,4,8,0,0,0,0,4,1,1,1,3,30,6,1797,8,14,TOYOTA PRIUS,-1,-1,0,-1
2023131289880,2023,131289880,1,9,0,1,1,8,4,0,0,0,0,0,0,0,2,1,6,6,3,-1,-1,1797,8,11,TOYOTA PRIUS,-1,-1,0,-1
2023371310516,2023,371310516,2,8,0,12,12,8,4,0,0,0,0,0,0,0,3,1,3,7,1,52,8,1797,8,12,TOYOTA PRIUS,2,E01030031,0,-1
2023332301039,2023,332301039,2,8,0,18,19,1,5,0,0,8,0,0,0,0,4,1,1,1,1,35,6,1797,8,8,TOYOTA PRIUS,4,E01013749,0,-1
2023010464890,2023,010464890,2,8,0,99,99,9,9,99,99,9,9,99,9,99,2,9,6,6,3,38,7,1800,8,9,TOYOTA PRIUS,4,E01003685,0,-1
2023010434107,2023,010434107,2,8,0,99,99,9,9,99,99,9,9,99,9,99,1,9,6,6,3,-1,-1,1797,8,4,TOYOTA PRIUS,2,E01001172,0,-1
2023141267564,2023,141267564,1,9,0,2,2,0,0,0,0,0,0,0,0,0,1,1,5,6,1,32,6,1497,8,16,TOYOTA PRIUS,4,E01008155,0,-1
2023041345220,2023,041345220,3,9,0,2,2,0,0,0,0,1,0,0,0,0,3,1,6,6,3,-1,-1,1797,8,13,TOYOTA PRIUS,-1,-1,0,-1
2023041370546,2023,041370546,1,9,0,5,5,1,5,0,0,1,0,0,0,0,0,1,1,1,1,36,7,1790,8,6,TOYOTA PRIUS,1,E01025183,0,-1
2023041290901,2023,041290901,1,9,0,9,9,0,5,0,0,6,0,0,1,0,1,1,1,1,1,39,7,1797,8,4,TOYOTA PRIUS,1,E01012681,0,-1
2023010450367,2023,010450367,2,9,0,99,99,9,9,99,99,9,9,99,9,99,1,9,6,6,3,-1,-1,1797,8,9,TOYOTA PRIUS,-1,-1,0,-1
2023010425360,2023,010425360,1,9,0,9,9,3,8,0,0,1,0,0,0,0,3,1,6,6,1,22,5,1791,8,11,TOYOTA PRIUS,2,E01001700,0,-1
2023201377867,2023,201377867,1,8,0,18,19,4,8,0,0,0,0,0,0,0,1,1,6,6,3,30,6,1797,8,5,TOYOTA PRIUS,-1,-1,0,-1
2023201371558,2023,201371558,1,9,0,5,5,2,6,0,0,0,0,0,0,0,3,1,1,1,1,50,8,1797,8,3,TOYOTA PRIUS,2,E01010522,0,-1
2023451374687,2023,451374687,1,9,0,3,3,1,5,0,0,0,0,0,0,0,2,1,5,6,1,25,5,1797,8,14,TOYOTA PRIUS,8,E01004135,0,-1
2023461316567,2023,461316567,1,9,0,18,19,2,8,0,0,0,0,10,0,0,1,1,5,6,1,69,10,1798,8,7,TOYOTA PRIUS,3,E01021126,0,-1
2023131370698,2023,131370698,1,9,0,5,5,5,1,0,0,5,0,0,0,0,1,1,1,1,1,49,8,1790,8,7,TOYOTA PRIUS,1,E01010622,0,-1
2023010436979,2023,010436979,2,9,0,99,99,9,9,99,99,9,9,99,9,99,9,9,6,6,3,-1,-1,1797,8,11,TOYOTA PRIUS,-1,-1,0,-1
2023010439426,2023,010439426,1,8,0,99,99,9,9,99,99,9,9,99,9,99,2,9,6,6,1,46,8,1798,8,8,TOYOTA PRIUS,5,E01004343,0,-1
2023411267381,2023,411267381,1,9,0,18,19,3,1,0,0,0,0,0,0,0,1,1,6,6,1,43,7,1797,8,13,TOYOTA PRIUS,3,E01000148,0,-1
2023010459634,2023,010459634,2,9,0,18,19,7,3,0,0,1,0,0,0,0,1,1,6,6,1,58,9,1798,8,7,TOYOTA PRIUS,2,E01004755,0,-1
2023201413525,2023,201413525,1,9,0,9,9,1,7,0,0,6,0,0,0,0,1,1,6,6,1,51,8,1797,8,8,TOYOTA PRIUS,4,E01009276,0,-1
2023201287351,2023,201287351,1,9,0,18,19,2,6,0,0,8,0,0,0,0,1,1,1,1,1,30,6,1797,8,8,TOYOTA PRIUS,3,E01033561,0,-1
2023070902019,2023,070902019,1,8,0,18,19,5,1,0,0,1,0,0,0,0,4,2,1,1,1,35,6,1797,8,7,TOYOTA PRIUS,2,E01005105,0,-1
2023320638315,2023,320638315,1,9,0,18,19,2,6,0,0,0,0,12,0,0,1,1,6,6,1,66,10,1797,8,3,TOYOTA PRIUS,-1,-1,0,-1
2023991324028,2023,991324028,2,9,0,4,4,5,1,0,0,0,0,0,0,0,2,1,5,6,2,51,8,1797,8,3,TOYOTA PRIUS,3,-1,0,-1
2023010453051,2023,010453051,1,9,0,18,19,5,1,0,0,8,0,0,0,0,1,2,6,6,1,47,8,1797,8,4,TOYOTA PRIUS,-1,-1,0,-1
2023010432114,2023,010432114,2,9,0,99,99,9,9,99,99,9,9,99,9,99,2,9,6,6,1,60,9,1798,8,10,TOYOTA PRIUS,9,E01000987,0,-1
2023061345272,2023,061345272,4,8,0,2,2,0,0,0,0,0,0,0,0,0,2,1,2,2,1,43,7,1797,8,13,TOYOTA PRIUS,4,E01005469,0,-1
2023010420102,2023,010420102,2,9,0,99,99,9,9,99,99,9,9,99,9,99,1,9,6,6,3,-1,-1,1797,8,10,TOYOTA PRIUS,-1,-1,0,-1
2023010484620,2023,010484620,1,9,0,18,19,3,7,0,0,0,0,0,0,0,1,1,6,6,1,58,9,1797,8,9,TOYOTA PRIUS,2,E01003082,0,-1
2023010469097,2023,010469097,1,9,3,18,19,1,5,0,0,0,0,0,0,0,1,1,6,6,1,33,6,1797,8,11,TOYOTA PRIUS,3,E01003555,0,-1
2023421362513,2023,421362513,2,9,0,9,9,3,1,0,0,0,0,0,0,0,4,1,5,6,1,65,9,1798,8,8,TOYOTA PRIUS,3,E01021713,0,-1
2023201377907,2023,201377907,1,9,0,9,9,4,2,2,2,6,0,0,0,0,1,1,5,6,1,58,9,1797,8,6,TOYOTA PRIUS,1,E01009192,0,-1
2023161363787,2023,161363787,1,9,0,18,19,2,6,0,0,1,0,0,0,0,4,1,6,6,1,75,10,1797,8,3,TOYOTA PRIUS,1,E01013162,0,-1
2023440117418,2023,440117418,1,9,0,9,9,1,0,0,0,8,0,0,0,0,3,1,1,1,2,33,6,1797,8,11,TOYOTA PRIUS,8,E01002657,0,-1
2023041354757,2023,041354757,2,9,0,18,19,7,3,0,0,8,0,0,0,0,3,1,5,6,1,37,7,1797,8,13,TOYOTA PRIUS,1,E01025295,0,-1
2023131384986,2023,131384986,1,9,0,18,19,7,3,0,0,2,0,0,0,0,1,1,1,1,1,64,9,1797,8,9,TOYOTA PRIUS,2,E01011914,0,-1
2023501348428,2023,501348428,1,9,0,18,19,5,1,0,0,1,0,0,0,0,4,1,6,6,3,-1,-1,1497,8,17,TOYOTA PRIUS,-1,-1,0,-1
2023430272627,2023,430272627,1,9,0,1,1,6,2,0,0,6,0,0,0,0,2,1,6,6,2,41,7,1797,8,12,TOYOTA PRIUS,3,E01016464,0,-1
2023010440066,2023,010440066,1,9,0,18,19,1,5,0,0,0,0,0,0,0,1,1,1,1,1,54,8,1797,8,9,TOYOTA PRIUS,-1,-1,0,-1
2023010444099,2023,010444099,1,8,0,11,11,7,3,0,0,0,0,0,0,0,4,1,6,6,1,45,7,1798,8,7,TOYOTA PRIUS,6,E01002662,0,-1
2023201326811,2023,201326811,2,9,0,18,19,6,2,0,0,2,0,0,0,0,1,1,1,1,1,42,7,1797,8,6,TOYOTA PRIUS,1,E01009408,0,-1
2023041356505,2023,041356505,2,9,0,3,3,1,5,0,0,1,0,0,0,0,2,1,4,7,1,21,5,1497,8,17,TOYOTA PRIUS,2,E01025238,0,-1
2023010455071,2023,010455071,1,9,0,4,4,1,5,0,0,4,0,0,0,0,2,1,6,6,2,40,7,1798,8,5,TOYOTA PRIUS,3,E01002589,0,-1
2023430110586,2023,430110586,1,8,0,18,19,8,4,0,0,1,0,7,0,2,1,1,1,1,1,43,7,1798,8,6,TOYOTA PRIUS,4,E01028529,0,-1
2023010479212,2023,010479212,1,9,0,18,19,3,7,0,0,8,0,0,0,0,3,1,1,1,1,34,6,1798,8,6,TOYOTA PRIUS,3,E01004203,0,-1
2023010446154,2023,010446154,1,8,0,18,19,5,1,0,0,2,0,0,0,0,4,1,1,1,1,60,9,1797,8,6,TOYOTA PRIUS,3,E01001362,0,-1
2023010420180,2023,010420180,2,9,0,99,99,9,9,99,99,0,9,99,9,99,1,9,6,6,3,52,8,1797,8,9,TOYOTA PRIUS,6,E01003437,0,-1
2023041356228,2023,041356228,1,9,0,9,9,7,3,0,0,5,0,0,0,0,1,1,1,1,1,40,7,1797,8,4,TOYOTA PRIUS,7,E01025027,0,-1
2023401311403,2023,401311403,1,8,0,16,19,1,5,0,0,0,0,0,0,0,4,1,1,1,1,58,9,1797,8,7,TOYOTA PRIUS,2,E01015787,0,-1
2023451292160,2023,451292160,1,9,0,10,10,6,2,0,0,0,0,0,0,0,2,1,6,6,2,40,7,1797,8,4,TOYOTA PRIUS,-1,-1,0,-1
2023010463521,2023,010463521,1,8,0,99,99,9,9,0,0,9,0,99,0,0,9,9,6,6,1,62,9,1797,8,10,TOYOTA PRIUS,5,E01015700,0,-1
2023010486124,2023,010486124,1,8,0,17,19,7,3,0,0,0,0,0,0,0,2,1,1,1,1,50,8,1798,8,10,TOYOTA PRIUS,1,E01004285,0,-1
2023010462971,2023,010462971,1,8,0,18,19,4,8,0,0,0,0,0,7,0,4,1,1,1,1,33,6,1800,8,10,TOYOTA PRIUS,2,E01001172,0,-1
2023010461497,2023,010461497,1,8,0,18,19,8,4,0,0,8,0,0,0,0,3,1,1,1,1,54,8,1797,8,9,TOYOTA PRIUS,1,E01001798,0,-1
2023010464765,2023,010464765,3,8,0,99,99,9,9,99,99,0,9,99,9,99,0,9,6,6,3,-1,-1,1797,8,10,TOYOTA PRIUS,-1,-1,0,-1
2023010457311,2023,010457311,1,9,0,2,2,0,0,0,0,0,0,0,0,0,3,1,6,6,3,-1,-1,1797,8,10,TOYOTA PRIUS,-1,-1,0,-1
2023010423885,2023,010423885,1,8,0,9,9,5,3,0,0,4,0,0,0,0,1,1,1,1,1,29,6,1798,8,6,TOYOTA PRIUS,1,E01003060,0,-1
2023010430614,2023,010430614,2,9,0,99,99,9,9,99,99,9,9,99,9,99,9,9,6,6,3,-1,-1,1797,8,12,TOYOTA PRIUS,7,E01001495,0,-1
2023010420839,2023,010420839,2,9,0,99,99,9,9,99,99,0,9,99,9,99,1,9,6,6,3,-1,-1,1497,8,18,TOYOTA PRIUS,-1,-1,0,-1
2023010426720,2023,010426720,1,8,0,99,99,9,9,99,99,9,9,99,9,99,2,9,1,1,1,47,8,1798,8,7,TOYOTA PRIUS,4,E01001183,0,-1
2023471338002,2023,471338002,3,9,0,4,4,6,2,0,0,1,0,0,0,0,2,2,5,6,1,76,11,1797,8,13,TOYOTA PRIUS,4,E01020936,0,-1
2023010451816,2023,010451816,3,9,0,18,19,1,5,0,0,0,0,0,0,0,1,1,6,6,1,38,7,1798,8,6,TOYOTA PRIUS,4,E01002444,0,-1
2023052301744,2023,052301744,1,8,0,18,19,5,1,0,0,0,0,0,0,0,1,1,6,6,1,38,7,1797,8,9,TOYOTA PRIUS,1,E01032508,0,-1
2023010432869,2023,010432869,1,9,0,18,19,7,3,0,0,3,0,0,0,0,2,1,1,1,1,56,9,1797,8,5,TOYOTA PRIUS,1,E01004245,0,-1
2023061310504,2023,061310504,1,9,-1,18,19,-1,-1,0,0,0,0,0,0,0,0,1,6,6,3,43,7,1797,8,4,TOYOTA PRIUS,1,E01005104,0,-1
2023010424818,2023,010424818,3,9,0,18,19,7,3,0,0,0,0,0,0,0,3,1,6,6,1,65,9,1798,8,9,TOYOTA PRIUS,2,E01001696,0,-1
2023010451962,2023,010451962,2,8,0,4,4,6,2,4,4,0,0,8,0,0,4,1,1,1,1,49,8,1798,8,7,TOYOTA PRIUS,3,E01001930,0,-1
2023010460931,2023,010460931,1,8,0,99,99,9,9,99,99,9,9,99,9,99,9,9,1,1,1,57,9,1790,8,8,TOYOTA PRIUS,2,E01004283,0,-1
2023010461910,2023,010461910,1,9,9,6,6,5,5,99,99,9,9,99,9,99,9,9,6,6,3,-1,-1,1800,1,11,TOYOTA PRIUS,-1,-1,0,-1
2023201389329,2023,201389329,1,8,0,5,5,8,4,0,0,6,0,0,0,0,3,1,1,1,1,53,8,1798,8,8,TOYOTA PRIUS,-1,-1,0,-1
2023010436937,2023,010436937,1,9,0,18,19,4,8,9,9,0,0,10,0,0,4,1,6,6,1,52,8,1798,8,5,TOYOTA PRIUS,3,E01003235,0,-1
2023010464882,2023,010464882,1,8,0,3,3,3,7,0,0,1,0,8,0,0,1,1,1,1,1,27,6,1797,8,10,TOYOTA PRIUS,1,E01004222,0,-1
2023451339577,2023,451339577,1,9,0,9,9,5,3,0,0,0,0,0,0,0,1,1,5,6,1,38,7,1797,8,13,TOYOTA PRIUS,6,E01001184,0,-1
2023061388609,2023,061388609,1,9,0,-1,-1,-1,-1,-1,-1,0,-1,-1,-1,0,-1,1,6,6,3,-1,-1,1797,8,13,TOYOTA PRIUS,-1,-1,0,-1
2023010421437,2023,010421437,1,8,0,8,8,5,8,0,0,0,0,0,0,0,4,1,1,1,1,49,8,1798,8,8,TOYOTA PRIUS,8,E01000412,0,-1
2023010448611,2023,010448611,1,9,0,13,13,6,2,0,0,2,0,0,7,0,1,1,6,6,3,22,5,1797,8,12,TOYOTA PRIUS,6,E01000220,0,-1
2023201378884,2023,201378884,1,9,0,9,9,3,8,0,0,6,0,0,0,0,1,1,1,1,1,31,6,1797,8,6,TOYOTA PRIUS,1,E01009373,0,-1
2023010466896,2023,010466896,1,9,0,9,9,3,1,0,0,5,0,0,0,0,4,1,6,6,1,49,8,1797,8,9,TOYOTA PRIUS,2,E01004197,0,-1
2023010477442,2023,010477442,1,9,0,99,99,9,9,99,99,9,9,99,9,99,2,9,1,1,1,39,7,1797,8,10,TOYOTA PRIUS,3,E01003734,0,-1
2023461303292,2023,461303292,1,9,0,9,9,3,1,0,0,8,0,0,0,0,4,1,1,1,1,37,7,1797,8,3,TOYOTA PRIUS,7,E01024802,0,-1
2023332300251,2023,332300251,1,9,0,18,19,5,1,0,0,6,0,0,0,0,1,1,2,2,1,30,6,1497,8,18,TOYOTA PRIUS,3,E01013630,0,-1
2023010420455,2023,010420455,2,9,0,99,99,9,9,99,99,0,9,99,9,99,9,9,6,6,3,-1,-1,1798,8,8,TOYOTA PRIUS,-1,-1,0,-1
2023010444770,2023,010444770,2,9,0,99,99,9,9,99,99,9,9,99,9,99,1,9,6,6,3,-1,-1,1798,8,7,TOYOTA PRIUS,-1,-1,0,-1
2023481371498,2023,481371498,2,8,0,18,19,7,3,0,0,2,0,0,0,0,4,1,1,1,1,45,7,1790,8,9,TOYOTA PRIUS,-1,-1,0,-1
2023421302931,2023,421302931,2,9,0,18,19,1,5,0,0,0,0,0,0,0,1,1,6,6,1,44,7,1497,8,14,TOYOTA PRIUS,4,E01021598,0,-1
2023161329439,2023,161329439,1,9,0,4,4,7,3,0,0,0,0,0,0,0,2,1,5,6,1,48,8,1797,8,13,TOYOTA PRIUS,9,E01027882,0,-1
2023010459277,2023,010459277,4,9,0,2,2,0,0,2,2,8,0,10,0,0,4,1,6,6,3,-1,-1,1797,8,11,TOYOTA PRIUS,-1,-1,0,-1
2023010446609,2023,010446609,1,9,0,9,9,5,2,0,0,1,0,0,0,0,1,1,6,6,1,66,10,1797,8,12,TOYOTA PRIUS,4,E01002648,0,-1
2023010444112,2023,010444112,2,8,0,99,99,9,9,99,99,9,9,99,9,99,9,9,6,6,3,59,9,1798,8,11,TOYOTA PRIUS,4,E01004628,0,-1
2023430088008,2023,430088008,2,9,0,17,19,2,7,0,0,8,0,0,0,0,1,1,6,6,1,18,4,1797,8,14,TOYOTA PRIUS,6,E01017911,0,-1
2023010457039,2023,010457039,1,9,0,18,19,8,4,0,0,1,0,0,0,0,1,1,6,6,1,59,9,1798,8,6,TOYOTA PRIUS,3,E01016014,0,-1
2023010419543,2023,010419543,3,9,0,2,2,0,0,0,0,2,0,0,0,0,2,1,6,6,3,-1,-1,1798,8,5,TOYOTA PRIUS,-1,-1,0,-1
2023401383200,2023,401383200,3,9,0,18,19,8,4,0,0,0,0,0,0,0,1,1,6,6,1,49,8,1798,8,3,TOYOTA PRIUS,2,E01016718,0,-1
2023010472497,2023,010472497,2,8,0,99,99,9,9,99,99,9,9,99,9,99,9,9,6,6,1,38,7,1797,8,9,TOYOTA PRIUS,1,E01002673,0,-1
2023010452924,2023,010452924,2,9,0,99,99,9,9,99,99,9,9,99,9,99,9,9,6,6,1,27,6,1798,8,5,TOYOTA PRIUS,3,E01001774,0,-1