collision_index,collision_year,collision_ref_no,vehicle_reference,vehicle_type,towing_and_articulation,vehicle_manoeuvre_historic,vehicle_manoeuvre,vehicle_direction_from,vehicle_direction_to,vehicle_location_restricted_lane_historic,vehicle_location_restricted_lane,junction_location,skidding_and_overturning,hit_object_in_carriageway,vehicle_leaving_carriageway,hit_object_off_carriageway,first_point_of_impact,vehicle_left_hand_drive,journey_purpose_of_driver_historic,journey_purpose_of_driver,sex_of_driver,age_of_driver,age_band_of_driver,engine_capacity_cc,propulsion_code,age_of_vehicle,generic_make_model,driver_imd_decile,lsoa_of_driver,escooter_flag,driver_distance_banding
2023320619422,2023,320619422,1,9,0,18,19,4,8,0,0,1,0,0,0,0,4,1,6,6,1,43,7,1497,8,16,TOYOTA PRIUS,1,E01026126,0,-1
2023010456558,2023,010456558,1,9,0,99,99,9,9,99,99,9,9,99,9,99,2,9,6,6,2,50,8,1797,8,13,TOYOTA PRIUS,9,E01002112,0,-1
2023010441997,2023,010441997,1,8,0,99,99,9,9,99,99,9,9,99,9,99,9,9,6,6,3,46,8,1798,8,10,TOYOTA PRIUS,1,E01001155,0,-1
2023010439271,2023,010439271,1,8,0,18,19,3,7,0,0,0,0,0,0,0,1,1,1,1,1,57,9,1798,8,10,TOYOTA PRIUS,1,E01003963,0,-1
2023010462034,2023,010462034,2,8,0,18,19,5,1,0,0,1,0,0,0,0,2,1,1,1,1,54,8,1798,8,8,TOYOTA PRIUS,3,E01001363,0,-1
2023010440615,2023,010440615,1,9,0,9,9,3,8,0,0,8,0,7,0,0,1,1,6,6,1,26,6,1798,8,8,TOYOTA PRIUS,1,E01010821,0,-1
2023010472725,2023,010472725,2,9,0,99,99,9,9,99,99,0,9,99,9,99,1,9,6,6,3,-1,-1,1795,8,13,TOYOTA PRIUS,-1,-1,0,-1
2023201421641,2023,201421641,1,9,0,18,19,4,8,0,0,0,0,10,1,0,1,1,6,6,1,58,9,1790,8,9,TOYOTA PRIUS,2,E01010020,0,-1
2023010481988,2023,010481988,2,8,0,18,19,3,7,0,0,8,0,0,1,11,0,1,6,6,1,62,9,1797,8,7,TOYOTA PRIUS,4,E01001173,0,-1
2023131316713,2023,131316713,1,9,0,18,19,8,4,0,0,0,1,0,0,0,3,1,5,6,1,41,7,1497,8,17,TOYOTA PRIUS,1,E01010702,0,-1
2023340WN3792,2023,340WN3792,2,8,0,4,4,7,3,0,0,0,0,0,0,0,0,1,1,1,1,50,8,1798,8,11,TOYOTA PRIUS,2,E01027137,0,-1
2023010441676,2023,010441676,1,9,0,18,19,5,1,2,2,0,0,0,0,0,1,1,1,1,1,32,6,1798,8,10,TOYOTA PRIUS,2,E01001432,0,-1
2023010471424,2023,010471424,1,9,0,18,19,1,5,0,0,3,0,11,0,0,1,1,6,6,1,47,8,1798,8,9,TOYOTA PRIUS,3,E01000035,0,-1
2023010462600,2023,010462600,1,9,0,4,4,1,5,0,0,0,0,0,0,0,3,1,6,6,1,64,9,1798,8,6,TOYOTA PRIUS,3,E01004020,0,-1
2023522401263,2023,522401263,1,8,0,5,5,5,1,0,0,8,0,0,1,10,2,1,6,6,1,45,7,1798,8,4,TOYOTA PRIUS,1,E01014653,0,-1
2023411357156,2023,411357156,2,8,-1,-1,-1,5,1,-1,-1,0,-1,-1,-1,0,-1,1,1,1,1,38,7,1798,8,6,TOYOTA PRIUS,5,E01015700,0,-1
2023010446428,2023,010446428,2,8,0,4,4,1,5,0,0,1,0,0,0,0,4,1,1,1,1,39,7,1797,8,8,TOYOTA PRIUS,2,E01004239,0,-1
2023010440490,2023,010440490,1,8,0,99,99,9,9,99,99,9,9,99,9,99,2,9,1,1,1,35,6,1797,8,6,TOYOTA PRIUS,6,E01000590,0,-1
2023991308503,2023,991308503,2,9,0,18,19,1,5,0,0,0,0,0,0,0,3,1,3,7,2,42,7,1497,8,15,TOYOTA PRIUS,7,-1,0,-1
2023010445511,2023,010445511,2,9,0,99,99,9,9,99,99,9,9,99,9,99,1,9,6,6,3,-1,-1,1797,8,9,TOYOTA PRIUS,3,E01003583,0,-1
2023010454323,2023,010454323,1,9,0,9,9,6,4,4,4,1,0,0,0,0,3,1,6,6,2,55,8,1797,8,12,TOYOTA PRIUS,3,E01003589,0,-1
2023010446106,2023,010446106,2,9,9,3,3,5,1,99,99,9,9,99,9,99,9,9,6,6,3,-1,-1,1798,8,0,TOYOTA PRIUS,-1,-1,0,-1
2023211288681,2023,211288681,2,8,-1,9,9,4,2,-1,-1,-1,-1,-1,-1,0,-1,1,1,1,1,-1,-1,1798,8,11,TOYOTA PRIUS,1,E01010340,0,-1
2023010477267,2023,010477267,1,9,0,18,19,1,5,0,0,2,0,0,0,0,1,1,6,6,2,40,7,1797,8,12,TOYOTA PRIUS,1,E01000061,0,-1
2023010422358,2023,010422358,3,9,0,3,3,5,1,0,0,1,0,4,0,0,2,1,2,2,1,38,7,1497,8,15,TOYOTA PRIUS,1,E01001410,0,-1
2023131305408,2023,131305408,1,9,0,18,19,6,2,0,0,0,0,0,0,0,3,1,1,1,1,59,9,1797,8,7,TOYOTA PRIUS,1,E01010700,0,-1
2023131322988,2023,131322988,1,9,0,18,19,4,8,0,0,0,0,4,0,0,1,1,1,1,1,24,5,1797,8,13,TOYOTA PRIUS,1,E01033693,0,-1
2023451294943,2023,451294943,1,8,0,5,5,0,0,0,0,0,0,0,0,0,0,1,5,6,1,45,7,1797,8,9,TOYOTA PRIUS,4,E01001174,0,-1
2023010461627,2023,010461627,1,8,0,18,19,5,1,0,0,0,0,0,0,0,2,2,1,1,1,40,7,1797,8,9,TOYOTA PRIUS,4,E01001595,0,-1
2023430286906,2023,430286906,1,9,0,5,5,4,8,0,0,0,0,0,0,0,4,1,6,6,2,-1,-1,1497,8,19,TOYOTA PRIUS,-1,-1,0,-1
2023010485920,2023,010485920,1,8,0,18,19,7,3,0,0,6,0,0,7,0,0,1,6,6,1,41,7,1798,8,6,TOYOTA PRIUS,-1,-1,0,-1
2023221288567,2023,221288567,1,9,0,16,19,7,2,0,0,8,0,0,0,0,1,1,6,6,1,40,7,1797,8,7,TOYOTA PRIUS,3,E01000922,0,-1
2023311299633,2023,311299633,1,8,0,18,19,7,2,0,0,8,0,0,0,0,1,1,1,1,1,51,8,1798,8,10,TOYOTA PRIUS,-1,-1,0,-1
2023010420495,2023,010420495,1,8,0,5,5,1,5,0,0,1,0,0,1,0,1,1,1,1,1,61,9,1798,8,9,TOYOTA PRIUS,4,E01000478,0,-1
2023451315973,2023,451315973,1,9,0,11,11,1,5,0,0,0,0,0,0,0,2,1,5,6,1,36,7,1798,8,8,TOYOTA PRIUS,5,E01000615,0,-1
2023201339660,2023,201339660,1,9,0,18,19,1,5,0,0,2,0,0,0,0,3,1,1,1,1,47,8,1797,8,7,TOYOTA PRIUS,1,E01009110,0,-1
2023010479101,2023,010479101,2,9,0,99,99,9,9,99,99,9,9,99,9,99,1,9,6,6,3,-1,-1,1797,8,13,TOYOTA PRIUS,5,E01002410,0,-1
2023411358848,2023,411358848,1,9,0,18,19,-1,-1,0,0,0,0,0,0,0,3,1,6,6,3,-1,-1,1798,8,9,TOYOTA PRIUS,-1,-1,0,-1
2023481387820,2023,481387820,1,9,0,18,19,7,3,0,0,8,0,0,0,0,1,1,1,1,1,40,7,1797,8,6,TOYOTA PRIUS,-1,-1,0,-1
2023010463788,2023,010463788,1,8,0,18,19,1,5,0,0,2,0,11,0,0,1,1,1,1,2,50,8,1797,8,8,TOYOTA PRIUS,5,E01017901,0,-1
2023010475957,2023,010475957,1,8,0,99,99,9,9,99,99,9,9,99,9,99,1,9,6,6,3,-1,-1,1800,8,10,TOYOTA PRIUS,-1,-1,0,-1
2023010451939,2023,010451939,2,9,0,99,99,9,9,99,99,9,9,99,9,99,1,9,6,6,3,-1,-1,1797,8,4,TOYOTA PRIUS,-1,-1,0,-1
2023010452955,2023,010452955,2,9,0,99,99,9,9,99,99,9,9,99,9,99,1,9,6,6,3,-1,-1,1797,8,12,TOYOTA PRIUS,-1,-1,0,-1
2023010439020,2023,010439020,1,8,0,9,9,8,6,0,0,8,0,0,0,0,1,1,1,1,1,25,5,1798,8,11,TOYOTA PRIUS,2,E01002392,0,-1
2023471333239,2023,471333239,1,9,0,-1,-1,-1,-1,-1,-1,-1,-1,-1,-1,0,3,1,6,6,1,45,7,1797,8,9,TOYOTA PRIUS,8,E01017000,0,-1
2023010449938,2023,010449938,2,9,9,99,99,9,9,99,99,9,9,99,9,99,9,9,6,6,3,-1,-1,1797,8,11,TOYOTA PRIUS,-1,-1,0,-1
2023010472780,2023,010472780,2,9,0,5,5,0,2,0,0,8,0,0,0,0,1,1,6,6,1,26,6,1797,8,12,TOYOTA PRIUS,8,E01030908,0,-1
2023010486597,2023,010486597,1,9,0,99,99,9,9,99,99,9,9,99,9,99,2,9,2,2,1,55,8,1791,8,11,TOYOTA PRIUS,4,E01003718,0,-1
2023010472986,2023,010472986,1,9,0,16,19,1,5,0,0,1,0,0,0,0,1,1,6,6,1,19,4,1797,8,8,TOYOTA PRIUS,3,E01004274,0,-1
2023302300775,2023,302300775,1,8,0,9,9,4,2,0,0,5,0,0,0,0,4,1,1,1,1,53,8,1497,8,17,TOYOTA PRIUS,1,E01013566,0,-1
2023010432134,2023,010432134,2,9,0,99,99,9,9,99,99,9,9,99,9,99,1,9,6,6,3,-1,-1,1798,8,11,TOYOTA PRIUS,-1,-1,0,-1
2023010479789,2023,010479789,3,8,0,18,19,7,3,0,0,2,0,0,0,0,4,1,1,1,1,58,9,1798,8,9,TOYOTA PRIUS,2,E01001333,0,-1
2023311370488,2023,311370488,1,8,0,18,19,7,3,0,0,0,0,0,0,0,1,1,1,1,1,53,8,1800,8,11,TOYOTA PRIUS,3,E01013930,0,-1
2023010482528,2023,010482528,2,9,0,18,19,1,5,0,0,1,0,99,0,0,1,1,6,6,1,49,8,1797,8,10,TOYOTA PRIUS,6,E01023545,0,-1
2023451356534,2023,451356534,2,9,0,3,3,5,1,0,0,1,0,0,0,0,1,1,6,6,1,47,8,1798,8,10,TOYOTA PRIUS,-1,-1,0,-1
2023010456420,2023,010456420,1,9,9,99,99,9,9,99,99,9,9,99,9,99,9,9,6,6,1,41,7,1797,8,10,TOYOTA PRIUS,4,E01000621,0,-1
2023010434298,2023,010434298,1,9,0,18,19,7,3,0,0,0,0,0,0,0,1,1,2,2,1,48,8,1797,8,10,TOYOTA PRIUS,2,E01004264,0,-1
2023061339845,2023,061339845,1,9,0,8,8,3,7,0,0,1,0,0,0,0,3,1,1,1,1,56,9,1497,8,19,TOYOTA PRIUS,2,E01004828,0,-1
2023010448775,2023,010448775,1,9,0,99,99,9,9,99,99,9,9,99,9,99,1,9,6,6,1,70,10,1791,8,11,TOYOTA PRIUS,2,E01003137,0,-1
2023010464337,2023,010464337,2,9,0,99,99,9,9,99,99,9,9,99,9,99,9,9,6,6,3,-1,-1,1797,8,6,TOYOTA PRIUS,-1,-1,0,-1
2023501354168,2023,501354168,2,9,0,7,7,6,8,2,2,1,0,0,0,0,4,1,6,6,1,51,8,1497,8,16,TOYOTA PRIUS,2,E01015073,0,-1
2023010450509,2023,010450509,1,9,0,3,3,7,3,0,0,1,0,0,0,0,4,1,6,6,2,46,8,1497,8,15,TOYOTA PRIUS,8,E01001106,0,-1
2023061334341,2023,061334341,3,9,0,4,4,4,8,0,0,0,0,0,0,0,2,1,6,6,1,50,8,1797,8,4,TOYOTA PRIUS,-1,-1,0,-1
2023010472681,2023,010472681,1,8,0,99,99,9,9,99,99,9,9,99,9,99,2,9,6,6,3,-1,-1,1798,8,10,TOYOTA PRIUS,-1,-1,0,-1
2023010423224,2023,010423224,1,9,0,6,6,1,1,0,0,0,0,0,0,0,1,1,6,6,1,63,9,1797,8,7,TOYOTA PRIUS,3,E01002508,0,-1
2023010464136,2023,010464136,2,9,9,99,99,9,9,99,99,5,9,99,9,99,9,9,6,6,3,-1,-1,1497,8,15,TOYOTA PRIUS,-1,-1,0,-1
2023201309166,2023,201309166,2,8,0,18,19,7,3,0,0,8,0,0,0,0,1,1,1,1,1,32,6,1797,8,6,TOYOTA PRIUS,1,E01009123,0,-1
2023201329482,2023,201329482,1,9,0,7,7,1,3,0,0,5,0,0,0,0,4,1,1,1,1,39,7,1797,8,6,TOYOTA PRIUS,1,E01008913,0,-1
2023471314815,2023,471314815,1,9,0,18,19,7,3,0,0,0,0,0,0,0,3,1,1,1,1,65,9,1798,8,6,TOYOTA PRIUS,4,E01020935,0,-1
2023010486480,2023,010486480,2,9,0,99,99,9,9,99,99,9,9,99,9,99,9,9,6,6,3,-1,-1,1800,8,10,TOYOTA PRIUS,-1,-1,0,-1
2023010447807,2023,010447807,1,9,0,5,5,7,3,0,0,0,0,0,0,0,1,1,6,6,1,46,8,1497,8,17,TOYOTA PRIUS,4,E01004258,0,-1
2023430298276,2023,430298276,2,9,0,18,19,8,4,0,0,1,0,0,0,0,1,1,6,6,1,-1,-1,1798,8,3,TOYOTA PRIUS,-1,-1,0,-1
2023201302952,2023,201302952,1,8,0,2,2,0,0,0,0,2,0,0,0,0,3,1,1,1,1,38,7,1790,8,8,TOYOTA PRIUS,1,E01008913,0,-1
2023010443348,2023,010443348,1,9,0,18,19,3,7,0,0,1,0,0,0,0,1,1,6,6,1,39,7,1798,8,7,TOYOTA PRIUS,-1,-1,0,-1
2023010462989,2023,010462989,1,8,0,99,99,9,9,99,99,9,9,99,9,99,9,9,1,1,1,47,8,1797,8,10,TOYOTA PRIUS,2,E01000484,0,-1
2023332300314,2023,332300314,1,9,0,18,19,1,5,0,0,8,0,0,0,0,1,1,6,6,1,67,10,1798,8,9,TOYOTA PRIUS,6,E01032603,0,-1
2023010462726,2023,010462726,1,8,0,18,19,7,3,0,0,1,0,0,0,0,1,1,1,1,1,40,7,1798,8,7,TOYOTA PRIUS,2,E01027248,0,-1
2023201298684,2023,201298684,2,9,0,2,2,0,0,0,0,1,0,0,0,0,1,1,6,6,1,-1,-1,1798,8,4,TOYOTA PRIUS,-1,-1,0,-1
2023010426497,2023,010426497,1,9,0,4,4,6,2,0,0,1,0,0,0,0,3,1,1,1,1,59,9,1797,8,4,TOYOTA PRIUS,3,E01001640,0,-1
2023010445284,2023,010445284,1,8,0,99,99,9,9,99,99,9,9,99,9,99,0,9,1,1,1,51,8,1798,8,8,TOYOTA PRIUS,4,E01001165,0,-1
2023052301775,2023,052301775,1,9,0,18,19,2,6,0,0,0,0,0,0,0,1,1,6,6,1,-1,-1,1497,8,17,TOYOTA PRIUS,-1,-1,0,-1
2023131279492,2023,131279492,1,9,0,16,19,1,1,0,0,1,0,0,0,0,1,2,1,1,1,34,6,1790,8,9,TOYOTA PRIUS,2,E01010837,0,-1
2023010440119,2023,010440119,2,8,0,99,99,9,9,99,99,9,9,99,9,99,1,9,6,6,3,-1,-1,1797,8,8,TOYOTA PRIUS,-1,-1,0,-1
2023010465745,2023,010465745,1,9,0,99,99,9,9,99,99,9,9,99,9,99,3,9,6,6,3,63,9,1797,8,13,TOYOTA PRIUS,8,E01021750,0,-1
2023010473895,2023,010473895,1,8,0,9,9,7,5,0,0,1,0,0,0,0,1,1,6,6,1,50,8,1797,8,6,TOYOTA PRIUS,2,E01003735,0,-1
2023401368899,2023,401368899,2,9,0,9,9,1,5,0,0,1,0,0,0,0,2,1,6,6,1,42,7,1497,8,15,TOYOTA PRIUS,3,E01015765,0,-1
2023010478515,2023,010478515,2,8,9,1,1,7,3,0,0,9,0,99,0,0,2,9,6,6,3,-1,-1,1797,8,9,TOYOTA PRIUS,-1,-1,0,-1
2023010437786,2023,010437786,1,9,0,4,4,5,1,0,0,4,0,0,0,0,2,1,6,6,1,46,8,1797,8,13,TOYOTA PRIUS,-1,-1,0,-1
2023201281134,2023,201281134,1,9,0,5,5,3,7,0,0,0,0,0,0,0,1,1,6,6,3,46,8,1798,8,9,TOYOTA PRIUS,2,E01010338,0,-1
2023010449919,2023,010449919,2,9,9,99,99,9,9,99,99,9,9,99,9,99,9,9,6,6,3,-1,-1,1497,8,19,TOYOTA PRIUS,-1,-1,0,-1
2023421370010,2023,421370010,1,9,0,9,9,7,6,0,0,0,0,0,0,0,4,1,5,6,1,48,8,1798,8,6,TOYOTA PRIUS,7,E01021613,0,-1
2023010424604,2023,010424604,2,9,9,99,99,9,9,99,99,9,9,99,9,10,2,9,6,6,3,-1,-1,1797,8,11,TOYOTA PRIUS,-1,-1,0,-1
2023461294726,2023,461294726,2,9,0,18,19,4,8,0,0,0,1,0,0,0,2,1,5,6,1,56,9,1797,8,14,TOYOTA PRIUS,4,E01024694,0,-1
2023411299308,2023,411299308,1,9,0,18,19,-1,-1,0,0,8,0,0,0,0,3,1,1,1,1,39,7,1798,8,8,TOYOTA PRIUS,3,E01002130,0,-1
2023010471657,2023,010471657,1,9,0,5,5,4,8,0,0,0,0,0,0,0,1,1,6,6,1,22,5,1798,8,5,TOYOTA PRIUS,3,E01002185,0,-1
2023010480793,2023,010480793,2,8,0,9,9,1,7,0,0,2,0,0,0,0,1,1,1,1,1,47,8,1798,8,7,TOYOTA PRIUS,1,E01000105,0,-1
2023201411319,2023,201411319,1,9,0,9,9,8,6,0,0,8,0,0,0,0,1,1,6,6,1,29,6,1797,8,7,TOYOTA PRIUS,1,E01010532,0,-1
2023401344436,2023,401344436,2,9,0,18,19,5,1,0,0,1,0,0,0,0,1,1,5,6,1,42,7,1797,8,14,TOYOTA PRIUS,8,E01027160,0,-1
2023430197513,2023,430197513,1,9,0,18,19,1,5,0,0,0,0,0,0,0,1,1,6,6,2,23,5,1797,8,12,TOYOTA PRIUS,1,E01016742,0,-1
2023201393228,2023,201393228,1,9,0,18,19,4,8,0,0,4,0,0,0,0,1,1,1,1,1,51,8,1797,8,8,TOYOTA PRIUS,1,E01009275,0,-1
2023010464001,2023,010464001,2,8,0,13,13,8,4,0,0,0,0,0,0,0,4,1,1,1,1,47,8,1797,8,5,TOYOTA PRIUS,9,E01000538,0,-1
2023010464569,2023,010464569,1,9,0,99,99,9,9,99,99,9,9,99,9,99,9,9,1,1,1,42,7,1797,8,8,TOYOTA PRIUS,3,E01000035,0,-1
2023010474675,2023,010474675,2,9,0,99,99,9,9,99,99,9,9,99,9,99,1,9,6,6,3,-1,-1,1797,8,14,TOYOTA PRIUS,4,E01000405,0,-1
2023061355646,2023,061355646,2,8,0,6,6,6,5,0,0,8,0,0,7,0,3,1,1,1,1,42,7,1497,8,15,TOYOTA PRIUS,4,E01005491,0,-1
2023010455756,2023,010455756,2,8,0,9,9,5,3,0,0,8,0,10,8,11,1,1,1,1,1,31,6,1798,8,9,TOYOTA PRIUS,6,E01004474,0,-1
2023010470893,2023,010470893,2,9,0,99,99,9,9,99,99,9,9,99,9,99,1,9,6,6,3,-1,-1,1798,8,10,TOYOTA PRIUS,3,E01003280,0,-1
2023201318069,2023,201318069,1,9,0,18,19,1,6,0,0,8,0,0,0,0,1,1,1,1,1,53,8,1797,8,9,TOYOTA PRIUS,1,E01009489,0,-1
2023061358947,2023,061358947,1,9,0,17,19,5,2,0,0,4,0,0,0,0,3,1,1,1,1,55,8,1798,8,8,TOYOTA PRIUS,1,E01004826,0,-1
2023401277203,2023,401277203,2,9,0,18,19,5,1,0,0,0,1,0,0,0,2,1,5,6,1,39,7,1798,8,7,TOYOTA PRIUS,4,E01017476,0,-1
2023010443458,2023,010443458,2,9,9,99,99,9,9,99,99,9,9,99,9,99,9,9,6,6,3,-1,-1,1798,8,6,TOYOTA PRIUS,-1,-1,0,-1
2023061387069,2023,061387069,1,8,0,5,5,5,1,0,0,1,0,0,0,0,1,1,1,1,1,39,7,1798,8,6,TOYOTA PRIUS,-1,-1,0,-1
2023010472342,2023,010472342,2,9,0,6,6,7,7,0,0,1,0,0,0,0,0,1,2,2,1,31,6,1798,8,7,TOYOTA PRIUS,5,E01002410,0,-1
2023201298863,2023,201298863,3,9,0,18,19,6,2,0,0,0,0,0,0,0,1,1,6,6,1,-1,-1,1797,8,7,TOYOTA PRIUS,-1,-1,0,-1
2023201287021,2023,201287021,1,9,0,18,19,6,2,0,0,0,0,4,0,0,1,1,6,6,1,41,7,1797,8,9,TOYOTA PRIUS,4,E01009167,0,-1
2023010462932,2023,010462932,2,9,0,99,99,9,9,99,99,9,9,99,9,99,1,9,6,6,3,-1,-1,1797,8,13,TOYOTA PRIUS,-1,-1,0,-1
2023010443615,2023,010443615,2,9,0,5,5,0,1,9,9,8,0,4,0,0,1,1,1,1,1,55,8,1798,8,6,TOYOTA PRIUS,5,E01003692,0,-1
2023201416090,2023,201416090,2,9,0,18,19,7,3,0,0,8,0,0,0,0,1,1,6,6,1,43,7,1798,8,7,TOYOTA PRIUS,2,E01009075,0,-1
2023201395499,2023,201395499,1,8,0,5,5,8,4,0,0,0,0,0,0,0,1,1,6,6,1,51,8,1797,8,9,TOYOTA PRIUS,1,E01008916,0,-1
2023010451366,2023,010451366,2,8,0,18,19,7,3,0,0,0,0,0,0,0,2,1,6,6,1,46,8,1797,8,9,TOYOTA PRIUS,2,E01004268,0,-1
2023010438330,2023,010438330,2,9,0,9,9,5,3,0,0,8,0,0,0,0,1,1,1,1,1,45,7,1800,8,10,TOYOTA PRIUS,5,E01023342,0,-1
2023010479398,2023,010479398,1,8,0,99,99,9,9,99,99,9,9,99,9,99,2,9,1,1,1,55,8,1798,8,9,TOYOTA PRIUS,1,E01001957,0,-1
2023501399485,2023,501399485,1,9,0,7,7,5,3,0,0,8,0,0,0,0,1,1,6,6,1,54,8,1797,8,12,TOYOTA PRIUS,1,E01015045,0,-1
2023010459360,2023,010459360,1,9,0,99,99,9,9,99,99,9,9,99,9,99,2,9,6,6,1,36,7,1798,8,11,TOYOTA PRIUS,6,E01004218,0,-1
2023010424616,2023,010424616,1,8,0,18,19,3,7,0,0,1,0,0,0,0,1,1,6,6,1,53,8,1798,8,8,TOYOTA PRIUS,2,E01002031,0,-1
2023131324262,2023,131324262,1,9,0,18,19,5,1,0,0,0,0,0,0,0,1,1,1,1,1,62,9,1797,8,9,TOYOTA PRIUS,2,E01010804,0,-1
2023061310074,2023,061310074,1,8,0,9,9,2,8,0,0,8,0,0,0,0,1,1,6,6,1,30,6,1797,8,5,TOYOTA PRIUS,2,E01004873,0,-1
2023010479133,2023,010479133,1,9,0,18,19,5,1,0,0,8,0,0,0,0,3,1,1,1,1,55,8,1797,8,8,TOYOTA PRIUS,1,E01001885,0,-1
2023010423000,2023,010423000,2,9,0,99,99,9,9,99,99,9,9,99,9,99,1,9,6,6,2,33,6,1497,8,15,TOYOTA PRIUS,-1,-1,0,-1
2023010448901,2023,010448901,1,9,9,99,99,9,9,99,99,9,9,99,9,99,9,9,6,6,1,54,8,1798,8,9,TOYOTA PRIUS,4,E01033572,0,-1
2023010469699,2023,010469699,1,9,0,18,19,5,1,0,0,0,0,0,0,0,1,1,6,6,1,37,7,1798,8,7,TOYOTA PRIUS,-1,-1,0,-1
2023010478094,2023,010478094,2,9,9,99,99,9,9,99,99,9,9,99,9,99,9,9,6,6,3,42,7,1797,8,10,TOYOTA PRIUS,5,E01003935,0,-1
2023010433651,2023,010433651,2,9,0,99,99,9,9,99,99,9,9,99,9,99,9,9,6,6,1,41,7,1797,8,12,TOYOTA PRIUS,4,E01003770,0,-1
2023401332663,2023,401332663,2,9,0,18,19,5,3,0,0,0,0,0,0,0,1,1,6,6,1,39,7,1497,8,18,TOYOTA PRIUS,5,E01015739,0,-1
2023010460352,2023,010460352,2,9,0,99,99,9,9,99,99,0,9,99,9,99,1,9,6,6,3,-1,-1,1798,8,1,TOYOTA PRIUS,-1,-1,0,-1
2023430085017,2023,430085017,2,9,0,18,19,4,8,0,0,4,0,0,0,0,1,1,6,6,1,30,6,1797,8,11,TOYOTA PRIUS,-1,-1,0,-1
2023010464297,2023,010464297,2,9,9,99,99,9,9,99,99,0,9,99,9,99,9,9,6,6,3,-1,-1,1798,8,9,TOYOTA PRIUS,-1,-1,0,-1
2023201400152,2023,201400152,2,9,0,5,5,4,8,0,0,1,0,0,0,0,1,1,1,1,1,38,7,1797,8,14,TOYOTA PRIUS,2,E01009393,0,-1
2023010479829,2023,010479829,2,9,0,99,99,9,9,99,99,9,9,99,9,99,9,9,6,6,3,-1,-1,1497,8,16,TOYOTA PRIUS,-1,-1,0,-1
2023430505923,2023,430505923,1,8,0,18,19,4,8,0,0,0,0,0,0,0,1,1,1,1,1,50,8,1798,8,9,TOYOTA PRIUS,3,E01016456,0,-1
2023311361093,2023,311361093,1,8,0,18,19,3,7,1,1,0,0,0,0,0,1,1,1,1,1,50,8,1798,8,7,TOYOTA PRIUS,5,E01013931,0,-1
2023010446903,2023,010446903,1,9,0,9,9,7,4,0,0,6,0,0,0,0,1,1,1,1,1,30,6,1798,8,7,TOYOTA PRIUS,3,E01016511,0,-1
2023010450979,2023,010450979,3,9,9,99,99,9,9,99,99,9,9,99,9,99,9,9,6,6,3,-1,-1,1800,8,11,TOYOTA PRIUS,4,E01001187,0,-1
2023010447697,2023,010447697,1,9,0,99,99,9,9,99,99,9,9,99,9,99,9,9,1,1,1,40,7,1797,8,11,TOYOTA PRIUS,4,E01003329,0,-1
2023401394646,2023,401394646,1,9,0,4,4,1,5,0,0,4,0,0,0,0,3,1,6,6,1,28,6,1497,8,15,TOYOTA PRIUS,1,E01015789,0,-1
2023430145027,2023,430145027,1,9,0,5,5,2,6,0,0,2,0,0,0,0,1,1,6,6,1,86,11,2849,1,33,-1,10,E01016532,0,-1
2023141365236,2023,141365236,1,9,0,18,19,1,5,0,0,0,0,0,0,0,2,1,6,6,1,51,8,1969,2,4,VOLVO XC60,6,E01007554,0,-1
2023161285404,2023,161285404,1,9,0,18,19,5,1,0,0,1,1,4,0,0,1,1,6,6,1,61,9,2400,2,9,VOLVO XC60,10,E01013088,0,-1
2023131293303,2023,131293303,1,9,0,18,19,5,1,0,0,1,0,0,0,0,1,1,6,6,2,53,8,1969,8,3,VOLVO XC60,9,E01005508,0,-1
2023302301283,2023,302301283,2,9,0,10,10,8,6,0,0,1,0,0,0,0,2,1,6,6,2,54,8,2400,2,14,VOLVO XC60,9,E01019635,0,-1
2023461363330,2023,461363330,2,9,0,18,19,2,6,0,0,0,0,0,0,0,1,1,5,6,1,81,11,1969,8,1,VOLVO XC60,8,E01012582,0,-1
2023340WN4712,2023,340WN4712,3,9,0,10,10,6,2,0,0,1,0,0,0,0,0,1,1,1,1,25,5,1969,8,0,VOLVO XC60,8,E01027162,0,-1
2023340WN0742,2023,340WN0742,1,9,0,9,9,6,4,0,0,8,0,0,0,0,1,1,6,6,1,39,7,1969,12,2,VOLVO XC60,1,E01027195,0,-1
2023451311154,2023,451311154,1,9,0,9,9,4,8,0,0,0,0,0,0,0,1,1,5,6,2,44,7,1969,8,1,VOLVO XC60,10,E01030443,0,-1
2023010431825,2023,010431825,2,9,0,99,99,9,9,99,99,9,9,99,9,99,9,9,6,6,3,-1,-1,1984,2,12,VOLVO XC60,-1,-1,0,-1
2023010427643,2023,010427643,1,9,9,99,99,9,9,99,99,9,9,99,9,99,9,9,6,6,3,49,8,1969,1,6,VOLVO XC60,7,E01004620,0,-1
2023552300524,2023,552300524,2,9,0,3,3,7,3,0,0,0,0,0,0,0,2,1,6,6,1,65,9,1969,2,3,VOLVO XC60,8,E01020504,0,-1
2023522300484,2023,522300484,2,9,0,18,19,2,6,0,0,8,0,0,0,0,1,1,6,6,1,74,10,1969,8,2,VOLVO XC60,7,E01014680,0,-1
2023351353505,2023,351353505,1,9,0,4,4,5,1,0,0,0,0,0,0,0,1,1,2,2,1,57,9,2400,2,11,VOLVO XC60,4,E01015667,0,-1
2023991377356,2023,991377356,1,9,0,18,19,8,4,0,0,0,5,0,1,11,1,1,5,6,2,50,8,1969,2,3,VOLVO XC60,5,-1,0,-1
2023131261257,2023,131261257,2,9,0,9,9,1,5,9,9,0,0,0,0,0,1,1,3,7,2,30,6,1984,2,13,VOLVO XC60,7,E01010568,0,-1