collision_index,collision_year,collision_ref_no,vehicle_reference,vehicle_type,towing_and_articulation,vehicle_manoeuvre_historic,vehicle_manoeuvre,vehicle_direction_from,vehicle_direction_to,vehicle_location_restricted_lane_historic,vehicle_location_restricted_lane,junction_location,skidding_and_overturning,hit_object_in_carriageway,vehicle_leaving_carriageway,hit_object_off_carriageway,first_point_of_impact,vehicle_left_hand_drive,journey_purpose_of_driver_historic,journey_purpose_of_driver,sex_of_driver,age_of_driver,age_band_of_driver,engine_capacity_cc,propulsion_code,age_of_vehicle,generic_make_model,driver_imd_decile,lsoa_of_driver,escooter_flag,driver_distance_banding
2023122300821,2023,122300821,1,9,0,16,19,8,4,0,0,0,1,0,7,9,1,1,6,6,1,32,6,1969,8,2,VOLVO XC60,10,E01011702,0,-1
2023211403326,2023,211403326,1,9,0,18,19,7,3,0,0,0,0,0,0,0,1,1,6,6,2,35,6,1969,2,9,VOLVO XC60,6,E01029371,0,-1
2023010432286,2023,010432286,2,9,9,99,99,9,9,99,99,9,9,99,9,99,9,9,6,6,3,-1,-1,1969,2,7,VOLVO XC60,-1,-1,0,-1
2023545826923,2023,545826923,1,9,0,18,19,7,3,0,0,4,0,0,0,0,1,1,6,6,1,46,8,2400,2,8,VOLVO XC60,9,E01032706,0,-1
2023302301276,2023,302301276,1,9,0,9,9,1,7,0,0,2,0,0,0,0,3,1,6,6,2,72,10,1969,2,7,VOLVO XC60,8,E01019406,0,-1
2023010427878,2023,010427878,1,9,0,7,7,7,2,0,0,2,0,0,0,0,1,1,2,2,1,48,8,1969,8,2,VOLVO XC60,1,E01000508,0,-1
2023461375183,2023,461375183,2,9,0,18,19,5,1,0,0,0,0,0,0,0,3,1,5,6,2,50,8,1969,8,2,VOLVO XC60,10,E01024325,0,-1
2023141307723,2023,141307723,1,9,0,16,19,7,3,0,0,3,0,0,0,0,2,1,6,6,2,54,8,1969,2,7,VOLVO XC60,10,E01025650,0,-1
2023631359009,2023,631359009,2,9,0,3,3,7,3,0,0,0,0,0,0,0,2,1,6,6,2,62,9,2400,2,7,VOLVO XC60,6,W01000502,0,-1
2023201376016,2023,201376016,2,9,0,3,3,4,8,0,0,0,0,0,0,0,2,1,6,6,2,35,6,1969,1,4,VOLVO XC60,1,E01009502,0,-1
2023371294652,2023,371294652,3,9,0,4,4,5,1,0,0,0,0,0,0,0,2,1,5,6,2,44,7,2400,2,11,VOLVO XC60,5,E01026464,0,-1
2023501315597,2023,501315597,1,9,0,18,19,3,7,0,0,0,0,0,0,0,4,1,5,6,2,44,7,1984,2,11,VOLVO XC60,-1,-1,0,-1
2023351325802,2023,351325802,2,9,0,18,19,1,5,0,0,1,0,0,1,0,1,1,5,6,2,55,8,1969,12,3,VOLVO XC60,8,E01029957,0,-1
2023211307661,2023,211307661,1,9,0,18,19,5,1,0,0,0,0,0,0,0,1,1,5,6,2,60,9,1969,12,0,VOLVO XC60,-1,-1,0,-1
2023501265006,2023,501265006,2,9,-1,-1,-1,-1,-1,-1,-1,-1,-1,-1,-1,0,-1,1,6,6,2,46,8,2400,2,8,VOLVO XC60,6,E01018808,0,-1
2023010446736,2023,010446736,2,9,0,99,99,9,9,99,99,0,9,99,9,99,1,9,6,6,2,41,7,1969,2,8,VOLVO XC60,4,E01002248,0,-1
2023131346940,2023,131346940,2,9,0,18,19,7,3,0,0,0,0,0,0,0,1,1,5,6,2,39,7,1969,2,5,VOLVO XC60,5,E01011820,0,-1
2023451318706,2023,451318706,1,9,0,7,7,7,1,0,0,0,0,0,0,0,1,1,5,6,2,20,4,1969,2,6,VOLVO XC60,6,E01004108,0,-1
2023010473274,2023,010473274,4,9,0,2,2,0,0,0,0,2,0,0,0,0,1,1,6,6,3,-1,-1,1969,8,3,VOLVO XC60,-1,-1,0,-1
2023101312060,2023,101312060,1,9,0,6,6,3,3,0,0,8,0,0,0,0,3,1,5,6,1,36,7,2400,2,8,VOLVO XC60,6,E01027479,0,-1
2023361337969,2023,361337969,1,9,0,9,9,1,5,0,0,6,0,0,0,0,3,1,5,6,1,71,10,2400,2,12,VOLVO XC60,4,E01026776,0,-1
2023201391891,2023,201391891,2,9,0,4,4,3,7,0,0,1,0,0,0,0,2,1,1,1,1,-1,-1,1969,12,1,VOLVO XC60,5,E01032897,0,-1
2023631351333,2023,631351333,2,9,0,18,19,7,3,0,0,0,0,0,0,0,4,1,5,6,1,-1,-1,1969,8,0,VOLVO XC60,10,W01001823,0,-1
2023211327611,2023,211327611,1,9,0,18,19,2,6,0,0,0,0,0,0,0,3,1,1,1,1,32,6,1969,12,1,VOLVO XC60,-1,-1,0,-1
2023501328341,2023,501328341,2,9,0,17,19,3,1,0,0,0,0,0,0,0,1,1,5,6,1,58,9,2400,2,7,VOLVO XC60,8,-1,0,-1
2023221288571,2023,221288571,1,9,0,18,19,6,2,0,0,0,0,0,1,7,1,1,5,6,1,33,6,2400,2,10,VOLVO XC60,-1,-1,0,-1
202360A092352,2023,60A092352,2,9,0,4,4,3,7,0,0,0,0,0,0,0,2,1,6,6,1,59,9,2400,2,8,VOLVO XC60,-1,-1,0,-1
2023101372165,2023,101372165,1,9,0,18,19,5,1,0,0,0,0,0,0,0,0,1,6,6,2,55,8,1969,2,8,VOLVO XC60,-1,-1,0,-1
2023440448792,2023,440448792,2,9,0,9,9,8,6,0,0,1,0,0,0,0,1,1,6,6,2,72,10,1969,1,4,VOLVO XC60,10,E01022882,0,-1
2023041272578,2023,041272578,2,9,0,18,19,7,3,0,0,1,0,0,0,0,1,1,5,6,2,47,8,1969,2,4,VOLVO XC60,6,E01024921,0,-1
2023111267870,2023,111267870,2,9,0,18,19,5,2,0,0,8,0,0,0,0,4,1,5,6,1,41,7,1969,2,7,VOLVO XC60,7,E01012334,0,-1
2023552300990,2023,552300990,1,9,0,18,19,8,4,0,0,0,0,0,0,0,1,1,6,6,1,57,9,1969,12,1,VOLVO XC60,9,E01020356,0,-1
2023201363877,2023,201363877,2,9,0,18,19,1,5,0,0,0,0,0,0,0,4,1,6,6,1,42,7,1969,1,4,VOLVO XC60,10,E01011572,0,-1
202360A099234,2023,60A099234,1,9,0,18,19,4,8,0,0,0,0,0,7,4,3,1,6,6,2,48,8,1969,8,2,VOLVO XC60,-1,-1,0,-1
202360A098568,2023,60A098568,2,9,0,17,19,2,7,0,0,0,0,0,0,0,1,1,6,6,1,48,8,1969,2,5,VOLVO XC60,-1,-1,0,-1
2023471300750,2023,471300750,2,9,0,18,19,8,4,0,0,0,0,0,0,0,3,1,2,2,2,55,8,2400,2,8,VOLVO XC60,6,E01031513,0,-1
2023361285478,2023,361285478,2,9,0,5,5,3,7,0,0,0,0,0,0,0,1,1,5,6,1,47,8,1969,8,2,VOLVO XC60,8,E01026937,0,-1
2023131346170,2023,131346170,2,9,0,18,19,7,3,0,0,0,0,0,0,0,0,1,5,6,1,46,8,1969,8,2,VOLVO XC60,10,E01011948,0,-1
2023131281474,2023,131281474,2,9,0,2,2,0,0,0,0,8,0,0,0,0,3,1,6,6,3,-1,-1,2400,2,8,VOLVO XC60,-1,-1,0,-1
2023131304358,2023,131304358,2,9,0,18,19,7,3,0,0,0,0,0,0,0,2,1,5,6,1,54,8,2400,2,6,VOLVO XC60,10,E01027721,0,-1
2023440046089,2023,440046089,2,9,0,9,9,8,6,0,0,1,0,0,0,0,3,1,6,6,1,51,8,1969,8,0,VOLVO XC60,10,E01032870,0,-1
2023141279491,2023,141279491,2,9,0,18,19,4,8,0,0,0,0,0,0,0,1,1,2,2,1,66,10,2400,2,11,VOLVO XC60,10,E01011947,0,-1
2023311428821,2023,311428821,4,9,0,18,19,5,1,0,0,1,0,0,0,0,1,1,5,6,2,28,6,1969,2,7,VOLVO XC60,-1,-1,0,-1
2023031299782,2023,031299782,2,9,0,18,19,6,2,0,0,0,0,0,0,0,2,1,1,1,1,42,7,1969,2,7,VOLVO XC60,-1,-1,0,-1
2023161328143,2023,161328143,1,9,0,10,10,5,3,0,0,1,0,0,0,0,4,1,3,7,2,32,6,1969,2,7,VOLVO XC60,-1,-1,0,-1
2023401295797,2023,401295797,2,9,0,18,19,-1,-1,0,0,4,0,0,0,0,1,1,6,6,1,66,10,1969,2,6,VOLVO XC60,3,E01026064,0,-1
2023131373511,2023,131373511,1,9,0,16,19,2,6,0,0,2,0,0,0,0,1,1,6,6,3,-1,-1,2400,2,13,VOLVO XC60,-1,-1,0,-1
2023522301855,2023,522301855,1,9,0,18,19,5,8,0,0,4,0,0,0,0,1,1,6,6,2,48,8,1969,12,1,VOLVO XC60,8,E01014896,0,-1
2023041304874,2023,041304874,1,9,0,9,9,3,1,0,0,8,0,0,0,0,0,1,5,6,2,55,8,1969,2,4,VOLVO XC60,8,E01025018,0,-1
2023440310726,2023,440310726,1,9,0,4,4,7,3,0,0,8,0,0,0,0,2,1,6,6,1,41,7,1969,2,8,VOLVO XC60,9,E01022533,0,-1
2023320636011,2023,320636011,1,9,0,5,5,6,2,9,9,6,0,0,1,11,1,1,3,7,2,38,7,2400,2,12,VOLVO XC60,3,E01026178,0,-1
2023411375637,2023,411375637,2,9,0,18,19,5,1,0,0,1,0,0,0,0,1,1,3,7,1,48,8,1969,1,6,VOLVO XC60,8,E01022091,0,-1
2023451367837,2023,451367837,2,9,0,9,9,7,5,0,0,6,0,0,0,0,0,1,5,6,1,53,8,1969,8,2,VOLVO XC60,10,E01030590,0,-1
2023010470866,2023,010470866,1,9,0,3,3,3,7,0,0,1,0,0,0,0,4,1,3,7,1,55,8,2400,2,6,VOLVO XC60,10,E01003443,0,-1
2023461383364,2023,461383364,4,9,0,4,4,5,1,0,0,0,0,0,0,0,2,1,5,6,2,47,8,1969,2,6,VOLVO XC60,9,E01024343,0,-1
2023501348016,2023,501348016,2,9,0,3,3,4,8,0,0,0,0,0,0,0,2,1,6,6,1,61,9,1969,2,6,VOLVO XC60,6,E01019938,0,-1
2023141279474,2023,141279474,1,9,0,18,19,6,1,0,0,1,0,0,0,0,3,1,2,2,1,51,8,2400,2,10,VOLVO XC60,3,E01007467,0,-1
2023010471791,2023,010471791,3,9,0,4,4,5,1,0,0,1,0,0,0,0,2,1,6,6,2,44,7,1969,2,6,VOLVO XC60,9,E01003837,0,-1
2023221308346,2023,221308346,1,9,0,18,19,5,1,0,0,0,0,0,1,10,1,1,5,6,1,51,8,1969,8,3,VOLVO XC60,-1,-1,0,-1
2023201315942,2023,201315942,2,9,0,18,19,4,2,0,0,8,0,0,0,0,1,1,6,6,1,50,8,1969,2,6,VOLVO XC60,6,E01032199,0,-1
2023052302628,2023,052302628,2,9,0,2,2,0,0,0,0,0,0,0,0,0,0,1,6,6,1,-1,-1,1969,2,4,VOLVO XC60,-1,-1,0,-1
2023070059025,2023,070059025,2,9,0,18,19,4,8,0,0,0,0,0,0,0,3,1,6,6,2,37,7,2400,2,9,VOLVO XC60,9,E01012493,0,-1
2023311306127,2023,311306127,1,9,0,18,19,1,5,0,0,0,0,0,1,0,1,1,2,2,1,26,6,1969,12,2,VOLVO XC60,8,E01025698,0,-1
2023010445238,2023,010445238,2,9,9,99,99,9,9,99,99,9,9,99,9,99,9,9,6,6,1,54,8,1969,2,8,VOLVO XC60,3,E01001465,0,-1
2023010476256,2023,010476256,2,9,0,99,99,9,9,99,99,9,9,99,9,99,9,9,6,6,3,-1,-1,1969,8,5,VOLVO XC60,-1,-1,0,-1
2023010479565,2023,010479565,2,9,0,5,5,2,6,0,0,7,0,8,0,0,3,1,6,6,2,34,6,1969,2,7,VOLVO XC60,4,E01004368,0,-1
2023440147226,2023,440147226,1,9,0,18,19,2,6,0,0,0,0,0,0,0,1,1,2,2,1,56,9,2400,2,12,VOLVO XC60,7,E01023225,0,-1
2023010457555,2023,010457555,2,9,0,99,99,9,9,99,99,0,9,99,9,99,9,9,6,6,3,-1,-1,1969,1,5,VOLVO XC60,-1,-1,0,-1
202354B277323,2023,54B277323,1,9,0,18,19,4,8,0,0,1,5,4,0,0,1,1,6,6,2,71,10,1969,2,6,VOLVO XC60,6,E01032011,0,-1
2023101330486,2023,101330486,2,9,0,3,3,1,5,0,0,0,0,0,0,0,2,1,5,6,1,50,8,1969,2,6,VOLVO XC60,10,-1,0,-1
2023501288174,2023,501288174,1,9,0,7,7,6,3,0,0,8,0,0,0,0,1,1,6,6,2,47,8,1969,2,6,VOLVO XC60,10,E01020024,0,-1
2023161366098,2023,161366098,2,9,0,18,19,2,6,0,0,0,0,0,0,0,2,1,6,6,3,-1,-1,1969,2,5,VOLVO XC60,-1,-1,0,-1
2023531392608,2023,531392608,1,9,0,18,19,8,4,0,0,1,1,0,1,1,1,1,1,1,1,26,6,1969,12,1,VOLVO XC60,9,E01022276,0,-1
2023041364595,2023,041364595,1,9,0,18,19,1,5,0,0,1,0,0,0,0,1,1,2,2,1,37,7,1969,8,0,VOLVO XC60,4,E01025172,0,-1
2023520301353,2023,520301353,1,9,0,9,9,3,1,0,0,8,0,0,0,0,1,1,6,6,1,36,7,1969,2,9,VOLVO XC60,7,E01029317,0,-1
2023546851023,2023,546851023,1,9,0,18,19,8,4,0,0,1,5,0,0,0,1,1,3,7,2,28,6,1969,2,7,VOLVO XC60,-1,-1,0,-1
2023010430187,2023,010430187,2,9,0,99,99,9,9,99,99,9,9,99,9,99,1,9,6,6,3,33,6,1969,8,3,VOLVO XC60,-1,-1,0,-1
2023430516686,2023,430516686,1,9,0,9,9,5,2,0,0,5,0,0,0,0,4,1,6,6,1,62,9,2400,2,9,VOLVO XC60,6,E01017698,0,-1
2023221381444,2023,221381444,1,9,0,1,1,1,5,0,0,0,0,0,0,0,2,1,5,6,1,65,9,2400,2,7,VOLVO XC60,6,E01032179,0,-1
2023010480177,2023,010480177,2,9,0,99,99,9,9,99,99,9,9,99,9,99,1,9,6,6,3,46,8,1969,8,3,VOLVO XC60,4,E01003115,0,-1
2023411366381,2023,411366381,2,9,0,18,19,5,1,0,0,1,0,0,0,0,1,1,5,6,2,28,6,1969,2,6,VOLVO XC60,3,E01002070,0,-1
2023520301524,2023,520301524,2,9,0,18,19,3,7,0,0,0,0,0,0,0,4,1,6,6,1,75,10,1969,1,4,VOLVO XC60,7,E01015038,0,-1
2023361307365,2023,361307365,1,9,0,4,4,1,5,0,0,0,0,0,0,0,1,1,5,6,1,-1,-1,2400,2,12,VOLVO XC60,8,E01026946,0,-1
2023522400763,2023,522400763,1,9,0,18,19,7,3,0,0,8,0,0,0,0,1,1,6,6,1,53,8,1969,1,5,VOLVO XC60,7,E01014385,0,-1
2023332300407,2023,332300407,1,9,0,2,2,0,0,6,6,0,0,0,0,0,3,1,6,6,2,31,6,1969,2,9,VOLVO XC60,9,E01013800,0,-1
2023320652087,2023,320652087,2,9,0,2,2,0,0,0,0,0,0,0,0,0,4,1,6,6,1,52,8,2400,2,7,VOLVO XC60,6,E01026349,0,-1
2023101304387,2023,101304387,1,9,0,4,4,5,3,0,0,1,0,0,0,0,1,1,2,2,2,42,7,1969,2,4,VOLVO XC60,5,E01027445,0,-1
2023170H10243,2023,170H10243,1,9,0,18,19,7,7,0,0,8,0,0,0,0,3,1,2,2,2,34,6,1969,2,4,VOLVO XC60,6,E01020864,0,-1
2023010459933,2023,010459933,2,9,9,99,99,9,9,99,99,9,9,99,9,99,9,9,6,6,3,24,5,1969,12,1,VOLVO XC60,3,E01003562,0,-1
2023430119560,2023,430119560,1,9,0,18,19,6,2,0,0,8,0,0,0,0,4,1,6,6,1,70,10,1969,2,5,VOLVO XC60,5,E01017687,0,-1
2023610012023,2023,610012023,2,9,0,18,19,4,8,0,0,0,0,0,0,0,3,1,6,6,1,63,9,1969,2,8,VOLVO XC60,6,W01001599,0,-1
2023010436373,2023,010436373,2,9,0,18,19,3,7,0,0,0,0,0,0,0,1,1,6,6,1,35,6,1969,8,1,VOLVO XC60,3,E01000973,0,-1
2023461341544,2023,461341544,2,9,0,18,19,4,8,0,0,0,0,0,0,0,1,1,6,6,1,53,8,1969,8,2,VOLVO XC60,6,E01023988,0,-1
2023430355046,2023,430355046,3,9,0,3,3,6,2,0,0,0,0,0,0,0,2,1,6,6,2,39,7,1969,8,6,VOLVO XC60,9,E01016703,0,-1
2023361364776,2023,361364776,1,9,0,9,9,8,6,0,0,8,0,0,0,0,1,1,5,6,1,56,9,1984,2,13,VOLVO XC60,4,E01026610,0,-1
2023052301121,2023,052301121,2,9,0,18,19,5,1,0,0,6,0,11,0,0,4,1,6,6,1,-1,-1,1969,2,4,VOLVO XC60,-1,-1,0,-1
2023320464781,2023,320464781,1,9,0,18,19,6,2,0,0,8,0,0,7,0,3,1,6,6,1,62,9,2400,2,6,VOLVO XC60,4,E01026102,0,-1
2023122301053,2023,122301053,1,9,0,18,19,1,5,0,0,0,0,0,7,9,1,1,6,6,2,35,6,1969,8,0,VOLVO XC60,6,E01027600,0,-1
2023010466249,2023,010466249,2,9,9,99,99,9,9,99,99,9,9,99,9,99,9,9,6,6,3,-1,-1,1969,2,6,VOLVO XC60,9,E01003442,0,-1
2023332300716,2023,332300716,2,9,0,18,19,2,6,0,0,0,2,0,0,0,2,1,6,6,1,34,6,1969,2,6,VOLVO XC60,8,W01000458,0,-1
2023010473182,2023,010473182,2,9,0,99,99,9,9,99,99,0,9,99,9,99,9,9,6,6,3,-1,-1,1969,8,0,VOLVO XC60,-1,-1,0,-1
2023451292672,2023,451292672,2,9,0,18,19,1,5,0,0,0,0,0,0,0,2,1,5,6,1,65,9,1969,8,3,VOLVO XC60,9,E01015504,0,-1
2023041340872,2023,041340872,1,9,0,5,5,1,1,0,0,1,0,0,0,0,1,1,6,6,1,66,10,2400,2,7,VOLVO XC60,8,E01025349,0,-1
2023991364048,2023,991364048,1,9,0,18,19,4,8,0,0,1,0,0,0,0,1,1,5,6,2,29,6,2400,2,11,VOLVO XC60,2,-1,0,-1
2023545170423,2023,545170423,1,4,0,4,4,5,1,0,0,0,0,0,0,0,1,1,6,6,1,30,6,124,1,1,-1,5,E01031908,0,-1
2023440507752,2023,440507752,1,3,0,18,19,4,8,0,0,0,0,0,5,6,3,1,2,2,1,26,6,124,1,1,YAMAHA R,10,E01022595,0,-1
2023451361026,2023,451361026,1,3,0,13,13,7,3,0,0,1,2,0,0,0,1,1,1,1,1,48,8,124,1,1,YAMAHA R,5,E01030786,0,-1
2023010421248,2023,010421248,2,3,0,15,15,6,2,0,0,1,0,0,0,0,1,1,6,6,1,38,7,124,1,1,YAMAHA R,3,E01004571,0,-1
2023010440967,2023,010440967,1,3,0,18,19,1,5,0,0,1,0,0,0,0,1,1,6,6,1,21,5,124,1,1,YAMAHA R,4,E01021451,0,-1
2023010466873,2023,010466873,1,3,0,18,19,5,1,0,0,0,0,4,0,0,1,1,6,6,1,21,5,124,1,0,YAMAHA R,4,E01001261,0,-1
2023451381744,2023,451381744,1,3,0,18,19,5,1,0,0,0,1,0,0,0,1,1,1,1,1,41,7,124,1,1,YAMAHA R,5,E01030494,0,-1
2023481355136,2023,481355136,2,3,0,9,9,1,7,0,0,8,0,0,0,0,3,1,1,1,1,18,4,124,1,1,YAMAHA R,-1,-1,0,-1
2023451417868,2023,451417868,2,3,0,18,19,8,4,0,0,1,2,0,0,0,3,1,5,6,1,18,4,124,1,0,YAMAHA R,6,E01030721,0,-1
2023501309833,2023,501309833,1,3,0,16,19,1,5,0,0,1,0,0,7,10,3,1,6,6,2,17,4,124,1,0,YAMAHA R,4,E01020247,0,-1
2023010459780,2023,010459780,2,4,0,3,3,1,5,0,0,1,0,2,0,0,3,1,6,6,1,42,7,124,1,0,-1,2,E01000084,0,-1
2023411283592,2023,411283592,2,3,0,18,19,7,3,0,0,8,0,4,0,0,4,1,6,6,1,28,6,124,1,1,YAMAHA R,4,E01023955,0,-1
2023421359326,2023,421359326,1,3,0,18,19,3,7,8,6,1,0,0,0,0,1,1,6,6,1,34,6,124,1,0,YAMAHA R,1,E01015841,0,-1
2023451371852,2023,451371852,1,3,0,4,4,6,6,0,0,1,1,0,0,0,1,1,5,6,1,20,4,124,1,0,YAMAHA R,8,E01004160,0,-1
202354B761423,2023,54B761423,2,3,0,18,19,6,2,0,0,1,0,0,0,0,1,1,6,6,1,19,4,124,1,0,YAMAHA R,8,E01032095,0,-1
2023010429449,2023,010429449,2,3,0,13,13,7,3,0,0,8,0,0,0,0,3,1,6,6,1,27,6,124,1,1,YAMAHA R,-1,-1,0,-1
2023311371864,2023,311371864,1,3,0,5,5,8,4,5,5,0,0,0,7,0,1,1,6,6,1,20,4,124,1,0,YAMAHA R,-1,-1,0,-1
2023010475245,2023,010475245,1,3,0,18,19,5,1,0,0,1,2,0,1,0,1,1,6,6,1,31,6,124,1,1,YAMAHA R,3,E01003250,0,-1
2023010486602,2023,010486602,2,4,0,18,19,2,6,0,0,1,0,0,0,0,1,1,6,6,1,20,4,124,1,1,-1,5,E01004127,0,-1
2023543545523,2023,543545523,1,3,0,13,13,6,2,0,0,1,2,0,0,0,4,1,2,2,1,21,5,124,1,1,YAMAHA R,9,E01032099,0,-1
2023471348125,2023,471348125,1,3,0,18,19,8,4,0,0,0,0,0,0,0,1,1,5,6,1,22,5,124,1,1,YAMAHA R,7,E01031766,0,-1
2023421379604,2023,421379604,2,3,0,18,19,6,2,0,0,0,0,0,0,0,1,1,6,6,1,19,4,124,1,1,YAMAHA R,3,E01021503,0,-1
2023471353006,2023,471353006,2,3,0,13,13,3,7,0,0,0,0,0,0,0,1,1,6,6,1,17,4,124,1,0,YAMAHA R,9,E01032604,0,-1
2023010429257,2023,010429257,2,3,0,18,19,4,8,0,0,1,0,0,0,0,1,1,6,6,1,22,5,124,1,0,YAMAHA R,2,E01003634,0,-1
2023471367795,2023,471367795,1,3,0,18,19,7,3,0,0,1,0,0,0,0,1,1,5,6,1,20,4,124,1,2,YAMAHA R,5,E01031574,0,-1
2023010455337,2023,010455337,1,3,0,9,9,5,3,0,0,1,0,0,0,0,4,1,6,6,1,20,4,124,1,1,YAMAHA R,9,E01000444,0,-1
2023461366287,2023,461366287,1,3,0,18,19,3,7,0,0,0,1,10,1,0,4,1,4,7,1,17,4,124,1,0,YAMAHA R,10,E01024324,0,-1
2023361304800,2023,361304800,1,3,0,7,7,5,7,0,0,8,1,0,0,0,4,1,2,2,1,23,5,124,1,0,YAMAHA R,3,E01026825,0,-1
2023010471392,2023,010471392,1,3,0,99,99,9,9,99,99,0,9,99,9,99,9,1,2,2,1,25,5,124,1,0,YAMAHA R,5,E01015928,0,-1
2023622300164,2023,622300164,1,5,0,16,19,8,4,0,0,0,0,0,0,0,0,1,6,6,1,17,4,124,1,1,-1,8,W01001190,0,-1
2023461361377,2023,461361377,2,3,0,18,19,3,7,0,0,8,0,0,0,0,1,1,6,6,1,23,5,124,1,0,YAMAHA R,7,E01024109,0,-1
2023131342673,2023,131342673,1,3,0,18,19,5,1,0,0,8,5,0,0,0,4,1,6,6,1,20,4,124,1,0,YAMAHA R,2,E01011281,0,-1
2023552300849,2023,552300849,2,2,0,13,13,6,2,0,0,8,0,0,0,0,1,1,6,6,1,19,4,124,1,0,-1,3,E01015359,0,-1
2023440447657,2023,440447657,1,3,0,18,19,2,6,0,0,0,1,11,0,0,1,1,2,2,1,18,4,124,1,0,YAMAHA R,10,E01022530,0,-1
2023010482783,2023,010482783,1,3,0,99,99,9,9,99,99,9,9,99,9,99,9,1,2,2,2,21,5,124,1,0,YAMAHA R,8,E01001907,0,-1
2023421377237,2023,421377237,1,3,0,18,19,3,8,0,0,0,1,0,1,1,1,1,6,6,1,29,6,124,1,0,YAMAHA R,9,E01021873,0,-1
2023401378527,2023,401378527,1,3,0,18,19,5,1,0,0,3,0,0,0,0,4,1,6,6,2,47,8,124,1,1,YAMAHA R,10,E01017406,0,-1
2023010459468,2023,010459468,2,2,0,18,19,3,7,0,0,8,0,0,0,0,3,1,6,6,1,29,6,124,1,1,-1,2,E01000084,0,-1
2023411392985,2023,411392985,1,3,0,5,5,5,1,0,0,8,0,0,4,0,1,1,5,6,1,19,4,124,1,1,YAMAHA R,8,E01023480,0,-1
2023101355628,2023,101355628,1,3,0,18,19,5,1,0,0,1,0,0,0,0,3,1,5,6,1,18,4,124,1,0,YAMAHA R,7,E01027428,0,-1
2023010467252,2023,010467252,1,3,0,99,99,9,9,99,99,0,9,99,9,99,1,1,6,6,1,22,5,124,1,0,YAMAHA R,3,E01000305,0,-1
2023311304618,2023,311304618,1,3,0,17,19,5,1,0,0,8,5,0,0,0,4,1,1,1,1,23,5,124,1,1,YAMAHA R,3,E01019692,0,-1
2023552301310,2023,552301310,2,3,0,13,13,6,2,0,0,0,0,0,0,0,4,1,6,6,1,19,4,124,1,1,YAMAHA R,5,E01015456,0,-1
2023631392166,2023,631392166,1,3,0,16,19,7,3,0,0,0,2,0,7,0,4,1,5,6,1,49,8,124,1,0,YAMAHA R,5,W01000696,0,-1
2023531307233,2023,531307233,2,3,0,13,13,4,8,0,0,3,0,0,0,0,2,1,5,6,1,17,4,124,1,1,YAMAHA R,4,E01022188,0,-1
2023010435986,2023,010435986,1,3,0,4,4,7,3,0,0,1,0,0,0,0,1,1,2,2,1,31,6,124,1,1,YAMAHA R,4,E01015953,0,-1
2023421359098,2023,421359098,2,3,0,4,4,3,7,0,0,0,0,8,0,0,3,1,1,1,1,59,9,124,1,1,YAMAHA R,2,E01015899,0,-1
2023122300742,2023,122300742,1,5,0,16,19,7,3,0,0,0,0,0,0,0,4,1,6,6,1,46,8,998,1,14,-1,4,E01027892,0,-1
2023401354449,2023,401354449,1,4,0,9,9,8,3,0,0,4,0,11,0,0,4,1,1,1,1,43,7,998,1,14,-1,5,E01023933,0,-1
2023122300508,2023,122300508,1,5,0,16,19,5,1,0,0,0,0,0,7,0,0,1,6,6,1,67,10,998,1,16,-1,6,E01020815,0,-1
2023471343584,2023,471343584,1,5,0,16,19,6,2,0,0,0,2,0,1,0,1,1,6,6,1,59,9,748,1,22,-1,6,E01031408,0,-1
202360A174614,2023,60A174614,2,4,0,18,19,6,2,0,0,0,0,0,0,0,2,1,6,6,1,55,8,449,1,1,-1,-1,-1,0,-1
2023421366222,2023,421366222,2,9,0,18,19,7,3,0,0,3,1,0,0,0,4,1,5,6,1,28,6,1242,1,11,FORD FIESTA,3,E01015862,0,-1
2023161391857,2023,161391857,2,9,0,4,4,2,6,0,0,0,0,0,1,0,2,1,6,6,1,50,8,999,1,3,FORD FIESTA,4,E01013076,0,-1
2023548421723,2023,548421723,2,9,0,4,4,2,6,0,0,1,0,0,0,0,3,1,1,1,1,26,6,1499,2,5,FORD FIESTA,7,E01023963,0,-1
2023471276134,2023,471276134,1,9,0,18,19,7,7,0,0,0,1,0,0,0,1,1,5,6,2,44,7,998,1,8,FORD FIESTA,6,E01031743,0,-1
2023161361766,2023,161361766,1,9,0,9,9,1,5,0,0,2,0,0,0,0,4,1,1,1,2,24,5,999,1,2,FORD FIESTA,2,E01013240,0,-1
2023070774722,2023,070774722,2,9,0,7,7,2,6,0,0,2,0,0,0,0,4,1,6,6,2,59,9,-1,-1,-1,FORD FIESTA,1,E01018738,0,-1
202354B234023,2023,54B234023,2,9,0,4,4,3,7,0,0,4,0,0,0,0,2,1,6,6,2,65,9,1242,1,10,FORD FIESTA,10,E01032072,0,-1
2023351275994,2023,351275994,2,9,0,10,10,7,5,0,0,1,0,0,0,0,2,1,5,6,1,30,6,1242,1,7,FORD FIESTA,8,E01015626,0,-1
2023320473478,2023,320473478,1,9,0,18,19,8,4,0,0,0,1,0,7,3,1,1,6,6,1,17,4,1560,2,13,FORD FIESTA,6,E01026282,0,-1
2023543523323,2023,543523323,1,9,0,9,9,1,7,0,0,1,1,0,3,9,3,1,1,1,1,20,4,1388,1,17,FORD FIESTA,5,E01032103,0,-1