collision_index,collision_year,collision_ref_no,vehicle_reference,vehicle_type,towing_and_articulation,vehicle_manoeuvre_historic,vehicle_manoeuvre,vehicle_direction_from,vehicle_direction_to,vehicle_location_restricted_lane_historic,vehicle_location_restricted_lane,junction_location,skidding_and_overturning,hit_object_in_carriageway,vehicle_leaving_carriageway,hit_object_off_carriageway,first_point_of_impact,vehicle_left_hand_drive,journey_purpose_of_driver_historic,journey_purpose_of_driver,sex_of_driver,age_of_driver,age_band_of_driver,engine_capacity_cc,propulsion_code,age_of_vehicle,generic_make_model,driver_imd_decile,lsoa_of_driver,escooter_flag,driver_distance_banding
2023471371252,2023,471371252,1,9,0,1,1,1,5,0,0,0,0,0,0,0,2,1,2,2,2,74,10,1388,1,17,FORD FIESTA,6,E01021182,0,-1
2023031296794,2023,031296794,2,9,0,4,4,3,7,0,0,0,0,0,0,0,2,1,5,6,2,50,8,998,1,7,FORD FIESTA,7,E01019136,0,-1
2023302300265,2023,302300265,2,9,0,18,19,8,4,0,0,4,0,0,0,0,3,1,6,6,1,21,5,1560,2,11,FORD FIESTA,1,E01007883,0,-1
2023351363450,2023,351363450,2,9,0,3,3,3,7,0,0,0,0,0,0,0,1,1,5,6,1,22,5,1596,1,9,FORD FIESTA,9,E01022099,0,-1
2023461376938,2023,461376938,1,9,0,17,19,4,8,0,0,0,0,4,7,0,1,1,6,6,1,22,5,1596,1,9,FORD FIESTA,4,E01016072,0,-1
2023471362288,2023,471362288,1,9,0,18,19,7,3,0,0,6,1,0,1,0,4,1,5,6,1,39,7,1560,2,8,FORD FIESTA,2,E01022820,0,-1
2023501302923,2023,501302923,1,9,0,18,19,1,5,0,0,8,0,0,0,0,4,1,6,6,2,26,6,998,1,5,FORD FIESTA,4,E01015056,0,-1
2023052300854,2023,052300854,2,9,0,18,19,7,3,0,0,0,0,0,0,0,1,1,2,2,2,41,7,1084,1,5,FORD FIESTA,2,E01006441,0,-1
2023052300942,2023,052300942,1,9,0,9,9,3,1,0,0,6,0,0,0,0,1,1,1,1,1,32,6,1242,1,11,FORD FIESTA,2,E01006667,0,-1
2023461383131,2023,461383131,1,9,0,18,19,1,5,0,0,0,0,4,0,0,1,1,6,6,1,20,4,1560,2,12,FORD FIESTA,8,E01016079,0,-1
202360A033061,2023,60A033061,1,9,0,18,19,4,8,0,0,2,0,0,0,0,1,1,6,6,2,74,10,998,1,7,FORD FIESTA,-1,-1,0,-1
2023010431538,2023,010431538,1,9,0,17,19,7,3,0,0,0,0,0,0,0,1,1,6,6,1,27,6,1388,1,13,FORD FIESTA,3,E01001640,0,-1
2023010451319,2023,010451319,1,9,0,18,19,3,7,0,0,2,0,0,0,0,1,1,6,6,1,35,6,1242,1,16,FORD FIESTA,2,E01003498,0,-1
2023201330618,2023,201330618,1,9,0,18,19,4,8,0,0,0,0,0,0,0,1,1,6,6,2,46,8,1388,1,17,FORD FIESTA,1,E01009361,0,-1
2023461339669,2023,461339669,2,9,0,2,2,4,6,0,0,0,0,0,0,0,1,1,2,2,2,30,6,-1,-1,-1,FORD FIESTA,-1,-1,0,-1
2023471293036,2023,471293036,1,9,0,18,19,7,3,0,0,0,1,0,2,4,1,1,5,6,2,24,5,1388,1,14,FORD FIESTA,4,E01031550,0,-1
2023340WN1102,2023,340WN1102,1,9,0,18,19,1,5,0,0,1,0,0,0,0,1,1,6,6,2,-1,-1,1388,1,14,FORD FIESTA,-1,-1,0,-1
2023010477436,2023,010477436,2,9,0,18,19,3,7,0,0,0,0,0,0,0,1,1,6,6,1,68,10,1388,1,12,FORD FIESTA,6,E01004176,0,-1
2023302400008,2023,302400008,1,9,0,9,9,3,1,0,0,1,0,0,0,0,1,1,6,6,1,20,4,1242,1,15,FORD FIESTA,1,E01007779,0,-1
2023141312125,2023,141312125,3,9,0,2,2,0,0,0,0,0,0,0,0,0,1,1,6,6,3,-1,-1,1596,1,13,FORD FIESTA,-1,-1,0,-1
2023041288767,2023,041288767,1,9,0,9,9,7,5,0,0,8,0,0,0,0,4,1,6,6,1,19,4,1596,1,13,FORD FIESTA,4,E01025057,0,-1
2023221271380,2023,221271380,1,9,0,5,5,4,8,0,0,6,0,0,1,11,1,1,5,6,1,62,9,1242,1,23,FORD FIESTA,10,E01028953,0,-1
2023010445109,2023,010445109,1,9,0,99,99,9,9,99,99,9,9,99,9,99,0,9,6,6,2,43,7,1242,1,10,FORD FIESTA,5,E01002590,0,-1
2023471355336,2023,471355336,1,9,0,4,4,3,7,0,0,0,0,0,0,0,1,1,6,6,1,39,7,1499,2,9,FORD FIESTA,4,E01021017,0,-1
2023141260776,2023,141260776,2,9,0,18,19,1,5,0,0,0,0,0,0,0,2,1,5,6,2,69,10,1242,1,10,FORD FIESTA,2,E01007482,0,-1
2023546910623,2023,546910623,2,9,0,18,19,1,5,0,0,1,0,0,0,0,2,1,6,6,2,31,6,998,1,10,FORD FIESTA,1,E01015507,0,-1
2023010457211,2023,010457211,2,9,0,8,8,5,7,0,0,6,0,0,0,0,0,1,6,6,2,18,4,998,1,10,FORD FIESTA,2,E01003240,0,-1
2023471325495,2023,471325495,1,9,0,18,19,7,3,0,0,1,0,0,0,0,4,1,5,6,2,57,9,998,1,8,FORD FIESTA,7,E01016917,0,-1
2023461304609,2023,461304609,1,9,0,4,4,8,4,0,0,1,0,0,0,0,1,1,5,6,1,19,4,1242,1,17,FORD FIESTA,5,E01024202,0,-1
2023221392955,2023,221392955,1,9,0,5,5,7,1,0,0,4,0,0,0,0,2,1,6,6,2,41,7,998,1,7,FORD FIESTA,3,E01032277,0,-1
2023221277012,2023,221277012,2,9,0,9,9,8,7,0,0,5,0,0,0,0,3,1,5,6,2,64,9,998,1,6,FORD FIESTA,6,E01014089,0,-1
2023552300531,2023,552300531,3,9,0,4,4,4,8,0,0,0,0,0,0,0,2,1,6,6,2,40,7,1242,1,20,FORD FIESTA,7,E01020365,0,-1
2023421354358,2023,421354358,2,9,0,18,19,7,3,0,0,0,0,0,0,0,1,1,2,2,1,21,5,1999,1,18,FORD FIESTA,4,E01022012,0,-1
2023340WN4492,2023,340WN4492,3,9,0,3,3,2,6,0,0,1,0,0,0,0,2,1,6,6,1,21,5,1496,1,3,FORD FIESTA,8,E01027211,0,-1
2023031377259,2023,031377259,1,9,0,18,19,5,1,0,0,0,0,0,0,0,4,1,2,2,1,22,5,999,1,3,FORD FIESTA,5,E01019286,0,-1
2023052300190,2023,052300190,2,9,0,18,19,5,1,0,0,0,0,0,0,0,1,1,2,2,1,28,6,1242,1,18,FORD FIESTA,10,E01007189,0,-1
2023031304771,2023,031304771,1,9,0,13,13,5,1,0,0,0,0,0,0,0,1,1,5,6,1,20,4,1242,1,17,FORD FIESTA,-1,-1,0,-1
2023131310828,2023,131310828,2,9,0,5,5,3,7,0,0,6,0,0,0,0,1,1,2,2,2,36,7,1596,1,15,FORD FIESTA,2,E01011121,0,-1
2023041272423,2023,041272423,1,9,0,5,5,5,1,0,0,1,0,0,1,10,1,1,2,2,2,26,6,1388,1,14,FORD FIESTA,3,E01024996,0,-1
2023141392267,2023,141392267,2,9,0,18,19,7,2,0,0,2,0,0,0,0,1,1,5,6,2,22,5,1242,1,13,FORD FIESTA,1,E01007327,0,-1
2023430202517,2023,430202517,1,9,0,3,3,4,8,0,0,0,0,0,0,0,2,1,2,2,2,55,8,1399,2,18,FORD FIESTA,10,E01016669,0,-1
2023340WN0502,2023,340WN0502,2,9,0,18,19,1,5,0,0,0,1,0,0,0,3,1,6,6,2,20,4,1242,1,13,FORD FIESTA,9,E01028683,0,-1
2023052400518,2023,052400518,1,9,0,18,19,5,1,0,0,0,0,0,0,0,0,1,6,6,1,85,11,1242,1,14,FORD FIESTA,5,E01006489,0,-1
2023371280691,2023,371280691,2,9,0,18,19,7,4,0,0,2,0,0,0,0,4,1,2,2,1,22,5,998,1,7,FORD FIESTA,10,E01030075,0,-1
2023131363061,2023,131363061,3,9,0,18,19,7,3,0,0,0,0,0,0,0,2,1,5,6,2,63,9,998,1,7,FORD FIESTA,7,E01011708,0,-1
2023411280152,2023,411280152,1,9,0,17,19,5,2,0,0,0,0,0,0,0,1,1,6,6,1,21,5,-1,-1,-1,FORD FIESTA,9,E01023726,0,-1
2023141329849,2023,141329849,3,9,0,18,19,2,6,0,0,0,0,0,0,0,2,1,5,6,1,32,6,1496,1,3,FORD FIESTA,5,E01013317,0,-1
2023461392600,2023,461392600,2,9,0,12,12,4,6,0,0,0,0,0,0,0,3,1,2,2,2,19,4,1242,1,17,FORD FIESTA,8,E01030237,0,-1
2023421367842,2023,421367842,4,9,0,3,3,3,3,0,0,4,0,0,0,0,2,1,6,6,1,27,6,998,1,9,FORD FIESTA,-1,-1,0,-1
2023101262377,2023,101262377,2,9,-1,7,7,4,7,0,0,0,0,0,0,0,2,1,5,6,2,61,9,1560,2,12,FORD FIESTA,5,E01008306,0,-1
2023401328165,2023,401328165,1,9,0,16,19,6,1,0,0,2,0,0,1,0,1,1,5,6,1,27,6,998,1,6,FORD FIESTA,5,E01017390,0,-1
2023010466375,2023,010466375,2,9,0,18,19,3,7,0,0,1,2,0,1,1,1,1,6,6,1,22,5,998,1,6,FORD FIESTA,3,E01003533,0,-1
2023451388360,2023,451388360,1,9,0,4,4,3,7,0,0,0,0,0,0,0,2,1,1,1,1,52,8,999,1,3,FORD FIESTA,9,E01030381,0,-1
2023421359903,2023,421359903,2,9,0,18,19,8,4,0,0,0,1,0,0,0,4,1,6,6,2,34,6,999,1,2,FORD FIESTA,7,E01002329,0,-1
2023131319879,2023,131319879,1,9,0,7,7,7,3,0,0,0,1,0,7,10,3,1,5,6,1,17,4,1242,1,9,FORD FIESTA,2,E01011639,0,-1
2023471337367,2023,471337367,1,9,0,15,15,1,5,0,0,2,0,0,0,0,1,1,5,6,2,25,5,1242,1,13,FORD FIESTA,5,E01020951,0,-1
2023471343378,2023,471343378,1,9,0,18,19,4,8,0,0,0,0,0,0,0,4,1,6,6,2,73,10,1242,1,10,FORD FIESTA,6,E01016987,0,-1
2023991381375,2023,991381375,1,9,0,18,19,1,4,0,0,0,0,0,0,0,1,1,6,6,1,19,4,1242,1,6,FORD FIESTA,8,-1,0,-1
2023411301978,2023,411301978,1,9,0,9,9,8,4,0,0,6,0,0,0,0,1,1,1,1,1,25,5,1242,1,14,FORD FIESTA,5,E01015739,0,-1
2023221390547,2023,221390547,1,9,0,3,3,5,1,0,0,1,0,0,0,0,2,1,6,6,2,26,6,1596,1,10,FORD FIESTA,1,E01010342,0,-1
2023461273605,2023,461273605,2,9,0,3,3,4,8,0,0,0,0,0,0,0,2,1,6,6,1,28,6,1242,1,15,FORD FIESTA,9,E01024175,0,-1
2023531347414,2023,531347414,1,9,0,17,19,7,3,0,0,0,2,0,7,4,1,1,5,6,2,24,5,1242,1,15,FORD FIESTA,10,E01028782,0,-1
2023501305500,2023,501305500,1,9,0,18,19,7,3,0,0,1,1,0,7,10,1,1,6,6,2,64,9,1242,1,18,FORD FIESTA,4,E01020087,0,-1
2023061382056,2023,061382056,1,9,0,7,7,6,4,0,0,2,0,0,0,0,1,1,5,6,2,38,7,1399,2,13,FORD FIESTA,3,E01005139,0,-1
2023421282996,2023,421282996,1,9,0,18,19,6,2,0,0,0,5,0,8,0,3,1,5,6,2,17,4,1388,1,15,FORD FIESTA,2,E01022023,0,-1
2023010447682,2023,010447682,2,9,0,99,99,9,9,99,99,9,9,99,9,99,1,9,6,6,3,-1,-1,1388,1,16,FORD FIESTA,-1,-1,0,-1
2023122301128,2023,122301128,2,9,0,4,4,3,7,0,0,8,0,0,0,0,2,1,6,6,1,21,5,998,1,8,FORD FIESTA,8,E01027875,0,-1
2023552300690,2023,552300690,1,9,0,18,19,2,6,0,0,0,0,0,0,0,1,1,6,6,1,77,11,1399,2,12,FORD FIESTA,2,E01020582,0,-1
2023531356530,2023,531356530,1,9,0,9,9,7,5,0,0,8,0,0,0,0,4,1,2,2,2,31,6,1399,2,20,FORD FIESTA,9,E01022453,0,-1
2023520000717,2023,520000717,1,9,0,3,3,6,2,0,0,0,0,0,0,0,2,1,6,6,1,73,10,1242,1,17,FORD FIESTA,8,E01014387,0,-1
2023010435185,2023,010435185,2,9,0,99,99,9,9,99,99,9,9,99,9,99,1,9,6,6,3,20,4,1388,1,14,FORD FIESTA,4,E01016872,0,-1
2023522300845,2023,522300845,2,9,0,18,19,3,7,0,0,0,1,0,0,0,1,1,6,6,2,40,7,998,1,7,FORD FIESTA,8,E01014773,0,-1
2023010484459,2023,010484459,1,9,0,16,19,1,5,0,0,8,0,0,1,0,4,1,2,2,1,27,6,1242,1,14,FORD FIESTA,4,E01016135,0,-1
2023141305991,2023,141305991,1,9,0,16,19,6,7,0,0,6,0,0,0,0,1,1,6,6,1,20,4,1242,1,18,FORD FIESTA,7,E01007860,0,-1
2023041354886,2023,041354886,1,9,0,18,19,1,5,0,0,2,0,0,0,0,1,1,2,2,1,51,8,998,1,4,FORD FIESTA,10,E01024977,0,-1
2023401378380,2023,401378380,1,9,0,18,19,-1,-1,0,0,1,0,0,0,0,1,1,6,6,2,-1,-1,1242,1,11,FORD FIESTA,-1,-1,0,-1
2023332300527,2023,332300527,1,9,0,3,3,4,8,0,0,1,0,0,0,0,2,1,6,6,1,25,5,1388,1,19,FORD FIESTA,9,E01025728,0,-1
2023201348451,2023,201348451,3,9,0,3,3,2,6,0,0,2,0,0,0,0,2,1,6,6,1,21,5,998,1,3,FORD FIESTA,6,E01010082,0,-1
2023311353024,2023,311353024,1,9,0,16,19,5,1,8,6,0,0,0,7,0,3,1,6,6,1,22,5,1388,1,16,FORD FIESTA,7,E01028005,0,-1
2023543224923,2023,543224923,2,9,0,4,4,7,3,0,0,0,0,12,0,0,1,1,6,6,2,72,10,1596,1,17,FORD FIESTA,8,E01032077,0,-1
2023061350842,2023,061350842,3,9,0,18,19,4,4,0,0,0,0,0,0,0,3,1,6,6,1,32,6,1242,1,9,FORD FIESTA,-1,-1,0,-1
2023522300085,2023,522300085,2,9,0,18,19,1,5,0,0,4,0,0,0,0,1,1,6,6,1,65,9,1388,1,11,FORD FIESTA,4,E01014488,0,-1
2023010451448,2023,010451448,1,9,0,16,19,4,8,0,0,0,2,10,0,0,1,1,6,6,3,22,5,1388,1,14,FORD FIESTA,-1,-1,0,-1
2023461375148,2023,461375148,1,9,0,18,19,1,5,0,0,0,0,0,0,0,1,1,6,6,1,62,9,998,1,8,FORD FIESTA,3,E01024264,0,-1
2023302300430,2023,302300430,1,9,0,9,9,1,7,0,0,0,0,0,0,0,3,1,6,6,1,55,8,998,1,8,FORD FIESTA,-1,-1,0,-1
2023161372505,2023,161372505,2,9,0,18,19,8,4,0,0,1,0,0,0,0,1,1,6,6,1,22,5,1560,2,13,FORD FIESTA,6,E01013176,0,-1
2023211360486,2023,211360486,1,9,0,9,9,1,1,0,0,0,0,0,0,0,0,1,6,6,1,41,7,1399,2,13,FORD FIESTA,3,E01029599,0,-1
2023221295773,2023,221295773,1,9,0,7,7,1,3,0,0,3,1,0,0,0,1,1,1,1,1,32,6,1242,1,21,FORD FIESTA,3,E01032282,0,-1
2023371391617,2023,371391617,2,9,0,4,4,-1,-1,0,0,1,0,0,0,0,2,1,5,6,2,47,8,1242,1,25,FORD FIESTA,6,E01030053,0,-1
2023451332191,2023,451332191,2,9,0,18,19,1,5,9,9,0,0,0,0,0,1,1,5,6,1,18,4,1388,1,12,FORD FIESTA,9,E01001103,0,-1
2023461295308,2023,461295308,1,9,0,18,19,8,3,0,0,4,0,9,3,0,1,1,5,6,1,19,4,998,1,5,FORD FIESTA,6,E01000727,0,-1
2023161350827,2023,161350827,1,9,0,18,19,4,8,0,0,0,0,0,7,7,1,1,5,6,2,19,4,1242,1,13,FORD FIESTA,4,E01012896,0,-1
2023141269330,2023,141269330,1,9,0,18,19,7,3,0,0,0,0,12,0,0,1,1,5,6,2,49,8,998,1,9,FORD FIESTA,2,E01007633,0,-1
2023991320638,2023,991320638,1,9,0,18,19,7,3,0,0,4,0,0,0,0,1,1,6,6,2,37,7,1242,1,9,FORD FIESTA,4,-1,0,-1
2023131318265,2023,131318265,1,9,0,18,19,3,7,0,0,2,0,0,0,0,3,1,2,2,1,61,9,1242,1,10,FORD FIESTA,5,E01011218,0,-1
2023501360260,2023,501360260,1,9,0,7,7,7,3,0,0,2,0,0,0,0,1,1,2,2,1,32,6,1242,1,8,FORD FIESTA,-1,-1,0,-1
2023302300869,2023,302300869,1,9,0,7,7,8,2,0,0,8,1,7,0,0,1,1,6,6,1,26,6,1242,1,11,FORD FIESTA,6,E01008046,0,-1
2023211368720,2023,211368720,1,9,0,18,19,1,5,0,0,0,1,0,0,0,1,1,1,1,2,28,6,1388,1,15,FORD FIESTA,-1,-1,0,-1
2023461352119,2023,461352119,2,9,0,2,2,0,0,0,0,0,0,0,0,0,1,1,6,6,1,30,6,1242,1,17,FORD FIESTA,6,E01024847,0,-1
2023461374820,2023,461374820,1,9,0,18,19,6,1,0,0,0,0,0,0,0,4,1,2,2,1,37,7,998,1,8,FORD FIESTA,6,E01024172,0,-1
2023421325667,2023,421325667,2,9,0,17,19,3,8,0,0,0,0,0,0,0,3,1,5,6,2,31,6,998,1,7,FORD FIESTA,4,E01021809,0,-1
2023552300514,2023,552300514,1,9,0,7,7,8,2,0,0,8,0,0,0,0,4,1,6,6,2,29,6,998,1,4,FORD FIESTA,-1,-1,0,-1
2023320460067,2023,320460067,1,9,0,18,19,5,1,0,0,0,0,0,0,0,1,1,6,6,2,52,8,998,1,5,FORD FIESTA,10,E01026302,0,-1
2023461348407,2023,461348407,1,9,0,18,19,3,7,0,0,0,0,0,4,0,1,1,1,1,1,32,6,-1,-1,-1,FORD FIESTA,-1,-1,0,-1
2023471343502,2023,471343502,1,9,0,18,19,5,1,0,0,0,0,0,0,0,1,1,5,6,1,18,4,1242,1,12,FORD FIESTA,9,E01030835,0,-1
2023010445687,2023,010445687,1,9,0,9,9,1,8,0,0,2,0,0,0,0,2,1,6,6,2,24,5,998,1,7,FORD FIESTA,2,E01001316,0,-1
2023991304830,2023,991304830,1,9,0,13,13,1,5,0,0,2,1,0,2,11,4,1,6,6,1,29,6,1560,2,15,FORD FIESTA,-1,-1,0,-1
2023340NN0942,2023,340NN0942,2,9,0,3,3,4,8,0,0,6,0,0,0,0,2,1,2,2,2,37,7,998,1,5,FORD FIESTA,8,E01027337,0,-1
2023543136123,2023,543136123,1,9,0,5,5,5,1,0,0,1,0,0,0,0,1,1,6,6,2,18,4,998,1,10,FORD FIESTA,10,E01032006,0,-1
2023201293180,2023,201293180,2,9,0,4,4,8,4,0,0,1,1,0,0,0,1,1,1,1,1,19,4,1242,1,10,FORD FIESTA,10,E01010391,0,-1
2023461377251,2023,461377251,1,9,0,18,19,1,5,0,0,0,0,11,0,0,1,1,5,6,2,20,4,998,1,10,FORD FIESTA,4,E01024111,0,-1
2023531329777,2023,531329777,2,9,0,5,5,1,5,0,0,4,0,0,0,0,2,1,5,6,2,40,7,1388,1,12,FORD FIESTA,5,E01009283,0,-1
2023231357719,2023,231357719,1,9,0,18,19,2,6,0,0,1,0,0,3,0,1,1,6,6,1,76,11,1242,1,18,FORD FIESTA,5,E01031114,0,-1
2023991445738,2023,991445738,2,9,0,3,3,8,4,0,0,0,0,0,0,0,2,1,2,2,2,30,6,1242,1,11,FORD FIESTA,2,-1,0,-1
2023430150270,2023,430150270,1,9,0,9,9,1,7,0,0,6,0,0,0,0,1,1,6,6,1,38,7,1388,1,17,FORD FIESTA,10,E01016522,0,-1
2023010447354,2023,010447354,2,9,0,99,99,9,9,99,99,9,9,99,9,99,0,9,6,6,1,36,7,1388,1,16,FORD FIESTA,6,E01002124,0,-1
2023131290464,2023,131290464,1,9,0,7,7,3,7,0,0,8,0,0,0,0,1,1,5,6,1,48,8,1399,2,16,FORD FIESTA,2,E01011220,0,-1
2023361402511,2023,361402511,1,9,0,18,19,3,7,0,0,8,0,0,0,0,4,1,5,6,1,19,4,1388,1,21,FORD FIESTA,7,E01026462,0,-1
2023430398880,2023,430398880,1,9,0,3,3,4,8,0,0,0,0,0,0,0,2,1,6,6,2,30,6,1596,1,14,FORD FIESTA,10,E01016262,0,-1
2023302300898,2023,302300898,2,9,0,18,19,3,7,0,0,2,0,0,0,0,1,1,6,6,2,25,5,1560,2,11,FORD FIESTA,8,E01019659,0,-1
2023131287810,2023,131287810,1,9,0,9,9,4,2,0,0,5,0,0,0,0,1,1,6,6,3,-1,-1,1242,1,10,FORD FIESTA,-1,-1,0,-1
2023071020676,2023,071020676,1,9,0,18,19,7,3,0,0,8,1,0,1,0,3,1,2,2,2,28,6,1084,1,5,FORD FIESTA,4,E01018535,0,-1
2023371415513,2023,371415513,1,9,0,4,4,5,4,0,0,2,0,0,0,0,2,1,6,6,1,38,7,1560,2,11,FORD FIESTA,2,E01030264,0,-1
2023461381680,2023,461381680,1,9,0,18,19,3,7,0,0,8,0,0,0,0,1,1,6,6,2,26,6,1596,1,16,FORD FIESTA,5,E01024191,0,-1
2023501347962,2023,501347962,1,9,0,18,19,1,5,0,0,6,0,0,0,0,3,1,6,6,1,17,4,1399,2,12,FORD FIESTA,9,E01027125,0,-1
2023471341881,2023,471341881,1,9,0,5,5,6,2,0,0,8,0,0,0,0,1,1,6,6,1,17,4,1399,2,12,FORD FIESTA,4,E01031598,0,-1
2023421377578,2023,421377578,1,9,0,4,4,5,1,0,0,0,0,4,0,0,1,1,2,2,2,40,7,998,1,4,FORD FIESTA,2,E01021278,0,-1
2023320747579,2023,320747579,1,9,0,18,19,8,4,0,0,1,2,0,1,1,1,1,6,6,1,22,5,1242,1,18,FORD FIESTA,4,E01026019,0,-1
2023010440424,2023,010440424,1,9,0,9,9,5,3,0,0,8,0,0,0,0,1,1,6,6,1,18,4,1242,1,14,FORD FIESTA,5,E01004475,0,-1
2023201287730,2023,201287730,1,9,0,4,4,2,6,0,0,0,0,0,0,0,1,1,2,2,1,38,7,-1,-1,-1,FORD FIESTA,2,E01009839,0,-1
2023501316550,2023,501316550,1,9,0,18,19,1,5,0,0,0,2,0,0,0,1,1,6,6,2,29,6,1388,1,13,FORD FIESTA,4,E01018994,0,-1
2023131293014,2023,131293014,1,9,0,18,19,7,3,0,0,0,0,0,1,0,1,1,5,6,1,38,7,998,1,9,FORD FIESTA,2,E01010796,0,-1
2023421361176,2023,421361176,2,9,0,10,10,6,2,0,0,1,0,0,0,0,3,1,5,6,2,24,5,1596,1,10,FORD FIESTA,6,E01021472,0,-1
2023041280251,2023,041280251,2,9,0,18,19,8,4,0,0,0,0,0,0,0,1,1,5,6,1,29,6,1499,2,6,FORD FIESTA,3,E01012697,0,-1
2023052302273,2023,052302273,2,9,0,4,4,5,1,0,0,1,0,0,0,0,2,1,6,6,1,29,6,1242,1,7,FORD FIESTA,3,E01007137,0,-1
2023221387605,2023,221387605,2,9,0,9,9,7,4,0,0,8,0,0,0,0,4,1,5,6,1,18,4,1242,1,10,FORD FIESTA,4,E01032322,0,-1
2023161380528,2023,161380528,1,9,0,18,19,1,5,0,0,0,0,4,0,0,1,1,6,6,2,86,11,1242,1,9,FORD FIESTA,-1,-1,0,-1
2023131391099,2023,131391099,2,9,0,9,9,3,7,0,0,8,0,0,3,0,1,1,6,6,1,42,7,1242,1,6,FORD FIESTA,6,E01010816,0,-1
2023440072768,2023,440072768,1,9,0,1,1,5,1,0,0,0,0,0,0,0,2,1,6,6,1,-1,-1,1399,2,13,FORD FIESTA,-1,-1,0,-1
2023461294356,2023,461294356,1,9,0,9,9,8,6,0,0,5,0,0,0,0,4,1,6,6,1,82,11,1242,1,14,FORD FIESTA,3,E01016045,0,-1
2023440505888,2023,440505888,1,9,0,18,19,2,6,0,0,1,0,0,0,0,3,1,6,6,2,23,5,1596,1,13,FORD FIESTA,2,E01017345,0,-1
2023061295511,2023,061295511,1,9,0,18,19,3,7,0,0,1,0,0,0,0,1,1,5,6,1,20,4,-1,-1,-1,FORD FIESTA,-1,-1,0,-1
2023461387519,2023,461387519,2,9,0,18,19,1,5,0,0,1,0,0,0,0,3,1,6,6,2,72,10,1399,2,20,FORD FIESTA,3,E01024656,0,-1
2023421358775,2023,421358775,2,9,0,4,4,5,3,0,0,1,0,0,0,0,1,1,6,6,2,34,6,1242,1,24,FORD FIESTA,4,E01015870,0,-1
2023361344653,2023,361344653,2,9,0,18,19,4,8,0,0,0,0,0,0,0,2,1,5,6,2,51,8,998,1,5,FORD FIESTA,6,E01026437,0,-1
2023421318286,2023,421318286,1,9,0,16,19,7,3,0,0,0,1,0,0,0,3,1,2,2,1,32,6,998,1,5,FORD FIESTA,6,E01021404,0,-1
2023501289391,2023,501289391,1,9,0,5,5,3,7,0,0,8,0,0,0,0,1,1,6,6,2,48,8,998,1,7,FORD FIESTA,7,E01020245,0,-1
2023520000621,2023,520000621,5,9,0,18,19,1,5,0,0,0,0,0,0,0,2,1,6,6,2,19,4,1242,1,7,FORD FIESTA,10,E01030944,0,-1
2023311260690,2023,311260690,1,9,0,17,19,7,3,0,0,0,2,0,0,0,3,1,5,6,1,18,4,1242,1,12,FORD FIESTA,8,E01028047,0,-1
2023440441356,2023,440441356,1,9,0,18,19,4,8,0,0,0,0,0,2,4,4,1,2,2,2,21,5,1242,1,10,FORD FIESTA,8,E01022887,0,-1
2023421261269,2023,421261269,1,9,0,15,15,3,7,0,0,1,0,0,0,0,1,1,6,6,1,19,4,1399,2,20,FORD FIESTA,-1,-1,0,-1
202363A015023,2023,63A015023,1,9,0,18,19,1,5,0,0,0,0,0,0,0,1,1,6,6,1,-1,-1,998,1,4,FORD FIESTA,5,W01000698,0,-1
2023552300714,2023,552300714,1,9,0,18,19,3,7,0,0,0,0,12,0,0,1,1,6,6,2,17,4,998,1,5,FORD FIESTA,4,E01020585,0,-1
2023201275619,2023,201275619,2,9,0,9,9,3,8,0,0,5,0,0,0,0,2,1,6,6,1,61,9,1242,1,16,FORD FIESTA,2,E01009747,0,-1
2023010479800,2023,010479800,2,9,0,4,4,7,3,0,0,0,0,0,0,0,1,1,6,6,1,22,5,1242,1,14,FORD FIESTA,5,E01000038,0,-1
2023361275027,2023,361275027,1,9,0,15,15,3,7,0,0,0,0,0,0,0,3,1,5,6,1,35,6,1560,2,13,FORD FIESTA,7,E01026427,0,-1
2023411354801,2023,411354801,2,9,0,18,19,-1,-1,0,0,0,0,0,0,0,3,1,6,6,2,60,9,1596,1,10,FORD FIESTA,8,E01016755,0,-1
2023201283874,2023,201283874,1,9,0,18,19,6,2,0,0,0,0,0,0,0,4,1,6,6,1,71,10,1499,2,6,FORD FIESTA,3,E01010050,0,-1
2023131321353,2023,131321353,1,9,0,7,7,5,1,0,0,0,0,0,0,0,1,1,5,6,1,35,6,998,1,3,FORD FIESTA,3,E01032923,0,-1
2023201415295,2023,201415295,2,9,0,10,10,7,4,0,0,8,0,0,0,0,4,1,6,6,1,19,4,998,1,0,FORD FIESTA,4,E01009824,0,-1
2023052302192,2023,052302192,1,9,0,18,19,7,3,0,0,8,0,0,1,7,1,1,2,2,1,26,6,1084,1,5,FORD FIESTA,10,E01006824,0,-1
2023302300967,2023,302300967,1,9,0,18,19,1,5,0,0,0,0,0,1,10,1,1,6,6,2,48,8,1399,2,14,FORD FIESTA,2,E01013598,0,-1