collision_index,collision_year,collision_ref_no,vehicle_reference,vehicle_type,towing_and_articulation,vehicle_manoeuvre_historic,vehicle_manoeuvre,vehicle_direction_from,vehicle_direction_to,vehicle_location_restricted_lane_historic,vehicle_location_restricted_lane,junction_location,skidding_and_overturning,hit_object_in_carriageway,vehicle_leaving_carriageway,hit_object_off_carriageway,first_point_of_impact,vehicle_left_hand_drive,journey_purpose_of_driver_historic,journey_purpose_of_driver,sex_of_driver,age_of_driver,age_band_of_driver,engine_capacity_cc,propulsion_code,age_of_vehicle,generic_make_model,driver_imd_decile,lsoa_of_driver,escooter_flag,driver_distance_banding
2023141294667,2023,141294667,3,9,0,18,19,3,7,0,0,0,0,0,0,0,1,1,5,6,2,80,11,1388,1,12,FORD FIESTA,8,E01007678,0,-1
2023351400281,2023,351400281,1,9,0,8,8,4,6,0,0,0,0,0,0,0,1,1,5,6,2,22,5,998,1,7,FORD FIESTA,-1,-1,0,-1
2023991360086,2023,991360086,1,9,0,18,19,6,2,0,0,8,0,0,0,0,1,1,2,2,1,19,4,1242,1,10,FORD FIESTA,8,-1,0,-1
2023302301347,2023,302301347,2,9,0,18,19,1,5,0,0,0,0,0,1,4,4,1,6,6,1,87,11,1388,1,14,FORD FIESTA,10,E01013564,0,-1
2023320230430,2023,320230430,1,9,0,9,9,4,2,0,0,8,0,0,0,0,1,1,6,6,1,19,4,1596,1,15,FORD FIESTA,4,E01026230,0,-1
2023991324558,2023,991324558,1,9,0,9,9,8,6,0,0,6,0,11,0,0,3,1,2,2,1,18,4,1596,1,9,FORD FIESTA,1,-1,0,-1
2023622300268,2023,622300268,1,9,0,18,19,5,1,0,0,0,0,0,1,9,2,1,6,6,1,20,4,1496,1,5,FORD FIESTA,9,W01001159,0,-1
2023461347048,2023,461347048,1,9,0,16,19,7,3,0,0,0,1,0,0,0,3,1,6,6,1,17,4,1242,1,15,FORD FIESTA,8,E01024004,0,-1
2023461265452,2023,461265452,1,9,0,18,19,8,4,0,0,2,0,0,1,0,3,1,6,6,2,33,6,-1,-1,-1,FORD FIESTA,4,E01024204,0,-1
2023101295622,2023,101295622,1,9,0,5,5,1,3,0,0,3,0,0,0,0,1,1,5,6,1,20,4,1596,1,14,FORD FIESTA,9,E01008556,0,-1
2023531369096,2023,531369096,2,9,0,4,4,7,3,0,0,8,0,0,0,0,3,1,5,6,1,20,4,1242,1,17,FORD FIESTA,3,E01022121,0,-1
2023231419665,2023,231419665,2,9,0,5,5,2,6,6,6,0,0,0,0,0,2,1,5,6,1,68,10,998,1,10,FORD FIESTA,6,E01031049,0,-1
2023440325757,2023,440325757,2,9,0,18,19,6,2,0,0,0,0,0,0,0,1,1,6,6,3,-1,-1,1596,1,14,FORD FIESTA,-1,-1,0,-1
2023201416041,2023,201416041,1,9,0,18,19,2,6,0,0,8,0,0,0,0,1,1,6,6,1,34,6,1242,1,6,FORD FIESTA,3,E01010321,0,-1
2023411347484,2023,411347484,1,9,0,12,12,5,1,0,0,0,0,0,0,0,3,1,2,2,2,25,5,1242,1,13,FORD FIESTA,7,E01023605,0,-1
2023010438821,2023,010438821,4,9,0,2,2,0,0,0,0,0,0,0,0,0,1,1,6,6,3,-1,-1,1084,1,6,FORD FIESTA,-1,-1,0,-1
2023371286683,2023,371286683,1,9,0,4,4,7,3,0,0,1,0,0,0,0,1,1,4,7,1,18,4,998,1,10,FORD FIESTA,4,E01030278,0,-1
2023461284275,2023,461284275,1,9,0,18,19,8,4,0,0,0,0,0,0,0,1,1,6,6,1,29,6,1496,1,4,FORD FIESTA,5,E01024400,0,-1
2023421386673,2023,421386673,1,9,0,12,12,5,1,0,0,0,0,0,0,0,1,1,1,1,2,22,5,999,1,2,FORD FIESTA,-1,-1,0,-1
2023311313959,2023,311313959,1,9,0,5,5,1,5,6,6,6,1,10,1,0,1,1,5,6,1,19,4,998,1,3,FORD FIESTA,-1,-1,0,-1
2023201403468,2023,201403468,2,9,0,10,10,5,4,0,0,8,0,0,0,0,3,1,6,6,2,78,11,998,1,4,FORD FIESTA,7,E01009789,0,-1
2023451331171,2023,451331171,3,9,0,4,4,1,5,0,0,8,0,0,0,0,2,1,5,6,2,58,9,999,1,2,FORD FIESTA,3,E01023107,0,-1
2023631327942,2023,631327942,1,9,0,18,19,2,6,0,0,0,0,0,7,1,1,1,5,6,1,84,11,1242,1,7,FORD FIESTA,8,W01000902,0,-1
2023440035827,2023,440035827,1,9,0,18,19,1,5,0,0,8,0,0,0,0,1,1,6,6,2,20,4,1242,1,13,FORD FIESTA,-1,-1,0,-1
2023211376085,2023,211376085,1,9,0,5,5,1,5,0,0,2,0,0,0,0,4,1,6,6,1,76,11,1084,1,5,FORD FIESTA,6,E01029563,0,-1
2023070729755,2023,070729755,1,9,0,5,5,1,5,0,0,4,0,0,0,0,1,1,2,2,1,44,7,1388,1,17,FORD FIESTA,-1,-1,0,-1
2023010483655,2023,010483655,1,9,0,99,99,9,9,99,99,9,9,99,9,99,1,9,6,6,1,21,5,1388,1,12,FORD FIESTA,8,E01000828,0,-1
2023471353607,2023,471353607,1,9,0,18,19,3,7,0,0,1,0,0,0,0,1,1,5,6,1,24,5,998,1,10,FORD FIESTA,8,E01031543,0,-1
2023622300243,2023,622300243,2,9,0,2,2,0,0,0,0,0,0,0,0,0,1,1,6,6,3,-1,-1,1560,2,12,FORD FIESTA,-1,-1,0,-1
2023221365893,2023,221365893,1,9,0,9,9,5,3,0,0,5,0,0,0,0,4,1,5,6,2,38,7,1560,2,14,FORD FIESTA,7,E01014007,0,-1
2023440323927,2023,440323927,2,9,0,18,19,3,7,0,0,0,0,0,0,0,1,1,6,6,2,35,6,1242,1,11,FORD FIESTA,10,E01023047,0,-1
2023991333789,2023,991333789,1,9,0,18,19,7,3,0,0,0,0,0,0,0,1,1,5,6,1,20,4,1596,1,13,FORD FIESTA,7,-1,0,-1
2023371370202,2023,371370202,1,9,0,18,19,5,1,0,0,0,0,0,0,0,1,1,5,6,1,23,5,1388,1,13,FORD FIESTA,9,E01033194,0,-1
2023520401017,2023,520401017,1,9,0,18,19,8,6,0,0,0,0,0,0,0,1,1,6,6,2,29,6,998,1,7,FORD FIESTA,9,E01029273,0,-1
2023010453777,2023,010453777,1,9,0,99,99,9,9,99,99,9,9,99,9,99,2,9,6,6,2,48,8,1242,1,12,FORD FIESTA,5,E01002515,0,-1
2023161339306,2023,161339306,1,9,0,18,19,7,3,0,0,2,0,0,0,0,1,1,6,6,1,23,5,998,1,8,FORD FIESTA,3,E01012943,0,-1
2023221354718,2023,221354718,2,9,0,18,19,8,4,0,0,8,0,0,0,0,1,1,5,6,1,17,4,1242,1,8,FORD FIESTA,6,E01032200,0,-1
2023141331337,2023,141331337,1,9,0,17,19,2,2,0,0,3,0,0,0,0,1,1,5,6,1,19,4,998,1,9,FORD FIESTA,6,E01007696,0,-1
2023351309918,2023,351309918,2,9,0,2,2,0,0,0,0,0,0,0,0,0,2,1,6,6,3,-1,-1,998,1,8,FORD FIESTA,-1,-1,0,-1
2023201453079,2023,201453079,1,9,0,18,19,1,5,0,0,8,0,0,0,0,1,1,1,1,2,31,6,998,1,6,FORD FIESTA,1,E01009300,0,-1
2023471320951,2023,471320951,2,9,0,18,19,8,3,0,0,3,0,0,3,2,1,1,2,2,1,24,5,1596,1,7,FORD FIESTA,10,E01030581,0,-1
2023991307081,2023,991307081,1,9,0,17,19,6,3,0,0,0,5,0,1,11,1,1,6,6,1,19,4,998,1,4,FORD FIESTA,5,-1,0,-1
2023531356856,2023,531356856,2,9,0,16,19,3,5,0,0,0,0,0,5,0,3,1,6,6,2,17,4,1388,1,14,FORD FIESTA,9,E01022276,0,-1
2023221364605,2023,221364605,1,9,0,18,19,4,8,0,0,0,0,0,0,0,1,1,5,6,2,69,10,998,1,6,FORD FIESTA,2,E01032464,0,-1
2023361359636,2023,361359636,2,9,0,9,9,1,4,0,0,0,0,0,0,0,4,1,2,2,1,25,5,1084,1,2,FORD FIESTA,6,E01030080,0,-1
2023401368883,2023,401368883,2,9,0,16,19,1,5,0,0,0,0,0,1,9,1,1,2,2,1,20,4,1596,1,12,FORD FIESTA,5,E01027062,0,-1
2023430110617,2023,430110617,1,9,0,18,19,6,2,0,0,0,0,0,0,0,1,1,1,1,2,29,6,1299,1,21,FORD FIESTA,10,E01016526,0,-1
2023610038523,2023,610038523,1,9,0,18,19,5,1,0,0,5,0,10,3,0,1,1,6,6,1,30,6,1399,2,16,FORD FIESTA,2,W01001692,0,-1
2023320457770,2023,320457770,1,9,0,9,9,2,8,0,0,6,0,0,0,0,1,1,6,6,1,34,6,1560,2,13,FORD FIESTA,6,E01017435,0,-1
2023471382567,2023,471382567,1,9,0,18,19,6,2,0,0,0,0,0,0,0,1,1,6,6,1,38,7,1399,2,12,FORD FIESTA,6,E01031604,0,-1
2023010427488,2023,010427488,1,9,0,18,19,1,5,9,9,1,0,11,1,0,1,1,6,6,2,55,8,1388,1,11,FORD FIESTA,8,E01021766,0,-1
2023061371841,2023,061371841,1,9,0,18,19,5,1,0,0,8,1,0,0,0,1,1,5,6,1,31,6,1499,2,6,FORD FIESTA,2,E01025524,0,-1
2023041395545,2023,041395545,1,9,0,18,19,1,5,0,0,1,0,0,0,0,4,1,5,6,1,80,11,1499,2,8,FORD FIESTA,7,E01025029,0,-1
2023552300713,2023,552300713,1,9,0,18,19,6,2,0,0,1,0,0,0,0,1,1,6,6,1,21,5,1399,2,11,FORD FIESTA,3,E01033242,0,-1
2023231326218,2023,231326218,1,9,0,18,19,1,5,0,0,1,0,0,0,0,1,1,6,6,1,30,6,1242,1,18,FORD FIESTA,1,E01009651,0,-1
2023010431219,2023,010431219,1,9,0,4,4,8,4,0,0,0,0,0,0,0,2,1,1,1,2,45,7,1388,1,11,FORD FIESTA,5,E01015989,0,-1
2023471307485,2023,471307485,1,9,0,9,9,1,8,0,0,6,0,0,0,0,1,1,5,6,1,17,4,1399,2,14,FORD FIESTA,10,E01031700,0,-1
2023991362052,2023,991362052,2,9,0,18,19,3,7,0,0,0,0,4,0,0,1,1,6,6,1,36,7,1560,2,10,FORD FIESTA,8,-1,0,-1
2023991275810,2023,991275810,1,9,0,18,19,5,8,0,0,6,0,0,0,0,1,1,4,7,1,17,4,998,1,4,FORD FIESTA,7,-1,0,-1
2023311345737,2023,311345737,1,9,0,9,9,5,3,0,0,1,0,0,0,0,3,1,6,6,1,25,5,1084,1,4,FORD FIESTA,-1,-1,0,-1
2023622300467,2023,622300467,1,9,0,18,19,5,1,0,0,0,0,0,4,2,3,1,6,6,1,32,6,1560,2,14,FORD FIESTA,9,W01000969,0,-1
2023543923023,2023,543923023,1,9,0,9,9,8,6,0,0,6,0,0,0,0,1,1,6,6,2,19,4,1388,1,14,FORD FIESTA,3,E01015502,0,-1
2023991384218,2023,991384218,1,9,0,11,11,7,1,0,0,6,0,0,0,0,2,1,5,6,2,49,8,1242,1,15,FORD FIESTA,-1,-1,0,-1
2023131329972,2023,131329972,3,9,0,2,2,0,0,0,0,8,0,0,0,0,1,1,6,6,3,-1,-1,1388,1,17,FORD FIESTA,-1,-1,0,-1
2023010422455,2023,010422455,3,9,0,2,2,0,0,0,0,9,0,0,0,0,2,1,6,6,2,42,7,1388,1,17,FORD FIESTA,-1,-1,0,-1
2023101375307,2023,101375307,2,9,0,4,4,5,1,0,0,0,0,0,0,0,2,1,6,6,2,34,6,1499,2,6,FORD FIESTA,2,E01033074,0,-1
2023991333718,2023,991333718,2,9,0,13,13,8,4,0,0,0,1,0,2,11,4,1,5,6,1,60,9,-1,-1,-1,FORD FIESTA,7,-1,0,-1
2023201346316,2023,201346316,1,9,0,13,13,2,6,0,0,1,0,0,0,0,4,1,6,6,1,22,5,1596,1,8,FORD FIESTA,7,E01010516,0,-1
202363B005323,2023,63B005323,1,9,0,13,13,2,5,0,0,1,1,7,7,1,1,1,6,6,2,22,5,1388,1,13,FORD FIESTA,1,W01000511,0,-1
2023332300512,2023,332300512,1,9,0,3,3,4,8,0,0,0,0,0,0,0,2,1,6,6,1,78,11,1399,2,13,FORD FIESTA,5,E01013770,0,-1
2023461379536,2023,461379536,1,9,0,18,19,5,1,0,0,1,0,0,0,0,4,1,6,6,2,37,7,1242,1,9,FORD FIESTA,5,E01024319,0,-1
2023221300123,2023,221300123,1,9,0,18,19,7,3,0,0,0,0,0,0,0,3,1,2,2,1,18,4,1242,1,14,FORD FIESTA,5,E01014008,0,-1
2023131292214,2023,131292214,2,9,0,18,19,3,7,0,0,8,0,0,0,0,1,1,5,6,1,27,6,1560,2,13,FORD FIESTA,1,E01011663,0,-1
2023461289087,2023,461289087,2,9,0,4,4,1,5,0,0,1,1,0,1,0,2,1,5,6,1,24,5,1242,1,11,FORD FIESTA,3,E01024392,0,-1
2023221363966,2023,221363966,1,9,0,18,19,5,1,0,0,4,0,0,0,0,1,1,6,6,1,54,8,1242,1,18,FORD FIESTA,6,E01032327,0,-1
2023411339440,2023,411339440,2,9,0,7,7,2,3,0,0,5,0,0,0,0,4,1,1,1,1,49,8,998,1,4,FORD FIESTA,4,E01023883,0,-1
2023440272963,2023,440272963,2,9,0,9,9,4,2,0,0,1,0,0,0,0,1,1,6,6,1,53,8,998,1,10,FORD FIESTA,10,E01023193,0,-1
2023430450869,2023,430450869,1,9,0,13,13,4,1,0,0,0,1,0,1,1,1,1,6,6,1,38,7,1242,1,16,FORD FIESTA,6,E01028559,0,-1
2023131368717,2023,131368717,2,9,0,2,2,6,2,0,0,0,0,0,0,0,2,1,6,6,3,-1,-1,1242,1,13,FORD FIESTA,-1,-1,0,-1
2023991302005,2023,991302005,1,9,0,18,19,4,8,0,0,1,0,0,0,0,1,1,5,6,1,19,4,1242,1,15,FORD FIESTA,8,-1,0,-1
2023501348273,2023,501348273,2,9,0,4,4,7,4,0,0,0,0,0,0,0,2,1,6,6,2,56,9,999,1,1,FORD FIESTA,5,E01020049,0,-1
2023543753623,2023,543753623,1,9,0,5,5,4,8,9,9,0,0,4,1,10,1,1,6,6,1,23,5,1299,1,21,FORD FIESTA,4,E01022192,0,-1
2023010469277,2023,010469277,1,9,0,18,19,3,7,0,0,0,0,0,0,0,2,1,6,6,2,33,6,1242,1,14,FORD FIESTA,-1,-1,0,-1
2023201378767,2023,201378767,1,9,0,18,19,2,6,0,0,8,0,0,0,0,3,1,6,6,2,52,8,998,1,9,FORD FIESTA,9,E01032142,0,-1
2023010448726,2023,010448726,1,9,0,14,14,3,7,0,0,2,0,0,0,0,1,1,6,6,1,69,10,999,1,3,FORD FIESTA,6,E01003261,0,-1
2023461297617,2023,461297617,2,9,0,9,9,5,1,0,0,8,0,0,0,0,3,1,6,6,1,27,6,998,1,9,FORD FIESTA,6,E01024513,0,-1
2023010452539,2023,010452539,2,9,0,5,5,8,4,0,0,2,0,0,7,0,3,1,6,6,2,35,6,998,1,9,FORD FIESTA,4,E01000799,0,-1
2023122300526,2023,122300526,1,9,0,18,19,5,1,9,9,0,0,0,8,11,1,1,2,2,2,26,6,1242,1,9,FORD FIESTA,9,E01027652,0,-1
2023451346242,2023,451346242,1,9,0,18,19,3,7,0,0,0,0,0,0,0,4,1,1,1,1,20,4,1242,1,14,FORD FIESTA,-1,-1,0,-1
2023421272575,2023,421272575,1,9,0,9,9,7,5,0,0,1,0,0,0,0,1,1,5,6,1,18,4,1388,1,16,FORD FIESTA,7,E01021914,0,-1
2023540746023,2023,540746023,2,9,0,3,3,1,5,0,0,0,0,0,0,0,2,1,6,6,2,30,6,1596,1,17,FORD FIESTA,5,E01031952,0,-1
2023471286799,2023,471286799,1,9,0,18,19,6,2,0,0,1,0,0,0,0,1,1,6,6,1,61,9,-1,-1,-1,FORD FIESTA,8,E01021180,0,-1
2023010423936,2023,010423936,2,9,0,5,5,7,3,0,0,1,0,0,0,0,3,1,6,6,2,52,8,1999,1,15,FORD FIESTA,4,E01002600,0,-1
2023461382234,2023,461382234,1,9,0,7,7,6,2,0,0,6,0,0,0,0,1,1,6,6,1,32,6,1596,1,6,FORD FIESTA,2,E01016117,0,-1
2023545641623,2023,545641623,2,9,0,18,19,5,1,0,0,8,0,0,1,11,1,1,6,6,1,77,11,998,1,6,FORD FIESTA,7,E01009453,0,-1
2023211266269,2023,211266269,1,9,0,9,9,5,3,0,0,1,0,0,0,0,1,1,5,6,2,83,11,998,1,3,FORD FIESTA,-1,-1,0,-1
2023161375134,2023,161375134,1,9,0,18,19,7,3,0,0,1,0,0,0,0,1,1,6,6,1,47,8,1242,1,6,FORD FIESTA,6,E01013022,0,-1
2023371280725,2023,371280725,1,9,0,18,19,4,8,0,0,0,0,0,0,0,1,1,5,6,1,36,7,1388,1,14,FORD FIESTA,2,E01033122,0,-1
2023501284659,2023,501284659,1,9,0,9,9,7,5,0,0,8,0,0,0,0,4,1,6,6,1,21,5,1242,1,7,FORD FIESTA,4,E01019981,0,-1
2023552300329,2023,552300329,2,9,0,4,4,1,7,0,0,8,0,0,0,0,2,1,6,6,2,57,9,1242,1,17,FORD FIESTA,2,E01020575,0,-1
2023041364026,2023,041364026,1,9,0,18,19,1,5,0,0,0,0,0,0,0,1,1,6,6,1,22,5,1596,1,17,FORD FIESTA,6,E01025433,0,-1
2023340NN0462,2023,340NN0462,2,9,0,18,19,3,7,0,0,1,0,0,0,0,2,1,6,6,1,20,4,998,1,9,FORD FIESTA,9,E01027346,0,-1
2023520400626,2023,520400626,1,9,0,3,3,7,6,0,0,1,0,0,0,0,2,1,6,6,3,-1,-1,1242,1,12,FORD FIESTA,-1,-1,0,-1
202360A112068,2023,60A112068,1,9,0,18,19,2,6,0,0,1,0,0,0,0,1,1,6,6,3,-1,-1,1388,1,13,FORD FIESTA,-1,-1,0,-1
2023161271929,2023,161271929,1,9,0,18,19,3,7,0,0,0,0,4,0,0,1,1,5,6,1,23,5,1388,1,15,FORD FIESTA,2,E01013143,0,-1
2023131326348,2023,131326348,1,9,0,18,19,3,7,0,0,8,0,0,0,0,1,1,2,2,1,39,7,998,1,4,FORD FIESTA,9,E01011880,0,-1
2023430045293,2023,430045293,1,9,0,9,9,2,8,0,0,5,0,0,0,0,1,1,6,6,2,45,7,1388,1,11,FORD FIESTA,-1,-1,0,-1
2023471352617,2023,471352617,3,9,0,3,3,7,3,0,0,1,0,0,0,0,1,1,2,2,1,19,4,998,1,5,FORD FIESTA,8,E01017002,0,-1
2023340NN2832,2023,340NN2832,2,9,0,18,19,5,1,0,0,8,0,7,0,10,4,1,6,6,1,19,4,1242,1,9,FORD FIESTA,9,E01027346,0,-1
2023622300055,2023,622300055,2,9,0,18,19,2,6,0,0,1,0,0,0,0,3,1,6,6,1,36,7,998,1,9,FORD FIESTA,5,W01001759,0,-1
2023421325543,2023,421325543,2,9,0,3,3,5,1,0,0,0,0,0,0,0,2,1,6,6,2,20,4,1242,1,7,FORD FIESTA,8,E01021347,0,-1
2023131276743,2023,131276743,1,9,0,4,4,7,3,0,0,0,0,0,0,0,2,1,2,2,2,50,8,1388,1,14,FORD FIESTA,10,E01011593,0,-1
2023141342048,2023,141342048,1,9,0,7,7,3,5,0,0,8,0,0,0,0,1,1,5,6,2,64,9,1499,2,7,FORD FIESTA,1,E01007723,0,-1
2023141365692,2023,141365692,6,9,0,2,2,0,0,0,0,0,0,0,0,0,3,1,6,6,3,-1,-1,1399,2,12,FORD FIESTA,-1,-1,0,-1
2023010457550,2023,010457550,2,9,0,99,99,9,9,99,99,9,9,99,9,99,1,9,6,6,3,61,9,-1,-1,-1,FORD FIESTA,6,E01002565,0,-1
2023622300465,2023,622300465,1,9,0,18,19,4,8,0,0,8,0,0,1,0,1,1,6,6,1,27,6,1596,1,9,FORD FIESTA,2,W01001142,0,-1
2023440250617,2023,440250617,2,9,0,17,19,2,7,0,0,1,0,0,0,0,1,1,6,6,2,23,5,999,1,1,FORD FIESTA,2,E01017326,0,-1
2023131375061,2023,131375061,1,9,0,18,19,7,3,0,0,0,0,0,0,0,2,1,1,1,1,25,5,1399,2,12,FORD FIESTA,4,E01011821,0,-1
202354A664423,2023,54A664423,1,9,0,18,19,3,7,0,0,0,0,0,1,1,1,1,6,6,1,35,6,1242,1,9,FORD FIESTA,10,E01032700,0,-1
2023201333049,2023,201333049,1,9,0,5,5,2,6,0,0,3,0,0,0,0,1,1,6,6,2,29,6,1242,1,12,FORD FIESTA,8,E01031182,0,-1
2023052301643,2023,052301643,2,9,0,18,19,5,1,0,0,1,0,0,0,0,3,1,6,6,1,19,4,1242,1,15,FORD FIESTA,5,E01007223,0,-1
2023211345908,2023,211345908,1,9,0,14,14,7,3,0,0,0,0,0,0,0,1,1,5,6,1,67,10,1242,1,18,FORD FIESTA,2,E01029450,0,-1
2023010434247,2023,010434247,1,9,5,9,9,3,1,0,0,1,0,0,0,0,4,1,6,6,2,44,7,998,1,8,FORD FIESTA,10,E01000753,0,-1
2023010421584,2023,010421584,2,9,0,99,99,9,9,99,99,9,9,99,9,99,1,9,6,6,3,26,6,998,1,6,FORD FIESTA,-1,-1,0,-1
2023440248702,2023,440248702,1,9,0,18,19,8,4,0,0,0,0,0,0,0,4,1,6,6,2,18,4,998,1,8,FORD FIESTA,5,E01017070,0,-1
2023401390193,2023,401390193,2,9,0,5,5,5,1,0,0,6,0,0,0,0,1,1,6,6,3,-1,-1,1399,2,14,FORD FIESTA,-1,-1,0,-1
2023631385753,2023,631385753,1,9,0,18,19,1,5,0,0,0,0,0,0,0,1,1,5,6,1,36,7,1999,1,15,FORD FIESTA,8,W01000457,0,-1
2023131289979,2023,131289979,1,9,0,7,7,7,1,0,0,1,0,0,0,0,0,1,6,6,2,20,4,998,1,6,FORD FIESTA,10,E01023968,0,-1
2023451380641,2023,451380641,6,9,0,2,2,0,0,0,0,0,0,0,0,0,3,1,6,6,3,-1,-1,998,1,4,FORD FIESTA,-1,-1,0,-1
2023522301176,2023,522301176,2,9,0,18,19,1,5,0,0,1,0,0,0,0,1,1,6,6,2,32,6,1388,1,13,FORD FIESTA,-1,-1,0,-1
2023141262938,2023,141262938,1,9,0,18,19,1,5,0,0,8,0,0,0,0,1,1,6,6,2,18,4,1399,2,12,FORD FIESTA,2,E01007849,0,-1
2023430235626,2023,430235626,2,9,0,18,19,5,1,0,0,4,0,0,0,0,2,1,6,6,1,66,10,1242,1,11,FORD FIESTA,5,E01019532,0,-1
2023302301377,2023,302301377,2,9,0,7,7,8,2,0,0,2,0,0,0,0,0,1,6,6,1,20,4,998,1,7,FORD FIESTA,5,E01019451,0,-1
2023411317627,2023,411317627,1,9,0,18,19,1,5,0,0,0,2,0,1,4,1,1,2,2,1,51,8,1242,1,13,FORD FIESTA,6,E01023921,0,-1
2023421388258,2023,421388258,3,9,0,2,2,0,0,0,0,0,0,0,0,0,1,1,6,6,3,-1,-1,1999,1,17,FORD FIESTA,-1,-1,0,-1
2023052300272,2023,052300272,2,9,0,9,9,1,7,0,0,8,0,0,1,7,1,1,6,6,3,-1,-1,998,1,5,FORD FIESTA,-1,-1,0,-1
2023430199250,2023,430199250,2,9,0,18,19,5,1,0,0,8,0,0,0,0,3,1,6,6,2,21,5,1242,1,15,FORD FIESTA,4,E01017902,0,-1
2023361356542,2023,361356542,2,9,0,18,19,3,7,0,0,1,0,0,0,0,3,1,5,6,2,78,11,999,1,3,FORD FIESTA,4,E01026606,0,-1
2023221331722,2023,221331722,2,9,0,2,2,0,0,0,0,0,0,0,0,0,3,1,5,6,2,35,6,1242,1,9,FORD FIESTA,8,E01032160,0,-1
2023221284218,2023,221284218,1,9,0,17,19,2,7,0,0,8,0,0,0,0,1,1,5,6,1,23,5,1242,1,8,FORD FIESTA,-1,-1,0,-1
2023010472595,2023,010472595,1,9,0,18,19,3,7,0,0,0,0,0,0,0,3,1,6,6,1,27,6,1388,1,14,FORD FIESTA,4,E01003666,0,-1
2023471266219,2023,471266219,1,9,0,17,19,7,5,0,0,0,1,0,0,0,1,1,5,6,2,45,7,1596,1,16,FORD FIESTA,3,E01031459,0,-1
2023351358786,2023,351358786,1,9,0,4,4,5,1,0,0,0,0,12,0,0,3,1,5,6,2,33,6,1499,2,6,FORD FIESTA,4,E01032980,0,-1
2023430259111,2023,430259111,1,9,0,18,19,2,6,0,0,0,0,0,0,0,1,1,6,6,2,37,7,998,1,5,FORD FIESTA,5,E01016502,0,-1
2023471291247,2023,471291247,1,9,0,5,5,1,5,0,0,6,0,0,0,0,1,1,6,6,1,-1,-1,1388,1,13,FORD FIESTA,3,E01003143,0,-1
2023552301275,2023,552301275,1,9,0,18,19,6,2,0,0,0,0,0,0,0,1,1,2,2,2,25,5,1560,2,12,FORD FIESTA,5,E01020587,0,-1
2023371347616,2023,371347616,2,9,0,10,10,7,5,0,0,1,0,0,1,0,2,1,5,6,2,43,7,1560,2,12,FORD FIESTA,9,E01029893,0,-1
2023141343485,2023,141343485,1,9,0,5,5,6,2,0,0,0,0,0,0,0,2,1,5,6,1,43,7,1399,2,13,FORD FIESTA,1,E01008094,0,-1
2023501304598,2023,501304598,1,9,0,18,19,7,7,0,0,1,0,0,0,0,1,1,6,6,1,16,4,1388,1,16,FORD FIESTA,4,E01020002,0,-1
2023401371584,2023,401371584,1,9,0,18,19,-1,-1,0,0,0,1,0,0,0,1,1,3,7,1,44,7,999,1,3,FORD FIESTA,6,E01017386,0,-1
2023451311497,2023,451311497,2,9,0,18,19,6,2,0,0,0,1,0,0,0,3,1,2,2,2,25,5,1242,1,11,FORD FIESTA,7,E01030938,0,-1
2023302300687,2023,302300687,1,9,0,18,19,2,6,0,0,0,1,4,0,0,1,1,6,6,1,18,4,1242,1,15,FORD FIESTA,1,E01013590,0,-1
2023411312989,2023,411312989,1,9,0,14,14,4,8,0,0,1,0,0,0,0,1,1,6,6,1,27,6,1560,2,11,FORD FIESTA,9,E01033609,0,-1
2023070104733,2023,070104733,1,9,0,9,9,3,1,0,0,6,0,0,0,0,3,1,6,6,1,69,10,998,1,5,FORD FIESTA,5,E01018654,0,-1
2023411266816,2023,411266816,2,9,0,3,3,7,3,0,0,0,0,0,0,0,1,1,6,6,1,25,5,1242,1,10,FORD FIESTA,5,E01023780,0,-1
2023010451078,2023,010451078,1,9,0,18,19,3,7,0,0,0,0,0,0,0,1,1,6,6,1,35,6,1388,1,15,FORD FIESTA,6,E01001393,0,-1
2023440493404,2023,440493404,1,9,0,18,19,2,6,0,0,0,0,0,2,11,1,1,6,6,1,23,5,1388,1,17,FORD FIESTA,4,E01017297,0,-1
2023552300944,2023,552300944,3,9,0,3,3,3,7,0,0,8,0,0,0,0,2,1,6,6,1,52,8,1388,1,19,FORD FIESTA,8,E01020468,0,-1
2023302300442,2023,302300442,1,9,0,16,19,2,6,0,0,2,1,4,7,0,1,1,6,6,1,19,4,998,1,4,FORD FIESTA,9,E01019839,0,-1
2023010462060,2023,010462060,1,9,0,99,99,9,9,99,99,0,9,99,9,99,4,9,6,6,1,32,6,998,1,5,FORD FIESTA,2,E01001560,0,-1
2023122400147,2023,122400147,2,9,0,13,13,5,1,0,0,0,0,0,0,0,1,1,6,6,1,28,6,998,1,6,FORD FIESTA,7,E01027692,0,-1
2023991337991,2023,991337991,1,9,0,4,4,3,7,0,0,0,0,0,0,0,1,1,5,6,2,19,4,1242,1,12,FORD FIESTA,1,-1,0,-1