collision_index,collision_year,collision_ref_no,vehicle_reference,vehicle_type,towing_and_articulation,vehicle_manoeuvre_historic,vehicle_manoeuvre,vehicle_direction_from,vehicle_direction_to,vehicle_location_restricted_lane_historic,vehicle_location_restricted_lane,junction_location,skidding_and_overturning,hit_object_in_carriageway,vehicle_leaving_carriageway,hit_object_off_carriageway,first_point_of_impact,vehicle_left_hand_drive,journey_purpose_of_driver_historic,journey_purpose_of_driver,sex_of_driver,age_of_driver,age_band_of_driver,engine_capacity_cc,propulsion_code,age_of_vehicle,generic_make_model,driver_imd_decile,lsoa_of_driver,escooter_flag,driver_distance_banding
2023622300109,2023,622300109,1,9,0,18,19,8,4,0,0,0,0,0,1,7,1,1,6,6,1,39,7,1242,1,8,FORD FIESTA,1,W01001267,0,-1
2023131372907,2023,131372907,2,9,0,-1,-1,-1,-1,-1,-1,0,-1,-1,-1,-1,-1,1,6,6,2,25,5,1242,1,10,FORD FIESTA,2,E01011163,0,-1
2023421278532,2023,421278532,1,9,0,9,9,3,1,0,0,6,0,0,0,0,1,1,5,6,1,18,4,1242,1,14,FORD FIESTA,6,E01021855,0,-1
2023522301130,2023,522301130,2,9,0,18,19,4,8,0,0,1,1,0,1,0,1,1,6,6,2,75,10,1388,1,14,FORD FIESTA,9,E01014857,0,-1
2023041283365,2023,041283365,5,9,0,2,2,3,7,0,0,2,0,0,0,0,1,1,6,6,3,-1,-1,1388,1,14,FORD FIESTA,-1,-1,0,-1
2023361306409,2023,361306409,1,9,0,9,9,4,8,0,0,1,1,0,0,0,1,1,1,1,1,34,6,1242,1,16,FORD FIESTA,6,E01026469,0,-1
2023010424730,2023,010424730,2,9,0,5,5,3,7,0,0,1,0,0,0,0,1,1,4,7,2,48,8,1388,1,13,FORD FIESTA,5,E01002371,0,-1
2023421259764,2023,421259764,1,9,0,18,19,8,4,0,0,0,0,0,4,0,1,1,5,6,1,20,4,1388,1,18,FORD FIESTA,-1,-1,0,-1
2023122301373,2023,122301373,1,9,0,18,19,1,5,0,0,0,0,0,1,4,1,1,6,6,2,-1,-1,1242,1,7,FORD FIESTA,8,E01011857,0,-1
2023061338765,2023,061338765,2,9,0,10,10,7,3,0,0,1,0,0,0,0,2,1,6,6,2,57,9,1242,1,6,FORD FIESTA,10,E01005717,0,-1
2023201404420,2023,201404420,1,9,0,5,5,3,7,0,0,4,0,0,0,0,1,1,6,6,2,53,8,998,1,10,FORD FIESTA,3,E01010242,0,-1
2023302301521,2023,302301521,1,9,0,18,19,2,6,0,0,1,0,0,0,0,1,1,6,6,1,58,9,998,1,4,FORD FIESTA,10,E01019473,0,-1
2023440493956,2023,440493956,1,9,0,18,19,8,4,0,0,1,0,0,0,0,1,1,6,6,1,42,7,-1,-1,-1,FORD FIESTA,8,E01023049,0,-1
2023522400440,2023,522400440,1,9,0,18,19,4,8,0,0,8,0,0,0,0,1,1,6,6,1,18,4,1242,1,13,FORD FIESTA,10,E01014901,0,-1
2023440160890,2023,440160890,2,9,0,18,19,3,7,0,0,3,0,0,7,11,1,1,6,6,1,18,4,1242,1,21,FORD FIESTA,4,E01022484,0,-1
2023131372217,2023,131372217,1,9,0,9,9,6,2,0,0,0,0,0,0,0,1,1,2,2,2,65,9,1388,1,20,FORD FIESTA,7,E01011162,0,-1
2023440217200,2023,440217200,2,9,0,18,19,3,7,0,0,8,0,0,0,0,4,1,2,2,1,28,6,1999,1,16,FORD FIESTA,6,E01023118,0,-1
2023141266744,2023,141266744,1,9,0,18,19,1,5,0,0,0,0,0,0,0,1,1,2,2,2,32,6,998,1,6,FORD FIESTA,4,E01007398,0,-1
2023010441597,2023,010441597,2,9,0,2,2,0,0,0,0,0,0,0,0,0,4,1,6,6,3,-1,-1,999,1,0,FORD FIESTA,-1,-1,0,-1
2023061305606,2023,061305606,1,9,0,18,19,-1,-1,0,0,0,-1,-1,-1,0,1,1,6,6,1,-1,-1,1242,1,14,FORD FIESTA,1,E01012572,0,-1
2023421285054,2023,421285054,2,9,0,3,3,1,5,0,0,1,0,0,0,0,2,1,2,2,2,34,6,1596,1,12,FORD FIESTA,3,E01021391,0,-1
2023991377491,2023,991377491,1,9,0,13,13,8,4,0,0,1,0,0,7,4,1,1,1,1,1,17,4,1242,1,9,FORD FIESTA,10,-1,0,-1
2023211312627,2023,211312627,1,9,0,9,9,4,2,0,0,2,0,0,0,0,1,1,5,6,1,31,6,1388,1,14,FORD FIESTA,-1,-1,0,-1
2023430039423,2023,430039423,2,9,0,18,19,5,1,9,9,8,0,0,0,0,1,1,1,1,2,54,8,998,1,9,FORD FIESTA,9,E01032950,0,-1
2023430031799,2023,430031799,2,9,0,18,19,3,7,0,0,0,0,0,0,0,4,1,6,6,1,19,4,1560,2,15,FORD FIESTA,7,E01016824,0,-1
2023311317450,2023,311317450,1,9,0,18,19,4,8,0,0,5,1,0,2,4,1,1,2,2,1,19,4,1399,2,16,FORD FIESTA,4,E01028225,0,-1
2023221380245,2023,221380245,2,9,0,18,19,8,5,0,0,1,0,4,0,0,1,1,5,6,1,19,4,1388,1,19,FORD FIESTA,8,E01014157,0,-1
2023461315934,2023,461315934,1,9,0,4,4,8,4,0,0,1,0,0,0,0,1,1,6,6,1,-1,-1,1242,1,23,FORD FIESTA,4,E01024217,0,-1
2023101282666,2023,101282666,1,9,0,3,3,1,1,0,0,0,0,0,0,0,2,1,6,6,1,20,4,998,1,5,FORD FIESTA,2,E01008173,0,-1
2023361356402,2023,361356402,1,9,0,17,19,6,2,0,0,0,2,0,1,0,3,1,6,6,1,80,11,998,1,4,FORD FIESTA,7,E01026421,0,-1
2023041307640,2023,041307640,4,9,0,2,2,3,7,9,9,0,0,0,0,0,2,1,6,6,3,-1,-1,1242,1,16,FORD FIESTA,-1,-1,0,-1
2023010483479,2023,010483479,2,9,0,15,15,1,5,0,0,0,0,0,0,0,1,1,6,6,1,36,7,998,1,9,FORD FIESTA,8,E01004193,0,-1
2023991314320,2023,991314320,1,9,0,9,9,5,3,0,0,6,0,0,0,0,1,1,5,6,2,33,6,1084,1,4,FORD FIESTA,-1,-1,0,-1
2023201306663,2023,201306663,2,9,0,9,9,1,7,0,0,5,0,0,0,0,1,1,6,6,1,30,6,1388,1,14,FORD FIESTA,2,E01010284,0,-1
2023501282956,2023,501282956,2,9,0,18,19,3,7,0,0,0,0,0,5,6,4,1,2,2,2,39,7,1242,1,18,FORD FIESTA,2,E01015157,0,-1
2023052300706,2023,052300706,2,9,0,5,5,1,5,0,0,1,0,0,0,0,3,1,6,6,2,58,9,1499,2,7,FORD FIESTA,1,E01007119,0,-1
2023610024023,2023,610024023,1,9,0,18,19,5,1,0,0,0,0,0,0,0,1,1,6,6,1,26,6,1560,2,9,FORD FIESTA,3,W01001331,0,-1
2023520001018,2023,520001018,1,9,0,18,19,3,7,0,0,0,0,0,0,0,1,1,6,6,1,18,4,1560,2,10,FORD FIESTA,7,E01029056,0,-1
2023522300935,2023,522300935,3,9,0,10,10,2,8,0,0,1,0,0,0,0,2,1,6,6,1,50,8,999,1,2,FORD FIESTA,1,E01014647,0,-1
2023622301049,2023,622301049,1,9,0,15,15,8,4,0,0,0,0,0,0,0,1,1,6,6,1,26,6,1242,1,10,FORD FIESTA,2,W01000964,0,-1
2023061376472,2023,061376472,2,9,-1,5,5,5,1,0,0,0,0,0,0,0,3,1,6,6,2,30,6,1242,1,13,FORD FIESTA,1,E01005257,0,-1
2023010442547,2023,010442547,1,9,0,6,6,5,5,0,0,2,0,0,0,0,1,1,6,6,1,51,8,1399,2,13,FORD FIESTA,10,E01000345,0,-1
2023421329339,2023,421329339,1,9,0,18,19,5,1,0,0,0,1,0,0,0,1,1,1,1,1,18,4,1388,1,14,FORD FIESTA,3,E01021601,0,-1
2023061320787,2023,061320787,2,9,0,3,3,-1,-1,0,0,-1,0,0,0,0,2,1,5,6,1,26,6,1388,1,11,FORD FIESTA,4,E01005888,0,-1
2023522301568,2023,522301568,2,9,0,9,9,3,1,0,0,8,0,0,0,0,1,1,6,6,3,-1,-1,1399,2,15,FORD FIESTA,-1,-1,0,-1
2023471290934,2023,471290934,1,9,0,18,19,6,2,0,0,8,0,0,0,0,1,1,6,6,2,20,4,1388,1,16,FORD FIESTA,3,E01031552,0,-1
2023991314378,2023,991314378,6,9,0,18,19,8,4,0,0,0,0,1,0,0,1,1,6,6,1,19,4,998,1,5,FORD FIESTA,3,-1,0,-1
2023991369155,2023,991369155,1,9,0,18,19,2,6,0,0,0,0,0,0,0,4,1,6,6,1,43,7,999,1,3,FORD FIESTA,8,-1,0,-1
2023010428139,2023,010428139,1,9,0,18,19,3,7,0,0,0,0,0,0,0,1,1,2,2,1,20,4,998,1,5,FORD FIESTA,3,E01003603,0,-1
2023141293586,2023,141293586,1,9,0,18,19,8,4,0,0,1,0,0,0,0,1,2,2,2,2,26,6,998,1,0,FORD FIESTA,1,E01007461,0,-1
2023991297927,2023,991297927,1,9,0,18,19,1,4,0,0,0,2,0,1,0,4,1,5,6,1,17,4,1388,1,18,FORD FIESTA,5,-1,0,-1
2023501288425,2023,501288425,1,9,0,17,19,6,3,0,0,0,2,0,2,4,4,1,6,6,2,18,4,1388,1,15,FORD FIESTA,6,E01018764,0,-1
2023351313283,2023,351313283,2,9,0,18,19,-1,-1,0,0,0,0,11,0,0,1,1,6,6,2,45,7,1499,2,7,FORD FIESTA,4,E01015623,0,-1
2023211281037,2023,211281037,1,9,-1,18,19,8,4,-1,-1,-1,-1,-1,-1,0,-1,1,6,6,1,-1,-1,998,1,7,FORD FIESTA,-1,-1,0,-1
2023221263370,2023,221263370,1,9,0,18,19,5,1,0,0,0,0,0,0,0,1,1,6,6,1,46,8,1388,1,17,FORD FIESTA,3,E01032456,0,-1
2023111367866,2023,111367866,1,9,0,18,19,5,1,0,0,0,0,0,0,0,1,1,6,6,3,30,6,1242,1,15,FORD FIESTA,-1,-1,0,-1
2023052301820,2023,052301820,1,9,0,18,19,1,5,0,0,8,0,0,1,11,3,1,6,6,2,64,9,1388,1,17,FORD FIESTA,5,E01007041,0,-1
2023440274432,2023,440274432,1,9,0,18,19,1,0,0,0,4,2,9,3,1,1,1,6,6,2,22,5,1596,1,19,FORD FIESTA,10,E01022662,0,-1
2023320251995,2023,320251995,2,9,0,18,19,4,8,0,0,8,0,0,1,0,3,1,2,2,1,64,9,-1,-1,-1,FORD FIESTA,-1,-1,0,-1
2023631312841,2023,631312841,1,9,0,9,9,2,7,0,0,5,0,0,0,0,1,1,5,6,1,29,6,-1,-1,-1,FORD FIESTA,4,W01001384,0,-1
2023052302604,2023,052302604,1,9,0,18,19,7,3,0,0,8,0,0,0,0,1,1,6,6,2,42,7,1596,1,9,FORD FIESTA,7,E01006539,0,-1
2023141360421,2023,141360421,1,9,0,18,19,7,3,0,0,0,1,0,0,0,3,1,5,6,2,38,7,998,1,6,FORD FIESTA,8,E01007610,0,-1
2023201375075,2023,201375075,1,9,0,18,19,2,6,0,0,0,0,4,0,0,1,1,6,6,2,79,11,1242,1,11,FORD FIESTA,10,E01009853,0,-1
2023552300413,2023,552300413,1,9,0,5,5,4,2,0,0,1,0,0,0,0,1,1,6,6,1,69,10,1388,1,11,FORD FIESTA,9,E01015351,0,-1
2023461329296,2023,461329296,1,9,0,16,19,3,5,0,0,0,0,0,0,0,1,1,6,6,1,22,5,1242,1,15,FORD FIESTA,4,E01016048,0,-1
2023371350299,2023,371350299,2,9,0,4,4,5,1,0,0,0,0,0,0,0,1,1,6,6,1,-1,-1,1596,1,13,FORD FIESTA,-1,-1,0,-1
2023141267095,2023,141267095,2,9,0,13,13,5,1,0,0,8,0,10,7,11,1,1,5,6,1,17,4,1560,2,10,FORD FIESTA,3,E01007807,0,-1
2023221280109,2023,221280109,1,9,0,4,4,7,2,0,0,0,0,0,0,0,1,1,5,6,2,27,6,1242,1,11,FORD FIESTA,2,E01008964,0,-1
2023141308012,2023,141308012,1,9,0,18,19,2,6,0,0,0,0,0,0,0,1,1,1,1,1,29,6,1596,1,12,FORD FIESTA,9,E01007808,0,-1
2023311364023,2023,311364023,2,9,0,18,19,7,7,0,0,1,5,7,0,0,3,1,6,6,2,53,8,1399,2,16,FORD FIESTA,1,E01013822,0,-1
2023131348912,2023,131348912,1,9,0,5,5,1,5,0,0,8,0,0,0,0,1,1,5,6,1,30,6,998,1,10,FORD FIESTA,5,E01008969,0,-1
2023010472539,2023,010472539,2,9,0,99,99,9,9,99,99,9,9,99,9,99,9,9,6,6,3,-1,-1,1596,1,8,FORD FIESTA,-1,-1,0,-1
2023010436406,2023,010436406,1,9,0,9,9,1,6,0,0,5,0,0,0,0,3,1,6,6,1,33,6,998,1,5,FORD FIESTA,1,E01003986,0,-1
2023131272784,2023,131272784,2,9,0,10,10,5,1,0,0,1,0,0,0,0,2,1,5,6,2,64,9,999,1,3,FORD FIESTA,8,E01010672,0,-1
2023302300984,2023,302300984,1,9,0,18,19,8,4,0,0,0,0,0,0,0,1,1,6,6,2,65,9,998,1,5,FORD FIESTA,-1,-1,0,-1
2023071034336,2023,071034336,2,9,0,4,4,3,7,0,0,1,0,9,0,0,2,1,2,2,2,22,5,1242,1,11,FORD FIESTA,-1,-1,0,-1
2023440020682,2023,440020682,2,9,0,18,19,3,7,0,0,0,0,4,0,0,4,1,6,6,2,49,8,1242,1,11,FORD FIESTA,1,E01017120,0,-1
2023421274019,2023,421274019,1,9,0,18,19,5,1,0,0,0,0,11,0,0,3,1,5,6,2,24,5,1242,1,12,FORD FIESTA,1,E01022031,0,-1
2023131357395,2023,131357395,2,9,0,-1,-1,-1,-1,-1,-1,0,-1,-1,-1,0,-1,1,6,6,1,53,8,998,1,8,FORD FIESTA,9,E01011311,0,-1
2023010482042,2023,010482042,2,9,0,2,2,0,0,9,9,0,0,0,0,0,1,1,6,6,3,-1,-1,1084,1,6,FORD FIESTA,-1,-1,0,-1
2023010428220,2023,010428220,2,9,0,99,99,9,9,99,99,9,9,99,9,99,1,9,6,6,3,-1,-1,1242,1,13,FORD FIESTA,-1,-1,0,-1
2023461306205,2023,461306205,2,9,0,3,3,3,7,0,0,0,0,0,0,0,2,1,6,6,1,22,5,1388,1,14,FORD FIESTA,8,E01016079,0,-1
2023070469237,2023,070469237,2,9,0,18,19,5,1,0,0,4,0,9,0,0,2,1,6,6,2,57,9,998,1,7,FORD FIESTA,5,E01018706,0,-1
2023311263116,2023,311263116,2,9,0,18,19,2,6,0,0,3,1,0,0,0,2,1,6,6,2,37,7,998,1,7,FORD FIESTA,9,E01028394,0,-1
2023991299803,2023,991299803,2,9,0,17,19,1,4,0,0,0,0,0,0,0,3,1,5,6,1,23,5,998,1,4,FORD FIESTA,9,-1,0,-1
2023052302126,2023,052302126,1,9,0,18,19,7,3,0,0,6,0,0,0,0,1,1,6,6,2,22,5,998,1,5,FORD FIESTA,6,E01004940,0,-1
2023430100505,2023,430100505,1,9,0,18,19,4,8,0,0,1,0,0,0,0,1,1,6,6,1,30,6,1242,1,15,FORD FIESTA,-1,-1,0,-1
2023010430716,2023,010430716,1,9,0,9,9,1,7,0,0,5,0,0,0,0,1,1,6,6,1,70,10,998,1,9,FORD FIESTA,9,E01023823,0,-1
2023421383372,2023,421383372,2,9,0,3,3,3,7,0,0,6,0,0,0,0,2,1,5,6,1,48,8,1388,1,13,FORD FIESTA,10,E01021249,0,-1
2023031276729,2023,031276729,1,9,0,18,19,1,5,0,0,0,0,0,0,0,1,1,6,6,1,18,4,998,1,7,FORD FIESTA,4,E01019283,0,-1
2023010466390,2023,010466390,2,9,0,18,19,6,2,0,0,2,0,0,0,0,1,1,6,6,3,57,9,999,8,0,FORD FIESTA,-1,-1,0,-1
2023552300747,2023,552300747,1,9,0,16,19,7,2,0,0,0,0,0,0,0,1,1,6,6,2,18,4,1242,1,11,FORD FIESTA,6,E01020442,0,-1
2023351316394,2023,351316394,1,9,0,2,2,0,0,6,6,0,0,0,0,0,0,1,5,6,2,32,6,1242,1,10,FORD FIESTA,2,E01001716,0,-1
2023421376580,2023,421376580,2,9,0,-1,-1,-1,-1,-1,-1,0,-1,-1,-1,0,-1,1,6,6,1,29,6,1242,1,11,FORD FIESTA,8,E01021468,0,-1
2023461329274,2023,461329274,1,9,0,18,19,3,7,0,0,8,1,10,0,0,1,1,6,6,2,17,4,1242,1,13,FORD FIESTA,9,E01032816,0,-1
2023041364885,2023,041364885,1,9,0,3,3,1,5,0,0,3,0,0,0,0,1,1,5,6,2,75,10,1242,1,13,FORD FIESTA,8,E01025344,0,-1
2023421346811,2023,421346811,1,9,0,18,19,1,5,0,0,1,0,0,0,0,3,1,6,6,1,19,4,1242,1,12,FORD FIESTA,3,E01015868,0,-1
2023421392282,2023,421392282,1,9,0,18,19,7,3,0,0,0,1,0,0,0,1,1,6,6,2,46,8,1388,1,20,FORD FIESTA,2,E01002356,0,-1
2023302301654,2023,302301654,2,9,0,18,19,6,2,0,0,6,0,0,0,0,3,1,6,6,1,17,4,1999,1,16,FORD FIESTA,2,E01013552,0,-1
2023622300967,2023,622300967,1,9,0,18,19,2,6,0,0,0,0,0,0,0,0,1,2,2,1,45,7,1496,1,0,FORD FIESTA,10,W01000858,0,-1
2023320075273,2023,320075273,1,9,0,18,19,8,4,0,0,2,0,0,0,0,3,1,6,6,1,19,4,998,1,6,FORD FIESTA,8,E01032991,0,-1
2023340WN4872,2023,340WN4872,1,9,0,5,5,1,5,0,0,4,0,0,0,0,1,1,6,6,2,38,7,998,1,7,FORD FIESTA,1,E01032979,0,-1
2023461377993,2023,461377993,2,9,0,9,9,7,5,0,0,0,0,0,0,0,3,1,6,6,1,17,4,1242,1,10,FORD FIESTA,6,E01024171,0,-1
2023361299496,2023,361299496,3,9,0,4,4,7,3,0,0,0,0,0,0,0,2,1,5,6,1,33,6,1242,1,7,FORD FIESTA,6,E01026896,0,-1
2023411271405,2023,411271405,1,9,0,16,19,3,5,0,0,0,0,0,7,0,1,1,5,6,1,39,7,1560,2,12,FORD FIESTA,8,E01023656,0,-1
2023122301346,2023,122301346,1,9,0,9,9,3,7,0,0,1,5,0,0,0,1,1,6,6,2,19,4,1388,1,17,FORD FIESTA,9,E01027882,0,-1
2023061370864,2023,061370864,1,9,0,5,5,1,5,0,0,1,0,0,0,0,1,1,5,6,1,55,8,999,1,2,FORD FIESTA,10,E01005796,0,-1
2023440317958,2023,440317958,2,9,0,18,19,2,6,0,0,0,0,0,0,0,1,1,6,6,1,20,4,999,1,3,FORD FIESTA,6,E01017261,0,-1
2023010480685,2023,010480685,1,9,0,9,9,7,5,0,0,8,0,0,0,0,1,1,1,1,1,37,7,1242,1,9,FORD FIESTA,2,E01032799,0,-1
2023131269658,2023,131269658,1,9,0,-1,-1,-1,-1,-1,-1,8,-1,-1,-1,0,-1,1,6,6,3,-1,-1,1084,1,4,FORD FIESTA,-1,-1,0,-1
202360A032782,2023,60A032782,1,9,0,18,19,2,6,0,0,0,0,0,0,0,1,1,6,6,1,32,6,998,1,10,FORD FIESTA,-1,-1,0,-1
2023461303266,2023,461303266,1,9,0,18,19,5,1,0,0,8,0,0,0,0,1,1,6,6,1,19,4,998,1,9,FORD FIESTA,1,E01024618,0,-1
2023421292232,2023,421292232,1,9,0,5,5,7,3,0,0,6,0,0,0,0,4,1,6,6,1,18,4,1242,1,15,FORD FIESTA,-1,-1,0,-1
2023361309347,2023,361309347,1,9,0,7,7,1,3,9,9,0,0,0,1,0,0,1,2,2,1,22,5,1388,1,15,FORD FIESTA,6,E01026893,0,-1
202360A007444,2023,60A007444,1,9,0,4,4,5,1,0,0,1,1,0,0,0,1,1,6,6,1,20,4,998,1,9,FORD FIESTA,-1,-1,0,-1
2023547684623,2023,547684623,2,9,0,18,19,2,6,0,0,0,0,0,0,0,1,1,6,6,2,21,5,1399,2,12,FORD FIESTA,4,E01015578,0,-1
2023231291541,2023,231291541,1,9,0,18,19,8,4,0,0,0,0,0,0,0,1,1,5,6,2,54,8,998,1,6,FORD FIESTA,7,E01031038,0,-1
2023161351959,2023,161351959,2,9,0,9,9,8,3,0,0,1,0,0,0,0,1,1,1,1,1,18,4,998,1,8,FORD FIESTA,9,E01013052,0,-1
2023111377856,2023,111377856,3,9,0,2,2,0,0,9,9,2,0,0,0,0,3,1,6,6,3,-1,-1,1242,1,11,FORD FIESTA,-1,-1,0,-1
2023302301583,2023,302301583,1,9,0,17,19,1,7,0,0,0,1,0,7,2,4,1,6,6,1,23,5,1999,1,17,FORD FIESTA,3,E01013532,0,-1
2023622301012,2023,622301012,1,9,0,17,19,8,4,0,0,0,0,0,0,0,1,1,6,6,1,24,5,998,1,5,FORD FIESTA,-1,-1,0,-1
2023991360630,2023,991360630,1,9,0,18,19,6,2,9,9,3,5,11,7,11,1,1,5,6,2,66,10,999,1,3,FORD FIESTA,7,-1,0,-1
2023622300594,2023,622300594,2,9,0,18,19,2,6,0,0,0,0,0,0,0,1,1,1,1,2,60,9,998,1,1,FORD FIESTA,5,W01000946,0,-1
2023440484597,2023,440484597,1,9,0,18,19,6,2,0,0,1,0,0,3,1,1,1,2,2,1,24,5,1242,1,7,FORD FIESTA,10,E01023269,0,-1
2023131376235,2023,131376235,1,9,0,18,19,4,8,0,0,1,0,0,0,0,1,1,5,6,1,17,4,1242,1,18,FORD FIESTA,2,E01011781,0,-1
2023520301801,2023,520301801,2,9,0,18,19,6,2,0,0,0,0,0,0,0,1,1,6,6,1,19,4,1560,2,13,FORD FIESTA,2,E01018868,0,-1
2023340NN1842,2023,340NN1842,3,9,0,18,19,1,5,0,0,0,0,0,0,0,3,1,1,1,2,41,7,1560,2,13,FORD FIESTA,3,E01027112,0,-1
2023371351003,2023,371351003,1,9,0,9,9,4,1,0,0,6,0,0,4,0,4,1,5,6,2,56,9,1242,1,14,FORD FIESTA,8,E01002289,0,-1
2023041297521,2023,041297521,2,9,0,4,4,1,5,0,0,1,0,0,0,0,2,1,5,6,1,28,6,998,1,4,FORD FIESTA,5,E01025080,0,-1
2023451272354,2023,451272354,1,9,0,5,5,3,7,0,0,1,0,0,0,0,0,1,2,2,1,34,6,1388,1,12,FORD FIESTA,9,E01030612,0,-1
2023461274114,2023,461274114,1,9,0,18,19,2,6,0,0,0,0,0,0,0,1,1,6,6,1,55,8,1560,2,12,FORD FIESTA,8,E01024106,0,-1
2023471261317,2023,471261317,2,9,0,10,10,6,3,0,0,0,0,0,0,0,2,1,5,6,1,70,10,998,1,4,FORD FIESTA,7,E01031665,0,-1
2023010448361,2023,010448361,1,9,0,99,99,9,9,99,99,9,9,99,9,99,1,9,6,6,2,23,5,998,1,5,FORD FIESTA,3,E01000127,0,-1
2023141359547,2023,141359547,1,9,0,18,19,4,8,0,0,2,0,0,0,0,3,1,5,6,1,18,4,1242,1,11,FORD FIESTA,2,E01007491,0,-1
2023622300768,2023,622300768,1,9,0,9,9,1,6,0,0,5,0,0,0,0,1,1,6,6,2,49,8,1242,1,14,FORD FIESTA,6,W01001058,0,-1
202354B577723,2023,54B577723,1,9,0,16,19,5,1,0,0,0,1,0,0,0,1,1,6,6,1,21,5,1596,1,16,FORD FIESTA,-1,-1,0,-1
2023501321000,2023,501321000,1,9,0,9,9,7,3,0,0,0,0,0,0,0,1,1,6,6,2,20,4,1242,1,19,FORD FIESTA,3,E01015159,0,-1
2023471279893,2023,471279893,1,9,0,18,19,3,7,0,0,0,5,0,0,0,1,1,5,6,1,19,4,1242,1,20,FORD FIESTA,6,E01021097,0,-1
2023311375809,2023,311375809,1,9,0,9,9,3,1,0,0,8,0,0,0,0,1,1,2,2,1,26,6,1496,1,4,FORD FIESTA,-1,-1,0,-1
2023131358663,2023,131358663,1,9,0,7,7,1,4,0,0,5,0,0,0,0,2,1,2,2,1,26,6,998,1,5,FORD FIESTA,1,E01011471,0,-1
2023061279599,2023,061279599,1,9,0,18,19,7,3,0,0,3,0,0,0,0,1,1,6,6,1,-1,-1,999,1,3,FORD FIESTA,-1,-1,0,-1
2023010465422,2023,010465422,2,9,0,18,19,3,7,0,0,8,0,0,0,0,1,1,6,6,1,20,4,1388,1,11,FORD FIESTA,3,E01002726,0,-1
2023991304233,2023,991304233,1,9,0,17,19,5,2,0,0,2,1,0,1,11,1,1,2,2,2,17,4,1242,1,12,FORD FIESTA,6,-1,0,-1
2023161311487,2023,161311487,2,9,0,9,9,6,4,0,0,8,0,0,0,0,1,1,6,6,1,-1,-1,998,1,8,FORD FIESTA,-1,-1,0,-1
2023010464217,2023,010464217,1,9,0,18,19,3,7,0,0,0,0,0,0,0,1,1,6,6,2,63,9,998,1,7,FORD FIESTA,8,E01000680,0,-1
2023010471642,2023,010471642,1,9,0,18,19,7,3,9,9,1,1,0,1,1,1,1,2,2,1,19,4,1242,1,13,FORD FIESTA,9,E01022583,0,-1
2023302301648,2023,302301648,1,9,0,18,19,3,7,0,0,0,0,0,4,6,3,1,6,6,1,18,4,998,1,5,FORD FIESTA,7,E01019477,0,-1
2023231383187,2023,231383187,1,9,0,17,19,3,7,0,0,0,0,0,0,0,1,1,1,1,2,40,7,1242,1,16,FORD FIESTA,3,E01031064,0,-1
2023101321661,2023,101321661,2,9,0,8,8,8,4,0,0,0,0,0,0,0,2,1,6,6,2,63,9,1499,2,10,FORD FIESTA,8,E01027425,0,-1
2023201422869,2023,201422869,3,9,0,4,4,1,3,0,0,0,0,0,0,0,1,1,6,6,2,26,6,1242,1,9,FORD FIESTA,1,E01010452,0,-1
2023991353267,2023,991353267,1,9,0,18,19,6,2,8,6,0,0,0,1,11,1,1,5,6,1,67,10,1242,1,9,FORD FIESTA,2,-1,0,-1
2023430344544,2023,430344544,1,9,0,9,9,3,1,0,0,3,0,0,0,0,1,1,6,6,2,45,7,1242,1,24,FORD FIESTA,-1,-1,0,-1
2023201410138,2023,201410138,1,9,0,18,19,4,8,0,0,8,0,10,7,0,1,1,6,6,1,18,4,1242,1,14,FORD FIESTA,10,E01010385,0,-1
2023411306291,2023,411306291,2,9,0,18,19,5,1,0,0,0,1,0,0,0,4,1,6,6,2,24,5,1242,1,14,FORD FIESTA,10,E01023959,0,-1
2023991344081,2023,991344081,2,9,0,2,2,0,0,0,0,2,0,0,0,0,1,1,5,6,2,80,11,1596,1,7,FORD FIESTA,1,-1,0,-1
2023071145796,2023,071145796,2,9,0,4,4,4,8,0,0,8,0,0,0,0,4,1,6,6,2,81,11,1596,1,7,FORD FIESTA,9,E01018571,0,-1
2023010423714,2023,010423714,1,9,0,18,19,3,7,0,0,8,0,0,0,0,4,1,6,6,2,72,10,1596,1,7,FORD FIESTA,3,E01002276,0,-1
2023031341358,2023,031341358,1,9,0,17,19,1,5,0,0,0,0,0,0,0,1,1,5,6,2,31,6,1242,1,15,FORD FIESTA,-1,-1,0,-1
2023332300732,2023,332300732,1,9,0,18,19,6,2,0,0,8,0,0,0,0,1,1,6,6,1,56,9,1242,1,18,FORD FIESTA,3,E01013626,0,-1
2023622301000,2023,622301000,3,9,0,18,19,8,4,0,0,0,0,0,0,0,1,1,2,2,1,33,6,998,1,8,FORD FIESTA,-1,-1,0,-1
2023141337290,2023,141337290,1,9,0,2,2,0,0,9,9,2,0,0,0,0,1,1,6,6,3,-1,-1,1560,2,12,FORD FIESTA,-1,-1,0,-1
2023421275794,2023,421275794,1,9,0,18,19,1,5,0,0,0,1,0,7,4,3,1,6,6,2,30,6,1560,2,14,FORD FIESTA,9,E01021390,0,-1
2023351391028,2023,351391028,1,9,0,7,7,1,3,0,0,8,1,11,1,9,1,1,2,2,2,38,7,1388,1,14,FORD FIESTA,6,E01018150,0,-1