collision_index,collision_year,collision_ref_no,vehicle_reference,vehicle_type,towing_and_articulation,vehicle_manoeuvre_historic,vehicle_manoeuvre,vehicle_direction_from,vehicle_direction_to,vehicle_location_restricted_lane_historic,vehicle_location_restricted_lane,junction_location,skidding_and_overturning,hit_object_in_carriageway,vehicle_leaving_carriageway,hit_object_off_carriageway,first_point_of_impact,vehicle_left_hand_drive,journey_purpose_of_driver_historic,journey_purpose_of_driver,sex_of_driver,age_of_driver,age_band_of_driver,engine_capacity_cc,propulsion_code,age_of_vehicle,generic_make_model,driver_imd_decile,lsoa_of_driver,escooter_flag,driver_distance_banding
2023311360076,2023,311360076,1,9,0,9,9,8,4,0,0,1,0,0,0,0,1,1,6,6,2,43,7,1242,1,18,FORD FIESTA,3,E01033397,0,-1
2023131358503,2023,131358503,1,9,0,18,19,1,3,0,0,0,0,0,0,0,1,1,6,6,2,36,7,1388,1,20,FORD FIESTA,1,E01011473,0,-1
2023010445660,2023,010445660,1,9,0,5,5,0,3,0,0,0,0,0,0,0,1,1,6,6,1,38,7,1242,1,7,FORD FIESTA,5,E01000037,0,-1
2023501364009,2023,501364009,1,9,0,18,19,5,1,0,0,2,0,0,0,0,1,1,6,6,1,19,4,1242,1,11,FORD FIESTA,5,E01020093,0,-1
2023010481716,2023,010481716,2,9,0,16,19,1,5,0,0,3,0,0,0,0,2,1,6,6,1,26,6,1388,1,12,FORD FIESTA,1,E01004088,0,-1
2023421343540,2023,421343540,2,9,0,2,2,0,0,0,0,0,0,0,0,0,2,1,6,6,3,-1,-1,1084,1,5,FORD FIESTA,-1,-1,0,-1
2023421294867,2023,421294867,1,9,0,5,5,1,5,0,0,0,0,0,0,0,4,1,6,6,1,19,4,1242,1,9,FORD FIESTA,6,E01021343,0,-1
2023411433011,2023,411433011,2,9,0,12,12,4,4,0,0,8,0,0,0,0,4,1,6,6,2,30,6,1242,1,6,FORD FIESTA,4,E01023861,0,-1
2023371325598,2023,371325598,1,9,0,18,19,6,2,0,0,1,0,0,0,0,4,1,5,6,2,52,8,1388,1,16,FORD FIESTA,6,E01029975,0,-1
2023061304927,2023,061304927,2,9,0,18,19,1,1,0,0,1,0,0,0,0,1,1,5,6,1,44,7,1242,1,10,FORD FIESTA,3,E01006007,0,-1
2023461345121,2023,461345121,3,9,0,3,3,5,1,0,0,0,0,0,0,0,2,1,6,6,3,-1,-1,1242,1,14,FORD FIESTA,-1,-1,0,-1
2023461298156,2023,461298156,1,9,0,18,19,1,5,9,9,0,0,0,0,0,1,1,2,2,1,31,6,1242,1,15,FORD FIESTA,5,E01024202,0,-1
2023622300238,2023,622300238,3,9,0,2,2,0,0,0,0,0,0,0,0,0,1,1,6,6,3,-1,-1,1399,2,14,FORD FIESTA,-1,-1,0,-1
2023131384475,2023,131384475,2,9,0,18,19,7,3,0,0,0,0,0,0,0,4,1,5,6,1,59,9,998,1,10,FORD FIESTA,2,E01005122,0,-1
2023201285988,2023,201285988,1,9,0,18,19,2,6,0,0,8,0,0,0,0,1,1,2,2,1,63,9,998,1,9,FORD FIESTA,1,E01009952,0,-1
2023461277496,2023,461277496,1,9,0,7,7,3,7,0,0,8,0,0,0,0,1,1,6,6,1,28,6,1560,2,13,FORD FIESTA,1,E01016049,0,-1
2023332300206,2023,332300206,1,9,0,18,19,5,1,0,0,0,0,0,0,0,3,1,2,2,2,53,8,998,1,6,FORD FIESTA,6,E01025912,0,-1
2023471356679,2023,471356679,1,9,0,17,19,8,4,0,0,0,0,0,1,0,1,1,5,6,1,18,4,1242,1,8,FORD FIESTA,9,E01021085,0,-1
2023451327756,2023,451327756,1,9,0,18,19,3,7,0,0,1,0,0,0,0,4,1,6,6,2,35,6,998,1,10,FORD FIESTA,10,E01030811,0,-1
2023061317928,2023,061317928,2,9,0,3,3,1,6,0,0,0,0,0,0,0,4,1,6,6,1,33,6,1242,1,12,FORD FIESTA,1,E01005799,0,-1
2023010434834,2023,010434834,2,9,0,2,2,0,0,0,0,1,9,99,0,0,3,9,6,6,3,-1,-1,1388,1,12,FORD FIESTA,-1,-1,0,-1
2023141370484,2023,141370484,1,9,0,18,19,1,5,0,0,0,0,0,0,0,4,1,1,1,1,49,8,1242,1,11,FORD FIESTA,5,E01007828,0,-1
2023311342578,2023,311342578,1,9,0,3,3,7,3,0,0,0,0,0,0,0,2,1,5,6,1,18,4,1242,1,15,FORD FIESTA,7,E01028370,0,-1
2023421356908,2023,421356908,2,9,0,4,4,1,5,0,0,0,0,0,0,0,2,1,5,6,1,18,4,1242,1,15,FORD FIESTA,9,E01021555,0,-1
2023520301575,2023,520301575,2,9,0,4,4,1,5,0,0,0,0,0,0,0,2,1,6,6,1,61,9,1399,2,17,FORD FIESTA,8,E01029204,0,-1
2023221355231,2023,221355231,2,9,0,4,4,5,1,0,0,1,0,0,0,0,2,1,5,6,1,79,11,998,1,4,FORD FIESTA,10,E01006093,0,-1
2023231361383,2023,231361383,1,9,0,12,12,5,1,0,0,0,1,0,5,6,3,1,6,6,1,24,5,998,1,6,FORD FIESTA,1,E01033628,0,-1
2023440246693,2023,440246693,2,9,0,18,19,3,7,0,0,0,0,0,0,0,4,1,6,6,2,29,6,1242,1,14,FORD FIESTA,5,E01017279,0,-1
2023531329110,2023,531329110,2,9,0,9,9,5,1,0,0,1,0,0,0,0,3,1,5,6,2,25,5,1242,1,15,FORD FIESTA,7,E01022239,0,-1
2023320440706,2023,320440706,1,9,0,18,19,2,6,0,0,1,0,0,0,0,1,1,6,6,1,19,4,1242,1,14,FORD FIESTA,-1,-1,0,-1
2023351362172,2023,351362172,2,9,0,9,9,7,5,0,0,6,0,0,0,0,1,1,6,6,2,18,4,1084,1,1,FORD FIESTA,4,E01033178,0,-1
2023440434438,2023,440434438,2,9,0,16,19,2,6,0,0,0,0,0,0,0,3,1,6,6,2,73,10,1242,1,10,FORD FIESTA,-1,-1,0,-1
2023131389411,2023,131389411,2,9,0,3,3,1,1,0,0,0,0,0,0,0,2,1,2,2,2,60,9,1388,1,16,FORD FIESTA,5,E01011065,0,-1
2023041332442,2023,041332442,1,9,0,1,1,0,0,0,0,1,0,0,0,0,2,1,1,1,2,32,6,1242,1,15,FORD FIESTA,3,E01025223,0,-1
2023471360136,2023,471360136,2,9,0,9,9,4,3,0,0,1,0,0,0,0,2,1,5,6,1,20,4,1596,1,12,FORD FIESTA,7,E01021130,0,-1
2023552300795,2023,552300795,2,9,0,18,19,2,6,0,0,8,0,0,0,0,3,1,6,6,1,58,9,1499,2,6,FORD FIESTA,6,E01020476,0,-1
2023501334755,2023,501334755,1,9,0,17,19,5,2,0,0,0,0,10,0,0,3,1,5,6,1,32,6,-1,-1,-1,FORD FIESTA,9,E01020173,0,-1
2023061351544,2023,061351544,1,9,0,18,19,3,8,0,0,0,0,0,0,0,1,1,6,6,1,30,6,1560,2,14,FORD FIESTA,-1,-1,0,-1
2023501329317,2023,501329317,1,9,0,18,19,6,2,0,0,1,1,0,0,0,1,1,5,6,2,21,5,1560,2,10,FORD FIESTA,8,E01019910,0,-1
2023141308537,2023,141308537,1,9,0,18,19,5,1,0,0,0,0,0,0,0,3,1,6,6,2,42,7,1560,2,12,FORD FIESTA,4,E01007396,0,-1
2023351284211,2023,351284211,1,9,0,18,19,5,1,0,0,2,5,7,0,0,1,1,5,6,2,80,11,998,1,4,FORD FIESTA,8,E01018257,0,-1
2023421327573,2023,421327573,1,9,0,18,19,1,5,0,0,0,0,0,0,0,1,1,6,6,1,25,5,1388,1,13,FORD FIESTA,6,E01021917,0,-1
2023421339629,2023,421339629,3,9,0,2,2,0,0,0,0,0,0,0,0,0,3,1,6,6,3,-1,-1,1242,1,15,FORD FIESTA,-1,-1,0,-1
2023471276638,2023,471276638,1,9,0,9,9,3,5,0,0,0,0,0,0,0,3,1,5,6,2,71,10,1242,1,17,FORD FIESTA,5,E01021114,0,-1
2023101268875,2023,101268875,1,9,0,9,9,5,7,0,0,4,0,0,0,0,3,1,5,6,2,40,7,1242,1,15,FORD FIESTA,4,E01008209,0,-1
2023010473274,2023,010473274,2,9,0,2,2,0,0,0,0,2,0,0,1,11,2,1,6,6,3,-1,-1,998,1,8,FORD FIESTA,-1,-1,0,-1
2023231349097,2023,231349097,2,9,0,4,4,2,6,0,0,8,0,0,0,0,2,1,6,6,2,26,6,1242,1,12,FORD FIESTA,9,E01031328,0,-1
2023010423793,2023,010423793,2,9,0,99,99,9,9,99,99,9,9,99,9,99,1,9,6,6,3,-1,-1,1496,1,4,FORD FIESTA,-1,-1,0,-1
2023547321023,2023,547321023,1,9,0,7,7,2,5,0,0,8,2,0,3,11,1,1,6,6,1,26,6,1596,1,6,FORD FIESTA,3,E01023157,0,-1
2023552301375,2023,552301375,1,9,0,16,19,5,8,0,0,0,5,0,1,4,1,1,6,6,1,17,4,1388,1,17,FORD FIESTA,10,E01020378,0,-1
2023320435985,2023,320435985,2,9,0,9,9,4,2,0,0,8,0,0,1,9,4,1,6,6,2,17,4,1242,1,15,FORD FIESTA,3,E01026174,0,-1
2023031258850,2023,031258850,1,9,0,17,19,6,2,0,0,0,1,0,0,0,1,1,5,6,2,20,4,1399,2,14,FORD FIESTA,9,E01019326,0,-1
2023501376018,2023,501376018,1,9,0,18,19,6,2,0,0,0,1,10,2,7,1,1,6,6,1,28,6,1596,1,14,FORD FIESTA,6,E01018764,0,-1
2023401366808,2023,401366808,1,9,0,9,9,8,1,0,0,1,0,0,0,0,1,1,6,6,2,47,8,1388,1,13,FORD FIESTA,4,E01017600,0,-1
2023061270371,2023,061270371,2,9,0,2,2,0,0,0,0,8,0,0,0,0,4,1,6,6,2,18,4,998,1,8,FORD FIESTA,5,E01019738,0,-1
2023131375061,2023,131375061,2,9,0,18,19,7,3,0,0,0,0,0,0,0,1,1,5,6,1,20,4,1084,1,5,FORD FIESTA,-1,-1,0,-1
2023011338528,2023,011338528,1,9,0,18,19,3,7,0,0,1,0,0,0,0,1,1,5,6,1,18,4,1242,1,6,FORD FIESTA,6,E01030548,0,-1
2023471310590,2023,471310590,2,9,0,18,19,4,8,0,0,1,0,0,0,0,1,1,6,6,1,-1,-1,1388,1,13,FORD FIESTA,1,E01031454,0,-1
2023421389218,2023,421389218,1,9,0,18,19,4,8,0,0,0,1,0,2,4,1,1,5,6,1,18,4,1242,1,17,FORD FIESTA,9,E01021479,0,-1
2023131391457,2023,131391457,1,9,0,18,19,5,1,0,0,8,0,0,0,0,1,1,2,2,1,35,6,1560,2,12,FORD FIESTA,9,E01010681,0,-1
2023991332066,2023,991332066,2,9,0,18,19,7,3,0,0,0,0,0,0,0,1,1,5,6,2,60,9,1242,1,12,FORD FIESTA,4,-1,0,-1
2023010420820,2023,010420820,2,9,0,99,99,9,9,99,99,9,9,99,9,99,9,9,6,6,2,22,5,1299,1,21,FORD FIESTA,6,E01004077,0,-1
2023461317934,2023,461317934,1,9,0,18,19,6,2,0,0,0,5,0,8,10,3,1,6,6,1,20,4,998,1,6,FORD FIESTA,10,E01024337,0,-1
2023520400587,2023,520400587,1,9,0,4,4,7,3,0,0,0,0,0,0,0,2,1,6,6,2,30,6,1242,1,15,FORD FIESTA,5,E01029073,0,-1
2023401313803,2023,401313803,1,9,0,4,4,1,5,0,0,0,0,0,0,0,2,1,1,1,2,44,7,998,1,7,FORD FIESTA,5,E01018138,0,-1
2023131331913,2023,131331913,1,9,0,9,9,6,3,0,0,5,0,0,0,0,1,1,6,6,3,-1,-1,998,1,7,FORD FIESTA,-1,-1,0,-1
2023221392992,2023,221392992,2,9,0,18,19,6,1,0,0,4,0,0,0,0,1,1,6,6,2,59,9,1084,1,4,FORD FIESTA,10,E01032243,0,-1
2023461363311,2023,461363311,2,9,0,18,19,8,5,0,0,0,0,0,0,0,3,1,6,6,1,44,7,1242,1,25,FORD FIESTA,7,E01024129,0,-1
2023461377906,2023,461377906,2,9,0,18,19,7,3,9,9,8,0,11,0,0,3,1,2,2,2,37,7,1388,1,11,FORD FIESTA,2,E01024315,0,-1
2023371366879,2023,371366879,2,9,-1,18,19,3,8,-1,-1,-1,0,0,0,0,3,1,6,6,1,20,4,998,1,9,FORD FIESTA,1,E01029994,0,-1
2023631350796,2023,631350796,1,9,0,18,19,5,1,0,0,1,0,0,0,0,1,1,5,6,2,26,6,1242,1,13,FORD FIESTA,4,W01000730,0,-1
2023302300898,2023,302300898,1,9,0,18,19,7,3,0,0,1,0,0,0,0,1,1,6,6,1,23,5,1596,1,13,FORD FIESTA,8,E01019638,0,-1
2023010485848,2023,010485848,1,9,0,6,6,5,5,0,0,0,0,0,0,0,1,1,1,1,1,54,8,1499,2,5,FORD FIESTA,4,E01016008,0,-1
2023461318807,2023,461318807,1,9,0,3,3,7,3,0,0,0,0,0,0,0,3,1,6,6,1,-1,-1,998,1,5,FORD FIESTA,3,E01024291,0,-1
2023340NN3042,2023,340NN3042,2,9,0,18,19,7,3,0,0,1,0,0,0,0,1,1,6,6,1,19,4,998,1,5,FORD FIESTA,6,E01027085,0,-1
2023041285468,2023,041285468,1,9,0,9,9,1,3,0,0,8,0,0,0,0,4,1,5,6,1,18,4,1242,1,14,FORD FIESTA,6,E01025383,0,-1
2023061277302,2023,061277302,1,9,0,17,19,1,5,0,0,0,1,0,7,4,3,1,5,6,1,17,4,1242,1,14,FORD FIESTA,-1,-1,0,-1
2023010475365,2023,010475365,1,9,0,99,99,9,9,99,99,9,9,99,9,99,2,9,2,2,2,49,8,1388,1,14,FORD FIESTA,4,E01021817,0,-1
2023170S10843,2023,170S10843,1,9,0,18,19,6,2,0,0,0,0,0,0,0,2,1,2,2,2,35,6,1499,2,8,FORD FIESTA,5,E01012364,0,-1
2023332300969,2023,332300969,1,9,0,4,4,5,1,0,0,1,0,0,0,0,2,1,6,6,2,19,4,998,1,5,FORD FIESTA,5,E01026956,0,-1
2023302300339,2023,302300339,1,9,0,18,19,4,8,0,0,2,0,0,0,0,1,1,6,6,1,82,11,1596,1,9,FORD FIESTA,7,E01019546,0,-1
2023440146591,2023,440146591,1,9,0,18,19,1,5,0,0,8,0,0,7,1,4,1,6,6,1,27,6,1596,1,11,FORD FIESTA,7,E01017175,0,-1
2023991361722,2023,991361722,1,9,0,5,5,3,4,0,0,6,0,0,0,0,1,1,6,6,1,69,10,1242,1,11,FORD FIESTA,3,-1,0,-1
2023548477823,2023,548477823,1,9,0,1,1,3,7,0,0,2,0,0,0,0,2,1,6,6,1,19,4,1496,1,4,FORD FIESTA,9,E01032106,0,-1
2023631378035,2023,631378035,2,9,0,5,5,1,5,0,0,8,0,0,0,0,1,1,5,6,1,30,6,998,1,6,FORD FIESTA,8,W01000577,0,-1
2023411324389,2023,411324389,1,9,0,3,3,1,5,0,0,1,0,0,0,0,2,1,6,6,2,48,8,999,1,3,FORD FIESTA,8,E01033027,0,-1
2023991393334,2023,991393334,1,9,0,18,19,1,5,0,0,1,0,0,0,0,1,1,5,6,2,48,8,998,1,5,FORD FIESTA,5,-1,0,-1
2023320210258,2023,320210258,1,9,0,4,4,6,2,0,0,1,0,0,0,0,1,1,6,6,1,17,4,1242,1,8,FORD FIESTA,5,E01026201,0,-1
2023461386658,2023,461386658,4,9,0,2,2,0,0,0,0,0,0,0,0,0,3,1,6,6,3,-1,-1,1388,1,11,FORD FIESTA,-1,-1,0,-1
2023010428111,2023,010428111,2,9,0,4,4,4,8,0,0,1,0,0,0,0,0,1,6,6,2,23,5,1084,1,5,FORD FIESTA,-1,-1,0,-1
2023401393942,2023,401393942,2,9,0,17,19,2,7,0,0,0,0,0,0,0,4,1,5,6,2,21,5,1242,1,11,FORD FIESTA,10,E01017402,0,-1
2023421370514,2023,421370514,1,9,0,18,19,4,8,0,0,0,0,4,0,0,1,1,6,6,2,36,7,1242,1,14,FORD FIESTA,1,E01016007,0,-1
2023991340493,2023,991340493,1,9,0,16,19,2,6,0,0,1,5,0,7,0,1,1,5,6,1,18,4,1242,1,15,FORD FIESTA,-1,-1,0,-1
2023302300213,2023,302300213,1,9,0,16,19,4,6,0,0,0,1,7,7,7,1,1,6,6,1,28,6,1560,2,13,FORD FIESTA,5,E01005040,0,-1
2023430193177,2023,430193177,1,9,0,9,9,7,5,0,0,5,0,0,0,0,4,1,6,6,2,25,5,1242,1,13,FORD FIESTA,9,E01016272,0,-1
2023131329743,2023,131329743,1,9,0,-1,-1,-1,-1,-1,-1,0,-1,-1,-1,-1,4,1,6,6,3,-1,-1,1499,2,8,FORD FIESTA,-1,-1,0,-1
2023351391074,2023,351391074,3,9,0,4,4,6,2,0,0,0,0,0,0,0,2,1,1,1,2,26,6,1499,2,8,FORD FIESTA,-1,-1,0,-1
2023010431630,2023,010431630,1,9,0,18,19,5,1,0,0,8,0,0,1,0,3,1,6,6,1,54,8,998,1,5,FORD FIESTA,6,E01001648,0,-1
2023010428084,2023,010428084,1,9,0,18,19,8,4,0,0,0,0,0,0,0,1,1,6,6,2,79,11,998,1,5,FORD FIESTA,10,E01021570,0,-1
2023201405144,2023,201405144,4,9,0,2,2,0,0,0,0,0,0,0,0,0,3,1,6,6,1,-1,-1,1388,1,14,FORD FIESTA,-1,-1,0,-1
2023010435753,2023,010435753,1,9,0,99,99,9,9,0,0,9,0,99,0,0,9,1,6,6,3,-1,-1,1388,1,12,FORD FIESTA,-1,-1,0,-1
2023221341206,2023,221341206,2,9,0,18,19,3,7,0,0,8,0,0,0,0,1,1,5,6,1,18,4,1596,1,16,FORD FIESTA,4,E01014034,0,-1
2023631337961,2023,631337961,1,9,0,9,9,3,1,0,0,6,0,0,0,0,3,1,5,6,2,22,5,1499,2,8,FORD FIESTA,7,W01000089,0,-1
2023141352629,2023,141352629,2,9,0,2,2,0,0,0,0,1,0,0,0,0,3,1,6,6,3,-1,-1,1399,2,12,FORD FIESTA,-1,-1,0,-1
2023010475904,2023,010475904,2,9,0,13,13,6,2,0,0,1,0,0,0,0,1,1,6,6,2,45,7,1299,1,20,FORD FIESTA,3,E01003819,0,-1
2023421269022,2023,421269022,1,9,0,9,9,8,2,0,0,2,0,0,0,0,1,1,2,2,1,57,9,-1,-1,-1,FORD FIESTA,-1,-1,0,-1
2023501381320,2023,501381320,2,9,0,4,4,8,4,0,0,0,0,0,0,0,2,1,6,6,2,41,7,999,1,2,FORD FIESTA,3,E01015143,0,-1
2023461315028,2023,461315028,1,9,0,7,7,8,4,9,9,0,0,0,2,10,1,1,6,6,1,82,11,998,1,5,FORD FIESTA,8,E01024784,0,-1
2023501302141,2023,501302141,1,9,0,7,7,2,5,0,0,0,0,0,1,1,1,1,6,6,1,63,9,999,1,1,FORD FIESTA,2,E01009991,0,-1
2023991362816,2023,991362816,1,9,0,18,19,4,1,0,0,1,0,0,0,0,1,1,6,6,1,28,6,1388,1,17,FORD FIESTA,8,-1,0,-1
2023320198815,2023,320198815,3,9,0,18,19,1,5,0,0,0,0,0,0,0,2,2,6,6,1,23,5,1242,1,10,FORD FIESTA,7,E01026236,0,-1
2023471384582,2023,471384582,1,9,0,18,19,3,7,0,0,0,0,0,0,0,1,1,5,6,1,18,4,1242,1,14,FORD FIESTA,3,E01020941,0,-1
2023631341623,2023,631341623,3,9,0,4,4,3,6,0,0,1,0,10,7,10,2,1,2,2,2,58,9,1499,2,3,FORD FIESTA,7,W01000735,0,-1
2023201297365,2023,201297365,1,9,0,18,19,6,2,0,0,8,0,0,0,0,1,1,6,6,1,86,11,1242,1,9,FORD FIESTA,2,E01010555,0,-1
2023501331946,2023,501331946,2,9,0,2,2,0,0,0,0,8,0,0,0,0,1,1,6,6,3,-1,-1,1242,1,6,FORD FIESTA,-1,-1,0,-1
2023041323673,2023,041323673,2,9,0,18,19,1,5,0,0,0,0,0,0,0,2,1,2,2,2,25,5,1388,1,12,FORD FIESTA,2,E01025070,0,-1
2023421356618,2023,421356618,2,9,0,17,19,8,5,0,0,1,0,0,1,0,3,1,5,6,1,38,7,1242,1,14,FORD FIESTA,9,E01023500,0,-1
2023010452860,2023,010452860,1,9,0,18,19,7,3,0,0,4,0,0,0,0,1,1,2,2,2,33,6,1388,1,13,FORD FIESTA,4,E01003268,0,-1
2023440487842,2023,440487842,1,9,0,18,19,8,4,0,0,0,0,0,0,0,1,1,2,2,1,20,4,1388,1,18,FORD FIESTA,3,E01023085,0,-1
2023201400650,2023,201400650,1,9,0,18,19,4,8,0,0,1,0,10,7,11,1,1,6,6,1,35,6,1242,1,17,FORD FIESTA,2,E01010087,0,-1
2023544896523,2023,544896523,2,9,0,4,4,8,4,0,0,1,0,0,0,0,2,1,6,6,2,21,5,1560,2,10,FORD FIESTA,6,E01032109,0,-1
2023010438463,2023,010438463,2,9,0,18,19,3,7,0,0,0,0,0,0,0,2,1,6,6,2,83,11,998,1,7,FORD FIESTA,6,E01001254,0,-1
2023041374995,2023,041374995,1,9,0,4,4,7,3,0,0,1,0,0,0,0,1,1,1,1,1,24,5,1496,1,4,FORD FIESTA,4,E01024975,0,-1
2023401315364,2023,401315364,1,9,0,17,19,1,7,0,0,0,0,0,0,0,4,1,5,6,1,25,5,999,1,1,FORD FIESTA,9,E01017421,0,-1
2023131393135,2023,131393135,1,9,0,18,19,7,3,0,0,8,0,0,7,11,4,1,5,6,1,18,4,998,1,8,FORD FIESTA,1,E01010655,0,-1
2023041375419,2023,041375419,2,9,0,9,9,7,3,0,0,1,0,0,0,0,1,1,2,2,2,23,5,1242,1,10,FORD FIESTA,9,E01025106,0,-1
2023471316131,2023,471316131,1,9,0,18,19,1,5,0,0,1,5,0,0,0,4,1,6,6,2,17,4,1388,1,12,FORD FIESTA,6,E01031817,0,-1
2023622300061,2023,622300061,1,9,0,18,19,4,8,0,0,0,1,0,1,4,1,1,6,6,2,30,6,1242,1,9,FORD FIESTA,5,W01001187,0,-1
2023430379688,2023,430379688,1,9,0,9,9,1,7,0,0,5,0,0,0,0,4,1,2,2,1,23,5,998,1,6,FORD FIESTA,-1,-1,0,-1
202360A198161,2023,60A198161,1,9,0,18,19,6,8,0,0,2,0,0,0,0,1,1,6,6,1,93,11,998,1,6,FORD FIESTA,-1,-1,0,-1
2023010440183,2023,010440183,2,9,0,99,99,9,9,99,99,9,9,99,9,99,9,9,6,6,3,-1,-1,1242,1,19,FORD FIESTA,2,E01002046,0,-1
2023131361244,2023,131361244,1,9,0,9,9,1,5,0,0,1,0,0,0,0,1,1,5,6,1,25,5,1299,1,20,FORD FIESTA,5,E01012259,0,-1
2023061372078,2023,061372078,3,9,0,2,2,0,0,0,0,0,0,0,0,0,2,1,6,6,3,-1,-1,999,1,2,FORD FIESTA,-1,-1,0,-1
2023320480121,2023,320480121,1,9,0,18,19,2,7,0,0,4,0,0,1,11,1,1,6,6,2,76,11,1242,1,16,FORD FIESTA,7,E01026039,0,-1
2023010472760,2023,010472760,1,9,0,18,19,3,7,0,0,1,0,0,0,0,1,1,6,6,2,19,4,998,1,10,FORD FIESTA,4,E01000170,0,-1
2023361341655,2023,361341655,1,9,0,7,7,5,8,0,0,2,0,0,0,0,1,1,5,6,1,18,4,1242,1,18,FORD FIESTA,5,E01026935,0,-1
2023131293293,2023,131293293,1,9,0,9,9,7,5,0,0,1,0,0,0,0,1,1,5,6,1,20,4,1399,2,13,FORD FIESTA,1,E01010730,0,-1
2023170S30113,2023,170S30113,1,9,0,9,9,7,5,0,0,8,0,0,0,0,1,1,6,6,1,62,9,1388,1,15,FORD FIESTA,3,E01012282,0,-1
2023401366468,2023,401366468,1,9,0,18,19,2,5,0,0,0,0,0,0,0,1,1,6,6,2,31,6,1242,1,13,FORD FIESTA,8,E01017461,0,-1
2023010470993,2023,010470993,2,9,0,8,8,3,5,0,0,1,0,4,0,0,1,1,6,6,3,-1,-1,1388,1,13,FORD FIESTA,-1,-1,0,-1
2023421328401,2023,421328401,1,9,0,18,19,3,7,0,0,0,0,0,1,0,1,1,5,6,1,19,4,1242,1,19,FORD FIESTA,6,E01021689,0,-1
2023471330729,2023,471330729,2,9,0,12,12,3,7,0,0,0,0,0,4,0,2,1,2,2,1,32,6,1399,2,21,FORD FIESTA,10,E01021234,0,-1
2023031391278,2023,031391278,1,9,0,9,9,6,1,0,0,1,0,0,0,0,1,1,5,6,1,21,5,-1,-1,-1,FORD FIESTA,8,E01019391,0,-1
2023501259203,2023,501259203,1,9,0,18,19,4,8,0,0,0,2,0,0,0,4,1,2,2,1,24,5,1596,1,9,FORD FIESTA,3,E01015206,0,-1
202363B005523,2023,63B005523,1,9,0,18,19,3,7,0,0,0,1,0,2,10,1,1,6,6,2,30,6,998,1,5,FORD FIESTA,6,W01000473,0,-1
2023302300564,2023,302300564,1,9,0,14,14,5,2,0,0,0,0,0,0,0,4,1,6,6,2,31,6,999,1,0,FORD FIESTA,4,E01005295,0,-1
2023010429913,2023,010429913,2,9,0,99,99,9,9,99,99,9,9,99,9,99,1,9,6,6,3,28,6,1388,1,12,FORD FIESTA,-1,-1,0,-1
2023340WN7092,2023,340WN7092,2,9,0,2,2,0,0,0,0,0,0,0,0,0,2,1,6,6,1,71,10,998,1,8,FORD FIESTA,10,E01014090,0,-1
2023101299999,2023,101299999,1,9,0,15,15,3,7,0,0,0,0,0,0,0,1,1,2,2,1,29,6,1242,1,9,FORD FIESTA,-1,-1,0,-1
2023131389167,2023,131389167,2,9,0,2,2,0,0,0,0,0,0,0,0,0,2,1,6,6,3,-1,-1,1388,1,18,FORD FIESTA,-1,-1,0,-1
2023010456108,2023,010456108,2,9,0,99,99,9,9,99,99,9,9,99,9,99,1,9,6,6,3,-1,-1,1388,1,13,FORD FIESTA,10,E01000772,0,-1
2023131268740,2023,131268740,2,9,0,5,5,1,5,0,0,0,0,0,0,0,2,1,6,6,1,29,6,1499,2,8,FORD FIESTA,2,E01032492,0,-1
2023201416074,2023,201416074,2,9,0,18,19,1,5,0,0,8,0,0,0,0,4,1,1,1,1,20,4,998,1,4,FORD FIESTA,2,E01010305,0,-1
2023440375946,2023,440375946,1,9,0,7,7,5,8,0,0,8,0,0,0,0,2,1,6,6,2,59,9,1242,1,11,FORD FIESTA,10,E01022972,0,-1
2023351352853,2023,351352853,1,9,0,18,19,3,1,0,0,0,0,0,1,0,1,1,6,6,1,24,5,1388,1,20,FORD FIESTA,4,E01033430,0,-1
2023371284864,2023,371284864,2,9,0,18,19,6,2,0,0,1,0,0,0,0,2,1,5,6,1,31,6,1399,2,20,FORD FIESTA,4,E01033041,0,-1
2023201456175,2023,201456175,1,9,0,18,19,2,6,0,0,0,0,0,0,0,1,1,1,1,1,-1,-1,1596,1,6,FORD FIESTA,7,E01032442,0,-1
2023070426428,2023,070426428,1,9,0,9,9,7,5,0,0,8,0,0,0,0,1,1,6,6,1,22,5,998,1,5,FORD FIESTA,1,E01012407,0,-1
2023122300641,2023,122300641,1,9,0,18,19,5,1,0,0,0,0,0,0,0,1,1,1,1,1,36,7,998,1,4,FORD FIESTA,1,E01025120,0,-1
2023332300476,2023,332300476,1,9,0,7,7,1,3,0,0,6,0,0,0,0,1,1,3,7,2,30,6,1399,2,18,FORD FIESTA,5,E01025823,0,-1
2023201417670,2023,201417670,3,9,0,2,2,0,0,0,0,0,0,0,0,0,1,1,6,6,2,28,6,1388,1,12,FORD FIESTA,2,E01009932,0,-1
2023320233732,2023,320233732,1,9,0,18,19,6,2,0,0,1,0,0,0,0,1,2,6,6,2,18,4,1242,1,11,FORD FIESTA,8,E01026191,0,-1