collision_index,collision_year,collision_ref_no,vehicle_reference,vehicle_type,towing_and_articulation,vehicle_manoeuvre_historic,vehicle_manoeuvre,vehicle_direction_from,vehicle_direction_to,vehicle_location_restricted_lane_historic,vehicle_location_restricted_lane,junction_location,skidding_and_overturning,hit_object_in_carriageway,vehicle_leaving_carriageway,hit_object_off_carriageway,first_point_of_impact,vehicle_left_hand_drive,journey_purpose_of_driver_historic,journey_purpose_of_driver,sex_of_driver,age_of_driver,age_band_of_driver,engine_capacity_cc,propulsion_code,age_of_vehicle,generic_make_model,driver_imd_decile,lsoa_of_driver,escooter_flag,driver_distance_banding
2023302301819,2023,302301819,1,9,0,18,19,1,5,0,0,8,0,0,0,0,1,1,6,6,2,37,7,1399,2,12,FORD FIESTA,2,E01019549,0,-1
2023010458978,2023,010458978,1,9,0,18,19,1,5,0,0,1,0,0,0,0,1,1,2,2,2,20,4,998,1,6,FORD FIESTA,10,E01030855,0,-1
2023311368074,2023,311368074,1,9,0,18,19,4,8,0,0,1,0,0,0,0,1,1,5,6,1,18,4,1242,1,18,FORD FIESTA,2,E01028313,0,-1
2023361374644,2023,361374644,1,9,0,18,19,4,8,0,0,0,0,4,0,0,1,1,6,6,1,34,6,-1,-1,-1,FORD FIESTA,-1,-1,0,-1
2023010429157,2023,010429157,2,9,0,99,99,9,9,99,99,9,9,99,9,99,1,9,6,6,3,-1,-1,1242,1,15,FORD FIESTA,-1,-1,0,-1
2023010423694,2023,010423694,2,9,0,4,4,5,1,0,0,1,0,0,0,0,1,1,6,6,1,18,4,1388,1,14,FORD FIESTA,2,E01001191,0,-1
2023411303557,2023,411303557,1,9,0,9,9,7,5,0,0,6,0,0,0,0,1,1,6,6,2,35,6,1596,1,9,FORD FIESTA,10,E01023565,0,-1
2023010424606,2023,010424606,1,9,0,99,99,9,9,99,99,9,9,99,9,99,2,9,1,1,1,27,6,998,1,10,FORD FIESTA,3,E01000506,0,-1
2023010437885,2023,010437885,1,9,0,99,99,9,9,99,99,9,9,99,9,99,2,9,6,6,2,35,6,1242,1,8,FORD FIESTA,4,E01001928,0,-1
2023440264004,2023,440264004,1,9,0,17,19,3,8,0,0,2,2,0,1,0,0,1,6,6,2,33,6,1388,1,20,FORD FIESTA,10,E01022867,0,-1
2023471304535,2023,471304535,1,9,0,17,19,5,3,0,0,0,0,0,0,0,1,1,5,6,1,20,4,1242,1,14,FORD FIESTA,6,E01031579,0,-1
2023201442123,2023,201442123,1,9,0,18,19,8,4,2,2,0,0,0,0,0,2,1,2,2,1,54,8,1242,1,13,FORD FIESTA,1,E01009061,0,-1
2023421295960,2023,421295960,2,9,0,3,3,3,7,0,0,0,0,0,0,0,2,1,2,2,2,31,6,1242,1,14,FORD FIESTA,4,E01021506,0,-1
2023332300821,2023,332300821,1,9,0,17,19,7,4,0,0,0,0,0,1,9,1,1,6,6,2,32,6,1596,1,13,FORD FIESTA,6,E01025878,0,-1
2023201301547,2023,201301547,2,9,0,9,9,8,5,0,0,6,0,0,0,0,1,1,6,6,1,20,4,998,1,5,FORD FIESTA,2,E01010010,0,-1
2023421264469,2023,421264469,3,9,0,18,19,6,2,0,0,0,0,0,0,0,1,1,5,6,1,25,5,998,1,4,FORD FIESTA,10,E01021351,0,-1
2023161305280,2023,161305280,1,9,0,10,10,2,8,0,0,1,0,0,0,0,2,1,1,1,2,51,8,-1,-1,-1,FORD FIESTA,4,E01027608,0,-1
2023010446927,2023,010446927,3,9,0,99,99,9,9,99,99,9,9,99,9,99,1,9,6,6,3,-1,-1,1388,1,14,FORD FIESTA,-1,-1,0,-1
2023071306632,2023,071306632,2,9,0,18,19,8,4,0,0,0,0,0,0,0,1,1,2,2,1,20,4,998,1,4,FORD FIESTA,10,E01018667,0,-1
2023141268018,2023,141268018,2,9,0,9,9,1,5,0,0,6,0,0,0,0,4,1,2,2,2,41,7,1242,1,17,FORD FIESTA,3,E01007777,0,-1
202360A172157,2023,60A172157,1,9,0,9,9,5,3,0,0,1,0,0,0,0,1,1,6,6,1,21,5,1242,1,18,FORD FIESTA,-1,-1,0,-1
2023461274083,2023,461274083,2,9,0,9,9,3,7,0,0,0,0,0,1,9,0,1,6,6,2,53,8,1596,1,13,FORD FIESTA,8,E01024451,0,-1
2023351317685,2023,351317685,2,9,0,18,19,3,7,0,0,1,0,0,0,0,1,1,2,2,1,51,8,1560,2,14,FORD FIESTA,6,E01018208,0,-1
2023471295499,2023,471295499,4,9,0,2,2,0,0,0,0,0,0,4,0,0,2,1,6,6,3,-1,-1,998,1,7,FORD FIESTA,-1,-1,0,-1
2023361288391,2023,361288391,1,9,0,4,4,1,4,0,0,1,0,0,0,0,1,1,1,1,2,22,5,999,1,3,FORD FIESTA,4,E01026458,0,-1
2023430071110,2023,430071110,2,9,0,18,19,4,8,0,0,8,0,0,0,0,1,1,2,2,2,19,4,998,1,5,FORD FIESTA,10,E01028755,0,-1
2023010440159,2023,010440159,1,9,0,9,9,2,7,0,0,1,0,0,0,0,1,1,6,6,1,25,5,998,1,9,FORD FIESTA,2,E01001767,0,-1
2023631330782,2023,631330782,1,9,0,18,19,8,4,0,0,0,0,0,0,0,1,1,5,6,1,18,4,1388,1,14,FORD FIESTA,10,W01001936,0,-1
2023461276781,2023,461276781,1,9,0,17,19,4,2,0,0,0,0,0,0,0,1,1,5,6,1,21,5,1242,1,15,FORD FIESTA,2,E01024214,0,-1
2023201291777,2023,201291777,1,9,0,18,19,6,2,0,0,8,0,10,1,10,4,1,6,6,1,38,7,1560,2,13,FORD FIESTA,1,E01010286,0,-1
2023401346485,2023,401346485,2,9,0,2,2,0,0,0,0,2,0,0,0,0,2,1,6,6,3,-1,-1,998,1,8,FORD FIESTA,-1,-1,0,-1
2023320501905,2023,320501905,2,9,0,18,19,7,3,0,0,0,0,0,1,0,1,1,6,6,1,18,4,1560,2,11,FORD FIESTA,9,E01026182,0,-1
2023131355641,2023,131355641,1,9,0,7,7,1,5,0,0,8,0,4,0,0,1,1,5,6,2,44,7,1242,1,12,FORD FIESTA,3,E01011016,0,-1
2023211363767,2023,211363767,2,9,0,18,19,4,8,0,0,1,0,0,0,0,4,1,5,6,2,20,4,1596,1,9,FORD FIESTA,-1,-1,0,-1
2023440316513,2023,440316513,1,9,0,18,19,2,6,0,0,8,0,0,0,0,1,1,6,6,2,17,4,1399,2,16,FORD FIESTA,10,E01023211,0,-1
2023320095340,2023,320095340,1,9,0,18,19,5,1,0,0,0,5,0,0,0,1,1,6,6,1,24,5,-1,-1,-1,FORD FIESTA,3,E01026683,0,-1
2023141303031,2023,141303031,2,9,0,5,5,7,3,0,0,1,0,0,0,0,0,1,6,6,2,-1,-1,1242,1,12,FORD FIESTA,-1,-1,0,-1
2023201311283,2023,201311283,1,9,0,18,19,7,3,0,0,0,0,0,0,0,1,1,6,6,1,85,11,1242,1,13,FORD FIESTA,7,E01032136,0,-1
2023471362874,2023,471362874,2,9,0,18,19,5,1,0,0,2,0,0,0,0,1,1,5,6,2,45,7,1596,1,11,FORD FIESTA,4,E01031433,0,-1
2023041308642,2023,041308642,1,9,0,5,5,1,5,0,0,2,0,0,0,0,3,1,1,1,2,42,7,1399,2,13,FORD FIESTA,3,E01024891,0,-1
2023461321555,2023,461321555,2,9,0,18,19,1,5,0,0,8,0,0,0,0,3,1,2,2,2,46,8,998,1,5,FORD FIESTA,5,E01024356,0,-1
2023131378608,2023,131378608,2,9,0,18,19,5,1,0,0,0,0,0,0,0,1,1,5,6,1,20,4,1242,1,13,FORD FIESTA,1,E01033013,0,-1
2023231296506,2023,231296506,1,9,0,17,19,1,6,0,0,0,0,0,1,4,1,1,6,6,1,20,4,998,1,9,FORD FIESTA,4,E01031005,0,-1
2023501365805,2023,501365805,1,9,0,18,19,3,7,0,0,0,2,0,2,10,4,1,5,6,1,17,4,998,1,9,FORD FIESTA,7,E01020300,0,-1
2023471301727,2023,471301727,2,9,0,9,9,6,4,0,0,0,0,0,0,0,2,1,6,6,2,47,8,1388,1,18,FORD FIESTA,6,E01021187,0,-1
2023430146825,2023,430146825,1,9,0,3,3,7,3,0,0,1,0,0,0,0,2,1,2,2,1,29,6,1242,1,9,FORD FIESTA,3,E01016442,0,-1
2023440412166,2023,440412166,1,9,0,18,19,4,8,0,0,0,0,4,0,0,1,1,6,6,2,28,6,1242,1,16,FORD FIESTA,7,E01020357,0,-1
2023061333382,2023,061333382,2,9,0,18,19,-1,-1,0,0,8,0,0,0,0,3,1,6,6,1,37,7,1388,1,15,FORD FIESTA,4,E01006242,0,-1
2023361375275,2023,361375275,1,9,0,18,19,7,2,0,0,0,1,0,0,0,3,1,6,6,1,18,4,1999,1,16,FORD FIESTA,4,E01026733,0,-1
2023430158140,2023,430158140,4,9,0,18,19,2,6,0,0,1,0,0,0,0,2,1,6,6,1,19,4,1496,1,4,FORD FIESTA,10,E01016214,0,-1
2023201405848,2023,201405848,1,9,0,18,19,4,8,0,0,0,0,0,0,0,1,1,1,1,1,41,7,999,1,1,FORD FIESTA,1,E01033637,0,-1
2023411340095,2023,411340095,1,9,0,18,19,4,8,0,0,0,0,0,0,0,1,1,5,6,1,80,11,1242,1,16,FORD FIESTA,6,E01023927,0,-1
2023010449115,2023,010449115,1,9,0,5,5,3,7,0,0,2,0,0,0,0,1,1,6,6,1,26,6,1388,1,13,FORD FIESTA,2,E01001750,0,-1
2023622300719,2023,622300719,1,9,0,5,5,4,8,0,0,6,0,0,0,0,1,1,6,6,2,18,4,1242,1,8,FORD FIESTA,4,W01001175,0,-1
2023201402799,2023,201402799,1,9,0,18,19,4,6,0,0,8,0,0,0,0,4,1,5,6,1,19,4,1596,1,14,FORD FIESTA,1,E01009096,0,-1
2023041290270,2023,041290270,1,9,0,18,19,2,4,0,0,0,0,0,0,0,1,1,5,6,2,21,5,998,1,7,FORD FIESTA,7,E01025033,0,-1
2023430167050,2023,430167050,1,9,0,6,6,8,8,0,0,0,0,0,0,0,4,1,6,6,1,74,10,998,1,5,FORD FIESTA,5,W01000995,0,-1
2023010434346,2023,010434346,1,9,0,18,19,5,1,0,0,0,0,0,0,0,1,1,6,6,1,64,9,999,1,2,FORD FIESTA,-1,-1,0,-1
2023131295188,2023,131295188,1,9,0,16,19,1,5,9,9,0,1,0,7,4,1,1,5,6,1,18,4,998,1,3,FORD FIESTA,3,E01011779,0,-1
2023501290047,2023,501290047,2,9,0,17,19,5,1,0,0,8,0,0,0,0,2,1,6,6,2,24,5,1242,1,13,FORD FIESTA,-1,-1,0,-1
2023461293798,2023,461293798,2,9,0,18,19,2,6,0,0,8,0,0,0,0,3,1,6,6,2,-1,-1,1596,1,17,FORD FIESTA,6,E01024207,0,-1
2023201400492,2023,201400492,2,9,0,4,4,7,2,0,0,0,0,0,0,0,2,1,2,2,1,59,9,1596,1,9,FORD FIESTA,6,E01032462,0,-1
2023131352177,2023,131352177,2,9,0,9,9,3,5,0,0,0,0,0,0,0,1,1,5,6,1,20,4,1399,2,11,FORD FIESTA,5,E01010656,0,-1
2023211380071,2023,211380071,2,9,0,18,19,5,3,0,0,1,0,0,0,0,1,1,5,6,2,24,5,1388,1,16,FORD FIESTA,-1,-1,0,-1
2023371319395,2023,371319395,3,9,0,3,3,0,0,0,0,0,0,0,0,0,2,1,5,6,1,67,10,1560,2,17,FORD FIESTA,5,E01026726,0,-1
2023010457829,2023,010457829,1,9,0,9,9,1,6,0,0,2,0,0,0,0,3,1,6,6,1,64,9,1596,1,14,FORD FIESTA,10,E01024153,0,-1
2023061293674,2023,061293674,1,9,0,18,19,5,1,0,0,1,0,0,0,0,1,1,5,6,1,67,10,1499,2,9,FORD FIESTA,2,E01006274,0,-1
2023131323317,2023,131323317,1,9,0,18,19,1,5,0,0,8,0,0,0,0,1,1,6,6,2,27,6,998,1,4,FORD FIESTA,9,E01007618,0,-1
2023010438024,2023,010438024,1,9,0,99,99,9,9,99,99,9,9,99,9,99,4,9,6,6,1,42,7,1242,1,13,FORD FIESTA,8,E01000760,0,-1
2023401356859,2023,401356859,1,9,0,18,19,-1,-1,0,0,1,0,0,0,0,-1,1,6,6,3,-1,-1,1242,1,13,FORD FIESTA,-1,-1,0,-1
2023131320015,2023,131320015,2,9,0,2,2,0,0,0,0,0,0,0,0,0,2,1,6,6,1,19,4,1596,1,6,FORD FIESTA,6,E01010765,0,-1
2023131269420,2023,131269420,1,9,0,-1,-1,-1,-1,-1,-1,1,-1,-1,-1,-1,-1,1,6,6,3,31,6,998,1,8,FORD FIESTA,-1,-1,0,-1
2023991392317,2023,991392317,1,9,0,14,14,8,4,0,0,2,0,0,0,0,1,1,5,6,2,42,7,1560,2,10,FORD FIESTA,-1,-1,0,-1
2023451355441,2023,451355441,2,9,0,18,19,7,3,0,0,0,0,0,0,0,2,1,5,6,1,33,6,1242,1,10,FORD FIESTA,5,E01024393,0,-1
2023311287048,2023,311287048,1,9,0,3,3,6,2,0,0,8,0,4,0,0,2,1,2,2,1,48,8,1388,1,11,FORD FIESTA,9,E01019643,0,-1
2023161308273,2023,161308273,1,9,0,5,5,8,4,0,0,6,0,0,0,0,1,1,6,6,2,-1,-1,1084,1,5,FORD FIESTA,6,E01012987,0,-1
2023411335628,2023,411335628,1,9,0,16,19,1,5,0,0,0,0,0,0,0,1,1,2,2,1,57,9,1560,2,14,FORD FIESTA,6,E01023431,0,-1
2023161323121,2023,161323121,1,9,0,9,9,5,3,0,0,8,0,0,0,0,1,1,6,6,2,-1,-1,1560,2,10,FORD FIESTA,5,E01012964,0,-1
2023340WN9122,2023,340WN9122,1,9,0,18,19,4,8,0,0,1,0,0,1,0,1,1,6,6,2,27,6,998,1,6,FORD FIESTA,6,E01026986,0,-1
2023411309224,2023,411309224,2,9,0,5,5,5,1,0,0,8,0,0,0,0,1,1,5,6,2,25,5,998,1,4,FORD FIESTA,8,E01021795,0,-1
2023161366698,2023,161366698,4,9,0,18,19,5,7,0,0,0,0,0,0,0,3,1,6,6,2,44,7,1242,1,13,FORD FIESTA,1,E01012790,0,-1
2023161317368,2023,161317368,2,9,0,17,19,2,8,0,0,0,0,0,0,0,1,1,5,6,2,62,9,1242,1,17,FORD FIESTA,1,E01012855,0,-1
2023547968023,2023,547968023,3,9,0,4,4,3,7,0,0,0,0,0,0,0,2,1,6,6,1,53,8,998,1,4,FORD FIESTA,5,E01031898,0,-1
2023041305993,2023,041305993,1,9,0,17,19,3,7,0,0,1,0,0,1,4,1,1,5,6,1,24,5,999,1,3,FORD FIESTA,2,E01025220,0,-1
2023461372180,2023,461372180,2,9,0,9,9,1,7,0,0,1,0,0,0,0,3,1,6,6,1,19,4,1242,1,10,FORD FIESTA,9,E01024186,0,-1
2023052302261,2023,052302261,2,9,0,18,19,5,1,0,0,8,0,0,0,0,3,1,2,2,2,27,6,1084,1,5,FORD FIESTA,7,E01007201,0,-1
2023421376851,2023,421376851,1,9,0,18,19,7,3,0,0,0,1,4,0,0,1,1,6,6,2,79,11,998,1,9,FORD FIESTA,3,E01015884,0,-1
2023161373668,2023,161373668,1,9,0,18,19,2,6,0,0,0,1,0,5,6,1,1,5,6,1,18,4,1242,1,18,FORD FIESTA,2,E01007636,0,-1
2023351271515,2023,351271515,1,9,-1,-1,-1,-1,-1,-1,-1,-1,-1,-1,-1,0,-1,1,2,2,2,46,8,1399,2,13,FORD FIESTA,9,E01022076,0,-1
2023451281477,2023,451281477,2,9,0,18,19,7,3,0,0,0,0,0,0,0,1,1,5,6,1,66,10,1388,1,16,FORD FIESTA,9,E01004094,0,-1
2023041307719,2023,041307719,2,9,0,18,19,3,7,0,0,0,0,0,0,0,0,1,5,6,2,56,9,998,1,7,FORD FIESTA,6,E01025402,0,-1
2023622300678,2023,622300678,1,9,0,18,19,6,2,0,0,2,0,0,0,0,1,1,6,6,1,18,4,998,1,5,FORD FIESTA,4,W01001158,0,-1
2023201410008,2023,201410008,2,9,0,9,9,6,2,0,0,0,0,0,0,0,3,1,6,6,1,28,6,1242,1,11,FORD FIESTA,7,E01010355,0,-1
2023211378579,2023,211378579,1,9,-1,18,19,4,8,-1,-1,0,-1,-1,-1,0,-1,1,5,6,1,17,4,1242,1,14,FORD FIESTA,4,E01029386,0,-1
2023552301146,2023,552301146,2,9,0,18,19,6,2,0,0,8,0,0,0,0,1,1,6,6,1,48,8,999,1,3,FORD FIESTA,7,E01020436,0,-1
2023501284896,2023,501284896,1,9,0,14,14,5,8,0,0,1,0,0,0,0,3,1,5,6,2,21,5,1242,1,13,FORD FIESTA,1,E01015232,0,-1
2023170L10423,2023,170L10423,2,9,0,18,19,4,8,0,0,0,0,0,0,0,1,1,6,6,2,58,9,1388,1,13,FORD FIESTA,-1,-1,0,-1
2023421364925,2023,421364925,1,9,0,2,2,0,0,0,0,0,0,0,0,0,2,1,6,6,1,53,8,1242,1,16,FORD FIESTA,5,E01015949,0,-1
2023131275273,2023,131275273,1,9,0,9,9,7,3,0,0,5,0,0,0,0,1,1,5,6,1,19,4,1399,2,11,FORD FIESTA,5,E01011731,0,-1
2023451294573,2023,451294573,101,9,0,3,3,1,7,0,0,0,0,0,0,0,4,1,6,6,2,34,6,1388,1,17,FORD FIESTA,7,E01030613,0,-1
2023540685123,2023,540685123,1,9,0,18,19,6,2,0,0,0,2,0,0,0,1,1,6,6,2,38,7,1388,1,21,FORD FIESTA,2,E01032023,0,-1
2023421282494,2023,421282494,1,9,0,18,19,4,1,0,0,0,2,0,2,4,2,1,5,6,1,21,5,1596,1,9,FORD FIESTA,4,E01022028,0,-1
2023461376906,2023,461376906,3,9,0,2,2,0,0,0,0,0,0,4,0,0,0,1,5,6,2,-1,-1,1242,1,15,FORD FIESTA,7,E01016167,0,-1
2023131296725,2023,131296725,1,9,0,9,9,5,1,0,0,1,0,0,6,0,3,1,5,6,1,19,4,998,1,10,FORD FIESTA,5,E01011263,0,-1
2023461275454,2023,461275454,2,9,-1,-1,-1,-1,-1,-1,-1,-1,-1,-1,-1,0,4,1,6,6,2,47,8,1084,1,4,FORD FIESTA,7,E01024388,0,-1
2023361286916,2023,361286916,3,9,0,18,19,7,3,0,0,0,0,0,0,0,1,1,5,6,2,39,7,1242,1,8,FORD FIESTA,6,E01026947,0,-1
2023440298212,2023,440298212,1,9,0,5,5,0,2,0,0,8,0,0,0,0,1,1,6,6,1,83,11,998,1,9,FORD FIESTA,2,E01017108,0,-1
2023311308599,2023,311308599,2,9,0,18,19,3,7,0,0,0,0,0,0,0,1,1,5,6,2,25,5,1399,2,14,FORD FIESTA,4,E01028343,0,-1
2023451293376,2023,451293376,2,9,0,4,4,7,3,0,0,0,0,0,0,0,2,1,5,6,2,20,4,1242,1,9,FORD FIESTA,8,E01032571,0,-1
2023131375681,2023,131375681,1,9,0,5,5,1,5,0,0,0,0,0,0,0,1,1,6,6,3,-1,-1,1242,1,7,FORD FIESTA,-1,-1,0,-1
2023201409830,2023,201409830,1,9,0,9,9,2,8,0,0,5,0,0,0,0,1,1,6,6,1,45,7,1388,1,15,FORD FIESTA,2,E01010101,0,-1
2023440427378,2023,440427378,3,9,0,3,3,8,4,0,0,1,0,0,0,0,1,1,1,1,2,38,7,998,1,7,FORD FIESTA,8,E01022889,0,-1
2023041289841,2023,041289841,1,9,0,16,19,1,5,0,0,0,0,4,0,0,1,1,6,6,3,-1,-1,998,1,7,FORD FIESTA,-1,-1,0,-1
2023340WN0222,2023,340WN0222,1,9,0,18,19,6,2,0,0,1,0,0,0,0,1,1,6,6,3,-1,-1,1242,1,21,FORD FIESTA,-1,-1,0,-1
2023332300072,2023,332300072,1,9,0,18,19,5,1,0,0,0,0,0,0,0,1,1,2,2,1,22,5,1388,1,16,FORD FIESTA,8,E01025873,0,-1
2023141296892,2023,141296892,1,9,0,2,2,0,0,0,0,0,0,0,0,0,1,1,6,6,3,-1,-1,1242,1,16,FORD FIESTA,-1,-1,0,-1
2023361328079,2023,361328079,1,9,0,9,9,6,3,0,0,6,0,0,0,0,3,1,1,1,1,20,4,1242,1,16,FORD FIESTA,2,E01026829,0,-1
2023061401247,2023,061401247,2,9,0,18,19,7,3,0,0,0,1,0,0,0,3,1,6,6,1,20,4,998,1,9,FORD FIESTA,7,E01012476,0,-1
2023010442944,2023,010442944,3,9,0,18,19,1,5,0,0,0,0,0,0,0,1,1,6,6,1,19,4,998,1,6,FORD FIESTA,6,E01021758,0,-1
2023451361633,2023,451361633,2,9,0,3,3,1,3,0,0,6,1,0,0,0,4,1,5,6,2,45,7,998,1,5,FORD FIESTA,10,E01030369,0,-1
2023221399915,2023,221399915,1,9,0,2,2,0,0,0,0,0,0,0,0,0,2,1,1,1,1,18,4,999,1,2,FORD FIESTA,9,E01032451,0,-1
2023520400412,2023,520400412,1,9,0,9,9,7,5,0,0,8,0,0,0,0,4,1,6,6,1,76,11,999,1,3,FORD FIESTA,6,E01029321,0,-1
2023471333700,2023,471333700,2,9,0,18,19,5,1,0,0,1,0,0,0,0,3,1,6,6,2,49,8,1242,1,10,FORD FIESTA,6,E01024756,0,-1
2023010483931,2023,010483931,2,9,0,9,9,8,7,0,0,5,0,0,0,0,1,1,3,7,1,34,6,1242,1,13,FORD FIESTA,9,E01024446,0,-1
2023071007947,2023,071007947,1,9,0,15,15,7,3,0,0,0,0,0,2,2,1,1,6,6,1,61,9,1399,2,20,FORD FIESTA,6,E01018355,0,-1
2023161391037,2023,161391037,1,9,0,18,19,1,5,0,0,0,0,0,0,0,0,1,6,6,2,36,7,1242,1,11,FORD FIESTA,5,E01013163,0,-1
2023440431715,2023,440431715,1,9,0,3,3,8,4,0,0,0,0,0,0,0,2,1,6,6,2,20,4,998,1,8,FORD FIESTA,7,E01023135,0,-1
2023131379341,2023,131379341,2,9,0,18,19,5,1,0,0,1,0,0,0,0,4,1,6,6,2,33,6,998,1,6,FORD FIESTA,3,E01032550,0,-1
2023111361040,2023,111361040,1,9,0,18,19,2,1,0,0,8,0,0,0,0,1,1,6,6,3,30,6,998,1,3,FORD FIESTA,-1,-1,0,-1
2023471334461,2023,471334461,1,9,0,9,9,7,3,0,0,1,0,0,0,0,3,1,6,6,3,-1,-1,1242,1,17,FORD FIESTA,-1,-1,0,-1
2023340NN0832,2023,340NN0832,2,9,0,4,4,1,5,0,0,3,0,0,0,0,1,1,6,6,2,22,5,1242,1,7,FORD FIESTA,8,E01032966,0,-1
2023131300380,2023,131300380,2,9,0,5,5,3,7,0,0,0,0,0,0,0,0,1,5,6,1,39,7,998,1,4,FORD FIESTA,3,E01011936,0,-1
2023061277997,2023,061277997,1,9,0,9,9,1,7,0,0,8,1,0,0,0,1,1,6,6,1,23,5,999,1,3,FORD FIESTA,1,E01005223,0,-1
2023991329875,2023,991329875,2,9,0,3,3,7,3,0,0,0,0,0,0,0,2,1,6,6,1,24,5,998,1,6,FORD FIESTA,3,-1,0,-1
2023361354472,2023,361354472,1,9,0,18,19,4,8,0,0,0,0,0,0,0,1,1,2,2,1,19,4,1242,1,15,FORD FIESTA,7,E01026536,0,-1
2023361367497,2023,361367497,1,9,0,18,19,1,5,0,0,0,1,0,7,9,3,1,5,6,1,17,4,1242,1,18,FORD FIESTA,3,E01018066,0,-1
2023501354579,2023,501354579,1,9,0,18,19,7,3,0,0,1,0,0,0,0,1,1,2,2,1,49,8,-1,-1,-1,FORD FIESTA,6,E01020295,0,-1
2023201333066,2023,201333066,1,9,0,18,19,2,6,0,0,2,0,0,0,0,1,1,6,6,1,-1,-1,1388,1,14,FORD FIESTA,-1,-1,0,-1
2023522400200,2023,522400200,2,9,0,18,19,3,7,0,0,0,0,0,0,0,1,1,6,6,1,21,5,1388,1,13,FORD FIESTA,7,E01015120,0,-1
2023101372285,2023,101372285,2,9,0,2,2,0,0,0,0,0,0,0,0,0,1,1,6,6,3,-1,-1,1242,1,9,FORD FIESTA,-1,-1,0,-1
2023461342944,2023,461342944,1,9,0,18,19,1,5,0,0,0,0,0,0,0,1,1,6,6,1,19,4,1388,1,19,FORD FIESTA,10,E01000458,0,-1
2023610007923,2023,610007923,1,9,0,17,19,5,2,0,0,0,1,0,1,11,1,1,2,2,1,30,6,1242,1,11,FORD FIESTA,5,W01001360,0,-1
2023451302025,2023,451302025,1,9,0,16,19,1,5,0,0,0,0,0,0,0,4,1,6,6,2,84,11,1242,1,13,FORD FIESTA,9,E01032625,0,-1
2023371346772,2023,371346772,2,9,0,18,19,7,3,0,0,1,0,0,0,0,3,1,5,6,1,19,4,1242,1,17,FORD FIESTA,4,E01030295,0,-1
2023052302193,2023,052302193,1,9,0,18,19,3,7,0,0,0,0,0,0,0,1,1,6,6,2,43,7,1499,2,5,FORD FIESTA,2,E01006545,0,-1
2023430122302,2023,430122302,2,9,0,18,19,-1,-1,0,0,8,0,0,0,0,3,1,6,6,2,28,6,1399,2,12,FORD FIESTA,3,E01017666,0,-1
2023451369655,2023,451369655,2,9,0,18,19,2,6,0,0,0,0,0,0,0,3,1,6,6,1,22,5,998,1,4,FORD FIESTA,9,E01030783,0,-1
2023031345971,2023,031345971,1,9,0,9,9,5,3,0,0,1,0,0,0,0,3,1,6,6,2,36,7,998,1,8,FORD FIESTA,9,E01011508,0,-1
2023991353020,2023,991353020,1,9,0,18,19,7,3,0,0,0,0,0,0,0,1,1,6,6,1,19,4,1496,1,4,FORD FIESTA,1,-1,0,-1
2023010428019,2023,010428019,1,9,0,17,19,5,1,0,0,0,0,0,0,0,1,1,6,6,1,26,6,1596,1,9,FORD FIESTA,4,E01000378,0,-1
2023010450973,2023,010450973,1,9,0,3,3,5,1,0,0,0,0,0,0,0,0,1,6,6,2,23,5,1084,1,5,FORD FIESTA,9,E01000807,0,-1
2023201415088,2023,201415088,1,9,0,10,10,8,7,0,0,0,0,0,0,0,1,1,6,6,2,75,10,1084,1,6,FORD FIESTA,2,E01009403,0,-1
2023111286016,2023,111286016,2,9,0,18,19,1,5,0,0,8,0,0,0,0,1,1,6,6,1,20,4,1242,1,7,FORD FIESTA,6,E01020864,0,-1
2023440048782,2023,440048782,1,9,0,17,19,6,3,0,0,0,2,0,1,4,1,1,2,2,2,28,6,1242,1,24,FORD FIESTA,10,E01020374,0,-1
2023311284210,2023,311284210,1,9,0,5,5,5,1,0,0,7,0,0,0,0,3,1,5,6,2,25,5,1084,1,5,FORD FIESTA,10,E01028415,0,-1
2023332300619,2023,332300619,2,9,0,5,5,5,1,0,0,1,0,0,0,0,1,1,6,6,2,64,9,1242,1,8,FORD FIESTA,3,E01013786,0,-1
2023221304013,2023,221304013,2,9,0,18,19,1,5,0,0,4,0,0,0,0,3,1,2,2,2,43,7,1596,1,12,FORD FIESTA,8,E01032338,0,-1
2023440276703,2023,440276703,1,9,0,9,9,8,6,0,0,8,0,0,0,0,4,1,6,6,1,23,5,998,1,5,FORD FIESTA,3,E01017194,0,-1
2023221283475,2023,221283475,2,9,0,14,14,3,7,0,0,8,0,0,0,0,1,1,5,6,2,32,6,1242,1,17,FORD FIESTA,9,E01032451,0,-1
2023430249838,2023,430249838,1,9,0,18,19,2,6,0,0,8,0,0,0,0,4,1,6,6,2,74,10,1596,1,18,FORD FIESTA,10,E01016427,0,-1
2023121311443,2023,121311443,1,9,0,18,19,1,5,0,0,0,0,0,0,0,1,1,6,6,2,29,6,1596,1,16,FORD FIESTA,5,E01011836,0,-1
2023501381931,2023,501381931,1,9,0,15,15,7,3,0,0,0,1,0,1,1,3,1,6,6,2,27,6,1560,2,14,FORD FIESTA,3,E01015150,0,-1