collision_index,collision_year,collision_ref_no,vehicle_reference,vehicle_type,towing_and_articulation,vehicle_manoeuvre_historic,vehicle_manoeuvre,vehicle_direction_from,vehicle_direction_to,vehicle_location_restricted_lane_historic,vehicle_location_restricted_lane,junction_location,skidding_and_overturning,hit_object_in_carriageway,vehicle_leaving_carriageway,hit_object_off_carriageway,first_point_of_impact,vehicle_left_hand_drive,journey_purpose_of_driver_historic,journey_purpose_of_driver,sex_of_driver,age_of_driver,age_band_of_driver,engine_capacity_cc,propulsion_code,age_of_vehicle,generic_make_model,driver_imd_decile,lsoa_of_driver,escooter_flag,driver_distance_banding
2023122400196,2023,122400196,1,9,0,18,19,5,1,0,0,0,0,0,0,0,1,1,1,1,2,63,9,1388,1,11,FORD FIESTA,10,E01027718,0,-1
2023131389302,2023,131389302,1,9,0,18,19,5,1,0,0,0,1,4,0,0,1,1,5,6,2,28,6,999,1,2,FORD FIESTA,1,E01010874,0,-1
2023010480036,2023,010480036,1,9,0,10,10,7,4,0,0,5,0,0,0,0,2,1,6,6,2,25,5,1242,1,8,FORD FIESTA,2,E01000483,0,-1
2023010438613,2023,010438613,2,9,0,18,19,5,1,0,0,1,0,0,0,0,1,1,6,6,2,54,8,1242,1,13,FORD FIESTA,4,E01004015,0,-1
2023010423380,2023,010423380,2,9,0,99,99,9,9,99,99,9,9,99,9,99,1,9,6,6,3,-1,-1,1399,2,13,FORD FIESTA,-1,-1,0,-1
2023501319799,2023,501319799,1,9,0,17,19,6,4,0,0,0,0,0,0,0,1,1,6,6,1,19,4,1242,1,18,FORD FIESTA,6,E01018986,0,-1
2023211297304,2023,211297304,2,9,0,18,19,4,8,0,0,0,0,0,0,0,4,1,6,6,3,-1,-1,1388,1,14,FORD FIESTA,-1,-1,0,-1
2023430455503,2023,430455503,1,9,0,18,19,8,2,0,0,5,0,0,0,0,3,1,6,6,1,-1,-1,998,1,10,FORD FIESTA,6,E01016328,0,-1
2023041293022,2023,041293022,1,9,0,18,19,1,5,0,0,0,5,0,7,0,1,1,5,6,1,18,4,1242,1,8,FORD FIESTA,9,E01006362,0,-1
2023430136376,2023,430136376,1,9,0,18,19,3,7,0,0,0,0,0,0,0,4,1,3,7,2,17,4,1242,1,14,FORD FIESTA,5,E01028633,0,-1
2023010466170,2023,010466170,1,9,0,14,14,1,5,0,0,1,0,0,0,0,4,1,6,6,1,21,5,1388,1,14,FORD FIESTA,-1,-1,0,-1
2023411297280,2023,411297280,1,9,0,18,19,7,3,0,0,0,0,0,0,0,1,1,6,6,2,21,5,1388,1,18,FORD FIESTA,8,E01033029,0,-1
2023421394828,2023,421394828,1,9,0,18,19,7,3,0,0,3,0,0,0,0,3,1,6,6,2,25,5,1242,1,16,FORD FIESTA,8,E01029890,0,-1
2023440362008,2023,440362008,1,9,0,18,19,4,8,0,0,1,0,0,0,0,0,1,6,6,3,-1,-1,1596,1,14,FORD FIESTA,-1,-1,0,-1
2023041267069,2023,041267069,2,9,0,18,19,4,8,0,0,0,0,0,0,0,1,1,5,6,2,59,9,1399,2,16,FORD FIESTA,4,E01024896,0,-1
2023061305574,2023,061305574,1,9,-1,-1,-1,-1,-1,-1,-1,0,-1,-1,-1,0,-1,1,6,6,1,-1,-1,998,1,7,FORD FIESTA,6,E01004983,0,-1
2023201319335,2023,201319335,2,9,0,10,10,4,2,0,0,1,0,0,0,0,2,1,6,6,1,60,9,999,1,1,FORD FIESTA,9,E01031151,0,-1
2023131357712,2023,131357712,2,9,0,18,19,7,3,0,0,0,0,0,0,0,1,1,2,2,1,20,4,1560,2,14,FORD FIESTA,3,E01011327,0,-1
2023161352593,2023,161352593,2,9,0,2,2,0,0,0,0,0,0,0,0,0,3,1,6,6,3,-1,-1,1242,1,11,FORD FIESTA,-1,-1,0,-1
2023440435163,2023,440435163,2,9,0,18,19,4,8,0,0,8,1,0,0,0,1,1,6,6,2,18,4,1388,1,13,FORD FIESTA,8,E01022951,0,-1
2023471316851,2023,471316851,2,9,0,18,19,4,1,0,0,8,0,0,0,0,4,1,5,6,2,35,6,1596,1,10,FORD FIESTA,9,E01021072,0,-1
2023991278100,2023,991278100,1,9,0,18,19,4,7,0,0,0,1,11,0,0,1,1,5,6,1,45,7,1496,1,0,FORD FIESTA,9,-1,0,-1
2023421306692,2023,421306692,2,9,0,16,19,6,1,0,0,1,0,0,0,0,1,1,6,6,1,18,4,1084,1,6,FORD FIESTA,7,E01015983,0,-1
2023440132745,2023,440132745,1,9,0,18,19,8,4,0,0,1,5,0,0,0,1,1,6,6,2,18,4,1596,1,14,FORD FIESTA,2,E01023006,0,-1
2023161364118,2023,161364118,1,9,0,18,19,2,5,0,0,1,5,0,1,0,2,1,6,6,2,-1,-1,1499,2,7,FORD FIESTA,10,E01013044,0,-1
2023010473569,2023,010473569,1,9,0,9,9,7,5,0,0,5,0,0,0,0,4,1,2,2,1,22,5,1242,1,12,FORD FIESTA,10,E01030517,0,-1
2023010470925,2023,010470925,1,9,0,18,19,1,5,9,9,2,0,11,0,0,1,1,6,6,2,86,11,1388,1,20,FORD FIESTA,5,E01002769,0,-1
2023421302825,2023,421302825,1,9,0,18,19,7,4,0,0,3,0,10,0,0,3,1,6,6,2,23,5,1084,1,4,FORD FIESTA,8,E01021514,0,-1
2023201302895,2023,201302895,1,9,0,9,9,2,8,0,0,5,0,0,0,0,1,1,2,2,2,58,9,998,1,10,FORD FIESTA,2,E01010503,0,-1
2023522401210,2023,522401210,1,9,0,12,12,6,2,0,0,0,0,0,0,0,3,1,6,6,1,50,8,1388,1,19,FORD FIESTA,4,E01014924,0,-1
2023010478806,2023,010478806,1,9,0,18,19,8,4,0,0,8,0,0,0,0,4,1,1,1,2,50,8,1242,1,11,FORD FIESTA,-1,-1,0,-1
2023071041529,2023,071041529,2,9,0,2,2,0,0,0,0,1,0,0,0,0,3,1,6,6,2,34,6,1242,1,13,FORD FIESTA,2,E01012537,0,-1
2023161279300,2023,161279300,1,9,0,3,3,8,3,0,0,0,0,0,0,0,2,1,2,2,2,19,4,998,1,8,FORD FIESTA,3,E01013245,0,-1
2023161361188,2023,161361188,1,9,0,1,1,6,2,0,0,0,0,0,0,0,3,1,5,6,2,78,11,998,1,5,FORD FIESTA,7,E01013145,0,-1
2023991304647,2023,991304647,2,9,0,18,19,7,3,0,0,0,0,0,0,0,2,1,6,6,1,51,8,1399,2,21,FORD FIESTA,1,-1,0,-1
2023201370918,2023,201370918,2,9,0,18,19,6,2,0,0,6,0,0,0,0,1,1,1,1,1,32,6,1388,1,16,FORD FIESTA,1,E01009408,0,-1
2023041309716,2023,041309716,3,9,0,2,2,0,0,0,0,0,0,0,0,0,2,1,6,6,2,-1,-1,1242,1,17,FORD FIESTA,8,E01025012,0,-1
2023161278131,2023,161278131,2,9,0,18,19,1,5,0,0,0,0,0,0,0,2,1,5,6,1,42,7,998,1,7,FORD FIESTA,1,E01026114,0,-1
2023201278269,2023,201278269,2,9,0,18,19,4,8,0,0,1,0,0,0,0,3,1,6,6,2,42,7,998,1,1,FORD FIESTA,2,E01010028,0,-1
2023170M10763,2023,170M10763,4,9,0,2,2,0,0,0,0,0,0,0,0,0,3,1,6,6,1,-1,-1,1388,1,17,FORD FIESTA,2,E01012080,0,-1
2023122301367,2023,122301367,1,9,0,16,19,1,6,0,0,0,1,0,0,0,1,1,2,2,1,26,6,1242,1,7,FORD FIESTA,6,E01027756,0,-1
2023141363209,2023,141363209,1,9,0,18,19,3,1,0,0,2,0,0,0,0,1,1,6,6,1,31,6,1399,2,13,FORD FIESTA,8,E01007818,0,-1
2023311385115,2023,311385115,1,9,0,18,19,5,1,0,0,0,1,0,3,4,1,1,6,6,1,27,6,1560,2,16,FORD FIESTA,10,E01028415,0,-1
2023411269535,2023,411269535,2,9,0,9,9,6,3,0,0,8,0,7,0,0,4,1,5,6,1,17,4,998,1,8,FORD FIESTA,8,E01022091,0,-1
2023461276741,2023,461276741,2,9,0,18,19,7,3,0,0,0,1,0,0,0,2,1,6,6,2,59,9,998,1,8,FORD FIESTA,5,E01021518,0,-1
2023201419505,2023,201419505,1,9,0,18,19,2,5,0,0,2,0,0,0,0,1,1,6,6,2,27,6,1242,1,13,FORD FIESTA,5,E01009009,0,-1
2023440517841,2023,440517841,1,9,0,18,19,8,4,0,0,4,0,0,0,0,1,1,6,6,2,19,4,1399,2,15,FORD FIESTA,8,E01022651,0,-1
2023131372583,2023,131372583,1,9,0,18,19,5,5,0,0,0,0,4,0,0,1,1,2,2,3,59,9,998,1,6,FORD FIESTA,10,E01011377,0,-1
2023430284546,2023,430284546,1,9,0,18,19,6,2,0,0,0,0,0,0,0,1,1,6,6,2,-1,-1,1084,1,4,FORD FIESTA,-1,-1,0,-1
202354C518623,2023,54C518623,3,9,0,3,3,3,7,0,0,4,0,0,0,0,1,1,6,6,1,45,7,1242,1,10,FORD FIESTA,4,E01031925,0,-1
2023041307719,2023,041307719,1,9,0,4,4,3,7,0,0,0,0,4,0,0,1,1,2,2,2,54,8,1084,1,6,FORD FIESTA,3,E01024931,0,-1
2023010422198,2023,010422198,2,9,0,99,99,9,9,99,99,0,9,99,9,99,1,9,6,6,1,20,4,1388,1,14,FORD FIESTA,1,E01004206,0,-1
2023041343424,2023,041343424,1,9,0,18,19,8,6,0,0,0,0,0,0,0,0,1,6,6,1,66,10,1596,1,8,FORD FIESTA,4,E01024945,0,-1
2023451264498,2023,451264498,2,9,0,18,19,1,5,0,0,0,1,0,0,0,1,1,6,6,1,75,10,1560,2,11,FORD FIESTA,-1,-1,0,-1
2023411323455,2023,411323455,1,9,0,4,4,8,1,0,0,4,0,0,0,0,1,1,5,6,1,60,9,-1,-1,-1,FORD FIESTA,3,E01023920,0,-1
2023141370683,2023,141370683,1,9,0,9,9,4,2,0,0,3,1,0,0,0,3,1,6,6,2,24,5,1242,1,13,FORD FIESTA,2,E01011872,0,-1
2023010460529,2023,010460529,1,9,0,18,19,1,5,0,0,0,0,11,0,0,1,1,6,6,1,87,11,1596,1,18,FORD FIESTA,8,E01002290,0,-1
2023622300448,2023,622300448,1,9,0,9,9,1,7,0,0,8,0,0,0,0,4,1,6,6,1,61,9,998,1,10,FORD FIESTA,10,W01001778,0,-1
2023411294413,2023,411294413,1,9,0,9,9,6,2,0,0,1,0,0,0,0,4,1,6,6,2,26,6,998,1,5,FORD FIESTA,1,E01027235,0,-1
2023622300158,2023,622300158,1,9,0,9,9,4,2,0,0,1,0,0,0,0,1,1,6,6,1,22,5,1242,1,11,FORD FIESTA,1,W01001696,0,-1
2023101290792,2023,101290792,1,9,0,1,1,6,2,0,0,2,0,0,0,0,2,1,6,6,2,23,5,1084,1,6,FORD FIESTA,8,E01027418,0,-1
2023332300109,2023,332300109,2,9,0,9,9,5,3,0,0,6,0,0,0,0,1,1,6,6,1,18,4,1388,1,12,FORD FIESTA,6,E01013771,0,-1
2023332301189,2023,332301189,1,9,0,18,19,3,7,0,0,3,0,0,0,0,4,1,3,7,2,65,9,1388,1,15,FORD FIESTA,3,E01025697,0,-1
2023332301176,2023,332301176,1,9,0,18,19,3,7,0,0,0,0,0,0,0,1,1,6,6,1,48,8,-1,-1,-1,FORD FIESTA,7,E01025808,0,-1
2023371266270,2023,371266270,1,9,0,8,8,7,1,9,9,6,0,0,0,0,3,1,2,2,1,52,8,1596,1,8,FORD FIESTA,5,E01033454,0,-1
202354B232923,2023,54B232923,2,9,0,4,4,7,3,0,0,3,0,0,0,0,2,1,6,6,2,23,5,999,1,2,FORD FIESTA,4,E01031895,0,-1
2023031369124,2023,031369124,2,9,0,4,4,6,2,0,0,2,0,0,1,0,2,1,5,6,1,42,7,1242,1,16,FORD FIESTA,3,E01019271,0,-1
2023622300778,2023,622300778,3,9,0,18,19,2,6,0,0,0,0,0,0,0,2,1,6,6,2,37,7,999,1,2,FORD FIESTA,9,W01000969,0,-1
2023031277677,2023,031277677,3,9,0,18,19,1,5,0,0,0,0,0,0,0,2,1,1,1,1,23,5,998,1,9,FORD FIESTA,1,E01019095,0,-1
2023101385443,2023,101385443,1,9,0,18,19,7,3,0,0,2,0,0,0,0,1,1,6,6,2,59,9,1242,1,8,FORD FIESTA,4,E01027550,0,-1
2023622301044,2023,622301044,1,9,0,5,5,1,5,0,0,6,0,0,1,11,1,1,6,6,1,78,11,1388,1,11,FORD FIESTA,9,W01001104,0,-1
2023540601323,2023,540601323,1,9,0,18,19,3,7,0,0,1,1,0,0,0,1,1,6,6,1,49,8,1399,2,15,FORD FIESTA,8,E01015513,0,-1
2023320533446,2023,320533446,1,9,0,7,7,2,4,0,0,6,0,0,0,0,1,1,6,6,2,19,4,1388,1,16,FORD FIESTA,7,E01012792,0,-1
2023201315818,2023,201315818,2,9,0,9,9,5,3,0,0,5,0,10,7,0,3,1,6,6,2,37,7,998,1,6,FORD FIESTA,3,E01009969,0,-1
2023141388478,2023,141388478,3,9,0,18,19,8,4,0,0,0,0,0,0,0,2,1,2,2,1,41,7,-1,-1,-1,FORD FIESTA,1,E01007508,0,-1
2023471378909,2023,471378909,2,9,0,18,19,4,8,0,0,8,1,0,0,0,1,1,5,6,1,28,6,1596,1,7,FORD FIESTA,4,E01031628,0,-1
2023052302976,2023,052302976,2,9,0,18,19,3,7,0,0,8,0,0,2,7,1,1,6,6,1,42,7,1242,1,16,FORD FIESTA,1,E01006737,0,-1
2023101299136,2023,101299136,4,9,0,18,19,6,2,0,0,0,0,0,0,0,4,1,6,6,1,68,10,-1,-1,-1,FORD FIESTA,9,E01027482,0,-1
2023440210396,2023,440210396,2,9,0,18,19,4,8,0,0,8,0,0,0,0,1,1,6,6,1,46,8,1560,2,11,FORD FIESTA,6,E01023007,0,-1
2023361285659,2023,361285659,2,9,0,18,19,7,3,0,0,0,0,0,0,0,2,1,6,6,1,51,8,1560,2,11,FORD FIESTA,10,E01026506,0,-1
2023371377626,2023,371377626,2,9,0,10,10,7,5,0,0,1,0,0,0,0,2,1,5,6,2,38,7,998,1,8,FORD FIESTA,7,E01026471,0,-1
2023010424244,2023,010424244,1,9,0,15,15,1,5,0,0,8,5,0,0,0,1,1,6,6,2,45,7,1242,1,9,FORD FIESTA,8,E01000669,0,-1
2023411281086,2023,411281086,3,9,0,2,2,-1,-1,0,0,0,0,0,0,0,0,1,6,6,1,37,7,1242,1,12,FORD FIESTA,-1,-1,0,-1
2023451316598,2023,451316598,2,9,0,16,19,5,1,0,0,0,0,0,0,0,1,1,5,6,2,35,6,1242,1,16,FORD FIESTA,6,E01030618,0,-1
2023061293945,2023,061293945,1,9,0,11,11,-1,-1,0,0,0,0,0,0,0,0,1,6,6,3,18,4,1560,2,14,FORD FIESTA,2,E01017241,0,-1
2023101302029,2023,101302029,1,9,0,17,19,1,5,0,0,0,5,0,1,0,1,1,1,1,1,20,4,1560,2,14,FORD FIESTA,3,E01027359,0,-1
2023421308553,2023,421308553,1,9,0,18,19,5,1,0,0,1,1,0,0,0,1,1,2,2,1,29,6,1499,2,6,FORD FIESTA,5,E01021415,0,-1
2023041391991,2023,041391991,1,9,0,18,19,7,3,0,0,0,0,0,0,0,1,1,6,6,2,22,5,1084,1,3,FORD FIESTA,1,E01025171,0,-1
2023991366847,2023,991366847,1,9,0,18,19,2,6,0,0,1,0,0,0,0,1,1,2,2,2,52,8,998,1,7,FORD FIESTA,1,-1,0,-1
2023461389461,2023,461389461,1,9,0,18,19,5,1,0,0,1,0,0,0,0,1,1,6,6,1,44,7,1560,2,14,FORD FIESTA,7,E01024435,0,-1
2023411383933,2023,411383933,1,9,0,4,4,5,1,0,0,0,0,0,0,0,1,1,1,1,2,21,5,1399,2,12,FORD FIESTA,4,E01023779,0,-1
2023451378753,2023,451378753,2,9,0,18,19,1,5,0,0,8,0,0,0,0,4,1,6,6,1,35,6,998,1,6,FORD FIESTA,-1,-1,0,-1
2023552300257,2023,552300257,1,9,0,9,9,3,8,0,0,6,0,0,0,0,0,1,6,6,2,65,9,998,1,7,FORD FIESTA,9,E01020417,0,-1
2023430312624,2023,430312624,1,9,0,9,9,5,2,0,0,5,0,0,0,0,4,1,6,6,1,37,7,1999,1,15,FORD FIESTA,3,E01011920,0,-1
2023131382349,2023,131382349,2,9,0,4,4,6,2,0,0,1,0,0,0,0,2,1,2,2,2,18,4,998,1,5,FORD FIESTA,8,E01011930,0,-1
2023461296708,2023,461296708,1,9,0,16,19,1,6,0,0,0,1,0,7,4,3,1,5,6,1,19,4,-1,-1,-1,FORD FIESTA,8,E01024761,0,-1
2023471290219,2023,471290219,1,9,0,9,9,1,6,0,0,0,0,0,0,0,1,1,2,2,1,20,4,1388,1,11,FORD FIESTA,6,E01021145,0,-1
2023430148329,2023,430148329,1,9,0,18,19,8,4,0,0,0,0,10,1,4,1,1,6,6,2,66,10,1596,1,7,FORD FIESTA,8,E01016549,0,-1
2023430192785,2023,430192785,1,9,0,9,9,2,8,0,0,8,0,0,0,0,4,1,6,6,1,26,6,1242,1,9,FORD FIESTA,2,E01033499,0,-1
2023440255455,2023,440255455,3,9,0,18,19,6,2,0,0,1,0,0,0,0,1,1,6,6,3,-1,-1,1388,1,19,FORD FIESTA,-1,-1,0,-1
202360A141707,2023,60A141707,1,9,0,4,4,8,4,0,0,0,0,0,0,0,1,1,6,6,1,19,4,1242,1,14,FORD FIESTA,-1,-1,0,-1
2023031329988,2023,031329988,2,9,0,17,19,5,2,0,0,0,1,0,1,10,3,1,6,6,1,22,5,1388,1,16,FORD FIESTA,7,E01019387,0,-1
2023201285332,2023,201285332,2,9,0,4,4,6,2,0,0,0,0,0,0,0,2,1,6,6,2,43,7,1499,2,6,FORD FIESTA,2,E01010260,0,-1
2023451378955,2023,451378955,2,9,0,2,2,1,5,6,6,0,0,0,0,0,3,1,5,6,2,28,6,999,1,3,FORD FIESTA,4,E01017121,0,-1
2023430038202,2023,430038202,2,9,0,16,19,7,2,0,0,0,0,0,0,0,1,1,2,2,2,35,6,1242,1,13,FORD FIESTA,10,E01022847,0,-1
2023522300939,2023,522300939,2,9,0,18,19,2,6,0,0,1,0,0,0,0,1,1,6,6,2,19,4,1242,1,11,FORD FIESTA,8,E01014981,0,-1
2023052301820,2023,052301820,2,9,0,18,19,7,3,0,0,8,0,0,0,0,3,1,2,2,2,65,9,1242,1,10,FORD FIESTA,1,E01006778,0,-1
2023311298150,2023,311298150,1,9,0,17,19,1,5,0,0,0,2,0,1,0,1,1,5,6,1,20,4,1242,1,15,FORD FIESTA,-1,-1,0,-1
2023421333405,2023,421333405,1,9,0,18,19,7,3,0,0,3,0,0,0,0,1,1,6,6,1,21,5,998,1,8,FORD FIESTA,1,E01015852,0,-1
2023451355337,2023,451355337,1,9,0,9,9,4,8,0,0,6,0,0,1,0,1,1,5,6,2,39,7,998,1,7,FORD FIESTA,9,E01004191,0,-1
2023311316848,2023,311316848,2,9,0,16,19,7,8,0,0,1,0,0,0,0,1,1,1,1,1,29,6,1596,1,7,FORD FIESTA,1,E01019662,0,-1
2023161392383,2023,161392383,3,9,0,18,19,3,7,0,0,0,0,0,0,0,1,1,6,6,2,22,5,999,1,0,FORD FIESTA,6,E01027923,0,-1
2023440244562,2023,440244562,1,9,0,17,19,1,6,0,0,0,1,6,0,0,1,1,6,6,1,18,4,1499,2,10,FORD FIESTA,7,E01022737,0,-1
2023302301233,2023,302301233,1,9,0,3,3,3,7,0,0,1,0,0,1,0,1,1,6,6,2,63,9,998,1,8,FORD FIESTA,8,E01019449,0,-1
2023340WN5022,2023,340WN5022,5,9,0,2,2,0,0,0,0,2,0,0,0,0,2,1,6,6,1,24,5,998,1,9,FORD FIESTA,5,E01027328,0,-1
2023221281894,2023,221281894,2,9,0,17,19,8,5,0,0,0,0,0,7,10,1,1,6,6,2,41,7,1242,1,8,FORD FIESTA,4,E01013991,0,-1
2023371311635,2023,371311635,2,9,0,18,19,1,5,0,0,0,0,0,0,0,3,1,5,6,1,80,11,1388,1,13,FORD FIESTA,10,E01030085,0,-1
2023520400743,2023,520400743,2,9,0,9,9,2,8,0,0,8,0,0,0,0,4,1,6,6,1,18,4,1388,1,15,FORD FIESTA,2,E01029311,0,-1
2023421279419,2023,421279419,2,9,0,3,3,5,1,0,0,0,0,0,0,0,2,1,2,2,2,40,7,1399,2,11,FORD FIESTA,4,E01022024,0,-1
2023531278687,2023,531278687,1,9,0,9,9,1,5,0,0,2,0,0,0,0,4,1,2,2,1,20,4,998,1,4,FORD FIESTA,10,E01022316,0,-1
202354A588823,2023,54A588823,1,9,0,9,9,3,1,0,0,1,0,0,0,0,1,1,6,6,1,20,4,1388,1,14,FORD FIESTA,8,E01015588,0,-1
2023320776260,2023,320776260,2,9,0,18,19,8,4,0,0,0,0,0,0,0,1,1,6,6,2,28,6,998,1,7,FORD FIESTA,6,E01026380,0,-1
2023031314757,2023,031314757,2,9,0,18,19,5,1,0,0,0,0,0,0,0,2,1,6,6,2,32,6,998,1,4,FORD FIESTA,-1,-1,0,-1
2023411263019,2023,411263019,2,9,0,9,9,-1,-1,0,0,8,0,0,0,0,3,1,2,2,2,45,7,998,1,3,FORD FIESTA,8,E01023712,0,-1
2023461374626,2023,461374626,1,9,0,18,19,6,2,0,0,0,0,0,0,0,1,1,2,2,2,45,7,1242,1,11,FORD FIESTA,7,E01024813,0,-1
2023052301788,2023,052301788,1,9,0,16,19,5,1,0,0,0,0,0,0,0,1,1,6,6,1,21,5,1242,1,8,FORD FIESTA,10,E01006990,0,-1
2023141310990,2023,141310990,1,9,0,7,7,6,8,4,4,5,0,0,0,0,4,1,5,6,2,31,6,1242,1,13,FORD FIESTA,1,E01008076,0,-1
2023302301852,2023,302301852,2,9,0,18,19,4,8,0,0,0,0,0,7,0,1,1,6,6,1,29,6,1388,1,18,FORD FIESTA,2,E01013477,0,-1
2023141273979,2023,141273979,1,9,0,18,19,5,1,0,0,8,1,10,1,3,1,1,6,6,3,-1,-1,1399,2,12,FORD FIESTA,-1,-1,0,-1
2023361280784,2023,361280784,1,9,0,17,19,5,1,0,0,0,0,0,7,9,1,1,5,6,1,81,11,998,1,7,FORD FIESTA,4,E01026694,0,-1
2023610038923,2023,610038923,1,9,0,9,9,8,6,0,0,8,0,0,0,0,1,1,6,6,1,50,8,1560,2,12,FORD FIESTA,1,W01001619,0,-1
2023340WN1062,2023,340WN1062,2,9,0,18,19,4,8,0,0,1,0,0,0,0,1,1,6,6,2,27,6,998,1,5,FORD FIESTA,8,E01027008,0,-1
2023010486720,2023,010486720,2,9,0,2,2,0,0,0,0,0,0,0,0,0,4,1,6,6,3,-1,-1,1242,1,17,FORD FIESTA,-1,-1,0,-1
2023302300555,2023,302300555,1,9,0,18,19,4,8,0,0,0,0,0,0,0,1,1,6,6,1,28,6,998,1,5,FORD FIESTA,-1,-1,0,-1
2023520400694,2023,520400694,1,9,0,18,19,1,7,0,0,8,0,0,0,0,1,1,6,6,2,59,9,1242,1,9,FORD FIESTA,10,E01029254,0,-1
2023451283273,2023,451283273,1,9,0,18,19,1,5,0,0,0,0,0,0,0,1,1,5,6,2,22,5,1399,2,14,FORD FIESTA,9,E01022692,0,-1
2023520300649,2023,520300649,1,9,0,18,19,7,3,0,0,0,0,0,0,0,1,1,6,6,2,30,6,998,1,10,FORD FIESTA,6,E01029084,0,-1
2023351391083,2023,351391083,1,9,0,3,3,6,2,0,0,0,0,0,0,0,1,1,6,6,1,81,11,1399,2,13,FORD FIESTA,4,E01026660,0,-1
2023010481738,2023,010481738,2,9,0,18,19,5,1,0,0,7,0,0,0,0,1,1,6,6,1,27,6,998,1,6,FORD FIESTA,9,E01021454,0,-1
2023421322614,2023,421322614,1,9,0,18,19,3,7,0,0,0,1,0,7,0,1,1,6,6,2,43,7,998,1,5,FORD FIESTA,3,E01015856,0,-1
2023361316082,2023,361316082,1,9,0,16,19,1,5,0,0,0,5,0,8,4,4,1,5,6,2,23,5,1560,2,14,FORD FIESTA,6,E01026535,0,-1
2023010426735,2023,010426735,2,9,0,9,9,3,1,0,0,8,0,0,0,0,1,1,6,6,1,36,7,1084,1,5,FORD FIESTA,7,E01024746,0,-1
2023501365235,2023,501365235,1,9,0,18,19,4,8,0,0,1,1,4,0,0,4,1,6,6,1,18,4,1242,1,11,FORD FIESTA,4,E01019927,0,-1
2023451277661,2023,451277661,2,9,0,18,19,6,2,0,0,0,0,0,0,0,1,1,5,6,2,29,6,1242,1,10,FORD FIESTA,10,E01030489,0,-1
2023201281567,2023,201281567,1,9,0,9,9,3,1,0,0,5,0,0,0,0,3,1,2,2,2,46,8,1596,1,10,FORD FIESTA,6,E01009207,0,-1
2023231366007,2023,231366007,2,9,0,18,19,8,5,0,0,0,1,0,0,0,3,1,6,6,1,29,6,1388,1,15,FORD FIESTA,10,E01031314,0,-1
2023122300455,2023,122300455,1,9,0,4,4,5,1,0,0,0,0,0,0,0,1,1,2,2,2,55,8,1596,1,8,FORD FIESTA,6,E01025132,0,-1
2023010457756,2023,010457756,1,9,0,11,11,3,7,0,0,0,0,0,0,0,4,1,6,6,1,23,5,998,1,5,FORD FIESTA,10,E01030321,0,-1
2023501287706,2023,501287706,1,9,0,7,7,4,6,0,0,6,0,0,0,0,3,1,6,6,2,23,5,1242,1,15,FORD FIESTA,2,E01018984,0,-1
2023122301254,2023,122301254,2,9,0,18,19,3,7,0,0,0,0,0,0,0,3,1,6,6,2,49,8,1388,1,14,FORD FIESTA,4,-1,0,-1
2023340NN1472,2023,340NN1472,2,9,0,18,19,1,5,0,0,1,0,0,0,0,1,1,6,6,1,19,4,1388,1,15,FORD FIESTA,7,E01027354,0,-1
2023061371206,2023,061371206,2,9,-1,-1,-1,-1,-1,-1,-1,-1,-1,-1,-1,0,-1,1,6,6,3,-1,-1,998,1,10,FORD FIESTA,4,E01007460,0,-1
2023451263681,2023,451263681,2,9,0,16,19,7,3,0,0,0,0,0,0,0,1,1,6,6,1,39,7,998,1,7,FORD FIESTA,5,E01031731,0,-1
2023552400074,2023,552400074,1,9,0,5,5,5,1,0,0,6,0,0,0,0,1,1,6,6,2,64,9,998,1,3,FORD FIESTA,5,E01015329,0,-1
2023010474725,2023,010474725,2,9,9,99,99,9,9,99,99,0,0,99,9,99,9,9,6,6,3,-1,-1,1596,1,11,FORD FIESTA,-1,-1,0,-1
2023451313979,2023,451313979,1,9,0,18,19,6,6,0,0,8,0,0,0,0,3,1,5,6,1,25,5,1596,1,8,FORD FIESTA,10,E01023101,0,-1
2023201298926,2023,201298926,2,9,0,18,19,4,8,0,0,1,0,0,0,0,1,1,6,6,1,18,4,1242,1,8,FORD FIESTA,8,E01009425,0,-1
2023440016689,2023,440016689,1,9,0,18,19,1,5,0,0,0,0,0,0,0,1,1,6,6,2,25,5,998,1,6,FORD FIESTA,4,E01022841,0,-1
2023501332912,2023,501332912,2,9,0,4,4,1,5,0,0,0,0,0,0,0,2,1,1,1,2,57,9,1242,1,9,FORD FIESTA,8,E01020107,0,-1
2023501286206,2023,501286206,2,9,0,18,19,7,4,0,0,3,0,0,7,0,4,1,2,2,2,53,8,1242,1,10,FORD FIESTA,3,E01018993,0,-1
2023131310874,2023,131310874,1,9,0,18,19,6,2,0,0,1,0,0,0,0,1,1,6,6,1,72,10,998,1,9,FORD FIESTA,10,E01011198,0,-1