collision_index,collision_year,collision_ref_no,vehicle_reference,vehicle_type,towing_and_articulation,vehicle_manoeuvre_historic,vehicle_manoeuvre,vehicle_direction_from,vehicle_direction_to,vehicle_location_restricted_lane_historic,vehicle_location_restricted_lane,junction_location,skidding_and_overturning,hit_object_in_carriageway,vehicle_leaving_carriageway,hit_object_off_carriageway,first_point_of_impact,vehicle_left_hand_drive,journey_purpose_of_driver_historic,journey_purpose_of_driver,sex_of_driver,age_of_driver,age_band_of_driver,engine_capacity_cc,propulsion_code,age_of_vehicle,generic_make_model,driver_imd_decile,lsoa_of_driver,escooter_flag,driver_distance_banding
2023201410169,2023,201410169,2,9,0,18,19,6,2,0,0,8,0,0,0,0,1,1,6,6,1,69,10,1596,1,12,FORD FIESTA,2,E01009994,0,-1
2023421272328,2023,421272328,4,9,0,7,7,4,7,0,0,1,0,0,0,0,1,1,6,6,1,46,8,1596,1,9,FORD FIESTA,1,E01015886,0,-1
2023070629724,2023,070629724,2,9,0,2,2,0,0,0,0,0,0,0,0,0,3,1,6,6,3,-1,-1,1242,1,10,FORD FIESTA,-1,-1,0,-1
2023451266069,2023,451266069,1,9,0,18,19,1,5,0,0,1,0,0,0,0,0,1,6,6,1,45,7,1242,1,16,FORD FIESTA,9,E01030521,0,-1
2023221299679,2023,221299679,2,9,0,9,9,3,8,0,0,8,0,0,0,0,4,1,5,6,1,70,10,998,1,7,FORD FIESTA,4,E01032397,0,-1
2023061343250,2023,061343250,2,9,0,2,2,0,0,0,0,0,0,0,0,0,3,1,6,6,3,-1,-1,1388,1,19,FORD FIESTA,-1,-1,0,-1
2023201361051,2023,201361051,1,9,0,18,19,6,2,0,0,0,0,0,0,0,3,1,6,6,1,40,7,1388,1,14,FORD FIESTA,2,E01009101,0,-1
2023631374600,2023,631374600,1,9,0,18,19,1,5,0,0,8,0,0,0,0,1,1,6,6,1,47,8,1499,2,6,FORD FIESTA,8,W01000715,0,-1
2023351334277,2023,351334277,1,9,0,18,19,4,8,0,0,0,0,0,0,0,1,1,6,6,1,32,6,1388,1,19,FORD FIESTA,6,E01018126,0,-1
2023061377250,2023,061377250,2,9,0,18,19,8,4,0,0,1,0,0,0,0,1,1,5,6,2,50,8,998,1,7,FORD FIESTA,4,E01006390,0,-1
2023010469895,2023,010469895,1,9,0,9,9,7,5,0,0,6,0,0,0,0,1,1,2,2,1,29,6,1084,1,5,FORD FIESTA,4,E01000733,0,-1
2023991356603,2023,991356603,3,9,0,18,19,7,2,0,0,0,0,0,0,0,1,1,6,6,2,44,7,998,1,5,FORD FIESTA,7,-1,0,-1
2023201346675,2023,201346675,2,9,0,4,4,2,5,0,0,0,0,0,0,0,2,1,2,2,2,41,7,1242,1,13,FORD FIESTA,3,E01009660,0,-1
2023501344469,2023,501344469,1,9,0,9,9,7,5,0,0,1,0,0,0,0,1,1,6,6,1,40,7,1399,2,13,FORD FIESTA,6,E01020329,0,-1
2023461289562,2023,461289562,2,9,0,18,19,3,7,0,0,8,0,0,0,0,3,1,6,6,2,26,6,998,1,4,FORD FIESTA,3,E01016038,0,-1
2023421320959,2023,421320959,3,9,0,2,2,0,0,0,0,2,0,4,0,0,1,1,6,6,3,-1,-1,1242,1,8,FORD FIESTA,-1,-1,0,-1
2023231347104,2023,231347104,2,9,0,18,19,8,4,0,0,0,0,0,0,0,2,1,6,6,1,19,4,1242,1,8,FORD FIESTA,4,E01031008,0,-1
2023440168259,2023,440168259,2,9,0,18,19,5,1,0,0,1,0,0,7,4,4,1,2,2,1,49,8,1596,1,18,FORD FIESTA,8,E01022769,0,-1
2023041291706,2023,041291706,2,9,0,18,19,3,7,0,0,1,0,0,0,0,4,1,6,6,2,17,4,1560,2,14,FORD FIESTA,7,E01025419,0,-1
2023010437494,2023,010437494,1,9,0,18,19,3,7,0,0,0,0,0,0,0,1,1,6,6,2,70,10,998,1,6,FORD FIESTA,6,E01002258,0,-1
2023421264052,2023,421264052,1,9,0,16,19,5,8,0,0,0,2,0,7,0,1,1,5,6,1,22,5,1242,1,9,FORD FIESTA,8,E01021755,0,-1
2023440461815,2023,440461815,1,9,0,18,19,2,6,0,0,0,0,0,0,0,1,1,6,6,1,25,5,1242,1,24,FORD FIESTA,6,E01022548,0,-1
2023421280346,2023,421280346,1,9,0,18,19,7,3,0,0,0,0,0,0,0,1,1,2,2,2,60,9,1084,1,5,FORD FIESTA,3,E01021269,0,-1
2023440236339,2023,440236339,3,9,0,18,19,6,2,0,0,0,0,0,0,0,1,1,1,1,2,26,6,1399,2,15,FORD FIESTA,10,E01023233,0,-1
2023351380229,2023,351380229,2,9,0,18,19,3,7,0,0,8,0,0,0,0,1,1,2,2,2,47,8,1399,2,12,FORD FIESTA,6,E01032612,0,-1
2023201353833,2023,201353833,2,9,0,5,5,7,3,0,0,6,0,0,0,0,1,1,6,6,2,46,8,998,1,7,FORD FIESTA,6,E01017826,0,-1
2023061277956,2023,061277956,1,9,0,5,5,1,3,0,0,8,0,0,0,0,1,1,5,6,1,49,8,1242,1,11,FORD FIESTA,2,E01004855,0,-1
2023131312318,2023,131312318,2,9,0,3,3,7,3,0,0,0,0,0,0,0,2,1,6,6,2,75,10,999,1,3,FORD FIESTA,2,E01011274,0,-1
2023411334043,2023,411334043,1,9,0,18,19,-1,-1,0,0,1,0,0,0,0,1,1,6,6,2,53,8,1242,1,8,FORD FIESTA,10,E01023371,0,-1
2023131372528,2023,131372528,2,9,0,2,2,0,0,0,0,1,0,4,0,0,2,1,6,6,3,-1,-1,1242,1,13,FORD FIESTA,-1,-1,0,-1
202354A574323,2023,54A574323,1,9,0,9,9,1,7,0,0,5,0,0,0,0,1,1,6,6,2,73,10,998,1,9,FORD FIESTA,9,E01015483,0,-1
2023371344813,2023,371344813,1,9,0,5,5,1,3,0,0,2,0,0,0,0,3,1,5,6,1,18,4,998,1,8,FORD FIESTA,-1,-1,0,-1
2023351341697,2023,351341697,2,9,0,5,5,5,3,8,6,0,0,0,0,0,1,1,5,6,2,81,11,999,1,2,FORD FIESTA,4,E01015618,0,-1
2023101369443,2023,101369443,1,9,0,18,19,5,8,0,0,1,0,0,0,0,1,1,6,6,1,28,6,1560,2,12,FORD FIESTA,1,E01027424,0,-1
2023451268029,2023,451268029,1,9,0,16,19,1,5,0,0,0,0,0,1,0,1,1,1,1,1,17,4,1388,1,20,FORD FIESTA,10,E01030512,0,-1
2023161260063,2023,161260063,1,9,0,18,19,3,7,0,0,0,0,0,0,0,1,1,2,2,1,69,10,-1,-1,-1,FORD FIESTA,8,E01013190,0,-1
2023991373632,2023,991373632,1,9,0,9,9,8,8,0,0,1,0,0,0,0,4,1,5,6,1,44,7,1999,1,18,FORD FIESTA,2,-1,0,-1
2023201393141,2023,201393141,2,9,0,18,19,5,2,0,0,8,0,0,0,0,4,1,6,6,2,48,8,998,1,6,FORD FIESTA,2,E01010531,0,-1
2023201326017,2023,201326017,1,9,0,18,19,2,6,0,0,0,0,0,0,0,1,1,6,6,1,48,8,1242,1,9,FORD FIESTA,4,E01029403,0,-1
2023421263770,2023,421263770,1,9,0,12,12,3,7,0,0,0,0,0,0,0,1,1,1,1,1,39,7,998,1,9,FORD FIESTA,4,E01015874,0,-1
2023010440604,2023,010440604,1,9,0,18,19,7,3,0,0,2,0,0,0,0,3,1,2,2,2,77,11,1388,1,13,FORD FIESTA,5,E01002446,0,-1
2023461331802,2023,461331802,1,9,0,5,5,3,1,0,0,6,0,0,0,0,1,1,6,6,2,50,8,1499,2,8,FORD FIESTA,1,E01024306,0,-1
2023052300444,2023,052300444,1,9,0,5,5,1,5,0,0,1,0,0,0,0,1,1,6,6,1,58,9,998,1,1,FORD FIESTA,1,E01006647,0,-1
2023421365070,2023,421365070,2,9,0,18,19,8,4,0,0,0,0,0,7,0,4,1,6,6,1,85,11,1242,1,9,FORD FIESTA,2,E01021279,0,-1
2023351388190,2023,351388190,1,9,0,7,7,5,7,0,0,5,0,0,0,0,1,1,1,1,1,65,9,1560,2,17,FORD FIESTA,9,E01018119,0,-1
2023430227373,2023,430227373,2,9,0,3,3,1,4,0,0,0,0,0,0,0,2,1,6,6,1,51,8,998,1,8,FORD FIESTA,10,E01017631,0,-1
2023201389026,2023,201389026,2,9,0,2,2,0,0,9,9,0,0,0,0,0,0,1,6,6,2,23,5,998,1,6,FORD FIESTA,-1,-1,0,-1
2023061341204,2023,061341204,1,9,0,7,7,5,1,0,0,1,1,0,1,10,1,1,5,6,1,20,4,-1,-1,-1,FORD FIESTA,-1,-1,0,-1
2023010434861,2023,010434861,1,9,0,99,99,9,9,99,99,9,9,99,9,99,1,9,6,6,2,44,7,1388,1,12,FORD FIESTA,9,E01001119,0,-1
2023302301803,2023,302301803,1,9,0,18,19,1,5,0,0,2,0,0,0,0,3,1,6,6,1,79,11,1388,1,12,FORD FIESTA,8,E01019476,0,-1
2023320470558,2023,320470558,1,9,0,9,9,6,4,0,0,6,0,0,0,0,3,1,6,6,1,52,8,1242,1,19,FORD FIESTA,5,E01026390,0,-1
2023031300393,2023,031300393,1,9,0,2,2,0,0,0,0,0,0,0,0,0,0,1,5,6,1,60,9,1242,1,17,FORD FIESTA,-1,-1,0,-1
2023052302543,2023,052302543,1,9,0,9,9,4,2,0,0,6,0,0,0,0,1,1,6,6,1,58,9,998,1,6,FORD FIESTA,-1,-1,0,-1
2023201291767,2023,201291767,1,9,0,17,19,8,5,0,0,0,0,10,1,11,1,1,5,6,1,41,7,998,1,8,FORD FIESTA,2,E01009782,0,-1
2023421383259,2023,421383259,2,9,0,18,19,1,5,0,0,0,0,0,0,0,2,1,6,6,2,46,8,998,1,5,FORD FIESTA,10,E01021402,0,-1
2023010477734,2023,010477734,2,9,0,2,2,0,0,9,9,1,0,0,0,0,3,1,6,6,3,-1,-1,1242,1,11,FORD FIESTA,-1,-1,0,-1
2023141299531,2023,141299531,1,9,0,9,9,1,7,0,0,8,0,0,0,0,3,1,5,6,2,26,6,1596,1,10,FORD FIESTA,3,E01007635,0,-1
2023070232095,2023,070232095,2,9,0,17,19,1,5,0,0,0,0,0,0,0,1,1,6,6,2,21,5,1242,1,12,FORD FIESTA,-1,-1,0,-1
2023320172269,2023,320172269,1,9,0,18,19,2,6,0,0,0,0,0,0,0,1,1,6,6,2,24,5,1999,1,18,FORD FIESTA,7,E01026267,0,-1
2023041379171,2023,041379171,1,9,0,18,19,7,3,0,0,8,0,0,0,0,1,1,5,6,2,27,6,998,1,5,FORD FIESTA,6,E01025265,0,-1
2023461288122,2023,461288122,1,9,0,5,5,4,8,0,0,0,0,7,0,0,1,1,5,6,2,22,5,1388,1,14,FORD FIESTA,5,E01024701,0,-1
2023421280522,2023,421280522,1,9,0,18,19,5,8,0,0,0,0,0,7,0,1,1,5,6,1,17,4,998,1,4,FORD FIESTA,5,E01021874,0,-1
2023430336996,2023,430336996,1,9,0,9,9,6,4,0,0,8,0,0,0,0,1,1,6,6,2,64,9,1084,1,6,FORD FIESTA,4,E01017555,0,-1
2023451297191,2023,451297191,1,9,0,12,12,3,7,0,0,0,1,0,0,0,3,1,5,6,1,19,4,1242,1,13,FORD FIESTA,3,E01024480,0,-1
2023421388402,2023,421388402,1,9,0,18,19,3,7,0,0,8,0,0,0,0,1,1,6,6,2,50,8,1242,1,14,FORD FIESTA,2,E01015900,0,-1
2023010469462,2023,010469462,1,9,0,18,19,3,7,0,0,8,0,0,7,1,2,1,6,6,1,19,4,1242,1,17,FORD FIESTA,4,E01003482,0,-1
2023010425689,2023,010425689,2,9,0,18,19,7,3,0,0,1,0,0,0,0,1,1,6,6,2,46,8,1388,1,16,FORD FIESTA,2,E01000021,0,-1
2023991277317,2023,991277317,2,9,0,2,2,5,1,0,0,4,0,0,0,0,0,1,1,1,1,20,4,998,1,7,FORD FIESTA,-1,-1,0,-1
2023471364850,2023,471364850,2,9,0,5,5,3,7,0,0,8,0,0,0,0,1,1,5,6,2,70,10,998,1,6,FORD FIESTA,5,E01031611,0,-1
2023610053223,2023,610053223,1,9,0,5,5,4,8,0,0,0,0,0,0,0,1,1,2,2,1,33,6,1596,1,12,FORD FIESTA,1,W01001621,0,-1
2023201379275,2023,201379275,1,9,0,5,5,6,2,0,0,0,0,10,7,0,1,1,5,6,1,-1,-1,999,1,2,FORD FIESTA,-1,-1,0,-1
2023041339975,2023,041339975,1,9,0,5,5,1,3,0,0,6,0,0,0,0,0,1,6,6,3,-1,-1,998,1,1,FORD FIESTA,-1,-1,0,-1
2023332300592,2023,332300592,1,9,0,18,19,7,3,0,0,0,5,0,0,0,1,1,6,6,1,22,5,998,1,5,FORD FIESTA,6,E01013801,0,-1
2023122300594,2023,122300594,1,9,0,3,3,5,1,0,0,1,0,0,0,0,2,1,3,7,2,18,4,1242,1,11,FORD FIESTA,6,E01027736,0,-1
2023131353368,2023,131353368,3,9,0,2,2,0,0,0,0,0,0,0,0,0,1,1,6,6,3,-1,-1,1242,1,8,FORD FIESTA,-1,-1,0,-1
2023041296992,2023,041296992,1,9,0,9,9,7,5,0,0,6,0,0,0,0,3,1,5,6,2,45,7,998,1,10,FORD FIESTA,1,E01025287,0,-1
2023320731402,2023,320731402,2,9,0,18,19,2,6,0,0,0,0,0,0,0,3,1,6,6,2,18,4,1399,2,14,FORD FIESTA,9,E01026209,0,-1
2023052302451,2023,052302451,2,9,0,18,19,5,1,0,0,3,0,0,0,0,4,1,6,6,1,75,10,1596,1,9,FORD FIESTA,8,E01007247,0,-1
2023401369268,2023,401369268,2,9,0,18,19,-1,-1,0,0,8,1,0,0,0,4,1,5,6,1,20,4,1560,2,12,FORD FIESTA,6,E01017554,0,-1
2023031374151,2023,031374151,3,9,0,4,4,7,3,0,0,1,0,0,0,0,2,1,2,2,1,33,6,998,1,8,FORD FIESTA,-1,-1,0,-1
2023421319605,2023,421319605,2,9,0,18,19,1,5,0,0,0,0,0,0,0,1,1,5,6,2,27,6,998,1,7,FORD FIESTA,10,E01021284,0,-1
2023201326926,2023,201326926,1,9,0,18,19,-1,-1,0,0,0,0,0,0,0,1,1,5,6,1,35,6,-1,-1,-1,FORD FIESTA,2,E01009998,0,-1
2023440036975,2023,440036975,1,9,0,16,19,4,8,6,6,7,1,7,0,0,1,1,6,6,1,18,4,1999,1,14,FORD FIESTA,8,E01022829,0,-1
2023231333098,2023,231333098,1,9,0,9,9,6,4,0,0,5,0,0,0,0,1,1,1,1,1,36,7,1999,1,17,FORD FIESTA,4,E01009460,0,-1
2023451311786,2023,451311786,1,9,0,5,5,5,1,0,0,1,0,0,0,0,1,1,5,6,2,52,8,1499,2,10,FORD FIESTA,-1,-1,0,-1
2023131326853,2023,131326853,1,9,0,18,19,5,1,0,0,0,0,0,0,0,1,1,6,6,2,31,6,1560,2,12,FORD FIESTA,1,E01011312,0,-1
2023451298672,2023,451298672,1,9,0,9,9,5,1,0,0,1,0,0,0,0,2,1,2,2,1,69,10,1560,2,12,FORD FIESTA,10,E01030476,0,-1
2023122301235,2023,122301235,2,9,0,16,19,6,2,0,0,0,1,0,1,9,3,1,6,6,1,19,4,1399,2,11,FORD FIESTA,9,E01027687,0,-1
2023461297265,2023,461297265,1,9,0,1,1,7,3,0,0,0,0,0,0,0,1,1,6,6,2,55,8,999,1,3,FORD FIESTA,5,E01024815,0,-1
2023141308887,2023,141308887,1,9,0,4,4,4,8,0,0,0,0,0,0,0,2,1,6,6,2,26,6,1388,1,11,FORD FIESTA,1,E01007945,0,-1
2023122300849,2023,122300849,1,9,0,18,19,4,8,0,0,0,0,0,1,10,1,1,6,6,2,32,6,1388,1,13,FORD FIESTA,7,E01012935,0,-1
2023061303863,2023,061303863,2,9,0,18,19,6,2,0,0,0,0,0,0,0,2,1,5,6,2,35,6,1388,1,15,FORD FIESTA,3,E01005241,0,-1
2023411282701,2023,411282701,2,9,0,18,19,-1,-1,0,0,0,0,0,0,0,2,1,6,6,1,21,5,1388,1,15,FORD FIESTA,4,E01000229,0,-1
2023501375435,2023,501375435,3,9,0,18,19,7,3,0,0,1,0,0,0,0,1,1,5,6,1,40,7,1399,2,17,FORD FIESTA,4,E01018778,0,-1
2023010467897,2023,010467897,1,9,0,9,9,3,1,0,0,2,0,0,0,0,1,1,6,6,1,20,4,1242,1,11,FORD FIESTA,4,E01000439,0,-1
2023351343929,2023,351343929,2,9,0,18,19,3,1,0,0,8,0,0,0,0,4,1,5,6,2,24,5,999,1,1,FORD FIESTA,4,E01018184,0,-1
2023520301030,2023,520301030,1,9,0,9,9,3,1,0,0,8,0,0,0,0,1,1,6,6,1,-1,-1,1399,2,16,FORD FIESTA,-1,-1,0,-1
2023461318170,2023,461318170,1,9,0,18,19,7,3,0,0,0,1,0,0,0,3,1,6,6,1,18,4,1388,1,15,FORD FIESTA,6,E01024023,0,-1
2023141376050,2023,141376050,3,9,0,2,2,1,5,0,0,1,0,0,0,0,3,1,6,6,3,-1,-1,1242,1,12,FORD FIESTA,-1,-1,0,-1
2023010419537,2023,010419537,1,9,0,18,19,1,5,0,0,2,0,0,0,0,1,1,6,6,2,63,9,1242,1,15,FORD FIESTA,5,E01003307,0,-1
2023201416079,2023,201416079,1,9,0,9,9,8,5,0,0,5,1,10,7,4,1,1,6,6,1,18,4,998,1,9,FORD FIESTA,1,E01009298,0,-1
2023221268298,2023,221268298,1,9,0,4,4,8,4,0,0,0,0,0,0,0,2,1,2,2,2,36,7,998,1,4,FORD FIESTA,6,E01028971,0,-1
2023131267050,2023,131267050,1,9,0,13,13,1,5,0,0,0,-1,-1,-1,0,1,1,6,6,3,25,5,1596,1,8,FORD FIESTA,-1,-1,0,-1
2023991295358,2023,991295358,1,9,0,18,19,8,4,0,0,0,1,0,0,0,2,1,5,6,2,39,7,1242,1,16,FORD FIESTA,2,-1,0,-1
2023131272122,2023,131272122,1,9,0,18,19,1,5,0,0,0,0,0,0,0,1,1,5,6,2,75,10,1596,1,8,FORD FIESTA,10,E01011535,0,-1
2023440045107,2023,440045107,2,9,0,18,19,7,3,0,0,1,0,0,7,0,1,1,6,6,1,18,4,1242,1,10,FORD FIESTA,-1,-1,0,-1
2023320340704,2023,320340704,2,9,0,9,9,4,2,0,0,8,0,0,0,0,3,1,6,6,2,38,7,1399,2,14,FORD FIESTA,4,E01026259,0,-1
2023010460695,2023,010460695,3,9,0,18,19,1,5,0,0,0,0,0,0,0,2,1,6,6,2,-1,-1,1388,1,11,FORD FIESTA,3,E01002457,0,-1
2023320028750,2023,320028750,1,9,0,18,19,1,5,0,0,0,0,0,0,0,1,1,6,6,1,-1,-1,1560,2,14,FORD FIESTA,3,E01026025,0,-1
2023311327508,2023,311327508,2,9,0,3,3,5,1,0,0,0,0,4,0,0,1,1,5,6,2,24,5,1399,2,12,FORD FIESTA,-1,-1,0,-1
2023401380242,2023,401380242,2,9,0,3,3,1,5,0,0,8,0,0,0,0,1,1,5,6,1,21,5,1388,1,16,FORD FIESTA,5,E01015739,0,-1
2023161375162,2023,161375162,1,9,0,4,4,7,3,0,0,0,0,0,0,0,2,1,2,2,1,27,6,1560,2,8,FORD FIESTA,3,E01013254,0,-1
2023010450349,2023,010450349,2,9,0,2,2,0,0,0,0,0,0,0,0,0,4,1,6,6,3,-1,-1,1242,1,9,FORD FIESTA,-1,-1,0,-1
2023440139749,2023,440139749,1,9,0,18,19,7,3,0,0,8,0,0,0,0,1,1,6,6,1,30,6,998,1,9,FORD FIESTA,7,E01023124,0,-1
202360A184527,2023,60A184527,1,9,0,17,19,4,2,0,0,0,1,0,1,8,4,1,6,6,1,18,4,998,1,9,FORD FIESTA,-1,-1,0,-1
2023101300897,2023,101300897,1,9,0,18,19,1,5,0,0,0,0,0,0,0,4,1,5,6,2,26,6,1388,1,15,FORD FIESTA,1,E01008459,0,-1
2023622300986,2023,622300986,2,9,0,4,4,3,7,0,0,0,0,0,0,0,2,1,6,6,1,24,5,998,1,7,FORD FIESTA,6,W01001204,0,-1
2023221295906,2023,221295906,1,9,0,17,19,6,3,0,0,0,0,0,0,0,1,1,2,2,2,18,4,1242,1,11,FORD FIESTA,8,E01029001,0,-1
2023440185929,2023,440185929,2,9,0,18,19,5,1,0,0,0,0,0,0,0,1,1,6,6,1,18,4,1242,1,19,FORD FIESTA,4,E01022804,0,-1
2023131348648,2023,131348648,1,9,0,16,19,6,2,0,0,0,1,0,7,0,1,1,2,2,1,20,4,1242,1,14,FORD FIESTA,3,E01011919,0,-1
2023622300677,2023,622300677,1,9,0,16,19,8,4,0,0,0,0,0,0,0,1,1,6,6,1,45,7,1399,2,16,FORD FIESTA,10,W01000858,0,-1
2023010421370,2023,010421370,1,9,0,99,99,9,9,99,99,9,9,99,9,99,1,9,2,2,2,23,5,1388,1,12,FORD FIESTA,5,E01003700,0,-1
2023520400646,2023,520400646,1,9,0,18,19,6,2,0,0,0,1,0,1,0,1,1,6,6,1,44,7,998,1,7,FORD FIESTA,-1,-1,0,-1
2023010477633,2023,010477633,1,9,9,99,99,9,9,99,99,9,9,99,9,99,9,9,6,6,1,21,5,1242,1,13,FORD FIESTA,8,E01000447,0,-1
2023131348228,2023,131348228,1,9,0,18,19,1,5,0,0,0,5,0,1,0,4,1,2,2,2,19,4,1242,1,13,FORD FIESTA,8,E01011185,0,-1
2023451322522,2023,451322522,1,9,0,3,3,3,7,0,0,0,0,0,0,0,2,1,5,6,1,28,6,1242,1,10,FORD FIESTA,9,E01024300,0,-1
2023501329804,2023,501329804,2,9,0,18,19,4,8,0,0,0,5,0,7,4,1,1,1,1,1,21,5,1399,2,17,FORD FIESTA,4,E01018969,0,-1
2023440472881,2023,440472881,1,9,0,18,19,7,3,0,0,0,0,0,7,1,1,1,6,6,1,19,4,998,1,7,FORD FIESTA,5,E01022957,0,-1
2023201337383,2023,201337383,2,9,0,18,19,4,8,0,0,8,5,10,1,9,3,1,5,6,1,-1,-1,998,1,8,FORD FIESTA,-1,-1,0,-1
2023031355738,2023,031355738,1,9,0,16,19,3,7,0,0,4,1,10,0,0,3,1,5,6,1,85,11,1299,1,21,FORD FIESTA,3,E01019194,0,-1
2023622300447,2023,622300447,1,9,0,5,5,4,8,0,0,1,0,0,0,0,0,1,6,6,3,-1,-1,1399,2,16,FORD FIESTA,-1,-1,0,-1
2023010475490,2023,010475490,2,9,0,18,19,5,1,0,0,0,1,0,0,0,1,1,1,1,1,18,4,1242,1,9,FORD FIESTA,6,E01000887,0,-1
2023131345759,2023,131345759,1,9,0,18,19,2,6,0,0,2,0,0,0,0,1,1,5,6,1,71,10,1388,1,14,FORD FIESTA,2,E01011900,0,-1
2023201413931,2023,201413931,2,9,0,3,3,8,4,0,0,0,0,0,0,0,2,1,2,2,2,43,7,1084,1,5,FORD FIESTA,9,E01009472,0,-1
2023010444672,2023,010444672,2,9,0,9,9,1,6,0,0,0,0,0,0,0,3,1,6,6,2,-1,-1,1242,1,12,FORD FIESTA,-1,-1,0,-1
2023440415793,2023,440415793,1,9,0,9,9,3,1,0,0,8,0,0,0,0,1,1,2,2,1,20,4,1242,1,14,FORD FIESTA,2,E01017276,0,-1
2023451267020,2023,451267020,3,9,0,18,19,1,5,0,0,1,0,0,0,0,1,1,2,2,1,21,5,1242,1,15,FORD FIESTA,7,E01030684,0,-1
2023501283335,2023,501283335,2,9,0,3,3,4,8,0,0,1,0,0,0,0,2,1,6,6,2,25,5,1388,1,15,FORD FIESTA,3,E01019916,0,-1
2023991343462,2023,991343462,1,9,0,7,7,4,7,0,0,1,0,0,0,0,1,1,1,1,2,63,9,998,1,8,FORD FIESTA,3,-1,0,-1
2023201298671,2023,201298671,1,9,0,1,1,2,4,0,0,8,0,0,0,0,2,1,5,6,1,24,5,1560,2,16,FORD FIESTA,1,E01010288,0,-1
2023031368857,2023,031368857,1,9,0,18,19,6,2,0,0,0,0,0,0,0,1,1,5,6,1,65,9,1499,2,8,FORD FIESTA,3,E01019205,0,-1
2023332300866,2023,332300866,1,9,0,18,19,5,1,0,0,0,1,0,2,7,2,1,2,2,1,26,6,998,1,4,FORD FIESTA,10,E01007200,0,-1
2023430243800,2023,430243800,2,9,0,13,13,8,4,0,0,0,0,0,0,0,4,1,6,6,3,-1,-1,1242,1,12,FORD FIESTA,-1,-1,0,-1
2023401268194,2023,401268194,1,19,0,7,7,8,4,0,0,0,0,0,0,0,1,1,1,1,1,32,6,1499,2,7,FORD FIESTA,3,E01020096,0,-1
2023991393198,2023,991393198,1,9,0,18,19,4,8,0,0,2,2,0,1,11,3,1,2,2,1,22,5,1242,1,14,FORD FIESTA,8,-1,0,-1
2023041323615,2023,041323615,1,9,0,18,19,4,8,0,0,1,0,4,0,0,1,1,6,6,2,38,7,999,1,0,FORD FIESTA,1,E01033231,0,-1
2023031391408,2023,031391408,2,9,0,18,19,2,6,0,0,1,1,0,0,0,1,1,5,6,2,84,11,1388,1,19,FORD FIESTA,6,E01019082,0,-1
2023471293734,2023,471293734,1,9,0,11,11,1,5,0,0,0,0,0,0,0,3,1,5,6,2,19,4,1242,1,7,FORD FIESTA,7,E01021220,0,-1
2023010442389,2023,010442389,1,9,0,18,19,1,5,0,0,0,0,0,0,0,1,1,2,2,2,38,7,1242,1,9,FORD FIESTA,2,E01032569,0,-1
2023161291487,2023,161291487,1,9,0,16,19,2,6,0,0,0,1,0,1,9,1,1,5,6,1,18,4,998,1,8,FORD FIESTA,9,E01012956,0,-1
2023351395271,2023,351395271,1,9,0,13,13,5,1,0,0,0,5,0,1,0,1,1,1,1,1,33,6,-1,-1,-1,FORD FIESTA,5,-1,0,-1
2023520301623,2023,520301623,2,9,0,18,19,2,6,0,0,8,0,0,0,0,4,1,6,6,1,70,10,1560,2,16,FORD FIESTA,8,E01029277,0,-1
2023461347062,2023,461347062,3,9,0,16,19,2,6,0,0,0,0,11,7,4,1,1,6,6,1,18,4,998,1,9,FORD FIESTA,8,E01024053,0,-1
2023131348889,2023,131348889,1,9,0,16,19,1,5,0,0,0,1,0,7,0,1,1,5,6,1,20,4,1084,1,4,FORD FIESTA,3,E01010670,0,-1
2023052300915,2023,052300915,3,9,0,2,2,0,0,0,0,0,0,0,1,0,1,1,6,6,3,-1,-1,998,1,5,FORD FIESTA,-1,-1,0,-1
2023231387508,2023,231387508,2,9,0,18,19,6,2,0,0,0,0,0,7,0,9,1,5,6,2,28,6,1084,1,6,FORD FIESTA,7,E01031035,0,-1
2023041365298,2023,041365298,1,9,0,18,19,1,5,0,0,1,0,0,0,0,1,1,6,6,1,19,4,1242,1,8,FORD FIESTA,9,E01024912,0,-1
2023201279316,2023,201279316,1,9,0,18,19,6,2,0,0,6,0,0,0,0,1,1,6,6,1,19,4,1084,1,5,FORD FIESTA,10,E01010257,0,-1
2023070047649,2023,070047649,2,9,0,13,13,5,1,0,0,0,1,0,0,0,4,1,6,6,1,18,4,1560,2,11,FORD FIESTA,-1,-1,0,-1
2023351360069,2023,351360069,1,9,0,4,4,8,4,0,0,0,0,0,0,0,1,1,2,2,1,32,6,998,1,4,FORD FIESTA,5,E01018059,0,-1
2023461270357,2023,461270357,2,9,0,3,3,3,7,0,0,0,0,0,0,0,2,1,6,6,2,44,7,1399,2,19,FORD FIESTA,3,E01024583,0,-1
2023471353275,2023,471353275,1,9,0,17,19,5,2,0,0,0,1,0,7,0,4,1,1,1,2,25,5,1388,1,16,FORD FIESTA,8,E01021197,0,-1
202360A054576,2023,60A054576,2,9,0,18,19,6,2,0,0,1,0,0,0,0,2,1,6,6,2,51,8,1242,1,11,FORD FIESTA,-1,-1,0,-1