collision_index,collision_year,collision_ref_no,vehicle_reference,vehicle_type,towing_and_articulation,vehicle_manoeuvre_historic,vehicle_manoeuvre,vehicle_direction_from,vehicle_direction_to,vehicle_location_restricted_lane_historic,vehicle_location_restricted_lane,junction_location,skidding_and_overturning,hit_object_in_carriageway,vehicle_leaving_carriageway,hit_object_off_carriageway,first_point_of_impact,vehicle_left_hand_drive,journey_purpose_of_driver_historic,journey_purpose_of_driver,sex_of_driver,age_of_driver,age_band_of_driver,engine_capacity_cc,propulsion_code,age_of_vehicle,generic_make_model,driver_imd_decile,lsoa_of_driver,escooter_flag,driver_distance_banding
202354B061023,2023,54B061023,1,9,0,18,19,5,1,0,0,1,0,0,0,0,1,1,3,7,2,40,7,1388,1,19,FORD FIESTA,2,E01015539,0,-1
2023546661223,2023,546661223,1,9,0,18,19,4,8,0,0,0,0,0,1,10,1,1,6,6,1,35,6,999,1,3,FORD FIESTA,7,E01032116,0,-1
2023070408259,2023,070408259,1,9,0,18,19,4,1,0,0,8,0,0,0,0,1,1,6,6,2,20,4,998,1,5,FORD FIESTA,1,E01006844,0,-1
2023622300102,2023,622300102,1,9,0,18,19,7,3,0,0,0,0,0,0,0,1,1,6,6,2,20,4,1388,1,12,FORD FIESTA,4,W01001158,0,-1
2023311288536,2023,311288536,2,9,0,2,2,0,0,0,0,0,0,0,0,0,3,1,6,6,3,-1,-1,1242,1,11,FORD FIESTA,-1,-1,0,-1
2023520401057,2023,520401057,1,9,0,9,9,8,4,0,0,8,0,0,0,0,1,1,6,6,2,17,4,1388,1,17,FORD FIESTA,7,E01029224,0,-1
2023531340088,2023,531340088,1,9,0,7,7,7,3,0,0,1,0,0,0,0,3,1,5,6,2,17,4,1399,2,16,FORD FIESTA,6,W01000107,0,-1
2023471298083,2023,471298083,1,9,0,18,19,6,2,0,0,1,0,4,0,0,1,1,6,6,2,55,8,998,1,6,FORD FIESTA,4,E01020957,0,-1
2023041316927,2023,041316927,4,9,0,2,2,0,0,0,0,0,0,0,0,0,2,1,6,6,3,-1,-1,1388,1,20,FORD FIESTA,-1,-1,0,-1
2023991297542,2023,991297542,1,9,0,7,7,7,1,0,0,6,0,0,0,0,1,1,2,2,1,23,5,1242,1,14,FORD FIESTA,3,-1,0,-1
2023061329999,2023,061329999,1,9,0,18,19,7,3,0,0,0,0,0,0,0,4,1,5,6,1,24,5,1596,1,9,FORD FIESTA,2,E01006092,0,-1
2023371278825,2023,371278825,2,9,0,5,5,5,4,0,0,0,0,0,0,0,2,1,5,6,1,28,6,998,1,8,FORD FIESTA,6,E01033453,0,-1
2023531288324,2023,531288324,1,9,0,9,9,4,2,0,0,0,0,0,0,0,4,1,5,6,1,40,7,998,1,5,FORD FIESTA,-1,-1,0,-1
2023311364361,2023,311364361,1,9,0,9,9,2,7,0,0,1,0,0,0,0,4,1,5,6,1,71,10,998,1,8,FORD FIESTA,1,E01013825,0,-1
2023010468838,2023,010468838,2,9,0,99,99,9,9,99,99,9,9,99,9,99,1,9,6,6,3,-1,-1,1596,1,8,FORD FIESTA,-1,-1,0,-1
2023991277907,2023,991277907,1,9,0,4,4,8,4,0,0,8,0,0,0,0,1,1,6,6,1,48,8,1560,2,11,FORD FIESTA,1,-1,0,-1
2023052301698,2023,052301698,1,9,0,12,12,3,7,0,0,1,0,0,0,0,3,1,6,6,2,18,4,1399,2,11,FORD FIESTA,1,E01006679,0,-1
2023302300822,2023,302300822,1,9,0,14,14,8,4,0,0,0,5,0,0,0,1,1,6,6,1,59,9,998,1,6,FORD FIESTA,6,E01019760,0,-1
2023361344565,2023,361344565,1,9,0,18,19,-1,-1,9,9,0,-1,-1,-1,0,-1,1,6,6,1,65,9,1242,1,11,FORD FIESTA,8,E01026912,0,-1
2023991388810,2023,991388810,1,9,0,18,19,7,2,0,0,0,0,0,0,0,1,1,2,2,1,38,7,1596,1,8,FORD FIESTA,4,-1,0,-1
2023361299762,2023,361299762,1,9,0,18,19,7,4,0,0,0,5,0,1,0,4,1,2,2,2,25,5,1496,1,5,FORD FIESTA,4,E01030230,0,-1
2023061372621,2023,061372621,2,9,0,18,19,4,2,0,0,0,0,0,0,0,2,1,5,6,1,33,6,998,1,5,FORD FIESTA,4,E01004917,0,-1
2023461270357,2023,461270357,1,9,0,18,19,3,7,0,0,0,0,0,0,0,1,1,6,6,2,29,6,998,1,4,FORD FIESTA,4,E01016141,0,-1
2023440168162,2023,440168162,2,9,0,14,14,8,4,0,0,0,0,0,0,0,3,1,6,6,1,-1,-1,999,1,1,FORD FIESTA,-1,-1,0,-1
2023311352892,2023,311352892,1,9,0,5,5,1,5,0,0,6,0,0,0,0,1,1,2,2,2,28,6,1242,1,10,FORD FIESTA,-1,-1,0,-1
2023401359661,2023,401359661,2,9,0,18,19,7,3,0,0,8,1,0,1,0,4,1,2,2,1,26,6,1388,1,16,FORD FIESTA,5,E01002590,0,-1
2023201409826,2023,201409826,1,9,0,18,19,6,2,0,0,1,0,0,0,0,1,1,5,6,2,-1,-1,1499,2,7,FORD FIESTA,-1,-1,0,-1
2023351278413,2023,351278413,1,9,0,18,19,3,7,0,0,1,0,0,0,0,1,1,6,6,1,-1,-1,1242,1,13,FORD FIESTA,-1,-1,0,-1
2023351363765,2023,351363765,1,9,0,5,5,4,8,0,0,1,0,0,0,0,1,1,5,6,1,79,11,1596,1,17,FORD FIESTA,5,E01018158,0,-1
2023451331014,2023,451331014,1,9,0,18,19,1,5,0,0,1,0,0,0,0,1,1,2,2,1,21,5,1242,1,8,FORD FIESTA,10,E01030444,0,-1
2023010459110,2023,010459110,2,9,0,99,99,9,9,99,99,9,9,99,9,99,9,9,6,6,3,-1,-1,1242,1,14,FORD FIESTA,2,E01004001,0,-1
2023311295039,2023,311295039,1,9,0,9,9,1,8,0,0,6,0,0,0,0,1,1,5,6,1,18,4,1242,1,17,FORD FIESTA,2,E01019505,0,-1
2023141376378,2023,141376378,2,9,0,5,5,4,8,0,0,6,0,0,0,0,0,1,6,6,3,-1,-1,1399,2,17,FORD FIESTA,-1,-1,0,-1
2023061333154,2023,061333154,3,9,0,18,19,3,7,0,0,8,0,0,0,0,2,1,2,2,1,36,7,-1,-1,-1,FORD FIESTA,2,E01025385,0,-1
2023461325045,2023,461325045,1,9,0,18,19,1,5,0,0,0,0,0,0,0,1,1,5,6,1,26,6,1242,1,16,FORD FIESTA,7,E01000685,0,-1
2023332301180,2023,332301180,2,9,0,7,7,3,5,0,0,6,0,0,0,0,1,1,6,6,1,25,5,998,1,10,FORD FIESTA,7,E01025929,0,-1
2023552300465,2023,552300465,2,9,0,18,19,2,6,0,0,0,0,0,0,0,3,1,6,6,1,33,6,1242,1,11,FORD FIESTA,-1,-1,0,-1
2023411300651,2023,411300651,1,9,0,4,4,7,3,0,0,0,0,0,0,0,1,1,5,6,2,-1,-1,1242,1,6,FORD FIESTA,4,E01002442,0,-1
2023440273036,2023,440273036,1,9,0,9,9,5,3,0,0,6,0,0,0,0,3,1,6,6,1,23,5,1388,1,13,FORD FIESTA,6,E01030546,0,-1
2023231409876,2023,231409876,3,9,0,4,4,4,8,0,0,1,0,0,0,0,2,1,6,6,1,35,6,1388,1,16,FORD FIESTA,7,E01031137,0,-1
2023052300812,2023,052300812,3,9,0,18,19,3,7,0,0,0,0,0,1,4,4,1,6,6,1,40,7,1388,1,16,FORD FIESTA,3,E01006876,0,-1
2023351352798,2023,351352798,1,9,0,18,19,5,1,0,0,2,0,0,0,0,1,1,6,6,1,17,4,998,1,10,FORD FIESTA,3,E01018094,0,-1
2023461344122,2023,461344122,2,9,0,18,19,3,7,0,0,0,1,0,0,0,1,1,5,6,2,54,8,1499,2,8,FORD FIESTA,5,E01024342,0,-1
2023501311164,2023,501311164,1,9,0,17,19,2,6,0,0,1,0,0,0,0,1,1,5,6,1,66,10,1388,1,25,FORD FIESTA,6,E01018752,0,-1
2023302300400,2023,302300400,1,9,0,17,19,4,8,0,0,0,1,0,1,10,1,1,6,6,1,24,5,1999,1,16,FORD FIESTA,3,E01019552,0,-1
2023131307156,2023,131307156,1,9,0,2,2,0,0,0,0,1,0,0,0,0,2,1,5,6,1,40,7,1388,1,14,FORD FIESTA,2,E01010852,0,-1
2023231351248,2023,231351248,4,9,0,18,19,6,2,0,0,0,0,0,0,0,4,1,6,6,2,65,9,1242,1,10,FORD FIESTA,10,E01031034,0,-1
2023041296429,2023,041296429,2,9,0,18,19,5,1,0,0,0,0,0,0,0,2,1,5,6,2,26,6,1242,1,12,FORD FIESTA,9,E01024979,0,-1
2023421387906,2023,421387906,1,9,0,18,19,7,3,0,0,0,0,0,0,0,1,1,5,6,2,57,9,1242,1,7,FORD FIESTA,6,E01015915,0,-1
2023471293478,2023,471293478,1,9,0,2,2,0,0,0,0,0,0,0,0,0,3,1,6,6,2,58,9,1242,1,12,FORD FIESTA,7,E01031374,0,-1
2023440446327,2023,440446327,2,9,0,18,19,5,1,0,0,1,0,0,0,0,1,1,6,6,1,21,5,998,1,8,FORD FIESTA,9,E01023158,0,-1
2023430102655,2023,430102655,1,9,0,1,1,5,1,0,0,8,0,0,0,0,2,1,6,6,1,60,9,998,1,7,FORD FIESTA,-1,-1,0,-1
2023421261300,2023,421261300,1,9,0,9,9,2,6,0,0,2,0,0,0,0,0,1,6,6,3,-1,-1,998,1,7,FORD FIESTA,-1,-1,0,-1
2023610032523,2023,610032523,1,9,0,18,19,3,7,0,0,0,0,0,0,0,1,1,6,6,1,69,10,1388,1,16,FORD FIESTA,8,W01001423,0,-1
2023451363121,2023,451363121,1,9,0,18,19,1,5,0,0,1,0,0,0,0,1,1,5,6,1,80,11,1596,1,17,FORD FIESTA,8,E01001072,0,-1
2023340WN4832,2023,340WN4832,1,9,0,6,6,5,3,0,0,8,0,0,0,0,3,1,6,6,1,32,6,1496,1,5,FORD FIESTA,-1,-1,0,-1
2023440389550,2023,440389550,1,9,0,18,19,2,6,0,0,8,0,0,0,0,1,1,6,6,1,26,6,999,1,3,FORD FIESTA,10,E01022878,0,-1
2023070108476,2023,070108476,2,9,0,2,2,0,0,0,0,0,0,0,0,0,3,1,6,6,1,56,9,998,1,5,FORD FIESTA,9,E01018474,0,-1
2023101370982,2023,101370982,1,9,0,18,19,1,5,0,0,1,0,0,0,0,1,1,5,6,1,48,8,1242,1,16,FORD FIESTA,1,E01008484,0,-1
2023061319009,2023,061319009,1,9,0,18,19,-1,-1,0,0,0,0,0,0,0,4,1,6,6,3,-1,-1,1242,1,11,FORD FIESTA,-1,-1,0,-1
2023501353784,2023,501353784,2,9,0,18,19,1,5,0,0,4,0,0,0,0,1,1,6,6,1,21,5,1242,1,10,FORD FIESTA,4,E01015175,0,-1
2023501305121,2023,501305121,1,9,0,18,19,5,1,0,0,0,1,0,2,10,1,1,5,6,2,25,5,1560,2,14,FORD FIESTA,4,E01020309,0,-1
2023451272419,2023,451272419,1,9,0,18,19,2,6,0,0,0,0,0,1,1,1,1,2,2,2,45,7,1388,1,15,FORD FIESTA,2,E01030497,0,-1
2023010465611,2023,010465611,1,9,0,18,19,3,7,0,0,1,0,0,0,0,3,1,6,6,1,-1,-1,1388,1,18,FORD FIESTA,-1,-1,0,-1
2023010421749,2023,010421749,2,9,0,99,99,9,9,99,99,9,9,99,9,99,9,9,6,6,1,61,9,1242,1,11,FORD FIESTA,10,E01023112,0,-1
2023041376178,2023,041376178,1,9,0,18,19,5,1,0,0,0,0,0,0,0,1,1,6,6,1,18,4,1242,1,9,FORD FIESTA,10,E01006347,0,-1
2023141380122,2023,141380122,1,9,0,18,19,1,5,0,0,1,0,0,0,0,2,2,5,6,2,33,6,1242,1,6,FORD FIESTA,3,E01032925,0,-1
2023461320583,2023,461320583,2,9,0,18,19,1,2,0,0,0,1,10,0,0,1,1,1,1,1,20,4,1399,2,13,FORD FIESTA,9,E01032816,0,-1
2023622300223,2023,622300223,1,8,0,7,7,1,3,0,0,2,1,0,7,4,3,1,6,6,1,17,4,1399,2,15,-1,10,W01001106,0,-1
2023311294045,2023,311294045,1,9,0,5,5,8,4,0,0,8,0,0,0,0,1,1,2,2,1,41,7,998,1,4,FORD FIESTA,7,E01019652,0,-1
2023010459931,2023,010459931,1,9,0,18,19,1,5,0,0,1,0,4,0,0,4,1,6,6,2,84,11,998,1,6,FORD FIESTA,6,E01002296,0,-1
2023451356078,2023,451356078,1,9,0,18,19,3,7,0,0,4,0,0,1,0,3,1,5,6,2,44,7,1399,2,13,FORD FIESTA,5,E01016963,0,-1
2023610041423,2023,610041423,1,9,0,5,5,0,0,0,0,6,0,4,0,0,2,1,6,6,1,90,11,1242,1,19,FORD FIESTA,4,W01001524,0,-1
2023101384807,2023,101384807,2,9,0,18,19,3,7,0,0,1,0,0,0,0,4,1,6,6,1,20,4,1596,1,9,FORD FIESTA,3,E01027530,0,-1
2023991378305,2023,991378305,1,9,0,18,19,6,2,0,0,0,2,0,7,10,3,1,5,6,1,19,4,999,1,3,FORD FIESTA,10,-1,0,-1
2023991369566,2023,991369566,1,9,0,18,19,1,5,0,0,8,0,0,0,0,1,1,2,2,1,37,7,998,1,4,FORD FIESTA,2,-1,0,-1
2023311359541,2023,311359541,2,9,0,4,4,2,6,0,0,0,0,0,0,0,1,1,6,6,3,-1,-1,1560,2,10,FORD FIESTA,-1,-1,0,-1
2023231285441,2023,231285441,1,9,0,9,9,4,2,0,0,6,0,0,0,0,1,1,5,6,1,80,11,1242,1,11,FORD FIESTA,10,E01031122,0,-1
2023991358076,2023,991358076,1,9,0,13,13,5,1,0,0,0,0,0,0,0,3,1,5,6,1,18,4,1084,1,4,FORD FIESTA,4,-1,0,-1
2023131339046,2023,131339046,1,9,0,9,9,2,4,0,0,5,0,0,0,0,4,1,6,6,3,-1,-1,1242,1,13,FORD FIESTA,-1,-1,0,-1
2023430010777,2023,430010777,2,9,0,9,9,5,3,0,0,6,0,0,0,0,3,1,6,6,1,33,6,1242,1,7,FORD FIESTA,10,E01032763,0,-1
2023122300782,2023,122300782,3,9,0,18,19,2,6,0,0,0,0,0,0,0,3,1,6,6,1,25,5,1388,1,18,FORD FIESTA,3,E01007538,0,-1
2023010449706,2023,010449706,2,9,9,99,99,9,9,99,99,0,9,99,9,99,9,9,6,6,2,-1,-1,1388,1,17,FORD FIESTA,-1,-1,0,-1
2023332300035,2023,332300035,2,9,0,18,19,5,1,0,0,0,0,0,0,0,2,1,6,6,1,19,4,1499,2,6,FORD FIESTA,6,E01012923,0,-1
2023411355909,2023,411355909,1,9,0,18,19,8,4,0,0,0,5,0,1,0,1,1,6,6,1,28,6,998,1,6,FORD FIESTA,9,E01023728,0,-1
2023052302885,2023,052302885,2,9,0,18,19,3,7,0,0,1,0,0,1,11,3,1,6,6,2,21,5,998,1,1,FORD FIESTA,4,E01007046,0,-1
2023421294914,2023,421294914,1,9,0,9,9,8,2,0,0,0,0,0,0,0,1,1,6,6,1,22,5,1242,1,7,FORD FIESTA,4,E01021775,0,-1
2023430139979,2023,430139979,2,9,0,3,3,1,5,0,0,1,0,0,0,0,2,1,6,6,2,17,4,1242,1,8,FORD FIESTA,9,E01033512,0,-1
2023320309320,2023,320309320,2,9,0,18,19,4,8,0,0,8,0,0,0,0,1,1,2,2,1,53,8,1596,1,10,FORD FIESTA,2,E01026103,0,-1
2023531327133,2023,531327133,2,9,0,18,19,3,7,0,0,1,0,0,0,0,1,1,6,6,1,26,6,1242,1,15,FORD FIESTA,9,E01022282,0,-1
2023161266140,2023,161266140,1,9,0,5,5,6,2,0,0,6,0,0,1,0,1,1,2,2,1,30,6,998,1,7,FORD FIESTA,7,E01013124,0,-1
2023440000893,2023,440000893,2,9,0,13,13,3,7,0,0,0,0,0,0,0,4,1,6,6,1,21,5,1560,2,8,FORD FIESTA,1,E01017236,0,-1
2023501330377,2023,501330377,1,9,0,16,19,1,5,0,0,0,5,0,0,0,4,1,5,6,1,18,4,1388,1,19,FORD FIESTA,5,E01018821,0,-1
2023421344016,2023,421344016,1,9,0,14,14,6,2,0,0,0,0,0,0,0,1,1,2,2,2,19,4,1388,1,20,FORD FIESTA,1,E01021665,0,-1
2023010454017,2023,010454017,2,9,0,9,9,8,5,0,0,6,0,0,0,0,1,1,6,6,1,44,7,1596,1,17,FORD FIESTA,-1,-1,0,-1
2023991316133,2023,991316133,1,9,0,9,9,3,1,0,0,5,1,0,2,4,4,1,5,6,1,20,4,1596,1,9,FORD FIESTA,9,-1,0,-1
2023201394488,2023,201394488,1,9,0,18,19,8,4,0,0,0,1,4,0,0,1,1,6,6,1,36,7,1242,1,9,FORD FIESTA,3,E01009006,0,-1
2023461333403,2023,461333403,2,9,0,18,19,8,4,0,0,8,0,0,0,0,1,1,6,6,2,46,8,1242,1,10,FORD FIESTA,4,E01016067,0,-1
2023010441279,2023,010441279,2,9,0,99,99,9,9,99,99,9,9,99,9,99,1,9,6,6,3,-1,-1,1388,1,12,FORD FIESTA,8,E01002990,0,-1
2023010478851,2023,010478851,1,9,0,18,19,1,5,0,0,6,0,0,0,0,1,1,6,6,1,19,4,998,1,10,FORD FIESTA,5,E01033592,0,-1
2023041326954,2023,041326954,1,9,0,9,9,1,3,0,0,8,0,0,0,0,1,1,5,6,1,93,11,998,1,4,FORD FIESTA,8,E01025354,0,-1
2023631324626,2023,631324626,1,9,0,16,19,3,6,0,0,0,5,0,7,1,1,1,5,6,1,17,4,1242,1,11,FORD FIESTA,6,W01000524,0,-1
2023991388915,2023,991388915,2,9,0,18,19,6,2,0,0,4,0,0,0,0,2,1,5,6,2,20,4,1242,1,11,FORD FIESTA,-1,-1,0,-1
2023421383419,2023,421383419,1,9,0,1,1,1,5,0,0,0,0,0,0,0,4,1,2,2,2,49,8,999,1,3,FORD FIESTA,5,E01021493,0,-1
2023631329188,2023,631329188,1,9,0,17,19,3,8,0,0,0,0,0,0,0,1,1,5,6,1,41,7,1388,1,18,FORD FIESTA,7,W01000712,0,-1
2023520300800,2023,520300800,1,9,0,3,3,3,7,0,0,4,0,0,0,0,2,9,6,6,2,48,8,1242,1,7,FORD FIESTA,1,E01032096,0,-1
2023170H10173,2023,170H10173,1,9,0,6,6,4,4,0,0,1,0,0,0,0,1,1,6,6,2,37,7,1084,1,4,FORD FIESTA,9,E01012003,0,-1
2023122301005,2023,122301005,1,9,0,18,19,1,5,0,0,0,1,10,7,1,1,1,6,6,1,22,5,1242,1,16,FORD FIESTA,6,E01013383,0,-1
2023430053721,2023,430053721,2,9,0,17,19,7,4,0,0,8,0,0,0,0,1,1,6,6,1,18,4,1242,1,14,FORD FIESTA,7,E01017854,0,-1
2023340WN6232,2023,340WN6232,2,9,0,18,19,2,6,0,0,8,0,0,0,0,1,1,6,6,2,18,4,1399,2,15,FORD FIESTA,3,E01027224,0,-1
2023411378021,2023,411378021,1,9,0,11,11,3,5,0,0,8,0,0,0,0,2,1,6,6,1,24,5,1242,1,14,FORD FIESTA,4,E01023543,0,-1
2023141330312,2023,141330312,2,9,0,18,19,7,3,0,0,0,0,0,0,0,3,1,6,6,3,-1,-1,1560,2,14,FORD FIESTA,-1,-1,0,-1
2023440404795,2023,440404795,1,9,0,18,19,6,2,0,0,0,0,0,0,0,1,1,2,2,1,31,6,1242,1,23,FORD FIESTA,5,E01023151,0,-1
2023451331327,2023,451331327,3,9,0,4,4,1,5,0,0,0,0,0,0,0,1,1,5,6,1,39,7,1242,1,10,FORD FIESTA,1,E01017118,0,-1
2023161392693,2023,161392693,2,9,0,4,4,1,5,0,0,0,0,0,0,0,4,1,6,6,1,30,6,1242,1,9,FORD FIESTA,-1,-1,0,-1
2023010457447,2023,010457447,1,9,0,9,9,1,7,0,0,8,5,0,0,0,1,1,6,6,2,24,5,1242,1,10,FORD FIESTA,2,E01032569,0,-1
2023201390462,2023,201390462,1,9,0,18,19,2,6,0,0,0,0,0,0,0,1,1,2,2,2,29,6,1084,1,5,FORD FIESTA,3,E01010237,0,-1
2023461300375,2023,461300375,8,9,0,2,2,0,0,0,0,0,0,0,0,0,4,1,6,6,2,29,6,1388,1,12,FORD FIESTA,4,E01024179,0,-1
2023522301638,2023,522301638,2,9,0,9,9,1,7,0,0,5,0,0,0,0,4,1,6,6,1,20,4,1388,1,16,FORD FIESTA,1,E01014582,0,-1
2023061315873,2023,061315873,1,9,0,9,9,3,7,0,0,0,0,0,0,0,4,1,5,6,1,29,6,1399,2,13,FORD FIESTA,2,E01004830,0,-1
2023010439981,2023,010439981,1,9,0,99,99,9,9,99,99,9,9,99,9,99,9,9,1,1,1,31,6,1242,1,11,FORD FIESTA,7,E01003659,0,-1
2023302300211,2023,302300211,1,9,0,16,19,8,2,0,0,0,1,0,8,11,1,1,6,6,1,26,6,1596,1,11,FORD FIESTA,8,E01019734,0,-1
2023211389133,2023,211389133,2,9,0,18,19,5,1,0,0,0,0,4,0,0,1,1,5,6,2,25,5,998,1,6,FORD FIESTA,-1,-1,0,-1
2023522301854,2023,522301854,2,9,0,18,19,8,4,0,0,8,0,0,0,0,1,1,6,6,1,72,10,1242,1,15,FORD FIESTA,10,E01014966,0,-1
2023332300254,2023,332300254,1,9,0,18,19,3,7,0,0,1,0,0,0,0,3,1,6,6,3,-1,-1,1242,1,9,FORD FIESTA,-1,-1,0,-1
2023010424082,2023,010424082,1,9,0,3,3,2,6,0,0,0,0,4,0,0,1,1,6,6,2,61,9,1596,1,10,FORD FIESTA,1,E01003590,0,-1
2023332300598,2023,332300598,2,9,0,18,19,1,5,0,0,8,0,0,0,0,1,1,3,7,2,52,8,1499,2,9,FORD FIESTA,3,E01013779,0,-1
2023311310190,2023,311310190,1,9,0,18,19,3,1,0,0,-1,0,0,0,0,1,1,6,6,1,20,4,1242,1,13,FORD FIESTA,8,E01019707,0,-1
2023201375008,2023,201375008,2,9,0,18,19,4,8,0,0,0,0,0,0,0,2,1,6,6,2,-1,-1,1242,1,10,FORD FIESTA,4,E01031086,0,-1
2023520000782,2023,520000782,1,9,0,18,19,4,8,0,0,0,0,0,0,0,1,1,6,6,2,33,6,998,1,10,FORD FIESTA,6,E01014917,0,-1
2023340NN3392,2023,340NN3392,2,9,0,18,19,4,8,0,0,1,0,0,0,0,1,1,6,6,2,23,5,1084,1,6,FORD FIESTA,7,E01027354,0,-1
2023421322797,2023,421322797,1,9,0,18,19,1,5,0,0,0,5,10,0,0,1,1,2,2,1,37,7,1388,1,16,FORD FIESTA,-1,-1,0,-1
2023111273861,2023,111273861,2,9,0,10,10,5,1,0,0,1,0,0,0,0,2,1,5,6,1,60,9,1560,2,11,FORD FIESTA,6,E01020642,0,-1
2023221295056,2023,221295056,3,9,0,4,4,8,4,0,0,1,1,0,0,0,1,1,2,2,1,32,6,998,1,9,FORD FIESTA,3,E01022320,0,-1
2023531317214,2023,531317214,1,9,0,17,19,1,6,0,0,8,1,0,1,0,2,1,5,6,1,18,4,1242,1,13,FORD FIESTA,9,E01022381,0,-1
2023161380849,2023,161380849,2,9,0,11,11,4,8,0,0,8,0,0,0,0,1,1,6,6,2,30,6,998,1,7,FORD FIESTA,-1,-1,0,-1
2023052301457,2023,052301457,2,9,0,18,19,5,1,0,0,8,0,0,0,0,1,1,2,2,2,24,5,1242,1,7,FORD FIESTA,7,E01006884,0,-1
2023201403340,2023,201403340,1,9,0,9,9,2,7,0,0,5,0,0,0,0,1,1,6,6,2,24,5,1242,1,14,FORD FIESTA,1,E01009325,0,-1
2023631326324,2023,631326324,1,9,0,17,19,6,3,0,0,0,0,0,2,10,4,1,6,6,1,18,4,1388,1,15,FORD FIESTA,7,W01000735,0,-1
2023131368653,2023,131368653,1,9,0,3,3,5,1,0,0,0,0,0,0,0,2,1,5,6,2,62,9,998,1,8,FORD FIESTA,6,E01010640,0,-1
2023542259423,2023,542259423,2,9,0,18,19,6,2,0,0,0,0,0,0,0,1,1,6,6,2,18,4,1242,1,11,FORD FIESTA,8,E01031977,0,-1
2023501367260,2023,501367260,1,9,0,-1,-1,-1,-1,-1,-1,-1,-1,-1,-1,0,-1,1,6,6,1,24,5,1596,1,22,FORD FIESTA,3,E01018937,0,-1
2023461341311,2023,461341311,2,9,0,18,19,4,8,0,0,0,0,0,0,0,1,1,6,6,2,21,5,998,1,4,FORD FIESTA,4,E01024204,0,-1
2023311379677,2023,311379677,1,9,0,18,19,6,3,0,0,2,2,7,1,0,1,1,2,2,1,24,5,1299,1,21,FORD FIESTA,6,E01025690,0,-1
2023131321324,2023,131321324,4,9,0,2,2,0,0,0,0,0,0,0,0,0,1,1,3,7,2,65,9,1299,1,21,FORD FIESTA,3,E01010662,0,-1
2023302301164,2023,302301164,2,9,0,5,5,8,3,0,0,1,0,0,8,4,4,1,6,6,2,24,5,1596,1,6,FORD FIESTA,5,E01021111,0,-1
2023451349556,2023,451349556,1,9,0,16,19,4,8,0,0,1,0,0,7,4,1,1,1,1,1,19,4,1596,1,9,FORD FIESTA,10,E01030356,0,-1
2023010452054,2023,010452054,1,9,0,18,19,3,7,0,0,0,0,4,0,0,1,1,6,6,1,80,11,999,1,2,FORD FIESTA,2,E01004062,0,-1
2023371317641,2023,371317641,2,9,0,4,4,5,1,0,0,0,0,0,0,0,3,1,1,1,1,24,5,1242,1,8,FORD FIESTA,6,E01030057,0,-1
2023161308249,2023,161308249,1,9,0,-1,-1,-1,-1,-1,-1,0,-1,-1,-1,0,-1,1,2,2,2,20,4,1242,1,9,FORD FIESTA,2,E01032595,0,-1
2023201306689,2023,201306689,1,9,0,18,19,2,6,0,0,8,0,0,0,0,3,1,6,6,1,22,5,1242,1,6,FORD FIESTA,6,E01009278,0,-1
2023070476444,2023,070476444,2,9,0,18,19,5,1,0,0,1,1,10,1,11,1,1,6,6,2,26,6,1242,1,13,FORD FIESTA,-1,-1,0,-1
2023201318353,2023,201318353,1,9,0,18,19,6,2,0,0,0,0,0,0,0,1,1,2,2,2,-1,-1,1242,1,10,FORD FIESTA,-1,-1,0,-1
2023631358096,2023,631358096,2,9,0,18,19,1,5,0,0,0,1,0,0,0,1,1,5,6,1,17,4,1399,2,13,FORD FIESTA,6,W01000524,0,-1
2023010469032,2023,010469032,1,9,0,99,99,9,9,99,99,9,9,99,9,99,4,9,6,6,2,28,6,1242,1,14,FORD FIESTA,8,E01033724,0,-1
2023430456074,2023,430456074,2,9,0,8,8,3,5,0,0,1,0,0,0,0,2,1,6,6,2,48,8,1388,1,15,FORD FIESTA,9,E01028627,0,-1
2023501365235,2023,501365235,2,9,0,2,2,0,0,0,0,1,0,0,0,0,2,1,6,6,3,-1,-1,1388,1,15,FORD FIESTA,-1,-1,0,-1
2023991367650,2023,991367650,2,9,0,17,19,4,8,0,0,1,0,0,0,0,1,1,2,2,2,32,6,1499,2,8,FORD FIESTA,-1,-1,0,-1
2023010459549,2023,010459549,1,9,0,18,19,7,3,0,0,0,0,0,0,0,1,1,1,1,1,62,9,998,1,5,FORD FIESTA,6,E01002674,0,-1
2023311374771,2023,311374771,1,9,0,5,5,1,4,0,0,6,0,0,1,0,2,1,1,1,1,75,10,1388,1,12,FORD FIESTA,-1,-1,0,-1
2023041287135,2023,041287135,1,9,0,18,19,5,1,0,0,1,0,0,0,0,1,1,6,6,1,23,5,-1,-1,-1,FORD FIESTA,7,E01025167,0,-1
2023371433532,2023,371433532,2,9,0,18,19,1,5,0,0,8,0,0,0,0,4,1,5,6,2,58,9,1596,1,11,FORD FIESTA,5,E01030290,0,-1