collision_index,collision_year,collision_ref_no,vehicle_reference,vehicle_type,towing_and_articulation,vehicle_manoeuvre_historic,vehicle_manoeuvre,vehicle_direction_from,vehicle_direction_to,vehicle_location_restricted_lane_historic,vehicle_location_restricted_lane,junction_location,skidding_and_overturning,hit_object_in_carriageway,vehicle_leaving_carriageway,hit_object_off_carriageway,first_point_of_impact,vehicle_left_hand_drive,journey_purpose_of_driver_historic,journey_purpose_of_driver,sex_of_driver,age_of_driver,age_band_of_driver,engine_capacity_cc,propulsion_code,age_of_vehicle,generic_make_model,driver_imd_decile,lsoa_of_driver,escooter_flag,driver_distance_banding
2023610034123,2023,610034123,1,9,0,9,9,3,1,0,0,8,0,0,0,0,3,1,2,2,2,27,6,1242,1,13,FORD FIESTA,3,W01001455,0,-1
2023411283550,2023,411283550,1,9,0,18,19,-1,-1,0,0,0,0,0,0,0,1,1,6,6,1,33,6,1242,1,7,FORD FIESTA,-1,-1,0,-1
2023430261677,2023,430261677,1,9,0,9,9,7,5,0,0,6,0,0,0,0,1,1,2,2,1,39,7,1242,1,10,FORD FIESTA,9,E01030742,0,-1
2023161321779,2023,161321779,1,9,0,16,19,3,7,0,0,0,1,0,0,0,1,1,6,6,1,30,6,1242,1,16,FORD FIESTA,3,E01013086,0,-1
2023622300385,2023,622300385,1,9,0,18,19,2,6,0,0,0,0,0,0,0,1,1,6,6,1,31,6,1499,2,10,FORD FIESTA,2,W01001766,0,-1
2023161317088,2023,161317088,1,9,0,7,7,3,8,0,0,8,5,10,4,0,1,1,5,6,1,17,4,1242,1,7,FORD FIESTA,2,E01013130,0,-1
2023101275316,2023,101275316,1,9,0,7,7,5,1,0,0,1,0,0,0,0,4,1,6,6,2,50,8,1399,2,12,FORD FIESTA,10,E01008317,0,-1
2023461314876,2023,461314876,1,9,0,18,19,3,7,0,0,0,0,0,0,0,1,1,5,6,1,18,4,1242,1,20,FORD FIESTA,3,E01016059,0,-1
2023361322445,2023,361322445,2,9,0,4,4,5,1,0,0,1,0,0,0,0,3,1,6,6,1,19,4,1388,1,21,FORD FIESTA,7,E01026932,0,-1
2023471265981,2023,471265981,1,9,0,6,6,7,7,0,0,0,0,0,0,0,3,1,5,6,2,28,6,1388,1,19,FORD FIESTA,2,E01016978,0,-1
2023302301125,2023,302301125,1,9,0,9,9,4,2,0,0,1,0,0,0,0,3,1,6,6,1,19,4,998,1,5,FORD FIESTA,5,E01013542,0,-1
2023421288265,2023,421288265,1,9,0,18,19,1,6,0,0,3,0,0,0,0,1,1,5,6,1,20,4,999,1,1,FORD FIESTA,2,E01000076,0,-1
2023010430943,2023,010430943,1,9,0,18,19,1,5,0,0,0,0,7,0,0,1,1,6,6,1,21,5,1596,1,13,FORD FIESTA,2,E01000955,0,-1
2023471296367,2023,471296367,1,9,0,5,5,1,7,0,0,1,5,0,2,0,1,1,5,6,2,64,9,998,1,6,FORD FIESTA,9,E01031622,0,-1
2023522301465,2023,522301465,2,9,0,18,19,2,6,0,0,1,0,0,0,0,1,1,6,6,1,23,5,998,1,10,FORD FIESTA,1,E01014655,0,-1
2023991264517,2023,991264517,1,9,0,17,19,3,7,0,0,0,1,0,0,0,1,1,6,6,1,18,4,1242,1,13,FORD FIESTA,2,-1,0,-1
2023991294588,2023,991294588,1,9,0,18,19,2,6,0,0,0,5,0,1,0,1,1,6,6,1,78,11,1388,1,21,FORD FIESTA,3,-1,0,-1
2023471318738,2023,471318738,1,9,0,18,19,8,4,0,0,0,0,0,1,11,1,1,5,6,2,24,5,1388,1,12,FORD FIESTA,7,E01031488,0,-1
2023131367746,2023,131367746,4,9,0,18,19,3,7,0,0,1,0,0,0,0,1,1,6,6,2,24,5,1242,1,12,FORD FIESTA,4,E01006211,0,-1
2023131273044,2023,131273044,2,9,0,18,19,5,1,0,0,6,0,0,0,0,1,1,5,6,2,34,6,1242,1,6,FORD FIESTA,3,E01011212,0,-1
2023311383476,2023,311383476,1,9,0,18,19,3,7,0,0,0,2,0,7,0,1,1,6,6,1,55,8,1388,1,19,FORD FIESTA,9,E01028394,0,-1
2023010450335,2023,010450335,1,9,0,3,3,6,2,0,0,2,0,0,0,0,2,1,6,6,2,34,6,1242,1,12,FORD FIESTA,1,E01033456,0,-1
2023991353044,2023,991353044,1,9,0,17,19,1,6,0,0,0,0,0,1,3,1,1,6,6,2,21,5,1242,1,14,FORD FIESTA,7,-1,0,-1
2023320745930,2023,320745930,1,9,0,18,19,8,4,0,0,0,1,0,1,0,4,1,6,6,2,39,7,1388,1,11,FORD FIESTA,8,E01026321,0,-1
2023421296761,2023,421296761,1,9,0,16,19,7,2,0,0,0,2,0,7,1,1,1,1,1,2,59,9,1388,1,12,FORD FIESTA,1,E01004340,0,-1
2023131294668,2023,131294668,1,9,0,17,19,1,5,0,0,0,2,0,1,11,1,1,5,6,1,18,4,998,1,9,FORD FIESTA,9,E01010589,0,-1
2023131265453,2023,131265453,2,9,0,18,19,5,1,0,0,0,0,0,0,0,1,1,2,2,2,47,8,1596,1,13,FORD FIESTA,4,E01011489,0,-1
2023302301234,2023,302301234,1,9,0,9,9,4,2,0,0,8,0,0,0,0,1,1,6,6,1,29,6,1596,1,17,FORD FIESTA,7,E01019607,0,-1
2023141354539,2023,141354539,1,9,0,7,7,5,8,0,0,2,0,0,0,0,1,1,2,2,1,19,4,998,1,9,FORD FIESTA,2,E01007517,0,-1
2023340WN5762,2023,340WN5762,2,9,0,18,19,2,6,0,0,1,0,0,0,0,1,1,6,6,1,20,4,1399,2,11,FORD FIESTA,7,E01027221,0,-1
2023010486322,2023,010486322,1,9,0,99,99,9,9,99,99,1,9,99,9,99,2,9,6,6,2,50,8,998,1,8,FORD FIESTA,2,E01004001,0,-1
2023440170353,2023,440170353,2,9,0,18,19,8,4,0,0,1,0,0,0,0,1,1,6,6,1,43,7,998,1,7,FORD FIESTA,-1,-1,0,-1
2023461356825,2023,461356825,1,9,0,9,9,8,5,0,0,0,0,0,0,0,1,1,2,2,1,18,4,999,1,1,FORD FIESTA,-1,-1,0,-1
2023131365239,2023,131365239,2,9,0,9,9,3,7,0,0,1,0,0,0,0,0,1,6,6,1,74,10,998,1,4,FORD FIESTA,6,E01011830,0,-1
2023552300512,2023,552300512,2,9,0,18,19,5,1,0,0,8,0,0,0,0,3,1,6,6,1,31,6,998,1,0,FORD FIESTA,6,E01015369,0,-1
2023010470564,2023,010470564,2,9,0,99,99,9,9,99,99,9,9,99,9,99,1,9,6,6,3,-1,-1,1242,1,8,FORD FIESTA,-1,-1,0,-1
2023610021323,2023,610021323,2,9,0,11,11,1,5,0,0,0,0,0,0,0,4,1,6,6,2,80,11,998,1,3,FORD FIESTA,8,W01001495,0,-1
2023440249390,2023,440249390,2,9,0,18,19,2,6,0,0,1,0,0,0,0,1,1,6,6,1,21,5,1999,1,16,FORD FIESTA,3,E01022840,0,-1
2023201373887,2023,201373887,1,9,0,13,13,5,2,0,0,0,0,7,6,2,4,1,2,2,1,20,4,1496,1,4,FORD FIESTA,10,E01009815,0,-1
2023991258858,2023,991258858,1,9,0,17,19,5,1,0,0,0,0,0,1,0,1,1,6,6,1,23,5,1496,1,1,FORD FIESTA,4,-1,0,-1
2023461308837,2023,461308837,1,9,0,13,13,7,3,0,0,0,0,0,0,0,1,1,6,6,1,21,5,998,1,6,FORD FIESTA,4,E01024296,0,-1
2023161344426,2023,161344426,2,9,0,18,19,4,8,0,0,3,0,0,0,0,1,1,5,6,2,38,7,998,1,7,FORD FIESTA,4,E01013146,0,-1
2023071025529,2023,071025529,2,9,0,3,3,4,8,0,0,1,0,0,0,0,0,1,6,6,2,43,7,998,1,10,FORD FIESTA,2,E01018710,0,-1
2023430497435,2023,430497435,1,9,0,18,19,8,4,0,0,0,0,0,0,0,1,1,6,6,2,19,4,1242,1,12,FORD FIESTA,6,E01016287,0,-1
2023041327547,2023,041327547,2,9,0,9,9,7,1,0,0,1,0,0,0,0,3,1,5,6,2,61,9,1242,1,7,FORD FIESTA,2,E01025077,0,-1
2023451288274,2023,451288274,2,9,0,2,2,0,0,0,0,0,0,0,0,0,2,1,6,6,3,-1,-1,1242,1,9,FORD FIESTA,-1,-1,0,-1
2023052301316,2023,052301316,1,9,0,18,19,6,2,0,0,0,0,0,0,0,1,1,6,6,2,35,6,1242,1,8,FORD FIESTA,1,E01006913,0,-1
2023552300768,2023,552300768,3,9,0,4,4,7,3,0,0,0,0,0,0,0,2,1,6,6,1,27,6,1388,1,16,FORD FIESTA,5,E01015345,0,-1
2023501332460,2023,501332460,1,9,0,9,9,7,5,0,0,8,0,0,0,0,4,1,5,6,2,55,8,1399,2,11,FORD FIESTA,6,E01015027,0,-1
2023421317177,2023,421317177,1,9,0,18,19,2,6,0,0,0,2,0,1,3,4,1,5,6,1,22,5,1242,1,8,FORD FIESTA,2,E01021953,0,-1
2023991344011,2023,991344011,1,9,0,13,13,2,6,0,0,0,1,0,0,0,1,1,5,6,1,29,6,998,1,4,FORD FIESTA,7,-1,0,-1
2023101260806,2023,101260806,1,9,0,18,19,7,2,0,0,0,0,0,0,0,1,1,6,6,1,52,8,1596,1,8,FORD FIESTA,2,E01008477,0,-1
2023471312427,2023,471312427,2,9,0,18,19,5,1,0,0,1,0,0,1,0,1,1,5,6,2,61,9,998,1,4,FORD FIESTA,10,E01021194,0,-1
2023610020623,2023,610020623,1,9,0,9,9,5,3,7,6,8,0,0,0,0,1,1,6,6,2,42,7,1242,1,16,FORD FIESTA,2,W01001488,0,-1
2023041375499,2023,041375499,2,9,0,9,9,1,5,0,0,6,0,0,0,0,1,1,5,6,2,76,11,1242,1,15,FORD FIESTA,3,E01012632,0,-1
2023052301638,2023,052301638,2,9,0,18,19,3,7,0,0,1,0,0,0,0,1,1,2,2,1,57,9,1399,2,11,FORD FIESTA,1,E01007290,0,-1
2023991266254,2023,991266254,1,9,0,4,4,5,2,0,0,6,1,0,3,9,1,1,6,6,1,22,5,998,1,6,FORD FIESTA,8,-1,0,-1
2023461363616,2023,461363616,1,9,0,18,19,1,5,0,0,0,0,0,0,0,1,1,6,6,1,77,11,998,1,7,FORD FIESTA,2,E01016068,0,-1
2023201361364,2023,201361364,1,9,0,1,1,4,8,0,0,2,0,0,0,0,2,1,6,6,1,18,4,1242,1,8,FORD FIESTA,1,E01009762,0,-1
2023170S10873,2023,170S10873,1,9,0,18,19,4,8,0,0,2,0,0,0,0,4,1,6,6,2,28,6,1242,1,11,FORD FIESTA,6,E01012205,0,-1
2023522400739,2023,522400739,2,9,0,3,3,1,5,0,0,0,0,0,0,0,2,1,6,6,2,26,6,998,1,10,FORD FIESTA,8,E01014560,0,-1
2023471349498,2023,471349498,1,9,0,9,9,1,7,0,0,6,0,0,0,0,1,1,5,6,2,26,6,1388,1,12,FORD FIESTA,8,E01031840,0,-1
2023320650508,2023,320650508,2,9,0,10,10,2,8,0,0,5,0,0,0,0,2,1,6,6,2,29,6,1242,1,16,FORD FIESTA,8,E01026321,0,-1
2023141286667,2023,141286667,2,9,0,6,6,8,4,0,0,0,0,0,0,0,1,1,6,6,2,26,6,998,1,5,FORD FIESTA,3,E01007843,0,-1
2023041356964,2023,041356964,1,9,0,18,19,3,7,0,0,0,0,0,0,0,4,1,5,6,2,83,11,999,1,1,FORD FIESTA,10,E01025336,0,-1
2023052301164,2023,052301164,1,9,0,18,19,5,1,0,0,8,0,0,1,1,1,1,6,6,1,84,11,1242,1,19,FORD FIESTA,4,E01006897,0,-1
2023520400043,2023,520400043,1,9,0,5,5,9,9,0,0,0,0,0,0,0,4,1,6,6,2,52,8,1399,2,16,FORD FIESTA,2,E01029107,0,-1
2023010431932,2023,010431932,1,9,0,9,9,7,4,0,0,1,0,0,0,0,1,1,6,6,1,22,5,998,1,5,FORD FIESTA,2,E01004471,0,-1
2023010445668,2023,010445668,1,9,0,7,7,7,2,0,0,5,0,0,0,0,3,1,6,6,1,31,6,998,1,4,FORD FIESTA,2,E01001560,0,-1
2023101282666,2023,101282666,3,9,0,3,3,1,1,0,0,0,0,0,0,0,2,1,6,6,1,44,7,1242,1,10,FORD FIESTA,1,E01008297,0,-1
2023052300823,2023,052300823,3,9,0,18,19,7,3,0,0,1,0,0,0,0,1,1,6,6,1,35,6,1242,1,18,FORD FIESTA,5,E01006590,0,-1
2023201330101,2023,201330101,1,9,0,7,7,8,2,0,0,3,5,7,0,0,1,1,6,6,1,19,4,1242,1,11,FORD FIESTA,7,E01009805,0,-1
2023010472935,2023,010472935,2,9,0,99,99,9,9,99,99,9,9,99,9,99,9,9,6,6,3,-1,-1,1596,1,9,FORD FIESTA,-1,-1,0,-1
2023320328565,2023,320328565,1,9,0,16,19,6,2,0,0,0,2,0,1,9,1,1,6,6,1,23,5,1560,2,11,FORD FIESTA,5,E01026255,0,-1
202363A018823,2023,63A018823,1,9,0,16,19,4,7,0,0,0,5,0,7,11,1,1,6,6,1,23,5,1499,2,10,FORD FIESTA,5,W01000627,0,-1
2023501366546,2023,501366546,2,9,0,18,19,5,7,0,0,1,0,0,0,0,1,1,6,6,2,46,8,998,1,7,FORD FIESTA,6,E01015220,0,-1
2023201297346,2023,201297346,1,9,0,15,15,8,4,0,0,0,0,4,0,0,1,1,6,6,1,23,5,998,1,8,FORD FIESTA,5,E01009527,0,-1
2023552300970,2023,552300970,4,9,0,2,2,0,0,9,9,0,0,0,0,0,1,1,6,6,3,-1,-1,998,1,8,FORD FIESTA,-1,-1,0,-1
2023201377588,2023,201377588,1,9,0,18,19,1,5,0,0,2,0,0,0,0,1,1,5,6,1,29,6,998,1,8,FORD FIESTA,1,E01008976,0,-1
2023010462733,2023,010462733,2,9,0,99,99,9,9,99,99,9,9,99,9,99,1,9,6,6,3,-1,-1,1242,1,12,FORD FIESTA,-1,-1,0,-1
2023302300982,2023,302300982,1,9,0,18,19,8,4,0,0,0,0,0,0,0,1,1,6,6,1,85,11,1388,1,16,FORD FIESTA,8,E01019586,0,-1
2023501357343,2023,501357343,1,9,0,9,9,6,4,0,0,8,0,0,0,0,3,1,6,6,2,19,4,998,1,5,FORD FIESTA,3,E01018872,0,-1
2023501276055,2023,501276055,1,9,0,18,19,7,3,0,0,0,0,0,0,0,1,1,5,6,2,46,8,1242,1,17,FORD FIESTA,1,E01015145,0,-1
2023471308596,2023,471308596,1,9,0,10,10,2,7,0,0,8,0,0,0,0,2,1,5,6,1,36,7,1388,1,17,FORD FIESTA,7,E01032665,0,-1
2023221382091,2023,221382091,1,9,0,18,19,2,6,0,0,8,0,0,0,0,1,1,5,6,1,81,11,998,1,5,FORD FIESTA,6,E01014030,0,-1
2023010440058,2023,010440058,1,9,0,18,19,3,7,0,0,8,0,0,0,0,1,1,6,6,1,27,6,1242,1,10,FORD FIESTA,5,E01003312,0,-1
2023401384308,2023,401384308,1,9,0,18,19,1,5,0,0,0,5,0,1,4,1,1,6,6,1,18,4,998,1,8,FORD FIESTA,9,E01017381,0,-1
2023010426023,2023,010426023,2,9,0,4,4,5,1,0,0,1,0,0,0,0,1,1,6,6,1,36,7,1242,1,10,FORD FIESTA,3,E01003315,0,-1
2023401310831,2023,401310831,2,9,0,10,10,3,1,0,0,1,0,0,0,0,2,1,2,2,1,54,8,1242,1,9,FORD FIESTA,5,E01015753,0,-1
2023501341143,2023,501341143,1,9,0,5,5,8,7,0,0,1,0,0,0,0,1,1,1,1,1,-1,-1,1388,1,15,FORD FIESTA,-1,-1,0,-1
2023440280812,2023,440280812,1,9,0,18,19,8,4,0,0,0,0,0,7,4,1,1,6,6,2,22,5,1596,1,7,FORD FIESTA,7,E01017231,0,-1
2023111362215,2023,111362215,2,9,0,5,5,4,8,0,0,8,0,0,0,0,1,1,6,6,1,76,11,998,1,7,FORD FIESTA,4,E01020667,0,-1
2023070565153,2023,070565153,1,9,0,18,19,3,7,0,0,2,0,11,1,7,4,1,6,6,1,33,6,1242,1,13,FORD FIESTA,2,E01012525,0,-1
2023221299608,2023,221299608,1,9,0,17,19,2,7,0,0,0,1,0,1,10,2,1,5,6,1,22,5,1242,1,16,FORD FIESTA,4,W01000927,0,-1
2023311393978,2023,311393978,1,9,0,18,19,1,5,9,9,3,0,11,1,0,1,1,5,6,2,34,6,1596,1,7,FORD FIESTA,3,E01019515,0,-1
2023531311584,2023,531311584,1,9,0,18,19,3,7,0,0,0,0,0,7,4,1,1,6,6,1,51,8,1388,1,16,FORD FIESTA,6,E01022117,0,-1
2023311310067,2023,311310067,1,9,0,18,19,1,5,0,0,0,0,0,0,0,2,1,2,2,2,47,8,1560,2,11,FORD FIESTA,3,E01028340,0,-1
2023332301273,2023,332301273,1,9,0,3,3,3,7,0,0,1,0,0,0,0,2,1,6,6,1,40,7,1242,1,13,FORD FIESTA,8,E01032865,0,-1
2023070313764,2023,070313764,1,9,0,18,19,5,1,0,0,0,0,0,0,0,2,1,6,6,1,30,6,1242,1,13,FORD FIESTA,2,E01010563,0,-1
2023141327144,2023,141327144,1,9,0,18,19,5,1,0,0,8,0,0,0,0,1,1,1,1,2,20,4,1242,1,14,FORD FIESTA,10,E01007931,0,-1
2023010457611,2023,010457611,2,9,0,99,99,9,9,99,99,9,9,99,9,99,9,9,6,6,1,36,7,998,1,9,FORD FIESTA,6,E01000238,0,-1
2023440122429,2023,440122429,1,9,0,18,19,3,7,0,0,1,0,0,3,1,3,1,2,2,1,18,4,1242,1,16,FORD FIESTA,-1,-1,0,-1
2023440490736,2023,440490736,1,9,0,18,19,4,8,0,0,0,1,4,0,0,1,1,6,6,1,21,5,1596,1,12,FORD FIESTA,10,E01022784,0,-1
2023061266161,2023,061266161,2,9,0,2,2,0,0,9,9,0,0,0,0,0,2,1,6,6,3,-1,-1,1388,1,14,FORD FIESTA,-1,-1,0,-1
2023471316528,2023,471316528,2,9,0,18,19,3,7,0,0,1,0,0,0,0,2,1,5,6,2,46,8,1999,1,17,FORD FIESTA,7,E01016917,0,-1
2023351298919,2023,351298919,1,9,0,8,8,6,8,0,0,1,0,0,0,0,1,1,6,6,2,62,9,998,1,5,FORD FIESTA,8,E01018129,0,-1
2023440231066,2023,440231066,1,9,0,18,19,3,7,0,0,8,0,0,0,0,4,1,6,6,1,40,7,1399,2,16,FORD FIESTA,4,E01022524,0,-1
2023451319253,2023,451319253,1,9,0,4,4,3,7,0,0,1,0,0,0,0,2,1,5,6,2,46,8,998,1,10,FORD FIESTA,3,E01017051,0,-1
2023111321046,2023,111321046,1,9,0,18,19,5,1,0,0,1,0,0,0,0,1,1,6,6,3,28,6,998,1,10,FORD FIESTA,2,E01012342,0,-1
2023320095175,2023,320095175,1,9,0,18,19,2,6,0,0,0,0,0,0,0,2,1,6,6,2,60,9,998,1,4,FORD FIESTA,4,E01026076,0,-1
2023201444644,2023,201444644,2,9,0,2,2,0,0,0,0,0,0,0,0,0,2,1,6,6,2,52,8,1242,1,9,FORD FIESTA,5,E01009848,0,-1
2023552301132,2023,552301132,2,9,0,3,3,6,2,0,0,0,0,0,0,0,2,1,2,2,2,44,7,1388,1,11,FORD FIESTA,6,E01015355,0,-1
2023201414434,2023,201414434,2,9,0,18,19,6,8,0,0,8,0,0,0,0,1,1,6,6,1,19,4,1084,1,6,FORD FIESTA,1,E01008998,0,-1
2023122300175,2023,122300175,3,9,0,3,3,4,8,0,0,1,0,0,0,0,1,1,3,7,2,17,4,1242,1,8,FORD FIESTA,10,E01027716,0,-1
2023101291667,2023,101291667,1,9,0,18,19,7,5,0,0,0,0,0,0,0,1,1,1,1,1,26,6,1242,1,11,FORD FIESTA,-1,-1,0,-1
2023201360870,2023,201360870,7,9,0,2,2,0,0,0,0,0,0,0,0,0,2,1,6,6,3,-1,-1,1242,1,14,FORD FIESTA,-1,-1,0,-1
2023440176974,2023,440176974,1,9,0,9,9,6,4,0,0,6,0,0,0,0,3,1,6,6,2,72,10,1242,1,14,FORD FIESTA,8,E01022652,0,-1
2023201299482,2023,201299482,2,9,0,18,19,8,4,0,0,6,0,0,0,0,4,1,6,6,1,77,11,1388,1,12,FORD FIESTA,3,E01008970,0,-1
2023631334462,2023,631334462,1,9,0,16,19,6,1,0,0,0,0,0,2,10,1,1,2,2,1,20,4,1242,1,15,FORD FIESTA,5,W01000650,0,-1
2023231311633,2023,231311633,2,9,0,18,19,7,3,0,0,1,0,0,0,0,1,1,6,6,3,30,6,1560,2,16,FORD FIESTA,-1,-1,0,-1
2023471320241,2023,471320241,1,9,0,17,19,4,8,0,0,8,0,0,0,0,3,1,5,6,2,51,8,1560,2,11,FORD FIESTA,5,E01030337,0,-1
2023501355736,2023,501355736,1,9,0,9,9,3,1,0,0,8,0,0,0,0,1,1,6,6,2,22,5,1388,1,19,FORD FIESTA,5,E01020340,0,-1
2023311383438,2023,311383438,1,9,0,9,9,5,1,0,0,0,1,0,7,0,1,1,6,6,1,19,4,998,1,6,FORD FIESTA,5,E01028242,0,-1
2023430379477,2023,430379477,2,9,0,18,19,0,0,0,0,8,0,0,0,0,1,1,6,6,2,73,10,998,1,4,FORD FIESTA,9,E01022492,0,-1
2023201328921,2023,201328921,2,9,0,3,3,8,4,0,0,1,0,0,0,0,2,1,2,2,2,59,9,998,1,5,FORD FIESTA,3,E01032587,0,-1
2023471367577,2023,471367577,2,9,0,18,19,7,3,0,0,0,0,0,0,0,3,1,6,6,1,63,9,1499,2,5,FORD FIESTA,6,E01020960,0,-1
2023991342307,2023,991342307,2,9,0,16,19,5,1,0,0,0,0,0,0,0,1,1,6,6,1,57,9,998,1,1,FORD FIESTA,7,-1,0,-1
2023010473231,2023,010473231,1,9,0,9,9,1,6,0,0,3,0,0,0,0,4,1,2,2,1,18,4,998,1,10,FORD FIESTA,3,E01004184,0,-1
2023052302836,2023,052302836,1,9,0,18,19,7,3,0,0,0,0,0,0,0,1,1,6,6,2,19,4,1242,1,11,FORD FIESTA,3,E01012369,0,-1
2023471295499,2023,471295499,5,9,0,2,2,0,0,0,0,0,0,0,0,0,1,1,6,6,3,-1,-1,1388,1,13,FORD FIESTA,-1,-1,0,-1
2023201424688,2023,201424688,2,9,0,5,5,2,6,0,0,1,0,0,0,0,1,1,2,2,1,43,7,1242,1,16,FORD FIESTA,2,E01010071,0,-1
2023461295821,2023,461295821,2,9,0,7,7,8,2,0,0,0,0,0,0,0,3,1,6,6,2,26,6,998,1,10,FORD FIESTA,8,E01016131,0,-1
2023371378110,2023,371378110,2,9,0,18,19,4,8,0,0,0,0,0,0,0,4,1,1,1,1,19,4,1560,2,11,FORD FIESTA,7,E01030083,0,-1
2023122300341,2023,122300341,1,9,0,18,19,7,3,0,0,6,0,0,0,0,1,1,6,6,2,24,5,1499,2,8,FORD FIESTA,2,E01011724,0,-1
2023332300691,2023,332300691,1,9,0,5,5,2,6,8,6,0,2,0,1,0,2,1,2,2,2,20,4,998,1,5,FORD FIESTA,7,E01019652,0,-1
2023421316772,2023,421316772,1,9,0,18,19,4,8,0,0,0,0,0,0,0,4,1,5,6,1,84,11,1242,1,17,FORD FIESTA,1,E01022032,0,-1
2023451333777,2023,451333777,1,9,0,18,19,1,5,0,0,1,0,0,0,0,1,1,5,6,1,66,10,998,1,3,FORD FIESTA,9,E01030453,0,-1
2023010472836,2023,010472836,1,9,0,7,7,3,5,0,0,6,0,0,0,0,1,1,2,2,2,60,9,998,1,5,FORD FIESTA,2,E01000015,0,-1
2023010423571,2023,010423571,2,9,0,18,19,3,7,0,0,1,0,0,0,0,1,1,6,6,2,47,8,999,1,1,FORD FIESTA,5,E01024281,0,-1
2023201267688,2023,201267688,1,9,0,18,19,5,1,0,0,0,0,0,0,0,1,1,6,6,1,18,4,1084,1,4,FORD FIESTA,3,E01009862,0,-1
2023122400167,2023,122400167,2,9,0,18,19,3,7,0,0,0,1,0,7,0,3,1,6,6,1,33,6,998,1,4,FORD FIESTA,8,E01027754,0,-1
2023170M30353,2023,170M30353,2,9,0,11,11,4,8,0,0,0,0,0,0,0,4,1,6,6,2,-1,-1,998,1,5,FORD FIESTA,-1,-1,0,-1
2023201416954,2023,201416954,3,9,0,8,8,6,8,0,0,1,0,0,0,0,4,1,6,6,2,22,5,1242,1,12,FORD FIESTA,5,E01009031,0,-1
2023101282335,2023,101282335,1,9,0,18,19,7,2,0,0,0,0,0,0,0,4,1,5,6,2,38,7,1399,2,14,FORD FIESTA,6,E01008574,0,-1
2023461317744,2023,461317744,1,9,0,18,19,6,6,0,0,0,0,0,0,0,1,1,6,6,1,46,8,1388,1,16,FORD FIESTA,2,E01023976,0,-1
2023421359595,2023,421359595,1,9,0,4,4,7,3,0,0,0,0,0,0,0,1,1,6,6,1,24,5,998,1,5,FORD FIESTA,6,E01021313,0,-1
2023311299940,2023,311299940,1,9,0,17,19,1,6,0,0,0,0,0,1,0,1,1,6,6,1,63,9,1242,1,9,FORD FIESTA,2,E01028029,0,-1
2023610022423,2023,610022423,1,9,0,18,19,1,5,0,0,3,0,0,0,0,4,1,2,2,1,19,4,1560,2,8,FORD FIESTA,2,W01001385,0,-1
2023101281352,2023,101281352,2,9,0,3,3,7,3,0,0,1,0,0,0,0,2,1,2,2,2,63,9,1084,1,4,FORD FIESTA,4,E01008226,0,-1
2023161311811,2023,161311811,1,9,0,18,19,7,3,0,0,0,0,0,0,0,1,1,6,6,1,31,6,1242,1,12,FORD FIESTA,-1,-1,0,-1
2023061321806,2023,061321806,3,9,0,18,19,3,3,0,0,0,1,0,0,0,2,1,5,6,1,33,6,998,1,9,FORD FIESTA,6,E01005824,0,-1
2023501315304,2023,501315304,2,9,0,18,19,2,6,0,0,0,0,0,0,0,2,1,6,6,2,17,4,1242,1,10,FORD FIESTA,2,E01018797,0,-1
2023552301370,2023,552301370,1,9,0,18,19,6,2,0,0,0,0,0,0,0,1,1,6,6,1,17,4,1242,1,16,FORD FIESTA,8,E01015436,0,-1
2023201297365,2023,201297365,2,9,0,10,10,6,4,0,0,8,0,0,0,0,3,1,5,6,1,45,7,1596,1,13,FORD FIESTA,2,E01010420,0,-1
2023061273610,2023,061273610,2,9,0,18,19,1,5,0,0,0,0,0,0,0,1,1,6,6,1,20,4,1388,1,18,FORD FIESTA,3,E01006171,0,-1
2023201385658,2023,201385658,2,9,0,18,19,2,6,0,0,0,0,0,0,0,1,1,6,6,3,-1,-1,1388,1,18,FORD FIESTA,-1,-1,0,-1
2023052301684,2023,052301684,2,9,0,18,19,5,1,0,0,1,0,0,0,0,1,1,6,6,1,56,9,1242,1,17,FORD FIESTA,3,E01006521,0,-1
2023351370178,2023,351370178,1,9,0,17,19,5,1,0,0,8,0,0,0,0,1,1,5,6,1,25,5,1596,1,12,FORD FIESTA,4,E01033178,0,-1
2023522400359,2023,522400359,1,9,0,18,19,5,1,0,0,0,0,0,0,0,2,1,6,6,1,29,6,1560,2,9,FORD FIESTA,3,E01014579,0,-1
2023471286430,2023,471286430,2,9,0,9,9,3,1,0,0,8,0,0,0,0,2,1,1,1,1,34,6,1596,1,7,FORD FIESTA,8,E01031439,0,-1
2023461310685,2023,461310685,1,9,0,18,19,6,2,0,0,1,0,0,0,0,1,1,5,6,1,58,9,998,1,6,FORD FIESTA,10,E01021218,0,-1
2023501283099,2023,501283099,1,9,0,9,9,1,7,0,0,2,0,0,0,0,1,1,5,6,1,61,9,999,1,3,FORD FIESTA,8,E01015035,0,-1