collision_index,collision_year,collision_ref_no,vehicle_reference,vehicle_type,towing_and_articulation,vehicle_manoeuvre_historic,vehicle_manoeuvre,vehicle_direction_from,vehicle_direction_to,vehicle_location_restricted_lane_historic,vehicle_location_restricted_lane,junction_location,skidding_and_overturning,hit_object_in_carriageway,vehicle_leaving_carriageway,hit_object_off_carriageway,first_point_of_impact,vehicle_left_hand_drive,journey_purpose_of_driver_historic,journey_purpose_of_driver,sex_of_driver,age_of_driver,age_band_of_driver,engine_capacity_cc,propulsion_code,age_of_vehicle,generic_make_model,driver_imd_decile,lsoa_of_driver,escooter_flag,driver_distance_banding
2023201373852,2023,201373852,1,9,0,18,19,2,6,0,0,0,0,0,0,0,1,1,1,1,1,22,5,998,1,5,FORD FIESTA,10,E01031300,0,-1
2023401299455,2023,401299455,2,9,0,18,19,6,2,0,0,4,0,0,0,0,3,1,5,6,1,24,5,998,1,4,FORD FIESTA,9,E01018181,0,-1
2023531327064,2023,531327064,2,9,0,4,4,1,5,0,0,0,0,0,0,0,1,1,6,6,1,23,5,1242,1,16,FORD FIESTA,10,E01022354,0,-1
2023332300989,2023,332300989,2,9,0,17,19,5,2,0,0,8,0,0,0,0,4,1,6,6,1,18,4,1242,1,16,FORD FIESTA,9,E01013796,0,-1
2023440500279,2023,440500279,2,9,0,18,19,4,8,0,0,8,0,0,0,0,3,1,6,6,2,41,7,998,1,9,FORD FIESTA,9,E01022692,0,-1
2023201408319,2023,201408319,1,9,0,16,19,7,3,0,0,0,0,2,0,0,1,1,2,2,3,27,6,1084,1,5,FORD FIESTA,9,E01031268,0,-1
2023461312774,2023,461312774,1,9,0,18,19,7,3,0,0,0,5,0,0,0,1,1,5,6,1,17,4,1242,1,13,FORD FIESTA,7,E01024361,0,-1
2023622300758,2023,622300758,1,9,0,18,19,6,2,0,0,0,5,0,2,7,1,1,6,6,1,32,6,1242,1,14,FORD FIESTA,8,W01000905,0,-1
2023131344077,2023,131344077,1,9,0,16,19,3,7,0,0,0,0,0,0,0,1,1,5,6,2,19,4,1388,1,14,FORD FIESTA,1,E01010713,0,-1
2023010428061,2023,010428061,2,9,0,18,19,2,6,0,0,8,0,0,1,4,1,1,6,6,2,21,5,1299,1,28,FORD FIESTA,3,E01001043,0,-1
2023622301038,2023,622301038,1,9,0,18,19,6,2,0,0,0,0,0,0,0,1,1,6,6,2,44,7,998,1,3,FORD FIESTA,6,W01001241,0,-1
2023010458128,2023,010458128,2,9,0,99,99,9,9,99,99,9,9,99,9,99,9,9,6,6,2,-1,-1,998,1,3,FORD FIESTA,4,E01001197,0,-1
2023201405004,2023,201405004,1,9,0,18,19,1,5,0,0,8,0,0,0,0,4,1,2,2,1,49,8,1596,1,15,FORD FIESTA,4,E01009030,0,-1
2023631332031,2023,631332031,1,9,0,18,19,2,6,0,0,0,2,0,1,11,1,1,5,6,2,19,4,1399,2,14,FORD FIESTA,6,W01000519,0,-1
2023461324289,2023,461324289,2,9,0,4,4,5,1,0,0,0,0,0,0,0,2,1,1,1,2,54,8,998,1,10,FORD FIESTA,10,E01024325,0,-1
2023440140652,2023,440140652,1,9,0,9,9,7,5,0,0,5,0,0,0,0,1,1,6,6,2,79,11,1388,1,14,FORD FIESTA,2,E01000143,0,-1
2023371339690,2023,371339690,3,9,0,4,4,5,1,0,0,0,0,0,0,0,2,1,2,2,1,34,6,1560,2,12,FORD FIESTA,8,E01030048,0,-1
2023340WN3842,2023,340WN3842,2,9,0,18,19,3,7,0,0,1,0,0,0,0,1,1,6,6,1,30,6,998,1,6,FORD FIESTA,10,E01027271,0,-1
2023451392091,2023,451392091,1,9,0,10,10,7,6,0,0,6,0,0,0,0,4,1,5,6,1,79,11,1242,1,9,FORD FIESTA,5,E01030609,0,-1
2023061375353,2023,061375353,2,9,0,9,9,2,8,0,0,0,0,0,0,0,1,1,5,6,1,26,6,1242,1,11,FORD FIESTA,4,E01004939,0,-1
2023440451697,2023,440451697,1,9,0,18,19,6,2,0,0,5,0,0,7,0,1,1,1,1,1,44,7,1399,2,10,FORD FIESTA,5,E01017027,0,-1
2023520400453,2023,520400453,1,9,0,16,19,3,1,0,0,0,0,0,1,10,1,1,6,6,1,19,4,998,1,4,FORD FIESTA,5,E01015904,0,-1
2023991263417,2023,991263417,1,9,0,5,5,8,5,0,0,1,1,0,0,0,4,1,5,6,2,26,6,998,1,4,FORD FIESTA,1,-1,0,-1
2023201277373,2023,201277373,2,9,0,18,19,4,8,0,0,1,0,0,0,0,2,1,6,6,1,19,4,999,1,2,FORD FIESTA,4,E01009229,0,-1
2023131372278,2023,131372278,1,9,0,18,19,7,3,0,0,0,0,0,0,0,3,1,6,6,2,45,7,1242,1,8,FORD FIESTA,5,E01010633,0,-1
2023461289685,2023,461289685,2,9,0,18,19,3,7,0,0,0,0,0,0,0,1,1,6,6,1,63,9,1242,1,17,FORD FIESTA,7,E01021007,0,-1
2023131376385,2023,131376385,1,9,0,5,5,7,3,9,9,0,0,0,0,0,3,1,5,6,2,17,4,998,1,4,FORD FIESTA,2,E01011815,0,-1
2023340WN3732,2023,340WN3732,2,9,0,18,19,5,1,0,0,3,0,0,0,0,4,1,6,6,2,32,6,998,1,3,FORD FIESTA,10,E01027266,0,-1
2023531393380,2023,531393380,2,9,0,18,19,3,7,0,0,8,0,0,0,0,1,1,2,2,2,34,6,1084,1,5,FORD FIESTA,9,E01022378,0,-1
2023461340320,2023,461340320,1,9,0,7,7,5,1,0,0,6,0,0,0,0,1,1,6,6,1,17,4,1242,1,12,FORD FIESTA,8,E01024605,0,-1
2023451390834,2023,451390834,2,9,0,18,19,3,7,0,0,0,0,0,0,0,1,1,5,6,1,31,6,1242,1,12,FORD FIESTA,7,E01027004,0,-1
2023461362339,2023,461362339,1,9,0,18,19,6,2,0,0,0,1,0,0,0,3,1,6,6,2,18,4,1242,1,11,FORD FIESTA,2,E01016035,0,-1
2023361285487,2023,361285487,1,9,0,17,19,5,1,0,0,0,1,0,0,0,1,1,4,7,2,43,7,1388,1,20,FORD FIESTA,5,E01026777,0,-1
2023552300277,2023,552300277,2,9,0,18,19,3,7,0,0,0,0,0,0,0,1,1,6,6,2,59,9,1560,2,12,FORD FIESTA,5,E01020536,0,-1
2023522400974,2023,522400974,1,9,0,18,19,5,1,0,0,0,0,0,0,0,4,1,6,6,2,20,4,1242,1,19,FORD FIESTA,6,E01014952,0,-1
2023052301891,2023,052301891,1,9,0,18,19,1,5,0,0,6,0,0,0,0,1,1,6,6,1,81,11,1388,1,18,FORD FIESTA,1,E01007292,0,-1
2023440406119,2023,440406119,2,9,0,18,19,8,4,0,0,8,1,0,0,0,1,1,2,2,1,60,9,998,1,6,FORD FIESTA,6,E01022614,0,-1
2023552300560,2023,552300560,1,9,0,18,19,1,5,0,0,0,0,0,0,0,1,1,6,6,2,62,9,1242,1,11,FORD FIESTA,6,E01015366,0,-1
2023302301858,2023,302301858,1,9,0,9,9,4,2,0,0,5,0,0,0,0,3,1,6,6,2,33,6,1388,1,13,FORD FIESTA,5,E01013509,0,-1
2023122300124,2023,122300124,4,9,0,4,4,5,1,0,0,0,0,0,0,0,2,1,2,2,1,29,6,1399,2,14,FORD FIESTA,1,E01027804,0,-1
2023170L21253,2023,170L21253,2,9,0,2,2,0,0,0,0,0,0,0,0,0,3,1,6,6,1,-1,-1,1084,1,5,FORD FIESTA,-1,-1,0,-1
2023461281275,2023,461281275,2,9,0,3,3,7,2,0,0,1,0,0,0,0,2,1,2,2,1,47,8,998,1,8,FORD FIESTA,4,E01024535,0,-1
2023131389926,2023,131389926,1,9,0,18,19,6,2,0,0,0,0,0,1,11,1,1,6,6,1,32,6,1399,2,15,FORD FIESTA,4,E01010985,0,-1
2023401311802,2023,401311802,1,9,0,18,19,5,8,0,0,4,0,11,0,0,1,1,2,2,1,50,8,1499,2,9,FORD FIESTA,9,E01017447,0,-1
2023340WN1792,2023,340WN1792,2,9,0,2,2,0,0,0,0,0,0,0,0,0,1,1,6,6,3,-1,-1,998,1,7,FORD FIESTA,-1,-1,0,-1
2023010429757,2023,010429757,2,9,0,99,99,9,9,99,99,9,9,99,9,99,1,9,6,6,3,31,6,999,1,1,FORD FIESTA,3,E01001171,0,-1
2023070099880,2023,070099880,1,9,0,18,19,4,8,0,0,0,0,0,8,3,3,1,6,6,2,67,10,1084,1,4,FORD FIESTA,10,E01018696,0,-1
2023211374937,2023,211374937,1,9,0,9,9,2,1,0,0,8,0,0,1,1,1,1,5,6,1,18,4,1399,2,17,FORD FIESTA,-1,-1,0,-1
2023010425056,2023,010425056,2,9,0,4,4,7,3,0,0,4,0,0,0,0,3,1,6,6,1,70,10,998,1,9,FORD FIESTA,3,E01000022,0,-1
2023440051746,2023,440051746,1,9,0,18,19,2,6,0,0,1,0,0,0,0,3,1,6,6,2,23,5,1388,1,13,FORD FIESTA,9,E01022699,0,-1
2023991321771,2023,991321771,1,9,0,18,19,2,6,0,0,0,0,0,0,0,1,1,6,6,1,17,4,1399,2,14,FORD FIESTA,2,-1,0,-1
2023622300336,2023,622300336,1,9,0,18,19,4,8,0,0,2,0,4,0,0,1,1,1,1,1,32,6,1560,2,13,FORD FIESTA,1,W01001300,0,-1
2023131266040,2023,131266040,1,9,0,6,6,7,3,0,0,8,0,0,0,0,3,1,5,6,2,46,8,1399,2,15,FORD FIESTA,3,E01011100,0,-1
2023520301667,2023,520301667,1,9,0,18,19,7,3,0,0,0,0,0,0,0,1,1,6,6,1,18,4,1388,1,17,FORD FIESTA,8,E01029277,0,-1
2023421304532,2023,421304532,1,9,0,7,7,7,2,0,0,2,0,0,0,0,1,1,5,6,1,18,4,1596,1,14,FORD FIESTA,4,E01023333,0,-1
2023041344052,2023,041344052,2,9,0,18,19,7,3,0,0,0,0,0,0,0,3,1,6,6,1,63,9,1560,2,13,FORD FIESTA,8,E01012612,0,-1
2023552300519,2023,552300519,1,9,0,16,19,3,6,0,0,0,0,0,0,0,1,1,6,6,1,33,6,998,1,8,FORD FIESTA,6,E01015349,0,-1
2023302300279,2023,302300279,1,9,0,17,19,4,8,0,0,0,0,0,0,0,1,1,2,2,1,24,5,998,1,8,FORD FIESTA,8,E01025938,0,-1
2023461374028,2023,461374028,1,9,0,5,5,7,3,0,0,1,0,0,0,0,1,1,6,6,1,19,4,1388,1,19,FORD FIESTA,10,E01024270,0,-1
2023041273955,2023,041273955,3,9,0,2,2,5,1,0,0,1,0,0,0,0,2,1,6,6,3,-1,-1,998,1,4,FORD FIESTA,-1,-1,0,-1
2023041322076,2023,041322076,2,9,0,4,4,5,1,0,0,1,0,0,0,0,2,1,5,6,2,63,9,1242,1,8,FORD FIESTA,7,E01025028,0,-1
2023610000823,2023,610000823,1,9,0,18,19,7,3,0,0,0,0,7,1,1,1,1,6,6,1,88,11,1399,2,14,FORD FIESTA,7,W01001357,0,-1
2023501383154,2023,501383154,1,9,0,17,19,7,4,0,0,0,0,7,0,0,1,1,1,1,2,45,7,1399,2,12,FORD FIESTA,5,E01018947,0,-1
2023461306143,2023,461306143,2,9,0,2,2,0,0,0,0,0,0,0,0,0,2,1,6,6,3,-1,-1,1242,1,12,FORD FIESTA,-1,-1,0,-1
202360A033509,2023,60A033509,1,9,0,13,13,8,4,0,0,0,0,0,0,0,3,1,3,7,2,18,4,1242,1,11,FORD FIESTA,-1,-1,0,-1
2023061333110,2023,061333110,2,9,-1,-1,-1,-1,-1,-1,-1,0,-1,-1,-1,0,-1,1,6,6,1,26,6,1388,1,20,FORD FIESTA,6,E01006595,0,-1
2023552300767,2023,552300767,1,9,0,9,9,1,7,0,0,6,0,0,0,0,1,1,6,6,2,26,6,1242,1,13,FORD FIESTA,6,E01015355,0,-1
2023622300367,2023,622300367,2,9,0,18,19,4,8,0,0,8,0,0,0,0,1,1,6,6,2,80,11,1596,1,10,FORD FIESTA,6,W01001861,0,-1
2023461310421,2023,461310421,1,9,0,9,9,1,7,0,0,1,0,0,0,0,1,1,5,6,1,17,4,1388,1,16,FORD FIESTA,7,E01024515,0,-1
2023161359044,2023,161359044,1,9,0,18,19,4,8,0,0,0,0,0,0,0,1,2,2,2,1,20,4,998,1,8,FORD FIESTA,1,E01013174,0,-1
2023461315430,2023,461315430,1,9,0,18,19,-1,-1,0,0,0,0,0,0,0,1,1,5,6,2,53,8,1560,2,12,FORD FIESTA,6,E01032824,0,-1
2023010424726,2023,010424726,1,9,0,3,3,1,5,0,0,0,0,0,0,0,1,1,2,2,2,26,6,998,1,5,FORD FIESTA,5,E01004343,0,-1
2023010440725,2023,010440725,4,9,0,3,3,7,3,0,0,1,0,0,0,0,2,1,6,6,2,21,5,998,1,5,FORD FIESTA,3,E01002552,0,-1
2023991326772,2023,991326772,1,9,0,18,19,3,7,0,0,1,2,0,1,4,4,1,6,6,1,20,4,1596,1,9,FORD FIESTA,3,-1,0,-1
2023361386445,2023,361386445,2,9,0,18,19,3,7,0,0,0,0,0,0,0,1,1,2,2,2,45,7,998,1,4,FORD FIESTA,3,E01026861,0,-1
2023161393557,2023,161393557,1,9,0,10,10,7,1,0,0,1,0,0,0,0,3,1,2,2,1,20,4,1242,1,13,FORD FIESTA,-1,-1,0,-1
2023542816323,2023,542816323,2,9,0,18,19,2,6,0,0,1,0,0,0,0,1,1,6,6,1,84,11,1388,1,21,FORD FIESTA,8,E01031900,0,-1
2023010439825,2023,010439825,2,9,9,99,99,9,9,99,99,9,9,99,9,99,9,9,6,6,3,-1,-1,1084,1,6,FORD FIESTA,-1,-1,0,-1
2023221338756,2023,221338756,1,9,0,18,19,3,7,0,0,6,1,0,0,0,1,1,5,6,2,27,6,1242,1,14,FORD FIESTA,1,E01014124,0,-1
2023430156120,2023,430156120,2,9,0,18,19,2,6,0,0,0,0,0,0,0,1,1,6,6,1,35,6,1560,2,12,FORD FIESTA,-1,-1,0,-1
2023070904989,2023,070904989,1,9,0,18,19,3,7,0,0,0,0,0,0,0,1,1,6,6,2,88,11,998,1,5,FORD FIESTA,8,E01018661,0,-1
2023471326273,2023,471326273,1,9,0,1,1,4,3,0,0,0,0,0,0,0,2,1,6,6,2,45,7,999,1,0,FORD FIESTA,6,E01030587,0,-1
2023531353320,2023,531353320,2,9,0,4,4,5,1,0,0,1,0,0,0,0,2,1,1,1,1,62,9,-1,-1,-1,FORD FIESTA,10,E01022354,0,-1
2023361422490,2023,361422490,1,9,0,5,5,5,1,0,0,0,0,0,0,0,0,1,5,6,1,90,11,1242,1,13,FORD FIESTA,1,E01026595,0,-1
2023471297045,2023,471297045,2,9,0,4,4,7,3,0,0,1,0,0,0,0,2,1,5,6,1,17,4,1242,1,18,FORD FIESTA,5,E01031614,0,-1
2023010474986,2023,010474986,1,9,0,12,12,4,8,6,6,0,0,0,0,0,4,1,6,6,1,52,8,999,1,0,FORD FIESTA,2,E01000783,0,-1
2023131290304,2023,131290304,2,9,0,16,19,2,6,0,0,0,0,0,0,0,0,1,5,6,1,18,4,998,1,3,FORD FIESTA,7,E01011162,0,-1
2023340NN3232,2023,340NN3232,2,9,0,16,19,1,4,0,0,0,0,0,2,7,1,1,6,6,2,18,4,1388,1,17,FORD FIESTA,5,E01026971,0,-1
2023010424301,2023,010424301,1,9,0,99,99,9,9,99,99,9,9,99,9,99,2,9,6,6,2,29,6,998,1,6,FORD FIESTA,2,E01003545,0,-1
2023430060200,2023,430060200,1,9,0,18,19,2,6,0,0,0,0,0,1,1,2,1,6,6,1,19,4,998,1,5,FORD FIESTA,8,E01016192,0,-1
2023311265689,2023,311265689,1,9,0,9,9,3,1,0,0,6,0,0,0,0,1,1,6,6,1,77,11,998,1,5,FORD FIESTA,5,E01028012,0,-1
2023421362690,2023,421362690,1,9,0,9,9,6,3,0,0,4,0,0,0,0,1,1,6,6,2,23,5,1084,1,6,FORD FIESTA,5,E01021922,0,-1
2023531372312,2023,531372312,1,9,0,12,12,7,3,0,0,0,0,0,0,0,4,1,5,6,2,23,5,1242,1,8,FORD FIESTA,1,E01009611,0,-1
2023451381446,2023,451381446,2,9,0,17,19,6,2,0,0,0,0,0,0,0,1,1,6,6,1,28,6,1388,1,11,FORD FIESTA,-1,-1,0,-1
2023231401901,2023,231401901,2,9,0,18,19,8,4,0,0,8,0,0,0,0,4,1,5,6,2,38,7,1242,1,13,FORD FIESTA,6,E01031084,0,-1
2023421361504,2023,421361504,2,9,0,18,19,6,2,0,0,0,0,0,0,0,3,1,5,6,2,35,6,1388,1,15,FORD FIESTA,6,E01022035,0,-1
2023622300679,2023,622300679,1,9,0,18,19,6,2,0,0,0,0,0,1,0,4,1,6,6,2,32,6,1242,1,15,FORD FIESTA,1,W01001744,0,-1
2023320482728,2023,320482728,2,9,0,10,10,4,2,0,0,1,0,0,0,0,1,1,6,6,2,56,9,998,1,4,FORD FIESTA,-1,-1,0,-1
2023471376175,2023,471376175,3,9,0,3,3,4,8,0,0,0,0,0,0,0,2,1,2,2,1,31,6,1999,1,17,FORD FIESTA,5,E01031515,0,-1
2023010422750,2023,010422750,1,9,0,9,9,7,4,0,0,8,0,0,0,0,4,1,6,6,1,51,8,1388,1,14,FORD FIESTA,7,E01000764,0,-1
2023552301014,2023,552301014,2,9,0,18,19,8,4,0,0,0,0,0,0,0,1,1,6,6,2,40,7,999,1,3,FORD FIESTA,8,E01020455,0,-1
2023401307375,2023,401307375,2,9,0,18,19,1,5,0,0,8,0,0,0,0,1,1,5,6,2,19,4,1242,1,10,FORD FIESTA,9,E01017495,0,-1
2023471312981,2023,471312981,4,9,0,18,19,1,5,0,0,1,0,0,0,0,3,1,5,6,2,25,5,1242,1,9,FORD FIESTA,8,E01004587,0,-1
2023421276186,2023,421276186,2,9,0,10,10,7,5,0,0,1,0,0,0,0,3,1,6,6,2,28,6,1388,1,14,FORD FIESTA,3,E01021594,0,-1
2023201453095,2023,201453095,1,9,0,6,6,1,1,0,0,0,0,0,0,0,1,1,1,1,3,64,9,1388,1,17,FORD FIESTA,4,E01009394,0,-1
2023610017123,2023,610017123,2,9,0,17,19,5,2,0,0,0,0,0,0,0,1,1,6,6,2,50,8,1499,2,7,FORD FIESTA,2,W01001348,0,-1
2023351299019,2023,351299019,3,9,0,10,10,6,4,0,0,1,0,0,0,0,2,1,5,6,2,89,11,1399,2,15,FORD FIESTA,10,E01018155,0,-1
2023461359279,2023,461359279,1,9,0,18,19,6,2,0,0,0,0,0,0,0,1,1,5,6,1,60,9,1388,1,19,FORD FIESTA,3,E01028192,0,-1
2023302400096,2023,302400096,2,9,0,2,2,0,0,0,0,0,0,0,0,0,1,1,6,6,3,-1,-1,998,1,4,FORD FIESTA,-1,-1,0,-1
2023201301184,2023,201301184,1,9,0,18,19,5,1,0,0,8,0,0,0,0,4,1,1,1,1,36,7,1242,1,18,FORD FIESTA,2,E01010408,0,-1
2023520400681,2023,520400681,1,9,0,18,19,3,7,0,0,0,0,0,0,0,1,1,6,6,3,-1,-1,998,1,10,FORD FIESTA,-1,-1,0,-1
2023010466148,2023,010466148,2,9,0,99,99,9,9,99,99,9,9,99,9,99,9,9,6,6,3,-1,-1,1388,1,12,FORD FIESTA,-1,-1,0,-1
2023361315644,2023,361315644,2,9,0,18,19,1,6,0,0,1,0,0,0,0,1,1,3,7,2,17,4,1560,2,13,FORD FIESTA,8,E01026948,0,-1
2023302300466,2023,302300466,1,9,0,9,9,1,7,0,0,8,0,0,0,0,4,1,6,6,3,20,4,998,1,7,FORD FIESTA,6,E01019445,0,-1
2023311391548,2023,311391548,1,9,0,18,19,2,4,0,0,0,0,12,0,0,4,1,5,6,1,66,10,1242,1,10,FORD FIESTA,1,E01033411,0,-1
2023231392797,2023,231392797,3,9,0,3,3,4,8,0,0,0,0,0,0,0,2,1,6,6,1,31,6,1388,1,11,FORD FIESTA,7,E01029379,0,-1
2023052300248,2023,052300248,1,9,0,10,10,7,5,0,0,6,0,0,0,0,3,1,2,2,1,39,7,1399,2,12,FORD FIESTA,10,E01006990,0,-1
2023461278455,2023,461278455,1,9,0,16,19,6,2,0,0,0,0,0,0,0,3,1,6,6,2,26,6,1388,1,13,FORD FIESTA,5,E01024364,0,-1
2023041301579,2023,041301579,1,9,0,12,12,1,5,0,0,0,1,0,0,0,3,1,5,6,2,68,10,998,1,7,FORD FIESTA,4,E01025170,0,-1
2023131302122,2023,131302122,2,9,0,18,19,7,3,0,0,0,0,0,0,0,1,1,5,6,1,30,6,1596,1,11,FORD FIESTA,3,E01011100,0,-1
2023211309602,2023,211309602,1,9,0,9,9,1,2,0,0,5,0,0,0,0,3,1,5,6,1,18,4,998,1,7,FORD FIESTA,10,E01029770,0,-1
2023010462261,2023,010462261,1,9,0,9,9,7,5,0,0,6,0,0,0,0,1,1,6,6,1,71,10,1388,1,19,FORD FIESTA,1,E01033701,0,-1
2023131292764,2023,131292764,2,9,0,3,3,2,7,0,0,4,0,0,0,0,2,1,5,6,2,19,4,1496,1,3,FORD FIESTA,1,E01010845,0,-1
2023440224829,2023,440224829,3,9,0,18,19,3,7,0,0,1,0,0,0,0,1,1,2,2,1,18,4,1242,1,14,FORD FIESTA,8,E01022491,0,-1
2023041355557,2023,041355557,1,9,0,18,19,4,8,0,0,0,0,0,1,11,1,1,2,2,1,48,8,998,1,10,FORD FIESTA,2,E01012579,0,-1
2023141373488,2023,141373488,1,9,0,18,19,6,2,0,0,1,0,0,0,0,1,1,6,6,2,35,6,1499,2,10,FORD FIESTA,2,E01007717,0,-1
2023610051123,2023,610051123,1,9,0,7,7,5,7,0,0,5,0,10,1,11,1,1,6,6,1,46,8,998,1,5,FORD FIESTA,7,W01001674,0,-1
2023421367974,2023,421367974,2,9,0,4,4,5,1,0,0,0,0,0,0,0,2,1,5,6,2,42,7,998,1,4,FORD FIESTA,-1,-1,0,-1
2023010473941,2023,010473941,2,9,0,15,15,3,7,0,0,2,0,0,0,0,1,1,1,1,1,22,5,998,1,4,FORD FIESTA,5,E01004520,0,-1
2023991282923,2023,991282923,1,9,0,9,9,1,6,0,0,8,0,0,0,0,1,1,6,6,1,84,11,998,1,4,FORD FIESTA,6,-1,0,-1
2023320108747,2023,320108747,1,9,0,18,19,1,5,0,0,0,0,0,0,0,2,1,2,2,1,38,7,1242,1,13,FORD FIESTA,8,E01032996,0,-1
2023161365157,2023,161365157,2,9,0,7,7,3,7,0,0,0,0,0,0,0,4,1,6,6,3,-1,-1,1388,1,13,FORD FIESTA,-1,-1,0,-1
2023221303614,2023,221303614,2,9,0,2,2,0,0,0,0,0,0,0,0,0,4,1,5,6,1,17,4,1242,1,18,FORD FIESTA,7,E01032209,0,-1
2023010448984,2023,010448984,2,9,0,3,3,3,7,0,0,1,0,0,0,0,1,9,6,6,2,73,10,1596,1,20,FORD FIESTA,3,E01003430,0,-1
2023549369123,2023,549369123,1,9,0,7,7,7,1,0,0,3,1,0,0,0,1,1,6,6,1,43,7,999,8,0,FORD FIESTA,8,E01015536,0,-1
2023010459430,2023,010459430,2,9,0,99,99,9,9,99,99,0,9,99,9,99,1,9,6,6,3,-1,-1,998,1,4,FORD FIESTA,-1,-1,0,-1
2023421324257,2023,421324257,1,9,0,13,13,2,7,0,0,0,0,10,0,0,1,1,5,6,1,24,5,999,1,1,FORD FIESTA,5,E01021715,0,-1
2023501302398,2023,501302398,2,9,0,18,19,0,0,0,0,0,0,0,0,0,1,1,6,6,2,32,6,998,1,5,FORD FIESTA,4,E01015029,0,-1
2023411264869,2023,411264869,1,9,0,9,9,-1,-1,0,0,1,0,0,0,0,4,1,6,6,1,32,6,1388,1,12,FORD FIESTA,4,E01021820,0,-1
2023161360518,2023,161360518,2,9,0,18,19,5,1,0,0,0,0,0,0,0,1,1,5,6,2,62,9,1388,1,12,FORD FIESTA,10,E01012972,0,-1
2023440153191,2023,440153191,1,9,0,1,1,2,6,0,0,2,0,0,0,0,2,1,2,2,2,58,9,1242,1,12,FORD FIESTA,4,E01017246,0,-1
2023061315498,2023,061315498,1,9,0,18,19,7,3,0,0,1,0,0,0,0,1,1,6,6,1,18,4,1242,1,12,FORD FIESTA,4,E01012469,0,-1
2023451335909,2023,451335909,1,9,0,9,9,7,3,0,0,1,0,0,0,0,1,1,1,1,2,47,8,1388,1,18,FORD FIESTA,5,E01001068,0,-1
2023461328828,2023,461328828,1,9,0,18,19,4,6,0,0,1,0,0,0,0,-1,1,5,6,1,21,5,1499,2,10,FORD FIESTA,2,E01024374,0,-1
2023440295372,2023,440295372,1,9,0,18,19,3,7,0,0,0,1,0,0,0,1,1,6,6,1,18,4,998,1,7,FORD FIESTA,7,E01002494,0,-1
2023401337189,2023,401337189,1,9,0,5,5,3,7,0,0,0,0,0,0,0,1,1,1,1,2,41,7,1399,2,12,FORD FIESTA,8,E01017468,0,-1
2023161300579,2023,161300579,1,9,0,2,2,0,0,0,0,1,0,0,0,0,1,1,5,6,1,28,6,1596,1,7,FORD FIESTA,1,E01012894,0,-1
2023501329720,2023,501329720,4,9,0,18,19,8,4,0,0,0,0,0,0,0,1,1,5,6,1,24,5,998,1,7,FORD FIESTA,-1,-1,0,-1
2023991316774,2023,991316774,1,9,0,18,19,2,6,0,0,0,0,0,0,0,1,1,6,6,1,31,6,1242,1,15,FORD FIESTA,3,-1,0,-1
2023221261327,2023,221261327,1,9,0,18,19,8,4,0,0,0,0,0,0,0,4,1,6,6,1,73,10,1242,1,10,FORD FIESTA,5,E01032428,0,-1
2023141308149,2023,141308149,1,9,0,18,19,6,2,0,0,0,5,0,1,0,1,1,6,6,3,-1,-1,1399,2,16,FORD FIESTA,-1,-1,0,-1
2023231403655,2023,231403655,1,9,0,18,19,7,2,0,0,0,1,0,7,9,1,1,5,6,2,18,4,1242,1,6,FORD FIESTA,1,E01009700,0,-1
2023991383606,2023,991383606,1,9,0,18,19,3,7,0,0,0,1,0,0,0,1,1,5,6,1,20,4,998,1,8,FORD FIESTA,7,-1,0,-1
2023131313567,2023,131313567,2,9,0,13,13,5,1,0,0,0,0,6,0,0,1,1,5,6,1,17,4,998,1,8,FORD FIESTA,6,E01011751,0,-1
2023010423393,2023,010423393,2,9,0,99,99,9,9,99,99,9,9,99,9,99,0,9,6,6,3,-1,-1,1596,1,20,FORD FIESTA,5,E01003080,0,-1
2023332300920,2023,332300920,1,9,0,4,4,6,2,0,0,1,0,0,0,0,2,1,6,6,2,26,6,998,1,6,FORD FIESTA,10,E01025680,0,-1
202363A009323,2023,63A009323,1,9,0,11,11,6,1,0,0,1,0,0,0,0,4,1,6,6,2,21,5,1242,1,12,FORD FIESTA,7,W01000731,0,-1
2023610020623,2023,610020623,2,9,0,18,19,1,5,0,0,8,0,0,0,0,1,1,6,6,1,34,6,1242,1,12,FORD FIESTA,3,W01001485,0,-1
2023991353716,2023,991353716,2,9,0,13,13,6,2,0,0,1,0,0,0,0,3,1,5,6,2,27,6,998,1,5,FORD FIESTA,-1,-1,0,-1
2023131348256,2023,131348256,1,9,0,18,19,7,3,0,0,8,0,0,0,0,4,1,5,6,2,62,9,1560,2,12,FORD FIESTA,9,E01027783,0,-1
2023471368685,2023,471368685,1,9,0,2,2,8,4,0,0,1,0,0,0,0,2,1,5,6,2,23,5,1388,1,18,FORD FIESTA,3,E01020981,0,-1
2023311387438,2023,311387438,2,9,0,2,2,0,0,0,0,0,0,0,0,0,2,1,6,6,3,-1,-1,1242,1,10,FORD FIESTA,-1,-1,0,-1