collision_index,collision_year,collision_ref_no,vehicle_reference,vehicle_type,towing_and_articulation,vehicle_manoeuvre_historic,vehicle_manoeuvre,vehicle_direction_from,vehicle_direction_to,vehicle_location_restricted_lane_historic,vehicle_location_restricted_lane,junction_location,skidding_and_overturning,hit_object_in_carriageway,vehicle_leaving_carriageway,hit_object_off_carriageway,first_point_of_impact,vehicle_left_hand_drive,journey_purpose_of_driver_historic,journey_purpose_of_driver,sex_of_driver,age_of_driver,age_band_of_driver,engine_capacity_cc,propulsion_code,age_of_vehicle,generic_make_model,driver_imd_decile,lsoa_of_driver,escooter_flag,driver_distance_banding
2023161393462,2023,161393462,1,9,0,16,19,7,3,0,0,0,0,0,7,9,1,1,5,6,1,26,6,1242,1,9,FORD FIESTA,10,E01012958,0,-1
2023010461081,2023,010461081,2,19,0,18,19,3,7,0,0,1,0,0,0,0,1,1,2,2,1,37,7,1499,2,4,FORD FIESTA,2,E01032565,0,-1
2023010482846,2023,010482846,1,9,0,9,9,1,7,0,0,6,0,0,0,0,1,1,6,6,2,64,9,1388,1,14,FORD FIESTA,2,E01000626,0,-1
2023131350643,2023,131350643,2,9,0,11,11,5,1,0,0,0,0,10,0,0,3,1,5,6,1,20,4,998,1,8,FORD FIESTA,1,E01011467,0,-1
2023010421294,2023,010421294,2,9,0,3,3,5,1,0,0,1,0,0,0,0,2,2,6,6,1,28,6,1242,1,10,FORD FIESTA,2,E01000902,0,-1
2023522301497,2023,522301497,1,9,0,1,1,3,7,0,0,0,0,0,0,0,2,1,6,6,2,56,9,1242,1,8,FORD FIESTA,1,E01014497,0,-1
2023311261940,2023,311261940,1,9,0,9,9,1,7,0,0,0,0,0,0,0,1,1,1,1,1,23,5,1242,1,7,FORD FIESTA,9,E01028200,0,-1
2023231333557,2023,231333557,1,9,0,18,19,3,7,0,0,0,0,0,7,4,4,1,6,6,1,21,5,1242,1,9,FORD FIESTA,9,E01031328,0,-1
2023052301149,2023,052301149,1,9,0,18,19,2,6,0,0,0,0,4,0,0,1,1,6,6,1,86,11,1242,1,11,FORD FIESTA,1,E01006481,0,-1
2023052301593,2023,052301593,2,9,0,18,19,1,5,0,0,1,0,0,0,0,1,1,6,6,2,67,10,1242,1,15,FORD FIESTA,2,E01006708,0,-1
2023440048057,2023,440048057,2,9,0,18,19,8,4,0,0,0,0,0,0,0,3,1,6,6,2,55,8,1242,1,16,FORD FIESTA,3,E01030793,0,-1
2023522301546,2023,522301546,1,9,0,9,9,6,4,0,0,5,0,0,0,0,1,1,6,6,1,46,8,1499,2,6,FORD FIESTA,4,E01014774,0,-1
2023211290376,2023,211290376,2,9,0,2,2,0,0,0,0,0,0,0,0,0,2,1,5,6,1,79,11,1499,2,5,FORD FIESTA,8,E01029392,0,-1
2023451350222,2023,451350222,1,9,0,13,13,6,2,0,0,1,0,0,7,11,1,1,2,2,1,19,4,998,1,7,FORD FIESTA,5,E01023139,0,-1
2023522400710,2023,522400710,2,9,0,18,19,9,9,0,0,8,0,0,0,0,9,1,6,6,3,-1,-1,1242,1,12,FORD FIESTA,-1,-1,0,-1
2023302301711,2023,302301711,1,9,0,17,19,7,4,0,0,2,1,0,1,11,1,1,6,6,2,19,4,1242,1,16,FORD FIESTA,-1,-1,0,-1
2023141379224,2023,141379224,1,9,0,18,19,2,8,0,0,0,0,0,0,0,4,1,2,2,2,59,9,1399,2,12,FORD FIESTA,2,E01007328,0,-1
2023010467841,2023,010467841,1,9,0,99,99,9,9,99,99,0,9,99,9,99,1,9,6,6,1,56,9,998,1,8,FORD FIESTA,6,E01027648,0,-1
2023631359009,2023,631359009,1,9,0,-1,-1,-1,-1,-1,-1,0,-1,-1,-1,0,-1,1,6,6,1,17,4,998,1,7,FORD FIESTA,5,W01000946,0,-1
2023122301328,2023,122301328,1,9,0,9,9,1,7,0,0,5,0,0,0,0,4,1,6,6,1,73,10,1560,2,12,FORD FIESTA,10,E01029657,0,-1
2023991348359,2023,991348359,2,9,0,13,13,3,3,0,0,0,0,0,0,0,4,1,6,6,1,19,4,1242,1,13,FORD FIESTA,3,-1,0,-1
2023451373557,2023,451373557,2,9,0,18,19,3,7,0,0,0,0,0,0,0,1,1,6,6,1,33,6,1399,2,12,FORD FIESTA,-1,-1,0,-1
2023131308890,2023,131308890,1,9,0,6,6,6,2,8,6,2,0,0,0,0,3,1,5,6,1,32,6,1242,1,14,FORD FIESTA,2,E01011760,0,-1
2023311289597,2023,311289597,1,9,0,3,3,7,3,0,0,0,0,0,0,0,2,1,6,6,1,28,6,998,1,6,FORD FIESTA,4,E01019516,0,-1
2023311260034,2023,311260034,2,9,0,4,4,4,8,0,0,0,0,4,0,0,1,1,5,6,2,87,11,998,1,6,FORD FIESTA,4,E01019492,0,-1
2023522301698,2023,522301698,1,9,0,9,9,2,8,0,0,2,0,0,0,0,1,1,6,6,1,20,4,998,1,9,FORD FIESTA,7,E01029085,0,-1
2023461382658,2023,461382658,4,9,0,2,2,0,0,0,0,1,0,4,0,0,2,1,6,6,3,-1,-1,1242,1,10,FORD FIESTA,-1,-1,0,-1
2023302301234,2023,302301234,2,9,0,18,19,8,4,0,0,8,0,0,0,0,1,1,6,6,1,57,9,1084,1,4,FORD FIESTA,10,E01019860,0,-1
2023010448131,2023,010448131,2,9,0,18,19,1,5,0,0,0,0,0,0,0,1,1,6,6,2,21,5,1388,1,15,FORD FIESTA,2,E01002297,0,-1
2023610009623,2023,610009623,2,9,0,18,19,6,2,0,0,8,0,0,1,2,1,1,6,6,1,18,4,1596,1,15,FORD FIESTA,10,W01001404,0,-1
2023010421846,2023,010421846,2,9,0,18,19,7,3,0,0,0,0,0,0,0,2,1,6,6,2,26,6,998,1,5,FORD FIESTA,1,E01001410,0,-1
2023542823623,2023,542823623,1,9,0,18,19,1,5,0,0,0,0,0,0,0,1,1,2,2,1,55,8,-1,-1,-1,FORD FIESTA,9,E01031847,0,-1
2023411417590,2023,411417590,1,9,0,5,5,7,3,0,0,8,0,0,0,0,1,1,6,6,1,21,5,1496,1,3,FORD FIESTA,3,E01023343,0,-1
2023101268592,2023,101268592,2,9,0,9,9,3,7,0,0,0,0,0,0,0,1,1,5,6,2,24,5,1242,1,14,FORD FIESTA,3,E01008857,0,-1
2023010450587,2023,010450587,1,9,0,99,99,9,9,99,99,9,9,99,9,99,9,9,2,2,2,45,7,1242,1,11,FORD FIESTA,6,E01000365,0,-1
2023411326551,2023,411326551,2,9,0,9,9,3,7,0,0,8,0,0,0,0,1,1,6,6,1,60,9,1388,1,16,FORD FIESTA,5,E01023384,0,-1
2023440059433,2023,440059433,2,9,0,3,3,5,1,0,0,1,0,0,0,0,4,1,6,6,1,20,4,1242,1,15,FORD FIESTA,7,E01017256,0,-1
2023440228734,2023,440228734,1,9,0,18,19,3,7,0,0,8,0,0,0,0,4,1,6,6,2,55,8,998,1,8,FORD FIESTA,6,E01022814,0,-1
2023461283758,2023,461283758,1,9,0,18,19,3,7,0,0,0,0,0,0,0,1,1,6,6,2,83,11,998,1,4,FORD FIESTA,10,E01021217,0,-1
2023211332252,2023,211332252,2,9,0,18,19,8,4,0,0,0,0,0,0,0,3,1,6,6,1,34,6,1596,1,11,FORD FIESTA,6,E01029609,0,-1
2023170S10233,2023,170S10233,1,9,0,18,19,6,2,0,0,0,0,0,0,0,3,1,6,6,2,78,11,998,1,4,FORD FIESTA,6,E01012261,0,-1
2023411324335,2023,411324335,1,9,0,18,19,-1,-1,0,0,4,0,0,0,0,1,1,6,6,3,-1,-1,1242,1,9,FORD FIESTA,-1,-1,0,-1
2023520301824,2023,520301824,1,9,0,18,19,3,7,0,0,0,0,0,0,0,1,1,6,6,2,18,4,1242,1,12,FORD FIESTA,7,E01029223,0,-1
2023421269967,2023,421269967,1,9,0,18,19,8,4,0,0,0,0,0,0,0,1,1,1,1,1,44,7,998,1,10,FORD FIESTA,5,E01015949,0,-1
2023010434818,2023,010434818,1,9,0,99,99,9,9,99,99,9,9,99,9,99,9,9,2,2,2,44,7,1242,1,9,FORD FIESTA,5,E01004383,0,-1
2023361303782,2023,361303782,2,9,0,3,3,3,7,0,0,0,0,0,0,0,0,1,5,6,2,18,4,1388,1,15,FORD FIESTA,4,E01026444,0,-1
2023311331523,2023,311331523,2,9,0,2,2,0,0,9,9,2,0,0,0,0,2,1,5,6,1,66,10,1596,1,14,FORD FIESTA,7,E01027984,0,-1
2023451265719,2023,451265719,2,9,0,18,19,1,5,0,0,0,0,0,7,0,2,1,2,2,2,30,6,998,1,7,FORD FIESTA,6,E01030550,0,-1
2023991290668,2023,991290668,1,9,0,16,19,2,6,0,0,0,2,0,1,11,4,1,5,6,2,27,6,1242,1,19,FORD FIESTA,3,-1,0,-1
2023461320561,2023,461320561,2,9,0,18,19,4,6,0,0,0,0,0,0,0,4,1,5,6,1,26,6,1242,1,17,FORD FIESTA,5,E01024014,0,-1
2023332300826,2023,332300826,3,9,0,18,19,4,8,0,0,0,0,0,1,4,3,1,2,2,2,26,6,1388,1,12,FORD FIESTA,1,E01013602,0,-1
2023421317221,2023,421317221,1,9,0,18,19,3,7,0,0,0,0,4,0,0,3,1,5,6,2,24,5,1388,1,15,FORD FIESTA,10,E01015908,0,-1
2023010435329,2023,010435329,2,9,9,99,99,9,9,99,99,9,9,99,9,99,9,9,6,6,2,35,6,1388,1,15,FORD FIESTA,9,E01003857,0,-1
2023070274965,2023,070274965,2,9,0,18,19,1,5,0,0,0,0,0,0,0,1,1,6,6,2,-1,-1,998,1,0,FORD FIESTA,-1,-1,0,-1
2023552300185,2023,552300185,1,9,0,9,9,6,4,0,0,6,0,0,0,0,1,1,6,6,2,80,11,998,1,4,FORD FIESTA,10,E01022981,0,-1
2023501337082,2023,501337082,1,9,0,18,19,5,1,0,0,6,0,4,0,0,4,1,6,6,1,76,11,998,1,8,FORD FIESTA,6,E01015252,0,-1
2023201296162,2023,201296162,1,9,0,4,4,6,2,0,0,1,0,0,0,0,1,1,6,6,1,17,4,1242,1,10,FORD FIESTA,7,E01010123,0,-1
2023052300742,2023,052300742,2,9,0,18,19,2,4,0,0,0,0,0,0,0,4,1,6,6,2,19,4,1242,1,10,FORD FIESTA,6,E01006472,0,-1
2023631330063,2023,631330063,2,9,0,16,19,7,2,0,0,8,0,0,0,0,3,1,6,6,1,17,4,1242,1,15,FORD FIESTA,4,W01000683,0,-1
2023351273621,2023,351273621,1,9,0,18,19,4,1,0,0,0,0,0,0,0,1,1,5,6,1,18,4,998,1,8,FORD FIESTA,6,E01018098,0,-1
2023421261737,2023,421261737,1,9,0,9,9,7,3,0,0,6,0,0,0,0,1,1,5,6,2,17,4,1596,1,13,FORD FIESTA,4,E01029922,0,-1
2023440249709,2023,440249709,2,9,0,9,9,7,5,0,0,8,0,0,0,0,3,1,2,2,1,33,6,1399,2,11,FORD FIESTA,7,E01017047,0,-1
2023991285661,2023,991285661,3,9,0,2,2,5,1,0,0,0,0,0,0,0,0,1,6,6,3,-1,-1,1399,2,11,FORD FIESTA,-1,-1,0,-1
2023052301503,2023,052301503,1,9,0,18,19,7,3,0,0,2,0,0,0,0,1,1,6,6,2,44,7,998,1,7,FORD FIESTA,8,E01006651,0,-1
2023401386369,2023,401386369,1,9,0,4,4,5,1,0,0,0,0,0,0,0,1,1,6,6,1,24,5,998,1,7,FORD FIESTA,9,E01015797,0,-1
2023622301066,2023,622301066,2,9,0,9,9,7,5,0,0,8,0,0,0,0,0,1,6,6,1,57,9,1388,1,18,FORD FIESTA,1,W01001207,0,-1
2023991338021,2023,991338021,2,9,0,18,19,8,4,0,0,0,0,0,0,0,4,1,1,1,1,60,9,-1,-1,-1,FORD FIESTA,3,-1,0,-1
2023991292993,2023,991292993,1,9,0,15,15,4,8,0,0,0,5,0,1,0,4,1,5,6,1,19,4,998,1,7,FORD FIESTA,5,-1,0,-1
2023544760123,2023,544760123,1,9,0,18,19,1,5,0,0,0,5,0,1,0,1,1,6,6,2,42,7,1242,1,8,FORD FIESTA,1,E01009173,0,-1
2023052301047,2023,052301047,2,9,0,18,19,7,3,0,0,8,1,0,0,0,1,1,6,6,1,21,5,1388,1,13,FORD FIESTA,1,E01006770,0,-1
2023141370878,2023,141370878,2,9,0,18,19,1,5,0,0,0,0,0,0,0,2,1,5,6,1,43,7,1242,1,7,FORD FIESTA,1,E01007885,0,-1
2023421359326,2023,421359326,2,9,0,6,6,7,3,0,0,6,0,0,0,0,3,1,6,6,2,26,6,998,1,8,FORD FIESTA,8,E01021520,0,-1
2023122301120,2023,122301120,2,9,0,18,19,4,8,0,0,0,0,0,7,1,1,1,6,6,1,32,6,1084,1,5,FORD FIESTA,10,E01027670,0,-1
2023231261587,2023,231261587,1,9,0,18,19,6,2,0,0,0,0,0,0,0,1,1,6,6,1,20,4,1242,1,23,FORD FIESTA,7,E01028479,0,-1
2023311318754,2023,311318754,1,9,0,18,19,4,8,0,0,0,0,8,0,0,1,1,5,6,1,17,4,1560,2,10,FORD FIESTA,8,E01028104,0,-1
2023361333508,2023,361333508,1,9,0,18,19,7,3,0,0,0,0,0,0,0,1,1,5,6,1,82,11,998,1,8,FORD FIESTA,5,E01027017,0,-1
2023010446490,2023,010446490,2,9,0,99,99,9,9,99,99,0,9,99,9,99,1,9,6,6,3,-1,-1,998,1,8,FORD FIESTA,-1,-1,0,-1
2023411271236,2023,411271236,3,9,0,3,3,3,5,0,0,8,0,0,0,0,4,1,6,6,1,27,6,1496,1,1,FORD FIESTA,9,E01021547,0,-1
2023543987223,2023,543987223,2,9,0,18,19,3,7,0,0,0,0,0,7,11,1,1,6,6,2,67,10,998,1,7,FORD FIESTA,-1,-1,0,-1
2023430339395,2023,430339395,1,9,0,18,19,2,6,0,0,8,0,0,0,0,3,1,6,6,2,22,5,998,1,4,FORD FIESTA,8,E01017941,0,-1
2023461292402,2023,461292402,1,9,0,18,19,6,2,0,0,0,0,0,0,0,1,1,2,2,2,61,9,1388,1,17,FORD FIESTA,3,E01024600,0,-1
2023471258871,2023,471258871,1,9,0,18,19,6,2,0,0,8,0,0,0,0,1,1,6,6,3,-1,-1,1242,1,15,FORD FIESTA,-1,-1,0,-1
2023430405762,2023,430405762,2,9,0,3,3,3,7,0,0,1,0,0,0,0,2,1,6,6,2,50,8,1399,2,14,FORD FIESTA,9,E01016750,0,-1
2023170M10833,2023,170M10833,1,9,0,6,6,2,2,0,0,0,0,0,0,0,3,1,2,2,1,20,4,998,1,8,FORD FIESTA,-1,-1,0,-1
2023161363787,2023,161363787,2,9,0,18,19,5,1,0,0,1,0,0,0,0,1,1,6,6,2,-1,-1,999,8,0,FORD FIESTA,1,E01012898,0,-1
2023041420987,2023,041420987,2,9,0,18,19,3,7,0,0,1,0,0,1,0,2,1,5,6,2,34,6,1242,1,17,FORD FIESTA,1,E01012638,0,-1
2023052300572,2023,052300572,1,9,0,18,19,6,2,0,0,0,0,0,1,2,1,1,6,6,1,19,4,1242,1,13,FORD FIESTA,6,E01006226,0,-1
2023131303910,2023,131303910,2,9,0,18,19,8,4,0,0,1,0,0,0,0,0,1,6,6,1,21,5,1596,1,14,FORD FIESTA,3,E01010846,0,-1
2023101314470,2023,101314470,2,9,0,18,19,4,8,0,0,0,0,0,0,0,1,1,5,6,2,34,6,1560,2,14,FORD FIESTA,4,E01008568,0,-1
2023991308383,2023,991308383,1,9,0,18,19,5,1,0,0,4,0,0,0,0,1,1,5,6,1,26,6,1242,1,11,FORD FIESTA,2,-1,0,-1
2023201288453,2023,201288453,2,9,0,16,19,1,4,0,0,0,0,0,0,0,2,1,6,6,2,51,8,1242,1,19,FORD FIESTA,6,E01010079,0,-1
2023421308894,2023,421308894,2,9,0,7,7,6,5,0,0,1,0,0,0,0,1,1,6,6,1,20,4,1242,1,17,FORD FIESTA,2,E01015840,0,-1
2023430464795,2023,430464795,1,9,0,9,9,3,2,0,0,6,0,0,0,0,4,1,6,6,2,57,9,1242,1,9,FORD FIESTA,10,E01017890,0,-1
2023522300766,2023,522300766,2,9,0,5,5,7,3,0,0,1,0,0,0,0,1,1,6,6,3,-1,-1,1242,1,16,FORD FIESTA,-1,-1,0,-1
2023010443878,2023,010443878,2,9,0,99,99,9,9,99,99,9,9,99,9,99,9,9,6,6,3,-1,-1,1388,1,12,FORD FIESTA,7,E01000145,0,-1
2023311355518,2023,311355518,1,9,0,4,4,3,7,0,0,1,0,0,0,0,1,1,6,6,2,37,7,1560,2,11,FORD FIESTA,6,E01028183,0,-1
2023052302336,2023,052302336,2,9,0,7,7,5,1,0,0,0,0,0,0,0,4,1,6,6,2,24,5,998,1,5,FORD FIESTA,6,E01014180,0,-1
2023320188022,2023,320188022,2,9,0,18,19,3,7,0,0,0,0,0,1,9,3,2,6,6,1,21,5,1242,1,13,FORD FIESTA,4,E01026044,0,-1
2023052300414,2023,052300414,1,9,0,7,7,1,8,0,0,5,0,0,0,0,1,1,6,6,2,39,7,1242,1,18,FORD FIESTA,2,E01006564,0,-1
2023991316108,2023,991316108,3,9,0,2,2,0,0,0,0,0,0,0,0,0,3,1,6,6,3,-1,-1,1242,1,11,FORD FIESTA,-1,-1,0,-1
2023122300771,2023,122300771,1,9,0,18,19,1,5,0,0,8,5,0,7,1,4,1,6,6,1,32,6,1242,1,7,FORD FIESTA,4,E01027905,0,-1
2023010464130,2023,010464130,2,9,0,18,19,5,1,0,0,0,0,0,0,0,1,1,6,6,2,53,8,1242,1,7,FORD FIESTA,3,E01002325,0,-1
2023361290619,2023,361290619,1,9,0,18,19,7,3,0,0,0,0,0,0,0,1,1,6,6,1,24,5,998,1,10,FORD FIESTA,5,E01026438,0,-1
2023421382546,2023,421382546,2,9,0,5,5,5,3,0,0,0,0,0,0,0,3,1,2,2,2,40,7,998,1,6,FORD FIESTA,10,E01021366,0,-1
2023461309872,2023,461309872,1,9,0,18,19,7,3,0,0,0,0,0,0,0,1,1,6,6,1,39,7,1999,1,18,FORD FIESTA,2,E01024091,0,-1
2023401301487,2023,401301487,2,9,0,18,19,5,1,0,0,0,0,0,0,0,2,1,2,2,1,29,6,1596,1,7,FORD FIESTA,7,E01017379,0,-1
2023010445608,2023,010445608,1,9,0,99,99,9,9,99,99,0,9,99,9,99,1,9,2,2,2,25,5,998,1,5,FORD FIESTA,4,E01002267,0,-1
2023010433455,2023,010433455,2,9,9,99,99,9,9,99,99,9,9,99,9,99,1,9,6,6,2,33,6,998,1,10,FORD FIESTA,5,E01000636,0,-1
2023010474023,2023,010474023,1,9,0,5,5,3,7,0,0,8,0,0,0,0,3,1,2,2,1,33,6,1242,1,7,FORD FIESTA,9,E01002469,0,-1
2023131346104,2023,131346104,1,9,0,18,19,1,5,0,0,0,1,0,1,0,1,1,5,6,1,23,5,1388,1,16,FORD FIESTA,7,E01007381,0,-1
2023221369230,2023,221369230,1,9,0,17,19,8,6,0,0,0,2,0,7,9,1,1,5,6,2,17,4,1499,2,9,FORD FIESTA,5,E01032457,0,-1
2023501300693,2023,501300693,2,9,0,18,19,2,6,0,0,1,0,0,0,0,1,1,6,6,2,19,4,1560,2,11,FORD FIESTA,4,E01018951,0,-1
2023991316865,2023,991316865,1,9,0,9,9,6,3,0,0,8,0,0,0,0,3,1,5,6,1,19,4,998,1,5,FORD FIESTA,8,-1,0,-1
2023010474616,2023,010474616,2,9,0,99,99,9,9,99,99,9,9,99,9,99,2,9,6,6,3,-1,-1,1242,1,17,FORD FIESTA,-1,-1,0,-1
2023622300063,2023,622300063,1,9,0,16,19,2,5,0,0,0,0,0,0,0,1,1,2,2,2,18,4,998,1,5,FORD FIESTA,3,W01001875,0,-1
2023122300741,2023,122300741,1,9,0,18,19,5,1,0,0,0,0,0,0,0,3,1,6,6,2,21,5,1399,2,14,FORD FIESTA,2,E01027812,0,-1
2023631377812,2023,631377812,1,9,0,18,19,1,5,0,0,0,0,0,3,10,3,1,2,2,1,44,7,1560,2,8,FORD FIESTA,3,W01000607,0,-1
2023501385461,2023,501385461,2,9,0,18,19,5,1,0,0,0,2,0,1,4,1,1,5,6,2,68,10,1399,2,11,FORD FIESTA,3,E01018888,0,-1
2023991342073,2023,991342073,1,9,0,18,19,2,6,0,0,1,0,0,7,1,1,1,5,6,1,80,11,998,1,4,FORD FIESTA,6,-1,0,-1
2023010463950,2023,010463950,1,9,0,99,99,9,9,99,99,9,9,99,9,99,2,9,6,6,2,57,9,1242,1,14,FORD FIESTA,4,E01003666,0,-1
2023430078571,2023,430078571,1,9,0,18,19,8,4,0,0,6,0,0,0,0,1,1,1,1,1,22,5,998,1,10,FORD FIESTA,7,E01017645,0,-1
2023052301448,2023,052301448,1,9,0,18,19,6,3,0,0,1,0,0,0,0,3,1,6,6,1,26,6,1388,1,12,FORD FIESTA,4,E01007231,0,-1
2023351388315,2023,351388315,3,9,0,3,3,5,1,0,0,0,0,0,0,0,2,1,5,6,1,73,10,998,1,8,FORD FIESTA,9,E01018013,0,-1
2023131373177,2023,131373177,1,9,0,9,9,5,2,0,0,1,0,0,0,0,4,1,5,6,1,81,11,998,1,5,FORD FIESTA,7,E01011652,0,-1
2023991390846,2023,991390846,1,9,0,18,19,5,1,0,0,0,0,0,0,0,1,1,5,6,2,19,4,1242,1,6,FORD FIESTA,4,-1,0,-1
2023070118120,2023,070118120,2,9,0,18,19,5,1,0,0,8,0,0,0,0,1,1,6,6,1,27,6,1242,1,6,FORD FIESTA,1,E01006105,0,-1
2023440390166,2023,440390166,1,9,0,17,19,4,2,0,0,2,1,0,1,4,1,1,6,6,1,17,4,1242,1,13,FORD FIESTA,-1,-1,0,-1
2023221307603,2023,221307603,1,9,0,13,13,4,8,0,0,0,2,0,1,0,3,1,2,2,2,19,4,1242,1,14,FORD FIESTA,8,E01028887,0,-1
2023211348098,2023,211348098,2,9,0,18,19,6,2,0,0,0,0,0,0,0,4,1,6,6,2,35,6,1388,1,15,FORD FIESTA,6,E01022035,0,-1
2023430174780,2023,430174780,1,9,0,3,3,4,8,0,0,1,0,0,0,0,2,1,6,6,2,-1,-1,998,1,4,FORD FIESTA,-1,-1,0,-1
2023010427225,2023,010427225,1,9,0,99,99,9,9,99,99,9,9,99,9,99,2,9,6,6,2,55,8,1388,1,14,FORD FIESTA,3,E01002043,0,-1
2023991453360,2023,991453360,1,9,0,18,19,7,3,0,0,0,0,4,0,0,1,2,5,6,1,19,4,1242,1,8,FORD FIESTA,10,-1,0,-1
2023440158494,2023,440158494,2,9,0,6,6,2,2,0,0,8,0,0,0,0,3,1,6,6,1,20,4,1399,2,14,FORD FIESTA,2,E01022906,0,-1
2023501307155,2023,501307155,2,9,0,4,4,2,6,0,0,0,0,0,0,0,2,1,3,7,2,29,6,1399,2,11,FORD FIESTA,4,E01018760,0,-1
2023401382900,2023,401382900,2,9,0,18,19,3,7,0,0,0,0,0,1,7,3,1,6,6,2,19,4,1388,1,13,FORD FIESTA,7,E01017524,0,-1
2023070391726,2023,070391726,3,9,0,2,2,0,0,0,0,8,0,0,0,0,2,1,6,6,3,-1,-1,1242,1,19,FORD FIESTA,-1,-1,0,-1
2023010461359,2023,010461359,1,9,0,99,99,9,9,99,99,9,9,99,9,99,9,9,6,6,2,65,9,1499,2,7,FORD FIESTA,4,E01000485,0,-1
2023010439293,2023,010439293,1,9,0,7,7,1,2,0,0,8,0,7,0,0,1,1,2,2,1,22,5,1242,1,11,FORD FIESTA,2,E01002277,0,-1
2023440492148,2023,440492148,1,9,0,18,19,2,6,0,0,0,0,4,0,0,1,1,6,6,2,22,5,998,1,10,FORD FIESTA,6,E01022679,0,-1
2023010450899,2023,010450899,2,9,0,99,99,9,9,99,99,9,9,99,9,99,1,9,6,6,3,53,8,1242,1,10,FORD FIESTA,-1,-1,0,-1
2023991371009,2023,991371009,1,9,0,18,19,6,2,0,0,1,2,0,1,10,1,1,5,6,1,18,4,998,1,9,FORD FIESTA,8,-1,0,-1
2023010458649,2023,010458649,3,9,0,18,19,3,7,0,0,1,0,0,0,0,1,1,6,6,2,28,6,1388,1,20,FORD FIESTA,10,E01000688,0,-1
2023430376631,2023,430376631,2,9,0,18,19,6,2,0,0,0,0,0,0,0,1,1,6,6,1,20,4,1388,1,19,FORD FIESTA,4,E01028781,0,-1
2023440193758,2023,440193758,2,9,0,9,9,6,4,0,0,1,0,0,0,0,4,1,2,2,1,52,8,1242,1,10,FORD FIESTA,10,E01022855,0,-1
2023131279310,2023,131279310,1,9,0,18,19,1,5,0,0,4,0,0,0,0,4,1,2,2,2,31,6,1499,2,5,FORD FIESTA,3,E01011761,0,-1
2023131301826,2023,131301826,1,9,0,9,9,6,3,0,0,6,0,0,0,0,1,1,2,2,1,39,7,998,1,9,FORD FIESTA,8,E01011527,0,-1
2023471319797,2023,471319797,5,9,0,11,11,1,5,0,0,8,0,0,0,0,1,1,5,6,1,20,4,1242,1,11,FORD FIESTA,7,E01021205,0,-1
2023070586834,2023,070586834,1,9,0,18,19,7,3,0,0,0,0,0,0,0,1,1,2,2,1,27,6,998,1,8,FORD FIESTA,4,E01005928,0,-1
2023991355865,2023,991355865,1,9,0,18,19,7,3,0,0,1,1,0,0,0,4,1,5,6,1,21,5,998,1,8,FORD FIESTA,1,-1,0,-1
2023201365623,2023,201365623,2,9,0,4,4,7,3,0,0,1,0,0,0,0,1,1,2,2,2,41,7,1399,2,12,FORD FIESTA,7,E01009116,0,-1
2023401360156,2023,401360156,2,9,0,4,4,4,8,0,0,1,0,0,0,0,1,1,6,6,1,43,7,1242,1,12,FORD FIESTA,4,E01017487,0,-1
2023131393203,2023,131393203,2,9,0,18,19,5,1,0,0,0,0,0,0,0,1,1,5,6,1,67,10,1299,1,22,FORD FIESTA,9,E01011935,0,-1
2023421317718,2023,421317718,1,9,0,18,19,3,7,0,0,0,0,0,0,0,1,1,5,6,1,22,5,1596,1,8,FORD FIESTA,3,E01016449,0,-1
2023302300988,2023,302300988,2,9,0,17,19,8,5,0,0,1,0,0,0,0,1,1,6,6,1,47,8,1242,1,17,FORD FIESTA,2,E01028110,0,-1
2023111282162,2023,111282162,2,9,0,18,19,7,3,0,0,1,0,0,0,0,4,1,5,6,2,23,5,1388,1,14,FORD FIESTA,2,E01020602,0,-1
2023311354969,2023,311354969,3,9,0,18,19,5,1,0,0,2,0,0,0,0,1,1,6,6,2,25,5,998,1,6,FORD FIESTA,2,E01013972,0,-1
2023231311308,2023,231311308,1,9,0,18,19,4,8,0,0,8,0,0,0,0,1,2,6,6,1,27,6,1242,1,10,FORD FIESTA,7,E01009693,0,-1
2023461383291,2023,461383291,1,9,0,18,19,3,7,0,0,8,0,0,0,0,1,1,5,6,1,-1,-1,1242,1,11,FORD FIESTA,8,E01024351,0,-1
2023545793623,2023,545793623,1,9,0,9,9,1,7,0,0,3,0,0,0,0,4,1,6,6,2,36,7,998,1,9,FORD FIESTA,4,E01022188,0,-1
2023361308972,2023,361308972,1,9,0,18,19,7,5,0,0,0,0,0,0,0,1,1,2,2,2,53,8,1388,1,13,FORD FIESTA,5,E01026647,0,-1
2023041265722,2023,041265722,1,9,0,18,19,6,7,0,0,8,0,0,1,1,1,1,5,6,2,19,4,1388,1,16,FORD FIESTA,8,E01025086,0,-1
2023041387363,2023,041387363,2,9,0,7,7,7,3,0,0,0,0,0,0,0,4,1,2,2,1,45,7,-1,-1,-1,FORD FIESTA,7,E01024955,0,-1