collision_index,collision_year,collision_ref_no,vehicle_reference,vehicle_type,towing_and_articulation,vehicle_manoeuvre_historic,vehicle_manoeuvre,vehicle_direction_from,vehicle_direction_to,vehicle_location_restricted_lane_historic,vehicle_location_restricted_lane,junction_location,skidding_and_overturning,hit_object_in_carriageway,vehicle_leaving_carriageway,hit_object_off_carriageway,first_point_of_impact,vehicle_left_hand_drive,journey_purpose_of_driver_historic,journey_purpose_of_driver,sex_of_driver,age_of_driver,age_band_of_driver,engine_capacity_cc,propulsion_code,age_of_vehicle,generic_make_model,driver_imd_decile,lsoa_of_driver,escooter_flag,driver_distance_banding
2023201292010,2023,201292010,2,9,0,9,9,2,8,0,0,3,0,0,0,0,4,1,2,2,1,24,5,999,1,2,FORD FIESTA,8,E01009736,0,-1
2023010445863,2023,010445863,1,9,0,99,99,9,9,99,99,9,9,99,9,99,9,9,6,6,1,26,6,1242,1,17,FORD FIESTA,4,E01001484,0,-1
2023549974423,2023,549974423,2,9,0,18,19,6,2,0,0,8,0,0,0,0,4,1,6,6,2,48,8,999,1,2,FORD FIESTA,6,E01032078,0,-1
2023421327121,2023,421327121,2,9,0,9,9,7,5,0,0,4,0,0,0,0,1,1,5,6,2,20,4,998,1,8,FORD FIESTA,6,E01021907,0,-1
2023201287757,2023,201287757,2,9,0,18,19,8,4,0,0,8,0,0,0,0,3,1,6,6,1,61,9,1242,1,6,FORD FIESTA,1,E01009197,0,-1
2023201384719,2023,201384719,1,9,0,17,19,6,2,0,0,8,0,0,3,0,3,1,6,6,1,34,6,1242,1,14,FORD FIESTA,4,E01011597,0,-1
2023540443523,2023,540443523,1,9,0,18,19,6,2,0,0,0,0,0,7,11,1,1,6,6,1,26,6,1242,1,14,FORD FIESTA,3,E01031963,0,-1
2023411341445,2023,411341445,2,9,0,9,9,1,7,0,0,4,0,0,0,0,1,1,5,6,1,18,4,1596,1,13,FORD FIESTA,4,E01023333,0,-1
2023010479702,2023,010479702,2,9,0,99,99,9,9,99,99,9,9,99,9,99,1,9,6,6,3,-1,-1,-1,-1,-1,FORD FIESTA,5,E01033459,0,-1
2023991357866,2023,991357866,2,9,0,2,2,0,0,0,0,0,0,0,0,0,4,1,6,6,1,23,5,1596,1,9,FORD FIESTA,-1,-1,0,-1
2023332300468,2023,332300468,2,9,0,18,19,3,7,0,0,8,0,0,0,0,3,1,6,6,1,26,6,1596,1,10,FORD FIESTA,8,E01026346,0,-1
2023371342771,2023,371342771,2,9,0,18,19,1,6,0,0,8,0,0,0,0,4,1,5,6,1,69,10,998,1,6,FORD FIESTA,10,E01026915,0,-1
2023302300109,2023,302300109,1,9,0,4,4,6,2,0,0,0,0,0,0,0,2,1,6,6,1,23,5,998,1,5,FORD FIESTA,8,E01019811,0,-1
2023041366244,2023,041366244,1,9,0,5,5,2,6,0,0,1,0,0,0,0,1,1,5,6,2,20,4,1242,1,7,FORD FIESTA,6,E01025500,0,-1
2023221271799,2023,221271799,2,9,0,7,7,7,1,0,0,4,0,0,0,0,2,1,5,6,2,37,7,1242,1,17,FORD FIESTA,2,E01014152,0,-1
202354B638023,2023,54B638023,1,9,0,16,19,2,6,0,0,0,1,0,0,0,1,1,2,2,2,17,4,1388,1,14,FORD FIESTA,9,E01031880,0,-1
2023201278280,2023,201278280,1,9,0,18,19,1,5,0,0,8,1,0,0,0,1,1,6,6,2,35,6,1242,1,9,FORD FIESTA,2,E01009050,0,-1
2023201315559,2023,201315559,2,9,0,18,19,7,7,0,0,0,0,0,0,0,4,1,6,6,2,27,6,1242,1,7,FORD FIESTA,6,E01031025,0,-1
202360A091811,2023,60A091811,1,9,0,4,4,3,7,0,0,1,0,0,0,0,1,1,6,6,1,28,6,998,1,10,FORD FIESTA,-1,-1,0,-1
2023221273968,2023,221273968,1,9,0,18,19,4,8,0,0,0,0,0,0,0,4,1,6,6,2,75,10,1388,1,20,FORD FIESTA,5,E01014101,0,-1
2023451296634,2023,451296634,1,9,0,18,19,8,4,0,0,0,0,0,0,0,1,1,5,6,1,32,6,1399,2,14,FORD FIESTA,3,E01030901,0,-1
2023031338751,2023,031338751,1,9,0,9,9,5,1,0,0,1,0,0,3,2,1,1,1,1,2,18,4,1399,2,14,FORD FIESTA,5,E01019182,0,-1
2023552301191,2023,552301191,1,9,0,18,19,3,7,0,0,0,0,0,0,0,1,1,6,6,1,21,5,998,1,10,FORD FIESTA,10,E01020423,0,-1
2023501281968,2023,501281968,1,9,0,18,19,7,6,0,0,1,0,0,0,0,-1,1,6,6,3,-1,-1,1388,1,11,FORD FIESTA,-1,-1,0,-1
2023622300108,2023,622300108,1,9,0,18,19,8,4,0,0,1,0,0,0,0,1,1,6,6,2,39,7,1242,1,11,FORD FIESTA,8,W01000796,0,-1
2023031261308,2023,031261308,1,9,-1,2,2,0,0,0,0,1,0,0,0,0,-1,1,5,6,1,20,4,1596,1,12,FORD FIESTA,4,E01019340,0,-1
2023311272422,2023,311272422,2,9,0,2,2,0,0,0,0,0,0,0,0,0,2,1,6,6,1,62,9,1999,1,16,FORD FIESTA,-1,-1,0,-1
2023340NN4602,2023,340NN4602,3,9,0,4,4,5,5,0,0,0,0,0,0,0,2,1,6,6,1,36,7,1596,1,8,FORD FIESTA,4,E01027315,0,-1
2023421356760,2023,421356760,1,9,0,4,4,8,4,0,0,1,0,0,0,0,1,1,5,6,1,21,5,999,1,2,FORD FIESTA,2,E01021816,0,-1
2023010465124,2023,010465124,1,9,0,18,19,5,1,0,0,0,0,0,0,0,1,1,6,6,1,30,6,1388,1,11,FORD FIESTA,2,E01001439,0,-1
2023340NN0532,2023,340NN0532,2,9,0,18,19,7,3,0,0,8,0,0,0,0,1,1,2,2,1,63,9,998,1,6,FORD FIESTA,7,E01026974,0,-1
2023991328151,2023,991328151,1,9,0,6,6,2,2,2,2,0,0,0,0,0,4,1,6,6,1,20,4,998,1,6,FORD FIESTA,-1,-1,0,-1
2023461339678,2023,461339678,2,9,1,3,3,8,4,0,0,1,0,0,0,0,2,1,6,6,1,68,10,-1,-1,-1,FORD FIESTA,6,E01024363,0,-1
2023451299915,2023,451299915,2,9,0,18,19,1,1,0,0,0,0,0,0,0,1,1,6,6,2,20,4,1242,1,8,FORD FIESTA,-1,-1,0,-1
2023622300964,2023,622300964,2,9,0,4,4,8,4,0,0,0,0,0,0,0,2,1,6,6,1,22,5,1242,1,9,FORD FIESTA,10,W01000837,0,-1
2023461346685,2023,461346685,1,9,0,9,9,5,1,0,0,1,0,0,3,0,1,1,5,6,1,19,4,1242,1,7,FORD FIESTA,2,E01016040,0,-1
2023111365528,2023,111365528,1,9,0,18,19,7,3,0,0,0,2,0,7,0,1,1,5,6,1,17,4,1388,1,18,FORD FIESTA,4,E01020625,0,-1
2023332300701,2023,332300701,2,9,0,18,19,3,7,0,0,0,0,0,0,0,4,1,6,6,2,29,6,1499,2,9,FORD FIESTA,2,E01013772,0,-1
2023440142896,2023,440142896,1,9,0,18,19,2,6,0,0,0,0,0,0,0,4,1,6,6,1,85,11,998,1,6,FORD FIESTA,6,E01022716,0,-1
2023010426575,2023,010426575,2,9,0,8,8,1,3,0,0,2,0,0,0,0,4,1,6,6,1,30,6,1242,1,12,FORD FIESTA,3,E01001999,0,-1
2023471332203,2023,471332203,1,19,0,18,19,4,8,0,0,1,0,0,0,0,1,1,6,6,1,-1,-1,1399,2,17,FORD FIESTA,3,E01020996,0,-1
2023471353751,2023,471353751,1,9,0,18,19,5,1,0,0,0,5,0,4,6,1,1,5,6,2,23,5,998,1,9,FORD FIESTA,4,E01031573,0,-1
2023311346397,2023,311346397,1,9,0,13,13,3,7,0,0,0,0,0,0,0,1,1,1,1,1,20,4,1560,2,10,FORD FIESTA,-1,-1,0,-1
2023141378694,2023,141378694,1,9,0,18,19,5,1,0,0,4,0,0,0,0,1,1,6,6,1,24,5,1242,1,10,FORD FIESTA,10,E01007957,0,-1
2023461321819,2023,461321819,2,9,0,18,19,7,3,0,0,4,0,0,0,0,3,1,6,6,2,27,6,1596,1,17,FORD FIESTA,2,E01016035,0,-1
2023201337728,2023,201337728,4,9,0,18,19,4,8,0,0,0,1,0,0,0,2,1,6,6,2,19,4,1596,1,12,FORD FIESTA,8,E01009669,0,-1
2023221340468,2023,221340468,3,9,0,18,19,4,8,0,0,0,0,0,0,0,2,1,6,6,1,33,6,1499,2,7,FORD FIESTA,4,E01032342,0,-1
2023161309435,2023,161309435,1,9,0,9,9,2,8,0,0,6,0,0,0,0,1,1,5,6,2,30,6,1084,1,5,FORD FIESTA,5,E01012804,0,-1
2023430092500,2023,430092500,1,9,0,16,19,1,4,0,0,0,0,10,0,0,1,1,6,6,1,47,8,1242,1,18,FORD FIESTA,2,E01028517,0,-1
2023541113123,2023,541113123,2,9,0,18,19,1,5,0,0,0,1,0,0,0,3,1,1,1,2,21,5,1242,1,10,FORD FIESTA,4,E01032087,0,-1
2023552300989,2023,552300989,2,9,0,18,19,5,1,0,0,0,0,0,0,0,2,1,6,6,1,-1,-1,1242,1,11,FORD FIESTA,9,E01029182,0,-1
2023010443948,2023,010443948,1,9,9,99,99,9,9,99,99,0,9,99,9,99,2,1,6,6,1,34,6,998,1,9,FORD FIESTA,3,E01015924,0,-1
2023010485415,2023,010485415,2,9,0,99,99,9,9,99,99,0,9,99,9,99,1,9,6,6,3,-1,-1,1388,1,13,FORD FIESTA,-1,-1,0,-1
2023522400219,2023,522400219,1,9,0,18,19,5,1,0,0,8,0,0,0,0,3,1,6,6,2,41,7,1242,1,16,FORD FIESTA,1,E01032518,0,-1
2023351393898,2023,351393898,1,9,0,17,19,1,5,9,9,0,1,11,7,3,1,1,6,6,1,76,11,1596,1,15,FORD FIESTA,9,E01018211,0,-1
2023071239765,2023,071239765,3,9,0,4,4,6,2,0,0,0,0,0,0,0,1,1,6,6,2,60,9,998,1,0,FORD FIESTA,-1,-1,0,-1
2023501373599,2023,501373599,2,9,0,18,19,2,6,0,0,0,0,0,0,0,1,1,6,6,1,52,8,1560,2,12,FORD FIESTA,8,E01018855,0,-1
2023131375029,2023,131375029,2,9,0,18,19,2,6,0,0,1,0,0,0,0,1,1,6,6,2,51,8,1388,1,11,FORD FIESTA,1,E01011428,0,-1
2023501303444,2023,501303444,2,9,0,18,19,5,1,0,0,0,0,0,0,0,1,1,6,6,2,20,4,1388,1,20,FORD FIESTA,4,E01018962,0,-1
2023010462221,2023,010462221,1,9,0,18,19,5,1,0,0,0,0,0,0,0,3,1,6,6,3,-1,-1,1596,1,6,FORD FIESTA,-1,-1,0,-1
2023010483130,2023,010483130,1,9,0,9,9,5,2,0,0,1,0,0,0,0,1,1,6,6,1,24,5,999,1,3,FORD FIESTA,3,E01001768,0,-1
2023531348801,2023,531348801,1,9,0,16,19,3,7,0,0,8,1,0,7,11,1,1,5,6,1,18,4,998,1,4,FORD FIESTA,3,E01022153,0,-1
2023421350989,2023,421350989,4,9,0,17,19,7,3,0,0,1,0,0,0,0,1,1,5,6,1,66,10,1499,2,10,FORD FIESTA,3,E01033051,0,-1
2023052302362,2023,052302362,5,9,0,18,19,7,3,0,0,0,0,0,0,0,1,1,2,2,1,18,4,998,1,8,FORD FIESTA,5,E01006625,0,-1
2023361300452,2023,361300452,2,9,0,17,19,2,3,0,0,0,0,0,0,0,1,1,2,2,1,21,5,1242,1,12,FORD FIESTA,4,E01026651,0,-1
2023071314236,2023,071314236,2,9,0,3,3,5,1,0,0,2,0,0,0,0,2,1,6,6,2,29,6,1399,2,20,FORD FIESTA,1,E01012422,0,-1
2023131363684,2023,131363684,2,9,0,18,19,7,3,0,0,1,0,0,0,0,1,1,5,6,1,22,5,998,1,4,FORD FIESTA,7,E01011833,0,-1
2023544240823,2023,544240823,1,9,0,18,19,7,3,0,0,0,5,0,1,9,1,1,6,6,1,23,5,998,1,5,FORD FIESTA,4,E01016356,0,-1
202360A100574,2023,60A100574,2,9,0,18,19,5,1,0,0,0,0,0,0,0,3,1,6,6,1,30,6,1242,1,14,FORD FIESTA,-1,-1,0,-1
2023622300683,2023,622300683,2,9,0,9,9,3,8,0,0,8,0,0,0,0,1,1,6,6,2,70,10,1242,1,17,FORD FIESTA,9,W01001277,0,-1
2023440225298,2023,440225298,2,9,0,5,5,2,6,0,0,8,0,0,0,0,1,1,6,6,1,-1,-1,998,1,9,FORD FIESTA,9,E01022654,0,-1
2023411284095,2023,411284095,2,9,-1,-1,-1,-1,-1,-1,-1,0,-1,-1,-1,0,-1,1,6,6,2,63,9,998,1,9,FORD FIESTA,8,E01033028,0,-1
2023141377836,2023,141377836,1,9,0,17,19,1,5,0,0,8,1,10,0,0,1,1,5,6,1,-1,-1,1560,2,13,FORD FIESTA,-1,-1,0,-1
2023531365307,2023,531365307,1,9,0,18,19,1,5,0,0,0,0,0,0,0,1,1,6,6,2,19,4,999,1,3,FORD FIESTA,6,E01022232,0,-1
2023471355340,2023,471355340,1,9,0,7,7,5,7,0,0,4,0,0,0,0,1,1,5,6,1,85,11,998,1,1,FORD FIESTA,8,E01031439,0,-1
2023070945954,2023,070945954,3,9,0,2,2,0,0,0,0,2,0,0,0,0,2,1,6,6,3,-1,-1,1242,1,8,FORD FIESTA,-1,-1,0,-1
2023991331868,2023,991331868,2,9,0,18,19,3,6,0,0,1,1,0,1,0,1,1,5,6,2,79,11,1399,2,13,FORD FIESTA,9,-1,0,-1
2023101287609,2023,101287609,2,9,0,9,9,7,5,0,0,8,0,0,0,0,4,1,5,6,2,20,4,1388,1,13,FORD FIESTA,4,E01008347,0,-1
2023522400523,2023,522400523,1,9,0,8,8,6,1,0,0,1,0,0,0,0,2,1,6,6,1,30,6,1499,2,7,FORD FIESTA,1,E01014706,0,-1
2023461333941,2023,461333941,1,9,0,4,4,1,5,0,0,0,0,0,0,0,1,1,6,6,1,22,5,1499,2,7,FORD FIESTA,6,E01001295,0,-1
2023231364758,2023,231364758,1,9,0,18,19,3,7,0,0,8,0,0,0,0,4,1,6,6,2,51,8,998,1,4,FORD FIESTA,5,E01031311,0,-1
2023351330475,2023,351330475,1,19,-1,-1,-1,-1,-1,-1,-1,0,-1,-1,-1,0,-1,1,6,6,1,22,5,1499,2,8,FORD FIESTA,3,E01018109,0,-1
2023361266111,2023,361266111,1,9,0,9,9,8,6,0,0,1,0,0,0,0,1,1,5,6,1,19,4,1596,1,7,FORD FIESTA,6,E01026520,0,-1
2023201287308,2023,201287308,1,9,0,11,11,8,7,0,0,0,0,0,0,0,1,1,6,6,1,19,4,1242,1,16,FORD FIESTA,2,E01009393,0,-1
2023010484787,2023,010484787,2,9,0,99,99,9,9,99,99,9,9,99,9,99,2,9,6,6,1,48,8,1388,1,12,FORD FIESTA,3,E01003605,0,-1
2023411330452,2023,411330452,2,9,0,18,19,1,5,0,0,0,0,0,0,0,2,1,1,1,2,36,7,1499,2,10,FORD FIESTA,10,E01017438,0,-1
2023440264483,2023,440264483,1,9,0,9,9,8,6,0,0,8,0,0,0,0,4,1,6,6,2,24,5,1242,1,7,FORD FIESTA,5,E01017209,0,-1
2023041320078,2023,041320078,1,9,0,18,19,6,6,0,0,1,1,0,0,0,1,1,5,6,1,25,5,1242,1,14,FORD FIESTA,3,E01025306,0,-1
2023421323398,2023,421323398,2,9,0,16,19,5,1,0,0,0,0,0,0,0,1,1,6,6,2,77,11,1242,1,7,FORD FIESTA,10,E01021941,0,-1
2023010434560,2023,010434560,1,9,0,99,99,9,9,99,99,0,9,99,9,99,2,9,6,6,2,31,6,1242,1,12,FORD FIESTA,2,E01003506,0,-1
2023010440136,2023,010440136,1,9,0,99,99,9,9,99,99,0,9,99,9,99,9,9,6,6,2,23,5,1242,1,11,FORD FIESTA,3,E01024309,0,-1
2023991343388,2023,991343388,1,9,0,5,5,2,4,0,0,1,0,0,0,0,1,1,6,6,1,38,7,1242,1,14,FORD FIESTA,2,-1,0,-1
2023302301254,2023,302301254,3,9,0,9,9,6,4,0,0,6,0,0,0,0,3,1,6,6,2,47,8,1388,1,15,FORD FIESTA,1,E01013591,0,-1
2023552301058,2023,552301058,1,9,0,17,19,4,2,0,0,0,2,0,0,0,1,1,6,6,1,21,5,998,1,10,FORD FIESTA,10,E01015455,0,-1
2023440064344,2023,440064344,1,9,0,9,9,6,8,0,0,8,0,0,0,0,4,1,2,2,1,25,5,1242,1,22,FORD FIESTA,5,E01022781,0,-1
2023440331489,2023,440331489,1,9,0,2,2,0,0,0,0,0,0,0,0,0,3,1,6,6,3,-1,-1,1388,1,15,FORD FIESTA,-1,-1,0,-1
2023302300932,2023,302300932,1,9,0,16,19,3,6,0,0,0,1,0,0,0,1,1,6,6,1,26,6,1596,1,7,FORD FIESTA,2,E01019498,0,-1
2023471359976,2023,471359976,2,9,0,2,2,1,5,0,0,0,0,0,7,0,2,1,6,6,3,-1,-1,1496,1,0,FORD FIESTA,-1,-1,0,-1
2023622300556,2023,622300556,1,8,0,18,19,8,4,0,0,0,0,0,0,0,1,1,6,6,1,31,6,1596,1,10,-1,2,W01001023,0,-1
2023440348059,2023,440348059,3,9,0,4,4,2,6,0,0,0,0,0,0,0,3,1,6,6,1,25,5,998,1,8,FORD FIESTA,2,E01030599,0,-1
2023461336979,2023,461336979,1,9,0,3,3,4,6,0,0,0,0,0,0,0,1,1,5,6,2,23,5,998,1,10,FORD FIESTA,9,E01030571,0,-1
2023101307626,2023,101307626,3,9,0,4,4,3,7,0,0,0,0,0,0,0,2,1,2,2,1,25,5,998,1,7,FORD FIESTA,4,E01008468,0,-1
2023421294587,2023,421294587,1,9,0,4,4,6,2,0,0,0,0,0,0,0,1,1,6,6,1,22,5,998,1,5,FORD FIESTA,3,E01015962,0,-1
2023170S31173,2023,170S31173,2,9,0,9,9,4,2,0,0,8,0,0,0,0,1,1,6,6,1,17,4,1242,1,9,FORD FIESTA,10,E01033479,0,-1
2023411284445,2023,411284445,2,9,0,3,3,3,7,0,0,0,0,0,0,0,2,1,2,2,2,57,9,1242,1,8,FORD FIESTA,6,E01023341,0,-1
2023061335473,2023,061335473,1,9,0,18,19,3,8,0,0,1,0,0,0,0,1,1,5,6,1,80,11,999,8,0,FORD FIESTA,3,E01006291,0,-1
2023201303944,2023,201303944,1,9,0,4,4,7,3,0,0,1,0,0,0,0,2,1,6,6,2,35,6,999,1,3,FORD FIESTA,1,E01009300,0,-1
2023531260842,2023,531260842,1,9,0,7,7,8,4,0,0,1,0,0,0,0,1,1,5,6,2,34,6,1388,1,12,FORD FIESTA,6,E01023250,0,-1
2023161329326,2023,161329326,2,9,0,18,19,3,7,0,0,8,0,0,0,0,1,2,1,1,1,28,6,1242,1,7,FORD FIESTA,8,E01012812,0,-1
2023131313878,2023,131313878,1,9,0,12,12,5,1,0,0,1,0,0,0,0,3,1,5,6,2,75,10,998,1,7,FORD FIESTA,3,E01011477,0,-1
2023361365741,2023,361365741,2,9,0,2,2,0,0,0,0,0,0,0,0,0,3,1,6,6,3,-1,-1,1596,1,14,FORD FIESTA,-1,-1,0,-1
2023546634923,2023,546634923,1,9,0,18,19,5,1,0,0,0,0,0,7,0,1,1,6,6,1,19,4,1560,2,13,FORD FIESTA,4,E01031895,0,-1
2023361350495,2023,361350495,1,9,0,15,15,7,3,0,0,0,0,0,0,0,4,1,2,2,1,35,6,1399,2,11,FORD FIESTA,6,E01026877,0,-1
2023010465747,2023,010465747,2,9,0,99,99,9,9,0,0,5,0,0,0,0,9,9,6,6,3,19,4,-1,-1,-1,FORD FIESTA,3,E01024548,0,-1
2023421323141,2023,421323141,2,19,0,18,19,7,3,0,0,0,0,0,0,0,4,1,5,6,1,47,8,1399,2,13,FORD FIESTA,9,E01015846,0,-1
2023461263633,2023,461263633,1,9,0,4,4,5,1,0,0,0,0,0,0,0,1,1,6,6,2,79,11,1399,2,18,FORD FIESTA,6,E01024491,0,-1
2023010474635,2023,010474635,1,9,0,18,19,3,7,0,0,0,0,4,0,0,1,1,6,6,1,32,6,1596,1,13,FORD FIESTA,4,E01001645,0,-1
2023471393652,2023,471393652,1,9,0,18,19,6,8,0,0,2,2,0,7,11,0,1,6,6,1,56,9,1242,1,16,FORD FIESTA,6,E01031586,0,-1
2023041293682,2023,041293682,2,9,0,18,19,7,3,0,0,8,0,0,0,0,3,1,5,6,2,76,11,998,1,0,FORD FIESTA,9,E01025533,0,-1
2023471332668,2023,471332668,2,9,0,9,9,2,8,0,0,0,0,0,0,0,4,1,5,6,1,40,7,998,1,9,FORD FIESTA,2,E01003194,0,-1
2023421293473,2023,421293473,1,9,0,18,19,1,5,0,0,0,0,0,0,0,1,1,6,6,1,20,4,1596,1,14,FORD FIESTA,9,E01021727,0,-1
2023041335790,2023,041335790,2,9,0,18,19,1,5,0,0,0,0,0,0,0,3,1,5,6,2,60,9,1499,2,10,FORD FIESTA,3,E01012615,0,-1
2023311300804,2023,311300804,1,9,0,15,15,8,4,0,0,0,0,0,0,0,1,1,5,6,1,17,4,998,1,4,FORD FIESTA,6,E01028048,0,-1
2023440328858,2023,440328858,1,9,0,18,19,4,8,0,0,0,0,0,7,4,1,1,6,6,1,22,5,1596,1,19,FORD FIESTA,4,E01017277,0,-1
2023041442936,2023,041442936,2,9,0,9,9,4,8,0,0,8,0,0,0,0,3,1,5,6,2,56,9,998,1,6,FORD FIESTA,10,E01025016,0,-1
2023052300491,2023,052300491,1,9,0,5,5,1,5,0,0,6,0,0,0,0,1,1,6,6,2,47,8,1399,2,13,FORD FIESTA,2,E01006660,0,-1
2023461394135,2023,461394135,1,9,0,18,19,7,3,0,0,0,0,0,0,0,1,1,6,6,1,-1,-1,1596,1,11,FORD FIESTA,3,E01000373,0,-1
2023131302130,2023,131302130,2,9,0,3,3,3,7,0,0,1,0,0,0,0,2,1,6,6,2,19,4,999,1,3,FORD FIESTA,-1,-1,0,-1
2023141329022,2023,141329022,2,9,0,11,11,2,6,0,0,0,0,0,0,0,4,1,6,6,3,-1,-1,1242,1,15,FORD FIESTA,-1,-1,0,-1
2023231322891,2023,231322891,2,9,0,18,19,8,4,0,0,8,0,0,0,0,1,1,2,2,1,27,6,1242,1,8,FORD FIESTA,6,E01031051,0,-1
2023610036223,2023,610036223,1,9,0,18,19,1,5,0,0,0,0,0,0,0,1,1,6,6,1,19,4,1242,1,10,FORD FIESTA,2,W01001358,0,-1
2023461351917,2023,461351917,1,9,0,3,3,7,3,0,0,0,0,0,0,0,1,1,6,6,2,29,6,1242,1,11,FORD FIESTA,10,E01016050,0,-1
2023041306251,2023,041306251,1,9,0,18,19,1,1,0,0,0,0,0,0,0,2,1,1,1,2,36,7,1388,1,18,FORD FIESTA,2,E01025060,0,-1
2023041320663,2023,041320663,1,9,0,18,19,5,1,0,0,0,5,0,0,0,4,1,6,6,1,23,5,998,1,7,FORD FIESTA,1,E01025207,0,-1
2023351278894,2023,351278894,1,9,0,17,19,1,5,0,0,0,0,0,0,0,1,1,6,6,2,54,8,998,1,8,FORD FIESTA,3,E01018092,0,-1
2023041282040,2023,041282040,1,9,0,9,9,3,5,0,0,8,0,0,7,0,3,1,5,6,1,19,4,1242,1,11,FORD FIESTA,8,E01025280,0,-1
2023010439886,2023,010439886,1,9,0,14,14,7,3,0,0,1,0,4,0,0,1,1,6,6,2,58,9,1388,1,20,FORD FIESTA,3,E01015924,0,-1
2023421260724,2023,421260724,1,9,0,5,5,7,3,9,9,2,0,10,2,0,1,1,5,6,1,42,7,998,1,4,FORD FIESTA,7,E01021971,0,-1
2023141314380,2023,141314380,2,9,0,18,19,3,7,0,0,0,0,0,0,0,2,1,5,6,2,42,7,1560,2,9,FORD FIESTA,6,E01007908,0,-1
2023411383788,2023,411383788,1,9,0,17,19,7,5,0,0,0,1,6,0,0,1,1,5,6,1,19,4,1242,1,9,FORD FIESTA,8,E01023616,0,-1
2023071015354,2023,071015354,2,9,0,18,19,2,6,0,0,8,0,0,0,0,1,1,6,6,1,67,10,1242,1,8,FORD FIESTA,2,E01012442,0,-1
2023061270967,2023,061270967,2,9,-1,-1,-1,-1,-1,-1,-1,-1,-1,-1,-1,0,-1,1,6,6,1,-1,-1,1242,1,17,FORD FIESTA,1,E01006357,0,-1
2023471325968,2023,471325968,2,9,0,17,19,7,4,0,0,1,1,0,0,0,2,1,5,6,1,54,8,998,1,5,FORD FIESTA,10,E01022784,0,-1
2023131285913,2023,131285913,2,9,0,9,9,7,3,0,0,1,1,0,0,0,2,1,5,6,1,17,4,998,1,7,FORD FIESTA,1,E01011510,0,-1
2023440351453,2023,440351453,2,9,0,18,19,1,5,0,0,0,0,0,0,0,0,1,2,2,1,25,5,-1,-1,-1,FORD FIESTA,5,E01017097,0,-1
2023430396876,2023,430396876,1,9,0,9,9,3,5,0,0,6,0,0,0,0,3,1,6,6,2,67,10,1242,1,19,FORD FIESTA,10,E01028563,0,-1
2023332300509,2023,332300509,2,9,0,2,2,0,0,0,0,0,0,0,1,3,1,1,6,6,2,61,9,1596,1,17,FORD FIESTA,2,E01013768,0,-1
2023070930044,2023,070930044,1,9,0,17,19,6,1,0,0,1,0,0,0,0,1,1,6,6,1,17,4,1242,1,19,FORD FIESTA,4,E01012469,0,-1
202363C019523,2023,63C019523,1,9,0,18,19,2,6,0,0,0,0,0,0,0,1,1,6,6,1,31,6,1399,2,17,FORD FIESTA,6,W01000575,0,-1
2023231361304,2023,231361304,1,9,0,18,19,6,2,0,0,0,0,0,0,0,0,1,3,7,2,42,7,998,1,5,FORD FIESTA,5,E01031028,0,-1
2023351380825,2023,351380825,1,9,0,18,19,2,6,0,0,0,0,0,0,0,4,1,6,6,1,19,4,1242,1,9,FORD FIESTA,6,E01029951,0,-1
2023010471209,2023,010471209,2,9,0,18,19,5,1,0,0,0,0,0,0,0,1,1,2,2,1,19,4,1242,1,9,FORD FIESTA,5,E01002261,0,-1
2023332300804,2023,332300804,2,9,0,17,19,1,7,0,0,0,1,0,1,0,3,1,6,6,1,-1,-1,998,1,10,FORD FIESTA,-1,-1,0,-1
2023361348008,2023,361348008,1,9,0,9,9,3,5,0,0,0,2,0,1,9,1,1,6,6,1,19,4,1388,1,17,FORD FIESTA,3,E01018109,0,-1
2023351305346,2023,351305346,2,9,0,18,19,3,5,0,0,1,0,0,0,0,4,1,6,6,1,19,4,1399,2,15,FORD FIESTA,8,E01023466,0,-1
2023401377093,2023,401377093,1,9,0,4,4,6,2,0,0,1,0,0,0,0,1,1,2,2,2,19,4,1388,1,11,FORD FIESTA,10,E01017572,0,-1
2023010455722,2023,010455722,2,9,0,14,14,7,3,0,0,1,0,0,0,0,3,1,6,6,1,18,4,998,1,9,FORD FIESTA,3,E01002104,0,-1
2023122300066,2023,122300066,1,9,0,18,19,5,1,0,0,0,2,0,0,0,3,1,6,6,1,17,4,998,1,8,FORD FIESTA,9,E01013426,0,-1
2023010477319,2023,010477319,1,9,0,18,19,1,5,0,0,0,0,0,0,0,1,1,6,6,1,26,6,1242,1,10,FORD FIESTA,6,E01003393,0,-1
2023461329079,2023,461329079,2,9,0,9,9,8,4,0,0,1,0,0,0,0,3,1,2,2,1,28,6,999,1,1,FORD FIESTA,4,E01000788,0,-1
2023540454523,2023,540454523,1,9,0,18,19,2,6,0,0,0,1,0,0,0,1,1,6,6,1,19,4,1242,1,14,FORD FIESTA,-1,-1,0,-1