collision_index,collision_year,collision_ref_no,vehicle_reference,vehicle_type,towing_and_articulation,vehicle_manoeuvre_historic,vehicle_manoeuvre,vehicle_direction_from,vehicle_direction_to,vehicle_location_restricted_lane_historic,vehicle_location_restricted_lane,junction_location,skidding_and_overturning,hit_object_in_carriageway,vehicle_leaving_carriageway,hit_object_off_carriageway,first_point_of_impact,vehicle_left_hand_drive,journey_purpose_of_driver_historic,journey_purpose_of_driver,sex_of_driver,age_of_driver,age_band_of_driver,engine_capacity_cc,propulsion_code,age_of_vehicle,generic_make_model,driver_imd_decile,lsoa_of_driver,escooter_flag,driver_distance_banding
2023201395467,2023,201395467,1,9,0,17,19,1,6,0,0,0,0,0,0,0,4,1,6,6,1,20,4,1242,1,14,FORD FIESTA,1,E01010473,0,-1
2023461318825,2023,461318825,2,9,0,18,19,6,3,0,0,0,2,0,0,0,1,1,6,6,2,28,6,1596,1,15,FORD FIESTA,4,E01032810,0,-1
2023010428999,2023,010428999,2,9,0,6,6,1,1,0,0,1,0,0,0,0,4,1,6,6,2,35,6,1388,1,17,FORD FIESTA,3,E01002557,0,-1
2023052301041,2023,052301041,2,9,0,18,19,3,7,0,0,0,0,0,0,0,3,1,6,6,2,56,9,999,1,2,FORD FIESTA,4,E01006537,0,-1
2023332300032,2023,332300032,1,9,0,18,19,2,6,0,0,0,0,0,0,0,1,1,6,6,1,-1,-1,998,1,6,FORD FIESTA,10,E01025872,0,-1
2023010472251,2023,010472251,1,9,0,99,99,9,9,99,99,9,9,99,9,99,1,9,6,6,1,29,6,1242,1,13,FORD FIESTA,7,E01016812,0,-1
2023010461850,2023,010461850,1,9,0,9,9,4,1,0,0,8,0,0,0,0,3,1,6,6,2,63,9,1242,1,8,FORD FIESTA,2,E01004424,0,-1
2023201362003,2023,201362003,1,9,0,18,19,8,4,0,0,1,0,0,0,0,1,1,6,6,2,37,7,1242,1,6,FORD FIESTA,5,E01009948,0,-1
2023520300747,2023,520300747,1,9,0,18,19,7,3,0,0,2,0,0,1,1,1,1,6,6,2,82,11,1388,1,11,FORD FIESTA,3,E01029175,0,-1
2023501356335,2023,501356335,2,9,0,18,19,1,5,0,0,0,0,0,0,0,1,1,5,6,2,23,5,1560,2,13,FORD FIESTA,7,E01020219,0,-1
2023010446866,2023,010446866,3,9,0,2,2,0,0,0,0,1,0,0,0,0,2,1,6,6,3,-1,-1,998,1,7,FORD FIESTA,-1,-1,0,-1
2023451275256,2023,451275256,1,9,0,17,19,6,2,0,0,0,5,0,1,11,1,1,6,6,2,36,7,1242,1,13,FORD FIESTA,5,E01030664,0,-1
2023430393453,2023,430393453,1,9,0,18,19,2,6,0,0,1,0,0,0,0,1,1,6,6,2,49,8,999,1,2,FORD FIESTA,-1,-1,0,-1
2023201398166,2023,201398166,1,9,0,12,12,7,2,0,0,1,0,0,0,0,3,1,6,6,2,81,11,1596,1,7,FORD FIESTA,-1,-1,0,-1
2023991302610,2023,991302610,2,9,0,18,19,6,5,0,0,8,0,0,1,7,3,1,5,6,2,79,11,998,1,0,FORD FIESTA,8,-1,0,-1
2023010464677,2023,010464677,2,9,0,9,9,1,6,0,0,0,0,0,0,0,3,1,6,6,2,38,7,998,1,7,FORD FIESTA,7,E01002341,0,-1
2023311285350,2023,311285350,1,9,0,4,4,4,8,0,0,4,1,0,0,0,1,1,6,6,1,19,4,1242,1,8,FORD FIESTA,9,E01019678,0,-1
2023010427677,2023,010427677,1,9,0,99,99,9,9,99,99,9,9,99,9,99,2,9,6,6,2,32,6,1242,1,12,FORD FIESTA,2,E01000876,0,-1
2023522300666,2023,522300666,1,9,0,18,19,8,4,0,0,8,0,0,0,0,1,1,6,6,1,34,6,1560,2,12,FORD FIESTA,4,W01001610,0,-1
2023991311193,2023,991311193,1,9,0,5,5,8,6,0,0,6,0,0,0,0,1,1,5,6,1,20,4,1596,1,13,FORD FIESTA,8,-1,0,-1
2023010452919,2023,010452919,2,9,0,99,99,9,9,99,99,0,9,99,9,99,2,9,6,6,3,-1,-1,1560,2,13,FORD FIESTA,-1,-1,0,-1
2023501339708,2023,501339708,1,9,0,18,19,1,5,0,0,8,0,0,0,0,1,1,6,6,1,19,4,1242,1,11,FORD FIESTA,3,E01015166,0,-1
2023351293918,2023,351293918,1,9,0,7,7,3,5,0,0,6,0,0,0,0,4,1,5,6,1,19,4,1242,1,20,FORD FIESTA,9,E01018120,0,-1
2023320420134,2023,320420134,1,9,0,18,19,6,2,0,0,0,0,0,0,0,1,1,6,6,3,-1,-1,1596,1,10,FORD FIESTA,-1,-1,0,-1
2023141291971,2023,141291971,1,9,0,9,9,6,3,0,0,8,0,0,0,0,4,1,5,6,2,73,10,1596,1,17,FORD FIESTA,2,E01007815,0,-1
2023201380470,2023,201380470,2,9,0,18,19,2,6,0,0,0,0,0,0,0,1,1,2,2,2,22,5,998,1,10,FORD FIESTA,3,E01010218,0,-1
2023461386894,2023,461386894,1,9,0,18,19,3,7,0,0,0,0,0,0,0,1,2,5,6,1,48,8,998,1,0,FORD FIESTA,4,E01024382,0,-1
2023361331657,2023,361331657,2,9,0,5,5,5,3,0,0,1,0,0,0,0,2,1,2,2,1,57,9,1084,1,2,FORD FIESTA,4,E01033037,0,-1
2023552300327,2023,552300327,1,9,0,9,9,1,7,0,0,5,0,0,0,0,1,1,6,6,2,22,5,1388,1,12,FORD FIESTA,10,E01016407,0,-1
2023010424284,2023,010424284,3,9,0,99,99,9,9,99,99,9,9,99,9,99,9,9,6,6,3,-1,-1,1242,1,11,FORD FIESTA,8,E01002915,0,-1
2023061361293,2023,061361293,2,9,0,3,3,-1,-1,0,0,1,0,0,0,0,2,1,5,6,1,40,7,1242,1,10,FORD FIESTA,3,E01006291,0,-1
2023101341038,2023,101341038,2,9,0,4,4,1,5,0,0,1,0,0,0,0,2,1,5,6,2,20,4,998,1,9,FORD FIESTA,9,-1,0,-1
2023201377274,2023,201377274,1,9,0,18,19,8,4,0,0,0,0,0,0,0,1,1,6,6,1,41,7,1242,1,13,FORD FIESTA,1,E01009305,0,-1
2023111261947,2023,111261947,1,9,0,5,5,2,4,0,0,1,0,0,0,0,1,1,2,2,2,22,5,998,1,5,FORD FIESTA,10,E01012330,0,-1
2023302300253,2023,302300253,2,9,0,3,3,8,4,0,0,0,0,0,0,0,2,1,6,6,2,34,6,1560,2,9,FORD FIESTA,5,E01032586,0,-1
2023201418686,2023,201418686,1,9,0,3,3,4,8,0,0,0,0,0,0,0,1,1,1,1,2,28,6,1084,1,4,FORD FIESTA,6,E01010133,0,-1
2023061333553,2023,061333553,1,9,0,16,19,8,5,0,0,1,0,0,0,0,1,1,5,6,1,34,6,1242,1,14,FORD FIESTA,-1,-1,0,-1
2023221283674,2023,221283674,1,9,0,18,19,2,6,0,0,2,0,0,0,0,1,1,5,6,2,69,10,998,1,8,FORD FIESTA,10,E01032364,0,-1
2023131364461,2023,131364461,1,9,0,17,19,3,7,0,0,0,0,0,1,0,1,1,6,6,1,21,5,1242,1,15,FORD FIESTA,6,E01010787,0,-1
2023031264390,2023,031264390,1,9,5,18,19,1,5,0,0,0,0,0,0,0,1,1,5,6,2,19,4,1596,1,16,FORD FIESTA,1,E01019193,0,-1
2023531273069,2023,531273069,2,9,0,18,19,8,4,0,0,0,0,0,0,0,2,1,6,6,2,33,6,998,1,5,FORD FIESTA,10,E01022106,0,-1
2023170H10673,2023,170H10673,1,9,0,9,9,4,1,0,0,8,0,0,0,0,1,1,6,6,2,18,4,1388,1,16,FORD FIESTA,6,E01011967,0,-1
2023131311270,2023,131311270,2,9,0,18,19,7,3,0,0,4,1,7,7,11,1,1,6,6,3,-1,-1,998,1,4,FORD FIESTA,-1,-1,0,-1
2023461384041,2023,461384041,1,9,0,18,19,1,6,0,0,0,0,0,0,0,1,1,5,6,2,65,9,1388,1,14,FORD FIESTA,4,E01024742,0,-1
2023421387774,2023,421387774,1,9,0,4,4,5,8,0,0,0,2,0,7,7,1,1,6,6,1,26,6,1596,1,9,FORD FIESTA,2,E01000056,0,-1
2023471373735,2023,471373735,1,9,0,17,19,6,2,0,0,0,2,0,8,0,1,1,5,6,2,20,4,1388,1,19,FORD FIESTA,5,E01031401,0,-1
2023461303772,2023,461303772,1,9,0,18,19,7,3,0,0,1,1,11,1,4,1,1,6,6,1,22,5,1242,1,11,FORD FIESTA,7,E01021130,0,-1
2023622300286,2023,622300286,2,9,0,2,2,0,0,0,0,0,0,0,0,0,2,1,6,6,3,-1,-1,1242,1,7,FORD FIESTA,-1,-1,0,-1
2023101287065,2023,101287065,2,9,0,18,19,1,5,0,0,8,0,0,0,0,1,1,5,6,2,60,9,1242,1,13,FORD FIESTA,1,E01008610,0,-1
2023201313115,2023,201313115,2,9,0,18,19,4,8,0,0,0,0,0,0,0,1,1,6,6,1,20,4,1242,1,8,FORD FIESTA,4,E01010100,0,-1
2023231332979,2023,231332979,1,9,0,18,19,2,6,0,0,0,1,0,0,0,3,1,5,6,2,36,7,1242,1,15,FORD FIESTA,1,E01029845,0,-1
2023221330550,2023,221330550,1,9,0,18,19,7,3,0,0,1,0,0,0,0,1,1,6,6,1,25,5,1388,1,14,FORD FIESTA,1,E01027874,0,-1
2023131331022,2023,131331022,1,9,0,18,19,7,3,0,0,0,0,0,0,0,1,1,2,2,1,69,10,1399,2,15,FORD FIESTA,6,E01011239,0,-1
2023122301333,2023,122301333,2,9,0,14,14,2,7,0,0,1,0,0,0,0,3,1,6,6,1,54,8,1596,1,20,FORD FIESTA,6,E01027784,0,-1
2023501358486,2023,501358486,1,9,0,18,19,8,4,0,0,0,5,0,2,10,3,1,5,6,1,23,5,998,1,6,FORD FIESTA,8,E01026542,0,-1
2023311392958,2023,311392958,2,9,0,18,19,3,7,0,0,1,0,0,0,0,3,1,6,6,2,53,8,1084,1,5,FORD FIESTA,6,E01028188,0,-1
202360A143850,2023,60A143850,2,9,0,4,4,8,4,0,0,0,0,0,0,0,1,1,6,6,2,30,6,1388,1,13,FORD FIESTA,-1,-1,0,-1
2023548601023,2023,548601023,1,9,0,9,9,2,1,0,0,5,0,0,1,1,1,1,6,6,2,68,10,1596,1,9,FORD FIESTA,8,E01032709,0,-1
2023041336255,2023,041336255,3,9,0,18,19,3,7,0,0,1,1,0,0,0,4,1,5,6,1,64,9,1242,1,16,FORD FIESTA,1,E01012638,0,-1
2023302300154,2023,302300154,2,9,0,18,19,8,4,0,0,2,0,0,0,0,2,1,6,6,1,20,4,1499,2,4,FORD FIESTA,6,E01029424,0,-1
2023552301365,2023,552301365,2,9,0,9,9,7,5,0,0,5,0,0,0,0,3,1,1,1,1,17,4,998,1,5,FORD FIESTA,10,E01022707,0,-1
2023201292063,2023,201292063,2,9,0,5,5,8,5,0,0,8,0,0,0,0,1,1,2,2,2,54,8,998,1,7,FORD FIESTA,3,E01009045,0,-1
2023991290248,2023,991290248,11,9,0,18,19,1,5,0,0,1,1,0,0,0,1,1,6,6,2,36,7,998,1,7,FORD FIESTA,10,-1,0,-1
2023201412573,2023,201412573,2,9,0,18,19,1,5,0,0,1,0,0,0,0,1,1,6,6,1,39,7,1242,1,10,FORD FIESTA,-1,-1,0,-1
2023201276709,2023,201276709,2,9,0,18,19,7,3,0,0,8,0,0,0,0,1,1,6,6,2,58,9,1242,1,15,FORD FIESTA,2,E01009102,0,-1
2023501378245,2023,501378245,2,9,0,18,19,3,6,0,0,0,0,7,0,0,1,1,6,6,1,82,11,999,1,3,FORD FIESTA,9,E01015104,0,-1
2023041270180,2023,041270180,1,9,0,11,11,3,7,0,0,0,0,0,0,0,1,1,2,2,1,31,6,999,1,2,FORD FIESTA,4,E01012607,0,-1
2023010438701,2023,010438701,1,9,0,12,12,7,3,0,0,0,0,0,0,0,2,1,6,6,1,24,5,998,1,5,FORD FIESTA,3,E01002407,0,-1
2023340WN3392,2023,340WN3392,1,9,0,5,5,3,7,0,0,0,0,0,0,0,3,1,6,6,2,57,9,1084,1,5,FORD FIESTA,6,E01027025,0,-1
2023052300963,2023,052300963,2,9,0,8,8,5,1,0,0,1,0,0,0,0,4,1,2,2,2,31,6,1242,1,9,FORD FIESTA,1,E01006644,0,-1
2023471343232,2023,471343232,2,9,0,18,19,5,1,0,0,1,0,0,0,0,4,1,6,6,2,18,4,1560,2,16,FORD FIESTA,7,E01021098,0,-1
2023552400252,2023,552400252,2,9,0,18,19,8,4,0,0,0,0,0,0,0,1,1,6,6,2,59,9,1242,1,16,FORD FIESTA,6,E01020493,0,-1
2023421376847,2023,421376847,1,9,0,18,19,7,3,0,0,0,0,0,8,0,1,1,2,2,1,21,5,1242,1,21,FORD FIESTA,4,E01015933,0,-1
2023131291108,2023,131291108,2,9,0,18,19,3,7,0,0,0,0,0,0,0,2,1,5,6,1,23,5,1596,1,6,FORD FIESTA,7,E01011800,0,-1
2023041272204,2023,041272204,2,9,0,18,19,7,3,0,0,0,0,0,0,0,1,1,5,6,1,20,4,1242,1,10,FORD FIESTA,6,E01025026,0,-1
2023440368584,2023,440368584,2,9,0,3,3,2,6,0,0,0,0,0,0,0,2,1,6,6,2,48,8,999,1,3,FORD FIESTA,10,E01015445,0,-1
2023461376221,2023,461376221,2,9,0,18,19,2,6,0,0,0,0,0,0,0,1,1,1,1,1,62,9,1388,1,21,FORD FIESTA,4,E01016137,0,-1
2023461303907,2023,461303907,2,9,0,18,19,6,2,0,0,0,0,0,0,0,2,1,6,6,2,44,7,1242,1,10,FORD FIESTA,2,E01024246,0,-1
2023070662387,2023,070662387,2,9,0,18,19,7,2,0,0,0,0,0,0,0,2,1,6,6,2,28,6,1242,1,8,FORD FIESTA,1,E01012381,0,-1
2023302400001,2023,302400001,1,9,0,17,19,6,3,0,0,1,0,0,0,0,1,1,6,6,1,25,5,1242,1,14,FORD FIESTA,1,E01013535,0,-1
2023010434624,2023,010434624,1,9,0,5,5,5,1,0,0,2,0,0,0,0,1,1,2,2,2,58,9,998,1,5,FORD FIESTA,-1,-1,0,-1
2023471330757,2023,471330757,1,9,0,18,19,7,3,0,0,0,0,0,8,4,1,1,5,6,1,81,11,998,1,7,FORD FIESTA,10,E01031678,0,-1
2023991287622,2023,991287622,1,9,0,16,19,6,2,0,0,0,0,0,0,0,2,1,2,2,1,59,9,-1,-1,-1,FORD FIESTA,3,-1,0,-1
2023101352510,2023,101352510,2,9,0,3,3,5,1,0,0,1,0,0,0,0,2,1,2,2,1,55,8,1242,1,19,FORD FIESTA,5,E01008384,0,-1
2023010482687,2023,010482687,2,9,0,99,99,9,9,99,99,9,9,99,9,99,1,9,6,6,3,54,8,1242,1,20,FORD FIESTA,4,E01000745,0,-1
2023010450660,2023,010450660,2,9,0,18,19,2,6,0,0,1,0,0,0,0,1,1,6,6,1,27,6,999,1,2,FORD FIESTA,2,E01023338,0,-1
2023201309133,2023,201309133,2,9,0,3,3,6,2,0,0,1,0,0,0,0,2,1,6,6,2,44,7,999,1,3,FORD FIESTA,2,E01010020,0,-1
2023302300120,2023,302300120,1,9,0,18,19,4,8,0,0,1,0,0,0,0,1,1,6,6,1,67,10,1388,1,19,FORD FIESTA,2,E01019547,0,-1
2023201389052,2023,201389052,2,9,0,5,5,4,8,0,0,0,0,0,0,0,2,1,6,6,1,35,6,1242,1,7,FORD FIESTA,5,E01008885,0,-1
2023421371051,2023,421371051,2,9,0,18,19,7,3,0,0,8,0,0,3,1,1,1,6,6,2,31,6,998,1,8,FORD FIESTA,10,E01023440,0,-1
2023546215523,2023,546215523,2,9,0,4,4,6,2,0,0,0,0,0,0,0,2,1,3,7,2,36,7,1242,1,9,FORD FIESTA,9,E01031953,0,-1
2023170S30923,2023,170S30923,1,9,0,18,19,1,5,0,0,0,0,0,0,0,1,1,6,6,1,35,6,1596,1,15,FORD FIESTA,3,E01012282,0,-1
2023061323650,2023,061323650,1,9,0,18,19,5,1,0,0,8,0,0,0,0,1,1,6,6,1,19,4,1596,1,12,FORD FIESTA,4,E01005284,0,-1
2023131283989,2023,131283989,1,9,0,9,9,5,2,0,0,1,0,0,0,0,1,1,2,2,1,63,9,998,1,7,FORD FIESTA,9,E01011151,0,-1
2023545781223,2023,545781223,2,9,0,4,4,7,3,0,0,0,0,0,0,0,2,1,6,6,2,65,9,998,1,8,FORD FIESTA,6,E01029040,0,-1
2023991383295,2023,991383295,1,9,0,18,19,8,4,0,0,0,0,0,0,0,1,1,2,2,1,20,4,1596,1,15,FORD FIESTA,7,-1,0,-1
2023520301208,2023,520301208,1,9,0,16,19,1,5,0,0,0,1,0,7,4,1,1,6,6,1,21,5,1399,2,12,FORD FIESTA,4,E01029187,0,-1
2023501317233,2023,501317233,1,9,0,16,19,1,5,0,0,8,5,0,8,11,3,1,5,6,1,22,5,1999,1,16,FORD FIESTA,6,E01015200,0,-1
2023010468837,2023,010468837,2,9,0,18,19,5,1,0,0,0,1,0,5,7,1,1,2,2,1,45,7,1499,2,7,FORD FIESTA,-1,-1,0,-1
2023131279371,2023,131279371,1,9,0,18,19,1,5,0,0,1,0,4,0,0,4,1,6,6,3,-1,-1,998,1,4,FORD FIESTA,-1,-1,0,-1
2023010471542,2023,010471542,1,9,0,10,10,6,4,0,0,8,0,0,0,0,3,1,2,2,1,20,4,1242,1,12,FORD FIESTA,2,E01000781,0,-1
2023010431668,2023,010431668,2,9,0,6,6,6,6,0,0,1,0,0,0,0,2,1,6,6,1,23,5,1388,1,14,FORD FIESTA,6,E01015942,0,-1
2023201311323,2023,201311323,2,9,0,18,19,1,5,0,0,0,0,0,3,0,1,1,6,6,1,-1,-1,998,1,7,FORD FIESTA,9,E01009860,0,-1
2023141345794,2023,141345794,1,9,0,18,19,4,8,0,0,1,0,0,0,0,3,1,6,6,2,22,5,1399,2,14,FORD FIESTA,3,E01007679,0,-1
2023010466002,2023,010466002,1,9,0,9,9,3,8,0,0,6,0,0,0,0,3,1,2,2,1,66,10,1242,1,13,FORD FIESTA,5,E01004076,0,-1
2023991307056,2023,991307056,1,9,0,18,19,3,6,0,0,1,0,0,7,10,1,1,5,6,1,76,11,1388,1,14,FORD FIESTA,10,-1,0,-1
2023221279681,2023,221279681,1,9,0,17,19,6,3,0,0,0,2,0,1,1,1,1,5,6,1,17,4,1388,1,16,FORD FIESTA,7,E01029639,0,-1
2023201444599,2023,201444599,2,9,0,18,19,2,6,0,0,0,0,0,0,0,2,1,6,6,2,-1,-1,1299,1,20,FORD FIESTA,2,E01009100,0,-1
2023351341568,2023,351341568,1,9,0,14,14,4,8,0,0,8,0,0,0,0,4,1,6,6,1,24,5,1596,1,7,FORD FIESTA,-1,-1,0,-1
2023052301732,2023,052301732,1,9,0,18,19,1,5,0,0,1,0,0,0,0,1,1,6,6,1,19,4,998,1,1,FORD FIESTA,1,E01006703,0,-1
2023070817037,2023,070817037,3,9,0,4,4,5,1,0,0,0,0,0,0,0,2,1,6,6,2,24,5,998,1,5,FORD FIESTA,5,E01033096,0,-1
2023440268107,2023,440268107,2,9,0,16,19,5,8,0,0,0,0,0,0,0,1,1,2,2,2,36,7,1388,1,14,FORD FIESTA,-1,-1,0,-1
2023461296304,2023,461296304,1,9,0,18,19,5,1,0,0,8,0,0,0,0,3,1,6,6,1,21,5,998,1,7,FORD FIESTA,6,E01024084,0,-1
2023411299355,2023,411299355,2,9,0,3,3,4,8,0,0,0,0,0,0,0,2,1,1,1,2,57,9,1560,2,9,FORD FIESTA,10,E01023595,0,-1
2023311338947,2023,311338947,1,9,0,7,7,5,7,0,0,5,0,0,0,0,1,1,5,6,1,26,6,1242,1,13,FORD FIESTA,3,E01028083,0,-1
2023411398879,2023,411398879,1,9,0,8,8,6,1,0,0,6,0,0,0,0,1,1,6,6,2,41,7,1084,1,4,FORD FIESTA,4,E01023774,0,-1
2023421324149,2023,421324149,1,9,0,9,9,5,3,0,0,6,0,0,0,0,3,1,6,6,2,34,6,1388,1,13,FORD FIESTA,-1,-1,0,-1
2023371322223,2023,371322223,1,9,0,18,19,6,2,0,0,0,0,0,0,0,3,1,2,2,2,26,6,1399,2,15,FORD FIESTA,6,E01030081,0,-1
2023451276255,2023,451276255,1,9,0,17,19,2,6,0,0,0,1,0,1,10,1,1,2,2,1,43,7,-1,-1,-1,FORD FIESTA,4,E01030914,0,-1
2023320794359,2023,320794359,1,9,0,18,19,8,4,0,0,0,0,0,1,0,1,1,6,6,1,72,10,1242,1,7,FORD FIESTA,2,E01013128,0,-1
2023070711421,2023,070711421,2,9,0,18,19,5,3,0,0,8,0,0,0,0,1,1,6,6,1,30,6,1388,1,18,FORD FIESTA,5,E01018426,0,-1
2023332300083,2023,332300083,2,9,0,18,19,8,4,0,0,8,0,0,6,10,1,1,6,6,2,25,5,1399,2,11,FORD FIESTA,4,E01031054,0,-1
2023332301059,2023,332301059,1,9,0,5,5,3,7,9,9,6,0,0,0,0,1,1,6,6,2,23,5,1388,1,11,FORD FIESTA,9,E01025693,0,-1
2023010481936,2023,010481936,1,9,0,9,9,7,4,0,0,8,0,0,0,0,1,1,6,6,1,24,5,1388,1,13,FORD FIESTA,2,E01004252,0,-1
2023501334729,2023,501334729,1,9,0,9,9,7,4,0,0,6,0,0,0,0,1,1,5,6,2,43,7,1388,1,15,FORD FIESTA,7,E01020008,0,-1
2023421346666,2023,421346666,1,9,0,18,19,3,7,0,0,8,0,0,0,0,1,1,1,1,2,43,7,1388,1,16,FORD FIESTA,3,E01015882,0,-1
2023122301187,2023,122301187,1,9,0,18,19,7,4,0,0,0,5,0,8,4,1,1,6,6,1,22,5,1596,1,18,FORD FIESTA,7,E01013024,0,-1
2023991369177,2023,991369177,1,9,0,18,19,6,2,0,0,0,0,0,7,0,1,1,5,6,1,18,4,1596,1,22,FORD FIESTA,7,-1,0,-1
2023421334601,2023,421334601,2,9,0,18,19,3,7,0,0,8,0,0,1,0,4,1,5,6,1,20,4,1596,1,12,FORD FIESTA,4,E01022048,0,-1
202354A078423,2023,54A078423,1,9,0,18,19,5,1,0,0,0,5,0,0,0,1,1,6,6,2,34,6,998,1,6,FORD FIESTA,5,E01015529,0,-1
202360A045466,2023,60A045466,2,9,0,2,2,0,0,0,0,0,0,0,0,0,0,1,6,6,2,30,6,1242,1,10,FORD FIESTA,-1,-1,0,-1
2023101392800,2023,101392800,2,9,0,18,19,2,6,0,0,0,0,0,-1,0,4,1,5,6,1,76,11,1388,1,14,FORD FIESTA,7,E01020701,0,-1
2023111272233,2023,111272233,1,9,0,17,19,2,6,0,0,0,0,0,0,0,1,1,3,7,2,46,8,998,1,8,FORD FIESTA,1,E01020907,0,-1
2023070259078,2023,070259078,1,9,0,11,11,6,2,0,0,1,0,0,1,0,1,1,6,6,1,85,11,1084,1,4,FORD FIESTA,4,E01007046,0,-1
2023531375909,2023,531375909,1,9,0,9,9,5,1,0,0,8,0,0,0,0,1,1,5,6,2,86,11,998,1,10,FORD FIESTA,9,E01022314,0,-1
202363D003323,2023,63D003323,2,9,0,18,19,2,6,0,0,0,0,0,0,0,1,1,2,2,1,19,4,1242,1,14,FORD FIESTA,7,W01000477,0,-1
2023302301348,2023,302301348,1,9,0,16,19,6,2,0,0,0,1,0,1,11,1,1,6,6,1,18,4,998,1,8,FORD FIESTA,7,E01019812,0,-1
2023311283541,2023,311283541,2,9,0,18,19,1,3,0,0,1,0,0,0,0,1,1,1,1,1,34,6,1242,1,18,FORD FIESTA,-1,-1,0,-1
2023991380711,2023,991380711,1,9,0,9,9,2,8,0,0,0,0,0,7,11,1,1,5,6,2,42,7,1242,1,18,FORD FIESTA,8,-1,0,-1
2023010444939,2023,010444939,2,9,0,99,99,9,9,99,99,9,9,99,9,99,1,9,6,6,1,35,6,1242,1,14,FORD FIESTA,4,E01003568,0,-1
2023552400011,2023,552400011,1,9,0,9,9,8,6,5,5,6,0,0,0,0,1,1,6,6,1,43,7,1399,2,11,FORD FIESTA,8,E01032845,0,-1
2023991269112,2023,991269112,1,9,0,17,19,4,7,0,0,8,1,0,1,0,1,1,2,2,2,30,6,1499,2,6,FORD FIESTA,6,-1,0,-1
2023461298876,2023,461298876,2,9,0,3,3,3,7,0,0,0,0,0,0,0,2,1,6,6,2,34,6,998,1,8,FORD FIESTA,7,E01024635,0,-1
2023161371270,2023,161371270,1,9,0,3,3,8,2,0,0,1,0,0,0,0,2,1,5,6,2,42,7,1242,1,12,FORD FIESTA,4,E01013076,0,-1
2023052301916,2023,052301916,4,9,0,18,19,5,1,0,0,1,0,0,0,0,2,1,6,6,2,55,8,1242,1,11,FORD FIESTA,6,E01006955,0,-1
202360A073436,2023,60A073436,1,9,0,16,19,4,8,0,0,1,0,0,1,1,4,1,6,6,2,35,6,1399,2,14,FORD FIESTA,-1,-1,0,-1
2023010449304,2023,010449304,2,9,0,9,9,1,7,0,0,8,0,0,0,0,3,1,6,6,1,18,4,1242,1,15,FORD FIESTA,-1,-1,0,-1
2023552400219,2023,552400219,1,9,0,18,19,5,1,0,0,4,0,0,0,0,1,1,2,2,1,54,8,1388,1,16,FORD FIESTA,8,E01020579,0,-1
2023201403298,2023,201403298,1,9,0,18,19,2,6,0,0,8,0,10,1,11,1,1,6,6,2,21,5,1499,2,4,FORD FIESTA,4,E01031087,0,-1
2023471328150,2023,471328150,2,9,0,2,2,7,3,0,0,1,0,0,0,0,4,1,6,6,3,-1,-1,999,1,2,FORD FIESTA,-1,-1,0,-1
2023131322271,2023,131322271,1,9,0,-1,-1,-1,-1,-1,-1,0,-1,-1,-1,-1,-1,1,6,6,3,-1,-1,999,1,0,FORD FIESTA,-1,-1,0,-1
2023520301313,2023,520301313,1,9,0,18,19,2,6,0,0,1,0,0,0,0,3,1,6,6,2,80,11,998,1,4,FORD FIESTA,9,E01029210,0,-1
2023201402767,2023,201402767,2,9,0,18,19,5,1,0,0,6,0,0,0,0,1,1,5,6,2,24,5,1242,1,14,FORD FIESTA,2,E01010019,0,-1
2023311315760,2023,311315760,1,9,0,16,19,5,1,0,0,2,0,0,7,9,1,1,5,6,2,19,4,998,1,9,FORD FIESTA,3,E01028338,0,-1
2023461295241,2023,461295241,3,9,0,16,19,2,6,0,0,4,0,0,0,0,2,1,5,6,2,23,5,1242,1,13,FORD FIESTA,7,E01016078,0,-1
2023461379140,2023,461379140,1,9,0,7,7,3,7,0,0,1,1,0,0,0,1,1,5,6,2,18,4,1242,1,8,FORD FIESTA,8,E01016119,0,-1
2023131354924,2023,131354924,2,9,0,18,19,1,5,0,0,1,0,0,0,0,1,1,5,6,2,22,5,1242,1,6,FORD FIESTA,6,E01011551,0,-1
2023461289685,2023,461289685,1,9,0,18,19,7,3,0,0,0,0,0,0,0,0,1,6,6,3,-1,-1,1242,1,7,FORD FIESTA,-1,-1,0,-1
2023361356284,2023,361356284,1,9,0,9,9,1,8,0,0,2,0,0,0,0,1,1,5,6,1,53,8,1242,1,7,FORD FIESTA,10,E01026521,0,-1
2023461282591,2023,461282591,2,9,0,4,4,1,3,0,0,1,0,0,0,0,2,1,6,6,2,40,7,1084,1,5,FORD FIESTA,6,E01016076,0,-1
2023461379242,2023,461379242,1,9,0,7,7,7,1,0,0,1,0,0,0,0,1,1,6,6,2,29,6,1242,1,8,FORD FIESTA,3,E01024291,0,-1
2023010452789,2023,010452789,1,9,0,12,12,1,5,0,0,0,0,0,0,0,1,2,6,6,2,22,5,998,1,8,FORD FIESTA,2,E01003601,0,-1