collision_index,collision_year,collision_ref_no,vehicle_reference,vehicle_type,towing_and_articulation,vehicle_manoeuvre_historic,vehicle_manoeuvre,vehicle_direction_from,vehicle_direction_to,vehicle_location_restricted_lane_historic,vehicle_location_restricted_lane,junction_location,skidding_and_overturning,hit_object_in_carriageway,vehicle_leaving_carriageway,hit_object_off_carriageway,first_point_of_impact,vehicle_left_hand_drive,journey_purpose_of_driver_historic,journey_purpose_of_driver,sex_of_driver,age_of_driver,age_band_of_driver,engine_capacity_cc,propulsion_code,age_of_vehicle,generic_make_model,driver_imd_decile,lsoa_of_driver,escooter_flag,driver_distance_banding
2023991333226,2023,991333226,2,9,0,18,19,3,7,0,0,0,0,0,0,0,2,1,5,6,2,63,9,1399,2,11,FORD FIESTA,4,-1,0,-1
2023010458975,2023,010458975,4,9,0,2,2,0,0,0,0,0,0,0,0,0,3,1,6,6,3,-1,-1,-1,-1,-1,FORD FIESTA,-1,-1,0,-1
2023010484872,2023,010484872,2,9,0,99,99,9,9,99,99,9,9,99,9,99,1,9,6,6,3,55,8,1242,1,13,FORD FIESTA,1,E01003503,0,-1
2023122300459,2023,122300459,1,9,0,18,19,5,1,0,0,1,0,0,0,0,1,1,6,6,1,25,5,1299,1,22,FORD FIESTA,10,E01013420,0,-1
2023141367821,2023,141367821,2,9,0,18,19,2,6,0,0,1,0,0,0,0,1,1,5,6,2,29,6,998,1,5,FORD FIESTA,1,E01007779,0,-1
2023111384056,2023,111384056,1,9,0,18,19,4,8,0,0,1,0,0,0,0,1,1,6,6,1,29,6,1596,1,18,FORD FIESTA,2,E01020908,0,-1
2023440009812,2023,440009812,1,9,0,18,19,2,6,0,0,3,1,0,7,10,1,1,6,6,1,19,4,1242,1,15,FORD FIESTA,10,E01022869,0,-1
2023421366323,2023,421366323,3,9,0,2,2,0,0,0,0,0,0,0,0,0,1,1,2,2,1,30,6,1242,1,15,FORD FIESTA,4,E01015953,0,-1
2023501380916,2023,501380916,2,9,0,18,19,7,3,0,0,0,1,0,0,0,1,1,1,1,2,59,9,1242,1,14,FORD FIESTA,8,E01019015,0,-1
2023622301012,2023,622301012,2,9,0,18,19,4,8,0,0,0,0,0,0,0,1,1,6,6,2,21,5,1242,1,6,FORD FIESTA,2,W01001910,0,-1
2023461289539,2023,461289539,1,9,0,1,1,3,7,0,0,0,0,0,0,0,4,1,6,6,1,-1,-1,1084,1,6,FORD FIESTA,6,E01024216,0,-1
2023161298469,2023,161298469,2,8,0,18,19,2,6,0,0,0,0,0,0,0,1,1,1,1,1,-1,-1,1084,1,4,-1,-1,-1,0,-1
2023440499972,2023,440499972,1,9,0,17,19,5,3,0,0,0,2,0,1,0,3,1,1,1,1,24,5,1560,2,11,FORD FIESTA,5,E01023019,0,-1
2023141339593,2023,141339593,1,9,0,15,15,1,5,0,0,0,0,0,0,0,4,1,2,2,1,19,4,998,1,7,FORD FIESTA,9,E01007602,0,-1
2023122301276,2023,122301276,2,9,0,8,8,7,1,0,0,8,0,0,0,0,2,1,6,6,1,81,11,998,1,7,FORD FIESTA,8,E01027640,0,-1
2023440023104,2023,440023104,1,9,0,18,19,3,7,0,0,1,1,0,0,0,1,1,1,1,1,40,7,-1,-1,-1,FORD FIESTA,4,E01017235,0,-1
2023421363380,2023,421363380,2,9,-1,8,8,-1,-1,0,0,0,0,0,0,0,-1,1,6,6,2,26,6,999,1,3,FORD FIESTA,9,E01022060,0,-1
202354A135523,2023,54A135523,1,9,0,18,19,8,4,0,0,5,5,0,1,1,1,1,6,6,1,21,5,1242,1,10,FORD FIESTA,2,E01009029,0,-1
2023111370958,2023,111370958,1,9,0,18,19,7,3,0,0,0,0,0,0,0,1,1,5,6,1,26,6,1399,2,13,FORD FIESTA,3,E01008851,0,-1
2023010455540,2023,010455540,1,9,0,18,19,5,1,0,0,2,0,0,0,0,4,1,6,6,2,43,7,1242,1,10,FORD FIESTA,2,E01001442,0,-1
2023451264970,2023,451264970,1,9,0,17,19,5,5,0,0,0,1,0,1,4,1,1,1,1,1,29,6,1399,2,14,FORD FIESTA,4,E01023144,0,-1
2023141379796,2023,141379796,1,9,0,10,10,8,6,0,0,0,0,0,0,0,3,1,6,6,1,23,5,1388,1,15,FORD FIESTA,6,E01007521,0,-1
2023471331898,2023,471331898,1,9,0,18,19,2,7,0,0,1,0,0,0,0,4,1,6,6,3,-1,-1,1399,2,18,FORD FIESTA,-1,-1,0,-1
2023221372018,2023,221372018,2,9,0,18,19,2,6,0,0,8,0,0,0,0,1,1,6,6,2,55,8,998,1,8,FORD FIESTA,5,E01029005,0,-1
2023122301240,2023,122301240,1,9,0,5,5,7,3,0,0,1,0,0,0,0,3,1,6,6,3,71,10,998,1,7,FORD FIESTA,10,E01013440,0,-1
2023111290801,2023,111290801,2,9,0,18,19,2,6,0,0,2,0,0,0,0,3,1,5,6,1,30,6,1242,1,17,FORD FIESTA,9,E01012329,0,-1
2023231297753,2023,231297753,1,9,0,10,10,8,6,0,0,5,0,0,0,0,1,1,6,6,1,28,6,1242,1,15,FORD FIESTA,4,E01031030,0,-1
2023010441071,2023,010441071,2,9,0,99,99,9,9,99,99,9,9,99,9,99,1,9,6,6,3,-1,-1,1242,1,12,FORD FIESTA,-1,-1,0,-1
2023052302559,2023,052302559,4,9,0,2,2,0,0,0,0,0,0,0,0,0,2,1,6,6,3,-1,-1,1242,1,15,FORD FIESTA,-1,-1,0,-1
2023101272477,2023,101272477,2,9,0,3,3,7,2,0,0,1,0,0,0,0,2,1,2,2,2,29,6,1399,2,11,FORD FIESTA,6,-1,0,-1
2023122300925,2023,122300925,1,9,0,18,19,1,2,0,0,0,0,0,0,0,1,1,6,6,1,81,11,1242,1,7,FORD FIESTA,6,E01027881,0,-1
2023531277685,2023,531277685,2,9,0,18,19,6,2,0,0,0,0,0,0,0,2,1,5,6,1,25,5,1084,1,4,FORD FIESTA,8,E01022101,0,-1
2023131381079,2023,131381079,2,9,0,2,2,0,0,0,0,0,0,0,0,0,1,1,6,6,3,-1,-1,1242,1,6,FORD FIESTA,-1,-1,0,-1
2023440169904,2023,440169904,1,9,0,9,9,1,7,0,0,8,0,0,0,0,4,1,6,6,1,33,6,1388,1,13,FORD FIESTA,8,E01023078,0,-1
2023332300285,2023,332300285,1,9,0,4,4,1,5,9,9,8,0,0,0,0,1,1,6,6,3,-1,-1,1596,1,16,FORD FIESTA,-1,-1,0,-1
2023122300144,2023,122300144,1,9,0,9,9,6,5,0,0,6,1,0,0,0,1,1,6,6,3,-1,-1,998,1,4,FORD FIESTA,-1,-1,0,-1
2023221316894,2023,221316894,1,9,0,18,19,1,5,0,0,0,1,0,0,0,1,1,5,6,1,23,5,1242,1,12,FORD FIESTA,2,E01032224,0,-1
2023430551327,2023,430551327,1,9,0,9,9,2,8,0,0,5,0,0,0,0,1,1,6,6,1,38,7,1560,2,11,FORD FIESTA,10,E01017638,0,-1
2023991378609,2023,991378609,2,9,0,3,3,2,6,0,0,0,0,0,0,0,2,1,6,6,1,28,6,1242,1,16,FORD FIESTA,3,-1,0,-1
2023131322378,2023,131322378,1,9,0,18,19,1,5,0,0,0,5,0,0,0,3,1,5,6,1,17,4,1499,2,10,FORD FIESTA,8,E01011496,0,-1
2023471329301,2023,471329301,1,9,0,5,5,8,4,0,0,8,0,0,0,0,1,1,2,2,2,49,8,1242,1,11,FORD FIESTA,7,E01016916,0,-1
2023320783494,2023,320783494,2,9,0,3,3,6,2,0,0,1,0,0,0,0,2,1,2,2,1,19,4,1596,1,11,FORD FIESTA,3,E01026110,0,-1
2023061364219,2023,061364219,1,9,0,18,19,4,8,6,6,0,0,0,1,1,1,1,5,6,1,44,7,1596,1,15,FORD FIESTA,2,E01005027,0,-1
2023041326706,2023,041326706,2,9,0,18,19,3,7,0,0,0,0,0,2,7,1,1,5,6,1,25,5,1242,1,21,FORD FIESTA,2,E01012696,0,-1
2023052302164,2023,052302164,1,9,0,9,9,5,2,0,0,6,0,0,0,0,1,1,6,6,2,74,10,1596,1,21,FORD FIESTA,1,E01006481,0,-1
2023101350560,2023,101350560,1,9,0,17,19,7,3,0,0,0,5,0,0,0,4,1,2,2,1,17,4,1388,1,15,FORD FIESTA,-1,-1,0,-1
2023221390666,2023,221390666,1,9,0,9,9,3,8,0,0,4,1,0,1,2,1,1,6,6,1,20,4,998,1,0,FORD FIESTA,8,E01014077,0,-1
2023531261334,2023,531261334,2,9,0,18,19,5,1,0,0,8,0,0,0,0,1,1,5,6,2,28,6,998,1,9,FORD FIESTA,7,E01031887,0,-1
2023610001323,2023,610001323,1,9,0,18,19,8,4,0,0,0,0,0,0,0,4,1,6,6,2,37,7,1499,2,8,FORD FIESTA,3,W01001632,0,-1
2023201284329,2023,201284329,1,9,0,9,9,5,3,0,0,5,0,0,0,0,2,1,6,6,2,76,11,998,1,6,FORD FIESTA,9,E01009456,0,-1
2023522301449,2023,522301449,1,9,0,18,19,1,5,0,0,0,0,0,1,7,1,1,6,6,1,50,8,998,1,0,FORD FIESTA,9,E01032362,0,-1
2023201420419,2023,201420419,2,9,0,2,2,0,0,0,0,0,0,0,0,0,2,1,6,6,2,20,4,998,1,7,FORD FIESTA,4,E01009276,0,-1
2023302301789,2023,302301789,2,9,0,18,19,5,1,0,0,8,0,0,0,0,1,1,6,6,1,59,9,1242,1,7,FORD FIESTA,4,E01019550,0,-1
2023411382321,2023,411382321,1,9,0,18,19,7,3,0,0,0,0,0,0,0,4,1,5,6,2,26,6,998,1,9,FORD FIESTA,8,E01000172,0,-1
2023991316486,2023,991316486,1,9,0,3,3,1,1,9,9,1,0,0,0,0,1,1,5,6,2,22,5,1499,2,7,FORD FIESTA,-1,-1,0,-1
2023052301852,2023,052301852,2,9,0,18,19,3,7,0,0,8,0,0,0,0,1,1,6,6,1,37,7,999,1,2,FORD FIESTA,9,E01007258,0,-1
2023361271297,2023,361271297,1,9,0,18,19,7,3,0,0,0,0,0,7,10,1,1,2,2,1,17,4,1242,1,16,FORD FIESTA,4,E01026790,0,-1
2023010444572,2023,010444572,1,9,0,18,19,5,1,0,0,1,0,0,0,0,2,1,1,1,1,52,8,998,1,9,FORD FIESTA,-1,-1,0,-1
2023161314912,2023,161314912,1,9,0,3,3,6,2,0,0,0,0,0,0,0,2,1,5,6,2,24,5,1388,1,14,FORD FIESTA,1,E01027805,0,-1
2023201400692,2023,201400692,1,9,0,18,19,8,4,0,0,0,0,4,0,0,1,1,6,6,1,30,6,998,1,6,FORD FIESTA,4,E01016141,0,-1
2023622300763,2023,622300763,5,9,0,17,19,7,3,0,0,0,0,0,0,0,1,1,6,6,2,29,6,1242,1,8,FORD FIESTA,3,W01001287,0,-1
2023361307570,2023,361307570,1,9,0,18,19,1,5,0,0,2,1,0,0,0,1,1,5,6,1,18,4,1242,1,11,FORD FIESTA,7,E01026880,0,-1
2023031325894,2023,031325894,1,9,0,18,19,5,1,0,0,0,0,0,0,0,1,1,2,2,1,20,4,1242,1,12,FORD FIESTA,6,E01019237,0,-1
2023010471655,2023,010471655,1,9,0,9,9,1,7,0,0,8,0,0,0,0,0,1,2,2,1,36,7,1242,1,12,FORD FIESTA,2,E01033498,0,-1
2023991272892,2023,991272892,1,9,0,7,7,4,6,0,0,4,0,0,0,0,3,1,5,6,1,85,11,1388,1,17,FORD FIESTA,2,-1,0,-1
2023421344830,2023,421344830,2,9,0,3,3,1,5,0,0,3,0,0,0,0,3,1,6,6,1,22,5,1596,1,13,FORD FIESTA,7,E01021867,0,-1
2023041329194,2023,041329194,2,9,0,7,7,3,1,0,0,6,0,0,0,0,3,1,2,2,1,33,6,-1,-1,-1,FORD FIESTA,1,E01025045,0,-1
2023302300911,2023,302300911,1,9,0,10,10,2,8,0,0,8,0,0,0,0,3,1,6,6,1,18,4,1242,1,12,FORD FIESTA,6,E01033536,0,-1
2023041297636,2023,041297636,1,9,0,18,19,1,1,0,0,0,0,4,0,0,1,1,6,6,1,22,5,1242,1,13,FORD FIESTA,1,E01006759,0,-1
2023332300762,2023,332300762,2,9,0,3,3,6,2,0,0,1,0,0,0,0,2,1,6,6,2,21,5,1242,1,18,FORD FIESTA,9,E01025633,0,-1
2023461295227,2023,461295227,1,9,0,18,19,3,7,0,0,0,0,4,0,0,3,1,2,2,2,21,5,1242,1,10,FORD FIESTA,1,E01024507,0,-1
2023547368723,2023,547368723,1,9,0,18,19,3,7,0,0,0,0,0,0,0,1,1,6,6,1,-1,-1,1242,1,16,FORD FIESTA,9,E01031890,0,-1
2023631347611,2023,631347611,2,9,0,18,19,5,1,0,0,0,0,0,0,0,1,1,5,6,1,18,4,1388,1,14,FORD FIESTA,7,W01000497,0,-1
2023131284246,2023,131284246,1,9,0,18,19,7,3,0,0,0,0,0,0,0,1,1,2,2,1,20,4,1242,1,12,FORD FIESTA,2,E01011809,0,-1
2023311367503,2023,311367503,2,9,0,18,19,8,5,0,0,0,0,0,0,0,1,1,5,6,1,28,6,1242,1,9,FORD FIESTA,-1,-1,0,-1
2023010457403,2023,010457403,1,9,0,9,9,1,7,0,0,5,1,0,0,0,3,1,6,6,2,20,4,1242,1,10,FORD FIESTA,6,E01023601,0,-1
2023010455140,2023,010455140,2,9,0,18,19,5,1,0,0,8,0,10,0,0,3,1,6,6,1,69,10,1388,1,12,FORD FIESTA,-1,-1,0,-1
2023991338340,2023,991338340,2,9,0,3,3,3,7,0,0,1,0,0,0,0,2,1,6,6,1,27,6,1560,2,11,FORD FIESTA,9,-1,0,-1
2023332300652,2023,332300652,1,9,0,18,19,5,1,0,0,4,0,9,0,0,1,1,6,6,1,29,6,998,1,8,FORD FIESTA,-1,-1,0,-1
2023421272328,2023,421272328,3,9,0,18,19,7,3,0,0,1,1,0,0,0,1,1,6,6,1,18,4,1596,1,14,FORD FIESTA,6,E01021917,0,-1
2023520000440,2023,520000440,2,9,0,18,19,1,5,0,0,0,0,0,0,0,1,1,6,6,2,26,6,998,1,5,FORD FIESTA,5,E01032075,0,-1
2023991319601,2023,991319601,1,9,0,17,19,1,5,0,0,8,1,0,7,0,1,1,6,6,1,25,5,1299,1,21,FORD FIESTA,5,-1,0,-1
2023340WN4922,2023,340WN4922,2,9,0,18,19,5,1,0,0,1,0,0,7,0,4,1,6,6,2,66,10,1496,1,0,FORD FIESTA,6,E01025801,0,-1
2023070823728,2023,070823728,1,9,0,18,19,3,7,0,0,0,0,0,0,0,1,1,6,6,1,-1,-1,998,1,6,FORD FIESTA,-1,-1,0,-1
2023622300188,2023,622300188,1,9,0,16,19,4,8,0,0,0,0,0,4,6,1,1,6,6,1,22,5,998,1,3,FORD FIESTA,1,W01000993,0,-1
2023010474987,2023,010474987,7,9,0,2,2,0,0,0,0,2,0,0,0,0,4,1,6,6,3,-1,-1,1242,1,17,FORD FIESTA,-1,-1,0,-1
2023131283260,2023,131283260,2,9,0,18,19,1,5,0,0,0,0,0,1,0,3,1,5,6,1,52,8,1388,1,12,FORD FIESTA,5,E01011063,0,-1
2023221378008,2023,221378008,1,9,0,9,9,8,5,0,0,6,0,0,0,0,1,1,6,6,1,68,10,999,8,0,FORD FIESTA,6,E01022187,0,-1
2023461317812,2023,461317812,2,9,0,18,19,3,7,0,0,1,0,0,0,0,1,1,5,6,2,25,5,1388,1,13,FORD FIESTA,5,E01024577,0,-1
2023052301284,2023,052301284,2,9,0,2,2,0,0,0,0,1,0,0,0,0,2,1,1,1,3,-1,-1,1242,1,7,FORD FIESTA,-1,-1,0,-1
2023461263756,2023,461263756,2,9,0,18,19,3,7,0,0,0,0,0,0,0,2,1,2,2,1,30,6,1388,1,14,FORD FIESTA,6,E01024848,0,-1
2023201371441,2023,201371441,1,9,0,9,9,8,6,0,0,8,0,0,0,0,1,1,6,6,1,18,4,1596,1,13,FORD FIESTA,-1,-1,0,-1
2023061353413,2023,061353413,2,9,0,18,19,4,8,0,0,8,0,0,0,0,1,1,5,6,1,20,4,1242,1,13,FORD FIESTA,2,E01005263,0,-1
2023131275808,2023,131275808,1,9,0,18,19,1,1,0,0,0,0,0,0,0,1,1,5,6,2,24,5,1388,1,19,FORD FIESTA,1,E01011910,0,-1
2023421410220,2023,421410220,1,9,0,1,1,2,6,0,0,1,0,0,0,0,2,1,6,6,1,25,5,-1,-1,-1,FORD FIESTA,7,E01021608,0,-1
2023501347843,2023,501347843,2,9,0,18,19,3,7,0,0,0,0,0,0,0,1,1,1,1,1,48,8,1388,1,12,FORD FIESTA,4,E01020571,0,-1
2023351351260,2023,351351260,1,9,0,18,19,-1,-1,0,0,4,0,0,0,0,1,1,5,6,2,24,5,1388,1,13,FORD FIESTA,3,E01015668,0,-1
2023471333506,2023,471333506,1,9,0,5,5,5,3,0,0,0,0,0,0,0,3,1,6,6,2,22,5,1084,1,4,FORD FIESTA,10,E01031763,0,-1
2023010456362,2023,010456362,1,9,0,9,9,1,6,0,0,6,0,0,0,0,1,1,2,2,1,27,6,1242,1,9,FORD FIESTA,3,E01030711,0,-1
2023031340736,2023,031340736,2,9,0,9,9,1,7,0,0,1,0,0,0,0,1,1,6,6,1,23,5,1084,1,6,FORD FIESTA,8,E01019242,0,-1
2023320729508,2023,320729508,1,9,0,18,19,2,6,0,0,8,0,0,7,0,1,1,6,6,1,25,5,998,1,10,FORD FIESTA,3,E01019807,0,-1
2023141379202,2023,141379202,1,9,0,17,19,7,3,0,0,0,0,0,1,0,1,1,5,6,1,17,4,998,1,10,FORD FIESTA,5,E01007751,0,-1
2023421308979,2023,421308979,1,9,0,18,19,7,3,0,0,0,0,0,0,0,1,1,5,6,1,24,5,1596,1,14,FORD FIESTA,5,E01021901,0,-1
2023501278552,2023,501278552,3,9,0,18,19,7,3,0,0,0,0,0,0,0,1,1,6,6,2,51,8,1499,2,10,FORD FIESTA,-1,-1,0,-1
2023221389715,2023,221389715,1,9,0,18,19,8,3,0,0,0,2,0,1,4,1,1,6,6,2,19,4,1242,1,20,FORD FIESTA,2,E01028873,0,-1
2023041283908,2023,041283908,1,9,0,18,19,8,4,0,0,2,0,0,0,0,3,1,2,2,2,19,4,1399,2,12,FORD FIESTA,1,E01025112,0,-1
2023351271964,2023,351271964,2,9,0,18,19,2,8,0,0,0,0,0,0,0,4,1,5,6,2,30,6,1242,1,9,FORD FIESTA,4,E01015621,0,-1
2023201390740,2023,201390740,2,9,0,5,5,8,4,0,0,8,0,0,0,0,1,1,6,6,1,-1,-1,1242,1,12,FORD FIESTA,1,E01013456,0,-1
2023010459918,2023,010459918,1,9,0,99,99,9,9,99,99,9,9,99,9,99,2,9,6,6,1,72,10,1388,1,11,FORD FIESTA,5,E01001658,0,-1
2023061259725,2023,061259725,3,9,0,3,3,1,5,0,0,1,0,0,0,0,3,1,2,2,1,39,7,1596,1,14,FORD FIESTA,2,E01005949,0,-1
2023052301469,2023,052301469,1,9,0,18,19,2,6,0,0,1,0,0,0,0,1,1,6,6,1,-1,-1,999,1,3,FORD FIESTA,3,E01007049,0,-1
2023501279397,2023,501279397,2,9,0,16,19,1,5,0,0,0,0,0,0,0,1,1,5,6,1,17,4,1242,1,17,FORD FIESTA,5,E01020068,0,-1
2023041339549,2023,041339549,3,9,0,18,19,5,1,0,0,0,0,0,0,0,1,1,6,6,1,55,8,1242,1,17,FORD FIESTA,1,E01012721,0,-1
2023451388918,2023,451388918,1,9,0,18,19,1,5,0,0,0,0,0,0,0,3,1,5,6,2,63,9,1388,1,13,FORD FIESTA,10,E01030641,0,-1
2023231311626,2023,231311626,3,9,0,18,19,5,1,0,0,8,0,0,0,0,0,1,5,6,1,19,4,1388,1,14,FORD FIESTA,9,E01031019,0,-1
2023461356291,2023,461356291,2,9,0,17,19,7,3,0,0,8,0,0,0,0,3,1,6,6,1,44,7,999,8,0,FORD FIESTA,3,E01024149,0,-1
2023461297935,2023,461297935,2,9,0,17,19,3,8,0,0,0,0,0,0,0,1,1,6,6,2,21,5,1084,1,4,FORD FIESTA,8,E01024816,0,-1
2023101293005,2023,101293005,5,9,0,2,2,0,0,0,0,2,0,0,0,0,1,1,6,6,1,23,5,1242,1,8,FORD FIESTA,10,E01027855,0,-1
2023421355526,2023,421355526,2,9,0,18,19,3,7,0,0,8,0,0,0,0,2,1,6,6,2,23,5,1242,1,16,FORD FIESTA,8,E01021610,0,-1
2023351352015,2023,351352015,1,9,0,18,19,5,8,0,0,1,0,0,0,0,1,1,6,6,1,39,7,1242,1,13,FORD FIESTA,1,E01015639,0,-1
2023302300277,2023,302300277,1,9,0,17,19,2,8,0,0,0,0,0,0,0,1,1,6,6,1,19,4,-1,-1,-1,FORD FIESTA,7,E01027961,0,-1
2023141296756,2023,141296756,1,9,0,18,19,5,1,0,0,1,1,0,0,0,1,1,5,6,1,26,6,1496,1,4,FORD FIESTA,4,E01007646,0,-1
2023471378950,2023,471378950,1,9,0,16,19,4,8,0,0,0,0,0,7,9,1,1,5,6,1,17,4,998,1,0,FORD FIESTA,2,E01033588,0,-1
2023010423171,2023,010423171,2,9,0,99,99,9,9,99,99,9,9,99,9,99,1,9,6,6,3,37,7,1242,1,10,FORD FIESTA,3,E01001479,0,-1
2023041260423,2023,041260423,1,9,0,9,9,7,5,0,0,4,0,0,0,0,1,1,5,6,1,58,9,1388,1,12,FORD FIESTA,7,E01025079,0,-1
2023010436624,2023,010436624,2,9,0,18,19,3,7,0,0,1,0,0,0,0,2,1,6,6,2,74,10,998,1,7,FORD FIESTA,9,E01002275,0,-1
2023010468252,2023,010468252,2,9,0,2,2,0,0,9,9,0,0,0,0,0,1,1,6,6,3,-1,-1,998,1,8,FORD FIESTA,-1,-1,0,-1
2023311289002,2023,311289002,1,9,0,5,5,5,1,0,0,0,0,0,0,0,3,1,3,7,2,34,6,998,1,10,FORD FIESTA,1,E01013855,0,-1
2023451372300,2023,451372300,2,9,0,18,19,1,2,0,0,8,1,0,0,0,1,1,3,7,2,27,6,1388,1,12,FORD FIESTA,4,E01002973,0,-1
2023201276994,2023,201276994,2,9,0,3,3,2,6,0,0,1,0,0,0,0,2,1,5,6,2,28,6,998,1,9,FORD FIESTA,4,E01010330,0,-1
2023631341120,2023,631341120,1,9,0,17,19,4,1,0,0,0,2,11,2,10,4,1,5,6,1,17,4,1242,1,14,FORD FIESTA,7,W01000556,0,-1
2023461361863,2023,461361863,1,9,0,18,19,4,8,0,0,0,0,0,0,0,1,1,6,6,1,28,6,1388,1,12,FORD FIESTA,1,E01024581,0,-1
2023522301651,2023,522301651,2,9,0,7,7,2,5,0,0,6,0,0,0,0,1,1,6,6,1,76,11,1242,1,15,FORD FIESTA,9,E01014710,0,-1
2023361358274,2023,361358274,2,9,0,18,19,5,1,0,0,0,1,0,0,0,3,1,2,2,1,57,9,1499,2,8,FORD FIESTA,4,E01026846,0,-1
2023501373742,2023,501373742,1,9,0,18,19,2,6,0,0,0,5,0,1,0,1,1,2,2,1,41,7,1242,1,19,FORD FIESTA,-1,-1,0,-1
202360A112744,2023,60A112744,1,9,0,18,19,2,6,0,0,0,0,0,0,0,1,1,1,1,1,-1,-1,-1,-1,-1,FORD FIESTA,-1,-1,0,-1
2023311310160,2023,311310160,2,9,0,17,19,2,7,0,0,0,0,0,0,0,1,1,5,6,1,18,4,1242,1,15,FORD FIESTA,9,E01028241,0,-1
2023221345520,2023,221345520,2,9,0,16,19,6,1,0,0,7,0,0,0,0,1,1,6,6,1,51,8,1399,2,14,FORD FIESTA,1,E01032302,0,-1
2023451371392,2023,451371392,1,9,0,4,4,7,3,0,0,0,0,0,0,0,1,1,6,6,1,78,11,1596,1,13,FORD FIESTA,10,E01030874,0,-1
2023010437390,2023,010437390,2,9,0,99,99,9,9,99,99,9,9,99,9,99,1,9,6,6,3,-1,-1,1084,1,5,FORD FIESTA,6,E01002005,0,-1
2023461326111,2023,461326111,1,9,0,18,19,1,5,0,0,1,0,0,0,0,4,1,5,6,2,66,10,1242,1,11,FORD FIESTA,4,E01016055,0,-1
2023031331932,2023,031331932,2,9,0,10,10,6,4,0,0,1,0,0,0,0,2,1,2,2,2,52,8,1242,1,7,FORD FIESTA,7,E01019203,0,-1
2023361375883,2023,361375883,1,9,0,18,19,3,7,0,0,1,1,0,0,0,1,1,6,6,1,20,4,1242,1,12,FORD FIESTA,5,E01026727,0,-1
2023122300154,2023,122300154,1,9,0,9,9,4,1,0,0,3,0,0,0,0,1,1,6,6,1,23,5,998,1,5,FORD FIESTA,10,E01023520,0,-1
2023010461845,2023,010461845,2,9,0,9,9,3,1,0,0,8,0,0,0,0,0,1,6,6,1,24,5,998,1,4,FORD FIESTA,2,E01001758,0,-1
2023302300607,2023,302300607,1,9,0,16,19,2,6,0,0,0,0,0,0,0,3,1,6,6,1,23,5,998,1,6,FORD FIESTA,5,E01031266,0,-1
2023991354142,2023,991354142,1,9,0,18,19,2,6,0,0,0,1,0,0,0,4,1,5,6,2,55,8,999,1,3,FORD FIESTA,5,-1,0,-1
2023311318991,2023,311318991,2,9,0,18,19,1,1,0,0,1,0,0,0,0,1,1,2,2,2,78,11,999,1,1,FORD FIESTA,6,E01028183,0,-1
2023201325801,2023,201325801,1,9,0,18,19,8,4,0,0,1,0,0,0,0,1,1,6,6,1,23,5,1388,1,12,FORD FIESTA,2,E01009304,0,-1
2023631323361,2023,631323361,1,9,0,4,4,8,4,0,0,1,0,0,0,0,4,1,5,6,2,19,4,1242,1,10,FORD FIESTA,6,W01000496,0,-1
2023451303567,2023,451303567,1,9,0,3,3,1,4,0,0,0,0,0,0,0,2,1,2,2,2,53,8,998,1,10,FORD FIESTA,10,E01030603,0,-1
2023201339286,2023,201339286,3,9,0,4,4,8,4,0,0,0,0,0,0,0,1,1,6,6,1,20,4,1242,1,14,FORD FIESTA,2,E01010270,0,-1
2023461291436,2023,461291436,2,9,0,4,4,1,5,0,0,0,0,0,0,0,2,1,2,2,2,21,5,1388,1,14,FORD FIESTA,8,E01024542,0,-1
2023440078562,2023,440078562,1,9,0,18,19,6,2,0,0,0,0,7,0,0,1,1,6,6,1,33,6,1388,1,18,FORD FIESTA,8,E01017056,0,-1
2023451287651,2023,451287651,1,9,0,9,9,3,4,0,0,0,1,0,0,0,4,2,5,6,2,17,4,998,1,9,FORD FIESTA,-1,-1,0,-1
2023131310914,2023,131310914,1,9,0,9,9,1,7,0,0,1,0,0,0,0,3,1,2,2,2,76,11,1388,1,19,FORD FIESTA,10,E01010580,0,-1
2023311263523,2023,311263523,1,9,0,13,13,1,5,0,0,0,0,0,0,0,1,1,6,6,1,59,9,1399,2,17,FORD FIESTA,1,E01013940,0,-1
2023302300977,2023,302300977,1,9,0,18,19,8,5,0,0,0,0,11,0,0,1,1,6,6,1,26,6,1242,1,17,FORD FIESTA,1,E01005758,0,-1
2023211346113,2023,211346113,2,9,0,8,8,3,7,0,0,0,0,0,0,0,1,1,2,2,1,50,8,998,1,8,FORD FIESTA,-1,-1,0,-1
2023221320563,2023,221320563,1,9,0,3,3,6,2,0,0,1,0,0,0,0,2,1,6,6,1,27,6,1388,1,11,FORD FIESTA,9,E01009959,0,-1
2023421357865,2023,421357865,3,9,0,2,2,0,0,9,9,0,0,0,0,0,4,1,6,6,3,-1,-1,998,1,10,FORD FIESTA,-1,-1,0,-1
2023041380148,2023,041380148,2,9,0,3,3,3,7,0,0,0,0,2,0,0,1,1,5,6,1,42,7,998,1,8,FORD FIESTA,4,E01025405,0,-1