collision_index,collision_year,collision_ref_no,vehicle_reference,vehicle_type,towing_and_articulation,vehicle_manoeuvre_historic,vehicle_manoeuvre,vehicle_direction_from,vehicle_direction_to,vehicle_location_restricted_lane_historic,vehicle_location_restricted_lane,junction_location,skidding_and_overturning,hit_object_in_carriageway,vehicle_leaving_carriageway,hit_object_off_carriageway,first_point_of_impact,vehicle_left_hand_drive,journey_purpose_of_driver_historic,journey_purpose_of_driver,sex_of_driver,age_of_driver,age_band_of_driver,engine_capacity_cc,propulsion_code,age_of_vehicle,generic_make_model,driver_imd_decile,lsoa_of_driver,escooter_flag,driver_distance_banding
2023531375850,2023,531375850,2,9,0,10,10,3,7,0,0,5,0,0,0,0,2,1,6,6,1,59,9,998,1,4,FORD FIESTA,9,E01022304,0,-1
2023461320549,2023,461320549,2,9,0,3,3,7,3,0,0,0,0,0,0,0,3,1,6,6,1,57,9,998,1,7,FORD FIESTA,10,E01031619,0,-1
2023201409119,2023,201409119,2,9,0,4,4,8,4,0,0,0,0,0,0,0,0,1,6,6,2,64,9,998,1,9,FORD FIESTA,2,E01008884,0,-1
2023131379676,2023,131379676,1,9,0,18,19,5,1,0,0,0,0,0,0,0,1,1,5,6,1,18,4,1388,1,13,FORD FIESTA,3,E01011752,0,-1
2023201393386,2023,201393386,2,9,0,9,9,4,2,0,0,5,0,0,0,0,1,1,2,2,2,22,5,1596,1,9,FORD FIESTA,1,E01010063,0,-1
2023161357132,2023,161357132,2,9,0,18,19,7,3,0,0,0,0,0,0,0,1,1,6,6,1,20,4,1242,1,15,FORD FIESTA,-1,-1,0,-1
2023061263174,2023,061263174,1,9,0,18,19,5,1,0,0,0,0,0,0,0,1,1,6,6,2,62,9,1242,1,13,FORD FIESTA,1,E01005706,0,-1
2023421308021,2023,421308021,1,9,0,18,19,7,3,0,0,0,0,0,0,0,1,1,2,2,1,26,6,1596,1,16,FORD FIESTA,6,E01021334,0,-1
2023461348761,2023,461348761,1,9,0,18,19,2,6,0,0,0,1,0,7,9,1,1,5,6,1,17,4,1560,2,14,FORD FIESTA,1,E01026808,0,-1
2023622300633,2023,622300633,2,9,0,18,19,6,2,0,0,1,0,0,0,0,4,1,6,6,2,41,7,1242,1,11,FORD FIESTA,3,W01001923,0,-1
2023101293005,2023,101293005,4,9,0,2,2,0,0,0,0,2,0,0,0,0,1,1,6,6,3,-1,-1,1242,1,7,FORD FIESTA,-1,-1,0,-1
2023421336209,2023,421336209,1,9,0,18,19,6,2,0,0,0,0,0,0,0,1,1,5,6,2,22,5,1242,1,8,FORD FIESTA,2,E01015938,0,-1
2023501323384,2023,501323384,1,9,0,4,4,2,7,0,0,2,0,0,0,0,3,1,6,6,1,49,8,1388,1,17,FORD FIESTA,1,E01019004,0,-1
2023991284843,2023,991284843,1,9,0,9,9,6,4,0,0,5,0,0,0,0,1,1,5,6,2,62,9,998,1,9,FORD FIESTA,10,-1,0,-1
2023131267054,2023,131267054,2,9,0,18,19,7,3,0,0,8,1,0,0,0,1,1,2,2,1,41,7,998,1,8,FORD FIESTA,5,E01011391,0,-1
2023340WN4102,2023,340WN4102,2,9,0,3,3,8,4,0,0,4,0,0,0,0,2,1,6,6,2,48,8,998,1,8,FORD FIESTA,9,E01027201,0,-1
2023071237539,2023,071237539,3,9,0,4,4,3,7,0,0,0,0,0,0,0,2,1,2,2,1,25,5,998,1,7,FORD FIESTA,8,E01012557,0,-1
2023221291843,2023,221291843,1,9,0,9,9,7,4,0,0,6,0,0,0,0,3,1,1,1,2,19,4,1242,1,11,FORD FIESTA,7,E01014007,0,-1
2023340NN1552,2023,340NN1552,1,9,0,9,9,7,6,0,0,6,0,0,0,0,4,1,6,6,1,20,4,999,1,2,FORD FIESTA,5,E01026973,0,-1
2023320400176,2023,320400176,2,9,0,18,19,8,4,0,0,8,0,0,0,0,1,1,6,6,2,51,8,998,1,4,FORD FIESTA,-1,-1,0,-1
2023131318758,2023,131318758,1,9,0,18,19,5,1,0,0,0,0,4,0,0,3,1,6,6,1,78,11,998,1,8,FORD FIESTA,6,E01010969,0,-1
2023522400333,2023,522400333,2,9,0,2,2,0,0,0,0,0,0,0,0,0,3,1,6,6,3,-1,-1,998,1,9,FORD FIESTA,-1,-1,0,-1
2023010455342,2023,010455342,2,9,0,99,99,9,9,99,99,9,9,99,9,99,9,9,6,6,3,-1,-1,1242,1,8,FORD FIESTA,-1,-1,0,-1
2023501308137,2023,501308137,1,9,0,12,12,3,2,0,0,1,0,0,0,0,3,1,5,6,1,23,5,998,1,9,FORD FIESTA,2,E01020016,0,-1
2023201362830,2023,201362830,2,9,0,4,4,8,8,0,0,1,0,0,0,0,2,1,2,2,1,19,4,1084,1,4,FORD FIESTA,5,E01031088,0,-1
2023440117307,2023,440117307,2,9,0,4,4,7,3,0,0,0,0,0,0,0,2,1,6,6,1,17,4,1388,1,15,FORD FIESTA,5,E01032840,0,-1
2023522300158,2023,522300158,2,9,0,18,19,7,3,0,0,1,0,0,0,0,1,1,6,6,2,79,11,1388,1,18,FORD FIESTA,1,E01014516,0,-1
2023052300518,2023,052300518,1,9,0,18,19,5,1,0,0,0,0,0,0,0,1,1,6,6,1,20,4,1388,1,16,FORD FIESTA,5,E01007143,0,-1
2023421338297,2023,421338297,1,9,0,16,19,6,1,0,0,0,1,0,1,0,1,1,2,2,1,18,4,998,1,9,FORD FIESTA,7,E01021457,0,-1
2023010482326,2023,010482326,2,9,0,18,19,3,7,0,0,1,0,0,1,0,1,1,2,2,2,22,5,998,1,7,FORD FIESTA,-1,-1,0,-1
2023552301333,2023,552301333,2,9,0,2,2,0,0,0,0,0,0,0,0,0,1,1,6,6,3,-1,-1,1242,1,13,FORD FIESTA,-1,-1,0,-1
2023041393378,2023,041393378,2,9,0,18,19,5,1,0,0,8,0,0,0,0,3,1,5,6,2,60,9,1242,1,19,FORD FIESTA,5,E01012710,0,-1
2023052300393,2023,052300393,1,9,0,18,19,8,4,0,0,4,0,0,3,11,1,1,6,6,1,26,6,1242,1,20,FORD FIESTA,5,E01018532,0,-1
2023061365516,2023,061365516,2,9,0,9,9,6,2,0,0,8,0,0,0,0,3,1,1,1,1,33,6,-1,-1,-1,FORD FIESTA,10,E01006205,0,-1
2023010453860,2023,010453860,1,9,0,5,5,3,7,0,0,2,0,0,0,0,1,1,6,6,2,23,5,1242,1,10,FORD FIESTA,3,E01002401,0,-1
2023522300470,2023,522300470,2,9,0,9,9,7,3,0,0,8,0,0,0,0,1,1,6,6,1,-1,-1,1242,1,14,FORD FIESTA,8,E01014400,0,-1
2023361318424,2023,361318424,2,9,0,4,4,8,4,0,0,2,0,0,1,0,2,1,2,2,1,45,7,1399,2,14,FORD FIESTA,2,E01026425,0,-1
2023010455886,2023,010455886,2,9,0,99,99,9,9,99,99,9,9,99,9,99,1,9,6,6,3,-1,-1,1388,1,14,FORD FIESTA,-1,-1,0,-1
2023440021502,2023,440021502,2,9,0,4,4,2,5,0,0,0,1,0,0,0,1,1,6,6,1,19,4,1388,1,13,FORD FIESTA,3,E01022904,0,-1
2023421346773,2023,421346773,2,9,0,4,4,6,2,0,0,1,0,0,0,0,2,1,5,6,2,30,6,1242,1,8,FORD FIESTA,4,E01021853,0,-1
2023131360806,2023,131360806,2,9,0,9,9,1,3,0,0,5,0,0,0,0,1,1,5,6,2,59,9,1242,1,8,FORD FIESTA,9,E01027687,0,-1
2023010435870,2023,010435870,1,9,0,18,19,3,7,0,0,8,9,99,9,99,9,9,6,6,2,18,4,1242,1,15,FORD FIESTA,10,E01024404,0,-1
2023201281610,2023,201281610,1,9,0,9,9,6,3,0,0,5,5,10,1,0,1,1,2,2,2,23,5,1242,1,14,FORD FIESTA,1,E01008901,0,-1
2023421264307,2023,421264307,2,9,0,18,19,8,4,0,0,0,0,4,0,0,1,1,6,6,2,24,5,1242,1,15,FORD FIESTA,-1,-1,0,-1
2023631363109,2023,631363109,1,9,0,9,9,5,3,0,0,0,0,0,3,0,2,1,5,6,2,54,8,1560,2,10,FORD FIESTA,7,W01000556,0,-1
2023010486547,2023,010486547,2,9,0,99,99,9,9,99,99,9,9,99,9,99,1,9,6,6,3,-1,-1,998,1,6,FORD FIESTA,-1,-1,0,-1
2023010438803,2023,010438803,2,9,9,99,99,9,9,99,99,9,9,12,9,99,9,9,6,6,3,-1,-1,1242,1,12,FORD FIESTA,-1,-1,0,-1
2023451362708,2023,451362708,1,9,0,18,19,1,5,0,0,0,0,0,0,0,1,1,5,6,1,36,7,1399,2,11,FORD FIESTA,9,E01004155,0,-1
2023041370140,2023,041370140,1,9,0,18,19,5,1,0,0,0,0,0,7,1,4,1,5,6,1,21,5,1596,1,8,FORD FIESTA,9,E01025039,0,-1
2023351282577,2023,351282577,2,9,0,18,19,5,1,0,0,0,5,0,7,10,1,1,5,6,1,39,7,1242,1,15,FORD FIESTA,6,E01030091,0,-1
2023101381435,2023,101381435,1,9,0,4,4,4,8,0,0,8,0,0,0,0,1,1,6,6,1,-1,-1,1499,2,7,FORD FIESTA,-1,-1,0,-1
2023531346005,2023,531346005,1,9,0,18,19,1,5,0,0,0,0,0,0,0,4,1,5,6,2,69,10,999,1,2,FORD FIESTA,8,E01022298,0,-1
2023531318338,2023,531318338,2,9,0,18,19,7,3,0,0,0,0,0,0,0,1,1,5,6,2,67,10,1388,1,13,FORD FIESTA,9,E01022357,0,-1
2023041266309,2023,041266309,3,9,0,4,4,5,1,0,0,1,0,0,0,0,2,1,2,2,2,55,8,1388,1,20,FORD FIESTA,5,E01012723,0,-1
2023522300822,2023,522300822,1,9,0,18,19,8,4,0,0,0,1,4,0,0,1,1,6,6,1,18,4,1242,1,14,FORD FIESTA,1,E01014589,0,-1
202354A935823,2023,54A935823,2,9,0,4,4,3,6,0,0,4,0,0,0,0,2,1,6,6,2,37,7,1388,1,17,FORD FIESTA,4,E01015494,0,-1
2023522300773,2023,522300773,1,9,0,9,9,7,5,0,0,5,0,7,0,0,1,1,6,6,1,36,7,1596,1,11,FORD FIESTA,3,E01014515,0,-1
2023501352208,2023,501352208,1,9,0,16,19,3,5,0,0,0,0,0,0,0,0,1,6,6,2,68,10,998,1,7,FORD FIESTA,6,E01019068,0,-1
2023552301271,2023,552301271,2,9,0,9,9,4,2,0,0,5,0,0,0,0,3,1,6,6,1,63,9,998,1,6,FORD FIESTA,5,E01020530,0,-1
2023340NN0562,2023,340NN0562,1,9,0,9,9,3,1,0,0,1,0,0,0,0,1,1,2,2,1,32,6,998,1,7,FORD FIESTA,2,E01027349,0,-1
2023231313812,2023,231313812,2,9,0,18,19,2,6,0,0,0,0,0,0,0,1,1,6,6,2,57,9,998,1,5,FORD FIESTA,10,E01029864,0,-1
2023351358874,2023,351358874,1,19,0,7,7,5,8,0,0,0,2,0,7,0,1,1,2,2,1,69,10,1499,2,8,FORD FIESTA,5,E01029946,0,-1
2023302300586,2023,302300586,2,9,0,18,19,4,7,0,0,3,0,0,0,0,3,1,6,6,1,27,6,1496,1,5,FORD FIESTA,2,E01013477,0,-1
2023421309363,2023,421309363,1,9,0,18,19,3,7,0,0,1,0,0,0,0,1,1,2,2,1,19,4,998,1,6,FORD FIESTA,6,E01021369,0,-1
2023461356120,2023,461356120,2,9,0,18,19,5,1,0,0,1,0,0,3,0,4,1,6,6,2,17,4,1388,1,13,FORD FIESTA,3,E01016154,0,-1
2023421350825,2023,421350825,1,9,0,18,19,2,6,0,0,4,5,0,3,0,1,1,6,6,1,20,4,1596,1,9,FORD FIESTA,4,E01015957,0,-1
2023440096669,2023,440096669,1,9,0,9,9,3,1,0,0,1,0,0,0,0,3,1,6,6,1,66,10,998,1,6,FORD FIESTA,9,E01016703,0,-1
2023131298553,2023,131298553,1,9,0,18,19,6,2,0,0,0,2,0,0,0,1,1,2,2,2,71,10,999,1,1,FORD FIESTA,6,E01017009,0,-1
2023061344311,2023,061344311,1,9,0,18,19,-1,-1,0,0,0,0,0,0,0,1,1,6,6,1,23,5,1399,2,16,FORD FIESTA,2,E01006405,0,-1
2023010485041,2023,010485041,1,9,0,18,19,5,1,0,0,8,0,0,0,0,0,1,6,6,2,81,11,1242,1,23,FORD FIESTA,8,E01003845,0,-1
2023471262177,2023,471262177,1,9,0,18,19,1,5,0,0,8,0,0,7,11,1,1,2,2,2,25,5,999,1,3,FORD FIESTA,9,E01016983,0,-1
2023411371501,2023,411371501,2,9,0,18,19,-1,-1,0,0,3,0,0,0,0,3,1,5,6,2,24,5,998,1,0,FORD FIESTA,2,E01023641,0,-1
2023131301352,2023,131301352,1,9,0,18,19,8,4,0,0,0,0,0,0,0,1,1,5,6,2,51,8,1242,1,16,FORD FIESTA,6,E01011074,0,-1
2023010421450,2023,010421450,1,9,0,18,19,7,3,0,0,0,5,0,0,0,1,1,6,6,1,23,5,1388,1,11,FORD FIESTA,1,E01000524,0,-1
2023201277449,2023,201277449,2,9,0,4,4,8,4,0,0,1,0,0,0,0,1,1,6,6,3,29,6,1560,2,12,FORD FIESTA,1,E01009359,0,-1
2023221321535,2023,221321535,2,9,0,2,2,0,0,0,0,0,0,0,0,0,3,1,5,6,1,40,7,1560,2,13,FORD FIESTA,2,E01010470,0,-1
2023010420060,2023,010420060,1,9,0,99,99,9,9,99,99,0,9,99,9,99,2,9,6,6,2,30,6,998,1,6,FORD FIESTA,6,E01004163,0,-1
2023122301105,2023,122301105,1,9,0,16,19,8,3,0,0,0,0,0,8,4,1,1,6,6,1,75,10,998,1,6,FORD FIESTA,8,E01025301,0,-1
2023531375724,2023,531375724,1,9,0,7,7,5,1,0,0,0,1,0,3,4,1,1,5,6,1,25,5,1084,1,5,FORD FIESTA,10,E01030348,0,-1
2023522301059,2023,522301059,1,9,0,18,19,5,1,0,0,8,0,0,0,0,4,1,6,6,1,38,7,1242,1,12,FORD FIESTA,2,E01014691,0,-1
2023161298120,2023,161298120,2,9,0,18,19,1,5,0,0,2,0,0,0,0,1,1,6,6,2,31,6,1242,1,11,FORD FIESTA,1,E01012787,0,-1
2023520300691,2023,520300691,2,9,0,18,19,6,2,0,0,8,0,0,7,10,1,1,6,6,1,69,10,1242,1,9,FORD FIESTA,5,E01029066,0,-1
2023010452927,2023,010452927,2,9,0,5,5,3,7,0,0,7,0,0,0,0,2,1,6,6,1,24,5,1242,1,15,FORD FIESTA,-1,-1,0,-1
2023311333813,2023,311333813,2,9,0,3,3,3,1,9,9,5,0,0,0,0,2,1,6,6,1,45,7,1399,2,18,FORD FIESTA,-1,-1,0,-1
2023471294894,2023,471294894,1,9,0,3,3,3,7,0,0,0,0,0,0,0,1,1,6,6,1,41,7,998,1,10,FORD FIESTA,6,E01020960,0,-1
2023501359871,2023,501359871,1,9,0,18,19,4,8,0,0,0,0,4,0,0,1,1,5,6,1,36,7,1242,1,11,FORD FIESTA,8,E01021510,0,-1
202360A135173,2023,60A135173,1,9,0,9,9,5,4,0,0,8,0,0,0,0,2,1,6,6,2,40,7,1242,1,8,FORD FIESTA,-1,-1,0,-1
2023440044921,2023,440044921,1,9,0,18,19,3,7,0,0,0,2,0,1,10,0,1,3,7,2,19,4,1242,1,14,FORD FIESTA,3,E01017299,0,-1
2023361324697,2023,361324697,2,9,0,18,19,5,1,0,0,0,0,0,0,0,3,1,6,6,2,65,9,1242,1,15,FORD FIESTA,8,E01026450,0,-1
2023122300433,2023,122300433,1,9,0,17,19,6,2,0,0,0,2,0,7,4,3,1,6,6,1,19,4,1596,1,16,FORD FIESTA,5,E01027802,0,-1
2023421392154,2023,421392154,1,9,0,15,15,6,1,0,0,0,0,0,0,0,1,1,5,6,1,32,6,1499,2,10,FORD FIESTA,4,E01015906,0,-1
2023201373825,2023,201373825,2,9,0,4,4,5,1,0,0,0,0,0,0,0,1,1,5,6,1,27,6,1499,2,8,FORD FIESTA,1,E01009173,0,-1
2023622300307,2023,622300307,1,9,0,18,19,6,2,0,0,0,0,0,0,0,1,1,6,6,1,86,11,998,1,6,FORD FIESTA,4,W01000754,0,-1
2023201344947,2023,201344947,2,9,0,18,19,6,2,0,0,8,1,0,0,0,1,1,6,6,2,52,8,1388,1,13,FORD FIESTA,2,E01010529,0,-1
2023520000440,2023,520000440,3,9,0,18,19,5,1,0,0,0,0,0,0,0,1,1,6,6,1,20,4,1596,1,9,FORD FIESTA,6,E01032114,0,-1
2023461317929,2023,461317929,1,9,0,18,19,5,1,0,0,1,0,0,0,0,1,1,2,2,2,27,6,1399,2,11,FORD FIESTA,1,E01024610,0,-1
2023122300357,2023,122300357,2,9,0,18,19,3,7,0,0,8,0,0,0,0,1,1,6,6,1,32,6,998,1,5,FORD FIESTA,7,E01013336,0,-1
2023101388994,2023,101388994,1,9,0,18,19,3,7,0,0,0,0,0,0,0,1,1,2,2,2,55,8,999,1,3,FORD FIESTA,4,E01008624,0,-1
2023501327510,2023,501327510,1,9,0,5,5,3,7,0,0,0,0,0,3,0,1,1,5,6,1,76,11,1242,1,9,FORD FIESTA,4,E01020288,0,-1
2023211324322,2023,211324322,2,9,0,9,9,3,1,0,0,8,0,0,0,0,4,1,6,6,2,73,10,1242,1,8,FORD FIESTA,7,E01029642,0,-1
2023131272416,2023,131272416,1,9,0,18,19,1,5,0,0,8,0,0,1,11,3,1,5,6,1,24,5,1388,1,12,FORD FIESTA,6,E01033696,0,-1
2023421340251,2023,421340251,1,9,0,4,4,5,1,0,0,1,0,0,0,0,1,1,6,6,1,44,7,1388,1,13,FORD FIESTA,4,E01021956,0,-1
2023320521329,2023,320521329,1,9,0,1,1,1,5,0,0,0,0,0,1,10,2,1,6,6,2,57,9,1596,1,8,FORD FIESTA,7,E01026299,0,-1
2023421359995,2023,421359995,3,9,0,13,13,5,1,0,0,0,0,0,0,0,1,1,6,6,1,49,8,1388,1,15,FORD FIESTA,3,E01021423,0,-1
2023061363977,2023,061363977,1,9,0,9,9,7,1,0,0,8,0,0,0,0,1,1,3,7,2,68,10,1242,1,14,FORD FIESTA,8,E01006194,0,-1
2023332300918,2023,332300918,2,9,0,18,19,8,4,0,0,0,0,0,0,0,1,1,2,2,1,23,5,1596,1,17,FORD FIESTA,8,E01025892,0,-1
2023440525956,2023,440525956,1,9,0,18,19,3,8,0,0,8,0,0,0,0,3,1,6,6,1,18,4,1242,1,12,FORD FIESTA,8,E01022792,0,-1
2023631382129,2023,631382129,2,9,0,2,2,0,0,0,0,0,0,0,0,0,4,1,6,6,2,-1,-1,1399,2,12,FORD FIESTA,2,W01000705,0,-1
2023991359318,2023,991359318,2,9,0,16,19,6,2,0,0,0,0,0,0,0,1,2,5,6,2,57,9,-1,-1,-1,FORD FIESTA,6,-1,0,-1
2023052302652,2023,052302652,2,9,0,9,9,1,5,0,0,1,0,0,0,0,3,1,6,6,1,20,4,998,1,5,FORD FIESTA,5,E01006802,0,-1
2023991337962,2023,991337962,2,9,0,18,19,5,1,0,0,4,0,0,0,0,1,1,6,6,1,61,9,1242,1,14,FORD FIESTA,-1,-1,0,-1
2023501288565,2023,501288565,2,9,0,3,3,3,7,0,0,1,0,0,0,0,2,1,5,6,2,43,7,1399,2,11,FORD FIESTA,7,E01020045,0,-1
2023991338555,2023,991338555,3,9,0,10,10,7,4,0,0,1,0,0,0,0,1,1,6,6,1,28,6,1242,1,6,FORD FIESTA,9,-1,0,-1
2023501283271,2023,501283271,2,9,0,16,19,5,1,0,0,0,1,1,0,0,1,1,2,2,2,31,6,1242,1,10,FORD FIESTA,7,E01019892,0,-1
202360A024369,2023,60A024369,1,9,0,18,19,1,5,0,0,1,1,10,8,1,1,1,6,6,1,22,5,1242,1,13,FORD FIESTA,-1,-1,0,-1
2023451296022,2023,451296022,3,9,0,18,19,1,5,0,0,1,0,0,0,0,1,1,5,6,2,28,6,1242,1,17,FORD FIESTA,3,E01030788,0,-1
2023461294201,2023,461294201,2,9,0,18,19,3,7,0,0,8,0,0,0,0,1,1,6,6,1,18,4,1242,1,17,FORD FIESTA,8,E01016082,0,-1
2023541363023,2023,541363023,1,9,0,4,4,3,7,0,0,0,0,0,0,0,1,1,2,2,2,38,7,1242,1,6,FORD FIESTA,-1,-1,0,-1
2023421376564,2023,421376564,2,9,0,18,19,-1,-1,0,0,8,0,0,0,0,-1,1,6,6,2,18,4,1242,1,6,FORD FIESTA,5,E01002344,0,-1
2023351315846,2023,351315846,1,9,0,9,9,1,5,0,0,5,0,0,0,0,1,1,5,6,1,17,4,1388,1,15,FORD FIESTA,5,E01033176,0,-1
2023361344496,2023,361344496,1,9,0,9,9,3,5,0,0,8,0,0,0,0,3,1,5,6,1,35,6,998,1,10,FORD FIESTA,2,E01026700,0,-1
2023401337555,2023,401337555,2,9,0,18,19,5,1,0,0,1,0,0,0,0,1,1,6,6,2,18,4,1560,2,14,FORD FIESTA,9,E01015809,0,-1
2023440367570,2023,440367570,1,9,0,18,19,8,4,0,0,0,0,0,0,0,1,1,6,6,2,26,6,1388,1,15,FORD FIESTA,1,E01017031,0,-1
2023071124818,2023,071124818,1,9,0,17,19,6,2,0,0,0,0,0,1,0,1,1,6,6,1,19,4,1242,1,15,FORD FIESTA,4,E01025556,0,-1
2023041330738,2023,041330738,2,9,0,4,4,3,7,0,0,1,0,0,0,0,1,1,3,7,2,36,7,1596,1,11,FORD FIESTA,5,E01024928,0,-1
2023141313864,2023,141313864,1,9,0,18,19,2,6,0,0,8,0,0,0,0,1,1,2,2,1,77,11,999,1,1,FORD FIESTA,3,E01012784,0,-1
2023430353408,2023,430353408,1,9,0,4,4,8,4,0,0,6,0,0,0,0,1,1,6,6,2,47,8,1499,2,10,FORD FIESTA,8,E01028796,0,-1
2023161273544,2023,161273544,1,9,0,18,19,7,3,0,0,1,0,0,0,0,1,1,6,6,2,42,7,1242,1,9,FORD FIESTA,9,E01033297,0,-1
2023631375927,2023,631375927,3,9,0,18,19,7,3,0,0,0,0,0,0,0,1,1,5,6,2,20,4,1242,1,7,FORD FIESTA,5,W01000536,0,-1
2023451342881,2023,451342881,3,9,0,18,19,6,2,0,0,0,1,0,0,0,2,1,5,6,2,38,7,998,1,9,FORD FIESTA,8,E01030575,0,-1
2023991327831,2023,991327831,1,9,0,18,19,3,7,0,0,1,0,0,0,0,1,1,5,6,1,66,10,998,1,7,FORD FIESTA,10,-1,0,-1
2023031372469,2023,031372469,1,9,0,18,19,4,2,0,0,0,5,0,1,0,1,1,6,6,2,18,4,1560,2,14,FORD FIESTA,-1,-1,0,-1
2023520301214,2023,520301214,1,9,0,18,19,6,2,0,0,0,0,0,0,0,1,1,6,6,2,36,7,1399,2,12,FORD FIESTA,5,E01029314,0,-1
2023122301351,2023,122301351,2,9,0,4,4,3,7,0,0,0,0,0,0,0,1,1,6,6,3,25,5,998,1,4,FORD FIESTA,8,E01013190,0,-1
2023471320951,2023,471320951,1,9,0,12,12,8,3,0,0,3,0,0,4,6,3,1,5,6,2,57,9,998,1,4,FORD FIESTA,10,E01030617,0,-1
2023311300901,2023,311300901,1,9,0,9,9,5,1,0,0,0,0,0,0,0,3,1,6,6,1,87,11,998,1,9,FORD FIESTA,7,E01028411,0,-1
2023010464220,2023,010464220,1,9,0,7,7,3,5,0,0,3,0,1,0,0,4,1,6,6,2,27,6,1388,1,14,FORD FIESTA,7,E01030858,0,-1
2023201385605,2023,201385605,1,9,0,18,19,8,4,0,0,1,0,0,0,0,1,1,6,6,1,30,6,1388,1,14,FORD FIESTA,-1,-1,0,-1
2023041380120,2023,041380120,2,9,0,4,4,4,8,0,0,1,0,0,0,0,2,1,5,6,1,31,6,998,1,8,FORD FIESTA,4,E01025359,0,-1
2023430564851,2023,430564851,2,9,0,18,19,4,8,0,0,0,0,8,0,0,9,1,6,6,1,-1,-1,-1,-1,-1,FORD FIESTA,-1,-1,0,-1
2023430232040,2023,430232040,2,9,0,3,3,1,5,0,0,1,0,0,0,0,2,1,2,2,1,60,9,998,1,10,FORD FIESTA,7,E01022180,0,-1
2023201414661,2023,201414661,2,9,0,18,19,4,8,0,0,8,0,0,0,0,1,1,6,6,1,21,5,1242,1,12,FORD FIESTA,2,E01009403,0,-1
2023461352904,2023,461352904,1,9,0,18,19,1,5,0,0,0,0,0,0,0,1,1,6,6,1,23,5,1242,1,8,FORD FIESTA,9,E01011180,0,-1
2023540550923,2023,540550923,2,9,0,6,6,3,3,0,0,3,0,0,0,0,4,1,2,2,2,24,5,999,1,3,FORD FIESTA,3,E01032094,0,-1
2023161337659,2023,161337659,2,9,0,17,19,8,4,0,0,0,0,0,0,0,1,1,6,6,2,28,6,1399,2,13,FORD FIESTA,1,E01012894,0,-1
2023991387751,2023,991387751,2,9,0,3,3,3,7,0,0,1,0,0,0,0,1,1,5,6,1,22,5,1084,1,4,FORD FIESTA,8,-1,0,-1
2023221312538,2023,221312538,1,9,0,17,19,4,1,0,0,8,0,0,0,0,1,1,2,2,1,49,8,1242,1,13,FORD FIESTA,5,E01014051,0,-1
2023061328786,2023,061328786,2,9,0,18,19,1,5,0,0,2,0,0,0,0,2,1,5,6,1,21,5,1242,1,8,FORD FIESTA,8,E01005549,0,-1
2023451360595,2023,451360595,1,9,0,4,4,3,7,0,0,0,0,0,0,0,2,1,5,6,2,20,4,1242,1,11,FORD FIESTA,6,E01030842,0,-1
2023061276939,2023,061276939,1,9,0,9,9,1,7,0,0,8,0,0,0,0,1,1,5,6,2,26,6,998,1,9,FORD FIESTA,6,E01004998,0,-1
2023201388199,2023,201388199,1,9,0,7,7,5,7,0,0,5,0,0,0,0,1,1,6,6,2,-1,-1,1242,1,15,FORD FIESTA,7,E01010537,0,-1
2023010440541,2023,010440541,1,9,0,99,99,9,9,0,0,9,9,99,9,99,2,9,6,6,2,23,5,998,1,6,FORD FIESTA,4,E01031598,0,-1
2023411312866,2023,411312866,2,9,0,4,4,3,7,0,0,0,2,0,0,0,1,1,2,2,1,28,6,998,1,5,FORD FIESTA,9,E01004118,0,-1
2023440277100,2023,440277100,2,9,0,18,19,2,6,0,0,8,0,0,0,0,1,1,6,6,2,19,4,1242,1,13,FORD FIESTA,5,E01017368,0,-1
2023052301616,2023,052301616,1,9,0,18,19,3,7,0,0,8,0,0,0,0,1,1,6,6,1,34,6,1242,1,20,FORD FIESTA,4,E01006512,0,-1
2023320375324,2023,320375324,1,9,0,18,19,4,8,0,0,0,0,0,0,0,1,1,6,6,1,65,9,1388,1,18,FORD FIESTA,4,E01026019,0,-1
2023430329235,2023,430329235,2,9,0,3,3,4,8,0,0,1,0,0,0,0,2,1,6,6,2,26,6,1560,2,14,FORD FIESTA,8,E01017669,0,-1
2023991327207,2023,991327207,3,9,0,3,3,6,2,0,0,0,0,0,0,0,1,1,5,6,1,78,11,998,1,6,FORD FIESTA,8,-1,0,-1
2023361333361,2023,361333361,1,9,0,18,19,5,2,0,0,8,0,0,0,0,1,1,6,6,2,34,6,1242,1,12,FORD FIESTA,5,E01026768,0,-1
2023101334652,2023,101334652,1,9,0,18,19,2,6,0,0,6,0,0,0,0,3,1,6,6,1,20,4,998,1,0,FORD FIESTA,10,E01027520,0,-1
2023421367877,2023,421367877,1,9,0,16,19,8,4,0,0,0,2,0,0,0,4,1,5,6,1,18,4,1242,1,15,FORD FIESTA,7,E01021660,0,-1
2023451382606,2023,451382606,1,9,0,16,19,1,7,0,0,1,2,10,0,0,3,1,5,6,1,18,4,1242,1,15,FORD FIESTA,5,E01022603,0,-1