collision_index,collision_year,collision_ref_no,vehicle_reference,vehicle_type,towing_and_articulation,vehicle_manoeuvre_historic,vehicle_manoeuvre,vehicle_direction_from,vehicle_direction_to,vehicle_location_restricted_lane_historic,vehicle_location_restricted_lane,junction_location,skidding_and_overturning,hit_object_in_carriageway,vehicle_leaving_carriageway,hit_object_off_carriageway,first_point_of_impact,vehicle_left_hand_drive,journey_purpose_of_driver_historic,journey_purpose_of_driver,sex_of_driver,age_of_driver,age_band_of_driver,engine_capacity_cc,propulsion_code,age_of_vehicle,generic_make_model,driver_imd_decile,lsoa_of_driver,escooter_flag,driver_distance_banding
2023520301139,2023,520301139,1,9,0,7,7,3,4,0,0,8,0,0,0,0,2,1,6,6,1,18,4,1242,1,17,FORD FIESTA,5,E01029073,0,-1
2023161380027,2023,161380027,1,9,0,18,19,7,3,0,0,8,0,0,0,0,1,2,2,2,1,34,6,1596,1,13,FORD FIESTA,-1,-1,0,-1
2023430222292,2023,430222292,1,9,0,18,19,4,8,0,0,0,0,0,0,0,4,1,6,6,1,65,9,998,1,7,FORD FIESTA,5,E01016280,0,-1
2023471325414,2023,471325414,1,9,0,18,19,8,-1,0,0,1,0,0,0,0,1,1,6,6,2,54,8,998,1,7,FORD FIESTA,4,E01031657,0,-1
2023111344862,2023,111344862,1,9,0,18,19,1,5,0,0,1,0,0,0,0,1,1,5,6,1,34,6,1242,1,8,FORD FIESTA,3,E01008486,0,-1
2023010469701,2023,010469701,1,9,0,99,99,9,9,99,99,0,9,99,9,99,1,9,2,2,1,23,5,1242,1,6,FORD FIESTA,5,E01001500,0,-1
2023010475794,2023,010475794,1,9,0,17,19,6,2,0,0,0,0,4,1,0,1,1,6,6,1,19,4,1242,1,8,FORD FIESTA,4,E01001005,0,-1
2023421356685,2023,421356685,1,9,0,18,19,1,5,9,9,0,2,0,1,1,1,1,5,6,1,18,4,1242,1,8,FORD FIESTA,-1,-1,0,-1
2023101355227,2023,101355227,2,9,0,18,19,3,6,0,0,0,0,0,0,0,1,1,5,6,2,20,4,1388,1,12,FORD FIESTA,1,E01008738,0,-1
2023340WN0912,2023,340WN0912,1,9,0,17,19,5,1,0,0,0,5,0,1,9,1,1,6,6,2,19,4,1388,1,15,FORD FIESTA,6,E01032968,0,-1
2023070632472,2023,070632472,1,9,0,17,19,6,2,0,0,0,2,0,7,9,1,1,2,2,2,30,6,1242,1,17,FORD FIESTA,-1,-1,0,-1
2023461276346,2023,461276346,1,9,0,9,9,5,3,0,0,8,0,0,0,0,4,1,6,6,1,56,9,1560,2,17,FORD FIESTA,5,E01024623,0,-1
2023101298942,2023,101298942,2,9,0,17,19,6,2,0,0,0,5,0,0,0,1,1,5,6,1,18,4,1560,2,12,FORD FIESTA,3,E01008476,0,-1
2023430276759,2023,430276759,1,9,0,13,13,8,4,0,0,0,0,0,0,0,4,1,6,6,1,56,9,1499,2,9,FORD FIESTA,-1,-1,0,-1
2023332301282,2023,332301282,1,9,0,9,9,6,5,0,0,8,0,0,0,0,1,1,1,1,2,28,6,1399,2,11,FORD FIESTA,6,E01013759,0,-1
2023610012723,2023,610012723,1,9,0,9,9,8,6,0,0,1,0,0,0,0,3,1,2,2,1,18,4,1499,2,6,FORD FIESTA,10,W01001427,0,-1
2023540964623,2023,540964623,1,9,0,4,4,7,3,0,0,8,0,0,0,0,1,1,2,2,1,44,7,1242,1,18,FORD FIESTA,6,E01015497,0,-1
2023430476191,2023,430476191,1,9,0,18,19,8,6,0,0,4,0,0,0,0,1,1,6,6,2,71,10,998,1,10,FORD FIESTA,-1,-1,0,-1
2023991285770,2023,991285770,1,9,0,18,19,6,1,0,0,2,0,0,0,0,1,1,1,1,2,45,7,1084,1,5,FORD FIESTA,-1,-1,0,-1
2023340WN2232,2023,340WN2232,2,9,0,3,3,1,5,0,0,2,0,0,0,0,2,1,6,6,2,32,6,1242,1,12,FORD FIESTA,7,E01027202,0,-1
2023991338631,2023,991338631,2,9,0,9,9,6,4,0,0,5,0,0,0,0,1,1,6,6,1,18,4,1084,1,4,FORD FIESTA,9,-1,0,-1
2023461315422,2023,461315422,2,9,0,17,19,4,1,0,0,6,0,0,0,0,1,1,5,6,2,20,4,1242,1,16,FORD FIESTA,2,E01016068,0,-1
2023501271849,2023,501271849,1,9,0,18,19,7,3,0,0,3,0,0,0,0,1,1,5,6,1,18,4,1388,1,19,FORD FIESTA,4,E01018766,0,-1
2023622300268,2023,622300268,2,9,0,18,19,5,1,0,0,0,0,0,0,0,2,1,1,1,2,39,7,999,1,2,FORD FIESTA,3,W01001177,0,-1
2023010463444,2023,010463444,2,9,0,18,19,8,4,0,0,8,0,0,0,0,1,1,2,2,1,66,10,998,1,5,FORD FIESTA,10,E01030670,0,-1
2023440366320,2023,440366320,2,9,0,18,19,3,7,0,0,0,0,0,0,0,1,1,6,6,1,18,4,998,1,4,FORD FIESTA,8,E01032855,0,-1
2023161290235,2023,161290235,2,9,0,18,19,3,7,0,0,8,0,0,0,0,4,1,5,6,1,30,6,999,1,2,FORD FIESTA,1,E01012876,0,-1
2023302300570,2023,302300570,1,9,0,18,19,4,8,0,0,1,0,0,0,0,3,1,6,6,3,-1,-1,1499,2,8,FORD FIESTA,5,E01019456,0,-1
2023631389995,2023,631389995,1,9,0,13,13,8,4,0,0,8,0,0,0,0,4,1,6,6,1,72,10,999,1,2,FORD FIESTA,3,W01001923,0,-1
2023302301238,2023,302301238,1,9,0,7,7,3,6,0,0,6,0,0,0,0,2,1,6,6,1,79,11,1242,1,12,FORD FIESTA,4,E01028343,0,-1
2023041261810,2023,041261810,1,9,0,18,19,3,7,0,0,0,0,0,0,0,1,1,2,2,2,51,8,1084,1,5,FORD FIESTA,5,E01007056,0,-1
2023340WN0842,2023,340WN0842,1,9,0,18,19,3,7,0,0,0,0,0,0,0,1,1,6,6,1,73,10,1242,1,8,FORD FIESTA,7,E01027277,0,-1
2023201295297,2023,201295297,2,9,0,4,4,7,7,0,0,0,0,0,0,0,2,1,2,2,1,46,8,1242,1,12,FORD FIESTA,3,E01009883,0,-1
2023471280423,2023,471280423,2,9,0,2,2,5,1,0,0,2,0,0,0,0,1,1,6,6,3,-1,-1,1560,2,17,FORD FIESTA,-1,-1,0,-1
2023991357045,2023,991357045,1,9,0,18,19,3,6,0,0,1,1,0,0,0,1,1,5,6,1,57,9,1499,2,6,FORD FIESTA,10,-1,0,-1
2023411322690,2023,411322690,1,9,0,18,19,1,5,0,0,0,1,11,1,0,1,1,5,6,1,-1,-1,1499,2,7,FORD FIESTA,-1,-1,0,-1
2023010444062,2023,010444062,2,9,0,99,99,9,9,99,99,9,9,99,9,99,1,9,6,6,3,-1,-1,998,1,7,FORD FIESTA,-1,-1,0,-1
2023161363119,2023,161363119,1,9,0,9,9,6,2,0,0,0,0,0,0,0,4,1,5,6,2,32,6,998,1,6,FORD FIESTA,2,E01033104,0,-1
2023461372142,2023,461372142,1,9,0,18,19,5,1,0,0,1,0,0,0,0,1,1,6,6,1,18,4,998,1,6,FORD FIESTA,6,E01024052,0,-1
2023041350496,2023,041350496,1,9,0,5,5,1,5,0,0,2,0,0,0,0,1,1,5,6,2,47,8,1242,1,15,FORD FIESTA,3,E01025037,0,-1
2023131360776,2023,131360776,1,9,0,5,5,4,8,0,0,8,0,0,0,0,1,1,6,6,2,44,7,998,1,9,FORD FIESTA,1,E01011850,0,-1
2023131347708,2023,131347708,2,9,0,18,19,5,1,0,0,8,0,0,0,0,1,1,6,6,1,49,8,1499,2,7,FORD FIESTA,6,E01010969,0,-1
2023440458079,2023,440458079,1,9,0,18,19,2,6,0,0,0,0,0,0,0,1,1,6,6,2,33,6,1560,2,13,FORD FIESTA,6,E01022911,0,-1
2023101302711,2023,101302711,1,9,0,18,19,-1,-1,-1,-1,0,-1,-1,-1,0,-1,1,6,6,2,18,4,1242,1,14,FORD FIESTA,1,E01008305,0,-1
2023101267900,2023,101267900,1,9,0,7,7,7,3,0,0,1,0,0,0,0,1,1,3,7,2,52,8,1560,2,16,FORD FIESTA,2,E01008307,0,-1
2023201394915,2023,201394915,1,9,0,5,5,2,6,0,0,8,0,0,0,0,1,1,6,6,2,22,5,1596,1,14,FORD FIESTA,4,E01009921,0,-1
2023361360970,2023,361360970,3,9,0,9,9,1,6,0,0,0,0,0,0,0,2,1,1,1,2,28,6,1399,2,12,FORD FIESTA,10,E01026915,0,-1
2023451330336,2023,451330336,1,9,0,16,19,5,1,0,0,0,0,0,0,0,1,1,5,6,2,68,10,998,1,6,FORD FIESTA,-1,-1,0,-1
2023010482115,2023,010482115,2,9,9,18,19,9,9,99,99,0,9,99,9,99,9,9,6,6,3,-1,-1,1596,1,17,FORD FIESTA,-1,-1,0,-1
2023991285104,2023,991285104,1,9,0,18,19,4,8,0,0,0,0,0,0,0,1,1,2,2,1,19,4,-1,-1,-1,FORD FIESTA,9,-1,0,-1
2023070662646,2023,070662646,1,9,0,18,19,5,1,0,0,3,0,9,0,1,1,1,6,6,1,19,4,1496,1,5,FORD FIESTA,-1,-1,0,-1
2023411397661,2023,411397661,2,9,0,9,9,3,1,0,0,8,0,0,0,0,3,1,6,6,1,18,4,998,1,7,FORD FIESTA,9,E01023299,0,-1
2023531289216,2023,531289216,2,9,0,18,19,1,5,0,0,1,0,0,0,0,1,1,5,6,2,30,6,1242,1,16,FORD FIESTA,-1,-1,0,-1
2023201293185,2023,201293185,1,9,0,5,5,3,7,0,0,0,0,0,0,0,1,1,6,6,2,-1,-1,999,1,3,FORD FIESTA,8,E01010124,0,-1
2023421346198,2023,421346198,1,9,0,10,10,3,2,0,0,2,0,0,0,0,3,1,5,6,2,22,5,998,1,10,FORD FIESTA,9,E01021593,0,-1
2023201382455,2023,201382455,1,9,0,18,19,2,6,0,0,1,0,0,0,0,2,1,6,6,2,17,4,1084,1,4,FORD FIESTA,2,E01010021,0,-1
2023631372768,2023,631372768,1,9,0,16,19,5,1,0,0,0,0,0,1,9,1,1,5,6,1,18,4,1242,1,11,FORD FIESTA,6,W01000487,0,-1
2023991280044,2023,991280044,1,9,0,6,6,3,7,2,2,0,0,0,0,0,1,2,5,6,2,80,11,1242,1,15,FORD FIESTA,9,-1,0,-1
2023421389164,2023,421389164,1,9,0,9,9,5,2,0,0,4,0,0,0,0,4,1,1,1,1,35,6,1388,1,16,FORD FIESTA,1,E01022027,0,-1
2023010473016,2023,010473016,1,9,0,18,19,2,6,0,0,0,0,0,1,1,1,1,6,6,1,33,6,1596,1,14,FORD FIESTA,4,E01016481,0,-1
2023471292627,2023,471292627,2,9,0,18,19,1,5,0,0,4,0,0,0,0,1,1,6,6,1,41,7,-1,-1,-1,FORD FIESTA,9,E01022983,0,-1
2023141376822,2023,141376822,2,9,0,18,19,1,1,0,0,0,0,0,0,0,1,1,6,6,1,-1,-1,1596,1,8,FORD FIESTA,7,E01007778,0,-1
2023552301200,2023,552301200,1,9,0,6,6,7,7,0,0,0,0,0,0,0,4,1,1,1,1,27,6,999,1,2,FORD FIESTA,1,E01029132,0,-1
2023531363166,2023,531363166,1,9,0,18,19,1,5,0,0,0,0,0,0,0,1,1,5,6,2,18,4,1242,1,14,FORD FIESTA,8,E01022247,0,-1
2023141326363,2023,141326363,1,9,0,18,19,5,1,0,0,0,0,0,0,0,3,1,5,6,1,25,5,1499,2,9,FORD FIESTA,1,E01008119,0,-1
2023340NN3992,2023,340NN3992,3,9,0,4,4,5,2,0,0,1,0,0,0,0,2,1,6,6,1,67,10,1499,2,8,FORD FIESTA,8,E01027181,0,-1
2023520300982,2023,520300982,1,9,0,3,3,9,9,0,0,4,0,0,0,0,2,1,6,6,2,69,10,998,1,4,FORD FIESTA,9,E01015110,0,-1
2023340NN3492,2023,340NN3492,1,9,0,18,19,6,2,0,0,0,0,4,0,0,1,1,6,6,1,83,11,1084,1,5,FORD FIESTA,8,E01027101,0,-1
2023010465863,2023,010465863,1,9,0,9,9,7,5,0,0,1,0,0,0,0,3,1,6,6,1,65,9,1242,1,10,FORD FIESTA,5,E01001829,0,-1
2023031284850,2023,031284850,1,9,0,13,13,4,8,0,0,0,0,0,0,0,1,1,5,6,1,18,4,1560,2,15,FORD FIESTA,9,E01025126,0,-1
2023631329235,2023,631329235,2,9,0,18,19,4,8,0,0,8,5,0,1,10,1,1,6,6,1,17,4,998,1,6,FORD FIESTA,7,W01000578,0,-1
202354C777523,2023,54C777523,2,9,0,18,19,7,3,0,0,0,1,0,0,0,1,1,2,2,2,32,6,1242,1,19,FORD FIESTA,4,E01017246,0,-1
2023041366143,2023,041366143,1,9,0,17,19,2,6,0,0,0,1,0,1,4,1,1,5,6,1,20,4,999,1,2,FORD FIESTA,9,E01005017,0,-1
2023031299865,2023,031299865,2,9,0,4,4,2,3,0,0,1,0,0,0,0,-1,1,6,6,2,33,6,1242,1,17,FORD FIESTA,-1,-1,0,-1
2023010473397,2023,010473397,1,9,0,9,9,7,5,0,0,6,0,0,0,0,3,1,6,6,2,46,8,998,1,0,FORD FIESTA,4,E01024167,0,-1
2023461383197,2023,461383197,2,9,0,7,7,4,8,0,0,3,0,0,0,0,4,1,2,2,2,28,6,1242,1,6,FORD FIESTA,5,E01024156,0,-1
2023041334117,2023,041334117,1,9,0,18,19,1,5,0,0,0,0,0,0,0,4,1,5,6,1,41,7,1388,1,12,FORD FIESTA,3,E01024883,0,-1
2023401402454,2023,401402454,1,9,0,4,4,3,7,0,0,0,0,0,0,0,0,1,5,6,1,26,6,1388,1,21,FORD FIESTA,4,E01032343,0,-1
2023440259276,2023,440259276,1,9,0,18,19,6,2,0,0,1,0,0,0,0,1,1,2,2,2,59,9,1242,1,6,FORD FIESTA,10,E01022683,0,-1
2023401351723,2023,401351723,1,9,0,18,19,1,5,0,0,1,0,0,0,0,1,1,5,6,1,39,7,1388,1,16,FORD FIESTA,2,E01015791,0,-1
2023351372897,2023,351372897,2,9,0,18,19,1,5,0,0,1,0,0,0,0,3,1,6,6,1,35,6,1560,2,13,FORD FIESTA,3,E01027111,0,-1
2023101288745,2023,101288745,2,9,0,3,3,1,5,0,0,0,0,0,0,0,2,1,6,6,1,24,5,998,1,5,FORD FIESTA,-1,-1,0,-1
2023471322382,2023,471322382,1,9,0,18,19,2,6,0,0,1,1,0,1,5,1,1,1,1,1,33,6,1242,1,17,FORD FIESTA,10,E01031740,0,-1
2023010461564,2023,010461564,1,9,0,99,99,9,9,99,99,9,9,99,9,99,2,9,6,6,2,24,5,1242,1,10,FORD FIESTA,8,E01022195,0,-1
2023430249785,2023,430249785,1,9,0,3,3,1,5,0,0,0,0,0,0,0,2,1,6,6,2,49,8,998,1,9,FORD FIESTA,3,E01017075,0,-1
2023440430503,2023,440430503,1,9,0,18,19,8,4,0,0,0,1,0,7,4,4,1,2,2,2,17,4,1242,1,16,FORD FIESTA,8,E01023245,0,-1
2023231279973,2023,231279973,1,9,0,17,19,4,8,0,0,0,1,0,8,4,1,1,5,6,1,18,4,1388,1,15,FORD FIESTA,7,E01031224,0,-1
2023991347357,2023,991347357,2,9,0,5,5,6,2,0,0,1,0,0,0,0,1,1,6,6,1,18,4,998,1,9,FORD FIESTA,2,-1,0,-1
2023411279283,2023,411279283,1,9,0,16,19,7,3,0,0,1,0,0,0,0,1,1,5,6,2,54,8,998,1,5,FORD FIESTA,2,E01015787,0,-1
2023531377012,2023,531377012,1,9,0,9,9,1,5,0,0,5,0,0,0,0,4,1,2,2,1,32,6,1242,1,11,FORD FIESTA,4,E01022310,0,-1
2023421264284,2023,421264284,1,9,0,16,19,2,5,0,0,1,1,0,0,0,1,1,6,6,2,19,4,1388,1,16,FORD FIESTA,7,E01029945,0,-1
2023522401263,2023,522401263,2,9,0,18,19,5,1,0,0,8,0,2,0,0,1,1,6,6,3,-1,-1,1596,1,9,FORD FIESTA,-1,-1,0,-1
2023011338528,2023,011338528,6,9,0,18,19,7,3,0,0,1,0,0,0,0,3,1,6,6,2,23,5,998,1,6,FORD FIESTA,10,E01003891,0,-1
2023461296046,2023,461296046,2,9,0,18,19,3,7,0,0,0,0,0,0,0,3,1,6,6,1,29,6,1499,2,6,FORD FIESTA,4,E01024561,0,-1
2023461334322,2023,461334322,2,9,0,18,19,5,1,0,0,1,0,0,0,0,3,1,6,6,2,74,10,999,1,3,FORD FIESTA,7,E01021112,0,-1
2023340WN4962,2023,340WN4962,3,9,0,18,19,4,8,0,0,0,0,0,7,0,3,1,2,2,1,49,8,1242,1,7,FORD FIESTA,8,E01027008,0,-1
2023430069817,2023,430069817,1,9,0,18,19,6,2,0,0,2,0,0,0,0,1,1,6,6,1,22,5,998,1,10,FORD FIESTA,6,E01017733,0,-1
2023161271663,2023,161271663,1,9,0,9,9,7,5,0,0,0,0,0,0,0,1,1,6,6,1,28,6,1242,1,9,FORD FIESTA,2,E01013206,0,-1
2023201371923,2023,201371923,1,9,0,9,9,2,8,0,0,6,0,0,0,0,3,1,5,6,2,-1,-1,1242,1,9,FORD FIESTA,1,E01008940,0,-1
2023332301034,2023,332301034,1,9,0,18,19,1,5,0,0,8,0,0,0,0,1,1,6,6,1,20,4,1242,1,10,FORD FIESTA,8,E01025810,0,-1
2023141367991,2023,141367991,1,9,0,5,5,0,1,0,0,0,0,0,0,0,1,1,6,6,2,28,6,1560,2,14,FORD FIESTA,3,E01007774,0,-1
2023401389837,2023,401389837,1,9,0,5,5,1,5,0,0,2,0,0,0,0,2,1,5,6,1,18,4,1388,1,21,FORD FIESTA,3,E01017596,0,-1
2023451296042,2023,451296042,1,9,0,18,19,3,7,0,0,0,0,0,0,0,3,1,5,6,1,20,4,1596,1,12,FORD FIESTA,5,E01030531,0,-1
2023411289514,2023,411289514,2,9,0,18,19,2,6,0,0,0,0,0,0,0,1,1,6,6,1,35,6,1388,1,14,FORD FIESTA,5,E01023924,0,-1
2023351394197,2023,351394197,2,9,0,4,4,3,7,0,0,0,0,0,0,0,2,1,1,1,2,24,5,1388,1,13,FORD FIESTA,3,E01018072,0,-1
2023371304264,2023,371304264,1,9,0,18,19,1,5,0,0,0,0,0,0,0,-1,1,5,6,2,42,7,998,1,8,FORD FIESTA,8,E01030269,0,-1
2023211335514,2023,211335514,1,9,0,18,19,5,1,0,0,0,0,0,1,7,1,1,5,6,2,21,5,999,1,3,FORD FIESTA,2,E01005654,0,-1
2023061316461,2023,061316461,1,9,0,18,19,3,5,0,0,1,0,0,0,0,4,1,1,1,1,20,4,998,1,10,FORD FIESTA,-1,-1,0,-1
2023131325932,2023,131325932,2,9,0,18,19,7,3,0,0,0,0,0,0,0,4,1,6,6,1,55,8,1242,1,14,FORD FIESTA,7,E01007493,0,-1
2023411298374,2023,411298374,2,9,0,10,10,-1,-1,0,0,8,0,0,0,0,2,1,3,7,2,28,6,1596,1,8,FORD FIESTA,3,E01023397,0,-1
2023543974423,2023,543974423,1,9,0,18,19,1,5,0,0,4,0,9,7,0,1,1,6,6,1,24,5,1242,1,16,FORD FIESTA,4,E01020578,0,-1
2023101420316,2023,101420316,1,9,0,18,19,3,7,0,0,1,0,0,0,0,1,1,6,6,2,20,4,1560,2,13,FORD FIESTA,1,E01008731,0,-1
2023351318599,2023,351318599,2,9,0,18,19,3,7,0,0,8,0,0,0,0,1,1,1,1,1,59,9,-1,-1,-1,FORD FIESTA,8,E01026269,0,-1
2023411394776,2023,411394776,2,9,0,18,19,3,7,0,0,0,0,0,0,0,3,1,2,2,1,18,4,-1,-1,-1,FORD FIESTA,9,E01023378,0,-1
2023421382559,2023,421382559,1,9,0,11,11,3,6,0,0,0,1,0,1,0,3,1,2,2,1,35,6,1242,1,17,FORD FIESTA,8,E01021729,0,-1
2023461298027,2023,461298027,1,9,0,18,19,1,5,0,0,0,1,0,1,0,1,1,6,6,1,28,6,1388,1,11,FORD FIESTA,10,E01024817,0,-1
2023332300721,2023,332300721,2,9,0,18,19,1,5,0,0,1,0,0,0,0,1,1,6,6,2,39,7,1388,1,14,FORD FIESTA,3,E01013731,0,-1
2023061317731,2023,061317731,2,9,0,2,2,0,0,0,0,0,0,0,0,0,3,1,5,6,1,51,8,1242,1,16,FORD FIESTA,1,E01005112,0,-1
2023041316889,2023,041316889,1,9,0,18,19,5,1,0,0,0,0,0,0,0,1,1,5,6,1,19,4,1560,2,10,FORD FIESTA,10,E01025424,0,-1
2023461376973,2023,461376973,3,9,0,18,19,1,5,0,0,0,0,0,0,0,2,1,5,6,1,37,7,1596,1,13,FORD FIESTA,4,E01016143,0,-1
2023161311753,2023,161311753,1,9,0,9,9,1,5,2,2,5,0,0,0,0,1,1,6,6,1,25,5,1499,2,10,FORD FIESTA,4,E01012870,0,-1
2023052301611,2023,052301611,1,9,0,7,7,3,7,0,0,8,1,0,0,0,1,1,6,6,1,43,7,998,1,0,FORD FIESTA,1,E01006817,0,-1
2023991389190,2023,991389190,1,9,0,5,5,2,7,0,0,1,0,0,0,0,3,1,6,6,1,80,11,998,1,9,FORD FIESTA,4,-1,0,-1
2023320594743,2023,320594743,1,9,0,17,19,8,6,0,0,0,2,0,1,0,3,1,6,6,2,53,8,1242,1,7,FORD FIESTA,4,E01026102,0,-1
2023351383344,2023,351383344,1,9,0,6,6,7,3,0,0,0,1,1,0,0,1,1,3,7,2,41,7,1084,1,4,FORD FIESTA,5,E01018187,0,-1
2023461306438,2023,461306438,2,9,0,2,2,0,0,0,0,0,0,4,0,0,2,1,6,6,1,58,9,1388,1,20,FORD FIESTA,3,E01016021,0,-1
2023131361728,2023,131361728,2,9,0,5,5,5,1,0,0,8,0,7,4,1,3,1,5,6,2,30,6,998,1,10,FORD FIESTA,3,E01010569,0,-1
2023101383114,2023,101383114,2,9,0,4,4,8,4,0,0,1,0,0,0,0,2,1,6,6,2,32,6,1242,1,9,FORD FIESTA,7,E01027489,0,-1
2023010464089,2023,010464089,2,9,0,10,10,1,6,0,0,6,0,0,0,0,2,1,6,6,1,18,4,1242,1,11,FORD FIESTA,-1,-1,0,-1
2023411279289,2023,411279289,1,9,0,18,19,1,5,0,0,0,0,0,0,0,1,1,5,6,2,80,11,1242,1,17,FORD FIESTA,8,E01017766,0,-1
2023031302393,2023,031302393,1,9,0,18,19,1,5,0,0,0,0,0,0,0,1,1,5,6,2,91,11,1596,1,18,FORD FIESTA,7,E01019092,0,-1
2023440301138,2023,440301138,2,9,0,4,4,6,2,0,0,1,0,0,0,0,2,1,1,1,1,44,7,1499,2,9,FORD FIESTA,5,E01022957,0,-1
2023430170892,2023,430170892,1,9,0,3,3,2,6,0,0,8,0,0,0,0,2,1,2,2,2,44,7,1242,1,11,FORD FIESTA,4,E01016357,0,-1
2023545826923,2023,545826923,2,9,0,9,9,3,1,0,0,8,0,0,0,0,1,1,6,6,1,39,7,1242,1,16,FORD FIESTA,2,E01015537,0,-1
2023371350407,2023,371350407,1,9,0,16,19,4,8,0,0,0,0,0,0,0,1,1,1,1,2,34,6,1399,2,17,FORD FIESTA,7,E01030171,0,-1
2023421346666,2023,421346666,2,9,0,18,19,8,4,0,0,2,0,0,0,0,4,1,1,1,1,37,7,1999,1,17,FORD FIESTA,7,E01031677,0,-1
2023111294037,2023,111294037,1,9,0,12,12,5,1,0,0,3,0,0,0,0,3,1,6,6,2,-1,-1,1596,1,9,FORD FIESTA,4,E01027362,0,-1
2023131296404,2023,131296404,2,9,0,18,19,5,1,0,0,0,0,0,0,0,1,1,5,6,1,62,9,999,1,1,FORD FIESTA,1,E01010609,0,-1
2023010478338,2023,010478338,2,9,0,99,99,9,9,99,99,9,9,99,9,99,9,9,6,6,3,-1,-1,1242,1,14,FORD FIESTA,-1,-1,0,-1
2023070893428,2023,070893428,2,9,0,5,5,3,7,0,0,4,0,0,0,0,2,1,6,6,1,38,7,1596,1,12,FORD FIESTA,4,E01018747,0,-1
2023041282793,2023,041282793,2,9,0,18,19,3,7,0,0,1,0,0,0,0,1,1,6,6,1,66,10,999,1,3,FORD FIESTA,1,E01025592,0,-1
2023622300893,2023,622300893,3,9,0,18,19,6,2,0,0,0,0,0,0,0,2,1,3,7,2,42,7,1084,1,5,FORD FIESTA,5,W01000719,0,-1
2023471387951,2023,471387951,1,9,0,18,19,3,7,0,0,1,0,0,0,0,1,1,5,6,2,88,11,1388,1,13,FORD FIESTA,10,E01021132,0,-1
2023991279315,2023,991279315,1,9,0,18,19,8,3,0,0,0,1,0,0,0,1,1,5,6,1,32,6,998,1,5,FORD FIESTA,6,-1,0,-1
2023631364380,2023,631364380,2,9,0,18,19,2,6,0,0,0,0,0,0,0,2,1,5,6,2,20,4,1242,1,15,FORD FIESTA,5,W01000535,0,-1
2023061343250,2023,061343250,1,9,0,18,19,4,4,0,0,0,1,4,0,0,4,1,6,6,3,30,6,1560,2,13,FORD FIESTA,-1,-1,0,-1
2023131381681,2023,131381681,2,9,0,18,19,8,3,0,0,1,0,0,0,0,1,1,5,6,1,39,7,1388,1,14,FORD FIESTA,2,E01011450,0,-1
2023052300805,2023,052300805,2,8,0,18,19,2,6,0,0,1,0,0,0,0,1,1,6,6,2,49,8,998,1,5,-1,1,E01007124,0,-1
2023311384547,2023,311384547,2,9,0,18,19,5,1,0,0,0,0,0,1,0,1,1,2,2,2,25,5,998,1,10,FORD FIESTA,-1,-1,0,-1
2023401372951,2023,401372951,1,9,0,18,19,3,7,0,0,0,0,7,0,0,1,1,6,6,1,53,8,1388,1,16,FORD FIESTA,5,E01017384,0,-1
2023010452702,2023,010452702,1,9,0,18,19,5,1,0,0,0,0,0,0,0,3,1,6,6,1,29,6,998,1,7,FORD FIESTA,10,E01021605,0,-1
2023052303014,2023,052303014,1,9,0,18,19,6,8,0,0,8,0,0,0,0,1,1,6,6,1,22,5,1596,1,7,FORD FIESTA,7,E01007306,0,-1
2023461383136,2023,461383136,1,9,0,18,19,3,7,0,0,8,1,0,0,0,3,1,6,6,1,20,4,998,1,4,FORD FIESTA,7,E01000748,0,-1
2023201376936,2023,201376936,2,9,0,18,19,-1,-1,0,0,8,0,0,0,0,1,1,1,1,2,25,5,998,1,5,FORD FIESTA,7,E01010243,0,-1
2023332301299,2023,332301299,1,9,0,9,9,5,3,0,0,5,0,0,0,0,1,1,6,6,2,62,9,1399,2,13,FORD FIESTA,5,E01013736,0,-1
2023421266358,2023,421266358,2,9,0,18,19,3,7,0,0,0,0,0,0,0,2,1,5,6,1,58,9,998,1,7,FORD FIESTA,3,E01021892,0,-1
2023440319548,2023,440319548,1,9,0,16,19,7,2,0,0,1,0,0,0,0,1,1,2,2,2,42,7,999,1,2,FORD FIESTA,-1,-1,0,-1
2023991313942,2023,991313942,1,9,0,18,19,7,3,0,0,0,0,0,0,0,3,1,5,6,2,70,10,998,1,7,FORD FIESTA,-1,-1,0,-1
2023631354169,2023,631354169,2,9,0,18,19,1,5,0,0,0,0,0,0,0,1,1,5,6,2,53,8,998,1,8,FORD FIESTA,5,W01000518,0,-1
2023052300485,2023,052300485,1,9,0,5,5,1,5,0,0,1,0,0,0,0,1,1,6,6,1,-1,-1,1388,1,15,FORD FIESTA,1,E01007085,0,-1
2023010425025,2023,010425025,2,9,0,9,9,5,2,0,0,1,0,0,0,0,1,1,2,2,2,24,5,1242,1,16,FORD FIESTA,2,E01003299,0,-1
2023552300871,2023,552300871,1,9,0,2,2,0,0,0,0,0,0,0,0,0,3,1,6,6,1,20,4,1242,1,18,FORD FIESTA,9,E01015406,0,-1
2023131367767,2023,131367767,1,9,0,4,4,7,3,0,0,0,0,0,0,0,2,1,5,6,2,50,8,998,1,6,FORD FIESTA,10,E01011270,0,-1