collision_index,collision_year,collision_ref_no,vehicle_reference,vehicle_type,towing_and_articulation,vehicle_manoeuvre_historic,vehicle_manoeuvre,vehicle_direction_from,vehicle_direction_to,vehicle_location_restricted_lane_historic,vehicle_location_restricted_lane,junction_location,skidding_and_overturning,hit_object_in_carriageway,vehicle_leaving_carriageway,hit_object_off_carriageway,first_point_of_impact,vehicle_left_hand_drive,journey_purpose_of_driver_historic,journey_purpose_of_driver,sex_of_driver,age_of_driver,age_band_of_driver,engine_capacity_cc,propulsion_code,age_of_vehicle,generic_make_model,driver_imd_decile,lsoa_of_driver,escooter_flag,driver_distance_banding
2023461260962,2023,461260962,2,9,0,18,19,4,8,0,0,0,0,11,0,0,1,1,5,6,1,34,6,1242,1,14,FORD FIESTA,4,E01024561,0,-1
2023440008853,2023,440008853,2,9,0,18,19,3,7,0,0,0,0,0,0,0,1,1,6,6,1,54,8,1596,1,13,FORD FIESTA,7,E01022990,0,-1
2023522301060,2023,522301060,1,9,0,9,9,3,1,0,0,8,0,0,0,0,4,1,6,6,2,30,6,1242,1,11,FORD FIESTA,4,E01014675,0,-1
2023010439505,2023,010439505,1,9,0,99,99,9,9,99,99,9,9,99,9,99,2,9,6,6,1,27,6,998,1,10,FORD FIESTA,2,E01003241,0,-1
2023421320288,2023,421320288,1,9,0,16,19,6,1,0,0,4,0,0,7,0,1,1,6,6,1,66,10,1242,1,8,FORD FIESTA,6,E01021930,0,-1
2023421386194,2023,421386194,2,9,0,7,7,4,8,0,0,1,0,0,0,0,1,1,5,6,2,18,4,1242,1,10,FORD FIESTA,10,E01021612,0,-1
2023552300831,2023,552300831,1,9,0,18,19,3,7,0,0,0,0,0,0,0,1,1,6,6,2,49,8,1242,1,14,FORD FIESTA,3,E01015429,0,-1
2023631353881,2023,631353881,1,9,0,18,19,7,3,0,0,1,0,0,0,0,1,1,5,6,2,19,4,1399,2,13,FORD FIESTA,4,W01000508,0,-1
2023421284514,2023,421284514,1,9,0,18,19,7,3,0,0,4,0,0,0,0,1,1,6,6,1,19,4,1242,1,16,FORD FIESTA,8,E01021944,0,-1
2023122400077,2023,122400077,1,9,0,18,19,1,5,0,0,0,0,0,0,0,3,1,6,6,2,22,5,998,1,4,FORD FIESTA,6,E01027851,0,-1
202360A190632,2023,60A190632,1,9,0,9,9,5,3,0,0,5,0,0,0,0,1,1,6,6,2,32,6,1399,2,14,FORD FIESTA,-1,-1,0,-1
2023430143839,2023,430143839,4,9,0,2,2,0,0,0,0,2,0,0,0,0,4,1,6,6,3,-1,-1,1084,1,5,FORD FIESTA,-1,-1,0,-1
2023451314267,2023,451314267,1,9,0,9,9,1,7,0,0,8,0,0,0,0,4,1,6,6,1,35,6,1242,1,10,FORD FIESTA,7,E01030429,0,-1
2023501263580,2023,501263580,1,9,0,16,19,4,8,0,0,4,0,0,0,0,1,1,5,6,2,58,9,1388,1,15,FORD FIESTA,3,E01015172,0,-1
2023320200530,2023,320200530,1,9,0,4,4,6,2,0,0,0,0,0,0,0,1,1,1,1,1,24,5,1399,2,11,FORD FIESTA,8,E01026313,0,-1
2023052301372,2023,052301372,1,9,0,9,9,3,7,0,0,1,0,0,0,0,3,1,6,6,2,26,6,999,1,2,FORD FIESTA,8,E01032904,0,-1
2023991318281,2023,991318281,2,9,0,18,19,2,6,0,0,0,0,0,1,11,1,1,5,6,1,55,8,998,1,9,FORD FIESTA,9,-1,0,-1
2023531372312,2023,531372312,2,9,0,18,19,7,3,0,0,0,0,0,0,0,1,1,5,6,2,25,5,998,1,4,FORD FIESTA,5,E01022148,0,-1
2023461362350,2023,461362350,2,9,-1,18,19,2,4,0,0,0,0,0,0,0,2,1,5,6,2,20,4,1242,1,10,FORD FIESTA,7,E01016162,0,-1
2023411397130,2023,411397130,2,9,0,18,19,7,2,0,0,0,0,0,1,0,1,1,6,6,1,60,9,1242,1,9,FORD FIESTA,10,E01021580,0,-1
2023302301480,2023,302301480,1,9,0,7,7,8,2,0,0,6,0,0,0,0,1,1,6,6,2,18,4,1242,1,15,FORD FIESTA,9,E01019614,0,-1
2023991298611,2023,991298611,1,9,0,18,19,6,2,0,0,1,0,0,0,0,1,1,5,6,1,25,5,1596,1,12,FORD FIESTA,3,-1,0,-1
2023461305179,2023,461305179,1,9,0,18,19,7,3,0,0,0,0,0,0,0,1,1,6,6,3,-1,-1,998,1,6,FORD FIESTA,1,E01020982,0,-1
2023131363391,2023,131363391,1,9,0,18,19,4,8,0,0,0,0,0,0,0,1,1,6,6,3,-1,-1,-1,-1,-1,FORD FIESTA,-1,-1,0,-1
2023041345918,2023,041345918,1,9,0,5,5,3,8,0,0,2,0,0,0,0,4,1,5,6,2,41,7,1388,1,15,FORD FIESTA,4,E01024871,0,-1
2023161325960,2023,161325960,2,9,0,18,19,5,1,0,0,1,0,0,0,0,1,1,5,6,1,61,9,1496,1,4,FORD FIESTA,1,E01012864,0,-1
2023010479362,2023,010479362,1,9,0,3,3,3,7,0,0,1,0,0,0,0,2,1,6,6,2,21,5,999,1,2,FORD FIESTA,2,E01003624,0,-1
2023411383957,2023,411383957,1,9,0,7,7,2,5,0,0,3,0,0,0,0,1,1,6,6,1,37,7,998,1,4,FORD FIESTA,9,E01023831,0,-1
2023031311019,2023,031311019,4,9,0,4,4,7,8,0,0,0,0,0,0,0,2,1,6,6,1,36,7,1242,1,16,FORD FIESTA,1,E01019121,0,-1
2023430179194,2023,430179194,1,19,0,7,7,7,1,0,0,3,0,0,0,0,1,1,6,6,3,-1,-1,1399,2,16,FORD FIESTA,-1,-1,0,-1
2023440328592,2023,440328592,1,9,0,9,9,1,7,0,0,8,0,0,0,0,1,1,6,6,1,49,8,1560,2,14,FORD FIESTA,6,E01023065,0,-1
2023501284687,2023,501284687,1,9,0,7,7,1,3,0,0,6,1,0,0,0,2,1,1,1,1,52,8,1388,1,12,FORD FIESTA,5,E01018791,0,-1
2023552301069,2023,552301069,1,9,0,5,5,8,4,0,0,8,0,0,0,0,3,1,6,6,2,27,6,1242,1,13,FORD FIESTA,3,E01023055,0,-1
2023231364530,2023,231364530,1,9,0,9,9,6,4,0,0,6,0,0,0,0,1,1,6,6,1,20,4,1084,1,5,FORD FIESTA,3,E01009620,0,-1
2023411337510,2023,411337510,2,9,0,18,19,5,1,0,0,0,0,0,0,0,1,1,5,6,2,26,6,1242,1,11,FORD FIESTA,9,E01021828,0,-1
2023461325183,2023,461325183,2,9,0,3,3,6,2,0,0,0,0,0,0,0,2,1,3,7,1,74,10,998,1,9,FORD FIESTA,1,E01024177,0,-1
2023411316710,2023,411316710,1,9,0,18,19,-1,-1,0,0,8,0,0,0,0,1,1,5,6,2,-1,-1,1242,1,16,FORD FIESTA,9,E01017389,0,-1
2023340NN2382,2023,340NN2382,1,9,0,4,4,5,1,0,0,0,0,0,0,0,3,1,6,6,1,19,4,1596,1,11,FORD FIESTA,8,E01027044,0,-1
2023131375100,2023,131375100,1,9,0,11,11,5,1,0,0,0,0,0,0,0,4,1,6,6,1,45,7,1560,2,13,FORD FIESTA,2,E01011943,0,-1
2023622300390,2023,622300390,2,9,0,18,19,3,7,0,0,8,0,10,0,0,3,1,6,6,1,23,5,998,1,5,FORD FIESTA,4,W01000891,0,-1
2023041316532,2023,041316532,3,9,0,3,3,3,7,0,0,1,0,0,0,0,2,1,4,7,1,17,4,998,1,6,FORD FIESTA,4,E01025073,0,-1
2023531339588,2023,531339588,1,9,0,18,19,3,7,0,0,2,0,0,0,0,1,1,5,6,2,79,11,998,1,8,FORD FIESTA,9,E01022183,0,-1
2023991280517,2023,991280517,1,9,0,18,19,1,5,0,0,8,0,0,0,0,4,1,1,1,1,26,6,998,1,6,FORD FIESTA,1,-1,0,-1
2023010447196,2023,010447196,1,9,0,4,4,1,5,0,0,0,0,0,0,0,2,1,6,6,2,37,7,1242,1,16,FORD FIESTA,9,E01002509,0,-1
2023311359401,2023,311359401,1,9,0,18,19,4,8,0,0,0,0,4,0,0,1,1,5,6,1,21,5,1496,1,4,FORD FIESTA,10,E01028136,0,-1
2023610015923,2023,610015923,1,9,0,7,7,3,5,0,0,8,0,0,0,0,1,1,2,2,2,70,10,1242,1,14,FORD FIESTA,10,W01001794,0,-1
2023031306398,2023,031306398,1,9,0,18,19,8,3,0,0,1,0,0,0,0,1,1,6,6,1,43,7,998,1,7,FORD FIESTA,7,E01019352,0,-1
2023471327274,2023,471327274,3,9,0,16,19,1,5,0,0,0,0,0,0,0,1,1,5,6,1,85,11,998,1,8,FORD FIESTA,8,E01031624,0,-1
2023351283974,2023,351283974,1,9,0,16,19,6,2,0,0,1,0,0,0,0,1,1,5,6,1,23,5,1388,1,11,FORD FIESTA,7,E01017969,0,-1
2023070000399,2023,070000399,2,9,0,18,19,7,3,0,0,0,0,0,0,0,1,1,6,6,2,57,9,1242,1,6,FORD FIESTA,-1,-1,0,-1
2023471294121,2023,471294121,2,9,0,18,19,1,5,0,0,1,0,0,0,0,2,1,5,6,2,63,9,1084,1,4,FORD FIESTA,3,E01020930,0,-1
2023010454078,2023,010454078,3,9,0,2,2,0,0,0,0,0,0,0,0,0,3,1,6,6,3,-1,-1,998,1,7,FORD FIESTA,-1,-1,0,-1
2023440000474,2023,440000474,2,9,0,1,1,7,3,0,0,5,0,0,0,0,4,1,6,6,2,30,6,998,1,8,FORD FIESTA,2,E01017331,0,-1
2023522300409,2023,522300409,1,9,0,3,3,5,1,0,0,1,0,0,0,0,2,1,6,6,2,56,9,1242,1,23,FORD FIESTA,8,E01033331,0,-1
2023440174023,2023,440174023,1,9,0,18,19,5,1,0,0,1,0,0,1,1,1,1,6,6,1,25,5,998,1,7,FORD FIESTA,4,E01027413,0,-1
2023141291090,2023,141291090,2,9,0,18,19,1,5,0,0,0,0,0,0,0,1,1,5,6,2,18,4,998,1,5,FORD FIESTA,4,E01007693,0,-1
202354C226823,2023,54C226823,1,9,0,18,19,5,1,0,0,0,0,10,1,10,1,1,6,6,2,70,10,998,1,6,FORD FIESTA,7,E01002337,0,-1
2023991347498,2023,991347498,2,9,0,2,2,0,0,0,0,2,0,0,0,0,2,1,6,6,3,-1,-1,1084,1,5,FORD FIESTA,-1,-1,0,-1
2023631319654,2023,631319654,2,9,0,9,9,2,8,0,0,6,0,0,0,0,1,1,5,6,2,45,7,998,1,9,FORD FIESTA,6,W01000671,0,-1
2023991317199,2023,991317199,2,9,0,7,7,8,2,0,0,6,0,0,1,0,1,1,5,6,2,20,4,998,1,10,FORD FIESTA,6,-1,0,-1
2023631359100,2023,631359100,1,9,0,17,19,5,3,0,0,0,2,0,1,10,1,1,5,6,1,40,7,1242,1,9,FORD FIESTA,3,E01028903,0,-1
2023320355945,2023,320355945,2,9,0,2,2,0,0,9,9,0,0,0,0,0,2,1,6,6,3,-1,-1,1596,1,18,FORD FIESTA,-1,-1,0,-1
2023461284115,2023,461284115,2,9,0,18,19,1,5,0,0,1,0,0,0,0,4,1,6,6,2,36,7,1388,1,13,FORD FIESTA,4,E01032800,0,-1
2023061318076,2023,061318076,1,9,0,18,19,6,2,0,0,0,0,0,0,0,1,1,6,6,2,57,9,998,1,5,FORD FIESTA,8,E01005000,0,-1
2023461270095,2023,461270095,1,9,0,-1,-1,-1,-1,-1,-1,0,-1,-1,-1,0,1,1,6,6,1,85,11,998,1,8,FORD FIESTA,2,E01024648,0,-1
2023302301482,2023,302301482,2,9,0,5,5,8,6,0,0,1,0,0,0,0,1,2,2,2,1,22,5,998,1,9,FORD FIESTA,5,E01009418,0,-1
2023131385806,2023,131385806,2,9,0,18,19,2,8,0,0,8,0,0,0,0,4,1,6,6,1,34,6,1388,1,19,FORD FIESTA,2,E01011805,0,-1
2023991314378,2023,991314378,14,9,0,18,19,8,4,0,0,0,0,0,0,0,2,1,6,6,1,39,7,1596,1,10,FORD FIESTA,3,-1,0,-1
2023332301115,2023,332301115,1,9,0,18,19,3,7,0,0,6,0,0,3,11,1,1,6,6,1,20,4,998,1,4,FORD FIESTA,8,E01025862,0,-1
2023010485838,2023,010485838,1,9,0,99,99,9,9,99,99,9,9,99,9,99,2,9,6,6,2,63,9,998,1,6,FORD FIESTA,5,E01003681,0,-1
2023552300976,2023,552300976,1,9,0,18,19,6,2,0,0,1,0,0,0,0,1,1,6,6,2,36,7,998,1,4,FORD FIESTA,5,E01015393,0,-1
2023041335467,2023,041335467,2,9,0,18,19,5,3,0,0,0,1,0,0,0,3,1,5,6,1,77,11,998,1,7,FORD FIESTA,8,E01019399,0,-1
2023531329717,2023,531329717,1,9,0,18,19,5,1,0,0,0,0,0,0,0,3,1,6,6,1,77,11,1242,1,12,FORD FIESTA,3,E01022256,0,-1
2023170M10153,2023,170M10153,1,9,0,9,9,2,8,0,0,8,0,0,0,0,2,1,6,6,1,53,8,1242,1,7,FORD FIESTA,10,E01012348,0,-1
2023610032923,2023,610032923,1,9,0,3,3,8,3,0,0,4,0,0,0,0,2,1,6,6,1,32,6,1388,1,13,FORD FIESTA,3,W01001546,0,-1
2023351391118,2023,351391118,1,9,0,18,19,7,3,0,0,0,0,0,0,0,1,1,5,6,1,20,4,1242,1,16,FORD FIESTA,9,E01026576,0,-1
2023991323340,2023,991323340,2,9,0,18,19,6,2,0,0,1,0,0,0,0,2,1,1,1,1,58,9,998,1,8,FORD FIESTA,4,-1,0,-1
2023141376378,2023,141376378,1,9,0,18,19,2,6,0,0,1,0,0,0,0,1,1,6,6,2,24,5,1560,2,11,FORD FIESTA,2,E01007348,0,-1
202360A104470,2023,60A104470,1,9,0,18,19,6,2,0,0,0,2,0,2,11,1,1,6,6,1,21,5,1496,1,5,FORD FIESTA,-1,-1,0,-1
2023421359224,2023,421359224,2,9,0,5,5,-1,-1,0,0,0,0,0,0,0,3,1,6,6,3,26,6,1596,1,8,FORD FIESTA,7,E01021556,0,-1
2023421274016,2023,421274016,2,9,0,18,19,4,1,0,0,0,1,0,1,3,1,1,2,2,1,42,7,1242,1,15,FORD FIESTA,-1,-1,0,-1
2023010440413,2023,010440413,2,9,0,7,7,6,8,0,0,8,0,0,0,0,4,9,6,6,3,-1,-1,998,1,9,FORD FIESTA,-1,-1,0,-1
2023211269090,2023,211269090,1,9,0,18,19,2,6,7,6,0,0,4,0,0,1,1,5,6,1,64,9,998,1,10,FORD FIESTA,4,E01029431,0,-1
2023552301207,2023,552301207,1,9,0,5,5,4,8,0,0,4,0,0,0,0,1,1,6,6,1,66,10,1242,1,9,FORD FIESTA,5,E01015427,0,-1
2023111263178,2023,111263178,1,9,0,5,5,8,3,0,0,0,0,0,0,0,1,1,2,2,1,25,5,1242,1,8,FORD FIESTA,8,E01020883,0,-1
2023031374115,2023,031374115,1,9,0,18,19,1,5,0,0,0,2,0,1,4,1,1,5,6,2,19,4,1242,1,11,FORD FIESTA,9,E01019190,0,-1
2023010475469,2023,010475469,1,9,9,99,99,9,9,99,99,9,9,99,9,99,1,1,6,6,3,-1,-1,1242,1,11,FORD FIESTA,-1,-1,0,-1
2023010462452,2023,010462452,1,9,0,99,99,9,9,99,99,9,9,99,9,99,2,9,6,6,1,32,6,1242,1,10,FORD FIESTA,5,E01004353,0,-1
2023471262014,2023,471262014,1,9,0,5,5,4,8,0,0,5,0,0,3,0,1,1,6,6,2,28,6,1388,1,16,FORD FIESTA,1,E01020992,0,-1
2023010480051,2023,010480051,3,9,0,2,2,0,0,0,0,0,0,0,0,0,2,1,6,6,3,-1,-1,998,1,4,FORD FIESTA,-1,-1,0,-1
2023411287305,2023,411287305,2,9,0,18,19,3,6,0,0,4,0,0,0,0,4,1,2,2,2,25,5,998,1,7,FORD FIESTA,9,E01023676,0,-1
2023161396370,2023,161396370,2,9,0,2,2,0,0,0,0,0,0,0,0,0,2,1,6,6,3,-1,-1,998,1,4,FORD FIESTA,-1,-1,0,-1
2023622300052,2023,622300052,1,9,0,5,5,5,2,0,0,0,0,0,0,0,3,1,6,6,1,39,7,-1,-1,-1,FORD FIESTA,2,W01000801,0,-1
2023161305404,2023,161305404,1,9,0,3,3,6,2,0,0,0,0,0,0,0,2,1,2,2,2,50,8,1560,2,13,FORD FIESTA,1,E01012895,0,-1
2023461337589,2023,461337589,1,9,0,17,19,5,2,0,0,0,0,4,0,0,1,1,6,6,1,20,4,1242,1,15,FORD FIESTA,7,E01024743,0,-1
2023461394574,2023,461394574,1,9,0,18,19,7,3,0,0,0,2,0,0,0,1,1,6,6,1,19,4,1388,1,11,FORD FIESTA,5,E01024095,0,-1
2023440236506,2023,440236506,2,9,0,17,19,5,2,0,0,2,5,0,0,0,3,1,6,6,1,18,4,1560,2,14,FORD FIESTA,9,E01023174,0,-1
2023411366440,2023,411366440,1,9,0,5,5,4,8,0,0,4,0,0,0,0,3,1,5,6,1,87,11,1388,1,11,FORD FIESTA,9,E01023953,0,-1
2023170L20573,2023,170L20573,2,9,0,18,19,2,6,0,0,1,0,0,0,0,1,1,6,6,1,-1,-1,1499,2,5,FORD FIESTA,-1,-1,0,-1
2023131325546,2023,131325546,1,9,0,17,19,5,1,0,0,0,1,0,0,0,1,1,5,6,1,19,4,1242,1,13,FORD FIESTA,5,E01011648,0,-1
202360A145086,2023,60A145086,1,9,0,9,9,5,3,0,0,8,0,0,0,0,1,1,6,6,2,70,10,998,1,10,FORD FIESTA,-1,-1,0,-1
2023991324983,2023,991324983,2,9,0,4,4,3,8,0,0,1,0,0,7,0,2,1,5,6,2,37,7,1242,1,9,FORD FIESTA,10,E01031737,0,-1
2023031389138,2023,031389138,1,9,-1,-1,-1,-1,-1,-1,-1,-1,-1,-1,-1,0,-1,1,6,6,2,54,8,1242,1,12,FORD FIESTA,-1,-1,0,-1
2023461359592,2023,461359592,1,9,0,18,19,5,1,0,0,1,0,0,0,0,3,1,6,6,2,33,6,1242,1,14,FORD FIESTA,5,E01016116,0,-1
2023221261338,2023,221261338,2,9,0,14,14,4,8,0,0,0,0,8,0,0,4,1,6,6,1,49,8,1242,1,14,FORD FIESTA,-1,-1,0,-1
2023070225781,2023,070225781,1,9,0,18,19,6,1,0,0,2,0,0,0,0,1,1,1,1,2,24,5,1388,1,14,FORD FIESTA,1,E01005638,0,-1
2023070555743,2023,070555743,2,9,0,3,3,4,8,0,0,4,0,0,0,0,2,1,6,6,2,20,4,1499,2,10,FORD FIESTA,10,E01012463,0,-1
2023421378154,2023,421378154,2,9,0,18,19,7,5,0,0,1,0,0,0,0,2,1,5,6,2,75,10,998,1,7,FORD FIESTA,5,E01021880,0,-1
2023131361797,2023,131361797,1,9,0,18,19,6,2,0,0,0,5,0,7,11,1,1,5,6,1,78,11,1399,2,13,FORD FIESTA,1,E01010721,0,-1
2023451367960,2023,451367960,2,9,0,4,4,5,1,0,0,0,0,0,0,0,2,1,5,6,1,81,11,999,1,3,FORD FIESTA,8,E01030549,0,-1
2023522301386,2023,522301386,1,9,0,5,5,5,1,0,0,1,0,0,0,0,2,1,6,6,1,30,6,1499,2,7,FORD FIESTA,2,E01033361,0,-1
2023211290550,2023,211290550,1,9,0,5,5,2,6,0,0,1,0,0,0,0,1,1,6,6,2,31,6,1084,1,5,FORD FIESTA,7,E01029384,0,-1
2023332301103,2023,332301103,1,9,0,1,1,2,6,0,0,0,0,0,0,0,3,1,6,6,2,81,11,998,1,10,FORD FIESTA,10,E01025772,0,-1
2023461359246,2023,461359246,1,9,0,18,19,3,7,6,6,0,1,0,1,0,1,1,5,6,2,26,6,1242,1,15,FORD FIESTA,3,E01024001,0,-1
2023411383742,2023,411383742,1,9,0,18,19,7,3,0,0,0,1,0,8,11,1,1,5,6,1,83,11,998,1,6,FORD FIESTA,10,E01023733,0,-1
2023552300199,2023,552300199,1,9,0,9,9,6,3,0,0,6,0,0,0,0,4,1,6,6,2,77,11,1388,1,19,FORD FIESTA,3,E01023018,0,-1
2023991350790,2023,991350790,1,9,0,18,19,8,5,0,0,1,0,0,0,0,1,1,5,6,2,24,5,1242,1,14,FORD FIESTA,4,-1,0,-1
2023340WN2302,2023,340WN2302,2,9,0,18,19,7,3,0,0,1,0,0,0,0,1,1,1,1,1,41,7,1388,1,11,FORD FIESTA,3,E01031172,0,-1
2023010442524,2023,010442524,1,9,0,11,11,3,7,0,0,0,0,0,0,0,4,1,2,2,1,39,7,1399,2,11,FORD FIESTA,3,E01015935,0,-1
2023332300576,2023,332300576,1,9,0,4,4,6,2,0,0,0,0,0,0,0,2,1,2,2,2,57,9,1242,1,8,FORD FIESTA,7,E01025752,0,-1
2023991313571,2023,991313571,1,9,0,18,19,5,1,0,0,8,0,0,0,0,1,1,5,6,1,20,4,1084,1,4,FORD FIESTA,1,-1,0,-1
202360A101471,2023,60A101471,2,9,0,18,19,2,6,0,0,1,0,0,0,0,3,1,6,6,2,33,6,1242,1,13,FORD FIESTA,-1,-1,0,-1
2023520400252,2023,520400252,1,9,0,16,19,3,5,0,0,0,0,12,7,0,3,1,6,6,1,17,4,1399,2,13,FORD FIESTA,4,E01029090,0,-1
2023501337685,2023,501337685,1,9,0,17,19,7,3,0,0,0,1,0,0,0,1,1,2,2,1,19,4,1242,1,15,FORD FIESTA,3,E01019034,0,-1
2023061324578,2023,061324578,1,9,0,9,9,8,5,0,0,2,0,0,0,0,1,1,6,6,2,35,6,1388,1,12,FORD FIESTA,6,E01004930,0,-1
2023430168405,2023,430168405,2,9,0,18,19,8,4,0,0,2,0,0,0,0,1,1,6,6,1,38,7,1499,2,7,FORD FIESTA,6,E01016471,0,-1
2023461305130,2023,461305130,1,9,0,6,6,7,3,0,0,1,0,0,0,0,1,1,6,6,2,29,6,1399,2,12,FORD FIESTA,2,E01032799,0,-1
2023010451296,2023,010451296,2,9,0,18,19,2,6,0,0,8,0,0,0,0,1,1,6,6,1,38,7,998,1,6,FORD FIESTA,6,E01004070,0,-1
2023320254421,2023,320254421,4,9,0,18,19,4,8,0,0,0,0,0,0,0,1,1,2,2,1,61,9,998,1,1,FORD FIESTA,9,E01025439,0,-1
2023461311265,2023,461311265,1,9,0,4,4,-1,-1,0,0,0,0,0,0,0,1,1,5,6,1,18,4,1242,1,16,FORD FIESTA,7,E01024380,0,-1
2023340NN1432,2023,340NN1432,2,9,0,3,3,2,6,0,0,7,0,0,0,0,2,1,6,6,1,65,9,1388,1,13,FORD FIESTA,4,E01027056,0,-1
2023131323306,2023,131323306,1,9,0,18,19,5,1,0,0,0,0,0,0,0,0,1,5,6,2,22,5,1596,1,7,FORD FIESTA,1,E01011475,0,-1
2023010433981,2023,010433981,1,9,0,9,9,5,3,0,0,0,0,0,0,0,3,1,2,2,2,53,8,1242,1,10,FORD FIESTA,8,E01002322,0,-1
2023320269686,2023,320269686,1,9,0,18,19,3,7,0,0,8,0,0,0,0,3,1,6,6,1,17,4,1242,1,14,FORD FIESTA,-1,-1,0,-1
2023071253483,2023,071253483,2,9,0,5,5,7,4,0,0,4,0,0,0,0,2,1,6,6,2,45,7,1242,1,15,FORD FIESTA,1,E01012436,0,-1
2023302300582,2023,302300582,2,9,0,2,2,0,0,9,9,2,0,0,0,0,2,1,6,6,3,-1,-1,1596,1,17,FORD FIESTA,-1,-1,0,-1
2023471352689,2023,471352689,1,9,0,18,19,7,3,0,0,2,0,4,0,0,1,1,2,2,1,29,6,1596,1,11,FORD FIESTA,3,E01031811,0,-1
2023440492148,2023,440492148,2,9,0,2,2,0,0,0,0,0,0,0,0,0,2,1,6,6,3,-1,-1,1499,2,10,FORD FIESTA,-1,-1,0,-1
2023161356110,2023,161356110,1,9,0,18,19,1,5,0,0,1,0,0,0,0,4,1,2,2,2,34,6,1499,2,9,FORD FIESTA,8,E01013190,0,-1
2023552301318,2023,552301318,2,9,0,18,19,7,3,0,0,8,0,0,0,0,4,1,6,6,2,22,5,1999,1,16,FORD FIESTA,8,E01015333,0,-1
2023542196023,2023,542196023,1,9,0,7,7,1,3,0,0,6,0,0,0,0,1,1,6,6,2,18,4,999,1,2,FORD FIESTA,6,E01015587,0,-1
2023461298906,2023,461298906,2,9,0,18,19,4,8,0,0,0,0,0,0,0,1,1,6,6,1,58,9,998,1,7,FORD FIESTA,6,E01024130,0,-1
2023351303473,2023,351303473,2,9,0,17,19,5,1,0,0,1,0,0,0,0,4,1,6,6,1,78,11,998,1,1,FORD FIESTA,9,E01018120,0,-1
2023461355272,2023,461355272,1,9,0,18,19,1,5,0,0,1,0,0,0,0,1,1,5,6,2,30,6,1242,1,10,FORD FIESTA,6,E01000709,0,-1
2023031385364,2023,031385364,1,9,0,17,19,6,2,0,0,0,2,0,0,0,1,1,5,6,1,18,4,1242,1,8,FORD FIESTA,6,E01019317,0,-1
2023531380422,2023,531380422,1,9,0,18,19,7,3,0,0,0,0,0,0,0,1,1,6,6,1,27,6,998,1,8,FORD FIESTA,3,E01022157,0,-1
2023201305609,2023,201305609,1,9,0,11,11,3,7,0,0,1,0,10,1,1,1,1,6,6,2,55,8,1242,1,13,FORD FIESTA,2,E01008915,0,-1
2023201453198,2023,201453198,1,9,0,18,19,1,5,0,0,0,0,0,0,0,4,1,2,2,1,32,6,1242,1,8,FORD FIESTA,3,E01009178,0,-1
2023340WN1672,2023,340WN1672,1,9,0,18,19,7,3,0,0,0,1,0,0,0,1,1,1,1,2,26,6,1242,1,14,FORD FIESTA,9,E01033514,0,-1
2023340WN6322,2023,340WN6322,1,9,0,17,19,3,7,0,0,0,5,10,7,9,1,1,6,6,2,17,4,1596,1,18,FORD FIESTA,2,E01027178,0,-1
2023320751316,2023,320751316,1,9,0,4,4,4,8,0,0,0,1,0,1,0,0,1,1,1,2,22,5,1499,2,6,FORD FIESTA,7,E01026392,0,-1
2023451374578,2023,451374578,2,9,0,18,19,5,1,0,0,1,0,0,0,0,2,1,5,6,2,27,6,998,1,5,FORD FIESTA,6,E01030399,0,-1
2023451337303,2023,451337303,4,9,0,2,2,0,0,0,0,0,0,0,0,0,4,1,6,6,3,-1,-1,1596,1,20,FORD FIESTA,-1,-1,0,-1
2023471314289,2023,471314289,1,9,0,18,19,3,7,0,0,0,0,0,0,0,1,1,5,6,2,31,6,1399,2,19,FORD FIESTA,4,E01020965,0,-1
2023501382128,2023,501382128,1,9,0,18,19,5,1,0,0,1,0,0,0,0,1,1,5,6,1,36,7,1596,1,7,FORD FIESTA,5,E01015135,0,-1
2023211362926,2023,211362926,1,9,0,4,4,6,2,0,0,0,0,0,0,0,0,1,5,6,1,22,5,998,1,4,FORD FIESTA,8,E01029475,0,-1
2023161271104,2023,161271104,1,9,0,18,19,1,5,0,0,3,0,0,0,0,1,1,6,6,2,76,11,998,1,4,FORD FIESTA,-1,-1,0,-1
2023421314618,2023,421314618,2,9,0,18,19,1,1,0,0,0,0,0,0,0,3,1,5,6,1,63,9,998,1,4,FORD FIESTA,4,E01021848,0,-1
2023010471169,2023,010471169,1,9,0,18,19,8,4,9,9,0,0,10,7,10,3,1,6,6,1,53,8,998,1,4,FORD FIESTA,3,E01000054,0,-1
2023041382342,2023,041382342,2,9,0,4,4,3,7,0,0,0,0,0,0,0,1,1,2,2,2,23,5,1242,1,6,FORD FIESTA,4,E01025170,0,-1
2023201291008,2023,201291008,1,9,0,5,5,4,2,0,0,6,0,10,7,10,4,1,6,6,1,19,4,1388,1,18,FORD FIESTA,2,E01032333,0,-1
2023371358997,2023,371358997,1,9,0,18,19,1,5,0,0,0,1,0,5,0,1,1,5,6,2,28,6,1399,2,14,FORD FIESTA,4,E01026792,0,-1