collision_index,collision_year,collision_ref_no,vehicle_reference,vehicle_type,towing_and_articulation,vehicle_manoeuvre_historic,vehicle_manoeuvre,vehicle_direction_from,vehicle_direction_to,vehicle_location_restricted_lane_historic,vehicle_location_restricted_lane,junction_location,skidding_and_overturning,hit_object_in_carriageway,vehicle_leaving_carriageway,hit_object_off_carriageway,first_point_of_impact,vehicle_left_hand_drive,journey_purpose_of_driver_historic,journey_purpose_of_driver,sex_of_driver,age_of_driver,age_band_of_driver,engine_capacity_cc,propulsion_code,age_of_vehicle,generic_make_model,driver_imd_decile,lsoa_of_driver,escooter_flag,driver_distance_banding
2023351354332,2023,351354332,2,9,0,4,4,3,7,0,0,4,0,0,0,0,1,1,2,2,2,21,5,1560,2,9,FORD FIESTA,10,E01017964,0,-1
2023201412404,2023,201412404,2,9,0,3,3,3,7,0,0,1,0,0,0,0,2,1,6,6,1,71,10,998,1,4,FORD FIESTA,6,E01032591,0,-1
2023991304830,2023,991304830,3,9,0,18,19,1,5,0,0,2,0,0,0,0,2,1,6,6,1,74,10,998,1,8,FORD FIESTA,-1,-1,0,-1
2023211358145,2023,211358145,2,9,0,4,4,3,7,0,0,4,0,0,0,0,1,1,6,6,1,25,5,998,1,3,FORD FIESTA,-1,-1,0,-1
2023461305607,2023,461305607,1,9,0,17,19,5,1,0,0,1,0,0,0,0,1,1,2,2,1,26,6,1242,1,19,FORD FIESTA,4,E01024176,0,-1
2023201411400,2023,201411400,1,9,0,15,15,1,5,0,0,8,0,0,0,0,1,1,5,6,3,-1,-1,1596,1,8,FORD FIESTA,-1,-1,0,-1
2023010447268,2023,010447268,2,9,0,16,19,5,1,0,0,1,0,0,0,0,1,1,6,6,2,23,5,1242,1,10,FORD FIESTA,4,E01004128,0,-1
2023031285579,2023,031285579,1,9,0,17,19,1,7,0,0,1,2,0,0,0,1,1,6,6,1,19,4,1242,1,17,FORD FIESTA,5,E01019264,0,-1
2023451355599,2023,451355599,1,9,0,9,9,3,1,0,0,0,0,0,0,0,1,1,5,6,1,18,4,1399,2,17,FORD FIESTA,8,E01030491,0,-1
2023231374056,2023,231374056,1,9,0,18,19,2,6,0,0,1,0,0,0,0,2,1,6,6,1,21,5,1084,1,6,FORD FIESTA,5,E01031168,0,-1
2023471369511,2023,471369511,2,9,0,18,19,5,8,0,0,0,0,0,0,0,3,1,5,6,1,20,4,1242,1,8,FORD FIESTA,9,E01031816,0,-1
2023351417163,2023,351417163,1,9,0,5,5,1,5,0,0,4,0,0,0,0,1,1,2,2,1,51,8,1084,1,6,FORD FIESTA,3,E01018180,0,-1
2023302300468,2023,302300468,1,9,0,9,9,8,5,0,0,8,0,0,0,0,3,1,1,1,2,27,6,1242,1,8,FORD FIESTA,5,E01028129,0,-1
2023440083414,2023,440083414,2,9,0,9,9,8,6,0,0,1,0,0,0,0,1,1,6,6,1,19,4,1596,1,11,FORD FIESTA,8,E01022951,0,-1
2023332300126,2023,332300126,1,9,0,18,19,6,2,0,0,0,0,0,1,1,1,1,6,6,1,58,9,-1,-1,-1,FORD FIESTA,9,E01025693,0,-1
2023471290196,2023,471290196,1,9,0,18,19,7,3,0,0,0,0,0,0,0,1,1,6,6,2,28,6,1596,1,17,FORD FIESTA,5,E01031705,0,-1
2023622300512,2023,622300512,1,9,0,18,19,4,8,0,0,1,0,0,1,0,1,1,1,1,2,22,5,1499,2,10,FORD FIESTA,3,W01001317,0,-1
2023111268089,2023,111268089,1,9,0,18,19,1,4,0,0,0,0,0,7,11,1,1,5,6,1,18,4,1596,1,14,FORD FIESTA,7,E01020854,0,-1
2023320038233,2023,320038233,1,9,0,18,19,2,6,0,0,0,5,4,0,0,1,1,2,2,1,24,5,1388,1,20,FORD FIESTA,2,E01026111,0,-1
2023991316877,2023,991316877,1,9,0,18,19,5,1,0,0,0,0,0,0,0,1,1,5,6,2,24,5,1242,1,7,FORD FIESTA,-1,-1,0,-1
2023052301537,2023,052301537,2,9,0,4,4,5,1,0,0,0,0,0,0,0,2,1,6,6,2,31,6,1084,1,6,FORD FIESTA,5,E01006933,0,-1
2023451384081,2023,451384081,1,9,0,18,19,1,5,0,0,8,0,0,7,0,1,1,2,2,2,52,8,1242,1,10,FORD FIESTA,5,E01031568,0,-1
2023141389913,2023,141389913,2,9,0,4,4,2,6,0,0,0,0,0,0,0,1,1,6,6,1,32,6,1596,1,12,FORD FIESTA,6,E01007554,0,-1
2023302301685,2023,302301685,2,9,0,4,4,8,4,0,0,1,0,0,0,0,1,1,6,6,2,80,11,1242,1,18,FORD FIESTA,10,E01019606,0,-1
2023501279028,2023,501279028,1,9,0,18,19,7,3,9,9,7,0,0,0,0,4,1,5,6,1,88,11,1560,2,9,FORD FIESTA,3,E01015249,0,-1
2023131306852,2023,131306852,1,9,0,16,19,1,5,0,0,0,1,0,7,10,1,1,5,6,2,19,4,1242,1,14,FORD FIESTA,1,E01011792,0,-1
2023552301360,2023,552301360,2,9,0,18,19,4,8,0,0,8,0,0,0,0,3,1,6,6,1,19,4,-1,-1,-1,FORD FIESTA,6,E01020541,0,-1
2023221323929,2023,221323929,2,9,0,9,9,1,8,0,0,5,0,0,0,0,4,1,5,6,2,66,10,1242,1,11,FORD FIESTA,6,E01032222,0,-1
2023520400507,2023,520400507,1,9,0,18,19,8,4,0,0,1,0,0,0,0,1,1,6,6,2,19,4,1388,1,11,FORD FIESTA,7,E01029267,0,-1
2023552400201,2023,552400201,1,9,0,18,19,4,8,0,0,0,0,0,0,0,1,1,6,6,2,69,10,1242,1,19,FORD FIESTA,3,E01015439,0,-1
2023010441174,2023,010441174,2,19,0,4,4,1,5,0,0,5,0,0,0,0,2,1,6,6,1,39,7,1560,2,10,FORD FIESTA,6,E01000273,0,-1
2023552301459,2023,552301459,1,9,0,18,19,4,8,0,0,0,0,0,0,0,3,1,6,6,2,57,9,998,1,5,FORD FIESTA,3,E01029235,0,-1
2023161332320,2023,161332320,2,9,0,17,19,6,2,0,0,0,0,0,0,0,4,1,5,6,1,20,4,1499,2,5,FORD FIESTA,10,E01012927,0,-1
2023520000311,2023,520000311,2,9,0,2,2,0,0,0,0,0,0,0,0,0,2,1,6,6,1,20,4,998,1,10,FORD FIESTA,10,E01014482,0,-1
2023401287534,2023,401287534,1,9,0,18,19,5,1,0,0,8,0,0,0,0,1,1,6,6,1,19,4,1242,1,13,FORD FIESTA,6,E01023633,0,-1
2023010458260,2023,010458260,1,9,0,99,99,9,9,99,99,9,9,99,9,99,2,9,6,6,1,32,6,1242,1,11,FORD FIESTA,3,E01003154,0,-1
2023311303343,2023,311303343,1,9,0,18,19,7,3,0,0,0,0,0,0,0,1,1,3,7,2,34,6,1388,1,14,FORD FIESTA,-1,-1,0,-1
2023991380717,2023,991380717,1,9,0,18,19,8,4,0,0,0,2,0,7,11,2,1,5,6,1,20,4,1596,1,11,FORD FIESTA,5,-1,0,-1
2023211337249,2023,211337249,2,9,0,4,4,1,5,0,0,8,0,0,0,0,1,1,6,6,1,44,7,-1,-1,-1,FORD FIESTA,2,E01029359,0,-1
2023542970223,2023,542970223,2,9,0,4,4,6,2,0,0,1,0,0,0,0,2,1,2,2,2,53,8,1242,1,12,FORD FIESTA,6,E01032117,0,-1
2023421332036,2023,421332036,1,9,0,17,19,8,4,0,0,0,1,0,0,0,1,1,5,6,1,49,8,1388,1,19,FORD FIESTA,7,E01021950,0,-1
2023411394304,2023,411394304,1,19,0,18,19,4,8,0,0,0,1,0,1,2,1,1,6,6,1,58,9,1560,2,10,FORD FIESTA,6,E01023413,0,-1
2023522301489,2023,522301489,1,9,0,17,19,4,8,0,0,0,0,0,1,2,4,1,6,6,2,88,11,1242,1,17,FORD FIESTA,8,E01032672,0,-1
2023010448017,2023,010448017,1,9,0,99,99,9,9,99,99,1,9,99,9,99,9,9,6,6,2,35,6,1242,1,8,FORD FIESTA,4,E01001928,0,-1
2023471310255,2023,471310255,1,9,0,11,11,5,2,0,0,3,0,0,3,1,1,1,5,6,2,18,4,1242,1,14,FORD FIESTA,7,E01031381,0,-1
2023411345097,2023,411345097,2,9,0,9,9,8,6,0,0,8,0,0,0,0,3,1,6,6,2,54,8,1388,1,16,FORD FIESTA,9,E01023946,0,-1
2023332300743,2023,332300743,1,9,0,9,9,7,5,0,0,6,0,0,0,0,3,1,2,2,1,22,5,1242,1,17,FORD FIESTA,4,E01025988,0,-1
2023052302695,2023,052302695,1,9,0,18,19,1,5,0,0,1,0,0,0,0,1,1,6,6,1,64,9,1242,1,11,FORD FIESTA,5,E01033766,0,-1
2023230513727,2023,230513727,2,9,0,18,19,8,4,0,0,8,0,0,0,0,1,1,6,6,2,71,10,1242,1,11,FORD FIESTA,7,E01022990,0,-1
2023610004123,2023,610004123,1,9,0,18,19,4,8,0,0,8,0,0,0,0,1,1,1,1,1,20,4,998,1,4,FORD FIESTA,3,W01000999,0,-1
2023201454219,2023,201454219,2,9,0,18,19,7,3,0,0,8,0,0,0,0,3,1,6,6,1,37,7,1560,2,8,FORD FIESTA,10,E01014992,0,-1
2023010442277,2023,010442277,1,9,0,9,9,1,7,0,0,3,0,0,0,0,4,1,6,6,1,19,4,1084,1,6,FORD FIESTA,-1,-1,0,-1
2023421345371,2023,421345371,2,9,0,18,19,6,2,0,0,3,0,0,0,0,4,1,5,6,1,40,7,1242,1,10,FORD FIESTA,5,E01021962,0,-1
2023201448522,2023,201448522,2,9,0,18,19,7,3,0,0,8,0,0,0,0,1,1,3,7,2,38,7,1388,1,12,FORD FIESTA,2,E01009291,0,-1
2023111302044,2023,111302044,2,9,0,18,19,5,1,0,0,0,0,0,1,0,3,1,5,6,2,61,9,1388,1,16,FORD FIESTA,1,E01011979,0,-1
2023991379176,2023,991379176,5,9,0,4,4,6,2,0,0,0,0,0,0,0,1,1,6,6,1,17,4,1242,1,15,FORD FIESTA,6,-1,0,-1
2023302300572,2023,302300572,2,9,0,7,7,6,8,0,0,8,0,0,0,0,0,1,6,6,2,60,9,998,1,8,FORD FIESTA,6,E01013541,0,-1
2023311333759,2023,311333759,1,9,0,3,3,7,6,0,0,1,0,0,0,0,3,1,2,2,1,25,5,998,1,9,FORD FIESTA,3,E01027977,0,-1
2023421319602,2023,421319602,1,9,0,9,9,3,3,0,0,0,0,4,7,0,1,1,2,2,1,19,4,1242,1,13,FORD FIESTA,-1,-1,0,-1
2023041268082,2023,041268082,1,9,0,18,19,5,1,0,0,0,1,0,0,0,1,1,5,6,1,20,4,1242,1,13,FORD FIESTA,8,E01024939,0,-1
2023631364018,2023,631364018,2,9,0,18,19,5,1,0,0,0,0,0,0,0,4,1,5,6,1,22,5,1242,1,11,FORD FIESTA,2,W01000625,0,-1
2023141264477,2023,141264477,2,9,0,18,19,4,8,0,0,0,0,0,0,0,1,1,6,6,3,-1,-1,1242,1,15,FORD FIESTA,-1,-1,0,-1
2023332301069,2023,332301069,1,9,0,18,19,4,8,0,0,2,0,0,0,0,4,1,1,1,1,23,5,1560,2,10,FORD FIESTA,8,E01025948,0,-1
2023332300868,2023,332300868,1,9,0,3,3,8,4,0,0,8,0,0,0,0,4,1,6,6,2,31,6,1242,1,9,FORD FIESTA,6,E01025677,0,-1
2023430510692,2023,430510692,2,9,0,3,3,5,1,0,0,1,0,0,0,0,2,1,6,6,2,30,6,1242,1,8,FORD FIESTA,10,E01016767,0,-1
2023010421380,2023,010421380,2,9,0,99,99,9,9,99,99,9,9,99,9,99,1,9,6,6,3,-1,-1,1388,1,15,FORD FIESTA,-1,-1,0,-1
202360A174309,2023,60A174309,2,9,0,18,19,8,4,0,0,0,0,0,0,0,1,1,6,6,2,21,5,998,1,9,FORD FIESTA,-1,-1,0,-1
2023201371942,2023,201371942,2,9,0,2,2,0,0,0,0,0,0,0,0,0,3,1,5,6,3,-1,-1,1399,2,11,FORD FIESTA,-1,-1,0,-1
2023031322187,2023,031322187,1,9,0,9,9,8,6,0,0,8,0,0,0,0,1,1,1,1,2,40,7,1399,2,11,FORD FIESTA,3,E01019236,0,-1
2023041298142,2023,041298142,1,9,0,18,19,6,2,0,0,1,1,0,3,9,1,1,5,6,1,17,4,1596,1,12,FORD FIESTA,6,E01006276,0,-1
2023221352842,2023,221352842,1,9,0,17,19,5,2,0,0,0,5,0,1,2,1,1,5,6,1,31,6,-1,-1,-1,FORD FIESTA,4,E01032254,0,-1
2023461309067,2023,461309067,1,9,0,4,4,4,8,0,0,0,0,0,0,0,0,1,6,6,3,-1,-1,1242,1,11,FORD FIESTA,-1,-1,0,-1
2023340NN3612,2023,340NN3612,2,9,0,13,13,8,4,0,0,0,0,0,0,0,2,1,6,6,2,37,7,1242,1,16,FORD FIESTA,-1,-1,0,-1
2023041342921,2023,041342921,1,9,0,18,19,6,6,9,9,0,0,0,0,0,1,1,6,6,1,34,6,998,1,6,FORD FIESTA,3,E01009140,0,-1
2023302301363,2023,302301363,1,9,0,18,19,3,7,0,0,1,0,10,2,11,1,1,6,6,2,42,7,998,1,10,FORD FIESTA,6,E01007787,0,-1
2023522400936,2023,522400936,1,19,0,7,7,2,4,0,0,5,0,0,0,0,4,1,6,6,1,-1,-1,1399,2,12,FORD FIESTA,-1,-1,0,-1
2023052302053,2023,052302053,1,9,0,18,19,7,3,0,0,8,0,0,0,0,4,1,6,6,2,20,4,998,1,10,FORD FIESTA,2,E01012383,0,-1
2023131324136,2023,131324136,1,9,0,9,9,8,6,0,0,2,0,0,0,0,1,1,6,6,2,52,8,998,1,9,FORD FIESTA,5,E01011129,0,-1
202360A025922,2023,60A025922,1,9,0,5,5,6,1,0,0,0,0,0,0,0,1,1,6,6,2,26,6,998,1,9,FORD FIESTA,-1,-1,0,-1
2023010436626,2023,010436626,1,9,0,99,99,9,9,99,99,9,9,99,9,99,1,1,6,6,1,60,9,1388,1,13,FORD FIESTA,8,E01003873,0,-1
2023010448977,2023,010448977,1,9,9,18,19,7,3,99,99,9,9,99,9,99,9,9,6,6,2,49,8,1242,1,15,FORD FIESTA,-1,-1,0,-1
2023351322849,2023,351322849,2,9,0,3,3,-1,-1,0,0,3,0,0,0,0,2,1,1,1,2,32,6,1499,2,5,FORD FIESTA,2,E01015605,0,-1
2023302301560,2023,302301560,2,9,0,2,2,0,0,0,0,1,0,0,0,0,1,1,6,6,2,30,6,1242,1,20,FORD FIESTA,2,E01013512,0,-1
2023552301240,2023,552301240,2,9,0,9,9,4,1,0,0,8,0,0,0,0,1,1,6,6,2,67,10,999,1,0,FORD FIESTA,9,E01020406,0,-1
2023031372782,2023,031372782,1,9,0,18,19,8,4,0,0,0,0,0,7,0,1,1,2,2,1,19,4,1242,1,14,FORD FIESTA,3,E01019272,0,-1
2023010431581,2023,010431581,1,9,0,8,8,3,6,0,0,4,0,0,0,0,2,1,6,6,1,42,7,1388,1,14,FORD FIESTA,1,E01002280,0,-1
2023411374414,2023,411374414,1,9,0,4,4,2,6,0,0,0,0,0,0,0,1,1,6,6,2,28,6,998,1,7,FORD FIESTA,5,E01021810,0,-1
2023131291910,2023,131291910,2,9,0,18,19,5,1,0,0,0,0,0,0,0,4,1,6,6,1,34,6,998,1,4,FORD FIESTA,4,E01010890,0,-1
2023161327737,2023,161327737,2,9,0,18,19,2,5,0,0,0,0,0,0,0,1,1,5,6,2,44,7,998,1,5,FORD FIESTA,7,E01013024,0,-1
2023221383812,2023,221383812,1,9,0,11,11,5,1,0,0,0,0,0,0,0,4,1,6,6,2,45,7,1242,1,9,FORD FIESTA,2,E01008943,0,-1
2023041290275,2023,041290275,1,9,0,6,6,0,2,0,0,0,0,0,0,0,1,1,5,6,2,22,5,1084,1,6,FORD FIESTA,9,E01007021,0,-1
2023031263388,2023,031263388,1,9,0,18,19,3,7,0,0,0,2,10,0,0,1,1,6,6,1,19,4,1242,1,12,FORD FIESTA,-1,-1,0,-1
2023101356223,2023,101356223,1,9,0,18,19,7,3,0,0,0,0,0,0,0,3,1,5,6,1,40,7,1399,2,13,FORD FIESTA,1,E01008849,0,-1
2023361288724,2023,361288724,1,9,0,18,19,1,6,0,0,8,0,0,0,0,1,1,1,1,1,44,7,-1,-1,-1,FORD FIESTA,2,E01018091,0,-1
2023440191499,2023,440191499,2,9,0,18,19,6,2,0,0,4,0,0,0,0,1,1,6,6,2,33,6,1299,1,20,FORD FIESTA,2,E01017186,0,-1
2023440058822,2023,440058822,1,9,0,16,19,4,7,0,0,2,0,0,1,11,1,1,6,6,1,22,5,1388,1,19,FORD FIESTA,2,E01017117,0,-1
2023622300702,2023,622300702,1,9,0,18,19,3,7,0,0,2,0,0,0,0,1,1,6,6,1,20,4,1388,1,13,FORD FIESTA,10,W01000736,0,-1
2023010422871,2023,010422871,1,9,0,99,99,9,9,99,99,9,9,99,9,99,2,9,6,6,2,28,6,1388,1,14,FORD FIESTA,4,E01003076,0,-1
2023041284062,2023,041284062,1,9,0,18,19,3,7,0,0,0,1,0,0,0,1,1,2,2,1,25,5,1242,1,18,FORD FIESTA,1,E01004877,0,-1
2023221307250,2023,221307250,2,9,0,13,13,3,7,0,0,8,0,0,7,10,4,1,5,6,1,19,4,998,1,4,FORD FIESTA,9,E01032272,0,-1
2023131318671,2023,131318671,1,9,0,12,12,1,2,0,0,8,0,0,0,0,1,1,6,6,1,19,4,998,1,4,FORD FIESTA,7,E01011159,0,-1
2023131267050,2023,131267050,2,9,0,9,9,1,5,0,0,0,0,0,0,0,3,1,5,6,1,60,9,1242,1,9,FORD FIESTA,1,E01011838,0,-1
2023501281848,2023,501281848,1,9,0,2,2,3,7,0,0,0,0,0,0,0,3,1,6,6,2,20,4,1399,2,15,FORD FIESTA,3,E01019053,0,-1
2023340WN2932,2023,340WN2932,2,9,0,9,9,5,1,0,0,8,0,0,1,1,3,1,1,1,2,49,8,1388,1,11,FORD FIESTA,6,E01027220,0,-1
2023501299560,2023,501299560,2,9,0,18,19,2,5,0,0,8,0,0,0,0,1,1,2,2,1,31,6,1560,2,10,FORD FIESTA,3,E01019062,0,-1
2023201293614,2023,201293614,4,9,0,2,2,0,0,0,0,0,0,0,0,0,1,1,6,6,2,55,8,999,1,3,FORD FIESTA,4,E01009205,0,-1
2023451289455,2023,451289455,1,9,0,18,19,5,1,0,0,0,0,0,0,0,1,1,6,6,1,19,4,1388,1,20,FORD FIESTA,6,E01030587,0,-1
2023010456090,2023,010456090,1,9,0,9,9,7,5,0,0,3,0,0,7,11,1,1,6,6,2,62,9,1242,1,11,FORD FIESTA,5,E01000430,0,-1
2023471382411,2023,471382411,1,9,0,13,13,2,6,0,0,1,0,0,7,0,1,1,6,6,1,82,11,1596,1,8,FORD FIESTA,10,E01031739,0,-1
2023332300668,2023,332300668,3,9,0,2,2,0,0,0,0,0,0,0,0,0,3,1,6,6,3,-1,-1,1388,1,16,FORD FIESTA,-1,-1,0,-1
202354B441923,2023,54B441923,1,9,0,16,19,7,3,0,0,1,1,0,7,2,1,1,6,6,1,20,4,1596,1,16,FORD FIESTA,6,E01032109,0,-1
2023122300330,2023,122300330,3,9,0,18,19,3,7,0,0,1,0,0,0,0,1,1,1,1,2,30,6,998,1,5,FORD FIESTA,6,E01027756,0,-1
2023471370422,2023,471370422,1,9,0,9,9,3,1,0,0,8,0,0,1,0,1,1,5,6,1,27,6,998,1,0,FORD FIESTA,5,E01031671,0,-1
2023161324974,2023,161324974,1,9,0,16,19,3,7,0,0,0,5,0,7,4,1,1,2,2,1,17,4,1242,1,16,FORD FIESTA,4,E01012981,0,-1
2023131298084,2023,131298084,1,9,0,7,7,7,3,0,0,0,0,0,0,0,1,1,6,6,3,-1,-1,1399,2,16,FORD FIESTA,-1,-1,0,-1
2023471348446,2023,471348446,1,9,0,18,19,7,3,0,0,1,0,0,0,0,4,2,5,6,1,71,10,1388,1,11,FORD FIESTA,10,E01031748,0,-1
2023010463873,2023,010463873,1,9,0,18,19,7,3,0,0,2,0,0,0,0,2,1,6,6,2,74,10,1596,1,8,FORD FIESTA,2,E01000103,0,-1
2023141338674,2023,141338674,2,9,0,18,19,5,1,0,0,0,0,0,0,0,1,1,5,6,1,76,11,998,1,1,FORD FIESTA,8,E01007712,0,-1
2023451299057,2023,451299057,1,9,0,18,19,3,7,0,0,6,0,0,1,4,1,1,2,2,1,47,8,998,1,7,FORD FIESTA,5,E01003072,0,-1
2023471329566,2023,471329566,1,9,0,9,9,7,5,0,0,1,0,0,0,0,3,1,5,6,2,63,9,998,1,5,FORD FIESTA,6,E01031591,0,-1
2023010462450,2023,010462450,1,9,0,18,19,1,5,0,0,1,0,0,3,0,1,1,6,6,2,28,6,1388,1,11,FORD FIESTA,2,E01024247,0,-1
2023131373364,2023,131373364,1,9,0,9,9,4,2,0,0,6,0,0,0,0,1,1,5,6,1,86,11,1242,1,8,FORD FIESTA,7,E01011637,0,-1
2023311317654,2023,311317654,2,9,0,18,19,6,2,0,0,0,0,0,0,0,4,1,5,6,1,20,4,1242,1,17,FORD FIESTA,-1,-1,0,-1
2023471302105,2023,471302105,2,9,0,18,19,5,1,0,0,1,0,0,0,0,1,1,2,2,2,58,9,1242,1,6,FORD FIESTA,10,E01031740,0,-1
2023991367726,2023,991367726,2,9,0,2,2,8,8,6,6,0,0,0,1,0,3,1,6,6,3,-1,-1,1242,1,12,FORD FIESTA,-1,-1,0,-1
2023461395719,2023,461395719,1,9,0,18,19,5,1,0,0,0,5,4,0,0,1,1,6,6,1,35,6,1560,2,14,FORD FIESTA,3,E01016030,0,-1
2023141260880,2023,141260880,1,9,0,18,19,1,5,0,0,0,0,0,0,0,2,1,5,6,2,22,5,998,1,5,FORD FIESTA,10,E01011455,0,-1
2023052301112,2023,052301112,1,9,0,4,4,5,1,0,0,4,0,0,0,0,0,1,6,6,1,57,9,1388,1,19,FORD FIESTA,1,E01006787,0,-1
2023421295930,2023,421295930,1,9,0,1,1,1,5,0,0,0,0,0,0,0,2,1,5,6,2,16,4,999,1,2,FORD FIESTA,3,E01002647,0,-1
2023461404125,2023,461404125,2,9,0,5,5,7,1,0,0,6,0,0,0,0,1,1,6,6,1,23,5,998,1,4,FORD FIESTA,7,E01032737,0,-1
2023411355986,2023,411355986,2,9,0,9,9,-1,-1,0,0,4,0,0,0,0,1,1,5,6,1,52,8,998,1,3,FORD FIESTA,6,E01023582,0,-1
2023311294128,2023,311294128,1,9,0,9,9,1,2,0,0,5,0,0,3,0,3,1,5,6,1,76,11,1242,1,7,FORD FIESTA,2,E01019510,0,-1
2023010440898,2023,010440898,1,9,0,12,12,6,2,0,0,0,1,10,0,0,1,1,6,6,1,26,6,998,1,9,FORD FIESTA,2,E01002604,0,-1
2023522301868,2023,522301868,2,9,0,16,19,3,5,0,0,4,0,0,0,0,1,1,6,6,1,-1,-1,1388,1,15,FORD FIESTA,-1,-1,0,-1
2023131313379,2023,131313379,1,9,0,5,5,1,5,0,0,0,0,0,0,0,3,1,5,6,2,86,11,998,1,6,FORD FIESTA,5,E01011202,0,-1
2023010426195,2023,010426195,1,9,0,9,9,1,7,0,0,5,0,0,0,0,1,1,6,6,1,23,5,1560,2,13,FORD FIESTA,2,E01000033,0,-1
2023221274073,2023,221274073,3,9,0,3,3,5,1,0,0,0,0,0,0,0,2,1,6,6,1,61,9,1596,1,12,FORD FIESTA,7,E01032124,0,-1
2023631320690,2023,631320690,1,9,0,18,19,1,5,0,0,0,0,0,0,0,1,1,5,6,1,19,4,998,1,5,FORD FIESTA,1,W01000606,0,-1
2023332300600,2023,332300600,1,9,0,18,19,6,2,0,0,1,0,7,1,2,1,1,6,6,1,51,8,1388,1,18,FORD FIESTA,5,E01013736,0,-1
2023501383500,2023,501383500,1,9,0,18,19,3,7,0,0,1,0,0,0,0,1,1,5,6,2,27,6,1242,1,14,FORD FIESTA,4,E01020334,0,-1
2023501351293,2023,501351293,1,9,0,9,9,5,3,0,0,8,0,0,0,0,3,1,6,6,1,23,5,1399,2,11,FORD FIESTA,3,E01015032,0,-1
2023070288542,2023,070288542,1,9,0,7,7,1,3,0,0,1,0,12,0,0,1,1,6,6,2,65,9,998,1,9,FORD FIESTA,10,E01018407,0,-1
2023471303702,2023,471303702,1,9,0,18,19,3,7,0,0,0,1,0,0,0,1,1,5,6,2,59,9,999,1,3,FORD FIESTA,1,E01031427,0,-1
2023622300906,2023,622300906,1,9,0,18,19,8,4,0,0,1,0,0,0,0,3,1,6,6,1,48,8,1242,1,10,FORD FIESTA,2,W01000856,0,-1
2023010434916,2023,010434916,2,9,0,99,99,9,9,99,99,9,9,99,9,99,9,9,6,6,2,-1,-1,998,1,9,FORD FIESTA,6,E01001289,0,-1
2023430036445,2023,430036445,2,9,0,18,19,6,2,0,0,8,0,0,0,0,1,1,6,6,1,21,5,1388,1,16,FORD FIESTA,9,E01016800,0,-1
2023231291668,2023,231291668,2,9,0,18,19,6,2,0,0,8,0,0,0,0,1,1,6,6,2,70,10,998,1,5,FORD FIESTA,6,E01031229,0,-1
2023101383824,2023,101383824,1,9,0,18,19,6,2,0,0,8,0,0,0,0,1,1,6,6,1,34,6,1399,2,13,FORD FIESTA,4,E01020633,0,-1
2023991385319,2023,991385319,1,9,0,4,4,5,1,0,0,1,0,0,0,0,3,1,5,6,1,66,10,998,1,5,FORD FIESTA,3,-1,0,-1
2023302301886,2023,302301886,1,9,0,17,19,7,4,0,0,0,1,0,7,4,1,1,6,6,1,18,4,1242,1,16,FORD FIESTA,7,E01019701,0,-1
2023552400017,2023,552400017,1,9,0,18,19,2,6,0,0,0,0,0,0,0,1,1,2,2,2,36,7,1399,2,11,FORD FIESTA,4,E01017137,0,-1
2023070291083,2023,070291083,1,9,0,18,19,3,7,0,0,0,0,0,0,0,1,1,2,2,2,34,6,998,1,5,FORD FIESTA,7,E01018488,0,-1
2023070190258,2023,070190258,1,9,0,18,19,1,3,0,0,1,0,0,0,0,1,1,2,2,1,-1,-1,1242,1,7,FORD FIESTA,-1,-1,0,-1
2023141282816,2023,141282816,2,9,0,18,19,4,8,0,0,1,0,0,0,0,1,1,5,6,2,47,8,998,1,4,FORD FIESTA,7,E01007743,0,-1
2023531329994,2023,531329994,3,9,0,2,2,0,0,0,0,0,0,0,0,0,3,1,6,6,3,-1,-1,1242,1,15,FORD FIESTA,-1,-1,0,-1
2023161392529,2023,161392529,1,9,0,18,19,5,1,0,0,8,0,0,0,0,1,1,2,2,2,31,6,1242,1,8,FORD FIESTA,1,E01012841,0,-1
2023340NN3982,2023,340NN3982,2,9,0,18,19,4,8,0,0,1,0,0,0,0,4,1,2,2,2,21,5,1242,1,14,FORD FIESTA,7,E01026974,0,-1
2023061288397,2023,061288397,3,9,0,2,2,0,0,9,9,0,0,0,0,0,2,1,6,6,3,-1,-1,998,1,10,FORD FIESTA,-1,-1,0,-1
2023231407991,2023,231407991,1,9,0,5,5,5,1,0,0,8,0,0,0,0,1,1,5,6,1,17,4,1084,1,5,FORD FIESTA,8,E01025853,0,-1
2023522400182,2023,522400182,2,9,0,9,9,1,7,0,0,5,0,0,0,0,3,1,6,6,1,18,4,1242,1,12,FORD FIESTA,10,E01014761,0,-1
2023052302360,2023,052302360,2,9,0,3,3,1,5,0,0,1,0,0,0,0,4,1,6,6,1,66,10,1242,1,17,FORD FIESTA,1,E01006610,0,-1
2023461382681,2023,461382681,2,9,0,18,19,3,7,0,0,8,0,0,0,0,3,1,6,6,1,28,6,998,1,7,FORD FIESTA,8,E01024845,0,-1