collision_index,collision_year,collision_ref_no,vehicle_reference,vehicle_type,towing_and_articulation,vehicle_manoeuvre_historic,vehicle_manoeuvre,vehicle_direction_from,vehicle_direction_to,vehicle_location_restricted_lane_historic,vehicle_location_restricted_lane,junction_location,skidding_and_overturning,hit_object_in_carriageway,vehicle_leaving_carriageway,hit_object_off_carriageway,first_point_of_impact,vehicle_left_hand_drive,journey_purpose_of_driver_historic,journey_purpose_of_driver,sex_of_driver,age_of_driver,age_band_of_driver,engine_capacity_cc,propulsion_code,age_of_vehicle,generic_make_model,driver_imd_decile,lsoa_of_driver,escooter_flag,driver_distance_banding
2023440035228,2023,440035228,1,9,0,18,19,8,4,0,0,1,1,0,0,0,1,1,1,1,1,19,4,998,1,9,FORD FIESTA,9,E01022610,0,-1
2023101378911,2023,101378911,2,9,0,18,19,7,3,0,0,0,0,0,0,0,2,1,1,1,1,21,5,1242,1,13,FORD FIESTA,1,E01008380,0,-1
2023010481803,2023,010481803,2,9,0,9,9,4,2,0,0,1,0,0,0,0,1,1,6,6,2,23,5,1242,1,16,FORD FIESTA,4,E01002180,0,-1
202360A179371,2023,60A179371,1,9,0,16,19,5,8,0,0,0,1,0,7,0,1,1,6,6,1,17,4,998,1,7,FORD FIESTA,-1,-1,0,-1
2023531384221,2023,531384221,2,9,0,18,19,4,8,0,0,2,0,0,0,0,2,1,2,2,2,38,7,998,1,7,FORD FIESTA,1,E01022311,0,-1
2023991322481,2023,991322481,1,9,0,9,9,5,3,0,0,1,0,0,0,0,4,1,5,6,2,26,6,998,1,5,FORD FIESTA,3,-1,0,-1
2023041313376,2023,041313376,1,9,0,17,19,1,5,0,0,0,2,0,1,11,1,1,5,6,1,17,4,1242,1,18,FORD FIESTA,1,E01012603,0,-1
2023351357628,2023,351357628,2,9,0,18,19,2,6,0,0,0,0,0,0,0,3,1,5,6,2,47,8,1999,1,15,FORD FIESTA,2,E01015633,0,-1
2023052300410,2023,052300410,2,9,0,18,19,5,1,0,0,1,0,0,0,0,4,1,6,6,2,22,5,1596,1,9,FORD FIESTA,-1,-1,0,-1
2023320480969,2023,320480969,2,9,0,17,19,6,2,0,0,0,0,0,1,0,1,1,6,6,1,24,5,998,1,6,FORD FIESTA,7,E01013325,0,-1
2023041322284,2023,041322284,1,9,0,16,19,1,5,0,0,1,0,0,0,0,1,1,5,6,1,19,4,1242,1,14,FORD FIESTA,8,E01005050,0,-1
2023361266053,2023,361266053,2,9,0,4,4,6,5,0,0,0,0,0,0,0,1,1,5,6,2,26,6,998,1,8,FORD FIESTA,1,E01026597,0,-1
2023430029871,2023,430029871,1,9,0,9,9,2,8,0,0,2,0,0,0,0,3,1,2,2,1,20,4,998,1,9,FORD FIESTA,6,E01016434,0,-1
2023141391429,2023,141391429,5,9,0,2,2,0,0,9,9,1,0,0,0,0,3,1,6,6,3,-1,-1,1242,1,10,FORD FIESTA,-1,-1,0,-1
2023302300550,2023,302300550,2,9,0,18,19,2,6,0,0,0,0,0,0,0,1,1,6,6,2,48,8,998,1,5,FORD FIESTA,7,E01007551,0,-1
2023411359708,2023,411359708,2,9,0,5,5,1,3,0,0,1,0,0,0,0,3,1,5,6,1,22,5,998,1,4,FORD FIESTA,4,E01023301,0,-1
2023320546540,2023,320546540,1,9,0,18,19,6,2,0,0,0,0,0,2,9,1,1,6,6,1,23,5,1388,1,17,FORD FIESTA,9,E01026335,0,-1
2023231368457,2023,231368457,1,9,0,18,19,8,6,0,0,6,0,0,0,0,4,1,3,7,2,46,8,1499,2,6,FORD FIESTA,7,E01031297,0,-1
2023401280036,2023,401280036,1,9,0,13,13,-1,-1,0,0,0,0,0,0,0,4,1,5,6,2,-1,-1,1388,1,14,FORD FIESTA,2,E01017472,0,-1
2023340WN0242,2023,340WN0242,1,9,0,18,19,4,8,0,0,0,1,0,7,0,1,1,6,6,2,17,4,1084,1,5,FORD FIESTA,8,E01027162,0,-1
2023010466750,2023,010466750,2,9,9,2,2,0,0,99,99,9,9,99,9,99,9,9,6,6,3,-1,-1,998,1,9,FORD FIESTA,-1,-1,0,-1
2023461319343,2023,461319343,1,9,0,18,19,5,1,0,0,0,0,0,0,0,1,1,5,6,1,17,4,1242,1,8,FORD FIESTA,3,E01024529,0,-1
2023311320088,2023,311320088,2,9,0,18,19,6,2,0,0,0,0,0,1,0,1,1,5,6,1,19,4,1560,2,14,FORD FIESTA,4,E01028249,0,-1
2023991375675,2023,991375675,1,9,0,17,19,7,5,0,0,4,0,0,0,0,3,1,1,1,2,45,7,998,1,7,FORD FIESTA,5,-1,0,-1
2023122400047,2023,122400047,1,9,0,17,19,1,5,0,0,2,0,0,0,0,3,1,6,6,2,75,10,998,1,6,FORD FIESTA,8,E01027836,0,-1
2023461287716,2023,461287716,1,9,0,8,8,5,1,0,0,0,0,0,0,0,1,1,6,6,1,29,6,1299,1,21,FORD FIESTA,3,E01016114,0,-1
2023010451345,2023,010451345,1,9,0,9,9,7,5,0,0,6,0,0,0,0,3,1,6,6,1,70,10,1388,1,16,FORD FIESTA,4,E01002101,0,-1
2023461361343,2023,461361343,1,9,0,18,19,-1,-1,0,0,0,0,0,0,0,1,1,5,6,2,21,5,1500,2,5,FORD FIESTA,2,E01024247,0,-1
2023010451773,2023,010451773,1,9,0,18,19,6,2,0,0,0,0,0,0,0,4,1,1,1,2,50,8,1388,1,13,FORD FIESTA,5,E01000067,0,-1
2023610004123,2023,610004123,2,9,0,18,19,2,6,0,0,8,0,0,1,0,1,1,6,6,1,21,5,998,1,8,FORD FIESTA,8,W01001654,0,-1
2023461371886,2023,461371886,1,9,0,18,19,3,7,0,0,1,0,0,0,0,1,1,2,2,2,41,7,998,1,7,FORD FIESTA,7,E01024224,0,-1
2023421286255,2023,421286255,2,9,0,3,3,3,7,0,0,0,0,0,0,0,2,1,5,6,2,64,9,999,1,2,FORD FIESTA,2,E01021327,0,-1
2023221384405,2023,221384405,1,9,0,18,19,3,1,0,0,8,0,0,0,0,1,1,2,2,1,27,6,998,1,10,FORD FIESTA,4,E01032342,0,-1
2023351281906,2023,351281906,1,9,0,18,19,3,7,0,0,1,0,0,0,0,1,1,5,6,1,73,10,1242,1,10,FORD FIESTA,9,E01033433,0,-1
2023061351707,2023,061351707,2,9,0,4,4,3,7,0,0,1,0,0,0,0,2,1,5,6,2,41,7,1242,1,7,FORD FIESTA,-1,-1,0,-1
2023522300587,2023,522300587,1,9,0,7,7,1,4,0,0,6,0,0,0,0,1,1,6,6,1,34,6,1388,1,20,FORD FIESTA,1,E01014486,0,-1
2023061301834,2023,061301834,2,9,0,18,19,-1,-1,0,0,0,0,0,0,0,1,1,2,2,1,37,7,1388,1,14,FORD FIESTA,3,E01005332,0,-1
2023052302807,2023,052302807,2,9,0,18,19,1,5,0,0,1,0,0,0,0,1,1,2,2,1,34,6,1242,1,7,FORD FIESTA,1,E01006705,0,-1
2023540537923,2023,540537923,1,9,0,18,19,8,4,0,0,2,1,0,0,0,1,1,6,6,2,26,6,998,1,5,FORD FIESTA,5,E01032075,0,-1
2023010442568,2023,010442568,1,9,0,99,99,9,9,99,99,9,9,99,9,99,9,9,6,6,1,22,5,998,1,0,FORD FIESTA,2,E01000856,0,-1
2023221353446,2023,221353446,2,9,0,10,10,4,1,0,0,8,0,0,0,0,2,1,5,6,1,36,7,1242,1,17,FORD FIESTA,1,E01033633,0,-1
2023010459821,2023,010459821,2,9,0,99,99,9,9,99,99,9,9,99,9,99,1,9,6,6,3,-1,-1,1388,1,11,FORD FIESTA,-1,-1,0,-1
2023361287261,2023,361287261,1,9,0,7,7,5,6,0,0,0,2,0,7,0,3,1,5,6,1,18,4,1499,2,3,FORD FIESTA,6,E01026456,0,-1
2023991346266,2023,991346266,2,9,0,18,19,3,7,0,0,0,0,0,0,0,2,1,2,2,2,27,6,999,1,2,FORD FIESTA,10,-1,0,-1
2023430077147,2023,430077147,1,9,0,18,19,5,1,0,0,1,0,0,0,0,3,1,6,6,1,88,11,1388,1,19,FORD FIESTA,-1,-1,0,-1
2023010483055,2023,010483055,2,9,0,18,19,1,5,0,0,6,0,0,0,0,4,1,6,6,1,21,5,1242,1,10,FORD FIESTA,7,E01002428,0,-1
2023041326791,2023,041326791,1,9,0,18,19,3,7,0,0,1,1,0,0,0,1,1,5,6,1,17,4,1560,2,9,FORD FIESTA,4,E01025093,0,-1
2023201368192,2023,201368192,1,9,0,9,9,4,2,0,0,6,0,0,0,0,3,1,5,6,1,25,5,1242,1,12,FORD FIESTA,1,E01009129,0,-1
2023421378268,2023,421378268,2,9,0,5,5,6,2,0,0,1,0,0,7,0,3,1,6,6,2,19,4,1242,1,14,FORD FIESTA,8,E01015834,0,-1
2023041282854,2023,041282854,3,9,0,18,19,5,1,0,0,1,0,0,1,0,3,1,5,6,2,59,9,1399,2,12,FORD FIESTA,3,E01012691,0,-1
2023461309067,2023,461309067,2,9,0,4,4,4,8,0,0,0,0,0,0,0,1,1,3,7,1,18,4,1560,2,13,FORD FIESTA,4,E01016163,0,-1
2023061358110,2023,061358110,2,9,0,18,19,2,6,0,0,8,0,0,0,0,1,2,6,6,1,55,8,1242,1,13,FORD FIESTA,2,E01004847,0,-1
2023361352857,2023,361352857,2,9,0,18,19,8,5,0,0,8,0,0,0,0,1,1,5,6,1,18,4,998,1,1,FORD FIESTA,1,E01026599,0,-1
2023141313053,2023,141313053,1,9,0,9,9,1,5,0,0,1,0,0,0,0,1,1,5,6,2,58,9,1242,1,8,FORD FIESTA,5,E01007476,0,-1
2023401322623,2023,401322623,2,9,0,18,19,3,1,0,0,8,0,0,0,0,2,1,6,6,1,37,7,1560,2,14,FORD FIESTA,5,E01017569,0,-1
2023201400705,2023,201400705,1,9,0,18,19,4,8,0,0,0,0,10,2,0,4,1,6,6,1,64,9,1499,2,8,FORD FIESTA,1,E01033621,0,-1
2023311280888,2023,311280888,2,9,0,3,3,1,5,0,0,0,0,0,0,0,2,1,6,6,2,27,6,998,1,4,FORD FIESTA,7,E01028287,0,-1
2023501310159,2023,501310159,3,9,0,18,19,7,3,0,0,0,0,0,0,0,1,1,6,6,2,61,9,998,1,5,FORD FIESTA,5,E01020256,0,-1
2023545559823,2023,545559823,2,9,0,18,19,7,3,0,0,0,0,0,0,0,1,1,6,6,2,34,6,1242,1,8,FORD FIESTA,6,E01004163,0,-1
2023531319838,2023,531319838,1,9,0,16,19,1,3,0,0,1,0,10,0,0,1,1,5,6,2,18,4,1242,1,13,FORD FIESTA,2,E01022133,0,-1
2023421318962,2023,421318962,2,9,0,2,2,0,0,0,0,0,0,0,0,0,4,1,6,6,3,-1,-1,1242,1,14,FORD FIESTA,-1,-1,0,-1
2023010432530,2023,010432530,1,9,0,99,99,9,9,99,99,9,9,99,9,99,9,9,6,6,2,35,6,1388,1,14,FORD FIESTA,4,E01001704,0,-1
2023041284062,2023,041284062,2,9,0,18,19,3,7,0,0,0,1,0,1,0,2,1,2,2,1,46,8,1399,2,15,FORD FIESTA,5,E01012701,0,-1
2023311315152,2023,311315152,2,9,0,16,19,4,8,0,0,1,5,4,0,0,4,1,5,6,1,18,4,1242,1,15,FORD FIESTA,2,E01013900,0,-1
2023231347530,2023,231347530,2,9,0,18,19,8,4,0,0,8,0,0,0,0,1,1,5,6,1,53,8,1399,2,12,FORD FIESTA,10,E01031214,0,-1
2023221366094,2023,221366094,2,9,0,6,6,5,5,0,0,8,0,0,0,0,3,1,6,6,1,31,6,1242,1,17,FORD FIESTA,3,E01028912,0,-1
2023543933223,2023,543933223,1,9,0,18,19,8,4,0,0,0,0,0,0,0,1,1,6,6,2,32,6,1242,1,11,FORD FIESTA,7,E01015583,0,-1
2023010485836,2023,010485836,3,9,0,99,99,9,9,99,99,9,9,99,9,99,2,9,6,6,3,-1,-1,1242,1,14,FORD FIESTA,2,E01001128,0,-1
2023302301341,2023,302301341,3,9,0,3,3,7,3,0,0,0,0,0,0,0,2,1,2,2,2,35,6,998,1,6,FORD FIESTA,5,E01019883,0,-1
2023010472648,2023,010472648,2,9,0,9,9,2,7,0,0,2,0,0,0,0,3,1,6,6,2,45,7,1242,1,14,FORD FIESTA,-1,-1,0,-1
2023361356013,2023,361356013,1,9,0,7,7,6,2,0,0,8,0,0,0,0,1,1,2,2,1,18,4,1242,1,15,FORD FIESTA,8,E01026653,0,-1
2023221380212,2023,221380212,1,9,0,18,19,1,5,9,9,0,0,0,0,0,4,1,6,6,2,31,6,1242,1,13,FORD FIESTA,5,E01028989,0,-1
2023010473500,2023,010473500,1,9,0,99,99,9,9,99,99,9,9,99,9,99,9,9,6,6,3,-1,-1,1596,1,18,FORD FIESTA,-1,-1,0,-1
2023361360645,2023,361360645,1,9,0,1,1,4,1,0,0,6,0,4,0,0,2,1,5,6,1,17,4,1242,1,18,FORD FIESTA,3,E01018066,0,-1
2023041318755,2023,041318755,1,9,0,18,19,1,5,0,0,2,0,0,0,0,1,2,5,6,2,19,4,1242,1,10,FORD FIESTA,1,E01025181,0,-1
2023311389875,2023,311389875,2,9,0,18,19,4,5,0,0,0,0,0,0,0,1,1,2,2,1,19,4,1242,1,14,FORD FIESTA,6,E01007029,0,-1
2023421386189,2023,421386189,2,9,0,18,19,5,1,0,0,7,0,0,0,0,1,1,5,6,2,18,4,1388,1,14,FORD FIESTA,9,E01021873,0,-1
2023010485263,2023,010485263,1,9,0,9,9,1,6,0,0,8,0,0,0,0,3,1,6,6,1,27,6,1596,1,8,FORD FIESTA,5,E01002352,0,-1
2023501302233,2023,501302233,1,9,0,-1,-1,-1,-1,-1,-1,-1,-1,-1,-1,0,2,1,5,6,2,17,4,1399,2,15,FORD FIESTA,6,E01020119,0,-1
2023461301273,2023,461301273,1,9,0,5,5,2,6,0,0,1,0,0,0,0,1,1,6,6,1,29,6,1399,2,21,FORD FIESTA,4,E01024647,0,-1
2023052301635,2023,052301635,1,9,0,18,19,1,5,0,0,0,0,0,0,0,3,1,6,6,1,20,4,1399,2,13,FORD FIESTA,2,E01006832,0,-1
2023610010523,2023,610010523,1,9,0,9,9,7,6,0,0,5,0,0,0,0,4,1,2,2,1,58,9,998,1,7,FORD FIESTA,9,W01001631,0,-1
2023440430995,2023,440430995,1,9,0,18,19,1,5,0,0,8,0,0,0,0,1,1,6,6,1,18,4,1242,1,8,FORD FIESTA,10,E01022853,0,-1
2023421334435,2023,421334435,1,9,0,1,1,7,3,0,0,2,0,0,0,0,0,1,5,6,1,22,5,1242,1,13,FORD FIESTA,3,E01015882,0,-1
2023421344901,2023,421344901,2,9,0,18,19,3,7,0,0,8,0,0,0,0,3,1,5,6,2,19,4,1242,1,17,FORD FIESTA,7,E01015955,0,-1
2023631320063,2023,631320063,2,9,0,16,19,3,6,0,0,8,0,0,0,0,1,1,1,1,2,42,7,1242,1,17,FORD FIESTA,4,W01000688,0,-1
2023010474712,2023,010474712,1,9,0,9,9,5,2,0,0,5,0,0,0,0,1,1,6,6,1,62,9,1242,1,15,FORD FIESTA,2,E01004471,0,-1
2023010475728,2023,010475728,1,9,0,99,99,9,9,99,99,9,9,99,9,99,2,9,6,6,2,31,6,1388,1,14,FORD FIESTA,8,E01032975,0,-1
2023010421600,2023,010421600,2,9,0,99,99,9,9,99,99,9,9,99,9,99,1,9,6,6,2,-1,-1,1388,1,13,FORD FIESTA,-1,-1,0,-1
2023041365229,2023,041365229,2,9,0,7,7,5,2,0,0,0,0,0,0,0,4,1,5,6,2,30,6,1499,2,8,FORD FIESTA,4,E01025073,0,-1
2023991312476,2023,991312476,1,9,0,18,19,7,3,0,0,2,0,0,7,0,4,1,2,2,2,34,6,999,1,2,FORD FIESTA,1,-1,0,-1
2023340NN1042,2023,340NN1042,2,9,0,18,19,6,2,0,0,1,0,0,0,0,4,1,6,6,2,20,4,1242,1,10,FORD FIESTA,3,E01027319,0,-1
2023010444875,2023,010444875,2,9,0,12,12,5,1,0,0,1,0,0,0,0,2,1,6,6,1,41,7,1242,1,9,FORD FIESTA,3,E01001547,0,-1
2023991342371,2023,991342371,1,9,0,18,19,3,8,0,0,0,0,0,0,0,1,1,6,6,1,32,6,998,1,4,FORD FIESTA,9,-1,0,-1
2023421332061,2023,421332061,1,9,0,17,19,1,7,0,0,0,0,0,1,0,1,1,5,6,1,18,4,1499,2,9,FORD FIESTA,9,E01021383,0,-1
2023531291224,2023,531291224,1,9,0,5,5,3,7,0,0,0,0,0,0,0,4,1,6,6,3,-1,-1,1596,1,14,FORD FIESTA,-1,-1,0,-1
2023031389914,2023,031389914,2,9,0,4,4,4,8,0,0,7,0,0,0,0,1,1,6,6,1,-1,-1,1399,2,11,FORD FIESTA,-1,-1,0,-1
2023401332772,2023,401332772,1,9,0,17,19,5,1,0,0,0,0,0,7,0,3,1,6,6,1,52,8,998,1,6,FORD FIESTA,5,E01017486,0,-1
2023411399557,2023,411399557,1,9,0,18,19,-1,-1,0,0,8,0,0,0,0,1,1,5,6,2,65,9,998,1,9,FORD FIESTA,3,E01023637,0,-1
2023991317497,2023,991317497,2,9,0,18,19,7,3,0,0,0,0,0,0,0,1,1,2,2,1,35,6,1084,1,4,FORD FIESTA,-1,-1,0,-1
2023421363394,2023,421363394,1,9,0,-1,-1,-1,-1,-1,-1,-1,-1,-1,-1,0,-1,1,6,6,1,18,4,1242,1,10,FORD FIESTA,8,E01015960,0,-1
2023461363202,2023,461363202,3,9,0,3,3,2,4,0,0,4,0,0,0,0,4,1,5,6,2,22,5,1242,1,11,FORD FIESTA,3,E01016155,0,-1
2023361262435,2023,361262435,2,9,0,18,19,2,1,0,0,1,0,0,0,0,1,1,5,6,2,33,6,1242,1,9,FORD FIESTA,2,E01026459,0,-1
2023401343856,2023,401343856,2,9,0,12,12,-1,-1,0,0,1,0,0,0,0,4,1,5,6,2,18,4,1242,1,13,FORD FIESTA,3,E01023954,0,-1
2023471352341,2023,471352341,1,9,0,18,19,3,7,0,0,0,0,0,0,0,1,1,1,1,1,24,5,1242,1,9,FORD FIESTA,2,E01020925,0,-1
202360A124579,2023,60A124579,2,9,0,18,19,8,4,0,0,1,0,0,0,0,1,1,6,6,1,79,11,998,1,9,FORD FIESTA,-1,-1,0,-1
2023547717823,2023,547717823,1,9,0,18,19,3,7,0,0,8,1,0,1,4,1,1,6,6,2,35,6,1242,1,14,FORD FIESTA,8,E01031900,0,-1
2023010483020,2023,010483020,1,9,0,4,4,3,7,0,0,1,0,0,0,0,4,1,6,6,2,54,8,1242,1,16,FORD FIESTA,6,E01002295,0,-1
2023991367840,2023,991367840,1,9,0,11,11,8,4,0,0,0,0,0,0,0,1,1,5,6,1,23,5,998,1,7,FORD FIESTA,3,-1,0,-1
2023010448517,2023,010448517,2,8,0,99,99,9,9,99,99,9,9,99,9,99,9,9,6,6,3,-1,-1,1499,2,7,-1,-1,-1,0,-1
2023440098360,2023,440098360,1,9,0,18,19,1,5,0,0,0,0,0,0,0,1,1,6,6,1,29,6,-1,-1,-1,FORD FIESTA,4,E01022671,0,-1
2023991438497,2023,991438497,1,9,0,5,5,2,7,0,0,0,0,0,0,0,4,1,5,6,1,20,4,998,1,6,FORD FIESTA,-1,-1,0,-1
2023440452438,2023,440452438,1,9,0,18,19,4,8,0,0,1,0,0,0,0,1,1,6,6,2,72,10,1242,1,18,FORD FIESTA,6,E01023007,0,-1
2023421354573,2023,421354573,2,9,0,9,9,6,3,0,0,8,1,0,0,0,4,1,5,6,2,37,7,1242,1,14,FORD FIESTA,5,E01021854,0,-1
2023451366978,2023,451366978,1,9,0,4,4,2,1,0,0,0,0,0,0,0,2,1,2,2,1,18,4,998,1,7,FORD FIESTA,7,E01030423,0,-1
2023546314523,2023,546314523,2,9,0,18,19,8,4,0,0,1,0,0,0,0,1,1,6,6,1,60,9,1242,1,9,FORD FIESTA,8,E01020455,0,-1
2023201303778,2023,201303778,2,9,0,9,9,4,2,0,0,5,0,0,0,0,3,1,6,6,1,18,4,1242,1,13,FORD FIESTA,6,E01008925,0,-1
2023201278193,2023,201278193,2,9,0,18,19,7,2,0,0,1,0,0,0,0,4,1,6,6,1,86,11,1388,1,15,FORD FIESTA,2,E01009102,0,-1
2023170S31953,2023,170S31953,1,9,0,18,19,1,5,0,0,1,0,0,0,0,0,1,6,6,1,68,10,1499,2,7,FORD FIESTA,9,E01012230,0,-1
2023622300298,2023,622300298,1,9,0,18,19,8,4,0,0,0,0,0,0,0,1,1,6,6,3,-1,-1,1596,1,17,FORD FIESTA,-1,-1,0,-1
2023430057462,2023,430057462,1,9,0,14,14,6,2,0,0,0,0,0,0,0,3,1,6,6,1,35,6,1596,1,18,FORD FIESTA,5,E01016503,0,-1
2023211376929,2023,211376929,2,9,0,18,19,3,7,0,0,0,0,0,1,0,1,1,2,2,1,23,5,1499,2,6,FORD FIESTA,2,E01014151,0,-1
2023131328803,2023,131328803,1,9,0,9,9,1,7,0,0,5,0,0,0,0,3,1,5,6,2,63,9,998,1,5,FORD FIESTA,7,E01011531,0,-1
2023061303269,2023,061303269,1,9,0,13,13,-1,-1,0,0,0,0,0,0,0,0,1,6,6,3,30,6,998,1,0,FORD FIESTA,10,E01004771,0,-1
2023430320439,2023,430320439,3,9,0,18,19,4,8,0,0,1,0,0,0,0,1,1,6,6,1,67,10,1388,1,19,FORD FIESTA,10,E01016702,0,-1
2023520300648,2023,520300648,1,9,0,10,10,7,4,0,0,8,0,0,0,0,2,1,6,6,1,52,8,-1,-1,-1,FORD FIESTA,7,E01029269,0,-1
2023302300595,2023,302300595,2,9,0,2,2,0,0,0,0,1,0,0,0,0,3,1,6,6,3,-1,-1,998,1,5,FORD FIESTA,-1,-1,0,-1
2023010437480,2023,010437480,3,9,0,18,19,8,4,0,0,2,0,0,0,0,2,1,6,6,1,22,5,1388,1,11,FORD FIESTA,3,E01002777,0,-1
2023131313547,2023,131313547,1,9,0,18,19,3,7,0,0,2,0,0,0,0,4,1,6,6,2,26,6,1399,2,11,FORD FIESTA,8,E01011716,0,-1
2023471370020,2023,471370020,2,9,0,18,19,8,4,0,0,1,0,0,0,0,1,1,5,6,2,36,7,1399,2,12,FORD FIESTA,10,E01021194,0,-1
2023231395171,2023,231395171,2,9,0,18,19,6,2,0,0,8,0,0,0,0,1,1,2,2,2,24,5,1388,1,16,FORD FIESTA,6,E01009657,0,-1
2023440054305,2023,440054305,1,9,0,18,19,4,8,0,0,0,0,0,0,0,2,1,6,6,2,38,7,1388,1,16,FORD FIESTA,3,E01032851,0,-1
2023401379985,2023,401379985,1,9,0,18,19,5,1,0,0,3,0,0,0,0,2,1,5,6,2,36,7,1560,2,12,FORD FIESTA,9,E01017403,0,-1
2023221261643,2023,221261643,1,9,0,18,19,3,7,0,0,0,2,0,1,11,1,1,5,6,1,22,5,1596,1,16,FORD FIESTA,5,E01032193,0,-1
2023451324854,2023,451324854,3,9,0,18,19,3,7,0,0,0,0,0,0,0,4,1,5,6,1,19,4,998,1,6,FORD FIESTA,5,E01000567,0,-1
2023010460025,2023,010460025,1,9,0,99,99,9,9,99,99,9,9,99,9,99,1,9,6,6,2,28,6,1242,1,13,FORD FIESTA,9,E01004155,0,-1
2023440107355,2023,440107355,1,9,0,9,9,1,7,0,0,6,0,0,0,0,1,1,6,6,1,68,10,1388,1,18,FORD FIESTA,3,E01017195,0,-1
2023131306254,2023,131306254,2,9,0,18,19,3,7,0,0,8,0,0,0,0,1,1,1,1,2,38,7,1242,1,17,FORD FIESTA,2,E01011859,0,-1
2023991343120,2023,991343120,1,9,0,5,5,7,3,0,0,0,0,0,0,0,1,1,2,2,1,56,9,1560,2,14,FORD FIESTA,1,-1,0,-1
2023201289695,2023,201289695,1,9,0,18,19,4,8,0,0,1,0,10,0,0,1,1,6,6,3,30,6,1499,2,6,FORD FIESTA,-1,-1,0,-1
2023544251123,2023,544251123,1,9,0,18,19,8,6,0,0,2,0,0,0,0,1,1,6,6,1,18,4,1560,2,13,FORD FIESTA,4,E01015578,0,-1
2023430475276,2023,430475276,1,9,0,18,19,2,6,0,0,0,0,0,0,0,1,1,6,6,1,30,6,998,1,6,FORD FIESTA,3,E01016442,0,-1
2023501364998,2023,501364998,1,9,0,3,3,5,1,0,0,1,0,0,0,0,4,1,5,6,2,47,8,998,1,6,FORD FIESTA,3,E01015172,0,-1
2023010442419,2023,010442419,2,9,0,99,99,9,9,99,99,9,9,99,9,99,1,9,6,6,3,25,5,998,1,9,FORD FIESTA,3,E01032784,0,-1
2023421393779,2023,421393779,2,9,0,5,5,5,1,0,0,2,0,0,0,0,4,1,5,6,1,21,5,1084,1,5,FORD FIESTA,2,E01021592,0,-1
2023302301463,2023,302301463,1,9,0,3,3,8,4,0,0,1,0,0,0,0,2,1,6,6,2,21,5,1242,1,10,FORD FIESTA,10,E01013527,0,-1
2023302300326,2023,302300326,1,9,0,9,9,2,8,0,0,6,0,0,0,0,0,1,6,6,1,39,7,1388,1,13,FORD FIESTA,2,E01019441,0,-1
2023041382597,2023,041382597,2,9,0,4,4,1,5,0,0,1,0,0,0,0,2,1,5,6,2,30,6,1388,1,18,FORD FIESTA,3,E01025143,0,-1
2023361356542,2023,361356542,1,9,0,5,5,5,3,0,0,2,0,0,0,0,3,1,3,7,1,47,8,1242,1,16,FORD FIESTA,4,E01026618,0,-1
2023501279423,2023,501279423,1,9,0,9,9,3,8,0,0,1,0,0,0,0,4,1,6,6,2,41,7,1560,2,12,FORD FIESTA,5,E01019923,0,-1
2023201296686,2023,201296686,2,9,0,3,3,6,2,0,0,0,0,0,0,0,2,1,6,6,2,54,8,1499,2,6,FORD FIESTA,2,E01009342,0,-1
2023131317356,2023,131317356,1,9,0,9,9,7,5,0,0,5,0,0,0,0,3,1,5,6,2,22,5,1399,2,11,FORD FIESTA,2,E01011043,0,-1
2023501323597,2023,501323597,1,9,0,5,5,7,3,0,0,1,0,0,0,0,1,1,6,6,2,82,11,1242,1,12,FORD FIESTA,6,E01019003,0,-1
2023520400590,2023,520400590,1,9,0,18,19,7,3,0,0,8,0,0,0,0,4,1,6,6,1,38,7,1388,1,19,FORD FIESTA,5,E01029143,0,-1
2023471376656,2023,471376656,1,9,0,5,5,2,6,0,0,1,0,0,0,0,1,1,6,6,1,31,6,1388,1,18,FORD FIESTA,3,E01023891,0,-1
2023061332671,2023,061332671,1,9,-1,-1,-1,-1,-1,-1,-1,0,-1,-1,-1,0,1,1,2,2,2,49,8,999,1,3,FORD FIESTA,8,E01005493,0,-1
2023991337680,2023,991337680,2,9,0,18,19,8,4,0,0,0,0,0,0,0,1,1,5,6,1,23,5,1388,1,12,FORD FIESTA,-1,-1,0,-1
2023131291046,2023,131291046,1,9,0,18,19,3,7,0,0,0,0,0,0,0,3,1,6,6,1,84,11,1242,1,10,FORD FIESTA,10,E01010768,0,-1
2023411305196,2023,411305196,3,9,0,18,19,7,3,0,0,8,0,0,0,0,4,1,6,6,1,30,6,998,1,10,FORD FIESTA,7,E01023398,0,-1
2023461348438,2023,461348438,1,9,0,9,9,5,3,0,0,6,0,0,0,0,1,1,6,6,2,75,10,998,1,5,FORD FIESTA,7,E01032619,0,-1
2023201408343,2023,201408343,1,9,0,18,19,8,4,0,0,8,0,0,0,0,1,1,6,6,1,-1,-1,998,1,5,FORD FIESTA,2,E01009505,0,-1
2023052302552,2023,052302552,1,9,0,7,7,1,3,0,0,8,0,0,0,0,3,1,6,6,1,30,6,999,1,1,FORD FIESTA,10,E01007146,0,-1