collision_index,collision_year,collision_ref_no,vehicle_reference,vehicle_type,towing_and_articulation,vehicle_manoeuvre_historic,vehicle_manoeuvre,vehicle_direction_from,vehicle_direction_to,vehicle_location_restricted_lane_historic,vehicle_location_restricted_lane,junction_location,skidding_and_overturning,hit_object_in_carriageway,vehicle_leaving_carriageway,hit_object_off_carriageway,first_point_of_impact,vehicle_left_hand_drive,journey_purpose_of_driver_historic,journey_purpose_of_driver,sex_of_driver,age_of_driver,age_band_of_driver,engine_capacity_cc,propulsion_code,age_of_vehicle,generic_make_model,driver_imd_decile,lsoa_of_driver,escooter_flag,driver_distance_banding
2023131354124,2023,131354124,1,9,0,18,19,7,3,0,0,0,0,0,0,0,3,1,2,2,1,18,4,1388,1,11,FORD FIESTA,4,E01027910,0,-1
2023461335611,2023,461335611,6,9,0,2,2,0,0,0,0,1,0,0,0,0,2,1,6,6,2,-1,-1,1388,1,14,FORD FIESTA,8,E01024650,0,-1
2023430483315,2023,430483315,1,9,0,9,9,6,4,0,0,5,0,0,0,0,4,1,6,6,2,-1,-1,1596,1,7,FORD FIESTA,-1,-1,0,-1
2023520300870,2023,520300870,2,9,0,9,9,7,5,0,0,8,0,0,0,0,3,1,6,6,2,44,7,998,1,7,FORD FIESTA,5,E01029059,0,-1
2023451311942,2023,451311942,1,9,0,18,19,6,2,0,0,0,0,0,0,0,1,1,5,6,1,34,6,1242,1,12,FORD FIESTA,9,E01022639,0,-1
2023170S20183,2023,170S20183,1,9,0,3,3,7,4,0,0,8,0,0,0,0,2,1,6,6,1,20,4,1242,1,7,FORD FIESTA,4,E01012277,0,-1
2023361295475,2023,361295475,1,9,0,18,19,5,1,0,0,0,0,0,1,0,1,1,5,6,2,83,11,998,1,6,FORD FIESTA,6,E01029926,0,-1
2023991388915,2023,991388915,1,9,0,18,19,6,2,0,0,4,0,0,0,0,1,1,6,6,1,51,8,1388,1,18,FORD FIESTA,-1,-1,0,-1
2023421388235,2023,421388235,3,9,0,18,19,3,7,0,0,0,0,0,0,0,3,1,6,6,2,26,6,1399,2,13,FORD FIESTA,9,E01015846,0,-1
2023501272431,2023,501272431,1,9,0,16,19,6,2,0,0,0,0,0,0,0,1,1,6,6,1,42,7,1596,1,21,FORD FIESTA,4,E01018846,0,-1
2023010443735,2023,010443735,2,9,0,12,12,5,1,0,0,0,0,0,0,0,1,1,6,6,1,59,9,1499,2,10,FORD FIESTA,7,E01016569,0,-1
2023131318454,2023,131318454,1,9,0,9,9,7,3,0,0,0,1,10,7,5,3,1,1,1,2,45,7,1242,1,8,FORD FIESTA,2,E01011915,0,-1
2023421371354,2023,421371354,1,9,0,18,19,5,1,0,0,0,0,0,0,0,1,1,5,6,1,26,6,1242,1,8,FORD FIESTA,4,E01021368,0,-1
2023010442163,2023,010442163,2,9,0,99,99,9,9,99,99,9,9,99,9,99,1,9,6,6,3,-1,-1,998,1,9,FORD FIESTA,-1,-1,0,-1
2023161325450,2023,161325450,2,9,0,15,15,5,1,0,0,1,0,0,0,0,1,1,6,6,2,65,9,1399,2,14,FORD FIESTA,1,E01013219,0,-1
2023471328309,2023,471328309,1,9,0,4,4,8,4,0,0,0,0,0,0,0,4,1,5,6,1,35,6,1399,2,13,FORD FIESTA,6,E01024787,0,-1
2023131354987,2023,131354987,1,9,0,18,19,8,4,0,0,0,1,0,0,0,4,1,2,2,1,37,7,1999,1,17,FORD FIESTA,7,E01011890,0,-1
2023501346274,2023,501346274,2,9,0,17,19,1,5,0,0,0,0,0,0,0,1,1,5,6,1,23,5,1596,1,10,FORD FIESTA,4,E01018754,0,-1
2023010478119,2023,010478119,2,9,0,99,99,9,9,99,99,9,9,99,9,99,9,9,6,6,3,-1,-1,1388,1,12,FORD FIESTA,-1,-1,0,-1
2023440066930,2023,440066930,1,9,0,18,19,1,5,0,0,1,0,0,0,0,1,1,6,6,2,87,11,1388,1,11,FORD FIESTA,8,E01023253,0,-1
2023531381067,2023,531381067,1,9,0,9,9,5,3,0,0,8,0,0,0,0,1,1,5,6,2,24,5,998,1,7,FORD FIESTA,7,E01022345,0,-1
2023451263601,2023,451263601,2,9,0,18,19,7,3,0,0,0,0,0,1,0,1,1,5,6,2,45,7,1242,1,10,FORD FIESTA,7,E01003820,0,-1
2023061351824,2023,061351824,1,9,0,9,9,7,4,0,0,6,0,0,0,0,1,1,6,6,2,63,9,1242,1,10,FORD FIESTA,8,E01005791,0,-1
2023451309612,2023,451309612,2,9,0,17,19,1,7,0,0,8,0,0,0,0,3,1,5,6,2,21,5,1242,1,6,FORD FIESTA,8,E01031439,0,-1
2023351269577,2023,351269577,2,9,0,18,19,8,4,0,0,1,0,0,0,0,1,1,6,6,1,20,4,998,1,7,FORD FIESTA,-1,-1,0,-1
2023302300597,2023,302300597,1,9,0,18,19,8,6,0,0,3,0,0,0,0,1,1,6,6,1,19,4,1399,2,12,FORD FIESTA,4,E01013537,0,-1
2023501365225,2023,501365225,1,9,0,10,10,5,3,0,0,1,0,0,0,0,3,1,6,6,2,61,9,999,1,2,FORD FIESTA,4,E01018754,0,-1
2023231314052,2023,231314052,3,9,0,2,2,0,0,0,0,2,0,0,0,0,2,1,6,6,1,20,4,998,1,5,FORD FIESTA,7,E01031297,0,-1
2023421337417,2023,421337417,1,9,0,18,19,7,3,0,0,4,0,0,0,0,1,1,6,6,1,67,10,998,1,5,FORD FIESTA,5,E01021720,0,-1
2023010433298,2023,010433298,2,9,0,99,99,9,9,99,99,9,9,99,9,99,1,9,6,6,2,70,10,1388,1,14,FORD FIESTA,8,E01002321,0,-1
2023552300729,2023,552300729,2,9,0,4,4,7,3,0,0,0,0,0,0,0,1,1,6,6,1,17,4,998,1,9,FORD FIESTA,6,E01020493,0,-1
2023052302506,2023,052302506,1,9,0,18,19,7,3,0,0,0,0,0,0,0,1,1,1,1,1,22,5,1084,1,5,FORD FIESTA,3,E01006717,0,-1
2023471381877,2023,471381877,2,9,0,16,19,1,5,0,0,0,0,0,0,0,1,1,5,6,1,23,5,1596,1,15,FORD FIESTA,8,E01021174,0,-1
2023451326254,2023,451326254,1,9,0,18,19,4,8,0,0,0,0,0,0,0,4,1,2,2,2,30,6,998,1,5,FORD FIESTA,7,E01030850,0,-1
2023421271137,2023,421271137,2,9,0,18,19,4,8,0,0,0,0,0,0,0,1,1,5,6,1,61,9,998,1,6,FORD FIESTA,4,E01021775,0,-1
2023141373495,2023,141373495,1,9,0,18,19,5,1,0,0,0,0,0,7,2,1,1,5,6,1,18,4,1242,1,13,FORD FIESTA,1,E01007626,0,-1
2023141294742,2023,141294742,1,9,0,18,19,1,5,0,0,1,0,0,0,0,1,1,5,6,1,49,8,1496,1,1,FORD FIESTA,3,E01032550,0,-1
2023622300649,2023,622300649,2,9,0,18,19,8,4,0,0,1,0,0,0,0,1,1,6,6,1,40,7,1388,1,13,FORD FIESTA,1,W01001737,0,-1
2023421277286,2023,421277286,1,9,0,18,19,7,4,0,0,0,0,0,0,0,1,1,6,6,3,-1,-1,1560,2,12,FORD FIESTA,-1,-1,0,-1
2023010468000,2023,010468000,2,9,0,99,99,9,9,99,99,9,9,99,9,99,2,9,6,6,3,-1,-1,1596,1,10,FORD FIESTA,-1,-1,0,-1
2023111293580,2023,111293580,2,9,0,18,19,2,7,0,0,3,0,0,0,0,1,1,5,6,1,55,8,1242,1,8,FORD FIESTA,2,E01020797,0,-1
2023332301198,2023,332301198,3,9,0,18,19,6,2,0,0,2,0,0,0,0,2,1,6,6,1,51,8,1242,1,10,FORD FIESTA,1,E01033167,0,-1
2023471358116,2023,471358116,1,9,0,18,19,7,3,0,0,0,0,0,0,0,1,1,5,6,1,25,5,1242,1,11,FORD FIESTA,7,E01021181,0,-1
2023061382104,2023,061382104,1,9,0,18,19,3,7,0,0,0,0,0,0,0,1,1,1,1,1,45,7,1242,1,15,FORD FIESTA,1,E01005952,0,-1
2023221343821,2023,221343821,2,9,0,2,2,0,0,0,0,0,0,0,0,0,0,1,5,6,2,30,6,1596,1,15,FORD FIESTA,6,E01022263,0,-1
202360A172956,2023,60A172956,1,9,0,16,19,2,4,0,0,8,1,0,0,0,1,1,6,6,1,26,6,1399,2,19,FORD FIESTA,-1,-1,0,-1
2023421302140,2023,421302140,1,9,0,17,19,3,1,0,0,0,1,0,1,4,1,1,5,6,1,17,4,1242,1,18,FORD FIESTA,-1,-1,0,-1
2023421320479,2023,421320479,3,9,0,17,19,3,3,0,0,1,0,0,0,0,1,1,6,6,1,46,8,1596,1,7,FORD FIESTA,6,E01021629,0,-1
2023501393086,2023,501393086,1,9,0,18,19,2,3,0,0,1,0,0,0,0,1,1,6,6,1,17,4,998,1,6,FORD FIESTA,8,E01015124,0,-1
2023052301231,2023,052301231,2,9,0,1,1,7,3,0,0,0,0,0,0,0,2,1,6,6,1,26,6,998,1,7,FORD FIESTA,9,E01018628,0,-1
2023332300977,2023,332300977,1,9,0,9,9,5,3,0,0,6,0,0,0,0,3,1,3,7,2,42,7,999,1,3,FORD FIESTA,3,E01025992,0,-1
2023440470910,2023,440470910,3,9,0,4,4,2,6,0,0,0,0,0,0,0,3,1,2,2,1,32,6,998,1,6,FORD FIESTA,7,E01022592,0,-1
2023010447152,2023,010447152,2,9,0,18,19,3,7,0,0,8,0,0,0,0,1,1,6,6,2,36,7,998,1,9,FORD FIESTA,-1,-1,0,-1
2023010425004,2023,010425004,1,9,0,99,99,9,9,99,99,9,9,99,9,99,1,9,6,6,2,29,6,1388,1,11,FORD FIESTA,3,E01002130,0,-1
2023411360084,2023,411360084,1,9,0,4,4,2,6,0,0,0,0,0,0,0,1,1,5,6,1,31,6,1560,2,8,FORD FIESTA,10,E01028407,0,-1
2023070662161,2023,070662161,1,9,0,18,19,4,8,0,0,0,0,0,0,0,1,2,6,6,1,20,4,1399,2,12,FORD FIESTA,8,E01012415,0,-1
2023061260518,2023,061260518,1,9,0,9,9,7,1,0,0,8,0,0,0,0,1,1,6,6,1,27,6,1242,1,10,FORD FIESTA,2,E01004812,0,-1
2023471338002,2023,471338002,2,9,0,4,4,6,2,0,0,1,0,0,0,0,2,2,5,6,2,78,11,1242,1,13,FORD FIESTA,5,E01021211,0,-1
202360A105691,2023,60A105691,1,9,0,18,19,1,5,0,0,1,0,0,0,0,1,1,6,6,1,-1,-1,1242,1,14,FORD FIESTA,-1,-1,0,-1
2023122301145,2023,122301145,2,9,0,18,19,1,5,0,0,0,0,0,1,0,1,1,6,6,2,21,5,1388,1,13,FORD FIESTA,8,E01032594,0,-1
2023552301236,2023,552301236,1,9,0,18,19,4,8,0,0,0,0,0,0,0,1,1,6,6,1,17,4,1242,1,18,FORD FIESTA,6,E01015460,0,-1
2023501332521,2023,501332521,2,9,0,4,4,1,5,0,0,1,0,0,0,0,4,1,6,6,1,45,7,1399,2,21,FORD FIESTA,5,E01018900,0,-1
2023451392465,2023,451392465,2,9,0,4,4,1,3,0,0,0,0,0,0,0,1,1,6,6,3,40,7,1596,1,9,FORD FIESTA,-1,-1,0,-1
2023552301464,2023,552301464,2,9,0,3,3,4,8,0,0,8,0,0,0,0,2,1,6,6,1,22,5,998,1,4,FORD FIESTA,5,E01020427,0,-1
2023401279200,2023,401279200,2,9,0,18,19,8,4,0,0,0,0,0,8,0,1,1,5,6,2,44,7,1399,2,13,FORD FIESTA,3,E01030114,0,-1
2023351354451,2023,351354451,1,9,0,18,19,4,8,0,0,0,1,0,1,4,1,1,5,6,1,28,6,1499,2,8,FORD FIESTA,8,E01027587,0,-1
2023411333214,2023,411333214,1,9,0,18,19,-1,-1,0,0,0,0,0,0,0,1,1,6,6,1,41,7,998,1,8,FORD FIESTA,8,E01023478,0,-1
2023471376175,2023,471376175,2,9,0,3,3,4,8,0,0,0,0,0,0,0,2,1,5,6,1,52,8,998,1,4,FORD FIESTA,8,E01031535,0,-1
2023131274478,2023,131274478,2,9,0,18,19,1,1,0,0,8,0,0,0,0,1,1,5,6,2,19,4,999,1,4,FORD FIESTA,9,E01011186,0,-1
2023141346969,2023,141346969,2,9,0,13,13,2,5,0,0,1,0,0,0,0,1,1,6,6,2,-1,-1,1242,1,9,FORD FIESTA,1,E01007532,0,-1
2023451359902,2023,451359902,1,9,0,12,12,3,7,0,0,0,0,7,0,0,1,1,5,6,1,43,7,1242,1,13,FORD FIESTA,3,E01033209,0,-1
2023531331935,2023,531331935,1,9,0,9,9,5,1,0,0,8,0,0,0,0,1,1,5,6,2,54,8,1388,1,18,FORD FIESTA,7,W01000486,0,-1
2023552300284,2023,552300284,3,9,0,2,2,0,0,0,0,0,0,0,0,0,4,1,6,6,3,-1,-1,1560,2,11,FORD FIESTA,-1,-1,0,-1
2023122300732,2023,122300732,1,9,0,18,19,7,3,0,0,0,0,0,0,0,1,1,6,6,2,42,7,1596,1,10,FORD FIESTA,3,E01027837,0,-1
2023010427215,2023,010427215,1,9,0,18,19,7,3,0,0,4,0,0,0,0,4,1,6,6,1,18,4,1388,1,14,FORD FIESTA,8,E01001526,0,-1
2023351287721,2023,351287721,1,9,0,18,19,3,7,0,0,0,1,0,1,4,1,1,2,2,1,52,8,998,1,6,FORD FIESTA,9,E01018124,0,-1
2023991374633,2023,991374633,1,9,0,13,13,8,4,0,0,1,0,0,0,0,4,1,6,6,1,84,11,1242,1,10,FORD FIESTA,-1,-1,0,-1
2023552400051,2023,552400051,1,9,0,18,19,6,8,0,0,0,0,10,1,3,1,1,2,2,1,20,4,1388,1,14,FORD FIESTA,5,E01015417,0,-1
2023440211216,2023,440211216,3,9,0,18,19,1,5,0,0,0,1,0,0,0,1,1,6,6,1,25,5,1399,2,15,FORD FIESTA,4,E01016391,0,-1
2023401394663,2023,401394663,1,9,0,5,5,8,3,0,0,2,0,0,0,0,2,1,1,1,1,17,4,998,1,5,FORD FIESTA,7,E01023356,0,-1
2023161316527,2023,161316527,4,9,0,18,19,2,6,0,0,0,0,0,0,0,3,1,1,1,1,63,9,-1,-1,-1,FORD FIESTA,6,E01013006,0,-1
2023041293754,2023,041293754,1,9,0,18,19,5,1,0,0,1,0,0,0,0,1,1,5,6,1,52,8,1388,1,20,FORD FIESTA,3,E01025578,0,-1
2023010451223,2023,010451223,1,9,0,18,19,1,5,0,0,0,0,0,0,0,3,1,6,6,2,25,5,1596,1,16,FORD FIESTA,3,E01004229,0,-1
2023622300430,2023,622300430,2,9,0,18,19,4,8,0,0,0,0,0,0,0,1,1,2,2,1,19,4,1596,1,12,FORD FIESTA,4,W01000841,0,-1
2023541363023,2023,541363023,2,9,0,4,4,3,7,0,0,0,1,0,0,0,1,1,2,2,1,25,5,999,1,3,FORD FIESTA,9,E01031878,0,-1
2023010464625,2023,010464625,1,9,0,7,7,1,4,0,0,4,0,0,0,0,1,1,6,6,1,61,9,1242,1,10,FORD FIESTA,5,E01003640,0,-1
2023471368337,2023,471368337,1,9,0,18,19,1,5,0,0,0,5,0,1,10,1,1,2,2,1,20,4,998,1,9,FORD FIESTA,8,E01016928,0,-1
2023122300113,2023,122300113,1,9,0,2,2,0,0,0,0,1,0,0,0,0,3,1,1,1,1,34,6,1242,1,11,FORD FIESTA,8,E01027863,0,-1
2023451369559,2023,451369559,1,9,0,18,19,1,5,0,0,0,0,0,4,0,1,1,5,6,1,58,9,1388,1,11,FORD FIESTA,10,E01004117,0,-1
2023221405837,2023,221405837,2,9,0,9,9,1,7,0,0,5,1,0,0,0,1,1,6,6,1,18,4,1388,1,15,FORD FIESTA,1,E01033633,0,-1
2023461307497,2023,461307497,1,9,0,9,9,3,7,0,0,8,0,0,0,0,1,1,6,6,1,58,9,1388,1,16,FORD FIESTA,4,E01001624,0,-1
2023991389371,2023,991389371,1,9,0,4,4,7,3,0,0,4,0,0,0,0,1,1,5,6,1,19,4,1596,1,7,FORD FIESTA,5,-1,0,-1
2023010453960,2023,010453960,1,9,0,10,10,3,1,0,0,6,0,0,0,0,3,1,6,6,2,35,6,999,1,0,FORD FIESTA,5,E01000454,0,-1
2023471325882,2023,471325882,1,9,0,18,19,4,8,9,9,0,0,0,1,10,1,1,5,6,2,32,6,1242,1,10,FORD FIESTA,4,E01021017,0,-1
2023991301452,2023,991301452,2,9,0,4,4,3,7,0,0,0,0,0,0,0,1,1,6,6,2,37,7,1242,1,11,FORD FIESTA,7,-1,0,-1
2023461341961,2023,461341961,1,9,0,4,4,7,3,0,0,0,0,0,0,0,1,1,6,6,1,78,11,998,1,9,FORD FIESTA,7,E01024242,0,-1
2023302300857,2023,302300857,2,9,0,18,19,3,7,0,0,3,0,0,0,0,4,1,2,2,1,30,6,998,1,7,FORD FIESTA,5,E01019451,0,-1
2023440056471,2023,440056471,1,9,0,18,19,5,1,0,0,8,0,0,0,0,4,1,6,6,2,36,7,998,1,8,FORD FIESTA,6,E01022941,0,-1
2023031352766,2023,031352766,1,9,0,3,3,2,6,0,0,1,0,0,0,0,1,1,6,6,2,19,4,998,1,10,FORD FIESTA,-1,-1,0,-1
2023231330049,2023,231330049,2,9,0,2,2,0,0,0,0,0,0,0,0,0,2,1,6,6,1,25,5,998,1,9,FORD FIESTA,10,E01028740,0,-1
2023371356420,2023,371356420,1,9,0,18,19,2,5,0,0,0,1,0,7,4,3,1,1,1,1,20,4,1388,1,19,FORD FIESTA,4,E01030263,0,-1
2023501353281,2023,501353281,1,9,0,18,19,7,3,0,0,3,1,9,0,0,4,1,6,6,2,25,5,1388,1,21,FORD FIESTA,1,E01015257,0,-1
2023201278229,2023,201278229,1,9,0,5,5,3,1,0,0,4,0,0,0,0,3,1,6,6,2,62,9,1388,1,13,FORD FIESTA,9,E01009456,0,-1
2023545355023,2023,545355023,1,9,0,18,19,7,3,0,0,1,0,0,0,0,1,1,6,6,2,46,8,1242,1,6,FORD FIESTA,7,E01031942,0,-1
2023211421593,2023,211421593,1,9,0,18,19,6,6,0,0,0,0,0,0,0,1,1,5,6,2,33,6,1084,1,6,FORD FIESTA,3,E01005554,0,-1
2023070795255,2023,070795255,2,9,0,18,19,3,7,0,0,0,1,0,0,0,2,1,6,6,1,49,8,1242,1,15,FORD FIESTA,2,E01006545,0,-1
2023041291852,2023,041291852,2,9,0,18,19,3,7,0,0,8,0,0,0,0,1,1,2,2,1,47,8,1596,1,12,FORD FIESTA,2,E01012711,0,-1
2023351388024,2023,351388024,2,9,0,9,9,3,1,0,0,6,0,0,0,0,2,1,5,6,2,65,9,998,1,7,FORD FIESTA,3,E01018092,0,-1
2023161346959,2023,161346959,1,9,0,12,12,1,5,0,0,8,0,0,0,0,1,1,5,6,1,18,4,1560,2,12,FORD FIESTA,-1,-1,0,-1
2023421281639,2023,421281639,1,9,0,7,7,7,1,0,0,2,0,0,0,0,1,1,6,6,1,18,4,1242,1,19,FORD FIESTA,5,E01021715,0,-1
2023010420574,2023,010420574,1,9,0,99,99,9,9,99,99,0,9,99,9,99,2,9,6,6,1,61,9,1388,1,17,FORD FIESTA,10,E01003835,0,-1
2023131270392,2023,131270392,1,9,0,18,19,7,3,0,0,2,0,0,0,0,1,1,6,6,3,-1,-1,1388,1,17,FORD FIESTA,-1,-1,0,-1
2023552301075,2023,552301075,4,9,0,2,2,0,0,0,0,0,0,0,0,0,2,1,6,6,3,-1,-1,1242,1,20,FORD FIESTA,-1,-1,0,-1
2023320079641,2023,320079641,1,9,0,18,19,7,3,0,0,0,1,0,7,9,3,1,6,6,2,22,5,998,1,10,FORD FIESTA,3,E01026134,0,-1
2023211368699,2023,211368699,1,9,0,13,13,1,5,0,0,8,0,0,0,0,1,1,6,6,2,46,8,1388,1,14,FORD FIESTA,7,E01029694,0,-1
2023520400587,2023,520400587,2,9,0,18,19,7,3,0,0,0,0,0,0,0,1,1,6,6,1,37,7,1596,1,7,FORD FIESTA,9,E01029210,0,-1
2023302300133,2023,302300133,1,9,0,16,19,5,8,0,0,0,0,0,0,0,3,1,6,6,1,21,5,998,1,8,FORD FIESTA,8,E01019847,0,-1
2023320770235,2023,320770235,2,9,0,2,2,0,0,0,0,0,0,0,0,0,2,1,6,6,2,35,6,998,1,8,FORD FIESTA,2,E01026277,0,-1
2023010436075,2023,010436075,1,9,0,18,19,5,1,0,0,8,1,0,1,11,2,1,6,6,1,26,6,998,1,9,FORD FIESTA,1,E01033585,0,-1
2023522300816,2023,522300816,1,9,0,9,9,4,2,0,0,6,0,0,0,0,4,1,6,6,1,23,5,1242,1,13,FORD FIESTA,4,E01014500,0,-1
2023122301097,2023,122301097,1,9,0,18,19,3,7,0,0,0,0,0,1,9,1,1,6,6,3,17,4,998,1,9,FORD FIESTA,9,E01027919,0,-1
2023351394396,2023,351394396,1,9,0,18,19,5,1,0,0,0,0,11,1,4,3,1,6,6,1,24,5,1242,1,15,FORD FIESTA,7,E01026588,0,-1
2023311345557,2023,311345557,1,9,0,18,19,1,5,9,9,0,0,0,7,0,4,1,5,6,1,20,4,1596,1,9,FORD FIESTA,-1,-1,0,-1
2023221357576,2023,221357576,1,9,0,9,9,7,5,0,0,6,0,0,0,0,3,1,1,1,2,34,6,998,1,3,FORD FIESTA,9,E01032183,0,-1
2023522301864,2023,522301864,2,9,0,7,7,1,4,0,0,5,0,0,0,0,4,1,6,6,3,-1,-1,1242,1,14,FORD FIESTA,-1,-1,0,-1
2023461369399,2023,461369399,1,9,0,9,9,6,4,0,0,6,0,0,0,0,4,1,5,6,2,20,4,1242,1,15,FORD FIESTA,2,E01016035,0,-1
2023010468512,2023,010468512,2,9,0,99,99,9,9,99,99,0,9,99,9,99,9,9,6,6,3,-1,-1,998,1,8,FORD FIESTA,9,E01000751,0,-1
2023411286027,2023,411286027,2,9,0,5,5,-1,-1,0,0,4,0,0,0,0,4,1,2,2,1,20,4,998,1,7,FORD FIESTA,9,E01023354,0,-1
2023340WN6682,2023,340WN6682,3,9,0,2,2,0,0,0,0,2,0,0,0,0,1,1,6,6,3,-1,-1,1399,2,11,FORD FIESTA,-1,-1,0,-1
2023461358480,2023,461358480,2,19,0,3,3,5,1,0,0,0,0,0,0,0,1,1,2,2,1,54,8,1499,2,8,FORD FIESTA,5,E01016034,0,-1
2023010477472,2023,010477472,1,9,0,2,2,9,9,0,0,0,0,0,0,0,1,9,6,6,2,25,5,1596,1,18,FORD FIESTA,2,E01000050,0,-1
2023201396958,2023,201396958,2,9,0,16,19,4,8,0,0,2,0,0,0,0,1,1,6,6,1,45,7,1388,1,20,FORD FIESTA,1,E01009194,0,-1
2023311374236,2023,311374236,2,9,0,8,8,4,8,0,0,0,0,0,0,0,2,1,6,6,2,56,9,999,1,1,FORD FIESTA,-1,-1,0,-1
2023440019048,2023,440019048,2,9,0,3,3,7,2,0,0,1,0,0,0,0,4,1,6,6,1,40,7,1560,2,14,FORD FIESTA,10,E01032850,0,-1
2023991297606,2023,991297606,2,9,0,16,19,4,7,0,0,8,0,0,0,0,1,1,5,6,2,51,8,998,1,6,FORD FIESTA,7,-1,0,-1
2023041283228,2023,041283228,2,9,0,18,19,3,7,0,0,0,0,0,0,0,2,1,5,6,1,89,11,999,1,3,FORD FIESTA,8,E01025348,0,-1
2023461305857,2023,461305857,1,9,0,18,19,5,1,0,0,0,1,0,0,0,1,1,6,6,1,44,7,998,1,8,FORD FIESTA,6,E01000946,0,-1
2023131325037,2023,131325037,1,9,0,18,19,1,5,0,0,1,0,0,0,0,1,1,6,6,3,99,11,1242,1,11,FORD FIESTA,-1,-1,0,-1
2023461367315,2023,461367315,2,9,0,17,19,5,1,0,0,0,0,0,0,0,3,1,5,6,2,25,5,1242,1,6,FORD FIESTA,9,E01016073,0,-1
2023320059466,2023,320059466,2,9,0,18,19,4,8,0,0,1,0,0,1,0,1,1,6,6,2,28,6,998,1,5,FORD FIESTA,1,E01026074,0,-1
2023010466734,2023,010466734,2,9,0,99,99,9,9,99,99,9,9,99,9,99,9,9,6,6,3,-1,-1,998,1,5,FORD FIESTA,-1,-1,0,-1
2023052300987,2023,052300987,2,9,0,4,4,8,4,0,0,0,0,0,0,0,2,1,6,6,2,27,6,998,1,1,FORD FIESTA,5,E01006670,0,-1
2023991328748,2023,991328748,1,9,0,18,19,7,4,0,0,0,0,0,0,0,1,1,5,6,1,54,8,1242,1,14,FORD FIESTA,2,-1,0,-1
2023320472467,2023,320472467,1,9,0,1,1,1,5,9,9,0,0,0,0,0,2,1,6,6,2,41,7,1560,2,12,FORD FIESTA,9,E01026263,0,-1
2023440500376,2023,440500376,2,9,0,18,19,2,6,0,0,8,0,0,0,0,4,1,6,6,2,59,9,998,1,9,FORD FIESTA,8,E01022623,0,-1
2023141392301,2023,141392301,2,9,0,17,19,4,8,0,0,0,1,0,0,0,4,1,6,6,2,51,8,1242,1,10,FORD FIESTA,3,E01007667,0,-1
2023501396256,2023,501396256,2,9,0,18,19,8,4,0,0,0,0,0,0,0,1,1,6,6,1,44,7,1242,1,17,FORD FIESTA,1,E01015180,0,-1
2023440079299,2023,440079299,1,9,0,18,19,3,7,0,0,0,0,0,0,0,1,1,2,2,1,18,4,1388,1,17,FORD FIESTA,-1,-1,0,-1
2023361373524,2023,361373524,2,9,-1,3,3,-1,-1,0,0,1,0,0,0,0,2,1,5,6,1,17,4,1560,2,12,FORD FIESTA,2,E01026689,0,-1
2023547387523,2023,547387523,1,9,0,17,19,3,7,0,0,0,0,0,0,0,1,1,6,6,1,17,4,1388,1,19,FORD FIESTA,9,E01031888,0,-1
2023041320503,2023,041320503,1,9,0,18,19,7,3,0,0,0,2,0,7,9,3,1,5,6,1,19,4,1242,1,16,FORD FIESTA,8,E01012613,0,-1
2023041326718,2023,041326718,2,9,0,18,19,1,3,0,0,1,0,0,0,0,2,1,6,6,1,66,10,999,1,3,FORD FIESTA,9,E01025425,0,-1
2023371280993,2023,371280993,1,9,0,6,6,1,6,0,0,0,0,0,0,0,1,1,5,6,2,36,7,1399,2,16,FORD FIESTA,3,E01030163,0,-1
2023141311169,2023,141311169,2,9,0,13,13,5,1,0,0,8,1,0,0,0,1,1,6,6,1,34,6,1560,2,11,FORD FIESTA,8,E01007712,0,-1
2023461296688,2023,461296688,1,9,0,18,19,1,5,0,0,0,0,12,0,0,1,1,5,6,2,17,4,1499,2,7,FORD FIESTA,5,E01024033,0,-1
2023161372903,2023,161372903,2,9,0,18,19,2,6,0,0,0,0,0,0,0,1,1,6,6,1,58,9,998,1,5,FORD FIESTA,9,E01012965,0,-1
2023141277548,2023,141277548,1,9,0,9,9,7,4,0,0,8,0,0,0,0,1,1,5,6,2,21,5,998,1,6,FORD FIESTA,3,E01007747,0,-1
2023461374222,2023,461374222,1,9,0,9,9,2,6,0,0,1,0,0,0,0,3,1,5,6,1,63,9,1242,1,19,FORD FIESTA,8,E01024209,0,-1
2023991311883,2023,991311883,1,9,0,18,19,4,8,0,0,4,0,0,0,0,1,1,6,6,1,18,4,999,1,3,FORD FIESTA,5,-1,0,-1
2023340WN0632,2023,340WN0632,1,9,0,9,9,3,7,0,0,8,0,0,0,0,3,1,6,6,1,19,4,1399,2,14,FORD FIESTA,1,E01027239,0,-1
2023531339683,2023,531339683,1,9,0,18,19,4,8,0,0,0,0,0,1,3,1,1,6,6,2,29,6,1084,1,4,FORD FIESTA,8,E01022432,0,-1
2023522400317,2023,522400317,2,9,0,2,2,0,0,0,0,8,0,0,0,0,4,1,6,6,2,58,9,1084,1,5,FORD FIESTA,5,E01014925,0,-1