collision_index,collision_year,collision_ref_no,vehicle_reference,vehicle_type,towing_and_articulation,vehicle_manoeuvre_historic,vehicle_manoeuvre,vehicle_direction_from,vehicle_direction_to,vehicle_location_restricted_lane_historic,vehicle_location_restricted_lane,junction_location,skidding_and_overturning,hit_object_in_carriageway,vehicle_leaving_carriageway,hit_object_off_carriageway,first_point_of_impact,vehicle_left_hand_drive,journey_purpose_of_driver_historic,journey_purpose_of_driver,sex_of_driver,age_of_driver,age_band_of_driver,engine_capacity_cc,propulsion_code,age_of_vehicle,generic_make_model,driver_imd_decile,lsoa_of_driver,escooter_flag,driver_distance_banding
2023421316105,2023,421316105,2,9,0,18,19,7,3,0,0,8,0,0,0,0,4,1,5,6,1,37,7,1399,2,11,FORD FIESTA,-1,-1,0,-1
2023122300500,2023,122300500,1,9,0,12,12,3,7,0,0,1,0,0,0,0,3,1,2,2,2,36,7,999,1,3,FORD FIESTA,-1,-1,0,-1
2023440291046,2023,440291046,1,9,0,4,4,2,6,0,0,1,0,0,0,0,2,1,6,6,2,30,6,998,1,7,FORD FIESTA,9,E01022522,0,-1
2023522300576,2023,522300576,1,9,0,18,19,6,2,0,0,0,5,4,0,0,4,1,6,6,1,84,11,1596,1,10,FORD FIESTA,4,E01014991,0,-1
2023991279522,2023,991279522,1,9,0,18,19,8,3,0,0,4,0,0,0,0,2,1,5,6,2,46,8,1242,1,9,FORD FIESTA,3,-1,0,-1
2023461304011,2023,461304011,1,9,0,7,7,5,1,0,0,1,0,0,0,0,1,1,1,1,1,18,4,1242,1,10,FORD FIESTA,10,E01024468,0,-1
2023311373127,2023,311373127,1,9,0,18,19,3,7,0,0,0,0,0,0,0,1,1,2,2,2,19,4,1388,1,11,FORD FIESTA,7,E01028298,0,-1
2023161331288,2023,161331288,2,9,0,18,19,5,1,0,0,1,0,0,0,0,1,1,6,6,1,-1,-1,1242,1,19,FORD FIESTA,-1,-1,0,-1
2023421276005,2023,421276005,2,9,0,3,3,7,3,0,0,0,0,0,0,0,2,1,6,6,2,27,6,998,1,4,FORD FIESTA,7,E01021792,0,-1
2023461316194,2023,461316194,2,9,0,18,19,5,1,0,0,0,1,0,7,0,2,1,6,6,2,31,6,1596,1,14,FORD FIESTA,2,E01020923,0,-1
2023010447356,2023,010447356,2,9,0,99,99,9,9,99,99,9,9,99,9,99,9,9,6,6,2,52,8,1388,1,14,FORD FIESTA,1,E01002907,0,-1
2023411371572,2023,411371572,1,9,0,3,3,5,1,0,0,0,0,0,0,0,2,1,6,6,2,60,9,999,1,2,FORD FIESTA,6,E01023789,0,-1
2023010432185,2023,010432185,1,9,0,14,14,1,5,0,0,8,0,0,0,0,1,1,1,1,2,21,5,1242,1,11,FORD FIESTA,6,E01002295,0,-1
2023101318582,2023,101318582,1,9,0,18,19,2,6,0,0,0,0,0,0,0,1,1,6,6,2,65,9,1242,1,6,FORD FIESTA,2,E01027534,0,-1
2023430316797,2023,430316797,2,9,0,1,1,4,8,0,0,0,0,0,0,0,2,1,6,6,1,20,4,1388,1,15,FORD FIESTA,-1,-1,0,-1
2023311290030,2023,311290030,1,9,0,14,14,8,4,0,0,1,0,0,0,0,1,1,6,6,1,25,5,1388,1,15,FORD FIESTA,10,E01028364,0,-1
2023421258725,2023,421258725,2,9,0,12,12,5,4,0,0,8,5,10,1,0,2,1,2,2,2,35,6,1388,1,16,FORD FIESTA,-1,-1,0,-1
2023010432206,2023,010432206,1,9,0,9,9,3,8,0,0,8,0,0,0,0,4,1,6,6,1,19,4,998,1,7,FORD FIESTA,2,E01001438,0,-1
2023430323956,2023,430323956,1,9,0,18,19,4,8,0,0,0,0,0,1,4,1,1,6,6,1,22,5,998,1,5,FORD FIESTA,8,E01032725,0,-1
202360A147867,2023,60A147867,1,9,0,3,3,6,2,0,0,2,0,0,0,0,2,1,2,2,2,22,5,1242,1,14,FORD FIESTA,-1,-1,0,-1
2023311287048,2023,311287048,2,9,0,17,19,6,2,0,0,1,0,4,0,0,1,1,5,6,1,19,4,1499,2,10,FORD FIESTA,1,E01010616,0,-1
2023440069278,2023,440069278,2,9,0,18,19,2,6,0,0,1,0,0,0,0,1,1,6,6,2,29,6,1399,2,14,FORD FIESTA,-1,-1,0,-1
2023451331120,2023,451331120,2,9,0,18,19,3,7,0,0,1,1,0,3,0,1,1,6,6,1,30,6,1242,1,11,FORD FIESTA,-1,-1,0,-1
2023361285659,2023,361285659,4,9,0,18,19,7,3,0,0,0,1,0,0,0,2,1,6,6,2,21,5,1242,1,11,FORD FIESTA,4,E01026733,0,-1
2023421332531,2023,421332531,1,9,0,18,19,4,2,0,0,1,1,0,7,0,3,1,6,6,1,17,4,998,1,10,FORD FIESTA,3,E01021307,0,-1
2023421295546,2023,421295546,1,9,0,9,9,5,1,0,0,0,0,0,0,0,1,1,5,6,1,19,4,1242,1,10,FORD FIESTA,5,E01024413,0,-1
2023201337751,2023,201337751,2,9,0,5,5,6,2,0,0,1,0,0,0,0,1,1,6,6,1,48,8,1388,1,18,FORD FIESTA,10,E01010198,0,-1
2023201339221,2023,201339221,2,9,0,14,14,2,6,0,0,0,0,0,0,0,3,1,6,6,2,18,4,1499,2,7,FORD FIESTA,1,E01008996,0,-1
2023131376861,2023,131376861,1,9,0,18,19,3,7,0,0,6,0,0,7,0,2,1,5,6,1,17,4,1242,1,11,FORD FIESTA,5,E01011392,0,-1
202360A192150,2023,60A192150,2,9,0,18,19,5,1,0,0,8,1,4,0,0,3,1,6,6,1,30,6,1242,1,19,FORD FIESTA,-1,-1,0,-1
2023311340997,2023,311340997,1,9,0,18,19,3,1,0,0,1,0,0,0,0,1,1,5,6,1,59,9,1596,1,6,FORD FIESTA,8,E01028182,0,-1
2023311331149,2023,311331149,2,9,0,18,19,3,7,0,0,1,0,0,0,0,3,1,5,6,2,59,9,1496,1,4,FORD FIESTA,-1,-1,0,-1
2023052302349,2023,052302349,2,9,0,18,19,1,5,0,0,1,0,0,0,0,1,1,6,6,1,23,5,999,1,3,FORD FIESTA,1,E01006919,0,-1
2023411309879,2023,411309879,1,9,0,18,19,7,3,0,0,0,2,0,5,0,1,1,5,6,2,34,6,1242,1,16,FORD FIESTA,3,E01001548,0,-1
2023421378251,2023,421378251,4,9,0,2,2,6,6,0,0,2,0,0,0,0,3,1,6,6,3,-1,-1,1388,1,13,FORD FIESTA,-1,-1,0,-1
2023430468470,2023,430468470,1,9,0,9,9,3,1,0,0,5,0,0,0,0,1,1,1,1,1,36,7,998,1,8,FORD FIESTA,9,E01003905,0,-1
2023401287746,2023,401287746,1,9,0,18,19,1,5,0,0,0,0,0,0,0,4,1,6,6,2,32,6,999,1,3,FORD FIESTA,3,E01017501,0,-1
2023991274786,2023,991274786,2,9,0,14,14,4,8,0,0,2,0,0,0,0,1,1,5,6,1,53,8,998,1,1,FORD FIESTA,-1,-1,0,-1
2023421362394,2023,421362394,1,9,0,18,19,3,8,0,0,0,0,0,7,0,1,1,6,6,2,24,5,1242,1,7,FORD FIESTA,8,E01021621,0,-1
2023332300367,2023,332300367,1,9,0,18,19,5,1,0,0,8,0,0,0,0,1,1,2,2,1,19,4,1242,1,13,FORD FIESTA,10,E01033532,0,-1
2023430481333,2023,430481333,4,9,0,18,19,4,0,0,0,2,0,0,0,0,1,1,2,2,1,57,9,1399,2,13,FORD FIESTA,10,E01028475,0,-1
2023122300297,2023,122300297,1,9,0,10,10,7,3,0,0,1,0,0,0,0,4,1,6,6,2,31,6,1499,2,7,FORD FIESTA,7,E01027821,0,-1
2023461367199,2023,461367199,1,9,0,18,19,7,3,0,0,4,0,0,0,0,1,1,6,6,2,29,6,998,1,4,FORD FIESTA,3,E01024166,0,-1
2023451309579,2023,451309579,2,9,0,18,19,5,1,0,0,0,0,0,0,0,3,1,2,2,1,54,8,-1,-1,-1,FORD FIESTA,5,E01031385,0,-1
2023461328263,2023,461328263,2,9,0,3,3,7,3,0,0,0,0,0,0,0,2,1,2,2,1,55,8,-1,-1,-1,FORD FIESTA,6,E01024285,0,-1
2023010475456,2023,010475456,2,9,0,99,99,9,9,99,99,9,9,99,9,99,1,9,6,6,3,-1,-1,1499,2,6,FORD FIESTA,-1,-1,0,-1
2023201396672,2023,201396672,2,9,0,18,19,5,1,0,0,1,0,0,0,0,1,1,6,6,2,19,4,1499,2,7,FORD FIESTA,9,E01029518,0,-1
2023461379799,2023,461379799,1,9,0,18,19,3,7,0,0,1,0,0,0,0,1,1,6,6,2,31,6,1242,1,14,FORD FIESTA,5,E01024594,0,-1
2023052302073,2023,052302073,1,9,0,5,5,4,2,0,0,0,0,0,0,0,1,1,6,6,1,70,10,1242,1,10,FORD FIESTA,3,E01006654,0,-1
2023440156086,2023,440156086,1,9,0,18,19,2,6,0,0,0,0,0,1,9,4,1,6,6,1,20,4,1388,1,17,FORD FIESTA,8,E01031993,0,-1
2023141376281,2023,141376281,1,9,0,18,19,8,4,0,0,1,0,0,0,0,2,1,2,2,2,39,7,998,1,7,FORD FIESTA,1,E01008103,0,-1
2023451373191,2023,451373191,1,9,0,18,19,5,1,0,0,0,0,0,0,0,2,1,5,6,1,78,11,1242,1,6,FORD FIESTA,10,E01030415,0,-1
2023131317841,2023,131317841,2,9,0,18,19,7,7,0,0,0,0,0,1,5,3,1,5,6,2,28,6,1596,1,10,FORD FIESTA,2,E01011262,0,-1
2023201309910,2023,201309910,2,9,0,10,10,7,5,0,0,8,0,0,0,0,0,1,6,6,1,18,4,998,1,7,FORD FIESTA,2,E01009405,0,-1
2023201303878,2023,201303878,3,9,0,4,4,6,2,0,0,8,0,0,0,0,0,1,6,6,3,-1,-1,1242,1,11,FORD FIESTA,-1,-1,0,-1
2023421344868,2023,421344868,1,9,0,18,19,2,6,0,0,1,0,0,0,0,1,1,5,6,2,25,5,1388,1,18,FORD FIESTA,4,E01015947,0,-1
2023061372732,2023,061372732,1,9,0,18,19,6,2,0,0,1,0,0,0,0,1,1,5,6,2,22,5,1499,2,8,FORD FIESTA,1,E01005665,0,-1
2023991292196,2023,991292196,1,9,0,17,19,7,3,0,0,0,0,0,0,0,1,1,6,6,1,20,4,1084,1,5,FORD FIESTA,10,-1,0,-1
2023061330821,2023,061330821,2,9,0,3,3,8,4,0,0,0,0,0,0,0,2,1,6,6,2,18,4,998,1,8,FORD FIESTA,10,E01006395,0,-1
2023361317030,2023,361317030,2,9,0,18,19,7,3,0,0,1,0,0,0,0,4,1,5,6,1,29,6,1499,2,8,FORD FIESTA,6,E01026419,0,-1
2023332300174,2023,332300174,2,9,0,18,19,1,5,0,0,0,0,0,0,0,1,1,2,2,1,29,6,1499,2,6,FORD FIESTA,10,E01025650,0,-1
2023471258800,2023,471258800,1,9,0,12,12,7,5,0,0,0,1,0,0,0,1,1,5,6,1,74,10,1388,1,20,FORD FIESTA,2,E01031432,0,-1
2023052300426,2023,052300426,2,9,0,9,9,7,1,0,0,8,0,0,0,0,4,1,6,6,1,68,10,1388,1,16,FORD FIESTA,1,E01006562,0,-1
2023141305985,2023,141305985,1,9,0,4,4,8,4,0,0,0,0,0,0,0,1,1,6,6,1,26,6,998,1,5,FORD FIESTA,3,E01007345,0,-1
2023520301296,2023,520301296,2,9,0,3,3,5,1,0,0,0,0,0,0,0,2,1,6,6,2,47,8,998,1,4,FORD FIESTA,8,E01032632,0,-1
2023361356377,2023,361356377,1,9,0,9,9,2,7,0,0,1,0,0,0,0,1,1,2,2,1,20,4,1242,1,8,FORD FIESTA,6,E01026612,0,-1
2023201397139,2023,201397139,1,9,0,18,19,4,8,0,0,1,0,0,0,0,1,1,1,1,1,43,7,1242,1,9,FORD FIESTA,7,E01009811,0,-1
2023451319364,2023,451319364,2,9,0,4,4,3,3,0,0,1,0,0,0,0,1,1,6,6,1,45,7,1242,1,9,FORD FIESTA,7,E01002436,0,-1
2023161330944,2023,161330944,1,9,0,5,5,5,3,0,0,8,0,0,0,0,4,1,6,6,1,69,10,1560,2,12,FORD FIESTA,1,E01013174,0,-1
2023231320719,2023,231320719,2,9,0,7,7,3,5,0,0,5,0,0,0,0,4,1,5,6,1,63,9,998,1,5,FORD FIESTA,7,E01031297,0,-1
2023311353692,2023,311353692,1,9,0,18,19,6,2,0,0,0,0,7,1,0,1,1,6,6,1,85,11,1596,1,16,FORD FIESTA,8,E01028035,0,-1
2023070308116,2023,070308116,2,9,0,18,19,1,6,0,0,2,0,0,0,0,4,1,6,6,2,24,5,1242,1,8,FORD FIESTA,7,E01018699,0,-1
2023302301495,2023,302301495,1,9,0,18,19,6,2,0,0,2,5,10,7,10,1,1,6,6,1,48,8,998,1,10,FORD FIESTA,6,E01027962,0,-1
2023340WN9062,2023,340WN9062,1,9,0,18,19,7,3,0,0,0,1,0,1,0,1,1,6,6,1,25,5,1242,1,18,FORD FIESTA,8,E01027024,0,-1
2023401272942,2023,401272942,2,9,0,3,3,3,5,0,0,1,0,0,0,0,2,1,5,6,2,45,7,1388,1,11,FORD FIESTA,9,E01017558,0,-1
2023501309039,2023,501309039,1,9,0,18,19,7,6,0,0,0,1,0,0,0,1,1,6,6,1,31,6,1242,1,13,FORD FIESTA,3,E01015168,0,-1
2023010480339,2023,010480339,1,9,0,18,19,3,7,0,0,6,0,0,0,0,1,2,6,6,1,62,9,1596,1,6,FORD FIESTA,4,E01016011,0,-1
2023351351658,2023,351351658,1,9,0,18,19,1,5,0,0,3,0,0,0,0,3,1,5,6,2,47,8,998,1,6,FORD FIESTA,6,E01032159,0,-1
2023010457437,2023,010457437,2,9,0,18,19,3,7,0,0,2,0,0,0,0,3,1,6,6,2,44,7,1242,1,11,FORD FIESTA,6,E01003954,0,-1
2023351390466,2023,351390466,1,9,0,18,19,-1,-1,9,9,0,0,0,0,0,9,1,6,6,2,40,7,1242,1,16,FORD FIESTA,6,E01018150,0,-1
2023211328113,2023,211328113,1,9,-1,-1,-1,-1,-1,-1,-1,-1,-1,-1,-1,0,-1,1,6,6,1,20,4,998,1,6,FORD FIESTA,7,E01029612,0,-1
2023411343883,2023,411343883,2,9,0,7,7,6,4,0,0,3,0,0,7,2,4,1,5,6,2,58,9,1388,1,11,FORD FIESTA,7,E01023391,0,-1
2023991393570,2023,991393570,1,9,0,9,9,7,4,0,0,1,5,10,1,0,1,1,5,6,1,19,4,1596,1,11,FORD FIESTA,4,-1,0,-1
2023231329060,2023,231329060,2,9,0,18,19,4,8,0,0,8,0,0,0,0,4,1,6,6,2,34,6,998,1,8,FORD FIESTA,4,E01031052,0,-1
2023501285553,2023,501285553,4,9,0,10,10,4,2,0,0,1,0,0,0,0,2,1,5,6,1,23,5,1299,1,30,FORD FIESTA,4,E01020328,0,-1
2023141376502,2023,141376502,3,9,0,2,2,0,0,0,0,0,0,0,0,0,4,1,6,6,3,-1,-1,1242,1,9,FORD FIESTA,-1,-1,0,-1
2023461306004,2023,461306004,2,9,0,3,3,3,7,0,0,1,0,0,0,0,1,1,6,6,2,53,8,1596,1,11,FORD FIESTA,1,E01016069,0,-1
2023430364910,2023,430364910,2,9,0,17,19,5,2,0,0,0,0,0,1,0,1,1,6,6,2,42,7,998,1,6,FORD FIESTA,10,E01016526,0,-1
2023052300569,2023,052300569,2,9,0,18,19,7,3,0,0,1,0,0,1,0,1,1,6,6,2,68,10,998,1,4,FORD FIESTA,5,E01006265,0,-1
2023010426181,2023,010426181,1,9,0,3,3,1,5,0,0,4,0,0,0,0,2,1,6,6,1,26,6,1084,1,5,FORD FIESTA,8,E01003679,0,-1
2023201360870,2023,201360870,6,9,0,2,2,0,0,0,0,0,0,0,0,0,2,1,6,6,2,-1,-1,1242,1,9,FORD FIESTA,-1,-1,0,-1
2023991316234,2023,991316234,1,9,0,5,5,3,8,0,0,1,0,0,0,0,1,1,2,2,1,46,8,998,1,11,FORD FIESTA,5,-1,0,-1
2023471335422,2023,471335422,2,9,0,17,19,3,7,0,0,8,1,0,1,4,4,1,5,6,2,65,9,1242,1,13,FORD FIESTA,10,E01021159,0,-1
2023361330141,2023,361330141,1,9,0,2,2,0,0,0,0,1,0,0,0,0,1,1,2,2,1,20,4,1242,1,11,FORD FIESTA,7,E01030271,0,-1
2023552300772,2023,552300772,1,9,0,18,19,7,3,0,0,2,0,0,7,9,1,1,6,6,1,43,7,1499,2,9,FORD FIESTA,7,E01020422,0,-1
2023991358146,2023,991358146,1,9,0,16,19,8,3,0,0,3,0,0,7,0,4,1,5,6,2,33,6,999,1,3,FORD FIESTA,1,-1,0,-1
2023622300847,2023,622300847,1,9,0,5,5,2,6,0,0,1,0,0,0,0,2,1,6,6,2,61,9,1084,1,3,FORD FIESTA,8,W01001888,0,-1
2023161317824,2023,161317824,2,9,0,18,19,1,5,0,0,8,0,0,0,0,1,2,5,6,1,27,6,1388,1,19,FORD FIESTA,3,E01013272,0,-1
2023451270002,2023,451270002,2,9,0,18,19,6,2,0,0,0,0,0,0,0,1,1,5,6,2,28,6,998,1,8,FORD FIESTA,7,E01023135,0,-1
2023010470604,2023,010470604,2,9,0,2,2,0,0,9,9,0,0,0,1,0,1,2,6,6,3,-1,-1,1388,1,21,FORD FIESTA,-1,-1,0,-1
2023461271563,2023,461271563,1,9,0,9,9,7,3,0,0,0,0,0,0,0,3,1,6,6,1,93,11,998,1,10,FORD FIESTA,9,E01024376,0,-1
2023070330053,2023,070330053,1,9,0,10,10,2,6,0,0,6,0,0,0,0,1,1,6,6,1,86,11,1388,1,11,FORD FIESTA,9,E01018383,0,-1
2023471379605,2023,471379605,1,9,0,17,19,1,4,0,0,0,1,0,0,0,4,1,5,6,2,77,11,1388,1,13,FORD FIESTA,10,E01021052,0,-1
2023010484552,2023,010484552,1,9,0,4,4,1,5,0,0,0,0,0,0,0,2,1,6,6,2,28,6,1242,1,15,FORD FIESTA,1,E01002720,0,-1
2023311282220,2023,311282220,2,9,0,3,3,1,5,0,0,0,0,0,0,0,2,1,6,6,1,24,5,1596,1,18,FORD FIESTA,4,E01028165,0,-1
2023451288037,2023,451288037,1,9,0,18,19,7,3,0,0,5,1,0,1,11,1,1,6,6,1,20,4,1399,2,13,FORD FIESTA,6,E01030555,0,-1
2023221267405,2023,221267405,2,9,0,4,4,4,8,0,0,1,0,0,0,0,2,1,5,6,1,37,7,1496,1,4,FORD FIESTA,10,E01029674,0,-1
2023451309558,2023,451309558,2,9,0,5,5,5,1,0,0,4,0,0,0,0,2,1,5,6,2,58,9,999,1,0,FORD FIESTA,6,E01031658,0,-1
2023041392837,2023,041392837,3,9,0,2,2,0,0,0,0,0,0,0,0,0,2,1,6,6,3,-1,-1,1388,1,16,FORD FIESTA,-1,-1,0,-1
2023991364297,2023,991364297,2,9,0,18,19,1,5,0,0,1,0,0,0,0,1,1,5,6,1,65,9,1399,2,15,FORD FIESTA,3,-1,0,-1
2023031268575,2023,031268575,1,9,0,7,7,7,1,0,0,2,0,0,0,0,3,1,2,2,2,56,9,1560,2,11,FORD FIESTA,1,E01019277,0,-1
2023461338780,2023,461338780,1,9,0,18,19,7,3,0,0,0,0,4,0,0,1,1,6,6,1,18,4,1242,1,10,FORD FIESTA,10,E01032809,0,-1
2023010484835,2023,010484835,1,9,0,18,19,6,2,0,0,2,0,4,0,0,1,1,6,6,1,17,4,1242,1,14,FORD FIESTA,5,E01015951,0,-1
2023161327438,2023,161327438,2,9,0,18,19,1,5,0,0,0,0,0,1,9,3,1,5,6,2,19,4,1596,1,15,FORD FIESTA,6,E01013334,0,-1
2023440063087,2023,440063087,1,9,0,16,19,2,5,0,0,0,2,0,2,10,4,1,6,6,1,21,5,1596,1,14,FORD FIESTA,2,E01017272,0,-1
2023131412749,2023,131412749,2,9,0,5,5,1,1,0,0,0,0,0,0,0,1,1,3,7,2,39,7,1399,2,11,FORD FIESTA,3,E01010912,0,-1
2023440276605,2023,440276605,1,9,0,4,4,4,8,0,0,0,0,0,0,0,2,1,2,2,1,20,4,1242,1,13,FORD FIESTA,8,E01022754,0,-1
2023010424152,2023,010424152,1,9,0,7,7,7,1,0,0,8,0,0,0,0,1,1,2,2,1,28,6,998,1,6,FORD FIESTA,3,E01003250,0,-1
2023371350299,2023,371350299,6,9,0,4,4,5,1,0,0,0,0,0,0,0,1,1,6,6,3,-1,-1,1242,1,14,FORD FIESTA,-1,-1,0,-1
2023010450603,2023,010450603,1,9,9,1,1,3,7,99,99,0,9,0,0,0,2,9,6,6,2,40,7,998,1,5,FORD FIESTA,2,E01004242,0,-1
2023041389811,2023,041389811,1,9,0,18,19,6,2,0,0,0,0,0,0,0,1,1,6,6,1,19,4,1084,1,5,FORD FIESTA,4,E01007040,0,-1
2023010464471,2023,010464471,2,9,0,99,99,9,9,99,99,9,9,99,9,99,1,9,6,6,1,25,5,1242,1,12,FORD FIESTA,3,E01000403,0,-1
2023522300699,2023,522300699,2,9,0,10,10,1,7,0,0,1,0,0,0,0,2,1,6,6,2,32,6,1242,1,15,FORD FIESTA,2,E01014828,0,-1
2023131373437,2023,131373437,1,9,0,18,19,5,1,0,0,0,1,0,0,0,1,1,5,6,1,18,4,998,1,8,FORD FIESTA,2,E01011763,0,-1
2023311348791,2023,311348791,1,9,0,7,7,3,5,0,0,0,5,0,0,0,1,1,6,6,1,57,9,1499,2,10,FORD FIESTA,-1,-1,0,-1
2023141360965,2023,141360965,3,9,0,3,3,8,5,0,0,1,0,0,0,0,4,1,6,6,2,28,6,998,1,6,FORD FIESTA,6,E01007585,0,-1
2023320388368,2023,320388368,1,9,0,9,9,3,1,0,0,8,0,0,0,0,1,1,1,1,1,60,9,-1,-1,-1,FORD FIESTA,10,E01028087,0,-1
2023201403500,2023,201403500,1,9,0,18,19,8,4,0,0,1,0,0,0,0,2,1,6,6,1,21,5,1242,1,20,FORD FIESTA,10,E01031289,0,-1
2023052302571,2023,052302571,2,9,0,2,2,0,0,0,0,0,0,0,0,0,2,1,6,6,3,-1,-1,1388,1,16,FORD FIESTA,-1,-1,0,-1
2023161341282,2023,161341282,2,9,0,16,19,3,5,0,0,0,0,0,1,9,4,1,5,6,1,19,4,1242,1,15,FORD FIESTA,1,E01026376,0,-1
2023332300797,2023,332300797,1,9,0,18,19,5,1,0,0,0,0,7,1,4,3,1,6,6,2,76,11,999,1,3,FORD FIESTA,10,E01028412,0,-1
2023421283687,2023,421283687,2,9,0,18,19,7,3,0,0,2,0,0,0,0,1,1,5,6,1,80,11,998,1,10,FORD FIESTA,6,E01015821,0,-1
2023170M11633,2023,170M11633,1,9,0,4,4,8,4,0,0,1,0,0,0,0,2,1,6,6,2,22,5,1242,1,13,FORD FIESTA,-1,-1,0,-1
2023231297652,2023,231297652,2,9,0,18,19,4,8,0,0,8,0,0,1,0,3,1,6,6,2,49,8,998,1,9,FORD FIESTA,9,E01031251,0,-1
2023010421477,2023,010421477,2,9,0,18,19,7,3,0,0,1,0,0,0,0,1,1,6,6,3,23,5,998,1,6,FORD FIESTA,-1,-1,0,-1
2023471331889,2023,471331889,2,9,0,18,19,3,7,0,0,8,1,0,4,0,1,1,2,2,1,19,4,1388,1,16,FORD FIESTA,10,E01023881,0,-1
2023052302370,2023,052302370,1,9,0,18,19,3,7,0,0,0,0,0,0,0,1,1,6,6,1,25,5,998,1,5,FORD FIESTA,1,E01006834,0,-1
2023141285543,2023,141285543,2,9,0,7,7,8,7,0,0,6,0,0,0,0,1,1,6,6,1,81,11,998,1,6,FORD FIESTA,2,E01007783,0,-1
2023522301492,2023,522301492,1,9,0,18,19,2,6,0,0,0,0,0,0,0,3,1,6,6,2,55,8,998,1,7,FORD FIESTA,9,E01014739,0,-1
2023231387274,2023,231387274,1,9,-1,-1,-1,-1,-1,-1,-1,0,-1,-1,-1,0,-1,1,6,6,3,-1,-1,1242,1,9,FORD FIESTA,-1,-1,0,-1
2023411324391,2023,411324391,1,9,0,6,6,7,5,8,6,0,0,0,0,0,1,1,6,6,2,50,8,1242,1,9,FORD FIESTA,6,E01023903,0,-1
2023461377134,2023,461377134,2,9,0,2,2,0,0,0,0,0,0,0,0,0,1,1,5,6,1,18,4,1242,1,16,FORD FIESTA,7,E01024378,0,-1
2023361274844,2023,361274844,1,9,0,17,19,2,5,0,0,0,0,0,0,0,1,1,6,6,1,-1,-1,1399,2,15,FORD FIESTA,-1,-1,0,-1
2023991384098,2023,991384098,1,9,0,18,19,8,4,0,0,2,0,0,0,0,1,1,2,2,1,20,4,1499,2,5,FORD FIESTA,5,-1,0,-1
2023201397297,2023,201397297,1,9,0,18,19,6,2,0,0,2,0,0,0,0,4,1,1,1,1,24,5,1242,1,13,FORD FIESTA,6,E01009473,0,-1
2023131304816,2023,131304816,1,9,0,4,4,7,3,0,0,1,0,0,0,0,1,1,6,6,1,51,8,1242,1,19,FORD FIESTA,2,E01011470,0,-1
2023221379914,2023,221379914,1,9,0,4,4,4,8,0,0,1,0,0,0,0,1,1,2,2,1,23,5,1999,1,17,FORD FIESTA,10,E01014181,0,-1
2023101393609,2023,101393609,1,9,0,18,19,1,5,0,0,0,2,0,1,11,1,1,5,6,2,24,5,999,1,3,FORD FIESTA,1,E01027451,0,-1
2023471382532,2023,471382532,1,9,0,6,6,5,1,0,0,8,0,0,0,0,3,1,5,6,1,35,6,1399,2,15,FORD FIESTA,3,E01016921,0,-1
2023421296433,2023,421296433,2,9,0,3,3,6,2,0,0,0,0,0,0,0,2,1,2,2,1,28,6,999,1,2,FORD FIESTA,5,E01033139,0,-1
2023991375898,2023,991375898,1,9,0,18,19,2,6,0,0,1,0,0,0,0,1,1,3,7,2,44,7,999,8,0,FORD FIESTA,9,-1,0,-1
2023401275577,2023,401275577,1,9,0,18,19,7,3,0,0,3,0,0,0,0,4,1,6,6,1,77,11,1242,1,6,FORD FIESTA,10,E01017566,0,-1
2023522301266,2023,522301266,4,9,0,18,19,7,3,0,0,0,0,0,0,0,3,1,6,6,1,52,8,1242,1,11,FORD FIESTA,10,E01015001,0,-1
2023421307702,2023,421307702,1,9,0,18,19,2,6,0,0,1,1,0,7,0,4,1,5,6,1,18,4,1388,1,14,FORD FIESTA,7,E01021538,0,-1
2023131325932,2023,131325932,1,9,0,18,19,3,7,0,0,0,0,0,0,0,1,1,6,6,1,19,4,1388,1,14,FORD FIESTA,2,E01011872,0,-1
2023131357833,2023,131357833,1,9,0,18,19,7,3,0,0,8,0,0,0,0,1,1,6,6,1,26,6,1242,1,18,FORD FIESTA,2,E01010583,0,-1
2023440303473,2023,440303473,2,9,0,18,19,4,8,0,0,0,0,0,0,0,1,1,6,6,2,60,9,1242,1,14,FORD FIESTA,3,E01022811,0,-1
2023991334541,2023,991334541,2,9,0,17,19,1,5,0,0,0,0,0,0,0,3,1,2,2,1,38,7,1496,1,5,FORD FIESTA,8,-1,0,-1
2023061338839,2023,061338839,1,9,0,18,19,6,2,0,0,0,0,0,0,0,1,1,6,6,1,33,6,998,1,4,FORD FIESTA,2,E01018388,0,-1
2023131350668,2023,131350668,1,9,0,18,19,7,3,0,0,0,0,4,0,0,3,1,6,6,3,-1,-1,1242,1,18,FORD FIESTA,-1,-1,0,-1
2023371367544,2023,371367544,1,9,0,18,19,8,5,0,0,7,1,0,1,4,3,1,5,6,1,21,5,1399,2,14,FORD FIESTA,9,E01029973,0,-1
2023471259739,2023,471259739,2,9,0,3,3,1,5,0,0,0,0,0,0,0,2,1,2,2,1,28,6,998,1,9,FORD FIESTA,4,E01021224,0,-1