collision_index,collision_year,collision_ref_no,vehicle_reference,vehicle_type,towing_and_articulation,vehicle_manoeuvre_historic,vehicle_manoeuvre,vehicle_direction_from,vehicle_direction_to,vehicle_location_restricted_lane_historic,vehicle_location_restricted_lane,junction_location,skidding_and_overturning,hit_object_in_carriageway,vehicle_leaving_carriageway,hit_object_off_carriageway,first_point_of_impact,vehicle_left_hand_drive,journey_purpose_of_driver_historic,journey_purpose_of_driver,sex_of_driver,age_of_driver,age_band_of_driver,engine_capacity_cc,propulsion_code,age_of_vehicle,generic_make_model,driver_imd_decile,lsoa_of_driver,escooter_flag,driver_distance_banding
2023311351084,2023,311351084,1,9,0,5,5,1,3,0,0,0,0,0,0,0,4,1,2,2,1,22,5,998,1,9,FORD FIESTA,7,E01028417,0,-1
2023311390727,2023,311390727,1,9,0,18,19,1,5,0,0,0,0,4,0,0,1,1,2,2,1,40,7,998,1,8,FORD FIESTA,8,E01028371,0,-1
2023320454283,2023,320454283,1,9,0,12,12,4,8,0,0,0,1,0,0,6,3,1,2,2,2,29,6,1242,1,10,FORD FIESTA,7,E01021650,0,-1
2023461317768,2023,461317768,1,9,0,18,19,3,7,0,0,0,0,0,0,0,1,1,6,6,2,22,5,1399,2,14,FORD FIESTA,2,E01024020,0,-1
2023461388502,2023,461388502,2,9,0,3,3,-1,-1,0,0,1,0,0,0,0,2,1,6,6,1,24,5,1560,2,14,FORD FIESTA,4,E01024384,0,-1
2023351383413,2023,351383413,3,9,0,18,19,1,2,0,0,8,0,0,0,0,1,1,6,6,2,64,9,998,1,5,FORD FIESTA,10,E01018256,0,-1
2023101292687,2023,101292687,1,9,0,3,3,5,1,0,0,4,0,0,0,0,1,1,6,6,2,40,7,1242,1,12,FORD FIESTA,1,E01012011,0,-1
2023201385441,2023,201385441,2,9,0,4,4,8,4,0,0,1,0,0,0,0,1,1,6,6,2,43,7,1596,1,11,FORD FIESTA,5,E01009926,0,-1
2023131277744,2023,131277744,1,9,0,18,19,7,3,0,0,0,1,0,3,1,1,1,6,6,3,-1,-1,1596,1,6,FORD FIESTA,-1,-1,0,-1
2023061331219,2023,061331219,1,9,0,5,5,5,2,0,0,1,0,0,0,0,1,1,5,6,2,22,5,998,1,0,FORD FIESTA,1,E01005948,0,-1
2023211371658,2023,211371658,2,9,0,18,19,8,4,0,0,1,0,0,7,0,1,1,2,2,1,30,6,1388,1,12,FORD FIESTA,9,E01029495,0,-1
2023041300898,2023,041300898,1,9,0,17,19,3,7,0,0,1,0,0,1,11,4,1,5,6,1,17,4,998,1,10,FORD FIESTA,9,E01025538,0,-1
2023201337759,2023,201337759,1,9,0,9,9,2,8,0,0,3,0,0,0,0,2,1,6,6,1,17,4,998,1,8,FORD FIESTA,10,E01010199,0,-1
2023010471796,2023,010471796,1,9,0,5,5,1,5,0,0,0,0,0,0,0,1,1,6,6,2,25,5,1388,1,11,FORD FIESTA,6,E01001565,0,-1
2023361370319,2023,361370319,1,9,0,9,9,1,5,0,0,8,0,0,0,0,1,1,1,1,3,37,7,998,1,8,FORD FIESTA,5,E01026785,0,-1
2023052301799,2023,052301799,1,9,0,18,19,5,1,0,0,0,0,0,0,0,1,1,6,6,2,-1,-1,998,1,4,FORD FIESTA,1,E01033759,0,-1
2023440413864,2023,440413864,2,9,0,18,19,3,7,0,0,8,0,0,0,0,1,1,6,6,2,23,5,1242,1,8,FORD FIESTA,4,E01017083,0,-1
2023471370493,2023,471370493,2,9,0,18,19,5,1,0,0,1,0,0,0,0,1,1,5,6,2,54,8,1242,1,9,FORD FIESTA,3,E01031783,0,-1
2023320172446,2023,320172446,1,9,0,18,19,2,6,0,0,0,0,0,0,0,1,1,6,6,1,85,11,1388,1,11,FORD FIESTA,6,E01026251,0,-1
2023471315667,2023,471315667,1,9,0,18,19,1,5,0,0,8,0,7,0,0,1,1,5,6,2,20,4,1399,2,14,FORD FIESTA,3,E01016926,0,-1
2023201411310,2023,201411310,2,9,0,18,19,1,5,0,0,8,0,0,0,0,3,1,6,6,3,29,6,1242,1,15,FORD FIESTA,4,E01009626,0,-1
2023351381386,2023,351381386,1,9,0,18,19,5,1,0,0,0,0,0,0,0,1,1,2,2,1,21,5,1242,1,15,FORD FIESTA,10,E01023654,0,-1
2023991383061,2023,991383061,1,9,0,18,19,1,5,0,0,0,0,0,0,0,1,1,2,2,1,26,6,1560,2,13,FORD FIESTA,7,-1,0,-1
2023031368674,2023,031368674,1,9,0,18,19,4,8,0,0,0,0,0,0,0,1,1,2,2,1,32,6,1499,2,7,FORD FIESTA,4,E01019118,0,-1
2023302300524,2023,302300524,2,9,0,16,19,4,8,0,0,0,0,0,0,0,3,1,6,6,1,73,10,1399,2,12,FORD FIESTA,10,E01005407,0,-1
2023371389237,2023,371389237,1,9,0,18,19,3,3,0,0,4,2,0,8,2,3,1,5,6,1,18,4,1399,2,12,FORD FIESTA,4,E01033128,0,-1
2023070404682,2023,070404682,1,9,0,4,4,7,3,0,0,0,0,0,1,0,1,1,6,6,2,18,4,1242,1,11,FORD FIESTA,8,E01012435,0,-1
2023041377639,2023,041377639,1,9,0,12,12,5,1,0,0,1,1,11,0,0,1,1,5,6,1,18,4,1242,1,21,FORD FIESTA,2,E01012654,0,-1
2023041365592,2023,041365592,1,9,0,18,19,1,5,0,0,8,0,0,0,0,1,1,5,6,1,88,11,1388,1,18,FORD FIESTA,8,E01025564,0,-1
2023332300247,2023,332300247,1,9,0,18,19,7,3,0,0,0,0,0,1,3,1,1,6,6,1,38,7,1399,2,15,FORD FIESTA,8,E01025942,0,-1
2023052302304,2023,052302304,2,9,0,18,19,1,5,0,0,0,0,0,0,0,2,1,6,6,2,25,5,998,1,3,FORD FIESTA,3,E01006969,0,-1
2023440137234,2023,440137234,2,9,0,11,11,3,7,0,0,0,0,0,0,0,1,1,6,6,2,85,11,1242,1,9,FORD FIESTA,4,E01023083,0,-1
2023052302566,2023,052302566,1,9,0,5,5,8,5,0,0,1,0,0,0,0,3,1,6,6,3,-1,-1,1242,1,6,FORD FIESTA,-1,-1,0,-1
2023340WN4602,2023,340WN4602,1,9,0,18,19,4,8,0,0,1,0,0,0,0,1,1,6,6,1,70,10,1388,1,15,FORD FIESTA,3,E01017580,0,-1
2023302300117,2023,302300117,1,9,0,9,9,4,2,0,0,2,0,0,0,0,1,1,6,6,3,-1,-1,1242,1,17,FORD FIESTA,5,E01019456,0,-1
2023440379745,2023,440379745,1,9,0,9,9,6,4,0,0,8,0,0,0,0,1,1,2,2,2,20,4,1242,1,10,FORD FIESTA,10,E01023220,0,-1
2023101367566,2023,101367566,1,9,0,9,9,4,2,0,0,6,0,0,0,0,1,1,5,6,2,60,9,1084,1,5,FORD FIESTA,-1,-1,0,-1
2023461269521,2023,461269521,1,9,0,18,19,1,5,0,0,0,0,0,0,0,1,1,6,6,3,-1,-1,1242,1,15,FORD FIESTA,-1,-1,0,-1
2023440083386,2023,440083386,2,9,0,18,19,7,3,0,0,1,0,0,0,0,4,1,6,6,1,23,5,1242,1,16,FORD FIESTA,3,E01017099,0,-1
2023622300628,2023,622300628,1,9,0,18,19,8,4,0,0,0,0,0,1,2,1,1,6,6,1,34,6,998,1,9,FORD FIESTA,2,W01001332,0,-1
2023201385481,2023,201385481,2,9,0,18,19,3,7,0,0,6,0,0,0,0,1,1,5,6,2,79,11,1297,1,24,FORD FIESTA,5,E01010554,0,-1
2023231269519,2023,231269519,2,9,0,8,8,8,2,0,0,1,0,0,0,0,2,1,2,2,1,55,8,1388,1,18,FORD FIESTA,6,E01031051,0,-1
2023522300535,2023,522300535,1,9,0,18,19,3,7,0,0,1,0,0,0,0,1,1,6,6,2,30,6,1399,2,14,FORD FIESTA,6,E01014865,0,-1
2023401379299,2023,401379299,1,9,0,9,9,1,7,0,0,8,0,0,0,0,3,1,6,6,1,68,10,1242,1,16,FORD FIESTA,2,E01017601,0,-1
2023052300064,2023,052300064,2,9,0,4,4,5,1,0,0,0,0,0,0,0,2,1,2,2,1,26,6,999,1,3,FORD FIESTA,5,E01033096,0,-1
2023522400047,2023,522400047,1,9,0,3,3,2,6,0,0,1,0,0,0,0,2,1,6,6,2,40,7,1388,1,15,FORD FIESTA,7,E01015017,0,-1
2023461338816,2023,461338816,3,9,0,3,3,-1,-1,0,0,0,0,0,0,0,2,1,5,6,1,33,6,1388,1,16,FORD FIESTA,10,E01024778,0,-1
2023052300932,2023,052300932,2,9,0,18,19,7,3,0,0,1,0,0,0,0,3,1,6,6,1,18,4,1242,1,19,FORD FIESTA,3,E01007118,0,-1
2023461268445,2023,461268445,1,9,0,18,19,8,4,0,0,0,1,0,0,0,3,1,1,1,1,37,7,1388,1,17,FORD FIESTA,8,E01024255,0,-1
2023332300083,2023,332300083,1,9,0,9,9,4,1,0,0,5,0,0,1,0,1,1,2,2,1,27,6,-1,-1,-1,FORD FIESTA,10,E01025650,0,-1
2023311349916,2023,311349916,2,9,0,18,19,6,2,0,0,1,0,0,3,0,1,1,5,6,1,25,5,1399,2,14,FORD FIESTA,3,E01026353,0,-1
2023010486808,2023,010486808,2,9,9,99,99,9,9,99,99,0,9,99,9,99,9,9,6,6,3,-1,-1,1596,1,10,FORD FIESTA,-1,-1,0,-1
2023610009123,2023,610009123,2,9,0,16,19,6,1,0,0,0,0,0,0,0,1,1,6,6,2,32,6,998,1,1,FORD FIESTA,4,W01001528,0,-1
2023471260124,2023,471260124,1,9,0,18,19,3,7,0,0,0,0,0,0,0,1,1,1,1,2,37,7,1242,1,8,FORD FIESTA,6,E01031636,0,-1
2023302301985,2023,302301985,2,9,0,18,19,7,3,0,0,8,0,0,0,0,1,1,6,6,2,24,5,1242,1,11,FORD FIESTA,7,E01019832,0,-1
2023451341628,2023,451341628,2,9,0,18,19,5,1,0,0,6,0,0,0,0,1,1,1,1,3,30,6,1399,2,13,FORD FIESTA,6,E01031743,0,-1
2023991343241,2023,991343241,1,9,0,17,19,8,4,0,0,0,1,0,1,4,1,1,5,6,2,17,4,1242,1,14,FORD FIESTA,5,-1,0,-1
2023430158540,2023,430158540,1,9,0,18,19,2,6,0,0,2,0,0,0,0,4,1,2,2,1,32,6,1388,1,11,FORD FIESTA,8,E01032758,0,-1
2023170L40843,2023,170L40843,2,9,0,4,4,5,1,0,0,1,0,0,0,0,2,1,6,6,2,48,8,1242,1,15,FORD FIESTA,7,E01012186,0,-1
2023201291161,2023,201291161,2,9,0,2,2,0,0,0,0,2,0,0,0,0,2,1,2,2,1,-1,-1,1399,2,16,FORD FIESTA,2,E01009537,0,-1
2023201341384,2023,201341384,1,9,0,9,9,2,4,0,0,8,0,0,0,0,3,1,6,6,2,23,5,998,1,8,FORD FIESTA,3,E01010127,0,-1
2023471267129,2023,471267129,2,9,0,18,19,4,8,0,0,0,0,0,1,4,1,1,2,2,1,53,8,-1,-1,-1,FORD FIESTA,4,E01021002,0,-1
2023991326765,2023,991326765,1,9,0,5,5,8,4,0,0,2,0,0,1,0,4,1,6,6,1,26,6,1596,1,9,FORD FIESTA,9,-1,0,-1
202360A170247,2023,60A170247,2,9,0,18,19,3,7,0,0,8,0,0,0,0,4,1,1,1,1,30,6,998,1,6,FORD FIESTA,-1,-1,0,-1
2023501361611,2023,501361611,1,9,0,16,19,3,7,0,0,1,0,0,0,0,1,1,5,6,2,42,7,1242,1,11,FORD FIESTA,6,E01020255,0,-1
2023170S10463,2023,170S10463,2,9,0,10,10,5,2,0,0,1,0,0,0,0,2,1,6,6,1,62,9,998,1,3,FORD FIESTA,1,E01012251,0,-1
2023421357074,2023,421357074,2,9,0,17,19,5,1,0,0,1,0,0,0,0,1,1,5,6,2,23,5,998,1,10,FORD FIESTA,-1,-1,0,-1
2023131387418,2023,131387418,2,9,0,17,19,5,1,0,0,1,0,0,0,0,3,1,5,6,2,52,8,1242,1,8,FORD FIESTA,8,E01011630,0,-1
2023031345878,2023,031345878,1,9,0,18,19,3,7,0,0,0,2,10,8,4,3,1,5,6,1,17,4,-1,-1,-1,FORD FIESTA,9,E01019191,0,-1
2023371334022,2023,371334022,1,9,0,18,19,4,6,0,0,0,1,0,0,0,1,1,5,6,1,17,4,1388,1,20,FORD FIESTA,6,E01029919,0,-1
2023501392523,2023,501392523,2,9,0,5,5,8,4,0,0,1,0,0,0,0,2,1,6,6,1,21,5,998,1,4,FORD FIESTA,-1,-1,0,-1
2023010463882,2023,010463882,2,9,0,18,19,7,3,0,0,1,0,0,0,0,1,1,6,6,1,19,4,1388,1,12,FORD FIESTA,2,E01003601,0,-1
2023361280437,2023,361280437,2,9,0,18,19,3,7,0,0,0,0,0,0,0,2,1,1,1,1,28,6,998,1,7,FORD FIESTA,5,E01026774,0,-1
2023421369553,2023,421369553,1,9,0,18,19,3,7,0,0,0,2,0,2,9,1,1,5,6,1,20,4,1242,1,15,FORD FIESTA,5,E01021901,0,-1
2023070271922,2023,070271922,1,9,0,17,19,6,2,0,0,0,0,0,0,0,1,1,6,6,2,-1,-1,1242,1,16,FORD FIESTA,-1,-1,0,-1
2023221261008,2023,221261008,1,9,0,9,9,1,8,0,0,6,0,0,0,0,3,1,5,6,1,32,6,1499,2,5,FORD FIESTA,1,E01032245,0,-1
2023010458130,2023,010458130,2,9,0,99,99,9,9,99,99,9,9,99,9,99,9,9,6,6,3,-1,-1,998,1,5,FORD FIESTA,-1,-1,0,-1
2023201282072,2023,201282072,1,9,0,18,19,1,5,0,0,1,0,0,0,0,3,1,6,6,1,31,6,998,1,5,FORD FIESTA,3,E01010451,0,-1
2023221370595,2023,221370595,2,9,0,18,19,8,4,0,0,8,0,0,0,0,1,1,5,6,2,34,6,1242,1,12,FORD FIESTA,5,E01028994,0,-1
2023531310837,2023,531310837,1,9,0,18,19,2,8,0,0,1,0,0,0,0,3,1,6,6,2,56,9,1499,2,7,FORD FIESTA,5,E01022154,0,-1
2023031324199,2023,031324199,3,9,0,18,19,3,7,0,0,0,0,0,0,0,0,1,5,6,2,57,9,999,1,2,FORD FIESTA,4,E01019098,0,-1
2023010425821,2023,010425821,2,9,0,18,19,7,3,0,0,2,0,0,7,1,1,1,2,2,2,60,9,1388,1,11,FORD FIESTA,9,E01017813,0,-1
2023101322215,2023,101322215,1,9,0,-1,-1,-1,-1,0,0,0,0,0,0,0,-1,1,6,6,3,-1,-1,1242,1,7,FORD FIESTA,-1,-1,0,-1
2023471381103,2023,471381103,2,9,0,18,19,5,1,0,0,8,0,0,0,0,1,1,5,6,2,30,6,998,1,9,FORD FIESTA,4,E01031455,0,-1
2023201396897,2023,201396897,2,9,0,18,19,7,3,0,0,8,0,0,0,0,1,1,6,6,2,27,6,1242,1,8,FORD FIESTA,-1,-1,0,-1
2023522300576,2023,522300576,2,9,0,2,2,0,0,0,0,0,0,0,0,0,3,1,6,6,3,-1,-1,1242,1,15,FORD FIESTA,-1,-1,0,-1
2023131373958,2023,131373958,2,9,0,2,2,7,3,0,0,0,0,0,0,0,2,1,1,1,1,30,6,998,1,8,FORD FIESTA,10,E01027276,0,-1
2023991369983,2023,991369983,1,9,0,16,19,2,6,0,0,0,2,10,7,1,1,1,5,6,1,25,5,-1,-1,-1,FORD FIESTA,4,-1,0,-1
2023221276023,2023,221276023,5,9,0,18,19,1,1,0,0,0,0,0,0,0,0,1,5,6,2,-1,-1,998,1,5,FORD FIESTA,-1,-1,0,-1
2023351313427,2023,351313427,1,9,0,18,19,7,6,0,0,0,0,0,7,0,1,1,5,6,1,17,4,998,1,9,FORD FIESTA,10,E01018248,0,-1
2023311263745,2023,311263745,2,9,0,3,3,7,3,0,0,0,0,0,0,0,3,1,6,6,2,37,7,998,1,7,FORD FIESTA,1,E01013865,0,-1
2023991277159,2023,991277159,2,9,0,18,19,4,7,0,0,4,0,0,0,0,3,1,2,2,1,65,9,998,1,6,FORD FIESTA,3,-1,0,-1
2023622300619,2023,622300619,1,9,0,17,19,6,2,0,0,0,0,0,1,4,1,1,6,6,1,17,4,998,1,10,FORD FIESTA,1,W01000867,0,-1
2023041342491,2023,041342491,2,9,0,17,19,6,2,0,0,8,0,0,0,0,3,1,5,6,2,67,10,998,1,7,FORD FIESTA,2,E01025238,0,-1
2023311356736,2023,311356736,2,9,0,4,4,3,7,0,0,0,0,0,0,0,2,1,5,6,2,32,6,1242,1,20,FORD FIESTA,9,E01028346,0,-1
2023311332029,2023,311332029,1,9,0,18,19,3,7,0,0,6,0,0,0,0,3,1,6,6,1,17,4,1388,1,17,FORD FIESTA,-1,-1,0,-1
2023201377391,2023,201377391,2,9,0,2,2,0,0,0,0,0,0,0,0,0,1,1,6,6,3,-1,-1,1596,1,16,FORD FIESTA,-1,-1,0,-1
2023461345469,2023,461345469,1,9,0,16,19,2,5,0,0,0,0,0,7,10,3,1,6,6,1,22,5,1242,1,16,FORD FIESTA,7,E01024433,0,-1
2023061269998,2023,061269998,1,9,0,18,19,5,1,0,0,8,0,0,0,0,1,1,6,6,2,48,8,1399,2,14,FORD FIESTA,8,E01006407,0,-1
2023522400906,2023,522400906,2,9,0,9,9,8,6,0,0,5,0,0,0,0,3,1,6,6,1,56,9,1499,2,9,FORD FIESTA,6,E01014764,0,-1
2023010462476,2023,010462476,1,9,0,17,19,1,5,0,0,1,5,0,0,0,4,1,6,6,1,35,6,998,1,7,FORD FIESTA,6,E01030736,0,-1
2023101384147,2023,101384147,1,9,0,10,10,5,7,0,0,1,1,0,0,0,2,1,5,6,1,25,5,1242,1,11,FORD FIESTA,9,E01008722,0,-1
2023471290253,2023,471290253,1,9,0,18,19,2,6,0,0,0,0,0,0,0,1,1,5,6,2,39,7,998,1,10,FORD FIESTA,7,E01024417,0,-1
2023061281278,2023,061281278,1,9,0,18,19,7,3,0,0,4,0,0,0,0,3,1,2,2,1,31,6,1388,1,19,FORD FIESTA,6,E01006042,0,-1
2023631314619,2023,631314619,1,9,0,9,9,5,2,0,0,6,0,6,3,11,1,1,6,6,1,19,4,1388,1,15,FORD FIESTA,5,W01000593,0,-1
2023070664046,2023,070664046,2,9,0,5,5,3,7,0,0,1,0,0,0,0,3,1,6,6,2,30,6,998,1,6,FORD FIESTA,10,E01012461,0,-1
2023010484807,2023,010484807,2,9,0,99,99,9,9,99,99,9,9,99,9,99,9,9,6,6,3,-1,-1,1388,1,18,FORD FIESTA,-1,-1,0,-1
2023371273338,2023,371273338,2,9,0,18,19,5,1,0,0,2,0,0,0,0,3,1,2,2,1,31,6,1596,1,10,FORD FIESTA,5,E01030286,0,-1
2023610025123,2023,610025123,2,9,0,2,2,0,0,0,0,0,0,0,0,0,4,1,6,6,1,-1,-1,1496,1,5,FORD FIESTA,-1,-1,0,-1
2023401387100,2023,401387100,1,9,0,9,9,1,7,0,0,8,0,0,0,0,1,1,6,6,2,57,9,998,1,5,FORD FIESTA,4,E01017570,0,-1
2023010431634,2023,010431634,1,9,0,9,9,7,5,0,0,5,0,0,0,0,3,2,2,2,1,30,6,1242,1,16,FORD FIESTA,1,E01002588,0,-1
2023461323451,2023,461323451,1,9,0,18,19,-1,-1,0,0,0,0,0,0,0,-1,1,5,6,1,22,5,1242,1,13,FORD FIESTA,10,E01024144,0,-1
2023010452581,2023,010452581,2,9,0,3,3,5,1,0,0,0,0,0,0,0,2,1,6,6,2,23,5,1388,1,11,FORD FIESTA,2,E01003501,0,-1
2023010461774,2023,010461774,1,9,0,3,3,5,1,0,0,1,0,0,0,0,1,1,6,6,2,39,7,1388,1,13,FORD FIESTA,7,E01001986,0,-1
2023302300419,2023,302300419,2,9,0,18,19,7,2,0,0,3,0,0,0,0,1,1,6,6,3,-1,-1,999,1,1,FORD FIESTA,5,E01019456,0,-1
2023201277792,2023,201277792,1,9,0,18,19,4,8,0,0,8,0,0,0,0,3,1,2,2,1,20,4,1242,1,11,FORD FIESTA,4,E01009236,0,-1
2023141306385,2023,141306385,3,9,0,18,19,1,5,0,0,0,0,0,0,0,1,1,2,2,2,26,6,1242,1,7,FORD FIESTA,-1,-1,0,-1
2023421392620,2023,421392620,2,9,0,4,4,5,3,0,0,1,0,0,0,0,2,1,5,6,2,48,8,1242,1,15,FORD FIESTA,3,E01021358,0,-1
2023552300093,2023,552300093,1,9,0,18,19,3,7,0,0,0,1,0,1,4,1,1,2,2,1,18,4,1242,1,16,FORD FIESTA,7,E01032641,0,-1
2023041276769,2023,041276769,1,9,0,16,19,2,6,0,0,0,2,0,7,11,1,1,5,6,1,19,4,1242,1,15,FORD FIESTA,6,E01006999,0,-1
2023461271098,2023,461271098,1,9,0,17,19,4,7,0,0,0,1,0,1,0,1,1,6,6,1,23,5,1596,1,13,FORD FIESTA,5,E01000417,0,-1
2023552300708,2023,552300708,1,9,0,18,19,1,5,0,0,0,0,0,0,0,4,1,6,6,1,22,5,998,1,8,FORD FIESTA,2,E01033200,0,-1
2023302301285,2023,302301285,1,9,0,16,19,8,2,6,6,0,1,0,7,4,1,1,6,6,1,18,4,1399,2,11,FORD FIESTA,8,E01025837,0,-1
2023161267102,2023,161267102,1,9,0,18,19,3,7,0,0,0,0,0,0,0,1,1,2,2,1,17,4,1242,1,20,FORD FIESTA,10,E01013223,0,-1
2023430474492,2023,430474492,1,9,0,10,10,3,1,0,0,1,0,0,0,0,3,1,6,6,1,26,6,998,1,7,FORD FIESTA,9,E01002469,0,-1
2023991313565,2023,991313565,2,9,0,7,7,6,2,0,0,8,0,0,0,0,2,1,5,6,1,19,4,998,1,0,FORD FIESTA,1,-1,0,-1
2023170M12013,2023,170M12013,1,9,0,18,19,4,8,0,0,8,0,0,0,0,1,1,6,6,1,18,4,1399,2,16,FORD FIESTA,4,E01012043,0,-1
2023010459904,2023,010459904,1,9,0,9,9,7,5,0,0,1,0,0,0,0,1,1,6,6,2,26,6,1242,1,11,FORD FIESTA,7,E01000361,0,-1
2023501278534,2023,501278534,2,9,0,16,19,6,1,0,0,0,0,0,0,0,1,1,6,6,1,18,4,1388,1,17,FORD FIESTA,3,E01019036,0,-1
2023501300034,2023,501300034,2,9,0,18,19,1,3,0,0,0,0,0,0,0,1,1,6,6,1,25,5,1499,2,8,FORD FIESTA,4,E01018948,0,-1
2023461309939,2023,461309939,2,9,0,18,19,7,3,0,0,0,0,0,0,0,2,1,6,6,2,32,6,998,1,8,FORD FIESTA,2,E01024192,0,-1
2023201415204,2023,201415204,2,9,0,3,3,4,8,0,0,1,0,0,0,0,4,1,6,6,1,33,6,999,1,1,FORD FIESTA,7,E01009446,0,-1
2023131357838,2023,131357838,1,9,0,10,10,5,1,0,0,6,0,0,0,0,3,1,5,6,1,22,5,1242,1,15,FORD FIESTA,5,E01011409,0,-1
2023061358715,2023,061358715,2,9,0,18,19,3,7,0,0,8,0,0,0,0,1,1,5,6,1,37,7,1560,2,12,FORD FIESTA,4,E01006012,0,-1
2023371273081,2023,371273081,1,9,0,-1,-1,-1,-1,-1,-1,0,-1,-1,-1,0,-1,1,5,6,2,71,10,1084,1,5,FORD FIESTA,9,E01030164,0,-1
2023101303513,2023,101303513,1,9,0,18,19,1,4,0,0,2,0,0,0,0,0,1,5,6,2,32,6,1242,1,13,FORD FIESTA,1,E01008304,0,-1
2023471381329,2023,471381329,2,9,0,18,19,3,7,0,0,0,0,0,0,0,1,1,5,6,2,24,5,998,1,5,FORD FIESTA,-1,-1,0,-1
2023540254923,2023,540254923,2,9,0,18,19,3,7,0,0,1,0,0,0,0,1,1,6,6,2,20,4,998,1,4,FORD FIESTA,9,E01031920,0,-1
2023332300710,2023,332300710,1,9,0,16,19,1,4,0,0,0,0,0,0,0,3,1,6,6,1,21,5,1496,1,4,FORD FIESTA,10,E01025650,0,-1
2023421341073,2023,421341073,2,9,0,3,3,2,6,0,0,1,0,0,0,0,3,1,6,6,1,28,6,1388,1,16,FORD FIESTA,9,E01015984,0,-1
2023991372294,2023,991372294,2,9,0,4,4,5,1,0,0,0,0,0,1,0,2,1,6,6,2,49,8,998,1,8,FORD FIESTA,6,-1,0,-1
2023622300688,2023,622300688,1,9,0,5,5,4,8,0,0,0,0,0,0,0,2,1,2,2,2,18,4,1242,1,9,FORD FIESTA,4,W01001314,0,-1
2023461305304,2023,461305304,1,9,0,9,9,7,3,0,0,0,0,0,0,0,4,1,5,6,1,33,6,1596,1,9,FORD FIESTA,8,E01024784,0,-1
2023361354279,2023,361354279,2,9,0,4,4,7,3,0,0,1,0,0,0,0,2,1,5,6,2,72,10,998,1,7,FORD FIESTA,10,E01026926,0,-1
2023991346162,2023,991346162,2,9,0,18,19,6,2,0,0,0,0,0,0,0,2,1,2,2,1,24,5,1499,2,6,FORD FIESTA,10,-1,0,-1
2023061348637,2023,061348637,2,9,0,18,19,4,8,0,0,8,0,0,0,0,1,1,5,6,2,27,6,998,1,8,FORD FIESTA,4,E01029808,0,-1
2023010468636,2023,010468636,1,9,0,99,99,9,9,99,99,9,9,99,9,99,9,9,2,2,1,27,6,1242,1,22,FORD FIESTA,7,E01002172,0,-1
2023061389492,2023,061389492,1,9,0,7,7,7,1,0,0,3,0,0,0,0,1,1,5,6,1,72,10,1388,1,15,FORD FIESTA,-1,-1,0,-1
2023170L10363,2023,170L10363,1,9,0,16,19,8,2,0,0,0,0,0,0,0,1,1,6,6,2,46,8,999,1,0,FORD FIESTA,2,E01012165,0,-1
2023031361242,2023,031361242,1,9,0,18,19,6,2,0,0,2,0,0,0,0,3,1,5,6,1,25,5,1242,1,8,FORD FIESTA,7,E01019214,0,-1
2023351321937,2023,351321937,1,9,0,17,19,1,5,0,0,0,0,0,0,0,4,1,5,6,2,18,4,998,1,9,FORD FIESTA,8,E01021516,0,-1
2023991344073,2023,991344073,2,9,0,18,19,3,8,9,9,0,1,0,1,11,1,1,5,6,1,19,4,1242,1,16,FORD FIESTA,8,-1,0,-1
2023041364465,2023,041364465,1,9,0,18,19,8,6,0,0,1,1,0,7,10,1,1,5,6,1,18,4,1242,1,15,FORD FIESTA,1,E01025283,0,-1
2023351379894,2023,351379894,2,9,0,18,19,5,1,0,0,0,0,0,7,9,1,1,5,6,2,36,7,1388,1,13,FORD FIESTA,4,E01018100,0,-1
2023440052982,2023,440052982,1,9,0,9,9,1,7,0,0,6,0,0,0,0,1,1,2,2,1,30,6,1399,2,14,FORD FIESTA,2,E01017117,0,-1
2023010474294,2023,010474294,2,9,0,4,4,5,1,0,0,1,0,0,0,0,2,1,6,6,2,27,6,998,1,4,FORD FIESTA,4,E01003343,0,-1
2023461377621,2023,461377621,1,9,0,18,19,6,2,0,0,0,0,0,0,0,1,1,2,2,2,28,6,1084,1,4,FORD FIESTA,-1,-1,0,-1
2023371266485,2023,371266485,1,9,0,18,19,7,3,0,0,0,1,11,0,0,1,1,6,6,1,18,4,1242,1,12,FORD FIESTA,7,E01029947,0,-1
2023546083123,2023,546083123,2,9,0,18,19,4,8,0,0,1,0,0,0,0,1,1,6,6,2,34,6,1242,1,12,FORD FIESTA,10,E01032017,0,-1
2023010432584,2023,010432584,1,9,0,18,19,5,1,0,0,1,0,0,0,0,1,1,6,6,1,19,4,1388,1,12,FORD FIESTA,3,E01001516,0,-1
2023101310246,2023,101310246,2,9,0,14,14,1,5,2,2,1,0,0,0,0,1,1,5,6,1,34,6,1596,1,14,FORD FIESTA,1,E01008332,0,-1
2023361365465,2023,361365465,1,9,0,18,19,1,5,0,0,0,0,4,0,0,1,1,5,6,1,23,5,1499,2,6,FORD FIESTA,-1,-1,0,-1