collision_index,collision_year,collision_ref_no,vehicle_reference,vehicle_type,towing_and_articulation,vehicle_manoeuvre_historic,vehicle_manoeuvre,vehicle_direction_from,vehicle_direction_to,vehicle_location_restricted_lane_historic,vehicle_location_restricted_lane,junction_location,skidding_and_overturning,hit_object_in_carriageway,vehicle_leaving_carriageway,hit_object_off_carriageway,first_point_of_impact,vehicle_left_hand_drive,journey_purpose_of_driver_historic,journey_purpose_of_driver,sex_of_driver,age_of_driver,age_band_of_driver,engine_capacity_cc,propulsion_code,age_of_vehicle,generic_make_model,driver_imd_decile,lsoa_of_driver,escooter_flag,driver_distance_banding
2023141321737,2023,141321737,1,9,0,9,9,7,3,9,9,5,5,0,7,0,1,2,5,6,2,73,10,998,1,8,FORD FIESTA,1,E01007574,0,-1
2023141283715,2023,141283715,2,9,0,18,19,3,7,0,0,2,0,0,0,0,1,1,5,6,2,18,4,998,1,6,FORD FIESTA,6,E01007424,0,-1
2023501339874,2023,501339874,4,9,0,2,2,0,0,0,0,0,0,0,0,0,4,1,6,6,1,19,4,1388,1,15,FORD FIESTA,4,E01018909,0,-1
2023411339385,2023,411339385,2,9,0,16,19,4,8,0,0,0,0,0,0,0,1,1,5,6,2,42,7,1388,1,14,FORD FIESTA,8,E01023627,0,-1
2023411343187,2023,411343187,1,9,0,12,12,7,3,0,0,0,0,0,0,0,3,1,6,6,2,61,9,998,1,8,FORD FIESTA,10,E01023567,0,-1
2023061335729,2023,061335729,1,9,0,12,12,8,8,0,0,1,0,0,0,0,1,1,5,6,2,24,5,1084,1,5,FORD FIESTA,4,E01005705,0,-1
2023052302207,2023,052302207,2,9,0,2,2,0,0,0,0,1,0,0,0,0,2,1,6,6,3,-1,-1,1242,1,7,FORD FIESTA,-1,-1,0,-1
2023010467384,2023,010467384,2,9,0,99,99,9,9,99,99,9,9,99,9,99,2,9,6,6,3,-1,-1,1596,1,8,FORD FIESTA,3,E01000335,0,-1
2023461270687,2023,461270687,2,9,0,18,19,3,7,0,0,1,0,0,0,0,1,1,6,6,2,59,9,1388,1,15,FORD FIESTA,7,E01024388,0,-1
2023351387819,2023,351387819,1,9,0,18,19,8,4,0,0,0,1,10,0,0,1,1,6,6,2,24,5,1388,1,16,FORD FIESTA,2,E01018063,0,-1
2023010439850,2023,010439850,2,9,0,18,19,5,1,0,0,1,0,0,0,0,1,1,6,6,1,18,4,1242,1,11,FORD FIESTA,-1,-1,0,-1
2023302300448,2023,302300448,1,9,0,9,9,2,6,0,0,2,0,7,1,11,1,1,1,1,2,44,7,1399,2,13,FORD FIESTA,1,E01027978,0,-1
2023991394077,2023,991394077,1,9,0,16,19,1,7,0,0,0,0,0,7,11,1,1,6,6,1,39,7,1399,2,13,FORD FIESTA,2,-1,0,-1
2023211362515,2023,211362515,2,9,0,2,2,0,0,0,0,0,0,0,0,0,1,1,6,6,3,-1,-1,1560,2,17,FORD FIESTA,-1,-1,0,-1
2023221365986,2023,221365986,1,9,0,13,13,6,2,0,0,8,0,0,0,0,1,1,2,2,1,33,6,1388,1,16,FORD FIESTA,6,E01028885,0,-1
2023010461300,2023,010461300,1,9,0,18,19,3,7,0,0,8,0,0,0,0,4,1,2,2,1,28,6,998,1,10,FORD FIESTA,5,E01021432,0,-1
2023231300640,2023,231300640,1,9,0,18,19,7,3,0,0,0,0,0,0,0,1,1,6,6,1,19,4,1388,1,14,FORD FIESTA,10,E01031135,0,-1
2023461352119,2023,461352119,3,9,0,18,19,1,5,0,0,0,0,0,0,0,4,1,6,6,2,59,9,998,1,10,FORD FIESTA,4,E01024843,0,-1
2023010429963,2023,010429963,1,9,9,18,19,5,1,99,99,9,9,99,9,99,9,9,6,6,2,34,6,998,1,4,FORD FIESTA,3,E01033735,0,-1
2023101308424,2023,101308424,1,9,0,9,9,1,7,0,0,6,0,0,0,0,1,1,5,6,2,59,9,1242,1,8,FORD FIESTA,4,E01027550,0,-1
2023101333801,2023,101333801,1,9,0,18,19,5,1,0,0,0,1,0,1,4,1,1,6,6,1,88,11,1596,1,11,FORD FIESTA,-1,-1,0,-1
2023421260744,2023,421260744,1,9,0,16,19,1,5,0,0,0,0,0,0,0,1,1,6,6,1,30,6,1388,1,17,FORD FIESTA,-1,-1,0,-1
2023010432809,2023,010432809,4,9,0,2,2,0,0,0,0,8,0,0,0,0,2,1,6,6,3,-1,-1,998,1,4,FORD FIESTA,-1,-1,0,-1
2023501283238,2023,501283238,2,9,0,3,3,7,3,0,0,0,0,0,0,0,2,1,2,2,2,26,6,998,1,7,FORD FIESTA,1,E01015087,0,-1
2023430231090,2023,430231090,1,9,4,13,13,8,4,0,0,1,0,0,0,0,1,1,6,6,1,53,8,1560,2,13,FORD FIESTA,9,E01028444,0,-1
2023311375960,2023,311375960,1,9,0,15,15,1,4,0,0,0,0,0,0,0,3,1,5,6,2,66,10,1560,2,14,FORD FIESTA,3,E01013934,0,-1
2023421362824,2023,421362824,2,9,0,10,10,7,5,0,0,0,0,0,0,0,2,1,5,6,2,75,10,1242,1,16,FORD FIESTA,4,E01021295,0,-1
202354B102423,2023,54B102423,2,9,0,3,3,3,7,0,0,0,0,0,0,0,2,1,6,6,1,43,7,1999,1,18,FORD FIESTA,8,E01023197,0,-1
2023010442220,2023,010442220,1,9,0,99,99,9,9,99,99,9,9,99,9,99,2,9,2,2,1,46,8,1999,1,17,FORD FIESTA,3,E01000132,0,-1
2023320483355,2023,320483355,1,9,0,18,19,4,8,0,0,1,0,0,0,0,1,1,6,6,2,56,9,1999,1,16,FORD FIESTA,7,E01026257,0,-1
2023041302497,2023,041302497,1,9,0,18,19,3,7,0,0,0,5,0,0,0,1,1,5,6,1,17,4,998,1,7,FORD FIESTA,8,E01025354,0,-1
2023201373891,2023,201373891,1,9,0,18,19,6,8,0,0,1,0,0,0,0,1,1,5,6,1,23,5,998,1,4,FORD FIESTA,-1,-1,0,-1
2023421324746,2023,421324746,2,9,0,16,19,2,5,0,0,0,0,0,0,0,1,1,5,6,2,44,7,998,1,3,FORD FIESTA,9,E01002286,0,-1
2023351390100,2023,351390100,1,9,0,4,4,3,4,0,0,3,0,0,0,0,1,1,2,2,1,50,8,999,1,3,FORD FIESTA,9,E01018209,0,-1
2023141260461,2023,141260461,1,9,0,4,4,1,5,0,0,0,0,0,0,0,1,1,2,2,1,27,6,1242,1,14,FORD FIESTA,7,E01007992,0,-1
2023201411758,2023,201411758,2,9,0,18,19,6,2,0,0,8,0,0,0,0,4,1,6,6,2,19,4,1242,1,14,FORD FIESTA,1,E01009195,0,-1
2023622300425,2023,622300425,1,9,0,7,7,6,8,0,0,3,0,9,3,1,1,1,6,6,2,26,6,1560,2,13,FORD FIESTA,4,W01000750,0,-1
2023070156252,2023,070156252,2,9,0,18,19,5,1,0,0,1,0,0,0,0,1,1,6,6,2,18,4,998,1,3,FORD FIESTA,-1,-1,0,-1
2023161326319,2023,161326319,2,9,0,10,10,2,1,0,0,8,0,0,0,0,1,1,2,2,2,43,7,1242,1,6,FORD FIESTA,10,E01013215,0,-1
2023501348279,2023,501348279,3,9,0,2,2,0,0,0,0,0,0,0,0,0,3,1,6,6,2,31,6,1242,1,13,FORD FIESTA,9,E01015104,0,-1
2023991308523,2023,991308523,1,9,0,18,19,5,1,0,0,2,0,0,0,0,4,1,6,6,2,20,4,1242,1,10,FORD FIESTA,2,-1,0,-1
2023340WN5432,2023,340WN5432,2,9,0,16,19,7,4,0,0,3,0,0,0,0,4,1,6,6,1,27,6,1999,1,15,FORD FIESTA,4,E01027252,0,-1
202360A194653,2023,60A194653,2,9,0,18,19,8,4,0,0,0,0,0,1,2,1,1,6,6,2,50,8,-1,-1,-1,FORD FIESTA,-1,-1,0,-1
2023122300142,2023,122300142,1,9,0,18,19,6,2,0,0,0,1,0,0,0,1,1,6,6,1,21,5,1242,1,8,FORD FIESTA,6,E01013363,0,-1
2023991324341,2023,991324341,1,9,0,17,19,1,6,0,0,0,2,0,1,4,1,1,5,6,2,60,9,1388,1,13,FORD FIESTA,5,-1,0,-1
2023010447362,2023,010447362,1,9,0,99,99,9,9,0,0,8,0,0,9,0,9,9,6,6,3,-1,-1,1242,1,10,FORD FIESTA,-1,-1,0,-1
2023041325965,2023,041325965,1,9,0,18,19,5,1,0,0,0,1,10,1,2,3,1,5,6,2,19,4,1399,2,13,FORD FIESTA,5,E01012364,0,-1
2023052300188,2023,052300188,2,9,0,18,19,3,7,0,0,3,0,0,0,0,3,1,6,6,1,22,5,1388,1,13,FORD FIESTA,1,E01007175,0,-1
2023421266358,2023,421266358,1,9,0,18,19,3,7,0,0,0,0,0,0,0,1,1,5,6,2,40,7,1399,2,11,FORD FIESTA,5,E01021890,0,-1
2023440021131,2023,440021131,1,9,0,18,19,2,6,0,0,0,0,0,4,6,1,1,6,6,2,34,6,998,1,8,FORD FIESTA,5,E01020469,0,-1
2023361375883,2023,361375883,2,9,0,18,19,3,7,0,0,1,0,0,0,0,3,1,6,6,2,72,10,1499,2,5,FORD FIESTA,5,E01026727,0,-1
2023991327106,2023,991327106,1,9,0,5,5,7,3,0,0,4,0,0,0,0,1,1,5,6,2,17,4,1399,2,13,FORD FIESTA,10,-1,0,-1
2023131365268,2023,131365268,2,9,0,18,19,7,3,0,0,0,0,0,0,0,1,1,2,2,1,26,6,1242,1,16,FORD FIESTA,10,E01010954,0,-1
2023201371879,2023,201371879,2,9,0,3,3,5,1,0,0,0,0,0,0,0,2,1,6,6,2,25,5,999,1,3,FORD FIESTA,5,E01009895,0,-1
2023141312114,2023,141312114,2,9,0,5,5,5,1,0,0,8,0,0,0,0,3,1,5,6,2,17,4,998,1,4,FORD FIESTA,5,E01007484,0,-1
2023631347277,2023,631347277,1,9,0,9,9,2,7,0,0,8,0,0,0,0,1,1,6,6,2,20,4,1242,1,10,FORD FIESTA,2,W01000600,0,-1
2023421294254,2023,421294254,1,9,0,9,9,1,5,0,0,1,0,0,0,0,1,1,6,6,3,-1,-1,1242,1,14,FORD FIESTA,-1,-1,0,-1
2023471385342,2023,471385342,1,9,0,18,19,7,3,0,0,0,0,0,0,0,1,1,6,6,2,23,5,1388,1,17,FORD FIESTA,6,E01021054,0,-1
2023522400757,2023,522400757,1,9,0,4,4,5,1,0,0,0,0,0,0,0,2,1,6,6,2,31,6,1242,1,9,FORD FIESTA,1,E01014594,0,-1
2023010456980,2023,010456980,2,9,0,99,99,9,9,99,99,0,9,99,9,99,2,9,6,6,3,-1,-1,1242,1,13,FORD FIESTA,3,E01004028,0,-1
2023161355725,2023,161355725,1,9,0,9,9,6,4,0,0,8,0,0,0,0,1,1,5,6,1,85,11,1242,1,10,FORD FIESTA,6,E01012912,0,-1
2023991387858,2023,991387858,1,9,0,18,19,5,1,0,0,0,2,0,7,9,1,1,2,2,2,27,6,1388,1,13,FORD FIESTA,8,-1,0,-1
2023201363654,2023,201363654,2,9,0,18,19,6,2,0,0,8,0,0,0,0,3,1,6,6,1,30,6,1560,2,13,FORD FIESTA,1,E01009137,0,-1
2023201427818,2023,201427818,1,9,0,9,9,4,2,0,0,5,0,0,0,0,1,1,6,6,1,78,11,998,1,8,FORD FIESTA,1,E01009303,0,-1
2023311290042,2023,311290042,1,9,0,18,19,1,5,0,0,5,1,0,0,0,4,1,5,6,1,83,11,1388,1,18,FORD FIESTA,10,E01025944,0,-1
2023340NN1902,2023,340NN1902,1,9,0,18,19,3,7,0,0,0,0,0,0,0,1,1,6,6,1,23,5,-1,-1,-1,FORD FIESTA,9,E01027053,0,-1
2023010441946,2023,010441946,1,9,0,4,4,3,7,0,0,4,2,0,0,0,1,1,6,6,1,84,11,1242,1,14,FORD FIESTA,5,E01003760,0,-1
202354A905423,2023,54A905423,1,9,0,18,19,6,2,0,0,0,0,0,0,0,1,1,6,6,1,-1,-1,999,1,2,FORD FIESTA,-1,-1,0,-1
2023201405581,2023,201405581,2,9,0,18,19,1,6,0,0,8,0,10,7,11,1,1,6,6,3,38,7,1242,1,9,FORD FIESTA,1,E01032888,0,-1
2023501438207,2023,501438207,2,9,0,4,4,7,3,0,0,0,0,0,1,0,1,1,5,6,2,21,5,1242,1,11,FORD FIESTA,3,E01018838,0,-1
2023161311176,2023,161311176,1,9,0,5,5,7,3,0,0,0,0,0,0,0,3,1,5,6,1,53,8,1399,2,13,FORD FIESTA,1,E01013208,0,-1
2023411353878,2023,411353878,2,9,0,18,19,1,5,0,0,1,0,0,0,0,1,1,5,6,2,18,4,1242,1,15,FORD FIESTA,10,E01023425,0,-1
2023421286910,2023,421286910,1,9,0,18,19,3,7,0,0,0,0,0,0,0,1,1,6,6,2,23,5,1388,1,15,FORD FIESTA,4,E01021392,0,-1
2023010454828,2023,010454828,1,9,0,99,99,9,9,99,99,9,9,99,9,99,2,9,2,2,1,40,7,998,1,8,FORD FIESTA,7,E01021887,0,-1
2023411306002,2023,411306002,2,9,0,18,19,1,1,0,0,0,1,10,0,0,3,1,1,1,1,29,6,1999,1,15,FORD FIESTA,7,E01023472,0,-1
2023070373270,2023,070373270,1,9,0,9,9,4,2,0,0,6,1,0,0,0,3,1,6,6,1,72,10,999,1,2,FORD FIESTA,9,E01012569,0,-1
2023201422207,2023,201422207,3,9,0,2,2,0,0,0,0,1,0,0,0,0,1,1,6,6,2,-1,-1,999,1,2,FORD FIESTA,1,E01008896,0,-1
2023111380406,2023,111380406,1,9,0,18,19,1,5,0,0,3,0,0,0,0,1,1,6,6,2,22,5,1560,2,13,FORD FIESTA,3,E01020835,0,-1
2023131317903,2023,131317903,1,9,0,16,19,7,3,0,0,0,1,0,0,0,3,1,6,6,1,73,10,998,1,6,FORD FIESTA,1,E01010967,0,-1
2023332301261,2023,332301261,1,9,0,18,19,7,3,0,0,6,0,0,0,0,1,1,6,6,1,22,5,1242,1,7,FORD FIESTA,1,E01013661,0,-1
2023471376192,2023,471376192,2,9,0,18,19,3,7,0,0,2,0,0,0,0,2,1,5,6,1,50,8,1242,1,8,FORD FIESTA,4,E01031836,0,-1
2023332300364,2023,332300364,2,9,0,2,2,0,0,0,0,0,0,0,1,11,2,1,6,6,3,-1,-1,1388,1,13,FORD FIESTA,-1,-1,0,-1
2023552300048,2023,552300048,2,9,0,4,4,3,7,0,0,0,0,0,0,0,2,1,6,6,1,44,7,1242,1,12,FORD FIESTA,9,E01015360,0,-1
2023052300956,2023,052300956,2,9,0,18,19,3,7,0,0,8,0,0,0,0,1,1,6,6,2,73,10,1596,1,13,FORD FIESTA,6,E01007163,0,-1
2023311398350,2023,311398350,2,9,0,18,19,1,5,0,0,0,0,0,1,0,1,1,1,1,1,22,5,1242,1,16,FORD FIESTA,2,E01009050,0,-1
2023131278838,2023,131278838,1,9,0,18,19,1,5,0,0,0,0,0,0,0,1,1,2,2,2,19,4,1560,2,13,FORD FIESTA,5,E01011819,0,-1
2023041291450,2023,041291450,1,9,0,18,19,8,8,0,0,0,0,0,0,0,1,1,2,2,2,68,10,1084,1,5,FORD FIESTA,9,E01024972,0,-1
2023411344318,2023,411344318,2,9,0,9,9,7,5,0,0,6,0,0,0,0,1,1,5,6,2,35,6,1242,1,10,FORD FIESTA,2,E01023750,0,-1
2023421281869,2023,421281869,1,9,0,1,1,7,3,0,0,0,0,0,0,0,2,1,6,6,1,20,4,998,1,9,FORD FIESTA,3,E01015843,0,-1
2023411308761,2023,411308761,2,9,0,9,9,6,2,0,0,5,0,0,0,0,3,1,6,6,2,69,10,998,1,4,FORD FIESTA,4,E01023955,0,-1
2023131289350,2023,131289350,1,9,0,9,9,7,3,0,0,8,0,0,0,0,3,1,5,6,1,18,4,1242,1,12,FORD FIESTA,9,E01011847,0,-1
2023547968023,2023,547968023,2,9,0,4,4,3,7,0,0,0,0,0,0,0,2,1,6,6,1,45,7,998,1,4,FORD FIESTA,8,E01032690,0,-1
2023320204523,2023,320204523,1,9,0,18,19,4,8,0,0,0,0,4,1,11,1,1,6,6,1,17,4,1242,1,15,FORD FIESTA,-1,-1,0,-1
2023421351554,2023,421351554,2,9,0,10,10,1,5,0,0,0,0,0,0,0,2,1,2,2,2,26,6,-1,-1,-1,FORD FIESTA,6,E01000365,0,-1
2023201353862,2023,201353862,2,9,0,9,9,6,4,0,0,3,0,0,0,0,2,1,6,6,2,42,7,1388,1,11,FORD FIESTA,1,E01009339,0,-1
2023010462082,2023,010462082,2,9,0,99,99,9,9,99,99,9,9,99,9,99,9,9,6,6,2,59,9,1499,2,6,FORD FIESTA,3,E01004528,0,-1
2023031311019,2023,031311019,2,9,0,4,4,7,8,0,0,0,0,0,0,0,2,1,6,6,2,35,6,1499,2,8,FORD FIESTA,2,E01019108,0,-1
202363D021623,2023,63D021623,1,9,0,17,19,4,1,0,0,0,0,0,2,2,1,1,6,6,1,18,4,998,1,10,FORD FIESTA,4,W01001152,0,-1
2023543523123,2023,543523123,3,9,0,18,19,2,6,0,0,0,0,0,0,0,2,1,6,6,1,39,7,1242,1,12,FORD FIESTA,8,E01023215,0,-1
2023440378225,2023,440378225,1,9,0,18,19,8,4,0,0,0,0,0,0,0,1,1,2,2,1,19,4,1242,1,13,FORD FIESTA,8,E01023165,0,-1
2023052300164,2023,052300164,2,9,0,3,3,2,6,0,0,1,0,0,0,0,2,1,6,6,2,19,4,1242,1,12,FORD FIESTA,9,E01006209,0,-1
2023421360859,2023,421360859,2,9,0,2,2,0,0,0,0,2,0,0,0,0,1,1,6,6,3,-1,-1,1242,1,11,FORD FIESTA,-1,-1,0,-1
2023461319456,2023,461319456,1,9,0,4,4,3,7,0,0,0,0,0,0,0,1,1,6,6,1,24,5,1242,1,12,FORD FIESTA,1,E01024257,0,-1
2023041330814,2023,041330814,1,9,0,2,2,5,1,0,0,0,1,0,5,6,2,1,5,6,1,24,5,1242,1,17,FORD FIESTA,10,E01013466,0,-1
2023361261692,2023,361261692,1,9,0,9,9,3,7,0,0,2,0,0,0,0,4,1,2,2,1,46,8,1399,2,18,FORD FIESTA,9,E01026548,0,-1
2023991376180,2023,991376180,1,9,0,18,19,5,1,0,0,0,2,0,1,11,4,1,5,6,1,18,4,1596,1,15,FORD FIESTA,7,-1,0,-1
2023061274735,2023,061274735,1,9,0,17,19,3,8,0,0,1,0,0,0,0,4,1,6,6,1,66,10,1596,1,10,FORD FIESTA,1,E01004987,0,-1
2023221302636,2023,221302636,1,9,0,18,19,6,2,0,0,0,0,0,0,0,1,1,6,6,3,33,6,1242,1,16,FORD FIESTA,-1,-1,0,-1
2023170S11643,2023,170S11643,2,9,0,4,4,8,4,0,0,0,0,0,0,0,2,1,6,6,2,22,5,1242,1,10,FORD FIESTA,4,E01012264,0,-1
2023101283046,2023,101283046,1,9,0,5,5,1,5,0,0,0,0,0,0,0,1,1,6,6,2,76,11,999,1,3,FORD FIESTA,9,E01008443,0,-1
2023411267984,2023,411267984,1,9,0,18,19,8,4,0,0,0,0,0,0,0,1,1,5,6,2,42,7,1084,1,5,FORD FIESTA,7,E01023540,0,-1
2023552300342,2023,552300342,1,9,0,18,19,4,8,0,0,0,0,0,0,0,1,1,6,6,1,24,5,1242,1,8,FORD FIESTA,5,E01015444,0,-1
2023991359778,2023,991359778,3,9,0,18,19,2,6,0,0,0,0,0,0,0,2,1,1,1,2,61,9,1242,1,7,FORD FIESTA,3,-1,0,-1
202363A009223,2023,63A009223,1,9,0,17,19,1,6,0,0,0,0,0,1,10,1,1,1,1,2,26,6,1499,2,8,FORD FIESTA,5,W01000717,0,-1
2023201284399,2023,201284399,1,9,0,18,19,4,8,0,0,0,0,0,0,0,1,1,2,2,2,44,7,998,1,8,FORD FIESTA,7,E01032130,0,-1
2023010436131,2023,010436131,2,9,0,99,99,9,9,99,99,9,9,99,9,99,1,9,6,6,3,-1,-1,1299,1,24,FORD FIESTA,-1,-1,0,-1
2023411348249,2023,411348249,1,9,0,3,3,1,5,0,0,0,0,0,0,0,1,1,6,6,1,20,4,999,8,0,FORD FIESTA,7,E01000536,0,-1
2023201298947,2023,201298947,2,9,0,9,9,2,8,0,0,6,0,0,0,0,1,1,6,6,1,79,11,1388,1,12,FORD FIESTA,7,E01009208,0,-1
2023421318869,2023,421318869,1,9,0,18,19,7,3,0,0,0,0,0,0,0,1,1,6,6,1,21,5,998,1,5,FORD FIESTA,5,E01015928,0,-1
2023540800823,2023,540800823,1,9,0,18,19,1,5,0,0,1,0,0,4,6,1,1,6,6,1,29,6,-1,-1,-1,FORD FIESTA,4,E01032101,0,-1
2023361297419,2023,361297419,1,9,0,9,9,5,2,0,0,0,5,0,0,0,3,1,5,6,2,19,4,1242,1,11,FORD FIESTA,4,E01026776,0,-1
2023041331478,2023,041331478,1,9,0,5,5,7,3,0,0,1,0,0,0,0,1,1,5,6,2,19,4,998,1,10,FORD FIESTA,6,E01007028,0,-1
2023101352354,2023,101352354,2,9,0,10,10,7,5,0,0,8,0,0,0,0,2,1,5,6,1,38,7,1399,2,11,FORD FIESTA,1,E01008641,0,-1
2023302301146,2023,302301146,2,4,0,18,19,1,5,0,0,8,0,0,0,0,1,1,6,6,1,29,6,294,1,20,-1,5,E01013530,0,-1
2023111260712,2023,111260712,1,4,0,18,19,1,5,0,0,1,0,0,0,0,1,1,5,6,1,28,6,249,1,3,-1,1,E01020745,0,-1
2023552300437,2023,552300437,1,4,0,7,7,7,1,0,0,6,0,0,0,0,4,1,6,6,1,50,8,294,1,11,-1,7,E01020361,0,-1
2023010425352,2023,010425352,2,4,0,18,19,3,7,0,0,8,0,0,0,0,1,1,1,1,1,29,6,125,1,9,-1,2,E01003582,0,-1
2023010474328,2023,010474328,2,2,0,3,3,5,1,0,0,1,0,0,0,0,2,1,2,2,1,34,6,125,1,9,-1,4,E01021817,0,-1
2023010443169,2023,010443169,3,2,0,5,5,5,1,0,0,8,5,0,1,0,1,1,6,6,1,61,9,125,1,10,-1,1,E01002038,0,-1
2023320674102,2023,320674102,2,4,0,18,19,8,4,0,0,8,5,0,0,0,1,1,1,1,1,24,5,125,1,16,-1,1,E01026176,0,-1
2023010444890,2023,010444890,1,3,0,18,19,3,7,0,0,0,0,0,0,0,1,1,6,6,1,57,9,125,1,17,HONDA FES125,4,E01003441,0,-1
2023010431571,2023,010431571,2,3,0,3,3,5,1,0,0,0,0,0,0,0,0,1,6,6,1,41,7,125,1,12,HONDA FES125,2,E01002097,0,-1
2023010442218,2023,010442218,2,3,0,18,19,5,1,0,0,1,0,0,0,0,1,1,6,6,1,40,7,125,1,9,HONDA FES125,5,E01004450,0,-1
2023010452845,2023,010452845,1,2,0,18,19,1,5,0,0,1,0,0,0,0,1,1,6,6,1,19,4,125,1,15,-1,4,E01000405,0,-1
2023451264116,2023,451264116,1,3,0,18,19,3,7,0,0,0,1,0,1,0,0,1,2,2,1,43,7,125,1,11,HONDA FES125,3,E01033583,0,-1
2023010472668,2023,010472668,1,3,0,17,19,1,5,8,6,6,0,0,0,0,0,1,6,6,1,59,9,125,1,11,HONDA FES125,4,E01004215,0,-1
2023010447542,2023,010447542,1,3,0,99,99,9,9,99,99,9,9,99,9,99,9,1,6,6,3,43,7,125,1,15,HONDA FES125,4,E01000558,0,-1
2023411359615,2023,411359615,2,3,0,18,19,7,7,0,0,1,0,0,0,0,1,1,6,6,1,-1,-1,125,1,18,HONDA FES125,6,E01001539,0,-1
2023411276935,2023,411276935,2,3,-1,-1,-1,-1,-1,-1,-1,0,-1,-1,-1,0,-1,1,6,6,1,27,6,125,1,12,HONDA FES125,4,E01023555,0,-1
2023552301168,2023,552301168,1,3,0,14,14,2,6,0,0,8,0,0,0,0,1,1,2,2,2,25,5,125,1,13,HONDA FES125,7,E01015297,0,-1
2023631353327,2023,631353327,1,3,0,18,19,5,1,0,0,0,0,0,0,0,3,1,5,6,1,24,5,125,1,12,HONDA FES125,7,W01000488,0,-1
2023430225501,2023,430225501,1,3,0,16,19,6,8,0,0,2,0,0,0,0,1,1,6,6,1,39,7,125,1,10,HONDA FES125,2,E01001202,0,-1
2023010423800,2023,010423800,1,3,0,99,99,9,9,99,99,9,9,99,9,99,9,1,6,6,1,25,5,125,1,13,HONDA FES125,6,E01001284,0,-1
2023010470829,2023,010470829,1,3,0,18,19,8,4,0,0,2,0,4,0,0,4,1,6,6,1,19,4,125,1,15,HONDA FES125,2,E01002708,0,-1
2023010450860,2023,010450860,1,3,0,18,19,5,1,0,0,8,1,0,0,0,0,1,6,6,1,37,7,125,1,11,HONDA FES125,2,E01002829,0,-1
2023991371379,2023,991371379,1,3,0,18,19,4,8,0,0,8,0,0,0,0,1,1,2,2,1,47,8,125,1,10,HONDA FES125,3,-1,0,-1
2023461394719,2023,461394719,1,3,0,18,19,8,4,0,0,0,0,0,0,0,1,1,6,6,1,27,6,125,1,17,HONDA FES125,3,E01016038,0,-1
2023010450170,2023,010450170,1,3,0,99,99,9,9,99,99,9,9,99,9,99,9,1,6,6,1,35,6,125,1,13,HONDA FES125,2,E01001734,0,-1
2023010423752,2023,010423752,1,3,0,18,19,5,1,0,0,0,5,0,0,0,1,1,6,6,1,22,5,125,1,13,HONDA FES125,7,E01000442,0,-1
2023501342705,2023,501342705,2,3,0,18,19,1,5,0,0,1,0,0,0,0,1,1,6,6,2,45,7,125,1,8,HONDA FES125,6,E01019903,0,-1
2023010435043,2023,010435043,2,4,0,18,19,6,2,0,0,1,0,0,0,0,1,1,1,1,1,39,7,330,1,1,HONDA SH350,4,E01023828,0,-1
2023010431367,2023,010431367,1,4,0,99,99,9,9,99,99,9,9,99,9,99,1,1,1,1,1,33,6,330,1,2,HONDA SH350,2,E01002033,0,-1
2023471311411,2023,471311411,2,4,0,18,19,1,5,0,0,1,5,0,0,0,4,1,1,1,1,38,7,330,1,2,HONDA SH350,2,E01001441,0,-1
2023010455886,2023,010455886,1,4,0,99,99,9,9,99,99,9,9,99,9,99,1,1,1,1,1,38,7,330,1,2,HONDA SH350,2,E01001441,0,-1
2023010427835,2023,010427835,2,4,0,18,19,5,1,0,0,1,0,0,0,0,1,1,6,6,1,23,5,330,1,2,HONDA SH350,3,E01001076,0,-1
2023010442594,2023,010442594,1,4,0,99,99,9,9,99,99,9,9,99,9,99,1,1,1,1,1,32,6,330,1,0,HONDA SH350,3,E01001409,0,-1
2023010469692,2023,010469692,2,4,0,18,19,3,7,0,0,2,0,0,0,0,1,1,6,6,3,-1,-1,330,1,2,HONDA SH350,-1,-1,0,-1
2023010435586,2023,010435586,1,4,0,99,99,9,9,99,99,9,9,99,9,99,1,1,1,1,1,34,6,330,1,1,HONDA SH350,6,E01003152,0,-1
2023010478123,2023,010478123,1,3,0,99,99,9,9,99,99,9,9,99,9,99,9,1,2,2,3,46,8,330,1,2,-1,3,E01002048,0,-1
2023010437884,2023,010437884,1,4,0,99,99,9,9,99,99,9,9,99,9,99,1,1,6,6,1,34,6,330,1,2,HONDA SH350,2,E01001442,0,-1
2023522301648,2023,522301648,2,4,0,18,19,9,9,0,0,0,0,0,0,0,1,1,6,6,3,-1,-1,330,1,0,HONDA SH350,-1,-1,0,-1
2023010473102,2023,010473102,1,4,0,99,99,9,9,99,99,9,9,99,9,99,9,1,6,6,1,68,10,330,1,0,HONDA SH350,9,E01003857,0,-1