collision_index,collision_year,collision_ref_no,vehicle_reference,vehicle_type,towing_and_articulation,vehicle_manoeuvre_historic,vehicle_manoeuvre,vehicle_direction_from,vehicle_direction_to,vehicle_location_restricted_lane_historic,vehicle_location_restricted_lane,junction_location,skidding_and_overturning,hit_object_in_carriageway,vehicle_leaving_carriageway,hit_object_off_carriageway,first_point_of_impact,vehicle_left_hand_drive,journey_purpose_of_driver_historic,journey_purpose_of_driver,sex_of_driver,age_of_driver,age_band_of_driver,engine_capacity_cc,propulsion_code,age_of_vehicle,generic_make_model,driver_imd_decile,lsoa_of_driver,escooter_flag,driver_distance_banding
2023522401023,2023,522401023,2,19,0,18,19,5,1,0,0,8,0,0,0,0,1,1,6,6,1,20,4,2298,2,5,NISSAN NV400,1,E01032096,0,-1
2023010432292,2023,010432292,1,19,0,1,1,1,5,0,0,0,0,0,0,0,2,1,1,1,1,23,5,2298,2,2,NISSAN NV400,3,E01003656,0,-1
2023010479887,2023,010479887,2,19,9,99,99,9,9,99,99,9,9,99,9,99,9,9,6,6,3,-1,-1,2298,2,7,NISSAN NV400,-1,-1,0,-1
2023501369555,2023,501369555,2,19,0,18,19,6,2,0,0,0,1,0,0,0,1,1,1,1,1,57,9,2298,2,7,NISSAN NV400,2,E01023339,0,-1
2023031325406,2023,031325406,1,19,0,9,9,8,6,0,0,6,0,0,0,0,3,1,1,1,1,34,6,2298,2,11,NISSAN NV400,2,E01033160,0,-1
2023991312618,2023,991312618,1,19,0,17,19,5,1,0,0,0,0,6,0,0,1,1,1,1,1,39,7,2298,2,4,NISSAN NV400,7,E01027452,0,-1
2023440462640,2023,440462640,1,9,0,18,19,5,1,0,0,8,0,0,0,0,3,1,6,6,1,32,6,-1,3,0,-1,3,E01023157,0,-1
2023520301665,2023,520301665,2,2,0,18,19,6,2,0,0,8,0,0,0,0,1,1,6,6,1,17,4,49,1,10,PEUGEOT KISBEE,7,E01029158,0,-1
2023421360679,2023,421360679,1,2,0,12,12,8,3,0,0,3,0,0,0,0,3,1,5,6,1,18,4,49,1,10,PEUGEOT KISBEE,2,E01021279,0,-1
2023010476203,2023,010476203,1,3,0,99,99,9,9,99,99,9,9,99,9,99,1,1,2,2,1,33,6,-1,-1,-1,-1,5,E01000211,0,-1
2023131324942,2023,131324942,2,2,0,18,19,5,1,0,0,8,5,0,0,0,1,1,5,6,1,63,9,102,1,5,PEUGEOT KISBEE,6,E01010882,0,-1
2023170S10313,2023,170S10313,1,3,0,18,19,5,1,0,0,8,0,0,0,0,1,1,6,6,2,17,4,-1,-1,-1,-1,1,E01012286,0,-1
2023451360407,2023,451360407,1,2,0,18,19,1,2,0,0,0,0,0,0,0,4,1,5,6,2,16,4,49,1,9,PEUGEOT KISBEE,8,E01030884,0,-1
2023211331190,2023,211331190,2,2,-1,-1,-1,-1,-1,-1,-1,0,-1,-1,-1,0,1,1,1,1,1,23,5,49,1,0,PEUGEOT KISBEE,1,E01014251,0,-1
2023311318969,2023,311318969,4,3,0,18,19,7,3,0,0,0,0,0,0,0,1,1,6,6,2,54,8,102,1,9,-1,6,E01028322,0,-1
2023501379626,2023,501379626,2,3,0,9,9,8,1,0,0,3,0,0,0,0,2,1,2,2,1,29,6,102,1,9,-1,5,E01019066,0,-1
2023010475943,2023,010475943,1,2,0,18,19,5,1,0,0,8,0,0,0,0,1,1,6,6,2,23,5,49,1,0,PEUGEOT KISBEE,2,E01001151,0,-1
2023031343383,2023,031343383,1,2,0,17,19,4,8,6,6,0,0,0,0,0,1,1,5,6,2,49,8,49,1,4,PEUGEOT KISBEE,-1,-1,0,-1
2023471261756,2023,471261756,2,2,0,7,7,3,5,0,0,6,0,0,0,0,1,1,5,6,1,16,4,49,1,6,PEUGEOT KISBEE,3,E01031791,0,-1
2023010471812,2023,010471812,1,3,0,18,19,7,3,0,0,0,0,0,0,0,1,1,6,6,3,-1,-1,102,1,8,-1,-1,-1,0,-1
2023461273195,2023,461273195,2,2,0,18,19,1,4,0,0,1,0,0,0,0,3,1,5,6,1,20,4,49,1,10,PEUGEOT KISBEE,2,E01016018,0,-1
2023421350474,2023,421350474,2,2,0,13,13,5,8,0,0,0,0,0,0,0,3,1,5,6,1,16,4,49,1,8,PEUGEOT KISBEE,5,E01021422,0,-1
2023010439481,2023,010439481,2,2,0,16,19,7,3,0,0,4,1,0,0,0,0,1,6,6,1,35,6,49,1,6,PEUGEOT KISBEE,4,E01000124,0,-1
2023552301174,2023,552301174,2,2,0,10,10,5,1,0,0,1,0,0,0,0,1,1,4,7,2,17,4,49,1,10,PEUGEOT KISBEE,6,E01020528,0,-1
2023221264603,2023,221264603,1,2,0,16,19,2,5,0,0,0,1,0,0,0,4,1,2,2,1,19,4,49,1,7,PEUGEOT KISBEE,1,E01032471,0,-1
2023302300117,2023,302300117,2,2,0,3,3,2,6,0,0,1,0,0,0,0,1,1,6,6,1,16,4,49,1,2,PEUGEOT KISBEE,1,E01019663,0,-1
2023010469164,2023,010469164,1,2,0,99,99,9,9,99,99,9,9,99,9,99,9,1,2,2,1,44,7,49,1,10,PEUGEOT KISBEE,4,E01003106,0,-1
2023131309298,2023,131309298,1,2,0,18,19,3,7,0,0,0,0,0,0,0,1,1,6,6,1,20,4,49,1,10,PEUGEOT KISBEE,5,E01010783,0,-1
2023010451822,2023,010451822,2,2,0,18,19,1,5,0,0,1,0,0,0,0,1,1,6,6,1,49,8,49,1,2,PEUGEOT KISBEE,4,E01000805,0,-1
2023161360952,2023,161360952,2,3,0,9,9,5,3,0,0,8,0,0,0,0,0,1,5,6,1,53,8,-1,-1,-1,-1,4,E01012816,0,-1
2023440321953,2023,440321953,2,2,0,3,3,6,2,0,0,1,0,0,0,0,1,1,6,6,2,54,8,49,1,2,PEUGEOT KISBEE,10,E01022748,0,-1
2023010425025,2023,010425025,1,4,0,18,19,1,5,2,2,8,5,0,2,1,3,1,2,2,1,39,7,-1,-1,-1,-1,4,E01000408,0,-1
2023010455964,2023,010455964,1,9,0,11,11,5,1,0,0,0,0,0,0,0,2,1,6,6,1,52,8,-1,3,7,-1,8,E01020583,0,-1
2023311287165,2023,311287165,2,9,0,18,19,4,8,0,0,8,0,0,0,0,1,1,2,2,1,60,9,-1,3,8,-1,7,E01032520,0,-1
2023471290671,2023,471290671,2,9,0,17,19,2,6,0,0,1,0,0,0,0,1,1,1,1,1,33,6,1968,2,4,SKODA SUPERB,6,E01031509,0,-1
2023041372800,2023,041372800,2,9,0,9,9,1,7,0,0,6,0,0,0,0,1,1,1,1,1,62,9,1598,2,4,SKODA SUPERB,10,E01006993,0,-1
2023070250651,2023,070250651,2,8,0,5,5,3,7,0,0,5,0,0,0,0,1,1,1,1,1,36,7,1395,1,5,SKODA SUPERB,2,E01018467,0,-1
2023302301480,2023,302301480,2,9,0,18,19,6,2,0,0,1,1,0,0,0,4,1,6,6,1,66,10,1968,2,6,SKODA SUPERB,5,E01019803,0,-1
2023052302384,2023,052302384,4,9,0,3,3,5,1,0,0,0,0,0,0,0,0,1,1,1,3,-1,-1,1984,1,6,SKODA SUPERB,-1,-1,0,-1
2023991333333,2023,991333333,1,9,0,9,9,1,7,0,0,2,0,0,0,0,4,1,5,6,1,43,7,1968,2,1,SKODA SUPERB,-1,-1,0,-1
2023401268373,2023,401268373,2,9,0,3,3,7,3,0,0,1,0,0,0,0,2,1,2,2,1,33,6,1968,2,12,SKODA SUPERB,7,E01023618,0,-1
2023052301757,2023,052301757,2,9,0,15,15,1,5,0,0,2,0,0,0,0,1,1,6,6,1,52,8,1968,2,12,SKODA SUPERB,8,E01006581,0,-1
2023501292641,2023,501292641,2,9,0,18,19,2,6,0,0,0,0,0,0,0,1,1,2,2,1,51,8,1968,2,5,SKODA SUPERB,5,E01015174,0,-1
2023010440171,2023,010440171,1,9,0,17,19,5,1,0,0,0,0,0,0,0,1,1,6,6,1,45,7,1984,1,5,SKODA SUPERB,4,E01003608,0,-1
2023351267690,2023,351267690,1,9,0,18,19,5,1,0,0,0,0,0,0,0,1,1,5,6,1,46,8,1968,2,7,SKODA SUPERB,10,E01018216,0,-1
2023401273085,2023,401273085,1,9,0,4,4,3,3,0,0,0,1,0,0,0,1,1,6,6,3,-1,-1,1968,2,11,SKODA SUPERB,-1,-1,0,-1
2023070139849,2023,070139849,2,9,0,17,19,6,1,9,9,1,1,0,0,0,4,1,6,6,2,55,8,1984,1,4,SKODA SUPERB,-1,-1,0,-1
2023302300172,2023,302300172,2,9,0,18,19,3,7,0,0,0,0,0,0,0,1,1,6,6,1,69,10,1498,1,3,SKODA SUPERB,10,E01004788,0,-1
2023101325586,2023,101325586,2,9,0,3,3,6,4,0,0,0,0,0,0,0,2,1,5,6,1,61,9,1598,2,11,SKODA SUPERB,2,E01008336,0,-1
2023522301266,2023,522301266,2,9,0,18,19,7,3,0,0,0,0,0,0,0,3,1,6,6,1,49,8,1968,2,1,SKODA SUPERB,9,E01014862,0,-1
2023010431418,2023,010431418,1,9,0,3,3,1,5,0,0,8,0,0,0,0,4,1,6,6,1,68,10,1395,1,6,SKODA SUPERB,4,E01002643,0,-1
2023622301016,2023,622301016,2,9,0,2,2,0,0,0,0,2,0,0,0,0,1,1,6,6,3,-1,-1,1968,2,12,SKODA SUPERB,-1,-1,0,-1
2023122300959,2023,122300959,4,9,0,18,19,1,6,0,0,0,0,0,0,0,2,1,6,6,2,43,7,1498,1,3,SKODA SUPERB,10,E01017528,0,-1
2023440491894,2023,440491894,1,9,0,3,3,8,4,0,0,0,0,0,0,0,2,1,6,6,1,26,6,1498,1,5,SKODA SUPERB,6,E01022911,0,-1
2023141360746,2023,141360746,4,9,0,18,19,2,6,0,0,0,0,0,0,0,1,1,1,1,1,-1,-1,1395,8,0,SKODA SUPERB,-1,-1,0,-1
2023471328641,2023,471328641,1,9,0,5,5,1,5,0,0,0,0,0,0,0,0,1,1,1,1,52,8,1598,2,4,SKODA SUPERB,4,E01031834,0,-1
2023440368584,2023,440368584,1,9,0,18,19,2,6,0,0,0,0,0,0,0,1,1,6,6,1,83,11,1984,1,2,SKODA SUPERB,-1,-1,0,-1
2023010449300,2023,010449300,2,9,0,99,99,9,9,99,99,9,9,99,9,99,1,9,6,6,3,-1,-1,1968,2,7,SKODA SUPERB,-1,-1,0,-1
2023010483617,2023,010483617,2,9,0,2,2,0,0,9,9,1,0,0,0,0,1,1,6,6,3,-1,-1,1598,2,6,SKODA SUPERB,-1,-1,0,-1
2023141327592,2023,141327592,1,9,0,1,1,1,5,0,0,0,0,0,0,0,2,1,1,1,1,-1,-1,1984,1,3,SKODA SUPERB,1,E01007902,0,-1
2023221287492,2023,221287492,2,9,0,18,19,3,7,0,0,0,1,0,1,7,3,1,5,6,1,56,9,1395,8,2,SKODA SUPERB,8,W01000439,0,-1
2023041261725,2023,041261725,2,9,0,18,19,7,3,0,0,1,0,0,0,0,1,1,5,6,1,47,8,1968,2,6,SKODA SUPERB,1,E01025224,0,-1
2023131296769,2023,131296769,1,9,0,-1,-1,-1,-1,-1,-1,-1,-1,-1,-1,-1,-1,1,6,6,3,-1,-1,1968,2,6,SKODA SUPERB,-1,-1,0,-1
2023320785174,2023,320785174,2,9,0,4,4,4,8,0,0,0,0,0,0,0,2,1,6,6,1,70,10,1968,2,7,SKODA SUPERB,4,E01026610,0,-1
2023991375479,2023,991375479,1,9,0,18,19,4,7,0,0,3,0,0,0,0,4,1,5,6,2,37,7,1395,8,3,SKODA SUPERB,2,-1,0,-1
2023101391268,2023,101391268,1,8,0,18,19,7,3,0,0,0,0,0,0,0,1,1,5,6,1,51,8,1598,2,9,SKODA SUPERB,4,E01008202,0,-1
2023451288238,2023,451288238,2,9,0,11,11,3,7,0,0,0,0,0,0,0,2,2,2,2,1,43,7,1968,2,7,SKODA SUPERB,6,E01030598,0,-1
2023531284306,2023,531284306,2,9,0,18,19,5,1,0,0,0,0,0,2,9,1,1,5,6,1,38,7,1968,2,5,SKODA SUPERB,10,E01031923,0,-1
2023131278021,2023,131278021,2,9,0,2,2,1,1,0,0,8,0,0,0,0,2,1,1,1,1,39,7,1598,2,7,SKODA SUPERB,2,E01011032,0,-1
2023471322382,2023,471322382,2,9,0,4,4,2,6,0,0,1,0,0,0,0,2,1,2,2,2,41,7,1968,2,12,SKODA SUPERB,5,E01031599,0,-1
2023340WN3312,2023,340WN3312,1,9,0,18,19,1,5,0,0,0,0,0,0,0,1,1,6,6,1,81,11,1968,2,5,SKODA SUPERB,9,E01027307,0,-1
2023010428157,2023,010428157,2,9,0,99,99,9,9,99,99,9,9,99,9,99,2,9,6,6,3,-1,-1,1968,2,3,SKODA SUPERB,-1,-1,0,-1
2023010441854,2023,010441854,1,9,0,99,99,9,9,99,99,9,9,99,9,99,9,9,6,6,1,40,7,1395,8,1,SKODA SUPERB,5,E01003663,0,-1
2023622300499,2023,622300499,1,8,0,18,19,6,2,0,0,0,0,0,0,0,1,1,1,1,1,73,10,1598,2,8,SKODA SUPERB,1,W01000832,0,-1
2023101334652,2023,101334652,2,8,0,18,19,8,4,0,0,8,0,0,0,0,1,1,6,6,1,-1,-1,1498,1,4,SKODA SUPERB,1,E01008348,0,-1
2023052301818,2023,052301818,2,9,0,4,4,5,1,0,0,0,0,0,0,0,2,1,6,6,1,-1,-1,1968,2,4,SKODA SUPERB,2,E01006479,0,-1
2023501363112,2023,501363112,2,9,0,18,19,1,5,0,0,8,0,0,0,0,1,1,6,6,1,38,7,1968,2,7,SKODA SUPERB,6,E01020083,0,-1
2023991323809,2023,991323809,2,8,0,18,19,7,2,0,0,0,0,0,0,0,4,1,5,6,1,76,11,1968,2,2,SKODA SUPERB,3,-1,0,-1
2023211302661,2023,211302661,2,9,0,3,3,6,2,0,0,1,0,0,0,0,1,1,1,1,1,42,7,1968,2,4,SKODA SUPERB,7,E01029732,0,-1
2023161370715,2023,161370715,1,8,0,4,4,7,4,0,0,0,0,0,0,0,2,1,1,1,1,49,8,1968,2,2,SKODA SUPERB,7,E01013188,0,-1
2023010442443,2023,010442443,3,9,0,4,4,6,2,0,0,0,0,0,0,0,1,1,2,2,1,46,8,1798,1,12,SKODA SUPERB,6,E01003647,0,-1
2023320470877,2023,320470877,1,9,0,9,9,4,8,0,0,6,0,0,0,0,4,1,6,6,1,30,6,1968,2,14,SKODA SUPERB,6,E01029670,0,-1
2023231294302,2023,231294302,2,9,0,4,4,5,1,0,0,0,0,0,0,0,2,1,6,6,2,32,6,1968,2,9,SKODA SUPERB,5,E01031168,0,-1
2023010470948,2023,010470948,2,9,0,99,99,9,9,99,99,0,9,99,9,99,2,9,6,6,3,-1,-1,1968,2,7,SKODA SUPERB,-1,-1,0,-1
2023101342594,2023,101342594,2,8,0,4,4,7,3,0,0,0,0,0,0,0,2,1,1,1,1,57,9,1598,2,10,SKODA SUPERB,1,E01008303,0,-1
2023010480279,2023,010480279,1,9,0,18,19,3,7,0,0,0,0,0,0,0,1,1,6,6,1,41,7,1395,8,3,SKODA SUPERB,9,E01018006,0,-1
2023340WN5412,2023,340WN5412,4,9,0,18,19,4,8,0,0,1,0,0,0,0,3,1,6,6,1,64,9,1968,2,3,SKODA SUPERB,4,E01011795,0,-1
2023520000503,2023,520000503,1,9,0,18,19,6,2,0,0,1,0,0,0,0,1,1,6,6,1,23,5,1968,2,0,SKODA SUPERB,5,E01032113,0,-1
2023141290017,2023,141290017,1,9,0,7,7,5,7,0,0,1,0,0,0,0,1,1,6,6,1,60,9,1968,2,10,SKODA SUPERB,4,E01007817,0,-1
2023622300714,2023,622300714,2,9,0,9,9,4,2,0,0,3,0,0,0,0,0,1,1,1,1,-1,-1,1984,1,1,SKODA SUPERB,9,W01001820,0,-1
2023430351708,2023,430351708,2,9,0,18,19,8,4,0,0,8,0,0,0,0,1,1,1,1,1,46,8,1968,2,4,SKODA SUPERB,4,E01016400,0,-1
2023010469176,2023,010469176,1,9,0,13,13,5,1,0,0,8,0,0,0,0,0,1,1,1,1,31,6,1498,1,0,SKODA SUPERB,-1,-1,0,-1
2023440161922,2023,440161922,1,9,0,8,8,4,6,0,0,1,0,0,0,0,2,1,6,6,1,38,7,1968,2,5,SKODA SUPERB,7,E01023257,0,-1
2023461332987,2023,461332987,2,9,0,1,1,5,1,0,0,0,0,0,0,0,0,1,1,1,1,-1,-1,1984,1,1,SKODA SUPERB,3,E01024717,0,-1
2023461381138,2023,461381138,2,9,0,4,4,1,5,0,0,1,0,0,0,0,2,1,6,6,2,62,9,1968,2,3,SKODA SUPERB,9,E01024338,0,-1
2023371394279,2023,371394279,3,9,0,18,19,3,7,0,0,1,0,0,0,0,1,1,1,1,1,51,8,1968,2,8,SKODA SUPERB,6,E01029944,0,-1
2023061283320,2023,061283320,1,9,0,7,7,7,1,0,0,1,0,0,0,0,1,1,6,6,3,30,6,1968,2,8,SKODA SUPERB,-1,-1,0,-1
2023141277711,2023,141277711,2,9,0,2,2,0,0,0,0,2,0,0,0,0,2,1,6,6,3,-1,-1,1968,2,4,SKODA SUPERB,-1,-1,0,-1
2023141389358,2023,141389358,1,9,0,1,1,1,5,0,0,0,0,0,0,0,2,1,6,6,1,30,6,1968,2,5,SKODA SUPERB,-1,-1,0,-1
2023461353691,2023,461353691,2,9,0,18,19,1,5,0,0,0,0,0,0,0,0,1,1,1,1,29,6,1984,1,1,SKODA SUPERB,3,E01024717,0,-1
2023111394599,2023,111394599,3,9,0,18,19,6,2,0,0,0,0,0,0,0,2,1,6,6,1,76,11,1968,2,6,SKODA SUPERB,2,E01020727,0,-1
2023440089184,2023,440089184,4,9,0,2,2,0,0,6,6,0,0,0,0,0,2,1,6,6,3,-1,-1,1896,2,19,SKODA SUPERB,-1,-1,0,-1
2023101320246,2023,101320246,1,8,0,18,19,1,7,0,0,0,0,0,0,0,3,1,5,6,1,21,5,1598,2,9,SKODA SUPERB,5,E01008224,0,-1
2023471347127,2023,471347127,5,9,0,18,19,2,6,0,0,1,0,0,0,0,0,1,1,1,1,35,6,1984,1,1,SKODA SUPERB,9,E01030830,0,-1
2023010473543,2023,010473543,2,8,0,99,99,9,9,99,99,9,9,99,9,99,1,9,6,6,3,54,8,1395,8,0,SKODA SUPERB,7,E01000818,0,-1
2023041378270,2023,041378270,1,9,0,18,19,1,5,0,0,8,0,0,0,0,1,1,5,6,2,54,8,1498,1,4,SKODA SUPERB,9,E01025324,0,-1
2023070548103,2023,070548103,1,9,0,18,19,5,1,0,0,1,0,0,0,0,1,1,6,6,2,49,8,1968,2,11,SKODA SUPERB,10,E01018471,0,-1
2023351365980,2023,351365980,1,8,0,1,1,-1,-1,0,0,1,0,0,0,0,4,1,6,6,3,59,9,1968,2,9,SKODA SUPERB,6,E01018053,0,-1
2023991313914,2023,991313914,2,9,0,17,19,6,2,0,0,0,0,0,0,0,3,1,5,6,1,63,9,1395,8,2,SKODA SUPERB,9,-1,0,-1
2023471373070,2023,471373070,2,9,0,9,9,7,5,0,0,1,0,0,0,0,1,1,2,2,2,40,7,1395,8,0,SKODA SUPERB,9,E01031582,0,-1
2023440369418,2023,440369418,2,9,0,18,19,1,5,0,0,0,0,0,0,0,3,1,1,1,1,41,7,1968,2,1,SKODA SUPERB,-1,-1,0,-1
2023522300481,2023,522300481,2,9,0,18,19,7,3,0,0,1,0,0,0,0,1,1,6,6,1,-1,-1,1968,2,11,SKODA SUPERB,10,E01014912,0,-1
2023451359992,2023,451359992,3,9,0,4,4,7,3,0,0,1,0,0,0,0,1,1,1,1,1,35,6,1968,2,3,SKODA SUPERB,10,E01030435,0,-1
2023430539912,2023,430539912,2,9,0,3,3,3,7,0,0,0,0,0,0,0,2,1,3,7,1,38,7,1968,2,1,SKODA SUPERB,7,E01027281,0,-1
2023471332571,2023,471332571,1,9,0,18,19,2,7,0,0,0,0,0,0,0,1,1,1,1,1,63,9,1498,1,4,SKODA SUPERB,6,E01017009,0,-1
2023221378415,2023,221378415,2,9,0,18,19,8,4,0,0,8,0,0,0,0,1,1,6,6,1,52,8,1968,2,7,SKODA SUPERB,9,E01028916,0,-1
2023320454141,2023,320454141,2,9,0,18,19,3,7,0,0,8,0,0,0,0,1,1,1,1,1,46,8,1968,2,5,SKODA SUPERB,8,E01026035,0,-1
2023461358487,2023,461358487,2,9,0,2,2,0,0,0,0,0,0,0,0,0,2,1,6,6,3,-1,-1,1968,2,9,SKODA SUPERB,-1,-1,0,-1
2023061318509,2023,061318509,1,8,0,18,19,-1,-1,0,0,0,0,0,0,0,1,1,6,6,3,-1,-1,1598,2,6,SKODA SUPERB,-1,-1,0,-1
2023141389358,2023,141389358,2,8,0,1,1,1,5,0,0,0,0,0,0,0,0,1,1,1,1,30,6,1968,2,5,SKODA SUPERB,-1,-1,0,-1
2023010449621,2023,010449621,1,9,0,99,99,9,9,99,99,9,9,99,9,99,2,9,6,6,2,41,7,1984,1,5,SKODA SUPERB,3,E01000128,0,-1
2023421269973,2023,421269973,4,9,0,18,19,6,2,0,0,0,0,0,0,0,2,1,5,6,1,58,9,1968,2,2,SKODA SUPERB,-1,-1,0,-1
2023471371410,2023,471371410,4,9,0,18,19,4,7,0,0,1,0,0,0,0,0,1,1,1,1,46,8,1984,1,3,SKODA SUPERB,6,E01021034,0,-1
2023451392540,2023,451392540,2,9,0,18,19,7,3,0,0,6,0,0,0,0,1,1,6,6,2,40,7,1395,1,7,SKODA SUPERB,7,E01003078,0,-1
2023302301231,2023,302301231,1,9,0,18,19,2,6,0,0,0,0,0,0,0,4,1,6,6,1,80,11,1390,1,12,SKODA SUPERB,3,E01019810,0,-1
2023430543037,2023,430543037,1,9,0,5,5,7,3,0,0,0,0,0,0,0,1,1,6,6,1,75,10,1984,1,7,SKODA SUPERB,10,E01017786,0,-1
2023131373302,2023,131373302,2,9,0,7,7,5,7,0,0,6,0,0,0,0,0,1,6,6,1,42,7,1968,2,13,SKODA SUPERB,1,E01010850,0,-1
2023451303579,2023,451303579,1,9,0,9,9,1,3,0,0,8,0,0,0,0,1,1,1,1,1,42,7,1968,2,8,SKODA SUPERB,9,E01020954,0,-1
2023471331951,2023,471331951,2,9,0,18,19,2,6,0,0,1,0,0,0,0,1,1,3,7,1,36,7,1968,2,13,SKODA SUPERB,2,E01020911,0,-1
2023070455829,2023,070455829,3,9,0,8,8,7,1,0,0,2,0,0,0,0,1,1,6,6,1,66,10,1968,2,8,SKODA SUPERB,10,E01010173,0,-1
2023201322798,2023,201322798,2,9,0,13,13,4,6,0,0,0,1,7,0,0,2,1,6,6,1,47,8,1984,1,5,SKODA SUPERB,7,E01017545,0,-1
2023221354527,2023,221354527,1,9,0,18,19,2,6,0,0,4,0,0,0,0,1,1,6,6,1,58,9,1984,1,1,SKODA SUPERB,10,W01001843,0,-1
2023991367080,2023,991367080,4,9,0,18,19,1,5,0,0,0,0,0,0,0,2,1,2,2,1,43,7,1968,2,10,SKODA SUPERB,2,-1,0,-1
2023340NN0602,2023,340NN0602,1,9,0,9,9,7,6,9,9,6,0,0,0,0,1,1,6,6,1,51,8,1598,2,9,SKODA SUPERB,4,E01027056,0,-1
2023522301107,2023,522301107,2,9,0,18,19,3,7,0,0,0,0,0,0,0,2,1,6,6,1,39,7,1968,2,8,SKODA SUPERB,8,E01014894,0,-1
2023052301052,2023,052301052,2,9,0,4,4,5,1,0,0,0,0,0,0,0,2,1,6,6,1,37,7,1968,2,11,SKODA SUPERB,1,E01006585,0,-1
2023991362998,2023,991362998,2,8,0,4,4,1,4,0,0,1,0,0,0,0,2,1,1,1,1,36,7,1598,2,4,SKODA SUPERB,10,-1,0,-1
2023520301801,2023,520301801,6,9,0,18,19,6,2,0,0,0,0,0,0,0,2,1,6,6,1,52,8,1968,2,10,SKODA SUPERB,8,E01006100,0,-1
2023461317714,2023,461317714,2,9,0,4,4,8,4,0,0,0,0,0,0,0,2,1,6,6,1,30,6,1968,2,12,SKODA SUPERB,7,E01024141,0,-1
2023061328624,2023,061328624,1,9,-1,-1,-1,-1,-1,-1,-1,0,-1,-1,-1,0,-1,1,5,6,1,74,10,1968,2,9,SKODA SUPERB,2,E01005915,0,-1
2023010456094,2023,010456094,1,9,0,18,19,3,7,0,0,8,0,0,0,0,4,1,1,1,1,36,7,1984,1,3,SKODA SUPERB,2,E01000008,0,-1
2023501369317,2023,501369317,1,8,0,18,19,3,8,0,0,1,0,11,0,0,1,1,1,1,1,62,9,1968,2,4,SKODA SUPERB,7,E01020106,0,-1
2023221310196,2023,221310196,4,9,0,18,19,1,2,0,0,0,0,0,0,0,1,1,1,1,1,34,6,1968,2,1,SKODA SUPERB,-1,-1,0,-1
2023461328190,2023,461328190,2,9,0,18,19,3,7,0,0,0,0,0,0,0,1,1,6,6,1,-1,-1,1798,1,12,SKODA SUPERB,4,E01024382,0,-1
2023411333687,2023,411333687,1,9,0,12,12,5,5,0,0,3,0,0,0,0,1,1,1,1,1,35,6,1968,2,7,SKODA SUPERB,2,E01015705,0,-1
2023101374763,2023,101374763,2,9,0,9,9,7,5,0,0,8,0,0,0,0,3,1,1,1,1,59,9,1968,2,5,SKODA SUPERB,1,E01008201,0,-1
2023010430818,2023,010430818,2,9,0,2,2,0,0,0,0,2,0,0,1,0,3,1,6,6,3,-1,-1,1968,2,10,SKODA SUPERB,-1,-1,0,-1
2023122300654,2023,122300654,1,9,0,5,5,1,3,0,0,1,0,0,0,0,1,1,1,1,1,64,9,1968,2,6,SKODA SUPERB,4,E01027706,0,-1
2023548720123,2023,548720123,2,9,0,4,4,8,2,0,0,6,0,0,1,11,2,1,6,6,1,44,7,1968,2,8,SKODA SUPERB,8,E01030452,0,-1
202360A105407,2023,60A105407,2,9,0,2,2,0,0,0,0,0,0,4,0,0,1,1,6,6,1,60,9,1968,2,4,SKODA SUPERB,-1,-1,0,-1
2023131371832,2023,131371832,1,9,0,18,19,7,3,0,0,8,0,0,0,0,1,1,5,6,1,57,9,1395,1,7,SKODA SUPERB,6,E01011645,0,-1
2023131312459,2023,131312459,1,9,0,9,9,5,1,0,0,8,0,0,0,0,1,1,6,6,1,64,9,1968,2,12,SKODA SUPERB,10,E01011194,0,-1
2023320655622,2023,320655622,1,9,0,5,5,6,2,0,0,0,0,0,0,0,4,1,6,6,1,41,7,1968,2,1,SKODA SUPERB,-1,-1,0,-1
2023201276920,2023,201276920,2,9,0,7,7,8,2,0,0,6,0,0,0,0,3,1,6,6,1,-1,-1,1968,2,11,SKODA SUPERB,10,E01009720,0,-1
2023161332406,2023,161332406,1,9,0,9,9,3,7,0,0,8,0,0,0,0,1,1,5,6,1,54,8,1968,2,9,SKODA SUPERB,1,E01012845,0,-1
2023031315663,2023,031315663,1,8,-1,5,5,3,7,0,0,2,0,0,0,0,0,1,1,1,1,59,9,1968,2,8,SKODA SUPERB,-1,-1,0,-1
2023052301493,2023,052301493,1,9,0,9,9,3,7,0,0,1,0,0,7,11,1,1,6,6,2,47,8,1395,1,6,SKODA SUPERB,10,E01006937,0,-1
2023010484678,2023,010484678,2,9,0,99,99,9,9,99,99,9,9,99,9,99,9,9,6,6,3,-1,-1,1984,1,1,SKODA SUPERB,-1,-1,0,-1
2023231390158,2023,231390158,2,9,0,18,19,1,5,0,0,8,0,0,0,0,4,1,6,6,1,50,8,1968,2,5,SKODA SUPERB,8,E01031205,0,-1
2023041371423,2023,041371423,3,9,0,2,2,1,5,0,0,0,0,0,0,0,2,1,6,6,3,-1,-1,1984,1,0,SKODA SUPERB,-1,-1,0,-1
2023522400035,2023,522400035,1,9,0,9,9,3,1,0,0,5,0,0,0,0,1,1,6,6,1,46,8,1598,2,7,SKODA SUPERB,4,E01014815,0,-1