collision_index,collision_year,collision_ref_no,vehicle_reference,vehicle_type,towing_and_articulation,vehicle_manoeuvre_historic,vehicle_manoeuvre,vehicle_direction_from,vehicle_direction_to,vehicle_location_restricted_lane_historic,vehicle_location_restricted_lane,junction_location,skidding_and_overturning,hit_object_in_carriageway,vehicle_leaving_carriageway,hit_object_off_carriageway,first_point_of_impact,vehicle_left_hand_drive,journey_purpose_of_driver_historic,journey_purpose_of_driver,sex_of_driver,age_of_driver,age_band_of_driver,engine_capacity_cc,propulsion_code,age_of_vehicle,generic_make_model,driver_imd_decile,lsoa_of_driver,escooter_flag,driver_distance_banding
2023311348108,2023,311348108,1,5,0,13,13,3,7,0,0,0,1,0,0,0,1,1,6,6,1,76,11,2458,1,2,TRIUMPH ROCKET,2,E01013976,0,-1
2023421311496,2023,421311496,2,5,0,18,19,2,6,0,0,0,0,0,0,0,3,1,6,6,1,59,9,2458,1,3,TRIUMPH ROCKET,8,E01022059,0,-1
2023070504367,2023,070504367,2,5,0,18,19,5,1,0,0,8,0,0,0,0,1,1,6,6,1,53,8,2294,1,7,TRIUMPH ROCKET,10,E01018404,0,-1
2023070883164,2023,070883164,1,5,0,18,19,4,8,0,0,0,2,0,0,0,3,1,1,1,1,33,6,2294,1,14,TRIUMPH ROCKET,4,E01029808,0,-1
2023520301531,2023,520301531,1,5,0,18,19,6,2,0,0,8,0,0,0,0,3,1,6,6,1,61,9,2294,1,13,TRIUMPH ROCKET,9,E01031870,0,-1
2023122300637,2023,122300637,1,5,0,13,13,3,7,0,0,8,0,0,0,0,1,1,6,6,1,37,7,2294,1,10,TRIUMPH ROCKET,8,E01027738,0,-1
2023991345647,2023,991345647,1,5,0,7,7,4,8,0,0,0,0,0,0,0,1,1,5,6,1,73,10,2294,1,12,TRIUMPH ROCKET,1,E01009622,0,-1
2023461310365,2023,461310365,2,5,0,13,13,2,3,0,0,2,1,0,0,0,4,1,6,6,1,53,8,1200,1,5,TRIUMPH THRUXTON,3,E01024583,0,-1
2023161322746,2023,161322746,1,4,0,13,13,7,3,0,0,0,1,0,0,0,3,1,6,6,1,49,8,1200,1,5,-1,9,E01013304,0,-1
2023231309117,2023,231309117,1,5,0,17,19,6,3,0,0,0,0,0,1,9,3,1,5,6,1,71,10,865,1,7,TRIUMPH THRUXTON,4,E01031008,0,-1
2023461335548,2023,461335548,2,5,0,5,5,1,5,0,0,0,5,0,0,0,3,1,6,6,1,57,9,865,1,16,TRIUMPH THRUXTON,7,E01024680,0,-1
2023221346179,2023,221346179,3,5,0,18,19,2,6,0,0,0,0,0,0,0,1,1,5,6,1,56,9,865,1,16,TRIUMPH THRUXTON,5,E01009211,0,-1
2023501374830,2023,501374830,2,5,0,18,19,2,6,0,0,8,5,0,0,0,1,1,6,6,1,57,9,1200,1,7,TRIUMPH THRUXTON,2,E01015176,0,-1
2023161335600,2023,161335600,1,5,0,18,19,7,3,0,0,8,0,0,0,0,4,1,6,6,1,67,10,865,1,14,TRIUMPH THRUXTON,9,E01012956,0,-1
2023471343163,2023,471343163,1,5,0,18,19,7,3,0,0,0,5,11,0,0,1,1,5,6,1,52,8,1200,1,7,TRIUMPH THRUXTON,8,E01032838,0,-1
2023461331802,2023,461331802,2,5,0,3,3,1,3,0,0,1,0,0,0,0,4,1,6,6,1,64,9,1200,1,6,TRIUMPH THRUXTON,6,E01024065,0,-1
2023302300962,2023,302300962,2,3,0,18,19,4,8,0,0,8,0,0,0,0,1,1,6,6,1,55,8,1200,1,6,-1,10,E01019848,0,-1
2023221304641,2023,221304641,1,5,0,13,13,8,4,0,0,8,0,0,8,0,3,1,5,6,1,60,9,1200,1,3,TRIUMPH THRUXTON,7,E01028892,0,-1
2023471360339,2023,471360339,1,5,0,16,19,1,4,0,0,0,1,0,7,1,3,1,2,2,1,37,7,865,1,12,TRIUMPH THRUXTON,5,E01017126,0,-1
2023010460421,2023,010460421,1,11,0,4,4,3,7,0,0,8,0,0,0,0,0,1,1,1,1,44,7,4500,2,6,ALEXANDER DENNIS MODEL MISSING,3,E01002400,0,-1
2023311363018,2023,311363018,2,11,0,2,2,7,3,0,0,0,0,0,0,0,0,1,1,1,1,60,9,8268,2,17,ALEXANDER DENNIS MODEL MISSING,8,E01033389,0,-1
2023010460886,2023,010460886,1,11,0,3,3,3,7,3,2,0,0,4,0,0,2,1,1,1,1,58,9,4500,2,5,ALEXANDER DENNIS MODEL MISSING,5,E01000038,0,-1
2023010470946,2023,010470946,1,11,0,4,4,3,7,2,2,2,0,0,0,0,0,1,1,1,1,56,9,6700,2,4,ALEXANDER DENNIS MODEL MISSING,-1,-1,0,-1
2023302300605,2023,302300605,2,11,0,4,4,3,7,0,0,1,0,0,0,0,1,1,1,1,2,27,6,4500,2,5,ALEXANDER DENNIS MODEL MISSING,8,E01028206,0,-1
2023010425517,2023,010425517,1,11,0,18,19,5,1,0,0,1,0,0,0,0,0,1,1,1,1,39,7,6696,2,10,ALEXANDER DENNIS MODEL MISSING,8,E01000399,0,-1
2023010430989,2023,010430989,1,11,0,18,19,5,1,0,0,1,0,99,0,0,1,1,6,6,1,43,7,4500,2,7,ALEXANDER DENNIS MODEL MISSING,-1,-1,0,-1
2023302301110,2023,302301110,1,11,0,18,19,8,4,0,0,1,0,0,0,0,0,1,1,1,1,56,9,4500,2,7,ALEXANDER DENNIS MODEL MISSING,4,E01028252,0,-1
2023010442642,2023,010442642,1,11,0,18,19,5,1,2,2,1,0,0,0,0,1,1,1,1,1,36,7,4500,2,8,ALEXANDER DENNIS MODEL MISSING,4,E01033725,0,-1
2023010446934,2023,010446934,1,11,0,18,19,5,1,0,0,0,0,0,0,0,1,1,1,1,1,56,9,4500,2,6,ALEXANDER DENNIS MODEL MISSING,2,E01002702,0,-1
2023311277801,2023,311277801,1,11,0,4,4,1,5,0,0,0,0,0,0,0,0,1,1,1,1,35,6,4500,2,4,ALEXANDER DENNIS MODEL MISSING,3,E01028192,0,-1
2023991280504,2023,991280504,1,11,0,9,9,3,8,0,0,8,0,0,7,0,4,1,1,1,1,59,9,4461,2,8,ALEXANDER DENNIS MODEL MISSING,1,-1,0,-1
2023421271134,2023,421271134,2,11,0,18,19,1,5,0,0,8,0,0,0,0,4,1,1,1,1,41,7,4461,2,10,ALEXANDER DENNIS MODEL MISSING,-1,-1,0,-1
2023010463220,2023,010463220,1,11,0,4,4,1,5,2,2,1,0,0,0,0,1,1,1,1,1,49,8,4500,2,7,ALEXANDER DENNIS MODEL MISSING,2,E01001577,0,-1
2023010456936,2023,010456936,2,11,0,99,99,9,9,99,99,0,9,99,9,99,1,9,6,6,2,50,8,6700,2,5,ALEXANDER DENNIS MODEL MISSING,3,E01032584,0,-1
2023471335163,2023,471335163,1,11,0,16,19,4,8,0,0,6,0,0,0,0,1,1,1,1,1,45,7,6700,2,5,ALEXANDER DENNIS MODEL MISSING,4,E01031788,0,-1
2023991270565,2023,991270565,1,11,0,18,19,6,2,0,0,1,0,0,0,0,1,1,1,1,1,25,5,4500,2,2,ALEXANDER DENNIS MODEL MISSING,-1,-1,0,-1
2023440441339,2023,440441339,1,11,0,4,4,5,1,0,0,0,0,0,0,0,4,1,1,1,1,48,8,4500,2,8,ALEXANDER DENNIS MODEL MISSING,2,E01017153,0,-1
2023201303492,2023,201303492,1,11,0,18,19,1,5,2,2,0,0,0,0,0,1,1,1,1,1,34,6,6700,2,15,ALEXANDER DENNIS MODEL MISSING,1,E01008979,0,-1
2023311389049,2023,311389049,1,11,0,3,3,6,2,2,2,0,0,0,0,0,0,1,1,1,1,64,9,6700,2,0,ALEXANDER DENNIS MODEL MISSING,2,E01028269,0,-1
2023041266376,2023,041266376,2,11,0,18,19,5,1,0,0,0,0,0,0,0,4,1,1,1,1,43,7,6700,2,8,ALEXANDER DENNIS MODEL MISSING,6,E01025122,0,-1
2023010422536,2023,010422536,1,11,0,4,4,1,5,0,0,1,0,0,0,0,0,1,1,1,1,54,8,4500,2,7,ALEXANDER DENNIS MODEL MISSING,4,E01001435,0,-1
2023440244809,2023,440244809,2,11,0,13,13,4,1,0,0,0,0,0,0,0,4,1,1,1,1,48,8,4500,2,4,ALEXANDER DENNIS MODEL MISSING,3,E01017019,0,-1
2023991339627,2023,991339627,1,11,0,18,19,1,5,0,0,1,0,0,0,0,1,1,1,1,1,53,8,6700,2,16,ALEXANDER DENNIS MODEL MISSING,-1,-1,0,-1
2023302300039,2023,302300039,1,11,0,18,19,2,6,0,0,1,0,0,0,0,0,1,1,1,1,51,8,4461,2,10,ALEXANDER DENNIS MODEL MISSING,1,E01019561,0,-1
2023010477537,2023,010477537,1,11,0,18,19,6,2,0,0,1,0,0,0,0,1,1,1,1,1,58,9,4500,2,7,ALEXANDER DENNIS MODEL MISSING,3,E01003331,0,-1
2023061326378,2023,061326378,1,11,0,18,19,3,7,0,0,6,0,0,0,0,1,1,1,1,1,58,9,6700,2,7,ALEXANDER DENNIS MODEL MISSING,1,E01006016,0,-1
2023991355856,2023,991355856,1,11,0,5,5,6,2,0,0,0,0,0,0,0,1,1,1,1,2,41,7,6700,2,7,ALEXANDER DENNIS MODEL MISSING,3,-1,0,-1
2023141290072,2023,141290072,1,11,0,18,19,5,5,0,0,2,0,0,0,0,1,1,1,1,1,46,8,4500,2,12,ALEXANDER DENNIS MODEL MISSING,1,E01019808,0,-1
2023311300829,2023,311300829,1,11,0,18,19,1,5,0,0,2,0,0,0,0,0,1,1,1,2,31,6,6700,2,5,ALEXANDER DENNIS MODEL MISSING,-1,-1,0,-1
2023311273495,2023,311273495,2,11,0,18,19,3,7,0,0,0,0,0,0,0,1,1,1,1,1,24,5,6700,2,3,ALEXANDER DENNIS MODEL MISSING,5,E01019436,0,-1
2023010449024,2023,010449024,1,11,0,18,19,7,3,0,0,1,0,0,0,0,1,1,1,1,1,37,7,4500,2,11,ALEXANDER DENNIS MODEL MISSING,2,E01001172,0,-1
2023010441788,2023,010441788,2,11,0,99,99,9,9,99,99,9,9,99,9,99,1,9,6,6,3,37,7,6700,2,3,ALEXANDER DENNIS MODEL MISSING,1,E01004311,0,-1
2023991349685,2023,991349685,1,11,0,18,19,2,6,0,0,0,0,0,0,0,1,1,1,1,1,56,9,6700,2,11,ALEXANDER DENNIS MODEL MISSING,4,-1,0,-1
2023010435650,2023,010435650,1,11,0,4,4,5,1,2,2,0,1,0,0,0,3,1,1,1,2,56,9,6700,2,15,ALEXANDER DENNIS MODEL MISSING,6,E01001077,0,-1
2023302400008,2023,302400008,2,11,0,18,19,1,5,0,0,1,0,0,0,0,1,1,6,6,1,64,9,4500,2,12,ALEXANDER DENNIS MODEL MISSING,7,E01019812,0,-1
2023461383817,2023,461383817,2,11,0,18,19,1,5,0,0,8,0,0,7,11,1,1,1,1,1,66,10,6700,2,0,ALEXANDER DENNIS MODEL MISSING,9,E01024213,0,-1
2023440036281,2023,440036281,1,11,0,5,5,5,1,0,0,1,0,0,0,0,1,1,1,1,1,55,8,6700,2,6,ALEXANDER DENNIS MODEL MISSING,7,E01022795,0,-1
2023010429897,2023,010429897,1,11,0,18,19,5,1,0,0,8,0,0,0,0,1,1,1,1,1,65,9,4500,2,3,ALEXANDER DENNIS MODEL MISSING,2,E01003032,0,-1
2023010435265,2023,010435265,1,11,0,4,4,1,5,0,0,8,0,0,0,0,0,1,1,1,1,57,9,4500,2,11,ALEXANDER DENNIS MODEL MISSING,8,E01003856,0,-1
2023010468368,2023,010468368,1,11,0,18,19,7,3,0,0,0,0,0,0,0,0,1,1,1,2,39,7,4500,2,7,ALEXANDER DENNIS MODEL MISSING,3,E01002547,0,-1
2023061320112,2023,061320112,2,11,0,18,19,1,5,0,0,1,0,0,0,0,4,1,1,1,1,53,8,4461,2,9,ALEXANDER DENNIS MODEL MISSING,5,E01005943,0,-1
2023471350523,2023,471350523,2,11,0,18,19,2,6,0,0,0,0,0,0,0,3,1,1,1,1,60,9,4500,2,10,ALEXANDER DENNIS MODEL MISSING,2,E01020925,0,-1
2023010451262,2023,010451262,1,11,0,18,19,1,5,0,0,2,0,0,0,0,3,1,1,1,2,55,8,4500,2,5,ALEXANDER DENNIS MODEL MISSING,2,E01001716,0,-1
2023010486378,2023,010486378,1,11,0,18,19,6,2,0,0,2,0,0,0,0,1,1,1,1,1,32,6,6700,2,11,ALEXANDER DENNIS MODEL MISSING,8,E01001400,0,-1
2023201314038,2023,201314038,1,11,0,18,19,2,6,0,0,0,0,0,0,0,1,1,1,1,1,40,7,6700,2,4,ALEXANDER DENNIS MODEL MISSING,4,E01009111,0,-1
2023010450301,2023,010450301,2,11,0,18,19,5,1,2,2,1,0,0,0,0,1,1,1,1,1,30,6,6700,2,15,ALEXANDER DENNIS MODEL MISSING,3,E01001053,0,-1
2023010438630,2023,010438630,1,11,0,7,7,7,1,0,0,2,0,0,0,0,0,1,1,1,1,29,6,6700,2,13,ALEXANDER DENNIS MODEL MISSING,8,E01000708,0,-1
2023010421422,2023,010421422,2,11,0,4,4,1,5,0,0,2,0,0,0,0,2,1,1,1,1,31,6,4500,2,11,ALEXANDER DENNIS MODEL MISSING,4,E01003793,0,-1
2023201343108,2023,201343108,1,11,0,5,5,6,2,0,0,8,0,0,0,0,1,1,5,6,1,63,9,6696,2,10,ALEXANDER DENNIS MODEL MISSING,3,E01010018,0,-1
2023440123248,2023,440123248,1,11,0,18,19,2,6,0,0,2,0,0,0,0,1,1,1,1,1,27,6,4500,2,7,ALEXANDER DENNIS MODEL MISSING,1,E01017332,0,-1
202360A045238,2023,60A045238,2,11,0,18,19,8,4,0,0,0,0,0,0,0,1,1,1,1,1,54,8,6696,2,9,ALEXANDER DENNIS MODEL MISSING,-1,-1,0,-1
2023421306787,2023,421306787,3,11,0,18,19,3,7,0,0,1,0,0,0,0,1,1,1,1,1,59,9,3900,2,18,ALEXANDER DENNIS MODEL MISSING,10,E01021600,0,-1
2023311360929,2023,311360929,2,11,0,2,2,7,3,0,0,0,0,0,0,0,3,1,1,1,1,29,6,6696,2,8,ALEXANDER DENNIS MODEL MISSING,5,E01027998,0,-1
2023010439726,2023,010439726,1,11,0,18,19,3,7,0,0,1,0,0,0,0,0,1,1,1,1,49,8,6700,2,11,ALEXANDER DENNIS MODEL MISSING,3,E01001371,0,-1
2023201391091,2023,201391091,1,11,0,12,12,4,8,0,0,1,0,0,0,0,4,1,1,1,1,-1,-1,6700,2,4,ALEXANDER DENNIS MODEL MISSING,-1,-1,0,-1
2023311360401,2023,311360401,1,11,0,4,4,6,8,0,0,1,0,0,0,0,0,1,1,1,2,29,6,6700,2,5,ALEXANDER DENNIS MODEL MISSING,-1,-1,0,-1
2023161390914,2023,161390914,1,11,0,4,4,6,2,0,0,0,0,0,0,0,0,1,1,1,3,65,9,4500,2,12,ALEXANDER DENNIS MODEL MISSING,1,E01012891,0,-1
2023471319506,2023,471319506,1,11,0,2,2,3,7,0,0,0,0,0,0,0,0,1,1,1,1,40,7,4500,2,4,ALEXANDER DENNIS MODEL MISSING,2,E01016873,0,-1
2023161352254,2023,161352254,1,11,0,18,19,2,6,0,0,0,0,0,0,0,0,1,6,6,3,-1,-1,4461,2,9,ALEXANDER DENNIS MODEL MISSING,-1,-1,0,-1
2023010443417,2023,010443417,1,11,0,18,19,2,6,2,2,1,0,0,0,0,0,1,6,6,1,29,6,6700,2,4,ALEXANDER DENNIS MODEL MISSING,5,E01003247,0,-1
2023010419714,2023,010419714,1,11,0,18,19,1,5,0,0,4,0,0,0,0,0,1,6,6,1,31,6,4500,2,12,ALEXANDER DENNIS MODEL MISSING,1,E01004005,0,-1
2023010446980,2023,010446980,1,11,0,4,4,7,3,0,0,1,0,0,0,0,0,1,1,1,1,42,7,4500,2,11,ALEXANDER DENNIS MODEL MISSING,2,E01001172,0,-1
2023010431623,2023,010431623,1,11,0,4,4,1,5,0,0,1,0,0,0,0,0,1,1,1,1,43,7,6700,2,11,ALEXANDER DENNIS MODEL MISSING,7,E01001569,0,-1
202360A121914,2023,60A121914,2,11,0,18,19,5,1,0,0,0,0,0,0,0,1,1,6,6,1,57,9,4461,2,6,ALEXANDER DENNIS MODEL MISSING,-1,-1,0,-1
2023010459585,2023,010459585,1,11,0,18,19,3,7,0,0,1,0,0,1,0,0,1,1,1,3,-1,-1,4500,2,5,ALEXANDER DENNIS MODEL MISSING,7,E01001657,0,-1
2023101302621,2023,101302621,1,11,0,9,9,7,4,0,0,0,0,0,0,0,1,1,1,1,1,58,9,6700,2,1,ALEXANDER DENNIS MODEL MISSING,8,E01027425,0,-1
2023170S11383,2023,170S11383,1,11,0,17,19,6,2,0,0,8,0,0,0,0,0,1,1,1,1,64,9,6696,2,9,ALEXANDER DENNIS MODEL MISSING,-1,-1,0,-1
2023991306946,2023,991306946,1,11,0,18,19,8,4,0,0,1,0,0,0,0,1,1,1,1,1,62,9,4461,2,5,ALEXANDER DENNIS MODEL MISSING,7,-1,0,-1
2023201378363,2023,201378363,1,11,0,16,19,6,2,2,2,0,0,0,0,0,1,1,1,1,1,60,9,6696,2,9,ALEXANDER DENNIS MODEL MISSING,3,E01010382,0,-1
2023010467051,2023,010467051,1,11,0,3,3,3,7,0,0,0,0,0,0,0,0,1,1,1,1,60,9,4500,2,11,ALEXANDER DENNIS MODEL MISSING,4,E01003412,0,-1
2023010455227,2023,010455227,1,11,0,18,19,1,5,2,2,8,0,0,0,0,0,1,1,1,1,56,9,4500,2,5,ALEXANDER DENNIS MODEL MISSING,4,E01004048,0,-1
2023010443229,2023,010443229,1,11,0,5,5,1,5,0,0,1,0,0,0,0,1,1,1,1,1,48,8,6700,2,11,ALEXANDER DENNIS MODEL MISSING,-1,-1,0,-1
2023061339517,2023,061339517,1,11,0,18,19,3,7,0,0,1,0,7,0,0,1,1,1,1,1,54,8,6700,2,14,ALEXANDER DENNIS MODEL MISSING,4,E01006189,0,-1
2023061281668,2023,061281668,1,11,0,18,19,-1,-1,0,0,0,0,0,0,0,-1,1,6,6,1,-1,-1,4461,2,10,ALEXANDER DENNIS MODEL MISSING,1,E01033688,0,-1
2023161354876,2023,161354876,1,11,0,16,19,7,3,0,0,0,0,0,0,0,0,1,1,1,1,60,9,6696,2,9,ALEXANDER DENNIS MODEL MISSING,-1,-1,0,-1
2023471315679,2023,471315679,1,11,0,18,19,7,3,0,0,0,0,0,0,0,1,1,1,1,1,56,9,4461,2,10,ALEXANDER DENNIS MODEL MISSING,8,E01021086,0,-1
2023010484932,2023,010484932,1,11,0,5,5,3,7,0,0,1,0,0,0,0,0,1,1,1,1,31,6,4500,2,3,ALEXANDER DENNIS MODEL MISSING,3,E01003081,0,-1
2023010423366,2023,010423366,1,11,0,4,4,5,1,0,0,0,0,0,0,0,0,1,1,1,1,32,6,4500,2,7,ALEXANDER DENNIS MODEL MISSING,5,E01003359,0,-1
2023201451835,2023,201451835,1,11,0,18,19,5,1,0,0,5,0,0,0,0,1,1,1,1,1,20,4,6700,2,15,ALEXANDER DENNIS MODEL MISSING,5,E01009734,0,-1
2023221275915,2023,221275915,2,11,0,3,3,2,6,0,0,0,0,0,0,0,0,1,1,1,3,56,9,4500,2,4,ALEXANDER DENNIS MODEL MISSING,-1,-1,0,-1
2023201382803,2023,201382803,3,11,0,18,19,2,8,0,0,0,0,0,0,0,1,1,1,1,2,60,9,6700,2,16,ALEXANDER DENNIS MODEL MISSING,1,E01008940,0,-1
2023351369022,2023,351369022,1,11,-1,-1,-1,-1,-1,-1,-1,0,-1,-1,-1,0,-1,1,1,1,1,38,7,6700,2,7,ALEXANDER DENNIS MODEL MISSING,9,E01018181,0,-1
2023481356316,2023,481356316,1,11,0,18,19,5,1,0,0,2,0,0,0,0,1,1,1,1,1,29,6,4500,2,7,ALEXANDER DENNIS MODEL MISSING,-1,-1,0,-1
2023010453072,2023,010453072,1,11,0,5,5,3,7,0,0,2,0,0,0,0,1,1,1,1,1,52,8,4500,2,8,ALEXANDER DENNIS MODEL MISSING,1,E01000093,0,-1
2023351322749,2023,351322749,1,11,0,13,13,1,5,0,0,0,0,0,0,0,0,1,1,1,1,50,8,6700,2,12,ALEXANDER DENNIS MODEL MISSING,1,E01012789,0,-1
2023010428901,2023,010428901,1,11,0,5,5,6,2,0,0,0,0,0,0,0,1,1,6,6,1,29,6,4500,2,6,ALEXANDER DENNIS MODEL MISSING,1,E01001013,0,-1
2023010423777,2023,010423777,1,11,9,99,99,9,9,99,99,0,9,99,9,99,9,1,6,6,3,28,6,4500,2,12,ALEXANDER DENNIS MODEL MISSING,3,E01004270,0,-1
2023010442787,2023,010442787,1,11,0,18,19,3,7,0,0,0,0,0,0,0,4,1,1,1,1,45,7,4500,2,9,ALEXANDER DENNIS MODEL MISSING,7,E01021010,0,-1
2023231347518,2023,231347518,1,11,0,4,4,3,7,0,0,0,0,0,0,0,3,1,1,1,1,55,8,6700,2,4,ALEXANDER DENNIS MODEL MISSING,5,E01032555,0,-1
2023010427377,2023,010427377,1,11,0,4,4,2,6,2,2,0,0,0,0,0,4,1,1,1,1,67,10,4500,2,6,ALEXANDER DENNIS MODEL MISSING,2,E01002664,0,-1
2023010453624,2023,010453624,1,11,0,4,4,2,6,2,2,1,0,0,0,0,4,1,1,1,1,64,9,6700,2,13,ALEXANDER DENNIS MODEL MISSING,8,E01030611,0,-1
2023440204701,2023,440204701,2,11,0,18,19,8,4,0,0,8,0,0,0,0,1,1,1,1,1,65,9,6700,2,5,ALEXANDER DENNIS MODEL MISSING,5,E01017368,0,-1
2023451351020,2023,451351020,1,11,0,18,19,4,8,0,0,0,0,0,7,0,1,1,1,1,1,52,8,4461,2,9,ALEXANDER DENNIS MODEL MISSING,10,E01031644,0,-1
2023010435027,2023,010435027,1,11,0,18,19,3,7,0,0,1,0,0,0,0,0,1,1,1,1,55,8,4500,2,6,ALEXANDER DENNIS MODEL MISSING,2,E01004385,0,-1
2023201409903,2023,201409903,1,11,0,18,19,7,3,0,0,0,0,0,0,0,0,1,6,6,1,36,7,6696,2,10,ALEXANDER DENNIS MODEL MISSING,2,E01010446,0,-1
2023010456071,2023,010456071,2,11,0,2,2,0,0,3,2,1,0,0,0,0,0,1,6,6,3,-1,-1,4500,2,12,ALEXANDER DENNIS MODEL MISSING,-1,-1,0,-1
2023010454134,2023,010454134,1,11,0,18,19,7,3,0,0,1,0,0,0,0,0,1,1,1,1,28,6,4500,2,11,ALEXANDER DENNIS MODEL MISSING,5,E01003222,0,-1
2023451370510,2023,451370510,1,11,0,18,19,5,1,0,0,0,0,0,0,0,3,1,1,1,1,56,9,4461,2,8,ALEXANDER DENNIS MODEL MISSING,8,E01030478,0,-1
2023010470369,2023,010470369,1,11,0,4,4,1,5,0,0,8,0,0,0,0,0,1,1,1,1,28,6,6700,2,12,ALEXANDER DENNIS MODEL MISSING,5,E01003741,0,-1
2023010445160,2023,010445160,1,11,0,18,19,1,5,0,0,4,0,0,0,0,9,1,1,1,1,55,8,6700,2,12,ALEXANDER DENNIS MODEL MISSING,3,E01002276,0,-1
2023010447641,2023,010447641,1,11,0,18,19,7,3,0,0,0,0,0,0,0,1,1,1,1,1,57,9,4500,2,14,ALEXANDER DENNIS MODEL MISSING,3,E01003625,0,-1
2023010444291,2023,010444291,1,11,0,4,4,5,1,3,2,1,0,0,0,0,1,1,1,1,1,59,9,6700,2,11,ALEXANDER DENNIS MODEL MISSING,5,E01002123,0,-1
2023041353005,2023,041353005,1,11,0,18,19,1,5,0,0,0,0,0,0,0,1,1,1,1,1,44,7,6700,2,4,ALEXANDER DENNIS MODEL MISSING,1,E01012682,0,-1
2023201315756,2023,201315756,2,11,0,18,19,8,4,0,0,1,0,0,0,0,1,1,1,1,1,42,7,6700,2,7,ALEXANDER DENNIS MODEL MISSING,1,E01009350,0,-1
2023010482514,2023,010482514,1,11,0,3,3,1,5,0,0,1,0,0,0,0,1,1,1,1,1,39,7,6700,2,11,ALEXANDER DENNIS MODEL MISSING,1,E01003486,0,-1
2023010435410,2023,010435410,1,11,0,7,7,1,4,0,0,4,0,0,0,0,0,1,1,1,1,62,9,6700,2,11,ALEXANDER DENNIS MODEL MISSING,4,E01001247,0,-1
2023161371495,2023,161371495,1,11,0,4,4,2,6,0,0,8,0,0,0,0,0,1,1,1,2,49,8,4500,2,12,ALEXANDER DENNIS MODEL MISSING,1,E01012855,0,-1
2023320276070,2023,320276070,1,11,0,18,19,2,6,9,9,0,0,0,0,0,1,1,1,1,1,69,10,6700,2,16,ALEXANDER DENNIS MODEL MISSING,2,E01026049,0,-1
2023041389422,2023,041389422,1,11,0,16,19,5,2,0,0,1,0,0,0,0,0,1,6,6,3,-1,-1,6700,2,6,ALEXANDER DENNIS MODEL MISSING,-1,-1,0,-1
2023010457514,2023,010457514,1,11,0,18,19,1,5,0,0,2,0,11,0,0,3,1,1,1,1,22,5,4500,2,6,ALEXANDER DENNIS MODEL MISSING,3,E01003588,0,-1
2023010461245,2023,010461245,1,11,0,99,99,9,9,99,99,0,9,99,9,99,9,9,6,6,1,60,9,4500,2,9,ALEXANDER DENNIS MODEL MISSING,3,E01004571,0,-1
2023010424089,2023,010424089,2,11,0,99,99,9,9,0,0,9,0,0,0,0,1,1,6,6,3,-1,-1,4500,2,13,ALEXANDER DENNIS MODEL MISSING,-1,-1,0,-1
2023010471493,2023,010471493,2,11,9,99,99,9,9,99,99,9,9,99,9,99,9,9,6,6,3,55,8,6700,2,3,ALEXANDER DENNIS MODEL MISSING,8,E01003678,0,-1
2023010455887,2023,010455887,1,11,0,5,5,7,3,0,0,0,0,0,0,0,0,1,1,1,1,46,8,4500,2,11,ALEXANDER DENNIS MODEL MISSING,3,E01002397,0,-1
2023471384488,2023,471384488,1,11,0,18,19,4,8,0,0,0,0,0,0,0,0,1,1,1,1,38,7,8268,2,17,ALEXANDER DENNIS MODEL MISSING,7,E01021010,0,-1
2023351395833,2023,351395833,2,11,0,5,5,7,1,0,0,4,0,0,0,0,1,1,1,1,1,34,6,4461,2,9,ALEXANDER DENNIS MODEL MISSING,-1,-1,0,-1
2023010427385,2023,010427385,1,11,0,5,5,7,3,2,2,1,0,0,0,0,0,1,1,1,2,44,7,4500,2,5,ALEXANDER DENNIS MODEL MISSING,4,E01002650,0,-1
2023471344865,2023,471344865,1,11,0,18,19,5,1,2,2,2,0,0,0,0,1,1,1,1,1,46,8,4500,2,4,ALEXANDER DENNIS MODEL MISSING,4,E01016855,0,-1
2023061310321,2023,061310321,2,11,0,18,19,8,3,0,0,8,0,0,0,0,1,1,1,1,1,36,7,6700,2,7,ALEXANDER DENNIS MODEL MISSING,4,E01006187,0,-1