collision_index,collision_year,collision_ref_no,vehicle_reference,vehicle_type,towing_and_articulation,vehicle_manoeuvre_historic,vehicle_manoeuvre,vehicle_direction_from,vehicle_direction_to,vehicle_location_restricted_lane_historic,vehicle_location_restricted_lane,junction_location,skidding_and_overturning,hit_object_in_carriageway,vehicle_leaving_carriageway,hit_object_off_carriageway,first_point_of_impact,vehicle_left_hand_drive,journey_purpose_of_driver_historic,journey_purpose_of_driver,sex_of_driver,age_of_driver,age_band_of_driver,engine_capacity_cc,propulsion_code,age_of_vehicle,generic_make_model,driver_imd_decile,lsoa_of_driver,escooter_flag,driver_distance_banding
2023010459216,2023,010459216,1,11,0,18,19,2,6,0,0,0,0,0,0,0,1,1,6,6,3,-1,-1,4500,2,8,ALEXANDER DENNIS MODEL MISSING,-1,-1,0,-1
2023010424711,2023,010424711,2,11,0,18,19,5,1,0,0,1,0,0,0,0,4,1,1,1,1,54,8,6700,2,11,ALEXANDER DENNIS MODEL MISSING,2,E01001432,0,-1
2023010446273,2023,010446273,1,11,0,13,13,3,7,0,0,0,0,0,0,0,1,1,1,1,1,55,8,6700,2,13,ALEXANDER DENNIS MODEL MISSING,5,E01015928,0,-1
2023311301046,2023,311301046,1,11,0,18,19,1,5,0,0,0,0,0,0,0,1,1,1,1,1,30,6,4461,2,10,ALEXANDER DENNIS MODEL MISSING,-1,-1,0,-1
2023010461179,2023,010461179,2,11,0,3,3,2,6,0,0,0,0,0,0,0,2,1,1,1,1,42,7,6696,2,10,ALEXANDER DENNIS MODEL MISSING,3,E01002396,0,-1
2023161298700,2023,161298700,3,11,0,18,19,3,7,0,0,1,0,0,0,0,0,1,1,1,3,-1,-1,6700,2,4,ALEXANDER DENNIS MODEL MISSING,-1,-1,0,-1
2023010463152,2023,010463152,1,11,0,14,14,3,7,0,0,1,0,0,0,0,3,1,6,6,1,38,7,6700,2,11,ALEXANDER DENNIS MODEL MISSING,3,E01013763,0,-1
2023010468980,2023,010468980,1,11,0,16,19,1,5,0,0,1,0,0,0,0,0,1,1,1,1,32,6,4500,2,8,ALEXANDER DENNIS MODEL MISSING,3,E01003525,0,-1
2023041260499,2023,041260499,1,11,0,18,19,1,5,0,0,8,0,0,0,0,1,1,1,1,1,57,9,6700,2,4,ALEXANDER DENNIS MODEL MISSING,8,E01025105,0,-1
2023141266912,2023,141266912,1,11,0,4,4,7,3,0,0,1,0,0,0,0,2,1,1,1,1,43,7,6696,2,10,ALEXANDER DENNIS MODEL MISSING,4,E01026377,0,-1
2023010457477,2023,010457477,1,11,0,99,99,9,9,99,99,9,9,99,9,99,9,9,6,6,1,47,8,4500,2,8,ALEXANDER DENNIS MODEL MISSING,4,E01000029,0,-1
2023131370427,2023,131370427,2,11,0,18,19,1,5,0,0,8,0,0,0,0,1,1,1,1,1,37,7,6700,2,15,ALEXANDER DENNIS MODEL MISSING,4,E01011753,0,-1
2023010445466,2023,010445466,2,11,0,9,9,7,4,0,0,2,0,0,0,0,4,1,6,6,1,57,9,4500,2,11,ALEXANDER DENNIS MODEL MISSING,9,E01000686,0,-1
2023052300799,2023,052300799,2,11,0,18,19,7,3,0,0,2,0,0,0,0,2,1,1,1,1,64,9,6696,2,8,ALEXANDER DENNIS MODEL MISSING,5,E01006892,0,-1
2023010446320,2023,010446320,2,11,0,4,4,1,5,0,0,1,0,0,0,0,1,1,1,1,1,22,5,4500,2,12,ALEXANDER DENNIS MODEL MISSING,2,E01001667,0,-1
2023010434241,2023,010434241,1,11,0,5,5,1,5,0,0,6,0,0,0,0,0,1,1,1,1,58,9,4500,2,5,ALEXANDER DENNIS MODEL MISSING,2,E01003253,0,-1
2023351300738,2023,351300738,2,11,0,18,19,-1,-1,0,0,8,0,0,0,0,1,1,6,6,1,49,8,6700,2,13,ALEXANDER DENNIS MODEL MISSING,1,E01015611,0,-1
2023471302056,2023,471302056,2,11,0,5,5,8,4,0,0,1,0,0,0,0,0,1,1,1,1,25,5,4500,2,13,ALEXANDER DENNIS MODEL MISSING,3,E01020981,0,-1
2023141340239,2023,141340239,1,11,0,18,19,7,3,0,0,0,0,0,0,0,0,1,1,1,2,28,6,6696,2,8,ALEXANDER DENNIS MODEL MISSING,5,E01011772,0,-1
2023471337603,2023,471337603,1,11,0,2,2,3,7,0,0,0,0,0,0,0,1,1,1,1,1,-1,-1,4500,2,4,ALEXANDER DENNIS MODEL MISSING,2,E01016873,0,-1
2023332301229,2023,332301229,1,11,0,18,19,4,8,0,0,0,0,0,0,0,0,1,1,1,1,51,8,6700,2,3,ALEXANDER DENNIS MODEL MISSING,2,E01013695,0,-1
2023010442547,2023,010442547,2,11,0,18,19,5,1,0,0,1,0,0,0,0,1,1,1,1,1,35,6,4500,2,7,ALEXANDER DENNIS MODEL MISSING,3,E01003564,0,-1
2023010480526,2023,010480526,1,11,0,5,5,7,3,0,0,0,0,0,0,0,1,1,1,1,1,71,10,6700,2,11,ALEXANDER DENNIS MODEL MISSING,5,E01002661,0,-1
2023010467463,2023,010467463,1,11,0,4,4,3,7,0,0,0,0,0,0,0,1,1,6,6,3,52,8,6700,2,7,ALEXANDER DENNIS MODEL MISSING,3,E01000736,0,-1
2023610035623,2023,610035623,1,11,0,9,9,7,5,0,0,6,0,0,0,0,0,1,1,1,1,63,9,6700,2,13,ALEXANDER DENNIS MODEL MISSING,8,W01001495,0,-1
2023010475707,2023,010475707,1,11,0,18,19,3,7,0,0,8,0,0,0,0,0,1,6,6,1,32,6,4461,2,10,ALEXANDER DENNIS MODEL MISSING,2,E01000015,0,-1
2023161393300,2023,161393300,2,11,0,5,5,8,4,0,0,0,0,0,0,0,1,1,1,1,1,56,9,6700,2,4,ALEXANDER DENNIS MODEL MISSING,-1,-1,0,-1
2023010451178,2023,010451178,2,11,0,99,99,9,9,99,99,9,9,99,9,99,9,9,6,6,3,33,6,6696,2,10,ALEXANDER DENNIS MODEL MISSING,-1,-1,0,-1
2023010451528,2023,010451528,1,11,0,18,19,2,6,0,0,1,0,0,0,0,0,1,1,1,1,60,9,6700,2,11,ALEXANDER DENNIS MODEL MISSING,4,E01003683,0,-1
2023010440083,2023,010440083,1,11,0,18,19,1,5,0,0,0,0,0,0,0,4,1,1,1,1,34,6,4500,2,9,ALEXANDER DENNIS MODEL MISSING,8,E01000371,0,-1
2023471318320,2023,471318320,2,11,0,2,2,0,0,0,0,0,0,0,0,0,2,1,1,1,2,43,7,6700,2,5,ALEXANDER DENNIS MODEL MISSING,3,E01031789,0,-1
2023010459910,2023,010459910,1,11,0,9,9,2,8,0,0,1,0,0,0,0,3,1,6,6,1,20,4,6700,2,11,ALEXANDER DENNIS MODEL MISSING,2,E01001800,0,-1
2023010479504,2023,010479504,1,11,0,17,19,7,3,0,0,7,0,0,0,0,0,1,1,1,1,30,6,4500,2,13,ALEXANDER DENNIS MODEL MISSING,3,E01001362,0,-1
2023010464883,2023,010464883,3,11,0,5,5,1,5,0,0,1,0,0,0,0,1,1,1,1,1,50,8,4500,2,5,ALEXANDER DENNIS MODEL MISSING,5,E01004523,0,-1
2023311367941,2023,311367941,1,11,0,4,4,-1,-1,0,0,0,0,0,0,0,0,1,5,6,1,31,6,4500,2,5,ALEXANDER DENNIS MODEL MISSING,-1,-1,0,-1
2023010478637,2023,010478637,1,11,0,5,5,0,5,0,0,4,0,0,3,0,0,1,1,1,1,26,6,6700,2,12,ALEXANDER DENNIS MODEL MISSING,2,E01021279,0,-1
2023311263971,2023,311263971,1,11,0,18,19,4,2,0,0,0,0,0,0,0,0,1,1,1,1,30,6,4500,2,4,ALEXANDER DENNIS MODEL MISSING,1,E01013920,0,-1
2023440470742,2023,440470742,1,11,0,4,4,4,8,0,0,1,0,0,0,0,0,1,1,1,1,62,9,6700,2,4,ALEXANDER DENNIS MODEL MISSING,-1,-1,0,-1
2023161349926,2023,161349926,1,11,0,2,2,0,0,0,0,0,0,0,0,0,0,1,1,1,1,64,9,6700,2,4,ALEXANDER DENNIS MODEL MISSING,1,E01012836,0,-1
2023010435954,2023,010435954,2,11,0,18,19,3,7,0,0,3,0,0,0,0,1,1,1,1,1,62,9,4500,2,12,ALEXANDER DENNIS MODEL MISSING,2,E01003497,0,-1
2023471380246,2023,471380246,1,11,0,2,2,7,3,0,0,1,0,0,0,0,0,1,1,1,1,58,9,4500,2,3,ALEXANDER DENNIS MODEL MISSING,2,E01017011,0,-1
2023010419770,2023,010419770,1,11,0,4,4,1,5,2,2,2,0,0,0,0,0,1,1,1,1,57,9,6696,2,10,ALEXANDER DENNIS MODEL MISSING,2,E01021872,0,-1
2023351367643,2023,351367643,1,11,0,5,5,5,1,0,0,0,0,0,0,0,1,1,1,1,1,45,7,6696,2,10,ALEXANDER DENNIS MODEL MISSING,-1,-1,0,-1
2023010442592,2023,010442592,1,11,0,5,5,3,7,0,0,8,0,0,0,0,1,1,2,2,1,56,9,4500,2,9,ALEXANDER DENNIS MODEL MISSING,2,E01001692,0,-1
2023991378816,2023,991378816,2,11,0,2,2,0,0,0,0,0,0,0,0,0,2,1,1,1,1,46,8,6696,2,9,ALEXANDER DENNIS MODEL MISSING,10,-1,0,-1
2023522400761,2023,522400761,1,11,0,16,19,2,5,0,0,3,0,0,0,0,4,1,1,1,1,49,8,6700,2,5,ALEXANDER DENNIS MODEL MISSING,6,E01014631,0,-1
2023041321672,2023,041321672,1,11,0,4,4,3,7,0,0,0,0,0,0,0,4,1,1,1,1,50,8,6700,2,6,ALEXANDER DENNIS MODEL MISSING,1,E01012687,0,-1
2023010423530,2023,010423530,3,11,0,18,19,3,7,0,0,1,0,0,0,0,3,1,1,1,1,52,8,4500,2,12,ALEXANDER DENNIS MODEL MISSING,3,E01003609,0,-1
2023010472180,2023,010472180,1,11,0,9,9,1,7,3,2,6,0,0,0,0,1,1,1,1,1,55,8,4500,2,6,ALEXANDER DENNIS MODEL MISSING,2,E01000431,0,-1
2023010438409,2023,010438409,1,11,0,9,9,5,3,0,0,2,0,0,0,0,4,1,1,1,1,44,7,4500,2,14,ALEXANDER DENNIS MODEL MISSING,3,E01002504,0,-1
2023010486559,2023,010486559,1,11,0,9,9,5,3,0,0,1,0,0,0,0,0,1,1,1,1,38,7,4500,2,11,ALEXANDER DENNIS MODEL MISSING,2,E01003968,0,-1
2023311312027,2023,311312027,1,11,0,9,9,2,4,0,0,6,0,0,0,0,0,1,1,1,1,24,5,6696,2,10,ALEXANDER DENNIS MODEL MISSING,2,E01013905,0,-1
2023010471983,2023,010471983,1,11,0,4,4,1,5,0,0,6,0,0,0,0,1,1,1,1,1,45,7,4500,2,7,ALEXANDER DENNIS MODEL MISSING,3,E01024149,0,-1
2023010474434,2023,010474434,2,11,0,18,19,3,7,0,0,8,0,0,0,0,1,1,1,1,1,39,7,6700,2,12,ALEXANDER DENNIS MODEL MISSING,3,E01001190,0,-1
2023430427350,2023,430427350,2,11,0,18,19,8,4,0,0,1,0,0,0,0,1,1,1,1,1,56,9,4500,2,12,ALEXANDER DENNIS MODEL MISSING,9,E01028663,0,-1
2023010454123,2023,010454123,1,11,0,4,4,7,3,0,0,1,0,0,0,0,0,1,1,1,1,54,8,4500,2,12,ALEXANDER DENNIS MODEL MISSING,2,-1,0,-1
2023010419956,2023,010419956,1,11,0,5,5,1,5,2,2,0,0,0,0,0,0,1,1,1,2,49,8,4500,2,7,ALEXANDER DENNIS MODEL MISSING,5,E01003955,0,-1
2023010444471,2023,010444471,1,11,0,18,19,1,5,0,0,0,0,0,0,0,0,1,6,6,1,64,9,6700,2,11,ALEXANDER DENNIS MODEL MISSING,1,E01000106,0,-1
2023010443729,2023,010443729,2,11,0,99,99,9,9,0,0,9,0,99,0,0,9,9,6,6,2,58,9,4500,2,6,ALEXANDER DENNIS MODEL MISSING,4,E01003329,0,-1
2023010419982,2023,010419982,1,11,0,4,4,5,1,0,0,0,0,0,0,0,0,1,1,1,1,59,9,6700,2,4,ALEXANDER DENNIS MODEL MISSING,5,E01002344,0,-1
2023010444498,2023,010444498,2,11,0,18,19,1,5,0,0,0,0,0,0,0,2,1,1,1,2,38,7,6700,2,5,ALEXANDER DENNIS MODEL MISSING,2,E01003497,0,-1
2023610026723,2023,610026723,1,11,0,18,19,8,4,0,0,0,0,0,0,0,3,1,1,1,1,68,10,4461,2,10,ALEXANDER DENNIS MODEL MISSING,1,W01001301,0,-1
2023010459183,2023,010459183,1,11,0,12,12,3,7,0,0,1,0,0,0,0,0,1,1,1,1,56,9,4500,2,15,ALEXANDER DENNIS MODEL MISSING,7,E01001904,0,-1
2023010445483,2023,010445483,1,11,0,16,19,1,5,0,0,1,0,0,0,0,0,1,1,1,1,29,6,4500,2,12,ALEXANDER DENNIS MODEL MISSING,2,E01003922,0,-1
2023041363156,2023,041363156,2,11,0,17,19,1,3,0,0,5,0,0,3,0,1,1,5,6,1,60,9,6700,2,6,ALEXANDER DENNIS MODEL MISSING,7,E01025594,0,-1
2023010429399,2023,010429399,1,11,0,15,15,7,3,2,2,8,0,0,0,0,1,1,6,6,2,34,6,4500,2,5,ALEXANDER DENNIS MODEL MISSING,5,E01003359,0,-1
2023351275354,2023,351275354,1,11,-1,-1,-1,1,1,-1,-1,-1,-1,-1,-1,0,-1,1,6,6,2,59,9,6700,2,13,ALEXANDER DENNIS MODEL MISSING,2,E01015657,0,-1
2023010463203,2023,010463203,1,11,0,5,5,8,4,0,0,1,0,0,0,0,0,1,1,1,1,56,9,4500,2,12,ALEXANDER DENNIS MODEL MISSING,8,E01000823,0,-1
2023401390653,2023,401390653,1,11,0,18,19,1,1,0,0,0,0,10,1,0,1,1,1,1,1,35,6,4500,2,7,ALEXANDER DENNIS MODEL MISSING,7,E01033432,0,-1
2023010484328,2023,010484328,1,11,0,18,19,7,3,0,0,1,0,0,0,0,4,1,1,1,2,57,9,4500,2,6,ALEXANDER DENNIS MODEL MISSING,7,E01003206,0,-1
2023010472478,2023,010472478,1,11,0,99,99,9,9,99,99,9,9,99,9,99,9,9,6,6,1,35,6,6700,2,11,ALEXANDER DENNIS MODEL MISSING,5,E01003480,0,-1
2023481380235,2023,481380235,1,11,0,18,19,5,1,0,0,2,0,0,0,0,0,1,1,1,1,35,6,4500,2,7,ALEXANDER DENNIS MODEL MISSING,-1,-1,0,-1
2023010453506,2023,010453506,1,11,0,5,5,5,1,0,0,1,0,0,0,0,0,1,1,1,1,42,7,4500,2,7,ALEXANDER DENNIS MODEL MISSING,4,E01003919,0,-1
2023010437100,2023,010437100,1,11,0,5,5,5,1,0,0,0,0,0,0,0,0,1,1,1,1,53,8,4500,2,11,ALEXANDER DENNIS MODEL MISSING,1,E01000551,0,-1
2023451272143,2023,451272143,1,11,0,18,19,1,5,0,0,0,0,0,0,0,0,1,1,1,2,64,9,6696,2,10,ALEXANDER DENNIS MODEL MISSING,5,E01030484,0,-1
2023010454782,2023,010454782,1,11,0,4,4,3,7,0,0,1,0,0,0,0,0,1,1,1,1,42,7,4500,2,11,ALEXANDER DENNIS MODEL MISSING,-1,-1,0,-1
2023010426975,2023,010426975,1,11,0,18,19,1,5,0,0,8,0,0,0,0,1,1,1,1,1,53,8,6700,2,15,ALEXANDER DENNIS MODEL MISSING,-1,-1,0,-1
2023010437581,2023,010437581,2,11,0,99,99,9,9,99,99,9,9,99,9,99,9,9,6,6,3,-1,-1,4500,2,6,ALEXANDER DENNIS MODEL MISSING,-1,-1,0,-1
2023010467479,2023,010467479,1,11,0,5,5,7,3,2,2,1,0,0,0,0,0,1,1,1,1,30,6,4500,2,8,ALEXANDER DENNIS MODEL MISSING,3,E01003372,0,-1
2023991363941,2023,991363941,1,11,0,4,4,7,3,0,0,1,0,0,0,0,0,1,1,1,1,32,6,6700,2,3,ALEXANDER DENNIS MODEL MISSING,8,-1,0,-1
2023101341130,2023,101341130,1,11,-1,2,2,8,1,2,2,0,0,0,0,0,-1,1,1,1,1,52,8,6700,2,1,ALEXANDER DENNIS MODEL MISSING,10,E01027455,0,-1
2023010435712,2023,010435712,1,11,0,18,19,2,6,0,0,8,0,0,0,0,4,1,6,6,3,-1,-1,4500,2,5,ALEXANDER DENNIS MODEL MISSING,-1,-1,0,-1
2023461301439,2023,461301439,1,11,0,18,19,7,3,0,0,0,0,0,0,0,3,1,1,1,1,-1,-1,4461,2,8,ALEXANDER DENNIS MODEL MISSING,-1,-1,0,-1
2023010443003,2023,010443003,1,11,0,4,4,5,1,0,0,0,0,0,0,0,1,1,1,1,1,25,5,4500,2,5,ALEXANDER DENNIS MODEL MISSING,4,E01003212,0,-1
2023010445296,2023,010445296,1,11,0,18,19,5,1,0,0,1,0,0,0,0,0,1,1,1,1,47,8,4500,2,5,ALEXANDER DENNIS MODEL MISSING,4,E01003249,0,-1
2023201326937,2023,201326937,1,11,0,8,8,6,1,0,0,8,0,0,0,0,2,1,1,1,1,55,8,6700,2,11,ALEXANDER DENNIS MODEL MISSING,1,E01009350,0,-1
2023010436162,2023,010436162,1,11,9,99,99,9,9,99,99,9,9,99,9,99,9,9,1,1,1,64,9,4500,2,14,ALEXANDER DENNIS MODEL MISSING,5,E01024319,0,-1
2023010474445,2023,010474445,2,11,0,18,19,5,1,0,0,8,0,0,0,0,3,1,1,1,1,45,7,4500,2,15,ALEXANDER DENNIS MODEL MISSING,3,E01004259,0,-1
2023451352292,2023,451352292,1,11,0,18,19,6,2,0,0,0,0,0,8,2,1,1,1,1,1,31,6,4461,2,9,ALEXANDER DENNIS MODEL MISSING,10,E01030762,0,-1
2023471358167,2023,471358167,1,11,0,18,19,3,7,0,0,0,0,0,0,0,0,1,1,1,2,56,9,4500,2,3,ALEXANDER DENNIS MODEL MISSING,2,E01016873,0,-1
2023131379777,2023,131379777,1,11,0,2,2,1,1,0,0,0,0,0,0,0,2,1,1,1,1,59,9,4500,2,14,ALEXANDER DENNIS MODEL MISSING,1,E01007402,0,-1
2023010478964,2023,010478964,1,11,0,18,19,5,1,2,2,1,0,0,1,0,1,1,1,1,1,24,5,4500,2,7,ALEXANDER DENNIS MODEL MISSING,2,E01003194,0,-1
2023991298873,2023,991298873,3,11,0,18,19,3,6,0,0,0,0,0,0,0,4,1,5,6,1,54,8,4500,2,4,ALEXANDER DENNIS MODEL MISSING,-1,-1,0,-1
2023161329428,2023,161329428,2,11,0,2,2,0,0,2,2,1,0,0,0,0,2,1,1,1,1,47,8,4500,2,12,ALEXANDER DENNIS MODEL MISSING,1,E01012880,0,-1
2023010425484,2023,010425484,1,11,0,5,5,8,4,3,2,2,0,0,0,0,0,1,1,1,1,41,7,6700,2,14,ALEXANDER DENNIS MODEL MISSING,2,E01003390,0,-1
2023010419381,2023,010419381,1,11,9,99,99,9,9,99,99,9,9,99,9,99,9,1,6,6,3,-1,-1,6700,2,8,ALEXANDER DENNIS MODEL MISSING,-1,-1,0,-1
2023010426355,2023,010426355,1,11,0,2,2,0,0,0,0,1,0,0,0,0,0,1,6,6,3,-1,-1,4500,2,7,ALEXANDER DENNIS MODEL MISSING,-1,-1,0,-1
2023101295113,2023,101295113,1,11,0,2,2,5,1,0,0,1,0,0,0,0,0,1,1,1,1,36,7,4500,2,12,ALEXANDER DENNIS MODEL MISSING,3,E01008567,0,-1
2023010427499,2023,010427499,1,11,0,99,99,9,9,99,99,9,9,99,9,99,1,1,6,6,3,61,9,4500,2,11,ALEXANDER DENNIS MODEL MISSING,1,E01001364,0,-1
2023010456003,2023,010456003,1,11,0,4,4,5,1,2,2,0,0,0,0,0,0,1,1,1,1,60,9,4500,2,5,ALEXANDER DENNIS MODEL MISSING,4,E01023543,0,-1
2023010440754,2023,010440754,1,11,0,5,5,5,1,0,0,0,0,0,0,0,1,1,1,1,1,37,7,6700,2,11,ALEXANDER DENNIS MODEL MISSING,5,E01023331,0,-1
2023010458251,2023,010458251,1,11,0,18,19,6,2,0,0,8,0,0,0,0,1,1,1,1,1,19,4,4500,2,12,ALEXANDER DENNIS MODEL MISSING,1,E01001426,0,-1
2023320006046,2023,320006046,1,11,0,18,19,6,2,0,0,0,0,0,0,0,4,1,1,1,1,60,9,6696,2,9,ALEXANDER DENNIS MODEL MISSING,7,E01026319,0,-1
2023010435598,2023,010435598,2,11,0,99,99,9,9,99,99,9,9,99,9,99,1,9,6,6,3,-1,-1,4500,2,5,ALEXANDER DENNIS MODEL MISSING,-1,-1,0,-1
2023010454361,2023,010454361,1,11,0,4,4,4,8,2,2,0,0,0,0,0,4,1,1,1,1,19,4,4500,2,5,ALEXANDER DENNIS MODEL MISSING,9,E01002286,0,-1
2023332300905,2023,332300905,1,11,0,18,19,4,8,0,0,0,0,0,0,0,1,1,1,1,2,62,9,4500,2,6,ALEXANDER DENNIS MODEL MISSING,9,E01025951,0,-1
2023161367596,2023,161367596,1,11,0,3,3,7,3,0,0,2,0,0,0,0,0,1,1,1,1,36,7,4500,2,14,ALEXANDER DENNIS MODEL MISSING,-1,-1,0,-1
2023131371341,2023,131371341,1,11,0,9,9,8,3,0,0,8,0,0,0,0,0,1,1,1,2,51,8,4461,2,9,ALEXANDER DENNIS MODEL MISSING,2,E01011925,0,-1
2023010481296,2023,010481296,1,11,0,5,5,1,5,0,0,2,0,0,0,0,0,1,1,1,1,61,9,6700,2,14,ALEXANDER DENNIS MODEL MISSING,4,E01004148,0,-1
2023311370094,2023,311370094,2,11,0,18,19,1,5,0,0,0,0,0,0,0,0,1,1,1,2,31,6,6700,2,5,ALEXANDER DENNIS MODEL MISSING,-1,-1,0,-1
2023471388437,2023,471388437,2,11,0,18,19,4,7,0,0,0,0,0,0,0,3,1,1,1,1,52,8,6696,2,10,ALEXANDER DENNIS MODEL MISSING,4,E01031435,0,-1
2023401276121,2023,401276121,1,11,0,18,19,1,5,0,0,0,0,0,0,0,1,1,1,1,1,60,9,4461,2,7,ALEXANDER DENNIS MODEL MISSING,10,E01017405,0,-1
2023520000416,2023,520000416,1,11,0,18,19,5,1,0,0,1,0,0,0,0,1,1,1,1,1,19,4,4500,2,11,ALEXANDER DENNIS MODEL MISSING,6,E01032083,0,-1
2023161319612,2023,161319612,2,11,0,18,19,3,7,0,0,1,1,0,0,0,1,1,1,1,1,36,7,6700,2,4,ALEXANDER DENNIS MODEL MISSING,2,E01013071,0,-1
2023010421898,2023,010421898,1,11,0,9,9,1,6,0,0,8,0,0,0,0,0,1,1,1,1,48,8,4500,2,12,ALEXANDER DENNIS MODEL MISSING,4,E01003494,0,-1
2023101379798,2023,101379798,2,11,0,18,19,1,5,0,0,0,0,0,0,0,0,1,1,1,1,23,5,6700,2,4,ALEXANDER DENNIS MODEL MISSING,10,E01008475,0,-1
2023010420276,2023,010420276,1,11,0,18,19,1,5,0,0,2,0,0,0,0,0,1,1,1,1,34,6,4500,2,7,ALEXANDER DENNIS MODEL MISSING,2,E01001112,0,-1
2023010472466,2023,010472466,1,11,0,4,4,1,5,0,0,1,0,0,0,0,0,1,1,1,1,34,6,4500,2,8,ALEXANDER DENNIS MODEL MISSING,5,E01002660,0,-1
2023991376217,2023,991376217,1,11,0,18,19,2,6,0,0,0,0,11,0,0,4,1,1,1,1,52,8,6700,2,4,ALEXANDER DENNIS MODEL MISSING,4,-1,0,-1
2023622300140,2023,622300140,2,11,0,3,3,8,4,0,0,1,0,0,0,0,0,1,1,1,1,53,8,4461,2,9,ALEXANDER DENNIS MODEL MISSING,4,W01001709,0,-1
2023201322606,2023,201322606,2,11,0,18,19,2,6,0,0,0,0,0,0,0,1,1,1,1,1,59,9,4500,2,4,ALEXANDER DENNIS MODEL MISSING,3,E01008936,0,-1
2023010449268,2023,010449268,1,11,0,18,19,5,1,0,0,1,0,0,0,0,1,1,1,1,1,56,9,4500,2,6,ALEXANDER DENNIS MODEL MISSING,10,E01001129,0,-1
2023061378526,2023,061378526,1,11,0,18,19,8,4,0,0,1,0,0,0,0,1,1,1,1,1,30,6,6700,2,7,ALEXANDER DENNIS MODEL MISSING,3,E01006020,0,-1
2023421300165,2023,421300165,1,11,0,18,19,5,1,0,0,1,0,0,0,0,1,1,6,6,1,56,9,4500,2,13,ALEXANDER DENNIS MODEL MISSING,1,E01022042,0,-1
2023170H10963,2023,170H10963,1,11,0,18,19,7,3,0,0,8,0,0,0,0,4,1,1,1,1,34,6,6696,2,9,ALEXANDER DENNIS MODEL MISSING,1,E01012266,0,-1
2023201354758,2023,201354758,2,11,0,5,5,2,6,0,0,0,0,0,0,0,0,1,1,1,1,56,9,4461,2,9,ALEXANDER DENNIS MODEL MISSING,2,E01010338,0,-1
2023302301313,2023,302301313,1,11,0,18,19,5,1,0,0,8,0,0,0,0,3,1,1,1,1,57,9,4500,2,11,ALEXANDER DENNIS MODEL MISSING,1,E01008082,0,-1
2023361263317,2023,361263317,1,11,0,9,9,5,2,2,2,2,0,0,0,0,1,1,1,1,1,63,9,6696,2,8,ALEXANDER DENNIS MODEL MISSING,4,E01026640,0,-1
2023101388346,2023,101388346,2,11,0,5,5,3,7,0,0,8,0,0,0,0,0,1,1,1,1,29,6,6700,2,7,ALEXANDER DENNIS MODEL MISSING,3,E01008350,0,-1
2023010478376,2023,010478376,1,11,0,18,19,5,1,0,0,1,0,0,0,0,0,1,1,1,1,24,5,4500,2,11,ALEXANDER DENNIS MODEL MISSING,3,E01001814,0,-1
2023010464001,2023,010464001,1,11,0,16,19,8,4,0,0,0,0,0,0,0,1,1,1,1,1,45,7,6700,2,11,ALEXANDER DENNIS MODEL MISSING,4,E01001336,0,-1
2023010442199,2023,010442199,1,11,0,9,9,3,1,0,0,8,0,0,0,0,1,1,1,1,1,26,6,4500,2,7,ALEXANDER DENNIS MODEL MISSING,2,E01003689,0,-1
2023101398547,2023,101398547,2,11,0,18,19,6,2,0,0,8,0,0,0,0,1,1,1,1,1,27,6,6700,2,7,ALEXANDER DENNIS MODEL MISSING,2,E01008383,0,-1
2023471289111,2023,471289111,1,11,0,14,14,5,1,0,0,1,0,0,0,0,4,1,1,1,1,48,8,4500,2,4,ALEXANDER DENNIS MODEL MISSING,2,E01016906,0,-1
2023010480938,2023,010480938,2,11,0,99,99,9,9,99,99,9,9,99,9,99,1,9,6,6,3,-1,-1,6700,2,11,ALEXANDER DENNIS MODEL MISSING,-1,-1,0,-1
2023010457211,2023,010457211,1,11,0,18,19,1,5,0,0,5,0,0,0,0,0,1,1,1,1,57,9,4500,2,6,ALEXANDER DENNIS MODEL MISSING,4,E01003231,0,-1
2023471266754,2023,471266754,2,11,0,18,19,8,4,0,0,1,0,0,0,0,0,1,1,1,1,34,6,4500,2,4,ALEXANDER DENNIS MODEL MISSING,6,E01031796,0,-1
2023010454310,2023,010454310,1,11,0,99,99,9,9,99,99,0,9,99,9,99,2,9,6,6,1,58,9,4500,2,12,ALEXANDER DENNIS MODEL MISSING,2,E01001577,0,-1