collision_index,collision_year,collision_ref_no,vehicle_reference,vehicle_type,towing_and_articulation,vehicle_manoeuvre_historic,vehicle_manoeuvre,vehicle_direction_from,vehicle_direction_to,vehicle_location_restricted_lane_historic,vehicle_location_restricted_lane,junction_location,skidding_and_overturning,hit_object_in_carriageway,vehicle_leaving_carriageway,hit_object_off_carriageway,first_point_of_impact,vehicle_left_hand_drive,journey_purpose_of_driver_historic,journey_purpose_of_driver,sex_of_driver,age_of_driver,age_band_of_driver,engine_capacity_cc,propulsion_code,age_of_vehicle,generic_make_model,driver_imd_decile,lsoa_of_driver,escooter_flag,driver_distance_banding
2023311274021,2023,311274021,1,11,0,4,4,7,3,0,0,1,0,0,0,0,0,1,1,1,1,20,4,4500,2,5,ALEXANDER DENNIS MODEL MISSING,1,E01013861,0,-1
2023010443475,2023,010443475,1,11,0,5,5,3,7,0,0,2,0,0,0,0,0,1,1,1,1,43,7,4500,2,9,ALEXANDER DENNIS MODEL MISSING,4,E01003118,0,-1
2023221364927,2023,221364927,2,11,0,16,19,5,8,0,0,0,0,0,0,0,1,1,1,1,2,54,8,4500,2,11,ALEXANDER DENNIS MODEL MISSING,5,E01009745,0,-1
2023010484713,2023,010484713,3,11,0,18,19,5,1,0,0,2,0,0,0,0,3,1,1,1,1,49,8,6700,2,12,ALEXANDER DENNIS MODEL MISSING,7,E01001036,0,-1
2023332300395,2023,332300395,1,11,0,18,19,0,0,0,0,0,0,0,0,0,1,1,1,1,1,33,6,6700,2,5,ALEXANDER DENNIS MODEL MISSING,3,E01009629,0,-1
2023010467960,2023,010467960,2,11,0,99,99,9,9,99,99,9,9,99,9,99,9,9,6,6,1,43,7,6700,2,12,ALEXANDER DENNIS MODEL MISSING,3,E01003050,0,-1
2023461300108,2023,461300108,2,11,0,2,2,2,6,0,0,1,0,0,0,0,4,1,1,1,3,-1,-1,8268,2,17,ALEXANDER DENNIS MODEL MISSING,-1,-1,0,-1
2023201339836,2023,201339836,1,11,0,18,19,4,8,0,0,0,0,0,0,0,2,1,6,6,1,64,9,6696,2,9,ALEXANDER DENNIS MODEL MISSING,6,E01010079,0,-1
2023471315112,2023,471315112,1,11,0,4,4,2,6,0,0,0,0,0,0,0,0,1,1,1,1,43,7,4500,2,11,ALEXANDER DENNIS MODEL MISSING,2,E01020990,0,-1
2023430008625,2023,430008625,1,11,0,9,9,2,8,0,0,6,0,0,0,0,1,1,1,1,1,64,9,4461,2,10,ALEXANDER DENNIS MODEL MISSING,8,E01028623,0,-1
2023430339373,2023,430339373,1,11,0,17,19,1,6,0,0,8,0,0,0,0,1,1,1,1,1,-1,-1,4461,2,10,ALEXANDER DENNIS MODEL MISSING,-1,-1,0,-1
2023061379178,2023,061379178,1,11,0,18,19,3,7,9,9,0,0,0,1,4,4,1,1,1,1,67,10,6700,2,15,ALEXANDER DENNIS MODEL MISSING,1,E01005746,0,-1
2023010448744,2023,010448744,2,11,0,4,4,5,1,0,0,1,0,0,0,0,1,1,1,1,2,39,7,4500,2,5,ALEXANDER DENNIS MODEL MISSING,8,E01015833,0,-1
2023070636411,2023,070636411,1,11,0,4,4,6,2,0,0,8,0,0,0,0,1,1,1,1,1,33,6,6700,2,6,ALEXANDER DENNIS MODEL MISSING,4,W01000366,0,-1
2023522400283,2023,522400283,2,11,0,18,19,1,5,0,0,8,0,0,0,0,4,1,6,6,1,42,7,6696,2,9,ALEXANDER DENNIS MODEL MISSING,6,E01029080,0,-1
2023010454475,2023,010454475,1,11,0,18,19,1,5,0,0,0,0,0,0,0,1,1,1,1,1,64,9,4500,2,8,ALEXANDER DENNIS MODEL MISSING,2,E01002637,0,-1
2023471279323,2023,471279323,1,11,0,18,19,1,5,0,0,3,0,0,0,0,3,1,1,1,2,42,7,4500,2,4,ALEXANDER DENNIS MODEL MISSING,3,E01031791,0,-1
2023010469615,2023,010469615,2,11,0,18,19,7,3,2,2,0,0,0,0,0,1,1,1,1,1,38,7,4500,2,6,ALEXANDER DENNIS MODEL MISSING,2,E01000045,0,-1
2023991325481,2023,991325481,3,11,0,2,2,1,5,0,0,8,0,0,0,0,1,1,1,1,1,42,7,6700,2,6,ALEXANDER DENNIS MODEL MISSING,-1,-1,0,-1
2023010463043,2023,010463043,1,11,0,4,4,1,5,0,0,2,0,0,0,0,0,1,1,1,1,26,6,6700,2,11,ALEXANDER DENNIS MODEL MISSING,3,E01004743,0,-1
2023010434234,2023,010434234,1,11,0,18,19,4,8,0,0,1,0,0,0,0,0,1,1,1,1,19,4,4500,2,5,ALEXANDER DENNIS MODEL MISSING,2,E01001773,0,-1
2023311376865,2023,311376865,2,11,0,18,19,2,6,0,0,8,0,0,0,0,1,1,1,1,1,39,7,4500,2,5,ALEXANDER DENNIS MODEL MISSING,3,E01027931,0,-1
2023010460161,2023,010460161,1,11,0,18,19,7,3,0,0,0,0,0,0,0,1,1,6,6,1,63,9,4461,2,10,ALEXANDER DENNIS MODEL MISSING,2,E01001367,0,-1
2023010484812,2023,010484812,1,11,0,8,8,8,2,0,0,1,0,0,0,0,0,1,1,1,1,61,9,4500,2,6,ALEXANDER DENNIS MODEL MISSING,5,E01002330,0,-1
2023461390557,2023,461390557,1,10,0,-1,-1,-1,-1,-1,-1,0,-1,-1,-1,0,3,1,1,1,1,-1,-1,-1,-1,-1,-1,2,E01016161,0,-1
2023061385193,2023,061385193,1,11,0,7,7,1,4,0,0,8,0,0,0,0,0,1,1,1,1,51,8,6700,2,8,ALEXANDER DENNIS MODEL MISSING,5,E01006121,0,-1
2023010480198,2023,010480198,1,11,0,5,5,5,1,0,0,1,0,0,0,0,0,1,1,1,1,42,7,6700,2,11,ALEXANDER DENNIS MODEL MISSING,2,E01001437,0,-1
2023610010023,2023,610010023,1,11,0,18,19,5,1,0,0,0,1,0,0,0,1,1,1,1,1,42,7,4500,2,12,ALEXANDER DENNIS MODEL MISSING,4,W01001487,0,-1
2023991272195,2023,991272195,1,11,0,9,9,1,7,0,0,8,0,0,0,0,1,1,1,1,1,27,6,4461,2,9,ALEXANDER DENNIS MODEL MISSING,2,-1,0,-1
2023010475610,2023,010475610,1,11,0,18,19,7,3,0,0,0,0,0,0,0,0,1,1,1,1,60,9,4500,2,9,ALEXANDER DENNIS MODEL MISSING,2,E01001631,0,-1
2023320747867,2023,320747867,1,11,0,18,19,4,8,0,0,0,0,0,0,0,1,1,1,1,1,66,10,6700,2,13,ALEXANDER DENNIS MODEL MISSING,2,E01026165,0,-1
2023010419559,2023,010419559,1,11,0,18,19,7,3,0,0,1,0,0,0,0,0,1,1,1,1,40,7,4500,2,3,ALEXANDER DENNIS MODEL MISSING,7,E01030402,0,-1
2023501353279,2023,501353279,1,11,0,9,9,1,6,0,0,6,0,0,0,0,1,1,1,1,1,41,7,4500,2,16,ALEXANDER DENNIS MODEL MISSING,1,E01015080,0,-1
2023411300331,2023,411300331,2,11,0,18,19,5,1,0,0,0,0,0,0,0,2,1,1,1,1,64,9,4461,2,8,ALEXANDER DENNIS MODEL MISSING,3,E01001440,0,-1
202354B300423,2023,54B300423,2,11,0,2,2,0,0,0,0,0,0,0,0,0,0,1,1,1,1,-1,-1,6700,2,7,ALEXANDER DENNIS MODEL MISSING,-1,-1,0,-1
2023010475888,2023,010475888,2,11,9,99,99,9,9,99,99,0,9,99,9,99,9,1,6,6,3,-1,-1,6700,2,4,ALEXANDER DENNIS MODEL MISSING,-1,-1,0,-1
2023010484774,2023,010484774,1,11,0,99,99,9,9,99,99,9,9,99,9,99,1,9,6,6,1,56,9,4500,2,11,ALEXANDER DENNIS MODEL MISSING,1,E01003291,0,-1
2023161303733,2023,161303733,2,11,0,9,9,5,7,0,0,8,5,0,0,0,1,1,1,1,1,59,9,6700,2,11,ALEXANDER DENNIS MODEL MISSING,8,E01026061,0,-1
2023070876593,2023,070876593,2,11,0,18,19,7,4,0,0,1,0,0,0,0,3,1,1,1,1,59,9,6700,2,7,ALEXANDER DENNIS MODEL MISSING,8,E01018379,0,-1
2023010442889,2023,010442889,1,11,0,18,19,1,5,0,0,8,0,0,0,0,0,1,1,1,1,43,7,6696,2,10,ALEXANDER DENNIS MODEL MISSING,-1,-1,0,-1
2023440454918,2023,440454918,2,11,0,18,19,6,2,0,0,0,0,0,0,0,1,1,1,1,1,60,9,6696,2,10,ALEXANDER DENNIS MODEL MISSING,3,E01023058,0,-1
2023052302867,2023,052302867,1,11,0,18,19,2,6,0,0,2,0,0,0,0,0,1,1,1,1,68,10,6700,2,5,ALEXANDER DENNIS MODEL MISSING,2,E01006663,0,-1
2023010429564,2023,010429564,1,11,0,18,19,1,5,0,0,2,0,0,0,0,1,1,1,1,1,36,7,6700,2,12,ALEXANDER DENNIS MODEL MISSING,2,E01003159,0,-1
2023461331519,2023,461331519,1,11,0,18,19,8,4,0,0,0,0,0,0,0,1,1,2,2,1,31,6,6700,2,4,ALEXANDER DENNIS MODEL MISSING,2,E01024699,0,-1
2023052300745,2023,052300745,2,11,0,18,19,4,8,0,0,8,0,0,0,0,4,1,1,1,3,-1,-1,6696,2,8,ALEXANDER DENNIS MODEL MISSING,-1,-1,0,-1
2023311358437,2023,311358437,1,11,0,2,2,0,0,0,0,0,0,0,0,0,2,1,1,1,1,57,9,4500,2,11,ALEXANDER DENNIS MODEL MISSING,8,E01028253,0,-1
2023010461756,2023,010461756,1,11,0,4,4,7,3,0,0,1,0,0,0,0,0,1,1,1,1,18,4,4500,2,11,ALEXANDER DENNIS MODEL MISSING,2,E01004467,0,-1
2023010471706,2023,010471706,1,11,0,18,19,3,7,0,0,0,0,0,0,0,2,1,1,1,1,44,7,4500,2,12,ALEXANDER DENNIS MODEL MISSING,4,E01015755,0,-1
2023461364933,2023,461364933,2,11,0,5,5,2,6,2,2,0,0,0,0,0,-1,1,1,1,1,35,6,6700,2,6,ALEXANDER DENNIS MODEL MISSING,5,E01033087,0,-1
2023161334268,2023,161334268,2,11,0,5,5,3,7,0,0,0,0,0,0,0,4,1,5,6,1,58,9,6700,2,13,ALEXANDER DENNIS MODEL MISSING,5,E01012768,0,-1
2023340WN0312,2023,340WN0312,1,11,0,5,5,0,2,0,0,0,0,0,0,0,0,1,1,1,3,-1,-1,8268,2,17,ALEXANDER DENNIS MODEL MISSING,-1,-1,0,-1
2023010439495,2023,010439495,2,11,0,4,4,3,7,2,2,2,0,0,0,0,2,1,1,1,1,60,9,4500,2,5,ALEXANDER DENNIS MODEL MISSING,3,E01002612,0,-1
2023471350909,2023,471350909,2,11,0,5,5,3,7,0,0,1,0,0,0,0,0,1,1,1,1,55,8,4500,2,3,ALEXANDER DENNIS MODEL MISSING,8,E01021030,0,-1
2023201306576,2023,201306576,2,11,0,17,19,7,5,0,0,0,0,0,0,0,3,1,1,1,1,62,9,6700,2,4,ALEXANDER DENNIS MODEL MISSING,3,E01010050,0,-1
2023201290904,2023,201290904,2,11,0,4,4,8,4,0,0,1,0,0,0,0,1,1,1,1,1,54,8,6700,2,5,ALEXANDER DENNIS MODEL MISSING,6,E01009878,0,-1
2023010479731,2023,010479731,1,11,0,18,19,3,7,2,2,0,0,0,0,0,1,1,1,1,1,42,7,4500,2,9,ALEXANDER DENNIS MODEL MISSING,8,E01003678,0,-1
2023430316430,2023,430316430,1,11,0,18,19,4,8,0,0,0,0,0,0,0,1,1,1,1,1,47,8,6700,2,4,ALEXANDER DENNIS MODEL MISSING,10,E01028721,0,-1
2023991381068,2023,991381068,1,11,0,18,19,3,7,0,0,1,0,0,0,0,4,1,6,6,1,41,7,6700,2,11,ALEXANDER DENNIS MODEL MISSING,-1,-1,0,-1
2023320503558,2023,320503558,2,11,0,4,4,1,5,0,0,1,0,0,0,0,0,1,1,1,2,57,9,4500,2,5,ALEXANDER DENNIS MODEL MISSING,-1,-1,0,-1
2023010428263,2023,010428263,2,11,0,99,99,9,9,99,99,0,9,99,9,99,2,9,6,6,3,-1,-1,4500,2,4,ALEXANDER DENNIS MODEL MISSING,-1,-1,0,-1
2023141279259,2023,141279259,1,11,0,18,19,6,2,0,0,0,0,0,0,0,0,1,1,1,3,-1,-1,6700,2,7,ALEXANDER DENNIS MODEL MISSING,-1,-1,0,-1
2023061367120,2023,061367120,2,11,0,9,9,1,7,0,0,8,0,0,0,0,3,1,1,1,1,39,7,6700,2,7,ALEXANDER DENNIS MODEL MISSING,1,E01005240,0,-1
2023501298584,2023,501298584,1,11,0,9,9,4,1,0,0,8,0,0,0,0,1,1,1,1,1,62,9,6700,2,7,ALEXANDER DENNIS MODEL MISSING,4,E01019073,0,-1
2023010436411,2023,010436411,2,11,0,99,99,9,9,99,99,9,9,99,9,99,9,9,6,6,3,-1,-1,4500,2,8,ALEXANDER DENNIS MODEL MISSING,5,E01004076,0,-1
2023010433403,2023,010433403,1,11,0,3,3,6,2,2,2,1,0,0,0,0,2,1,1,1,1,52,8,4500,2,11,ALEXANDER DENNIS MODEL MISSING,3,E01001638,0,-1
2023010485568,2023,010485568,1,11,0,9,9,7,4,2,2,1,0,0,0,0,4,1,1,1,1,54,8,4500,2,7,ALEXANDER DENNIS MODEL MISSING,2,E01003922,0,-1
2023010420755,2023,010420755,1,11,0,4,4,5,1,3,2,0,0,0,0,0,0,1,1,1,2,28,6,6700,2,4,ALEXANDER DENNIS MODEL MISSING,6,E01003223,0,-1
2023421274827,2023,421274827,1,11,0,18,19,1,5,0,0,0,0,0,0,0,4,1,1,1,2,55,8,6700,2,16,ALEXANDER DENNIS MODEL MISSING,1,E01021301,0,-1
2023010436382,2023,010436382,2,11,0,18,19,3,7,0,0,8,0,0,0,0,1,1,6,6,1,53,8,4500,2,11,ALEXANDER DENNIS MODEL MISSING,2,E01003490,0,-1
2023101320898,2023,101320898,1,11,0,18,19,3,6,0,0,0,0,0,0,0,4,1,1,1,1,41,7,4461,2,8,ALEXANDER DENNIS MODEL MISSING,4,E01008532,0,-1
2023010471083,2023,010471083,1,11,0,2,2,0,0,2,2,2,0,0,0,0,2,1,6,6,3,-1,-1,4500,2,12,ALEXANDER DENNIS MODEL MISSING,-1,-1,0,-1
2023010470252,2023,010470252,1,11,0,5,5,0,3,2,2,0,0,0,0,0,0,1,1,1,1,51,8,6700,2,3,ALEXANDER DENNIS MODEL MISSING,3,E01001690,0,-1
2023010434040,2023,010434040,1,11,0,99,99,9,9,99,99,9,9,99,9,99,9,9,6,6,2,56,9,6696,2,10,ALEXANDER DENNIS MODEL MISSING,2,E01001633,0,-1
2023010451987,2023,010451987,1,11,0,5,5,5,1,0,0,8,0,0,0,0,0,1,1,1,2,59,9,4500,2,7,ALEXANDER DENNIS MODEL MISSING,7,E01000714,0,-1
2023101299910,2023,101299910,1,11,0,18,19,7,3,0,0,1,0,0,0,0,0,1,1,1,1,31,6,6700,2,13,ALEXANDER DENNIS MODEL MISSING,4,E01008513,0,-1
2023010457249,2023,010457249,2,11,0,18,19,7,3,2,2,1,0,0,0,0,1,1,1,1,1,32,6,6700,2,7,ALEXANDER DENNIS MODEL MISSING,2,E01002310,0,-1
2023010478052,2023,010478052,1,11,0,18,19,4,8,2,2,0,0,0,0,0,3,1,1,1,1,61,9,4500,2,4,ALEXANDER DENNIS MODEL MISSING,2,E01000501,0,-1
2023010460552,2023,010460552,2,11,0,2,2,0,0,6,6,1,0,0,0,0,3,1,6,6,3,-1,-1,4500,2,7,ALEXANDER DENNIS MODEL MISSING,-1,-1,0,-1
2023010453050,2023,010453050,1,11,0,18,19,1,5,0,0,8,0,0,0,0,1,1,1,1,1,45,7,4500,2,9,ALEXANDER DENNIS MODEL MISSING,2,E01033587,0,-1
2023430117707,2023,430117707,1,11,0,18,19,3,7,0,0,1,0,0,0,0,1,1,1,1,1,64,9,6700,2,8,ALEXANDER DENNIS MODEL MISSING,7,E01028776,0,-1
2023010432930,2023,010432930,2,11,0,5,5,5,1,0,0,1,0,0,0,0,1,1,1,1,1,53,8,4500,2,12,ALEXANDER DENNIS MODEL MISSING,-1,-1,0,-1
2023010478324,2023,010478324,1,11,0,18,19,5,1,0,0,1,0,0,0,0,0,1,1,1,1,62,9,4461,2,10,ALEXANDER DENNIS MODEL MISSING,4,E01001247,0,-1
2023311353299,2023,311353299,1,11,0,18,19,5,2,0,0,0,0,0,0,0,0,1,1,1,1,51,8,6700,2,3,ALEXANDER DENNIS MODEL MISSING,7,E01028115,0,-1
2023302301645,2023,302301645,2,11,0,9,9,6,4,0,0,5,0,0,0,0,3,1,1,1,1,60,9,6700,2,15,ALEXANDER DENNIS MODEL MISSING,3,E01005954,0,-1
2023010464018,2023,010464018,1,11,0,5,5,0,1,0,0,0,0,0,0,0,0,1,1,1,2,27,6,4500,2,3,ALEXANDER DENNIS MODEL MISSING,3,E01001637,0,-1
2023131295374,2023,131295374,2,11,0,2,2,0,0,0,0,8,0,0,0,0,2,1,1,1,1,56,9,4500,2,6,ALEXANDER DENNIS MODEL MISSING,1,E01007450,0,-1
2023361379659,2023,361379659,1,11,0,4,4,7,3,0,0,0,0,0,0,0,0,1,1,1,1,56,9,6700,2,11,ALEXANDER DENNIS MODEL MISSING,2,E01033040,0,-1
2023010441808,2023,010441808,1,11,0,18,19,7,3,2,2,2,0,0,3,0,1,1,1,1,1,41,7,4500,2,6,ALEXANDER DENNIS MODEL MISSING,2,E01033588,0,-1
2023101390575,2023,101390575,1,11,0,5,5,1,4,0,0,6,0,0,0,0,1,1,1,1,1,56,9,6700,2,13,ALEXANDER DENNIS MODEL MISSING,-1,-1,0,-1
2023010423053,2023,010423053,2,11,0,18,19,5,1,0,0,1,0,0,0,0,1,1,1,1,1,33,6,6700,2,12,ALEXANDER DENNIS MODEL MISSING,1,E01001798,0,-1
2023311374862,2023,311374862,1,11,0,4,4,8,4,2,2,0,0,0,0,0,0,1,1,1,1,26,6,4500,2,4,ALEXANDER DENNIS MODEL MISSING,6,E01027997,0,-1
2023501292937,2023,501292937,1,11,0,18,19,5,3,2,2,8,0,0,0,0,3,1,1,1,1,50,8,6696,2,9,ALEXANDER DENNIS MODEL MISSING,5,E01018960,0,-1
2023471301230,2023,471301230,1,11,0,4,4,3,8,0,0,0,0,0,0,0,4,1,1,1,1,63,9,4500,2,3,ALEXANDER DENNIS MODEL MISSING,5,E01031771,0,-1
2023461308657,2023,461308657,1,11,0,5,5,1,5,0,0,0,0,0,0,0,0,1,1,1,1,-1,-1,4500,2,8,ALEXANDER DENNIS MODEL MISSING,9,E01000686,0,-1
2023010428056,2023,010428056,1,11,0,18,19,5,1,2,2,0,0,0,0,0,0,1,1,1,1,50,8,4500,2,6,ALEXANDER DENNIS MODEL MISSING,3,E01004270,0,-1
2023010437251,2023,010437251,1,11,0,5,5,5,1,2,2,2,0,0,0,0,1,1,1,1,1,60,9,4500,2,7,ALEXANDER DENNIS MODEL MISSING,4,E01001148,0,-1
2023451385396,2023,451385396,2,11,0,5,5,3,7,0,0,1,0,0,0,0,2,1,5,6,1,58,9,4500,2,5,ALEXANDER DENNIS MODEL MISSING,6,E01002601,0,-1
2023010481201,2023,010481201,2,11,0,99,99,9,9,99,99,9,9,99,9,99,9,9,6,6,3,-1,-1,4500,2,5,ALEXANDER DENNIS MODEL MISSING,5,E01001644,0,-1
2023010432885,2023,010432885,1,11,0,4,4,3,7,2,2,1,0,0,0,0,0,1,1,1,1,60,9,6700,2,12,ALEXANDER DENNIS MODEL MISSING,6,E01021258,0,-1
2023401317740,2023,401317740,1,11,0,18,19,5,1,0,0,1,0,0,0,0,4,1,1,1,1,31,6,4500,2,6,ALEXANDER DENNIS MODEL MISSING,1,E01015736,0,-1
2023991363502,2023,991363502,1,11,0,18,19,6,3,0,0,1,0,0,0,0,1,1,1,1,1,60,9,6700,2,4,ALEXANDER DENNIS MODEL MISSING,8,-1,0,-1
2023010457120,2023,010457120,1,11,0,9,9,5,3,0,0,2,0,0,0,0,0,1,1,1,1,21,5,4500,2,5,ALEXANDER DENNIS MODEL MISSING,3,E01001373,0,-1
2023101304426,2023,101304426,1,11,0,18,19,1,6,0,0,8,0,0,0,0,4,1,3,7,1,51,8,6696,2,9,ALEXANDER DENNIS MODEL MISSING,1,E01008839,0,-1
2023010451333,2023,010451333,1,11,0,99,99,9,9,99,99,9,9,99,9,99,0,9,1,1,1,36,7,6700,2,12,ALEXANDER DENNIS MODEL MISSING,5,E01003691,0,-1
2023010457049,2023,010457049,1,11,0,17,19,3,1,0,0,6,0,0,1,0,1,1,1,1,1,57,9,4500,2,4,ALEXANDER DENNIS MODEL MISSING,4,E01003608,0,-1
2023122301013,2023,122301013,1,11,0,2,2,0,0,0,0,0,0,0,0,0,0,1,1,1,2,43,7,4500,2,4,ALEXANDER DENNIS MODEL MISSING,5,E01027798,0,-1
2023010483765,2023,010483765,1,11,0,4,4,3,7,3,2,0,0,0,0,0,0,1,6,6,1,43,7,4500,2,6,ALEXANDER DENNIS MODEL MISSING,10,E01003780,0,-1
2023041287569,2023,041287569,2,11,0,18,19,5,1,0,0,0,0,0,0,0,4,1,1,1,1,22,5,6700,2,3,ALEXANDER DENNIS MODEL MISSING,8,E01025542,0,-1
2023010481763,2023,010481763,1,11,0,9,9,1,7,0,0,5,0,0,0,0,0,1,1,1,1,42,7,6700,2,5,ALEXANDER DENNIS MODEL MISSING,5,E01003495,0,-1
2023010439145,2023,010439145,2,11,0,3,3,1,5,0,0,8,0,0,0,0,2,1,1,1,1,57,9,4500,2,4,ALEXANDER DENNIS MODEL MISSING,5,E01026255,0,-1
2023471314192,2023,471314192,1,11,0,18,19,1,5,0,0,1,0,0,0,0,0,1,1,1,1,67,10,4500,2,11,ALEXANDER DENNIS MODEL MISSING,1,E01020993,0,-1
2023010434723,2023,010434723,1,11,0,4,4,3,7,0,0,1,0,0,0,0,0,1,1,1,1,52,8,4500,2,13,ALEXANDER DENNIS MODEL MISSING,6,E01001245,0,-1
2023010454477,2023,010454477,1,11,0,18,19,3,7,2,2,1,0,0,0,0,1,1,1,1,1,59,9,4500,2,5,ALEXANDER DENNIS MODEL MISSING,6,E01003273,0,-1
2023010437848,2023,010437848,1,11,0,5,5,1,5,0,0,8,0,0,0,0,0,1,1,1,1,43,7,6700,2,6,ALEXANDER DENNIS MODEL MISSING,5,E01023584,0,-1
2023311337416,2023,311337416,1,11,0,4,4,2,6,0,0,0,0,0,0,0,0,1,1,1,1,31,6,6700,2,3,ALEXANDER DENNIS MODEL MISSING,-1,-1,0,-1
2023010473929,2023,010473929,2,11,0,18,19,7,3,2,2,1,0,0,0,0,4,1,1,1,1,45,7,4500,2,3,ALEXANDER DENNIS MODEL MISSING,5,E01004517,0,-1
2023010427070,2023,010427070,1,11,0,18,19,5,1,0,0,0,0,0,0,0,3,1,1,1,1,46,8,4500,2,12,ALEXANDER DENNIS MODEL MISSING,3,E01003589,0,-1
2023451367479,2023,451367479,2,11,0,18,19,3,7,0,0,0,0,0,0,0,2,1,1,1,1,48,8,4500,2,11,ALEXANDER DENNIS MODEL MISSING,9,E01030760,0,-1
2023010436168,2023,010436168,2,11,0,18,19,6,2,0,0,1,0,0,0,0,1,1,1,1,1,43,7,6700,2,14,ALEXANDER DENNIS MODEL MISSING,8,E01004160,0,-1
2023010465560,2023,010465560,1,11,0,3,3,1,5,2,2,8,0,0,0,0,0,1,1,1,1,28,6,4500,2,12,ALEXANDER DENNIS MODEL MISSING,4,E01003212,0,-1
2023371272013,2023,371272013,1,11,0,4,4,3,7,0,0,8,0,0,0,0,1,1,1,1,1,54,8,4461,2,10,ALEXANDER DENNIS MODEL MISSING,2,E01029988,0,-1
2023010477212,2023,010477212,1,11,0,18,19,2,6,0,0,1,0,0,0,0,0,1,6,6,1,48,8,4500,2,11,ALEXANDER DENNIS MODEL MISSING,4,E01003919,0,-1
2023010422560,2023,010422560,1,11,0,18,19,7,3,0,0,1,0,0,0,0,1,1,1,1,1,36,7,4500,2,5,ALEXANDER DENNIS MODEL MISSING,4,E01003210,0,-1
2023031347706,2023,031347706,2,11,0,18,19,8,5,0,0,1,0,0,0,0,1,1,1,1,1,40,7,4461,2,9,ALEXANDER DENNIS MODEL MISSING,1,E01019245,0,-1
2023622300753,2023,622300753,1,11,0,5,5,3,7,0,0,1,0,0,0,0,3,1,1,1,1,54,8,6696,2,10,ALEXANDER DENNIS MODEL MISSING,4,W01000636,0,-1
2023610013123,2023,610013123,1,11,0,17,19,8,5,0,0,0,0,0,0,0,4,1,1,1,2,23,5,6700,2,6,ALEXANDER DENNIS MODEL MISSING,4,W01001440,0,-1
2023101282911,2023,101282911,2,11,0,18,19,7,3,0,0,0,0,0,0,0,4,1,1,1,1,21,5,6700,2,3,ALEXANDER DENNIS MODEL MISSING,1,E01027545,0,-1
2023010424731,2023,010424731,2,11,0,3,3,5,1,0,0,1,0,0,0,0,0,1,1,1,1,37,7,6700,2,12,ALEXANDER DENNIS MODEL MISSING,-1,-1,0,-1
2023481387674,2023,481387674,1,11,0,18,19,1,5,0,0,0,0,0,0,0,1,1,1,1,1,39,7,4500,2,6,ALEXANDER DENNIS MODEL MISSING,-1,-1,0,-1
2023122300888,2023,122300888,2,11,0,18,19,3,7,0,0,0,0,0,1,4,1,1,1,1,1,65,9,6700,2,15,ALEXANDER DENNIS MODEL MISSING,9,E01013077,0,-1
2023010457797,2023,010457797,1,11,0,18,19,1,5,0,0,2,0,0,0,0,1,1,6,6,1,51,8,4500,2,5,ALEXANDER DENNIS MODEL MISSING,5,E01002123,0,-1
2023531392069,2023,531392069,2,11,0,2,2,0,0,2,2,0,0,0,0,0,4,1,6,6,2,-1,-1,4500,2,14,ALEXANDER DENNIS MODEL MISSING,-1,-1,0,-1
2023010481119,2023,010481119,1,11,0,5,5,7,3,2,2,0,0,0,0,0,0,1,1,1,1,60,9,4461,2,10,ALEXANDER DENNIS MODEL MISSING,2,E01016835,0,-1
2023010449565,2023,010449565,1,11,0,7,7,3,5,0,0,8,0,0,0,0,1,1,1,1,2,59,9,4500,2,4,ALEXANDER DENNIS MODEL MISSING,2,E01032805,0,-1
2023041265092,2023,041265092,1,11,0,18,19,6,2,2,2,1,0,0,0,0,1,1,1,1,1,40,7,6696,2,9,ALEXANDER DENNIS MODEL MISSING,8,E01025411,0,-1
2023311391126,2023,311391126,1,11,0,5,5,3,3,2,2,0,0,0,0,0,4,1,1,1,1,61,9,4500,2,4,ALEXANDER DENNIS MODEL MISSING,3,E01013874,0,-1
2023501360477,2023,501360477,2,11,0,18,19,1,5,0,0,8,0,0,0,0,3,1,6,6,1,59,9,6700,2,16,ALEXANDER DENNIS MODEL MISSING,7,E01018787,0,-1
2023010484480,2023,010484480,2,11,0,18,19,2,6,2,2,1,0,0,0,0,3,1,1,1,1,56,9,6700,2,11,ALEXANDER DENNIS MODEL MISSING,7,E01023832,0,-1