collision_index,collision_year,collision_ref_no,vehicle_reference,vehicle_type,towing_and_articulation,vehicle_manoeuvre_historic,vehicle_manoeuvre,vehicle_direction_from,vehicle_direction_to,vehicle_location_restricted_lane_historic,vehicle_location_restricted_lane,junction_location,skidding_and_overturning,hit_object_in_carriageway,vehicle_leaving_carriageway,hit_object_off_carriageway,first_point_of_impact,vehicle_left_hand_drive,journey_purpose_of_driver_historic,journey_purpose_of_driver,sex_of_driver,age_of_driver,age_band_of_driver,engine_capacity_cc,propulsion_code,age_of_vehicle,generic_make_model,driver_imd_decile,lsoa_of_driver,escooter_flag,driver_distance_banding
2023010472792,2023,010472792,2,11,0,18,19,7,3,0,0,2,0,0,0,0,2,1,1,1,1,64,9,4500,2,9,ALEXANDER DENNIS MODEL MISSING,3,E01001156,0,-1
2023010437547,2023,010437547,1,11,0,4,4,5,1,2,2,1,0,0,0,0,0,1,1,1,1,62,9,4500,2,13,ALEXANDER DENNIS MODEL MISSING,5,E01003307,0,-1
2023131279422,2023,131279422,2,11,0,2,2,0,0,3,2,0,0,0,0,0,0,1,6,6,3,-1,-1,6696,2,8,ALEXANDER DENNIS MODEL MISSING,-1,-1,0,-1
2023010464131,2023,010464131,2,11,0,18,19,3,7,0,0,1,0,0,7,11,3,1,1,1,1,38,7,4500,2,7,ALEXANDER DENNIS MODEL MISSING,3,E01033744,0,-1
2023101295331,2023,101295331,1,11,-1,4,4,4,8,0,0,0,0,0,0,0,0,1,1,1,1,51,8,6700,2,4,ALEXANDER DENNIS MODEL MISSING,1,E01008392,0,-1
2023451274513,2023,451274513,2,11,0,18,19,5,1,0,0,1,0,0,0,0,0,1,1,1,1,67,10,4500,2,5,ALEXANDER DENNIS MODEL MISSING,3,E01003819,0,-1
2023041284670,2023,041284670,2,11,0,17,19,1,5,0,0,0,0,0,0,0,4,1,1,1,1,57,9,6700,2,4,ALEXANDER DENNIS MODEL MISSING,1,E01025154,0,-1
2023010442348,2023,010442348,1,11,1,5,5,7,3,0,0,0,0,0,0,0,0,1,1,1,1,49,8,4500,2,13,ALEXANDER DENNIS MODEL MISSING,6,E01000330,0,-1
2023061363978,2023,061363978,3,11,0,18,19,4,8,0,0,1,0,0,0,0,1,1,1,1,1,42,7,6700,2,0,ALEXANDER DENNIS MODEL MISSING,2,E01024929,0,-1
2023061359221,2023,061359221,1,11,0,18,19,-1,-1,0,0,0,0,0,0,0,4,1,1,1,2,-1,-1,6700,2,15,ALEXANDER DENNIS MODEL MISSING,-1,-1,0,-1
2023610010423,2023,610010423,1,11,0,2,2,7,3,0,0,0,0,0,0,0,2,1,1,1,1,60,9,6700,2,6,ALEXANDER DENNIS MODEL MISSING,2,W01001466,0,-1
2023501313892,2023,501313892,1,11,0,18,19,1,5,0,0,1,1,0,0,0,0,1,1,1,1,52,8,4500,2,3,ALEXANDER DENNIS MODEL MISSING,4,E01018913,0,-1
2023440430629,2023,440430629,2,11,0,18,19,6,2,0,0,1,0,0,0,0,1,1,1,1,3,-1,-1,6700,2,5,ALEXANDER DENNIS MODEL MISSING,-1,-1,0,-1
2023010450619,2023,010450619,1,11,0,18,19,1,5,0,0,0,0,0,0,0,0,1,1,1,1,53,8,4500,2,4,ALEXANDER DENNIS MODEL MISSING,2,E01002392,0,-1
2023541450423,2023,541450423,1,11,0,5,5,6,2,0,0,3,0,0,0,0,0,1,1,1,1,46,8,6700,2,5,ALEXANDER DENNIS MODEL MISSING,4,E01015475,0,-1
2023010463353,2023,010463353,1,11,0,99,99,9,9,99,99,9,9,99,9,99,0,9,1,1,3,24,5,6700,2,11,ALEXANDER DENNIS MODEL MISSING,-1,-1,0,-1
2023010474861,2023,010474861,1,11,0,99,99,9,9,99,99,9,9,99,9,99,9,9,1,1,1,35,6,6700,2,11,ALEXANDER DENNIS MODEL MISSING,5,E01003480,0,-1
2023131329807,2023,131329807,1,11,0,18,19,7,3,0,0,8,0,0,0,0,1,1,1,1,1,32,6,6700,2,15,ALEXANDER DENNIS MODEL MISSING,2,E01011943,0,-1
2023010466223,2023,010466223,1,11,0,18,19,1,5,0,0,1,0,0,0,0,0,1,1,1,1,53,8,4500,2,9,ALEXANDER DENNIS MODEL MISSING,3,E01001688,0,-1
2023545243723,2023,545243723,2,11,0,18,19,2,6,0,0,1,0,0,0,0,1,1,1,1,1,36,7,3900,2,17,ALEXANDER DENNIS MODEL MISSING,4,E01015578,0,-1
2023061381845,2023,061381845,2,11,0,18,19,8,4,0,0,8,0,0,0,0,3,1,1,1,2,33,6,4500,2,12,ALEXANDER DENNIS MODEL MISSING,1,E01005202,0,-1
2023430135621,2023,430135621,1,11,0,18,19,2,6,0,0,4,0,0,0,0,1,1,1,1,1,54,8,4500,2,12,ALEXANDER DENNIS MODEL MISSING,2,E01017709,0,-1
2023010470321,2023,010470321,1,11,0,5,5,7,3,0,0,1,0,0,0,0,0,1,1,1,1,47,8,6700,2,12,ALEXANDER DENNIS MODEL MISSING,3,E01001920,0,-1
2023010457671,2023,010457671,1,11,0,18,19,4,8,0,0,1,0,0,0,0,1,1,1,1,1,54,8,4500,2,8,ALEXANDER DENNIS MODEL MISSING,4,E01004142,0,-1
2023141294787,2023,141294787,1,11,0,10,10,1,6,0,0,1,0,0,0,0,0,1,1,1,1,58,9,6696,2,8,ALEXANDER DENNIS MODEL MISSING,1,E01007462,0,-1
2023231341383,2023,231341383,1,11,0,18,19,4,8,0,0,1,0,0,0,0,0,1,1,1,1,64,9,4461,2,10,ALEXANDER DENNIS MODEL MISSING,1,E01009157,0,-1
2023010434203,2023,010434203,1,11,0,9,9,1,6,2,2,1,0,0,0,0,0,1,1,1,1,60,9,4500,2,5,ALEXANDER DENNIS MODEL MISSING,2,E01003351,0,-1
2023170M20483,2023,170M20483,1,11,0,18,19,2,6,0,0,8,0,0,0,0,0,1,1,1,1,-1,-1,6696,2,9,ALEXANDER DENNIS MODEL MISSING,-1,-1,0,-1
2023041350828,2023,041350828,2,11,0,18,19,5,1,0,0,0,0,0,0,0,1,1,1,1,1,30,6,6696,2,9,ALEXANDER DENNIS MODEL MISSING,2,E01012579,0,-1
2023302301839,2023,302301839,1,11,0,5,5,5,1,0,0,1,0,0,0,0,0,1,1,1,2,51,8,4500,2,7,ALEXANDER DENNIS MODEL MISSING,5,E01027949,0,-1
2023041370176,2023,041370176,2,11,0,2,2,1,5,0,0,1,0,0,0,0,2,1,1,1,1,65,9,6700,2,4,ALEXANDER DENNIS MODEL MISSING,1,E01012687,0,-1
2023010447454,2023,010447454,1,11,0,5,5,5,1,2,2,0,0,0,0,0,0,1,1,1,1,73,10,4500,2,11,ALEXANDER DENNIS MODEL MISSING,2,E01001130,0,-1
2023440102658,2023,440102658,1,11,0,18,19,1,3,0,0,2,0,0,0,0,1,1,1,1,1,30,6,6696,2,10,ALEXANDER DENNIS MODEL MISSING,2,E01017140,0,-1
2023010454639,2023,010454639,1,11,0,5,5,1,5,2,2,0,0,0,0,0,1,1,6,6,3,-1,-1,6700,2,11,ALEXANDER DENNIS MODEL MISSING,-1,-1,0,-1
2023010443195,2023,010443195,2,11,0,5,5,7,3,0,0,4,0,0,0,0,1,1,1,1,1,59,9,6700,2,12,ALEXANDER DENNIS MODEL MISSING,3,E01000082,0,-1
2023411288646,2023,411288646,1,11,0,18,19,6,2,0,0,0,0,0,0,0,1,1,1,1,1,29,6,3900,2,18,ALEXANDER DENNIS MODEL MISSING,3,E01017711,0,-1
2023101363435,2023,101363435,1,11,0,18,19,3,7,2,2,0,0,0,0,0,3,1,1,1,1,46,8,6696,2,9,ALEXANDER DENNIS MODEL MISSING,9,E01008328,0,-1
2023461287514,2023,461287514,1,11,0,7,7,1,3,0,0,8,0,0,0,0,3,1,1,1,1,50,8,6700,2,7,ALEXANDER DENNIS MODEL MISSING,4,E01024373,0,-1
2023010470513,2023,010470513,1,11,0,18,19,7,3,2,2,0,0,0,0,0,4,1,1,1,1,49,8,4500,2,9,ALEXANDER DENNIS MODEL MISSING,6,E01003100,0,-1
2023010457323,2023,010457323,1,11,9,99,99,9,9,99,99,0,9,99,9,99,9,1,6,6,3,-1,-1,4500,2,11,ALEXANDER DENNIS MODEL MISSING,-1,-1,0,-1
2023052301986,2023,052301986,1,11,0,18,19,3,7,0,0,0,0,0,0,0,0,1,1,1,1,-1,-1,6700,2,5,ALEXANDER DENNIS MODEL MISSING,2,E01006718,0,-1
2023010436101,2023,010436101,1,11,0,3,3,3,7,2,2,1,0,0,0,0,0,1,6,6,1,60,9,4500,2,6,ALEXANDER DENNIS MODEL MISSING,3,E01003532,0,-1
2023010459873,2023,010459873,1,11,9,99,99,9,9,99,99,9,9,99,9,99,9,9,6,6,1,-1,-1,4500,2,6,ALEXANDER DENNIS MODEL MISSING,-1,-1,0,-1
2023010464115,2023,010464115,1,11,0,5,5,1,5,0,0,0,0,0,0,0,0,1,1,1,3,-1,-1,6700,2,12,ALEXANDER DENNIS MODEL MISSING,-1,-1,0,-1
2023440045854,2023,440045854,1,11,0,18,19,2,6,0,0,1,0,0,0,0,1,1,1,1,1,47,8,6700,2,7,ALEXANDER DENNIS MODEL MISSING,6,E01023138,0,-1
2023440135907,2023,440135907,1,11,0,18,19,8,4,0,0,4,0,0,0,0,0,1,1,1,1,56,9,4500,2,8,ALEXANDER DENNIS MODEL MISSING,4,E01017262,0,-1
2023320502709,2023,320502709,2,11,0,4,4,2,6,0,0,1,0,0,0,0,3,1,1,1,1,45,7,6700,2,16,ALEXANDER DENNIS MODEL MISSING,2,E01019497,0,-1
2023010440230,2023,010440230,1,11,0,4,4,3,7,2,2,2,0,0,0,0,0,1,1,1,1,46,8,4500,2,6,ALEXANDER DENNIS MODEL MISSING,5,E01003359,0,-1
2023061312096,2023,061312096,1,11,0,5,5,8,6,0,0,0,0,0,0,0,1,1,1,1,1,62,9,4461,2,9,ALEXANDER DENNIS MODEL MISSING,-1,-1,0,-1
2023522400542,2023,522400542,1,11,0,18,19,5,1,0,0,0,0,0,0,0,1,1,1,1,1,50,8,6700,2,8,ALEXANDER DENNIS MODEL MISSING,1,E01033356,0,-1
2023010458499,2023,010458499,1,11,0,5,5,8,4,0,0,1,0,0,0,0,0,1,1,1,1,50,8,4500,2,7,ALEXANDER DENNIS MODEL MISSING,3,E01000741,0,-1
2023481407548,2023,481407548,1,11,0,5,5,5,1,0,0,2,0,0,0,0,3,1,1,1,1,44,7,4500,2,7,ALEXANDER DENNIS MODEL MISSING,-1,-1,0,-1
2023440113254,2023,440113254,1,11,0,18,19,8,4,0,0,2,0,0,0,0,1,1,1,1,1,52,8,6700,2,5,ALEXANDER DENNIS MODEL MISSING,1,E01017280,0,-1
2023010453569,2023,010453569,1,11,0,18,19,3,7,2,2,0,0,0,0,0,4,1,1,1,1,47,8,4500,2,12,ALEXANDER DENNIS MODEL MISSING,5,E01000142,0,-1
2023010480158,2023,010480158,1,11,0,18,19,1,5,0,0,6,0,0,0,0,0,1,1,1,1,46,8,4500,2,7,ALEXANDER DENNIS MODEL MISSING,8,E01002657,0,-1
2023010429697,2023,010429697,1,11,0,4,4,1,5,0,0,1,0,0,0,0,0,1,6,6,1,62,9,4500,2,4,ALEXANDER DENNIS MODEL MISSING,3,E01001578,0,-1
2023552300452,2023,552300452,1,11,0,18,19,7,3,0,0,8,0,0,0,0,0,1,6,6,1,55,8,6700,2,1,ALEXANDER DENNIS MODEL MISSING,1,E01015307,0,-1
2023461315491,2023,461315491,2,11,0,18,19,4,8,0,0,0,0,0,0,0,3,1,1,1,2,58,9,4461,2,8,ALEXANDER DENNIS MODEL MISSING,3,E01024600,0,-1
2023031386949,2023,031386949,2,11,0,18,19,8,4,0,0,8,0,0,0,0,1,1,1,1,2,59,9,6700,2,0,ALEXANDER DENNIS MODEL MISSING,5,E01019359,0,-1
2023010464753,2023,010464753,1,11,0,18,19,3,7,2,2,1,0,0,0,0,4,1,1,1,1,44,7,4500,2,6,ALEXANDER DENNIS MODEL MISSING,3,E01003597,0,-1
2023430063272,2023,430063272,1,11,0,5,5,5,1,0,0,1,0,0,0,0,1,1,1,1,1,50,8,6700,2,9,ALEXANDER DENNIS MODEL MISSING,-1,-1,0,-1
2023101378638,2023,101378638,1,11,0,18,19,2,6,0,0,8,0,0,0,0,3,1,1,1,3,-1,-1,6700,2,7,ALEXANDER DENNIS MODEL MISSING,-1,-1,0,-1
2023010441199,2023,010441199,1,11,0,3,3,7,3,0,0,0,0,0,0,0,0,1,1,1,1,58,9,4461,2,10,ALEXANDER DENNIS MODEL MISSING,2,E01001667,0,-1
2023311373392,2023,311373392,1,11,0,4,4,5,1,0,0,0,0,0,0,0,0,1,1,1,1,41,7,6700,2,0,ALEXANDER DENNIS MODEL MISSING,1,E01027939,0,-1
2023010458842,2023,010458842,2,11,9,7,7,3,5,99,99,9,9,99,9,99,9,9,6,6,2,62,9,4500,2,8,ALEXANDER DENNIS MODEL MISSING,6,E01004474,0,-1
2023141265486,2023,141265486,1,11,0,18,19,7,3,0,0,1,0,0,0,0,1,1,1,1,1,54,8,6696,2,9,ALEXANDER DENNIS MODEL MISSING,2,E01008109,0,-1
2023340NN4462,2023,340NN4462,2,11,0,18,19,1,5,0,0,0,0,0,1,0,1,1,1,1,2,59,9,4461,2,10,ALEXANDER DENNIS MODEL MISSING,3,E01027112,0,-1
2023070465643,2023,070465643,2,11,0,4,4,5,1,0,0,0,0,0,0,0,1,1,1,1,1,66,10,6700,2,7,ALEXANDER DENNIS MODEL MISSING,9,E01018383,0,-1
2023010485619,2023,010485619,1,11,0,18,19,5,1,0,0,0,0,0,0,0,0,1,6,6,1,57,9,4500,2,9,ALEXANDER DENNIS MODEL MISSING,2,E01033737,0,-1
2023161311733,2023,161311733,2,11,0,18,19,2,6,2,2,8,0,0,0,0,1,1,1,1,1,59,9,6700,2,7,ALEXANDER DENNIS MODEL MISSING,1,E01012809,0,-1
2023101382684,2023,101382684,1,11,0,18,19,3,7,0,0,1,0,0,0,0,0,2,1,1,1,51,8,6700,2,4,ALEXANDER DENNIS MODEL MISSING,-1,-1,0,-1
2023311332123,2023,311332123,1,11,0,18,19,8,3,0,0,8,0,0,0,0,0,1,1,1,2,52,8,4461,2,10,ALEXANDER DENNIS MODEL MISSING,4,E01019522,0,-1
2023010440964,2023,010440964,1,11,0,5,5,1,5,0,0,0,0,0,0,0,0,1,1,1,1,43,7,6700,2,14,ALEXANDER DENNIS MODEL MISSING,8,E01004160,0,-1
2023471299977,2023,471299977,2,11,0,18,19,3,7,0,0,0,0,0,0,0,1,1,1,1,1,46,8,6700,2,5,ALEXANDER DENNIS MODEL MISSING,4,E01031806,0,-1
2023010429223,2023,010429223,1,11,0,4,4,1,5,2,2,0,0,0,0,0,0,1,1,1,2,60,9,4500,2,7,ALEXANDER DENNIS MODEL MISSING,4,E01003169,0,-1
2023010449010,2023,010449010,1,11,0,4,4,5,1,0,0,0,0,0,0,0,0,1,2,2,1,51,8,4500,2,4,ALEXANDER DENNIS MODEL MISSING,3,E01016452,0,-1
2023041329486,2023,041329486,2,11,0,18,19,7,3,0,0,0,0,0,0,0,0,1,1,1,1,51,8,6700,2,4,ALEXANDER DENNIS MODEL MISSING,2,E01025173,0,-1
2023010427802,2023,010427802,1,11,9,99,99,9,9,99,99,9,9,99,9,99,9,9,1,1,1,39,7,4500,2,12,ALEXANDER DENNIS MODEL MISSING,10,E01000811,0,-1
2023010459087,2023,010459087,1,11,0,4,4,1,5,0,0,2,0,0,0,0,0,1,1,1,1,29,6,4500,2,4,ALEXANDER DENNIS MODEL MISSING,1,E01004088,0,-1
2023010435245,2023,010435245,2,11,9,99,99,9,9,99,99,9,9,99,9,99,9,1,6,6,1,52,8,6700,2,12,ALEXANDER DENNIS MODEL MISSING,5,E01002344,0,-1
2023411351225,2023,411351225,1,11,0,4,4,3,7,0,0,0,0,0,0,0,1,1,1,1,1,62,9,6700,2,11,ALEXANDER DENNIS MODEL MISSING,3,E01001513,0,-1
2023201395659,2023,201395659,2,11,0,18,19,3,7,0,0,8,0,0,0,0,1,1,1,1,1,56,9,4461,2,7,ALEXANDER DENNIS MODEL MISSING,3,E01009781,0,-1
2023421308218,2023,421308218,1,11,0,18,19,7,3,0,0,0,0,0,0,0,4,1,6,6,1,-1,-1,6700,2,7,ALEXANDER DENNIS MODEL MISSING,-1,-1,0,-1
2023041281039,2023,041281039,1,11,0,9,9,6,4,0,0,7,0,0,0,0,4,1,1,1,1,26,6,6696,2,10,ALEXANDER DENNIS MODEL MISSING,8,E01025266,0,-1
2023061375459,2023,061375459,2,11,0,18,19,3,7,0,0,8,0,0,0,0,1,1,1,1,1,26,6,6700,2,6,ALEXANDER DENNIS MODEL MISSING,5,E01005444,0,-1
2023010455632,2023,010455632,1,11,0,4,4,7,3,0,0,0,0,0,0,0,0,1,1,1,1,49,8,4500,2,7,ALEXANDER DENNIS MODEL MISSING,3,E01001370,0,-1
2023010448552,2023,010448552,2,11,0,7,7,6,1,0,0,6,0,0,0,0,1,1,2,2,1,54,8,6700,2,4,ALEXANDER DENNIS MODEL MISSING,6,E01003223,0,-1
2023440121882,2023,440121882,1,11,0,4,4,5,1,0,0,0,0,0,0,0,4,1,1,1,1,45,7,4500,2,4,ALEXANDER DENNIS MODEL MISSING,6,E01017072,0,-1
2023010426555,2023,010426555,1,11,0,5,5,0,3,2,2,2,0,0,0,0,0,1,1,1,1,44,7,4500,2,8,ALEXANDER DENNIS MODEL MISSING,4,E01002098,0,-1
2023010441814,2023,010441814,1,11,0,7,7,6,8,0,0,8,0,4,0,0,1,1,1,1,1,35,6,4500,2,9,ALEXANDER DENNIS MODEL MISSING,2,E01003256,0,-1
2023101272040,2023,101272040,2,11,0,2,2,0,0,2,2,2,0,0,0,0,0,1,1,1,1,53,8,6700,2,1,ALEXANDER DENNIS MODEL MISSING,1,E01027424,0,-1
2023041342288,2023,041342288,3,11,0,2,2,1,5,0,0,0,0,0,0,0,4,1,1,1,1,32,6,6700,2,11,ALEXANDER DENNIS MODEL MISSING,3,E01025111,0,-1
2023010481347,2023,010481347,1,11,0,5,5,0,1,0,0,0,0,0,0,0,0,1,6,6,3,83,11,4500,2,7,ALEXANDER DENNIS MODEL MISSING,2,E01001114,0,-1
2023430094531,2023,430094531,1,11,0,9,9,7,5,0,0,5,0,0,0,0,3,1,1,1,1,52,8,4500,2,13,ALEXANDER DENNIS MODEL MISSING,9,E01028572,0,-1
2023061279083,2023,061279083,1,11,0,18,19,8,4,0,0,8,0,0,0,0,4,1,1,1,1,-1,-1,6700,2,15,ALEXANDER DENNIS MODEL MISSING,3,E01006408,0,-1
2023010482407,2023,010482407,1,11,0,5,5,8,4,0,0,1,0,0,0,0,1,1,1,1,1,51,8,4500,2,7,ALEXANDER DENNIS MODEL MISSING,3,E01004575,0,-1
2023010424513,2023,010424513,1,11,0,99,99,9,9,99,99,0,9,99,9,99,9,9,6,6,3,-1,-1,4500,2,7,ALEXANDER DENNIS MODEL MISSING,-1,-1,0,-1
2023440428845,2023,440428845,2,11,0,17,19,6,2,0,0,0,0,0,0,0,3,1,1,1,1,55,8,8300,2,17,ALEXANDER DENNIS MODEL MISSING,5,E01023201,0,-1
2023010479496,2023,010479496,1,11,0,4,4,1,5,0,0,1,0,0,0,0,0,1,1,1,1,39,7,4500,2,4,ALEXANDER DENNIS MODEL MISSING,7,E01000812,0,-1
2023311312282,2023,311312282,1,11,0,18,19,7,3,2,2,0,0,0,0,0,0,1,1,1,1,45,7,4500,2,5,ALEXANDER DENNIS MODEL MISSING,-1,-1,0,-1
2023010452513,2023,010452513,1,11,0,7,7,1,3,2,2,2,0,0,0,0,1,1,1,1,1,54,8,4500,2,7,ALEXANDER DENNIS MODEL MISSING,2,E01001791,0,-1
2023201283392,2023,201283392,2,11,0,2,2,0,0,0,0,2,0,0,0,0,2,1,1,1,1,72,10,6696,2,9,ALEXANDER DENNIS MODEL MISSING,1,E01010482,0,-1
2023101374186,2023,101374186,2,11,0,2,2,3,7,0,0,0,0,0,0,0,0,1,1,1,1,54,8,6700,2,4,ALEXANDER DENNIS MODEL MISSING,10,E01008321,0,-1
2023010441153,2023,010441153,1,11,0,5,5,3,7,2,2,0,0,0,1,0,0,1,6,6,1,53,8,4500,2,11,ALEXANDER DENNIS MODEL MISSING,9,E01001227,0,-1
2023031278128,2023,031278128,1,11,0,18,19,6,3,0,0,2,0,0,0,0,1,1,1,1,1,49,8,6700,2,8,ALEXANDER DENNIS MODEL MISSING,4,E01019118,0,-1
2023010472954,2023,010472954,2,11,0,18,19,1,5,0,0,1,0,0,0,0,1,1,1,1,1,52,8,4500,2,9,ALEXANDER DENNIS MODEL MISSING,2,E01001577,0,-1
2023010428090,2023,010428090,2,11,0,9,9,1,7,0,0,1,0,0,0,0,1,1,1,1,1,34,6,4500,2,7,ALEXANDER DENNIS MODEL MISSING,1,E01001846,0,-1
2023010438321,2023,010438321,1,11,0,5,5,5,1,2,2,2,0,4,1,1,1,1,6,6,1,62,9,4500,2,7,ALEXANDER DENNIS MODEL MISSING,2,E01003636,0,-1
2023010473468,2023,010473468,1,11,0,18,19,7,3,0,0,0,0,0,0,0,0,1,1,1,2,22,5,4500,2,6,ALEXANDER DENNIS MODEL MISSING,1,E01003961,0,-1
2023010442848,2023,010442848,1,11,0,7,7,5,7,0,0,6,0,0,0,0,0,1,1,1,1,34,6,4500,2,6,ALEXANDER DENNIS MODEL MISSING,3,E01003201,0,-1
2023061384622,2023,061384622,1,11,0,18,19,1,5,0,0,8,0,0,0,0,1,1,1,1,1,49,8,6700,2,7,ALEXANDER DENNIS MODEL MISSING,4,E01006047,0,-1
2023010449316,2023,010449316,1,11,0,7,7,3,5,0,0,8,0,0,0,0,1,1,6,6,1,63,9,4500,2,12,ALEXANDER DENNIS MODEL MISSING,2,E01004068,0,-1
2023531364379,2023,531364379,2,11,0,18,19,1,5,0,0,1,0,0,0,0,1,1,1,1,1,45,7,6700,2,12,ALEXANDER DENNIS MODEL MISSING,10,E01022425,0,-1
2023010455867,2023,010455867,1,11,0,5,5,5,1,0,0,0,0,0,0,0,0,1,1,1,1,63,9,4500,2,5,ALEXANDER DENNIS MODEL MISSING,2,E01003299,0,-1
2023552301283,2023,552301283,1,11,0,18,19,4,8,0,0,0,0,0,0,0,4,1,3,7,1,71,10,3900,2,16,ALEXANDER DENNIS MODEL MISSING,8,E01020468,0,-1
2023010481958,2023,010481958,1,11,0,5,5,6,2,2,2,2,1,0,0,0,1,1,1,1,1,27,6,6700,2,11,ALEXANDER DENNIS MODEL MISSING,4,E01002103,0,-1
2023010484078,2023,010484078,2,11,9,99,99,9,9,99,99,9,9,99,9,99,9,9,6,6,3,-1,-1,4500,2,9,ALEXANDER DENNIS MODEL MISSING,3,E01004562,0,-1
2023010434659,2023,010434659,1,11,0,15,15,1,5,0,0,1,0,0,0,0,1,1,1,1,1,55,8,4500,2,6,ALEXANDER DENNIS MODEL MISSING,3,E01001650,0,-1
2023170M10263,2023,170M10263,1,11,0,18,19,6,2,0,0,0,0,0,0,0,1,1,1,1,2,41,7,6696,2,9,ALEXANDER DENNIS MODEL MISSING,9,E01012227,0,-1
2023440388465,2023,440388465,1,11,0,18,19,1,5,0,0,0,0,0,0,0,1,1,1,1,1,64,9,6700,2,14,ALEXANDER DENNIS MODEL MISSING,7,E01022735,0,-1
2023010469533,2023,010469533,2,11,0,99,99,9,9,99,99,9,9,99,9,99,9,9,6,6,3,-1,-1,6700,2,13,ALEXANDER DENNIS MODEL MISSING,-1,-1,0,-1
2023552300614,2023,552300614,2,11,0,18,19,5,1,0,0,8,0,0,0,0,1,1,1,1,1,47,8,6700,2,5,ALEXANDER DENNIS MODEL MISSING,6,E01015331,0,-1
2023471339388,2023,471339388,2,11,0,9,9,6,3,0,0,8,0,0,0,0,4,1,1,1,1,57,9,4500,2,11,ALEXANDER DENNIS MODEL MISSING,6,E01021113,0,-1
2023401329075,2023,401329075,2,11,0,18,19,-1,-1,0,0,1,0,0,0,0,2,1,1,1,2,26,6,4461,2,10,ALEXANDER DENNIS MODEL MISSING,10,E01018175,0,-1
2023010463402,2023,010463402,1,11,0,7,7,3,5,0,0,8,0,0,0,0,1,1,1,1,1,55,8,4500,2,9,ALEXANDER DENNIS MODEL MISSING,2,E01002702,0,-1
2023421285084,2023,421285084,2,11,0,7,7,7,1,0,0,1,0,0,0,0,0,1,1,1,1,65,9,4500,2,12,ALEXANDER DENNIS MODEL MISSING,3,E01021601,0,-1
2023010419323,2023,010419323,1,11,0,18,19,5,1,0,0,1,0,0,0,0,0,1,1,1,2,54,8,4500,2,4,ALEXANDER DENNIS MODEL MISSING,2,E01003947,0,-1
2023010419961,2023,010419961,1,11,0,4,4,8,4,2,2,2,0,0,0,0,3,1,1,1,1,55,8,4500,2,5,ALEXANDER DENNIS MODEL MISSING,3,E01003091,0,-1
2023461321251,2023,461321251,3,11,0,18,19,7,3,0,0,0,0,0,0,0,3,1,1,1,1,51,8,6700,2,4,ALEXANDER DENNIS MODEL MISSING,2,E01024672,0,-1
2023440346194,2023,440346194,1,11,0,5,5,0,3,2,2,6,0,0,0,0,0,1,1,1,1,63,9,6696,2,10,ALEXANDER DENNIS MODEL MISSING,4,E01017309,0,-1
2023010426534,2023,010426534,2,11,9,99,99,9,9,99,99,9,0,99,9,99,9,1,6,6,3,-1,-1,4500,2,6,ALEXANDER DENNIS MODEL MISSING,-1,-1,0,-1
2023010453508,2023,010453508,1,11,0,18,19,5,1,2,2,6,0,0,0,0,0,1,6,6,1,36,7,4500,2,9,ALEXANDER DENNIS MODEL MISSING,5,E01000467,0,-1
2023010455779,2023,010455779,1,11,0,18,19,1,5,0,0,2,0,0,0,0,3,1,1,1,1,38,7,6700,2,14,ALEXANDER DENNIS MODEL MISSING,6,E01003397,0,-1
2023010451006,2023,010451006,2,11,0,5,5,3,7,0,0,6,0,0,0,0,3,1,1,1,1,34,6,4500,2,9,ALEXANDER DENNIS MODEL MISSING,5,E01000224,0,-1
2023010460821,2023,010460821,1,11,0,18,19,5,1,0,0,3,0,0,0,0,4,1,1,1,1,56,9,4500,2,13,ALEXANDER DENNIS MODEL MISSING,4,E01001934,0,-1
2023170M11663,2023,170M11663,1,11,0,18,19,5,2,0,0,0,0,0,0,0,4,1,1,1,1,54,8,6696,2,9,ALEXANDER DENNIS MODEL MISSING,-1,-1,0,-1
2023471267306,2023,471267306,1,11,0,4,4,5,1,0,0,0,0,0,0,0,0,1,1,1,1,48,8,4500,2,4,ALEXANDER DENNIS MODEL MISSING,4,E01016925,0,-1