collision_index,collision_year,collision_ref_no,vehicle_reference,vehicle_type,towing_and_articulation,vehicle_manoeuvre_historic,vehicle_manoeuvre,vehicle_direction_from,vehicle_direction_to,vehicle_location_restricted_lane_historic,vehicle_location_restricted_lane,junction_location,skidding_and_overturning,hit_object_in_carriageway,vehicle_leaving_carriageway,hit_object_off_carriageway,first_point_of_impact,vehicle_left_hand_drive,journey_purpose_of_driver_historic,journey_purpose_of_driver,sex_of_driver,age_of_driver,age_band_of_driver,engine_capacity_cc,propulsion_code,age_of_vehicle,generic_make_model,driver_imd_decile,lsoa_of_driver,escooter_flag,driver_distance_banding
2023201339242,2023,201339242,2,11,0,18,19,2,6,0,0,0,0,0,0,0,1,1,6,6,1,34,6,4461,2,10,ALEXANDER DENNIS MODEL MISSING,1,E01009329,0,-1
2023010478811,2023,010478811,2,11,0,18,19,1,5,0,0,0,0,0,0,0,0,1,1,1,1,50,8,4500,2,5,ALEXANDER DENNIS MODEL MISSING,7,E01003369,0,-1
2023311264953,2023,311264953,2,11,0,18,19,1,5,0,0,3,0,0,0,0,1,1,1,1,1,37,7,6700,2,5,ALEXANDER DENNIS MODEL MISSING,7,E01028163,0,-1
2023052301911,2023,052301911,1,11,0,18,19,1,5,0,0,0,0,0,0,0,4,1,1,1,1,60,9,6700,2,7,ALEXANDER DENNIS MODEL MISSING,4,E01006641,0,-1
2023010453124,2023,010453124,1,11,0,5,5,0,1,0,0,5,0,0,0,0,0,1,1,1,1,57,9,4500,2,8,ALEXANDER DENNIS MODEL MISSING,4,E01001140,0,-1
2023010425388,2023,010425388,2,11,0,18,19,1,5,0,0,1,0,0,0,0,3,1,1,1,1,41,7,4500,2,9,ALEXANDER DENNIS MODEL MISSING,-1,-1,0,-1
2023010471349,2023,010471349,1,11,0,2,2,0,0,2,2,2,0,0,0,0,0,1,6,6,3,-1,-1,4500,2,7,ALEXANDER DENNIS MODEL MISSING,-1,-1,0,-1
2023361374769,2023,361374769,1,11,0,7,7,5,7,0,0,0,0,0,0,0,1,1,1,1,2,50,8,6696,2,8,ALEXANDER DENNIS MODEL MISSING,2,E01026459,0,-1
2023010425493,2023,010425493,1,11,0,4,4,4,8,0,0,1,0,0,0,0,0,1,1,1,1,25,5,4500,2,4,ALEXANDER DENNIS MODEL MISSING,2,E01001757,0,-1
2023010434694,2023,010434694,2,11,0,16,19,1,5,0,0,1,0,0,0,0,1,1,1,1,2,48,8,4500,2,13,ALEXANDER DENNIS MODEL MISSING,8,E01003361,0,-1
2023440494957,2023,440494957,2,11,0,18,19,2,6,0,0,1,0,0,0,0,1,1,1,1,1,-1,-1,6700,2,6,ALEXANDER DENNIS MODEL MISSING,3,E01017089,0,-1
2023471319270,2023,471319270,2,11,0,5,5,5,8,0,0,6,0,0,0,0,1,1,6,6,1,-1,-1,6700,2,13,ALEXANDER DENNIS MODEL MISSING,5,E01031470,0,-1
2023461352222,2023,461352222,2,11,0,4,4,2,6,0,0,0,0,0,0,0,3,1,5,6,1,42,7,4461,2,10,ALEXANDER DENNIS MODEL MISSING,7,E01024060,0,-1
2023622300810,2023,622300810,2,11,0,2,2,0,0,0,0,2,0,0,0,0,0,1,1,1,1,57,9,4500,2,15,ALEXANDER DENNIS MODEL MISSING,5,W01000913,0,-1
2023010440146,2023,010440146,1,11,0,18,19,6,2,0,0,8,0,0,0,0,4,1,1,1,1,45,7,4500,2,13,ALEXANDER DENNIS MODEL MISSING,4,E01001173,0,-1
2023010458731,2023,010458731,1,11,0,99,99,9,9,99,99,0,9,99,9,99,0,9,1,1,1,24,5,6700,2,12,ALEXANDER DENNIS MODEL MISSING,-1,-1,0,-1
2023010451793,2023,010451793,1,11,0,5,5,1,5,2,2,8,0,0,0,0,1,1,1,1,1,32,6,4500,2,4,ALEXANDER DENNIS MODEL MISSING,2,E01008081,0,-1
2023010477156,2023,010477156,1,11,0,3,3,3,7,0,0,1,0,0,0,0,0,1,1,1,1,41,7,4500,2,9,ALEXANDER DENNIS MODEL MISSING,3,E01002064,0,-1
2023201371312,2023,201371312,1,11,0,5,5,5,1,0,0,0,0,0,0,0,4,1,1,1,1,52,8,6700,2,7,ALEXANDER DENNIS MODEL MISSING,2,E01010446,0,-1
2023471345637,2023,471345637,1,11,0,18,19,3,7,0,0,1,0,0,0,0,3,1,1,1,1,69,10,4500,2,2,ALEXANDER DENNIS MODEL MISSING,8,E01031382,0,-1
2023010453128,2023,010453128,1,11,0,9,9,7,5,0,0,3,0,0,0,0,0,1,1,1,1,41,7,4500,2,12,ALEXANDER DENNIS MODEL MISSING,1,E01004670,0,-1
2023361288683,2023,361288683,1,11,-1,18,19,6,2,0,0,0,0,0,0,0,4,1,1,1,1,68,10,6696,2,8,ALEXANDER DENNIS MODEL MISSING,4,E01033041,0,-1
2023311313760,2023,311313760,1,11,0,2,2,1,5,2,2,1,0,0,0,0,0,1,1,1,1,62,9,6700,2,3,ALEXANDER DENNIS MODEL MISSING,-1,-1,0,-1
2023010431776,2023,010431776,1,11,0,10,10,1,7,0,0,8,0,0,0,0,1,1,1,1,1,28,6,4500,2,5,ALEXANDER DENNIS MODEL MISSING,2,E01003299,0,-1
2023010431704,2023,010431704,1,11,0,9,9,1,7,2,2,1,0,0,0,0,1,1,1,1,1,35,6,4500,2,11,ALEXANDER DENNIS MODEL MISSING,2,E01004024,0,-1
2023101343932,2023,101343932,1,11,0,13,13,6,2,0,0,0,0,0,0,0,4,1,1,1,1,55,8,6696,2,9,ALEXANDER DENNIS MODEL MISSING,3,E01027462,0,-1
2023010474324,2023,010474324,1,11,9,99,99,9,9,99,99,1,9,99,9,99,9,1,6,6,1,43,7,4500,2,11,ALEXANDER DENNIS MODEL MISSING,2,E01003990,0,-1
2023010419993,2023,010419993,1,11,0,3,3,6,2,0,0,0,0,0,0,0,2,1,1,1,2,54,8,4461,2,10,ALEXANDER DENNIS MODEL MISSING,6,E01001292,0,-1
2023010456145,2023,010456145,1,11,0,18,19,5,1,0,0,8,0,0,0,0,4,9,6,6,1,52,8,6700,2,14,ALEXANDER DENNIS MODEL MISSING,6,E01001033,0,-1
2023010452319,2023,010452319,1,11,0,4,4,1,5,0,0,1,0,0,0,0,1,1,1,1,1,27,6,4500,2,5,ALEXANDER DENNIS MODEL MISSING,2,E01003726,0,-1
2023010435368,2023,010435368,1,11,0,18,19,1,5,0,0,0,0,0,0,0,0,1,1,1,1,55,8,4500,2,4,ALEXANDER DENNIS MODEL MISSING,2,E01000483,0,-1
2023471393090,2023,471393090,1,11,0,18,19,7,3,0,0,0,0,0,0,0,4,1,6,6,1,43,7,6700,2,13,ALEXANDER DENNIS MODEL MISSING,7,E01020962,0,-1
2023161326507,2023,161326507,1,11,0,18,19,2,6,0,0,1,0,0,0,0,0,1,1,1,1,57,9,6700,2,4,ALEXANDER DENNIS MODEL MISSING,-1,-1,0,-1
2023201402010,2023,201402010,3,11,0,18,19,5,1,0,0,1,0,0,0,0,3,1,6,6,1,47,8,6700,2,14,ALEXANDER DENNIS MODEL MISSING,1,E01033628,0,-1
2023332301055,2023,332301055,2,11,0,18,19,3,7,0,0,8,0,0,0,0,1,1,1,1,1,46,8,4500,2,1,ALEXANDER DENNIS MODEL MISSING,1,E01013746,0,-1
2023010441940,2023,010441940,1,11,0,18,19,7,3,0,0,1,0,0,0,0,0,1,1,1,1,44,7,4500,2,6,ALEXANDER DENNIS MODEL MISSING,4,E01002642,0,-1
2023010476007,2023,010476007,1,11,0,3,3,1,5,0,0,1,0,4,0,0,2,1,1,1,1,43,7,6700,2,5,ALEXANDER DENNIS MODEL MISSING,2,E01003576,0,-1
2023311352215,2023,311352215,1,11,0,4,4,8,4,0,0,0,0,0,0,0,4,1,5,6,1,53,8,4500,2,1,ALEXANDER DENNIS MODEL MISSING,7,E01028405,0,-1
2023311366924,2023,311366924,1,11,0,4,4,8,4,0,0,0,0,0,0,0,0,1,1,1,1,60,9,6700,2,5,ALEXANDER DENNIS MODEL MISSING,4,E01027929,0,-1
2023052302684,2023,052302684,1,11,0,18,19,7,3,0,0,0,0,0,0,0,4,1,1,1,1,-1,-1,4500,2,0,ALEXANDER DENNIS MODEL MISSING,-1,-1,0,-1
2023421350507,2023,421350507,2,11,0,18,19,6,2,0,0,4,0,0,0,0,1,1,1,1,1,66,10,6700,2,15,ALEXANDER DENNIS MODEL MISSING,5,E01021942,0,-1
2023010468181,2023,010468181,1,11,0,5,5,1,5,0,0,1,0,0,0,0,1,1,1,1,1,42,7,4500,2,5,ALEXANDER DENNIS MODEL MISSING,3,E01002725,0,-1
2023101295604,2023,101295604,2,11,0,18,19,3,7,2,2,0,0,0,0,0,0,1,1,1,1,49,8,4500,2,12,ALEXANDER DENNIS MODEL MISSING,-1,-1,0,-1
2023010434481,2023,010434481,1,11,0,18,19,1,5,0,0,0,0,0,0,0,4,1,1,1,1,46,8,6700,2,11,ALEXANDER DENNIS MODEL MISSING,2,E01003299,0,-1
2023010482534,2023,010482534,2,11,9,2,2,0,0,0,0,0,0,0,0,0,9,1,6,6,3,-1,-1,4500,2,13,ALEXANDER DENNIS MODEL MISSING,-1,-1,0,-1
2023311332029,2023,311332029,2,11,0,18,19,1,5,0,0,1,0,0,0,0,1,1,5,6,1,24,5,6700,2,6,ALEXANDER DENNIS MODEL MISSING,-1,-1,0,-1
2023440032798,2023,440032798,2,11,0,18,19,5,1,0,0,8,0,0,0,0,1,1,1,1,1,37,7,6700,2,4,ALEXANDER DENNIS MODEL MISSING,-1,-1,0,-1
2023010455935,2023,010455935,1,11,0,18,19,2,6,0,0,2,0,0,0,0,4,1,1,1,1,58,9,4500,2,7,ALEXANDER DENNIS MODEL MISSING,4,E01004631,0,-1
2023010502179,2023,010502179,1,11,0,18,19,1,5,0,0,1,0,0,0,0,4,1,1,1,1,-1,-1,6700,2,7,ALEXANDER DENNIS MODEL MISSING,-1,-1,0,-1
2023010457856,2023,010457856,2,11,0,4,4,7,3,0,0,8,0,0,0,0,3,1,1,1,2,28,6,4500,2,7,ALEXANDER DENNIS MODEL MISSING,2,E01003321,0,-1
2023010429844,2023,010429844,2,11,0,18,19,7,3,0,0,0,0,0,0,0,1,1,1,1,1,58,9,4500,2,9,ALEXANDER DENNIS MODEL MISSING,6,E01002933,0,-1
2023211352726,2023,211352726,1,11,0,7,7,5,6,0,0,2,0,0,0,0,4,1,1,1,1,40,7,6700,2,12,ALEXANDER DENNIS MODEL MISSING,-1,-1,0,-1
2023201287281,2023,201287281,2,11,0,2,2,5,1,0,0,2,0,0,0,0,2,1,1,1,1,30,6,6700,2,7,ALEXANDER DENNIS MODEL MISSING,3,E01009264,0,-1
2023010430123,2023,010430123,1,11,0,99,99,9,9,99,99,9,9,99,9,99,2,9,1,1,1,43,7,4500,2,11,ALEXANDER DENNIS MODEL MISSING,4,E01016573,0,-1
2023471352416,2023,471352416,1,11,0,18,19,5,1,0,0,1,0,0,0,0,4,1,6,6,1,27,6,4500,2,4,ALEXANDER DENNIS MODEL MISSING,4,E01031835,0,-1
2023010482457,2023,010482457,2,11,0,18,19,3,7,0,0,1,0,0,0,0,1,1,1,1,1,42,7,4500,2,6,ALEXANDER DENNIS MODEL MISSING,4,E01003282,0,-1
2023010449391,2023,010449391,1,11,0,18,19,1,5,0,0,8,0,0,0,0,0,1,1,1,2,51,8,4500,2,5,ALEXANDER DENNIS MODEL MISSING,3,E01004034,0,-1
2023201320734,2023,201320734,1,11,0,18,19,4,8,0,0,2,0,0,0,0,4,1,1,1,1,69,10,4500,2,8,ALEXANDER DENNIS MODEL MISSING,2,E01009043,0,-1
2023010475876,2023,010475876,1,11,0,18,19,7,3,2,2,8,0,0,0,0,2,1,1,1,1,20,4,6700,2,5,ALEXANDER DENNIS MODEL MISSING,3,E01003539,0,-1
2023430378109,2023,430378109,2,11,0,17,19,2,8,0,0,8,0,0,0,0,2,1,1,1,1,44,7,4500,2,16,ALEXANDER DENNIS MODEL MISSING,7,E01017705,0,-1
2023010486574,2023,010486574,1,11,0,10,10,4,2,0,0,1,0,0,0,0,1,1,1,1,1,19,4,4500,2,5,ALEXANDER DENNIS MODEL MISSING,2,E01001654,0,-1
2023041379721,2023,041379721,1,11,0,18,19,4,8,0,0,1,0,0,0,0,1,1,1,1,1,38,7,6696,2,8,ALEXANDER DENNIS MODEL MISSING,1,E01025236,0,-1
2023471304906,2023,471304906,1,11,0,18,19,7,3,0,0,0,0,0,0,0,4,1,1,1,1,28,6,4500,2,3,ALEXANDER DENNIS MODEL MISSING,7,E01020926,0,-1
2023010421220,2023,010421220,1,11,0,4,4,7,3,2,2,8,0,0,0,0,0,1,1,1,1,48,8,4500,2,7,ALEXANDER DENNIS MODEL MISSING,3,E01000689,0,-1
2023010454519,2023,010454519,1,11,0,4,4,5,1,0,0,1,0,0,0,0,0,1,1,1,1,59,9,4500,2,3,ALEXANDER DENNIS MODEL MISSING,4,E01003448,0,-1
2023010437052,2023,010437052,1,11,0,5,5,1,5,0,0,0,0,0,0,0,0,1,1,1,1,63,9,4500,2,7,ALEXANDER DENNIS MODEL MISSING,2,E01003988,0,-1
2023461320106,2023,461320106,4,11,0,18,19,6,2,0,0,0,0,0,0,0,3,1,1,1,1,64,9,6700,2,7,ALEXANDER DENNIS MODEL MISSING,4,E01024087,0,-1
2023052303008,2023,052303008,2,11,0,7,7,3,7,0,0,7,0,0,0,0,1,1,1,1,1,60,9,4461,2,11,ALEXANDER DENNIS MODEL MISSING,1,E01006429,0,-1
2023361342852,2023,361342852,1,11,0,2,2,0,0,0,0,2,0,0,0,0,4,1,5,6,1,65,9,6700,2,2,ALEXANDER DENNIS MODEL MISSING,1,E01026662,0,-1
2023481355223,2023,481355223,2,11,0,18,19,1,5,0,0,0,0,0,0,0,1,1,1,1,1,58,9,4500,2,7,ALEXANDER DENNIS MODEL MISSING,-1,-1,0,-1
2023440383086,2023,440383086,2,11,0,14,14,5,1,0,0,1,0,0,0,0,3,1,1,1,1,31,6,6696,2,10,ALEXANDER DENNIS MODEL MISSING,4,E01017085,0,-1
2023361378931,2023,361378931,1,11,0,12,12,6,2,0,0,1,0,0,0,0,2,1,1,1,2,50,8,6696,2,8,ALEXANDER DENNIS MODEL MISSING,4,E01033041,0,-1
2023430557992,2023,430557992,2,11,0,18,19,2,6,0,0,1,0,0,0,0,1,1,6,6,1,-1,-1,6700,2,12,ALEXANDER DENNIS MODEL MISSING,-1,-1,0,-1
2023010463223,2023,010463223,1,11,0,4,4,1,5,2,2,0,0,0,0,0,0,1,1,1,1,49,8,4500,2,12,ALEXANDER DENNIS MODEL MISSING,7,E01003651,0,-1
2023010424584,2023,010424584,1,11,0,12,12,5,1,3,2,6,0,0,0,0,2,1,1,1,1,56,9,4500,2,12,ALEXANDER DENNIS MODEL MISSING,-1,-1,0,-1
2023010473999,2023,010473999,1,11,0,9,9,3,2,0,0,1,0,0,3,0,0,1,1,1,1,32,6,4500,2,6,ALEXANDER DENNIS MODEL MISSING,2,E01004295,0,-1
2023111328266,2023,111328266,1,11,0,18,19,6,2,0,0,1,0,0,0,0,1,1,1,1,1,41,7,6700,2,3,ALEXANDER DENNIS MODEL MISSING,1,E01020639,0,-1
2023311306948,2023,311306948,2,11,0,5,5,4,8,2,2,8,0,0,0,0,0,1,1,1,2,35,6,6700,2,3,ALEXANDER DENNIS MODEL MISSING,7,E01028090,0,-1
2023052302997,2023,052302997,1,11,0,18,19,1,5,0,0,0,0,0,0,0,1,1,1,1,1,53,8,6696,2,8,ALEXANDER DENNIS MODEL MISSING,1,E01006599,0,-1
2023010456745,2023,010456745,1,11,0,17,19,1,5,0,0,1,0,0,0,0,1,1,1,1,1,37,7,4500,2,12,ALEXANDER DENNIS MODEL MISSING,3,E01004217,0,-1
2023010425093,2023,010425093,1,11,0,5,5,5,1,0,0,8,0,0,0,0,1,1,1,1,1,32,6,6700,2,12,ALEXANDER DENNIS MODEL MISSING,2,E01000019,0,-1
2023010455706,2023,010455706,1,11,0,4,4,7,3,0,0,1,0,0,0,0,0,1,1,1,1,74,10,4500,2,9,ALEXANDER DENNIS MODEL MISSING,2,E01003303,0,-1
2023311314467,2023,311314467,1,11,0,5,5,4,8,0,0,0,0,0,0,0,0,1,1,1,1,55,8,6700,2,3,ALEXANDER DENNIS MODEL MISSING,4,E01019433,0,-1
2023010443656,2023,010443656,1,11,0,5,5,5,1,2,2,1,0,0,0,0,1,1,1,1,1,55,8,6700,2,13,ALEXANDER DENNIS MODEL MISSING,5,E01003110,0,-1
2023031297186,2023,031297186,3,11,0,4,4,5,1,0,0,0,0,0,0,0,0,1,1,1,1,-1,-1,4461,2,9,ALEXANDER DENNIS MODEL MISSING,-1,-1,0,-1
2023991313274,2023,991313274,1,11,0,5,5,4,2,0,0,2,0,0,0,0,1,1,1,1,1,50,8,4500,2,12,ALEXANDER DENNIS MODEL MISSING,-1,-1,0,-1
2023010422817,2023,010422817,1,11,0,7,7,3,5,0,0,1,0,0,0,0,4,1,1,1,1,-1,-1,4500,2,12,ALEXANDER DENNIS MODEL MISSING,-1,-1,0,-1
2023311302190,2023,311302190,1,11,0,4,4,7,3,0,0,1,0,0,0,0,0,1,1,1,1,24,5,4500,2,4,ALEXANDER DENNIS MODEL MISSING,2,E01013814,0,-1
2023010478797,2023,010478797,2,11,0,99,99,9,9,99,99,9,9,99,9,99,9,9,6,6,3,-1,-1,4500,2,14,ALEXANDER DENNIS MODEL MISSING,-1,-1,0,-1
2023430263330,2023,430263330,2,11,0,18,19,7,3,0,0,8,0,0,0,0,1,1,1,1,1,60,9,6700,2,4,ALEXANDER DENNIS MODEL MISSING,-1,-1,0,-1
2023440113254,2023,440113254,2,11,0,3,3,8,4,0,0,2,0,0,0,0,2,1,1,1,2,-1,-1,6700,2,5,ALEXANDER DENNIS MODEL MISSING,4,E01022671,0,-1
2023461350245,2023,461350245,2,11,0,18,19,1,5,0,0,8,0,0,0,0,1,1,1,1,1,-1,-1,6696,2,9,ALEXANDER DENNIS MODEL MISSING,1,E01024621,0,-1
2023010458135,2023,010458135,1,11,0,4,4,1,5,2,2,1,0,0,0,0,0,1,6,6,1,46,8,4500,2,9,ALEXANDER DENNIS MODEL MISSING,8,E01024185,0,-1
2023010427125,2023,010427125,1,11,0,99,99,9,9,99,99,9,9,99,9,99,9,1,6,6,1,54,8,4500,2,7,ALEXANDER DENNIS MODEL MISSING,4,E01000416,0,-1
2023010419529,2023,010419529,1,11,0,9,9,3,1,0,0,8,0,0,0,0,1,1,1,1,1,50,8,4500,2,13,ALEXANDER DENNIS MODEL MISSING,5,E01002652,0,-1
2023041346945,2023,041346945,2,11,0,18,19,5,1,0,0,1,0,0,0,0,3,1,1,1,1,65,9,6700,2,11,ALEXANDER DENNIS MODEL MISSING,1,E01025112,0,-1
2023010432067,2023,010432067,1,11,0,3,3,7,3,0,0,1,0,0,0,0,2,1,1,1,1,41,7,4500,2,9,ALEXANDER DENNIS MODEL MISSING,2,E01003545,0,-1
2023010446654,2023,010446654,1,11,0,18,19,3,7,0,0,0,0,0,0,0,0,1,1,1,1,45,7,4500,2,3,ALEXANDER DENNIS MODEL MISSING,6,E01002617,0,-1
2023111288088,2023,111288088,1,11,0,7,7,1,3,0,0,2,0,0,0,0,1,1,1,1,1,53,8,6700,2,14,ALEXANDER DENNIS MODEL MISSING,1,E01020909,0,-1
2023010421699,2023,010421699,1,11,0,18,19,3,7,2,2,4,0,0,0,0,0,1,6,6,1,30,6,6700,2,11,ALEXANDER DENNIS MODEL MISSING,7,E01003696,0,-1
2023061358971,2023,061358971,1,11,0,18,19,6,2,0,0,1,0,0,0,0,4,1,1,1,3,-1,-1,6700,2,8,ALEXANDER DENNIS MODEL MISSING,-1,-1,0,-1
2023010446070,2023,010446070,1,11,0,18,19,5,1,0,0,1,0,0,1,0,0,1,1,1,1,53,8,6700,2,12,ALEXANDER DENNIS MODEL MISSING,3,E01000368,0,-1
2023010464226,2023,010464226,1,11,0,18,19,3,7,0,0,1,0,0,0,0,0,1,1,1,1,45,7,4500,2,13,ALEXANDER DENNIS MODEL MISSING,-1,-1,0,-1
2023010472639,2023,010472639,2,11,0,3,3,1,5,0,0,1,0,0,0,0,1,1,1,1,1,29,6,6700,2,11,ALEXANDER DENNIS MODEL MISSING,4,E01003776,0,-1
2023010470820,2023,010470820,1,11,0,4,4,1,5,0,0,1,0,0,0,0,0,1,6,6,1,23,5,6700,2,11,ALEXANDER DENNIS MODEL MISSING,-1,-1,0,-1
2023010452459,2023,010452459,1,11,0,18,19,1,5,0,0,6,0,0,0,0,0,1,1,1,1,49,8,6700,2,14,ALEXANDER DENNIS MODEL MISSING,7,E01002954,0,-1
2023010479163,2023,010479163,1,11,0,5,5,3,7,0,0,2,0,0,0,0,0,2,1,1,1,55,8,4500,2,7,ALEXANDER DENNIS MODEL MISSING,4,E01001183,0,-1
202360A117291,2023,60A117291,1,11,0,18,19,8,4,0,0,1,0,0,0,0,1,1,1,1,1,56,9,4500,2,0,ALEXANDER DENNIS MODEL MISSING,-1,-1,0,-1
2023010421354,2023,010421354,1,11,0,4,4,3,7,0,0,1,0,0,0,0,0,1,1,1,2,39,7,4500,2,9,ALEXANDER DENNIS MODEL MISSING,8,E01004557,0,-1
2023070904566,2023,070904566,1,11,0,18,19,1,5,0,0,0,0,0,0,0,1,1,1,1,1,51,8,6700,2,7,ALEXANDER DENNIS MODEL MISSING,1,E01018351,0,-1
2023010483345,2023,010483345,1,11,0,18,19,8,4,0,0,2,0,7,0,0,1,1,1,1,1,64,9,4500,2,13,ALEXANDER DENNIS MODEL MISSING,1,E01001364,0,-1
2023311298748,2023,311298748,2,11,0,18,19,6,2,0,0,4,0,0,0,0,1,1,5,6,1,40,7,4500,2,5,ALEXANDER DENNIS MODEL MISSING,-1,-1,0,-1
2023010481064,2023,010481064,1,11,0,4,4,5,1,0,0,0,0,0,0,0,0,1,1,1,1,54,8,4500,2,12,ALEXANDER DENNIS MODEL MISSING,3,E01024482,0,-1
2023461364103,2023,461364103,2,11,0,9,9,7,5,0,0,8,0,0,0,0,0,1,6,6,1,52,8,6700,2,7,ALEXANDER DENNIS MODEL MISSING,4,E01024579,0,-1
2023371399787,2023,371399787,1,11,0,5,5,5,1,2,2,0,0,0,0,0,4,1,1,1,1,46,8,6696,2,10,ALEXANDER DENNIS MODEL MISSING,5,E01029884,0,-1
2023440294436,2023,440294436,1,11,0,4,4,4,8,0,0,0,0,0,0,0,4,1,1,1,1,21,5,6700,2,5,ALEXANDER DENNIS MODEL MISSING,4,E01017342,0,-1
2023010479718,2023,010479718,1,11,0,17,19,1,5,0,0,1,0,0,0,0,0,1,1,1,1,44,7,4500,2,6,ALEXANDER DENNIS MODEL MISSING,1,E01004250,0,-1
2023010446859,2023,010446859,1,11,0,2,2,0,0,0,0,1,0,4,0,0,2,1,6,6,3,-1,-1,4500,2,7,ALEXANDER DENNIS MODEL MISSING,-1,-1,0,-1
2023010448124,2023,010448124,1,11,0,18,19,5,1,2,2,9,9,99,9,99,0,1,6,6,2,49,8,4500,2,8,ALEXANDER DENNIS MODEL MISSING,3,E01001004,0,-1
2023332301192,2023,332301192,2,11,0,18,19,7,3,2,2,1,0,0,0,0,1,1,1,1,1,21,5,6700,2,11,ALEXANDER DENNIS MODEL MISSING,2,E01013716,0,-1
2023552300641,2023,552300641,2,11,0,18,19,3,7,0,0,0,0,0,0,0,1,1,1,1,3,33,6,6700,2,4,ALEXANDER DENNIS MODEL MISSING,-1,-1,0,-1
2023201313370,2023,201313370,2,11,0,18,19,1,5,0,0,8,0,0,0,0,3,1,1,1,3,-1,-1,4461,2,11,ALEXANDER DENNIS MODEL MISSING,-1,-1,0,-1
2023010448172,2023,010448172,2,11,0,18,19,5,1,1,1,1,0,0,0,0,1,1,1,1,2,62,9,6700,2,11,ALEXANDER DENNIS MODEL MISSING,2,E01001144,0,-1
2023201416508,2023,201416508,1,11,0,18,19,5,2,0,0,1,0,0,0,0,1,1,1,1,1,22,5,6700,2,7,ALEXANDER DENNIS MODEL MISSING,1,E01010060,0,-1
2023010463183,2023,010463183,2,11,0,18,19,8,4,0,0,1,0,0,0,0,1,1,1,1,1,35,6,4500,2,7,ALEXANDER DENNIS MODEL MISSING,3,E01016021,0,-1
2023010421308,2023,010421308,3,11,0,18,19,1,5,0,0,2,0,4,0,0,1,1,1,1,2,65,9,4500,2,6,ALEXANDER DENNIS MODEL MISSING,3,E01003588,0,-1
2023471340973,2023,471340973,1,11,0,4,4,4,8,0,0,2,0,0,0,0,4,1,6,6,1,36,7,6700,2,13,ALEXANDER DENNIS MODEL MISSING,10,E01031635,0,-1
2023471263518,2023,471263518,1,11,0,18,19,8,4,0,0,1,0,4,0,0,1,1,1,1,2,60,9,8300,2,17,ALEXANDER DENNIS MODEL MISSING,7,E01031438,0,-1
2023010476051,2023,010476051,1,11,0,18,19,7,3,0,0,2,0,0,0,0,1,1,1,1,1,21,5,6700,2,11,ALEXANDER DENNIS MODEL MISSING,4,E01004338,0,-1
2023010465847,2023,010465847,1,11,0,4,4,5,1,0,0,2,0,0,0,0,1,1,1,1,1,18,4,6700,2,11,ALEXANDER DENNIS MODEL MISSING,2,E01004467,0,-1
2023010434675,2023,010434675,1,11,0,5,5,0,3,2,2,1,0,0,0,0,0,1,1,1,2,24,5,4500,2,6,ALEXANDER DENNIS MODEL MISSING,2,E01003591,0,-1
2023010471325,2023,010471325,1,11,0,4,4,5,1,2,2,0,0,0,0,0,0,1,6,6,1,46,8,4500,2,6,ALEXANDER DENNIS MODEL MISSING,3,E01002397,0,-1
2023031334451,2023,031334451,2,11,0,3,3,1,1,0,0,0,0,0,0,0,1,1,1,1,1,63,9,6700,2,12,ALEXANDER DENNIS MODEL MISSING,-1,-1,0,-1
2023201439357,2023,201439357,2,11,0,16,19,4,6,0,0,4,0,0,0,0,1,1,1,1,1,66,10,6700,2,8,ALEXANDER DENNIS MODEL MISSING,2,E01009018,0,-1
2023010456635,2023,010456635,1,11,0,99,99,9,9,99,99,9,9,99,9,99,0,9,1,1,1,63,9,4500,2,5,ALEXANDER DENNIS MODEL MISSING,2,E01032805,0,-1
2023421280655,2023,421280655,2,11,0,18,19,5,1,0,0,1,0,0,0,0,4,1,1,1,1,58,9,6700,2,15,ALEXANDER DENNIS MODEL MISSING,5,E01021491,0,-1
2023501304725,2023,501304725,2,11,0,18,19,1,5,0,0,1,0,0,0,0,1,1,1,1,1,38,7,3900,2,17,ALEXANDER DENNIS MODEL MISSING,1,E01018875,0,-1