collision_index,collision_year,collision_ref_no,vehicle_reference,vehicle_type,towing_and_articulation,vehicle_manoeuvre_historic,vehicle_manoeuvre,vehicle_direction_from,vehicle_direction_to,vehicle_location_restricted_lane_historic,vehicle_location_restricted_lane,junction_location,skidding_and_overturning,hit_object_in_carriageway,vehicle_leaving_carriageway,hit_object_off_carriageway,first_point_of_impact,vehicle_left_hand_drive,journey_purpose_of_driver_historic,journey_purpose_of_driver,sex_of_driver,age_of_driver,age_band_of_driver,engine_capacity_cc,propulsion_code,age_of_vehicle,generic_make_model,driver_imd_decile,lsoa_of_driver,escooter_flag,driver_distance_banding
2023520000621,2023,520000621,1,11,0,18,19,1,5,0,0,0,0,0,0,0,1,1,1,1,1,64,9,6700,2,11,ALEXANDER DENNIS MODEL MISSING,10,E01014434,0,-1
2023161348475,2023,161348475,1,11,0,18,19,3,7,0,0,0,0,0,0,0,0,1,1,1,1,65,9,6700,2,4,ALEXANDER DENNIS MODEL MISSING,-1,-1,0,-1
2023070636411,2023,070636411,2,11,0,4,4,6,2,0,0,8,0,0,0,0,2,1,1,1,1,45,7,6700,2,6,ALEXANDER DENNIS MODEL MISSING,7,W01000410,0,-1
2023311290203,2023,311290203,1,11,0,18,19,1,5,0,0,0,0,0,0,0,0,1,1,1,1,38,7,6700,2,5,ALEXANDER DENNIS MODEL MISSING,-1,-1,0,-1
2023101281531,2023,101281531,1,11,0,18,19,7,3,0,0,1,0,0,0,0,1,1,1,1,1,32,6,6700,2,15,ALEXANDER DENNIS MODEL MISSING,1,E01001430,0,-1
2023471319537,2023,471319537,1,11,0,18,19,8,4,0,0,2,0,0,0,0,4,1,1,1,1,31,6,4500,2,4,ALEXANDER DENNIS MODEL MISSING,-1,-1,0,-1
2023421362892,2023,421362892,2,11,0,2,2,6,2,0,0,0,0,0,0,0,0,1,1,1,1,51,8,4500,2,6,ALEXANDER DENNIS MODEL MISSING,3,E01003686,0,-1
2023010438293,2023,010438293,2,11,0,18,19,5,1,0,0,1,0,0,0,0,1,1,1,1,2,42,7,6700,2,11,ALEXANDER DENNIS MODEL MISSING,2,E01001334,0,-1
2023201311437,2023,201311437,2,11,0,18,19,8,4,0,0,8,0,0,0,0,0,1,1,1,1,46,8,6700,2,15,ALEXANDER DENNIS MODEL MISSING,1,E01009194,0,-1
2023101294436,2023,101294436,2,11,0,17,19,2,7,0,0,8,0,0,0,0,1,1,1,1,1,28,6,6700,2,3,ALEXANDER DENNIS MODEL MISSING,1,E01008257,0,-1
2023010468144,2023,010468144,1,11,0,7,7,6,1,0,0,1,0,0,0,0,1,1,1,1,2,23,5,4500,2,7,ALEXANDER DENNIS MODEL MISSING,5,E01003116,0,-1
2023141391138,2023,141391138,1,11,0,2,2,0,0,0,0,0,0,0,0,0,1,1,1,1,1,30,6,4500,2,13,ALEXANDER DENNIS MODEL MISSING,1,E01007945,0,-1
2023010451509,2023,010451509,3,11,0,99,99,9,9,99,99,9,9,99,9,99,9,9,6,6,3,-1,-1,4500,2,5,ALEXANDER DENNIS MODEL MISSING,6,E01003273,0,-1
2023311347984,2023,311347984,2,11,0,5,5,5,1,0,0,1,0,0,0,0,1,1,1,1,2,46,8,8268,2,18,ALEXANDER DENNIS MODEL MISSING,2,E01027987,0,-1
2023201377462,2023,201377462,2,11,0,12,12,1,5,2,2,1,0,0,0,0,4,1,5,6,3,-1,-1,6700,2,8,ALEXANDER DENNIS MODEL MISSING,-1,-1,0,-1
2023061347629,2023,061347629,1,11,0,5,5,4,8,0,0,0,0,0,0,0,0,1,1,1,1,57,9,6700,2,14,ALEXANDER DENNIS MODEL MISSING,2,E01006405,0,-1
2023010435295,2023,010435295,1,11,0,17,19,3,7,0,0,0,0,0,0,0,0,1,1,1,1,34,6,6700,2,14,ALEXANDER DENNIS MODEL MISSING,8,E01001044,0,-1
2023010434267,2023,010434267,1,11,0,18,19,5,1,0,0,8,0,0,0,0,1,1,1,1,1,51,8,4500,2,7,ALEXANDER DENNIS MODEL MISSING,7,E01000437,0,-1
2023311297577,2023,311297577,2,11,0,18,19,1,5,0,0,0,0,0,0,0,3,1,1,1,1,44,7,6700,2,7,ALEXANDER DENNIS MODEL MISSING,-1,-1,0,-1
2023010486587,2023,010486587,2,11,0,18,19,1,5,2,2,1,0,0,0,0,1,1,1,1,1,56,9,4500,2,9,ALEXANDER DENNIS MODEL MISSING,2,E01001700,0,-1
2023010452304,2023,010452304,1,11,0,3,3,6,2,2,2,0,0,0,0,0,2,1,1,1,1,65,9,4500,2,13,ALEXANDER DENNIS MODEL MISSING,6,E01001258,0,-1
2023010477385,2023,010477385,1,11,0,4,4,1,5,2,2,1,0,0,0,0,0,1,1,1,1,35,6,6700,2,12,ALEXANDER DENNIS MODEL MISSING,2,E01003497,0,-1
2023061290271,2023,061290271,1,11,0,5,5,3,5,0,0,2,0,0,0,0,0,1,1,1,1,49,8,6700,2,11,ALEXANDER DENNIS MODEL MISSING,-1,-1,0,-1
2023201281214,2023,201281214,2,11,0,2,2,0,0,0,0,0,0,0,0,0,2,1,1,1,3,-1,-1,6700,2,6,ALEXANDER DENNIS MODEL MISSING,-1,-1,0,-1
2023481369643,2023,481369643,1,11,0,5,5,5,1,0,0,0,0,0,0,0,3,1,1,1,1,40,7,4500,2,7,ALEXANDER DENNIS MODEL MISSING,-1,-1,0,-1
2023010465920,2023,010465920,1,11,0,18,19,6,2,0,0,1,0,0,0,0,2,1,1,1,1,57,9,6700,2,12,ALEXANDER DENNIS MODEL MISSING,4,E01000746,0,-1
2023010429638,2023,010429638,1,11,0,18,19,5,1,0,0,0,0,0,0,0,0,1,1,1,1,37,7,4500,2,7,ALEXANDER DENNIS MODEL MISSING,2,E01003236,0,-1
2023371340580,2023,371340580,1,11,0,18,19,7,3,0,0,0,0,0,0,0,4,1,6,6,1,64,9,4461,2,5,ALEXANDER DENNIS MODEL MISSING,6,E01033541,0,-1
2023010471895,2023,010471895,1,11,0,18,19,1,5,0,0,0,0,0,0,0,0,1,6,6,1,22,5,6700,2,11,ALEXANDER DENNIS MODEL MISSING,-1,-1,0,-1
2023201374787,2023,201374787,2,11,0,7,7,7,4,0,0,3,0,0,0,0,3,1,1,1,1,54,8,6700,2,8,ALEXANDER DENNIS MODEL MISSING,3,E01008895,0,-1
2023461296377,2023,461296377,1,11,0,7,7,3,5,0,0,1,0,0,0,0,0,1,6,6,1,59,9,4500,2,6,ALEXANDER DENNIS MODEL MISSING,4,E01016070,0,-1
2023311290063,2023,311290063,1,11,0,4,4,4,8,0,0,1,0,0,0,0,0,1,1,1,1,61,9,4500,2,5,ALEXANDER DENNIS MODEL MISSING,1,E01013881,0,-1
2023010427334,2023,010427334,1,11,0,18,19,5,1,0,0,2,0,0,0,0,0,1,1,1,1,56,9,4461,2,10,ALEXANDER DENNIS MODEL MISSING,2,E01000041,0,-1
2023552300967,2023,552300967,1,11,0,18,19,6,2,0,0,8,0,0,0,0,1,1,1,1,1,33,6,6696,2,8,ALEXANDER DENNIS MODEL MISSING,3,E01015429,0,-1
2023471368715,2023,471368715,1,11,0,18,19,5,1,0,0,1,0,0,0,0,1,1,1,1,1,34,6,4500,2,11,ALEXANDER DENNIS MODEL MISSING,4,E01020971,0,-1
2023531378820,2023,531378820,2,11,0,18,19,7,3,2,2,0,0,0,1,0,4,1,1,1,1,53,8,4500,2,3,ALEXANDER DENNIS MODEL MISSING,6,E01022380,0,-1
2023010468643,2023,010468643,1,11,0,4,4,7,3,0,0,1,0,0,0,0,0,1,1,1,1,30,6,4500,2,8,ALEXANDER DENNIS MODEL MISSING,4,E01016717,0,-1
2023481361881,2023,481361881,1,11,0,5,5,3,7,0,0,0,0,0,0,0,0,1,1,1,1,56,9,4500,2,5,ALEXANDER DENNIS MODEL MISSING,-1,-1,0,-1
2023991341651,2023,991341651,2,11,0,17,19,6,2,0,0,0,0,0,0,0,1,1,1,1,1,23,5,4500,2,4,ALEXANDER DENNIS MODEL MISSING,-1,-1,0,-1
2023101308099,2023,101308099,1,11,0,18,19,5,1,0,0,1,0,0,0,0,4,1,1,1,1,57,9,4461,2,10,ALEXANDER DENNIS MODEL MISSING,1,E01008737,0,-1
202363A014523,2023,63A014523,1,11,0,17,19,7,4,0,0,0,0,0,0,0,3,1,6,6,1,55,8,6700,2,7,ALEXANDER DENNIS MODEL MISSING,4,W01000760,0,-1
2023201410412,2023,201410412,1,11,0,18,19,4,8,0,0,0,0,0,0,0,1,1,1,1,1,43,7,6700,2,4,ALEXANDER DENNIS MODEL MISSING,1,E01009109,0,-1
2023010432576,2023,010432576,2,11,0,18,19,7,3,2,2,8,0,0,0,0,0,1,1,1,1,33,6,4500,2,5,ALEXANDER DENNIS MODEL MISSING,2,E01001594,0,-1
2023052300970,2023,052300970,2,11,0,18,19,7,3,0,0,0,0,0,0,0,1,1,1,1,1,61,9,6696,2,8,ALEXANDER DENNIS MODEL MISSING,4,E01007140,0,-1
2023010452380,2023,010452380,1,11,0,4,4,3,7,0,0,2,0,0,0,0,1,1,1,1,1,39,7,4500,2,9,ALEXANDER DENNIS MODEL MISSING,8,E01000399,0,-1
2023010462256,2023,010462256,1,11,0,18,19,1,5,0,0,2,0,0,0,0,4,1,1,1,1,33,6,6700,2,11,ALEXANDER DENNIS MODEL MISSING,2,E01001509,0,-1
2023991320926,2023,991320926,1,11,0,18,19,7,3,0,0,2,0,11,0,0,3,1,1,1,1,41,7,4500,2,1,ALEXANDER DENNIS MODEL MISSING,-1,-1,0,-1
2023311368402,2023,311368402,1,11,0,7,7,1,4,0,0,1,0,0,0,0,0,1,1,1,1,52,8,4500,2,12,ALEXANDER DENNIS MODEL MISSING,2,E01028300,0,-1
2023010419744,2023,010419744,1,11,0,18,19,1,5,0,0,8,0,0,0,0,0,1,1,1,1,52,8,4500,2,7,ALEXANDER DENNIS MODEL MISSING,6,E01000816,0,-1
2023010438951,2023,010438951,1,11,0,5,5,3,7,0,0,0,0,0,0,0,0,1,1,1,1,50,8,6696,2,10,ALEXANDER DENNIS MODEL MISSING,1,E01001145,0,-1
2023451353203,2023,451353203,1,11,0,18,19,6,2,0,0,0,0,0,0,0,1,1,1,1,1,59,9,4500,2,5,ALEXANDER DENNIS MODEL MISSING,5,E01030719,0,-1
2023991280253,2023,991280253,2,11,0,4,4,6,2,0,0,1,0,0,0,0,0,1,1,1,1,21,5,6700,2,14,ALEXANDER DENNIS MODEL MISSING,7,-1,0,-1
2023010440012,2023,010440012,1,11,0,5,5,5,1,2,2,0,0,0,0,0,0,1,1,1,2,41,7,4500,2,8,ALEXANDER DENNIS MODEL MISSING,3,E01032743,0,-1
2023010475904,2023,010475904,1,11,0,4,4,6,2,0,0,1,0,0,0,0,1,1,1,1,1,58,9,4500,2,4,ALEXANDER DENNIS MODEL MISSING,3,E01001360,0,-1
2023010474207,2023,010474207,1,11,0,18,19,2,6,2,2,1,0,0,0,0,2,1,1,1,1,66,10,4500,2,9,ALEXANDER DENNIS MODEL MISSING,1,E01001155,0,-1
2023991376565,2023,991376565,2,11,0,5,5,2,6,0,0,1,0,0,0,0,0,1,1,1,1,62,9,6700,2,5,ALEXANDER DENNIS MODEL MISSING,9,-1,0,-1
2023501283627,2023,501283627,2,11,0,2,2,2,5,0,0,0,0,0,0,0,1,1,6,6,1,-1,-1,8268,2,18,ALEXANDER DENNIS MODEL MISSING,-1,-1,0,-1
2023010474773,2023,010474773,2,11,0,99,99,9,9,0,0,8,0,0,0,0,1,1,6,6,1,21,5,4500,2,6,ALEXANDER DENNIS MODEL MISSING,2,E01003497,0,-1
2023010447319,2023,010447319,2,11,0,4,4,3,7,0,0,0,0,0,0,0,1,1,1,1,1,31,6,4500,2,5,ALEXANDER DENNIS MODEL MISSING,4,E01001595,0,-1
2023010425089,2023,010425089,1,11,0,5,5,7,3,0,0,1,0,0,0,0,0,1,1,1,1,52,8,4500,2,5,ALEXANDER DENNIS MODEL MISSING,2,E01003190,0,-1
2023471287450,2023,471287450,1,11,0,4,4,5,1,0,0,1,0,0,0,0,4,1,1,1,1,49,8,3900,2,17,ALEXANDER DENNIS MODEL MISSING,4,E01020973,0,-1
2023010428841,2023,010428841,1,11,0,18,19,7,3,0,0,1,0,0,0,0,0,1,1,1,1,30,6,4500,2,8,ALEXANDER DENNIS MODEL MISSING,5,E01000142,0,-1
2023010425450,2023,010425450,1,11,0,18,19,7,3,0,0,8,0,0,0,0,1,1,1,1,2,60,9,4500,2,11,ALEXANDER DENNIS MODEL MISSING,4,E01003436,0,-1
2023991369542,2023,991369542,1,11,0,10,10,3,1,0,0,1,0,0,0,0,3,1,1,1,1,23,5,6700,2,12,ALEXANDER DENNIS MODEL MISSING,4,-1,0,-1
2023010475894,2023,010475894,1,11,0,14,14,7,3,0,0,8,0,0,0,0,3,1,6,6,2,41,7,4500,2,6,ALEXANDER DENNIS MODEL MISSING,6,E01001573,0,-1
2023010445623,2023,010445623,1,11,0,14,14,1,5,0,0,0,0,8,0,0,4,1,1,1,1,48,8,4500,2,14,ALEXANDER DENNIS MODEL MISSING,6,E01000487,0,-1
2023010472095,2023,010472095,1,11,0,5,5,0,7,2,2,1,0,0,0,0,0,1,1,1,1,65,9,4500,2,5,ALEXANDER DENNIS MODEL MISSING,3,E01001697,0,-1
2023010442494,2023,010442494,1,11,0,18,19,7,3,0,0,4,0,0,0,0,0,1,1,1,1,66,10,4500,2,11,ALEXANDER DENNIS MODEL MISSING,4,E01002650,0,-1
2023010468130,2023,010468130,1,11,0,18,19,7,3,2,2,8,0,0,0,0,0,1,1,1,2,44,7,4500,2,6,ALEXANDER DENNIS MODEL MISSING,6,E01016473,0,-1
2023010435570,2023,010435570,2,11,0,18,19,5,1,0,0,2,0,0,0,0,1,1,1,1,1,61,9,4500,2,6,ALEXANDER DENNIS MODEL MISSING,2,E01015921,0,-1
2023371267010,2023,371267010,1,11,0,7,7,7,1,0,0,1,0,0,0,0,1,1,1,1,2,52,8,6696,2,10,ALEXANDER DENNIS MODEL MISSING,2,E01030029,0,-1
2023311389378,2023,311389378,1,11,0,18,19,8,4,0,0,2,0,0,0,0,1,1,1,1,1,53,8,4500,2,1,ALEXANDER DENNIS MODEL MISSING,-1,-1,0,-1
2023461357526,2023,461357526,1,11,0,9,9,3,7,0,0,1,0,0,0,0,2,1,6,6,1,-1,-1,4461,2,8,ALEXANDER DENNIS MODEL MISSING,4,E01024339,0,-1
2023010458114,2023,010458114,1,11,0,18,19,3,7,0,0,0,0,0,0,0,1,1,1,1,1,69,10,4500,2,6,ALEXANDER DENNIS MODEL MISSING,5,E01001500,0,-1
2023471327347,2023,471327347,6,11,0,2,2,0,0,2,2,2,0,0,0,0,2,1,6,6,3,-1,-1,6700,2,5,ALEXANDER DENNIS MODEL MISSING,-1,-1,0,-1
2023201320602,2023,201320602,1,11,0,18,19,2,6,0,0,0,0,0,0,0,1,1,1,1,1,27,6,6700,2,8,ALEXANDER DENNIS MODEL MISSING,-1,-1,0,-1
2023010420826,2023,010420826,3,11,0,10,10,3,1,0,0,1,0,0,0,0,0,1,6,6,3,-1,-1,6700,2,14,ALEXANDER DENNIS MODEL MISSING,3,E01002408,0,-1
2023101362899,2023,101362899,2,11,0,5,5,7,3,0,0,8,0,0,0,0,1,1,1,1,1,49,8,6696,2,9,ALEXANDER DENNIS MODEL MISSING,-1,-1,0,-1
2023010459056,2023,010459056,1,11,0,5,5,3,7,2,2,0,0,0,0,0,0,1,1,1,1,52,8,4500,2,7,ALEXANDER DENNIS MODEL MISSING,2,E01001577,0,-1
2023010420983,2023,010420983,1,11,0,5,5,1,5,0,0,1,0,0,0,0,1,1,1,1,1,56,9,6700,2,5,ALEXANDER DENNIS MODEL MISSING,3,E01005297,0,-1
2023010467083,2023,010467083,2,11,0,18,19,3,7,0,0,2,0,0,0,0,3,1,1,1,1,50,8,6700,2,11,ALEXANDER DENNIS MODEL MISSING,4,E01000039,0,-1
2023010443741,2023,010443741,1,11,0,4,4,3,7,0,0,2,0,0,0,0,0,1,1,1,1,59,9,6700,2,3,ALEXANDER DENNIS MODEL MISSING,5,E01001837,0,-1
2023421310523,2023,421310523,2,11,0,18,19,2,6,0,0,0,0,0,0,0,1,1,1,1,1,35,6,4500,2,7,ALEXANDER DENNIS MODEL MISSING,6,E01021258,0,-1
2023471325395,2023,471325395,2,11,0,18,19,7,3,0,0,8,0,0,0,0,4,1,1,1,2,54,8,4500,2,3,ALEXANDER DENNIS MODEL MISSING,1,E01016866,0,-1
2023010453223,2023,010453223,1,11,0,9,9,5,3,0,0,4,0,0,0,0,1,1,1,1,1,25,5,4500,2,13,ALEXANDER DENNIS MODEL MISSING,4,E01003913,0,-1
2023041350917,2023,041350917,4,11,0,18,19,7,3,0,0,0,0,0,0,0,0,1,1,1,1,31,6,6696,2,8,ALEXANDER DENNIS MODEL MISSING,5,E01007056,0,-1
2023302300313,2023,302300313,1,11,0,4,4,6,2,0,0,1,0,0,0,0,0,1,1,1,1,43,7,4500,2,7,ALEXANDER DENNIS MODEL MISSING,1,E01027974,0,-1
2023141317334,2023,141317334,2,11,0,9,9,4,2,0,0,3,0,0,0,0,4,1,1,1,1,28,6,4461,2,9,ALEXANDER DENNIS MODEL MISSING,3,E01007679,0,-1
2023010478500,2023,010478500,1,11,0,18,19,1,5,0,0,8,0,0,0,0,1,1,1,1,1,37,7,6700,2,12,ALEXANDER DENNIS MODEL MISSING,2,-1,0,-1
2023010452472,2023,010452472,1,11,0,4,4,1,5,0,0,2,0,0,0,0,0,1,1,1,1,47,8,4500,2,4,ALEXANDER DENNIS MODEL MISSING,3,E01001669,0,-1
2023010451513,2023,010451513,1,11,0,5,5,1,5,0,0,2,0,0,0,0,0,1,1,1,1,60,9,4500,2,5,ALEXANDER DENNIS MODEL MISSING,3,E01023891,0,-1
2023010468683,2023,010468683,1,11,0,5,5,7,3,2,2,0,0,0,0,0,0,1,1,1,1,23,5,4500,2,9,ALEXANDER DENNIS MODEL MISSING,2,E01004535,0,-1
2023010463164,2023,010463164,2,11,0,18,19,7,3,0,0,1,0,0,0,0,3,1,1,1,2,58,9,4500,2,9,ALEXANDER DENNIS MODEL MISSING,5,E01000375,0,-1
2023010464044,2023,010464044,1,11,0,18,19,3,7,0,0,0,0,0,0,0,0,1,6,6,1,59,9,4500,2,13,ALEXANDER DENNIS MODEL MISSING,7,E01000376,0,-1
2023552300150,2023,552300150,1,11,0,5,5,3,7,0,0,3,0,0,0,0,0,1,6,6,1,43,7,6700,2,5,ALEXANDER DENNIS MODEL MISSING,8,E01015299,0,-1
2023010443939,2023,010443939,1,11,0,4,4,3,7,2,2,0,0,0,0,0,1,1,1,1,1,33,6,4500,2,9,ALEXANDER DENNIS MODEL MISSING,2,E01004263,0,-1
2023421330861,2023,421330861,1,11,0,18,19,2,5,0,0,0,0,0,0,0,1,1,6,6,1,65,9,4500,2,4,ALEXANDER DENNIS MODEL MISSING,2,E01001509,0,-1
2023010432662,2023,010432662,1,11,0,9,9,6,4,0,0,5,0,0,0,0,1,1,1,1,1,46,8,6700,2,11,ALEXANDER DENNIS MODEL MISSING,7,E01000369,0,-1
2023622400011,2023,622400011,2,11,0,17,19,4,8,0,0,0,0,0,0,0,1,1,1,1,1,52,8,6700,2,6,ALEXANDER DENNIS MODEL MISSING,2,W01001232,0,-1
2023010444652,2023,010444652,1,11,0,5,5,3,7,0,0,1,0,0,0,0,0,1,1,1,1,43,7,6700,2,11,ALEXANDER DENNIS MODEL MISSING,4,E01001683,0,-1
2023010426531,2023,010426531,3,11,9,99,99,9,9,99,99,9,9,99,9,99,9,1,6,6,3,-1,-1,4500,2,13,ALEXANDER DENNIS MODEL MISSING,-1,-1,0,-1
2023010457696,2023,010457696,1,11,0,18,19,5,1,0,0,1,0,0,0,0,1,1,1,1,1,65,9,6700,2,9,ALEXANDER DENNIS MODEL MISSING,3,E01002557,0,-1
2023010428912,2023,010428912,1,11,0,4,4,1,5,3,2,2,0,0,0,0,0,1,1,1,1,37,7,4500,2,7,ALEXANDER DENNIS MODEL MISSING,8,E01002495,0,-1
2023010461017,2023,010461017,2,11,0,4,4,1,5,0,0,1,0,0,0,0,1,1,1,1,1,58,9,4500,2,6,ALEXANDER DENNIS MODEL MISSING,3,E01004006,0,-1
202360A041026,2023,60A041026,2,11,0,2,2,0,0,0,0,0,0,0,0,0,0,1,6,6,1,62,9,6700,2,14,ALEXANDER DENNIS MODEL MISSING,-1,-1,0,-1
2023010442731,2023,010442731,2,11,0,99,99,9,9,99,99,9,9,99,9,99,3,9,6,6,3,33,6,4500,2,8,ALEXANDER DENNIS MODEL MISSING,4,E01002168,0,-1
2023471328578,2023,471328578,1,11,0,18,19,7,3,0,0,1,0,0,0,0,1,1,1,1,2,43,7,6700,2,5,ALEXANDER DENNIS MODEL MISSING,3,E01031789,0,-1
2023311339446,2023,311339446,1,11,0,2,2,1,5,0,0,2,0,0,0,0,0,1,1,1,2,59,9,6696,2,10,ALEXANDER DENNIS MODEL MISSING,-1,-1,0,-1
2023010452923,2023,010452923,1,11,0,7,7,7,1,0,0,1,0,0,0,0,1,1,1,1,1,44,7,4500,2,6,ALEXANDER DENNIS MODEL MISSING,3,E01003719,0,-1
2023101363223,2023,101363223,1,11,0,18,19,3,7,0,0,1,0,0,0,0,0,1,1,1,2,48,8,6700,2,7,ALEXANDER DENNIS MODEL MISSING,2,E01008341,0,-1
2023010439460,2023,010439460,2,11,0,5,5,7,3,0,0,0,0,0,0,0,1,1,1,1,1,73,10,4500,2,5,ALEXANDER DENNIS MODEL MISSING,2,E01004389,0,-1
2023010451331,2023,010451331,2,11,0,18,19,5,1,0,0,8,0,0,0,0,0,1,1,1,1,25,5,4500,2,4,ALEXANDER DENNIS MODEL MISSING,2,E01000724,0,-1
2023010467701,2023,010467701,1,11,0,4,4,2,6,0,0,1,0,0,0,0,0,1,1,1,2,25,5,4500,2,7,ALEXANDER DENNIS MODEL MISSING,2,E01003046,0,-1
2023622300206,2023,622300206,1,11,0,9,9,3,8,0,0,1,0,0,0,0,1,1,1,1,1,49,8,6700,2,14,ALEXANDER DENNIS MODEL MISSING,2,W01000895,0,-1
2023201323502,2023,201323502,1,11,0,4,4,7,3,0,0,0,0,0,0,0,4,1,1,1,1,52,8,4461,2,10,ALEXANDER DENNIS MODEL MISSING,5,E01009916,0,-1
2023010474786,2023,010474786,1,11,0,18,19,7,3,2,2,2,0,0,0,0,0,1,1,1,1,53,8,4500,2,9,ALEXANDER DENNIS MODEL MISSING,2,E01032765,0,-1
2023501326731,2023,501326731,2,11,0,18,19,7,3,0,0,1,0,0,0,0,1,1,1,1,1,37,7,6700,2,15,ALEXANDER DENNIS MODEL MISSING,7,E01032628,0,-1
2023461332589,2023,461332589,1,11,0,18,19,4,8,0,0,8,0,0,0,0,4,1,1,1,1,38,7,4500,2,1,ALEXANDER DENNIS MODEL MISSING,3,E01021852,0,-1
2023501368977,2023,501368977,2,11,0,18,19,7,3,0,0,1,0,0,0,0,4,1,1,1,1,52,8,6700,2,7,ALEXANDER DENNIS MODEL MISSING,6,E01015109,0,-1
2023010431001,2023,010431001,1,11,0,4,4,5,1,2,2,1,0,0,0,0,2,1,6,6,1,51,8,4500,2,4,ALEXANDER DENNIS MODEL MISSING,3,E01003938,0,-1
2023010455561,2023,010455561,2,11,0,3,3,1,5,0,0,0,0,0,0,0,2,1,6,6,1,47,8,4500,2,9,ALEXANDER DENNIS MODEL MISSING,2,E01000184,0,-1
2023991283624,2023,991283624,1,11,0,18,19,3,7,2,2,0,0,0,0,0,1,1,1,1,1,45,7,6700,2,8,ALEXANDER DENNIS MODEL MISSING,4,-1,0,-1
2023041352034,2023,041352034,1,11,0,18,19,5,1,0,0,4,0,0,0,0,1,1,1,1,1,49,8,6696,2,8,ALEXANDER DENNIS MODEL MISSING,2,E01025290,0,-1
2023451303435,2023,451303435,1,11,0,18,19,1,5,0,0,5,0,0,0,0,0,1,1,1,1,50,8,4500,2,5,ALEXANDER DENNIS MODEL MISSING,8,E01030347,0,-1
2023010433611,2023,010433611,2,11,0,99,99,9,9,99,99,9,9,99,9,99,9,9,6,6,3,47,8,6700,2,11,ALEXANDER DENNIS MODEL MISSING,2,E01001719,0,-1
2023461287719,2023,461287719,2,11,0,4,4,3,7,0,0,1,0,11,0,0,4,1,1,1,1,63,9,3900,2,16,ALEXANDER DENNIS MODEL MISSING,6,E01024276,0,-1
2023010460193,2023,010460193,1,11,9,4,4,1,5,99,99,0,9,0,0,0,0,1,6,6,1,43,7,4500,2,4,ALEXANDER DENNIS MODEL MISSING,1,E01004222,0,-1
2023010431205,2023,010431205,1,11,0,18,19,4,8,2,2,0,0,0,0,0,0,1,1,1,1,20,4,4500,2,7,ALEXANDER DENNIS MODEL MISSING,3,E01003185,0,-1
2023010474578,2023,010474578,2,11,0,7,7,1,3,0,0,1,0,0,0,0,3,1,1,1,1,37,7,4500,2,6,ALEXANDER DENNIS MODEL MISSING,5,E01000265,0,-1
2023010438666,2023,010438666,1,11,0,99,99,9,9,99,99,9,9,99,9,99,9,9,1,1,1,55,8,6700,2,5,ALEXANDER DENNIS MODEL MISSING,3,E01032785,0,-1
2023010477102,2023,010477102,1,11,0,99,99,9,9,0,0,9,0,99,9,99,3,9,6,6,2,47,8,4500,2,5,ALEXANDER DENNIS MODEL MISSING,2,E01003237,0,-1
2023010473618,2023,010473618,2,11,9,99,99,9,9,99,99,0,9,99,9,99,9,1,6,6,3,-1,-1,4500,2,5,ALEXANDER DENNIS MODEL MISSING,-1,-1,0,-1
2023320679458,2023,320679458,1,11,0,18,19,4,8,0,0,0,0,0,0,0,1,1,1,1,3,45,7,6700,2,13,ALEXANDER DENNIS MODEL MISSING,-1,-1,0,-1
2023991280670,2023,991280670,2,11,0,15,15,6,2,0,0,0,0,0,0,0,2,1,1,1,1,37,7,6700,2,1,ALEXANDER DENNIS MODEL MISSING,2,-1,0,-1
2023010456710,2023,010456710,1,11,0,18,19,3,7,2,2,2,0,0,0,0,1,1,1,1,1,20,4,6700,2,3,ALEXANDER DENNIS MODEL MISSING,2,E01003580,0,-1
2023061364013,2023,061364013,2,11,0,2,2,5,1,0,0,1,0,0,0,0,0,1,1,1,1,39,7,6700,2,0,ALEXANDER DENNIS MODEL MISSING,1,E01005682,0,-1
2023501307458,2023,501307458,1,11,0,4,4,6,2,0,0,1,0,0,0,0,1,1,6,6,1,21,5,6700,2,5,ALEXANDER DENNIS MODEL MISSING,2,E01018911,0,-1
2023311277794,2023,311277794,2,11,0,5,5,3,7,0,0,1,1,0,0,0,1,1,1,1,1,62,9,6700,2,3,ALEXANDER DENNIS MODEL MISSING,6,E01028106,0,-1