collision_index,collision_year,collision_ref_no,vehicle_reference,vehicle_type,towing_and_articulation,vehicle_manoeuvre_historic,vehicle_manoeuvre,vehicle_direction_from,vehicle_direction_to,vehicle_location_restricted_lane_historic,vehicle_location_restricted_lane,junction_location,skidding_and_overturning,hit_object_in_carriageway,vehicle_leaving_carriageway,hit_object_off_carriageway,first_point_of_impact,vehicle_left_hand_drive,journey_purpose_of_driver_historic,journey_purpose_of_driver,sex_of_driver,age_of_driver,age_band_of_driver,engine_capacity_cc,propulsion_code,age_of_vehicle,generic_make_model,driver_imd_decile,lsoa_of_driver,escooter_flag,driver_distance_banding
2023061343499,2023,061343499,2,11,0,18,19,2,6,0,0,1,0,0,3,0,1,1,1,1,1,42,7,4461,2,10,ALEXANDER DENNIS MODEL MISSING,-1,-1,0,-1
2023440355912,2023,440355912,2,11,0,18,19,2,6,0,0,1,0,0,0,0,1,1,1,1,1,60,9,6700,2,16,ALEXANDER DENNIS MODEL MISSING,10,E01022572,0,-1
2023010462785,2023,010462785,1,11,0,5,5,1,5,2,2,2,0,0,0,0,0,1,1,1,1,56,9,4500,2,4,ALEXANDER DENNIS MODEL MISSING,2,E01002774,0,-1
2023061375676,2023,061375676,3,20,0,4,4,8,4,0,0,0,0,0,0,0,3,1,1,1,1,34,6,6700,2,8,DAF TRUCKS MODEL MISSING,7,E01025384,0,-1
2023161281244,2023,161281244,3,21,0,3,3,8,4,0,0,1,0,0,0,0,3,1,1,1,1,40,7,12902,2,8,DAF TRUCKS MODEL MISSING,4,E01024312,0,-1
2023440203952,2023,440203952,2,19,0,18,19,2,6,0,0,1,0,0,0,0,1,1,6,6,1,-1,-1,4500,2,9,DAF TRUCKS MODEL MISSING,-1,-1,0,-1
2023351353505,2023,351353505,2,21,0,4,4,5,1,0,0,0,0,0,0,0,0,1,1,1,1,45,7,6700,2,4,DAF TRUCKS MODEL MISSING,4,E01033178,0,-1
2023501263097,2023,501263097,1,21,1,1,1,7,3,0,0,0,0,0,0,0,2,1,1,1,1,22,5,10800,2,9,DAF TRUCKS MODEL MISSING,3,E01019914,0,-1
2023541182023,2023,541182023,1,20,0,18,19,1,5,0,0,1,0,0,0,0,1,1,1,1,1,23,5,4500,2,5,DAF TRUCKS MODEL MISSING,6,E01016348,0,-1
2023201277488,2023,201277488,2,21,0,18,19,4,8,0,0,0,1,7,0,0,2,1,6,6,1,-1,-1,10837,2,7,DAF TRUCKS MODEL MISSING,3,E01033561,0,-1
2023070216974,2023,070216974,2,20,0,18,19,3,7,0,0,0,0,0,0,0,2,1,2,2,1,42,7,-1,-1,-1,DAF TRUCKS MODEL MISSING,2,E01006624,0,-1
2023231355095,2023,231355095,2,21,1,18,19,8,4,0,0,0,0,0,0,0,1,1,6,6,1,31,6,10837,2,7,DAF TRUCKS MODEL MISSING,1,E01010054,0,-1
2023361309931,2023,361309931,1,21,0,17,19,1,5,0,0,0,0,0,0,0,1,1,1,1,1,58,9,12902,2,1,DAF TRUCKS MODEL MISSING,2,E01007733,0,-1
2023991363184,2023,991363184,2,21,0,2,2,6,2,0,0,0,0,0,0,0,3,1,1,1,1,42,7,12902,2,7,DAF TRUCKS MODEL MISSING,4,E01016168,0,-1
2023351280914,2023,351280914,2,21,0,18,19,6,4,0,0,1,0,0,0,0,4,1,1,1,1,52,8,10800,2,4,DAF TRUCKS MODEL MISSING,7,E01018065,0,-1
2023421266621,2023,421266621,3,21,1,18,19,6,2,0,0,0,0,0,0,0,2,1,1,1,1,41,7,10837,2,8,DAF TRUCKS MODEL MISSING,3,E01002243,0,-1
2023991328810,2023,991328810,2,21,0,18,19,7,2,0,0,0,0,0,0,0,2,1,1,1,1,28,6,10837,2,0,DAF TRUCKS MODEL MISSING,-1,-1,0,-1
2023010428723,2023,010428723,2,21,9,99,99,9,9,99,99,9,9,99,9,99,9,9,6,6,3,32,6,10837,2,8,DAF TRUCKS MODEL MISSING,6,E01030052,0,-1
2023131281455,2023,131281455,2,21,0,18,19,7,3,0,0,8,0,0,0,0,1,1,1,1,1,33,6,10837,2,4,DAF TRUCKS MODEL MISSING,3,E01019530,0,-1
2023041374097,2023,041374097,1,90,0,18,19,1,5,6,6,0,0,0,0,0,1,1,5,6,1,56,9,4500,2,6,DAF TRUCKS MODEL MISSING,4,E01025170,0,-1
2023991389629,2023,991389629,2,21,0,18,19,3,7,0,0,0,0,0,0,0,2,1,1,1,1,32,6,10837,2,3,DAF TRUCKS MODEL MISSING,2,E01020618,0,-1
2023141288742,2023,141288742,2,98,0,17,19,1,5,0,0,0,0,0,1,4,1,1,1,1,1,54,8,4500,2,3,DAF TRUCKS MODEL MISSING,2,E01008057,0,-1
2023231337356,2023,231337356,4,21,1,4,4,4,8,0,0,0,0,0,0,0,1,1,1,1,1,33,6,10837,2,1,DAF TRUCKS MODEL MISSING,8,E01016192,0,-1
2023311362618,2023,311362618,1,20,0,3,3,4,8,0,0,0,0,0,0,0,2,1,1,1,1,54,8,4500,2,1,DAF TRUCKS MODEL MISSING,3,E01026008,0,-1
2023320186927,2023,320186927,2,21,0,18,19,1,5,0,0,0,1,0,1,10,3,1,1,1,1,50,8,12902,2,1,DAF TRUCKS MODEL MISSING,7,E01026188,0,-1
2023552300343,2023,552300343,1,21,1,1,1,1,4,0,0,6,0,0,0,0,4,1,1,1,1,45,7,12902,2,6,DAF TRUCKS MODEL MISSING,1,W01001055,0,-1
2023440245226,2023,440245226,1,21,0,18,19,6,2,0,0,1,0,0,0,0,1,1,1,1,1,61,9,4500,2,4,DAF TRUCKS MODEL MISSING,3,E01023145,0,-1
2023231345317,2023,231345317,2,21,1,18,19,2,6,0,0,0,1,0,7,6,1,1,1,1,1,45,7,-1,-1,-1,DAF TRUCKS MODEL MISSING,6,E01031106,0,-1
2023010461151,2023,010461151,1,20,0,18,19,7,3,0,0,0,0,0,0,0,0,1,1,1,1,49,8,6700,2,7,DAF TRUCKS MODEL MISSING,6,E01001269,0,-1
2023141290106,2023,141290106,1,21,0,11,11,1,5,0,0,0,0,0,0,0,1,1,1,1,1,65,9,12900,2,13,DAF TRUCKS MODEL MISSING,1,E01012739,0,-1
2023101353699,2023,101353699,4,19,0,3,3,1,5,0,0,2,0,0,1,0,2,1,1,1,1,24,5,-1,-1,-1,DAF TRUCKS MODEL MISSING,5,E01027445,0,-1
2023401271424,2023,401271424,1,21,1,11,11,5,1,0,0,0,0,0,0,0,1,1,1,1,1,56,9,12902,2,6,DAF TRUCKS MODEL MISSING,5,E01027949,0,-1
2023451390003,2023,451390003,2,98,0,18,19,7,5,0,0,8,0,0,0,0,1,1,1,1,1,57,9,4500,2,1,DAF TRUCKS MODEL MISSING,7,E01002683,0,-1
2023052300945,2023,052300945,2,21,1,2,2,0,0,0,0,5,0,0,0,0,2,1,1,1,3,-1,-1,12902,2,5,DAF TRUCKS MODEL MISSING,-1,-1,0,-1
2023061321111,2023,061321111,2,21,1,18,19,7,3,0,0,1,0,0,0,0,3,1,5,6,1,39,7,10837,2,8,DAF TRUCKS MODEL MISSING,2,E01005143,0,-1
2023421367893,2023,421367893,3,21,1,18,19,1,5,0,0,0,0,0,0,0,1,1,5,6,1,38,7,12902,2,4,DAF TRUCKS MODEL MISSING,1,E01027244,0,-1
2023522400704,2023,522400704,2,19,0,18,19,4,8,0,0,0,5,0,7,0,1,1,6,6,1,50,8,6692,2,12,DAF TRUCKS MODEL MISSING,7,E01022302,0,-1
2023010460852,2023,010460852,1,21,1,18,19,7,3,0,0,0,1,0,0,0,1,1,6,6,1,56,9,12902,2,7,DAF TRUCKS MODEL MISSING,7,E01029140,0,-1
2023531301664,2023,531301664,2,90,0,18,19,5,1,0,0,0,0,0,0,0,3,2,1,1,1,58,9,6700,2,1,DAF TRUCKS MODEL MISSING,5,E01022327,0,-1
2023041372232,2023,041372232,2,21,0,18,19,4,8,0,0,2,0,0,0,0,3,1,1,1,1,35,6,6700,2,7,DAF TRUCKS MODEL MISSING,6,E01006216,0,-1
2023411346369,2023,411346369,1,21,1,4,4,8,4,0,0,0,0,0,0,0,1,1,1,1,1,59,9,12902,2,5,DAF TRUCKS MODEL MISSING,2,E01009263,0,-1
2023501342486,2023,501342486,2,21,1,18,19,3,7,0,0,1,0,0,0,0,1,1,1,1,1,51,8,6700,2,5,DAF TRUCKS MODEL MISSING,5,E01029154,0,-1
2023041316138,2023,041316138,2,21,0,18,19,1,5,0,0,0,0,0,0,0,2,1,1,1,1,54,8,10837,2,4,DAF TRUCKS MODEL MISSING,4,E01006002,0,-1
2023361324106,2023,361324106,2,21,1,18,19,3,7,0,0,1,0,0,0,0,3,1,1,1,1,54,8,12902,2,1,DAF TRUCKS MODEL MISSING,2,E01030023,0,-1
2023231294265,2023,231294265,2,21,1,4,4,4,8,0,0,0,0,0,0,0,2,1,1,1,1,62,9,12902,2,7,DAF TRUCKS MODEL MISSING,2,E01009934,0,-1
2023131319040,2023,131319040,3,21,0,18,19,7,7,0,0,0,0,0,0,0,1,1,1,1,1,34,6,12902,2,0,DAF TRUCKS MODEL MISSING,9,W01001637,0,-1
2023010468380,2023,010468380,1,21,1,18,19,6,2,0,0,0,0,0,0,0,0,1,1,1,1,55,8,6700,2,2,DAF TRUCKS MODEL MISSING,2,E01000470,0,-1
2023461368650,2023,461368650,2,21,1,16,19,5,1,0,0,3,0,0,0,0,1,1,6,6,1,45,7,6700,2,3,DAF TRUCKS MODEL MISSING,8,E01015970,0,-1
2023010443640,2023,010443640,2,98,0,99,99,9,9,99,99,9,9,99,9,99,9,9,6,6,1,64,9,4500,2,4,DAF TRUCKS MODEL MISSING,6,E01003750,0,-1
2023031303741,2023,031303741,2,21,5,18,19,5,1,0,0,1,0,0,0,0,1,1,1,1,1,59,9,4500,2,9,DAF TRUCKS MODEL MISSING,-1,-1,0,-1
2023201346776,2023,201346776,3,21,0,4,4,8,4,0,0,0,0,0,0,0,2,1,1,1,1,49,8,9200,2,15,DAF TRUCKS MODEL MISSING,9,E01022453,0,-1
2023161386668,2023,161386668,1,20,0,17,19,2,7,0,0,0,0,0,0,0,1,1,1,1,2,49,8,10837,2,3,DAF TRUCKS MODEL MISSING,8,E01013102,0,-1
2023010462335,2023,010462335,2,21,1,5,5,1,5,0,0,1,0,0,0,0,3,1,1,1,1,53,8,12902,2,0,DAF TRUCKS MODEL MISSING,3,E01015877,0,-1
2023302301781,2023,302301781,1,21,0,16,19,2,6,0,0,0,0,0,7,11,1,1,1,1,1,55,8,12902,2,2,DAF TRUCKS MODEL MISSING,7,E01012614,0,-1
2023041377716,2023,041377716,3,21,0,17,19,5,1,0,0,0,0,0,0,0,0,1,6,6,1,49,8,10837,2,1,DAF TRUCKS MODEL MISSING,2,E01006464,0,-1
2023522301238,2023,522301238,2,90,0,18,19,4,8,0,0,8,0,0,0,0,1,1,6,6,3,-1,-1,6700,2,2,DAF TRUCKS MODEL MISSING,-1,-1,0,-1
2023421279027,2023,421279027,1,21,0,9,9,5,3,0,0,1,0,0,0,0,4,1,6,6,1,-1,-1,10837,2,4,DAF TRUCKS MODEL MISSING,2,E01019403,0,-1
2023031326952,2023,031326952,2,21,0,4,4,2,6,0,0,0,0,0,0,0,2,1,1,1,1,57,9,12902,2,1,DAF TRUCKS MODEL MISSING,3,E01027396,0,-1
2023351278810,2023,351278810,1,21,1,11,11,1,5,0,0,0,0,0,0,0,1,1,1,1,1,35,6,12902,2,5,DAF TRUCKS MODEL MISSING,3,E01027058,0,-1
2023221356313,2023,221356313,3,21,0,18,19,1,5,0,0,0,0,0,0,0,3,1,1,1,1,62,9,6700,2,1,DAF TRUCKS MODEL MISSING,3,E01018435,0,-1
2023451311932,2023,451311932,3,21,0,18,19,1,3,0,0,1,0,0,0,0,3,1,1,1,1,62,9,6700,2,9,DAF TRUCKS MODEL MISSING,9,E01030685,0,-1
2023201277367,2023,201277367,1,21,0,11,11,8,4,0,0,0,0,0,0,0,3,1,6,6,3,30,6,12902,2,10,DAF TRUCKS MODEL MISSING,-1,-1,0,-1
2023351378365,2023,351378365,3,21,1,4,4,6,1,0,0,0,0,0,0,0,2,1,6,6,1,29,6,12900,2,9,DAF TRUCKS MODEL MISSING,6,E01026040,0,-1
2023131326020,2023,131326020,1,21,0,17,19,8,4,0,0,1,0,0,0,0,1,1,1,1,1,55,8,10837,2,6,DAF TRUCKS MODEL MISSING,7,E01011878,0,-1
2023302300992,2023,302300992,2,21,1,4,4,3,7,0,0,1,0,0,0,0,3,1,1,1,1,36,7,12902,2,3,DAF TRUCKS MODEL MISSING,5,E01019658,0,-1
2023501327868,2023,501327868,1,21,0,18,19,3,7,0,0,1,0,0,0,0,1,1,1,1,1,32,6,9200,2,16,DAF TRUCKS MODEL MISSING,7,E01018818,0,-1
2023010435997,2023,010435997,1,21,0,9,9,6,4,0,0,6,0,0,0,0,0,1,6,6,1,51,8,10837,2,5,DAF TRUCKS MODEL MISSING,5,E01032724,0,-1
2023320644592,2023,320644592,1,21,0,18,19,8,4,0,0,0,5,0,1,9,4,1,2,2,1,73,10,12902,2,3,DAF TRUCKS MODEL MISSING,8,E01027999,0,-1
2023070274965,2023,070274965,5,21,0,18,19,1,5,0,0,0,0,0,0,0,2,1,1,1,1,-1,-1,12900,2,11,DAF TRUCKS MODEL MISSING,-1,-1,0,-1
2023311323222,2023,311323222,1,21,0,18,19,1,1,0,0,8,0,0,3,0,1,1,1,1,1,33,6,4500,2,7,DAF TRUCKS MODEL MISSING,2,E01013891,0,-1
2023010478261,2023,010478261,2,21,0,18,19,1,5,0,0,8,0,0,0,0,0,1,1,1,1,57,9,4500,2,6,DAF TRUCKS MODEL MISSING,2,E01002561,0,-1
2023411382321,2023,411382321,2,21,0,18,19,7,3,0,0,0,0,0,0,0,3,1,1,1,1,50,8,6700,2,3,DAF TRUCKS MODEL MISSING,9,E01028504,0,-1
2023141305284,2023,141305284,1,21,1,2,2,0,0,0,0,0,0,0,0,0,2,1,1,1,1,32,6,12900,2,11,DAF TRUCKS MODEL MISSING,4,E01019433,0,-1
2023481366784,2023,481366784,1,20,0,18,19,1,5,0,0,0,0,0,0,0,4,1,1,1,1,49,8,4500,2,4,DAF TRUCKS MODEL MISSING,-1,-1,0,-1
2023010443893,2023,010443893,1,90,0,7,7,6,8,0,0,5,0,0,0,0,4,1,1,1,1,36,7,-1,-1,-1,DAF TRUCKS MODEL MISSING,3,E01000737,0,-1
2023010474028,2023,010474028,2,21,0,5,5,3,7,0,0,0,0,0,0,0,2,1,1,1,1,65,9,3800,2,4,DAF TRUCKS MODEL MISSING,8,E01021337,0,-1
2023549937323,2023,549937323,2,20,0,18,19,5,1,0,0,0,0,0,0,0,3,1,6,6,2,41,7,6700,2,6,DAF TRUCKS MODEL MISSING,-1,-1,0,-1
2023302301700,2023,302301700,3,20,0,18,19,1,5,0,0,0,0,0,0,0,1,1,1,1,1,33,6,10837,2,7,DAF TRUCKS MODEL MISSING,5,E01019870,0,-1
2023031295567,2023,031295567,1,21,1,18,19,5,8,0,0,0,2,0,0,0,0,1,1,1,1,42,7,12902,2,7,DAF TRUCKS MODEL MISSING,2,-1,0,-1
2023010422152,2023,010422152,2,21,9,99,99,9,9,99,99,9,9,99,9,99,9,9,6,6,1,39,7,6700,2,9,DAF TRUCKS MODEL MISSING,5,E01000281,0,-1
2023545273323,2023,545273323,2,21,1,2,2,0,0,6,6,0,0,0,0,0,2,1,2,2,1,58,9,10837,2,2,DAF TRUCKS MODEL MISSING,8,E01022515,0,-1
2023430553208,2023,430553208,2,21,0,16,19,7,2,0,0,0,1,0,1,9,1,1,1,1,1,43,7,4500,2,4,DAF TRUCKS MODEL MISSING,5,E01032066,0,-1
2023361363969,2023,361363969,3,21,1,2,2,0,0,6,6,0,0,0,0,0,3,1,5,6,1,47,8,12902,2,5,DAF TRUCKS MODEL MISSING,4,E01033041,0,-1
2023991338031,2023,991338031,1,21,1,18,19,7,3,0,0,0,0,0,0,0,1,1,1,1,1,35,6,12902,2,2,DAF TRUCKS MODEL MISSING,5,-1,0,-1
2023451326162,2023,451326162,2,21,0,18,19,3,7,0,0,1,0,0,0,0,1,1,6,6,3,45,7,12900,2,16,DAF TRUCKS MODEL MISSING,-1,-1,0,-1
202354A258823,2023,54A258823,1,21,0,18,19,1,5,0,0,8,0,0,0,0,1,1,1,1,1,56,9,10800,2,0,DAF TRUCKS MODEL MISSING,3,E01031975,0,-1
2023361340784,2023,361340784,2,20,1,3,3,8,4,0,0,0,0,0,0,0,2,1,1,1,1,40,7,-1,-1,-1,DAF TRUCKS MODEL MISSING,4,E01026695,0,-1
2023131324008,2023,131324008,2,20,0,18,19,1,5,0,0,4,0,0,0,0,3,1,6,6,3,99,11,4500,2,4,DAF TRUCKS MODEL MISSING,-1,-1,0,-1
2023501272492,2023,501272492,2,21,0,18,19,7,3,0,0,0,0,0,0,0,1,1,6,6,1,53,8,10837,2,6,DAF TRUCKS MODEL MISSING,1,E01029106,0,-1
2023520400871,2023,520400871,1,19,0,4,4,4,8,0,0,0,0,0,0,0,1,1,6,6,1,31,6,4461,2,11,DAF TRUCKS MODEL MISSING,-1,-1,0,-1
2023440192336,2023,440192336,1,21,1,2,2,0,0,0,0,0,0,0,0,0,2,1,1,1,1,52,8,12902,2,8,DAF TRUCKS MODEL MISSING,4,E01014623,0,-1
2023211379621,2023,211379621,1,21,1,18,19,7,3,0,0,0,0,0,0,0,3,1,1,1,1,-1,-1,12902,2,2,DAF TRUCKS MODEL MISSING,-1,-1,0,-1
2023201367522,2023,201367522,1,20,1,11,11,6,2,0,0,0,0,0,0,0,1,1,1,1,1,47,8,-1,-1,-1,DAF TRUCKS MODEL MISSING,1,E01010063,0,-1
2023031326952,2023,031326952,1,21,0,18,19,2,6,0,0,0,0,0,0,0,1,1,1,1,1,52,8,9200,2,11,DAF TRUCKS MODEL MISSING,6,-1,0,-1
2023010464683,2023,010464683,1,21,1,18,19,1,5,0,0,0,0,0,0,0,3,1,1,1,1,24,5,10837,2,0,DAF TRUCKS MODEL MISSING,8,E01027183,0,-1
2023522301719,2023,522301719,2,90,0,16,19,1,3,0,0,8,0,4,0,0,3,2,1,1,1,58,9,6700,2,0,DAF TRUCKS MODEL MISSING,1,E01009978,0,-1
2023320284981,2023,320284981,2,20,0,18,19,5,1,0,0,8,0,0,0,0,1,1,1,1,1,50,8,4500,2,4,DAF TRUCKS MODEL MISSING,9,E01027783,0,-1
2023461382222,2023,461382222,1,20,0,3,3,3,5,0,0,0,1,0,0,0,1,1,6,6,1,43,7,10837,2,6,DAF TRUCKS MODEL MISSING,8,E01021140,0,-1
2023201365822,2023,201365822,1,21,0,18,19,8,4,0,0,0,1,0,0,0,1,1,1,1,1,31,6,6692,2,11,DAF TRUCKS MODEL MISSING,10,E01029822,0,-1
2023991268854,2023,991268854,1,21,0,7,7,5,7,0,0,8,0,0,0,0,1,1,1,1,1,68,10,10837,2,5,DAF TRUCKS MODEL MISSING,3,-1,0,-1
2023101321036,2023,101321036,1,19,0,18,19,1,5,0,0,0,0,7,0,0,1,1,1,1,1,71,10,4460,2,0,DAF TRUCKS MODEL MISSING,3,E01012289,0,-1
2023161271334,2023,161271334,1,21,1,18,19,2,6,0,0,8,0,0,0,0,1,1,1,1,1,54,8,12902,2,2,DAF TRUCKS MODEL MISSING,7,E01019136,0,-1
2023010429766,2023,010429766,2,21,9,99,99,9,9,99,99,0,9,99,9,99,3,9,6,6,3,-1,-1,12902,2,1,DAF TRUCKS MODEL MISSING,-1,-1,0,-1
2023131367552,2023,131367552,1,20,0,18,19,3,7,0,0,0,0,0,0,0,1,1,1,1,1,41,7,6692,2,12,DAF TRUCKS MODEL MISSING,2,E01010815,0,-1
2023131379696,2023,131379696,1,21,0,5,5,7,3,0,0,6,0,0,0,0,3,1,1,1,1,71,10,10837,2,5,DAF TRUCKS MODEL MISSING,7,E01013024,0,-1
2023351315871,2023,351315871,2,21,1,18,19,7,3,0,0,0,0,0,0,0,2,1,2,2,1,40,7,10837,2,4,DAF TRUCKS MODEL MISSING,4,E01027252,0,-1
2023302301876,2023,302301876,1,21,0,18,19,6,2,0,0,1,0,0,0,0,4,1,6,6,3,47,8,12902,2,3,DAF TRUCKS MODEL MISSING,-1,-1,0,-1
2023010454703,2023,010454703,2,20,1,9,9,7,5,0,0,2,0,0,0,0,1,1,1,1,1,50,8,-1,-1,-1,DAF TRUCKS MODEL MISSING,7,E01030577,0,-1
2023411393008,2023,411393008,1,21,1,18,19,5,1,0,0,0,0,0,0,0,1,1,1,1,1,59,9,12902,2,4,DAF TRUCKS MODEL MISSING,9,E01018159,0,-1
2023010463958,2023,010463958,1,21,1,18,19,3,7,0,0,2,0,0,0,0,1,1,1,1,1,54,8,12902,2,5,DAF TRUCKS MODEL MISSING,6,E01002640,0,-1
2023481366944,2023,481366944,1,20,0,9,9,7,5,0,0,0,0,0,0,0,3,1,1,1,1,50,8,4500,2,8,DAF TRUCKS MODEL MISSING,-1,-1,0,-1
2023061352530,2023,061352530,3,20,2,2,2,0,0,0,0,0,0,0,0,0,0,1,1,1,2,42,7,-1,-1,-1,DAF TRUCKS MODEL MISSING,-1,-1,0,-1
2023461357283,2023,461357283,1,21,0,7,7,5,1,0,0,8,0,0,0,0,1,1,1,1,1,59,9,10837,2,1,DAF TRUCKS MODEL MISSING,5,E01024032,0,-1
2023531315750,2023,531315750,2,90,0,18,19,7,3,0,0,1,0,0,7,0,1,1,1,1,1,49,8,-1,-1,-1,DAF TRUCKS MODEL MISSING,8,E01022123,0,-1
2023170L30193,2023,170L30193,2,21,0,2,2,0,0,0,0,0,0,0,0,0,2,1,1,1,1,31,6,10800,2,3,DAF TRUCKS MODEL MISSING,-1,-1,0,-1
2023320766278,2023,320766278,1,20,0,18,19,4,8,0,0,4,0,0,0,0,1,1,6,6,1,-1,-1,10837,2,0,DAF TRUCKS MODEL MISSING,-1,-1,0,-1
2023041320536,2023,041320536,4,21,0,18,19,5,1,0,0,0,0,0,0,0,0,1,1,1,1,56,9,10837,2,1,DAF TRUCKS MODEL MISSING,2,E01025390,0,-1
2023131276293,2023,131276293,1,21,0,11,11,1,5,0,0,0,0,0,0,0,4,1,1,1,1,28,6,10837,2,2,DAF TRUCKS MODEL MISSING,6,E01019489,0,-1
2023010441245,2023,010441245,3,21,0,4,4,5,1,0,0,0,0,0,0,0,3,1,6,6,1,30,6,6700,2,6,DAF TRUCKS MODEL MISSING,6,E01030857,0,-1
2023302301794,2023,302301794,1,21,4,12,12,3,7,0,0,0,0,0,0,0,3,1,6,6,3,-1,-1,10837,2,3,DAF TRUCKS MODEL MISSING,5,E01019456,0,-1
2023201274809,2023,201274809,2,21,0,3,3,7,3,0,0,1,0,0,0,0,2,1,1,1,1,29,6,10800,2,5,DAF TRUCKS MODEL MISSING,1,E01009929,0,-1
2023010435790,2023,010435790,2,21,0,5,5,5,1,0,0,1,0,0,0,0,1,1,1,1,1,56,9,10837,2,3,DAF TRUCKS MODEL MISSING,1,E01011326,0,-1
2023201367166,2023,201367166,1,21,0,7,7,4,8,0,0,3,0,0,0,0,1,1,1,1,1,61,9,12902,2,3,DAF TRUCKS MODEL MISSING,10,E01021519,0,-1
2023302300762,2023,302300762,3,21,0,18,19,6,2,0,0,0,0,0,0,0,3,1,6,6,3,29,6,10837,2,0,DAF TRUCKS MODEL MISSING,3,E01008893,0,-1
2023991329307,2023,991329307,1,21,1,18,19,7,3,0,0,0,0,0,1,0,1,1,1,1,1,64,9,10837,2,4,DAF TRUCKS MODEL MISSING,1,-1,0,-1
2023070434450,2023,070434450,1,20,0,4,4,1,5,0,0,0,0,4,0,0,1,1,1,1,1,59,9,-1,-1,-1,DAF TRUCKS MODEL MISSING,2,E01018525,0,-1
2023361339071,2023,361339071,3,21,0,3,3,4,2,0,0,0,0,0,0,0,2,1,1,1,1,54,8,12902,2,6,DAF TRUCKS MODEL MISSING,4,E01026279,0,-1
2023531345190,2023,531345190,3,21,0,4,4,5,1,0,0,1,0,0,0,0,2,1,1,1,1,41,7,6700,2,2,DAF TRUCKS MODEL MISSING,3,E01032310,0,-1
2023201370203,2023,201370203,2,21,0,18,19,4,8,0,0,0,0,0,0,0,2,1,1,1,1,47,8,10837,2,0,DAF TRUCKS MODEL MISSING,2,E01007849,0,-1
2023010433445,2023,010433445,2,98,0,99,99,9,9,99,99,9,9,99,9,99,1,9,6,6,1,37,7,10837,2,7,DAF TRUCKS MODEL MISSING,5,E01027139,0,-1
2023451314132,2023,451314132,3,19,0,3,3,1,6,0,0,0,0,0,0,0,2,1,1,1,1,57,9,6700,2,6,DAF TRUCKS MODEL MISSING,10,E01030542,0,-1
2023451325389,2023,451325389,2,98,0,18,19,3,7,0,0,0,0,0,0,0,3,1,1,1,1,57,9,4500,2,4,DAF TRUCKS MODEL MISSING,7,E01000657,0,-1
2023161311507,2023,161311507,3,21,0,3,3,7,3,0,0,0,0,0,0,0,2,1,1,1,1,47,8,12902,2,6,DAF TRUCKS MODEL MISSING,7,E01019769,0,-1
2023991281049,2023,991281049,2,20,0,18,19,4,1,0,0,1,0,0,0,0,1,1,1,1,1,41,7,6700,2,5,DAF TRUCKS MODEL MISSING,2,-1,0,-1
2023461324071,2023,461324071,1,21,0,17,19,3,7,0,0,0,0,0,0,0,4,1,1,1,1,-1,-1,12900,2,16,DAF TRUCKS MODEL MISSING,9,E01016147,0,-1
2023041343505,2023,041343505,2,21,0,9,9,1,7,0,0,5,0,0,0,0,4,1,1,1,1,58,9,10837,2,1,DAF TRUCKS MODEL MISSING,3,E01007433,0,-1
2023991389324,2023,991389324,1,21,1,18,19,2,6,0,0,0,0,0,0,0,3,1,6,6,1,61,9,12902,2,5,DAF TRUCKS MODEL MISSING,4,-1,0,-1
2023211361908,2023,211361908,1,21,1,11,11,8,4,0,0,0,0,0,0,0,4,1,1,1,1,69,10,12902,2,8,DAF TRUCKS MODEL MISSING,2,E01010404,0,-1
2023231344788,2023,231344788,1,20,0,7,7,1,3,0,0,3,0,0,0,0,4,1,1,1,1,57,9,-1,-1,-1,DAF TRUCKS MODEL MISSING,4,W01000927,0,-1
2023010454035,2023,010454035,1,90,1,18,19,2,6,0,0,1,0,0,0,0,1,1,1,1,1,31,6,10800,2,5,DAF TRUCKS MODEL MISSING,3,E01003025,0,-1
2023201416041,2023,201416041,3,21,0,18,19,8,4,0,0,8,0,0,0,0,3,1,6,6,1,35,6,-1,-1,-1,DAF TRUCKS MODEL MISSING,5,E01008948,0,-1
2023010453349,2023,010453349,2,21,0,99,99,9,9,0,0,4,0,0,0,0,9,1,6,6,3,-1,-1,10837,2,6,DAF TRUCKS MODEL MISSING,-1,-1,0,-1
2023221308024,2023,221308024,2,20,0,17,19,7,4,0,0,0,0,0,1,0,1,1,1,1,1,71,10,4500,2,4,DAF TRUCKS MODEL MISSING,7,W01000501,0,-1