collision_index,collision_year,collision_ref_no,vehicle_reference,vehicle_type,towing_and_articulation,vehicle_manoeuvre_historic,vehicle_manoeuvre,vehicle_direction_from,vehicle_direction_to,vehicle_location_restricted_lane_historic,vehicle_location_restricted_lane,junction_location,skidding_and_overturning,hit_object_in_carriageway,vehicle_leaving_carriageway,hit_object_off_carriageway,first_point_of_impact,vehicle_left_hand_drive,journey_purpose_of_driver_historic,journey_purpose_of_driver,sex_of_driver,age_of_driver,age_band_of_driver,engine_capacity_cc,propulsion_code,age_of_vehicle,generic_make_model,driver_imd_decile,lsoa_of_driver,escooter_flag,driver_distance_banding
2023440363479,2023,440363479,2,21,0,18,19,3,7,0,0,0,0,0,0,0,3,1,1,1,1,53,8,6700,2,3,DAF TRUCKS MODEL MISSING,6,E01015881,0,-1
2023010425119,2023,010425119,2,19,0,99,99,9,9,99,99,0,9,99,9,99,9,1,6,6,1,61,9,6700,2,7,DAF TRUCKS MODEL MISSING,6,E01003219,0,-1
2023520301570,2023,520301570,1,20,0,12,12,1,5,0,0,0,0,0,0,0,3,1,6,6,1,60,9,6700,2,3,DAF TRUCKS MODEL MISSING,3,E01015310,0,-1
2023531305364,2023,531305364,2,98,0,18,19,1,5,0,0,8,0,0,0,0,4,1,6,6,1,48,8,4460,2,0,DAF TRUCKS MODEL MISSING,2,E01009955,0,-1
2023131348616,2023,131348616,3,21,0,18,19,5,1,0,0,0,0,0,0,0,1,1,1,1,1,28,6,10837,2,6,DAF TRUCKS MODEL MISSING,2,E01011900,0,-1
2023622300267,2023,622300267,1,21,0,18,19,5,1,0,0,4,0,0,0,0,4,1,1,1,1,53,8,12902,2,6,DAF TRUCKS MODEL MISSING,3,W01000945,0,-1
2023141329778,2023,141329778,1,90,0,14,14,7,3,0,0,1,0,0,0,0,1,1,1,1,1,54,8,6700,2,7,DAF TRUCKS MODEL MISSING,3,E01007758,0,-1
2023401309139,2023,401309139,3,21,0,4,4,7,3,0,0,0,0,4,0,0,1,1,1,1,1,52,8,12902,2,4,DAF TRUCKS MODEL MISSING,3,-1,0,-1
2023371356862,2023,371356862,1,21,4,18,19,1,5,0,0,0,2,0,0,0,3,1,1,1,1,50,8,12902,2,1,DAF TRUCKS MODEL MISSING,8,E01026013,0,-1
2023061317454,2023,061317454,2,21,1,7,7,1,5,0,0,8,0,0,0,0,2,1,1,1,1,61,9,12902,2,0,DAF TRUCKS MODEL MISSING,5,E01005944,0,-1
2023544091623,2023,544091623,3,21,0,18,19,7,3,0,0,0,0,0,0,0,1,1,1,1,1,52,8,12900,2,15,DAF TRUCKS MODEL MISSING,-1,-1,0,-1
2023622300978,2023,622300978,3,19,0,18,19,6,2,0,0,0,0,0,0,0,1,1,1,1,1,53,8,-1,-1,-1,DAF TRUCKS MODEL MISSING,1,W01001739,0,-1
2023451354990,2023,451354990,1,21,0,4,4,5,1,0,0,2,0,0,0,0,2,1,1,1,1,53,8,10837,2,7,DAF TRUCKS MODEL MISSING,3,E01017619,0,-1
2023411369382,2023,411369382,2,98,0,18,19,5,8,0,0,0,0,4,0,0,1,1,1,1,1,52,8,4500,2,8,DAF TRUCKS MODEL MISSING,3,E01017536,0,-1
2023411387002,2023,411387002,2,21,0,18,19,5,1,0,0,0,0,0,0,0,2,1,1,1,1,41,7,6690,2,0,DAF TRUCKS MODEL MISSING,7,E01000536,0,-1
2023361315455,2023,361315455,1,21,4,18,19,1,1,0,0,0,0,4,0,0,1,1,1,1,1,42,7,12902,2,10,DAF TRUCKS MODEL MISSING,6,E01030037,0,-1
2023440100349,2023,440100349,1,20,0,9,9,2,4,0,0,5,0,0,0,0,1,1,1,1,1,39,7,6693,2,10,DAF TRUCKS MODEL MISSING,8,E01023078,0,-1
2023430526565,2023,430526565,2,21,1,18,19,6,2,0,0,0,1,0,7,4,1,1,1,1,1,35,6,12902,2,6,DAF TRUCKS MODEL MISSING,6,W01000700,0,-1
2023070128648,2023,070128648,1,21,0,18,19,5,1,0,0,8,0,0,0,0,3,2,1,1,1,53,8,4500,2,8,DAF TRUCKS MODEL MISSING,4,E01018343,0,-1
2023440185389,2023,440185389,1,21,0,12,12,5,1,0,0,0,0,0,0,0,3,1,1,1,1,-1,-1,6700,2,9,DAF TRUCKS MODEL MISSING,3,E01031482,0,-1
2023010465506,2023,010465506,2,21,0,18,19,3,7,0,0,8,0,0,0,0,1,1,1,1,1,49,8,4500,2,7,DAF TRUCKS MODEL MISSING,4,E01021817,0,-1
2023010430926,2023,010430926,2,90,9,1,1,5,1,0,0,0,0,0,0,0,2,9,6,6,3,-1,-1,6700,2,4,DAF TRUCKS MODEL MISSING,-1,-1,0,-1
2023061363978,2023,061363978,2,21,0,18,19,3,7,0,0,1,0,0,0,0,0,1,1,1,1,41,7,6700,2,7,DAF TRUCKS MODEL MISSING,2,E01004911,0,-1
2023010422061,2023,010422061,2,21,0,10,10,1,7,0,0,6,0,0,0,0,1,1,2,2,1,54,8,10837,2,2,DAF TRUCKS MODEL MISSING,3,E01006014,0,-1
2023071206519,2023,071206519,1,21,0,18,19,1,5,0,0,0,0,0,0,0,1,1,1,1,1,32,6,12900,2,14,DAF TRUCKS MODEL MISSING,5,E01012451,0,-1
2023421358732,2023,421358732,1,21,0,11,11,3,7,0,0,0,0,0,0,0,4,1,6,6,1,35,6,12902,2,4,DAF TRUCKS MODEL MISSING,3,E01023323,0,-1
2023131359783,2023,131359783,1,21,0,18,19,5,1,0,0,0,0,0,0,0,3,1,2,2,1,61,9,6700,2,1,DAF TRUCKS MODEL MISSING,3,E01004872,0,-1
2023131278975,2023,131278975,2,21,0,18,19,2,6,0,0,0,0,0,0,0,0,1,1,1,1,37,7,12902,2,4,DAF TRUCKS MODEL MISSING,9,E01024966,0,-1
2023411367600,2023,411367600,2,20,1,5,5,8,7,0,0,4,0,0,0,0,1,1,1,1,1,55,8,-1,-1,-1,DAF TRUCKS MODEL MISSING,3,E01030162,0,-1
2023332300780,2023,332300780,2,21,0,18,19,5,1,0,0,0,0,0,0,0,2,1,1,1,1,41,7,10800,2,4,DAF TRUCKS MODEL MISSING,9,E01007691,0,-1
2023991391551,2023,991391551,2,20,0,18,19,3,7,0,0,0,0,0,0,0,2,1,1,1,1,33,6,4500,2,3,DAF TRUCKS MODEL MISSING,-1,-1,0,-1
2023351372965,2023,351372965,1,21,1,5,5,4,8,0,0,0,0,0,0,0,3,1,6,6,1,64,9,12902,2,5,DAF TRUCKS MODEL MISSING,6,E01030120,0,-1
2023041264665,2023,041264665,1,21,0,18,19,5,1,0,0,0,0,7,1,7,4,1,1,1,1,61,9,12900,2,12,DAF TRUCKS MODEL MISSING,2,E01008037,0,-1
2023131349566,2023,131349566,2,21,0,17,19,7,3,0,0,0,0,0,0,0,3,1,1,1,1,52,8,6700,2,4,DAF TRUCKS MODEL MISSING,5,E01011749,0,-1
2023010486295,2023,010486295,1,21,0,18,19,1,5,0,0,1,0,0,0,0,1,1,1,1,1,43,7,6700,2,1,DAF TRUCKS MODEL MISSING,3,E01030711,0,-1
2023201283362,2023,201283362,2,98,0,5,5,2,6,0,0,3,0,0,0,0,0,1,1,1,1,55,8,4500,2,6,DAF TRUCKS MODEL MISSING,7,E01010246,0,-1
2023361309823,2023,361309823,3,21,0,7,7,7,6,0,0,0,0,0,0,0,0,1,6,6,1,31,6,12902,2,5,DAF TRUCKS MODEL MISSING,4,E01026256,0,-1
2023552301292,2023,552301292,2,21,1,18,19,6,2,0,0,0,0,0,0,0,2,1,1,1,1,51,8,12902,2,7,DAF TRUCKS MODEL MISSING,5,E01020427,0,-1
2023522400824,2023,522400824,1,20,0,18,19,2,6,0,0,0,5,0,4,6,3,1,6,6,1,37,7,6692,2,11,DAF TRUCKS MODEL MISSING,7,E01014972,0,-1
2023201337779,2023,201337779,1,21,0,11,11,4,8,0,0,1,0,0,0,0,1,1,1,1,1,-1,-1,12902,2,3,DAF TRUCKS MODEL MISSING,7,E01029901,0,-1
2023501327542,2023,501327542,2,21,2,7,7,2,6,0,0,1,0,0,0,0,3,1,1,1,1,54,8,1500,2,3,DAF TRUCKS MODEL MISSING,1,E01018930,0,-1
2023231267520,2023,231267520,1,21,1,7,7,2,4,0,0,3,0,0,7,0,4,1,1,1,1,38,7,12902,2,10,DAF TRUCKS MODEL MISSING,4,E01018712,0,-1
2023451318706,2023,451318706,2,21,0,16,19,1,5,0,0,0,0,0,3,0,4,1,1,1,1,56,9,4500,2,5,DAF TRUCKS MODEL MISSING,5,E01022542,0,-1
2023131323210,2023,131323210,2,21,0,13,13,8,8,0,0,1,0,0,0,0,3,1,1,1,1,45,7,10837,2,0,DAF TRUCKS MODEL MISSING,7,E01011571,0,-1
2023440213403,2023,440213403,1,21,0,18,19,3,7,0,0,0,0,0,1,11,1,1,1,1,1,47,8,6700,2,7,DAF TRUCKS MODEL MISSING,3,E01017089,0,-1
2023320757908,2023,320757908,1,21,0,18,19,1,5,0,0,0,5,0,0,0,1,1,1,1,1,39,7,12902,2,1,DAF TRUCKS MODEL MISSING,10,E01007600,0,-1
2023211338753,2023,211338753,1,21,1,7,7,1,5,0,0,8,0,0,0,0,1,1,1,1,1,37,7,12902,2,1,DAF TRUCKS MODEL MISSING,3,E01019743,0,-1
2023231265917,2023,231265917,1,21,1,9,9,5,3,0,0,5,0,0,0,0,3,1,6,6,1,64,9,10837,2,9,DAF TRUCKS MODEL MISSING,9,E01023747,0,-1
2023122400167,2023,122400167,1,21,0,18,19,7,3,0,0,0,0,0,0,0,3,1,1,1,1,43,7,6700,2,5,DAF TRUCKS MODEL MISSING,2,E01006333,0,-1
2023332301262,2023,332301262,1,21,0,5,5,6,2,8,6,0,0,0,0,0,2,1,1,1,1,46,8,6700,2,3,DAF TRUCKS MODEL MISSING,3,E01013547,0,-1
2023332300716,2023,332300716,3,21,0,18,19,2,6,0,0,0,0,0,0,0,3,1,1,1,1,32,6,12902,2,5,DAF TRUCKS MODEL MISSING,6,E01025939,0,-1
2023340NN4202,2023,340NN4202,3,21,0,18,19,2,6,0,0,0,0,0,0,0,2,1,1,1,1,68,10,12902,2,4,DAF TRUCKS MODEL MISSING,5,W01000150,0,-1
2023361315036,2023,361315036,2,21,-1,-1,-1,-1,-1,-1,-1,-1,-1,-1,-1,0,-1,1,2,2,1,54,8,9200,2,13,DAF TRUCKS MODEL MISSING,1,E01026622,0,-1
2023991351783,2023,991351783,1,21,0,18,19,5,1,0,0,0,0,0,0,0,4,1,6,6,1,36,7,6700,2,1,DAF TRUCKS MODEL MISSING,-1,-1,0,-1
2023320265872,2023,320265872,3,21,0,18,19,8,4,0,0,0,0,0,0,0,3,1,1,1,1,39,7,10837,2,6,DAF TRUCKS MODEL MISSING,6,E01026282,0,-1
2023122300272,2023,122300272,3,21,0,18,19,3,7,0,0,0,0,0,0,0,1,1,1,1,1,64,9,6700,2,7,DAF TRUCKS MODEL MISSING,6,E01013398,0,-1
2023131367404,2023,131367404,2,20,0,2,2,2,7,0,0,0,0,0,0,0,2,1,1,1,1,56,9,4500,2,2,DAF TRUCKS MODEL MISSING,2,E01013552,0,-1
2023401392751,2023,401392751,1,21,0,14,14,8,4,0,0,0,0,4,0,0,1,1,1,1,1,39,7,6700,2,4,DAF TRUCKS MODEL MISSING,4,E01015734,0,-1
2023010452194,2023,010452194,1,20,0,10,10,5,2,0,0,0,0,0,0,0,0,1,1,1,1,41,7,4500,2,4,DAF TRUCKS MODEL MISSING,9,E01004155,0,-1
2023211296398,2023,211296398,2,21,0,18,19,4,8,0,0,1,1,0,0,0,1,1,1,1,1,26,6,-1,-1,-1,DAF TRUCKS MODEL MISSING,-1,-1,0,-1
2023522301390,2023,522301390,1,21,0,2,2,0,0,0,0,0,0,0,0,0,0,1,1,1,1,60,9,10837,2,2,DAF TRUCKS MODEL MISSING,5,E01014927,0,-1
2023201386963,2023,201386963,2,21,0,11,11,4,8,0,0,1,0,0,0,0,4,1,1,1,1,48,8,10837,2,7,DAF TRUCKS MODEL MISSING,1,E01009024,0,-1
2023361362258,2023,361362258,1,21,1,7,7,8,4,0,0,5,3,0,1,0,4,1,1,1,1,24,5,12902,2,4,DAF TRUCKS MODEL MISSING,2,E01018063,0,-1
2023010468702,2023,010468702,2,19,0,4,4,3,7,0,0,0,0,0,0,0,1,1,1,1,1,54,8,6700,2,7,DAF TRUCKS MODEL MISSING,6,E01002541,0,-1
2023211268604,2023,211268604,2,20,1,18,19,1,3,0,0,0,1,0,0,0,1,1,1,1,1,58,9,-1,-1,-1,DAF TRUCKS MODEL MISSING,9,E01022246,0,-1
2023131275732,2023,131275732,2,21,0,2,2,0,0,0,0,0,0,0,0,0,2,1,6,6,3,-1,-1,6700,2,3,DAF TRUCKS MODEL MISSING,-1,-1,0,-1
2023302300743,2023,302300743,1,19,0,4,4,2,4,0,0,1,0,0,0,0,1,1,6,6,1,33,6,-1,-1,-1,DAF TRUCKS MODEL MISSING,1,E01013472,0,-1
2023411384236,2023,411384236,1,21,0,18,19,1,5,0,0,4,0,0,0,0,1,1,1,1,1,54,8,6700,2,4,DAF TRUCKS MODEL MISSING,4,E01028278,0,-1
2023471354420,2023,471354420,2,90,0,2,2,1,6,0,0,1,0,0,0,0,0,1,6,6,3,-1,-1,10837,2,6,DAF TRUCKS MODEL MISSING,-1,-1,0,-1
2023131356954,2023,131356954,1,21,0,5,5,6,6,0,0,0,0,0,0,0,4,1,1,1,1,39,7,6700,2,8,DAF TRUCKS MODEL MISSING,6,E01010787,0,-1
2023231345414,2023,231345414,1,20,0,16,19,6,8,0,0,8,0,0,0,0,0,1,6,6,1,36,7,6700,2,0,DAF TRUCKS MODEL MISSING,3,E01010538,0,-1
2023440051636,2023,440051636,2,21,1,4,4,5,1,0,0,0,0,0,0,0,1,1,1,1,1,60,9,12902,2,4,DAF TRUCKS MODEL MISSING,2,W01000278,0,-1
2023010445950,2023,010445950,2,98,0,99,99,9,9,99,99,9,9,99,9,99,9,9,6,6,1,58,9,4500,2,3,DAF TRUCKS MODEL MISSING,10,E01023852,0,-1
2023131319004,2023,131319004,2,21,0,2,2,0,0,6,6,0,0,0,0,0,3,1,1,1,1,42,7,12902,2,1,DAF TRUCKS MODEL MISSING,2,E01007548,0,-1
2023122300335,2023,122300335,2,21,1,18,19,5,1,0,0,0,0,0,0,0,2,1,1,1,1,36,7,12902,2,1,DAF TRUCKS MODEL MISSING,1,E01005756,0,-1
2023201291620,2023,201291620,2,21,0,18,19,2,6,0,0,6,0,0,0,0,1,1,1,1,1,58,9,6700,2,7,DAF TRUCKS MODEL MISSING,10,E01032227,0,-1
2023631337961,2023,631337961,2,21,4,18,19,1,5,0,0,8,1,0,7,10,1,1,1,1,1,49,8,12902,2,4,DAF TRUCKS MODEL MISSING,5,W01000693,0,-1
2023131347215,2023,131347215,3,21,0,18,19,5,5,0,0,0,0,0,0,0,4,1,1,1,1,52,8,12902,2,1,DAF TRUCKS MODEL MISSING,3,E01007550,0,-1
2023411298484,2023,411298484,1,21,0,4,4,5,1,0,0,0,0,0,0,0,2,1,1,1,1,55,8,6700,2,3,DAF TRUCKS MODEL MISSING,5,E01004466,0,-1
2023231381140,2023,231381140,2,21,1,18,19,6,2,0,0,0,0,0,0,0,3,1,1,1,1,26,6,6700,2,1,DAF TRUCKS MODEL MISSING,10,E01031307,0,-1
2023141388112,2023,141388112,3,21,0,18,19,3,7,0,0,1,0,0,0,0,3,1,1,1,1,36,7,6692,2,15,DAF TRUCKS MODEL MISSING,6,E01008128,0,-1
2023430067629,2023,430067629,1,21,0,18,19,6,2,0,0,1,0,0,0,0,1,1,1,1,1,35,6,12902,2,7,DAF TRUCKS MODEL MISSING,7,E01013492,0,-1
2023501354212,2023,501354212,2,20,0,5,5,4,8,0,0,8,0,0,0,0,0,1,1,1,1,32,6,6692,2,14,DAF TRUCKS MODEL MISSING,6,E01020204,0,-1
2023320796074,2023,320796074,3,21,0,18,19,7,3,0,0,0,1,0,0,0,1,1,1,1,1,42,7,12902,2,5,DAF TRUCKS MODEL MISSING,4,E01026183,0,-1
2023332300462,2023,332300462,1,21,0,4,4,1,5,0,0,0,0,0,0,0,1,1,1,1,1,32,6,-1,-1,-1,DAF TRUCKS MODEL MISSING,7,E01025946,0,-1
2023520400806,2023,520400806,1,20,0,2,2,0,0,0,0,0,0,0,0,0,0,1,6,6,1,39,7,5900,2,16,DAF TRUCKS MODEL MISSING,3,E01014811,0,-1
2023430020762,2023,430020762,2,21,1,18,19,7,3,0,0,8,0,0,0,0,1,1,1,1,1,48,8,12900,2,13,DAF TRUCKS MODEL MISSING,6,E01028477,0,-1
2023991375489,2023,991375489,2,21,4,9,9,8,6,0,0,6,0,0,0,0,3,1,1,1,1,33,6,12902,2,5,DAF TRUCKS MODEL MISSING,2,E01019285,0,-1
2023501394525,2023,501394525,1,21,0,18,19,7,4,0,0,8,1,10,0,0,4,1,1,1,1,54,8,-1,-1,-1,DAF TRUCKS MODEL MISSING,8,E01019966,0,-1
2023461296314,2023,461296314,1,20,0,4,4,7,3,0,0,0,0,0,0,0,1,1,6,6,1,61,9,-1,-1,-1,DAF TRUCKS MODEL MISSING,5,E01016088,0,-1
2023461387729,2023,461387729,2,98,0,4,4,1,5,0,0,0,0,0,0,0,2,1,1,1,1,62,9,4500,2,16,DAF TRUCKS MODEL MISSING,4,E01024582,0,-1
2023451262723,2023,451262723,1,21,0,18,19,3,7,0,0,0,0,0,0,0,1,1,1,1,1,72,10,9186,2,10,DAF TRUCKS MODEL MISSING,7,E01024447,0,-1
2023340NN3812,2023,340NN3812,2,21,0,7,7,4,5,0,0,3,0,0,0,0,1,1,6,6,1,62,9,12902,2,5,DAF TRUCKS MODEL MISSING,5,E01013608,0,-1
202360A085740,2023,60A085740,1,21,0,3,3,2,6,0,0,0,0,0,0,0,1,1,1,1,1,37,7,12902,2,8,DAF TRUCKS MODEL MISSING,-1,-1,0,-1
2023991287447,2023,991287447,2,21,0,4,4,8,4,0,0,0,0,0,0,0,1,1,1,1,1,55,8,6700,2,5,DAF TRUCKS MODEL MISSING,7,-1,0,-1
2023522400162,2023,522400162,2,20,0,13,13,1,5,0,0,0,0,0,0,0,4,1,1,1,3,-1,-1,6700,2,5,DAF TRUCKS MODEL MISSING,-1,-1,0,-1
2023501399334,2023,501399334,2,20,-1,99,99,3,7,0,0,8,0,0,9,0,1,1,6,6,1,-1,-1,4500,2,16,DAF TRUCKS MODEL MISSING,5,E01020147,0,-1
2023421282604,2023,421282604,1,21,0,4,4,5,1,0,0,0,0,0,0,0,1,1,1,1,1,52,8,6700,2,5,DAF TRUCKS MODEL MISSING,4,E01021915,0,-1
2023411360097,2023,411360097,3,19,0,4,4,7,3,0,0,0,0,0,0,0,2,1,6,6,1,43,7,6700,2,6,DAF TRUCKS MODEL MISSING,4,E01021843,0,-1
2023991354930,2023,991354930,1,21,0,9,9,6,4,0,0,3,1,0,0,0,4,1,1,1,1,33,6,12902,2,1,DAF TRUCKS MODEL MISSING,3,E01010262,0,-1
2023371351926,2023,371351926,1,21,4,18,19,7,3,0,0,0,3,0,0,0,3,1,1,1,1,46,8,12902,2,5,DAF TRUCKS MODEL MISSING,2,E01018071,0,-1
2023440107548,2023,440107548,2,21,0,11,11,6,2,0,0,0,0,0,0,0,4,1,1,1,2,25,5,12902,2,5,DAF TRUCKS MODEL MISSING,6,E01016312,0,-1
2023131356835,2023,131356835,1,21,0,11,11,1,5,0,0,0,0,0,0,0,1,1,5,6,1,31,6,10837,2,1,DAF TRUCKS MODEL MISSING,4,E01005511,0,-1
2023542993223,2023,542993223,2,20,0,18,19,1,5,0,0,1,0,0,0,0,1,1,1,1,1,22,5,10837,2,9,DAF TRUCKS MODEL MISSING,4,E01032070,0,-1
2023320322374,2023,320322374,2,21,0,18,19,4,8,0,0,0,0,0,0,0,0,2,1,1,2,37,7,10837,2,5,DAF TRUCKS MODEL MISSING,6,E01026242,0,-1
2023221267551,2023,221267551,2,21,1,16,19,6,2,0,0,0,1,0,1,0,1,1,1,1,1,38,7,12902,2,5,DAF TRUCKS MODEL MISSING,-1,-1,0,-1
2023010431318,2023,010431318,2,21,9,99,99,9,9,99,99,9,9,99,9,99,1,9,6,6,3,36,7,10837,2,4,DAF TRUCKS MODEL MISSING,4,E01015918,0,-1
2023231351248,2023,231351248,1,19,0,18,19,2,6,0,0,0,0,0,0,0,1,1,5,6,1,40,7,4461,2,11,DAF TRUCKS MODEL MISSING,-1,-1,0,-1
2023201369371,2023,201369371,2,21,4,9,9,2,8,0,0,5,0,0,0,0,1,1,1,1,1,66,10,12902,2,8,DAF TRUCKS MODEL MISSING,7,E01013808,0,-1
2023010432580,2023,010432580,2,21,1,11,11,1,5,0,0,0,0,0,0,0,1,1,1,1,1,66,10,12902,2,6,DAF TRUCKS MODEL MISSING,10,E01017563,0,-1
2023411274394,2023,411274394,2,21,1,5,5,7,1,0,0,4,0,0,0,0,1,1,1,1,1,-1,-1,12900,2,15,DAF TRUCKS MODEL MISSING,8,E01016760,0,-1
2023540434123,2023,540434123,1,21,0,18,19,6,2,0,0,1,0,0,0,0,1,1,1,1,1,55,8,10837,2,8,DAF TRUCKS MODEL MISSING,2,E01010408,0,-1
2023031351827,2023,031351827,1,21,1,9,9,7,3,0,0,8,0,0,0,0,4,1,1,1,1,74,10,12902,2,1,DAF TRUCKS MODEL MISSING,2,E01019294,0,-1
2023231371086,2023,231371086,1,21,1,18,19,2,6,0,0,0,1,0,0,0,1,1,1,1,1,60,9,10837,2,6,DAF TRUCKS MODEL MISSING,10,W01001083,0,-1
2023451350540,2023,451350540,5,21,0,18,19,5,1,0,0,0,1,0,0,0,0,1,1,1,1,36,7,6700,2,8,DAF TRUCKS MODEL MISSING,3,E01004019,0,-1
2023041347426,2023,041347426,2,21,0,18,19,5,1,0,0,0,0,0,0,0,2,1,1,1,1,62,9,10837,2,1,DAF TRUCKS MODEL MISSING,6,E01025145,0,-1
2023302300127,2023,302300127,2,21,0,18,19,4,8,0,0,1,0,0,1,0,1,1,1,1,1,30,6,6692,2,12,DAF TRUCKS MODEL MISSING,2,E01029436,0,-1
2023610032523,2023,610032523,2,21,0,18,19,7,3,0,0,0,0,0,7,10,1,1,1,1,1,39,7,10837,2,2,DAF TRUCKS MODEL MISSING,6,W01001520,0,-1
2023320430502,2023,320430502,2,19,0,18,19,6,2,0,0,0,0,0,1,0,1,1,1,1,1,23,5,-1,-1,-1,DAF TRUCKS MODEL MISSING,6,E01026213,0,-1
2023010434571,2023,010434571,1,21,1,12,12,5,1,0,0,1,0,0,0,0,0,2,1,1,1,63,9,12902,2,1,DAF TRUCKS MODEL MISSING,2,E01007815,0,-1
2023311357897,2023,311357897,1,21,4,7,7,1,5,0,0,0,0,0,0,0,0,1,1,1,1,34,6,12902,2,4,DAF TRUCKS MODEL MISSING,-1,-1,0,-1
2023421363846,2023,421363846,1,20,4,18,19,7,3,0,0,0,0,0,0,0,1,1,1,1,1,58,9,6692,2,15,DAF TRUCKS MODEL MISSING,7,E01021898,0,-1
2023041367104,2023,041367104,2,21,0,2,2,5,1,7,6,5,0,0,0,0,2,1,1,1,1,57,9,6700,2,1,DAF TRUCKS MODEL MISSING,8,E01025174,0,-1
2023121369859,2023,121369859,1,21,0,18,19,3,7,0,0,0,5,7,1,0,1,1,5,6,1,59,9,12902,2,1,DAF TRUCKS MODEL MISSING,6,W01001906,0,-1
2023991331410,2023,991331410,1,21,0,18,19,4,8,0,0,0,2,0,4,7,1,1,1,1,1,33,6,12902,2,3,DAF TRUCKS MODEL MISSING,7,-1,0,-1
2023201284072,2023,201284072,3,19,0,8,8,7,1,0,0,1,0,0,0,0,1,1,1,1,3,40,7,6700,2,5,DAF TRUCKS MODEL MISSING,2,E01029450,0,-1
2023552300356,2023,552300356,3,21,1,18,19,7,3,0,0,0,0,0,0,0,3,1,1,1,1,42,7,10837,2,3,DAF TRUCKS MODEL MISSING,5,E01029229,0,-1
2023340WN4972,2023,340WN4972,2,20,0,17,19,4,1,0,0,0,0,0,0,0,3,1,1,1,1,61,9,4500,2,1,DAF TRUCKS MODEL MISSING,3,E01025844,0,-1
2023010484756,2023,010484756,1,21,0,18,19,5,1,0,0,0,0,0,0,0,4,1,1,1,1,30,6,6700,2,0,DAF TRUCKS MODEL MISSING,6,E01000691,0,-1
2023070347219,2023,070347219,1,21,1,18,19,7,3,0,0,0,0,0,0,0,1,1,1,1,1,34,6,12902,2,7,DAF TRUCKS MODEL MISSING,9,E01007280,0,-1
2023471262146,2023,471262146,1,20,0,18,19,1,5,0,0,1,0,0,0,0,4,1,1,1,1,45,7,3800,2,3,DAF TRUCKS MODEL MISSING,8,E01021069,0,-1
2023361331715,2023,361331715,2,20,4,18,19,7,3,0,0,1,0,0,0,0,1,1,1,1,1,63,9,-1,-1,-1,DAF TRUCKS MODEL MISSING,7,E01013290,0,-1
2023991313939,2023,991313939,2,21,1,18,19,2,6,0,0,0,0,0,0,0,1,1,1,1,1,49,8,6700,2,7,DAF TRUCKS MODEL MISSING,3,-1,0,-1
2023361355876,2023,361355876,1,21,5,7,7,1,4,0,0,4,0,0,3,0,2,1,1,1,1,65,9,12902,2,7,DAF TRUCKS MODEL MISSING,3,E01018066,0,-1
2023520300778,2023,520300778,2,21,0,18,19,5,1,0,0,8,0,10,0,0,1,1,1,1,1,41,7,12902,2,2,DAF TRUCKS MODEL MISSING,7,E01014884,0,-1
2023070955835,2023,070955835,1,21,1,18,19,1,4,0,0,0,0,0,0,0,3,1,1,1,1,65,9,12902,2,4,DAF TRUCKS MODEL MISSING,1,E01014124,0,-1
2023131348488,2023,131348488,2,21,1,18,19,1,5,0,0,1,0,0,0,0,1,1,1,1,1,21,5,12902,2,3,DAF TRUCKS MODEL MISSING,2,E01011032,0,-1
2023461303616,2023,461303616,2,21,0,18,19,1,5,0,0,3,0,0,0,0,4,1,1,1,1,50,8,12902,2,7,DAF TRUCKS MODEL MISSING,10,E01030045,0,-1
2023041344429,2023,041344429,1,21,0,12,12,5,1,0,0,0,0,0,0,0,3,2,1,1,1,53,8,12902,2,3,DAF TRUCKS MODEL MISSING,4,-1,0,-1
2023351324477,2023,351324477,2,21,1,10,10,3,7,0,0,0,0,0,0,0,2,1,1,1,1,60,9,10837,2,6,DAF TRUCKS MODEL MISSING,9,E01018172,0,-1
2023010423828,2023,010423828,1,20,0,5,5,7,3,0,0,1,0,0,0,0,1,1,1,1,1,67,10,6700,2,5,DAF TRUCKS MODEL MISSING,7,E01004018,0,-1
2023302300954,2023,302300954,1,20,0,12,12,1,5,0,0,0,0,0,0,0,1,1,1,1,3,-1,-1,-1,-1,-1,DAF TRUCKS MODEL MISSING,5,E01019456,0,-1
2023311298555,2023,311298555,1,21,0,11,11,3,7,0,0,0,0,0,0,0,4,1,1,1,1,31,6,6700,2,2,DAF TRUCKS MODEL MISSING,-1,-1,0,-1