collision_index,collision_year,collision_ref_no,vehicle_reference,vehicle_type,towing_and_articulation,vehicle_manoeuvre_historic,vehicle_manoeuvre,vehicle_direction_from,vehicle_direction_to,vehicle_location_restricted_lane_historic,vehicle_location_restricted_lane,junction_location,skidding_and_overturning,hit_object_in_carriageway,vehicle_leaving_carriageway,hit_object_off_carriageway,first_point_of_impact,vehicle_left_hand_drive,journey_purpose_of_driver_historic,journey_purpose_of_driver,sex_of_driver,age_of_driver,age_band_of_driver,engine_capacity_cc,propulsion_code,age_of_vehicle,generic_make_model,driver_imd_decile,lsoa_of_driver,escooter_flag,driver_distance_banding
2023010428841,2023,010428841,2,19,4,3,3,7,3,0,0,1,0,0,0,0,2,1,6,6,1,42,7,10837,2,7,DAF TRUCKS MODEL MISSING,1,E01011363,0,-1
2023311281901,2023,311281901,2,21,0,12,12,4,8,0,0,0,0,0,0,0,2,1,1,1,1,54,8,12902,2,1,DAF TRUCKS MODEL MISSING,-1,-1,0,-1
2023231337356,2023,231337356,2,21,1,4,4,4,8,0,0,0,0,0,0,0,1,1,1,1,1,63,9,10837,2,1,DAF TRUCKS MODEL MISSING,6,E01030312,0,-1
2023552300105,2023,552300105,2,90,4,2,2,0,0,0,0,0,0,0,0,0,1,1,6,6,3,-1,-1,-1,-1,-1,DAF TRUCKS MODEL MISSING,-1,-1,0,-1
2023221276013,2023,221276013,1,21,1,12,12,6,2,0,0,0,0,0,0,0,3,1,1,1,1,58,9,12902,2,6,DAF TRUCKS MODEL MISSING,1,E01006360,0,-1
2023041384621,2023,041384621,1,21,1,18,19,1,5,0,0,0,3,0,1,7,4,1,1,1,1,58,9,10837,2,0,DAF TRUCKS MODEL MISSING,2,-1,0,-1
2023031323084,2023,031323084,2,21,1,18,19,4,8,0,0,0,0,0,0,0,2,1,1,1,1,43,7,12902,2,0,DAF TRUCKS MODEL MISSING,-1,-1,0,-1
2023451334112,2023,451334112,1,21,0,18,19,3,7,0,0,0,0,0,0,0,0,1,1,1,1,63,9,12902,2,3,DAF TRUCKS MODEL MISSING,1,E01024678,0,-1
2023440304293,2023,440304293,1,21,1,11,11,4,8,0,0,0,0,0,0,0,4,1,1,1,1,57,9,12902,2,2,DAF TRUCKS MODEL MISSING,4,E01020438,0,-1
2023451316050,2023,451316050,2,21,0,18,19,5,1,0,0,0,0,0,0,0,4,1,1,1,1,37,7,12902,2,2,DAF TRUCKS MODEL MISSING,7,E01030872,0,-1
2023440320197,2023,440320197,2,19,0,18,19,1,5,0,0,0,0,0,0,0,1,1,1,1,1,63,9,4500,2,8,DAF TRUCKS MODEL MISSING,9,E01022699,0,-1
2023522301543,2023,522301543,2,21,0,18,19,4,8,0,0,0,0,0,0,0,2,1,6,6,1,59,9,10837,2,8,DAF TRUCKS MODEL MISSING,9,E01028775,0,-1
2023070670977,2023,070670977,2,21,1,7,7,1,3,0,0,4,0,0,0,0,1,1,1,1,1,52,8,12902,2,1,DAF TRUCKS MODEL MISSING,3,E01012459,0,-1
2023361333277,2023,361333277,1,21,1,18,19,7,3,0,0,0,0,0,0,0,3,1,1,1,1,51,8,12902,2,5,DAF TRUCKS MODEL MISSING,-1,-1,0,-1
2023411343869,2023,411343869,2,21,0,10,10,1,1,0,0,0,0,0,0,0,3,1,1,1,1,41,7,10837,2,4,DAF TRUCKS MODEL MISSING,3,E01021862,0,-1
2023221344398,2023,221344398,2,20,0,17,19,7,4,0,0,0,0,0,0,0,3,1,1,1,1,59,9,4500,2,1,DAF TRUCKS MODEL MISSING,10,E01031100,0,-1
2023411271236,2023,411271236,1,98,1,18,19,3,5,0,0,8,0,0,0,0,1,1,1,1,1,43,7,4500,2,9,DAF TRUCKS MODEL MISSING,5,E01028031,0,-1
2023401281443,2023,401281443,1,20,0,18,19,5,1,0,0,0,0,0,0,0,1,1,6,6,1,30,6,6700,2,4,DAF TRUCKS MODEL MISSING,10,E01017373,0,-1
2023070627977,2023,070627977,2,21,1,17,19,3,1,0,0,0,0,0,0,0,3,1,2,2,1,32,6,-1,-1,-1,DAF TRUCKS MODEL MISSING,10,E01018397,0,-1
2023351297832,2023,351297832,1,21,1,5,5,3,7,0,0,4,0,0,0,0,1,1,1,1,1,59,9,12902,2,9,DAF TRUCKS MODEL MISSING,2,E01011251,0,-1
2023221402470,2023,221402470,2,19,0,18,19,7,3,0,0,0,0,0,0,0,1,1,1,1,1,60,9,6692,2,13,DAF TRUCKS MODEL MISSING,5,E01014076,0,-1
2023332301078,2023,332301078,1,21,0,12,12,4,8,0,0,0,1,0,0,0,1,1,1,1,1,48,8,12902,2,5,DAF TRUCKS MODEL MISSING,8,E01017838,0,-1
2023440204692,2023,440204692,2,21,0,18,19,3,7,0,0,0,0,0,0,0,1,1,1,1,1,25,5,6700,2,1,DAF TRUCKS MODEL MISSING,3,E01017019,0,-1
2023010439390,2023,010439390,1,21,4,7,7,1,3,0,0,6,0,0,0,0,1,1,1,1,1,53,8,12902,2,6,DAF TRUCKS MODEL MISSING,7,E01016078,0,-1
2023031392796,2023,031392796,2,21,1,18,19,8,4,0,0,0,0,0,0,0,2,1,1,1,1,51,8,12902,2,2,DAF TRUCKS MODEL MISSING,-1,-1,0,-1
2023440143384,2023,440143384,1,19,0,18,19,2,6,0,0,1,0,0,0,0,1,1,1,1,1,37,7,-1,-1,-1,DAF TRUCKS MODEL MISSING,-1,-1,0,-1
2023010439897,2023,010439897,3,21,0,8,8,5,8,0,0,1,0,0,0,0,0,1,1,1,2,62,9,4500,2,4,DAF TRUCKS MODEL MISSING,4,E01023951,0,-1
2023201298207,2023,201298207,1,21,0,11,11,1,4,0,0,0,1,0,0,0,1,1,1,1,1,48,8,12902,2,4,DAF TRUCKS MODEL MISSING,1,E01009513,0,-1
2023332300071,2023,332300071,2,21,0,18,19,6,2,0,0,0,0,0,0,0,2,1,1,1,1,63,9,10837,2,4,DAF TRUCKS MODEL MISSING,7,E01009550,0,-1
2023991332935,2023,991332935,1,21,1,11,11,3,7,0,0,0,0,0,0,0,4,1,1,1,1,48,8,12902,2,3,DAF TRUCKS MODEL MISSING,6,-1,0,-1
2023520301795,2023,520301795,1,21,1,3,3,2,6,0,0,0,0,0,0,0,2,1,6,6,1,51,8,12902,2,3,DAF TRUCKS MODEL MISSING,4,W01001541,0,-1
2023052303003,2023,052303003,2,19,0,4,4,1,5,0,0,0,0,0,0,0,2,1,6,6,1,-1,-1,10837,2,3,DAF TRUCKS MODEL MISSING,-1,-1,0,-1
2023201453523,2023,201453523,2,20,1,18,19,4,8,0,0,8,0,0,0,0,1,1,1,1,1,34,6,-1,-1,-1,DAF TRUCKS MODEL MISSING,1,E01009094,0,-1
2023991320497,2023,991320497,2,21,4,18,19,1,6,0,0,1,4,0,2,7,4,1,1,1,1,46,8,12902,2,3,DAF TRUCKS MODEL MISSING,1,-1,0,-1
2023320018844,2023,320018844,2,21,0,18,19,5,1,0,0,0,0,0,0,0,3,1,1,1,1,50,8,12902,2,4,DAF TRUCKS MODEL MISSING,5,E01011733,0,-1
2023311359919,2023,311359919,1,21,4,13,13,5,1,0,0,0,0,0,0,0,1,1,1,1,1,37,7,12902,2,6,DAF TRUCKS MODEL MISSING,2,E01007522,0,-1
2023361388686,2023,361388686,1,21,0,-1,-1,-1,-1,-1,-1,-1,-1,-1,-1,0,-1,1,6,6,1,55,8,4500,2,2,DAF TRUCKS MODEL MISSING,3,E01026488,0,-1
2023520400103,2023,520400103,1,90,0,2,2,0,0,0,0,8,0,0,0,0,4,1,1,1,1,52,8,6700,2,9,DAF TRUCKS MODEL MISSING,5,E01032048,0,-1
2023122301431,2023,122301431,1,19,0,4,4,2,6,0,0,0,0,0,0,0,2,1,1,1,1,43,7,4462,2,10,DAF TRUCKS MODEL MISSING,8,E01025301,0,-1
2023311266066,2023,311266066,3,21,0,2,2,7,7,0,0,0,0,0,0,0,2,1,1,1,1,38,7,12902,2,9,DAF TRUCKS MODEL MISSING,4,E01026183,0,-1
2023440257741,2023,440257741,2,20,0,18,19,7,3,0,0,8,0,0,0,0,1,1,1,1,1,56,9,4500,2,4,DAF TRUCKS MODEL MISSING,-1,-1,0,-1
2023010479175,2023,010479175,2,20,4,99,99,9,9,99,99,9,9,99,9,99,1,9,6,6,3,-1,-1,-1,-1,-1,DAF TRUCKS MODEL MISSING,-1,-1,0,-1
2023401337840,2023,401337840,3,21,0,18,19,8,4,0,0,0,0,0,0,0,3,1,1,1,1,-1,-1,10837,2,6,DAF TRUCKS MODEL MISSING,-1,-1,0,-1
2023221331722,2023,221331722,1,20,0,14,14,3,7,0,0,0,0,4,0,0,4,1,1,1,1,63,9,4500,2,3,DAF TRUCKS MODEL MISSING,2,E01032234,0,-1
2023010477734,2023,010477734,1,19,0,18,19,1,5,0,0,1,0,4,0,0,3,1,1,1,1,31,6,6700,2,6,DAF TRUCKS MODEL MISSING,-1,-1,0,-1
2023052301069,2023,052301069,1,21,1,11,11,3,7,0,0,2,0,0,0,0,1,1,1,1,1,48,8,12902,2,7,DAF TRUCKS MODEL MISSING,1,E01006957,0,-1
2023131281074,2023,131281074,2,21,0,18,19,7,3,0,0,1,0,0,0,0,1,1,1,1,1,30,6,4500,2,5,DAF TRUCKS MODEL MISSING,8,E01011021,0,-1
2023361394362,2023,361394362,2,21,1,18,19,5,1,0,0,0,0,0,0,0,2,1,1,1,1,53,8,4500,2,2,DAF TRUCKS MODEL MISSING,2,E01026600,0,-1
2023031276982,2023,031276982,2,21,1,4,4,3,7,0,0,1,0,0,0,0,2,1,1,1,1,31,6,12900,2,14,DAF TRUCKS MODEL MISSING,-1,-1,0,-1
2023070476173,2023,070476173,1,21,1,18,19,7,2,0,0,8,0,0,0,0,1,1,1,1,1,38,7,12902,2,7,DAF TRUCKS MODEL MISSING,1,E01005108,0,-1
202363A003123,2023,63A003123,1,21,1,18,19,6,3,0,0,8,0,0,0,0,1,1,1,1,1,42,7,4500,2,8,DAF TRUCKS MODEL MISSING,4,W01001899,0,-1
2023231365100,2023,231365100,2,21,1,18,19,3,7,0,0,0,0,0,0,0,1,1,1,1,1,44,7,12902,2,0,DAF TRUCKS MODEL MISSING,4,E01014627,0,-1
2023440485853,2023,440485853,2,21,0,3,3,7,3,0,0,8,0,0,0,0,2,1,6,6,1,26,6,12902,2,8,DAF TRUCKS MODEL MISSING,1,E01013720,0,-1
2023320510641,2023,320510641,2,21,0,17,19,8,4,0,0,0,0,0,0,0,1,1,1,1,1,31,6,12902,2,4,DAF TRUCKS MODEL MISSING,5,E01011287,0,-1
2023101366644,2023,101366644,3,21,0,18,19,5,1,0,0,0,0,0,0,0,3,1,1,1,1,60,9,6700,2,6,DAF TRUCKS MODEL MISSING,2,E01008688,0,-1
2023161341121,2023,161341121,1,21,0,18,19,6,2,0,0,0,0,0,0,0,1,1,1,1,1,55,8,12902,2,0,DAF TRUCKS MODEL MISSING,3,E01026024,0,-1
2023122300767,2023,122300767,1,21,0,4,4,3,7,0,0,1,0,0,0,0,1,1,1,1,1,39,7,6700,2,0,DAF TRUCKS MODEL MISSING,4,E01013382,0,-1
2023451299088,2023,451299088,2,21,0,18,19,3,7,0,0,0,0,0,0,0,1,1,1,1,1,36,7,12900,2,13,DAF TRUCKS MODEL MISSING,7,E01024137,0,-1
2023991358085,2023,991358085,1,21,1,18,19,8,4,0,0,0,0,0,1,0,4,1,1,1,1,51,8,12902,2,3,DAF TRUCKS MODEL MISSING,3,-1,0,-1
2023221355301,2023,221355301,1,21,1,16,19,8,3,0,0,0,5,10,7,10,3,1,1,1,1,58,9,12902,2,6,DAF TRUCKS MODEL MISSING,8,W01000429,0,-1
2023231405537,2023,231405537,3,21,1,4,4,7,3,0,0,0,0,0,0,0,1,1,1,1,1,49,8,12902,2,7,DAF TRUCKS MODEL MISSING,1,E01012076,0,-1
2023320023235,2023,320023235,2,21,0,18,19,4,8,0,0,8,0,0,1,10,1,1,1,1,1,46,8,10837,2,7,DAF TRUCKS MODEL MISSING,1,E01012790,0,-1
2023320635425,2023,320635425,1,21,1,18,19,3,7,0,0,3,0,0,0,0,2,1,1,1,1,52,8,12902,2,8,DAF TRUCKS MODEL MISSING,5,E01026285,0,-1
2023548610023,2023,548610023,1,21,0,18,19,8,4,0,0,0,0,0,0,0,1,1,1,1,1,30,6,12900,2,16,DAF TRUCKS MODEL MISSING,10,E01020463,0,-1
2023461267756,2023,461267756,1,21,1,18,19,3,7,0,0,0,0,0,0,0,1,1,1,1,1,64,9,6700,2,8,DAF TRUCKS MODEL MISSING,4,E01024197,0,-1
2023520300684,2023,520300684,1,21,1,18,19,6,8,0,0,8,0,0,0,0,4,1,1,1,1,53,8,12902,2,6,DAF TRUCKS MODEL MISSING,6,E01029228,0,-1
2023231279541,2023,231279541,3,21,1,3,3,5,1,0,0,0,0,0,0,0,2,1,1,1,1,28,6,6700,2,8,DAF TRUCKS MODEL MISSING,3,E01009777,0,-1
2023231365958,2023,231365958,2,19,0,18,19,4,8,0,0,0,0,1,0,0,1,1,1,1,1,40,7,6700,2,4,DAF TRUCKS MODEL MISSING,1,W01001661,0,-1
2023041371423,2023,041371423,4,21,0,18,19,1,5,0,0,0,0,0,0,0,2,1,6,6,3,-1,-1,6700,2,9,DAF TRUCKS MODEL MISSING,-1,-1,0,-1
2023122301226,2023,122301226,2,21,0,18,19,7,3,0,0,1,0,0,0,0,1,1,1,1,3,27,6,4462,2,10,DAF TRUCKS MODEL MISSING,5,E01027793,0,-1
2023552301376,2023,552301376,1,20,0,18,19,5,1,0,0,0,0,0,0,0,1,1,1,1,1,48,8,4500,2,8,DAF TRUCKS MODEL MISSING,4,E01020563,0,-1
2023010433350,2023,010433350,2,21,9,18,19,7,3,0,0,9,0,0,0,0,9,9,6,6,1,56,9,12902,2,1,DAF TRUCKS MODEL MISSING,1,E01027907,0,-1
2023351360968,2023,351360968,1,20,0,18,19,4,1,0,0,4,1,9,3,0,1,1,1,1,1,31,6,4500,2,1,DAF TRUCKS MODEL MISSING,8,E01018215,0,-1
2023461272966,2023,461272966,1,21,1,5,5,5,1,0,0,0,0,0,0,0,1,1,6,6,1,32,6,12902,2,5,DAF TRUCKS MODEL MISSING,4,E01021013,0,-1
2023451299112,2023,451299112,2,21,0,18,19,5,1,0,0,0,0,0,0,0,2,1,1,1,1,57,9,12902,2,7,DAF TRUCKS MODEL MISSING,8,E01031941,0,-1
2023010443153,2023,010443153,2,21,0,99,99,9,9,99,99,9,9,99,9,99,9,9,6,6,3,-1,-1,-1,-1,-1,DAF TRUCKS MODEL MISSING,-1,-1,0,-1
2023141374334,2023,141374334,2,21,0,16,19,8,4,0,0,0,0,0,7,7,1,1,1,1,1,60,9,12902,2,7,DAF TRUCKS MODEL MISSING,5,E01005677,0,-1
2023451330710,2023,451330710,2,21,0,18,19,1,5,0,0,0,0,0,0,0,1,1,6,6,3,30,6,12902,2,4,DAF TRUCKS MODEL MISSING,4,E01026780,0,-1
2023320653502,2023,320653502,1,21,0,18,19,8,4,0,0,0,1,0,1,9,1,1,1,1,1,58,9,6692,2,12,DAF TRUCKS MODEL MISSING,4,E01026279,0,-1
2023522301543,2023,522301543,1,21,0,18,19,4,8,0,0,0,0,0,0,0,1,1,6,6,1,53,8,10837,2,7,DAF TRUCKS MODEL MISSING,10,E01028779,0,-1
2023010482995,2023,010482995,2,90,9,99,99,9,9,99,99,9,9,99,9,99,9,9,6,6,1,53,8,-1,-1,-1,DAF TRUCKS MODEL MISSING,2,E01001464,0,-1
2023041288817,2023,041288817,2,90,0,18,19,5,8,0,0,0,0,0,0,0,1,1,1,1,2,31,6,6700,2,2,DAF TRUCKS MODEL MISSING,-1,-1,0,-1
2023340NN2012,2023,340NN2012,1,21,0,18,19,8,4,0,0,0,0,0,0,0,1,1,6,6,1,36,7,-1,-1,-1,DAF TRUCKS MODEL MISSING,2,E01027330,0,-1
2023340NN2542,2023,340NN2542,2,21,0,13,13,8,4,0,0,8,0,0,0,0,1,1,1,1,1,24,5,6700,2,7,DAF TRUCKS MODEL MISSING,8,E01010553,0,-1
2023302301936,2023,302301936,1,21,1,18,19,2,6,0,0,0,0,0,0,0,1,1,1,1,3,-1,-1,12902,2,2,DAF TRUCKS MODEL MISSING,5,E01019456,0,-1
2023451268057,2023,451268057,2,98,0,4,4,5,1,0,0,0,1,0,0,0,2,1,1,1,1,37,7,-1,-1,-1,DAF TRUCKS MODEL MISSING,8,E01031757,0,-1
2023451277966,2023,451277966,2,98,0,18,19,7,3,0,0,0,0,0,0,0,1,1,6,6,1,37,7,4500,2,6,DAF TRUCKS MODEL MISSING,3,E01030901,0,-1
202360A019206,2023,60A019206,3,21,1,3,3,3,7,0,0,0,0,0,0,0,0,1,1,1,1,54,8,12902,2,4,DAF TRUCKS MODEL MISSING,-1,-1,0,-1
2023471279837,2023,471279837,1,21,0,18,19,3,7,0,0,1,0,0,0,0,3,1,1,1,1,21,5,6700,2,1,DAF TRUCKS MODEL MISSING,10,E01031703,0,-1
2023010460484,2023,010460484,1,21,5,18,19,1,5,0,0,1,0,0,0,0,1,1,1,1,2,61,9,10837,2,1,DAF TRUCKS MODEL MISSING,3,E01021860,0,-1
2023320366127,2023,320366127,2,21,0,18,19,5,1,0,0,8,0,0,0,0,1,1,1,1,1,61,9,4500,2,1,DAF TRUCKS MODEL MISSING,2,E01013853,0,-1
2023071182975,2023,071182975,1,21,0,11,11,5,1,0,0,0,0,0,0,0,4,1,1,1,1,44,7,12902,2,8,DAF TRUCKS MODEL MISSING,3,E01005512,0,-1
2023440031727,2023,440031727,2,21,1,18,19,8,4,0,0,1,0,0,0,0,3,1,1,1,1,65,9,10837,2,1,DAF TRUCKS MODEL MISSING,4,E01020563,0,-1
202354C447223,2023,54C447223,1,21,1,9,9,1,7,0,0,6,0,0,0,0,3,1,1,1,1,56,9,10837,2,2,DAF TRUCKS MODEL MISSING,8,E01032667,0,-1
2023421270468,2023,421270468,2,21,1,2,2,0,0,0,0,0,0,0,0,0,0,1,1,1,1,56,9,10837,2,6,DAF TRUCKS MODEL MISSING,6,E01018264,0,-1
2023010466639,2023,010466639,2,21,1,3,3,5,1,0,0,1,0,4,0,0,2,1,1,1,1,48,8,12902,2,4,DAF TRUCKS MODEL MISSING,6,E01023065,0,-1
2023201346776,2023,201346776,1,21,0,4,4,8,4,0,0,0,0,0,0,0,1,1,1,1,1,28,6,6690,2,0,DAF TRUCKS MODEL MISSING,1,E01010063,0,-1
2023141345829,2023,141345829,3,21,0,18,19,6,2,0,0,0,0,0,0,0,2,1,1,1,1,37,7,10837,2,7,DAF TRUCKS MODEL MISSING,2,E01008057,0,-1
2023010463082,2023,010463082,1,21,1,11,11,3,7,0,0,2,0,0,0,0,1,1,1,1,1,71,10,12902,2,8,DAF TRUCKS MODEL MISSING,3,E01002313,0,-1
2023010471589,2023,010471589,2,20,0,18,19,7,3,0,0,1,0,0,0,0,1,2,1,1,1,37,7,10837,2,6,DAF TRUCKS MODEL MISSING,3,E01026719,0,-1
2023332301125,2023,332301125,5,21,0,18,19,1,5,0,0,0,0,0,0,0,1,1,1,1,1,53,8,10837,2,0,DAF TRUCKS MODEL MISSING,9,E01025955,0,-1
2023501345436,2023,501345436,1,19,0,18,19,7,3,0,0,1,0,2,0,0,3,1,1,1,1,48,8,6700,2,9,DAF TRUCKS MODEL MISSING,8,E01015137,0,-1
2023440507003,2023,440507003,2,21,0,4,4,2,6,0,0,0,0,0,0,0,2,1,1,1,1,28,6,6700,2,1,DAF TRUCKS MODEL MISSING,10,E01017062,0,-1
2023541985323,2023,541985323,1,21,1,17,19,2,6,0,0,0,3,0,0,0,4,1,1,1,1,61,9,12902,2,1,DAF TRUCKS MODEL MISSING,5,E01020448,0,-1
2023231291907,2023,231291907,1,21,1,5,5,5,1,0,0,1,0,0,0,0,1,1,6,6,1,67,10,12902,2,2,DAF TRUCKS MODEL MISSING,4,E01014169,0,-1
2023991390729,2023,991390729,3,20,0,18,19,3,7,0,0,0,0,0,0,0,2,1,1,1,1,58,9,4460,2,0,DAF TRUCKS MODEL MISSING,2,-1,0,-1
2023430351334,2023,430351334,2,98,0,2,2,0,0,0,0,0,0,0,0,0,2,1,1,1,1,40,7,4500,2,2,DAF TRUCKS MODEL MISSING,3,E01009633,0,-1
2023320449706,2023,320449706,2,20,0,4,4,3,7,0,0,1,0,0,0,0,2,1,1,1,1,35,6,6700,2,1,DAF TRUCKS MODEL MISSING,2,E01013240,0,-1
2023211328296,2023,211328296,1,21,1,11,11,2,6,0,0,0,0,0,0,0,1,1,1,1,1,62,9,12902,2,3,DAF TRUCKS MODEL MISSING,-1,-1,0,-1
2023161375591,2023,161375591,2,21,0,9,9,7,3,0,0,0,0,0,0,0,2,1,1,1,1,42,7,10837,2,0,DAF TRUCKS MODEL MISSING,1,E01007629,0,-1
202354D252723,2023,54D252723,2,21,0,18,19,2,6,0,0,0,0,0,0,0,2,1,1,1,1,59,9,6700,2,6,DAF TRUCKS MODEL MISSING,10,E01015564,0,-1
2023311329132,2023,311329132,2,98,0,18,19,6,2,0,0,8,0,0,7,0,4,1,1,1,1,54,8,4462,2,10,DAF TRUCKS MODEL MISSING,-1,-1,0,-1
2023991287895,2023,991287895,1,21,0,11,11,7,3,0,0,0,0,0,0,0,4,1,1,1,1,35,6,10837,2,9,DAF TRUCKS MODEL MISSING,-1,-1,0,-1
2023131274491,2023,131274491,1,21,0,-1,-1,-1,-1,-1,-1,0,-1,-1,-1,-1,-1,1,6,6,3,-1,-1,12902,2,1,DAF TRUCKS MODEL MISSING,-1,-1,0,-1
2023131290709,2023,131290709,2,21,0,12,12,5,1,0,0,8,0,0,0,0,3,1,1,1,1,58,9,-1,-1,-1,DAF TRUCKS MODEL MISSING,9,E01011146,0,-1
2023332300500,2023,332300500,2,21,0,5,5,5,1,0,0,2,0,0,0,0,1,1,1,1,1,41,7,10837,2,7,DAF TRUCKS MODEL MISSING,2,E01014115,0,-1
2023311309539,2023,311309539,2,21,1,18,19,5,1,0,0,0,0,0,0,0,2,1,1,1,1,35,6,12902,2,7,DAF TRUCKS MODEL MISSING,2,E01010446,0,-1
2023010473005,2023,010473005,2,21,1,18,19,3,7,0,0,0,0,0,0,0,3,1,6,6,1,55,8,12902,2,4,DAF TRUCKS MODEL MISSING,3,E01029867,0,-1
2023221349943,2023,221349943,2,21,1,18,19,4,8,0,0,8,0,0,0,0,3,1,1,1,1,31,6,12902,2,2,DAF TRUCKS MODEL MISSING,1,E01006950,0,-1
2023211342081,2023,211342081,1,21,0,13,13,5,1,0,0,0,0,0,0,0,4,1,1,1,1,39,7,6700,2,4,DAF TRUCKS MODEL MISSING,4,E01010377,0,-1
2023421382546,2023,421382546,1,21,1,5,5,3,2,0,0,0,0,0,0,0,1,1,1,1,1,47,8,6700,2,8,DAF TRUCKS MODEL MISSING,6,E01001539,0,-1
2023351340760,2023,351340760,1,21,1,18,19,5,1,0,0,0,0,0,0,0,3,1,1,1,1,53,8,12902,2,0,DAF TRUCKS MODEL MISSING,3,E01025894,0,-1
2023501341602,2023,501341602,2,21,0,4,4,6,2,0,0,0,0,0,0,0,2,1,6,6,1,58,9,4500,2,8,DAF TRUCKS MODEL MISSING,9,E01020215,0,-1
2023010440806,2023,010440806,2,20,0,18,19,1,5,0,0,1,0,0,0,0,1,1,1,1,1,48,8,4500,2,1,DAF TRUCKS MODEL MISSING,2,E01001551,0,-1
2023010468011,2023,010468011,4,20,0,18,19,7,3,0,0,0,0,0,0,0,3,1,6,6,1,36,7,4500,2,2,DAF TRUCKS MODEL MISSING,5,E01000158,0,-1
2023461344160,2023,461344160,1,21,0,18,19,1,5,0,0,4,5,0,0,0,3,1,1,1,1,28,6,10837,2,4,DAF TRUCKS MODEL MISSING,5,E01024562,0,-1
2023421335560,2023,421335560,2,21,0,4,4,5,1,0,0,0,0,0,0,0,0,1,1,1,1,66,10,6700,2,9,DAF TRUCKS MODEL MISSING,7,E01029896,0,-1
2023010441479,2023,010441479,2,20,4,18,19,5,1,0,0,8,0,0,0,0,1,1,1,1,1,31,6,-1,-1,-1,DAF TRUCKS MODEL MISSING,7,E01002198,0,-1
2023631362244,2023,631362244,2,90,0,17,19,3,7,0,0,1,0,0,0,0,3,1,1,1,1,51,8,6693,2,10,DAF TRUCKS MODEL MISSING,1,W01001441,0,-1
2023302300235,2023,302300235,3,20,0,17,19,6,4,0,0,0,0,0,0,0,0,1,1,1,1,36,7,-1,-1,-1,DAF TRUCKS MODEL MISSING,5,E01005838,0,-1
2023991391534,2023,991391534,1,21,0,18,19,5,1,0,0,0,2,0,1,0,4,1,1,1,1,56,9,12902,2,6,DAF TRUCKS MODEL MISSING,-1,-1,0,-1
2023440415206,2023,440415206,1,21,0,18,19,6,2,0,0,1,0,0,0,0,3,1,1,1,1,42,7,4461,2,11,DAF TRUCKS MODEL MISSING,6,E01023143,0,-1
2023430310155,2023,430310155,2,21,1,12,12,2,6,0,0,0,0,0,0,0,3,1,6,6,1,45,7,12902,2,8,DAF TRUCKS MODEL MISSING,-1,-1,0,-1
2023010454120,2023,010454120,2,21,1,18,19,7,3,0,0,0,2,0,1,10,3,1,1,1,1,44,7,10837,2,3,DAF TRUCKS MODEL MISSING,3,E01002553,0,-1
2023991373994,2023,991373994,2,21,0,18,19,1,4,0,0,0,0,0,0,0,3,1,1,1,1,56,9,10837,2,7,DAF TRUCKS MODEL MISSING,7,-1,0,-1
2023061311119,2023,061311119,1,21,0,18,19,3,7,0,0,0,0,0,0,0,4,1,1,1,1,46,8,12900,2,14,DAF TRUCKS MODEL MISSING,6,E01007063,0,-1
2023501388254,2023,501388254,2,20,0,18,19,1,5,0,0,0,1,0,1,11,4,1,1,1,1,56,9,4500,2,5,DAF TRUCKS MODEL MISSING,5,E01018947,0,-1
2023061303060,2023,061303060,1,21,1,18,19,5,1,0,0,0,0,0,0,0,1,1,1,1,1,55,8,12902,2,4,DAF TRUCKS MODEL MISSING,2,E01027341,0,-1
2023201342213,2023,201342213,1,21,1,12,12,4,8,0,0,0,0,0,0,0,1,1,6,6,1,40,7,12902,2,4,DAF TRUCKS MODEL MISSING,1,E01016904,0,-1
2023131285471,2023,131285471,1,21,0,18,19,1,5,0,0,0,0,0,0,0,1,1,1,1,1,44,7,12902,2,7,DAF TRUCKS MODEL MISSING,1,E01008094,0,-1
2023211318124,2023,211318124,1,21,0,17,19,8,6,0,0,0,0,0,0,0,3,1,1,1,1,46,8,6700,2,1,DAF TRUCKS MODEL MISSING,7,E01029668,0,-1
2023340NN9052,2023,340NN9052,2,21,0,18,19,1,5,0,0,0,0,0,0,0,1,1,2,2,1,40,7,12902,2,5,DAF TRUCKS MODEL MISSING,9,E01023612,0,-1
2023451320850,2023,451320850,2,21,0,18,19,2,6,0,0,0,0,0,0,0,3,1,6,6,1,43,7,6700,2,6,DAF TRUCKS MODEL MISSING,8,E01030845,0,-1