collision_index,collision_year,collision_ref_no,vehicle_reference,vehicle_type,towing_and_articulation,vehicle_manoeuvre_historic,vehicle_manoeuvre,vehicle_direction_from,vehicle_direction_to,vehicle_location_restricted_lane_historic,vehicle_location_restricted_lane,junction_location,skidding_and_overturning,hit_object_in_carriageway,vehicle_leaving_carriageway,hit_object_off_carriageway,first_point_of_impact,vehicle_left_hand_drive,journey_purpose_of_driver_historic,journey_purpose_of_driver,sex_of_driver,age_of_driver,age_band_of_driver,engine_capacity_cc,propulsion_code,age_of_vehicle,generic_make_model,driver_imd_decile,lsoa_of_driver,escooter_flag,driver_distance_banding
2023371367544,2023,371367544,2,21,0,18,19,8,4,0,0,1,0,0,0,0,4,1,1,1,2,40,7,12902,2,7,DAF TRUCKS MODEL MISSING,-1,-1,0,-1
2023430453620,2023,430453620,2,21,1,18,19,6,2,0,0,0,0,0,0,0,2,1,1,1,1,43,7,10837,2,1,DAF TRUCKS MODEL MISSING,8,E01019854,0,-1
2023471330705,2023,471330705,1,21,0,16,19,3,1,0,0,1,0,0,0,0,3,1,1,1,1,41,7,6700,2,6,DAF TRUCKS MODEL MISSING,3,E01000392,0,-1
2023302300314,2023,302300314,1,20,0,18,19,6,2,0,0,0,0,0,0,0,1,1,2,2,1,66,10,4500,2,6,DAF TRUCKS MODEL MISSING,8,E01021737,0,-1
2023231291126,2023,231291126,3,21,1,4,4,4,8,0,0,0,0,0,0,0,2,1,1,1,1,35,6,12902,2,8,DAF TRUCKS MODEL MISSING,7,E01030098,0,-1
2023440322800,2023,440322800,2,21,0,9,9,3,1,0,0,5,0,0,0,0,4,1,1,1,1,33,6,6700,2,7,DAF TRUCKS MODEL MISSING,9,E01023186,0,-1
2023071083195,2023,071083195,2,20,0,16,19,4,8,0,0,1,0,0,0,0,4,1,1,1,1,36,7,4500,2,4,DAF TRUCKS MODEL MISSING,4,E01018744,0,-1
2023131288932,2023,131288932,1,21,1,18,19,3,7,0,0,0,0,0,0,0,4,1,1,1,1,27,6,12902,2,4,DAF TRUCKS MODEL MISSING,8,E01025948,0,-1
2023061352512,2023,061352512,1,21,0,7,7,8,2,0,0,8,0,0,0,0,3,1,1,1,1,55,8,6700,2,7,DAF TRUCKS MODEL MISSING,1,E01005432,0,-1
2023201291555,2023,201291555,2,20,1,9,9,1,8,0,0,6,0,0,0,0,3,1,1,1,1,-1,-1,4500,2,6,DAF TRUCKS MODEL MISSING,5,E01032447,0,-1
2023461355067,2023,461355067,2,20,0,12,12,3,7,0,0,0,0,0,0,0,3,1,6,6,1,64,9,-1,-1,-1,DAF TRUCKS MODEL MISSING,7,E01024550,0,-1
2023201415530,2023,201415530,2,21,0,18,19,7,3,0,0,0,0,0,0,0,2,1,1,1,1,35,6,10837,2,7,DAF TRUCKS MODEL MISSING,3,E01009768,0,-1
2023421264418,2023,421264418,1,20,0,18,19,1,5,0,0,0,1,0,0,0,1,1,1,1,1,36,7,4500,2,2,DAF TRUCKS MODEL MISSING,6,E01030221,0,-1
2023610011823,2023,610011823,1,21,0,18,19,8,4,0,0,0,0,0,0,0,1,1,1,1,1,36,7,6700,2,4,DAF TRUCKS MODEL MISSING,4,W01001415,0,-1
2023061389679,2023,061389679,1,21,-1,4,4,-1,-1,0,0,0,0,0,0,0,0,1,2,2,3,-1,-1,10800,2,4,DAF TRUCKS MODEL MISSING,6,E01009532,0,-1
2023010441242,2023,010441242,1,19,0,18,19,5,1,0,0,1,0,0,0,0,1,1,1,1,1,41,7,-1,-1,-1,DAF TRUCKS MODEL MISSING,5,E01023537,0,-1
2023010471482,2023,010471482,1,21,9,99,99,9,9,99,99,1,9,99,9,99,9,9,6,6,3,-1,-1,10837,2,9,DAF TRUCKS MODEL MISSING,-1,-1,0,-1
2023170L20253,2023,170L20253,2,21,1,18,19,6,2,0,0,1,0,0,0,0,3,1,1,1,1,48,8,10837,2,9,DAF TRUCKS MODEL MISSING,1,E01012284,0,-1
2023052302158,2023,052302158,2,19,0,18,19,6,2,0,0,5,0,0,0,0,1,1,1,1,3,-1,-1,6700,2,4,DAF TRUCKS MODEL MISSING,-1,-1,0,-1
2023122301378,2023,122301378,2,21,1,18,19,5,1,0,0,0,0,0,0,0,1,1,1,1,1,65,9,10837,2,2,DAF TRUCKS MODEL MISSING,6,E01030005,0,-1
2023545837123,2023,545837123,2,20,0,18,19,7,3,0,0,0,1,0,0,0,2,1,1,1,1,45,7,6700,2,6,DAF TRUCKS MODEL MISSING,5,E01031583,0,-1
2023161380535,2023,161380535,1,21,0,6,6,2,2,0,0,3,0,0,0,0,1,1,1,1,1,28,6,12902,2,3,DAF TRUCKS MODEL MISSING,1,E01011916,0,-1
2023411354685,2023,411354685,3,21,0,3,3,1,5,0,0,0,0,0,0,0,2,1,1,1,1,57,9,4500,2,3,DAF TRUCKS MODEL MISSING,8,E01002453,0,-1
2023122301152,2023,122301152,1,21,4,18,19,7,3,0,0,0,0,0,1,11,4,1,1,1,1,61,9,4500,2,2,DAF TRUCKS MODEL MISSING,8,E01013348,0,-1
2023211381822,2023,211381822,2,21,4,18,19,2,4,0,0,0,0,0,7,11,1,1,6,6,1,55,8,12902,2,8,DAF TRUCKS MODEL MISSING,-1,-1,0,-1
2023010423259,2023,010423259,2,21,1,18,19,3,7,0,0,3,0,0,0,0,4,1,6,6,1,23,5,6700,2,3,DAF TRUCKS MODEL MISSING,-1,-1,0,-1
2023631348943,2023,631348943,2,21,0,18,19,1,6,0,0,1,0,0,0,0,3,1,1,1,1,71,10,12902,2,8,DAF TRUCKS MODEL MISSING,4,W01001189,0,-1
2023221390939,2023,221390939,1,21,4,18,19,6,2,0,0,0,0,0,1,7,1,1,1,1,1,58,9,12902,2,2,DAF TRUCKS MODEL MISSING,4,W01001405,0,-1
2023010420968,2023,010420968,2,21,9,99,99,9,9,99,99,9,9,99,9,99,1,9,6,6,3,-1,-1,6693,2,9,DAF TRUCKS MODEL MISSING,-1,-1,0,-1
2023451274031,2023,451274031,1,21,0,9,9,3,1,0,0,1,0,0,0,0,1,1,1,1,1,50,8,6700,2,1,DAF TRUCKS MODEL MISSING,1,E01023536,0,-1
2023010473060,2023,010473060,1,21,1,4,4,7,3,0,0,8,0,0,0,0,1,1,1,1,1,37,7,6700,2,9,DAF TRUCKS MODEL MISSING,2,E01004089,0,-1
2023041338206,2023,041338206,2,21,1,18,19,5,1,0,0,0,0,0,1,0,2,1,1,1,1,55,8,10837,2,1,DAF TRUCKS MODEL MISSING,2,E01006307,0,-1
2023552300341,2023,552300341,1,20,0,18,19,2,6,0,0,8,0,0,0,0,1,1,1,1,1,63,9,4500,2,6,DAF TRUCKS MODEL MISSING,6,E01015410,0,-1
2023552301461,2023,552301461,1,21,1,7,7,2,4,0,0,8,0,0,0,0,3,1,1,1,1,40,7,12902,2,7,DAF TRUCKS MODEL MISSING,6,E01021058,0,-1
2023461303792,2023,461303792,2,21,2,7,7,8,1,0,0,3,0,0,0,0,4,1,1,1,1,62,9,4500,2,9,DAF TRUCKS MODEL MISSING,4,E01002324,0,-1
2023311325071,2023,311325071,2,21,0,18,19,1,3,0,0,4,0,0,0,0,1,1,1,1,1,60,9,12902,2,1,DAF TRUCKS MODEL MISSING,3,E01018073,0,-1
2023101353324,2023,101353324,1,21,0,18,19,7,3,0,0,1,0,0,0,0,3,1,6,6,2,64,9,10837,2,6,DAF TRUCKS MODEL MISSING,8,E01027425,0,-1
2023610012223,2023,610012223,2,19,0,9,9,5,3,0,0,1,0,0,0,0,1,1,1,1,1,48,8,4500,2,1,DAF TRUCKS MODEL MISSING,8,E01029636,0,-1
2023461320106,2023,461320106,3,98,0,18,19,2,6,0,0,0,0,0,0,0,1,1,1,1,1,60,9,4462,2,10,DAF TRUCKS MODEL MISSING,6,E01024052,0,-1
2023041387478,2023,041387478,1,21,4,18,19,5,1,0,0,0,0,0,0,0,1,1,1,1,1,62,9,10837,2,5,DAF TRUCKS MODEL MISSING,9,-1,0,-1
2023501322803,2023,501322803,1,90,0,18,19,2,6,0,0,0,0,0,0,0,3,2,6,6,1,36,7,6700,2,0,DAF TRUCKS MODEL MISSING,2,E01020141,0,-1
2023522300850,2023,522300850,1,21,0,18,19,1,5,0,0,0,0,11,0,0,0,1,6,6,1,-1,-1,6700,2,4,DAF TRUCKS MODEL MISSING,-1,-1,0,-1
2023991328839,2023,991328839,2,21,0,18,19,5,8,0,0,0,0,0,0,0,2,1,1,1,1,71,10,12902,2,3,DAF TRUCKS MODEL MISSING,-1,-1,0,-1
2023010470953,2023,010470953,6,21,0,18,19,3,7,0,0,0,0,0,0,0,3,1,1,1,1,43,7,6700,2,2,DAF TRUCKS MODEL MISSING,2,E01000021,0,-1
2023010471041,2023,010471041,3,19,0,2,2,0,0,0,0,0,0,0,0,0,0,1,6,6,3,-1,-1,10837,2,8,DAF TRUCKS MODEL MISSING,-1,-1,0,-1
2023010471483,2023,010471483,1,21,0,14,14,2,6,0,0,0,0,0,0,0,4,1,6,6,1,48,8,6700,2,4,DAF TRUCKS MODEL MISSING,2,E01015879,0,-1
2023547192823,2023,547192823,1,21,0,5,5,8,4,0,0,0,0,5,0,0,1,1,1,1,1,35,6,4500,2,4,DAF TRUCKS MODEL MISSING,6,E01014914,0,-1
2023201426386,2023,201426386,2,21,0,18,19,6,2,0,0,1,0,0,0,0,1,1,1,1,1,-1,-1,4461,2,12,DAF TRUCKS MODEL MISSING,-1,-1,0,-1
2023340WN5282,2023,340WN5282,2,21,0,4,4,7,3,0,0,0,0,0,0,0,2,1,1,1,1,57,9,12902,2,2,DAF TRUCKS MODEL MISSING,5,E01014225,0,-1
2023122301130,2023,122301130,1,20,0,1,1,7,3,0,0,0,0,0,0,0,2,1,1,1,1,50,8,4500,2,9,DAF TRUCKS MODEL MISSING,4,E01011858,0,-1
2023451277333,2023,451277333,2,98,0,2,2,0,0,0,0,8,0,0,0,0,2,1,6,6,3,-1,-1,4500,2,7,DAF TRUCKS MODEL MISSING,-1,-1,0,-1
2023351383276,2023,351383276,2,21,1,18,19,3,7,0,0,0,0,0,0,0,1,1,1,1,1,37,7,10837,2,4,DAF TRUCKS MODEL MISSING,2,E01029984,0,-1
2023010445131,2023,010445131,1,20,1,18,19,7,3,0,0,2,0,0,0,0,0,1,1,1,1,45,7,-1,-1,-1,DAF TRUCKS MODEL MISSING,3,E01000195,0,-1
2023351274392,2023,351274392,1,21,1,18,19,3,7,0,0,0,0,0,0,0,4,1,1,1,1,27,6,10837,2,3,DAF TRUCKS MODEL MISSING,2,E01015954,0,-1
2023351388565,2023,351388565,1,21,0,4,4,3,7,0,0,0,1,0,1,9,1,1,1,1,1,69,10,10837,2,6,DAF TRUCKS MODEL MISSING,8,E01018217,0,-1
2023010461998,2023,010461998,2,90,0,4,4,1,5,0,0,0,0,0,0,0,4,1,1,1,1,64,9,6700,2,5,DAF TRUCKS MODEL MISSING,1,E01003065,0,-1
2023141388763,2023,141388763,1,21,0,4,4,1,5,0,0,0,0,0,0,0,2,1,6,6,1,41,7,12902,2,3,DAF TRUCKS MODEL MISSING,7,E01026275,0,-1
2023010448714,2023,010448714,1,21,0,18,19,1,5,0,0,8,0,0,0,0,4,1,1,1,1,46,8,4500,2,4,DAF TRUCKS MODEL MISSING,6,E01004637,0,-1
2023071254952,2023,071254952,1,21,1,11,11,1,5,0,0,0,0,0,0,0,4,1,1,1,1,51,8,12902,2,2,DAF TRUCKS MODEL MISSING,6,E01010469,0,-1
2023371337717,2023,371337717,2,21,1,18,19,5,1,0,0,2,3,0,7,0,1,1,1,1,1,39,7,12902,2,2,DAF TRUCKS MODEL MISSING,5,E01004997,0,-1
2023531285572,2023,531285572,1,21,0,5,5,2,6,0,0,1,0,0,0,0,1,1,1,1,1,34,6,-1,-1,-1,DAF TRUCKS MODEL MISSING,3,E01014010,0,-1
2023430223167,2023,430223167,1,21,1,18,19,1,5,0,0,0,0,0,0,0,3,1,1,1,1,35,6,12900,2,15,DAF TRUCKS MODEL MISSING,-1,-1,0,-1
2023010443962,2023,010443962,1,21,0,5,5,0,3,0,0,1,0,0,0,0,1,1,1,1,1,62,9,10837,2,1,DAF TRUCKS MODEL MISSING,5,E01033087,0,-1
2023430269998,2023,430269998,2,19,0,16,19,1,4,0,0,0,0,0,0,0,3,1,1,1,1,45,7,6693,2,10,DAF TRUCKS MODEL MISSING,-1,-1,0,-1
2023371357780,2023,371357780,1,21,0,9,9,1,5,0,0,5,0,0,0,0,1,1,1,1,1,63,9,4462,2,10,DAF TRUCKS MODEL MISSING,4,E01026468,0,-1
202360A044929,2023,60A044929,1,21,0,1,1,8,2,0,0,1,0,0,0,0,2,1,1,1,1,39,7,6700,2,3,DAF TRUCKS MODEL MISSING,-1,-1,0,-1
2023991384246,2023,991384246,1,20,0,18,19,7,2,0,0,8,0,0,0,0,1,1,1,1,1,57,9,4500,2,6,DAF TRUCKS MODEL MISSING,7,-1,0,-1
2023101368524,2023,101368524,1,21,1,18,19,1,5,0,0,0,0,0,0,0,1,1,1,1,1,55,8,10837,2,4,DAF TRUCKS MODEL MISSING,-1,-1,0,-1
2023201379080,2023,201379080,1,21,0,18,19,6,4,0,0,8,0,0,0,0,1,1,6,6,1,-1,-1,6692,2,11,DAF TRUCKS MODEL MISSING,-1,-1,0,-1
2023201318574,2023,201318574,2,21,1,18,19,4,8,0,0,0,0,0,0,0,2,1,1,1,1,40,7,12902,2,4,DAF TRUCKS MODEL MISSING,4,E01015011,0,-1
2023010459249,2023,010459249,1,21,0,15,15,5,1,0,0,2,0,0,0,0,3,1,1,1,1,55,8,10837,2,7,DAF TRUCKS MODEL MISSING,3,E01000305,0,-1
2023440224237,2023,440224237,2,21,1,16,19,8,3,0,0,0,0,0,0,0,1,1,1,1,1,38,7,10837,2,4,DAF TRUCKS MODEL MISSING,1,E01027242,0,-1
2023451260416,2023,451260416,2,20,1,11,11,1,1,0,0,0,0,0,0,0,1,1,6,6,1,57,9,-1,-1,-1,DAF TRUCKS MODEL MISSING,6,E01016482,0,-1
2023010483568,2023,010483568,2,21,0,18,19,5,1,0,0,1,0,0,0,0,1,1,1,1,1,28,6,10837,2,0,DAF TRUCKS MODEL MISSING,10,E01017861,0,-1
2023451381023,2023,451381023,2,21,0,18,19,5,1,0,0,1,0,0,0,0,0,1,1,1,1,55,8,12902,2,0,DAF TRUCKS MODEL MISSING,2,E01028304,0,-1
2023991280990,2023,991280990,1,21,0,5,5,1,5,0,0,6,0,0,0,0,1,1,1,1,1,60,9,12900,2,9,DAF TRUCKS MODEL MISSING,10,-1,0,-1
2023070387830,2023,070387830,2,21,1,18,19,7,3,0,0,0,0,0,0,0,3,1,1,1,1,62,9,12902,2,4,DAF TRUCKS MODEL MISSING,-1,-1,0,-1
2023351318866,2023,351318866,2,21,1,18,19,1,5,0,0,0,0,0,0,0,3,1,1,1,1,47,8,12902,2,0,DAF TRUCKS MODEL MISSING,1,E01006360,0,-1
2023010443598,2023,010443598,1,21,1,18,19,7,3,0,0,2,0,0,0,0,0,1,1,1,1,37,7,12902,2,7,DAF TRUCKS MODEL MISSING,3,E01024149,0,-1
2023170L20933,2023,170L20933,1,21,1,18,19,2,7,0,0,8,0,0,0,0,1,1,1,1,1,60,9,12902,2,2,DAF TRUCKS MODEL MISSING,7,E01027761,0,-1
2023231313186,2023,231313186,2,21,1,18,19,8,4,0,0,0,0,0,0,0,2,1,1,1,1,44,7,10837,2,8,DAF TRUCKS MODEL MISSING,6,E01016832,0,-1
2023440197555,2023,440197555,2,20,0,18,19,6,2,0,0,0,0,0,0,0,4,1,1,1,1,38,7,-1,-1,-1,DAF TRUCKS MODEL MISSING,6,E01031452,0,-1
2023340NN4162,2023,340NN4162,3,20,0,18,19,3,7,0,0,8,0,0,0,0,1,1,1,1,1,48,8,9200,2,11,DAF TRUCKS MODEL MISSING,8,E01032972,0,-1
2023991342266,2023,991342266,2,21,0,18,19,8,4,0,0,0,0,0,7,0,1,1,1,1,1,52,8,6700,2,5,DAF TRUCKS MODEL MISSING,9,-1,0,-1
2023201277787,2023,201277787,1,21,0,4,4,8,4,0,0,0,0,0,0,0,3,1,6,6,1,-1,-1,10837,2,7,DAF TRUCKS MODEL MISSING,5,E01031028,0,-1
2023311344938,2023,311344938,1,21,1,2,2,5,1,0,0,0,0,0,0,0,0,1,1,1,1,61,9,12902,2,4,DAF TRUCKS MODEL MISSING,-1,-1,0,-1
2023991311816,2023,991311816,2,21,0,18,19,6,3,0,0,2,0,0,0,0,1,1,1,1,1,49,8,6700,2,3,DAF TRUCKS MODEL MISSING,2,-1,0,-1
2023010476606,2023,010476606,1,21,0,18,19,7,3,0,0,0,0,0,0,0,1,1,1,1,1,56,9,10837,2,8,DAF TRUCKS MODEL MISSING,2,E01001042,0,-1
2023401318871,2023,401318871,2,21,1,4,4,4,8,0,0,1,0,0,0,0,0,1,6,6,1,30,6,12900,2,12,DAF TRUCKS MODEL MISSING,3,E01023650,0,-1
2023991347352,2023,991347352,2,21,0,4,4,3,7,0,0,0,0,0,0,0,1,1,1,1,1,55,8,4500,2,2,DAF TRUCKS MODEL MISSING,1,E01019808,0,-1
2023010460857,2023,010460857,2,90,0,11,11,7,3,0,0,0,0,0,0,0,4,1,6,6,3,-1,-1,-1,-1,-1,DAF TRUCKS MODEL MISSING,-1,-1,0,-1
2023421262639,2023,421262639,2,21,0,18,19,1,5,0,0,0,0,0,0,0,2,1,1,1,1,56,9,6700,2,7,DAF TRUCKS MODEL MISSING,6,E01031889,0,-1
2023231328059,2023,231328059,1,21,1,9,9,5,3,0,0,8,5,0,1,2,4,1,1,1,1,23,5,12900,2,12,DAF TRUCKS MODEL MISSING,1,E01007544,0,-1
2023361340243,2023,361340243,2,21,0,18,19,7,4,0,0,1,0,0,7,0,1,1,1,1,1,26,6,6692,2,12,DAF TRUCKS MODEL MISSING,3,E01018093,0,-1
2023201337476,2023,201337476,1,19,0,5,5,4,8,0,0,0,0,0,0,0,1,1,1,1,1,48,8,6700,2,0,DAF TRUCKS MODEL MISSING,1,E01009965,0,-1
2023161282769,2023,161282769,1,21,1,18,19,6,2,0,0,1,0,0,0,0,1,1,1,1,1,50,8,12902,2,3,DAF TRUCKS MODEL MISSING,6,E01013334,0,-1
2023070670977,2023,070670977,1,21,1,18,19,3,1,0,0,4,0,0,0,0,1,1,1,1,1,63,9,12902,2,4,DAF TRUCKS MODEL MISSING,5,E01004997,0,-1
2023451291740,2023,451291740,2,21,1,5,5,1,3,0,0,0,0,0,0,0,1,1,2,2,1,40,7,10837,2,1,DAF TRUCKS MODEL MISSING,6,E01030667,0,-1
2023440113149,2023,440113149,1,21,1,18,19,7,3,0,0,0,0,0,1,11,1,1,1,1,2,52,8,12902,2,9,DAF TRUCKS MODEL MISSING,7,E01027816,0,-1
2023371306308,2023,371306308,2,21,0,4,4,4,3,0,0,0,0,0,0,0,1,1,1,1,1,40,7,4462,2,11,DAF TRUCKS MODEL MISSING,6,E01029925,0,-1
2023411380395,2023,411380395,1,21,0,18,19,1,5,0,0,0,0,0,0,0,1,1,1,1,1,65,9,6700,2,6,DAF TRUCKS MODEL MISSING,5,E01023687,0,-1
2023361364481,2023,361364481,2,21,0,18,19,5,1,0,0,0,0,0,0,0,1,1,1,1,1,52,8,6700,2,4,DAF TRUCKS MODEL MISSING,-1,-1,0,-1
2023461370416,2023,461370416,2,98,0,4,4,4,8,0,0,0,0,0,0,0,1,1,5,6,2,55,8,4462,2,10,DAF TRUCKS MODEL MISSING,7,E01024746,0,-1
2023101357763,2023,101357763,3,21,0,18,19,5,1,0,0,1,0,0,0,0,1,1,1,1,1,51,8,12902,2,0,DAF TRUCKS MODEL MISSING,5,E01027374,0,-1
2023141287101,2023,141287101,1,21,0,7,7,6,1,0,0,6,0,0,0,0,3,2,1,1,1,57,9,-1,-1,-1,DAF TRUCKS MODEL MISSING,4,E01007415,0,-1
2023461364923,2023,461364923,1,21,0,18,19,1,5,0,0,0,0,0,0,0,1,1,6,6,1,-1,-1,6700,2,3,DAF TRUCKS MODEL MISSING,3,E01024047,0,-1
2023622300815,2023,622300815,2,20,0,18,19,2,6,0,0,0,0,0,0,0,1,1,1,1,1,44,7,6692,2,15,DAF TRUCKS MODEL MISSING,1,W01001643,0,-1
2023231348410,2023,231348410,2,20,0,12,12,5,1,0,0,0,0,0,0,0,0,1,1,1,1,61,9,4500,2,5,DAF TRUCKS MODEL MISSING,9,E01029848,0,-1
2023320201349,2023,320201349,1,21,0,4,4,2,6,0,0,0,0,0,0,0,2,1,6,6,1,32,6,10837,2,7,DAF TRUCKS MODEL MISSING,2,E01026101,0,-1
2023302300322,2023,302300322,3,21,1,12,12,3,7,0,0,0,0,0,0,0,4,1,1,1,1,47,8,6700,2,2,DAF TRUCKS MODEL MISSING,2,E01008056,0,-1
2023501386839,2023,501386839,1,21,0,17,19,4,8,0,0,1,0,0,0,0,4,1,5,6,1,22,5,6700,2,8,DAF TRUCKS MODEL MISSING,2,W01001325,0,-1
2023010467013,2023,010467013,1,21,0,1,1,1,5,0,0,1,0,0,0,0,2,1,1,1,1,56,9,6690,2,0,DAF TRUCKS MODEL MISSING,4,E01026377,0,-1
2023440261817,2023,440261817,2,21,0,18,19,4,8,0,0,0,0,0,1,0,1,1,1,1,1,55,8,12902,2,4,DAF TRUCKS MODEL MISSING,2,E01019523,0,-1
2023010485536,2023,010485536,1,21,9,17,19,5,1,0,0,1,9,11,0,0,1,1,1,1,1,33,6,-1,-1,-1,DAF TRUCKS MODEL MISSING,4,E01004765,0,-1
2023031343221,2023,031343221,2,21,1,2,2,1,5,0,0,0,0,0,0,0,2,1,1,1,1,53,8,12902,2,1,DAF TRUCKS MODEL MISSING,-1,-1,0,-1
2023471378392,2023,471378392,1,90,0,7,7,6,8,0,0,0,0,0,0,0,1,2,1,1,1,46,8,4500,2,4,DAF TRUCKS MODEL MISSING,4,E01021127,0,-1
2023471352540,2023,471352540,1,20,0,13,13,2,6,0,0,1,0,0,0,0,4,1,1,1,1,39,7,4500,2,1,DAF TRUCKS MODEL MISSING,5,E01031401,0,-1
2023010429435,2023,010429435,2,19,0,5,5,5,1,0,0,1,0,0,0,0,4,1,1,1,1,40,7,10837,2,7,DAF TRUCKS MODEL MISSING,3,E01028452,0,-1
2023440187590,2023,440187590,2,21,0,18,19,6,2,0,0,0,0,0,0,0,1,1,1,1,1,42,7,4500,2,1,DAF TRUCKS MODEL MISSING,8,E01023195,0,-1
2023340WN6422,2023,340WN6422,2,21,0,11,11,6,2,0,0,3,0,0,0,0,4,1,1,1,1,38,7,10837,2,6,DAF TRUCKS MODEL MISSING,7,E01031405,0,-1
2023411372019,2023,411372019,2,19,1,5,5,3,5,0,0,4,0,0,0,0,3,1,1,1,1,36,7,6700,2,3,DAF TRUCKS MODEL MISSING,4,E01001671,0,-1
2023371343292,2023,371343292,2,98,4,18,19,4,8,0,0,1,5,0,0,0,1,1,1,1,1,48,8,4462,2,10,DAF TRUCKS MODEL MISSING,5,E01029946,0,-1
2023010470579,2023,010470579,2,21,0,2,2,0,0,0,0,0,0,0,0,0,0,1,6,6,3,-1,-1,6700,2,8,DAF TRUCKS MODEL MISSING,-1,-1,0,-1
2023421288108,2023,421288108,1,21,0,12,12,5,1,0,0,0,0,0,0,0,3,1,1,1,1,23,5,10837,2,1,DAF TRUCKS MODEL MISSING,3,E01021339,0,-1
2023201400129,2023,201400129,1,21,0,18,19,6,4,0,0,0,0,0,0,0,1,1,1,1,1,21,5,12902,2,2,DAF TRUCKS MODEL MISSING,6,E01009737,0,-1
2023071257081,2023,071257081,1,9,0,18,19,4,8,0,0,0,0,0,0,0,1,1,6,6,1,45,7,1968,2,13,-1,3,E01012510,0,-1
2023010456096,2023,010456096,2,9,0,99,99,9,9,99,99,9,9,99,9,99,1,9,6,6,3,-1,-1,1968,2,13,-1,-1,-1,0,-1
2023411281369,2023,411281369,1,9,0,9,9,8,4,0,0,5,0,0,0,0,3,1,5,6,1,42,7,1968,2,13,-1,9,E01023634,0,-1
2023991355807,2023,991355807,1,9,0,17,19,6,2,0,0,0,0,0,0,0,1,2,5,6,1,51,8,5474,1,22,-1,-1,-1,0,-1
2023440346457,2023,440346457,1,9,0,18,19,8,4,0,0,2,1,10,2,2,4,1,6,6,1,53,8,6262,1,10,-1,8,E01023245,0,-1
2023010424255,2023,010424255,1,9,0,18,19,3,7,9,9,0,0,0,1,11,1,2,6,6,1,41,7,3496,1,25,-1,9,E01021789,0,-1
2023471302147,2023,471302147,1,9,0,16,19,3,6,0,0,0,1,0,7,8,2,1,5,6,1,17,4,1296,1,38,FORD ESCORT,4,E01021207,0,-1
2023522300529,2023,522300529,2,9,0,18,19,3,7,0,0,0,0,0,0,0,3,1,6,6,1,-1,-1,1597,1,35,FORD ESCORT,1,E01014463,0,-1
2023201343888,2023,201343888,3,9,0,2,2,0,0,0,0,1,0,0,0,0,3,1,6,6,3,-1,-1,1597,1,28,FORD ESCORT,-1,-1,0,-1
2023231283719,2023,231283719,1,9,0,9,9,6,4,0,0,6,0,0,0,0,1,1,5,6,1,66,10,1597,1,25,FORD ESCORT,6,E01025867,0,-1
2023461388457,2023,461388457,1,9,0,18,19,2,4,0,0,4,0,0,0,0,1,1,6,6,1,37,7,1392,1,33,FORD ESCORT,3,E01024600,0,-1
2023440410297,2023,440410297,3,9,0,2,2,0,0,0,0,0,0,0,0,0,1,1,6,6,2,41,7,1597,1,38,FORD ESCORT,-1,-1,0,-1
2023430222395,2023,430222395,3,9,0,4,4,4,8,0,0,0,0,0,0,0,2,1,6,6,1,-1,-1,1997,1,51,FORD ESCORT,-1,-1,0,-1
2023141353439,2023,141353439,1,9,0,3,3,5,1,0,0,0,0,0,0,0,2,1,5,6,1,26,6,1597,1,24,FORD ESCORT,3,E01008004,0,-1
2023531304473,2023,531304473,2,9,0,18,19,5,1,0,0,8,0,0,0,0,1,1,2,2,1,37,7,1597,1,24,FORD ESCORT,9,E01022342,0,-1
2023430342921,2023,430342921,2,9,0,13,13,4,8,0,0,0,0,0,0,0,1,1,6,6,1,75,10,1597,1,23,FORD ESCORT,-1,-1,0,-1
2023010421583,2023,010421583,3,9,0,2,2,0,0,0,0,0,0,4,0,0,4,1,6,6,3,-1,-1,1597,1,27,FORD ESCORT,-1,-1,0,-1
2023552300638,2023,552300638,1,19,0,18,19,2,6,0,0,0,0,0,8,2,1,1,6,6,1,32,6,1753,2,22,-1,3,E01020572,0,-1
2023531274532,2023,531274532,1,9,0,18,19,6,2,0,0,0,1,0,0,0,1,1,5,6,1,87,11,1796,1,25,FORD ESCORT,-1,-1,0,-1
2023211331168,2023,211331168,1,9,0,9,9,4,2,0,0,1,0,0,0,0,4,1,6,6,1,44,7,1994,1,30,FORD ESCORT,5,E01014304,0,-1
2023421393587,2023,421393587,1,9,0,18,19,7,2,0,0,0,1,0,7,0,2,1,5,6,1,27,6,1297,1,33,FORD ESCORT,9,E01021727,0,-1
2023461336204,2023,461336204,1,9,0,18,19,1,5,0,0,0,1,0,0,0,4,1,6,6,1,19,4,1597,1,23,FORD ESCORT,6,E01024749,0,-1