collision_index,collision_year,collision_ref_no,vehicle_reference,vehicle_type,towing_and_articulation,vehicle_manoeuvre_historic,vehicle_manoeuvre,vehicle_direction_from,vehicle_direction_to,vehicle_location_restricted_lane_historic,vehicle_location_restricted_lane,junction_location,skidding_and_overturning,hit_object_in_carriageway,vehicle_leaving_carriageway,hit_object_off_carriageway,first_point_of_impact,vehicle_left_hand_drive,journey_purpose_of_driver_historic,journey_purpose_of_driver,sex_of_driver,age_of_driver,age_band_of_driver,engine_capacity_cc,propulsion_code,age_of_vehicle,generic_make_model,driver_imd_decile,lsoa_of_driver,escooter_flag,driver_distance_banding
2023170S12173,2023,170S12173,2,9,0,18,19,1,5,0,0,0,0,0,0,0,0,1,6,6,1,-1,-1,1597,1,29,FORD ESCORT,9,E01012230,0,-1
2023351351240,2023,351351240,2,9,0,2,2,0,0,0,0,2,0,0,0,0,2,1,6,6,1,64,9,-1,-1,-1,FORD ESCORT,3,E01018073,0,-1
2023622300374,2023,622300374,1,9,0,18,19,4,8,0,0,0,1,0,1,4,1,1,6,6,1,38,7,1392,1,33,FORD ESCORT,1,W01001428,0,-1
2023041277064,2023,041277064,2,9,0,9,9,5,3,0,0,3,0,0,0,0,4,1,5,6,1,86,11,1392,1,31,FORD ESCORT,9,E01025484,0,-1
202360A140462,2023,60A140462,1,9,0,18,19,5,1,0,0,0,0,0,0,0,1,1,6,6,1,78,11,-1,-1,-1,FORD ESCORT,-1,-1,0,-1
2023302301569,2023,302301569,2,9,0,18,19,6,2,0,0,1,0,0,0,0,3,1,6,6,1,66,10,1300,1,-1,FORD ESCORT,6,E01029482,0,-1
2023548736923,2023,548736923,1,4,0,13,13,5,1,0,0,0,0,0,0,0,3,1,6,6,1,70,10,1690,1,6,-1,10,E01004106,0,-1
2023471346813,2023,471346813,2,5,0,18,19,6,2,0,0,8,0,0,0,0,4,1,6,6,1,-1,-1,1690,1,12,-1,10,E01021078,0,-1
2023421324963,2023,421324963,1,5,0,4,4,5,8,0,0,0,2,0,1,0,1,1,6,6,1,74,10,1340,1,25,-1,7,E01021476,0,-1
2023531307188,2023,531307188,1,5,0,18,19,5,1,0,0,0,2,4,0,0,1,1,6,6,1,53,8,1584,1,16,-1,8,E01028641,0,-1
2023340WN4182,2023,340WN4182,2,5,0,18,19,6,2,0,0,1,5,0,0,0,0,1,6,6,1,44,7,1584,1,16,-1,7,E01026989,0,-1
2023320347597,2023,320347597,1,4,0,11,11,2,6,0,0,5,0,0,0,0,1,1,6,6,1,48,8,1247,1,13,-1,3,E01026017,0,-1
2023361304293,2023,361304293,1,5,0,18,19,4,7,0,0,0,0,12,0,0,1,1,5,6,1,62,9,883,1,26,-1,9,E01026548,0,-1
2023131325577,2023,131325577,2,5,0,18,19,5,1,0,0,1,0,0,0,0,4,1,2,2,1,29,6,883,1,25,-1,2,E01032492,0,-1
2023471294347,2023,471294347,2,5,0,18,19,8,4,0,0,0,0,0,0,0,1,1,5,6,1,64,9,883,1,20,-1,6,E01021021,0,-1
2023010440772,2023,010440772,1,5,0,99,99,9,9,99,99,9,9,99,9,99,9,1,6,6,1,27,6,1200,1,20,-1,10,E01004477,0,-1
2023461288935,2023,461288935,2,5,0,7,7,3,7,0,0,1,0,0,0,0,2,1,1,1,1,35,6,1084,1,1,-1,7,E01000675,0,-1
2023302301536,2023,302301536,1,5,0,7,7,8,2,0,0,8,0,0,0,0,4,1,6,6,2,46,8,1084,1,2,-1,9,E01018120,0,-1
2023631321843,2023,631321843,2,5,0,18,19,6,2,0,0,0,0,0,1,10,1,1,5,6,1,57,9,1084,1,2,-1,1,E01008972,0,-1
2023010439306,2023,010439306,2,5,0,18,19,3,7,0,0,0,0,0,0,0,1,1,6,6,1,48,8,1084,1,3,-1,10,E01030437,0,-1
2023440212512,2023,440212512,2,5,0,9,9,8,6,0,0,4,0,0,0,0,4,1,6,6,1,51,8,1084,1,3,-1,9,E01022717,0,-1
2023010443687,2023,010443687,1,4,0,18,19,1,5,0,0,2,0,0,1,0,2,1,6,6,1,38,7,1084,1,2,-1,-1,-1,0,-1
2023122300621,2023,122300621,1,4,0,4,4,3,7,0,0,4,0,0,0,0,1,1,2,2,1,55,8,1084,1,1,-1,1,E01012082,0,-1
2023122300579,2023,122300579,1,5,0,16,19,1,5,0,0,1,1,0,0,0,4,1,6,6,1,65,9,1084,1,3,-1,3,E01008718,0,-1
2023461348472,2023,461348472,2,4,0,17,19,6,2,0,0,3,0,0,0,0,4,1,6,6,2,25,5,1084,1,2,-1,8,E01024362,0,-1
2023371312575,2023,371312575,2,17,0,14,14,5,1,0,0,0,0,0,0,0,0,1,1,1,1,52,8,4525,2,12,JOHN DEERE MODEL MISSING,4,E01030208,0,-1
2023631385753,2023,631385753,2,17,0,18,19,1,5,0,0,0,0,0,0,0,0,1,5,6,1,20,4,-1,2,26,JOHN DEERE MODEL MISSING,3,W01000499,0,-1
2023122301023,2023,122301023,1,17,4,4,4,5,1,0,0,8,0,0,1,0,3,1,1,1,1,17,4,-1,2,24,JOHN DEERE MODEL MISSING,6,E01010883,0,-1
2023471288084,2023,471288084,2,17,0,18,19,1,5,0,0,1,0,0,0,0,2,1,1,1,1,61,9,-1,2,22,JOHN DEERE MODEL MISSING,4,E01030816,0,-1
2023610029823,2023,610029823,2,17,0,18,19,2,6,0,0,0,0,0,0,0,2,2,6,6,1,40,7,-1,2,27,JOHN DEERE MODEL MISSING,9,W01001560,0,-1
2023320074920,2023,320074920,2,17,0,18,19,1,5,0,0,1,0,0,0,0,3,1,1,1,1,56,9,-1,2,16,JOHN DEERE MODEL MISSING,-1,-1,0,-1
202363D001023,2023,63D001023,2,17,4,18,19,6,2,0,0,0,0,0,0,0,0,1,1,1,1,65,9,-1,2,20,JOHN DEERE MODEL MISSING,8,W01000439,0,-1
2023520401034,2023,520401034,2,17,4,18,19,6,2,0,0,8,0,0,0,0,3,1,6,6,1,34,6,-1,2,12,JOHN DEERE MODEL MISSING,7,E01029199,0,-1
2023101350106,2023,101350106,3,17,4,18,19,7,3,0,0,2,0,0,0,0,2,1,1,1,1,48,8,-1,2,20,JOHN DEERE MODEL MISSING,9,E01008443,0,-1
2023501289749,2023,501289749,2,17,4,4,4,7,3,0,0,0,0,0,0,0,3,1,1,1,1,57,9,-1,2,11,JOHN DEERE MODEL MISSING,5,E01020331,0,-1
2023501347362,2023,501347362,1,17,4,4,4,2,6,0,0,0,0,0,0,0,3,1,1,1,1,17,4,-1,2,21,JOHN DEERE MODEL MISSING,5,E01018853,0,-1
2023131284028,2023,131284028,2,17,0,18,19,3,7,0,0,0,0,0,0,0,2,1,1,1,1,30,6,6788,2,13,JOHN DEERE MODEL MISSING,5,E01010854,0,-1
2023991318746,2023,991318746,2,17,4,9,9,1,7,0,0,1,0,0,1,0,3,1,1,1,1,64,9,-1,2,23,JOHN DEERE MODEL MISSING,6,-1,0,-1
2023501378746,2023,501378746,3,19,0,18,19,3,7,0,0,0,0,0,0,0,1,1,6,6,1,45,7,-1,-1,-1,-1,7,E01018818,0,-1
2023221262104,2023,221262104,2,17,0,5,5,1,4,0,0,4,0,0,0,0,3,1,1,1,1,18,4,6788,2,10,JOHN DEERE MODEL MISSING,6,E01022233,0,-1
2023320701207,2023,320701207,2,17,0,18,19,8,4,0,0,0,0,0,0,0,2,1,1,1,1,47,8,-1,2,23,JOHN DEERE MODEL MISSING,-1,-1,0,-1
2023552301051,2023,552301051,1,90,0,18,19,4,8,0,0,0,0,0,0,0,1,1,6,6,1,26,6,-1,-1,-1,-1,8,E01020588,0,-1
2023351370255,2023,351370255,2,17,0,18,19,7,3,0,0,0,0,0,0,0,2,1,1,1,1,31,6,-1,2,19,JOHN DEERE MODEL MISSING,5,E01018157,0,-1
2023501298127,2023,501298127,3,17,4,4,4,5,1,0,0,1,0,0,0,0,3,1,1,1,1,26,6,-1,2,21,JOHN DEERE MODEL MISSING,7,E01020074,0,-1
2023122300356,2023,122300356,1,17,4,9,9,7,5,0,0,5,0,0,0,0,1,1,1,1,1,27,6,-1,2,10,JOHN DEERE MODEL MISSING,4,E01012981,0,-1
2023101383342,2023,101383342,1,17,0,18,19,3,7,0,0,0,0,0,0,0,1,1,1,1,1,41,7,-1,2,18,JOHN DEERE MODEL MISSING,4,E01020677,0,-1
2023440332684,2023,440332684,2,17,4,9,9,4,2,0,0,1,0,0,0,0,3,1,1,1,1,73,10,-1,2,17,JOHN DEERE MODEL MISSING,-1,-1,0,-1
2023122300430,2023,122300430,1,17,0,9,9,6,3,5,5,5,0,0,0,0,0,1,1,1,1,44,7,4460,2,1,-1,6,E01027701,0,-1
2023461291211,2023,461291211,1,19,0,18,19,3,7,0,0,0,0,0,0,0,1,1,1,1,1,61,9,2298,2,4,-1,5,E01024364,0,-1
2023991373791,2023,991373791,2,3,0,18,19,2,7,0,0,2,0,0,0,0,1,1,5,6,1,26,6,125,1,1,-1,4,-1,0,-1
2023010419511,2023,010419511,1,9,0,9,9,3,1,0,0,8,0,0,0,0,1,1,6,6,1,48,8,3200,2,6,MITSUBISHI SHOGUN,5,E01000571,0,-1
2023451272436,2023,451272436,2,9,0,2,2,0,0,0,0,0,0,0,0,0,3,1,6,6,3,-1,-1,3200,2,18,MITSUBISHI SHOGUN,-1,-1,0,-1
2023622300866,2023,622300866,1,9,0,9,9,2,8,0,0,8,0,0,0,0,1,1,1,1,1,69,10,3200,2,16,MITSUBISHI SHOGUN,5,W01000820,0,-1
2023549799123,2023,549799123,1,9,0,9,9,5,7,0,0,1,0,0,0,0,3,1,6,6,1,73,10,3200,2,19,MITSUBISHI SHOGUN,9,E01032055,0,-1
2023371361606,2023,371361606,1,9,0,18,19,4,3,0,0,0,0,4,0,0,1,1,5,6,1,68,10,3200,2,19,MITSUBISHI SHOGUN,10,E01030078,0,-1
2023131280479,2023,131280479,2,9,0,-1,-1,-1,-1,0,0,0,-1,-1,-1,0,1,1,6,6,3,-1,-1,2972,1,26,MITSUBISHI SHOGUN,-1,-1,0,-1
2023061273745,2023,061273745,1,9,0,18,19,5,1,0,0,0,0,0,0,0,2,1,6,6,3,30,6,3200,2,12,MITSUBISHI SHOGUN,-1,-1,0,-1
2023501268431,2023,501268431,3,9,0,18,19,7,3,0,0,1,0,0,0,0,1,1,5,6,1,61,9,3200,2,15,MITSUBISHI SHOGUN,5,E01018851,0,-1
2023471321380,2023,471321380,1,9,0,16,19,7,3,0,0,0,5,0,1,4,4,1,5,6,1,24,5,2477,2,17,MITSUBISHI SHOGUN,8,E01030927,0,-1
2023010428084,2023,010428084,6,9,0,18,19,8,4,0,0,0,0,0,0,0,0,1,6,6,1,70,10,2442,2,2,MITSUBISHI SHOGUN,5,E01015989,0,-1
2023201281365,2023,201281365,1,9,0,7,7,2,5,0,0,6,0,0,0,0,4,1,6,6,1,-1,-1,2477,2,16,MITSUBISHI SHOGUN,-1,-1,0,-1
2023501349600,2023,501349600,2,9,0,2,2,0,0,0,0,0,0,0,0,0,3,1,6,6,3,-1,-1,3200,2,16,MITSUBISHI SHOGUN,-1,-1,0,-1
2023101329527,2023,101329527,2,9,0,18,19,1,5,0,0,0,0,0,0,0,1,1,1,1,1,49,8,3200,2,9,MITSUBISHI SHOGUN,5,E01027453,0,-1
2023041316927,2023,041316927,3,9,0,2,2,0,0,0,0,0,0,0,0,0,3,1,6,6,3,-1,-1,2477,2,18,MITSUBISHI SHOGUN,-1,-1,0,-1
2023471376191,2023,471376191,1,9,0,18,19,8,4,9,9,1,0,0,0,0,1,1,6,6,3,-1,-1,3200,2,17,MITSUBISHI SHOGUN,-1,-1,0,-1
2023061332672,2023,061332672,2,9,0,5,5,7,3,0,0,0,0,0,0,0,1,1,6,6,2,35,6,3200,2,16,MITSUBISHI SHOGUN,1,E01005004,0,-1
2023231325118,2023,231325118,1,9,0,18,19,2,6,0,0,0,0,0,0,0,1,1,6,6,1,47,8,3200,2,8,MITSUBISHI SHOGUN,10,E01031100,0,-1
2023041350294,2023,041350294,2,9,0,10,10,8,7,0,0,6,0,0,0,0,2,1,6,6,1,65,9,3500,1,20,MITSUBISHI SHOGUN,7,E01012717,0,-1
2023131350685,2023,131350685,1,9,0,4,4,1,1,0,0,0,0,0,0,0,1,2,6,6,3,-1,-1,2477,2,17,MITSUBISHI SHOGUN,-1,-1,0,-1
2023471315956,2023,471315956,1,9,4,2,2,0,0,0,0,0,0,0,0,0,2,1,6,6,3,-1,-1,2477,2,19,MITSUBISHI SHOGUN,-1,-1,0,-1
2023131280963,2023,131280963,1,9,0,-1,-1,-1,-1,-1,-1,-1,-1,-1,-1,-1,-1,1,6,6,3,-1,-1,3200,2,17,MITSUBISHI SHOGUN,-1,-1,0,-1
2023201420312,2023,201420312,2,9,0,18,19,1,5,0,0,8,0,0,0,0,2,1,6,6,1,-1,-1,3200,2,17,MITSUBISHI SHOGUN,-1,-1,0,-1
2023531340088,2023,531340088,2,9,0,18,19,5,1,0,0,1,0,0,0,0,1,1,2,2,1,40,7,3200,2,14,MITSUBISHI SHOGUN,8,E01022184,0,-1
2023501291079,2023,501291079,2,9,4,18,19,1,5,0,0,8,0,0,1,0,3,1,1,1,1,43,7,3200,2,9,MITSUBISHI SHOGUN,7,E01019960,0,-1
2023131363968,2023,131363968,2,9,0,18,19,1,5,0,0,8,0,0,0,0,3,1,5,6,2,48,8,3200,2,11,MITSUBISHI SHOGUN,8,E01018721,0,-1
2023471332343,2023,471332343,1,9,0,18,19,6,2,0,0,2,5,11,0,0,3,1,2,2,2,40,7,3200,2,19,MITSUBISHI SHOGUN,5,E01031614,0,-1
2023041322283,2023,041322283,1,9,0,13,13,5,1,0,0,1,0,0,0,0,4,1,1,1,1,58,9,2477,2,18,MITSUBISHI SHOGUN,6,E01025514,0,-1
2023141287218,2023,141287218,1,9,0,18,19,7,3,0,0,0,0,0,0,0,1,1,5,6,1,29,6,2835,2,28,MITSUBISHI SHOGUN,6,E01021733,0,-1
2023430300743,2023,430300743,1,9,0,18,19,2,6,0,0,0,0,0,0,0,1,1,6,6,1,-1,-1,2442,2,2,MITSUBISHI SHOGUN,2,E01016438,0,-1
2023131379910,2023,131379910,2,9,0,9,9,3,1,0,0,0,0,0,0,0,1,1,5,6,2,64,9,3200,2,12,MITSUBISHI SHOGUN,6,E01027560,0,-1
2023010428869,2023,010428869,1,9,0,18,19,5,1,0,0,8,0,0,0,0,1,1,6,6,1,37,7,3200,2,19,MITSUBISHI SHOGUN,2,E01002809,0,-1
2023311263131,2023,311263131,1,9,0,18,19,2,6,0,0,0,0,0,0,0,1,1,6,6,2,47,8,2442,2,4,MITSUBISHI SHOGUN,1,E01027939,0,-1
2023061382643,2023,061382643,2,9,0,3,3,1,5,0,0,3,0,0,0,0,0,1,1,1,1,46,8,2442,2,4,MITSUBISHI SHOGUN,-1,-1,0,-1
2023141306502,2023,141306502,1,9,0,18,19,8,4,0,0,1,0,0,0,0,4,1,5,6,1,68,10,3200,2,10,MITSUBISHI SHOGUN,-1,-1,0,-1
2023131376827,2023,131376827,1,9,0,18,19,3,7,4,4,0,0,0,1,5,1,1,6,6,1,57,9,3200,2,10,MITSUBISHI SHOGUN,9,E01011596,0,-1
2023111355811,2023,111355811,1,9,0,16,19,6,2,0,0,0,1,0,0,0,1,1,6,6,3,-1,-1,2477,2,20,MITSUBISHI SHOGUN,-1,-1,0,-1
2023320465627,2023,320465627,1,9,0,5,5,4,8,0,0,3,0,0,0,0,4,1,6,6,3,-1,-1,2442,2,2,MITSUBISHI SHOGUN,-1,-1,0,-1
2023421273506,2023,421273506,1,9,0,9,9,5,2,0,0,4,0,0,0,0,3,1,5,6,1,54,8,3200,2,12,MITSUBISHI SHOGUN,7,E01022074,0,-1
2023311384122,2023,311384122,1,9,0,18,19,1,1,0,0,0,0,0,0,0,1,1,2,2,1,62,9,2477,2,19,MITSUBISHI SHOGUN,7,E01028262,0,-1
2023141288164,2023,141288164,3,9,0,2,2,0,0,6,6,0,0,0,0,0,1,1,6,6,3,-1,-1,3200,2,14,MITSUBISHI SHOGUN,-1,-1,0,-1
2023361389714,2023,361389714,2,9,0,3,3,6,1,0,0,1,0,0,0,0,2,1,6,6,1,28,6,2477,2,18,MITSUBISHI SHOGUN,3,E01026717,0,-1
202360A038009,2023,60A038009,1,9,0,5,5,6,2,0,0,0,0,0,0,0,1,1,6,6,1,77,11,2835,2,28,MITSUBISHI SHOGUN,-1,-1,0,-1
2023440268699,2023,440268699,2,9,0,9,9,6,4,0,0,6,0,0,0,0,3,1,2,2,1,66,10,2477,2,17,MITSUBISHI SHOGUN,6,E01022802,0,-1
2023141375389,2023,141375389,5,9,0,18,19,5,1,0,0,0,0,0,0,0,3,1,2,2,1,52,8,3200,2,12,MITSUBISHI SHOGUN,9,E01013120,0,-1
2023201448507,2023,201448507,1,10,0,18,19,3,7,0,0,8,0,10,6,0,1,1,6,6,2,48,8,-1,-1,-1,-1,4,E01032132,0,-1
2023991317428,2023,991317428,1,9,0,17,19,1,3,6,6,0,0,0,1,7,1,1,5,6,1,27,6,3200,2,18,MITSUBISHI SHOGUN,8,-1,0,-1
2023471292623,2023,471292623,1,9,4,18,19,5,1,0,0,0,1,0,0,0,1,1,5,6,1,55,8,3200,2,22,MITSUBISHI SHOGUN,6,E01026637,0,-1
2023041282029,2023,041282029,1,9,0,18,19,1,5,0,0,1,0,0,0,0,4,1,6,6,1,38,7,3200,2,5,MITSUBISHI SHOGUN,4,E01025034,0,-1
2023631345530,2023,631345530,2,9,0,18,19,8,4,0,0,0,0,0,0,0,0,1,6,6,1,49,8,2477,2,16,MITSUBISHI SHOGUN,5,W01000719,0,-1
2023070052362,2023,070052362,1,9,0,18,19,4,8,0,0,0,5,0,1,7,1,1,6,6,1,43,7,3200,2,14,MITSUBISHI SHOGUN,-1,-1,0,-1
2023501334815,2023,501334815,2,9,0,18,19,7,3,0,0,0,0,0,1,0,2,1,1,1,1,56,9,2442,2,4,MITSUBISHI SHOGUN,8,E01015227,0,-1
2023501282693,2023,501282693,1,9,0,18,19,1,5,0,0,0,1,0,0,0,1,1,6,6,1,22,5,2477,2,17,MITSUBISHI SHOGUN,3,E01018953,0,-1
2023411337483,2023,411337483,2,9,0,2,2,-1,-1,0,0,0,0,4,0,0,2,1,5,6,3,-1,-1,3200,2,8,MITSUBISHI SHOGUN,-1,-1,0,-1
2023991316865,2023,991316865,2,9,4,18,19,3,7,0,0,8,0,0,0,0,1,1,5,6,1,43,7,3200,2,16,MITSUBISHI SHOGUN,6,-1,0,-1
2023221295933,2023,221295933,1,9,0,18,19,8,4,0,0,8,0,0,0,0,1,1,5,6,1,76,11,2477,2,18,MITSUBISHI SHOGUN,4,E01028836,0,-1
2023131317286,2023,131317286,1,9,0,18,19,3,7,0,0,1,0,0,0,0,2,1,6,6,3,-1,-1,3200,2,15,MITSUBISHI SHOGUN,-1,-1,0,-1
2023141368662,2023,141368662,2,9,0,7,7,7,1,0,0,0,0,0,0,0,4,1,6,6,1,85,11,2477,2,18,MITSUBISHI SHOGUN,-1,-1,0,-1
2023991272547,2023,991272547,1,9,0,16,19,3,7,0,0,0,2,0,0,0,1,1,6,6,1,24,5,2477,2,20,MITSUBISHI SHOGUN,3,-1,0,-1
2023552301126,2023,552301126,1,9,0,13,13,2,6,0,0,0,0,0,0,0,1,1,6,6,1,60,9,3200,2,19,MITSUBISHI SHOGUN,6,E01020528,0,-1
2023010445207,2023,010445207,1,9,0,6,6,5,5,0,0,6,0,0,0,0,0,1,6,6,1,43,7,2442,2,5,MITSUBISHI SHOGUN,4,E01002874,0,-1
2023311381486,2023,311381486,1,9,0,7,7,1,5,0,0,1,0,0,0,0,1,1,6,6,1,50,8,2442,2,4,MITSUBISHI SHOGUN,2,E01028044,0,-1
2023041379964,2023,041379964,2,9,0,2,2,0,0,6,6,0,0,0,0,0,1,1,6,6,3,-1,-1,3200,2,19,MITSUBISHI SHOGUN,-1,-1,0,-1
2023501356959,2023,501356959,1,9,0,9,9,2,7,0,0,1,0,0,0,0,4,1,6,6,1,49,8,3200,2,7,MITSUBISHI SHOGUN,4,E01018757,0,-1
2023351341424,2023,351341424,2,9,0,18,19,1,5,0,0,0,1,0,0,0,1,1,6,6,1,48,8,2477,2,19,MITSUBISHI SHOGUN,6,E01033179,0,-1
2023010430801,2023,010430801,2,9,0,99,99,9,9,99,99,9,9,99,9,99,0,9,6,6,3,-1,-1,3200,2,19,MITSUBISHI SHOGUN,-1,-1,0,-1
2023201432726,2023,201432726,2,9,0,2,2,0,0,0,0,2,0,0,0,0,1,1,6,6,1,-1,-1,2477,2,19,MITSUBISHI SHOGUN,-1,-1,0,-1
2023010458449,2023,010458449,2,9,0,18,19,5,1,0,0,1,0,4,0,0,1,1,6,6,1,37,7,2442,2,2,MITSUBISHI SHOGUN,2,E01003092,0,-1
2023351363450,2023,351363450,3,9,0,3,3,3,7,0,0,0,0,0,0,0,2,1,6,6,2,44,7,3200,2,12,MITSUBISHI SHOGUN,9,E01025809,0,-1
2023440230311,2023,440230311,1,9,0,13,13,3,7,0,0,0,0,0,0,0,4,1,6,6,1,65,9,2477,2,16,MITSUBISHI SHOGUN,9,E01017284,0,-1
2023471334741,2023,471334741,3,9,0,2,2,0,0,0,0,8,0,0,7,1,4,1,5,6,1,49,8,1999,1,18,MITSUBISHI SHOGUN,8,E01016901,0,-1
2023231331438,2023,231331438,3,9,0,2,2,0,0,6,6,0,0,0,0,0,2,1,5,6,1,43,7,2477,2,19,MITSUBISHI SHOGUN,9,E01031328,0,-1
2023501311629,2023,501311629,2,9,0,18,19,6,2,0,0,1,0,0,0,0,1,1,6,6,1,27,6,2477,2,20,MITSUBISHI SHOGUN,2,E01018897,0,-1
2023010421994,2023,010421994,2,2,0,18,19,3,7,0,0,8,0,0,0,0,1,1,2,2,1,22,5,124,1,21,-1,3,E01002542,0,-1
2023010446849,2023,010446849,2,3,0,18,19,5,1,0,0,1,5,0,0,0,1,1,6,6,1,18,4,124,1,19,-1,2,E01004539,0,-1
2023501353894,2023,501353894,1,9,4,18,19,2,6,0,0,1,1,0,0,0,1,1,5,6,1,34,6,2500,2,35,-1,6,E01022236,0,-1
2023201381938,2023,201381938,2,9,0,3,3,6,2,0,0,0,0,0,0,0,2,1,6,6,1,23,5,1124,1,17,SMART FORFOUR,8,E01009578,0,-1
2023430139477,2023,430139477,2,9,0,3,3,1,5,0,0,1,0,0,0,0,2,1,6,6,2,47,8,1332,1,17,SMART FORFOUR,7,E01016821,0,-1
2023451265113,2023,451265113,1,9,0,18,19,1,5,0,0,0,0,0,0,0,4,1,5,6,2,78,11,999,1,8,SMART FORFOUR,9,E01030904,0,-1
2023010467963,2023,010467963,2,9,0,99,99,9,9,99,99,9,9,99,9,99,9,9,6,6,3,-1,-1,898,1,5,SMART FORFOUR,-1,-1,0,-1
2023221263709,2023,221263709,1,9,0,14,14,3,7,0,0,2,0,0,0,0,1,1,5,6,1,37,7,898,1,8,SMART FORFOUR,7,E01032442,0,-1
2023010485021,2023,010485021,2,9,0,18,19,5,1,0,0,4,0,0,0,0,1,1,2,2,2,24,5,999,1,8,SMART FORFOUR,10,E01021938,0,-1
2023010442829,2023,010442829,2,9,0,11,11,3,7,99,99,9,9,0,0,0,9,1,6,6,3,-1,-1,999,1,5,SMART FORFOUR,-1,-1,0,-1
2023041368623,2023,041368623,1,9,0,18,19,8,6,0,0,1,0,11,0,0,1,1,6,6,1,55,8,1332,1,18,SMART FORFOUR,1,E01024885,0,-1
2023010474822,2023,010474822,1,9,0,5,5,1,5,0,0,2,0,0,0,0,4,1,6,6,1,55,8,999,1,5,SMART FORFOUR,6,E01001451,0,-1
2023041346437,2023,041346437,2,9,0,18,19,7,3,0,0,1,0,0,0,0,2,1,5,6,2,44,7,999,1,8,SMART FORFOUR,3,E01012694,0,-1
2023010468353,2023,010468353,2,9,0,9,9,5,2,0,0,6,0,0,0,0,3,1,2,2,2,65,9,898,1,5,SMART FORFOUR,9,E01004094,0,-1
2023041370910,2023,041370910,2,9,0,18,19,5,1,0,0,0,0,0,0,0,1,1,5,6,1,65,9,999,1,4,SMART FORFOUR,8,E01006403,0,-1
2023010429021,2023,010429021,2,9,0,5,5,1,5,0,0,1,0,0,0,0,1,1,6,6,2,21,5,999,1,4,SMART FORFOUR,10,E01003463,0,-1
2023201280804,2023,201280804,2,9,0,3,3,6,2,0,0,1,0,0,0,0,2,1,6,6,2,28,6,1332,1,18,SMART FORFOUR,1,E01010473,0,-1
2023201400680,2023,201400680,2,9,0,18,19,3,7,0,0,1,0,0,0,0,4,1,6,6,1,80,11,999,1,6,SMART FORFOUR,7,E01008967,0,-1
2023010471467,2023,010471467,1,9,0,18,19,1,5,0,0,2,0,11,0,0,1,1,6,6,2,24,5,999,1,6,SMART FORFOUR,8,E01023470,0,-1
2023010486843,2023,010486843,2,9,0,99,99,9,9,99,99,9,9,99,9,99,0,9,6,6,3,-1,-1,999,1,8,SMART FORFOUR,-1,-1,0,-1
2023320655273,2023,320655273,1,9,0,7,7,6,8,0,0,5,0,0,7,4,1,1,6,6,2,19,4,999,1,5,SMART FORFOUR,5,E01026327,0,-1
2023010446376,2023,010446376,2,9,0,99,99,9,9,99,99,9,9,99,9,99,1,9,6,6,3,-1,-1,-1,3,3,SMART FORFOUR,-1,-1,0,-1
2023302301389,2023,302301389,1,9,0,9,9,6,4,0,0,0,0,0,0,0,3,1,6,6,2,18,4,999,1,8,SMART FORFOUR,2,E01026957,0,-1
2023361375694,2023,361375694,1,9,0,10,10,-1,-1,0,0,2,0,0,0,0,-1,1,6,6,2,52,8,999,1,5,SMART FORFOUR,5,E01026866,0,-1
2023440359553,2023,440359553,1,9,0,18,19,6,2,0,0,0,0,0,0,0,1,1,6,6,1,61,9,1499,1,18,SMART FORFOUR,3,E01017079,0,-1
2023010431673,2023,010431673,1,9,0,18,19,1,5,0,0,0,0,0,0,0,2,1,6,6,1,44,7,999,1,8,SMART FORFOUR,8,E01003420,0,-1
2023010471244,2023,010471244,2,9,0,2,2,0,0,0,0,2,0,0,0,0,2,1,6,6,3,-1,-1,999,1,7,SMART FORFOUR,-1,-1,0,-1
2023010433211,2023,010433211,1,9,0,6,6,2,2,0,0,0,0,0,1,0,4,1,2,2,1,33,6,-1,3,1,SMART FORFOUR,2,E01003350,0,-1
2023131300527,2023,131300527,1,9,0,9,9,5,7,0,0,1,0,0,0,0,4,1,2,2,2,35,6,999,1,8,SMART FORFOUR,1,E01011737,0,-1
2023010453681,2023,010453681,2,9,0,8,8,1,3,0,0,1,0,0,0,0,1,1,2,2,1,62,9,898,1,5,SMART FORFOUR,6,E01000250,0,-1
2023061307589,2023,061307589,1,9,0,18,19,5,1,0,0,0,0,0,0,0,1,1,2,2,2,56,9,898,1,5,SMART FORFOUR,3,E01005512,0,-1
2023010470464,2023,010470464,2,9,0,12,12,5,1,0,0,1,0,0,0,0,1,1,6,6,2,20,4,999,1,5,SMART FORFOUR,9,E01000713,0,-1
2023010441404,2023,010441404,1,9,0,9,9,5,2,0,0,6,0,0,0,0,1,1,6,6,1,52,8,898,1,7,SMART FORFOUR,6,E01001952,0,-1
2023401283761,2023,401283761,2,9,0,5,5,1,5,0,0,4,0,0,0,0,1,1,6,6,2,55,8,898,1,4,SMART FORFOUR,6,E01017508,0,-1
2023010428724,2023,010428724,2,9,0,9,9,1,6,0,0,6,0,0,0,0,1,1,6,6,2,24,5,999,1,5,SMART FORFOUR,2,E01002053,0,-1
2023201284916,2023,201284916,2,9,0,9,9,4,2,0,0,5,0,0,0,0,1,1,2,2,2,60,9,999,1,7,SMART FORFOUR,8,E01025793,0,-1