collision_index,collision_year,collision_ref_no,vehicle_reference,vehicle_type,towing_and_articulation,vehicle_manoeuvre_historic,vehicle_manoeuvre,vehicle_direction_from,vehicle_direction_to,vehicle_location_restricted_lane_historic,vehicle_location_restricted_lane,junction_location,skidding_and_overturning,hit_object_in_carriageway,vehicle_leaving_carriageway,hit_object_off_carriageway,first_point_of_impact,vehicle_left_hand_drive,journey_purpose_of_driver_historic,journey_purpose_of_driver,sex_of_driver,age_of_driver,age_band_of_driver,engine_capacity_cc,propulsion_code,age_of_vehicle,generic_make_model,driver_imd_decile,lsoa_of_driver,escooter_flag,driver_distance_banding
2023622300750,2023,622300750,1,9,0,18,19,8,4,0,0,0,0,0,0,0,1,1,2,2,1,28,6,1299,1,19,TOYOTA YARIS,2,W01001872,0,-1
2023131265681,2023,131265681,1,9,0,18,19,5,1,0,0,8,0,0,0,0,1,1,5,6,2,26,6,1329,1,13,TOYOTA YARIS,2,E01010619,0,-1
2023451373631,2023,451373631,1,9,0,18,19,7,3,0,0,1,0,0,8,3,1,1,5,6,2,23,5,1329,1,11,TOYOTA YARIS,4,E01030432,0,-1
2023440506335,2023,440506335,1,9,0,18,19,8,4,0,0,1,0,0,0,0,1,1,6,6,1,30,6,1497,1,22,TOYOTA YARIS,7,E01022724,0,-1
2023361322895,2023,361322895,1,9,0,5,5,7,3,0,0,0,0,7,0,0,4,1,6,6,2,73,10,1299,1,21,TOYOTA YARIS,9,E01026503,0,-1
2023061285677,2023,061285677,1,9,0,18,19,3,7,0,0,0,5,0,1,0,3,1,1,1,2,39,7,1496,1,4,TOYOTA YARIS,9,E01011945,0,-1
2023471325087,2023,471325087,1,9,0,9,9,1,7,0,0,5,0,0,0,0,3,1,5,6,1,59,9,998,1,20,TOYOTA YARIS,4,E01031435,0,-1
2023052301968,2023,052301968,2,9,0,3,3,1,5,0,0,1,0,0,0,0,2,1,6,6,1,28,6,1296,1,16,TOYOTA YARIS,4,E01033762,0,-1
2023041283697,2023,041283697,2,9,0,18,19,1,5,0,0,1,0,0,8,0,1,1,5,6,2,74,10,1299,1,18,TOYOTA YARIS,6,E01025548,0,-1
2023991391467,2023,991391467,1,9,0,18,19,1,5,0,0,0,0,0,0,0,1,1,5,6,2,18,4,1490,8,2,TOYOTA YARIS,8,-1,0,-1
2023131279515,2023,131279515,2,9,0,11,11,1,5,0,0,8,0,0,0,0,4,1,5,6,2,55,8,1497,8,6,TOYOTA YARIS,4,E01010669,0,-1
2023451421202,2023,451421202,2,9,0,5,5,6,2,0,0,6,0,0,0,0,3,1,4,7,2,44,7,1497,8,9,TOYOTA YARIS,5,E01030974,0,-1
2023401330536,2023,401330536,1,9,0,4,4,5,1,0,0,1,0,0,0,0,2,1,6,6,2,63,9,1497,8,5,TOYOTA YARIS,10,E01018177,0,-1
2023340NN1442,2023,340NN1442,1,9,0,18,19,1,5,0,0,8,0,9,3,0,1,1,6,6,2,42,7,998,1,19,TOYOTA YARIS,4,E01027320,0,-1
2023371280052,2023,371280052,1,9,0,7,7,5,8,0,0,8,0,0,0,0,1,1,2,2,2,27,6,1296,1,16,TOYOTA YARIS,2,E01029988,0,-1
2023340WN6782,2023,340WN6782,2,9,0,4,4,2,6,0,0,2,0,0,0,0,2,1,6,6,2,53,8,1497,8,9,TOYOTA YARIS,6,E01027169,0,-1
2023061347746,2023,061347746,1,9,0,9,9,3,1,0,0,8,0,0,0,0,3,1,6,6,1,24,5,998,1,20,TOYOTA YARIS,-1,-1,0,-1
2023131377802,2023,131377802,3,9,0,4,4,4,8,0,0,8,0,0,0,0,1,1,6,6,1,41,7,1299,1,18,TOYOTA YARIS,1,E01010839,0,-1
2023010462678,2023,010462678,1,9,0,17,19,1,5,0,0,3,0,0,0,0,3,2,1,1,2,50,8,1299,1,20,TOYOTA YARIS,3,E01032743,0,-1
2023070916232,2023,070916232,1,9,0,3,3,1,5,0,0,1,0,0,0,0,0,1,6,6,2,-1,-1,1329,1,7,TOYOTA YARIS,7,E01018592,0,-1
2023010441538,2023,010441538,1,9,0,4,4,7,3,0,0,1,0,0,0,0,4,1,6,6,1,53,8,1296,1,15,TOYOTA YARIS,3,E01003555,0,-1
2023131329843,2023,131329843,2,9,0,18,19,1,5,0,0,8,0,0,0,0,2,1,6,6,1,35,6,1296,1,16,TOYOTA YARIS,1,E01033691,0,-1
2023201320650,2023,201320650,1,9,0,9,9,6,3,0,0,5,0,0,0,0,3,1,6,6,1,30,6,1296,1,15,TOYOTA YARIS,1,E01008998,0,-1
2023010482612,2023,010482612,1,9,0,99,99,9,9,99,99,9,9,99,9,99,2,9,6,6,2,42,7,1296,1,17,TOYOTA YARIS,1,E01003577,0,-1
2023471312952,2023,471312952,2,9,0,2,2,5,1,0,0,0,0,0,0,0,2,1,6,6,3,-1,-1,1329,1,14,TOYOTA YARIS,-1,-1,0,-1
2023131332504,2023,131332504,1,9,0,18,19,3,7,0,0,0,0,0,0,0,1,1,5,6,1,37,7,998,1,17,TOYOTA YARIS,5,E01012635,0,-1
2023010443500,2023,010443500,2,9,0,99,99,9,9,99,99,9,9,99,9,99,9,9,6,6,2,23,5,1329,1,11,TOYOTA YARIS,9,E01001135,0,-1
2023010459352,2023,010459352,2,9,9,99,99,9,9,99,99,9,1,99,9,99,9,9,6,6,3,-1,-1,998,1,21,TOYOTA YARIS,-1,-1,0,-1
2023461362586,2023,461362586,2,9,0,3,3,5,2,0,0,1,0,0,0,0,3,1,6,6,1,39,7,1363,2,18,TOYOTA YARIS,2,E01016110,0,-1
2023461309068,2023,461309068,2,9,0,18,19,3,7,0,0,0,0,0,0,0,3,1,6,6,2,45,7,998,1,14,TOYOTA YARIS,5,E01021195,0,-1
2023141302188,2023,141302188,2,9,0,18,19,5,1,0,0,0,0,0,0,0,4,1,2,2,1,45,7,1490,8,1,TOYOTA YARIS,10,E01007923,0,-1
2023041369238,2023,041369238,2,9,0,4,4,7,3,0,0,0,0,0,0,0,1,1,2,2,1,59,9,1329,1,7,TOYOTA YARIS,1,E01025297,0,-1
2023332300078,2023,332300078,1,9,0,9,9,7,5,0,0,6,0,0,0,0,3,1,6,6,1,27,6,998,1,18,TOYOTA YARIS,6,E01013757,0,-1
2023221324296,2023,221324296,1,9,0,18,19,2,6,0,0,0,0,4,0,0,1,1,6,6,2,80,11,1329,1,9,TOYOTA YARIS,9,E01028986,0,-1
2023991306359,2023,991306359,2,9,0,3,3,7,3,0,0,0,0,0,0,0,2,1,2,2,2,36,7,1497,8,6,TOYOTA YARIS,8,-1,0,-1
2023501372282,2023,501372282,2,9,0,18,19,4,7,0,0,0,0,0,0,0,1,1,6,6,2,62,9,1296,1,15,TOYOTA YARIS,7,E01019960,0,-1
2023361353654,2023,361353654,1,9,0,18,19,1,5,0,0,0,0,0,0,0,1,1,5,6,1,81,11,1329,1,13,TOYOTA YARIS,7,E01026880,0,-1
2023010466576,2023,010466576,2,9,0,15,15,6,2,0,0,0,0,0,0,0,1,1,6,6,3,-1,-1,1497,8,4,TOYOTA YARIS,-1,-1,0,-1
2023332300038,2023,332300038,1,9,0,18,19,1,5,0,0,6,0,0,1,0,4,1,6,6,1,77,11,1329,1,13,TOYOTA YARIS,10,E01031123,0,-1
2023010468111,2023,010468111,2,9,0,99,99,9,9,99,99,9,9,99,9,99,1,9,6,6,3,57,9,1329,1,13,TOYOTA YARIS,6,E01004530,0,-1
2023471299379,2023,471299379,2,9,0,5,5,7,5,0,0,3,0,0,0,0,2,1,6,6,2,42,7,1497,8,9,TOYOTA YARIS,2,E01031819,0,-1
2023041352057,2023,041352057,1,9,0,5,5,5,1,0,0,6,0,0,0,0,1,1,6,6,2,39,7,1299,1,20,TOYOTA YARIS,8,E01012636,0,-1
2023501327437,2023,501327437,2,9,0,18,19,1,5,0,0,8,0,0,0,0,4,1,1,1,1,65,9,1329,1,14,TOYOTA YARIS,4,E01018968,0,-1
2023010447468,2023,010447468,1,9,0,13,13,1,5,0,0,2,0,0,0,0,4,1,6,6,1,74,10,1329,1,10,TOYOTA YARIS,5,E01003790,0,-1
2023141359880,2023,141359880,1,9,0,18,19,2,5,0,0,0,0,0,0,0,1,1,6,6,2,38,7,1296,1,16,TOYOTA YARIS,1,E01007716,0,-1
2023010482112,2023,010482112,2,9,0,99,99,9,9,99,99,0,9,99,9,99,1,9,6,6,3,-1,-1,1490,8,0,TOYOTA YARIS,-1,-1,0,-1
2023991299555,2023,991299555,2,9,0,18,19,1,6,0,0,0,0,0,1,3,1,1,6,6,1,90,11,1497,8,6,TOYOTA YARIS,8,-1,0,-1
2023041308838,2023,041308838,2,9,0,9,9,8,6,0,0,1,0,0,0,0,2,1,2,2,1,23,5,1364,2,15,TOYOTA YARIS,2,E01025305,0,-1
2023201410138,2023,201410138,2,9,0,9,9,6,4,0,0,6,0,0,0,0,3,1,6,6,1,58,9,1296,1,15,TOYOTA YARIS,1,E01009404,0,-1
2023141382955,2023,141382955,2,9,0,18,19,1,4,0,0,0,0,0,0,0,1,1,5,6,1,35,6,1364,2,15,TOYOTA YARIS,1,E01007716,0,-1
2023131324135,2023,131324135,1,9,0,18,19,8,4,0,0,6,0,0,0,0,1,1,6,6,2,51,8,1329,1,11,TOYOTA YARIS,1,E01011144,0,-1
2023131313483,2023,131313483,1,9,0,1,1,7,3,0,0,0,0,0,0,0,2,1,5,6,2,65,9,1490,8,1,TOYOTA YARIS,4,E01011390,0,-1
2023061281675,2023,061281675,1,9,0,13,13,1,1,0,0,0,0,0,0,0,1,1,6,6,1,42,7,998,1,20,TOYOTA YARIS,2,E01004830,0,-1
2023201292333,2023,201292333,1,9,0,18,19,5,1,0,0,4,0,0,0,0,1,1,5,6,2,68,10,1490,8,2,TOYOTA YARIS,2,E01008958,0,-1
2023302300249,2023,302300249,1,9,0,17,19,6,2,0,0,2,0,0,0,0,1,1,6,6,1,-1,-1,998,1,11,TOYOTA YARIS,1,E01013479,0,-1
2023010431116,2023,010431116,1,9,0,99,99,9,9,99,99,9,9,99,9,99,2,9,6,6,2,34,6,1329,1,10,TOYOTA YARIS,9,E01000686,0,-1
2023061318588,2023,061318588,1,9,0,9,9,7,4,0,0,0,0,0,0,0,3,1,6,6,2,44,7,1497,8,5,TOYOTA YARIS,9,E01005882,0,-1
2023522400809,2023,522400809,1,9,0,18,19,3,7,0,0,8,0,0,0,0,3,1,6,6,2,65,9,998,1,14,TOYOTA YARIS,4,E01014928,0,-1
2023461356297,2023,461356297,1,9,0,16,19,7,3,0,0,0,0,0,0,0,1,1,6,6,1,20,4,998,1,18,TOYOTA YARIS,4,E01024535,0,-1
2023461279931,2023,461279931,3,9,0,4,4,3,7,0,0,0,0,0,0,0,2,1,6,6,2,25,5,1490,8,1,TOYOTA YARIS,8,E01021537,0,-1
2023010453578,2023,010453578,1,9,0,99,99,9,9,99,99,9,9,99,9,99,9,9,6,6,2,23,5,1490,8,2,TOYOTA YARIS,3,E01003603,0,-1
2023010430236,2023,010430236,1,9,0,99,99,9,9,99,99,9,9,99,9,99,9,9,6,6,1,42,7,1497,8,8,TOYOTA YARIS,5,E01001520,0,-1
2023471341865,2023,471341865,1,9,0,9,9,8,5,0,0,5,0,0,0,0,1,1,5,6,1,69,10,1296,1,16,TOYOTA YARIS,3,E01016861,0,-1
2023122400099,2023,122400099,1,9,0,18,19,5,1,0,0,8,0,0,0,0,1,1,6,6,2,72,10,1497,8,4,TOYOTA YARIS,10,E01027698,0,-1
2023010445000,2023,010445000,2,9,0,18,19,6,2,0,0,8,0,4,0,0,2,1,6,6,1,49,8,1490,8,2,TOYOTA YARIS,4,E01033320,0,-1
2023061318534,2023,061318534,1,9,-1,-1,-1,-1,-1,-1,-1,-1,-1,-1,-1,0,-1,1,6,6,3,-1,-1,1329,1,7,TOYOTA YARIS,-1,-1,0,-1
2023421317611,2023,421317611,1,9,0,9,9,7,5,0,0,5,0,0,0,0,1,1,5,6,2,74,10,1490,8,2,TOYOTA YARIS,9,E01019946,0,-1
2023010438322,2023,010438322,2,9,0,99,99,9,9,99,99,9,9,99,9,99,1,9,6,6,3,-1,-1,1329,1,12,TOYOTA YARIS,3,E01002503,0,-1
2023141314189,2023,141314189,2,9,0,18,19,3,7,0,0,0,1,0,0,0,1,1,6,6,2,66,10,1329,1,6,TOYOTA YARIS,7,E01007743,0,-1
2023010443868,2023,010443868,2,9,0,99,99,9,9,99,99,0,9,99,9,99,2,9,6,6,3,-1,-1,1497,8,5,TOYOTA YARIS,9,E01001224,0,-1
2023461291425,2023,461291425,1,9,0,14,14,5,1,0,0,0,0,4,0,0,3,1,5,6,2,76,11,1329,1,6,TOYOTA YARIS,9,E01024338,0,-1
2023052300365,2023,052300365,2,9,0,18,19,2,6,0,0,3,0,0,0,0,2,1,6,6,2,31,6,1329,1,11,TOYOTA YARIS,1,E01006648,0,-1
2023421282140,2023,421282140,2,9,0,16,19,5,8,0,0,1,0,0,0,0,1,1,2,2,2,26,6,1329,1,10,TOYOTA YARIS,9,E01022099,0,-1
2023131358704,2023,131358704,3,9,0,2,2,0,0,0,0,8,0,0,0,0,1,1,6,6,3,-1,-1,1329,1,9,TOYOTA YARIS,-1,-1,0,-1
2023201383922,2023,201383922,1,9,0,18,19,4,8,0,0,0,0,0,0,0,1,1,6,6,2,-1,-1,1329,1,14,TOYOTA YARIS,-1,-1,0,-1
2023340WN1382,2023,340WN1382,1,9,0,18,19,7,3,0,0,1,0,0,0,0,1,1,1,1,1,25,5,1299,1,22,TOYOTA YARIS,6,E01016737,0,-1
2023401297446,2023,401297446,1,9,0,9,9,1,5,0,0,0,0,0,1,10,1,1,5,6,1,75,10,1490,8,1,TOYOTA YARIS,8,E01017467,0,-1
2023131279188,2023,131279188,2,9,0,3,3,1,5,0,0,8,0,0,0,0,2,1,6,6,1,68,10,1329,1,9,TOYOTA YARIS,1,E01011344,0,-1
2023010437626,2023,010437626,1,9,0,4,4,8,4,0,0,2,0,0,0,0,2,1,6,6,2,50,8,1329,1,11,TOYOTA YARIS,3,E01001089,0,-1
2023201378787,2023,201378787,2,9,0,2,2,0,0,9,9,0,0,0,0,0,2,1,6,6,2,53,8,1497,8,9,TOYOTA YARIS,8,E01010161,0,-1
2023332300036,2023,332300036,1,9,0,18,19,1,5,0,0,0,0,10,1,10,1,1,6,6,1,16,4,1299,1,19,TOYOTA YARIS,1,E01013628,0,-1
2023371285233,2023,371285233,1,9,0,9,9,3,1,0,0,8,0,0,0,0,4,1,1,1,1,66,10,998,1,10,TOYOTA YARIS,5,E01030272,0,-1
2023010423530,2023,010423530,2,9,0,18,19,3,7,0,0,1,0,0,0,0,3,1,1,1,2,56,9,1490,8,0,TOYOTA YARIS,-1,-1,0,-1
2023411300198,2023,411300198,1,9,0,18,19,6,1,0,0,4,0,0,0,0,1,1,6,6,2,51,8,1490,8,1,TOYOTA YARIS,10,E01023489,0,-1
2023161272993,2023,161272993,1,9,0,18,19,4,8,0,0,0,0,0,0,0,1,1,5,6,2,44,7,1490,8,1,TOYOTA YARIS,9,E01013115,0,-1
2023501343142,2023,501343142,2,9,0,4,4,7,3,0,0,0,1,0,0,0,2,1,6,6,2,63,9,1496,1,6,TOYOTA YARIS,5,E01032657,0,-1
2023141383320,2023,141383320,1,9,0,18,19,5,1,0,0,0,0,0,0,0,2,1,5,6,2,31,6,1296,1,15,TOYOTA YARIS,6,E01019524,0,-1
2023421363437,2023,421363437,2,9,0,18,19,-1,-1,0,0,0,0,0,0,0,3,1,6,6,2,35,6,1296,1,16,TOYOTA YARIS,1,E01021970,0,-1
2023401372090,2023,401372090,2,9,0,5,5,-1,-1,0,0,4,0,0,0,0,3,1,5,6,2,47,8,1364,2,13,TOYOTA YARIS,2,E01017537,0,-1
2023131357075,2023,131357075,1,9,0,18,19,7,3,0,0,1,0,0,0,0,1,1,5,6,1,47,8,1497,8,6,TOYOTA YARIS,10,E01011461,0,-1
2023101297161,2023,101297161,1,9,0,5,5,3,7,0,0,6,0,0,0,0,3,1,5,6,2,74,10,1496,1,3,TOYOTA YARIS,5,E01027373,0,-1
2023401316386,2023,401316386,1,9,0,6,6,5,5,0,0,0,0,0,0,0,3,1,5,6,2,22,5,1329,1,7,TOYOTA YARIS,7,E01016722,0,-1
2023041351897,2023,041351897,2,9,0,18,19,2,6,0,0,8,0,0,0,0,3,1,5,6,1,45,7,998,1,19,TOYOTA YARIS,1,E01024898,0,-1
2023010445127,2023,010445127,1,9,0,14,14,7,3,0,0,0,0,0,0,0,1,1,6,6,1,49,8,1329,1,10,TOYOTA YARIS,8,E01003814,0,-1
2023061374611,2023,061374611,1,9,0,18,19,4,8,0,0,1,0,0,0,0,1,1,5,6,2,44,7,1497,8,6,TOYOTA YARIS,3,E01005522,0,-1
2023461270503,2023,461270503,1,9,0,18,19,5,1,0,0,0,0,0,0,0,4,1,1,1,1,51,8,1299,1,23,TOYOTA YARIS,7,E01001125,0,-1
2023501368708,2023,501368708,1,9,0,12,12,6,2,0,0,0,0,0,0,0,1,1,5,6,2,59,9,1497,8,5,TOYOTA YARIS,5,E01018943,0,-1
2023061372731,2023,061372731,2,9,0,18,19,8,5,0,0,2,0,0,0,0,1,1,6,6,1,38,7,1296,1,17,TOYOTA YARIS,1,E01005948,0,-1
2023010459935,2023,010459935,3,9,0,2,2,0,0,9,9,1,0,10,7,10,1,1,6,6,3,-1,-1,1299,1,20,TOYOTA YARIS,-1,-1,0,-1
2023440274449,2023,440274449,2,9,0,18,19,4,8,0,0,0,0,0,0,0,1,1,6,6,1,-1,-1,1299,1,21,TOYOTA YARIS,-1,-1,0,-1
2023401337863,2023,401337863,2,9,0,18,19,4,8,0,0,0,0,0,0,0,2,1,6,6,2,53,8,1296,1,16,TOYOTA YARIS,2,E01015802,0,-1
2023061327843,2023,061327843,2,9,0,3,3,1,6,8,6,0,0,0,0,0,2,1,6,6,1,77,11,1497,8,9,TOYOTA YARIS,10,E01012517,0,-1
2023010464332,2023,010464332,2,9,0,99,99,9,9,99,99,9,9,99,9,99,2,9,6,6,3,-1,-1,1490,8,0,TOYOTA YARIS,-1,-1,0,-1
2023010477877,2023,010477877,1,9,0,18,19,3,7,0,0,4,0,0,1,0,1,1,6,6,2,48,8,1497,8,4,TOYOTA YARIS,5,E01004641,0,-1
2023201276555,2023,201276555,1,9,0,18,19,4,8,0,0,1,0,0,0,0,4,1,6,6,2,-1,-1,1296,1,16,TOYOTA YARIS,3,E01010051,0,-1
2023131280516,2023,131280516,2,9,0,9,9,1,7,0,0,8,0,0,0,0,1,1,5,6,2,43,7,1296,1,16,TOYOTA YARIS,1,E01010624,0,-1
2023061322400,2023,061322400,1,9,0,5,5,3,8,0,0,4,0,0,0,0,1,1,5,6,1,45,7,998,1,19,TOYOTA YARIS,3,E01006338,0,-1
2023522301510,2023,522301510,2,9,0,1,1,2,6,0,0,5,0,0,0,0,2,1,6,6,2,57,9,1490,8,2,TOYOTA YARIS,2,E01014630,0,-1
2023552300065,2023,552300065,1,9,0,15,15,7,3,0,0,0,1,0,1,0,3,1,3,7,2,42,7,1490,8,1,TOYOTA YARIS,3,E01020393,0,-1
2023010472548,2023,010472548,1,9,0,10,10,1,6,9,9,8,0,10,7,11,1,1,6,6,2,82,11,1497,8,6,TOYOTA YARIS,6,E01001253,0,-1
2023052302906,2023,052302906,2,9,0,4,4,5,1,0,0,1,0,0,0,0,3,1,6,6,2,79,11,1329,1,12,TOYOTA YARIS,7,E01007301,0,-1
2023531353300,2023,531353300,1,9,0,9,9,3,1,0,0,2,0,0,0,0,3,1,6,6,1,44,7,1299,1,19,TOYOTA YARIS,2,E01022120,0,-1
2023010419259,2023,010419259,1,9,0,5,5,5,1,0,0,3,0,0,0,0,4,1,6,6,1,45,7,1329,1,12,TOYOTA YARIS,6,E01002024,0,-1
2023161372271,2023,161372271,3,9,0,10,10,1,7,0,0,1,0,0,0,0,3,1,5,6,1,79,11,1329,1,12,TOYOTA YARIS,1,E01013330,0,-1
2023141391581,2023,141391581,1,9,0,18,19,5,1,0,0,2,0,0,0,0,1,1,1,1,1,29,6,1497,1,18,TOYOTA YARIS,2,E01007708,0,-1
2023131292947,2023,131292947,2,9,0,9,9,5,1,0,0,1,0,0,0,0,3,1,5,6,2,53,8,1296,1,16,TOYOTA YARIS,3,E01010670,0,-1
2023010434717,2023,010434717,1,9,0,18,19,5,1,0,0,1,0,0,0,0,1,1,6,6,1,36,7,1329,1,12,TOYOTA YARIS,2,E01003768,0,-1
2023010486428,2023,010486428,1,9,0,5,5,5,1,0,0,2,0,0,0,0,2,1,6,6,1,26,6,1496,1,5,TOYOTA YARIS,3,E01003938,0,-1
2023201349425,2023,201349425,1,9,0,18,19,4,8,0,0,3,0,0,0,0,1,1,1,1,2,23,5,998,1,15,TOYOTA YARIS,1,E01009743,0,-1
2023622300635,2023,622300635,1,9,0,13,13,8,4,0,0,0,0,10,1,11,1,1,6,6,1,29,6,1296,1,17,TOYOTA YARIS,3,W01001312,0,-1
2023131276175,2023,131276175,1,9,0,18,19,5,1,0,0,8,0,0,0,0,0,1,6,6,3,-1,-1,1364,2,12,TOYOTA YARIS,-1,-1,0,-1
2023061302439,2023,061302439,1,9,0,7,7,4,3,0,0,1,0,0,0,0,1,1,5,6,2,93,11,1329,1,11,TOYOTA YARIS,-1,-1,0,-1
2023061349738,2023,061349738,2,9,0,5,5,1,5,0,0,6,0,0,0,0,1,1,5,6,2,74,10,1497,8,7,TOYOTA YARIS,2,E01004906,0,-1
2023061350338,2023,061350338,2,9,0,3,3,4,8,0,0,1,0,0,0,0,2,1,5,6,1,50,8,1329,1,10,TOYOTA YARIS,6,E01005305,0,-1
2023411383345,2023,411383345,2,9,0,2,2,0,0,9,9,1,0,0,0,0,1,1,5,6,1,28,6,998,1,16,TOYOTA YARIS,7,E01024347,0,-1
2023131360726,2023,131360726,2,9,0,18,19,1,1,0,0,2,0,0,0,0,3,1,6,6,2,27,6,1364,2,14,TOYOTA YARIS,1,E01010674,0,-1
2023552301429,2023,552301429,1,9,0,7,7,7,1,0,0,6,0,0,0,0,3,1,2,2,2,59,9,998,1,3,TOYOTA YARIS,5,E01015461,0,-1
2023451372662,2023,451372662,1,9,0,3,3,1,5,0,0,1,0,0,0,0,2,1,5,6,2,32,6,1299,1,19,TOYOTA YARIS,8,E01001614,0,-1
2023311309730,2023,311309730,1,9,0,5,5,1,5,0,0,4,0,0,0,0,1,1,5,6,2,79,11,1329,1,14,TOYOTA YARIS,7,E01007664,0,-1
2023170L20643,2023,170L20643,2,9,0,17,19,4,2,0,0,8,0,0,0,0,1,1,6,6,2,78,11,1497,8,3,TOYOTA YARIS,9,E01012147,0,-1
2023131352888,2023,131352888,1,9,0,18,19,3,7,0,0,0,5,0,0,0,1,1,5,6,1,82,11,1490,8,1,TOYOTA YARIS,2,E01011030,0,-1
2023201397959,2023,201397959,1,9,0,18,19,7,3,0,0,6,0,0,0,0,3,1,6,6,2,72,10,1497,8,4,TOYOTA YARIS,7,E01008992,0,-1
2023010454722,2023,010454722,1,9,0,9,9,5,2,0,0,8,0,0,0,0,4,1,2,2,1,37,7,1497,8,10,TOYOTA YARIS,10,E01017749,0,-1
2023522400187,2023,522400187,2,9,0,17,19,2,6,0,0,0,0,0,0,0,4,1,6,6,2,31,6,1329,1,13,TOYOTA YARIS,8,E01014821,0,-1
2023522301273,2023,522301273,1,9,0,9,9,4,2,0,0,5,0,0,0,0,1,1,6,6,1,57,9,1299,1,18,TOYOTA YARIS,7,E01032116,0,-1
2023451272725,2023,451272725,1,9,0,3,3,2,6,0,0,4,0,0,0,0,2,1,1,1,2,45,7,1329,1,9,TOYOTA YARIS,9,E01030704,0,-1
2023131345633,2023,131345633,2,9,0,18,19,7,3,0,0,8,0,0,0,0,4,1,5,6,1,43,7,1490,8,2,TOYOTA YARIS,1,E01010616,0,-1
2023231419777,2023,231419777,1,9,0,9,9,1,7,0,0,6,0,0,0,0,1,1,2,2,1,50,8,1497,8,4,TOYOTA YARIS,8,E01033255,0,-1
2023991371188,2023,991371188,1,9,0,7,7,2,4,0,0,6,0,0,0,0,1,1,2,2,1,61,9,1497,8,5,TOYOTA YARIS,8,-1,0,-1
2023061437514,2023,061437514,2,9,0,9,9,2,4,0,0,2,0,7,0,0,4,1,6,6,2,46,8,1497,8,9,TOYOTA YARIS,-1,-1,0,-1
2023201411413,2023,201411413,1,9,0,18,19,6,2,0,0,8,0,0,0,0,1,1,6,6,1,22,5,1364,2,6,TOYOTA YARIS,2,E01010270,0,-1
2023461310473,2023,461310473,1,9,0,4,4,6,2,0,0,1,0,0,0,0,1,1,5,6,2,31,6,1364,2,15,TOYOTA YARIS,8,E01023983,0,-1
2023201412161,2023,201412161,1,9,0,12,12,8,4,0,0,0,0,0,0,0,1,1,6,6,1,31,6,1364,2,13,TOYOTA YARIS,1,E01009104,0,-1
2023430149885,2023,430149885,2,9,0,11,11,8,4,0,0,8,0,0,0,0,4,1,6,6,1,-1,-1,1329,1,10,TOYOTA YARIS,-1,-1,0,-1
2023010422061,2023,010422061,1,9,0,7,7,1,3,0,0,1,0,0,0,0,3,1,6,6,1,47,8,1329,1,7,TOYOTA YARIS,6,E01004637,0,-1
2023061286895,2023,061286895,2,9,0,9,9,-1,-1,0,0,8,0,4,0,0,1,1,5,6,2,29,6,1296,1,17,TOYOTA YARIS,3,E01005764,0,-1
2023052300913,2023,052300913,2,9,0,18,19,7,3,0,0,1,5,10,0,0,4,1,6,6,1,59,9,1364,2,13,TOYOTA YARIS,1,E01006770,0,-1
2023501372022,2023,501372022,1,9,0,8,8,5,8,0,0,8,0,0,0,0,1,1,2,2,2,30,6,1299,1,22,TOYOTA YARIS,8,E01019908,0,-1
2023010461057,2023,010461057,2,9,0,99,99,9,9,99,99,9,9,99,9,99,9,9,6,6,3,-1,-1,1497,8,7,TOYOTA YARIS,-1,-1,0,-1
2023461396496,2023,461396496,2,9,0,18,19,1,5,0,0,6,0,0,0,0,4,1,6,6,2,41,7,1496,1,3,TOYOTA YARIS,4,E01024429,0,-1
2023061297662,2023,061297662,2,9,-1,-1,-1,-1,-1,-1,-1,-1,-1,-1,-1,0,-1,1,6,6,2,77,11,1329,1,13,TOYOTA YARIS,1,E01005472,0,-1
2023471380910,2023,471380910,1,9,0,5,5,5,3,9,9,6,0,0,0,0,1,1,1,1,1,67,10,1299,1,18,TOYOTA YARIS,3,E01032832,0,-1
2023041269356,2023,041269356,1,9,0,5,5,7,3,0,0,6,0,0,0,0,1,1,6,6,1,49,8,1364,2,11,TOYOTA YARIS,1,E01024878,0,-1
2023201337450,2023,201337450,2,9,0,3,3,3,6,0,0,1,0,0,0,0,2,1,1,1,1,28,6,1497,8,6,TOYOTA YARIS,1,E01009479,0,-1
2023010438202,2023,010438202,3,9,0,2,2,0,0,0,0,1,0,0,0,0,3,1,6,6,3,-1,-1,1496,1,4,TOYOTA YARIS,-1,-1,0,-1
2023031361946,2023,031361946,1,9,0,9,9,2,8,0,0,2,0,0,0,0,1,1,6,6,2,48,8,1497,8,3,TOYOTA YARIS,6,E01019324,0,-1
2023332301006,2023,332301006,1,9,0,18,19,2,6,0,0,2,0,0,0,0,1,1,6,6,2,63,9,1329,1,10,TOYOTA YARIS,6,E01025656,0,-1
2023010430583,2023,010430583,2,9,0,9,9,8,7,0,0,8,0,0,0,0,3,1,6,6,1,28,6,998,1,18,TOYOTA YARIS,-1,-1,0,-1
2023421321726,2023,421321726,6,9,0,2,2,0,0,0,0,1,0,0,0,0,2,1,6,6,3,-1,-1,1329,1,10,TOYOTA YARIS,-1,-1,0,-1