collision_index,collision_year,collision_ref_no,vehicle_reference,vehicle_type,towing_and_articulation,vehicle_manoeuvre_historic,vehicle_manoeuvre,vehicle_direction_from,vehicle_direction_to,vehicle_location_restricted_lane_historic,vehicle_location_restricted_lane,junction_location,skidding_and_overturning,hit_object_in_carriageway,vehicle_leaving_carriageway,hit_object_off_carriageway,first_point_of_impact,vehicle_left_hand_drive,journey_purpose_of_driver_historic,journey_purpose_of_driver,sex_of_driver,age_of_driver,age_band_of_driver,engine_capacity_cc,propulsion_code,age_of_vehicle,generic_make_model,driver_imd_decile,lsoa_of_driver,escooter_flag,driver_distance_banding
2023430070470,2023,430070470,1,9,0,18,19,8,4,0,0,6,0,0,0,0,3,1,2,2,1,30,6,1490,8,1,TOYOTA YARIS,6,E01032844,0,-1
2023201400493,2023,201400493,2,9,0,18,19,3,7,0,0,8,0,0,0,0,1,1,6,6,2,21,5,1497,8,9,TOYOTA YARIS,1,E01009979,0,-1
2023131301755,2023,131301755,2,9,0,18,19,1,5,0,0,8,0,0,0,0,3,1,5,6,1,44,7,1296,1,15,TOYOTA YARIS,1,E01010841,0,-1
2023010482199,2023,010482199,1,9,0,7,7,7,1,0,0,1,0,0,1,0,1,1,2,2,2,25,5,1329,1,14,TOYOTA YARIS,-1,-1,0,-1
2023471303002,2023,471303002,2,9,0,2,2,0,0,0,0,0,0,0,1,0,1,1,6,6,3,-1,-1,998,1,24,TOYOTA YARIS,-1,-1,0,-1
2023302300805,2023,302300805,1,9,0,9,9,2,8,0,0,6,0,0,0,0,1,1,6,6,1,-1,-1,1364,2,10,TOYOTA YARIS,4,E01019715,0,-1
2023401371278,2023,401371278,1,9,0,4,4,1,5,0,0,5,0,0,0,0,3,1,5,6,2,73,10,1490,8,1,TOYOTA YARIS,10,E01017373,0,-1
2023320427309,2023,320427309,1,9,0,9,9,2,8,0,0,6,0,0,0,0,1,1,1,1,1,34,6,1490,8,0,TOYOTA YARIS,6,E01026147,0,-1
2023141309537,2023,141309537,2,9,0,18,19,1,5,0,0,8,0,0,1,0,1,1,5,6,2,90,11,1363,2,21,TOYOTA YARIS,1,E01007941,0,-1
2023010440347,2023,010440347,2,9,0,99,99,9,9,99,99,9,9,99,9,99,2,9,6,6,3,-1,-1,1497,8,5,TOYOTA YARIS,-1,-1,0,-1
2023201339756,2023,201339756,1,9,0,9,9,6,4,0,0,5,0,0,0,0,4,1,6,6,1,-1,-1,1296,1,15,TOYOTA YARIS,-1,-1,0,-1
2023501383367,2023,501383367,2,9,0,5,5,1,3,0,0,4,0,0,0,0,3,1,5,6,1,20,4,1329,1,9,TOYOTA YARIS,9,E01020215,0,-1
2023461366328,2023,461366328,1,9,0,18,19,3,7,0,0,0,0,0,0,0,1,1,6,6,1,59,9,1329,1,7,TOYOTA YARIS,9,E01024186,0,-1
202354B300923,2023,54B300923,1,9,0,18,19,4,8,0,0,0,2,0,1,11,1,1,6,6,1,19,4,998,1,19,TOYOTA YARIS,8,E01015517,0,-1
2023311324064,2023,311324064,2,9,0,18,19,4,8,0,0,0,0,0,0,0,1,1,6,6,1,19,4,998,1,18,TOYOTA YARIS,6,E01013978,0,-1
2023302301608,2023,302301608,2,9,0,9,9,4,2,0,0,2,0,0,0,0,1,1,6,6,2,22,5,1497,8,11,TOYOTA YARIS,-1,-1,0,-1
2023201279351,2023,201279351,2,9,0,7,7,8,4,0,0,3,0,7,0,0,4,1,6,6,1,37,7,998,1,17,TOYOTA YARIS,1,E01009124,0,-1
2023131292207,2023,131292207,1,9,0,18,19,7,3,0,0,0,0,0,0,0,1,1,6,6,2,40,7,1296,1,15,TOYOTA YARIS,1,E01011360,0,-1
2023061317242,2023,061317242,1,9,0,18,19,1,1,0,0,1,0,0,0,0,1,1,6,6,1,29,6,1329,1,10,TOYOTA YARIS,2,E01005461,0,-1
2023070608788,2023,070608788,1,9,0,18,19,2,4,0,0,0,0,0,0,0,4,1,6,6,1,-1,-1,1490,8,1,TOYOTA YARIS,-1,-1,0,-1
2023010482259,2023,010482259,2,9,0,99,99,9,9,99,99,0,9,99,9,99,0,9,6,6,1,71,10,1299,1,20,TOYOTA YARIS,4,E01004728,0,-1
2023461342381,2023,461342381,2,9,0,2,2,0,0,0,0,0,0,0,0,0,2,1,6,6,2,41,7,1329,1,13,TOYOTA YARIS,2,E01024477,0,-1
2023302301404,2023,302301404,2,9,0,18,19,6,2,0,0,0,0,0,0,0,3,1,1,1,2,42,7,1329,1,11,TOYOTA YARIS,2,E01019842,0,-1
2023052301675,2023,052301675,1,9,0,18,19,7,3,0,0,0,0,0,0,0,1,1,6,6,1,18,4,998,1,19,TOYOTA YARIS,2,E01025471,0,-1
2023010480077,2023,010480077,1,9,0,5,5,3,7,0,0,8,0,0,0,0,3,1,6,6,2,23,5,1497,8,10,TOYOTA YARIS,2,E01004267,0,-1
2023031369124,2023,031369124,1,9,0,18,19,6,2,0,0,2,0,0,0,0,1,1,5,6,2,18,4,998,1,17,TOYOTA YARIS,9,E01019261,0,-1
2023061297975,2023,061297975,1,9,0,18,19,5,1,0,0,1,0,0,0,0,1,1,6,6,1,41,7,1299,1,21,TOYOTA YARIS,1,E01005609,0,-1
2023201411507,2023,201411507,2,9,0,18,19,3,7,0,0,4,0,0,0,0,1,1,5,6,1,49,8,998,1,14,TOYOTA YARIS,2,E01028577,0,-1
2023010455154,2023,010455154,2,9,0,4,4,5,1,0,0,0,0,0,0,0,2,1,6,6,2,36,7,1490,8,1,TOYOTA YARIS,4,E01024620,0,-1
2023440269688,2023,440269688,2,9,0,5,5,1,5,0,0,6,0,0,0,0,1,1,6,6,1,-1,-1,1497,8,4,TOYOTA YARIS,-1,-1,0,-1
2023401341990,2023,401341990,2,9,0,2,2,0,0,0,0,1,0,0,0,0,1,1,5,6,2,38,7,1329,1,7,TOYOTA YARIS,5,E01016768,0,-1
2023421384303,2023,421384303,1,9,0,18,19,4,8,0,0,0,0,0,0,0,1,1,6,6,2,61,9,1329,1,12,TOYOTA YARIS,8,E01021521,0,-1
2023010479500,2023,010479500,2,9,0,99,99,9,9,99,99,9,9,99,9,99,9,9,6,6,3,-1,-1,1497,8,5,TOYOTA YARIS,-1,-1,0,-1
2023332301207,2023,332301207,1,9,0,5,5,6,2,0,0,8,0,0,0,0,1,1,6,6,2,45,7,1364,2,7,TOYOTA YARIS,3,E01013626,0,-1
202354D126923,2023,54D126923,2,9,0,18,19,4,8,0,0,1,2,0,0,0,1,1,6,6,1,27,6,1296,1,15,TOYOTA YARIS,8,W01000260,0,-1
202354A250323,2023,54A250323,1,9,0,18,19,6,2,0,0,0,0,0,0,0,4,1,6,6,3,52,8,1496,1,5,TOYOTA YARIS,8,E01031918,0,-1
2023411364720,2023,411364720,2,9,0,2,2,0,0,0,0,1,0,0,0,0,0,1,6,6,1,76,11,1329,1,8,TOYOTA YARIS,9,E01023819,0,-1
2023311272488,2023,311272488,1,9,-1,18,19,3,7,0,0,0,0,0,0,0,3,1,6,6,2,28,6,1329,1,12,TOYOTA YARIS,3,E01013929,0,-1
2023201415545,2023,201415545,1,9,0,18,19,2,6,0,0,8,0,0,0,0,1,1,6,6,2,-1,-1,1497,1,19,TOYOTA YARIS,-1,-1,0,-1
2023451274990,2023,451274990,2,9,0,18,19,5,1,0,0,0,0,0,0,0,4,1,5,6,1,34,6,1299,1,19,TOYOTA YARIS,6,E01030995,0,-1
2023411383838,2023,411383838,2,9,0,18,19,5,1,0,0,0,1,10,7,0,3,1,2,2,2,31,6,1299,1,23,TOYOTA YARIS,4,E01023395,0,-1
2023041376525,2023,041376525,1,9,0,16,19,2,6,0,0,0,1,0,7,4,1,1,2,2,1,30,6,998,1,22,TOYOTA YARIS,2,E01025263,0,-1
2023010487425,2023,010487425,1,9,0,99,99,9,9,99,99,9,9,99,9,99,1,9,6,6,1,19,4,1490,8,2,TOYOTA YARIS,6,E01003755,0,-1
2023548995623,2023,548995623,1,9,0,18,19,3,7,0,0,0,0,0,0,0,1,1,6,6,1,63,9,1497,8,7,TOYOTA YARIS,3,E01021641,0,-1
2023421360495,2023,421360495,2,9,0,4,4,5,1,0,0,8,0,0,0,0,2,1,5,6,1,28,6,1299,1,20,TOYOTA YARIS,-1,-1,0,-1
2023131285599,2023,131285599,2,9,0,4,4,7,3,0,0,8,0,0,0,0,1,1,5,6,2,36,7,1299,1,18,TOYOTA YARIS,1,E01010880,0,-1
2023041381098,2023,041381098,4,9,0,10,10,5,3,0,0,8,0,0,0,0,1,1,5,6,2,35,6,1329,1,10,TOYOTA YARIS,4,E01025057,0,-1
2023010430945,2023,010430945,1,9,0,18,19,1,5,0,0,0,0,0,0,0,1,1,6,6,1,44,7,998,1,21,TOYOTA YARIS,3,E01000092,0,-1
2023201291205,2023,201291205,2,9,0,9,9,4,2,0,0,8,5,10,1,2,3,1,5,6,2,52,8,1490,8,2,TOYOTA YARIS,9,E01009456,0,-1
2023122300431,2023,122300431,1,9,0,9,9,2,8,0,0,8,0,0,0,0,4,1,6,6,2,22,5,1497,8,5,TOYOTA YARIS,2,E01013349,0,-1
2023010449412,2023,010449412,2,9,9,99,99,9,9,99,99,9,9,99,9,99,9,9,6,6,3,-1,-1,1497,8,11,TOYOTA YARIS,-1,-1,0,-1
2023440480334,2023,440480334,1,9,0,3,3,1,5,0,0,4,0,0,0,0,2,1,2,2,2,31,6,1296,1,16,TOYOTA YARIS,10,E01023102,0,-1
2023010471837,2023,010471837,2,9,0,9,9,1,6,0,0,5,0,0,0,0,1,1,6,6,2,37,7,1490,8,1,TOYOTA YARIS,4,E01002309,0,-1
2023010465347,2023,010465347,2,9,0,3,3,5,1,0,0,1,0,0,0,0,1,1,1,1,1,39,7,1299,1,22,TOYOTA YARIS,4,E01029328,0,-1
2023010468861,2023,010468861,1,9,0,5,5,3,7,0,0,8,0,0,0,0,1,1,6,6,2,24,5,1299,1,18,TOYOTA YARIS,2,E01000143,0,-1
2023010438353,2023,010438353,1,9,0,5,5,1,5,0,0,6,0,0,0,0,3,1,6,6,1,51,8,1299,1,19,TOYOTA YARIS,2,E01003229,0,-1
2023141325266,2023,141325266,1,9,0,18,19,5,1,1,1,0,0,0,0,0,1,1,5,6,2,56,9,998,1,15,TOYOTA YARIS,4,E01007842,0,-1
2023131320766,2023,131320766,2,9,0,18,19,5,1,0,0,1,0,0,0,0,1,1,1,1,2,36,7,1299,1,19,TOYOTA YARIS,2,E01032500,0,-1
2023401359409,2023,401359409,1,9,0,13,13,-1,-1,0,0,0,0,0,0,0,4,1,6,6,2,39,7,1329,1,11,TOYOTA YARIS,9,E01015811,0,-1
2023461379779,2023,461379779,1,9,0,18,19,-1,-1,0,0,4,0,0,0,0,3,1,2,2,2,51,8,1296,1,16,TOYOTA YARIS,1,E01024504,0,-1
2023471350523,2023,471350523,1,9,0,18,19,6,2,0,0,0,0,0,0,0,1,1,2,2,2,33,6,1490,8,2,TOYOTA YARIS,9,E01021023,0,-1
2023010456702,2023,010456702,2,9,0,18,19,3,7,0,0,4,0,0,0,0,4,1,6,6,2,61,9,1329,1,7,TOYOTA YARIS,3,E01000502,0,-1
2023501343553,2023,501343553,2,9,0,3,3,7,5,0,0,1,0,0,0,0,4,1,6,6,1,52,8,1490,8,2,TOYOTA YARIS,4,E01015247,0,-1
2023161386668,2023,161386668,3,9,0,17,19,2,7,0,0,0,0,0,0,0,0,1,6,6,1,63,9,1490,8,1,TOYOTA YARIS,5,E01013048,0,-1
2023161383517,2023,161383517,1,9,0,4,4,8,4,0,0,0,0,0,1,0,2,1,5,6,2,70,10,1496,1,3,TOYOTA YARIS,6,E01013180,0,-1
2023552301158,2023,552301158,1,9,0,18,19,3,7,0,0,8,0,0,0,0,1,1,6,6,1,66,10,1299,1,19,TOYOTA YARIS,5,E01015274,0,-1
2023440481724,2023,440481724,1,9,0,13,13,2,6,0,0,1,0,0,0,0,4,1,6,6,2,-1,-1,1329,1,12,TOYOTA YARIS,3,E01017191,0,-1
2023311265671,2023,311265671,1,9,0,3,3,6,2,8,6,1,0,0,0,0,1,1,5,6,1,18,4,1296,1,17,TOYOTA YARIS,-1,-1,0,-1
2023211285086,2023,211285086,1,9,0,18,19,1,5,0,0,1,0,0,0,0,1,1,6,6,2,-1,-1,1329,1,14,TOYOTA YARIS,-1,-1,0,-1
2023631331645,2023,631331645,1,9,0,18,19,3,7,0,0,0,5,0,8,10,3,1,5,6,1,22,5,998,1,9,TOYOTA YARIS,8,W01000555,0,-1
2023161383517,2023,161383517,2,9,0,18,19,8,4,0,0,0,0,0,1,7,1,1,5,6,1,91,11,1496,1,4,TOYOTA YARIS,4,E01013179,0,-1
2023010478540,2023,010478540,3,9,0,3,3,1,5,0,0,0,0,0,0,0,2,1,6,6,2,35,6,1329,1,11,TOYOTA YARIS,4,E01004419,0,-1
2023501362300,2023,501362300,2,9,0,18,19,5,1,0,0,1,0,0,0,0,1,1,6,6,1,57,9,1364,2,16,TOYOTA YARIS,1,E01015045,0,-1
2023131346933,2023,131346933,1,9,0,18,19,1,5,0,0,0,0,0,0,0,1,1,1,1,2,30,6,998,1,19,TOYOTA YARIS,1,E01011427,0,-1
2023201315332,2023,201315332,2,9,0,9,9,7,6,0,0,6,0,0,0,0,2,1,6,6,2,47,8,998,1,15,TOYOTA YARIS,1,E01009360,0,-1
2023201291341,2023,201291341,1,9,0,1,1,5,3,0,0,0,0,0,0,0,4,1,6,6,1,46,8,1329,1,14,TOYOTA YARIS,1,E01008913,0,-1
2023351319404,2023,351319404,2,9,-1,-1,-1,-1,-1,-1,-1,-1,-1,-1,-1,0,-1,1,5,6,3,-1,-1,998,1,22,TOYOTA YARIS,-1,-1,0,-1
2023991277919,2023,991277919,1,9,0,18,19,1,5,0,0,0,0,0,1,0,1,1,5,6,1,18,4,1496,1,4,TOYOTA YARIS,5,-1,0,-1
2023131372279,2023,131372279,1,9,0,18,19,3,7,0,0,8,0,0,0,0,1,1,5,6,2,55,8,1329,1,10,TOYOTA YARIS,3,E01011212,0,-1
2023340NN4712,2023,340NN4712,2,9,0,18,19,5,1,0,0,1,0,0,0,0,3,1,1,1,2,43,7,1299,1,22,TOYOTA YARIS,2,E01027349,0,-1
2023131345291,2023,131345291,2,9,0,18,19,3,7,0,0,8,0,0,0,0,1,1,1,1,1,37,7,1364,2,9,TOYOTA YARIS,2,E01005383,0,-1
2023461364630,2023,461364630,2,9,0,18,19,3,5,0,0,1,0,0,0,0,1,1,6,6,2,24,5,1497,8,4,TOYOTA YARIS,5,E01001659,0,-1
2023041324487,2023,041324487,2,9,0,18,19,1,5,0,0,1,0,0,0,0,4,1,5,6,1,53,8,1299,1,19,TOYOTA YARIS,2,E01012580,0,-1
2023461318140,2023,461318140,1,9,0,18,19,3,7,0,0,0,0,0,0,0,1,1,5,6,1,47,8,1296,1,17,TOYOTA YARIS,5,E01001658,0,-1
2023411284548,2023,411284548,2,9,0,7,7,5,7,0,0,0,0,0,0,0,2,1,6,6,1,40,7,1329,1,13,TOYOTA YARIS,10,E01023742,0,-1
2023361353355,2023,361353355,1,9,0,18,19,1,5,0,0,0,0,0,0,0,1,1,5,6,2,36,7,1497,8,7,TOYOTA YARIS,5,E01026724,0,-1
2023302300216,2023,302300216,2,9,0,2,2,0,0,0,0,0,0,0,0,0,3,1,6,6,3,-1,-1,1364,2,11,TOYOTA YARIS,-1,-1,0,-1
2023041352924,2023,041352924,2,9,0,18,19,-1,-1,0,0,0,0,0,0,0,3,1,5,6,1,17,4,1329,1,11,TOYOTA YARIS,1,E01025067,0,-1
2023421300801,2023,421300801,2,9,-1,4,4,3,7,0,0,0,0,0,0,0,2,1,5,6,2,63,9,1329,1,10,TOYOTA YARIS,2,E01022043,0,-1
2023010471822,2023,010471822,1,9,9,99,99,9,9,99,99,9,9,99,9,99,9,9,6,6,3,-1,-1,1496,1,5,TOYOTA YARIS,-1,-1,0,-1
2023010482121,2023,010482121,2,9,0,99,99,9,9,99,99,9,9,99,9,99,1,9,6,6,2,-1,-1,1299,1,20,TOYOTA YARIS,5,E01001859,0,-1
2023302300307,2023,302300307,1,9,0,9,9,2,8,9,9,0,0,0,0,0,1,1,6,6,1,62,9,1329,1,11,TOYOTA YARIS,8,E01019764,0,-1
2023461337101,2023,461337101,1,9,0,8,8,7,1,0,0,8,0,0,1,0,3,1,6,6,1,86,11,1329,1,12,TOYOTA YARIS,9,E01024006,0,-1
2023201397190,2023,201397190,1,9,0,18,19,7,3,0,0,0,0,0,0,0,1,1,3,7,2,23,5,998,1,21,TOYOTA YARIS,1,E01009306,0,-1
2023302300026,2023,302300026,2,9,0,18,19,6,2,0,0,1,0,0,0,0,1,1,6,6,2,80,11,1329,1,12,TOYOTA YARIS,10,E01019606,0,-1
2023401387122,2023,401387122,1,9,0,1,1,7,3,0,0,0,0,0,0,0,2,1,5,6,2,65,9,1329,1,11,TOYOTA YARIS,8,E01017591,0,-1
2023401290879,2023,401290879,1,9,0,5,5,-1,-1,0,0,4,0,0,0,0,4,1,6,6,1,43,7,1329,1,11,TOYOTA YARIS,5,E01017486,0,-1
2023201291945,2023,201291945,1,9,0,18,19,2,6,0,0,4,0,0,0,0,1,1,6,6,1,-1,-1,1299,1,21,TOYOTA YARIS,-1,-1,0,-1
2023430042719,2023,430042719,1,9,0,9,9,5,2,0,0,8,0,0,0,0,4,1,6,6,1,28,6,1490,8,2,TOYOTA YARIS,7,E01016225,0,-1
2023061382010,2023,061382010,2,9,0,18,19,3,7,0,0,0,1,0,0,0,1,1,2,2,1,22,5,1329,1,12,TOYOTA YARIS,2,E01004814,0,-1
2023061388912,2023,061388912,2,9,0,18,19,1,5,0,0,0,0,0,0,0,1,1,5,6,2,22,5,1299,1,20,TOYOTA YARIS,10,E01005789,0,-1
2023141363839,2023,141363839,2,9,0,9,9,3,1,0,0,1,0,0,0,0,1,1,6,6,3,-1,-1,1299,1,19,TOYOTA YARIS,-1,-1,0,-1
2023622300104,2023,622300104,1,9,0,18,19,6,2,0,0,8,0,0,0,0,4,1,6,6,1,22,5,1299,1,19,TOYOTA YARIS,3,W01001830,0,-1
2023141383070,2023,141383070,2,9,0,9,9,2,8,0,0,5,0,0,0,0,1,1,2,2,2,22,5,998,1,18,TOYOTA YARIS,3,E01007357,0,-1
2023430308822,2023,430308822,1,9,0,5,5,8,4,0,0,2,0,0,0,0,1,1,6,6,2,-1,-1,1497,8,4,TOYOTA YARIS,-1,-1,0,-1
2023041261248,2023,041261248,1,9,0,9,9,7,1,0,0,8,0,0,7,0,4,1,2,2,1,22,5,1329,1,8,TOYOTA YARIS,7,E01025487,0,-1
2023610035723,2023,610035723,1,9,0,1,1,3,7,0,0,0,0,0,0,0,2,1,6,6,1,-1,-1,998,1,7,TOYOTA YARIS,6,W01001419,0,-1
2023440238058,2023,440238058,1,9,0,12,12,3,7,0,0,1,0,0,0,0,3,1,6,6,1,43,7,1329,1,13,TOYOTA YARIS,3,E01017123,0,-1
2023010432004,2023,010432004,2,9,0,99,99,9,9,99,99,9,9,99,9,99,1,9,6,6,3,-1,-1,998,1,22,TOYOTA YARIS,-1,-1,0,-1
2023340WN1072,2023,340WN1072,1,9,0,18,19,7,3,0,0,8,0,0,0,0,4,1,6,6,2,66,10,1497,8,8,TOYOTA YARIS,8,E01027183,0,-1
2023411341385,2023,411341385,1,9,0,3,3,1,5,0,0,0,0,0,0,0,1,1,6,6,1,26,6,1329,1,9,TOYOTA YARIS,6,E01002113,0,-1
2023052301713,2023,052301713,1,9,0,18,19,5,1,0,0,1,0,0,0,0,1,1,6,6,2,39,7,1497,8,6,TOYOTA YARIS,-1,-1,0,-1
2023010484924,2023,010484924,1,9,0,99,99,9,9,99,99,9,9,99,9,99,2,9,6,6,2,39,7,1496,1,4,TOYOTA YARIS,4,E01003672,0,-1
2023201409485,2023,201409485,1,9,0,18,19,3,7,0,0,0,0,0,0,0,1,1,6,6,1,-1,-1,1497,8,3,TOYOTA YARIS,6,E01014914,0,-1
2023421312914,2023,421312914,1,9,0,4,4,3,7,0,0,0,0,0,0,0,1,1,5,6,1,85,11,1490,8,2,TOYOTA YARIS,9,E01021748,0,-1
2023041333609,2023,041333609,1,9,0,1,1,0,1,9,9,0,0,0,0,0,2,1,5,6,1,45,7,1364,2,16,TOYOTA YARIS,5,E01025304,0,-1
2023201295732,2023,201295732,2,9,5,18,19,3,7,0,0,8,0,0,0,0,4,1,6,6,1,47,8,998,1,13,TOYOTA YARIS,1,E01009062,0,-1
2023041301334,2023,041301334,2,9,0,2,2,1,5,0,0,2,0,0,0,0,2,1,1,1,1,32,6,998,1,20,TOYOTA YARIS,4,E01033281,0,-1
2023351315387,2023,351315387,1,9,0,18,19,3,8,0,0,1,0,0,0,0,1,1,5,6,1,85,11,998,1,18,TOYOTA YARIS,3,E01026488,0,-1
2023161380549,2023,161380549,1,9,0,9,9,6,3,0,0,1,0,0,0,0,1,1,6,6,1,66,10,1490,8,2,TOYOTA YARIS,1,E01013220,0,-1
2023010473050,2023,010473050,1,9,0,10,10,1,7,0,0,1,0,0,1,0,4,1,6,6,2,60,9,998,1,11,TOYOTA YARIS,5,E01004071,0,-1
2023161284178,2023,161284178,2,9,0,7,7,4,7,0,0,2,0,0,0,0,1,1,2,2,2,29,6,1497,8,6,TOYOTA YARIS,1,E01013162,0,-1
2023010445567,2023,010445567,2,9,0,99,99,9,9,99,99,0,9,99,9,99,1,9,6,6,3,-1,-1,1490,8,1,TOYOTA YARIS,-1,-1,0,-1
2023010455842,2023,010455842,2,9,9,99,99,9,9,99,99,9,9,99,9,99,1,9,6,6,3,-1,-1,1329,1,9,TOYOTA YARIS,-1,-1,0,-1
2023041315035,2023,041315035,2,9,0,8,8,3,7,0,0,0,0,0,0,0,2,1,5,6,2,33,6,1497,8,7,TOYOTA YARIS,1,E01012639,0,-1
2023201293941,2023,201293941,1,9,0,3,3,2,6,0,0,2,0,0,0,0,2,1,6,6,1,50,8,1329,1,13,TOYOTA YARIS,1,E01033642,0,-1
2023411399440,2023,411399440,1,9,0,18,19,5,8,0,0,2,5,7,8,3,1,1,5,6,2,81,11,1329,1,13,TOYOTA YARIS,10,E01023377,0,-1
2023101333735,2023,101333735,1,9,0,18,19,5,1,0,0,8,0,0,0,0,1,1,6,6,1,42,7,1497,8,4,TOYOTA YARIS,7,E01008585,0,-1
2023010472939,2023,010472939,1,9,0,99,99,9,9,99,99,9,9,99,9,99,9,9,6,6,2,55,8,1329,1,6,TOYOTA YARIS,5,E01002232,0,-1
2023622300745,2023,622300745,1,9,0,9,9,8,6,0,0,6,0,0,0,0,1,1,6,6,1,68,10,1364,2,16,TOYOTA YARIS,2,W01001895,0,-1
2023201297402,2023,201297402,2,9,0,18,19,3,7,0,0,6,0,0,0,0,3,1,6,6,2,25,5,998,1,18,TOYOTA YARIS,1,E01010462,0,-1
2023201305609,2023,201305609,2,9,0,18,19,3,7,0,0,1,0,0,0,0,1,1,6,6,1,24,5,1296,1,17,TOYOTA YARIS,1,E01009021,0,-1
2023401280050,2023,401280050,1,9,0,9,9,2,7,0,0,8,0,0,0,0,1,1,2,2,2,59,9,1299,1,18,TOYOTA YARIS,3,E01017400,0,-1
2023401337865,2023,401337865,1,9,0,18,19,-1,-1,0,0,4,0,0,0,0,3,1,5,6,2,37,7,1490,8,2,TOYOTA YARIS,9,E01023833,0,-1
2023010429020,2023,010429020,2,9,0,3,3,4,8,0,0,1,0,4,0,0,2,1,6,6,1,32,6,1299,1,20,TOYOTA YARIS,4,E01000554,0,-1
2023461285955,2023,461285955,3,9,0,4,4,4,8,0,0,0,0,0,0,0,2,1,6,6,1,34,6,1296,1,16,TOYOTA YARIS,10,E01016051,0,-1
2023461343908,2023,461343908,4,9,0,3,3,7,3,0,0,1,0,0,0,0,2,1,6,6,2,31,6,1329,1,14,TOYOTA YARIS,5,E01016157,0,-1
2023131272172,2023,131272172,1,9,0,9,9,1,5,0,0,1,0,0,0,0,1,1,5,6,1,37,7,998,1,6,TOYOTA YARIS,3,E01011139,0,-1
2023010472904,2023,010472904,1,9,9,3,3,8,4,0,0,1,9,0,0,0,2,1,6,6,1,29,6,1299,1,20,TOYOTA YARIS,2,E01000152,0,-1
2023540503523,2023,540503523,1,9,0,18,19,5,1,0,0,2,0,0,0,0,1,1,6,6,2,23,5,1497,8,7,TOYOTA YARIS,-1,-1,0,-1
2023061337771,2023,061337771,2,9,0,18,19,5,7,0,0,8,0,0,0,0,1,1,6,6,2,27,6,998,1,17,TOYOTA YARIS,2,E01005199,0,-1
2023010434794,2023,010434794,2,9,9,99,99,9,9,99,99,9,9,99,9,99,9,9,6,6,3,-1,-1,1299,1,19,TOYOTA YARIS,-1,-1,0,-1
2023010444579,2023,010444579,1,9,9,99,99,9,9,99,99,9,9,99,9,99,9,9,6,6,1,47,8,1497,8,6,TOYOTA YARIS,5,E01004169,0,-1
2023031376200,2023,031376200,1,9,0,18,19,3,7,0,0,1,0,0,0,0,1,1,6,6,1,54,8,1490,8,0,TOYOTA YARIS,1,E01019280,0,-1
2023041322921,2023,041322921,2,9,0,18,19,1,5,0,0,8,0,0,0,0,1,1,2,2,2,50,8,1496,1,6,TOYOTA YARIS,8,E01025105,0,-1
2023461389332,2023,461389332,2,9,0,18,19,1,5,0,0,8,0,0,0,0,1,1,5,6,1,60,9,1497,8,8,TOYOTA YARIS,5,E01024767,0,-1
2023010423225,2023,010423225,1,9,0,11,11,3,7,0,0,3,0,0,0,0,2,1,6,6,2,37,7,1490,8,1,TOYOTA YARIS,-1,-1,0,-1
2023010435980,2023,010435980,2,9,0,99,99,9,9,99,99,0,9,99,9,99,9,9,6,6,3,-1,-1,1299,1,18,TOYOTA YARIS,10,E01030695,0,-1
2023201400616,2023,201400616,1,9,0,18,19,4,8,0,0,0,0,0,0,0,3,1,6,6,2,25,5,1329,1,13,TOYOTA YARIS,5,E01010014,0,-1
2023430354606,2023,430354606,2,9,0,18,19,6,2,0,0,8,0,0,0,0,1,1,6,6,2,27,6,1329,1,9,TOYOTA YARIS,10,E01016410,0,-1
2023010472969,2023,010472969,1,9,0,18,19,1,5,0,0,1,0,0,0,0,4,1,6,6,1,25,5,1296,1,15,TOYOTA YARIS,3,E01002130,0,-1
2023302300495,2023,302300495,1,9,0,18,19,8,4,0,0,1,0,0,0,0,1,1,1,1,1,45,7,1299,1,19,TOYOTA YARIS,2,E01013483,0,-1
2023401380390,2023,401380390,2,9,0,18,19,3,7,0,0,0,0,0,0,0,1,1,3,7,1,18,4,1329,1,12,TOYOTA YARIS,8,E01017526,0,-1
2023461313125,2023,461313125,2,9,0,13,13,6,2,0,0,0,1,0,0,0,2,1,3,7,2,41,7,1490,8,0,TOYOTA YARIS,-1,-1,0,-1
2023421387426,2023,421387426,2,9,0,18,19,3,7,0,0,0,0,0,1,0,3,1,6,6,2,74,10,1490,8,0,TOYOTA YARIS,7,E01033143,0,-1
2023461284293,2023,461284293,3,9,0,18,19,7,3,0,0,0,0,0,0,0,2,1,6,6,1,54,8,1329,1,7,TOYOTA YARIS,4,E01024087,0,-1
2023461347055,2023,461347055,1,9,0,18,19,3,7,0,0,0,0,0,0,0,4,1,6,6,2,32,6,1329,1,10,TOYOTA YARIS,2,E01024627,0,-1
2023221354524,2023,221354524,1,9,0,16,19,6,2,0,0,2,1,6,0,0,1,1,1,1,2,25,5,1299,1,18,TOYOTA YARIS,4,E01014011,0,-1
2023430222462,2023,430222462,1,9,0,18,19,8,4,0,0,4,0,0,0,0,1,1,6,6,3,65,9,1299,1,20,TOYOTA YARIS,7,E01016250,0,-1
2023302300995,2023,302300995,1,9,0,5,5,1,3,0,0,4,0,0,0,0,1,1,6,6,2,72,10,1296,1,17,TOYOTA YARIS,8,E01019781,0,-1