collision_index,collision_year,collision_ref_no,vehicle_reference,vehicle_type,towing_and_articulation,vehicle_manoeuvre_historic,vehicle_manoeuvre,vehicle_direction_from,vehicle_direction_to,vehicle_location_restricted_lane_historic,vehicle_location_restricted_lane,junction_location,skidding_and_overturning,hit_object_in_carriageway,vehicle_leaving_carriageway,hit_object_off_carriageway,first_point_of_impact,vehicle_left_hand_drive,journey_purpose_of_driver_historic,journey_purpose_of_driver,sex_of_driver,age_of_driver,age_band_of_driver,engine_capacity_cc,propulsion_code,age_of_vehicle,generic_make_model,driver_imd_decile,lsoa_of_driver,escooter_flag,driver_distance_banding
2023421344384,2023,421344384,1,9,0,5,5,8,4,0,0,0,0,0,0,0,1,1,6,6,1,72,10,1497,8,7,TOYOTA YARIS,-1,-1,0,-1
2023522301642,2023,522301642,12,9,0,2,2,0,0,0,0,0,0,0,0,0,3,1,6,6,3,-1,-1,1299,1,20,TOYOTA YARIS,-1,-1,0,-1
2023061285960,2023,061285960,2,9,0,18,19,-1,-1,0,0,8,0,0,0,0,4,1,6,6,2,43,7,1364,2,15,TOYOTA YARIS,2,E01005337,0,-1
2023010466807,2023,010466807,1,9,0,99,99,9,9,99,99,9,9,99,9,99,9,9,1,1,2,41,7,1490,8,2,TOYOTA YARIS,5,E01015739,0,-1
2023302300896,2023,302300896,1,9,0,18,19,2,6,0,0,0,0,0,7,4,1,1,6,6,1,70,10,1490,8,1,TOYOTA YARIS,7,E01019770,0,-1
2023332300111,2023,332300111,1,9,0,9,9,5,3,0,0,2,0,0,0,0,1,1,6,6,3,-1,-1,1490,8,1,TOYOTA YARIS,-1,-1,0,-1
2023010419183,2023,010419183,2,9,0,9,9,1,6,0,0,1,0,10,0,0,4,1,6,6,1,25,5,1490,8,1,TOYOTA YARIS,3,E01001546,0,-1
2023221330152,2023,221330152,1,9,0,9,9,4,2,0,0,3,0,0,0,0,4,1,2,2,1,25,5,998,1,15,TOYOTA YARIS,1,E01009371,0,-1
2023101284160,2023,101284160,2,9,0,4,4,2,6,0,0,8,0,0,0,0,2,1,5,6,1,26,6,1490,8,2,TOYOTA YARIS,9,E01008367,0,-1
2023010479155,2023,010479155,1,9,0,6,6,3,3,0,0,0,0,0,0,0,3,1,6,6,1,37,7,998,1,14,TOYOTA YARIS,3,E01004303,0,-1
2023010451309,2023,010451309,1,9,0,7,7,7,2,4,4,1,0,0,0,0,4,1,1,1,1,27,6,1497,8,10,TOYOTA YARIS,6,E01002246,0,-1
2023211333377,2023,211333377,2,9,0,18,19,1,5,0,0,0,0,0,0,0,1,1,6,6,2,47,8,1497,8,8,TOYOTA YARIS,1,E01012687,0,-1
2023332301101,2023,332301101,3,9,0,10,10,5,3,0,0,1,0,0,0,0,2,1,2,2,1,38,7,1497,8,7,TOYOTA YARIS,2,E01013647,0,-1
2023451362768,2023,451362768,1,9,0,18,19,5,1,0,0,0,0,0,0,0,3,1,2,2,2,29,6,1299,1,22,TOYOTA YARIS,6,E01003002,0,-1
2023010430365,2023,010430365,2,9,0,99,99,9,9,99,99,9,9,99,9,99,9,9,6,6,3,-1,-1,1490,8,2,TOYOTA YARIS,5,E01033708,0,-1
2023461320356,2023,461320356,1,9,0,16,19,5,1,0,0,4,0,9,0,0,1,1,5,6,2,77,11,1496,1,4,TOYOTA YARIS,9,E01024183,0,-1
2023201348387,2023,201348387,2,9,0,18,19,2,6,0,0,8,0,0,3,0,3,1,6,6,2,43,7,1296,1,15,TOYOTA YARIS,1,E01009136,0,-1
2023141300991,2023,141300991,1,9,0,18,19,4,8,0,0,2,0,0,0,0,3,1,5,6,1,44,7,1364,2,15,TOYOTA YARIS,1,E01008054,0,-1
2023201281208,2023,201281208,1,9,0,11,11,5,1,0,0,2,0,0,0,0,1,1,2,2,1,35,6,1296,1,17,TOYOTA YARIS,2,E01010335,0,-1
2023361369415,2023,361369415,1,9,0,18,19,8,4,0,0,0,5,0,0,0,1,1,5,6,1,75,10,1490,8,1,TOYOTA YARIS,9,E01026875,0,-1
2023070624561,2023,070624561,1,9,0,18,19,7,3,0,0,0,0,0,0,0,1,1,2,2,1,27,6,1490,8,0,TOYOTA YARIS,3,E01016442,0,-1
2023041340273,2023,041340273,2,9,0,18,19,1,5,0,0,1,0,0,0,0,2,1,5,6,2,56,9,1490,8,1,TOYOTA YARIS,4,E01012715,0,-1
2023622300096,2023,622300096,2,9,0,4,4,6,2,0,0,0,0,0,0,0,2,1,6,6,1,52,8,998,1,21,TOYOTA YARIS,1,W01001696,0,-1
2023010453323,2023,010453323,2,9,0,99,99,9,9,99,99,9,9,99,9,99,9,9,6,6,3,-1,-1,1296,1,17,TOYOTA YARIS,-1,-1,0,-1
2023440449353,2023,440449353,1,9,0,4,4,4,8,0,0,0,0,0,0,0,2,1,6,6,1,20,4,1329,1,13,TOYOTA YARIS,10,E01023040,0,-1
2023421286826,2023,421286826,1,9,0,14,14,5,1,0,0,0,0,0,0,0,1,1,2,2,2,36,7,1329,1,13,TOYOTA YARIS,-1,-1,0,-1
2023041389194,2023,041389194,2,9,0,18,19,7,3,0,0,0,1,0,1,9,3,1,1,1,1,28,6,1329,1,11,TOYOTA YARIS,5,E01025212,0,-1
2023440385254,2023,440385254,1,9,0,4,4,5,1,0,0,2,0,0,0,0,2,1,6,6,2,31,6,1497,8,3,TOYOTA YARIS,8,E01032002,0,-1
2023010468566,2023,010468566,2,9,0,18,19,1,5,0,0,0,0,0,0,0,4,1,6,6,1,47,8,1496,1,4,TOYOTA YARIS,4,E01023403,0,-1
2023361412510,2023,361412510,1,9,0,5,5,1,5,0,0,8,0,0,1,0,1,1,6,6,1,75,10,1497,8,4,TOYOTA YARIS,8,E01023639,0,-1
2023141368101,2023,141368101,1,9,0,7,7,7,1,0,0,2,0,0,0,0,1,1,2,2,1,28,6,1329,1,11,TOYOTA YARIS,3,E01007680,0,-1
2023501319641,2023,501319641,1,9,0,18,19,5,3,0,0,0,0,0,0,0,3,1,5,6,1,19,4,1296,1,17,TOYOTA YARIS,7,E01020169,0,-1
2023302300146,2023,302300146,1,9,0,16,19,6,2,0,0,0,2,0,2,11,4,1,6,6,2,19,4,1296,1,17,TOYOTA YARIS,4,E01002594,0,-1
2023010430598,2023,010430598,2,9,0,9,9,3,8,0,0,6,0,0,0,0,1,1,3,7,2,34,6,1497,8,4,TOYOTA YARIS,3,E01002808,0,-1
2023041269407,2023,041269407,2,9,0,18,19,3,7,0,0,8,0,0,0,0,4,1,5,6,1,51,8,1299,1,18,TOYOTA YARIS,1,E01025224,0,-1
2023010481174,2023,010481174,2,9,0,99,99,9,9,99,99,9,9,99,9,99,2,9,6,6,3,-1,-1,1497,8,5,TOYOTA YARIS,-1,-1,0,-1
2023161392756,2023,161392756,1,9,0,4,4,1,5,0,0,1,0,0,0,0,2,1,5,6,1,28,6,1490,8,0,TOYOTA YARIS,1,E01013219,0,-1
2023461305563,2023,461305563,1,9,0,5,5,3,7,0,0,5,0,0,0,0,1,1,3,7,1,75,10,1329,1,8,TOYOTA YARIS,2,E01016061,0,-1
2023131319038,2023,131319038,2,9,0,15,15,1,5,0,0,0,0,0,0,0,1,1,5,6,1,20,4,1296,1,16,TOYOTA YARIS,1,E01011340,0,-1
2023991387328,2023,991387328,1,9,0,7,7,4,8,0,0,4,0,0,0,0,1,1,5,6,1,73,10,1329,1,11,TOYOTA YARIS,2,-1,0,-1
2023010422939,2023,010422939,2,9,0,9,9,1,7,0,0,5,0,0,0,0,1,1,6,6,1,32,6,1296,1,17,TOYOTA YARIS,2,E01003731,0,-1
2023471320864,2023,471320864,1,9,0,18,19,7,3,0,0,8,0,0,0,0,3,1,6,6,1,35,6,1363,2,18,TOYOTA YARIS,4,E01021131,0,-1
2023131350820,2023,131350820,4,9,0,2,2,0,0,0,0,8,0,0,0,0,1,1,6,6,3,-1,-1,1329,1,12,TOYOTA YARIS,-1,-1,0,-1
2023471266495,2023,471266495,2,9,0,16,19,3,6,0,0,0,0,0,0,0,4,1,5,6,2,68,10,1490,8,1,TOYOTA YARIS,8,E01031629,0,-1
202360A078709,2023,60A078709,3,9,0,18,19,1,5,0,0,0,0,0,0,0,2,1,6,6,3,-1,-1,1329,1,7,TOYOTA YARIS,-1,-1,0,-1
2023201380583,2023,201380583,2,9,0,18,19,3,7,0,0,0,0,10,1,0,3,1,6,6,2,28,6,998,1,4,TOYOTA YARIS,2,E01008946,0,-1
2023451309558,2023,451309558,1,9,0,7,7,5,1,0,0,4,0,0,0,0,4,1,5,6,1,82,11,998,1,5,TOYOTA YARIS,9,E01031458,0,-1
2023061344071,2023,061344071,1,9,0,9,9,2,1,0,0,8,0,0,1,0,1,1,5,6,1,19,4,1296,1,15,TOYOTA YARIS,2,E01005430,0,-1
2023010458080,2023,010458080,1,9,0,18,19,7,3,0,0,7,0,0,0,0,1,1,6,6,1,32,6,1329,1,11,TOYOTA YARIS,-1,-1,0,-1
2023010465807,2023,010465807,1,9,9,99,99,9,9,99,99,9,9,99,9,99,9,9,6,6,3,-1,-1,1497,8,5,TOYOTA YARIS,9,E01004118,0,-1
2023522300935,2023,522300935,2,9,0,10,10,2,8,0,0,1,0,0,0,0,2,1,6,6,2,32,6,1329,1,14,TOYOTA YARIS,7,E01014649,0,-1
2023010479320,2023,010479320,2,9,0,99,99,9,9,99,99,0,9,99,9,99,2,9,6,6,3,-1,-1,1496,1,5,TOYOTA YARIS,-1,-1,0,-1
2023041260859,2023,041260859,1,9,0,15,15,5,1,0,0,1,0,0,0,0,1,1,5,6,1,76,11,1329,1,7,TOYOTA YARIS,7,E01027572,0,-1
2023010473191,2023,010473191,2,9,0,18,19,1,5,0,0,3,0,0,0,0,1,1,6,6,1,61,9,1296,1,15,TOYOTA YARIS,2,E01001796,0,-1
2023052302536,2023,052302536,1,9,0,5,5,2,5,0,0,6,0,0,0,0,1,1,3,7,2,47,8,1496,1,3,TOYOTA YARIS,1,E01007129,0,-1
2023340WN5262,2023,340WN5262,1,9,0,18,19,4,8,0,0,1,0,0,1,10,1,1,6,6,1,82,11,1497,8,8,TOYOTA YARIS,9,E01028481,0,-1
2023201379503,2023,201379503,1,9,0,5,5,5,1,0,0,4,0,0,0,0,1,1,6,6,1,26,6,1329,1,9,TOYOTA YARIS,6,E01028597,0,-1
2023131326112,2023,131326112,2,9,0,18,19,1,1,0,0,4,0,0,0,0,2,1,6,6,1,39,7,1299,1,20,TOYOTA YARIS,4,E01011023,0,-1
2023461338479,2023,461338479,1,9,0,9,9,1,5,0,0,0,0,0,0,0,1,1,6,6,1,74,10,1296,1,15,TOYOTA YARIS,6,E01024847,0,-1
2023201383221,2023,201383221,2,9,0,18,19,5,2,0,0,8,0,0,0,0,3,1,6,6,2,66,10,1497,8,4,TOYOTA YARIS,9,E01010346,0,-1
2023440194615,2023,440194615,2,9,0,18,19,3,7,0,0,0,0,0,0,0,1,1,6,6,2,19,4,998,1,17,TOYOTA YARIS,10,E01023045,0,-1
2023010482102,2023,010482102,2,9,0,18,19,7,3,0,0,0,0,0,0,0,2,1,6,6,2,58,9,1329,1,12,TOYOTA YARIS,5,E01015926,0,-1
2023010447970,2023,010447970,1,9,0,99,99,9,9,99,99,9,9,99,9,99,9,9,6,6,2,32,6,1299,1,21,TOYOTA YARIS,2,E01004089,0,-1
2023031287941,2023,031287941,1,9,0,18,19,6,2,0,0,6,0,0,0,0,1,1,6,6,1,72,10,1497,8,8,TOYOTA YARIS,6,E01019315,0,-1
2023141376281,2023,141376281,2,9,0,18,19,8,4,0,0,1,0,0,0,0,2,1,6,6,1,-1,-1,1364,2,9,TOYOTA YARIS,-1,-1,0,-1
2023522324518,2023,522324518,2,9,0,18,19,5,1,0,0,4,0,0,0,0,1,1,6,6,2,-1,-1,1496,1,4,TOYOTA YARIS,10,E01014618,0,-1
2023131348922,2023,131348922,2,9,0,18,19,1,5,0,0,6,0,0,0,0,2,1,6,6,1,44,7,1363,2,18,TOYOTA YARIS,1,E01011372,0,-1
2023531338429,2023,531338429,2,9,0,18,19,1,5,0,0,1,1,0,8,0,1,1,5,6,1,34,6,1296,1,15,TOYOTA YARIS,9,E01022422,0,-1
202360A098106,2023,60A098106,1,9,0,17,19,6,3,0,0,0,1,0,7,0,1,1,6,6,1,19,4,1296,1,15,TOYOTA YARIS,-1,-1,0,-1
2023361269774,2023,361269774,1,9,0,9,9,2,4,0,0,2,0,0,0,0,3,1,5,6,1,74,10,1299,1,18,TOYOTA YARIS,10,E01026927,0,-1
202363A007723,2023,63A007723,2,9,0,18,19,7,3,0,0,0,0,0,1,10,1,1,1,1,1,56,9,1363,2,18,TOYOTA YARIS,6,W01000541,0,-1
2023332301216,2023,332301216,1,9,0,7,7,2,4,9,9,5,0,0,0,0,4,1,6,6,1,47,8,998,1,18,TOYOTA YARIS,1,E01013653,0,-1
2023010451470,2023,010451470,2,9,9,99,99,9,9,99,99,9,9,99,9,99,9,9,6,6,3,-1,-1,1490,8,0,TOYOTA YARIS,-1,-1,0,-1
2023061350212,2023,061350212,1,9,0,9,9,1,7,0,0,6,0,0,0,0,3,1,2,2,2,28,6,1490,8,2,TOYOTA YARIS,3,E01006286,0,-1
2023201404374,2023,201404374,1,9,0,18,19,6,2,0,0,6,0,0,0,0,1,1,6,6,1,55,8,998,1,20,TOYOTA YARIS,1,E01009542,0,-1
2023041283365,2023,041283365,6,9,0,2,2,7,3,0,0,2,0,0,0,0,2,1,6,6,3,-1,-1,1490,8,3,TOYOTA YARIS,-1,-1,0,-1
2023061352023,2023,061352023,1,9,0,2,2,0,0,0,0,1,0,0,0,0,2,1,6,6,1,25,5,1296,1,15,TOYOTA YARIS,7,E01004880,0,-1
2023061385343,2023,061385343,1,9,0,9,9,7,5,0,0,8,0,0,0,0,4,1,5,6,2,48,8,1497,8,3,TOYOTA YARIS,5,E01005687,0,-1
2023411395144,2023,411395144,3,9,0,18,19,5,1,0,0,0,0,0,0,0,2,1,6,6,1,51,8,1490,8,1,TOYOTA YARIS,9,E01017449,0,-1
2023010459520,2023,010459520,1,9,0,18,19,1,5,0,0,1,0,0,0,0,1,1,6,6,1,38,7,998,1,22,TOYOTA YARIS,5,E01004503,0,-1
2023546696123,2023,546696123,1,9,0,5,5,8,5,0,0,8,0,0,0,0,1,1,6,6,1,84,11,998,1,8,TOYOTA YARIS,5,E01015571,0,-1
2023010478394,2023,010478394,2,9,0,99,99,9,9,99,99,9,9,99,9,99,1,9,6,6,3,-1,-1,1329,1,10,TOYOTA YARIS,5,E01032789,0,-1
2023122301234,2023,122301234,2,9,0,17,19,4,8,0,0,1,0,0,0,0,1,1,1,1,1,31,6,1299,1,18,TOYOTA YARIS,8,E01010645,0,-1
2023141362184,2023,141362184,2,9,0,18,19,2,6,0,0,0,0,0,0,0,1,1,6,6,3,-1,-1,1490,8,1,TOYOTA YARIS,-1,-1,0,-1
2023041383976,2023,041383976,6,9,0,2,2,0,0,0,0,2,0,4,0,0,3,1,6,6,3,-1,-1,1496,1,3,TOYOTA YARIS,-1,-1,0,-1
2023461289708,2023,461289708,2,9,-1,-1,-1,-1,-1,-1,-1,0,-1,-1,-1,0,2,1,6,6,1,58,9,1296,1,15,TOYOTA YARIS,1,E01024389,0,-1
2023221325634,2023,221325634,2,9,0,18,19,6,2,0,0,8,0,0,0,0,1,1,5,6,2,57,9,998,1,12,TOYOTA YARIS,-1,-1,0,-1
2023061278489,2023,061278489,1,9,-1,-1,-1,-1,-1,-1,-1,-1,-1,-1,-1,0,-1,1,6,6,3,-1,-1,1329,1,12,TOYOTA YARIS,-1,-1,0,-1
2023351321147,2023,351321147,2,9,0,18,19,-1,-1,0,0,0,0,0,0,0,1,1,2,2,1,23,5,1497,8,8,TOYOTA YARIS,6,E01018045,0,-1
2023471312117,2023,471312117,1,9,0,18,19,1,5,0,0,0,0,0,0,0,3,1,6,6,1,88,11,1496,1,5,TOYOTA YARIS,9,E01021124,0,-1
2023501319532,2023,501319532,2,9,0,18,19,1,5,0,0,8,0,0,0,0,2,1,6,6,2,81,11,1329,1,11,TOYOTA YARIS,8,E01019889,0,-1
2023440019580,2023,440019580,1,9,0,3,3,5,1,0,0,4,0,0,0,0,2,1,2,2,1,36,7,1329,1,13,TOYOTA YARIS,6,E01023250,0,-1
2023131363061,2023,131363061,2,9,0,18,19,7,3,0,0,0,0,0,0,0,2,1,5,6,2,54,8,1329,1,9,TOYOTA YARIS,6,E01013253,0,-1
2023332300417,2023,332300417,2,9,0,18,19,6,2,0,0,2,0,0,0,0,1,1,6,6,3,-1,-1,1298,1,20,TOYOTA YARIS,-1,-1,0,-1
2023141374154,2023,141374154,2,9,0,18,19,1,5,0,0,8,0,0,0,0,1,1,5,6,2,56,9,1497,8,8,TOYOTA YARIS,9,E01007428,0,-1
2023010477604,2023,010477604,2,9,0,99,99,9,9,99,99,9,9,99,9,99,9,9,6,6,3,-1,-1,1490,8,1,TOYOTA YARIS,-1,-1,0,-1
2023471389943,2023,471389943,1,9,0,18,19,5,1,0,0,0,0,0,0,0,1,1,5,6,1,69,10,1497,8,5,TOYOTA YARIS,4,E01020997,0,-1
2023211351944,2023,211351944,2,9,-1,-1,-1,-1,-1,-1,-1,0,-1,-1,-1,0,-1,1,6,6,2,27,6,1497,8,4,TOYOTA YARIS,5,E01001471,0,-1
2023010464875,2023,010464875,1,9,0,8,8,1,4,0,0,1,0,0,0,0,1,1,6,6,1,20,4,1329,1,12,TOYOTA YARIS,7,E01000309,0,-1
2023201291653,2023,201291653,1,9,0,7,7,2,4,0,0,5,0,0,0,0,1,1,5,6,1,39,7,1364,2,15,TOYOTA YARIS,2,E01009573,0,-1
2023041264041,2023,041264041,1,9,0,18,19,1,5,0,0,8,0,0,2,0,1,1,5,6,1,22,5,1497,1,21,TOYOTA YARIS,8,E01024971,0,-1
2023311338669,2023,311338669,2,9,0,3,3,6,6,0,0,0,0,0,0,0,4,1,5,6,2,33,6,1490,8,1,TOYOTA YARIS,-1,-1,0,-1
2023010477648,2023,010477648,2,9,0,99,99,9,9,99,99,9,9,99,9,99,1,9,6,6,3,-1,-1,1497,8,5,TOYOTA YARIS,2,E01003124,0,-1
2023170M11453,2023,170M11453,2,9,0,11,11,2,6,0,0,0,0,0,0,0,4,1,6,6,1,57,9,1329,1,8,TOYOTA YARIS,-1,-1,0,-1
2023501293385,2023,501293385,2,9,0,16,19,7,3,0,0,0,0,1,0,0,1,1,5,6,2,42,7,1496,1,6,TOYOTA YARIS,5,E01029193,0,-1
2023010478149,2023,010478149,3,9,0,2,2,0,0,0,0,0,0,0,0,0,3,1,6,6,3,-1,-1,1497,8,4,TOYOTA YARIS,-1,-1,0,-1
2023041353183,2023,041353183,2,9,0,13,13,7,3,0,0,1,0,0,0,0,4,1,6,6,1,53,8,998,1,15,TOYOTA YARIS,5,E01025190,0,-1
2023302301132,2023,302301132,1,9,0,18,19,8,4,0,0,1,0,0,0,0,4,1,2,2,2,65,9,1329,1,14,TOYOTA YARIS,1,E01019566,0,-1
2023111301865,2023,111301865,1,9,0,18,19,2,6,0,0,1,0,0,0,0,1,1,6,6,1,60,9,1497,8,5,TOYOTA YARIS,7,E01020685,0,-1
2023421302643,2023,421302643,1,9,0,4,4,2,2,0,0,0,0,11,1,10,1,1,5,6,2,30,6,1364,2,8,TOYOTA YARIS,9,E01023050,0,-1
2023010423851,2023,010423851,1,9,0,99,99,9,9,99,99,9,9,99,9,99,2,9,6,6,1,30,6,1497,8,5,TOYOTA YARIS,9,E01017556,0,-1
2023320498241,2023,320498241,4,9,0,4,4,2,6,0,0,0,0,0,0,0,2,1,6,6,2,32,6,998,1,8,TOYOTA YARIS,9,E01025686,0,-1
2023010422203,2023,010422203,1,9,0,9,9,5,3,0,0,1,0,0,0,0,1,1,2,2,1,20,4,1296,1,17,TOYOTA YARIS,-1,-1,0,-1
2023332301007,2023,332301007,1,9,0,9,9,1,7,0,0,6,0,0,0,0,1,1,6,6,1,39,7,1299,1,18,TOYOTA YARIS,8,E01013643,0,-1
2023440451373,2023,440451373,1,9,0,9,9,8,6,0,0,6,0,0,0,0,1,1,6,6,2,70,10,1364,2,15,TOYOTA YARIS,6,E01022614,0,-1
2023010448768,2023,010448768,2,9,0,99,99,9,9,99,99,9,9,99,9,99,1,9,6,6,3,-1,-1,1296,1,15,TOYOTA YARIS,-1,-1,0,-1
2023131294533,2023,131294533,4,9,0,2,2,0,0,0,0,2,0,0,0,0,2,1,6,6,3,-1,-1,1296,1,14,TOYOTA YARIS,-1,-1,0,-1
2023302301003,2023,302301003,3,9,0,2,2,0,0,9,9,2,0,0,0,0,3,1,6,6,3,-1,-1,1329,1,14,TOYOTA YARIS,-1,-1,0,-1
2023522300666,2023,522300666,2,9,0,9,9,2,8,0,0,6,0,0,0,0,3,1,6,6,1,45,7,1299,1,18,TOYOTA YARIS,1,E01014658,0,-1
2023332301151,2023,332301151,2,9,0,18,19,6,2,0,0,2,0,0,0,0,1,1,6,6,1,-1,-1,998,1,23,TOYOTA YARIS,-1,-1,0,-1
2023041373727,2023,041373727,1,9,0,18,19,3,7,0,0,0,0,0,0,0,1,1,5,6,2,32,6,1490,8,0,TOYOTA YARIS,2,E01025208,0,-1
2023211370865,2023,211370865,1,9,0,4,4,1,5,0,0,0,0,0,0,0,2,1,6,6,2,54,8,1497,8,5,TOYOTA YARIS,7,E01008967,0,-1
2023471267963,2023,471267963,1,9,0,18,19,1,5,0,0,0,0,0,0,0,4,1,5,6,2,37,7,1497,8,5,TOYOTA YARIS,2,E01021179,0,-1
2023010427488,2023,010427488,2,9,0,18,19,3,7,0,0,2,0,0,3,0,1,1,6,6,2,86,11,1497,8,4,TOYOTA YARIS,7,E01003696,0,-1
2023161393168,2023,161393168,1,9,0,5,5,8,1,0,0,0,0,0,0,0,2,1,6,6,1,27,6,998,1,16,TOYOTA YARIS,1,E01013136,0,-1
2023070183364,2023,070183364,1,9,0,7,7,1,3,0,0,1,0,0,0,0,1,1,6,6,2,-1,-1,1296,1,17,TOYOTA YARIS,7,E01018591,0,-1
2023010444040,2023,010444040,2,9,0,99,99,9,9,99,99,9,9,99,9,99,1,9,6,6,3,-1,-1,998,1,11,TOYOTA YARIS,4,E01003165,0,-1
2023552400031,2023,552400031,1,9,0,18,19,2,6,0,0,0,5,7,0,0,3,1,6,6,1,70,10,1329,1,9,TOYOTA YARIS,5,E01015393,0,-1
202360A125062,2023,60A125062,1,9,0,18,19,8,4,0,0,1,0,0,0,0,3,1,6,6,1,73,10,1496,1,4,TOYOTA YARIS,-1,-1,0,-1
2023131405058,2023,131405058,1,9,0,7,7,7,1,0,0,6,0,0,0,0,3,1,5,6,1,20,4,1329,1,7,TOYOTA YARIS,1,E01010832,0,-1
2023631392109,2023,631392109,1,9,0,18,19,5,1,0,0,0,2,0,7,1,1,1,5,6,1,19,4,998,1,15,TOYOTA YARIS,7,W01000565,0,-1
2023361355991,2023,361355991,1,9,0,1,1,3,7,0,0,6,1,0,0,0,1,1,5,6,1,30,6,1497,8,10,TOYOTA YARIS,-1,-1,0,-1
2023471332542,2023,471332542,1,9,0,18,19,7,3,0,0,3,0,0,7,6,1,1,1,1,1,65,9,1329,1,12,TOYOTA YARIS,4,E01031553,0,-1
2023101331613,2023,101331613,1,9,0,18,19,3,7,0,0,0,0,0,0,0,0,1,5,6,1,30,6,1296,1,17,TOYOTA YARIS,-1,-1,0,-1
2023351372879,2023,351372879,2,9,0,2,2,0,0,0,0,1,0,0,0,0,1,1,5,6,3,-1,-1,1490,8,1,TOYOTA YARIS,-1,-1,0,-1
2023430398857,2023,430398857,1,9,0,7,7,3,5,0,0,6,0,0,0,0,1,1,6,6,2,-1,-1,1497,8,9,TOYOTA YARIS,-1,-1,0,-1
2023520301603,2023,520301603,1,9,0,18,19,1,5,0,0,0,0,0,0,0,3,1,6,6,2,65,9,1497,8,9,TOYOTA YARIS,7,E01029158,0,-1
2023461348319,2023,461348319,1,9,0,18,19,4,1,0,0,0,0,0,0,0,4,1,6,6,1,59,9,1490,8,1,TOYOTA YARIS,2,E01024019,0,-1
2023461359770,2023,461359770,2,9,0,7,7,4,8,0,0,0,0,0,0,0,2,1,6,6,2,45,7,1329,1,12,TOYOTA YARIS,4,E01024582,0,-1
2023451341943,2023,451341943,2,9,0,17,19,1,6,0,0,0,0,0,1,0,3,1,5,6,2,35,6,1329,1,11,TOYOTA YARIS,6,E01030587,0,-1
2023351340725,2023,351340725,2,9,0,4,4,1,5,0,0,0,0,0,0,0,2,1,1,1,2,37,7,1329,1,9,TOYOTA YARIS,10,E01016669,0,-1
2023161310644,2023,161310644,5,9,0,18,19,8,4,0,0,0,0,0,0,0,1,1,5,6,1,53,8,1329,1,12,TOYOTA YARIS,10,E01013089,0,-1
2023010433889,2023,010433889,2,9,0,18,19,1,5,0,0,1,0,0,0,0,1,1,6,6,2,49,8,1497,8,10,TOYOTA YARIS,7,E01002203,0,-1
2023010456320,2023,010456320,1,9,0,18,19,5,1,0,0,0,0,0,0,0,4,1,6,6,1,46,8,1497,8,8,TOYOTA YARIS,1,E01001364,0,-1
2023201404853,2023,201404853,2,9,0,18,19,1,5,0,0,8,0,0,0,0,4,1,6,6,2,35,6,1490,8,1,TOYOTA YARIS,6,E01009419,0,-1
2023451266145,2023,451266145,3,9,0,9,9,5,3,0,0,8,0,0,0,0,1,1,2,2,2,34,6,1496,1,3,TOYOTA YARIS,3,E01023145,0,-1
2023131391482,2023,131391482,1,9,0,9,9,6,4,0,0,5,0,0,0,0,2,2,1,1,2,28,6,1296,1,17,TOYOTA YARIS,1,E01010843,0,-1
2023041275398,2023,041275398,2,9,0,18,19,3,7,0,0,0,0,0,0,0,1,1,2,2,1,54,8,1364,2,8,TOYOTA YARIS,9,E01012583,0,-1
2023131342435,2023,131342435,3,9,0,18,19,5,1,0,0,8,0,0,0,0,3,1,5,6,2,53,8,1496,1,4,TOYOTA YARIS,8,E01011169,0,-1
2023131366293,2023,131366293,1,9,0,17,19,5,2,0,0,0,1,0,1,3,2,1,6,6,1,21,5,1497,1,18,TOYOTA YARIS,1,E01010833,0,-1
2023131275832,2023,131275832,3,9,0,5,5,1,1,0,0,0,0,0,0,0,0,1,6,6,2,52,8,1363,2,19,TOYOTA YARIS,7,E01011646,0,-1
2023041326354,2023,041326354,1,9,0,18,19,3,7,0,0,0,0,0,0,0,4,1,1,1,1,61,9,1364,2,15,TOYOTA YARIS,3,E01024892,0,-1
2023361389121,2023,361389121,1,9,0,18,19,4,7,0,0,0,0,0,7,8,0,1,5,6,1,75,10,1490,8,0,TOYOTA YARIS,4,E01026925,0,-1
2023430163867,2023,430163867,1,9,0,18,19,8,4,0,0,8,0,0,0,0,3,1,6,6,1,44,7,1497,8,8,TOYOTA YARIS,-1,-1,0,-1
2023451317231,2023,451317231,1,9,0,18,19,3,7,0,0,0,0,0,0,0,2,1,1,1,1,33,6,1490,8,1,TOYOTA YARIS,8,E01003895,0,-1
2023010442218,2023,010442218,1,9,0,18,19,5,1,0,0,1,0,0,0,0,2,1,6,6,1,71,10,1497,8,8,TOYOTA YARIS,5,E01000142,0,-1
2023061325212,2023,061325212,1,9,0,18,19,1,5,0,0,0,0,0,0,0,1,1,6,6,3,30,6,998,1,17,TOYOTA YARIS,-1,-1,0,-1
2023041312119,2023,041312119,2,9,0,9,9,3,1,0,0,8,0,0,0,0,4,1,5,6,1,41,7,1296,1,16,TOYOTA YARIS,1,E01012596,0,-1
2023302300627,2023,302300627,2,9,0,5,5,5,1,0,0,4,0,0,0,0,1,1,6,6,1,28,6,1364,2,10,TOYOTA YARIS,3,E01033407,0,-1
2023451297041,2023,451297041,1,9,0,6,6,5,5,0,0,1,0,0,0,0,1,1,5,6,2,19,4,1329,1,14,TOYOTA YARIS,9,E01030446,0,-1