collision_index,collision_year,collision_ref_no,vehicle_reference,vehicle_type,towing_and_articulation,vehicle_manoeuvre_historic,vehicle_manoeuvre,vehicle_direction_from,vehicle_direction_to,vehicle_location_restricted_lane_historic,vehicle_location_restricted_lane,junction_location,skidding_and_overturning,hit_object_in_carriageway,vehicle_leaving_carriageway,hit_object_off_carriageway,first_point_of_impact,vehicle_left_hand_drive,journey_purpose_of_driver_historic,journey_purpose_of_driver,sex_of_driver,age_of_driver,age_band_of_driver,engine_capacity_cc,propulsion_code,age_of_vehicle,generic_make_model,driver_imd_decile,lsoa_of_driver,escooter_flag,driver_distance_banding
2023010420059,2023,010420059,1,9,0,18,19,3,7,0,0,1,0,0,0,0,4,1,6,6,2,32,6,1296,1,17,TOYOTA YARIS,4,E01032766,0,-1
2023052300779,2023,052300779,3,9,0,3,3,7,3,0,0,0,0,0,0,0,2,1,6,6,2,42,7,1329,1,9,TOYOTA YARIS,6,E01007287,0,-1
2023061357822,2023,061357822,2,9,0,18,19,4,8,0,0,1,0,0,0,0,4,1,5,6,1,30,6,1490,8,0,TOYOTA YARIS,-1,-1,0,-1
2023010419830,2023,010419830,2,9,0,18,19,5,1,0,0,1,0,0,0,0,3,1,6,6,1,70,10,1490,8,1,TOYOTA YARIS,5,E01021432,0,-1
2023542148023,2023,542148023,2,9,0,18,19,2,4,0,0,0,0,0,1,4,1,1,1,1,2,50,8,1490,8,1,TOYOTA YARIS,4,E01031936,0,-1
2023543351223,2023,543351223,2,9,0,10,10,2,8,0,0,1,0,0,0,0,2,1,6,6,1,48,8,1363,2,19,TOYOTA YARIS,6,E01032027,0,-1
2023010471951,2023,010471951,1,9,0,9,9,1,7,0,0,8,0,0,0,0,1,2,6,6,2,27,6,1299,1,18,TOYOTA YARIS,2,E01032744,0,-1
2023041353129,2023,041353129,1,9,0,17,19,5,1,0,0,0,0,0,7,0,2,1,1,1,1,30,6,1296,1,15,TOYOTA YARIS,3,E01025306,0,-1
2023461329057,2023,461329057,1,9,0,9,9,2,6,0,0,8,0,0,0,0,1,1,6,6,2,38,7,1329,1,13,TOYOTA YARIS,4,E01024142,0,-1
2023340WN3402,2023,340WN3402,2,9,0,9,9,3,1,0,0,8,0,0,0,0,1,1,1,1,1,32,6,1296,1,16,TOYOTA YARIS,3,E01027188,0,-1
2023461376973,2023,461376973,5,9,0,18,19,1,5,0,0,0,0,0,0,0,1,1,5,6,2,43,7,1496,1,4,TOYOTA YARIS,3,E01024309,0,-1
2023361277209,2023,361277209,1,9,0,9,9,7,4,0,0,8,0,0,0,0,1,1,5,6,2,64,9,1497,8,7,TOYOTA YARIS,4,E01026466,0,-1
2023010421934,2023,010421934,1,9,0,18,19,5,1,0,0,1,0,11,0,0,1,1,2,2,1,34,6,1497,8,7,TOYOTA YARIS,3,E01000092,0,-1
2023430378607,2023,430378607,2,9,0,3,3,5,1,0,0,1,0,0,0,0,2,1,6,6,2,22,5,1496,1,4,TOYOTA YARIS,8,E01027294,0,-1
2023332301019,2023,332301019,1,9,0,18,19,7,3,0,0,4,0,0,0,0,0,1,6,6,1,-1,-1,1497,8,11,TOYOTA YARIS,-1,-1,0,-1
2023131357108,2023,131357108,7,9,0,2,2,0,0,0,0,0,0,0,0,0,1,1,6,6,3,-1,-1,1364,2,17,TOYOTA YARIS,-1,-1,0,-1
2023501306786,2023,501306786,1,9,0,18,19,8,5,0,0,0,1,0,1,0,4,1,6,6,1,46,8,1618,1,2,TOYOTA YARIS,2,E01020277,0,-1
2023131373198,2023,131373198,1,9,0,9,9,3,7,0,0,2,0,0,0,0,1,1,6,6,1,18,4,1490,8,1,TOYOTA YARIS,10,E01011382,0,-1
2023430159391,2023,430159391,2,9,0,18,19,6,2,0,0,8,0,0,0,0,1,1,6,6,2,36,7,1497,8,5,TOYOTA YARIS,5,E01006184,0,-1
2023010461574,2023,010461574,1,9,0,99,99,9,9,99,99,9,9,99,9,99,2,9,6,6,2,31,6,1497,8,4,TOYOTA YARIS,8,E01002657,0,-1
2023010430622,2023,010430622,2,9,0,9,9,3,1,0,0,6,0,0,0,0,1,9,6,6,3,-1,-1,1497,8,4,TOYOTA YARIS,5,E01004641,0,-1
2023440146667,2023,440146667,2,9,0,18,19,7,3,0,0,8,0,0,0,0,1,1,6,6,2,43,7,1329,1,11,TOYOTA YARIS,3,E01032745,0,-1
2023131392090,2023,131392090,1,9,0,-1,-1,-1,-1,-1,-1,-1,-1,-1,-1,-1,-1,1,6,6,3,-1,-1,1299,1,19,TOYOTA YARIS,-1,-1,0,-1
2023131294936,2023,131294936,2,9,0,18,19,3,7,0,0,2,0,0,0,0,4,1,5,6,1,36,7,1329,1,11,TOYOTA YARIS,2,E01010740,0,-1
2023141363982,2023,141363982,3,9,0,18,19,8,4,0,0,1,0,0,0,0,1,1,5,6,1,59,9,1497,8,3,TOYOTA YARIS,7,E01019601,0,-1
2023122400047,2023,122400047,2,9,0,16,19,5,1,0,0,2,0,0,0,0,3,1,6,6,2,56,9,998,1,18,TOYOTA YARIS,6,E01027831,0,-1
2023471290394,2023,471290394,2,9,0,18,19,3,7,0,0,0,0,0,1,0,3,1,6,6,2,79,11,1497,8,5,TOYOTA YARIS,4,E01031657,0,-1
2023041291494,2023,041291494,2,9,0,18,19,7,3,0,0,1,0,0,0,0,1,1,5,6,1,65,9,1296,1,16,TOYOTA YARIS,2,E01012580,0,-1
2023010450389,2023,010450389,3,9,0,3,3,3,7,6,6,0,0,0,0,0,1,1,6,6,1,55,8,1497,8,11,TOYOTA YARIS,3,E01003716,0,-1
2023401263796,2023,401263796,1,9,0,18,19,-1,-1,0,0,6,0,0,0,0,1,1,5,6,2,42,7,1364,2,15,TOYOTA YARIS,2,E01015726,0,-1
2023430455833,2023,430455833,1,9,0,4,4,4,8,7,6,0,0,0,0,0,1,1,6,6,2,60,9,1497,8,10,TOYOTA YARIS,-1,-1,0,-1
2023302301696,2023,302301696,1,9,0,18,19,7,3,0,0,8,0,0,0,0,3,1,6,6,2,22,5,1296,1,15,TOYOTA YARIS,10,E01008021,0,-1
2023061344112,2023,061344112,1,9,0,18,19,5,1,0,0,8,0,0,0,0,4,1,6,6,2,36,7,1296,1,15,TOYOTA YARIS,1,E01004866,0,-1
2023461278873,2023,461278873,2,9,0,3,3,7,3,0,0,8,0,0,0,0,2,1,5,6,1,40,7,1299,1,23,TOYOTA YARIS,1,E01024295,0,-1
2023061265677,2023,061265677,2,9,0,18,19,7,3,0,0,0,0,0,0,0,2,1,6,6,1,39,7,1497,8,7,TOYOTA YARIS,2,E01005244,0,-1
2023991378827,2023,991378827,1,9,0,12,12,7,3,0,0,0,1,0,0,0,3,1,2,2,2,28,6,998,1,20,TOYOTA YARIS,5,-1,0,-1
2023440258549,2023,440258549,1,9,0,6,6,1,1,0,0,1,0,0,0,0,3,1,2,2,1,69,10,1329,1,12,TOYOTA YARIS,7,E01017285,0,-1
2023522400829,2023,522400829,2,9,0,5,5,6,1,0,0,1,0,0,0,0,1,1,6,6,2,39,7,1296,1,16,TOYOTA YARIS,8,E01014560,0,-1
2023141273977,2023,141273977,1,9,0,9,9,2,8,0,0,6,0,0,0,0,1,1,5,6,1,21,5,998,1,11,TOYOTA YARIS,8,E01033078,0,-1
2023302300439,2023,302300439,2,9,0,5,5,5,8,0,0,8,0,0,0,0,1,1,6,6,1,18,4,1329,1,11,TOYOTA YARIS,1,E01013570,0,-1
2023501313993,2023,501313993,1,9,0,9,9,4,2,0,0,2,0,0,0,0,3,1,6,6,2,94,11,1329,1,9,TOYOTA YARIS,8,E01020192,0,-1
2023451279443,2023,451279443,1,9,0,18,19,7,3,0,0,8,0,0,0,0,4,1,1,1,2,54,8,1490,8,1,TOYOTA YARIS,5,E01030946,0,-1
2023471289972,2023,471289972,2,9,0,18,19,1,5,0,0,0,0,0,0,0,1,1,6,6,2,29,6,1329,1,7,TOYOTA YARIS,4,E01031610,0,-1
2023061379791,2023,061379791,2,9,0,2,2,0,0,0,0,0,0,0,0,0,4,1,6,6,3,-1,-1,1497,8,3,TOYOTA YARIS,-1,-1,0,-1
2023320730054,2023,320730054,1,9,0,17,19,4,8,0,0,0,0,0,7,9,1,1,6,6,2,61,9,1299,1,18,TOYOTA YARIS,4,E01026067,0,-1
2023041341218,2023,041341218,1,9,0,5,5,7,3,0,0,6,0,0,0,0,3,1,5,6,1,82,11,1490,8,2,TOYOTA YARIS,-1,-1,0,-1
2023161368670,2023,161368670,1,9,0,16,19,7,2,0,0,0,0,0,0,0,1,1,5,6,2,76,11,1497,8,6,TOYOTA YARIS,4,E01019503,0,-1
2023991355511,2023,991355511,1,9,0,18,19,6,2,0,0,0,0,0,2,0,1,1,5,6,2,22,5,1497,8,8,TOYOTA YARIS,1,-1,0,-1
2023141387480,2023,141387480,2,9,0,4,4,1,5,0,0,0,0,0,0,0,2,1,6,6,2,37,7,1329,1,6,TOYOTA YARIS,8,E01008141,0,-1
2023451327103,2023,451327103,1,9,0,18,19,5,1,0,0,2,0,0,0,0,1,1,5,6,1,41,7,1299,1,20,TOYOTA YARIS,8,E01030384,0,-1
2023010422634,2023,010422634,2,9,0,99,99,9,9,99,99,0,9,99,9,99,9,9,6,6,3,-1,-1,1497,8,10,TOYOTA YARIS,-1,-1,0,-1
2023061326228,2023,061326228,2,9,0,18,19,3,7,0,0,8,0,0,0,0,4,1,5,6,2,66,10,1490,8,0,TOYOTA YARIS,3,E01012443,0,-1
2023421291562,2023,421291562,2,9,0,18,19,2,6,0,0,1,0,0,0,0,1,1,3,7,2,47,8,1490,8,2,TOYOTA YARIS,4,E01015936,0,-1
2023061386468,2023,061386468,1,9,0,9,9,5,2,0,0,6,0,0,0,0,1,1,6,6,2,56,9,1496,1,6,TOYOTA YARIS,5,E01004809,0,-1
2023430204399,2023,430204399,2,9,0,3,3,5,1,0,0,1,0,0,0,0,2,1,6,6,2,42,7,1329,1,9,TOYOTA YARIS,10,E01016736,0,-1
2023010458540,2023,010458540,1,9,0,99,99,9,9,99,99,0,9,99,9,99,9,1,6,6,2,76,11,1329,1,11,TOYOTA YARIS,5,E01000589,0,-1
2023010454537,2023,010454537,2,9,0,99,99,9,9,99,99,9,9,99,9,99,9,9,6,6,3,-1,-1,998,1,18,TOYOTA YARIS,-1,-1,0,-1
2023552301390,2023,552301390,2,9,0,18,19,2,6,0,0,8,0,0,0,0,1,1,2,2,1,69,10,998,1,13,TOYOTA YARIS,7,E01020542,0,-1
2023010469452,2023,010469452,1,9,0,99,99,9,9,99,99,9,9,99,9,99,2,9,6,6,3,63,9,1497,8,7,TOYOTA YARIS,3,E01001492,0,-1
2023201297295,2023,201297295,1,9,0,9,9,5,3,0,0,6,0,0,0,0,1,1,1,1,1,71,10,1497,8,5,TOYOTA YARIS,1,E01010473,0,-1
2023201291167,2023,201291167,4,9,0,2,2,0,0,0,0,1,0,0,0,0,1,1,6,6,3,-1,-1,998,1,16,TOYOTA YARIS,-1,-1,0,-1
2023010464135,2023,010464135,1,9,0,18,19,5,1,0,0,4,0,0,0,0,1,1,2,2,2,26,6,1329,1,12,TOYOTA YARIS,3,E01002044,0,-1
202360A100535,2023,60A100535,1,9,0,5,5,1,5,0,0,4,0,0,0,0,1,1,2,2,1,24,5,998,1,18,TOYOTA YARIS,-1,-1,0,-1
2023461366057,2023,461366057,1,9,0,18,19,3,7,0,0,1,0,0,0,0,1,1,6,6,1,34,6,1497,8,9,TOYOTA YARIS,3,E01016020,0,-1
2023010478723,2023,010478723,1,9,0,18,19,1,5,0,0,1,0,0,0,0,1,1,6,6,3,-1,-1,1497,8,8,TOYOTA YARIS,-1,-1,0,-1
202363D003823,2023,63D003823,2,9,0,17,19,7,4,0,0,8,0,0,0,0,1,1,6,6,1,70,10,998,1,16,TOYOTA YARIS,3,W01000454,0,-1
2023010479657,2023,010479657,1,9,0,15,15,8,4,0,0,0,0,0,0,0,0,1,6,6,2,52,8,1296,1,14,TOYOTA YARIS,5,E01002374,0,-1
2023311344870,2023,311344870,4,9,0,4,4,2,6,0,0,0,0,0,0,0,1,1,6,6,1,44,7,1329,1,12,TOYOTA YARIS,-1,-1,0,-1
2023622300627,2023,622300627,1,9,0,18,19,3,7,0,0,1,0,0,0,0,1,1,6,6,2,44,7,1329,1,10,TOYOTA YARIS,6,W01000806,0,-1
2023991346433,2023,991346433,2,9,0,5,5,5,8,0,0,8,0,0,0,0,3,1,6,6,2,27,6,1496,1,6,TOYOTA YARIS,7,-1,0,-1
2023010463633,2023,010463633,1,9,0,99,99,9,9,99,99,9,9,99,9,99,9,9,6,6,2,55,8,998,1,8,TOYOTA YARIS,10,E01023558,0,-1
2023010472606,2023,010472606,2,9,0,9,9,7,5,0,0,8,0,0,0,0,1,1,6,6,1,45,7,1296,1,17,TOYOTA YARIS,8,E01003867,0,-1
2023411315086,2023,411315086,1,9,0,18,19,5,1,0,0,8,0,0,0,0,1,1,5,6,2,45,7,1296,1,16,TOYOTA YARIS,3,E01000130,0,-1
2023131392130,2023,131392130,1,9,0,18,19,8,4,0,0,0,0,4,0,0,1,1,5,6,2,84,11,998,1,14,TOYOTA YARIS,8,E01011217,0,-1
2023052302087,2023,052302087,2,9,0,4,4,5,1,0,0,1,0,0,0,0,2,1,6,6,2,45,7,1329,1,9,TOYOTA YARIS,6,E01007194,0,-1
2023201410667,2023,201410667,4,9,0,18,19,2,6,0,0,1,0,0,0,0,2,1,2,2,1,39,7,1497,8,6,TOYOTA YARIS,1,E01032889,0,-1
2023010471963,2023,010471963,1,9,0,99,99,9,9,99,99,9,9,99,9,99,1,9,6,6,1,52,8,1497,8,5,TOYOTA YARIS,2,E01000023,0,-1
2023010479186,2023,010479186,1,9,0,18,19,7,3,0,0,3,0,0,0,0,1,1,6,6,2,78,11,1497,8,10,TOYOTA YARIS,7,E01000234,0,-1
2023061337180,2023,061337180,1,9,0,18,19,1,5,0,0,1,0,0,0,0,1,1,6,6,3,-1,-1,1329,1,14,TOYOTA YARIS,-1,-1,0,-1
2023131358029,2023,131358029,2,9,0,-1,-1,-1,-1,-1,-1,-1,-1,-1,-1,-1,-1,1,5,6,2,43,7,1329,1,6,TOYOTA YARIS,1,E01011045,0,-1
2023231284836,2023,231284836,1,9,0,14,14,1,5,0,0,0,0,0,0,0,3,1,6,6,1,85,11,1329,1,10,TOYOTA YARIS,10,E01031139,0,-1
2023430312156,2023,430312156,1,9,0,18,19,2,6,0,0,1,1,0,3,0,1,1,6,6,2,41,7,1497,8,6,TOYOTA YARIS,7,E01033568,0,-1
2023332300427,2023,332300427,3,9,0,2,2,0,0,0,0,0,0,0,0,0,2,1,6,6,3,-1,-1,1490,8,2,TOYOTA YARIS,-1,-1,0,-1
2023131263112,2023,131263112,1,9,0,18,19,5,1,0,0,1,0,0,0,0,2,1,5,6,2,22,5,1490,8,2,TOYOTA YARIS,1,E01011916,0,-1
2023141348026,2023,141348026,1,9,0,18,19,3,6,0,0,1,0,0,0,0,1,1,5,6,1,24,5,1364,2,16,TOYOTA YARIS,1,E01007566,0,-1
2023552301487,2023,552301487,1,9,0,14,14,7,3,0,0,0,0,4,0,0,1,1,6,6,2,88,11,1296,1,16,TOYOTA YARIS,9,E01020524,0,-1
2023010464024,2023,010464024,2,9,0,99,99,9,9,99,99,0,9,99,9,99,9,9,6,6,3,-1,-1,1296,1,15,TOYOTA YARIS,-1,-1,0,-1
2023461379234,2023,461379234,2,9,0,2,2,0,0,9,9,0,0,0,0,0,0,1,6,6,3,-1,-1,1299,1,21,TOYOTA YARIS,-1,-1,0,-1
2023131323368,2023,131323368,2,9,0,18,19,7,3,0,0,2,0,0,0,0,1,1,5,6,2,48,8,998,1,22,TOYOTA YARIS,1,E01011430,0,-1
2023201287845,2023,201287845,3,9,0,18,19,1,5,0,0,0,0,0,1,9,3,1,6,6,1,44,7,998,1,16,TOYOTA YARIS,3,E01009660,0,-1
2023411273867,2023,411273867,1,9,0,18,19,5,1,0,0,0,0,0,0,0,1,1,5,6,1,25,5,998,1,17,TOYOTA YARIS,6,E01000581,0,-1
2023061334354,2023,061334354,2,9,0,18,19,5,1,0,0,0,0,0,0,0,2,1,5,6,2,54,8,1490,8,2,TOYOTA YARIS,6,E01012187,0,-1
2023131373395,2023,131373395,1,9,0,5,5,2,8,0,0,2,0,0,0,0,3,1,6,6,1,76,11,1490,8,0,TOYOTA YARIS,6,E01010588,0,-1
2023552300790,2023,552300790,2,9,0,8,8,2,4,0,0,1,0,0,0,0,3,1,6,6,2,60,9,1299,1,23,TOYOTA YARIS,3,E01015289,0,-1
2023041363996,2023,041363996,2,9,0,4,4,5,1,0,0,1,0,0,0,0,1,1,5,6,2,42,7,1329,1,14,TOYOTA YARIS,6,E01025568,0,-1
2023471323660,2023,471323660,2,9,0,2,2,0,0,0,0,0,0,0,0,0,4,1,6,6,3,-1,-1,1497,8,6,TOYOTA YARIS,-1,-1,0,-1
2023461313155,2023,461313155,1,9,0,9,9,8,6,0,0,8,0,0,0,0,1,1,5,6,2,55,8,1490,8,0,TOYOTA YARIS,10,E01024852,0,-1
2023010467155,2023,010467155,2,9,0,99,99,9,9,99,99,9,9,99,9,99,1,9,6,6,2,68,10,1497,8,6,TOYOTA YARIS,8,E01002230,0,-1
2023440031009,2023,440031009,1,9,0,18,19,7,3,0,0,1,0,0,0,0,1,1,6,6,1,40,7,1497,8,4,TOYOTA YARIS,7,E01022735,0,-1
2023111273737,2023,111273737,1,9,0,7,7,5,7,0,0,2,0,0,0,0,1,1,5,6,1,62,9,998,1,19,TOYOTA YARIS,4,E01020893,0,-1
2023010437679,2023,010437679,1,9,0,99,99,9,9,99,99,9,9,99,9,99,2,9,6,6,1,23,5,1490,8,1,TOYOTA YARIS,10,E01003747,0,-1
2023071225263,2023,071225263,1,9,0,9,9,5,3,0,0,8,0,0,0,0,1,1,6,6,1,49,8,1497,8,3,TOYOTA YARIS,-1,-1,0,-1
2023351347260,2023,351347260,1,9,0,18,19,8,4,0,0,0,0,0,0,0,1,1,5,6,1,25,5,1364,2,9,TOYOTA YARIS,2,E01018144,0,-1
2023010439050,2023,010439050,3,9,0,3,3,3,7,0,0,1,0,4,0,0,2,1,6,6,1,28,6,998,1,8,TOYOTA YARIS,5,E01002584,0,-1
2023451272201,2023,451272201,1,9,0,9,9,1,5,0,0,2,0,0,0,0,1,1,5,6,2,81,11,1329,1,12,TOYOTA YARIS,8,E01030630,0,-1
2023522400560,2023,522400560,3,9,0,4,4,6,2,0,0,0,0,0,0,0,2,1,6,6,2,27,6,1296,1,16,TOYOTA YARIS,7,E01032671,0,-1
2023461347844,2023,461347844,1,9,0,18,19,1,5,0,0,0,5,0,0,0,1,1,5,6,1,18,4,998,1,15,TOYOTA YARIS,8,E01024255,0,-1
2023501296724,2023,501296724,2,9,0,18,19,1,5,0,0,8,0,0,0,0,1,1,6,6,1,74,10,1329,1,14,TOYOTA YARIS,2,E01015055,0,-1
2023371275644,2023,371275644,1,9,0,18,19,2,4,0,0,6,0,0,0,0,4,1,5,6,1,58,9,998,1,19,TOYOTA YARIS,2,E01030264,0,-1
2023231342567,2023,231342567,2,9,0,18,19,2,6,0,0,0,2,10,1,0,1,1,6,6,1,20,4,1329,1,12,TOYOTA YARIS,1,E01009567,0,-1
2023471266971,2023,471266971,1,9,0,3,3,2,6,0,0,1,0,0,0,0,4,1,6,6,2,44,7,1329,1,10,TOYOTA YARIS,10,E01031640,0,-1
2023522301254,2023,522301254,1,9,0,7,7,2,5,0,0,5,0,0,0,0,4,1,6,6,1,56,9,1329,1,13,TOYOTA YARIS,2,E01014624,0,-1
2023010466847,2023,010466847,1,9,0,99,99,9,9,99,99,9,9,99,9,99,2,9,6,6,1,27,6,1497,8,8,TOYOTA YARIS,4,E01003739,0,-1
2023041388781,2023,041388781,1,9,0,18,19,7,3,0,0,8,0,7,4,1,4,2,6,6,2,34,6,1497,8,8,TOYOTA YARIS,2,E01010270,0,-1
2023430150703,2023,430150703,1,9,0,18,19,2,6,0,0,6,0,0,0,0,2,1,2,2,2,25,5,1329,1,10,TOYOTA YARIS,3,E01033422,0,-1
2023351320857,2023,351320857,1,9,0,9,9,7,6,0,0,1,0,0,0,0,4,1,6,6,2,26,6,1490,8,0,TOYOTA YARIS,6,E01030006,0,-1
2023421290939,2023,421290939,1,9,0,16,19,8,3,0,0,2,0,0,0,0,1,1,6,6,1,94,11,1329,1,8,TOYOTA YARIS,8,E01021607,0,-1
2023131259268,2023,131259268,1,9,0,7,7,8,4,0,0,8,0,0,0,0,1,1,5,6,1,28,6,1296,1,17,TOYOTA YARIS,3,E01011920,0,-1
2023061333446,2023,061333446,1,9,0,7,7,8,2,0,0,8,0,0,0,0,1,1,6,6,1,30,6,1296,1,17,TOYOTA YARIS,-1,-1,0,-1
2023371392811,2023,371392811,1,9,0,18,19,5,1,0,0,1,5,0,0,0,1,1,6,6,2,19,4,998,1,14,TOYOTA YARIS,6,E01033453,0,-1
2023552301178,2023,552301178,1,9,0,10,10,4,2,0,0,8,0,0,0,0,3,1,6,6,1,-1,-1,1299,1,21,TOYOTA YARIS,-1,-1,0,-1
2023451296022,2023,451296022,1,9,0,4,4,1,5,0,0,1,0,0,0,0,2,1,5,6,2,61,9,1490,8,1,TOYOTA YARIS,5,E01030481,0,-1
2023010425572,2023,010425572,1,9,4,99,99,9,9,99,99,9,9,99,9,99,9,9,2,2,2,29,6,1490,8,2,TOYOTA YARIS,-1,-1,0,-1
2023522400383,2023,522400383,2,9,0,4,4,4,8,0,0,0,0,0,0,0,2,1,6,6,2,52,8,1490,8,1,TOYOTA YARIS,10,E01030314,0,-1
2023302300185,2023,302300185,2,9,0,16,19,2,6,0,0,0,0,0,0,0,3,1,6,6,2,53,8,1490,8,2,TOYOTA YARIS,9,E01007863,0,-1
2023131365111,2023,131365111,2,9,0,5,5,5,1,0,0,1,0,0,0,0,3,1,6,6,2,62,9,998,1,9,TOYOTA YARIS,5,E01010783,0,-1
2023351372879,2023,351372879,3,9,0,2,2,0,0,0,0,1,0,0,0,0,1,1,5,6,3,-1,-1,1490,8,1,TOYOTA YARIS,-1,-1,0,-1
2023010458294,2023,010458294,1,9,0,9,9,5,2,0,0,5,0,0,0,0,1,1,2,2,1,49,8,1497,8,8,TOYOTA YARIS,2,E01004129,0,-1
2023010425018,2023,010425018,2,9,0,99,99,9,9,99,99,9,9,99,9,99,9,9,6,6,3,-1,-1,1497,8,10,TOYOTA YARIS,-1,-1,0,-1
2023010432008,2023,010432008,2,9,0,99,99,9,9,99,99,9,9,99,9,99,1,9,6,6,1,41,7,1296,1,15,TOYOTA YARIS,4,E01000316,0,-1
2023471305788,2023,471305788,1,9,0,18,19,3,7,0,0,0,0,0,0,0,1,1,5,6,2,18,4,1296,1,16,TOYOTA YARIS,8,E01031420,0,-1
2023010432870,2023,010432870,1,9,0,9,9,5,3,0,0,2,0,0,0,0,4,1,6,6,2,57,9,1329,1,13,TOYOTA YARIS,3,E01002559,0,-1
2023061379250,2023,061379250,1,9,0,18,19,7,2,0,0,0,1,0,4,0,4,1,5,6,1,57,9,1299,1,19,TOYOTA YARIS,2,E01005318,0,-1
2023401318530,2023,401318530,1,9,0,17,19,1,5,0,0,4,0,0,0,0,1,1,2,2,2,48,8,1490,8,0,TOYOTA YARIS,8,E01016774,0,-1
2023231370115,2023,231370115,2,9,0,18,19,2,6,0,0,8,0,0,0,0,4,1,2,2,1,19,4,1490,8,0,TOYOTA YARIS,3,E01010018,0,-1
2023340WN0762,2023,340WN0762,2,9,0,17,19,4,8,0,0,8,0,0,0,0,1,1,2,2,2,57,9,1496,1,6,TOYOTA YARIS,9,E01027022,0,-1
2023010433330,2023,010433330,2,9,0,99,99,9,9,99,99,9,9,99,9,99,9,9,6,6,1,57,9,1497,8,4,TOYOTA YARIS,5,E01003415,0,-1
2023141393179,2023,141393179,1,9,0,9,9,8,6,0,0,5,0,0,0,0,1,1,1,1,1,32,6,1329,1,7,TOYOTA YARIS,6,E01007521,0,-1
2023311341171,2023,311341171,2,9,0,18,19,3,7,0,0,0,0,0,0,0,2,1,2,2,1,19,4,1299,1,18,TOYOTA YARIS,-1,-1,0,-1
2023991360343,2023,991360343,1,9,0,9,9,4,2,0,0,1,0,0,0,0,1,1,5,6,1,44,7,998,1,12,TOYOTA YARIS,2,-1,0,-1
2023451346068,2023,451346068,1,9,0,18,19,8,4,0,0,0,0,0,0,0,3,1,5,6,1,24,5,1364,2,16,TOYOTA YARIS,5,E01023924,0,-1
2023461382956,2023,461382956,2,9,0,3,3,8,4,0,0,0,0,0,0,0,2,1,6,6,2,45,7,998,1,18,TOYOTA YARIS,1,E01016017,0,-1
2023501330604,2023,501330604,2,9,0,18,19,7,3,0,0,1,0,0,0,0,1,1,5,6,1,73,10,998,1,22,TOYOTA YARIS,8,E01019951,0,-1
2023421339098,2023,421339098,1,9,0,-1,-1,-1,-1,0,0,8,0,0,0,0,1,1,6,6,1,59,9,1497,8,9,TOYOTA YARIS,9,E01015995,0,-1
2023070266440,2023,070266440,2,9,0,7,7,7,1,0,0,3,0,0,0,0,1,1,2,2,2,22,5,998,1,17,TOYOTA YARIS,10,E01018683,0,-1
2023131317311,2023,131317311,2,9,0,18,19,6,2,0,0,0,0,0,0,0,1,1,1,1,1,30,6,1364,2,14,TOYOTA YARIS,1,E01011084,0,-1
2023101381575,2023,101381575,2,9,0,2,2,0,0,6,6,0,0,0,1,4,2,1,6,6,3,-1,-1,1496,1,3,TOYOTA YARIS,-1,-1,0,-1
2023010456251,2023,010456251,2,9,0,18,19,1,5,0,0,3,0,0,0,0,4,1,6,6,2,28,6,1496,1,4,TOYOTA YARIS,3,E01003525,0,-1
2023010480938,2023,010480938,1,9,0,99,99,9,9,99,99,9,9,99,9,99,2,9,6,6,2,49,8,1299,1,22,TOYOTA YARIS,2,E01001112,0,-1
2023451364398,2023,451364398,1,9,0,18,19,2,6,0,0,1,0,0,0,0,1,1,5,6,1,20,4,1329,1,13,TOYOTA YARIS,5,E01030464,0,-1
2023010471308,2023,010471308,2,9,0,18,19,1,5,0,0,1,0,0,0,0,1,1,2,2,1,53,8,1497,8,3,TOYOTA YARIS,3,E01001170,0,-1
2023430108271,2023,430108271,1,9,0,9,9,2,8,0,0,5,0,0,0,0,4,1,2,2,1,31,6,1299,1,19,TOYOTA YARIS,5,E01016416,0,-1
2023221378390,2023,221378390,2,9,0,2,2,0,0,0,0,0,5,0,1,0,2,1,2,2,1,48,8,998,1,19,TOYOTA YARIS,5,E01009023,0,-1
2023010470888,2023,010470888,1,9,0,1,1,5,1,9,9,6,0,0,7,11,2,1,1,1,2,84,11,1296,1,17,TOYOTA YARIS,7,E01000693,0,-1
2023552301163,2023,552301163,3,9,0,18,19,7,3,0,0,8,0,0,0,0,2,1,1,1,1,40,7,1490,8,2,TOYOTA YARIS,7,E01015425,0,-1
2023461371621,2023,461371621,2,9,0,18,19,1,5,0,0,0,0,0,0,0,4,1,5,6,1,78,11,1364,2,12,TOYOTA YARIS,9,E01032813,0,-1
2023052302837,2023,052302837,1,9,0,18,19,1,5,0,0,8,0,0,0,0,3,1,6,6,2,80,11,1329,1,12,TOYOTA YARIS,4,E01007302,0,-1
2023302301552,2023,302301552,1,9,0,9,9,4,2,0,0,8,0,0,0,0,3,1,2,2,2,40,7,1296,1,17,TOYOTA YARIS,1,E01013485,0,-1
2023421341222,2023,421341222,2,9,0,18,19,6,2,0,0,8,0,0,0,0,1,1,6,6,1,48,8,1364,2,11,TOYOTA YARIS,2,E01023338,0,-1
2023631360323,2023,631360323,2,9,0,18,19,7,3,0,0,8,0,7,1,10,3,1,6,6,1,59,9,1364,2,8,TOYOTA YARIS,6,W01000639,0,-1