collision_index,collision_year,collision_ref_no,vehicle_reference,vehicle_type,towing_and_articulation,vehicle_manoeuvre_historic,vehicle_manoeuvre,vehicle_direction_from,vehicle_direction_to,vehicle_location_restricted_lane_historic,vehicle_location_restricted_lane,junction_location,skidding_and_overturning,hit_object_in_carriageway,vehicle_leaving_carriageway,hit_object_off_carriageway,first_point_of_impact,vehicle_left_hand_drive,journey_purpose_of_driver_historic,journey_purpose_of_driver,sex_of_driver,age_of_driver,age_band_of_driver,engine_capacity_cc,propulsion_code,age_of_vehicle,generic_make_model,driver_imd_decile,lsoa_of_driver,escooter_flag,driver_distance_banding
2023501288359,2023,501288359,1,9,0,18,19,3,7,0,0,0,0,0,0,0,1,1,6,6,2,88,11,1329,1,12,TOYOTA YARIS,8,E01019898,0,-1
2023302300415,2023,302300415,1,9,0,18,19,8,4,0,0,0,1,0,7,4,1,1,1,1,2,18,4,1329,1,9,TOYOTA YARIS,1,E01033277,0,-1
2023141267698,2023,141267698,2,9,0,3,3,3,7,0,0,1,0,0,0,0,2,1,6,6,3,-1,-1,1497,8,6,TOYOTA YARIS,3,E01007800,0,-1
2023471318313,2023,471318313,2,9,0,18,19,5,1,0,0,1,5,4,0,0,1,1,5,6,1,58,9,1497,8,3,TOYOTA YARIS,8,E01016985,0,-1
2023061289295,2023,061289295,2,9,0,3,3,1,5,0,0,1,0,0,0,0,2,1,5,6,1,50,8,1364,2,15,TOYOTA YARIS,1,E01005194,0,-1
2023010435070,2023,010435070,1,9,0,7,7,2,5,0,0,5,0,0,0,0,3,1,3,7,2,67,10,998,1,14,TOYOTA YARIS,4,E01003095,0,-1
2023131325530,2023,131325530,1,9,0,18,19,3,7,0,0,8,0,0,0,0,1,1,6,6,1,91,11,1497,8,7,TOYOTA YARIS,9,E01010642,0,-1
2023010434643,2023,010434643,1,9,0,18,19,1,5,0,0,0,0,0,0,0,1,1,6,6,3,-1,-1,1496,1,4,TOYOTA YARIS,-1,-1,0,-1
2023141359101,2023,141359101,2,9,0,11,11,7,3,0,0,0,0,0,0,0,2,1,6,6,2,24,5,1329,1,8,TOYOTA YARIS,2,E01007770,0,-1
2023461345409,2023,461345409,2,9,0,18,19,3,7,0,0,1,0,0,0,0,2,1,6,6,1,39,7,1329,1,10,TOYOTA YARIS,9,E01030644,0,-1
2023201260730,2023,201260730,3,9,0,18,19,8,4,0,0,0,0,0,0,0,2,1,5,6,1,18,4,1296,1,17,TOYOTA YARIS,1,E01033644,0,-1
2023332300872,2023,332300872,2,9,0,7,7,2,4,0,0,8,0,0,0,0,1,1,6,6,1,-1,-1,1299,1,20,TOYOTA YARIS,-1,-1,0,-1
2023010461356,2023,010461356,1,9,0,18,19,5,1,0,0,8,0,0,0,0,4,1,6,6,2,31,6,1329,1,11,TOYOTA YARIS,2,E01001482,0,-1
2023547765423,2023,547765423,1,9,0,17,19,6,4,0,0,0,5,4,0,0,1,1,6,6,1,85,11,1329,1,10,TOYOTA YARIS,9,E01031995,0,-1
2023371347587,2023,371347587,1,9,0,9,9,6,2,0,0,0,1,0,1,0,1,1,5,6,1,18,4,1497,1,19,TOYOTA YARIS,8,E01030145,0,-1
2023451338453,2023,451338453,2,9,0,18,19,5,1,0,0,0,0,0,0,0,1,1,6,6,2,45,7,1497,8,10,TOYOTA YARIS,3,E01030547,0,-1
2023401309138,2023,401309138,1,9,0,18,19,5,1,0,0,3,0,0,0,0,1,1,2,2,1,23,5,1329,1,11,TOYOTA YARIS,1,E01017523,0,-1
2023010486205,2023,010486205,1,9,0,2,2,0,0,0,0,1,0,0,0,0,1,1,6,6,3,-1,-1,1497,8,4,TOYOTA YARIS,-1,-1,0,-1
2023052300387,2023,052300387,3,9,0,18,19,5,1,0,0,0,0,0,0,0,2,1,6,6,1,66,10,1329,1,8,TOYOTA YARIS,4,E01006959,0,-1
2023061370712,2023,061370712,2,9,0,18,19,2,6,0,0,8,0,0,0,0,1,1,5,6,1,25,5,1296,1,15,TOYOTA YARIS,3,E01004854,0,-1
2023991344073,2023,991344073,1,9,0,14,14,7,3,0,0,0,0,0,0,0,1,1,1,1,2,52,8,1329,1,12,TOYOTA YARIS,3,-1,0,-1
2023311361210,2023,311361210,1,9,0,5,5,3,7,0,0,4,0,0,0,0,1,1,5,6,2,84,11,1496,1,5,TOYOTA YARIS,1,E01013862,0,-1
2023041391210,2023,041391210,1,9,0,18,19,5,1,0,0,4,0,0,0,0,1,1,5,6,1,24,5,998,1,17,TOYOTA YARIS,7,E01013615,0,-1
2023201350271,2023,201350271,1,9,0,16,19,7,2,0,0,0,1,10,7,2,3,1,6,6,1,19,4,1364,2,14,TOYOTA YARIS,4,E01009835,0,-1
2023061392099,2023,061392099,1,9,0,18,19,1,5,0,0,0,1,0,1,0,1,1,2,2,1,68,10,1497,1,21,TOYOTA YARIS,5,E01005990,0,-1
2023131412749,2023,131412749,1,9,0,16,19,1,1,0,0,0,0,0,0,0,2,1,2,2,2,50,8,1329,1,9,TOYOTA YARIS,1,E01011003,0,-1
2023332300258,2023,332300258,2,9,0,5,5,1,5,6,6,0,0,0,0,0,4,1,6,6,1,67,10,1497,8,11,TOYOTA YARIS,1,E01013675,0,-1
2023010454517,2023,010454517,2,9,0,99,99,9,9,99,99,9,9,99,9,99,0,9,6,6,2,-1,-1,998,1,18,TOYOTA YARIS,4,E01000997,0,-1
2023010454353,2023,010454353,1,9,0,18,19,5,1,0,0,2,0,0,0,0,1,1,3,7,2,43,7,1497,8,7,TOYOTA YARIS,2,E01000626,0,-1
2023131308605,2023,131308605,1,9,0,15,15,2,6,0,0,1,0,0,0,0,1,1,6,6,2,20,4,1329,1,9,TOYOTA YARIS,1,E01010719,0,-1
2023131273215,2023,131273215,1,9,0,-1,-1,1,5,-1,-1,-1,-1,-1,-1,-1,-1,1,6,6,3,-1,-1,1296,1,15,TOYOTA YARIS,-1,-1,0,-1
2023010483598,2023,010483598,2,9,0,4,4,1,5,0,0,0,0,0,0,0,2,1,1,1,1,54,8,1329,1,12,TOYOTA YARIS,4,E01003453,0,-1
2023010454629,2023,010454629,1,9,0,9,9,1,7,0,0,6,0,0,0,0,1,1,6,6,2,40,7,1329,1,10,TOYOTA YARIS,3,E01004313,0,-1
2023991279651,2023,991279651,1,9,0,5,5,7,3,0,0,4,0,0,0,0,1,1,5,6,2,65,9,1490,8,3,TOYOTA YARIS,10,-1,0,-1
2023010453120,2023,010453120,1,9,0,99,99,9,9,99,99,9,9,99,9,99,0,9,6,6,3,40,7,1497,8,7,TOYOTA YARIS,2,E01000083,0,-1
2023471365334,2023,471365334,1,9,0,18,19,1,5,0,0,1,0,0,0,0,3,1,6,6,2,36,7,1364,2,9,TOYOTA YARIS,6,E01016887,0,-1
2023201309166,2023,201309166,1,9,0,9,9,3,8,0,0,8,0,0,0,0,1,1,6,6,2,41,7,1364,2,15,TOYOTA YARIS,1,E01009309,0,-1
2023451355032,2023,451355032,1,9,0,17,19,2,6,0,0,1,5,0,1,4,1,1,5,6,1,19,4,998,1,17,TOYOTA YARIS,10,E01030821,0,-1
2023440391725,2023,440391725,2,9,0,4,4,6,2,0,0,0,0,0,0,0,2,1,6,6,2,27,6,1329,1,14,TOYOTA YARIS,-1,-1,0,-1
2023122300518,2023,122300518,1,9,0,18,19,3,7,0,0,6,0,0,0,0,1,1,6,6,2,89,11,1497,8,5,TOYOTA YARIS,7,E01027707,0,-1
2023131343455,2023,131343455,1,9,0,18,19,1,5,0,0,1,0,0,0,0,1,1,6,6,1,50,8,1329,1,13,TOYOTA YARIS,9,E01011566,0,-1
2023010478735,2023,010478735,1,9,0,18,19,3,7,0,0,1,1,0,2,11,4,1,2,2,2,61,9,1490,8,1,TOYOTA YARIS,2,E01000525,0,-1
2023010454284,2023,010454284,2,9,0,99,99,9,9,99,99,9,9,99,9,99,1,9,6,6,3,-1,-1,1497,8,3,TOYOTA YARIS,-1,-1,0,-1
2023430569736,2023,430569736,2,9,0,18,19,3,7,0,0,8,0,0,0,0,1,1,6,6,2,19,4,1329,1,12,TOYOTA YARIS,-1,-1,0,-1
2023170L30853,2023,170L30853,1,9,0,14,14,5,1,0,0,0,0,0,0,0,1,1,6,6,1,34,6,998,1,18,TOYOTA YARIS,1,E01012027,0,-1
2023231360049,2023,231360049,2,9,0,4,4,2,6,0,0,0,0,0,0,0,2,1,5,6,1,71,10,1490,8,1,TOYOTA YARIS,7,W01000445,0,-1
2023371359392,2023,371359392,1,9,0,8,8,6,8,5,5,1,0,0,0,0,1,1,5,6,3,26,6,1490,8,1,TOYOTA YARIS,-1,-1,0,-1
2023010478741,2023,010478741,2,9,0,99,99,9,9,99,99,9,9,99,9,99,9,9,6,6,3,-1,-1,1497,8,8,TOYOTA YARIS,-1,-1,0,-1
2023031348158,2023,031348158,1,9,0,18,19,7,5,0,0,0,0,0,7,0,1,1,5,6,1,65,9,1497,8,5,TOYOTA YARIS,6,E01019083,0,-1
2023991368733,2023,991368733,1,9,0,17,19,6,2,0,0,0,5,0,0,0,1,1,2,2,2,30,6,1329,1,8,TOYOTA YARIS,4,-1,0,-1
2023131306957,2023,131306957,1,9,0,18,19,2,6,0,0,0,0,0,0,0,1,1,2,2,1,66,10,998,1,16,TOYOTA YARIS,2,E01010621,0,-1
2023131319595,2023,131319595,1,9,0,18,19,5,1,0,0,0,0,0,0,0,1,1,5,6,1,22,5,1296,1,16,TOYOTA YARIS,1,E01010824,0,-1
2023332300117,2023,332300117,1,9,0,9,9,7,5,0,0,6,0,0,1,11,1,1,2,2,2,-1,-1,1490,8,0,TOYOTA YARIS,-1,-1,0,-1
2023991388842,2023,991388842,2,9,0,10,10,7,5,0,0,1,1,0,0,0,2,1,5,6,1,74,10,1497,8,6,TOYOTA YARIS,9,-1,0,-1
2023010419528,2023,010419528,2,9,0,99,99,9,9,99,99,9,9,99,9,99,9,9,6,6,3,-1,-1,1496,1,4,TOYOTA YARIS,-1,-1,0,-1
2023461364623,2023,461364623,2,9,0,18,19,3,7,0,0,0,0,0,0,0,1,1,6,6,2,29,6,1329,1,8,TOYOTA YARIS,6,E01023986,0,-1
2023010444934,2023,010444934,2,9,0,2,2,0,0,9,9,1,0,0,7,0,0,1,6,6,3,-1,-1,998,1,20,TOYOTA YARIS,-1,-1,0,-1
2023531335442,2023,531335442,2,9,0,18,19,3,7,0,0,8,0,0,0,0,3,1,5,6,2,28,6,1329,1,9,TOYOTA YARIS,-1,-1,0,-1
2023461386910,2023,461386910,2,9,0,18,19,1,5,0,0,0,0,0,0,0,2,1,6,6,1,46,8,1490,8,1,TOYOTA YARIS,4,E01024587,0,-1
2023340WN2142,2023,340WN2142,1,9,0,9,9,6,3,0,0,8,0,0,0,0,1,1,6,6,2,37,7,1496,1,6,TOYOTA YARIS,8,E01027348,0,-1
2023522401033,2023,522401033,2,9,0,9,9,4,8,0,0,5,0,0,0,0,4,1,6,6,2,20,4,1299,1,18,TOYOTA YARIS,2,E01029109,0,-1
2023010426065,2023,010426065,2,9,0,16,19,3,7,0,0,1,0,0,0,0,1,1,6,6,1,50,8,1497,8,7,TOYOTA YARIS,-1,-1,0,-1
2023010453517,2023,010453517,2,9,9,99,99,9,9,99,99,9,9,99,9,99,9,9,6,6,3,-1,-1,998,1,23,TOYOTA YARIS,5,E01004517,0,-1
2023221349656,2023,221349656,2,9,0,18,19,5,1,0,0,8,0,0,0,0,1,1,5,6,1,44,7,998,1,21,TOYOTA YARIS,1,E01009275,0,-1
2023010446913,2023,010446913,2,9,0,9,9,5,2,0,0,1,0,0,0,0,1,1,6,6,2,76,11,1329,1,9,TOYOTA YARIS,8,E01000653,0,-1
2023471350682,2023,471350682,3,9,0,4,4,8,4,0,0,1,0,0,0,0,2,1,6,6,2,-1,-1,1497,8,5,TOYOTA YARIS,5,E01016950,0,-1
2023351315380,2023,351315380,1,9,0,9,9,5,3,0,0,5,0,0,0,0,4,1,1,1,1,45,7,1497,8,3,TOYOTA YARIS,-1,-1,0,-1
2023071052538,2023,071052538,7,9,0,4,4,6,2,0,0,0,1,0,0,0,2,1,2,2,1,31,6,998,1,13,TOYOTA YARIS,4,W01000374,0,-1
2023421281371,2023,421281371,1,9,0,5,5,4,1,0,0,8,0,0,0,0,1,1,6,6,1,26,6,1618,1,2,TOYOTA YARIS,9,E01015939,0,-1
2023131392174,2023,131392174,1,9,0,18,19,7,3,0,0,0,5,0,2,0,4,1,5,6,1,22,5,1299,1,19,TOYOTA YARIS,2,E01005383,0,-1
2023461353601,2023,461353601,2,9,0,3,3,8,4,0,0,0,0,0,0,0,4,1,6,6,1,46,8,1497,8,9,TOYOTA YARIS,8,E01016131,0,-1
2023161319560,2023,161319560,2,9,0,18,19,2,6,0,0,4,0,0,0,0,1,1,5,6,2,79,11,1296,1,16,TOYOTA YARIS,8,E01012939,0,-1
2023070603064,2023,070603064,1,9,0,5,5,1,5,0,0,2,0,0,1,2,1,1,6,6,1,25,5,1296,1,15,TOYOTA YARIS,-1,-1,0,-1
2023461326855,2023,461326855,2,9,0,18,19,3,7,0,0,4,0,0,0,0,1,1,6,6,1,59,9,1364,2,14,TOYOTA YARIS,3,E01024279,0,-1
2023622300353,2023,622300353,2,9,0,18,19,8,4,0,0,1,0,0,0,0,1,1,6,6,1,42,7,1329,1,11,TOYOTA YARIS,2,W01001069,0,-1
2023010476284,2023,010476284,2,9,9,99,99,9,9,99,99,9,9,99,9,99,9,9,6,6,2,-1,-1,998,1,17,TOYOTA YARIS,4,E01003803,0,-1
2023311287066,2023,311287066,1,9,0,18,19,8,4,0,0,0,2,0,0,0,4,1,2,2,2,21,5,1364,2,16,TOYOTA YARIS,2,E01028223,0,-1
2023010454032,2023,010454032,1,9,0,7,7,3,4,0,0,6,5,10,0,0,0,1,6,6,2,26,6,1490,8,0,TOYOTA YARIS,7,E01000734,0,-1
2023061368600,2023,061368600,2,9,0,18,19,1,4,0,0,8,0,0,0,0,1,1,2,2,2,29,6,1296,1,15,TOYOTA YARIS,-1,-1,0,-1
2023461322897,2023,461322897,1,9,0,18,19,5,1,0,0,0,0,4,0,0,4,1,6,6,2,-1,-1,1296,1,15,TOYOTA YARIS,7,E01024813,0,-1
2023121292789,2023,121292789,1,9,0,17,19,3,7,0,0,8,0,0,0,0,1,1,5,6,2,70,10,1299,1,21,TOYOTA YARIS,5,E01010651,0,-1
2023471285952,2023,471285952,2,9,0,11,11,5,1,0,0,0,0,0,0,0,4,1,5,6,2,47,8,1618,1,2,TOYOTA YARIS,4,E01031608,0,-1
2023010435719,2023,010435719,1,9,0,6,6,3,3,0,0,0,0,0,0,0,1,1,6,6,1,79,11,1490,8,0,TOYOTA YARIS,2,E01002843,0,-1
2023340WN7362,2023,340WN7362,1,9,0,5,5,5,1,0,0,6,0,0,0,0,4,1,6,6,2,42,7,1497,8,5,TOYOTA YARIS,9,E01027163,0,-1
2023141342440,2023,141342440,2,9,0,18,19,1,4,0,0,0,0,0,0,0,1,1,6,6,3,-1,-1,1299,1,23,TOYOTA YARIS,-1,-1,0,-1
2023311380436,2023,311380436,1,9,0,14,14,2,6,0,0,2,0,0,0,0,1,1,6,6,1,85,11,998,1,22,TOYOTA YARIS,-1,-1,0,-1
2023440009226,2023,440009226,2,9,0,18,19,8,2,0,0,4,0,0,0,0,3,1,6,6,2,37,7,1497,8,3,TOYOTA YARIS,4,E01017171,0,-1
2023010465825,2023,010465825,2,9,0,2,2,0,0,0,0,0,1,0,1,4,2,1,6,6,3,-1,-1,998,1,20,TOYOTA YARIS,-1,-1,0,-1
2023411352829,2023,411352829,2,9,0,18,19,7,4,0,0,1,0,0,0,0,1,1,6,6,2,-1,-1,1364,2,16,TOYOTA YARIS,5,E01023761,0,-1
2023361306491,2023,361306491,1,9,0,6,6,8,4,0,0,2,2,0,1,0,4,1,5,6,1,78,11,1490,8,0,TOYOTA YARIS,-1,-1,0,-1
2023421354784,2023,421354784,1,9,0,9,9,1,5,0,0,6,0,0,0,0,1,1,6,6,1,44,7,1329,1,7,TOYOTA YARIS,9,E01023438,0,-1
2023320185502,2023,320185502,1,9,0,18,19,8,6,0,0,6,0,0,0,0,3,1,6,6,2,48,8,1296,1,17,TOYOTA YARIS,9,E01026406,0,-1
2023461350293,2023,461350293,2,9,0,18,19,3,7,0,0,0,0,0,0,0,3,1,6,6,2,31,6,1329,1,10,TOYOTA YARIS,5,E01016118,0,-1
2023052302715,2023,052302715,1,9,0,9,9,5,3,0,0,6,0,0,0,0,1,1,6,6,3,-1,-1,998,1,13,TOYOTA YARIS,-1,-1,0,-1
2023451313583,2023,451313583,2,9,0,18,19,6,2,0,0,8,1,0,1,4,4,1,5,6,2,73,10,1490,8,2,TOYOTA YARIS,10,E01030319,0,-1
2023201410169,2023,201410169,1,9,0,9,9,8,6,0,0,6,0,0,0,0,1,1,6,6,1,27,6,1497,8,6,TOYOTA YARIS,2,E01010096,0,-1
2023211411099,2023,211411099,1,9,0,7,7,8,2,0,0,6,0,0,0,0,2,1,6,6,1,-1,-1,1299,1,18,TOYOTA YARIS,-1,-1,0,-1
2023010475516,2023,010475516,2,9,0,99,99,9,9,99,99,9,9,99,9,99,9,9,6,6,3,-1,-1,1296,1,16,TOYOTA YARIS,-1,-1,0,-1
2023061276794,2023,061276794,1,9,0,18,19,6,2,0,0,1,0,0,0,0,1,1,5,6,1,41,7,1329,1,13,TOYOTA YARIS,-1,-1,0,-1
2023231311693,2023,231311693,1,9,0,16,19,6,7,0,0,0,2,0,7,7,3,1,6,6,2,52,8,1490,8,1,TOYOTA YARIS,6,E01025824,0,-1
2023010436505,2023,010436505,8,9,0,2,2,0,0,0,0,1,0,0,0,0,4,1,6,6,3,-1,-1,1497,8,8,TOYOTA YARIS,-1,-1,0,-1
2023430305413,2023,430305413,1,9,0,1,1,5,1,0,0,5,0,0,0,0,2,1,6,6,1,75,10,1497,8,5,TOYOTA YARIS,8,E01028704,0,-1
2023061357121,2023,061357121,2,9,-1,-1,-1,-1,-1,-1,-1,0,-1,-1,-1,0,-1,1,6,6,2,-1,-1,1329,1,12,TOYOTA YARIS,1,E01005486,0,-1
2023010436078,2023,010436078,1,9,0,6,6,1,1,0,0,0,0,0,0,0,0,1,6,6,1,32,6,1299,1,18,TOYOTA YARIS,9,E01004161,0,-1
2023141354108,2023,141354108,1,9,0,18,19,2,5,0,0,0,0,0,0,0,3,1,5,6,1,68,10,1490,8,0,TOYOTA YARIS,9,E01007862,0,-1
2023010430390,2023,010430390,1,9,0,99,99,9,9,99,99,9,9,99,9,99,1,9,6,6,2,23,5,1490,8,1,TOYOTA YARIS,5,E01004466,0,-1
2023010468836,2023,010468836,1,9,0,99,99,9,9,99,99,9,9,99,9,99,1,9,6,6,3,-1,-1,1497,8,6,TOYOTA YARIS,-1,-1,0,-1
2023161370475,2023,161370475,2,9,0,18,19,7,3,0,0,0,0,0,0,0,1,1,5,6,2,49,8,1490,8,2,TOYOTA YARIS,8,E01010896,0,-1
2023131362268,2023,131362268,2,9,0,18,19,3,7,0,0,0,0,0,0,0,1,1,6,6,2,45,7,998,1,7,TOYOTA YARIS,6,E01011408,0,-1
2023302301479,2023,302301479,1,9,0,9,9,4,2,0,0,5,0,0,0,0,4,1,6,6,1,30,6,998,1,20,TOYOTA YARIS,4,E01019431,0,-1
2023201415069,2023,201415069,3,9,0,3,3,7,3,0,0,0,0,0,0,0,2,1,6,6,1,36,7,1296,1,15,TOYOTA YARIS,1,E01009335,0,-1
2023052302609,2023,052302609,1,9,0,18,19,4,8,0,0,8,1,0,0,0,1,1,6,6,2,78,11,998,1,13,TOYOTA YARIS,3,E01006722,0,-1
2023201305191,2023,201305191,1,9,0,5,5,2,5,0,0,2,2,7,0,0,1,1,6,6,1,21,5,1329,1,14,TOYOTA YARIS,1,E01009480,0,-1
2023991278539,2023,991278539,1,9,0,18,19,5,1,0,0,1,0,0,0,0,1,2,5,6,2,50,8,1497,8,9,TOYOTA YARIS,8,-1,0,-1
2023531320448,2023,531320448,1,9,0,18,19,5,1,0,0,8,1,0,1,10,1,1,6,6,1,37,7,998,1,22,TOYOTA YARIS,7,E01022180,0,-1
2023471384368,2023,471384368,1,9,0,18,19,6,2,0,0,1,0,0,0,0,1,1,6,6,2,74,10,1329,1,10,TOYOTA YARIS,10,E01031686,0,-1
2023010443567,2023,010443567,2,9,0,18,19,2,6,0,0,0,0,0,0,0,1,9,6,6,2,-1,-1,1329,1,11,TOYOTA YARIS,1,E01004675,0,-1
2023010428948,2023,010428948,2,9,0,18,19,1,5,0,0,4,0,0,0,0,4,1,6,6,2,53,8,1299,1,22,TOYOTA YARIS,3,E01004633,0,-1
2023131285093,2023,131285093,2,9,0,2,2,5,1,0,0,1,0,0,0,0,2,1,6,6,1,33,6,998,1,21,TOYOTA YARIS,5,E01011129,0,-1
2023201416513,2023,201416513,1,9,0,18,19,3,6,0,0,0,0,10,7,11,1,1,6,6,2,60,9,998,1,17,TOYOTA YARIS,1,E01009204,0,-1
2023122300889,2023,122300889,1,9,0,18,19,5,1,0,0,0,0,0,0,0,1,1,2,2,3,57,9,1490,8,1,TOYOTA YARIS,-1,-1,0,-1
2023010458220,2023,010458220,1,9,0,99,99,9,9,99,99,9,9,99,9,99,2,9,2,2,2,62,9,1497,8,5,TOYOTA YARIS,4,E01001261,0,-1
2023401292127,2023,401292127,2,9,-1,-1,-1,-1,-1,-1,-1,0,-1,-1,-1,0,-1,1,3,7,2,50,8,1299,1,19,TOYOTA YARIS,-1,-1,0,-1
2023010423484,2023,010423484,1,9,0,18,19,1,5,0,0,0,0,0,0,0,1,1,6,6,3,-1,-1,1299,1,18,TOYOTA YARIS,-1,-1,0,-1
2023131261228,2023,131261228,1,9,0,18,19,3,7,0,0,0,0,0,0,0,1,1,6,6,1,59,9,1329,1,12,TOYOTA YARIS,10,E01010772,0,-1
2023131284465,2023,131284465,1,9,0,4,4,5,1,0,0,1,0,0,0,0,1,1,5,6,1,32,6,1296,1,14,TOYOTA YARIS,2,E01010619,0,-1
2023061345685,2023,061345685,1,9,0,9,9,5,3,0,0,8,0,0,0,0,1,1,6,6,2,50,8,1364,2,10,TOYOTA YARIS,1,E01005429,0,-1
2023052302070,2023,052302070,2,9,0,4,4,3,1,0,0,4,0,0,0,0,1,1,6,6,1,36,7,1329,1,14,TOYOTA YARIS,1,E01006721,0,-1
2023010430204,2023,010430204,2,9,0,99,99,9,9,99,99,9,9,99,9,99,1,9,6,6,3,-1,-1,1296,1,16,TOYOTA YARIS,-1,-1,0,-1
2023552301506,2023,552301506,2,9,0,18,19,4,8,0,0,0,0,0,2,1,3,1,6,6,1,77,11,1490,8,0,TOYOTA YARIS,9,E01029182,0,-1
2023131294860,2023,131294860,2,9,0,18,19,3,7,0,0,1,0,0,0,0,1,1,5,6,1,40,7,1329,1,8,TOYOTA YARIS,4,E01011023,0,-1
2023311362059,2023,311362059,2,9,0,18,19,7,3,0,0,0,0,0,0,0,1,1,6,6,1,60,9,1329,1,8,TOYOTA YARIS,5,E01007751,0,-1
2023131340538,2023,131340538,2,9,0,9,9,3,7,0,0,8,0,0,0,0,3,1,5,6,1,71,10,1296,1,17,TOYOTA YARIS,1,E01010659,0,-1
2023430260243,2023,430260243,1,9,0,3,3,2,6,0,0,1,0,0,0,0,2,1,6,6,2,21,5,1490,8,1,TOYOTA YARIS,4,E01016360,0,-1
2023531368203,2023,531368203,2,9,0,17,19,1,5,0,0,0,0,0,0,0,1,1,5,6,1,53,8,1329,1,7,TOYOTA YARIS,9,E01022185,0,-1
2023631362997,2023,631362997,2,9,0,2,2,7,3,0,0,0,0,4,1,10,2,1,6,6,3,-1,-1,1490,8,3,TOYOTA YARIS,-1,-1,0,-1
2023141346971,2023,141346971,2,9,0,9,9,4,2,0,0,6,0,0,0,0,1,1,5,6,1,19,4,1299,1,20,TOYOTA YARIS,2,E01007854,0,-1
2023010459003,2023,010459003,1,9,0,4,4,5,1,0,0,1,0,0,0,0,1,1,2,2,2,28,6,1329,1,9,TOYOTA YARIS,1,E01002069,0,-1
2023411318093,2023,411318093,3,9,0,18,19,6,2,0,0,0,0,0,0,0,2,1,6,6,2,31,6,1490,8,2,TOYOTA YARIS,4,E01023794,0,-1
2023131355025,2023,131355025,1,9,0,9,9,1,5,0,0,8,0,0,0,0,2,1,5,6,1,22,5,998,1,16,TOYOTA YARIS,4,E01011044,0,-1
2023991326750,2023,991326750,2,9,0,9,9,5,3,0,0,1,0,0,0,0,1,1,6,6,2,64,9,1329,1,12,TOYOTA YARIS,10,-1,0,-1
2023440149475,2023,440149475,2,9,0,2,2,0,0,0,0,0,0,4,0,0,3,1,6,6,3,-1,-1,1329,1,13,TOYOTA YARIS,-1,-1,0,-1
2023010420964,2023,010420964,2,9,0,99,99,9,9,99,99,9,9,99,9,99,1,9,6,6,3,-1,-1,1299,1,18,TOYOTA YARIS,2,E01003337,0,-1
2023471264623,2023,471264623,1,9,0,17,19,5,1,0,0,0,1,0,1,3,1,1,5,6,2,35,6,1296,1,15,TOYOTA YARIS,10,E01022619,0,-1
2023451379144,2023,451379144,2,9,0,12,12,3,7,0,0,6,0,0,0,0,1,1,5,6,1,51,8,998,1,14,TOYOTA YARIS,8,E01030845,0,-1
2023041297594,2023,041297594,3,9,0,2,2,0,0,9,9,2,0,0,0,0,3,1,6,6,3,-1,-1,1329,1,14,TOYOTA YARIS,-1,-1,0,-1
2023440363834,2023,440363834,1,9,0,18,19,3,7,0,0,0,0,0,0,0,3,1,6,6,2,65,9,998,1,19,TOYOTA YARIS,4,E01017297,0,-1
2023111359890,2023,111359890,1,9,0,18,19,1,5,0,0,0,5,10,1,0,1,1,5,6,2,18,4,1299,1,18,TOYOTA YARIS,1,E01020844,0,-1
2023131302122,2023,131302122,3,9,0,9,9,3,7,0,0,0,0,0,0,0,1,1,5,6,1,28,6,998,1,16,TOYOTA YARIS,1,E01011081,0,-1
2023141325030,2023,141325030,1,9,0,18,19,6,2,0,0,2,0,0,0,0,1,1,6,6,2,54,8,998,1,17,TOYOTA YARIS,3,E01007538,0,-1
2023070118744,2023,070118744,2,9,0,18,19,1,4,0,0,6,0,0,0,0,1,1,6,6,3,-1,-1,1490,8,2,TOYOTA YARIS,-1,-1,0,-1
2023010465876,2023,010465876,1,9,0,9,9,7,5,7,6,8,0,0,0,0,1,1,6,6,2,45,7,1496,1,4,TOYOTA YARIS,5,E01001962,0,-1
2023141360805,2023,141360805,5,9,0,18,19,1,5,0,0,0,0,0,0,0,1,1,5,6,1,78,11,1497,8,4,TOYOTA YARIS,2,E01007405,0,-1
2023131265675,2023,131265675,2,9,0,4,4,5,1,0,0,0,0,0,0,0,3,1,6,6,3,-1,-1,1329,1,14,TOYOTA YARIS,-1,-1,0,-1
2023061373705,2023,061373705,1,9,0,18,19,2,8,0,0,4,0,9,1,1,1,1,6,6,2,36,7,1496,1,5,TOYOTA YARIS,7,E01006379,0,-1
2023131368057,2023,131368057,1,9,0,5,5,1,1,0,0,0,0,0,7,0,3,1,1,1,1,40,7,1299,1,18,TOYOTA YARIS,1,E01010812,0,-1
2023332300490,2023,332300490,1,9,0,1,1,7,3,0,0,0,0,0,0,0,2,1,6,6,1,81,11,1497,8,7,TOYOTA YARIS,3,E01013718,0,-1
2023991350696,2023,991350696,1,9,0,6,6,5,5,0,0,7,0,0,0,0,1,1,5,6,1,82,11,1496,1,5,TOYOTA YARIS,5,-1,0,-1
2023041376392,2023,041376392,1,9,0,9,9,3,1,0,0,0,1,0,3,1,1,1,5,6,1,21,5,1490,8,1,TOYOTA YARIS,10,E01024950,0,-1
2023052301087,2023,052301087,2,9,0,2,2,0,0,0,0,0,0,4,7,0,1,1,6,6,3,-1,-1,1296,1,16,TOYOTA YARIS,-1,-1,0,-1