collision_index,collision_year,collision_ref_no,vehicle_reference,vehicle_type,towing_and_articulation,vehicle_manoeuvre_historic,vehicle_manoeuvre,vehicle_direction_from,vehicle_direction_to,vehicle_location_restricted_lane_historic,vehicle_location_restricted_lane,junction_location,skidding_and_overturning,hit_object_in_carriageway,vehicle_leaving_carriageway,hit_object_off_carriageway,first_point_of_impact,vehicle_left_hand_drive,journey_purpose_of_driver_historic,journey_purpose_of_driver,sex_of_driver,age_of_driver,age_band_of_driver,engine_capacity_cc,propulsion_code,age_of_vehicle,generic_make_model,driver_imd_decile,lsoa_of_driver,escooter_flag,driver_distance_banding
2023440169904,2023,440169904,2,9,0,18,19,5,1,0,0,8,0,0,0,0,1,1,6,6,2,28,6,1329,1,10,TOYOTA YARIS,2,E01017156,0,-1
2023201301390,2023,201301390,2,9,0,3,3,6,2,0,0,1,0,0,0,0,2,1,6,6,1,32,6,1299,1,18,TOYOTA YARIS,1,E01008935,0,-1
2023361263749,2023,361263749,1,9,0,5,5,2,-1,0,0,8,0,0,0,0,1,1,6,6,1,43,7,998,1,21,TOYOTA YARIS,2,E01026822,0,-1
2023201416460,2023,201416460,1,9,0,18,19,3,7,0,0,0,0,0,0,0,1,1,6,6,1,19,4,998,1,17,TOYOTA YARIS,4,E01009085,0,-1
2023052302215,2023,052302215,2,9,0,4,4,8,5,0,0,1,0,0,0,0,4,1,6,6,2,54,8,998,1,13,TOYOTA YARIS,6,E01007059,0,-1
2023471293229,2023,471293229,1,9,0,18,19,7,3,0,0,0,0,0,0,0,1,1,1,1,1,30,6,998,1,19,TOYOTA YARIS,9,E01021028,0,-1
2023332301290,2023,332301290,2,9,0,2,2,0,0,0,0,0,0,0,0,0,3,1,6,6,1,-1,-1,1329,1,12,TOYOTA YARIS,-1,-1,0,-1
2023201384648,2023,201384648,1,9,0,13,13,2,6,0,0,3,5,10,1,0,4,1,1,1,1,22,5,1296,1,15,TOYOTA YARIS,2,E01010048,0,-1
2023430068264,2023,430068264,1,9,0,18,19,7,3,0,0,8,1,10,3,0,1,1,6,6,1,44,7,1490,8,3,TOYOTA YARIS,5,E01016807,0,-1
2023201413727,2023,201413727,1,9,0,18,19,2,6,0,0,0,0,0,0,0,1,1,4,7,1,77,11,1490,8,2,TOYOTA YARIS,8,E01009736,0,-1
2023991379479,2023,991379479,1,9,0,9,9,1,7,0,0,2,0,0,0,0,3,1,2,2,2,55,8,998,1,6,TOYOTA YARIS,9,-1,0,-1
2023421330275,2023,421330275,1,9,0,9,9,7,5,0,0,8,1,0,0,0,4,1,5,6,2,40,7,1296,1,15,TOYOTA YARIS,10,E01033721,0,-1
2023131393136,2023,131393136,2,9,0,18,19,7,3,0,0,0,0,0,0,0,2,1,1,1,1,46,8,1299,1,18,TOYOTA YARIS,1,E01010733,0,-1
2023052303089,2023,052303089,1,9,0,18,19,3,7,0,0,0,0,0,7,2,1,1,6,6,1,25,5,1329,1,12,TOYOTA YARIS,7,E01006800,0,-1
2023131381842,2023,131381842,1,9,0,2,2,3,7,0,0,0,0,11,0,0,2,1,5,6,1,34,6,998,1,10,TOYOTA YARIS,2,E01010792,0,-1
2023010461714,2023,010461714,1,9,0,99,99,9,9,99,99,9,9,99,9,99,2,9,2,2,1,28,6,1490,8,1,TOYOTA YARIS,4,E01023547,0,-1
2023552300335,2023,552300335,2,9,0,18,19,6,2,0,0,8,0,0,0,0,2,1,6,6,2,51,8,1490,8,1,TOYOTA YARIS,6,E01020494,0,-1
2023201395938,2023,201395938,1,9,0,18,19,3,7,0,0,6,0,0,0,0,1,1,5,6,1,35,6,1363,2,19,TOYOTA YARIS,-1,-1,0,-1
2023170L40333,2023,170L40333,1,9,0,18,19,7,3,0,0,8,0,0,1,2,1,1,6,6,2,45,7,1329,1,14,TOYOTA YARIS,5,E01012160,0,-1
2023546429423,2023,546429423,1,9,0,18,19,2,6,0,0,1,5,0,1,11,1,1,6,6,1,24,5,998,1,23,TOYOTA YARIS,7,E01027489,0,-1
2023010434703,2023,010434703,2,9,0,99,99,9,9,99,99,9,9,99,9,99,9,9,6,6,3,-1,-1,998,1,21,TOYOTA YARIS,-1,-1,0,-1
2023061330513,2023,061330513,2,9,-1,-1,-1,-1,-1,-1,-1,0,-1,-1,-1,0,-1,1,6,6,3,-1,-1,1497,8,5,TOYOTA YARIS,-1,-1,0,-1
2023101376321,2023,101376321,1,9,0,18,19,7,3,0,0,4,0,0,0,0,1,1,6,6,2,89,11,1496,1,6,TOYOTA YARIS,10,E01008784,0,-1
2023010457310,2023,010457310,2,9,0,99,99,9,9,99,99,9,9,99,9,99,1,9,6,6,1,34,6,1299,1,20,TOYOTA YARIS,2,E01003324,0,-1
2023010431714,2023,010431714,1,9,0,3,3,6,2,0,0,0,0,0,0,0,2,1,6,6,2,47,8,1296,1,16,TOYOTA YARIS,8,E01021784,0,-1
2023010486517,2023,010486517,2,9,0,99,99,9,9,99,99,9,9,99,9,99,1,9,6,6,3,-1,-1,1299,1,18,TOYOTA YARIS,-1,-1,0,-1
2023010456373,2023,010456373,2,9,0,99,99,9,9,99,99,9,9,99,9,99,1,9,6,6,3,-1,-1,1490,8,1,TOYOTA YARIS,2,E01003622,0,-1
2023522300460,2023,522300460,2,9,0,2,2,0,0,6,6,0,0,0,0,0,2,1,6,6,1,42,7,1490,8,2,TOYOTA YARIS,10,W01001636,0,-1
2023461387522,2023,461387522,1,9,0,18,19,5,1,0,0,0,0,0,0,0,1,1,6,6,1,30,6,1296,1,17,TOYOTA YARIS,5,E01021114,0,-1
2023320402839,2023,320402839,1,9,0,18,19,4,8,0,0,0,0,0,7,10,1,1,6,6,1,29,6,1299,1,22,TOYOTA YARIS,10,E01026413,0,-1
2023471356566,2023,471356566,2,9,0,9,9,7,5,0,0,8,0,0,0,0,1,1,2,2,2,33,6,1497,8,8,TOYOTA YARIS,3,E01031811,0,-1
2023201396102,2023,201396102,1,9,0,18,19,2,6,0,0,8,0,0,0,0,1,1,6,6,2,-1,-1,1296,1,17,TOYOTA YARIS,-1,-1,0,-1
2023131266085,2023,131266085,1,9,0,4,4,5,5,0,0,0,0,0,0,0,1,1,3,7,1,49,8,1296,1,16,TOYOTA YARIS,5,E01033695,0,-1
2023131280705,2023,131280705,1,9,0,7,7,1,3,0,0,0,0,0,0,0,1,1,5,6,2,34,6,1329,1,10,TOYOTA YARIS,4,E01010848,0,-1
2023421387601,2023,421387601,2,9,0,3,3,5,1,0,0,0,0,0,0,0,2,1,3,7,2,46,8,1496,1,4,TOYOTA YARIS,-1,-1,0,-1
2023061279332,2023,061279332,2,9,0,18,19,1,5,0,0,8,0,0,0,0,-1,1,2,2,2,22,5,1296,1,16,TOYOTA YARIS,5,E01005990,0,-1
2023010463443,2023,010463443,2,9,0,18,19,6,2,0,0,0,0,4,0,0,1,1,6,6,1,42,7,998,1,16,TOYOTA YARIS,4,E01001007,0,-1
2023461315709,2023,461315709,1,9,0,9,9,5,1,0,0,0,0,0,0,0,1,1,6,6,2,57,9,998,1,17,TOYOTA YARIS,3,E01024600,0,-1
2023052302484,2023,052302484,1,9,0,18,19,1,5,0,0,0,0,0,0,0,1,1,6,6,1,20,4,1496,1,5,TOYOTA YARIS,9,E01012376,0,-1
2023430392296,2023,430392296,1,9,0,9,9,7,5,0,0,8,0,0,0,0,3,1,2,2,1,24,5,1364,2,17,TOYOTA YARIS,5,E01015700,0,-1
2023010449799,2023,010449799,1,9,0,9,9,8,6,0,0,1,0,0,0,0,1,1,6,6,2,28,6,1296,1,17,TOYOTA YARIS,3,E01001794,0,-1
2023010485883,2023,010485883,1,9,0,9,9,5,2,0,0,0,0,0,0,0,1,1,6,6,2,40,7,1296,1,15,TOYOTA YARIS,3,E01003280,0,-1
2023451309313,2023,451309313,1,9,0,9,9,5,3,0,0,0,0,0,0,0,1,1,5,6,2,82,11,1329,1,10,TOYOTA YARIS,5,E01030579,0,-1
2023201382092,2023,201382092,1,9,0,9,9,6,4,0,0,5,0,0,0,0,1,1,6,6,2,28,6,1329,1,14,TOYOTA YARIS,1,E01009475,0,-1
2023231261540,2023,231261540,2,9,0,18,19,5,1,0,0,0,0,0,0,0,3,1,6,6,3,63,9,1299,1,21,TOYOTA YARIS,2,E01031092,0,-1
2023010423719,2023,010423719,1,9,0,16,19,7,3,0,0,0,0,0,0,0,1,1,1,1,1,58,9,1497,8,7,TOYOTA YARIS,1,E01002026,0,-1
2023010461577,2023,010461577,2,9,0,2,2,0,0,0,0,0,0,0,0,0,2,1,6,6,3,-1,-1,1497,8,7,TOYOTA YARIS,-1,-1,0,-1
2023052300925,2023,052300925,1,9,0,18,19,7,3,0,0,0,0,0,0,0,0,1,2,2,1,55,8,1329,1,8,TOYOTA YARIS,6,E01006487,0,-1
2023010455790,2023,010455790,1,9,0,18,19,1,5,0,0,8,0,0,0,0,1,1,2,2,1,36,7,1296,1,15,TOYOTA YARIS,2,E01001332,0,-1
2023061318421,2023,061318421,1,9,0,18,19,-1,-1,0,0,0,0,0,0,0,1,1,6,6,1,-1,-1,1296,1,15,TOYOTA YARIS,-1,-1,0,-1
2023421293717,2023,421293717,1,9,0,9,9,3,1,0,0,1,0,0,0,0,1,1,5,6,2,78,11,1296,1,16,TOYOTA YARIS,8,E01021690,0,-1
2023430137816,2023,430137816,1,9,0,4,4,4,8,0,0,1,0,0,0,0,2,1,2,2,1,27,6,1497,8,7,TOYOTA YARIS,5,E01016483,0,-1
2023430181830,2023,430181830,1,9,0,18,19,4,8,0,0,0,0,0,0,0,1,1,6,6,2,75,10,1299,1,21,TOYOTA YARIS,10,E01028806,0,-1
2023161392587,2023,161392587,2,9,0,18,19,7,3,0,0,8,0,0,0,0,1,1,6,6,1,27,6,998,1,17,TOYOTA YARIS,1,E01012806,0,-1
2023622300058,2023,622300058,2,9,0,2,2,0,0,0,0,0,0,0,0,0,2,1,6,6,3,-1,-1,998,1,17,TOYOTA YARIS,-1,-1,0,-1
2023351387582,2023,351387582,1,9,-1,18,19,-1,-1,0,0,4,5,0,0,0,1,1,5,6,1,35,6,1296,1,16,TOYOTA YARIS,8,E01018276,0,-1
2023201281679,2023,201281679,1,9,0,9,9,3,1,0,0,6,0,0,0,0,3,1,6,6,2,50,8,1490,8,1,TOYOTA YARIS,10,E01009444,0,-1
2023211362515,2023,211362515,1,9,0,18,19,6,4,0,0,0,2,4,0,0,1,1,2,2,2,55,8,1496,1,4,TOYOTA YARIS,4,E01029808,0,-1
2023430489385,2023,430489385,1,9,0,9,9,2,8,0,0,6,0,0,0,0,1,1,6,6,1,18,4,1364,2,15,TOYOTA YARIS,2,E01028577,0,-1
2023010428745,2023,010428745,1,9,0,99,99,9,9,99,99,9,9,99,9,99,9,9,6,6,1,57,9,1299,1,19,TOYOTA YARIS,3,E01001467,0,-1
2023010447637,2023,010447637,1,9,0,7,7,7,1,0,0,5,0,0,0,0,1,1,6,6,1,33,6,1296,1,16,TOYOTA YARIS,7,E01000326,0,-1
2023161323137,2023,161323137,1,9,0,5,5,1,5,0,0,0,0,0,0,0,1,1,1,1,2,56,9,1490,8,1,TOYOTA YARIS,1,E01013220,0,-1
2023201416311,2023,201416311,1,9,0,9,9,7,6,0,0,5,0,0,0,0,1,1,6,6,1,80,11,1329,1,6,TOYOTA YARIS,6,E01009731,0,-1
2023010470544,2023,010470544,2,9,0,99,99,9,9,99,99,9,9,99,9,99,1,9,6,6,3,-1,-1,1497,8,8,TOYOTA YARIS,-1,-1,0,-1
2023461398500,2023,461398500,1,9,0,18,19,5,1,0,0,1,0,0,0,0,1,1,6,6,2,69,10,1329,1,7,TOYOTA YARIS,7,E01024355,0,-1
2023201330562,2023,201330562,2,9,0,18,19,6,2,0,0,8,0,0,0,0,1,1,6,6,1,31,6,1329,1,7,TOYOTA YARIS,1,E01009482,0,-1
2023311286314,2023,311286314,2,9,0,18,19,7,3,0,0,4,0,0,0,0,2,1,6,6,1,42,7,1329,1,14,TOYOTA YARIS,1,E01013604,0,-1
2023041391815,2023,041391815,2,9,0,2,2,0,0,0,0,1,0,4,0,0,2,1,6,6,3,-1,-1,1329,1,11,TOYOTA YARIS,-1,-1,0,-1
2023451380541,2023,451380541,2,9,0,18,19,3,7,0,0,3,0,0,0,0,3,1,5,6,2,70,10,1490,8,2,TOYOTA YARIS,10,E01030620,0,-1
2023010476822,2023,010476822,2,9,0,18,19,5,1,0,0,8,0,0,0,0,1,1,6,6,1,76,11,1490,8,1,TOYOTA YARIS,-1,-1,0,-1
2023501378451,2023,501378451,2,9,0,4,4,2,7,0,0,1,1,0,1,0,3,1,2,2,2,20,4,998,1,17,TOYOTA YARIS,3,E01020228,0,-1
2023531354559,2023,531354559,1,9,0,9,9,5,1,0,0,8,0,0,0,0,1,1,6,6,1,59,9,1299,1,19,TOYOTA YARIS,10,E01022109,0,-1
2023501299572,2023,501299572,1,9,0,9,9,5,1,0,0,0,0,0,0,0,1,1,5,6,2,64,9,1490,8,2,TOYOTA YARIS,6,E01015264,0,-1
2023010461737,2023,010461737,1,9,0,18,19,3,7,0,0,1,0,0,0,0,1,1,6,6,2,51,8,1497,8,9,TOYOTA YARIS,-1,-1,0,-1
2023111289262,2023,111289262,2,9,0,18,19,5,1,0,0,8,0,0,0,0,1,1,5,6,1,96,11,1299,1,18,TOYOTA YARIS,4,E01020644,0,-1
2023010452982,2023,010452982,2,9,0,99,99,9,9,99,99,9,9,99,9,99,1,9,6,6,3,-1,-1,1497,8,5,TOYOTA YARIS,-1,-1,0,-1
2023351351169,2023,351351169,2,9,0,4,4,5,1,0,0,1,0,0,0,0,2,1,6,6,2,29,6,1490,8,1,TOYOTA YARIS,5,E01018158,0,-1
2023991276728,2023,991276728,1,9,0,6,6,4,4,0,0,6,0,0,0,0,3,1,5,6,2,66,10,1497,8,9,TOYOTA YARIS,9,-1,0,-1
2023131358045,2023,131358045,1,9,0,-1,-1,-1,-1,-1,-1,-1,-1,-1,-1,-1,-1,1,6,6,3,-1,-1,1497,8,10,TOYOTA YARIS,-1,-1,0,-1
2023411382894,2023,411382894,2,9,0,18,19,1,5,0,0,0,0,0,0,0,2,1,2,2,3,27,6,1329,1,12,TOYOTA YARIS,3,E01015701,0,-1
2023010443194,2023,010443194,2,9,0,99,99,9,9,99,99,9,9,99,9,99,1,9,6,6,3,-1,-1,1497,8,11,TOYOTA YARIS,-1,-1,0,-1
2023552400044,2023,552400044,2,9,0,8,8,6,2,0,0,1,0,0,0,0,2,1,6,6,2,39,7,1296,1,15,TOYOTA YARIS,7,E01015330,0,-1
2023061369152,2023,061369152,2,9,0,5,5,5,2,0,0,8,0,0,0,0,1,1,5,6,2,19,4,1329,1,9,TOYOTA YARIS,7,E01025506,0,-1
2023501370067,2023,501370067,2,9,0,18,19,4,8,0,0,0,0,0,0,0,1,1,6,6,1,32,6,998,1,22,TOYOTA YARIS,1,E01015233,0,-1
2023421317257,2023,421317257,1,9,0,15,15,7,3,0,0,0,0,4,0,0,3,1,5,6,1,53,8,1490,8,2,TOYOTA YARIS,2,E01033124,0,-1
2023010450442,2023,010450442,1,9,0,18,19,7,3,4,4,1,0,0,0,0,4,1,2,2,2,54,8,1497,8,6,TOYOTA YARIS,9,E01002110,0,-1
2023351272954,2023,351272954,2,9,0,18,19,3,7,0,0,0,0,0,0,0,1,1,6,6,2,44,7,998,1,5,TOYOTA YARIS,9,E01018278,0,-1
2023201420436,2023,201420436,1,9,0,18,19,2,6,0,0,8,0,0,0,0,1,1,2,2,1,24,5,1296,1,17,TOYOTA YARIS,1,E01027805,0,-1
2023010464267,2023,010464267,1,9,0,2,2,0,0,0,0,0,0,0,0,0,0,1,6,6,3,-1,-1,1497,8,8,TOYOTA YARIS,-1,-1,0,-1
2023010473607,2023,010473607,2,9,9,99,99,9,9,99,99,9,9,99,9,99,9,9,6,6,3,-1,-1,1490,8,2,TOYOTA YARIS,3,E01004317,0,-1
2023161349885,2023,161349885,1,9,0,7,7,5,7,0,0,5,0,0,0,0,2,1,6,6,2,23,5,998,1,9,TOYOTA YARIS,3,E01013156,0,-1
2023361307184,2023,361307184,1,9,0,17,19,2,6,0,0,0,0,0,0,0,1,1,1,1,1,39,7,1299,1,20,TOYOTA YARIS,3,E01026853,0,-1
2023991367080,2023,991367080,1,9,0,18,19,1,5,0,0,0,0,0,7,0,1,1,5,6,2,38,7,998,1,14,TOYOTA YARIS,9,-1,0,-1
2023010420456,2023,010420456,1,9,9,99,99,9,9,99,99,9,9,0,9,0,9,9,6,6,3,-1,-1,1497,8,10,TOYOTA YARIS,-1,-1,0,-1
2023131354180,2023,131354180,1,9,0,16,19,5,1,0,0,0,0,0,0,0,4,1,1,1,1,35,6,1364,2,15,TOYOTA YARIS,7,E01011835,0,-1
2023010425128,2023,010425128,2,9,0,99,99,9,9,99,99,9,9,99,9,99,1,9,6,6,3,-1,-1,1329,1,11,TOYOTA YARIS,-1,-1,0,-1
2023461286204,2023,461286204,3,9,0,10,10,8,4,0,0,0,0,0,0,0,2,1,6,6,2,72,10,1497,8,8,TOYOTA YARIS,7,E01024009,0,-1
2023131377827,2023,131377827,1,9,0,16,19,5,1,0,0,0,0,0,0,0,1,1,2,2,1,23,5,998,1,9,TOYOTA YARIS,10,E01011516,0,-1
2023451269937,2023,451269937,1,9,0,18,19,7,3,0,0,0,0,0,0,0,1,1,2,2,1,30,6,1496,1,5,TOYOTA YARIS,10,E01030320,0,-1
2023451266348,2023,451266348,1,9,0,18,19,1,3,0,0,0,0,0,0,0,0,1,5,6,1,30,6,1329,1,8,TOYOTA YARIS,5,E01002661,0,-1
2023351303449,2023,351303449,1,9,0,9,9,-1,-1,0,0,8,0,0,0,0,4,1,6,6,3,-1,-1,1296,1,16,TOYOTA YARIS,-1,-1,0,-1
2023332300915,2023,332300915,3,9,0,5,5,3,7,0,0,1,0,0,0,0,2,1,6,6,1,31,6,1497,8,5,TOYOTA YARIS,4,E01013648,0,-1
2023061276764,2023,061276764,1,9,0,18,19,7,3,0,0,0,0,0,7,0,1,1,6,6,1,89,11,1329,1,14,TOYOTA YARIS,8,E01024939,0,-1
2023131319656,2023,131319656,1,9,0,18,19,3,7,0,0,1,0,0,0,0,1,1,2,2,1,45,7,1364,2,16,TOYOTA YARIS,4,E01011319,0,-1
2023451312067,2023,451312067,3,9,0,18,19,1,5,0,0,0,0,0,0,0,1,1,5,6,1,33,6,1490,8,0,TOYOTA YARIS,10,E01030953,0,-1
2023161368917,2023,161368917,2,9,0,8,8,1,3,0,0,0,0,0,0,0,2,1,6,6,2,60,9,1496,1,5,TOYOTA YARIS,2,E01013281,0,-1
2023332300233,2023,332300233,1,9,0,18,19,2,6,0,0,8,0,0,0,0,1,1,6,6,1,27,6,1299,1,18,TOYOTA YARIS,3,E01013777,0,-1
2023122300680,2023,122300680,1,9,0,9,9,5,3,0,0,6,0,0,0,0,1,1,6,6,1,89,11,1329,1,9,TOYOTA YARIS,5,E01027828,0,-1
2023070250287,2023,070250287,1,9,0,9,9,8,7,0,0,8,0,1,1,9,1,1,6,6,2,-1,-1,1329,1,7,TOYOTA YARIS,-1,-1,0,-1
2023401287466,2023,401287466,2,9,0,9,9,5,2,0,0,1,0,0,0,0,2,1,6,6,1,31,6,998,1,18,TOYOTA YARIS,9,E01017559,0,-1
2023361366609,2023,361366609,1,9,-1,9,9,3,8,0,0,1,5,0,0,0,1,1,6,6,2,26,6,1490,8,0,TOYOTA YARIS,6,E01030097,0,-1
2023340WN3792,2023,340WN3792,1,9,0,18,19,7,3,0,0,0,0,0,0,0,1,1,6,6,2,38,7,1329,1,7,TOYOTA YARIS,8,E01027162,0,-1
2023201315859,2023,201315859,2,9,0,4,4,8,4,0,0,1,0,0,0,0,2,1,1,1,2,34,6,1329,1,14,TOYOTA YARIS,1,E01009274,0,-1
2023440021475,2023,440021475,5,9,0,18,19,3,7,0,0,0,0,0,0,0,1,1,1,1,2,51,8,1364,2,12,TOYOTA YARIS,4,E01017262,0,-1
2023101328183,2023,101328183,1,9,0,18,19,7,3,0,0,8,0,0,0,0,1,1,2,2,2,25,5,998,1,14,TOYOTA YARIS,2,E01008652,0,-1
2023010478703,2023,010478703,1,9,0,5,5,3,7,0,0,1,0,0,0,0,0,1,6,6,2,38,7,1497,8,5,TOYOTA YARIS,6,E01002662,0,-1
2023471311181,2023,471311181,1,9,0,5,5,7,4,0,0,0,0,0,0,0,1,1,2,2,2,43,7,1497,8,9,TOYOTA YARIS,5,E01031577,0,-1
2023461344435,2023,461344435,3,9,0,2,2,5,1,0,0,1,0,0,0,0,3,1,6,6,2,73,10,1329,1,7,TOYOTA YARIS,6,E01024520,0,-1
2023041367465,2023,041367465,2,9,0,4,4,5,1,0,0,0,0,0,0,0,2,1,1,1,1,48,8,1329,1,10,TOYOTA YARIS,6,E01012616,0,-1
2023010474445,2023,010474445,1,9,0,10,10,3,1,0,0,2,0,11,0,0,4,1,6,6,2,46,8,1329,1,12,TOYOTA YARIS,2,E01000289,0,-1
2023061377020,2023,061377020,2,9,0,3,3,1,5,0,0,1,0,0,0,0,1,1,6,6,1,30,6,998,1,14,TOYOTA YARIS,6,E01006157,0,-1
2023361383507,2023,361383507,2,9,0,18,19,7,6,0,0,0,0,0,0,0,1,1,2,2,1,55,8,1329,1,10,TOYOTA YARIS,6,E01026701,0,-1
2023622300645,2023,622300645,1,9,0,18,19,4,8,0,0,0,0,0,0,0,1,1,6,6,1,23,5,1329,1,8,TOYOTA YARIS,1,W01001739,0,-1
2023010467526,2023,010467526,2,9,0,8,8,3,5,0,0,6,0,0,0,0,3,1,6,6,1,27,6,1296,1,16,TOYOTA YARIS,5,E01003751,0,-1
2023430443406,2023,430443406,1,9,0,12,12,7,3,0,0,3,0,0,0,0,0,1,6,6,2,53,8,1329,1,13,TOYOTA YARIS,-1,-1,0,-1
2023201416508,2023,201416508,2,9,0,18,19,5,2,0,0,1,0,0,0,0,2,1,6,6,1,41,7,1299,1,22,TOYOTA YARIS,1,E01009409,0,-1
2023010462220,2023,010462220,2,9,0,18,19,5,1,0,0,0,0,0,0,0,4,1,6,6,1,58,9,998,1,7,TOYOTA YARIS,10,E01023524,0,-1
2023440473576,2023,440473576,1,9,0,9,9,2,8,0,0,6,0,0,0,0,3,1,6,6,1,48,8,998,1,14,TOYOTA YARIS,4,E01017104,0,-1
2023430076895,2023,430076895,3,9,0,4,4,7,3,0,0,0,0,0,0,0,2,1,6,6,1,37,7,998,1,11,TOYOTA YARIS,6,E01023941,0,-1
2023101265106,2023,101265106,1,9,0,5,5,3,7,0,0,1,0,0,0,0,1,1,5,6,2,34,6,1497,8,4,TOYOTA YARIS,1,E01008607,0,-1
2023131288228,2023,131288228,1,9,0,9,9,1,5,0,0,2,0,0,0,0,1,2,5,6,2,49,8,1364,2,16,TOYOTA YARIS,1,E01010966,0,-1
2023131349702,2023,131349702,2,9,0,18,19,1,5,0,0,1,0,0,1,1,4,1,2,2,2,47,8,1329,1,13,TOYOTA YARIS,1,E01010829,0,-1
2023461269919,2023,461269919,2,9,0,18,19,3,7,0,0,0,0,0,0,0,1,1,6,6,1,45,7,1490,8,1,TOYOTA YARIS,2,E01002046,0,-1
2023302300124,2023,302300124,3,9,0,2,2,0,0,0,0,0,0,0,0,0,2,1,6,6,3,-1,-1,998,1,22,TOYOTA YARIS,-1,-1,0,-1
2023201375985,2023,201375985,2,9,0,3,3,1,8,0,0,0,0,0,0,0,2,1,6,6,1,48,8,1497,8,4,TOYOTA YARIS,2,E01010449,0,-1
2023991387628,2023,991387628,1,9,0,4,4,4,1,0,0,4,0,0,0,0,1,1,5,6,2,29,6,1329,1,6,TOYOTA YARIS,-1,-1,0,-1
2023201422894,2023,201422894,3,9,0,2,2,0,0,0,0,2,0,0,0,0,2,1,6,6,3,-1,-1,1364,2,15,TOYOTA YARIS,-1,-1,0,-1
2023010421235,2023,010421235,2,9,0,99,99,9,9,99,99,0,9,99,9,99,9,9,6,6,3,-1,-1,1329,1,14,TOYOTA YARIS,6,E01001648,0,-1
2023010468301,2023,010468301,1,9,0,10,10,7,5,0,0,1,0,0,0,0,1,1,1,1,2,50,8,1497,8,6,TOYOTA YARIS,8,E01002658,0,-1
2023231379396,2023,231379396,1,9,0,12,12,4,8,0,0,0,0,0,0,0,2,1,5,6,1,27,6,1496,1,6,TOYOTA YARIS,10,E01028710,0,-1
2023440074832,2023,440074832,1,9,0,18,19,8,4,0,0,0,0,0,0,0,1,1,6,6,2,44,7,1497,8,4,TOYOTA YARIS,4,E01022474,0,-1
2023010483973,2023,010483973,1,9,0,16,19,1,5,9,9,0,1,0,7,2,4,1,6,6,1,79,11,1497,8,7,TOYOTA YARIS,10,E01000694,0,-1
2023201316300,2023,201316300,2,9,0,5,5,7,5,0,0,8,0,0,0,0,3,1,2,2,2,49,8,998,1,17,TOYOTA YARIS,1,E01032531,0,-1
2023010474420,2023,010474420,1,9,9,99,99,9,9,99,99,9,9,99,9,99,9,9,6,6,1,58,9,998,1,19,TOYOTA YARIS,3,E01023437,0,-1
2023122400159,2023,122400159,1,9,0,16,19,5,1,0,0,0,1,0,1,4,1,1,6,6,2,20,4,1296,1,15,TOYOTA YARIS,6,E01027601,0,-1
2023440194257,2023,440194257,2,9,0,12,12,2,6,0,0,7,0,0,0,0,3,1,6,6,2,72,10,998,1,18,TOYOTA YARIS,1,E01017250,0,-1
2023461375398,2023,461375398,2,9,0,13,13,8,5,0,0,0,0,0,0,0,4,1,6,6,2,47,8,1490,8,1,TOYOTA YARIS,7,E01002436,0,-1
2023361333145,2023,361333145,2,9,0,18,19,3,7,0,0,1,0,0,0,0,1,1,5,6,2,77,11,1497,8,7,TOYOTA YARIS,6,E01026569,0,-1
2023061293101,2023,061293101,2,9,0,18,19,6,2,0,0,-1,1,0,1,0,2,1,5,6,1,20,4,998,1,16,TOYOTA YARIS,1,E01005239,0,-1
2023131269991,2023,131269991,2,9,0,-1,-1,-1,-1,-1,-1,8,-1,-1,-1,0,-1,1,6,6,1,35,6,1329,1,13,TOYOTA YARIS,3,E01010747,0,-1
2023131320432,2023,131320432,1,9,0,9,9,7,3,0,0,6,0,0,0,0,3,1,5,6,2,18,4,998,1,18,TOYOTA YARIS,5,E01011184,0,-1
2023131296114,2023,131296114,2,9,0,2,2,7,3,0,0,0,0,0,1,0,2,1,1,1,2,21,5,1490,8,1,TOYOTA YARIS,7,E01011828,0,-1
2023451279989,2023,451279989,1,9,0,10,10,2,6,0,0,1,0,0,0,0,2,1,2,2,1,43,7,998,1,22,TOYOTA YARIS,9,E01030733,0,-1
2023010454275,2023,010454275,1,9,0,18,19,1,5,0,0,8,0,0,0,0,1,9,6,6,3,-1,-1,1497,8,4,TOYOTA YARIS,-1,-1,0,-1
2023061397034,2023,061397034,2,9,0,18,19,1,1,0,0,1,0,0,0,0,1,1,6,6,2,46,8,1329,1,7,TOYOTA YARIS,6,E01005454,0,-1
2023010472193,2023,010472193,1,9,0,9,9,1,7,0,0,2,0,0,0,0,4,1,6,6,2,44,7,1496,1,4,TOYOTA YARIS,4,E01002970,0,-1
2023131304955,2023,131304955,2,9,0,18,19,1,5,0,0,1,0,0,0,0,1,1,5,6,1,43,7,1296,1,16,TOYOTA YARIS,1,E01011427,0,-1
2023131266287,2023,131266287,2,9,0,3,3,6,2,0,0,1,0,0,0,0,2,1,5,6,1,33,6,1299,1,18,TOYOTA YARIS,2,E01011900,0,-1
2023010456774,2023,010456774,1,9,0,11,11,1,5,2,2,0,0,0,0,0,4,1,6,6,2,45,7,1496,1,3,TOYOTA YARIS,3,E01001547,0,-1
2023010470829,2023,010470829,2,9,0,2,2,0,0,0,0,1,0,0,0,0,4,1,6,6,3,-1,-1,1296,1,16,TOYOTA YARIS,-1,-1,0,-1