collision_index,collision_year,collision_ref_no,vehicle_reference,vehicle_type,towing_and_articulation,vehicle_manoeuvre_historic,vehicle_manoeuvre,vehicle_direction_from,vehicle_direction_to,vehicle_location_restricted_lane_historic,vehicle_location_restricted_lane,junction_location,skidding_and_overturning,hit_object_in_carriageway,vehicle_leaving_carriageway,hit_object_off_carriageway,first_point_of_impact,vehicle_left_hand_drive,journey_purpose_of_driver_historic,journey_purpose_of_driver,sex_of_driver,age_of_driver,age_band_of_driver,engine_capacity_cc,propulsion_code,age_of_vehicle,generic_make_model,driver_imd_decile,lsoa_of_driver,escooter_flag,driver_distance_banding
2023010441765,2023,010441765,3,9,0,18,19,5,1,0,0,0,0,0,0,0,1,2,6,6,2,71,10,1490,8,2,TOYOTA YARIS,4,E01003255,0,-1
2023070449469,2023,070449469,1,9,0,18,19,6,2,0,0,0,0,0,0,0,4,1,6,6,1,51,8,1490,8,2,TOYOTA YARIS,-1,-1,0,-1
2023061303855,2023,061303855,2,9,0,9,9,2,8,0,0,8,0,0,0,0,1,1,6,6,1,21,5,1329,1,11,TOYOTA YARIS,-1,-1,0,-1
2023302301564,2023,302301564,2,9,0,17,19,6,3,0,0,2,0,0,0,0,0,1,6,6,2,46,8,1329,1,11,TOYOTA YARIS,6,E01019866,0,-1
2023451359494,2023,451359494,1,9,0,18,19,5,1,0,0,0,1,0,0,0,3,1,5,6,1,80,11,1497,8,6,TOYOTA YARIS,10,E01030606,0,-1
2023471344001,2023,471344001,1,9,0,18,19,1,5,0,0,1,0,0,0,0,1,1,5,6,1,60,9,1497,8,5,TOYOTA YARIS,2,E01003912,0,-1
2023131306253,2023,131306253,1,9,0,1,1,3,7,0,0,1,0,0,0,0,-1,1,6,6,2,-1,-1,1364,2,13,TOYOTA YARIS,-1,-1,0,-1
2023320361643,2023,320361643,2,9,0,18,19,6,2,0,0,0,0,0,0,0,2,1,6,6,1,22,5,1299,1,22,TOYOTA YARIS,-1,-1,0,-1
2023231323939,2023,231323939,1,9,0,18,19,5,2,0,0,0,0,0,0,0,4,1,5,6,2,84,11,1497,8,5,TOYOTA YARIS,10,E01031300,0,-1
2023061312743,2023,061312743,1,9,0,9,9,7,6,0,0,1,0,0,0,0,1,1,5,6,2,30,6,1296,1,15,TOYOTA YARIS,1,E01005081,0,-1
2023010420777,2023,010420777,1,9,0,9,9,3,1,0,0,4,0,0,0,0,1,1,2,2,1,62,9,1497,8,7,TOYOTA YARIS,8,E01003774,0,-1
2023451265156,2023,451265156,2,9,0,3,3,2,6,0,0,0,0,0,0,0,2,1,6,6,2,51,8,1329,1,8,TOYOTA YARIS,9,E01030911,0,-1
2023201417732,2023,201417732,3,9,0,3,3,8,4,0,0,0,0,0,0,0,2,1,3,7,2,32,6,998,1,16,TOYOTA YARIS,5,E01032589,0,-1
2023411378021,2023,411378021,2,9,0,18,19,3,7,0,0,8,1,0,1,0,1,1,2,2,1,31,6,1329,1,11,TOYOTA YARIS,5,E01023705,0,-1
2023010419836,2023,010419836,2,9,0,99,99,9,9,99,99,9,9,99,9,99,9,9,6,6,3,-1,-1,1296,1,16,TOYOTA YARIS,-1,-1,0,-1
2023131362276,2023,131362276,1,9,0,18,19,7,3,0,0,0,0,0,0,0,1,1,2,2,1,26,6,1299,1,18,TOYOTA YARIS,7,E01011879,0,-1
2023061335541,2023,061335541,9,9,0,2,2,0,0,0,0,0,0,0,0,0,3,1,6,6,3,-1,-1,1329,1,7,TOYOTA YARIS,-1,-1,0,-1
2023451382083,2023,451382083,1,9,0,18,19,5,1,0,0,8,0,0,0,0,1,1,5,6,2,49,8,1490,8,0,TOYOTA YARIS,10,E01002961,0,-1
2023201296576,2023,201296576,2,9,0,18,19,3,7,0,0,0,0,0,0,0,2,1,2,2,2,38,7,1329,1,9,TOYOTA YARIS,1,E01009979,0,-1
2023141378813,2023,141378813,2,9,0,7,7,3,5,0,0,2,0,0,0,0,1,1,5,6,2,33,6,1363,2,18,TOYOTA YARIS,4,E01011892,0,-1
2023010459439,2023,010459439,1,9,0,18,19,4,8,9,9,0,5,10,0,0,1,1,6,6,1,68,10,1490,8,1,TOYOTA YARIS,4,E01000504,0,-1
2023522300428,2023,522300428,1,9,0,3,3,4,8,0,0,1,0,0,0,0,2,1,6,6,1,60,9,1329,1,12,TOYOTA YARIS,3,E01014690,0,-1
2023061337809,2023,061337809,1,9,0,14,14,-1,-1,0,0,0,0,0,0,0,1,1,6,6,1,52,8,1364,2,14,TOYOTA YARIS,-1,-1,0,-1
2023421324738,2023,421324738,1,9,0,1,1,5,1,9,9,6,0,10,1,0,2,1,5,6,2,77,11,1296,1,16,TOYOTA YARIS,9,E01021873,0,-1
2023440143415,2023,440143415,2,9,0,4,4,7,3,0,0,0,0,0,0,0,2,1,6,6,2,78,11,1497,8,9,TOYOTA YARIS,10,E01022756,0,-1
2023991387328,2023,991387328,2,9,0,9,9,1,8,0,0,8,1,0,1,4,1,1,2,2,2,37,7,1329,1,9,TOYOTA YARIS,1,-1,0,-1
2023010430583,2023,010430583,1,9,0,18,19,4,8,0,0,8,0,0,0,0,1,1,6,6,1,47,8,1329,1,9,TOYOTA YARIS,-1,-1,0,-1
2023351305346,2023,351305346,1,9,0,7,7,1,3,0,0,1,0,0,0,0,1,1,6,6,1,-1,-1,1299,1,18,TOYOTA YARIS,6,E01018281,0,-1
2023131318761,2023,131318761,1,9,0,18,19,3,3,0,0,2,0,0,0,0,3,1,6,6,1,21,5,1296,1,17,TOYOTA YARIS,1,E01010842,0,-1
2023320172610,2023,320172610,1,9,0,18,19,5,1,0,0,8,0,0,0,0,3,1,6,6,1,43,7,1364,2,15,TOYOTA YARIS,4,E01026345,0,-1
2023161332648,2023,161332648,2,9,0,18,19,5,1,0,0,1,0,0,0,0,1,1,6,6,3,-1,-1,1296,1,15,TOYOTA YARIS,5,E01013211,0,-1
2023010452569,2023,010452569,2,9,0,17,19,5,1,0,0,1,0,0,0,0,1,1,6,6,1,45,7,1329,1,12,TOYOTA YARIS,4,E01003034,0,-1
2023122301293,2023,122301293,2,9,0,2,2,0,0,0,0,0,0,0,0,0,4,1,6,6,3,-1,-1,1490,8,0,TOYOTA YARIS,-1,-1,0,-1
2023531290031,2023,531290031,2,9,0,18,19,7,3,0,0,1,1,0,7,0,1,1,2,2,2,25,5,1490,8,3,TOYOTA YARIS,4,E01022326,0,-1
2023131309629,2023,131309629,5,9,0,2,2,0,0,0,0,0,0,4,0,0,4,1,6,6,3,-1,-1,1296,1,15,TOYOTA YARIS,-1,-1,0,-1
2023544402423,2023,544402423,1,9,0,18,19,8,4,0,0,0,0,4,0,0,1,1,2,2,1,19,4,1299,1,18,TOYOTA YARIS,9,E01032049,0,-1
2023421270039,2023,421270039,2,9,0,18,19,6,2,0,0,0,0,0,1,0,1,1,5,6,1,90,11,1329,1,10,TOYOTA YARIS,9,E01021745,0,-1
2023302301896,2023,302301896,3,9,0,18,19,4,8,0,0,0,0,0,0,0,1,1,6,6,2,52,8,1329,1,14,TOYOTA YARIS,8,E01019414,0,-1
2023201282959,2023,201282959,1,9,0,5,5,2,6,0,0,6,0,0,0,0,1,1,2,2,2,53,8,1490,8,1,TOYOTA YARIS,10,E01010385,0,-1
2023010472559,2023,010472559,1,9,0,99,99,9,9,99,99,9,9,99,9,99,9,9,1,1,2,51,8,1497,8,8,TOYOTA YARIS,1,E01004288,0,-1
2023061346512,2023,061346512,4,9,0,18,19,5,1,0,0,1,0,0,0,0,3,1,5,6,1,40,7,1497,8,7,TOYOTA YARIS,8,E01005852,0,-1
2023451357277,2023,451357277,2,9,0,18,19,2,6,0,0,0,0,0,0,0,1,1,5,6,2,23,5,1296,1,17,TOYOTA YARIS,10,E01031645,0,-1
2023010467972,2023,010467972,1,9,0,9,9,5,2,0,0,5,0,0,1,0,3,1,6,6,1,37,7,1329,1,12,TOYOTA YARIS,6,E01001964,0,-1
2023061320787,2023,061320787,1,9,0,-1,-1,-1,-1,0,0,-1,0,0,0,0,1,1,6,6,2,-1,-1,1364,2,15,TOYOTA YARIS,-1,-1,0,-1
2023501302919,2023,501302919,2,9,0,18,19,5,1,0,0,1,0,0,0,0,2,1,5,6,1,78,11,1364,2,11,TOYOTA YARIS,10,E01020165,0,-1
2023010468141,2023,010468141,2,9,0,99,99,9,9,0,0,6,0,0,0,0,1,9,6,6,3,-1,-1,1490,8,2,TOYOTA YARIS,-1,-1,0,-1
2023430480297,2023,430480297,1,9,0,9,9,4,1,0,0,8,0,0,0,0,3,1,6,6,2,43,7,1497,8,4,TOYOTA YARIS,1,E01016743,0,-1
2023141373659,2023,141373659,1,9,0,7,7,1,3,0,0,1,0,0,3,1,1,1,5,6,2,83,11,1496,1,5,TOYOTA YARIS,9,E01007663,0,-1
2023010469317,2023,010469317,1,9,0,7,7,8,3,0,0,1,0,0,1,0,2,1,6,6,2,43,7,1497,8,3,TOYOTA YARIS,7,E01000837,0,-1
2023131309401,2023,131309401,1,9,0,18,19,7,3,0,0,8,0,0,0,0,3,1,5,6,2,24,5,1296,1,17,TOYOTA YARIS,2,E01011259,0,-1
2023131395647,2023,131395647,1,9,0,16,19,7,6,0,0,1,0,0,7,11,1,1,5,6,1,25,5,998,1,16,TOYOTA YARIS,1,E01010680,0,-1
2023531368948,2023,531368948,1,9,0,18,19,5,3,0,0,0,0,0,0,0,1,1,6,6,2,64,9,1329,1,11,TOYOTA YARIS,6,E01022263,0,-1
2023070439426,2023,070439426,1,9,0,18,19,3,7,0,0,1,0,0,0,0,1,1,6,6,2,-1,-1,1329,1,13,TOYOTA YARIS,-1,-1,0,-1
2023010421388,2023,010421388,1,9,0,99,99,9,9,99,99,9,9,99,9,99,2,9,6,6,2,37,7,1497,8,6,TOYOTA YARIS,9,E01002483,0,-1
2023031260958,2023,031260958,7,9,0,18,19,5,1,0,0,0,1,1,0,0,1,1,6,6,1,30,6,1497,8,5,TOYOTA YARIS,-1,-1,0,-1
2023361339797,2023,361339797,2,9,0,18,19,7,3,0,0,0,2,0,1,0,1,1,2,2,1,41,7,998,1,20,TOYOTA YARIS,10,E01030233,0,-1
2023302301042,2023,302301042,1,9,0,18,19,5,1,0,0,8,0,0,0,0,1,1,1,1,1,45,7,1299,1,19,TOYOTA YARIS,2,E01013483,0,-1
2023061306239,2023,061306239,2,9,0,3,3,7,3,0,0,8,0,0,0,0,1,1,2,2,2,33,6,1329,1,12,TOYOTA YARIS,4,E01005273,0,-1
2023501391007,2023,501391007,2,9,0,18,19,8,4,0,0,8,0,0,1,11,3,1,6,6,2,56,9,1296,1,15,TOYOTA YARIS,5,E01015225,0,-1
2023010435112,2023,010435112,2,9,0,17,19,1,5,0,0,4,0,0,0,0,3,1,6,6,1,18,4,1490,8,0,TOYOTA YARIS,8,E01004506,0,-1
2023471379193,2023,471379193,2,9,0,4,4,7,3,0,0,0,0,0,0,0,2,1,5,6,2,66,10,1490,8,1,TOYOTA YARIS,8,E01021082,0,-1
2023471292623,2023,471292623,2,9,0,18,19,5,1,0,0,0,0,0,0,0,4,1,5,6,2,76,11,1496,1,5,TOYOTA YARIS,7,E01031566,0,-1
2023141346978,2023,141346978,1,9,0,8,8,5,7,0,0,1,0,0,0,0,2,1,5,6,2,29,6,1497,8,5,TOYOTA YARIS,-1,-1,0,-1
2023052301067,2023,052301067,1,9,0,9,9,3,7,0,0,8,0,0,0,0,1,1,6,6,3,78,11,1329,1,9,TOYOTA YARIS,5,E01025515,0,-1
2023552301487,2023,552301487,2,9,0,2,2,0,0,0,0,0,0,10,1,0,2,1,6,6,3,-1,-1,1490,8,3,TOYOTA YARIS,-1,-1,0,-1
2023311391438,2023,311391438,2,9,0,10,10,1,8,0,0,1,0,0,0,0,2,1,5,6,2,49,8,1496,1,4,TOYOTA YARIS,6,E01028074,0,-1
2023141319643,2023,141319643,1,9,0,17,19,5,1,0,0,1,1,0,7,1,1,1,5,6,1,24,5,1299,1,18,TOYOTA YARIS,5,E01033262,0,-1
2023141328373,2023,141328373,1,9,0,17,19,5,1,0,0,0,0,0,0,0,1,1,5,6,1,63,9,1329,1,14,TOYOTA YARIS,9,E01013243,0,-1
2023010477906,2023,010477906,2,9,9,99,99,9,9,99,99,9,9,99,9,99,9,9,6,6,3,-1,-1,1329,1,14,TOYOTA YARIS,-1,-1,0,-1
2023401337108,2023,401337108,1,9,0,11,11,8,3,0,0,4,0,0,0,0,1,1,6,6,3,-1,-1,1299,1,22,TOYOTA YARIS,-1,-1,0,-1
2023221323961,2023,221323961,2,9,0,4,4,4,8,0,0,1,0,0,0,0,2,1,5,6,2,25,5,1299,1,21,TOYOTA YARIS,8,E01028844,0,-1
2023010452046,2023,010452046,1,9,0,99,99,9,9,99,99,9,9,99,9,99,2,9,2,2,2,24,5,1329,1,9,TOYOTA YARIS,7,E01023345,0,-1
2023451316096,2023,451316096,1,9,0,18,19,1,5,0,0,0,0,0,0,0,1,1,6,6,1,51,8,1329,1,10,TOYOTA YARIS,9,E01022639,0,-1
2023131272128,2023,131272128,1,9,0,18,19,5,1,0,0,8,0,0,0,0,1,1,6,6,1,38,7,1329,1,13,TOYOTA YARIS,2,E01011000,0,-1
2023010483866,2023,010483866,1,9,0,9,9,7,5,0,0,1,0,0,1,11,1,1,6,6,1,21,5,1496,1,3,TOYOTA YARIS,2,E01003768,0,-1
2023061332507,2023,061332507,2,9,0,16,19,6,1,0,0,8,0,0,0,0,1,1,6,6,2,24,5,1329,1,11,TOYOTA YARIS,1,E01033258,0,-1
2023131354694,2023,131354694,1,9,0,18,19,7,3,0,0,8,0,0,0,0,1,1,6,6,1,99,11,1364,2,16,TOYOTA YARIS,-1,-1,0,-1
202360A189738,2023,60A189738,1,9,0,4,4,6,2,0,0,3,0,0,0,0,1,1,2,2,2,54,8,998,1,18,TOYOTA YARIS,-1,-1,0,-1
2023401349543,2023,401349543,2,9,0,18,19,6,2,0,0,1,0,0,0,0,1,1,2,2,2,26,6,1329,1,10,TOYOTA YARIS,9,E01017450,0,-1
2023411417590,2023,411417590,2,9,0,5,5,1,5,0,0,8,0,0,0,0,1,1,2,2,2,41,7,1329,1,8,TOYOTA YARIS,3,E01023310,0,-1
2023041332465,2023,041332465,2,9,0,4,4,4,8,0,0,0,0,0,0,0,2,1,5,6,1,37,7,1329,1,12,TOYOTA YARIS,3,E01025366,0,-1
2023471376379,2023,471376379,1,9,0,18,19,3,7,0,0,0,2,4,0,0,4,1,5,6,1,67,10,1299,1,20,TOYOTA YARIS,2,E01031341,0,-1
2023430140618,2023,430140618,1,9,0,16,19,5,8,0,0,0,0,0,7,9,1,1,2,2,1,47,8,998,1,15,TOYOTA YARIS,2,E01028513,0,-1
2023010452391,2023,010452391,1,9,0,7,7,5,8,0,0,8,0,0,0,0,4,1,6,6,1,42,7,1329,1,12,TOYOTA YARIS,3,E01004167,0,-1
2023061329245,2023,061329245,2,9,0,18,19,1,5,0,0,8,0,0,0,0,3,1,5,6,2,76,11,1496,1,4,TOYOTA YARIS,4,E01005499,0,-1
2023421374356,2023,421374356,1,9,0,1,1,1,5,0,0,0,0,0,0,0,2,1,6,6,3,-1,-1,1296,1,17,TOYOTA YARIS,-1,-1,0,-1
2023061288656,2023,061288656,1,9,0,8,8,-1,-1,0,0,-1,0,0,-1,0,1,1,3,7,2,-1,-1,1329,1,9,TOYOTA YARIS,5,E01004831,0,-1
2023211436163,2023,211436163,3,9,0,7,7,1,3,0,0,1,0,0,0,0,1,1,5,6,2,26,6,1296,1,16,TOYOTA YARIS,-1,-1,0,-1
2023302301006,2023,302301006,1,9,0,9,9,6,4,0,0,6,0,0,0,0,3,1,6,6,1,79,11,1496,1,6,TOYOTA YARIS,8,E01019454,0,-1
2023010419771,2023,010419771,1,9,0,5,5,7,3,0,0,1,0,0,1,0,1,1,6,6,2,78,11,1296,1,17,TOYOTA YARIS,-1,-1,0,-1
2023071040511,2023,071040511,2,9,0,18,19,3,7,0,0,2,0,10,0,10,4,1,6,6,2,56,9,1364,2,15,TOYOTA YARIS,8,E01018342,0,-1
2023010467102,2023,010467102,2,9,0,99,99,9,9,99,99,9,9,99,9,99,1,9,6,6,3,-1,-1,1329,1,11,TOYOTA YARIS,-1,-1,0,-1
2023010480255,2023,010480255,2,9,0,99,99,9,9,99,99,9,9,99,9,99,1,9,6,6,3,-1,-1,1497,8,8,TOYOTA YARIS,-1,-1,0,-1
2023061285981,2023,061285981,1,9,0,13,13,8,3,0,0,6,0,0,0,0,1,1,5,6,1,25,5,1296,1,15,TOYOTA YARIS,2,E01005122,0,-1
2023201392671,2023,201392671,1,9,0,16,19,1,4,0,0,1,1,10,2,11,1,1,2,2,1,20,4,1364,2,15,TOYOTA YARIS,1,E01033649,0,-1
2023531324510,2023,531324510,2,9,0,3,3,8,4,0,0,1,0,0,0,0,2,1,5,6,1,63,9,1497,8,10,TOYOTA YARIS,6,E01022268,0,-1
2023010425620,2023,010425620,2,9,0,99,99,9,9,99,99,9,9,99,9,99,9,9,6,6,2,34,6,1329,1,10,TOYOTA YARIS,7,E01004544,0,-1
2023991384528,2023,991384528,1,9,0,18,19,7,3,0,0,0,0,0,1,2,4,1,6,6,2,26,6,1490,8,2,TOYOTA YARIS,3,-1,0,-1
2023201291930,2023,201291930,2,9,0,9,9,1,7,0,0,5,0,0,0,0,2,1,6,6,1,42,7,1299,1,23,TOYOTA YARIS,6,E01031106,0,-1
2023461374169,2023,461374169,1,9,0,18,19,3,7,0,0,0,2,0,1,4,3,1,5,6,1,33,6,1296,1,17,TOYOTA YARIS,2,E01013678,0,-1
2023010442318,2023,010442318,2,9,0,9,9,1,6,0,0,1,0,0,0,0,1,1,3,7,2,35,6,1497,8,6,TOYOTA YARIS,1,E01001634,0,-1
2023010447569,2023,010447569,2,9,0,99,99,9,9,99,99,9,9,99,9,99,9,9,6,6,2,40,7,1497,8,6,TOYOTA YARIS,4,E01004668,0,-1
2023010447390,2023,010447390,1,9,0,18,19,1,5,0,0,2,0,0,0,0,1,1,6,6,1,84,11,1497,8,6,TOYOTA YARIS,5,E01003737,0,-1
2023351339961,2023,351339961,1,9,0,4,4,-1,-1,0,0,0,0,0,0,0,1,1,6,6,3,-1,-1,1329,1,7,TOYOTA YARIS,-1,-1,0,-1
2023041307227,2023,041307227,1,9,0,18,19,4,8,0,0,0,0,0,0,0,1,1,5,6,1,55,8,1363,2,18,TOYOTA YARIS,9,E01012583,0,-1
2023411328329,2023,411328329,2,9,0,18,19,3,6,0,0,0,0,0,0,0,1,1,5,6,1,81,11,1497,8,11,TOYOTA YARIS,9,E01023747,0,-1
2023131374841,2023,131374841,1,9,0,16,19,7,1,0,0,0,1,0,1,4,2,1,5,6,1,22,5,1296,1,16,TOYOTA YARIS,1,E01005485,0,-1
2023131298114,2023,131298114,1,9,0,9,9,1,7,0,0,6,0,0,0,0,1,1,6,6,1,36,7,1296,1,16,TOYOTA YARIS,2,E01010778,0,-1
2023471337367,2023,471337367,2,9,0,2,2,0,0,0,0,8,0,0,0,0,3,1,6,6,3,-1,-1,1490,8,0,TOYOTA YARIS,-1,-1,0,-1
2023221377463,2023,221377463,2,9,0,7,7,4,7,0,0,8,0,0,0,0,4,1,6,6,2,52,8,1490,8,2,TOYOTA YARIS,8,E01028981,0,-1
2023401394623,2023,401394623,1,9,0,18,19,3,7,0,0,1,0,0,0,0,1,1,5,6,1,44,7,1497,8,6,TOYOTA YARIS,4,E01015756,0,-1
2023351362125,2023,351362125,1,9,0,18,19,1,5,0,0,0,0,0,0,0,2,1,6,6,2,56,9,1497,8,4,TOYOTA YARIS,8,E01017983,0,-1
2023421376416,2023,421376416,1,9,0,16,19,1,3,0,0,0,0,10,8,2,1,1,6,6,1,41,7,1296,1,15,TOYOTA YARIS,8,E01003652,0,-1
2023461343609,2023,461343609,2,9,0,11,11,6,2,0,0,0,1,0,4,0,3,1,5,6,2,84,11,1329,1,14,TOYOTA YARIS,6,E01016125,0,-1
2023340WN5892,2023,340WN5892,5,9,0,18,19,3,7,0,0,0,1,0,0,0,1,1,2,2,2,29,6,1329,1,9,TOYOTA YARIS,-1,-1,0,-1
2023411354966,2023,411354966,1,9,0,18,19,1,5,0,0,0,0,0,0,0,2,1,6,6,2,45,7,1496,1,4,TOYOTA YARIS,8,E01004944,0,-1
2023070745903,2023,070745903,1,9,0,9,9,3,7,0,0,1,0,0,0,0,2,1,6,6,1,24,5,1364,2,9,TOYOTA YARIS,1,E01012480,0,-1
2023471349611,2023,471349611,1,9,0,-1,-1,6,2,0,0,2,0,0,0,0,1,1,6,6,1,21,5,998,1,11,TOYOTA YARIS,-1,-1,0,-1
2023010421355,2023,010421355,1,9,0,99,99,9,9,99,99,9,9,99,9,99,2,9,6,6,1,28,6,1497,8,9,TOYOTA YARIS,5,E01030663,0,-1
2023451363125,2023,451363125,1,9,0,18,19,1,1,0,0,0,1,0,0,0,1,1,2,2,1,48,8,1497,8,5,TOYOTA YARIS,3,E01002610,0,-1
2023430525822,2023,430525822,2,9,0,18,19,4,8,0,0,2,0,0,0,0,0,1,6,6,2,-1,-1,1296,1,17,TOYOTA YARIS,-1,-1,0,-1
2023211384373,2023,211384373,1,9,0,18,19,5,7,0,0,6,0,0,0,0,1,1,6,6,1,27,6,1296,1,17,TOYOTA YARIS,-1,-1,0,-1
2023041313930,2023,041313930,1,9,0,12,12,1,3,0,0,1,0,0,0,0,1,1,1,1,1,31,6,1497,8,7,TOYOTA YARIS,-1,-1,0,-1
2023141296054,2023,141296054,1,9,0,9,9,3,7,0,0,8,0,0,0,0,1,1,6,6,1,51,8,1329,1,8,TOYOTA YARIS,10,E01007861,0,-1
2023201410966,2023,201410966,2,9,0,9,9,4,2,0,0,0,0,0,0,0,0,1,6,6,2,57,9,1496,1,5,TOYOTA YARIS,10,E01009807,0,-1
2023501390728,2023,501390728,2,9,0,18,19,6,2,0,0,0,0,0,0,0,1,1,6,6,1,44,7,1329,1,10,TOYOTA YARIS,4,E01015178,0,-1
2023041296453,2023,041296453,2,9,0,18,19,5,1,0,0,8,0,0,1,0,1,1,5,6,2,45,7,1299,1,19,TOYOTA YARIS,9,E01025324,0,-1
2023061300489,2023,061300489,2,9,0,3,3,5,5,0,0,4,0,0,0,0,2,1,6,6,1,24,5,1299,1,18,TOYOTA YARIS,10,E01004792,0,-1
2023471312116,2023,471312116,1,9,0,17,19,2,7,0,0,0,0,0,0,0,3,1,1,1,2,56,9,1497,8,8,TOYOTA YARIS,6,E01001923,0,-1
2023010468736,2023,010468736,1,9,0,7,7,1,3,0,0,5,0,0,0,0,1,1,2,2,1,42,7,1497,8,8,TOYOTA YARIS,9,E01004133,0,-1
2023010433018,2023,010433018,1,9,0,12,12,7,3,0,0,0,1,11,0,0,1,1,6,6,1,43,7,1296,1,16,TOYOTA YARIS,4,E01004345,0,-1
2023340NN4592,2023,340NN4592,1,9,0,7,7,3,5,0,0,5,0,0,0,0,1,1,6,6,2,24,5,1496,1,5,TOYOTA YARIS,8,E01027332,0,-1
2023010442777,2023,010442777,2,9,0,99,99,9,9,99,99,9,9,99,9,99,1,9,6,6,3,-1,-1,1497,8,5,TOYOTA YARIS,-1,-1,0,-1
2023991258877,2023,991258877,1,9,0,18,19,2,6,0,0,1,0,0,7,1,4,1,5,6,1,24,5,1329,1,12,TOYOTA YARIS,1,-1,0,-1
2023552301181,2023,552301181,1,9,0,18,19,5,1,9,9,1,0,4,1,3,4,1,6,6,2,68,10,1329,1,12,TOYOTA YARIS,5,E01020584,0,-1
2023552301017,2023,552301017,1,9,0,18,19,4,8,0,0,0,0,0,0,0,1,1,6,6,2,33,6,1299,1,21,TOYOTA YARIS,-1,-1,0,-1
2023010431231,2023,010431231,1,9,0,12,12,1,5,0,0,1,0,0,0,0,3,1,6,6,1,40,7,1490,8,1,TOYOTA YARIS,9,E01019939,0,-1
2023161305051,2023,161305051,1,9,0,18,19,7,3,0,0,0,1,10,0,0,1,1,5,6,1,44,7,998,1,17,TOYOTA YARIS,1,E01012783,0,-1
2023201363236,2023,201363236,1,9,0,9,9,8,6,0,0,5,0,0,0,0,3,1,6,6,2,29,6,1496,1,6,TOYOTA YARIS,4,E01014169,0,-1
2023471345652,2023,471345652,1,9,0,11,11,5,1,0,0,0,0,0,1,7,2,1,2,2,2,52,8,1490,8,3,TOYOTA YARIS,7,E01016936,0,-1
2023461361496,2023,461361496,1,9,0,8,8,1,5,0,0,1,0,0,0,0,1,1,6,6,2,75,10,1497,8,4,TOYOTA YARIS,9,E01024785,0,-1
2023131274939,2023,131274939,2,9,0,16,19,4,8,0,0,0,0,0,0,0,3,1,5,6,2,25,5,1497,8,7,TOYOTA YARIS,6,E01011083,0,-1
2023061271059,2023,061271059,1,9,0,1,1,1,5,0,0,0,0,0,0,0,1,1,6,6,3,70,10,1329,1,7,TOYOTA YARIS,-1,-1,0,-1
2023010478670,2023,010478670,2,9,0,10,10,1,6,0,0,0,0,0,0,0,2,1,6,6,1,38,7,998,1,20,TOYOTA YARIS,2,E01001428,0,-1
2023010474034,2023,010474034,1,9,0,99,99,9,9,99,99,0,9,99,9,99,1,9,6,6,3,-1,-1,998,1,11,TOYOTA YARIS,-1,-1,0,-1
2023471337190,2023,471337190,1,9,0,18,19,3,7,0,0,1,0,0,0,0,1,1,5,6,2,71,10,1329,1,10,TOYOTA YARIS,2,E01002277,0,-1
2023031295512,2023,031295512,2,9,0,18,19,3,7,0,0,0,0,0,0,0,2,1,5,6,2,57,9,1299,1,18,TOYOTA YARIS,4,E01019252,0,-1
2023010441162,2023,010441162,2,9,0,9,9,8,6,0,0,1,0,0,0,0,4,1,6,6,2,48,8,1490,8,0,TOYOTA YARIS,5,E01001530,0,-1
2023101297333,2023,101297333,2,9,0,18,19,7,3,0,0,0,0,0,0,0,0,1,5,6,2,64,9,1364,2,7,TOYOTA YARIS,5,E01027373,0,-1
2023010476295,2023,010476295,1,9,0,12,12,1,5,0,0,0,0,0,0,0,3,1,2,2,1,20,4,1497,8,7,TOYOTA YARIS,1,E01002734,0,-1
2023531394166,2023,531394166,2,9,0,4,4,1,5,0,0,1,0,0,0,0,2,1,6,6,1,33,6,1364,2,13,TOYOTA YARIS,7,E01014907,0,-1
2023131332425,2023,131332425,2,9,0,2,2,0,0,0,0,1,0,0,0,0,2,1,6,6,3,-1,-1,1490,8,2,TOYOTA YARIS,-1,-1,0,-1
2023010459254,2023,010459254,1,9,0,99,99,9,9,99,99,9,9,99,9,99,9,9,6,6,2,54,8,1497,8,9,TOYOTA YARIS,4,E01024647,0,-1
2023451288771,2023,451288771,1,9,0,18,19,1,7,0,0,1,0,0,0,0,1,1,6,6,2,40,7,1497,8,5,TOYOTA YARIS,10,E01030955,0,-1
2023131330284,2023,131330284,1,9,0,18,19,7,3,0,0,1,0,0,0,0,1,1,6,6,1,47,8,1496,1,6,TOYOTA YARIS,8,E01011210,0,-1
2023141330250,2023,141330250,1,9,0,7,7,6,8,0,0,1,0,0,0,0,1,1,5,6,2,56,9,1329,1,10,TOYOTA YARIS,7,E01013017,0,-1
2023061285244,2023,061285244,1,9,0,17,19,-1,-1,0,0,0,0,0,0,0,3,1,6,6,2,30,6,1497,8,6,TOYOTA YARIS,1,E01032921,0,-1
2023430001231,2023,430001231,2,9,0,7,7,1,3,0,0,5,0,0,0,0,1,1,6,6,2,-1,-1,1296,1,15,TOYOTA YARIS,-1,-1,0,-1
2023070663111,2023,070663111,2,9,0,18,19,5,1,0,0,8,0,0,1,11,1,1,6,6,1,20,4,1490,8,1,TOYOTA YARIS,10,E01018587,0,-1
2023010484679,2023,010484679,2,9,0,99,99,9,9,99,99,9,9,99,9,99,1,9,6,6,3,39,7,1490,8,0,TOYOTA YARIS,6,E01003393,0,-1